token,exchange_timestamp,ltp,last_traded_quantity,avg_trade_price,volume,total_buy_qty,total_sell_qty,open,high,low,close,open_interest,upper_circuit,lower_circuit,52wk_high,52wk_low,buy_price_1,buy_qty_1,buy_orders_1,buy_price_2,buy_qty_2,buy_orders_2,buy_price_3,buy_qty_3,buy_orders_3,buy_price_4,buy_qty_4,buy_orders_4,buy_price_5,buy_qty_5,buy_orders_5,sell_price_1,sell_qty_1,sell_orders_1,sell_price_2,sell_qty_2,sell_orders_2,sell_price_3,sell_qty_3,sell_orders_3,sell_price_4,sell_qty_4,sell_orders_4,sell_price_5,sell_qty_5,sell_orders_5
11483,2026-07-02 09:15:10+05:30,4092.7,2,4100.2,14281,34782.0,57708.0,4100.0,4110.0,4092.6,4092.6,21692825,4501.8,3683.4,4440.0,3288.1,4092.7,19,1,4092.6,905,48,4092.5,12,1,4092.2,78,1,4092.0,634,20,4095.2,1,1,4095.3,52,3,4095.4,49,1,4095.5,60,2,4095.6,49,1
11483,2026-07-02 09:15:10+05:30,4095.5,7,4100.1,14544,35313.0,58103.0,4100.0,4110.0,4092.6,4092.6,21692825,4501.8,3683.4,4440.0,3288.1,4092.9,1,1,4092.7,3,1,4092.6,906,49,4092.5,12,1,4092.2,78,1,4095.3,49,1,4095.5,53,2,4095.6,75,3,4095.7,191,7,4095.8,122,3
11483,2026-07-02 09:15:11+05:30,4095.5,4,4100.1,14544,35313.0,58103.0,4100.0,4110.0,4092.6,4092.6,21692825,4501.8,3683.4,4440.0,3288.1,4092.9,1,1,4092.7,3,1,4092.6,906,49,4092.5,12,1,4092.2,78,1,4095.3,49,1,4095.5,53,2,4095.6,75,3,4095.7,191,7,4095.8,122,3
11483,2026-07-02 09:15:11+05:30,4095.7,18,4099.94,15026,36228.0,58253.0,4100.0,4110.0,4092.6,4092.6,21692825,4501.8,3683.4,4440.0,3288.1,4093.6,78,1,4092.7,3,1,4092.6,885,49,4092.5,12,1,4092.2,78,1,4095.7,75,7,4095.8,121,2,4095.9,279,2,4096.0,49,2,4096.1,49,1
11483,2026-07-02 09:15:12+05:30,4092.6,77,4099.87,15174,36830.0,58622.0,4100.0,4110.0,4092.6,4092.6,21692825,4501.8,3683.4,4440.0,3288.1,4092.7,20,1,4092.6,809,50,4092.5,12,1,4092.1,8,2,4092.0,635,21,4095.3,22,2,4095.5,19,1,4095.6,17,2,4095.7,75,6,4095.8,178,4
11483,2026-07-02 09:15:13+05:30,4095.7,1,4099.87,15174,36830.0,58622.0,4100.0,4110.0,4092.6,4092.6,21692825,4501.8,3683.4,4440.0,3288.1,4092.7,20,1,4092.6,809,50,4092.5,12,1,4092.1,8,2,4092.0,635,21,4095.3,22,2,4095.5,19,1,4095.6,17,2,4095.7,75,6,4095.8,178,4
11483,2026-07-02 09:15:13+05:30,4095.7,1,4099.74,15680,37104.0,58520.0,4100.0,4110.0,4092.6,4092.6,21692825,4501.8,3683.4,4440.0,3288.1,4093.3,22,2,4093.2,60,3,4092.7,8,1,4092.6,809,50,4092.5,12,1,4095.7,1,1,4095.8,101,2,4095.9,344,2,4096.1,24,1,4096.2,13,2
11483,2026-07-02 09:15:14+05:30,4094.5,3,4099.32,17692,37221.0,57473.0,4100.0,4110.0,4092.6,4092.6,21692825,4501.8,3683.4,4440.0,3288.1,4094.4,40,1,4094.2,3,1,4094.1,1,1,4093.6,18,2,4093.5,49,1,4096.7,21,2,4096.8,19,1,4096.9,32,1,4097.0,44,2,4097.1,3,1
11483,2026-07-02 09:15:15+05:30,4093.6,2,4099.32,17692,37221.0,57473.0,4100.0,4110.0,4092.6,4092.6,21692825,4501.8,3683.4,4440.0,3288.1,4094.4,40,1,4094.2,3,1,4094.1,1,1,4093.6,18,2,4093.5,49,1,4096.7,21,2,4096.8,19,1,4096.9,32,1,4097.0,44,2,4097.1,3,1
11483,2026-07-02 09:15:15+05:30,4096.2,1,4099.25,17953,37289.0,57912.0,4100.0,4110.0,4092.6,4092.6,21692825,4501.8,3683.4,4440.0,3288.1,4093.6,17,1,4093.4,60,5,4093.3,49,1,4093.2,84,3,4092.8,49,1,4096.2,1,1,4096.3,11,1,4096.6,39,1,4096.7,53,2,4096.9,45,3
11483,2026-07-02 09:15:16+05:30,4093.0,12,4098.15,21013,34299.0,58404.0,4100.0,4110.0,4090.0,4092.6,21692825,4501.8,3683.4,4440.0,3288.1,4090.2,11,4,4090.1,29,3,4090.0,494,9,4089.9,19,1,4089.6,1,1,4093.0,22,2,4093.1,71,2,4093.2,5,1,4093.3,61,2,4093.4,49,1
11483,2026-07-02 09:15:17+05:30,4091.7,1,4098.15,21013,34299.0,58404.0,4100.0,4110.0,4090.0,4092.6,21692825,4501.8,3683.4,4440.0,3288.1,4090.2,11,4,4090.1,29,3,4090.0,494,9,4089.9,19,1,4089.6,1,1,4093.0,22,2,4093.1,71,2,4093.2,5,1,4093.3,61,2,4093.4,49,1
11483,2026-07-02 09:15:17+05:30,4091.7,1,4098.03,21339,34804.0,59097.0,4100.0,4110.0,4090.0,4092.6,21692825,4501.8,3683.4,4440.0,3288.1,4090.1,20,1,4090.0,258,7,4089.4,3,1,4089.3,13,1,4089.2,16,1,4091.7,24,2,4092.1,55,3,4092.2,61,2,4092.3,49,1,4092.4,57,2
11483,2026-07-02 09:15:18+05:30,4087.5,8,4097.5,22517,33634.0,60127.0,4100.0,4110.0,4085.5,4092.6,21692825,4501.8,3683.4,4440.0,3288.1,4085.5,2,1,4085.4,16,1,4085.3,19,1,4085.0,127,9,4084.8,3,1,4087.4,22,2,4087.5,11,1,4087.6,73,2,4087.7,49,1,4087.8,49,1
11483,2026-07-02 09:15:19+05:30,4086.6,2,4097.5,22517,33634.0,60127.0,4100.0,4110.0,4085.5,4092.6,21692825,4501.8,3683.4,4440.0,3288.1,4085.5,2,1,4085.4,16,1,4085.3,19,1,4085.0,127,9,4084.8,3,1,4087.4,22,2,4087.5,11,1,4087.6,73,2,4087.7,49,1,4087.8,49,1
11483,2026-07-02 09:15:19+05:30,4082.9,5,4096.83,23777,34479.0,60953.0,4100.0,4110.0,4082.8,4092.6,21692825,4501.8,3683.4,4440.0,3288.1,4082.6,12,1,4082.4,19,1,4082.2,35,2,4082.0,144,7,4081.9,30,3,4086.0,48,3,4086.1,75,3,4086.2,66,4,4086.3,83,3,4086.4,49,1
11483,2026-07-02 09:15:20+05:30,4082.1,2,4096.83,23777,34479.0,60953.0,4100.0,4110.0,4082.8,4092.6,21692825,4501.8,3683.4,4440.0,3288.1,4082.6,12,1,4082.4,19,1,4082.2,35,2,4082.0,144,7,4081.9,30,3,4086.0,48,3,4086.1,75,3,4086.2,66,4,4086.3,83,3,4086.4,49,1
11483,2026-07-02 09:15:20+05:30,4083.5,19,4096.66,24063,33973.0,61879.0,4100.0,4110.0,4081.2,4092.6,21692825,4501.8,3683.4,4440.0,3288.1,4081.1,55,7,4081.0,74,6,4080.6,110,1,4080.2,3,1,4080.1,10,1,4083.4,37,3,4083.5,43,1,4083.6,25,2,4083.7,56,3,4083.8,74,3
11483,2026-07-02 09:15:22+05:30,4080.0,13,4096.32,24595,35352.0,62410.0,4100.0,4110.0,4080.0,4092.6,21692825,4501.8,3683.4,4440.0,3288.1,4080.0,2,1,4079.3,3,1,4079.2,53,2,4079.0,18,2,4078.8,17,1,4081.9,10,1,4082.4,38,2,4082.5,11,2,4082.6,6,1,4082.7,49,1
11483,2026-07-02 09:15:22+05:30,4082.1,6,4096.32,24595,35352.0,62410.0,4100.0,4110.0,4080.0,4092.6,21692825,4501.8,3683.4,4440.0,3288.1,4080.0,2,1,4079.3,3,1,4079.2,53,2,4079.0,18,2,4078.8,17,1,4081.9,10,1,4082.4,38,2,4082.5,11,2,4082.6,6,1,4082.7,49,1
11483,2026-07-02 09:15:23+05:30,4082.0,2,4095.87,25402,38001.0,62772.0,4100.0,4110.0,4079.0,4092.6,21692825,4501.8,3683.4,4440.0,3288.1,4082.0,21,3,4081.9,37,3,4081.8,52,2,4081.7,52,2,4081.6,3,1,4084.5,3,1,4084.6,32,1,4084.8,6,1,4084.9,5,1,4085.3,13,1
11483,2026-07-02 09:15:24+05:30,4081.2,1,4095.82,25486,38770.0,65082.0,4100.0,4110.0,4079.0,4092.6,21692825,4501.8,3683.4,4440.0,3288.1,4081.2,1,1,4081.1,17,1,4080.8,34,1,4080.7,17,1,4080.6,4,1,4083.5,3,1,4083.6,6,1,4083.7,36,1,4083.8,3,1,4083.9,3,1
11483,2026-07-02 09:15:24+05:30,4080.2,2,4095.82,25486,38770.0,65082.0,4100.0,4110.0,4079.0,4092.6,21692825,4501.8,3683.4,4440.0,3288.1,4081.2,1,1,4081.1,17,1,4080.8,34,1,4080.7,17,1,4080.6,4,1,4083.5,3,1,4083.6,6,1,4083.7,36,1,4083.8,3,1,4083.9,3,1
11483,2026-07-02 09:15:25+05:30,4081.6,2,4095.53,26026,41399.0,65197.0,4100.0,4110.0,4079.0,4092.6,21692825,4501.8,3683.4,4440.0,3288.1,4081.7,24,4,4081.6,25,2,4081.5,45,3,4081.4,5,1,4081.3,59,4,4084.1,3,1,4084.2,95,1,4084.7,5,1,4084.9,5,1,4085.2,19,1
11483,2026-07-02 09:15:26+05:30,4083.3,2,4095.32,26538,42822.0,64556.0,4100.0,4110.0,4079.0,4092.6,21692825,4501.8,3683.4,4440.0,3288.1,4083.6,36,1,4083.5,28,5,4083.4,49,1,4083.3,77,2,4083.2,71,2,4086.6,22,2,4086.7,37,1,4087.3,6,1,4087.4,17,1,4087.5,138,2
11483,2026-07-02 09:15:26+05:30,4083.6,38,4095.32,26538,42822.0,64556.0,4100.0,4110.0,4079.0,4092.6,21692825,4501.8,3683.4,4440.0,3288.1,4083.6,36,1,4083.5,28,5,4083.4,49,1,4083.3,77,2,4083.2,71,2,4086.6,22,2,4086.7,37,1,4087.3,6,1,4087.4,17,1,4087.5,138,2
11483,2026-07-02 09:15:27+05:30,4086.6,33,4095.22,26797,43424.0,64862.0,4100.0,4110.0,4079.0,4092.6,21692825,4501.8,3683.4,4440.0,3288.1,4084.4,61,5,4084.3,30,3,4084.2,42,3,4084.1,53,5,4084.0,2,1,4086.6,8,2,4086.7,14,1,4087.3,12,1,4087.4,26,1,4087.5,95,2
11483,2026-07-02 09:15:28+05:30,4087.8,77,4095.22,26797,43424.0,64862.0,4100.0,4110.0,4079.0,4092.6,21692825,4501.8,3683.4,4440.0,3288.1,4084.4,61,5,4084.3,30,3,4084.2,42,3,4084.1,53,5,4084.0,2,1,4086.6,8,2,4086.7,14,1,4087.3,12,1,4087.4,26,1,4087.5,95,2
11483,2026-07-02 09:15:28+05:30,4087.8,77,4094.99,27624,44031.0,64722.0,4100.0,4110.0,4079.0,4092.6,21692825,4501.8,3683.4,4440.0,3288.1,4087.2,114,5,4087.1,108,4,4087.0,49,1,4086.9,49,1,4086.8,7,2,4089.0,23,1,4089.5,24,1,4090.1,3,1,4090.2,23,1,4090.5,24,1
11483,2026-07-02 09:15:29+05:30,4085.9,8,4094.95,27774,43590.0,65856.0,4100.0,4110.0,4079.0,4092.6,21692825,4501.8,3683.4,4440.0,3288.1,4085.9,50,2,4085.8,19,1,4085.1,46,2,4085.0,4,1,4084.6,16,2,4088.1,22,2,4088.2,35,1,4088.6,17,1,4088.8,18,2,4088.9,60,2
11483,2026-07-02 09:15:30+05:30,4086.3,1,4094.95,27774,43590.0,65856.0,4100.0,4110.0,4079.0,4092.6,21692825,4501.8,3683.4,4440.0,3288.1,4085.9,50,2,4085.8,19,1,4085.1,46,2,4085.0,4,1,4084.6,16,2,4088.1,22,2,4088.2,35,1,4088.6,17,1,4088.8,18,2,4088.9,60,2
11483,2026-07-02 09:15:30+05:30,4086.3,9,4094.91,27887,44265.0,66329.0,4100.0,4110.0,4079.0,4092.6,21692825,4501.8,3683.4,4440.0,3288.1,4086.3,7,1,4086.2,21,2,4086.0,6,1,4085.9,29,3,4085.3,8,1,4088.1,50,3,4088.2,14,1,4088.5,3,1,4088.6,23,2,4088.7,6,1
11483,2026-07-02 09:15:31+05:30,4088.1,3,4094.9,27922,44424.0,66686.0,4100.0,4110.0,4079.0,4092.6,21692825,4501.8,3683.4,4440.0,3288.1,4087.2,8,1,4087.1,54,1,4087.0,6,1,4086.9,17,2,4086.2,1,1,4088.1,20,2,4088.2,14,1,4088.4,24,1,4088.6,17,1,4088.7,34,1
11483,2026-07-02 09:15:32+05:30,4089.0,2,4094.9,27922,44424.0,66686.0,4100.0,4110.0,4079.0,4092.6,21692825,4501.8,3683.4,4440.0,3288.1,4087.2,8,1,4087.1,54,1,4087.0,6,1,4086.9,17,2,4086.2,1,1,4088.1,20,2,4088.2,14,1,4088.4,24,1,4088.6,17,1,4088.7,34,1
11483,2026-07-02 09:15:33+05:30,4088.1,4,4094.85,28161,45342.0,67090.0,4100.0,4110.0,4079.0,4092.6,21692825,4501.8,3683.4,4440.0,3288.1,4087.6,59,1,4087.5,11,1,4087.0,5,1,4086.9,22,2,4086.5,47,3,4088.1,4,1,4089.0,25,2,4089.3,24,1,4089.5,24,1,4089.9,33,1
11483,2026-07-02 09:15:34+05:30,4087.5,1,4094.77,28447,45308.0,68640.0,4100.0,4110.0,4079.0,4092.6,21692825,4501.8,3683.4,4440.0,3288.1,4086.6,39,1,4086.4,39,1,4086.3,5,1,4086.2,1,1,4086.1,13,1,4087.5,41,3,4087.6,41,1,4087.8,33,1,4088.0,8,1,4088.1,1,1
11483,2026-07-02 09:15:34+05:30,4085.9,5,4094.77,28447,45308.0,68640.0,4100.0,4110.0,4079.0,4092.6,21692825,4501.8,3683.4,4440.0,3288.1,4086.6,39,1,4086.4,39,1,4086.3,5,1,4086.2,1,1,4086.1,13,1,4087.5,41,3,4087.6,41,1,4087.8,33,1,4088.0,8,1,4088.1,1,1
11483,2026-07-02 09:15:35+05:30,4085.9,5,4094.74,28565,44559.0,68847.0,4100.0,4110.0,4079.0,4092.6,21692825,4501.8,3683.4,4440.0,3288.1,4085.5,40,1,4085.4,20,1,4085.1,38,2,4085.0,7,2,4084.8,6,1,4087.5,47,4,4087.6,41,1,4087.9,3,1,4088.0,47,4,4088.1,68,3
11483,2026-07-02 09:15:36+05:30,4085.0,1,4094.69,28742,45033.0,69460.0,4100.0,4110.0,4079.0,4092.6,21692825,4501.8,3683.4,4440.0,3288.1,4085.1,20,1,4085.0,17,2,4084.3,19,1,4084.2,45,3,4084.1,10,2,4086.9,42,2,4087.1,22,1,4087.3,3,1,4087.4,72,3,4087.5,62,3
11483,2026-07-02 09:15:36+05:30,4085.1,3,4094.69,28742,45033.0,69460.0,4100.0,4110.0,4079.0,4092.6,21692825,4501.8,3683.4,4440.0,3288.1,4085.1,20,1,4085.0,17,2,4084.3,19,1,4084.2,45,3,4084.1,10,2,4086.9,42,2,4087.1,22,1,4087.3,3,1,4087.4,72,3,4087.5,62,3
11483,2026-07-02 09:15:37+05:30,4085.2,2,4094.66,28853,46151.0,69341.0,4100.0,4110.0,4079.0,4092.6,21692825,4501.8,3683.4,4440.0,3288.1,4086.0,29,1,4085.9,1,1,4085.1,4,1,4085.0,27,3,4084.2,26,2,4086.9,8,1,4087.1,43,4,4087.3,10,1,4087.4,69,3,4087.5,94,4
11483,2026-07-02 09:15:38+05:30,4089.0,7,4094.6,29098,47243.0,67444.0,4100.0,4110.0,4079.0,4092.6,21692825,4501.8,3683.4,4440.0,3288.1,4087.0,59,1,4086.9,29,1,4086.6,29,2,4086.1,6,1,4086.0,20,1,4089.0,47,4,4089.2,31,1,4089.3,19,1,4089.4,25,2,4089.5,48,2
11483,2026-07-02 09:15:38+05:30,4089.0,7,4094.6,29098,47243.0,67444.0,4100.0,4110.0,4079.0,4092.6,21692825,4501.8,3683.4,4440.0,3288.1,4087.0,59,1,4086.9,29,1,4086.6,29,2,4086.1,6,1,4086.0,20,1,4089.0,47,4,4089.2,31,1,4089.3,19,1,4089.4,25,2,4089.5,48,2
11483,2026-07-02 09:15:39+05:30,4087.6,1,4094.58,29172,47314.0,69281.0,4100.0,4110.0,4079.0,4092.6,21692825,4501.8,3683.4,4440.0,3288.1,4086.0,20,1,4085.9,19,3,4085.0,46,4,4084.3,27,2,4084.2,22,2,4087.8,133,6,4087.9,59,4,4088.0,49,1,4088.1,52,2,4088.2,3,1
11483,2026-07-02 09:15:40+05:30,4087.5,13,4094.58,29172,47314.0,69281.0,4100.0,4110.0,4079.0,4092.6,21692825,4501.8,3683.4,4440.0,3288.1,4086.0,20,1,4085.9,19,3,4085.0,46,4,4084.3,27,2,4084.2,22,2,4087.8,133,6,4087.9,59,4,4088.0,49,1,4088.1,52,2,4088.2,3,1
11483,2026-07-02 09:15:40+05:30,4087.5,13,4094.54,29328,47789.0,68420.0,4100.0,4110.0,4079.0,4092.6,21692825,4501.8,3683.4,4440.0,3288.1,4087.6,59,1,4087.4,18,2,4087.3,16,1,4086.9,31,1,4086.8,14,2,4089.0,21,2,4089.2,19,1,4089.5,24,1,4089.8,31,1,4089.9,24,1
11483,2026-07-02 09:15:41+05:30,4089.5,2,4094.5,29575,48920.0,68082.0,4100.0,4110.0,4079.0,4092.6,21692825,4501.8,3683.4,4440.0,3288.1,4089.5,24,1,4089.4,59,1,4089.1,4,1,4089.0,24,1,4088.4,38,3,4090.0,418,2,4090.2,23,1,4091.0,24,1,4091.3,3,1,4091.4,6,1
11483,2026-07-02 09:15:42+05:30,4089.5,2,4094.5,29575,48920.0,68082.0,4100.0,4110.0,4079.0,4092.6,21692825,4501.8,3683.4,4440.0,3288.1,4089.5,24,1,4089.4,59,1,4089.1,4,1,4089.0,24,1,4088.4,38,3,4090.0,418,2,4090.2,23,1,4091.0,24,1,4091.3,3,1,4091.4,6,1
11483,2026-07-02 09:15:42+05:30,4087.5,2,4094.47,29729,48517.0,69242.0,4100.0,4110.0,4079.0,4092.6,21692825,4501.8,3683.4,4440.0,3288.1,4087.5,58,2,4087.3,16,1,4086.8,20,1,4086.7,10,1,4086.6,35,3,4089.5,46,3,4089.6,32,1,4089.8,3,1,4089.9,20,1,4090.0,445,4
11483,2026-07-02 09:15:43+05:30,4085.9,6,4094.47,29729,48517.0,69242.0,4100.0,4110.0,4079.0,4092.6,21692825,4501.8,3683.4,4440.0,3288.1,4087.5,58,2,4087.3,16,1,4086.8,20,1,4086.7,10,1,4086.6,35,3,4089.5,46,3,4089.6,32,1,4089.8,3,1,4089.9,20,1,4090.0,445,4
11483,2026-07-02 09:15:44+05:30,4085.9,2,4094.33,30239,48335.0,70789.0,4100.0,4110.0,4079.0,4092.6,21692825,4501.8,3683.4,4440.0,3288.1,4085.9,44,2,4085.8,4,1,4085.7,4,1,4085.6,6,1,4085.4,18,2,4088.4,90,5,4088.5,24,1,4088.7,51,1,4088.8,32,2,4089.0,51,3
11483,2026-07-02 09:15:44+05:30,4088.0,1,4094.33,30239,48335.0,70789.0,4100.0,4110.0,4079.0,4092.6,21692825,4501.8,3683.4,4440.0,3288.1,4085.9,44,2,4085.8,4,1,4085.7,4,1,4085.6,6,1,4085.4,18,2,4088.4,90,5,4088.5,24,1,4088.7,51,1,4088.8,32,2,4089.0,51,3
11483,2026-07-02 09:15:45+05:30,4088.0,31,4094.26,30574,48568.0,70941.0,4100.0,4110.0,4079.0,4092.6,21692825,4501.8,3683.4,4440.0,3288.1,4085.6,32,1,4085.5,25,3,4085.4,43,2,4085.3,59,2,4085.2,23,3,4088.1,3,1,4088.3,80,2,4088.4,28,2,4088.5,6,1,4088.6,17,1
11483,2026-07-02 09:15:45+05:30,4087.2,1,4094.26,30574,48568.0,70941.0,4100.0,4110.0,4079.0,4092.6,21692825,4501.8,3683.4,4440.0,3288.1,4085.6,32,1,4085.5,25,3,4085.4,43,2,4085.3,59,2,4085.2,23,3,4088.1,3,1,4088.3,80,2,4088.4,28,2,4088.5,6,1,4088.6,17,1
11483,2026-07-02 09:15:46+05:30,4085.4,5,4094.24,30628,48195.0,71155.0,4100.0,4110.0,4079.0,4092.6,21692825,4501.8,3683.4,4440.0,3288.1,4085.4,7,1,4085.2,1,1,4085.1,300,1,4085.0,39,4,4084.2,34,2,4087.2,90,5,4087.5,75,3,4087.6,52,2,4087.7,69,3,4087.8,55,3
11483,2026-07-02 09:15:46+05:30,4087.2,1,4094.24,30628,48195.0,71155.0,4100.0,4110.0,4079.0,4092.6,21692825,4501.8,3683.4,4440.0,3288.1,4085.4,7,1,4085.2,1,1,4085.1,300,1,4085.0,39,4,4084.2,34,2,4087.2,90,5,4087.5,75,3,4087.6,52,2,4087.7,69,3,4087.8,55,3
11483,2026-07-02 09:15:47+05:30,4085.1,2,4094.23,30679,48490.0,71603.0,4100.0,4110.0,4079.0,4092.6,21692825,4501.8,3683.4,4440.0,3288.1,4085.1,288,1,4085.0,39,4,4084.2,34,2,4084.0,21,1,4083.9,6,1,4087.1,64,4,4087.2,19,4,4087.3,1,1,4087.4,31,2,4087.5,52,2
11483,2026-07-02 09:15:47+05:30,4085.1,2,4094.23,30679,48490.0,71603.0,4100.0,4110.0,4079.0,4092.6,21692825,4501.8,3683.4,4440.0,3288.1,4085.1,288,1,4085.0,39,4,4084.2,34,2,4084.0,21,1,4083.9,6,1,4087.1,64,4,4087.2,19,4,4087.3,1,1,4087.4,31,2,4087.5,52,2
11483,2026-07-02 09:15:48+05:30,4085.1,1,4094.22,30699,49115.0,71798.0,4100.0,4110.0,4079.0,4092.6,21692825,4501.8,3683.4,4440.0,3288.1,4085.1,287,1,4085.0,39,4,4084.2,18,1,4084.0,4,1,4083.9,16,1,4087.0,102,6,4087.1,18,3,4087.2,16,3,4087.3,1,1,4087.4,10,1
11483,2026-07-02 09:15:48+05:30,4085.1,4,4094.22,30699,49115.0,71798.0,4100.0,4110.0,4079.0,4092.6,21692825,4501.8,3683.4,4440.0,3288.1,4085.1,287,1,4085.0,39,4,4084.2,18,1,4084.0,4,1,4083.9,16,1,4087.0,102,6,4087.1,18,3,4087.2,16,3,4087.3,1,1,4087.4,10,1
11483,2026-07-02 09:15:49+05:30,4084.2,16,4094.11,31107,47587.0,72320.0,4100.0,4110.0,4079.0,4092.6,21692825,4501.8,3683.4,4440.0,3288.1,4083.1,12,1,4082.2,8,1,4082.1,125,3,4082.0,205,3,4081.9,4,1,4085.6,207,11,4085.7,75,3,4085.8,79,4,4085.9,60,3,4086.0,49,4
11483,2026-07-02 09:15:49+05:30,4084.2,16,4094.11,31107,47587.0,72320.0,4100.0,4110.0,4079.0,4092.6,21692825,4501.8,3683.4,4440.0,3288.1,4083.1,12,1,4082.2,8,1,4082.1,125,3,4082.0,205,3,4081.9,4,1,4085.6,207,11,4085.7,75,3,4085.8,79,4,4085.9,60,3,4086.0,49,4
11483,2026-07-02 09:15:50+05:30,4083.1,2,4094.11,31107,47587.0,72320.0,4100.0,4110.0,4079.0,4092.6,21692825,4501.8,3683.4,4440.0,3288.1,4083.1,12,1,4082.2,8,1,4082.1,125,3,4082.0,205,3,4081.9,4,1,4085.6,207,11,4085.7,75,3,4085.8,79,4,4085.9,60,3,4086.0,49,4
11483,2026-07-02 09:15:50+05:30,4084.9,16,4094.09,31153,48063.0,73154.0,4100.0,4110.0,4079.0,4092.6,21692825,4501.8,3683.4,4440.0,3288.1,4083.1,7,3,4082.2,5,1,4082.1,100,2,4082.0,201,2,4081.7,16,1,4084.9,119,7,4085.0,78,4,4085.1,54,3,4085.2,57,3,4085.3,3,2
11483,2026-07-02 09:15:51+05:30,4082.1,2,4094.09,31153,48063.0,73154.0,4100.0,4110.0,4079.0,4092.6,21692825,4501.8,3683.4,4440.0,3288.1,4083.1,7,3,4082.2,5,1,4082.1,100,2,4082.0,201,2,4081.7,16,1,4084.9,119,7,4085.0,78,4,4085.1,54,3,4085.2,57,3,4085.3,3,2
11483,2026-07-02 09:15:51+05:30,4082.1,2,4094.08,31210,47675.0,73298.0,4100.0,4110.0,4079.0,4092.6,21692825,4501.8,3683.4,4440.0,3288.1,4082.1,98,2,4082.0,201,2,4081.7,16,1,4081.2,13,2,4081.1,11,2,4084.5,50,6,4084.6,38,4,4084.7,63,4,4084.8,52,4,4084.9,85,6
11483,2026-07-02 09:15:52+05:30,4082.1,2,4094.08,31210,47675.0,73298.0,4100.0,4110.0,4079.0,4092.6,21692825,4501.8,3683.4,4440.0,3288.1,4082.1,98,2,4082.0,201,2,4081.7,16,1,4081.2,13,2,4081.1,11,2,4084.5,50,6,4084.6,38,4,4084.7,63,4,4084.8,52,4,4084.9,85,6
11483,2026-07-02 09:15:52+05:30,4082.1,2,4094.07,31213,47946.0,73592.0,4100.0,4110.0,4079.0,4092.6,21692825,4501.8,3683.4,4440.0,3288.1,4082.1,96,2,4082.0,202,3,4081.7,16,1,4081.2,5,1,4081.1,9,1,4084.2,118,5,4084.3,67,4,4084.4,54,3,4084.5,88,5,4084.6,5,2
11483,2026-07-02 09:15:53+05:30,4084.2,10,4094.05,31289,48598.0,73618.0,4100.0,4110.0,4079.0,4092.6,21692825,4501.8,3683.4,4440.0,3288.1,4082.1,83,2,4082.0,202,3,4081.8,5,1,4081.7,16,1,4081.6,8,1,4084.2,33,4,4084.3,1,1,4084.4,2,1,4084.5,28,3,4084.6,5,2
11483,2026-07-02 09:15:54+05:30,4082.1,7,4094.05,31289,48598.0,73618.0,4100.0,4110.0,4079.0,4092.6,21692825,4501.8,3683.4,4440.0,3288.1,4082.1,83,2,4082.0,202,3,4081.8,5,1,4081.7,16,1,4081.6,8,1,4084.2,33,4,4084.3,1,1,4084.4,2,1,4084.5,28,3,4084.6,5,2
11483,2026-07-02 09:15:55+05:30,4082.1,7,4094.05,31299,48380.0,74324.0,4100.0,4110.0,4079.0,4092.6,21692825,4501.8,3683.4,4440.0,3288.1,4082.1,74,2,4082.0,202,3,4081.2,8,1,4081.0,165,6,4080.9,24,1,4084.1,80,5,4084.2,34,3,4084.3,1,1,4084.4,19,2,4084.5,36,5
11483,2026-07-02 09:15:56+05:30,4084.4,1,4093.89,31808,48296.0,74513.0,4100.0,4110.0,4079.0,4092.6,21692825,4501.8,3683.4,4440.0,3288.1,4082.1,76,3,4082.0,202,3,4081.2,17,3,4081.1,6,1,4081.0,161,5,4084.4,65,5,4084.5,14,3,4084.6,5,2,4084.7,86,4,4084.8,52,4
11483,2026-07-02 09:15:56+05:30,4082.1,2,4093.89,31808,48296.0,74513.0,4100.0,4110.0,4079.0,4092.6,21692825,4501.8,3683.4,4440.0,3288.1,4082.1,76,3,4082.0,202,3,4081.2,17,3,4081.1,6,1,4081.0,161,5,4084.4,65,5,4084.5,14,3,4084.6,5,2,4084.7,86,4,4084.8,52,4
11483,2026-07-02 09:15:57+05:30,4083.9,1,4093.88,31831,49170.0,74505.0,4100.0,4110.0,4079.0,4092.6,21692825,4501.8,3683.4,4440.0,3288.1,4082.1,70,2,4082.0,202,3,4081.1,4,1,4081.0,83,4,4080.8,53,3,4083.9,69,5,4084.0,26,2,4084.1,5,2,4084.2,2,1,4084.3,58,2
11483,2026-07-02 09:15:58+05:30,4083.9,1,4093.81,32032,49414.0,74524.0,4100.0,4110.0,4079.0,4092.6,21692825,4501.8,3683.4,4440.0,3288.1,4082.1,158,3,4082.0,217,4,4081.6,16,1,4081.1,4,1,4081.0,83,4,4083.9,27,5,4084.0,26,2,4084.1,40,3,4084.2,2,1,4084.3,20,2
11483,2026-07-02 09:15:58+05:30,4084.1,35,4093.81,32032,49414.0,74524.0,4100.0,4110.0,4079.0,4092.6,21692825,4501.8,3683.4,4440.0,3288.1,4082.1,158,3,4082.0,217,4,4081.6,16,1,4081.1,4,1,4081.0,83,4,4083.9,27,5,4084.0,26,2,4084.1,40,3,4084.2,2,1,4084.3,20,2
11483,2026-07-02 09:15:58+05:30,4084.1,35,4093.81,32032,49414.0,74524.0,4100.0,4110.0,4079.0,4092.6,21692825,4501.8,3683.4,4440.0,3288.1,4082.1,158,3,4082.0,217,4,4081.6,16,1,4081.1,4,1,4081.0,83,4,4083.9,27,5,4084.0,26,2,4084.1,40,3,4084.2,2,1,4084.3,20,2
11483,2026-07-02 09:15:59+05:30,4084.1,35,4093.81,32032,49414.0,74524.0,4100.0,4110.0,4079.0,4092.6,21692825,4501.8,3683.4,4440.0,3288.1,4082.1,158,3,4082.0,217,4,4081.6,16,1,4081.1,4,1,4081.0,83,4,4083.9,27,5,4084.0,26,2,4084.1,40,3,4084.2,2,1,4084.3,20,2
11483,2026-07-02 09:15:59+05:30,4082.9,2,4093.78,32135,49992.0,73591.0,4100.0,4110.0,4079.0,4092.6,21692825,4501.8,3683.4,4440.0,3288.1,4082.9,9,1,4082.8,13,2,4082.7,11,1,4082.6,10,1,4082.5,38,2,4084.0,87,4,4084.1,1,1,4084.5,10,1,4084.8,2,1,4084.9,20,2
11483,2026-07-02 09:15:59+05:30,4082.9,2,4093.78,32135,49992.0,73591.0,4100.0,4110.0,4079.0,4092.6,21692825,4501.8,3683.4,4440.0,3288.1,4082.9,9,1,4082.8,13,2,4082.7,11,1,4082.6,10,1,4082.5,38,2,4084.0,87,4,4084.1,1,1,4084.5,10,1,4084.8,2,1,4084.9,20,2
11483,2026-07-02 09:16:00+05:30,4082.9,2,4093.78,32135,49992.0,73591.0,4100.0,4110.0,4079.0,4092.6,21692825,4501.8,3683.4,4440.0,3288.1,4082.9,9,1,4082.8,13,2,4082.7,11,1,4082.6,10,1,4082.5,38,2,4084.0,87,4,4084.1,1,1,4084.5,10,1,4084.8,2,1,4084.9,20,2
11483,2026-07-02 09:16:00+05:30,4084.9,1,4093.7,32408,51021.0,73549.0,4100.0,4110.0,4079.0,4092.6,21692825,4501.8,3683.4,4440.0,3288.1,4083.9,8,1,4083.4,22,2,4083.3,5,1,4083.2,34,1,4083.1,1,1,4084.9,55,3,4085.0,79,3,4085.1,2,1,4085.2,2,1,4085.3,2,1
11483,2026-07-02 09:16:00+05:30,4084.9,1,4093.7,32408,51021.0,73549.0,4100.0,4110.0,4079.0,4092.6,21692825,4501.8,3683.4,4440.0,3288.1,4083.9,8,1,4083.4,22,2,4083.3,5,1,4083.2,34,1,4083.1,1,1,4084.9,55,3,4085.0,79,3,4085.1,2,1,4085.2,2,1,4085.3,2,1
11483,2026-07-02 09:16:00+05:30,4084.9,1,4093.7,32408,51021.0,73549.0,4100.0,4110.0,4079.0,4092.6,21692825,4501.8,3683.4,4440.0,3288.1,4083.9,8,1,4083.4,22,2,4083.3,5,1,4083.2,34,1,4083.1,1,1,4084.9,55,3,4085.0,79,3,4085.1,2,1,4085.2,2,1,4085.3,2,1
11483,2026-07-02 09:16:01+05:30,4084.9,1,4093.7,32408,51021.0,73549.0,4100.0,4110.0,4079.0,4092.6,21692825,4501.8,3683.4,4440.0,3288.1,4083.9,8,1,4083.4,22,2,4083.3,5,1,4083.2,34,1,4083.1,1,1,4084.9,55,3,4085.0,79,3,4085.1,2,1,4085.2,2,1,4085.3,2,1
11483,2026-07-02 09:16:01+05:30,4083.9,2,4093.69,32433,51808.0,73955.0,4100.0,4110.0,4079.0,4092.6,21692825,4501.8,3683.4,4440.0,3288.1,4083.9,32,3,4083.4,48,2,4083.0,53,2,4082.9,1,1,4082.8,22,2,4084.9,78,5,4085.0,79,3,4085.1,2,1,4085.2,2,1,4085.3,2,1
11483,2026-07-02 09:16:01+05:30,4083.9,2,4093.69,32433,51808.0,73955.0,4100.0,4110.0,4079.0,4092.6,21719950,4501.8,3683.4,4440.0,3288.1,4083.9,32,3,4083.4,48,2,4083.0,53,2,4082.9,1,1,4082.8,22,2,4084.9,78,5,4085.0,79,3,4085.1,2,1,4085.2,2,1,4085.3,2,1
11483,2026-07-02 09:16:02+05:30,4083.9,2,4093.69,32433,51808.0,73955.0,4100.0,4110.0,4079.0,4092.6,21719950,4501.8,3683.4,4440.0,3288.1,4083.9,32,3,4083.4,48,2,4083.0,53,2,4082.9,1,1,4082.8,22,2,4084.9,78,5,4085.0,79,3,4085.1,2,1,4085.2,2,1,4085.3,2,1
11483,2026-07-02 09:16:02+05:30,4084.0,1,4093.69,32433,51808.0,73955.0,4100.0,4110.0,4079.0,4092.6,21719950,4501.8,3683.4,4440.0,3288.1,4083.9,32,3,4083.4,48,2,4083.0,53,2,4082.9,1,1,4082.8,22,2,4084.9,78,5,4085.0,79,3,4085.1,2,1,4085.2,2,1,4085.3,2,1
11483,2026-07-02 09:16:02+05:30,4084.0,1,4093.69,32433,51808.0,73955.0,4100.0,4110.0,4079.0,4092.6,21719950,4501.8,3683.4,4440.0,3288.1,4083.9,32,3,4083.4,48,2,4083.0,53,2,4082.9,1,1,4082.8,22,2,4084.9,78,5,4085.0,79,3,4085.1,2,1,4085.2,2,1,4085.3,2,1
11483,2026-07-02 09:16:02+05:30,4084.1,1,4093.69,32438,52364.0,74322.0,4100.0,4110.0,4079.0,4092.6,21719950,4501.8,3683.4,4440.0,3288.1,4084.1,29,1,4084.0,19,1,4083.9,30,3,4083.4,48,2,4082.9,26,2,4084.9,77,5,4085.0,79,3,4085.1,2,1,4085.2,2,1,4085.3,2,1
11483,2026-07-02 09:16:02+05:30,4084.1,1,4093.69,32438,52364.0,74322.0,4100.0,4110.0,4079.0,4092.6,21719950,4501.8,3683.4,4440.0,3288.1,4084.1,29,1,4084.0,19,1,4083.9,30,3,4083.4,48,2,4082.9,26,2,4084.9,77,5,4085.0,79,3,4085.1,2,1,4085.2,2,1,4085.3,2,1
11483,2026-07-02 09:16:03+05:30,4084.1,1,4093.69,32438,52364.0,74322.0,4100.0,4110.0,4079.0,4092.6,21719950,4501.8,3683.4,4440.0,3288.1,4084.1,29,1,4084.0,19,1,4083.9,30,3,4083.4,48,2,4082.9,26,2,4084.9,77,5,4085.0,79,3,4085.1,2,1,4085.2,2,1,4085.3,2,1
11483,2026-07-02 09:16:03+05:30,4084.9,1,4093.68,32484,52169.0,74561.0,4100.0,4110.0,4079.0,4092.6,21719950,4501.8,3683.4,4440.0,3288.1,4084.1,23,1,4083.9,70,4,4083.4,48,2,4083.0,4,1,4082.9,26,2,4084.9,76,5,4085.0,78,3,4085.4,2,1,4085.5,2,1,4085.6,16,2
11483,2026-07-02 09:16:04+05:30,4084.9,1,4093.68,32484,52169.0,74561.0,4100.0,4110.0,4079.0,4092.6,21719950,4501.8,3683.4,4440.0,3288.1,4084.1,23,1,4083.9,70,4,4083.4,48,2,4083.0,4,1,4082.9,26,2,4084.9,76,5,4085.0,78,3,4085.4,2,1,4085.5,2,1,4085.6,16,2
11483,2026-07-02 09:16:04+05:30,4084.9,13,4093.67,32498,52527.0,74281.0,4100.0,4110.0,4079.0,4092.6,21719950,4501.8,3683.4,4440.0,3288.1,4084.1,23,1,4083.9,70,4,4083.4,48,2,4083.0,5,2,4082.9,26,2,4084.9,62,5,4085.0,83,4,4085.4,2,1,4085.5,2,1,4085.6,16,2
11483,2026-07-02 09:16:06+05:30,4083.1,5,4093.54,32964,52760.0,73996.0,4100.0,4110.0,4079.0,4092.6,21719950,4501.8,3683.4,4440.0,3288.1,4083.2,41,4,4083.1,46,5,4083.0,25,4,4082.9,43,4,4082.8,16,1,4084.9,28,3,4085.0,83,4,4085.4,2,1,4085.5,2,1,4085.6,16,2
11483,2026-07-02 09:16:06+05:30,4084.9,3,4093.54,32964,52760.0,73996.0,4100.0,4110.0,4079.0,4092.6,21719950,4501.8,3683.4,4440.0,3288.1,4083.2,41,4,4083.1,46,5,4083.0,25,4,4082.9,43,4,4082.8,16,1,4084.9,28,3,4085.0,83,4,4085.4,2,1,4085.5,2,1,4085.6,16,2
11483,2026-07-02 09:16:07+05:30,4084.9,20,4093.49,33160,53857.0,73258.0,4100.0,4110.0,4079.0,4092.6,21719950,4501.8,3683.4,4440.0,3288.1,4084.3,20,1,4084.2,42,2,4084.1,6,2,4084.0,22,2,4083.9,20,3,4084.9,18,1,4085.0,82,3,4085.6,14,1,4086.7,14,1,4087.0,52,2
11483,2026-07-02 09:16:08+05:30,4085.6,14,4093.43,33376,53904.0,73115.0,4100.0,4110.0,4079.0,4092.6,21719950,4501.8,3683.4,4440.0,3288.1,4085.5,59,1,4085.3,1,1,4085.2,20,3,4085.0,64,2,4084.9,18,2,4085.6,14,1,4086.7,14,1,4087.1,11,1,4087.6,11,1,4087.9,30,1
11483,2026-07-02 09:16:08+05:30,4085.6,2,4093.43,33376,53904.0,73115.0,4100.0,4110.0,4079.0,4092.6,21719950,4501.8,3683.4,4440.0,3288.1,4085.5,59,1,4085.3,1,1,4085.2,20,3,4085.0,64,2,4084.9,18,2,4085.6,14,1,4086.7,14,1,4087.1,11,1,4087.6,11,1,4087.9,30,1
11483,2026-07-02 09:16:09+05:30,4085.6,12,4093.36,33696,54494.0,73172.0,4100.0,4110.0,4079.0,4092.6,21719950,4501.8,3683.4,4440.0,3288.1,4085.6,19,1,4085.5,16,2,4085.3,7,1,4085.2,13,1,4085.1,4,1,4087.6,48,5,4087.7,26,2,4087.8,5,2,4087.9,33,4,4088.0,25,2
11483,2026-07-02 09:16:10+05:30,4084.7,12,4093.29,34008,54424.0,74005.0,4100.0,4110.0,4079.0,4092.6,21719950,4501.8,3683.4,4440.0,3288.1,4084.7,30,1,4084.6,15,2,4084.5,11,1,4084.2,31,1,4084.1,4,2,4087.1,59,6,4087.2,77,6,4087.3,16,3,4087.4,41,4,4087.5,25,3
11483,2026-07-02 09:16:10+05:30,4084.7,12,4093.29,34008,54424.0,74005.0,4100.0,4110.0,4079.0,4092.6,21719950,4501.8,3683.4,4440.0,3288.1,4084.7,30,1,4084.6,15,2,4084.5,11,1,4084.2,31,1,4084.1,4,2,4087.1,59,6,4087.2,77,6,4087.3,16,3,4087.4,41,4,4087.5,25,3
11483,2026-07-02 09:16:11+05:30,4086.9,5,4093.28,34013,54403.0,74085.0,4100.0,4110.0,4079.0,4092.6,21719950,4501.8,3683.4,4440.0,3288.1,4084.7,30,1,4084.6,15,2,4084.5,11,1,4084.2,4,1,4084.1,1,1,4086.9,114,7,4087.0,13,3,4087.1,19,4,4087.2,10,3,4087.3,5,2
11483,2026-07-02 09:16:12+05:30,4085.6,1,4093.28,34013,54403.0,74085.0,4100.0,4110.0,4079.0,4092.6,21719950,4501.8,3683.4,4440.0,3288.1,4084.7,30,1,4084.6,15,2,4084.5,11,1,4084.2,4,1,4084.1,1,1,4086.9,114,7,4087.0,13,3,4087.1,19,4,4087.2,10,3,4087.3,5,2
11483,2026-07-02 09:16:12+05:30,4085.6,1,4093.28,34014,54423.0,73902.0,4100.0,4110.0,4079.0,4092.6,21719950,4501.8,3683.4,4440.0,3288.1,4084.7,29,1,4084.6,36,4,4084.3,21,1,4084.1,30,2,4084.0,65,4,4086.5,9,1,4086.6,23,3,4086.7,12,2,4086.8,12,2,4086.9,18,3
11483,2026-07-02 09:16:13+05:30,4086.9,7,4093.28,34044,54309.0,73878.0,4100.0,4110.0,4079.0,4092.6,21719950,4501.8,3683.4,4440.0,3288.1,4084.9,20,1,4084.8,4,1,4084.5,17,2,4084.3,4,1,4084.2,17,2,4086.7,9,1,4086.8,25,3,4086.9,27,3,4087.0,5,2,4087.1,5,2
11483,2026-07-02 09:16:14+05:30,4085.0,22,4093.28,34044,54309.0,73878.0,4100.0,4110.0,4079.0,4092.6,21719950,4501.8,3683.4,4440.0,3288.1,4084.9,20,1,4084.8,4,1,4084.5,17,2,4084.3,4,1,4084.2,17,2,4086.7,9,1,4086.8,25,3,4086.9,27,3,4087.0,5,2,4087.1,5,2
11483,2026-07-02 09:16:14+05:30,4085.0,22,4093.27,34068,54621.0,73790.0,4100.0,4110.0,4079.0,4092.6,21719950,4501.8,3683.4,4440.0,3288.1,4085.0,27,1,4084.9,32,3,4084.8,9,1,4084.7,15,3,4084.6,12,2,4086.7,14,3,4086.8,3,1,4086.9,5,2,4087.0,8,1,4087.3,3,1
11483,2026-07-02 09:16:15+05:30,4087.4,1,4093.27,34080,54591.0,73592.0,4100.0,4110.0,4079.0,4092.6,21719950,4501.8,3683.4,4440.0,3288.1,4085.7,66,2,4085.6,10,1,4085.5,14,3,4085.4,45,2,4085.1,24,2,4087.4,22,3,4087.5,3,1,4087.6,90,3,4087.7,91,2,4087.8,87,3
11483,2026-07-02 09:16:16+05:30,4087.4,1,4093.27,34080,54591.0,73592.0,4100.0,4110.0,4079.0,4092.6,21719950,4501.8,3683.4,4440.0,3288.1,4085.7,66,2,4085.6,10,1,4085.5,14,3,4085.4,45,2,4085.1,24,2,4087.4,22,3,4087.5,3,1,4087.6,90,3,4087.7,91,2,4087.8,87,3
11483,2026-07-02 09:16:17+05:30,4087.4,1,4093.27,34081,54673.0,73678.0,4100.0,4110.0,4079.0,4092.6,21719950,4501.8,3683.4,4440.0,3288.1,4085.7,39,1,4085.6,10,1,4085.5,28,4,4085.4,30,1,4085.1,16,1,4087.4,2,1,4087.5,23,1,4087.6,84,1,4087.7,67,1,4087.8,86,3
11483,2026-07-02 09:16:18+05:30,4087.5,22,4093.27,34106,54523.0,73802.0,4100.0,4110.0,4079.0,4092.6,21719950,4501.8,3683.4,4440.0,3288.1,4086.1,47,2,4086.0,15,1,4085.6,29,3,4085.5,14,3,4085.1,16,1,4087.4,3,1,4087.5,17,2,4087.6,90,2,4087.7,69,2,4087.8,77,2
11483,2026-07-02 09:16:18+05:30,4087.6,175,4093.27,34106,54523.0,73802.0,4100.0,4110.0,4079.0,4092.6,21719950,4501.8,3683.4,4440.0,3288.1,4086.1,47,2,4086.0,15,1,4085.6,29,3,4085.5,14,3,4085.1,16,1,4087.4,3,1,4087.5,17,2,4087.6,90,2,4087.7,69,2,4087.8,77,2
11483,2026-07-02 09:16:19+05:30,4087.7,67,4093.2,34539,57071.0,72313.0,4100.0,4110.0,4079.0,4092.6,21719950,4501.8,3683.4,4440.0,3288.1,4087.2,63,2,4087.1,14,2,4087.0,16,1,4086.9,3,1,4086.8,19,1,4087.7,67,1,4087.8,67,1,4087.9,82,1,4088.0,16,1,4089.1,15,1
11483,2026-07-02 09:16:20+05:30,4087.7,10,4093.19,34599,56887.0,72290.0,4100.0,4110.0,4079.0,4092.6,21719950,4501.8,3683.4,4440.0,3288.1,4087.2,63,2,4087.1,8,1,4086.9,3,1,4086.8,43,3,4086.7,18,1,4087.7,7,1,4087.8,67,1,4087.9,82,1,4088.0,16,1,4089.1,15,1
11483,2026-07-02 09:16:20+05:30,4087.7,10,4093.19,34599,56887.0,72290.0,4100.0,4110.0,4079.0,4092.6,21719950,4501.8,3683.4,4440.0,3288.1,4087.2,63,2,4087.1,8,1,4086.9,3,1,4086.8,43,3,4086.7,18,1,4087.7,7,1,4087.8,67,1,4087.9,82,1,4088.0,16,1,4089.1,15,1
11483,2026-07-02 09:16:21+05:30,4087.1,8,4093.17,34670,56497.0,73833.0,4100.0,4110.0,4079.0,4092.6,21719950,4501.8,3683.4,4440.0,3288.1,4086.8,39,1,4086.7,19,2,4086.2,7,1,4086.1,32,2,4086.0,16,2,4087.0,929,1,4087.2,5,1,4087.7,7,1,4087.8,73,2,4087.9,82,1
11483,2026-07-02 09:16:22+05:30,4087.1,8,4093.17,34670,56497.0,73833.0,4100.0,4110.0,4079.0,4092.6,21719950,4501.8,3683.4,4440.0,3288.1,4086.8,39,1,4086.7,19,2,4086.2,7,1,4086.1,32,2,4086.0,16,2,4087.0,929,1,4087.2,5,1,4087.7,7,1,4087.8,73,2,4087.9,82,1
11483,2026-07-02 09:16:22+05:30,4087.1,8,4093.17,34670,56559.0,74155.0,4100.0,4110.0,4079.0,4092.6,21719950,4501.8,3683.4,4440.0,3288.1,4086.8,39,1,4086.7,19,2,4086.5,16,1,4086.2,7,1,4086.1,32,2,4087.0,929,1,4087.2,5,1,4087.7,7,1,4087.8,73,2,4087.9,82,1
11483,2026-07-02 09:16:23+05:30,4087.0,25,4093.17,34695,56233.0,74125.0,4100.0,4110.0,4079.0,4092.6,21719950,4501.8,3683.4,4440.0,3288.1,4086.8,39,1,4086.7,19,2,4086.5,16,1,4086.1,40,3,4086.0,37,4,4087.0,904,1,4087.2,5,1,4087.7,7,1,4087.8,73,2,4087.9,82,1
11483,2026-07-02 09:16:24+05:30,4086.8,5,4093.17,34695,56233.0,74125.0,4100.0,4110.0,4079.0,4092.6,21719950,4501.8,3683.4,4440.0,3288.1,4086.8,39,1,4086.7,19,2,4086.5,16,1,4086.1,40,3,4086.0,37,4,4087.0,904,1,4087.2,5,1,4087.7,7,1,4087.8,73,2,4087.9,82,1
11483,2026-07-02 09:16:24+05:30,4086.8,5,4093.17,34703,56494.0,74493.0,4100.0,4110.0,4079.0,4092.6,21719950,4501.8,3683.4,4440.0,3288.1,4086.8,32,1,4086.2,7,1,4086.1,8,1,4086.0,21,3,4085.9,20,1,4087.0,922,3,4087.7,7,1,4087.8,67,1,4087.9,82,1,4088.0,16,1
11483,2026-07-02 09:16:25+05:30,4087.0,3,4093.17,34711,56638.0,74457.0,4100.0,4110.0,4079.0,4092.6,21719950,4501.8,3683.4,4440.0,3288.1,4086.9,52,1,4086.2,7,1,4086.1,8,1,4086.0,21,3,4085.9,20,1,4087.0,914,3,4087.7,7,1,4087.8,67,1,4087.9,82,1,4088.0,16,1
11483,2026-07-02 09:16:26+05:30,4086.2,1,4093.17,34711,56638.0,74457.0,4100.0,4110.0,4079.0,4092.6,21719950,4501.8,3683.4,4440.0,3288.1,4086.9,52,1,4086.2,7,1,4086.1,8,1,4086.0,21,3,4085.9,20,1,4087.0,914,3,4087.7,7,1,4087.8,67,1,4087.9,82,1,4088.0,16,1
11483,2026-07-02 09:16:27+05:30,4086.2,1,4093.16,34772,56592.0,74724.0,4100.0,4110.0,4079.0,4092.6,21719950,4501.8,3683.4,4440.0,3288.1,4086.2,12,1,4086.1,8,1,4086.0,21,3,4085.8,6,1,4085.6,25,3,4087.0,854,3,4087.7,7,1,4087.8,67,1,4087.9,82,1,4088.0,19,2
11483,2026-07-02 09:16:28+05:30,4087.0,10,4093.15,34804,56836.0,74770.0,4100.0,4110.0,4079.0,4092.6,21719950,4501.8,3683.4,4440.0,3288.1,4086.2,12,1,4086.1,8,1,4086.0,21,3,4085.9,6,1,4085.8,6,1,4087.0,822,3,4087.3,6,1,4087.7,7,1,4087.8,70,2,4087.9,85,2
11483,2026-07-02 09:16:28+05:30,4087.0,10,4093.15,34804,56836.0,74770.0,4100.0,4110.0,4079.0,4092.6,21719950,4501.8,3683.4,4440.0,3288.1,4086.2,12,1,4086.1,8,1,4086.0,21,3,4085.9,6,1,4085.8,6,1,4087.0,822,3,4087.3,6,1,4087.7,7,1,4087.8,70,2,4087.9,85,2
11483,2026-07-02 09:16:29+05:30,4085.7,4,4093.11,34982,54611.0,76431.0,4100.0,4110.0,4079.0,4092.6,21719950,4501.8,3683.4,4440.0,3288.1,4083.6,30,1,4083.5,14,2,4083.4,4,2,4083.3,3,1,4083.1,25,1,4085.5,17,1,4085.6,11,1,4085.8,70,5,4085.9,26,2,4086.0,2,1
11483,2026-07-02 09:16:30+05:30,4083.0,2,4093.06,35147,54095.0,78384.0,4100.0,4110.0,4079.0,4092.6,21719950,4501.8,3683.4,4440.0,3288.1,4082.2,11,1,4082.1,225,8,4082.0,206,4,4081.9,1,1,4081.8,23,1,4084.1,5,1,4084.2,7,1,4084.6,43,3,4084.7,6,1,4084.8,22,2
11483,2026-07-02 09:16:30+05:30,4083.0,2,4093.06,35147,54095.0,78384.0,4100.0,4110.0,4079.0,4092.6,21719950,4501.8,3683.4,4440.0,3288.1,4082.2,11,1,4082.1,225,8,4082.0,206,4,4081.9,1,1,4081.8,23,1,4084.1,5,1,4084.2,7,1,4084.6,43,3,4084.7,6,1,4084.8,22,2
11483,2026-07-02 09:16:31+05:30,4084.5,2,4093.02,35320,55631.0,77674.0,4100.0,4110.0,4079.0,4092.6,21719950,4501.8,3683.4,4440.0,3288.1,4083.7,40,1,4083.5,1,1,4083.1,1,1,4083.0,19,1,4082.9,16,1,4084.6,6,1,4085.2,21,1,4085.3,20,2,4085.4,54,1,4085.7,6,1
11483,2026-07-02 09:16:32+05:30,4083.5,1,4092.97,35531,53221.0,78291.0,4100.0,4110.0,4079.0,4092.6,21719950,4501.8,3683.4,4440.0,3288.1,4082.1,213,6,4082.0,206,4,4081.1,5,2,4081.0,95,5,4080.9,4,1,4084.3,48,5,4084.4,17,3,4084.5,44,3,4084.6,89,4,4084.7,6,2
11483,2026-07-02 09:16:32+05:30,4083.5,1,4092.97,35531,53221.0,78291.0,4100.0,4110.0,4079.0,4092.6,21719950,4501.8,3683.4,4440.0,3288.1,4082.1,213,6,4082.0,206,4,4081.1,5,2,4081.0,95,5,4080.9,4,1,4084.3,48,5,4084.4,17,3,4084.5,44,3,4084.6,89,4,4084.7,6,2
11483,2026-07-02 09:16:33+05:30,4082.2,12,4092.97,35543,55955.0,78650.0,4100.0,4110.0,4079.0,4092.6,21719950,4501.8,3683.4,4440.0,3288.1,4082.2,7,1,4082.1,213,6,4082.0,206,4,4081.3,1,1,4081.2,16,1,4083.9,3,1,4084.0,3,1,4084.1,17,3,4084.2,20,3,4084.3,29,3
11483,2026-07-02 09:16:34+05:30,4082.2,20,4092.97,35543,55955.0,78650.0,4100.0,4110.0,4079.0,4092.6,21719950,4501.8,3683.4,4440.0,3288.1,4082.2,7,1,4082.1,213,6,4082.0,206,4,4081.3,1,1,4081.2,16,1,4083.9,3,1,4084.0,3,1,4084.1,17,3,4084.2,20,3,4084.3,29,3
11483,2026-07-02 09:16:34+05:30,4081.5,44,4092.66,36519,54094.0,80763.0,4100.0,4110.0,4079.0,4092.6,21719950,4501.8,3683.4,4440.0,3288.1,4080.7,39,1,4080.6,20,1,4080.0,455,23,4079.2,1,1,4079.1,31,1,4081.5,11,1,4081.6,37,3,4081.7,26,4,4081.8,17,3,4081.9,17,3
11483,2026-07-02 09:16:35+05:30,4082.4,2,4092.42,37234,55066.0,80332.0,4100.0,4110.0,4078.7,4092.6,21719950,4501.8,3683.4,4440.0,3288.1,4080.0,27,3,4079.9,69,5,4079.8,12,1,4079.7,73,2,4079.6,16,1,4082.4,79,3,4082.5,91,3,4082.6,35,2,4082.7,14,2,4082.8,25,2
11483,2026-07-02 09:16:36+05:30,4082.0,1,4092.42,37234,55066.0,80332.0,4100.0,4110.0,4078.7,4092.6,21719950,4501.8,3683.4,4440.0,3288.1,4080.0,27,3,4079.9,69,5,4079.8,12,1,4079.7,73,2,4079.6,16,1,4082.4,79,3,4082.5,91,3,4082.6,35,2,4082.7,14,2,4082.8,25,2
11483,2026-07-02 09:16:36+05:30,4082.6,4,4092.39,37349,55890.0,79859.0,4100.0,4110.0,4078.7,4092.6,21719950,4501.8,3683.4,4440.0,3288.1,4082.0,18,1,4080.8,22,2,4080.7,6,1,4080.6,27,1,4080.5,62,2,4083.4,2,1,4083.5,13,3,4083.7,21,1,4083.8,53,2,4083.9,51,2
11483,2026-07-02 09:16:38+05:30,4084.8,5,4092.37,37464,57640.0,79616.0,4100.0,4110.0,4078.7,4092.6,21719950,4501.8,3683.4,4440.0,3288.1,4082.9,18,1,4082.7,30,1,4082.5,8,1,4082.3,12,1,4082.2,3,1,4084.8,66,6,4084.9,13,2,4085.0,69,3,4085.1,30,1,4085.2,15,2
11483,2026-07-02 09:16:38+05:30,4084.6,17,4092.37,37464,57640.0,79616.0,4100.0,4110.0,4078.7,4092.6,21719950,4501.8,3683.4,4440.0,3288.1,4082.9,18,1,4082.7,30,1,4082.5,8,1,4082.3,12,1,4082.2,3,1,4084.8,66,6,4084.9,13,2,4085.0,69,3,4085.1,30,1,4085.2,15,2
11483,2026-07-02 09:16:39+05:30,4084.3,23,4092.24,37959,57450.0,79371.0,4100.0,4110.0,4078.7,4092.6,21719950,4501.8,3683.4,4440.0,3288.1,4083.4,12,1,4083.3,83,4,4083.2,17,2,4083.1,12,1,4083.0,19,2,4084.8,3,1,4084.9,16,2,4085.0,2,1,4085.2,16,1,4085.4,29,3
11483,2026-07-02 09:16:40+05:30,4084.4,1,4092.21,38100,57504.0,80201.0,4100.0,4110.0,4078.7,4092.6,21719950,4501.8,3683.4,4440.0,3288.1,4082.4,12,1,4082.3,31,2,4082.2,34,2,4082.1,3,1,4082.0,3,1,4084.3,11,1,4084.4,79,4,4084.5,53,3,4084.6,21,2,4084.7,26,2
11483,2026-07-02 09:16:40+05:30,4084.3,3,4092.21,38100,57504.0,80201.0,4100.0,4110.0,4078.7,4092.6,21719950,4501.8,3683.4,4440.0,3288.1,4082.4,12,1,4082.3,31,2,4082.2,34,2,4082.1,3,1,4082.0,3,1,4084.3,11,1,4084.4,79,4,4084.5,53,3,4084.6,21,2,4084.7,26,2
11483,2026-07-02 09:16:41+05:30,4084.8,65,4092.19,38214,62216.0,85382.0,4100.0,4110.0,4078.7,4092.6,21719950,4501.8,3683.4,4440.0,3288.1,4082.8,13,1,4082.7,19,3,4082.6,16,2,4082.5,59,3,4082.4,16,2,4084.4,44,3,4084.5,6,1,4084.8,70,6,4084.9,70,2,4085.0,68,2
11483,2026-07-02 09:16:42+05:30,4083.3,3,4092.14,38476,62020.0,86591.0,4100.0,4110.0,4078.7,4092.6,21719950,4501.8,3683.4,4440.0,3288.1,4083.3,16,1,4082.2,28,2,4082.0,2,1,4081.7,4,1,4081.6,8,1,4084.0,29,5,4084.1,5,2,4084.2,21,3,4084.3,8,1,4084.4,57,5
11483,2026-07-02 09:16:42+05:30,4083.3,3,4092.14,38476,62020.0,86591.0,4100.0,4110.0,4078.7,4092.6,21719950,4501.8,3683.4,4440.0,3288.1,4083.3,16,1,4082.2,28,2,4082.0,2,1,4081.7,4,1,4081.6,8,1,4084.0,29,5,4084.1,5,2,4084.2,21,3,4084.3,8,1,4084.4,57,5
11483,2026-07-02 09:16:43+05:30,4084.4,2,4092.11,38580,62674.0,86399.0,4100.0,4110.0,4078.7,4092.6,21719950,4501.8,3683.4,4440.0,3288.1,4083.4,36,1,4082.3,44,2,4082.2,47,3,4082.0,2,1,4081.8,12,2,4084.4,50,6,4084.5,6,1,4084.7,9,2,4084.8,37,4,4084.9,109,3
11483,2026-07-02 09:16:44+05:30,4084.1,2,4092.11,38580,62674.0,86399.0,4100.0,4110.0,4078.7,4092.6,21719950,4501.8,3683.4,4440.0,3288.1,4082.3,20,1,4082.2,29,2,4082.0,12,2,4081.6,8,1,4081.4,11,1,4084.0,71,5,4084.1,9,2,4084.2,12,2,4084.3,42,3,4084.4,38,4
11483,2026-07-02 09:16:44+05:30,4084.1,2,4092.03,38974,62183.0,86617.0,4100.0,4110.0,4078.7,4092.6,21719950,4501.8,3683.4,4440.0,3288.1,4082.3,20,1,4082.2,29,2,4082.0,12,2,4081.6,8,1,4081.4,11,1,4084.0,71,5,4084.1,9,2,4084.2,12,2,4084.3,42,3,4084.4,38,4
11483,2026-07-02 09:16:45+05:30,4083.9,6,4092.01,39076,62855.0,86136.0,4100.0,4110.0,4078.7,4092.6,21719950,4501.8,3683.4,4440.0,3288.1,4083.1,20,1,4083.0,59,1,4082.2,29,2,4082.0,30,3,4081.6,38,2,4083.9,29,3,4084.0,7,3,4084.1,1,1,4084.2,8,1,4084.3,42,3
11483,2026-07-02 09:16:46+05:30,4083.1,20,4092.01,39076,62855.0,86136.0,4100.0,4110.0,4078.7,4092.6,21719950,4501.8,3683.4,4440.0,3288.1,4083.1,20,1,4083.0,59,1,4082.2,29,2,4082.0,30,3,4081.6,38,2,4083.9,29,3,4084.0,7,3,4084.1,1,1,4084.2,8,1,4084.3,42,3
11483,2026-07-02 09:16:46+05:30,4084.0,4,4091.95,39393,61724.0,86490.0,4100.0,4110.0,4078.7,4092.6,21719950,4501.8,3683.4,4440.0,3288.1,4083.0,1,1,4082.2,3,1,4082.0,12,2,4081.5,2,1,4081.2,4,1,4084.0,31,5,4084.1,4,2,4084.2,1,1,4084.3,10,2,4084.4,43,3
11483,2026-07-02 09:16:47+05:30,4084.0,2,4091.91,39578,62714.0,85758.0,4100.0,4110.0,4078.7,4092.6,21719950,4501.8,3683.4,4440.0,3288.1,4083.4,9,1,4083.3,44,4,4083.2,9,1,4083.1,5,1,4083.0,18,2,4084.0,85,2,4084.1,67,1,4084.2,67,1,4084.3,67,1,4084.4,47,2
11483,2026-07-02 09:16:48+05:30,4084.0,6,4091.91,39578,62714.0,85758.0,4100.0,4110.0,4078.7,4092.6,21719950,4501.8,3683.4,4440.0,3288.1,4083.4,9,1,4083.3,44,4,4083.2,9,1,4083.1,5,1,4083.0,18,2,4084.0,85,2,4084.1,67,1,4084.2,67,1,4084.3,67,1,4084.4,47,2
11483,2026-07-02 09:16:48+05:30,4084.0,19,4091.87,39764,62812.0,86514.0,4100.0,4110.0,4078.7,4092.6,21719950,4501.8,3683.4,4440.0,3288.1,4082.7,9,1,4082.6,17,2,4082.5,48,2,4082.4,9,1,4082.1,5,1,4084.0,860,4,4084.1,67,1,4084.2,67,1,4084.3,67,1,4084.4,55,3
11483,2026-07-02 09:16:49+05:30,4084.0,10,4091.87,39764,62812.0,86514.0,4100.0,4110.0,4078.7,4092.6,21719950,4501.8,3683.4,4440.0,3288.1,4082.7,9,1,4082.6,17,2,4082.5,48,2,4082.4,9,1,4082.1,5,1,4084.0,860,4,4084.1,67,1,4084.2,67,1,4084.3,67,1,4084.4,55,3
11483,2026-07-02 09:16:50+05:30,4084.0,90,4091.85,39864,62790.0,86437.0,4100.0,4110.0,4078.7,4092.6,21719950,4501.8,3683.4,4440.0,3288.1,4082.9,40,1,4082.2,20,2,4082.1,15,1,4081.7,11,1,4081.6,41,1,4084.0,765,6,4084.1,82,2,4084.2,67,1,4084.3,67,1,4084.4,55,3
11483,2026-07-02 09:16:50+05:30,4081.1,5,4091.85,39864,62790.0,86437.0,4100.0,4110.0,4078.7,4092.6,21719950,4501.8,3683.4,4440.0,3288.1,4082.9,40,1,4082.2,20,2,4082.1,15,1,4081.7,11,1,4081.6,41,1,4084.0,765,6,4084.1,82,2,4084.2,67,1,4084.3,67,1,4084.4,55,3
11483,2026-07-02 09:16:51+05:30,4083.1,8,4091.8,40064,62324.0,88174.0,4100.0,4110.0,4078.7,4092.6,21719950,4501.8,3683.4,4440.0,3288.1,4081.2,23,1,4081.1,32,2,4081.0,150,1,4080.4,8,1,4080.2,30,1,4083.0,71,3,4083.1,29,2,4083.2,3,1,4083.3,6,1,4083.4,3,1
11483,2026-07-02 09:16:51+05:30,4083.0,1,4091.8,40064,62324.0,88174.0,4100.0,4110.0,4078.7,4092.6,21719950,4501.8,3683.4,4440.0,3288.1,4081.2,23,1,4081.1,32,2,4081.0,150,1,4080.4,8,1,4080.2,30,1,4083.0,71,3,4083.1,29,2,4083.2,3,1,4083.3,6,1,4083.4,3,1
11483,2026-07-02 09:16:52+05:30,4081.8,10,4091.7,40492,60790.0,88402.0,4100.0,4110.0,4078.7,4092.6,21719950,4501.8,3683.4,4440.0,3288.1,4080.4,20,1,4080.0,10,3,4079.6,41,1,4079.5,51,3,4079.3,22,2,4081.7,5,2,4081.8,5,2,4081.9,45,4,4082.0,13,1,4082.1,36,2
11483,2026-07-02 09:16:52+05:30,4080.4,1,4091.7,40492,60790.0,88402.0,4100.0,4110.0,4078.7,4092.6,21719950,4501.8,3683.4,4440.0,3288.1,4080.4,20,1,4080.0,10,3,4079.6,41,1,4079.5,51,3,4079.3,22,2,4081.7,5,2,4081.8,5,2,4081.9,45,4,4082.0,13,1,4082.1,36,2
11483,2026-07-02 09:16:53+05:30,4081.4,6,4091.67,40591,61266.0,89363.0,4100.0,4110.0,4078.7,4092.6,21719950,4501.8,3683.4,4440.0,3288.1,4080.4,18,1,4080.0,10,3,4079.3,19,1,4079.2,46,3,4079.1,30,1,4081.4,35,3,4081.5,54,4,4081.6,34,2,4081.7,27,3,4081.8,6,1
11483,2026-07-02 09:16:53+05:30,4081.4,6,4091.67,40591,61266.0,89363.0,4100.0,4110.0,4078.7,4092.6,21719950,4501.8,3683.4,4440.0,3288.1,4080.4,18,1,4080.0,10,3,4079.3,19,1,4079.2,46,3,4079.1,30,1,4081.4,35,3,4081.5,54,4,4081.6,34,2,4081.7,27,3,4081.8,6,1
11483,2026-07-02 09:16:54+05:30,4081.0,5,4091.64,40708,61178.0,89897.0,4100.0,4110.0,4078.7,4092.6,21719950,4501.8,3683.4,4440.0,3288.1,4080.0,11,4,4079.2,11,1,4079.0,5,1,4078.9,11,2,4078.8,46,2,4081.2,23,1,4081.3,61,5,4081.4,2,1,4081.5,64,4,4081.6,9,2
11483,2026-07-02 09:16:54+05:30,4080.0,1,4091.64,40708,61178.0,89897.0,4100.0,4110.0,4078.7,4092.6,21719950,4501.8,3683.4,4440.0,3288.1,4080.0,11,4,4079.2,11,1,4079.0,5,1,4078.9,11,2,4078.8,46,2,4081.2,23,1,4081.3,61,5,4081.4,2,1,4081.5,64,4,4081.6,9,2
11483,2026-07-02 09:16:55+05:30,4081.1,2,4091.63,40750,61289.0,89659.0,4100.0,4110.0,4078.7,4092.6,21719950,4501.8,3683.4,4440.0,3288.1,4080.0,10,4,4079.3,7,1,4079.2,39,2,4079.0,5,1,4078.8,46,2,4081.1,26,4,4081.2,2,2,4081.3,36,3,4081.5,64,4,4081.6,4,1
11483,2026-07-02 09:16:55+05:30,4081.1,2,4091.63,40750,61289.0,89659.0,4100.0,4110.0,4078.7,4092.6,21719950,4501.8,3683.4,4440.0,3288.1,4080.0,10,4,4079.3,7,1,4079.2,39,2,4079.0,5,1,4078.8,46,2,4081.1,26,4,4081.2,2,2,4081.3,36,3,4081.5,64,4,4081.6,4,1
11483,2026-07-02 09:16:56+05:30,4080.8,3,4091.62,40780,61267.0,90239.0,4100.0,4110.0,4078.6,4092.6,21719950,4501.8,3683.4,4440.0,3288.1,4079.1,37,1,4078.9,14,1,4078.8,29,2,4078.6,3,1,4078.5,9,2,4080.8,11,1,4080.9,20,1,4081.1,2,1,4081.2,87,5,4081.3,28,2
11483,2026-07-02 09:16:56+05:30,4080.8,3,4091.62,40780,61267.0,90239.0,4100.0,4110.0,4078.6,4092.6,21719950,4501.8,3683.4,4440.0,3288.1,4079.1,37,1,4078.9,14,1,4078.8,29,2,4078.6,3,1,4078.5,9,2,4080.8,11,1,4080.9,20,1,4081.1,2,1,4081.2,87,5,4081.3,28,2
11483,2026-07-02 09:16:57+05:30,4081.2,7,4091.58,40960,61636.0,89988.0,4100.0,4110.0,4078.6,4092.6,21719950,4501.8,3683.4,4440.0,3288.1,4079.7,20,1,4079.6,36,1,4079.4,19,2,4079.3,5,1,4079.1,40,2,4081.2,20,5,4081.3,34,3,4081.5,26,2,4081.6,4,1,4081.7,7,2
11483,2026-07-02 09:16:57+05:30,4081.2,7,4091.58,40960,61636.0,89988.0,4100.0,4110.0,4078.6,4092.6,21719950,4501.8,3683.4,4440.0,3288.1,4079.7,20,1,4079.6,36,1,4079.4,19,2,4079.3,5,1,4079.1,40,2,4081.2,20,5,4081.3,34,3,4081.5,26,2,4081.6,4,1,4081.7,7,2
11483,2026-07-02 09:16:58+05:30,4080.9,1,4091.58,40960,61636.0,89988.0,4100.0,4110.0,4078.6,4092.6,21719950,4501.8,3683.4,4440.0,3288.1,4079.7,20,1,4079.6,36,1,4079.4,19,2,4079.3,5,1,4079.1,40,2,4081.2,20,5,4081.3,34,3,4081.5,26,2,4081.6,4,1,4081.7,7,2
11483,2026-07-02 09:16:58+05:30,4080.9,1,4091.56,41011,60825.0,90185.0,4100.0,4110.0,4078.6,4092.6,21719950,4501.8,3683.4,4440.0,3288.1,4079.0,35,1,4078.9,14,1,4078.8,9,1,4078.6,3,1,4078.5,3,1,4080.8,6,2,4080.9,26,2,4081.1,36,2,4081.2,3,2,4081.3,35,3
11483,2026-07-02 09:16:59+05:30,4080.9,1,4091.56,41011,60825.0,90185.0,4100.0,4110.0,4078.6,4092.6,21719950,4501.8,3683.4,4440.0,3288.1,4079.0,35,1,4078.9,14,1,4078.8,9,1,4078.6,3,1,4078.5,3,1,4080.8,6,2,4080.9,26,2,4081.1,36,2,4081.2,3,2,4081.3,35,3
11483,2026-07-02 09:16:59+05:30,4080.0,20,4091.56,41011,60825.0,90185.0,4100.0,4110.0,4078.6,4092.6,21719950,4501.8,3683.4,4440.0,3288.1,4079.0,35,1,4078.9,14,1,4078.8,9,1,4078.6,3,1,4078.5,3,1,4080.8,6,2,4080.9,26,2,4081.1,36,2,4081.2,3,2,4081.3,35,3
11483,2026-07-02 09:16:59+05:30,4079.1,5,4091.54,41077,60911.0,91222.0,4100.0,4110.0,4078.6,4092.6,21719950,4501.8,3683.4,4440.0,3288.1,4078.0,75,3,4077.6,15,1,4077.1,5,1,4077.0,30,4,4076.9,101,3,4080.3,72,4,4080.4,14,3,4080.5,53,7,4080.6,21,4,4080.7,32,4
11483,2026-07-02 09:16:59+05:30,4079.1,5,4091.54,41077,60911.0,91222.0,4100.0,4110.0,4078.6,4092.6,21719950,4501.8,3683.4,4440.0,3288.1,4078.0,75,3,4077.6,15,1,4077.1,5,1,4077.0,30,4,4076.9,101,3,4080.3,72,4,4080.4,14,3,4080.5,53,7,4080.6,21,4,4080.7,32,4
11483,2026-07-02 09:17:00+05:30,4079.1,5,4091.54,41077,60911.0,91222.0,4100.0,4110.0,4078.6,4092.6,21719950,4501.8,3683.4,4440.0,3288.1,4078.0,75,3,4077.6,15,1,4077.1,5,1,4077.0,30,4,4076.9,101,3,4080.3,72,4,4080.4,14,3,4080.5,53,7,4080.6,21,4,4080.7,32,4
11483,2026-07-02 09:17:00+05:30,4079.9,1,4091.54,41077,60911.0,91222.0,4100.0,4110.0,4078.6,4092.6,21719950,4501.8,3683.4,4440.0,3288.1,4078.0,75,3,4077.6,15,1,4077.1,5,1,4077.0,30,4,4076.9,101,3,4080.3,72,4,4080.4,14,3,4080.5,53,7,4080.6,21,4,4080.7,32,4
11483,2026-07-02 09:17:00+05:30,4080.0,3,4091.53,41113,61604.0,91152.0,4100.0,4110.0,4078.6,4092.6,21719950,4501.8,3683.4,4440.0,3288.1,4078.0,117,5,4077.5,16,1,4077.4,5,1,4077.3,67,4,4077.2,5,1,4080.0,10,3,4080.1,6,1,4080.2,38,3,4080.3,2,1,4080.6,40,2
11483,2026-07-02 09:17:00+05:30,4080.0,3,4091.53,41113,61604.0,91152.0,4100.0,4110.0,4078.6,4092.6,21719950,4501.8,3683.4,4440.0,3288.1,4078.0,117,5,4077.5,16,1,4077.4,5,1,4077.3,67,4,4077.2,5,1,4080.0,10,3,4080.1,6,1,4080.2,38,3,4080.3,2,1,4080.6,40,2
11483,2026-07-02 09:17:01+05:30,4080.0,3,4091.53,41113,61604.0,91152.0,4100.0,4110.0,4078.6,4092.6,21719950,4501.8,3683.4,4440.0,3288.1,4078.0,117,5,4077.5,16,1,4077.4,5,1,4077.3,67,4,4077.2,5,1,4080.0,10,3,4080.1,6,1,4080.2,38,3,4080.3,2,1,4080.6,40,2
11483,2026-07-02 09:17:01+05:30,4079.9,5,4091.53,41113,61604.0,91152.0,4100.0,4110.0,4078.6,4092.6,21719950,4501.8,3683.4,4440.0,3288.1,4078.0,117,5,4077.5,16,1,4077.4,5,1,4077.3,67,4,4077.2,5,1,4080.0,10,3,4080.1,6,1,4080.2,38,3,4080.3,2,1,4080.6,40,2
11483,2026-07-02 09:17:01+05:30,4079.9,5,4091.53,41113,61604.0,91152.0,4100.0,4110.0,4078.6,4092.6,21719950,4501.8,3683.4,4440.0,3288.1,4078.0,117,5,4077.5,16,1,4077.4,5,1,4077.3,67,4,4077.2,5,1,4080.0,10,3,4080.1,6,1,4080.2,38,3,4080.3,2,1,4080.6,40,2
11483,2026-07-02 09:17:01+05:30,4079.9,5,4091.51,41203,61471.0,91349.0,4100.0,4110.0,4078.6,4092.6,21719950,4501.8,3683.4,4440.0,3288.1,4078.0,75,3,4077.3,24,2,4077.2,5,1,4077.0,18,4,4076.9,98,2,4079.9,41,6,4080.0,93,6,4080.1,23,3,4080.2,19,3,4080.3,3,2
11483,2026-07-02 09:17:02+05:30,4079.9,5,4091.51,41203,61471.0,91349.0,4100.0,4110.0,4078.6,4092.6,21732725,4501.8,3683.4,4440.0,3288.1,4078.0,75,3,4077.3,24,2,4077.2,5,1,4077.0,18,4,4076.9,98,2,4079.9,41,6,4080.0,93,6,4080.1,23,3,4080.2,19,3,4080.3,3,2
11483,2026-07-02 09:17:03+05:30,4079.9,5,4091.51,41203,61471.0,91349.0,4100.0,4110.0,4078.6,4092.6,21732725,4501.8,3683.4,4440.0,3288.1,4078.0,75,3,4077.3,24,2,4077.2,5,1,4077.0,18,4,4076.9,98,2,4079.9,41,6,4080.0,93,6,4080.1,23,3,4080.2,19,3,4080.3,3,2
11483,2026-07-02 09:17:03+05:30,4079.7,1,4091.5,41229,61522.0,91814.0,4100.0,4110.0,4078.0,4092.6,21732725,4501.8,3683.4,4440.0,3288.1,4078.0,70,3,4077.1,23,2,4077.0,36,5,4076.9,68,1,4076.5,51,3,4079.7,34,5,4079.8,24,4,4079.9,4,3,4080.0,794,10,4080.1,9,2
11483,2026-07-02 09:17:03+05:30,4079.7,1,4091.5,41229,61522.0,91814.0,4100.0,4110.0,4078.0,4092.6,21732725,4501.8,3683.4,4440.0,3288.1,4078.0,70,3,4077.1,23,2,4077.0,36,5,4076.9,68,1,4076.5,51,3,4079.7,34,5,4079.8,24,4,4079.9,4,3,4080.0,794,10,4080.1,9,2
11483,2026-07-02 09:17:03+05:30,4078.0,15,4091.5,41229,61522.0,91814.0,4100.0,4110.0,4078.0,4092.6,21732725,4501.8,3683.4,4440.0,3288.1,4078.0,70,3,4077.1,23,2,4077.0,36,5,4076.9,68,1,4076.5,51,3,4079.7,34,5,4079.8,24,4,4079.9,4,3,4080.0,794,10,4080.1,9,2
11483,2026-07-02 09:17:04+05:30,4079.2,25,4091.44,41435,61429.0,91098.0,4100.0,4110.0,4077.0,4092.6,21732725,4501.8,3683.4,4440.0,3288.1,4078.1,19,1,4078.0,1,1,4077.1,33,1,4077.0,10,2,4076.7,32,1,4079.2,38,5,4079.3,17,3,4079.4,1,1,4079.5,8,1,4079.6,46,2
11483,2026-07-02 09:17:05+05:30,4078.0,1,4091.42,41497,60346.0,92055.0,4100.0,4110.0,4077.0,4092.6,21732725,4501.8,3683.4,4440.0,3288.1,4076.1,32,1,4076.0,66,9,4075.5,40,1,4075.2,12,1,4075.1,4,1,4078.0,39,6,4078.1,20,5,4078.2,29,3,4078.3,18,3,4078.4,30,3
11483,2026-07-02 09:17:05+05:30,4077.7,1,4091.42,41497,60346.0,92055.0,4100.0,4110.0,4077.0,4092.6,21732725,4501.8,3683.4,4440.0,3288.1,4076.1,32,1,4076.0,66,9,4075.5,40,1,4075.2,12,1,4075.1,4,1,4078.0,39,6,4078.1,20,5,4078.2,29,3,4078.3,18,3,4078.4,30,3
11483,2026-07-02 09:17:06+05:30,4077.9,25,4091.35,41682,61279.0,91869.0,4100.0,4110.0,4076.0,4092.6,21732725,4501.8,3683.4,4440.0,3288.1,4076.8,27,3,4076.7,3,1,4076.6,33,3,4076.5,36,2,4076.4,13,1,4078.0,4,1,4078.1,14,1,4078.6,1,1,4078.7,1,1,4078.8,1,1
11483,2026-07-02 09:17:07+05:30,4077.8,1,4091.35,41705,61807.0,92323.0,4100.0,4110.0,4076.0,4092.6,21732725,4501.8,3683.4,4440.0,3288.1,4076.0,33,5,4075.6,52,2,4075.5,40,1,4075.2,17,2,4075.1,27,2,4078.0,35,7,4078.1,17,3,4078.2,6,2,4078.3,42,2,4078.4,53,2
11483,2026-07-02 09:17:07+05:30,4077.8,1,4091.35,41705,61807.0,92323.0,4100.0,4110.0,4076.0,4092.6,21732725,4501.8,3683.4,4440.0,3288.1,4076.0,33,5,4075.6,52,2,4075.5,40,1,4075.2,17,2,4075.1,27,2,4078.0,35,7,4078.1,17,3,4078.2,6,2,4078.3,42,2,4078.4,53,2
11483,2026-07-02 09:17:08+05:30,4078.0,2,4091.34,41718,60031.0,92707.0,4100.0,4110.0,4076.0,4092.6,21732725,4501.8,3683.4,4440.0,3288.1,4076.0,33,5,4075.6,51,2,4075.5,40,1,4075.2,30,2,4075.1,4,1,4078.0,26,6,4078.1,82,5,4078.2,1,1,4078.3,8,1,4078.4,70,3
11483,2026-07-02 09:17:09+05:30,4078.0,1,4091.34,41718,60031.0,92707.0,4100.0,4110.0,4076.0,4092.6,21732725,4501.8,3683.4,4440.0,3288.1,4076.0,33,5,4075.6,51,2,4075.5,40,1,4075.2,30,2,4075.1,4,1,4078.0,26,6,4078.1,82,5,4078.2,1,1,4078.3,8,1,4078.4,70,3
11483,2026-07-02 09:17:09+05:30,4078.0,1,4091.34,41719,60360.0,92548.0,4100.0,4110.0,4076.0,4092.6,21732725,4501.8,3683.4,4440.0,3288.1,4076.7,20,1,4076.6,30,2,4076.5,52,3,4076.4,13,1,4076.3,13,1,4078.0,6,2,4078.1,14,1,4078.7,16,1,4078.8,23,1,4079.0,17,1
11483,2026-07-02 09:17:10+05:30,4077.6,1,4091.34,41720,60519.0,92358.0,4100.0,4110.0,4076.0,4092.6,21732725,4501.8,3683.4,4440.0,3288.1,4077.0,20,1,4076.5,13,1,4076.4,13,1,4076.3,17,2,4076.1,65,4,4077.6,99,1,4078.0,4,1,4078.7,30,2,4079.0,32,3,4079.1,10,1
11483,2026-07-02 09:17:11+05:30,4077.6,45,4091.34,41720,60519.0,92358.0,4100.0,4110.0,4076.0,4092.6,21732725,4501.8,3683.4,4440.0,3288.1,4077.0,20,1,4076.5,13,1,4076.4,13,1,4076.3,17,2,4076.1,65,4,4077.6,99,1,4078.0,4,1,4078.7,30,2,4079.0,32,3,4079.1,10,1
11483,2026-07-02 09:17:11+05:30,4076.2,18,4091.27,41937,59494.0,90958.0,4100.0,4110.0,4076.0,4092.6,21732725,4501.8,3683.4,4440.0,3288.1,4076.8,11,1,4076.7,22,3,4076.6,23,3,4076.5,27,3,4076.4,14,2,4077.6,1,1,4078.0,4,1,4078.7,15,1,4078.9,45,1,4079.0,32,3
11483,2026-07-02 09:17:13+05:30,4081.5,16,4091.02,42861,61936.0,86389.0,4100.0,4110.0,4076.0,4092.6,21732725,4501.8,3683.4,4440.0,3288.1,4081.5,3,1,4081.2,30,1,4081.1,32,3,4081.0,11,1,4080.9,11,1,4083.0,27,4,4083.1,23,2,4083.2,22,1,4083.3,7,1,4083.4,15,2
11483,2026-07-02 09:17:13+05:30,4081.2,30,4091.02,42861,61936.0,86389.0,4100.0,4110.0,4076.0,4092.6,21732725,4501.8,3683.4,4440.0,3288.1,4081.5,3,1,4081.2,30,1,4081.1,32,3,4081.0,11,1,4080.9,11,1,4083.0,27,4,4083.1,23,2,4083.2,22,1,4083.3,7,1,4083.4,15,2
11483,2026-07-02 09:17:14+05:30,4081.7,1,4090.98,43024,60438.0,88136.0,4100.0,4110.0,4076.0,4092.6,21732725,4501.8,3683.4,4440.0,3288.1,4080.0,43,3,4079.9,40,3,4079.8,14,2,4079.7,11,1,4079.6,14,2,4081.7,12,2,4081.8,9,1,4081.9,5,1,4082.0,7,2,4082.1,14,2
11483,2026-07-02 09:17:14+05:30,4080.1,22,4090.98,43024,60438.0,88136.0,4100.0,4110.0,4076.0,4092.6,21732725,4501.8,3683.4,4440.0,3288.1,4080.0,43,3,4079.9,40,3,4079.8,14,2,4079.7,11,1,4079.6,14,2,4081.7,12,2,4081.8,9,1,4081.9,5,1,4082.0,7,2,4082.1,14,2
11483,2026-07-02 09:17:15+05:30,4081.7,10,4090.97,43096,61800.0,87727.0,4100.0,4110.0,4076.0,4092.6,21732725,4501.8,3683.4,4440.0,3288.1,4080.6,11,1,4080.5,14,2,4080.4,14,2,4080.3,28,3,4080.2,42,3,4081.7,4,2,4082.1,12,1,4082.3,2,1,4082.4,2,1,4082.5,25,2
11483,2026-07-02 09:17:15+05:30,4081.7,10,4090.97,43096,61800.0,87727.0,4100.0,4110.0,4076.0,4092.6,21732725,4501.8,3683.4,4440.0,3288.1,4080.6,11,1,4080.5,14,2,4080.4,14,2,4080.3,28,3,4080.2,42,3,4081.7,4,2,4082.1,12,1,4082.3,2,1,4082.4,2,1,4082.5,25,2
11483,2026-07-02 09:17:16+05:30,4081.7,2,4090.96,43102,61283.0,88557.0,4100.0,4110.0,4076.0,4092.6,21732725,4501.8,3683.4,4440.0,3288.1,4080.0,10,1,4079.9,38,2,4079.8,10,1,4079.7,27,3,4079.6,13,2,4081.5,2,1,4081.6,2,1,4081.7,31,2,4081.9,22,1,4082.0,26,2
11483,2026-07-02 09:17:16+05:30,4081.7,2,4090.96,43102,61283.0,88557.0,4100.0,4110.0,4076.0,4092.6,21732725,4501.8,3683.4,4440.0,3288.1,4080.0,10,1,4079.9,38,2,4079.8,10,1,4079.7,27,3,4079.6,13,2,4081.5,2,1,4081.6,2,1,4081.7,31,2,4081.9,22,1,4082.0,26,2
11483,2026-07-02 09:17:17+05:30,4079.5,12,4090.93,43220,60552.0,88724.0,4100.0,4110.0,4076.0,4092.6,21732725,4501.8,3683.4,4440.0,3288.1,4079.5,13,1,4079.4,8,2,4079.3,3,1,4079.2,12,2,4079.1,3,1,4081.2,12,2,4081.3,34,3,4081.4,11,2,4081.5,21,3,4081.6,9,2
11483,2026-07-02 09:17:17+05:30,4079.5,12,4090.93,43220,60552.0,88724.0,4100.0,4110.0,4076.0,4092.6,21732725,4501.8,3683.4,4440.0,3288.1,4079.5,13,1,4079.4,8,2,4079.3,3,1,4079.2,12,2,4079.1,3,1,4081.2,12,2,4081.3,34,3,4081.4,11,2,4081.5,21,3,4081.6,9,2
11483,2026-07-02 09:17:18+05:30,4079.3,14,4090.93,43244,60192.0,88504.0,4100.0,4110.0,4076.0,4092.6,21732725,4501.8,3683.4,4440.0,3288.1,4079.0,62,6,4078.9,68,4,4078.8,40,5,4078.7,3,1,4078.6,12,2,4081.2,15,3,4081.3,10,1,4081.4,23,2,4081.5,3,2,4081.6,8,1
11483,2026-07-02 09:17:18+05:30,4079.3,14,4090.93,43244,60192.0,88504.0,4100.0,4110.0,4076.0,4092.6,21732725,4501.8,3683.4,4440.0,3288.1,4079.0,62,6,4078.9,68,4,4078.8,40,5,4078.7,3,1,4078.6,12,2,4081.2,15,3,4081.3,10,1,4081.4,23,2,4081.5,3,2,4081.6,8,1
11483,2026-07-02 09:17:19+05:30,4081.1,2,4090.88,43406,60918.0,88986.0,4100.0,4110.0,4076.0,4092.6,21732725,4501.8,3683.4,4440.0,3288.1,4079.5,10,1,4079.4,26,1,4079.3,10,1,4079.0,32,1,4078.9,43,3,4081.2,79,3,4081.3,67,1,4081.4,89,2,4081.5,85,3,4081.6,85,1
11483,2026-07-02 09:17:19+05:30,4081.2,47,4090.88,43406,60918.0,88986.0,4100.0,4110.0,4076.0,4092.6,21732725,4501.8,3683.4,4440.0,3288.1,4079.5,10,1,4079.4,26,1,4079.3,10,1,4079.0,32,1,4078.9,43,3,4081.2,79,3,4081.3,67,1,4081.4,89,2,4081.5,85,3,4081.6,85,1
11483,2026-07-02 09:17:20+05:30,4081.2,61,4090.85,43556,61479.0,88080.0,4100.0,4110.0,4076.0,4092.6,21732725,4501.8,3683.4,4440.0,3288.1,4079.7,38,2,4079.6,2,1,4079.5,14,1,4079.3,30,1,4079.2,14,2,4081.2,25,3,4081.3,67,1,4081.4,89,2,4081.5,68,2,4081.6,85,1
11483,2026-07-02 09:17:20+05:30,4081.2,61,4090.85,43556,61479.0,88080.0,4100.0,4110.0,4076.0,4092.6,21732725,4501.8,3683.4,4440.0,3288.1,4079.7,38,2,4079.6,2,1,4079.5,14,1,4079.3,30,1,4079.2,14,2,4081.2,25,3,4081.3,67,1,4081.4,89,2,4081.5,68,2,4081.6,85,1
11483,2026-07-02 09:17:21+05:30,4080.9,10,4090.83,43656,61229.0,88595.0,4100.0,4110.0,4076.0,4092.6,21732725,4501.8,3683.4,4440.0,3288.1,4079.4,27,1,4079.3,30,1,4079.2,2,1,4078.9,20,1,4078.8,6,1,4080.9,15,4,4081.0,13,2,4081.1,22,2,4081.2,80,4,4081.3,67,1
11483,2026-07-02 09:17:22+05:30,4077.6,68,4090.83,43656,61229.0,88595.0,4100.0,4110.0,4076.0,4092.6,21732725,4501.8,3683.4,4440.0,3288.1,4079.4,27,1,4079.3,30,1,4079.2,2,1,4078.9,20,1,4078.8,6,1,4080.9,15,4,4081.0,13,2,4081.1,22,2,4081.2,80,4,4081.3,67,1
11483,2026-07-02 09:17:22+05:30,4079.4,89,4090.76,43909,60122.0,89847.0,4100.0,4110.0,4076.0,4092.6,21732725,4501.8,3683.4,4440.0,3288.1,4078.0,1,1,4077.6,40,3,4077.5,15,2,4077.4,18,1,4077.1,14,2,4079.4,39,2,4079.6,11,1,4079.7,15,1,4079.8,23,2,4079.9,28,2
11483,2026-07-02 09:17:23+05:30,4080.9,18,4090.76,43909,60122.0,89847.0,4100.0,4110.0,4076.0,4092.6,21732725,4501.8,3683.4,4440.0,3288.1,4078.0,1,1,4077.6,40,3,4077.5,15,2,4077.4,18,1,4077.1,14,2,4079.4,39,2,4079.6,11,1,4079.7,15,1,4079.8,23,2,4079.9,28,2
11483,2026-07-02 09:17:23+05:30,4080.9,3,4090.7,44135,60368.0,89503.0,4100.0,4110.0,4076.0,4092.6,21732725,4501.8,3683.4,4440.0,3288.1,4078.4,39,3,4078.3,19,1,4078.2,60,2,4078.0,1,1,4077.8,4,1,4080.7,68,6,4080.8,11,3,4080.9,18,3,4081.1,67,2,4081.2,85,4
11483,2026-07-02 09:17:24+05:30,4080.0,1625,4090.7,44135,60368.0,89503.0,4100.0,4110.0,4076.0,4092.6,21732725,4501.8,3683.4,4440.0,3288.1,4078.4,39,3,4078.3,19,1,4078.2,60,2,4078.0,1,1,4077.8,4,1,4080.7,68,6,4080.8,11,3,4080.9,18,3,4081.1,67,2,4081.2,85,4
11483,2026-07-02 09:17:25+05:30,4078.4,3,4090.19,46358,60801.0,89963.0,4100.0,4110.0,4076.0,4092.6,21732725,4501.8,3683.4,4440.0,3288.1,4078.7,8,1,4078.6,31,2,4078.4,8,1,4078.3,38,2,4078.2,11,1,4080.0,13,1,4080.4,23,2,4080.5,3,1,4080.6,3,1,4080.7,36,6
11483,2026-07-02 09:17:25+05:30,4079.9,2,4090.19,46358,60801.0,89963.0,4100.0,4110.0,4076.0,4092.6,21732725,4501.8,3683.4,4440.0,3288.1,4078.7,8,1,4078.6,31,2,4078.4,8,1,4078.3,38,2,4078.2,11,1,4080.0,13,1,4080.4,23,2,4080.5,3,1,4080.6,3,1,4080.7,36,6
11483,2026-07-02 09:17:26+05:30,4079.4,1,4090.14,46582,60650.0,90667.0,4100.0,4110.0,4076.0,4092.6,21732725,4501.8,3683.4,4440.0,3288.1,4078.0,201,2,4077.6,32,2,4077.5,35,2,4077.1,38,2,4077.0,42,5,4079.4,1,1,4079.5,49,5,4079.6,24,3,4079.7,18,2,4079.8,10,1
11483,2026-07-02 09:17:26+05:30,4079.1,1,4090.14,46582,60650.0,90667.0,4100.0,4110.0,4076.0,4092.6,21732725,4501.8,3683.4,4440.0,3288.1,4078.0,201,2,4077.6,32,2,4077.5,35,2,4077.1,38,2,4077.0,42,5,4079.4,1,1,4079.5,49,5,4079.6,24,3,4079.7,18,2,4079.8,10,1
11483,2026-07-02 09:17:27+05:30,4079.6,2,4090.1,46746,60468.0,90528.0,4100.0,4110.0,4076.0,4092.6,21732725,4501.8,3683.4,4440.0,3288.1,4078.1,20,1,4078.0,188,1,4077.6,32,2,4077.5,33,2,4077.1,44,3,4079.9,52,4,4080.0,50,6,4080.1,3,1,4080.2,29,2,4080.4,53,3
11483,2026-07-02 09:17:27+05:30,4079.6,2,4090.1,46746,60468.0,90528.0,4100.0,4110.0,4076.0,4092.6,21732725,4501.8,3683.4,4440.0,3288.1,4078.1,20,1,4078.0,188,1,4077.6,32,2,4077.5,33,2,4077.1,44,3,4079.9,52,4,4080.0,50,6,4080.1,3,1,4080.2,29,2,4080.4,53,3
11483,2026-07-02 09:17:28+05:30,4079.8,9,4090.07,46856,60350.0,90586.0,4100.0,4110.0,4076.0,4092.6,21732725,4501.8,3683.4,4440.0,3288.1,4078.2,24,1,4078.0,188,1,4077.6,32,2,4077.5,11,1,4077.1,38,2,4079.7,59,5,4079.8,25,4,4079.9,29,5,4080.0,35,6,4080.1,51,3
11483,2026-07-02 09:17:28+05:30,4078.2,13,4090.07,46856,60350.0,90586.0,4100.0,4110.0,4076.0,4092.6,21732725,4501.8,3683.4,4440.0,3288.1,4078.2,24,1,4078.0,188,1,4077.6,32,2,4077.5,11,1,4077.1,38,2,4079.7,59,5,4079.8,25,4,4079.9,29,5,4080.0,35,6,4080.1,51,3
11483,2026-07-02 09:17:29+05:30,4083.2,27,4089.59,49601,63367.0,85312.0,4100.0,4110.0,4076.0,4092.6,21732725,4501.8,3683.4,4440.0,3288.1,4082.7,10,1,4082.6,49,3,4082.5,10,1,4082.4,10,1,4082.3,10,1,4084.1,22,1,4084.5,22,1,4084.8,17,1,4085.0,1,1,4085.1,56,3
11483,2026-07-02 09:17:29+05:30,4083.2,27,4089.59,49601,63367.0,85312.0,4100.0,4110.0,4076.0,4092.6,21732725,4501.8,3683.4,4440.0,3288.1,4082.7,10,1,4082.6,49,3,4082.5,10,1,4082.4,10,1,4082.3,10,1,4084.1,22,1,4084.5,22,1,4084.8,17,1,4085.0,1,1,4085.1,56,3
11483,2026-07-02 09:17:30+05:30,4082.8,1,4089.58,49692,62362.0,87279.0,4100.0,4110.0,4076.0,4092.6,21732725,4501.8,3683.4,4440.0,3288.1,4081.0,3,1,4080.9,2,2,4080.6,26,1,4080.5,4,1,4080.3,6,1,4082.6,13,3,4082.7,2,1,4082.8,14,1,4083.2,41,3,4083.3,72,3
11483,2026-07-02 09:17:30+05:30,4082.8,1,4089.58,49692,62362.0,87279.0,4100.0,4110.0,4076.0,4092.6,21732725,4501.8,3683.4,4440.0,3288.1,4081.0,3,1,4080.9,2,2,4080.6,26,1,4080.5,4,1,4080.3,6,1,4082.6,13,3,4082.7,2,1,4082.8,14,1,4083.2,41,3,4083.3,72,3
11483,2026-07-02 09:17:31+05:30,4081.2,6,4089.57,49795,63236.0,87236.0,4100.0,4110.0,4076.0,4092.6,21732725,4501.8,3683.4,4440.0,3288.1,4081.9,9,1,4081.8,18,2,4081.7,9,1,4081.6,9,1,4081.5,35,2,4083.2,17,1,4083.8,3,1,4084.0,27,2,4084.1,10,1,4084.2,23,1
11483,2026-07-02 09:17:31+05:30,4081.2,6,4089.57,49795,63236.0,87236.0,4100.0,4110.0,4076.0,4092.6,21732725,4501.8,3683.4,4440.0,3288.1,4081.9,9,1,4081.8,18,2,4081.7,9,1,4081.6,9,1,4081.5,35,2,4083.2,17,1,4083.8,3,1,4084.0,27,2,4084.1,10,1,4084.2,23,1
11483,2026-07-02 09:17:32+05:30,4083.9,9,4089.57,49795,63236.0,87236.0,4100.0,4110.0,4076.0,4092.6,21732725,4501.8,3683.4,4440.0,3288.1,4081.9,9,1,4081.8,18,2,4081.7,9,1,4081.6,9,1,4081.5,35,2,4083.2,17,1,4083.8,3,1,4084.0,27,2,4084.1,10,1,4084.2,23,1
11483,2026-07-02 09:17:32+05:30,4083.9,9,4089.56,49885,63008.0,87922.0,4100.0,4110.0,4076.0,4092.6,21732725,4501.8,3683.4,4440.0,3288.1,4081.2,2,1,4080.9,101,2,4080.3,26,1,4080.1,2,1,4080.0,67,5,4083.3,75,6,4083.4,5,1,4083.7,124,4,4083.8,32,3,4083.9,20,4
11483,2026-07-02 09:17:33+05:30,4083.7,1,4089.56,49885,63008.0,87922.0,4100.0,4110.0,4076.0,4092.6,21732725,4501.8,3683.4,4440.0,3288.1,4081.2,2,1,4080.9,101,2,4080.3,26,1,4080.1,2,1,4080.0,67,5,4083.3,75,6,4083.4,5,1,4083.7,124,4,4083.8,32,3,4083.9,20,4
11483,2026-07-02 09:17:33+05:30,4084.0,1,4089.53,50103,64242.0,86858.0,4100.0,4110.0,4076.0,4092.6,21732725,4501.8,3683.4,4440.0,3288.1,4082.6,1,1,4081.4,57,3,4081.3,28,2,4081.2,11,2,4081.1,44,1,4083.7,2,1,4084.0,23,2,4084.1,26,3,4084.2,5,1,4084.3,61,1
11483,2026-07-02 09:17:34+05:30,4084.0,1,4089.53,50103,64242.0,86858.0,4100.0,4110.0,4076.0,4092.6,21732725,4501.8,3683.4,4440.0,3288.1,4082.6,1,1,4081.4,57,3,4081.3,28,2,4081.2,11,2,4081.1,44,1,4083.7,2,1,4084.0,23,2,4084.1,26,3,4084.2,5,1,4084.3,61,1
11483,2026-07-02 09:17:34+05:30,4084.0,66,4089.5,50287,64851.0,87119.0,4100.0,4110.0,4076.0,4092.6,21732725,4501.8,3683.4,4440.0,3288.1,4082.2,18,1,4082.0,9,1,4081.9,9,1,4081.8,32,2,4081.4,25,1,4083.8,21,3,4083.9,2,1,4084.0,22,1,4084.1,24,2,4084.2,14,1
11483,2026-07-02 09:17:35+05:30,4084.0,66,4089.5,50287,64851.0,87119.0,4100.0,4110.0,4076.0,4092.6,21732725,4501.8,3683.4,4440.0,3288.1,4082.2,18,1,4082.0,9,1,4081.9,9,1,4081.8,32,2,4081.4,25,1,4083.8,21,3,4083.9,2,1,4084.0,22,1,4084.1,24,2,4084.2,14,1
11483,2026-07-02 09:17:35+05:30,4084.1,5,4089.49,50377,64590.0,86882.0,4100.0,4110.0,4076.0,4092.6,21732725,4501.8,3683.4,4440.0,3288.1,4082.1,4,1,4082.0,32,2,4081.9,32,2,4081.7,21,2,4081.6,29,3,4083.5,2,1,4084.0,3,1,4084.1,31,2,4084.4,39,3,4084.5,22,1
11483,2026-07-02 09:17:36+05:30,4084.1,1,4089.49,50377,64590.0,86882.0,4100.0,4110.0,4076.0,4092.6,21732725,4501.8,3683.4,4440.0,3288.1,4082.1,4,1,4082.0,32,2,4081.9,32,2,4081.7,21,2,4081.6,29,3,4083.5,2,1,4084.0,3,1,4084.1,31,2,4084.4,39,3,4084.5,22,1
11483,2026-07-02 09:17:37+05:30,4084.4,1,4089.49,50469,65577.0,86429.0,4100.0,4110.0,4076.0,4092.6,21732725,4501.8,3683.4,4440.0,3288.1,4082.7,23,1,4082.6,24,2,4082.5,7,1,4082.4,4,1,4082.3,30,3,4084.4,24,5,4084.8,41,2,4085.0,25,2,4085.1,28,1,4085.2,43,2
11483,2026-07-02 09:17:37+05:30,4084.4,1,4089.49,50469,65577.0,86429.0,4100.0,4110.0,4076.0,4092.6,21732725,4501.8,3683.4,4440.0,3288.1,4082.7,23,1,4082.6,24,2,4082.5,7,1,4082.4,4,1,4082.3,30,3,4084.4,24,5,4084.8,41,2,4085.0,25,2,4085.1,28,1,4085.2,43,2
11483,2026-07-02 09:17:38+05:30,4083.6,1,4089.47,50561,64911.0,86732.0,4100.0,4110.0,4076.0,4092.6,21732725,4501.8,3683.4,4440.0,3288.1,4082.0,30,1,4081.9,25,1,4081.2,22,3,4081.1,1,1,4081.0,30,1,4083.6,21,4,4083.7,6,1,4083.9,18,2,4084.0,23,2,4084.2,6,1
11483,2026-07-02 09:17:38+05:30,4083.6,1,4089.47,50561,64911.0,86732.0,4100.0,4110.0,4076.0,4092.6,21732725,4501.8,3683.4,4440.0,3288.1,4082.0,30,1,4081.9,25,1,4081.2,22,3,4081.1,1,1,4081.0,30,1,4083.6,21,4,4083.7,6,1,4083.9,18,2,4084.0,23,2,4084.2,6,1
11483,2026-07-02 09:17:39+05:30,4084.1,23,4089.44,50841,64993.0,86434.0,4100.0,4110.0,4076.0,4092.6,21732725,4501.8,3683.4,4440.0,3288.1,4082.0,30,1,4081.9,25,1,4081.5,15,1,4081.4,48,1,4081.3,55,2,4084.1,44,5,4084.3,44,3,4084.4,1,1,4084.5,59,3,4084.6,30,1
11483,2026-07-02 09:17:39+05:30,4084.0,2,4089.44,50841,64993.0,86434.0,4100.0,4110.0,4076.0,4092.6,21732725,4501.8,3683.4,4440.0,3288.1,4082.0,30,1,4081.9,25,1,4081.5,15,1,4081.4,48,1,4081.3,55,2,4084.1,44,5,4084.3,44,3,4084.4,1,1,4084.5,59,3,4084.6,30,1
11483,2026-07-02 09:17:40+05:30,4084.7,9,4089.43,50970,65666.0,86602.0,4100.0,4110.0,4076.0,4092.6,21732725,4501.8,3683.4,4440.0,3288.1,4082.4,25,1,4082.3,13,1,4082.1,36,1,4082.0,30,1,4081.9,25,1,4084.6,22,3,4084.7,27,4,4084.8,52,4,4084.9,18,1,4085.0,83,4
11483,2026-07-02 09:17:40+05:30,4084.7,9,4089.43,50970,65666.0,86602.0,4100.0,4110.0,4076.0,4092.6,21732725,4501.8,3683.4,4440.0,3288.1,4082.4,25,1,4082.3,13,1,4082.1,36,1,4082.0,30,1,4081.9,25,1,4084.6,22,3,4084.7,27,4,4084.8,52,4,4084.9,18,1,4085.0,83,4
11483,2026-07-02 09:17:41+05:30,4084.0,100,4089.41,51161,66166.0,87021.0,4100.0,4110.0,4076.0,4092.6,21732725,4501.8,3683.4,4440.0,3288.1,4082.8,25,1,4082.3,13,1,4082.0,30,1,4081.9,25,1,4081.8,42,2,4084.4,25,4,4084.5,2,1,4084.6,27,2,4084.7,13,2,4084.8,50,3
11483,2026-07-02 09:17:41+05:30,4084.4,1,4089.41,51161,66166.0,87021.0,4100.0,4110.0,4076.0,4092.6,21732725,4501.8,3683.4,4440.0,3288.1,4082.8,25,1,4082.3,13,1,4082.0,30,1,4081.9,25,1,4081.8,42,2,4084.4,25,4,4084.5,2,1,4084.6,27,2,4084.7,13,2,4084.8,50,3
11483,2026-07-02 09:17:42+05:30,4085.0,4,4089.39,51360,65995.0,86810.0,4100.0,4110.0,4076.0,4092.6,21732725,4501.8,3683.4,4440.0,3288.1,4082.8,44,2,4082.4,36,1,4082.3,51,2,4082.2,22,1,4082.1,30,1,4084.8,32,1,4084.9,25,4,4085.0,62,4,4085.1,3,1,4085.2,35,3
11483,2026-07-02 09:17:42+05:30,4085.0,4,4089.39,51360,65995.0,86810.0,4100.0,4110.0,4076.0,4092.6,21732725,4501.8,3683.4,4440.0,3288.1,4082.8,44,2,4082.4,36,1,4082.3,51,2,4082.2,22,1,4082.1,30,1,4084.8,32,1,4084.9,25,4,4085.0,62,4,4085.1,3,1,4085.2,35,3
11483,2026-07-02 09:17:43+05:30,4082.9,16,4089.39,51411,65820.0,86556.0,4100.0,4110.0,4076.0,4092.6,21732725,4501.8,3683.4,4440.0,3288.1,4082.8,25,1,4082.3,13,1,4082.0,30,1,4081.9,55,2,4081.4,50,2,4084.0,27,4,4084.2,10,1,4084.4,27,3,4084.6,35,3,4084.7,15,2
11483,2026-07-02 09:17:43+05:30,4082.9,16,4089.39,51411,65820.0,86556.0,4100.0,4110.0,4076.0,4092.6,21732725,4501.8,3683.4,4440.0,3288.1,4082.8,25,1,4082.3,13,1,4082.0,30,1,4081.9,55,2,4081.4,50,2,4084.0,27,4,4084.2,10,1,4084.4,27,3,4084.6,35,3,4084.7,15,2
11483,2026-07-02 09:17:44+05:30,4083.5,1,4089.39,51411,65820.0,86556.0,4100.0,4110.0,4076.0,4092.6,21732725,4501.8,3683.4,4440.0,3288.1,4082.8,25,1,4082.3,13,1,4082.0,30,1,4081.9,55,2,4081.4,50,2,4084.0,27,4,4084.2,10,1,4084.4,27,3,4084.6,35,3,4084.7,15,2
11483,2026-07-02 09:17:44+05:30,4083.5,1,4089.39,51412,65125.0,87787.0,4100.0,4110.0,4076.0,4092.6,21732725,4501.8,3683.4,4440.0,3288.1,4082.8,25,1,4082.0,30,1,4081.9,25,1,4081.4,30,1,4081.3,20,1,4083.5,19,3,4083.6,10,2,4084.0,134,5,4084.1,11,1,4084.2,67,1
11483,2026-07-02 09:17:45+05:30,4082.9,1,4089.39,51412,65125.0,87787.0,4100.0,4110.0,4076.0,4092.6,21732725,4501.8,3683.4,4440.0,3288.1,4082.8,25,1,4082.0,30,1,4081.9,25,1,4081.4,30,1,4081.3,20,1,4083.5,19,3,4083.6,10,2,4084.0,134,5,4084.1,11,1,4084.2,67,1
11483,2026-07-02 09:17:45+05:30,4083.0,3,4089.38,51481,64885.0,88072.0,4100.0,4110.0,4076.0,4092.6,21732725,4501.8,3683.4,4440.0,3288.1,4082.0,30,1,4081.2,31,3,4081.0,57,3,4080.9,100,1,4080.7,30,1,4083.0,30,2,4083.3,1,1,4083.4,3,1,4083.5,3,1,4083.6,22,1
11483,2026-07-02 09:17:46+05:30,4083.0,1,4089.38,51481,64885.0,88072.0,4100.0,4110.0,4076.0,4092.6,21732725,4501.8,3683.4,4440.0,3288.1,4082.0,30,1,4081.2,31,3,4081.0,57,3,4080.9,100,1,4080.7,30,1,4083.0,30,2,4083.3,1,1,4083.4,3,1,4083.5,3,1,4083.6,22,1
11483,2026-07-02 09:17:46+05:30,4083.7,2,4089.38,51492,65547.0,88210.0,4100.0,4110.0,4076.0,4092.6,21732725,4501.8,3683.4,4440.0,3288.1,4082.0,30,1,4081.3,44,2,4081.2,58,5,4081.0,58,3,4080.9,100,1,4083.2,23,3,4083.3,5,2,4083.5,26,2,4083.6,22,1,4083.8,7,1
11483,2026-07-02 09:17:47+05:30,4081.3,15,4089.38,51492,65547.0,88210.0,4100.0,4110.0,4076.0,4092.6,21732725,4501.8,3683.4,4440.0,3288.1,4082.0,30,1,4081.3,44,2,4081.2,58,5,4081.0,58,3,4080.9,100,1,4083.2,23,3,4083.3,5,2,4083.5,26,2,4083.6,22,1,4083.8,7,1
11483,2026-07-02 09:17:47+05:30,4083.0,1,4089.37,51548,65463.0,88191.0,4100.0,4110.0,4076.0,4092.6,21732725,4501.8,3683.4,4440.0,3288.1,4081.2,29,2,4081.1,13,1,4081.0,40,2,4080.9,100,1,4080.8,18,1,4083.0,22,3,4083.1,24,2,4083.3,17,2,4083.5,39,3,4083.6,22,1
11483,2026-07-02 09:17:48+05:30,4082.0,2,4089.37,51548,65463.0,88191.0,4100.0,4110.0,4076.0,4092.6,21732725,4501.8,3683.4,4440.0,3288.1,4081.2,29,2,4081.1,13,1,4081.0,40,2,4080.9,100,1,4080.8,18,1,4083.0,22,3,4083.1,24,2,4083.3,17,2,4083.5,39,3,4083.6,22,1
11483,2026-07-02 09:17:49+05:30,4082.0,2,4089.31,52029,63970.0,89059.0,4100.0,4110.0,4076.0,4092.6,21732725,4501.8,3683.4,4440.0,3288.1,4081.0,10,1,4080.9,100,1,4080.1,32,1,4080.0,443,8,4079.9,83,2,4082.5,83,7,4082.6,21,3,4082.7,35,1,4082.8,9,2,4083.1,12,1
11483,2026-07-02 09:17:49+05:30,4082.8,2,4089.31,52029,63970.0,89059.0,4100.0,4110.0,4076.0,4092.6,21732725,4501.8,3683.4,4440.0,3288.1,4081.0,10,1,4080.9,100,1,4080.1,32,1,4080.0,443,8,4079.9,83,2,4082.5,83,7,4082.6,21,3,4082.7,35,1,4082.8,9,2,4083.1,12,1
11483,2026-07-02 09:17:50+05:30,4081.2,1,4089.22,52764,65132.0,87689.0,4100.0,4110.0,4076.0,4092.6,21732725,4501.8,3683.4,4440.0,3288.1,4081.4,11,1,4081.3,11,1,4081.1,20,3,4081.0,84,4,4080.9,102,2,4083.3,26,4,4083.4,20,3,4083.5,12,1,4083.6,1,1,4083.9,17,2
11483,2026-07-02 09:17:50+05:30,4081.2,1,4089.22,52764,65132.0,87689.0,4100.0,4110.0,4076.0,4092.6,21732725,4501.8,3683.4,4440.0,3288.1,4081.4,11,1,4081.3,11,1,4081.1,20,3,4081.0,84,4,4080.9,102,2,4083.3,26,4,4083.4,20,3,4083.5,12,1,4083.6,1,1,4083.9,17,2
11483,2026-07-02 09:17:51+05:30,4082.3,2,4089.22,52769,65140.0,88308.0,4100.0,4110.0,4076.0,4092.6,21732725,4501.8,3683.4,4440.0,3288.1,4080.9,95,1,4080.5,14,2,4080.3,15,1,4080.1,24,2,4080.0,443,8,4082.4,24,3,4082.5,6,2,4082.6,12,1,4082.7,22,2,4082.8,48,2
11483,2026-07-02 09:17:51+05:30,4082.4,2,4089.22,52769,65140.0,88308.0,4100.0,4110.0,4076.0,4092.6,21732725,4501.8,3683.4,4440.0,3288.1,4080.9,95,1,4080.5,14,2,4080.3,15,1,4080.1,24,2,4080.0,443,8,4082.4,24,3,4082.5,6,2,4082.6,12,1,4082.7,22,2,4082.8,48,2
11483,2026-07-02 09:17:52+05:30,4082.4,2,4089.22,52776,65406.0,88801.0,4100.0,4110.0,4076.0,4092.6,21732725,4501.8,3683.4,4440.0,3288.1,4081.2,27,3,4081.1,34,4,4081.0,101,6,4080.9,92,2,4080.7,33,5,4082.6,2,1,4083.1,13,2,4083.3,3,1,4083.5,25,2,4083.9,17,2
11483,2026-07-02 09:17:52+05:30,4083.1,1,4089.22,52776,65406.0,88801.0,4100.0,4110.0,4076.0,4092.6,21732725,4501.8,3683.4,4440.0,3288.1,4081.2,27,3,4081.1,34,4,4081.0,101,6,4080.9,92,2,4080.7,33,5,4082.6,2,1,4083.1,13,2,4083.3,3,1,4083.5,25,2,4083.9,17,2
11483,2026-07-02 09:17:53+05:30,4081.7,5,4089.22,52787,65261.0,88550.0,4100.0,4110.0,4076.0,4092.6,21732725,4501.8,3683.4,4440.0,3288.1,4081.7,14,1,4081.4,21,1,4081.3,15,2,4081.2,40,5,4081.1,3,1,4083.1,15,4,4083.5,12,1,4083.9,36,3,4084.0,92,3,4084.1,22,1
11483,2026-07-02 09:17:53+05:30,4081.7,5,4089.22,52787,65261.0,88550.0,4100.0,4110.0,4076.0,4092.6,21732725,4501.8,3683.4,4440.0,3288.1,4081.7,14,1,4081.4,21,1,4081.3,15,2,4081.2,40,5,4081.1,3,1,4083.1,15,4,4083.5,12,1,4083.9,36,3,4084.0,92,3,4084.1,22,1
11483,2026-07-02 09:17:54+05:30,4083.1,1,4089.22,52793,65445.0,88666.0,4100.0,4110.0,4076.0,4092.6,21732725,4501.8,3683.4,4440.0,3288.1,4081.8,44,3,4081.6,14,1,4081.4,19,1,4081.3,43,4,4081.2,108,7,4083.1,4,2,4083.8,2,1,4083.9,17,2,4084.0,117,4,4084.1,20,1
11483,2026-07-02 09:17:54+05:30,4083.1,1,4089.22,52793,65445.0,88666.0,4100.0,4110.0,4076.0,4092.6,21732725,4501.8,3683.4,4440.0,3288.1,4081.8,44,3,4081.6,14,1,4081.4,19,1,4081.3,43,4,4081.2,108,7,4083.1,4,2,4083.8,2,1,4083.9,17,2,4084.0,117,4,4084.1,20,1
11483,2026-07-02 09:17:55+05:30,4083.5,11,4089.22,52793,65445.0,88666.0,4100.0,4110.0,4076.0,4092.6,21732725,4501.8,3683.4,4440.0,3288.1,4081.8,44,3,4081.6,14,1,4081.4,19,1,4081.3,43,4,4081.2,108,7,4083.1,4,2,4083.8,2,1,4083.9,17,2,4084.0,117,4,4084.1,20,1
11483,2026-07-02 09:17:55+05:30,4083.5,11,4089.17,53108,65511.0,89000.0,4100.0,4110.0,4076.0,4092.6,21732725,4501.8,3683.4,4440.0,3288.1,4081.4,34,3,4081.3,3,1,4081.2,50,1,4081.1,7,1,4081.0,45,3,4083.1,2,1,4083.2,25,2,4083.3,15,2,4083.4,29,2,4083.7,25,1
11483,2026-07-02 09:17:56+05:30,4083.0,5,4089.17,53108,65511.0,89000.0,4100.0,4110.0,4076.0,4092.6,21732725,4501.8,3683.4,4440.0,3288.1,4081.4,34,3,4081.3,3,1,4081.2,50,1,4081.1,7,1,4081.0,45,3,4083.1,2,1,4083.2,25,2,4083.3,15,2,4083.4,29,2,4083.7,25,1
11483,2026-07-02 09:17:56+05:30,4083.0,5,4089.17,53117,65602.0,88889.0,4100.0,4110.0,4076.0,4092.6,21732725,4501.8,3683.4,4440.0,3288.1,4081.3,28,2,4081.2,50,1,4081.1,22,1,4081.0,125,4,4080.9,90,1,4083.1,7,2,4083.3,37,3,4083.4,26,2,4083.5,4,1,4083.7,25,1
11483,2026-07-02 09:17:57+05:30,4083.0,5,4089.17,53117,65785.0,89285.0,4100.0,4110.0,4076.0,4092.6,21732725,4501.8,3683.4,4440.0,3288.1,4081.8,20,1,4081.7,25,2,4081.2,50,1,4081.1,12,1,4081.0,115,2,4082.8,2,1,4083.6,2,1,4083.7,19,1,4083.8,21,2,4083.9,62,4
11483,2026-07-02 09:17:58+05:30,4083.4,6,4089.17,53117,65785.0,89285.0,4100.0,4110.0,4076.0,4092.6,21732725,4501.8,3683.4,4440.0,3288.1,4081.8,20,1,4081.7,25,2,4081.2,50,1,4081.1,12,1,4081.0,115,2,4082.8,2,1,4083.6,2,1,4083.7,19,1,4083.8,21,2,4083.9,62,4
11483,2026-07-02 09:17:59+05:30,4082.8,48,4089.14,53400,64913.0,89429.0,4100.0,4110.0,4076.0,4092.6,21732725,4501.8,3683.4,4440.0,3288.1,4081.3,11,1,4081.2,50,1,4081.0,100,1,4080.9,90,1,4080.7,18,1,4082.7,8,2,4082.8,14,3,4083.0,26,1,4083.1,30,3,4083.2,11,1
11483,2026-07-02 09:17:59+05:30,4082.8,48,4089.14,53400,64913.0,89429.0,4100.0,4110.0,4076.0,4092.6,21732725,4501.8,3683.4,4440.0,3288.1,4081.3,11,1,4081.2,50,1,4081.0,100,1,4080.9,90,1,4080.7,18,1,4082.7,8,2,4082.8,14,3,4083.0,26,1,4083.1,30,3,4083.2,11,1
11483,2026-07-02 09:17:59+05:30,4082.7,1,4089.14,53400,64913.0,89429.0,4100.0,4110.0,4076.0,4092.6,21732725,4501.8,3683.4,4440.0,3288.1,4081.3,11,1,4081.2,50,1,4081.0,100,1,4080.9,90,1,4080.7,18,1,4082.7,8,2,4082.8,14,3,4083.0,26,1,4083.1,30,3,4083.2,11,1
11483,2026-07-02 09:17:59+05:30,4082.7,1,4089.14,53400,64913.0,89429.0,4100.0,4110.0,4076.0,4092.6,21732725,4501.8,3683.4,4440.0,3288.1,4081.3,11,1,4081.2,50,1,4081.0,100,1,4080.9,90,1,4080.7,18,1,4082.7,8,2,4082.8,14,3,4083.0,26,1,4083.1,30,3,4083.2,11,1
11483,2026-07-02 09:18:00+05:30,4082.7,1,4089.14,53400,64913.0,89429.0,4100.0,4110.0,4076.0,4092.6,21732725,4501.8,3683.4,4440.0,3288.1,4081.3,11,1,4081.2,50,1,4081.0,100,1,4080.9,90,1,4080.7,18,1,4082.7,8,2,4082.8,14,3,4083.0,26,1,4083.1,30,3,4083.2,11,1
11483,2026-07-02 09:18:00+05:30,4082.7,1,4089.14,53401,65329.0,89824.0,4100.0,4110.0,4076.0,4092.6,21732725,4501.8,3683.4,4440.0,3288.1,4081.3,14,2,4081.2,50,1,4081.1,3,1,4081.0,119,2,4080.9,90,1,4082.7,1,1,4082.8,8,2,4083.0,68,1,4083.1,1,1,4083.2,11,1
11483,2026-07-02 09:18:00+05:30,4082.7,1,4089.14,53401,65329.0,89824.0,4100.0,4110.0,4076.0,4092.6,21732725,4501.8,3683.4,4440.0,3288.1,4081.3,14,2,4081.2,50,1,4081.1,3,1,4081.0,119,2,4080.9,90,1,4082.7,1,1,4082.8,8,2,4083.0,68,1,4083.1,1,1,4083.2,11,1
11483,2026-07-02 09:18:01+05:30,4082.7,1,4089.14,53401,65329.0,89824.0,4100.0,4110.0,4076.0,4092.6,21732725,4501.8,3683.4,4440.0,3288.1,4081.3,14,2,4081.2,50,1,4081.1,3,1,4081.0,119,2,4080.9,90,1,4082.7,1,1,4082.8,8,2,4083.0,68,1,4083.1,1,1,4083.2,11,1
11483,2026-07-02 09:18:01+05:30,4082.8,4,4089.13,53408,65808.0,89976.0,4100.0,4110.0,4076.0,4092.6,21732725,4501.8,3683.4,4440.0,3288.1,4081.7,100,1,4081.3,14,2,4081.2,50,1,4081.0,222,4,4080.9,108,2,4082.8,58,2,4083.0,99,3,4083.1,1,1,4083.2,11,1,4083.5,22,1
11483,2026-07-02 09:18:01+05:30,4082.8,4,4089.13,53408,65808.0,89976.0,4100.0,4110.0,4076.0,4092.6,21732725,4501.8,3683.4,4440.0,3288.1,4081.7,100,1,4081.3,14,2,4081.2,50,1,4081.0,222,4,4080.9,108,2,4082.8,58,2,4083.0,99,3,4083.1,1,1,4083.2,11,1,4083.5,22,1
11483,2026-07-02 09:18:01+05:30,4081.2,2,4089.13,53408,65808.0,89976.0,4100.0,4110.0,4076.0,4092.6,21732725,4501.8,3683.4,4440.0,3288.1,4081.7,100,1,4081.3,14,2,4081.2,50,1,4081.0,222,4,4080.9,108,2,4082.8,58,2,4083.0,99,3,4083.1,1,1,4083.2,11,1,4083.5,22,1
11483,2026-07-02 09:18:01+05:30,4081.2,2,4089.13,53408,65808.0,89976.0,4100.0,4110.0,4076.0,4092.6,21732725,4501.8,3683.4,4440.0,3288.1,4081.7,100,1,4081.3,14,2,4081.2,50,1,4081.0,222,4,4080.9,108,2,4082.8,58,2,4083.0,99,3,4083.1,1,1,4083.2,11,1,4083.5,22,1
11483,2026-07-02 09:18:02+05:30,4081.2,2,4089.13,53408,65808.0,89976.0,4100.0,4110.0,4076.0,4092.6,21732725,4501.8,3683.4,4440.0,3288.1,4081.7,100,1,4081.3,14,2,4081.2,50,1,4081.0,222,4,4080.9,108,2,4082.8,58,2,4083.0,99,3,4083.1,1,1,4083.2,11,1,4083.5,22,1
11483,2026-07-02 09:18:02+05:30,4081.2,2,4089.13,53408,65808.0,89976.0,4100.0,4110.0,4076.0,4092.6,21737800,4501.8,3683.4,4440.0,3288.1,4081.7,100,1,4081.3,14,2,4081.2,50,1,4081.0,222,4,4080.9,108,2,4082.8,58,2,4083.0,99,3,4083.1,1,1,4083.2,11,1,4083.5,22,1
11483,2026-07-02 09:18:02+05:30,4082.4,13,4089.09,53728,64842.0,90441.0,4100.0,4110.0,4076.0,4092.6,21737800,4501.8,3683.4,4440.0,3288.1,4081.0,139,2,4080.9,90,1,4080.5,30,2,4080.1,5,1,4080.0,578,13,4081.7,2,1,4082.3,12,1,4082.4,19,2,4082.5,48,3,4082.6,5,1
11483,2026-07-02 09:18:02+05:30,4082.4,13,4089.09,53728,64842.0,90441.0,4100.0,4110.0,4076.0,4092.6,21737800,4501.8,3683.4,4440.0,3288.1,4081.0,139,2,4080.9,90,1,4080.5,30,2,4080.1,5,1,4080.0,578,13,4081.7,2,1,4082.3,12,1,4082.4,19,2,4082.5,48,3,4082.6,5,1
11483,2026-07-02 09:18:02+05:30,4082.4,1,4089.09,53728,64842.0,90441.0,4100.0,4110.0,4076.0,4092.6,21737800,4501.8,3683.4,4440.0,3288.1,4081.0,139,2,4080.9,90,1,4080.5,30,2,4080.1,5,1,4080.0,578,13,4081.7,2,1,4082.3,12,1,4082.4,19,2,4082.5,48,3,4082.6,5,1
11483,2026-07-02 09:18:02+05:30,4082.4,1,4089.09,53728,64842.0,90441.0,4100.0,4110.0,4076.0,4092.6,21737800,4501.8,3683.4,4440.0,3288.1,4081.0,139,2,4080.9,90,1,4080.5,30,2,4080.1,5,1,4080.0,578,13,4081.7,2,1,4082.3,12,1,4082.4,19,2,4082.5,48,3,4082.6,5,1
11483,2026-07-02 09:18:03+05:30,4082.4,1,4089.09,53728,64842.0,90441.0,4100.0,4110.0,4076.0,4092.6,21737800,4501.8,3683.4,4440.0,3288.1,4081.0,139,2,4080.9,90,1,4080.5,30,2,4080.1,5,1,4080.0,578,13,4081.7,2,1,4082.3,12,1,4082.4,19,2,4082.5,48,3,4082.6,5,1
11483,2026-07-02 09:18:03+05:30,4082.8,48,4089.08,53801,65297.0,89869.0,4100.0,4110.0,4076.0,4092.6,21737800,4501.8,3683.4,4440.0,3288.1,4081.2,14,2,4081.1,37,4,4081.0,148,4,4080.9,92,2,4080.8,7,1,4082.8,10,2,4082.9,2,1,4083.0,87,2,4083.4,23,1,4083.5,5,1
11483,2026-07-02 09:18:03+05:30,4082.8,48,4089.08,53801,65297.0,89869.0,4100.0,4110.0,4076.0,4092.6,21737800,4501.8,3683.4,4440.0,3288.1,4081.2,14,2,4081.1,37,4,4081.0,148,4,4080.9,92,2,4080.8,7,1,4082.8,10,2,4082.9,2,1,4083.0,87,2,4083.4,23,1,4083.5,5,1
11483,2026-07-02 09:18:03+05:30,4082.8,48,4089.08,53801,65297.0,89869.0,4100.0,4110.0,4076.0,4092.6,21737800,4501.8,3683.4,4440.0,3288.1,4081.2,14,2,4081.1,37,4,4081.0,148,4,4080.9,92,2,4080.8,7,1,4082.8,10,2,4082.9,2,1,4083.0,87,2,4083.4,23,1,4083.5,5,1
11483,2026-07-02 09:18:04+05:30,4082.8,48,4089.08,53801,65297.0,89869.0,4100.0,4110.0,4076.0,4092.6,21737800,4501.8,3683.4,4440.0,3288.1,4081.2,14,2,4081.1,37,4,4081.0,148,4,4080.9,92,2,4080.8,7,1,4082.8,10,2,4082.9,2,1,4083.0,87,2,4083.4,23,1,4083.5,5,1
11483,2026-07-02 09:18:04+05:30,4082.7,1,4089.08,53802,65478.0,89653.0,4100.0,4110.0,4076.0,4092.6,21737800,4501.8,3683.4,4440.0,3288.1,4082.0,4,1,4081.7,5,1,4081.1,16,1,4081.0,139,2,4080.9,90,1,4082.8,22,3,4083.0,87,2,4083.1,38,2,4083.2,12,1,4083.4,11,1
11483,2026-07-02 09:18:04+05:30,4082.0,1,4089.08,53802,65478.0,89653.0,4100.0,4110.0,4076.0,4092.6,21737800,4501.8,3683.4,4440.0,3288.1,4082.0,4,1,4081.7,5,1,4081.1,16,1,4081.0,139,2,4080.9,90,1,4082.8,22,3,4083.0,87,2,4083.1,38,2,4083.2,12,1,4083.4,11,1
11483,2026-07-02 09:18:05+05:30,4082.6,1,4089.08,53808,65416.0,89650.0,4100.0,4110.0,4076.0,4092.6,21737800,4501.8,3683.4,4440.0,3288.1,4082.0,24,1,4081.7,5,1,4081.1,16,1,4081.0,154,3,4080.9,90,1,4082.6,30,4,4082.7,8,3,4082.8,61,2,4082.9,8,1,4083.0,117,4
11483,2026-07-02 09:18:05+05:30,4082.6,1,4089.08,53808,65416.0,89650.0,4100.0,4110.0,4076.0,4092.6,21737800,4501.8,3683.4,4440.0,3288.1,4082.0,24,1,4081.7,5,1,4081.1,16,1,4081.0,154,3,4080.9,90,1,4082.6,30,4,4082.7,8,3,4082.8,61,2,4082.9,8,1,4083.0,117,4
11483,2026-07-02 09:18:06+05:30,4082.6,1,4089.08,53809,66009.0,89814.0,4100.0,4110.0,4076.0,4092.6,21737800,4501.8,3683.4,4440.0,3288.1,4082.0,24,1,4081.7,5,1,4081.1,16,1,4081.0,154,3,4080.9,90,1,4082.5,20,3,4082.6,64,4,4082.7,11,3,4082.8,8,1,4082.9,8,1
11483,2026-07-02 09:18:06+05:30,4082.6,1,4089.08,53809,66009.0,89814.0,4100.0,4110.0,4076.0,4092.6,21737800,4501.8,3683.4,4440.0,3288.1,4082.0,24,1,4081.7,5,1,4081.1,16,1,4081.0,154,3,4080.9,90,1,4082.5,20,3,4082.6,64,4,4082.7,11,3,4082.8,8,1,4082.9,8,1
11483,2026-07-02 09:18:07+05:30,4082.6,74,4089.08,53809,66009.0,89814.0,4100.0,4110.0,4076.0,4092.6,21737800,4501.8,3683.4,4440.0,3288.1,4082.0,24,1,4081.7,5,1,4081.1,16,1,4081.0,154,3,4080.9,90,1,4082.5,20,3,4082.6,64,4,4082.7,11,3,4082.8,8,1,4082.9,8,1
11483,2026-07-02 09:18:07+05:30,4083.0,52,4089.04,54116,66329.0,89484.0,4100.0,4110.0,4076.0,4092.6,21737800,4501.8,3683.4,4440.0,3288.1,4082.0,17,1,4081.7,5,1,4081.5,10,1,4081.4,15,1,4081.2,65,2,4083.0,49,4,4083.3,14,1,4083.5,5,1,4083.6,20,2,4083.7,4,1
11483,2026-07-02 09:18:08+05:30,4083.9,64,4089.04,54116,66329.0,89484.0,4100.0,4110.0,4076.0,4092.6,21737800,4501.8,3683.4,4440.0,3288.1,4082.0,17,1,4081.7,5,1,4081.5,10,1,4081.4,15,1,4081.2,65,2,4083.0,49,4,4083.3,14,1,4083.5,5,1,4083.6,20,2,4083.7,4,1
11483,2026-07-02 09:18:08+05:30,4081.4,31,4089.01,54406,66516.0,89601.0,4100.0,4110.0,4076.0,4092.6,21737800,4501.8,3683.4,4440.0,3288.1,4081.4,20,2,4081.2,19,1,4081.1,16,1,4081.0,154,3,4080.9,108,3,4083.0,13,2,4083.1,12,2,4083.4,27,1,4083.5,34,2,4083.8,19,1
11483,2026-07-02 09:18:09+05:30,4081.4,31,4089.01,54406,66516.0,89601.0,4100.0,4110.0,4076.0,4092.6,21737800,4501.8,3683.4,4440.0,3288.1,4081.4,20,2,4081.2,19,1,4081.1,16,1,4081.0,154,3,4080.9,108,3,4083.0,13,2,4083.1,12,2,4083.4,27,1,4083.5,34,2,4083.8,19,1
11483,2026-07-02 09:18:09+05:30,4081.0,51,4089.0,54496,65972.0,89985.0,4100.0,4110.0,4076.0,4092.6,21737800,4501.8,3683.4,4440.0,3288.1,4081.0,64,2,4080.9,90,1,4080.7,3,1,4080.6,17,2,4080.5,58,3,4082.5,18,3,4082.6,7,2,4082.8,27,1,4082.9,13,2,4083.0,41,2
11483,2026-07-02 09:18:10+05:30,4081.0,51,4089.0,54496,65972.0,89985.0,4100.0,4110.0,4076.0,4092.6,21737800,4501.8,3683.4,4440.0,3288.1,4081.0,64,2,4080.9,90,1,4080.7,3,1,4080.6,17,2,4080.5,58,3,4082.5,18,3,4082.6,7,2,4082.8,27,1,4082.9,13,2,4083.0,41,2
11483,2026-07-02 09:18:11+05:30,4080.9,26,4088.98,54586,65160.0,90517.0,4100.0,4110.0,4076.0,4092.6,21737800,4501.8,3683.4,4440.0,3288.1,4080.9,64,1,4080.5,30,2,4080.2,4,1,4080.0,456,15,4079.8,2,2,4082.1,10,1,4082.2,10,2,4082.3,2,1,4082.4,35,2,4082.6,38,2
11483,2026-07-02 09:18:11+05:30,4080.9,64,4088.98,54586,65160.0,90517.0,4100.0,4110.0,4076.0,4092.6,21737800,4501.8,3683.4,4440.0,3288.1,4080.9,64,1,4080.5,30,2,4080.2,4,1,4080.0,456,15,4079.8,2,2,4082.1,10,1,4082.2,10,2,4082.3,2,1,4082.4,35,2,4082.6,38,2
11483,2026-07-02 09:18:12+05:30,4081.5,10,4088.95,54845,64492.0,91111.0,4100.0,4110.0,4076.0,4092.6,21737800,4501.8,3683.4,4440.0,3288.1,4080.0,384,12,4079.8,2,2,4079.6,50,1,4079.5,14,1,4079.4,501,2,4081.4,21,3,4081.5,32,1,4081.6,50,3,4081.8,2,1,4082.0,21,1
11483,2026-07-02 09:18:12+05:30,4081.2,1,4088.95,54845,64492.0,91111.0,4100.0,4110.0,4076.0,4092.6,21737800,4501.8,3683.4,4440.0,3288.1,4080.0,384,12,4079.8,2,2,4079.6,50,1,4079.5,14,1,4079.4,501,2,4081.4,21,3,4081.5,32,1,4081.6,50,3,4081.8,2,1,4082.0,21,1
11483,2026-07-02 09:18:13+05:30,4080.0,90,4088.93,54936,65071.0,90615.0,4100.0,4110.0,4076.0,4092.6,21737800,4501.8,3683.4,4440.0,3288.1,4080.4,16,1,4080.2,19,1,4080.1,22,2,4080.0,318,15,4079.9,18,2,4081.4,78,1,4081.5,67,1,4081.6,67,1,4081.8,67,1,4082.0,143,1
11483,2026-07-02 09:18:13+05:30,4080.0,90,4088.93,54936,65071.0,90615.0,4100.0,4110.0,4076.0,4092.6,21737800,4501.8,3683.4,4440.0,3288.1,4080.4,16,1,4080.2,19,1,4080.1,22,2,4080.0,318,15,4079.9,18,2,4081.4,78,1,4081.5,67,1,4081.6,67,1,4081.8,67,1,4082.0,143,1
11483,2026-07-02 09:18:14+05:30,4081.2,3,4088.92,55034,64955.0,90852.0,4100.0,4110.0,4076.0,4092.6,21737800,4501.8,3683.4,4440.0,3288.1,4080.1,25,3,4080.0,279,15,4079.9,35,2,4079.8,17,3,4079.6,92,4,4081.4,75,2,4081.5,67,1,4081.6,67,1,4081.8,97,2,4082.0,143,1
11483,2026-07-02 09:18:14+05:30,4081.2,3,4088.92,55034,64955.0,90852.0,4100.0,4110.0,4076.0,4092.6,21737800,4501.8,3683.4,4440.0,3288.1,4080.1,25,3,4080.0,279,15,4079.9,35,2,4079.8,17,3,4079.6,92,4,4081.4,75,2,4081.5,67,1,4081.6,67,1,4081.8,97,2,4082.0,143,1
11483,2026-07-02 09:18:15+05:30,4080.0,61,4088.9,55124,65150.0,90682.0,4100.0,4110.0,4076.0,4092.6,21737800,4501.8,3683.4,4440.0,3288.1,4081.0,5,1,4080.3,15,3,4080.2,4,1,4080.1,34,3,4080.0,218,15,4081.4,73,1,4081.5,67,1,4081.6,67,1,4081.8,67,1,4082.0,143,1
11483,2026-07-02 09:18:15+05:30,4081.0,5,4088.9,55124,65150.0,90682.0,4100.0,4110.0,4076.0,4092.6,21737800,4501.8,3683.4,4440.0,3288.1,4081.0,5,1,4080.3,15,3,4080.2,4,1,4080.1,34,3,4080.0,218,15,4081.4,73,1,4081.5,67,1,4081.6,67,1,4081.8,67,1,4082.0,143,1
11483,2026-07-02 09:18:16+05:30,4081.0,100,4088.87,55349,66352.0,90446.0,4100.0,4110.0,4076.0,4092.6,21737800,4501.8,3683.4,4440.0,3288.1,4080.1,21,2,4080.0,150,13,4079.9,3,1,4079.8,17,3,4079.7,16,1,4081.4,68,4,4081.5,67,1,4081.6,67,1,4081.8,67,1,4082.0,143,1
11483,2026-07-02 09:18:16+05:30,4081.5,38,4088.87,55349,66352.0,90446.0,4100.0,4110.0,4076.0,4092.6,21737800,4501.8,3683.4,4440.0,3288.1,4080.1,21,2,4080.0,150,13,4079.9,3,1,4079.8,17,3,4079.7,16,1,4081.4,68,4,4081.5,67,1,4081.6,67,1,4081.8,67,1,4082.0,143,1
11483,2026-07-02 09:18:17+05:30,4080.0,3,4088.81,55739,65799.0,92599.0,4100.0,4110.0,4076.0,4092.6,21737800,4501.8,3683.4,4440.0,3288.1,4080.0,74,10,4079.8,2,2,4079.6,50,1,4079.5,14,1,4079.4,520,3,4081.4,21,2,4081.5,82,4,4081.6,78,2,4081.7,7,1,4081.8,67,1
11483,2026-07-02 09:18:17+05:30,4081.2,5,4088.81,55739,65799.0,92599.0,4100.0,4110.0,4076.0,4092.6,21737800,4501.8,3683.4,4440.0,3288.1,4080.0,74,10,4079.8,2,2,4079.6,50,1,4079.5,14,1,4079.4,520,3,4081.4,21,2,4081.5,82,4,4081.6,78,2,4081.7,7,1,4081.8,67,1
11483,2026-07-02 09:18:18+05:30,4081.4,10,4088.8,55846,66228.0,92640.0,4100.0,4110.0,4076.0,4092.6,21737800,4501.8,3683.4,4440.0,3288.1,4080.0,23,2,4079.9,28,3,4079.8,3,1,4079.7,19,2,4079.6,70,3,4081.5,58,2,4081.6,67,1,4081.7,7,1,4081.8,67,1,4082.0,158,3
11483,2026-07-02 09:18:18+05:30,4081.4,10,4088.8,55846,66228.0,92640.0,4100.0,4110.0,4076.0,4092.6,21737800,4501.8,3683.4,4440.0,3288.1,4080.0,23,2,4079.9,28,3,4079.8,3,1,4079.7,19,2,4079.6,70,3,4081.5,58,2,4081.6,67,1,4081.7,7,1,4081.8,67,1,4082.0,158,3
11483,2026-07-02 09:18:19+05:30,4081.2,1,4088.8,55846,66228.0,92640.0,4100.0,4110.0,4076.0,4092.6,21737800,4501.8,3683.4,4440.0,3288.1,4080.0,23,2,4079.9,28,3,4079.8,3,1,4079.7,19,2,4079.6,70,3,4081.5,58,2,4081.6,67,1,4081.7,7,1,4081.8,67,1,4082.0,158,3
11483,2026-07-02 09:18:19+05:30,4080.0,5,4088.78,55967,65874.0,92089.0,4100.0,4110.0,4076.0,4092.6,21737800,4501.8,3683.4,4440.0,3288.1,4079.7,22,1,4079.6,29,2,4079.5,40,3,4079.4,532,4,4079.3,12,1,4081.5,58,2,4081.6,67,1,4081.8,67,1,4081.9,32,1,4082.0,143,1
11483,2026-07-02 09:18:20+05:30,4081.3,3,4088.78,55967,65874.0,92089.0,4100.0,4110.0,4076.0,4092.6,21737800,4501.8,3683.4,4440.0,3288.1,4079.7,22,1,4079.6,29,2,4079.5,40,3,4079.4,532,4,4079.3,12,1,4081.5,58,2,4081.6,67,1,4081.8,67,1,4081.9,32,1,4082.0,143,1
11483,2026-07-02 09:18:20+05:30,4079.4,78,4088.74,56171,65721.0,92837.0,4100.0,4110.0,4076.0,4092.6,21737800,4501.8,3683.4,4440.0,3288.1,4079.4,422,1,4079.2,26,2,4079.1,19,1,4079.0,41,2,4078.8,16,1,4081.0,25,1,4081.1,25,1,4081.2,28,2,4081.3,18,2,4081.4,25,1
11483,2026-07-02 09:18:21+05:30,4079.4,49,4088.67,56643,64910.0,93621.0,4100.0,4110.0,4076.0,4092.6,21737800,4501.8,3683.4,4440.0,3288.1,4079.0,20,1,4078.5,65,2,4078.4,50,1,4078.1,1,1,4078.0,67,6,4079.8,12,2,4079.9,8,1,4080.0,29,2,4080.1,28,2,4080.2,43,3
11483,2026-07-02 09:18:22+05:30,4079.7,20,4088.67,56643,64910.0,93621.0,4100.0,4110.0,4076.0,4092.6,21737800,4501.8,3683.4,4440.0,3288.1,4079.0,20,1,4078.5,65,2,4078.4,50,1,4078.1,1,1,4078.0,67,6,4079.8,12,2,4079.9,8,1,4080.0,29,2,4080.1,28,2,4080.2,43,3
11483,2026-07-02 09:18:23+05:30,4077.2,5,4088.61,56942,64678.0,93582.0,4100.0,4110.0,4076.0,4092.6,21737800,4501.8,3683.4,4440.0,3288.1,4078.0,69,4,4077.9,9,2,4077.8,7,2,4077.7,19,2,4077.6,19,2,4079.8,98,2,4079.9,67,1,4080.0,106,3,4080.1,95,3,4080.2,153,4
11483,2026-07-02 09:18:24+05:30,4078.0,1,4088.58,57159,64572.0,93345.0,4100.0,4110.0,4076.0,4092.6,21737800,4501.8,3683.4,4440.0,3288.1,4078.3,74,5,4078.2,10,2,4078.1,23,2,4078.0,3,1,4077.9,18,3,4079.8,64,1,4079.9,67,1,4080.0,67,1,4080.1,92,2,4080.2,150,3
11483,2026-07-02 09:18:24+05:30,4079.8,27,4088.58,57159,64572.0,93345.0,4100.0,4110.0,4076.0,4092.6,21737800,4501.8,3683.4,4440.0,3288.1,4078.3,74,5,4078.2,10,2,4078.1,23,2,4078.0,3,1,4077.9,18,3,4079.8,64,1,4079.9,67,1,4080.0,67,1,4080.1,92,2,4080.2,150,3
11483,2026-07-02 09:18:25+05:30,4079.6,2,4088.54,57384,64707.0,93590.0,4100.0,4110.0,4076.0,4092.6,21737800,4501.8,3683.4,4440.0,3288.1,4078.0,16,1,4077.6,20,3,4077.5,3,1,4077.4,22,2,4077.2,17,2,4079.6,19,1,4079.7,38,2,4079.8,75,3,4079.9,67,1,4080.0,94,4
11483,2026-07-02 09:18:26+05:30,4078.0,60,4088.51,57567,64514.0,93365.0,4100.0,4110.0,4076.0,4092.6,21737800,4501.8,3683.4,4440.0,3288.1,4077.4,26,1,4077.3,41,2,4077.1,18,2,4077.0,113,8,4076.9,22,2,4079.3,49,3,4079.4,29,2,4079.5,29,2,4079.6,27,2,4079.7,64,3
11483,2026-07-02 09:18:26+05:30,4078.0,60,4088.51,57567,64514.0,93365.0,4100.0,4110.0,4076.0,4092.6,21737800,4501.8,3683.4,4440.0,3288.1,4077.4,26,1,4077.3,41,2,4077.1,18,2,4077.0,113,8,4076.9,22,2,4079.3,49,3,4079.4,29,2,4079.5,29,2,4079.6,27,2,4079.7,64,3
11483,2026-07-02 09:18:27+05:30,4077.1,10,4088.49,57659,64599.0,93587.0,4100.0,4110.0,4076.0,4092.6,21737800,4501.8,3683.4,4440.0,3288.1,4077.4,37,1,4077.3,7,2,4077.2,13,1,4077.1,11,2,4077.0,123,9,4079.1,2,1,4079.2,42,2,4079.6,9,1,4079.7,38,2,4079.8,100,5
11483,2026-07-02 09:18:28+05:30,4079.2,5,4088.42,58056,64761.0,93614.0,4100.0,4110.0,4076.0,4092.6,21737800,4501.8,3683.4,4440.0,3288.1,4077.3,37,1,4077.2,19,2,4077.1,33,2,4077.0,123,9,4076.9,3,1,4078.9,19,2,4079.0,29,2,4079.1,29,2,4079.2,24,2,4079.3,3,1
11483,2026-07-02 09:18:28+05:30,4079.2,5,4088.42,58056,64761.0,93614.0,4100.0,4110.0,4076.0,4092.6,21737800,4501.8,3683.4,4440.0,3288.1,4077.3,37,1,4077.2,19,2,4077.1,33,2,4077.0,123,9,4076.9,3,1,4078.9,19,2,4079.0,29,2,4079.1,29,2,4079.2,24,2,4079.3,3,1
11483,2026-07-02 09:18:29+05:30,4079.3,25,4088.41,58159,65438.0,93153.0,4100.0,4110.0,4076.0,4092.6,21737800,4501.8,3683.4,4440.0,3288.1,4078.2,26,1,4078.1,106,5,4078.0,26,1,4077.8,34,3,4077.7,66,5,4079.6,13,2,4079.8,24,1,4079.9,55,1,4080.0,75,2,4080.1,67,1
11483,2026-07-02 09:18:29+05:30,4079.3,25,4088.41,58159,65438.0,93153.0,4100.0,4110.0,4076.0,4092.6,21737800,4501.8,3683.4,4440.0,3288.1,4078.2,26,1,4078.1,106,5,4078.0,26,1,4077.8,34,3,4077.7,66,5,4079.6,13,2,4079.8,24,1,4079.9,55,1,4080.0,75,2,4080.1,67,1
11483,2026-07-02 09:18:30+05:30,4078.3,2,4088.41,58161,65522.0,93304.0,4100.0,4110.0,4076.0,4092.6,21737800,4501.8,3683.4,4440.0,3288.1,4078.3,23,1,4078.2,30,3,4078.1,100,4,4078.0,26,1,4077.8,34,3,4079.6,13,2,4079.8,24,1,4079.9,55,1,4080.0,75,2,4080.1,67,1
11483,2026-07-02 09:18:30+05:30,4078.3,2,4088.41,58161,65522.0,93304.0,4100.0,4110.0,4076.0,4092.6,21737800,4501.8,3683.4,4440.0,3288.1,4078.3,23,1,4078.2,30,3,4078.1,100,4,4078.0,26,1,4077.8,34,3,4079.6,13,2,4079.8,24,1,4079.9,55,1,4080.0,75,2,4080.1,67,1
11483,2026-07-02 09:18:31+05:30,4078.6,4,4088.37,58366,66051.0,92935.0,4100.0,4110.0,4076.0,4092.6,21737800,4501.8,3683.4,4440.0,3288.1,4078.7,21,1,4078.6,19,3,4078.5,35,3,4078.4,14,1,4078.2,52,3,4079.9,67,1,4080.0,67,1,4080.1,67,1,4080.2,110,1,4080.8,18,2
11483,2026-07-02 09:18:31+05:30,4078.6,4,4088.37,58366,66051.0,92935.0,4100.0,4110.0,4076.0,4092.6,21737800,4501.8,3683.4,4440.0,3288.1,4078.7,21,1,4078.6,19,3,4078.5,35,3,4078.4,14,1,4078.2,52,3,4079.9,67,1,4080.0,67,1,4080.1,67,1,4080.2,110,1,4080.8,18,2
11483,2026-07-02 09:18:32+05:30,4078.1,7,4088.37,58366,66051.0,92935.0,4100.0,4110.0,4076.0,4092.6,21737800,4501.8,3683.4,4440.0,3288.1,4078.7,21,1,4078.6,19,3,4078.5,35,3,4078.4,14,1,4078.2,52,3,4079.9,67,1,4080.0,67,1,4080.1,67,1,4080.2,110,1,4080.8,18,2
11483,2026-07-02 09:18:32+05:30,4079.6,3,4088.34,58589,65614.0,92850.0,4100.0,4110.0,4076.0,4092.6,21737800,4501.8,3683.4,4440.0,3288.1,4078.4,3,1,4078.3,25,2,4078.2,21,1,4078.1,42,2,4078.0,240,5,4079.9,52,1,4080.0,67,1,4080.1,70,2,4080.2,110,1,4080.3,24,1
11483,2026-07-02 09:18:33+05:30,4079.6,3,4088.34,58589,65614.0,92850.0,4100.0,4110.0,4076.0,4092.6,21737800,4501.8,3683.4,4440.0,3288.1,4078.4,3,1,4078.3,25,2,4078.2,21,1,4078.1,42,2,4078.0,240,5,4079.9,52,1,4080.0,67,1,4080.1,70,2,4080.2,110,1,4080.3,24,1
11483,2026-07-02 09:18:33+05:30,4078.0,2,4088.32,58681,65326.0,93660.0,4100.0,4110.0,4076.0,4092.6,21737800,4501.8,3683.4,4440.0,3288.1,4078.0,99,2,4077.3,6,2,4077.2,76,2,4077.0,135,10,4076.7,28,2,4079.2,3,1,4079.3,40,4,4079.4,3,1,4079.5,70,3,4079.6,12,2
11483,2026-07-02 09:18:34+05:30,4079.5,5,4088.32,58681,65326.0,93660.0,4100.0,4110.0,4076.0,4092.6,21737800,4501.8,3683.4,4440.0,3288.1,4078.0,99,2,4077.3,6,2,4077.2,76,2,4077.0,135,10,4076.7,28,2,4079.2,3,1,4079.3,40,4,4079.4,3,1,4079.5,70,3,4079.6,12,2
11483,2026-07-02 09:18:34+05:30,4078.1,1,4088.31,58779,65641.0,94305.0,4100.0,4110.0,4076.0,4092.6,21737800,4501.8,3683.4,4440.0,3288.1,4078.1,20,1,4078.0,99,2,4077.7,37,1,4077.6,16,1,4077.5,24,1,4079.5,2,1,4079.9,52,1,4080.0,67,1,4080.1,67,1,4080.2,134,2
11483,2026-07-02 09:18:35+05:30,4078.1,1,4088.31,58779,65641.0,94305.0,4100.0,4110.0,4076.0,4092.6,21737800,4501.8,3683.4,4440.0,3288.1,4078.1,20,1,4078.0,99,2,4077.7,37,1,4077.6,16,1,4077.5,24,1,4079.5,2,1,4079.9,52,1,4080.0,67,1,4080.1,67,1,4080.2,134,2
11483,2026-07-02 09:18:36+05:30,4078.1,2,4088.29,58871,65900.0,94320.0,4100.0,4110.0,4076.0,4092.6,21737800,4501.8,3683.4,4440.0,3288.1,4078.0,154,6,4077.8,16,1,4077.7,42,2,4077.6,38,3,4077.4,19,1,4079.5,2,1,4079.9,52,1,4080.0,77,2,4080.1,67,1,4080.2,110,1
11483,2026-07-02 09:18:36+05:30,4079.2,1,4088.29,58871,65900.0,94320.0,4100.0,4110.0,4076.0,4092.6,21737800,4501.8,3683.4,4440.0,3288.1,4078.0,154,6,4077.8,16,1,4077.7,42,2,4077.6,38,3,4077.4,19,1,4079.5,2,1,4079.9,52,1,4080.0,77,2,4080.1,67,1,4080.2,110,1
11483,2026-07-02 09:18:37+05:30,4078.2,2,4088.28,58966,66185.0,94373.0,4100.0,4110.0,4076.0,4092.6,21737800,4501.8,3683.4,4440.0,3288.1,4078.2,4,1,4078.1,41,2,4078.0,109,3,4077.9,37,1,4077.8,21,2,4079.8,5,1,4079.9,52,1,4080.0,89,3,4080.1,67,1,4080.2,118,2
11483,2026-07-02 09:18:37+05:30,4078.2,2,4088.28,58966,66185.0,94373.0,4100.0,4110.0,4076.0,4092.6,21737800,4501.8,3683.4,4440.0,3288.1,4078.2,4,1,4078.1,41,2,4078.0,109,3,4077.9,37,1,4077.8,21,2,4079.8,5,1,4079.9,52,1,4080.0,89,3,4080.1,67,1,4080.2,118,2
11483,2026-07-02 09:18:38+05:30,4078.0,1,4088.26,59074,65999.0,94603.0,4100.0,4110.0,4076.0,4092.6,21737800,4501.8,3683.4,4440.0,3288.1,4078.1,30,1,4078.0,4,3,4077.8,8,1,4077.5,16,1,4077.4,19,1,4079.7,26,2,4079.8,8,2,4079.9,79,3,4080.0,89,3,4080.1,70,2
11483,2026-07-02 09:18:38+05:30,4077.4,3,4088.26,59074,65999.0,94603.0,4100.0,4110.0,4076.0,4092.6,21737800,4501.8,3683.4,4440.0,3288.1,4078.1,30,1,4078.0,4,3,4077.8,8,1,4077.5,16,1,4077.4,19,1,4079.7,26,2,4079.8,8,2,4079.9,79,3,4080.0,89,3,4080.1,70,2
11483,2026-07-02 09:18:39+05:30,4079.4,1,4088.24,59172,66416.0,94723.0,4100.0,4110.0,4076.0,4092.6,21737800,4501.8,3683.4,4440.0,3288.1,4079.2,5,1,4078.0,50,1,4077.9,16,1,4077.5,37,1,4077.3,20,1,4079.6,23,1,4079.8,3,1,4079.9,55,2,4080.0,77,2,4080.1,70,2
11483,2026-07-02 09:18:39+05:30,4079.4,1,4088.24,59172,66416.0,94723.0,4100.0,4110.0,4076.0,4092.6,21737800,4501.8,3683.4,4440.0,3288.1,4079.2,5,1,4078.0,50,1,4077.9,16,1,4077.5,37,1,4077.3,20,1,4079.6,23,1,4079.8,3,1,4079.9,55,2,4080.0,77,2,4080.1,70,2
11483,2026-07-02 09:18:40+05:30,4079.9,1,4088.21,59366,68097.0,94642.0,4100.0,4110.0,4076.0,4092.6,21737800,4501.8,3683.4,4440.0,3288.1,4078.4,21,1,4078.3,52,2,4078.2,33,3,4078.1,55,3,4078.0,52,4,4079.9,45,2,4080.0,77,2,4080.1,70,2,4080.2,110,1,4080.7,20,1
11483,2026-07-02 09:18:40+05:30,4079.9,28,4088.21,59366,68097.0,94642.0,4100.0,4110.0,4076.0,4092.6,21737800,4501.8,3683.4,4440.0,3288.1,4078.4,21,1,4078.3,52,2,4078.2,33,3,4078.1,55,3,4078.0,52,4,4079.9,45,2,4080.0,77,2,4080.1,70,2,4080.2,110,1,4080.7,20,1
11483,2026-07-02 09:18:41+05:30,4078.6,2,4088.19,59488,68679.0,94630.0,4100.0,4110.0,4076.0,4092.6,21737800,4501.8,3683.4,4440.0,3288.1,4078.7,19,1,4078.6,17,3,4078.5,4,1,4078.4,35,2,4078.3,15,1,4079.9,15,1,4080.0,83,3,4080.1,67,1,4080.2,110,1,4080.7,20,1
11483,2026-07-02 09:18:41+05:30,4078.6,2,4088.19,59488,68679.0,94630.0,4100.0,4110.0,4076.0,4092.6,21737800,4501.8,3683.4,4440.0,3288.1,4078.7,19,1,4078.6,17,3,4078.5,4,1,4078.4,35,2,4078.3,15,1,4079.9,15,1,4080.0,83,3,4080.1,67,1,4080.2,110,1,4080.7,20,1
11483,2026-07-02 09:18:42+05:30,4079.8,10,4088.17,59615,68054.0,94724.0,4100.0,4110.0,4076.0,4092.6,21737800,4501.8,3683.4,4440.0,3288.1,4078.1,48,3,4078.0,13,3,4077.9,25,4,4077.8,18,2,4077.7,5,1,4079.8,6,1,4079.9,34,2,4080.0,73,2,4080.1,67,1,4080.2,110,1
11483,2026-07-02 09:18:42+05:30,4079.8,10,4088.17,59615,68054.0,94724.0,4100.0,4110.0,4076.0,4092.6,21737800,4501.8,3683.4,4440.0,3288.1,4078.1,48,3,4078.0,13,3,4077.9,25,4,4077.8,18,2,4077.7,5,1,4079.8,6,1,4079.9,34,2,4080.0,73,2,4080.1,67,1,4080.2,110,1
11483,2026-07-02 09:18:43+05:30,4077.7,2,4088.17,59615,68054.0,94724.0,4100.0,4110.0,4076.0,4092.6,21737800,4501.8,3683.4,4440.0,3288.1,4078.1,48,3,4078.0,13,3,4077.9,25,4,4077.8,18,2,4077.7,5,1,4079.8,6,1,4079.9,34,2,4080.0,73,2,4080.1,67,1,4080.2,110,1
11483,2026-07-02 09:18:43+05:30,4077.7,2,4088.15,59707,68569.0,94908.0,4100.0,4110.0,4076.0,4092.6,21737800,4501.8,3683.4,4440.0,3288.1,4077.2,44,3,4077.1,36,4,4077.0,176,12,4076.9,24,2,4076.7,16,2,4079.3,27,2,4079.4,19,1,4079.5,19,1,4079.6,33,3,4079.7,22,2
11483,2026-07-02 09:18:44+05:30,4078.0,100,4088.15,59707,68569.0,94908.0,4100.0,4110.0,4076.0,4092.6,21737800,4501.8,3683.4,4440.0,3288.1,4077.2,44,3,4077.1,36,4,4077.0,176,12,4076.9,24,2,4076.7,16,2,4079.3,27,2,4079.4,19,1,4079.5,19,1,4079.6,33,3,4079.7,22,2
11483,2026-07-02 09:18:44+05:30,4077.0,2,4088.1,60027,67545.0,96611.0,4100.0,4110.0,4076.0,4092.6,21737800,4501.8,3683.4,4440.0,3288.1,4077.0,53,3,4076.2,26,2,4076.1,1,1,4076.0,686,8,4075.8,12,1,4078.3,19,1,4078.4,8,1,4078.5,77,3,4078.6,19,1,4078.7,29,2
11483,2026-07-02 09:18:45+05:30,4078.5,37,4088.1,60027,67545.0,96611.0,4100.0,4110.0,4076.0,4092.6,21737800,4501.8,3683.4,4440.0,3288.1,4077.0,53,3,4076.2,26,2,4076.1,1,1,4076.0,686,8,4075.8,12,1,4078.3,19,1,4078.4,8,1,4078.5,77,3,4078.6,19,1,4078.7,29,2
11483,2026-07-02 09:18:45+05:30,4078.5,67,4088.06,60248,70401.0,96351.0,4100.0,4110.0,4076.0,4092.6,21737800,4501.8,3683.4,4440.0,3288.1,4077.5,26,3,4077.4,6,1,4077.3,22,2,4077.2,7,2,4077.1,30,4,4078.3,93,1,4078.4,67,1,4078.5,67,1,4078.6,67,1,4078.7,79,1
11483,2026-07-02 09:18:46+05:30,4078.5,67,4088.06,60248,70401.0,96351.0,4100.0,4110.0,4076.0,4092.6,21737800,4501.8,3683.4,4440.0,3288.1,4077.5,26,3,4077.4,6,1,4077.3,22,2,4077.2,7,2,4077.1,30,4,4078.3,93,1,4078.4,67,1,4078.5,67,1,4078.6,67,1,4078.7,79,1
11483,2026-07-02 09:18:46+05:30,4077.0,2,4088.04,60340,70156.0,96665.0,4100.0,4110.0,4076.0,4092.6,21737800,4501.8,3683.4,4440.0,3288.1,4077.1,11,1,4077.0,103,7,4076.9,4,1,4076.8,56,2,4076.5,44,2,4078.3,93,1,4078.4,67,1,4078.5,84,3,4078.6,67,1,4078.7,79,1
11483,2026-07-02 09:18:47+05:30,4079.5,27,4088.04,60340,70156.0,96665.0,4100.0,4110.0,4076.0,4092.6,21737800,4501.8,3683.4,4440.0,3288.1,4077.1,11,1,4077.0,103,7,4076.9,4,1,4076.8,56,2,4076.5,44,2,4078.3,93,1,4078.4,67,1,4078.5,84,3,4078.6,67,1,4078.7,79,1
11483,2026-07-02 09:18:47+05:30,4078.6,2,4087.83,61702,71669.0,94523.0,4100.0,4110.0,4076.0,4092.6,21737800,4501.8,3683.4,4440.0,3288.1,4078.7,9,1,4078.6,54,4,4078.5,38,4,4078.4,74,4,4078.3,60,2,4079.5,6,1,4080.0,20,1,4081.2,3,1,4081.8,53,1,4081.9,83,2
11483,2026-07-02 09:18:48+05:30,4079.9,252,4087.83,61702,71669.0,94523.0,4100.0,4110.0,4076.0,4092.6,21737800,4501.8,3683.4,4440.0,3288.1,4078.7,9,1,4078.6,54,4,4078.5,38,4,4078.4,74,4,4078.3,60,2,4079.5,6,1,4080.0,20,1,4081.2,3,1,4081.8,53,1,4081.9,83,2
11483,2026-07-02 09:18:49+05:30,4079.9,16,4087.78,62112,71597.0,94676.0,4100.0,4110.0,4076.0,4092.6,21737800,4501.8,3683.4,4440.0,3288.1,4078.9,9,1,4078.8,36,1,4078.7,24,4,4078.6,25,3,4078.5,18,3,4080.7,16,1,4080.8,32,2,4080.9,16,1,4081.0,16,1,4081.1,19,2
11483,2026-07-02 09:18:49+05:30,4079.3,1,4087.78,62112,71597.0,94676.0,4100.0,4110.0,4076.0,4092.6,21737800,4501.8,3683.4,4440.0,3288.1,4078.9,9,1,4078.8,36,1,4078.7,24,4,4078.6,25,3,4078.5,18,3,4080.7,16,1,4080.8,32,2,4080.9,16,1,4081.0,16,1,4081.1,19,2
11483,2026-07-02 09:18:50+05:30,4078.9,5,4087.76,62250,72107.0,94839.0,4100.0,4110.0,4076.0,4092.6,21737800,4501.8,3683.4,4440.0,3288.1,4079.0,40,2,4078.9,32,1,4078.8,14,1,4078.6,15,1,4078.5,9,1,4080.4,7,2,4080.5,37,1,4080.7,16,1,4080.8,16,1,4080.9,16,1
11483,2026-07-02 09:18:50+05:30,4078.9,5,4087.76,62250,72107.0,94839.0,4100.0,4110.0,4076.0,4092.6,21737800,4501.8,3683.4,4440.0,3288.1,4079.0,40,2,4078.9,32,1,4078.8,14,1,4078.6,15,1,4078.5,9,1,4080.4,7,2,4080.5,37,1,4080.7,16,1,4080.8,16,1,4080.9,16,1
11483,2026-07-02 09:18:51+05:30,4080.2,15,4087.74,62361,72448.0,94807.0,4100.0,4110.0,4076.0,4092.6,21737800,4501.8,3683.4,4440.0,3288.1,4079.0,9,1,4078.9,45,2,4078.8,35,1,4078.7,4,2,4078.6,26,2,4080.5,37,1,4080.7,16,1,4080.8,16,1,4080.9,16,1,4081.0,16,1
11483,2026-07-02 09:18:51+05:30,4078.9,7,4087.74,62361,72448.0,94807.0,4100.0,4110.0,4076.0,4092.6,21737800,4501.8,3683.4,4440.0,3288.1,4079.0,9,1,4078.9,45,2,4078.8,35,1,4078.7,4,2,4078.6,26,2,4080.5,37,1,4080.7,16,1,4080.8,16,1,4080.9,16,1,4081.0,16,1
11483,2026-07-02 09:18:52+05:30,4079.0,1,4087.74,62409,72139.0,95160.0,4100.0,4110.0,4076.0,4092.6,21737800,4501.8,3683.4,4440.0,3288.1,4079.0,12,1,4078.9,3,1,4078.8,35,1,4078.7,5,1,4078.6,26,2,4080.4,16,1,4080.5,37,1,4080.7,16,1,4080.8,16,1,4080.9,16,1
11483,2026-07-02 09:18:52+05:30,4080.5,37,4087.74,62409,72139.0,95160.0,4100.0,4110.0,4076.0,4092.6,21737800,4501.8,3683.4,4440.0,3288.1,4079.0,12,1,4078.9,3,1,4078.8,35,1,4078.7,5,1,4078.6,26,2,4080.4,16,1,4080.5,37,1,4080.7,16,1,4080.8,16,1,4080.9,16,1
11483,2026-07-02 09:18:53+05:30,4079.1,2,4087.73,62498,71861.0,94942.0,4100.0,4110.0,4076.0,4092.6,21737800,4501.8,3683.4,4440.0,3288.1,4079.1,13,3,4079.0,67,4,4078.9,53,2,4078.8,16,1,4078.7,36,1,4080.5,3,1,4080.7,13,1,4080.9,16,1,4081.0,19,2,4081.1,19,2
11483,2026-07-02 09:18:53+05:30,4080.5,1,4087.73,62498,71861.0,94942.0,4100.0,4110.0,4076.0,4092.6,21737800,4501.8,3683.4,4440.0,3288.1,4079.1,13,3,4079.0,67,4,4078.9,53,2,4078.8,16,1,4078.7,36,1,4080.5,3,1,4080.7,13,1,4080.9,16,1,4081.0,19,2,4081.1,19,2
11483,2026-07-02 09:18:54+05:30,4079.9,5,4087.71,62616,72272.0,95725.0,4100.0,4110.0,4076.0,4092.6,21737800,4501.8,3683.4,4440.0,3288.1,4079.8,33,5,4079.7,45,5,4079.6,19,3,4079.5,50,4,4079.4,15,3,4081.0,3,1,4082.2,19,1,4082.4,6,1,4082.5,2,1,4082.6,23,2
11483,2026-07-02 09:18:54+05:30,4079.9,5,4087.71,62616,72272.0,95725.0,4100.0,4110.0,4076.0,4092.6,21737800,4501.8,3683.4,4440.0,3288.1,4079.8,33,5,4079.7,45,5,4079.6,19,3,4079.5,50,4,4079.4,15,3,4081.0,3,1,4082.2,19,1,4082.4,6,1,4082.5,2,1,4082.6,23,2
11483,2026-07-02 09:18:55+05:30,4083.7,94,4087.7,62725,71820.0,95622.0,4100.0,4110.0,4076.0,4092.6,21737800,4501.8,3683.4,4440.0,3288.1,4080.1,12,1,4079.7,11,1,4079.4,2,1,4079.3,15,1,4079.2,5,1,4081.7,40,2,4081.8,31,3,4081.9,38,3,4082.0,20,2,4082.1,20,2
11483,2026-07-02 09:18:55+05:30,4083.7,94,4087.7,62725,71820.0,95622.0,4100.0,4110.0,4076.0,4092.6,21737800,4501.8,3683.4,4440.0,3288.1,4080.1,12,1,4079.7,11,1,4079.4,2,1,4079.3,15,1,4079.2,5,1,4081.7,40,2,4081.8,31,3,4081.9,38,3,4082.0,20,2,4082.1,20,2
11483,2026-07-02 09:18:56+05:30,4081.4,3,4087.7,62725,71820.0,95622.0,4100.0,4110.0,4076.0,4092.6,21737800,4501.8,3683.4,4440.0,3288.1,4080.1,12,1,4079.7,11,1,4079.4,2,1,4079.3,15,1,4079.2,5,1,4081.7,40,2,4081.8,31,3,4081.9,38,3,4082.0,20,2,4082.1,20,2
11483,2026-07-02 09:18:56+05:30,4081.4,3,4087.69,62832,71684.0,96686.0,4100.0,4110.0,4076.0,4092.6,21737800,4501.8,3683.4,4440.0,3288.1,4079.8,9,1,4079.7,11,1,4079.3,15,1,4079.0,5,1,4078.9,5,1,4081.2,14,1,4081.3,101,3,4081.4,3,1,4081.5,21,3,4081.6,9,2
11483,2026-07-02 09:18:57+05:30,4079.1,49,4087.69,62832,71684.0,96686.0,4100.0,4110.0,4076.0,4092.6,21737800,4501.8,3683.4,4440.0,3288.1,4079.8,9,1,4079.7,11,1,4079.3,15,1,4079.0,5,1,4078.9,5,1,4081.2,14,1,4081.3,101,3,4081.4,3,1,4081.5,21,3,4081.6,9,2
11483,2026-07-02 09:18:57+05:30,4082.9,81,4087.6,63886,71376.0,95949.0,4100.0,4110.0,4076.0,4092.6,21737800,4501.8,3683.4,4440.0,3288.1,4079.3,9,1,4079.2,4,1,4079.1,38,2,4079.0,14,2,4078.5,115,4,4081.1,40,2,4081.2,14,1,4081.3,34,2,4081.4,12,1,4081.5,24,2
11483,2026-07-02 09:18:58+05:30,4082.9,81,4087.6,63886,71376.0,95949.0,4100.0,4110.0,4076.0,4092.6,21737800,4501.8,3683.4,4440.0,3288.1,4079.3,9,1,4079.2,4,1,4079.1,38,2,4079.0,14,2,4078.5,115,4,4081.1,40,2,4081.2,14,1,4081.3,34,2,4081.4,12,1,4081.5,24,2
11483,2026-07-02 09:18:58+05:30,4079.0,3,4087.59,63891,70287.0,97669.0,4100.0,4110.0,4076.0,4092.6,21737800,4501.8,3683.4,4440.0,3288.1,4078.5,102,2,4078.1,46,2,4078.0,1,1,4077.8,37,3,4077.7,61,1,4079.7,1,1,4079.9,25,2,4080.0,4,1,4080.1,17,2,4080.2,6,2
11483,2026-07-02 09:18:59+05:30,4080.0,22,4087.59,63891,70287.0,97669.0,4100.0,4110.0,4076.0,4092.6,21737800,4501.8,3683.4,4440.0,3288.1,4078.5,102,2,4078.1,46,2,4078.0,1,1,4077.8,37,3,4077.7,61,1,4079.7,1,1,4079.9,25,2,4080.0,4,1,4080.1,17,2,4080.2,6,2
11483,2026-07-02 09:18:59+05:30,4080.0,22,4087.59,63891,70287.0,97669.0,4100.0,4110.0,4076.0,4092.6,21737800,4501.8,3683.4,4440.0,3288.1,4078.5,102,2,4078.1,46,2,4078.0,1,1,4077.8,37,3,4077.7,61,1,4079.7,1,1,4079.9,25,2,4080.0,4,1,4080.1,17,2,4080.2,6,2
11483,2026-07-02 09:19:00+05:30,4078.5,2,4087.59,63945,71011.0,97964.0,4100.0,4110.0,4076.0,4092.6,21737800,4501.8,3683.4,4440.0,3288.1,4078.5,100,2,4078.2,31,1,4078.1,15,1,4078.0,21,2,4077.8,15,1,4079.9,35,4,4080.0,3,1,4080.1,9,1,4080.2,8,2,4080.3,3,1
11483,2026-07-02 09:19:00+05:30,4078.5,2,4087.59,63945,71011.0,97964.0,4100.0,4110.0,4076.0,4092.6,21737800,4501.8,3683.4,4440.0,3288.1,4078.5,100,2,4078.2,31,1,4078.1,15,1,4078.0,21,2,4077.8,15,1,4079.9,35,4,4080.0,3,1,4080.1,9,1,4080.2,8,2,4080.3,3,1
11483,2026-07-02 09:19:00+05:30,4079.9,1,4087.59,63945,71011.0,97964.0,4100.0,4110.0,4076.0,4092.6,21737800,4501.8,3683.4,4440.0,3288.1,4078.5,100,2,4078.2,31,1,4078.1,15,1,4078.0,21,2,4077.8,15,1,4079.9,35,4,4080.0,3,1,4080.1,9,1,4080.2,8,2,4080.3,3,1
11483,2026-07-02 09:19:00+05:30,4079.9,1,4087.59,63945,71011.0,97964.0,4100.0,4110.0,4076.0,4092.6,21737800,4501.8,3683.4,4440.0,3288.1,4078.5,100,2,4078.2,31,1,4078.1,15,1,4078.0,21,2,4077.8,15,1,4079.9,35,4,4080.0,3,1,4080.1,9,1,4080.2,8,2,4080.3,3,1
11483,2026-07-02 09:19:01+05:30,4080.0,3,4087.58,64028,71066.0,97480.0,4100.0,4110.0,4076.0,4092.6,21737800,4501.8,3683.4,4440.0,3288.1,4079.0,50,1,4078.5,98,2,4078.0,21,2,4077.9,36,2,4077.8,15,1,4080.2,29,3,4080.5,4,1,4080.7,3,1,4080.8,43,5,4080.9,18,2
11483,2026-07-02 09:19:01+05:30,4080.0,3,4087.58,64028,71066.0,97480.0,4100.0,4110.0,4076.0,4092.6,21737800,4501.8,3683.4,4440.0,3288.1,4079.0,50,1,4078.5,98,2,4078.0,21,2,4077.9,36,2,4077.8,15,1,4080.2,29,3,4080.5,4,1,4080.7,3,1,4080.8,43,5,4080.9,18,2
11483,2026-07-02 09:19:01+05:30,4079.0,1,4087.58,64028,71066.0,97480.0,4100.0,4110.0,4076.0,4092.6,21737800,4501.8,3683.4,4440.0,3288.1,4079.0,50,1,4078.5,98,2,4078.0,21,2,4077.9,36,2,4077.8,15,1,4080.2,29,3,4080.5,4,1,4080.7,3,1,4080.8,43,5,4080.9,18,2
11483,2026-07-02 09:19:01+05:30,4079.0,1,4087.58,64028,71066.0,97480.0,4100.0,4110.0,4076.0,4092.6,21737800,4501.8,3683.4,4440.0,3288.1,4079.0,50,1,4078.5,98,2,4078.0,21,2,4077.9,36,2,4077.8,15,1,4080.2,29,3,4080.5,4,1,4080.7,3,1,4080.8,43,5,4080.9,18,2
11483,2026-07-02 09:19:02+05:30,4079.0,1,4087.58,64028,71066.0,97480.0,4100.0,4110.0,4076.0,4092.6,21737800,4501.8,3683.4,4440.0,3288.1,4079.0,50,1,4078.5,98,2,4078.0,21,2,4077.9,36,2,4077.8,15,1,4080.2,29,3,4080.5,4,1,4080.7,3,1,4080.8,43,5,4080.9,18,2
11483,2026-07-02 09:19:02+05:30,4079.0,2,4087.58,64031,71100.0,97850.0,4100.0,4110.0,4076.0,4092.6,21737800,4501.8,3683.4,4440.0,3288.1,4079.0,47,1,4078.5,98,2,4078.0,21,2,4077.9,30,1,4077.8,15,1,4080.2,29,3,4080.5,4,1,4080.7,12,2,4080.8,48,6,4080.9,18,2
11483,2026-07-02 09:19:02+05:30,4079.0,2,4087.58,64031,71100.0,97850.0,4100.0,4110.0,4076.0,4092.6,21737800,4501.8,3683.4,4440.0,3288.1,4079.0,47,1,4078.5,98,2,4078.0,21,2,4077.9,30,1,4077.8,15,1,4080.2,29,3,4080.5,4,1,4080.7,12,2,4080.8,48,6,4080.9,18,2
11483,2026-07-02 09:19:02+05:30,4079.0,2,4087.58,64031,71100.0,97850.0,4100.0,4110.0,4076.0,4092.6,21760025,4501.8,3683.4,4440.0,3288.1,4079.0,47,1,4078.5,98,2,4078.0,21,2,4077.9,30,1,4077.8,15,1,4080.2,29,3,4080.5,4,1,4080.7,12,2,4080.8,48,6,4080.9,18,2
11483,2026-07-02 09:19:02+05:30,4079.0,2,4087.58,64031,71100.0,97850.0,4100.0,4110.0,4076.0,4092.6,21760025,4501.8,3683.4,4440.0,3288.1,4079.0,47,1,4078.5,98,2,4078.0,21,2,4077.9,30,1,4077.8,15,1,4080.2,29,3,4080.5,4,1,4080.7,12,2,4080.8,48,6,4080.9,18,2
11483,2026-07-02 09:19:02+05:30,4079.0,2,4087.58,64031,71100.0,97850.0,4100.0,4110.0,4076.0,4092.6,21760025,4501.8,3683.4,4440.0,3288.1,4079.0,47,1,4078.5,98,2,4078.0,21,2,4077.9,30,1,4077.8,15,1,4080.2,29,3,4080.5,4,1,4080.7,12,2,4080.8,48,6,4080.9,18,2
11483,2026-07-02 09:19:03+05:30,4079.0,2,4087.58,64031,71100.0,97850.0,4100.0,4110.0,4076.0,4092.6,21760025,4501.8,3683.4,4440.0,3288.1,4079.0,47,1,4078.5,98,2,4078.0,21,2,4077.9,30,1,4077.8,15,1,4080.2,29,3,4080.5,4,1,4080.7,12,2,4080.8,48,6,4080.9,18,2
11483,2026-07-02 09:19:03+05:30,4079.0,1,4087.58,64044,71027.0,98143.0,4100.0,4110.0,4076.0,4092.6,21760025,4501.8,3683.4,4440.0,3288.1,4079.0,44,1,4078.5,98,2,4078.0,21,2,4077.8,30,2,4077.7,61,1,4080.1,10,1,4080.2,32,3,4080.3,3,1,4080.5,13,2,4080.6,30,1
11483,2026-07-02 09:19:03+05:30,4079.0,1,4087.58,64044,71027.0,98143.0,4100.0,4110.0,4076.0,4092.6,21760025,4501.8,3683.4,4440.0,3288.1,4079.0,44,1,4078.5,98,2,4078.0,21,2,4077.8,30,2,4077.7,61,1,4080.1,10,1,4080.2,32,3,4080.3,3,1,4080.5,13,2,4080.6,30,1
11483,2026-07-02 09:19:03+05:30,4079.0,1,4087.58,64044,71027.0,98143.0,4100.0,4110.0,4076.0,4092.6,21760025,4501.8,3683.4,4440.0,3288.1,4079.0,44,1,4078.5,98,2,4078.0,21,2,4077.8,30,2,4077.7,61,1,4080.1,10,1,4080.2,32,3,4080.3,3,1,4080.5,13,2,4080.6,30,1
11483,2026-07-02 09:19:03+05:30,4079.0,1,4087.58,64044,71027.0,98143.0,4100.0,4110.0,4076.0,4092.6,21760025,4501.8,3683.4,4440.0,3288.1,4079.0,44,1,4078.5,98,2,4078.0,21,2,4077.8,30,2,4077.7,61,1,4080.1,10,1,4080.2,32,3,4080.3,3,1,4080.5,13,2,4080.6,30,1
11483,2026-07-02 09:19:04+05:30,4079.0,1,4087.58,64044,71027.0,98143.0,4100.0,4110.0,4076.0,4092.6,21760025,4501.8,3683.4,4440.0,3288.1,4079.0,44,1,4078.5,98,2,4078.0,21,2,4077.8,30,2,4077.7,61,1,4080.1,10,1,4080.2,32,3,4080.3,3,1,4080.5,13,2,4080.6,30,1
11483,2026-07-02 09:19:04+05:30,4079.0,2,4087.58,64046,70809.0,98138.0,4100.0,4110.0,4076.0,4092.6,21760025,4501.8,3683.4,4440.0,3288.1,4079.0,43,2,4078.5,98,2,4078.0,21,2,4077.9,3,1,4077.8,15,1,4080.2,34,3,4080.3,12,2,4080.4,9,1,4080.5,67,3,4080.7,18,2
11483,2026-07-02 09:19:04+05:30,4079.0,2,4087.58,64046,70809.0,98138.0,4100.0,4110.0,4076.0,4092.6,21760025,4501.8,3683.4,4440.0,3288.1,4079.0,43,2,4078.5,98,2,4078.0,21,2,4077.9,3,1,4077.8,15,1,4080.2,34,3,4080.3,12,2,4080.4,9,1,4080.5,67,3,4080.7,18,2
11483,2026-07-02 09:19:05+05:30,4080.1,5,4087.58,64053,70978.0,98266.0,4100.0,4110.0,4076.0,4092.6,21760025,4501.8,3683.4,4440.0,3288.1,4079.0,41,2,4078.5,98,2,4078.3,5,1,4078.0,21,2,4077.9,4,1,4080.2,45,4,4080.3,3,1,4080.4,22,2,4080.5,67,3,4080.7,85,3
11483,2026-07-02 09:19:05+05:30,4080.1,5,4087.58,64053,70978.0,98266.0,4100.0,4110.0,4076.0,4092.6,21760025,4501.8,3683.4,4440.0,3288.1,4079.0,41,2,4078.5,98,2,4078.3,5,1,4078.0,21,2,4077.9,4,1,4080.2,45,4,4080.3,3,1,4080.4,22,2,4080.5,67,3,4080.7,85,3
11483,2026-07-02 09:19:06+05:30,4079.4,4,4087.57,64059,71143.0,98006.0,4100.0,4110.0,4076.0,4092.6,21760025,4501.8,3683.4,4440.0,3288.1,4079.4,1,1,4079.1,16,2,4079.0,41,4,4078.6,10,2,4078.5,115,4,4080.4,13,1,4080.5,33,1,4080.6,14,1,4081.0,21,1,4081.3,25,1
11483,2026-07-02 09:19:06+05:30,4079.4,4,4087.57,64059,71143.0,98006.0,4100.0,4110.0,4076.0,4092.6,21760025,4501.8,3683.4,4440.0,3288.1,4079.4,1,1,4079.1,16,2,4079.0,41,4,4078.6,10,2,4078.5,115,4,4080.4,13,1,4080.5,33,1,4080.6,14,1,4081.0,21,1,4081.3,25,1
11483,2026-07-02 09:19:07+05:30,4079.0,83,4087.57,64059,71143.0,98006.0,4100.0,4110.0,4076.0,4092.6,21760025,4501.8,3683.4,4440.0,3288.1,4079.4,1,1,4079.1,16,2,4079.0,41,4,4078.6,10,2,4078.5,115,4,4080.4,13,1,4080.5,33,1,4080.6,14,1,4081.0,21,1,4081.3,25,1
11483,2026-07-02 09:19:07+05:30,4079.0,2,4087.54,64307,71153.0,98120.0,4100.0,4110.0,4076.0,4092.6,21760025,4501.8,3683.4,4440.0,3288.1,4079.0,48,1,4078.5,115,4,4078.1,22,2,4078.0,21,2,4077.8,60,2,4080.5,20,1,4080.6,65,3,4080.7,9,1,4080.8,26,2,4081.2,21,1
11483,2026-07-02 09:19:08+05:30,4079.0,2,4087.54,64307,71153.0,98120.0,4100.0,4110.0,4076.0,4092.6,21760025,4501.8,3683.4,4440.0,3288.1,4079.0,48,1,4078.5,115,4,4078.1,22,2,4078.0,21,2,4077.8,60,2,4080.5,20,1,4080.6,65,3,4080.7,9,1,4080.8,26,2,4081.2,21,1
11483,2026-07-02 09:19:08+05:30,4079.0,2,4087.54,64309,71239.0,98149.0,4100.0,4110.0,4076.0,4092.6,21760025,4501.8,3683.4,4440.0,3288.1,4079.0,46,1,4078.5,113,3,4078.1,15,1,4078.0,21,2,4077.8,50,2,4080.5,63,3,4080.6,30,3,4080.7,9,1,4080.8,24,2,4081.2,21,1
11483,2026-07-02 09:19:09+05:30,4079.0,2,4087.54,64309,71239.0,98149.0,4100.0,4110.0,4076.0,4092.6,21760025,4501.8,3683.4,4440.0,3288.1,4079.0,46,1,4078.5,113,3,4078.1,15,1,4078.0,21,2,4077.8,50,2,4080.5,63,3,4080.6,30,3,4080.7,9,1,4080.8,24,2,4081.2,21,1
11483,2026-07-02 09:19:09+05:30,4079.1,2,4087.54,64312,71461.0,98014.0,4100.0,4110.0,4076.0,4092.6,21760025,4501.8,3683.4,4440.0,3288.1,4079.1,13,2,4079.0,52,3,4078.6,29,1,4078.5,113,3,4078.1,34,2,4080.5,20,1,4080.6,49,3,4080.7,29,1,4080.8,4,1,4080.9,7,1
11483,2026-07-02 09:19:10+05:30,4079.1,2,4087.54,64312,71461.0,98014.0,4100.0,4110.0,4076.0,4092.6,21760025,4501.8,3683.4,4440.0,3288.1,4079.1,13,2,4079.0,52,3,4078.6,29,1,4078.5,113,3,4078.1,34,2,4080.5,20,1,4080.6,49,3,4080.7,29,1,4080.8,4,1,4080.9,7,1
11483,2026-07-02 09:19:11+05:30,4079.9,2,4087.54,64314,71601.0,97985.0,4100.0,4110.0,4076.0,4092.6,21760025,4501.8,3683.4,4440.0,3288.1,4079.9,7,1,4079.1,11,1,4079.0,52,3,4078.6,36,1,4078.5,113,3,4080.5,20,1,4080.6,49,3,4081.0,19,1,4081.1,11,1,4081.2,21,1
11483,2026-07-02 09:19:11+05:30,4079.9,2,4087.54,64314,71601.0,97985.0,4100.0,4110.0,4076.0,4092.6,21760025,4501.8,3683.4,4440.0,3288.1,4079.9,7,1,4079.1,11,1,4079.0,52,3,4078.6,36,1,4078.5,113,3,4080.5,20,1,4080.6,49,3,4081.0,19,1,4081.1,11,1,4081.2,21,1
11483,2026-07-02 09:19:12+05:30,4079.9,2,4087.54,64316,71776.0,98086.0,4100.0,4110.0,4076.0,4092.6,21760025,4501.8,3683.4,4440.0,3288.1,4079.9,5,1,4079.1,11,1,4079.0,53,4,4078.5,132,4,4078.2,32,1,4080.5,20,1,4080.6,49,3,4081.1,11,1,4081.2,21,1,4081.3,25,2
11483,2026-07-02 09:19:12+05:30,4079.9,2,4087.54,64316,71776.0,98086.0,4100.0,4110.0,4076.0,4092.6,21760025,4501.8,3683.4,4440.0,3288.1,4079.9,5,1,4079.1,11,1,4079.0,53,4,4078.5,132,4,4078.2,32,1,4080.5,20,1,4080.6,49,3,4081.1,11,1,4081.2,21,1,4081.3,25,2
11483,2026-07-02 09:19:13+05:30,4079.9,3,4087.54,64321,71744.0,98294.0,4100.0,4110.0,4076.0,4092.6,21760025,4501.8,3683.4,4440.0,3288.1,4079.0,53,4,4078.5,113,3,4078.1,15,1,4078.0,140,4,4077.8,15,1,4080.5,72,4,4080.6,28,2,4080.9,4,1,4081.0,17,2,4081.1,55,2
11483,2026-07-02 09:19:13+05:30,4079.9,3,4087.54,64321,71744.0,98294.0,4100.0,4110.0,4076.0,4092.6,21760025,4501.8,3683.4,4440.0,3288.1,4079.0,53,4,4078.5,113,3,4078.1,15,1,4078.0,140,4,4077.8,15,1,4080.5,72,4,4080.6,28,2,4080.9,4,1,4081.0,17,2,4081.1,55,2
11483,2026-07-02 09:19:14+05:30,4079.0,2,4087.54,64323,72077.0,97783.0,4100.0,4110.0,4076.0,4092.6,21760025,4501.8,3683.4,4440.0,3288.1,4079.1,19,2,4079.0,66,5,4078.8,29,1,4078.7,19,1,4078.6,12,2,4080.5,30,2,4080.6,28,2,4081.0,10,1,4081.1,55,2,4081.2,33,2
11483,2026-07-02 09:19:14+05:30,4080.1,10,4087.54,64323,72077.0,97783.0,4100.0,4110.0,4076.0,4092.6,21760025,4501.8,3683.4,4440.0,3288.1,4079.1,19,2,4079.0,66,5,4078.8,29,1,4078.7,19,1,4078.6,12,2,4080.5,30,2,4080.6,28,2,4081.0,10,1,4081.1,55,2,4081.2,33,2
11483,2026-07-02 09:19:15+05:30,4080.0,18,4087.54,64383,71805.0,98326.0,4100.0,4110.0,4076.0,4092.6,21760025,4501.8,3683.4,4440.0,3288.1,4080.0,2,1,4079.1,10,2,4079.0,66,5,4078.5,117,3,4078.1,29,2,4080.5,114,3,4080.6,58,2,4081.0,13,1,4081.1,20,2,4081.2,36,3
11483,2026-07-02 09:19:15+05:30,4080.0,18,4087.54,64383,71805.0,98326.0,4100.0,4110.0,4076.0,4092.6,21760025,4501.8,3683.4,4440.0,3288.1,4080.0,2,1,4079.1,10,2,4079.0,66,5,4078.5,117,3,4078.1,29,2,4080.5,114,3,4080.6,58,2,4081.0,13,1,4081.1,20,2,4081.2,36,3
11483,2026-07-02 09:19:16+05:30,4079.1,1,4087.53,64392,71547.0,98482.0,4100.0,4110.0,4076.0,4092.6,21760025,4501.8,3683.4,4440.0,3288.1,4079.1,9,2,4079.0,66,5,4078.5,98,2,4078.1,15,1,4078.0,121,3,4080.4,69,2,4080.5,131,5,4080.6,65,3,4080.7,29,1,4080.8,29,2
11483,2026-07-02 09:19:16+05:30,4079.1,1,4087.53,64392,71547.0,98482.0,4100.0,4110.0,4076.0,4092.6,21760025,4501.8,3683.4,4440.0,3288.1,4079.1,9,2,4079.0,66,5,4078.5,98,2,4078.1,15,1,4078.0,121,3,4080.4,69,2,4080.5,131,5,4080.6,65,3,4080.7,29,1,4080.8,29,2
11483,2026-07-02 09:19:17+05:30,4079.9,25,4087.53,64429,71707.0,98416.0,4100.0,4110.0,4076.0,4092.6,21760025,4501.8,3683.4,4440.0,3288.1,4079.1,7,2,4079.0,66,5,4078.5,98,2,4078.1,15,1,4078.0,121,3,4080.3,37,4,4080.4,20,1,4080.5,94,3,4080.6,88,3,4080.8,20,1
11483,2026-07-02 09:19:17+05:30,4079.9,25,4087.53,64429,71707.0,98416.0,4100.0,4110.0,4076.0,4092.6,21760025,4501.8,3683.4,4440.0,3288.1,4079.1,7,2,4079.0,66,5,4078.5,98,2,4078.1,15,1,4078.0,121,3,4080.3,37,4,4080.4,20,1,4080.5,94,3,4080.6,88,3,4080.8,20,1
11483,2026-07-02 09:19:18+05:30,4080.4,2,4087.53,64429,71707.0,98416.0,4100.0,4110.0,4076.0,4092.6,21760025,4501.8,3683.4,4440.0,3288.1,4079.1,7,2,4079.0,66,5,4078.5,98,2,4078.1,15,1,4078.0,121,3,4080.3,37,4,4080.4,20,1,4080.5,94,3,4080.6,88,3,4080.8,20,1
11483,2026-07-02 09:19:18+05:30,4080.4,2,4087.53,64451,71923.0,98208.0,4100.0,4110.0,4076.0,4092.6,21760025,4501.8,3683.4,4440.0,3288.1,4079.1,5,1,4079.0,66,5,4078.5,118,4,4078.1,6,1,4078.0,136,4,4080.4,24,3,4080.5,96,3,4080.6,58,2,4080.8,22,2,4081.1,35,2
11483,2026-07-02 09:19:19+05:30,4080.4,3,4087.53,64451,71923.0,98208.0,4100.0,4110.0,4076.0,4092.6,21760025,4501.8,3683.4,4440.0,3288.1,4079.1,5,1,4079.0,66,5,4078.5,118,4,4078.1,6,1,4078.0,136,4,4080.4,24,3,4080.5,96,3,4080.6,58,2,4080.8,22,2,4081.1,35,2
11483,2026-07-02 09:19:19+05:30,4079.1,2,4087.53,64459,71975.0,98653.0,4100.0,4110.0,4076.0,4092.6,21760025,4501.8,3683.4,4440.0,3288.1,4079.0,66,5,4078.5,98,2,4078.0,136,4,4077.8,19,1,4077.7,76,2,4080.3,17,2,4080.4,14,2,4080.5,126,4,4080.6,60,3,4080.8,22,2
11483,2026-07-02 09:19:20+05:30,4079.1,2,4087.53,64459,71975.0,98653.0,4100.0,4110.0,4076.0,4092.6,21760025,4501.8,3683.4,4440.0,3288.1,4079.0,66,5,4078.5,98,2,4078.0,136,4,4077.8,19,1,4077.7,76,2,4080.3,17,2,4080.4,14,2,4080.5,126,4,4080.6,60,3,4080.8,22,2
11483,2026-07-02 09:19:21+05:30,4079.0,2,4087.53,64461,72059.0,98561.0,4100.0,4110.0,4076.0,4092.6,21760025,4501.8,3683.4,4440.0,3288.1,4079.0,94,6,4078.5,98,2,4078.2,30,1,4078.0,136,4,4077.8,19,1,4080.0,15,1,4080.1,33,2,4080.3,5,1,4080.4,69,4,4080.5,96,3
11483,2026-07-02 09:19:21+05:30,4080.5,5,4087.53,64461,72059.0,98561.0,4100.0,4110.0,4076.0,4092.6,21760025,4501.8,3683.4,4440.0,3288.1,4079.0,94,6,4078.5,98,2,4078.2,30,1,4078.0,136,4,4077.8,19,1,4080.0,15,1,4080.1,33,2,4080.3,5,1,4080.4,69,4,4080.5,96,3
11483,2026-07-02 09:19:22+05:30,4079.0,2,4087.52,64519,67916.0,93966.0,4100.0,4110.0,4076.0,4092.6,21760025,4501.8,3683.4,4440.0,3288.1,4079.0,92,6,4078.6,30,1,4078.5,98,2,4078.1,63,2,4078.0,136,4,4080.5,142,8,4080.6,58,2,4080.8,2,1,4080.9,6,1,4081.0,49,2
11483,2026-07-02 09:19:22+05:30,4079.0,2,4087.52,64519,67916.0,93966.0,4100.0,4110.0,4076.0,4092.6,21760025,4501.8,3683.4,4440.0,3288.1,4079.0,92,6,4078.6,30,1,4078.5,98,2,4078.1,63,2,4078.0,136,4,4080.5,142,8,4080.6,58,2,4080.8,2,1,4080.9,6,1,4081.0,49,2
11483,2026-07-02 09:19:23+05:30,4079.0,11,4087.52,64539,68238.0,93378.0,4100.0,4110.0,4076.0,4092.6,21760025,4501.8,3683.4,4440.0,3288.1,4079.1,18,2,4079.0,81,6,4078.9,5,1,4078.8,46,2,4078.7,17,1,4080.5,107,6,4080.6,44,1,4080.9,16,1,4081.1,15,1,4081.3,34,2
11483,2026-07-02 09:19:23+05:30,4079.0,11,4087.52,64539,68238.0,93378.0,4100.0,4110.0,4076.0,4092.6,21760025,4501.8,3683.4,4440.0,3288.1,4079.1,18,2,4079.0,81,6,4078.9,5,1,4078.8,46,2,4078.7,17,1,4080.5,107,6,4080.6,44,1,4080.9,16,1,4081.1,15,1,4081.3,34,2
11483,2026-07-02 09:19:24+05:30,4079.0,11,4087.52,64539,68403.0,92627.0,4100.0,4110.0,4076.0,4092.6,21760025,4501.8,3683.4,4440.0,3288.1,4079.7,22,3,4079.6,23,3,4079.5,23,3,4079.4,18,2,4079.3,18,2,4080.5,107,6,4080.6,44,1,4081.1,15,1,4081.5,15,1,4081.7,55,2
11483,2026-07-02 09:19:24+05:30,4080.5,9,4087.52,64539,68403.0,92627.0,4100.0,4110.0,4076.0,4092.6,21760025,4501.8,3683.4,4440.0,3288.1,4079.7,22,3,4079.6,23,3,4079.5,23,3,4079.4,18,2,4079.3,18,2,4080.5,107,6,4080.6,44,1,4081.1,15,1,4081.5,15,1,4081.7,55,2
11483,2026-07-02 09:19:25+05:30,4080.2,5,4087.5,64722,68778.0,91463.0,4100.0,4110.0,4076.0,4092.6,21760025,4501.8,3683.4,4440.0,3288.1,4080.2,19,2,4080.1,15,1,4080.0,38,4,4079.9,3,1,4079.8,10,2,4080.5,36,2,4080.6,44,1,4081.1,15,1,4081.8,61,1,4081.9,15,1
11483,2026-07-02 09:19:25+05:30,4080.2,5,4087.5,64722,68778.0,91463.0,4100.0,4110.0,4076.0,4092.6,21760025,4501.8,3683.4,4440.0,3288.1,4080.2,19,2,4080.1,15,1,4080.0,38,4,4079.9,3,1,4079.8,10,2,4080.5,36,2,4080.6,44,1,4081.1,15,1,4081.8,61,1,4081.9,15,1
11483,2026-07-02 09:19:26+05:30,4081.0,2,4087.46,65069,71991.0,90023.0,4100.0,4110.0,4076.0,4092.6,21760025,4501.8,3683.4,4440.0,3288.1,4080.9,19,2,4080.8,42,3,4080.6,12,1,4080.5,7,2,4080.4,49,2,4082.3,15,1,4082.8,15,1,4083.0,10,1,4083.5,15,1,4083.9,28,2
11483,2026-07-02 09:19:26+05:30,4081.0,2,4087.46,65069,71991.0,90023.0,4100.0,4110.0,4076.0,4092.6,21760025,4501.8,3683.4,4440.0,3288.1,4080.9,19,2,4080.8,42,3,4080.6,12,1,4080.5,7,2,4080.4,49,2,4082.3,15,1,4082.8,15,1,4083.0,10,1,4083.5,15,1,4083.9,28,2
11483,2026-07-02 09:19:27+05:30,4081.0,2,4087.46,65069,73674.0,95499.0,4100.0,4110.0,4076.0,4092.6,21760025,4501.8,3683.4,4440.0,3288.1,4080.0,66,2,4079.9,33,2,4079.8,44,5,4079.7,11,1,4079.6,8,1,4082.2,56,3,4082.3,45,3,4082.4,13,1,4082.5,20,1,4082.7,12,1
11483,2026-07-02 09:19:28+05:30,4082.2,10,4087.46,65084,74818.0,95741.0,4100.0,4110.0,4076.0,4092.6,21760025,4501.8,3683.4,4440.0,3288.1,4080.2,33,3,4080.0,35,2,4079.9,29,2,4079.8,49,2,4079.7,59,3,4082.2,19,1,4082.3,30,2,4082.7,60,2,4082.8,53,3,4083.0,26,3
11483,2026-07-02 09:19:28+05:30,4082.3,20,4087.46,65084,74818.0,95741.0,4100.0,4110.0,4076.0,4092.6,21760025,4501.8,3683.4,4440.0,3288.1,4080.2,33,3,4080.0,35,2,4079.9,29,2,4079.8,49,2,4079.7,59,3,4082.2,19,1,4082.3,30,2,4082.7,60,2,4082.8,53,3,4083.0,26,3
11483,2026-07-02 09:19:29+05:30,4082.3,20,4087.46,65104,75039.0,95665.0,4100.0,4110.0,4076.0,4092.6,21760025,4501.8,3683.4,4440.0,3288.1,4080.7,18,3,4080.6,39,2,4080.5,8,2,4080.4,7,1,4080.3,3,1,4082.3,15,1,4082.8,15,1,4083.0,10,1,4083.2,36,2,4083.3,77,2
11483,2026-07-02 09:19:29+05:30,4082.8,9,4087.46,65104,75039.0,95665.0,4100.0,4110.0,4076.0,4092.6,21760025,4501.8,3683.4,4440.0,3288.1,4080.7,18,3,4080.6,39,2,4080.5,8,2,4080.4,7,1,4080.3,3,1,4082.3,15,1,4082.8,15,1,4083.0,10,1,4083.2,36,2,4083.3,77,2
11483,2026-07-02 09:19:30+05:30,4082.7,14,4087.46,65104,75039.0,95665.0,4100.0,4110.0,4076.0,4092.6,21760025,4501.8,3683.4,4440.0,3288.1,4080.7,18,3,4080.6,39,2,4080.5,8,2,4080.4,7,1,4080.3,3,1,4082.3,15,1,4082.8,15,1,4083.0,10,1,4083.2,36,2,4083.3,77,2
11483,2026-07-02 09:19:30+05:30,4082.7,14,4087.44,65335,74962.0,95544.0,4100.0,4110.0,4076.0,4092.6,21760025,4501.8,3683.4,4440.0,3288.1,4080.8,15,1,4080.7,28,3,4080.6,40,3,4080.5,2,1,4080.4,7,1,4082.5,12,2,4082.7,15,2,4083.0,10,1,4083.1,41,2,4083.2,36,2
11483,2026-07-02 09:19:31+05:30,4083.5,1,4087.44,65335,74962.0,95544.0,4100.0,4110.0,4076.0,4092.6,21760025,4501.8,3683.4,4440.0,3288.1,4080.8,15,1,4080.7,28,3,4080.6,40,3,4080.5,2,1,4080.4,7,1,4082.5,12,2,4082.7,15,2,4083.0,10,1,4083.1,41,2,4083.2,36,2
11483,2026-07-02 09:19:31+05:30,4083.5,1,4087.44,65354,76359.0,94116.0,4100.0,4110.0,4076.0,4092.6,21760025,4501.8,3683.4,4440.0,3288.1,4082.2,13,1,4082.1,51,6,4082.0,24,2,4081.9,46,4,4081.8,11,2,4083.5,14,1,4084.0,1,1,4084.6,30,1,4084.7,30,2,4084.8,56,3
11483,2026-07-02 09:19:32+05:30,4083.5,1,4087.44,65354,76217.0,94114.0,4100.0,4110.0,4076.0,4092.6,21760025,4501.8,3683.4,4440.0,3288.1,4082.0,13,1,4081.9,22,2,4081.8,13,1,4081.7,44,2,4081.6,26,3,4082.8,39,1,4083.5,14,1,4084.0,9,2,4084.4,59,2,4084.5,22,2
11483,2026-07-02 09:19:33+05:30,4083.5,1,4087.44,65354,76280.0,94477.0,4100.0,4110.0,4076.0,4092.6,21760025,4501.8,3683.4,4440.0,3288.1,4082.3,13,1,4082.2,30,3,4082.1,29,3,4082.0,36,3,4081.9,44,4,4082.8,39,1,4083.5,18,2,4084.0,1,1,4084.5,15,1,4084.6,39,2
11483,2026-07-02 09:19:34+05:30,4082.8,1,4087.44,65354,76280.0,94477.0,4100.0,4110.0,4076.0,4092.6,21760025,4501.8,3683.4,4440.0,3288.1,4082.3,13,1,4082.2,30,3,4082.1,29,3,4082.0,36,3,4081.9,44,4,4082.8,39,1,4083.5,18,2,4084.0,1,1,4084.5,15,1,4084.6,39,2
11483,2026-07-02 09:19:35+05:30,4082.8,1,4087.44,65358,76278.0,94180.0,4100.0,4110.0,4076.0,4092.6,21760025,4501.8,3683.4,4440.0,3288.1,4082.4,13,1,4082.3,10,1,4082.2,30,3,4082.1,13,1,4082.0,28,2,4082.8,38,1,4083.5,18,2,4084.0,1,1,4084.6,39,2,4084.7,46,3
11483,2026-07-02 09:19:35+05:30,4082.8,5,4087.44,65358,76278.0,94180.0,4100.0,4110.0,4076.0,4092.6,21760025,4501.8,3683.4,4440.0,3288.1,4082.4,13,1,4082.3,10,1,4082.2,30,3,4082.1,13,1,4082.0,28,2,4082.8,38,1,4083.5,18,2,4084.0,1,1,4084.6,39,2,4084.7,46,3
11483,2026-07-02 09:19:36+05:30,4082.8,5,4087.44,65363,77091.0,95515.0,4100.0,4110.0,4076.0,4092.6,21760025,4501.8,3683.4,4440.0,3288.1,4082.1,1,1,4082.0,65,5,4081.9,22,2,4081.8,38,3,4081.7,42,5,4082.8,33,1,4083.5,18,2,4084.0,1,1,4084.6,55,3,4084.7,30,2
11483,2026-07-02 09:19:37+05:30,4082.8,5,4087.44,65363,76352.0,96345.0,4100.0,4110.0,4076.0,4092.6,21760025,4501.8,3683.4,4440.0,3288.1,4082.0,52,2,4081.6,28,3,4081.5,12,1,4081.3,26,1,4081.2,85,3,4082.8,33,1,4083.5,14,1,4083.9,26,1,4084.0,2,2,4084.3,20,1
11483,2026-07-02 09:19:37+05:30,4082.0,32,4087.44,65363,76352.0,96345.0,4100.0,4110.0,4076.0,4092.6,21760025,4501.8,3683.4,4440.0,3288.1,4082.0,52,2,4081.6,28,3,4081.5,12,1,4081.3,26,1,4081.2,85,3,4082.8,33,1,4083.5,14,1,4083.9,26,1,4084.0,2,2,4084.3,20,1
11483,2026-07-02 09:19:38+05:30,4082.3,2,4087.41,65738,75720.0,97143.0,4100.0,4110.0,4076.0,4092.6,21760025,4501.8,3683.4,4440.0,3288.1,4081.0,113,3,4080.6,19,1,4080.2,36,2,4080.1,182,4,4080.0,33,4,4082.3,13,2,4082.4,4,1,4082.5,33,3,4082.6,23,2,4082.8,41,3
11483,2026-07-02 09:19:38+05:30,4082.3,2,4087.41,65738,75720.0,97143.0,4100.0,4110.0,4076.0,4092.6,21760025,4501.8,3683.4,4440.0,3288.1,4081.0,113,3,4080.6,19,1,4080.2,36,2,4080.1,182,4,4080.0,33,4,4082.3,13,2,4082.4,4,1,4082.5,33,3,4082.6,23,2,4082.8,41,3
11483,2026-07-02 09:19:39+05:30,4080.0,10,4087.38,65996,72474.0,99308.0,4100.0,4110.0,4076.0,4092.6,21760025,4501.8,3683.4,4440.0,3288.1,4079.1,20,2,4079.0,230,15,4078.5,101,3,4078.1,7,2,4078.0,226,7,4080.2,21,5,4080.3,10,2,4080.4,3,1,4080.5,8,2,4080.6,27,1
11483,2026-07-02 09:19:39+05:30,4080.5,22,4087.38,65996,72474.0,99308.0,4100.0,4110.0,4076.0,4092.6,21760025,4501.8,3683.4,4440.0,3288.1,4079.1,20,2,4079.0,230,15,4078.5,101,3,4078.1,7,2,4078.0,226,7,4080.2,21,5,4080.3,10,2,4080.4,3,1,4080.5,8,2,4080.6,27,1
11483,2026-07-02 09:19:40+05:30,4080.7,1,4087.36,66220,72609.0,99290.0,4100.0,4110.0,4076.0,4092.6,21760025,4501.8,3683.4,4440.0,3288.1,4079.1,5,1,4079.0,230,15,4078.5,101,3,4078.2,6,1,4078.1,1,1,4080.5,25,2,4080.6,46,2,4080.7,3,1,4080.8,4,1,4080.9,10,2
11483,2026-07-02 09:19:40+05:30,4080.7,1,4087.36,66220,72609.0,99290.0,4100.0,4110.0,4076.0,4092.6,21760025,4501.8,3683.4,4440.0,3288.1,4079.1,5,1,4079.0,230,15,4078.5,101,3,4078.2,6,1,4078.1,1,1,4080.5,25,2,4080.6,46,2,4080.7,3,1,4080.8,4,1,4080.9,10,2
11483,2026-07-02 09:19:41+05:30,4078.5,3,4087.36,66220,72609.0,99290.0,4100.0,4110.0,4076.0,4092.6,21760025,4501.8,3683.4,4440.0,3288.1,4079.1,5,1,4079.0,230,15,4078.5,101,3,4078.2,6,1,4078.1,1,1,4080.5,25,2,4080.6,46,2,4080.7,3,1,4080.8,4,1,4080.9,10,2
11483,2026-07-02 09:19:41+05:30,4078.5,3,4087.32,66477,70806.0,100969.0,4100.0,4110.0,4076.0,4092.6,21760025,4501.8,3683.4,4440.0,3288.1,4078.1,1,1,4078.0,125,5,4077.4,18,1,4077.1,67,3,4077.0,547,7,4079.0,5,1,4079.6,58,3,4079.7,2,1,4079.8,37,4,4079.9,40,3
11483,2026-07-02 09:19:42+05:30,4078.0,1,4087.32,66477,70806.0,100969.0,4100.0,4110.0,4076.0,4092.6,21760025,4501.8,3683.4,4440.0,3288.1,4078.1,1,1,4078.0,125,5,4077.4,18,1,4077.1,67,3,4077.0,547,7,4079.0,5,1,4079.6,58,3,4079.7,2,1,4079.8,37,4,4079.9,40,3
11483,2026-07-02 09:19:42+05:30,4078.0,1,4087.31,66603,70483.0,101209.0,4100.0,4110.0,4076.0,4092.6,21760025,4501.8,3683.4,4440.0,3288.1,4077.4,18,1,4077.0,547,7,4076.5,25,1,4076.3,4,1,4076.2,32,3,4078.6,31,4,4078.7,20,3,4078.8,12,3,4078.9,54,4,4079.0,40,3
11483,2026-07-02 09:19:43+05:30,4078.6,7,4087.31,66603,70483.0,101209.0,4100.0,4110.0,4076.0,4092.6,21760025,4501.8,3683.4,4440.0,3288.1,4077.4,18,1,4077.0,547,7,4076.5,25,1,4076.3,4,1,4076.2,32,3,4078.6,31,4,4078.7,20,3,4078.8,12,3,4078.9,54,4,4079.0,40,3
11483,2026-07-02 09:19:43+05:30,4078.6,7,4087.3,66633,70802.0,101802.0,4100.0,4110.0,4076.0,4092.6,21760025,4501.8,3683.4,4440.0,3288.1,4077.4,3,1,4077.0,547,7,4076.5,25,1,4076.3,4,1,4076.2,32,3,4078.5,8,1,4078.6,24,4,4078.7,20,3,4078.8,12,3,4078.9,34,3
11483,2026-07-02 09:19:44+05:30,4078.1,1,4087.3,66633,70802.0,101802.0,4100.0,4110.0,4076.0,4092.6,21760025,4501.8,3683.4,4440.0,3288.1,4077.4,3,1,4077.0,547,7,4076.5,25,1,4076.3,4,1,4076.2,32,3,4078.5,8,1,4078.6,24,4,4078.7,20,3,4078.8,12,3,4078.9,34,3
11483,2026-07-02 09:19:45+05:30,4078.4,2,4087.3,66674,71055.0,101900.0,4100.0,4110.0,4076.0,4092.6,21760025,4501.8,3683.4,4440.0,3288.1,4077.0,548,8,4076.5,25,1,4076.3,12,2,4076.2,26,2,4076.1,3,2,4078.4,8,1,4078.5,60,3,4078.7,5,1,4078.8,84,3,4078.9,31,2
11483,2026-07-02 09:19:45+05:30,4078.4,2,4087.3,66674,71055.0,101900.0,4100.0,4110.0,4076.0,4092.6,21760025,4501.8,3683.4,4440.0,3288.1,4077.0,548,8,4076.5,25,1,4076.3,12,2,4076.2,26,2,4076.1,3,2,4078.4,8,1,4078.5,60,3,4078.7,5,1,4078.8,84,3,4078.9,31,2
11483,2026-07-02 09:19:46+05:30,4077.0,6,4087.29,66700,71240.0,102110.0,4100.0,4110.0,4076.0,4092.6,21760025,4501.8,3683.4,4440.0,3288.1,4077.0,531,7,4076.5,25,1,4076.4,4,1,4076.2,26,2,4076.1,3,2,4078.3,19,3,4078.4,20,2,4078.5,57,6,4078.7,5,1,4078.8,96,4
11483,2026-07-02 09:19:46+05:30,4077.0,1,4087.29,66700,71240.0,102110.0,4100.0,4110.0,4076.0,4092.6,21760025,4501.8,3683.4,4440.0,3288.1,4077.0,531,7,4076.5,25,1,4076.4,4,1,4076.2,26,2,4076.1,3,2,4078.3,19,3,4078.4,20,2,4078.5,57,6,4078.7,5,1,4078.8,96,4
11483,2026-07-02 09:19:47+05:30,4077.0,1,4087.29,66701,71348.0,102354.0,4100.0,4110.0,4076.0,4092.6,21760025,4501.8,3683.4,4440.0,3288.1,4077.0,530,7,4076.5,25,1,4076.4,7,1,4076.3,6,1,4076.2,26,2,4078.3,19,3,4078.4,7,1,4078.5,57,6,4078.6,3,1,4078.7,50,3
11483,2026-07-02 09:19:47+05:30,4078.3,2,4087.29,66701,71348.0,102354.0,4100.0,4110.0,4076.0,4092.6,21760025,4501.8,3683.4,4440.0,3288.1,4077.0,530,7,4076.5,25,1,4076.4,7,1,4076.3,6,1,4076.2,26,2,4078.3,19,3,4078.4,7,1,4078.5,57,6,4078.6,3,1,4078.7,50,3
11483,2026-07-02 09:19:48+05:30,4078.0,6,4087.29,66733,71412.0,102318.0,4100.0,4110.0,4076.0,4092.6,21760025,4501.8,3683.4,4440.0,3288.1,4077.0,530,7,4076.5,25,1,4076.3,21,2,4076.2,26,2,4076.1,3,2,4078.3,16,2,4078.4,3,1,4078.5,33,6,4078.7,84,4,4078.8,100,4
11483,2026-07-02 09:19:48+05:30,4078.5,1,4087.29,66733,71412.0,102318.0,4100.0,4110.0,4076.0,4092.6,21760025,4501.8,3683.4,4440.0,3288.1,4077.0,530,7,4076.5,25,1,4076.3,21,2,4076.2,26,2,4076.1,3,2,4078.3,16,2,4078.4,3,1,4078.5,33,6,4078.7,84,4,4078.8,100,4
11483,2026-07-02 09:19:49+05:30,4077.0,1,4087.28,66759,71466.0,102323.0,4100.0,4110.0,4076.0,4092.6,21760025,4501.8,3683.4,4440.0,3288.1,4077.0,529,7,4076.5,25,1,4076.2,26,2,4076.1,3,2,4076.0,843,11,4078.5,73,6,4078.7,32,5,4078.8,76,3,4078.9,12,2,4079.0,40,3
11483,2026-07-02 09:19:49+05:30,4077.0,1,4087.28,66759,71466.0,102323.0,4100.0,4110.0,4076.0,4092.6,21760025,4501.8,3683.4,4440.0,3288.1,4077.0,529,7,4076.5,25,1,4076.2,26,2,4076.1,3,2,4076.0,843,11,4078.5,73,6,4078.7,32,5,4078.8,76,3,4078.9,12,2,4079.0,40,3
11483,2026-07-02 09:19:50+05:30,4077.0,2,4087.28,66776,71245.0,102095.0,4100.0,4110.0,4076.0,4092.6,21760025,4501.8,3683.4,4440.0,3288.1,4078.0,1,1,4077.0,527,7,4076.6,8,1,4076.5,25,1,4076.3,6,1,4078.7,20,5,4078.8,75,2,4078.9,7,1,4079.0,47,5,4079.2,20,1
11483,2026-07-02 09:19:50+05:30,4077.0,2,4087.28,66776,71245.0,102095.0,4100.0,4110.0,4076.0,4092.6,21760025,4501.8,3683.4,4440.0,3288.1,4078.0,1,1,4077.0,527,7,4076.6,8,1,4076.5,25,1,4076.3,6,1,4078.7,20,5,4078.8,75,2,4078.9,7,1,4079.0,47,5,4079.2,20,1
11483,2026-07-02 09:19:51+05:30,4078.0,1,4087.28,66777,70945.0,102790.0,4100.0,4110.0,4076.0,4092.6,21760025,4501.8,3683.4,4440.0,3288.1,4077.0,527,7,4076.5,25,1,4076.2,26,2,4076.1,48,4,4076.0,843,11,4078.5,33,1,4078.6,87,5,4078.7,6,3,4078.8,114,3,4078.9,7,1
11483,2026-07-02 09:19:51+05:30,4074.0,89,4087.28,66777,70945.0,102790.0,4100.0,4110.0,4076.0,4092.6,21760025,4501.8,3683.4,4440.0,3288.1,4077.0,527,7,4076.5,25,1,4076.2,26,2,4076.1,48,4,4076.0,843,11,4078.5,33,1,4078.6,87,5,4078.7,6,3,4078.8,114,3,4078.9,7,1
11483,2026-07-02 09:19:52+05:30,4075.7,1,4086.73,70130,67903.0,103112.0,4100.0,4110.0,4074.0,4092.6,21760025,4501.8,3683.4,4440.0,3288.1,4074.1,9,1,4074.0,14,3,4073.5,33,1,4073.1,40,2,4073.0,265,2,4075.7,19,3,4075.8,3,1,4075.9,5,1,4076.2,8,1,4076.3,34,1
11483,2026-07-02 09:19:52+05:30,4075.7,1,4086.73,70130,67903.0,103112.0,4100.0,4110.0,4074.0,4092.6,21760025,4501.8,3683.4,4440.0,3288.1,4074.1,9,1,4074.0,14,3,4073.5,33,1,4073.1,40,2,4073.0,265,2,4075.7,19,3,4075.8,3,1,4075.9,5,1,4076.2,8,1,4076.3,34,1
11483,2026-07-02 09:19:53+05:30,4074.0,4,4086.73,70130,67903.0,103112.0,4100.0,4110.0,4074.0,4092.6,21760025,4501.8,3683.4,4440.0,3288.1,4074.1,9,1,4074.0,14,3,4073.5,33,1,4073.1,40,2,4073.0,265,2,4075.7,19,3,4075.8,3,1,4075.9,5,1,4076.2,8,1,4076.3,34,1
11483,2026-07-02 09:19:53+05:30,4074.0,4,4086.66,70506,67813.0,103118.0,4100.0,4110.0,4072.6,4092.6,21760025,4501.8,3683.4,4440.0,3288.1,4072.6,8,1,4072.5,1,1,4072.3,20,1,4072.0,362,12,4071.8,33,1,4074.0,43,3,4074.2,21,3,4074.3,13,2,4074.4,37,3,4074.6,66,2
11483,2026-07-02 09:19:54+05:30,4072.6,5,4086.66,70506,67813.0,103118.0,4100.0,4110.0,4072.6,4092.6,21760025,4501.8,3683.4,4440.0,3288.1,4072.6,8,1,4072.5,1,1,4072.3,20,1,4072.0,362,12,4071.8,33,1,4074.0,43,3,4074.2,21,3,4074.3,13,2,4074.4,37,3,4074.6,66,2
11483,2026-07-02 09:19:54+05:30,4072.6,5,4086.64,70566,68047.0,102946.0,4100.0,4110.0,4072.3,4092.6,21760025,4501.8,3683.4,4440.0,3288.1,4072.9,4,1,4072.8,8,1,4072.7,4,1,4072.6,3,1,4072.5,8,1,4074.0,6,1,4074.1,8,1,4074.2,8,1,4074.3,2,1,4074.4,8,1
11483,2026-07-02 09:19:55+05:30,4072.6,5,4086.64,70566,69061.0,102947.0,4100.0,4110.0,4072.3,4092.6,21760025,4501.8,3683.4,4440.0,3288.1,4073.3,35,1,4073.2,11,2,4073.1,4,1,4073.0,12,2,4072.6,3,1,4075.0,4,1,4075.1,44,3,4075.2,20,3,4075.3,4,1,4075.6,28,2
11483,2026-07-02 09:19:56+05:30,4072.2,12,4086.64,70566,69061.0,102947.0,4100.0,4110.0,4072.3,4092.6,21760025,4501.8,3683.4,4440.0,3288.1,4073.3,35,1,4073.2,11,2,4073.1,4,1,4073.0,12,2,4072.6,3,1,4075.0,4,1,4075.1,44,3,4075.2,20,3,4075.3,4,1,4075.6,28,2
11483,2026-07-02 09:19:56+05:30,4072.2,12,4086.56,71009,68754.0,102683.0,4100.0,4110.0,4072.2,4092.6,21760025,4501.8,3683.4,4440.0,3288.1,4073.3,8,1,4073.2,19,1,4073.0,3,1,4072.9,3,1,4072.8,30,2,4074.7,37,3,4074.8,37,2,4074.9,27,3,4075.0,5,1,4075.1,25,3
11483,2026-07-02 09:19:57+05:30,4073.0,1,4086.56,71009,68754.0,102683.0,4100.0,4110.0,4072.2,4092.6,21760025,4501.8,3683.4,4440.0,3288.1,4073.3,8,1,4073.2,19,1,4073.0,3,1,4072.9,3,1,4072.8,30,2,4074.7,37,3,4074.8,37,2,4074.9,27,3,4075.0,5,1,4075.1,25,3
11483,2026-07-02 09:19:58+05:30,4073.0,1,4086.55,71038,69357.0,103131.0,4100.0,4110.0,4072.2,4092.6,21760025,4501.8,3683.4,4440.0,3288.1,4073.3,8,1,4073.2,24,3,4073.1,15,3,4073.0,2,1,4072.9,3,1,4074.9,16,2,4075.0,29,3,4075.1,29,4,4075.2,42,2,4075.3,38,4
11483,2026-07-02 09:19:58+05:30,4075.1,2,4086.55,71038,69357.0,103131.0,4100.0,4110.0,4072.2,4092.6,21760025,4501.8,3683.4,4440.0,3288.1,4073.3,8,1,4073.2,24,3,4073.1,15,3,4073.0,2,1,4072.9,3,1,4074.9,16,2,4075.0,29,3,4075.1,29,4,4075.2,42,2,4075.3,38,4
11483,2026-07-02 09:19:59+05:30,4074.1,1,4086.55,71045,69943.0,103614.0,4100.0,4110.0,4072.2,4092.6,21760025,4501.8,3683.4,4440.0,3288.1,4072.8,30,2,4072.6,3,1,4072.4,3,1,4072.2,5,1,4072.1,55,1,4074.1,5,1,4074.7,33,2,4074.8,65,3,4074.9,48,4,4075.0,37,3
11483,2026-07-02 09:19:59+05:30,4074.1,5,4086.55,71045,69943.0,103614.0,4100.0,4110.0,4072.2,4092.6,21760025,4501.8,3683.4,4440.0,3288.1,4072.8,30,2,4072.6,3,1,4072.4,3,1,4072.2,5,1,4072.1,55,1,4074.1,5,1,4074.7,33,2,4074.8,65,3,4074.9,48,4,4075.0,37,3
11483,2026-07-02 09:19:59+05:30,4074.1,5,4086.55,71045,69943.0,103614.0,4100.0,4110.0,4072.2,4092.6,21760025,4501.8,3683.4,4440.0,3288.1,4072.8,30,2,4072.6,3,1,4072.4,3,1,4072.2,5,1,4072.1,55,1,4074.1,5,1,4074.7,33,2,4074.8,65,3,4074.9,48,4,4075.0,37,3
11483,2026-07-02 09:20:00+05:30,4075.0,13,4086.54,71075,70504.0,103609.0,4100.0,4110.0,4072.2,4092.6,21760025,4501.8,3683.4,4440.0,3288.1,4073.3,8,1,4073.2,15,2,4073.0,3,1,4072.9,3,1,4072.8,30,2,4074.8,5,1,4074.9,14,2,4075.1,17,2,4075.3,23,3,4075.4,55,1
11483,2026-07-02 09:20:00+05:30,4075.0,13,4086.54,71075,70504.0,103609.0,4100.0,4110.0,4072.2,4092.6,21760025,4501.8,3683.4,4440.0,3288.1,4073.3,8,1,4073.2,15,2,4073.0,3,1,4072.9,3,1,4072.8,30,2,4074.8,5,1,4074.9,14,2,4075.1,17,2,4075.3,23,3,4075.4,55,1
11483,2026-07-02 09:20:00+05:30,4075.1,2,4086.54,71075,70504.0,103609.0,4100.0,4110.0,4072.2,4092.6,21760025,4501.8,3683.4,4440.0,3288.1,4073.3,8,1,4073.2,15,2,4073.0,3,1,4072.9,3,1,4072.8,30,2,4074.8,5,1,4074.9,14,2,4075.1,17,2,4075.3,23,3,4075.4,55,1
11483,2026-07-02 09:20:01+05:30,4075.1,2,4086.54,71075,70504.0,103609.0,4100.0,4110.0,4072.2,4092.6,21760025,4501.8,3683.4,4440.0,3288.1,4073.3,8,1,4073.2,15,2,4073.0,3,1,4072.9,3,1,4072.8,30,2,4074.8,5,1,4074.9,14,2,4075.1,17,2,4075.3,23,3,4075.4,55,1
11483,2026-07-02 09:20:01+05:30,4075.1,2,4086.54,71091,70836.0,102209.0,4100.0,4110.0,4072.2,4092.6,21760025,4501.8,3683.4,4440.0,3288.1,4074.6,29,1,4074.5,28,3,4074.3,6,1,4074.1,8,2,4074.0,16,1,4076.8,6,1,4076.9,51,3,4077.0,17,3,4077.1,6,1,4077.2,9,2
11483,2026-07-02 09:20:01+05:30,4075.1,2,4086.54,71091,70836.0,102209.0,4100.0,4110.0,4072.2,4092.6,21760025,4501.8,3683.4,4440.0,3288.1,4074.6,29,1,4074.5,28,3,4074.3,6,1,4074.1,8,2,4074.0,16,1,4076.8,6,1,4076.9,51,3,4077.0,17,3,4077.1,6,1,4077.2,9,2
11483,2026-07-02 09:20:01+05:30,4075.1,2,4086.54,71091,70836.0,102209.0,4100.0,4110.0,4072.2,4092.6,21760025,4501.8,3683.4,4440.0,3288.1,4074.6,29,1,4074.5,28,3,4074.3,6,1,4074.1,8,2,4074.0,16,1,4076.8,6,1,4076.9,51,3,4077.0,17,3,4077.1,6,1,4077.2,9,2
11483,2026-07-02 09:20:01+05:30,4075.1,2,4086.54,71091,70836.0,102209.0,4100.0,4110.0,4072.2,4092.6,21760025,4501.8,3683.4,4440.0,3288.1,4074.6,29,1,4074.5,28,3,4074.3,6,1,4074.1,8,2,4074.0,16,1,4076.8,6,1,4076.9,51,3,4077.0,17,3,4077.1,6,1,4077.2,9,2
11483,2026-07-02 09:20:02+05:30,4075.1,2,4086.54,71091,70836.0,102209.0,4100.0,4110.0,4072.2,4092.6,21760025,4501.8,3683.4,4440.0,3288.1,4074.6,29,1,4074.5,28,3,4074.3,6,1,4074.1,8,2,4074.0,16,1,4076.8,6,1,4076.9,51,3,4077.0,17,3,4077.1,6,1,4077.2,9,2
11483,2026-07-02 09:20:02+05:30,4076.7,1,4086.54,71107,72194.0,102682.0,4100.0,4110.0,4072.2,4092.6,21760025,4501.8,3683.4,4440.0,3288.1,4075.0,37,2,4074.9,8,1,4074.8,18,2,4074.7,27,2,4074.6,20,2,4076.8,6,1,4076.9,32,3,4077.2,7,1,4077.3,2,1,4077.4,62,3
11483,2026-07-02 09:20:02+05:30,4076.7,1,4086.54,71107,72194.0,102682.0,4100.0,4110.0,4072.2,4092.6,21760025,4501.8,3683.4,4440.0,3288.1,4075.0,37,2,4074.9,8,1,4074.8,18,2,4074.7,27,2,4074.6,20,2,4076.8,6,1,4076.9,32,3,4077.2,7,1,4077.3,2,1,4077.4,62,3
11483,2026-07-02 09:20:02+05:30,4076.7,3,4086.54,71107,72194.0,102682.0,4100.0,4110.0,4072.2,4092.6,21760025,4501.8,3683.4,4440.0,3288.1,4075.0,37,2,4074.9,8,1,4074.8,18,2,4074.7,27,2,4074.6,20,2,4076.8,6,1,4076.9,32,3,4077.2,7,1,4077.3,2,1,4077.4,62,3
11483,2026-07-02 09:20:02+05:30,4076.7,3,4086.54,71107,72194.0,102682.0,4100.0,4110.0,4072.2,4092.6,21760025,4501.8,3683.4,4440.0,3288.1,4075.0,37,2,4074.9,8,1,4074.8,18,2,4074.7,27,2,4074.6,20,2,4076.8,6,1,4076.9,32,3,4077.2,7,1,4077.3,2,1,4077.4,62,3
11483,2026-07-02 09:20:02+05:30,4076.7,3,4086.54,71107,72194.0,102682.0,4100.0,4110.0,4072.2,4092.6,21784350,4501.8,3683.4,4440.0,3288.1,4075.0,37,2,4074.9,8,1,4074.8,18,2,4074.7,27,2,4074.6,20,2,4076.8,6,1,4076.9,32,3,4077.2,7,1,4077.3,2,1,4077.4,62,3
11483,2026-07-02 09:20:03+05:30,4076.7,3,4086.54,71107,72194.0,102682.0,4100.0,4110.0,4072.2,4092.6,21784350,4501.8,3683.4,4440.0,3288.1,4075.0,37,2,4074.9,8,1,4074.8,18,2,4074.7,27,2,4074.6,20,2,4076.8,6,1,4076.9,32,3,4077.2,7,1,4077.3,2,1,4077.4,62,3
11483,2026-07-02 09:20:03+05:30,4073.7,1,4086.53,71169,70621.0,103852.0,4100.0,4110.0,4072.2,4092.6,21784350,4501.8,3683.4,4440.0,3288.1,4073.7,5,1,4073.6,20,3,4073.2,18,2,4073.0,8,2,4072.9,3,1,4075.0,41,3,4075.4,41,2,4075.5,15,1,4075.6,28,1,4075.7,41,3
11483,2026-07-02 09:20:03+05:30,4073.7,1,4086.53,71169,70621.0,103852.0,4100.0,4110.0,4072.2,4092.6,21784350,4501.8,3683.4,4440.0,3288.1,4073.7,5,1,4073.6,20,3,4073.2,18,2,4073.0,8,2,4072.9,3,1,4075.0,41,3,4075.4,41,2,4075.5,15,1,4075.6,28,1,4075.7,41,3
11483,2026-07-02 09:20:03+05:30,4073.7,1,4086.53,71169,70621.0,103852.0,4100.0,4110.0,4072.2,4092.6,21784350,4501.8,3683.4,4440.0,3288.1,4073.7,5,1,4073.6,20,3,4073.2,18,2,4073.0,8,2,4072.9,3,1,4075.0,41,3,4075.4,41,2,4075.5,15,1,4075.6,28,1,4075.7,41,3
11483,2026-07-02 09:20:04+05:30,4073.7,1,4086.53,71169,70621.0,103852.0,4100.0,4110.0,4072.2,4092.6,21784350,4501.8,3683.4,4440.0,3288.1,4073.7,5,1,4073.6,20,3,4073.2,18,2,4073.0,8,2,4072.9,3,1,4075.0,41,3,4075.4,41,2,4075.5,15,1,4075.6,28,1,4075.7,41,3
11483,2026-07-02 09:20:04+05:30,4075.2,1,4086.52,71251,72290.0,103450.0,4100.0,4110.0,4072.2,4092.6,21784350,4501.8,3683.4,4440.0,3288.1,4075.2,16,3,4075.1,14,2,4075.0,14,2,4074.9,14,2,4074.8,8,2,4075.9,6,1,4076.0,31,2,4076.3,9,1,4076.9,36,3,4077.0,13,1
11483,2026-07-02 09:20:04+05:30,4075.2,1,4086.52,71251,72290.0,103450.0,4100.0,4110.0,4072.2,4092.6,21784350,4501.8,3683.4,4440.0,3288.1,4075.2,16,3,4075.1,14,2,4075.0,14,2,4074.9,14,2,4074.8,8,2,4075.9,6,1,4076.0,31,2,4076.3,9,1,4076.9,36,3,4077.0,13,1
11483,2026-07-02 09:20:05+05:30,4076.0,1,4086.52,71251,72290.0,103450.0,4100.0,4110.0,4072.2,4092.6,21784350,4501.8,3683.4,4440.0,3288.1,4075.2,16,3,4075.1,14,2,4075.0,14,2,4074.9,14,2,4074.8,8,2,4075.9,6,1,4076.0,31,2,4076.3,9,1,4076.9,36,3,4077.0,13,1
11483,2026-07-02 09:20:05+05:30,4076.0,1,4086.52,71253,72832.0,102956.0,4100.0,4110.0,4072.2,4092.6,21784350,4501.8,3683.4,4440.0,3288.1,4075.1,6,1,4075.0,1,1,4074.9,14,1,4074.8,3,1,4074.7,4,1,4076.0,30,2,4076.8,12,1,4076.9,14,1,4077.2,35,1,4077.3,58,3
11483,2026-07-02 09:20:06+05:30,4076.0,1,4086.52,71253,72832.0,102956.0,4100.0,4110.0,4072.2,4092.6,21784350,4501.8,3683.4,4440.0,3288.1,4075.1,6,1,4075.0,1,1,4074.9,14,1,4074.8,3,1,4074.7,4,1,4076.0,30,2,4076.8,12,1,4076.9,14,1,4077.2,35,1,4077.3,58,3
11483,2026-07-02 09:20:06+05:30,4076.0,1,4086.52,71260,72892.0,103135.0,4100.0,4110.0,4072.2,4092.6,21784350,4501.8,3683.4,4440.0,3288.1,4075.1,8,1,4075.0,21,2,4074.8,3,1,4074.7,9,2,4074.6,3,1,4076.0,50,2,4076.7,2,1,4076.8,12,1,4076.9,20,2,4077.0,13,1
11483,2026-07-02 09:20:07+05:30,4075.1,3,4086.52,71260,72892.0,103135.0,4100.0,4110.0,4072.2,4092.6,21784350,4501.8,3683.4,4440.0,3288.1,4075.1,8,1,4075.0,21,2,4074.8,3,1,4074.7,9,2,4074.6,3,1,4076.0,50,2,4076.7,2,1,4076.8,12,1,4076.9,20,2,4077.0,13,1
11483,2026-07-02 09:20:07+05:30,4075.1,3,4086.5,71358,72884.0,102954.0,4100.0,4110.0,4072.2,4092.6,21784350,4501.8,3683.4,4440.0,3288.1,4075.0,1,1,4074.7,5,1,4074.6,4,1,4074.5,29,2,4074.4,3,1,4076.0,51,2,4076.1,20,2,4076.6,41,1,4076.7,70,2,4076.8,67,1
11483,2026-07-02 09:20:09+05:30,4076.0,2,4086.5,71360,73138.0,103896.0,4100.0,4110.0,4072.2,4092.6,21784350,4501.8,3683.4,4440.0,3288.1,4075.0,1,1,4074.7,5,1,4074.6,4,1,4074.5,26,1,4074.4,3,1,4076.0,61,3,4076.1,20,2,4076.4,14,1,4076.6,44,2,4076.7,73,2
11483,2026-07-02 09:20:09+05:30,4074.7,4,4086.5,71360,73138.0,103896.0,4100.0,4110.0,4072.2,4092.6,21784350,4501.8,3683.4,4440.0,3288.1,4075.0,1,1,4074.7,5,1,4074.6,4,1,4074.5,26,1,4074.4,3,1,4076.0,61,3,4076.1,20,2,4076.4,14,1,4076.6,44,2,4076.7,73,2
11483,2026-07-02 09:20:10+05:30,4076.2,7,4086.48,71485,73185.0,103796.0,4100.0,4110.0,4072.2,4092.6,21784350,4501.8,3683.4,4440.0,3288.1,4075.1,1,1,4074.8,6,1,4074.7,13,2,4074.3,26,1,4074.2,20,2,4076.4,24,1,4076.5,7,1,4076.6,3,1,4076.7,88,4,4076.8,67,1
11483,2026-07-02 09:20:10+05:30,4074.0,1,4086.48,71485,73185.0,103796.0,4100.0,4110.0,4072.2,4092.6,21784350,4501.8,3683.4,4440.0,3288.1,4075.1,1,1,4074.8,6,1,4074.7,13,2,4074.3,26,1,4074.2,20,2,4076.4,24,1,4076.5,7,1,4076.6,3,1,4076.7,88,4,4076.8,67,1
11483,2026-07-02 09:20:11+05:30,4074.0,1,4086.47,71581,72117.0,104633.0,4100.0,4110.0,4072.2,4092.6,21784350,4501.8,3683.4,4440.0,3288.1,4073.7,1,1,4073.2,7,1,4073.0,7,2,4072.8,27,1,4072.7,6,1,4074.6,42,4,4075.2,77,6,4075.3,10,2,4075.4,34,5,4075.5,24,3
11483,2026-07-02 09:20:12+05:30,4074.6,5,4086.46,71596,72010.0,104729.0,4100.0,4110.0,4072.2,4092.6,21784350,4501.8,3683.4,4440.0,3288.1,4073.7,1,1,4073.2,7,1,4073.0,8,3,4072.8,27,1,4072.6,1,1,4074.6,41,4,4074.7,28,2,4075.0,7,2,4075.1,37,1,4075.2,102,5
11483,2026-07-02 09:20:12+05:30,4074.6,5,4086.46,71596,72010.0,104729.0,4100.0,4110.0,4072.2,4092.6,21784350,4501.8,3683.4,4440.0,3288.1,4073.7,1,1,4073.2,7,1,4073.0,8,3,4072.8,27,1,4072.6,1,1,4074.6,41,4,4074.7,28,2,4075.0,7,2,4075.1,37,1,4075.2,102,5
11483,2026-07-02 09:20:13+05:30,4074.6,7,4086.46,71606,71918.0,104744.0,4100.0,4110.0,4072.2,4092.6,21784350,4501.8,3683.4,4440.0,3288.1,4073.7,1,1,4073.2,7,1,4073.0,8,3,4072.8,27,1,4072.6,1,1,4074.6,34,4,4074.7,28,2,4075.0,7,2,4075.1,37,1,4075.2,102,5
11483,2026-07-02 09:20:13+05:30,4073.7,1,4086.46,71606,71918.0,104744.0,4100.0,4110.0,4072.2,4092.6,21784350,4501.8,3683.4,4440.0,3288.1,4073.7,1,1,4073.2,7,1,4073.0,8,3,4072.8,27,1,4072.6,1,1,4074.6,34,4,4074.7,28,2,4075.0,7,2,4075.1,37,1,4075.2,102,5
11483,2026-07-02 09:20:14+05:30,4074.5,1,4086.46,71633,71842.0,105136.0,4100.0,4110.0,4072.2,4092.6,21784350,4501.8,3683.4,4440.0,3288.1,4073.0,18,4,4072.8,27,1,4072.6,1,1,4072.4,11,1,4072.2,17,2,4074.5,1,1,4074.6,53,5,4074.7,28,2,4074.9,10,2,4075.0,1,1
11483,2026-07-02 09:20:14+05:30,4074.5,1,4086.46,71633,71842.0,105136.0,4100.0,4110.0,4072.2,4092.6,21784350,4501.8,3683.4,4440.0,3288.1,4073.0,18,4,4072.8,27,1,4072.6,1,1,4072.4,11,1,4072.2,17,2,4074.5,1,1,4074.6,53,5,4074.7,28,2,4074.9,10,2,4075.0,1,1
11483,2026-07-02 09:20:15+05:30,4074.5,3,4086.46,71636,71530.0,105240.0,4100.0,4110.0,4072.2,4092.6,21784350,4501.8,3683.4,4440.0,3288.1,4073.0,18,4,4072.8,27,1,4072.6,1,1,4072.4,11,1,4072.2,5,1,4074.4,6,1,4074.5,59,4,4074.6,20,3,4074.7,28,2,4074.9,6,1
11483,2026-07-02 09:20:15+05:30,4074.7,4,4086.46,71636,71530.0,105240.0,4100.0,4110.0,4072.2,4092.6,21784350,4501.8,3683.4,4440.0,3288.1,4073.0,18,4,4072.8,27,1,4072.6,1,1,4072.4,11,1,4072.2,5,1,4074.4,6,1,4074.5,59,4,4074.6,20,3,4074.7,28,2,4074.9,6,1
11483,2026-07-02 09:20:16+05:30,4072.6,1,4086.46,71636,71530.0,105240.0,4100.0,4110.0,4072.2,4092.6,21784350,4501.8,3683.4,4440.0,3288.1,4073.0,18,4,4072.8,27,1,4072.6,1,1,4072.4,11,1,4072.2,5,1,4074.4,6,1,4074.5,59,4,4074.6,20,3,4074.7,28,2,4074.9,6,1
11483,2026-07-02 09:20:16+05:30,4072.6,1,4086.43,71773,71095.0,104443.0,4100.0,4110.0,4072.2,4092.6,21784350,4501.8,3683.4,4440.0,3288.1,4072.6,20,1,4072.2,30,2,4072.1,5,1,4072.0,649,18,4071.7,101,2,4074.1,37,2,4074.2,13,2,4074.3,6,1,4074.4,36,2,4074.5,2,1
11483,2026-07-02 09:20:17+05:30,4074.1,1,4086.43,71773,71095.0,104443.0,4100.0,4110.0,4072.2,4092.6,21784350,4501.8,3683.4,4440.0,3288.1,4072.6,20,1,4072.2,30,2,4072.1,5,1,4072.0,649,18,4071.7,101,2,4074.1,37,2,4074.2,13,2,4074.3,6,1,4074.4,36,2,4074.5,2,1
11483,2026-07-02 09:20:17+05:30,4074.1,1,4086.43,71774,71474.0,104348.0,4100.0,4110.0,4072.2,4092.6,21784350,4501.8,3683.4,4440.0,3288.1,4072.6,20,1,4072.2,35,3,4072.1,21,2,4072.0,649,18,4071.8,3,1,4074.1,46,2,4074.2,1,1,4074.3,6,1,4074.7,12,1,4074.8,17,1
11483,2026-07-02 09:20:18+05:30,4074.1,12,4086.43,71774,71474.0,104348.0,4100.0,4110.0,4072.2,4092.6,21784350,4501.8,3683.4,4440.0,3288.1,4072.6,20,1,4072.2,35,3,4072.1,21,2,4072.0,649,18,4071.8,3,1,4074.1,46,2,4074.2,1,1,4074.3,6,1,4074.7,12,1,4074.8,17,1
11483,2026-07-02 09:20:18+05:30,4074.1,12,4086.43,71786,71541.0,104442.0,4100.0,4110.0,4072.2,4092.6,21784350,4501.8,3683.4,4440.0,3288.1,4072.6,20,1,4072.2,35,3,4072.1,43,2,4072.0,649,18,4071.9,39,2,4074.1,36,3,4074.2,1,1,4074.3,19,2,4074.7,12,1,4074.8,23,2
11483,2026-07-02 09:20:19+05:30,4074.0,85,4086.43,71786,71541.0,104442.0,4100.0,4110.0,4072.2,4092.6,21784350,4501.8,3683.4,4440.0,3288.1,4072.6,20,1,4072.2,35,3,4072.1,43,2,4072.0,649,18,4071.9,39,2,4074.1,36,3,4074.2,1,1,4074.3,19,2,4074.7,12,1,4074.8,23,2
11483,2026-07-02 09:20:19+05:30,4074.0,85,4086.41,71887,71537.0,104829.0,4100.0,4110.0,4072.2,4092.6,21784350,4501.8,3683.4,4440.0,3288.1,4072.6,21,2,4072.5,12,1,4072.3,5,1,4072.2,21,3,4072.1,90,2,4074.1,65,5,4074.2,6,2,4074.3,19,2,4074.6,6,1,4074.7,32,2
11483,2026-07-02 09:20:20+05:30,4074.1,1,4086.41,71887,71537.0,104829.0,4100.0,4110.0,4072.2,4092.6,21784350,4501.8,3683.4,4440.0,3288.1,4072.6,21,2,4072.5,12,1,4072.3,5,1,4072.2,21,3,4072.1,90,2,4074.1,65,5,4074.2,6,2,4074.3,19,2,4074.6,6,1,4074.7,32,2
11483,2026-07-02 09:20:21+05:30,4073.7,7,4086.41,71901,71847.0,104887.0,4100.0,4110.0,4072.2,4092.6,21784350,4501.8,3683.4,4440.0,3288.1,4073.7,38,1,4072.7,26,1,4072.6,21,2,4072.4,54,1,4072.3,27,2,4074.1,24,1,4074.2,6,2,4074.3,13,1,4074.7,13,2,4075.2,23,2
11483,2026-07-02 09:20:21+05:30,4073.7,7,4086.41,71901,71847.0,104887.0,4100.0,4110.0,4072.2,4092.6,21784350,4501.8,3683.4,4440.0,3288.1,4073.7,38,1,4072.7,26,1,4072.6,21,2,4072.4,54,1,4072.3,27,2,4074.1,24,1,4074.2,6,2,4074.3,13,1,4074.7,13,2,4075.2,23,2
11483,2026-07-02 09:20:22+05:30,4074.6,11,4086.4,71982,73060.0,104039.0,4100.0,4110.0,4072.2,4092.6,21784350,4501.8,3683.4,4440.0,3288.1,4073.7,38,1,4072.8,43,2,4072.7,77,3,4072.6,40,4,4072.5,15,1,4074.7,58,7,4075.2,26,1,4075.3,7,1,4075.6,6,1,4075.7,60,2
11483,2026-07-02 09:20:22+05:30,4074.6,11,4086.4,71982,73060.0,104039.0,4100.0,4110.0,4072.2,4092.6,21784350,4501.8,3683.4,4440.0,3288.1,4073.7,38,1,4072.8,43,2,4072.7,77,3,4072.6,40,4,4072.5,15,1,4074.7,58,7,4075.2,26,1,4075.3,7,1,4075.6,6,1,4075.7,60,2
11483,2026-07-02 09:20:23+05:30,4074.7,1,4086.4,71987,74008.0,103977.0,4100.0,4110.0,4072.2,4092.6,21784350,4501.8,3683.4,4440.0,3288.1,4074.0,302,3,4073.7,38,1,4073.5,11,1,4073.3,13,1,4073.0,56,3,4074.7,36,3,4074.8,5,1,4075.3,7,1,4075.6,16,1,4075.9,64,4
11483,2026-07-02 09:20:23+05:30,4074.7,1,4086.4,71987,74008.0,103977.0,4100.0,4110.0,4072.2,4092.6,21784350,4501.8,3683.4,4440.0,3288.1,4074.0,302,3,4073.7,38,1,4073.5,11,1,4073.3,13,1,4073.0,56,3,4074.7,36,3,4074.8,5,1,4075.3,7,1,4075.6,16,1,4075.9,64,4
11483,2026-07-02 09:20:24+05:30,4074.7,1,4086.39,72024,81172.0,103010.0,4100.0,4110.0,4072.2,4092.6,21784350,4501.8,3683.4,4440.0,3288.1,4074.5,18,4,4074.4,9,3,4074.3,13,3,4074.2,64,4,4074.1,82,5,4075.9,1,1,4076.0,1,1,4076.4,7,2,4076.6,51,1,4076.7,79,2
11483,2026-07-02 09:20:24+05:30,4074.7,1,4086.39,72024,81172.0,103010.0,4100.0,4110.0,4072.2,4092.6,21784350,4501.8,3683.4,4440.0,3288.1,4074.5,18,4,4074.4,9,3,4074.3,13,3,4074.2,64,4,4074.1,82,5,4075.9,1,1,4076.0,1,1,4076.4,7,2,4076.6,51,1,4076.7,79,2
11483,2026-07-02 09:20:25+05:30,4074.7,6,4086.39,72037,81052.0,103182.0,4100.0,4110.0,4072.2,4092.6,21784350,4501.8,3683.4,4440.0,3288.1,4074.7,11,4,4074.6,16,4,4074.5,9,1,4074.4,14,1,4074.2,36,2,4075.9,19,2,4076.0,1,1,4076.3,1,1,4076.4,5,1,4076.6,51,1
11483,2026-07-02 09:20:25+05:30,4074.5,5,4086.39,72037,81052.0,103182.0,4100.0,4110.0,4072.2,4092.6,21784350,4501.8,3683.4,4440.0,3288.1,4074.7,11,4,4074.6,16,4,4074.5,9,1,4074.4,14,1,4074.2,36,2,4075.9,19,2,4076.0,1,1,4076.3,1,1,4076.4,5,1,4076.6,51,1
11483,2026-07-02 09:20:26+05:30,4075.9,6,4086.38,72120,81093.0,103476.0,4100.0,4110.0,4072.2,4092.6,21784350,4501.8,3683.4,4440.0,3288.1,4074.6,29,1,4074.3,15,1,4074.2,32,3,4074.1,25,4,4074.0,302,3,4075.9,13,2,4076.0,1,1,4076.3,1,1,4076.4,5,1,4076.6,51,1
11483,2026-07-02 09:20:26+05:30,4075.9,4,4086.38,72120,81093.0,103476.0,4100.0,4110.0,4072.2,4092.6,21784350,4501.8,3683.4,4440.0,3288.1,4074.6,29,1,4074.3,15,1,4074.2,32,3,4074.1,25,4,4074.0,302,3,4075.9,13,2,4076.0,1,1,4076.3,1,1,4076.4,5,1,4076.6,51,1
11483,2026-07-02 09:20:27+05:30,4075.9,1,4086.37,72163,81169.0,103372.0,4100.0,4110.0,4072.2,4092.6,21784350,4501.8,3683.4,4440.0,3288.1,4074.3,8,1,4074.2,16,2,4074.1,94,4,4074.0,308,4,4073.9,38,2,4075.9,4,3,4076.0,1,1,4076.3,1,1,4076.4,20,2,4076.5,33,1
11483,2026-07-02 09:20:27+05:30,4076.4,1,4086.37,72163,81169.0,103372.0,4100.0,4110.0,4072.2,4092.6,21784350,4501.8,3683.4,4440.0,3288.1,4074.3,8,1,4074.2,16,2,4074.1,94,4,4074.0,308,4,4073.9,38,2,4075.9,4,3,4076.0,1,1,4076.3,1,1,4076.4,20,2,4076.5,33,1
11483,2026-07-02 09:20:28+05:30,4076.3,1,4086.37,72163,81169.0,103372.0,4100.0,4110.0,4072.2,4092.6,21784350,4501.8,3683.4,4440.0,3288.1,4074.3,8,1,4074.2,16,2,4074.1,94,4,4074.0,308,4,4073.9,38,2,4075.9,4,3,4076.0,1,1,4076.3,1,1,4076.4,20,2,4076.5,33,1
11483,2026-07-02 09:20:28+05:30,4076.3,1,4086.36,72189,81352.0,103128.0,4100.0,4110.0,4072.2,4092.6,21784350,4501.8,3683.4,4440.0,3288.1,4074.8,5,2,4074.7,79,3,4074.6,29,3,4074.5,8,1,4074.4,8,1,4076.3,10,2,4076.6,35,1,4076.7,79,2,4076.8,162,3,4076.9,97,2
11483,2026-07-02 09:20:29+05:30,4076.1,1,4086.36,72189,81352.0,103128.0,4100.0,4110.0,4072.2,4092.6,21784350,4501.8,3683.4,4440.0,3288.1,4074.8,5,2,4074.7,79,3,4074.6,29,3,4074.5,8,1,4074.4,8,1,4076.3,10,2,4076.6,35,1,4076.7,79,2,4076.8,162,3,4076.9,97,2
11483,2026-07-02 09:20:29+05:30,4076.1,1,4086.36,72190,81265.0,103488.0,4100.0,4110.0,4072.2,4092.6,21784350,4501.8,3683.4,4440.0,3288.1,4074.7,5,1,4074.6,64,2,4074.3,8,1,4074.2,16,2,4074.1,30,2,4076.1,79,6,4076.2,10,3,4076.3,1,1,4076.4,14,1,4076.5,31,2
11483,2026-07-02 09:20:30+05:30,4075.9,1,4086.36,72190,81265.0,103488.0,4100.0,4110.0,4072.2,4092.6,21784350,4501.8,3683.4,4440.0,3288.1,4074.7,5,1,4074.6,64,2,4074.3,8,1,4074.2,16,2,4074.1,30,2,4076.1,79,6,4076.2,10,3,4076.3,1,1,4076.4,14,1,4076.5,31,2
11483,2026-07-02 09:20:30+05:30,4075.6,5,4086.36,72251,80718.0,104165.0,4100.0,4110.0,4072.2,4092.6,21784350,4501.8,3683.4,4440.0,3288.1,4074.7,15,2,4074.6,50,1,4074.2,14,1,4074.0,352,4,4073.7,6539,3,4075.6,355,6,4075.7,19,5,4075.8,5,2,4075.9,8,3,4076.0,22,2
11483,2026-07-02 09:20:31+05:30,4074.7,1,4086.36,72251,80718.0,104165.0,4100.0,4110.0,4072.2,4092.6,21784350,4501.8,3683.4,4440.0,3288.1,4074.7,15,2,4074.6,50,1,4074.2,14,1,4074.0,352,4,4073.7,6539,3,4075.6,355,6,4075.7,19,5,4075.8,5,2,4075.9,8,3,4076.0,22,2
11483,2026-07-02 09:20:32+05:30,4075.0,1,4086.32,72509,81254.0,103539.0,4100.0,4110.0,4072.2,4092.6,21784350,4501.8,3683.4,4440.0,3288.1,4075.0,169,1,4074.7,14,2,4074.6,50,1,4074.5,10,1,4074.3,12,1,4075.6,70,2,4075.9,1,1,4076.2,3,1,4076.4,20,1,4076.7,79,2
11483,2026-07-02 09:20:32+05:30,4075.0,5,4086.32,72509,81254.0,103539.0,4100.0,4110.0,4072.2,4092.6,21784350,4501.8,3683.4,4440.0,3288.1,4075.0,169,1,4074.7,14,2,4074.6,50,1,4074.5,10,1,4074.3,12,1,4075.6,70,2,4075.9,1,1,4076.2,3,1,4076.4,20,1,4076.7,79,2
11483,2026-07-02 09:20:33+05:30,4075.6,50,4086.31,72564,81446.0,103523.0,4100.0,4110.0,4072.2,4092.6,21784350,4501.8,3683.4,4440.0,3288.1,4075.0,502,3,4074.7,14,2,4074.6,50,1,4074.5,16,2,4074.3,12,1,4075.6,16,2,4075.7,5,1,4075.9,1,1,4076.4,20,1,4076.7,79,2
11483,2026-07-02 09:20:33+05:30,4075.0,11,4086.31,72564,81446.0,103523.0,4100.0,4110.0,4072.2,4092.6,21784350,4501.8,3683.4,4440.0,3288.1,4075.0,502,3,4074.7,14,2,4074.6,50,1,4074.5,16,2,4074.3,12,1,4075.6,16,2,4075.7,5,1,4075.9,1,1,4076.4,20,1,4076.7,79,2
11483,2026-07-02 09:20:34+05:30,4075.0,17,4086.28,72757,81148.0,103755.0,4100.0,4110.0,4072.2,4092.6,21784350,4501.8,3683.4,4440.0,3288.1,4075.0,310,2,4074.7,14,2,4074.6,50,1,4074.5,10,1,4074.3,12,1,4075.6,15,2,4075.8,8,1,4075.9,1,1,4076.2,20,1,4076.4,20,1
11483,2026-07-02 09:20:34+05:30,4076.4,10,4086.28,72757,81148.0,103755.0,4100.0,4110.0,4072.2,4092.6,21784350,4501.8,3683.4,4440.0,3288.1,4075.0,310,2,4074.7,14,2,4074.6,50,1,4074.5,10,1,4074.3,12,1,4075.6,15,2,4075.8,8,1,4075.9,1,1,4076.2,20,1,4076.4,20,1
11483,2026-07-02 09:20:35+05:30,4075.0,230,4086.23,73072,80925.0,103449.0,4100.0,4110.0,4072.2,4092.6,21784350,4501.8,3683.4,4440.0,3288.1,4075.0,80,2,4074.7,14,2,4074.6,50,1,4074.2,14,1,4074.1,1,1,4076.1,17,4,4076.3,18,1,4076.5,32,1,4076.6,22,2,4076.7,107,4
11483,2026-07-02 09:20:35+05:30,4075.0,5,4086.23,73072,80925.0,103449.0,4100.0,4110.0,4072.2,4092.6,21784350,4501.8,3683.4,4440.0,3288.1,4075.0,80,2,4074.7,14,2,4074.6,50,1,4074.2,14,1,4074.1,1,1,4076.1,17,4,4076.3,18,1,4076.5,32,1,4076.6,22,2,4076.7,107,4
11483,2026-07-02 09:20:36+05:30,4075.0,10,4086.23,73087,80982.0,103674.0,4100.0,4110.0,4072.2,4092.6,21784350,4501.8,3683.4,4440.0,3288.1,4075.0,90,3,4074.7,30,3,4074.6,50,1,4074.2,14,1,4074.1,1,1,4076.1,17,4,4076.3,18,1,4076.4,20,1,4076.5,70,2,4076.6,14,1
11483,2026-07-02 09:20:36+05:30,4076.3,1,4086.23,73087,80982.0,103674.0,4100.0,4110.0,4072.2,4092.6,21784350,4501.8,3683.4,4440.0,3288.1,4075.0,90,3,4074.7,30,3,4074.6,50,1,4074.2,14,1,4074.1,1,1,4076.1,17,4,4076.3,18,1,4076.4,20,1,4076.5,70,2,4076.6,14,1
11483,2026-07-02 09:20:37+05:30,4076.7,7,4086.23,73114,81056.0,103292.0,4100.0,4110.0,4072.2,4092.6,21784350,4501.8,3683.4,4440.0,3288.1,4075.6,2,1,4075.0,6590,4,4074.7,39,4,4074.6,64,2,4074.4,19,1,4076.7,110,5,4076.8,90,3,4076.9,97,2,4077.1,61,3,4077.2,25,3
11483,2026-07-02 09:20:37+05:30,4076.7,2,4086.23,73114,81056.0,103292.0,4100.0,4110.0,4072.2,4092.6,21784350,4501.8,3683.4,4440.0,3288.1,4075.6,2,1,4075.0,6590,4,4074.7,39,4,4074.6,64,2,4074.4,19,1,4076.7,110,5,4076.8,90,3,4076.9,97,2,4077.1,61,3,4077.2,25,3
11483,2026-07-02 09:20:38+05:30,4075.6,1,4086.23,73117,81419.0,103673.0,4100.0,4110.0,4072.2,4092.6,21784350,4501.8,3683.4,4440.0,3288.1,4075.6,1,1,4075.0,6590,4,4074.7,23,3,4074.6,50,1,4074.5,39,1,4076.0,5,1,4076.5,24,3,4076.6,9,2,4076.7,92,3,4076.8,90,3
11483,2026-07-02 09:20:38+05:30,4075.6,1,4086.23,73117,81419.0,103673.0,4100.0,4110.0,4072.2,4092.6,21784350,4501.8,3683.4,4440.0,3288.1,4075.6,1,1,4075.0,6590,4,4074.7,23,3,4074.6,50,1,4074.5,39,1,4076.0,5,1,4076.5,24,3,4076.6,9,2,4076.7,92,3,4076.8,90,3
11483,2026-07-02 09:20:39+05:30,4075.0,9,4086.22,73127,81293.0,104137.0,4100.0,4110.0,4072.2,4092.6,21784350,4501.8,3683.4,4440.0,3288.1,4075.0,6582,5,4074.7,23,3,4074.6,50,1,4074.2,8,1,4074.1,26,2,4075.9,14,2,4076.0,24,5,4076.4,63,2,4076.5,46,2,4076.6,96,3
11483,2026-07-02 09:20:39+05:30,4075.0,9,4086.22,73127,81293.0,104137.0,4100.0,4110.0,4072.2,4092.6,21784350,4501.8,3683.4,4440.0,3288.1,4075.0,6582,5,4074.7,23,3,4074.6,50,1,4074.2,8,1,4074.1,26,2,4075.9,14,2,4076.0,24,5,4076.4,63,2,4076.5,46,2,4076.6,96,3
11483,2026-07-02 09:20:40+05:30,4075.0,9,4086.22,73127,81031.0,103590.0,4100.0,4110.0,4072.2,4092.6,21784350,4501.8,3683.4,4440.0,3288.1,4075.6,20,1,4075.0,6582,5,4074.7,23,3,4074.6,50,1,4074.2,8,1,4075.9,22,3,4076.0,9,3,4076.5,8,1,4076.6,96,3,4076.7,96,4
11483,2026-07-02 09:20:41+05:30,4075.5,25,4086.22,73127,81031.0,103590.0,4100.0,4110.0,4072.2,4092.6,21784350,4501.8,3683.4,4440.0,3288.1,4075.6,20,1,4075.0,6582,5,4074.7,23,3,4074.6,50,1,4074.2,8,1,4075.9,22,3,4076.0,9,3,4076.5,8,1,4076.6,96,3,4076.7,96,4
11483,2026-07-02 09:20:41+05:30,4075.5,25,4086.21,73232,81356.0,104038.0,4100.0,4110.0,4072.2,4092.6,21784350,4501.8,3683.4,4440.0,3288.1,4075.0,6582,5,4074.8,50,1,4074.7,13,2,4074.6,50,1,4074.1,26,2,4075.6,25,5,4076.0,17,2,4076.1,31,3,4076.2,46,2,4076.3,14,2
11483,2026-07-02 09:20:42+05:30,4075.0,10,4086.21,73232,81356.0,104038.0,4100.0,4110.0,4072.2,4092.6,21784350,4501.8,3683.4,4440.0,3288.1,4075.0,6582,5,4074.8,50,1,4074.7,13,2,4074.6,50,1,4074.1,26,2,4075.6,25,5,4076.0,17,2,4076.1,31,3,4076.2,46,2,4076.3,14,2
11483,2026-07-02 09:20:42+05:30,4075.0,6,4086.21,73249,81362.0,103997.0,4100.0,4110.0,4072.2,4092.6,21784350,4501.8,3683.4,4440.0,3288.1,4075.0,6568,6,4074.8,50,1,4074.7,13,2,4074.6,50,1,4074.1,26,2,4075.5,9,1,4075.6,16,4,4075.9,19,1,4076.0,9,1,4076.1,49,2
11483,2026-07-02 09:20:43+05:30,4075.6,2,4086.21,73249,81362.0,103997.0,4100.0,4110.0,4072.2,4092.6,21784350,4501.8,3683.4,4440.0,3288.1,4075.0,6568,6,4074.8,50,1,4074.7,13,2,4074.6,50,1,4074.1,26,2,4075.5,9,1,4075.6,16,4,4075.9,19,1,4076.0,9,1,4076.1,49,2
11483,2026-07-02 09:20:44+05:30,4075.6,2,4086.2,73274,81881.0,103701.0,4100.0,4110.0,4072.2,4092.6,21784350,4501.8,3683.4,4440.0,3288.1,4075.6,27,1,4075.0,6568,6,4074.8,50,1,4074.7,13,2,4074.6,50,1,4076.0,22,3,4076.2,46,2,4076.4,19,1,4076.5,17,1,4076.6,95,4
11483,2026-07-02 09:20:44+05:30,4075.6,2,4086.2,73274,81881.0,103701.0,4100.0,4110.0,4072.2,4092.6,21784350,4501.8,3683.4,4440.0,3288.1,4075.6,27,1,4075.0,6568,6,4074.8,50,1,4074.7,13,2,4074.6,50,1,4076.0,22,3,4076.2,46,2,4076.4,19,1,4076.5,17,1,4076.6,95,4
11483,2026-07-02 09:20:45+05:30,4076.0,4,4086.2,73281,81955.0,103572.0,4100.0,4110.0,4072.2,4092.6,21784350,4501.8,3683.4,4440.0,3288.1,4075.6,25,1,4075.0,6569,7,4074.8,50,1,4074.7,51,3,4074.6,50,1,4076.0,27,6,4076.2,46,2,4076.4,19,1,4076.5,8,1,4076.6,90,2
11483,2026-07-02 09:20:45+05:30,4076.0,1,4086.2,73281,81955.0,103572.0,4100.0,4110.0,4072.2,4092.6,21784350,4501.8,3683.4,4440.0,3288.1,4075.6,25,1,4075.0,6569,7,4074.8,50,1,4074.7,51,3,4074.6,50,1,4076.0,27,6,4076.2,46,2,4076.4,19,1,4076.5,8,1,4076.6,90,2
11483,2026-07-02 09:20:46+05:30,4076.0,5,4086.2,73294,82037.0,103676.0,4100.0,4110.0,4072.2,4092.6,21784350,4501.8,3683.4,4440.0,3288.1,4075.6,25,1,4075.0,6569,7,4074.8,50,1,4074.7,51,3,4074.6,50,1,4076.0,12,3,4076.2,47,3,4076.4,19,1,4076.6,90,2,4076.7,94,4
11483,2026-07-02 09:20:46+05:30,4075.0,10,4086.2,73294,82037.0,103676.0,4100.0,4110.0,4072.2,4092.6,21784350,4501.8,3683.4,4440.0,3288.1,4075.6,25,1,4075.0,6569,7,4074.8,50,1,4074.7,51,3,4074.6,50,1,4076.0,12,3,4076.2,47,3,4076.4,19,1,4076.6,90,2,4076.7,94,4
11483,2026-07-02 09:20:47+05:30,4075.0,10,4086.18,73394,82453.0,103707.0,4100.0,4110.0,4072.2,4092.6,21784350,4501.8,3683.4,4440.0,3288.1,4075.1,13,2,4075.0,6605,7,4074.9,49,2,4074.8,50,1,4074.7,13,2,4076.0,6,1,4076.2,1,1,4076.6,89,2,4076.7,80,2,4076.8,146,3
11483,2026-07-02 09:20:47+05:30,4076.0,1,4086.18,73394,82453.0,103707.0,4100.0,4110.0,4072.2,4092.6,21784350,4501.8,3683.4,4440.0,3288.1,4075.1,13,2,4075.0,6605,7,4074.9,49,2,4074.8,50,1,4074.7,13,2,4076.0,6,1,4076.2,1,1,4076.6,89,2,4076.7,80,2,4076.8,146,3
11483,2026-07-02 09:20:48+05:30,4076.0,1,4086.18,73399,82642.0,103809.0,4100.0,4110.0,4072.2,4092.6,21784350,4501.8,3683.4,4440.0,3288.1,4075.0,6605,7,4074.9,25,1,4074.8,50,1,4074.7,13,2,4074.6,50,1,4076.0,1,1,4076.2,1,1,4076.6,89,2,4076.7,80,2,4076.8,146,3
11483,2026-07-02 09:20:48+05:30,4076.0,1,4086.18,73399,82642.0,103809.0,4100.0,4110.0,4072.2,4092.6,21784350,4501.8,3683.4,4440.0,3288.1,4075.0,6605,7,4074.9,25,1,4074.8,50,1,4074.7,13,2,4074.6,50,1,4076.0,1,1,4076.2,1,1,4076.6,89,2,4076.7,80,2,4076.8,146,3
11483,2026-07-02 09:20:49+05:30,4075.9,5,4086.18,73404,82506.0,103608.0,4100.0,4110.0,4072.2,4092.6,21784350,4501.8,3683.4,4440.0,3288.1,4075.9,5,1,4075.0,6629,8,4074.9,25,1,4074.8,50,1,4074.7,13,2,4076.0,1,1,4076.6,88,2,4076.7,80,2,4076.8,146,3,4077.0,15,1
11483,2026-07-02 09:20:49+05:30,4075.9,2,4086.18,73404,82506.0,103608.0,4100.0,4110.0,4072.2,4092.6,21784350,4501.8,3683.4,4440.0,3288.1,4075.9,5,1,4075.0,6629,8,4074.9,25,1,4074.8,50,1,4074.7,13,2,4076.0,1,1,4076.6,88,2,4076.7,80,2,4076.8,146,3,4077.0,15,1
11483,2026-07-02 09:20:50+05:30,4075.0,40,4086.17,73480,81705.0,103742.0,4100.0,4110.0,4072.2,4092.6,21784350,4501.8,3683.4,4440.0,3288.1,4075.0,6502,6,4074.8,50,1,4074.6,50,1,4074.1,64,3,4074.0,68,5,4076.0,15,4,4076.4,33,2,4076.5,224,3,4076.6,128,4,4076.7,82,3
11483,2026-07-02 09:20:50+05:30,4075.0,40,4086.17,73480,81705.0,103742.0,4100.0,4110.0,4072.2,4092.6,21784350,4501.8,3683.4,4440.0,3288.1,4075.0,6502,6,4074.8,50,1,4074.6,50,1,4074.1,64,3,4074.0,68,5,4076.0,15,4,4076.4,33,2,4076.5,224,3,4076.6,128,4,4076.7,82,3
11483,2026-07-02 09:20:51+05:30,4075.1,20,4086.17,73500,82254.0,103824.0,4100.0,4110.0,4072.2,4092.6,21784350,4501.8,3683.4,4440.0,3288.1,4075.0,6502,6,4074.8,50,1,4074.6,50,1,4074.2,7,1,4074.1,26,2,4076.0,13,3,4076.3,8,1,4076.4,33,2,4076.5,331,4,4076.6,90,3
11483,2026-07-02 09:20:51+05:30,4075.1,20,4086.17,73500,82254.0,103824.0,4100.0,4110.0,4072.2,4092.6,21784350,4501.8,3683.4,4440.0,3288.1,4075.0,6502,6,4074.8,50,1,4074.6,50,1,4074.2,7,1,4074.1,26,2,4076.0,13,3,4076.3,8,1,4076.4,33,2,4076.5,331,4,4076.6,90,3
11483,2026-07-02 09:20:52+05:30,4075.1,20,4086.17,73500,82788.0,103834.0,4100.0,4110.0,4072.2,4092.6,21784350,4501.8,3683.4,4440.0,3288.1,4075.0,6502,6,4074.8,50,1,4074.7,7,1,4074.6,93,2,4074.4,45,1,4076.5,107,1,4076.6,315,4,4076.7,129,2,4076.8,8,1,4077.0,27,2
11483,2026-07-02 09:20:53+05:30,4075.0,5,4086.17,73500,82788.0,103834.0,4100.0,4110.0,4072.2,4092.6,21784350,4501.8,3683.4,4440.0,3288.1,4075.0,6502,6,4074.8,50,1,4074.7,7,1,4074.6,93,2,4074.4,45,1,4076.5,107,1,4076.6,315,4,4076.7,129,2,4076.8,8,1,4077.0,27,2
11483,2026-07-02 09:20:53+05:30,4075.0,5,4086.17,73507,83068.0,103674.0,4100.0,4110.0,4072.2,4092.6,21784350,4501.8,3683.4,4440.0,3288.1,4075.1,64,2,4075.0,6496,7,4074.8,299,3,4074.7,7,1,4074.6,50,1,4076.5,109,2,4076.6,87,1,4076.7,129,2,4076.8,8,1,4077.0,15,1
11483,2026-07-02 09:20:54+05:30,4075.1,5,4086.17,73507,83068.0,103674.0,4100.0,4110.0,4072.2,4092.6,21784350,4501.8,3683.4,4440.0,3288.1,4075.1,64,2,4075.0,6496,7,4074.8,299,3,4074.7,7,1,4074.6,50,1,4076.5,109,2,4076.6,87,1,4076.7,129,2,4076.8,8,1,4077.0,15,1
11483,2026-07-02 09:20:54+05:30,4075.1,5,4086.17,73512,82852.0,103797.0,4100.0,4110.0,4072.2,4092.6,21784350,4501.8,3683.4,4440.0,3288.1,4075.1,40,1,4075.0,6531,8,4074.8,50,1,4074.6,50,1,4074.4,3,1,4076.0,44,1,4076.5,109,2,4076.6,87,1,4076.7,129,2,4076.8,8,1
11483,2026-07-02 09:20:55+05:30,4076.0,1,4086.17,73512,82852.0,103797.0,4100.0,4110.0,4072.2,4092.6,21784350,4501.8,3683.4,4440.0,3288.1,4075.1,40,1,4075.0,6531,8,4074.8,50,1,4074.6,50,1,4074.4,3,1,4076.0,44,1,4076.5,109,2,4076.6,87,1,4076.7,129,2,4076.8,8,1
11483,2026-07-02 09:20:56+05:30,4076.0,1,4086.17,73513,83046.0,103775.0,4100.0,4110.0,4072.2,4092.6,21784350,4501.8,3683.4,4440.0,3288.1,4075.1,40,1,4075.0,6633,10,4074.9,25,1,4074.8,77,2,4074.7,3,1,4076.0,43,1,4076.5,109,2,4076.6,87,1,4076.7,129,2,4076.8,8,1
11483,2026-07-02 09:20:56+05:30,4076.0,10,4086.17,73513,83046.0,103775.0,4100.0,4110.0,4072.2,4092.6,21784350,4501.8,3683.4,4440.0,3288.1,4075.1,40,1,4075.0,6633,10,4074.9,25,1,4074.8,77,2,4074.7,3,1,4076.0,43,1,4076.5,109,2,4076.6,87,1,4076.7,129,2,4076.8,8,1
11483,2026-07-02 09:20:57+05:30,4076.0,10,4086.17,73523,83540.0,102398.0,4100.0,4110.0,4072.2,4092.6,21784350,4501.8,3683.4,4440.0,3288.1,4075.3,70,4,4075.2,31,2,4075.1,58,3,4075.0,6626,11,4074.8,74,2,4076.0,33,1,4076.4,5,1,4076.5,109,2,4076.6,87,1,4076.7,129,2
11483,2026-07-02 09:20:58+05:30,4076.0,2,4086.17,73525,83680.0,102739.0,4100.0,4110.0,4072.2,4092.6,21784350,4501.8,3683.4,4440.0,3288.1,4075.4,38,2,4075.2,69,4,4075.1,23,2,4075.0,6626,11,4074.8,74,2,4076.0,31,1,4076.5,109,2,4076.6,87,1,4076.7,129,2,4077.0,17,2
11483,2026-07-02 09:20:58+05:30,4076.0,5,4086.17,73525,83680.0,102739.0,4100.0,4110.0,4072.2,4092.6,21784350,4501.8,3683.4,4440.0,3288.1,4075.4,38,2,4075.2,69,4,4075.1,23,2,4075.0,6626,11,4074.8,74,2,4076.0,31,1,4076.5,109,2,4076.6,87,1,4076.7,129,2,4077.0,17,2
11483,2026-07-02 09:20:59+05:30,4076.0,5,4086.16,73538,83661.0,102899.0,4100.0,4110.0,4072.2,4092.6,21784350,4501.8,3683.4,4440.0,3288.1,4075.5,30,2,4075.4,24,1,4075.2,45,3,4075.1,23,2,4075.0,6626,11,4076.0,18,1,4076.5,109,2,4076.6,87,1,4076.7,129,2,4077.0,17,2
11483,2026-07-02 09:20:59+05:30,4075.5,1,4086.16,73538,83661.0,102899.0,4100.0,4110.0,4072.2,4092.6,21784350,4501.8,3683.4,4440.0,3288.1,4075.5,30,2,4075.4,24,1,4075.2,45,3,4075.1,23,2,4075.0,6626,11,4076.0,18,1,4076.5,109,2,4076.6,87,1,4076.7,129,2,4077.0,17,2
11483,2026-07-02 09:21:00+05:30,4075.5,1,4086.16,73538,83661.0,102899.0,4100.0,4110.0,4072.2,4092.6,21784350,4501.8,3683.4,4440.0,3288.1,4075.5,30,2,4075.4,24,1,4075.2,45,3,4075.1,23,2,4075.0,6626,11,4076.0,18,1,4076.5,109,2,4076.6,87,1,4076.7,129,2,4077.0,17,2
11483,2026-07-02 09:21:00+05:30,4076.5,42,4086.16,73599,83957.0,103015.0,4100.0,4110.0,4072.2,4092.6,21784350,4501.8,3683.4,4440.0,3288.1,4075.6,55,1,4075.5,20,3,4075.4,48,3,4075.3,58,2,4075.2,3,1,4076.5,67,2,4076.6,87,1,4076.7,129,2,4077.0,15,1,4077.1,1,1
11483,2026-07-02 09:21:00+05:30,4076.5,42,4086.16,73599,83957.0,103015.0,4100.0,4110.0,4072.2,4092.6,21784350,4501.8,3683.4,4440.0,3288.1,4075.6,55,1,4075.5,20,3,4075.4,48,3,4075.3,58,2,4075.2,3,1,4076.5,67,2,4076.6,87,1,4076.7,129,2,4077.0,15,1,4077.1,1,1
11483,2026-07-02 09:21:00+05:30,4076.5,5,4086.16,73599,83957.0,103015.0,4100.0,4110.0,4072.2,4092.6,21784350,4501.8,3683.4,4440.0,3288.1,4075.6,55,1,4075.5,20,3,4075.4,48,3,4075.3,58,2,4075.2,3,1,4076.5,67,2,4076.6,87,1,4076.7,129,2,4077.0,15,1,4077.1,1,1
11483,2026-07-02 09:21:00+05:30,4076.5,5,4086.16,73599,83957.0,103015.0,4100.0,4110.0,4072.2,4092.6,21784350,4501.8,3683.4,4440.0,3288.1,4075.6,55,1,4075.5,20,3,4075.4,48,3,4075.3,58,2,4075.2,3,1,4076.5,67,2,4076.6,87,1,4076.7,129,2,4077.0,15,1,4077.1,1,1
11483,2026-07-02 09:21:01+05:30,4076.5,5,4086.16,73599,83957.0,103015.0,4100.0,4110.0,4072.2,4092.6,21784350,4501.8,3683.4,4440.0,3288.1,4075.6,55,1,4075.5,20,3,4075.4,48,3,4075.3,58,2,4075.2,3,1,4076.5,67,2,4076.6,87,1,4076.7,129,2,4077.0,15,1,4077.1,1,1
11483,2026-07-02 09:21:01+05:30,4076.5,3,4086.15,73611,84123.0,102613.0,4100.0,4110.0,4072.2,4092.6,21784350,4501.8,3683.4,4440.0,3288.1,4076.1,14,1,4076.0,58,3,4075.9,3,1,4075.8,30,2,4075.7,24,2,4076.5,55,2,4076.6,87,1,4076.7,129,2,4077.0,15,1,4077.1,1,1
11483,2026-07-02 09:21:01+05:30,4076.5,3,4086.15,73611,84123.0,102613.0,4100.0,4110.0,4072.2,4092.6,21784350,4501.8,3683.4,4440.0,3288.1,4076.1,14,1,4076.0,58,3,4075.9,3,1,4075.8,30,2,4075.7,24,2,4076.5,55,2,4076.6,87,1,4076.7,129,2,4077.0,15,1,4077.1,1,1
11483,2026-07-02 09:21:01+05:30,4076.5,3,4086.15,73611,84123.0,102613.0,4100.0,4110.0,4072.2,4092.6,21784350,4501.8,3683.4,4440.0,3288.1,4076.1,14,1,4076.0,58,3,4075.9,3,1,4075.8,30,2,4075.7,24,2,4076.5,55,2,4076.6,87,1,4076.7,129,2,4077.0,15,1,4077.1,1,1
11483,2026-07-02 09:21:02+05:30,4076.5,3,4086.15,73611,84123.0,102613.0,4100.0,4110.0,4072.2,4092.6,21784350,4501.8,3683.4,4440.0,3288.1,4076.1,14,1,4076.0,58,3,4075.9,3,1,4075.8,30,2,4075.7,24,2,4076.5,55,2,4076.6,87,1,4076.7,129,2,4077.0,15,1,4077.1,1,1
11483,2026-07-02 09:21:02+05:30,4076.5,35,4086.14,73701,84446.0,102895.0,4100.0,4110.0,4072.2,4092.6,21784350,4501.8,3683.4,4440.0,3288.1,4076.0,37,3,4075.9,3,1,4075.8,3,1,4075.7,24,2,4075.6,85,4,4076.5,72,1,4076.6,87,1,4076.7,129,2,4077.0,15,1,4077.1,1,1
11483,2026-07-02 09:21:02+05:30,4076.5,35,4086.14,73701,84446.0,102895.0,4100.0,4110.0,4072.2,4092.6,21784350,4501.8,3683.4,4440.0,3288.1,4076.0,37,3,4075.9,3,1,4075.8,3,1,4075.7,24,2,4075.6,85,4,4076.5,72,1,4076.6,87,1,4076.7,129,2,4077.0,15,1,4077.1,1,1
11483,2026-07-02 09:21:02+05:30,4076.5,10,4086.14,73701,84446.0,102895.0,4100.0,4110.0,4072.2,4092.6,21784350,4501.8,3683.4,4440.0,3288.1,4076.0,37,3,4075.9,3,1,4075.8,3,1,4075.7,24,2,4075.6,85,4,4076.5,72,1,4076.6,87,1,4076.7,129,2,4077.0,15,1,4077.1,1,1
11483,2026-07-02 09:21:02+05:30,4076.5,10,4086.14,73701,84446.0,102895.0,4100.0,4110.0,4072.2,4092.6,21784350,4501.8,3683.4,4440.0,3288.1,4076.0,37,3,4075.9,3,1,4075.8,3,1,4075.7,24,2,4075.6,85,4,4076.5,72,1,4076.6,87,1,4076.7,129,2,4077.0,15,1,4077.1,1,1
11483,2026-07-02 09:21:03+05:30,4076.5,10,4086.14,73701,84446.0,102895.0,4100.0,4110.0,4072.2,4092.6,21784350,4501.8,3683.4,4440.0,3288.1,4076.0,37,3,4075.9,3,1,4075.8,3,1,4075.7,24,2,4075.6,85,4,4076.5,72,1,4076.6,87,1,4076.7,129,2,4077.0,15,1,4077.1,1,1
11483,2026-07-02 09:21:03+05:30,4076.5,10,4086.14,73701,84446.0,102895.0,4100.0,4110.0,4072.2,4092.6,21799225,4501.8,3683.4,4440.0,3288.1,4076.0,37,3,4075.9,3,1,4075.8,3,1,4075.7,24,2,4075.6,85,4,4076.5,72,1,4076.6,87,1,4076.7,129,2,4077.0,15,1,4077.1,1,1
11483,2026-07-02 09:21:03+05:30,4076.7,41,4086.14,73701,84446.0,102895.0,4100.0,4110.0,4072.2,4092.6,21799225,4501.8,3683.4,4440.0,3288.1,4076.0,37,3,4075.9,3,1,4075.8,3,1,4075.7,24,2,4075.6,85,4,4076.5,72,1,4076.6,87,1,4076.7,129,2,4077.0,15,1,4077.1,1,1
11483,2026-07-02 09:21:03+05:30,4076.7,41,4086.06,74305,84646.0,102686.0,4100.0,4110.0,4072.2,4092.6,21799225,4501.8,3683.4,4440.0,3288.1,4076.1,3,1,4076.0,39,4,4075.8,3,1,4075.7,24,2,4075.6,85,4,4076.7,97,2,4077.0,15,1,4077.1,1,1,4077.4,32,1,4077.6,2,1
11483,2026-07-02 09:21:03+05:30,4076.7,41,4086.06,74305,84646.0,102686.0,4100.0,4110.0,4072.2,4092.6,21799225,4501.8,3683.4,4440.0,3288.1,4076.1,3,1,4076.0,39,4,4075.8,3,1,4075.7,24,2,4075.6,85,4,4076.7,97,2,4077.0,15,1,4077.1,1,1,4077.4,32,1,4077.6,2,1
11483,2026-07-02 09:21:04+05:30,4076.7,41,4086.06,74305,84646.0,102686.0,4100.0,4110.0,4072.2,4092.6,21799225,4501.8,3683.4,4440.0,3288.1,4076.1,3,1,4076.0,39,4,4075.8,3,1,4075.7,24,2,4075.6,85,4,4076.7,97,2,4077.0,15,1,4077.1,1,1,4077.4,32,1,4077.6,2,1
11483,2026-07-02 09:21:04+05:30,4077.4,10,4086.06,74305,84646.0,102686.0,4100.0,4110.0,4072.2,4092.6,21799225,4501.8,3683.4,4440.0,3288.1,4076.1,3,1,4076.0,39,4,4075.8,3,1,4075.7,24,2,4075.6,85,4,4076.7,97,2,4077.0,15,1,4077.1,1,1,4077.4,32,1,4077.6,2,1
11483,2026-07-02 09:21:04+05:30,4077.4,10,4086.06,74305,84646.0,102686.0,4100.0,4110.0,4072.2,4092.6,21799225,4501.8,3683.4,4440.0,3288.1,4076.1,3,1,4076.0,39,4,4075.8,3,1,4075.7,24,2,4075.6,85,4,4076.7,97,2,4077.0,15,1,4077.1,1,1,4077.4,32,1,4077.6,2,1
11483,2026-07-02 09:21:04+05:30,4077.4,10,4086.03,74613,80487.0,102217.0,4100.0,4110.0,4072.2,4092.6,21799225,4501.8,3683.4,4440.0,3288.1,4076.6,14,1,4076.5,3,1,4076.4,3,1,4076.3,20,1,4076.2,249,1,4077.7,59,2,4078.4,73,2,4078.6,61,2,4078.7,38,2,4078.8,26,2
11483,2026-07-02 09:21:05+05:30,4077.4,10,4086.03,74613,80487.0,102217.0,4100.0,4110.0,4072.2,4092.6,21799225,4501.8,3683.4,4440.0,3288.1,4076.6,14,1,4076.5,3,1,4076.4,3,1,4076.3,20,1,4076.2,249,1,4077.7,59,2,4078.4,73,2,4078.6,61,2,4078.7,38,2,4078.8,26,2
11483,2026-07-02 09:21:05+05:30,4077.7,90,4086.03,74613,80487.0,102217.0,4100.0,4110.0,4072.2,4092.6,21799225,4501.8,3683.4,4440.0,3288.1,4076.6,14,1,4076.5,3,1,4076.4,3,1,4076.3,20,1,4076.2,249,1,4077.7,59,2,4078.4,73,2,4078.6,61,2,4078.7,38,2,4078.8,26,2
11483,2026-07-02 09:21:05+05:30,4077.7,1,4086.02,74704,80420.0,102287.0,4100.0,4110.0,4072.2,4092.6,21799225,4501.8,3683.4,4440.0,3288.1,4077.0,10,1,4076.6,14,1,4076.5,10,2,4076.4,3,1,4076.3,20,1,4077.7,51,2,4078.5,42,1,4078.6,52,3,4078.7,30,1,4078.8,26,2
11483,2026-07-02 09:21:06+05:30,4078.9,5,4086.02,74704,80420.0,102287.0,4100.0,4110.0,4072.2,4092.6,21799225,4501.8,3683.4,4440.0,3288.1,4077.0,10,1,4076.6,14,1,4076.5,10,2,4076.4,3,1,4076.3,20,1,4077.7,51,2,4078.5,42,1,4078.6,52,3,4078.7,30,1,4078.8,26,2
11483,2026-07-02 09:21:06+05:30,4078.9,5,4086.0,74830,81388.0,101429.0,4100.0,4110.0,4072.2,4092.6,21799225,4501.8,3683.4,4440.0,3288.1,4078.0,21,1,4077.9,21,1,4077.8,33,2,4077.7,24,2,4077.6,9,2,4078.9,35,1,4079.3,3,1,4079.5,20,1,4079.6,20,1,4079.8,45,3
11483,2026-07-02 09:21:07+05:30,4078.9,90,4086.0,74830,81388.0,101429.0,4100.0,4110.0,4072.2,4092.6,21799225,4501.8,3683.4,4440.0,3288.1,4078.0,21,1,4077.9,21,1,4077.8,33,2,4077.7,24,2,4077.6,9,2,4078.9,35,1,4079.3,3,1,4079.5,20,1,4079.6,20,1,4079.8,45,3
11483,2026-07-02 09:21:08+05:30,4078.0,1,4085.99,74921,81437.0,101598.0,4100.0,4110.0,4072.2,4092.6,21799225,4501.8,3683.4,4440.0,3288.1,4078.0,13,1,4077.9,24,2,4077.8,33,2,4077.7,24,2,4077.6,38,3,4078.9,37,1,4079.3,3,1,4079.6,20,1,4079.8,30,3,4079.9,34,1
11483,2026-07-02 09:21:08+05:30,4079.6,27,4085.99,74921,81437.0,101598.0,4100.0,4110.0,4072.2,4092.6,21799225,4501.8,3683.4,4440.0,3288.1,4078.0,13,1,4077.9,24,2,4077.8,33,2,4077.7,24,2,4077.6,38,3,4078.9,37,1,4079.3,3,1,4079.6,20,1,4079.8,30,3,4079.9,34,1
11483,2026-07-02 09:21:09+05:30,4078.9,3,4085.97,75133,79771.0,101859.0,4100.0,4110.0,4072.2,4092.6,21799225,4501.8,3683.4,4440.0,3288.1,4077.0,1,1,4076.6,1,1,4076.5,7,2,4076.3,20,1,4076.0,39,4,4078.5,21,1,4078.6,67,5,4078.7,21,1,4078.8,264,6,4078.9,21,1
11483,2026-07-02 09:21:09+05:30,4078.6,2,4085.97,75133,79771.0,101859.0,4100.0,4110.0,4072.2,4092.6,21799225,4501.8,3683.4,4440.0,3288.1,4077.0,1,1,4076.6,1,1,4076.5,7,2,4076.3,20,1,4076.0,39,4,4078.5,21,1,4078.6,67,5,4078.7,21,1,4078.8,264,6,4078.9,21,1
11483,2026-07-02 09:21:10+05:30,4076.9,1,4085.97,75227,80918.0,102076.0,4100.0,4110.0,4072.2,4092.6,21799225,4501.8,3683.4,4440.0,3288.1,4076.9,19,1,4076.7,21,1,4076.6,62,2,4076.5,37,2,4076.3,20,1,4077.7,2,1,4078.3,11,1,4078.5,1,1,4078.8,24,3,4079.0,13,1
11483,2026-07-02 09:21:10+05:30,4078.5,10,4085.97,75227,80918.0,102076.0,4100.0,4110.0,4072.2,4092.6,21799225,4501.8,3683.4,4440.0,3288.1,4076.9,19,1,4076.7,21,1,4076.6,62,2,4076.5,37,2,4076.3,20,1,4077.7,2,1,4078.3,11,1,4078.5,1,1,4078.8,24,3,4079.0,13,1
11483,2026-07-02 09:21:11+05:30,4078.2,54,4085.94,75446,80834.0,102505.0,4100.0,4110.0,4072.2,4092.6,21799225,4501.8,3683.4,4440.0,3288.1,4076.6,67,2,4076.5,5,1,4076.3,20,1,4076.1,7,1,4076.0,84,6,4078.4,21,1,4078.5,238,4,4078.6,34,2,4078.7,24,2,4078.8,17,3
11483,2026-07-02 09:21:11+05:30,4078.2,54,4085.94,75446,80834.0,102505.0,4100.0,4110.0,4072.2,4092.6,21799225,4501.8,3683.4,4440.0,3288.1,4076.6,67,2,4076.5,5,1,4076.3,20,1,4076.1,7,1,4076.0,84,6,4078.4,21,1,4078.5,238,4,4078.6,34,2,4078.7,24,2,4078.8,17,3
11483,2026-07-02 09:21:12+05:30,4076.0,25,4085.92,75669,79852.0,103481.0,4100.0,4110.0,4072.2,4092.6,21799225,4501.8,3683.4,4440.0,3288.1,4075.9,10,1,4075.6,55,1,4075.3,55,1,4075.2,12,1,4075.1,215,3,4077.4,93,8,4077.6,4,1,4077.8,187,1,4077.9,7,1,4078.0,42,3
11483,2026-07-02 09:21:12+05:30,4076.0,25,4085.92,75669,79852.0,103481.0,4100.0,4110.0,4072.2,4092.6,21799225,4501.8,3683.4,4440.0,3288.1,4075.9,10,1,4075.6,55,1,4075.3,55,1,4075.2,12,1,4075.1,215,3,4077.4,93,8,4077.6,4,1,4077.8,187,1,4077.9,7,1,4078.0,42,3
11483,2026-07-02 09:21:13+05:30,4077.4,19,4085.9,75783,80269.0,103609.0,4100.0,4110.0,4072.2,4092.6,21799225,4501.8,3683.4,4440.0,3288.1,4075.9,10,1,4075.6,55,1,4075.5,50,1,4075.3,88,2,4075.1,215,3,4077.4,64,3,4077.6,8,1,4077.7,17,1,4077.8,23,2,4077.9,17,1
11483,2026-07-02 09:21:13+05:30,4077.4,19,4085.9,75783,80269.0,103609.0,4100.0,4110.0,4072.2,4092.6,21799225,4501.8,3683.4,4440.0,3288.1,4075.9,10,1,4075.6,55,1,4075.5,50,1,4075.3,88,2,4075.1,215,3,4077.4,64,3,4077.6,8,1,4077.7,17,1,4077.8,23,2,4077.9,17,1
11483,2026-07-02 09:21:14+05:30,4077.6,6,4085.89,75880,80092.0,104231.0,4100.0,4110.0,4072.2,4092.6,21799225,4501.8,3683.4,4440.0,3288.1,4075.9,73,2,4075.6,55,1,4075.5,50,1,4075.3,55,1,4075.1,215,3,4077.3,46,6,4077.4,114,4,4077.5,3,1,4077.6,20,3,4077.7,20,2
11483,2026-07-02 09:21:14+05:30,4077.3,10,4085.89,75880,80092.0,104231.0,4100.0,4110.0,4072.2,4092.6,21799225,4501.8,3683.4,4440.0,3288.1,4075.9,73,2,4075.6,55,1,4075.5,50,1,4075.3,55,1,4075.1,215,3,4077.3,46,6,4077.4,114,4,4077.5,3,1,4077.6,20,3,4077.7,20,2
11483,2026-07-02 09:21:15+05:30,4076.9,2,4085.87,76105,78860.0,104522.0,4100.0,4110.0,4072.2,4092.6,21799225,4501.8,3683.4,4440.0,3288.1,4075.5,50,1,4075.1,220,4,4075.0,1738,15,4074.8,50,1,4074.7,3,1,4077.0,171,1,4077.2,24,5,4077.3,15,3,4077.4,57,7,4077.5,50,4
11483,2026-07-02 09:21:15+05:30,4076.9,2,4085.87,76105,78860.0,104522.0,4100.0,4110.0,4072.2,4092.6,21799225,4501.8,3683.4,4440.0,3288.1,4075.5,50,1,4075.1,220,4,4075.0,1738,15,4074.8,50,1,4074.7,3,1,4077.0,171,1,4077.2,24,5,4077.3,15,3,4077.4,57,7,4077.5,50,4
11483,2026-07-02 09:21:16+05:30,4077.1,90,4085.87,76105,78860.0,104522.0,4100.0,4110.0,4072.2,4092.6,21799225,4501.8,3683.4,4440.0,3288.1,4075.5,50,1,4075.1,220,4,4075.0,1738,15,4074.8,50,1,4074.7,3,1,4077.0,171,1,4077.2,24,5,4077.3,15,3,4077.4,57,7,4077.5,50,4
11483,2026-07-02 09:21:16+05:30,4077.1,90,4085.85,76214,79687.0,104125.0,4100.0,4110.0,4072.2,4092.6,21799225,4501.8,3683.4,4440.0,3288.1,4076.0,2,1,4075.6,10,1,4075.5,48,2,4075.3,7,1,4075.2,41,1,4077.1,28,1,4077.2,17,3,4077.3,6,1,4077.4,14,2,4077.6,36,3
11483,2026-07-02 09:21:17+05:30,4077.6,11,4085.85,76214,79687.0,104125.0,4100.0,4110.0,4072.2,4092.6,21799225,4501.8,3683.4,4440.0,3288.1,4076.0,2,1,4075.6,10,1,4075.5,48,2,4075.3,7,1,4075.2,41,1,4077.1,28,1,4077.2,17,3,4077.3,6,1,4077.4,14,2,4077.6,36,3
11483,2026-07-02 09:21:17+05:30,4077.6,11,4085.84,76307,79803.0,104277.0,4100.0,4110.0,4072.2,4092.6,21799225,4501.8,3683.4,4440.0,3288.1,4076.0,2,1,4075.5,48,2,4075.2,26,2,4075.1,220,4,4075.0,1788,16,4077.4,86,5,4077.5,169,2,4077.6,54,4,4077.7,41,4,4077.8,13,1
11483,2026-07-02 09:21:18+05:30,4075.5,20,4085.84,76307,79803.0,104277.0,4100.0,4110.0,4072.2,4092.6,21799225,4501.8,3683.4,4440.0,3288.1,4076.0,2,1,4075.5,48,2,4075.2,26,2,4075.1,220,4,4075.0,1788,16,4077.4,86,5,4077.5,169,2,4077.6,54,4,4077.7,41,4,4077.8,13,1
11483,2026-07-02 09:21:18+05:30,4075.5,20,4085.83,76421,79789.0,104068.0,4100.0,4110.0,4072.2,4092.6,21799225,4501.8,3683.4,4440.0,3288.1,4075.5,18,1,4075.2,23,1,4075.1,220,4,4075.0,1793,17,4074.8,50,1,4077.1,53,5,4077.2,200,3,4077.3,18,4,4077.4,57,5,4077.5,15,2
11483,2026-07-02 09:21:19+05:30,4077.4,24,4085.83,76421,79789.0,104068.0,4100.0,4110.0,4072.2,4092.6,21799225,4501.8,3683.4,4440.0,3288.1,4075.5,18,1,4075.2,23,1,4075.1,220,4,4075.0,1793,17,4074.8,50,1,4077.1,53,5,4077.2,200,3,4077.3,18,4,4077.4,57,5,4077.5,15,2
11483,2026-07-02 09:21:20+05:30,4077.4,5,4085.81,76608,80611.0,103087.0,4100.0,4110.0,4072.2,4092.6,21799225,4501.8,3683.4,4440.0,3288.1,4075.9,169,2,4075.8,17,1,4075.7,17,1,4075.6,17,1,4075.5,18,1,4077.4,68,4,4077.5,10,1,4077.6,17,2,4077.7,7,1,4077.8,13,1
11483,2026-07-02 09:21:20+05:30,4077.3,5,4085.81,76608,80611.0,103087.0,4100.0,4110.0,4072.2,4092.6,21799225,4501.8,3683.4,4440.0,3288.1,4075.9,169,2,4075.8,17,1,4075.7,17,1,4075.6,17,1,4075.5,18,1,4077.4,68,4,4077.5,10,1,4077.6,17,2,4077.7,7,1,4077.8,13,1
11483,2026-07-02 09:21:21+05:30,4077.6,6,4085.79,76808,80853.0,103199.0,4100.0,4110.0,4072.2,4092.6,21799225,4501.8,3683.4,4440.0,3288.1,4076.5,9,1,4076.0,50,3,4075.9,145,1,4075.8,56,2,4075.7,20,2,4077.6,37,3,4078.0,21,2,4078.1,20,2,4078.2,12,1,4078.3,34,3
11483,2026-07-02 09:21:21+05:30,4077.6,6,4085.79,76808,80853.0,103199.0,4100.0,4110.0,4072.2,4092.6,21799225,4501.8,3683.4,4440.0,3288.1,4076.5,9,1,4076.0,50,3,4075.9,145,1,4075.8,56,2,4075.7,20,2,4077.6,37,3,4078.0,21,2,4078.1,20,2,4078.2,12,1,4078.3,34,3
11483,2026-07-02 09:21:22+05:30,4076.5,2,4085.78,76827,79983.0,103897.0,4100.0,4110.0,4072.2,4092.6,21799225,4501.8,3683.4,4440.0,3288.1,4076.0,11,2,4075.5,18,1,4075.2,7,1,4075.1,220,4,4075.0,1796,18,4076.5,3,1,4077.0,20,2,4077.2,15,2,4077.3,19,1,4077.4,28,3
11483,2026-07-02 09:21:22+05:30,4077.4,4,4085.78,76827,79983.0,103897.0,4100.0,4110.0,4072.2,4092.6,21799225,4501.8,3683.4,4440.0,3288.1,4076.0,11,2,4075.5,18,1,4075.2,7,1,4075.1,220,4,4075.0,1796,18,4076.5,3,1,4077.0,20,2,4077.2,15,2,4077.3,19,1,4077.4,28,3
11483,2026-07-02 09:21:23+05:30,4077.1,2,4085.78,76880,79898.0,103904.0,4100.0,4110.0,4072.2,4092.6,21799225,4501.8,3683.4,4440.0,3288.1,4076.0,11,2,4075.5,18,1,4075.3,7,1,4075.2,56,1,4075.1,220,4,4077.1,7,1,4077.2,12,1,4077.4,12,3,4077.5,164,2,4077.6,64,4
11483,2026-07-02 09:21:23+05:30,4076.0,1,4085.78,76880,79898.0,103904.0,4100.0,4110.0,4072.2,4092.6,21799225,4501.8,3683.4,4440.0,3288.1,4076.0,11,2,4075.5,18,1,4075.3,7,1,4075.2,56,1,4075.1,220,4,4077.1,7,1,4077.2,12,1,4077.4,12,3,4077.5,164,2,4077.6,64,4
11483,2026-07-02 09:21:24+05:30,4077.3,1,4085.78,76884,80155.0,104162.0,4100.0,4110.0,4072.2,4092.6,21799225,4501.8,3683.4,4440.0,3288.1,4076.1,10,1,4076.0,10,2,4075.6,7,1,4075.5,18,1,4075.3,20,1,4077.3,30,3,4077.4,11,2,4077.5,140,2,4077.6,49,3,4077.8,27,2
11483,2026-07-02 09:21:24+05:30,4077.3,6,4085.78,76884,80155.0,104162.0,4100.0,4110.0,4072.2,4092.6,21799225,4501.8,3683.4,4440.0,3288.1,4076.1,10,1,4076.0,10,2,4075.6,7,1,4075.5,18,1,4075.3,20,1,4077.3,30,3,4077.4,11,2,4077.5,140,2,4077.6,49,3,4077.8,27,2
11483,2026-07-02 09:21:25+05:30,4077.3,2,4085.78,76896,80164.0,104165.0,4100.0,4110.0,4072.2,4092.6,21799225,4501.8,3683.4,4440.0,3288.1,4076.1,10,1,4076.0,10,2,4075.6,7,1,4075.5,18,1,4075.3,20,1,4077.3,18,2,4077.4,10,1,4077.5,145,4,4077.6,49,3,4077.8,27,2
11483,2026-07-02 09:21:25+05:30,4077.3,2,4085.78,76896,80164.0,104165.0,4100.0,4110.0,4072.2,4092.6,21799225,4501.8,3683.4,4440.0,3288.1,4076.1,10,1,4076.0,10,2,4075.6,7,1,4075.5,18,1,4075.3,20,1,4077.3,18,2,4077.4,10,1,4077.5,145,4,4077.6,49,3,4077.8,27,2
11483,2026-07-02 09:21:26+05:30,4077.4,28,4085.77,76957,80231.0,104163.0,4100.0,4110.0,4072.2,4092.6,21799225,4501.8,3683.4,4440.0,3288.1,4076.1,10,1,4076.0,10,2,4075.6,7,1,4075.5,18,1,4075.3,20,1,4077.4,38,3,4077.5,145,4,4077.6,35,2,4077.7,16,1,4077.8,12,1
11483,2026-07-02 09:21:26+05:30,4077.4,28,4085.77,76957,80231.0,104163.0,4100.0,4110.0,4072.2,4092.6,21799225,4501.8,3683.4,4440.0,3288.1,4076.1,10,1,4076.0,10,2,4075.6,7,1,4075.5,18,1,4075.3,20,1,4077.4,38,3,4077.5,145,4,4077.6,35,2,4077.7,16,1,4077.8,12,1
11483,2026-07-02 09:21:27+05:30,4077.3,2,4085.77,76957,80231.0,104163.0,4100.0,4110.0,4072.2,4092.6,21799225,4501.8,3683.4,4440.0,3288.1,4076.1,10,1,4076.0,10,2,4075.6,7,1,4075.5,18,1,4075.3,20,1,4077.4,38,3,4077.5,145,4,4077.6,35,2,4077.7,16,1,4077.8,12,1
11483,2026-07-02 09:21:27+05:30,4077.3,2,4085.76,76997,80165.0,103938.0,4100.0,4110.0,4072.2,4092.6,21799225,4501.8,3683.4,4440.0,3288.1,4076.1,10,1,4076.0,37,3,4075.5,18,1,4075.3,26,2,4075.2,17,1,4077.2,30,5,4077.3,2,1,4077.5,6,3,4077.6,178,4,4077.7,49,2
11483,2026-07-02 09:21:28+05:30,4077.2,2,4085.76,76997,80165.0,103938.0,4100.0,4110.0,4072.2,4092.6,21799225,4501.8,3683.4,4440.0,3288.1,4076.1,10,1,4076.0,37,3,4075.5,18,1,4075.3,26,2,4075.2,17,1,4077.2,30,5,4077.3,2,1,4077.5,6,3,4077.6,178,4,4077.7,49,2
11483,2026-07-02 09:21:28+05:30,4077.2,2,4085.76,76999,80272.0,103998.0,4100.0,4110.0,4072.2,4092.6,21799225,4501.8,3683.4,4440.0,3288.1,4076.1,10,1,4076.0,37,3,4075.5,18,1,4075.3,26,2,4075.2,20,2,4077.2,25,4,4077.3,2,1,4077.5,6,3,4077.6,178,4,4077.7,16,1
11483,2026-07-02 09:21:29+05:30,4077.2,2,4085.76,76999,80272.0,103998.0,4100.0,4110.0,4072.2,4092.6,21799225,4501.8,3683.4,4440.0,3288.1,4076.1,10,1,4076.0,37,3,4075.5,18,1,4075.3,26,2,4075.2,20,2,4077.2,25,4,4077.3,2,1,4077.5,6,3,4077.6,178,4,4077.7,16,1
11483,2026-07-02 09:21:30+05:30,4076.0,1,4085.76,77049,79316.0,104586.0,4100.0,4110.0,4072.2,4092.6,21799225,4501.8,3683.4,4440.0,3288.1,4075.5,18,1,4075.1,220,4,4075.0,1899,22,4074.8,50,1,4074.6,50,1,4076.0,275,4,4076.1,19,1,4076.3,14,2,4076.4,4,1,4076.6,8,2
11483,2026-07-02 09:21:30+05:30,4076.0,2,4085.76,77049,79316.0,104586.0,4100.0,4110.0,4072.2,4092.6,21799225,4501.8,3683.4,4440.0,3288.1,4075.5,18,1,4075.1,220,4,4075.0,1899,22,4074.8,50,1,4074.6,50,1,4076.0,275,4,4076.1,19,1,4076.3,14,2,4076.4,4,1,4076.6,8,2
11483,2026-07-02 09:21:31+05:30,4076.0,3,4085.74,77156,79729.0,104819.0,4100.0,4110.0,4072.2,4092.6,21799225,4501.8,3683.4,4440.0,3288.1,4075.5,19,2,4075.1,220,4,4075.0,1899,22,4074.8,50,1,4074.6,50,1,4076.0,115,1,4076.6,8,2,4076.7,39,3,4076.8,19,1,4076.9,12,1
11483,2026-07-02 09:21:31+05:30,4076.0,1,4085.74,77156,79729.0,104819.0,4100.0,4110.0,4072.2,4092.6,21799225,4501.8,3683.4,4440.0,3288.1,4075.5,19,2,4075.1,220,4,4075.0,1899,22,4074.8,50,1,4074.6,50,1,4076.0,115,1,4076.6,8,2,4076.7,39,3,4076.8,19,1,4076.9,12,1
11483,2026-07-02 09:21:32+05:30,4075.5,6,4085.74,77167,79588.0,104898.0,4100.0,4110.0,4072.2,4092.6,21799225,4501.8,3683.4,4440.0,3288.1,4075.5,13,2,4075.1,220,4,4075.0,1924,23,4074.9,50,1,4074.8,50,1,4075.9,128,3,4076.0,47,5,4076.4,19,1,4076.6,5,1,4076.8,19,1
11483,2026-07-02 09:21:32+05:30,4075.9,22,4085.74,77167,79588.0,104898.0,4100.0,4110.0,4072.2,4092.6,21799225,4501.8,3683.4,4440.0,3288.1,4075.5,13,2,4075.1,220,4,4075.0,1924,23,4074.9,50,1,4074.8,50,1,4075.9,128,3,4076.0,47,5,4076.4,19,1,4076.6,5,1,4076.8,19,1
11483,2026-07-02 09:21:33+05:30,4075.9,2,4085.74,77196,79973.0,104915.0,4100.0,4110.0,4072.2,4092.6,21799225,4501.8,3683.4,4440.0,3288.1,4075.5,13,2,4075.1,220,4,4075.0,1958,25,4074.9,50,1,4074.8,74,2,4075.9,86,1,4076.0,47,5,4076.6,5,1,4076.8,19,1,4077.0,51,3
11483,2026-07-02 09:21:33+05:30,4075.9,2,4085.74,77196,79973.0,104915.0,4100.0,4110.0,4072.2,4092.6,21799225,4501.8,3683.4,4440.0,3288.1,4075.5,13,2,4075.1,220,4,4075.0,1958,25,4074.9,50,1,4074.8,74,2,4075.9,86,1,4076.0,47,5,4076.6,5,1,4076.8,19,1,4077.0,51,3
11483,2026-07-02 09:21:34+05:30,4077.0,2,4085.7,77498,80248.0,104300.0,4100.0,4110.0,4072.2,4092.6,21799225,4501.8,3683.4,4440.0,3288.1,4075.6,13,1,4075.5,16,3,4075.3,7,1,4075.1,223,5,4075.0,1891,24,4077.0,11,2,4077.3,16,2,4077.4,38,1,4077.6,54,3,4077.7,86,2
11483,2026-07-02 09:21:34+05:30,4076.0,1,4085.7,77498,80248.0,104300.0,4100.0,4110.0,4072.2,4092.6,21799225,4501.8,3683.4,4440.0,3288.1,4075.6,13,1,4075.5,16,3,4075.3,7,1,4075.1,223,5,4075.0,1891,24,4077.0,11,2,4077.3,16,2,4077.4,38,1,4077.6,54,3,4077.7,86,2
11483,2026-07-02 09:21:35+05:30,4076.0,2,4085.7,77550,80591.0,104695.0,4100.0,4110.0,4072.2,4092.6,21799225,4501.8,3683.4,4440.0,3288.1,4075.6,13,1,4075.5,59,5,4075.4,13,1,4075.3,23,2,4075.2,17,1,4076.0,84,2,4077.3,65,3,4077.4,13,1,4077.5,48,1,4077.6,110,4
11483,2026-07-02 09:21:35+05:30,4076.0,2,4085.7,77550,80591.0,104695.0,4100.0,4110.0,4072.2,4092.6,21799225,4501.8,3683.4,4440.0,3288.1,4075.6,13,1,4075.5,59,5,4075.4,13,1,4075.3,23,2,4075.2,17,1,4076.0,84,2,4077.3,65,3,4077.4,13,1,4077.5,48,1,4077.6,110,4
11483,2026-07-02 09:21:36+05:30,4076.0,2,4085.7,77552,80694.0,104826.0,4100.0,4110.0,4072.2,4092.6,21799225,4501.8,3683.4,4440.0,3288.1,4075.5,59,5,4075.4,13,1,4075.2,17,1,4075.1,240,5,4075.0,1942,26,4076.0,82,2,4077.3,85,4,4077.4,13,1,4077.5,48,1,4077.6,110,4
11483,2026-07-02 09:21:36+05:30,4076.0,2,4085.7,77552,80694.0,104826.0,4100.0,4110.0,4072.2,4092.6,21799225,4501.8,3683.4,4440.0,3288.1,4075.5,59,5,4075.4,13,1,4075.2,17,1,4075.1,240,5,4075.0,1942,26,4076.0,82,2,4077.3,85,4,4077.4,13,1,4077.5,48,1,4077.6,110,4
11483,2026-07-02 09:21:37+05:30,4076.0,2,4085.7,77554,80080.0,105086.0,4100.0,4110.0,4072.2,4092.6,21799225,4501.8,3683.4,4440.0,3288.1,4075.5,12,2,4075.1,251,5,4075.0,1917,24,4074.9,50,1,4074.8,50,1,4076.0,130,3,4076.1,5,1,4077.0,33,2,4077.2,140,3,4077.3,65,3
11483,2026-07-02 09:21:37+05:30,4076.0,2,4085.7,77554,80080.0,105086.0,4100.0,4110.0,4072.2,4092.6,21799225,4501.8,3683.4,4440.0,3288.1,4075.5,12,2,4075.1,251,5,4075.0,1917,24,4074.9,50,1,4074.8,50,1,4076.0,130,3,4076.1,5,1,4077.0,33,2,4077.2,140,3,4077.3,65,3
11483,2026-07-02 09:21:38+05:30,4076.0,1,4085.7,77554,80080.0,105086.0,4100.0,4110.0,4072.2,4092.6,21799225,4501.8,3683.4,4440.0,3288.1,4075.5,12,2,4075.1,251,5,4075.0,1917,24,4074.9,50,1,4074.8,50,1,4076.0,130,3,4076.1,5,1,4077.0,33,2,4077.2,140,3,4077.3,65,3
11483,2026-07-02 09:21:38+05:30,4076.0,1,4085.68,77653,80540.0,104543.0,4100.0,4110.0,4072.2,4092.6,21799225,4501.8,3683.4,4440.0,3288.1,4075.9,1,1,4075.5,23,3,4075.4,13,1,4075.1,220,4,4075.0,2022,26,4076.0,31,1,4077.1,14,1,4077.2,29,1,4077.3,65,3,4077.4,44,2
11483,2026-07-02 09:21:39+05:30,4077.6,2,4085.68,77653,80540.0,104543.0,4100.0,4110.0,4072.2,4092.6,21799225,4501.8,3683.4,4440.0,3288.1,4075.9,1,1,4075.5,23,3,4075.4,13,1,4075.1,220,4,4075.0,2022,26,4076.0,31,1,4077.1,14,1,4077.2,29,1,4077.3,65,3,4077.4,44,2
11483,2026-07-02 09:21:39+05:30,4077.6,2,4085.68,77686,80533.0,104042.0,4100.0,4110.0,4072.2,4092.6,21799225,4501.8,3683.4,4440.0,3288.1,4076.0,59,1,4075.9,1,1,4075.5,23,3,4075.4,53,2,4075.3,18,1,4077.3,52,5,4077.4,25,3,4077.5,30,3,4077.6,166,5,4077.7,70,1
11483,2026-07-02 09:21:40+05:30,4077.3,2,4085.68,77686,80533.0,104042.0,4100.0,4110.0,4072.2,4092.6,21799225,4501.8,3683.4,4440.0,3288.1,4076.0,59,1,4075.9,1,1,4075.5,23,3,4075.4,53,2,4075.3,18,1,4077.3,52,5,4077.4,25,3,4077.5,30,3,4077.6,166,5,4077.7,70,1
11483,2026-07-02 09:21:41+05:30,4077.3,2,4085.68,77688,80660.0,104231.0,4100.0,4110.0,4072.2,4092.6,21799225,4501.8,3683.4,4440.0,3288.1,4076.0,60,2,4075.9,1,1,4075.5,23,3,4075.4,13,1,4075.3,32,2,4076.5,67,1,4077.3,9,1,4077.4,17,2,4077.5,27,2,4077.6,54,4
11483,2026-07-02 09:21:41+05:30,4076.5,5,4085.68,77688,80660.0,104231.0,4100.0,4110.0,4072.2,4092.6,21799225,4501.8,3683.4,4440.0,3288.1,4076.0,60,2,4075.9,1,1,4075.5,23,3,4075.4,13,1,4075.3,32,2,4076.5,67,1,4077.3,9,1,4077.4,17,2,4077.5,27,2,4077.6,54,4
11483,2026-07-02 09:21:42+05:30,4076.5,5,4085.68,77695,80716.0,104260.0,4100.0,4110.0,4072.2,4092.6,21799225,4501.8,3683.4,4440.0,3288.1,4076.0,62,4,4075.9,1,1,4075.5,23,3,4075.4,13,1,4075.3,32,2,4076.5,60,1,4077.3,9,1,4077.4,17,2,4077.5,43,3,4077.6,54,4
11483,2026-07-02 09:21:42+05:30,4076.5,2,4085.68,77695,80716.0,104260.0,4100.0,4110.0,4072.2,4092.6,21799225,4501.8,3683.4,4440.0,3288.1,4076.0,62,4,4075.9,1,1,4075.5,23,3,4075.4,13,1,4075.3,32,2,4076.5,60,1,4077.3,9,1,4077.4,17,2,4077.5,43,3,4077.6,54,4
11483,2026-07-02 09:21:43+05:30,4076.5,1,4085.68,77698,80949.0,103789.0,4100.0,4110.0,4072.2,4092.6,21799225,4501.8,3683.4,4440.0,3288.1,4076.0,196,8,4075.9,14,2,4075.8,15,1,4075.7,32,2,4075.5,36,3,4076.5,57,1,4077.6,33,2,4077.7,70,1,4077.8,13,1,4077.9,38,2
11483,2026-07-02 09:21:43+05:30,4076.5,2,4085.68,77698,80949.0,103789.0,4100.0,4110.0,4072.2,4092.6,21799225,4501.8,3683.4,4440.0,3288.1,4076.0,196,8,4075.9,14,2,4075.8,15,1,4075.7,32,2,4075.5,36,3,4076.5,57,1,4077.6,33,2,4077.7,70,1,4077.8,13,1,4077.9,38,2
11483,2026-07-02 09:21:44+05:30,4077.0,1,4085.67,77766,81655.0,103336.0,4100.0,4110.0,4072.2,4092.6,21799225,4501.8,3683.4,4440.0,3288.1,4077.0,9,1,4076.4,6,1,4076.3,82,2,4076.2,54,2,4076.1,28,2,4077.6,33,2,4077.7,70,1,4077.9,5,1,4078.3,75,3,4078.4,319,9
11483,2026-07-02 09:21:44+05:30,4077.0,2,4085.67,77766,81655.0,103336.0,4100.0,4110.0,4072.2,4092.6,21799225,4501.8,3683.4,4440.0,3288.1,4077.0,9,1,4076.4,6,1,4076.3,82,2,4076.2,54,2,4076.1,28,2,4077.6,33,2,4077.7,70,1,4077.9,5,1,4078.3,75,3,4078.4,319,9
11483,2026-07-02 09:21:45+05:30,4076.0,2,4085.67,77780,81933.0,103088.0,4100.0,4110.0,4072.2,4092.6,21799225,4501.8,3683.4,4440.0,3288.1,4076.1,21,1,4076.0,169,9,4075.9,1,1,4075.7,47,3,4075.6,6,1,4077.0,3,1,4077.6,33,2,4077.7,77,2,4077.9,5,1,4078.0,29,1
11483,2026-07-02 09:21:45+05:30,4077.6,3,4085.67,77780,81933.0,103088.0,4100.0,4110.0,4072.2,4092.6,21799225,4501.8,3683.4,4440.0,3288.1,4076.1,21,1,4076.0,169,9,4075.9,1,1,4075.7,47,3,4075.6,6,1,4077.0,3,1,4077.6,33,2,4077.7,77,2,4077.9,5,1,4078.0,29,1
11483,2026-07-02 09:21:46+05:30,4077.6,3,4085.67,77791,82127.0,103177.0,4100.0,4110.0,4072.2,4092.6,21799225,4501.8,3683.4,4440.0,3288.1,4076.5,5,1,4076.1,154,3,4076.0,245,13,4075.9,24,2,4075.7,41,2,4077.6,24,2,4077.7,77,2,4077.9,5,1,4078.2,2,1,4078.3,3,1
11483,2026-07-02 09:21:46+05:30,4078.8,1,4085.67,77791,82127.0,103177.0,4100.0,4110.0,4072.2,4092.6,21799225,4501.8,3683.4,4440.0,3288.1,4076.5,5,1,4076.1,154,3,4076.0,245,13,4075.9,24,2,4075.7,41,2,4077.6,24,2,4077.7,77,2,4077.9,5,1,4078.2,2,1,4078.3,3,1
11483,2026-07-02 09:21:47+05:30,4077.6,8,4085.62,78314,83556.0,101304.0,4100.0,4110.0,4072.2,4092.6,21799225,4501.8,3683.4,4440.0,3288.1,4077.5,32,3,4077.4,6,1,4077.3,76,2,4077.2,12,1,4077.1,12,1,4078.8,17,1,4079.4,64,2,4079.5,13,1,4079.6,9,2,4079.7,29,1
11483,2026-07-02 09:21:47+05:30,4078.6,1,4085.62,78314,83556.0,101304.0,4100.0,4110.0,4072.2,4092.6,21799225,4501.8,3683.4,4440.0,3288.1,4077.5,32,3,4077.4,6,1,4077.3,76,2,4077.2,12,1,4077.1,12,1,4078.8,17,1,4079.4,64,2,4079.5,13,1,4079.6,9,2,4079.7,29,1
11483,2026-07-02 09:21:48+05:30,4078.6,1,4085.48,79482,82688.0,102323.0,4100.0,4110.0,4072.2,4092.6,21799225,4501.8,3683.4,4440.0,3288.1,4076.6,12,1,4076.5,15,2,4076.3,10,1,4076.2,8,1,4076.1,10,1,4078.3,123,5,4078.4,39,2,4078.5,13,2,4078.6,44,3,4078.7,42,5
11483,2026-07-02 09:21:48+05:30,4078.3,3,4085.48,79482,82688.0,102323.0,4100.0,4110.0,4072.2,4092.6,21799225,4501.8,3683.4,4440.0,3288.1,4076.6,12,1,4076.5,15,2,4076.3,10,1,4076.2,8,1,4076.1,10,1,4078.3,123,5,4078.4,39,2,4078.5,13,2,4078.6,44,3,4078.7,42,5
11483,2026-07-02 09:21:49+05:30,4078.8,5,4085.48,79494,82904.0,102134.0,4100.0,4110.0,4072.2,4092.6,21799225,4501.8,3683.4,4440.0,3288.1,4077.2,76,1,4077.1,16,2,4077.0,10,1,4076.9,10,1,4076.8,10,1,4078.8,14,2,4079.1,19,2,4079.2,18,1,4079.4,50,2,4079.5,27,2
11483,2026-07-02 09:21:49+05:30,4078.8,2,4085.48,79494,82904.0,102134.0,4100.0,4110.0,4072.2,4092.6,21799225,4501.8,3683.4,4440.0,3288.1,4077.2,76,1,4077.1,16,2,4077.0,10,1,4076.9,10,1,4076.8,10,1,4078.8,14,2,4079.1,19,2,4079.2,18,1,4079.4,50,2,4079.5,27,2
11483,2026-07-02 09:21:50+05:30,4078.5,1,4085.48,79523,82710.0,102571.0,4100.0,4110.0,4072.2,4092.6,21799225,4501.8,3683.4,4440.0,3288.1,4077.0,73,1,4076.9,10,1,4076.8,10,1,4076.7,10,1,4076.6,12,1,4078.5,4,2,4078.6,21,2,4078.7,6,2,4078.8,39,5,4078.9,64,2
11483,2026-07-02 09:21:50+05:30,4076.5,5,4085.48,79523,82710.0,102571.0,4100.0,4110.0,4072.2,4092.6,21799225,4501.8,3683.4,4440.0,3288.1,4077.0,73,1,4076.9,10,1,4076.8,10,1,4076.7,10,1,4076.6,12,1,4078.5,4,2,4078.6,21,2,4078.7,6,2,4078.8,39,5,4078.9,64,2
11483,2026-07-02 09:21:51+05:30,4076.5,5,4085.46,79670,81927.0,103979.0,4100.0,4110.0,4072.2,4092.6,21799225,4501.8,3683.4,4440.0,3288.1,4075.6,10,1,4075.4,2,1,4075.3,14,1,4075.2,12,1,4075.1,130,3,4077.4,103,4,4077.5,32,4,4077.6,22,4,4077.7,13,2,4077.8,77,7
11483,2026-07-02 09:21:51+05:30,4077.4,2,4085.46,79670,81927.0,103979.0,4100.0,4110.0,4072.2,4092.6,21799225,4501.8,3683.4,4440.0,3288.1,4075.6,10,1,4075.4,2,1,4075.3,14,1,4075.2,12,1,4075.1,130,3,4077.4,103,4,4077.5,32,4,4077.6,22,4,4077.7,13,2,4077.8,77,7
11483,2026-07-02 09:21:52+05:30,4077.4,2,4085.46,79673,82556.0,103525.0,4100.0,4110.0,4072.2,4092.6,21799225,4501.8,3683.4,4440.0,3288.1,4076.0,78,3,4075.9,34,1,4075.8,55,2,4075.7,55,2,4075.6,52,2,4077.5,15,1,4077.7,3,1,4077.8,23,2,4077.9,37,4,4078.1,1,1
11483,2026-07-02 09:21:52+05:30,4077.5,1,4085.46,79673,82556.0,103525.0,4100.0,4110.0,4072.2,4092.6,21799225,4501.8,3683.4,4440.0,3288.1,4076.0,78,3,4075.9,34,1,4075.8,55,2,4075.7,55,2,4075.6,52,2,4077.5,15,1,4077.7,3,1,4077.8,23,2,4077.9,37,4,4078.1,1,1
11483,2026-07-02 09:21:53+05:30,4077.8,1,4085.43,79930,82495.0,102828.0,4100.0,4110.0,4072.2,4092.6,21799225,4501.8,3683.4,4440.0,3288.1,4075.9,10,1,4075.8,67,1,4075.7,38,1,4075.5,38,1,4075.4,15,1,4077.8,8,2,4077.9,27,3,4078.0,18,1,4078.2,65,2,4078.3,42,4
11483,2026-07-02 09:21:53+05:30,4077.8,1,4085.43,79930,82495.0,102828.0,4100.0,4110.0,4072.2,4092.6,21799225,4501.8,3683.4,4440.0,3288.1,4075.9,10,1,4075.8,67,1,4075.7,38,1,4075.5,38,1,4075.4,15,1,4077.8,8,2,4077.9,27,3,4078.0,18,1,4078.2,65,2,4078.3,42,4
11483,2026-07-02 09:21:54+05:30,4077.5,2,4085.43,79933,82729.0,103259.0,4100.0,4110.0,4072.2,4092.6,21799225,4501.8,3683.4,4440.0,3288.1,4076.0,2,1,4075.7,65,1,4075.6,43,2,4075.5,49,2,4075.4,4,1,4077.5,20,1,4077.7,10,1,4077.8,21,4,4077.9,36,4,4078.1,6,1
11483,2026-07-02 09:21:54+05:30,4077.5,15,4085.43,79933,82729.0,103259.0,4100.0,4110.0,4072.2,4092.6,21799225,4501.8,3683.4,4440.0,3288.1,4076.0,2,1,4075.7,65,1,4075.6,43,2,4075.5,49,2,4075.4,4,1,4077.5,20,1,4077.7,10,1,4077.8,21,4,4077.9,36,4,4078.1,6,1
11483,2026-07-02 09:21:55+05:30,4077.9,2,4085.43,79971,83132.0,102531.0,4100.0,4110.0,4072.2,4092.6,21799225,4501.8,3683.4,4440.0,3288.1,4076.4,73,2,4076.3,34,1,4076.2,36,1,4076.1,45,1,4076.0,153,6,4077.9,10,1,4078.3,14,2,4078.4,18,2,4078.5,2,1,4078.6,13,2
11483,2026-07-02 09:21:55+05:30,4077.7,4,4085.43,79971,83132.0,102531.0,4100.0,4110.0,4072.2,4092.6,21799225,4501.8,3683.4,4440.0,3288.1,4076.4,73,2,4076.3,34,1,4076.2,36,1,4076.1,45,1,4076.0,153,6,4077.9,10,1,4078.3,14,2,4078.4,18,2,4078.5,2,1,4078.6,13,2
11483,2026-07-02 09:21:56+05:30,4077.8,1,4085.43,79987,82886.0,102744.0,4100.0,4110.0,4072.2,4092.6,21799225,4501.8,3683.4,4440.0,3288.1,4076.1,62,1,4076.0,59,4,4075.9,38,1,4075.7,43,1,4075.6,14,1,4077.8,12,3,4077.9,35,5,4078.2,69,1,4078.3,14,2,4078.4,75,5
11483,2026-07-02 09:21:56+05:30,4077.8,1,4085.43,79987,82886.0,102744.0,4100.0,4110.0,4072.2,4092.6,21799225,4501.8,3683.4,4440.0,3288.1,4076.1,62,1,4076.0,59,4,4075.9,38,1,4075.7,43,1,4075.6,14,1,4077.8,12,3,4077.9,35,5,4078.2,69,1,4078.3,14,2,4078.4,75,5
11483,2026-07-02 09:21:57+05:30,4077.7,1,4085.43,79991,82783.0,102851.0,4100.0,4110.0,4072.2,4092.6,21799225,4501.8,3683.4,4440.0,3288.1,4076.1,62,1,4076.0,59,4,4075.9,14,1,4075.6,14,1,4075.5,23,1,4077.6,31,1,4077.7,2,2,4077.8,5,2,4077.9,16,3,4078.3,79,4
11483,2026-07-02 09:21:57+05:30,4077.4,9,4085.43,79991,82783.0,102851.0,4100.0,4110.0,4072.2,4092.6,21799225,4501.8,3683.4,4440.0,3288.1,4076.1,62,1,4076.0,59,4,4075.9,14,1,4075.6,14,1,4075.5,23,1,4077.6,31,1,4077.7,2,2,4077.8,5,2,4077.9,16,3,4078.3,79,4
11483,2026-07-02 09:21:58+05:30,4077.4,2,4085.42,80019,82670.0,103006.0,4100.0,4110.0,4072.2,4092.6,21799225,4501.8,3683.4,4440.0,3288.1,4076.0,173,6,4075.8,59,1,4075.7,19,1,4075.6,14,1,4075.4,25,2,4077.6,31,1,4077.7,2,2,4077.8,5,2,4077.9,16,3,4078.0,18,1
11483,2026-07-02 09:21:58+05:30,4077.4,2,4085.42,80019,82670.0,103006.0,4100.0,4110.0,4072.2,4092.6,21799225,4501.8,3683.4,4440.0,3288.1,4076.0,173,6,4075.8,59,1,4075.7,19,1,4075.6,14,1,4075.4,25,2,4077.6,31,1,4077.7,2,2,4077.8,5,2,4077.9,16,3,4078.0,18,1
11483,2026-07-02 09:21:59+05:30,4078.8,5,4085.38,80527,82691.0,102744.0,4100.0,4110.0,4072.2,4092.6,21799225,4501.8,3683.4,4440.0,3288.1,4076.2,54,2,4076.1,81,4,4076.0,168,5,4075.7,15,1,4075.6,20,2,4078.2,13,1,4078.5,50,4,4078.7,53,3,4078.8,25,3,4078.9,32,2
11483,2026-07-02 09:21:59+05:30,4078.8,5,4085.38,80527,82691.0,102744.0,4100.0,4110.0,4072.2,4092.6,21799225,4501.8,3683.4,4440.0,3288.1,4076.2,54,2,4076.1,81,4,4076.0,168,5,4075.7,15,1,4075.6,20,2,4078.2,13,1,4078.5,50,4,4078.7,53,3,4078.8,25,3,4078.9,32,2
11483,2026-07-02 09:22:00+05:30,4078.8,5,4085.38,80527,82691.0,102744.0,4100.0,4110.0,4072.2,4092.6,21799225,4501.8,3683.4,4440.0,3288.1,4076.2,54,2,4076.1,81,4,4076.0,168,5,4075.7,15,1,4075.6,20,2,4078.2,13,1,4078.5,50,4,4078.7,53,3,4078.8,25,3,4078.9,32,2
11483,2026-07-02 09:22:00+05:30,4078.2,1,4085.38,80530,82560.0,103181.0,4100.0,4110.0,4072.2,4092.6,21799225,4501.8,3683.4,4440.0,3288.1,4076.0,168,5,4075.6,14,1,4075.4,4,1,4075.3,75,2,4075.2,22,2,4078.1,56,1,4078.2,50,4,4078.3,17,1,4078.4,39,1,4078.5,63,3
11483,2026-07-02 09:22:00+05:30,4078.2,1,4085.38,80530,82560.0,103181.0,4100.0,4110.0,4072.2,4092.6,21799225,4501.8,3683.4,4440.0,3288.1,4076.0,168,5,4075.6,14,1,4075.4,4,1,4075.3,75,2,4075.2,22,2,4078.1,56,1,4078.2,50,4,4078.3,17,1,4078.4,39,1,4078.5,63,3
11483,2026-07-02 09:22:00+05:30,4078.2,1,4085.38,80530,82560.0,103181.0,4100.0,4110.0,4072.2,4092.6,21799225,4501.8,3683.4,4440.0,3288.1,4076.0,168,5,4075.6,14,1,4075.4,4,1,4075.3,75,2,4075.2,22,2,4078.1,56,1,4078.2,50,4,4078.3,17,1,4078.4,39,1,4078.5,63,3
11483,2026-07-02 09:22:01+05:30,4078.2,1,4085.38,80530,82560.0,103181.0,4100.0,4110.0,4072.2,4092.6,21799225,4501.8,3683.4,4440.0,3288.1,4076.0,168,5,4075.6,14,1,4075.4,4,1,4075.3,75,2,4075.2,22,2,4078.1,56,1,4078.2,50,4,4078.3,17,1,4078.4,39,1,4078.5,63,3
11483,2026-07-02 09:22:01+05:30,4077.8,1,4085.37,80638,82485.0,102705.0,4100.0,4110.0,4072.2,4092.6,21799225,4501.8,3683.4,4440.0,3288.1,4076.4,13,1,4076.3,16,2,4076.2,26,2,4076.1,82,4,4076.0,168,5,4077.8,2,1,4078.0,11,1,4078.2,23,2,4078.5,37,3,4078.6,78,2
11483,2026-07-02 09:22:01+05:30,4077.8,1,4085.37,80638,82485.0,102705.0,4100.0,4110.0,4072.2,4092.6,21799225,4501.8,3683.4,4440.0,3288.1,4076.4,13,1,4076.3,16,2,4076.2,26,2,4076.1,82,4,4076.0,168,5,4077.8,2,1,4078.0,11,1,4078.2,23,2,4078.5,37,3,4078.6,78,2
11483,2026-07-02 09:22:01+05:30,4077.8,1,4085.37,80638,82485.0,102705.0,4100.0,4110.0,4072.2,4092.6,21799225,4501.8,3683.4,4440.0,3288.1,4076.4,13,1,4076.3,16,2,4076.2,26,2,4076.1,82,4,4076.0,168,5,4077.8,2,1,4078.0,11,1,4078.2,23,2,4078.5,37,3,4078.6,78,2
11483,2026-07-02 09:22:02+05:30,4077.8,1,4085.37,80638,82485.0,102705.0,4100.0,4110.0,4072.2,4092.6,21799225,4501.8,3683.4,4440.0,3288.1,4076.4,13,1,4076.3,16,2,4076.2,26,2,4076.1,82,4,4076.0,168,5,4077.8,2,1,4078.0,11,1,4078.2,23,2,4078.5,37,3,4078.6,78,2
11483,2026-07-02 09:22:02+05:30,4078.8,1,4085.37,80652,83035.0,102535.0,4100.0,4110.0,4072.2,4092.6,21799225,4501.8,3683.4,4440.0,3288.1,4076.9,8,2,4076.8,49,3,4076.7,13,1,4076.6,41,3,4076.5,16,2,4078.5,8,1,4078.7,2,1,4078.8,10,3,4078.9,20,1,4079.0,48,2
11483,2026-07-02 09:22:02+05:30,4078.8,1,4085.37,80652,83035.0,102535.0,4100.0,4110.0,4072.2,4092.6,21799225,4501.8,3683.4,4440.0,3288.1,4076.9,8,2,4076.8,49,3,4076.7,13,1,4076.6,41,3,4076.5,16,2,4078.5,8,1,4078.7,2,1,4078.8,10,3,4078.9,20,1,4079.0,48,2
11483,2026-07-02 09:22:02+05:30,4078.8,1,4085.37,80652,83035.0,102535.0,4100.0,4110.0,4072.2,4092.6,21799225,4501.8,3683.4,4440.0,3288.1,4076.9,8,2,4076.8,49,3,4076.7,13,1,4076.6,41,3,4076.5,16,2,4078.5,8,1,4078.7,2,1,4078.8,10,3,4078.9,20,1,4079.0,48,2
11483,2026-07-02 09:22:03+05:30,4078.8,1,4085.37,80652,83035.0,102535.0,4100.0,4110.0,4072.2,4092.6,21799225,4501.8,3683.4,4440.0,3288.1,4076.9,8,2,4076.8,49,3,4076.7,13,1,4076.6,41,3,4076.5,16,2,4078.5,8,1,4078.7,2,1,4078.8,10,3,4078.9,20,1,4079.0,48,2
11483,2026-07-02 09:22:03+05:30,4078.8,1,4085.37,80652,83035.0,102535.0,4100.0,4110.0,4072.2,4092.6,21815325,4501.8,3683.4,4440.0,3288.1,4076.9,8,2,4076.8,49,3,4076.7,13,1,4076.6,41,3,4076.5,16,2,4078.5,8,1,4078.7,2,1,4078.8,10,3,4078.9,20,1,4079.0,48,2
11483,2026-07-02 09:22:03+05:30,4077.4,17,4085.37,80652,83035.0,102535.0,4100.0,4110.0,4072.2,4092.6,21815325,4501.8,3683.4,4440.0,3288.1,4076.9,8,2,4076.8,49,3,4076.7,13,1,4076.6,41,3,4076.5,16,2,4078.5,8,1,4078.7,2,1,4078.8,10,3,4078.9,20,1,4079.0,48,2
11483,2026-07-02 09:22:03+05:30,4077.8,20,4085.36,80697,82905.0,102570.0,4100.0,4110.0,4072.2,4092.6,21815325,4501.8,3683.4,4440.0,3288.1,4077.4,33,1,4076.4,3,1,4076.3,3,1,4076.2,3,1,4076.1,62,2,4077.9,5,1,4078.3,5,1,4078.4,4,1,4078.5,8,1,4078.8,73,4
11483,2026-07-02 09:22:03+05:30,4077.8,20,4085.36,80697,82905.0,102570.0,4100.0,4110.0,4072.2,4092.6,21815325,4501.8,3683.4,4440.0,3288.1,4077.4,33,1,4076.4,3,1,4076.3,3,1,4076.2,3,1,4076.1,62,2,4077.9,5,1,4078.3,5,1,4078.4,4,1,4078.5,8,1,4078.8,73,4
11483,2026-07-02 09:22:04+05:30,4077.8,20,4085.36,80697,82905.0,102570.0,4100.0,4110.0,4072.2,4092.6,21815325,4501.8,3683.4,4440.0,3288.1,4077.4,33,1,4076.4,3,1,4076.3,3,1,4076.2,3,1,4076.1,62,2,4077.9,5,1,4078.3,5,1,4078.4,4,1,4078.5,8,1,4078.8,73,4
11483,2026-07-02 09:22:04+05:30,4077.6,158,4085.36,80697,82905.0,102570.0,4100.0,4110.0,4072.2,4092.6,21815325,4501.8,3683.4,4440.0,3288.1,4077.4,33,1,4076.4,3,1,4076.3,3,1,4076.2,3,1,4076.1,62,2,4077.9,5,1,4078.3,5,1,4078.4,4,1,4078.5,8,1,4078.8,73,4
11483,2026-07-02 09:22:04+05:30,4077.6,158,4085.34,80933,82703.0,102662.0,4100.0,4110.0,4072.2,4092.6,21815325,4501.8,3683.4,4440.0,3288.1,4076.6,39,3,4076.5,16,2,4076.4,54,2,4076.3,3,1,4076.2,3,1,4077.8,5,1,4078.0,5,1,4078.2,6,1,4078.3,10,2,4078.5,8,1
11483,2026-07-02 09:22:05+05:30,4077.6,158,4085.34,80933,82703.0,102662.0,4100.0,4110.0,4072.2,4092.6,21815325,4501.8,3683.4,4440.0,3288.1,4076.6,39,3,4076.5,16,2,4076.4,54,2,4076.3,3,1,4076.2,3,1,4077.8,5,1,4078.0,5,1,4078.2,6,1,4078.3,10,2,4078.5,8,1
11483,2026-07-02 09:22:05+05:30,4073.3,13,4085.34,80933,82703.0,102662.0,4100.0,4110.0,4072.2,4092.6,21815325,4501.8,3683.4,4440.0,3288.1,4076.6,39,3,4076.5,16,2,4076.4,54,2,4076.3,3,1,4076.2,3,1,4077.8,5,1,4078.0,5,1,4078.2,6,1,4078.3,10,2,4078.5,8,1
11483,2026-07-02 09:22:06+05:30,4073.3,13,4084.69,86278,75007.0,104275.0,4100.0,4110.0,4072.2,4092.6,21815325,4501.8,3683.4,4440.0,3288.1,4072.2,5,1,4072.1,51,2,4072.0,488,22,4071.7,101,2,4071.6,5,1,4073.7,13,1,4073.8,6,1,4073.9,62,2,4074.0,26,2,4074.1,13,1
11483,2026-07-02 09:22:06+05:30,4074.1,1,4084.69,86278,75007.0,104275.0,4100.0,4110.0,4072.2,4092.6,21815325,4501.8,3683.4,4440.0,3288.1,4072.2,5,1,4072.1,51,2,4072.0,488,22,4071.7,101,2,4071.6,5,1,4073.7,13,1,4073.8,6,1,4073.9,62,2,4074.0,26,2,4074.1,13,1
11483,2026-07-02 09:22:07+05:30,4074.1,1,4084.69,86293,76558.0,104349.0,4100.0,4110.0,4072.2,4092.6,21815325,4501.8,3683.4,4440.0,3288.1,4072.3,49,1,4072.2,36,4,4072.1,40,3,4072.0,501,23,4071.9,9,1,4074.1,11,1,4074.2,13,1,4074.3,13,1,4074.4,13,1,4074.5,13,1
11483,2026-07-02 09:22:07+05:30,4072.2,1,4084.69,86293,76558.0,104349.0,4100.0,4110.0,4072.2,4092.6,21815325,4501.8,3683.4,4440.0,3288.1,4072.3,49,1,4072.2,36,4,4072.1,40,3,4072.0,501,23,4071.9,9,1,4074.1,11,1,4074.2,13,1,4074.3,13,1,4074.4,13,1,4074.5,13,1
11483,2026-07-02 09:22:08+05:30,4072.2,1,4084.69,86297,76904.0,104537.0,4100.0,4110.0,4072.2,4092.6,21815325,4501.8,3683.4,4440.0,3288.1,4072.8,48,1,4072.7,55,3,4072.6,57,3,4072.3,37,3,4072.2,76,3,4074.3,16,1,4074.4,12,1,4074.6,11,1,4074.7,14,2,4074.8,14,2
11483,2026-07-02 09:22:08+05:30,4074.3,2,4084.69,86297,76904.0,104537.0,4100.0,4110.0,4072.2,4092.6,21815325,4501.8,3683.4,4440.0,3288.1,4072.8,48,1,4072.7,55,3,4072.6,57,3,4072.3,37,3,4072.2,76,3,4074.3,16,1,4074.4,12,1,4074.6,11,1,4074.7,14,2,4074.8,14,2
11483,2026-07-02 09:22:09+05:30,4074.3,5,4084.69,86306,77244.0,105016.0,4100.0,4110.0,4072.2,4092.6,21815325,4501.8,3683.4,4440.0,3288.1,4073.0,1,1,4072.9,55,3,4072.8,48,1,4072.7,25,2,4072.6,27,2,4074.3,7,1,4074.4,12,1,4074.8,14,2,4074.9,3,1,4075.0,10,1
11483,2026-07-02 09:22:09+05:30,4074.3,2,4084.69,86306,77244.0,105016.0,4100.0,4110.0,4072.2,4092.6,21815325,4501.8,3683.4,4440.0,3288.1,4073.0,1,1,4072.9,55,3,4072.8,48,1,4072.7,25,2,4072.6,27,2,4074.3,7,1,4074.4,12,1,4074.8,14,2,4074.9,3,1,4075.0,10,1
11483,2026-07-02 09:22:10+05:30,4074.3,2,4084.69,86312,77595.0,104798.0,4100.0,4110.0,4072.2,4092.6,21815325,4501.8,3683.4,4440.0,3288.1,4073.1,11,1,4073.0,92,3,4072.9,33,1,4072.8,52,2,4072.7,14,2,4074.3,2,1,4074.4,12,1,4075.4,62,1,4075.8,25,2,4075.9,41,1
11483,2026-07-02 09:22:11+05:30,4074.3,5,4084.69,86319,77665.0,104702.0,4100.0,4110.0,4072.2,4092.6,21815325,4501.8,3683.4,4440.0,3288.1,4073.8,5,1,4073.1,31,1,4073.0,13,1,4072.7,33,3,4072.6,16,1,4074.3,16,1,4075.3,59,3,4075.4,39,4,4075.5,43,1,4075.6,46,1
11483,2026-07-02 09:22:11+05:30,4074.3,5,4084.69,86319,77665.0,104702.0,4100.0,4110.0,4072.2,4092.6,21815325,4501.8,3683.4,4440.0,3288.1,4073.8,5,1,4073.1,31,1,4073.0,13,1,4072.7,33,3,4072.6,16,1,4074.3,16,1,4075.3,59,3,4075.4,39,4,4075.5,43,1,4075.6,46,1
11483,2026-07-02 09:22:12+05:30,4074.3,1,4084.69,86330,78245.0,104333.0,4100.0,4110.0,4072.2,4092.6,21815325,4501.8,3683.4,4440.0,3288.1,4073.8,5,1,4073.1,55,2,4073.0,22,2,4072.9,41,3,4072.8,45,1,4074.3,5,1,4075.4,39,4,4075.6,8,1,4075.8,13,1,4076.0,45,1
11483,2026-07-02 09:22:12+05:30,4074.3,1,4084.69,86330,78245.0,104333.0,4100.0,4110.0,4072.2,4092.6,21815325,4501.8,3683.4,4440.0,3288.1,4073.8,5,1,4073.1,55,2,4073.0,22,2,4072.9,41,3,4072.8,45,1,4074.3,5,1,4075.4,39,4,4075.6,8,1,4075.8,13,1,4076.0,45,1
11483,2026-07-02 09:22:13+05:30,4074.3,2,4084.69,86332,78251.0,104510.0,4100.0,4110.0,4072.2,4092.6,21815325,4501.8,3683.4,4440.0,3288.1,4073.8,5,1,4073.1,55,2,4073.0,22,2,4072.9,41,3,4072.8,45,1,4074.3,3,1,4075.4,23,2,4075.6,8,1,4075.8,25,2,4076.0,50,2
11483,2026-07-02 09:22:13+05:30,4074.3,2,4084.69,86332,78251.0,104510.0,4100.0,4110.0,4072.2,4092.6,21815325,4501.8,3683.4,4440.0,3288.1,4073.8,5,1,4073.1,55,2,4073.0,22,2,4072.9,41,3,4072.8,45,1,4074.3,3,1,4075.4,23,2,4075.6,8,1,4075.8,25,2,4076.0,50,2
11483,2026-07-02 09:22:14+05:30,4074.3,2,4084.69,86332,78140.0,104809.0,4100.0,4110.0,4072.2,4092.6,21815325,4501.8,3683.4,4440.0,3288.1,4073.8,5,1,4073.1,55,2,4073.0,22,2,4072.9,4,1,4072.7,18,3,4074.3,3,1,4075.2,40,1,4075.3,73,3,4075.4,51,3,4075.6,8,1
11483,2026-07-02 09:22:15+05:30,4073.1,4,4084.68,86372,78041.0,104982.0,4100.0,4110.0,4072.2,4092.6,21815325,4501.8,3683.4,4440.0,3288.1,4073.0,8,1,4072.9,79,3,4072.8,43,1,4072.7,13,1,4072.6,25,2,4074.3,3,1,4075.0,18,1,4075.1,64,1,4075.2,22,1,4075.3,43,2
11483,2026-07-02 09:22:15+05:30,4073.1,4,4084.68,86372,78041.0,104982.0,4100.0,4110.0,4072.2,4092.6,21815325,4501.8,3683.4,4440.0,3288.1,4073.0,8,1,4072.9,79,3,4072.8,43,1,4072.7,13,1,4072.6,25,2,4074.3,3,1,4075.0,18,1,4075.1,64,1,4075.2,22,1,4075.3,43,2
11483,2026-07-02 09:22:16+05:30,4074.3,5,4084.68,86383,78326.0,104830.0,4100.0,4110.0,4072.2,4092.6,21815325,4501.8,3683.4,4440.0,3288.1,4073.6,56,4,4073.2,43,2,4073.0,35,2,4072.9,23,1,4072.8,121,5,4074.3,8,1,4075.2,22,1,4075.3,37,1,4075.4,49,2,4075.7,18,1
11483,2026-07-02 09:22:16+05:30,4074.3,5,4084.68,86383,78326.0,104830.0,4100.0,4110.0,4072.2,4092.6,21815325,4501.8,3683.4,4440.0,3288.1,4073.6,56,4,4073.2,43,2,4073.0,35,2,4072.9,23,1,4072.8,121,5,4074.3,8,1,4075.2,22,1,4075.3,37,1,4075.4,49,2,4075.7,18,1
11483,2026-07-02 09:22:17+05:30,4074.3,5,4084.68,86383,78411.0,104854.0,4100.0,4110.0,4072.2,4092.6,21815325,4501.8,3683.4,4440.0,3288.1,4073.6,56,4,4073.5,17,1,4073.4,19,1,4073.2,72,3,4073.0,81,4,4074.3,8,1,4075.1,21,2,4075.2,22,1,4075.3,37,1,4075.4,49,2
11483,2026-07-02 09:22:17+05:30,4075.2,19,4084.68,86383,78411.0,104854.0,4100.0,4110.0,4072.2,4092.6,21815325,4501.8,3683.4,4440.0,3288.1,4073.6,56,4,4073.5,17,1,4073.4,19,1,4073.2,72,3,4073.0,81,4,4074.3,8,1,4075.1,21,2,4075.2,22,1,4075.3,37,1,4075.4,49,2
11483,2026-07-02 09:22:18+05:30,4075.3,1,4084.66,86554,78776.0,104210.0,4100.0,4110.0,4072.2,4092.6,21815325,4501.8,3683.4,4440.0,3288.1,4073.6,6,1,4073.5,95,3,4073.4,10,1,4073.3,28,1,4073.2,6,1,4075.4,10,1,4075.7,3,1,4075.8,48,1,4075.9,17,1,4076.0,94,6
11483,2026-07-02 09:22:18+05:30,4075.3,1,4084.66,86554,78776.0,104210.0,4100.0,4110.0,4072.2,4092.6,21815325,4501.8,3683.4,4440.0,3288.1,4073.6,6,1,4073.5,95,3,4073.4,10,1,4073.3,28,1,4073.2,6,1,4075.4,10,1,4075.7,3,1,4075.8,48,1,4075.9,17,1,4076.0,94,6
11483,2026-07-02 09:22:19+05:30,4075.7,1,4084.66,86570,79718.0,103548.0,4100.0,4110.0,4072.2,4092.6,21815325,4501.8,3683.4,4440.0,3288.1,4074.3,40,1,4074.2,48,4,4074.1,37,1,4074.0,28,1,4073.9,41,1,4075.8,15,1,4075.9,1,1,4076.0,74,3,4076.5,5,1,4076.6,72,2
11483,2026-07-02 09:22:19+05:30,4075.7,1,4084.66,86570,79718.0,103548.0,4100.0,4110.0,4072.2,4092.6,21815325,4501.8,3683.4,4440.0,3288.1,4074.3,40,1,4074.2,48,4,4074.1,37,1,4074.0,28,1,4073.9,41,1,4075.8,15,1,4075.9,1,1,4076.0,74,3,4076.5,5,1,4076.6,72,2
11483,2026-07-02 09:22:20+05:30,4075.0,1,4084.65,86596,78886.0,105146.0,4100.0,4110.0,4072.2,4092.6,21815325,4501.8,3683.4,4440.0,3288.1,4073.4,2,2,4073.3,28,1,4073.1,1,1,4073.0,13,1,4072.9,23,1,4075.0,1,1,4075.1,67,3,4075.2,103,5,4075.3,67,3,4075.4,10,1
11483,2026-07-02 09:22:20+05:30,4075.0,1,4084.65,86596,78886.0,105146.0,4100.0,4110.0,4072.2,4092.6,21815325,4501.8,3683.4,4440.0,3288.1,4073.4,2,2,4073.3,28,1,4073.1,1,1,4073.0,13,1,4072.9,23,1,4075.0,1,1,4075.1,67,3,4075.2,103,5,4075.3,67,3,4075.4,10,1
11483,2026-07-02 09:22:21+05:30,4075.3,1,4084.65,86603,79250.0,105154.0,4100.0,4110.0,4072.2,4092.6,21815325,4501.8,3683.4,4440.0,3288.1,4073.7,50,1,4073.5,39,1,4073.4,7,3,4073.3,28,1,4073.1,14,2,4075.3,9,1,4075.4,10,1,4075.5,5,1,4075.6,59,2,4075.7,36,3
11483,2026-07-02 09:22:21+05:30,4075.3,1,4084.65,86603,79250.0,105154.0,4100.0,4110.0,4072.2,4092.6,21815325,4501.8,3683.4,4440.0,3288.1,4073.7,50,1,4073.5,39,1,4073.4,7,3,4073.3,28,1,4073.1,14,2,4075.3,9,1,4075.4,10,1,4075.5,5,1,4075.6,59,2,4075.7,36,3
11483,2026-07-02 09:22:22+05:30,4075.0,1,4084.65,86624,79964.0,105045.0,4100.0,4110.0,4072.2,4092.6,21815325,4501.8,3683.4,4440.0,3288.1,4074.0,190,1,4073.8,39,1,4073.7,50,1,4073.4,15,3,4073.3,28,1,4075.0,9,1,4075.6,20,2,4075.7,33,2,4075.8,18,1,4075.9,99,2
11483,2026-07-02 09:22:22+05:30,4075.0,1,4084.65,86624,79964.0,105045.0,4100.0,4110.0,4072.2,4092.6,21815325,4501.8,3683.4,4440.0,3288.1,4074.0,190,1,4073.8,39,1,4073.7,50,1,4073.4,15,3,4073.3,28,1,4075.0,9,1,4075.6,20,2,4075.7,33,2,4075.8,18,1,4075.9,99,2
11483,2026-07-02 09:22:23+05:30,4075.0,1,4084.65,86624,79964.0,105045.0,4100.0,4110.0,4072.2,4092.6,21815325,4501.8,3683.4,4440.0,3288.1,4074.0,190,1,4073.8,39,1,4073.7,50,1,4073.4,15,3,4073.3,28,1,4075.0,9,1,4075.6,20,2,4075.7,33,2,4075.8,18,1,4075.9,99,2
11483,2026-07-02 09:22:23+05:30,4075.0,1,4084.63,86776,80548.0,105544.0,4100.0,4110.0,4072.2,4092.6,21815325,4501.8,3683.4,4440.0,3288.1,4074.0,40,1,4073.8,39,1,4073.7,65,2,4073.4,26,3,4073.3,37,2,4075.0,7,1,4075.6,20,2,4075.7,33,2,4075.8,18,1,4075.9,99,2
11483,2026-07-02 09:22:24+05:30,4074.5,5,4084.63,86776,80548.0,105544.0,4100.0,4110.0,4072.2,4092.6,21815325,4501.8,3683.4,4440.0,3288.1,4074.0,40,1,4073.8,39,1,4073.7,65,2,4073.4,26,3,4073.3,37,2,4075.0,7,1,4075.6,20,2,4075.7,33,2,4075.8,18,1,4075.9,99,2
11483,2026-07-02 09:22:24+05:30,4074.4,1,4084.61,86988,79267.0,105302.0,4100.0,4110.0,4072.2,4092.6,21815325,4501.8,3683.4,4440.0,3288.1,4074.0,25,1,4073.4,1,1,4073.1,1,1,4073.0,1,1,4072.4,12,1,4074.4,10,1,4074.5,34,3,4074.6,13,2,4074.7,15,2,4074.8,17,3
11483,2026-07-02 09:22:25+05:30,4074.7,1,4084.61,86988,79267.0,105302.0,4100.0,4110.0,4072.2,4092.6,21815325,4501.8,3683.4,4440.0,3288.1,4074.0,25,1,4073.4,1,1,4073.1,1,1,4073.0,1,1,4072.4,12,1,4074.4,10,1,4074.5,34,3,4074.6,13,2,4074.7,15,2,4074.8,17,3
11483,2026-07-02 09:22:26+05:30,4074.0,25,4084.6,87019,78852.0,105582.0,4100.0,4110.0,4072.2,4092.6,21815325,4501.8,3683.4,4440.0,3288.1,4073.4,1,1,4073.1,1,1,4072.3,1,1,4072.2,52,2,4072.1,22,2,4074.1,11,1,4074.2,24,4,4074.3,13,3,4074.4,10,3,4074.5,7,2
11483,2026-07-02 09:22:26+05:30,4074.0,1,4084.6,87019,78852.0,105582.0,4100.0,4110.0,4072.2,4092.6,21815325,4501.8,3683.4,4440.0,3288.1,4073.4,1,1,4073.1,1,1,4072.3,1,1,4072.2,52,2,4072.1,22,2,4074.1,11,1,4074.2,24,4,4074.3,13,3,4074.4,10,3,4074.5,7,2
11483,2026-07-02 09:22:27+05:30,4074.0,1,4084.6,87034,79134.0,105747.0,4100.0,4110.0,4072.2,4092.6,21815325,4501.8,3683.4,4440.0,3288.1,4073.4,1,1,4073.1,1,1,4072.3,1,1,4072.2,70,3,4072.1,37,2,4074.0,2,1,4074.2,7,1,4074.4,3,1,4074.5,17,1,4074.6,41,3
11483,2026-07-02 09:22:27+05:30,4074.4,1,4084.6,87034,79134.0,105747.0,4100.0,4110.0,4072.2,4092.6,21815325,4501.8,3683.4,4440.0,3288.1,4073.4,1,1,4073.1,1,1,4072.3,1,1,4072.2,70,3,4072.1,37,2,4074.0,2,1,4074.2,7,1,4074.4,3,1,4074.5,17,1,4074.6,41,3
11483,2026-07-02 09:22:28+05:30,4073.4,1,4084.6,87086,78840.0,106149.0,4100.0,4110.0,4072.2,4092.6,21815325,4501.8,3683.4,4440.0,3288.1,4073.1,1,1,4072.3,25,2,4072.2,52,2,4072.1,1,1,4072.0,526,27,4074.0,10,1,4074.1,17,3,4074.2,18,2,4074.3,30,3,4074.4,13,3
11483,2026-07-02 09:22:28+05:30,4072.2,1,4084.6,87086,78840.0,106149.0,4100.0,4110.0,4072.2,4092.6,21815325,4501.8,3683.4,4440.0,3288.1,4073.1,1,1,4072.3,25,2,4072.2,52,2,4072.1,1,1,4072.0,526,27,4074.0,10,1,4074.1,17,3,4074.2,18,2,4074.3,30,3,4074.4,13,3
11483,2026-07-02 09:22:29+05:30,4073.7,1,4084.59,87100,78702.0,106698.0,4100.0,4110.0,4072.2,4092.6,21815325,4501.8,3683.4,4440.0,3288.1,4073.1,1,1,4072.2,3,1,4072.1,42,2,4072.0,513,26,4071.7,101,2,4073.8,10,1,4073.9,29,5,4074.0,10,2,4074.1,7,2,4074.2,19,3
11483,2026-07-02 09:22:29+05:30,4073.7,1,4084.59,87100,78702.0,106698.0,4100.0,4110.0,4072.2,4092.6,21815325,4501.8,3683.4,4440.0,3288.1,4073.1,1,1,4072.2,3,1,4072.1,42,2,4072.0,513,26,4071.7,101,2,4073.8,10,1,4073.9,29,5,4074.0,10,2,4074.1,7,2,4074.2,19,3
11483,2026-07-02 09:22:30+05:30,4073.4,1,4084.58,87203,78590.0,107595.0,4100.0,4110.0,4072.2,4092.6,21815325,4501.8,3683.4,4440.0,3288.1,4072.2,3,1,4072.1,1,1,4072.0,513,26,4071.7,101,2,4071.6,5,1,4073.4,453,1,4073.7,12,2,4073.8,19,2,4074.0,75,4,4074.1,9,2
11483,2026-07-02 09:22:30+05:30,4073.4,5,4084.58,87203,78590.0,107595.0,4100.0,4110.0,4072.2,4092.6,21815325,4501.8,3683.4,4440.0,3288.1,4072.2,3,1,4072.1,1,1,4072.0,513,26,4071.7,101,2,4071.6,5,1,4073.4,453,1,4073.7,12,2,4073.8,19,2,4074.0,75,4,4074.1,9,2
11483,2026-07-02 09:22:31+05:30,4073.0,1,4084.56,87369,77682.0,106977.0,4100.0,4110.0,4072.2,4092.6,21815325,4501.8,3683.4,4440.0,3288.1,4072.2,3,1,4072.1,1,1,4072.0,514,27,4071.7,101,2,4071.6,14,2,4073.0,312,1,4073.5,6,1,4073.7,5,1,4073.9,50,1,4074.1,31,2
11483,2026-07-02 09:22:31+05:30,4072.0,78,4084.56,87369,77682.0,106977.0,4100.0,4110.0,4072.2,4092.6,21815325,4501.8,3683.4,4440.0,3288.1,4072.2,3,1,4072.1,1,1,4072.0,514,27,4071.7,101,2,4071.6,14,2,4073.0,312,1,4073.5,6,1,4073.7,5,1,4073.9,50,1,4074.1,31,2
11483,2026-07-02 09:22:32+05:30,4072.4,17,4084.52,87675,79117.0,106683.0,4100.0,4110.0,4072.0,4092.6,21815325,4501.8,3683.4,4440.0,3288.1,4072.3,37,3,4072.2,26,2,4072.1,52,3,4072.0,440,25,4071.9,42,2,4073.0,350,4,4073.9,50,1,4074.6,39,3,4074.7,80,2,4074.8,128,2
11483,2026-07-02 09:22:32+05:30,4073.0,4,4084.52,87675,79117.0,106683.0,4100.0,4110.0,4072.0,4092.6,21815325,4501.8,3683.4,4440.0,3288.1,4072.3,37,3,4072.2,26,2,4072.1,52,3,4072.0,440,25,4071.9,42,2,4073.0,350,4,4073.9,50,1,4074.6,39,3,4074.7,80,2,4074.8,128,2
11483,2026-07-02 09:22:33+05:30,4072.8,10,4084.52,87675,79117.0,106683.0,4100.0,4110.0,4072.0,4092.6,21815325,4501.8,3683.4,4440.0,3288.1,4072.8,19,1,4072.5,4,1,4072.4,141,4,4072.3,28,2,4072.2,54,4,4073.9,46,1,4075.0,50,1,4075.4,45,2,4075.5,19,2,4075.6,11,2
11483,2026-07-02 09:22:33+05:30,4072.8,10,4084.45,88211,80037.0,106328.0,4100.0,4110.0,4072.0,4092.6,21815325,4501.8,3683.4,4440.0,3288.1,4072.8,19,1,4072.5,4,1,4072.4,141,4,4072.3,28,2,4072.2,54,4,4073.9,46,1,4075.0,50,1,4075.4,45,2,4075.5,19,2,4075.6,11,2
11483,2026-07-02 09:22:34+05:30,4072.8,11,4084.45,88211,80037.0,106328.0,4100.0,4110.0,4072.0,4092.6,21815325,4501.8,3683.4,4440.0,3288.1,4072.8,19,1,4072.5,4,1,4072.4,141,4,4072.3,28,2,4072.2,54,4,4073.9,46,1,4075.0,50,1,4075.4,45,2,4075.5,19,2,4075.6,11,2
11483,2026-07-02 09:22:34+05:30,4072.5,9,4084.4,88531,79935.0,105927.0,4100.0,4110.0,4072.0,4092.6,21815325,4501.8,3683.4,4440.0,3288.1,4072.6,49,1,4072.5,65,4,4072.4,79,3,4072.3,6,1,4072.2,14,2,4073.9,46,1,4075.4,24,2,4075.5,13,1,4075.6,75,4,4075.7,61,1
11483,2026-07-02 09:22:35+05:30,4073.9,50,4084.4,88531,79935.0,105927.0,4100.0,4110.0,4072.0,4092.6,21815325,4501.8,3683.4,4440.0,3288.1,4072.6,49,1,4072.5,65,4,4072.4,79,3,4072.3,6,1,4072.2,14,2,4073.9,46,1,4075.4,24,2,4075.5,13,1,4075.6,75,4,4075.7,61,1
11483,2026-07-02 09:22:35+05:30,4073.0,90,4084.37,88761,80068.0,106055.0,4100.0,4110.0,4072.0,4092.6,21815325,4501.8,3683.4,4440.0,3288.1,4073.0,73,1,4072.6,69,2,4072.5,4,1,4072.4,103,4,4072.2,14,2,4073.9,50,1,4075.1,95,3,4075.2,97,4,4075.3,62,2,4075.4,31,2
11483,2026-07-02 09:22:36+05:30,4073.9,1,4084.37,88761,80068.0,106055.0,4100.0,4110.0,4072.0,4092.6,21815325,4501.8,3683.4,4440.0,3288.1,4073.0,73,1,4072.6,69,2,4072.5,4,1,4072.4,103,4,4072.2,14,2,4073.9,50,1,4075.1,95,3,4075.2,97,4,4075.3,62,2,4075.4,31,2
11483,2026-07-02 09:22:37+05:30,4073.9,7,4084.35,88951,79865.0,106144.0,4100.0,4110.0,4072.0,4092.6,21815325,4501.8,3683.4,4440.0,3288.1,4072.4,134,5,4072.1,67,3,4072.0,422,25,4071.9,42,2,4071.8,13,1,4073.9,40,1,4074.8,69,2,4074.9,34,2,4075.0,8,2,4075.1,35,2
11483,2026-07-02 09:22:37+05:30,4073.9,7,4084.35,88951,79865.0,106144.0,4100.0,4110.0,4072.0,4092.6,21815325,4501.8,3683.4,4440.0,3288.1,4072.4,134,5,4072.1,67,3,4072.0,422,25,4071.9,42,2,4071.8,13,1,4073.9,40,1,4074.8,69,2,4074.9,34,2,4075.0,8,2,4075.1,35,2
11483,2026-07-02 09:22:38+05:30,4073.9,1,4084.33,89132,80026.0,105667.0,4100.0,4110.0,4072.0,4092.6,21815325,4501.8,3683.4,4440.0,3288.1,4072.6,3,1,4072.5,55,3,4072.4,65,3,4072.3,19,1,4072.1,50,3,4073.9,39,1,4074.8,18,2,4074.9,13,1,4075.0,4,2,4075.1,11,2
11483,2026-07-02 09:22:38+05:30,4073.9,25,4084.33,89132,80026.0,105667.0,4100.0,4110.0,4072.0,4092.6,21815325,4501.8,3683.4,4440.0,3288.1,4072.6,3,1,4072.5,55,3,4072.4,65,3,4072.3,19,1,4072.1,50,3,4073.9,39,1,4074.8,18,2,4074.9,13,1,4075.0,4,2,4075.1,11,2
11483,2026-07-02 09:22:39+05:30,4072.2,52,4084.3,89337,79718.0,105886.0,4100.0,4110.0,4072.0,4092.6,21815325,4501.8,3683.4,4440.0,3288.1,4073.0,15,1,4072.4,35,1,4072.2,32,1,4072.1,64,2,4072.0,434,26,4073.9,14,1,4074.7,93,2,4074.8,52,3,4074.9,6,1,4075.0,4,2
11483,2026-07-02 09:22:39+05:30,4072.2,52,4084.3,89337,79718.0,105886.0,4100.0,4110.0,4072.0,4092.6,21815325,4501.8,3683.4,4440.0,3288.1,4073.0,15,1,4072.4,35,1,4072.2,32,1,4072.1,64,2,4072.0,434,26,4073.9,14,1,4074.7,93,2,4074.8,52,3,4074.9,6,1,4075.0,4,2
11483,2026-07-02 09:22:40+05:30,4072.0,42,4084.27,89517,79847.0,105818.0,4100.0,4110.0,4072.0,4092.6,21815325,4501.8,3683.4,4440.0,3288.1,4072.6,24,1,4072.5,154,6,4072.4,85,3,4072.2,44,2,4072.1,37,1,4073.9,14,1,4074.8,18,2,4075.0,4,2,4075.1,13,1,4075.4,33,2
11483,2026-07-02 09:22:40+05:30,4072.8,2,4084.27,89517,79847.0,105818.0,4100.0,4110.0,4072.0,4092.6,21815325,4501.8,3683.4,4440.0,3288.1,4072.6,24,1,4072.5,154,6,4072.4,85,3,4072.2,44,2,4072.1,37,1,4073.9,14,1,4074.8,18,2,4075.0,4,2,4075.1,13,1,4075.4,33,2
11483,2026-07-02 09:22:41+05:30,4072.4,19,4084.25,89699,79916.0,105819.0,4100.0,4110.0,4072.0,4092.6,21815325,4501.8,3683.4,4440.0,3288.1,4072.4,76,4,4072.2,79,3,4072.1,85,2,4072.0,430,27,4071.9,45,3,4073.9,14,1,4074.9,61,1,4075.0,43,3,4075.1,13,1,4075.3,23,2
11483,2026-07-02 09:22:41+05:30,4073.9,2,4084.25,89699,79916.0,105819.0,4100.0,4110.0,4072.0,4092.6,21815325,4501.8,3683.4,4440.0,3288.1,4072.4,76,4,4072.2,79,3,4072.1,85,2,4072.0,430,27,4071.9,45,3,4073.9,14,1,4074.9,61,1,4075.0,43,3,4075.1,13,1,4075.3,23,2
11483,2026-07-02 09:22:42+05:30,4073.9,18,4084.21,89982,79472.0,105834.0,4100.0,4110.0,4072.0,4092.6,21815325,4501.8,3683.4,4440.0,3288.1,4072.4,2,1,4072.0,349,24,4071.7,105,3,4071.6,27,4,4071.5,115,7,4073.9,67,2,4074.0,50,2,4074.1,38,3,4074.2,21,2,4074.3,21,2
11483,2026-07-02 09:22:42+05:30,4073.8,9,4084.21,89982,79472.0,105834.0,4100.0,4110.0,4072.0,4092.6,21815325,4501.8,3683.4,4440.0,3288.1,4072.4,2,1,4072.0,349,24,4071.7,105,3,4071.6,27,4,4071.5,115,7,4073.9,67,2,4074.0,50,2,4074.1,38,3,4074.2,21,2,4074.3,21,2
11483,2026-07-02 09:22:43+05:30,4072.0,2,4084.15,90458,79508.0,105793.0,4100.0,4110.0,4071.8,4092.6,21815325,4501.8,3683.4,4440.0,3288.1,4072.3,138,6,4072.2,8,1,4072.1,8,1,4072.0,206,2,4071.9,25,2,4074.0,6,1,4074.2,15,1,4074.3,15,1,4074.4,27,1,4074.6,19,1
11483,2026-07-02 09:22:43+05:30,4073.9,1,4084.15,90458,79508.0,105793.0,4100.0,4110.0,4071.8,4092.6,21815325,4501.8,3683.4,4440.0,3288.1,4072.3,138,6,4072.2,8,1,4072.1,8,1,4072.0,206,2,4071.9,25,2,4074.0,6,1,4074.2,15,1,4074.3,15,1,4074.4,27,1,4074.6,19,1
11483,2026-07-02 09:22:44+05:30,4073.6,5,4084.13,90651,79207.0,106412.0,4100.0,4110.0,4071.8,4092.6,21815325,4501.8,3683.4,4440.0,3288.1,4072.0,150,3,4071.9,5,1,4071.7,101,2,4071.6,5,1,4071.5,53,4,4073.5,4,1,4073.6,4,1,4073.7,16,1,4073.8,19,2,4073.9,12,2
11483,2026-07-02 09:22:44+05:30,4073.6,5,4084.13,90651,79207.0,106412.0,4100.0,4110.0,4071.8,4092.6,21815325,4501.8,3683.4,4440.0,3288.1,4072.0,150,3,4071.9,5,1,4071.7,101,2,4071.6,5,1,4071.5,53,4,4073.5,4,1,4073.6,4,1,4073.7,16,1,4073.8,19,2,4073.9,12,2
11483,2026-07-02 09:22:45+05:30,4072.4,8,4084.13,90651,79207.0,106412.0,4100.0,4110.0,4071.8,4092.6,21815325,4501.8,3683.4,4440.0,3288.1,4072.0,150,3,4071.9,5,1,4071.7,101,2,4071.6,5,1,4071.5,53,4,4073.5,4,1,4073.6,4,1,4073.7,16,1,4073.8,19,2,4073.9,12,2
11483,2026-07-02 09:22:45+05:30,4072.5,3,4084.07,91025,78031.0,107205.0,4100.0,4110.0,4071.1,4092.6,21815325,4501.8,3683.4,4440.0,3288.1,4071.1,28,3,4071.0,242,20,4070.8,22,1,4070.7,5,1,4070.6,24,2,4072.5,10,1,4072.6,16,1,4072.7,4,1,4072.8,66,3,4072.9,60,3
11483,2026-07-02 09:22:46+05:30,4073.0,16,4084.07,91025,78031.0,107205.0,4100.0,4110.0,4071.1,4092.6,21815325,4501.8,3683.4,4440.0,3288.1,4071.1,28,3,4071.0,242,20,4070.8,22,1,4070.7,5,1,4070.6,24,2,4072.5,10,1,4072.6,16,1,4072.7,4,1,4072.8,66,3,4072.9,60,3
11483,2026-07-02 09:22:46+05:30,4071.1,18,4084.03,91387,78648.0,106317.0,4100.0,4110.0,4071.1,4092.6,21815325,4501.8,3683.4,4440.0,3288.1,4071.6,24,1,4071.5,8,1,4071.3,34,1,4071.1,55,5,4071.0,242,20,4073.0,58,1,4073.5,3,1,4073.6,24,1,4073.7,48,1,4073.8,22,2
11483,2026-07-02 09:22:47+05:30,4073.0,25,4084.03,91387,78648.0,106317.0,4100.0,4110.0,4071.1,4092.6,21815325,4501.8,3683.4,4440.0,3288.1,4071.6,24,1,4071.5,8,1,4071.3,34,1,4071.1,55,5,4071.0,242,20,4073.0,58,1,4073.5,3,1,4073.6,24,1,4073.7,48,1,4073.8,22,2
11483,2026-07-02 09:22:47+05:30,4071.5,45,4083.99,91670,78500.0,105830.0,4100.0,4110.0,4071.1,4092.6,21815325,4501.8,3683.4,4440.0,3288.1,4071.6,8,1,4071.5,92,4,4071.4,32,2,4071.3,10,1,4071.2,22,2,4073.0,33,1,4073.7,13,1,4073.8,3,1,4073.9,62,3,4074.0,43,2
11483,2026-07-02 09:22:48+05:30,4073.0,22,4083.99,91670,78500.0,105830.0,4100.0,4110.0,4071.1,4092.6,21815325,4501.8,3683.4,4440.0,3288.1,4071.6,8,1,4071.5,92,4,4071.4,32,2,4071.3,10,1,4071.2,22,2,4073.0,33,1,4073.7,13,1,4073.8,3,1,4073.9,62,3,4074.0,43,2
11483,2026-07-02 09:22:49+05:30,4072.8,1,4083.96,91892,79249.0,105721.0,4100.0,4110.0,4071.1,4092.6,21815325,4501.8,3683.4,4440.0,3288.1,4071.9,37,1,4071.7,48,1,4071.6,63,3,4071.5,28,2,4071.3,44,2,4073.0,21,3,4073.8,9,2,4073.9,12,2,4074.0,30,1,4074.1,42,1
11483,2026-07-02 09:22:49+05:30,4073.0,49,4083.96,91892,79249.0,105721.0,4100.0,4110.0,4071.1,4092.6,21815325,4501.8,3683.4,4440.0,3288.1,4071.9,37,1,4071.7,48,1,4071.6,63,3,4071.5,28,2,4071.3,44,2,4073.0,21,3,4073.8,9,2,4073.9,12,2,4074.0,30,1,4074.1,42,1
11483,2026-07-02 09:22:50+05:30,4071.6,11,4083.93,92153,78959.0,106277.0,4100.0,4110.0,4071.1,4092.6,21815325,4501.8,3683.4,4440.0,3288.1,4071.6,8,1,4071.5,8,1,4071.3,30,2,4071.2,46,3,4071.1,3,2,4073.0,9,1,4073.5,32,3,4073.6,68,2,4073.7,74,3,4073.8,33,2
11483,2026-07-02 09:22:50+05:30,4071.6,11,4083.93,92153,78959.0,106277.0,4100.0,4110.0,4071.1,4092.6,21815325,4501.8,3683.4,4440.0,3288.1,4071.6,8,1,4071.5,8,1,4071.3,30,2,4071.2,46,3,4071.1,3,2,4073.0,9,1,4073.5,32,3,4073.6,68,2,4073.7,74,3,4073.8,33,2
11483,2026-07-02 09:22:51+05:30,4071.2,38,4083.9,92333,79017.0,106300.0,4100.0,4110.0,4071.1,4092.6,21815325,4501.8,3683.4,4440.0,3288.1,4071.4,8,1,4071.3,94,3,4071.2,17,2,4071.1,36,3,4071.0,604,23,4073.0,9,1,4073.5,61,2,4073.6,98,3,4073.7,61,2,4073.8,39,3
11483,2026-07-02 09:22:51+05:30,4071.4,2,4083.9,92333,79017.0,106300.0,4100.0,4110.0,4071.1,4092.6,21815325,4501.8,3683.4,4440.0,3288.1,4071.4,8,1,4071.3,94,3,4071.2,17,2,4071.1,36,3,4071.0,604,23,4073.0,9,1,4073.5,61,2,4073.6,98,3,4073.7,61,2,4073.8,39,3
11483,2026-07-02 09:22:52+05:30,4071.4,2,4083.9,92335,79204.0,106390.0,4100.0,4110.0,4071.1,4092.6,21815325,4501.8,3683.4,4440.0,3288.1,4071.4,8,1,4071.3,125,4,4071.2,8,1,4071.1,3,2,4071.0,592,22,4073.0,24,3,4073.3,18,1,4073.4,58,2,4073.5,48,1,4073.6,104,4
11483,2026-07-02 09:22:53+05:30,4072.3,1,4083.9,92377,78475.0,106497.0,4100.0,4110.0,4071.0,4092.6,21815325,4501.8,3683.4,4440.0,3288.1,4071.0,592,21,4070.9,5,1,4070.7,5,1,4070.6,24,2,4070.5,14,2,4072.5,46,2,4072.6,17,2,4072.7,19,2,4072.8,3,1,4072.9,21,2
11483,2026-07-02 09:22:53+05:30,4072.3,1,4083.9,92377,78475.0,106497.0,4100.0,4110.0,4071.0,4092.6,21815325,4501.8,3683.4,4440.0,3288.1,4071.0,592,21,4070.9,5,1,4070.7,5,1,4070.6,24,2,4070.5,14,2,4072.5,46,2,4072.6,17,2,4072.7,19,2,4072.8,3,1,4072.9,21,2
11483,2026-07-02 09:22:54+05:30,4071.0,15,4083.89,92446,78487.0,106824.0,4100.0,4110.0,4071.0,4092.6,21815325,4501.8,3683.4,4440.0,3288.1,4071.0,514,20,4070.9,20,1,4070.6,24,2,4070.5,14,2,4070.4,15,1,4072.2,13,1,4072.3,12,2,4072.4,86,3,4072.5,46,2,4072.6,32,3
11483,2026-07-02 09:22:54+05:30,4071.0,15,4083.89,92446,78487.0,106824.0,4100.0,4110.0,4071.0,4092.6,21815325,4501.8,3683.4,4440.0,3288.1,4071.0,514,20,4070.9,20,1,4070.6,24,2,4070.5,14,2,4070.4,15,1,4072.2,13,1,4072.3,12,2,4072.4,86,3,4072.5,46,2,4072.6,32,3
11483,2026-07-02 09:22:55+05:30,4072.3,1,4083.88,92469,78362.0,106772.0,4100.0,4110.0,4071.0,4092.6,21815325,4501.8,3683.4,4440.0,3288.1,4071.0,516,21,4070.9,20,1,4070.6,24,2,4070.5,14,2,4070.4,15,1,4072.3,10,1,4072.4,60,2,4072.5,46,2,4072.6,32,3,4072.7,19,2
11483,2026-07-02 09:22:55+05:30,4072.3,2,4083.88,92469,78362.0,106772.0,4100.0,4110.0,4071.0,4092.6,21815325,4501.8,3683.4,4440.0,3288.1,4071.0,516,21,4070.9,20,1,4070.6,24,2,4070.5,14,2,4070.4,15,1,4072.3,10,1,4072.4,60,2,4072.5,46,2,4072.6,32,3,4072.7,19,2
11483,2026-07-02 09:22:56+05:30,4073.0,4,4083.88,92516,78719.0,106697.0,4100.0,4110.0,4071.0,4092.6,21815325,4501.8,3683.4,4440.0,3288.1,4071.2,114,5,4071.1,48,2,4071.0,557,23,4070.9,40,2,4070.8,24,1,4073.0,159,6,4073.2,35,2,4073.5,30,2,4073.6,22,1,4073.7,30,2
11483,2026-07-02 09:22:56+05:30,4073.0,4,4083.88,92516,78719.0,106697.0,4100.0,4110.0,4071.0,4092.6,21815325,4501.8,3683.4,4440.0,3288.1,4071.2,114,5,4071.1,48,2,4071.0,557,23,4070.9,40,2,4070.8,24,1,4073.0,159,6,4073.2,35,2,4073.5,30,2,4073.6,22,1,4073.7,30,2
11483,2026-07-02 09:22:57+05:30,4071.4,10,4083.88,92516,78719.0,106697.0,4100.0,4110.0,4071.0,4092.6,21815325,4501.8,3683.4,4440.0,3288.1,4071.2,114,5,4071.1,48,2,4071.0,557,23,4070.9,40,2,4070.8,24,1,4073.0,159,6,4073.2,35,2,4073.5,30,2,4073.6,22,1,4073.7,30,2
11483,2026-07-02 09:22:57+05:30,4071.4,20,4083.87,92588,78843.0,106810.0,4100.0,4110.0,4071.0,4092.6,21815325,4501.8,3683.4,4440.0,3288.1,4071.0,568,24,4070.9,20,1,4070.6,111,6,4070.5,14,2,4070.4,39,2,4072.9,44,2,4073.0,155,5,4073.1,9,1,4073.2,51,2,4073.3,6,1
11483,2026-07-02 09:22:58+05:30,4071.2,4,4083.87,92588,78843.0,106810.0,4100.0,4110.0,4071.0,4092.6,21815325,4501.8,3683.4,4440.0,3288.1,4071.0,568,24,4070.9,20,1,4070.6,111,6,4070.5,14,2,4070.4,39,2,4072.9,44,2,4073.0,155,5,4073.1,9,1,4073.2,51,2,4073.3,6,1
11483,2026-07-02 09:22:58+05:30,4071.2,4,4083.87,92600,79244.0,106684.0,4100.0,4110.0,4071.0,4092.6,21815325,4501.8,3683.4,4440.0,3288.1,4072.3,50,1,4071.2,82,4,4071.0,537,23,4070.9,20,1,4070.6,70,5,4072.8,13,1,4072.9,34,3,4073.0,155,5,4073.1,11,1,4073.2,18,1
11483,2026-07-02 09:22:59+05:30,4072.0,21,4083.87,92600,79244.0,106684.0,4100.0,4110.0,4071.0,4092.6,21815325,4501.8,3683.4,4440.0,3288.1,4072.3,50,1,4071.2,82,4,4071.0,537,23,4070.9,20,1,4070.6,70,5,4072.8,13,1,4072.9,34,3,4073.0,155,5,4073.1,11,1,4073.2,18,1
11483,2026-07-02 09:23:00+05:30,4072.0,3,4083.8,93174,79206.0,106381.0,4100.0,4110.0,4071.0,4092.6,21815325,4501.8,3683.4,4440.0,3288.1,4071.5,22,1,4071.4,37,4,4071.2,51,3,4071.0,556,23,4070.9,20,1,4072.0,18,1,4073.0,65,2,4073.5,87,2,4073.6,87,4,4073.7,20,3
11483,2026-07-02 09:23:00+05:30,4072.0,20,4083.8,93174,79206.0,106381.0,4100.0,4110.0,4071.0,4092.6,21815325,4501.8,3683.4,4440.0,3288.1,4071.5,22,1,4071.4,37,4,4071.2,51,3,4071.0,556,23,4070.9,20,1,4072.0,18,1,4073.0,65,2,4073.5,87,2,4073.6,87,4,4073.7,20,3
11483,2026-07-02 09:23:00+05:30,4072.0,20,4083.8,93174,79206.0,106381.0,4100.0,4110.0,4071.0,4092.6,21815325,4501.8,3683.4,4440.0,3288.1,4071.5,22,1,4071.4,37,4,4071.2,51,3,4071.0,556,23,4070.9,20,1,4072.0,18,1,4073.0,65,2,4073.5,87,2,4073.6,87,4,4073.7,20,3
11483,2026-07-02 09:23:01+05:30,4072.0,15,4083.78,93357,80136.0,106060.0,4100.0,4110.0,4071.0,4092.6,21815325,4501.8,3683.4,4440.0,3288.1,4072.0,5,1,4071.6,96,4,4071.5,107,5,4071.4,8,3,4071.2,78,5,4073.0,65,2,4073.8,30,2,4073.9,75,3,4074.0,48,3,4074.1,61,1
11483,2026-07-02 09:23:01+05:30,4072.0,15,4083.78,93357,80136.0,106060.0,4100.0,4110.0,4071.0,4092.6,21815325,4501.8,3683.4,4440.0,3288.1,4072.0,5,1,4071.6,96,4,4071.5,107,5,4071.4,8,3,4071.2,78,5,4073.0,65,2,4073.8,30,2,4073.9,75,3,4074.0,48,3,4074.1,61,1
11483,2026-07-02 09:23:01+05:30,4072.0,15,4083.78,93357,80136.0,106060.0,4100.0,4110.0,4071.0,4092.6,21815325,4501.8,3683.4,4440.0,3288.1,4072.0,5,1,4071.6,96,4,4071.5,107,5,4071.4,8,3,4071.2,78,5,4073.0,65,2,4073.8,30,2,4073.9,75,3,4074.0,48,3,4074.1,61,1
11483,2026-07-02 09:23:01+05:30,4072.0,15,4083.78,93357,80136.0,106060.0,4100.0,4110.0,4071.0,4092.6,21815325,4501.8,3683.4,4440.0,3288.1,4072.0,5,1,4071.6,96,4,4071.5,107,5,4071.4,8,3,4071.2,78,5,4073.0,65,2,4073.8,30,2,4073.9,75,3,4074.0,48,3,4074.1,61,1
11483,2026-07-02 09:23:02+05:30,4072.0,15,4083.78,93357,79741.0,106121.0,4100.0,4110.0,4071.0,4092.6,21815325,4501.8,3683.4,4440.0,3288.1,4072.0,5,1,4071.7,24,1,4071.6,72,3,4071.5,66,3,4071.4,8,3,4072.3,5,1,4073.0,77,3,4073.8,3,1,4073.9,75,3,4074.0,48,3
11483,2026-07-02 09:23:02+05:30,4072.0,15,4083.78,93357,79741.0,106121.0,4100.0,4110.0,4071.0,4092.6,21815325,4501.8,3683.4,4440.0,3288.1,4072.0,5,1,4071.7,24,1,4071.6,72,3,4071.5,66,3,4071.4,8,3,4072.3,5,1,4073.0,77,3,4073.8,3,1,4073.9,75,3,4074.0,48,3
11483,2026-07-02 09:23:02+05:30,4071.6,10,4083.78,93357,79741.0,106121.0,4100.0,4110.0,4071.0,4092.6,21815325,4501.8,3683.4,4440.0,3288.1,4072.0,5,1,4071.7,24,1,4071.6,72,3,4071.5,66,3,4071.4,8,3,4072.3,5,1,4073.0,77,3,4073.8,3,1,4073.9,75,3,4074.0,48,3
11483,2026-07-02 09:23:03+05:30,4071.6,10,4083.78,93357,79741.0,106121.0,4100.0,4110.0,4071.0,4092.6,21815325,4501.8,3683.4,4440.0,3288.1,4072.0,5,1,4071.7,24,1,4071.6,72,3,4071.5,66,3,4071.4,8,3,4072.3,5,1,4073.0,77,3,4073.8,3,1,4073.9,75,3,4074.0,48,3
11483,2026-07-02 09:23:03+05:30,4072.0,20,4083.76,93479,79604.0,106373.0,4100.0,4110.0,4071.0,4092.6,21815325,4501.8,3683.4,4440.0,3288.1,4071.8,69,3,4071.7,28,3,4071.6,29,3,4071.5,68,3,4071.4,8,3,4073.0,77,3,4073.9,72,2,4074.0,48,3,4074.1,67,2,4074.2,93,2
11483,2026-07-02 09:23:03+05:30,4072.0,20,4083.76,93479,79604.0,106373.0,4100.0,4110.0,4071.0,4092.6,21815325,4501.8,3683.4,4440.0,3288.1,4071.8,69,3,4071.7,28,3,4071.6,29,3,4071.5,68,3,4071.4,8,3,4073.0,77,3,4073.9,72,2,4074.0,48,3,4074.1,67,2,4074.2,93,2
11483,2026-07-02 09:23:03+05:30,4073.0,1,4083.76,93479,79604.0,106373.0,4100.0,4110.0,4071.0,4092.6,21815325,4501.8,3683.4,4440.0,3288.1,4071.8,69,3,4071.7,28,3,4071.6,29,3,4071.5,68,3,4071.4,8,3,4073.0,77,3,4073.9,72,2,4074.0,48,3,4074.1,67,2,4074.2,93,2
11483,2026-07-02 09:23:03+05:30,4073.0,1,4083.76,93479,79604.0,106373.0,4100.0,4110.0,4071.0,4092.6,21830200,4501.8,3683.4,4440.0,3288.1,4071.8,69,3,4071.7,28,3,4071.6,29,3,4071.5,68,3,4071.4,8,3,4073.0,77,3,4073.9,72,2,4074.0,48,3,4074.1,67,2,4074.2,93,2
11483,2026-07-02 09:23:04+05:30,4073.0,1,4083.76,93479,79604.0,106373.0,4100.0,4110.0,4071.0,4092.6,21830200,4501.8,3683.4,4440.0,3288.1,4071.8,69,3,4071.7,28,3,4071.6,29,3,4071.5,68,3,4071.4,8,3,4073.0,77,3,4073.9,72,2,4074.0,48,3,4074.1,67,2,4074.2,93,2
11483,2026-07-02 09:23:04+05:30,4073.0,1,4083.76,93480,80252.0,106389.0,4100.0,4110.0,4071.0,4092.6,21830200,4501.8,3683.4,4440.0,3288.1,4072.2,14,1,4072.1,86,4,4072.0,20,1,4071.8,8,1,4071.7,42,2,4073.0,76,3,4073.9,9,1,4074.0,48,3,4074.1,61,1,4074.2,76,1
11483,2026-07-02 09:23:04+05:30,4073.0,1,4083.76,93480,80252.0,106389.0,4100.0,4110.0,4071.0,4092.6,21830200,4501.8,3683.4,4440.0,3288.1,4072.2,14,1,4072.1,86,4,4072.0,20,1,4071.8,8,1,4071.7,42,2,4073.0,76,3,4073.9,9,1,4074.0,48,3,4074.1,61,1,4074.2,76,1
11483,2026-07-02 09:23:04+05:30,4073.0,1,4083.76,93480,80252.0,106389.0,4100.0,4110.0,4071.0,4092.6,21830200,4501.8,3683.4,4440.0,3288.1,4072.2,14,1,4072.1,86,4,4072.0,20,1,4071.8,8,1,4071.7,42,2,4073.0,76,3,4073.9,9,1,4074.0,48,3,4074.1,61,1,4074.2,76,1
11483,2026-07-02 09:23:04+05:30,4073.0,1,4083.76,93480,80252.0,106389.0,4100.0,4110.0,4071.0,4092.6,21830200,4501.8,3683.4,4440.0,3288.1,4072.2,14,1,4072.1,86,4,4072.0,20,1,4071.8,8,1,4071.7,42,2,4073.0,76,3,4073.9,9,1,4074.0,48,3,4074.1,61,1,4074.2,76,1
11483,2026-07-02 09:23:05+05:30,4073.0,1,4083.76,93480,80252.0,106389.0,4100.0,4110.0,4071.0,4092.6,21830200,4501.8,3683.4,4440.0,3288.1,4072.2,14,1,4072.1,86,4,4072.0,20,1,4071.8,8,1,4071.7,42,2,4073.0,76,3,4073.9,9,1,4074.0,48,3,4074.1,61,1,4074.2,76,1
11483,2026-07-02 09:23:05+05:30,4072.2,4,4083.76,93495,80319.0,106079.0,4100.0,4110.0,4071.0,4092.6,21830200,4501.8,3683.4,4440.0,3288.1,4072.4,103,5,4072.3,5,1,4072.1,66,2,4072.0,64,3,4071.9,22,1,4073.0,65,3,4073.9,9,1,4074.0,34,2,4074.1,75,2,4074.2,76,1
11483,2026-07-02 09:23:05+05:30,4073.0,1,4083.76,93495,80319.0,106079.0,4100.0,4110.0,4071.0,4092.6,21830200,4501.8,3683.4,4440.0,3288.1,4072.4,103,5,4072.3,5,1,4072.1,66,2,4072.0,64,3,4071.9,22,1,4073.0,65,3,4073.9,9,1,4074.0,34,2,4074.1,75,2,4074.2,76,1
11483,2026-07-02 09:23:06+05:30,4072.6,5,4083.75,93565,80415.0,106121.0,4100.0,4110.0,4071.0,4092.6,21830200,4501.8,3683.4,4440.0,3288.1,4072.6,50,2,4072.4,13,2,4072.3,5,1,4072.1,36,3,4072.0,64,3,4073.0,75,2,4073.9,9,1,4074.0,34,2,4074.1,57,1,4074.2,76,1
11483,2026-07-02 09:23:06+05:30,4073.0,22,4083.75,93565,80415.0,106121.0,4100.0,4110.0,4071.0,4092.6,21830200,4501.8,3683.4,4440.0,3288.1,4072.6,50,2,4072.4,13,2,4072.3,5,1,4072.1,36,3,4072.0,64,3,4073.0,75,2,4073.9,9,1,4074.0,34,2,4074.1,57,1,4074.2,76,1
11483,2026-07-02 09:23:07+05:30,4073.0,1,4083.75,93599,80342.0,106169.0,4100.0,4110.0,4071.0,4092.6,21830200,4501.8,3683.4,4440.0,3288.1,4072.4,67,3,4072.3,5,1,4072.1,1,1,4072.0,45,3,4071.8,24,1,4073.0,72,3,4073.9,9,1,4074.0,34,2,4074.1,71,2,4074.2,76,1
11483,2026-07-02 09:23:07+05:30,4073.0,1,4083.75,93599,80342.0,106169.0,4100.0,4110.0,4071.0,4092.6,21830200,4501.8,3683.4,4440.0,3288.1,4072.4,67,3,4072.3,5,1,4072.1,1,1,4072.0,45,3,4071.8,24,1,4073.0,72,3,4073.9,9,1,4074.0,34,2,4074.1,71,2,4074.2,76,1
11483,2026-07-02 09:23:08+05:30,4073.0,1,4083.75,93599,80342.0,106169.0,4100.0,4110.0,4071.0,4092.6,21830200,4501.8,3683.4,4440.0,3288.1,4072.4,67,3,4072.3,5,1,4072.1,1,1,4072.0,45,3,4071.8,24,1,4073.0,72,3,4073.9,9,1,4074.0,34,2,4074.1,71,2,4074.2,76,1
11483,2026-07-02 09:23:08+05:30,4073.0,1,4083.75,93601,79777.0,106322.0,4100.0,4110.0,4071.0,4092.6,21830200,4501.8,3683.4,4440.0,3288.1,4072.3,46,3,4072.1,1,1,4072.0,1,1,4071.7,19,1,4071.6,52,3,4073.0,70,3,4073.6,10,1,4073.9,42,2,4074.0,40,3,4074.1,14,1
11483,2026-07-02 09:23:09+05:30,4073.0,1,4083.75,93601,79777.0,106322.0,4100.0,4110.0,4071.0,4092.6,21830200,4501.8,3683.4,4440.0,3288.1,4072.3,46,3,4072.1,1,1,4072.0,1,1,4071.7,19,1,4071.6,52,3,4073.0,70,3,4073.6,10,1,4073.9,42,2,4074.0,40,3,4074.1,14,1
11483,2026-07-02 09:23:09+05:30,4073.0,31,4083.72,93807,79841.0,106342.0,4100.0,4110.0,4071.0,4092.6,21830200,4501.8,3683.4,4440.0,3288.1,4072.3,48,5,4072.0,1,1,4071.8,1,1,4071.7,19,1,4071.6,31,3,4073.0,44,2,4073.9,17,2,4074.0,31,4,4074.1,33,2,4074.2,83,2
11483,2026-07-02 09:23:10+05:30,4073.0,1,4083.72,93807,79841.0,106342.0,4100.0,4110.0,4071.0,4092.6,21830200,4501.8,3683.4,4440.0,3288.1,4072.3,48,5,4072.0,1,1,4071.8,1,1,4071.7,19,1,4071.6,31,3,4073.0,44,2,4073.9,17,2,4074.0,31,4,4074.1,33,2,4074.2,83,2
11483,2026-07-02 09:23:11+05:30,4073.0,10,4083.72,93819,79995.0,106554.0,4100.0,4110.0,4071.0,4092.6,21830200,4501.8,3683.4,4440.0,3288.1,4072.3,48,5,4072.0,1,1,4071.8,1,1,4071.7,19,1,4071.6,31,3,4073.0,32,2,4073.7,31,1,4073.8,32,1,4073.9,42,3,4074.0,31,4
11483,2026-07-02 09:23:11+05:30,4073.0,1,4083.72,93819,79995.0,106554.0,4100.0,4110.0,4071.0,4092.6,21830200,4501.8,3683.4,4440.0,3288.1,4072.3,48,5,4072.0,1,1,4071.8,1,1,4071.7,19,1,4071.6,31,3,4073.0,32,2,4073.7,31,1,4073.8,32,1,4073.9,42,3,4074.0,31,4
11483,2026-07-02 09:23:11+05:30,4073.0,1,4083.72,93820,79865.0,106643.0,4100.0,4110.0,4071.0,4092.6,21830200,4501.8,3683.4,4440.0,3288.1,4072.3,17,4,4072.0,1,1,4071.8,1,1,4071.6,11,2,4071.5,22,1,4073.0,127,5,4073.1,6,1,4073.2,8,1,4073.3,3,1,4073.6,24,2
11483,2026-07-02 09:23:12+05:30,4073.0,1,4083.72,93820,79865.0,106643.0,4100.0,4110.0,4071.0,4092.6,21830200,4501.8,3683.4,4440.0,3288.1,4072.3,17,4,4072.0,1,1,4071.8,1,1,4071.6,11,2,4071.5,22,1,4073.0,127,5,4073.1,6,1,4073.2,8,1,4073.3,3,1,4073.6,24,2
11483,2026-07-02 09:23:13+05:30,4073.0,1,4083.72,93824,80277.0,106558.0,4100.0,4110.0,4071.0,4092.6,21830200,4501.8,3683.4,4440.0,3288.1,4072.3,15,4,4072.0,1,1,4071.8,1,1,4071.6,8,1,4071.5,22,1,4073.0,170,5,4073.1,6,1,4073.2,8,1,4073.3,3,1,4073.7,87,3
11483,2026-07-02 09:23:13+05:30,4073.0,5,4083.72,93824,80277.0,106558.0,4100.0,4110.0,4071.0,4092.6,21830200,4501.8,3683.4,4440.0,3288.1,4072.3,15,4,4072.0,1,1,4071.8,1,1,4071.6,8,1,4071.5,22,1,4073.0,170,5,4073.1,6,1,4073.2,8,1,4073.3,3,1,4073.7,87,3
11483,2026-07-02 09:23:14+05:30,4073.0,2,4083.68,94166,80108.0,107082.0,4100.0,4110.0,4071.0,4092.6,21830200,4501.8,3683.4,4440.0,3288.1,4072.2,19,1,4071.5,30,1,4071.3,8,1,4071.2,23,2,4071.1,36,2,4073.0,145,7,4073.1,6,1,4073.6,12,1,4073.7,118,4,4073.8,67,1
11483,2026-07-02 09:23:14+05:30,4072.2,1,4083.68,94166,80108.0,107082.0,4100.0,4110.0,4071.0,4092.6,21830200,4501.8,3683.4,4440.0,3288.1,4072.2,19,1,4071.5,30,1,4071.3,8,1,4071.2,23,2,4071.1,36,2,4073.0,145,7,4073.1,6,1,4073.6,12,1,4073.7,118,4,4073.8,67,1
11483,2026-07-02 09:23:15+05:30,4072.2,1,4083.67,94280,80172.0,107072.0,4100.0,4110.0,4071.0,4092.6,21830200,4501.8,3683.4,4440.0,3288.1,4072.2,18,1,4071.6,50,2,4071.5,31,2,4071.4,32,1,4071.3,8,1,4073.0,153,5,4073.6,21,1,4073.7,81,2,4073.8,67,1,4073.9,95,3
11483,2026-07-02 09:23:15+05:30,4072.2,1,4083.67,94280,80172.0,107072.0,4100.0,4110.0,4071.0,4092.6,21830200,4501.8,3683.4,4440.0,3288.1,4072.2,18,1,4071.6,50,2,4071.5,31,2,4071.4,32,1,4071.3,8,1,4073.0,153,5,4073.6,21,1,4073.7,81,2,4073.8,67,1,4073.9,95,3
11483,2026-07-02 09:23:16+05:30,4072.2,1,4083.67,94281,80288.0,106826.0,4100.0,4110.0,4071.0,4092.6,21830200,4501.8,3683.4,4440.0,3288.1,4072.7,30,3,4072.2,17,1,4072.1,24,1,4071.6,24,1,4071.5,33,2,4073.0,153,5,4073.6,21,1,4073.7,81,2,4073.8,67,1,4073.9,95,3
11483,2026-07-02 09:23:16+05:30,4072.7,1,4083.67,94281,80288.0,106826.0,4100.0,4110.0,4071.0,4092.6,21830200,4501.8,3683.4,4440.0,3288.1,4072.7,30,3,4072.2,17,1,4072.1,24,1,4071.6,24,1,4071.5,33,2,4073.0,153,5,4073.6,21,1,4073.7,81,2,4073.8,67,1,4073.9,95,3
11483,2026-07-02 09:23:17+05:30,4072.7,1,4083.67,94282,80284.0,106811.0,4100.0,4110.0,4071.0,4092.6,21830200,4501.8,3683.4,4440.0,3288.1,4072.7,30,3,4072.2,17,1,4072.0,44,2,4071.7,25,1,4071.6,24,1,4073.0,153,5,4073.6,21,1,4073.7,81,2,4073.8,67,1,4073.9,87,2
11483,2026-07-02 09:23:17+05:30,4072.7,1,4083.67,94282,80284.0,106811.0,4100.0,4110.0,4071.0,4092.6,21830200,4501.8,3683.4,4440.0,3288.1,4072.7,30,3,4072.2,17,1,4072.0,44,2,4071.7,25,1,4071.6,24,1,4073.0,153,5,4073.6,21,1,4073.7,81,2,4073.8,67,1,4073.9,87,2
11483,2026-07-02 09:23:18+05:30,4072.3,10,4083.45,96065,77551.0,106869.0,4100.0,4110.0,4070.8,4092.6,21830200,4501.8,3683.4,4440.0,3288.1,4070.6,76,4,4070.5,57,4,4070.4,9,1,4070.3,80,3,4070.2,28,5,4072.3,10,1,4072.6,51,2,4072.7,49,2,4072.8,50,4,4072.9,33,4
11483,2026-07-02 09:23:18+05:30,4070.6,1,4083.45,96065,77551.0,106869.0,4100.0,4110.0,4070.8,4092.6,21830200,4501.8,3683.4,4440.0,3288.1,4070.6,76,4,4070.5,57,4,4070.4,9,1,4070.3,80,3,4070.2,28,5,4072.3,10,1,4072.6,51,2,4072.7,49,2,4072.8,50,4,4072.9,33,4
11483,2026-07-02 09:23:19+05:30,4070.8,1,4083.44,96093,77885.0,107145.0,4100.0,4110.0,4070.6,4092.6,21830200,4501.8,3683.4,4440.0,3288.1,4070.8,60,4,4070.7,8,1,4070.6,67,3,4070.5,58,4,4070.4,45,3,4072.7,32,3,4072.8,34,3,4072.9,59,2,4073.0,47,2,4073.1,21,1
11483,2026-07-02 09:23:19+05:30,4070.8,1,4083.44,96093,77885.0,107145.0,4100.0,4110.0,4070.6,4092.6,21830200,4501.8,3683.4,4440.0,3288.1,4070.8,60,4,4070.7,8,1,4070.6,67,3,4070.5,58,4,4070.4,45,3,4072.7,32,3,4072.8,34,3,4072.9,59,2,4073.0,47,2,4073.1,21,1
11483,2026-07-02 09:23:20+05:30,4072.7,10,4083.44,96093,77885.0,107145.0,4100.0,4110.0,4070.6,4092.6,21830200,4501.8,3683.4,4440.0,3288.1,4070.8,60,4,4070.7,8,1,4070.6,67,3,4070.5,58,4,4070.4,45,3,4072.7,32,3,4072.8,34,3,4072.9,59,2,4073.0,47,2,4073.1,21,1
11483,2026-07-02 09:23:20+05:30,4072.7,10,4083.44,96104,77872.0,107306.0,4100.0,4110.0,4070.6,4092.6,21830200,4501.8,3683.4,4440.0,3288.1,4070.8,29,1,4070.7,8,1,4070.6,3,1,4070.5,49,3,4070.4,42,3,4072.6,64,1,4072.7,38,3,4072.8,71,5,4072.9,17,2,4073.0,41,1
11483,2026-07-02 09:23:21+05:30,4070.8,1,4083.44,96104,77872.0,107306.0,4100.0,4110.0,4070.6,4092.6,21830200,4501.8,3683.4,4440.0,3288.1,4070.8,29,1,4070.7,8,1,4070.6,3,1,4070.5,49,3,4070.4,42,3,4072.6,64,1,4072.7,38,3,4072.8,71,5,4072.9,17,2,4073.0,41,1
11483,2026-07-02 09:23:21+05:30,4072.6,1,4083.44,96116,78063.0,107237.0,4100.0,4110.0,4070.6,4092.6,21830200,4501.8,3683.4,4440.0,3288.1,4070.8,52,2,4070.7,64,4,4070.6,24,3,4070.5,49,3,4070.4,33,2,4072.6,63,1,4072.7,2,1,4072.8,31,3,4072.9,11,1,4073.0,41,1
11483,2026-07-02 09:23:22+05:30,4070.9,1,4083.44,96116,78063.0,107237.0,4100.0,4110.0,4070.6,4092.6,21830200,4501.8,3683.4,4440.0,3288.1,4070.8,52,2,4070.7,64,4,4070.6,24,3,4070.5,49,3,4070.4,33,2,4072.6,63,1,4072.7,2,1,4072.8,31,3,4072.9,11,1,4073.0,41,1
11483,2026-07-02 09:23:23+05:30,4072.6,1,4083.44,96168,78416.0,107075.0,4100.0,4110.0,4070.6,4092.6,21830200,4501.8,3683.4,4440.0,3288.1,4071.2,85,3,4071.1,8,1,4071.0,13,1,4070.9,45,1,4070.8,44,2,4072.8,31,3,4072.9,11,1,4073.0,41,1,4073.1,8,1,4073.2,4,1
11483,2026-07-02 09:23:23+05:30,4071.2,1,4083.44,96168,78416.0,107075.0,4100.0,4110.0,4070.6,4092.6,21830200,4501.8,3683.4,4440.0,3288.1,4071.2,85,3,4071.1,8,1,4071.0,13,1,4070.9,45,1,4070.8,44,2,4072.8,31,3,4072.9,11,1,4073.0,41,1,4073.1,8,1,4073.2,4,1
11483,2026-07-02 09:23:24+05:30,4071.2,16,4083.43,96186,78032.0,107444.0,4100.0,4110.0,4070.6,4092.6,21830200,4501.8,3683.4,4440.0,3288.1,4070.7,3,1,4070.6,3,1,4070.5,14,2,4070.4,32,2,4070.2,76,5,4072.6,14,1,4072.7,27,2,4072.8,71,4,4072.9,78,4,4073.0,57,2
11483,2026-07-02 09:23:24+05:30,4071.0,1,4083.43,96186,78032.0,107444.0,4100.0,4110.0,4070.6,4092.6,21830200,4501.8,3683.4,4440.0,3288.1,4070.7,3,1,4070.6,3,1,4070.5,14,2,4070.4,32,2,4070.2,76,5,4072.6,14,1,4072.7,27,2,4072.8,71,4,4072.9,78,4,4073.0,57,2
11483,2026-07-02 09:23:25+05:30,4071.0,1,4083.43,96189,77960.0,106753.0,4100.0,4110.0,4070.6,4092.6,21830200,4501.8,3683.4,4440.0,3288.1,4071.1,31,1,4071.0,58,3,4070.8,27,3,4070.7,3,1,4070.6,3,1,4072.7,65,2,4072.8,13,1,4072.9,11,1,4073.0,57,2,4073.2,25,3
11483,2026-07-02 09:23:25+05:30,4071.1,1,4083.43,96189,77960.0,106753.0,4100.0,4110.0,4070.6,4092.6,21830200,4501.8,3683.4,4440.0,3288.1,4071.1,31,1,4071.0,58,3,4070.8,27,3,4070.7,3,1,4070.6,3,1,4072.7,65,2,4072.8,13,1,4072.9,11,1,4073.0,57,2,4073.2,25,3
11483,2026-07-02 09:23:26+05:30,4072.7,7,4083.43,96218,78183.0,106886.0,4100.0,4110.0,4070.6,4092.6,21830200,4501.8,3683.4,4440.0,3288.1,4071.1,10,1,4071.0,58,3,4070.9,8,1,4070.8,10,2,4070.7,3,1,4072.7,57,2,4072.8,13,1,4072.9,11,1,4073.0,57,2,4073.2,11,2
11483,2026-07-02 09:23:26+05:30,4071.2,1,4083.43,96218,78183.0,106886.0,4100.0,4110.0,4070.6,4092.6,21830200,4501.8,3683.4,4440.0,3288.1,4071.1,10,1,4071.0,58,3,4070.9,8,1,4070.8,10,2,4070.7,3,1,4072.7,57,2,4072.8,13,1,4072.9,11,1,4073.0,57,2,4073.2,11,2
11483,2026-07-02 09:23:27+05:30,4071.2,1,4083.43,96219,78736.0,106926.0,4100.0,4110.0,4070.6,4092.6,21830200,4501.8,3683.4,4440.0,3288.1,4071.2,68,3,4071.0,12,2,4070.9,8,1,4070.8,63,5,4070.7,3,1,4072.7,71,3,4072.8,13,1,4072.9,11,1,4073.0,41,1,4073.2,4,1
11483,2026-07-02 09:23:27+05:30,4071.3,1,4083.43,96219,78736.0,106926.0,4100.0,4110.0,4070.6,4092.6,21830200,4501.8,3683.4,4440.0,3288.1,4071.2,68,3,4071.0,12,2,4070.9,8,1,4070.8,63,5,4070.7,3,1,4072.7,71,3,4072.8,13,1,4072.9,11,1,4073.0,41,1,4073.2,4,1
11483,2026-07-02 09:23:28+05:30,4072.7,20,4083.4,96453,80472.0,106767.0,4100.0,4110.0,4070.6,4092.6,21830200,4501.8,3683.4,4440.0,3288.1,4071.5,136,6,4071.4,21,1,4071.3,75,3,4071.2,60,2,4071.1,31,1,4072.7,46,2,4073.0,45,2,4073.3,3,1,4073.4,14,1,4073.5,6,1
11483,2026-07-02 09:23:28+05:30,4071.5,1,4083.4,96453,80472.0,106767.0,4100.0,4110.0,4070.6,4092.6,21830200,4501.8,3683.4,4440.0,3288.1,4071.5,136,6,4071.4,21,1,4071.3,75,3,4071.2,60,2,4071.1,31,1,4072.7,46,2,4073.0,45,2,4073.3,3,1,4073.4,14,1,4073.5,6,1
11483,2026-07-02 09:23:29+05:30,4071.5,1,4083.4,96454,80800.0,106816.0,4100.0,4110.0,4070.6,4092.6,21830200,4501.8,3683.4,4440.0,3288.1,4071.5,77,4,4071.4,21,1,4071.3,75,3,4071.2,60,2,4071.1,31,1,4072.7,46,2,4073.0,45,2,4073.3,3,1,4073.4,14,1,4073.5,33,2
11483,2026-07-02 09:23:29+05:30,4071.5,2,4083.4,96454,80800.0,106816.0,4100.0,4110.0,4070.6,4092.6,21830200,4501.8,3683.4,4440.0,3288.1,4071.5,77,4,4071.4,21,1,4071.3,75,3,4071.2,60,2,4071.1,31,1,4072.7,46,2,4073.0,45,2,4073.3,3,1,4073.4,14,1,4073.5,33,2
11483,2026-07-02 09:23:30+05:30,4072.6,1,4083.4,96469,80675.0,106902.0,4100.0,4110.0,4070.6,4092.6,21830200,4501.8,3683.4,4440.0,3288.1,4071.5,31,2,4071.2,1,1,4070.8,17,2,4070.7,73,3,4070.6,73,4,4072.6,17,1,4072.7,32,1,4072.9,17,1,4073.0,95,5,4073.1,22,2
11483,2026-07-02 09:23:30+05:30,4072.6,2,4083.4,96469,80675.0,106902.0,4100.0,4110.0,4070.6,4092.6,21830200,4501.8,3683.4,4440.0,3288.1,4071.5,31,2,4071.2,1,1,4070.8,17,2,4070.7,73,3,4070.6,73,4,4072.6,17,1,4072.7,32,1,4072.9,17,1,4073.0,95,5,4073.1,22,2
11483,2026-07-02 09:23:31+05:30,4071.5,1,4083.4,96476,80517.0,107031.0,4100.0,4110.0,4070.6,4092.6,21830200,4501.8,3683.4,4440.0,3288.1,4071.5,1,1,4071.2,31,2,4070.8,41,3,4070.7,4,2,4070.6,4,2,4072.6,29,2,4072.7,32,1,4073.0,95,5,4073.1,50,2,4073.3,15,1
11483,2026-07-02 09:23:31+05:30,4071.5,1,4083.4,96476,80517.0,107031.0,4100.0,4110.0,4070.6,4092.6,21830200,4501.8,3683.4,4440.0,3288.1,4071.5,1,1,4071.2,31,2,4070.8,41,3,4070.7,4,2,4070.6,4,2,4072.6,29,2,4072.7,32,1,4073.0,95,5,4073.1,50,2,4073.3,15,1
11483,2026-07-02 09:23:32+05:30,4071.5,1,4083.39,96497,80722.0,107082.0,4100.0,4110.0,4070.6,4092.6,21830200,4501.8,3683.4,4440.0,3288.1,4071.5,29,2,4071.2,25,2,4071.1,48,3,4071.0,101,2,4070.8,41,3,4072.6,12,1,4072.7,47,3,4073.0,45,2,4073.1,50,2,4073.3,15,1
11483,2026-07-02 09:23:32+05:30,4071.5,1,4083.39,96497,80722.0,107082.0,4100.0,4110.0,4070.6,4092.6,21830200,4501.8,3683.4,4440.0,3288.1,4071.5,29,2,4071.2,25,2,4071.1,48,3,4071.0,101,2,4070.8,41,3,4072.6,12,1,4072.7,47,3,4073.0,45,2,4073.1,50,2,4073.3,15,1
11483,2026-07-02 09:23:33+05:30,4071.5,1,4083.39,96497,80722.0,107082.0,4100.0,4110.0,4070.6,4092.6,21830200,4501.8,3683.4,4440.0,3288.1,4071.5,29,2,4071.2,25,2,4071.1,48,3,4071.0,101,2,4070.8,41,3,4072.6,12,1,4072.7,47,3,4073.0,45,2,4073.1,50,2,4073.3,15,1
11483,2026-07-02 09:23:33+05:30,4071.5,1,4083.39,96499,80647.0,107136.0,4100.0,4110.0,4070.6,4092.6,21830200,4501.8,3683.4,4440.0,3288.1,4071.4,20,1,4071.2,54,3,4071.1,31,2,4071.0,201,3,4070.8,41,3,4072.6,11,1,4072.7,47,3,4073.0,45,2,4073.1,36,1,4073.4,47,3
11483,2026-07-02 09:23:34+05:30,4071.4,1,4083.39,96499,80647.0,107136.0,4100.0,4110.0,4070.6,4092.6,21830200,4501.8,3683.4,4440.0,3288.1,4071.4,20,1,4071.2,54,3,4071.1,31,2,4071.0,201,3,4070.8,41,3,4072.6,11,1,4072.7,47,3,4073.0,45,2,4073.1,36,1,4073.4,47,3
11483,2026-07-02 09:23:34+05:30,4071.4,1,4083.39,96500,80656.0,107157.0,4100.0,4110.0,4070.6,4092.6,21830200,4501.8,3683.4,4440.0,3288.1,4071.4,19,1,4071.3,46,1,4071.2,54,3,4071.1,31,2,4071.0,201,3,4072.6,11,1,4072.7,47,3,4073.0,54,3,4073.1,36,1,4073.4,47,3
11483,2026-07-02 09:23:35+05:30,4071.4,1,4083.39,96500,80656.0,107157.0,4100.0,4110.0,4070.6,4092.6,21830200,4501.8,3683.4,4440.0,3288.1,4071.4,19,1,4071.3,46,1,4071.2,54,3,4071.1,31,2,4071.0,201,3,4072.6,11,1,4072.7,47,3,4073.0,54,3,4073.1,36,1,4073.4,47,3
11483,2026-07-02 09:23:35+05:30,4072.9,1,4083.37,96750,80878.0,106832.0,4100.0,4110.0,4070.6,4092.6,21830200,4501.8,3683.4,4440.0,3288.1,4071.5,111,4,4071.4,72,4,4071.3,69,4,4071.2,1,1,4071.1,49,2,4073.0,37,1,4073.6,66,2,4073.7,67,1,4073.8,67,1,4073.9,324,16
11483,2026-07-02 09:23:36+05:30,4071.6,1,4083.37,96750,80878.0,106832.0,4100.0,4110.0,4070.6,4092.6,21830200,4501.8,3683.4,4440.0,3288.1,4071.5,111,4,4071.4,72,4,4071.3,69,4,4071.2,1,1,4071.1,49,2,4073.0,37,1,4073.6,66,2,4073.7,67,1,4073.8,67,1,4073.9,324,16
11483,2026-07-02 09:23:37+05:30,4071.6,1,4083.36,96761,80797.0,106861.0,4100.0,4110.0,4070.6,4092.6,21830200,4501.8,3683.4,4440.0,3288.1,4071.6,104,4,4071.5,44,3,4071.4,84,4,4071.3,51,2,4071.2,45,4,4073.0,37,1,4073.6,21,1,4073.7,67,1,4073.8,67,1,4073.9,128,3
11483,2026-07-02 09:23:37+05:30,4071.7,1,4083.36,96761,80797.0,106861.0,4100.0,4110.0,4070.6,4092.6,21830200,4501.8,3683.4,4440.0,3288.1,4071.6,104,4,4071.5,44,3,4071.4,84,4,4071.3,51,2,4071.2,45,4,4073.0,37,1,4073.6,21,1,4073.7,67,1,4073.8,67,1,4073.9,128,3
11483,2026-07-02 09:23:38+05:30,4073.0,1,4083.36,96763,81821.0,106623.0,4100.0,4110.0,4070.6,4092.6,21830200,4501.8,3683.4,4440.0,3288.1,4072.6,1,1,4072.1,35,2,4072.0,28,1,4071.8,43,2,4071.7,57,2,4073.0,36,1,4073.6,23,2,4073.7,67,1,4073.8,67,1,4073.9,92,2
11483,2026-07-02 09:23:38+05:30,4073.0,1,4083.36,96763,81821.0,106623.0,4100.0,4110.0,4070.6,4092.6,21830200,4501.8,3683.4,4440.0,3288.1,4072.6,1,1,4072.1,35,2,4072.0,28,1,4071.8,43,2,4071.7,57,2,4073.0,36,1,4073.6,23,2,4073.7,67,1,4073.8,67,1,4073.9,92,2
11483,2026-07-02 09:23:39+05:30,4073.0,1,4083.36,96764,82102.0,106552.0,4100.0,4110.0,4070.6,4092.6,21830200,4501.8,3683.4,4440.0,3288.1,4072.6,161,5,4072.4,12,1,4072.3,14,1,4072.2,24,3,4072.1,11,1,4073.0,35,1,4073.6,23,2,4073.7,67,1,4073.8,67,1,4073.9,92,2
11483,2026-07-02 09:23:39+05:30,4073.0,1,4083.36,96764,82102.0,106552.0,4100.0,4110.0,4070.6,4092.6,21830200,4501.8,3683.4,4440.0,3288.1,4072.6,161,5,4072.4,12,1,4072.3,14,1,4072.2,24,3,4072.1,11,1,4073.0,35,1,4073.6,23,2,4073.7,67,1,4073.8,67,1,4073.9,92,2
11483,2026-07-02 09:23:40+05:30,4073.0,1,4083.36,96765,82069.0,106460.0,4100.0,4110.0,4070.6,4092.6,21830200,4501.8,3683.4,4440.0,3288.1,4072.6,161,5,4072.3,1,1,4072.2,39,3,4072.1,29,2,4072.0,71,3,4073.0,34,1,4073.6,23,2,4073.7,67,1,4073.8,67,1,4073.9,92,2
11483,2026-07-02 09:23:40+05:30,4072.6,1,4083.36,96765,82069.0,106460.0,4100.0,4110.0,4070.6,4092.6,21830200,4501.8,3683.4,4440.0,3288.1,4072.6,161,5,4072.3,1,1,4072.2,39,3,4072.1,29,2,4072.0,71,3,4073.0,34,1,4073.6,23,2,4073.7,67,1,4073.8,67,1,4073.9,92,2
11483,2026-07-02 09:23:41+05:30,4073.0,1,4083.36,96768,82153.0,106856.0,4100.0,4110.0,4070.6,4092.6,21830200,4501.8,3683.4,4440.0,3288.1,4072.6,128,2,4072.4,24,1,4072.3,1,1,4072.1,11,1,4072.0,52,2,4073.0,126,2,4073.6,90,3,4073.7,67,1,4073.8,67,1,4073.9,344,3
11483,2026-07-02 09:23:41+05:30,4073.0,6,4083.36,96768,82153.0,106856.0,4100.0,4110.0,4070.6,4092.6,21830200,4501.8,3683.4,4440.0,3288.1,4072.6,128,2,4072.4,24,1,4072.3,1,1,4072.1,11,1,4072.0,52,2,4073.0,126,2,4073.6,90,3,4073.7,67,1,4073.8,67,1,4073.9,344,3
11483,2026-07-02 09:23:42+05:30,4073.0,1,4083.36,96775,82434.0,106819.0,4100.0,4110.0,4070.6,4092.6,21830200,4501.8,3683.4,4440.0,3288.1,4072.6,153,4,4072.3,1,1,4072.2,1,1,4072.1,11,1,4072.0,52,2,4073.0,119,2,4073.6,90,3,4073.7,67,1,4073.8,67,1,4073.9,344,3
11483,2026-07-02 09:23:42+05:30,4073.0,1,4083.36,96775,82434.0,106819.0,4100.0,4110.0,4070.6,4092.6,21830200,4501.8,3683.4,4440.0,3288.1,4072.6,153,4,4072.3,1,1,4072.2,1,1,4072.1,11,1,4072.0,52,2,4073.0,119,2,4073.6,90,3,4073.7,67,1,4073.8,67,1,4073.9,344,3
11483,2026-07-02 09:23:43+05:30,4073.0,1,4083.36,96776,82581.0,106830.0,4100.0,4110.0,4070.6,4092.6,21830200,4501.8,3683.4,4440.0,3288.1,4072.6,153,4,4072.3,1,1,4072.2,1,1,4072.1,11,1,4072.0,52,2,4073.0,118,2,4073.6,90,3,4073.7,67,1,4073.8,67,1,4073.9,344,3
11483,2026-07-02 09:23:43+05:30,4073.0,1,4083.36,96776,82581.0,106830.0,4100.0,4110.0,4070.6,4092.6,21830200,4501.8,3683.4,4440.0,3288.1,4072.6,153,4,4072.3,1,1,4072.2,1,1,4072.1,11,1,4072.0,52,2,4073.0,118,2,4073.6,90,3,4073.7,67,1,4073.8,67,1,4073.9,344,3
11483,2026-07-02 09:23:44+05:30,4073.0,1,4083.36,96776,82581.0,106830.0,4100.0,4110.0,4070.6,4092.6,21830200,4501.8,3683.4,4440.0,3288.1,4072.6,153,4,4072.3,1,1,4072.2,1,1,4072.1,11,1,4072.0,52,2,4073.0,118,2,4073.6,90,3,4073.7,67,1,4073.8,67,1,4073.9,344,3
11483,2026-07-02 09:23:44+05:30,4073.0,1,4083.36,96777,82543.0,106845.0,4100.0,4110.0,4070.6,4092.6,21830200,4501.8,3683.4,4440.0,3288.1,4072.6,153,4,4072.3,1,1,4072.2,1,1,4072.1,11,1,4072.0,52,2,4073.0,119,3,4073.6,88,2,4073.7,67,1,4073.8,67,1,4073.9,344,3
11483,2026-07-02 09:23:45+05:30,4073.0,2,4083.36,96777,82543.0,106845.0,4100.0,4110.0,4070.6,4092.6,21830200,4501.8,3683.4,4440.0,3288.1,4072.6,153,4,4072.3,1,1,4072.2,1,1,4072.1,11,1,4072.0,52,2,4073.0,119,3,4073.6,88,2,4073.7,67,1,4073.8,67,1,4073.9,344,3
11483,2026-07-02 09:23:45+05:30,4073.0,3,4083.36,96805,82521.0,106901.0,4100.0,4110.0,4070.6,4092.6,21830200,4501.8,3683.4,4440.0,3288.1,4072.6,117,3,4072.4,24,1,4072.3,1,1,4072.2,1,1,4072.1,11,1,4073.0,103,3,4073.6,88,2,4073.7,67,1,4073.8,67,1,4073.9,344,3
11483,2026-07-02 09:23:46+05:30,4073.0,24,4083.36,96805,82521.0,106901.0,4100.0,4110.0,4070.6,4092.6,21830200,4501.8,3683.4,4440.0,3288.1,4072.6,117,3,4072.4,24,1,4072.3,1,1,4072.2,1,1,4072.1,11,1,4073.0,103,3,4073.6,88,2,4073.7,67,1,4073.8,67,1,4073.9,344,3
11483,2026-07-02 09:23:46+05:30,4073.0,24,4083.28,97543,83112.0,105684.0,4100.0,4110.0,4070.6,4092.6,21830200,4501.8,3683.4,4440.0,3288.1,4072.8,20,1,4072.7,56,3,4072.6,97,3,4072.5,10,1,4072.4,22,2,4073.0,8,1,4073.6,72,2,4073.7,67,1,4073.8,67,1,4073.9,330,2
11483,2026-07-02 09:23:47+05:30,4073.0,214,4083.28,97543,83112.0,105684.0,4100.0,4110.0,4070.6,4092.6,21830200,4501.8,3683.4,4440.0,3288.1,4072.8,20,1,4072.7,56,3,4072.6,97,3,4072.5,10,1,4072.4,22,2,4073.0,8,1,4073.6,72,2,4073.7,67,1,4073.8,67,1,4073.9,330,2
11483,2026-07-02 09:23:48+05:30,4073.0,1,4083.16,98675,83014.0,106167.0,4100.0,4110.0,4070.6,4092.6,21830200,4501.8,3683.4,4440.0,3288.1,4072.7,68,5,4072.6,89,2,4072.4,11,1,4072.3,13,1,4072.2,25,2,4073.0,61,1,4073.6,72,2,4073.7,67,1,4073.8,67,1,4073.9,330,2
11483,2026-07-02 09:23:48+05:30,4073.0,1,4083.16,98675,83014.0,106167.0,4100.0,4110.0,4070.6,4092.6,21830200,4501.8,3683.4,4440.0,3288.1,4072.7,68,5,4072.6,89,2,4072.4,11,1,4072.3,13,1,4072.2,25,2,4073.0,61,1,4073.6,72,2,4073.7,67,1,4073.8,67,1,4073.9,330,2
11483,2026-07-02 09:23:49+05:30,4072.7,19,4083.16,98702,82818.0,106247.0,4100.0,4110.0,4070.6,4092.6,21830200,4501.8,3683.4,4440.0,3288.1,4072.7,35,3,4072.6,89,2,4072.4,1,1,4072.3,1,1,4072.2,39,2,4073.0,73,2,4073.6,72,2,4073.7,67,1,4073.8,67,1,4073.9,330,2
11483,2026-07-02 09:23:49+05:30,4073.0,1,4083.16,98702,82818.0,106247.0,4100.0,4110.0,4070.6,4092.6,21830200,4501.8,3683.4,4440.0,3288.1,4072.7,35,3,4072.6,89,2,4072.4,1,1,4072.3,1,1,4072.2,39,2,4073.0,73,2,4073.6,72,2,4073.7,67,1,4073.8,67,1,4073.9,330,2
11483,2026-07-02 09:23:50+05:30,4073.0,1,4083.16,98703,82783.0,106655.0,4100.0,4110.0,4070.6,4092.6,21830200,4501.8,3683.4,4440.0,3288.1,4072.7,35,3,4072.6,97,3,4072.4,1,1,4072.3,1,1,4072.2,39,2,4073.0,72,2,4073.6,72,2,4073.7,67,1,4073.8,67,1,4073.9,330,2
11483,2026-07-02 09:23:50+05:30,4073.0,1,4083.16,98703,82783.0,106655.0,4100.0,4110.0,4070.6,4092.6,21830200,4501.8,3683.4,4440.0,3288.1,4072.7,35,3,4072.6,97,3,4072.4,1,1,4072.3,1,1,4072.2,39,2,4073.0,72,2,4073.6,72,2,4073.7,67,1,4073.8,67,1,4073.9,330,2
11483,2026-07-02 09:23:51+05:30,4073.0,1,4083.16,98749,82704.0,106386.0,4100.0,4110.0,4070.6,4092.6,21830200,4501.8,3683.4,4440.0,3288.1,4072.7,1,1,4072.6,150,5,4072.4,1,1,4072.3,1,1,4072.2,39,2,4073.0,65,2,4073.6,72,2,4073.7,67,1,4073.8,67,1,4073.9,330,2
11483,2026-07-02 09:23:51+05:30,4073.0,1,4083.16,98749,82704.0,106386.0,4100.0,4110.0,4070.6,4092.6,21830200,4501.8,3683.4,4440.0,3288.1,4072.7,1,1,4072.6,150,5,4072.4,1,1,4072.3,1,1,4072.2,39,2,4073.0,65,2,4073.6,72,2,4073.7,67,1,4073.8,67,1,4073.9,330,2
11483,2026-07-02 09:23:52+05:30,4073.0,1,4083.16,98750,82724.0,106687.0,4100.0,4110.0,4070.6,4092.6,21830200,4501.8,3683.4,4440.0,3288.1,4072.7,1,1,4072.6,150,5,4072.4,1,1,4072.3,1,1,4072.2,39,2,4073.0,89,4,4073.6,72,2,4073.7,67,1,4073.8,67,1,4073.9,330,2
11483,2026-07-02 09:23:52+05:30,4073.0,1,4083.16,98750,82724.0,106687.0,4100.0,4110.0,4070.6,4092.6,21830200,4501.8,3683.4,4440.0,3288.1,4072.7,1,1,4072.6,150,5,4072.4,1,1,4072.3,1,1,4072.2,39,2,4073.0,89,4,4073.6,72,2,4073.7,67,1,4073.8,67,1,4073.9,330,2
11483,2026-07-02 09:23:53+05:30,4073.0,8,4083.16,98760,82734.0,106663.0,4100.0,4110.0,4070.6,4092.6,21830200,4501.8,3683.4,4440.0,3288.1,4072.7,1,1,4072.6,150,5,4072.4,1,1,4072.3,1,1,4072.2,39,2,4073.0,64,3,4073.6,72,2,4073.7,67,1,4073.8,67,1,4073.9,330,2
11483,2026-07-02 09:23:53+05:30,4073.0,8,4083.16,98760,82734.0,106663.0,4100.0,4110.0,4070.6,4092.6,21830200,4501.8,3683.4,4440.0,3288.1,4072.7,1,1,4072.6,150,5,4072.4,1,1,4072.3,1,1,4072.2,39,2,4073.0,64,3,4073.6,72,2,4073.7,67,1,4073.8,67,1,4073.9,330,2
11483,2026-07-02 09:23:54+05:30,4073.0,1,4083.16,98762,82767.0,106707.0,4100.0,4110.0,4070.6,4092.6,21830200,4501.8,3683.4,4440.0,3288.1,4072.7,53,4,4072.6,89,2,4072.3,2,2,4072.2,24,1,4072.0,59,5,4073.0,62,3,4073.6,72,2,4073.7,67,1,4073.8,67,1,4073.9,330,2
11483,2026-07-02 09:23:54+05:30,4073.0,1,4083.16,98762,82767.0,106707.0,4100.0,4110.0,4070.6,4092.6,21830200,4501.8,3683.4,4440.0,3288.1,4072.7,53,4,4072.6,89,2,4072.3,2,2,4072.2,24,1,4072.0,59,5,4073.0,62,3,4073.6,72,2,4073.7,67,1,4073.8,67,1,4073.9,330,2
11483,2026-07-02 09:23:55+05:30,4073.0,1,4083.16,98762,82767.0,106707.0,4100.0,4110.0,4070.6,4092.6,21830200,4501.8,3683.4,4440.0,3288.1,4072.7,53,4,4072.6,89,2,4072.3,2,2,4072.2,24,1,4072.0,59,5,4073.0,62,3,4073.6,72,2,4073.7,67,1,4073.8,67,1,4073.9,330,2
11483,2026-07-02 09:23:55+05:30,4073.0,1,4083.15,98770,82816.0,106720.0,4100.0,4110.0,4070.6,4092.6,21830200,4501.8,3683.4,4440.0,3288.1,4072.7,53,4,4072.6,89,2,4072.3,2,2,4072.2,24,1,4072.0,51,4,4073.0,56,4,4073.6,72,2,4073.7,67,1,4073.8,67,1,4073.9,330,2
11483,2026-07-02 09:23:56+05:30,4073.0,3,4083.15,98770,82816.0,106720.0,4100.0,4110.0,4070.6,4092.6,21830200,4501.8,3683.4,4440.0,3288.1,4072.8,20,1,4072.7,27,1,4072.6,89,2,4072.3,2,2,4072.0,44,3,4073.0,51,4,4073.6,72,2,4073.7,67,1,4073.8,67,1,4073.9,330,2
11483,2026-07-02 09:23:56+05:30,4073.0,3,4083.15,98776,82732.0,106804.0,4100.0,4110.0,4070.6,4092.6,21830200,4501.8,3683.4,4440.0,3288.1,4072.8,20,1,4072.7,27,1,4072.6,89,2,4072.3,2,2,4072.0,44,3,4073.0,51,4,4073.6,72,2,4073.7,67,1,4073.8,67,1,4073.9,330,2
11483,2026-07-02 09:23:57+05:30,4072.8,10,4083.15,98789,82664.0,106695.0,4100.0,4110.0,4070.6,4092.6,21830200,4501.8,3683.4,4440.0,3288.1,4072.8,9,1,4072.7,27,1,4072.6,89,2,4072.3,2,2,4072.0,41,2,4073.0,39,3,4073.6,72,2,4073.7,67,1,4073.8,67,1,4073.9,330,2
11483,2026-07-02 09:23:57+05:30,4072.8,10,4083.15,98789,82664.0,106695.0,4100.0,4110.0,4070.6,4092.6,21830200,4501.8,3683.4,4440.0,3288.1,4072.8,9,1,4072.7,27,1,4072.6,89,2,4072.3,2,2,4072.0,41,2,4073.0,39,3,4073.6,72,2,4073.7,67,1,4073.8,67,1,4073.9,330,2
11483,2026-07-02 09:23:58+05:30,4073.0,1,4083.15,98789,82664.0,106695.0,4100.0,4110.0,4070.6,4092.6,21830200,4501.8,3683.4,4440.0,3288.1,4072.8,9,1,4072.7,27,1,4072.6,89,2,4072.3,2,2,4072.0,41,2,4073.0,39,3,4073.6,72,2,4073.7,67,1,4073.8,67,1,4073.9,330,2
11483,2026-07-02 09:23:58+05:30,4073.0,1,4083.14,98901,82649.0,106294.0,4100.0,4110.0,4070.6,4092.6,21830200,4501.8,3683.4,4440.0,3288.1,4072.6,117,3,4072.3,7,3,4072.0,65,3,4071.9,13,1,4071.7,62,2,4073.0,61,1,4073.6,74,4,4073.7,67,1,4073.8,99,2,4073.9,330,2
11483,2026-07-02 09:23:59+05:30,4073.0,2,4083.14,98901,82649.0,106294.0,4100.0,4110.0,4070.6,4092.6,21830200,4501.8,3683.4,4440.0,3288.1,4072.6,117,3,4072.3,7,3,4072.0,65,3,4071.9,13,1,4071.7,62,2,4073.0,61,1,4073.6,74,4,4073.7,67,1,4073.8,99,2,4073.9,330,2
11483,2026-07-02 09:23:59+05:30,4072.6,1,4083.14,98906,82688.0,106324.0,4100.0,4110.0,4070.6,4092.6,21830200,4501.8,3683.4,4440.0,3288.1,4072.6,115,3,4072.5,24,1,4072.3,7,3,4072.2,24,1,4072.1,47,1,4073.0,58,1,4073.6,74,4,4073.7,67,1,4073.8,67,1,4073.9,330,2
11483,2026-07-02 09:24:00+05:30,4073.0,3,4083.14,98906,82688.0,106324.0,4100.0,4110.0,4070.6,4092.6,21830200,4501.8,3683.4,4440.0,3288.1,4072.6,115,3,4072.5,24,1,4072.3,7,3,4072.2,24,1,4072.1,47,1,4073.0,58,1,4073.6,74,4,4073.7,67,1,4073.8,67,1,4073.9,330,2
11483,2026-07-02 09:24:01+05:30,4073.0,1,4083.14,98919,82687.0,106463.0,4100.0,4110.0,4070.6,4092.6,21830200,4501.8,3683.4,4440.0,3288.1,4072.6,133,5,4072.5,24,1,4072.3,6,2,4072.2,24,1,4072.0,47,4,4073.0,46,1,4073.6,74,4,4073.7,67,1,4073.8,67,1,4073.9,361,3
11483,2026-07-02 09:24:01+05:30,4073.0,1,4083.14,98919,82687.0,106463.0,4100.0,4110.0,4070.6,4092.6,21830200,4501.8,3683.4,4440.0,3288.1,4072.6,133,5,4072.5,24,1,4072.3,6,2,4072.2,24,1,4072.0,47,4,4073.0,46,1,4073.6,74,4,4073.7,67,1,4073.8,67,1,4073.9,361,3
11483,2026-07-02 09:24:01+05:30,4072.6,2,4083.14,98919,82687.0,106463.0,4100.0,4110.0,4070.6,4092.6,21830200,4501.8,3683.4,4440.0,3288.1,4072.6,133,5,4072.5,24,1,4072.3,6,2,4072.2,24,1,4072.0,47,4,4073.0,46,1,4073.6,74,4,4073.7,67,1,4073.8,67,1,4073.9,361,3
11483,2026-07-02 09:24:01+05:30,4072.6,2,4083.14,98919,82687.0,106463.0,4100.0,4110.0,4070.6,4092.6,21830200,4501.8,3683.4,4440.0,3288.1,4072.6,133,5,4072.5,24,1,4072.3,6,2,4072.2,24,1,4072.0,47,4,4073.0,46,1,4073.6,74,4,4073.7,67,1,4073.8,67,1,4073.9,361,3
11483,2026-07-02 09:24:02+05:30,4071.7,139,4083.11,99196,78423.0,105688.0,4100.0,4110.0,4070.6,4092.6,21830200,4501.8,3683.4,4440.0,3288.1,4071.6,40,1,4071.5,29,5,4071.4,10,1,4071.2,67,4,4071.1,19,1,4072.9,48,3,4073.0,49,2,4073.2,52,1,4073.3,22,2,4073.4,22,2
11483,2026-07-02 09:24:02+05:30,4071.7,139,4083.11,99196,78423.0,105688.0,4100.0,4110.0,4070.6,4092.6,21830200,4501.8,3683.4,4440.0,3288.1,4071.6,40,1,4071.5,29,5,4071.4,10,1,4071.2,67,4,4071.1,19,1,4072.9,48,3,4073.0,49,2,4073.2,52,1,4073.3,22,2,4073.4,22,2
11483,2026-07-02 09:24:02+05:30,4069.7,6,4083.11,99196,78423.0,105688.0,4100.0,4110.0,4070.6,4092.6,21830200,4501.8,3683.4,4440.0,3288.1,4071.6,40,1,4071.5,29,5,4071.4,10,1,4071.2,67,4,4071.1,19,1,4072.9,48,3,4073.0,49,2,4073.2,52,1,4073.3,22,2,4073.4,22,2
11483,2026-07-02 09:24:03+05:30,4069.7,6,4083.11,99196,78423.0,105688.0,4100.0,4110.0,4070.6,4092.6,21830200,4501.8,3683.4,4440.0,3288.1,4071.6,40,1,4071.5,29,5,4071.4,10,1,4071.2,67,4,4071.1,19,1,4072.9,48,3,4073.0,49,2,4073.2,52,1,4073.3,22,2,4073.4,22,2
11483,2026-07-02 09:24:03+05:30,4068.6,2,4082.58,103329,74240.0,107640.0,4100.0,4110.0,4068.0,4092.6,21830200,4501.8,3683.4,4440.0,3288.1,4068.6,2,1,4068.1,51,1,4068.0,14,1,4067.8,13,1,4067.7,33,2,4069.8,27,1,4069.9,27,1,4070.0,27,1,4070.3,33,1,4070.4,19,2
11483,2026-07-02 09:24:03+05:30,4068.6,2,4082.58,103329,74240.0,107640.0,4100.0,4110.0,4068.0,4092.6,21830200,4501.8,3683.4,4440.0,3288.1,4068.6,2,1,4068.1,51,1,4068.0,14,1,4067.8,13,1,4067.7,33,2,4069.8,27,1,4069.9,27,1,4070.0,27,1,4070.3,33,1,4070.4,19,2
11483,2026-07-02 09:24:03+05:30,4069.8,10,4082.58,103329,74240.0,107640.0,4100.0,4110.0,4068.0,4092.6,21830200,4501.8,3683.4,4440.0,3288.1,4068.6,2,1,4068.1,51,1,4068.0,14,1,4067.8,13,1,4067.7,33,2,4069.8,27,1,4069.9,27,1,4070.0,27,1,4070.3,33,1,4070.4,19,2
11483,2026-07-02 09:24:03+05:30,4069.8,10,4082.58,103329,74240.0,107640.0,4100.0,4110.0,4068.0,4092.6,21830200,4501.8,3683.4,4440.0,3288.1,4068.6,2,1,4068.1,51,1,4068.0,14,1,4067.8,13,1,4067.7,33,2,4069.8,27,1,4069.9,27,1,4070.0,27,1,4070.3,33,1,4070.4,19,2
11483,2026-07-02 09:24:04+05:30,4069.8,10,4082.58,103329,74240.0,107640.0,4100.0,4110.0,4068.0,4092.6,21830200,4501.8,3683.4,4440.0,3288.1,4068.6,2,1,4068.1,51,1,4068.0,14,1,4067.8,13,1,4067.7,33,2,4069.8,27,1,4069.9,27,1,4070.0,27,1,4070.3,33,1,4070.4,19,2
11483,2026-07-02 09:24:04+05:30,4069.8,10,4082.58,103329,74240.0,107640.0,4100.0,4110.0,4068.0,4092.6,21862925,4501.8,3683.4,4440.0,3288.1,4068.6,2,1,4068.1,51,1,4068.0,14,1,4067.8,13,1,4067.7,33,2,4069.8,27,1,4069.9,27,1,4070.0,27,1,4070.3,33,1,4070.4,19,2
11483,2026-07-02 09:24:04+05:30,4069.0,6,4082.53,103712,74149.0,107901.0,4100.0,4110.0,4068.0,4092.6,21862925,4501.8,3683.4,4440.0,3288.1,4067.6,1,1,4067.5,1,1,4067.3,20,1,4067.0,32,4,4066.8,12,1,4069.0,32,4,4069.1,70,2,4069.2,6,1,4069.3,79,4,4069.4,36,3
11483,2026-07-02 09:24:04+05:30,4069.0,6,4082.53,103712,74149.0,107901.0,4100.0,4110.0,4068.0,4092.6,21862925,4501.8,3683.4,4440.0,3288.1,4067.6,1,1,4067.5,1,1,4067.3,20,1,4067.0,32,4,4066.8,12,1,4069.0,32,4,4069.1,70,2,4069.2,6,1,4069.3,79,4,4069.4,36,3
11483,2026-07-02 09:24:04+05:30,4067.3,20,4082.53,103712,74149.0,107901.0,4100.0,4110.0,4068.0,4092.6,21862925,4501.8,3683.4,4440.0,3288.1,4067.6,1,1,4067.5,1,1,4067.3,20,1,4067.0,32,4,4066.8,12,1,4069.0,32,4,4069.1,70,2,4069.2,6,1,4069.3,79,4,4069.4,36,3
11483,2026-07-02 09:24:05+05:30,4067.3,20,4082.53,103712,74149.0,107901.0,4100.0,4110.0,4068.0,4092.6,21862925,4501.8,3683.4,4440.0,3288.1,4067.6,1,1,4067.5,1,1,4067.3,20,1,4067.0,32,4,4066.8,12,1,4069.0,32,4,4069.1,70,2,4069.2,6,1,4069.3,79,4,4069.4,36,3
11483,2026-07-02 09:24:05+05:30,4068.4,3,4082.52,103859,75439.0,106236.0,4100.0,4110.0,4067.0,4092.6,21862925,4501.8,3683.4,4440.0,3288.1,4068.3,10,1,4068.2,45,1,4068.1,11,1,4067.8,3,1,4067.7,5,2,4070.1,88,6,4070.2,35,4,4070.3,12,3,4070.4,39,3,4070.7,65,3
11483,2026-07-02 09:24:05+05:30,4068.4,3,4082.52,103859,75439.0,106236.0,4100.0,4110.0,4067.0,4092.6,21862925,4501.8,3683.4,4440.0,3288.1,4068.3,10,1,4068.2,45,1,4068.1,11,1,4067.8,3,1,4067.7,5,2,4070.1,88,6,4070.2,35,4,4070.3,12,3,4070.4,39,3,4070.7,65,3
11483,2026-07-02 09:24:05+05:30,4068.2,29,4082.52,103859,75439.0,106236.0,4100.0,4110.0,4067.0,4092.6,21862925,4501.8,3683.4,4440.0,3288.1,4068.3,10,1,4068.2,45,1,4068.1,11,1,4067.8,3,1,4067.7,5,2,4070.1,88,6,4070.2,35,4,4070.3,12,3,4070.4,39,3,4070.7,65,3
11483,2026-07-02 09:24:05+05:30,4068.2,29,4082.52,103859,75439.0,106236.0,4100.0,4110.0,4067.0,4092.6,21862925,4501.8,3683.4,4440.0,3288.1,4068.3,10,1,4068.2,45,1,4068.1,11,1,4067.8,3,1,4067.7,5,2,4070.1,88,6,4070.2,35,4,4070.3,12,3,4070.4,39,3,4070.7,65,3
11483,2026-07-02 09:24:06+05:30,4070.1,67,4082.49,104024,74141.0,107473.0,4100.0,4110.0,4067.0,4092.6,21862925,4501.8,3683.4,4440.0,3288.1,4067.7,2,1,4067.5,7,1,4067.4,23,2,4067.3,3,1,4067.2,16,2,4069.3,66,7,4069.4,15,3,4069.5,11,2,4069.6,24,2,4069.7,37,3
11483,2026-07-02 09:24:06+05:30,4069.2,3,4082.49,104024,74141.0,107473.0,4100.0,4110.0,4067.0,4092.6,21862925,4501.8,3683.4,4440.0,3288.1,4067.7,2,1,4067.5,7,1,4067.4,23,2,4067.3,3,1,4067.2,16,2,4069.3,66,7,4069.4,15,3,4069.5,11,2,4069.6,24,2,4069.7,37,3
11483,2026-07-02 09:24:07+05:30,4070.0,47,4082.48,104118,75976.0,106798.0,4100.0,4110.0,4067.0,4092.6,21862925,4501.8,3683.4,4440.0,3288.1,4068.5,46,1,4068.4,22,1,4068.2,21,1,4068.1,3,1,4068.0,15,2,4070.1,27,3,4070.2,49,3,4070.3,11,2,4070.4,25,2,4070.5,23,2
11483,2026-07-02 09:24:07+05:30,4070.0,47,4082.48,104118,75976.0,106798.0,4100.0,4110.0,4067.0,4092.6,21862925,4501.8,3683.4,4440.0,3288.1,4068.5,46,1,4068.4,22,1,4068.2,21,1,4068.1,3,1,4068.0,15,2,4070.1,27,3,4070.2,49,3,4070.3,11,2,4070.4,25,2,4070.5,23,2
11483,2026-07-02 09:24:08+05:30,4069.8,2,4082.47,104263,75809.0,107538.0,4100.0,4110.0,4067.0,4092.6,21862925,4501.8,3683.4,4440.0,3288.1,4068.2,45,1,4068.1,21,1,4068.0,21,1,4067.9,21,1,4067.8,48,3,4070.0,48,5,4070.1,39,4,4070.2,109,6,4070.3,20,4,4070.4,48,4
11483,2026-07-02 09:24:08+05:30,4069.8,2,4082.47,104263,75809.0,107538.0,4100.0,4110.0,4067.0,4092.6,21862925,4501.8,3683.4,4440.0,3288.1,4068.2,45,1,4068.1,21,1,4068.0,21,1,4067.9,21,1,4067.8,48,3,4070.0,48,5,4070.1,39,4,4070.2,109,6,4070.3,20,4,4070.4,48,4
11483,2026-07-02 09:24:09+05:30,4070.2,27,4082.47,104263,75809.0,107538.0,4100.0,4110.0,4067.0,4092.6,21862925,4501.8,3683.4,4440.0,3288.1,4068.2,45,1,4068.1,21,1,4068.0,21,1,4067.9,21,1,4067.8,48,3,4070.0,48,5,4070.1,39,4,4070.2,109,6,4070.3,20,4,4070.4,48,4
11483,2026-07-02 09:24:09+05:30,4070.2,27,4082.45,104354,76166.0,107363.0,4100.0,4110.0,4067.0,4092.6,21862925,4501.8,3683.4,4440.0,3288.1,4068.5,14,1,4068.4,46,2,4068.3,61,3,4068.1,21,1,4068.0,34,2,4070.1,27,3,4070.2,29,4,4070.3,54,2,4070.4,30,3,4070.5,23,2
11483,2026-07-02 09:24:10+05:30,4070.0,4,4082.45,104354,76166.0,107363.0,4100.0,4110.0,4067.0,4092.6,21862925,4501.8,3683.4,4440.0,3288.1,4068.5,14,1,4068.4,46,2,4068.3,61,3,4068.1,21,1,4068.0,34,2,4070.1,27,3,4070.2,29,4,4070.3,54,2,4070.4,30,3,4070.5,23,2
11483,2026-07-02 09:24:10+05:30,4070.0,4,4082.43,104515,76801.0,106611.0,4100.0,4110.0,4067.0,4092.6,21862925,4501.8,3683.4,4440.0,3288.1,4069.0,23,2,4068.9,14,1,4068.8,6,1,4068.7,14,1,4068.6,60,3,4070.1,96,1,4070.2,87,3,4070.3,67,1,4070.4,72,2,4070.7,23,3
11483,2026-07-02 09:24:11+05:30,4070.1,5,4082.43,104515,76801.0,106611.0,4100.0,4110.0,4067.0,4092.6,21862925,4501.8,3683.4,4440.0,3288.1,4069.0,23,2,4068.9,14,1,4068.8,6,1,4068.7,14,1,4068.6,60,3,4070.1,96,1,4070.2,87,3,4070.3,67,1,4070.4,72,2,4070.7,23,3
11483,2026-07-02 09:24:12+05:30,4070.1,5,4082.42,104611,77006.0,106599.0,4100.0,4110.0,4067.0,4092.6,21862925,4501.8,3683.4,4440.0,3288.1,4068.9,14,1,4068.8,17,2,4068.7,33,2,4068.6,60,3,4068.5,14,1,4070.1,28,3,4070.2,68,2,4070.3,67,1,4070.4,67,1,4070.7,35,3
11483,2026-07-02 09:24:12+05:30,4068.1,25,4082.42,104611,77006.0,106599.0,4100.0,4110.0,4067.0,4092.6,21862925,4501.8,3683.4,4440.0,3288.1,4068.9,14,1,4068.8,17,2,4068.7,33,2,4068.6,60,3,4068.5,14,1,4070.1,28,3,4070.2,68,2,4070.3,67,1,4070.4,67,1,4070.7,35,3
11483,2026-07-02 09:24:12+05:30,4068.1,25,4082.38,104942,76532.0,106740.0,4100.0,4110.0,4067.0,4092.6,21862925,4501.8,3683.4,4440.0,3288.1,4068.6,56,3,4068.5,9,1,4068.1,28,1,4068.0,13,1,4067.9,9,1,4070.1,39,2,4070.2,75,3,4070.3,67,1,4070.4,67,1,4070.6,6,1
11483,2026-07-02 09:24:13+05:30,4070.1,90,4082.38,104942,76532.0,106740.0,4100.0,4110.0,4067.0,4092.6,21862925,4501.8,3683.4,4440.0,3288.1,4068.6,56,3,4068.5,9,1,4068.1,28,1,4068.0,13,1,4067.9,9,1,4070.1,39,2,4070.2,75,3,4070.3,67,1,4070.4,67,1,4070.6,6,1
11483,2026-07-02 09:24:14+05:30,4070.1,1,4082.37,105039,77039.0,106726.0,4100.0,4110.0,4067.0,4092.6,21862925,4501.8,3683.4,4440.0,3288.1,4069.0,1,1,4068.8,3,1,4068.6,63,3,4068.1,41,2,4068.0,13,1,4070.1,63,1,4070.2,80,3,4070.3,74,2,4070.4,82,2,4070.6,22,2
11483,2026-07-02 09:24:14+05:30,4070.2,36,4082.37,105039,77039.0,106726.0,4100.0,4110.0,4067.0,4092.6,21862925,4501.8,3683.4,4440.0,3288.1,4069.0,1,1,4068.8,3,1,4068.6,63,3,4068.1,41,2,4068.0,13,1,4070.1,63,1,4070.2,80,3,4070.3,74,2,4070.4,82,2,4070.6,22,2
11483,2026-07-02 09:24:15+05:30,4070.0,1,4082.36,105140,76862.0,106758.0,4100.0,4110.0,4067.0,4092.6,21862925,4501.8,3683.4,4440.0,3288.1,4069.0,2,2,4068.1,87,3,4068.0,55,2,4067.8,3,1,4067.7,2,1,4070.0,64,1,4070.1,44,3,4070.2,77,4,4070.3,83,4,4070.4,82,2
11483,2026-07-02 09:24:15+05:30,4070.0,3,4082.36,105140,76862.0,106758.0,4100.0,4110.0,4067.0,4092.6,21862925,4501.8,3683.4,4440.0,3288.1,4069.0,2,2,4068.1,87,3,4068.0,55,2,4067.8,3,1,4067.7,2,1,4070.0,64,1,4070.1,44,3,4070.2,77,4,4070.3,83,4,4070.4,82,2
11483,2026-07-02 09:24:16+05:30,4070.0,1,4082.35,105236,76817.0,106378.0,4100.0,4110.0,4067.0,4092.6,21862925,4501.8,3683.4,4440.0,3288.1,4069.0,2,2,4068.2,47,2,4068.1,34,3,4068.0,13,1,4067.8,3,1,4070.0,71,3,4070.1,26,2,4070.2,81,4,4070.3,74,2,4070.4,122,6
11483,2026-07-02 09:24:16+05:30,4070.0,19,4082.35,105236,76817.0,106378.0,4100.0,4110.0,4067.0,4092.6,21862925,4501.8,3683.4,4440.0,3288.1,4069.0,2,2,4068.2,47,2,4068.1,34,3,4068.0,13,1,4067.8,3,1,4070.0,71,3,4070.1,26,2,4070.2,81,4,4070.3,74,2,4070.4,122,6
11483,2026-07-02 09:24:17+05:30,4070.0,27,4082.33,105417,76956.0,106480.0,4100.0,4110.0,4067.0,4092.6,21862925,4501.8,3683.4,4440.0,3288.1,4069.0,2,2,4068.2,6,1,4068.1,34,3,4068.0,14,2,4067.8,3,1,4070.0,38,1,4070.1,26,2,4070.2,93,5,4070.3,83,4,4070.4,100,3
11483,2026-07-02 09:24:17+05:30,4070.0,27,4082.33,105417,76956.0,106480.0,4100.0,4110.0,4067.0,4092.6,21862925,4501.8,3683.4,4440.0,3288.1,4069.0,2,2,4068.2,6,1,4068.1,34,3,4068.0,14,2,4067.8,3,1,4070.0,38,1,4070.1,26,2,4070.2,93,5,4070.3,83,4,4070.4,100,3
11483,2026-07-02 09:24:18+05:30,4070.0,90,4082.31,105509,76669.0,106171.0,4100.0,4110.0,4067.0,4092.6,21862925,4501.8,3683.4,4440.0,3288.1,4069.0,1,1,4068.5,40,1,4068.2,6,1,4068.1,34,3,4068.0,27,3,4070.0,65,1,4070.1,26,2,4070.2,105,6,4070.3,74,2,4070.4,73,2
11483,2026-07-02 09:24:18+05:30,4070.0,1,4082.31,105509,76669.0,106171.0,4100.0,4110.0,4067.0,4092.6,21862925,4501.8,3683.4,4440.0,3288.1,4069.0,1,1,4068.5,40,1,4068.2,6,1,4068.1,34,3,4068.0,27,3,4070.0,65,1,4070.1,26,2,4070.2,105,6,4070.3,74,2,4070.4,73,2
11483,2026-07-02 09:24:19+05:30,4070.0,29,4082.3,105638,76011.0,105235.0,4100.0,4110.0,4067.0,4092.6,21862925,4501.8,3683.4,4440.0,3288.1,4068.8,18,1,4068.7,11,2,4068.6,26,2,4068.5,3,1,4068.4,3,1,4070.0,86,2,4070.1,15,1,4070.2,69,3,4070.3,67,1,4070.4,67,1
11483,2026-07-02 09:24:19+05:30,4070.0,6,4082.3,105638,76011.0,105235.0,4100.0,4110.0,4067.0,4092.6,21862925,4501.8,3683.4,4440.0,3288.1,4068.8,18,1,4068.7,11,2,4068.6,26,2,4068.5,3,1,4068.4,3,1,4070.0,86,2,4070.1,15,1,4070.2,69,3,4070.3,67,1,4070.4,67,1
11483,2026-07-02 09:24:20+05:30,4070.0,3,4082.3,105638,76011.0,105235.0,4100.0,4110.0,4067.0,4092.6,21862925,4501.8,3683.4,4440.0,3288.1,4068.8,18,1,4068.7,11,2,4068.6,26,2,4068.5,3,1,4068.4,3,1,4070.0,86,2,4070.1,15,1,4070.2,69,3,4070.3,67,1,4070.4,67,1
11483,2026-07-02 09:24:20+05:30,4070.0,3,4082.28,105828,76076.0,105656.0,4100.0,4110.0,4067.0,4092.6,21862925,4501.8,3683.4,4440.0,3288.1,4068.5,57,2,4068.2,32,3,4068.1,35,3,4068.0,34,4,4067.9,26,2,4070.0,83,3,4070.1,13,1,4070.2,71,4,4070.3,83,3,4070.4,67,1
11483,2026-07-02 09:24:21+05:30,4070.0,42,4082.28,105828,76076.0,105656.0,4100.0,4110.0,4067.0,4092.6,21862925,4501.8,3683.4,4440.0,3288.1,4068.5,57,2,4068.2,32,3,4068.1,35,3,4068.0,34,4,4067.9,26,2,4070.0,83,3,4070.1,13,1,4070.2,71,4,4070.3,83,3,4070.4,67,1
11483,2026-07-02 09:24:21+05:30,4070.0,42,4082.26,105999,75761.0,105700.0,4100.0,4110.0,4067.0,4092.6,21862925,4501.8,3683.4,4440.0,3288.1,4068.4,39,1,4068.3,66,4,4068.2,16,4,4068.1,35,3,4068.0,35,3,4070.0,20,3,4070.2,69,3,4070.3,67,1,4070.4,67,1,4070.7,31,2
11483,2026-07-02 09:24:22+05:30,4070.0,1,4082.26,105999,75761.0,105700.0,4100.0,4110.0,4067.0,4092.6,21862925,4501.8,3683.4,4440.0,3288.1,4068.4,39,1,4068.3,66,4,4068.2,16,4,4068.1,35,3,4068.0,35,3,4070.0,20,3,4070.2,69,3,4070.3,67,1,4070.4,67,1,4070.7,31,2
11483,2026-07-02 09:24:22+05:30,4070.0,1,4082.26,106009,75630.0,105679.0,4100.0,4110.0,4067.0,4092.6,21862925,4501.8,3683.4,4440.0,3288.1,4068.4,94,4,4068.3,15,2,4068.2,15,3,4068.1,76,5,4068.0,64,5,4070.0,10,2,4070.2,69,3,4070.3,67,1,4070.4,67,1,4070.7,12,1
11483,2026-07-02 09:24:23+05:30,4070.2,4,4082.26,106009,75630.0,105679.0,4100.0,4110.0,4067.0,4092.6,21862925,4501.8,3683.4,4440.0,3288.1,4068.4,94,4,4068.3,15,2,4068.2,15,3,4068.1,76,5,4068.0,64,5,4070.0,10,2,4070.2,69,3,4070.3,67,1,4070.4,67,1,4070.7,12,1
11483,2026-07-02 09:24:23+05:30,4069.0,2,4082.25,106029,76148.0,105556.0,4100.0,4110.0,4067.0,4092.6,21862925,4501.8,3683.4,4440.0,3288.1,4068.7,24,1,4068.6,137,5,4068.5,3,1,4068.4,3,1,4068.3,28,4,4070.0,38,1,4070.2,83,4,4070.3,67,1,4070.4,67,1,4071.0,15,2
11483,2026-07-02 09:24:24+05:30,4070.0,25,4082.25,106029,76148.0,105556.0,4100.0,4110.0,4067.0,4092.6,21862925,4501.8,3683.4,4440.0,3288.1,4068.7,24,1,4068.6,137,5,4068.5,3,1,4068.4,3,1,4068.3,28,4,4070.0,38,1,4070.2,83,4,4070.3,67,1,4070.4,67,1,4071.0,15,2
11483,2026-07-02 09:24:24+05:30,4070.0,25,4082.24,106155,75580.0,105669.0,4100.0,4110.0,4067.0,4092.6,21862925,4501.8,3683.4,4440.0,3288.1,4068.3,17,2,4068.2,8,2,4068.1,1,1,4068.0,56,5,4067.8,3,1,4070.0,74,4,4070.1,7,1,4070.2,83,4,4070.3,105,2,4070.4,80,4
11483,2026-07-02 09:24:25+05:30,4070.0,1,4082.24,106155,75580.0,105669.0,4100.0,4110.0,4067.0,4092.6,21862925,4501.8,3683.4,4440.0,3288.1,4068.3,17,2,4068.2,8,2,4068.1,1,1,4068.0,56,5,4067.8,3,1,4070.0,74,4,4070.1,7,1,4070.2,83,4,4070.3,105,2,4070.4,80,4
11483,2026-07-02 09:24:26+05:30,4070.0,10,4082.24,106167,75639.0,105641.0,4100.0,4110.0,4067.0,4092.6,21862925,4501.8,3683.4,4440.0,3288.1,4068.3,48,4,4068.2,23,2,4068.1,8,2,4068.0,44,4,4067.8,3,1,4070.0,56,3,4070.1,56,1,4070.2,83,4,4070.3,73,2,4070.4,88,3
11483,2026-07-02 09:24:26+05:30,4070.0,7,4082.24,106167,75639.0,105641.0,4100.0,4110.0,4067.0,4092.6,21862925,4501.8,3683.4,4440.0,3288.1,4068.3,48,4,4068.2,23,2,4068.1,8,2,4068.0,44,4,4067.8,3,1,4070.0,56,3,4070.1,56,1,4070.2,83,4,4070.3,73,2,4070.4,88,3
11483,2026-07-02 09:24:27+05:30,4069.5,3,4082.23,106215,75140.0,105938.0,4100.0,4110.0,4067.0,4092.6,21862925,4501.8,3683.4,4440.0,3288.1,4069.0,2,1,4068.2,4,1,4068.1,6,2,4068.0,30,2,4067.7,2,1,4069.5,34,3,4069.6,8,2,4069.7,31,3,4069.8,10,2,4069.9,13,2
11483,2026-07-02 09:24:27+05:30,4070.0,6,4082.23,106215,75140.0,105938.0,4100.0,4110.0,4067.0,4092.6,21862925,4501.8,3683.4,4440.0,3288.1,4069.0,2,1,4068.2,4,1,4068.1,6,2,4068.0,30,2,4067.7,2,1,4069.5,34,3,4069.6,8,2,4069.7,31,3,4069.8,10,2,4069.9,13,2
11483,2026-07-02 09:24:27+05:30,4070.0,6,4082.2,106486,75233.0,104735.0,4100.0,4110.0,4067.0,4092.6,21862925,4501.8,3683.4,4440.0,3288.1,4068.5,3,1,4068.4,30,2,4068.3,21,2,4068.2,4,2,4068.1,76,5,4070.0,32,1,4070.2,65,3,4070.3,67,1,4070.4,67,1,4070.5,36,1
11483,2026-07-02 09:24:28+05:30,4070.0,2,4082.2,106486,75233.0,104735.0,4100.0,4110.0,4067.0,4092.6,21862925,4501.8,3683.4,4440.0,3288.1,4068.5,3,1,4068.4,30,2,4068.3,21,2,4068.2,4,2,4068.1,76,5,4070.0,32,1,4070.2,65,3,4070.3,67,1,4070.4,67,1,4070.5,36,1
11483,2026-07-02 09:24:29+05:30,4070.0,2,4082.17,106766,75540.0,105196.0,4100.0,4110.0,4067.0,4092.6,21862925,4501.8,3683.4,4440.0,3288.1,4068.7,29,3,4068.6,47,3,4068.5,19,2,4068.4,27,2,4068.3,24,2,4070.0,16,1,4070.2,65,3,4070.3,67,1,4070.4,67,1,4070.8,17,1
11483,2026-07-02 09:24:29+05:30,4070.0,20,4082.17,106766,75540.0,105196.0,4100.0,4110.0,4067.0,4092.6,21862925,4501.8,3683.4,4440.0,3288.1,4068.7,29,3,4068.6,47,3,4068.5,19,2,4068.4,27,2,4068.3,24,2,4070.0,16,1,4070.2,65,3,4070.3,67,1,4070.4,67,1,4070.8,17,1
11483,2026-07-02 09:24:30+05:30,4070.0,20,4082.16,106790,75255.0,105987.0,4100.0,4110.0,4067.0,4092.6,21862925,4501.8,3683.4,4440.0,3288.1,4068.3,3,1,4068.2,1,1,4068.1,6,2,4068.0,48,5,4067.9,13,1,4069.9,458,6,4070.0,109,4,4070.1,6,1,4070.2,98,5,4070.3,80,2
11483,2026-07-02 09:24:30+05:30,4069.7,3,4082.16,106790,75255.0,105987.0,4100.0,4110.0,4067.0,4092.6,21862925,4501.8,3683.4,4440.0,3288.1,4068.3,3,1,4068.2,1,1,4068.1,6,2,4068.0,48,5,4067.9,13,1,4069.9,458,6,4070.0,109,4,4070.1,6,1,4070.2,98,5,4070.3,80,2
11483,2026-07-02 09:24:31+05:30,4069.7,1,4082.16,106798,75482.0,106654.0,4100.0,4110.0,4067.0,4092.6,21862925,4501.8,3683.4,4440.0,3288.1,4068.3,3,1,4068.2,1,1,4068.1,6,2,4068.0,45,5,4067.9,13,1,4069.7,388,3,4069.8,51,3,4069.9,28,3,4070.0,799,4,4070.1,6,1
11483,2026-07-02 09:24:31+05:30,4069.7,10,4082.16,106798,75482.0,106654.0,4100.0,4110.0,4067.0,4092.6,21862925,4501.8,3683.4,4440.0,3288.1,4068.3,3,1,4068.2,1,1,4068.1,6,2,4068.0,45,5,4067.9,13,1,4069.7,388,3,4069.8,51,3,4069.9,28,3,4070.0,799,4,4070.1,6,1
11483,2026-07-02 09:24:32+05:30,4069.4,200,4082.14,107032,76068.0,105623.0,4100.0,4110.0,4067.0,4092.6,21862925,4501.8,3683.4,4440.0,3288.1,4068.3,31,2,4068.2,23,4,4068.1,41,4,4068.0,38,5,4067.9,58,2,4069.4,149,1,4069.9,12,1,4070.0,750,3,4070.2,79,4,4070.3,67,1
11483,2026-07-02 09:24:32+05:30,4069.4,20,4082.14,107032,76068.0,105623.0,4100.0,4110.0,4067.0,4092.6,21862925,4501.8,3683.4,4440.0,3288.1,4068.3,31,2,4068.2,23,4,4068.1,41,4,4068.0,38,5,4067.9,58,2,4069.4,149,1,4069.9,12,1,4070.0,750,3,4070.2,79,4,4070.3,67,1
11483,2026-07-02 09:24:33+05:30,4069.3,1,4082.13,107054,76450.0,105965.0,4100.0,4110.0,4067.0,4092.6,21862925,4501.8,3683.4,4440.0,3288.1,4068.8,70,1,4068.7,27,1,4068.2,1,1,4068.1,16,3,4068.0,56,5,4068.9,149,2,4069.0,19,1,4069.9,48,1,4070.0,750,3,4070.2,79,4
11483,2026-07-02 09:24:33+05:30,4068.8,1,4082.13,107054,76450.0,105965.0,4100.0,4110.0,4067.0,4092.6,21862925,4501.8,3683.4,4440.0,3288.1,4068.8,70,1,4068.7,27,1,4068.2,1,1,4068.1,16,3,4068.0,56,5,4068.9,149,2,4069.0,19,1,4069.9,48,1,4070.0,750,3,4070.2,79,4
11483,2026-07-02 09:24:34+05:30,4068.0,1,4082.12,107161,75832.0,106532.0,4100.0,4110.0,4067.0,4092.6,21862925,4501.8,3683.4,4440.0,3288.1,4068.0,19,3,4067.8,1,1,4067.7,2,1,4067.2,3,1,4067.1,13,1,4068.1,129,1,4069.0,26,2,4069.1,5,1,4069.2,5,1,4069.3,2,1
11483,2026-07-02 09:24:34+05:30,4068.0,1,4082.12,107161,75832.0,106532.0,4100.0,4110.0,4067.0,4092.6,21862925,4501.8,3683.4,4440.0,3288.1,4068.0,19,3,4067.8,1,1,4067.7,2,1,4067.2,3,1,4067.1,13,1,4068.1,129,1,4069.0,26,2,4069.1,5,1,4069.2,5,1,4069.3,2,1
11483,2026-07-02 09:24:35+05:30,4068.0,1,4082.12,107191,75971.0,107141.0,4100.0,4110.0,4067.0,4092.6,21862925,4501.8,3683.4,4440.0,3288.1,4067.8,1,1,4067.7,2,1,4067.1,13,1,4067.0,51,4,4066.9,11,1,4068.0,27,1,4068.1,203,2,4068.9,2,1,4069.0,77,2,4069.1,73,3
11483,2026-07-02 09:24:35+05:30,4067.7,2,4082.12,107191,75971.0,107141.0,4100.0,4110.0,4067.0,4092.6,21862925,4501.8,3683.4,4440.0,3288.1,4067.8,1,1,4067.7,2,1,4067.1,13,1,4067.0,51,4,4066.9,11,1,4068.0,27,1,4068.1,203,2,4068.9,2,1,4069.0,77,2,4069.1,73,3
11483,2026-07-02 09:24:36+05:30,4067.1,1,4082.11,107195,75511.0,107634.0,4100.0,4110.0,4067.0,4092.6,21862925,4501.8,3683.4,4440.0,3288.1,4067.1,30,2,4067.0,51,4,4066.6,55,2,4066.5,14,2,4066.4,25,2,4068.0,161,3,4068.1,84,1,4068.7,10,1,4068.9,2,1,4069.0,67,1
11483,2026-07-02 09:24:36+05:30,4068.0,5,4082.11,107195,75511.0,107634.0,4100.0,4110.0,4067.0,4092.6,21862925,4501.8,3683.4,4440.0,3288.1,4067.1,30,2,4067.0,51,4,4066.6,55,2,4066.5,14,2,4066.4,25,2,4068.0,161,3,4068.1,84,1,4068.7,10,1,4068.9,2,1,4069.0,67,1
11483,2026-07-02 09:24:37+05:30,4067.0,1,4082.11,107202,75290.0,107655.0,4100.0,4110.0,4067.0,4092.6,21862925,4501.8,3683.4,4440.0,3288.1,4067.0,50,4,4066.6,55,2,4066.5,1,1,4066.4,1,1,4066.2,26,1,4068.0,155,3,4068.1,105,4,4068.5,18,2,4068.6,38,2,4068.7,11,2
11483,2026-07-02 09:24:37+05:30,4067.0,1,4082.11,107202,75290.0,107655.0,4100.0,4110.0,4067.0,4092.6,21862925,4501.8,3683.4,4440.0,3288.1,4067.0,50,4,4066.6,55,2,4066.5,1,1,4066.4,1,1,4066.2,26,1,4068.0,155,3,4068.1,105,4,4068.5,18,2,4068.6,38,2,4068.7,11,2
11483,2026-07-02 09:24:38+05:30,4067.0,1,4082.11,107238,75183.0,107534.0,4100.0,4110.0,4067.0,4092.6,21862925,4501.8,3683.4,4440.0,3288.1,4067.0,14,1,4066.6,55,2,4066.5,1,1,4066.4,1,1,4066.2,26,1,4068.0,155,3,4068.1,105,4,4068.5,2,1,4068.6,64,3,4068.7,24,3
11483,2026-07-02 09:24:38+05:30,4067.0,1,4082.11,107238,75183.0,107534.0,4100.0,4110.0,4067.0,4092.6,21862925,4501.8,3683.4,4440.0,3288.1,4067.0,14,1,4066.6,55,2,4066.5,1,1,4066.4,1,1,4066.2,26,1,4068.0,155,3,4068.1,105,4,4068.5,2,1,4068.6,64,3,4068.7,24,3
11483,2026-07-02 09:24:39+05:30,4066.6,1,4082.11,107238,75183.0,107534.0,4100.0,4110.0,4067.0,4092.6,21862925,4501.8,3683.4,4440.0,3288.1,4067.0,14,1,4066.6,55,2,4066.5,1,1,4066.4,1,1,4066.2,26,1,4068.0,155,3,4068.1,105,4,4068.5,2,1,4068.6,64,3,4068.7,24,3
11483,2026-07-02 09:24:39+05:30,4066.7,14,4082.1,107280,75043.0,108006.0,4100.0,4110.0,4066.6,4092.6,21862925,4501.8,3683.4,4440.0,3288.1,4066.6,54,2,4066.5,1,1,4066.4,1,1,4066.0,112,17,4065.5,13,3,4066.7,125,2,4067.7,28,2,4067.8,16,1,4067.9,16,1,4068.0,50,5
11483,2026-07-02 09:24:40+05:30,4067.7,10,4082.1,107280,75043.0,108006.0,4100.0,4110.0,4066.6,4092.6,21862925,4501.8,3683.4,4440.0,3288.1,4066.6,54,2,4066.5,1,1,4066.4,1,1,4066.0,112,17,4065.5,13,3,4066.7,125,2,4067.7,28,2,4067.8,16,1,4067.9,16,1,4068.0,50,5
11483,2026-07-02 09:24:40+05:30,4067.7,10,4082.04,107701,75481.0,107200.0,4100.0,4110.0,4066.6,4092.6,21862925,4501.8,3683.4,4440.0,3288.1,4066.8,30,2,4066.7,18,2,4066.6,79,4,4066.5,25,2,4066.4,30,3,4067.7,57,1,4067.8,67,1,4067.9,83,1,4068.0,467,5,4068.7,10,1
11483,2026-07-02 09:24:41+05:30,4067.8,1,4082.04,107701,75481.0,107200.0,4100.0,4110.0,4066.6,4092.6,21862925,4501.8,3683.4,4440.0,3288.1,4066.8,30,2,4066.7,18,2,4066.6,79,4,4066.5,25,2,4066.4,30,3,4067.7,57,1,4067.8,67,1,4067.9,83,1,4068.0,467,5,4068.7,10,1
11483,2026-07-02 09:24:42+05:30,4067.8,1,4082.01,107915,75642.0,107048.0,4100.0,4110.0,4066.6,4092.6,21862925,4501.8,3683.4,4440.0,3288.1,4067.1,51,2,4067.0,25,3,4066.9,10,1,4066.8,26,2,4066.7,18,2,4067.8,66,1,4067.9,83,1,4068.0,467,5,4068.7,10,1,4068.8,62,1
11483,2026-07-02 09:24:42+05:30,4067.1,1,4082.01,107915,75642.0,107048.0,4100.0,4110.0,4066.6,4092.6,21862925,4501.8,3683.4,4440.0,3288.1,4067.1,51,2,4067.0,25,3,4066.9,10,1,4066.8,26,2,4066.7,18,2,4067.8,66,1,4067.9,83,1,4068.0,467,5,4068.7,10,1,4068.8,62,1
11483,2026-07-02 09:24:43+05:30,4067.1,1,4082.01,107917,75893.0,107078.0,4100.0,4110.0,4066.6,4092.6,21862925,4501.8,3683.4,4440.0,3288.1,4067.1,50,2,4067.0,75,4,4066.9,10,1,4066.8,26,2,4066.7,18,2,4067.8,65,1,4067.9,83,1,4068.0,467,5,4068.7,10,1,4068.8,62,1
11483,2026-07-02 09:24:43+05:30,4067.1,1,4082.01,107917,75893.0,107078.0,4100.0,4110.0,4066.6,4092.6,21862925,4501.8,3683.4,4440.0,3288.1,4067.1,50,2,4067.0,75,4,4066.9,10,1,4066.8,26,2,4066.7,18,2,4067.8,65,1,4067.9,83,1,4068.0,467,5,4068.7,10,1,4068.8,62,1
11483,2026-07-02 09:24:44+05:30,4067.1,1,4082.01,107946,75758.0,107763.0,4100.0,4110.0,4066.6,4092.6,21862925,4501.8,3683.4,4440.0,3288.1,4067.1,51,2,4067.0,105,5,4066.9,15,1,4066.8,54,3,4066.7,48,3,4067.8,81,3,4067.9,83,1,4068.0,448,3,4068.7,10,1,4068.8,13,1
11483,2026-07-02 09:24:44+05:30,4067.8,1,4082.01,107946,75758.0,107763.0,4100.0,4110.0,4066.6,4092.6,21862925,4501.8,3683.4,4440.0,3288.1,4067.1,51,2,4067.0,105,5,4066.9,15,1,4066.8,54,3,4066.7,48,3,4067.8,81,3,4067.9,83,1,4068.0,448,3,4068.7,10,1,4068.8,13,1
11483,2026-07-02 09:24:45+05:30,4067.1,1,4082.0,108014,76051.0,107773.0,4100.0,4110.0,4066.6,4092.6,21862925,4501.8,3683.4,4440.0,3288.1,4067.1,49,2,4067.0,115,6,4066.9,15,1,4066.8,26,2,4066.7,77,4,4067.8,92,4,4067.9,83,1,4068.0,448,3,4069.0,183,2,4069.1,80,2
11483,2026-07-02 09:24:45+05:30,4067.1,1,4082.0,108014,76051.0,107773.0,4100.0,4110.0,4066.6,4092.6,21862925,4501.8,3683.4,4440.0,3288.1,4067.1,49,2,4067.0,115,6,4066.9,15,1,4066.8,26,2,4066.7,77,4,4067.8,92,4,4067.9,83,1,4068.0,448,3,4069.0,183,2,4069.1,80,2
11483,2026-07-02 09:24:46+05:30,4067.8,7,4081.99,108071,77415.0,107624.0,4100.0,4110.0,4066.6,4092.6,21862925,4501.8,3683.4,4440.0,3288.1,4067.6,27,3,4067.3,24,1,4067.2,11,1,4067.1,27,1,4067.0,138,6,4067.8,35,1,4067.9,83,1,4068.0,448,3,4068.2,2,1,4069.0,183,2
11483,2026-07-02 09:24:46+05:30,4067.8,7,4081.99,108071,77415.0,107624.0,4100.0,4110.0,4066.6,4092.6,21862925,4501.8,3683.4,4440.0,3288.1,4067.6,27,3,4067.3,24,1,4067.2,11,1,4067.1,27,1,4067.0,138,6,4067.8,35,1,4067.9,83,1,4068.0,448,3,4068.2,2,1,4069.0,183,2
11483,2026-07-02 09:24:47+05:30,4067.8,4,4081.98,108204,77653.0,107949.0,4100.0,4110.0,4066.6,4092.6,21862925,4501.8,3683.4,4440.0,3288.1,4067.6,44,5,4067.3,11,2,4067.2,12,2,4067.1,84,5,4067.0,148,7,4067.9,83,1,4068.0,448,3,4068.2,2,1,4069.0,183,2,4069.1,67,1
11483,2026-07-02 09:24:47+05:30,4067.8,4,4081.98,108204,77653.0,107949.0,4100.0,4110.0,4066.6,4092.6,21862925,4501.8,3683.4,4440.0,3288.1,4067.6,44,5,4067.3,11,2,4067.2,12,2,4067.1,84,5,4067.0,148,7,4067.9,83,1,4068.0,448,3,4068.2,2,1,4069.0,183,2,4069.1,67,1
11483,2026-07-02 09:24:48+05:30,4067.9,2,4081.98,108206,77387.0,108034.0,4100.0,4110.0,4066.6,4092.6,21862925,4501.8,3683.4,4440.0,3288.1,4067.6,20,4,4067.4,24,1,4067.3,5,1,4067.2,12,2,4067.1,57,4,4067.9,81,1,4068.0,448,3,4068.2,2,1,4069.0,183,2,4069.1,67,1
11483,2026-07-02 09:24:48+05:30,4067.6,1,4081.98,108206,77387.0,108034.0,4100.0,4110.0,4066.6,4092.6,21862925,4501.8,3683.4,4440.0,3288.1,4067.6,20,4,4067.4,24,1,4067.3,5,1,4067.2,12,2,4067.1,57,4,4067.9,81,1,4068.0,448,3,4068.2,2,1,4069.0,183,2,4069.1,67,1
11483,2026-07-02 09:24:49+05:30,4067.9,14,4081.88,108932,77805.0,107037.0,4100.0,4110.0,4066.6,4092.6,21862925,4501.8,3683.4,4440.0,3288.1,4067.8,50,1,4067.5,59,3,4067.4,5,1,4067.3,3,1,4067.2,3,1,4067.9,56,1,4068.0,448,3,4068.2,2,1,4069.0,183,2,4069.1,67,1
11483,2026-07-02 09:24:49+05:30,4067.9,14,4081.88,108932,77805.0,107037.0,4100.0,4110.0,4066.6,4092.6,21862925,4501.8,3683.4,4440.0,3288.1,4067.8,50,1,4067.5,59,3,4067.4,5,1,4067.3,3,1,4067.2,3,1,4067.9,56,1,4068.0,448,3,4068.2,2,1,4069.0,183,2,4069.1,67,1
11483,2026-07-02 09:24:50+05:30,4067.9,25,4081.87,108957,77348.0,107219.0,4100.0,4110.0,4066.6,4092.6,21862925,4501.8,3683.4,4440.0,3288.1,4067.8,50,1,4067.5,28,1,4067.1,39,3,4067.0,170,11,4066.9,15,1,4067.9,31,1,4068.0,448,3,4068.2,2,1,4069.0,183,2,4069.1,80,2
11483,2026-07-02 09:24:50+05:30,4067.9,25,4081.87,108957,77348.0,107219.0,4100.0,4110.0,4066.6,4092.6,21862925,4501.8,3683.4,4440.0,3288.1,4067.8,50,1,4067.5,28,1,4067.1,39,3,4067.0,170,11,4066.9,15,1,4067.9,31,1,4068.0,448,3,4068.2,2,1,4069.0,183,2,4069.1,80,2
11483,2026-07-02 09:24:51+05:30,4067.9,1,4081.87,108957,77348.0,107219.0,4100.0,4110.0,4066.6,4092.6,21862925,4501.8,3683.4,4440.0,3288.1,4067.8,50,1,4067.5,28,1,4067.1,39,3,4067.0,170,11,4066.9,15,1,4067.9,31,1,4068.0,448,3,4068.2,2,1,4069.0,183,2,4069.1,80,2
11483,2026-07-02 09:24:51+05:30,4067.9,1,4081.87,109023,77227.0,107238.0,4100.0,4110.0,4066.6,4092.6,21862925,4501.8,3683.4,4440.0,3288.1,4067.8,55,2,4067.7,28,1,4067.1,15,2,4067.0,180,12,4066.9,15,1,4067.9,72,1,4068.0,451,4,4068.2,2,1,4069.0,204,3,4069.1,80,2
11483,2026-07-02 09:24:52+05:30,4068.0,8,4081.87,109023,77227.0,107238.0,4100.0,4110.0,4066.6,4092.6,21862925,4501.8,3683.4,4440.0,3288.1,4067.8,55,2,4067.7,28,1,4067.1,15,2,4067.0,180,12,4066.9,15,1,4067.9,72,1,4068.0,451,4,4068.2,2,1,4069.0,204,3,4069.1,80,2
11483,2026-07-02 09:24:52+05:30,4068.0,8,4081.81,109467,78128.0,106823.0,4100.0,4110.0,4066.6,4092.6,21862925,4501.8,3683.4,4440.0,3288.1,4067.8,72,5,4067.7,24,1,4067.6,7,1,4067.4,24,1,4067.3,7,1,4068.0,189,3,4068.2,2,1,4069.0,183,2,4069.1,67,1,4069.5,32,1
11483,2026-07-02 09:24:54+05:30,4067.9,4,4081.81,109496,78494.0,106670.0,4100.0,4110.0,4066.6,4092.6,21862925,4501.8,3683.4,4440.0,3288.1,4067.9,96,1,4067.8,303,7,4067.6,7,1,4067.4,24,1,4067.1,87,5,4068.0,189,3,4068.2,2,1,4069.0,258,3,4069.1,98,2,4069.5,13,1
11483,2026-07-02 09:24:54+05:30,4068.2,2,4081.81,109496,78494.0,106670.0,4100.0,4110.0,4066.6,4092.6,21862925,4501.8,3683.4,4440.0,3288.1,4067.9,96,1,4067.8,303,7,4067.6,7,1,4067.4,24,1,4067.1,87,5,4068.0,189,3,4068.2,2,1,4069.0,258,3,4069.1,98,2,4069.5,13,1
11483,2026-07-02 09:24:55+05:30,4069.0,14,4081.65,110707,79334.0,105899.0,4100.0,4110.0,4066.6,4092.6,21862925,4501.8,3683.4,4440.0,3288.1,4068.2,71,4,4068.0,89,6,4067.9,141,5,4067.8,256,6,4067.7,31,3,4069.0,60,1,4069.1,67,1,4069.7,2,1,4070.0,63,4,4070.1,75,2
11483,2026-07-02 09:24:55+05:30,4069.0,14,4081.65,110707,79334.0,105899.0,4100.0,4110.0,4066.6,4092.6,21862925,4501.8,3683.4,4440.0,3288.1,4068.2,71,4,4068.0,89,6,4067.9,141,5,4067.8,256,6,4067.7,31,3,4069.0,60,1,4069.1,67,1,4069.7,2,1,4070.0,63,4,4070.1,75,2
11483,2026-07-02 09:24:56+05:30,4069.0,5,4081.65,110712,79615.0,105821.0,4100.0,4110.0,4066.6,4092.6,21862925,4501.8,3683.4,4440.0,3288.1,4068.2,51,2,4068.0,107,7,4067.9,366,7,4067.8,256,6,4067.7,31,3,4069.0,69,2,4069.1,67,1,4069.7,2,1,4070.0,63,4,4070.1,75,2
11483,2026-07-02 09:24:56+05:30,4068.0,3,4081.65,110712,79615.0,105821.0,4100.0,4110.0,4066.6,4092.6,21862925,4501.8,3683.4,4440.0,3288.1,4068.2,51,2,4068.0,107,7,4067.9,366,7,4067.8,256,6,4067.7,31,3,4069.0,69,2,4069.1,67,1,4069.7,2,1,4070.0,63,4,4070.1,75,2
11483,2026-07-02 09:24:57+05:30,4069.0,18,4081.64,110851,79580.0,105758.0,4100.0,4110.0,4066.6,4092.6,21862925,4501.8,3683.4,4440.0,3288.1,4068.2,24,1,4068.1,60,3,4068.0,57,4,4067.9,366,7,4067.8,256,6,4069.0,51,2,4069.1,67,1,4069.7,2,1,4070.0,63,4,4070.1,75,2
11483,2026-07-02 09:24:57+05:30,4069.0,14,4081.64,110851,79580.0,105758.0,4100.0,4110.0,4066.6,4092.6,21862925,4501.8,3683.4,4440.0,3288.1,4068.2,24,1,4068.1,60,3,4068.0,57,4,4067.9,366,7,4067.8,256,6,4069.0,51,2,4069.1,67,1,4069.7,2,1,4070.0,63,4,4070.1,75,2
11483,2026-07-02 09:24:58+05:30,4069.1,38,4081.62,111010,80985.0,105024.0,4100.0,4110.0,4066.6,4092.6,21862925,4501.8,3683.4,4440.0,3288.1,4069.3,8,1,4069.2,61,3,4069.1,58,4,4069.0,476,2,4068.9,24,1,4069.7,2,1,4070.0,63,4,4070.2,38,2,4070.3,16,1,4071.3,56,2
11483,2026-07-02 09:24:58+05:30,4069.1,38,4081.62,111010,80985.0,105024.0,4100.0,4110.0,4066.6,4092.6,21862925,4501.8,3683.4,4440.0,3288.1,4069.3,8,1,4069.2,61,3,4069.1,58,4,4069.0,476,2,4068.9,24,1,4069.7,2,1,4070.0,63,4,4070.2,38,2,4070.3,16,1,4071.3,56,2
11483,2026-07-02 09:24:59+05:30,4069.3,1,4081.62,111022,81197.0,104746.0,4100.0,4110.0,4066.6,4092.6,21862925,4501.8,3683.4,4440.0,3288.1,4069.3,12,1,4069.2,52,2,4069.1,5,1,4069.0,464,1,4068.9,25,2,4070.0,67,5,4070.2,38,2,4070.3,16,1,4071.3,88,3,4071.4,62,1
11483,2026-07-02 09:24:59+05:30,4069.3,1,4081.62,111022,81197.0,104746.0,4100.0,4110.0,4066.6,4092.6,21862925,4501.8,3683.4,4440.0,3288.1,4069.3,12,1,4069.2,52,2,4069.1,5,1,4069.0,464,1,4068.9,25,2,4070.0,67,5,4070.2,38,2,4070.3,16,1,4071.3,88,3,4071.4,62,1
11483,2026-07-02 09:25:00+05:30,4070.0,14,4081.62,111046,83224.0,104627.0,4100.0,4110.0,4066.6,4092.6,21862925,4501.8,3683.4,4440.0,3288.1,4069.6,44,1,4069.5,35,2,4069.4,76,4,4069.3,33,3,4069.2,24,1,4070.0,43,5,4070.2,38,2,4070.3,16,1,4071.3,13,1,4071.4,62,1
11483,2026-07-02 09:25:00+05:30,4070.0,3,4081.62,111046,83224.0,104627.0,4100.0,4110.0,4066.6,4092.6,21862925,4501.8,3683.4,4440.0,3288.1,4069.6,44,1,4069.5,35,2,4069.4,76,4,4069.3,33,3,4069.2,24,1,4070.0,43,5,4070.2,38,2,4070.3,16,1,4071.3,13,1,4071.4,62,1
11483,2026-07-02 09:25:01+05:30,4070.0,3,4081.62,111046,83224.0,104627.0,4100.0,4110.0,4066.6,4092.6,21862925,4501.8,3683.4,4440.0,3288.1,4069.6,44,1,4069.5,35,2,4069.4,76,4,4069.3,33,3,4069.2,24,1,4070.0,43,5,4070.2,38,2,4070.3,16,1,4071.3,13,1,4071.4,62,1
11483,2026-07-02 09:25:01+05:30,4070.0,3,4081.61,111051,83281.0,105038.0,4100.0,4110.0,4066.6,4092.6,21862925,4501.8,3683.4,4440.0,3288.1,4069.3,10,1,4069.2,10,1,4069.1,98,4,4069.0,2010,4,4068.9,25,2,4070.0,38,5,4070.1,22,1,4070.2,105,3,4070.3,16,1,4071.3,55,2
11483,2026-07-02 09:25:02+05:30,4070.0,3,4081.61,111051,83281.0,105038.0,4100.0,4110.0,4066.6,4092.6,21862925,4501.8,3683.4,4440.0,3288.1,4069.3,10,1,4069.2,10,1,4069.1,98,4,4069.0,2010,4,4068.9,25,2,4070.0,38,5,4070.1,22,1,4070.2,105,3,4070.3,16,1,4071.3,55,2
11483,2026-07-02 09:25:02+05:30,4070.0,12,4081.61,111051,83281.0,105038.0,4100.0,4110.0,4066.6,4092.6,21862925,4501.8,3683.4,4440.0,3288.1,4069.3,10,1,4069.2,10,1,4069.1,98,4,4069.0,2010,4,4068.9,25,2,4070.0,38,5,4070.1,22,1,4070.2,105,3,4070.3,16,1,4071.3,55,2
11483,2026-07-02 09:25:02+05:30,4070.0,12,4081.61,111106,82604.0,105262.0,4100.0,4110.0,4066.6,4092.6,21862925,4501.8,3683.4,4440.0,3288.1,4069.1,50,1,4069.0,1977,3,4068.9,40,2,4068.7,29,2,4068.4,44,3,4070.0,33,1,4070.1,22,1,4070.2,111,4,4070.3,16,1,4071.0,33,2
11483,2026-07-02 09:25:02+05:30,4070.0,12,4081.61,111106,82604.0,105262.0,4100.0,4110.0,4066.6,4092.6,21862925,4501.8,3683.4,4440.0,3288.1,4069.1,50,1,4069.0,1977,3,4068.9,40,2,4068.7,29,2,4068.4,44,3,4070.0,33,1,4070.1,22,1,4070.2,111,4,4070.3,16,1,4071.0,33,2
11483,2026-07-02 09:25:03+05:30,4070.0,12,4081.61,111106,82604.0,105262.0,4100.0,4110.0,4066.6,4092.6,21862925,4501.8,3683.4,4440.0,3288.1,4069.1,50,1,4069.0,1977,3,4068.9,40,2,4068.7,29,2,4068.4,44,3,4070.0,33,1,4070.1,22,1,4070.2,111,4,4070.3,16,1,4071.0,33,2
11483,2026-07-02 09:25:03+05:30,4070.0,1,4081.61,111106,82604.0,105262.0,4100.0,4110.0,4066.6,4092.6,21862925,4501.8,3683.4,4440.0,3288.1,4069.1,50,1,4069.0,1977,3,4068.9,40,2,4068.7,29,2,4068.4,44,3,4070.0,33,1,4070.1,22,1,4070.2,111,4,4070.3,16,1,4071.0,33,2
11483,2026-07-02 09:25:03+05:30,4070.0,1,4081.61,111106,82604.0,105262.0,4100.0,4110.0,4066.6,4092.6,21862925,4501.8,3683.4,4440.0,3288.1,4069.1,50,1,4069.0,1977,3,4068.9,40,2,4068.7,29,2,4068.4,44,3,4070.0,33,1,4070.1,22,1,4070.2,111,4,4070.3,16,1,4071.0,33,2
11483,2026-07-02 09:25:03+05:30,4070.0,1,4081.61,111112,82419.0,105885.0,4100.0,4110.0,4066.6,4092.6,21862925,4501.8,3683.4,4440.0,3288.1,4069.1,50,1,4069.0,1977,3,4068.9,1,1,4068.4,10,1,4068.3,6,1,4070.0,27,1,4070.1,78,3,4070.2,134,5,4070.3,16,1,4070.4,20,1
11483,2026-07-02 09:25:04+05:30,4070.0,1,4081.61,111112,82419.0,105885.0,4100.0,4110.0,4066.6,4092.6,21862925,4501.8,3683.4,4440.0,3288.1,4069.1,50,1,4069.0,1977,3,4068.9,1,1,4068.4,10,1,4068.3,6,1,4070.0,27,1,4070.1,78,3,4070.2,134,5,4070.3,16,1,4070.4,20,1
11483,2026-07-02 09:25:04+05:30,4070.0,1,4081.61,111112,82419.0,105885.0,4100.0,4110.0,4066.6,4092.6,21897750,4501.8,3683.4,4440.0,3288.1,4069.1,50,1,4069.0,1977,3,4068.9,1,1,4068.4,10,1,4068.3,6,1,4070.0,27,1,4070.1,78,3,4070.2,134,5,4070.3,16,1,4070.4,20,1
11483,2026-07-02 09:25:04+05:30,4069.1,11,4081.61,111112,82419.0,105885.0,4100.0,4110.0,4066.6,4092.6,21897750,4501.8,3683.4,4440.0,3288.1,4069.1,50,1,4069.0,1977,3,4068.9,1,1,4068.4,10,1,4068.3,6,1,4070.0,27,1,4070.1,78,3,4070.2,134,5,4070.3,16,1,4070.4,20,1
11483,2026-07-02 09:25:05+05:30,4069.1,11,4081.61,111112,82419.0,105885.0,4100.0,4110.0,4066.6,4092.6,21897750,4501.8,3683.4,4440.0,3288.1,4069.1,50,1,4069.0,1977,3,4068.9,1,1,4068.4,10,1,4068.3,6,1,4070.0,27,1,4070.1,78,3,4070.2,134,5,4070.3,16,1,4070.4,20,1
11483,2026-07-02 09:25:05+05:30,4070.0,25,4081.6,111148,83170.0,105674.0,4100.0,4110.0,4066.6,4092.6,21897750,4501.8,3683.4,4440.0,3288.1,4069.3,10,1,4069.1,40,2,4069.0,1978,4,4068.4,11,2,4068.3,6,1,4070.0,2,1,4070.1,59,3,4070.2,111,4,4070.3,36,2,4070.5,16,1
11483,2026-07-02 09:25:05+05:30,4070.0,25,4081.6,111148,83170.0,105674.0,4100.0,4110.0,4066.6,4092.6,21897750,4501.8,3683.4,4440.0,3288.1,4069.3,10,1,4069.1,40,2,4069.0,1978,4,4068.4,11,2,4068.3,6,1,4070.0,2,1,4070.1,59,3,4070.2,111,4,4070.3,36,2,4070.5,16,1
11483,2026-07-02 09:25:05+05:30,4070.0,6,4081.6,111148,83170.0,105674.0,4100.0,4110.0,4066.6,4092.6,21897750,4501.8,3683.4,4440.0,3288.1,4069.3,10,1,4069.1,40,2,4069.0,1978,4,4068.4,11,2,4068.3,6,1,4070.0,2,1,4070.1,59,3,4070.2,111,4,4070.3,36,2,4070.5,16,1
11483,2026-07-02 09:25:06+05:30,4070.0,6,4081.6,111148,83170.0,105674.0,4100.0,4110.0,4066.6,4092.6,21897750,4501.8,3683.4,4440.0,3288.1,4069.3,10,1,4069.1,40,2,4069.0,1978,4,4068.4,11,2,4068.3,6,1,4070.0,2,1,4070.1,59,3,4070.2,111,4,4070.3,36,2,4070.5,16,1
11483,2026-07-02 09:25:06+05:30,4070.0,2,4081.56,111522,82486.0,105925.0,4100.0,4110.0,4066.6,4092.6,21897750,4501.8,3683.4,4440.0,3288.1,4069.0,1688,4,4068.4,11,2,4068.3,6,1,4068.2,63,2,4068.0,37,4,4070.0,37,1,4070.1,59,3,4070.2,111,4,4070.3,36,2,4070.5,16,1
11483,2026-07-02 09:25:06+05:30,4069.0,2,4081.56,111522,82486.0,105925.0,4100.0,4110.0,4066.6,4092.6,21897750,4501.8,3683.4,4440.0,3288.1,4069.0,1688,4,4068.4,11,2,4068.3,6,1,4068.2,63,2,4068.0,37,4,4070.0,37,1,4070.1,59,3,4070.2,111,4,4070.3,36,2,4070.5,16,1
11483,2026-07-02 09:25:07+05:30,4069.0,2,4081.56,111539,82720.0,105948.0,4100.0,4110.0,4066.6,4092.6,21897750,4501.8,3683.4,4440.0,3288.1,4069.0,1686,4,4068.5,54,1,4068.4,19,3,4068.3,6,1,4068.2,33,2,4070.0,22,1,4070.1,59,3,4070.2,111,4,4070.3,16,1,4070.5,16,1
11483,2026-07-02 09:25:07+05:30,4070.0,14,4081.56,111539,82720.0,105948.0,4100.0,4110.0,4066.6,4092.6,21897750,4501.8,3683.4,4440.0,3288.1,4069.0,1686,4,4068.5,54,1,4068.4,19,3,4068.3,6,1,4068.2,33,2,4070.0,22,1,4070.1,59,3,4070.2,111,4,4070.3,16,1,4070.5,16,1
11483,2026-07-02 09:25:08+05:30,4070.0,9,4081.56,111562,82934.0,105826.0,4100.0,4110.0,4066.6,4092.6,21897750,4501.8,3683.4,4440.0,3288.1,4069.1,25,1,4069.0,1692,5,4068.5,54,1,4068.4,19,3,4068.3,6,1,4070.0,45,1,4070.1,65,4,4070.2,105,3,4070.3,16,1,4070.5,16,1
11483,2026-07-02 09:25:08+05:30,4070.0,9,4081.56,111562,82934.0,105826.0,4100.0,4110.0,4066.6,4092.6,21897750,4501.8,3683.4,4440.0,3288.1,4069.1,25,1,4069.0,1692,5,4068.5,54,1,4068.4,19,3,4068.3,6,1,4070.0,45,1,4070.1,65,4,4070.2,105,3,4070.3,16,1,4070.5,16,1
11483,2026-07-02 09:25:09+05:30,4070.0,13,4081.56,111575,82792.0,105957.0,4100.0,4110.0,4066.6,4092.6,21897750,4501.8,3683.4,4440.0,3288.1,4069.1,25,1,4069.0,1679,4,4068.5,54,1,4068.4,24,4,4068.3,10,2,4070.0,39,2,4070.1,65,4,4070.2,105,3,4070.3,16,1,4070.6,13,1
11483,2026-07-02 09:25:09+05:30,4070.0,13,4081.56,111575,82792.0,105957.0,4100.0,4110.0,4066.6,4092.6,21897750,4501.8,3683.4,4440.0,3288.1,4069.1,25,1,4069.0,1679,4,4068.5,54,1,4068.4,24,4,4068.3,10,2,4070.0,39,2,4070.1,65,4,4070.2,105,3,4070.3,16,1,4070.6,13,1
11483,2026-07-02 09:25:10+05:30,4069.1,13,4081.55,111605,82672.0,106104.0,4100.0,4110.0,4066.6,4092.6,21897750,4501.8,3683.4,4440.0,3288.1,4069.1,9,1,4069.0,1679,4,4068.4,10,3,4068.3,4,1,4068.2,24,1,4070.0,84,5,4070.1,76,5,4070.2,117,4,4070.3,16,1,4070.4,20,1
11483,2026-07-02 09:25:10+05:30,4070.0,1,4081.55,111605,82672.0,106104.0,4100.0,4110.0,4066.6,4092.6,21897750,4501.8,3683.4,4440.0,3288.1,4069.1,9,1,4069.0,1679,4,4068.4,10,3,4068.3,4,1,4068.2,24,1,4070.0,84,5,4070.1,76,5,4070.2,117,4,4070.3,16,1,4070.4,20,1
11483,2026-07-02 09:25:11+05:30,4070.0,1,4081.55,111606,82246.0,106183.0,4100.0,4110.0,4066.6,4092.6,21897750,4501.8,3683.4,4440.0,3288.1,4069.1,9,1,4069.0,1679,4,4068.4,10,3,4068.2,24,1,4068.0,74,4,4069.9,74,5,4070.0,32,3,4070.1,88,6,4070.2,117,4,4070.3,29,2
11483,2026-07-02 09:25:12+05:30,4069.0,124,4081.31,113854,80072.0,106975.0,4100.0,4110.0,4066.6,4092.6,21897750,4501.8,3683.4,4440.0,3288.1,4068.0,65,3,4067.9,354,7,4067.8,237,3,4067.7,2,1,4067.6,10,1,4069.1,66,4,4069.2,16,2,4069.3,45,2,4069.4,60,4,4069.5,142,4
11483,2026-07-02 09:25:12+05:30,4069.0,124,4081.31,113854,80072.0,106975.0,4100.0,4110.0,4066.6,4092.6,21897750,4501.8,3683.4,4440.0,3288.1,4068.0,65,3,4067.9,354,7,4067.8,237,3,4067.7,2,1,4067.6,10,1,4069.1,66,4,4069.2,16,2,4069.3,45,2,4069.4,60,4,4069.5,142,4
11483,2026-07-02 09:25:13+05:30,4068.7,24,4081.3,113913,80081.0,107178.0,4100.0,4110.0,4066.6,4092.6,21897750,4501.8,3683.4,4440.0,3288.1,4068.4,2,1,4068.0,165,4,4067.9,354,7,4067.8,237,3,4067.7,2,1,4069.0,61,5,4069.1,16,3,4069.2,17,3,4069.3,12,1,4069.4,44,3
11483,2026-07-02 09:25:13+05:30,4068.7,24,4081.3,113913,80081.0,107178.0,4100.0,4110.0,4066.6,4092.6,21897750,4501.8,3683.4,4440.0,3288.1,4068.4,2,1,4068.0,165,4,4067.9,354,7,4067.8,237,3,4067.7,2,1,4069.0,61,5,4069.1,16,3,4069.2,17,3,4069.3,12,1,4069.4,44,3
11483,2026-07-02 09:25:14+05:30,4069.0,1,4081.3,113913,80081.0,107178.0,4100.0,4110.0,4066.6,4092.6,21897750,4501.8,3683.4,4440.0,3288.1,4068.4,2,1,4068.0,165,4,4067.9,354,7,4067.8,237,3,4067.7,2,1,4069.0,61,5,4069.1,16,3,4069.2,17,3,4069.3,12,1,4069.4,44,3
11483,2026-07-02 09:25:14+05:30,4069.0,1,4081.3,113947,80234.0,107151.0,4100.0,4110.0,4066.6,4092.6,21897750,4501.8,3683.4,4440.0,3288.1,4068.4,2,1,4068.0,165,4,4067.9,354,7,4067.8,237,3,4067.7,2,1,4069.0,24,3,4069.1,16,3,4069.2,18,3,4069.3,12,1,4069.4,44,3
11483,2026-07-02 09:25:15+05:30,4069.0,3,4081.3,113947,80234.0,107151.0,4100.0,4110.0,4066.6,4092.6,21897750,4501.8,3683.4,4440.0,3288.1,4068.4,2,1,4068.0,165,4,4067.9,354,7,4067.8,237,3,4067.7,2,1,4069.0,24,3,4069.1,16,3,4069.2,18,3,4069.3,12,1,4069.4,44,3
11483,2026-07-02 09:25:15+05:30,4069.0,3,4081.29,113994,80207.0,107284.0,4100.0,4110.0,4066.6,4092.6,21897750,4501.8,3683.4,4440.0,3288.1,4068.4,2,1,4068.1,100,1,4068.0,165,4,4067.9,354,7,4067.8,237,3,4069.0,18,4,4069.1,16,3,4069.2,47,7,4069.3,12,1,4069.4,77,4
11483,2026-07-02 09:25:16+05:30,4069.0,31,4081.29,113994,80207.0,107284.0,4100.0,4110.0,4066.6,4092.6,21897750,4501.8,3683.4,4440.0,3288.1,4068.4,2,1,4068.1,100,1,4068.0,165,4,4067.9,354,7,4067.8,237,3,4069.0,18,4,4069.1,16,3,4069.2,47,7,4069.3,12,1,4069.4,77,4
11483,2026-07-02 09:25:17+05:30,4069.0,2,4081.29,114048,80064.0,108655.0,4100.0,4110.0,4066.6,4092.6,21897750,4501.8,3683.4,4440.0,3288.1,4068.4,2,1,4068.1,100,1,4068.0,165,4,4067.9,354,7,4067.8,237,3,4069.1,83,6,4069.2,26,5,4069.3,7,2,4069.4,44,3,4069.5,91,4
11483,2026-07-02 09:25:17+05:30,4069.0,2,4081.29,114048,80064.0,108655.0,4100.0,4110.0,4066.6,4092.6,21897750,4501.8,3683.4,4440.0,3288.1,4068.4,2,1,4068.1,100,1,4068.0,165,4,4067.9,354,7,4067.8,237,3,4069.1,83,6,4069.2,26,5,4069.3,7,2,4069.4,44,3,4069.5,91,4
11483,2026-07-02 09:25:18+05:30,4069.1,28,4081.26,114265,80026.0,108706.0,4100.0,4110.0,4066.6,4092.6,21897750,4501.8,3683.4,4440.0,3288.1,4068.4,2,1,4068.1,100,1,4068.0,265,5,4067.9,354,7,4067.8,237,3,4069.1,34,7,4069.2,12,3,4069.3,23,3,4069.4,55,4,4069.5,66,4
11483,2026-07-02 09:25:18+05:30,4069.1,3,4081.26,114265,80026.0,108706.0,4100.0,4110.0,4066.6,4092.6,21897750,4501.8,3683.4,4440.0,3288.1,4068.4,2,1,4068.1,100,1,4068.0,265,5,4067.9,354,7,4067.8,237,3,4069.1,34,7,4069.2,12,3,4069.3,23,3,4069.4,55,4,4069.5,66,4
11483,2026-07-02 09:25:19+05:30,4069.1,1,4081.26,114278,80494.0,108650.0,4100.0,4110.0,4066.6,4092.6,21897750,4501.8,3683.4,4440.0,3288.1,4069.0,41,3,4068.7,3,2,4068.4,2,1,4068.2,48,1,4068.1,148,2,4069.1,7,2,4069.4,6,1,4069.5,24,1,4069.6,19,1,4069.7,54,3
11483,2026-07-02 09:25:19+05:30,4068.2,4,4081.26,114278,80494.0,108650.0,4100.0,4110.0,4066.6,4092.6,21897750,4501.8,3683.4,4440.0,3288.1,4069.0,41,3,4068.7,3,2,4068.4,2,1,4068.2,48,1,4068.1,148,2,4069.1,7,2,4069.4,6,1,4069.5,24,1,4069.6,19,1,4069.7,54,3
11483,2026-07-02 09:25:21+05:30,4069.9,6,4081.25,114396,81156.0,108348.0,4100.0,4110.0,4066.6,4092.6,21897750,4501.8,3683.4,4440.0,3288.1,4069.0,90,2,4068.2,48,1,4068.1,100,1,4068.0,278,6,4067.9,343,7,4069.8,19,1,4069.9,52,4,4070.0,89,6,4070.1,79,3,4070.2,107,4
11483,2026-07-02 09:25:23+05:30,4069.4,37,4081.25,114396,81156.0,108348.0,4100.0,4110.0,4066.6,4092.6,21897750,4501.8,3683.4,4440.0,3288.1,4069.0,90,2,4068.2,48,1,4068.1,100,1,4068.0,278,6,4067.9,343,7,4069.8,19,1,4069.9,52,4,4070.0,89,6,4070.1,79,3,4070.2,107,4
11483,2026-07-02 09:25:28+05:30,4069.0,98,4081.17,115132,81115.0,109259.0,4100.0,4110.0,4066.6,4092.6,21897750,4501.8,3683.4,4440.0,3288.1,4068.2,1,1,4068.0,579,3,4067.9,334,6,4067.8,237,3,4067.7,2,1,4069.3,107,5,4069.4,32,1,4069.5,52,3,4069.6,93,4,4069.7,116,3
11483,2026-07-02 09:25:30+05:30,4067.4,3,4081.17,115132,81115.0,109259.0,4100.0,4110.0,4066.6,4092.6,21897750,4501.8,3683.4,4440.0,3288.1,4068.2,1,1,4068.0,579,3,4067.9,334,6,4067.8,237,3,4067.7,2,1,4069.3,107,5,4069.4,32,1,4069.5,52,3,4069.6,93,4,4069.7,116,3
11483,2026-07-02 09:25:36+05:30,4067.2,80,4080.97,116863,77169.0,110473.0,4100.0,4110.0,4066.6,4092.6,21897750,4501.8,3683.4,4440.0,3288.1,4067.0,10,1,4066.5,25,2,4066.1,27,1,4066.0,155,20,4065.9,13,1,4067.2,92,1,4067.8,3,1,4068.0,28,2,4068.1,32,1,4068.2,20,1
11483,2026-07-02 09:25:37+05:30,4067.0,3,4080.97,116863,77169.0,110473.0,4100.0,4110.0,4066.6,4092.6,21897750,4501.8,3683.4,4440.0,3288.1,4067.0,10,1,4066.5,25,2,4066.1,27,1,4066.0,155,20,4065.9,13,1,4067.2,92,1,4067.8,3,1,4068.0,28,2,4068.1,32,1,4068.2,20,1
11483,2026-07-02 09:25:44+05:30,4067.2,1,4080.96,116919,77858.0,110425.0,4100.0,4110.0,4066.6,4092.6,21897750,4501.8,3683.4,4440.0,3288.1,4067.0,36,4,4066.7,1,1,4066.6,1,1,4066.5,1,1,4066.4,24,1,4067.2,70,3,4067.4,1,1,4067.9,8,1,4068.0,17,1,4068.1,32,1
11483,2026-07-02 09:25:44+05:30,4067.0,1,4080.96,116919,77858.0,110425.0,4100.0,4110.0,4066.6,4092.6,21897750,4501.8,3683.4,4440.0,3288.1,4067.0,36,4,4066.7,1,1,4066.6,1,1,4066.5,1,1,4066.4,24,1,4067.2,70,3,4067.4,1,1,4067.9,8,1,4068.0,17,1,4068.1,32,1
11483,2026-07-02 09:25:51+05:30,4068.9,10,4080.83,118098,81481.0,107553.0,4100.0,4110.0,4066.6,4092.6,21897750,4501.8,3683.4,4440.0,3288.1,4068.0,109,7,4067.9,45,4,4067.8,10,1,4067.7,75,5,4067.6,22,3,4068.9,17,1,4069.9,59,2,4070.0,135,7,4070.1,135,4,4070.2,10,1
11483,2026-07-02 09:25:52+05:30,4068.9,10,4080.83,118098,81481.0,107553.0,4100.0,4110.0,4066.6,4092.6,21897750,4501.8,3683.4,4440.0,3288.1,4068.0,109,7,4067.9,45,4,4067.8,10,1,4067.7,75,5,4067.6,22,3,4068.9,17,1,4069.9,59,2,4070.0,135,7,4070.1,135,4,4070.2,10,1
11483,2026-07-02 09:25:59+05:30,4066.9,13,4080.69,119254,77451.0,110705.0,4100.0,4110.0,4065.0,4092.6,21897750,4501.8,3683.4,4440.0,3288.1,4066.0,120,1,4065.1,56,1,4065.0,2513,50,4064.9,13,1,4064.8,7,1,4066.5,16,1,4066.7,43,2,4066.9,14,1,4067.1,19,1,4067.2,7,1
11483,2026-07-02 09:26:00+05:30,4066.0,3,4080.69,119254,77451.0,110705.0,4100.0,4110.0,4065.0,4092.6,21897750,4501.8,3683.4,4440.0,3288.1,4066.0,120,1,4065.1,56,1,4065.0,2513,50,4064.9,13,1,4064.8,7,1,4066.5,16,1,4066.7,43,2,4066.9,14,1,4067.1,19,1,4067.2,7,1
11483,2026-07-02 09:26:01+05:30,4066.0,3,4080.69,119254,77451.0,110705.0,4100.0,4110.0,4065.0,4092.6,21897750,4501.8,3683.4,4440.0,3288.1,4066.0,120,1,4065.1,56,1,4065.0,2513,50,4064.9,13,1,4064.8,7,1,4066.5,16,1,4066.7,43,2,4066.9,14,1,4067.1,19,1,4067.2,7,1
11483,2026-07-02 09:26:02+05:30,4066.0,3,4080.69,119254,77451.0,110705.0,4100.0,4110.0,4065.0,4092.6,21897750,4501.8,3683.4,4440.0,3288.1,4066.0,120,1,4065.1,56,1,4065.0,2513,50,4064.9,13,1,4064.8,7,1,4066.5,16,1,4066.7,43,2,4066.9,14,1,4067.1,19,1,4067.2,7,1
11483,2026-07-02 09:26:03+05:30,4066.0,3,4080.69,119254,77451.0,110705.0,4100.0,4110.0,4065.0,4092.6,21897750,4501.8,3683.4,4440.0,3288.1,4066.0,120,1,4065.1,56,1,4065.0,2513,50,4064.9,13,1,4064.8,7,1,4066.5,16,1,4066.7,43,2,4066.9,14,1,4067.1,19,1,4067.2,7,1
11483,2026-07-02 09:26:04+05:30,4066.0,3,4080.69,119254,77451.0,110705.0,4100.0,4110.0,4065.0,4092.6,21897750,4501.8,3683.4,4440.0,3288.1,4066.0,120,1,4065.1,56,1,4065.0,2513,50,4064.9,13,1,4064.8,7,1,4066.5,16,1,4066.7,43,2,4066.9,14,1,4067.1,19,1,4067.2,7,1
11483,2026-07-02 09:26:04+05:30,4066.0,3,4080.69,119254,77451.0,110705.0,4100.0,4110.0,4065.0,4092.6,21917875,4501.8,3683.4,4440.0,3288.1,4066.0,120,1,4065.1,56,1,4065.0,2513,50,4064.9,13,1,4064.8,7,1,4066.5,16,1,4066.7,43,2,4066.9,14,1,4067.1,19,1,4067.2,7,1
11483,2026-07-02 09:26:05+05:30,4066.0,3,4080.69,119254,77451.0,110705.0,4100.0,4110.0,4065.0,4092.6,21917875,4501.8,3683.4,4440.0,3288.1,4066.0,120,1,4065.1,56,1,4065.0,2513,50,4064.9,13,1,4064.8,7,1,4066.5,16,1,4066.7,43,2,4066.9,14,1,4067.1,19,1,4067.2,7,1
11483,2026-07-02 09:26:06+05:30,4066.0,3,4080.69,119254,77451.0,110705.0,4100.0,4110.0,4065.0,4092.6,21917875,4501.8,3683.4,4440.0,3288.1,4066.0,120,1,4065.1,56,1,4065.0,2513,50,4064.9,13,1,4064.8,7,1,4066.5,16,1,4066.7,43,2,4066.9,14,1,4067.1,19,1,4067.2,7,1
11483,2026-07-02 09:26:06+05:30,4065.1,16,4080.64,119668,77967.0,110444.0,4100.0,4110.0,4065.0,4092.6,21917875,4501.8,3683.4,4440.0,3288.1,4066.0,15,1,4065.5,88,3,4065.4,16,1,4065.3,29,3,4065.2,64,3,4066.7,11,2,4067.4,35,2,4067.5,13,1,4067.6,50,2,4067.7,48,1
11483,2026-07-02 09:26:08+05:30,4067.0,1,4080.64,119668,77967.0,110444.0,4100.0,4110.0,4065.0,4092.6,21917875,4501.8,3683.4,4440.0,3288.1,4066.0,15,1,4065.5,88,3,4065.4,16,1,4065.3,29,3,4065.2,64,3,4066.7,11,2,4067.4,35,2,4067.5,13,1,4067.6,50,2,4067.7,48,1
11483,2026-07-02 09:26:14+05:30,4066.9,5,4080.63,119742,79678.0,109414.0,4100.0,4110.0,4065.0,4092.6,21917875,4501.8,3683.4,4440.0,3288.1,4066.9,6,2,4066.8,25,1,4066.7,25,2,4066.5,1,1,4066.3,14,1,4068.5,11,1,4068.6,83,5,4068.7,64,5,4068.8,28,3,4068.9,42,3
11483,2026-07-02 09:26:16+05:30,4067.4,1,4080.63,119742,79678.0,109414.0,4100.0,4110.0,4065.0,4092.6,21917875,4501.8,3683.4,4440.0,3288.1,4066.9,6,2,4066.8,25,1,4066.7,25,2,4066.5,1,1,4066.3,14,1,4068.5,11,1,4068.6,83,5,4068.7,64,5,4068.8,28,3,4068.9,42,3
11483,2026-07-02 09:26:20+05:30,4068.7,13,4080.63,119783,81741.0,108270.0,4100.0,4110.0,4065.0,4092.6,21917875,4501.8,3683.4,4440.0,3288.1,4068.3,51,3,4068.2,37,3,4068.1,27,5,4068.0,76,4,4067.9,14,2,4068.7,82,1,4068.8,15,1,4068.9,16,1,4069.8,20,2,4069.9,45,2
11483,2026-07-02 09:26:20+05:30,4068.7,25,4080.63,119783,81741.0,108270.0,4100.0,4110.0,4065.0,4092.6,21917875,4501.8,3683.4,4440.0,3288.1,4068.3,51,3,4068.2,37,3,4068.1,27,5,4068.0,76,4,4067.9,14,2,4068.7,82,1,4068.8,15,1,4068.9,16,1,4069.8,20,2,4069.9,45,2
11483,2026-07-02 09:26:21+05:30,4068.7,1,4080.63,119809,81745.0,108467.0,4100.0,4110.0,4065.0,4092.6,21917875,4501.8,3683.4,4440.0,3288.1,4068.3,24,1,4068.2,3,1,4068.1,16,4,4068.0,70,4,4067.9,14,2,4068.7,56,1,4068.8,15,1,4068.9,16,1,4069.8,84,3,4069.9,45,2
11483,2026-07-02 09:26:21+05:30,4068.3,15,4080.63,119809,81745.0,108467.0,4100.0,4110.0,4065.0,4092.6,21917875,4501.8,3683.4,4440.0,3288.1,4068.3,24,1,4068.2,3,1,4068.1,16,4,4068.0,70,4,4067.9,14,2,4068.7,56,1,4068.8,15,1,4068.9,16,1,4069.8,84,3,4069.9,45,2
11483,2026-07-02 09:26:22+05:30,4068.7,9,4080.62,119887,81695.0,108485.0,4100.0,4110.0,4065.0,4092.6,21917875,4501.8,3683.4,4440.0,3288.1,4068.2,51,3,4068.1,14,2,4068.0,27,3,4067.9,14,2,4067.8,35,3,4068.7,48,2,4068.8,15,1,4068.9,16,1,4069.8,84,3,4069.9,45,2
11483,2026-07-02 09:26:23+05:30,4068.7,9,4080.62,119887,81695.0,108485.0,4100.0,4110.0,4065.0,4092.6,21917875,4501.8,3683.4,4440.0,3288.1,4068.2,51,3,4068.1,14,2,4068.0,27,3,4067.9,14,2,4067.8,35,3,4068.7,48,2,4068.8,15,1,4068.9,16,1,4069.8,84,3,4069.9,45,2
11483,2026-07-02 09:26:23+05:30,4068.7,10,4080.62,119897,81792.0,108288.0,4100.0,4110.0,4065.0,4092.6,21917875,4501.8,3683.4,4440.0,3288.1,4067.8,38,3,4067.7,14,2,4067.6,54,3,4067.5,28,3,4067.4,29,4,4068.7,38,2,4068.8,15,1,4068.9,16,1,4069.8,84,3,4069.9,45,2
11483,2026-07-02 09:26:23+05:30,4068.7,10,4080.62,119897,81792.0,108288.0,4100.0,4110.0,4065.0,4092.6,21917875,4501.8,3683.4,4440.0,3288.1,4067.8,38,3,4067.7,14,2,4067.6,54,3,4067.5,28,3,4067.4,29,4,4068.7,38,2,4068.8,15,1,4068.9,16,1,4069.8,84,3,4069.9,45,2
11483,2026-07-02 09:26:24+05:30,4067.8,3,4080.62,119914,81876.0,108309.0,4100.0,4110.0,4065.0,4092.6,21917875,4501.8,3683.4,4440.0,3288.1,4067.8,35,3,4067.7,14,2,4067.6,24,2,4067.5,28,3,4067.4,29,4,4068.7,44,3,4068.8,15,1,4068.9,16,1,4069.8,84,3,4069.9,45,2
11483,2026-07-02 09:26:24+05:30,4067.8,3,4080.62,119914,81876.0,108309.0,4100.0,4110.0,4065.0,4092.6,21917875,4501.8,3683.4,4440.0,3288.1,4067.8,35,3,4067.7,14,2,4067.6,24,2,4067.5,28,3,4067.4,29,4,4068.7,44,3,4068.8,15,1,4068.9,16,1,4069.8,84,3,4069.9,45,2
11483,2026-07-02 09:26:25+05:30,4067.0,6,4080.61,119970,81970.0,108985.0,4100.0,4110.0,4065.0,4092.6,21917875,4501.8,3683.4,4440.0,3288.1,4067.5,12,1,4067.4,39,3,4067.3,15,2,4067.2,79,4,4067.1,33,2,4068.7,37,2,4068.8,77,4,4068.9,16,1,4069.2,18,1,4069.4,33,2
11483,2026-07-02 09:26:25+05:30,4067.0,6,4080.61,119970,81970.0,108985.0,4100.0,4110.0,4065.0,4092.6,21917875,4501.8,3683.4,4440.0,3288.1,4067.5,12,1,4067.4,39,3,4067.3,15,2,4067.2,79,4,4067.1,33,2,4068.7,37,2,4068.8,77,4,4068.9,16,1,4069.2,18,1,4069.4,33,2
11483,2026-07-02 09:26:26+05:30,4068.7,1,4080.61,119970,81970.0,108985.0,4100.0,4110.0,4065.0,4092.6,21917875,4501.8,3683.4,4440.0,3288.1,4067.5,12,1,4067.4,39,3,4067.3,15,2,4067.2,79,4,4067.1,33,2,4068.7,37,2,4068.8,77,4,4068.9,16,1,4069.2,18,1,4069.4,33,2
11483,2026-07-02 09:26:26+05:30,4068.7,1,4080.61,120008,81875.0,108871.0,4100.0,4110.0,4065.0,4092.6,21917875,4501.8,3683.4,4440.0,3288.1,4067.4,24,1,4067.3,12,1,4067.2,46,2,4067.1,29,2,4067.0,40,3,4068.7,97,1,4068.8,77,4,4068.9,16,1,4069.2,18,1,4069.3,19,1
11483,2026-07-02 09:26:27+05:30,4068.7,3,4080.61,120008,81875.0,108871.0,4100.0,4110.0,4065.0,4092.6,21917875,4501.8,3683.4,4440.0,3288.1,4067.4,24,1,4067.3,12,1,4067.2,46,2,4067.1,29,2,4067.0,40,3,4068.7,97,1,4068.8,77,4,4068.9,16,1,4069.2,18,1,4069.3,19,1
11483,2026-07-02 09:26:27+05:30,4068.7,25,4080.6,120036,81946.0,108694.0,4100.0,4110.0,4065.0,4092.6,21917875,4501.8,3683.4,4440.0,3288.1,4068.0,10,1,4067.4,35,2,4067.3,27,2,4067.2,46,2,4067.1,3,1,4068.7,69,1,4068.8,77,4,4068.9,16,1,4069.4,13,1,4069.6,58,2
11483,2026-07-02 09:26:28+05:30,4068.7,3,4080.6,120036,81946.0,108694.0,4100.0,4110.0,4065.0,4092.6,21917875,4501.8,3683.4,4440.0,3288.1,4068.0,10,1,4067.4,35,2,4067.3,27,2,4067.2,46,2,4067.1,3,1,4068.7,69,1,4068.8,77,4,4068.9,16,1,4069.4,13,1,4069.6,58,2
11483,2026-07-02 09:26:29+05:30,4068.7,3,4080.6,120089,81827.0,108603.0,4100.0,4110.0,4065.0,4092.6,21917875,4501.8,3683.4,4440.0,3288.1,4068.0,10,1,4067.5,16,1,4067.4,35,2,4067.3,27,2,4067.2,47,2,4068.7,20,4,4068.8,75,2,4068.9,16,1,4069.5,18,2,4069.6,34,1
11483,2026-07-02 09:26:29+05:30,4068.7,5,4080.6,120089,81827.0,108603.0,4100.0,4110.0,4065.0,4092.6,21917875,4501.8,3683.4,4440.0,3288.1,4068.0,10,1,4067.5,16,1,4067.4,35,2,4067.3,27,2,4067.2,47,2,4068.7,20,4,4068.8,75,2,4068.9,16,1,4069.5,18,2,4069.6,34,1
11483,2026-07-02 09:26:30+05:30,4068.7,5,4080.6,120097,81928.0,109050.0,4100.0,4110.0,4065.0,4092.6,21917875,4501.8,3683.4,4440.0,3288.1,4068.0,10,1,4067.4,35,2,4067.3,27,2,4067.2,80,3,4067.1,27,2,4068.7,233,5,4068.8,75,2,4068.9,16,1,4069.5,18,2,4069.7,25,2
11483,2026-07-02 09:26:30+05:30,4068.7,3,4080.6,120097,81928.0,109050.0,4100.0,4110.0,4065.0,4092.6,21917875,4501.8,3683.4,4440.0,3288.1,4068.0,10,1,4067.4,35,2,4067.3,27,2,4067.2,80,3,4067.1,27,2,4068.7,233,5,4068.8,75,2,4068.9,16,1,4069.5,18,2,4069.7,25,2
11483,2026-07-02 09:26:31+05:30,4068.7,3,4080.59,120140,82077.0,108726.0,4100.0,4110.0,4065.0,4092.6,21917875,4501.8,3683.4,4440.0,3288.1,4068.0,11,1,4067.4,59,3,4067.3,27,2,4067.2,105,4,4067.1,27,2,4068.7,401,3,4068.8,75,2,4068.9,16,1,4069.5,13,1,4069.7,6,1
11483,2026-07-02 09:26:31+05:30,4068.7,5,4080.59,120140,82077.0,108726.0,4100.0,4110.0,4065.0,4092.6,21917875,4501.8,3683.4,4440.0,3288.1,4068.0,11,1,4067.4,59,3,4067.3,27,2,4067.2,105,4,4067.1,27,2,4068.7,401,3,4068.8,75,2,4068.9,16,1,4069.5,13,1,4069.7,6,1
11483,2026-07-02 09:26:32+05:30,4068.7,1,4080.58,120295,82058.0,108721.0,4100.0,4110.0,4065.0,4092.6,21917875,4501.8,3683.4,4440.0,3288.1,4068.0,11,1,4067.6,16,1,4067.5,50,3,4067.4,36,3,4067.3,27,2,4068.7,250,4,4068.8,75,2,4068.9,16,1,4069.8,26,1,4069.9,45,2
11483,2026-07-02 09:26:32+05:30,4068.7,52,4080.58,120295,82058.0,108721.0,4100.0,4110.0,4065.0,4092.6,21917875,4501.8,3683.4,4440.0,3288.1,4068.0,11,1,4067.6,16,1,4067.5,50,3,4067.4,36,3,4067.3,27,2,4068.7,250,4,4068.8,75,2,4068.9,16,1,4069.8,26,1,4069.9,45,2
11483,2026-07-02 09:26:33+05:30,4068.7,5,4080.57,120404,82022.0,108663.0,4100.0,4110.0,4065.0,4092.6,21917875,4501.8,3683.4,4440.0,3288.1,4068.0,11,1,4067.5,26,2,4067.4,46,4,4067.3,27,2,4067.2,47,2,4068.7,141,3,4068.8,75,2,4068.9,16,1,4069.7,34,1,4069.8,26,1
11483,2026-07-02 09:26:33+05:30,4068.7,5,4080.57,120404,82022.0,108663.0,4100.0,4110.0,4065.0,4092.6,21917875,4501.8,3683.4,4440.0,3288.1,4068.0,11,1,4067.5,26,2,4067.4,46,4,4067.3,27,2,4067.2,47,2,4068.7,141,3,4068.8,75,2,4068.9,16,1,4069.7,34,1,4069.8,26,1
11483,2026-07-02 09:26:34+05:30,4068.7,1,4080.57,120408,82044.0,108862.0,4100.0,4110.0,4065.0,4092.6,21917875,4501.8,3683.4,4440.0,3288.1,4068.0,11,1,4067.5,1,1,4067.4,46,4,4067.3,27,2,4067.2,47,2,4068.7,137,3,4068.8,75,2,4068.9,16,1,4069.7,53,2,4069.8,26,1
11483,2026-07-02 09:26:34+05:30,4068.7,1,4080.57,120408,82044.0,108862.0,4100.0,4110.0,4065.0,4092.6,21917875,4501.8,3683.4,4440.0,3288.1,4068.0,11,1,4067.5,1,1,4067.4,46,4,4067.3,27,2,4067.2,47,2,4068.7,137,3,4068.8,75,2,4068.9,16,1,4069.7,53,2,4069.8,26,1
11483,2026-07-02 09:26:35+05:30,4068.7,7,4080.56,120450,82010.0,108827.0,4100.0,4110.0,4065.0,4092.6,21917875,4501.8,3683.4,4440.0,3288.1,4068.0,11,1,4067.5,1,1,4067.4,46,4,4067.3,27,2,4067.2,47,2,4068.7,95,2,4068.8,75,2,4068.9,16,1,4069.7,53,2,4069.8,26,1
11483,2026-07-02 09:26:35+05:30,4068.7,7,4080.56,120450,82010.0,108827.0,4100.0,4110.0,4065.0,4092.6,21917875,4501.8,3683.4,4440.0,3288.1,4068.0,11,1,4067.5,1,1,4067.4,46,4,4067.3,27,2,4067.2,47,2,4068.7,95,2,4068.8,75,2,4068.9,16,1,4069.7,53,2,4069.8,26,1
11483,2026-07-02 09:26:36+05:30,4068.7,1,4080.56,120452,81669.0,108693.0,4100.0,4110.0,4065.0,4092.6,21917875,4501.8,3683.4,4440.0,3288.1,4068.0,11,1,4067.5,1,1,4067.4,46,4,4067.3,12,1,4067.2,74,3,4068.7,93,2,4068.8,75,2,4068.9,16,1,4069.5,34,1,4069.6,54,2
11483,2026-07-02 09:26:36+05:30,4068.7,2,4080.56,120452,81669.0,108693.0,4100.0,4110.0,4065.0,4092.6,21917875,4501.8,3683.4,4440.0,3288.1,4068.0,11,1,4067.5,1,1,4067.4,46,4,4067.3,12,1,4067.2,74,3,4068.7,93,2,4068.8,75,2,4068.9,16,1,4069.5,34,1,4069.6,54,2
11483,2026-07-02 09:26:37+05:30,4068.7,1,4080.56,120455,81796.0,108699.0,4100.0,4110.0,4065.0,4092.6,21917875,4501.8,3683.4,4440.0,3288.1,4068.0,12,2,4067.5,46,2,4067.4,46,4,4067.3,12,1,4067.2,96,4,4068.7,91,3,4068.8,75,2,4068.9,16,1,4069.6,13,1,4069.7,35,1
11483,2026-07-02 09:26:37+05:30,4068.7,1,4080.56,120455,81796.0,108699.0,4100.0,4110.0,4065.0,4092.6,21917875,4501.8,3683.4,4440.0,3288.1,4068.0,12,2,4067.5,46,2,4067.4,46,4,4067.3,12,1,4067.2,96,4,4068.7,91,3,4068.8,75,2,4068.9,16,1,4069.6,13,1,4069.7,35,1
11483,2026-07-02 09:26:38+05:30,4068.7,5,4080.56,120455,81796.0,108699.0,4100.0,4110.0,4065.0,4092.6,21917875,4501.8,3683.4,4440.0,3288.1,4068.0,12,2,4067.5,46,2,4067.4,46,4,4067.3,12,1,4067.2,96,4,4068.7,91,3,4068.8,75,2,4068.9,16,1,4069.6,13,1,4069.7,35,1
11483,2026-07-02 09:26:38+05:30,4068.7,5,4080.56,120466,82221.0,108454.0,4100.0,4110.0,4065.0,4092.6,21917875,4501.8,3683.4,4440.0,3288.1,4068.0,72,5,4067.7,36,2,4067.6,22,1,4067.5,49,2,4067.4,96,6,4068.7,80,3,4068.8,75,2,4068.9,16,1,4069.6,13,1,4069.9,45,2
11483,2026-07-02 09:26:39+05:30,4068.7,1,4080.56,120466,82221.0,108454.0,4100.0,4110.0,4065.0,4092.6,21917875,4501.8,3683.4,4440.0,3288.1,4068.0,72,5,4067.7,36,2,4067.6,22,1,4067.5,49,2,4067.4,96,6,4068.7,80,3,4068.8,75,2,4068.9,16,1,4069.6,13,1,4069.9,45,2
11483,2026-07-02 09:26:39+05:30,4068.7,1,4080.56,120488,82330.0,108466.0,4100.0,4110.0,4065.0,4092.6,21917875,4501.8,3683.4,4440.0,3288.1,4068.0,54,4,4067.8,17,1,4067.7,24,1,4067.6,26,1,4067.5,49,2,4068.7,64,4,4068.8,75,2,4068.9,16,1,4069.8,15,1,4069.9,45,2
11483,2026-07-02 09:26:40+05:30,4068.7,1,4080.56,120488,82330.0,108466.0,4100.0,4110.0,4065.0,4092.6,21917875,4501.8,3683.4,4440.0,3288.1,4068.0,54,4,4067.8,17,1,4067.7,24,1,4067.6,26,1,4067.5,49,2,4068.7,64,4,4068.8,75,2,4068.9,16,1,4069.8,15,1,4069.9,45,2
11483,2026-07-02 09:26:41+05:30,4068.7,1,4080.56,120489,82795.0,108537.0,4100.0,4110.0,4065.0,4092.6,21917875,4501.8,3683.4,4440.0,3288.1,4068.1,464,4,4068.0,51,4,4067.8,17,1,4067.7,24,1,4067.5,49,2,4068.7,63,4,4068.8,75,2,4068.9,16,1,4069.0,85,1,4069.8,15,1
11483,2026-07-02 09:26:41+05:30,4068.7,1,4080.56,120489,82795.0,108537.0,4100.0,4110.0,4065.0,4092.6,21917875,4501.8,3683.4,4440.0,3288.1,4068.1,464,4,4068.0,51,4,4067.8,17,1,4067.7,24,1,4067.5,49,2,4068.7,63,4,4068.8,75,2,4068.9,16,1,4069.0,85,1,4069.8,15,1
11483,2026-07-02 09:26:42+05:30,4068.7,1,4080.56,120493,82882.0,108555.0,4100.0,4110.0,4065.0,4092.6,21917875,4501.8,3683.4,4440.0,3288.1,4068.1,464,4,4068.0,51,4,4067.8,17,1,4067.7,24,1,4067.5,49,2,4068.7,59,4,4068.8,75,2,4068.9,16,1,4069.0,85,1,4069.8,15,1
11483,2026-07-02 09:26:42+05:30,4068.7,10,4080.56,120493,82882.0,108555.0,4100.0,4110.0,4065.0,4092.6,21917875,4501.8,3683.4,4440.0,3288.1,4068.1,464,4,4068.0,51,4,4067.8,17,1,4067.7,24,1,4067.5,49,2,4068.7,59,4,4068.8,75,2,4068.9,16,1,4069.0,85,1,4069.8,15,1
11483,2026-07-02 09:26:43+05:30,4068.7,1,4080.55,120547,83081.0,108677.0,4100.0,4110.0,4065.0,4092.6,21917875,4501.8,3683.4,4440.0,3288.1,4068.1,466,4,4068.0,27,3,4067.8,17,1,4067.7,46,2,4067.5,49,2,4068.7,16,4,4068.8,75,2,4068.9,16,1,4069.0,85,1,4069.9,72,3
11483,2026-07-02 09:26:43+05:30,4068.7,3,4080.55,120547,83081.0,108677.0,4100.0,4110.0,4065.0,4092.6,21917875,4501.8,3683.4,4440.0,3288.1,4068.1,466,4,4068.0,27,3,4067.8,17,1,4067.7,46,2,4067.5,49,2,4068.7,16,4,4068.8,75,2,4068.9,16,1,4069.0,85,1,4069.9,72,3
11483,2026-07-02 09:26:44+05:30,4068.7,1,4080.55,120558,83010.0,108519.0,4100.0,4110.0,4065.0,4092.6,21917875,4501.8,3683.4,4440.0,3288.1,4068.1,478,6,4068.0,27,3,4067.8,17,1,4067.7,24,1,4067.5,90,5,4068.7,38,4,4068.8,75,2,4068.9,16,1,4069.0,85,1,4069.9,59,2
11483,2026-07-02 09:26:44+05:30,4068.7,1,4080.55,120558,83010.0,108519.0,4100.0,4110.0,4065.0,4092.6,21917875,4501.8,3683.4,4440.0,3288.1,4068.1,478,6,4068.0,27,3,4067.8,17,1,4067.7,24,1,4067.5,90,5,4068.7,38,4,4068.8,75,2,4068.9,16,1,4069.0,85,1,4069.9,59,2
11483,2026-07-02 09:26:45+05:30,4068.8,46,4080.54,120657,83099.0,108321.0,4100.0,4110.0,4065.0,4092.6,21917875,4501.8,3683.4,4440.0,3288.1,4068.7,62,1,4068.1,454,5,4068.0,27,3,4067.8,17,1,4067.7,24,1,4068.8,15,2,4068.9,16,1,4069.0,85,1,4069.9,59,2,4070.0,255,9
11483,2026-07-02 09:26:45+05:30,4068.8,3,4080.54,120657,83099.0,108321.0,4100.0,4110.0,4065.0,4092.6,21917875,4501.8,3683.4,4440.0,3288.1,4068.7,62,1,4068.1,454,5,4068.0,27,3,4067.8,17,1,4067.7,24,1,4068.8,15,2,4068.9,16,1,4069.0,85,1,4069.9,59,2,4070.0,255,9
11483,2026-07-02 09:26:46+05:30,4068.8,1,4080.54,120670,83058.0,108365.0,4100.0,4110.0,4065.0,4092.6,21917875,4501.8,3683.4,4440.0,3288.1,4068.7,63,2,4068.1,454,5,4068.0,27,3,4067.8,17,1,4067.7,24,1,4068.8,2,2,4068.9,16,1,4069.0,85,1,4069.8,64,1,4069.9,32,1
11483,2026-07-02 09:26:46+05:30,4068.8,1,4080.54,120670,83058.0,108365.0,4100.0,4110.0,4065.0,4092.6,21917875,4501.8,3683.4,4440.0,3288.1,4068.7,63,2,4068.1,454,5,4068.0,27,3,4067.8,17,1,4067.7,24,1,4068.8,2,2,4068.9,16,1,4069.0,85,1,4069.8,64,1,4069.9,32,1
11483,2026-07-02 09:26:47+05:30,4068.8,1,4080.54,120671,83427.0,108469.0,4100.0,4110.0,4065.0,4092.6,21917875,4501.8,3683.4,4440.0,3288.1,4068.7,63,2,4068.1,443,4,4068.0,27,3,4067.5,55,3,4067.4,95,5,4068.8,61,2,4068.9,16,1,4069.0,85,1,4069.9,32,1,4070.0,268,10
11483,2026-07-02 09:26:47+05:30,4068.8,140,4080.54,120671,83427.0,108469.0,4100.0,4110.0,4065.0,4092.6,21917875,4501.8,3683.4,4440.0,3288.1,4068.7,63,2,4068.1,443,4,4068.0,27,3,4067.5,55,3,4067.4,95,5,4068.8,61,2,4068.9,16,1,4069.0,85,1,4069.9,32,1,4070.0,268,10
11483,2026-07-02 09:26:48+05:30,4069.9,1,4080.51,120973,84839.0,107039.0,4100.0,4110.0,4065.0,4092.6,21917875,4501.8,3683.4,4440.0,3288.1,4068.9,62,4,4068.8,27,2,4068.7,105,6,4068.6,24,1,4068.5,5,1,4069.9,31,1,4070.0,255,9,4070.1,36,1,4070.2,10,1,4071.1,45,2
11483,2026-07-02 09:26:48+05:30,4069.9,1,4080.51,120973,84839.0,107039.0,4100.0,4110.0,4065.0,4092.6,21917875,4501.8,3683.4,4440.0,3288.1,4068.9,62,4,4068.8,27,2,4068.7,105,6,4068.6,24,1,4068.5,5,1,4069.9,31,1,4070.0,255,9,4070.1,36,1,4070.2,10,1,4071.1,45,2
11483,2026-07-02 09:26:49+05:30,4069.9,1,4080.51,120973,84839.0,107039.0,4100.0,4110.0,4065.0,4092.6,21917875,4501.8,3683.4,4440.0,3288.1,4068.9,62,4,4068.8,27,2,4068.7,105,6,4068.6,24,1,4068.5,5,1,4069.9,31,1,4070.0,255,9,4070.1,36,1,4070.2,10,1,4071.1,45,2
11483,2026-07-02 09:26:49+05:30,4069.9,1,4080.51,120974,83811.0,106850.0,4100.0,4110.0,4065.0,4092.6,21917875,4501.8,3683.4,4440.0,3288.1,4068.9,1,1,4068.8,47,3,4068.7,93,4,4068.4,59,2,4068.2,30,1,4069.9,30,1,4070.0,290,10,4070.1,36,1,4070.2,10,1,4070.7,39,2
11483,2026-07-02 09:26:50+05:30,4069.9,1,4080.51,120979,83780.0,107478.0,4100.0,4110.0,4065.0,4092.6,21917875,4501.8,3683.4,4440.0,3288.1,4068.8,17,2,4068.7,94,5,4068.5,6,1,4068.1,420,4,4068.0,28,4,4069.9,58,4,4070.0,304,12,4070.1,36,1,4070.2,19,2,4070.4,19,1
11483,2026-07-02 09:26:50+05:30,4069.9,1,4080.51,120979,83780.0,107478.0,4100.0,4110.0,4065.0,4092.6,21917875,4501.8,3683.4,4440.0,3288.1,4068.8,17,2,4068.7,94,5,4068.5,6,1,4068.1,420,4,4068.0,28,4,4069.9,58,4,4070.0,304,12,4070.1,36,1,4070.2,19,2,4070.4,19,1
11483,2026-07-02 09:26:51+05:30,4069.1,2,4080.51,120979,83780.0,107478.0,4100.0,4110.0,4065.0,4092.6,21917875,4501.8,3683.4,4440.0,3288.1,4068.8,17,2,4068.7,94,5,4068.5,6,1,4068.1,420,4,4068.0,28,4,4069.9,58,4,4070.0,304,12,4070.1,36,1,4070.2,19,2,4070.4,19,1
11483,2026-07-02 09:26:51+05:30,4069.1,2,4080.49,121151,83208.0,108067.0,4100.0,4110.0,4065.0,4092.6,21917875,4501.8,3683.4,4440.0,3288.1,4068.1,420,4,4068.0,28,4,4067.4,10,1,4067.2,35,1,4067.1,13,1,4069.1,17,3,4069.2,24,3,4069.3,27,3,4069.4,38,3,4069.5,89,4
11483,2026-07-02 09:26:52+05:30,4069.0,1,4080.49,121151,83208.0,108067.0,4100.0,4110.0,4065.0,4092.6,21917875,4501.8,3683.4,4440.0,3288.1,4068.1,420,4,4068.0,28,4,4067.4,10,1,4067.2,35,1,4067.1,13,1,4069.1,17,3,4069.2,24,3,4069.3,27,3,4069.4,38,3,4069.5,89,4
11483,2026-07-02 09:26:53+05:30,4069.0,1,4080.49,121153,83610.0,107887.0,4100.0,4110.0,4065.0,4092.6,21917875,4501.8,3683.4,4440.0,3288.1,4069.0,35,1,4068.8,5,1,4068.1,420,4,4068.0,33,5,4067.4,23,2,4069.4,16,2,4069.5,17,2,4069.6,3,1,4069.7,27,3,4069.8,83,6
11483,2026-07-02 09:26:53+05:30,4069.4,1,4080.49,121153,83610.0,107887.0,4100.0,4110.0,4065.0,4092.6,21917875,4501.8,3683.4,4440.0,3288.1,4069.0,35,1,4068.8,5,1,4068.1,420,4,4068.0,33,5,4067.4,23,2,4069.4,16,2,4069.5,17,2,4069.6,3,1,4069.7,27,3,4069.8,83,6
11483,2026-07-02 09:26:54+05:30,4069.0,1,4080.49,121160,84698.0,107958.0,4100.0,4110.0,4065.0,4092.6,21917875,4501.8,3683.4,4440.0,3288.1,4069.0,30,1,4068.8,5,1,4068.4,18,1,4068.3,48,1,4068.2,48,1,4069.7,5,1,4069.8,41,4,4069.9,70,5,4070.0,295,11,4070.1,36,1
11483,2026-07-02 09:26:54+05:30,4069.7,4,4080.49,121160,84698.0,107958.0,4100.0,4110.0,4065.0,4092.6,21917875,4501.8,3683.4,4440.0,3288.1,4069.0,30,1,4068.8,5,1,4068.4,18,1,4068.3,48,1,4068.2,48,1,4069.7,5,1,4069.8,41,4,4069.9,70,5,4070.0,295,11,4070.1,36,1
11483,2026-07-02 09:26:55+05:30,4069.7,1,4080.49,121166,84788.0,107961.0,4100.0,4110.0,4065.0,4092.6,21917875,4501.8,3683.4,4440.0,3288.1,4069.0,31,2,4068.8,5,1,4068.5,1,1,4068.3,48,1,4068.2,48,1,4069.7,5,1,4069.8,24,2,4069.9,31,2,4070.0,295,11,4070.1,36,1
11483,2026-07-02 09:26:55+05:30,4069.7,1,4080.49,121166,84788.0,107961.0,4100.0,4110.0,4065.0,4092.6,21917875,4501.8,3683.4,4440.0,3288.1,4069.0,31,2,4068.8,5,1,4068.5,1,1,4068.3,48,1,4068.2,48,1,4069.7,5,1,4069.8,24,2,4069.9,31,2,4070.0,295,11,4070.1,36,1
11483,2026-07-02 09:26:56+05:30,4069.7,1,4080.49,121167,84876.0,107621.0,4100.0,4110.0,4065.0,4092.6,21917875,4501.8,3683.4,4440.0,3288.1,4069.0,31,2,4068.8,5,1,4068.5,1,1,4068.3,48,1,4068.2,48,1,4069.7,4,1,4069.8,24,2,4069.9,32,3,4070.0,295,11,4070.1,36,1
11483,2026-07-02 09:26:56+05:30,4069.7,1,4080.49,121167,84876.0,107621.0,4100.0,4110.0,4065.0,4092.6,21917875,4501.8,3683.4,4440.0,3288.1,4069.0,31,2,4068.8,5,1,4068.5,1,1,4068.3,48,1,4068.2,48,1,4069.7,4,1,4069.8,24,2,4069.9,32,3,4070.0,295,11,4070.1,36,1
11483,2026-07-02 09:26:57+05:30,4069.8,1,4080.49,121168,85206.0,107671.0,4100.0,4110.0,4065.0,4092.6,21917875,4501.8,3683.4,4440.0,3288.1,4069.0,31,2,4068.8,5,1,4068.6,5,1,4068.5,61,2,4068.4,72,2,4069.8,23,2,4069.9,32,3,4070.0,290,10,4070.1,36,1,4070.2,10,1
11483,2026-07-02 09:26:57+05:30,4069.8,7,4080.49,121168,85206.0,107671.0,4100.0,4110.0,4065.0,4092.6,21917875,4501.8,3683.4,4440.0,3288.1,4069.0,31,2,4068.8,5,1,4068.6,5,1,4068.5,61,2,4068.4,72,2,4069.8,23,2,4069.9,32,3,4070.0,290,10,4070.1,36,1,4070.2,10,1
11483,2026-07-02 09:26:58+05:30,4069.9,1,4080.49,121186,85282.0,107644.0,4100.0,4110.0,4065.0,4092.6,21917875,4501.8,3683.4,4440.0,3288.1,4069.0,27,3,4068.8,12,2,4068.7,3,1,4068.6,5,1,4068.5,61,2,4069.9,35,3,4070.0,290,10,4070.1,36,1,4070.2,10,1,4070.5,13,1
11483,2026-07-02 09:26:58+05:30,4069.9,1,4080.49,121186,85282.0,107644.0,4100.0,4110.0,4065.0,4092.6,21917875,4501.8,3683.4,4440.0,3288.1,4069.0,27,3,4068.8,12,2,4068.7,3,1,4068.6,5,1,4068.5,61,2,4069.9,35,3,4070.0,290,10,4070.1,36,1,4070.2,10,1,4070.5,13,1
11483,2026-07-02 09:26:59+05:30,4069.9,1,4080.49,121187,85448.0,107861.0,4100.0,4110.0,4065.0,4092.6,21917875,4501.8,3683.4,4440.0,3288.1,4069.0,75,5,4068.8,32,3,4068.7,25,2,4068.6,29,2,4068.5,89,4,4069.9,28,2,4070.0,290,10,4070.1,36,1,4070.2,10,1,4071.1,32,1
11483,2026-07-02 09:26:59+05:30,4069.9,1,4080.49,121187,85448.0,107861.0,4100.0,4110.0,4065.0,4092.6,21917875,4501.8,3683.4,4440.0,3288.1,4069.0,75,5,4068.8,32,3,4068.7,25,2,4068.6,29,2,4068.5,89,4,4069.9,28,2,4070.0,290,10,4070.1,36,1,4070.2,10,1,4071.1,32,1
11483,2026-07-02 09:27:00+05:30,4069.9,1,4080.49,121207,85074.0,107736.0,4100.0,4110.0,4065.0,4092.6,21917875,4501.8,3683.4,4440.0,3288.1,4069.7,32,1,4069.0,27,3,4068.8,32,3,4068.7,20,2,4068.5,6,2,4069.9,26,2,4070.0,290,10,4070.1,42,2,4070.2,10,1,4070.5,9,1
11483,2026-07-02 09:27:00+05:30,4069.9,4,4080.49,121207,85074.0,107736.0,4100.0,4110.0,4065.0,4092.6,21917875,4501.8,3683.4,4440.0,3288.1,4069.7,32,1,4069.0,27,3,4068.8,32,3,4068.7,20,2,4068.5,6,2,4069.9,26,2,4070.0,290,10,4070.1,42,2,4070.2,10,1,4070.5,9,1
11483,2026-07-02 09:27:01+05:30,4069.9,1,4080.49,121215,85093.0,107630.0,4100.0,4110.0,4065.0,4092.6,21917875,4501.8,3683.4,4440.0,3288.1,4069.7,32,1,4069.0,29,4,4068.8,32,3,4068.7,20,2,4068.5,6,2,4069.9,18,2,4070.0,290,10,4070.1,65,4,4070.2,15,2,4070.4,27,2
11483,2026-07-02 09:27:01+05:30,4069.9,1,4080.49,121215,85093.0,107630.0,4100.0,4110.0,4065.0,4092.6,21917875,4501.8,3683.4,4440.0,3288.1,4069.7,32,1,4069.0,29,4,4068.8,32,3,4068.7,20,2,4068.5,6,2,4069.9,18,2,4070.0,290,10,4070.1,65,4,4070.2,15,2,4070.4,27,2
11483,2026-07-02 09:27:01+05:30,4069.9,1,4080.49,121215,85093.0,107630.0,4100.0,4110.0,4065.0,4092.6,21917875,4501.8,3683.4,4440.0,3288.1,4069.7,32,1,4069.0,29,4,4068.8,32,3,4068.7,20,2,4068.5,6,2,4069.9,18,2,4070.0,290,10,4070.1,65,4,4070.2,15,2,4070.4,27,2
11483,2026-07-02 09:27:02+05:30,4069.9,1,4080.49,121215,85093.0,107630.0,4100.0,4110.0,4065.0,4092.6,21917875,4501.8,3683.4,4440.0,3288.1,4069.7,32,1,4069.0,29,4,4068.8,32,3,4068.7,20,2,4068.5,6,2,4069.9,18,2,4070.0,290,10,4070.1,65,4,4070.2,15,2,4070.4,27,2
11483,2026-07-02 09:27:02+05:30,4069.9,1,4080.49,121215,85093.0,107630.0,4100.0,4110.0,4065.0,4092.6,21917875,4501.8,3683.4,4440.0,3288.1,4069.7,32,1,4069.0,29,4,4068.8,32,3,4068.7,20,2,4068.5,6,2,4069.9,18,2,4070.0,290,10,4070.1,65,4,4070.2,15,2,4070.4,27,2
11483,2026-07-02 09:27:02+05:30,4069.9,1,4080.49,121216,85210.0,107874.0,4100.0,4110.0,4065.0,4092.6,21917875,4501.8,3683.4,4440.0,3288.1,4069.7,34,3,4069.3,1,1,4069.0,28,3,4068.8,32,3,4068.7,20,2,4069.9,17,2,4070.0,290,10,4070.1,42,2,4070.2,10,1,4070.4,16,2
11483,2026-07-02 09:27:02+05:30,4069.9,1,4080.49,121216,85210.0,107874.0,4100.0,4110.0,4065.0,4092.6,21917875,4501.8,3683.4,4440.0,3288.1,4069.7,34,3,4069.3,1,1,4069.0,28,3,4068.8,32,3,4068.7,20,2,4069.9,17,2,4070.0,290,10,4070.1,42,2,4070.2,10,1,4070.4,16,2
11483,2026-07-02 09:27:03+05:30,4069.9,1,4080.49,121216,85210.0,107874.0,4100.0,4110.0,4065.0,4092.6,21917875,4501.8,3683.4,4440.0,3288.1,4069.7,34,3,4069.3,1,1,4069.0,28,3,4068.8,32,3,4068.7,20,2,4069.9,17,2,4070.0,290,10,4070.1,42,2,4070.2,10,1,4070.4,16,2
11483,2026-07-02 09:27:03+05:30,4069.8,1,4080.49,121216,85210.0,107874.0,4100.0,4110.0,4065.0,4092.6,21917875,4501.8,3683.4,4440.0,3288.1,4069.7,34,3,4069.3,1,1,4069.0,28,3,4068.8,32,3,4068.7,20,2,4069.9,17,2,4070.0,290,10,4070.1,42,2,4070.2,10,1,4070.4,16,2
11483,2026-07-02 09:27:04+05:30,4069.8,1,4080.46,121521,84761.0,107432.0,4100.0,4110.0,4065.0,4092.6,21917875,4501.8,3683.4,4440.0,3288.1,4069.8,14,1,4069.3,1,1,4069.1,5,1,4069.0,28,3,4068.8,32,3,4070.0,203,5,4070.1,42,2,4070.2,10,1,4070.3,5,1,4070.4,35,3
11483,2026-07-02 09:27:04+05:30,4069.8,1,4080.46,121521,84761.0,107432.0,4100.0,4110.0,4065.0,4092.6,21917875,4501.8,3683.4,4440.0,3288.1,4069.8,14,1,4069.3,1,1,4069.1,5,1,4069.0,28,3,4068.8,32,3,4070.0,203,5,4070.1,42,2,4070.2,10,1,4070.3,5,1,4070.4,35,3
11483,2026-07-02 09:27:04+05:30,4069.1,26,4080.46,121521,84761.0,107432.0,4100.0,4110.0,4065.0,4092.6,21917875,4501.8,3683.4,4440.0,3288.1,4069.8,14,1,4069.3,1,1,4069.1,5,1,4069.0,28,3,4068.8,32,3,4070.0,203,5,4070.1,42,2,4070.2,10,1,4070.3,5,1,4070.4,35,3
11483,2026-07-02 09:27:04+05:30,4069.1,26,4080.46,121521,84761.0,107432.0,4100.0,4110.0,4065.0,4092.6,21929950,4501.8,3683.4,4440.0,3288.1,4069.8,14,1,4069.3,1,1,4069.1,5,1,4069.0,28,3,4068.8,32,3,4070.0,203,5,4070.1,42,2,4070.2,10,1,4070.3,5,1,4070.4,35,3
11483,2026-07-02 09:27:05+05:30,4069.0,1,4080.46,121565,84965.0,107832.0,4100.0,4110.0,4065.0,4092.6,21929950,4501.8,3683.4,4440.0,3288.1,4069.0,27,3,4068.8,32,3,4068.7,3,1,4068.5,20,2,4068.2,37,1,4070.0,208,6,4070.1,42,2,4070.2,10,1,4070.4,27,2,4070.5,9,1
11483,2026-07-02 09:27:05+05:30,4069.0,1,4080.46,121565,84965.0,107832.0,4100.0,4110.0,4065.0,4092.6,21929950,4501.8,3683.4,4440.0,3288.1,4069.0,27,3,4068.8,32,3,4068.7,3,1,4068.5,20,2,4068.2,37,1,4070.0,208,6,4070.1,42,2,4070.2,10,1,4070.4,27,2,4070.5,9,1
11483,2026-07-02 09:27:05+05:30,4069.9,2,4080.46,121565,84965.0,107832.0,4100.0,4110.0,4065.0,4092.6,21929950,4501.8,3683.4,4440.0,3288.1,4069.0,27,3,4068.8,32,3,4068.7,3,1,4068.5,20,2,4068.2,37,1,4070.0,208,6,4070.1,42,2,4070.2,10,1,4070.4,27,2,4070.5,9,1
11483,2026-07-02 09:27:05+05:30,4069.9,2,4080.46,121565,84965.0,107832.0,4100.0,4110.0,4065.0,4092.6,21929950,4501.8,3683.4,4440.0,3288.1,4069.0,27,3,4068.8,32,3,4068.7,3,1,4068.5,20,2,4068.2,37,1,4070.0,208,6,4070.1,42,2,4070.2,10,1,4070.4,27,2,4070.5,9,1
11483,2026-07-02 09:27:06+05:30,4069.0,1,4080.46,121578,84958.0,108051.0,4100.0,4110.0,4065.0,4092.6,21929950,4501.8,3683.4,4440.0,3288.1,4069.0,26,3,4068.8,32,3,4068.7,3,1,4068.5,20,2,4068.2,37,1,4069.9,4,1,4070.0,198,6,4070.1,36,1,4070.2,10,1,4070.4,27,2
11483,2026-07-02 09:27:06+05:30,4069.0,1,4080.46,121578,84958.0,108051.0,4100.0,4110.0,4065.0,4092.6,21929950,4501.8,3683.4,4440.0,3288.1,4069.0,26,3,4068.8,32,3,4068.7,3,1,4068.5,20,2,4068.2,37,1,4069.9,4,1,4070.0,198,6,4070.1,36,1,4070.2,10,1,4070.4,27,2
11483,2026-07-02 09:27:06+05:30,4070.0,3,4080.46,121578,84958.0,108051.0,4100.0,4110.0,4065.0,4092.6,21929950,4501.8,3683.4,4440.0,3288.1,4069.0,26,3,4068.8,32,3,4068.7,3,1,4068.5,20,2,4068.2,37,1,4069.9,4,1,4070.0,198,6,4070.1,36,1,4070.2,10,1,4070.4,27,2
11483,2026-07-02 09:27:07+05:30,4069.9,1,4080.46,121586,85087.0,107954.0,4100.0,4110.0,4065.0,4092.6,21929950,4501.8,3683.4,4440.0,3288.1,4069.9,103,3,4069.6,1,1,4069.0,26,3,4068.8,32,3,4068.7,3,1,4070.0,198,7,4070.1,55,2,4070.2,10,1,4070.5,9,1,4070.6,10,1
11483,2026-07-02 09:27:07+05:30,4069.9,1,4080.46,121586,85087.0,107954.0,4100.0,4110.0,4065.0,4092.6,21929950,4501.8,3683.4,4440.0,3288.1,4069.9,103,3,4069.6,1,1,4069.0,26,3,4068.8,32,3,4068.7,3,1,4070.0,198,7,4070.1,55,2,4070.2,10,1,4070.5,9,1,4070.6,10,1
11483,2026-07-02 09:27:08+05:30,4070.0,10,4080.45,121597,85199.0,107008.0,4100.0,4110.0,4065.0,4092.6,21929950,4501.8,3683.4,4440.0,3288.1,4069.9,102,3,4069.6,1,1,4069.1,10,1,4069.0,26,3,4068.8,32,3,4070.0,181,6,4070.1,36,1,4070.2,10,1,4070.8,12,1,4070.9,11,1
11483,2026-07-02 09:27:08+05:30,4070.0,10,4080.45,121597,85199.0,107008.0,4100.0,4110.0,4065.0,4092.6,21929950,4501.8,3683.4,4440.0,3288.1,4069.9,102,3,4069.6,1,1,4069.1,10,1,4069.0,26,3,4068.8,32,3,4070.0,181,6,4070.1,36,1,4070.2,10,1,4070.8,12,1,4070.9,11,1
11483,2026-07-02 09:27:09+05:30,4070.0,9,4080.44,121714,84603.0,107617.0,4100.0,4110.0,4065.0,4092.6,21929950,4501.8,3683.4,4440.0,3288.1,4069.6,1,1,4069.1,10,1,4069.0,26,3,4068.8,32,3,4068.7,3,1,4070.0,595,10,4070.1,38,2,4070.2,20,3,4070.3,4,1,4070.4,36,3
11483,2026-07-02 09:27:09+05:30,4070.0,9,4080.44,121714,84603.0,107617.0,4100.0,4110.0,4065.0,4092.6,21929950,4501.8,3683.4,4440.0,3288.1,4069.6,1,1,4069.1,10,1,4069.0,26,3,4068.8,32,3,4068.7,3,1,4070.0,595,10,4070.1,38,2,4070.2,20,3,4070.3,4,1,4070.4,36,3
11483,2026-07-02 09:27:10+05:30,4069.9,1,4080.44,121715,85123.0,107742.0,4100.0,4110.0,4065.0,4092.6,21929950,4501.8,3683.4,4440.0,3288.1,4069.9,25,2,4069.6,1,1,4069.1,60,2,4069.0,26,3,4068.8,32,3,4070.0,567,7,4070.1,55,2,4070.2,10,1,4070.4,19,1,4070.5,9,2
11483,2026-07-02 09:27:10+05:30,4069.9,1,4080.44,121715,85123.0,107742.0,4100.0,4110.0,4065.0,4092.6,21929950,4501.8,3683.4,4440.0,3288.1,4069.9,25,2,4069.6,1,1,4069.1,60,2,4069.0,26,3,4068.8,32,3,4070.0,567,7,4070.1,55,2,4070.2,10,1,4070.4,19,1,4070.5,9,2
11483,2026-07-02 09:27:11+05:30,4070.0,1,4080.44,121740,85300.0,108081.0,4100.0,4110.0,4065.0,4092.6,21929950,4501.8,3683.4,4440.0,3288.1,4069.9,2,2,4069.6,1,1,4069.1,60,2,4069.0,26,3,4068.8,32,3,4070.0,666,8,4070.1,36,1,4070.2,10,1,4070.6,8,1,4070.7,32,2
11483,2026-07-02 09:27:11+05:30,4070.0,1,4080.44,121740,85300.0,108081.0,4100.0,4110.0,4065.0,4092.6,21929950,4501.8,3683.4,4440.0,3288.1,4069.9,2,2,4069.6,1,1,4069.1,60,2,4069.0,26,3,4068.8,32,3,4070.0,666,8,4070.1,36,1,4070.2,10,1,4070.6,8,1,4070.7,32,2
11483,2026-07-02 09:27:12+05:30,4069.9,1,4080.44,121741,85298.0,108099.0,4100.0,4110.0,4065.0,4092.6,21929950,4501.8,3683.4,4440.0,3288.1,4069.9,1,1,4069.6,1,1,4069.1,60,2,4069.0,26,3,4068.8,32,3,4070.0,666,8,4070.1,36,1,4070.2,10,1,4070.6,28,2,4070.7,13,1
11483,2026-07-02 09:27:12+05:30,4069.9,1,4080.44,121741,85298.0,108099.0,4100.0,4110.0,4065.0,4092.6,21929950,4501.8,3683.4,4440.0,3288.1,4069.9,1,1,4069.6,1,1,4069.1,60,2,4069.0,26,3,4068.8,32,3,4070.0,666,8,4070.1,36,1,4070.2,10,1,4070.6,28,2,4070.7,13,1
11483,2026-07-02 09:27:13+05:30,4070.0,5,4080.44,121752,85194.0,107892.0,4100.0,4110.0,4065.0,4092.6,21929950,4501.8,3683.4,4440.0,3288.1,4069.1,60,2,4069.0,26,3,4068.8,32,3,4068.7,23,2,4068.2,5,1,4070.0,657,8,4070.1,36,1,4070.2,10,1,4070.7,13,1,4070.8,12,1
11483,2026-07-02 09:27:13+05:30,4070.0,5,4080.44,121752,85194.0,107892.0,4100.0,4110.0,4065.0,4092.6,21929950,4501.8,3683.4,4440.0,3288.1,4069.1,60,2,4069.0,26,3,4068.8,32,3,4068.7,23,2,4068.2,5,1,4070.0,657,8,4070.1,36,1,4070.2,10,1,4070.7,13,1,4070.8,12,1
11483,2026-07-02 09:27:14+05:30,4070.0,2,4080.44,121752,85194.0,107892.0,4100.0,4110.0,4065.0,4092.6,21929950,4501.8,3683.4,4440.0,3288.1,4069.1,60,2,4069.0,26,3,4068.8,32,3,4068.7,23,2,4068.2,5,1,4070.0,657,8,4070.1,36,1,4070.2,10,1,4070.7,13,1,4070.8,12,1
11483,2026-07-02 09:27:14+05:30,4070.0,6,4080.44,121785,85201.0,107962.0,4100.0,4110.0,4065.0,4092.6,21929950,4501.8,3683.4,4440.0,3288.1,4069.9,25,1,4069.8,5,1,4069.1,54,2,4069.0,48,4,4068.8,32,3,4070.0,630,7,4070.1,36,1,4070.2,10,1,4070.7,13,1,4070.8,12,1
11483,2026-07-02 09:27:15+05:30,4070.0,3,4080.44,121785,85201.0,107962.0,4100.0,4110.0,4065.0,4092.6,21929950,4501.8,3683.4,4440.0,3288.1,4069.9,25,1,4069.8,5,1,4069.1,54,2,4069.0,48,4,4068.8,32,3,4070.0,630,7,4070.1,36,1,4070.2,10,1,4070.7,13,1,4070.8,12,1
11483,2026-07-02 09:27:16+05:30,4068.7,3,4080.42,121986,83780.0,109408.0,4100.0,4110.0,4065.0,4092.6,21929950,4501.8,3683.4,4440.0,3288.1,4068.1,19,2,4068.0,168,11,4067.4,12,1,4067.0,132,6,4066.9,139,4,4069.1,73,4,4069.2,28,3,4069.3,58,2,4069.4,7,2,4069.5,103,7
11483,2026-07-02 09:27:16+05:30,4068.7,3,4080.42,121986,83780.0,109408.0,4100.0,4110.0,4065.0,4092.6,21929950,4501.8,3683.4,4440.0,3288.1,4068.1,19,2,4068.0,168,11,4067.4,12,1,4067.0,132,6,4066.9,139,4,4069.1,73,4,4069.2,28,3,4069.3,58,2,4069.4,7,2,4069.5,103,7
11483,2026-07-02 09:27:17+05:30,4068.1,1,4080.42,121987,83313.0,109630.0,4100.0,4110.0,4065.0,4092.6,21929950,4501.8,3683.4,4440.0,3288.1,4068.1,18,2,4068.0,168,11,4067.3,1,1,4067.0,132,6,4066.9,139,4,4068.9,36,3,4069.0,25,3,4069.1,64,4,4069.2,28,3,4069.3,93,3
11483,2026-07-02 09:27:17+05:30,4069.1,1,4080.42,121987,83313.0,109630.0,4100.0,4110.0,4065.0,4092.6,21929950,4501.8,3683.4,4440.0,3288.1,4068.1,18,2,4068.0,168,11,4067.3,1,1,4067.0,132,6,4066.9,139,4,4068.9,36,3,4069.0,25,3,4069.1,64,4,4069.2,28,3,4069.3,93,3
11483,2026-07-02 09:27:18+05:30,4068.1,1,4080.42,122002,83537.0,109615.0,4100.0,4110.0,4065.0,4092.6,21929950,4501.8,3683.4,4440.0,3288.1,4068.1,17,2,4068.0,168,11,4067.5,8,1,4067.3,19,3,4067.2,5,1,4069.1,36,3,4069.3,90,2,4069.4,8,2,4069.5,52,3,4069.6,88,5
11483,2026-07-02 09:27:18+05:30,4068.1,1,4080.42,122002,83537.0,109615.0,4100.0,4110.0,4065.0,4092.6,21929950,4501.8,3683.4,4440.0,3288.1,4068.1,17,2,4068.0,168,11,4067.5,8,1,4067.3,19,3,4067.2,5,1,4069.1,36,3,4069.3,90,2,4069.4,8,2,4069.5,52,3,4069.6,88,5
11483,2026-07-02 09:27:19+05:30,4069.3,14,4080.41,122053,83457.0,109754.0,4100.0,4110.0,4065.0,4092.6,21929950,4501.8,3683.4,4440.0,3288.1,4068.1,16,2,4068.0,171,12,4067.5,22,1,4067.4,6,1,4067.3,19,3,4069.3,76,2,4069.4,8,2,4069.5,52,3,4069.6,83,5,4069.7,36,3
11483,2026-07-02 09:27:20+05:30,4068.1,1,4080.41,122089,83676.0,109542.0,4100.0,4110.0,4065.0,4092.6,21929950,4501.8,3683.4,4440.0,3288.1,4068.1,461,5,4068.0,194,13,4067.7,47,2,4067.5,39,1,4067.4,46,2,4069.3,47,3,4069.4,4,1,4069.5,40,2,4069.6,35,2,4069.7,33,2
11483,2026-07-02 09:27:23+05:30,4069.9,56,4080.41,122089,83676.0,109542.0,4100.0,4110.0,4065.0,4092.6,21929950,4501.8,3683.4,4440.0,3288.1,4068.1,461,5,4068.0,194,13,4067.7,47,2,4067.5,39,1,4067.4,46,2,4069.3,47,3,4069.4,4,1,4069.5,40,2,4069.6,35,2,4069.7,33,2
11483,2026-07-02 09:27:27+05:30,4070.0,10,4080.37,122581,85433.0,108484.0,4100.0,4110.0,4065.0,4092.6,21929950,4501.8,3683.4,4440.0,3288.1,4069.7,1,1,4069.3,16,4,4069.0,28,1,4068.9,500,1,4068.7,1,1,4070.0,585,5,4070.1,36,1,4070.2,10,1,4070.5,35,1,4070.6,20,1
11483,2026-07-02 09:27:31+05:30,4069.9,5,4080.37,122581,85433.0,108484.0,4100.0,4110.0,4065.0,4092.6,21929950,4501.8,3683.4,4440.0,3288.1,4069.7,1,1,4069.3,16,4,4069.0,28,1,4068.9,500,1,4068.7,1,1,4070.0,585,5,4070.1,36,1,4070.2,10,1,4070.5,35,1,4070.6,20,1
11483,2026-07-02 09:27:35+05:30,4070.0,10,4080.21,124508,86441.0,107250.0,4100.0,4110.0,4065.0,4092.6,21929950,4501.8,3683.4,4440.0,3288.1,4069.9,20,1,4069.6,50,2,4069.5,9,1,4069.4,20,1,4069.3,17,1,4070.0,14,1,4070.5,35,1,4070.7,22,1,4071.3,15,1,4071.7,47,2
11483,2026-07-02 09:27:38+05:30,4070.0,1,4080.21,124508,86441.0,107250.0,4100.0,4110.0,4065.0,4092.6,21929950,4501.8,3683.4,4440.0,3288.1,4069.9,20,1,4069.6,50,2,4069.5,9,1,4069.4,20,1,4069.3,17,1,4070.0,14,1,4070.5,35,1,4070.7,22,1,4071.3,15,1,4071.7,47,2
11483,2026-07-02 09:27:42+05:30,4070.0,55,4080.03,126709,87251.0,107720.0,4100.0,4110.0,4065.0,4092.6,21929950,4501.8,3683.4,4440.0,3288.1,4069.9,40,2,4069.7,6,2,4069.6,1,1,4069.5,37,2,4069.4,25,2,4070.0,47,1,4070.4,17,1,4070.5,39,2,4070.7,22,1,4071.3,15,1
11483,2026-07-02 09:27:45+05:30,4069.9,3,4080.03,126709,87251.0,107720.0,4100.0,4110.0,4065.0,4092.6,21929950,4501.8,3683.4,4440.0,3288.1,4069.9,40,2,4069.7,6,2,4069.6,1,1,4069.5,37,2,4069.4,25,2,4070.0,47,1,4070.4,17,1,4070.5,39,2,4070.7,22,1,4071.3,15,1
11483,2026-07-02 09:27:49+05:30,4070.0,1,4080.01,126999,87190.0,107711.0,4100.0,4110.0,4065.0,4092.6,21929950,4501.8,3683.4,4440.0,3288.1,4069.9,5,1,4069.6,45,3,4069.5,9,1,4069.3,18,2,4069.2,25,2,4070.0,65,1,4070.4,33,3,4070.5,35,1,4070.7,22,1,4071.3,15,1
11483,2026-07-02 09:27:52+05:30,4070.0,1,4080.01,126999,87190.0,107711.0,4100.0,4110.0,4065.0,4092.6,21929950,4501.8,3683.4,4440.0,3288.1,4069.9,5,1,4069.6,45,3,4069.5,9,1,4069.3,18,2,4069.2,25,2,4070.0,65,1,4070.4,33,3,4070.5,35,1,4070.7,22,1,4071.3,15,1
11483,2026-07-02 09:27:57+05:30,4069.9,1,4079.97,127413,87616.0,108193.0,4100.0,4110.0,4065.0,4092.6,21929950,4501.8,3683.4,4440.0,3288.1,4069.9,44,4,4069.8,3,1,4069.7,6,1,4069.6,1,1,4069.5,35,2,4070.0,55,1,4070.4,17,1,4070.5,35,1,4070.7,22,1,4071.2,23,1
11483,2026-07-02 09:28:00+05:30,4070.0,3,4079.97,127413,87616.0,108193.0,4100.0,4110.0,4065.0,4092.6,21929950,4501.8,3683.4,4440.0,3288.1,4069.9,44,4,4069.8,3,1,4069.7,6,1,4069.6,1,1,4069.5,35,2,4070.0,55,1,4070.4,17,1,4070.5,35,1,4070.7,22,1,4071.2,23,1
11483,2026-07-02 09:28:02+05:30,4070.0,3,4079.97,127413,87616.0,108193.0,4100.0,4110.0,4065.0,4092.6,21929950,4501.8,3683.4,4440.0,3288.1,4069.9,44,4,4069.8,3,1,4069.7,6,1,4069.6,1,1,4069.5,35,2,4070.0,55,1,4070.4,17,1,4070.5,35,1,4070.7,22,1,4071.2,23,1
11483,2026-07-02 09:28:03+05:30,4070.0,3,4079.97,127413,87616.0,108193.0,4100.0,4110.0,4065.0,4092.6,21929950,4501.8,3683.4,4440.0,3288.1,4069.9,44,4,4069.8,3,1,4069.7,6,1,4069.6,1,1,4069.5,35,2,4070.0,55,1,4070.4,17,1,4070.5,35,1,4070.7,22,1,4071.2,23,1
11483,2026-07-02 09:28:04+05:30,4070.0,3,4079.97,127413,87616.0,108193.0,4100.0,4110.0,4065.0,4092.6,21929950,4501.8,3683.4,4440.0,3288.1,4069.9,44,4,4069.8,3,1,4069.7,6,1,4069.6,1,1,4069.5,35,2,4070.0,55,1,4070.4,17,1,4070.5,35,1,4070.7,22,1,4071.2,23,1
11483,2026-07-02 09:28:04+05:30,4069.9,1,4079.96,127597,87720.0,108444.0,4100.0,4110.0,4065.0,4092.6,21929950,4501.8,3683.4,4440.0,3288.1,4069.9,34,3,4069.7,24,1,4069.4,10,1,4069.2,24,1,4069.1,69,3,4070.0,17,1,4070.4,17,1,4070.5,35,1,4070.7,22,1,4071.2,13,1
11483,2026-07-02 09:28:04+05:30,4069.9,1,4079.96,127597,87720.0,108444.0,4100.0,4110.0,4065.0,4092.6,21929950,4501.8,3683.4,4440.0,3288.1,4069.9,34,3,4069.7,24,1,4069.4,10,1,4069.2,24,1,4069.1,69,3,4070.0,17,1,4070.4,17,1,4070.5,35,1,4070.7,22,1,4071.2,13,1
11483,2026-07-02 09:28:05+05:30,4069.9,1,4079.96,127597,87720.0,108444.0,4100.0,4110.0,4065.0,4092.6,21929950,4501.8,3683.4,4440.0,3288.1,4069.9,34,3,4069.7,24,1,4069.4,10,1,4069.2,24,1,4069.1,69,3,4070.0,17,1,4070.4,17,1,4070.5,35,1,4070.7,22,1,4071.2,13,1
11483,2026-07-02 09:28:05+05:30,4069.9,1,4079.96,127597,87720.0,108444.0,4100.0,4110.0,4065.0,4092.6,21938175,4501.8,3683.4,4440.0,3288.1,4069.9,34,3,4069.7,24,1,4069.4,10,1,4069.2,24,1,4069.1,69,3,4070.0,17,1,4070.4,17,1,4070.5,35,1,4070.7,22,1,4071.2,13,1
11483,2026-07-02 09:28:06+05:30,4069.9,1,4079.96,127597,87720.0,108444.0,4100.0,4110.0,4065.0,4092.6,21938175,4501.8,3683.4,4440.0,3288.1,4069.9,34,3,4069.7,24,1,4069.4,10,1,4069.2,24,1,4069.1,69,3,4070.0,17,1,4070.4,17,1,4070.5,35,1,4070.7,22,1,4071.2,13,1
11483,2026-07-02 09:28:08+05:30,4069.9,1,4079.96,127597,87720.0,108444.0,4100.0,4110.0,4065.0,4092.6,21938175,4501.8,3683.4,4440.0,3288.1,4069.9,34,3,4069.7,24,1,4069.4,10,1,4069.2,24,1,4069.1,69,3,4070.0,17,1,4070.4,17,1,4070.5,35,1,4070.7,22,1,4071.2,13,1
11483,2026-07-02 09:28:11+05:30,4069.9,1,4079.94,127878,88357.0,109904.0,4100.0,4110.0,4065.0,4092.6,21938175,4501.8,3683.4,4440.0,3288.1,4069.9,21,2,4068.9,427,1,4068.7,5,1,4068.6,32,2,4068.5,41,1,4070.0,36,1,4070.4,87,2,4070.5,57,2,4070.7,22,1,4070.8,12,1
11483,2026-07-02 09:28:15+05:30,4070.0,3,4079.94,127878,88357.0,109904.0,4100.0,4110.0,4065.0,4092.6,21938175,4501.8,3683.4,4440.0,3288.1,4069.9,21,2,4068.9,427,1,4068.7,5,1,4068.6,32,2,4068.5,41,1,4070.0,36,1,4070.4,87,2,4070.5,57,2,4070.7,22,1,4070.8,12,1
11483,2026-07-02 09:28:18+05:30,4070.0,10,4079.93,127946,88666.0,109836.0,4100.0,4110.0,4065.0,4092.6,21938175,4501.8,3683.4,4440.0,3288.1,4069.9,57,6,4069.6,9,2,4069.5,26,1,4069.4,5,1,4069.3,13,1,4070.0,45,1,4070.4,89,3,4070.5,57,2,4070.7,22,1,4071.2,13,1
11483,2026-07-02 09:28:22+05:30,4069.6,10,4079.93,127946,88666.0,109836.0,4100.0,4110.0,4065.0,4092.6,21938175,4501.8,3683.4,4440.0,3288.1,4069.9,57,6,4069.6,9,2,4069.5,26,1,4069.4,5,1,4069.3,13,1,4070.0,45,1,4070.4,89,3,4070.5,57,2,4070.7,22,1,4071.2,13,1
11483,2026-07-02 09:28:26+05:30,4070.0,1,4079.92,128103,88751.0,110155.0,4100.0,4110.0,4065.0,4092.6,21938175,4501.8,3683.4,4440.0,3288.1,4069.2,7,1,4069.1,58,3,4069.0,132,4,4068.9,482,4,4068.6,60,3,4070.0,54,1,4070.4,89,3,4070.5,57,2,4070.7,22,1,4071.2,13,1
11483,2026-07-02 09:28:29+05:30,4070.0,6,4079.92,128103,88751.0,110155.0,4100.0,4110.0,4065.0,4092.6,21938175,4501.8,3683.4,4440.0,3288.1,4069.2,7,1,4069.1,58,3,4069.0,132,4,4068.9,482,4,4068.6,60,3,4070.0,54,1,4070.4,89,3,4070.5,57,2,4070.7,22,1,4071.2,13,1
11483,2026-07-02 09:28:33+05:30,4070.0,2,4079.9,128291,89012.0,110125.0,4100.0,4110.0,4065.0,4092.6,21938175,4501.8,3683.4,4440.0,3288.1,4069.9,1,1,4069.7,1,1,4069.6,1,1,4069.1,20,1,4069.0,113,4,4070.0,173,2,4070.4,87,2,4070.5,57,2,4070.6,28,2,4070.7,22,1
11483,2026-07-02 09:28:36+05:30,4070.0,2,4079.9,128291,89012.0,110125.0,4100.0,4110.0,4065.0,4092.6,21938175,4501.8,3683.4,4440.0,3288.1,4069.9,1,1,4069.7,1,1,4069.6,1,1,4069.1,20,1,4069.0,113,4,4070.0,173,2,4070.4,87,2,4070.5,57,2,4070.6,28,2,4070.7,22,1
11483,2026-07-02 09:28:40+05:30,4070.0,3,4079.88,128566,89828.0,109840.0,4100.0,4110.0,4065.0,4092.6,21938175,4501.8,3683.4,4440.0,3288.1,4069.9,14,2,4069.8,19,1,4069.6,525,3,4069.3,14,1,4069.2,24,1,4070.0,55,1,4070.3,34,1,4070.4,87,2,4070.5,57,2,4070.6,15,1
11483,2026-07-02 09:28:43+05:30,4070.0,10,4079.88,128566,89828.0,109840.0,4100.0,4110.0,4065.0,4092.6,21938175,4501.8,3683.4,4440.0,3288.1,4069.9,14,2,4069.8,19,1,4069.6,525,3,4069.3,14,1,4069.2,24,1,4070.0,55,1,4070.3,34,1,4070.4,87,2,4070.5,57,2,4070.6,15,1
11483,2026-07-02 09:28:48+05:30,4070.0,5,4079.87,128710,89660.0,110678.0,4100.0,4110.0,4065.0,4092.6,21938175,4501.8,3683.4,4440.0,3288.1,4069.6,498,1,4069.0,95,4,4068.9,427,1,4068.8,19,1,4068.7,14,2,4070.0,491,2,4070.3,34,1,4070.4,87,2,4070.5,57,2,4070.6,35,2
11483,2026-07-02 09:28:51+05:30,4070.0,3,4079.87,128710,89660.0,110678.0,4100.0,4110.0,4065.0,4092.6,21938175,4501.8,3683.4,4440.0,3288.1,4069.6,498,1,4069.0,95,4,4068.9,427,1,4068.8,19,1,4068.7,14,2,4070.0,491,2,4070.3,34,1,4070.4,87,2,4070.5,57,2,4070.6,35,2
11483,2026-07-02 09:28:55+05:30,4070.0,1,4079.87,128752,89868.0,110818.0,4100.0,4110.0,4065.0,4092.6,21938175,4501.8,3683.4,4440.0,3288.1,4069.6,498,1,4069.1,2,2,4069.0,170,5,4068.9,427,1,4068.8,19,1,4070.0,551,4,4070.3,34,1,4070.4,87,2,4070.5,57,2,4070.6,15,1
11483,2026-07-02 09:28:59+05:30,4069.5,1,4079.87,128752,89868.0,110818.0,4100.0,4110.0,4065.0,4092.6,21938175,4501.8,3683.4,4440.0,3288.1,4069.6,498,1,4069.1,2,2,4069.0,170,5,4068.9,427,1,4068.8,19,1,4070.0,551,4,4070.3,34,1,4070.4,87,2,4070.5,57,2,4070.6,15,1
11483,2026-07-02 09:29:02+05:30,4070.0,3,4079.8,129676,88454.0,111268.0,4100.0,4110.0,4065.0,4092.6,21938175,4501.8,3683.4,4440.0,3288.1,4069.1,2,2,4069.0,172,6,4068.9,427,1,4068.1,525,6,4068.0,352,23,4069.8,25,4,4069.9,27,3,4070.0,529,4,4070.1,20,1,4070.2,12,1
11483,2026-07-02 09:29:02+05:30,4070.0,3,4079.8,129676,88454.0,111268.0,4100.0,4110.0,4065.0,4092.6,21938175,4501.8,3683.4,4440.0,3288.1,4069.1,2,2,4069.0,172,6,4068.9,427,1,4068.1,525,6,4068.0,352,23,4069.8,25,4,4069.9,27,3,4070.0,529,4,4070.1,20,1,4070.2,12,1
11483,2026-07-02 09:29:03+05:30,4070.0,3,4079.8,129676,88454.0,111268.0,4100.0,4110.0,4065.0,4092.6,21938175,4501.8,3683.4,4440.0,3288.1,4069.1,2,2,4069.0,172,6,4068.9,427,1,4068.1,525,6,4068.0,352,23,4069.8,25,4,4069.9,27,3,4070.0,529,4,4070.1,20,1,4070.2,12,1
11483,2026-07-02 09:29:04+05:30,4070.0,3,4079.8,129676,88454.0,111268.0,4100.0,4110.0,4065.0,4092.6,21938175,4501.8,3683.4,4440.0,3288.1,4069.1,2,2,4069.0,172,6,4068.9,427,1,4068.1,525,6,4068.0,352,23,4069.8,25,4,4069.9,27,3,4070.0,529,4,4070.1,20,1,4070.2,12,1
11483,2026-07-02 09:29:05+05:30,4070.0,3,4079.8,129676,88454.0,111268.0,4100.0,4110.0,4065.0,4092.6,21938175,4501.8,3683.4,4440.0,3288.1,4069.1,2,2,4069.0,172,6,4068.9,427,1,4068.1,525,6,4068.0,352,23,4069.8,25,4,4069.9,27,3,4070.0,529,4,4070.1,20,1,4070.2,12,1
11483,2026-07-02 09:29:05+05:30,4070.0,3,4079.8,129676,88454.0,111268.0,4100.0,4110.0,4065.0,4092.6,21945350,4501.8,3683.4,4440.0,3288.1,4069.1,2,2,4069.0,172,6,4068.9,427,1,4068.1,525,6,4068.0,352,23,4069.8,25,4,4069.9,27,3,4070.0,529,4,4070.1,20,1,4070.2,12,1
11483,2026-07-02 09:29:06+05:30,4070.0,3,4079.8,129676,88454.0,111268.0,4100.0,4110.0,4065.0,4092.6,21945350,4501.8,3683.4,4440.0,3288.1,4069.1,2,2,4069.0,172,6,4068.9,427,1,4068.1,525,6,4068.0,352,23,4069.8,25,4,4069.9,27,3,4070.0,529,4,4070.1,20,1,4070.2,12,1
11483,2026-07-02 09:29:07+05:30,4070.0,3,4079.8,129676,88454.0,111268.0,4100.0,4110.0,4065.0,4092.6,21945350,4501.8,3683.4,4440.0,3288.1,4069.1,2,2,4069.0,172,6,4068.9,427,1,4068.1,525,6,4068.0,352,23,4069.8,25,4,4069.9,27,3,4070.0,529,4,4070.1,20,1,4070.2,12,1
11483,2026-07-02 09:29:07+05:30,4069.6,4,4079.8,129676,88454.0,111268.0,4100.0,4110.0,4065.0,4092.6,21945350,4501.8,3683.4,4440.0,3288.1,4069.1,2,2,4069.0,172,6,4068.9,427,1,4068.1,525,6,4068.0,352,23,4069.8,25,4,4069.9,27,3,4070.0,529,4,4070.1,20,1,4070.2,12,1
11483,2026-07-02 09:29:09+05:30,4069.9,1,4079.51,133063,87508.0,111936.0,4100.0,4110.0,4065.0,4092.6,21945350,4501.8,3683.4,4440.0,3288.1,4069.5,7,1,4069.1,1,1,4068.2,12,1,4068.1,400,1,4068.0,278,21,4069.9,37,5,4070.0,682,8,4070.1,67,1,4070.2,49,2,4070.4,47,3
11483,2026-07-02 09:29:14+05:30,4069.3,10,4079.51,133063,87508.0,111936.0,4100.0,4110.0,4065.0,4092.6,21945350,4501.8,3683.4,4440.0,3288.1,4069.5,7,1,4069.1,1,1,4068.2,12,1,4068.1,400,1,4068.0,278,21,4069.9,37,5,4070.0,682,8,4070.1,67,1,4070.2,49,2,4070.4,47,3
11483,2026-07-02 09:29:16+05:30,4068.1,7,4079.49,133214,86384.0,113026.0,4100.0,4110.0,4065.0,4092.6,21945350,4501.8,3683.4,4440.0,3288.1,4068.1,380,1,4068.0,274,21,4067.4,12,1,4067.2,1,1,4067.1,25,3,4069.2,20,3,4069.3,33,4,4069.4,44,3,4069.5,76,5,4069.6,83,2
11483,2026-07-02 09:29:20+05:30,4069.0,1,4079.49,133214,86384.0,113026.0,4100.0,4110.0,4065.0,4092.6,21945350,4501.8,3683.4,4440.0,3288.1,4068.1,380,1,4068.0,274,21,4067.4,12,1,4067.2,1,1,4067.1,25,3,4069.2,20,3,4069.3,33,4,4069.4,44,3,4069.5,76,5,4069.6,83,2
11483,2026-07-02 09:29:23+05:30,4069.6,1,4079.49,133276,87172.0,112403.0,4100.0,4110.0,4065.0,4092.6,21945350,4501.8,3683.4,4440.0,3288.1,4068.1,333,2,4068.0,301,24,4067.6,25,1,4067.5,65,1,4067.4,49,4,4069.6,31,3,4069.7,68,2,4069.8,3,1,4069.9,54,3,4070.0,735,9
11483,2026-07-02 09:29:26+05:30,4069.4,1,4079.49,133276,87172.0,112403.0,4100.0,4110.0,4065.0,4092.6,21945350,4501.8,3683.4,4440.0,3288.1,4068.1,333,2,4068.0,301,24,4067.6,25,1,4067.5,65,1,4067.4,49,4,4069.6,31,3,4069.7,68,2,4069.8,3,1,4069.9,54,3,4070.0,735,9
11483,2026-07-02 09:29:30+05:30,4069.2,1,4079.47,133447,86712.0,113633.0,4100.0,4110.0,4065.0,4092.6,21945350,4501.8,3683.4,4440.0,3288.1,4068.2,1,1,4068.1,256,2,4068.0,308,24,4067.4,1,1,4067.1,37,3,4069.2,263,4,4069.3,16,2,4069.5,69,2,4069.6,90,4,4069.7,21,2
11483,2026-07-02 09:29:32+05:30,4068.6,2,4079.47,133447,86712.0,113633.0,4100.0,4110.0,4065.0,4092.6,21945350,4501.8,3683.4,4440.0,3288.1,4068.2,1,1,4068.1,256,2,4068.0,308,24,4067.4,1,1,4067.1,37,3,4069.2,263,4,4069.3,16,2,4069.5,69,2,4069.6,90,4,4069.7,21,2
11483,2026-07-02 09:29:38+05:30,4067.8,1,4079.3,135504,85059.0,115176.0,4100.0,4110.0,4065.0,4092.6,21945350,4501.8,3683.4,4440.0,3288.1,4067.1,1,1,4067.0,189,10,4066.9,10,2,4066.6,23,2,4066.5,71,5,4067.8,35,1,4068.0,9,1,4068.5,17,2,4068.6,70,3,4068.9,47,2
11483,2026-07-02 09:29:38+05:30,4067.8,25,4079.3,135504,85059.0,115176.0,4100.0,4110.0,4065.0,4092.6,21945350,4501.8,3683.4,4440.0,3288.1,4067.1,1,1,4067.0,189,10,4066.9,10,2,4066.6,23,2,4066.5,71,5,4067.8,35,1,4068.0,9,1,4068.5,17,2,4068.6,70,3,4068.9,47,2
11483,2026-07-02 09:29:44+05:30,4068.5,7,4079.3,135504,85059.0,115176.0,4100.0,4110.0,4065.0,4092.6,21945350,4501.8,3683.4,4440.0,3288.1,4067.1,1,1,4067.0,189,10,4066.9,10,2,4066.6,23,2,4066.5,71,5,4067.8,35,1,4068.0,9,1,4068.5,17,2,4068.6,70,3,4068.9,47,2
11483,2026-07-02 09:29:45+05:30,4068.5,2,4079.3,135577,86210.0,114951.0,4100.0,4110.0,4065.0,4092.6,21945350,4501.8,3683.4,4440.0,3288.1,4067.8,2,2,4067.6,24,1,4067.3,13,2,4067.2,25,2,4067.1,51,2,4068.5,4,2,4068.9,17,1,4069.0,38,3,4069.1,22,1,4069.2,17,1
11483,2026-07-02 09:29:50+05:30,4067.8,1,4079.3,135577,86210.0,114951.0,4100.0,4110.0,4065.0,4092.6,21945350,4501.8,3683.4,4440.0,3288.1,4067.8,2,2,4067.6,24,1,4067.3,13,2,4067.2,25,2,4067.1,51,2,4068.5,4,2,4068.9,17,1,4069.0,38,3,4069.1,22,1,4069.2,17,1
11483,2026-07-02 09:29:52+05:30,4068.0,10,4079.28,135725,85640.0,115370.0,4100.0,4110.0,4065.0,4092.6,21945350,4501.8,3683.4,4440.0,3288.1,4067.2,1,1,4067.1,100,1,4067.0,165,9,4066.9,10,2,4066.6,5,1,4068.0,336,1,4068.7,72,3,4068.8,65,3,4068.9,31,3,4069.0,77,5
11483,2026-07-02 09:29:56+05:30,4068.0,15,4079.28,135725,85640.0,115370.0,4100.0,4110.0,4065.0,4092.6,21945350,4501.8,3683.4,4440.0,3288.1,4067.2,1,1,4067.1,100,1,4067.0,165,9,4066.9,10,2,4066.6,5,1,4068.0,336,1,4068.7,72,3,4068.8,65,3,4068.9,31,3,4069.0,77,5
11483,2026-07-02 09:29:59+05:30,4066.5,2,4079.24,136282,83059.0,115638.0,4100.0,4110.0,4065.0,4092.6,21945350,4501.8,3683.4,4440.0,3288.1,4066.1,50,1,4066.0,588,14,4065.9,15,1,4065.7,10,1,4065.2,10,1,4066.5,31,4,4066.6,15,3,4066.7,11,1,4066.8,35,3,4066.9,10,1
11483,2026-07-02 09:30:02+05:30,4066.5,2,4079.24,136282,83059.0,115638.0,4100.0,4110.0,4065.0,4092.6,21945350,4501.8,3683.4,4440.0,3288.1,4066.1,50,1,4066.0,588,14,4065.9,15,1,4065.7,10,1,4065.2,10,1,4066.5,31,4,4066.6,15,3,4066.7,11,1,4066.8,35,3,4066.9,10,1
11483,2026-07-02 09:30:03+05:30,4066.5,2,4079.24,136282,83059.0,115638.0,4100.0,4110.0,4065.0,4092.6,21945350,4501.8,3683.4,4440.0,3288.1,4066.1,50,1,4066.0,588,14,4065.9,15,1,4065.7,10,1,4065.2,10,1,4066.5,31,4,4066.6,15,3,4066.7,11,1,4066.8,35,3,4066.9,10,1
11483,2026-07-02 09:30:04+05:30,4066.5,2,4079.24,136282,83059.0,115638.0,4100.0,4110.0,4065.0,4092.6,21945350,4501.8,3683.4,4440.0,3288.1,4066.1,50,1,4066.0,588,14,4065.9,15,1,4065.7,10,1,4065.2,10,1,4066.5,31,4,4066.6,15,3,4066.7,11,1,4066.8,35,3,4066.9,10,1
11483,2026-07-02 09:30:04+05:30,4065.2,1,4079.24,136282,83059.0,115638.0,4100.0,4110.0,4065.0,4092.6,21945350,4501.8,3683.4,4440.0,3288.1,4066.1,50,1,4066.0,588,14,4065.9,15,1,4065.7,10,1,4065.2,10,1,4066.5,31,4,4066.6,15,3,4066.7,11,1,4066.8,35,3,4066.9,10,1
11483,2026-07-02 09:30:05+05:30,4065.2,1,4079.24,136282,83059.0,115638.0,4100.0,4110.0,4065.0,4092.6,21945350,4501.8,3683.4,4440.0,3288.1,4066.1,50,1,4066.0,588,14,4065.9,15,1,4065.7,10,1,4065.2,10,1,4066.5,31,4,4066.6,15,3,4066.7,11,1,4066.8,35,3,4066.9,10,1
11483,2026-07-02 09:30:06+05:30,4065.2,1,4079.24,136282,83059.0,115638.0,4100.0,4110.0,4065.0,4092.6,21968100,4501.8,3683.4,4440.0,3288.1,4066.1,50,1,4066.0,588,14,4065.9,15,1,4065.7,10,1,4065.2,10,1,4066.5,31,4,4066.6,15,3,4066.7,11,1,4066.8,35,3,4066.9,10,1
11483,2026-07-02 09:30:06+05:30,4063.7,4,4078.8,140583,75140.0,115045.0,4100.0,4110.0,4063.0,4092.6,21968100,4501.8,3683.4,4440.0,3288.1,4063.8,55,1,4063.7,29,2,4063.1,51,2,4063.0,127,9,4062.6,34,6,4065.2,35,1,4065.3,8,1,4065.4,33,2,4065.5,12,1,4065.6,13,1
11483,2026-07-02 09:30:07+05:30,4063.7,4,4078.8,140583,75140.0,115045.0,4100.0,4110.0,4063.0,4092.6,21968100,4501.8,3683.4,4440.0,3288.1,4063.8,55,1,4063.7,29,2,4063.1,51,2,4063.0,127,9,4062.6,34,6,4065.2,35,1,4065.3,8,1,4065.4,33,2,4065.5,12,1,4065.6,13,1
11483,2026-07-02 09:30:14+05:30,4062.6,2,4078.73,141278,73592.0,115653.0,4100.0,4110.0,4062.6,4092.6,21968100,4501.8,3683.4,4440.0,3288.1,4062.6,5,2,4062.5,6,2,4062.4,1,1,4062.3,5,1,4062.1,15,2,4063.3,47,1,4063.8,27,2,4063.9,16,1,4064.0,72,4,4064.1,72,4
11483,2026-07-02 09:30:14+05:30,4062.6,2,4078.73,141278,73592.0,115653.0,4100.0,4110.0,4062.6,4092.6,21968100,4501.8,3683.4,4440.0,3288.1,4062.6,5,2,4062.5,6,2,4062.4,1,1,4062.3,5,1,4062.1,15,2,4063.3,47,1,4063.8,27,2,4063.9,16,1,4064.0,72,4,4064.1,72,4
11483,2026-07-02 09:30:20+05:30,4063.7,1,4078.61,142457,75313.0,114418.0,4100.0,4110.0,4062.0,4092.6,21968100,4501.8,3683.4,4440.0,3288.1,4063.3,27,2,4063.1,22,3,4063.0,21,2,4062.8,12,1,4062.6,26,2,4063.7,37,1,4063.9,1,1,4064.1,376,1,4064.8,5,1,4064.9,59,2
11483,2026-07-02 09:30:20+05:30,4064.0,8,4078.61,142457,75313.0,114418.0,4100.0,4110.0,4062.0,4092.6,21968100,4501.8,3683.4,4440.0,3288.1,4063.3,27,2,4063.1,22,3,4063.0,21,2,4062.8,12,1,4062.6,26,2,4063.7,37,1,4063.9,1,1,4064.1,376,1,4064.8,5,1,4064.9,59,2
11483,2026-07-02 09:30:21+05:30,4062.6,1,4078.6,142540,74612.0,115452.0,4100.0,4110.0,4062.0,4092.6,21968100,4501.8,3683.4,4440.0,3288.1,4062.6,50,1,4062.0,343,22,4061.8,10,1,4061.6,31,1,4061.5,29,4,4063.1,1,1,4063.5,53,1,4063.6,81,1,4063.7,67,2,4063.8,42,1
11483,2026-07-02 09:30:21+05:30,4062.6,3,4078.6,142540,74612.0,115452.0,4100.0,4110.0,4062.0,4092.6,21968100,4501.8,3683.4,4440.0,3288.1,4062.6,50,1,4062.0,343,22,4061.8,10,1,4061.6,31,1,4061.5,29,4,4063.1,1,1,4063.5,53,1,4063.6,81,1,4063.7,67,2,4063.8,42,1
11483,2026-07-02 09:30:22+05:30,4062.6,43,4078.59,142590,74494.0,115571.0,4100.0,4110.0,4062.0,4092.6,21968100,4501.8,3683.4,4440.0,3288.1,4062.0,328,21,4061.8,10,1,4061.5,17,3,4061.4,31,2,4061.3,17,2,4062.5,25,1,4062.6,2,2,4062.7,61,1,4062.8,81,1,4062.9,42,1
11483,2026-07-02 09:30:22+05:30,4062.6,43,4078.59,142590,74494.0,115571.0,4100.0,4110.0,4062.0,4092.6,21968100,4501.8,3683.4,4440.0,3288.1,4062.0,328,21,4061.8,10,1,4061.5,17,3,4061.4,31,2,4061.3,17,2,4062.5,25,1,4062.6,2,2,4062.7,61,1,4062.8,81,1,4062.9,42,1
11483,2026-07-02 09:30:23+05:30,4062.2,2,4078.58,142697,74234.0,115539.0,4100.0,4110.0,4062.0,4092.6,21968100,4501.8,3683.4,4440.0,3288.1,4062.0,328,21,4061.8,10,1,4061.5,17,3,4061.3,5,1,4061.2,16,3,4062.2,61,3,4062.3,21,1,4062.4,42,1,4062.5,22,1,4062.6,79,4
11483,2026-07-02 09:30:23+05:30,4062.2,2,4078.58,142697,74234.0,115539.0,4100.0,4110.0,4062.0,4092.6,21968100,4501.8,3683.4,4440.0,3288.1,4062.0,328,21,4061.8,10,1,4061.5,17,3,4061.3,5,1,4061.2,16,3,4062.2,61,3,4062.3,21,1,4062.4,42,1,4062.5,22,1,4062.6,79,4
11483,2026-07-02 09:30:24+05:30,4062.7,1,4078.58,142697,74234.0,115539.0,4100.0,4110.0,4062.0,4092.6,21968100,4501.8,3683.4,4440.0,3288.1,4062.0,328,21,4061.8,10,1,4061.5,17,3,4061.3,5,1,4061.2,16,3,4062.2,61,3,4062.3,21,1,4062.4,42,1,4062.5,22,1,4062.6,79,4
11483,2026-07-02 09:30:25+05:30,4062.7,1,4078.57,142825,74642.0,114505.0,4100.0,4110.0,4062.0,4092.6,21968100,4501.8,3683.4,4440.0,3288.1,4062.6,53,6,4062.4,11,2,4062.3,12,1,4062.2,2,1,4062.1,34,3,4062.7,2,2,4063.1,1,1,4063.5,13,1,4063.9,3,1,4064.0,5,1
11483,2026-07-02 09:30:25+05:30,4063.5,1,4078.57,142825,74642.0,114505.0,4100.0,4110.0,4062.0,4092.6,21968100,4501.8,3683.4,4440.0,3288.1,4062.6,53,6,4062.4,11,2,4062.3,12,1,4062.2,2,1,4062.1,34,3,4062.7,2,2,4063.1,1,1,4063.5,13,1,4063.9,3,1,4064.0,5,1
11483,2026-07-02 09:30:26+05:30,4063.5,1,4078.56,142853,75204.0,114405.0,4100.0,4110.0,4062.0,4092.6,21968100,4501.8,3683.4,4440.0,3288.1,4062.7,20,1,4062.6,148,6,4062.5,19,1,4062.4,12,2,4062.3,20,2,4063.5,9,3,4063.9,3,1,4064.0,5,1,4064.1,376,1,4064.7,12,1
11483,2026-07-02 09:30:26+05:30,4063.9,3,4078.56,142853,75204.0,114405.0,4100.0,4110.0,4062.0,4092.6,21968100,4501.8,3683.4,4440.0,3288.1,4062.7,20,1,4062.6,148,6,4062.5,19,1,4062.4,12,2,4062.3,20,2,4063.5,9,3,4063.9,3,1,4064.0,5,1,4064.1,376,1,4064.7,12,1
11483,2026-07-02 09:30:27+05:30,4063.9,3,4078.56,142888,75586.0,113995.0,4100.0,4110.0,4062.0,4092.6,21968100,4501.8,3683.4,4440.0,3288.1,4062.8,88,5,4062.7,19,2,4062.6,131,4,4062.4,36,2,4062.3,32,3,4063.9,5,3,4064.0,5,1,4064.1,376,1,4064.9,39,1,4065.1,105,4
11483,2026-07-02 09:30:27+05:30,4063.9,1,4078.56,142888,75586.0,113995.0,4100.0,4110.0,4062.0,4092.6,21968100,4501.8,3683.4,4440.0,3288.1,4062.8,88,5,4062.7,19,2,4062.6,131,4,4062.4,36,2,4062.3,32,3,4063.9,5,3,4064.0,5,1,4064.1,376,1,4064.9,39,1,4065.1,105,4
11483,2026-07-02 09:30:28+05:30,4062.7,8,4078.54,143048,75813.0,113823.0,4100.0,4110.0,4062.0,4092.6,21968100,4501.8,3683.4,4440.0,3288.1,4062.8,20,1,4062.7,35,3,4062.6,103,3,4062.5,250,1,4062.4,64,3,4063.9,5,3,4064.0,5,1,4064.1,376,1,4064.9,39,1,4065.1,76,3
11483,2026-07-02 09:30:28+05:30,4062.7,10,4078.54,143048,75813.0,113823.0,4100.0,4110.0,4062.0,4092.6,21968100,4501.8,3683.4,4440.0,3288.1,4062.8,20,1,4062.7,35,3,4062.6,103,3,4062.5,250,1,4062.4,64,3,4063.9,5,3,4064.0,5,1,4064.1,376,1,4064.9,39,1,4065.1,76,3
11483,2026-07-02 09:30:29+05:30,4062.8,4,4078.54,143087,75760.0,113868.0,4100.0,4110.0,4062.0,4092.6,21968100,4501.8,3683.4,4440.0,3288.1,4062.8,15,1,4062.7,33,2,4062.6,103,3,4062.5,250,1,4062.4,36,2,4063.9,7,5,4064.0,5,1,4064.1,383,2,4064.8,18,2,4064.9,39,1
11483,2026-07-02 09:30:29+05:30,4062.8,4,4078.54,143087,75760.0,113868.0,4100.0,4110.0,4062.0,4092.6,21968100,4501.8,3683.4,4440.0,3288.1,4062.8,15,1,4062.7,33,2,4062.6,103,3,4062.5,250,1,4062.4,36,2,4063.9,7,5,4064.0,5,1,4064.1,383,2,4064.8,18,2,4064.9,39,1
11483,2026-07-02 09:30:30+05:30,4063.8,1,4078.54,143092,75550.0,114536.0,4100.0,4110.0,4062.0,4092.6,21968100,4501.8,3683.4,4440.0,3288.1,4062.6,103,3,4062.5,250,1,4062.2,3,2,4062.1,100,1,4062.0,301,22,4063.8,439,1,4063.9,65,11,4064.0,51,3,4064.1,383,2,4064.4,39,3
11483,2026-07-02 09:30:30+05:30,4063.2,3,4078.54,143092,75550.0,114536.0,4100.0,4110.0,4062.0,4092.6,21968100,4501.8,3683.4,4440.0,3288.1,4062.6,103,3,4062.5,250,1,4062.2,3,2,4062.1,100,1,4062.0,301,22,4063.8,439,1,4063.9,65,11,4064.0,51,3,4064.1,383,2,4064.4,39,3
11483,2026-07-02 09:30:31+05:30,4063.1,25,4078.48,143562,74465.0,114473.0,4100.0,4110.0,4062.0,4092.6,21968100,4501.8,3683.4,4440.0,3288.1,4062.5,114,1,4062.2,3,2,4062.1,100,1,4062.0,301,22,4061.9,2,1,4063.1,249,3,4063.2,12,1,4063.3,10,1,4063.4,11,1,4063.5,24,2
11483,2026-07-02 09:30:31+05:30,4063.1,25,4078.48,143562,74465.0,114473.0,4100.0,4110.0,4062.0,4092.6,21968100,4501.8,3683.4,4440.0,3288.1,4062.5,114,1,4062.2,3,2,4062.1,100,1,4062.0,301,22,4061.9,2,1,4063.1,249,3,4063.2,12,1,4063.3,10,1,4063.4,11,1,4063.5,24,2
11483,2026-07-02 09:30:32+05:30,4062.1,1,4078.46,143802,74196.0,114917.0,4100.0,4110.0,4062.0,4092.6,21968100,4501.8,3683.4,4440.0,3288.1,4062.0,301,22,4061.8,10,1,4061.5,17,3,4061.3,5,1,4061.2,16,3,4062.1,223,1,4062.9,26,2,4063.0,22,2,4063.1,10,4,4063.2,20,2
11483,2026-07-02 09:30:32+05:30,4062.0,8,4078.46,143802,74196.0,114917.0,4100.0,4110.0,4062.0,4092.6,21968100,4501.8,3683.4,4440.0,3288.1,4062.0,301,22,4061.8,10,1,4061.5,17,3,4061.3,5,1,4061.2,16,3,4062.1,223,1,4062.9,26,2,4063.0,22,2,4063.1,10,4,4063.2,20,2
11483,2026-07-02 09:30:33+05:30,4062.0,2,4078.44,143920,73982.0,114866.0,4100.0,4110.0,4062.0,4092.6,21968100,4501.8,3683.4,4440.0,3288.1,4062.0,189,19,4061.8,10,1,4061.5,17,3,4061.3,5,1,4061.2,16,3,4062.1,223,3,4062.5,12,1,4062.9,14,1,4063.0,11,1,4063.1,66,8
11483,2026-07-02 09:30:33+05:30,4062.0,3,4078.44,143920,73982.0,114866.0,4100.0,4110.0,4062.0,4092.6,21968100,4501.8,3683.4,4440.0,3288.1,4062.0,189,19,4061.8,10,1,4061.5,17,3,4061.3,5,1,4061.2,16,3,4062.1,223,3,4062.5,12,1,4062.9,14,1,4063.0,11,1,4063.1,66,8
11483,2026-07-02 09:30:34+05:30,4063.6,1,4078.38,144513,74455.0,114106.0,4100.0,4110.0,4062.0,4092.6,21968100,4501.8,3683.4,4440.0,3288.1,4062.1,10,1,4062.0,172,18,4061.9,6,1,4061.8,10,1,4061.6,36,1,4063.6,11,1,4063.7,29,2,4063.8,45,3,4063.9,8,1,4064.0,64,4
11483,2026-07-02 09:30:34+05:30,4063.6,1,4078.38,144513,74455.0,114106.0,4100.0,4110.0,4062.0,4092.6,21968100,4501.8,3683.4,4440.0,3288.1,4062.1,10,1,4062.0,172,18,4061.9,6,1,4061.8,10,1,4061.6,36,1,4063.6,11,1,4063.7,29,2,4063.8,45,3,4063.9,8,1,4064.0,64,4
11483,2026-07-02 09:30:35+05:30,4063.6,1,4078.38,144519,74597.0,113999.0,4100.0,4110.0,4062.0,4092.6,21968100,4501.8,3683.4,4440.0,3288.1,4062.2,16,1,4062.1,45,2,4062.0,173,19,4061.9,6,1,4061.8,33,3,4063.6,16,5,4063.8,12,1,4063.9,8,1,4064.0,31,3,4064.1,411,3
11483,2026-07-02 09:30:35+05:30,4063.6,1,4078.38,144519,74597.0,113999.0,4100.0,4110.0,4062.0,4092.6,21968100,4501.8,3683.4,4440.0,3288.1,4062.2,16,1,4062.1,45,2,4062.0,173,19,4061.9,6,1,4061.8,33,3,4063.6,16,5,4063.8,12,1,4063.9,8,1,4064.0,31,3,4064.1,411,3
11483,2026-07-02 09:30:36+05:30,4063.1,1,4078.38,144519,74597.0,113999.0,4100.0,4110.0,4062.0,4092.6,21968100,4501.8,3683.4,4440.0,3288.1,4062.2,16,1,4062.1,45,2,4062.0,173,19,4061.9,6,1,4061.8,33,3,4063.6,16,5,4063.8,12,1,4063.9,8,1,4064.0,31,3,4064.1,411,3
11483,2026-07-02 09:30:37+05:30,4063.1,1,4078.38,144520,74725.0,113907.0,4100.0,4110.0,4062.0,4092.6,21968100,4501.8,3683.4,4440.0,3288.1,4062.4,21,1,4062.3,12,1,4062.2,21,2,4062.1,118,5,4062.0,185,20,4063.6,5,4,4064.0,33,2,4064.1,388,2,4064.4,18,2,4064.5,12,1
11483,2026-07-02 09:30:37+05:30,4063.6,1,4078.38,144520,74725.0,113907.0,4100.0,4110.0,4062.0,4092.6,21968100,4501.8,3683.4,4440.0,3288.1,4062.4,21,1,4062.3,12,1,4062.2,21,2,4062.1,118,5,4062.0,185,20,4063.6,5,4,4064.0,33,2,4064.1,388,2,4064.4,18,2,4064.5,12,1
11483,2026-07-02 09:30:38+05:30,4063.6,1,4078.38,144522,75200.0,114131.0,4100.0,4110.0,4062.0,4092.6,21968100,4501.8,3683.4,4440.0,3288.1,4063.0,1,1,4062.8,15,1,4062.5,21,1,4062.4,12,1,4062.3,21,2,4063.6,4,4,4064.0,33,2,4064.1,388,2,4064.4,6,1,4064.5,12,1
11483,2026-07-02 09:30:38+05:30,4063.4,2,4078.38,144522,75200.0,114131.0,4100.0,4110.0,4062.0,4092.6,21968100,4501.8,3683.4,4440.0,3288.1,4063.0,1,1,4062.8,15,1,4062.5,21,1,4062.4,12,1,4062.3,21,2,4063.6,4,4,4064.0,33,2,4064.1,388,2,4064.4,6,1,4064.5,12,1
11483,2026-07-02 09:30:39+05:30,4063.4,2,4078.37,144574,75504.0,113831.0,4100.0,4110.0,4062.0,4092.6,21968100,4501.8,3683.4,4440.0,3288.1,4062.8,6,1,4062.5,21,1,4062.4,24,2,4062.3,20,1,4062.2,69,3,4063.4,2,2,4064.0,15,1,4064.1,376,1,4064.3,6,1,4064.5,12,1
11483,2026-07-02 09:30:39+05:30,4063.6,50,4078.37,144574,75504.0,113831.0,4100.0,4110.0,4062.0,4092.6,21968100,4501.8,3683.4,4440.0,3288.1,4062.8,6,1,4062.5,21,1,4062.4,24,2,4062.3,20,1,4062.2,69,3,4063.4,2,2,4064.0,15,1,4064.1,376,1,4064.3,6,1,4064.5,12,1
11483,2026-07-02 09:30:40+05:30,4062.5,44,4078.36,144714,75555.0,113241.0,4100.0,4110.0,4062.0,4092.6,21968100,4501.8,3683.4,4440.0,3288.1,4062.5,10,1,4062.4,12,1,4062.3,30,1,4062.2,116,5,4062.1,103,7,4064.0,4,3,4064.1,376,1,4064.5,42,2,4064.6,34,2,4064.7,34,2
11483,2026-07-02 09:30:40+05:30,4062.8,7,4078.36,144714,75555.0,113241.0,4100.0,4110.0,4062.0,4092.6,21968100,4501.8,3683.4,4440.0,3288.1,4062.5,10,1,4062.4,12,1,4062.3,30,1,4062.2,116,5,4062.1,103,7,4064.0,4,3,4064.1,376,1,4064.5,42,2,4064.6,34,2,4064.7,34,2
11483,2026-07-02 09:30:41+05:30,4062.8,7,4078.36,144736,75987.0,113347.0,4100.0,4110.0,4062.0,4092.6,21968100,4501.8,3683.4,4440.0,3288.1,4063.1,2,1,4062.6,51,3,4062.5,87,4,4062.4,12,1,4062.3,32,1,4064.0,5,5,4064.1,376,1,4064.5,22,1,4064.6,19,1,4064.9,64,3
11483,2026-07-02 09:30:41+05:30,4062.8,1,4078.36,144736,75987.0,113347.0,4100.0,4110.0,4062.0,4092.6,21968100,4501.8,3683.4,4440.0,3288.1,4063.1,2,1,4062.6,51,3,4062.5,87,4,4062.4,12,1,4062.3,32,1,4064.0,5,5,4064.1,376,1,4064.5,22,1,4064.6,19,1,4064.9,64,3
11483,2026-07-02 09:30:42+05:30,4064.0,1,4078.36,144742,76100.0,113158.0,4100.0,4110.0,4062.0,4092.6,21968100,4501.8,3683.4,4440.0,3288.1,4062.9,12,1,4062.6,102,4,4062.5,95,4,4062.3,59,2,4062.2,33,3,4064.0,4,4,4064.1,378,2,4064.8,15,1,4064.9,76,4,4065.0,73,4
11483,2026-07-02 09:30:42+05:30,4062.6,2,4078.36,144742,76100.0,113158.0,4100.0,4110.0,4062.0,4092.6,21968100,4501.8,3683.4,4440.0,3288.1,4062.9,12,1,4062.6,102,4,4062.5,95,4,4062.3,59,2,4062.2,33,3,4064.0,4,4,4064.1,378,2,4064.8,15,1,4064.9,76,4,4065.0,73,4
11483,2026-07-02 09:30:43+05:30,4062.6,2,4078.35,144765,75760.0,113446.0,4100.0,4110.0,4062.0,4092.6,21968100,4501.8,3683.4,4440.0,3288.1,4062.8,21,1,4062.7,12,3,4062.6,39,4,4062.5,37,1,4062.3,60,2,4064.0,4,4,4064.1,378,2,4064.7,5,1,4064.8,15,1,4064.9,64,3
11483,2026-07-02 09:30:43+05:30,4062.8,1,4078.35,144765,75760.0,113446.0,4100.0,4110.0,4062.0,4092.6,21968100,4501.8,3683.4,4440.0,3288.1,4062.8,21,1,4062.7,12,3,4062.6,39,4,4062.5,37,1,4062.3,60,2,4064.0,4,4,4064.1,378,2,4064.7,5,1,4064.8,15,1,4064.9,64,3
11483,2026-07-02 09:30:44+05:30,4062.8,5,4078.35,144772,75779.0,113388.0,4100.0,4110.0,4062.0,4092.6,21968100,4501.8,3683.4,4440.0,3288.1,4062.8,14,1,4062.7,35,4,4062.6,39,4,4062.5,49,2,4062.3,60,2,4064.0,2,2,4064.1,407,3,4064.7,5,1,4064.8,30,2,4064.9,25,2
11483,2026-07-02 09:30:44+05:30,4062.6,4,4078.35,144772,75779.0,113388.0,4100.0,4110.0,4062.0,4092.6,21968100,4501.8,3683.4,4440.0,3288.1,4062.8,14,1,4062.7,35,4,4062.6,39,4,4062.5,49,2,4062.3,60,2,4064.0,2,2,4064.1,407,3,4064.7,5,1,4064.8,30,2,4064.9,25,2
11483,2026-07-02 09:30:45+05:30,4062.8,2,4078.34,144933,75636.0,113504.0,4100.0,4110.0,4062.0,4092.6,21968100,4501.8,3683.4,4440.0,3288.1,4062.8,22,1,4062.6,21,1,4062.5,54,3,4062.3,7,1,4062.2,55,2,4064.1,407,3,4064.6,12,1,4064.8,30,2,4064.9,25,2,4065.0,61,4
11483,2026-07-02 09:30:45+05:30,4063.4,1,4078.34,144933,75636.0,113504.0,4100.0,4110.0,4062.0,4092.6,21968100,4501.8,3683.4,4440.0,3288.1,4062.8,22,1,4062.6,21,1,4062.5,54,3,4062.3,7,1,4062.2,55,2,4064.1,407,3,4064.6,12,1,4064.8,30,2,4064.9,25,2,4065.0,61,4
11483,2026-07-02 09:30:46+05:30,4063.4,4,4078.33,144956,76147.0,114072.0,4100.0,4110.0,4062.0,4092.6,21968100,4501.8,3683.4,4440.0,3288.1,4063.4,7,1,4063.3,2,2,4063.0,100,1,4062.8,11,1,4062.5,7,1,4063.7,81,1,4063.8,42,1,4063.9,42,1,4064.1,455,5,4064.2,12,1
11483,2026-07-02 09:30:46+05:30,4063.4,1,4078.33,144956,76147.0,114072.0,4100.0,4110.0,4062.0,4092.6,21968100,4501.8,3683.4,4440.0,3288.1,4063.4,7,1,4063.3,2,2,4063.0,100,1,4062.8,11,1,4062.5,7,1,4063.7,81,1,4063.8,42,1,4063.9,42,1,4064.1,455,5,4064.2,12,1
11483,2026-07-02 09:30:47+05:30,4063.4,3,4078.33,144963,76004.0,114069.0,4100.0,4110.0,4062.0,4092.6,21968100,4501.8,3683.4,4440.0,3288.1,4063.3,2,2,4063.0,100,1,4062.8,11,1,4062.6,1,1,4062.3,31,1,4063.4,78,1,4063.5,42,1,4063.6,45,2,4063.8,54,2,4064.0,42,1
11483,2026-07-02 09:30:47+05:30,4063.4,3,4078.33,144963,76004.0,114069.0,4100.0,4110.0,4062.0,4092.6,21968100,4501.8,3683.4,4440.0,3288.1,4063.3,2,2,4063.0,100,1,4062.8,11,1,4062.6,1,1,4062.3,31,1,4063.4,78,1,4063.5,42,1,4063.6,45,2,4063.8,54,2,4064.0,42,1
11483,2026-07-02 09:30:48+05:30,4063.5,42,4078.32,145054,76503.0,112798.0,4100.0,4110.0,4062.0,4092.6,21968100,4501.8,3683.4,4440.0,3288.1,4063.3,2,2,4063.0,100,1,4062.8,11,1,4062.6,19,2,4062.5,19,1,4063.6,3,1,4063.7,42,1,4063.9,42,1,4064.1,398,2,4064.8,15,1
11483,2026-07-02 09:30:48+05:30,4063.6,1,4078.32,145054,76503.0,112798.0,4100.0,4110.0,4062.0,4092.6,21968100,4501.8,3683.4,4440.0,3288.1,4063.3,2,2,4063.0,100,1,4062.8,11,1,4062.6,19,2,4062.5,19,1,4063.6,3,1,4063.7,42,1,4063.9,42,1,4064.1,398,2,4064.8,15,1
11483,2026-07-02 09:30:49+05:30,4063.3,1,4078.32,145061,76951.0,113339.0,4100.0,4110.0,4062.0,4092.6,21968100,4501.8,3683.4,4440.0,3288.1,4063.0,100,1,4062.8,11,1,4062.6,1,1,4062.4,44,1,4062.3,47,1,4063.3,66,3,4063.5,2,2,4063.6,2,1,4063.7,42,1,4063.9,42,1
11483,2026-07-02 09:30:49+05:30,4063.3,1,4078.32,145061,76951.0,113339.0,4100.0,4110.0,4062.0,4092.6,21968100,4501.8,3683.4,4440.0,3288.1,4063.0,100,1,4062.8,11,1,4062.6,1,1,4062.4,44,1,4062.3,47,1,4063.3,66,3,4063.5,2,2,4063.6,2,1,4063.7,42,1,4063.9,42,1
11483,2026-07-02 09:30:50+05:30,4063.2,4,4078.32,145061,76951.0,113339.0,4100.0,4110.0,4062.0,4092.6,21968100,4501.8,3683.4,4440.0,3288.1,4063.0,100,1,4062.8,11,1,4062.6,1,1,4062.4,44,1,4062.3,47,1,4063.3,66,3,4063.5,2,2,4063.6,2,1,4063.7,42,1,4063.9,42,1
11483,2026-07-02 09:30:51+05:30,4063.2,4,4078.32,145080,76754.0,113501.0,4100.0,4110.0,4062.0,4092.6,21968100,4501.8,3683.4,4440.0,3288.1,4063.0,101,2,4062.8,11,1,4062.6,1,1,4062.3,47,1,4062.2,48,1,4063.2,46,2,4063.3,2,2,4063.4,100,1,4063.5,2,2,4063.6,44,2
11483,2026-07-02 09:30:51+05:30,4063.1,1,4078.32,145080,76754.0,113501.0,4100.0,4110.0,4062.0,4092.6,21968100,4501.8,3683.4,4440.0,3288.1,4063.0,101,2,4062.8,11,1,4062.6,1,1,4062.3,47,1,4062.2,48,1,4063.2,46,2,4063.3,2,2,4063.4,100,1,4063.5,2,2,4063.6,44,2
11483,2026-07-02 09:30:52+05:30,4063.0,1,4078.31,145182,76180.0,113719.0,4100.0,4110.0,4062.0,4092.6,21968100,4501.8,3683.4,4440.0,3288.1,4062.8,11,1,4062.6,1,1,4062.1,87,8,4062.0,259,33,4061.8,10,1,4063.0,24,1,4063.1,43,3,4063.2,43,2,4063.3,2,2,4063.4,142,2
11483,2026-07-02 09:30:52+05:30,4062.8,10,4078.31,145182,76180.0,113719.0,4100.0,4110.0,4062.0,4092.6,21968100,4501.8,3683.4,4440.0,3288.1,4062.8,11,1,4062.6,1,1,4062.1,87,8,4062.0,259,33,4061.8,10,1,4063.0,24,1,4063.1,43,3,4063.2,43,2,4063.3,2,2,4063.4,142,2
11483,2026-07-02 09:30:53+05:30,4062.8,3,4078.31,145210,76168.0,113875.0,4100.0,4110.0,4062.0,4092.6,21968100,4501.8,3683.4,4440.0,3288.1,4062.8,237,1,4062.6,1,1,4062.2,12,1,4062.1,67,7,4062.0,232,31,4063.0,45,4,4063.1,43,3,4063.2,43,2,4063.3,3,3,4063.4,142,2
11483,2026-07-02 09:30:53+05:30,4062.8,1,4078.31,145210,76168.0,113875.0,4100.0,4110.0,4062.0,4092.6,21968100,4501.8,3683.4,4440.0,3288.1,4062.8,237,1,4062.6,1,1,4062.2,12,1,4062.1,67,7,4062.0,232,31,4063.0,45,4,4063.1,43,3,4063.2,43,2,4063.3,3,3,4063.4,142,2
11483,2026-07-02 09:30:54+05:30,4063.1,1,4078.3,145314,76512.0,113790.0,4100.0,4110.0,4062.0,4092.6,21968100,4501.8,3683.4,4440.0,3288.1,4062.8,235,1,4062.6,1,1,4062.5,12,1,4062.1,67,7,4062.0,249,33,4063.1,42,3,4063.2,1,1,4063.3,3,3,4063.4,142,2,4063.6,44,2
11483,2026-07-02 09:30:54+05:30,4062.8,1,4078.3,145314,76512.0,113790.0,4100.0,4110.0,4062.0,4092.6,21968100,4501.8,3683.4,4440.0,3288.1,4062.8,235,1,4062.6,1,1,4062.5,12,1,4062.1,67,7,4062.0,249,33,4063.1,42,3,4063.2,1,1,4063.3,3,3,4063.4,142,2,4063.6,44,2
11483,2026-07-02 09:30:55+05:30,4062.8,1,4078.3,145320,76552.0,113731.0,4100.0,4110.0,4062.0,4092.6,21968100,4501.8,3683.4,4440.0,3288.1,4062.8,229,1,4062.6,1,1,4062.1,67,7,4062.0,237,32,4061.8,22,2,4063.1,7,6,4063.2,1,1,4063.3,1,1,4063.4,100,1,4063.6,2,1
11483,2026-07-02 09:30:55+05:30,4062.8,3,4078.3,145320,76552.0,113731.0,4100.0,4110.0,4062.0,4092.6,21968100,4501.8,3683.4,4440.0,3288.1,4062.8,229,1,4062.6,1,1,4062.1,67,7,4062.0,237,32,4061.8,22,2,4063.1,7,6,4063.2,1,1,4063.3,1,1,4063.4,100,1,4063.6,2,1
11483,2026-07-02 09:30:56+05:30,4062.8,2,4078.29,145328,76570.0,114045.0,4100.0,4110.0,4062.0,4092.6,21968100,4501.8,3683.4,4440.0,3288.1,4062.8,223,1,4062.6,1,1,4062.1,67,7,4062.0,237,32,4061.8,22,2,4063.1,7,6,4063.4,112,4,4063.5,9,1,4063.6,2,1,4063.8,29,1
11483,2026-07-02 09:30:56+05:30,4063.1,1,4078.29,145328,76570.0,114045.0,4100.0,4110.0,4062.0,4092.6,21968100,4501.8,3683.4,4440.0,3288.1,4062.8,223,1,4062.6,1,1,4062.1,67,7,4062.0,237,32,4061.8,22,2,4063.1,7,6,4063.4,112,4,4063.5,9,1,4063.6,2,1,4063.8,29,1
11483,2026-07-02 09:30:57+05:30,4063.1,3,4078.29,145380,76996.0,113855.0,4100.0,4110.0,4062.0,4092.6,21968100,4501.8,3683.4,4440.0,3288.1,4063.1,79,1,4063.0,72,1,4062.9,42,1,4062.8,272,3,4062.6,43,2,4063.4,104,3,4063.6,2,1,4064.1,398,2,4064.2,15,1,4064.3,29,1
11483,2026-07-02 09:30:57+05:30,4063.3,5,4078.29,145380,76996.0,113855.0,4100.0,4110.0,4062.0,4092.6,21968100,4501.8,3683.4,4440.0,3288.1,4063.1,79,1,4063.0,72,1,4062.9,42,1,4062.8,272,3,4062.6,43,2,4063.4,104,3,4063.6,2,1,4064.1,398,2,4064.2,15,1,4064.3,29,1
11483,2026-07-02 09:30:58+05:30,4063.3,5,4078.29,145412,77291.0,113870.0,4100.0,4110.0,4062.0,4092.6,21968100,4501.8,3683.4,4440.0,3288.1,4063.3,67,1,4063.2,42,1,4063.1,115,2,4063.0,25,1,4062.9,42,1,4063.4,85,5,4063.6,2,1,4064.1,398,2,4064.2,15,1,4064.4,35,2
11483,2026-07-02 09:30:58+05:30,4063.4,1,4078.29,145412,77291.0,113870.0,4100.0,4110.0,4062.0,4092.6,21968100,4501.8,3683.4,4440.0,3288.1,4063.3,67,1,4063.2,42,1,4063.1,115,2,4063.0,25,1,4062.9,42,1,4063.4,85,5,4063.6,2,1,4064.1,398,2,4064.2,15,1,4064.4,35,2
11483,2026-07-02 09:30:59+05:30,4063.4,1,4078.28,145426,77147.0,113903.0,4100.0,4110.0,4062.0,4092.6,21968100,4501.8,3683.4,4440.0,3288.1,4063.3,30,1,4063.2,42,1,4063.1,73,1,4063.0,67,2,4062.8,282,4,4063.4,86,7,4063.5,21,1,4063.6,2,1,4063.9,8,1,4064.1,398,2
11483,2026-07-02 09:30:59+05:30,4062.1,9,4078.28,145426,77147.0,113903.0,4100.0,4110.0,4062.0,4092.6,21968100,4501.8,3683.4,4440.0,3288.1,4063.3,30,1,4063.2,42,1,4063.1,73,1,4063.0,67,2,4062.8,282,4,4063.4,86,7,4063.5,21,1,4063.6,2,1,4063.9,8,1,4064.1,398,2
11483,2026-07-02 09:31:00+05:30,4062.1,9,4078.22,146017,74674.0,114779.0,4100.0,4110.0,4062.0,4092.6,21968100,4501.8,3683.4,4440.0,3288.1,4062.1,26,2,4062.0,244,34,4061.8,10,1,4061.5,17,3,4061.2,16,3,4062.7,55,4,4062.8,20,1,4062.9,35,2,4063.0,46,4,4063.1,60,4
11483,2026-07-02 09:31:00+05:30,4062.8,1,4078.22,146017,74674.0,114779.0,4100.0,4110.0,4062.0,4092.6,21968100,4501.8,3683.4,4440.0,3288.1,4062.1,26,2,4062.0,244,34,4061.8,10,1,4061.5,17,3,4061.2,16,3,4062.7,55,4,4062.8,20,1,4062.9,35,2,4063.0,46,4,4063.1,60,4
11483,2026-07-02 09:31:01+05:30,4062.8,1,4078.19,146286,75466.0,114361.0,4100.0,4110.0,4062.0,4092.6,21968100,4501.8,3683.4,4440.0,3288.1,4062.5,81,1,4062.4,42,1,4062.3,42,1,4062.1,42,1,4062.0,244,34,4063.3,20,1,4063.4,34,9,4063.6,2,1,4063.8,10,1,4063.9,8,1
11483,2026-07-02 09:31:02+05:30,4062.8,1,4078.19,146286,75210.0,114394.0,4100.0,4110.0,4062.0,4092.6,21968100,4501.8,3683.4,4440.0,3288.1,4062.6,42,1,4062.5,42,1,4062.3,42,1,4062.1,43,2,4062.0,244,34,4062.8,4,2,4063.3,20,1,4063.4,34,9,4063.6,2,1,4063.8,10,1
11483,2026-07-02 09:31:02+05:30,4062.8,1,4078.19,146286,75210.0,114394.0,4100.0,4110.0,4062.0,4092.6,21968100,4501.8,3683.4,4440.0,3288.1,4062.6,42,1,4062.5,42,1,4062.3,42,1,4062.1,43,2,4062.0,244,34,4062.8,4,2,4063.3,20,1,4063.4,34,9,4063.6,2,1,4063.8,10,1
11483,2026-07-02 09:31:03+05:30,4062.8,1,4078.19,146286,75210.0,114394.0,4100.0,4110.0,4062.0,4092.6,21968100,4501.8,3683.4,4440.0,3288.1,4062.6,42,1,4062.5,42,1,4062.3,42,1,4062.1,43,2,4062.0,244,34,4062.8,4,2,4063.3,20,1,4063.4,34,9,4063.6,2,1,4063.8,10,1
11483,2026-07-02 09:31:03+05:30,4062.8,11,4078.19,146339,75836.0,114426.0,4100.0,4110.0,4062.0,4092.6,21968100,4501.8,3683.4,4440.0,3288.1,4062.8,38,1,4062.6,80,2,4062.4,42,1,4062.2,42,1,4062.1,26,2,4063.4,42,8,4063.6,12,2,4063.7,23,2,4063.9,6,1,4064.0,75,5
11483,2026-07-02 09:31:03+05:30,4062.8,11,4078.19,146339,75836.0,114426.0,4100.0,4110.0,4062.0,4092.6,21968100,4501.8,3683.4,4440.0,3288.1,4062.8,38,1,4062.6,80,2,4062.4,42,1,4062.2,42,1,4062.1,26,2,4063.4,42,8,4063.6,12,2,4063.7,23,2,4063.9,6,1,4064.0,75,5
11483,2026-07-02 09:31:03+05:30,4062.9,1,4078.19,146339,75836.0,114426.0,4100.0,4110.0,4062.0,4092.6,21968100,4501.8,3683.4,4440.0,3288.1,4062.8,38,1,4062.6,80,2,4062.4,42,1,4062.2,42,1,4062.1,26,2,4063.4,42,8,4063.6,12,2,4063.7,23,2,4063.9,6,1,4064.0,75,5
11483,2026-07-02 09:31:04+05:30,4062.9,1,4078.19,146339,75836.0,114426.0,4100.0,4110.0,4062.0,4092.6,21968100,4501.8,3683.4,4440.0,3288.1,4062.8,38,1,4062.6,80,2,4062.4,42,1,4062.2,42,1,4062.1,26,2,4063.4,42,8,4063.6,12,2,4063.7,23,2,4063.9,6,1,4064.0,75,5
11483,2026-07-02 09:31:04+05:30,4062.6,19,4078.18,146451,75506.0,114470.0,4100.0,4110.0,4062.0,4092.6,21968100,4501.8,3683.4,4440.0,3288.1,4062.6,19,1,4062.5,42,1,4062.1,26,2,4062.0,250,36,4061.8,10,1,4063.3,23,3,4063.4,40,6,4063.5,23,2,4063.6,14,2,4063.7,28,1
11483,2026-07-02 09:31:04+05:30,4062.6,19,4078.18,146451,75506.0,114470.0,4100.0,4110.0,4062.0,4092.6,21968100,4501.8,3683.4,4440.0,3288.1,4062.6,19,1,4062.5,42,1,4062.1,26,2,4062.0,250,36,4061.8,10,1,4063.3,23,3,4063.4,40,6,4063.5,23,2,4063.6,14,2,4063.7,28,1
11483,2026-07-02 09:31:04+05:30,4062.6,4,4078.18,146451,75506.0,114470.0,4100.0,4110.0,4062.0,4092.6,21968100,4501.8,3683.4,4440.0,3288.1,4062.6,19,1,4062.5,42,1,4062.1,26,2,4062.0,250,36,4061.8,10,1,4063.3,23,3,4063.4,40,6,4063.5,23,2,4063.6,14,2,4063.7,28,1
11483,2026-07-02 09:31:05+05:30,4062.6,4,4078.18,146451,75506.0,114470.0,4100.0,4110.0,4062.0,4092.6,21968100,4501.8,3683.4,4440.0,3288.1,4062.6,19,1,4062.5,42,1,4062.1,26,2,4062.0,250,36,4061.8,10,1,4063.3,23,3,4063.4,40,6,4063.5,23,2,4063.6,14,2,4063.7,28,1
11483,2026-07-02 09:31:05+05:30,4063.0,69,4078.17,146550,75437.0,114354.0,4100.0,4110.0,4062.0,4092.6,21968100,4501.8,3683.4,4440.0,3288.1,4062.8,42,1,4062.7,42,1,4062.5,52,2,4062.3,42,1,4062.1,26,2,4063.0,1,1,4063.2,55,6,4063.3,16,4,4063.4,33,4,4063.5,26,3
11483,2026-07-02 09:31:05+05:30,4063.0,69,4078.17,146550,75437.0,114354.0,4100.0,4110.0,4062.0,4092.6,21968100,4501.8,3683.4,4440.0,3288.1,4062.8,42,1,4062.7,42,1,4062.5,52,2,4062.3,42,1,4062.1,26,2,4063.0,1,1,4063.2,55,6,4063.3,16,4,4063.4,33,4,4063.5,26,3
11483,2026-07-02 09:31:05+05:30,4062.7,42,4078.17,146550,75437.0,114354.0,4100.0,4110.0,4062.0,4092.6,21968100,4501.8,3683.4,4440.0,3288.1,4062.8,42,1,4062.7,42,1,4062.5,52,2,4062.3,42,1,4062.1,26,2,4063.0,1,1,4063.2,55,6,4063.3,16,4,4063.4,33,4,4063.5,26,3
11483,2026-07-02 09:31:06+05:30,4062.7,42,4078.17,146550,75437.0,114354.0,4100.0,4110.0,4062.0,4092.6,21968100,4501.8,3683.4,4440.0,3288.1,4062.8,42,1,4062.7,42,1,4062.5,52,2,4062.3,42,1,4062.1,26,2,4063.0,1,1,4063.2,55,6,4063.3,16,4,4063.4,33,4,4063.5,26,3
11483,2026-07-02 09:31:06+05:30,4062.7,42,4078.17,146550,75437.0,114354.0,4100.0,4110.0,4062.0,4092.6,21967750,4501.8,3683.4,4440.0,3288.1,4062.8,42,1,4062.7,42,1,4062.5,52,2,4062.3,42,1,4062.1,26,2,4063.0,1,1,4063.2,55,6,4063.3,16,4,4063.4,33,4,4063.5,26,3
11483,2026-07-02 09:31:06+05:30,4062.7,2,4078.13,146929,74989.0,114968.0,4100.0,4110.0,4062.0,4092.6,21967750,4501.8,3683.4,4440.0,3288.1,4062.0,215,33,4061.8,10,1,4061.5,17,3,4061.2,16,3,4061.1,79,5,4062.4,18,1,4062.5,52,5,4062.6,48,3,4062.7,36,3,4062.8,18,2
11483,2026-07-02 09:31:06+05:30,4062.7,2,4078.13,146929,74989.0,114968.0,4100.0,4110.0,4062.0,4092.6,21967750,4501.8,3683.4,4440.0,3288.1,4062.0,215,33,4061.8,10,1,4061.5,17,3,4061.2,16,3,4061.1,79,5,4062.4,18,1,4062.5,52,5,4062.6,48,3,4062.7,36,3,4062.8,18,2
11483,2026-07-02 09:31:06+05:30,4062.7,2,4078.13,146929,74989.0,114968.0,4100.0,4110.0,4062.0,4092.6,21967750,4501.8,3683.4,4440.0,3288.1,4062.0,215,33,4061.8,10,1,4061.5,17,3,4061.2,16,3,4061.1,79,5,4062.4,18,1,4062.5,52,5,4062.6,48,3,4062.7,36,3,4062.8,18,2
11483,2026-07-02 09:31:07+05:30,4062.7,2,4078.13,146929,74989.0,114968.0,4100.0,4110.0,4062.0,4092.6,21967750,4501.8,3683.4,4440.0,3288.1,4062.0,215,33,4061.8,10,1,4061.5,17,3,4061.2,16,3,4061.1,79,5,4062.4,18,1,4062.5,52,5,4062.6,48,3,4062.7,36,3,4062.8,18,2
11483,2026-07-02 09:31:07+05:30,4060.3,2,4078.0,148054,72952.0,115206.0,4100.0,4110.0,4060.3,4092.6,21967750,4501.8,3683.4,4440.0,3288.1,4060.3,40,1,4060.2,2,1,4060.1,103,7,4060.0,1713,121,4059.9,52,2,4060.5,33,4,4060.8,29,4,4061.0,9,1,4061.1,26,2,4061.2,10,1
11483,2026-07-02 09:31:07+05:30,4060.3,2,4078.0,148054,72952.0,115206.0,4100.0,4110.0,4060.3,4092.6,21967750,4501.8,3683.4,4440.0,3288.1,4060.3,40,1,4060.2,2,1,4060.1,103,7,4060.0,1713,121,4059.9,52,2,4060.5,33,4,4060.8,29,4,4061.0,9,1,4061.1,26,2,4061.2,10,1
11483,2026-07-02 09:31:07+05:30,4060.5,5,4078.0,148054,72952.0,115206.0,4100.0,4110.0,4060.3,4092.6,21967750,4501.8,3683.4,4440.0,3288.1,4060.3,40,1,4060.2,2,1,4060.1,103,7,4060.0,1713,121,4059.9,52,2,4060.5,33,4,4060.8,29,4,4061.0,9,1,4061.1,26,2,4061.2,10,1
11483,2026-07-02 09:31:08+05:30,4060.5,5,4078.0,148054,72952.0,115206.0,4100.0,4110.0,4060.3,4092.6,21967750,4501.8,3683.4,4440.0,3288.1,4060.3,40,1,4060.2,2,1,4060.1,103,7,4060.0,1713,121,4059.9,52,2,4060.5,33,4,4060.8,29,4,4061.0,9,1,4061.1,26,2,4061.2,10,1
11483,2026-07-02 09:31:08+05:30,4060.4,1,4077.99,148069,73669.0,115586.0,4100.0,4110.0,4060.3,4092.6,21967750,4501.8,3683.4,4440.0,3288.1,4060.3,31,1,4060.2,2,1,4060.1,61,6,4060.0,1755,122,4059.9,10,1,4060.4,7,1,4060.5,14,4,4060.8,9,1,4061.2,10,1,4061.3,13,1
11483,2026-07-02 09:31:08+05:30,4060.4,10,4077.99,148069,73669.0,115586.0,4100.0,4110.0,4060.3,4092.6,21967750,4501.8,3683.4,4440.0,3288.1,4060.3,31,1,4060.2,2,1,4060.1,61,6,4060.0,1755,122,4059.9,10,1,4060.4,7,1,4060.5,14,4,4060.8,9,1,4061.2,10,1,4061.3,13,1
11483,2026-07-02 09:31:09+05:30,4060.4,1,4077.99,148127,73570.0,115722.0,4100.0,4110.0,4060.3,4092.6,21967750,4501.8,3683.4,4440.0,3288.1,4060.3,46,2,4060.2,2,1,4060.1,61,6,4060.0,1755,122,4059.9,10,1,4060.4,5,3,4060.5,14,4,4060.8,9,1,4061.4,12,1,4061.8,28,2
11483,2026-07-02 09:31:09+05:30,4060.3,9,4077.99,148127,73570.0,115722.0,4100.0,4110.0,4060.3,4092.6,21967750,4501.8,3683.4,4440.0,3288.1,4060.3,46,2,4060.2,2,1,4060.1,61,6,4060.0,1755,122,4059.9,10,1,4060.4,5,3,4060.5,14,4,4060.8,9,1,4061.4,12,1,4061.8,28,2
11483,2026-07-02 09:31:10+05:30,4060.3,12,4077.98,148175,73254.0,116262.0,4100.0,4110.0,4060.3,4092.6,21967750,4501.8,3683.4,4440.0,3288.1,4060.2,2,1,4060.1,61,6,4060.0,1755,122,4059.9,10,1,4059.8,49,3,4060.3,10,5,4060.4,5,5,4060.5,14,4,4060.6,12,1,4060.7,6,1
11483,2026-07-02 09:31:10+05:30,4060.3,12,4077.98,148175,73254.0,116262.0,4100.0,4110.0,4060.3,4092.6,21967750,4501.8,3683.4,4440.0,3288.1,4060.2,2,1,4060.1,61,6,4060.0,1755,122,4059.9,10,1,4059.8,49,3,4060.3,10,5,4060.4,5,5,4060.5,14,4,4060.6,12,1,4060.7,6,1
11483,2026-07-02 09:31:11+05:30,4058.6,1,4077.98,148175,73254.0,116262.0,4100.0,4110.0,4060.3,4092.6,21967750,4501.8,3683.4,4440.0,3288.1,4058.5,49,4,4058.4,42,1,4058.0,340,16,4057.8,2,1,4057.5,44,3,4058.6,5,4,4059.4,45,5,4059.7,33,1,4059.8,51,1,4059.9,16,1
11483,2026-07-02 09:31:11+05:30,4058.6,1,4077.73,150276,71575.0,116420.0,4100.0,4110.0,4058.6,4092.6,21967750,4501.8,3683.4,4440.0,3288.1,4058.5,49,4,4058.4,42,1,4058.0,340,16,4057.8,2,1,4057.5,44,3,4058.6,5,4,4059.4,45,5,4059.7,33,1,4059.8,51,1,4059.9,16,1
11483,2026-07-02 09:31:12+05:30,4060.2,7,4077.73,150276,71575.0,116420.0,4100.0,4110.0,4058.6,4092.6,21967750,4501.8,3683.4,4440.0,3288.1,4058.5,49,4,4058.4,42,1,4058.0,340,16,4057.8,2,1,4057.5,44,3,4058.6,5,4,4059.4,45,5,4059.7,33,1,4059.8,51,1,4059.9,16,1
11483,2026-07-02 09:31:13+05:30,4060.2,7,4077.66,150845,73382.0,115255.0,4100.0,4110.0,4058.5,4092.6,21967750,4501.8,3683.4,4440.0,3288.1,4060.1,33,2,4060.0,54,2,4059.8,42,1,4059.6,85,3,4059.4,23,1,4060.2,14,4,4060.3,2,2,4060.4,4,4,4060.5,2,2,4060.8,77,1
11483,2026-07-02 09:31:13+05:30,4060.2,1,4077.66,150845,73382.0,115255.0,4100.0,4110.0,4058.5,4092.6,21967750,4501.8,3683.4,4440.0,3288.1,4060.1,33,2,4060.0,54,2,4059.8,42,1,4059.6,85,3,4059.4,23,1,4060.2,14,4,4060.3,2,2,4060.4,4,4,4060.5,2,2,4060.8,77,1
11483,2026-07-02 09:31:14+05:30,4060.2,1,4077.65,150940,73480.0,115230.0,4100.0,4110.0,4058.5,4092.6,21967750,4501.8,3683.4,4440.0,3288.1,4060.1,42,1,4060.0,17,2,4059.8,42,1,4059.6,42,1,4059.1,7,1,4060.2,18,7,4060.3,2,2,4060.4,4,4,4060.8,77,1,4061.3,55,2
11483,2026-07-02 09:31:14+05:30,4060.2,2,4077.65,150940,73480.0,115230.0,4100.0,4110.0,4058.5,4092.6,21967750,4501.8,3683.4,4440.0,3288.1,4060.1,42,1,4060.0,17,2,4059.8,42,1,4059.6,42,1,4059.1,7,1,4060.2,18,7,4060.3,2,2,4060.4,4,4,4060.8,77,1,4061.3,55,2
11483,2026-07-02 09:31:15+05:30,4060.2,1,4077.64,151025,73604.0,115285.0,4100.0,4110.0,4058.5,4092.6,21967750,4501.8,3683.4,4440.0,3288.1,4060.1,28,1,4060.0,17,2,4059.8,42,1,4059.6,42,1,4059.2,29,1,4060.2,6,2,4060.3,2,2,4060.8,77,1,4061.3,90,3,4061.4,96,3
11483,2026-07-02 09:31:15+05:30,4060.3,1,4077.64,151025,73604.0,115285.0,4100.0,4110.0,4058.5,4092.6,21967750,4501.8,3683.4,4440.0,3288.1,4060.1,28,1,4060.0,17,2,4059.8,42,1,4059.6,42,1,4059.2,29,1,4060.2,6,2,4060.3,2,2,4060.8,77,1,4061.3,90,3,4061.4,96,3
11483,2026-07-02 09:31:16+05:30,4060.8,5,4077.64,151052,73828.0,115012.0,4100.0,4110.0,4058.5,4092.6,21967750,4501.8,3683.4,4440.0,3288.1,4060.3,1,1,4060.1,19,1,4060.0,17,2,4059.8,42,1,4059.6,42,1,4060.8,72,1,4061.3,12,1,4061.4,84,2,4061.5,18,1,4061.6,18,2
11483,2026-07-02 09:31:16+05:30,4060.2,39,4077.64,151052,73828.0,115012.0,4100.0,4110.0,4058.5,4092.6,21967750,4501.8,3683.4,4440.0,3288.1,4060.3,1,1,4060.1,19,1,4060.0,17,2,4059.8,42,1,4059.6,42,1,4060.8,72,1,4061.3,12,1,4061.4,84,2,4061.5,18,1,4061.6,18,2
11483,2026-07-02 09:31:17+05:30,4060.8,3,4077.63,151100,73738.0,115174.0,4100.0,4110.0,4058.5,4092.6,21967750,4501.8,3683.4,4440.0,3288.1,4060.2,3,1,4060.1,19,1,4060.0,59,3,4059.1,7,1,4059.0,19,1,4060.8,81,6,4061.3,12,1,4061.4,115,3,4061.5,66,2,4061.6,18,2
11483,2026-07-02 09:31:17+05:30,4060.2,1,4077.63,151100,73738.0,115174.0,4100.0,4110.0,4058.5,4092.6,21967750,4501.8,3683.4,4440.0,3288.1,4060.2,3,1,4060.1,19,1,4060.0,59,3,4059.1,7,1,4059.0,19,1,4060.8,81,6,4061.3,12,1,4061.4,115,3,4061.5,66,2,4061.6,18,2
11483,2026-07-02 09:31:18+05:30,4059.1,27,4077.62,151213,73245.0,114863.0,4100.0,4110.0,4058.5,4092.6,21967750,4501.8,3683.4,4440.0,3288.1,4059.5,70,6,4059.4,5,2,4059.3,82,5,4059.2,41,3,4059.1,16,2,4060.8,69,7,4061.3,43,2,4061.4,67,1,4061.6,18,2,4061.7,15,1
11483,2026-07-02 09:31:18+05:30,4060.0,8,4077.62,151213,73245.0,114863.0,4100.0,4110.0,4058.5,4092.6,21967750,4501.8,3683.4,4440.0,3288.1,4059.5,70,6,4059.4,5,2,4059.3,82,5,4059.2,41,3,4059.1,16,2,4060.8,69,7,4061.3,43,2,4061.4,67,1,4061.6,18,2,4061.7,15,1
11483,2026-07-02 09:31:19+05:30,4060.8,1,4077.61,151244,73481.0,114931.0,4100.0,4110.0,4058.5,4092.6,21967750,4501.8,3683.4,4440.0,3288.1,4060.2,1,1,4060.0,13,1,4059.5,15,1,4059.4,3,1,4059.3,46,4,4060.8,68,7,4061.2,66,1,4061.3,43,2,4061.4,67,1,4061.6,30,3
11483,2026-07-02 09:31:19+05:30,4060.8,1,4077.61,151244,73481.0,114931.0,4100.0,4110.0,4058.5,4092.6,21967750,4501.8,3683.4,4440.0,3288.1,4060.2,1,1,4060.0,13,1,4059.5,15,1,4059.4,3,1,4059.3,46,4,4060.8,68,7,4061.2,66,1,4061.3,43,2,4061.4,67,1,4061.6,30,3
11483,2026-07-02 09:31:20+05:30,4060.0,9,4077.61,151273,72897.0,115651.0,4100.0,4110.0,4058.5,4092.6,21967750,4501.8,3683.4,4440.0,3288.1,4059.0,13,1,4058.9,16,2,4058.8,16,2,4058.7,10,1,4058.6,29,2,4060.0,16,1,4060.6,80,3,4060.7,48,1,4060.8,69,8,4061.1,48,1
11483,2026-07-02 09:31:20+05:30,4060.0,9,4077.61,151273,72897.0,115651.0,4100.0,4110.0,4058.5,4092.6,21967750,4501.8,3683.4,4440.0,3288.1,4059.0,13,1,4058.9,16,2,4058.8,16,2,4058.7,10,1,4058.6,29,2,4060.0,16,1,4060.6,80,3,4060.7,48,1,4060.8,69,8,4061.1,48,1
11483,2026-07-02 09:31:21+05:30,4060.0,10,4077.61,151287,72981.0,115408.0,4100.0,4110.0,4058.5,4092.6,21967750,4501.8,3683.4,4440.0,3288.1,4059.4,50,3,4059.3,16,2,4059.2,39,4,4059.1,12,2,4059.0,28,3,4060.0,8,3,4060.7,23,1,4060.8,67,6,4061.3,12,1,4061.4,82,2
11483,2026-07-02 09:31:21+05:30,4060.2,1,4077.61,151287,72981.0,115408.0,4100.0,4110.0,4058.5,4092.6,21967750,4501.8,3683.4,4440.0,3288.1,4059.4,50,3,4059.3,16,2,4059.2,39,4,4059.1,12,2,4059.0,28,3,4060.0,8,3,4060.7,23,1,4060.8,67,6,4061.3,12,1,4061.4,82,2
11483,2026-07-02 09:31:22+05:30,4060.2,1,4077.6,151314,73510.0,115287.0,4100.0,4110.0,4058.5,4092.6,21967750,4501.8,3683.4,4440.0,3288.1,4060.1,25,1,4059.6,59,5,4059.5,48,4,4059.4,3,1,4059.3,61,4,4060.2,5,5,4060.8,63,2,4061.3,12,1,4061.4,82,2,4061.5,34,1
11483,2026-07-02 09:31:22+05:30,4060.2,1,4077.6,151314,73510.0,115287.0,4100.0,4110.0,4058.5,4092.6,21967750,4501.8,3683.4,4440.0,3288.1,4060.1,25,1,4059.6,59,5,4059.5,48,4,4059.4,3,1,4059.3,61,4,4060.2,5,5,4060.8,63,2,4061.3,12,1,4061.4,82,2,4061.5,34,1
11483,2026-07-02 09:31:23+05:30,4060.2,1,4077.6,151324,74447.0,115352.0,4100.0,4110.0,4058.5,4092.6,21967750,4501.8,3683.4,4440.0,3288.1,4060.1,25,1,4060.0,25,4,4059.8,7,1,4059.6,38,4,4059.5,69,5,4060.2,3,3,4060.8,63,2,4061.4,82,2,4061.5,34,1,4061.6,18,2
11483,2026-07-02 09:31:24+05:30,4060.1,2,4077.58,151576,74331.0,114581.0,4100.0,4110.0,4058.5,4092.6,21967750,4501.8,3683.4,4440.0,3288.1,4060.1,23,1,4060.0,13,3,4059.6,26,3,4059.5,38,3,4059.4,3,1,4060.8,6,1,4061.3,70,2,4061.4,95,3,4061.6,31,1,4061.7,7,1
11483,2026-07-02 09:31:24+05:30,4060.1,13,4077.58,151576,74331.0,114581.0,4100.0,4110.0,4058.5,4092.6,21967750,4501.8,3683.4,4440.0,3288.1,4060.1,23,1,4060.0,13,3,4059.6,26,3,4059.5,38,3,4059.4,3,1,4060.8,6,1,4061.3,70,2,4061.4,95,3,4061.6,31,1,4061.7,7,1
11483,2026-07-02 09:31:25+05:30,4060.8,2,4077.58,151576,74331.0,114581.0,4100.0,4110.0,4058.5,4092.6,21967750,4501.8,3683.4,4440.0,3288.1,4060.1,23,1,4060.0,13,3,4059.6,26,3,4059.5,38,3,4059.4,3,1,4060.8,6,1,4061.3,70,2,4061.4,95,3,4061.6,31,1,4061.7,7,1
11483,2026-07-02 09:31:26+05:30,4060.8,2,4077.57,151620,74718.0,114491.0,4100.0,4110.0,4058.5,4092.6,21967750,4501.8,3683.4,4440.0,3288.1,4060.2,6,1,4060.0,23,4,4059.5,13,1,4059.4,3,1,4059.3,42,3,4060.8,4,1,4061.3,27,2,4061.4,95,3,4061.7,50,3,4061.8,461,1
11483,2026-07-02 09:31:26+05:30,4060.8,2,4077.57,151620,74718.0,114491.0,4100.0,4110.0,4058.5,4092.6,21967750,4501.8,3683.4,4440.0,3288.1,4060.2,6,1,4060.0,23,4,4059.5,13,1,4059.4,3,1,4059.3,42,3,4060.8,4,1,4061.3,27,2,4061.4,95,3,4061.7,50,3,4061.8,461,1
11483,2026-07-02 09:31:27+05:30,4060.8,1,4077.57,151628,74998.0,114537.0,4100.0,4110.0,4058.5,4092.6,21967750,4501.8,3683.4,4440.0,3288.1,4060.2,6,1,4060.0,23,4,4059.8,7,1,4059.7,12,1,4059.5,42,2,4061.4,79,2,4061.7,10,1,4061.8,471,2,4061.9,83,4,4062.0,56,5
11483,2026-07-02 09:31:27+05:30,4060.2,6,4077.57,151628,74998.0,114537.0,4100.0,4110.0,4058.5,4092.6,21967750,4501.8,3683.4,4440.0,3288.1,4060.2,6,1,4060.0,23,4,4059.8,7,1,4059.7,12,1,4059.5,42,2,4061.4,79,2,4061.7,10,1,4061.8,471,2,4061.9,83,4,4062.0,56,5
11483,2026-07-02 09:31:28+05:30,4060.2,5,4077.57,151639,74431.0,115759.0,4100.0,4110.0,4058.5,4092.6,21967750,4501.8,3683.4,4440.0,3288.1,4060.0,23,4,4059.4,3,1,4059.3,16,2,4059.2,16,2,4059.1,17,3,4060.2,580,1,4061.4,103,5,4061.5,50,2,4061.6,183,2,4061.7,22,2
11483,2026-07-02 09:31:28+05:30,4058.8,24,4077.57,151639,74431.0,115759.0,4100.0,4110.0,4058.5,4092.6,21967750,4501.8,3683.4,4440.0,3288.1,4060.0,23,4,4059.4,3,1,4059.3,16,2,4059.2,16,2,4059.1,17,3,4060.2,580,1,4061.4,103,5,4061.5,50,2,4061.6,183,2,4061.7,22,2
11483,2026-07-02 09:31:29+05:30,4060.2,3,4077.54,151848,74095.0,116220.0,4100.0,4110.0,4058.5,4092.6,21967750,4501.8,3683.4,4440.0,3288.1,4059.3,15,2,4059.2,10,2,4059.1,34,3,4059.0,25,3,4058.9,35,3,4060.0,99,1,4060.2,574,4,4060.9,12,1,4061.3,3,1,4061.4,106,5
11483,2026-07-02 09:31:29+05:30,4060.0,1,4077.54,151848,74095.0,116220.0,4100.0,4110.0,4058.5,4092.6,21967750,4501.8,3683.4,4440.0,3288.1,4059.3,15,2,4059.2,10,2,4059.1,34,3,4059.0,25,3,4058.9,35,3,4060.0,99,1,4060.2,574,4,4060.9,12,1,4061.3,3,1,4061.4,106,5
11483,2026-07-02 09:31:30+05:30,4058.6,2,4077.53,151959,73936.0,116628.0,4100.0,4110.0,4058.5,4092.6,21967750,4501.8,3683.4,4440.0,3288.1,4059.0,22,3,4058.9,26,3,4058.8,3,1,4058.7,15,2,4058.6,128,2,4060.0,482,2,4060.2,578,6,4060.9,12,1,4061.3,20,3,4061.4,118,6
11483,2026-07-02 09:31:30+05:30,4059.0,150,4077.53,151959,73936.0,116628.0,4100.0,4110.0,4058.5,4092.6,21967750,4501.8,3683.4,4440.0,3288.1,4059.0,22,3,4058.9,26,3,4058.8,3,1,4058.7,15,2,4058.6,128,2,4060.0,482,2,4060.2,578,6,4060.9,12,1,4061.3,20,3,4061.4,118,6
11483,2026-07-02 09:31:31+05:30,4059.0,5,4077.49,152296,73478.0,116506.0,4100.0,4110.0,4058.5,4092.6,21967750,4501.8,3683.4,4440.0,3288.1,4058.6,140,3,4058.3,42,3,4058.2,10,1,4058.1,34,2,4058.0,431,21,4059.0,69,4,4060.0,103,3,4060.2,578,6,4060.3,55,2,4060.5,59,3
11483,2026-07-02 09:31:31+05:30,4059.0,1,4077.49,152296,73478.0,116506.0,4100.0,4110.0,4058.5,4092.6,21967750,4501.8,3683.4,4440.0,3288.1,4058.6,140,3,4058.3,42,3,4058.2,10,1,4058.1,34,2,4058.0,431,21,4059.0,69,4,4060.0,103,3,4060.2,578,6,4060.3,55,2,4060.5,59,3
11483,2026-07-02 09:31:32+05:30,4058.6,7,4077.49,152321,73457.0,116222.0,4100.0,4110.0,4058.5,4092.6,21967750,4501.8,3683.4,4440.0,3288.1,4058.6,114,2,4058.5,1,1,4058.3,30,2,4058.2,10,1,4058.1,22,1,4059.0,64,6,4060.0,103,3,4060.2,590,7,4060.3,55,2,4060.5,59,3
11483,2026-07-02 09:31:32+05:30,4058.6,1,4077.49,152321,73457.0,116222.0,4100.0,4110.0,4058.5,4092.6,21967750,4501.8,3683.4,4440.0,3288.1,4058.6,114,2,4058.5,1,1,4058.3,30,2,4058.2,10,1,4058.1,22,1,4059.0,64,6,4060.0,103,3,4060.2,590,7,4060.3,55,2,4060.5,59,3
11483,2026-07-02 09:31:33+05:30,4058.6,1,4077.46,152563,73335.0,116495.0,4100.0,4110.0,4058.5,4092.6,21967750,4501.8,3683.4,4440.0,3288.1,4058.6,109,2,4058.5,1,1,4058.3,30,2,4058.2,10,1,4058.1,22,1,4059.0,86,1,4059.9,57,1,4060.0,182,5,4060.1,62,3,4060.2,698,4
11483,2026-07-02 09:31:33+05:30,4058.6,10,4077.46,152563,73335.0,116495.0,4100.0,4110.0,4058.5,4092.6,21967750,4501.8,3683.4,4440.0,3288.1,4058.6,109,2,4058.5,1,1,4058.3,30,2,4058.2,10,1,4058.1,22,1,4059.0,86,1,4059.9,57,1,4060.0,182,5,4060.1,62,3,4060.2,698,4
11483,2026-07-02 09:31:34+05:30,4059.0,10,4077.43,152767,73739.0,116954.0,4100.0,4110.0,4058.5,4092.6,21967750,4501.8,3683.4,4440.0,3288.1,4058.5,1,1,4058.0,334,16,4057.8,2,1,4057.5,1,1,4057.3,35,2,4059.0,16,4,4059.5,23,2,4059.7,14,1,4059.8,19,2,4059.9,67,2
11483,2026-07-02 09:31:34+05:30,4059.0,10,4077.43,152767,73739.0,116954.0,4100.0,4110.0,4058.5,4092.6,21967750,4501.8,3683.4,4440.0,3288.1,4058.5,1,1,4058.0,334,16,4057.8,2,1,4057.5,1,1,4057.3,35,2,4059.0,16,4,4059.5,23,2,4059.7,14,1,4059.8,19,2,4059.9,67,2
11483,2026-07-02 09:31:35+05:30,4059.0,2,4077.42,152867,73781.0,116494.0,4100.0,4110.0,4058.5,4092.6,21967750,4501.8,3683.4,4440.0,3288.1,4058.5,1,1,4058.0,334,16,4057.8,2,1,4057.7,12,1,4057.5,39,3,4059.0,3,2,4059.5,8,1,4059.7,14,1,4059.8,10,1,4059.9,21,2
11483,2026-07-02 09:31:35+05:30,4059.0,2,4077.42,152867,73781.0,116494.0,4100.0,4110.0,4058.5,4092.6,21967750,4501.8,3683.4,4440.0,3288.1,4058.5,1,1,4058.0,334,16,4057.8,2,1,4057.7,12,1,4057.5,39,3,4059.0,3,2,4059.5,8,1,4059.7,14,1,4059.8,10,1,4059.9,21,2
11483,2026-07-02 09:31:36+05:30,4059.0,1,4077.42,152868,73830.0,116950.0,4100.0,4110.0,4058.5,4092.6,21967750,4501.8,3683.4,4440.0,3288.1,4058.6,2,1,4058.5,1,1,4058.0,337,17,4057.8,2,1,4057.7,12,1,4059.0,6,4,4059.5,8,1,4059.7,14,1,4059.8,22,2,4059.9,25,2
11483,2026-07-02 09:31:36+05:30,4059.8,2,4077.42,152868,73830.0,116950.0,4100.0,4110.0,4058.5,4092.6,21967750,4501.8,3683.4,4440.0,3288.1,4058.6,2,1,4058.5,1,1,4058.0,337,17,4057.8,2,1,4057.7,12,1,4059.0,6,4,4059.5,8,1,4059.7,14,1,4059.8,22,2,4059.9,25,2
11483,2026-07-02 09:31:37+05:30,4059.8,2,4077.41,152912,74302.0,115943.0,4100.0,4110.0,4058.5,4092.6,21967750,4501.8,3683.4,4440.0,3288.1,4059.0,1,1,4058.6,27,2,4058.5,1,1,4058.4,7,1,4058.3,63,1,4059.8,16,4,4059.9,24,1,4060.0,168,3,4060.1,10,1,4060.2,123,1
11483,2026-07-02 09:31:37+05:30,4059.8,1,4077.41,152912,74302.0,115943.0,4100.0,4110.0,4058.5,4092.6,21967750,4501.8,3683.4,4440.0,3288.1,4059.0,1,1,4058.6,27,2,4058.5,1,1,4058.4,7,1,4058.3,63,1,4059.8,16,4,4059.9,24,1,4060.0,168,3,4060.1,10,1,4060.2,123,1
11483,2026-07-02 09:31:38+05:30,4059.8,1,4077.41,152916,74762.0,115930.0,4100.0,4110.0,4058.5,4092.6,21967750,4501.8,3683.4,4440.0,3288.1,4059.0,275,3,4058.9,12,1,4058.6,32,3,4058.5,24,2,4058.4,19,2,4059.8,1,1,4060.0,168,3,4060.2,123,1,4060.3,67,1,4060.5,383,1
11483,2026-07-02 09:31:38+05:30,4059.8,1,4077.41,152916,74762.0,115930.0,4100.0,4110.0,4058.5,4092.6,21967750,4501.8,3683.4,4440.0,3288.1,4059.0,275,3,4058.9,12,1,4058.6,32,3,4058.5,24,2,4058.4,19,2,4059.8,1,1,4060.0,168,3,4060.2,123,1,4060.3,67,1,4060.5,383,1
11483,2026-07-02 09:31:40+05:30,4059.8,1,4077.41,152916,74829.0,116009.0,4100.0,4110.0,4058.5,4092.6,21967750,4501.8,3683.4,4440.0,3288.1,4059.0,276,4,4058.6,34,4,4058.5,1,1,4058.4,19,2,4058.3,61,2,4059.8,2,2,4060.0,171,4,4060.2,123,1,4060.3,137,2,4060.5,395,2
11483,2026-07-02 09:31:40+05:30,4059.8,1,4077.41,152916,74829.0,116009.0,4100.0,4110.0,4058.5,4092.6,21967750,4501.8,3683.4,4440.0,3288.1,4059.0,276,4,4058.6,34,4,4058.5,1,1,4058.4,19,2,4058.3,61,2,4059.8,2,2,4060.0,171,4,4060.2,123,1,4060.3,137,2,4060.5,395,2
11483,2026-07-02 09:31:41+05:30,4059.8,1,4077.41,152918,74856.0,116045.0,4100.0,4110.0,4058.5,4092.6,21967750,4501.8,3683.4,4440.0,3288.1,4059.0,276,4,4058.8,12,1,4058.6,34,4,4058.5,1,1,4058.4,19,2,4059.8,1,1,4060.0,217,5,4060.2,123,1,4060.3,137,2,4060.5,395,2
11483,2026-07-02 09:31:41+05:30,4060.0,39,4077.41,152918,74856.0,116045.0,4100.0,4110.0,4058.5,4092.6,21967750,4501.8,3683.4,4440.0,3288.1,4059.0,276,4,4058.8,12,1,4058.6,34,4,4058.5,1,1,4058.4,19,2,4059.8,1,1,4060.0,217,5,4060.2,123,1,4060.3,137,2,4060.5,395,2
11483,2026-07-02 09:31:42+05:30,4060.0,5,4077.41,152969,75197.0,115854.0,4100.0,4110.0,4058.5,4092.6,21967750,4501.8,3683.4,4440.0,3288.1,4059.0,354,8,4058.8,35,2,4058.7,57,3,4058.6,58,5,4058.5,43,2,4060.0,168,5,4060.2,123,1,4060.3,137,2,4060.5,383,1,4060.8,12,1
11483,2026-07-02 09:31:42+05:30,4060.0,1,4077.41,152969,75197.0,115854.0,4100.0,4110.0,4058.5,4092.6,21967750,4501.8,3683.4,4440.0,3288.1,4059.0,354,8,4058.8,35,2,4058.7,57,3,4058.6,58,5,4058.5,43,2,4060.0,168,5,4060.2,123,1,4060.3,137,2,4060.5,383,1,4060.8,12,1
11483,2026-07-02 09:31:43+05:30,4060.0,1,4077.41,152970,75452.0,115908.0,4100.0,4110.0,4058.5,4092.6,21967750,4501.8,3683.4,4440.0,3288.1,4059.1,30,4,4059.0,325,6,4058.8,35,2,4058.7,57,3,4058.6,58,5,4060.0,169,7,4060.2,123,1,4060.3,137,2,4060.5,383,1,4060.8,12,1
11483,2026-07-02 09:31:43+05:30,4059.0,2,4077.41,152970,75452.0,115908.0,4100.0,4110.0,4058.5,4092.6,21967750,4501.8,3683.4,4440.0,3288.1,4059.1,30,4,4059.0,325,6,4058.8,35,2,4058.7,57,3,4058.6,58,5,4060.0,169,7,4060.2,123,1,4060.3,137,2,4060.5,383,1,4060.8,12,1
11483,2026-07-02 09:31:44+05:30,4059.0,2,4077.4,152987,75743.0,116050.0,4100.0,4110.0,4058.5,4092.6,21967750,4501.8,3683.4,4440.0,3288.1,4059.0,345,8,4058.8,35,2,4058.7,34,2,4058.6,82,6,4058.5,45,3,4060.0,176,8,4060.2,123,1,4060.3,137,2,4060.5,383,1,4060.8,12,1
11483,2026-07-02 09:31:44+05:30,4059.0,1,4077.4,152987,75743.0,116050.0,4100.0,4110.0,4058.5,4092.6,21967750,4501.8,3683.4,4440.0,3288.1,4059.0,345,8,4058.8,35,2,4058.7,34,2,4058.6,82,6,4058.5,45,3,4060.0,176,8,4060.2,123,1,4060.3,137,2,4060.5,383,1,4060.8,12,1
11483,2026-07-02 09:31:45+05:30,4059.0,1,4077.36,153338,74472.0,116628.0,4100.0,4110.0,4058.5,4092.6,21967750,4501.8,3683.4,4440.0,3288.1,4058.6,34,4,4058.5,3,2,4058.4,12,1,4058.2,14,1,4058.1,28,2,4059.0,226,1,4060.0,209,9,4060.1,22,2,4060.2,123,1,4060.3,137,2
11483,2026-07-02 09:31:45+05:30,4059.0,50,4077.36,153338,74472.0,116628.0,4100.0,4110.0,4058.5,4092.6,21967750,4501.8,3683.4,4440.0,3288.1,4058.6,34,4,4058.5,3,2,4058.4,12,1,4058.2,14,1,4058.1,28,2,4059.0,226,1,4060.0,209,9,4060.1,22,2,4060.2,123,1,4060.3,137,2
11483,2026-07-02 09:31:46+05:30,4059.0,8,4077.34,153502,74546.0,116510.0,4100.0,4110.0,4058.5,4092.6,21967750,4501.8,3683.4,4440.0,3288.1,4058.6,65,6,4058.5,3,2,4058.1,26,2,4058.0,364,19,4057.8,34,3,4059.0,72,6,4060.0,176,8,4060.1,43,2,4060.2,135,2,4060.3,137,2
11483,2026-07-02 09:31:46+05:30,4059.0,1,4077.34,153502,74546.0,116510.0,4100.0,4110.0,4058.5,4092.6,21967750,4501.8,3683.4,4440.0,3288.1,4058.6,65,6,4058.5,3,2,4058.1,26,2,4058.0,364,19,4057.8,34,3,4059.0,72,6,4060.0,176,8,4060.1,43,2,4060.2,135,2,4060.3,137,2
11483,2026-07-02 09:31:47+05:30,4058.6,6,4077.33,153579,74502.0,116578.0,4100.0,4110.0,4058.5,4092.6,21967750,4501.8,3683.4,4440.0,3288.1,4058.6,43,5,4058.5,3,2,4058.3,12,1,4058.1,12,1,4058.0,364,19,4059.0,15,9,4060.0,179,7,4060.1,10,1,4060.2,123,1,4060.3,170,3
11483,2026-07-02 09:31:47+05:30,4059.0,1,4077.33,153579,74502.0,116578.0,4100.0,4110.0,4058.5,4092.6,21967750,4501.8,3683.4,4440.0,3288.1,4058.6,43,5,4058.5,3,2,4058.3,12,1,4058.1,12,1,4058.0,364,19,4059.0,15,9,4060.0,179,7,4060.1,10,1,4060.2,123,1,4060.3,170,3
11483,2026-07-02 09:31:48+05:30,4058.6,6,4077.33,153598,74455.0,116666.0,4100.0,4110.0,4058.5,4092.6,21967750,4501.8,3683.4,4440.0,3288.1,4058.6,7,2,4058.5,3,2,4058.0,338,18,4057.8,2,1,4057.5,89,4,4059.0,20,11,4059.7,15,1,4059.8,48,1,4059.9,128,5,4060.0,279,8
11483,2026-07-02 09:31:48+05:30,4058.6,1,4077.33,153598,74455.0,116666.0,4100.0,4110.0,4058.5,4092.6,21967750,4501.8,3683.4,4440.0,3288.1,4058.6,7,2,4058.5,3,2,4058.0,338,18,4057.8,2,1,4057.5,89,4,4059.0,20,11,4059.7,15,1,4059.8,48,1,4059.9,128,5,4060.0,279,8
11483,2026-07-02 09:31:49+05:30,4059.0,1,4077.33,153622,74110.0,115907.0,4100.0,4110.0,4058.5,4092.6,21967750,4501.8,3683.4,4440.0,3288.1,4058.6,18,3,4058.5,3,2,4058.2,28,2,4058.1,76,3,4058.0,371,19,4059.0,10,6,4060.0,279,8,4060.1,43,2,4060.2,135,2,4060.3,137,2
11483,2026-07-02 09:31:49+05:30,4059.0,2,4077.33,153622,74110.0,115907.0,4100.0,4110.0,4058.5,4092.6,21967750,4501.8,3683.4,4440.0,3288.1,4058.6,18,3,4058.5,3,2,4058.2,28,2,4058.1,76,3,4058.0,371,19,4059.0,10,6,4060.0,279,8,4060.1,43,2,4060.2,135,2,4060.3,137,2
11483,2026-07-02 09:31:50+05:30,4060.0,16,4077.31,153752,74783.0,115973.0,4100.0,4110.0,4058.5,4092.6,21967750,4501.8,3683.4,4440.0,3288.1,4059.0,8,2,4058.6,25,4,4058.5,47,3,4058.3,47,1,4058.2,61,2,4060.0,220,9,4060.1,10,1,4060.2,123,1,4060.3,137,2,4060.5,383,1
11483,2026-07-02 09:31:50+05:30,4060.0,16,4077.31,153752,74783.0,115973.0,4100.0,4110.0,4058.5,4092.6,21967750,4501.8,3683.4,4440.0,3288.1,4059.0,8,2,4058.6,25,4,4058.5,47,3,4058.3,47,1,4058.2,61,2,4060.0,220,9,4060.1,10,1,4060.2,123,1,4060.3,137,2,4060.5,383,1
11483,2026-07-02 09:31:51+05:30,4059.0,7,4077.31,153760,74942.0,116352.0,4100.0,4110.0,4058.5,4092.6,21967750,4501.8,3683.4,4440.0,3288.1,4059.0,1,1,4058.6,6,2,4058.5,3,2,4058.3,77,2,4058.2,61,2,4060.0,222,12,4060.1,10,1,4060.2,123,1,4060.3,155,3,4060.5,492,5
11483,2026-07-02 09:31:51+05:30,4059.0,1,4077.31,153760,74942.0,116352.0,4100.0,4110.0,4058.5,4092.6,21967750,4501.8,3683.4,4440.0,3288.1,4059.0,1,1,4058.6,6,2,4058.5,3,2,4058.3,77,2,4058.2,61,2,4060.0,222,12,4060.1,10,1,4060.2,123,1,4060.3,155,3,4060.5,492,5
11483,2026-07-02 09:31:52+05:30,4059.9,10,4077.31,153772,74858.0,116519.0,4100.0,4110.0,4058.5,4092.6,21967750,4501.8,3683.4,4440.0,3288.1,4058.6,6,2,4058.5,3,2,4058.2,59,2,4058.1,48,1,4058.0,353,20,4059.9,11,1,4060.0,222,12,4060.1,20,2,4060.2,168,2,4060.3,155,3
11483,2026-07-02 09:31:52+05:30,4059.9,10,4077.31,153772,74858.0,116519.0,4100.0,4110.0,4058.5,4092.6,21967750,4501.8,3683.4,4440.0,3288.1,4058.6,6,2,4058.5,3,2,4058.2,59,2,4058.1,48,1,4058.0,353,20,4059.9,11,1,4060.0,222,12,4060.1,20,2,4060.2,168,2,4060.3,155,3
11483,2026-07-02 09:31:53+05:30,4060.0,38,4077.31,153820,75315.0,116380.0,4100.0,4110.0,4058.5,4092.6,21967750,4501.8,3683.4,4440.0,3288.1,4059.0,1,1,4058.5,14,2,4058.2,59,2,4058.1,60,2,4058.0,382,21,4060.0,184,12,4060.1,20,2,4060.2,123,1,4060.3,137,2,4060.5,415,2
11483,2026-07-02 09:31:53+05:30,4060.0,38,4077.31,153820,75315.0,116380.0,4100.0,4110.0,4058.5,4092.6,21967750,4501.8,3683.4,4440.0,3288.1,4059.0,1,1,4058.5,14,2,4058.2,59,2,4058.1,60,2,4058.0,382,21,4060.0,184,12,4060.1,20,2,4060.2,123,1,4060.3,137,2,4060.5,415,2
11483,2026-07-02 09:31:54+05:30,4060.0,5,4077.31,153820,75315.0,116380.0,4100.0,4110.0,4058.5,4092.6,21967750,4501.8,3683.4,4440.0,3288.1,4059.0,1,1,4058.5,14,2,4058.2,59,2,4058.1,60,2,4058.0,382,21,4060.0,184,12,4060.1,20,2,4060.2,123,1,4060.3,137,2,4060.5,415,2
11483,2026-07-02 09:31:55+05:30,4060.0,5,4077.31,153826,75523.0,115808.0,4100.0,4110.0,4058.5,4092.6,21967750,4501.8,3683.4,4440.0,3288.1,4059.0,7,3,4058.9,12,1,4058.6,7,1,4058.5,76,3,4058.4,12,1,4060.0,181,15,4060.1,10,1,4060.2,123,1,4060.3,137,2,4060.4,24,1
11483,2026-07-02 09:31:55+05:30,4060.0,1,4077.31,153826,75523.0,115808.0,4100.0,4110.0,4058.5,4092.6,21967750,4501.8,3683.4,4440.0,3288.1,4059.0,7,3,4058.9,12,1,4058.6,7,1,4058.5,76,3,4058.4,12,1,4060.0,181,15,4060.1,10,1,4060.2,123,1,4060.3,137,2,4060.4,24,1
11483,2026-07-02 09:31:56+05:30,4060.0,1,4077.3,153850,75989.0,115813.0,4100.0,4110.0,4058.5,4092.6,21967750,4501.8,3683.4,4440.0,3288.1,4059.0,29,5,4058.9,3,1,4058.8,20,1,4058.7,12,1,4058.6,33,2,4060.0,356,12,4060.1,10,1,4060.2,123,1,4060.3,137,2,4060.4,24,1
11483,2026-07-02 09:31:56+05:30,4060.0,1,4077.3,153850,75989.0,115813.0,4100.0,4110.0,4058.5,4092.6,21967750,4501.8,3683.4,4440.0,3288.1,4059.0,29,5,4058.9,3,1,4058.8,20,1,4058.7,12,1,4058.6,33,2,4060.0,356,12,4060.1,10,1,4060.2,123,1,4060.3,137,2,4060.4,24,1
11483,2026-07-02 09:31:57+05:30,4060.0,30,4077.29,153981,76061.0,115780.0,4100.0,4110.0,4058.5,4092.6,21967750,4501.8,3683.4,4440.0,3288.1,4058.6,24,3,4058.5,113,5,4058.3,98,3,4058.2,81,3,4058.1,72,3,4060.0,325,10,4060.1,10,1,4060.2,123,1,4060.3,137,2,4060.4,24,1
11483,2026-07-02 09:31:57+05:30,4058.6,1,4077.29,153981,76061.0,115780.0,4100.0,4110.0,4058.5,4092.6,21967750,4501.8,3683.4,4440.0,3288.1,4058.6,24,3,4058.5,113,5,4058.3,98,3,4058.2,81,3,4058.1,72,3,4060.0,325,10,4060.1,10,1,4060.2,123,1,4060.3,137,2,4060.4,24,1
11483,2026-07-02 09:31:58+05:30,4059.6,1,4077.29,153988,75280.0,116520.0,4100.0,4110.0,4058.5,4092.6,21967750,4501.8,3683.4,4440.0,3288.1,4058.5,2,1,4058.0,422,23,4057.8,19,3,4057.6,13,1,4057.5,47,3,4059.6,10,1,4059.7,33,2,4059.8,16,2,4059.9,85,3,4060.0,371,13
11483,2026-07-02 09:31:58+05:30,4058.5,5,4077.29,153988,75280.0,116520.0,4100.0,4110.0,4058.5,4092.6,21967750,4501.8,3683.4,4440.0,3288.1,4058.5,2,1,4058.0,422,23,4057.8,19,3,4057.6,13,1,4057.5,47,3,4059.6,10,1,4059.7,33,2,4059.8,16,2,4059.9,85,3,4060.0,371,13
11483,2026-07-02 09:31:59+05:30,4059.9,78,4077.26,154190,75616.0,116040.0,4100.0,4110.0,4058.5,4092.6,21967750,4501.8,3683.4,4440.0,3288.1,4058.4,61,3,4058.3,34,3,4058.2,55,2,4058.1,80,3,4058.0,433,24,4060.0,326,10,4060.1,10,1,4060.2,123,1,4060.3,137,2,4060.4,24,1
11483,2026-07-02 09:31:59+05:30,4059.9,1,4077.26,154190,75616.0,116040.0,4100.0,4110.0,4058.5,4092.6,21967750,4501.8,3683.4,4440.0,3288.1,4058.4,61,3,4058.3,34,3,4058.2,55,2,4058.1,80,3,4058.0,433,24,4060.0,326,10,4060.1,10,1,4060.2,123,1,4060.3,137,2,4060.4,24,1
11483,2026-07-02 09:32:00+05:30,4059.9,2,4077.26,154208,75277.0,116436.0,4100.0,4110.0,4058.4,4092.6,21967750,4501.8,3683.4,4440.0,3288.1,4058.4,59,3,4058.3,49,4,4058.2,23,1,4058.1,48,1,4058.0,435,25,4059.9,15,3,4060.0,380,10,4060.1,10,1,4060.2,166,2,4060.3,137,2
11483,2026-07-02 09:32:00+05:30,4059.7,3,4077.26,154208,75277.0,116436.0,4100.0,4110.0,4058.4,4092.6,21967750,4501.8,3683.4,4440.0,3288.1,4058.4,59,3,4058.3,49,4,4058.2,23,1,4058.1,48,1,4058.0,435,25,4059.9,15,3,4060.0,380,10,4060.1,10,1,4060.2,166,2,4060.3,137,2
11483,2026-07-02 09:32:01+05:30,4059.7,1,4077.26,154232,75625.0,116590.0,4100.0,4110.0,4058.4,4092.6,21967750,4501.8,3683.4,4440.0,3288.1,4058.3,12,2,4058.2,58,3,4058.1,42,1,4058.0,420,24,4057.8,24,4,4059.7,20,4,4059.8,5,1,4059.9,26,5,4060.0,386,10,4060.1,10,1
11483,2026-07-02 09:32:01+05:30,4058.3,3,4077.26,154232,75625.0,116590.0,4100.0,4110.0,4058.4,4092.6,21967750,4501.8,3683.4,4440.0,3288.1,4058.3,12,2,4058.2,58,3,4058.1,42,1,4058.0,420,24,4057.8,24,4,4059.7,20,4,4059.8,5,1,4059.9,26,5,4060.0,386,10,4060.1,10,1
11483,2026-07-02 09:32:02+05:30,4058.3,3,4077.26,154253,75195.0,116351.0,4100.0,4110.0,4058.3,4092.6,21967750,4501.8,3683.4,4440.0,3288.1,4058.3,117,6,4058.2,125,4,4058.1,75,3,4058.0,477,27,4057.9,15,2,4059.7,2,2,4059.9,20,6,4060.0,380,5,4060.1,10,1,4060.2,123,1
11483,2026-07-02 09:32:02+05:30,4058.3,2,4077.26,154253,75195.0,116351.0,4100.0,4110.0,4058.3,4092.6,21967750,4501.8,3683.4,4440.0,3288.1,4058.3,117,6,4058.2,125,4,4058.1,75,3,4058.0,477,27,4057.9,15,2,4059.7,2,2,4059.9,20,6,4060.0,380,5,4060.1,10,1,4060.2,123,1
11483,2026-07-02 09:32:03+05:30,4058.3,2,4077.26,154253,75195.0,116351.0,4100.0,4110.0,4058.3,4092.6,21967750,4501.8,3683.4,4440.0,3288.1,4058.3,117,6,4058.2,125,4,4058.1,75,3,4058.0,477,27,4057.9,15,2,4059.7,2,2,4059.9,20,6,4060.0,380,5,4060.1,10,1,4060.2,123,1
11483,2026-07-02 09:32:03+05:30,4059.9,24,4077.25,154309,75439.0,116055.0,4100.0,4110.0,4058.3,4092.6,21967750,4501.8,3683.4,4440.0,3288.1,4058.5,50,3,4058.4,82,3,4058.3,79,4,4058.2,95,3,4058.1,75,3,4059.9,2,2,4060.0,421,6,4060.1,10,1,4060.2,123,1,4060.3,137,2
11483,2026-07-02 09:32:03+05:30,4059.9,24,4077.25,154309,75439.0,116055.0,4100.0,4110.0,4058.3,4092.6,21967750,4501.8,3683.4,4440.0,3288.1,4058.5,50,3,4058.4,82,3,4058.3,79,4,4058.2,95,3,4058.1,75,3,4059.9,2,2,4060.0,421,6,4060.1,10,1,4060.2,123,1,4060.3,137,2
11483,2026-07-02 09:32:03+05:30,4059.9,1,4077.25,154309,75439.0,116055.0,4100.0,4110.0,4058.3,4092.6,21967750,4501.8,3683.4,4440.0,3288.1,4058.5,50,3,4058.4,82,3,4058.3,79,4,4058.2,95,3,4058.1,75,3,4059.9,2,2,4060.0,421,6,4060.1,10,1,4060.2,123,1,4060.3,137,2
11483,2026-07-02 09:32:04+05:30,4059.9,1,4077.25,154309,75439.0,116055.0,4100.0,4110.0,4058.3,4092.6,21967750,4501.8,3683.4,4440.0,3288.1,4058.5,50,3,4058.4,82,3,4058.3,79,4,4058.2,95,3,4058.1,75,3,4059.9,2,2,4060.0,421,6,4060.1,10,1,4060.2,123,1,4060.3,137,2
11483,2026-07-02 09:32:04+05:30,4059.9,1,4077.25,154318,75398.0,116079.0,4100.0,4110.0,4058.3,4092.6,21967750,4501.8,3683.4,4440.0,3288.1,4058.5,37,2,4058.4,34,2,4058.3,80,5,4058.2,95,3,4058.1,75,3,4059.9,1,1,4060.0,421,6,4060.1,10,1,4060.2,123,1,4060.3,137,2
11483,2026-07-02 09:32:04+05:30,4059.9,1,4077.25,154318,75398.0,116079.0,4100.0,4110.0,4058.3,4092.6,21967750,4501.8,3683.4,4440.0,3288.1,4058.5,37,2,4058.4,34,2,4058.3,80,5,4058.2,95,3,4058.1,75,3,4059.9,1,1,4060.0,421,6,4060.1,10,1,4060.2,123,1,4060.3,137,2
11483,2026-07-02 09:32:05+05:30,4059.9,1,4077.25,154318,75398.0,116079.0,4100.0,4110.0,4058.3,4092.6,21967750,4501.8,3683.4,4440.0,3288.1,4058.5,37,2,4058.4,34,2,4058.3,80,5,4058.2,95,3,4058.1,75,3,4059.9,1,1,4060.0,421,6,4060.1,10,1,4060.2,123,1,4060.3,137,2
11483,2026-07-02 09:32:05+05:30,4060.0,1,4077.25,154320,75591.0,116101.0,4100.0,4110.0,4058.3,4092.6,21967750,4501.8,3683.4,4440.0,3288.1,4058.5,37,2,4058.4,64,3,4058.3,86,7,4058.2,95,3,4058.1,80,4,4060.0,430,7,4060.1,10,1,4060.2,123,1,4060.3,137,2,4060.4,36,2
11483,2026-07-02 09:32:05+05:30,4060.0,1,4077.25,154320,75591.0,116101.0,4100.0,4110.0,4058.3,4092.6,21967750,4501.8,3683.4,4440.0,3288.1,4058.5,37,2,4058.4,64,3,4058.3,86,7,4058.2,95,3,4058.1,80,4,4060.0,430,7,4060.1,10,1,4060.2,123,1,4060.3,137,2,4060.4,36,2
11483,2026-07-02 09:32:05+05:30,4060.0,1,4077.25,154320,75591.0,116101.0,4100.0,4110.0,4058.3,4092.6,21967750,4501.8,3683.4,4440.0,3288.1,4058.5,37,2,4058.4,64,3,4058.3,86,7,4058.2,95,3,4058.1,80,4,4060.0,430,7,4060.1,10,1,4060.2,123,1,4060.3,137,2,4060.4,36,2
11483,2026-07-02 09:32:06+05:30,4060.0,1,4077.25,154320,75591.0,116101.0,4100.0,4110.0,4058.3,4092.6,21967750,4501.8,3683.4,4440.0,3288.1,4058.5,37,2,4058.4,64,3,4058.3,86,7,4058.2,95,3,4058.1,80,4,4060.0,430,7,4060.1,10,1,4060.2,123,1,4060.3,137,2,4060.4,36,2
11483,2026-07-02 09:32:06+05:30,4060.0,1,4077.25,154320,75591.0,116101.0,4100.0,4110.0,4058.3,4092.6,21987700,4501.8,3683.4,4440.0,3288.1,4058.5,37,2,4058.4,64,3,4058.3,86,7,4058.2,95,3,4058.1,80,4,4060.0,430,7,4060.1,10,1,4060.2,123,1,4060.3,137,2,4060.4,36,2
11483,2026-07-02 09:32:06+05:30,4060.0,1,4077.25,154328,75431.0,115913.0,4100.0,4110.0,4058.3,4092.6,21987700,4501.8,3683.4,4440.0,3288.1,4058.5,47,3,4058.4,24,1,4058.3,26,5,4058.2,89,4,4058.1,33,3,4060.0,388,8,4060.1,10,1,4060.2,123,1,4060.3,137,2,4060.4,36,2
11483,2026-07-02 09:32:06+05:30,4060.0,1,4077.25,154328,75431.0,115913.0,4100.0,4110.0,4058.3,4092.6,21987700,4501.8,3683.4,4440.0,3288.1,4058.5,47,3,4058.4,24,1,4058.3,26,5,4058.2,89,4,4058.1,33,3,4060.0,388,8,4060.1,10,1,4060.2,123,1,4060.3,137,2,4060.4,36,2
11483,2026-07-02 09:32:06+05:30,4060.0,1,4077.25,154328,75431.0,115913.0,4100.0,4110.0,4058.3,4092.6,21987700,4501.8,3683.4,4440.0,3288.1,4058.5,47,3,4058.4,24,1,4058.3,26,5,4058.2,89,4,4058.1,33,3,4060.0,388,8,4060.1,10,1,4060.2,123,1,4060.3,137,2,4060.4,36,2
11483,2026-07-02 09:32:07+05:30,4060.0,1,4077.25,154328,75431.0,115913.0,4100.0,4110.0,4058.3,4092.6,21987700,4501.8,3683.4,4440.0,3288.1,4058.5,47,3,4058.4,24,1,4058.3,26,5,4058.2,89,4,4058.1,33,3,4060.0,388,8,4060.1,10,1,4060.2,123,1,4060.3,137,2,4060.4,36,2
11483,2026-07-02 09:32:07+05:30,4059.7,1,4077.25,154335,75215.0,117324.0,4100.0,4110.0,4058.3,4092.6,21987700,4501.8,3683.4,4440.0,3288.1,4058.3,26,5,4058.2,22,1,4058.1,27,2,4058.0,394,22,4057.8,7,2,4059.5,49,2,4059.6,58,3,4059.7,12,1,4059.8,80,5,4059.9,18,2
11483,2026-07-02 09:32:07+05:30,4059.7,1,4077.25,154335,75215.0,117324.0,4100.0,4110.0,4058.3,4092.6,21987700,4501.8,3683.4,4440.0,3288.1,4058.3,26,5,4058.2,22,1,4058.1,27,2,4058.0,394,22,4057.8,7,2,4059.5,49,2,4059.6,58,3,4059.7,12,1,4059.8,80,5,4059.9,18,2
11483,2026-07-02 09:32:07+05:30,4059.7,1,4077.25,154335,75215.0,117324.0,4100.0,4110.0,4058.3,4092.6,21987700,4501.8,3683.4,4440.0,3288.1,4058.3,26,5,4058.2,22,1,4058.1,27,2,4058.0,394,22,4057.8,7,2,4059.5,49,2,4059.6,58,3,4059.7,12,1,4059.8,80,5,4059.9,18,2
11483,2026-07-02 09:32:08+05:30,4059.7,1,4077.25,154335,75215.0,117324.0,4100.0,4110.0,4058.3,4092.6,21987700,4501.8,3683.4,4440.0,3288.1,4058.3,26,5,4058.2,22,1,4058.1,27,2,4058.0,394,22,4057.8,7,2,4059.5,49,2,4059.6,58,3,4059.7,12,1,4059.8,80,5,4059.9,18,2
11483,2026-07-02 09:32:08+05:30,4059.7,3,4077.25,154335,75215.0,117324.0,4100.0,4110.0,4058.3,4092.6,21987700,4501.8,3683.4,4440.0,3288.1,4058.3,26,5,4058.2,22,1,4058.1,27,2,4058.0,394,22,4057.8,7,2,4059.5,49,2,4059.6,58,3,4059.7,12,1,4059.8,80,5,4059.9,18,2
11483,2026-07-02 09:32:08+05:30,4059.7,3,4077.24,154373,75531.0,117286.0,4100.0,4110.0,4058.3,4092.6,21987700,4501.8,3683.4,4440.0,3288.1,4058.3,7,3,4058.1,75,3,4058.0,406,23,4057.9,43,1,4057.8,7,2,4059.7,5,1,4059.8,69,2,4059.9,23,2,4060.0,1175,13,4060.1,44,3
11483,2026-07-02 09:32:10+05:30,4059.7,3,4077.24,154373,75748.0,117225.0,4100.0,4110.0,4058.3,4092.6,21987700,4501.8,3683.4,4440.0,3288.1,4058.3,19,4,4058.2,82,2,4058.1,118,4,4058.0,429,24,4057.9,65,3,4059.7,6,2,4059.8,9,1,4059.9,10,1,4060.0,1134,11,4060.1,22,2
11483,2026-07-02 09:32:10+05:30,4060.0,24,4077.24,154373,75748.0,117225.0,4100.0,4110.0,4058.3,4092.6,21987700,4501.8,3683.4,4440.0,3288.1,4058.3,19,4,4058.2,82,2,4058.1,118,4,4058.0,429,24,4057.9,65,3,4059.7,6,2,4059.8,9,1,4059.9,10,1,4060.0,1134,11,4060.1,22,2
11483,2026-07-02 09:32:11+05:30,4060.0,24,4077.23,154475,76106.0,116659.0,4100.0,4110.0,4058.3,4092.6,21987700,4501.8,3683.4,4440.0,3288.1,4058.8,1,1,4058.5,26,2,4058.4,27,1,4058.3,79,5,4058.2,56,2,4060.0,1058,12,4060.1,10,1,4060.2,123,1,4060.3,137,2,4060.4,24,1
11483,2026-07-02 09:32:11+05:30,4059.7,1,4077.23,154475,76106.0,116659.0,4100.0,4110.0,4058.3,4092.6,21987700,4501.8,3683.4,4440.0,3288.1,4058.8,1,1,4058.5,26,2,4058.4,27,1,4058.3,79,5,4058.2,56,2,4060.0,1058,12,4060.1,10,1,4060.2,123,1,4060.3,137,2,4060.4,24,1
11483,2026-07-02 09:32:12+05:30,4059.8,6,4077.23,154484,76200.0,116661.0,4100.0,4110.0,4058.3,4092.6,21987700,4501.8,3683.4,4440.0,3288.1,4059.7,3,1,4058.8,1,1,4058.4,51,1,4058.3,94,5,4058.1,53,2,4059.8,19,4,4059.9,12,2,4060.0,1066,13,4060.1,22,3,4060.2,147,3
11483,2026-07-02 09:32:12+05:30,4059.7,2,4077.23,154484,76200.0,116661.0,4100.0,4110.0,4058.3,4092.6,21987700,4501.8,3683.4,4440.0,3288.1,4059.7,3,1,4058.8,1,1,4058.4,51,1,4058.3,94,5,4058.1,53,2,4059.8,19,4,4059.9,12,2,4060.0,1066,13,4060.1,22,3,4060.2,147,3
11483,2026-07-02 09:32:13+05:30,4059.7,2,4077.23,154490,76101.0,116530.0,4100.0,4110.0,4058.3,4092.6,21987700,4501.8,3683.4,4440.0,3288.1,4058.8,1,1,4058.3,22,3,4058.2,15,1,4058.1,53,2,4058.0,442,25,4059.7,1,1,4059.8,3,2,4059.9,19,1,4060.0,1060,10,4060.1,10,1
11483,2026-07-02 09:32:13+05:30,4059.9,1,4077.23,154490,76101.0,116530.0,4100.0,4110.0,4058.3,4092.6,21987700,4501.8,3683.4,4440.0,3288.1,4058.8,1,1,4058.3,22,3,4058.2,15,1,4058.1,53,2,4058.0,442,25,4059.7,1,1,4059.8,3,2,4059.9,19,1,4060.0,1060,10,4060.1,10,1
11483,2026-07-02 09:32:14+05:30,4059.7,1,4077.17,155016,76310.0,116374.0,4100.0,4110.0,4058.0,4092.6,21987700,4501.8,3683.4,4440.0,3288.1,4059.0,170,1,4058.4,22,1,4058.2,32,3,4058.1,83,4,4058.0,268,19,4059.7,6,1,4060.0,1060,10,4060.1,10,1,4060.2,123,1,4060.3,137,2
11483,2026-07-02 09:32:14+05:30,4059.7,1,4077.17,155016,76310.0,116374.0,4100.0,4110.0,4058.0,4092.6,21987700,4501.8,3683.4,4440.0,3288.1,4059.0,170,1,4058.4,22,1,4058.2,32,3,4058.1,83,4,4058.0,268,19,4059.7,6,1,4060.0,1060,10,4060.1,10,1,4060.2,123,1,4060.3,137,2
11483,2026-07-02 09:32:15+05:30,4059.0,6,4077.16,155074,76155.0,116440.0,4100.0,4110.0,4058.0,4092.6,21987700,4501.8,3683.4,4440.0,3288.1,4059.0,112,1,4058.2,32,3,4058.1,23,2,4058.0,268,19,4057.9,20,2,4059.7,8,3,4060.0,1075,11,4060.1,26,2,4060.2,123,1,4060.3,137,2
11483,2026-07-02 09:32:15+05:30,4059.0,11,4077.16,155074,76155.0,116440.0,4100.0,4110.0,4058.0,4092.6,21987700,4501.8,3683.4,4440.0,3288.1,4059.0,112,1,4058.2,32,3,4058.1,23,2,4058.0,268,19,4057.9,20,2,4059.7,8,3,4060.0,1075,11,4060.1,26,2,4060.2,123,1,4060.3,137,2
11483,2026-07-02 09:32:16+05:30,4059.7,3,4077.16,155099,76068.0,116404.0,4100.0,4110.0,4058.0,4092.6,21987700,4501.8,3683.4,4440.0,3288.1,4059.0,99,1,4058.2,32,3,4058.1,60,2,4058.0,268,19,4057.9,32,3,4059.7,8,3,4060.0,1057,8,4060.1,10,1,4060.2,123,1,4060.3,149,3
11483,2026-07-02 09:32:16+05:30,4059.7,1,4077.16,155099,76068.0,116404.0,4100.0,4110.0,4058.0,4092.6,21987700,4501.8,3683.4,4440.0,3288.1,4059.0,99,1,4058.2,32,3,4058.1,60,2,4058.0,268,19,4057.9,32,3,4059.7,8,3,4060.0,1057,8,4060.1,10,1,4060.2,123,1,4060.3,149,3
11483,2026-07-02 09:32:17+05:30,4059.7,2,4077.15,155112,76080.0,116520.0,4100.0,4110.0,4058.0,4092.6,21987700,4501.8,3683.4,4440.0,3288.1,4059.0,99,1,4058.2,30,2,4058.1,27,1,4058.0,268,19,4057.9,20,2,4059.7,6,3,4060.0,1081,9,4060.1,25,2,4060.2,123,1,4060.3,149,3
11483,2026-07-02 09:32:17+05:30,4059.0,10,4077.15,155112,76080.0,116520.0,4100.0,4110.0,4058.0,4092.6,21987700,4501.8,3683.4,4440.0,3288.1,4059.0,99,1,4058.2,30,2,4058.1,27,1,4058.0,268,19,4057.9,20,2,4059.7,6,3,4060.0,1081,9,4060.1,25,2,4060.2,123,1,4060.3,149,3
11483,2026-07-02 09:32:18+05:30,4059.3,98,4077.13,155320,75617.0,117355.0,4100.0,4110.0,4058.0,4092.6,21987700,4501.8,3683.4,4440.0,3288.1,4058.0,238,17,4057.8,2,1,4057.5,13,2,4057.3,1,1,4057.2,50,3,4059.4,14,2,4059.5,82,4,4059.6,17,3,4059.7,40,6,4059.8,51,2
11483,2026-07-02 09:32:18+05:30,4059.1,1,4077.13,155320,75617.0,117355.0,4100.0,4110.0,4058.0,4092.6,21987700,4501.8,3683.4,4440.0,3288.1,4058.0,238,17,4057.8,2,1,4057.5,13,2,4057.3,1,1,4057.2,50,3,4059.4,14,2,4059.5,82,4,4059.6,17,3,4059.7,40,6,4059.8,51,2
11483,2026-07-02 09:32:19+05:30,4058.3,1,4077.12,155430,75682.0,117499.0,4100.0,4110.0,4058.0,4092.6,21987700,4501.8,3683.4,4440.0,3288.1,4058.3,119,1,4058.0,134,10,4057.8,2,1,4057.5,1,1,4057.3,13,2,4059.1,25,4,4059.2,14,2,4059.3,21,4,4059.4,14,2,4059.5,26,2
11483,2026-07-02 09:32:19+05:30,4059.1,1,4077.12,155430,75682.0,117499.0,4100.0,4110.0,4058.0,4092.6,21987700,4501.8,3683.4,4440.0,3288.1,4058.3,119,1,4058.0,134,10,4057.8,2,1,4057.5,1,1,4057.3,13,2,4059.1,25,4,4059.2,14,2,4059.3,21,4,4059.4,14,2,4059.5,26,2
11483,2026-07-02 09:32:22+05:30,4058.3,3,4077.11,155481,76435.0,117380.0,4100.0,4110.0,4058.0,4092.6,21987700,4501.8,3683.4,4440.0,3288.1,4058.3,96,1,4058.1,5,1,4058.0,134,10,4057.8,2,1,4057.6,6,1,4059.3,20,5,4059.6,14,2,4059.7,11,2,4059.8,71,2,4059.9,74,4
11483,2026-07-02 09:32:23+05:30,4059.3,72,4077.11,155481,76435.0,117380.0,4100.0,4110.0,4058.0,4092.6,21987700,4501.8,3683.4,4440.0,3288.1,4058.3,96,1,4058.1,5,1,4058.0,134,10,4057.8,2,1,4057.6,6,1,4059.3,20,5,4059.6,14,2,4059.7,11,2,4059.8,71,2,4059.9,74,4
11483,2026-07-02 09:32:29+05:30,4060.5,3,4076.77,158650,78820.0,114052.0,4100.0,4110.0,4058.0,4092.6,21987700,4501.8,3683.4,4440.0,3288.1,4060.3,42,1,4060.1,42,1,4060.0,9,2,4059.9,42,1,4059.6,28,2,4060.5,233,4,4061.0,10,1,4061.2,45,1,4061.3,76,2,4061.4,122,1
11483,2026-07-02 09:32:31+05:30,4060.0,1,4076.77,158650,78820.0,114052.0,4100.0,4110.0,4058.0,4092.6,21987700,4501.8,3683.4,4440.0,3288.1,4060.3,42,1,4060.1,42,1,4060.0,9,2,4059.9,42,1,4059.6,28,2,4060.5,233,4,4061.0,10,1,4061.2,45,1,4061.3,76,2,4061.4,122,1
11483,2026-07-02 09:32:37+05:30,4060.1,15,4076.66,159711,79055.0,114357.0,4100.0,4110.0,4058.0,4092.6,21987700,4501.8,3683.4,4440.0,3288.1,4060.0,32,3,4059.9,18,3,4059.8,12,2,4059.7,12,2,4059.6,27,3,4060.1,55,1,4060.2,42,1,4060.3,64,5,4060.5,85,4,4061.0,98,2
11483,2026-07-02 09:32:39+05:30,4059.3,20,4076.66,159711,79055.0,114357.0,4100.0,4110.0,4058.0,4092.6,21987700,4501.8,3683.4,4440.0,3288.1,4060.0,32,3,4059.9,18,3,4059.8,12,2,4059.7,12,2,4059.6,27,3,4060.1,55,1,4060.2,42,1,4060.3,64,5,4060.5,85,4,4061.0,98,2
11483,2026-07-02 09:32:45+05:30,4058.4,1,4076.61,160159,77533.0,115738.0,4100.0,4110.0,4058.0,4092.6,21987700,4501.8,3683.4,4440.0,3288.1,4058.3,87,2,4058.1,7,3,4058.0,469,13,4057.8,2,1,4057.6,227,12,4058.4,45,2,4058.5,79,4,4058.7,37,1,4058.9,42,1,4059.0,2,2
11483,2026-07-02 09:32:47+05:30,4058.1,1,4076.61,160159,77533.0,115738.0,4100.0,4110.0,4058.0,4092.6,21987700,4501.8,3683.4,4440.0,3288.1,4058.3,87,2,4058.1,7,3,4058.0,469,13,4057.8,2,1,4057.6,227,12,4058.4,45,2,4058.5,79,4,4058.7,37,1,4058.9,42,1,4059.0,2,2
11483,2026-07-02 09:32:52+05:30,4058.3,3,4076.49,161207,77002.0,115568.0,4100.0,4110.0,4058.0,4092.6,21987700,4501.8,3683.4,4440.0,3288.1,4058.0,393,12,4057.9,12,1,4057.8,7,2,4057.6,20,1,4057.5,13,2,4058.3,13,3,4058.4,500,1,4058.5,34,2,4059.4,26,1,4059.5,30,2
11483,2026-07-02 09:32:55+05:30,4058.3,15,4076.49,161207,77002.0,115568.0,4100.0,4110.0,4058.0,4092.6,21987700,4501.8,3683.4,4440.0,3288.1,4058.0,393,12,4057.9,12,1,4057.8,7,2,4057.6,20,1,4057.5,13,2,4058.3,13,3,4058.4,500,1,4058.5,34,2,4059.4,26,1,4059.5,30,2
11483,2026-07-02 09:33:00+05:30,4058.4,5,4076.46,161497,77569.0,115827.0,4100.0,4110.0,4058.0,4092.6,21987700,4501.8,3683.4,4440.0,3288.1,4058.3,312,4,4058.1,13,2,4058.0,400,6,4057.8,14,2,4057.7,1,1,4058.4,556,5,4059.5,39,2,4059.6,35,2,4059.8,183,2,4059.9,12,1
11483,2026-07-02 09:33:02+05:30,4058.7,8,4076.46,161497,77569.0,115827.0,4100.0,4110.0,4058.0,4092.6,21987700,4501.8,3683.4,4440.0,3288.1,4058.3,312,4,4058.1,13,2,4058.0,400,6,4057.8,14,2,4057.7,1,1,4058.4,556,5,4059.5,39,2,4059.6,35,2,4059.8,183,2,4059.9,12,1
11483,2026-07-02 09:33:03+05:30,4058.7,8,4076.46,161497,77569.0,115827.0,4100.0,4110.0,4058.0,4092.6,21987700,4501.8,3683.4,4440.0,3288.1,4058.3,312,4,4058.1,13,2,4058.0,400,6,4057.8,14,2,4057.7,1,1,4058.4,556,5,4059.5,39,2,4059.6,35,2,4059.8,183,2,4059.9,12,1
11483,2026-07-02 09:33:04+05:30,4058.7,8,4076.46,161497,77569.0,115827.0,4100.0,4110.0,4058.0,4092.6,21987700,4501.8,3683.4,4440.0,3288.1,4058.3,312,4,4058.1,13,2,4058.0,400,6,4057.8,14,2,4057.7,1,1,4058.4,556,5,4059.5,39,2,4059.6,35,2,4059.8,183,2,4059.9,12,1
11483,2026-07-02 09:33:05+05:30,4058.7,8,4076.46,161497,77569.0,115827.0,4100.0,4110.0,4058.0,4092.6,21987700,4501.8,3683.4,4440.0,3288.1,4058.3,312,4,4058.1,13,2,4058.0,400,6,4057.8,14,2,4057.7,1,1,4058.4,556,5,4059.5,39,2,4059.6,35,2,4059.8,183,2,4059.9,12,1
11483,2026-07-02 09:33:06+05:30,4058.7,8,4076.46,161497,77569.0,115827.0,4100.0,4110.0,4058.0,4092.6,21987700,4501.8,3683.4,4440.0,3288.1,4058.3,312,4,4058.1,13,2,4058.0,400,6,4057.8,14,2,4057.7,1,1,4058.4,556,5,4059.5,39,2,4059.6,35,2,4059.8,183,2,4059.9,12,1
11483,2026-07-02 09:33:07+05:30,4058.7,8,4076.46,161497,77569.0,115827.0,4100.0,4110.0,4058.0,4092.6,22019725,4501.8,3683.4,4440.0,3288.1,4058.3,312,4,4058.1,13,2,4058.0,400,6,4057.8,14,2,4057.7,1,1,4058.4,556,5,4059.5,39,2,4059.6,35,2,4059.8,183,2,4059.9,12,1
11483,2026-07-02 09:33:07+05:30,4059.4,1,4076.34,162572,78427.0,113697.0,4100.0,4110.0,4058.0,4092.6,22019725,4501.8,3683.4,4440.0,3288.1,4058.6,66,4,4058.5,32,2,4058.4,28,4,4058.3,226,7,4058.2,23,2,4059.4,7,1,4059.5,89,4,4059.6,67,1,4059.7,27,1,4059.8,31,1
11483,2026-07-02 09:33:08+05:30,4059.4,1,4076.34,162572,78427.0,113697.0,4100.0,4110.0,4058.0,4092.6,22019725,4501.8,3683.4,4440.0,3288.1,4058.6,66,4,4058.5,32,2,4058.4,28,4,4058.3,226,7,4058.2,23,2,4059.4,7,1,4059.5,89,4,4059.6,67,1,4059.7,27,1,4059.8,31,1
11483,2026-07-02 09:33:11+05:30,4059.3,1,4076.34,162572,78427.0,113697.0,4100.0,4110.0,4058.0,4092.6,22019725,4501.8,3683.4,4440.0,3288.1,4058.6,66,4,4058.5,32,2,4058.4,28,4,4058.3,226,7,4058.2,23,2,4059.4,7,1,4059.5,89,4,4059.6,67,1,4059.7,27,1,4059.8,31,1
11483,2026-07-02 09:33:15+05:30,4059.3,3,4076.29,163036,79142.0,114213.0,4100.0,4110.0,4058.0,4092.6,22019725,4501.8,3683.4,4440.0,3288.1,4059.0,1,1,4058.7,12,1,4058.6,18,2,4058.5,26,2,4058.4,224,5,4059.3,14,5,4059.5,81,3,4059.6,67,1,4059.7,27,1,4059.8,31,1
11483,2026-07-02 09:33:19+05:30,4059.5,1,4076.29,163036,79142.0,114213.0,4100.0,4110.0,4058.0,4092.6,22019725,4501.8,3683.4,4440.0,3288.1,4059.0,1,1,4058.7,12,1,4058.6,18,2,4058.5,26,2,4058.4,224,5,4059.3,14,5,4059.5,81,3,4059.6,67,1,4059.7,27,1,4059.8,31,1
11483,2026-07-02 09:33:23+05:30,4059.6,1,4076.25,163474,79118.0,114334.0,4100.0,4110.0,4058.0,4092.6,22019725,4501.8,3683.4,4440.0,3288.1,4059.3,23,2,4059.0,188,6,4058.9,11,1,4058.8,30,1,4058.7,12,1,4059.6,60,2,4059.7,27,1,4059.8,31,1,4060.0,1,1,4060.7,18,1
11483,2026-07-02 09:33:27+05:30,4059.6,1,4076.25,163474,79118.0,114334.0,4100.0,4110.0,4058.0,4092.6,22019725,4501.8,3683.4,4440.0,3288.1,4059.3,23,2,4059.0,188,6,4058.9,11,1,4058.8,30,1,4058.7,12,1,4059.6,60,2,4059.7,27,1,4059.8,31,1,4060.0,1,1,4060.7,18,1
11483,2026-07-02 09:33:30+05:30,4059.3,1,4076.23,163607,79907.0,114910.0,4100.0,4110.0,4058.0,4092.6,22019725,4501.8,3683.4,4440.0,3288.1,4059.3,145,5,4059.1,1,1,4059.0,183,4,4058.8,30,1,4058.7,12,1,4059.5,409,2,4059.6,70,3,4059.7,27,1,4059.8,31,1,4060.0,1,1
11483,2026-07-02 09:33:34+05:30,4059.5,1,4076.23,163607,79907.0,114910.0,4100.0,4110.0,4058.0,4092.6,22019725,4501.8,3683.4,4440.0,3288.1,4059.3,145,5,4059.1,1,1,4059.0,183,4,4058.8,30,1,4058.7,12,1,4059.5,409,2,4059.6,70,3,4059.7,27,1,4059.8,31,1,4060.0,1,1
11483,2026-07-02 09:33:37+05:30,4059.3,1,4076.21,163865,79817.0,114831.0,4100.0,4110.0,4058.0,4092.6,22019725,4501.8,3683.4,4440.0,3288.1,4059.3,72,5,4059.1,1,1,4059.0,172,4,4058.9,5,1,4058.8,30,1,4059.5,223,5,4059.6,128,3,4059.8,31,1,4060.0,17,2,4060.6,26,1
11483,2026-07-02 09:33:41+05:30,4059.3,1,4076.21,163865,79817.0,114831.0,4100.0,4110.0,4058.0,4092.6,22019725,4501.8,3683.4,4440.0,3288.1,4059.3,72,5,4059.1,1,1,4059.0,172,4,4058.9,5,1,4058.8,30,1,4059.5,223,5,4059.6,128,3,4059.8,31,1,4060.0,17,2,4060.6,26,1
11483,2026-07-02 09:33:44+05:30,4059.6,6,4076.15,164411,80762.0,113637.0,4100.0,4110.0,4058.0,4092.6,22019725,4501.8,3683.4,4440.0,3288.1,4059.5,90,2,4059.3,419,3,4059.2,6,1,4059.0,232,6,4058.9,5,1,4059.6,24,2,4059.8,31,1,4060.0,22,3,4060.5,22,1,4060.8,59,1
11483,2026-07-02 09:33:48+05:30,4059.5,1,4076.15,164411,80762.0,113637.0,4100.0,4110.0,4058.0,4092.6,22019725,4501.8,3683.4,4440.0,3288.1,4059.5,90,2,4059.3,419,3,4059.2,6,1,4059.0,232,6,4058.9,5,1,4059.6,24,2,4059.8,31,1,4060.0,22,3,4060.5,22,1,4060.8,59,1
11483,2026-07-02 09:33:51+05:30,4059.5,1,4076.12,164768,80332.0,114756.0,4100.0,4110.0,4058.0,4092.6,22019725,4501.8,3683.4,4440.0,3288.1,4059.3,248,3,4059.0,222,5,4058.9,5,1,4058.8,30,1,4058.5,28,2,4059.5,4,1,4059.6,20,4,4059.8,37,2,4060.0,110,4,4060.1,12,1
11483,2026-07-02 09:33:55+05:30,4059.8,1,4076.12,164768,80332.0,114756.0,4100.0,4110.0,4058.0,4092.6,22019725,4501.8,3683.4,4440.0,3288.1,4059.3,248,3,4059.0,222,5,4058.9,5,1,4058.8,30,1,4058.5,28,2,4059.5,4,1,4059.6,20,4,4059.8,37,2,4060.0,110,4,4060.1,12,1
11483,2026-07-02 09:33:57+05:30,4059.8,1,4076.1,164941,80587.0,114473.0,4100.0,4110.0,4058.0,4092.6,22019725,4501.8,3683.4,4440.0,3288.1,4059.6,96,1,4059.5,105,3,4059.4,5,1,4059.3,228,4,4059.2,10,1,4059.8,8,4,4060.0,110,4,4060.5,22,1,4060.7,36,2,4060.8,88,3
11483,2026-07-02 09:34:01+05:30,4059.8,3,4076.1,164941,80587.0,114473.0,4100.0,4110.0,4058.0,4092.6,22019725,4501.8,3683.4,4440.0,3288.1,4059.6,96,1,4059.5,105,3,4059.4,5,1,4059.3,228,4,4059.2,10,1,4059.8,8,4,4060.0,110,4,4060.5,22,1,4060.7,36,2,4060.8,88,3
11483,2026-07-02 09:34:04+05:30,4059.8,3,4076.1,164941,80587.0,114473.0,4100.0,4110.0,4058.0,4092.6,22019725,4501.8,3683.4,4440.0,3288.1,4059.6,96,1,4059.5,105,3,4059.4,5,1,4059.3,228,4,4059.2,10,1,4059.8,8,4,4060.0,110,4,4060.5,22,1,4060.7,36,2,4060.8,88,3
11483,2026-07-02 09:34:04+05:30,4059.8,1,4076.09,165008,82191.0,114062.0,4100.0,4110.0,4058.0,4092.6,22019725,4501.8,3683.4,4440.0,3288.1,4059.8,19,1,4059.6,401,6,4059.5,111,5,4059.4,5,1,4059.3,288,6,4060.0,116,5,4060.4,36,1,4060.5,22,1,4061.1,22,1,4061.2,61,1
11483,2026-07-02 09:34:04+05:30,4059.8,1,4076.09,165008,82191.0,114062.0,4100.0,4110.0,4058.0,4092.6,22019725,4501.8,3683.4,4440.0,3288.1,4059.8,19,1,4059.6,401,6,4059.5,111,5,4059.4,5,1,4059.3,288,6,4060.0,116,5,4060.4,36,1,4060.5,22,1,4061.1,22,1,4061.2,61,1
11483,2026-07-02 09:34:05+05:30,4059.8,1,4076.09,165008,82191.0,114062.0,4100.0,4110.0,4058.0,4092.6,22019725,4501.8,3683.4,4440.0,3288.1,4059.8,19,1,4059.6,401,6,4059.5,111,5,4059.4,5,1,4059.3,288,6,4060.0,116,5,4060.4,36,1,4060.5,22,1,4061.1,22,1,4061.2,61,1
11483,2026-07-02 09:34:06+05:30,4059.8,1,4076.09,165008,82191.0,114062.0,4100.0,4110.0,4058.0,4092.6,22019725,4501.8,3683.4,4440.0,3288.1,4059.8,19,1,4059.6,401,6,4059.5,111,5,4059.4,5,1,4059.3,288,6,4060.0,116,5,4060.4,36,1,4060.5,22,1,4061.1,22,1,4061.2,61,1
11483,2026-07-02 09:34:07+05:30,4059.8,1,4076.09,165008,82191.0,114062.0,4100.0,4110.0,4058.0,4092.6,22019725,4501.8,3683.4,4440.0,3288.1,4059.8,19,1,4059.6,401,6,4059.5,111,5,4059.4,5,1,4059.3,288,6,4060.0,116,5,4060.4,36,1,4060.5,22,1,4061.1,22,1,4061.2,61,1
11483,2026-07-02 09:34:07+05:30,4060.0,14,4076.09,165008,82191.0,114062.0,4100.0,4110.0,4058.0,4092.6,22019725,4501.8,3683.4,4440.0,3288.1,4059.8,19,1,4059.6,401,6,4059.5,111,5,4059.4,5,1,4059.3,288,6,4060.0,116,5,4060.4,36,1,4060.5,22,1,4061.1,22,1,4061.2,61,1
11483,2026-07-02 09:34:07+05:30,4060.0,14,4076.09,165008,82191.0,114062.0,4100.0,4110.0,4058.0,4092.6,22025850,4501.8,3683.4,4440.0,3288.1,4059.8,19,1,4059.6,401,6,4059.5,111,5,4059.4,5,1,4059.3,288,6,4060.0,116,5,4060.4,36,1,4060.5,22,1,4061.1,22,1,4061.2,61,1
11483,2026-07-02 09:34:08+05:30,4060.0,14,4076.09,165008,82191.0,114062.0,4100.0,4110.0,4058.0,4092.6,22025850,4501.8,3683.4,4440.0,3288.1,4059.8,19,1,4059.6,401,6,4059.5,111,5,4059.4,5,1,4059.3,288,6,4060.0,116,5,4060.4,36,1,4060.5,22,1,4061.1,22,1,4061.2,61,1
11483,2026-07-02 09:34:11+05:30,4060.4,5,4076.07,165196,82213.0,113748.0,4100.0,4110.0,4058.0,4092.6,22025850,4501.8,3683.4,4440.0,3288.1,4060.0,305,4,4059.9,5,1,4059.8,15,3,4059.7,11,1,4059.6,114,6,4060.4,24,1,4060.5,22,1,4060.8,4,1,4061.0,20,1,4061.4,11,1
11483,2026-07-02 09:34:13+05:30,4060.0,1,4076.07,165196,82213.0,113748.0,4100.0,4110.0,4058.0,4092.6,22025850,4501.8,3683.4,4440.0,3288.1,4060.0,305,4,4059.9,5,1,4059.8,15,3,4059.7,11,1,4059.6,114,6,4060.4,24,1,4060.5,22,1,4060.8,4,1,4061.0,20,1,4061.4,11,1
11483,2026-07-02 09:34:18+05:30,4057.1,1,4075.74,168346,76100.0,116050.0,4100.0,4110.0,4056.5,4092.6,22025850,4501.8,3683.4,4440.0,3288.1,4056.5,121,4,4056.1,15,2,4056.0,219,21,4055.9,3,2,4055.8,16,2,4057.1,27,1,4057.4,10,1,4057.7,36,2,4057.9,31,2,4058.1,58,4
11483,2026-07-02 09:34:19+05:30,4057.1,23,4075.74,168346,76100.0,116050.0,4100.0,4110.0,4056.5,4092.6,22025850,4501.8,3683.4,4440.0,3288.1,4056.5,121,4,4056.1,15,2,4056.0,219,21,4055.9,3,2,4055.8,16,2,4057.1,27,1,4057.4,10,1,4057.7,36,2,4057.9,31,2,4058.1,58,4
11483,2026-07-02 09:34:25+05:30,4056.0,5,4075.74,168346,76100.0,116050.0,4100.0,4110.0,4056.5,4092.6,22025850,4501.8,3683.4,4440.0,3288.1,4056.5,121,4,4056.1,15,2,4056.0,219,21,4055.9,3,2,4055.8,16,2,4057.1,27,1,4057.4,10,1,4057.7,36,2,4057.9,31,2,4058.1,58,4
11483,2026-07-02 09:34:25+05:30,4055.6,1,4075.61,169497,75745.0,116893.0,4100.0,4110.0,4055.6,4092.6,22025850,4501.8,3683.4,4440.0,3288.1,4055.6,7,1,4055.5,16,3,4055.4,2,1,4055.3,121,3,4055.2,13,2,4056.0,30,4,4056.2,9,1,4056.3,20,3,4056.4,6,1,4056.5,12,2
11483,2026-07-02 09:34:31+05:30,4055.6,3,4075.61,169497,75745.0,116893.0,4100.0,4110.0,4055.6,4092.6,22025850,4501.8,3683.4,4440.0,3288.1,4055.6,7,1,4055.5,16,3,4055.4,2,1,4055.3,121,3,4055.2,13,2,4056.0,30,4,4056.2,9,1,4056.3,20,3,4056.4,6,1,4056.5,12,2
11483,2026-07-02 09:34:32+05:30,4055.6,13,4075.57,169882,75972.0,117192.0,4100.0,4110.0,4055.3,4092.6,22025850,4501.8,3683.4,4440.0,3288.1,4055.3,52,2,4055.2,13,2,4055.1,45,4,4055.0,745,66,4054.5,29,4,4055.6,63,4,4055.7,12,1,4056.0,20,2,4056.2,122,4,4056.3,108,5
11483,2026-07-02 09:34:38+05:30,4056.0,3,4075.57,169882,75972.0,117192.0,4100.0,4110.0,4055.3,4092.6,22025850,4501.8,3683.4,4440.0,3288.1,4055.3,52,2,4055.2,13,2,4055.1,45,4,4055.0,745,66,4054.5,29,4,4055.6,63,4,4055.7,12,1,4056.0,20,2,4056.2,122,4,4056.3,108,5
11483,2026-07-02 09:34:39+05:30,4055.6,260,4075.46,170762,75985.0,117437.0,4100.0,4110.0,4055.0,4092.6,22025850,4501.8,3683.4,4440.0,3288.1,4055.0,599,57,4054.5,17,3,4054.4,8,1,4054.3,20,1,4054.2,12,1,4055.4,32,4,4055.5,15,2,4055.6,16,2,4055.7,16,1,4055.8,21,2
11483,2026-07-02 09:34:45+05:30,4055.4,1,4075.46,170762,75985.0,117437.0,4100.0,4110.0,4055.0,4092.6,22025850,4501.8,3683.4,4440.0,3288.1,4055.0,599,57,4054.5,17,3,4054.4,8,1,4054.3,20,1,4054.2,12,1,4055.4,32,4,4055.5,15,2,4055.6,16,2,4055.7,16,1,4055.8,21,2
11483,2026-07-02 09:34:47+05:30,4055.4,5,4075.43,171053,78547.0,117276.0,4100.0,4110.0,4055.0,4092.6,22025850,4501.8,3683.4,4440.0,3288.1,4055.1,1,1,4055.0,593,49,4054.5,17,3,4054.4,8,1,4054.3,20,1,4055.4,20,4,4055.6,4,2,4055.7,17,1,4055.8,9,1,4056.0,113,6
11483,2026-07-02 09:34:51+05:30,4056.0,3,4075.43,171053,78547.0,117276.0,4100.0,4110.0,4055.0,4092.6,22025850,4501.8,3683.4,4440.0,3288.1,4055.1,1,1,4055.0,593,49,4054.5,17,3,4054.4,8,1,4054.3,20,1,4055.4,20,4,4055.6,4,2,4055.7,17,1,4055.8,9,1,4056.0,113,6
11483,2026-07-02 09:34:53+05:30,4055.0,7,4075.4,171346,78701.0,117408.0,4100.0,4110.0,4055.0,4092.6,22025850,4501.8,3683.4,4440.0,3288.1,4055.0,589,50,4054.5,17,3,4054.4,8,1,4054.3,20,1,4054.2,12,1,4055.3,15,3,4055.4,10,2,4055.5,7,1,4055.6,23,3,4055.7,43,3
11483,2026-07-02 09:34:57+05:30,4054.0,30,4075.4,171346,78701.0,117408.0,4100.0,4110.0,4055.0,4092.6,22025850,4501.8,3683.4,4440.0,3288.1,4055.0,589,50,4054.5,17,3,4054.4,8,1,4054.3,20,1,4054.2,12,1,4055.3,15,3,4055.4,10,2,4055.5,7,1,4055.6,23,3,4055.7,43,3
11483,2026-07-02 09:35:00+05:30,4055.6,100,4075.02,174593,76909.0,117028.0,4100.0,4110.0,4054.0,4092.6,22025850,4501.8,3683.4,4440.0,3288.1,4055.0,5,1,4054.4,1,1,4054.3,10,1,4054.2,10,1,4054.1,13,2,4055.1,600,1,4055.7,114,2,4055.8,11,1,4055.9,18,2,4056.0,15,1
11483,2026-07-02 09:35:03+05:30,4055.0,2,4075.02,174593,76909.0,117028.0,4100.0,4110.0,4054.0,4092.6,22025850,4501.8,3683.4,4440.0,3288.1,4055.0,5,1,4054.4,1,1,4054.3,10,1,4054.2,10,1,4054.1,13,2,4055.1,600,1,4055.7,114,2,4055.8,11,1,4055.9,18,2,4056.0,15,1
11483,2026-07-02 09:35:04+05:30,4055.0,2,4075.02,174593,76909.0,117028.0,4100.0,4110.0,4054.0,4092.6,22025850,4501.8,3683.4,4440.0,3288.1,4055.0,5,1,4054.4,1,1,4054.3,10,1,4054.2,10,1,4054.1,13,2,4055.1,600,1,4055.7,114,2,4055.8,11,1,4055.9,18,2,4056.0,15,1
11483,2026-07-02 09:35:05+05:30,4055.0,2,4075.02,174593,76909.0,117028.0,4100.0,4110.0,4054.0,4092.6,22025850,4501.8,3683.4,4440.0,3288.1,4055.0,5,1,4054.4,1,1,4054.3,10,1,4054.2,10,1,4054.1,13,2,4055.1,600,1,4055.7,114,2,4055.8,11,1,4055.9,18,2,4056.0,15,1
11483,2026-07-02 09:35:06+05:30,4055.0,2,4075.02,174593,76909.0,117028.0,4100.0,4110.0,4054.0,4092.6,22025850,4501.8,3683.4,4440.0,3288.1,4055.0,5,1,4054.4,1,1,4054.3,10,1,4054.2,10,1,4054.1,13,2,4055.1,600,1,4055.7,114,2,4055.8,11,1,4055.9,18,2,4056.0,15,1
11483,2026-07-02 09:35:07+05:30,4055.0,2,4075.02,174593,76909.0,117028.0,4100.0,4110.0,4054.0,4092.6,22025850,4501.8,3683.4,4440.0,3288.1,4055.0,5,1,4054.4,1,1,4054.3,10,1,4054.2,10,1,4054.1,13,2,4055.1,600,1,4055.7,114,2,4055.8,11,1,4055.9,18,2,4056.0,15,1
11483,2026-07-02 09:35:07+05:30,4055.0,2,4075.02,174593,76909.0,117028.0,4100.0,4110.0,4054.0,4092.6,22046500,4501.8,3683.4,4440.0,3288.1,4055.0,5,1,4054.4,1,1,4054.3,10,1,4054.2,10,1,4054.1,13,2,4055.1,600,1,4055.7,114,2,4055.8,11,1,4055.9,18,2,4056.0,15,1
11483,2026-07-02 09:35:08+05:30,4055.1,7,4074.83,176275,79219.0,115333.0,4100.0,4110.0,4054.0,4092.6,22046500,4501.8,3683.4,4440.0,3288.1,4055.6,5,1,4055.3,59,5,4055.2,44,2,4055.1,35,2,4055.0,136,9,4056.7,13,1,4057.0,32,1,4057.6,12,1,4057.7,33,2,4057.8,21,1
11483,2026-07-02 09:35:08+05:30,4055.1,7,4074.83,176275,79219.0,115333.0,4100.0,4110.0,4054.0,4092.6,22046500,4501.8,3683.4,4440.0,3288.1,4055.6,5,1,4055.3,59,5,4055.2,44,2,4055.1,35,2,4055.0,136,9,4056.7,13,1,4057.0,32,1,4057.6,12,1,4057.7,33,2,4057.8,21,1
11483,2026-07-02 09:35:09+05:30,4055.3,9,4074.83,176275,79219.0,115333.0,4100.0,4110.0,4054.0,4092.6,22046500,4501.8,3683.4,4440.0,3288.1,4055.6,5,1,4055.3,59,5,4055.2,44,2,4055.1,35,2,4055.0,136,9,4056.7,13,1,4057.0,32,1,4057.6,12,1,4057.7,33,2,4057.8,21,1
11483,2026-07-02 09:35:09+05:30,4055.3,9,4074.83,176275,79219.0,115333.0,4100.0,4110.0,4054.0,4092.6,22046500,4501.8,3683.4,4440.0,3288.1,4055.6,5,1,4055.3,59,5,4055.2,44,2,4055.1,35,2,4055.0,136,9,4056.7,13,1,4057.0,32,1,4057.6,12,1,4057.7,33,2,4057.8,21,1
11483,2026-07-02 09:35:15+05:30,4057.2,2,4074.83,176275,79219.0,115333.0,4100.0,4110.0,4054.0,4092.6,22046500,4501.8,3683.4,4440.0,3288.1,4055.6,5,1,4055.3,59,5,4055.2,44,2,4055.1,35,2,4055.0,136,9,4056.7,13,1,4057.0,32,1,4057.6,12,1,4057.7,33,2,4057.8,21,1
11483,2026-07-02 09:35:15+05:30,4057.2,2,4074.81,176538,80149.0,115203.0,4100.0,4110.0,4054.0,4092.6,22046500,4501.8,3683.4,4440.0,3288.1,4055.9,21,2,4055.8,21,2,4055.7,23,2,4055.6,29,3,4055.4,46,2,4057.2,39,5,4057.3,60,5,4057.4,91,5,4057.5,107,8,4057.6,41,5
11483,2026-07-02 09:35:20+05:30,4056.9,2,4074.81,176538,80149.0,115203.0,4100.0,4110.0,4054.0,4092.6,22046500,4501.8,3683.4,4440.0,3288.1,4055.9,21,2,4055.8,21,2,4055.7,23,2,4055.6,29,3,4055.4,46,2,4057.2,39,5,4057.3,60,5,4057.4,91,5,4057.5,107,8,4057.6,41,5
11483,2026-07-02 09:35:20+05:30,4056.9,2,4074.8,176609,80145.0,115682.0,4100.0,4110.0,4054.0,4092.6,22046500,4501.8,3683.4,4440.0,3288.1,4055.7,5,1,4055.6,15,2,4055.4,12,1,4055.3,100,1,4055.2,10,1,4056.9,22,1,4057.0,21,6,4057.1,10,1,4057.2,17,4,4057.3,63,4
11483,2026-07-02 09:35:21+05:30,4055.7,1,4074.8,176609,80145.0,115682.0,4100.0,4110.0,4054.0,4092.6,22046500,4501.8,3683.4,4440.0,3288.1,4055.7,5,1,4055.6,15,2,4055.4,12,1,4055.3,100,1,4055.2,10,1,4056.9,22,1,4057.0,21,6,4057.1,10,1,4057.2,17,4,4057.3,63,4
11483,2026-07-02 09:35:21+05:30,4055.7,1,4074.8,176615,79660.0,115771.0,4100.0,4110.0,4054.0,4092.6,22046500,4501.8,3683.4,4440.0,3288.1,4055.6,15,2,4055.3,100,1,4055.1,50,5,4055.0,220,13,4054.8,13,1,4055.7,1,1,4056.8,64,3,4056.9,43,5,4057.0,15,5,4057.1,10,1
11483,2026-07-02 09:35:22+05:30,4055.6,5,4074.8,176615,79660.0,115771.0,4100.0,4110.0,4054.0,4092.6,22046500,4501.8,3683.4,4440.0,3288.1,4055.6,15,2,4055.3,100,1,4055.1,50,5,4055.0,220,13,4054.8,13,1,4055.7,1,1,4056.8,64,3,4056.9,43,5,4057.0,15,5,4057.1,10,1
11483,2026-07-02 09:35:22+05:30,4055.6,5,4074.8,176640,79941.0,116248.0,4100.0,4110.0,4054.0,4092.6,22046500,4501.8,3683.4,4440.0,3288.1,4055.3,100,1,4055.1,50,5,4055.0,220,13,4054.8,13,1,4054.6,13,1,4056.3,13,1,4056.4,45,4,4056.5,55,4,4056.6,27,2,4056.7,54,4
11483,2026-07-02 09:35:23+05:30,4056.3,5,4074.8,176640,79941.0,116248.0,4100.0,4110.0,4054.0,4092.6,22046500,4501.8,3683.4,4440.0,3288.1,4055.3,100,1,4055.1,50,5,4055.0,220,13,4054.8,13,1,4054.6,13,1,4056.3,13,1,4056.4,45,4,4056.5,55,4,4056.6,27,2,4056.7,54,4
11483,2026-07-02 09:35:23+05:30,4056.3,5,4074.79,176651,79966.0,116098.0,4100.0,4110.0,4054.0,4092.6,22046500,4501.8,3683.4,4440.0,3288.1,4055.3,100,1,4055.2,25,1,4055.1,38,4,4055.0,235,14,4054.8,13,1,4056.3,18,3,4056.4,37,3,4056.5,24,2,4056.6,27,2,4056.7,78,5
11483,2026-07-02 09:35:24+05:30,4056.3,5,4074.79,176651,79966.0,116098.0,4100.0,4110.0,4054.0,4092.6,22046500,4501.8,3683.4,4440.0,3288.1,4055.3,100,1,4055.2,25,1,4055.1,38,4,4055.0,235,14,4054.8,13,1,4056.3,18,3,4056.4,37,3,4056.5,24,2,4056.6,27,2,4056.7,78,5
11483,2026-07-02 09:35:24+05:30,4056.3,1,4074.79,176657,80135.0,116099.0,4100.0,4110.0,4054.0,4092.6,22046500,4501.8,3683.4,4440.0,3288.1,4055.3,100,1,4055.2,25,1,4055.1,38,4,4055.0,235,14,4054.8,13,1,4056.3,28,6,4056.4,46,5,4056.5,24,2,4056.6,27,2,4056.7,77,5
11483,2026-07-02 09:35:25+05:30,4056.2,3,4074.79,176657,80135.0,116099.0,4100.0,4110.0,4054.0,4092.6,22046500,4501.8,3683.4,4440.0,3288.1,4055.3,100,1,4055.2,25,1,4055.1,38,4,4055.0,235,14,4054.8,13,1,4056.3,28,6,4056.4,46,5,4056.5,24,2,4056.6,27,2,4056.7,77,5
11483,2026-07-02 09:35:25+05:30,4055.3,1,4074.79,176665,79740.0,116067.0,4100.0,4110.0,4054.0,4092.6,22046500,4501.8,3683.4,4440.0,3288.1,4055.3,97,1,4055.2,25,1,4055.1,38,4,4055.0,237,16,4054.8,13,1,4056.2,23,3,4056.3,22,6,4056.4,52,5,4056.5,27,3,4056.6,43,3
11483,2026-07-02 09:35:26+05:30,4056.2,1,4074.79,176665,79740.0,116067.0,4100.0,4110.0,4054.0,4092.6,22046500,4501.8,3683.4,4440.0,3288.1,4055.3,97,1,4055.2,25,1,4055.1,38,4,4055.0,237,16,4054.8,13,1,4056.2,23,3,4056.3,22,6,4056.4,52,5,4056.5,27,3,4056.6,43,3
11483,2026-07-02 09:35:26+05:30,4056.3,1,4074.79,176684,80884.0,115991.0,4100.0,4110.0,4054.0,4092.6,22046500,4501.8,3683.4,4440.0,3288.1,4055.6,5,1,4055.3,96,1,4055.2,25,1,4055.1,28,3,4055.0,237,16,4056.3,26,4,4056.4,34,4,4056.5,27,3,4056.6,43,3,4056.7,54,4
11483,2026-07-02 09:35:27+05:30,4055.6,5,4074.79,176684,80884.0,115991.0,4100.0,4110.0,4054.0,4092.6,22046500,4501.8,3683.4,4440.0,3288.1,4055.6,5,1,4055.3,96,1,4055.2,25,1,4055.1,28,3,4055.0,237,16,4056.3,26,4,4056.4,34,4,4056.5,27,3,4056.6,43,3,4056.7,54,4
11483,2026-07-02 09:35:27+05:30,4056.4,2,4074.75,177095,80622.0,116060.0,4100.0,4110.0,4054.0,4092.6,22046500,4501.8,3683.4,4440.0,3288.1,4055.3,96,1,4055.2,25,1,4055.1,28,3,4055.0,237,16,4054.8,13,1,4056.2,28,1,4056.3,14,1,4056.4,68,6,4056.5,12,1,4056.6,94,3
11483,2026-07-02 09:35:28+05:30,4055.3,1,4074.75,177095,80622.0,116060.0,4100.0,4110.0,4054.0,4092.6,22046500,4501.8,3683.4,4440.0,3288.1,4055.3,96,1,4055.2,25,1,4055.1,28,3,4055.0,237,16,4054.8,13,1,4056.2,28,1,4056.3,14,1,4056.4,68,6,4056.5,12,1,4056.6,94,3
11483,2026-07-02 09:35:28+05:30,4056.2,8,4074.73,177291,80153.0,116070.0,4100.0,4110.0,4054.0,4092.6,22046500,4501.8,3683.4,4440.0,3288.1,4055.5,46,1,4055.1,28,3,4055.0,238,17,4054.8,12,1,4054.6,62,2,4056.2,39,4,4056.3,14,1,4056.4,48,4,4056.5,32,2,4056.6,95,3
11483,2026-07-02 09:35:29+05:30,4056.1,3,4074.73,177291,80153.0,116070.0,4100.0,4110.0,4054.0,4092.6,22046500,4501.8,3683.4,4440.0,3288.1,4055.5,46,1,4055.1,28,3,4055.0,238,17,4054.8,12,1,4054.6,62,2,4056.2,39,4,4056.3,14,1,4056.4,48,4,4056.5,32,2,4056.6,95,3
11483,2026-07-02 09:35:29+05:30,4055.0,23,4074.72,177401,80213.0,116078.0,4100.0,4110.0,4054.0,4092.6,22046500,4501.8,3683.4,4440.0,3288.1,4055.0,217,17,4054.8,12,1,4054.6,50,1,4054.5,13,1,4054.4,1,1,4056.1,24,4,4056.2,36,6,4056.3,14,1,4056.4,48,4,4056.5,40,2
11483,2026-07-02 09:35:30+05:30,4056.4,28,4074.72,177401,80213.0,116078.0,4100.0,4110.0,4054.0,4092.6,22046500,4501.8,3683.4,4440.0,3288.1,4055.0,217,17,4054.8,12,1,4054.6,50,1,4054.5,13,1,4054.4,1,1,4056.1,24,4,4056.2,36,6,4056.3,14,1,4056.4,48,4,4056.5,40,2
11483,2026-07-02 09:35:30+05:30,4056.4,28,4074.7,177566,80493.0,116311.0,4100.0,4110.0,4054.0,4092.6,22046500,4501.8,3683.4,4440.0,3288.1,4055.7,100,1,4055.0,202,16,4054.8,12,1,4054.6,55,2,4054.5,13,1,4056.1,415,3,4056.2,3,1,4056.4,23,6,4056.5,12,1,4056.6,81,2
11483,2026-07-02 09:35:31+05:30,4056.1,10,4074.7,177566,80493.0,116311.0,4100.0,4110.0,4054.0,4092.6,22046500,4501.8,3683.4,4440.0,3288.1,4055.7,100,1,4055.0,202,16,4054.8,12,1,4054.6,55,2,4054.5,13,1,4056.1,415,3,4056.2,3,1,4056.4,23,6,4056.5,12,1,4056.6,81,2
11483,2026-07-02 09:35:31+05:30,4056.1,10,4074.7,177591,80545.0,116362.0,4100.0,4110.0,4054.0,4092.6,22046500,4501.8,3683.4,4440.0,3288.1,4055.7,91,1,4055.4,5,1,4055.0,202,16,4054.8,12,1,4054.6,50,1,4056.1,401,5,4056.2,32,4,4056.3,8,1,4056.4,43,8,4056.5,12,1
11483,2026-07-02 09:35:32+05:30,4056.1,1,4074.7,177591,80545.0,116362.0,4100.0,4110.0,4054.0,4092.6,22046500,4501.8,3683.4,4440.0,3288.1,4055.7,91,1,4055.4,5,1,4055.0,202,16,4054.8,12,1,4054.6,50,1,4056.1,401,5,4056.2,32,4,4056.3,8,1,4056.4,43,8,4056.5,12,1
11483,2026-07-02 09:35:32+05:30,4056.1,1,4074.69,177654,81023.0,115626.0,4100.0,4110.0,4054.0,4092.6,22046500,4501.8,3683.4,4440.0,3288.1,4055.7,30,1,4055.4,5,1,4055.1,31,2,4055.0,207,17,4054.8,44,3,4056.1,379,4,4056.2,13,2,4056.4,3,2,4056.5,12,1,4056.6,67,1
11483,2026-07-02 09:35:33+05:30,4056.1,1,4074.69,177654,81023.0,115626.0,4100.0,4110.0,4054.0,4092.6,22046500,4501.8,3683.4,4440.0,3288.1,4055.7,30,1,4055.4,5,1,4055.1,31,2,4055.0,207,17,4054.8,44,3,4056.1,379,4,4056.2,13,2,4056.4,3,2,4056.5,12,1,4056.6,67,1
11483,2026-07-02 09:35:33+05:30,4055.7,2,4074.69,177669,81024.0,115643.0,4100.0,4110.0,4054.0,4092.6,22046500,4501.8,3683.4,4440.0,3288.1,4055.7,27,1,4055.4,5,1,4055.1,45,1,4055.0,192,15,4054.8,44,3,4056.1,377,7,4056.2,3,1,4056.4,3,2,4056.5,36,2,4056.6,67,1
11483,2026-07-02 09:35:34+05:30,4055.7,2,4074.69,177669,81024.0,115643.0,4100.0,4110.0,4054.0,4092.6,22046500,4501.8,3683.4,4440.0,3288.1,4055.7,27,1,4055.4,5,1,4055.1,45,1,4055.0,192,15,4054.8,44,3,4056.1,377,7,4056.2,3,1,4056.4,3,2,4056.5,36,2,4056.6,67,1
11483,2026-07-02 09:35:35+05:30,4055.7,18,4074.68,177695,81058.0,115648.0,4100.0,4110.0,4054.0,4092.6,22046500,4501.8,3683.4,4440.0,3288.1,4055.7,1,1,4055.5,12,1,4055.4,5,1,4055.1,31,1,4055.0,203,17,4056.1,377,7,4056.2,3,1,4056.5,12,1,4056.6,67,1,4056.7,22,2
11483,2026-07-02 09:35:35+05:30,4055.7,1,4074.68,177695,81058.0,115648.0,4100.0,4110.0,4054.0,4092.6,22046500,4501.8,3683.4,4440.0,3288.1,4055.7,1,1,4055.5,12,1,4055.4,5,1,4055.1,31,1,4055.0,203,17,4056.1,377,7,4056.2,3,1,4056.5,12,1,4056.6,67,1,4056.7,22,2
11483,2026-07-02 09:35:36+05:30,4055.7,9,4074.67,177856,81089.0,116315.0,4100.0,4110.0,4054.0,4092.6,22046500,4501.8,3683.4,4440.0,3288.1,4055.0,70,9,4054.8,12,1,4054.6,73,2,4054.5,41,3,4054.4,38,3,4055.5,357,3,4055.7,1,1,4056.1,11,4,4056.5,12,1,4056.6,73,2
11483,2026-07-02 09:35:36+05:30,4055.7,9,4074.67,177856,81089.0,116315.0,4100.0,4110.0,4054.0,4092.6,22046500,4501.8,3683.4,4440.0,3288.1,4055.0,70,9,4054.8,12,1,4054.6,73,2,4054.5,41,3,4054.4,38,3,4055.5,357,3,4055.7,1,1,4056.1,11,4,4056.5,12,1,4056.6,73,2
11483,2026-07-02 09:35:37+05:30,4055.4,1,4074.67,177856,81089.0,116315.0,4100.0,4110.0,4054.0,4092.6,22046500,4501.8,3683.4,4440.0,3288.1,4055.0,70,9,4054.8,12,1,4054.6,73,2,4054.5,41,3,4054.4,38,3,4055.5,357,3,4055.7,1,1,4056.1,11,4,4056.5,12,1,4056.6,73,2
11483,2026-07-02 09:35:37+05:30,4055.4,1,4074.66,177888,81140.0,116508.0,4100.0,4110.0,4054.0,4092.6,22046500,4501.8,3683.4,4440.0,3288.1,4055.4,9,1,4055.0,70,9,4054.6,73,2,4054.5,41,3,4054.4,38,3,4055.5,329,4,4055.7,4,3,4056.1,10,3,4056.5,12,1,4056.6,73,2
11483,2026-07-02 09:35:38+05:30,4055.5,9,4074.66,177888,81140.0,116508.0,4100.0,4110.0,4054.0,4092.6,22046500,4501.8,3683.4,4440.0,3288.1,4055.4,9,1,4055.0,70,9,4054.6,73,2,4054.5,41,3,4054.4,38,3,4055.5,329,4,4055.7,4,3,4056.1,10,3,4056.5,12,1,4056.6,73,2
11483,2026-07-02 09:35:38+05:30,4055.5,9,4074.66,177958,81146.0,116531.0,4100.0,4110.0,4054.0,4092.6,22046500,4501.8,3683.4,4440.0,3288.1,4055.0,71,10,4054.9,12,1,4054.6,73,2,4054.5,41,3,4054.4,38,3,4055.5,271,6,4055.7,4,3,4056.1,8,1,4056.5,12,1,4056.6,73,2
11483,2026-07-02 09:35:39+05:30,4055.0,10,4074.66,177958,81146.0,116531.0,4100.0,4110.0,4054.0,4092.6,22046500,4501.8,3683.4,4440.0,3288.1,4055.0,71,10,4054.9,12,1,4054.6,73,2,4054.5,41,3,4054.4,38,3,4055.5,271,6,4055.7,4,3,4056.1,8,1,4056.5,12,1,4056.6,73,2
11483,2026-07-02 09:35:39+05:30,4055.0,10,4074.65,177979,81233.0,116511.0,4100.0,4110.0,4054.0,4092.6,22046500,4501.8,3683.4,4440.0,3288.1,4055.0,62,10,4054.6,73,2,4054.5,41,3,4054.4,38,3,4054.3,22,2,4055.5,272,7,4055.7,4,3,4056.1,8,1,4056.5,12,1,4056.6,73,2
11483,2026-07-02 09:35:40+05:30,4055.0,2,4074.65,177979,81233.0,116511.0,4100.0,4110.0,4054.0,4092.6,22046500,4501.8,3683.4,4440.0,3288.1,4055.0,62,10,4054.6,73,2,4054.5,41,3,4054.4,38,3,4054.3,22,2,4055.5,272,7,4055.7,4,3,4056.1,8,1,4056.5,12,1,4056.6,73,2
11483,2026-07-02 09:35:40+05:30,4055.0,2,4074.65,177989,80957.0,115528.0,4100.0,4110.0,4054.0,4092.6,22046500,4501.8,3683.4,4440.0,3288.1,4055.0,52,10,4054.9,5,1,4054.6,35,2,4054.5,41,3,4054.4,38,3,4055.5,280,8,4055.7,3,2,4056.5,12,1,4056.6,95,2,4056.7,22,2
11483,2026-07-02 09:35:41+05:30,4055.0,4,4074.65,177989,80957.0,115528.0,4100.0,4110.0,4054.0,4092.6,22046500,4501.8,3683.4,4440.0,3288.1,4055.0,52,10,4054.9,5,1,4054.6,35,2,4054.5,41,3,4054.4,38,3,4055.5,280,8,4055.7,3,2,4056.5,12,1,4056.6,95,2,4056.7,22,2
11483,2026-07-02 09:35:41+05:30,4055.0,3,4074.65,178021,80917.0,115833.0,4100.0,4110.0,4054.0,4092.6,22046500,4501.8,3683.4,4440.0,3288.1,4055.0,43,6,4054.9,5,1,4054.8,10,1,4054.6,36,2,4054.5,41,3,4055.5,277,5,4056.5,12,1,4056.6,95,2,4056.7,22,2,4056.8,6,1
11483,2026-07-02 09:35:42+05:30,4055.0,1,4074.65,178021,80917.0,115833.0,4100.0,4110.0,4054.0,4092.6,22046500,4501.8,3683.4,4440.0,3288.1,4055.0,43,6,4054.9,5,1,4054.8,10,1,4054.6,36,2,4054.5,41,3,4055.5,277,5,4056.5,12,1,4056.6,95,2,4056.7,22,2,4056.8,6,1
11483,2026-07-02 09:35:42+05:30,4055.0,5,4074.64,178087,80979.0,116058.0,4100.0,4110.0,4054.0,4092.6,22046500,4501.8,3683.4,4440.0,3288.1,4055.0,30,3,4054.9,5,1,4054.6,36,2,4054.5,41,3,4054.4,38,3,4055.5,222,3,4056.0,6,1,4056.5,32,2,4056.6,67,1,4056.7,22,2
11483,2026-07-02 09:35:43+05:30,4055.5,25,4074.64,178087,80979.0,116058.0,4100.0,4110.0,4054.0,4092.6,22046500,4501.8,3683.4,4440.0,3288.1,4055.0,30,3,4054.9,5,1,4054.6,36,2,4054.5,41,3,4054.4,38,3,4055.5,222,3,4056.0,6,1,4056.5,32,2,4056.6,67,1,4056.7,22,2
11483,2026-07-02 09:35:43+05:30,4055.0,180,4074.6,178425,81108.0,115407.0,4100.0,4110.0,4054.0,4092.6,22046500,4501.8,3683.4,4440.0,3288.1,4055.2,8,1,4055.1,60,6,4055.0,44,5,4054.9,32,3,4054.8,50,5,4055.5,8,1,4056.0,6,1,4056.5,12,1,4056.6,67,1,4056.7,22,2
11483,2026-07-02 09:35:44+05:30,4056.5,1,4074.6,178425,81108.0,115407.0,4100.0,4110.0,4054.0,4092.6,22046500,4501.8,3683.4,4440.0,3288.1,4055.2,8,1,4055.1,60,6,4055.0,44,5,4054.9,32,3,4054.8,50,5,4055.5,8,1,4056.0,6,1,4056.5,12,1,4056.6,67,1,4056.7,22,2
11483,2026-07-02 09:35:44+05:30,4056.5,1,4074.6,178488,81960.0,115272.0,4100.0,4110.0,4054.0,4092.6,22046500,4501.8,3683.4,4440.0,3288.1,4056.0,32,3,4055.9,9,1,4055.7,24,2,4055.6,6,1,4055.5,45,3,4056.5,13,3,4056.6,67,1,4056.7,10,1,4057.0,5,1,4057.4,46,1
11483,2026-07-02 09:35:45+05:30,4056.0,12,4074.59,178520,81994.0,115350.0,4100.0,4110.0,4054.0,4092.6,22046500,4501.8,3683.4,4440.0,3288.1,4055.5,56,3,4055.3,10,1,4055.2,1,1,4055.1,80,6,4055.0,132,7,4056.0,9,1,4056.5,13,3,4056.6,67,1,4056.7,10,1,4057.0,5,1
11483,2026-07-02 09:35:46+05:30,4056.0,5,4074.59,178520,81994.0,115350.0,4100.0,4110.0,4054.0,4092.6,22046500,4501.8,3683.4,4440.0,3288.1,4055.5,56,3,4055.3,10,1,4055.2,1,1,4055.1,80,6,4055.0,132,7,4056.0,9,1,4056.5,13,3,4056.6,67,1,4056.7,10,1,4057.0,5,1
11483,2026-07-02 09:35:46+05:30,4056.0,8,4074.59,178544,82020.0,115467.0,4100.0,4110.0,4054.0,4092.6,22046500,4501.8,3683.4,4440.0,3288.1,4055.5,25,1,4055.1,12,1,4055.0,117,5,4054.9,5,1,4054.8,72,5,4056.0,31,4,4056.4,50,1,4056.5,13,3,4056.6,67,1,4056.7,10,1
11483,2026-07-02 09:35:47+05:30,4056.0,1,4074.59,178544,82020.0,115467.0,4100.0,4110.0,4054.0,4092.6,22046500,4501.8,3683.4,4440.0,3288.1,4055.5,25,1,4055.1,12,1,4055.0,117,5,4054.9,5,1,4054.8,72,5,4056.0,31,4,4056.4,50,1,4056.5,13,3,4056.6,67,1,4056.7,10,1
11483,2026-07-02 09:35:47+05:30,4055.5,4,4074.59,178549,82150.0,115480.0,4100.0,4110.0,4054.0,4092.6,22046500,4501.8,3683.4,4440.0,3288.1,4055.6,20,1,4055.5,31,2,4055.1,12,1,4055.0,117,5,4054.9,5,1,4056.0,31,5,4056.5,13,3,4056.6,67,1,4056.7,22,2,4057.0,36,3
11483,2026-07-02 09:35:48+05:30,4056.0,26,4074.59,178549,82150.0,115480.0,4100.0,4110.0,4054.0,4092.6,22046500,4501.8,3683.4,4440.0,3288.1,4055.6,20,1,4055.5,31,2,4055.1,12,1,4055.0,117,5,4054.9,5,1,4056.0,31,5,4056.5,13,3,4056.6,67,1,4056.7,22,2,4057.0,36,3
11483,2026-07-02 09:35:48+05:30,4056.0,26,4074.58,178649,82499.0,115445.0,4100.0,4110.0,4054.0,4092.6,22046500,4501.8,3683.4,4440.0,3288.1,4055.6,20,1,4055.5,31,2,4055.3,12,1,4055.1,12,1,4055.0,227,10,4056.0,19,4,4056.4,1,1,4056.5,13,3,4056.6,67,1,4056.7,10,1
11483,2026-07-02 09:35:49+05:30,4055.6,7,4074.58,178649,82499.0,115445.0,4100.0,4110.0,4054.0,4092.6,22046500,4501.8,3683.4,4440.0,3288.1,4055.6,20,1,4055.5,31,2,4055.3,12,1,4055.1,12,1,4055.0,227,10,4056.0,19,4,4056.4,1,1,4056.5,13,3,4056.6,67,1,4056.7,10,1
11483,2026-07-02 09:35:49+05:30,4056.0,1,4074.58,178661,82235.0,114792.0,4100.0,4110.0,4054.0,4092.6,22046500,4501.8,3683.4,4440.0,3288.1,4055.6,14,2,4055.5,31,2,4055.1,51,4,4055.0,227,10,4054.9,38,3,4056.0,18,4,4056.4,87,2,4056.5,52,2,4057.0,17,2,4057.1,38,2
11483,2026-07-02 09:35:50+05:30,4056.0,6,4074.58,178661,82235.0,114792.0,4100.0,4110.0,4054.0,4092.6,22046500,4501.8,3683.4,4440.0,3288.1,4055.6,14,2,4055.5,31,2,4055.1,51,4,4055.0,227,10,4054.9,38,3,4056.0,18,4,4056.4,87,2,4056.5,52,2,4057.0,17,2,4057.1,38,2
11483,2026-07-02 09:35:50+05:30,4056.0,1,4074.57,178719,82493.0,114773.0,4100.0,4110.0,4054.0,4092.6,22046500,4501.8,3683.4,4440.0,3288.1,4055.1,12,1,4055.0,227,10,4054.9,5,1,4054.8,92,6,4054.7,68,2,4056.0,13,6,4056.4,87,2,4056.5,52,2,4057.0,17,2,4057.1,66,3
11483,2026-07-02 09:35:51+05:30,4056.0,1,4074.57,178719,82493.0,114773.0,4100.0,4110.0,4054.0,4092.6,22046500,4501.8,3683.4,4440.0,3288.1,4055.1,12,1,4055.0,227,10,4054.9,5,1,4054.8,92,6,4054.7,68,2,4056.0,13,6,4056.4,87,2,4056.5,52,2,4057.0,17,2,4057.1,66,3
11483,2026-07-02 09:35:51+05:30,4056.0,132,4074.47,179726,81791.0,115270.0,4100.0,4110.0,4054.0,4092.6,22046500,4501.8,3683.4,4440.0,3288.1,4055.0,231,10,4054.8,13,1,4054.5,13,1,4054.4,1,1,4054.2,30,3,4056.3,85,8,4056.4,103,4,4056.5,87,4,4056.6,19,2,4056.7,10,1
11483,2026-07-02 09:35:52+05:30,4055.9,3,4074.47,179726,81791.0,115270.0,4100.0,4110.0,4054.0,4092.6,22046500,4501.8,3683.4,4440.0,3288.1,4055.0,231,10,4054.8,13,1,4054.5,13,1,4054.4,1,1,4054.2,30,3,4056.3,85,8,4056.4,103,4,4056.5,87,4,4056.6,19,2,4056.7,10,1
11483,2026-07-02 09:35:52+05:30,4056.0,5,4074.46,179846,82404.0,115816.0,4100.0,4110.0,4054.0,4092.6,22046500,4501.8,3683.4,4440.0,3288.1,4055.1,100,1,4055.0,281,12,4054.8,13,1,4054.5,13,1,4054.4,13,2,4056.0,11,2,4056.2,38,1,4056.3,30,3,4056.4,87,2,4056.5,95,4
11483,2026-07-02 09:35:53+05:30,4056.0,5,4074.46,179846,82404.0,115816.0,4100.0,4110.0,4054.0,4092.6,22046500,4501.8,3683.4,4440.0,3288.1,4055.1,100,1,4055.0,281,12,4054.8,13,1,4054.5,13,1,4054.4,13,2,4056.0,11,2,4056.2,38,1,4056.3,30,3,4056.4,87,2,4056.5,95,4
11483,2026-07-02 09:35:53+05:30,4056.0,5,4074.46,179851,82462.0,115967.0,4100.0,4110.0,4054.0,4092.6,22046500,4501.8,3683.4,4440.0,3288.1,4055.1,100,1,4055.0,281,12,4054.8,13,1,4054.5,13,1,4054.4,25,3,4056.0,9,5,4056.2,4,1,4056.3,30,3,4056.4,87,2,4056.5,95,4
11483,2026-07-02 09:35:54+05:30,4056.0,5,4074.46,179851,82462.0,115967.0,4100.0,4110.0,4054.0,4092.6,22046500,4501.8,3683.4,4440.0,3288.1,4055.1,100,1,4055.0,281,12,4054.8,13,1,4054.5,13,1,4054.4,25,3,4056.0,9,5,4056.2,4,1,4056.3,30,3,4056.4,87,2,4056.5,95,4
11483,2026-07-02 09:35:55+05:30,4056.0,1,4074.46,179854,82492.0,115973.0,4100.0,4110.0,4054.0,4092.6,22046500,4501.8,3683.4,4440.0,3288.1,4055.5,7,1,4055.4,50,1,4055.1,100,1,4055.0,281,12,4054.8,13,1,4056.0,21,6,4056.2,4,1,4056.3,25,2,4056.4,87,2,4056.5,52,2
11483,2026-07-02 09:35:55+05:30,4056.0,1,4074.46,179854,82492.0,115973.0,4100.0,4110.0,4054.0,4092.6,22046500,4501.8,3683.4,4440.0,3288.1,4055.5,7,1,4055.4,50,1,4055.1,100,1,4055.0,281,12,4054.8,13,1,4056.0,21,6,4056.2,4,1,4056.3,25,2,4056.4,87,2,4056.5,52,2
11483,2026-07-02 09:35:56+05:30,4055.1,16,4074.46,179854,82492.0,115973.0,4100.0,4110.0,4054.0,4092.6,22046500,4501.8,3683.4,4440.0,3288.1,4055.5,7,1,4055.4,50,1,4055.1,100,1,4055.0,281,12,4054.8,13,1,4056.0,21,6,4056.2,4,1,4056.3,25,2,4056.4,87,2,4056.5,52,2
11483,2026-07-02 09:35:56+05:30,4055.1,16,4074.44,180027,82552.0,115969.0,4100.0,4110.0,4054.0,4092.6,22046500,4501.8,3683.4,4440.0,3288.1,4055.5,9,1,4055.0,281,12,4054.8,13,1,4054.5,12,1,4054.4,1,1,4056.0,19,6,4056.1,8,1,4056.2,10,1,4056.3,74,5,4056.4,86,1
11483,2026-07-02 09:35:57+05:30,4056.0,2,4074.44,180027,82552.0,115969.0,4100.0,4110.0,4054.0,4092.6,22046500,4501.8,3683.4,4440.0,3288.1,4055.5,9,1,4055.0,281,12,4054.8,13,1,4054.5,12,1,4054.4,1,1,4056.0,19,6,4056.1,8,1,4056.2,10,1,4056.3,74,5,4056.4,86,1
11483,2026-07-02 09:35:57+05:30,4056.0,2,4074.43,180104,82681.0,115814.0,4100.0,4110.0,4054.0,4092.6,22046500,4501.8,3683.4,4440.0,3288.1,4055.0,781,13,4054.5,44,3,4054.4,1,1,4054.3,15,1,4054.2,41,4,4056.0,1,1,4056.3,37,4,4056.4,86,1,4056.5,66,3,4056.6,15,1
11483,2026-07-02 09:35:58+05:30,4053.8,1,4074.43,180104,82681.0,115814.0,4100.0,4110.0,4054.0,4092.6,22046500,4501.8,3683.4,4440.0,3288.1,4055.0,781,13,4054.5,44,3,4054.4,1,1,4054.3,15,1,4054.2,41,4,4056.0,1,1,4056.3,37,4,4056.4,86,1,4056.5,66,3,4056.6,15,1
11483,2026-07-02 09:35:58+05:30,4051.0,20,4073.9,184549,74877.0,118611.0,4100.0,4110.0,4051.0,4092.6,22046500,4501.8,3683.4,4440.0,3288.1,4050.9,11,2,4050.8,1,1,4050.6,2,2,4050.5,73,6,4050.4,18,2,4051.4,49,4,4051.5,36,3,4051.6,12,1,4051.7,19,2,4051.8,24,2
11483,2026-07-02 09:35:59+05:30,4051.0,5,4073.9,184549,74877.0,118611.0,4100.0,4110.0,4051.0,4092.6,22046500,4501.8,3683.4,4440.0,3288.1,4050.9,11,2,4050.8,1,1,4050.6,2,2,4050.5,73,6,4050.4,18,2,4051.4,49,4,4051.5,36,3,4051.6,12,1,4051.7,19,2,4051.8,24,2
11483,2026-07-02 09:35:59+05:30,4051.0,5,4073.85,184995,75662.0,117877.0,4100.0,4110.0,4050.9,4092.6,22046500,4501.8,3683.4,4440.0,3288.1,4050.9,4,2,4050.8,1,1,4050.6,2,2,4050.5,73,6,4050.4,5,1,4051.0,78,6,4051.4,12,2,4051.9,12,2,4052.0,19,2,4052.1,2,1
11483,2026-07-02 09:36:00+05:30,4051.4,11,4073.85,184995,75662.0,117877.0,4100.0,4110.0,4050.9,4092.6,22046500,4501.8,3683.4,4440.0,3288.1,4050.9,4,2,4050.8,1,1,4050.6,2,2,4050.5,73,6,4050.4,5,1,4051.0,78,6,4051.4,12,2,4051.9,12,2,4052.0,19,2,4052.1,2,1
11483,2026-07-02 09:36:00+05:30,4051.5,5,4073.79,185489,75140.0,116764.0,4100.0,4110.0,4050.5,4092.6,22046500,4501.8,3683.4,4440.0,3288.1,4051.4,24,2,4051.3,16,2,4051.2,17,2,4051.1,17,2,4051.0,13,1,4052.4,18,1,4052.5,12,1,4052.6,51,4,4052.7,18,1,4052.9,50,2
11483,2026-07-02 09:36:01+05:30,4052.6,1,4073.79,185489,75140.0,116764.0,4100.0,4110.0,4050.5,4092.6,22046500,4501.8,3683.4,4440.0,3288.1,4051.4,24,2,4051.3,16,2,4051.2,17,2,4051.1,17,2,4051.0,13,1,4052.4,18,1,4052.5,12,1,4052.6,51,4,4052.7,18,1,4052.9,50,2
11483,2026-07-02 09:36:01+05:30,4052.6,1,4073.78,185548,75927.0,116873.0,4100.0,4110.0,4050.5,4092.6,22046500,4501.8,3683.4,4440.0,3288.1,4052.0,2,2,4051.0,23,2,4050.8,13,2,4050.7,56,1,4050.6,32,3,4052.5,2,1,4052.6,33,6,4052.7,8,1,4052.8,9,1,4053.0,45,4
11483,2026-07-02 09:36:02+05:30,4052.5,5,4073.78,185565,75603.0,116750.0,4100.0,4110.0,4050.5,4092.6,22046500,4501.8,3683.4,4440.0,3288.1,4051.2,12,1,4051.0,29,3,4050.8,13,2,4050.7,31,2,4050.6,53,4,4052.0,2,2,4052.5,12,3,4052.6,13,4,4052.7,8,1,4052.8,22,2
11483,2026-07-02 09:36:03+05:30,4051.2,4,4073.78,185565,75603.0,116750.0,4100.0,4110.0,4050.5,4092.6,22046500,4501.8,3683.4,4440.0,3288.1,4051.2,12,1,4051.0,29,3,4050.8,13,2,4050.7,31,2,4050.6,53,4,4052.0,2,2,4052.5,12,3,4052.6,13,4,4052.7,8,1,4052.8,22,2
11483,2026-07-02 09:36:03+05:30,4052.0,1,4073.78,185573,75564.0,116662.0,4100.0,4110.0,4050.5,4092.6,22046500,4501.8,3683.4,4440.0,3288.1,4051.2,15,1,4051.1,22,2,4051.0,40,3,4050.9,9,1,4050.8,13,2,4052.0,1,1,4052.5,4,4,4052.6,13,4,4052.8,22,2,4053.0,13,1
11483,2026-07-02 09:36:04+05:30,4052.0,1,4073.78,185573,75564.0,116662.0,4100.0,4110.0,4050.5,4092.6,22046500,4501.8,3683.4,4440.0,3288.1,4051.2,15,1,4051.1,22,2,4051.0,40,3,4050.9,9,1,4050.8,13,2,4052.0,1,1,4052.5,4,4,4052.6,13,4,4052.8,22,2,4053.0,13,1
11483,2026-07-02 09:36:04+05:30,4052.5,1,4073.78,185579,75720.0,116658.0,4100.0,4110.0,4050.5,4092.6,22046500,4501.8,3683.4,4440.0,3288.1,4051.4,42,4,4051.3,1,1,4051.2,16,2,4051.1,49,3,4051.0,48,3,4052.5,2,2,4052.6,13,4,4052.8,13,1,4053.1,12,1,4053.3,8,2
11483,2026-07-02 09:36:04+05:30,4052.5,1,4073.78,185579,75720.0,116658.0,4100.0,4110.0,4050.5,4092.6,22046500,4501.8,3683.4,4440.0,3288.1,4051.4,42,4,4051.3,1,1,4051.2,16,2,4051.1,49,3,4051.0,48,3,4052.5,2,2,4052.6,13,4,4052.8,13,1,4053.1,12,1,4053.3,8,2
11483,2026-07-02 09:36:05+05:30,4052.5,1,4073.78,185579,75720.0,116658.0,4100.0,4110.0,4050.5,4092.6,22046500,4501.8,3683.4,4440.0,3288.1,4051.4,42,4,4051.3,1,1,4051.2,16,2,4051.1,49,3,4051.0,48,3,4052.5,2,2,4052.6,13,4,4052.8,13,1,4053.1,12,1,4053.3,8,2
11483,2026-07-02 09:36:05+05:30,4052.5,1,4073.78,185579,75720.0,116658.0,4100.0,4110.0,4050.5,4092.6,22046500,4501.8,3683.4,4440.0,3288.1,4051.4,42,4,4051.3,1,1,4051.2,16,2,4051.1,49,3,4051.0,48,3,4052.5,2,2,4052.6,13,4,4052.8,13,1,4053.1,12,1,4053.3,8,2
11483,2026-07-02 09:36:05+05:30,4051.2,2,4073.78,185583,75516.0,116723.0,4100.0,4110.0,4050.5,4092.6,22046500,4501.8,3683.4,4440.0,3288.1,4051.2,12,2,4051.0,22,2,4050.8,13,2,4050.7,12,1,4050.6,29,3,4052.5,13,4,4052.6,23,5,4052.7,35,2,4052.8,25,2,4052.9,23,1
11483,2026-07-02 09:36:05+05:30,4051.2,2,4073.78,185583,75516.0,116723.0,4100.0,4110.0,4050.5,4092.6,22046500,4501.8,3683.4,4440.0,3288.1,4051.2,12,2,4051.0,22,2,4050.8,13,2,4050.7,12,1,4050.6,29,3,4052.5,13,4,4052.6,23,5,4052.7,35,2,4052.8,25,2,4052.9,23,1
11483,2026-07-02 09:36:06+05:30,4052.5,1,4073.78,185583,75516.0,116723.0,4100.0,4110.0,4050.5,4092.6,22046500,4501.8,3683.4,4440.0,3288.1,4051.2,12,2,4051.0,22,2,4050.8,13,2,4050.7,12,1,4050.6,29,3,4052.5,13,4,4052.6,23,5,4052.7,35,2,4052.8,25,2,4052.9,23,1
11483,2026-07-02 09:36:06+05:30,4052.5,1,4073.78,185583,75516.0,116723.0,4100.0,4110.0,4050.5,4092.6,22046500,4501.8,3683.4,4440.0,3288.1,4051.2,12,2,4051.0,22,2,4050.8,13,2,4050.7,12,1,4050.6,29,3,4052.5,13,4,4052.6,23,5,4052.7,35,2,4052.8,25,2,4052.9,23,1
11483,2026-07-02 09:36:06+05:30,4051.2,1,4073.77,185608,75424.0,116474.0,4100.0,4110.0,4050.5,4092.6,22046500,4501.8,3683.4,4440.0,3288.1,4051.2,53,3,4051.1,14,2,4051.0,43,4,4050.9,25,1,4050.8,35,4,4052.5,1,1,4052.6,20,2,4052.8,12,1,4053.1,49,2,4053.2,66,2
11483,2026-07-02 09:36:07+05:30,4051.2,1,4073.77,185608,75424.0,116474.0,4100.0,4110.0,4050.5,4092.6,22046500,4501.8,3683.4,4440.0,3288.1,4051.2,53,3,4051.1,14,2,4051.0,43,4,4050.9,25,1,4050.8,35,4,4052.5,1,1,4052.6,20,2,4052.8,12,1,4053.1,49,2,4053.2,66,2
11483,2026-07-02 09:36:07+05:30,4051.2,1,4073.77,185608,75424.0,116474.0,4100.0,4110.0,4050.5,4092.6,22046500,4501.8,3683.4,4440.0,3288.1,4051.2,53,3,4051.1,14,2,4051.0,43,4,4050.9,25,1,4050.8,35,4,4052.5,1,1,4052.6,20,2,4052.8,12,1,4053.1,49,2,4053.2,66,2
11483,2026-07-02 09:36:07+05:30,4051.3,26,4073.76,185709,76039.0,115808.0,4100.0,4110.0,4050.5,4092.6,22046500,4501.8,3683.4,4440.0,3288.1,4051.5,12,1,4051.4,18,1,4051.2,46,3,4051.1,81,3,4051.0,180,8,4052.6,20,2,4053.1,12,1,4053.4,14,1,4053.5,62,3,4053.6,39,2
11483,2026-07-02 09:36:08+05:30,4051.3,26,4073.76,185709,76039.0,115808.0,4100.0,4110.0,4050.5,4092.6,22062425,4501.8,3683.4,4440.0,3288.1,4051.5,12,1,4051.4,18,1,4051.2,46,3,4051.1,81,3,4051.0,180,8,4052.6,20,2,4053.1,12,1,4053.4,14,1,4053.5,62,3,4053.6,39,2
11483,2026-07-02 09:36:08+05:30,4051.5,10,4073.76,185709,76039.0,115808.0,4100.0,4110.0,4050.5,4092.6,22062425,4501.8,3683.4,4440.0,3288.1,4051.5,12,1,4051.4,18,1,4051.2,46,3,4051.1,81,3,4051.0,180,8,4052.6,20,2,4053.1,12,1,4053.4,14,1,4053.5,62,3,4053.6,39,2
11483,2026-07-02 09:36:08+05:30,4051.5,10,4073.76,185709,76039.0,115808.0,4100.0,4110.0,4050.5,4092.6,22062425,4501.8,3683.4,4440.0,3288.1,4051.5,12,1,4051.4,18,1,4051.2,46,3,4051.1,81,3,4051.0,180,8,4052.6,20,2,4053.1,12,1,4053.4,14,1,4053.5,62,3,4053.6,39,2
11483,2026-07-02 09:36:08+05:30,4052.6,3,4073.76,185747,76533.0,116333.0,4100.0,4110.0,4050.5,4092.6,22062425,4501.8,3683.4,4440.0,3288.1,4051.5,2,1,4051.4,15,1,4051.3,49,1,4051.2,85,4,4051.1,1,1,4052.6,10,4,4053.0,25,1,4053.1,42,2,4053.3,57,2,4053.4,6,1
11483,2026-07-02 09:36:09+05:30,4052.6,3,4073.76,185747,76533.0,116333.0,4100.0,4110.0,4050.5,4092.6,22062425,4501.8,3683.4,4440.0,3288.1,4051.5,2,1,4051.4,15,1,4051.3,49,1,4051.2,85,4,4051.1,1,1,4052.6,10,4,4053.0,25,1,4053.1,42,2,4053.3,57,2,4053.4,6,1
11483,2026-07-02 09:36:09+05:30,4050.0,4,4073.76,185747,76533.0,116333.0,4100.0,4110.0,4050.5,4092.6,22062425,4501.8,3683.4,4440.0,3288.1,4051.5,2,1,4051.4,15,1,4051.3,49,1,4051.2,85,4,4051.1,1,1,4052.6,10,4,4053.0,25,1,4053.1,42,2,4053.3,57,2,4053.4,6,1
11483,2026-07-02 09:36:09+05:30,4050.0,4,4073.76,185747,76533.0,116333.0,4100.0,4110.0,4050.5,4092.6,22062425,4501.8,3683.4,4440.0,3288.1,4051.5,2,1,4051.4,15,1,4051.3,49,1,4051.2,85,4,4051.1,1,1,4052.6,10,4,4053.0,25,1,4053.1,42,2,4053.3,57,2,4053.4,6,1
11483,2026-07-02 09:36:09+05:30,4051.3,1,4073.54,187486,71535.0,120832.0,4100.0,4110.0,4050.0,4092.6,22062425,4501.8,3683.4,4440.0,3288.1,4050.0,4323,265,4049.9,26,2,4049.7,1,1,4049.5,4,1,4049.3,2,1,4050.9,12,1,4051.0,33,3,4051.1,43,4,4051.2,55,5,4051.3,105,8
11483,2026-07-02 09:36:10+05:30,4050.9,1,4073.54,187486,71535.0,120832.0,4100.0,4110.0,4050.0,4092.6,22062425,4501.8,3683.4,4440.0,3288.1,4050.0,4323,265,4049.9,26,2,4049.7,1,1,4049.5,4,1,4049.3,2,1,4050.9,12,1,4051.0,33,3,4051.1,43,4,4051.2,55,5,4051.3,105,8
11483,2026-07-02 09:36:10+05:30,4050.9,5,4073.54,187502,72406.0,120142.0,4100.0,4110.0,4050.0,4092.6,22062425,4501.8,3683.4,4440.0,3288.1,4050.1,10,1,4050.0,4324,266,4049.9,26,2,4049.7,1,1,4049.5,4,1,4050.9,1,1,4051.3,67,8,4051.4,175,1,4051.5,20,1,4051.6,41,1
11483,2026-07-02 09:36:11+05:30,4050.9,5,4073.54,187502,72406.0,120142.0,4100.0,4110.0,4050.0,4092.6,22062425,4501.8,3683.4,4440.0,3288.1,4050.1,10,1,4050.0,4324,266,4049.9,26,2,4049.7,1,1,4049.5,4,1,4050.9,1,1,4051.3,67,8,4051.4,175,1,4051.5,20,1,4051.6,41,1
11483,2026-07-02 09:36:11+05:30,4051.2,50,4073.47,188104,72861.0,120416.0,4100.0,4110.0,4050.0,4092.6,22062425,4501.8,3683.4,4440.0,3288.1,4050.0,4240,267,4049.9,26,2,4049.7,1,1,4049.6,25,1,4049.5,4,1,4051.2,395,1,4051.3,42,5,4051.4,187,2,4051.5,61,2,4051.7,10,1
11483,2026-07-02 09:36:12+05:30,4050.0,44,4073.47,188104,72861.0,120416.0,4100.0,4110.0,4050.0,4092.6,22062425,4501.8,3683.4,4440.0,3288.1,4050.0,4240,267,4049.9,26,2,4049.7,1,1,4049.6,25,1,4049.5,4,1,4051.2,395,1,4051.3,42,5,4051.4,187,2,4051.5,61,2,4051.7,10,1
11483,2026-07-02 09:36:12+05:30,4050.7,1,4073.2,190292,70715.0,121335.0,4100.0,4110.0,4050.0,4092.6,22062425,4501.8,3683.4,4440.0,3288.1,4050.0,2073,139,4049.9,26,2,4049.7,1,1,4049.5,4,1,4049.3,2,1,4050.7,68,7,4050.8,44,3,4050.9,56,4,4051.0,60,3,4051.1,56,4
11483,2026-07-02 09:36:13+05:30,4050.6,1,4073.2,190292,70715.0,121335.0,4100.0,4110.0,4050.0,4092.6,22062425,4501.8,3683.4,4440.0,3288.1,4050.0,2073,139,4049.9,26,2,4049.7,1,1,4049.5,4,1,4049.3,2,1,4050.7,68,7,4050.8,44,3,4050.9,56,4,4051.0,60,3,4051.1,56,4
11483,2026-07-02 09:36:13+05:30,4048.5,1,4072.93,192543,68928.0,122072.0,4100.0,4110.0,4048.0,4092.6,22062425,4501.8,3683.4,4440.0,3288.1,4048.0,48,12,4047.0,28,3,4046.8,424,4,4046.7,33,2,4046.5,62,2,4048.5,14,2,4048.6,15,2,4048.7,17,2,4048.8,787,4,4049.0,9,1
11483,2026-07-02 09:36:14+05:30,4048.5,1,4072.93,192543,68928.0,122072.0,4100.0,4110.0,4048.0,4092.6,22062425,4501.8,3683.4,4440.0,3288.1,4048.0,48,12,4047.0,28,3,4046.8,424,4,4046.7,33,2,4046.5,62,2,4048.5,14,2,4048.6,15,2,4048.7,17,2,4048.8,787,4,4049.0,9,1
11483,2026-07-02 09:36:14+05:30,4048.0,2,4072.91,192687,69047.0,121675.0,4100.0,4110.0,4048.0,4092.6,22062425,4501.8,3683.4,4440.0,3288.1,4047.2,6,1,4047.1,42,3,4047.0,16,3,4046.8,400,2,4046.7,45,3,4048.0,27,2,4048.5,19,4,4048.6,9,1,4048.7,62,1,4048.8,741,2
11483,2026-07-02 09:36:15+05:30,4047.2,8,4072.91,192687,69047.0,121675.0,4100.0,4110.0,4048.0,4092.6,22062425,4501.8,3683.4,4440.0,3288.1,4047.2,6,1,4047.1,42,3,4047.0,16,3,4046.8,400,2,4046.7,45,3,4048.0,27,2,4048.5,19,4,4048.6,9,1,4048.7,62,1,4048.8,741,2
11483,2026-07-02 09:36:15+05:30,4048.0,1,4072.87,192984,70519.0,122036.0,4100.0,4110.0,4047.1,4092.6,22062425,4501.8,3683.4,4440.0,3288.1,4048.0,3,1,4047.9,46,4,4047.8,3,3,4047.7,4,1,4047.6,12,1,4048.5,19,4,4048.6,13,1,4048.8,741,2,4049.8,12,1,4050.0,14,2
11483,2026-07-02 09:36:16+05:30,4048.0,1,4072.87,192984,70519.0,122036.0,4100.0,4110.0,4047.1,4092.6,22062425,4501.8,3683.4,4440.0,3288.1,4048.0,3,1,4047.9,46,4,4047.8,3,3,4047.7,4,1,4047.6,12,1,4048.5,19,4,4048.6,13,1,4048.8,741,2,4049.8,12,1,4050.0,14,2
11483,2026-07-02 09:36:16+05:30,4047.9,6,4072.84,193172,70384.0,121514.0,4100.0,4110.0,4047.1,4092.6,22062425,4501.8,3683.4,4440.0,3288.1,4047.8,55,7,4047.6,13,1,4047.4,9,1,4047.3,47,4,4047.2,44,4,4048.5,37,4,4048.6,13,1,4048.8,741,2,4049.9,6,1,4050.0,26,3
11483,2026-07-02 09:36:17+05:30,4047.9,1,4072.84,193172,70384.0,121514.0,4100.0,4110.0,4047.1,4092.6,22062425,4501.8,3683.4,4440.0,3288.1,4047.8,55,7,4047.6,13,1,4047.4,9,1,4047.3,47,4,4047.2,44,4,4048.5,37,4,4048.6,13,1,4048.8,741,2,4049.9,6,1,4050.0,26,3
11483,2026-07-02 09:36:17+05:30,4048.0,24,4072.8,193498,70632.0,121960.0,4100.0,4110.0,4047.1,4092.6,22062425,4501.8,3683.4,4440.0,3288.1,4047.8,42,5,4047.6,5,1,4047.4,5,1,4047.3,23,3,4047.2,44,4,4048.0,32,2,4048.5,31,4,4048.6,13,1,4048.7,68,1,4048.8,808,3
11483,2026-07-02 09:36:18+05:30,4048.0,24,4072.8,193498,70632.0,121960.0,4100.0,4110.0,4047.1,4092.6,22062425,4501.8,3683.4,4440.0,3288.1,4047.8,42,5,4047.6,5,1,4047.4,5,1,4047.3,23,3,4047.2,44,4,4048.0,32,2,4048.5,31,4,4048.6,13,1,4048.7,68,1,4048.8,808,3
11483,2026-07-02 09:36:18+05:30,4046.8,2,4072.79,193595,70313.0,122682.0,4100.0,4110.0,4046.8,4092.6,22062425,4501.8,3683.4,4440.0,3288.1,4046.8,423,4,4046.7,11,1,4046.5,75,2,4046.4,12,1,4046.1,57,5,4047.8,3,3,4048.0,33,5,4048.5,60,7,4048.6,23,1,4048.7,149,2
11483,2026-07-02 09:36:19+05:30,4047.8,1,4072.79,193595,70313.0,122682.0,4100.0,4110.0,4046.8,4092.6,22062425,4501.8,3683.4,4440.0,3288.1,4046.8,423,4,4046.7,11,1,4046.5,75,2,4046.4,12,1,4046.1,57,5,4047.8,3,3,4048.0,33,5,4048.5,60,7,4048.6,23,1,4048.7,149,2
11483,2026-07-02 09:36:19+05:30,4048.5,1,4072.7,194297,71188.0,122151.0,4100.0,4110.0,4046.8,4092.6,22062425,4501.8,3683.4,4440.0,3288.1,4048.0,100,1,4047.1,60,2,4047.0,148,4,4046.9,93,3,4046.8,244,3,4048.5,6,3,4048.7,149,2,4048.8,1313,4,4049.3,12,1,4049.5,48,2
11483,2026-07-02 09:36:20+05:30,4048.5,1,4072.7,194297,71188.0,122151.0,4100.0,4110.0,4046.8,4092.6,22062425,4501.8,3683.4,4440.0,3288.1,4048.0,100,1,4047.1,60,2,4047.0,148,4,4046.9,93,3,4046.8,244,3,4048.5,6,3,4048.7,149,2,4048.8,1313,4,4049.3,12,1,4049.5,48,2
11483,2026-07-02 09:36:20+05:30,4048.5,1,4072.69,194378,71260.0,122073.0,4100.0,4110.0,4046.8,4092.6,22062425,4501.8,3683.4,4440.0,3288.1,4048.0,100,1,4047.1,72,3,4047.0,148,4,4046.9,93,3,4046.8,268,5,4048.5,7,2,4048.7,149,2,4048.8,1313,4,4049.4,6,1,4049.5,42,1
11483,2026-07-02 09:36:21+05:30,4048.5,1,4072.69,194378,71260.0,122073.0,4100.0,4110.0,4046.8,4092.6,22062425,4501.8,3683.4,4440.0,3288.1,4048.0,100,1,4047.1,72,3,4047.0,148,4,4046.9,93,3,4046.8,268,5,4048.5,7,2,4048.7,149,2,4048.8,1313,4,4049.4,6,1,4049.5,42,1
11483,2026-07-02 09:36:21+05:30,4048.7,10,4072.67,194500,70935.0,121781.0,4100.0,4110.0,4046.8,4092.6,22062425,4501.8,3683.4,4440.0,3288.1,4048.0,100,1,4047.9,5,1,4047.8,13,2,4047.3,23,2,4047.2,106,4,4048.7,147,3,4048.8,1313,4,4049.7,23,1,4049.8,11,1,4049.9,109,3
11483,2026-07-02 09:36:22+05:30,4048.7,5,4072.67,194500,70935.0,121781.0,4100.0,4110.0,4046.8,4092.6,22062425,4501.8,3683.4,4440.0,3288.1,4048.0,100,1,4047.9,5,1,4047.8,13,2,4047.3,23,2,4047.2,106,4,4048.7,147,3,4048.8,1313,4,4049.7,23,1,4049.8,11,1,4049.9,109,3
11483,2026-07-02 09:36:23+05:30,4048.0,5,4072.67,194548,71357.0,122053.0,4100.0,4110.0,4046.8,4092.6,22062425,4501.8,3683.4,4440.0,3288.1,4048.1,75,1,4048.0,80,2,4047.9,30,2,4047.8,1,1,4047.6,12,1,4048.7,134,5,4048.8,1331,5,4049.7,12,1,4049.8,11,1,4049.9,83,2
11483,2026-07-02 09:36:23+05:30,4048.1,1,4072.67,194548,71357.0,122053.0,4100.0,4110.0,4046.8,4092.6,22062425,4501.8,3683.4,4440.0,3288.1,4048.1,75,1,4048.0,80,2,4047.9,30,2,4047.8,1,1,4047.6,12,1,4048.7,134,5,4048.8,1331,5,4049.7,12,1,4049.8,11,1,4049.9,83,2
11483,2026-07-02 09:36:24+05:30,4048.7,17,4072.67,194548,71357.0,122053.0,4100.0,4110.0,4046.8,4092.6,22062425,4501.8,3683.4,4440.0,3288.1,4048.1,75,1,4048.0,80,2,4047.9,30,2,4047.8,1,1,4047.6,12,1,4048.7,134,5,4048.8,1331,5,4049.7,12,1,4049.8,11,1,4049.9,83,2
11483,2026-07-02 09:36:24+05:30,4048.7,17,4072.66,194591,71519.0,122185.0,4100.0,4110.0,4046.8,4092.6,22062425,4501.8,3683.4,4440.0,3288.1,4048.5,91,1,4048.2,20,1,4048.1,73,1,4048.0,76,3,4047.9,30,2,4048.7,175,7,4048.8,1331,5,4049.7,12,1,4049.9,83,2,4050.0,63,4
11483,2026-07-02 09:36:25+05:30,4048.7,1,4072.66,194591,71519.0,122185.0,4100.0,4110.0,4046.8,4092.6,22062425,4501.8,3683.4,4440.0,3288.1,4048.5,91,1,4048.2,20,1,4048.1,73,1,4048.0,76,3,4047.9,30,2,4048.7,175,7,4048.8,1331,5,4049.7,12,1,4049.9,83,2,4050.0,63,4
11483,2026-07-02 09:36:25+05:30,4048.7,1,4072.66,194643,71376.0,122683.0,4100.0,4110.0,4046.8,4092.6,22062425,4501.8,3683.4,4440.0,3288.1,4048.5,51,1,4048.2,20,1,4048.1,73,1,4048.0,70,2,4047.9,25,1,4048.7,213,8,4048.8,1331,5,4049.1,11,1,4049.2,10,1,4049.3,11,1
11483,2026-07-02 09:36:26+05:30,4048.0,1,4072.66,194643,71376.0,122683.0,4100.0,4110.0,4046.8,4092.6,22062425,4501.8,3683.4,4440.0,3288.1,4048.5,51,1,4048.2,20,1,4048.1,73,1,4048.0,70,2,4047.9,25,1,4048.7,213,8,4048.8,1331,5,4049.1,11,1,4049.2,10,1,4049.3,11,1
11483,2026-07-02 09:36:26+05:30,4048.0,66,4072.58,195240,70569.0,123032.0,4100.0,4110.0,4046.8,4092.6,22062425,4501.8,3683.4,4440.0,3288.1,4047.9,26,2,4047.8,3,2,4047.4,12,1,4047.2,10,1,4047.1,21,2,4048.0,170,3,4048.7,213,9,4048.8,1331,5,4049.3,11,1,4049.5,6,1
11483,2026-07-02 09:36:27+05:30,4047.9,5,4072.58,195240,70569.0,123032.0,4100.0,4110.0,4046.8,4092.6,22062425,4501.8,3683.4,4440.0,3288.1,4047.9,26,2,4047.8,3,2,4047.4,12,1,4047.2,10,1,4047.1,21,2,4048.0,170,3,4048.7,213,9,4048.8,1331,5,4049.3,11,1,4049.5,6,1
11483,2026-07-02 09:36:27+05:30,4047.8,10,4072.51,195832,69143.0,122713.0,4100.0,4110.0,4046.8,4092.6,22062425,4501.8,3683.4,4440.0,3288.1,4047.0,15,1,4046.8,202,2,4046.7,11,1,4046.5,55,2,4046.2,1,1,4047.8,3,1,4047.9,57,8,4048.0,37,9,4048.1,12,1,4048.2,19,1
11483,2026-07-02 09:36:28+05:30,4047.9,10,4072.51,195832,69143.0,122713.0,4100.0,4110.0,4046.8,4092.6,22062425,4501.8,3683.4,4440.0,3288.1,4047.0,15,1,4046.8,202,2,4046.7,11,1,4046.5,55,2,4046.2,1,1,4047.8,3,1,4047.9,57,8,4048.0,37,9,4048.1,12,1,4048.2,19,1
11483,2026-07-02 09:36:28+05:30,4048.0,1,4072.48,196061,69926.0,123545.0,4100.0,4110.0,4046.8,4092.6,22062425,4501.8,3683.4,4440.0,3288.1,4046.8,202,2,4046.7,11,1,4046.5,88,2,4046.3,12,1,4046.2,1,1,4048.0,267,10,4048.2,19,1,4048.3,36,2,4048.4,58,3,4048.5,56,3
11483,2026-07-02 09:36:29+05:30,4046.8,4,4072.48,196061,69926.0,123545.0,4100.0,4110.0,4046.8,4092.6,22062425,4501.8,3683.4,4440.0,3288.1,4046.8,202,2,4046.7,11,1,4046.5,88,2,4046.3,12,1,4046.2,1,1,4048.0,267,10,4048.2,19,1,4048.3,36,2,4048.4,58,3,4048.5,56,3
11483,2026-07-02 09:36:29+05:30,4046.8,1,4072.48,196069,69971.0,123610.0,4100.0,4110.0,4046.8,4092.6,22062425,4501.8,3683.4,4440.0,3288.1,4046.8,195,1,4046.7,11,1,4046.5,50,1,4046.2,21,2,4046.1,10,1,4047.8,13,1,4047.9,37,3,4048.0,322,11,4048.1,24,1,4048.2,39,2
11483,2026-07-02 09:36:30+05:30,4047.9,1,4072.48,196069,69971.0,123610.0,4100.0,4110.0,4046.8,4092.6,22062425,4501.8,3683.4,4440.0,3288.1,4046.8,195,1,4046.7,11,1,4046.5,50,1,4046.2,21,2,4046.1,10,1,4047.8,13,1,4047.9,37,3,4048.0,322,11,4048.1,24,1,4048.2,39,2
11483,2026-07-02 09:36:30+05:30,4047.9,1,4072.46,196221,69986.0,124215.0,4100.0,4110.0,4046.8,4092.6,22062425,4501.8,3683.4,4440.0,3288.1,4047.0,15,2,4046.8,195,1,4046.7,11,1,4046.5,50,1,4046.2,21,2,4047.9,527,5,4048.0,285,12,4048.1,79,2,4048.2,20,1,4048.3,36,2
11483,2026-07-02 09:36:31+05:30,4047.0,14,4072.46,196221,69986.0,124215.0,4100.0,4110.0,4046.8,4092.6,22062425,4501.8,3683.4,4440.0,3288.1,4047.0,15,2,4046.8,195,1,4046.7,11,1,4046.5,50,1,4046.2,21,2,4047.9,527,5,4048.0,285,12,4048.1,79,2,4048.2,20,1,4048.3,36,2
11483,2026-07-02 09:36:31+05:30,4047.0,8,4072.45,196303,70533.0,124108.0,4100.0,4110.0,4046.8,4092.6,22062425,4501.8,3683.4,4440.0,3288.1,4047.0,12,1,4046.8,196,2,4046.7,23,2,4046.5,50,1,4046.4,89,3,4047.9,505,5,4048.0,254,7,4048.1,24,1,4048.2,20,1,4048.3,18,1
11483,2026-07-02 09:36:32+05:30,4047.0,3,4072.45,196303,70533.0,124108.0,4100.0,4110.0,4046.8,4092.6,22062425,4501.8,3683.4,4440.0,3288.1,4047.0,12,1,4046.8,196,2,4046.7,23,2,4046.5,50,1,4046.4,89,3,4047.9,505,5,4048.0,254,7,4048.1,24,1,4048.2,20,1,4048.3,18,1
11483,2026-07-02 09:36:32+05:30,4047.0,326,4072.19,198272,70942.0,122667.0,4100.0,4110.0,4046.0,4092.6,22062425,4501.8,3683.4,4440.0,3288.1,4047.1,53,5,4047.0,24,4,4046.9,28,2,4046.8,34,4,4046.7,70,6,4047.8,3,1,4047.9,14,3,4048.0,235,4,4048.7,119,2,4048.8,1343,6
11483,2026-07-02 09:36:33+05:30,4048.0,10,4072.19,198272,70942.0,122667.0,4100.0,4110.0,4046.0,4092.6,22062425,4501.8,3683.4,4440.0,3288.1,4047.1,53,5,4047.0,24,4,4046.9,28,2,4046.8,34,4,4046.7,70,6,4047.8,3,1,4047.9,14,3,4048.0,235,4,4048.7,119,2,4048.8,1343,6
11483,2026-07-02 09:36:33+05:30,4048.0,4,4072.14,198648,71362.0,121895.0,4100.0,4110.0,4046.0,4092.6,22062425,4501.8,3683.4,4440.0,3288.1,4047.2,34,2,4047.1,13,1,4047.0,29,2,4046.9,18,2,4046.8,28,4,4048.0,163,4,4048.7,119,2,4048.8,603,5,4049.2,77,3,4049.4,13,1
11483,2026-07-02 09:36:34+05:30,4048.0,39,4072.14,198648,71362.0,121895.0,4100.0,4110.0,4046.0,4092.6,22062425,4501.8,3683.4,4440.0,3288.1,4047.2,34,2,4047.1,13,1,4047.0,29,2,4046.9,18,2,4046.8,28,4,4048.0,163,4,4048.7,119,2,4048.8,603,5,4049.2,77,3,4049.4,13,1
11483,2026-07-02 09:36:34+05:30,4048.0,39,4072.12,198862,71530.0,121605.0,4100.0,4110.0,4046.0,4092.6,22062425,4501.8,3683.4,4440.0,3288.1,4047.3,57,4,4047.1,13,1,4047.0,56,4,4046.9,18,2,4046.8,29,5,4048.0,230,8,4048.7,119,2,4048.8,591,4,4049.3,18,2,4049.4,13,1
11483,2026-07-02 09:36:35+05:30,4048.7,1,4072.12,198862,71530.0,121605.0,4100.0,4110.0,4046.0,4092.6,22062425,4501.8,3683.4,4440.0,3288.1,4047.3,57,4,4047.1,13,1,4047.0,56,4,4046.9,18,2,4046.8,29,5,4048.0,230,8,4048.7,119,2,4048.8,591,4,4049.3,18,2,4049.4,13,1
11483,2026-07-02 09:36:35+05:30,4048.7,2,4072.02,199721,72682.0,120953.0,4100.0,4110.0,4046.0,4092.6,22062425,4501.8,3683.4,4440.0,3288.1,4048.0,54,1,4047.5,65,2,4047.4,34,2,4047.3,40,3,4047.2,57,1,4048.7,130,4,4048.8,591,4,4049.3,4,1,4049.8,6,1,4049.9,105,4
11483,2026-07-02 09:36:36+05:30,4048.7,25,4072.02,199721,72682.0,120953.0,4100.0,4110.0,4046.0,4092.6,22062425,4501.8,3683.4,4440.0,3288.1,4048.0,54,1,4047.5,65,2,4047.4,34,2,4047.3,40,3,4047.2,57,1,4048.7,130,4,4048.8,591,4,4049.3,4,1,4049.8,6,1,4049.9,105,4
11483,2026-07-02 09:36:36+05:30,4048.7,25,4072.01,199746,72645.0,121000.0,4100.0,4110.0,4046.0,4092.6,22062425,4501.8,3683.4,4440.0,3288.1,4048.0,54,1,4047.9,27,3,4047.8,50,1,4047.6,23,2,4047.4,34,2,4048.7,107,6,4048.8,591,4,4049.3,4,1,4049.9,105,4,4050.0,126,6
11483,2026-07-02 09:36:37+05:30,4048.0,12,4072.01,199746,72645.0,121000.0,4100.0,4110.0,4046.0,4092.6,22062425,4501.8,3683.4,4440.0,3288.1,4048.0,54,1,4047.9,27,3,4047.8,50,1,4047.6,23,2,4047.4,34,2,4048.7,107,6,4048.8,591,4,4049.3,4,1,4049.9,105,4,4050.0,126,6
11483,2026-07-02 09:36:37+05:30,4048.0,1,4072.01,199760,71967.0,120801.0,4100.0,4110.0,4046.0,4092.6,22062425,4501.8,3683.4,4440.0,3288.1,4048.0,41,2,4047.9,3,1,4047.8,50,1,4047.4,15,1,4047.3,37,2,4048.7,122,8,4048.8,591,4,4049.0,14,1,4049.1,15,1,4049.3,6,1
11483,2026-07-02 09:36:38+05:30,4048.7,5,4072.01,199760,71967.0,120801.0,4100.0,4110.0,4046.0,4092.6,22062425,4501.8,3683.4,4440.0,3288.1,4048.0,41,2,4047.9,3,1,4047.8,50,1,4047.4,15,1,4047.3,37,2,4048.7,122,8,4048.8,591,4,4049.0,14,1,4049.1,15,1,4049.3,6,1
11483,2026-07-02 09:36:38+05:30,4048.7,13,4072.0,199881,72223.0,120774.0,4100.0,4110.0,4046.0,4092.6,22062425,4501.8,3683.4,4440.0,3288.1,4048.0,66,3,4047.9,3,1,4047.8,50,1,4047.4,15,1,4047.3,37,2,4048.7,167,8,4048.8,591,4,4049.0,14,1,4049.1,15,1,4049.3,18,2
11483,2026-07-02 09:36:39+05:30,4048.7,1,4072.0,199881,72223.0,120774.0,4100.0,4110.0,4046.0,4092.6,22062425,4501.8,3683.4,4440.0,3288.1,4048.0,66,3,4047.9,3,1,4047.8,50,1,4047.4,15,1,4047.3,37,2,4048.7,167,8,4048.8,591,4,4049.0,14,1,4049.1,15,1,4049.3,18,2
11483,2026-07-02 09:36:39+05:30,4048.0,2,4072.0,199890,72318.0,121128.0,4100.0,4110.0,4046.0,4092.6,22062425,4501.8,3683.4,4440.0,3288.1,4048.0,136,5,4047.9,3,1,4047.8,50,1,4047.5,12,1,4047.4,15,1,4048.7,165,9,4048.8,591,4,4049.3,12,1,4049.4,19,1,4049.6,28,2
11483,2026-07-02 09:36:40+05:30,4048.7,1,4072.0,199890,72318.0,121128.0,4100.0,4110.0,4046.0,4092.6,22062425,4501.8,3683.4,4440.0,3288.1,4048.0,136,5,4047.9,3,1,4047.8,50,1,4047.5,12,1,4047.4,15,1,4048.7,165,9,4048.8,591,4,4049.3,12,1,4049.4,19,1,4049.6,28,2
11483,2026-07-02 09:36:40+05:30,4048.0,1,4071.98,200058,72440.0,121089.0,4100.0,4110.0,4046.0,4092.6,22062425,4501.8,3683.4,4440.0,3288.1,4048.0,74,3,4047.9,15,2,4047.8,50,1,4047.6,28,2,4047.4,15,1,4048.7,120,7,4048.8,591,4,4049.6,22,1,4049.7,17,2,4049.8,33,2
11483,2026-07-02 09:36:41+05:30,4048.7,1,4071.98,200058,72440.0,121089.0,4100.0,4110.0,4046.0,4092.6,22062425,4501.8,3683.4,4440.0,3288.1,4048.0,74,3,4047.9,15,2,4047.8,50,1,4047.6,28,2,4047.4,15,1,4048.7,120,7,4048.8,591,4,4049.6,22,1,4049.7,17,2,4049.8,33,2
11483,2026-07-02 09:36:41+05:30,4047.8,10,4071.96,200170,72917.0,121309.0,4100.0,4110.0,4046.0,4092.6,22062425,4501.8,3683.4,4440.0,3288.1,4047.8,65,4,4047.4,15,1,4047.3,96,5,4047.2,58,1,4047.1,23,1,4048.7,177,7,4048.8,591,4,4049.6,22,1,4049.7,23,3,4049.8,33,2
11483,2026-07-02 09:36:42+05:30,4048.7,10,4071.96,200170,72917.0,121309.0,4100.0,4110.0,4046.0,4092.6,22062425,4501.8,3683.4,4440.0,3288.1,4047.8,65,4,4047.4,15,1,4047.3,96,5,4047.2,58,1,4047.1,23,1,4048.7,177,7,4048.8,591,4,4049.6,22,1,4049.7,23,3,4049.8,33,2
11483,2026-07-02 09:36:42+05:30,4048.7,2,4071.87,200955,72937.0,121277.0,4100.0,4110.0,4046.0,4092.6,22062425,4501.8,3683.4,4440.0,3288.1,4047.8,5,1,4047.6,22,2,4047.5,17,3,4047.4,8,2,4047.3,68,4,4048.7,147,7,4048.8,591,4,4049.7,18,2,4049.8,8,1,4049.9,100,3
11483,2026-07-02 09:36:43+05:30,4048.7,2,4071.87,200955,72937.0,121277.0,4100.0,4110.0,4046.0,4092.6,22062425,4501.8,3683.4,4440.0,3288.1,4047.8,5,1,4047.6,22,2,4047.5,17,3,4047.4,8,2,4047.3,68,4,4048.7,147,7,4048.8,591,4,4049.7,18,2,4049.8,8,1,4049.9,100,3
11483,2026-07-02 09:36:43+05:30,4048.8,19,4071.6,203324,74382.0,119215.0,4100.0,4110.0,4046.0,4092.6,22062425,4501.8,3683.4,4440.0,3288.1,4048.7,60,5,4048.6,11,1,4048.5,20,1,4048.4,78,2,4048.3,35,2,4049.9,83,2,4050.0,15,1,4050.5,60,1,4050.7,24,1,4050.9,69,2
11483,2026-07-02 09:36:44+05:30,4048.8,1,4071.6,203324,74382.0,119215.0,4100.0,4110.0,4046.0,4092.6,22062425,4501.8,3683.4,4440.0,3288.1,4048.7,60,5,4048.6,11,1,4048.5,20,1,4048.4,78,2,4048.3,35,2,4049.9,83,2,4050.0,15,1,4050.5,60,1,4050.7,24,1,4050.9,69,2
11483,2026-07-02 09:36:44+05:30,4048.8,15,4071.59,203388,74477.0,119677.0,4100.0,4110.0,4046.0,4092.6,22062425,4501.8,3683.4,4440.0,3288.1,4048.7,31,3,4048.2,12,1,4048.1,62,2,4048.0,151,9,4047.9,37,4,4048.8,23,5,4049.9,67,1,4050.0,15,1,4050.1,28,1,4050.3,40,1
11483,2026-07-02 09:36:45+05:30,4048.8,2,4071.59,203388,74477.0,119677.0,4100.0,4110.0,4046.0,4092.6,22062425,4501.8,3683.4,4440.0,3288.1,4048.7,31,3,4048.2,12,1,4048.1,62,2,4048.0,151,9,4047.9,37,4,4048.8,23,5,4049.9,67,1,4050.0,15,1,4050.1,28,1,4050.3,40,1
11483,2026-07-02 09:36:45+05:30,4048.8,1,4071.58,203502,74286.0,119715.0,4100.0,4110.0,4046.0,4092.6,22062425,4501.8,3683.4,4440.0,3288.1,4048.7,16,1,4048.5,33,2,4048.2,12,1,4048.1,62,2,4048.0,152,10,4048.8,40,5,4049.9,89,2,4050.0,15,1,4050.1,28,1,4050.4,32,2
11483,2026-07-02 09:36:46+05:30,4048.8,1,4071.58,203502,74286.0,119715.0,4100.0,4110.0,4046.0,4092.6,22062425,4501.8,3683.4,4440.0,3288.1,4048.7,16,1,4048.5,33,2,4048.2,12,1,4048.1,62,2,4048.0,152,10,4048.8,40,5,4049.9,89,2,4050.0,15,1,4050.1,28,1,4050.4,32,2
11483,2026-07-02 09:36:46+05:30,4048.8,1,4071.55,203719,74032.0,120006.0,4100.0,4110.0,4046.0,4092.6,22062425,4501.8,3683.4,4440.0,3288.1,4048.2,67,4,4048.0,94,10,4047.9,84,5,4047.8,40,3,4047.7,36,4,4048.8,45,8,4049.9,89,2,4050.0,15,1,4050.1,28,1,4050.4,38,2
11483,2026-07-02 09:36:47+05:30,4048.8,1,4071.55,203719,74032.0,120006.0,4100.0,4110.0,4046.0,4092.6,22062425,4501.8,3683.4,4440.0,3288.1,4048.2,67,4,4048.0,94,10,4047.9,84,5,4047.8,40,3,4047.7,36,4,4048.8,45,8,4049.9,89,2,4050.0,15,1,4050.1,28,1,4050.4,38,2
11483,2026-07-02 09:36:48+05:30,4048.8,6,4071.53,203961,74249.0,119751.0,4100.0,4110.0,4046.0,4092.6,22062425,4501.8,3683.4,4440.0,3288.1,4048.7,10,1,4048.2,51,2,4048.0,95,11,4047.9,84,5,4047.8,40,3,4048.8,30,7,4049.8,26,1,4049.9,89,2,4050.0,15,1,4050.1,68,2
11483,2026-07-02 09:36:48+05:30,4049.8,28,4071.53,203961,74249.0,119751.0,4100.0,4110.0,4046.0,4092.6,22062425,4501.8,3683.4,4440.0,3288.1,4048.7,10,1,4048.2,51,2,4048.0,95,11,4047.9,84,5,4047.8,40,3,4048.8,30,7,4049.8,26,1,4049.9,89,2,4050.0,15,1,4050.1,68,2
11483,2026-07-02 09:36:49+05:30,4048.4,4,4071.53,203961,74249.0,119751.0,4100.0,4110.0,4046.0,4092.6,22062425,4501.8,3683.4,4440.0,3288.1,4048.7,10,1,4048.2,51,2,4048.0,95,11,4047.9,84,5,4047.8,40,3,4048.8,30,7,4049.8,26,1,4049.9,89,2,4050.0,15,1,4050.1,68,2
11483,2026-07-02 09:36:49+05:30,4048.4,4,4071.49,204314,74782.0,119362.0,4100.0,4110.0,4046.0,4092.6,22062425,4501.8,3683.4,4440.0,3288.1,4048.6,12,1,4048.5,45,3,4048.4,82,5,4048.3,51,1,4048.2,36,2,4049.9,88,2,4050.0,15,1,4050.1,28,1,4050.4,12,1,4050.5,67,1
11483,2026-07-02 09:36:50+05:30,4049.9,13,4071.49,204314,74782.0,119362.0,4100.0,4110.0,4046.0,4092.6,22062425,4501.8,3683.4,4440.0,3288.1,4048.6,12,1,4048.5,45,3,4048.4,82,5,4048.3,51,1,4048.2,36,2,4049.9,88,2,4050.0,15,1,4050.1,28,1,4050.4,12,1,4050.5,67,1
11483,2026-07-02 09:36:50+05:30,4049.9,13,4071.48,204348,74693.0,119828.0,4100.0,4110.0,4046.0,4092.6,22062425,4501.8,3683.4,4440.0,3288.1,4048.8,50,1,4048.4,38,3,4048.1,23,1,4048.0,148,11,4047.9,14,2,4049.9,55,3,4050.0,25,2,4050.1,28,1,4050.3,50,1,4050.4,12,1
11483,2026-07-02 09:36:51+05:30,4048.9,4,4071.48,204348,74693.0,119828.0,4100.0,4110.0,4046.0,4092.6,22062425,4501.8,3683.4,4440.0,3288.1,4048.8,50,1,4048.4,38,3,4048.1,23,1,4048.0,148,11,4047.9,14,2,4049.9,55,3,4050.0,25,2,4050.1,28,1,4050.3,50,1,4050.4,12,1
11483,2026-07-02 09:36:51+05:30,4049.9,6,4071.48,204395,74585.0,120296.0,4100.0,4110.0,4046.0,4092.6,22062425,4501.8,3683.4,4440.0,3288.1,4048.8,50,1,4048.4,21,1,4048.1,25,1,4048.0,99,6,4047.9,53,3,4049.8,25,3,4049.9,22,4,4050.0,15,1,4050.1,28,1,4050.4,109,3
11483,2026-07-02 09:36:52+05:30,4049.8,1,4071.48,204395,74585.0,120296.0,4100.0,4110.0,4046.0,4092.6,22062425,4501.8,3683.4,4440.0,3288.1,4048.8,50,1,4048.4,21,1,4048.1,25,1,4048.0,99,6,4047.9,53,3,4049.8,25,3,4049.9,22,4,4050.0,15,1,4050.1,28,1,4050.4,109,3
11483,2026-07-02 09:36:52+05:30,4049.9,1,4071.48,204399,75593.0,120311.0,4100.0,4110.0,4046.0,4092.6,22062425,4501.8,3683.4,4440.0,3288.1,4048.8,50,1,4048.7,25,1,4048.4,21,1,4048.1,25,1,4048.0,108,7,4049.9,19,4,4050.0,34,3,4050.1,28,1,4050.3,80,2,4050.4,89,3
11483,2026-07-02 09:36:53+05:30,4049.8,3,4071.48,204399,75593.0,120311.0,4100.0,4110.0,4046.0,4092.6,22062425,4501.8,3683.4,4440.0,3288.1,4048.8,50,1,4048.7,25,1,4048.4,21,1,4048.1,25,1,4048.0,108,7,4049.9,19,4,4050.0,34,3,4050.1,28,1,4050.3,80,2,4050.4,89,3
11483,2026-07-02 09:36:53+05:30,4049.7,1,4071.45,204654,75544.0,120018.0,4100.0,4110.0,4046.0,4092.6,22062425,4501.8,3683.4,4440.0,3288.1,4048.8,100,2,4048.7,25,1,4048.4,21,1,4048.0,95,6,4047.9,2,1,4049.7,45,6,4049.8,42,3,4049.9,36,5,4050.0,42,4,4050.1,62,4
11483,2026-07-02 09:36:54+05:30,4048.8,5,4071.45,204654,75544.0,120018.0,4100.0,4110.0,4046.0,4092.6,22062425,4501.8,3683.4,4440.0,3288.1,4048.8,100,2,4048.7,25,1,4048.4,21,1,4048.0,95,6,4047.9,2,1,4049.7,45,6,4049.8,42,3,4049.9,36,5,4050.0,42,4,4050.1,62,4
11483,2026-07-02 09:36:54+05:30,4048.8,2,4071.45,204679,75557.0,120109.0,4100.0,4110.0,4046.0,4092.6,22062425,4501.8,3683.4,4440.0,3288.1,4048.8,116,5,4048.7,25,1,4048.4,21,1,4048.0,95,6,4047.7,5,1,4049.7,20,4,4049.9,31,4,4050.0,97,5,4050.1,62,4,4050.2,20,1
11483,2026-07-02 09:36:55+05:30,4050.1,14,4071.45,204679,75557.0,120109.0,4100.0,4110.0,4046.0,4092.6,22062425,4501.8,3683.4,4440.0,3288.1,4048.8,116,5,4048.7,25,1,4048.4,21,1,4048.0,95,6,4047.7,5,1,4049.7,20,4,4049.9,31,4,4050.0,97,5,4050.1,62,4,4050.2,20,1
11483,2026-07-02 09:36:55+05:30,4049.9,6,4071.41,204985,76403.0,119621.0,4100.0,4110.0,4046.0,4092.6,22062425,4501.8,3683.4,4440.0,3288.1,4048.9,44,3,4048.8,116,5,4048.7,25,1,4048.6,43,2,4048.5,20,2,4049.9,10,4,4050.1,14,1,4050.5,67,1,4050.6,25,1,4050.7,91,2
11483,2026-07-02 09:36:56+05:30,4049.9,6,4071.41,204985,76403.0,119621.0,4100.0,4110.0,4046.0,4092.6,22062425,4501.8,3683.4,4440.0,3288.1,4048.9,44,3,4048.8,116,5,4048.7,25,1,4048.6,43,2,4048.5,20,2,4049.9,10,4,4050.1,14,1,4050.5,67,1,4050.6,25,1,4050.7,91,2
11483,2026-07-02 09:36:56+05:30,4049.9,6,4071.41,204985,76353.0,119653.0,4100.0,4110.0,4046.0,4092.6,22062425,4501.8,3683.4,4440.0,3288.1,4048.9,44,3,4048.8,116,5,4048.7,25,1,4048.6,43,2,4048.5,20,2,4049.9,10,4,4050.1,14,1,4050.5,67,1,4050.6,25,1,4050.7,91,2
11483,2026-07-02 09:36:57+05:30,4049.7,1,4071.41,205008,77102.0,119658.0,4100.0,4110.0,4046.0,4092.6,22062425,4501.8,3683.4,4440.0,3288.1,4049.0,34,2,4048.9,16,2,4048.8,128,6,4048.7,30,2,4048.6,5,1,4049.7,2,2,4049.9,10,4,4050.1,14,1,4050.5,67,1,4050.6,25,1
11483,2026-07-02 09:36:58+05:30,4049.7,1,4071.41,205008,77102.0,119658.0,4100.0,4110.0,4046.0,4092.6,22062425,4501.8,3683.4,4440.0,3288.1,4049.0,34,2,4048.9,16,2,4048.8,128,6,4048.7,30,2,4048.6,5,1,4049.7,2,2,4049.9,10,4,4050.1,14,1,4050.5,67,1,4050.6,25,1
11483,2026-07-02 09:36:58+05:30,4049.8,1,4071.41,205017,77337.0,119599.0,4100.0,4110.0,4046.0,4092.6,22062425,4501.8,3683.4,4440.0,3288.1,4049.8,1,1,4049.1,13,1,4049.0,21,1,4048.8,116,5,4048.7,30,2,4049.9,7,4,4050.1,14,1,4050.5,67,1,4050.7,91,2,4050.8,15,1
11483,2026-07-02 09:36:59+05:30,4049.8,1,4071.41,205017,77337.0,119599.0,4100.0,4110.0,4046.0,4092.6,22062425,4501.8,3683.4,4440.0,3288.1,4049.8,1,1,4049.1,13,1,4049.0,21,1,4048.8,116,5,4048.7,30,2,4049.9,7,4,4050.1,14,1,4050.5,67,1,4050.7,91,2,4050.8,15,1
11483,2026-07-02 09:36:59+05:30,4049.8,1,4071.41,205017,77344.0,119589.0,4100.0,4110.0,4046.0,4092.6,22062425,4501.8,3683.4,4440.0,3288.1,4049.8,1,1,4049.1,13,1,4049.0,21,1,4048.8,116,5,4048.7,30,2,4049.9,4,3,4050.0,5,1,4050.1,14,1,4050.5,85,4,4050.7,91,2
11483,2026-07-02 09:37:00+05:30,4049.1,5,4071.41,205017,77344.0,119589.0,4100.0,4110.0,4046.0,4092.6,22062425,4501.8,3683.4,4440.0,3288.1,4049.8,1,1,4049.1,13,1,4049.0,21,1,4048.8,116,5,4048.7,30,2,4049.9,4,3,4050.0,5,1,4050.1,14,1,4050.5,85,4,4050.7,91,2
11483,2026-07-02 09:37:01+05:30,4049.0,9,4071.41,205041,77036.0,119862.0,4100.0,4110.0,4046.0,4092.6,22062425,4501.8,3683.4,4440.0,3288.1,4049.0,12,1,4048.8,116,5,4048.7,30,2,4048.6,5,1,4048.4,157,5,4049.8,5,4,4050.0,5,1,4050.1,14,1,4050.5,85,4,4050.7,116,4
11483,2026-07-02 09:37:01+05:30,4049.0,2,4071.41,205041,77036.0,119862.0,4100.0,4110.0,4046.0,4092.6,22062425,4501.8,3683.4,4440.0,3288.1,4049.0,12,1,4048.8,116,5,4048.7,30,2,4048.6,5,1,4048.4,157,5,4049.8,5,4,4050.0,5,1,4050.1,14,1,4050.5,85,4,4050.7,116,4
11483,2026-07-02 09:37:02+05:30,4050.5,65,4071.41,205041,77036.0,119862.0,4100.0,4110.0,4046.0,4092.6,22062425,4501.8,3683.4,4440.0,3288.1,4049.0,12,1,4048.8,116,5,4048.7,30,2,4048.6,5,1,4048.4,157,5,4049.8,5,4,4050.0,5,1,4050.1,14,1,4050.5,85,4,4050.7,116,4
11483,2026-07-02 09:37:02+05:30,4050.5,65,4071.4,205170,77146.0,119793.0,4100.0,4110.0,4046.0,4092.6,22062425,4501.8,3683.4,4440.0,3288.1,4049.3,13,1,4049.1,13,1,4049.0,22,2,4048.8,116,5,4048.7,30,2,4050.0,100,1,4050.5,13,5,4050.7,67,1,4050.8,15,1,4050.9,121,4
11483,2026-07-02 09:37:03+05:30,4049.1,1,4071.4,205170,77146.0,119793.0,4100.0,4110.0,4046.0,4092.6,22062425,4501.8,3683.4,4440.0,3288.1,4049.3,13,1,4049.1,13,1,4049.0,22,2,4048.8,116,5,4048.7,30,2,4050.0,100,1,4050.5,13,5,4050.7,67,1,4050.8,15,1,4050.9,121,4
11483,2026-07-02 09:37:03+05:30,4049.1,1,4071.39,205185,77164.0,119788.0,4100.0,4110.0,4046.0,4092.6,22062425,4501.8,3683.4,4440.0,3288.1,4049.1,9,1,4049.0,22,2,4048.9,12,1,4048.8,129,6,4048.7,30,2,4050.0,99,1,4050.5,13,5,4050.7,67,1,4050.8,15,1,4050.9,121,4
11483,2026-07-02 09:37:04+05:30,4050.5,1,4071.39,205185,77164.0,119788.0,4100.0,4110.0,4046.0,4092.6,22062425,4501.8,3683.4,4440.0,3288.1,4049.1,9,1,4049.0,22,2,4048.9,12,1,4048.8,129,6,4048.7,30,2,4050.0,99,1,4050.5,13,5,4050.7,67,1,4050.8,15,1,4050.9,121,4
11483,2026-07-02 09:37:04+05:30,4050.5,1,4071.38,205286,77319.0,119531.0,4100.0,4110.0,4046.0,4092.6,22062425,4501.8,3683.4,4440.0,3288.1,4049.3,22,2,4049.2,13,1,4049.1,37,3,4049.0,34,3,4048.8,128,6,4049.9,1,1,4050.5,15,7,4050.7,67,1,4050.8,15,1,4050.9,79,2
11483,2026-07-02 09:37:04+05:30,4050.5,1,4071.38,205286,77319.0,119531.0,4100.0,4110.0,4046.0,4092.6,22062425,4501.8,3683.4,4440.0,3288.1,4049.3,22,2,4049.2,13,1,4049.1,37,3,4049.0,34,3,4048.8,128,6,4049.9,1,1,4050.5,15,7,4050.7,67,1,4050.8,15,1,4050.9,79,2
11483,2026-07-02 09:37:05+05:30,4050.5,1,4071.38,205286,77319.0,119531.0,4100.0,4110.0,4046.0,4092.6,22062425,4501.8,3683.4,4440.0,3288.1,4049.3,22,2,4049.2,13,1,4049.1,37,3,4049.0,34,3,4048.8,128,6,4049.9,1,1,4050.5,15,7,4050.7,67,1,4050.8,15,1,4050.9,79,2
11483,2026-07-02 09:37:05+05:30,4050.5,1,4071.38,205286,77437.0,119453.0,4100.0,4110.0,4046.0,4092.6,22062425,4501.8,3683.4,4440.0,3288.1,4049.5,50,4,4049.4,16,1,4049.3,53,5,4049.1,56,3,4049.0,73,7,4049.9,1,1,4050.5,15,7,4050.7,67,1,4050.8,15,1,4050.9,56,1
11483,2026-07-02 09:37:05+05:30,4050.5,1,4071.38,205286,77437.0,119453.0,4100.0,4110.0,4046.0,4092.6,22062425,4501.8,3683.4,4440.0,3288.1,4049.5,50,4,4049.4,16,1,4049.3,53,5,4049.1,56,3,4049.0,73,7,4049.9,1,1,4050.5,15,7,4050.7,67,1,4050.8,15,1,4050.9,56,1
11483,2026-07-02 09:37:06+05:30,4050.5,1,4071.38,205286,77437.0,119453.0,4100.0,4110.0,4046.0,4092.6,22062425,4501.8,3683.4,4440.0,3288.1,4049.5,50,4,4049.4,16,1,4049.3,53,5,4049.1,56,3,4049.0,73,7,4049.9,1,1,4050.5,15,7,4050.7,67,1,4050.8,15,1,4050.9,56,1
11483,2026-07-02 09:37:06+05:30,4050.5,1,4071.38,205286,77437.0,119453.0,4100.0,4110.0,4046.0,4092.6,22062425,4501.8,3683.4,4440.0,3288.1,4049.5,50,4,4049.4,16,1,4049.3,53,5,4049.1,56,3,4049.0,73,7,4049.9,1,1,4050.5,15,7,4050.7,67,1,4050.8,15,1,4050.9,56,1
11483,2026-07-02 09:37:06+05:30,4050.5,1,4071.37,205378,78432.0,119667.0,4100.0,4110.0,4046.0,4092.6,22062425,4501.8,3683.4,4440.0,3288.1,4049.9,10,1,4049.3,15,2,4049.1,44,3,4049.0,116,8,4048.9,15,1,4050.5,74,7,4050.7,78,4,4050.8,15,1,4050.9,56,1,4051.0,1000,1
11483,2026-07-02 09:37:06+05:30,4050.5,1,4071.37,205378,78432.0,119667.0,4100.0,4110.0,4046.0,4092.6,22062425,4501.8,3683.4,4440.0,3288.1,4049.9,10,1,4049.3,15,2,4049.1,44,3,4049.0,116,8,4048.9,15,1,4050.5,74,7,4050.7,78,4,4050.8,15,1,4050.9,56,1,4051.0,1000,1
11483,2026-07-02 09:37:07+05:30,4049.9,2,4071.37,205378,78432.0,119667.0,4100.0,4110.0,4046.0,4092.6,22062425,4501.8,3683.4,4440.0,3288.1,4049.9,10,1,4049.3,15,2,4049.1,44,3,4049.0,116,8,4048.9,15,1,4050.5,74,7,4050.7,78,4,4050.8,15,1,4050.9,56,1,4051.0,1000,1
11483,2026-07-02 09:37:07+05:30,4049.9,2,4071.37,205378,78432.0,119667.0,4100.0,4110.0,4046.0,4092.6,22062425,4501.8,3683.4,4440.0,3288.1,4049.9,10,1,4049.3,15,2,4049.1,44,3,4049.0,116,8,4048.9,15,1,4050.5,74,7,4050.7,78,4,4050.8,15,1,4050.9,56,1,4051.0,1000,1
11483,2026-07-02 09:37:07+05:30,4050.5,4,4071.37,205395,78556.0,119738.0,4100.0,4110.0,4046.0,4092.6,22062425,4501.8,3683.4,4440.0,3288.1,4049.9,29,2,4049.3,15,2,4049.1,44,3,4049.0,116,8,4048.9,15,1,4050.5,67,6,4050.7,78,4,4050.8,15,1,4050.9,56,1,4051.0,1000,1
11483,2026-07-02 09:37:07+05:30,4050.5,4,4071.37,205395,78556.0,119738.0,4100.0,4110.0,4046.0,4092.6,22062425,4501.8,3683.4,4440.0,3288.1,4049.9,29,2,4049.3,15,2,4049.1,44,3,4049.0,116,8,4048.9,15,1,4050.5,67,6,4050.7,78,4,4050.8,15,1,4050.9,56,1,4051.0,1000,1
11483,2026-07-02 09:37:08+05:30,4050.5,4,4071.37,205395,78556.0,119738.0,4100.0,4110.0,4046.0,4092.6,22062425,4501.8,3683.4,4440.0,3288.1,4049.9,29,2,4049.3,15,2,4049.1,44,3,4049.0,116,8,4048.9,15,1,4050.5,67,6,4050.7,78,4,4050.8,15,1,4050.9,56,1,4051.0,1000,1
11483,2026-07-02 09:37:08+05:30,4050.5,4,4071.37,205395,78556.0,119738.0,4100.0,4110.0,4046.0,4092.6,22072750,4501.8,3683.4,4440.0,3288.1,4049.9,29,2,4049.3,15,2,4049.1,44,3,4049.0,116,8,4048.9,15,1,4050.5,67,6,4050.7,78,4,4050.8,15,1,4050.9,56,1,4051.0,1000,1
11483,2026-07-02 09:37:08+05:30,4050.5,3,4071.37,205407,78651.0,119825.0,4100.0,4110.0,4046.0,4092.6,22072750,4501.8,3683.4,4440.0,3288.1,4049.9,30,4,4049.3,15,2,4049.1,49,2,4049.0,166,10,4048.9,27,2,4050.5,62,7,4050.7,67,1,4050.8,15,1,4050.9,56,1,4051.0,1000,1
11483,2026-07-02 09:37:08+05:30,4050.5,3,4071.37,205407,78651.0,119825.0,4100.0,4110.0,4046.0,4092.6,22072750,4501.8,3683.4,4440.0,3288.1,4049.9,30,4,4049.3,15,2,4049.1,49,2,4049.0,166,10,4048.9,27,2,4050.5,62,7,4050.7,67,1,4050.8,15,1,4050.9,56,1,4051.0,1000,1
11483,2026-07-02 09:37:09+05:30,4050.5,3,4071.37,205407,78651.0,119825.0,4100.0,4110.0,4046.0,4092.6,22072750,4501.8,3683.4,4440.0,3288.1,4049.9,30,4,4049.3,15,2,4049.1,49,2,4049.0,166,10,4048.9,27,2,4050.5,62,7,4050.7,67,1,4050.8,15,1,4050.9,56,1,4051.0,1000,1
11483,2026-07-02 09:37:09+05:30,4050.2,1,4071.37,205407,78651.0,119825.0,4100.0,4110.0,4046.0,4092.6,22072750,4501.8,3683.4,4440.0,3288.1,4049.9,30,4,4049.3,15,2,4049.1,49,2,4049.0,166,10,4048.9,27,2,4050.5,62,7,4050.7,67,1,4050.8,15,1,4050.9,56,1,4051.0,1000,1
11483,2026-07-02 09:37:09+05:30,4050.2,1,4071.37,205407,78651.0,119825.0,4100.0,4110.0,4046.0,4092.6,22072750,4501.8,3683.4,4440.0,3288.1,4049.9,30,4,4049.3,15,2,4049.1,49,2,4049.0,166,10,4048.9,27,2,4050.5,62,7,4050.7,67,1,4050.8,15,1,4050.9,56,1,4051.0,1000,1
11483,2026-07-02 09:37:09+05:30,4050.7,3,4071.36,205514,79140.0,119460.0,4100.0,4110.0,4046.0,4092.6,22072750,4501.8,3683.4,4440.0,3288.1,4050.2,21,1,4050.1,13,1,4050.0,55,4,4049.9,10,4,4049.6,13,1,4050.7,67,3,4050.8,15,1,4050.9,56,1,4051.0,1000,1,4051.2,395,1
11483,2026-07-02 09:37:09+05:30,4050.7,3,4071.36,205514,79140.0,119460.0,4100.0,4110.0,4046.0,4092.6,22072750,4501.8,3683.4,4440.0,3288.1,4050.2,21,1,4050.1,13,1,4050.0,55,4,4049.9,10,4,4049.6,13,1,4050.7,67,3,4050.8,15,1,4050.9,56,1,4051.0,1000,1,4051.2,395,1
11483,2026-07-02 09:37:10+05:30,4050.7,3,4071.36,205514,79140.0,119460.0,4100.0,4110.0,4046.0,4092.6,22072750,4501.8,3683.4,4440.0,3288.1,4050.2,21,1,4050.1,13,1,4050.0,55,4,4049.9,10,4,4049.6,13,1,4050.7,67,3,4050.8,15,1,4050.9,56,1,4051.0,1000,1,4051.2,395,1
11483,2026-07-02 09:37:10+05:30,4050.7,34,4071.35,205618,78800.0,119721.0,4100.0,4110.0,4046.0,4092.6,22072750,4501.8,3683.4,4440.0,3288.1,4050.5,49,2,4050.0,22,2,4049.9,10,4,4049.8,15,1,4049.6,13,1,4050.7,39,5,4050.8,15,1,4050.9,56,1,4051.0,1125,2,4051.2,395,1
11483,2026-07-02 09:37:11+05:30,4050.7,34,4071.35,205618,78800.0,119721.0,4100.0,4110.0,4046.0,4092.6,22072750,4501.8,3683.4,4440.0,3288.1,4050.5,49,2,4050.0,22,2,4049.9,10,4,4049.8,15,1,4049.6,13,1,4050.7,39,5,4050.8,15,1,4050.9,56,1,4051.0,1125,2,4051.2,395,1
11483,2026-07-02 09:37:12+05:30,4050.7,1,4071.34,205685,78886.0,119958.0,4100.0,4110.0,4046.0,4092.6,22072750,4501.8,3683.4,4440.0,3288.1,4050.5,29,2,4050.0,12,1,4049.9,10,4,4049.8,28,2,4049.6,13,1,4050.7,67,7,4050.8,15,1,4050.9,56,1,4051.0,1125,2,4051.2,395,1
11483,2026-07-02 09:37:12+05:30,4050.7,1,4071.34,205685,78886.0,119958.0,4100.0,4110.0,4046.0,4092.6,22072750,4501.8,3683.4,4440.0,3288.1,4050.5,29,2,4050.0,12,1,4049.9,10,4,4049.8,28,2,4049.6,13,1,4050.7,67,7,4050.8,15,1,4050.9,56,1,4051.0,1125,2,4051.2,395,1
11483,2026-07-02 09:37:13+05:30,4050.7,5,4071.34,205699,78926.0,119853.0,4100.0,4110.0,4046.0,4092.6,22072750,4501.8,3683.4,4440.0,3288.1,4050.5,47,4,4050.0,12,1,4049.9,10,4,4049.8,28,2,4049.6,13,1,4050.7,57,9,4050.8,15,1,4050.9,56,1,4051.0,1125,2,4051.2,395,1
11483,2026-07-02 09:37:13+05:30,4050.7,4,4071.34,205699,78926.0,119853.0,4100.0,4110.0,4046.0,4092.6,22072750,4501.8,3683.4,4440.0,3288.1,4050.5,47,4,4050.0,12,1,4049.9,10,4,4049.8,28,2,4049.6,13,1,4050.7,57,9,4050.8,15,1,4050.9,56,1,4051.0,1125,2,4051.2,395,1
11483,2026-07-02 09:37:14+05:30,4050.5,1,4071.34,205699,78926.0,119853.0,4100.0,4110.0,4046.0,4092.6,22072750,4501.8,3683.4,4440.0,3288.1,4050.5,47,4,4050.0,12,1,4049.9,10,4,4049.8,28,2,4049.6,13,1,4050.7,57,9,4050.8,15,1,4050.9,56,1,4051.0,1125,2,4051.2,395,1
11483,2026-07-02 09:37:14+05:30,4050.5,1,4071.33,205779,79131.0,119673.0,4100.0,4110.0,4046.0,4092.6,22072750,4501.8,3683.4,4440.0,3288.1,4050.3,23,2,4050.2,7,2,4050.1,19,3,4050.0,32,3,4049.9,21,5,4050.5,2,2,4050.7,29,10,4050.8,15,1,4050.9,56,1,4051.0,1125,2
11483,2026-07-02 09:37:15+05:30,4050.5,1,4071.33,205779,79131.0,119673.0,4100.0,4110.0,4046.0,4092.6,22072750,4501.8,3683.4,4440.0,3288.1,4050.3,23,2,4050.2,7,2,4050.1,19,3,4050.0,32,3,4049.9,21,5,4050.5,2,2,4050.7,29,10,4050.8,15,1,4050.9,56,1,4051.0,1125,2
11483,2026-07-02 09:37:15+05:30,4050.5,1,4071.33,205818,79553.0,119692.0,4100.0,4110.0,4046.0,4092.6,22072750,4501.8,3683.4,4440.0,3288.1,4050.3,56,4,4050.2,17,2,4050.1,17,3,4050.0,27,4,4049.9,21,5,4050.5,3,3,4050.7,26,8,4050.8,15,1,4050.9,56,1,4051.0,1125,2
11483,2026-07-02 09:37:16+05:30,4050.3,9,4071.33,205818,79553.0,119692.0,4100.0,4110.0,4046.0,4092.6,22072750,4501.8,3683.4,4440.0,3288.1,4050.3,56,4,4050.2,17,2,4050.1,17,3,4050.0,27,4,4049.9,21,5,4050.5,3,3,4050.7,26,8,4050.8,15,1,4050.9,56,1,4051.0,1125,2
11483,2026-07-02 09:37:16+05:30,4050.3,9,4071.33,205835,79737.0,120498.0,4100.0,4110.0,4046.0,4092.6,22072750,4501.8,3683.4,4440.0,3288.1,4050.0,30,4,4049.9,10,4,4049.8,30,2,4049.7,11,1,4049.6,23,2,4050.3,3,2,4050.5,1,1,4050.7,22,5,4050.8,15,1,4050.9,59,3
11483,2026-07-02 09:37:17+05:30,4050.7,1,4071.33,205835,79737.0,120498.0,4100.0,4110.0,4046.0,4092.6,22072750,4501.8,3683.4,4440.0,3288.1,4050.0,30,4,4049.9,10,4,4049.8,30,2,4049.7,11,1,4049.6,23,2,4050.3,3,2,4050.5,1,1,4050.7,22,5,4050.8,15,1,4050.9,59,3
11483,2026-07-02 09:37:17+05:30,4050.7,1,4071.32,205875,80415.0,120038.0,4100.0,4110.0,4046.0,4092.6,22072750,4501.8,3683.4,4440.0,3288.1,4050.2,62,5,4050.1,45,4,4050.0,40,4,4049.9,18,5,4049.8,59,4,4050.7,21,1,4050.8,15,1,4050.9,59,3,4051.0,1125,2,4051.2,395,1
11483,2026-07-02 09:37:18+05:30,4050.7,5,4071.32,205880,80310.0,120024.0,4100.0,4110.0,4046.0,4092.6,22072750,4501.8,3683.4,4440.0,3288.1,4050.5,88,4,4050.2,21,2,4050.1,5,1,4050.0,39,4,4049.9,18,4,4050.7,18,3,4050.8,15,1,4050.9,59,3,4051.0,1125,2,4051.2,395,1
11483,2026-07-02 09:37:19+05:30,4050.7,1,4071.32,205880,80310.0,120024.0,4100.0,4110.0,4046.0,4092.6,22072750,4501.8,3683.4,4440.0,3288.1,4050.5,88,4,4050.2,21,2,4050.1,5,1,4050.0,39,4,4049.9,18,4,4050.7,18,3,4050.8,15,1,4050.9,59,3,4051.0,1125,2,4051.2,395,1
11483,2026-07-02 09:37:19+05:30,4050.5,50,4071.32,205950,80118.0,120208.0,4100.0,4110.0,4046.0,4092.6,22072750,4501.8,3683.4,4440.0,3288.1,4050.5,15,1,4050.2,5,1,4050.1,5,1,4050.0,1,1,4049.9,7,3,4050.7,2,2,4050.8,15,1,4050.9,59,3,4051.0,1140,3,4051.2,395,1
11483,2026-07-02 09:37:20+05:30,4050.8,11,4071.32,205950,80118.0,120208.0,4100.0,4110.0,4046.0,4092.6,22072750,4501.8,3683.4,4440.0,3288.1,4050.5,15,1,4050.2,5,1,4050.1,5,1,4050.0,1,1,4049.9,7,3,4050.7,2,2,4050.8,15,1,4050.9,59,3,4051.0,1140,3,4051.2,395,1
11483,2026-07-02 09:37:20+05:30,4050.8,11,4071.31,205987,80270.0,120262.0,4100.0,4110.0,4046.0,4092.6,22072750,4501.8,3683.4,4440.0,3288.1,4050.5,5,1,4050.1,5,1,4050.0,52,3,4049.9,17,4,4049.8,30,2,4050.8,3,2,4050.9,59,3,4051.0,1140,3,4051.2,395,1,4051.8,25,2
11483,2026-07-02 09:37:22+05:30,4050.0,30,4071.19,207221,81296.0,120829.0,4100.0,4110.0,4046.0,4092.6,22072750,4501.8,3683.4,4440.0,3288.1,4049.9,52,6,4049.8,30,2,4049.6,10,2,4049.4,14,3,4049.3,34,3,4050.0,185,3,4050.8,5,4,4050.9,59,3,4051.0,1140,3,4051.2,395,1
11483,2026-07-02 09:37:22+05:30,4050.0,55,4071.19,207221,81296.0,120829.0,4100.0,4110.0,4046.0,4092.6,22072750,4501.8,3683.4,4440.0,3288.1,4049.9,52,6,4049.8,30,2,4049.6,10,2,4049.4,14,3,4049.3,34,3,4050.0,185,3,4050.8,5,4,4050.9,59,3,4051.0,1140,3,4051.2,395,1
11483,2026-07-02 09:37:23+05:30,4050.0,1,4071.18,207300,81448.0,120735.0,4100.0,4110.0,4046.0,4092.6,22072750,4501.8,3683.4,4440.0,3288.1,4049.9,53,7,4049.8,30,2,4049.6,10,2,4049.4,14,3,4049.3,34,3,4050.0,108,5,4050.5,22,1,4050.8,5,4,4050.9,59,3,4051.0,1140,3
11483,2026-07-02 09:37:23+05:30,4050.0,1,4071.18,207300,81448.0,120735.0,4100.0,4110.0,4046.0,4092.6,22072750,4501.8,3683.4,4440.0,3288.1,4049.9,53,7,4049.8,30,2,4049.6,10,2,4049.4,14,3,4049.3,34,3,4050.0,108,5,4050.5,22,1,4050.8,5,4,4050.9,59,3,4051.0,1140,3
11483,2026-07-02 09:37:24+05:30,4050.0,1,4071.18,207300,81448.0,120735.0,4100.0,4110.0,4046.0,4092.6,22072750,4501.8,3683.4,4440.0,3288.1,4049.9,53,7,4049.8,30,2,4049.6,10,2,4049.4,14,3,4049.3,34,3,4050.0,108,5,4050.5,22,1,4050.8,5,4,4050.9,59,3,4051.0,1140,3
11483,2026-07-02 09:37:24+05:30,4050.0,1,4071.17,207333,81469.0,120836.0,4100.0,4110.0,4046.0,4092.6,22072750,4501.8,3683.4,4440.0,3288.1,4049.9,15,1,4049.8,30,2,4049.7,17,1,4049.6,5,1,4049.4,6,2,4050.0,97,7,4050.4,50,1,4050.5,22,1,4050.8,5,4,4050.9,59,3
11483,2026-07-02 09:37:25+05:30,4050.0,6,4071.17,207333,81469.0,120836.0,4100.0,4110.0,4046.0,4092.6,22072750,4501.8,3683.4,4440.0,3288.1,4049.9,15,1,4049.8,30,2,4049.7,17,1,4049.6,5,1,4049.4,6,2,4050.0,97,7,4050.4,50,1,4050.5,22,1,4050.8,5,4,4050.9,59,3
11483,2026-07-02 09:37:25+05:30,4050.0,6,4071.17,207345,81389.0,120834.0,4100.0,4110.0,4046.0,4092.6,22072750,4501.8,3683.4,4440.0,3288.1,4049.9,14,1,4049.8,30,2,4049.7,17,1,4049.6,5,1,4049.4,5,1,4050.0,87,8,4050.4,50,1,4050.5,22,1,4050.8,4,3,4050.9,59,3
11483,2026-07-02 09:37:26+05:30,4050.0,1,4071.17,207345,81389.0,120834.0,4100.0,4110.0,4046.0,4092.6,22072750,4501.8,3683.4,4440.0,3288.1,4049.9,14,1,4049.8,30,2,4049.7,17,1,4049.6,5,1,4049.4,5,1,4050.0,87,8,4050.4,50,1,4050.5,22,1,4050.8,4,3,4050.9,59,3
11483,2026-07-02 09:37:26+05:30,4050.0,7,4071.17,207388,80883.0,120869.0,4100.0,4110.0,4046.0,4092.6,22072750,4501.8,3683.4,4440.0,3288.1,4049.8,30,2,4049.4,5,1,4049.2,27,2,4049.1,22,2,4049.0,112,7,4050.0,80,13,4050.4,50,1,4050.5,22,1,4050.8,2,1,4050.9,56,1
11483,2026-07-02 09:37:27+05:30,4049.8,2,4071.17,207388,80883.0,120869.0,4100.0,4110.0,4046.0,4092.6,22072750,4501.8,3683.4,4440.0,3288.1,4049.8,30,2,4049.4,5,1,4049.2,27,2,4049.1,22,2,4049.0,112,7,4050.0,80,13,4050.4,50,1,4050.5,22,1,4050.8,2,1,4050.9,56,1
11483,2026-07-02 09:37:27+05:30,4049.8,2,4071.16,207431,80607.0,121209.0,4100.0,4110.0,4046.0,4092.6,22072750,4501.8,3683.4,4440.0,3288.1,4049.2,27,2,4049.1,22,2,4049.0,112,7,4048.9,17,1,4048.8,166,8,4049.8,19,4,4050.0,52,13,4050.4,50,1,4050.5,22,1,4050.8,47,2
11483,2026-07-02 09:37:28+05:30,4049.2,2,4071.16,207431,80607.0,121209.0,4100.0,4110.0,4046.0,4092.6,22072750,4501.8,3683.4,4440.0,3288.1,4049.2,27,2,4049.1,22,2,4049.0,112,7,4048.9,17,1,4048.8,166,8,4049.8,19,4,4050.0,52,13,4050.4,50,1,4050.5,22,1,4050.8,47,2
11483,2026-07-02 09:37:28+05:30,4049.2,2,4071.16,207436,80544.0,121231.0,4100.0,4110.0,4046.0,4092.6,22072750,4501.8,3683.4,4440.0,3288.1,4049.1,1,1,4049.0,112,7,4048.9,17,1,4048.8,166,8,4048.7,110,2,4049.2,1,1,4049.8,19,4,4050.0,50,11,4050.4,50,1,4050.5,22,1
11483,2026-07-02 09:37:29+05:30,4049.1,1,4071.16,207436,80544.0,121231.0,4100.0,4110.0,4046.0,4092.6,22072750,4501.8,3683.4,4440.0,3288.1,4049.1,1,1,4049.0,112,7,4048.9,17,1,4048.8,166,8,4048.7,110,2,4049.2,1,1,4049.8,19,4,4050.0,50,11,4050.4,50,1,4050.5,22,1
11483,2026-07-02 09:37:29+05:30,4049.8,5,4071.16,207494,80485.0,121206.0,4100.0,4110.0,4046.0,4092.6,22072750,4501.8,3683.4,4440.0,3288.1,4049.0,112,7,4048.9,17,1,4048.8,216,9,4048.7,110,2,4048.6,12,1,4049.8,12,6,4050.0,48,9,4050.4,50,1,4050.5,22,1,4050.8,2,1
11483,2026-07-02 09:37:30+05:30,4049.0,1,4071.16,207494,80485.0,121206.0,4100.0,4110.0,4046.0,4092.6,22072750,4501.8,3683.4,4440.0,3288.1,4049.0,112,7,4048.9,17,1,4048.8,216,9,4048.7,110,2,4048.6,12,1,4049.8,12,6,4050.0,48,9,4050.4,50,1,4050.5,22,1,4050.8,2,1
11483,2026-07-02 09:37:30+05:30,4049.0,1,4071.16,207510,80459.0,121586.0,4100.0,4110.0,4046.0,4092.6,22072750,4501.8,3683.4,4440.0,3288.1,4049.0,111,6,4048.9,17,1,4048.8,166,8,4048.7,110,2,4048.5,53,2,4049.8,258,7,4050.0,47,8,4050.4,50,1,4050.5,22,1,4050.7,12,1
11483,2026-07-02 09:37:31+05:30,4049.5,1,4071.16,207510,80459.0,121586.0,4100.0,4110.0,4046.0,4092.6,22072750,4501.8,3683.4,4440.0,3288.1,4049.0,111,6,4048.9,17,1,4048.8,166,8,4048.7,110,2,4048.5,53,2,4049.8,258,7,4050.0,47,8,4050.4,50,1,4050.5,22,1,4050.7,12,1
11483,2026-07-02 09:37:31+05:30,4049.0,1,4071.15,207528,80706.0,121592.0,4100.0,4110.0,4046.0,4092.6,22072750,4501.8,3683.4,4440.0,3288.1,4049.0,109,6,4048.8,166,8,4048.7,110,2,4048.5,3,1,4048.4,112,2,4049.5,239,2,4049.8,25,8,4050.0,24,2,4050.3,10,1,4050.4,50,1
11483,2026-07-02 09:37:32+05:30,4049.3,1,4071.15,207528,80706.0,121592.0,4100.0,4110.0,4046.0,4092.6,22072750,4501.8,3683.4,4440.0,3288.1,4049.0,109,6,4048.8,166,8,4048.7,110,2,4048.5,3,1,4048.4,112,2,4049.5,239,2,4049.8,25,8,4050.0,24,2,4050.3,10,1,4050.4,50,1
11483,2026-07-02 09:37:32+05:30,4050.0,175,4071.09,208153,80890.0,120971.0,4100.0,4110.0,4046.0,4092.6,22072750,4501.8,3683.4,4440.0,3288.1,4049.3,25,3,4049.1,13,1,4048.9,106,5,4048.8,228,10,4048.7,125,3,4050.0,147,3,4050.4,50,1,4050.5,22,1,4050.8,2,1,4050.9,56,1
11483,2026-07-02 09:37:33+05:30,4050.0,5,4071.09,208153,80890.0,120971.0,4100.0,4110.0,4046.0,4092.6,22072750,4501.8,3683.4,4440.0,3288.1,4049.3,25,3,4049.1,13,1,4048.9,106,5,4048.8,228,10,4048.7,125,3,4050.0,147,3,4050.4,50,1,4050.5,22,1,4050.8,2,1,4050.9,56,1
11483,2026-07-02 09:37:33+05:30,4050.0,1,4071.09,208160,80905.0,121007.0,4100.0,4110.0,4046.0,4092.6,22072750,4501.8,3683.4,4440.0,3288.1,4049.8,10,1,4049.3,25,3,4049.2,2,1,4049.1,25,2,4048.9,58,4,4050.0,146,6,4050.4,50,1,4050.5,22,1,4050.8,2,1,4050.9,56,1
11483,2026-07-02 09:37:34+05:30,4050.0,9,4071.09,208160,80905.0,121007.0,4100.0,4110.0,4046.0,4092.6,22072750,4501.8,3683.4,4440.0,3288.1,4049.8,10,1,4049.3,25,3,4049.2,2,1,4049.1,25,2,4048.9,58,4,4050.0,146,6,4050.4,50,1,4050.5,22,1,4050.8,2,1,4050.9,56,1
11483,2026-07-02 09:37:34+05:30,4049.8,5,4071.08,208279,80581.0,121178.0,4100.0,4110.0,4046.0,4092.6,22072750,4501.8,3683.4,4440.0,3288.1,4049.3,3,1,4049.2,2,1,4048.8,146,7,4048.7,125,3,4048.6,38,3,4050.0,44,9,4050.4,68,2,4050.5,22,1,4050.8,78,3,4050.9,86,2
11483,2026-07-02 09:37:35+05:30,4049.8,5,4071.08,208279,80581.0,121178.0,4100.0,4110.0,4046.0,4092.6,22072750,4501.8,3683.4,4440.0,3288.1,4049.3,3,1,4049.2,2,1,4048.8,146,7,4048.7,125,3,4048.6,38,3,4050.0,44,9,4050.4,68,2,4050.5,22,1,4050.8,78,3,4050.9,86,2
11483,2026-07-02 09:37:35+05:30,4050.0,152,4071.05,208492,81000.0,120680.0,4100.0,4110.0,4046.0,4092.6,22072750,4501.8,3683.4,4440.0,3288.1,4049.5,6,1,4049.4,25,2,4049.3,12,2,4049.2,2,1,4049.0,80,1,4050.0,209,5,4050.4,50,1,4050.5,22,1,4050.8,2,1,4050.9,56,1
11483,2026-07-02 09:37:36+05:30,4050.0,152,4071.05,208492,81000.0,120680.0,4100.0,4110.0,4046.0,4092.6,22072750,4501.8,3683.4,4440.0,3288.1,4049.5,6,1,4049.4,25,2,4049.3,12,2,4049.2,2,1,4049.0,80,1,4050.0,209,5,4050.4,50,1,4050.5,22,1,4050.8,2,1,4050.9,56,1
11483,2026-07-02 09:37:37+05:30,4049.0,23,4071.05,208560,80371.0,121726.0,4100.0,4110.0,4046.0,4092.6,22072750,4501.8,3683.4,4440.0,3288.1,4049.0,78,3,4048.8,158,8,4048.7,110,2,4048.6,30,2,4048.5,70,5,4050.0,207,8,4050.4,50,1,4050.5,22,1,4050.8,40,3,4050.9,137,4
11483,2026-07-02 09:37:37+05:30,4050.0,1,4071.05,208560,80371.0,121726.0,4100.0,4110.0,4046.0,4092.6,22072750,4501.8,3683.4,4440.0,3288.1,4049.0,78,3,4048.8,158,8,4048.7,110,2,4048.6,30,2,4048.5,70,5,4050.0,207,8,4050.4,50,1,4050.5,22,1,4050.8,40,3,4050.9,137,4
11483,2026-07-02 09:37:38+05:30,4049.0,9,4071.04,208663,80284.0,121472.0,4100.0,4110.0,4046.0,4092.6,22072750,4501.8,3683.4,4440.0,3288.1,4049.2,10,1,4049.0,27,3,4048.9,34,2,4048.8,211,9,4048.7,128,3,4050.0,198,5,4050.2,35,1,4050.4,117,2,4050.5,89,2,4050.8,67,3
11483,2026-07-02 09:37:38+05:30,4049.2,5,4071.04,208663,80284.0,121472.0,4100.0,4110.0,4046.0,4092.6,22072750,4501.8,3683.4,4440.0,3288.1,4049.2,10,1,4049.0,27,3,4048.9,34,2,4048.8,211,9,4048.7,128,3,4050.0,198,5,4050.2,35,1,4050.4,117,2,4050.5,89,2,4050.8,67,3
11483,2026-07-02 09:37:39+05:30,4050.0,301,4071.04,208663,80284.0,121472.0,4100.0,4110.0,4046.0,4092.6,22072750,4501.8,3683.4,4440.0,3288.1,4049.2,10,1,4049.0,27,3,4048.9,34,2,4048.8,211,9,4048.7,128,3,4050.0,198,5,4050.2,35,1,4050.4,117,2,4050.5,89,2,4050.8,67,3
11483,2026-07-02 09:37:39+05:30,4050.0,301,4070.99,209175,80400.0,121215.0,4100.0,4110.0,4046.0,4092.6,22072750,4501.8,3683.4,4440.0,3288.1,4049.8,8,1,4049.2,2,1,4049.0,27,3,4048.9,19,1,4048.8,162,8,4050.0,53,3,4050.2,35,1,4050.4,117,2,4050.5,89,2,4050.8,54,2
11483,2026-07-02 09:37:40+05:30,4049.8,1,4070.99,209175,80400.0,121215.0,4100.0,4110.0,4046.0,4092.6,22072750,4501.8,3683.4,4440.0,3288.1,4049.8,8,1,4049.2,2,1,4049.0,27,3,4048.9,19,1,4048.8,162,8,4050.0,53,3,4050.2,35,1,4050.4,117,2,4050.5,89,2,4050.8,54,2
11483,2026-07-02 09:37:40+05:30,4049.8,1,4070.98,209181,80343.0,121238.0,4100.0,4110.0,4046.0,4092.6,22072750,4501.8,3683.4,4440.0,3288.1,4049.8,6,1,4049.3,1,1,4049.2,2,1,4049.0,13,2,4048.9,19,1,4050.0,57,5,4050.2,35,1,4050.4,117,2,4050.5,89,2,4050.8,54,2
11483,2026-07-02 09:37:41+05:30,4049.0,2,4070.98,209181,80343.0,121238.0,4100.0,4110.0,4046.0,4092.6,22072750,4501.8,3683.4,4440.0,3288.1,4049.8,6,1,4049.3,1,1,4049.2,2,1,4049.0,13,2,4048.9,19,1,4050.0,57,5,4050.2,35,1,4050.4,117,2,4050.5,89,2,4050.8,54,2
11483,2026-07-02 09:37:41+05:30,4049.0,1,4070.98,209194,80100.0,121209.0,4100.0,4110.0,4046.0,4092.6,22072750,4501.8,3683.4,4440.0,3288.1,4049.0,19,1,4048.9,19,1,4048.8,174,9,4048.7,110,2,4048.6,49,3,4049.8,4,2,4050.0,57,5,4050.2,35,1,4050.4,117,2,4050.5,89,2
11483,2026-07-02 09:37:42+05:30,4050.0,15,4070.98,209194,80100.0,121209.0,4100.0,4110.0,4046.0,4092.6,22072750,4501.8,3683.4,4440.0,3288.1,4049.0,19,1,4048.9,19,1,4048.8,174,9,4048.7,110,2,4048.6,49,3,4049.8,4,2,4050.0,57,5,4050.2,35,1,4050.4,117,2,4050.5,89,2
11483,2026-07-02 09:37:42+05:30,4049.0,1,4070.97,209297,80063.0,121594.0,4100.0,4110.0,4046.0,4092.6,22072750,4501.8,3683.4,4440.0,3288.1,4049.0,18,2,4048.8,146,7,4048.7,112,3,4048.6,49,3,4048.5,70,5,4050.0,546,6,4050.2,35,1,4050.4,117,2,4050.5,89,2,4050.8,60,3
11483,2026-07-02 09:37:43+05:30,4050.0,15,4070.97,209297,80063.0,121594.0,4100.0,4110.0,4046.0,4092.6,22072750,4501.8,3683.4,4440.0,3288.1,4049.0,18,2,4048.8,146,7,4048.7,112,3,4048.6,49,3,4048.5,70,5,4050.0,546,6,4050.2,35,1,4050.4,117,2,4050.5,89,2,4050.8,60,3
11483,2026-07-02 09:37:43+05:30,4049.8,1,4070.97,209364,79963.0,121652.0,4100.0,4110.0,4046.0,4092.6,22072750,4501.8,3683.4,4440.0,3288.1,4048.8,121,7,4048.7,112,3,4048.6,30,2,4048.5,21,4,4048.4,100,1,4049.8,2,2,4050.0,550,7,4050.1,10,1,4050.2,35,1,4050.4,67,1
11483,2026-07-02 09:37:44+05:30,4051.5,3,4070.97,209364,79963.0,121652.0,4100.0,4110.0,4046.0,4092.6,22072750,4501.8,3683.4,4440.0,3288.1,4048.8,121,7,4048.7,112,3,4048.6,30,2,4048.5,21,4,4048.4,100,1,4049.8,2,2,4050.0,550,7,4050.1,10,1,4050.2,35,1,4050.4,67,1
11483,2026-07-02 09:37:44+05:30,4051.5,26,4070.32,216270,83027.0,117813.0,4100.0,4110.0,4046.0,4092.6,22072750,4501.8,3683.4,4440.0,3288.1,4051.4,13,1,4051.3,16,2,4051.2,15,2,4051.1,6,2,4051.0,7,1,4051.5,100,2,4052.1,4,1,4052.2,15,1,4052.6,7,1,4052.9,61,1
11483,2026-07-02 09:37:45+05:30,4051.5,7,4070.32,216270,83027.0,117813.0,4100.0,4110.0,4046.0,4092.6,22072750,4501.8,3683.4,4440.0,3288.1,4051.4,13,1,4051.3,16,2,4051.2,15,2,4051.1,6,2,4051.0,7,1,4051.5,100,2,4052.1,4,1,4052.2,15,1,4052.6,7,1,4052.9,61,1
11483,2026-07-02 09:37:45+05:30,4051.4,9,4070.32,216365,82622.0,118708.0,4100.0,4110.0,4046.0,4092.6,22072750,4501.8,3683.4,4440.0,3288.1,4051.4,28,1,4051.3,67,3,4051.2,3,1,4051.1,47,2,4050.9,42,1,4051.5,100,5,4051.8,22,1,4052.1,42,2,4052.2,82,2,4052.5,22,1
11483,2026-07-02 09:37:46+05:30,4051.4,15,4070.32,216365,82622.0,118708.0,4100.0,4110.0,4046.0,4092.6,22072750,4501.8,3683.4,4440.0,3288.1,4051.4,28,1,4051.3,67,3,4051.2,3,1,4051.1,47,2,4050.9,42,1,4051.5,100,5,4051.8,22,1,4052.1,42,2,4052.2,82,2,4052.5,22,1
11483,2026-07-02 09:37:46+05:30,4051.4,5,4070.3,216531,83097.0,118937.0,4100.0,4110.0,4046.0,4092.6,22072750,4501.8,3683.4,4440.0,3288.1,4051.3,67,3,4051.2,3,1,4051.1,47,2,4050.9,42,1,4050.8,9,1,4051.4,2,1,4051.5,100,4,4051.8,22,1,4052.1,42,2,4052.2,82,2
11483,2026-07-02 09:37:47+05:30,4051.4,8,4070.3,216531,83097.0,118937.0,4100.0,4110.0,4046.0,4092.6,22072750,4501.8,3683.4,4440.0,3288.1,4051.3,67,3,4051.2,3,1,4051.1,47,2,4050.9,42,1,4050.8,9,1,4051.4,2,1,4051.5,100,4,4051.8,22,1,4052.1,42,2,4052.2,82,2
11483,2026-07-02 09:37:47+05:30,4051.5,25,4070.28,216774,82910.0,119679.0,4100.0,4110.0,4046.0,4092.6,22072750,4501.8,3683.4,4440.0,3288.1,4051.4,52,1,4051.3,42,1,4051.2,41,1,4051.0,42,1,4050.8,42,1,4051.5,79,4,4051.8,22,1,4052.1,42,2,4052.2,82,2,4052.4,52,2
11483,2026-07-02 09:37:48+05:30,4051.5,25,4070.28,216774,82910.0,119679.0,4100.0,4110.0,4046.0,4092.6,22072750,4501.8,3683.4,4440.0,3288.1,4051.4,52,1,4051.3,42,1,4051.2,41,1,4051.0,42,1,4050.8,42,1,4051.5,79,4,4051.8,22,1,4052.1,42,2,4052.2,82,2,4052.4,52,2
11483,2026-07-02 09:37:48+05:30,4051.4,1,4070.28,216775,83816.0,119353.0,4100.0,4110.0,4046.0,4092.6,22072750,4501.8,3683.4,4440.0,3288.1,4051.4,41,1,4051.2,41,1,4051.1,42,1,4050.9,42,1,4050.4,47,2,4051.5,81,6,4051.8,22,1,4052.1,42,2,4052.2,82,2,4052.4,27,1
11483,2026-07-02 09:37:49+05:30,4051.4,1,4070.28,216775,83816.0,119353.0,4100.0,4110.0,4046.0,4092.6,22072750,4501.8,3683.4,4440.0,3288.1,4051.4,41,1,4051.2,41,1,4051.1,42,1,4050.9,42,1,4050.4,47,2,4051.5,81,6,4051.8,22,1,4052.1,42,2,4052.2,82,2,4052.4,27,1
11483,2026-07-02 09:37:49+05:30,4051.4,44,4070.27,216923,84143.0,119254.0,4100.0,4110.0,4046.0,4092.6,22072750,4501.8,3683.4,4440.0,3288.1,4051.3,49,3,4051.2,45,2,4051.1,42,1,4050.9,42,1,4050.6,23,2,4051.4,80,3,4051.5,4,4,4051.8,22,1,4052.1,42,2,4052.2,82,2
11483,2026-07-02 09:37:50+05:30,4051.5,1,4070.27,216923,84143.0,119254.0,4100.0,4110.0,4046.0,4092.6,22072750,4501.8,3683.4,4440.0,3288.1,4051.3,49,3,4051.2,45,2,4051.1,42,1,4050.9,42,1,4050.6,23,2,4051.4,80,3,4051.5,4,4,4051.8,22,1,4052.1,42,2,4052.2,82,2
11483,2026-07-02 09:37:50+05:30,4051.8,1,4070.24,217260,84106.0,118905.0,4100.0,4110.0,4046.0,4092.6,22072750,4501.8,3683.4,4440.0,3288.1,4051.6,3,1,4051.5,33,4,4051.3,69,5,4051.2,45,2,4051.1,42,1,4051.8,27,3,4052.1,42,2,4052.2,82,2,4052.6,74,2,4052.9,90,2
11483,2026-07-02 09:37:51+05:30,4051.8,2,4070.24,217260,84106.0,118905.0,4100.0,4110.0,4046.0,4092.6,22072750,4501.8,3683.4,4440.0,3288.1,4051.6,3,1,4051.5,33,4,4051.3,69,5,4051.2,45,2,4051.1,42,1,4051.8,27,3,4052.1,42,2,4052.2,82,2,4052.6,74,2,4052.9,90,2
11483,2026-07-02 09:37:52+05:30,4052.1,38,4070.23,217412,84530.0,118669.0,4100.0,4110.0,4046.0,4092.6,22072750,4501.8,3683.4,4440.0,3288.1,4051.9,39,4,4051.8,38,2,4051.7,47,2,4051.6,27,3,4051.5,45,4,4052.1,67,2,4052.2,82,2,4052.6,74,2,4052.9,90,2,4053.3,13,1
11483,2026-07-02 09:37:52+05:30,4052.1,3,4070.23,217412,84530.0,118669.0,4100.0,4110.0,4046.0,4092.6,22072750,4501.8,3683.4,4440.0,3288.1,4051.9,39,4,4051.8,38,2,4051.7,47,2,4051.6,27,3,4051.5,45,4,4052.1,67,2,4052.2,82,2,4052.6,74,2,4052.9,90,2,4053.3,13,1
11483,2026-07-02 09:37:53+05:30,4052.1,13,4070.21,217636,84617.0,118543.0,4100.0,4110.0,4046.0,4092.6,22072750,4501.8,3683.4,4440.0,3288.1,4052.1,6,1,4052.0,45,2,4051.9,41,3,4051.8,4,1,4051.7,42,1,4052.2,82,2,4052.6,74,2,4052.9,29,1,4053.4,28,2,4053.5,2,1
11483,2026-07-02 09:37:53+05:30,4052.1,4,4070.21,217636,84617.0,118543.0,4100.0,4110.0,4046.0,4092.6,22072750,4501.8,3683.4,4440.0,3288.1,4052.1,6,1,4052.0,45,2,4051.9,41,3,4051.8,4,1,4051.7,42,1,4052.2,82,2,4052.6,74,2,4052.9,29,1,4053.4,28,2,4053.5,2,1
11483,2026-07-02 09:37:54+05:30,4052.2,15,4070.19,217830,84709.0,118520.0,4100.0,4110.0,4046.0,4092.6,22072750,4501.8,3683.4,4440.0,3288.1,4052.1,8,1,4052.0,56,4,4051.9,4,1,4051.8,51,3,4051.6,57,3,4052.2,52,1,4052.6,74,2,4052.9,29,1,4053.4,28,2,4053.5,2,1
11483,2026-07-02 09:37:54+05:30,4052.2,15,4070.19,217830,84709.0,118520.0,4100.0,4110.0,4046.0,4092.6,22072750,4501.8,3683.4,4440.0,3288.1,4052.1,8,1,4052.0,56,4,4051.9,4,1,4051.8,51,3,4051.6,57,3,4052.2,52,1,4052.6,74,2,4052.9,29,1,4053.4,28,2,4053.5,2,1
11483,2026-07-02 09:37:55+05:30,4052.1,1,4070.19,217830,84709.0,118520.0,4100.0,4110.0,4046.0,4092.6,22072750,4501.8,3683.4,4440.0,3288.1,4052.1,8,1,4052.0,56,4,4051.9,4,1,4051.8,51,3,4051.6,57,3,4052.2,52,1,4052.6,74,2,4052.9,29,1,4053.4,28,2,4053.5,2,1
11483,2026-07-02 09:37:55+05:30,4052.1,1,4070.19,217835,84902.0,118591.0,4100.0,4110.0,4046.0,4092.6,22072750,4501.8,3683.4,4440.0,3288.1,4052.0,3,1,4051.9,4,1,4051.8,4,1,4051.6,15,2,4051.5,9,2,4052.2,53,3,4052.6,74,2,4052.9,29,1,4053.1,33,2,4053.2,12,1
11483,2026-07-02 09:37:56+05:30,4052.0,1,4070.19,217835,84902.0,118591.0,4100.0,4110.0,4046.0,4092.6,22072750,4501.8,3683.4,4440.0,3288.1,4052.0,3,1,4051.9,4,1,4051.8,4,1,4051.6,15,2,4051.5,9,2,4052.2,53,3,4052.6,74,2,4052.9,29,1,4053.1,33,2,4053.2,12,1
11483,2026-07-02 09:37:56+05:30,4052.0,1,4070.19,217837,84823.0,118528.0,4100.0,4110.0,4046.0,4092.6,22072750,4501.8,3683.4,4440.0,3288.1,4052.0,132,4,4051.9,4,1,4051.8,9,2,4051.6,23,3,4051.5,14,3,4052.2,52,3,4052.6,74,2,4052.9,29,1,4053.3,28,2,4053.4,28,2
11483,2026-07-02 09:37:57+05:30,4052.2,46,4070.19,217837,84823.0,118528.0,4100.0,4110.0,4046.0,4092.6,22072750,4501.8,3683.4,4440.0,3288.1,4052.0,132,4,4051.9,4,1,4051.8,9,2,4051.6,23,3,4051.5,14,3,4052.2,52,3,4052.6,74,2,4052.9,29,1,4053.3,28,2,4053.4,28,2
11483,2026-07-02 09:37:57+05:30,4052.0,1,4070.18,217968,84727.0,117875.0,4100.0,4110.0,4046.0,4092.6,22072750,4501.8,3683.4,4440.0,3288.1,4052.0,52,4,4051.9,4,1,4051.8,71,4,4051.6,23,3,4051.5,27,5,4052.1,42,1,4052.2,47,4,4052.4,42,1,4052.6,116,3,4052.9,29,1
11483,2026-07-02 09:37:58+05:30,4052.1,1,4070.18,217968,84727.0,117875.0,4100.0,4110.0,4046.0,4092.6,22072750,4501.8,3683.4,4440.0,3288.1,4052.0,52,4,4051.9,4,1,4051.8,71,4,4051.6,23,3,4051.5,27,5,4052.1,42,1,4052.2,47,4,4052.4,42,1,4052.6,116,3,4052.9,29,1
11483,2026-07-02 09:37:58+05:30,4051.8,5,4070.17,218034,84729.0,118890.0,4100.0,4110.0,4046.0,4092.6,22072750,4501.8,3683.4,4440.0,3288.1,4051.8,42,1,4051.6,2,1,4051.5,14,3,4051.4,42,4,4051.3,10,2,4052.0,52,1,4052.1,43,3,4052.2,47,4,4052.4,42,1,4052.6,116,3
11483,2026-07-02 09:37:59+05:30,4051.8,3,4070.17,218034,84729.0,118890.0,4100.0,4110.0,4046.0,4092.6,22072750,4501.8,3683.4,4440.0,3288.1,4051.8,42,1,4051.6,2,1,4051.5,14,3,4051.4,42,4,4051.3,10,2,4052.0,52,1,4052.1,43,3,4052.2,47,4,4052.4,42,1,4052.6,116,3
11483,2026-07-02 09:37:59+05:30,4051.5,3,4070.17,218081,84420.0,119106.0,4100.0,4110.0,4046.0,4092.6,22072750,4501.8,3683.4,4440.0,3288.1,4051.4,42,4,4051.3,5,1,4050.9,2,1,4050.6,15,1,4050.4,44,3,4051.5,1,1,4051.6,52,1,4051.8,47,4,4052.0,59,2,4052.1,43,3
11483,2026-07-02 09:38:00+05:30,4051.6,2,4070.17,218081,84420.0,119106.0,4100.0,4110.0,4046.0,4092.6,22072750,4501.8,3683.4,4440.0,3288.1,4051.4,42,4,4051.3,5,1,4050.9,2,1,4050.6,15,1,4050.4,44,3,4051.5,1,1,4051.6,52,1,4051.8,47,4,4052.0,59,2,4052.1,43,3
11483,2026-07-02 09:38:00+05:30,4051.5,1,4070.17,218088,84326.0,119181.0,4100.0,4110.0,4046.0,4092.6,22072750,4501.8,3683.4,4440.0,3288.1,4051.5,170,1,4051.4,42,4,4051.3,5,1,4050.9,2,1,4050.6,15,1,4051.7,42,1,4051.8,5,3,4051.9,42,1,4052.0,17,1,4052.1,85,4
11483,2026-07-02 09:38:01+05:30,4051.5,45,4070.17,218088,84326.0,119181.0,4100.0,4110.0,4046.0,4092.6,22072750,4501.8,3683.4,4440.0,3288.1,4051.5,170,1,4051.4,42,4,4051.3,5,1,4050.9,2,1,4050.6,15,1,4051.7,42,1,4051.8,5,3,4051.9,42,1,4052.0,17,1,4052.1,85,4
11483,2026-07-02 09:38:01+05:30,4051.7,1,4070.16,218149,84425.0,119179.0,4100.0,4110.0,4046.0,4092.6,22072750,4501.8,3683.4,4440.0,3288.1,4051.5,133,2,4051.4,41,3,4051.3,5,1,4050.6,15,1,4050.4,44,3,4051.7,35,1,4051.8,5,3,4051.9,42,1,4052.0,17,1,4052.1,85,4
11483,2026-07-02 09:38:02+05:30,4052.1,41,4070.16,218149,84425.0,119179.0,4100.0,4110.0,4046.0,4092.6,22072750,4501.8,3683.4,4440.0,3288.1,4051.5,133,2,4051.4,41,3,4051.3,5,1,4050.6,15,1,4050.4,44,3,4051.7,35,1,4051.8,5,3,4051.9,42,1,4052.0,17,1,4052.1,85,4
11483,2026-07-02 09:38:02+05:30,4052.2,4,4070.14,218437,84907.0,119016.0,4100.0,4110.0,4046.0,4092.6,22072750,4501.8,3683.4,4440.0,3288.1,4051.7,26,3,4051.5,59,3,4051.4,41,3,4051.3,16,2,4051.2,29,1,4051.9,2,1,4052.2,23,3,4052.6,74,2,4052.9,29,1,4053.3,40,2
11483,2026-07-02 09:38:03+05:30,4052.2,4,4070.14,218437,84907.0,119016.0,4100.0,4110.0,4046.0,4092.6,22072750,4501.8,3683.4,4440.0,3288.1,4051.7,26,3,4051.5,59,3,4051.4,41,3,4051.3,16,2,4051.2,29,1,4051.9,2,1,4052.2,23,3,4052.6,74,2,4052.9,29,1,4053.3,40,2
11483,2026-07-02 09:38:03+05:30,4051.8,1,4070.14,218481,85027.0,118852.0,4100.0,4110.0,4046.0,4092.6,22072750,4501.8,3683.4,4440.0,3288.1,4051.8,38,4,4051.7,11,4,4051.5,130,8,4051.4,41,3,4051.3,44,3,4051.9,42,1,4052.1,42,1,4052.2,23,3,4052.3,42,1,4052.6,74,2
11483,2026-07-02 09:38:04+05:30,4051.8,3,4070.14,218481,85027.0,118852.0,4100.0,4110.0,4046.0,4092.6,22072750,4501.8,3683.4,4440.0,3288.1,4051.8,38,4,4051.7,11,4,4051.5,130,8,4051.4,41,3,4051.3,44,3,4051.9,42,1,4052.1,42,1,4052.2,23,3,4052.3,42,1,4052.6,74,2
11483,2026-07-02 09:38:05+05:30,4052.1,5,4070.12,218625,85224.0,118460.0,4100.0,4110.0,4046.0,4092.6,22072750,4501.8,3683.4,4440.0,3288.1,4052.0,64,7,4051.9,23,3,4051.8,10,3,4051.7,8,3,4051.6,1,1,4052.1,2,1,4052.2,23,3,4052.6,74,2,4052.7,42,1,4052.9,29,1
11483,2026-07-02 09:38:05+05:30,4052.6,31,4070.12,218625,85224.0,118460.0,4100.0,4110.0,4046.0,4092.6,22072750,4501.8,3683.4,4440.0,3288.1,4052.0,64,7,4051.9,23,3,4051.8,10,3,4051.7,8,3,4051.6,1,1,4052.1,2,1,4052.2,23,3,4052.6,74,2,4052.7,42,1,4052.9,29,1
11483,2026-07-02 09:38:05+05:30,4052.6,31,4070.12,218625,85224.0,118460.0,4100.0,4110.0,4046.0,4092.6,22072750,4501.8,3683.4,4440.0,3288.1,4052.0,64,7,4051.9,23,3,4051.8,10,3,4051.7,8,3,4051.6,1,1,4052.1,2,1,4052.2,23,3,4052.6,74,2,4052.7,42,1,4052.9,29,1
11483,2026-07-02 09:38:06+05:30,4052.6,31,4070.12,218625,85224.0,118460.0,4100.0,4110.0,4046.0,4092.6,22072750,4501.8,3683.4,4440.0,3288.1,4052.0,64,7,4051.9,23,3,4051.8,10,3,4051.7,8,3,4051.6,1,1,4052.1,2,1,4052.2,23,3,4052.6,74,2,4052.7,42,1,4052.9,29,1
11483,2026-07-02 09:38:06+05:30,4051.9,1,4070.09,219046,85170.0,118031.0,4100.0,4110.0,4046.0,4092.6,22072750,4501.8,3683.4,4440.0,3288.1,4051.9,58,6,4051.8,6,2,4051.7,22,4,4051.6,1,1,4051.5,165,9,4052.6,94,2,4052.9,29,1,4053.4,15,1,4053.5,2,1,4053.7,74,2
11483,2026-07-02 09:38:06+05:30,4051.9,1,4070.09,219046,85170.0,118031.0,4100.0,4110.0,4046.0,4092.6,22072750,4501.8,3683.4,4440.0,3288.1,4051.9,58,6,4051.8,6,2,4051.7,22,4,4051.6,1,1,4051.5,165,9,4052.6,94,2,4052.9,29,1,4053.4,15,1,4053.5,2,1,4053.7,74,2
11483,2026-07-02 09:38:06+05:30,4051.9,1,4070.09,219046,85170.0,118031.0,4100.0,4110.0,4046.0,4092.6,22072750,4501.8,3683.4,4440.0,3288.1,4051.9,58,6,4051.8,6,2,4051.7,22,4,4051.6,1,1,4051.5,165,9,4052.6,94,2,4052.9,29,1,4053.4,15,1,4053.5,2,1,4053.7,74,2
11483,2026-07-02 09:38:07+05:30,4051.9,2,4070.09,219073,85313.0,118301.0,4100.0,4110.0,4046.0,4092.6,22072750,4501.8,3683.4,4440.0,3288.1,4051.9,32,4,4051.8,31,3,4051.7,5,2,4051.6,1,1,4051.5,184,8,4052.2,9,1,4052.6,82,2,4052.8,6,1,4052.9,29,1,4053.4,28,2
11483,2026-07-02 09:38:07+05:30,4051.9,2,4070.09,219073,85313.0,118301.0,4100.0,4110.0,4046.0,4092.6,22072750,4501.8,3683.4,4440.0,3288.1,4051.9,32,4,4051.8,31,3,4051.7,5,2,4051.6,1,1,4051.5,184,8,4052.2,9,1,4052.6,82,2,4052.8,6,1,4052.9,29,1,4053.4,28,2
11483,2026-07-02 09:38:07+05:30,4051.9,2,4070.09,219073,85313.0,118301.0,4100.0,4110.0,4046.0,4092.6,22072750,4501.8,3683.4,4440.0,3288.1,4051.9,32,4,4051.8,31,3,4051.7,5,2,4051.6,1,1,4051.5,184,8,4052.2,9,1,4052.6,82,2,4052.8,6,1,4052.9,29,1,4053.4,28,2
11483,2026-07-02 09:38:08+05:30,4051.9,2,4070.09,219073,85313.0,118301.0,4100.0,4110.0,4046.0,4092.6,22072750,4501.8,3683.4,4440.0,3288.1,4051.9,32,4,4051.8,31,3,4051.7,5,2,4051.6,1,1,4051.5,184,8,4052.2,9,1,4052.6,82,2,4052.8,6,1,4052.9,29,1,4053.4,28,2
11483,2026-07-02 09:38:08+05:30,4052.1,19,4070.09,219073,85313.0,118301.0,4100.0,4110.0,4046.0,4092.6,22072750,4501.8,3683.4,4440.0,3288.1,4051.9,32,4,4051.8,31,3,4051.7,5,2,4051.6,1,1,4051.5,184,8,4052.2,9,1,4052.6,82,2,4052.8,6,1,4052.9,29,1,4053.4,28,2
11483,2026-07-02 09:38:08+05:30,4052.1,19,4070.09,219073,85313.0,118301.0,4100.0,4110.0,4046.0,4092.6,22072750,4501.8,3683.4,4440.0,3288.1,4051.9,32,4,4051.8,31,3,4051.7,5,2,4051.6,1,1,4051.5,184,8,4052.2,9,1,4052.6,82,2,4052.8,6,1,4052.9,29,1,4053.4,28,2
11483,2026-07-02 09:38:08+05:30,4052.0,6,4070.08,219221,85139.0,118428.0,4100.0,4110.0,4046.0,4092.6,22072750,4501.8,3683.4,4440.0,3288.1,4052.0,28,3,4051.9,26,4,4051.8,48,5,4051.7,8,3,4051.6,3,2,4052.2,2,1,4052.4,42,1,4052.6,90,3,4052.9,29,1,4053.4,50,3
11483,2026-07-02 09:38:08+05:30,4052.0,6,4070.08,219221,85139.0,118428.0,4100.0,4110.0,4046.0,4092.6,22086750,4501.8,3683.4,4440.0,3288.1,4052.0,28,3,4051.9,26,4,4051.8,48,5,4051.7,8,3,4051.6,3,2,4052.2,2,1,4052.4,42,1,4052.6,90,3,4052.9,29,1,4053.4,50,3
11483,2026-07-02 09:38:09+05:30,4052.3,22,4070.08,219221,85139.0,118428.0,4100.0,4110.0,4046.0,4092.6,22086750,4501.8,3683.4,4440.0,3288.1,4052.0,28,3,4051.9,26,4,4051.8,48,5,4051.7,8,3,4051.6,3,2,4052.2,2,1,4052.4,42,1,4052.6,90,3,4052.9,29,1,4053.4,50,3
11483,2026-07-02 09:38:09+05:30,4052.3,22,4070.08,219221,85139.0,118428.0,4100.0,4110.0,4046.0,4092.6,22086750,4501.8,3683.4,4440.0,3288.1,4052.0,28,3,4051.9,26,4,4051.8,48,5,4051.7,8,3,4051.6,3,2,4052.2,2,1,4052.4,42,1,4052.6,90,3,4052.9,29,1,4053.4,50,3
11483,2026-07-02 09:38:09+05:30,4052.3,22,4070.06,219452,85464.0,118104.0,4100.0,4110.0,4046.0,4092.6,22086750,4501.8,3683.4,4440.0,3288.1,4052.1,8,1,4052.0,50,6,4051.9,31,5,4051.8,36,4,4051.7,9,4,4052.6,26,4,4052.9,29,1,4053.4,15,1,4053.5,17,2,4053.7,13,1
11483,2026-07-02 09:38:09+05:30,4052.3,22,4070.06,219452,85464.0,118104.0,4100.0,4110.0,4046.0,4092.6,22086750,4501.8,3683.4,4440.0,3288.1,4052.1,8,1,4052.0,50,6,4051.9,31,5,4051.8,36,4,4051.7,9,4,4052.6,26,4,4052.9,29,1,4053.4,15,1,4053.5,17,2,4053.7,13,1
11483,2026-07-02 09:38:10+05:30,4052.3,22,4070.06,219452,85464.0,118104.0,4100.0,4110.0,4046.0,4092.6,22086750,4501.8,3683.4,4440.0,3288.1,4052.1,8,1,4052.0,50,6,4051.9,31,5,4051.8,36,4,4051.7,9,4,4052.6,26,4,4052.9,29,1,4053.4,15,1,4053.5,17,2,4053.7,13,1
11483,2026-07-02 09:38:10+05:30,4052.1,5,4070.06,219452,85464.0,118104.0,4100.0,4110.0,4046.0,4092.6,22086750,4501.8,3683.4,4440.0,3288.1,4052.1,8,1,4052.0,50,6,4051.9,31,5,4051.8,36,4,4051.7,9,4,4052.6,26,4,4052.9,29,1,4053.4,15,1,4053.5,17,2,4053.7,13,1
11483,2026-07-02 09:38:10+05:30,4052.1,51,4070.05,219537,85470.0,118790.0,4100.0,4110.0,4046.0,4092.6,22086750,4501.8,3683.4,4440.0,3288.1,4052.0,43,6,4051.9,33,4,4051.8,33,3,4051.7,2,2,4051.6,3,2,4052.2,42,1,4052.3,43,2,4052.5,42,1,4052.6,26,4,4052.7,42,1
11483,2026-07-02 09:38:11+05:30,4052.5,2,4070.05,219537,85470.0,118790.0,4100.0,4110.0,4046.0,4092.6,22086750,4501.8,3683.4,4440.0,3288.1,4052.0,43,6,4051.9,33,4,4051.8,33,3,4051.7,2,2,4051.6,3,2,4052.2,42,1,4052.3,43,2,4052.5,42,1,4052.6,26,4,4052.7,42,1
11483,2026-07-02 09:38:11+05:30,4052.5,2,4070.03,219807,85799.0,117937.0,4100.0,4110.0,4046.0,4092.6,22086750,4501.8,3683.4,4440.0,3288.1,4052.1,9,1,4052.0,80,8,4051.9,40,4,4051.8,28,2,4051.7,8,4,4052.5,4,1,4052.6,114,6,4052.9,29,1,4053.4,15,1,4053.5,2,1
11483,2026-07-02 09:38:12+05:30,4052.5,1,4070.03,219807,85799.0,117937.0,4100.0,4110.0,4046.0,4092.6,22086750,4501.8,3683.4,4440.0,3288.1,4052.1,9,1,4052.0,80,8,4051.9,40,4,4051.8,28,2,4051.7,8,4,4052.5,4,1,4052.6,114,6,4052.9,29,1,4053.4,15,1,4053.5,2,1
11483,2026-07-02 09:38:12+05:30,4052.5,1,4070.02,219853,85916.0,117355.0,4100.0,4110.0,4046.0,4092.6,22086750,4501.8,3683.4,4440.0,3288.1,4052.2,40,4,4052.1,14,2,4052.0,95,9,4051.9,21,3,4051.8,40,3,4052.5,55,4,4052.6,72,5,4052.8,42,1,4052.9,29,1,4053.4,15,1
11483,2026-07-02 09:38:13+05:30,4052.5,6,4070.02,219853,85916.0,117355.0,4100.0,4110.0,4046.0,4092.6,22086750,4501.8,3683.4,4440.0,3288.1,4052.2,40,4,4052.1,14,2,4052.0,95,9,4051.9,21,3,4051.8,40,3,4052.5,55,4,4052.6,72,5,4052.8,42,1,4052.9,29,1,4053.4,15,1
11483,2026-07-02 09:38:13+05:30,4052.5,6,4070.01,220079,85942.0,118121.0,4100.0,4110.0,4046.0,4092.6,22086750,4501.8,3683.4,4440.0,3288.1,4052.0,73,5,4051.9,21,3,4051.8,28,2,4051.7,2,2,4051.6,8,3,4052.2,2,1,4052.5,68,9,4052.6,72,5,4052.7,42,1,4052.8,14,1
11483,2026-07-02 09:38:14+05:30,4052.0,2,4070.01,220079,85942.0,118121.0,4100.0,4110.0,4046.0,4092.6,22086750,4501.8,3683.4,4440.0,3288.1,4052.0,73,5,4051.9,21,3,4051.8,28,2,4051.7,2,2,4051.6,8,3,4052.2,2,1,4052.5,68,9,4052.6,72,5,4052.7,42,1,4052.8,14,1
11483,2026-07-02 09:38:14+05:30,4052.0,8,4069.98,220410,85833.0,118377.0,4100.0,4110.0,4046.0,4092.6,22086750,4501.8,3683.4,4440.0,3288.1,4052.0,12,1,4051.8,28,2,4051.7,2,2,4051.6,9,3,4051.5,164,7,4052.5,62,9,4052.6,67,2,4052.9,29,1,4053.1,20,1,4053.2,21,1
11483,2026-07-02 09:38:15+05:30,4052.0,1,4069.98,220410,85833.0,118377.0,4100.0,4110.0,4046.0,4092.6,22086750,4501.8,3683.4,4440.0,3288.1,4052.0,12,1,4051.8,28,2,4051.7,2,2,4051.6,9,3,4051.5,164,7,4052.5,62,9,4052.6,67,2,4052.9,29,1,4053.1,20,1,4053.2,21,1
11483,2026-07-02 09:38:15+05:30,4052.2,39,4069.96,220583,85676.0,118454.0,4100.0,4110.0,4046.0,4092.6,22086750,4501.8,3683.4,4440.0,3288.1,4051.8,31,2,4051.7,2,2,4051.6,9,3,4051.5,127,6,4051.4,16,3,4052.2,3,1,4052.5,51,7,4052.6,67,2,4052.9,29,1,4053.0,12,1
11483,2026-07-02 09:38:16+05:30,4052.2,1,4069.96,220583,85676.0,118454.0,4100.0,4110.0,4046.0,4092.6,22086750,4501.8,3683.4,4440.0,3288.1,4051.8,31,2,4051.7,2,2,4051.6,9,3,4051.5,127,6,4051.4,16,3,4052.2,3,1,4052.5,51,7,4052.6,67,2,4052.9,29,1,4053.0,12,1
11483,2026-07-02 09:38:16+05:30,4051.0,10,4069.92,221066,83740.0,120031.0,4100.0,4110.0,4046.0,4092.6,22086750,4501.8,3683.4,4440.0,3288.1,4050.0,410,26,4049.8,176,2,4049.6,13,2,4049.5,12,1,4049.2,26,2,4051.1,12,1,4051.2,66,5,4051.3,40,2,4051.4,15,3,4051.5,59,5
11483,2026-07-02 09:38:17+05:30,4050.0,1,4069.92,221066,83740.0,120031.0,4100.0,4110.0,4046.0,4092.6,22086750,4501.8,3683.4,4440.0,3288.1,4050.0,410,26,4049.8,176,2,4049.6,13,2,4049.5,12,1,4049.2,26,2,4051.1,12,1,4051.2,66,5,4051.3,40,2,4051.4,15,3,4051.5,59,5
11483,2026-07-02 09:38:17+05:30,4051.0,1,4069.92,221080,84002.0,120128.0,4100.0,4110.0,4046.0,4092.6,22086750,4501.8,3683.4,4440.0,3288.1,4050.0,408,26,4049.8,176,2,4049.6,24,2,4049.5,12,1,4049.2,26,2,4051.0,7,3,4051.2,12,2,4051.4,8,2,4051.5,67,4,4051.6,19,3
11483,2026-07-02 09:38:18+05:30,4051.0,1,4069.92,221080,84002.0,120128.0,4100.0,4110.0,4046.0,4092.6,22086750,4501.8,3683.4,4440.0,3288.1,4050.0,408,26,4049.8,176,2,4049.6,24,2,4049.5,12,1,4049.2,26,2,4051.0,7,3,4051.2,12,2,4051.4,8,2,4051.5,67,4,4051.6,19,3
11483,2026-07-02 09:38:19+05:30,4051.0,1,4069.92,221123,83957.0,119466.0,4100.0,4110.0,4046.0,4092.6,22086750,4501.8,3683.4,4440.0,3288.1,4050.3,64,6,4050.2,221,5,4050.1,22,3,4050.0,408,28,4049.9,14,1,4051.0,7,5,4051.7,4,1,4051.8,35,2,4052.0,52,4,4052.1,11,1
11483,2026-07-02 09:38:19+05:30,4051.0,1,4069.92,221123,83957.0,119466.0,4100.0,4110.0,4046.0,4092.6,22086750,4501.8,3683.4,4440.0,3288.1,4050.3,64,6,4050.2,221,5,4050.1,22,3,4050.0,408,28,4049.9,14,1,4051.0,7,5,4051.7,4,1,4051.8,35,2,4052.0,52,4,4052.1,11,1
11483,2026-07-02 09:38:20+05:30,4052.0,1,4069.91,221200,84339.0,119551.0,4100.0,4110.0,4046.0,4092.6,22086750,4501.8,3683.4,4440.0,3288.1,4050.5,70,7,4050.3,13,2,4050.2,31,4,4050.1,65,4,4050.0,560,33,4052.0,9,3,4052.2,3,2,4052.4,4,1,4052.5,32,3,4052.6,81,3
11483,2026-07-02 09:38:20+05:30,4052.0,1,4069.91,221200,84339.0,119551.0,4100.0,4110.0,4046.0,4092.6,22086750,4501.8,3683.4,4440.0,3288.1,4050.5,70,7,4050.3,13,2,4050.2,31,4,4050.1,65,4,4050.0,560,33,4052.0,9,3,4052.2,3,2,4052.4,4,1,4052.5,32,3,4052.6,81,3
11483,2026-07-02 09:38:21+05:30,4052.0,1,4069.91,221238,84457.0,119795.0,4100.0,4110.0,4046.0,4092.6,22086750,4501.8,3683.4,4440.0,3288.1,4051.0,15,1,4050.8,32,4,4050.7,28,2,4050.6,13,2,4050.5,62,6,4052.0,2,2,4052.4,43,2,4052.5,17,1,4052.6,67,2,4052.9,29,1
11483,2026-07-02 09:38:21+05:30,4052.0,1,4069.91,221238,84457.0,119795.0,4100.0,4110.0,4046.0,4092.6,22086750,4501.8,3683.4,4440.0,3288.1,4051.0,15,1,4050.8,32,4,4050.7,28,2,4050.6,13,2,4050.5,62,6,4052.0,2,2,4052.4,43,2,4052.5,17,1,4052.6,67,2,4052.9,29,1
11483,2026-07-02 09:38:22+05:30,4052.0,1,4069.91,221240,85306.0,119453.0,4100.0,4110.0,4046.0,4092.6,22086750,4501.8,3683.4,4440.0,3288.1,4051.8,25,1,4051.0,25,3,4050.8,25,2,4050.7,28,2,4050.6,23,3,4052.0,2,2,4052.4,18,2,4052.5,32,2,4052.6,67,2,4052.9,29,1
11483,2026-07-02 09:38:22+05:30,4052.0,1,4069.91,221240,85306.0,119453.0,4100.0,4110.0,4046.0,4092.6,22086750,4501.8,3683.4,4440.0,3288.1,4051.8,25,1,4051.0,25,3,4050.8,25,2,4050.7,28,2,4050.6,23,3,4052.0,2,2,4052.4,18,2,4052.5,32,2,4052.6,67,2,4052.9,29,1
11483,2026-07-02 09:38:23+05:30,4052.2,19,4069.91,221240,85306.0,119453.0,4100.0,4110.0,4046.0,4092.6,22086750,4501.8,3683.4,4440.0,3288.1,4051.8,25,1,4051.0,25,3,4050.8,25,2,4050.7,28,2,4050.6,23,3,4052.0,2,2,4052.4,18,2,4052.5,32,2,4052.6,67,2,4052.9,29,1
11483,2026-07-02 09:38:23+05:30,4052.2,19,4069.91,221268,86466.0,119003.0,4100.0,4110.0,4046.0,4092.6,22086750,4501.8,3683.4,4440.0,3288.1,4052.2,30,1,4052.0,1209,1,4051.8,25,1,4051.2,26,2,4051.0,25,3,4052.5,53,7,4052.6,67,2,4052.9,41,2,4053.0,48,2,4053.1,16,1
11483,2026-07-02 09:38:24+05:30,4052.5,5,4069.91,221268,86466.0,119003.0,4100.0,4110.0,4046.0,4092.6,22086750,4501.8,3683.4,4440.0,3288.1,4052.2,30,1,4052.0,1209,1,4051.8,25,1,4051.2,26,2,4051.0,25,3,4052.5,53,7,4052.6,67,2,4052.9,41,2,4053.0,48,2,4053.1,16,1
11483,2026-07-02 09:38:24+05:30,4052.5,5,4069.91,221278,86539.0,119034.0,4100.0,4110.0,4046.0,4092.6,22086750,4501.8,3683.4,4440.0,3288.1,4052.2,26,1,4052.0,1209,1,4051.8,25,1,4051.2,41,2,4051.0,26,4,4052.5,53,9,4052.6,99,5,4052.7,9,1,4052.9,41,2,4053.0,48,2
11483,2026-07-02 09:38:25+05:30,4052.5,2,4069.91,221278,86539.0,119034.0,4100.0,4110.0,4046.0,4092.6,22086750,4501.8,3683.4,4440.0,3288.1,4052.2,26,1,4052.0,1209,1,4051.8,25,1,4051.2,41,2,4051.0,26,4,4052.5,53,9,4052.6,99,5,4052.7,9,1,4052.9,41,2,4053.0,48,2
11483,2026-07-02 09:38:25+05:30,4052.5,3,4069.91,221291,86702.0,118614.0,4100.0,4110.0,4046.0,4092.6,22086750,4501.8,3683.4,4440.0,3288.1,4052.2,26,1,4052.0,1234,2,4051.8,25,1,4051.2,54,3,4051.0,76,5,4052.5,26,7,4052.6,67,2,4052.7,30,3,4052.8,11,1,4052.9,41,2
11483,2026-07-02 09:38:26+05:30,4052.5,1,4069.91,221291,86702.0,118614.0,4100.0,4110.0,4046.0,4092.6,22086750,4501.8,3683.4,4440.0,3288.1,4052.2,26,1,4052.0,1234,2,4051.8,25,1,4051.2,54,3,4051.0,76,5,4052.5,26,7,4052.6,67,2,4052.7,30,3,4052.8,11,1,4052.9,41,2
11483,2026-07-02 09:38:26+05:30,4052.5,8,4069.9,221308,86596.0,118595.0,4100.0,4110.0,4046.0,4092.6,22086750,4501.8,3683.4,4440.0,3288.1,4052.2,18,1,4052.0,1236,3,4051.8,25,1,4051.2,54,3,4051.0,97,7,4052.5,29,11,4052.6,67,2,4052.7,18,2,4052.8,11,1,4052.9,54,3
11483,2026-07-02 09:38:27+05:30,4052.6,5,4069.9,221308,86596.0,118595.0,4100.0,4110.0,4046.0,4092.6,22086750,4501.8,3683.4,4440.0,3288.1,4052.2,18,1,4052.0,1236,3,4051.8,25,1,4051.2,54,3,4051.0,97,7,4052.5,29,11,4052.6,67,2,4052.7,18,2,4052.8,11,1,4052.9,54,3
11483,2026-07-02 09:38:27+05:30,4052.2,1,4069.9,221419,86734.0,118629.0,4100.0,4110.0,4046.0,4092.6,22086750,4501.8,3683.4,4440.0,3288.1,4052.2,12,1,4052.0,1288,5,4051.8,25,1,4051.2,54,3,4051.0,101,8,4052.6,64,5,4052.9,41,2,4053.0,26,2,4053.1,50,3,4053.2,18,1
11483,2026-07-02 09:38:28+05:30,4051.0,30,4069.9,221419,86734.0,118629.0,4100.0,4110.0,4046.0,4092.6,22086750,4501.8,3683.4,4440.0,3288.1,4052.2,12,1,4052.0,1288,5,4051.8,25,1,4051.2,54,3,4051.0,101,8,4052.6,64,5,4052.9,41,2,4053.0,26,2,4053.1,50,3,4053.2,18,1
11483,2026-07-02 09:38:28+05:30,4051.0,50,4069.77,222920,84139.0,120182.0,4100.0,4110.0,4046.0,4092.6,22086750,4501.8,3683.4,4440.0,3288.1,4050.7,5,1,4050.5,1,1,4050.0,774,34,4049.8,14,2,4049.6,12,1,4051.0,15,1,4051.6,39,3,4051.9,55,3,4052.0,60,5,4052.1,87,6
11483,2026-07-02 09:38:29+05:30,4051.0,2,4069.77,222920,84139.0,120182.0,4100.0,4110.0,4046.0,4092.6,22086750,4501.8,3683.4,4440.0,3288.1,4050.7,5,1,4050.5,1,1,4050.0,774,34,4049.8,14,2,4049.6,12,1,4051.0,15,1,4051.6,39,3,4051.9,55,3,4052.0,60,5,4052.1,87,6
11483,2026-07-02 09:38:29+05:30,4052.2,1,4069.76,223152,84320.0,119385.0,4100.0,4110.0,4046.0,4092.6,22086750,4501.8,3683.4,4440.0,3288.1,4050.9,10,1,4050.8,10,2,4050.7,4,1,4050.6,6,1,4050.5,65,3,4052.2,12,2,4052.4,42,2,4052.5,30,2,4052.6,49,4,4052.7,56,3
11483,2026-07-02 09:38:30+05:30,4051.9,10,4069.76,223152,84320.0,119385.0,4100.0,4110.0,4046.0,4092.6,22086750,4501.8,3683.4,4440.0,3288.1,4050.9,10,1,4050.8,10,2,4050.7,4,1,4050.6,6,1,4050.5,65,3,4052.2,12,2,4052.4,42,2,4052.5,30,2,4052.6,49,4,4052.7,56,3
11483,2026-07-02 09:38:30+05:30,4051.5,3,4069.75,223285,83739.0,120203.0,4100.0,4110.0,4046.0,4092.6,22086750,4501.8,3683.4,4440.0,3288.1,4050.7,3,1,4050.5,1,1,4050.1,12,1,4050.0,592,35,4049.8,14,2,4051.5,520,5,4051.6,17,2,4051.7,9,1,4051.8,31,2,4051.9,27,3
11483,2026-07-02 09:38:31+05:30,4051.3,25,4069.75,223285,83739.0,120203.0,4100.0,4110.0,4046.0,4092.6,22086750,4501.8,3683.4,4440.0,3288.1,4050.7,3,1,4050.5,1,1,4050.1,12,1,4050.0,592,35,4049.8,14,2,4051.5,520,5,4051.6,17,2,4051.7,9,1,4051.8,31,2,4051.9,27,3
11483,2026-07-02 09:38:31+05:30,4050.2,1,4069.74,223345,83781.0,120787.0,4100.0,4110.0,4046.0,4092.6,22086750,4501.8,3683.4,4440.0,3288.1,4050.2,46,5,4050.1,33,3,4050.0,596,36,4049.9,8,1,4049.8,60,3,4051.3,440,3,4051.4,3,1,4051.5,6,3,4051.9,27,3,4052.0,35,4
11483,2026-07-02 09:38:32+05:30,4050.1,10,4069.74,223345,83781.0,120787.0,4100.0,4110.0,4046.0,4092.6,22086750,4501.8,3683.4,4440.0,3288.1,4050.2,46,5,4050.1,33,3,4050.0,596,36,4049.9,8,1,4049.8,60,3,4051.3,440,3,4051.4,3,1,4051.5,6,3,4051.9,27,3,4052.0,35,4
11483,2026-07-02 09:38:32+05:30,4050.7,1,4069.73,223412,83086.0,120463.0,4100.0,4110.0,4046.0,4092.6,22086750,4501.8,3683.4,4440.0,3288.1,4050.1,34,3,4050.0,601,38,4049.8,1,1,4049.7,44,3,4049.6,5,1,4050.7,393,1,4051.3,4,4,4051.5,2,2,4051.7,8,1,4051.9,27,3
11483,2026-07-02 09:38:33+05:30,4050.1,1,4069.73,223412,83086.0,120463.0,4100.0,4110.0,4046.0,4092.6,22086750,4501.8,3683.4,4440.0,3288.1,4050.1,34,3,4050.0,601,38,4049.8,1,1,4049.7,44,3,4049.6,5,1,4050.7,393,1,4051.3,4,4,4051.5,2,2,4051.7,8,1,4051.9,27,3
11483,2026-07-02 09:38:33+05:30,4050.7,1,4069.7,223816,83928.0,119358.0,4100.0,4110.0,4046.0,4092.6,22086750,4501.8,3683.4,4440.0,3288.1,4050.7,5,1,4050.4,31,3,4050.3,14,1,4050.2,103,6,4050.1,126,6,4051.3,230,6,4051.5,2,2,4051.9,3,2,4052.1,18,1,4052.2,5,3
11483,2026-07-02 09:38:34+05:30,4050.7,5,4069.7,223816,83928.0,119358.0,4100.0,4110.0,4046.0,4092.6,22086750,4501.8,3683.4,4440.0,3288.1,4050.7,5,1,4050.4,31,3,4050.3,14,1,4050.2,103,6,4050.1,126,6,4051.3,230,6,4051.5,2,2,4051.9,3,2,4052.1,18,1,4052.2,5,3
11483,2026-07-02 09:38:34+05:30,4050.8,2,4069.67,224120,84444.0,118914.0,4100.0,4110.0,4046.0,4092.6,22086750,4501.8,3683.4,4440.0,3288.1,4050.8,43,5,4050.7,6,1,4050.5,53,4,4050.4,21,3,4050.3,22,3,4051.3,22,5,4051.5,2,2,4051.9,3,2,4052.2,1,1,4052.5,11,1
11483,2026-07-02 09:38:35+05:30,4050.9,2,4069.67,224120,84444.0,118914.0,4100.0,4110.0,4046.0,4092.6,22086750,4501.8,3683.4,4440.0,3288.1,4050.8,43,5,4050.7,6,1,4050.5,53,4,4050.4,21,3,4050.3,22,3,4051.3,22,5,4051.5,2,2,4051.9,3,2,4052.2,1,1,4052.5,11,1
11483,2026-07-02 09:38:35+05:30,4050.9,1,4069.67,224199,84889.0,119217.0,4100.0,4110.0,4046.0,4092.6,22086750,4501.8,3683.4,4440.0,3288.1,4050.9,50,6,4050.8,10,3,4050.7,14,2,4050.6,61,3,4050.5,65,5,4051.3,21,4,4052.2,1,1,4052.5,11,1,4052.6,39,1,4052.9,42,2
11483,2026-07-02 09:38:36+05:30,4052.2,7,4069.67,224199,84889.0,119217.0,4100.0,4110.0,4046.0,4092.6,22086750,4501.8,3683.4,4440.0,3288.1,4050.9,50,6,4050.8,10,3,4050.7,14,2,4050.6,61,3,4050.5,65,5,4051.3,21,4,4052.2,1,1,4052.5,11,1,4052.6,39,1,4052.9,42,2
11483,2026-07-02 09:38:36+05:30,4051.0,1,4069.66,224238,84904.0,119318.0,4100.0,4110.0,4046.0,4092.6,22086750,4501.8,3683.4,4440.0,3288.1,4051.0,2,1,4050.9,26,3,4050.7,14,2,4050.6,52,3,4050.5,51,4,4052.2,34,3,4052.5,76,2,4052.6,52,2,4052.8,6,1,4052.9,42,2
11483,2026-07-02 09:38:37+05:30,4052.2,1,4069.66,224238,84904.0,119318.0,4100.0,4110.0,4046.0,4092.6,22086750,4501.8,3683.4,4440.0,3288.1,4051.0,2,1,4050.9,26,3,4050.7,14,2,4050.6,52,3,4050.5,51,4,4052.2,34,3,4052.5,76,2,4052.6,52,2,4052.8,6,1,4052.9,42,2
11483,2026-07-02 09:38:37+05:30,4052.3,1,4069.66,224283,86226.0,117932.0,4100.0,4110.0,4046.0,4092.6,22086750,4501.8,3683.4,4440.0,3288.1,4052.3,146,1,4051.3,31,3,4051.2,67,3,4051.1,72,6,4051.0,82,5,4052.4,12,1,4052.6,60,2,4052.9,29,1,4053.4,15,1,4053.5,8,2
11483,2026-07-02 09:38:38+05:30,4052.3,1,4069.66,224283,86226.0,117932.0,4100.0,4110.0,4046.0,4092.6,22086750,4501.8,3683.4,4440.0,3288.1,4052.3,146,1,4051.3,31,3,4051.2,67,3,4051.1,72,6,4051.0,82,5,4052.4,12,1,4052.6,60,2,4052.9,29,1,4053.4,15,1,4053.5,8,2
11483,2026-07-02 09:38:38+05:30,4051.3,1,4069.66,224292,86161.0,117852.0,4100.0,4110.0,4046.0,4092.6,22086750,4501.8,3683.4,4440.0,3288.1,4051.3,49,4,4051.2,58,2,4051.1,49,5,4051.0,50,2,4050.9,180,5,4052.3,37,1,4052.4,12,1,4052.6,60,2,4052.9,29,1,4053.0,27,1
11483,2026-07-02 09:38:39+05:30,4052.3,21,4069.66,224292,86161.0,117852.0,4100.0,4110.0,4046.0,4092.6,22086750,4501.8,3683.4,4440.0,3288.1,4051.3,49,4,4051.2,58,2,4051.1,49,5,4051.0,50,2,4050.9,180,5,4052.3,37,1,4052.4,12,1,4052.6,60,2,4052.9,29,1,4053.0,27,1
11483,2026-07-02 09:38:39+05:30,4052.3,21,4069.66,224313,86133.0,118179.0,4100.0,4110.0,4046.0,4092.6,22086750,4501.8,3683.4,4440.0,3288.1,4051.3,35,3,4051.2,10,1,4051.1,6,1,4051.0,2,1,4050.9,163,4,4052.1,16,1,4052.2,56,1,4052.3,2,2,4052.4,14,2,4052.6,60,2
11483,2026-07-02 09:38:40+05:30,4052.1,1,4069.66,224313,86133.0,118179.0,4100.0,4110.0,4046.0,4092.6,22086750,4501.8,3683.4,4440.0,3288.1,4051.3,35,3,4051.2,10,1,4051.1,6,1,4051.0,2,1,4050.9,163,4,4052.1,16,1,4052.2,56,1,4052.3,2,2,4052.4,14,2,4052.6,60,2
11483,2026-07-02 09:38:40+05:30,4052.2,1,4069.65,224442,86591.0,117398.0,4100.0,4110.0,4046.0,4092.6,22086750,4501.8,3683.4,4440.0,3288.1,4052.2,54,1,4052.0,20,2,4051.8,6,1,4051.7,7,1,4051.6,9,1,4052.3,2,2,4052.4,14,2,4052.6,60,2,4052.9,29,1,4053.4,15,1
11483,2026-07-02 09:38:41+05:30,4052.5,11,4069.65,224442,86591.0,117398.0,4100.0,4110.0,4046.0,4092.6,22086750,4501.8,3683.4,4440.0,3288.1,4052.2,54,1,4052.0,20,2,4051.8,6,1,4051.7,7,1,4051.6,9,1,4052.3,2,2,4052.4,14,2,4052.6,60,2,4052.9,29,1,4053.4,15,1
11483,2026-07-02 09:38:41+05:30,4052.5,1,4069.64,224558,86627.0,117371.0,4100.0,4110.0,4046.0,4092.6,22086750,4501.8,3683.4,4440.0,3288.1,4052.5,3,1,4052.2,35,1,4052.0,8,1,4051.7,7,1,4051.5,26,2,4052.6,60,2,4052.9,29,1,4053.4,15,1,4053.5,2,1,4053.8,1,1
11483,2026-07-02 09:38:42+05:30,4052.6,10,4069.64,224558,86627.0,117371.0,4100.0,4110.0,4046.0,4092.6,22086750,4501.8,3683.4,4440.0,3288.1,4052.5,3,1,4052.2,35,1,4052.0,8,1,4051.7,7,1,4051.5,26,2,4052.6,60,2,4052.9,29,1,4053.4,15,1,4053.5,2,1,4053.8,1,1
11483,2026-07-02 09:38:42+05:30,4052.3,39,4069.63,224620,86758.0,117623.0,4100.0,4110.0,4046.0,4092.6,22086750,4501.8,3683.4,4440.0,3288.1,4052.3,136,1,4052.2,35,1,4052.0,8,1,4051.7,7,1,4051.5,14,1,4052.6,46,5,4052.9,29,1,4053.4,15,1,4053.5,2,1,4053.8,1,1
11483,2026-07-02 09:38:43+05:30,4052.3,1,4069.63,224620,86758.0,117623.0,4100.0,4110.0,4046.0,4092.6,22086750,4501.8,3683.4,4440.0,3288.1,4052.3,136,1,4052.2,35,1,4052.0,8,1,4051.7,7,1,4051.5,14,1,4052.6,46,5,4052.9,29,1,4053.4,15,1,4053.5,2,1,4053.8,1,1
11483,2026-07-02 09:38:43+05:30,4052.2,1,4069.63,224629,86683.0,118183.0,4100.0,4110.0,4046.0,4092.6,22086750,4501.8,3683.4,4440.0,3288.1,4052.2,34,1,4052.0,8,1,4051.7,7,1,4051.5,12,1,4051.4,29,3,4052.5,47,1,4052.6,46,5,4052.9,29,1,4053.4,15,1,4053.5,2,1
11483,2026-07-02 09:38:44+05:30,4052.2,1,4069.63,224629,86683.0,118183.0,4100.0,4110.0,4046.0,4092.6,22086750,4501.8,3683.4,4440.0,3288.1,4052.2,34,1,4052.0,8,1,4051.7,7,1,4051.5,12,1,4051.4,29,3,4052.5,47,1,4052.6,46,5,4052.9,29,1,4053.4,15,1,4053.5,2,1
11483,2026-07-02 09:38:44+05:30,4052.2,1,4069.63,224632,86512.0,118032.0,4100.0,4110.0,4046.0,4092.6,22086750,4501.8,3683.4,4440.0,3288.1,4052.2,32,1,4052.0,8,1,4051.7,7,1,4051.5,12,1,4051.4,29,3,4052.5,46,1,4052.6,46,5,4052.9,29,1,4053.4,15,1,4053.5,15,2
11483,2026-07-02 09:38:45+05:30,4052.5,1,4069.63,224632,86512.0,118032.0,4100.0,4110.0,4046.0,4092.6,22086750,4501.8,3683.4,4440.0,3288.1,4052.2,32,1,4052.0,8,1,4051.7,7,1,4051.5,12,1,4051.4,29,3,4052.5,46,1,4052.6,46,5,4052.9,29,1,4053.4,15,1,4053.5,15,2
11483,2026-07-02 09:38:45+05:30,4052.2,1,4069.63,224643,86653.0,117989.0,4100.0,4110.0,4046.0,4092.6,22086750,4501.8,3683.4,4440.0,3288.1,4052.2,27,1,4052.0,43,2,4051.5,12,1,4051.4,20,2,4051.3,22,2,4052.5,40,1,4052.6,46,5,4052.9,29,1,4053.4,15,1,4053.5,15,2
11483,2026-07-02 09:38:46+05:30,4052.2,1,4069.63,224643,86653.0,117989.0,4100.0,4110.0,4046.0,4092.6,22086750,4501.8,3683.4,4440.0,3288.1,4052.2,27,1,4052.0,43,2,4051.5,12,1,4051.4,20,2,4051.3,22,2,4052.5,40,1,4052.6,46,5,4052.9,29,1,4053.4,15,1,4053.5,15,2
11483,2026-07-02 09:38:46+05:30,4052.5,3,4069.63,224662,87017.0,117293.0,4100.0,4110.0,4046.0,4092.6,22086750,4501.8,3683.4,4440.0,3288.1,4052.3,5,1,4052.2,37,2,4052.0,49,3,4051.8,21,2,4051.6,26,1,4052.5,24,2,4052.6,46,5,4052.9,29,1,4053.0,1,1,4053.4,15,1
11483,2026-07-02 09:38:47+05:30,4052.3,3,4069.63,224662,87017.0,117293.0,4100.0,4110.0,4046.0,4092.6,22086750,4501.8,3683.4,4440.0,3288.1,4052.3,5,1,4052.2,37,2,4052.0,49,3,4051.8,21,2,4051.6,26,1,4052.5,24,2,4052.6,46,5,4052.9,29,1,4053.0,1,1,4053.4,15,1
11483,2026-07-02 09:38:47+05:30,4052.5,1,4069.63,224668,87164.0,117339.0,4100.0,4110.0,4046.0,4092.6,22086750,4501.8,3683.4,4440.0,3288.1,4052.3,1,1,4052.2,25,1,4052.0,43,2,4051.8,12,1,4051.6,21,1,4052.5,26,5,4052.6,44,3,4052.9,29,1,4053.0,1,1,4053.4,15,1
11483,2026-07-02 09:38:48+05:30,4052.5,5,4069.63,224668,87164.0,117339.0,4100.0,4110.0,4046.0,4092.6,22086750,4501.8,3683.4,4440.0,3288.1,4052.3,1,1,4052.2,25,1,4052.0,43,2,4051.8,12,1,4051.6,21,1,4052.5,26,5,4052.6,44,3,4052.9,29,1,4053.0,1,1,4053.4,15,1
11483,2026-07-02 09:38:48+05:30,4052.5,3,4069.63,224699,86774.0,117219.0,4100.0,4110.0,4046.0,4092.6,22086750,4501.8,3683.4,4440.0,3288.1,4052.5,34,5,4052.3,28,2,4052.2,130,3,4052.1,17,2,4052.0,69,3,4052.6,44,3,4052.9,29,1,4053.0,1,1,4053.4,15,1,4053.5,2,1
11483,2026-07-02 09:38:49+05:30,4052.6,6,4069.63,224699,86774.0,117219.0,4100.0,4110.0,4046.0,4092.6,22086750,4501.8,3683.4,4440.0,3288.1,4052.5,34,5,4052.3,28,2,4052.2,130,3,4052.1,17,2,4052.0,69,3,4052.6,44,3,4052.9,29,1,4053.0,1,1,4053.4,15,1,4053.5,2,1
11483,2026-07-02 09:38:49+05:30,4052.5,2,4069.63,224718,86915.0,116835.0,4100.0,4110.0,4046.0,4092.6,22086750,4501.8,3683.4,4440.0,3288.1,4052.5,190,3,4052.4,12,1,4052.3,155,3,4052.2,125,2,4052.1,17,2,4052.6,32,3,4052.9,29,1,4053.0,1,1,4053.4,15,1,4053.5,2,1
11483,2026-07-02 09:38:50+05:30,4052.6,4,4069.63,224718,86915.0,116835.0,4100.0,4110.0,4046.0,4092.6,22086750,4501.8,3683.4,4440.0,3288.1,4052.5,190,3,4052.4,12,1,4052.3,155,3,4052.2,125,2,4052.1,17,2,4052.6,32,3,4052.9,29,1,4053.0,1,1,4053.4,15,1,4053.5,2,1
11483,2026-07-02 09:38:50+05:30,4052.6,6,4069.62,224762,86970.0,116684.0,4100.0,4110.0,4046.0,4092.6,22086750,4501.8,3683.4,4440.0,3288.1,4052.5,189,4,4052.4,12,1,4052.3,155,3,4052.2,150,3,4052.1,17,2,4052.6,63,4,4052.9,29,1,4053.0,1,1,4053.4,15,1,4053.5,2,1
11483,2026-07-02 09:38:51+05:30,4052.5,1,4069.62,224762,86970.0,116684.0,4100.0,4110.0,4046.0,4092.6,22086750,4501.8,3683.4,4440.0,3288.1,4052.5,189,4,4052.4,12,1,4052.3,155,3,4052.2,150,3,4052.1,17,2,4052.6,63,4,4052.9,29,1,4053.0,1,1,4053.4,15,1,4053.5,2,1
11483,2026-07-02 09:38:51+05:30,4052.6,30,4069.62,224793,87463.0,117163.0,4100.0,4110.0,4046.0,4092.6,22086750,4501.8,3683.4,4440.0,3288.1,4052.5,205,6,4052.3,155,3,4052.2,125,2,4052.1,17,2,4052.0,53,3,4052.6,35,6,4052.9,29,1,4053.0,1,1,4053.4,15,1,4053.5,2,1
11483,2026-07-02 09:38:52+05:30,4052.5,1,4069.62,224793,87463.0,117163.0,4100.0,4110.0,4046.0,4092.6,22086750,4501.8,3683.4,4440.0,3288.1,4052.5,205,6,4052.3,155,3,4052.2,125,2,4052.1,17,2,4052.0,53,3,4052.6,35,6,4052.9,29,1,4053.0,1,1,4053.4,15,1,4053.5,2,1
11483,2026-07-02 09:38:52+05:30,4052.6,1,4069.59,225242,87662.0,117889.0,4100.0,4110.0,4046.0,4092.6,22086750,4501.8,3683.4,4440.0,3288.1,4052.6,48,3,4052.5,47,5,4052.4,71,3,4052.3,166,5,4052.2,125,2,4054.1,12,1,4054.2,34,1,4054.3,34,2,4054.6,47,4,4054.8,51,5
11483,2026-07-02 09:38:53+05:30,4052.6,1,4069.59,225242,87662.0,117889.0,4100.0,4110.0,4046.0,4092.6,22086750,4501.8,3683.4,4440.0,3288.1,4052.6,48,3,4052.5,47,5,4052.4,71,3,4052.3,166,5,4052.2,125,2,4054.1,12,1,4054.2,34,1,4054.3,34,2,4054.6,47,4,4054.8,51,5
11483,2026-07-02 09:38:53+05:30,4052.6,1,4069.59,225244,87910.0,117880.0,4100.0,4110.0,4046.0,4092.6,22086750,4501.8,3683.4,4440.0,3288.1,4052.6,51,4,4052.5,47,5,4052.4,71,3,4052.3,171,6,4052.2,125,2,4054.2,34,1,4054.3,34,2,4054.6,23,3,4054.8,51,5,4054.9,40,3
11483,2026-07-02 09:38:54+05:30,4054.2,1,4069.59,225244,87910.0,117880.0,4100.0,4110.0,4046.0,4092.6,22086750,4501.8,3683.4,4440.0,3288.1,4052.6,51,4,4052.5,47,5,4052.4,71,3,4052.3,171,6,4052.2,125,2,4054.2,34,1,4054.3,34,2,4054.6,23,3,4054.8,51,5,4054.9,40,3
11483,2026-07-02 09:38:54+05:30,4054.2,1,4069.59,225247,88040.0,117865.0,4100.0,4110.0,4046.0,4092.6,22086750,4501.8,3683.4,4440.0,3288.1,4052.6,50,4,4052.5,47,5,4052.4,71,3,4052.3,206,8,4052.2,125,2,4054.2,35,3,4054.3,34,2,4054.5,5,1,4054.6,10,2,4054.8,51,5
11483,2026-07-02 09:38:55+05:30,4054.2,4,4069.59,225247,88040.0,117865.0,4100.0,4110.0,4046.0,4092.6,22086750,4501.8,3683.4,4440.0,3288.1,4052.6,50,4,4052.5,47,5,4052.4,71,3,4052.3,206,8,4052.2,125,2,4054.2,35,3,4054.3,34,2,4054.5,5,1,4054.6,10,2,4054.8,51,5
11483,2026-07-02 09:38:55+05:30,4054.2,4,4069.59,225254,88068.0,117869.0,4100.0,4110.0,4046.0,4092.6,22086750,4501.8,3683.4,4440.0,3288.1,4052.6,92,4,4052.5,56,5,4052.4,61,2,4052.3,163,5,4052.2,130,3,4054.1,13,1,4054.2,34,6,4054.3,39,3,4054.5,5,1,4054.6,10,2
11483,2026-07-02 09:38:56+05:30,4054.8,8,4069.59,225254,88068.0,117869.0,4100.0,4110.0,4046.0,4092.6,22086750,4501.8,3683.4,4440.0,3288.1,4052.6,92,4,4052.5,56,5,4052.4,61,2,4052.3,163,5,4052.2,130,3,4054.1,13,1,4054.2,34,6,4054.3,39,3,4054.5,5,1,4054.6,10,2
11483,2026-07-02 09:38:56+05:30,4054.8,8,4069.58,225367,89134.0,116291.0,4100.0,4110.0,4046.0,4092.6,22086750,4501.8,3683.4,4440.0,3288.1,4053.5,53,4,4053.3,22,2,4053.2,47,4,4053.1,28,3,4053.0,99,6,4054.7,3,1,4054.8,10,4,4054.9,10,1,4055.0,4,2,4055.1,21,1
11483,2026-07-02 09:38:57+05:30,4054.8,5,4069.58,225460,88837.0,117136.0,4100.0,4110.0,4046.0,4092.6,22086750,4501.8,3683.4,4440.0,3288.1,4053.6,51,3,4053.5,12,1,4053.4,17,3,4053.3,64,3,4053.2,25,3,4054.8,2,1,4054.9,10,1,4055.0,4,2,4055.3,15,1,4055.6,87,2
11483,2026-07-02 09:38:58+05:30,4054.8,5,4069.58,225460,88837.0,117136.0,4100.0,4110.0,4046.0,4092.6,22086750,4501.8,3683.4,4440.0,3288.1,4053.6,51,3,4053.5,12,1,4053.4,17,3,4053.3,64,3,4053.2,25,3,4054.8,2,1,4054.9,10,1,4055.0,4,2,4055.3,15,1,4055.6,87,2
11483,2026-07-02 09:38:58+05:30,4056.0,10,4069.54,226085,88459.0,116847.0,4100.0,4110.0,4046.0,4092.6,22086750,4501.8,3683.4,4440.0,3288.1,4054.0,52,3,4053.9,11,1,4053.7,39,3,4053.6,26,3,4053.5,10,1,4055.3,6,1,4055.5,19,1,4055.9,54,4,4056.0,22,3,4056.1,40,2
11483,2026-07-02 09:38:59+05:30,4056.0,10,4069.54,226085,88459.0,116847.0,4100.0,4110.0,4046.0,4092.6,22086750,4501.8,3683.4,4440.0,3288.1,4054.0,52,3,4053.9,11,1,4053.7,39,3,4053.6,26,3,4053.5,10,1,4055.3,6,1,4055.5,19,1,4055.9,54,4,4056.0,22,3,4056.1,40,2
11483,2026-07-02 09:38:59+05:30,4056.0,10,4069.54,226085,89316.0,117406.0,4100.0,4110.0,4046.0,4092.6,22086750,4501.8,3683.4,4440.0,3288.1,4055.0,250,2,4054.1,23,2,4054.0,52,3,4053.9,34,3,4053.7,68,5,4055.1,9,2,4056.0,10,2,4056.1,40,2,4056.2,23,2,4056.3,5,1
11483,2026-07-02 09:39:00+05:30,4055.1,1,4069.54,226100,88793.0,117511.0,4100.0,4110.0,4046.0,4092.6,22086750,4501.8,3683.4,4440.0,3288.1,4055.0,242,2,4054.2,7,1,4054.1,13,1,4054.0,21,1,4053.9,28,2,4055.1,2,1,4056.0,10,2,4056.1,48,3,4056.2,35,3,4056.3,5,1
11483,2026-07-02 09:39:01+05:30,4055.0,100,4069.54,226100,88793.0,117511.0,4100.0,4110.0,4046.0,4092.6,22086750,4501.8,3683.4,4440.0,3288.1,4055.0,242,2,4054.2,7,1,4054.1,13,1,4054.0,21,1,4053.9,28,2,4055.1,2,1,4056.0,10,2,4056.1,48,3,4056.2,35,3,4056.3,5,1
11483,2026-07-02 09:39:01+05:30,4055.0,100,4069.51,226582,87766.0,117815.0,4100.0,4110.0,4046.0,4092.6,22086750,4501.8,3683.4,4440.0,3288.1,4053.7,6,1,4053.4,5,1,4053.2,13,1,4053.1,8,2,4053.0,15,2,4054.9,39,6,4055.0,85,6,4055.1,37,4,4055.2,103,5,4055.3,18,2
11483,2026-07-02 09:39:02+05:30,4054.9,1,4069.51,226582,87766.0,117815.0,4100.0,4110.0,4046.0,4092.6,22086750,4501.8,3683.4,4440.0,3288.1,4053.7,6,1,4053.4,5,1,4053.2,13,1,4053.1,8,2,4053.0,15,2,4054.9,39,6,4055.0,85,6,4055.1,37,4,4055.2,103,5,4055.3,18,2
11483,2026-07-02 09:39:02+05:30,4054.9,3,4069.51,226603,88071.0,117421.0,4100.0,4110.0,4046.0,4092.6,22086750,4501.8,3683.4,4440.0,3288.1,4053.7,34,4,4053.6,20,2,4053.5,18,1,4053.4,44,3,4053.3,12,1,4055.0,8,2,4055.1,12,1,4055.3,18,2,4055.4,20,2,4055.5,16,2
11483,2026-07-02 09:39:03+05:30,4054.9,3,4069.51,226603,88071.0,117421.0,4100.0,4110.0,4046.0,4092.6,22086750,4501.8,3683.4,4440.0,3288.1,4053.7,34,4,4053.6,20,2,4053.5,18,1,4053.4,44,3,4053.3,12,1,4055.0,8,2,4055.1,12,1,4055.3,18,2,4055.4,20,2,4055.5,16,2
11483,2026-07-02 09:39:03+05:30,4055.0,1,4069.5,226648,88188.0,117639.0,4100.0,4110.0,4046.0,4092.6,22086750,4501.8,3683.4,4440.0,3288.1,4054.2,12,1,4054.0,35,1,4053.7,43,4,4053.4,25,3,4053.3,12,1,4055.0,10,3,4055.3,15,1,4055.5,16,2,4055.6,3,1,4055.7,76,4
11483,2026-07-02 09:39:04+05:30,4055.0,2,4069.5,226648,88188.0,117639.0,4100.0,4110.0,4046.0,4092.6,22086750,4501.8,3683.4,4440.0,3288.1,4054.2,12,1,4054.0,35,1,4053.7,43,4,4053.4,25,3,4053.3,12,1,4055.0,10,3,4055.3,15,1,4055.5,16,2,4055.6,3,1,4055.7,76,4
11483,2026-07-02 09:39:04+05:30,4054.5,1,4069.49,226847,89254.0,116513.0,4100.0,4110.0,4046.0,4092.6,22086750,4501.8,3683.4,4440.0,3288.1,4054.5,55,4,4054.4,29,2,4054.3,64,4,4054.2,33,4,4054.1,2,1,4055.9,15,1,4056.0,53,2,4056.4,56,3,4056.5,58,2,4056.6,31,2
11483,2026-07-02 09:39:05+05:30,4054.5,3,4069.49,226847,89254.0,116513.0,4100.0,4110.0,4046.0,4092.6,22086750,4501.8,3683.4,4440.0,3288.1,4054.5,55,4,4054.4,29,2,4054.3,64,4,4054.2,33,4,4054.1,2,1,4055.9,15,1,4056.0,53,2,4056.4,56,3,4056.5,58,2,4056.6,31,2
11483,2026-07-02 09:39:05+05:30,4054.5,3,4069.49,226847,89254.0,116513.0,4100.0,4110.0,4046.0,4092.6,22086750,4501.8,3683.4,4440.0,3288.1,4054.5,55,4,4054.4,29,2,4054.3,64,4,4054.2,33,4,4054.1,2,1,4055.9,15,1,4056.0,53,2,4056.4,56,3,4056.5,58,2,4056.6,31,2
11483,2026-07-02 09:39:05+05:30,4054.5,4,4069.49,226886,89316.0,116694.0,4100.0,4110.0,4046.0,4092.6,22086750,4501.8,3683.4,4440.0,3288.1,4054.5,50,4,4054.4,39,2,4054.3,39,2,4054.2,52,5,4054.1,55,3,4055.9,15,1,4056.0,53,2,4056.4,51,2,4056.5,58,2,4056.6,31,2
11483,2026-07-02 09:39:06+05:30,4054.5,1,4069.49,226886,89316.0,116694.0,4100.0,4110.0,4046.0,4092.6,22086750,4501.8,3683.4,4440.0,3288.1,4054.5,50,4,4054.4,39,2,4054.3,39,2,4054.2,52,5,4054.1,55,3,4055.9,15,1,4056.0,53,2,4056.4,51,2,4056.5,58,2,4056.6,31,2
11483,2026-07-02 09:39:06+05:30,4054.5,1,4069.49,226886,89316.0,116694.0,4100.0,4110.0,4046.0,4092.6,22086750,4501.8,3683.4,4440.0,3288.1,4054.5,50,4,4054.4,39,2,4054.3,39,2,4054.2,52,5,4054.1,55,3,4055.9,15,1,4056.0,53,2,4056.4,51,2,4056.5,58,2,4056.6,31,2
11483,2026-07-02 09:39:06+05:30,4055.9,7,4069.49,226895,88974.0,117537.0,4100.0,4110.0,4046.0,4092.6,22086750,4501.8,3683.4,4440.0,3288.1,4054.2,17,2,4054.0,48,2,4053.8,4,1,4053.7,13,4,4053.6,12,1,4055.5,11,1,4055.6,31,3,4055.7,44,3,4055.8,24,3,4055.9,27,4
11483,2026-07-02 09:39:07+05:30,4055.9,7,4069.49,226895,88974.0,117537.0,4100.0,4110.0,4046.0,4092.6,22086750,4501.8,3683.4,4440.0,3288.1,4054.2,17,2,4054.0,48,2,4053.8,4,1,4053.7,13,4,4053.6,12,1,4055.5,11,1,4055.6,31,3,4055.7,44,3,4055.8,24,3,4055.9,27,4
11483,2026-07-02 09:39:07+05:30,4054.2,1,4069.49,226895,88974.0,117537.0,4100.0,4110.0,4046.0,4092.6,22086750,4501.8,3683.4,4440.0,3288.1,4054.2,17,2,4054.0,48,2,4053.8,4,1,4053.7,13,4,4053.6,12,1,4055.5,11,1,4055.6,31,3,4055.7,44,3,4055.8,24,3,4055.9,27,4
11483,2026-07-02 09:39:07+05:30,4054.2,1,4069.49,226895,88974.0,117537.0,4100.0,4110.0,4046.0,4092.6,22086750,4501.8,3683.4,4440.0,3288.1,4054.2,17,2,4054.0,48,2,4053.8,4,1,4053.7,13,4,4053.6,12,1,4055.5,11,1,4055.6,31,3,4055.7,44,3,4055.8,24,3,4055.9,27,4
11483,2026-07-02 09:39:07+05:30,4055.5,1,4069.49,226897,90153.0,117268.0,4100.0,4110.0,4046.0,4092.6,22086750,4501.8,3683.4,4440.0,3288.1,4055.0,2,1,4054.8,500,1,4054.4,38,2,4054.3,5,1,4054.2,16,2,4055.7,98,1,4055.8,67,1,4055.9,73,3,4056.0,53,2,4056.4,51,2
11483,2026-07-02 09:39:07+05:30,4055.5,1,4069.49,226897,90153.0,117268.0,4100.0,4110.0,4046.0,4092.6,22086750,4501.8,3683.4,4440.0,3288.1,4055.0,2,1,4054.8,500,1,4054.4,38,2,4054.3,5,1,4054.2,16,2,4055.7,98,1,4055.8,67,1,4055.9,73,3,4056.0,53,2,4056.4,51,2
11483,2026-07-02 09:39:08+05:30,4055.5,1,4069.49,226897,90153.0,117268.0,4100.0,4110.0,4046.0,4092.6,22086750,4501.8,3683.4,4440.0,3288.1,4055.0,2,1,4054.8,500,1,4054.4,38,2,4054.3,5,1,4054.2,16,2,4055.7,98,1,4055.8,67,1,4055.9,73,3,4056.0,53,2,4056.4,51,2
11483,2026-07-02 09:39:08+05:30,4055.5,1,4069.49,226897,90153.0,117268.0,4100.0,4110.0,4046.0,4092.6,22086750,4501.8,3683.4,4440.0,3288.1,4055.0,2,1,4054.8,500,1,4054.4,38,2,4054.3,5,1,4054.2,16,2,4055.7,98,1,4055.8,67,1,4055.9,73,3,4056.0,53,2,4056.4,51,2
11483,2026-07-02 09:39:08+05:30,4055.5,1,4069.49,226897,90153.0,117268.0,4100.0,4110.0,4046.0,4092.6,22086750,4501.8,3683.4,4440.0,3288.1,4055.0,2,1,4054.8,500,1,4054.4,38,2,4054.3,5,1,4054.2,16,2,4055.7,98,1,4055.8,67,1,4055.9,73,3,4056.0,53,2,4056.4,51,2
11483,2026-07-02 09:39:08+05:30,4055.5,1,4069.49,226897,90153.0,117268.0,4100.0,4110.0,4046.0,4092.6,22108450,4501.8,3683.4,4440.0,3288.1,4055.0,2,1,4054.8,500,1,4054.4,38,2,4054.3,5,1,4054.2,16,2,4055.7,98,1,4055.8,67,1,4055.9,73,3,4056.0,53,2,4056.4,51,2
11483,2026-07-02 09:39:08+05:30,4055.5,1,4069.49,226900,90134.0,117119.0,4100.0,4110.0,4046.0,4092.6,22108450,4501.8,3683.4,4440.0,3288.1,4055.0,12,1,4054.8,500,1,4054.5,12,1,4054.4,38,2,4054.3,5,1,4055.5,2,2,4055.7,98,1,4055.8,67,1,4055.9,73,3,4056.0,53,2
11483,2026-07-02 09:39:09+05:30,4055.5,1,4069.49,226900,90134.0,117119.0,4100.0,4110.0,4046.0,4092.6,22108450,4501.8,3683.4,4440.0,3288.1,4055.0,12,1,4054.8,500,1,4054.5,12,1,4054.4,38,2,4054.3,5,1,4055.5,2,2,4055.7,98,1,4055.8,67,1,4055.9,73,3,4056.0,53,2
11483,2026-07-02 09:39:09+05:30,4055.0,7,4069.49,226900,90134.0,117119.0,4100.0,4110.0,4046.0,4092.6,22108450,4501.8,3683.4,4440.0,3288.1,4055.0,12,1,4054.8,500,1,4054.5,12,1,4054.4,38,2,4054.3,5,1,4055.5,2,2,4055.7,98,1,4055.8,67,1,4055.9,73,3,4056.0,53,2
11483,2026-07-02 09:39:09+05:30,4055.0,7,4069.49,226900,90134.0,117119.0,4100.0,4110.0,4046.0,4092.6,22108450,4501.8,3683.4,4440.0,3288.1,4055.0,12,1,4054.8,500,1,4054.5,12,1,4054.4,38,2,4054.3,5,1,4055.5,2,2,4055.7,98,1,4055.8,67,1,4055.9,73,3,4056.0,53,2
11483,2026-07-02 09:39:09+05:30,4055.0,1,4069.49,226913,90108.0,117397.0,4100.0,4110.0,4046.0,4092.6,22108450,4501.8,3683.4,4440.0,3288.1,4055.0,2,1,4054.8,500,1,4054.5,12,1,4054.4,38,2,4054.3,26,2,4055.5,1,1,4055.7,98,1,4055.8,67,1,4055.9,73,3,4056.0,53,2
11483,2026-07-02 09:39:10+05:30,4055.0,1,4069.49,226913,90108.0,117397.0,4100.0,4110.0,4046.0,4092.6,22108450,4501.8,3683.4,4440.0,3288.1,4055.0,2,1,4054.8,500,1,4054.5,12,1,4054.4,38,2,4054.3,26,2,4055.5,1,1,4055.7,98,1,4055.8,67,1,4055.9,73,3,4056.0,53,2
11483,2026-07-02 09:39:10+05:30,4055.0,1,4069.49,226913,90108.0,117397.0,4100.0,4110.0,4046.0,4092.6,22108450,4501.8,3683.4,4440.0,3288.1,4055.0,2,1,4054.8,500,1,4054.5,12,1,4054.4,38,2,4054.3,26,2,4055.5,1,1,4055.7,98,1,4055.8,67,1,4055.9,73,3,4056.0,53,2
11483,2026-07-02 09:39:10+05:30,4055.0,1,4069.49,226913,90108.0,117397.0,4100.0,4110.0,4046.0,4092.6,22108450,4501.8,3683.4,4440.0,3288.1,4055.0,2,1,4054.8,500,1,4054.5,12,1,4054.4,38,2,4054.3,26,2,4055.5,1,1,4055.7,98,1,4055.8,67,1,4055.9,73,3,4056.0,53,2
11483,2026-07-02 09:39:10+05:30,4055.7,94,4069.47,227115,90043.0,117198.0,4100.0,4110.0,4046.0,4092.6,22108450,4501.8,3683.4,4440.0,3288.1,4054.8,500,1,4054.5,12,1,4054.4,38,2,4054.3,5,1,4054.2,16,2,4055.7,16,2,4055.8,67,1,4055.9,73,3,4056.0,50,1,4056.1,31,2
11483,2026-07-02 09:39:11+05:30,4055.7,1,4069.47,227115,90043.0,117198.0,4100.0,4110.0,4046.0,4092.6,22108450,4501.8,3683.4,4440.0,3288.1,4054.8,500,1,4054.5,12,1,4054.4,38,2,4054.3,5,1,4054.2,16,2,4055.7,16,2,4055.8,67,1,4055.9,73,3,4056.0,50,1,4056.1,31,2
11483,2026-07-02 09:39:12+05:30,4055.9,74,4069.44,227640,90151.0,116925.0,4100.0,4110.0,4046.0,4092.6,22108450,4501.8,3683.4,4440.0,3288.1,4055.0,6,1,4054.9,6,1,4054.8,500,1,4054.5,12,1,4054.4,19,1,4055.8,23,1,4055.9,64,1,4056.0,67,2,4056.1,31,2,4056.2,21,1
11483,2026-07-02 09:39:12+05:30,4055.9,74,4069.44,227640,90151.0,116925.0,4100.0,4110.0,4046.0,4092.6,22108450,4501.8,3683.4,4440.0,3288.1,4055.0,6,1,4054.9,6,1,4054.8,500,1,4054.5,12,1,4054.4,19,1,4055.8,23,1,4055.9,64,1,4056.0,67,2,4056.1,31,2,4056.2,21,1
11483,2026-07-02 09:39:13+05:30,4055.5,3,4069.44,227643,90089.0,116913.0,4100.0,4110.0,4046.0,4092.6,22108450,4501.8,3683.4,4440.0,3288.1,4055.0,1,1,4054.8,500,1,4054.5,12,1,4054.4,32,2,4054.3,5,1,4055.8,23,1,4055.9,76,4,4056.0,50,1,4056.2,12,1,4056.4,15,1
11483,2026-07-02 09:39:13+05:30,4055.5,1,4069.44,227643,90089.0,116913.0,4100.0,4110.0,4046.0,4092.6,22108450,4501.8,3683.4,4440.0,3288.1,4055.0,1,1,4054.8,500,1,4054.5,12,1,4054.4,32,2,4054.3,5,1,4055.8,23,1,4055.9,76,4,4056.0,50,1,4056.2,12,1,4056.4,15,1
11483,2026-07-02 09:39:14+05:30,4055.8,1,4069.44,227688,90372.0,117147.0,4100.0,4110.0,4046.0,4092.6,22108450,4501.8,3683.4,4440.0,3288.1,4055.0,1,1,4054.8,500,1,4054.5,12,1,4054.4,32,2,4054.3,5,1,4055.8,23,1,4055.9,59,4,4056.0,50,1,4056.2,12,1,4056.4,15,1
11483,2026-07-02 09:39:14+05:30,4055.8,1,4069.44,227688,90372.0,117147.0,4100.0,4110.0,4046.0,4092.6,22108450,4501.8,3683.4,4440.0,3288.1,4055.0,1,1,4054.8,500,1,4054.5,12,1,4054.4,32,2,4054.3,5,1,4055.8,23,1,4055.9,59,4,4056.0,50,1,4056.2,12,1,4056.4,15,1
11483,2026-07-02 09:39:15+05:30,4056.0,2,4069.42,228000,90096.0,116622.0,4100.0,4110.0,4046.0,4092.6,22108450,4501.8,3683.4,4440.0,3288.1,4055.0,1,1,4054.8,500,1,4054.5,12,1,4054.4,32,2,4054.3,5,1,4056.0,48,1,4056.4,15,1,4056.5,112,4,4056.6,39,2,4056.7,4,1
11483,2026-07-02 09:39:15+05:30,4056.0,2,4069.42,228000,90096.0,116622.0,4100.0,4110.0,4046.0,4092.6,22108450,4501.8,3683.4,4440.0,3288.1,4055.0,1,1,4054.8,500,1,4054.5,12,1,4054.4,32,2,4054.3,5,1,4056.0,48,1,4056.4,15,1,4056.5,112,4,4056.6,39,2,4056.7,4,1
11483,2026-07-02 09:39:16+05:30,4056.0,2,4069.42,228008,90013.0,116630.0,4100.0,4110.0,4046.0,4092.6,22108450,4501.8,3683.4,4440.0,3288.1,4055.1,15,2,4055.0,6,2,4054.9,2,1,4054.8,517,2,4054.5,45,3,4056.0,46,3,4056.5,60,2,4056.9,56,3,4057.0,73,3,4057.1,27,1
11483,2026-07-02 09:39:16+05:30,4056.0,11,4069.42,228008,90013.0,116630.0,4100.0,4110.0,4046.0,4092.6,22108450,4501.8,3683.4,4440.0,3288.1,4055.1,15,2,4055.0,6,2,4054.9,2,1,4054.8,517,2,4054.5,45,3,4056.0,46,3,4056.5,60,2,4056.9,56,3,4057.0,73,3,4057.1,27,1
11483,2026-07-02 09:39:17+05:30,4056.0,11,4069.42,228019,90094.0,116586.0,4100.0,4110.0,4046.0,4092.6,22108450,4501.8,3683.4,4440.0,3288.1,4055.1,15,2,4055.0,51,2,4054.9,2,1,4054.8,500,1,4054.5,33,2,4056.0,44,9,4056.5,60,2,4056.9,56,3,4057.0,73,3,4057.1,52,2
11483,2026-07-02 09:39:18+05:30,4056.0,8,4069.42,228019,90094.0,116586.0,4100.0,4110.0,4046.0,4092.6,22108450,4501.8,3683.4,4440.0,3288.1,4055.1,15,2,4055.0,51,2,4054.9,2,1,4054.8,500,1,4054.5,33,2,4056.0,44,9,4056.5,60,2,4056.9,56,3,4057.0,73,3,4057.1,52,2
11483,2026-07-02 09:39:18+05:30,4056.0,5,4069.42,228038,91309.0,116508.0,4100.0,4110.0,4046.0,4092.6,22108450,4501.8,3683.4,4440.0,3288.1,4055.8,2,1,4055.5,500,1,4055.1,5,1,4055.0,551,3,4054.9,2,1,4056.0,25,9,4056.4,10,1,4056.5,37,2,4056.9,43,2,4057.0,73,3
11483,2026-07-02 09:39:19+05:30,4055.5,16,4069.42,228038,91309.0,116508.0,4100.0,4110.0,4046.0,4092.6,22108450,4501.8,3683.4,4440.0,3288.1,4055.8,2,1,4055.5,500,1,4055.1,5,1,4055.0,551,3,4054.9,2,1,4056.0,25,9,4056.4,10,1,4056.5,37,2,4056.9,43,2,4057.0,73,3
11483,2026-07-02 09:39:19+05:30,4055.5,16,4069.41,228197,90961.0,116617.0,4100.0,4110.0,4046.0,4092.6,22108450,4501.8,3683.4,4440.0,3288.1,4055.5,468,1,4055.0,551,3,4054.9,2,1,4054.8,500,1,4054.5,30,3,4055.9,6,1,4056.0,25,5,4056.1,10,1,4056.2,12,1,4056.3,15,1
11483,2026-07-02 09:39:20+05:30,4055.5,6,4069.41,228197,90961.0,116617.0,4100.0,4110.0,4046.0,4092.6,22108450,4501.8,3683.4,4440.0,3288.1,4055.5,468,1,4055.0,551,3,4054.9,2,1,4054.8,500,1,4054.5,30,3,4055.9,6,1,4056.0,25,5,4056.1,10,1,4056.2,12,1,4056.3,15,1
11483,2026-07-02 09:39:20+05:30,4055.5,6,4069.41,228222,91225.0,116794.0,4100.0,4110.0,4046.0,4092.6,22108450,4501.8,3683.4,4440.0,3288.1,4055.5,459,2,4055.0,551,3,4054.9,2,1,4054.8,500,1,4054.5,30,3,4056.1,42,4,4056.2,14,2,4056.3,56,4,4056.4,56,3,4056.5,40,3
11483,2026-07-02 09:39:21+05:30,4055.5,2,4069.41,228222,91225.0,116794.0,4100.0,4110.0,4046.0,4092.6,22108450,4501.8,3683.4,4440.0,3288.1,4055.5,459,2,4055.0,551,3,4054.9,2,1,4054.8,500,1,4054.5,30,3,4056.1,42,4,4056.2,14,2,4056.3,56,4,4056.4,56,3,4056.5,40,3
11483,2026-07-02 09:39:21+05:30,4055.5,2,4069.41,228227,91170.0,116778.0,4100.0,4110.0,4046.0,4092.6,22108450,4501.8,3683.4,4440.0,3288.1,4055.6,25,1,4055.5,454,2,4055.0,551,3,4054.9,2,1,4054.8,500,1,4055.9,11,1,4056.0,12,1,4056.1,31,3,4056.2,23,2,4056.3,68,5
11483,2026-07-02 09:39:22+05:30,4055.9,3,4069.41,228227,91170.0,116778.0,4100.0,4110.0,4046.0,4092.6,22108450,4501.8,3683.4,4440.0,3288.1,4055.6,25,1,4055.5,454,2,4055.0,551,3,4054.9,2,1,4054.8,500,1,4055.9,11,1,4056.0,12,1,4056.1,31,3,4056.2,23,2,4056.3,68,5
11483,2026-07-02 09:39:22+05:30,4055.9,3,4069.41,228232,91184.0,116797.0,4100.0,4110.0,4046.0,4092.6,22108450,4501.8,3683.4,4440.0,3288.1,4055.6,23,1,4055.5,454,2,4055.0,551,3,4054.9,2,1,4054.8,500,1,4055.9,19,4,4056.0,26,3,4056.1,23,2,4056.2,26,3,4056.3,68,5
11483,2026-07-02 09:39:23+05:30,4056.0,1,4069.41,228232,91184.0,116797.0,4100.0,4110.0,4046.0,4092.6,22108450,4501.8,3683.4,4440.0,3288.1,4055.6,23,1,4055.5,454,2,4055.0,551,3,4054.9,2,1,4054.8,500,1,4055.9,19,4,4056.0,26,3,4056.1,23,2,4056.2,26,3,4056.3,68,5
11483,2026-07-02 09:39:23+05:30,4056.0,1,4069.4,228358,91011.0,116798.0,4100.0,4110.0,4046.0,4092.6,22108450,4501.8,3683.4,4440.0,3288.1,4055.6,23,1,4055.5,457,3,4055.0,561,4,4054.9,2,1,4054.8,500,1,4055.8,28,3,4055.9,12,1,4056.0,25,3,4056.1,20,2,4056.2,23,3
11483,2026-07-02 09:39:24+05:30,4055.9,10,4069.4,228358,91011.0,116798.0,4100.0,4110.0,4046.0,4092.6,22108450,4501.8,3683.4,4440.0,3288.1,4055.6,23,1,4055.5,457,3,4055.0,561,4,4054.9,2,1,4054.8,500,1,4055.8,28,3,4055.9,12,1,4056.0,25,3,4056.1,20,2,4056.2,23,3
11483,2026-07-02 09:39:24+05:30,4055.9,10,4069.39,228470,91235.0,116674.0,4100.0,4110.0,4046.0,4092.6,22108450,4501.8,3683.4,4440.0,3288.1,4055.6,23,1,4055.5,457,3,4055.0,561,4,4054.9,2,1,4054.8,500,1,4055.8,10,1,4055.9,12,1,4056.0,32,5,4056.1,6,1,4056.2,36,3
11483,2026-07-02 09:39:25+05:30,4055.9,4,4069.39,228470,91235.0,116674.0,4100.0,4110.0,4046.0,4092.6,22108450,4501.8,3683.4,4440.0,3288.1,4055.6,23,1,4055.5,457,3,4055.0,561,4,4054.9,2,1,4054.8,500,1,4055.8,10,1,4055.9,12,1,4056.0,32,5,4056.1,6,1,4056.2,36,3
11483,2026-07-02 09:39:25+05:30,4055.9,4,4069.39,228505,91202.0,116728.0,4100.0,4110.0,4046.0,4092.6,22108450,4501.8,3683.4,4440.0,3288.1,4055.8,3,1,4055.6,23,1,4055.5,457,3,4055.0,561,4,4054.9,2,1,4055.9,2,2,4056.0,24,3,4056.3,12,3,4056.4,14,1,4056.5,25,1
11483,2026-07-02 09:39:26+05:30,4056.0,4,4069.39,228505,91202.0,116728.0,4100.0,4110.0,4046.0,4092.6,22108450,4501.8,3683.4,4440.0,3288.1,4055.8,3,1,4055.6,23,1,4055.5,457,3,4055.0,561,4,4054.9,2,1,4055.9,2,2,4056.0,24,3,4056.3,12,3,4056.4,14,1,4056.5,25,1
11483,2026-07-02 09:39:26+05:30,4056.3,4,4069.39,228560,91337.0,116517.0,4100.0,4110.0,4046.0,4092.6,22108450,4501.8,3683.4,4440.0,3288.1,4056.0,55,1,4055.8,3,1,4055.6,23,1,4055.5,458,4,4055.0,561,4,4056.3,9,3,4056.5,25,1,4056.6,19,1,4056.7,19,1,4056.8,40,2
11483,2026-07-02 09:39:27+05:30,4056.3,4,4069.39,228560,91337.0,116517.0,4100.0,4110.0,4046.0,4092.6,22108450,4501.8,3683.4,4440.0,3288.1,4056.0,55,1,4055.8,3,1,4055.6,23,1,4055.5,458,4,4055.0,561,4,4056.3,9,3,4056.5,25,1,4056.6,19,1,4056.7,19,1,4056.8,40,2
11483,2026-07-02 09:39:27+05:30,4056.3,2,4069.39,228565,91413.0,116640.0,4100.0,4110.0,4046.0,4092.6,22108450,4501.8,3683.4,4440.0,3288.1,4056.0,55,1,4055.8,3,1,4055.6,23,1,4055.5,458,4,4055.0,565,5,4056.3,15,5,4056.4,2,1,4056.5,25,1,4056.6,36,2,4056.7,19,1
11483,2026-07-02 09:39:28+05:30,4056.0,7,4069.39,228565,91413.0,116640.0,4100.0,4110.0,4046.0,4092.6,22108450,4501.8,3683.4,4440.0,3288.1,4056.0,55,1,4055.8,3,1,4055.6,23,1,4055.5,458,4,4055.0,565,5,4056.3,15,5,4056.4,2,1,4056.5,25,1,4056.6,36,2,4056.7,19,1
11483,2026-07-02 09:39:28+05:30,4056.0,5,4069.39,228581,91424.0,116602.0,4100.0,4110.0,4046.0,4092.6,22108450,4501.8,3683.4,4440.0,3288.1,4056.0,65,2,4055.8,3,1,4055.6,23,1,4055.5,458,4,4055.0,565,5,4056.3,11,3,4056.4,2,1,4056.5,25,1,4056.6,36,2,4056.7,19,1
11483,2026-07-02 09:39:29+05:30,4056.0,1,4069.39,228581,91424.0,116602.0,4100.0,4110.0,4046.0,4092.6,22108450,4501.8,3683.4,4440.0,3288.1,4056.0,65,2,4055.8,3,1,4055.6,23,1,4055.5,458,4,4055.0,565,5,4056.3,11,3,4056.4,2,1,4056.5,25,1,4056.6,36,2,4056.7,19,1
11483,2026-07-02 09:39:29+05:30,4056.0,7,4069.39,228589,91455.0,116609.0,4100.0,4110.0,4046.0,4092.6,22108450,4501.8,3683.4,4440.0,3288.1,4056.0,57,2,4055.8,3,1,4055.6,23,1,4055.5,498,5,4055.0,565,5,4056.3,11,3,4056.4,2,1,4056.5,25,1,4056.6,36,2,4056.7,19,1
11483,2026-07-02 09:39:30+05:30,4055.8,3,4069.39,228589,91455.0,116609.0,4100.0,4110.0,4046.0,4092.6,22108450,4501.8,3683.4,4440.0,3288.1,4056.0,57,2,4055.8,3,1,4055.6,23,1,4055.5,498,5,4055.0,565,5,4056.3,11,3,4056.4,2,1,4056.5,25,1,4056.6,36,2,4056.7,19,1
11483,2026-07-02 09:39:30+05:30,4055.4,2,4069.33,229437,90699.0,117741.0,4100.0,4110.0,4046.0,4092.6,22108450,4501.8,3683.4,4440.0,3288.1,4055.0,1065,6,4054.9,2,1,4054.5,192,3,4054.2,27,3,4054.1,42,1,4055.4,223,1,4055.6,24,2,4055.8,2,2,4056.0,51,5,4056.1,1,1
11483,2026-07-02 09:39:31+05:30,4055.4,10,4069.33,229437,90699.0,117741.0,4100.0,4110.0,4046.0,4092.6,22108450,4501.8,3683.4,4440.0,3288.1,4055.0,1065,6,4054.9,2,1,4054.5,192,3,4054.2,27,3,4054.1,42,1,4055.4,223,1,4055.6,24,2,4055.8,2,2,4056.0,51,5,4056.1,1,1
11483,2026-07-02 09:39:31+05:30,4055.8,1,4069.29,230178,90555.0,117691.0,4100.0,4110.0,4046.0,4092.6,22108450,4501.8,3683.4,4440.0,3288.1,4055.0,1063,5,4054.9,177,2,4054.5,17,2,4054.2,27,3,4054.1,3,1,4055.8,29,3,4056.0,36,4,4056.1,39,1,4056.2,59,3,4056.3,21,2
11483,2026-07-02 09:39:32+05:30,4055.8,1,4069.29,230178,90555.0,117691.0,4100.0,4110.0,4046.0,4092.6,22108450,4501.8,3683.4,4440.0,3288.1,4055.0,1063,5,4054.9,177,2,4054.5,17,2,4054.2,27,3,4054.1,3,1,4055.8,29,3,4056.0,36,4,4056.1,39,1,4056.2,59,3,4056.3,21,2
11483,2026-07-02 09:39:32+05:30,4055.8,1,4069.29,230179,90560.0,117532.0,4100.0,4110.0,4046.0,4092.6,22108450,4501.8,3683.4,4440.0,3288.1,4055.0,1063,5,4054.9,177,2,4054.8,5,1,4054.5,17,2,4054.2,27,3,4055.8,22,5,4056.0,72,7,4056.1,8,1,4056.2,30,1,4056.3,27,2
11483,2026-07-02 09:39:33+05:30,4056.0,3,4069.29,230179,90560.0,117532.0,4100.0,4110.0,4046.0,4092.6,22108450,4501.8,3683.4,4440.0,3288.1,4055.0,1063,5,4054.9,177,2,4054.8,5,1,4054.5,17,2,4054.2,27,3,4055.8,22,5,4056.0,72,7,4056.1,8,1,4056.2,30,1,4056.3,27,2
11483,2026-07-02 09:39:33+05:30,4056.0,3,4069.28,230375,90784.0,117302.0,4100.0,4110.0,4046.0,4092.6,22108450,4501.8,3683.4,4440.0,3288.1,4055.0,1051,6,4054.9,177,2,4054.6,10,1,4054.5,17,2,4054.2,14,2,4055.8,7,1,4056.0,51,8,4056.2,30,1,4056.3,27,2,4056.4,74,2
11483,2026-07-02 09:39:34+05:30,4056.0,8,4069.28,230375,90784.0,117302.0,4100.0,4110.0,4046.0,4092.6,22108450,4501.8,3683.4,4440.0,3288.1,4055.0,1051,6,4054.9,177,2,4054.6,10,1,4054.5,17,2,4054.2,14,2,4055.8,7,1,4056.0,51,8,4056.2,30,1,4056.3,27,2,4056.4,74,2
11483,2026-07-02 09:39:34+05:30,4056.0,24,4069.26,230621,90282.0,117237.0,4100.0,4110.0,4046.0,4092.6,22108450,4501.8,3683.4,4440.0,3288.1,4056.0,299,1,4055.0,551,5,4054.9,2,1,4054.6,10,1,4054.5,29,3,4056.2,13,1,4056.3,52,5,4056.4,7,1,4056.5,25,1,4056.6,70,2
11483,2026-07-02 09:39:35+05:30,4056.2,1,4069.26,230621,90282.0,117237.0,4100.0,4110.0,4046.0,4092.6,22108450,4501.8,3683.4,4440.0,3288.1,4056.0,299,1,4055.0,551,5,4054.9,2,1,4054.6,10,1,4054.5,29,3,4056.2,13,1,4056.3,52,5,4056.4,7,1,4056.5,25,1,4056.6,70,2
11483,2026-07-02 09:39:35+05:30,4056.3,3,4069.25,230830,90485.0,117105.0,4100.0,4110.0,4046.0,4092.6,22108450,4501.8,3683.4,4440.0,3288.1,4056.0,94,1,4055.0,547,4,4054.9,2,1,4054.7,8,1,4054.6,10,1,4056.3,41,6,4056.4,14,2,4056.5,25,1,4056.6,80,3,4056.7,52,2
11483,2026-07-02 09:39:36+05:30,4056.3,3,4069.25,230830,90485.0,117105.0,4100.0,4110.0,4046.0,4092.6,22108450,4501.8,3683.4,4440.0,3288.1,4056.0,94,1,4055.0,547,4,4054.9,2,1,4054.7,8,1,4054.6,10,1,4056.3,41,6,4056.4,14,2,4056.5,25,1,4056.6,80,3,4056.7,52,2
11483,2026-07-02 09:39:37+05:30,4056.0,10,4069.25,230840,90616.0,117028.0,4100.0,4110.0,4046.0,4092.6,22108450,4501.8,3683.4,4440.0,3288.1,4056.0,284,2,4055.1,5,1,4055.0,547,4,4054.9,2,1,4054.8,12,1,4056.3,30,4,4056.5,9,1,4056.6,80,3,4056.7,52,2,4056.8,40,2
11483,2026-07-02 09:39:37+05:30,4056.0,2,4069.25,230840,90616.0,117028.0,4100.0,4110.0,4046.0,4092.6,22108450,4501.8,3683.4,4440.0,3288.1,4056.0,284,2,4055.1,5,1,4055.0,547,4,4054.9,2,1,4054.8,12,1,4056.3,30,4,4056.5,9,1,4056.6,80,3,4056.7,52,2,4056.8,40,2
11483,2026-07-02 09:39:38+05:30,4056.3,3,4069.25,230858,91178.0,116667.0,4100.0,4110.0,4046.0,4092.6,22108450,4501.8,3683.4,4440.0,3288.1,4056.0,282,2,4055.5,17,3,4055.4,8,1,4055.3,5,1,4055.1,21,3,4056.3,6,4,4056.6,53,1,4056.8,12,1,4057.0,5,1,4057.2,39,2
11483,2026-07-02 09:39:38+05:30,4056.3,3,4069.25,230858,91178.0,116667.0,4100.0,4110.0,4046.0,4092.6,22108450,4501.8,3683.4,4440.0,3288.1,4056.0,282,2,4055.5,17,3,4055.4,8,1,4055.3,5,1,4055.1,21,3,4056.3,6,4,4056.6,53,1,4056.8,12,1,4057.0,5,1,4057.2,39,2
11483,2026-07-02 09:39:39+05:30,4056.3,1,4069.25,230858,91178.0,116667.0,4100.0,4110.0,4046.0,4092.6,22108450,4501.8,3683.4,4440.0,3288.1,4056.0,282,2,4055.5,17,3,4055.4,8,1,4055.3,5,1,4055.1,21,3,4056.3,6,4,4056.6,53,1,4056.8,12,1,4057.0,5,1,4057.2,39,2
11483,2026-07-02 09:39:39+05:30,4056.3,1,4069.25,230859,91216.0,116760.0,4100.0,4110.0,4046.0,4092.6,22108450,4501.8,3683.4,4440.0,3288.1,4056.0,290,5,4055.5,17,3,4055.4,8,1,4055.3,5,1,4055.1,21,3,4056.3,6,4,4056.6,53,1,4057.0,5,1,4057.2,39,2,4057.4,6,1
11483,2026-07-02 09:39:40+05:30,4056.6,22,4069.25,230859,91216.0,116760.0,4100.0,4110.0,4046.0,4092.6,22108450,4501.8,3683.4,4440.0,3288.1,4056.0,290,5,4055.5,17,3,4055.4,8,1,4055.3,5,1,4055.1,21,3,4056.3,6,4,4056.6,53,1,4057.0,5,1,4057.2,39,2,4057.4,6,1
11483,2026-07-02 09:39:40+05:30,4056.6,5,4069.25,230936,92053.0,116814.0,4100.0,4110.0,4046.0,4092.6,22108450,4501.8,3683.4,4440.0,3288.1,4056.0,290,5,4055.9,175,1,4055.5,69,5,4055.3,8,2,4055.2,28,2,4056.6,50,3,4057.0,55,2,4057.2,27,1,4057.5,12,1,4057.7,23,2
11483,2026-07-02 09:39:41+05:30,4056.6,5,4069.25,230936,92053.0,116814.0,4100.0,4110.0,4046.0,4092.6,22108450,4501.8,3683.4,4440.0,3288.1,4056.0,290,5,4055.9,175,1,4055.5,69,5,4055.3,8,2,4055.2,28,2,4056.6,50,3,4057.0,55,2,4057.2,27,1,4057.5,12,1,4057.7,23,2
11483,2026-07-02 09:39:41+05:30,4056.6,5,4069.25,230936,92040.0,116732.0,4100.0,4110.0,4046.0,4092.6,22108450,4501.8,3683.4,4440.0,3288.1,4056.0,290,5,4055.9,175,1,4055.5,69,5,4055.3,8,2,4055.2,28,2,4056.6,50,3,4057.0,55,2,4057.2,27,1,4057.5,12,1,4057.7,15,1
11483,2026-07-02 09:39:42+05:30,4056.0,1,4069.25,230936,92040.0,116732.0,4100.0,4110.0,4046.0,4092.6,22108450,4501.8,3683.4,4440.0,3288.1,4056.0,290,5,4055.9,175,1,4055.5,69,5,4055.3,8,2,4055.2,28,2,4056.6,50,3,4057.0,55,2,4057.2,27,1,4057.5,12,1,4057.7,15,1
11483,2026-07-02 09:39:42+05:30,4056.0,1,4069.25,230937,92124.0,116866.0,4100.0,4110.0,4046.0,4092.6,22108450,4501.8,3683.4,4440.0,3288.1,4056.0,289,5,4055.9,175,1,4055.5,56,4,4055.3,8,2,4055.2,28,2,4056.6,50,3,4057.0,55,2,4057.2,27,1,4057.5,12,1,4057.7,34,2
11483,2026-07-02 09:39:43+05:30,4056.6,3,4069.25,230937,92124.0,116866.0,4100.0,4110.0,4046.0,4092.6,22108450,4501.8,3683.4,4440.0,3288.1,4056.0,289,5,4055.9,175,1,4055.5,56,4,4055.3,8,2,4055.2,28,2,4056.6,50,3,4057.0,55,2,4057.2,27,1,4057.5,12,1,4057.7,34,2
11483,2026-07-02 09:39:43+05:30,4056.6,2,4069.25,230964,92220.0,116895.0,4100.0,4110.0,4046.0,4092.6,22108450,4501.8,3683.4,4440.0,3288.1,4056.2,25,1,4056.0,294,6,4055.9,175,1,4055.5,56,4,4055.4,16,2,4056.6,25,5,4057.0,55,2,4057.2,39,2,4057.5,12,1,4057.7,34,2
11483,2026-07-02 09:39:44+05:30,4056.6,2,4069.25,230964,92220.0,116895.0,4100.0,4110.0,4046.0,4092.6,22108450,4501.8,3683.4,4440.0,3288.1,4056.2,25,1,4056.0,294,6,4055.9,175,1,4055.5,56,4,4055.4,16,2,4056.6,25,5,4057.0,55,2,4057.2,39,2,4057.5,12,1,4057.7,34,2
11483,2026-07-02 09:39:44+05:30,4056.6,2,4069.25,230964,92195.0,116977.0,4100.0,4110.0,4046.0,4092.6,22108450,4501.8,3683.4,4440.0,3288.1,4056.2,25,1,4056.0,294,6,4055.9,175,1,4055.5,56,4,4055.4,13,1,4056.6,25,5,4056.9,12,1,4057.0,68,3,4057.1,15,1,4057.2,39,2
11483,2026-07-02 09:39:45+05:30,4056.2,8,4069.25,230964,92195.0,116977.0,4100.0,4110.0,4046.0,4092.6,22108450,4501.8,3683.4,4440.0,3288.1,4056.2,25,1,4056.0,294,6,4055.9,175,1,4055.5,56,4,4055.4,13,1,4056.6,25,5,4056.9,12,1,4057.0,68,3,4057.1,15,1,4057.2,39,2
11483,2026-07-02 09:39:45+05:30,4057.2,3,4069.23,231193,92149.0,116705.0,4100.0,4110.0,4046.0,4092.6,22108450,4501.8,3683.4,4440.0,3288.1,4056.2,14,1,4056.0,293,5,4055.9,175,1,4055.5,30,4,4055.4,16,2,4057.2,25,4,4057.5,12,1,4057.7,78,2,4057.8,62,3,4057.9,64,2
11483,2026-07-02 09:39:46+05:30,4057.2,3,4069.23,231193,92149.0,116705.0,4100.0,4110.0,4046.0,4092.6,22108450,4501.8,3683.4,4440.0,3288.1,4056.2,14,1,4056.0,293,5,4055.9,175,1,4055.5,30,4,4055.4,16,2,4057.2,25,4,4057.5,12,1,4057.7,78,2,4057.8,62,3,4057.9,64,2
11483,2026-07-02 09:39:46+05:30,4057.2,8,4069.23,231201,92498.0,116718.0,4100.0,4110.0,4046.0,4092.6,22108450,4501.8,3683.4,4440.0,3288.1,4056.2,14,1,4056.1,3,1,4056.0,293,5,4055.9,175,1,4055.8,41,1,4057.2,6,4,4057.5,12,1,4057.7,78,2,4057.8,62,3,4057.9,74,2
11483,2026-07-02 09:39:47+05:30,4057.2,8,4069.23,231201,92498.0,116718.0,4100.0,4110.0,4046.0,4092.6,22108450,4501.8,3683.4,4440.0,3288.1,4056.2,14,1,4056.1,3,1,4056.0,293,5,4055.9,175,1,4055.8,41,1,4057.2,6,4,4057.5,12,1,4057.7,78,2,4057.8,62,3,4057.9,74,2
11483,2026-07-02 09:39:47+05:30,4057.2,1,4069.23,231246,92675.0,116520.0,4100.0,4110.0,4046.0,4092.6,22108450,4501.8,3683.4,4440.0,3288.1,4056.3,19,1,4056.2,59,4,4056.1,44,2,4056.0,323,8,4055.9,175,1,4057.2,1,1,4057.7,15,1,4057.8,50,2,4058.0,65,7,4058.4,105,4
11483,2026-07-02 09:39:48+05:30,4058.1,14,4069.23,231246,92675.0,116520.0,4100.0,4110.0,4046.0,4092.6,22108450,4501.8,3683.4,4440.0,3288.1,4056.3,19,1,4056.2,59,4,4056.1,44,2,4056.0,323,8,4055.9,175,1,4057.2,1,1,4057.7,15,1,4057.8,50,2,4058.0,65,7,4058.4,105,4
11483,2026-07-02 09:39:48+05:30,4058.0,7,4069.22,231531,93090.0,116262.0,4100.0,4110.0,4046.0,4092.6,22108450,4501.8,3683.4,4440.0,3288.1,4056.9,16,1,4056.8,26,2,4056.7,101,3,4056.6,22,2,4056.5,53,2,4058.5,16,1,4058.6,140,6,4058.7,53,4,4058.8,18,2,4059.0,61,5
11483,2026-07-02 09:39:49+05:30,4058.0,7,4069.22,231531,93090.0,116262.0,4100.0,4110.0,4046.0,4092.6,22108450,4501.8,3683.4,4440.0,3288.1,4056.9,16,1,4056.8,26,2,4056.7,101,3,4056.6,22,2,4056.5,53,2,4058.5,16,1,4058.6,140,6,4058.7,53,4,4058.8,18,2,4059.0,61,5
11483,2026-07-02 09:39:49+05:30,4058.2,5,4069.21,231594,92525.0,116855.0,4100.0,4110.0,4046.0,4092.6,22108450,4501.8,3683.4,4440.0,3288.1,4056.7,50,1,4056.6,6,1,4056.5,5,1,4056.4,5,1,4056.3,19,1,4058.0,3,1,4058.2,67,4,4058.3,27,1,4058.4,16,1,4058.5,62,3
11483,2026-07-02 09:39:50+05:30,4058.2,2,4069.21,231594,92525.0,116855.0,4100.0,4110.0,4046.0,4092.6,22108450,4501.8,3683.4,4440.0,3288.1,4056.7,50,1,4056.6,6,1,4056.5,5,1,4056.4,5,1,4056.3,19,1,4058.0,3,1,4058.2,67,4,4058.3,27,1,4058.4,16,1,4058.5,62,3
11483,2026-07-02 09:39:51+05:30,4058.2,2,4069.21,231599,93060.0,116630.0,4100.0,4110.0,4046.0,4092.6,22108450,4501.8,3683.4,4440.0,3288.1,4057.0,33,2,4056.9,51,3,4056.8,29,2,4056.7,145,4,4056.6,39,4,4058.2,3,3,4058.7,40,3,4058.9,58,1,4059.0,99,5,4059.2,10,1
11483,2026-07-02 09:39:52+05:30,4058.7,9,4069.21,231619,93048.0,116586.0,4100.0,4110.0,4046.0,4092.6,22108450,4501.8,3683.4,4440.0,3288.1,4057.1,37,2,4057.0,38,3,4056.9,64,4,4056.8,29,2,4056.7,87,3,4058.7,41,4,4058.9,58,1,4059.0,86,4,4059.2,10,1,4059.3,55,4
11483,2026-07-02 09:39:52+05:30,4057.0,3,4069.21,231619,93048.0,116586.0,4100.0,4110.0,4046.0,4092.6,22108450,4501.8,3683.4,4440.0,3288.1,4057.1,37,2,4057.0,38,3,4056.9,64,4,4056.8,29,2,4056.7,87,3,4058.7,41,4,4058.9,58,1,4059.0,86,4,4059.2,10,1,4059.3,55,4
11483,2026-07-02 09:39:53+05:30,4058.6,1,4069.21,231647,93002.0,116587.0,4100.0,4110.0,4046.0,4092.6,22108450,4501.8,3683.4,4440.0,3288.1,4057.2,2,1,4057.0,44,3,4056.9,16,1,4056.8,29,2,4056.7,66,2,4058.6,63,4,4058.7,41,4,4058.8,10,1,4058.9,12,1,4059.0,99,5
11483,2026-07-02 09:39:53+05:30,4058.6,1,4069.21,231647,93002.0,116587.0,4100.0,4110.0,4046.0,4092.6,22108450,4501.8,3683.4,4440.0,3288.1,4057.2,2,1,4057.0,44,3,4056.9,16,1,4056.8,29,2,4056.7,66,2,4058.6,63,4,4058.7,41,4,4058.8,10,1,4058.9,12,1,4059.0,99,5
11483,2026-07-02 09:39:54+05:30,4058.0,6,4069.21,231752,92810.0,116085.0,4100.0,4110.0,4046.0,4092.6,22108450,4501.8,3683.4,4440.0,3288.1,4058.0,132,1,4057.2,22,2,4057.0,31,2,4056.9,50,3,4056.8,103,4,4058.6,1,1,4058.7,41,4,4059.0,86,4,4059.2,10,1,4059.3,55,4
11483,2026-07-02 09:39:54+05:30,4058.0,6,4069.21,231752,92810.0,116085.0,4100.0,4110.0,4046.0,4092.6,22108450,4501.8,3683.4,4440.0,3288.1,4058.0,132,1,4057.2,22,2,4057.0,31,2,4056.9,50,3,4056.8,103,4,4058.6,1,1,4058.7,41,4,4059.0,86,4,4059.2,10,1,4059.3,55,4
11483,2026-07-02 09:39:55+05:30,4058.7,14,4069.21,231752,92810.0,116085.0,4100.0,4110.0,4046.0,4092.6,22108450,4501.8,3683.4,4440.0,3288.1,4058.0,132,1,4057.2,22,2,4057.0,31,2,4056.9,50,3,4056.8,103,4,4058.6,1,1,4058.7,41,4,4059.0,86,4,4059.2,10,1,4059.3,55,4
11483,2026-07-02 09:39:55+05:30,4058.7,14,4069.2,231853,92826.0,116072.0,4100.0,4110.0,4046.0,4092.6,22108450,4501.8,3683.4,4440.0,3288.1,4058.2,1,1,4058.0,118,2,4057.2,22,2,4056.9,71,3,4056.8,55,3,4058.7,45,4,4058.8,2,1,4059.0,86,4,4059.2,10,1,4059.3,55,4
11483,2026-07-02 09:39:56+05:30,4058.7,10,4069.2,231853,92826.0,116072.0,4100.0,4110.0,4046.0,4092.6,22108450,4501.8,3683.4,4440.0,3288.1,4058.2,1,1,4058.0,118,2,4057.2,22,2,4056.9,71,3,4056.8,55,3,4058.7,45,4,4058.8,2,1,4059.0,86,4,4059.2,10,1,4059.3,55,4
11483,2026-07-02 09:39:56+05:30,4058.7,10,4069.2,231863,92828.0,116186.0,4100.0,4110.0,4046.0,4092.6,22108450,4501.8,3683.4,4440.0,3288.1,4058.2,1,1,4058.0,118,2,4057.2,22,2,4056.9,50,3,4056.8,55,3,4058.7,59,9,4058.8,2,1,4058.9,12,1,4059.0,86,4,4059.2,10,1
11483,2026-07-02 09:39:57+05:30,4058.7,5,4069.2,231863,92828.0,116186.0,4100.0,4110.0,4046.0,4092.6,22108450,4501.8,3683.4,4440.0,3288.1,4058.2,1,1,4058.0,118,2,4057.2,2,1,4056.9,13,1,4056.8,56,3,4058.7,61,6,4058.9,164,4,4059.0,112,6,4059.1,15,1,4059.2,27,2
11483,2026-07-02 09:39:57+05:30,4058.7,5,4069.2,231946,92787.0,116436.0,4100.0,4110.0,4046.0,4092.6,22108450,4501.8,3683.4,4440.0,3288.1,4058.2,1,1,4058.0,118,2,4057.2,2,1,4056.9,13,1,4056.8,56,3,4058.7,61,6,4058.9,164,4,4059.0,112,6,4059.1,15,1,4059.2,27,2
11483,2026-07-02 09:39:58+05:30,4058.7,11,4069.2,231946,92787.0,116436.0,4100.0,4110.0,4046.0,4092.6,22108450,4501.8,3683.4,4440.0,3288.1,4058.2,1,1,4058.0,118,2,4057.2,2,1,4056.9,13,1,4056.8,56,3,4058.7,61,6,4058.9,164,4,4059.0,112,6,4059.1,15,1,4059.2,27,2
11483,2026-07-02 09:39:58+05:30,4058.7,11,4069.2,231968,92792.0,116441.0,4100.0,4110.0,4046.0,4092.6,22108450,4501.8,3683.4,4440.0,3288.1,4058.2,11,2,4058.0,119,3,4057.2,2,1,4056.9,13,1,4056.8,56,3,4058.7,77,15,4058.8,2,1,4058.9,113,3,4059.0,143,7,4059.1,15,1
11483,2026-07-02 09:39:59+05:30,4058.6,1,4069.2,231968,92792.0,116441.0,4100.0,4110.0,4046.0,4092.6,22108450,4501.8,3683.4,4440.0,3288.1,4058.2,11,2,4058.0,119,3,4057.2,2,1,4057.0,32,2,4056.9,13,1,4058.6,15,3,4058.7,54,14,4058.9,113,3,4059.0,143,7,4059.1,15,1
11483,2026-07-02 09:39:59+05:30,4058.6,1,4069.2,231970,93053.0,116443.0,4100.0,4110.0,4046.0,4092.6,22108450,4501.8,3683.4,4440.0,3288.1,4058.2,11,2,4058.0,119,3,4057.2,2,1,4057.0,32,2,4056.9,13,1,4058.6,15,3,4058.7,54,14,4058.9,113,3,4059.0,143,7,4059.1,15,1
11483,2026-07-02 09:40:00+05:30,4058.2,1,4069.2,231970,93053.0,116443.0,4100.0,4110.0,4046.0,4092.6,22108450,4501.8,3683.4,4440.0,3288.1,4058.2,11,2,4058.0,119,3,4057.2,2,1,4057.0,32,2,4056.9,13,1,4058.6,15,3,4058.7,54,14,4058.9,113,3,4059.0,143,7,4059.1,15,1
11483,2026-07-02 09:40:00+05:30,4058.2,1,4069.2,231971,93067.0,116445.0,4100.0,4110.0,4046.0,4092.6,22108450,4501.8,3683.4,4440.0,3288.1,4058.2,10,1,4058.0,129,4,4057.2,2,1,4057.0,32,2,4056.9,13,1,4058.6,15,3,4058.7,54,14,4058.9,113,3,4059.0,143,7,4059.1,15,1
11483,2026-07-02 09:40:01+05:30,4058.6,3,4069.19,232112,92985.0,116545.0,4100.0,4110.0,4046.0,4092.6,22108450,4501.8,3683.4,4440.0,3288.1,4058.0,28,4,4057.2,2,1,4057.0,44,3,4056.9,13,1,4056.8,13,1,4058.6,7,1,4058.7,79,13,4058.8,13,1,4058.9,113,3,4059.0,112,6
11483,2026-07-02 09:40:01+05:30,4058.6,3,4069.19,232112,92985.0,116545.0,4100.0,4110.0,4046.0,4092.6,22108450,4501.8,3683.4,4440.0,3288.1,4058.0,28,4,4057.2,2,1,4057.0,44,3,4056.9,13,1,4056.8,13,1,4058.6,7,1,4058.7,79,13,4058.8,13,1,4058.9,113,3,4059.0,112,6
11483,2026-07-02 09:40:02+05:30,4057.9,2,4069.16,232730,91535.0,117323.0,4100.0,4110.0,4046.0,4092.6,22108450,4501.8,3683.4,4440.0,3288.1,4056.6,5,1,4056.3,90,1,4056.2,14,1,4056.1,3,1,4056.0,210,9,4057.9,10,1,4058.0,55,4,4058.1,67,3,4058.2,61,4,4058.4,80,4
11483,2026-07-02 09:40:02+05:30,4057.9,2,4069.16,232730,91535.0,117323.0,4100.0,4110.0,4046.0,4092.6,22108450,4501.8,3683.4,4440.0,3288.1,4056.6,5,1,4056.3,90,1,4056.2,14,1,4056.1,3,1,4056.0,210,9,4057.9,10,1,4058.0,55,4,4058.1,67,3,4058.2,61,4,4058.4,80,4
11483,2026-07-02 09:40:03+05:30,4056.7,2,4069.15,232876,92883.0,117051.0,4100.0,4110.0,4046.0,4092.6,22108450,4501.8,3683.4,4440.0,3288.1,4056.6,32,2,4056.5,62,6,4056.4,71,3,4056.3,102,2,4056.2,192,3,4058.3,45,1,4058.4,14,1,4058.5,13,1,4058.6,3,2,4058.7,55,7
11483,2026-07-02 09:40:03+05:30,4058.2,7,4069.15,232876,92883.0,117051.0,4100.0,4110.0,4046.0,4092.6,22108450,4501.8,3683.4,4440.0,3288.1,4056.6,32,2,4056.5,62,6,4056.4,71,3,4056.3,102,2,4056.2,192,3,4058.3,45,1,4058.4,14,1,4058.5,13,1,4058.6,3,2,4058.7,55,7
11483,2026-07-02 09:40:04+05:30,4058.1,21,4069.15,232876,92883.0,117051.0,4100.0,4110.0,4046.0,4092.6,22108450,4501.8,3683.4,4440.0,3288.1,4056.6,32,2,4056.5,62,6,4056.4,71,3,4056.3,102,2,4056.2,192,3,4058.3,45,1,4058.4,14,1,4058.5,13,1,4058.6,3,2,4058.7,55,7
11483,2026-07-02 09:40:04+05:30,4058.1,21,4069.15,232950,92356.0,117322.0,4100.0,4110.0,4046.0,4092.6,22108450,4501.8,3683.4,4440.0,3288.1,4056.5,5,1,4056.3,90,1,4056.2,14,1,4056.1,3,1,4056.0,394,11,4057.9,31,3,4058.0,78,4,4058.1,14,1,4058.2,54,3,4058.3,15,1
11483,2026-07-02 09:40:05+05:30,4058.0,22,4069.15,232950,92356.0,117322.0,4100.0,4110.0,4046.0,4092.6,22108450,4501.8,3683.4,4440.0,3288.1,4056.5,5,1,4056.3,90,1,4056.2,14,1,4056.1,3,1,4056.0,394,11,4057.9,31,3,4058.0,78,4,4058.1,14,1,4058.2,54,3,4058.3,15,1
11483,2026-07-02 09:40:05+05:30,4058.0,22,4069.14,233031,92073.0,117382.0,4100.0,4110.0,4046.0,4092.6,22108450,4501.8,3683.4,4440.0,3288.1,4056.5,5,1,4056.3,90,1,4056.2,14,1,4056.1,3,1,4056.0,304,9,4057.8,52,4,4057.9,7,1,4058.0,26,2,4058.1,17,3,4058.2,44,3
11483,2026-07-02 09:40:05+05:30,4058.0,22,4069.14,233031,92073.0,117382.0,4100.0,4110.0,4046.0,4092.6,22108450,4501.8,3683.4,4440.0,3288.1,4056.5,5,1,4056.3,90,1,4056.2,14,1,4056.1,3,1,4056.0,304,9,4057.8,52,4,4057.9,7,1,4058.0,26,2,4058.1,17,3,4058.2,44,3
11483,2026-07-02 09:40:06+05:30,4058.0,22,4069.14,233031,92073.0,117382.0,4100.0,4110.0,4046.0,4092.6,22108450,4501.8,3683.4,4440.0,3288.1,4056.5,5,1,4056.3,90,1,4056.2,14,1,4056.1,3,1,4056.0,304,9,4057.8,52,4,4057.9,7,1,4058.0,26,2,4058.1,17,3,4058.2,44,3
11483,2026-07-02 09:40:06+05:30,4056.3,14,4069.14,233031,92073.0,117382.0,4100.0,4110.0,4046.0,4092.6,22108450,4501.8,3683.4,4440.0,3288.1,4056.5,5,1,4056.3,90,1,4056.2,14,1,4056.1,3,1,4056.0,304,9,4057.8,52,4,4057.9,7,1,4058.0,26,2,4058.1,17,3,4058.2,44,3
11483,2026-07-02 09:40:06+05:30,4057.5,7,4069.14,233057,92122.0,118030.0,4100.0,4110.0,4046.0,4092.6,22108450,4501.8,3683.4,4440.0,3288.1,4056.3,71,1,4056.2,14,1,4056.1,3,1,4056.0,304,9,4055.7,13,1,4057.5,13,1,4057.6,48,3,4057.7,16,2,4057.8,55,2,4057.9,56,3
11483,2026-07-02 09:40:06+05:30,4057.5,7,4069.14,233057,92122.0,118030.0,4100.0,4110.0,4046.0,4092.6,22108450,4501.8,3683.4,4440.0,3288.1,4056.3,71,1,4056.2,14,1,4056.1,3,1,4056.0,304,9,4055.7,13,1,4057.5,13,1,4057.6,48,3,4057.7,16,2,4057.8,55,2,4057.9,56,3
11483,2026-07-02 09:40:07+05:30,4057.6,22,4069.14,233057,92122.0,118030.0,4100.0,4110.0,4046.0,4092.6,22108450,4501.8,3683.4,4440.0,3288.1,4056.3,71,1,4056.2,14,1,4056.1,3,1,4056.0,304,9,4055.7,13,1,4057.5,13,1,4057.6,48,3,4057.7,16,2,4057.8,55,2,4057.9,56,3
11483,2026-07-02 09:40:07+05:30,4057.7,12,4069.14,233142,91961.0,117632.0,4100.0,4110.0,4046.0,4092.6,22108450,4501.8,3683.4,4440.0,3288.1,4056.3,71,1,4056.2,14,1,4056.1,3,1,4056.0,309,10,4055.9,26,1,4057.7,95,2,4057.8,122,4,4057.9,28,2,4058.0,51,6,4058.1,40,4
11483,2026-07-02 09:40:07+05:30,4057.7,12,4069.14,233142,91961.0,117632.0,4100.0,4110.0,4046.0,4092.6,22108450,4501.8,3683.4,4440.0,3288.1,4056.3,71,1,4056.2,14,1,4056.1,3,1,4056.0,309,10,4055.9,26,1,4057.7,95,2,4057.8,122,4,4057.9,28,2,4058.0,51,6,4058.1,40,4
11483,2026-07-02 09:40:08+05:30,4057.7,12,4069.14,233142,91961.0,117632.0,4100.0,4110.0,4046.0,4092.6,22108450,4501.8,3683.4,4440.0,3288.1,4056.3,71,1,4056.2,14,1,4056.1,3,1,4056.0,309,10,4055.9,26,1,4057.7,95,2,4057.8,122,4,4057.9,28,2,4058.0,51,6,4058.1,40,4
11483,2026-07-02 09:40:08+05:30,4057.6,5,4069.14,233142,91961.0,117632.0,4100.0,4110.0,4046.0,4092.6,22108450,4501.8,3683.4,4440.0,3288.1,4056.3,71,1,4056.2,14,1,4056.1,3,1,4056.0,309,10,4055.9,26,1,4057.7,95,2,4057.8,122,4,4057.9,28,2,4058.0,51,6,4058.1,40,4
11483,2026-07-02 09:40:08+05:30,4057.6,5,4069.14,233142,91961.0,117632.0,4100.0,4110.0,4046.0,4092.6,22108450,4501.8,3683.4,4440.0,3288.1,4056.3,71,1,4056.2,14,1,4056.1,3,1,4056.0,309,10,4055.9,26,1,4057.7,95,2,4057.8,122,4,4057.9,28,2,4058.0,51,6,4058.1,40,4
11483,2026-07-02 09:40:08+05:30,4057.6,1,4069.14,233154,91719.0,117552.0,4100.0,4110.0,4046.0,4092.6,22108450,4501.8,3683.4,4440.0,3288.1,4056.3,69,1,4056.2,14,1,4056.1,3,1,4056.0,309,10,4055.9,40,2,4057.6,10,2,4057.7,98,4,4057.8,50,1,4057.9,43,1,4058.0,27,3
11483,2026-07-02 09:40:08+05:30,4057.6,1,4069.14,233154,91719.0,117552.0,4100.0,4110.0,4046.0,4092.6,22108450,4501.8,3683.4,4440.0,3288.1,4056.3,69,1,4056.2,14,1,4056.1,3,1,4056.0,309,10,4055.9,40,2,4057.6,10,2,4057.7,98,4,4057.8,50,1,4057.9,43,1,4058.0,27,3
11483,2026-07-02 09:40:09+05:30,4057.6,1,4069.14,233154,91719.0,117552.0,4100.0,4110.0,4046.0,4092.6,22113175,4501.8,3683.4,4440.0,3288.1,4056.3,69,1,4056.2,14,1,4056.1,3,1,4056.0,309,10,4055.9,40,2,4057.6,10,2,4057.7,98,4,4057.8,50,1,4057.9,43,1,4058.0,27,3
11483,2026-07-02 09:40:09+05:30,4057.5,1,4069.14,233154,91719.0,117552.0,4100.0,4110.0,4046.0,4092.6,22113175,4501.8,3683.4,4440.0,3288.1,4056.3,69,1,4056.2,14,1,4056.1,3,1,4056.0,309,10,4055.9,40,2,4057.6,10,2,4057.7,98,4,4057.8,50,1,4057.9,43,1,4058.0,27,3
11483,2026-07-02 09:40:09+05:30,4057.5,1,4069.14,233154,91719.0,117552.0,4100.0,4110.0,4046.0,4092.6,22113175,4501.8,3683.4,4440.0,3288.1,4056.3,69,1,4056.2,14,1,4056.1,3,1,4056.0,309,10,4055.9,40,2,4057.6,10,2,4057.7,98,4,4057.8,50,1,4057.9,43,1,4058.0,27,3
11483,2026-07-02 09:40:09+05:30,4056.3,6,4069.1,233841,89982.0,118491.0,4100.0,4110.0,4046.0,4092.6,22113175,4501.8,3683.4,4440.0,3288.1,4056.2,14,1,4056.1,3,1,4056.0,129,8,4055.9,175,1,4055.1,12,1,4056.5,18,1,4056.6,38,3,4056.8,10,1,4056.9,38,4,4057.1,8,2
11483,2026-07-02 09:40:09+05:30,4056.3,6,4069.1,233841,89982.0,118491.0,4100.0,4110.0,4046.0,4092.6,22113175,4501.8,3683.4,4440.0,3288.1,4056.2,14,1,4056.1,3,1,4056.0,129,8,4055.9,175,1,4055.1,12,1,4056.5,18,1,4056.6,38,3,4056.8,10,1,4056.9,38,4,4057.1,8,2
11483,2026-07-02 09:40:10+05:30,4056.3,6,4069.1,233841,89982.0,118491.0,4100.0,4110.0,4046.0,4092.6,22113175,4501.8,3683.4,4440.0,3288.1,4056.2,14,1,4056.1,3,1,4056.0,129,8,4055.9,175,1,4055.1,12,1,4056.5,18,1,4056.6,38,3,4056.8,10,1,4056.9,38,4,4057.1,8,2
11483,2026-07-02 09:40:10+05:30,4056.1,1,4069.1,233841,89982.0,118491.0,4100.0,4110.0,4046.0,4092.6,22113175,4501.8,3683.4,4440.0,3288.1,4056.2,14,1,4056.1,3,1,4056.0,129,8,4055.9,175,1,4055.1,12,1,4056.5,18,1,4056.6,38,3,4056.8,10,1,4056.9,38,4,4057.1,8,2
11483,2026-07-02 09:40:10+05:30,4056.1,1,4069.1,233841,89982.0,118491.0,4100.0,4110.0,4046.0,4092.6,22113175,4501.8,3683.4,4440.0,3288.1,4056.2,14,1,4056.1,3,1,4056.0,129,8,4055.9,175,1,4055.1,12,1,4056.5,18,1,4056.6,38,3,4056.8,10,1,4056.9,38,4,4057.1,8,2
11483,2026-07-02 09:40:10+05:30,4056.2,7,4069.1,233904,89832.0,118907.0,4100.0,4110.0,4046.0,4092.6,22113175,4501.8,3683.4,4440.0,3288.1,4056.1,8,2,4056.0,129,8,4055.0,311,8,4054.9,2,1,4054.8,125,4,4056.2,10,2,4056.3,28,3,4056.6,10,1,4056.8,10,1,4056.9,38,4
11483,2026-07-02 09:40:11+05:30,4056.1,1,4069.1,233904,89832.0,118907.0,4100.0,4110.0,4046.0,4092.6,22113175,4501.8,3683.4,4440.0,3288.1,4056.1,8,2,4056.0,129,8,4055.0,311,8,4054.9,2,1,4054.8,125,4,4056.2,10,2,4056.3,28,3,4056.6,10,1,4056.8,10,1,4056.9,38,4
11483,2026-07-02 09:40:11+05:30,4056.2,1,4069.1,233908,89834.0,118870.0,4100.0,4110.0,4046.0,4092.6,22113175,4501.8,3683.4,4440.0,3288.1,4056.1,5,2,4056.0,129,8,4055.1,23,1,4055.0,311,8,4054.9,2,1,4056.2,10,3,4056.3,8,3,4056.6,10,1,4056.9,40,4,4057.0,12,1
11483,2026-07-02 09:40:12+05:30,4056.1,1,4069.1,233908,89834.0,118870.0,4100.0,4110.0,4046.0,4092.6,22113175,4501.8,3683.4,4440.0,3288.1,4056.1,5,2,4056.0,129,8,4055.1,23,1,4055.0,311,8,4054.9,2,1,4056.2,10,3,4056.3,8,3,4056.6,10,1,4056.9,40,4,4057.0,12,1
11483,2026-07-02 09:40:12+05:30,4056.1,1,4069.1,233940,90036.0,118891.0,4100.0,4110.0,4046.0,4092.6,22113175,4501.8,3683.4,4440.0,3288.1,4056.1,6,1,4056.0,129,8,4055.1,43,1,4055.0,361,9,4054.9,2,1,4056.2,9,3,4056.3,7,2,4056.6,10,1,4056.9,28,3,4057.1,8,2
11483,2026-07-02 09:40:13+05:30,4056.1,2,4069.1,233940,90036.0,118891.0,4100.0,4110.0,4046.0,4092.6,22113175,4501.8,3683.4,4440.0,3288.1,4056.1,6,1,4056.0,129,8,4055.1,43,1,4055.0,361,9,4054.9,2,1,4056.2,9,3,4056.3,7,2,4056.6,10,1,4056.9,28,3,4057.1,8,2
11483,2026-07-02 09:40:14+05:30,4056.1,3,4069.1,233957,90009.0,119159.0,4100.0,4110.0,4046.0,4092.6,22113175,4501.8,3683.4,4440.0,3288.1,4056.0,129,8,4055.0,361,9,4054.9,2,1,4054.8,116,3,4054.6,71,2,4056.1,28,4,4056.2,22,3,4056.3,19,3,4056.6,12,1,4056.7,10,1
11483,2026-07-02 09:40:14+05:30,4056.1,3,4069.1,233957,90009.0,119159.0,4100.0,4110.0,4046.0,4092.6,22113175,4501.8,3683.4,4440.0,3288.1,4056.0,129,8,4055.0,361,9,4054.9,2,1,4054.8,116,3,4054.6,71,2,4056.1,28,4,4056.2,22,3,4056.3,19,3,4056.6,12,1,4056.7,10,1
11483,2026-07-02 09:40:14+05:30,4055.0,1,4069.09,234107,89415.0,119877.0,4100.0,4110.0,4046.0,4092.6,22113175,4501.8,3683.4,4440.0,3288.1,4055.0,360,9,4054.9,2,1,4054.8,104,2,4054.6,10,1,4054.5,17,2,4055.7,20,1,4055.8,17,1,4056.0,4,1,4056.1,16,5,4056.2,2,2
11483,2026-07-02 09:40:15+05:30,4055.0,5,4069.09,234107,89415.0,119877.0,4100.0,4110.0,4046.0,4092.6,22113175,4501.8,3683.4,4440.0,3288.1,4055.0,360,9,4054.9,2,1,4054.8,104,2,4054.6,10,1,4054.5,17,2,4055.7,20,1,4055.8,17,1,4056.0,4,1,4056.1,16,5,4056.2,2,2
11483,2026-07-02 09:40:15+05:30,4056.6,3,4069.08,234237,89352.0,119520.0,4100.0,4110.0,4046.0,4092.6,22113175,4501.8,3683.4,4440.0,3288.1,4055.0,338,8,4054.9,2,1,4054.8,104,2,4054.6,36,2,4054.5,17,2,4056.6,50,2,4056.7,31,2,4056.8,69,4,4056.9,48,6,4057.0,49,3
11483,2026-07-02 09:40:16+05:30,4055.0,4,4069.08,234237,89352.0,119520.0,4100.0,4110.0,4046.0,4092.6,22113175,4501.8,3683.4,4440.0,3288.1,4055.0,338,8,4054.9,2,1,4054.8,104,2,4054.6,36,2,4054.5,17,2,4056.6,50,2,4056.7,31,2,4056.8,69,4,4056.9,48,6,4057.0,49,3
11483,2026-07-02 09:40:17+05:30,4055.1,1,4069.08,234301,89580.0,119385.0,4100.0,4110.0,4046.0,4092.6,22113175,4501.8,3683.4,4440.0,3288.1,4055.1,18,1,4055.0,371,10,4054.9,7,2,4054.8,104,2,4054.7,12,1,4056.5,26,5,4056.6,13,4,4056.7,7,2,4056.8,14,2,4056.9,16,2
11483,2026-07-02 09:40:17+05:30,4055.1,4,4069.08,234301,89580.0,119385.0,4100.0,4110.0,4046.0,4092.6,22113175,4501.8,3683.4,4440.0,3288.1,4055.1,18,1,4055.0,371,10,4054.9,7,2,4054.8,104,2,4054.7,12,1,4056.5,26,5,4056.6,13,4,4056.7,7,2,4056.8,14,2,4056.9,16,2
11483,2026-07-02 09:40:18+05:30,4056.5,5,4069.08,234316,89589.0,119366.0,4100.0,4110.0,4046.0,4092.6,22113175,4501.8,3683.4,4440.0,3288.1,4055.1,74,2,4055.0,345,9,4054.9,32,3,4054.8,104,2,4054.6,25,3,4056.5,19,4,4056.6,13,4,4056.7,7,2,4056.8,2,1,4056.9,16,2
11483,2026-07-02 09:40:18+05:30,4056.5,5,4069.08,234316,89589.0,119366.0,4100.0,4110.0,4046.0,4092.6,22113175,4501.8,3683.4,4440.0,3288.1,4055.1,74,2,4055.0,345,9,4054.9,32,3,4054.8,104,2,4054.6,25,3,4056.5,19,4,4056.6,13,4,4056.7,7,2,4056.8,2,1,4056.9,16,2
11483,2026-07-02 09:40:19+05:30,4056.0,4,4069.07,234352,90186.0,119082.0,4100.0,4110.0,4046.0,4092.6,22113175,4501.8,3683.4,4440.0,3288.1,4056.2,100,1,4056.0,94,1,4055.7,10,1,4055.5,5,1,4055.4,17,1,4056.6,2,1,4056.7,1,1,4056.9,4,1,4057.0,8,1,4057.1,9,1
11483,2026-07-02 09:40:19+05:30,4056.2,1,4069.07,234352,90186.0,119082.0,4100.0,4110.0,4046.0,4092.6,22113175,4501.8,3683.4,4440.0,3288.1,4056.2,100,1,4056.0,94,1,4055.7,10,1,4055.5,5,1,4055.4,17,1,4056.6,2,1,4056.7,1,1,4056.9,4,1,4057.0,8,1,4057.1,9,1
11483,2026-07-02 09:40:20+05:30,4056.6,1,4069.07,234355,90243.0,118935.0,4100.0,4110.0,4046.0,4092.6,22113175,4501.8,3683.4,4440.0,3288.1,4056.2,98,1,4056.1,2,1,4056.0,94,1,4055.8,1,1,4055.7,10,1,4056.6,1,1,4056.7,1,1,4057.0,8,1,4057.1,9,1,4057.2,48,4
11483,2026-07-02 09:40:20+05:30,4056.6,1,4069.07,234355,90243.0,118935.0,4100.0,4110.0,4046.0,4092.6,22113175,4501.8,3683.4,4440.0,3288.1,4056.2,98,1,4056.1,2,1,4056.0,94,1,4055.8,1,1,4055.7,10,1,4056.6,1,1,4056.7,1,1,4057.0,8,1,4057.1,9,1,4057.2,48,4
11483,2026-07-02 09:40:21+05:30,4056.2,3,4069.07,234383,90390.0,118948.0,4100.0,4110.0,4046.0,4092.6,22113175,4501.8,3683.4,4440.0,3288.1,4056.2,72,1,4056.1,2,1,4056.0,102,2,4055.8,1,1,4055.7,23,2,4056.7,1,1,4057.1,9,1,4057.2,25,2,4057.3,15,2,4057.4,54,4
11483,2026-07-02 09:40:21+05:30,4056.2,3,4069.07,234383,90390.0,118948.0,4100.0,4110.0,4046.0,4092.6,22113175,4501.8,3683.4,4440.0,3288.1,4056.2,72,1,4056.1,2,1,4056.0,102,2,4055.8,1,1,4055.7,23,2,4056.7,1,1,4057.1,9,1,4057.2,25,2,4057.3,15,2,4057.4,54,4
11483,2026-07-02 09:40:22+05:30,4057.4,3,4069.07,234450,90515.0,118895.0,4100.0,4110.0,4046.0,4092.6,22113175,4501.8,3683.4,4440.0,3288.1,4056.2,71,1,4056.1,2,1,4056.0,94,1,4055.8,1,1,4055.7,10,1,4057.4,53,6,4057.5,20,1,4057.6,5,1,4057.7,96,3,4057.8,70,4
11483,2026-07-02 09:40:22+05:30,4057.4,3,4069.07,234450,90515.0,118895.0,4100.0,4110.0,4046.0,4092.6,22113175,4501.8,3683.4,4440.0,3288.1,4056.2,71,1,4056.1,2,1,4056.0,94,1,4055.8,1,1,4055.7,10,1,4057.4,53,6,4057.5,20,1,4057.6,5,1,4057.7,96,3,4057.8,70,4
11483,2026-07-02 09:40:23+05:30,4056.2,1,4069.07,234450,90515.0,118895.0,4100.0,4110.0,4046.0,4092.6,22113175,4501.8,3683.4,4440.0,3288.1,4056.2,71,1,4056.1,2,1,4056.0,94,1,4055.8,1,1,4055.7,10,1,4057.4,53,6,4057.5,20,1,4057.6,5,1,4057.7,96,3,4057.8,70,4
11483,2026-07-02 09:40:23+05:30,4056.2,1,4069.07,234453,90087.0,119182.0,4100.0,4110.0,4046.0,4092.6,22113175,4501.8,3683.4,4440.0,3288.1,4056.2,70,1,4056.1,2,1,4056.0,94,1,4055.8,1,1,4055.7,10,1,4057.2,38,4,4057.3,87,3,4057.4,43,5,4057.5,48,3,4057.6,5,1
11483,2026-07-02 09:40:24+05:30,4056.2,1,4069.07,234453,90087.0,119182.0,4100.0,4110.0,4046.0,4092.6,22113175,4501.8,3683.4,4440.0,3288.1,4056.2,70,1,4056.1,2,1,4056.0,94,1,4055.8,1,1,4055.7,10,1,4057.2,38,4,4057.3,87,3,4057.4,43,5,4057.5,48,3,4057.6,5,1
11483,2026-07-02 09:40:24+05:30,4056.6,1,4069.07,234455,90800.0,119324.0,4100.0,4110.0,4046.0,4092.6,22113175,4501.8,3683.4,4440.0,3288.1,4056.6,9,1,4056.5,10,1,4056.2,69,1,4056.1,2,1,4056.0,96,2,4057.2,7,1,4057.3,10,2,4057.4,43,5,4057.5,48,3,4057.6,5,1
11483,2026-07-02 09:40:25+05:30,4056.6,1,4069.07,234455,90800.0,119324.0,4100.0,4110.0,4046.0,4092.6,22113175,4501.8,3683.4,4440.0,3288.1,4056.6,9,1,4056.5,10,1,4056.2,69,1,4056.1,2,1,4056.0,96,2,4057.2,7,1,4057.3,10,2,4057.4,43,5,4057.5,48,3,4057.6,5,1
11483,2026-07-02 09:40:25+05:30,4056.6,1,4069.07,234458,90853.0,119228.0,4100.0,4110.0,4046.0,4092.6,22113175,4501.8,3683.4,4440.0,3288.1,4056.6,6,1,4056.5,10,1,4056.2,69,1,4056.1,3,2,4056.0,97,3,4057.2,7,1,4057.3,10,2,4057.4,43,5,4057.5,48,3,4057.6,5,1
11483,2026-07-02 09:40:26+05:30,4056.6,1,4069.07,234458,90853.0,119228.0,4100.0,4110.0,4046.0,4092.6,22113175,4501.8,3683.4,4440.0,3288.1,4056.6,6,1,4056.5,10,1,4056.2,69,1,4056.1,3,2,4056.0,97,3,4057.2,7,1,4057.3,10,2,4057.4,43,5,4057.5,48,3,4057.6,5,1
11483,2026-07-02 09:40:26+05:30,4056.5,10,4069.07,234482,91510.0,119042.0,4100.0,4110.0,4046.0,4092.6,22113175,4501.8,3683.4,4440.0,3288.1,4056.2,69,1,4056.1,3,2,4056.0,97,3,4055.8,1,1,4055.7,10,1,4056.6,1,1,4057.2,40,3,4057.3,1,1,4057.4,17,3,4057.5,59,2
11483,2026-07-02 09:40:27+05:30,4057.1,16,4069.07,234482,91510.0,119042.0,4100.0,4110.0,4046.0,4092.6,22113175,4501.8,3683.4,4440.0,3288.1,4056.2,69,1,4056.1,3,2,4056.0,97,3,4055.8,1,1,4055.7,10,1,4056.6,1,1,4057.2,40,3,4057.3,1,1,4057.4,17,3,4057.5,59,2
11483,2026-07-02 09:40:27+05:30,4056.1,1,4069.06,234579,91490.0,119311.0,4100.0,4110.0,4046.0,4092.6,22113175,4501.8,3683.4,4440.0,3288.1,4056.1,1,1,4056.0,97,3,4055.8,1,1,4055.7,10,1,4055.1,18,2,4056.8,36,1,4056.9,36,3,4057.0,27,2,4057.1,47,6,4057.2,36,3
11483,2026-07-02 09:40:28+05:30,4055.1,4,4069.06,234579,91490.0,119311.0,4100.0,4110.0,4046.0,4092.6,22113175,4501.8,3683.4,4440.0,3288.1,4056.1,1,1,4056.0,97,3,4055.8,1,1,4055.7,10,1,4055.1,18,2,4056.8,36,1,4056.9,36,3,4057.0,27,2,4057.1,47,6,4057.2,36,3
11483,2026-07-02 09:40:28+05:30,4055.1,1,4069.06,234701,90280.0,120332.0,4100.0,4110.0,4046.0,4092.6,22113175,4501.8,3683.4,4440.0,3288.1,4055.0,407,12,4054.9,2,1,4054.8,104,2,4054.6,10,1,4054.5,12,1,4055.1,3,2,4056.1,1,1,4056.5,20,1,4056.6,63,2,4056.8,61,3
11483,2026-07-02 09:40:29+05:30,4055.0,1,4069.06,234701,90280.0,120332.0,4100.0,4110.0,4046.0,4092.6,22113175,4501.8,3683.4,4440.0,3288.1,4055.0,407,12,4054.9,2,1,4054.8,104,2,4054.6,10,1,4054.5,12,1,4055.1,3,2,4056.1,1,1,4056.5,20,1,4056.6,63,2,4056.8,61,3
11483,2026-07-02 09:40:29+05:30,4055.1,1,4069.06,234710,90464.0,120158.0,4100.0,4110.0,4046.0,4092.6,22113175,4501.8,3683.4,4440.0,3288.1,4055.0,406,12,4054.9,2,1,4054.8,104,2,4054.6,10,1,4054.5,12,1,4055.1,3,2,4056.1,1,1,4056.4,5,1,4056.5,68,2,4056.6,63,2
11483,2026-07-02 09:40:30+05:30,4055.0,7,4069.06,234710,90464.0,120158.0,4100.0,4110.0,4046.0,4092.6,22113175,4501.8,3683.4,4440.0,3288.1,4055.0,406,12,4054.9,2,1,4054.8,104,2,4054.6,10,1,4054.5,12,1,4055.1,3,2,4056.1,1,1,4056.4,5,1,4056.5,68,2,4056.6,63,2
11483,2026-07-02 09:40:30+05:30,4055.0,1,4069.04,234908,90323.0,120220.0,4100.0,4110.0,4046.0,4092.6,22113175,4501.8,3683.4,4440.0,3288.1,4055.0,390,10,4054.9,2,1,4054.8,104,2,4054.6,10,1,4054.5,12,1,4055.1,104,4,4056.1,1,1,4056.4,52,2,4056.5,61,1,4056.6,35,1
11483,2026-07-02 09:40:31+05:30,4055.0,1,4069.04,234908,90323.0,120220.0,4100.0,4110.0,4046.0,4092.6,22113175,4501.8,3683.4,4440.0,3288.1,4055.0,390,10,4054.9,2,1,4054.8,104,2,4054.6,10,1,4054.5,12,1,4055.1,104,4,4056.1,1,1,4056.4,52,2,4056.5,61,1,4056.6,35,1
11483,2026-07-02 09:40:32+05:30,4055.0,1,4069.04,234911,90185.0,120383.0,4100.0,4110.0,4046.0,4092.6,22113175,4501.8,3683.4,4440.0,3288.1,4055.0,388,11,4054.9,2,1,4054.8,104,2,4054.6,10,1,4054.5,12,1,4055.1,104,4,4056.0,11,1,4056.1,1,1,4056.3,11,1,4056.4,52,2
11483,2026-07-02 09:40:32+05:30,4055.0,1,4069.04,234911,90185.0,120383.0,4100.0,4110.0,4046.0,4092.6,22113175,4501.8,3683.4,4440.0,3288.1,4055.0,388,11,4054.9,2,1,4054.8,104,2,4054.6,10,1,4054.5,12,1,4055.1,104,4,4056.0,11,1,4056.1,1,1,4056.3,11,1,4056.4,52,2
11483,2026-07-02 09:40:33+05:30,4055.1,4,4069.04,234943,90220.0,120355.0,4100.0,4110.0,4046.0,4092.6,22113175,4501.8,3683.4,4440.0,3288.1,4055.0,377,11,4054.9,2,1,4054.8,104,2,4054.6,10,1,4054.5,17,2,4055.1,85,6,4056.2,6,1,4056.3,11,1,4056.4,48,1,4056.5,73,2
11483,2026-07-02 09:40:33+05:30,4055.1,1,4069.04,234943,90220.0,120355.0,4100.0,4110.0,4046.0,4092.6,22113175,4501.8,3683.4,4440.0,3288.1,4055.0,377,11,4054.9,2,1,4054.8,104,2,4054.6,10,1,4054.5,17,2,4055.1,85,6,4056.2,6,1,4056.3,11,1,4056.4,48,1,4056.5,73,2
11483,2026-07-02 09:40:34+05:30,4055.1,1,4069.04,234943,90220.0,120355.0,4100.0,4110.0,4046.0,4092.6,22113175,4501.8,3683.4,4440.0,3288.1,4055.0,377,11,4054.9,2,1,4054.8,104,2,4054.6,10,1,4054.5,17,2,4055.1,85,6,4056.2,6,1,4056.3,11,1,4056.4,48,1,4056.5,73,2
11483,2026-07-02 09:40:34+05:30,4055.1,1,4069.03,235176,90427.0,119851.0,4100.0,4110.0,4046.0,4092.6,22113175,4501.8,3683.4,4440.0,3288.1,4055.0,377,11,4054.9,2,1,4054.8,104,2,4054.6,10,1,4054.5,22,3,4055.1,2,1,4056.2,67,1,4056.3,53,2,4056.4,25,2,4056.6,9,1
11483,2026-07-02 09:40:35+05:30,4055.0,1,4069.03,235176,90427.0,119851.0,4100.0,4110.0,4046.0,4092.6,22113175,4501.8,3683.4,4440.0,3288.1,4055.0,377,11,4054.9,2,1,4054.8,104,2,4054.6,10,1,4054.5,22,3,4055.1,2,1,4056.2,67,1,4056.3,53,2,4056.4,25,2,4056.6,9,1
11483,2026-07-02 09:40:35+05:30,4055.0,1,4069.03,235177,90709.0,119895.0,4100.0,4110.0,4046.0,4092.6,22113175,4501.8,3683.4,4440.0,3288.1,4055.0,376,11,4054.9,2,1,4054.8,104,2,4054.6,10,1,4054.5,22,3,4055.1,3,2,4056.2,67,1,4056.3,53,2,4056.4,25,2,4056.6,9,1
11483,2026-07-02 09:40:36+05:30,4055.0,1,4069.03,235177,90709.0,119895.0,4100.0,4110.0,4046.0,4092.6,22113175,4501.8,3683.4,4440.0,3288.1,4055.0,376,11,4054.9,2,1,4054.8,104,2,4054.6,10,1,4054.5,22,3,4055.1,3,2,4056.2,67,1,4056.3,53,2,4056.4,25,2,4056.6,9,1
11483,2026-07-02 09:40:36+05:30,4055.0,1,4069.03,235183,91232.0,119864.0,4100.0,4110.0,4046.0,4092.6,22113175,4501.8,3683.4,4440.0,3288.1,4055.0,370,11,4054.9,2,1,4054.8,104,2,4054.5,522,4,4054.2,12,4,4055.1,3,2,4056.2,70,2,4056.3,53,2,4056.4,37,3,4056.6,9,1
11483,2026-07-02 09:40:37+05:30,4058.0,346,4069.03,235183,91232.0,119864.0,4100.0,4110.0,4046.0,4092.6,22113175,4501.8,3683.4,4440.0,3288.1,4055.0,370,11,4054.9,2,1,4054.8,104,2,4054.5,522,4,4054.2,12,4,4055.1,3,2,4056.2,70,2,4056.3,53,2,4056.4,37,3,4056.6,9,1
11483,2026-07-02 09:40:37+05:30,4058.0,346,4068.95,236831,91770.0,117427.0,4100.0,4110.0,4046.0,4092.6,22113175,4501.8,3683.4,4440.0,3288.1,4055.9,21,3,4055.8,19,1,4055.7,84,2,4055.6,54,2,4055.5,103,3,4057.0,26,1,4057.4,24,1,4057.5,26,1,4057.8,12,1,4057.9,29,2
11483,2026-07-02 09:40:38+05:30,4055.9,1,4068.95,236831,91770.0,117427.0,4100.0,4110.0,4046.0,4092.6,22113175,4501.8,3683.4,4440.0,3288.1,4055.9,21,3,4055.8,19,1,4055.7,84,2,4055.6,54,2,4055.5,103,3,4057.0,26,1,4057.4,24,1,4057.5,26,1,4057.8,12,1,4057.9,29,2
11483,2026-07-02 09:40:38+05:30,4055.9,1,4068.95,236832,92367.0,118202.0,4100.0,4110.0,4046.0,4092.6,22113175,4501.8,3683.4,4440.0,3288.1,4056.5,81,1,4056.4,42,1,4056.3,42,1,4056.1,42,1,4055.9,57,3,4056.9,26,1,4057.4,24,1,4057.5,26,1,4057.8,12,1,4057.9,17,1
11483,2026-07-02 09:40:39+05:30,4056.6,21,4068.95,236832,92367.0,118202.0,4100.0,4110.0,4046.0,4092.6,22113175,4501.8,3683.4,4440.0,3288.1,4056.5,81,1,4056.4,42,1,4056.3,42,1,4056.1,42,1,4055.9,57,3,4056.9,26,1,4057.4,24,1,4057.5,26,1,4057.8,12,1,4057.9,17,1
11483,2026-07-02 09:40:39+05:30,4056.6,10,4068.94,236887,92299.0,118641.0,4100.0,4110.0,4046.0,4092.6,22113175,4501.8,3683.4,4440.0,3288.1,4056.5,42,1,4056.3,42,1,4056.1,42,1,4055.9,10,1,4055.8,19,1,4056.6,53,3,4057.4,36,2,4057.5,26,1,4057.7,18,2,4057.8,12,1
11483,2026-07-02 09:40:40+05:30,4056.4,1,4068.94,236887,92299.0,118641.0,4100.0,4110.0,4046.0,4092.6,22113175,4501.8,3683.4,4440.0,3288.1,4056.5,42,1,4056.3,42,1,4056.1,42,1,4055.9,10,1,4055.8,19,1,4056.6,53,3,4057.4,36,2,4057.5,26,1,4057.7,18,2,4057.8,12,1
11483,2026-07-02 09:40:40+05:30,4056.4,1,4068.94,237005,92156.0,118852.0,4100.0,4110.0,4046.0,4092.6,22113175,4501.8,3683.4,4440.0,3288.1,4056.0,42,1,4055.8,61,2,4055.1,82,4,4055.0,388,14,4054.9,63,2,4056.5,20,1,4056.6,22,3,4056.8,12,1,4056.9,6,1,4057.1,13,1
11483,2026-07-02 09:40:41+05:30,4056.3,2,4068.94,237017,92251.0,118863.0,4100.0,4110.0,4046.0,4092.6,22113175,4501.8,3683.4,4440.0,3288.1,4056.3,40,1,4056.2,42,1,4056.0,42,1,4055.8,61,2,4055.2,27,2,4056.4,3,2,4056.5,20,1,4056.6,22,3,4056.8,2,1,4057.2,26,2
11483,2026-07-02 09:40:42+05:30,4056.3,39,4068.94,237017,92251.0,118863.0,4100.0,4110.0,4046.0,4092.6,22113175,4501.8,3683.4,4440.0,3288.1,4056.3,40,1,4056.2,42,1,4056.0,42,1,4055.8,61,2,4055.2,27,2,4056.4,3,2,4056.5,20,1,4056.6,22,3,4056.8,2,1,4057.2,26,2
11483,2026-07-02 09:40:42+05:30,4056.3,3,4068.93,237105,92049.0,119020.0,4100.0,4110.0,4046.0,4092.6,22113175,4501.8,3683.4,4440.0,3288.1,4056.2,32,1,4055.9,42,1,4055.8,19,1,4055.7,42,1,4055.2,32,2,4056.3,23,2,4056.4,36,2,4056.6,2,2,4056.7,5,1,4056.8,2,1
11483,2026-07-02 09:40:43+05:30,4056.3,1,4068.93,237105,92049.0,119020.0,4100.0,4110.0,4046.0,4092.6,22113175,4501.8,3683.4,4440.0,3288.1,4056.2,32,1,4055.9,42,1,4055.8,19,1,4055.7,42,1,4055.2,32,2,4056.3,23,2,4056.4,36,2,4056.6,2,2,4056.7,5,1,4056.8,2,1
11483,2026-07-02 09:40:43+05:30,4056.3,8,4068.93,237192,92203.0,119025.0,4100.0,4110.0,4046.0,4092.6,22113175,4501.8,3683.4,4440.0,3288.1,4056.2,74,2,4055.9,42,1,4055.8,19,1,4055.7,42,1,4055.2,3,1,4056.3,40,5,4056.4,20,1,4056.6,2,2,4056.7,5,1,4056.8,2,1
11483,2026-07-02 09:40:44+05:30,4056.4,25,4068.93,237192,92203.0,119025.0,4100.0,4110.0,4046.0,4092.6,22113175,4501.8,3683.4,4440.0,3288.1,4056.2,74,2,4055.9,42,1,4055.8,19,1,4055.7,42,1,4055.2,3,1,4056.3,40,5,4056.4,20,1,4056.6,2,2,4056.7,5,1,4056.8,2,1
11483,2026-07-02 09:40:44+05:30,4057.6,1,4068.91,237456,93855.0,118168.0,4100.0,4110.0,4046.0,4092.6,22113175,4501.8,3683.4,4440.0,3288.1,4056.6,72,1,4056.5,42,1,4056.4,47,1,4056.2,73,2,4056.0,42,1,4057.6,19,2,4057.7,1,1,4057.8,31,2,4057.9,17,1,4058.0,36,4
11483,2026-07-02 09:40:45+05:30,4057.6,1,4068.91,237456,93855.0,118168.0,4100.0,4110.0,4046.0,4092.6,22113175,4501.8,3683.4,4440.0,3288.1,4056.6,72,1,4056.5,42,1,4056.4,47,1,4056.2,73,2,4056.0,42,1,4057.6,19,2,4057.7,1,1,4057.8,31,2,4057.9,17,1,4058.0,36,4
11483,2026-07-02 09:40:45+05:30,4057.6,3,4068.91,237461,93917.0,118058.0,4100.0,4110.0,4046.0,4092.6,22113175,4501.8,3683.4,4440.0,3288.1,4057.1,42,1,4056.8,42,1,4056.6,42,1,4056.4,47,1,4056.2,31,1,4057.6,6,4,4057.8,12,1,4058.0,50,5,4058.1,24,3,4058.2,32,2
11483,2026-07-02 09:40:46+05:30,4057.6,3,4068.91,237461,93917.0,118058.0,4100.0,4110.0,4046.0,4092.6,22113175,4501.8,3683.4,4440.0,3288.1,4057.1,42,1,4056.8,42,1,4056.6,42,1,4056.4,47,1,4056.2,31,1,4057.6,6,4,4057.8,12,1,4058.0,50,5,4058.1,24,3,4058.2,32,2
11483,2026-07-02 09:40:47+05:30,4056.4,2,4068.9,237650,93535.0,119251.0,4100.0,4110.0,4046.0,4092.6,22113175,4501.8,3683.4,4440.0,3288.1,4056.0,2,1,4055.8,19,1,4055.2,44,1,4055.1,132,5,4055.0,566,22,4056.4,71,1,4057.1,6,1,4057.2,12,1,4057.5,25,3,4057.6,53,1
11483,2026-07-02 09:40:47+05:30,4056.4,2,4068.9,237650,93535.0,119251.0,4100.0,4110.0,4046.0,4092.6,22113175,4501.8,3683.4,4440.0,3288.1,4056.0,2,1,4055.8,19,1,4055.2,44,1,4055.1,132,5,4055.0,566,22,4056.4,71,1,4057.1,6,1,4057.2,12,1,4057.5,25,3,4057.6,53,1
11483,2026-07-02 09:40:48+05:30,4056.0,2,4068.9,237657,93203.0,119686.0,4100.0,4110.0,4046.0,4092.6,22113175,4501.8,3683.4,4440.0,3288.1,4055.8,19,1,4055.1,120,4,4055.0,523,19,4054.9,2,1,4054.8,116,3,4056.0,34,3,4056.1,81,1,4056.2,42,1,4056.3,42,1,4056.4,82,4
11483,2026-07-02 09:40:48+05:30,4056.0,2,4068.9,237657,93203.0,119686.0,4100.0,4110.0,4046.0,4092.6,22113175,4501.8,3683.4,4440.0,3288.1,4055.8,19,1,4055.1,120,4,4055.0,523,19,4054.9,2,1,4054.8,116,3,4056.0,34,3,4056.1,81,1,4056.2,42,1,4056.3,42,1,4056.4,82,4
11483,2026-07-02 09:40:49+05:30,4055.7,5,4068.9,237657,93203.0,119686.0,4100.0,4110.0,4046.0,4092.6,22113175,4501.8,3683.4,4440.0,3288.1,4055.8,19,1,4055.1,120,4,4055.0,523,19,4054.9,2,1,4054.8,116,3,4056.0,34,3,4056.1,81,1,4056.2,42,1,4056.3,42,1,4056.4,82,4
11483,2026-07-02 09:40:49+05:30,4055.7,5,4068.9,237683,92812.0,120227.0,4100.0,4110.0,4046.0,4092.6,22113175,4501.8,3683.4,4440.0,3288.1,4055.1,120,4,4055.0,523,19,4054.9,2,1,4054.8,104,2,4054.6,8,1,4055.7,10,1,4055.8,62,1,4055.9,42,1,4056.0,77,5,4056.2,42,1
11483,2026-07-02 09:40:50+05:30,4055.4,2,4068.9,237683,92812.0,120227.0,4100.0,4110.0,4046.0,4092.6,22113175,4501.8,3683.4,4440.0,3288.1,4055.1,120,4,4055.0,523,19,4054.9,2,1,4054.8,104,2,4054.6,8,1,4055.7,10,1,4055.8,62,1,4055.9,42,1,4056.0,77,5,4056.2,42,1
11483,2026-07-02 09:40:50+05:30,4055.4,2,4068.9,237765,92623.0,120441.0,4100.0,4110.0,4046.0,4092.6,22113175,4501.8,3683.4,4440.0,3288.1,4055.3,98,1,4055.1,120,4,4055.0,523,19,4054.9,2,1,4054.8,104,2,4055.4,37,1,4055.5,42,1,4055.7,44,3,4055.8,6,1,4055.9,42,1
11483,2026-07-02 09:40:51+05:30,4055.3,76,4068.9,237765,92623.0,120441.0,4100.0,4110.0,4046.0,4092.6,22113175,4501.8,3683.4,4440.0,3288.1,4055.3,98,1,4055.1,120,4,4055.0,523,19,4054.9,2,1,4054.8,104,2,4055.4,37,1,4055.5,42,1,4055.7,44,3,4055.8,6,1,4055.9,42,1
11483,2026-07-02 09:40:51+05:30,4055.3,76,4068.89,237841,92560.0,120451.0,4100.0,4110.0,4046.0,4092.6,22113175,4501.8,3683.4,4440.0,3288.1,4055.3,22,1,4055.1,120,4,4055.0,523,19,4054.9,2,1,4054.8,104,2,4055.4,39,3,4055.5,42,1,4055.7,44,3,4055.8,6,1,4055.9,42,1
11483,2026-07-02 09:40:52+05:30,4055.1,12,4068.89,237841,92560.0,120451.0,4100.0,4110.0,4046.0,4092.6,22113175,4501.8,3683.4,4440.0,3288.1,4055.3,22,1,4055.1,120,4,4055.0,523,19,4054.9,2,1,4054.8,104,2,4055.4,39,3,4055.5,42,1,4055.7,44,3,4055.8,6,1,4055.9,42,1
11483,2026-07-02 09:40:52+05:30,4055.1,32,4068.89,237965,92452.0,120495.0,4100.0,4110.0,4046.0,4092.6,22113175,4501.8,3683.4,4440.0,3288.1,4055.1,33,2,4055.0,523,19,4054.9,2,1,4054.8,104,2,4054.5,517,3,4055.3,44,3,4055.4,39,3,4055.5,42,1,4055.7,44,3,4055.8,6,1
11483,2026-07-02 09:40:53+05:30,4055.1,1,4068.89,237965,92452.0,120495.0,4100.0,4110.0,4046.0,4092.6,22113175,4501.8,3683.4,4440.0,3288.1,4055.1,33,2,4055.0,523,19,4054.9,2,1,4054.8,104,2,4054.5,517,3,4055.3,44,3,4055.4,39,3,4055.5,42,1,4055.7,44,3,4055.8,6,1
11483,2026-07-02 09:40:53+05:30,4055.1,1,4068.88,238011,92419.0,120658.0,4100.0,4110.0,4046.0,4092.6,22113175,4501.8,3683.4,4440.0,3288.1,4055.0,523,19,4054.9,2,1,4054.8,104,2,4054.5,517,3,4054.3,12,1,4055.1,58,4,4055.3,33,2,4055.4,44,4,4055.5,42,1,4055.7,44,3
11483,2026-07-02 09:40:54+05:30,4055.0,53,4068.88,238011,92419.0,120658.0,4100.0,4110.0,4046.0,4092.6,22113175,4501.8,3683.4,4440.0,3288.1,4055.0,523,19,4054.9,2,1,4054.8,104,2,4054.5,517,3,4054.3,12,1,4055.1,58,4,4055.3,33,2,4055.4,44,4,4055.5,42,1,4055.7,44,3
11483,2026-07-02 09:40:54+05:30,4055.0,7,4068.88,238077,92460.0,120719.0,4100.0,4110.0,4046.0,4092.6,22113175,4501.8,3683.4,4440.0,3288.1,4055.0,557,20,4054.9,2,1,4054.8,104,2,4054.5,517,3,4054.3,12,1,4055.1,12,6,4055.3,33,2,4055.4,86,5,4055.6,42,1,4055.9,33,1
11483,2026-07-02 09:40:55+05:30,4055.1,70,4068.88,238077,92460.0,120719.0,4100.0,4110.0,4046.0,4092.6,22113175,4501.8,3683.4,4440.0,3288.1,4055.0,557,20,4054.9,2,1,4054.8,104,2,4054.5,517,3,4054.3,12,1,4055.1,12,6,4055.3,33,2,4055.4,86,5,4055.6,42,1,4055.9,33,1
11483,2026-07-02 09:40:55+05:30,4055.0,9,4068.87,238181,92453.0,120642.0,4100.0,4110.0,4046.0,4092.6,22113175,4501.8,3683.4,4440.0,3288.1,4055.0,555,22,4054.9,2,1,4054.8,104,2,4054.5,517,3,4054.3,17,2,4055.1,8,1,4055.3,30,2,4055.4,42,2,4055.5,42,1,4055.7,42,1
11483,2026-07-02 09:40:56+05:30,4055.0,12,4068.87,238181,92453.0,120642.0,4100.0,4110.0,4046.0,4092.6,22113175,4501.8,3683.4,4440.0,3288.1,4055.0,555,22,4054.9,2,1,4054.8,104,2,4054.5,517,3,4054.3,17,2,4055.1,8,1,4055.3,30,2,4055.4,42,2,4055.5,42,1,4055.7,42,1
11483,2026-07-02 09:40:56+05:30,4055.0,3,4068.87,238214,92528.0,120628.0,4100.0,4110.0,4046.0,4092.6,22113175,4501.8,3683.4,4440.0,3288.1,4055.0,534,22,4054.9,2,1,4054.8,104,2,4054.5,522,4,4054.3,20,3,4055.1,77,1,4055.3,19,3,4055.4,42,2,4055.5,42,1,4055.7,42,1
11483,2026-07-02 09:40:57+05:30,4055.0,1,4068.87,238214,92528.0,120628.0,4100.0,4110.0,4046.0,4092.6,22113175,4501.8,3683.4,4440.0,3288.1,4055.0,534,22,4054.9,2,1,4054.8,104,2,4054.5,522,4,4054.3,20,3,4055.1,77,1,4055.3,19,3,4055.4,42,2,4055.5,42,1,4055.7,42,1
11483,2026-07-02 09:40:58+05:30,4055.0,14,4068.86,238359,92397.0,120523.0,4100.0,4110.0,4046.0,4092.6,22113175,4501.8,3683.4,4440.0,3288.1,4055.0,394,19,4054.9,2,1,4054.8,104,2,4054.6,3,1,4054.5,522,4,4055.3,19,3,4055.4,84,3,4055.6,42,1,4055.9,7,1,4056.0,24,4
11483,2026-07-02 09:40:58+05:30,4055.0,2,4068.86,238359,92397.0,120523.0,4100.0,4110.0,4046.0,4092.6,22113175,4501.8,3683.4,4440.0,3288.1,4055.0,394,19,4054.9,2,1,4054.8,104,2,4054.6,3,1,4054.5,522,4,4055.3,19,3,4055.4,84,3,4055.6,42,1,4055.9,7,1,4056.0,24,4
11483,2026-07-02 09:40:59+05:30,4055.1,10,4068.85,238521,92493.0,120362.0,4100.0,4110.0,4046.0,4092.6,22113175,4501.8,3683.4,4440.0,3288.1,4055.0,392,19,4054.9,2,1,4054.8,116,3,4054.6,14,2,4054.5,555,6,4055.1,3,2,4055.4,15,1,4056.0,2,2,4056.4,166,2,4056.6,2,1
11483,2026-07-02 09:40:59+05:30,4055.1,10,4068.85,238521,92493.0,120362.0,4100.0,4110.0,4046.0,4092.6,22113175,4501.8,3683.4,4440.0,3288.1,4055.0,392,19,4054.9,2,1,4054.8,116,3,4054.6,14,2,4054.5,555,6,4055.1,3,2,4055.4,15,1,4056.0,2,2,4056.4,166,2,4056.6,2,1
11483,2026-07-02 09:41:00+05:30,4055.4,15,4068.85,238521,92493.0,120362.0,4100.0,4110.0,4046.0,4092.6,22113175,4501.8,3683.4,4440.0,3288.1,4055.0,392,19,4054.9,2,1,4054.8,116,3,4054.6,14,2,4054.5,555,6,4055.1,3,2,4055.4,15,1,4056.0,2,2,4056.4,166,2,4056.6,2,1
11483,2026-07-02 09:41:00+05:30,4055.4,15,4068.85,238561,92595.0,120348.0,4100.0,4110.0,4046.0,4092.6,22113175,4501.8,3683.4,4440.0,3288.1,4055.0,404,20,4054.9,2,1,4054.8,104,2,4054.6,23,2,4054.5,555,6,4055.4,2,2,4056.0,2,2,4056.4,166,2,4056.6,2,1,4057.0,7,1
11483,2026-07-02 09:41:01+05:30,4057.1,1,4068.85,238561,92595.0,120348.0,4100.0,4110.0,4046.0,4092.6,22113175,4501.8,3683.4,4440.0,3288.1,4055.0,404,20,4054.9,2,1,4054.8,104,2,4054.6,23,2,4054.5,555,6,4055.4,2,2,4056.0,2,2,4056.4,166,2,4056.6,2,1,4057.0,7,1
11483,2026-07-02 09:41:01+05:30,4057.1,1,4068.84,238741,92847.0,118887.0,4100.0,4110.0,4046.0,4092.6,22113175,4501.8,3683.4,4440.0,3288.1,4055.3,31,3,4055.2,15,1,4055.1,43,3,4055.0,421,22,4054.9,17,3,4057.0,63,5,4057.1,67,7,4057.2,33,5,4057.3,27,3,4057.5,32,3
11483,2026-07-02 09:41:02+05:30,4056.9,2,4068.84,238741,92847.0,118887.0,4100.0,4110.0,4046.0,4092.6,22113175,4501.8,3683.4,4440.0,3288.1,4055.3,31,3,4055.2,15,1,4055.1,43,3,4055.0,421,22,4054.9,17,3,4057.0,63,5,4057.1,67,7,4057.2,33,5,4057.3,27,3,4057.5,32,3
11483,2026-07-02 09:41:02+05:30,4056.9,2,4068.84,238743,92929.0,119113.0,4100.0,4110.0,4046.0,4092.6,22113175,4501.8,3683.4,4440.0,3288.1,4055.3,31,3,4055.2,15,1,4055.1,43,3,4055.0,447,25,4054.9,17,3,4056.9,11,2,4057.0,63,5,4057.1,156,8,4057.2,41,4,4057.3,15,2
11483,2026-07-02 09:41:03+05:30,4056.5,1,4068.84,238743,92929.0,119113.0,4100.0,4110.0,4046.0,4092.6,22113175,4501.8,3683.4,4440.0,3288.1,4055.3,31,3,4055.2,15,1,4055.1,43,3,4055.0,447,25,4054.9,17,3,4056.9,11,2,4057.0,63,5,4057.1,156,8,4057.2,41,4,4057.3,15,2
11483,2026-07-02 09:41:03+05:30,4056.5,1,4068.84,238744,92836.0,119500.0,4100.0,4110.0,4046.0,4092.6,22113175,4501.8,3683.4,4440.0,3288.1,4055.0,417,22,4054.9,2,1,4054.8,109,3,4054.6,44,3,4054.5,522,4,4056.0,1,1,4056.5,38,1,4056.6,20,2,4056.8,1,1,4056.9,30,5
11483,2026-07-02 09:41:04+05:30,4056.6,4,4068.84,238744,92836.0,119500.0,4100.0,4110.0,4046.0,4092.6,22113175,4501.8,3683.4,4440.0,3288.1,4055.0,417,22,4054.9,2,1,4054.8,109,3,4054.6,44,3,4054.5,522,4,4056.0,1,1,4056.5,38,1,4056.6,20,2,4056.8,1,1,4056.9,30,5
11483,2026-07-02 09:41:04+05:30,4056.6,4,4068.84,238751,93090.0,119353.0,4100.0,4110.0,4046.0,4092.6,22113175,4501.8,3683.4,4440.0,3288.1,4055.4,61,2,4055.3,85,4,4055.2,68,3,4055.1,69,6,4055.0,436,24,4056.9,15,2,4057.0,3,1,4057.1,92,3,4057.2,35,3,4057.3,3,1
11483,2026-07-02 09:41:05+05:30,4056.6,4,4068.84,238751,93664.0,119324.0,4100.0,4110.0,4046.0,4092.6,22113175,4501.8,3683.4,4440.0,3288.1,4056.0,1,1,4055.5,24,2,4055.4,78,3,4055.3,85,4,4055.2,68,3,4056.6,1,1,4056.9,15,2,4057.1,96,5,4057.2,35,3,4057.3,3,1
11483,2026-07-02 09:41:06+05:30,4056.6,4,4068.84,238751,93664.0,119324.0,4100.0,4110.0,4046.0,4092.6,22113175,4501.8,3683.4,4440.0,3288.1,4056.0,1,1,4055.5,24,2,4055.4,78,3,4055.3,85,4,4055.2,68,3,4056.6,1,1,4056.9,15,2,4057.1,96,5,4057.2,35,3,4057.3,3,1
11483,2026-07-02 09:41:06+05:30,4056.0,19,4068.84,238779,93819.0,119240.0,4100.0,4110.0,4046.0,4092.6,22113175,4501.8,3683.4,4440.0,3288.1,4055.9,15,2,4055.5,104,4,4055.4,90,4,4055.3,45,2,4055.2,29,2,4056.9,1,1,4057.1,93,3,4057.2,32,1,4057.5,83,3,4057.6,70,2
11483,2026-07-02 09:41:06+05:30,4056.0,19,4068.84,238779,93819.0,119240.0,4100.0,4110.0,4046.0,4092.6,22113175,4501.8,3683.4,4440.0,3288.1,4055.9,15,2,4055.5,104,4,4055.4,90,4,4055.3,45,2,4055.2,29,2,4056.9,1,1,4057.1,93,3,4057.2,32,1,4057.5,83,3,4057.6,70,2
11483,2026-07-02 09:41:07+05:30,4056.0,19,4068.84,238779,93819.0,119240.0,4100.0,4110.0,4046.0,4092.6,22113175,4501.8,3683.4,4440.0,3288.1,4055.9,15,2,4055.5,104,4,4055.4,90,4,4055.3,45,2,4055.2,29,2,4056.9,1,1,4057.1,93,3,4057.2,32,1,4057.5,83,3,4057.6,70,2
11483,2026-07-02 09:41:07+05:30,4056.0,19,4068.84,238779,93819.0,119240.0,4100.0,4110.0,4046.0,4092.6,22113175,4501.8,3683.4,4440.0,3288.1,4055.9,15,2,4055.5,104,4,4055.4,90,4,4055.3,45,2,4055.2,29,2,4056.9,1,1,4057.1,93,3,4057.2,32,1,4057.5,83,3,4057.6,70,2
11483,2026-07-02 09:41:07+05:30,4055.9,1,4068.84,238780,93631.0,119464.0,4100.0,4110.0,4046.0,4092.6,22113175,4501.8,3683.4,4440.0,3288.1,4055.5,24,2,4055.4,13,1,4055.3,45,2,4055.2,29,2,4055.1,69,6,4056.0,2,2,4057.0,27,1,4057.1,93,3,4057.2,32,1,4057.5,60,4
11483,2026-07-02 09:41:08+05:30,4055.9,1,4068.84,238780,93631.0,119464.0,4100.0,4110.0,4046.0,4092.6,22113175,4501.8,3683.4,4440.0,3288.1,4055.5,24,2,4055.4,13,1,4055.3,45,2,4055.2,29,2,4055.1,69,6,4056.0,2,2,4057.0,27,1,4057.1,93,3,4057.2,32,1,4057.5,60,4
11483,2026-07-02 09:41:08+05:30,4057.1,32,4068.84,238780,93631.0,119464.0,4100.0,4110.0,4046.0,4092.6,22113175,4501.8,3683.4,4440.0,3288.1,4055.5,24,2,4055.4,13,1,4055.3,45,2,4055.2,29,2,4055.1,69,6,4056.0,2,2,4057.0,27,1,4057.1,93,3,4057.2,32,1,4057.5,60,4
11483,2026-07-02 09:41:08+05:30,4057.1,32,4068.84,238780,93631.0,119464.0,4100.0,4110.0,4046.0,4092.6,22113175,4501.8,3683.4,4440.0,3288.1,4055.5,24,2,4055.4,13,1,4055.3,45,2,4055.2,29,2,4055.1,69,6,4056.0,2,2,4057.0,27,1,4057.1,93,3,4057.2,32,1,4057.5,60,4
11483,2026-07-02 09:41:08+05:30,4056.9,17,4068.83,238960,94363.0,118618.0,4100.0,4110.0,4046.0,4092.6,22113175,4501.8,3683.4,4440.0,3288.1,4056.9,111,1,4056.0,223,1,4055.5,13,1,4055.4,19,2,4055.3,109,4,4057.1,52,1,4057.2,32,1,4057.4,21,1,4057.5,15,1,4057.6,70,2
11483,2026-07-02 09:41:09+05:30,4056.9,17,4068.83,238960,94363.0,118618.0,4100.0,4110.0,4046.0,4092.6,22113175,4501.8,3683.4,4440.0,3288.1,4056.9,111,1,4056.0,223,1,4055.5,13,1,4055.4,19,2,4055.3,109,4,4057.1,52,1,4057.2,32,1,4057.4,21,1,4057.5,15,1,4057.6,70,2
11483,2026-07-02 09:41:09+05:30,4057.1,20,4068.83,238960,94363.0,118618.0,4100.0,4110.0,4046.0,4092.6,22113175,4501.8,3683.4,4440.0,3288.1,4056.9,111,1,4056.0,223,1,4055.5,13,1,4055.4,19,2,4055.3,109,4,4057.1,52,1,4057.2,32,1,4057.4,21,1,4057.5,15,1,4057.6,70,2
11483,2026-07-02 09:41:09+05:30,4057.1,20,4068.83,238960,94363.0,118618.0,4100.0,4110.0,4046.0,4092.6,22134875,4501.8,3683.4,4440.0,3288.1,4056.9,111,1,4056.0,223,1,4055.5,13,1,4055.4,19,2,4055.3,109,4,4057.1,52,1,4057.2,32,1,4057.4,21,1,4057.5,15,1,4057.6,70,2
11483,2026-07-02 09:41:10+05:30,4056.9,3,4068.83,238989,94298.0,118771.0,4100.0,4110.0,4046.0,4092.6,22134875,4501.8,3683.4,4440.0,3288.1,4056.9,102,1,4056.0,223,1,4055.5,13,1,4055.4,19,2,4055.3,106,3,4057.1,42,3,4057.2,32,1,4057.4,33,2,4057.5,15,1,4057.6,70,2
11483,2026-07-02 09:41:10+05:30,4056.9,3,4068.83,238989,94298.0,118771.0,4100.0,4110.0,4046.0,4092.6,22134875,4501.8,3683.4,4440.0,3288.1,4056.9,102,1,4056.0,223,1,4055.5,13,1,4055.4,19,2,4055.3,106,3,4057.1,42,3,4057.2,32,1,4057.4,33,2,4057.5,15,1,4057.6,70,2
11483,2026-07-02 09:41:10+05:30,4056.9,102,4068.83,238989,94298.0,118771.0,4100.0,4110.0,4046.0,4092.6,22134875,4501.8,3683.4,4440.0,3288.1,4056.9,102,1,4056.0,223,1,4055.5,13,1,4055.4,19,2,4055.3,106,3,4057.1,42,3,4057.2,32,1,4057.4,33,2,4057.5,15,1,4057.6,70,2
11483,2026-07-02 09:41:10+05:30,4056.9,102,4068.83,238989,94298.0,118771.0,4100.0,4110.0,4046.0,4092.6,22134875,4501.8,3683.4,4440.0,3288.1,4056.9,102,1,4056.0,223,1,4055.5,13,1,4055.4,19,2,4055.3,106,3,4057.1,42,3,4057.2,32,1,4057.4,33,2,4057.5,15,1,4057.6,70,2
11483,2026-07-02 09:41:10+05:30,4056.9,102,4068.82,239091,93855.0,118963.0,4100.0,4110.0,4046.0,4092.6,22134875,4501.8,3683.4,4440.0,3288.1,4056.0,223,1,4055.6,50,1,4055.3,13,1,4055.2,29,2,4055.1,71,5,4057.0,35,1,4057.1,71,5,4057.2,32,1,4057.3,7,1,4057.4,65,3
11483,2026-07-02 09:41:11+05:30,4056.9,102,4068.82,239091,93855.0,118963.0,4100.0,4110.0,4046.0,4092.6,22134875,4501.8,3683.4,4440.0,3288.1,4056.0,223,1,4055.6,50,1,4055.3,13,1,4055.2,29,2,4055.1,71,5,4057.0,35,1,4057.1,71,5,4057.2,32,1,4057.3,7,1,4057.4,65,3
11483,2026-07-02 09:41:11+05:30,4056.5,3,4068.82,239091,93855.0,118963.0,4100.0,4110.0,4046.0,4092.6,22134875,4501.8,3683.4,4440.0,3288.1,4056.0,223,1,4055.6,50,1,4055.3,13,1,4055.2,29,2,4055.1,71,5,4057.0,35,1,4057.1,71,5,4057.2,32,1,4057.3,7,1,4057.4,65,3
11483,2026-07-02 09:41:12+05:30,4056.8,2,4068.82,239097,93926.0,119147.0,4100.0,4110.0,4046.0,4092.6,22134875,4501.8,3683.4,4440.0,3288.1,4056.0,225,2,4055.6,50,1,4055.2,23,2,4055.1,26,3,4055.0,417,23,4056.8,10,1,4056.9,3,2,4057.0,35,1,4057.1,34,2,4057.2,53,2
11483,2026-07-02 09:41:12+05:30,4056.8,2,4068.82,239097,93926.0,119147.0,4100.0,4110.0,4046.0,4092.6,22134875,4501.8,3683.4,4440.0,3288.1,4056.0,225,2,4055.6,50,1,4055.2,23,2,4055.1,26,3,4055.0,417,23,4056.8,10,1,4056.9,3,2,4057.0,35,1,4057.1,34,2,4057.2,53,2
11483,2026-07-02 09:41:13+05:30,4056.0,2,4068.82,239099,93960.0,119135.0,4100.0,4110.0,4046.0,4092.6,22134875,4501.8,3683.4,4440.0,3288.1,4056.0,273,3,4055.6,50,1,4055.2,11,1,4055.1,26,3,4055.0,429,24,4056.8,10,1,4056.9,13,3,4057.0,37,2,4057.1,32,1,4057.2,32,1
11483,2026-07-02 09:41:13+05:30,4056.0,2,4068.82,239099,93960.0,119135.0,4100.0,4110.0,4046.0,4092.6,22134875,4501.8,3683.4,4440.0,3288.1,4056.0,273,3,4055.6,50,1,4055.2,11,1,4055.1,26,3,4055.0,429,24,4056.8,10,1,4056.9,13,3,4057.0,37,2,4057.1,32,1,4057.2,32,1
11483,2026-07-02 09:41:14+05:30,4057.0,25,4068.82,239099,93960.0,119135.0,4100.0,4110.0,4046.0,4092.6,22134875,4501.8,3683.4,4440.0,3288.1,4056.0,273,3,4055.6,50,1,4055.2,11,1,4055.1,26,3,4055.0,429,24,4056.8,10,1,4056.9,13,3,4057.0,37,2,4057.1,32,1,4057.2,32,1
11483,2026-07-02 09:41:14+05:30,4057.0,25,4068.82,239151,94076.0,119090.0,4100.0,4110.0,4046.0,4092.6,22134875,4501.8,3683.4,4440.0,3288.1,4056.0,273,3,4055.8,10,1,4055.6,50,1,4055.2,23,2,4055.1,31,4,4057.0,12,2,4057.1,32,1,4057.2,32,1,4057.4,65,3,4057.5,66,3
11483,2026-07-02 09:41:15+05:30,4056.9,2,4068.82,239151,94076.0,119090.0,4100.0,4110.0,4046.0,4092.6,22134875,4501.8,3683.4,4440.0,3288.1,4056.0,273,3,4055.8,10,1,4055.6,50,1,4055.2,23,2,4055.1,31,4,4057.0,12,2,4057.1,32,1,4057.2,32,1,4057.4,65,3,4057.5,66,3
11483,2026-07-02 09:41:15+05:30,4056.9,2,4068.82,239158,94123.0,118826.0,4100.0,4110.0,4046.0,4092.6,22134875,4501.8,3683.4,4440.0,3288.1,4056.0,273,3,4055.8,10,1,4055.6,50,1,4055.2,23,2,4055.1,41,5,4056.8,15,2,4056.9,4,2,4057.0,20,5,4057.1,43,2,4057.2,32,1
11483,2026-07-02 09:41:16+05:30,4057.0,3,4068.82,239158,94123.0,118826.0,4100.0,4110.0,4046.0,4092.6,22134875,4501.8,3683.4,4440.0,3288.1,4056.0,273,3,4055.8,10,1,4055.6,50,1,4055.2,23,2,4055.1,41,5,4056.8,15,2,4056.9,4,2,4057.0,20,5,4057.1,43,2,4057.2,32,1
11483,2026-07-02 09:41:16+05:30,4057.0,3,4068.82,239176,94157.0,118964.0,4100.0,4110.0,4046.0,4092.6,22134875,4501.8,3683.4,4440.0,3288.1,4056.0,271,3,4055.8,10,1,4055.6,50,1,4055.2,15,2,4055.1,78,6,4056.9,2,2,4057.0,11,4,4057.1,32,1,4057.2,32,1,4057.3,63,1
11483,2026-07-02 09:41:17+05:30,4056.0,1,4068.82,239177,94194.0,118993.0,4100.0,4110.0,4046.0,4092.6,22134875,4501.8,3683.4,4440.0,3288.1,4056.0,270,3,4055.8,10,1,4055.6,50,1,4055.4,38,1,4055.1,49,5,4056.9,2,2,4057.0,4,4,4057.1,32,1,4057.2,34,2,4057.4,21,1
11483,2026-07-02 09:41:18+05:30,4057.1,1,4068.82,239177,94194.0,118993.0,4100.0,4110.0,4046.0,4092.6,22134875,4501.8,3683.4,4440.0,3288.1,4056.0,270,3,4055.8,10,1,4055.6,50,1,4055.4,38,1,4055.1,49,5,4056.9,2,2,4057.0,4,4,4057.1,32,1,4057.2,34,2,4057.4,21,1
11483,2026-07-02 09:41:18+05:30,4057.1,50,4068.82,239248,93961.0,119128.0,4100.0,4110.0,4046.0,4092.6,22134875,4501.8,3683.4,4440.0,3288.1,4056.0,220,2,4055.8,10,1,4055.6,50,1,4055.1,38,4,4055.0,470,26,4057.0,30,1,4057.1,89,1,4057.2,40,3,4057.3,6,1,4057.4,32,2
11483,2026-07-02 09:41:19+05:30,4057.1,50,4068.82,239248,93961.0,119128.0,4100.0,4110.0,4046.0,4092.6,22134875,4501.8,3683.4,4440.0,3288.1,4056.0,220,2,4055.8,10,1,4055.6,50,1,4055.1,38,4,4055.0,470,26,4057.0,30,1,4057.1,89,1,4057.2,40,3,4057.3,6,1,4057.4,32,2
11483,2026-07-02 09:41:19+05:30,4057.0,1,4068.82,239249,93772.0,119330.0,4100.0,4110.0,4046.0,4092.6,22134875,4501.8,3683.4,4440.0,3288.1,4056.0,220,2,4055.8,10,1,4055.6,50,1,4055.1,26,3,4055.0,470,26,4056.8,20,1,4056.9,23,2,4057.0,76,4,4057.1,138,5,4057.2,63,4
11483,2026-07-02 09:41:20+05:30,4056.8,1,4068.82,239249,93772.0,119330.0,4100.0,4110.0,4046.0,4092.6,22134875,4501.8,3683.4,4440.0,3288.1,4056.0,220,2,4055.8,10,1,4055.6,50,1,4055.1,26,3,4055.0,470,26,4056.8,20,1,4056.9,23,2,4057.0,76,4,4057.1,138,5,4057.2,63,4
11483,2026-07-02 09:41:20+05:30,4056.0,1,4068.81,239286,93965.0,119303.0,4100.0,4110.0,4046.0,4092.6,22134875,4501.8,3683.4,4440.0,3288.1,4056.0,289,3,4055.8,10,1,4055.6,50,1,4055.1,26,3,4055.0,470,26,4057.0,53,5,4057.1,135,5,4057.2,61,3,4057.4,21,1,4057.5,65,3
11483,2026-07-02 09:41:21+05:30,4056.0,4,4068.81,239286,93965.0,119303.0,4100.0,4110.0,4046.0,4092.6,22134875,4501.8,3683.4,4440.0,3288.1,4056.0,289,3,4055.8,10,1,4055.6,50,1,4055.1,26,3,4055.0,470,26,4057.0,53,5,4057.1,135,5,4057.2,61,3,4057.4,21,1,4057.5,65,3
11483,2026-07-02 09:41:21+05:30,4056.0,4,4068.81,239291,93965.0,119293.0,4100.0,4110.0,4046.0,4092.6,22134875,4501.8,3683.4,4440.0,3288.1,4056.0,284,3,4055.8,10,1,4055.6,50,1,4055.1,26,3,4055.0,470,26,4057.0,53,5,4057.1,108,4,4057.2,50,2,4057.3,6,1,4057.4,21,1
11483,2026-07-02 09:41:23+05:30,4057.0,1,4068.81,239304,93981.0,119294.0,4100.0,4110.0,4046.0,4092.6,22134875,4501.8,3683.4,4440.0,3288.1,4056.0,286,4,4055.8,10,1,4055.6,50,1,4055.1,38,4,4055.0,473,26,4057.0,41,6,4057.1,91,3,4057.2,32,1,4057.4,53,3,4057.5,42,2
11483,2026-07-02 09:41:23+05:30,4056.6,6,4068.81,239304,93981.0,119294.0,4100.0,4110.0,4046.0,4092.6,22134875,4501.8,3683.4,4440.0,3288.1,4056.0,286,4,4055.8,10,1,4055.6,50,1,4055.1,38,4,4055.0,473,26,4057.0,41,6,4057.1,91,3,4057.2,32,1,4057.4,53,3,4057.5,42,2
11483,2026-07-02 09:41:24+05:30,4056.0,4,4068.81,239350,93964.0,119303.0,4100.0,4110.0,4046.0,4092.6,22134875,4501.8,3683.4,4440.0,3288.1,4056.0,393,5,4055.8,10,1,4055.6,50,1,4055.1,40,5,4055.0,350,25,4056.9,18,2,4057.0,25,3,4057.1,91,2,4057.2,59,2,4057.4,53,3
11483,2026-07-02 09:41:24+05:30,4056.0,1,4068.81,239350,93964.0,119303.0,4100.0,4110.0,4046.0,4092.6,22134875,4501.8,3683.4,4440.0,3288.1,4056.0,393,5,4055.8,10,1,4055.6,50,1,4055.1,40,5,4055.0,350,25,4056.9,18,2,4057.0,25,3,4057.1,91,2,4057.2,59,2,4057.4,53,3
11483,2026-07-02 09:41:25+05:30,4056.9,5,4068.81,239350,93964.0,119303.0,4100.0,4110.0,4046.0,4092.6,22134875,4501.8,3683.4,4440.0,3288.1,4056.0,393,5,4055.8,10,1,4055.6,50,1,4055.1,40,5,4055.0,350,25,4056.9,18,2,4057.0,25,3,4057.1,91,2,4057.2,59,2,4057.4,53,3
11483,2026-07-02 09:41:25+05:30,4056.9,5,4068.81,239357,93936.0,119266.0,4100.0,4110.0,4046.0,4092.6,22134875,4501.8,3683.4,4440.0,3288.1,4056.0,391,5,4055.8,10,1,4055.6,50,1,4055.1,40,5,4055.0,350,25,4056.9,14,3,4057.0,25,3,4057.1,91,2,4057.2,32,1,4057.3,27,1
11483,2026-07-02 09:41:26+05:30,4056.9,1,4068.81,239357,93936.0,119266.0,4100.0,4110.0,4046.0,4092.6,22134875,4501.8,3683.4,4440.0,3288.1,4056.0,391,5,4055.8,10,1,4055.6,50,1,4055.1,40,5,4055.0,350,25,4056.9,14,3,4057.0,25,3,4057.1,91,2,4057.2,32,1,4057.3,27,1
11483,2026-07-02 09:41:26+05:30,4056.9,1,4068.81,239365,94516.0,118976.0,4100.0,4110.0,4046.0,4092.6,22134875,4501.8,3683.4,4440.0,3288.1,4056.2,37,3,4056.0,401,6,4055.9,16,1,4055.8,27,2,4055.7,58,4,4056.9,1,1,4057.0,25,3,4057.1,91,2,4057.2,32,1,4057.4,21,1
11483,2026-07-02 09:41:27+05:30,4056.9,1,4068.81,239365,94516.0,118976.0,4100.0,4110.0,4046.0,4092.6,22134875,4501.8,3683.4,4440.0,3288.1,4056.2,37,3,4056.0,401,6,4055.9,16,1,4055.8,27,2,4055.7,58,4,4056.9,1,1,4057.0,25,3,4057.1,91,2,4057.2,32,1,4057.4,21,1
11483,2026-07-02 09:41:27+05:30,4056.9,1,4068.81,239365,94715.0,119031.0,4100.0,4110.0,4046.0,4092.6,22134875,4501.8,3683.4,4440.0,3288.1,4056.2,37,3,4056.0,403,7,4055.9,16,1,4055.8,27,2,4055.7,58,4,4056.9,1,1,4057.0,25,3,4057.1,91,2,4057.2,32,1,4057.4,21,1
11483,2026-07-02 09:41:28+05:30,4056.2,2,4068.81,239365,94715.0,119031.0,4100.0,4110.0,4046.0,4092.6,22134875,4501.8,3683.4,4440.0,3288.1,4056.2,37,3,4056.0,403,7,4055.9,16,1,4055.8,27,2,4055.7,58,4,4056.9,1,1,4057.0,25,3,4057.1,91,2,4057.2,32,1,4057.4,21,1
11483,2026-07-02 09:41:28+05:30,4056.2,2,4068.81,239368,94712.0,119051.0,4100.0,4110.0,4046.0,4092.6,22134875,4501.8,3683.4,4440.0,3288.1,4056.2,34,3,4056.0,403,7,4055.9,16,1,4055.8,27,2,4055.7,58,4,4056.9,1,1,4057.0,23,1,4057.1,91,2,4057.2,55,2,4057.4,21,1
11483,2026-07-02 09:41:29+05:30,4057.0,2,4068.81,239368,94712.0,119051.0,4100.0,4110.0,4046.0,4092.6,22134875,4501.8,3683.4,4440.0,3288.1,4056.2,34,3,4056.0,403,7,4055.9,16,1,4055.8,27,2,4055.7,58,4,4056.9,1,1,4057.0,23,1,4057.1,91,2,4057.2,55,2,4057.4,21,1
11483,2026-07-02 09:41:29+05:30,4057.0,2,4068.81,239371,94637.0,119223.0,4100.0,4110.0,4046.0,4092.6,22134875,4501.8,3683.4,4440.0,3288.1,4056.2,34,3,4056.0,403,7,4055.9,16,1,4055.8,27,2,4055.7,58,4,4057.0,92,3,4057.1,91,2,4057.2,55,2,4057.4,21,1,4057.6,66,2
11483,2026-07-02 09:41:30+05:30,4057.0,3,4068.81,239396,94342.0,119312.0,4100.0,4110.0,4046.0,4092.6,22134875,4501.8,3683.4,4440.0,3288.1,4056.0,420,9,4055.8,10,1,4055.7,39,3,4055.6,78,3,4055.5,62,2,4057.0,183,5,4057.1,91,2,4057.2,55,2,4057.4,21,1,4057.6,66,2
11483,2026-07-02 09:41:31+05:30,4057.0,91,4068.81,239396,94342.0,119312.0,4100.0,4110.0,4046.0,4092.6,22134875,4501.8,3683.4,4440.0,3288.1,4056.0,420,9,4055.8,10,1,4055.7,39,3,4055.6,78,3,4055.5,62,2,4057.0,183,5,4057.1,91,2,4057.2,55,2,4057.4,21,1,4057.6,66,2
11483,2026-07-02 09:41:31+05:30,4056.4,2,4068.8,239573,95175.0,118652.0,4100.0,4110.0,4046.0,4092.6,22134875,4501.8,3683.4,4440.0,3288.1,4056.6,1,1,4056.4,41,3,4056.3,14,1,4056.2,43,3,4056.1,35,4,4057.0,12,4,4057.1,89,1,4057.2,55,2,4057.9,10,1,4058.0,66,2
11483,2026-07-02 09:41:32+05:30,4056.4,3,4068.8,239573,95175.0,118652.0,4100.0,4110.0,4046.0,4092.6,22134875,4501.8,3683.4,4440.0,3288.1,4056.6,1,1,4056.4,41,3,4056.3,14,1,4056.2,43,3,4056.1,35,4,4057.0,12,4,4057.1,89,1,4057.2,55,2,4057.9,10,1,4058.0,66,2
11483,2026-07-02 09:41:32+05:30,4057.0,1,4068.8,239605,94700.0,118846.0,4100.0,4110.0,4046.0,4092.6,22134875,4501.8,3683.4,4440.0,3288.1,4056.4,27,3,4056.2,43,3,4056.1,35,4,4056.0,435,11,4055.8,27,2,4057.0,13,6,4057.1,89,1,4057.2,55,2,4057.9,10,1,4058.0,66,2
11483,2026-07-02 09:41:33+05:30,4057.0,4,4068.8,239605,94700.0,118846.0,4100.0,4110.0,4046.0,4092.6,22134875,4501.8,3683.4,4440.0,3288.1,4056.4,27,3,4056.2,43,3,4056.1,35,4,4056.0,435,11,4055.8,27,2,4057.0,13,6,4057.1,89,1,4057.2,55,2,4057.9,10,1,4058.0,66,2
11483,2026-07-02 09:41:33+05:30,4057.0,2,4068.8,239611,94900.0,118844.0,4100.0,4110.0,4046.0,4092.6,22134875,4501.8,3683.4,4440.0,3288.1,4056.5,12,1,4056.4,35,4,4056.2,43,3,4056.1,35,4,4056.0,453,12,4057.0,7,5,4057.1,89,1,4057.2,55,2,4057.9,10,1,4058.0,97,4
11483,2026-07-02 09:41:34+05:30,4056.5,2,4068.8,239611,94900.0,118844.0,4100.0,4110.0,4046.0,4092.6,22134875,4501.8,3683.4,4440.0,3288.1,4056.5,12,1,4056.4,35,4,4056.2,43,3,4056.1,35,4,4056.0,453,12,4057.0,7,5,4057.1,89,1,4057.2,55,2,4057.9,10,1,4058.0,97,4
11483,2026-07-02 09:41:35+05:30,4056.5,2,4068.8,239613,94831.0,118902.0,4100.0,4110.0,4046.0,4092.6,22134875,4501.8,3683.4,4440.0,3288.1,4056.5,10,1,4056.4,27,3,4056.2,29,2,4056.1,35,4,4056.0,453,12,4057.0,3,3,4057.1,93,3,4057.2,55,2,4057.9,10,1,4058.0,97,4
11483,2026-07-02 09:41:35+05:30,4056.5,1,4068.8,239613,94831.0,118902.0,4100.0,4110.0,4046.0,4092.6,22134875,4501.8,3683.4,4440.0,3288.1,4056.5,10,1,4056.4,27,3,4056.2,29,2,4056.1,35,4,4056.0,453,12,4057.0,3,3,4057.1,93,3,4057.2,55,2,4057.9,10,1,4058.0,97,4
11483,2026-07-02 09:41:36+05:30,4056.5,1,4068.8,239614,94945.0,119077.0,4100.0,4110.0,4046.0,4092.6,22134875,4501.8,3683.4,4440.0,3288.1,4056.1,5,1,4056.0,429,10,4055.8,10,1,4055.7,10,1,4055.6,55,2,4056.5,3,3,4057.0,2,2,4057.1,91,2,4057.2,80,3,4057.9,22,2
11483,2026-07-02 09:41:37+05:30,4056.0,45,4068.8,239614,94945.0,119077.0,4100.0,4110.0,4046.0,4092.6,22134875,4501.8,3683.4,4440.0,3288.1,4056.1,5,1,4056.0,429,10,4055.8,10,1,4055.7,10,1,4055.6,55,2,4056.5,3,3,4057.0,2,2,4057.1,91,2,4057.2,80,3,4057.9,22,2
11483,2026-07-02 09:41:37+05:30,4056.0,45,4068.79,239674,94655.0,119215.0,4100.0,4110.0,4046.0,4092.6,22134875,4501.8,3683.4,4440.0,3288.1,4056.0,383,9,4055.8,10,1,4055.6,55,2,4055.4,31,2,4055.2,3,1,4057.1,91,3,4057.2,55,2,4057.7,40,1,4057.8,36,2,4057.9,49,3
11483,2026-07-02 09:41:38+05:30,4057.1,1,4068.79,239674,94655.0,119215.0,4100.0,4110.0,4046.0,4092.6,22134875,4501.8,3683.4,4440.0,3288.1,4056.0,383,9,4055.8,10,1,4055.6,55,2,4055.4,31,2,4055.2,3,1,4057.1,91,3,4057.2,55,2,4057.7,40,1,4057.8,36,2,4057.9,49,3
11483,2026-07-02 09:41:38+05:30,4057.1,1,4068.79,239683,94385.0,119211.0,4100.0,4110.0,4046.0,4092.6,22134875,4501.8,3683.4,4440.0,3288.1,4056.0,375,9,4055.8,10,1,4055.6,55,2,4055.4,33,2,4055.2,3,1,4057.1,91,4,4057.2,55,2,4057.7,40,1,4057.8,5,1,4057.9,59,4
11483,2026-07-02 09:41:39+05:30,4056.0,5,4068.79,239683,94385.0,119211.0,4100.0,4110.0,4046.0,4092.6,22134875,4501.8,3683.4,4440.0,3288.1,4056.0,375,9,4055.8,10,1,4055.6,55,2,4055.4,33,2,4055.2,3,1,4057.1,91,4,4057.2,55,2,4057.7,40,1,4057.8,5,1,4057.9,59,4
11483,2026-07-02 09:41:39+05:30,4056.0,5,4068.79,239731,93949.0,119252.0,4100.0,4110.0,4046.0,4092.6,22134875,4501.8,3683.4,4440.0,3288.1,4056.0,327,9,4055.8,10,1,4055.6,55,2,4055.1,40,5,4055.0,348,26,4057.1,120,7,4057.2,73,3,4057.4,5,1,4057.5,49,2,4057.6,25,1
11483,2026-07-02 09:41:40+05:30,4056.0,1,4068.79,239731,93949.0,119252.0,4100.0,4110.0,4046.0,4092.6,22134875,4501.8,3683.4,4440.0,3288.1,4056.0,327,9,4055.8,10,1,4055.6,55,2,4055.1,40,5,4055.0,348,26,4057.1,120,7,4057.2,73,3,4057.4,5,1,4057.5,49,2,4057.6,25,1
11483,2026-07-02 09:41:40+05:30,4057.2,4,4068.78,239908,94153.0,118744.0,4100.0,4110.0,4046.0,4092.6,22134875,4501.8,3683.4,4440.0,3288.1,4056.0,340,10,4055.9,15,2,4055.8,15,2,4055.7,5,1,4055.6,55,2,4057.2,55,2,4057.5,39,1,4057.6,34,2,4057.8,3,1,4057.9,29,2
11483,2026-07-02 09:41:41+05:30,4057.2,4,4068.78,239908,94153.0,118744.0,4100.0,4110.0,4046.0,4092.6,22134875,4501.8,3683.4,4440.0,3288.1,4056.0,340,10,4055.9,15,2,4055.8,15,2,4055.7,5,1,4055.6,55,2,4057.2,55,2,4057.5,39,1,4057.6,34,2,4057.8,3,1,4057.9,29,2
11483,2026-07-02 09:41:41+05:30,4056.0,1,4068.78,239909,94164.0,119268.0,4100.0,4110.0,4046.0,4092.6,22134875,4501.8,3683.4,4440.0,3288.1,4056.0,325,9,4055.8,10,1,4055.6,50,1,4055.1,50,4,4055.0,350,27,4056.9,21,4,4057.0,101,3,4057.1,39,4,4057.2,97,8,4057.3,17,1
11483,2026-07-02 09:41:42+05:30,4056.0,1,4068.78,239909,94164.0,119268.0,4100.0,4110.0,4046.0,4092.6,22134875,4501.8,3683.4,4440.0,3288.1,4056.0,325,9,4055.8,10,1,4055.6,50,1,4055.1,50,4,4055.0,350,27,4056.9,21,4,4057.0,101,3,4057.1,39,4,4057.2,97,8,4057.3,17,1
11483,2026-07-02 09:41:42+05:30,4056.0,1,4068.78,239909,94142.0,119264.0,4100.0,4110.0,4046.0,4092.6,22134875,4501.8,3683.4,4440.0,3288.1,4056.0,425,10,4055.8,10,1,4055.6,50,1,4055.1,50,4,4055.0,350,27,4056.8,26,4,4056.9,8,2,4057.0,101,3,4057.1,27,3,4057.2,97,8
11483,2026-07-02 09:41:43+05:30,4056.8,10,4068.78,239919,94083.0,119265.0,4100.0,4110.0,4046.0,4092.6,22134875,4501.8,3683.4,4440.0,3288.1,4056.0,426,11,4055.8,10,1,4055.6,50,1,4055.1,60,5,4055.0,350,27,4056.8,12,4,4056.9,7,1,4057.0,91,3,4057.1,27,3,4057.2,95,7
11483,2026-07-02 09:41:44+05:30,4056.8,10,4068.78,239919,94083.0,119265.0,4100.0,4110.0,4046.0,4092.6,22134875,4501.8,3683.4,4440.0,3288.1,4056.0,426,11,4055.8,10,1,4055.6,50,1,4055.1,60,5,4055.0,350,27,4056.8,12,4,4056.9,7,1,4057.0,91,3,4057.1,27,3,4057.2,95,7
11483,2026-07-02 09:41:44+05:30,4057.0,3,4068.78,240024,94186.0,119183.0,4100.0,4110.0,4046.0,4092.6,22134875,4501.8,3683.4,4440.0,3288.1,4056.0,431,12,4055.8,10,1,4055.6,50,1,4055.2,17,2,4055.1,46,6,4057.0,18,4,4057.1,10,1,4057.2,58,4,4057.3,17,1,4057.5,69,3
11483,2026-07-02 09:41:45+05:30,4057.0,3,4068.78,240024,94186.0,119183.0,4100.0,4110.0,4046.0,4092.6,22134875,4501.8,3683.4,4440.0,3288.1,4056.0,431,12,4055.8,10,1,4055.6,50,1,4055.2,17,2,4055.1,46,6,4057.0,18,4,4057.1,10,1,4057.2,58,4,4057.3,17,1,4057.5,69,3
11483,2026-07-02 09:41:45+05:30,4056.0,19,4068.78,240050,94238.0,119173.0,4100.0,4110.0,4046.0,4092.6,22134875,4501.8,3683.4,4440.0,3288.1,4056.0,405,12,4055.8,10,1,4055.6,50,1,4055.2,5,1,4055.1,40,5,4057.0,25,4,4057.1,10,1,4057.2,55,2,4057.3,17,1,4057.5,69,3
11483,2026-07-02 09:41:46+05:30,4057.1,26,4068.78,240050,94238.0,119173.0,4100.0,4110.0,4046.0,4092.6,22134875,4501.8,3683.4,4440.0,3288.1,4056.0,405,12,4055.8,10,1,4055.6,50,1,4055.2,5,1,4055.1,40,5,4057.0,25,4,4057.1,10,1,4057.2,55,2,4057.3,17,1,4057.5,69,3
11483,2026-07-02 09:41:46+05:30,4056.9,1,4068.77,240114,94495.0,118996.0,4100.0,4110.0,4046.0,4092.6,22134875,4501.8,3683.4,4440.0,3288.1,4056.5,2,2,4056.1,2,1,4056.0,399,11,4055.8,10,1,4055.6,50,1,4056.9,15,5,4057.0,15,1,4057.1,25,3,4057.2,79,4,4057.3,17,1
11483,2026-07-02 09:41:47+05:30,4056.5,1,4068.77,240114,94495.0,118996.0,4100.0,4110.0,4046.0,4092.6,22134875,4501.8,3683.4,4440.0,3288.1,4056.5,2,2,4056.1,2,1,4056.0,399,11,4055.8,10,1,4055.6,50,1,4056.9,15,5,4057.0,15,1,4057.1,25,3,4057.2,79,4,4057.3,17,1
11483,2026-07-02 09:41:47+05:30,4056.9,4,4068.77,240127,94638.0,119006.0,4100.0,4110.0,4046.0,4092.6,22134875,4501.8,3683.4,4440.0,3288.1,4056.5,2,2,4056.1,2,1,4056.0,454,13,4055.8,10,1,4055.6,50,1,4056.9,18,7,4057.0,15,1,4057.1,3,3,4057.2,79,4,4057.3,17,1
11483,2026-07-02 09:41:48+05:30,4056.9,4,4068.77,240127,94638.0,119006.0,4100.0,4110.0,4046.0,4092.6,22134875,4501.8,3683.4,4440.0,3288.1,4056.5,2,2,4056.1,2,1,4056.0,454,13,4055.8,10,1,4055.6,50,1,4056.9,18,7,4057.0,15,1,4057.1,3,3,4057.2,79,4,4057.3,17,1
11483,2026-07-02 09:41:48+05:30,4056.5,2,4068.77,240131,93922.0,119380.0,4100.0,4110.0,4046.0,4092.6,22134875,4501.8,3683.4,4440.0,3288.1,4056.1,2,1,4056.0,457,14,4055.8,10,1,4055.6,50,1,4055.5,35,1,4056.6,27,5,4056.7,15,2,4056.8,33,3,4056.9,56,8,4057.0,31,4
11483,2026-07-02 09:41:49+05:30,4056.4,2,4068.77,240131,93922.0,119380.0,4100.0,4110.0,4046.0,4092.6,22134875,4501.8,3683.4,4440.0,3288.1,4056.1,2,1,4056.0,457,14,4055.8,10,1,4055.6,50,1,4055.5,35,1,4056.6,27,5,4056.7,15,2,4056.8,33,3,4056.9,56,8,4057.0,31,4
11483,2026-07-02 09:41:49+05:30,4057.2,10,4068.76,240283,93808.0,119209.0,4100.0,4110.0,4046.0,4092.6,22134875,4501.8,3683.4,4440.0,3288.1,4056.1,2,1,4056.0,460,15,4055.8,10,1,4055.6,50,1,4055.5,35,1,4057.0,41,5,4057.1,1,1,4057.2,65,4,4057.3,17,1,4057.4,5,1
11483,2026-07-02 09:41:50+05:30,4056.7,3,4068.76,240283,93808.0,119209.0,4100.0,4110.0,4046.0,4092.6,22134875,4501.8,3683.4,4440.0,3288.1,4056.1,2,1,4056.0,460,15,4055.8,10,1,4055.6,50,1,4055.5,35,1,4057.0,41,5,4057.1,1,1,4057.2,65,4,4057.3,17,1,4057.4,5,1
11483,2026-07-02 09:41:50+05:30,4056.9,14,4068.76,240319,94067.0,119595.0,4100.0,4110.0,4046.0,4092.6,22134875,4501.8,3683.4,4440.0,3288.1,4056.1,8,2,4056.0,460,15,4055.8,10,1,4055.6,50,1,4055.5,35,1,4057.0,12,1,4057.2,68,6,4057.3,35,2,4057.4,23,1,4057.5,5,1
11483,2026-07-02 09:41:51+05:30,4056.9,14,4068.76,240319,94067.0,119595.0,4100.0,4110.0,4046.0,4092.6,22134875,4501.8,3683.4,4440.0,3288.1,4056.1,8,2,4056.0,460,15,4055.8,10,1,4055.6,50,1,4055.5,35,1,4057.0,12,1,4057.2,68,6,4057.3,35,2,4057.4,23,1,4057.5,5,1
11483,2026-07-02 09:41:52+05:30,4057.2,10,4068.76,240419,94764.0,120342.0,4100.0,4110.0,4046.0,4092.6,22134875,4501.8,3683.4,4440.0,3288.1,4056.1,8,2,4056.0,465,16,4055.8,10,1,4055.6,50,1,4055.5,35,1,4057.1,19,3,4057.2,68,5,4057.3,35,2,4057.4,33,2,4057.5,5,1
11483,2026-07-02 09:41:52+05:30,4057.2,10,4068.76,240419,94764.0,120342.0,4100.0,4110.0,4046.0,4092.6,22134875,4501.8,3683.4,4440.0,3288.1,4056.1,8,2,4056.0,465,16,4055.8,10,1,4055.6,50,1,4055.5,35,1,4057.1,19,3,4057.2,68,5,4057.3,35,2,4057.4,33,2,4057.5,5,1
11483,2026-07-02 09:41:53+05:30,4057.2,10,4068.76,240419,95187.0,120158.0,4100.0,4110.0,4046.0,4092.6,22134875,4501.8,3683.4,4440.0,3288.1,4056.5,60,1,4056.1,8,2,4056.0,467,17,4055.8,10,1,4055.6,50,1,4057.1,19,3,4057.2,71,7,4057.5,5,1,4057.6,25,2,4057.8,36,3
11483,2026-07-02 09:41:54+05:30,4057.2,10,4068.76,240419,95737.0,120221.0,4100.0,4110.0,4046.0,4092.6,22134875,4501.8,3683.4,4440.0,3288.1,4056.5,60,1,4056.1,8,2,4056.0,1031,21,4055.8,22,2,4055.7,5,1,4057.1,59,3,4057.2,18,6,4057.4,23,1,4057.5,5,1,4057.6,9,1
11483,2026-07-02 09:41:55+05:30,4056.5,17,4068.76,240419,95737.0,120221.0,4100.0,4110.0,4046.0,4092.6,22134875,4501.8,3683.4,4440.0,3288.1,4056.5,60,1,4056.1,8,2,4056.0,1031,21,4055.8,22,2,4055.7,5,1,4057.1,59,3,4057.2,18,6,4057.4,23,1,4057.5,5,1,4057.6,9,1
11483,2026-07-02 09:41:55+05:30,4056.5,3,4068.76,240447,95958.0,120260.0,4100.0,4110.0,4046.0,4092.6,22134875,4501.8,3683.4,4440.0,3288.1,4056.5,33,1,4056.1,8,2,4056.0,1031,21,4055.8,22,2,4055.7,5,1,4057.1,49,1,4057.2,15,4,4057.4,23,1,4057.5,5,1,4057.8,14,1
11483,2026-07-02 09:41:56+05:30,4057.0,2,4068.76,240447,95958.0,120260.0,4100.0,4110.0,4046.0,4092.6,22134875,4501.8,3683.4,4440.0,3288.1,4056.5,33,1,4056.1,8,2,4056.0,1031,21,4055.8,22,2,4055.7,5,1,4057.1,49,1,4057.2,15,4,4057.4,23,1,4057.5,5,1,4057.8,14,1
11483,2026-07-02 09:41:56+05:30,4057.0,2,4068.76,240449,95952.0,120217.0,4100.0,4110.0,4046.0,4092.6,22134875,4501.8,3683.4,4440.0,3288.1,4056.5,33,1,4056.1,8,2,4056.0,1029,20,4055.8,22,2,4055.7,5,1,4057.1,49,1,4057.2,15,4,4057.4,23,1,4057.5,5,1,4058.0,67,3
11483,2026-07-02 09:41:57+05:30,4056.5,11,4068.76,240449,95952.0,120217.0,4100.0,4110.0,4046.0,4092.6,22134875,4501.8,3683.4,4440.0,3288.1,4056.5,33,1,4056.1,8,2,4056.0,1029,20,4055.8,22,2,4055.7,5,1,4057.1,49,1,4057.2,15,4,4057.4,23,1,4057.5,5,1,4058.0,67,3
11483,2026-07-02 09:41:57+05:30,4056.5,11,4068.76,240465,95962.0,120311.0,4100.0,4110.0,4046.0,4092.6,22134875,4501.8,3683.4,4440.0,3288.1,4056.5,17,1,4056.1,8,2,4056.0,1040,22,4055.9,5,1,4055.8,10,1,4057.1,61,3,4057.2,10,1,4057.4,23,1,4057.5,5,1,4057.6,13,1
11483,2026-07-02 09:41:58+05:30,4056.5,1,4068.76,240465,95962.0,120311.0,4100.0,4110.0,4046.0,4092.6,22134875,4501.8,3683.4,4440.0,3288.1,4056.5,17,1,4056.1,8,2,4056.0,1040,22,4055.9,5,1,4055.8,10,1,4057.1,61,3,4057.2,10,1,4057.4,23,1,4057.5,5,1,4057.6,13,1
11483,2026-07-02 09:41:58+05:30,4056.5,1,4068.76,240475,96232.0,120249.0,4100.0,4110.0,4046.0,4092.6,22134875,4501.8,3683.4,4440.0,3288.1,4056.5,12,1,4056.1,8,2,4056.0,1045,22,4055.8,10,1,4055.6,71,2,4057.1,61,3,4057.2,10,1,4057.4,23,1,4057.5,26,2,4057.9,48,1
11483,2026-07-02 09:41:59+05:30,4056.5,6,4068.76,240475,96232.0,120249.0,4100.0,4110.0,4046.0,4092.6,22134875,4501.8,3683.4,4440.0,3288.1,4056.5,12,1,4056.1,8,2,4056.0,1045,22,4055.8,10,1,4055.6,71,2,4057.1,61,3,4057.2,10,1,4057.4,23,1,4057.5,26,2,4057.9,48,1
11483,2026-07-02 09:41:59+05:30,4056.5,6,4068.75,240496,96115.0,120138.0,4100.0,4110.0,4046.0,4092.6,22134875,4501.8,3683.4,4440.0,3288.1,4056.5,1,1,4056.1,8,2,4056.0,1046,23,4055.8,22,2,4055.6,71,2,4057.1,61,3,4057.2,10,1,4057.4,23,1,4057.5,5,1,4057.8,15,1
11483,2026-07-02 09:42:00+05:30,4057.0,140,4068.75,240496,96115.0,120138.0,4100.0,4110.0,4046.0,4092.6,22134875,4501.8,3683.4,4440.0,3288.1,4056.5,1,1,4056.1,8,2,4056.0,1046,23,4055.8,22,2,4055.6,71,2,4057.1,61,3,4057.2,10,1,4057.4,23,1,4057.5,5,1,4057.8,15,1
11483,2026-07-02 09:42:00+05:30,4057.0,140,4068.75,240652,96107.0,120115.0,4100.0,4110.0,4046.0,4092.6,22134875,4501.8,3683.4,4440.0,3288.1,4056.7,9,1,4056.2,11,2,4056.1,8,2,4056.0,1046,23,4055.9,12,1,4057.1,49,4,4057.2,10,1,4057.4,23,1,4057.5,5,1,4058.0,41,4
11483,2026-07-02 09:42:01+05:30,4057.0,1,4068.75,240652,96107.0,120115.0,4100.0,4110.0,4046.0,4092.6,22134875,4501.8,3683.4,4440.0,3288.1,4056.7,9,1,4056.2,11,2,4056.1,8,2,4056.0,1046,23,4055.9,12,1,4057.1,49,4,4057.2,10,1,4057.4,23,1,4057.5,5,1,4058.0,41,4
11483,2026-07-02 09:42:01+05:30,4056.7,1,4068.75,240660,96253.0,119948.0,4100.0,4110.0,4046.0,4092.6,22134875,4501.8,3683.4,4440.0,3288.1,4056.7,8,1,4056.5,1,1,4056.2,11,2,4056.1,65,4,4056.0,1044,23,4057.0,3,2,4057.1,49,4,4057.2,10,1,4057.4,23,1,4057.5,5,1
11483,2026-07-02 09:42:02+05:30,4056.7,1,4068.75,240660,96253.0,119948.0,4100.0,4110.0,4046.0,4092.6,22134875,4501.8,3683.4,4440.0,3288.1,4056.7,8,1,4056.5,1,1,4056.2,11,2,4056.1,65,4,4056.0,1044,23,4057.0,3,2,4057.1,49,4,4057.2,10,1,4057.4,23,1,4057.5,5,1
11483,2026-07-02 09:42:02+05:30,4056.7,1,4068.75,240662,96259.0,119923.0,4100.0,4110.0,4046.0,4092.6,22134875,4501.8,3683.4,4440.0,3288.1,4056.7,106,2,4056.5,124,2,4056.4,9,1,4056.2,11,2,4056.1,56,3,4057.0,3,2,4057.1,49,4,4057.2,10,1,4057.4,23,1,4057.5,5,1
11483,2026-07-02 09:42:03+05:30,4056.7,5,4068.75,240662,96259.0,119923.0,4100.0,4110.0,4046.0,4092.6,22134875,4501.8,3683.4,4440.0,3288.1,4056.7,106,2,4056.5,124,2,4056.4,9,1,4056.2,11,2,4056.1,56,3,4057.0,3,2,4057.1,49,4,4057.2,10,1,4057.4,23,1,4057.5,5,1
11483,2026-07-02 09:42:03+05:30,4056.7,5,4068.75,240668,95982.0,120186.0,4100.0,4110.0,4046.0,4092.6,22134875,4501.8,3683.4,4440.0,3288.1,4056.7,100,1,4056.5,124,2,4056.2,11,2,4056.1,56,3,4056.0,760,20,4056.8,20,1,4056.9,29,2,4057.0,3,2,4057.1,49,4,4057.2,15,1
11483,2026-07-02 09:42:04+05:30,4056.7,99,4068.75,240668,95982.0,120186.0,4100.0,4110.0,4046.0,4092.6,22134875,4501.8,3683.4,4440.0,3288.1,4056.7,100,1,4056.5,124,2,4056.2,11,2,4056.1,56,3,4056.0,760,20,4056.8,20,1,4056.9,29,2,4057.0,3,2,4057.1,49,4,4057.2,15,1
11483,2026-07-02 09:42:04+05:30,4056.7,99,4068.74,240773,96024.0,120323.0,4100.0,4110.0,4046.0,4092.6,22134875,4501.8,3683.4,4440.0,3288.1,4056.5,124,2,4056.2,16,3,4056.1,8,2,4056.0,1056,21,4055.6,50,1,4056.6,15,1,4056.7,42,3,4056.9,8,1,4057.0,3,2,4057.1,47,2
11483,2026-07-02 09:42:05+05:30,4056.5,6,4068.74,240835,95900.0,120392.0,4100.0,4110.0,4046.0,4092.6,22134875,4501.8,3683.4,4440.0,3288.1,4056.5,73,2,4056.2,16,3,4056.1,8,2,4056.0,1056,21,4055.6,50,1,4056.6,15,1,4056.7,45,5,4056.9,8,1,4057.1,47,2,4057.2,15,1
11483,2026-07-02 09:42:06+05:30,4056.6,7,4068.74,240835,95900.0,120392.0,4100.0,4110.0,4046.0,4092.6,22134875,4501.8,3683.4,4440.0,3288.1,4056.5,73,2,4056.2,16,3,4056.1,8,2,4056.0,1056,21,4055.6,50,1,4056.6,15,1,4056.7,45,5,4056.9,8,1,4057.1,47,2,4057.2,15,1
11483,2026-07-02 09:42:06+05:30,4056.6,7,4068.74,240835,95900.0,120392.0,4100.0,4110.0,4046.0,4092.6,22134875,4501.8,3683.4,4440.0,3288.1,4056.5,73,2,4056.2,16,3,4056.1,8,2,4056.0,1056,21,4055.6,50,1,4056.6,15,1,4056.7,45,5,4056.9,8,1,4057.1,47,2,4057.2,15,1
11483,2026-07-02 09:42:07+05:30,4056.6,7,4068.74,240848,95910.0,120372.0,4100.0,4110.0,4046.0,4092.6,22134875,4501.8,3683.4,4440.0,3288.1,4056.5,72,3,4056.2,16,3,4056.1,8,2,4056.0,1056,21,4055.6,50,1,4056.6,11,4,4056.7,51,7,4056.9,8,1,4057.1,45,1,4057.2,15,1
11483,2026-07-02 09:42:07+05:30,4056.6,7,4068.74,240848,95910.0,120372.0,4100.0,4110.0,4046.0,4092.6,22134875,4501.8,3683.4,4440.0,3288.1,4056.5,72,3,4056.2,16,3,4056.1,8,2,4056.0,1056,21,4055.6,50,1,4056.6,11,4,4056.7,51,7,4056.9,8,1,4057.1,45,1,4057.2,15,1
11483,2026-07-02 09:42:08+05:30,4056.6,7,4068.74,240848,95910.0,120372.0,4100.0,4110.0,4046.0,4092.6,22134875,4501.8,3683.4,4440.0,3288.1,4056.5,72,3,4056.2,16,3,4056.1,8,2,4056.0,1056,21,4055.6,50,1,4056.6,11,4,4056.7,51,7,4056.9,8,1,4057.1,45,1,4057.2,15,1
11483,2026-07-02 09:42:08+05:30,4056.5,1,4068.74,240849,95900.0,120450.0,4100.0,4110.0,4046.0,4092.6,22134875,4501.8,3683.4,4440.0,3288.1,4056.5,71,3,4056.2,16,3,4056.1,8,2,4056.0,1056,21,4055.6,50,1,4056.6,14,5,4056.7,51,7,4056.9,8,1,4057.2,17,2,4057.4,23,1
11483,2026-07-02 09:42:08+05:30,4056.6,1,4068.74,240849,95900.0,120450.0,4100.0,4110.0,4046.0,4092.6,22134875,4501.8,3683.4,4440.0,3288.1,4056.5,71,3,4056.2,16,3,4056.1,8,2,4056.0,1056,21,4055.6,50,1,4056.6,14,5,4056.7,51,7,4056.9,8,1,4057.2,17,2,4057.4,23,1
11483,2026-07-02 09:42:08+05:30,4056.6,1,4068.74,240849,95900.0,120450.0,4100.0,4110.0,4046.0,4092.6,22134875,4501.8,3683.4,4440.0,3288.1,4056.5,71,3,4056.2,16,3,4056.1,8,2,4056.0,1056,21,4055.6,50,1,4056.6,14,5,4056.7,51,7,4056.9,8,1,4057.2,17,2,4057.4,23,1
11483,2026-07-02 09:42:09+05:30,4056.6,1,4068.74,240849,95900.0,120450.0,4100.0,4110.0,4046.0,4092.6,22134875,4501.8,3683.4,4440.0,3288.1,4056.5,71,3,4056.2,16,3,4056.1,8,2,4056.0,1056,21,4055.6,50,1,4056.6,14,5,4056.7,51,7,4056.9,8,1,4057.2,17,2,4057.4,23,1
11483,2026-07-02 09:42:09+05:30,4056.5,3,4068.73,240981,95753.0,120676.0,4100.0,4110.0,4046.0,4092.6,22134875,4501.8,3683.4,4440.0,3288.1,4056.2,16,3,4056.1,9,3,4056.0,1056,21,4055.6,50,1,4055.5,47,2,4056.4,40,1,4056.5,2,1,4056.7,6,5,4056.9,8,1,4057.2,17,2
11483,2026-07-02 09:42:09+05:30,4056.5,3,4068.73,240981,95753.0,120676.0,4100.0,4110.0,4046.0,4092.6,22134875,4501.8,3683.4,4440.0,3288.1,4056.2,16,3,4056.1,9,3,4056.0,1056,21,4055.6,50,1,4055.5,47,2,4056.4,40,1,4056.5,2,1,4056.7,6,5,4056.9,8,1,4057.2,17,2
11483,2026-07-02 09:42:09+05:30,4056.5,3,4068.73,240981,95753.0,120676.0,4100.0,4110.0,4046.0,4092.6,22134875,4501.8,3683.4,4440.0,3288.1,4056.2,16,3,4056.1,9,3,4056.0,1056,21,4055.6,50,1,4055.5,47,2,4056.4,40,1,4056.5,2,1,4056.7,6,5,4056.9,8,1,4057.2,17,2
11483,2026-07-02 09:42:09+05:30,4056.5,3,4068.73,240981,95753.0,120676.0,4100.0,4110.0,4046.0,4092.6,22127350,4501.8,3683.4,4440.0,3288.1,4056.2,16,3,4056.1,9,3,4056.0,1056,21,4055.6,50,1,4055.5,47,2,4056.4,40,1,4056.5,2,1,4056.7,6,5,4056.9,8,1,4057.2,17,2
11483,2026-07-02 09:42:10+05:30,4056.5,3,4068.73,240981,95753.0,120676.0,4100.0,4110.0,4046.0,4092.6,22127350,4501.8,3683.4,4440.0,3288.1,4056.2,16,3,4056.1,9,3,4056.0,1056,21,4055.6,50,1,4055.5,47,2,4056.4,40,1,4056.5,2,1,4056.7,6,5,4056.9,8,1,4057.2,17,2
11483,2026-07-02 09:42:10+05:30,4056.2,4,4068.73,240981,95753.0,120676.0,4100.0,4110.0,4046.0,4092.6,22127350,4501.8,3683.4,4440.0,3288.1,4056.2,16,3,4056.1,9,3,4056.0,1056,21,4055.6,50,1,4055.5,47,2,4056.4,40,1,4056.5,2,1,4056.7,6,5,4056.9,8,1,4057.2,17,2
11483,2026-07-02 09:42:10+05:30,4056.2,4,4068.73,240981,95753.0,120676.0,4100.0,4110.0,4046.0,4092.6,22127350,4501.8,3683.4,4440.0,3288.1,4056.2,16,3,4056.1,9,3,4056.0,1056,21,4055.6,50,1,4055.5,47,2,4056.4,40,1,4056.5,2,1,4056.7,6,5,4056.9,8,1,4057.2,17,2
11483,2026-07-02 09:42:10+05:30,4056.2,2,4068.73,241048,96134.0,120683.0,4100.0,4110.0,4046.0,4092.6,22127350,4501.8,3683.4,4440.0,3288.1,4056.1,9,3,4056.0,1056,21,4055.6,53,2,4055.5,47,2,4055.2,34,2,4056.2,1,1,4056.5,2,1,4056.7,1,1,4056.9,8,1,4057.2,17,2
11483,2026-07-02 09:42:10+05:30,4056.2,2,4068.73,241048,96134.0,120683.0,4100.0,4110.0,4046.0,4092.6,22127350,4501.8,3683.4,4440.0,3288.1,4056.1,9,3,4056.0,1056,21,4055.6,53,2,4055.5,47,2,4055.2,34,2,4056.2,1,1,4056.5,2,1,4056.7,1,1,4056.9,8,1,4057.2,17,2
11483,2026-07-02 09:42:11+05:30,4056.2,2,4068.73,241048,96134.0,120683.0,4100.0,4110.0,4046.0,4092.6,22127350,4501.8,3683.4,4440.0,3288.1,4056.1,9,3,4056.0,1056,21,4055.6,53,2,4055.5,47,2,4055.2,34,2,4056.2,1,1,4056.5,2,1,4056.7,1,1,4056.9,8,1,4057.2,17,2
11483,2026-07-02 09:42:11+05:30,4056.2,2,4068.73,241048,96134.0,120683.0,4100.0,4110.0,4046.0,4092.6,22127350,4501.8,3683.4,4440.0,3288.1,4056.1,9,3,4056.0,1056,21,4055.6,53,2,4055.5,47,2,4055.2,34,2,4056.2,1,1,4056.5,2,1,4056.7,1,1,4056.9,8,1,4057.2,17,2
11483,2026-07-02 09:42:11+05:30,4056.2,2,4068.73,241048,96161.0,120690.0,4100.0,4110.0,4046.0,4092.6,22127350,4501.8,3683.4,4440.0,3288.1,4056.1,9,3,4056.0,1056,21,4055.6,53,2,4055.5,47,2,4055.2,34,2,4056.2,3,3,4056.5,2,1,4056.7,1,1,4056.9,8,1,4057.2,17,2
11483,2026-07-02 09:42:11+05:30,4056.2,2,4068.73,241048,96161.0,120690.0,4100.0,4110.0,4046.0,4092.6,22127350,4501.8,3683.4,4440.0,3288.1,4056.1,9,3,4056.0,1056,21,4055.6,53,2,4055.5,47,2,4055.2,34,2,4056.2,3,3,4056.5,2,1,4056.7,1,1,4056.9,8,1,4057.2,17,2
11483,2026-07-02 09:42:12+05:30,4056.2,2,4068.73,241048,96175.0,120703.0,4100.0,4110.0,4046.0,4092.6,22127350,4501.8,3683.4,4440.0,3288.1,4056.1,9,3,4056.0,1056,21,4055.6,53,2,4055.5,47,2,4055.2,12,1,4056.2,3,3,4056.5,2,1,4056.9,30,2,4057.2,21,4,4057.4,23,1
11483,2026-07-02 09:42:13+05:30,4056.5,11,4068.73,241048,96175.0,120703.0,4100.0,4110.0,4046.0,4092.6,22127350,4501.8,3683.4,4440.0,3288.1,4056.1,9,3,4056.0,1056,21,4055.6,53,2,4055.5,47,2,4055.2,12,1,4056.2,3,3,4056.5,2,1,4056.9,30,2,4057.2,21,4,4057.4,23,1
11483,2026-07-02 09:42:13+05:30,4056.6,20,4068.72,241096,96362.0,120503.0,4100.0,4110.0,4046.0,4092.6,22127350,4501.8,3683.4,4440.0,3288.1,4056.6,38,1,4056.5,5,1,4056.1,1,1,4056.0,1056,21,4055.7,3,1,4056.9,26,3,4057.2,17,2,4057.4,23,1,4057.5,5,1,4057.9,53,2
11483,2026-07-02 09:42:14+05:30,4057.9,9,4068.72,241096,96362.0,120503.0,4100.0,4110.0,4046.0,4092.6,22127350,4501.8,3683.4,4440.0,3288.1,4056.6,38,1,4056.5,5,1,4056.1,1,1,4056.0,1056,21,4055.7,3,1,4056.9,26,3,4057.2,17,2,4057.4,23,1,4057.5,5,1,4057.9,53,2
11483,2026-07-02 09:42:14+05:30,4057.5,6,4068.71,241316,96843.0,120140.0,4100.0,4110.0,4046.0,4092.6,22127350,4501.8,3683.4,4440.0,3288.1,4056.6,35,1,4056.5,5,1,4056.1,49,2,4056.0,1056,21,4055.7,16,2,4057.5,6,1,4057.6,27,4,4057.7,25,3,4057.8,59,4,4057.9,24,4
11483,2026-07-02 09:42:15+05:30,4056.9,5,4068.71,241316,96843.0,120140.0,4100.0,4110.0,4046.0,4092.6,22127350,4501.8,3683.4,4440.0,3288.1,4056.6,35,1,4056.5,5,1,4056.1,49,2,4056.0,1056,21,4055.7,16,2,4057.5,6,1,4057.6,27,4,4057.7,25,3,4057.8,59,4,4057.9,24,4
11483,2026-07-02 09:42:15+05:30,4056.9,5,4068.71,241322,97014.0,120464.0,4100.0,4110.0,4046.0,4092.6,22127350,4501.8,3683.4,4440.0,3288.1,4056.6,36,2,4056.5,5,1,4056.1,1,1,4056.0,1056,21,4055.8,24,1,4056.9,209,2,4057.8,28,2,4057.9,4,2,4058.0,38,4,4058.1,43,1
11483,2026-07-02 09:42:16+05:30,4056.6,6,4068.71,241322,97014.0,120464.0,4100.0,4110.0,4046.0,4092.6,22127350,4501.8,3683.4,4440.0,3288.1,4056.6,36,2,4056.5,5,1,4056.1,1,1,4056.0,1056,21,4055.8,24,1,4056.9,209,2,4057.8,28,2,4057.9,4,2,4058.0,38,4,4058.1,43,1
11483,2026-07-02 09:42:16+05:30,4056.6,6,4068.71,241386,97121.0,120470.0,4100.0,4110.0,4046.0,4092.6,22127350,4501.8,3683.4,4440.0,3288.1,4056.6,27,2,4056.5,5,1,4056.2,1,1,4056.1,1,1,4056.0,1155,21,4056.9,158,2,4057.8,28,2,4057.9,4,2,4058.0,44,4,4058.1,43,1
11483,2026-07-02 09:42:17+05:30,4056.9,1,4068.71,241386,97121.0,120470.0,4100.0,4110.0,4046.0,4092.6,22127350,4501.8,3683.4,4440.0,3288.1,4056.6,27,2,4056.5,5,1,4056.2,1,1,4056.1,1,1,4056.0,1155,21,4056.9,158,2,4057.8,28,2,4057.9,4,2,4058.0,44,4,4058.1,43,1
11483,2026-07-02 09:42:17+05:30,4056.9,3,4068.71,241440,97182.0,120517.0,4100.0,4110.0,4046.0,4092.6,22127350,4501.8,3683.4,4440.0,3288.1,4056.5,1,1,4056.2,10,2,4056.1,1,1,4056.0,1156,21,4055.8,36,2,4056.9,135,2,4057.8,21,1,4057.9,22,3,4058.0,44,4,4058.1,52,2
11483,2026-07-02 09:42:18+05:30,4056.9,3,4068.71,241440,97182.0,120517.0,4100.0,4110.0,4046.0,4092.6,22127350,4501.8,3683.4,4440.0,3288.1,4056.5,1,1,4056.2,10,2,4056.1,1,1,4056.0,1156,21,4055.8,36,2,4056.9,135,2,4057.8,21,1,4057.9,22,3,4058.0,44,4,4058.1,52,2
11483,2026-07-02 09:42:18+05:30,4056.9,3,4068.71,241440,97194.0,120506.0,4100.0,4110.0,4046.0,4092.6,22127350,4501.8,3683.4,4440.0,3288.1,4056.6,2,1,4056.5,1,1,4056.2,10,2,4056.1,12,2,4056.0,1156,21,4056.9,137,4,4057.8,21,1,4057.9,22,3,4058.0,30,3,4058.1,43,1
11483,2026-07-02 09:42:19+05:30,4056.9,5,4068.71,241440,97194.0,120506.0,4100.0,4110.0,4046.0,4092.6,22127350,4501.8,3683.4,4440.0,3288.1,4056.6,2,1,4056.5,1,1,4056.2,10,2,4056.1,12,2,4056.0,1156,21,4056.9,137,4,4057.8,21,1,4057.9,22,3,4058.0,30,3,4058.1,43,1
11483,2026-07-02 09:42:19+05:30,4056.6,2,4068.71,241451,97123.0,120498.0,4100.0,4110.0,4046.0,4092.6,22127350,4501.8,3683.4,4440.0,3288.1,4056.5,1,1,4056.2,10,2,4056.1,12,2,4056.0,1158,22,4055.8,36,2,4056.6,4,2,4056.9,128,4,4057.8,21,1,4057.9,18,1,4058.0,30,3
11483,2026-07-02 09:42:20+05:30,4056.6,1,4068.71,241451,97123.0,120498.0,4100.0,4110.0,4046.0,4092.6,22127350,4501.8,3683.4,4440.0,3288.1,4056.5,1,1,4056.2,10,2,4056.1,12,2,4056.0,1158,22,4055.8,36,2,4056.6,4,2,4056.9,128,4,4057.8,21,1,4057.9,18,1,4058.0,30,3
11483,2026-07-02 09:42:25+05:30,4056.0,46,4068.71,241451,97123.0,120498.0,4100.0,4110.0,4046.0,4092.6,22127350,4501.8,3683.4,4440.0,3288.1,4056.5,1,1,4056.2,10,2,4056.1,12,2,4056.0,1158,22,4055.8,36,2,4056.6,4,2,4056.9,128,4,4057.8,21,1,4057.9,18,1,4058.0,30,3
11483,2026-07-02 09:42:25+05:30,4056.0,46,4068.7,241557,96175.0,121045.0,4100.0,4110.0,4046.0,4092.6,22127350,4501.8,3683.4,4440.0,3288.1,4056.0,1094,20,4055.8,3,1,4055.6,50,1,4055.5,35,1,4055.1,2,1,4056.2,19,1,4056.3,22,2,4056.5,4,3,4056.6,19,2,4056.7,9,1
11483,2026-07-02 09:42:30+05:30,4056.0,1,4068.7,241557,96175.0,121045.0,4100.0,4110.0,4046.0,4092.6,22127350,4501.8,3683.4,4440.0,3288.1,4056.0,1094,20,4055.8,3,1,4055.6,50,1,4055.5,35,1,4055.1,2,1,4056.2,19,1,4056.3,22,2,4056.5,4,3,4056.6,19,2,4056.7,9,1
11483,2026-07-02 09:42:32+05:30,4055.9,3,4068.61,243331,94289.0,121545.0,4100.0,4110.0,4046.0,4092.6,22127350,4501.8,3683.4,4440.0,3288.1,4055.1,16,1,4055.0,364,26,4054.9,2,1,4054.8,54,1,4054.6,5,1,4055.9,103,2,4056.0,22,4,4056.1,23,2,4056.3,14,1,4056.5,52,2
11483,2026-07-02 09:42:35+05:30,4055.9,3,4068.61,243331,94289.0,121545.0,4100.0,4110.0,4046.0,4092.6,22127350,4501.8,3683.4,4440.0,3288.1,4055.1,16,1,4055.0,364,26,4054.9,2,1,4054.8,54,1,4054.6,5,1,4055.9,103,2,4056.0,22,4,4056.1,23,2,4056.3,14,1,4056.5,52,2
11483,2026-07-02 09:42:38+05:30,4055.1,3,4068.59,243758,94330.0,121636.0,4100.0,4110.0,4046.0,4092.6,22127350,4501.8,3683.4,4440.0,3288.1,4055.0,678,28,4054.9,2,1,4054.8,54,1,4054.7,28,3,4054.5,527,5,4055.1,2,2,4055.9,1,1,4056.0,10,1,4056.4,19,1,4056.5,94,3
11483,2026-07-02 09:42:40+05:30,4056.4,7,4068.59,243758,94330.0,121636.0,4100.0,4110.0,4046.0,4092.6,22127350,4501.8,3683.4,4440.0,3288.1,4055.0,678,28,4054.9,2,1,4054.8,54,1,4054.7,28,3,4054.5,527,5,4055.1,2,2,4055.9,1,1,4056.0,10,1,4056.4,19,1,4056.5,94,3
11483,2026-07-02 09:42:45+05:30,4057.4,10,4068.59,243758,94330.0,121636.0,4100.0,4110.0,4046.0,4092.6,22127350,4501.8,3683.4,4440.0,3288.1,4055.0,678,28,4054.9,2,1,4054.8,54,1,4054.7,28,3,4054.5,527,5,4055.1,2,2,4055.9,1,1,4056.0,10,1,4056.4,19,1,4056.5,94,3
11483,2026-07-02 09:42:45+05:30,4057.4,10,4068.57,244119,94960.0,120884.0,4100.0,4110.0,4046.0,4092.6,22127350,4501.8,3683.4,4440.0,3288.1,4055.9,47,2,4055.5,14,1,4055.2,18,1,4055.1,73,2,4055.0,663,18,4056.9,12,1,4057.0,25,2,4057.1,6,1,4057.2,25,2,4057.3,38,2
11483,2026-07-02 09:42:50+05:30,4055.1,3,4068.57,244119,94960.0,120884.0,4100.0,4110.0,4046.0,4092.6,22127350,4501.8,3683.4,4440.0,3288.1,4055.9,47,2,4055.5,14,1,4055.2,18,1,4055.1,73,2,4055.0,663,18,4056.9,12,1,4057.0,25,2,4057.1,6,1,4057.2,25,2,4057.3,38,2
11483,2026-07-02 09:42:52+05:30,4056.6,1,4068.56,244399,94540.0,121255.0,4100.0,4110.0,4046.0,4092.6,22127350,4501.8,3683.4,4440.0,3288.1,4055.1,51,4,4055.0,708,22,4054.9,12,2,4054.8,71,2,4054.7,29,2,4056.6,43,2,4056.7,15,2,4056.8,12,1,4056.9,12,1,4057.0,47,3
11483,2026-07-02 09:42:55+05:30,4055.1,5,4068.56,244399,94540.0,121255.0,4100.0,4110.0,4046.0,4092.6,22127350,4501.8,3683.4,4440.0,3288.1,4055.1,51,4,4055.0,708,22,4054.9,12,2,4054.8,71,2,4054.7,29,2,4056.6,43,2,4056.7,15,2,4056.8,12,1,4056.9,12,1,4057.0,47,3
11483,2026-07-02 09:42:58+05:30,4056.1,36,4068.5,245541,94142.0,121626.0,4100.0,4110.0,4046.0,4092.6,22127350,4501.8,3683.4,4440.0,3288.1,4055.5,42,1,4055.1,2,1,4055.0,894,24,4054.9,2,1,4054.8,54,1,4055.8,23,2,4055.9,28,1,4056.0,23,2,4056.3,17,2,4056.4,43,2
11483,2026-07-02 09:43:01+05:30,4055.3,20,4068.5,245541,94142.0,121626.0,4100.0,4110.0,4046.0,4092.6,22127350,4501.8,3683.4,4440.0,3288.1,4055.5,42,1,4055.1,2,1,4055.0,894,24,4054.9,2,1,4054.8,54,1,4055.8,23,2,4055.9,28,1,4056.0,23,2,4056.3,17,2,4056.4,43,2
11483,2026-07-02 09:43:05+05:30,4055.6,1,4068.47,246074,95350.0,121868.0,4100.0,4110.0,4046.0,4092.6,22127350,4501.8,3683.4,4440.0,3288.1,4055.1,2,1,4055.0,907,27,4054.9,2,1,4054.8,54,1,4054.5,30,4,4055.6,9,4,4055.7,7,1,4056.0,9,2,4056.3,21,2,4056.4,39,1
11483,2026-07-02 09:43:06+05:30,4055.6,1,4068.47,246074,95350.0,121868.0,4100.0,4110.0,4046.0,4092.6,22127350,4501.8,3683.4,4440.0,3288.1,4055.1,2,1,4055.0,907,27,4054.9,2,1,4054.8,54,1,4054.5,30,4,4055.6,9,4,4055.7,7,1,4056.0,9,2,4056.3,21,2,4056.4,39,1
11483,2026-07-02 09:43:07+05:30,4055.6,1,4068.47,246074,95350.0,121868.0,4100.0,4110.0,4046.0,4092.6,22127350,4501.8,3683.4,4440.0,3288.1,4055.1,2,1,4055.0,907,27,4054.9,2,1,4054.8,54,1,4054.5,30,4,4055.6,9,4,4055.7,7,1,4056.0,9,2,4056.3,21,2,4056.4,39,1
11483,2026-07-02 09:43:07+05:30,4055.2,7,4068.47,246074,95350.0,121868.0,4100.0,4110.0,4046.0,4092.6,22127350,4501.8,3683.4,4440.0,3288.1,4055.1,2,1,4055.0,907,27,4054.9,2,1,4054.8,54,1,4054.5,30,4,4055.6,9,4,4055.7,7,1,4056.0,9,2,4056.3,21,2,4056.4,39,1
11483,2026-07-02 09:43:07+05:30,4055.2,7,4068.47,246074,95350.0,121868.0,4100.0,4110.0,4046.0,4092.6,22127350,4501.8,3683.4,4440.0,3288.1,4055.1,2,1,4055.0,907,27,4054.9,2,1,4054.8,54,1,4054.5,30,4,4055.6,9,4,4055.7,7,1,4056.0,9,2,4056.3,21,2,4056.4,39,1
11483,2026-07-02 09:43:08+05:30,4055.2,7,4068.47,246074,95350.0,121868.0,4100.0,4110.0,4046.0,4092.6,22127350,4501.8,3683.4,4440.0,3288.1,4055.1,2,1,4055.0,907,27,4054.9,2,1,4054.8,54,1,4054.5,30,4,4055.6,9,4,4055.7,7,1,4056.0,9,2,4056.3,21,2,4056.4,39,1
11483,2026-07-02 09:43:09+05:30,4055.2,7,4068.47,246074,95350.0,121868.0,4100.0,4110.0,4046.0,4092.6,22127350,4501.8,3683.4,4440.0,3288.1,4055.1,2,1,4055.0,907,27,4054.9,2,1,4054.8,54,1,4054.5,30,4,4055.6,9,4,4055.7,7,1,4056.0,9,2,4056.3,21,2,4056.4,39,1
11483,2026-07-02 09:43:09+05:30,4055.2,7,4068.47,246074,95350.0,121868.0,4100.0,4110.0,4046.0,4092.6,22131200,4501.8,3683.4,4440.0,3288.1,4055.1,2,1,4055.0,907,27,4054.9,2,1,4054.8,54,1,4054.5,30,4,4055.6,9,4,4055.7,7,1,4056.0,9,2,4056.3,21,2,4056.4,39,1
11483,2026-07-02 09:43:10+05:30,4055.2,7,4068.47,246074,95350.0,121868.0,4100.0,4110.0,4046.0,4092.6,22131200,4501.8,3683.4,4440.0,3288.1,4055.1,2,1,4055.0,907,27,4054.9,2,1,4054.8,54,1,4054.5,30,4,4055.6,9,4,4055.7,7,1,4056.0,9,2,4056.3,21,2,4056.4,39,1
11483,2026-07-02 09:43:11+05:30,4055.2,7,4068.47,246074,95350.0,121868.0,4100.0,4110.0,4046.0,4092.6,22131200,4501.8,3683.4,4440.0,3288.1,4055.1,2,1,4055.0,907,27,4054.9,2,1,4054.8,54,1,4054.5,30,4,4055.6,9,4,4055.7,7,1,4056.0,9,2,4056.3,21,2,4056.4,39,1
11483,2026-07-02 09:43:12+05:30,4055.0,58,4068.44,246729,95427.0,122425.0,4100.0,4110.0,4046.0,4092.6,22131200,4501.8,3683.4,4440.0,3288.1,4055.0,487,12,4054.9,2,1,4054.8,54,1,4054.5,27,4,4054.2,22,2,4055.1,17,1,4055.2,42,1,4055.4,42,1,4055.6,42,1,4056.0,23,4
11483,2026-07-02 09:43:13+05:30,4055.2,5,4068.44,246729,95427.0,122425.0,4100.0,4110.0,4046.0,4092.6,22131200,4501.8,3683.4,4440.0,3288.1,4055.0,487,12,4054.9,2,1,4054.8,54,1,4054.5,27,4,4054.2,22,2,4055.1,17,1,4055.2,42,1,4055.4,42,1,4055.6,42,1,4056.0,23,4
11483,2026-07-02 09:43:19+05:30,4055.4,5,4068.41,247159,94994.0,122588.0,4100.0,4110.0,4046.0,4092.6,22131200,4501.8,3683.4,4440.0,3288.1,4055.0,289,9,4054.9,2,1,4054.8,54,1,4054.5,18,3,4054.2,22,2,4055.1,42,1,4055.2,42,1,4055.4,14,1,4055.5,20,1,4055.6,109,2
11483,2026-07-02 09:43:19+05:30,4055.0,19,4068.41,247159,94994.0,122588.0,4100.0,4110.0,4046.0,4092.6,22131200,4501.8,3683.4,4440.0,3288.1,4055.0,289,9,4054.9,2,1,4054.8,54,1,4054.5,18,3,4054.2,22,2,4055.1,42,1,4055.2,42,1,4055.4,14,1,4055.5,20,1,4055.6,109,2
11483,2026-07-02 09:43:25+05:30,4055.0,2,4068.41,247159,94994.0,122588.0,4100.0,4110.0,4046.0,4092.6,22131200,4501.8,3683.4,4440.0,3288.1,4055.0,289,9,4054.9,2,1,4054.8,54,1,4054.5,18,3,4054.2,22,2,4055.1,42,1,4055.2,42,1,4055.4,14,1,4055.5,20,1,4055.6,109,2
11483,2026-07-02 09:43:25+05:30,4055.0,2,4068.39,247566,92962.0,122840.0,4100.0,4110.0,4046.0,4092.6,22131200,4501.8,3683.4,4440.0,3288.1,4054.5,18,3,4054.2,22,2,4054.1,25,1,4054.0,99,5,4053.5,5,1,4055.0,15,6,4055.1,13,4,4055.2,5,1,4055.3,14,2,4055.4,31,3
11483,2026-07-02 09:43:31+05:30,4054.1,3,4068.39,247566,92962.0,122840.0,4100.0,4110.0,4046.0,4092.6,22131200,4501.8,3683.4,4440.0,3288.1,4054.5,18,3,4054.2,22,2,4054.1,25,1,4054.0,99,5,4053.5,5,1,4055.0,15,6,4055.1,13,4,4055.2,5,1,4055.3,14,2,4055.4,31,3
11483,2026-07-02 09:43:32+05:30,4054.1,3,4068.37,247939,92755.0,123752.0,4100.0,4110.0,4046.0,4092.6,22131200,4501.8,3683.4,4440.0,3288.1,4053.4,1,1,4053.0,48,4,4052.6,1,1,4052.4,25,2,4052.3,21,3,4054.1,308,6,4054.2,64,5,4054.3,62,3,4054.4,4,1,4054.5,25,5
11483,2026-07-02 09:43:37+05:30,4052.3,4,4068.37,247939,92755.0,123752.0,4100.0,4110.0,4046.0,4092.6,22131200,4501.8,3683.4,4440.0,3288.1,4053.4,1,1,4053.0,48,4,4052.6,1,1,4052.4,25,2,4052.3,21,3,4054.1,308,6,4054.2,64,5,4054.3,62,3,4054.4,4,1,4054.5,25,5
11483,2026-07-02 09:43:39+05:30,4052.3,1,4068.35,248277,92390.0,123831.0,4100.0,4110.0,4046.0,4092.6,22131200,4501.8,3683.4,4440.0,3288.1,4052.2,1052,2,4052.1,18,4,4052.0,564,12,4051.9,6,1,4051.8,12,1,4052.3,44,1,4053.4,12,8,4053.6,4,1,4053.7,44,3,4053.9,85,3
11483,2026-07-02 09:43:43+05:30,4052.2,5,4068.35,248277,92390.0,123831.0,4100.0,4110.0,4046.0,4092.6,22131200,4501.8,3683.4,4440.0,3288.1,4052.2,1052,2,4052.1,18,4,4052.0,564,12,4051.9,6,1,4051.8,12,1,4052.3,44,1,4053.4,12,8,4053.6,4,1,4053.7,44,3,4053.9,85,3
11483,2026-07-02 09:43:45+05:30,4052.5,9,4068.33,248495,92919.0,123431.0,4100.0,4110.0,4046.0,4092.6,22131200,4501.8,3683.4,4440.0,3288.1,4052.5,33,3,4052.3,15,2,4052.2,993,2,4052.1,68,6,4052.0,607,15,4053.8,40,1,4053.9,19,1,4054.0,70,4,4054.1,29,2,4054.2,17,1
11483,2026-07-02 09:43:49+05:30,4053.8,1,4068.33,248495,92919.0,123431.0,4100.0,4110.0,4046.0,4092.6,22131200,4501.8,3683.4,4440.0,3288.1,4052.5,33,3,4052.3,15,2,4052.2,993,2,4052.1,68,6,4052.0,607,15,4053.8,40,1,4053.9,19,1,4054.0,70,4,4054.1,29,2,4054.2,17,1
11483,2026-07-02 09:43:52+05:30,4053.8,5,4068.32,248674,93686.0,123534.0,4100.0,4110.0,4046.0,4092.6,22131200,4501.8,3683.4,4440.0,3288.1,4053.0,2,2,4052.5,29,4,4052.3,436,7,4052.2,995,3,4052.1,35,4,4053.8,5,2,4053.9,2,1,4054.0,103,2,4054.1,67,1,4054.2,19,1
11483,2026-07-02 09:43:55+05:30,4053.0,1,4068.32,248674,93686.0,123534.0,4100.0,4110.0,4046.0,4092.6,22131200,4501.8,3683.4,4440.0,3288.1,4053.0,2,2,4052.5,29,4,4052.3,436,7,4052.2,995,3,4052.1,35,4,4053.8,5,2,4053.9,2,1,4054.0,103,2,4054.1,67,1,4054.2,19,1
11483,2026-07-02 09:43:59+05:30,4052.9,1,4068.32,248723,93799.0,124010.0,4100.0,4110.0,4046.0,4092.6,22131200,4501.8,3683.4,4440.0,3288.1,4052.3,499,8,4052.2,995,3,4052.1,14,3,4052.0,585,15,4051.9,26,2,4052.9,14,1,4053.0,5,4,4053.7,4,1,4053.9,3,1,4054.0,141,6
11483,2026-07-02 09:44:01+05:30,4052.9,1,4068.32,248723,93799.0,124010.0,4100.0,4110.0,4046.0,4092.6,22131200,4501.8,3683.4,4440.0,3288.1,4052.3,499,8,4052.2,995,3,4052.1,14,3,4052.0,585,15,4051.9,26,2,4052.9,14,1,4053.0,5,4,4053.7,4,1,4053.9,3,1,4054.0,141,6
11483,2026-07-02 09:44:06+05:30,4054.0,8,4068.31,248963,94943.0,122626.0,4100.0,4110.0,4046.0,4092.6,22131200,4501.8,3683.4,4440.0,3288.1,4053.8,1,1,4053.4,26,3,4053.2,5,1,4053.1,49,4,4053.0,38,4,4054.0,71,1,4054.1,86,2,4054.2,19,1,4055.0,118,4,4055.1,61,1
11483,2026-07-02 09:44:06+05:30,4054.0,8,4068.31,248963,94943.0,122626.0,4100.0,4110.0,4046.0,4092.6,22131200,4501.8,3683.4,4440.0,3288.1,4053.8,1,1,4053.4,26,3,4053.2,5,1,4053.1,49,4,4053.0,38,4,4054.0,71,1,4054.1,86,2,4054.2,19,1,4055.0,118,4,4055.1,61,1
11483,2026-07-02 09:44:07+05:30,4054.0,8,4068.31,248963,94943.0,122626.0,4100.0,4110.0,4046.0,4092.6,22131200,4501.8,3683.4,4440.0,3288.1,4053.8,1,1,4053.4,26,3,4053.2,5,1,4053.1,49,4,4053.0,38,4,4054.0,71,1,4054.1,86,2,4054.2,19,1,4055.0,118,4,4055.1,61,1
11483,2026-07-02 09:44:07+05:30,4055.2,2,4068.31,248963,94943.0,122626.0,4100.0,4110.0,4046.0,4092.6,22131200,4501.8,3683.4,4440.0,3288.1,4053.8,1,1,4053.4,26,3,4053.2,5,1,4053.1,49,4,4053.0,38,4,4054.0,71,1,4054.1,86,2,4054.2,19,1,4055.0,118,4,4055.1,61,1
11483,2026-07-02 09:44:07+05:30,4055.2,2,4068.31,248963,94943.0,122626.0,4100.0,4110.0,4046.0,4092.6,22131200,4501.8,3683.4,4440.0,3288.1,4053.8,1,1,4053.4,26,3,4053.2,5,1,4053.1,49,4,4053.0,38,4,4054.0,71,1,4054.1,86,2,4054.2,19,1,4055.0,118,4,4055.1,61,1
11483,2026-07-02 09:44:08+05:30,4055.2,2,4068.31,248963,94943.0,122626.0,4100.0,4110.0,4046.0,4092.6,22131200,4501.8,3683.4,4440.0,3288.1,4053.8,1,1,4053.4,26,3,4053.2,5,1,4053.1,49,4,4053.0,38,4,4054.0,71,1,4054.1,86,2,4054.2,19,1,4055.0,118,4,4055.1,61,1
11483,2026-07-02 09:44:09+05:30,4055.2,2,4068.31,248963,94943.0,122626.0,4100.0,4110.0,4046.0,4092.6,22131200,4501.8,3683.4,4440.0,3288.1,4053.8,1,1,4053.4,26,3,4053.2,5,1,4053.1,49,4,4053.0,38,4,4054.0,71,1,4054.1,86,2,4054.2,19,1,4055.0,118,4,4055.1,61,1
11483,2026-07-02 09:44:10+05:30,4055.2,2,4068.31,248963,94943.0,122626.0,4100.0,4110.0,4046.0,4092.6,22149925,4501.8,3683.4,4440.0,3288.1,4053.8,1,1,4053.4,26,3,4053.2,5,1,4053.1,49,4,4053.0,38,4,4054.0,71,1,4054.1,86,2,4054.2,19,1,4055.0,118,4,4055.1,61,1
11483,2026-07-02 09:44:11+05:30,4055.2,2,4068.31,248963,94943.0,122626.0,4100.0,4110.0,4046.0,4092.6,22149925,4501.8,3683.4,4440.0,3288.1,4053.8,1,1,4053.4,26,3,4053.2,5,1,4053.1,49,4,4053.0,38,4,4054.0,71,1,4054.1,86,2,4054.2,19,1,4055.0,118,4,4055.1,61,1
11483,2026-07-02 09:44:13+05:30,4055.2,1,4068.25,249915,97073.0,120934.0,4100.0,4110.0,4046.0,4092.6,22149925,4501.8,3683.4,4440.0,3288.1,4055.2,39,2,4054.9,4,2,4054.8,22,3,4054.7,48,3,4054.6,13,2,4055.3,12,2,4056.3,1,1,4056.4,34,2,4056.5,2,1,4056.9,29,3
11483,2026-07-02 09:44:13+05:30,4055.2,3,4068.25,249915,97073.0,120934.0,4100.0,4110.0,4046.0,4092.6,22149925,4501.8,3683.4,4440.0,3288.1,4055.2,39,2,4054.9,4,2,4054.8,22,3,4054.7,48,3,4054.6,13,2,4055.3,12,2,4056.3,1,1,4056.4,34,2,4056.5,2,1,4056.9,29,3
11483,2026-07-02 09:44:18+05:30,4056.0,5,4068.25,249915,97073.0,120934.0,4100.0,4110.0,4046.0,4092.6,22149925,4501.8,3683.4,4440.0,3288.1,4055.2,39,2,4054.9,4,2,4054.8,22,3,4054.7,48,3,4054.6,13,2,4055.3,12,2,4056.3,1,1,4056.4,34,2,4056.5,2,1,4056.9,29,3
11483,2026-07-02 09:44:19+05:30,4054.0,3,4068.24,250288,96129.0,121884.0,4100.0,4110.0,4046.0,4092.6,22149925,4501.8,3683.4,4440.0,3288.1,4054.1,16,2,4054.0,7,1,4053.9,16,2,4053.8,1,1,4053.6,28,2,4055.8,12,1,4055.9,94,5,4056.0,22,2,4056.1,34,4,4056.2,46,3
11483,2026-07-02 09:44:20+05:30,4055.8,15,4068.24,250288,96129.0,121884.0,4100.0,4110.0,4046.0,4092.6,22149925,4501.8,3683.4,4440.0,3288.1,4054.1,16,2,4054.0,7,1,4053.9,16,2,4053.8,1,1,4053.6,28,2,4055.8,12,1,4055.9,94,5,4056.0,22,2,4056.1,34,4,4056.2,46,3
11483,2026-07-02 09:44:20+05:30,4055.8,15,4068.23,250358,95727.0,122142.0,4100.0,4110.0,4046.0,4092.6,22149925,4501.8,3683.4,4440.0,3288.1,4054.1,12,2,4054.0,38,4,4053.9,31,4,4053.8,12,2,4053.7,28,1,4055.6,12,1,4055.7,21,2,4055.8,37,4,4055.9,34,2,4056.1,14,2
11483,2026-07-02 09:44:21+05:30,4055.8,15,4068.23,250358,96662.0,121673.0,4100.0,4110.0,4046.0,4092.6,22149925,4501.8,3683.4,4440.0,3288.1,4055.3,10,1,4054.2,69,2,4054.1,93,4,4054.0,94,6,4053.9,47,6,4055.6,12,1,4055.7,12,1,4055.8,9,3,4055.9,22,1,4056.1,11,1
11483,2026-07-02 09:44:22+05:30,4055.3,1,4068.23,250359,96672.0,121679.0,4100.0,4110.0,4046.0,4092.6,22149925,4501.8,3683.4,4440.0,3288.1,4055.3,9,1,4054.2,86,3,4054.1,93,4,4054.0,78,5,4053.9,44,5,4055.6,12,1,4055.7,12,1,4055.8,21,4,4055.9,22,1,4056.1,11,1
11483,2026-07-02 09:44:23+05:30,4055.3,1,4068.23,250359,96672.0,121679.0,4100.0,4110.0,4046.0,4092.6,22149925,4501.8,3683.4,4440.0,3288.1,4055.3,9,1,4054.2,86,3,4054.1,93,4,4054.0,78,5,4053.9,44,5,4055.6,12,1,4055.7,12,1,4055.8,21,4,4055.9,22,1,4056.1,11,1
11483,2026-07-02 09:44:23+05:30,4055.3,1,4068.23,250359,96589.0,121626.0,4100.0,4110.0,4046.0,4092.6,22149925,4501.8,3683.4,4440.0,3288.1,4055.3,9,1,4054.2,86,3,4054.1,93,4,4054.0,30,4,4053.9,44,5,4055.7,21,3,4055.8,14,3,4055.9,12,1,4056.1,11,1,4056.2,3,1
11483,2026-07-02 09:44:24+05:30,4055.7,5,4068.23,250359,96589.0,121626.0,4100.0,4110.0,4046.0,4092.6,22149925,4501.8,3683.4,4440.0,3288.1,4055.3,9,1,4054.2,86,3,4054.1,93,4,4054.0,30,4,4053.9,44,5,4055.7,21,3,4055.8,14,3,4055.9,12,1,4056.1,11,1,4056.2,3,1
11483,2026-07-02 09:44:25+05:30,4055.3,6,4068.23,250388,96081.0,122098.0,4100.0,4110.0,4046.0,4092.6,22149925,4501.8,3683.4,4440.0,3288.1,4054.1,10,2,4054.0,22,3,4053.9,31,4,4053.8,67,4,4053.7,28,1,4055.3,1,1,4055.8,6,1,4055.9,12,1,4056.1,11,1,4056.2,3,1
11483,2026-07-02 09:44:25+05:30,4055.3,6,4068.23,250388,96081.0,122098.0,4100.0,4110.0,4046.0,4092.6,22149925,4501.8,3683.4,4440.0,3288.1,4054.1,10,2,4054.0,22,3,4053.9,31,4,4053.8,67,4,4053.7,28,1,4055.3,1,1,4055.8,6,1,4055.9,12,1,4056.1,11,1,4056.2,3,1
11483,2026-07-02 09:44:25+05:30,4055.3,6,4068.23,250388,96363.0,122066.0,4100.0,4110.0,4046.0,4092.6,22149925,4501.8,3683.4,4440.0,3288.1,4054.2,41,4,4054.1,60,4,4054.0,39,4,4053.9,43,5,4053.8,53,4,4055.3,3,3,4055.8,6,1,4056.1,11,1,4056.2,3,1,4056.3,60,3
11483,2026-07-02 09:44:26+05:30,4055.3,2,4068.23,250388,96363.0,122066.0,4100.0,4110.0,4046.0,4092.6,22149925,4501.8,3683.4,4440.0,3288.1,4054.2,41,4,4054.1,60,4,4054.0,39,4,4053.9,43,5,4053.8,53,4,4055.3,3,3,4055.8,6,1,4056.1,11,1,4056.2,3,1,4056.3,60,3
11483,2026-07-02 09:44:27+05:30,4055.3,2,4068.23,250394,97113.0,121238.0,4100.0,4110.0,4046.0,4092.6,22149925,4501.8,3683.4,4440.0,3288.1,4055.3,1,1,4054.6,19,1,4054.5,34,2,4054.4,68,4,4054.3,74,4,4055.8,3,1,4056.3,46,1,4056.5,10,2,4056.7,8,1,4056.9,19,2
11483,2026-07-02 09:44:27+05:30,4055.8,3,4068.23,250394,97113.0,121238.0,4100.0,4110.0,4046.0,4092.6,22149925,4501.8,3683.4,4440.0,3288.1,4055.3,1,1,4054.6,19,1,4054.5,34,2,4054.4,68,4,4054.3,74,4,4055.8,3,1,4056.3,46,1,4056.5,10,2,4056.7,8,1,4056.9,19,2
11483,2026-07-02 09:44:28+05:30,4055.8,2,4068.23,250420,97649.0,120919.0,4100.0,4110.0,4046.0,4092.6,22149925,4501.8,3683.4,4440.0,3288.1,4055.6,28,1,4055.5,16,3,4055.4,73,4,4055.3,36,4,4055.2,18,2,4056.9,26,2,4057.0,1,1,4057.4,49,3,4057.5,18,1,4057.7,45,4
11483,2026-07-02 09:44:28+05:30,4055.8,1,4068.23,250420,97649.0,120919.0,4100.0,4110.0,4046.0,4092.6,22149925,4501.8,3683.4,4440.0,3288.1,4055.6,28,1,4055.5,16,3,4055.4,73,4,4055.3,36,4,4055.2,18,2,4056.9,26,2,4057.0,1,1,4057.4,49,3,4057.5,18,1,4057.7,45,4
11483,2026-07-02 09:44:29+05:30,4056.9,2,4068.23,250425,97376.0,121586.0,4100.0,4110.0,4046.0,4092.6,22149925,4501.8,3683.4,4440.0,3288.1,4055.0,5,1,4054.5,45,3,4054.4,31,3,4054.3,36,3,4054.2,57,5,4056.4,41,5,4056.5,25,3,4056.6,15,2,4056.7,72,4,4056.8,3,1
11483,2026-07-02 09:44:29+05:30,4056.9,2,4068.23,250425,97376.0,121586.0,4100.0,4110.0,4046.0,4092.6,22149925,4501.8,3683.4,4440.0,3288.1,4055.0,5,1,4054.5,45,3,4054.4,31,3,4054.3,36,3,4054.2,57,5,4056.4,41,5,4056.5,25,3,4056.6,15,2,4056.7,72,4,4056.8,3,1
11483,2026-07-02 09:44:30+05:30,4055.7,15,4068.23,250440,96915.0,121769.0,4100.0,4110.0,4046.0,4092.6,22149925,4501.8,3683.4,4440.0,3288.1,4054.5,9,1,4054.4,76,5,4054.3,14,3,4054.2,3,1,4054.1,48,4,4055.9,6,1,4056.0,16,3,4056.1,12,1,4056.4,52,3,4056.5,10,1
11483,2026-07-02 09:44:30+05:30,4056.4,4,4068.23,250440,96915.0,121769.0,4100.0,4110.0,4046.0,4092.6,22149925,4501.8,3683.4,4440.0,3288.1,4054.5,9,1,4054.4,76,5,4054.3,14,3,4054.2,3,1,4054.1,48,4,4055.9,6,1,4056.0,16,3,4056.1,12,1,4056.4,52,3,4056.5,10,1
11483,2026-07-02 09:44:31+05:30,4056.4,3,4068.23,250460,97128.0,121762.0,4100.0,4110.0,4046.0,4092.6,22149925,4501.8,3683.4,4440.0,3288.1,4055.2,100,1,4054.7,10,1,4054.6,39,2,4054.5,53,3,4054.4,39,3,4056.4,26,5,4056.7,12,1,4056.8,5,1,4056.9,68,6,4057.0,26,2
11483,2026-07-02 09:44:31+05:30,4056.4,3,4068.23,250460,97128.0,121762.0,4100.0,4110.0,4046.0,4092.6,22149925,4501.8,3683.4,4440.0,3288.1,4055.2,100,1,4054.7,10,1,4054.6,39,2,4054.5,53,3,4054.4,39,3,4056.4,26,5,4056.7,12,1,4056.8,5,1,4056.9,68,6,4057.0,26,2
11483,2026-07-02 09:44:32+05:30,4056.0,13,4068.22,250499,96951.0,121873.0,4100.0,4110.0,4046.0,4092.6,22149925,4501.8,3683.4,4440.0,3288.1,4055.6,5,1,4055.2,100,1,4054.5,30,3,4054.4,19,1,4054.3,5,2,4056.0,126,3,4056.2,35,1,4056.3,13,1,4056.4,25,5,4056.5,12,1
11483,2026-07-02 09:44:32+05:30,4056.0,13,4068.22,250499,96951.0,121873.0,4100.0,4110.0,4046.0,4092.6,22149925,4501.8,3683.4,4440.0,3288.1,4055.6,5,1,4055.2,100,1,4054.5,30,3,4054.4,19,1,4054.3,5,2,4056.0,126,3,4056.2,35,1,4056.3,13,1,4056.4,25,5,4056.5,12,1
11483,2026-07-02 09:44:33+05:30,4056.0,13,4068.22,250499,96985.0,121875.0,4100.0,4110.0,4046.0,4092.6,22149925,4501.8,3683.4,4440.0,3288.1,4055.6,5,1,4055.2,100,1,4054.5,19,2,4054.4,19,1,4054.3,5,2,4056.0,128,5,4056.2,35,1,4056.3,13,1,4056.4,25,5,4056.5,12,1
11483,2026-07-02 09:44:34+05:30,4056.4,2,4068.22,250674,97370.0,121379.0,4100.0,4110.0,4046.0,4092.6,22149925,4501.8,3683.4,4440.0,3288.1,4055.6,5,1,4055.2,100,1,4055.1,4,1,4055.0,5,1,4054.7,33,1,4056.4,5,3,4056.9,2,2,4057.0,1,1,4057.2,11,1,4057.3,17,1
11483,2026-07-02 09:44:34+05:30,4055.6,1,4068.22,250674,97370.0,121379.0,4100.0,4110.0,4046.0,4092.6,22149925,4501.8,3683.4,4440.0,3288.1,4055.6,5,1,4055.2,100,1,4055.1,4,1,4055.0,5,1,4054.7,33,1,4056.4,5,3,4056.9,2,2,4057.0,1,1,4057.2,11,1,4057.3,17,1
11483,2026-07-02 09:44:35+05:30,4055.6,1,4068.22,250676,97362.0,121387.0,4100.0,4110.0,4046.0,4092.6,22149925,4501.8,3683.4,4440.0,3288.1,4055.6,3,1,4055.2,100,1,4055.1,4,1,4055.0,5,1,4054.7,33,1,4056.4,13,6,4056.8,11,1,4057.0,31,2,4057.2,11,1,4057.3,61,3
11483,2026-07-02 09:44:35+05:30,4056.4,2,4068.22,250676,97362.0,121387.0,4100.0,4110.0,4046.0,4092.6,22149925,4501.8,3683.4,4440.0,3288.1,4055.6,3,1,4055.2,100,1,4055.1,4,1,4055.0,5,1,4054.7,33,1,4056.4,13,6,4056.8,11,1,4057.0,31,2,4057.2,11,1,4057.3,61,3
11483,2026-07-02 09:44:36+05:30,4055.2,15,4068.17,251721,95824.0,121941.0,4100.0,4110.0,4046.0,4092.6,22149925,4501.8,3683.4,4440.0,3288.1,4055.2,70,1,4054.6,1,1,4054.4,19,1,4054.3,26,2,4054.2,47,3,4055.6,14,4,4055.9,5,2,4056.0,38,4,4056.1,35,4,4056.2,15,2
11483,2026-07-02 09:44:36+05:30,4055.2,29,4068.17,251721,95824.0,121941.0,4100.0,4110.0,4046.0,4092.6,22149925,4501.8,3683.4,4440.0,3288.1,4055.2,70,1,4054.6,1,1,4054.4,19,1,4054.3,26,2,4054.2,47,3,4055.6,14,4,4055.9,5,2,4056.0,38,4,4056.1,35,4,4056.2,15,2
11483,2026-07-02 09:44:37+05:30,4055.1,4,4068.16,251820,95240.0,123023.0,4100.0,4110.0,4046.0,4092.6,22149925,4501.8,3683.4,4440.0,3288.1,4054.0,8,2,4053.8,1,1,4053.3,24,2,4053.0,158,7,4052.9,83,4,4055.1,17,3,4055.2,45,6,4055.5,49,3,4055.6,1,1,4055.7,12,1
11483,2026-07-02 09:44:37+05:30,4054.0,1,4068.16,251820,95240.0,123023.0,4100.0,4110.0,4046.0,4092.6,22149925,4501.8,3683.4,4440.0,3288.1,4054.0,8,2,4053.8,1,1,4053.3,24,2,4053.0,158,7,4052.9,83,4,4055.1,17,3,4055.2,45,6,4055.5,49,3,4055.6,1,1,4055.7,12,1
11483,2026-07-02 09:44:38+05:30,4054.0,5,4068.16,251829,94893.0,123035.0,4100.0,4110.0,4046.0,4092.6,22149925,4501.8,3683.4,4440.0,3288.1,4053.8,1,1,4053.0,106,4,4052.9,55,2,4052.7,12,1,4052.6,76,4,4054.0,4,2,4055.0,18,3,4055.1,29,6,4055.2,21,4,4055.3,23,2
11483,2026-07-02 09:44:38+05:30,4054.0,5,4068.16,251829,94893.0,123035.0,4100.0,4110.0,4046.0,4092.6,22149925,4501.8,3683.4,4440.0,3288.1,4053.8,1,1,4053.0,106,4,4052.9,55,2,4052.7,12,1,4052.6,76,4,4054.0,4,2,4055.0,18,3,4055.1,29,6,4055.2,21,4,4055.3,23,2
11483,2026-07-02 09:44:39+05:30,4053.8,2,4068.16,251853,95350.0,122438.0,4100.0,4110.0,4046.0,4092.6,22149925,4501.8,3683.4,4440.0,3288.1,4053.7,24,1,4053.6,19,1,4053.4,13,2,4053.3,87,6,4053.2,39,4,4053.8,5,4,4054.0,2,2,4055.1,7,4,4055.2,18,3,4055.6,1,1
11483,2026-07-02 09:44:39+05:30,4053.8,2,4068.16,251853,95350.0,122438.0,4100.0,4110.0,4046.0,4092.6,22149925,4501.8,3683.4,4440.0,3288.1,4053.7,24,1,4053.6,19,1,4053.4,13,2,4053.3,87,6,4053.2,39,4,4053.8,5,4,4054.0,2,2,4055.1,7,4,4055.2,18,3,4055.6,1,1
11483,2026-07-02 09:44:40+05:30,4053.7,4,4068.16,251877,94251.0,123363.0,4100.0,4110.0,4046.0,4092.6,22149925,4501.8,3683.4,4440.0,3288.1,4053.0,99,4,4052.9,55,2,4052.7,2,1,4052.5,101,3,4052.4,13,1,4053.1,15,1,4053.8,29,9,4054.0,2,2,4054.5,14,1,4055.0,36,1
11483,2026-07-02 09:44:40+05:30,4053.7,4,4068.16,251877,94251.0,123363.0,4100.0,4110.0,4046.0,4092.6,22149925,4501.8,3683.4,4440.0,3288.1,4053.0,99,4,4052.9,55,2,4052.7,2,1,4052.5,101,3,4052.4,13,1,4053.1,15,1,4053.8,29,9,4054.0,2,2,4054.5,14,1,4055.0,36,1
11483,2026-07-02 09:44:41+05:30,4053.0,2,4068.16,251877,94251.0,123363.0,4100.0,4110.0,4046.0,4092.6,22149925,4501.8,3683.4,4440.0,3288.1,4053.0,99,4,4052.9,55,2,4052.7,2,1,4052.5,101,3,4052.4,13,1,4053.1,15,1,4053.8,29,9,4054.0,2,2,4054.5,14,1,4055.0,36,1
11483,2026-07-02 09:44:41+05:30,4053.0,2,4068.15,251988,94464.0,123931.0,4100.0,4110.0,4046.0,4092.6,22149925,4501.8,3683.4,4440.0,3288.1,4052.9,55,2,4052.7,2,1,4052.5,77,2,4052.3,506,6,4052.2,51,4,4053.0,10,1,4053.7,21,3,4053.8,10,8,4054.0,2,2,4054.5,14,1
11483,2026-07-02 09:44:42+05:30,4052.7,3,4068.15,251988,94464.0,123931.0,4100.0,4110.0,4046.0,4092.6,22149925,4501.8,3683.4,4440.0,3288.1,4052.5,77,2,4052.3,506,6,4052.2,16,2,4052.1,3,2,4052.0,577,15,4052.9,20,7,4053.0,13,3,4053.6,36,2,4053.7,11,4,4053.8,10,8
11483,2026-07-02 09:44:42+05:30,4052.7,3,4068.15,252056,93408.0,124425.0,4100.0,4110.0,4046.0,4092.6,22149925,4501.8,3683.4,4440.0,3288.1,4052.5,77,2,4052.3,506,6,4052.2,16,2,4052.1,3,2,4052.0,577,15,4052.9,20,7,4053.0,13,3,4053.6,36,2,4053.7,11,4,4053.8,10,8
11483,2026-07-02 09:44:43+05:30,4052.7,1,4068.15,252056,93408.0,124425.0,4100.0,4110.0,4046.0,4092.6,22149925,4501.8,3683.4,4440.0,3288.1,4052.5,77,2,4052.3,506,6,4052.2,16,2,4052.1,3,2,4052.0,577,15,4052.9,20,7,4053.0,13,3,4053.6,36,2,4053.7,11,4,4053.8,10,8
11483,2026-07-02 09:44:43+05:30,4052.7,1,4068.14,252073,93512.0,124365.0,4100.0,4110.0,4046.0,4092.6,22149925,4501.8,3683.4,4440.0,3288.1,4052.5,61,1,4052.3,506,6,4052.2,16,2,4052.1,3,2,4052.0,577,15,4052.7,2,2,4052.9,20,7,4053.0,13,3,4053.6,36,2,4053.7,11,4
11483,2026-07-02 09:44:44+05:30,4052.5,3,4068.14,252073,93512.0,124365.0,4100.0,4110.0,4046.0,4092.6,22149925,4501.8,3683.4,4440.0,3288.1,4052.5,36,1,4052.3,506,6,4052.2,16,2,4052.1,3,2,4052.0,577,15,4052.8,5,1,4052.9,20,7,4053.0,13,3,4053.4,12,1,4053.6,36,2
11483,2026-07-02 09:44:44+05:30,4052.5,3,4068.14,252118,93547.0,124319.0,4100.0,4110.0,4046.0,4092.6,22149925,4501.8,3683.4,4440.0,3288.1,4052.5,36,1,4052.3,506,6,4052.2,16,2,4052.1,3,2,4052.0,577,15,4052.8,5,1,4052.9,20,7,4053.0,13,3,4053.4,12,1,4053.6,36,2
11483,2026-07-02 09:44:45+05:30,4052.9,1,4068.14,252118,93547.0,124319.0,4100.0,4110.0,4046.0,4092.6,22149925,4501.8,3683.4,4440.0,3288.1,4052.5,36,1,4052.3,506,6,4052.2,16,2,4052.1,3,2,4052.0,577,15,4052.8,5,1,4052.9,20,7,4053.0,13,3,4053.4,12,1,4053.6,36,2
11483,2026-07-02 09:44:45+05:30,4052.9,1,4068.14,252168,93549.0,124325.0,4100.0,4110.0,4046.0,4092.6,22149925,4501.8,3683.4,4440.0,3288.1,4052.5,9,1,4052.3,506,6,4052.2,16,2,4052.1,3,2,4052.0,577,15,4052.9,14,6,4053.0,13,3,4053.2,16,1,4053.4,65,1,4053.6,27,1
11483,2026-07-02 09:44:46+05:30,4052.7,2,4068.14,252168,93549.0,124325.0,4100.0,4110.0,4046.0,4092.6,22149925,4501.8,3683.4,4440.0,3288.1,4052.5,9,1,4052.3,506,6,4052.2,16,2,4052.1,3,2,4052.0,577,15,4052.7,10,1,4052.9,16,9,4053.0,3,2,4053.2,16,1,4053.4,65,1
11483,2026-07-02 09:44:46+05:30,4052.7,2,4068.14,252187,93549.0,124323.0,4100.0,4110.0,4046.0,4092.6,22149925,4501.8,3683.4,4440.0,3288.1,4052.5,9,1,4052.3,506,6,4052.2,16,2,4052.1,3,2,4052.0,577,15,4052.7,10,1,4052.9,16,9,4053.0,3,2,4053.2,16,1,4053.4,65,1
11483,2026-07-02 09:44:47+05:30,4051.3,17,4068.14,252187,93549.0,124323.0,4100.0,4110.0,4046.0,4092.6,22149925,4501.8,3683.4,4440.0,3288.1,4052.5,9,1,4052.3,506,6,4052.2,16,2,4052.1,3,2,4052.0,577,15,4052.7,10,1,4052.9,16,9,4053.0,3,2,4053.2,16,1,4053.4,65,1
11483,2026-07-02 09:44:47+05:30,4051.3,17,4068.06,253380,90543.0,125795.0,4100.0,4110.0,4046.0,4092.6,22149925,4501.8,3683.4,4440.0,3288.1,4051.1,75,3,4051.0,1036,13,4050.9,10,1,4050.8,32,3,4050.6,80,3,4051.6,25,4,4051.7,14,2,4051.8,22,2,4051.9,15,2,4052.1,19,2
11483,2026-07-02 09:44:48+05:30,4051.3,14,4068.06,253380,90543.0,125795.0,4100.0,4110.0,4046.0,4092.6,22149925,4501.8,3683.4,4440.0,3288.1,4051.1,71,3,4051.0,1036,13,4050.9,10,1,4050.8,32,3,4050.6,80,3,4051.3,25,3,4051.8,18,1,4052.1,19,2,4052.2,8,2,4052.4,24,2
11483,2026-07-02 09:44:48+05:30,4051.3,14,4068.06,253434,90906.0,125422.0,4100.0,4110.0,4046.0,4092.6,22149925,4501.8,3683.4,4440.0,3288.1,4051.1,71,3,4051.0,1036,13,4050.9,10,1,4050.8,32,3,4050.6,80,3,4051.3,25,3,4051.8,18,1,4052.1,19,2,4052.2,8,2,4052.4,24,2
11483,2026-07-02 09:44:49+05:30,4051.1,5,4068.06,253434,90906.0,125422.0,4100.0,4110.0,4046.0,4092.6,22149925,4501.8,3683.4,4440.0,3288.1,4051.1,71,3,4051.0,1036,13,4050.9,10,1,4050.8,32,3,4050.6,80,3,4051.3,25,3,4051.8,18,1,4052.1,19,2,4052.2,8,2,4052.4,24,2
11483,2026-07-02 09:44:49+05:30,4051.1,5,4068.05,253505,90482.0,125731.0,4100.0,4110.0,4046.0,4092.6,22149925,4501.8,3683.4,4440.0,3288.1,4051.0,1036,13,4050.9,10,1,4050.8,32,3,4050.6,80,3,4050.5,4,2,4051.2,11,1,4051.3,45,7,4051.8,19,2,4052.1,19,2,4052.2,28,4
11483,2026-07-02 09:44:50+05:30,4052.5,1,4068.05,253505,90482.0,125731.0,4100.0,4110.0,4046.0,4092.6,22149925,4501.8,3683.4,4440.0,3288.1,4051.0,1036,13,4050.9,10,1,4050.8,32,3,4050.6,80,3,4050.5,4,2,4051.2,11,1,4051.3,45,7,4051.8,19,2,4052.1,19,2,4052.2,28,4
11483,2026-07-02 09:44:50+05:30,4051.0,5,4068.03,253915,89711.0,124661.0,4100.0,4110.0,4046.0,4092.6,22149925,4501.8,3683.4,4440.0,3288.1,4051.0,960,10,4050.9,10,1,4050.8,32,3,4050.6,97,5,4050.5,9,3,4051.7,22,2,4051.8,36,3,4051.9,22,2,4052.0,46,3,4052.2,51,2
11483,2026-07-02 09:44:51+05:30,4051.0,10,4068.03,253915,89711.0,124661.0,4100.0,4110.0,4046.0,4092.6,22149925,4501.8,3683.4,4440.0,3288.1,4051.0,960,10,4050.9,10,1,4050.8,32,3,4050.6,97,5,4050.5,9,3,4051.7,22,2,4051.8,36,3,4051.9,22,2,4052.0,46,3,4052.2,51,2
11483,2026-07-02 09:44:51+05:30,4051.0,2,4068.02,254012,89634.0,124664.0,4100.0,4110.0,4046.0,4092.6,22149925,4501.8,3683.4,4440.0,3288.1,4051.0,855,8,4050.9,10,1,4050.8,32,3,4050.6,85,4,4050.5,9,3,4051.7,11,1,4051.8,22,2,4051.9,22,2,4052.0,46,3,4052.2,51,2
11483,2026-07-02 09:44:52+05:30,4051.0,7,4068.02,254043,89615.0,124656.0,4100.0,4110.0,4046.0,4092.6,22149925,4501.8,3683.4,4440.0,3288.1,4051.0,824,8,4050.9,10,1,4050.8,32,3,4050.6,85,4,4050.5,20,4,4051.7,11,1,4051.8,22,2,4051.9,22,2,4052.0,46,3,4052.2,39,1
11483,2026-07-02 09:44:52+05:30,4051.0,3,4068.02,254043,89615.0,124656.0,4100.0,4110.0,4046.0,4092.6,22149925,4501.8,3683.4,4440.0,3288.1,4051.0,824,8,4050.9,10,1,4050.8,32,3,4050.6,85,4,4050.5,20,4,4051.7,11,1,4051.8,22,2,4051.9,22,2,4052.0,46,3,4052.2,39,1
11483,2026-07-02 09:44:53+05:30,4051.0,1,4068.02,254043,89615.0,124656.0,4100.0,4110.0,4046.0,4092.6,22149925,4501.8,3683.4,4440.0,3288.1,4051.0,824,8,4050.9,10,1,4050.8,32,3,4050.6,85,4,4050.5,20,4,4051.7,11,1,4051.8,22,2,4051.9,22,2,4052.0,46,3,4052.2,39,1
11483,2026-07-02 09:44:53+05:30,4051.0,1,4068.02,254049,89630.0,124622.0,4100.0,4110.0,4046.0,4092.6,22149925,4501.8,3683.4,4440.0,3288.1,4051.0,818,8,4050.9,10,1,4050.8,32,3,4050.7,15,1,4050.6,85,4,4051.7,11,1,4051.8,11,1,4051.9,22,2,4052.0,22,2,4052.2,39,1
11483,2026-07-02 09:44:54+05:30,4051.8,9,4068.02,254049,89630.0,124622.0,4100.0,4110.0,4046.0,4092.6,22149925,4501.8,3683.4,4440.0,3288.1,4051.0,818,8,4050.9,10,1,4050.8,32,3,4050.7,15,1,4050.6,85,4,4051.7,11,1,4051.8,11,1,4051.9,22,2,4052.0,22,2,4052.2,39,1
11483,2026-07-02 09:44:54+05:30,4051.8,9,4068.02,254069,89635.0,124615.0,4100.0,4110.0,4046.0,4092.6,22149925,4501.8,3683.4,4440.0,3288.1,4051.0,818,8,4050.9,10,1,4050.8,32,3,4050.7,15,1,4050.6,85,4,4051.8,2,1,4051.9,11,1,4052.0,22,2,4052.2,61,3,4052.4,18,1
11483,2026-07-02 09:44:55+05:30,4051.8,9,4068.02,254069,89695.0,124612.0,4100.0,4110.0,4046.0,4092.6,22149925,4501.8,3683.4,4440.0,3288.1,4051.0,819,9,4050.9,27,3,4050.8,48,4,4050.7,33,2,4050.6,100,6,4051.8,3,2,4051.9,11,1,4052.0,22,2,4052.2,39,1,4052.4,18,1
11483,2026-07-02 09:44:56+05:30,4052.0,3,4068.02,254069,89695.0,124612.0,4100.0,4110.0,4046.0,4092.6,22149925,4501.8,3683.4,4440.0,3288.1,4051.0,819,9,4050.9,27,3,4050.8,48,4,4050.7,33,2,4050.6,100,6,4051.8,3,2,4051.9,11,1,4052.0,22,2,4052.2,39,1,4052.4,18,1
11483,2026-07-02 09:44:56+05:30,4052.0,3,4068.02,254074,89882.0,124442.0,4100.0,4110.0,4046.0,4092.6,22149925,4501.8,3683.4,4440.0,3288.1,4051.0,853,13,4050.9,25,3,4050.8,83,7,4050.7,33,2,4050.6,109,6,4052.4,11,1,4053.0,73,4,4053.1,60,1,4053.2,16,1,4053.3,2,1
11483,2026-07-02 09:44:57+05:30,4052.0,1,4068.02,254074,89882.0,124442.0,4100.0,4110.0,4046.0,4092.6,22149925,4501.8,3683.4,4440.0,3288.1,4051.0,853,13,4050.9,25,3,4050.8,83,7,4050.7,33,2,4050.6,109,6,4052.4,11,1,4053.0,73,4,4053.1,60,1,4053.2,16,1,4053.3,2,1
11483,2026-07-02 09:44:57+05:30,4052.0,1,4068.02,254075,91269.0,124446.0,4100.0,4110.0,4046.0,4092.6,22149925,4501.8,3683.4,4440.0,3288.1,4051.8,1,1,4051.1,30,2,4051.0,853,13,4050.9,28,3,4050.8,62,6,4052.0,1,1,4053.0,72,3,4053.2,16,1,4053.3,40,2,4053.4,88,3
11483,2026-07-02 09:44:58+05:30,4052.8,5,4068.02,254075,91269.0,124446.0,4100.0,4110.0,4046.0,4092.6,22149925,4501.8,3683.4,4440.0,3288.1,4051.8,1,1,4051.1,30,2,4051.0,853,13,4050.9,28,3,4050.8,62,6,4052.0,1,1,4053.0,72,3,4053.2,16,1,4053.3,40,2,4053.4,88,3
11483,2026-07-02 09:44:58+05:30,4052.8,5,4068.01,254180,91738.0,124504.0,4100.0,4110.0,4046.0,4092.6,22149925,4501.8,3683.4,4440.0,3288.1,4051.8,1,1,4051.3,32,2,4051.2,24,1,4051.1,42,3,4051.0,836,11,4052.0,1,1,4052.8,46,2,4052.9,32,3,4053.2,37,2,4053.3,98,5
11483,2026-07-02 09:44:59+05:30,4051.3,2,4068.01,254180,91738.0,124504.0,4100.0,4110.0,4046.0,4092.6,22149925,4501.8,3683.4,4440.0,3288.1,4051.8,1,1,4051.3,32,2,4051.2,24,1,4051.1,42,3,4051.0,836,11,4052.0,1,1,4052.8,46,2,4052.9,32,3,4053.2,37,2,4053.3,98,5
11483,2026-07-02 09:44:59+05:30,4051.3,2,4068.01,254183,91758.0,124675.0,4100.0,4110.0,4046.0,4092.6,22149925,4501.8,3683.4,4440.0,3288.1,4051.3,30,2,4051.2,24,1,4051.1,34,3,4051.0,836,11,4050.9,28,3,4052.0,1,1,4052.8,43,3,4052.9,21,2,4053.2,37,2,4053.3,98,5
11483,2026-07-02 09:45:00+05:30,4051.3,6,4068.01,254183,91758.0,124675.0,4100.0,4110.0,4046.0,4092.6,22149925,4501.8,3683.4,4440.0,3288.1,4051.3,30,2,4051.2,24,1,4051.1,34,3,4051.0,836,11,4050.9,28,3,4052.0,1,1,4052.8,43,3,4052.9,21,2,4053.2,37,2,4053.3,98,5
11483,2026-07-02 09:45:00+05:30,4051.3,6,4068.01,254208,91565.0,124857.0,4100.0,4110.0,4046.0,4092.6,22149925,4501.8,3683.4,4440.0,3288.1,4051.1,25,3,4051.0,836,11,4050.9,15,2,4050.8,62,6,4050.7,33,2,4052.0,1,1,4052.8,66,4,4052.9,21,2,4053.0,48,1,4053.2,85,3
11483,2026-07-02 09:45:01+05:30,4051.8,1,4068.01,254208,91565.0,124857.0,4100.0,4110.0,4046.0,4092.6,22149925,4501.8,3683.4,4440.0,3288.1,4051.1,25,3,4051.0,836,11,4050.9,15,2,4050.8,62,6,4050.7,33,2,4052.0,1,1,4052.8,66,4,4052.9,21,2,4053.0,48,1,4053.2,85,3
11483,2026-07-02 09:45:01+05:30,4051.8,1,4068.01,254213,91608.0,124741.0,4100.0,4110.0,4046.0,4092.6,22149925,4501.8,3683.4,4440.0,3288.1,4051.8,1,1,4051.1,36,4,4051.0,846,12,4050.9,28,3,4050.8,55,5,4052.0,1,1,4052.8,3,2,4052.9,21,2,4053.1,64,2,4053.2,37,2
11483,2026-07-02 09:45:02+05:30,4051.8,1,4068.01,254213,91608.0,124741.0,4100.0,4110.0,4046.0,4092.6,22149925,4501.8,3683.4,4440.0,3288.1,4051.8,1,1,4051.1,36,4,4051.0,846,12,4050.9,28,3,4050.8,55,5,4052.0,1,1,4052.8,3,2,4052.9,21,2,4053.1,64,2,4053.2,37,2
11483,2026-07-02 09:45:02+05:30,4052.8,1,4068.01,254224,92264.0,124183.0,4100.0,4110.0,4046.0,4092.6,22149925,4501.8,3683.4,4440.0,3288.1,4051.5,48,4,4051.4,10,1,4051.3,16,2,4051.2,29,2,4051.1,41,5,4052.8,3,2,4053.1,59,1,4053.2,16,1,4053.3,41,2,4053.4,96,3
11483,2026-07-02 09:45:03+05:30,4052.8,1,4068.01,254224,92264.0,124183.0,4100.0,4110.0,4046.0,4092.6,22149925,4501.8,3683.4,4440.0,3288.1,4051.5,48,4,4051.4,10,1,4051.3,16,2,4051.2,29,2,4051.1,41,5,4052.8,3,2,4053.1,59,1,4053.2,16,1,4053.3,41,2,4053.4,96,3
11483,2026-07-02 09:45:03+05:30,4053.1,69,4068.0,254309,92379.0,124132.0,4100.0,4110.0,4046.0,4092.6,22149925,4501.8,3683.4,4440.0,3288.1,4051.6,19,1,4051.5,49,5,4051.4,10,1,4051.3,16,2,4051.2,23,2,4053.0,22,2,4053.1,74,4,4053.2,16,1,4053.3,41,2,4053.4,85,2
11483,2026-07-02 09:45:04+05:30,4053.1,69,4068.0,254309,92379.0,124132.0,4100.0,4110.0,4046.0,4092.6,22149925,4501.8,3683.4,4440.0,3288.1,4051.6,19,1,4051.5,49,5,4051.4,10,1,4051.3,16,2,4051.2,23,2,4053.0,22,2,4053.1,74,4,4053.2,16,1,4053.3,41,2,4053.4,85,2
11483,2026-07-02 09:45:04+05:30,4053.1,69,4068.0,254309,92420.0,124377.0,4100.0,4110.0,4046.0,4092.6,22149925,4501.8,3683.4,4440.0,3288.1,4051.7,20,1,4051.3,30,2,4051.1,59,5,4051.0,848,14,4050.9,73,5,4052.7,22,2,4052.8,64,3,4052.9,66,2,4053.0,31,3,4053.1,22,3
11483,2026-07-02 09:45:05+05:30,4052.7,7,4068.0,254309,92420.0,124377.0,4100.0,4110.0,4046.0,4092.6,22149925,4501.8,3683.4,4440.0,3288.1,4051.7,20,1,4051.3,30,2,4051.1,59,5,4051.0,848,14,4050.9,73,5,4052.7,22,2,4052.8,64,3,4052.9,66,2,4053.0,31,3,4053.1,22,3
11483,2026-07-02 09:45:05+05:30,4052.8,2,4068.0,254332,92454.0,124273.0,4100.0,4110.0,4046.0,4092.6,22149925,4501.8,3683.4,4440.0,3288.1,4051.7,20,1,4051.3,30,2,4051.1,56,4,4051.0,848,14,4050.9,93,6,4052.7,1,1,4052.8,18,2,4052.9,77,3,4053.0,11,1,4053.1,2,2
11483,2026-07-02 09:45:06+05:30,4052.7,6,4068.0,254332,92454.0,124273.0,4100.0,4110.0,4046.0,4092.6,22149925,4501.8,3683.4,4440.0,3288.1,4051.7,20,1,4051.3,30,2,4051.1,56,4,4051.0,848,14,4050.9,93,6,4052.7,1,1,4052.8,18,2,4052.9,77,3,4053.0,11,1,4053.1,2,2
11483,2026-07-02 09:45:06+05:30,4052.8,6,4068.0,254375,92604.0,124197.0,4100.0,4110.0,4046.0,4092.6,22149925,4501.8,3683.4,4440.0,3288.1,4052.0,1,1,4051.3,30,3,4051.2,12,1,4051.1,9,2,4051.0,848,14,4052.7,28,3,4052.8,36,6,4052.9,66,2,4053.1,2,2,4053.2,16,1
11483,2026-07-02 09:45:07+05:30,4052.8,6,4068.0,254375,92604.0,124197.0,4100.0,4110.0,4046.0,4092.6,22149925,4501.8,3683.4,4440.0,3288.1,4052.0,1,1,4051.3,30,3,4051.2,12,1,4051.1,9,2,4051.0,848,14,4052.7,28,3,4052.8,36,6,4052.9,66,2,4053.1,2,2,4053.2,16,1
11483,2026-07-02 09:45:07+05:30,4052.8,6,4068.0,254375,92604.0,124197.0,4100.0,4110.0,4046.0,4092.6,22149925,4501.8,3683.4,4440.0,3288.1,4052.0,1,1,4051.3,30,3,4051.2,12,1,4051.1,9,2,4051.0,848,14,4052.7,28,3,4052.8,36,6,4052.9,66,2,4053.1,2,2,4053.2,16,1
11483,2026-07-02 09:45:07+05:30,4052.8,6,4068.0,254375,92604.0,124197.0,4100.0,4110.0,4046.0,4092.6,22149925,4501.8,3683.4,4440.0,3288.1,4052.0,1,1,4051.3,30,3,4051.2,12,1,4051.1,9,2,4051.0,848,14,4052.7,28,3,4052.8,36,6,4052.9,66,2,4053.1,2,2,4053.2,16,1
11483,2026-07-02 09:45:07+05:30,4051.4,11,4068.0,254387,92866.0,123928.0,4100.0,4110.0,4046.0,4092.6,22149925,4501.8,3683.4,4440.0,3288.1,4051.7,27,1,4051.6,55,5,4051.5,57,5,4051.4,42,2,4051.3,134,7,4052.8,4,4,4053.1,2,2,4053.2,16,1,4053.3,39,1,4053.4,65,1
11483,2026-07-02 09:45:08+05:30,4051.4,11,4068.0,254387,92866.0,123928.0,4100.0,4110.0,4046.0,4092.6,22149925,4501.8,3683.4,4440.0,3288.1,4051.7,27,1,4051.6,55,5,4051.5,57,5,4051.4,42,2,4051.3,134,7,4052.8,4,4,4053.1,2,2,4053.2,16,1,4053.3,39,1,4053.4,65,1
11483,2026-07-02 09:45:08+05:30,4053.1,1,4068.0,254387,92866.0,123928.0,4100.0,4110.0,4046.0,4092.6,22149925,4501.8,3683.4,4440.0,3288.1,4051.7,27,1,4051.6,55,5,4051.5,57,5,4051.4,42,2,4051.3,134,7,4052.8,4,4,4053.1,2,2,4053.2,16,1,4053.3,39,1,4053.4,65,1
11483,2026-07-02 09:45:08+05:30,4053.1,1,4068.0,254387,92866.0,123928.0,4100.0,4110.0,4046.0,4092.6,22149925,4501.8,3683.4,4440.0,3288.1,4051.7,27,1,4051.6,55,5,4051.5,57,5,4051.4,42,2,4051.3,134,7,4052.8,4,4,4053.1,2,2,4053.2,16,1,4053.3,39,1,4053.4,65,1
11483,2026-07-02 09:45:08+05:30,4052.0,1,4068.0,254412,93331.0,123734.0,4100.0,4110.0,4046.0,4092.6,22149925,4501.8,3683.4,4440.0,3288.1,4052.0,168,7,4051.9,30,2,4051.7,85,3,4051.6,66,6,4051.5,83,7,4053.2,16,1,4053.4,65,1,4054.0,14,1,4054.1,29,1,4054.2,16,2
11483,2026-07-02 09:45:09+05:30,4052.0,1,4068.0,254412,93331.0,123734.0,4100.0,4110.0,4046.0,4092.6,22149925,4501.8,3683.4,4440.0,3288.1,4052.0,168,7,4051.9,30,2,4051.7,85,3,4051.6,66,6,4051.5,83,7,4053.2,16,1,4053.4,65,1,4054.0,14,1,4054.1,29,1,4054.2,16,2
11483,2026-07-02 09:45:09+05:30,4052.0,2,4068.0,254412,93331.0,123734.0,4100.0,4110.0,4046.0,4092.6,22149925,4501.8,3683.4,4440.0,3288.1,4052.0,168,7,4051.9,30,2,4051.7,85,3,4051.6,66,6,4051.5,83,7,4053.2,16,1,4053.4,65,1,4054.0,14,1,4054.1,29,1,4054.2,16,2
11483,2026-07-02 09:45:09+05:30,4052.0,2,4068.0,254412,93331.0,123734.0,4100.0,4110.0,4046.0,4092.6,22149925,4501.8,3683.4,4440.0,3288.1,4052.0,168,7,4051.9,30,2,4051.7,85,3,4051.6,66,6,4051.5,83,7,4053.2,16,1,4053.4,65,1,4054.0,14,1,4054.1,29,1,4054.2,16,2
11483,2026-07-02 09:45:09+05:30,4052.0,1,4068.0,254419,93331.0,123743.0,4100.0,4110.0,4046.0,4092.6,22149925,4501.8,3683.4,4440.0,3288.1,4052.0,161,7,4051.9,30,2,4051.7,88,4,4051.6,63,5,4051.5,83,7,4053.2,16,1,4053.4,65,1,4054.0,14,1,4054.1,29,1,4054.2,16,2
11483,2026-07-02 09:45:09+05:30,4052.0,1,4068.0,254419,93331.0,123743.0,4100.0,4110.0,4046.0,4092.6,22149925,4501.8,3683.4,4440.0,3288.1,4052.0,161,7,4051.9,30,2,4051.7,88,4,4051.6,63,5,4051.5,83,7,4053.2,16,1,4053.4,65,1,4054.0,14,1,4054.1,29,1,4054.2,16,2
11483,2026-07-02 09:45:10+05:30,4052.0,1,4068.0,254419,93331.0,123743.0,4100.0,4110.0,4046.0,4092.6,22149925,4501.8,3683.4,4440.0,3288.1,4052.0,161,7,4051.9,30,2,4051.7,88,4,4051.6,63,5,4051.5,83,7,4053.2,16,1,4053.4,65,1,4054.0,14,1,4054.1,29,1,4054.2,16,2
11483,2026-07-02 09:45:10+05:30,4052.0,1,4068.0,254419,93331.0,123743.0,4100.0,4110.0,4046.0,4092.6,22149925,4501.8,3683.4,4440.0,3288.1,4052.0,161,7,4051.9,30,2,4051.7,88,4,4051.6,63,5,4051.5,83,7,4053.2,16,1,4053.4,65,1,4054.0,14,1,4054.1,29,1,4054.2,16,2
11483,2026-07-02 09:45:10+05:30,4052.0,1,4068.0,254419,93331.0,123743.0,4100.0,4110.0,4046.0,4092.6,22149925,4501.8,3683.4,4440.0,3288.1,4052.0,161,7,4051.9,30,2,4051.7,88,4,4051.6,63,5,4051.5,83,7,4053.2,16,1,4053.4,65,1,4054.0,14,1,4054.1,29,1,4054.2,16,2
11483,2026-07-02 09:45:10+05:30,4052.0,1,4068.0,254419,93331.0,123743.0,4100.0,4110.0,4046.0,4092.6,22165325,4501.8,3683.4,4440.0,3288.1,4052.0,161,7,4051.9,30,2,4051.7,88,4,4051.6,63,5,4051.5,83,7,4053.2,16,1,4053.4,65,1,4054.0,14,1,4054.1,29,1,4054.2,16,2
11483,2026-07-02 09:45:10+05:30,4052.0,1,4068.0,254419,93689.0,123449.0,4100.0,4110.0,4046.0,4092.6,22165325,4501.8,3683.4,4440.0,3288.1,4053.1,5,1,4052.7,10,1,4052.6,9,1,4052.4,4,1,4052.3,13,1,4053.2,16,1,4053.4,65,1,4054.0,14,1,4054.2,11,1,4054.3,61,1
11483,2026-07-02 09:45:10+05:30,4052.0,1,4068.0,254419,93689.0,123449.0,4100.0,4110.0,4046.0,4092.6,22165325,4501.8,3683.4,4440.0,3288.1,4053.1,5,1,4052.7,10,1,4052.6,9,1,4052.4,4,1,4052.3,13,1,4053.2,16,1,4053.4,65,1,4054.0,14,1,4054.2,11,1,4054.3,61,1
11483,2026-07-02 09:45:11+05:30,4052.0,1,4068.0,254419,93689.0,123449.0,4100.0,4110.0,4046.0,4092.6,22165325,4501.8,3683.4,4440.0,3288.1,4053.1,5,1,4052.7,10,1,4052.6,9,1,4052.4,4,1,4052.3,13,1,4053.2,16,1,4053.4,65,1,4054.0,14,1,4054.2,11,1,4054.3,61,1
11483,2026-07-02 09:45:11+05:30,4053.2,1,4067.99,254455,93745.0,123453.0,4100.0,4110.0,4046.0,4092.6,22165325,4501.8,3683.4,4440.0,3288.1,4053.1,8,2,4053.0,6,1,4052.7,10,1,4052.6,9,1,4052.4,16,2,4053.2,16,1,4053.4,65,1,4054.0,14,1,4054.4,39,3,4054.6,11,1
11483,2026-07-02 09:45:12+05:30,4053.2,1,4067.99,254455,93745.0,123453.0,4100.0,4110.0,4046.0,4092.6,22165325,4501.8,3683.4,4440.0,3288.1,4053.1,8,2,4053.0,6,1,4052.7,10,1,4052.6,9,1,4052.4,16,2,4053.2,16,1,4053.4,65,1,4054.0,14,1,4054.4,39,3,4054.6,11,1
11483,2026-07-02 09:45:12+05:30,4053.1,2,4067.99,254455,93745.0,123453.0,4100.0,4110.0,4046.0,4092.6,22165325,4501.8,3683.4,4440.0,3288.1,4053.1,8,2,4053.0,6,1,4052.7,10,1,4052.6,9,1,4052.4,16,2,4053.2,16,1,4053.4,65,1,4054.0,14,1,4054.4,39,3,4054.6,11,1
11483,2026-07-02 09:45:12+05:30,4053.1,2,4067.99,254455,93745.0,123453.0,4100.0,4110.0,4046.0,4092.6,22165325,4501.8,3683.4,4440.0,3288.1,4053.1,8,2,4053.0,6,1,4052.7,10,1,4052.6,9,1,4052.4,16,2,4053.2,16,1,4053.4,65,1,4054.0,14,1,4054.4,39,3,4054.6,11,1
11483,2026-07-02 09:45:12+05:30,4053.1,1,4067.99,254458,93731.0,123530.0,4100.0,4110.0,4046.0,4092.6,22165325,4501.8,3683.4,4440.0,3288.1,4053.1,5,2,4052.7,10,1,4052.6,9,1,4052.3,13,1,4052.2,11,1,4053.2,18,3,4053.4,65,1,4054.0,14,1,4054.3,11,1,4054.4,39,3
11483,2026-07-02 09:45:13+05:30,4053.1,1,4067.99,254458,93731.0,123530.0,4100.0,4110.0,4046.0,4092.6,22165325,4501.8,3683.4,4440.0,3288.1,4053.1,5,2,4052.7,10,1,4052.6,9,1,4052.3,13,1,4052.2,11,1,4053.2,18,3,4053.4,65,1,4054.0,14,1,4054.3,11,1,4054.4,39,3
11483,2026-07-02 09:45:13+05:30,4052.7,5,4067.99,254468,93711.0,123493.0,4100.0,4110.0,4046.0,4092.6,22165325,4501.8,3683.4,4440.0,3288.1,4052.7,5,1,4052.6,9,1,4052.3,25,2,4052.2,11,1,4052.0,151,8,4053.2,2,2,4053.7,16,1,4054.0,14,1,4054.3,16,2,4054.4,51,4
11483,2026-07-02 09:45:14+05:30,4052.7,1,4067.99,254468,93711.0,123493.0,4100.0,4110.0,4046.0,4092.6,22165325,4501.8,3683.4,4440.0,3288.1,4052.7,5,1,4052.6,9,1,4052.3,25,2,4052.2,11,1,4052.0,151,8,4053.2,2,2,4053.7,16,1,4054.0,14,1,4054.3,16,2,4054.4,51,4
11483,2026-07-02 09:45:15+05:30,4052.7,2,4067.99,254473,93365.0,123689.0,4100.0,4110.0,4046.0,4092.6,22165325,4501.8,3683.4,4440.0,3288.1,4052.0,139,7,4051.8,26,2,4051.7,21,2,4051.6,43,4,4051.5,83,7,4052.7,1,1,4053.0,10,1,4053.2,2,2,4053.6,4,1,4053.7,16,1
11483,2026-07-02 09:45:15+05:30,4052.7,2,4067.99,254473,93365.0,123689.0,4100.0,4110.0,4046.0,4092.6,22165325,4501.8,3683.4,4440.0,3288.1,4052.0,139,7,4051.8,26,2,4051.7,21,2,4051.6,43,4,4051.5,83,7,4052.7,1,1,4053.0,10,1,4053.2,2,2,4053.6,4,1,4053.7,16,1
11483,2026-07-02 09:45:16+05:30,4053.0,1,4067.99,254478,93201.0,123808.0,4100.0,4110.0,4046.0,4092.6,22165325,4501.8,3683.4,4440.0,3288.1,4052.0,122,6,4051.6,3,1,4051.5,68,6,4051.4,7,1,4051.3,120,5,4053.0,9,1,4053.2,2,2,4053.6,53,3,4053.7,17,2,4053.8,22,1
11483,2026-07-02 09:45:16+05:30,4053.9,101,4067.99,254478,93201.0,123808.0,4100.0,4110.0,4046.0,4092.6,22165325,4501.8,3683.4,4440.0,3288.1,4052.0,122,6,4051.6,3,1,4051.5,68,6,4051.4,7,1,4051.3,120,5,4053.0,9,1,4053.2,2,2,4053.6,53,3,4053.7,17,2,4053.8,22,1
11483,2026-07-02 09:45:17+05:30,4053.3,3,4067.97,254788,93106.0,123977.0,4100.0,4110.0,4046.0,4092.6,22165325,4501.8,3683.4,4440.0,3288.1,4052.0,120,6,4051.6,3,1,4051.5,47,4,4051.4,18,2,4051.3,120,5,4053.3,19,4,4053.4,25,2,4053.5,48,2,4053.6,32,1,4053.7,41,2
11483,2026-07-02 09:45:17+05:30,4053.3,3,4067.97,254788,93106.0,123977.0,4100.0,4110.0,4046.0,4092.6,22165325,4501.8,3683.4,4440.0,3288.1,4052.0,120,6,4051.6,3,1,4051.5,47,4,4051.4,18,2,4051.3,120,5,4053.3,19,4,4053.4,25,2,4053.5,48,2,4053.6,32,1,4053.7,41,2
11483,2026-07-02 09:45:18+05:30,4053.2,2,4067.97,254793,93112.0,124005.0,4100.0,4110.0,4046.0,4092.6,22165325,4501.8,3683.4,4440.0,3288.1,4052.0,120,6,4051.5,47,4,4051.4,18,2,4051.3,120,5,4051.2,24,2,4053.2,6,1,4053.3,30,5,4053.4,25,2,4053.5,48,2,4053.6,32,1
11483,2026-07-02 09:45:18+05:30,4053.2,2,4067.97,254793,93112.0,124005.0,4100.0,4110.0,4046.0,4092.6,22165325,4501.8,3683.4,4440.0,3288.1,4052.0,120,6,4051.5,47,4,4051.4,18,2,4051.3,120,5,4051.2,24,2,4053.2,6,1,4053.3,30,5,4053.4,25,2,4053.5,48,2,4053.6,32,1
11483,2026-07-02 09:45:19+05:30,4053.5,6,4067.96,254979,93445.0,123727.0,4100.0,4110.0,4046.0,4092.6,22165325,4501.8,3683.4,4440.0,3288.1,4052.0,193,11,4051.8,53,3,4051.7,89,3,4051.6,78,4,4051.5,50,5,4053.6,43,2,4053.8,32,1,4053.9,39,1,4054.0,50,2,4054.2,11,1
11483,2026-07-02 09:45:19+05:30,4053.5,6,4067.96,254979,93445.0,123727.0,4100.0,4110.0,4046.0,4092.6,22165325,4501.8,3683.4,4440.0,3288.1,4052.0,193,11,4051.8,53,3,4051.7,89,3,4051.6,78,4,4051.5,50,5,4053.6,43,2,4053.8,32,1,4053.9,39,1,4054.0,50,2,4054.2,11,1
11483,2026-07-02 09:45:20+05:30,4053.5,1,4067.96,254979,93445.0,123727.0,4100.0,4110.0,4046.0,4092.6,22165325,4501.8,3683.4,4440.0,3288.1,4052.0,193,11,4051.8,53,3,4051.7,89,3,4051.6,78,4,4051.5,50,5,4053.6,43,2,4053.8,32,1,4053.9,39,1,4054.0,50,2,4054.2,11,1
11483,2026-07-02 09:45:20+05:30,4053.5,1,4067.96,254980,93396.0,123909.0,4100.0,4110.0,4046.0,4092.6,22165325,4501.8,3683.4,4440.0,3288.1,4052.0,109,6,4051.8,24,2,4051.7,89,3,4051.6,78,4,4051.5,47,4,4053.3,11,1,4053.4,70,3,4053.5,15,4,4053.6,78,3,4053.7,21,1
11483,2026-07-02 09:45:21+05:30,4052.0,5,4067.96,254980,93396.0,123909.0,4100.0,4110.0,4046.0,4092.6,22165325,4501.8,3683.4,4440.0,3288.1,4052.0,109,6,4051.8,24,2,4051.7,89,3,4051.6,78,4,4051.5,47,4,4053.3,11,1,4053.4,70,3,4053.5,15,4,4053.6,78,3,4053.7,21,1
11483,2026-07-02 09:45:21+05:30,4052.0,5,4067.96,254985,93312.0,123924.0,4100.0,4110.0,4046.0,4092.6,22165325,4501.8,3683.4,4440.0,3288.1,4052.0,104,6,4051.9,12,1,4051.8,24,2,4051.7,41,2,4051.6,30,3,4053.3,11,1,4053.4,70,3,4053.5,15,4,4053.6,43,2,4053.8,32,1
11483,2026-07-02 09:45:22+05:30,4053.4,1,4067.96,254985,93312.0,123924.0,4100.0,4110.0,4046.0,4092.6,22165325,4501.8,3683.4,4440.0,3288.1,4052.0,104,6,4051.9,12,1,4051.8,24,2,4051.7,41,2,4051.6,30,3,4053.3,11,1,4053.4,70,3,4053.5,15,4,4053.6,43,2,4053.8,32,1
11483,2026-07-02 09:45:22+05:30,4053.4,1,4067.96,254987,93519.0,123920.0,4100.0,4110.0,4046.0,4092.6,22165325,4501.8,3683.4,4440.0,3288.1,4052.0,137,8,4051.9,35,1,4051.8,35,3,4051.7,82,4,4051.6,29,3,4053.4,11,2,4053.5,15,4,4053.6,43,2,4053.8,32,1,4053.9,39,1
11483,2026-07-02 09:45:23+05:30,4053.5,2,4067.96,254987,93519.0,123920.0,4100.0,4110.0,4046.0,4092.6,22165325,4501.8,3683.4,4440.0,3288.1,4052.0,137,8,4051.9,35,1,4051.8,35,3,4051.7,82,4,4051.6,29,3,4053.4,11,2,4053.5,15,4,4053.6,43,2,4053.8,32,1,4053.9,39,1
11483,2026-07-02 09:45:23+05:30,4053.5,2,4067.96,255039,93452.0,123721.0,4100.0,4110.0,4046.0,4092.6,22165325,4501.8,3683.4,4440.0,3288.1,4052.1,64,3,4052.0,130,8,4051.8,48,4,4051.7,41,2,4051.6,49,3,4053.5,24,4,4053.6,11,1,4053.8,72,4,4054.2,25,1,4054.3,62,2
11483,2026-07-02 09:45:24+05:30,4053.4,10,4067.96,255039,93452.0,123721.0,4100.0,4110.0,4046.0,4092.6,22165325,4501.8,3683.4,4440.0,3288.1,4052.1,64,3,4052.0,130,8,4051.8,48,4,4051.7,41,2,4051.6,49,3,4053.5,24,4,4053.6,11,1,4053.8,72,4,4054.2,25,1,4054.3,62,2
11483,2026-07-02 09:45:24+05:30,4053.7,80,4067.95,255156,93787.0,123172.0,4100.0,4110.0,4046.0,4092.6,22165325,4501.8,3683.4,4440.0,3288.1,4052.2,41,3,4052.1,52,2,4052.0,124,8,4051.9,3,1,4051.8,49,4,4053.4,29,2,4053.5,22,2,4053.6,29,2,4053.8,32,1,4054.1,4,1
11483,2026-07-02 09:45:25+05:30,4053.1,9,4067.95,255156,93787.0,123172.0,4100.0,4110.0,4046.0,4092.6,22165325,4501.8,3683.4,4440.0,3288.1,4052.2,41,3,4052.1,52,2,4052.0,124,8,4051.9,3,1,4051.8,49,4,4053.4,29,2,4053.5,22,2,4053.6,29,2,4053.8,32,1,4054.1,4,1
11483,2026-07-02 09:45:25+05:30,4053.1,9,4067.95,255232,93437.0,124123.0,4100.0,4110.0,4046.0,4092.6,22165325,4501.8,3683.4,4440.0,3288.1,4052.0,86,8,4051.8,24,2,4051.7,17,1,4051.6,26,2,4051.5,40,4,4052.9,11,1,4053.0,22,2,4053.1,24,4,4053.2,33,3,4053.3,4,1
11483,2026-07-02 09:45:26+05:30,4051.8,8,4067.95,255232,93437.0,124123.0,4100.0,4110.0,4046.0,4092.6,22165325,4501.8,3683.4,4440.0,3288.1,4052.0,86,8,4051.8,24,2,4051.7,17,1,4051.6,26,2,4051.5,40,4,4052.9,11,1,4053.0,22,2,4053.1,24,4,4053.2,33,3,4053.3,4,1
11483,2026-07-02 09:45:26+05:30,4051.3,2,4067.86,256850,93001.0,125000.0,4100.0,4110.0,4046.0,4092.6,22165325,4501.8,3683.4,4440.0,3288.1,4051.3,88,2,4051.2,12,1,4051.1,19,3,4051.0,837,13,4050.9,42,5,4051.8,116,3,4053.0,18,1,4053.1,4,1,4053.2,73,2,4053.3,16,1
11483,2026-07-02 09:45:27+05:30,4051.3,9,4067.86,256850,93001.0,125000.0,4100.0,4110.0,4046.0,4092.6,22165325,4501.8,3683.4,4440.0,3288.1,4051.3,88,2,4051.2,12,1,4051.1,19,3,4051.0,837,13,4050.9,42,5,4051.8,116,3,4053.0,18,1,4053.1,4,1,4053.2,73,2,4053.3,16,1
11483,2026-07-02 09:45:27+05:30,4051.3,1,4067.86,256862,92759.0,125116.0,4100.0,4110.0,4046.0,4092.6,22165325,4501.8,3683.4,4440.0,3288.1,4051.3,76,2,4051.1,8,2,4051.0,837,13,4050.9,30,4,4050.8,43,4,4051.8,116,3,4053.0,18,1,4053.1,51,2,4053.2,73,2,4053.3,16,1
11483,2026-07-02 09:45:28+05:30,4051.2,16,4067.86,256862,92759.0,125116.0,4100.0,4110.0,4046.0,4092.6,22165325,4501.8,3683.4,4440.0,3288.1,4051.3,76,2,4051.1,8,2,4051.0,837,13,4050.9,30,4,4050.8,43,4,4051.8,116,3,4053.0,18,1,4053.1,51,2,4053.2,73,2,4053.3,16,1
11483,2026-07-02 09:45:28+05:30,4051.2,16,4067.85,256954,92281.0,125353.0,4100.0,4110.0,4046.0,4092.6,22165325,4501.8,3683.4,4440.0,3288.1,4051.1,8,2,4051.0,832,12,4050.9,11,2,4050.8,32,3,4050.6,85,4,4051.2,2,2,4051.3,98,1,4051.8,25,2,4052.5,19,1,4052.6,36,1
11483,2026-07-02 09:45:30+05:30,4051.1,4,4067.85,256972,92159.0,125240.0,4100.0,4110.0,4046.0,4092.6,22165325,4501.8,3683.4,4440.0,3288.1,4051.0,832,12,4050.9,11,2,4050.8,32,3,4050.6,85,4,4050.5,19,4,4051.2,100,3,4051.8,25,2,4052.6,36,1,4052.7,61,1,4052.8,4,1
11483,2026-07-02 09:45:30+05:30,4051.1,4,4067.85,256972,92159.0,125240.0,4100.0,4110.0,4046.0,4092.6,22165325,4501.8,3683.4,4440.0,3288.1,4051.0,832,12,4050.9,11,2,4050.8,32,3,4050.6,85,4,4050.5,19,4,4051.2,100,3,4051.8,25,2,4052.6,36,1,4052.7,61,1,4052.8,4,1
11483,2026-07-02 09:45:31+05:30,4051.2,3,4067.85,256978,92168.0,125546.0,4100.0,4110.0,4046.0,4092.6,22165325,4501.8,3683.4,4440.0,3288.1,4051.0,832,12,4050.9,11,2,4050.8,32,3,4050.6,85,4,4050.5,19,4,4051.2,332,4,4051.8,25,2,4052.6,158,2,4052.7,61,1,4052.8,4,1
11483,2026-07-02 09:45:31+05:30,4051.2,3,4067.85,256978,92168.0,125546.0,4100.0,4110.0,4046.0,4092.6,22165325,4501.8,3683.4,4440.0,3288.1,4051.0,832,12,4050.9,11,2,4050.8,32,3,4050.6,85,4,4050.5,19,4,4051.2,332,4,4051.8,25,2,4052.6,158,2,4052.7,61,1,4052.8,4,1
11483,2026-07-02 09:45:32+05:30,4051.0,27,4067.83,257256,92080.0,125009.0,4100.0,4110.0,4046.0,4092.6,22165325,4501.8,3683.4,4440.0,3288.1,4051.0,616,14,4050.9,10,1,4050.8,32,3,4050.7,15,2,4050.6,102,5,4051.2,332,4,4052.4,5,1,4052.6,158,2,4052.7,61,1,4052.8,15,2
11483,2026-07-02 09:45:32+05:30,4051.0,4,4067.83,257256,92080.0,125009.0,4100.0,4110.0,4046.0,4092.6,22165325,4501.8,3683.4,4440.0,3288.1,4051.0,616,14,4050.9,10,1,4050.8,32,3,4050.7,15,2,4050.6,102,5,4051.2,332,4,4052.4,5,1,4052.6,158,2,4052.7,61,1,4052.8,15,2
11483,2026-07-02 09:45:33+05:30,4049.1,10,4067.56,261268,85931.0,126042.0,4100.0,4110.0,4046.0,4092.6,22165325,4501.8,3683.4,4440.0,3288.1,4049.0,83,14,4048.8,66,4,4048.7,25,1,4048.5,1,1,4048.4,13,1,4049.3,11,1,4049.4,37,4,4049.5,11,1,4049.6,22,2,4049.7,9,1
11483,2026-07-02 09:45:33+05:30,4049.1,10,4067.56,261268,85931.0,126042.0,4100.0,4110.0,4046.0,4092.6,22165325,4501.8,3683.4,4440.0,3288.1,4049.0,83,14,4048.8,66,4,4048.7,25,1,4048.5,1,1,4048.4,13,1,4049.3,11,1,4049.4,37,4,4049.5,11,1,4049.6,22,2,4049.7,9,1
11483,2026-07-02 09:45:34+05:30,4049.0,10,4067.54,261571,85288.0,126578.0,4100.0,4110.0,4046.0,4092.6,22165325,4501.8,3683.4,4440.0,3288.1,4048.8,66,4,4048.7,25,1,4048.5,1,1,4048.2,13,1,4048.1,25,2,4049.1,44,4,4049.7,9,1,4049.8,15,1,4050.0,30,3,4050.2,30,3
11483,2026-07-02 09:45:34+05:30,4049.0,10,4067.54,261571,85288.0,126578.0,4100.0,4110.0,4046.0,4092.6,22165325,4501.8,3683.4,4440.0,3288.1,4048.8,66,4,4048.7,25,1,4048.5,1,1,4048.2,13,1,4048.1,25,2,4049.1,44,4,4049.7,9,1,4049.8,15,1,4050.0,30,3,4050.2,30,3
11483,2026-07-02 09:45:35+05:30,4049.0,2,4067.54,261571,85288.0,126578.0,4100.0,4110.0,4046.0,4092.6,22165325,4501.8,3683.4,4440.0,3288.1,4048.8,66,4,4048.7,25,1,4048.5,1,1,4048.2,13,1,4048.1,25,2,4049.1,44,4,4049.7,9,1,4049.8,15,1,4050.0,30,3,4050.2,30,3
11483,2026-07-02 09:45:35+05:30,4049.0,1,4067.54,261631,85668.0,126971.0,4100.0,4110.0,4046.0,4092.6,22165325,4501.8,3683.4,4440.0,3288.1,4048.8,66,4,4048.7,25,1,4048.5,1,1,4048.1,25,2,4048.0,473,28,4049.0,7,3,4049.1,44,4,4049.8,15,1,4050.0,30,3,4050.2,35,4
11483,2026-07-02 09:45:36+05:30,4049.0,3,4067.54,261631,85668.0,126971.0,4100.0,4110.0,4046.0,4092.6,22165325,4501.8,3683.4,4440.0,3288.1,4048.8,66,4,4048.7,25,1,4048.5,1,1,4048.1,25,2,4048.0,473,28,4049.0,7,3,4049.1,44,4,4049.8,15,1,4050.0,30,3,4050.2,35,4
11483,2026-07-02 09:45:36+05:30,4049.0,1,4067.52,261834,87157.0,127192.0,4100.0,4110.0,4046.0,4092.6,22165325,4501.8,3683.4,4440.0,3288.1,4048.5,2,2,4048.1,25,2,4048.0,455,27,4047.7,1,1,4047.6,29,4,4049.0,15,6,4049.1,44,4,4049.7,17,2,4049.9,18,1,4050.0,81,4
11483,2026-07-02 09:45:37+05:30,4049.0,2,4067.52,261834,87157.0,127192.0,4100.0,4110.0,4046.0,4092.6,22165325,4501.8,3683.4,4440.0,3288.1,4048.5,2,2,4048.1,25,2,4048.0,455,27,4047.7,1,1,4047.6,29,4,4049.0,15,6,4049.1,44,4,4049.7,17,2,4049.9,18,1,4050.0,81,4
11483,2026-07-02 09:45:37+05:30,4049.0,2,4067.5,262109,87108.0,127610.0,4100.0,4110.0,4046.0,4092.6,22165325,4501.8,3683.4,4440.0,3288.1,4048.0,382,22,4047.7,36,3,4047.6,39,5,4047.5,69,5,4047.3,69,4,4049.0,4,1,4049.1,44,4,4049.7,2,1,4049.9,6,1,4050.0,18,2
11483,2026-07-02 09:45:38+05:30,4048.0,12,4067.5,262109,87108.0,127610.0,4100.0,4110.0,4046.0,4092.6,22165325,4501.8,3683.4,4440.0,3288.1,4048.0,382,22,4047.7,36,3,4047.6,39,5,4047.5,69,5,4047.3,69,4,4049.0,4,1,4049.1,44,4,4049.7,2,1,4049.9,6,1,4050.0,18,2
11483,2026-07-02 09:45:38+05:30,4047.7,1,4067.47,262503,85684.0,127682.0,4100.0,4110.0,4046.0,4092.6,22165325,4501.8,3683.4,4440.0,3288.1,4047.6,1,1,4047.5,5,1,4047.3,12,1,4047.1,13,2,4047.0,1714,24,4047.7,10,2,4048.0,37,5,4049.0,6,3,4049.6,63,2,4049.7,46,2
11483,2026-07-02 09:45:39+05:30,4047.7,1,4067.47,262503,85684.0,127682.0,4100.0,4110.0,4046.0,4092.6,22165325,4501.8,3683.4,4440.0,3288.1,4047.6,1,1,4047.5,5,1,4047.3,12,1,4047.1,13,2,4047.0,1714,24,4047.7,10,2,4048.0,37,5,4049.0,6,3,4049.6,63,2,4049.7,46,2
11483,2026-07-02 09:45:39+05:30,4047.7,1,4067.47,262503,85694.0,127689.0,4100.0,4110.0,4046.0,4092.6,22165325,4501.8,3683.4,4440.0,3288.1,4047.6,1,1,4047.5,5,1,4047.3,12,1,4047.1,13,2,4047.0,1714,24,4047.7,10,2,4048.0,37,5,4049.0,6,3,4049.6,63,2,4049.7,46,2
11483,2026-07-02 09:45:40+05:30,4047.7,2,4067.47,262503,85694.0,127689.0,4100.0,4110.0,4046.0,4092.6,22165325,4501.8,3683.4,4440.0,3288.1,4047.6,1,1,4047.5,5,1,4047.3,12,1,4047.1,13,2,4047.0,1714,24,4047.7,10,2,4048.0,37,5,4049.0,6,3,4049.6,63,2,4049.7,46,2
11483,2026-07-02 09:45:40+05:30,4048.8,3,4067.44,263010,86597.0,127244.0,4100.0,4110.0,4046.0,4092.6,22165325,4501.8,3683.4,4440.0,3288.1,4047.8,77,5,4047.7,63,3,4047.6,43,4,4047.5,55,3,4047.4,73,4,4048.8,56,2,4049.0,44,1,4049.5,3,1,4049.6,54,3,4049.7,33,1
11483,2026-07-02 09:45:41+05:30,4047.8,12,4067.44,263010,86597.0,127244.0,4100.0,4110.0,4046.0,4092.6,22165325,4501.8,3683.4,4440.0,3288.1,4047.8,77,5,4047.7,63,3,4047.6,43,4,4047.5,55,3,4047.4,73,4,4048.8,56,2,4049.0,44,1,4049.5,3,1,4049.6,54,3,4049.7,33,1
11483,2026-07-02 09:45:42+05:30,4048.6,2,4067.44,263035,86704.0,127303.0,4100.0,4110.0,4046.0,4092.6,22165325,4501.8,3683.4,4440.0,3288.1,4047.7,25,2,4047.6,24,3,4047.5,86,4,4047.4,32,2,4047.3,37,2,4048.6,1,1,4048.8,46,1,4049.0,44,1,4049.5,3,1,4049.6,54,3
11483,2026-07-02 09:45:42+05:30,4047.3,12,4067.44,263035,86704.0,127303.0,4100.0,4110.0,4046.0,4092.6,22165325,4501.8,3683.4,4440.0,3288.1,4047.7,25,2,4047.6,24,3,4047.5,86,4,4047.4,32,2,4047.3,37,2,4048.6,1,1,4048.8,46,1,4049.0,44,1,4049.5,3,1,4049.6,54,3
11483,2026-07-02 09:45:43+05:30,4049.2,5,4067.42,263267,86752.0,127450.0,4100.0,4110.0,4046.0,4092.6,22165325,4501.8,3683.4,4440.0,3288.1,4048.0,25,1,4047.8,36,1,4047.7,37,3,4047.5,13,2,4047.4,41,3,4049.2,20,4,4049.3,3,1,4049.4,60,4,4049.5,3,1,4049.6,54,3
11483,2026-07-02 09:45:43+05:30,4049.2,5,4067.42,263267,86752.0,127450.0,4100.0,4110.0,4046.0,4092.6,22165325,4501.8,3683.4,4440.0,3288.1,4048.0,25,1,4047.8,36,1,4047.7,37,3,4047.5,13,2,4047.4,41,3,4049.2,20,4,4049.3,3,1,4049.4,60,4,4049.5,3,1,4049.6,54,3
11483,2026-07-02 09:45:44+05:30,4049.2,5,4067.42,263272,87101.0,127458.0,4100.0,4110.0,4046.0,4092.6,22165325,4501.8,3683.4,4440.0,3288.1,4048.0,26,2,4047.8,74,3,4047.7,77,6,4047.5,13,2,4047.4,28,3,4049.0,50,1,4049.2,13,4,4049.4,47,2,4049.6,54,3,4049.9,27,3
11483,2026-07-02 09:45:44+05:30,4049.2,5,4067.42,263272,87101.0,127458.0,4100.0,4110.0,4046.0,4092.6,22165325,4501.8,3683.4,4440.0,3288.1,4048.0,26,2,4047.8,74,3,4047.7,77,6,4047.5,13,2,4047.4,28,3,4049.0,50,1,4049.2,13,4,4049.4,47,2,4049.6,54,3,4049.9,27,3
11483,2026-07-02 09:45:45+05:30,4049.0,15,4067.42,263272,87101.0,127458.0,4100.0,4110.0,4046.0,4092.6,22165325,4501.8,3683.4,4440.0,3288.1,4048.0,26,2,4047.8,74,3,4047.7,77,6,4047.5,13,2,4047.4,28,3,4049.0,50,1,4049.2,13,4,4049.4,47,2,4049.6,54,3,4049.9,27,3
11483,2026-07-02 09:45:45+05:30,4049.0,15,4067.42,263297,87124.0,127459.0,4100.0,4110.0,4046.0,4092.6,22165325,4501.8,3683.4,4440.0,3288.1,4048.0,38,3,4047.8,97,4,4047.7,65,5,4047.6,12,1,4047.5,13,2,4049.0,26,2,4049.2,13,4,4049.4,47,2,4049.6,51,2,4049.9,27,3
11483,2026-07-02 09:45:46+05:30,4048.0,3,4067.42,263297,87124.0,127459.0,4100.0,4110.0,4046.0,4092.6,22165325,4501.8,3683.4,4440.0,3288.1,4048.0,38,3,4047.8,97,4,4047.7,65,5,4047.6,12,1,4047.5,13,2,4049.0,26,2,4049.2,13,4,4049.4,47,2,4049.6,51,2,4049.9,27,3
11483,2026-07-02 09:45:46+05:30,4048.0,3,4067.4,263536,87457.0,127116.0,4100.0,4110.0,4046.0,4092.6,22165325,4501.8,3683.4,4440.0,3288.1,4048.0,26,3,4047.9,118,7,4047.8,22,2,4047.7,35,4,4047.6,21,3,4049.4,26,1,4049.6,44,1,4049.9,19,1,4050.0,49,3,4050.2,18,3
11483,2026-07-02 09:45:47+05:30,4048.1,2,4067.4,263536,87457.0,127116.0,4100.0,4110.0,4046.0,4092.6,22165325,4501.8,3683.4,4440.0,3288.1,4048.0,26,3,4047.9,118,7,4047.8,22,2,4047.7,35,4,4047.6,21,3,4049.4,26,1,4049.6,44,1,4049.9,19,1,4050.0,49,3,4050.2,18,3
11483,2026-07-02 09:45:47+05:30,4048.1,2,4067.4,263554,87556.0,127078.0,4100.0,4110.0,4046.0,4092.6,22165325,4501.8,3683.4,4440.0,3288.1,4048.1,1,1,4048.0,27,4,4047.9,95,6,4047.8,45,3,4047.7,36,5,4049.4,26,1,4049.6,44,1,4049.9,19,1,4050.0,49,3,4050.2,18,3
11483,2026-07-02 09:45:48+05:30,4048.3,6,4067.4,263554,87556.0,127078.0,4100.0,4110.0,4046.0,4092.6,22165325,4501.8,3683.4,4440.0,3288.1,4048.1,1,1,4048.0,27,4,4047.9,95,6,4047.8,45,3,4047.7,36,5,4049.4,26,1,4049.6,44,1,4049.9,19,1,4050.0,49,3,4050.2,18,3
11483,2026-07-02 09:45:48+05:30,4048.3,6,4067.39,263617,87404.0,126742.0,4100.0,4110.0,4046.0,4092.6,22165325,4501.8,3683.4,4440.0,3288.1,4048.3,6,1,4048.0,54,2,4047.9,89,6,4047.8,24,2,4047.7,35,5,4049.6,44,1,4049.9,19,1,4050.0,54,4,4050.2,18,3,4050.3,3,1
11483,2026-07-02 09:45:49+05:30,4049.6,18,4067.39,263617,87404.0,126742.0,4100.0,4110.0,4046.0,4092.6,22165325,4501.8,3683.4,4440.0,3288.1,4048.3,6,1,4048.0,54,2,4047.9,89,6,4047.8,24,2,4047.7,35,5,4049.6,44,1,4049.9,19,1,4050.0,54,4,4050.2,18,3,4050.3,3,1
11483,2026-07-02 09:45:49+05:30,4049.6,18,4067.39,263641,87415.0,126714.0,4100.0,4110.0,4046.0,4092.6,22165325,4501.8,3683.4,4440.0,3288.1,4048.3,5,1,4048.1,55,2,4048.0,37,2,4047.9,67,6,4047.8,12,1,4049.6,23,3,4049.9,19,1,4050.0,54,4,4050.2,18,3,4050.3,3,1
11483,2026-07-02 09:45:50+05:30,4048.1,3,4067.39,263641,87415.0,126714.0,4100.0,4110.0,4046.0,4092.6,22165325,4501.8,3683.4,4440.0,3288.1,4048.3,5,1,4048.1,55,2,4048.0,37,2,4047.9,67,6,4047.8,12,1,4049.6,23,3,4049.9,19,1,4050.0,54,4,4050.2,18,3,4050.3,3,1
11483,2026-07-02 09:45:50+05:30,4048.1,3,4067.39,263645,87496.0,127720.0,4100.0,4110.0,4046.0,4092.6,22165325,4501.8,3683.4,4440.0,3288.1,4048.1,40,2,4048.0,60,3,4047.9,34,3,4047.8,27,2,4047.7,135,6,4049.4,11,1,4049.5,11,1,4049.6,22,3,4049.8,15,1,4049.9,86,2
11483,2026-07-02 09:45:51+05:30,4047.9,13,4067.39,263645,87496.0,127720.0,4100.0,4110.0,4046.0,4092.6,22165325,4501.8,3683.4,4440.0,3288.1,4048.1,40,2,4048.0,60,3,4047.9,34,3,4047.8,27,2,4047.7,135,6,4049.4,11,1,4049.5,11,1,4049.6,22,3,4049.8,15,1,4049.9,86,2
11483,2026-07-02 09:45:51+05:30,4047.9,1,4067.38,263875,87267.0,127448.0,4100.0,4110.0,4046.0,4092.6,22165325,4501.8,3683.4,4440.0,3288.1,4048.0,100,7,4047.9,159,8,4047.8,53,6,4047.7,155,6,4047.6,34,4,4049.4,11,1,4049.6,22,3,4049.8,15,1,4049.9,86,2,4050.0,116,4
11483,2026-07-02 09:45:52+05:30,4049.4,1,4067.38,263875,87267.0,127448.0,4100.0,4110.0,4046.0,4092.6,22165325,4501.8,3683.4,4440.0,3288.1,4048.0,100,7,4047.9,159,8,4047.8,53,6,4047.7,155,6,4047.6,34,4,4049.4,11,1,4049.6,22,3,4049.8,15,1,4049.9,86,2,4050.0,116,4
11483,2026-07-02 09:45:52+05:30,4047.9,5,4067.34,264361,86522.0,128304.0,4100.0,4110.0,4046.0,4092.6,22165325,4501.8,3683.4,4440.0,3288.1,4047.7,118,4,4047.4,1,1,4047.1,25,3,4047.0,1678,23,4046.8,13,2,4048.4,11,1,4048.5,11,1,4048.6,24,1,4048.8,39,2,4048.9,30,3
11483,2026-07-02 09:45:53+05:30,4047.9,5,4067.34,264361,86522.0,128304.0,4100.0,4110.0,4046.0,4092.6,22165325,4501.8,3683.4,4440.0,3288.1,4047.7,118,4,4047.4,1,1,4047.1,25,3,4047.0,1678,23,4046.8,13,2,4048.4,11,1,4048.5,11,1,4048.6,24,1,4048.8,39,2,4048.9,30,3
11483,2026-07-02 09:45:53+05:30,4047.9,8,4067.34,264388,86808.0,127778.0,4100.0,4110.0,4046.0,4092.6,22165325,4501.8,3683.4,4440.0,3288.1,4047.7,118,4,4047.5,17,1,4047.4,39,3,4047.2,5,1,4047.1,139,7,4048.6,24,1,4048.8,26,1,4049.0,28,1,4049.2,51,2,4049.4,34,3
11483,2026-07-02 09:45:54+05:30,4049.0,4,4067.34,264388,86808.0,127778.0,4100.0,4110.0,4046.0,4092.6,22165325,4501.8,3683.4,4440.0,3288.1,4047.7,118,4,4047.5,17,1,4047.4,39,3,4047.2,5,1,4047.1,139,7,4048.6,24,1,4048.8,26,1,4049.0,28,1,4049.2,51,2,4049.4,34,3
11483,2026-07-02 09:45:54+05:30,4049.0,3,4067.34,264412,87116.0,127731.0,4100.0,4110.0,4046.0,4092.6,22165325,4501.8,3683.4,4440.0,3288.1,4047.7,118,4,4047.5,197,4,4047.4,24,3,4047.2,67,4,4047.1,120,8,4049.0,10,3,4049.2,51,2,4049.4,34,3,4049.5,3,1,4049.6,19,3
11483,2026-07-02 09:45:55+05:30,4049.0,3,4067.34,264412,87116.0,127731.0,4100.0,4110.0,4046.0,4092.6,22165325,4501.8,3683.4,4440.0,3288.1,4047.7,118,4,4047.5,197,4,4047.4,24,3,4047.2,67,4,4047.1,120,8,4049.0,10,3,4049.2,51,2,4049.4,34,3,4049.5,3,1,4049.6,19,3
11483,2026-07-02 09:45:56+05:30,4047.7,1,4067.34,264431,87098.0,127737.0,4100.0,4110.0,4046.0,4092.6,22165325,4501.8,3683.4,4440.0,3288.1,4047.7,99,1,4047.5,197,4,4047.4,24,3,4047.2,67,4,4047.1,120,8,4049.0,10,3,4049.2,51,2,4049.4,34,3,4049.5,3,1,4049.6,19,3
11483,2026-07-02 09:45:56+05:30,4049.6,70,4067.34,264431,87098.0,127737.0,4100.0,4110.0,4046.0,4092.6,22165325,4501.8,3683.4,4440.0,3288.1,4047.7,99,1,4047.5,197,4,4047.4,24,3,4047.2,67,4,4047.1,120,8,4049.0,10,3,4049.2,51,2,4049.4,34,3,4049.5,3,1,4049.6,19,3
11483,2026-07-02 09:45:57+05:30,4049.7,21,4067.32,264740,87215.0,127402.0,4100.0,4110.0,4046.0,4092.6,22165325,4501.8,3683.4,4440.0,3288.1,4047.8,223,2,4047.7,119,3,4047.6,7,1,4047.5,180,2,4047.4,25,3,4049.2,10,1,4049.3,26,2,4049.4,14,1,4049.5,32,1,4049.6,14,1
11483,2026-07-02 09:45:57+05:30,4049.7,21,4067.32,264740,87215.0,127402.0,4100.0,4110.0,4046.0,4092.6,22165325,4501.8,3683.4,4440.0,3288.1,4047.8,223,2,4047.7,119,3,4047.6,7,1,4047.5,180,2,4047.4,25,3,4049.2,10,1,4049.3,26,2,4049.4,14,1,4049.5,32,1,4049.6,14,1
11483,2026-07-02 09:45:58+05:30,4049.1,20,4067.31,264813,87491.0,127459.0,4100.0,4110.0,4046.0,4092.6,22165325,4501.8,3683.4,4440.0,3288.1,4048.3,1,1,4047.8,122,1,4047.7,98,1,4047.6,7,1,4047.5,180,2,4049.1,8,1,4049.3,26,2,4049.4,14,1,4049.5,32,1,4049.6,14,1
11483,2026-07-02 09:45:58+05:30,4049.1,20,4067.31,264813,87491.0,127459.0,4100.0,4110.0,4046.0,4092.6,22165325,4501.8,3683.4,4440.0,3288.1,4048.3,1,1,4047.8,122,1,4047.7,98,1,4047.6,7,1,4047.5,180,2,4049.1,8,1,4049.3,26,2,4049.4,14,1,4049.5,32,1,4049.6,14,1
11483,2026-07-02 09:45:59+05:30,4047.8,25,4067.31,264813,87491.0,127459.0,4100.0,4110.0,4046.0,4092.6,22165325,4501.8,3683.4,4440.0,3288.1,4048.3,1,1,4047.8,122,1,4047.7,98,1,4047.6,7,1,4047.5,180,2,4049.1,8,1,4049.3,26,2,4049.4,14,1,4049.5,32,1,4049.6,14,1
11483,2026-07-02 09:45:59+05:30,4047.8,25,4067.31,264845,87502.0,127176.0,4100.0,4110.0,4046.0,4092.6,22165325,4501.8,3683.4,4440.0,3288.1,4047.8,91,1,4047.7,305,3,4047.6,38,2,4047.5,30,3,4047.4,26,3,4049.1,10,3,4049.3,26,2,4049.4,14,1,4049.5,32,1,4049.6,14,1
11483,2026-07-02 09:46:00+05:30,4047.8,10,4067.31,264845,87502.0,127176.0,4100.0,4110.0,4046.0,4092.6,22165325,4501.8,3683.4,4440.0,3288.1,4047.8,91,1,4047.7,305,3,4047.6,38,2,4047.5,30,3,4047.4,26,3,4049.1,10,3,4049.3,26,2,4049.4,14,1,4049.5,32,1,4049.6,14,1
11483,2026-07-02 09:46:00+05:30,4047.8,10,4067.31,264859,87687.0,127146.0,4100.0,4110.0,4046.0,4092.6,22165325,4501.8,3683.4,4440.0,3288.1,4048.1,55,5,4048.0,17,2,4047.9,109,6,4047.8,100,3,4047.7,329,5,4049.1,2,2,4049.5,32,1,4049.7,3,2,4049.8,9,1,4049.9,14,1
11483,2026-07-02 09:46:01+05:30,4049.1,2,4067.31,264859,87687.0,127146.0,4100.0,4110.0,4046.0,4092.6,22165325,4501.8,3683.4,4440.0,3288.1,4048.1,55,5,4048.0,17,2,4047.9,109,6,4047.8,100,3,4047.7,329,5,4049.1,2,2,4049.5,32,1,4049.7,3,2,4049.8,9,1,4049.9,14,1
11483,2026-07-02 09:46:01+05:30,4050.0,4,4067.3,264915,88153.0,126663.0,4100.0,4110.0,4046.0,4092.6,22165325,4501.8,3683.4,4440.0,3288.1,4049.0,44,5,4048.9,5,1,4048.6,37,6,4048.5,17,2,4048.4,16,2,4050.0,110,3,4050.2,72,1,4050.3,212,1,4050.7,1,1,4051.0,141,2
11483,2026-07-02 09:46:02+05:30,4050.0,1,4067.3,264915,88153.0,126663.0,4100.0,4110.0,4046.0,4092.6,22165325,4501.8,3683.4,4440.0,3288.1,4049.0,44,5,4048.9,5,1,4048.6,37,6,4048.5,17,2,4048.4,16,2,4050.0,110,3,4050.2,72,1,4050.3,212,1,4050.7,1,1,4051.0,141,2
11483,2026-07-02 09:46:02+05:30,4050.0,1,4067.3,264916,88189.0,126802.0,4100.0,4110.0,4046.0,4092.6,22165325,4501.8,3683.4,4440.0,3288.1,4049.0,41,4,4048.9,5,1,4048.6,114,7,4048.5,17,2,4048.4,16,2,4050.0,111,5,4050.2,72,1,4050.3,212,1,4050.7,1,1,4051.0,141,2
11483,2026-07-02 09:46:03+05:30,4050.0,3,4067.3,264916,88189.0,126802.0,4100.0,4110.0,4046.0,4092.6,22165325,4501.8,3683.4,4440.0,3288.1,4049.0,41,4,4048.9,5,1,4048.6,114,7,4048.5,17,2,4048.4,16,2,4050.0,111,5,4050.2,72,1,4050.3,212,1,4050.7,1,1,4051.0,141,2
11483,2026-07-02 09:46:03+05:30,4050.0,3,4067.29,265034,88229.0,126721.0,4100.0,4110.0,4046.0,4092.6,22165325,4501.8,3683.4,4440.0,3288.1,4049.0,10,1,4048.6,166,8,4048.5,73,4,4048.4,5,1,4048.3,12,1,4050.0,108,5,4050.2,72,1,4050.3,214,2,4051.0,141,2,4051.1,11,1
11483,2026-07-02 09:46:04+05:30,4050.0,3,4067.29,265034,88226.0,126774.0,4100.0,4110.0,4046.0,4092.6,22165325,4501.8,3683.4,4440.0,3288.1,4049.0,62,5,4048.6,130,6,4048.5,85,5,4048.4,30,2,4048.3,12,1,4050.0,110,7,4050.2,72,1,4050.3,214,2,4051.0,146,3,4051.1,11,1
11483,2026-07-02 09:46:05+05:30,4050.0,1,4067.29,265034,88226.0,126774.0,4100.0,4110.0,4046.0,4092.6,22165325,4501.8,3683.4,4440.0,3288.1,4049.0,62,5,4048.6,130,6,4048.5,85,5,4048.4,30,2,4048.3,12,1,4050.0,110,7,4050.2,72,1,4050.3,214,2,4051.0,146,3,4051.1,11,1
11483,2026-07-02 09:46:05+05:30,4049.0,19,4067.28,265221,88251.0,126793.0,4100.0,4110.0,4046.0,4092.6,22165325,4501.8,3683.4,4440.0,3288.1,4049.0,19,2,4048.6,108,5,4048.5,63,3,4048.4,41,3,4048.3,12,1,4050.0,122,5,4050.2,72,1,4050.3,214,2,4050.9,3,1,4051.0,141,2
11483,2026-07-02 09:46:06+05:30,4049.0,3,4067.28,265221,88251.0,126793.0,4100.0,4110.0,4046.0,4092.6,22165325,4501.8,3683.4,4440.0,3288.1,4049.0,19,2,4048.6,108,5,4048.5,63,3,4048.4,41,3,4048.3,12,1,4050.0,122,5,4050.2,72,1,4050.3,214,2,4050.9,3,1,4051.0,141,2
11483,2026-07-02 09:46:06+05:30,4049.0,1,4067.28,265254,88450.0,127165.0,4100.0,4110.0,4046.0,4092.6,22165325,4501.8,3683.4,4440.0,3288.1,4048.7,53,4,4048.6,32,4,4048.5,8,1,4048.4,5,1,4048.3,11,1,4049.0,2,2,4050.0,120,3,4050.2,72,1,4050.3,214,2,4050.4,32,1
11483,2026-07-02 09:46:07+05:30,4049.0,1,4067.28,265254,88450.0,127165.0,4100.0,4110.0,4046.0,4092.6,22165325,4501.8,3683.4,4440.0,3288.1,4048.7,53,4,4048.6,32,4,4048.5,8,1,4048.4,5,1,4048.3,11,1,4049.0,2,2,4050.0,120,3,4050.2,72,1,4050.3,214,2,4050.4,32,1
11483,2026-07-02 09:46:07+05:30,4049.0,1,4067.28,265254,88450.0,127165.0,4100.0,4110.0,4046.0,4092.6,22165325,4501.8,3683.4,4440.0,3288.1,4048.7,53,4,4048.6,32,4,4048.5,8,1,4048.4,5,1,4048.3,11,1,4049.0,2,2,4050.0,120,3,4050.2,72,1,4050.3,214,2,4050.4,32,1
11483,2026-07-02 09:46:08+05:30,4049.0,1,4067.28,265257,88380.0,127324.0,4100.0,4110.0,4046.0,4092.6,22165325,4501.8,3683.4,4440.0,3288.1,4048.6,23,2,4048.5,12,1,4048.4,5,1,4048.2,24,2,4048.1,70,7,4049.0,2,2,4050.0,120,3,4050.2,72,1,4050.3,214,2,4050.4,32,1
11483,2026-07-02 09:46:08+05:30,4049.0,1,4067.28,265257,88380.0,127324.0,4100.0,4110.0,4046.0,4092.6,22165325,4501.8,3683.4,4440.0,3288.1,4048.6,23,2,4048.5,12,1,4048.4,5,1,4048.2,24,2,4048.1,70,7,4049.0,2,2,4050.0,120,3,4050.2,72,1,4050.3,214,2,4050.4,32,1
11483,2026-07-02 09:46:08+05:30,4049.0,1,4067.28,265257,88380.0,127324.0,4100.0,4110.0,4046.0,4092.6,22165325,4501.8,3683.4,4440.0,3288.1,4048.6,23,2,4048.5,12,1,4048.4,5,1,4048.2,24,2,4048.1,70,7,4049.0,2,2,4050.0,120,3,4050.2,72,1,4050.3,214,2,4050.4,32,1
11483,2026-07-02 09:46:08+05:30,4049.0,1,4067.28,265257,88380.0,127324.0,4100.0,4110.0,4046.0,4092.6,22165325,4501.8,3683.4,4440.0,3288.1,4048.6,23,2,4048.5,12,1,4048.4,5,1,4048.2,24,2,4048.1,70,7,4049.0,2,2,4050.0,120,3,4050.2,72,1,4050.3,214,2,4050.4,32,1
11483,2026-07-02 09:46:09+05:30,4049.9,1,4067.28,265269,88561.0,126881.0,4100.0,4110.0,4046.0,4092.6,22165325,4501.8,3683.4,4440.0,3288.1,4049.1,5,1,4048.6,1,1,4048.4,14,2,4048.3,77,3,4048.2,12,1,4049.9,29,2,4050.0,119,2,4050.2,72,1,4050.3,212,1,4050.6,12,1
11483,2026-07-02 09:46:09+05:30,4049.9,1,4067.28,265269,88561.0,126881.0,4100.0,4110.0,4046.0,4092.6,22165325,4501.8,3683.4,4440.0,3288.1,4049.1,5,1,4048.6,1,1,4048.4,14,2,4048.3,77,3,4048.2,12,1,4049.9,29,2,4050.0,119,2,4050.2,72,1,4050.3,212,1,4050.6,12,1
11483,2026-07-02 09:46:09+05:30,4049.9,1,4067.28,265269,88561.0,126881.0,4100.0,4110.0,4046.0,4092.6,22165325,4501.8,3683.4,4440.0,3288.1,4049.1,5,1,4048.6,1,1,4048.4,14,2,4048.3,77,3,4048.2,12,1,4049.9,29,2,4050.0,119,2,4050.2,72,1,4050.3,212,1,4050.6,12,1
11483,2026-07-02 09:46:09+05:30,4049.9,1,4067.28,265269,88561.0,126881.0,4100.0,4110.0,4046.0,4092.6,22165325,4501.8,3683.4,4440.0,3288.1,4049.1,5,1,4048.6,1,1,4048.4,14,2,4048.3,77,3,4048.2,12,1,4049.9,29,2,4050.0,119,2,4050.2,72,1,4050.3,212,1,4050.6,12,1
11483,2026-07-02 09:46:10+05:30,4049.9,1,4067.28,265269,88561.0,126881.0,4100.0,4110.0,4046.0,4092.6,22165325,4501.8,3683.4,4440.0,3288.1,4049.1,5,1,4048.6,1,1,4048.4,14,2,4048.3,77,3,4048.2,12,1,4049.9,29,2,4050.0,119,2,4050.2,72,1,4050.3,212,1,4050.6,12,1
11483,2026-07-02 09:46:10+05:30,4049.9,19,4067.28,265288,88569.0,126882.0,4100.0,4110.0,4046.0,4092.6,22165325,4501.8,3683.4,4440.0,3288.1,4049.1,5,1,4048.6,1,1,4048.4,14,2,4048.3,77,3,4048.2,12,1,4049.9,11,3,4050.0,119,2,4050.2,72,1,4050.3,212,1,4050.6,48,2
11483,2026-07-02 09:46:10+05:30,4049.9,19,4067.28,265288,88569.0,126882.0,4100.0,4110.0,4046.0,4092.6,22165325,4501.8,3683.4,4440.0,3288.1,4049.1,5,1,4048.6,1,1,4048.4,14,2,4048.3,77,3,4048.2,12,1,4049.9,11,3,4050.0,119,2,4050.2,72,1,4050.3,212,1,4050.6,48,2
11483,2026-07-02 09:46:10+05:30,4049.9,19,4067.28,265288,88569.0,126882.0,4100.0,4110.0,4046.0,4092.6,22165325,4501.8,3683.4,4440.0,3288.1,4049.1,5,1,4048.6,1,1,4048.4,14,2,4048.3,77,3,4048.2,12,1,4049.9,11,3,4050.0,119,2,4050.2,72,1,4050.3,212,1,4050.6,48,2
11483,2026-07-02 09:46:10+05:30,4049.9,19,4067.28,265288,88569.0,126882.0,4100.0,4110.0,4046.0,4092.6,22165325,4501.8,3683.4,4440.0,3288.1,4049.1,5,1,4048.6,1,1,4048.4,14,2,4048.3,77,3,4048.2,12,1,4049.9,11,3,4050.0,119,2,4050.2,72,1,4050.3,212,1,4050.6,48,2
11483,2026-07-02 09:46:10+05:30,4049.9,19,4067.28,265288,88569.0,126882.0,4100.0,4110.0,4046.0,4092.6,22212225,4501.8,3683.4,4440.0,3288.1,4049.1,5,1,4048.6,1,1,4048.4,14,2,4048.3,77,3,4048.2,12,1,4049.9,11,3,4050.0,119,2,4050.2,72,1,4050.3,212,1,4050.6,48,2
11483,2026-07-02 09:46:11+05:30,4049.9,19,4067.28,265288,88569.0,126882.0,4100.0,4110.0,4046.0,4092.6,22212225,4501.8,3683.4,4440.0,3288.1,4049.1,5,1,4048.6,1,1,4048.4,14,2,4048.3,77,3,4048.2,12,1,4049.9,11,3,4050.0,119,2,4050.2,72,1,4050.3,212,1,4050.6,48,2
11483,2026-07-02 09:46:11+05:30,4049.9,1,4067.28,265291,88579.0,126683.0,4100.0,4110.0,4046.0,4092.6,22212225,4501.8,3683.4,4440.0,3288.1,4049.2,5,1,4049.1,5,1,4048.5,6,1,4048.4,52,3,4048.3,58,2,4049.9,10,5,4050.0,119,2,4050.2,72,1,4050.3,212,1,4050.6,12,1
11483,2026-07-02 09:46:11+05:30,4049.9,1,4067.28,265291,88579.0,126683.0,4100.0,4110.0,4046.0,4092.6,22212225,4501.8,3683.4,4440.0,3288.1,4049.2,5,1,4049.1,5,1,4048.5,6,1,4048.4,52,3,4048.3,58,2,4049.9,10,5,4050.0,119,2,4050.2,72,1,4050.3,212,1,4050.6,12,1
11483,2026-07-02 09:46:11+05:30,4049.9,1,4067.28,265291,88579.0,126683.0,4100.0,4110.0,4046.0,4092.6,22212225,4501.8,3683.4,4440.0,3288.1,4049.2,5,1,4049.1,5,1,4048.5,6,1,4048.4,52,3,4048.3,58,2,4049.9,10,5,4050.0,119,2,4050.2,72,1,4050.3,212,1,4050.6,12,1
11483,2026-07-02 09:46:11+05:30,4049.9,1,4067.28,265291,88579.0,126683.0,4100.0,4110.0,4046.0,4092.6,22212225,4501.8,3683.4,4440.0,3288.1,4049.2,5,1,4049.1,5,1,4048.5,6,1,4048.4,52,3,4048.3,58,2,4049.9,10,5,4050.0,119,2,4050.2,72,1,4050.3,212,1,4050.6,12,1
11483,2026-07-02 09:46:12+05:30,4049.9,1,4067.28,265291,88579.0,126683.0,4100.0,4110.0,4046.0,4092.6,22212225,4501.8,3683.4,4440.0,3288.1,4049.2,5,1,4049.1,5,1,4048.5,6,1,4048.4,52,3,4048.3,58,2,4049.9,10,5,4050.0,119,2,4050.2,72,1,4050.3,212,1,4050.6,12,1
11483,2026-07-02 09:46:12+05:30,4050.0,40,4067.27,265347,88536.0,126691.0,4100.0,4110.0,4046.0,4092.6,22212225,4501.8,3683.4,4440.0,3288.1,4049.2,1,1,4049.1,5,1,4049.0,15,2,4048.7,18,1,4048.5,6,1,4050.0,44,1,4050.2,93,2,4050.3,212,1,4050.7,38,1,4050.9,12,1
11483,2026-07-02 09:46:12+05:30,4050.0,40,4067.27,265347,88536.0,126691.0,4100.0,4110.0,4046.0,4092.6,22212225,4501.8,3683.4,4440.0,3288.1,4049.2,1,1,4049.1,5,1,4049.0,15,2,4048.7,18,1,4048.5,6,1,4050.0,44,1,4050.2,93,2,4050.3,212,1,4050.7,38,1,4050.9,12,1
11483,2026-07-02 09:46:12+05:30,4050.0,40,4067.27,265347,88536.0,126691.0,4100.0,4110.0,4046.0,4092.6,22212225,4501.8,3683.4,4440.0,3288.1,4049.2,1,1,4049.1,5,1,4049.0,15,2,4048.7,18,1,4048.5,6,1,4050.0,44,1,4050.2,93,2,4050.3,212,1,4050.7,38,1,4050.9,12,1
11483,2026-07-02 09:46:13+05:30,4050.0,40,4067.27,265347,89611.0,126745.0,4100.0,4110.0,4046.0,4092.6,22212225,4501.8,3683.4,4440.0,3288.1,4049.2,1,1,4049.1,5,1,4049.0,16,3,4048.7,18,1,4048.5,6,1,4050.0,46,3,4050.2,93,2,4050.3,212,1,4050.7,38,1,4051.0,171,3
11483,2026-07-02 09:46:14+05:30,4049.9,1,4067.27,265347,89611.0,126745.0,4100.0,4110.0,4046.0,4092.6,22212225,4501.8,3683.4,4440.0,3288.1,4049.2,1,1,4049.1,5,1,4049.0,16,3,4048.7,18,1,4048.5,6,1,4050.0,46,3,4050.2,93,2,4050.3,212,1,4050.7,38,1,4051.0,171,3
11483,2026-07-02 09:46:14+05:30,4049.9,1,4067.27,265348,89659.0,126590.0,4100.0,4110.0,4046.0,4092.6,22212225,4501.8,3683.4,4440.0,3288.1,4049.1,5,1,4049.0,2,2,4048.7,18,1,4048.6,13,1,4048.4,26,3,4050.0,46,3,4050.2,93,2,4050.3,212,1,4050.8,6,1,4050.9,3,1
11483,2026-07-02 09:46:15+05:30,4048.7,4,4067.27,265348,89659.0,126590.0,4100.0,4110.0,4046.0,4092.6,22212225,4501.8,3683.4,4440.0,3288.1,4049.1,5,1,4049.0,2,2,4048.7,18,1,4048.6,13,1,4048.4,26,3,4050.0,46,3,4050.2,93,2,4050.3,212,1,4050.8,6,1,4050.9,3,1
11483,2026-07-02 09:46:15+05:30,4050.0,1,4067.27,265360,89643.0,126861.0,4100.0,4110.0,4046.0,4092.6,22212225,4501.8,3683.4,4440.0,3288.1,4048.5,5,2,4048.4,57,5,4048.3,51,3,4048.2,47,3,4048.1,42,5,4050.0,45,3,4050.1,48,2,4050.2,93,2,4050.3,212,1,4050.7,12,1
11483,2026-07-02 09:46:16+05:30,4049.9,10,4067.27,265360,89643.0,126861.0,4100.0,4110.0,4046.0,4092.6,22212225,4501.8,3683.4,4440.0,3288.1,4048.5,5,2,4048.4,57,5,4048.3,51,3,4048.2,47,3,4048.1,42,5,4050.0,45,3,4050.1,48,2,4050.2,93,2,4050.3,212,1,4050.7,12,1
11483,2026-07-02 09:46:16+05:30,4049.9,10,4067.27,265375,89743.0,127049.0,4100.0,4110.0,4046.0,4092.6,22212225,4501.8,3683.4,4440.0,3288.1,4048.6,29,3,4048.5,53,3,4048.4,53,4,4048.3,104,4,4048.2,12,1,4049.9,1,1,4050.0,53,6,4050.1,10,1,4050.2,93,2,4050.3,212,1
11483,2026-07-02 09:46:17+05:30,4048.7,2,4067.27,265375,89743.0,127049.0,4100.0,4110.0,4046.0,4092.6,22212225,4501.8,3683.4,4440.0,3288.1,4048.6,29,3,4048.5,53,3,4048.4,53,4,4048.3,104,4,4048.2,12,1,4049.9,1,1,4050.0,53,6,4050.1,10,1,4050.2,93,2,4050.3,212,1
11483,2026-07-02 09:46:17+05:30,4048.7,2,4067.27,265385,89624.0,126926.0,4100.0,4110.0,4046.0,4092.6,22212225,4501.8,3683.4,4440.0,3288.1,4048.7,30,2,4048.5,20,2,4048.4,14,2,4048.3,66,3,4048.2,24,2,4049.9,11,2,4050.0,45,3,4050.2,93,2,4050.3,212,1,4050.7,25,1
11483,2026-07-02 09:46:18+05:30,4048.4,1,4067.27,265385,89624.0,126926.0,4100.0,4110.0,4046.0,4092.6,22212225,4501.8,3683.4,4440.0,3288.1,4048.7,30,2,4048.5,20,2,4048.4,14,2,4048.3,66,3,4048.2,24,2,4049.9,11,2,4050.0,45,3,4050.2,93,2,4050.3,212,1,4050.7,25,1
11483,2026-07-02 09:46:18+05:30,4048.4,6,4067.27,265468,89299.0,127601.0,4100.0,4110.0,4046.0,4092.6,22212225,4501.8,3683.4,4440.0,3288.1,4048.4,27,2,4048.3,22,2,4048.1,15,2,4048.0,63,5,4047.9,166,9,4048.7,3,1,4049.9,55,3,4050.0,44,4,4050.2,93,2,4050.3,212,1
11483,2026-07-02 09:46:19+05:30,4048.4,1,4067.27,265468,89299.0,127601.0,4100.0,4110.0,4046.0,4092.6,22212225,4501.8,3683.4,4440.0,3288.1,4048.4,27,2,4048.3,22,2,4048.1,15,2,4048.0,63,5,4047.9,166,9,4048.7,3,1,4049.9,55,3,4050.0,44,4,4050.2,93,2,4050.3,212,1
11483,2026-07-02 09:46:19+05:30,4048.6,5,4067.27,265475,90287.0,127629.0,4100.0,4110.0,4046.0,4092.6,22212225,4501.8,3683.4,4440.0,3288.1,4048.4,25,2,4048.3,22,2,4048.1,15,2,4048.0,63,5,4047.9,166,9,4048.6,5,1,4048.7,3,1,4049.9,55,3,4050.0,44,4,4050.2,93,2
11483,2026-07-02 09:46:20+05:30,4048.6,5,4067.27,265475,90287.0,127629.0,4100.0,4110.0,4046.0,4092.6,22212225,4501.8,3683.4,4440.0,3288.1,4048.4,25,2,4048.3,22,2,4048.1,15,2,4048.0,63,5,4047.9,166,9,4048.6,5,1,4048.7,3,1,4049.9,55,3,4050.0,44,4,4050.2,93,2
11483,2026-07-02 09:46:20+05:30,4049.9,1,4067.25,265778,90472.0,127166.0,4100.0,4110.0,4046.0,4092.6,22212225,4501.8,3683.4,4440.0,3288.1,4048.4,77,5,4048.2,38,1,4048.1,31,4,4048.0,87,8,4047.9,166,9,4049.9,26,3,4050.0,98,2,4050.1,26,2,4050.2,68,4,4050.3,212,1
11483,2026-07-02 09:46:21+05:30,4049.9,1,4067.25,265778,90472.0,127166.0,4100.0,4110.0,4046.0,4092.6,22212225,4501.8,3683.4,4440.0,3288.1,4048.4,77,5,4048.2,38,1,4048.1,31,4,4048.0,87,8,4047.9,166,9,4049.9,26,3,4050.0,98,2,4050.1,26,2,4050.2,68,4,4050.3,212,1
11483,2026-07-02 09:46:21+05:30,4049.9,1,4067.25,265778,90624.0,127192.0,4100.0,4110.0,4046.0,4092.6,22212225,4501.8,3683.4,4440.0,3288.1,4048.4,71,5,4048.2,38,1,4048.1,137,6,4048.0,88,9,4047.9,119,8,4049.9,32,5,4050.0,98,2,4050.1,26,2,4050.2,68,4,4050.3,217,2
11483,2026-07-02 09:46:22+05:30,4049.1,10,4067.25,265778,90624.0,127192.0,4100.0,4110.0,4046.0,4092.6,22212225,4501.8,3683.4,4440.0,3288.1,4048.4,71,5,4048.2,38,1,4048.1,137,6,4048.0,88,9,4047.9,119,8,4049.9,32,5,4050.0,98,2,4050.1,26,2,4050.2,68,4,4050.3,217,2
11483,2026-07-02 09:46:22+05:30,4048.1,14,4067.24,265865,90559.0,127913.0,4100.0,4110.0,4046.0,4092.6,22212225,4501.8,3683.4,4440.0,3288.1,4048.0,44,4,4047.9,99,6,4047.8,189,5,4047.7,319,5,4047.6,19,3,4049.3,19,1,4049.4,11,1,4049.5,11,1,4049.6,11,1,4049.7,36,1
11483,2026-07-02 09:46:23+05:30,4048.1,1,4067.24,265865,90559.0,127913.0,4100.0,4110.0,4046.0,4092.6,22212225,4501.8,3683.4,4440.0,3288.1,4048.0,44,4,4047.9,99,6,4047.8,189,5,4047.7,319,5,4047.6,19,3,4049.3,19,1,4049.4,11,1,4049.5,11,1,4049.6,11,1,4049.7,36,1
11483,2026-07-02 09:46:23+05:30,4048.1,1,4067.24,265875,89794.0,127948.0,4100.0,4110.0,4046.0,4092.6,22212225,4501.8,3683.4,4440.0,3288.1,4048.0,37,4,4047.9,51,2,4047.8,149,3,4047.7,291,4,4047.6,7,2,4048.1,1,1,4049.0,100,1,4049.3,19,1,4049.5,11,1,4049.7,36,1
11483,2026-07-02 09:46:24+05:30,4048.1,1,4067.24,265875,89794.0,127948.0,4100.0,4110.0,4046.0,4092.6,22212225,4501.8,3683.4,4440.0,3288.1,4048.0,37,4,4047.9,51,2,4047.8,149,3,4047.7,291,4,4047.6,7,2,4048.1,1,1,4049.0,100,1,4049.3,19,1,4049.5,11,1,4049.7,36,1
11483,2026-07-02 09:46:24+05:30,4048.1,1,4067.24,265878,90048.0,127937.0,4100.0,4110.0,4046.0,4092.6,22212225,4501.8,3683.4,4440.0,3288.1,4048.0,37,4,4047.9,51,2,4047.8,149,3,4047.7,290,4,4047.6,7,2,4048.1,1,1,4049.0,100,1,4049.3,19,1,4049.5,11,1,4049.6,12,1
11483,2026-07-02 09:46:25+05:30,4048.1,1,4067.24,265878,90048.0,127937.0,4100.0,4110.0,4046.0,4092.6,22212225,4501.8,3683.4,4440.0,3288.1,4048.0,37,4,4047.9,51,2,4047.8,149,3,4047.7,290,4,4047.6,7,2,4048.1,1,1,4049.0,100,1,4049.3,19,1,4049.5,11,1,4049.6,12,1
11483,2026-07-02 09:46:25+05:30,4048.0,11,4067.24,265928,90422.0,127810.0,4100.0,4110.0,4046.0,4092.6,22212225,4501.8,3683.4,4440.0,3288.1,4048.0,73,5,4047.9,51,2,4047.8,149,3,4047.7,293,3,4047.6,47,4,4049.0,100,1,4049.3,19,1,4049.5,11,1,4049.7,36,1,4049.9,31,3
11483,2026-07-02 09:46:26+05:30,4048.9,7,4067.24,265928,90422.0,127810.0,4100.0,4110.0,4046.0,4092.6,22212225,4501.8,3683.4,4440.0,3288.1,4048.0,73,5,4047.9,51,2,4047.8,149,3,4047.7,293,3,4047.6,47,4,4049.0,100,1,4049.3,19,1,4049.5,11,1,4049.7,36,1,4049.9,31,3
11483,2026-07-02 09:46:27+05:30,4048.0,5,4067.23,265975,90412.0,127892.0,4100.0,4110.0,4046.0,4092.6,22212225,4501.8,3683.4,4440.0,3288.1,4048.0,52,4,4047.9,51,2,4047.8,149,3,4047.7,273,2,4047.6,35,3,4048.9,13,3,4049.0,100,1,4049.3,42,2,4049.5,11,1,4049.7,36,1
11483,2026-07-02 09:46:27+05:30,4048.0,3,4067.23,265975,90412.0,127892.0,4100.0,4110.0,4046.0,4092.6,22212225,4501.8,3683.4,4440.0,3288.1,4048.0,52,4,4047.9,51,2,4047.8,149,3,4047.7,273,2,4047.6,35,3,4048.9,13,3,4049.0,100,1,4049.3,42,2,4049.5,11,1,4049.7,36,1
11483,2026-07-02 09:46:28+05:30,4048.0,3,4067.22,266130,89868.0,128249.0,4100.0,4110.0,4046.0,4092.6,22212225,4501.8,3683.4,4440.0,3288.1,4047.8,100,2,4047.7,273,2,4047.6,2,1,4047.5,13,3,4047.4,1,1,4048.0,5,3,4048.9,14,4,4049.0,100,1,4049.3,42,2,4049.5,11,1
11483,2026-07-02 09:46:29+05:30,4048.9,3,4067.22,266167,90177.0,127440.0,4100.0,4110.0,4046.0,4092.6,22212225,4501.8,3683.4,4440.0,3288.1,4047.9,146,9,4047.8,102,4,4047.7,278,3,4047.6,20,3,4047.5,25,5,4048.9,11,4,4049.0,100,1,4049.3,42,2,4049.5,11,1,4049.7,36,1
11483,2026-07-02 09:46:29+05:30,4048.9,3,4067.22,266167,90177.0,127440.0,4100.0,4110.0,4046.0,4092.6,22212225,4501.8,3683.4,4440.0,3288.1,4047.9,146,9,4047.8,102,4,4047.7,278,3,4047.6,20,3,4047.5,25,5,4048.9,11,4,4049.0,100,1,4049.3,42,2,4049.5,11,1,4049.7,36,1
11483,2026-07-02 09:46:30+05:30,4049.0,1,4067.22,266185,90315.0,127450.0,4100.0,4110.0,4046.0,4092.6,22212225,4501.8,3683.4,4440.0,3288.1,4048.1,19,1,4048.0,84,5,4047.9,92,6,4047.8,74,3,4047.7,278,3,4049.0,98,1,4049.3,42,2,4049.5,11,1,4049.7,36,1,4049.9,24,1
11483,2026-07-02 09:46:30+05:30,4049.0,1,4067.22,266185,90315.0,127450.0,4100.0,4110.0,4046.0,4092.6,22212225,4501.8,3683.4,4440.0,3288.1,4048.1,19,1,4048.0,84,5,4047.9,92,6,4047.8,74,3,4047.7,278,3,4049.0,98,1,4049.3,42,2,4049.5,11,1,4049.7,36,1,4049.9,24,1
11483,2026-07-02 09:46:31+05:30,4049.9,3,4067.2,266491,90790.0,127250.0,4100.0,4110.0,4046.0,4092.6,22212225,4501.8,3683.4,4440.0,3288.1,4048.2,125,4,4048.1,145,7,4048.0,241,10,4047.9,77,4,4047.8,57,2,4049.9,353,3,4050.0,70,3,4050.1,21,1,4050.2,38,2,4050.3,212,1
11483,2026-07-02 09:46:31+05:30,4049.9,3,4067.2,266491,90790.0,127250.0,4100.0,4110.0,4046.0,4092.6,22212225,4501.8,3683.4,4440.0,3288.1,4048.2,125,4,4048.1,145,7,4048.0,241,10,4047.9,77,4,4047.8,57,2,4049.9,353,3,4050.0,70,3,4050.1,21,1,4050.2,38,2,4050.3,212,1
11483,2026-07-02 09:46:32+05:30,4049.9,3,4067.2,266491,90790.0,127250.0,4100.0,4110.0,4046.0,4092.6,22212225,4501.8,3683.4,4440.0,3288.1,4048.2,125,4,4048.1,145,7,4048.0,241,10,4047.9,77,4,4047.8,57,2,4049.9,353,3,4050.0,70,3,4050.1,21,1,4050.2,38,2,4050.3,212,1
11483,2026-07-02 09:46:32+05:30,4049.9,3,4067.19,266516,90797.0,127313.0,4100.0,4110.0,4046.0,4092.6,22212225,4501.8,3683.4,4440.0,3288.1,4048.2,87,2,4048.1,107,4,4048.0,239,10,4047.9,77,4,4047.8,57,2,4049.6,338,2,4049.9,6,2,4050.0,59,2,4050.1,21,1,4050.2,38,2
11483,2026-07-02 09:46:33+05:30,4049.5,10,4067.19,266516,90797.0,127313.0,4100.0,4110.0,4046.0,4092.6,22212225,4501.8,3683.4,4440.0,3288.1,4048.2,87,2,4048.1,107,4,4048.0,239,10,4047.9,77,4,4047.8,57,2,4049.6,338,2,4049.9,6,2,4050.0,59,2,4050.1,21,1,4050.2,38,2
11483,2026-07-02 09:46:33+05:30,4049.5,10,4067.19,266541,90557.0,127465.0,4100.0,4110.0,4046.0,4092.6,22212225,4501.8,3683.4,4440.0,3288.1,4048.0,153,5,4047.9,62,2,4047.8,56,2,4047.7,291,4,4047.6,31,4,4049.4,303,1,4049.5,3,3,4049.6,10,1,4049.9,8,4,4050.0,105,4
11483,2026-07-02 09:46:34+05:30,4049.5,10,4067.19,266541,90588.0,127762.0,4100.0,4110.0,4046.0,4092.6,22212225,4501.8,3683.4,4440.0,3288.1,4048.0,153,5,4047.9,25,2,4047.8,130,4,4047.7,291,4,4047.6,46,4,4049.3,303,1,4049.5,3,3,4049.9,49,5,4050.0,59,2,4050.1,33,2
11483,2026-07-02 09:46:35+05:30,4049.0,1,4067.19,266541,90588.0,127762.0,4100.0,4110.0,4046.0,4092.6,22212225,4501.8,3683.4,4440.0,3288.1,4048.0,153,5,4047.9,25,2,4047.8,130,4,4047.7,291,4,4047.6,46,4,4049.3,303,1,4049.5,3,3,4049.9,49,5,4050.0,59,2,4050.1,33,2
11483,2026-07-02 09:46:35+05:30,4049.0,1,4067.19,266569,90495.0,127791.0,4100.0,4110.0,4046.0,4092.6,22212225,4501.8,3683.4,4440.0,3288.1,4048.0,129,4,4047.9,107,3,4047.8,83,3,4047.7,278,3,4047.6,8,2,4049.0,301,3,4049.2,11,1,4049.3,89,1,4049.5,70,4,4049.7,41,1
11483,2026-07-02 09:46:36+05:30,4048.0,27,4067.19,266569,90495.0,127791.0,4100.0,4110.0,4046.0,4092.6,22212225,4501.8,3683.4,4440.0,3288.1,4048.0,129,4,4047.9,107,3,4047.8,83,3,4047.7,278,3,4047.6,8,2,4049.0,301,3,4049.2,11,1,4049.3,89,1,4049.5,70,4,4049.7,41,1
11483,2026-07-02 09:46:36+05:30,4049.0,2,4067.17,266914,91124.0,127254.0,4100.0,4110.0,4046.0,4092.6,22212225,4501.8,3683.4,4440.0,3288.1,4048.1,19,1,4048.0,176,10,4047.9,124,4,4047.8,103,4,4047.7,321,6,4049.0,46,3,4049.3,89,1,4049.5,70,4,4049.9,2,2,4050.0,54,1
11483,2026-07-02 09:46:37+05:30,4049.0,2,4067.17,266914,91124.0,127254.0,4100.0,4110.0,4046.0,4092.6,22212225,4501.8,3683.4,4440.0,3288.1,4048.1,19,1,4048.0,176,10,4047.9,124,4,4047.8,103,4,4047.7,321,6,4049.0,46,3,4049.3,89,1,4049.5,70,4,4049.9,2,2,4050.0,54,1
11483,2026-07-02 09:46:37+05:30,4048.1,1,4067.17,266929,91110.0,127572.0,4100.0,4110.0,4046.0,4092.6,22212225,4501.8,3683.4,4440.0,3288.1,4048.1,47,3,4048.0,151,9,4047.9,124,4,4047.8,110,4,4047.7,291,4,4049.0,46,5,4049.3,89,1,4049.5,69,3,4049.9,67,1,4050.0,123,2
11483,2026-07-02 09:46:38+05:30,4048.2,5,4067.17,266929,91110.0,127572.0,4100.0,4110.0,4046.0,4092.6,22212225,4501.8,3683.4,4440.0,3288.1,4048.1,47,3,4048.0,151,9,4047.9,124,4,4047.8,110,4,4047.7,291,4,4049.0,46,5,4049.3,89,1,4049.5,69,3,4049.9,67,1,4050.0,123,2
11483,2026-07-02 09:46:38+05:30,4048.0,4,4067.16,266967,90675.0,127800.0,4100.0,4110.0,4046.0,4092.6,22212225,4501.8,3683.4,4440.0,3288.1,4048.0,157,10,4047.9,72,3,4047.8,135,5,4047.7,273,2,4047.6,31,4,4048.1,20,3,4049.0,4,4,4049.3,89,1,4049.5,67,1,4049.7,27,1
11483,2026-07-02 09:46:39+05:30,4048.0,4,4067.16,266967,90675.0,127800.0,4100.0,4110.0,4046.0,4092.6,22212225,4501.8,3683.4,4440.0,3288.1,4048.0,157,10,4047.9,72,3,4047.8,135,5,4047.7,273,2,4047.6,31,4,4048.1,20,3,4049.0,4,4,4049.3,89,1,4049.5,67,1,4049.7,27,1
11483,2026-07-02 09:46:40+05:30,4049.3,18,4067.16,267017,90969.0,127494.0,4100.0,4110.0,4046.0,4092.6,22212225,4501.8,3683.4,4440.0,3288.1,4048.0,167,10,4047.9,142,5,4047.8,124,4,4047.7,285,3,4047.6,34,5,4049.3,73,3,4049.5,67,1,4049.9,67,1,4050.0,123,2,4050.1,21,1
11483,2026-07-02 09:46:40+05:30,4049.3,18,4067.16,267017,90969.0,127494.0,4100.0,4110.0,4046.0,4092.6,22212225,4501.8,3683.4,4440.0,3288.1,4048.0,167,10,4047.9,142,5,4047.8,124,4,4047.7,285,3,4047.6,34,5,4049.3,73,3,4049.5,67,1,4049.9,67,1,4050.0,123,2,4050.1,21,1
11483,2026-07-02 09:46:41+05:30,4049.3,50,4067.16,267067,90781.0,127533.0,4100.0,4110.0,4046.0,4092.6,22212225,4501.8,3683.4,4440.0,3288.1,4048.0,172,12,4047.9,142,5,4047.8,83,3,4047.7,285,3,4047.6,34,5,4049.3,25,5,4049.5,67,1,4049.8,42,1,4049.9,67,1,4050.0,123,2
11483,2026-07-02 09:46:41+05:30,4049.3,2,4067.16,267067,90781.0,127533.0,4100.0,4110.0,4046.0,4092.6,22212225,4501.8,3683.4,4440.0,3288.1,4048.0,172,12,4047.9,142,5,4047.8,83,3,4047.7,285,3,4047.6,34,5,4049.3,25,5,4049.5,67,1,4049.8,42,1,4049.9,67,1,4050.0,123,2
11483,2026-07-02 09:46:42+05:30,4049.3,2,4067.16,267070,90851.0,127526.0,4100.0,4110.0,4046.0,4092.6,22212225,4501.8,3683.4,4440.0,3288.1,4048.1,185,2,4048.0,168,12,4047.9,143,5,4047.8,83,3,4047.7,113,3,4049.3,23,6,4049.5,67,1,4049.8,42,1,4049.9,67,1,4050.0,123,2
11483,2026-07-02 09:46:43+05:30,4049.3,2,4067.16,267077,90993.0,127562.0,4100.0,4110.0,4046.0,4092.6,22212225,4501.8,3683.4,4440.0,3288.1,4048.3,175,1,4048.1,11,2,4048.0,161,12,4047.9,143,5,4047.8,83,3,4049.3,17,7,4049.5,67,1,4049.8,42,1,4049.9,67,1,4050.0,123,2
11483,2026-07-02 09:46:43+05:30,4049.3,2,4067.16,267077,90993.0,127562.0,4100.0,4110.0,4046.0,4092.6,22212225,4501.8,3683.4,4440.0,3288.1,4048.3,175,1,4048.1,11,2,4048.0,161,12,4047.9,143,5,4047.8,83,3,4049.3,17,7,4049.5,67,1,4049.8,42,1,4049.9,67,1,4050.0,123,2
11483,2026-07-02 09:46:44+05:30,4049.3,1,4067.16,267082,91639.0,127532.0,4100.0,4110.0,4046.0,4092.6,22212225,4501.8,3683.4,4440.0,3288.1,4049.0,500,1,4048.6,1,1,4048.3,175,1,4048.1,11,2,4048.0,188,15,4049.3,13,8,4049.5,67,1,4049.9,67,1,4050.0,123,2,4050.1,21,1
11483,2026-07-02 09:46:44+05:30,4049.3,1,4067.16,267082,91639.0,127532.0,4100.0,4110.0,4046.0,4092.6,22212225,4501.8,3683.4,4440.0,3288.1,4049.0,500,1,4048.6,1,1,4048.3,175,1,4048.1,11,2,4048.0,188,15,4049.3,13,8,4049.5,67,1,4049.9,67,1,4050.0,123,2,4050.1,21,1
11483,2026-07-02 09:46:45+05:30,4049.0,1,4067.16,267082,91639.0,127532.0,4100.0,4110.0,4046.0,4092.6,22212225,4501.8,3683.4,4440.0,3288.1,4049.0,500,1,4048.6,1,1,4048.3,175,1,4048.1,11,2,4048.0,188,15,4049.3,13,8,4049.5,67,1,4049.9,67,1,4050.0,123,2,4050.1,21,1
11483,2026-07-02 09:46:45+05:30,4049.3,1,4067.15,267092,91767.0,127538.0,4100.0,4110.0,4046.0,4092.6,22212225,4501.8,3683.4,4440.0,3288.1,4049.0,491,1,4048.6,1,1,4048.3,175,1,4048.1,11,2,4048.0,238,16,4049.3,10,6,4049.5,67,1,4049.9,67,1,4050.0,123,2,4050.1,21,1
11483,2026-07-02 09:46:46+05:30,4048.7,8,4067.15,267092,91767.0,127538.0,4100.0,4110.0,4046.0,4092.6,22212225,4501.8,3683.4,4440.0,3288.1,4049.0,491,1,4048.6,1,1,4048.3,175,1,4048.1,11,2,4048.0,238,16,4049.3,10,6,4049.5,67,1,4049.9,67,1,4050.0,123,2,4050.1,21,1
11483,2026-07-02 09:46:46+05:30,4048.7,8,4067.11,267768,91136.0,128533.0,4100.0,4110.0,4046.0,4092.6,22212225,4501.8,3683.4,4440.0,3288.1,4048.1,1,1,4048.0,168,11,4047.9,50,1,4047.8,130,4,4047.7,98,1,4048.7,11,2,4049.0,2,2,4049.2,19,1,4049.3,94,6,4049.5,74,2
11483,2026-07-02 09:46:47+05:30,4048.1,1,4067.11,267768,91136.0,128533.0,4100.0,4110.0,4046.0,4092.6,22212225,4501.8,3683.4,4440.0,3288.1,4048.1,1,1,4048.0,168,11,4047.9,50,1,4047.8,130,4,4047.7,98,1,4048.7,11,2,4049.0,2,2,4049.2,19,1,4049.3,94,6,4049.5,74,2
11483,2026-07-02 09:46:47+05:30,4048.1,1,4067.11,267789,91001.0,128681.0,4100.0,4110.0,4046.0,4092.6,22212225,4501.8,3683.4,4440.0,3288.1,4048.0,203,12,4047.9,50,1,4047.8,130,4,4047.7,204,2,4047.5,3,2,4048.1,1,1,4048.7,5,2,4049.0,2,2,4049.2,19,1,4049.3,93,5
11483,2026-07-02 09:46:48+05:30,4048.0,1,4067.11,267789,91001.0,128681.0,4100.0,4110.0,4046.0,4092.6,22212225,4501.8,3683.4,4440.0,3288.1,4048.0,203,12,4047.9,50,1,4047.8,130,4,4047.7,204,2,4047.5,3,2,4048.1,1,1,4048.7,5,2,4049.0,2,2,4049.2,19,1,4049.3,93,5
11483,2026-07-02 09:46:48+05:30,4048.0,1,4067.11,267802,91038.0,128650.0,4100.0,4110.0,4046.0,4092.6,22212225,4501.8,3683.4,4440.0,3288.1,4048.0,200,12,4047.9,50,1,4047.8,130,4,4047.7,204,2,4047.5,3,2,4048.7,9,2,4049.0,2,2,4049.2,19,1,4049.3,92,4,4049.5,74,2
11483,2026-07-02 09:46:49+05:30,4048.0,1,4067.11,267802,91038.0,128650.0,4100.0,4110.0,4046.0,4092.6,22212225,4501.8,3683.4,4440.0,3288.1,4048.0,200,12,4047.9,50,1,4047.8,130,4,4047.7,204,2,4047.5,3,2,4048.7,9,2,4049.0,2,2,4049.2,19,1,4049.3,92,4,4049.5,74,2
11483,2026-07-02 09:46:49+05:30,4048.0,1,4067.11,267803,91091.0,128632.0,4100.0,4110.0,4046.0,4092.6,22212225,4501.8,3683.4,4440.0,3288.1,4048.0,219,13,4047.9,50,1,4047.8,133,5,4047.7,204,2,4047.5,3,2,4048.7,9,2,4049.0,2,2,4049.2,19,1,4049.3,103,4,4049.5,74,2
11483,2026-07-02 09:46:50+05:30,4048.7,8,4067.11,267803,91091.0,128632.0,4100.0,4110.0,4046.0,4092.6,22212225,4501.8,3683.4,4440.0,3288.1,4048.0,219,13,4047.9,50,1,4047.8,133,5,4047.7,204,2,4047.5,3,2,4048.7,9,2,4049.0,2,2,4049.2,19,1,4049.3,103,4,4049.5,74,2
11483,2026-07-02 09:46:50+05:30,4048.7,8,4067.1,267853,91291.0,128168.0,4100.0,4110.0,4046.0,4092.6,22212225,4501.8,3683.4,4440.0,3288.1,4048.0,220,14,4047.9,50,1,4047.8,133,5,4047.7,98,1,4047.5,109,3,4048.7,30,6,4048.9,10,1,4049.0,2,2,4049.1,18,1,4049.2,35,2
11483,2026-07-02 09:46:51+05:30,4048.0,19,4067.1,267853,91291.0,128168.0,4100.0,4110.0,4046.0,4092.6,22212225,4501.8,3683.4,4440.0,3288.1,4048.0,220,14,4047.9,50,1,4047.8,133,5,4047.7,98,1,4047.5,109,3,4048.7,30,6,4048.9,10,1,4049.0,2,2,4049.1,18,1,4049.2,35,2
11483,2026-07-02 09:46:51+05:30,4048.0,4,4067.1,267891,91283.0,128172.0,4100.0,4110.0,4046.0,4092.6,22212225,4501.8,3683.4,4440.0,3288.1,4048.0,184,15,4047.9,50,1,4047.8,133,5,4047.7,98,1,4047.5,109,3,4048.7,2,2,4048.9,10,1,4049.2,19,1,4049.3,89,1,4049.4,12,1
11483,2026-07-02 09:46:52+05:30,4048.7,1,4067.1,267891,91283.0,128172.0,4100.0,4110.0,4046.0,4092.6,22212225,4501.8,3683.4,4440.0,3288.1,4048.0,184,15,4047.9,50,1,4047.8,133,5,4047.7,98,1,4047.5,109,3,4048.7,2,2,4048.9,10,1,4049.2,19,1,4049.3,89,1,4049.4,12,1
11483,2026-07-02 09:46:52+05:30,4048.7,1,4067.1,267894,91527.0,128279.0,4100.0,4110.0,4046.0,4092.6,22212225,4501.8,3683.4,4440.0,3288.1,4048.0,185,16,4047.9,50,1,4047.8,133,5,4047.7,98,1,4047.5,109,3,4048.7,1,1,4048.9,10,1,4049.2,19,1,4049.3,89,1,4049.5,115,3
11483,2026-07-02 09:46:53+05:30,4048.7,1,4067.1,267894,91527.0,128279.0,4100.0,4110.0,4046.0,4092.6,22212225,4501.8,3683.4,4440.0,3288.1,4048.0,185,16,4047.9,50,1,4047.8,133,5,4047.7,98,1,4047.5,109,3,4048.7,1,1,4048.9,10,1,4049.2,19,1,4049.3,89,1,4049.5,115,3
11483,2026-07-02 09:46:53+05:30,4048.7,1,4067.1,267895,91766.0,128269.0,4100.0,4110.0,4046.0,4092.6,22212225,4501.8,3683.4,4440.0,3288.1,4048.0,185,16,4047.9,50,1,4047.8,133,5,4047.7,98,1,4047.5,114,4,4048.7,3,3,4049.0,5,1,4049.2,19,1,4049.3,89,1,4049.5,115,3
11483,2026-07-02 09:46:54+05:30,4048.7,1,4067.1,267895,91766.0,128269.0,4100.0,4110.0,4046.0,4092.6,22212225,4501.8,3683.4,4440.0,3288.1,4048.0,185,16,4047.9,50,1,4047.8,133,5,4047.7,98,1,4047.5,114,4,4048.7,3,3,4049.0,5,1,4049.2,19,1,4049.3,89,1,4049.5,115,3
11483,2026-07-02 09:46:54+05:30,4048.7,1,4067.1,267895,91836.0,128173.0,4100.0,4110.0,4046.0,4092.6,22212225,4501.8,3683.4,4440.0,3288.1,4048.1,5,1,4048.0,222,20,4047.9,62,2,4047.8,133,5,4047.7,98,1,4048.7,3,3,4049.0,5,1,4049.3,89,1,4049.5,67,1,4049.6,2,1
11483,2026-07-02 09:46:55+05:30,4048.1,4,4067.1,267895,91836.0,128173.0,4100.0,4110.0,4046.0,4092.6,22212225,4501.8,3683.4,4440.0,3288.1,4048.1,5,1,4048.0,222,20,4047.9,62,2,4047.8,133,5,4047.7,98,1,4048.7,3,3,4049.0,5,1,4049.3,89,1,4049.5,67,1,4049.6,2,1
11483,2026-07-02 09:46:55+05:30,4049.0,5,4067.1,267906,92195.0,128676.0,4100.0,4110.0,4046.0,4092.6,22212225,4501.8,3683.4,4440.0,3288.1,4049.2,4,1,4048.2,48,1,4048.1,87,5,4048.0,264,22,4047.9,62,2,4049.3,89,1,4049.5,67,1,4049.7,19,1,4049.8,24,1,4049.9,85,2
11483,2026-07-02 09:46:56+05:30,4049.3,20,4067.1,267906,92195.0,128676.0,4100.0,4110.0,4046.0,4092.6,22212225,4501.8,3683.4,4440.0,3288.1,4049.2,4,1,4048.2,48,1,4048.1,87,5,4048.0,264,22,4047.9,62,2,4049.3,89,1,4049.5,67,1,4049.7,19,1,4049.8,24,1,4049.9,85,2
11483,2026-07-02 09:46:56+05:30,4049.3,20,4067.1,267928,92286.0,128674.0,4100.0,4110.0,4046.0,4092.6,22212225,4501.8,3683.4,4440.0,3288.1,4049.2,3,1,4048.3,55,4,4048.2,48,1,4048.1,122,5,4048.0,292,24,4049.3,70,3,4049.5,67,1,4049.7,19,1,4049.8,24,1,4049.9,85,2
11483,2026-07-02 09:46:57+05:30,4049.3,1,4067.1,267928,92286.0,128674.0,4100.0,4110.0,4046.0,4092.6,22212225,4501.8,3683.4,4440.0,3288.1,4049.2,3,1,4048.3,55,4,4048.2,48,1,4048.1,122,5,4048.0,292,24,4049.3,70,3,4049.5,67,1,4049.7,19,1,4049.8,24,1,4049.9,85,2
11483,2026-07-02 09:46:57+05:30,4049.3,1,4067.1,267929,92278.0,128690.0,4100.0,4110.0,4046.0,4092.6,22212225,4501.8,3683.4,4440.0,3288.1,4049.2,3,1,4048.7,3,1,4048.3,55,4,4048.2,95,2,4048.1,75,4,4049.3,69,3,4049.5,67,1,4049.7,19,1,4049.8,24,1,4049.9,85,2
11483,2026-07-02 09:46:58+05:30,4049.3,4,4067.1,267929,92278.0,128690.0,4100.0,4110.0,4046.0,4092.6,22212225,4501.8,3683.4,4440.0,3288.1,4049.2,3,1,4048.7,3,1,4048.3,55,4,4048.2,95,2,4048.1,75,4,4049.3,69,3,4049.5,67,1,4049.7,19,1,4049.8,24,1,4049.9,85,2
11483,2026-07-02 09:46:58+05:30,4049.2,2,4067.09,267986,92141.0,128766.0,4100.0,4110.0,4046.0,4092.6,22212225,4501.8,3683.4,4440.0,3288.1,4048.7,34,3,4048.3,128,6,4048.1,4,2,4048.0,292,24,4047.9,74,3,4049.2,1,1,4049.3,15,3,4049.5,67,1,4049.7,19,1,4049.8,24,1
11483,2026-07-02 09:46:59+05:30,4048.7,1,4067.09,267986,92141.0,128766.0,4100.0,4110.0,4046.0,4092.6,22212225,4501.8,3683.4,4440.0,3288.1,4048.7,34,3,4048.3,128,6,4048.1,4,2,4048.0,292,24,4047.9,74,3,4049.2,1,1,4049.3,15,3,4049.5,67,1,4049.7,19,1,4049.8,24,1
11483,2026-07-02 09:46:59+05:30,4049.5,3,4067.07,268340,92611.0,127678.0,4100.0,4110.0,4046.0,4092.6,22212225,4501.8,3683.4,4440.0,3288.1,4048.9,94,7,4048.8,54,5,4048.7,61,5,4048.6,15,2,4048.5,12,1,4049.5,3,2,4049.9,67,1,4050.0,178,4,4050.5,60,1,4050.9,61,1
11483,2026-07-02 09:47:00+05:30,4049.5,3,4067.07,268340,92611.0,127678.0,4100.0,4110.0,4046.0,4092.6,22212225,4501.8,3683.4,4440.0,3288.1,4048.9,94,7,4048.8,54,5,4048.7,61,5,4048.6,15,2,4048.5,12,1,4049.5,3,2,4049.9,67,1,4050.0,178,4,4050.5,60,1,4050.9,61,1
11483,2026-07-02 09:47:00+05:30,4049.5,3,4067.07,268340,92698.0,127607.0,4100.0,4110.0,4046.0,4092.6,22212225,4501.8,3683.4,4440.0,3288.1,4049.3,1,1,4048.9,89,6,4048.8,23,3,4048.7,61,5,4048.6,43,4,4049.5,4,3,4049.9,67,1,4050.0,178,4,4050.9,61,1,4051.0,106,2
11483,2026-07-02 09:47:01+05:30,4049.5,1,4067.07,268340,92698.0,127607.0,4100.0,4110.0,4046.0,4092.6,22212225,4501.8,3683.4,4440.0,3288.1,4049.3,1,1,4048.9,89,6,4048.8,23,3,4048.7,61,5,4048.6,43,4,4049.5,4,3,4049.9,67,1,4050.0,178,4,4050.9,61,1,4051.0,106,2
11483,2026-07-02 09:47:01+05:30,4049.5,1,4067.07,268346,92731.0,127623.0,4100.0,4110.0,4046.0,4092.6,22212225,4501.8,3683.4,4440.0,3288.1,4049.3,65,7,4049.2,4,1,4049.0,8,1,4048.9,12,2,4048.8,25,3,4049.5,4,2,4049.9,67,1,4050.0,178,4,4050.9,85,2,4051.0,95,2
11483,2026-07-02 09:47:02+05:30,4049.5,1,4067.07,268346,93008.0,127642.0,4100.0,4110.0,4046.0,4092.6,22212225,4501.8,3683.4,4440.0,3288.1,4049.3,240,8,4049.2,29,2,4049.0,8,1,4048.9,12,2,4048.8,25,3,4049.5,4,2,4049.9,67,1,4050.0,178,4,4050.9,85,2,4051.0,95,2
11483,2026-07-02 09:47:03+05:30,4049.3,8,4067.07,268346,93008.0,127642.0,4100.0,4110.0,4046.0,4092.6,22212225,4501.8,3683.4,4440.0,3288.1,4049.3,240,8,4049.2,29,2,4049.0,8,1,4048.9,12,2,4048.8,25,3,4049.5,4,2,4049.9,67,1,4050.0,178,4,4050.9,85,2,4051.0,95,2
11483,2026-07-02 09:47:03+05:30,4049.3,1,4067.07,268408,93345.0,127299.0,4100.0,4110.0,4046.0,4092.6,22212225,4501.8,3683.4,4440.0,3288.1,4049.3,226,7,4049.2,44,4,4049.0,8,1,4048.9,12,2,4048.8,36,4,4049.9,67,1,4050.0,178,4,4050.9,85,2,4051.0,95,2,4051.2,13,1
11483,2026-07-02 09:47:04+05:30,4049.9,25,4067.07,268408,93345.0,127299.0,4100.0,4110.0,4046.0,4092.6,22212225,4501.8,3683.4,4440.0,3288.1,4049.3,226,7,4049.2,44,4,4049.0,8,1,4048.9,12,2,4048.8,36,4,4049.9,67,1,4050.0,178,4,4050.9,85,2,4051.0,95,2,4051.2,13,1
11483,2026-07-02 09:47:04+05:30,4049.9,1,4067.06,268436,93500.0,127349.0,4100.0,4110.0,4046.0,4092.6,22212225,4501.8,3683.4,4440.0,3288.1,4049.5,1,1,4049.3,201,6,4049.2,44,4,4049.0,35,2,4048.9,12,2,4049.9,43,3,4050.0,236,5,4050.9,85,2,4051.0,95,2,4051.2,13,1
11483,2026-07-02 09:47:05+05:30,4049.5,1,4067.06,268436,93500.0,127349.0,4100.0,4110.0,4046.0,4092.6,22212225,4501.8,3683.4,4440.0,3288.1,4049.5,1,1,4049.3,201,6,4049.2,44,4,4049.0,35,2,4048.9,12,2,4049.9,43,3,4050.0,236,5,4050.9,85,2,4051.0,95,2,4051.2,13,1
11483,2026-07-02 09:47:06+05:30,4049.8,1,4067.06,268448,93350.0,127321.0,4100.0,4110.0,4046.0,4092.6,22212225,4501.8,3683.4,4440.0,3288.1,4049.5,1,1,4049.3,178,2,4049.2,37,2,4049.0,47,3,4048.9,9,1,4049.8,57,2,4049.9,33,3,4050.0,180,5,4050.9,85,2,4051.0,95,2
11483,2026-07-02 09:47:06+05:30,4049.8,2,4067.06,268448,93350.0,127321.0,4100.0,4110.0,4046.0,4092.6,22212225,4501.8,3683.4,4440.0,3288.1,4049.5,1,1,4049.3,178,2,4049.2,37,2,4049.0,47,3,4048.9,9,1,4049.8,57,2,4049.9,33,3,4050.0,180,5,4050.9,85,2,4051.0,95,2
11483,2026-07-02 09:47:07+05:30,4049.8,2,4067.06,268457,93614.0,127352.0,4100.0,4110.0,4046.0,4092.6,22212225,4501.8,3683.4,4440.0,3288.1,4049.5,49,5,4049.3,282,3,4049.2,34,2,4049.1,12,1,4049.0,70,4,4049.8,49,3,4049.9,33,3,4050.0,180,5,4050.9,61,1,4051.0,95,2
11483,2026-07-02 09:47:07+05:30,4049.8,2,4067.06,268457,93614.0,127352.0,4100.0,4110.0,4046.0,4092.6,22212225,4501.8,3683.4,4440.0,3288.1,4049.5,49,5,4049.3,282,3,4049.2,34,2,4049.1,12,1,4049.0,70,4,4049.8,49,3,4049.9,33,3,4050.0,180,5,4050.9,61,1,4051.0,95,2
11483,2026-07-02 09:47:08+05:30,4049.8,2,4067.06,268457,93614.0,127352.0,4100.0,4110.0,4046.0,4092.6,22212225,4501.8,3683.4,4440.0,3288.1,4049.5,49,5,4049.3,282,3,4049.2,34,2,4049.1,12,1,4049.0,70,4,4049.8,49,3,4049.9,33,3,4050.0,180,5,4050.9,61,1,4051.0,95,2
11483,2026-07-02 09:47:08+05:30,4049.8,2,4067.06,268457,93710.0,127378.0,4100.0,4110.0,4046.0,4092.6,22212225,4501.8,3683.4,4440.0,3288.1,4049.5,224,6,4049.3,107,2,4049.2,34,2,4049.1,12,1,4049.0,70,4,4049.8,49,3,4049.9,33,3,4050.0,180,5,4050.9,61,1,4051.0,95,2
11483,2026-07-02 09:47:08+05:30,4049.8,2,4067.06,268457,93710.0,127378.0,4100.0,4110.0,4046.0,4092.6,22212225,4501.8,3683.4,4440.0,3288.1,4049.5,224,6,4049.3,107,2,4049.2,34,2,4049.1,12,1,4049.0,70,4,4049.8,49,3,4049.9,33,3,4050.0,180,5,4050.9,61,1,4051.0,95,2
11483,2026-07-02 09:47:09+05:30,4049.2,5,4067.03,268988,91772.0,128837.0,4100.0,4110.0,4046.0,4092.6,22212225,4501.8,3683.4,4440.0,3288.1,4048.1,79,4,4048.0,304,24,4047.9,50,1,4047.8,106,4,4047.7,111,2,4049.3,22,2,4049.4,22,2,4049.5,87,6,4049.6,25,1,4049.7,40,2
11483,2026-07-02 09:47:09+05:30,4049.2,5,4067.03,268988,91772.0,128837.0,4100.0,4110.0,4046.0,4092.6,22212225,4501.8,3683.4,4440.0,3288.1,4048.1,79,4,4048.0,304,24,4047.9,50,1,4047.8,106,4,4047.7,111,2,4049.3,22,2,4049.4,22,2,4049.5,87,6,4049.6,25,1,4049.7,40,2
11483,2026-07-02 09:47:09+05:30,4049.2,5,4067.03,268988,91772.0,128837.0,4100.0,4110.0,4046.0,4092.6,22212225,4501.8,3683.4,4440.0,3288.1,4048.1,79,4,4048.0,304,24,4047.9,50,1,4047.8,106,4,4047.7,111,2,4049.3,22,2,4049.4,22,2,4049.5,87,6,4049.6,25,1,4049.7,40,2
11483,2026-07-02 09:47:10+05:30,4048.7,3,4067.03,269015,92163.0,128966.0,4100.0,4110.0,4046.0,4092.6,22212225,4501.8,3683.4,4440.0,3288.1,4048.7,21,1,4048.1,33,2,4048.0,304,24,4047.9,50,1,4047.8,106,4,4049.1,11,1,4049.2,8,2,4049.4,22,2,4049.5,41,3,4049.6,25,1
11483,2026-07-02 09:47:10+05:30,4048.7,3,4067.03,269015,92163.0,128966.0,4100.0,4110.0,4046.0,4092.6,22212225,4501.8,3683.4,4440.0,3288.1,4048.7,21,1,4048.1,33,2,4048.0,304,24,4047.9,50,1,4047.8,106,4,4049.1,11,1,4049.2,8,2,4049.4,22,2,4049.5,41,3,4049.6,25,1
11483,2026-07-02 09:47:10+05:30,4048.7,3,4067.03,269015,92163.0,128966.0,4100.0,4110.0,4046.0,4092.6,22212225,4501.8,3683.4,4440.0,3288.1,4048.7,21,1,4048.1,33,2,4048.0,304,24,4047.9,50,1,4047.8,106,4,4049.1,11,1,4049.2,8,2,4049.4,22,2,4049.5,41,3,4049.6,25,1
11483,2026-07-02 09:47:10+05:30,4048.7,3,4067.03,269015,92163.0,128966.0,4100.0,4110.0,4046.0,4092.6,22212225,4501.8,3683.4,4440.0,3288.1,4048.7,21,1,4048.1,33,2,4048.0,304,24,4047.9,50,1,4047.8,106,4,4049.1,11,1,4049.2,8,2,4049.4,22,2,4049.5,41,3,4049.6,25,1
11483,2026-07-02 09:47:11+05:30,4048.7,3,4067.03,269015,92163.0,128966.0,4100.0,4110.0,4046.0,4092.6,22237950,4501.8,3683.4,4440.0,3288.1,4048.7,21,1,4048.1,33,2,4048.0,304,24,4047.9,50,1,4047.8,106,4,4049.1,11,1,4049.2,8,2,4049.4,22,2,4049.5,41,3,4049.6,25,1
11483,2026-07-02 09:47:11+05:30,4048.7,2,4067.03,269021,92010.0,128859.0,4100.0,4110.0,4046.0,4092.6,22237950,4501.8,3683.4,4440.0,3288.1,4048.7,15,1,4048.1,33,2,4048.0,342,26,4047.9,50,1,4047.8,118,5,4049.2,8,2,4049.4,11,1,4049.5,10,1,4049.6,25,1,4049.7,40,2
11483,2026-07-02 09:47:11+05:30,4048.7,1,4067.03,269021,92010.0,128859.0,4100.0,4110.0,4046.0,4092.6,22237950,4501.8,3683.4,4440.0,3288.1,4048.7,15,1,4048.1,33,2,4048.0,342,26,4047.9,50,1,4047.8,118,5,4049.2,8,2,4049.4,11,1,4049.5,10,1,4049.6,25,1,4049.7,40,2
11483,2026-07-02 09:47:11+05:30,4048.7,1,4067.03,269021,92010.0,128859.0,4100.0,4110.0,4046.0,4092.6,22237950,4501.8,3683.4,4440.0,3288.1,4048.7,15,1,4048.1,33,2,4048.0,342,26,4047.9,50,1,4047.8,118,5,4049.2,8,2,4049.4,11,1,4049.5,10,1,4049.6,25,1,4049.7,40,2
11483,2026-07-02 09:47:12+05:30,4048.7,1,4067.03,269021,92010.0,128859.0,4100.0,4110.0,4046.0,4092.6,22237950,4501.8,3683.4,4440.0,3288.1,4048.7,15,1,4048.1,33,2,4048.0,342,26,4047.9,50,1,4047.8,118,5,4049.2,8,2,4049.4,11,1,4049.5,10,1,4049.6,25,1,4049.7,40,2
11483,2026-07-02 09:47:12+05:30,4048.7,1,4067.02,269049,92188.0,128722.0,4100.0,4110.0,4046.0,4092.6,22237950,4501.8,3683.4,4440.0,3288.1,4048.7,13,1,4048.1,33,2,4048.0,342,26,4047.9,50,1,4047.8,111,5,4049.2,10,4,4049.4,16,1,4049.6,37,2,4049.7,61,4,4049.8,16,3
11483,2026-07-02 09:47:12+05:30,4048.7,1,4067.02,269049,92188.0,128722.0,4100.0,4110.0,4046.0,4092.6,22237950,4501.8,3683.4,4440.0,3288.1,4048.7,13,1,4048.1,33,2,4048.0,342,26,4047.9,50,1,4047.8,111,5,4049.2,10,4,4049.4,16,1,4049.6,37,2,4049.7,61,4,4049.8,16,3
11483,2026-07-02 09:47:12+05:30,4048.7,1,4067.02,269049,92188.0,128722.0,4100.0,4110.0,4046.0,4092.6,22237950,4501.8,3683.4,4440.0,3288.1,4048.7,13,1,4048.1,33,2,4048.0,342,26,4047.9,50,1,4047.8,111,5,4049.2,10,4,4049.4,16,1,4049.6,37,2,4049.7,61,4,4049.8,16,3
11483,2026-07-02 09:47:12+05:30,4048.7,1,4067.02,269049,92188.0,128722.0,4100.0,4110.0,4046.0,4092.6,22237950,4501.8,3683.4,4440.0,3288.1,4048.7,13,1,4048.1,33,2,4048.0,342,26,4047.9,50,1,4047.8,111,5,4049.2,10,4,4049.4,16,1,4049.6,37,2,4049.7,61,4,4049.8,16,3
11483,2026-07-02 09:47:13+05:30,4048.7,1,4067.02,269049,92486.0,128734.0,4100.0,4110.0,4046.0,4092.6,22237950,4501.8,3683.4,4440.0,3288.1,4048.7,13,1,4048.1,33,2,4048.0,342,26,4047.9,50,1,4047.8,111,5,4049.2,10,4,4049.6,37,2,4049.7,49,3,4049.8,16,3,4049.9,54,2
11483,2026-07-02 09:47:14+05:30,4048.7,2,4067.02,269073,92376.0,128886.0,4100.0,4110.0,4046.0,4092.6,22237950,4501.8,3683.4,4440.0,3288.1,4048.1,54,3,4048.0,389,26,4047.9,74,3,4047.8,111,5,4047.7,150,5,4048.7,3,1,4049.2,2,2,4049.7,25,1,4049.8,12,1,4049.9,104,3
11483,2026-07-02 09:47:14+05:30,4048.7,2,4067.02,269073,92376.0,128886.0,4100.0,4110.0,4046.0,4092.6,22237950,4501.8,3683.4,4440.0,3288.1,4048.1,54,3,4048.0,389,26,4047.9,74,3,4047.8,111,5,4047.7,150,5,4048.7,3,1,4049.2,2,2,4049.7,25,1,4049.8,12,1,4049.9,104,3
11483,2026-07-02 09:47:15+05:30,4048.7,2,4067.02,269073,92309.0,128875.0,4100.0,4110.0,4046.0,4092.6,22237950,4501.8,3683.4,4440.0,3288.1,4048.1,33,2,4048.0,389,26,4047.9,50,1,4047.8,111,5,4047.7,139,4,4048.7,4,2,4049.2,2,2,4049.7,25,1,4049.8,12,1,4049.9,43,2
11483,2026-07-02 09:47:16+05:30,4048.7,1,4067.02,269082,92313.0,128898.0,4100.0,4110.0,4046.0,4092.6,22237950,4501.8,3683.4,4440.0,3288.1,4048.1,36,3,4048.0,390,27,4047.9,50,1,4047.8,111,5,4047.7,139,4,4048.7,4,4,4049.2,2,2,4049.7,50,2,4049.8,12,1,4049.9,43,2
11483,2026-07-02 09:47:16+05:30,4048.7,1,4067.02,269082,92313.0,128898.0,4100.0,4110.0,4046.0,4092.6,22237950,4501.8,3683.4,4440.0,3288.1,4048.1,36,3,4048.0,390,27,4047.9,50,1,4047.8,111,5,4047.7,139,4,4048.7,4,4,4049.2,2,2,4049.7,50,2,4049.8,12,1,4049.9,43,2
11483,2026-07-02 09:47:17+05:30,4048.1,20,4067.02,269110,92318.0,128854.0,4100.0,4110.0,4046.0,4092.6,22237950,4501.8,3683.4,4440.0,3288.1,4048.1,78,7,4048.0,393,28,4047.9,50,1,4047.8,111,5,4047.7,157,6,4048.7,6,2,4049.2,1,1,4049.7,50,2,4049.9,43,2,4050.0,211,7
11483,2026-07-02 09:47:17+05:30,4048.1,2,4067.02,269110,92318.0,128854.0,4100.0,4110.0,4046.0,4092.6,22237950,4501.8,3683.4,4440.0,3288.1,4048.1,78,7,4048.0,393,28,4047.9,50,1,4047.8,111,5,4047.7,157,6,4048.7,6,2,4049.2,1,1,4049.7,50,2,4049.9,43,2,4050.0,211,7
11483,2026-07-02 09:47:18+05:30,4048.1,2,4067.02,269110,92318.0,128854.0,4100.0,4110.0,4046.0,4092.6,22237950,4501.8,3683.4,4440.0,3288.1,4048.1,78,7,4048.0,393,28,4047.9,50,1,4047.8,111,5,4047.7,157,6,4048.7,6,2,4049.2,1,1,4049.7,50,2,4049.9,43,2,4050.0,211,7
11483,2026-07-02 09:47:18+05:30,4048.1,2,4067.02,269172,92190.0,128723.0,4100.0,4110.0,4046.0,4092.6,22237950,4501.8,3683.4,4440.0,3288.1,4048.7,1,1,4048.1,19,1,4048.0,406,29,4047.9,50,1,4047.8,111,5,4049.5,11,1,4049.6,21,1,4049.7,10,1,4049.8,23,1,4049.9,31,1
11483,2026-07-02 09:47:19+05:30,4048.1,4,4067.02,269172,92190.0,128723.0,4100.0,4110.0,4046.0,4092.6,22237950,4501.8,3683.4,4440.0,3288.1,4048.7,1,1,4048.1,19,1,4048.0,406,29,4047.9,50,1,4047.8,111,5,4049.5,11,1,4049.6,21,1,4049.7,10,1,4049.8,23,1,4049.9,31,1
11483,2026-07-02 09:47:19+05:30,4048.1,4,4067.01,269178,92201.0,129241.0,4100.0,4110.0,4046.0,4092.6,22237950,4501.8,3683.4,4440.0,3288.1,4048.0,392,27,4047.9,50,1,4047.8,111,5,4047.7,131,4,4047.5,21,3,4049.3,21,1,4049.4,40,2,4049.5,11,1,4049.6,35,1,4049.7,10,1
11483,2026-07-02 09:47:20+05:30,4048.1,4,4067.01,269178,92395.0,129015.0,4100.0,4110.0,4046.0,4092.6,22237950,4501.8,3683.4,4440.0,3288.1,4048.7,11,2,4048.5,9,1,4048.0,405,28,4047.9,50,1,4047.8,134,6,4049.6,21,1,4049.8,19,1,4049.9,31,1,4050.0,484,10,4050.2,47,3
11483,2026-07-02 09:47:21+05:30,4049.6,10,4067.01,269178,92395.0,129015.0,4100.0,4110.0,4046.0,4092.6,22237950,4501.8,3683.4,4440.0,3288.1,4048.7,11,2,4048.5,9,1,4048.0,405,28,4047.9,50,1,4047.8,134,6,4049.6,21,1,4049.8,19,1,4049.9,31,1,4050.0,484,10,4050.2,47,3
11483,2026-07-02 09:47:21+05:30,4049.6,10,4067.01,269190,92373.0,128848.0,4100.0,4110.0,4046.0,4092.6,22237950,4501.8,3683.4,4440.0,3288.1,4048.7,29,2,4048.5,9,1,4048.1,48,1,4048.0,405,28,4047.9,50,1,4049.8,23,1,4049.9,31,1,4050.0,479,9,4050.2,2,1,4050.3,20,1
11483,2026-07-02 09:47:22+05:30,4049.6,10,4067.01,269190,92559.0,128932.0,4100.0,4110.0,4046.0,4092.6,22237950,4501.8,3683.4,4440.0,3288.1,4048.7,9,1,4048.5,9,1,4048.0,405,28,4047.9,50,1,4047.8,146,7,4049.6,11,3,4049.8,5,1,4049.9,31,1,4050.0,479,9,4050.2,59,3
11483,2026-07-02 09:47:23+05:30,4049.6,10,4067.01,269190,92431.0,128907.0,4100.0,4110.0,4046.0,4092.6,22237950,4501.8,3683.4,4440.0,3288.1,4048.7,34,2,4048.5,9,1,4048.0,419,29,4047.9,50,1,4047.8,146,7,4049.6,2,2,4049.8,5,1,4049.9,31,1,4050.0,479,9,4050.2,37,2
11483,2026-07-02 09:47:24+05:30,4049.8,3,4067.01,269196,92479.0,128888.0,4100.0,4110.0,4046.0,4092.6,22237950,4501.8,3683.4,4440.0,3288.1,4048.7,34,2,4048.5,9,1,4048.1,48,1,4048.0,419,29,4047.9,50,1,4049.8,2,1,4049.9,31,1,4050.0,465,8,4050.2,37,2,4050.3,20,1
11483,2026-07-02 09:47:25+05:30,4049.9,8,4067.01,269196,92479.0,128888.0,4100.0,4110.0,4046.0,4092.6,22237950,4501.8,3683.4,4440.0,3288.1,4048.7,34,2,4048.5,9,1,4048.1,48,1,4048.0,419,29,4047.9,50,1,4049.8,2,1,4049.9,31,1,4050.0,465,8,4050.2,37,2,4050.3,20,1
11483,2026-07-02 09:47:25+05:30,4049.8,6,4067.01,269212,92514.0,128899.0,4100.0,4110.0,4046.0,4092.6,22237950,4501.8,3683.4,4440.0,3288.1,4048.7,34,2,4048.5,9,1,4048.1,48,1,4048.0,430,30,4047.9,50,1,4049.8,3,1,4049.9,25,3,4050.0,465,8,4050.2,37,2,4050.3,20,1
11483,2026-07-02 09:47:26+05:30,4049.8,2,4067.01,269212,92514.0,128899.0,4100.0,4110.0,4046.0,4092.6,22237950,4501.8,3683.4,4440.0,3288.1,4048.7,34,2,4048.5,9,1,4048.1,48,1,4048.0,430,30,4047.9,50,1,4049.8,3,1,4049.9,25,3,4050.0,465,8,4050.2,37,2,4050.3,20,1
11483,2026-07-02 09:47:26+05:30,4049.8,2,4067.01,269219,92434.0,128425.0,4100.0,4110.0,4046.0,4092.6,22237950,4501.8,3683.4,4440.0,3288.1,4048.7,34,2,4048.5,9,1,4048.3,13,1,4048.1,48,1,4048.0,431,30,4049.8,1,1,4049.9,25,3,4050.0,482,10,4050.2,58,3,4050.3,20,1
11483,2026-07-02 09:47:27+05:30,4048.7,1,4067.01,269219,92434.0,128425.0,4100.0,4110.0,4046.0,4092.6,22237950,4501.8,3683.4,4440.0,3288.1,4048.7,34,2,4048.5,9,1,4048.3,13,1,4048.1,48,1,4048.0,431,30,4049.8,1,1,4049.9,25,3,4050.0,482,10,4050.2,58,3,4050.3,20,1
11483,2026-07-02 09:47:27+05:30,4048.7,1,4067.01,269220,92435.0,128389.0,4100.0,4110.0,4046.0,4092.6,22237950,4501.8,3683.4,4440.0,3288.1,4048.7,33,2,4048.5,9,1,4048.3,13,1,4048.1,48,1,4048.0,442,31,4049.8,1,1,4049.9,25,3,4050.0,482,10,4050.2,58,3,4050.3,20,1
11483,2026-07-02 09:47:28+05:30,4049.9,10,4067.0,269340,92555.0,128590.0,4100.0,4110.0,4046.0,4092.6,22237950,4501.8,3683.4,4440.0,3288.1,4048.7,33,2,4048.5,9,1,4048.3,13,1,4048.1,48,1,4048.0,442,31,4049.9,67,1,4050.0,497,11,4050.2,36,2,4050.3,20,1,4050.4,17,1
11483,2026-07-02 09:47:29+05:30,4049.9,10,4067.0,269340,92555.0,128590.0,4100.0,4110.0,4046.0,4092.6,22237950,4501.8,3683.4,4440.0,3288.1,4048.7,33,2,4048.5,9,1,4048.3,13,1,4048.1,48,1,4048.0,442,31,4049.9,67,1,4050.0,497,11,4050.2,36,2,4050.3,20,1,4050.4,17,1
11483,2026-07-02 09:47:29+05:30,4049.0,1,4067.0,269341,92678.0,129017.0,4100.0,4110.0,4046.0,4092.6,22237950,4501.8,3683.4,4440.0,3288.1,4048.7,33,2,4048.5,9,1,4048.2,30,1,4048.1,5,1,4048.0,442,31,4049.0,2,2,4049.8,15,1,4049.9,70,3,4050.0,497,11,4050.1,44,2
11483,2026-07-02 09:47:30+05:30,4049.0,1,4067.0,269341,92678.0,129017.0,4100.0,4110.0,4046.0,4092.6,22237950,4501.8,3683.4,4440.0,3288.1,4048.7,33,2,4048.5,9,1,4048.2,30,1,4048.1,5,1,4048.0,442,31,4049.0,2,2,4049.8,15,1,4049.9,70,3,4050.0,497,11,4050.1,44,2
11483,2026-07-02 09:47:30+05:30,4049.5,2,4067.0,269346,92478.0,128790.0,4100.0,4110.0,4046.0,4092.6,22237950,4501.8,3683.4,4440.0,3288.1,4048.7,33,2,4048.5,9,1,4048.2,30,1,4048.1,10,2,4048.0,430,30,4049.8,38,3,4049.9,94,5,4050.0,521,13,4050.1,39,1,4050.2,36,2
11483,2026-07-02 09:47:31+05:30,4049.6,1,4067.0,269346,92478.0,128790.0,4100.0,4110.0,4046.0,4092.6,22237950,4501.8,3683.4,4440.0,3288.1,4048.7,33,2,4048.5,9,1,4048.2,30,1,4048.1,10,2,4048.0,430,30,4049.8,38,3,4049.9,94,5,4050.0,521,13,4050.1,39,1,4050.2,36,2
11483,2026-07-02 09:47:32+05:30,4049.6,1,4067.0,269347,92492.0,129133.0,4100.0,4110.0,4046.0,4092.6,22237950,4501.8,3683.4,4440.0,3288.1,4049.0,1,1,4048.7,33,2,4048.5,9,1,4048.2,30,1,4048.1,77,3,4049.6,144,1,4049.7,23,2,4049.8,38,3,4049.9,94,5,4050.0,505,11
11483,2026-07-02 09:47:33+05:30,4049.6,10,4067.0,269357,92340.0,129126.0,4100.0,4110.0,4046.0,4092.6,22237950,4501.8,3683.4,4440.0,3288.1,4049.0,1,1,4048.7,33,2,4048.5,9,1,4048.2,30,1,4048.1,77,3,4049.6,135,2,4049.7,11,1,4049.8,38,3,4049.9,94,5,4050.0,505,11
11483,2026-07-02 09:47:33+05:30,4049.6,1,4067.0,269357,92340.0,129126.0,4100.0,4110.0,4046.0,4092.6,22237950,4501.8,3683.4,4440.0,3288.1,4049.0,1,1,4048.7,33,2,4048.5,9,1,4048.2,30,1,4048.1,77,3,4049.6,135,2,4049.7,11,1,4049.8,38,3,4049.9,94,5,4050.0,505,11
11483,2026-07-02 09:47:34+05:30,4049.0,1,4067.0,269359,92928.0,129094.0,4100.0,4110.0,4046.0,4092.6,22237950,4501.8,3683.4,4440.0,3288.1,4048.7,33,2,4048.5,9,1,4048.2,51,2,4048.1,10,2,4048.0,462,30,4049.0,136,3,4049.6,1,1,4049.8,15,1,4049.9,67,1,4050.0,481,9
11483,2026-07-02 09:47:34+05:30,4049.0,1,4067.0,269359,92928.0,129094.0,4100.0,4110.0,4046.0,4092.6,22237950,4501.8,3683.4,4440.0,3288.1,4048.7,33,2,4048.5,9,1,4048.2,51,2,4048.1,10,2,4048.0,462,30,4049.0,136,3,4049.6,1,1,4049.8,15,1,4049.9,67,1,4050.0,481,9
11483,2026-07-02 09:47:35+05:30,4049.0,1,4067.0,269359,93115.0,129089.0,4100.0,4110.0,4046.0,4092.6,22237950,4501.8,3683.4,4440.0,3288.1,4048.7,52,3,4048.5,9,1,4048.2,51,2,4048.1,10,2,4048.0,462,30,4049.0,137,4,4049.6,1,1,4049.8,15,1,4049.9,67,1,4050.0,481,9
11483,2026-07-02 09:47:36+05:30,4048.7,1,4067.0,269363,93098.0,129088.0,4100.0,4110.0,4046.0,4092.6,22237950,4501.8,3683.4,4440.0,3288.1,4048.7,50,3,4048.5,9,1,4048.4,12,1,4048.2,51,2,4048.1,10,2,4049.0,136,4,4049.6,1,1,4049.8,15,1,4049.9,67,1,4050.0,481,9
11483,2026-07-02 09:47:36+05:30,4048.7,1,4067.0,269363,93098.0,129088.0,4100.0,4110.0,4046.0,4092.6,22237950,4501.8,3683.4,4440.0,3288.1,4048.7,50,3,4048.5,9,1,4048.4,12,1,4048.2,51,2,4048.1,10,2,4049.0,136,4,4049.6,1,1,4049.8,15,1,4049.9,67,1,4050.0,481,9
11483,2026-07-02 09:47:37+05:30,4049.0,29,4067.0,269393,93069.0,129141.0,4100.0,4110.0,4046.0,4092.6,22237950,4501.8,3683.4,4440.0,3288.1,4048.7,31,2,4048.5,9,1,4048.2,30,1,4048.1,10,2,4048.0,430,28,4049.0,110,6,4049.6,1,1,4049.8,15,1,4049.9,67,1,4050.0,481,9
11483,2026-07-02 09:47:37+05:30,4049.0,29,4067.0,269393,93069.0,129141.0,4100.0,4110.0,4046.0,4092.6,22237950,4501.8,3683.4,4440.0,3288.1,4048.7,31,2,4048.5,9,1,4048.2,30,1,4048.1,10,2,4048.0,430,28,4049.0,110,6,4049.6,1,1,4049.8,15,1,4049.9,67,1,4050.0,481,9
11483,2026-07-02 09:47:38+05:30,4049.0,3,4066.99,269535,93046.0,128548.0,4100.0,4110.0,4046.0,4092.6,22237950,4501.8,3683.4,4440.0,3288.1,4049.0,97,1,4048.7,31,2,4048.6,4,1,4048.5,9,1,4048.3,74,2,4049.9,67,1,4050.0,476,8,4050.1,39,1,4050.2,2,1,4050.3,20,1
11483,2026-07-02 09:47:38+05:30,4049.0,2,4066.99,269535,93046.0,128548.0,4100.0,4110.0,4046.0,4092.6,22237950,4501.8,3683.4,4440.0,3288.1,4049.0,97,1,4048.7,31,2,4048.6,4,1,4048.5,9,1,4048.3,74,2,4049.9,67,1,4050.0,476,8,4050.1,39,1,4050.2,2,1,4050.3,20,1
11483,2026-07-02 09:47:39+05:30,4049.9,5,4066.99,269548,93250.0,128399.0,4100.0,4110.0,4046.0,4092.6,22237950,4501.8,3683.4,4440.0,3288.1,4049.6,80,1,4049.0,94,1,4048.7,12,1,4048.6,4,1,4048.5,9,1,4049.9,59,3,4050.0,476,8,4050.1,39,1,4050.2,2,1,4050.6,39,2
11483,2026-07-02 09:47:39+05:30,4049.9,5,4066.99,269548,93250.0,128399.0,4100.0,4110.0,4046.0,4092.6,22237950,4501.8,3683.4,4440.0,3288.1,4049.6,80,1,4049.0,94,1,4048.7,12,1,4048.6,4,1,4048.5,9,1,4049.9,59,3,4050.0,476,8,4050.1,39,1,4050.2,2,1,4050.6,39,2
11483,2026-07-02 09:47:40+05:30,4049.0,9,4066.98,269641,92877.0,128500.0,4100.0,4110.0,4046.0,4092.6,22237950,4501.8,3683.4,4440.0,3288.1,4049.0,81,1,4048.7,12,1,4048.5,9,1,4048.4,106,1,4048.2,30,1,4049.8,46,3,4049.9,91,5,4050.0,492,10,4050.1,39,1,4050.2,2,1
11483,2026-07-02 09:47:40+05:30,4049.0,1,4066.98,269641,92877.0,128500.0,4100.0,4110.0,4046.0,4092.6,22237950,4501.8,3683.4,4440.0,3288.1,4049.0,81,1,4048.7,12,1,4048.5,9,1,4048.4,106,1,4048.2,30,1,4049.8,46,3,4049.9,91,5,4050.0,492,10,4050.1,39,1,4050.2,2,1
11483,2026-07-02 09:47:41+05:30,4049.6,10,4066.98,269641,92877.0,128500.0,4100.0,4110.0,4046.0,4092.6,22237950,4501.8,3683.4,4440.0,3288.1,4049.0,81,1,4048.7,12,1,4048.5,9,1,4048.4,106,1,4048.2,30,1,4049.8,46,3,4049.9,91,5,4050.0,492,10,4050.1,39,1,4050.2,2,1
11483,2026-07-02 09:47:41+05:30,4049.6,3,4066.96,270057,92577.0,128364.0,4100.0,4110.0,4046.0,4092.6,22237950,4501.8,3683.4,4440.0,3288.1,4049.0,81,2,4048.8,3,1,4048.7,12,1,4048.5,20,2,4048.4,106,1,4049.6,4,2,4049.8,10,1,4049.9,59,3,4050.0,524,13,4050.1,39,1
11483,2026-07-02 09:47:42+05:30,4049.6,1,4066.96,270057,92577.0,128364.0,4100.0,4110.0,4046.0,4092.6,22237950,4501.8,3683.4,4440.0,3288.1,4049.0,81,2,4048.8,3,1,4048.7,12,1,4048.5,20,2,4048.4,106,1,4049.6,4,2,4049.8,10,1,4049.9,59,3,4050.0,524,13,4050.1,39,1
11483,2026-07-02 09:47:42+05:30,4049.6,1,4066.96,270058,92576.0,128379.0,4100.0,4110.0,4046.0,4092.6,22237950,4501.8,3683.4,4440.0,3288.1,4049.0,81,2,4048.8,3,1,4048.7,12,1,4048.5,20,2,4048.4,106,1,4049.6,4,3,4049.8,10,1,4049.9,64,4,4050.0,519,12,4050.1,39,1
11483,2026-07-02 09:47:43+05:30,4049.9,15,4066.96,270058,92576.0,128379.0,4100.0,4110.0,4046.0,4092.6,22237950,4501.8,3683.4,4440.0,3288.1,4049.0,81,2,4048.8,3,1,4048.7,12,1,4048.5,20,2,4048.4,106,1,4049.6,4,3,4049.8,10,1,4049.9,64,4,4050.0,519,12,4050.1,39,1
11483,2026-07-02 09:47:43+05:30,4049.9,15,4066.95,270183,92884.0,128310.0,4100.0,4110.0,4046.0,4092.6,22237950,4501.8,3683.4,4440.0,3288.1,4049.0,163,6,4048.9,5,1,4048.8,25,3,4048.7,30,2,4048.6,12,1,4049.9,21,8,4050.0,492,9,4050.1,39,1,4050.9,77,2,4051.0,46,3
11483,2026-07-02 09:47:44+05:30,4050.0,4,4066.95,270183,92884.0,128310.0,4100.0,4110.0,4046.0,4092.6,22237950,4501.8,3683.4,4440.0,3288.1,4049.0,163,6,4048.9,5,1,4048.8,25,3,4048.7,30,2,4048.6,12,1,4049.9,21,8,4050.0,492,9,4050.1,39,1,4050.9,77,2,4051.0,46,3
11483,2026-07-02 09:47:44+05:30,4050.0,4,4066.94,270296,92946.0,128312.0,4100.0,4110.0,4046.0,4092.6,22237950,4501.8,3683.4,4440.0,3288.1,4049.0,163,6,4048.9,5,1,4048.8,17,3,4048.7,31,3,4048.5,114,6,4050.0,491,11,4050.1,39,1,4050.9,83,3,4051.0,46,3,4051.1,3,1
11483,2026-07-02 09:47:45+05:30,4049.6,1,4066.94,270296,92946.0,128312.0,4100.0,4110.0,4046.0,4092.6,22237950,4501.8,3683.4,4440.0,3288.1,4049.0,163,6,4048.9,5,1,4048.8,17,3,4048.7,31,3,4048.5,114,6,4050.0,491,11,4050.1,39,1,4050.9,83,3,4051.0,46,3,4051.1,3,1
11483,2026-07-02 09:47:45+05:30,4049.8,1,4066.94,270299,93007.0,128367.0,4100.0,4110.0,4046.0,4092.6,22237950,4501.8,3683.4,4440.0,3288.1,4049.0,162,7,4048.9,17,2,4048.8,17,3,4048.7,13,2,4048.5,53,4,4049.8,79,1,4050.0,410,10,4050.1,39,1,4050.9,77,2,4051.0,46,3
11483,2026-07-02 09:47:46+05:30,4049.8,7,4066.94,270299,93007.0,128367.0,4100.0,4110.0,4046.0,4092.6,22237950,4501.8,3683.4,4440.0,3288.1,4049.0,162,7,4048.9,17,2,4048.8,17,3,4048.7,13,2,4048.5,53,4,4049.8,79,1,4050.0,410,10,4050.1,39,1,4050.9,77,2,4051.0,46,3
11483,2026-07-02 09:47:46+05:30,4049.8,2,4066.94,270313,92988.0,128366.0,4100.0,4110.0,4046.0,4092.6,22237950,4501.8,3683.4,4440.0,3288.1,4049.0,162,7,4048.9,17,2,4048.8,17,3,4048.7,13,2,4048.5,53,4,4049.8,66,2,4050.0,410,10,4050.1,39,1,4050.9,77,2,4051.0,46,3
11483,2026-07-02 09:47:47+05:30,4050.0,23,4066.94,270313,92988.0,128366.0,4100.0,4110.0,4046.0,4092.6,22237950,4501.8,3683.4,4440.0,3288.1,4049.0,162,7,4048.9,17,2,4048.8,17,3,4048.7,13,2,4048.5,53,4,4049.8,66,2,4050.0,410,10,4050.1,39,1,4050.9,77,2,4051.0,46,3
11483,2026-07-02 09:47:47+05:30,4050.0,135,4066.9,271013,92997.0,128082.0,4100.0,4110.0,4046.0,4092.6,22237950,4501.8,3683.4,4440.0,3288.1,4049.0,152,6,4048.8,3,1,4048.7,15,3,4048.6,12,1,4048.5,60,3,4050.0,188,7,4050.1,39,1,4050.8,16,1,4050.9,102,4,4051.0,51,4
11483,2026-07-02 09:47:48+05:30,4050.0,135,4066.9,271013,92997.0,128082.0,4100.0,4110.0,4046.0,4092.6,22237950,4501.8,3683.4,4440.0,3288.1,4049.0,152,6,4048.8,3,1,4048.7,15,3,4048.6,12,1,4048.5,60,3,4050.0,188,7,4050.1,39,1,4050.8,16,1,4050.9,102,4,4051.0,51,4
11483,2026-07-02 09:47:48+05:30,4049.9,2,4066.9,271015,92976.0,128044.0,4100.0,4110.0,4046.0,4092.6,22237950,4501.8,3683.4,4440.0,3288.1,4049.0,154,7,4048.8,3,1,4048.7,15,3,4048.5,20,2,4048.4,106,1,4049.9,21,1,4050.0,199,10,4050.1,39,1,4050.9,98,3,4051.0,46,3
11483,2026-07-02 09:47:49+05:30,4049.0,1,4066.9,271015,92976.0,128044.0,4100.0,4110.0,4046.0,4092.6,22237950,4501.8,3683.4,4440.0,3288.1,4049.0,154,7,4048.8,3,1,4048.7,15,3,4048.5,20,2,4048.4,106,1,4049.9,21,1,4050.0,199,10,4050.1,39,1,4050.9,98,3,4051.0,46,3
11483,2026-07-02 09:47:49+05:30,4049.0,2,4066.9,271038,93065.0,128026.0,4100.0,4110.0,4046.0,4092.6,22237950,4501.8,3683.4,4440.0,3288.1,4049.0,135,7,4048.8,3,1,4048.7,27,4,4048.5,85,3,4048.4,145,2,4049.9,17,1,4050.0,207,9,4050.1,39,1,4050.9,103,4,4051.0,46,3
11483,2026-07-02 09:47:50+05:30,4049.0,1,4066.9,271038,93065.0,128026.0,4100.0,4110.0,4046.0,4092.6,22237950,4501.8,3683.4,4440.0,3288.1,4049.0,135,7,4048.8,3,1,4048.7,27,4,4048.5,85,3,4048.4,145,2,4049.9,17,1,4050.0,207,9,4050.1,39,1,4050.9,103,4,4051.0,46,3
11483,2026-07-02 09:47:50+05:30,4049.0,40,4066.88,271285,92517.0,128679.0,4100.0,4110.0,4046.0,4092.6,22237950,4501.8,3683.4,4440.0,3288.1,4048.8,3,1,4048.7,15,3,4048.5,9,1,4048.4,106,1,4048.2,30,1,4049.0,18,6,4049.1,8,2,4049.2,5,1,4049.3,11,2,4049.4,28,3
11483,2026-07-02 09:47:51+05:30,4048.7,2,4066.88,271285,92517.0,128679.0,4100.0,4110.0,4046.0,4092.6,22237950,4501.8,3683.4,4440.0,3288.1,4048.8,3,1,4048.7,15,3,4048.5,9,1,4048.4,106,1,4048.2,30,1,4049.0,18,6,4049.1,8,2,4049.2,5,1,4049.3,11,2,4049.4,28,3
11483,2026-07-02 09:47:51+05:30,4048.7,4,4066.88,271325,92530.0,128920.0,4100.0,4110.0,4046.0,4092.6,22237950,4501.8,3683.4,4440.0,3288.1,4048.7,8,3,4048.5,9,1,4048.4,106,1,4048.2,30,1,4048.1,20,3,4049.0,9,4,4049.1,16,2,4049.2,7,1,4049.3,11,2,4049.4,28,3
11483,2026-07-02 09:47:52+05:30,4048.7,1,4066.88,271325,92530.0,128920.0,4100.0,4110.0,4046.0,4092.6,22237950,4501.8,3683.4,4440.0,3288.1,4048.7,8,3,4048.5,9,1,4048.4,106,1,4048.2,30,1,4048.1,20,3,4049.0,9,4,4049.1,16,2,4049.2,7,1,4049.3,11,2,4049.4,28,3
11483,2026-07-02 09:47:53+05:30,4047.4,1,4066.81,272333,90018.0,130112.0,4100.0,4110.0,4046.0,4092.6,22237950,4501.8,3683.4,4440.0,3288.1,4047.2,10,1,4047.1,16,4,4047.0,2415,36,4046.8,1,1,4046.7,102,3,4047.4,29,5,4047.7,6,1,4047.9,46,5,4048.0,53,6,4048.1,37,4
11483,2026-07-02 09:47:53+05:30,4047.4,1,4066.81,272333,90018.0,130112.0,4100.0,4110.0,4046.0,4092.6,22237950,4501.8,3683.4,4440.0,3288.1,4047.2,10,1,4047.1,16,4,4047.0,2415,36,4046.8,1,1,4046.7,102,3,4047.4,29,5,4047.7,6,1,4047.9,46,5,4048.0,53,6,4048.1,37,4
11483,2026-07-02 09:47:54+05:30,4047.4,11,4066.8,272397,90446.0,130264.0,4100.0,4110.0,4046.0,4092.6,22237950,4501.8,3683.4,4440.0,3288.1,4047.1,16,4,4047.0,2415,36,4046.8,1,1,4046.7,102,3,4046.6,20,2,4047.4,13,6,4047.6,12,1,4047.7,8,1,4047.9,77,5,4048.0,22,4
11483,2026-07-02 09:47:54+05:30,4047.4,1,4066.8,272397,90446.0,130264.0,4100.0,4110.0,4046.0,4092.6,22237950,4501.8,3683.4,4440.0,3288.1,4047.1,16,4,4047.0,2415,36,4046.8,1,1,4046.7,102,3,4046.6,20,2,4047.4,13,6,4047.6,12,1,4047.7,8,1,4047.9,77,5,4048.0,22,4
11483,2026-07-02 09:47:55+05:30,4047.4,1,4066.8,272398,90438.0,130218.0,4100.0,4110.0,4046.0,4092.6,22237950,4501.8,3683.4,4440.0,3288.1,4047.1,16,4,4047.0,2415,36,4046.8,1,1,4046.7,102,3,4046.6,20,2,4047.4,34,8,4047.5,5,1,4047.7,8,1,4047.9,77,5,4048.0,22,4
11483,2026-07-02 09:47:56+05:30,4047.1,2,4066.8,272414,90516.0,130164.0,4100.0,4110.0,4046.0,4092.6,22237950,4501.8,3683.4,4440.0,3288.1,4047.0,2415,36,4046.8,1,1,4046.7,102,3,4046.6,20,2,4046.5,86,4,4047.1,14,6,4047.4,24,6,4047.5,5,1,4047.6,19,1,4047.7,8,1
11483,2026-07-02 09:47:56+05:30,4047.1,2,4066.8,272414,90516.0,130164.0,4100.0,4110.0,4046.0,4092.6,22237950,4501.8,3683.4,4440.0,3288.1,4047.0,2415,36,4046.8,1,1,4046.7,102,3,4046.6,20,2,4046.5,86,4,4047.1,14,6,4047.4,24,6,4047.5,5,1,4047.6,19,1,4047.7,8,1
11483,2026-07-02 09:47:57+05:30,4045.4,1,4066.55,275821,85600.0,130072.0,4100.0,4110.0,4045.4,4092.6,22237950,4501.8,3683.4,4440.0,3288.1,4045.3,20,3,4045.2,25,3,4045.1,7,3,4045.0,1634,97,4044.9,1,1,4045.6,19,1,4045.7,47,3,4045.8,5,1,4046.0,13,2,4046.1,12,1
11483,2026-07-02 09:47:57+05:30,4045.4,1,4066.55,275821,85600.0,130072.0,4100.0,4110.0,4045.4,4092.6,22237950,4501.8,3683.4,4440.0,3288.1,4045.3,20,3,4045.2,25,3,4045.1,7,3,4045.0,1634,97,4044.9,1,1,4045.6,19,1,4045.7,47,3,4045.8,5,1,4046.0,13,2,4046.1,12,1
11483,2026-07-02 09:47:58+05:30,4045.3,1,4066.54,276017,86344.0,128380.0,4100.0,4110.0,4045.3,4092.6,22237950,4501.8,3683.4,4440.0,3288.1,4045.2,25,3,4045.1,7,3,4045.0,1634,97,4044.9,1,1,4044.6,6,2,4045.3,16,4,4045.4,52,3,4045.7,30,1,4045.8,5,1,4046.0,15,1
11483,2026-07-02 09:47:58+05:30,4045.3,1,4066.54,276017,86344.0,128380.0,4100.0,4110.0,4045.3,4092.6,22237950,4501.8,3683.4,4440.0,3288.1,4045.2,25,3,4045.1,7,3,4045.0,1634,97,4044.9,1,1,4044.6,6,2,4045.3,16,4,4045.4,52,3,4045.7,30,1,4045.8,5,1,4046.0,15,1
11483,2026-07-02 09:47:59+05:30,4045.3,1,4066.54,276017,86344.0,128380.0,4100.0,4110.0,4045.3,4092.6,22237950,4501.8,3683.4,4440.0,3288.1,4045.2,25,3,4045.1,7,3,4045.0,1634,97,4044.9,1,1,4044.6,6,2,4045.3,16,4,4045.4,52,3,4045.7,30,1,4045.8,5,1,4046.0,15,1
11483,2026-07-02 09:47:59+05:30,4045.3,1,4066.52,276235,86641.0,129818.0,4100.0,4110.0,4045.0,4092.6,22237950,4501.8,3683.4,4440.0,3288.1,4045.0,1508,88,4044.9,1,1,4044.6,6,2,4044.5,20,1,4044.4,23,2,4045.3,7,4,4045.4,52,3,4045.7,30,1,4045.8,5,1,4046.0,15,1
11483,2026-07-02 09:48:00+05:30,4045.3,1,4066.52,276235,86641.0,129818.0,4100.0,4110.0,4045.0,4092.6,22237950,4501.8,3683.4,4440.0,3288.1,4045.0,1508,88,4044.9,1,1,4044.6,6,2,4044.5,20,1,4044.4,23,2,4045.3,7,4,4045.4,52,3,4045.7,30,1,4045.8,5,1,4046.0,15,1
11483,2026-07-02 09:48:00+05:30,4045.3,1,4066.52,276236,86760.0,129779.0,4100.0,4110.0,4045.0,4092.6,22237950,4501.8,3683.4,4440.0,3288.1,4045.0,1608,89,4044.9,1,1,4044.6,6,2,4044.5,20,1,4044.4,23,2,4045.3,6,4,4045.4,52,3,4045.7,30,1,4045.8,5,1,4046.0,15,1
11483,2026-07-02 09:48:01+05:30,4045.4,16,4066.52,276236,86760.0,129779.0,4100.0,4110.0,4045.0,4092.6,22237950,4501.8,3683.4,4440.0,3288.1,4045.0,1608,89,4044.9,1,1,4044.6,6,2,4044.5,20,1,4044.4,23,2,4045.3,6,4,4045.4,52,3,4045.7,30,1,4045.8,5,1,4046.0,15,1
11483,2026-07-02 09:48:01+05:30,4045.4,16,4066.5,276524,87038.0,129658.0,4100.0,4110.0,4045.0,4092.6,22237950,4501.8,3683.4,4440.0,3288.1,4045.0,1620,90,4044.9,1,1,4044.8,12,1,4044.7,11,1,4044.6,6,2,4045.4,36,2,4045.5,33,1,4045.7,30,1,4045.8,5,1,4046.0,15,1
11483,2026-07-02 09:48:02+05:30,4045.3,1,4066.5,276529,86912.0,129663.0,4100.0,4110.0,4045.0,4092.6,22237950,4501.8,3683.4,4440.0,3288.1,4045.0,1633,92,4044.9,1,1,4044.6,18,3,4044.5,20,1,4044.4,23,2,4045.3,32,2,4045.4,6,2,4045.5,33,1,4045.7,30,1,4045.8,5,1
11483,2026-07-02 09:48:02+05:30,4045.3,1,4066.5,276529,86912.0,129663.0,4100.0,4110.0,4045.0,4092.6,22237950,4501.8,3683.4,4440.0,3288.1,4045.0,1633,92,4044.9,1,1,4044.6,18,3,4044.5,20,1,4044.4,23,2,4045.3,32,2,4045.4,6,2,4045.5,33,1,4045.7,30,1,4045.8,5,1
11483,2026-07-02 09:48:03+05:30,4045.3,1,4066.5,276529,86912.0,129663.0,4100.0,4110.0,4045.0,4092.6,22237950,4501.8,3683.4,4440.0,3288.1,4045.0,1633,92,4044.9,1,1,4044.6,18,3,4044.5,20,1,4044.4,23,2,4045.3,32,2,4045.4,6,2,4045.5,33,1,4045.7,30,1,4045.8,5,1
11483,2026-07-02 09:48:03+05:30,4045.3,1,4066.5,276531,86956.0,129583.0,4100.0,4110.0,4045.0,4092.6,22237950,4501.8,3683.4,4440.0,3288.1,4045.0,1663,93,4044.9,1,1,4044.6,28,4,4044.5,32,2,4044.4,37,3,4045.3,31,3,4045.4,6,2,4045.5,33,1,4045.7,30,1,4045.8,5,1
11483,2026-07-02 09:48:04+05:30,4045.0,1,4066.5,276531,86956.0,129583.0,4100.0,4110.0,4045.0,4092.6,22237950,4501.8,3683.4,4440.0,3288.1,4045.0,1663,93,4044.9,1,1,4044.6,28,4,4044.5,32,2,4044.4,37,3,4045.3,31,3,4045.4,6,2,4045.5,33,1,4045.7,30,1,4045.8,5,1
11483,2026-07-02 09:48:04+05:30,4045.3,1,4066.5,276577,87234.0,129603.0,4100.0,4110.0,4045.0,4092.6,22237950,4501.8,3683.4,4440.0,3288.1,4045.1,83,5,4045.0,1794,93,4044.9,1,1,4044.8,46,3,4044.7,9,1,4045.3,52,2,4045.4,6,2,4045.5,33,1,4045.7,30,1,4045.8,5,1
11483,2026-07-02 09:48:05+05:30,4045.1,1,4066.5,276577,87234.0,129603.0,4100.0,4110.0,4045.0,4092.6,22237950,4501.8,3683.4,4440.0,3288.1,4045.1,83,5,4045.0,1794,93,4044.9,1,1,4044.8,46,3,4044.7,9,1,4045.3,52,2,4045.4,6,2,4045.5,33,1,4045.7,30,1,4045.8,5,1
11483,2026-07-02 09:48:05+05:30,4045.1,1,4066.5,276591,87238.0,129168.0,4100.0,4110.0,4045.0,4092.6,22237950,4501.8,3683.4,4440.0,3288.1,4045.2,50,1,4045.1,36,3,4045.0,1808,96,4044.9,7,2,4044.8,15,2,4045.3,54,4,4045.4,6,2,4045.5,33,1,4045.7,30,1,4045.8,5,1
11483,2026-07-02 09:48:06+05:30,4045.3,8,4066.5,276591,87238.0,129168.0,4100.0,4110.0,4045.0,4092.6,22237950,4501.8,3683.4,4440.0,3288.1,4045.2,50,1,4045.1,36,3,4045.0,1808,96,4044.9,7,2,4044.8,15,2,4045.3,54,4,4045.4,6,2,4045.5,33,1,4045.7,30,1,4045.8,5,1
11483,2026-07-02 09:48:06+05:30,4045.0,16,4066.46,277002,86167.0,129556.0,4100.0,4110.0,4045.0,4092.6,22237950,4501.8,3683.4,4440.0,3288.1,4045.0,1662,85,4044.9,1,1,4044.6,6,2,4044.5,20,1,4044.4,12,1,4045.2,5,2,4045.3,77,7,4045.5,43,2,4045.7,32,2,4045.8,15,2
11483,2026-07-02 09:48:07+05:30,4045.0,187,4066.46,277002,86167.0,129556.0,4100.0,4110.0,4045.0,4092.6,22237950,4501.8,3683.4,4440.0,3288.1,4045.0,1662,85,4044.9,1,1,4044.6,6,2,4044.5,20,1,4044.4,12,1,4045.2,5,2,4045.3,77,7,4045.5,43,2,4045.7,32,2,4045.8,15,2
11483,2026-07-02 09:48:07+05:30,4045.3,7,4066.43,277379,86131.0,129555.0,4100.0,4110.0,4045.0,4092.6,22237950,4501.8,3683.4,4440.0,3288.1,4045.1,1,1,4045.0,1349,86,4044.9,1,1,4044.6,6,2,4044.5,20,1,4045.3,25,3,4045.5,43,2,4045.7,32,2,4045.8,5,1,4046.0,35,3
11483,2026-07-02 09:48:08+05:30,4045.3,7,4066.43,277379,86131.0,129555.0,4100.0,4110.0,4045.0,4092.6,22237950,4501.8,3683.4,4440.0,3288.1,4045.1,1,1,4045.0,1349,86,4044.9,1,1,4044.6,6,2,4044.5,20,1,4045.3,25,3,4045.5,43,2,4045.7,32,2,4045.8,5,1,4046.0,35,3
11483,2026-07-02 09:48:08+05:30,4045.3,1,4066.43,277379,86131.0,129555.0,4100.0,4110.0,4045.0,4092.6,22237950,4501.8,3683.4,4440.0,3288.1,4045.1,1,1,4045.0,1349,86,4044.9,1,1,4044.6,6,2,4044.5,20,1,4045.3,25,3,4045.5,43,2,4045.7,32,2,4045.8,5,1,4046.0,35,3
11483,2026-07-02 09:48:08+05:30,4045.3,1,4066.43,277379,86131.0,129555.0,4100.0,4110.0,4045.0,4092.6,22237950,4501.8,3683.4,4440.0,3288.1,4045.1,1,1,4045.0,1349,86,4044.9,1,1,4044.6,6,2,4044.5,20,1,4045.3,25,3,4045.5,43,2,4045.7,32,2,4045.8,5,1,4046.0,35,3
11483,2026-07-02 09:48:08+05:30,4045.3,1,4066.43,277428,86302.0,129511.0,4100.0,4110.0,4045.0,4092.6,22237950,4501.8,3683.4,4440.0,3288.1,4045.0,1369,89,4044.9,1,1,4044.6,72,6,4044.5,32,2,4044.4,30,2,4045.3,6,4,4045.5,43,2,4045.7,32,2,4045.8,5,1,4046.0,30,2
11483,2026-07-02 09:48:08+05:30,4045.3,1,4066.43,277428,86302.0,129511.0,4100.0,4110.0,4045.0,4092.6,22237950,4501.8,3683.4,4440.0,3288.1,4045.0,1369,89,4044.9,1,1,4044.6,72,6,4044.5,32,2,4044.4,30,2,4045.3,6,4,4045.5,43,2,4045.7,32,2,4045.8,5,1,4046.0,30,2
11483,2026-07-02 09:48:09+05:30,4045.3,1,4066.43,277428,86302.0,129511.0,4100.0,4110.0,4045.0,4092.6,22237950,4501.8,3683.4,4440.0,3288.1,4045.0,1369,89,4044.9,1,1,4044.6,72,6,4044.5,32,2,4044.4,30,2,4045.3,6,4,4045.5,43,2,4045.7,32,2,4045.8,5,1,4046.0,30,2
11483,2026-07-02 09:48:09+05:30,4045.3,1,4066.43,277428,86302.0,129511.0,4100.0,4110.0,4045.0,4092.6,22237950,4501.8,3683.4,4440.0,3288.1,4045.0,1369,89,4044.9,1,1,4044.6,72,6,4044.5,32,2,4044.4,30,2,4045.3,6,4,4045.5,43,2,4045.7,32,2,4045.8,5,1,4046.0,30,2
11483,2026-07-02 09:48:09+05:30,4045.3,1,4066.43,277428,86302.0,129511.0,4100.0,4110.0,4045.0,4092.6,22237950,4501.8,3683.4,4440.0,3288.1,4045.0,1369,89,4044.9,1,1,4044.6,72,6,4044.5,32,2,4044.4,30,2,4045.3,6,4,4045.5,43,2,4045.7,32,2,4045.8,5,1,4046.0,30,2
11483,2026-07-02 09:48:09+05:30,4045.0,2,4066.43,277430,86679.0,129478.0,4100.0,4110.0,4045.0,4092.6,22237950,4501.8,3683.4,4440.0,3288.1,4045.0,1356,89,4044.9,7,2,4044.6,72,6,4044.5,32,2,4044.4,30,2,4045.3,7,5,4045.5,43,2,4045.7,32,2,4045.8,5,1,4046.0,30,2
11483,2026-07-02 09:48:10+05:30,4045.0,2,4066.43,277430,86679.0,129478.0,4100.0,4110.0,4045.0,4092.6,22237950,4501.8,3683.4,4440.0,3288.1,4045.0,1356,89,4044.9,7,2,4044.6,72,6,4044.5,32,2,4044.4,30,2,4045.3,7,5,4045.5,43,2,4045.7,32,2,4045.8,5,1,4046.0,30,2
11483,2026-07-02 09:48:10+05:30,4046.0,7,4066.43,277430,86679.0,129478.0,4100.0,4110.0,4045.0,4092.6,22237950,4501.8,3683.4,4440.0,3288.1,4045.0,1356,89,4044.9,7,2,4044.6,72,6,4044.5,32,2,4044.4,30,2,4045.3,7,5,4045.5,43,2,4045.7,32,2,4045.8,5,1,4046.0,30,2
11483,2026-07-02 09:48:10+05:30,4046.0,7,4066.43,277430,86679.0,129478.0,4100.0,4110.0,4045.0,4092.6,22237950,4501.8,3683.4,4440.0,3288.1,4045.0,1356,89,4044.9,7,2,4044.6,72,6,4044.5,32,2,4044.4,30,2,4045.3,7,5,4045.5,43,2,4045.7,32,2,4045.8,5,1,4046.0,30,2
11483,2026-07-02 09:48:10+05:30,4046.2,19,4066.42,277631,89361.0,127316.0,4100.0,4110.0,4045.0,4092.6,22237950,4501.8,3683.4,4440.0,3288.1,4046.2,94,2,4046.1,50,3,4046.0,60,2,4045.9,24,2,4045.8,48,1,4047.5,19,1,4047.8,8,1,4047.9,42,1,4048.0,8,1,4048.1,25,1
11483,2026-07-02 09:48:11+05:30,4046.2,19,4066.42,277631,89361.0,127316.0,4100.0,4110.0,4045.0,4092.6,22237950,4501.8,3683.4,4440.0,3288.1,4046.2,94,2,4046.1,50,3,4046.0,60,2,4045.9,24,2,4045.8,48,1,4047.5,19,1,4047.8,8,1,4047.9,42,1,4048.0,8,1,4048.1,25,1
11483,2026-07-02 09:48:11+05:30,4047.5,10,4066.42,277631,89361.0,127316.0,4100.0,4110.0,4045.0,4092.6,22237950,4501.8,3683.4,4440.0,3288.1,4046.2,94,2,4046.1,50,3,4046.0,60,2,4045.9,24,2,4045.8,48,1,4047.5,19,1,4047.8,8,1,4047.9,42,1,4048.0,8,1,4048.1,25,1
11483,2026-07-02 09:48:11+05:30,4047.5,10,4066.42,277631,89361.0,127316.0,4100.0,4110.0,4045.0,4092.6,22260525,4501.8,3683.4,4440.0,3288.1,4046.2,94,2,4046.1,50,3,4046.0,60,2,4045.9,24,2,4045.8,48,1,4047.5,19,1,4047.8,8,1,4047.9,42,1,4048.0,8,1,4048.1,25,1
11483,2026-07-02 09:48:12+05:30,4047.5,1,4066.41,277652,90388.0,127345.0,4100.0,4110.0,4045.0,4092.6,22260525,4501.8,3683.4,4440.0,3288.1,4046.8,175,1,4046.5,36,3,4046.2,57,4,4046.1,23,2,4046.0,160,6,4047.5,2,2,4047.8,9,1,4047.9,42,1,4048.3,26,1,4048.4,25,1
11483,2026-07-02 09:48:12+05:30,4047.5,1,4066.41,277652,90388.0,127345.0,4100.0,4110.0,4045.0,4092.6,22260525,4501.8,3683.4,4440.0,3288.1,4046.8,175,1,4046.5,36,3,4046.2,57,4,4046.1,23,2,4046.0,160,6,4047.5,2,2,4047.8,9,1,4047.9,42,1,4048.3,26,1,4048.4,25,1
11483,2026-07-02 09:48:12+05:30,4047.5,1,4066.41,277652,90388.0,127345.0,4100.0,4110.0,4045.0,4092.6,22260525,4501.8,3683.4,4440.0,3288.1,4046.8,175,1,4046.5,36,3,4046.2,57,4,4046.1,23,2,4046.0,160,6,4047.5,2,2,4047.8,9,1,4047.9,42,1,4048.3,26,1,4048.4,25,1
11483,2026-07-02 09:48:12+05:30,4047.5,1,4066.41,277652,90388.0,127345.0,4100.0,4110.0,4045.0,4092.6,22260525,4501.8,3683.4,4440.0,3288.1,4046.8,175,1,4046.5,36,3,4046.2,57,4,4046.1,23,2,4046.0,160,6,4047.5,2,2,4047.8,9,1,4047.9,42,1,4048.3,26,1,4048.4,25,1
11483,2026-07-02 09:48:13+05:30,4047.5,1,4066.41,277652,90186.0,127032.0,4100.0,4110.0,4045.0,4092.6,22260525,4501.8,3683.4,4440.0,3288.1,4046.8,175,1,4046.6,5,1,4046.3,24,1,4046.2,77,5,4046.1,23,2,4047.5,2,2,4047.8,9,1,4047.9,42,1,4048.3,26,1,4048.4,25,1
11483,2026-07-02 09:48:13+05:30,4047.5,1,4066.41,277652,90186.0,127032.0,4100.0,4110.0,4045.0,4092.6,22260525,4501.8,3683.4,4440.0,3288.1,4046.8,175,1,4046.6,5,1,4046.3,24,1,4046.2,77,5,4046.1,23,2,4047.5,2,2,4047.8,9,1,4047.9,42,1,4048.3,26,1,4048.4,25,1
11483,2026-07-02 09:48:14+05:30,4046.8,7,4066.41,277690,90311.0,127076.0,4100.0,4110.0,4045.0,4092.6,22260525,4501.8,3683.4,4440.0,3288.1,4046.8,137,1,4046.6,5,1,4046.3,48,1,4046.2,78,6,4046.1,79,4,4047.5,2,2,4047.9,42,1,4048.3,26,1,4048.4,25,1,4048.5,30,2
11483,2026-07-02 09:48:14+05:30,4046.8,1,4066.41,277690,90311.0,127076.0,4100.0,4110.0,4045.0,4092.6,22260525,4501.8,3683.4,4440.0,3288.1,4046.8,137,1,4046.6,5,1,4046.3,48,1,4046.2,78,6,4046.1,79,4,4047.5,2,2,4047.9,42,1,4048.3,26,1,4048.4,25,1,4048.5,30,2
11483,2026-07-02 09:48:15+05:30,4046.8,1,4066.41,277696,90309.0,127095.0,4100.0,4110.0,4045.0,4092.6,22260525,4501.8,3683.4,4440.0,3288.1,4046.8,131,1,4046.6,5,1,4046.3,48,1,4046.2,78,6,4046.1,79,4,4047.5,2,2,4047.9,42,1,4048.3,26,1,4048.4,25,1,4048.5,30,2
11483,2026-07-02 09:48:15+05:30,4046.8,1,4066.41,277696,90309.0,127095.0,4100.0,4110.0,4045.0,4092.6,22260525,4501.8,3683.4,4440.0,3288.1,4046.8,131,1,4046.6,5,1,4046.3,48,1,4046.2,78,6,4046.1,79,4,4047.5,2,2,4047.9,42,1,4048.3,26,1,4048.4,25,1,4048.5,30,2
11483,2026-07-02 09:48:16+05:30,4047.3,1,4066.41,277711,90303.0,127240.0,4100.0,4110.0,4045.0,4092.6,22260525,4501.8,3683.4,4440.0,3288.1,4047.3,2,2,4046.8,117,1,4046.3,48,1,4046.2,48,4,4046.1,33,2,4047.5,2,2,4047.9,42,1,4048.1,12,1,4048.3,26,1,4048.4,25,1
11483,2026-07-02 09:48:16+05:30,4047.9,6,4066.41,277711,90303.0,127240.0,4100.0,4110.0,4045.0,4092.6,22260525,4501.8,3683.4,4440.0,3288.1,4047.3,2,2,4046.8,117,1,4046.3,48,1,4046.2,48,4,4046.1,33,2,4047.5,2,2,4047.9,42,1,4048.1,12,1,4048.3,26,1,4048.4,25,1
11483,2026-07-02 09:48:17+05:30,4047.7,1,4066.4,277833,89358.0,127630.0,4100.0,4110.0,4045.0,4092.6,22260525,4501.8,3683.4,4440.0,3288.1,4046.2,1,1,4046.0,27,3,4045.9,12,1,4045.6,14,2,4045.5,13,2,4047.4,2,1,4047.5,7,3,4047.6,24,3,4047.7,47,3,4047.8,11,2
11483,2026-07-02 09:48:17+05:30,4047.7,1,4066.4,277833,89358.0,127630.0,4100.0,4110.0,4045.0,4092.6,22260525,4501.8,3683.4,4440.0,3288.1,4046.2,1,1,4046.0,27,3,4045.9,12,1,4045.6,14,2,4045.5,13,2,4047.4,2,1,4047.5,7,3,4047.6,24,3,4047.7,47,3,4047.8,11,2
11483,2026-07-02 09:48:18+05:30,4047.5,2,4066.4,277837,89200.0,127687.0,4100.0,4110.0,4045.0,4092.6,22260525,4501.8,3683.4,4440.0,3288.1,4046.2,1,1,4046.0,27,3,4045.9,12,1,4045.6,12,1,4045.5,13,2,4047.5,20,3,4047.6,38,3,4047.7,55,3,4047.8,11,2,4047.9,89,8
11483,2026-07-02 09:48:18+05:30,4047.5,2,4066.4,277837,89200.0,127687.0,4100.0,4110.0,4045.0,4092.6,22260525,4501.8,3683.4,4440.0,3288.1,4046.2,1,1,4046.0,27,3,4045.9,12,1,4045.6,12,1,4045.5,13,2,4047.5,20,3,4047.6,38,3,4047.7,55,3,4047.8,11,2,4047.9,89,8
11483,2026-07-02 09:48:19+05:30,4047.5,2,4066.4,277837,89248.0,127794.0,4100.0,4110.0,4045.0,4092.6,22260525,4501.8,3683.4,4440.0,3288.1,4046.3,1,1,4046.2,1,1,4046.0,27,3,4045.9,12,1,4045.6,12,1,4047.3,5,1,4047.4,9,3,4047.5,1,1,4047.6,38,3,4047.7,55,3
11483,2026-07-02 09:48:20+05:30,4047.5,2,4066.4,277837,89288.0,127936.0,4100.0,4110.0,4045.0,4092.6,22260525,4501.8,3683.4,4440.0,3288.1,4046.3,1,1,4046.2,1,1,4046.0,22,2,4045.6,12,1,4045.5,5,1,4047.0,5,1,4047.1,8,2,4047.3,14,2,4047.4,1,1,4047.5,1,1
11483,2026-07-02 09:48:21+05:30,4047.7,31,4066.39,277937,89489.0,127975.0,4100.0,4110.0,4045.0,4092.6,22260525,4501.8,3683.4,4440.0,3288.1,4046.3,1,1,4046.2,1,1,4046.0,22,2,4045.9,13,1,4045.6,12,1,4047.6,76,6,4047.7,42,4,4047.8,52,4,4047.9,97,9,4048.1,8,1
11483,2026-07-02 09:48:21+05:30,4046.3,1,4066.39,277937,89489.0,127975.0,4100.0,4110.0,4045.0,4092.6,22260525,4501.8,3683.4,4440.0,3288.1,4046.3,1,1,4046.2,1,1,4046.0,22,2,4045.9,13,1,4045.6,12,1,4047.6,76,6,4047.7,42,4,4047.8,52,4,4047.9,97,9,4048.1,8,1
11483,2026-07-02 09:48:22+05:30,4047.0,2,4066.39,277976,88755.0,128284.0,4100.0,4110.0,4045.0,4092.6,22260525,4501.8,3683.4,4440.0,3288.1,4046.0,10,1,4045.3,214,4,4045.2,30,1,4045.1,11,2,4045.0,1413,95,4047.1,14,2,4047.2,13,2,4047.3,12,2,4047.4,50,2,4047.5,57,3
11483,2026-07-02 09:48:22+05:30,4047.0,2,4066.39,277976,88755.0,128284.0,4100.0,4110.0,4045.0,4092.6,22260525,4501.8,3683.4,4440.0,3288.1,4046.0,10,1,4045.3,214,4,4045.2,30,1,4045.1,11,2,4045.0,1413,95,4047.1,14,2,4047.2,13,2,4047.3,12,2,4047.4,50,2,4047.5,57,3
11483,2026-07-02 09:48:23+05:30,4047.0,3,4066.39,277985,89055.0,128214.0,4100.0,4110.0,4045.0,4092.6,22260525,4501.8,3683.4,4440.0,3288.1,4046.0,10,1,4045.4,77,3,4045.3,243,5,4045.1,11,2,4045.0,1395,95,4047.0,6,3,4047.2,13,2,4047.3,25,2,4047.4,10,1,4047.5,46,2
11483,2026-07-02 09:48:23+05:30,4047.0,3,4066.39,277985,89055.0,128214.0,4100.0,4110.0,4045.0,4092.6,22260525,4501.8,3683.4,4440.0,3288.1,4046.0,10,1,4045.4,77,3,4045.3,243,5,4045.1,11,2,4045.0,1395,95,4047.0,6,3,4047.2,13,2,4047.3,25,2,4047.4,10,1,4047.5,46,2
11483,2026-07-02 09:48:24+05:30,4047.0,3,4066.39,277985,89736.0,127962.0,4100.0,4110.0,4045.0,4092.6,22260525,4501.8,3683.4,4440.0,3288.1,4046.8,33,1,4046.1,128,2,4046.0,10,1,4045.6,60,2,4045.5,48,1,4047.0,3,3,4047.3,6,1,4047.4,10,1,4047.5,16,1,4047.6,13,2
11483,2026-07-02 09:48:25+05:30,4047.3,6,4066.39,277985,89736.0,127962.0,4100.0,4110.0,4045.0,4092.6,22260525,4501.8,3683.4,4440.0,3288.1,4046.8,33,1,4046.1,128,2,4046.0,10,1,4045.6,60,2,4045.5,48,1,4047.0,3,3,4047.3,6,1,4047.4,10,1,4047.5,16,1,4047.6,13,2
11483,2026-07-02 09:48:25+05:30,4047.6,5,4066.39,278000,90605.0,127524.0,4100.0,4110.0,4045.0,4092.6,22260525,4501.8,3683.4,4440.0,3288.1,4046.8,33,1,4046.1,128,2,4046.0,14,2,4045.9,23,2,4045.6,71,3,4047.6,19,3,4047.7,29,4,4047.8,12,2,4047.9,49,3,4048.0,11,2
11483,2026-07-02 09:48:26+05:30,4047.6,1,4066.39,278000,90605.0,127524.0,4100.0,4110.0,4045.0,4092.6,22260525,4501.8,3683.4,4440.0,3288.1,4046.8,33,1,4046.1,128,2,4046.0,14,2,4045.9,23,2,4045.6,71,3,4047.6,19,3,4047.7,29,4,4047.8,12,2,4047.9,49,3,4048.0,11,2
11483,2026-07-02 09:48:26+05:30,4047.6,5,4066.37,278274,90702.0,127440.0,4100.0,4110.0,4045.0,4092.6,22260525,4501.8,3683.4,4440.0,3288.1,4047.0,1,1,4046.8,33,1,4046.2,13,1,4046.1,100,1,4046.0,10,1,4047.6,17,5,4047.7,9,1,4047.8,25,3,4047.9,40,4,4048.0,35,4
11483,2026-07-02 09:48:27+05:30,4047.6,5,4066.37,278274,90702.0,127440.0,4100.0,4110.0,4045.0,4092.6,22260525,4501.8,3683.4,4440.0,3288.1,4047.0,1,1,4046.8,33,1,4046.2,13,1,4046.1,100,1,4046.0,10,1,4047.6,17,5,4047.7,9,1,4047.8,25,3,4047.9,40,4,4048.0,35,4
11483,2026-07-02 09:48:27+05:30,4047.6,5,4066.37,278274,90505.0,127225.0,4100.0,4110.0,4045.0,4092.6,22260525,4501.8,3683.4,4440.0,3288.1,4047.0,1,1,4046.8,33,1,4046.5,1,1,4046.4,5,1,4046.1,100,1,4047.5,12,2,4047.6,5,2,4047.7,9,1,4047.8,14,2,4047.9,29,3
11483,2026-07-02 09:48:28+05:30,4047.6,5,4066.37,278274,90477.0,127196.0,4100.0,4110.0,4045.0,4092.6,22260525,4501.8,3683.4,4440.0,3288.1,4047.0,1,1,4046.8,33,1,4046.5,1,1,4046.4,5,1,4046.1,100,1,4047.5,6,1,4047.6,5,2,4047.8,10,1,4047.9,6,1,4048.0,19,2
11483,2026-07-02 09:48:29+05:30,4047.6,2,4066.37,278289,90572.0,127240.0,4100.0,4110.0,4045.0,4092.6,22260525,4501.8,3683.4,4440.0,3288.1,4047.0,1,1,4046.8,33,1,4046.5,1,1,4046.4,5,1,4046.1,100,1,4047.6,7,3,4047.9,6,1,4048.0,19,2,4048.1,39,3,4048.2,11,1
11483,2026-07-02 09:48:30+05:30,4047.6,2,4066.37,278289,90572.0,127240.0,4100.0,4110.0,4045.0,4092.6,22260525,4501.8,3683.4,4440.0,3288.1,4047.0,1,1,4046.8,33,1,4046.5,1,1,4046.4,5,1,4046.1,100,1,4047.6,7,3,4047.9,6,1,4048.0,19,2,4048.1,39,3,4048.2,11,1
11483,2026-07-02 09:48:31+05:30,4047.6,1,4066.37,278299,90771.0,127241.0,4100.0,4110.0,4045.0,4092.6,22260525,4501.8,3683.4,4440.0,3288.1,4047.0,1,1,4046.8,33,1,4046.5,1,1,4046.4,5,1,4046.3,16,2,4047.6,7,3,4047.7,12,1,4047.9,6,1,4048.1,8,1,4048.2,12,1
11483,2026-07-02 09:48:31+05:30,4047.6,1,4066.37,278299,90771.0,127241.0,4100.0,4110.0,4045.0,4092.6,22260525,4501.8,3683.4,4440.0,3288.1,4047.0,1,1,4046.8,33,1,4046.5,1,1,4046.4,5,1,4046.3,16,2,4047.6,7,3,4047.7,12,1,4047.9,6,1,4048.1,8,1,4048.2,12,1
11483,2026-07-02 09:48:32+05:30,4046.8,12,4066.37,278329,90227.0,127851.0,4100.0,4110.0,4045.0,4092.6,22260525,4501.8,3683.4,4440.0,3288.1,4046.8,5,1,4046.5,1,1,4046.3,5,1,4046.1,100,1,4046.0,15,2,4047.0,330,4,4047.1,12,1,4047.5,9,1,4047.6,26,5,4047.8,20,2
11483,2026-07-02 09:48:32+05:30,4046.8,6,4066.37,278329,90227.0,127851.0,4100.0,4110.0,4045.0,4092.6,22260525,4501.8,3683.4,4440.0,3288.1,4046.8,5,1,4046.5,1,1,4046.3,5,1,4046.1,100,1,4046.0,15,2,4047.0,330,4,4047.1,12,1,4047.5,9,1,4047.6,26,5,4047.8,20,2
11483,2026-07-02 09:48:33+05:30,4046.8,10,4066.36,278368,89821.0,128199.0,4100.0,4110.0,4045.0,4092.6,22260525,4501.8,3683.4,4440.0,3288.1,4046.1,100,1,4046.0,15,2,4045.5,1,1,4045.4,48,1,4045.3,275,6,4046.8,299,4,4047.0,4,2,4047.5,9,1,4047.6,55,6,4047.8,31,3
11483,2026-07-02 09:48:33+05:30,4046.8,10,4066.36,278368,89821.0,128199.0,4100.0,4110.0,4045.0,4092.6,22260525,4501.8,3683.4,4440.0,3288.1,4046.1,100,1,4046.0,15,2,4045.5,1,1,4045.4,48,1,4045.3,275,6,4046.8,299,4,4047.0,4,2,4047.5,9,1,4047.6,55,6,4047.8,31,3
11483,2026-07-02 09:48:34+05:30,4046.8,1,4066.36,278431,89995.0,128151.0,4100.0,4110.0,4045.0,4092.6,22260525,4501.8,3683.4,4440.0,3288.1,4046.1,100,1,4046.0,15,2,4045.5,1,1,4045.4,41,1,4045.3,275,6,4046.8,241,9,4047.0,5,3,4047.1,12,1,4047.5,9,1,4047.6,55,6
11483,2026-07-02 09:48:34+05:30,4046.8,1,4066.36,278431,89995.0,128151.0,4100.0,4110.0,4045.0,4092.6,22260525,4501.8,3683.4,4440.0,3288.1,4046.1,100,1,4046.0,15,2,4045.5,1,1,4045.4,41,1,4045.3,275,6,4046.8,241,9,4047.0,5,3,4047.1,12,1,4047.5,9,1,4047.6,55,6
11483,2026-07-02 09:48:35+05:30,4046.8,2,4066.36,278494,89927.0,128044.0,4100.0,4110.0,4045.0,4092.6,22260525,4501.8,3683.4,4440.0,3288.1,4046.1,90,1,4046.0,15,2,4045.6,18,1,4045.5,13,2,4045.4,82,2,4046.8,181,8,4047.0,4,2,4047.6,47,4,4047.8,20,2,4047.9,35,4
11483,2026-07-02 09:48:35+05:30,4046.1,14,4066.36,278494,89927.0,128044.0,4100.0,4110.0,4045.0,4092.6,22260525,4501.8,3683.4,4440.0,3288.1,4046.1,90,1,4046.0,15,2,4045.6,18,1,4045.5,13,2,4045.4,82,2,4046.8,181,8,4047.0,4,2,4047.6,47,4,4047.8,20,2,4047.9,35,4
11483,2026-07-02 09:48:36+05:30,4046.1,30,4066.36,278494,89927.0,128044.0,4100.0,4110.0,4045.0,4092.6,22260525,4501.8,3683.4,4440.0,3288.1,4046.1,90,1,4046.0,15,2,4045.6,18,1,4045.5,13,2,4045.4,82,2,4046.8,181,8,4047.0,4,2,4047.6,47,4,4047.8,20,2,4047.9,35,4
11483,2026-07-02 09:48:36+05:30,4046.1,30,4066.35,278556,89804.0,128047.0,4100.0,4110.0,4045.0,4092.6,22260525,4501.8,3683.4,4440.0,3288.1,4046.1,38,1,4046.0,15,2,4045.6,30,2,4045.5,1,1,4045.4,21,1,4046.8,172,9,4047.0,4,2,4047.1,17,1,4047.6,46,3,4047.8,20,2
11483,2026-07-02 09:48:37+05:30,4046.8,100,4066.35,278556,89804.0,128047.0,4100.0,4110.0,4045.0,4092.6,22260525,4501.8,3683.4,4440.0,3288.1,4046.1,38,1,4046.0,15,2,4045.6,30,2,4045.5,1,1,4045.4,21,1,4046.8,172,9,4047.0,4,2,4047.1,17,1,4047.6,46,3,4047.8,20,2
11483,2026-07-02 09:48:37+05:30,4046.8,100,4066.34,278690,89828.0,127953.0,4100.0,4110.0,4045.0,4092.6,22260525,4501.8,3683.4,4440.0,3288.1,4046.1,11,1,4046.0,15,2,4045.6,59,4,4045.5,35,3,4045.4,85,3,4046.8,70,9,4047.0,1,1,4047.1,17,1,4047.6,17,2,4047.8,20,2
11483,2026-07-02 09:48:38+05:30,4047.2,1,4066.34,278690,89828.0,127953.0,4100.0,4110.0,4045.0,4092.6,22260525,4501.8,3683.4,4440.0,3288.1,4046.1,11,1,4046.0,15,2,4045.6,59,4,4045.5,35,3,4045.4,85,3,4046.8,70,9,4047.0,1,1,4047.1,17,1,4047.6,17,2,4047.8,20,2
11483,2026-07-02 09:48:38+05:30,4048.0,5,4066.27,279705,90291.0,127190.0,4100.0,4110.0,4045.0,4092.6,22260525,4501.8,3683.4,4440.0,3288.1,4047.2,2,1,4046.8,60,2,4046.2,13,1,4046.1,7,1,4046.0,34,4,4048.0,38,6,4048.1,5,1,4048.5,49,2,4048.7,47,3,4048.8,25,3
11483,2026-07-02 09:48:39+05:30,4048.0,5,4066.27,279705,90291.0,127190.0,4100.0,4110.0,4045.0,4092.6,22260525,4501.8,3683.4,4440.0,3288.1,4047.2,2,1,4046.8,60,2,4046.2,13,1,4046.1,7,1,4046.0,34,4,4048.0,38,6,4048.1,5,1,4048.5,49,2,4048.7,47,3,4048.8,25,3
11483,2026-07-02 09:48:39+05:30,4048.0,1,4066.27,279706,90249.0,127310.0,4100.0,4110.0,4045.0,4092.6,22260525,4501.8,3683.4,4440.0,3288.1,4047.2,2,1,4046.8,60,2,4046.2,13,1,4046.1,7,1,4046.0,25,4,4047.9,11,1,4048.0,51,9,4048.1,28,3,4048.2,13,1,4048.3,6,1
11483,2026-07-02 09:48:40+05:30,4048.0,1,4066.27,279706,90249.0,127310.0,4100.0,4110.0,4045.0,4092.6,22260525,4501.8,3683.4,4440.0,3288.1,4047.2,2,1,4046.8,60,2,4046.2,13,1,4046.1,7,1,4046.0,25,4,4047.9,11,1,4048.0,51,9,4048.1,28,3,4048.2,13,1,4048.3,6,1
11483,2026-07-02 09:48:40+05:30,4048.0,1,4066.27,279706,91282.0,128069.0,4100.0,4110.0,4045.0,4092.6,22260525,4501.8,3683.4,4440.0,3288.1,4047.2,2,1,4046.8,60,2,4046.2,13,1,4046.1,7,1,4046.0,25,4,4048.0,44,8,4048.1,28,3,4048.2,25,2,4048.4,15,1,4048.5,44,2
11483,2026-07-02 09:48:41+05:30,4047.2,1,4066.27,279707,91401.0,128117.0,4100.0,4110.0,4045.0,4092.6,22260525,4501.8,3683.4,4440.0,3288.1,4047.2,1,1,4047.0,20,1,4046.8,60,2,4046.2,13,1,4046.1,7,1,4048.0,61,9,4048.1,28,3,4048.2,25,2,4048.4,15,1,4048.5,44,2
11483,2026-07-02 09:48:42+05:30,4047.2,1,4066.27,279707,91401.0,128117.0,4100.0,4110.0,4045.0,4092.6,22260525,4501.8,3683.4,4440.0,3288.1,4047.2,1,1,4047.0,20,1,4046.8,60,2,4046.2,13,1,4046.1,7,1,4048.0,61,9,4048.1,28,3,4048.2,25,2,4048.4,15,1,4048.5,44,2
11483,2026-07-02 09:48:42+05:30,4047.2,1,4066.27,279710,91334.0,128670.0,4100.0,4110.0,4045.0,4092.6,22260525,4501.8,3683.4,4440.0,3288.1,4047.0,20,1,4046.8,60,2,4046.1,7,1,4046.0,18,4,4045.9,24,2,4047.2,1,1,4047.8,12,1,4048.0,311,10,4048.1,28,3,4048.2,25,2
11483,2026-07-02 09:48:43+05:30,4048.0,3,4066.27,279710,91334.0,128670.0,4100.0,4110.0,4045.0,4092.6,22260525,4501.8,3683.4,4440.0,3288.1,4047.0,20,1,4046.8,60,2,4046.1,7,1,4046.0,18,4,4045.9,24,2,4047.2,1,1,4047.8,12,1,4048.0,311,10,4048.1,28,3,4048.2,25,2
11483,2026-07-02 09:48:44+05:30,4046.8,1,4066.26,279892,91404.0,128568.0,4100.0,4110.0,4045.0,4092.6,22260525,4501.8,3683.4,4440.0,3288.1,4047.5,10,1,4046.8,58,2,4046.2,14,3,4046.1,8,2,4046.0,40,5,4047.9,11,1,4048.0,306,9,4048.1,28,3,4048.2,13,1,4048.4,15,1
11483,2026-07-02 09:48:44+05:30,4047.5,4,4066.26,279892,91404.0,128568.0,4100.0,4110.0,4045.0,4092.6,22260525,4501.8,3683.4,4440.0,3288.1,4047.5,10,1,4046.8,58,2,4046.2,14,3,4046.1,8,2,4046.0,40,5,4047.9,11,1,4048.0,306,9,4048.1,28,3,4048.2,13,1,4048.4,15,1
11483,2026-07-02 09:48:45+05:30,4047.9,3,4066.26,279960,91502.0,128550.0,4100.0,4110.0,4045.0,4092.6,22260525,4501.8,3683.4,4440.0,3288.1,4046.8,44,1,4046.2,42,4,4046.1,19,3,4046.0,25,5,4045.9,13,1,4047.9,8,1,4048.0,290,7,4048.1,38,4,4048.2,25,2,4048.4,47,3
11483,2026-07-02 09:48:45+05:30,4047.9,2,4066.26,279960,91502.0,128550.0,4100.0,4110.0,4045.0,4092.6,22260525,4501.8,3683.4,4440.0,3288.1,4046.8,44,1,4046.2,42,4,4046.1,19,3,4046.0,25,5,4045.9,13,1,4047.9,8,1,4048.0,290,7,4048.1,38,4,4048.2,25,2,4048.4,47,3
11483,2026-07-02 09:48:46+05:30,4046.8,14,4066.26,279984,91496.0,128829.0,4100.0,4110.0,4045.0,4092.6,22260525,4501.8,3683.4,4440.0,3288.1,4046.8,280,3,4046.3,13,1,4046.2,16,3,4046.1,19,3,4046.0,37,6,4047.2,70,1,4047.9,1,1,4048.0,276,5,4048.1,21,2,4048.4,35,2
11483,2026-07-02 09:48:46+05:30,4047.2,7,4066.26,279984,91496.0,128829.0,4100.0,4110.0,4045.0,4092.6,22260525,4501.8,3683.4,4440.0,3288.1,4046.8,280,3,4046.3,13,1,4046.2,16,3,4046.1,19,3,4046.0,37,6,4047.2,70,1,4047.9,1,1,4048.0,276,5,4048.1,21,2,4048.4,35,2
11483,2026-07-02 09:48:47+05:30,4047.2,7,4066.25,279994,91546.0,128838.0,4100.0,4110.0,4045.0,4092.6,22260525,4501.8,3683.4,4440.0,3288.1,4047.0,2,1,4046.8,328,5,4046.3,13,1,4046.2,16,3,4046.1,19,3,4047.2,65,3,4047.9,1,1,4048.0,263,4,4048.4,35,2,4048.5,27,1
11483,2026-07-02 09:48:48+05:30,4047.2,10,4066.25,280014,91538.0,128921.0,4100.0,4110.0,4045.0,4092.6,22260525,4501.8,3683.4,4440.0,3288.1,4047.0,2,1,4046.8,328,5,4046.3,13,1,4046.2,16,3,4046.1,19,3,4047.2,54,7,4047.9,1,1,4048.0,263,4,4048.3,12,1,4048.4,35,2
11483,2026-07-02 09:48:48+05:30,4047.0,2,4066.25,280014,91538.0,128921.0,4100.0,4110.0,4045.0,4092.6,22260525,4501.8,3683.4,4440.0,3288.1,4047.0,2,1,4046.8,328,5,4046.3,13,1,4046.2,16,3,4046.1,19,3,4047.2,54,7,4047.9,1,1,4048.0,263,4,4048.3,12,1,4048.4,35,2
11483,2026-07-02 09:48:49+05:30,4047.0,6,4066.25,280014,91538.0,128921.0,4100.0,4110.0,4045.0,4092.6,22260525,4501.8,3683.4,4440.0,3288.1,4047.0,2,1,4046.8,328,5,4046.3,13,1,4046.2,16,3,4046.1,19,3,4047.2,54,7,4047.9,1,1,4048.0,263,4,4048.3,12,1,4048.4,35,2
11483,2026-07-02 09:48:49+05:30,4047.0,6,4066.25,280035,92020.0,128994.0,4100.0,4110.0,4045.0,4092.6,22260525,4501.8,3683.4,4440.0,3288.1,4046.8,328,5,4046.2,16,3,4046.1,19,3,4046.0,64,7,4045.9,13,1,4047.0,2,1,4047.2,54,7,4047.9,1,1,4048.0,260,2,4048.3,41,2
11483,2026-07-02 09:48:50+05:30,4047.2,1,4066.25,280035,92020.0,128994.0,4100.0,4110.0,4045.0,4092.6,22260525,4501.8,3683.4,4440.0,3288.1,4046.8,328,5,4046.2,16,3,4046.1,19,3,4046.0,64,7,4045.9,13,1,4047.0,2,1,4047.2,54,7,4047.9,1,1,4048.0,260,2,4048.3,41,2
11483,2026-07-02 09:48:50+05:30,4047.2,1,4066.25,280077,91693.0,129011.0,4100.0,4110.0,4045.0,4092.6,22260525,4501.8,3683.4,4440.0,3288.1,4046.8,325,5,4046.2,2,2,4046.1,19,3,4046.0,64,7,4045.9,13,1,4047.2,25,7,4047.8,22,1,4048.0,276,4,4048.2,12,1,4048.3,29,1
11483,2026-07-02 09:48:51+05:30,4047.2,1,4066.25,280077,91693.0,129011.0,4100.0,4110.0,4045.0,4092.6,22260525,4501.8,3683.4,4440.0,3288.1,4046.8,325,5,4046.2,2,2,4046.1,19,3,4046.0,64,7,4045.9,13,1,4047.2,25,7,4047.8,22,1,4048.0,276,4,4048.2,12,1,4048.3,29,1
11483,2026-07-02 09:48:51+05:30,4047.2,1,4066.25,280078,91819.0,129059.0,4100.0,4110.0,4045.0,4092.6,22260525,4501.8,3683.4,4440.0,3288.1,4046.8,326,6,4046.2,2,2,4046.1,19,3,4046.0,64,7,4045.9,13,1,4047.2,26,9,4047.8,22,1,4048.0,276,4,4048.2,12,1,4048.3,29,1
11483,2026-07-02 09:48:52+05:30,4047.0,1,4066.25,280078,91819.0,129059.0,4100.0,4110.0,4045.0,4092.6,22260525,4501.8,3683.4,4440.0,3288.1,4046.8,326,6,4046.2,2,2,4046.1,19,3,4046.0,64,7,4045.9,13,1,4047.2,26,9,4047.8,22,1,4048.0,276,4,4048.2,12,1,4048.3,29,1
11483,2026-07-02 09:48:52+05:30,4047.2,1,4066.25,280092,91861.0,129011.0,4100.0,4110.0,4045.0,4092.6,22260525,4501.8,3683.4,4440.0,3288.1,4047.0,52,1,4046.8,326,6,4046.2,2,2,4046.1,19,3,4046.0,64,7,4047.2,13,7,4047.8,22,1,4048.0,276,4,4048.4,35,2,4048.5,27,1
11483,2026-07-02 09:48:53+05:30,4047.2,1,4066.25,280092,91861.0,129011.0,4100.0,4110.0,4045.0,4092.6,22260525,4501.8,3683.4,4440.0,3288.1,4047.0,52,1,4046.8,326,6,4046.2,2,2,4046.1,19,3,4046.0,64,7,4047.2,13,7,4047.8,22,1,4048.0,276,4,4048.4,35,2,4048.5,27,1
11483,2026-07-02 09:48:53+05:30,4047.2,1,4066.25,280101,92028.0,129056.0,4100.0,4110.0,4045.0,4092.6,22260525,4501.8,3683.4,4440.0,3288.1,4047.0,71,2,4046.8,326,6,4046.2,2,2,4046.1,19,3,4046.0,90,8,4047.2,10,6,4047.8,22,1,4048.0,265,3,4048.4,47,3,4048.5,27,1
11483,2026-07-02 09:48:54+05:30,4047.0,20,4066.24,280193,92210.0,129771.0,4100.0,4110.0,4045.0,4092.6,22260525,4501.8,3683.4,4440.0,3288.1,4046.8,426,7,4046.2,3,3,4046.1,19,3,4046.0,84,8,4045.9,13,1,4047.0,490,4,4047.2,9,6,4047.6,12,1,4047.7,6,1,4047.8,22,1
11483,2026-07-02 09:48:55+05:30,4047.0,1,4066.24,280193,92210.0,129771.0,4100.0,4110.0,4045.0,4092.6,22260525,4501.8,3683.4,4440.0,3288.1,4046.8,426,7,4046.2,3,3,4046.1,19,3,4046.0,84,8,4045.9,13,1,4047.0,490,4,4047.2,9,6,4047.6,12,1,4047.7,6,1,4047.8,22,1
11483,2026-07-02 09:48:55+05:30,4047.0,50,4066.24,280250,92250.0,129665.0,4100.0,4110.0,4045.0,4092.6,22260525,4501.8,3683.4,4440.0,3288.1,4046.8,420,7,4046.5,50,1,4046.2,3,3,4046.1,8,2,4046.0,84,8,4047.0,443,8,4047.2,7,4,4047.6,22,2,4047.7,6,1,4047.8,22,1
11483,2026-07-02 09:48:56+05:30,4047.0,50,4066.24,280250,92250.0,129665.0,4100.0,4110.0,4045.0,4092.6,22260525,4501.8,3683.4,4440.0,3288.1,4046.8,420,7,4046.5,50,1,4046.2,3,3,4046.1,8,2,4046.0,84,8,4047.0,443,8,4047.2,7,4,4047.6,22,2,4047.7,6,1,4047.8,22,1
11483,2026-07-02 09:48:57+05:30,4047.0,20,4066.23,280295,92076.0,129668.0,4100.0,4110.0,4045.0,4092.6,22260525,4501.8,3683.4,4440.0,3288.1,4046.8,419,7,4046.5,50,1,4046.2,3,3,4046.1,8,2,4046.0,70,7,4047.0,410,12,4047.2,23,5,4047.6,22,2,4047.7,6,1,4047.8,22,1
11483,2026-07-02 09:48:57+05:30,4047.0,22,4066.23,280295,92076.0,129668.0,4100.0,4110.0,4045.0,4092.6,22260525,4501.8,3683.4,4440.0,3288.1,4046.8,419,7,4046.5,50,1,4046.2,3,3,4046.1,8,2,4046.0,70,7,4047.0,410,12,4047.2,23,5,4047.6,22,2,4047.7,6,1,4047.8,22,1
11483,2026-07-02 09:48:58+05:30,4046.8,5,4066.23,280345,92122.0,129658.0,4100.0,4110.0,4045.0,4092.6,22260525,4501.8,3683.4,4440.0,3288.1,4046.8,412,7,4046.5,50,1,4046.2,3,3,4046.1,8,2,4046.0,70,7,4047.0,367,12,4047.2,17,3,4047.6,22,2,4047.7,6,1,4047.8,22,1
11483,2026-07-02 09:48:58+05:30,4047.0,1,4066.23,280345,92122.0,129658.0,4100.0,4110.0,4045.0,4092.6,22260525,4501.8,3683.4,4440.0,3288.1,4046.8,412,7,4046.5,50,1,4046.2,3,3,4046.1,8,2,4046.0,70,7,4047.0,367,12,4047.2,17,3,4047.6,22,2,4047.7,6,1,4047.8,22,1
11483,2026-07-02 09:48:59+05:30,4046.8,1,4066.23,280350,92145.0,129662.0,4100.0,4110.0,4045.0,4092.6,22260525,4501.8,3683.4,4440.0,3288.1,4046.8,409,7,4046.5,50,1,4046.2,3,3,4046.1,13,3,4046.0,70,7,4047.0,358,11,4047.2,16,2,4047.6,22,2,4047.7,6,1,4047.8,22,1
11483,2026-07-02 09:48:59+05:30,4047.0,13,4066.23,280350,92145.0,129662.0,4100.0,4110.0,4045.0,4092.6,22260525,4501.8,3683.4,4440.0,3288.1,4046.8,409,7,4046.5,50,1,4046.2,3,3,4046.1,13,3,4046.0,70,7,4047.0,358,11,4047.2,16,2,4047.6,22,2,4047.7,6,1,4047.8,22,1
11483,2026-07-02 09:49:00+05:30,4048.0,18,4066.19,280925,92178.0,128690.0,4100.0,4110.0,4045.0,4092.6,22260525,4501.8,3683.4,4440.0,3288.1,4046.8,398,6,4046.5,50,1,4046.2,15,4,4046.1,13,3,4046.0,81,8,4047.6,5,1,4047.9,7,2,4048.0,291,8,4048.2,38,2,4048.3,30,1
11483,2026-07-02 09:49:00+05:30,4047.6,1,4066.19,280925,92178.0,128690.0,4100.0,4110.0,4045.0,4092.6,22260525,4501.8,3683.4,4440.0,3288.1,4046.8,398,6,4046.5,50,1,4046.2,15,4,4046.1,13,3,4046.0,81,8,4047.6,5,1,4047.9,7,2,4048.0,291,8,4048.2,38,2,4048.3,30,1
11483,2026-07-02 09:49:01+05:30,4048.0,1,4066.19,280961,92392.0,128676.0,4100.0,4110.0,4045.0,4092.6,22260525,4501.8,3683.4,4440.0,3288.1,4046.9,10,1,4046.8,398,6,4046.5,50,1,4046.2,15,4,4046.1,13,3,4048.0,285,11,4048.3,32,2,4048.4,35,2,4048.5,38,2,4048.7,18,2
11483,2026-07-02 09:49:01+05:30,4048.0,1,4066.19,280961,92392.0,128676.0,4100.0,4110.0,4045.0,4092.6,22260525,4501.8,3683.4,4440.0,3288.1,4046.9,10,1,4046.8,398,6,4046.5,50,1,4046.2,15,4,4046.1,13,3,4048.0,285,11,4048.3,32,2,4048.4,35,2,4048.5,38,2,4048.7,18,2
11483,2026-07-02 09:49:02+05:30,4048.0,50,4066.19,281012,93011.0,128611.0,4100.0,4110.0,4045.0,4092.6,22260525,4501.8,3683.4,4440.0,3288.1,4047.0,15,2,4046.9,10,1,4046.8,398,6,4046.5,50,1,4046.2,15,4,4048.0,234,11,4048.3,32,2,4048.4,35,2,4048.5,26,1,4048.7,18,2
11483,2026-07-02 09:49:02+05:30,4048.0,50,4066.19,281012,93011.0,128611.0,4100.0,4110.0,4045.0,4092.6,22260525,4501.8,3683.4,4440.0,3288.1,4047.0,15,2,4046.9,10,1,4046.8,398,6,4046.5,50,1,4046.2,15,4,4048.0,234,11,4048.3,32,2,4048.4,35,2,4048.5,26,1,4048.7,18,2
11483,2026-07-02 09:49:03+05:30,4048.0,2,4066.18,281065,92943.0,128353.0,4100.0,4110.0,4045.0,4092.6,22260525,4501.8,3683.4,4440.0,3288.1,4047.0,15,2,4046.9,10,1,4046.8,348,5,4046.6,6,1,4046.5,50,1,4048.0,185,15,4048.3,32,2,4048.4,20,1,4048.5,26,1,4048.7,18,2
11483,2026-07-02 09:49:03+05:30,4048.0,2,4066.18,281065,92943.0,128353.0,4100.0,4110.0,4045.0,4092.6,22260525,4501.8,3683.4,4440.0,3288.1,4047.0,15,2,4046.9,10,1,4046.8,348,5,4046.6,6,1,4046.5,50,1,4048.0,185,15,4048.3,32,2,4048.4,20,1,4048.5,26,1,4048.7,18,2
11483,2026-07-02 09:49:04+05:30,4048.0,1,4066.18,281065,92943.0,128353.0,4100.0,4110.0,4045.0,4092.6,22260525,4501.8,3683.4,4440.0,3288.1,4047.0,15,2,4046.9,10,1,4046.8,348,5,4046.6,6,1,4046.5,50,1,4048.0,185,15,4048.3,32,2,4048.4,20,1,4048.5,26,1,4048.7,18,2
11483,2026-07-02 09:49:04+05:30,4048.0,1,4066.18,281066,92971.0,128323.0,4100.0,4110.0,4045.0,4092.6,22260525,4501.8,3683.4,4440.0,3288.1,4047.0,30,3,4046.9,10,1,4046.8,348,5,4046.6,6,1,4046.5,50,1,4048.0,179,14,4048.3,32,2,4048.4,20,1,4048.5,26,1,4048.7,18,2
11483,2026-07-02 09:49:05+05:30,4047.0,1,4066.18,281066,92971.0,128323.0,4100.0,4110.0,4045.0,4092.6,22260525,4501.8,3683.4,4440.0,3288.1,4047.0,30,3,4046.9,10,1,4046.8,348,5,4046.6,6,1,4046.5,50,1,4048.0,179,14,4048.3,32,2,4048.4,20,1,4048.5,26,1,4048.7,18,2
11483,2026-07-02 09:49:05+05:30,4047.0,1,4066.18,281173,92770.0,128766.0,4100.0,4110.0,4045.0,4092.6,22260525,4501.8,3683.4,4440.0,3288.1,4046.9,10,1,4046.8,348,5,4046.5,50,1,4046.4,43,3,4046.3,12,1,4047.0,6,3,4048.0,129,11,4048.2,6,1,4048.3,2,1,4048.8,69,3
11483,2026-07-02 09:49:06+05:30,4047.0,1,4066.18,281173,92770.0,128766.0,4100.0,4110.0,4045.0,4092.6,22260525,4501.8,3683.4,4440.0,3288.1,4046.9,10,1,4046.8,348,5,4046.5,50,1,4046.4,43,3,4046.3,12,1,4047.0,6,3,4048.0,129,11,4048.2,6,1,4048.3,2,1,4048.8,69,3
11483,2026-07-02 09:49:06+05:30,4047.0,1,4066.17,281186,92716.0,128877.0,4100.0,4110.0,4045.0,4092.6,22260525,4501.8,3683.4,4440.0,3288.1,4046.9,5,1,4046.8,348,5,4046.5,50,1,4046.2,3,3,4046.1,49,6,4047.0,15,6,4048.0,153,11,4048.2,6,1,4048.3,2,1,4048.7,34,1
11483,2026-07-02 09:49:07+05:30,4046.9,1,4066.17,281186,92716.0,128877.0,4100.0,4110.0,4045.0,4092.6,22260525,4501.8,3683.4,4440.0,3288.1,4046.9,5,1,4046.8,348,5,4046.5,50,1,4046.2,3,3,4046.1,49,6,4047.0,15,6,4048.0,153,11,4048.2,6,1,4048.3,2,1,4048.7,34,1
11483,2026-07-02 09:49:07+05:30,4046.9,1,4066.17,281198,92716.0,128980.0,4100.0,4110.0,4045.0,4092.6,22260525,4501.8,3683.4,4440.0,3288.1,4046.8,348,5,4046.5,50,1,4046.2,3,3,4046.1,49,6,4046.0,81,8,4046.9,3,3,4047.0,10,5,4048.0,151,9,4048.2,6,1,4048.3,2,1
11483,2026-07-02 09:49:08+05:30,4048.0,1,4066.17,281198,92716.0,128980.0,4100.0,4110.0,4045.0,4092.6,22260525,4501.8,3683.4,4440.0,3288.1,4046.8,348,5,4046.5,50,1,4046.2,3,3,4046.1,49,6,4046.0,81,8,4046.9,3,3,4047.0,10,5,4048.0,151,9,4048.2,6,1,4048.3,2,1
11483,2026-07-02 09:49:08+05:30,4048.0,1,4066.17,281198,92716.0,128980.0,4100.0,4110.0,4045.0,4092.6,22260525,4501.8,3683.4,4440.0,3288.1,4046.8,348,5,4046.5,50,1,4046.2,3,3,4046.1,49,6,4046.0,81,8,4046.9,3,3,4047.0,10,5,4048.0,151,9,4048.2,6,1,4048.3,2,1
11483,2026-07-02 09:49:08+05:30,4048.0,1,4066.17,281275,93143.0,128344.0,4100.0,4110.0,4045.0,4092.6,22260525,4501.8,3683.4,4440.0,3288.1,4047.0,290,2,4046.8,348,5,4046.5,50,1,4046.2,15,4,4046.1,49,6,4048.0,157,10,4048.3,2,1,4048.5,52,2,4048.6,6,1,4048.7,12,1
11483,2026-07-02 09:49:08+05:30,4048.0,1,4066.17,281275,93143.0,128344.0,4100.0,4110.0,4045.0,4092.6,22260525,4501.8,3683.4,4440.0,3288.1,4047.0,290,2,4046.8,348,5,4046.5,50,1,4046.2,15,4,4046.1,49,6,4048.0,157,10,4048.3,2,1,4048.5,52,2,4048.6,6,1,4048.7,12,1
11483,2026-07-02 09:49:09+05:30,4048.0,1,4066.17,281275,93143.0,128344.0,4100.0,4110.0,4045.0,4092.6,22260525,4501.8,3683.4,4440.0,3288.1,4047.0,290,2,4046.8,348,5,4046.5,50,1,4046.2,15,4,4046.1,49,6,4048.0,157,10,4048.3,2,1,4048.5,52,2,4048.6,6,1,4048.7,12,1
11483,2026-07-02 09:49:09+05:30,4048.0,1,4066.17,281275,93143.0,128344.0,4100.0,4110.0,4045.0,4092.6,22260525,4501.8,3683.4,4440.0,3288.1,4047.0,290,2,4046.8,348,5,4046.5,50,1,4046.2,15,4,4046.1,49,6,4048.0,157,10,4048.3,2,1,4048.5,52,2,4048.6,6,1,4048.7,12,1
11483,2026-07-02 09:49:09+05:30,4048.0,1,4066.17,281275,93143.0,128344.0,4100.0,4110.0,4045.0,4092.6,22260525,4501.8,3683.4,4440.0,3288.1,4047.0,290,2,4046.8,348,5,4046.5,50,1,4046.2,15,4,4046.1,49,6,4048.0,157,10,4048.3,2,1,4048.5,52,2,4048.6,6,1,4048.7,12,1
11483,2026-07-02 09:49:09+05:30,4048.0,1,4066.17,281299,93296.0,128315.0,4100.0,4110.0,4045.0,4092.6,22260525,4501.8,3683.4,4440.0,3288.1,4047.0,290,2,4046.8,353,6,4046.5,61,2,4046.2,27,5,4046.1,75,7,4048.0,135,12,4048.5,52,2,4048.6,6,1,4048.7,13,2,4048.8,35,3
11483,2026-07-02 09:49:10+05:30,4048.0,1,4066.17,281299,93296.0,128315.0,4100.0,4110.0,4045.0,4092.6,22260525,4501.8,3683.4,4440.0,3288.1,4047.0,290,2,4046.8,353,6,4046.5,61,2,4046.2,27,5,4046.1,75,7,4048.0,135,12,4048.5,52,2,4048.6,6,1,4048.7,13,2,4048.8,35,3
11483,2026-07-02 09:49:10+05:30,4048.0,1,4066.17,281299,93296.0,128315.0,4100.0,4110.0,4045.0,4092.6,22260525,4501.8,3683.4,4440.0,3288.1,4047.0,290,2,4046.8,353,6,4046.5,61,2,4046.2,27,5,4046.1,75,7,4048.0,135,12,4048.5,52,2,4048.6,6,1,4048.7,13,2,4048.8,35,3
11483,2026-07-02 09:49:10+05:30,4048.0,1,4066.17,281299,93296.0,128315.0,4100.0,4110.0,4045.0,4092.6,22260525,4501.8,3683.4,4440.0,3288.1,4047.0,290,2,4046.8,353,6,4046.5,61,2,4046.2,27,5,4046.1,75,7,4048.0,135,12,4048.5,52,2,4048.6,6,1,4048.7,13,2,4048.8,35,3
11483,2026-07-02 09:49:10+05:30,4048.0,1,4066.17,281300,93324.0,128335.0,4100.0,4110.0,4045.0,4092.6,22260525,4501.8,3683.4,4440.0,3288.1,4047.0,291,3,4046.9,1,1,4046.8,353,6,4046.5,61,2,4046.2,27,5,4048.0,135,13,4048.5,64,3,4048.6,6,1,4048.7,1,1,4048.8,47,4
11483,2026-07-02 09:49:11+05:30,4048.0,1,4066.17,281300,93324.0,128335.0,4100.0,4110.0,4045.0,4092.6,22260525,4501.8,3683.4,4440.0,3288.1,4047.0,291,3,4046.9,1,1,4046.8,353,6,4046.5,61,2,4046.2,27,5,4048.0,135,13,4048.5,64,3,4048.6,6,1,4048.7,1,1,4048.8,47,4
11483,2026-07-02 09:49:11+05:30,4048.0,1,4066.17,281300,93324.0,128335.0,4100.0,4110.0,4045.0,4092.6,22264725,4501.8,3683.4,4440.0,3288.1,4047.0,291,3,4046.9,1,1,4046.8,353,6,4046.5,61,2,4046.2,27,5,4048.0,135,13,4048.5,64,3,4048.6,6,1,4048.7,1,1,4048.8,47,4
11483,2026-07-02 09:49:12+05:30,4048.0,1,4066.17,281300,93324.0,128335.0,4100.0,4110.0,4045.0,4092.6,22264725,4501.8,3683.4,4440.0,3288.1,4047.0,291,3,4046.9,1,1,4046.8,353,6,4046.5,61,2,4046.2,27,5,4048.0,135,13,4048.5,64,3,4048.6,6,1,4048.7,1,1,4048.8,47,4
11483,2026-07-02 09:49:12+05:30,4048.0,25,4066.16,281331,93448.0,128393.0,4100.0,4110.0,4045.0,4092.6,22264725,4501.8,3683.4,4440.0,3288.1,4047.0,296,4,4046.9,1,1,4046.8,353,6,4046.6,5,1,4046.5,96,3,4048.0,97,12,4048.5,46,2,4048.8,71,5,4048.9,31,2,4049.0,40,6
11483,2026-07-02 09:49:12+05:30,4048.0,25,4066.16,281331,93448.0,128393.0,4100.0,4110.0,4045.0,4092.6,22264725,4501.8,3683.4,4440.0,3288.1,4047.0,296,4,4046.9,1,1,4046.8,353,6,4046.6,5,1,4046.5,96,3,4048.0,97,12,4048.5,46,2,4048.8,71,5,4048.9,31,2,4049.0,40,6
11483,2026-07-02 09:49:12+05:30,4046.8,1,4066.16,281331,93448.0,128393.0,4100.0,4110.0,4045.0,4092.6,22264725,4501.8,3683.4,4440.0,3288.1,4047.0,296,4,4046.9,1,1,4046.8,353,6,4046.6,5,1,4046.5,96,3,4048.0,97,12,4048.5,46,2,4048.8,71,5,4048.9,31,2,4049.0,40,6
11483,2026-07-02 09:49:12+05:30,4046.8,1,4066.16,281331,93448.0,128393.0,4100.0,4110.0,4045.0,4092.6,22264725,4501.8,3683.4,4440.0,3288.1,4047.0,296,4,4046.9,1,1,4046.8,353,6,4046.6,5,1,4046.5,96,3,4048.0,97,12,4048.5,46,2,4048.8,71,5,4048.9,31,2,4049.0,40,6
11483,2026-07-02 09:49:13+05:30,4046.8,1,4066.16,281331,93448.0,128393.0,4100.0,4110.0,4045.0,4092.6,22264725,4501.8,3683.4,4440.0,3288.1,4047.0,296,4,4046.9,1,1,4046.8,353,6,4046.6,5,1,4046.5,96,3,4048.0,97,12,4048.5,46,2,4048.8,71,5,4048.9,31,2,4049.0,40,6
11483,2026-07-02 09:49:13+05:30,4048.0,3,4066.1,282255,92787.0,128211.0,4100.0,4110.0,4045.0,4092.6,22264725,4501.8,3683.4,4440.0,3288.1,4047.0,2,1,4046.9,5,1,4046.5,50,1,4046.3,10,1,4046.2,22,5,4048.0,33,10,4048.2,10,1,4048.3,4,1,4048.4,5,1,4048.5,18,1
11483,2026-07-02 09:49:13+05:30,4048.0,3,4066.1,282255,92787.0,128211.0,4100.0,4110.0,4045.0,4092.6,22264725,4501.8,3683.4,4440.0,3288.1,4047.0,2,1,4046.9,5,1,4046.5,50,1,4046.3,10,1,4046.2,22,5,4048.0,33,10,4048.2,10,1,4048.3,4,1,4048.4,5,1,4048.5,18,1
11483,2026-07-02 09:49:13+05:30,4048.0,3,4066.1,282255,92787.0,128211.0,4100.0,4110.0,4045.0,4092.6,22264725,4501.8,3683.4,4440.0,3288.1,4047.0,2,1,4046.9,5,1,4046.5,50,1,4046.3,10,1,4046.2,22,5,4048.0,33,10,4048.2,10,1,4048.3,4,1,4048.4,5,1,4048.5,18,1
11483,2026-07-02 09:49:14+05:30,4047.0,9,4066.1,282267,92798.0,128158.0,4100.0,4110.0,4045.0,4092.6,22264725,4501.8,3683.4,4440.0,3288.1,4047.0,1,1,4046.9,5,1,4046.6,5,1,4046.5,50,1,4046.3,10,1,4048.0,38,10,4048.3,4,1,4048.4,5,1,4048.7,11,1,4048.8,22,3
11483,2026-07-02 09:49:14+05:30,4047.0,2,4066.1,282267,92798.0,128158.0,4100.0,4110.0,4045.0,4092.6,22264725,4501.8,3683.4,4440.0,3288.1,4047.0,1,1,4046.9,5,1,4046.6,5,1,4046.5,50,1,4046.3,10,1,4048.0,38,10,4048.3,4,1,4048.4,5,1,4048.7,11,1,4048.8,22,3
11483,2026-07-02 09:49:15+05:30,4048.6,2,4066.09,282402,92923.0,128040.0,4100.0,4110.0,4045.0,4092.6,22264725,4501.8,3683.4,4440.0,3288.1,4048.0,23,1,4047.0,16,1,4046.9,5,1,4046.8,44,3,4046.7,84,2,4048.5,38,6,4048.6,35,4,4048.7,38,4,4048.8,36,4,4048.9,31,2
11483,2026-07-02 09:49:15+05:30,4048.6,2,4066.09,282402,92923.0,128040.0,4100.0,4110.0,4045.0,4092.6,22264725,4501.8,3683.4,4440.0,3288.1,4048.0,23,1,4047.0,16,1,4046.9,5,1,4046.8,44,3,4046.7,84,2,4048.5,38,6,4048.6,35,4,4048.7,38,4,4048.8,36,4,4048.9,31,2
11483,2026-07-02 09:49:16+05:30,4048.9,3,4066.08,282543,92989.0,127954.0,4100.0,4110.0,4045.0,4092.6,22264725,4501.8,3683.4,4440.0,3288.1,4048.0,24,2,4047.0,16,1,4046.9,5,1,4046.8,44,3,4046.7,84,2,4048.9,42,4,4049.0,17,5,4049.1,67,3,4049.2,27,2,4049.3,19,3
11483,2026-07-02 09:49:16+05:30,4048.9,3,4066.08,282543,92989.0,127954.0,4100.0,4110.0,4045.0,4092.6,22264725,4501.8,3683.4,4440.0,3288.1,4048.0,24,2,4047.0,16,1,4046.9,5,1,4046.8,44,3,4046.7,84,2,4048.9,42,4,4049.0,17,5,4049.1,67,3,4049.2,27,2,4049.3,19,3
11483,2026-07-02 09:49:17+05:30,4048.9,1,4066.08,282544,93191.0,127882.0,4100.0,4110.0,4045.0,4092.6,22264725,4501.8,3683.4,4440.0,3288.1,4048.0,68,6,4047.1,12,1,4047.0,51,3,4046.9,29,2,4046.8,44,3,4048.9,23,5,4049.0,3,3,4049.1,68,4,4049.2,27,2,4049.3,19,3
11483,2026-07-02 09:49:17+05:30,4048.0,2,4066.08,282544,93191.0,127882.0,4100.0,4110.0,4045.0,4092.6,22264725,4501.8,3683.4,4440.0,3288.1,4048.0,68,6,4047.1,12,1,4047.0,51,3,4046.9,29,2,4046.8,44,3,4048.9,23,5,4049.0,3,3,4049.1,68,4,4049.2,27,2,4049.3,19,3
11483,2026-07-02 09:49:18+05:30,4048.0,2,4066.08,282561,93215.0,127665.0,4100.0,4110.0,4045.0,4092.6,22264725,4501.8,3683.4,4440.0,3288.1,4048.5,5,1,4048.0,62,6,4047.1,12,1,4047.0,16,1,4046.9,39,2,4048.9,25,5,4049.0,3,3,4049.1,37,3,4049.2,17,1,4049.3,13,2
11483,2026-07-02 09:49:18+05:30,4048.0,2,4066.08,282561,93215.0,127665.0,4100.0,4110.0,4045.0,4092.6,22264725,4501.8,3683.4,4440.0,3288.1,4048.5,5,1,4048.0,62,6,4047.1,12,1,4047.0,16,1,4046.9,39,2,4048.9,25,5,4049.0,3,3,4049.1,37,3,4049.2,17,1,4049.3,13,2
11483,2026-07-02 09:49:19+05:30,4048.9,1,4066.08,282562,93269.0,127678.0,4100.0,4110.0,4045.0,4092.6,22264725,4501.8,3683.4,4440.0,3288.1,4048.5,5,1,4048.0,62,6,4047.7,5,1,4047.6,5,1,4047.1,46,3,4048.9,24,5,4049.0,2,2,4049.1,1,1,4049.3,4,1,4049.4,26,2
11483,2026-07-02 09:49:19+05:30,4048.9,1,4066.08,282562,93269.0,127678.0,4100.0,4110.0,4045.0,4092.6,22264725,4501.8,3683.4,4440.0,3288.1,4048.5,5,1,4048.0,62,6,4047.7,5,1,4047.6,5,1,4047.1,46,3,4048.9,24,5,4049.0,2,2,4049.1,1,1,4049.3,4,1,4049.4,26,2
11483,2026-07-02 09:49:20+05:30,4048.9,5,4066.08,282562,93269.0,127678.0,4100.0,4110.0,4045.0,4092.6,22264725,4501.8,3683.4,4440.0,3288.1,4048.5,5,1,4048.0,62,6,4047.7,5,1,4047.6,5,1,4047.1,46,3,4048.9,24,5,4049.0,2,2,4049.1,1,1,4049.3,4,1,4049.4,26,2
11483,2026-07-02 09:49:20+05:30,4048.0,27,4066.08,282635,93207.0,128174.0,4100.0,4110.0,4045.0,4092.6,22264725,4501.8,3683.4,4440.0,3288.1,4048.0,6,2,4047.3,84,2,4047.2,21,1,4047.1,25,3,4047.0,66,2,4048.9,6,3,4049.0,2,2,4049.1,1,1,4049.3,4,1,4049.5,40,3
11483,2026-07-02 09:49:21+05:30,4047.7,8,4066.08,282635,93207.0,128174.0,4100.0,4110.0,4045.0,4092.6,22264725,4501.8,3683.4,4440.0,3288.1,4048.0,6,2,4047.3,84,2,4047.2,21,1,4047.1,25,3,4047.0,66,2,4048.9,6,3,4049.0,2,2,4049.1,1,1,4049.3,4,1,4049.5,40,3
11483,2026-07-02 09:49:21+05:30,4048.0,1,4066.07,282686,93210.0,128501.0,4100.0,4110.0,4045.0,4092.6,22264725,4501.8,3683.4,4440.0,3288.1,4047.7,28,3,4047.6,3,1,4047.5,28,4,4047.4,23,3,4047.3,57,4,4048.0,5,2,4048.9,8,2,4049.0,2,2,4049.1,1,1,4049.3,4,1
11483,2026-07-02 09:49:22+05:30,4048.0,1,4066.07,282686,93210.0,128501.0,4100.0,4110.0,4045.0,4092.6,22264725,4501.8,3683.4,4440.0,3288.1,4047.7,28,3,4047.6,3,1,4047.5,28,4,4047.4,23,3,4047.3,57,4,4048.0,5,2,4048.9,8,2,4049.0,2,2,4049.1,1,1,4049.3,4,1
11483,2026-07-02 09:49:22+05:30,4048.0,1,4066.07,282688,93323.0,128495.0,4100.0,4110.0,4045.0,4092.6,22264725,4501.8,3683.4,4440.0,3288.1,4047.7,16,2,4047.6,15,2,4047.5,10,2,4047.4,23,3,4047.3,57,4,4048.0,5,4,4048.9,8,2,4049.0,2,2,4049.1,6,2,4049.3,4,1
11483,2026-07-02 09:49:23+05:30,4049.4,1,4066.07,282688,93323.0,128495.0,4100.0,4110.0,4045.0,4092.6,22264725,4501.8,3683.4,4440.0,3288.1,4047.7,16,2,4047.6,15,2,4047.5,10,2,4047.4,23,3,4047.3,57,4,4048.0,5,4,4048.9,8,2,4049.0,2,2,4049.1,6,2,4049.3,4,1
11483,2026-07-02 09:49:23+05:30,4047.7,3,4066.07,282728,93255.0,129365.0,4100.0,4110.0,4045.0,4092.6,22264725,4501.8,3683.4,4440.0,3288.1,4047.1,4,2,4047.0,166,3,4046.9,5,1,4046.8,7,1,4046.6,50,2,4047.7,351,2,4048.0,5,1,4049.0,10,2,4049.1,209,6,4049.2,14,2
11483,2026-07-02 09:49:24+05:30,4047.7,3,4066.07,282728,93255.0,129365.0,4100.0,4110.0,4045.0,4092.6,22264725,4501.8,3683.4,4440.0,3288.1,4047.1,4,2,4047.0,166,3,4046.9,5,1,4046.8,7,1,4046.6,50,2,4047.7,351,2,4048.0,5,1,4049.0,10,2,4049.1,209,6,4049.2,14,2
11483,2026-07-02 09:49:24+05:30,4047.7,20,4066.07,282749,93298.0,129265.0,4100.0,4110.0,4045.0,4092.6,22264725,4501.8,3683.4,4440.0,3288.1,4047.1,50,5,4047.0,216,4,4046.9,38,3,4046.8,7,1,4046.6,29,1,4047.7,331,3,4048.0,5,1,4049.0,4,1,4049.1,209,6,4049.2,14,2
11483,2026-07-02 09:49:25+05:30,4047.7,20,4066.07,282749,93298.0,129265.0,4100.0,4110.0,4045.0,4092.6,22264725,4501.8,3683.4,4440.0,3288.1,4047.1,50,5,4047.0,216,4,4046.9,38,3,4046.8,7,1,4046.6,29,1,4047.7,331,3,4048.0,5,1,4049.0,4,1,4049.1,209,6,4049.2,14,2
11483,2026-07-02 09:49:25+05:30,4047.7,5,4066.07,282756,93287.0,129261.0,4100.0,4110.0,4045.0,4092.6,22264725,4501.8,3683.4,4440.0,3288.1,4047.1,45,4,4047.0,216,4,4046.9,38,3,4046.8,7,1,4046.6,29,1,4047.7,326,5,4048.0,5,1,4049.0,4,1,4049.1,209,6,4049.2,14,2
11483,2026-07-02 09:49:26+05:30,4047.7,8,4066.07,282756,93287.0,129261.0,4100.0,4110.0,4045.0,4092.6,22264725,4501.8,3683.4,4440.0,3288.1,4047.1,45,4,4047.0,216,4,4046.9,38,3,4046.8,7,1,4046.6,29,1,4047.7,326,5,4048.0,5,1,4049.0,4,1,4049.1,209,6,4049.2,14,2
11483,2026-07-02 09:49:27+05:30,4047.7,5,4066.07,282771,93342.0,129266.0,4100.0,4110.0,4045.0,4092.6,22264725,4501.8,3683.4,4440.0,3288.1,4047.1,44,3,4047.0,216,4,4046.9,26,2,4046.8,19,2,4046.6,29,1,4047.7,315,8,4048.0,16,2,4049.0,4,1,4049.1,209,6,4049.2,14,2
11483,2026-07-02 09:49:27+05:30,4047.7,5,4066.07,282771,93342.0,129266.0,4100.0,4110.0,4045.0,4092.6,22264725,4501.8,3683.4,4440.0,3288.1,4047.1,44,3,4047.0,216,4,4046.9,26,2,4046.8,19,2,4046.6,29,1,4047.7,315,8,4048.0,16,2,4049.0,4,1,4049.1,209,6,4049.2,14,2
11483,2026-07-02 09:49:28+05:30,4047.2,1,4066.07,282780,93349.0,129316.0,4100.0,4110.0,4045.0,4092.6,22264725,4501.8,3683.4,4440.0,3288.1,4047.2,40,2,4047.0,227,5,4046.9,21,3,4046.8,7,1,4046.7,44,3,4047.7,310,9,4048.0,5,1,4049.0,4,1,4049.1,203,5,4049.2,14,2
11483,2026-07-02 09:49:28+05:30,4047.0,34,4066.07,282780,93349.0,129316.0,4100.0,4110.0,4045.0,4092.6,22264725,4501.8,3683.4,4440.0,3288.1,4047.2,40,2,4047.0,227,5,4046.9,21,3,4046.8,7,1,4046.7,44,3,4047.7,310,9,4048.0,5,1,4049.0,4,1,4049.1,203,5,4049.2,14,2
11483,2026-07-02 09:49:29+05:30,4047.7,1,4066.06,282886,93351.0,129417.0,4100.0,4110.0,4045.0,4092.6,22264725,4501.8,3683.4,4440.0,3288.1,4047.0,171,4,4046.9,5,1,4046.8,7,1,4046.7,33,2,4046.6,29,1,4047.7,308,8,4048.0,5,1,4049.0,4,1,4049.1,216,6,4049.2,14,2
11483,2026-07-02 09:49:29+05:30,4047.7,1,4066.06,282886,93351.0,129417.0,4100.0,4110.0,4045.0,4092.6,22264725,4501.8,3683.4,4440.0,3288.1,4047.0,171,4,4046.9,5,1,4046.8,7,1,4046.7,33,2,4046.6,29,1,4047.7,308,8,4048.0,5,1,4049.0,4,1,4049.1,216,6,4049.2,14,2
11483,2026-07-02 09:49:30+05:30,4047.7,15,4066.06,282906,93427.0,129393.0,4100.0,4110.0,4045.0,4092.6,22264725,4501.8,3683.4,4440.0,3288.1,4047.0,171,4,4046.9,5,1,4046.8,19,2,4046.6,49,2,4046.5,50,1,4047.7,295,10,4048.0,5,1,4049.0,16,2,4049.1,203,5,4049.2,14,2
11483,2026-07-02 09:49:30+05:30,4047.7,15,4066.06,282906,93427.0,129393.0,4100.0,4110.0,4045.0,4092.6,22264725,4501.8,3683.4,4440.0,3288.1,4047.0,171,4,4046.9,5,1,4046.8,19,2,4046.6,49,2,4046.5,50,1,4047.7,295,10,4048.0,5,1,4049.0,16,2,4049.1,203,5,4049.2,14,2
11483,2026-07-02 09:49:31+05:30,4047.0,1,4066.06,282906,93427.0,129393.0,4100.0,4110.0,4045.0,4092.6,22264725,4501.8,3683.4,4440.0,3288.1,4047.0,171,4,4046.9,5,1,4046.8,19,2,4046.6,49,2,4046.5,50,1,4047.7,295,10,4048.0,5,1,4049.0,16,2,4049.1,203,5,4049.2,14,2
11483,2026-07-02 09:49:31+05:30,4047.7,3,4066.06,282920,93285.0,129406.0,4100.0,4110.0,4045.0,4092.6,22264725,4501.8,3683.4,4440.0,3288.1,4047.0,167,3,4046.9,5,1,4046.8,19,2,4046.6,29,1,4046.5,50,1,4047.7,284,9,4048.0,10,2,4049.0,21,3,4049.1,203,5,4049.2,14,2
11483,2026-07-02 09:49:32+05:30,4047.0,1,4066.06,282920,93285.0,129406.0,4100.0,4110.0,4045.0,4092.6,22264725,4501.8,3683.4,4440.0,3288.1,4047.0,167,3,4046.9,5,1,4046.8,19,2,4046.6,29,1,4046.5,50,1,4047.7,284,9,4048.0,10,2,4049.0,21,3,4049.1,203,5,4049.2,14,2
11483,2026-07-02 09:49:32+05:30,4047.0,1,4066.06,282926,93659.0,129412.0,4100.0,4110.0,4045.0,4092.6,22264725,4501.8,3683.4,4440.0,3288.1,4047.0,166,4,4046.9,5,1,4046.8,19,2,4046.6,29,1,4046.5,50,1,4047.7,282,7,4048.0,10,2,4049.0,21,3,4049.1,203,5,4049.2,14,2
11483,2026-07-02 09:49:33+05:30,4047.7,2,4066.06,282926,93659.0,129412.0,4100.0,4110.0,4045.0,4092.6,22264725,4501.8,3683.4,4440.0,3288.1,4047.0,166,4,4046.9,5,1,4046.8,19,2,4046.6,29,1,4046.5,50,1,4047.7,282,7,4048.0,10,2,4049.0,21,3,4049.1,203,5,4049.2,14,2
11483,2026-07-02 09:49:33+05:30,4047.7,2,4066.06,282929,93759.0,129429.0,4100.0,4110.0,4045.0,4092.6,22264725,4501.8,3683.4,4440.0,3288.1,4047.0,166,5,4046.9,5,1,4046.8,19,2,4046.6,29,1,4046.5,50,1,4047.7,288,8,4048.0,10,2,4049.0,21,3,4049.1,203,5,4049.2,14,2
11483,2026-07-02 09:49:34+05:30,4047.0,2,4066.06,282929,93759.0,129429.0,4100.0,4110.0,4045.0,4092.6,22264725,4501.8,3683.4,4440.0,3288.1,4047.0,166,5,4046.9,5,1,4046.8,19,2,4046.6,29,1,4046.5,50,1,4047.7,288,8,4048.0,10,2,4049.0,21,3,4049.1,203,5,4049.2,14,2
11483,2026-07-02 09:49:34+05:30,4047.0,2,4066.06,282933,93751.0,129471.0,4100.0,4110.0,4045.0,4092.6,22264725,4501.8,3683.4,4440.0,3288.1,4047.0,162,5,4046.9,5,1,4046.8,19,2,4046.6,29,1,4046.5,50,1,4047.7,287,7,4048.0,10,2,4049.0,21,3,4049.1,203,5,4049.2,14,2
11483,2026-07-02 09:49:35+05:30,4047.0,2,4066.06,282933,93751.0,129471.0,4100.0,4110.0,4045.0,4092.6,22264725,4501.8,3683.4,4440.0,3288.1,4047.0,162,5,4046.9,5,1,4046.8,19,2,4046.6,29,1,4046.5,50,1,4047.7,287,7,4048.0,10,2,4049.0,21,3,4049.1,203,5,4049.2,14,2
11483,2026-07-02 09:49:35+05:30,4047.0,1,4066.06,282940,93743.0,129445.0,4100.0,4110.0,4045.0,4092.6,22264725,4501.8,3683.4,4440.0,3288.1,4047.0,155,5,4046.9,5,1,4046.8,7,1,4046.5,50,1,4046.4,232,4,4047.7,285,5,4048.0,10,2,4049.0,21,3,4049.1,203,5,4049.2,14,2
11483,2026-07-02 09:49:36+05:30,4047.0,1,4066.06,282940,93743.0,129445.0,4100.0,4110.0,4045.0,4092.6,22264725,4501.8,3683.4,4440.0,3288.1,4047.0,155,5,4046.9,5,1,4046.8,7,1,4046.5,50,1,4046.4,232,4,4047.7,285,5,4048.0,10,2,4049.0,21,3,4049.1,203,5,4049.2,14,2
11483,2026-07-02 09:49:36+05:30,4047.7,10,4066.06,282953,93774.0,129433.0,4100.0,4110.0,4045.0,4092.6,22264725,4501.8,3683.4,4440.0,3288.1,4047.0,154,6,4046.9,5,1,4046.8,18,2,4046.5,50,1,4046.4,232,4,4047.7,273,4,4048.0,10,2,4049.0,21,3,4049.1,203,5,4049.2,14,2
11483,2026-07-02 09:49:37+05:30,4047.7,10,4066.06,282953,93774.0,129433.0,4100.0,4110.0,4045.0,4092.6,22264725,4501.8,3683.4,4440.0,3288.1,4047.0,154,6,4046.9,5,1,4046.8,18,2,4046.5,50,1,4046.4,232,4,4047.7,273,4,4048.0,10,2,4049.0,21,3,4049.1,203,5,4049.2,14,2
11483,2026-07-02 09:49:37+05:30,4047.0,1,4066.06,282954,93804.0,129515.0,4100.0,4110.0,4045.0,4092.6,22264725,4501.8,3683.4,4440.0,3288.1,4047.0,153,6,4046.9,5,1,4046.8,18,2,4046.5,50,1,4046.4,232,4,4047.7,274,5,4048.0,10,2,4049.0,21,3,4049.1,203,5,4049.2,20,3
11483,2026-07-02 09:49:38+05:30,4047.7,3,4066.06,282954,93804.0,129515.0,4100.0,4110.0,4045.0,4092.6,22264725,4501.8,3683.4,4440.0,3288.1,4047.0,153,6,4046.9,5,1,4046.8,18,2,4046.5,50,1,4046.4,232,4,4047.7,274,5,4048.0,10,2,4049.0,21,3,4049.1,203,5,4049.2,20,3
11483,2026-07-02 09:49:39+05:30,4047.0,1,4066.06,282959,93881.0,129095.0,4100.0,4110.0,4045.0,4092.6,22264725,4501.8,3683.4,4440.0,3288.1,4047.0,162,7,4046.9,15,2,4046.8,18,2,4046.6,5,1,4046.5,50,1,4047.7,266,3,4048.0,10,2,4049.0,16,2,4049.1,203,5,4049.2,14,2
11483,2026-07-02 09:49:39+05:30,4047.0,1,4066.06,282959,93881.0,129095.0,4100.0,4110.0,4045.0,4092.6,22264725,4501.8,3683.4,4440.0,3288.1,4047.0,162,7,4046.9,15,2,4046.8,18,2,4046.6,5,1,4046.5,50,1,4047.7,266,3,4048.0,10,2,4049.0,16,2,4049.1,203,5,4049.2,14,2
11483,2026-07-02 09:49:40+05:30,4047.7,10,4066.06,282974,93859.0,129292.0,4100.0,4110.0,4045.0,4092.6,22264725,4501.8,3683.4,4440.0,3288.1,4047.0,158,7,4046.9,15,2,4046.8,18,2,4046.6,5,1,4046.5,50,1,4047.7,255,3,4048.0,10,2,4049.0,16,2,4049.1,203,5,4049.2,14,2
11483,2026-07-02 09:49:40+05:30,4048.0,5,4066.06,282974,93859.0,129292.0,4100.0,4110.0,4045.0,4092.6,22264725,4501.8,3683.4,4440.0,3288.1,4047.0,158,7,4046.9,15,2,4046.8,18,2,4046.6,5,1,4046.5,50,1,4047.7,255,3,4048.0,10,2,4049.0,16,2,4049.1,203,5,4049.2,14,2
11483,2026-07-02 09:49:41+05:30,4048.0,2,4066.04,283249,94436.0,128236.0,4100.0,4110.0,4045.0,4092.6,22264725,4501.8,3683.4,4440.0,3288.1,4047.5,8,2,4047.4,19,3,4047.3,34,3,4047.2,9,2,4047.1,39,4,4048.0,6,2,4049.2,3,1,4049.3,37,3,4049.4,31,4,4049.5,51,3
11483,2026-07-02 09:49:41+05:30,4048.0,2,4066.04,283249,94436.0,128236.0,4100.0,4110.0,4045.0,4092.6,22264725,4501.8,3683.4,4440.0,3288.1,4047.5,8,2,4047.4,19,3,4047.3,34,3,4047.2,9,2,4047.1,39,4,4048.0,6,2,4049.2,3,1,4049.3,37,3,4049.4,31,4,4049.5,51,3
11483,2026-07-02 09:49:42+05:30,4048.0,8,4066.04,283273,94344.0,128201.0,4100.0,4110.0,4045.0,4092.6,22264725,4501.8,3683.4,4440.0,3288.1,4047.6,4,1,4047.5,12,2,4047.4,62,5,4047.3,12,2,4047.2,31,4,4048.0,3,1,4049.3,11,2,4049.4,9,2,4049.5,15,2,4049.7,38,3
11483,2026-07-02 09:49:42+05:30,4048.0,8,4066.04,283273,94344.0,128201.0,4100.0,4110.0,4045.0,4092.6,22264725,4501.8,3683.4,4440.0,3288.1,4047.6,4,1,4047.5,12,2,4047.4,62,5,4047.3,12,2,4047.2,31,4,4048.0,3,1,4049.3,11,2,4049.4,9,2,4049.5,15,2,4049.7,38,3
11483,2026-07-02 09:49:43+05:30,4048.0,2,4066.04,283276,94300.0,128300.0,4100.0,4110.0,4045.0,4092.6,22264725,4501.8,3683.4,4440.0,3288.1,4047.4,22,1,4047.3,9,1,4047.2,3,1,4047.1,17,3,4047.0,159,11,4048.0,3,3,4049.2,28,1,4049.3,45,4,4049.4,9,2,4049.5,26,3
11483,2026-07-02 09:49:43+05:30,4048.0,1,4066.04,283276,94300.0,128300.0,4100.0,4110.0,4045.0,4092.6,22264725,4501.8,3683.4,4440.0,3288.1,4047.4,22,1,4047.3,9,1,4047.2,3,1,4047.1,17,3,4047.0,159,11,4048.0,3,3,4049.2,28,1,4049.3,45,4,4049.4,9,2,4049.5,26,3
11483,2026-07-02 09:49:44+05:30,4047.3,1,4066.04,283280,94337.0,128408.0,4100.0,4110.0,4045.0,4092.6,22264725,4501.8,3683.4,4440.0,3288.1,4047.4,2,1,4047.3,34,4,4047.2,28,3,4047.1,34,4,4047.0,184,12,4048.0,8,3,4049.2,58,2,4049.3,45,4,4049.4,9,2,4049.5,26,3
11483,2026-07-02 09:49:44+05:30,4047.3,1,4066.04,283280,94337.0,128408.0,4100.0,4110.0,4045.0,4092.6,22264725,4501.8,3683.4,4440.0,3288.1,4047.4,2,1,4047.3,34,4,4047.2,28,3,4047.1,34,4,4047.0,184,12,4048.0,8,3,4049.2,58,2,4049.3,45,4,4049.4,9,2,4049.5,26,3
11483,2026-07-02 09:49:45+05:30,4047.4,1,4066.04,283280,94337.0,128408.0,4100.0,4110.0,4045.0,4092.6,22264725,4501.8,3683.4,4440.0,3288.1,4047.4,2,1,4047.3,34,4,4047.2,28,3,4047.1,34,4,4047.0,184,12,4048.0,8,3,4049.2,58,2,4049.3,45,4,4049.4,9,2,4049.5,26,3
11483,2026-07-02 09:49:45+05:30,4047.4,1,4066.04,283281,94322.0,128354.0,4100.0,4110.0,4045.0,4092.6,22264725,4501.8,3683.4,4440.0,3288.1,4047.3,18,2,4047.2,3,1,4047.1,42,4,4047.0,184,12,4046.9,17,2,4048.0,9,4,4049.1,4,1,4049.2,58,2,4049.3,45,4,4049.4,9,2
11483,2026-07-02 09:49:46+05:30,4047.3,2,4066.04,283281,94322.0,128354.0,4100.0,4110.0,4045.0,4092.6,22264725,4501.8,3683.4,4440.0,3288.1,4047.3,18,2,4047.2,3,1,4047.1,42,4,4047.0,184,12,4046.9,17,2,4048.0,9,4,4049.1,4,1,4049.2,58,2,4049.3,45,4,4049.4,9,2
11483,2026-07-02 09:49:46+05:30,4047.7,1,4066.04,283294,94943.0,128584.0,4100.0,4110.0,4045.0,4092.6,22264725,4501.8,3683.4,4440.0,3288.1,4047.7,630,1,4047.3,1,1,4047.1,1,1,4047.0,178,11,4046.9,5,1,4048.0,3,3,4048.9,31,1,4049.0,10,1,4049.2,73,4,4049.3,35,3
11483,2026-07-02 09:49:47+05:30,4047.7,1,4066.04,283294,94943.0,128584.0,4100.0,4110.0,4045.0,4092.6,22264725,4501.8,3683.4,4440.0,3288.1,4047.7,630,1,4047.3,1,1,4047.1,1,1,4047.0,178,11,4046.9,5,1,4048.0,3,3,4048.9,31,1,4049.0,10,1,4049.2,73,4,4049.3,35,3
11483,2026-07-02 09:49:47+05:30,4047.7,1,4066.03,283299,94957.0,128568.0,4100.0,4110.0,4045.0,4092.6,22264725,4501.8,3683.4,4440.0,3288.1,4047.7,626,1,4047.3,1,1,4047.1,1,1,4047.0,179,12,4046.9,29,3,4048.0,2,2,4048.9,31,1,4049.0,10,1,4049.2,45,3,4049.3,35,3
11483,2026-07-02 09:49:48+05:30,4047.7,1,4066.03,283299,94957.0,128568.0,4100.0,4110.0,4045.0,4092.6,22264725,4501.8,3683.4,4440.0,3288.1,4047.7,626,1,4047.3,1,1,4047.1,1,1,4047.0,179,12,4046.9,29,3,4048.0,2,2,4048.9,31,1,4049.0,10,1,4049.2,45,3,4049.3,35,3
11483,2026-07-02 09:49:48+05:30,4047.7,1,4066.03,283300,94993.0,128515.0,4100.0,4110.0,4045.0,4092.6,22264725,4501.8,3683.4,4440.0,3288.1,4047.7,625,1,4047.3,11,2,4047.2,22,2,4047.1,11,2,4047.0,179,12,4048.0,2,2,4048.9,31,1,4049.2,34,2,4049.3,35,3,4049.4,19,3
11483,2026-07-02 09:49:49+05:30,4047.7,1,4066.03,283300,94993.0,128515.0,4100.0,4110.0,4045.0,4092.6,22264725,4501.8,3683.4,4440.0,3288.1,4047.7,625,1,4047.3,11,2,4047.2,22,2,4047.1,11,2,4047.0,179,12,4048.0,2,2,4048.9,31,1,4049.2,34,2,4049.3,35,3,4049.4,19,3
11483,2026-07-02 09:49:49+05:30,4049.0,49,4066.03,283353,94314.0,127697.0,4100.0,4110.0,4045.0,4092.6,22264725,4501.8,3683.4,4440.0,3288.1,4047.7,623,1,4047.3,1,1,4047.1,25,3,4047.0,178,11,4046.9,5,1,4049.1,13,1,4049.2,8,1,4049.4,10,1,4049.5,24,3,4049.6,34,1
11483,2026-07-02 09:49:50+05:30,4049.0,49,4066.03,283353,94314.0,127697.0,4100.0,4110.0,4045.0,4092.6,22264725,4501.8,3683.4,4440.0,3288.1,4047.7,623,1,4047.3,1,1,4047.1,25,3,4047.0,178,11,4046.9,5,1,4049.1,13,1,4049.2,8,1,4049.4,10,1,4049.5,24,3,4049.6,34,1
11483,2026-07-02 09:49:51+05:30,4047.7,1,4066.03,283354,94260.0,127889.0,4100.0,4110.0,4045.0,4092.6,22264725,4501.8,3683.4,4440.0,3288.1,4047.7,622,1,4047.3,1,1,4047.1,14,2,4047.0,209,13,4046.9,25,2,4049.0,3,3,4049.2,8,1,4049.4,10,1,4049.5,83,6,4049.7,26,2
11483,2026-07-02 09:49:51+05:30,4049.0,1,4066.03,283354,94260.0,127889.0,4100.0,4110.0,4045.0,4092.6,22264725,4501.8,3683.4,4440.0,3288.1,4047.7,622,1,4047.3,1,1,4047.1,14,2,4047.0,209,13,4046.9,25,2,4049.0,3,3,4049.2,8,1,4049.4,10,1,4049.5,83,6,4049.7,26,2
11483,2026-07-02 09:49:52+05:30,4047.7,1,4066.03,283356,94359.0,127969.0,4100.0,4110.0,4045.0,4092.6,22264725,4501.8,3683.4,4440.0,3288.1,4047.7,621,1,4047.1,59,3,4047.0,203,12,4046.9,25,2,4046.8,51,4,4049.0,20,7,4049.1,33,2,4049.3,35,1,4049.4,57,3,4049.5,49,5
11483,2026-07-02 09:49:52+05:30,4047.7,1,4066.03,283356,94359.0,127969.0,4100.0,4110.0,4045.0,4092.6,22264725,4501.8,3683.4,4440.0,3288.1,4047.7,621,1,4047.1,59,3,4047.0,203,12,4046.9,25,2,4046.8,51,4,4049.0,20,7,4049.1,33,2,4049.3,35,1,4049.4,57,3,4049.5,49,5
11483,2026-07-02 09:49:53+05:30,4047.7,1,4066.03,283357,94487.0,128014.0,4100.0,4110.0,4045.0,4092.6,22264725,4501.8,3683.4,4440.0,3288.1,4047.7,620,1,4047.1,59,3,4047.0,203,12,4046.9,28,3,4046.8,48,3,4049.0,18,6,4049.1,22,2,4049.2,35,1,4049.3,19,1,4049.4,57,3
11483,2026-07-02 09:49:53+05:30,4047.7,1,4066.03,283357,94487.0,128014.0,4100.0,4110.0,4045.0,4092.6,22264725,4501.8,3683.4,4440.0,3288.1,4047.7,620,1,4047.1,59,3,4047.0,203,12,4046.9,28,3,4046.8,48,3,4049.0,18,6,4049.1,22,2,4049.2,35,1,4049.3,19,1,4049.4,57,3
11483,2026-07-02 09:49:54+05:30,4047.7,1,4066.03,283358,94486.0,128061.0,4100.0,4110.0,4045.0,4092.6,22264725,4501.8,3683.4,4440.0,3288.1,4047.7,619,1,4047.1,59,3,4047.0,203,12,4046.9,28,3,4046.8,48,3,4049.0,18,6,4049.1,22,2,4049.2,35,1,4049.3,19,1,4049.4,57,3
11483,2026-07-02 09:49:54+05:30,4047.7,1,4066.03,283358,94486.0,128061.0,4100.0,4110.0,4045.0,4092.6,22264725,4501.8,3683.4,4440.0,3288.1,4047.7,619,1,4047.1,59,3,4047.0,203,12,4046.9,28,3,4046.8,48,3,4049.0,18,6,4049.1,22,2,4049.2,35,1,4049.3,19,1,4049.4,57,3
11483,2026-07-02 09:49:55+05:30,4049.1,4,4066.03,283358,94486.0,128061.0,4100.0,4110.0,4045.0,4092.6,22264725,4501.8,3683.4,4440.0,3288.1,4047.7,619,1,4047.1,59,3,4047.0,203,12,4046.9,28,3,4046.8,48,3,4049.0,18,6,4049.1,22,2,4049.2,35,1,4049.3,19,1,4049.4,57,3
11483,2026-07-02 09:49:55+05:30,4049.1,4,4066.03,283387,94562.0,128275.0,4100.0,4110.0,4045.0,4092.6,22264725,4501.8,3683.4,4440.0,3288.1,4047.7,610,1,4047.1,59,3,4047.0,203,12,4046.9,13,3,4046.8,48,3,4049.1,39,4,4049.2,49,2,4049.3,19,1,4049.4,28,2,4049.5,66,6
11483,2026-07-02 09:49:56+05:30,4049.0,10,4066.03,283387,94562.0,128275.0,4100.0,4110.0,4045.0,4092.6,22264725,4501.8,3683.4,4440.0,3288.1,4047.7,610,1,4047.1,59,3,4047.0,203,12,4046.9,13,3,4046.8,48,3,4049.1,39,4,4049.2,49,2,4049.3,19,1,4049.4,28,2,4049.5,66,6
11483,2026-07-02 09:49:56+05:30,4049.0,10,4066.03,283399,94430.0,128017.0,4100.0,4110.0,4045.0,4092.6,22264725,4501.8,3683.4,4440.0,3288.1,4047.7,609,1,4047.1,59,3,4047.0,203,12,4046.9,5,1,4046.8,48,3,4049.0,29,5,4049.1,21,4,4049.2,35,1,4049.3,19,1,4049.4,33,3
11483,2026-07-02 09:49:57+05:30,4049.0,1,4066.03,283399,94430.0,128017.0,4100.0,4110.0,4045.0,4092.6,22264725,4501.8,3683.4,4440.0,3288.1,4047.7,609,1,4047.1,59,3,4047.0,203,12,4046.9,5,1,4046.8,48,3,4049.0,29,5,4049.1,21,4,4049.2,35,1,4049.3,19,1,4049.4,33,3
11483,2026-07-02 09:49:57+05:30,4047.7,1,4066.03,283436,94657.0,127819.0,4100.0,4110.0,4045.0,4092.6,22264725,4501.8,3683.4,4440.0,3288.1,4047.7,607,1,4047.1,59,3,4047.0,208,13,4046.9,8,2,4046.8,48,3,4049.0,26,6,4049.1,8,3,4049.2,54,2,4049.3,19,1,4049.4,28,2
11483,2026-07-02 09:49:58+05:30,4047.7,1,4066.03,283436,94657.0,127819.0,4100.0,4110.0,4045.0,4092.6,22264725,4501.8,3683.4,4440.0,3288.1,4047.7,607,1,4047.1,59,3,4047.0,208,13,4046.9,8,2,4046.8,48,3,4049.0,26,6,4049.1,8,3,4049.2,54,2,4049.3,19,1,4049.4,28,2
11483,2026-07-02 09:49:58+05:30,4047.7,1,4066.03,283437,94729.0,128146.0,4100.0,4110.0,4045.0,4092.6,22264725,4501.8,3683.4,4440.0,3288.1,4047.7,606,1,4047.1,58,2,4047.0,208,13,4046.9,5,1,4046.8,20,2,4048.7,42,4,4048.8,31,4,4048.9,36,5,4049.0,16,4,4049.1,18,4
11483,2026-07-02 09:49:59+05:30,4048.3,14,4066.03,283437,94729.0,128146.0,4100.0,4110.0,4045.0,4092.6,22264725,4501.8,3683.4,4440.0,3288.1,4047.7,606,1,4047.1,58,2,4047.0,208,13,4046.9,5,1,4046.8,20,2,4048.7,42,4,4048.8,31,4,4048.9,36,5,4049.0,16,4,4049.1,18,4
11483,2026-07-02 09:49:59+05:30,4047.7,1,4066.02,283534,94661.0,128419.0,4100.0,4110.0,4045.0,4092.6,22264725,4501.8,3683.4,4440.0,3288.1,4047.7,535,1,4047.1,45,1,4047.0,208,13,4046.9,5,1,4046.8,20,2,4048.3,43,6,4048.4,20,2,4048.5,16,2,4048.6,32,4,4048.7,29,3
11483,2026-07-02 09:50:00+05:30,4047.7,1,4066.02,283534,94661.0,128419.0,4100.0,4110.0,4045.0,4092.6,22264725,4501.8,3683.4,4440.0,3288.1,4047.7,535,1,4047.1,45,1,4047.0,208,13,4046.9,5,1,4046.8,20,2,4048.3,43,6,4048.4,20,2,4048.5,16,2,4048.6,32,4,4048.7,29,3
11483,2026-07-02 09:50:00+05:30,4048.2,3,4066.02,283552,94414.0,128316.0,4100.0,4110.0,4045.0,4092.6,22264725,4501.8,3683.4,4440.0,3288.1,4047.7,532,2,4047.1,57,2,4047.0,193,11,4046.9,5,1,4046.8,20,2,4048.3,50,7,4048.4,20,2,4048.5,16,2,4048.6,21,3,4048.7,29,3
11483,2026-07-02 09:50:01+05:30,4048.2,3,4066.02,283552,94414.0,128316.0,4100.0,4110.0,4045.0,4092.6,22264725,4501.8,3683.4,4440.0,3288.1,4047.7,532,2,4047.1,57,2,4047.0,193,11,4046.9,5,1,4046.8,20,2,4048.3,50,7,4048.4,20,2,4048.5,16,2,4048.6,21,3,4048.7,29,3
11483,2026-07-02 09:50:01+05:30,4047.7,1,4066.02,283554,94538.0,128349.0,4100.0,4110.0,4045.0,4092.6,22264725,4501.8,3683.4,4440.0,3288.1,4047.7,535,3,4047.1,57,2,4047.0,193,11,4046.9,5,1,4046.8,20,2,4048.2,24,4,4048.3,42,6,4048.4,17,1,4048.5,16,2,4048.6,21,3
11483,2026-07-02 09:50:02+05:30,4047.7,1,4066.02,283554,94538.0,128349.0,4100.0,4110.0,4045.0,4092.6,22264725,4501.8,3683.4,4440.0,3288.1,4047.7,535,3,4047.1,57,2,4047.0,193,11,4046.9,5,1,4046.8,20,2,4048.2,24,4,4048.3,42,6,4048.4,17,1,4048.5,16,2,4048.6,21,3
11483,2026-07-02 09:50:03+05:30,4048.0,15,4066.02,283588,94564.0,128370.0,4100.0,4110.0,4045.0,4092.6,22264725,4501.8,3683.4,4440.0,3288.1,4048.0,5,1,4047.7,518,3,4047.1,57,2,4047.0,193,11,4046.9,5,1,4048.2,16,2,4048.3,35,5,4048.4,17,1,4048.5,13,1,4048.6,21,3
11483,2026-07-02 09:50:03+05:30,4048.0,2,4066.02,283588,94564.0,128370.0,4100.0,4110.0,4045.0,4092.6,22264725,4501.8,3683.4,4440.0,3288.1,4048.0,5,1,4047.7,518,3,4047.1,57,2,4047.0,193,11,4046.9,5,1,4048.2,16,2,4048.3,35,5,4048.4,17,1,4048.5,13,1,4048.6,21,3
11483,2026-07-02 09:50:04+05:30,4048.2,1,4066.02,283593,94891.0,128280.0,4100.0,4110.0,4045.0,4092.6,22264725,4501.8,3683.4,4440.0,3288.1,4048.0,266,3,4047.7,520,4,4047.1,67,3,4047.0,193,11,4046.9,29,2,4048.2,15,2,4048.3,27,4,4048.4,17,1,4048.5,13,1,4048.6,11,1
11483,2026-07-02 09:50:04+05:30,4048.2,1,4066.02,283593,94891.0,128280.0,4100.0,4110.0,4045.0,4092.6,22264725,4501.8,3683.4,4440.0,3288.1,4048.0,266,3,4047.7,520,4,4047.1,67,3,4047.0,193,11,4046.9,29,2,4048.2,15,2,4048.3,27,4,4048.4,17,1,4048.5,13,1,4048.6,11,1
11483,2026-07-02 09:50:05+05:30,4048.2,1,4066.02,283612,94882.0,128299.0,4100.0,4110.0,4045.0,4092.6,22264725,4501.8,3683.4,4440.0,3288.1,4048.0,271,3,4047.7,520,4,4047.2,1,1,4047.1,67,3,4047.0,193,11,4048.2,8,1,4048.3,24,2,4048.4,17,1,4048.5,13,1,4048.6,11,1
11483,2026-07-02 09:50:05+05:30,4048.0,2,4066.02,283612,94882.0,128299.0,4100.0,4110.0,4045.0,4092.6,22264725,4501.8,3683.4,4440.0,3288.1,4048.0,271,3,4047.7,520,4,4047.2,1,1,4047.1,67,3,4047.0,193,11,4048.2,8,1,4048.3,24,2,4048.4,17,1,4048.5,13,1,4048.6,11,1
11483,2026-07-02 09:50:06+05:30,4048.2,1,4066.02,283615,94892.0,128281.0,4100.0,4110.0,4045.0,4092.6,22264725,4501.8,3683.4,4440.0,3288.1,4048.0,269,3,4047.7,520,4,4047.2,1,1,4047.1,67,3,4047.0,193,11,4048.2,8,2,4048.3,24,2,4048.4,17,1,4048.5,13,1,4048.6,11,1
11483,2026-07-02 09:50:06+05:30,4048.2,1,4066.02,283615,94892.0,128281.0,4100.0,4110.0,4045.0,4092.6,22264725,4501.8,3683.4,4440.0,3288.1,4048.0,269,3,4047.7,520,4,4047.2,1,1,4047.1,67,3,4047.0,193,11,4048.2,8,2,4048.3,24,2,4048.4,17,1,4048.5,13,1,4048.6,11,1
11483,2026-07-02 09:50:07+05:30,4048.0,14,4066.01,283638,95410.0,128280.0,4100.0,4110.0,4045.0,4092.6,22264725,4501.8,3683.4,4440.0,3288.1,4048.0,255,3,4047.7,520,4,4047.2,1,1,4047.1,67,3,4047.0,693,12,4048.2,2,2,4048.3,24,2,4048.4,17,1,4048.5,13,1,4048.6,11,1
11483,2026-07-02 09:50:07+05:30,4048.0,1,4066.01,283638,95410.0,128280.0,4100.0,4110.0,4045.0,4092.6,22264725,4501.8,3683.4,4440.0,3288.1,4048.0,255,3,4047.7,520,4,4047.2,1,1,4047.1,67,3,4047.0,693,12,4048.2,2,2,4048.3,24,2,4048.4,17,1,4048.5,13,1,4048.6,11,1
11483,2026-07-02 09:50:08+05:30,4048.0,1,4066.01,283638,95410.0,128280.0,4100.0,4110.0,4045.0,4092.6,22264725,4501.8,3683.4,4440.0,3288.1,4048.0,255,3,4047.7,520,4,4047.2,1,1,4047.1,67,3,4047.0,693,12,4048.2,2,2,4048.3,24,2,4048.4,17,1,4048.5,13,1,4048.6,11,1
11483,2026-07-02 09:50:08+05:30,4048.0,1,4066.01,283649,95523.0,128296.0,4100.0,4110.0,4045.0,4092.6,22264725,4501.8,3683.4,4440.0,3288.1,4048.0,255,4,4047.7,520,4,4047.2,1,1,4047.1,57,2,4047.0,811,14,4048.2,1,1,4048.3,25,2,4048.4,17,1,4048.5,13,1,4048.6,11,1
11483,2026-07-02 09:50:08+05:30,4048.0,1,4066.01,283649,95523.0,128296.0,4100.0,4110.0,4045.0,4092.6,22264725,4501.8,3683.4,4440.0,3288.1,4048.0,255,4,4047.7,520,4,4047.2,1,1,4047.1,57,2,4047.0,811,14,4048.2,1,1,4048.3,25,2,4048.4,17,1,4048.5,13,1,4048.6,11,1
11483,2026-07-02 09:50:09+05:30,4048.0,1,4066.01,283649,95523.0,128296.0,4100.0,4110.0,4045.0,4092.6,22264725,4501.8,3683.4,4440.0,3288.1,4048.0,255,4,4047.7,520,4,4047.2,1,1,4047.1,57,2,4047.0,811,14,4048.2,1,1,4048.3,25,2,4048.4,17,1,4048.5,13,1,4048.6,11,1
11483,2026-07-02 09:50:09+05:30,4048.3,8,4066.01,283649,95523.0,128296.0,4100.0,4110.0,4045.0,4092.6,22264725,4501.8,3683.4,4440.0,3288.1,4048.0,255,4,4047.7,520,4,4047.2,1,1,4047.1,57,2,4047.0,811,14,4048.2,1,1,4048.3,25,2,4048.4,17,1,4048.5,13,1,4048.6,11,1
11483,2026-07-02 09:50:09+05:30,4048.3,8,4066.01,283649,95523.0,128296.0,4100.0,4110.0,4045.0,4092.6,22264725,4501.8,3683.4,4440.0,3288.1,4048.0,255,4,4047.7,520,4,4047.2,1,1,4047.1,57,2,4047.0,811,14,4048.2,1,1,4048.3,25,2,4048.4,17,1,4048.5,13,1,4048.6,11,1
11483,2026-07-02 09:50:09+05:30,4048.3,8,4066.01,283659,95666.0,128165.0,4100.0,4110.0,4045.0,4092.6,22264725,4501.8,3683.4,4440.0,3288.1,4048.2,4,1,4048.0,254,4,4047.7,520,4,4047.2,1,1,4047.1,57,2,4048.4,17,1,4048.5,31,3,4048.6,11,1,4048.7,14,1,4048.8,22,2
11483,2026-07-02 09:50:09+05:30,4048.3,8,4066.01,283659,95666.0,128165.0,4100.0,4110.0,4045.0,4092.6,22264725,4501.8,3683.4,4440.0,3288.1,4048.2,4,1,4048.0,254,4,4047.7,520,4,4047.2,1,1,4047.1,57,2,4048.4,17,1,4048.5,31,3,4048.6,11,1,4048.7,14,1,4048.8,22,2
11483,2026-07-02 09:50:10+05:30,4048.3,8,4066.01,283659,95666.0,128165.0,4100.0,4110.0,4045.0,4092.6,22264725,4501.8,3683.4,4440.0,3288.1,4048.2,4,1,4048.0,254,4,4047.7,520,4,4047.2,1,1,4047.1,57,2,4048.4,17,1,4048.5,31,3,4048.6,11,1,4048.7,14,1,4048.8,22,2
11483,2026-07-02 09:50:10+05:30,4048.3,1,4066.01,283659,95666.0,128165.0,4100.0,4110.0,4045.0,4092.6,22264725,4501.8,3683.4,4440.0,3288.1,4048.2,4,1,4048.0,254,4,4047.7,520,4,4047.2,1,1,4047.1,57,2,4048.4,17,1,4048.5,31,3,4048.6,11,1,4048.7,14,1,4048.8,22,2
11483,2026-07-02 09:50:10+05:30,4048.3,1,4066.01,283660,96127.0,128154.0,4100.0,4110.0,4045.0,4092.6,22264725,4501.8,3683.4,4440.0,3288.1,4048.2,24,2,4048.0,254,4,4047.7,520,4,4047.2,1,1,4047.1,57,2,4048.4,17,1,4048.5,31,3,4048.6,11,1,4048.7,14,1,4048.8,22,2
11483,2026-07-02 09:50:10+05:30,4048.3,1,4066.01,283660,96127.0,128154.0,4100.0,4110.0,4045.0,4092.6,22264725,4501.8,3683.4,4440.0,3288.1,4048.2,24,2,4048.0,254,4,4047.7,520,4,4047.2,1,1,4047.1,57,2,4048.4,17,1,4048.5,31,3,4048.6,11,1,4048.7,14,1,4048.8,22,2
11483,2026-07-02 09:50:11+05:30,4048.3,1,4066.01,283660,96127.0,128154.0,4100.0,4110.0,4045.0,4092.6,22264725,4501.8,3683.4,4440.0,3288.1,4048.2,24,2,4048.0,254,4,4047.7,520,4,4047.2,1,1,4047.1,57,2,4048.4,17,1,4048.5,31,3,4048.6,11,1,4048.7,14,1,4048.8,22,2
11483,2026-07-02 09:50:11+05:30,4048.4,1,4066.01,283660,96127.0,128154.0,4100.0,4110.0,4045.0,4092.6,22264725,4501.8,3683.4,4440.0,3288.1,4048.2,24,2,4048.0,254,4,4047.7,520,4,4047.2,1,1,4047.1,57,2,4048.4,17,1,4048.5,31,3,4048.6,11,1,4048.7,14,1,4048.8,22,2
11483,2026-07-02 09:50:11+05:30,4048.4,1,4066.01,283660,96127.0,128154.0,4100.0,4110.0,4045.0,4092.6,22264725,4501.8,3683.4,4440.0,3288.1,4048.2,24,2,4048.0,254,4,4047.7,520,4,4047.2,1,1,4047.1,57,2,4048.4,17,1,4048.5,31,3,4048.6,11,1,4048.7,14,1,4048.8,22,2
11483,2026-07-02 09:50:11+05:30,4048.4,4,4066.01,283665,96228.0,128150.0,4100.0,4110.0,4045.0,4092.6,22264725,4501.8,3683.4,4440.0,3288.1,4048.2,24,2,4048.0,254,4,4047.8,100,1,4047.7,520,4,4047.2,1,1,4048.4,13,2,4048.5,24,2,4048.6,11,1,4048.7,14,1,4048.8,22,2
11483,2026-07-02 09:50:11+05:30,4048.4,4,4066.01,283665,96228.0,128150.0,4100.0,4110.0,4045.0,4092.6,22264725,4501.8,3683.4,4440.0,3288.1,4048.2,24,2,4048.0,254,4,4047.8,100,1,4047.7,520,4,4047.2,1,1,4048.4,13,2,4048.5,24,2,4048.6,11,1,4048.7,14,1,4048.8,22,2
11483,2026-07-02 09:50:12+05:30,4048.4,4,4066.01,283665,96228.0,128150.0,4100.0,4110.0,4045.0,4092.6,22272075,4501.8,3683.4,4440.0,3288.1,4048.2,24,2,4048.0,254,4,4047.8,100,1,4047.7,520,4,4047.2,1,1,4048.4,13,2,4048.5,24,2,4048.6,11,1,4048.7,14,1,4048.8,22,2
11483,2026-07-02 09:50:12+05:30,4048.4,3,4066.01,283665,96228.0,128150.0,4100.0,4110.0,4045.0,4092.6,22272075,4501.8,3683.4,4440.0,3288.1,4048.2,24,2,4048.0,254,4,4047.8,100,1,4047.7,520,4,4047.2,1,1,4048.4,13,2,4048.5,24,2,4048.6,11,1,4048.7,14,1,4048.8,22,2
11483,2026-07-02 09:50:12+05:30,4048.4,3,4066.01,283665,96228.0,128150.0,4100.0,4110.0,4045.0,4092.6,22272075,4501.8,3683.4,4440.0,3288.1,4048.2,24,2,4048.0,254,4,4047.8,100,1,4047.7,520,4,4047.2,1,1,4048.4,13,2,4048.5,24,2,4048.6,11,1,4048.7,14,1,4048.8,22,2
11483,2026-07-02 09:50:12+05:30,4048.4,1,4066.01,283670,96099.0,128189.0,4100.0,4110.0,4045.0,4092.6,22272075,4501.8,3683.4,4440.0,3288.1,4048.2,24,2,4048.0,254,4,4047.8,100,1,4047.7,520,4,4047.2,1,1,4048.4,16,5,4048.5,13,1,4048.6,11,1,4048.7,14,1,4048.8,22,2
11483,2026-07-02 09:50:13+05:30,4048.4,1,4066.01,283670,96099.0,128189.0,4100.0,4110.0,4045.0,4092.6,22272075,4501.8,3683.4,4440.0,3288.1,4048.2,24,2,4048.0,254,4,4047.8,100,1,4047.7,520,4,4047.2,1,1,4048.4,16,5,4048.5,13,1,4048.6,11,1,4048.7,14,1,4048.8,22,2
11483,2026-07-02 09:50:13+05:30,4048.2,1,4066.01,283670,96099.0,128189.0,4100.0,4110.0,4045.0,4092.6,22272075,4501.8,3683.4,4440.0,3288.1,4048.2,24,2,4048.0,254,4,4047.8,100,1,4047.7,520,4,4047.2,1,1,4048.4,16,5,4048.5,13,1,4048.6,11,1,4048.7,14,1,4048.8,22,2
11483,2026-07-02 09:50:13+05:30,4048.2,1,4066.01,283670,96099.0,128189.0,4100.0,4110.0,4045.0,4092.6,22272075,4501.8,3683.4,4440.0,3288.1,4048.2,24,2,4048.0,254,4,4047.8,100,1,4047.7,520,4,4047.2,1,1,4048.4,16,5,4048.5,13,1,4048.6,11,1,4048.7,14,1,4048.8,22,2
11483,2026-07-02 09:50:14+05:30,4049.1,1,4066.0,283783,96476.0,127895.0,4100.0,4110.0,4045.0,4092.6,22272075,4501.8,3683.4,4440.0,3288.1,4048.2,23,2,4048.0,254,4,4047.8,100,1,4047.7,520,4,4047.4,12,1,4049.1,46,7,4049.3,19,1,4049.4,28,2,4049.5,37,3,4049.7,105,6
11483,2026-07-02 09:50:14+05:30,4049.1,1,4066.0,283783,96476.0,127895.0,4100.0,4110.0,4045.0,4092.6,22272075,4501.8,3683.4,4440.0,3288.1,4048.2,23,2,4048.0,254,4,4047.8,100,1,4047.7,520,4,4047.4,12,1,4049.1,46,7,4049.3,19,1,4049.4,28,2,4049.5,37,3,4049.7,105,6
11483,2026-07-02 09:50:15+05:30,4049.4,8,4066.0,283884,96463.0,127640.0,4100.0,4110.0,4045.0,4092.6,22272075,4501.8,3683.4,4440.0,3288.1,4048.2,23,2,4048.0,254,4,4047.8,100,1,4047.7,520,4,4047.4,22,2,4049.3,50,5,4049.4,29,1,4049.5,37,3,4049.7,105,6,4049.8,51,3
11483,2026-07-02 09:50:15+05:30,4049.4,8,4066.0,283884,96463.0,127640.0,4100.0,4110.0,4045.0,4092.6,22272075,4501.8,3683.4,4440.0,3288.1,4048.2,23,2,4048.0,254,4,4047.8,100,1,4047.7,520,4,4047.4,22,2,4049.3,50,5,4049.4,29,1,4049.5,37,3,4049.7,105,6,4049.8,51,3
11483,2026-07-02 09:50:16+05:30,4049.3,1,4066.0,283891,96505.0,127600.0,4100.0,4110.0,4045.0,4092.6,22272075,4501.8,3683.4,4440.0,3288.1,4048.2,23,2,4048.0,272,5,4047.8,100,1,4047.7,520,4,4047.4,22,2,4049.3,23,3,4049.4,8,3,4049.5,37,3,4049.6,4,1,4049.7,88,5
11483,2026-07-02 09:50:16+05:30,4049.3,1,4066.0,283891,96505.0,127600.0,4100.0,4110.0,4045.0,4092.6,22272075,4501.8,3683.4,4440.0,3288.1,4048.2,23,2,4048.0,272,5,4047.8,100,1,4047.7,520,4,4047.4,22,2,4049.3,23,3,4049.4,8,3,4049.5,37,3,4049.6,4,1,4049.7,88,5
11483,2026-07-02 09:50:17+05:30,4049.3,1,4066.0,283897,96506.0,127705.0,4100.0,4110.0,4045.0,4092.6,22272075,4501.8,3683.4,4440.0,3288.1,4048.2,23,2,4048.0,272,5,4047.8,100,1,4047.7,521,5,4047.4,22,2,4049.3,21,5,4049.4,8,3,4049.5,37,3,4049.6,4,1,4049.7,88,5
11483,2026-07-02 09:50:17+05:30,4048.2,20,4066.0,283897,96506.0,127705.0,4100.0,4110.0,4045.0,4092.6,22272075,4501.8,3683.4,4440.0,3288.1,4048.2,23,2,4048.0,272,5,4047.8,100,1,4047.7,521,5,4047.4,22,2,4049.3,21,5,4049.4,8,3,4049.5,37,3,4049.6,4,1,4049.7,88,5
11483,2026-07-02 09:50:18+05:30,4047.9,1,4065.93,284975,91932.0,129412.0,4100.0,4110.0,4045.0,4092.6,22272075,4501.8,3683.4,4440.0,3288.1,4047.2,1,1,4047.1,45,1,4047.0,793,13,4046.9,5,1,4046.8,7,1,4047.9,31,6,4048.0,21,2,4048.1,4,1,4048.2,32,3,4048.3,13,1
11483,2026-07-02 09:50:18+05:30,4047.9,1,4065.93,284975,91932.0,129412.0,4100.0,4110.0,4045.0,4092.6,22272075,4501.8,3683.4,4440.0,3288.1,4047.2,1,1,4047.1,45,1,4047.0,793,13,4046.9,5,1,4046.8,7,1,4047.9,31,6,4048.0,21,2,4048.1,4,1,4048.2,32,3,4048.3,13,1
11483,2026-07-02 09:50:19+05:30,4047.1,3,4065.93,285026,92001.0,129309.0,4100.0,4110.0,4045.0,4092.6,22272075,4501.8,3683.4,4440.0,3288.1,4047.1,42,1,4047.0,803,14,4046.9,5,1,4046.8,7,1,4046.5,50,1,4047.9,32,8,4048.0,28,3,4048.2,32,3,4048.3,13,1,4048.4,11,1
11483,2026-07-02 09:50:19+05:30,4047.1,5,4065.93,285026,92001.0,129309.0,4100.0,4110.0,4045.0,4092.6,22272075,4501.8,3683.4,4440.0,3288.1,4047.1,42,1,4047.0,803,14,4046.9,5,1,4046.8,7,1,4046.5,50,1,4047.9,32,8,4048.0,28,3,4048.2,32,3,4048.3,13,1,4048.4,11,1
11483,2026-07-02 09:50:23+05:30,4047.1,15,4065.93,285026,92001.0,129309.0,4100.0,4110.0,4045.0,4092.6,22272075,4501.8,3683.4,4440.0,3288.1,4047.1,42,1,4047.0,803,14,4046.9,5,1,4046.8,7,1,4046.5,50,1,4047.9,32,8,4048.0,28,3,4048.2,32,3,4048.3,13,1,4048.4,11,1
11483,2026-07-02 09:50:24+05:30,4047.1,1,4065.92,285153,93922.0,129381.0,4100.0,4110.0,4045.0,4092.6,22272075,4501.8,3683.4,4440.0,3288.1,4047.0,791,13,4046.9,5,1,4046.8,7,1,4046.5,50,1,4046.4,200,1,4047.1,24,3,4047.6,8,1,4047.9,14,3,4048.0,36,4,4048.1,2,1
11483,2026-07-02 09:50:28+05:30,4047.5,30,4065.92,285153,93922.0,129381.0,4100.0,4110.0,4045.0,4092.6,22272075,4501.8,3683.4,4440.0,3288.1,4047.0,791,13,4046.9,5,1,4046.8,7,1,4046.5,50,1,4046.4,200,1,4047.1,24,3,4047.6,8,1,4047.9,14,3,4048.0,36,4,4048.1,2,1
11483,2026-07-02 09:50:30+05:30,4048.0,1,4065.83,286435,93295.0,129373.0,4100.0,4110.0,4045.0,4092.6,22272075,4501.8,3683.4,4440.0,3288.1,4046.7,10,1,4046.5,29,2,4046.4,198,2,4046.3,13,1,4046.2,2,2,4047.5,1,1,4048.0,7,2,4048.1,2,1,4048.2,10,1,4048.4,58,2
11483,2026-07-02 09:50:33+05:30,4047.1,1,4065.83,286435,93295.0,129373.0,4100.0,4110.0,4045.0,4092.6,22272075,4501.8,3683.4,4440.0,3288.1,4046.7,10,1,4046.5,29,2,4046.4,198,2,4046.3,13,1,4046.2,2,2,4047.5,1,1,4048.0,7,2,4048.1,2,1,4048.2,10,1,4048.4,58,2
11483,2026-07-02 09:50:37+05:30,4047.1,1,4065.82,286702,93072.0,130100.0,4100.0,4110.0,4045.0,4092.6,22272075,4501.8,3683.4,4440.0,3288.1,4046.4,175,1,4046.3,13,1,4046.2,2,2,4046.1,21,4,4046.0,221,13,4047.1,11,2,4047.9,24,2,4048.0,75,5,4048.1,12,2,4048.3,6,1
11483,2026-07-02 09:50:38+05:30,4047.1,2,4065.82,286702,93072.0,130100.0,4100.0,4110.0,4045.0,4092.6,22272075,4501.8,3683.4,4440.0,3288.1,4046.4,175,1,4046.3,13,1,4046.2,2,2,4046.1,21,4,4046.0,221,13,4047.1,11,2,4047.9,24,2,4048.0,75,5,4048.1,12,2,4048.3,6,1
11483,2026-07-02 09:50:43+05:30,4046.7,1,4065.82,286702,93072.0,130100.0,4100.0,4110.0,4045.0,4092.6,22272075,4501.8,3683.4,4440.0,3288.1,4046.4,175,1,4046.3,13,1,4046.2,2,2,4046.1,21,4,4046.0,221,13,4047.1,11,2,4047.9,24,2,4048.0,75,5,4048.1,12,2,4048.3,6,1
11483,2026-07-02 09:50:43+05:30,4046.7,1,4065.78,287357,92694.0,129804.0,4100.0,4110.0,4045.0,4092.6,22272075,4501.8,3683.4,4440.0,3288.1,4046.7,27,3,4046.5,14,1,4046.4,215,4,4046.3,37,3,4046.2,25,4,4047.1,1,1,4048.3,49,3,4048.4,5,1,4048.6,15,2,4048.7,32,2
11483,2026-07-02 09:50:48+05:30,4048.0,1,4065.78,287357,92694.0,129804.0,4100.0,4110.0,4045.0,4092.6,22272075,4501.8,3683.4,4440.0,3288.1,4046.7,27,3,4046.5,14,1,4046.4,215,4,4046.3,37,3,4046.2,25,4,4047.1,1,1,4048.3,49,3,4048.4,5,1,4048.6,15,2,4048.7,32,2
11483,2026-07-02 09:50:49+05:30,4048.0,1,4065.76,287549,93292.0,129639.0,4100.0,4110.0,4045.0,4092.6,22272075,4501.8,3683.4,4440.0,3288.1,4048.0,4,1,4047.1,11,2,4047.0,5,3,4046.6,43,1,4046.5,114,4,4048.3,25,1,4048.8,27,2,4048.9,63,6,4049.0,40,3,4049.1,10,1
11483,2026-07-02 09:50:53+05:30,4048.3,1,4065.76,287549,93292.0,129639.0,4100.0,4110.0,4045.0,4092.6,22272075,4501.8,3683.4,4440.0,3288.1,4048.0,4,1,4047.1,11,2,4047.0,5,3,4046.6,43,1,4046.5,114,4,4048.3,25,1,4048.8,27,2,4048.9,63,6,4049.0,40,3,4049.1,10,1
11483,2026-07-02 09:50:55+05:30,4048.3,1,4065.76,287608,93749.0,129208.0,4100.0,4110.0,4045.0,4092.6,22272075,4501.8,3683.4,4440.0,3288.1,4047.5,45,4,4047.4,35,3,4047.3,49,5,4047.2,20,3,4047.1,29,3,4048.3,2,2,4049.0,5,1,4049.2,7,1,4049.3,2,1,4049.4,9,2
11483,2026-07-02 09:50:58+05:30,4047.9,4,4065.76,287608,93749.0,129208.0,4100.0,4110.0,4045.0,4092.6,22272075,4501.8,3683.4,4440.0,3288.1,4047.5,45,4,4047.4,35,3,4047.3,49,5,4047.2,20,3,4047.1,29,3,4048.3,2,2,4049.0,5,1,4049.2,7,1,4049.3,2,1,4049.4,9,2
11483,2026-07-02 09:51:01+05:30,4047.5,1,4065.75,287750,93249.0,130373.0,4100.0,4110.0,4045.0,4092.6,22272075,4501.8,3683.4,4440.0,3288.1,4046.4,88,2,4046.3,13,1,4046.2,2,2,4046.1,43,4,4046.0,254,15,4047.5,1,1,4047.7,9,1,4047.9,13,1,4048.0,131,8,4048.2,23,3
11483,2026-07-02 09:51:03+05:30,4047.5,1,4065.75,287750,93249.0,130373.0,4100.0,4110.0,4045.0,4092.6,22272075,4501.8,3683.4,4440.0,3288.1,4046.4,88,2,4046.3,13,1,4046.2,2,2,4046.1,43,4,4046.0,254,15,4047.5,1,1,4047.7,9,1,4047.9,13,1,4048.0,131,8,4048.2,23,3
11483,2026-07-02 09:51:07+05:30,4047.5,1,4065.75,287781,93505.0,130257.0,4100.0,4110.0,4045.0,4092.6,22272075,4501.8,3683.4,4440.0,3288.1,4046.9,41,4,4046.8,23,3,4046.7,11,2,4046.6,19,3,4046.5,61,4,4048.0,115,6,4048.6,10,1,4048.8,19,1,4048.9,21,1,4049.0,23,3
11483,2026-07-02 09:51:08+05:30,4047.5,1,4065.75,287781,93505.0,130257.0,4100.0,4110.0,4045.0,4092.6,22272075,4501.8,3683.4,4440.0,3288.1,4046.9,41,4,4046.8,23,3,4046.7,11,2,4046.6,19,3,4046.5,61,4,4048.0,115,6,4048.6,10,1,4048.8,19,1,4048.9,21,1,4049.0,23,3
11483,2026-07-02 09:51:09+05:30,4047.5,1,4065.75,287781,93505.0,130257.0,4100.0,4110.0,4045.0,4092.6,22272075,4501.8,3683.4,4440.0,3288.1,4046.9,41,4,4046.8,23,3,4046.7,11,2,4046.6,19,3,4046.5,61,4,4048.0,115,6,4048.6,10,1,4048.8,19,1,4048.9,21,1,4049.0,23,3
11483,2026-07-02 09:51:10+05:30,4047.5,1,4065.75,287781,93505.0,130257.0,4100.0,4110.0,4045.0,4092.6,22272075,4501.8,3683.4,4440.0,3288.1,4046.9,41,4,4046.8,23,3,4046.7,11,2,4046.6,19,3,4046.5,61,4,4048.0,115,6,4048.6,10,1,4048.8,19,1,4048.9,21,1,4049.0,23,3
11483,2026-07-02 09:51:11+05:30,4047.5,1,4065.75,287781,93505.0,130257.0,4100.0,4110.0,4045.0,4092.6,22272075,4501.8,3683.4,4440.0,3288.1,4046.9,41,4,4046.8,23,3,4046.7,11,2,4046.6,19,3,4046.5,61,4,4048.0,115,6,4048.6,10,1,4048.8,19,1,4048.9,21,1,4049.0,23,3
11483,2026-07-02 09:51:12+05:30,4047.5,1,4065.75,287781,93505.0,130257.0,4100.0,4110.0,4045.0,4092.6,22272075,4501.8,3683.4,4440.0,3288.1,4046.9,41,4,4046.8,23,3,4046.7,11,2,4046.6,19,3,4046.5,61,4,4048.0,115,6,4048.6,10,1,4048.8,19,1,4048.9,21,1,4049.0,23,3
11483,2026-07-02 09:51:12+05:30,4047.5,1,4065.75,287781,93505.0,130257.0,4100.0,4110.0,4045.0,4092.6,22289050,4501.8,3683.4,4440.0,3288.1,4046.9,41,4,4046.8,23,3,4046.7,11,2,4046.6,19,3,4046.5,61,4,4048.0,115,6,4048.6,10,1,4048.8,19,1,4048.9,21,1,4049.0,23,3
11483,2026-07-02 09:51:13+05:30,4047.5,1,4065.75,287781,93505.0,130257.0,4100.0,4110.0,4045.0,4092.6,22289050,4501.8,3683.4,4440.0,3288.1,4046.9,41,4,4046.8,23,3,4046.7,11,2,4046.6,19,3,4046.5,61,4,4048.0,115,6,4048.6,10,1,4048.8,19,1,4048.9,21,1,4049.0,23,3
11483,2026-07-02 09:51:13+05:30,4046.4,1,4065.75,287781,93505.0,130257.0,4100.0,4110.0,4045.0,4092.6,22289050,4501.8,3683.4,4440.0,3288.1,4046.9,41,4,4046.8,23,3,4046.7,11,2,4046.6,19,3,4046.5,61,4,4048.0,115,6,4048.6,10,1,4048.8,19,1,4048.9,21,1,4049.0,23,3
11483,2026-07-02 09:51:13+05:30,4046.4,1,4065.75,287781,93505.0,130257.0,4100.0,4110.0,4045.0,4092.6,22289050,4501.8,3683.4,4440.0,3288.1,4046.9,41,4,4046.8,23,3,4046.7,11,2,4046.6,19,3,4046.5,61,4,4048.0,115,6,4048.6,10,1,4048.8,19,1,4048.9,21,1,4049.0,23,3
11483,2026-07-02 09:51:14+05:30,4046.4,5,4065.74,287920,92119.0,130310.0,4100.0,4110.0,4045.0,4092.6,22289050,4501.8,3683.4,4440.0,3288.1,4046.4,73,2,4046.3,13,1,4046.2,3,3,4046.1,43,4,4046.0,205,15,4047.5,128,2,4047.8,5,1,4047.9,32,3,4048.0,99,6,4048.1,18,1
11483,2026-07-02 09:51:14+05:30,4046.4,5,4065.74,287920,92119.0,130310.0,4100.0,4110.0,4045.0,4092.6,22289050,4501.8,3683.4,4440.0,3288.1,4046.4,73,2,4046.3,13,1,4046.2,3,3,4046.1,43,4,4046.0,205,15,4047.5,128,2,4047.8,5,1,4047.9,32,3,4048.0,99,6,4048.1,18,1
11483,2026-07-02 09:51:18+05:30,4046.2,1,4065.74,287920,92119.0,130310.0,4100.0,4110.0,4045.0,4092.6,22289050,4501.8,3683.4,4440.0,3288.1,4046.4,73,2,4046.3,13,1,4046.2,3,3,4046.1,43,4,4046.0,205,15,4047.5,128,2,4047.8,5,1,4047.9,32,3,4048.0,99,6,4048.1,18,1
11483,2026-07-02 09:51:20+05:30,4046.1,1,4065.72,288259,90606.0,130937.0,4100.0,4110.0,4045.0,4092.6,22289050,4501.8,3683.4,4440.0,3288.1,4046.1,41,4,4046.0,205,15,4045.7,1,1,4045.5,53,5,4045.4,14,2,4046.3,10,5,4047.4,81,4,4047.5,118,1,4047.6,26,1,4047.7,12,2
11483,2026-07-02 09:51:20+05:30,4046.1,1,4065.72,288259,90606.0,130937.0,4100.0,4110.0,4045.0,4092.6,22289050,4501.8,3683.4,4440.0,3288.1,4046.1,41,4,4046.0,205,15,4045.7,1,1,4045.5,53,5,4045.4,14,2,4046.3,10,5,4047.4,81,4,4047.5,118,1,4047.6,26,1,4047.7,12,2
11483,2026-07-02 09:51:21+05:30,4046.0,1,4065.72,288259,90606.0,130937.0,4100.0,4110.0,4045.0,4092.6,22289050,4501.8,3683.4,4440.0,3288.1,4046.1,41,4,4046.0,205,15,4045.7,1,1,4045.5,53,5,4045.4,14,2,4046.3,10,5,4047.4,81,4,4047.5,118,1,4047.6,26,1,4047.7,12,2
11483,2026-07-02 09:51:21+05:30,4046.0,1,4065.71,288383,90667.0,130918.0,4100.0,4110.0,4045.0,4092.6,22289050,4501.8,3683.4,4440.0,3288.1,4046.0,127,7,4045.8,7,1,4045.7,10,2,4045.5,42,4,4045.4,11,2,4046.3,12,6,4047.3,3,1,4047.4,22,3,4047.6,51,3,4047.7,15,2
11483,2026-07-02 09:51:22+05:30,4046.0,1,4065.71,288383,90667.0,130918.0,4100.0,4110.0,4045.0,4092.6,22289050,4501.8,3683.4,4440.0,3288.1,4046.0,127,7,4045.8,7,1,4045.7,10,2,4045.5,42,4,4045.4,11,2,4046.3,12,6,4047.3,3,1,4047.4,22,3,4047.6,51,3,4047.7,15,2
11483,2026-07-02 09:51:22+05:30,4046.0,1,4065.71,288399,90633.0,130917.0,4100.0,4110.0,4045.0,4092.6,22289050,4501.8,3683.4,4440.0,3288.1,4046.0,111,7,4045.8,7,1,4045.7,10,2,4045.5,42,4,4045.4,11,2,4046.3,8,4,4047.3,3,1,4047.4,22,3,4047.6,51,3,4047.7,15,2
11483,2026-07-02 09:51:23+05:30,4046.0,1,4065.71,288399,90633.0,130917.0,4100.0,4110.0,4045.0,4092.6,22289050,4501.8,3683.4,4440.0,3288.1,4046.0,111,7,4045.8,7,1,4045.7,10,2,4045.5,42,4,4045.4,11,2,4046.3,8,4,4047.3,3,1,4047.4,22,3,4047.6,51,3,4047.7,15,2
11483,2026-07-02 09:51:23+05:30,4046.0,1,4065.71,288400,90716.0,130924.0,4100.0,4110.0,4045.0,4092.6,22289050,4501.8,3683.4,4440.0,3288.1,4046.0,110,7,4045.7,1,1,4045.6,10,1,4045.5,53,5,4045.4,11,2,4046.3,21,5,4047.3,3,1,4047.4,22,3,4047.6,44,2,4047.7,15,2
11483,2026-07-02 09:51:24+05:30,4046.0,1,4065.71,288400,90716.0,130924.0,4100.0,4110.0,4045.0,4092.6,22289050,4501.8,3683.4,4440.0,3288.1,4046.0,110,7,4045.7,1,1,4045.6,10,1,4045.5,53,5,4045.4,11,2,4046.3,21,5,4047.3,3,1,4047.4,22,3,4047.6,44,2,4047.7,15,2
11483,2026-07-02 09:51:24+05:30,4046.0,1,4065.71,288403,90885.0,130987.0,4100.0,4110.0,4045.0,4092.6,22289050,4501.8,3683.4,4440.0,3288.1,4046.0,107,7,4045.7,1,1,4045.6,10,1,4045.5,53,5,4045.4,11,2,4046.3,21,5,4047.3,42,2,4047.4,22,3,4047.6,44,2,4047.7,15,2
11483,2026-07-02 09:51:25+05:30,4046.3,1,4065.71,288403,90885.0,130987.0,4100.0,4110.0,4045.0,4092.6,22289050,4501.8,3683.4,4440.0,3288.1,4046.0,107,7,4045.7,1,1,4045.6,10,1,4045.5,53,5,4045.4,11,2,4046.3,21,5,4047.3,42,2,4047.4,22,3,4047.6,44,2,4047.7,15,2
11483,2026-07-02 09:51:25+05:30,4046.3,1,4065.71,288414,90892.0,130967.0,4100.0,4110.0,4045.0,4092.6,22289050,4501.8,3683.4,4440.0,3288.1,4046.0,107,8,4045.7,1,1,4045.6,10,1,4045.5,53,5,4045.4,18,3,4046.3,15,3,4047.3,51,2,4047.4,6,2,4047.6,44,2,4047.7,5,1
11483,2026-07-02 09:51:26+05:30,4046.3,2,4065.71,288414,90892.0,130967.0,4100.0,4110.0,4045.0,4092.6,22289050,4501.8,3683.4,4440.0,3288.1,4046.0,107,8,4045.7,1,1,4045.6,10,1,4045.5,53,5,4045.4,18,3,4046.3,15,3,4047.3,51,2,4047.4,6,2,4047.6,44,2,4047.7,5,1
11483,2026-07-02 09:51:26+05:30,4046.3,2,4065.7,288456,90770.0,130904.0,4100.0,4110.0,4045.0,4092.6,22289050,4501.8,3683.4,4440.0,3288.1,4046.0,97,8,4045.8,14,2,4045.7,10,2,4045.5,49,5,4045.4,11,2,4046.3,1,1,4047.3,15,1,4047.4,6,2,4047.6,34,2,4047.7,15,2
11483,2026-07-02 09:51:27+05:30,4046.3,1,4065.7,288456,90770.0,130904.0,4100.0,4110.0,4045.0,4092.6,22289050,4501.8,3683.4,4440.0,3288.1,4046.0,97,8,4045.8,14,2,4045.7,10,2,4045.5,49,5,4045.4,11,2,4046.3,1,1,4047.3,15,1,4047.4,6,2,4047.6,34,2,4047.7,15,2
11483,2026-07-02 09:51:27+05:30,4046.3,1,4065.7,288458,90740.0,130900.0,4100.0,4110.0,4045.0,4092.6,22289050,4501.8,3683.4,4440.0,3288.1,4046.0,96,8,4045.8,14,2,4045.7,10,2,4045.5,49,5,4045.4,11,2,4046.3,3,3,4047.3,21,2,4047.4,6,2,4047.6,18,1,4047.7,5,1
11483,2026-07-02 09:51:28+05:30,4045.1,1,4065.7,288458,90740.0,130900.0,4100.0,4110.0,4045.0,4092.6,22289050,4501.8,3683.4,4440.0,3288.1,4046.0,96,8,4045.8,14,2,4045.7,10,2,4045.5,49,5,4045.4,11,2,4046.3,3,3,4047.3,21,2,4047.4,6,2,4047.6,18,1,4047.7,5,1
11483,2026-07-02 09:51:28+05:30,4045.1,3,4065.66,289027,90238.0,131611.0,4100.0,4110.0,4045.0,4092.6,22289050,4501.8,3683.4,4440.0,3288.1,4045.0,1613,124,4044.9,4,2,4044.8,12,2,4044.6,6,2,4044.5,10,2,4045.1,1,1,4046.0,5,1,4046.5,2,1,4046.6,17,2,4046.7,33,3
11483,2026-07-02 09:51:29+05:30,4046.0,1,4065.66,289027,90238.0,131611.0,4100.0,4110.0,4045.0,4092.6,22289050,4501.8,3683.4,4440.0,3288.1,4045.0,1613,124,4044.9,4,2,4044.8,12,2,4044.6,6,2,4044.5,10,2,4045.1,1,1,4046.0,5,1,4046.5,2,1,4046.6,17,2,4046.7,33,3
11483,2026-07-02 09:51:29+05:30,4046.0,1,4065.66,289050,90547.0,131417.0,4100.0,4110.0,4045.0,4092.6,22289050,4501.8,3683.4,4440.0,3288.1,4045.0,1612,123,4044.9,1,1,4044.7,14,2,4044.6,18,3,4044.5,33,3,4046.0,2,2,4046.7,12,1,4046.9,17,2,4047.0,28,2,4047.2,44,2
11483,2026-07-02 09:51:30+05:30,4047.0,10,4065.66,289050,90547.0,131417.0,4100.0,4110.0,4045.0,4092.6,22289050,4501.8,3683.4,4440.0,3288.1,4045.0,1612,123,4044.9,1,1,4044.7,14,2,4044.6,18,3,4044.5,33,3,4046.0,2,2,4046.7,12,1,4046.9,17,2,4047.0,28,2,4047.2,44,2
11483,2026-07-02 09:51:30+05:30,4047.0,10,4065.66,289115,90759.0,131148.0,4100.0,4110.0,4045.0,4092.6,22289050,4501.8,3683.4,4440.0,3288.1,4046.3,5,1,4045.2,32,2,4045.1,39,3,4045.0,1638,125,4044.9,30,3,4047.0,13,5,4047.1,31,3,4047.2,27,1,4047.3,49,2,4047.4,53,3
11483,2026-07-02 09:51:31+05:30,4046.3,1,4065.66,289115,90759.0,131148.0,4100.0,4110.0,4045.0,4092.6,22289050,4501.8,3683.4,4440.0,3288.1,4046.3,5,1,4045.2,32,2,4045.1,39,3,4045.0,1638,125,4044.9,30,3,4047.0,13,5,4047.1,31,3,4047.2,27,1,4047.3,49,2,4047.4,53,3
11483,2026-07-02 09:51:31+05:30,4046.3,1,4065.66,289123,90862.0,131210.0,4100.0,4110.0,4045.0,4092.6,22289050,4501.8,3683.4,4440.0,3288.1,4046.3,56,3,4045.2,32,2,4045.1,39,3,4045.0,1628,124,4044.9,30,3,4046.9,19,3,4047.0,15,4,4047.1,31,3,4047.2,54,2,4047.3,49,2
11483,2026-07-02 09:51:32+05:30,4046.6,1,4065.66,289123,90862.0,131210.0,4100.0,4110.0,4045.0,4092.6,22289050,4501.8,3683.4,4440.0,3288.1,4046.3,56,3,4045.2,32,2,4045.1,39,3,4045.0,1628,124,4044.9,30,3,4046.9,19,3,4047.0,15,4,4047.1,31,3,4047.2,54,2,4047.3,49,2
11483,2026-07-02 09:51:32+05:30,4046.6,1,4065.66,289124,91133.0,131128.0,4100.0,4110.0,4045.0,4092.6,22289050,4501.8,3683.4,4440.0,3288.1,4046.6,9,1,4046.3,56,3,4046.2,2,1,4045.2,32,2,4045.1,39,3,4046.9,7,1,4047.0,22,5,4047.1,31,3,4047.2,54,2,4047.3,49,2
11483,2026-07-02 09:51:33+05:30,4047.0,1,4065.66,289124,91133.0,131128.0,4100.0,4110.0,4045.0,4092.6,22289050,4501.8,3683.4,4440.0,3288.1,4046.6,9,1,4046.3,56,3,4046.2,2,1,4045.2,32,2,4045.1,39,3,4046.9,7,1,4047.0,22,5,4047.1,31,3,4047.2,54,2,4047.3,49,2
11483,2026-07-02 09:51:33+05:30,4047.0,1,4065.66,289128,91461.0,131034.0,4100.0,4110.0,4045.0,4092.6,22289050,4501.8,3683.4,4440.0,3288.1,4046.6,8,1,4046.3,56,3,4046.2,2,1,4045.2,32,2,4045.1,39,3,4047.0,2,2,4047.1,11,1,4047.2,27,1,4047.3,49,2,4047.4,40,2
11483,2026-07-02 09:51:34+05:30,4047.0,1,4065.66,289129,91487.0,131041.0,4100.0,4110.0,4045.0,4092.6,22289050,4501.8,3683.4,4440.0,3288.1,4046.6,8,1,4046.3,56,3,4046.2,2,1,4045.2,77,3,4045.1,39,3,4047.0,2,2,4047.2,27,1,4047.3,49,2,4047.4,40,2,4047.6,26,2
11483,2026-07-02 09:51:35+05:30,4047.0,1,4065.66,289129,91487.0,131041.0,4100.0,4110.0,4045.0,4092.6,22289050,4501.8,3683.4,4440.0,3288.1,4046.6,8,1,4046.3,56,3,4046.2,2,1,4045.2,77,3,4045.1,39,3,4047.0,2,2,4047.2,27,1,4047.3,49,2,4047.4,40,2,4047.6,26,2
11483,2026-07-02 09:51:35+05:30,4047.2,21,4065.66,289157,91727.0,130977.0,4100.0,4110.0,4045.0,4092.6,22289050,4501.8,3683.4,4440.0,3288.1,4046.6,2,1,4046.3,56,3,4046.2,2,1,4045.5,12,1,4045.2,77,3,4047.2,14,2,4047.3,18,2,4047.4,40,2,4047.6,26,2,4047.7,5,1
11483,2026-07-02 09:51:36+05:30,4047.2,21,4065.66,289157,91727.0,130977.0,4100.0,4110.0,4045.0,4092.6,22289050,4501.8,3683.4,4440.0,3288.1,4046.6,2,1,4046.3,56,3,4046.2,2,1,4045.5,12,1,4045.2,77,3,4047.2,14,2,4047.3,18,2,4047.4,40,2,4047.6,26,2,4047.7,5,1
11483,2026-07-02 09:51:36+05:30,4047.1,5,4065.65,289167,91739.0,130988.0,4100.0,4110.0,4045.0,4092.6,22289050,4501.8,3683.4,4440.0,3288.1,4046.6,3,2,4046.3,52,2,4046.2,2,1,4046.0,15,1,4045.5,12,1,4047.1,16,5,4047.2,19,4,4047.3,8,1,4047.4,40,2,4047.6,26,2
11483,2026-07-02 09:51:37+05:30,4047.1,5,4065.65,289167,91739.0,130988.0,4100.0,4110.0,4045.0,4092.6,22289050,4501.8,3683.4,4440.0,3288.1,4046.6,3,2,4046.3,52,2,4046.2,2,1,4046.0,15,1,4045.5,12,1,4047.1,16,5,4047.2,19,4,4047.3,8,1,4047.4,40,2,4047.6,26,2
11483,2026-07-02 09:51:38+05:30,4047.1,1,4065.65,289168,91854.0,130972.0,4100.0,4110.0,4045.0,4092.6,22289050,4501.8,3683.4,4440.0,3288.1,4046.6,3,2,4046.3,52,2,4046.2,2,1,4046.0,15,1,4045.5,12,1,4047.1,9,4,4047.2,19,4,4047.3,15,2,4047.4,40,2,4047.6,26,2
11483,2026-07-02 09:51:38+05:30,4047.0,7,4065.65,289168,91854.0,130972.0,4100.0,4110.0,4045.0,4092.6,22289050,4501.8,3683.4,4440.0,3288.1,4046.6,3,2,4046.3,52,2,4046.2,2,1,4046.0,15,1,4045.5,12,1,4047.1,9,4,4047.2,19,4,4047.3,15,2,4047.4,40,2,4047.6,26,2
11483,2026-07-02 09:51:39+05:30,4047.0,1,4065.65,289283,91185.0,131581.0,4100.0,4110.0,4045.0,4092.6,22289050,4501.8,3683.4,4440.0,3288.1,4045.4,39,2,4045.1,51,2,4045.0,1901,128,4044.9,14,2,4044.7,31,3,4046.9,16,2,4047.0,28,5,4047.1,36,6,4047.2,24,4,4047.3,12,2
11483,2026-07-02 09:51:39+05:30,4046.9,5,4065.65,289283,91185.0,131581.0,4100.0,4110.0,4045.0,4092.6,22289050,4501.8,3683.4,4440.0,3288.1,4045.4,39,2,4045.1,51,2,4045.0,1901,128,4044.9,14,2,4044.7,31,3,4046.9,16,2,4047.0,28,5,4047.1,36,6,4047.2,24,4,4047.3,12,2
11483,2026-07-02 09:51:40+05:30,4046.9,1,4065.65,289289,91271.0,131498.0,4100.0,4110.0,4045.0,4092.6,22289050,4501.8,3683.4,4440.0,3288.1,4046.0,5,1,4045.4,22,1,4045.2,56,1,4045.1,51,2,4045.0,1887,127,4046.9,12,3,4047.0,24,4,4047.1,36,6,4047.2,8,3,4047.3,8,1
11483,2026-07-02 09:51:40+05:30,4046.9,1,4065.65,289289,91271.0,131498.0,4100.0,4110.0,4045.0,4092.6,22289050,4501.8,3683.4,4440.0,3288.1,4046.0,5,1,4045.4,22,1,4045.2,56,1,4045.1,51,2,4045.0,1887,127,4046.9,12,3,4047.0,24,4,4047.1,36,6,4047.2,8,3,4047.3,8,1
11483,2026-07-02 09:51:41+05:30,4045.4,18,4065.64,289350,92226.0,131643.0,4100.0,4110.0,4045.0,4092.6,22289050,4501.8,3683.4,4440.0,3288.1,4045.4,14,2,4045.1,51,2,4045.0,1915,128,4044.9,14,2,4044.7,15,2,4046.9,22,5,4047.0,35,5,4047.1,17,4,4047.2,13,2,4047.3,14,2
11483,2026-07-02 09:51:41+05:30,4045.4,4,4065.64,289350,92226.0,131643.0,4100.0,4110.0,4045.0,4092.6,22289050,4501.8,3683.4,4440.0,3288.1,4045.4,14,2,4045.1,51,2,4045.0,1915,128,4044.9,14,2,4044.7,15,2,4046.9,22,5,4047.0,35,5,4047.1,17,4,4047.2,13,2,4047.3,14,2
11483,2026-07-02 09:51:42+05:30,4046.9,1,4065.64,289367,92948.0,130862.0,4100.0,4110.0,4045.0,4092.6,22289050,4501.8,3683.4,4440.0,3288.1,4045.8,3,1,4045.7,9,2,4045.6,13,3,4045.5,41,4,4045.4,17,3,4046.9,1,1,4047.0,3,2,4047.2,6,1,4047.7,41,2,4047.8,26,2
11483,2026-07-02 09:51:42+05:30,4046.9,1,4065.64,289367,92948.0,130862.0,4100.0,4110.0,4045.0,4092.6,22289050,4501.8,3683.4,4440.0,3288.1,4045.8,3,1,4045.7,9,2,4045.6,13,3,4045.5,41,4,4045.4,17,3,4046.9,1,1,4047.0,3,2,4047.2,6,1,4047.7,41,2,4047.8,26,2
11483,2026-07-02 09:51:43+05:30,4047.0,6,4065.64,289393,92738.0,131371.0,4100.0,4110.0,4045.0,4092.6,22289050,4501.8,3683.4,4440.0,3288.1,4046.0,25,1,4045.2,13,2,4045.0,1863,126,4044.9,14,2,4044.8,15,1,4046.7,36,4,4046.8,19,2,4046.9,28,3,4047.0,38,6,4047.1,17,2
11483,2026-07-02 09:51:43+05:30,4047.0,6,4065.64,289393,92738.0,131371.0,4100.0,4110.0,4045.0,4092.6,22289050,4501.8,3683.4,4440.0,3288.1,4046.0,25,1,4045.2,13,2,4045.0,1863,126,4044.9,14,2,4044.8,15,1,4046.7,36,4,4046.8,19,2,4046.9,28,3,4047.0,38,6,4047.1,17,2
11483,2026-07-02 09:51:44+05:30,4046.5,1,4065.64,289393,92738.0,131371.0,4100.0,4110.0,4045.0,4092.6,22289050,4501.8,3683.4,4440.0,3288.1,4046.0,25,1,4045.2,13,2,4045.0,1863,126,4044.9,14,2,4044.8,15,1,4046.7,36,4,4046.8,19,2,4046.9,28,3,4047.0,38,6,4047.1,17,2
11483,2026-07-02 09:51:44+05:30,4046.5,1,4065.64,289422,92633.0,131522.0,4100.0,4110.0,4045.0,4092.6,22289050,4501.8,3683.4,4440.0,3288.1,4046.0,25,1,4045.0,1858,125,4044.9,14,2,4044.7,3,1,4044.6,19,3,4046.5,28,4,4046.6,25,3,4046.7,39,4,4046.8,19,2,4046.9,28,3
11483,2026-07-02 09:51:45+05:30,4046.5,1,4065.64,289422,92633.0,131522.0,4100.0,4110.0,4045.0,4092.6,22289050,4501.8,3683.4,4440.0,3288.1,4046.0,25,1,4045.0,1858,125,4044.9,14,2,4044.7,3,1,4044.6,19,3,4046.5,28,4,4046.6,25,3,4046.7,39,4,4046.8,19,2,4046.9,28,3
11483,2026-07-02 09:51:45+05:30,4046.5,1,4065.64,289433,92966.0,131499.0,4100.0,4110.0,4045.0,4092.6,22289050,4501.8,3683.4,4440.0,3288.1,4046.0,43,2,4045.1,59,1,4045.0,2248,125,4044.9,14,2,4044.7,13,2,4046.5,15,5,4046.6,7,1,4046.7,15,1,4046.8,19,2,4046.9,38,4
11483,2026-07-02 09:51:46+05:30,4046.9,4,4065.64,289433,92966.0,131499.0,4100.0,4110.0,4045.0,4092.6,22289050,4501.8,3683.4,4440.0,3288.1,4046.0,43,2,4045.1,59,1,4045.0,2248,125,4044.9,14,2,4044.7,13,2,4046.5,15,5,4046.6,7,1,4046.7,15,1,4046.8,19,2,4046.9,38,4
11483,2026-07-02 09:51:46+05:30,4046.9,1,4065.63,289474,93051.0,131411.0,4100.0,4110.0,4045.0,4092.6,22289050,4501.8,3683.4,4440.0,3288.1,4046.5,1,1,4046.0,43,2,4045.2,12,1,4045.1,45,1,4045.0,2258,126,4046.9,14,2,4047.0,31,5,4047.1,17,2,4047.2,44,4,4047.3,20,3
11483,2026-07-02 09:51:47+05:30,4046.0,14,4065.63,289474,93051.0,131411.0,4100.0,4110.0,4045.0,4092.6,22289050,4501.8,3683.4,4440.0,3288.1,4046.5,1,1,4046.0,43,2,4045.2,12,1,4045.1,45,1,4045.0,2258,126,4046.9,14,2,4047.0,31,5,4047.1,17,2,4047.2,44,4,4047.3,20,3
11483,2026-07-02 09:51:47+05:30,4046.9,1,4065.63,289500,92991.0,131519.0,4100.0,4110.0,4045.0,4092.6,22289050,4501.8,3683.4,4440.0,3288.1,4046.0,29,2,4045.2,12,1,4045.1,45,1,4045.0,2258,126,4044.9,14,2,4046.5,14,5,4046.8,9,1,4046.9,2,2,4047.0,37,4,4047.1,29,3
11483,2026-07-02 09:51:48+05:30,4046.9,1,4065.63,289500,92991.0,131519.0,4100.0,4110.0,4045.0,4092.6,22289050,4501.8,3683.4,4440.0,3288.1,4046.0,29,2,4045.2,12,1,4045.1,45,1,4045.0,2258,126,4044.9,14,2,4046.5,14,5,4046.8,9,1,4046.9,2,2,4047.0,37,4,4047.1,29,3
11483,2026-07-02 09:51:48+05:30,4046.5,3,4065.63,289505,92974.0,131551.0,4100.0,4110.0,4045.0,4092.6,22289050,4501.8,3683.4,4440.0,3288.1,4046.0,29,2,4045.2,12,1,4045.1,45,1,4045.0,2258,126,4044.9,14,2,4046.5,10,4,4046.8,9,1,4046.9,4,4,4047.0,37,4,4047.1,29,3
11483,2026-07-02 09:51:49+05:30,4046.5,1,4065.63,289505,92974.0,131551.0,4100.0,4110.0,4045.0,4092.6,22289050,4501.8,3683.4,4440.0,3288.1,4046.0,29,2,4045.2,12,1,4045.1,45,1,4045.0,2258,126,4044.9,14,2,4046.5,10,4,4046.8,9,1,4046.9,4,4,4047.0,37,4,4047.1,29,3
11483,2026-07-02 09:51:49+05:30,4046.5,1,4065.63,289563,93096.0,131519.0,4100.0,4110.0,4045.0,4092.6,22289050,4501.8,3683.4,4440.0,3288.1,4046.0,20,2,4045.3,28,3,4045.2,62,4,4045.1,64,2,4045.0,2259,127,4046.5,3,3,4046.9,4,4,4047.0,29,3,4047.1,17,2,4047.2,44,4
11483,2026-07-02 09:51:50+05:30,4046.0,155,4065.63,289563,93096.0,131519.0,4100.0,4110.0,4045.0,4092.6,22289050,4501.8,3683.4,4440.0,3288.1,4046.0,20,2,4045.3,28,3,4045.2,62,4,4045.1,64,2,4045.0,2259,127,4046.5,3,3,4046.9,4,4,4047.0,29,3,4047.1,17,2,4047.2,44,4
11483,2026-07-02 09:51:50+05:30,4047.1,1,4065.61,289839,92979.0,131637.0,4100.0,4110.0,4045.0,4092.6,22289050,4501.8,3683.4,4440.0,3288.1,4046.0,20,1,4045.2,13,2,4045.1,78,3,4045.0,2249,126,4044.9,34,4,4046.9,2,1,4047.1,18,2,4047.2,43,2,4047.3,3,1,4047.5,22,1
11483,2026-07-02 09:51:51+05:30,4047.1,1,4065.61,289839,92979.0,131637.0,4100.0,4110.0,4045.0,4092.6,22289050,4501.8,3683.4,4440.0,3288.1,4046.0,20,1,4045.2,13,2,4045.1,78,3,4045.0,2249,126,4044.9,34,4,4046.9,2,1,4047.1,18,2,4047.2,43,2,4047.3,3,1,4047.5,22,1
11483,2026-07-02 09:51:51+05:30,4047.1,1,4065.61,289878,93866.0,131087.0,4100.0,4110.0,4045.0,4092.6,22289050,4501.8,3683.4,4440.0,3288.1,4046.5,29,3,4046.2,24,1,4046.1,3,1,4046.0,53,5,4045.9,17,1,4047.1,6,3,4047.2,27,1,4047.9,13,1,4048.0,97,6,4048.1,28,2
11483,2026-07-02 09:51:52+05:30,4047.1,1,4065.61,289878,93866.0,131087.0,4100.0,4110.0,4045.0,4092.6,22289050,4501.8,3683.4,4440.0,3288.1,4046.5,29,3,4046.2,24,1,4046.1,3,1,4046.0,53,5,4045.9,17,1,4047.1,6,3,4047.2,27,1,4047.9,13,1,4048.0,97,6,4048.1,28,2
11483,2026-07-02 09:51:52+05:30,4046.5,15,4065.61,289894,93222.0,131592.0,4100.0,4110.0,4045.0,4092.6,22289050,4501.8,3683.4,4440.0,3288.1,4046.0,61,5,4045.9,17,1,4045.6,21,1,4045.5,44,3,4045.4,61,2,4046.5,160,1,4047.1,9,6,4047.2,27,1,4047.7,6,1,4047.8,29,3
11483,2026-07-02 09:51:53+05:30,4046.5,15,4065.61,289894,93222.0,131592.0,4100.0,4110.0,4045.0,4092.6,22289050,4501.8,3683.4,4440.0,3288.1,4046.0,61,5,4045.9,17,1,4045.6,21,1,4045.5,44,3,4045.4,61,2,4046.5,160,1,4047.1,9,6,4047.2,27,1,4047.7,6,1,4047.8,29,3
11483,2026-07-02 09:51:53+05:30,4046.5,1,4065.61,289895,93237.0,131612.0,4100.0,4110.0,4045.0,4092.6,22289050,4501.8,3683.4,4440.0,3288.1,4046.0,43,3,4045.4,27,1,4045.3,66,3,4045.2,27,2,4045.1,35,3,4046.5,161,3,4047.1,14,7,4047.2,27,1,4047.7,6,1,4047.8,29,3
11483,2026-07-02 09:51:54+05:30,4046.0,1,4065.61,289895,93237.0,131612.0,4100.0,4110.0,4045.0,4092.6,22289050,4501.8,3683.4,4440.0,3288.1,4046.0,43,3,4045.4,27,1,4045.3,66,3,4045.2,27,2,4045.1,35,3,4046.5,161,3,4047.1,14,7,4047.2,27,1,4047.7,6,1,4047.8,29,3
11483,2026-07-02 09:51:54+05:30,4046.5,15,4065.61,289912,93315.0,131600.0,4100.0,4110.0,4045.0,4092.6,22289050,4501.8,3683.4,4440.0,3288.1,4046.0,60,5,4045.9,32,2,4045.8,10,1,4045.7,11,1,4045.4,27,1,4046.5,146,4,4047.1,14,7,4047.2,27,1,4047.7,6,1,4047.8,15,2
11483,2026-07-02 09:51:55+05:30,4046.5,15,4065.61,289912,93315.0,131600.0,4100.0,4110.0,4045.0,4092.6,22289050,4501.8,3683.4,4440.0,3288.1,4046.0,60,5,4045.9,32,2,4045.8,10,1,4045.7,11,1,4045.4,27,1,4046.5,146,4,4047.1,14,7,4047.2,27,1,4047.7,6,1,4047.8,15,2
11483,2026-07-02 09:51:55+05:30,4046.5,5,4065.6,289917,93329.0,131688.0,4100.0,4110.0,4045.0,4092.6,22289050,4501.8,3683.4,4440.0,3288.1,4046.0,49,4,4045.9,32,2,4045.8,10,1,4045.7,11,1,4045.4,34,2,4046.5,161,8,4047.1,14,7,4047.2,27,1,4047.7,6,1,4047.8,15,2
11483,2026-07-02 09:51:56+05:30,4046.0,1,4065.6,289917,93329.0,131688.0,4100.0,4110.0,4045.0,4092.6,22289050,4501.8,3683.4,4440.0,3288.1,4046.0,49,4,4045.9,32,2,4045.8,10,1,4045.7,11,1,4045.4,34,2,4046.5,161,8,4047.1,14,7,4047.2,27,1,4047.7,6,1,4047.8,15,2
11483,2026-07-02 09:51:57+05:30,4046.5,14,4065.6,290000,93114.0,131864.0,4100.0,4110.0,4045.0,4092.6,22289050,4501.8,3683.4,4440.0,3288.1,4046.0,2,1,4045.3,27,1,4045.2,27,2,4045.1,25,2,4045.0,2259,127,4046.5,147,8,4047.1,18,3,4047.2,27,1,4047.3,3,1,4047.4,21,2
11483,2026-07-02 09:51:57+05:30,4046.0,1,4065.6,290000,93114.0,131864.0,4100.0,4110.0,4045.0,4092.6,22289050,4501.8,3683.4,4440.0,3288.1,4046.0,2,1,4045.3,27,1,4045.2,27,2,4045.1,25,2,4045.0,2259,127,4046.5,147,8,4047.1,18,3,4047.2,27,1,4047.3,3,1,4047.4,21,2
11483,2026-07-02 09:51:58+05:30,4046.0,1,4065.6,290004,93348.0,131832.0,4100.0,4110.0,4045.0,4092.6,22289050,4501.8,3683.4,4440.0,3288.1,4046.0,123,3,4045.8,10,1,4045.7,11,1,4045.2,27,2,4045.1,49,3,4046.5,147,8,4047.1,5,1,4047.2,27,1,4047.3,3,1,4047.4,15,1
11483,2026-07-02 09:51:58+05:30,4046.0,1,4065.6,290004,93348.0,131832.0,4100.0,4110.0,4045.0,4092.6,22289050,4501.8,3683.4,4440.0,3288.1,4046.0,123,3,4045.8,10,1,4045.7,11,1,4045.2,27,2,4045.1,49,3,4046.5,147,8,4047.1,5,1,4047.2,27,1,4047.3,3,1,4047.4,15,1
11483,2026-07-02 09:51:59+05:30,4046.0,1,4065.6,290018,93349.0,131795.0,4100.0,4110.0,4045.0,4092.6,22289050,4501.8,3683.4,4440.0,3288.1,4046.0,120,3,4045.8,10,1,4045.7,11,1,4045.2,27,2,4045.1,71,3,4046.5,137,9,4047.1,5,1,4047.2,27,1,4047.3,3,1,4047.4,15,1
11483,2026-07-02 09:51:59+05:30,4046.0,1,4065.6,290018,93349.0,131795.0,4100.0,4110.0,4045.0,4092.6,22289050,4501.8,3683.4,4440.0,3288.1,4046.0,120,3,4045.8,10,1,4045.7,11,1,4045.2,27,2,4045.1,71,3,4046.5,137,9,4047.1,5,1,4047.2,27,1,4047.3,3,1,4047.4,15,1
11483,2026-07-02 09:52:00+05:30,4046.0,1,4065.6,290020,93353.0,131821.0,4100.0,4110.0,4045.0,4092.6,22289050,4501.8,3683.4,4440.0,3288.1,4046.0,125,4,4045.9,18,2,4045.8,16,2,4045.7,11,1,4045.5,6,1,4046.5,136,8,4047.2,27,1,4047.3,3,1,4047.7,62,1,4047.8,59,4
11483,2026-07-02 09:52:00+05:30,4046.0,1,4065.6,290020,93353.0,131821.0,4100.0,4110.0,4045.0,4092.6,22289050,4501.8,3683.4,4440.0,3288.1,4046.0,125,4,4045.9,18,2,4045.8,16,2,4045.7,11,1,4045.5,6,1,4046.5,136,8,4047.2,27,1,4047.3,3,1,4047.7,62,1,4047.8,59,4
11483,2026-07-02 09:52:01+05:30,4046.5,3,4065.6,290031,93362.0,131842.0,4100.0,4110.0,4045.0,4092.6,22289050,4501.8,3683.4,4440.0,3288.1,4046.0,121,4,4045.9,18,2,4045.8,16,2,4045.7,11,1,4045.5,6,1,4046.5,127,6,4047.2,27,1,4047.3,3,1,4047.8,59,4,4047.9,209,4
11483,2026-07-02 09:52:01+05:30,4046.0,1,4065.6,290031,93362.0,131842.0,4100.0,4110.0,4045.0,4092.6,22289050,4501.8,3683.4,4440.0,3288.1,4046.0,121,4,4045.9,18,2,4045.8,16,2,4045.7,11,1,4045.5,6,1,4046.5,127,6,4047.2,27,1,4047.3,3,1,4047.8,59,4,4047.9,209,4
11483,2026-07-02 09:52:02+05:30,4046.1,8,4065.6,290058,93341.0,131790.0,4100.0,4110.0,4045.0,4092.6,22289050,4501.8,3683.4,4440.0,3288.1,4046.1,17,2,4046.0,111,4,4045.9,10,1,4045.8,6,1,4045.7,35,2,4046.5,115,5,4047.2,27,1,4047.7,3,1,4047.8,49,3,4047.9,219,5
11483,2026-07-02 09:52:02+05:30,4046.1,1,4065.6,290058,93341.0,131790.0,4100.0,4110.0,4045.0,4092.6,22289050,4501.8,3683.4,4440.0,3288.1,4046.1,17,2,4046.0,111,4,4045.9,10,1,4045.8,6,1,4045.7,35,2,4046.5,115,5,4047.2,27,1,4047.7,3,1,4047.8,49,3,4047.9,219,5
11483,2026-07-02 09:52:03+05:30,4046.0,66,4065.59,290157,93220.0,131616.0,4100.0,4110.0,4045.0,4092.6,22289050,4501.8,3683.4,4440.0,3288.1,4046.0,51,3,4045.9,10,1,4045.8,6,1,4045.5,6,1,4045.4,1,1,4046.5,21,5,4047.2,27,1,4047.5,5,1,4047.7,28,2,4047.8,55,4
11483,2026-07-02 09:52:03+05:30,4046.0,1,4065.59,290157,93220.0,131616.0,4100.0,4110.0,4045.0,4092.6,22289050,4501.8,3683.4,4440.0,3288.1,4046.0,51,3,4045.9,10,1,4045.8,6,1,4045.5,6,1,4045.4,1,1,4046.5,21,5,4047.2,27,1,4047.5,5,1,4047.7,28,2,4047.8,55,4
11483,2026-07-02 09:52:04+05:30,4046.5,4,4065.59,290198,93809.0,131756.0,4100.0,4110.0,4045.0,4092.6,22289050,4501.8,3683.4,4440.0,3288.1,4046.5,25,2,4046.0,198,6,4045.6,42,3,4045.5,20,2,4045.4,26,2,4047.2,27,1,4047.8,29,2,4047.9,37,2,4048.0,127,8,4048.1,28,2
11483,2026-07-02 09:52:04+05:30,4046.5,1,4065.59,290198,93809.0,131756.0,4100.0,4110.0,4045.0,4092.6,22289050,4501.8,3683.4,4440.0,3288.1,4046.5,25,2,4046.0,198,6,4045.6,42,3,4045.5,20,2,4045.4,26,2,4047.2,27,1,4047.8,29,2,4047.9,37,2,4048.0,127,8,4048.1,28,2
11483,2026-07-02 09:52:05+05:30,4046.5,1,4065.59,290200,93869.0,131732.0,4100.0,4110.0,4045.0,4092.6,22289050,4501.8,3683.4,4440.0,3288.1,4046.5,23,2,4046.1,45,1,4046.0,199,7,4045.7,23,1,4045.6,22,2,4047.2,27,1,4047.8,29,2,4047.9,37,2,4048.0,113,7,4048.1,28,2
11483,2026-07-02 09:52:05+05:30,4046.5,1,4065.59,290200,93869.0,131732.0,4100.0,4110.0,4045.0,4092.6,22289050,4501.8,3683.4,4440.0,3288.1,4046.5,23,2,4046.1,45,1,4046.0,199,7,4045.7,23,1,4045.6,22,2,4047.2,27,1,4047.8,29,2,4047.9,37,2,4048.0,113,7,4048.1,28,2
11483,2026-07-02 09:52:06+05:30,4047.0,8,4065.59,290209,93830.0,131847.0,4100.0,4110.0,4045.0,4092.6,22289050,4501.8,3683.4,4440.0,3288.1,4046.5,22,2,4046.0,200,8,4045.8,3,1,4045.7,23,1,4045.6,22,2,4047.0,92,1,4047.2,27,1,4047.8,29,2,4047.9,37,2,4048.0,119,8
11483,2026-07-02 09:52:06+05:30,4047.0,50,4065.59,290209,93830.0,131847.0,4100.0,4110.0,4045.0,4092.6,22289050,4501.8,3683.4,4440.0,3288.1,4046.5,22,2,4046.0,200,8,4045.8,3,1,4045.7,23,1,4045.6,22,2,4047.0,92,1,4047.2,27,1,4047.8,29,2,4047.9,37,2,4048.0,119,8
11483,2026-07-02 09:52:07+05:30,4047.0,50,4065.58,290259,94215.0,131088.0,4100.0,4110.0,4045.0,4092.6,22289050,4501.8,3683.4,4440.0,3288.1,4046.7,20,1,4046.5,28,3,4046.3,10,1,4046.2,36,2,4046.1,70,4,4047.0,46,5,4047.2,27,1,4047.8,24,1,4047.9,37,2,4048.0,113,7
11483,2026-07-02 09:52:08+05:30,4046.7,9,4065.58,290339,94472.0,131015.0,4100.0,4110.0,4045.0,4092.6,22289050,4501.8,3683.4,4440.0,3288.1,4046.5,22,2,4046.1,6,2,4046.0,191,7,4045.9,25,2,4045.7,7,1,4046.7,146,1,4047.2,27,1,4047.9,13,1,4048.0,117,8,4048.1,142,3
11483,2026-07-02 09:52:08+05:30,4046.7,9,4065.58,290339,94472.0,131015.0,4100.0,4110.0,4045.0,4092.6,22289050,4501.8,3683.4,4440.0,3288.1,4046.5,22,2,4046.1,6,2,4046.0,191,7,4045.9,25,2,4045.7,7,1,4046.7,146,1,4047.2,27,1,4047.9,13,1,4048.0,117,8,4048.1,142,3
11483,2026-07-02 09:52:09+05:30,4046.7,9,4065.58,290339,94452.0,131201.0,4100.0,4110.0,4045.0,4092.6,22289050,4501.8,3683.4,4440.0,3288.1,4046.5,22,2,4046.1,6,2,4046.0,192,8,4045.9,14,1,4045.7,7,1,4046.7,148,3,4047.2,27,1,4047.9,13,1,4048.0,123,9,4048.1,142,3
11483,2026-07-02 09:52:09+05:30,4046.7,9,4065.58,290339,94452.0,131201.0,4100.0,4110.0,4045.0,4092.6,22289050,4501.8,3683.4,4440.0,3288.1,4046.5,22,2,4046.1,6,2,4046.0,192,8,4045.9,14,1,4045.7,7,1,4046.7,148,3,4047.2,27,1,4047.9,13,1,4048.0,123,9,4048.1,142,3
11483,2026-07-02 09:52:10+05:30,4046.7,9,4065.58,290339,94452.0,131201.0,4100.0,4110.0,4045.0,4092.6,22289050,4501.8,3683.4,4440.0,3288.1,4046.5,22,2,4046.1,6,2,4046.0,192,8,4045.9,14,1,4045.7,7,1,4046.7,148,3,4047.2,27,1,4047.9,13,1,4048.0,123,9,4048.1,142,3
11483,2026-07-02 09:52:10+05:30,4046.5,10,4065.57,290371,94325.0,131191.0,4100.0,4110.0,4045.0,4092.6,22289050,4501.8,3683.4,4440.0,3288.1,4046.5,20,1,4046.1,6,2,4046.0,192,8,4045.9,14,1,4045.7,7,1,4046.7,148,3,4047.2,27,1,4047.6,12,1,4047.9,28,2,4048.0,123,9
11483,2026-07-02 09:52:10+05:30,4046.5,4,4065.57,290371,94325.0,131191.0,4100.0,4110.0,4045.0,4092.6,22289050,4501.8,3683.4,4440.0,3288.1,4046.5,20,1,4046.1,6,2,4046.0,192,8,4045.9,14,1,4045.7,7,1,4046.7,148,3,4047.2,27,1,4047.6,12,1,4047.9,28,2,4048.0,123,9
11483,2026-07-02 09:52:10+05:30,4046.5,4,4065.57,290371,94325.0,131191.0,4100.0,4110.0,4045.0,4092.6,22289050,4501.8,3683.4,4440.0,3288.1,4046.5,20,1,4046.1,6,2,4046.0,192,8,4045.9,14,1,4045.7,7,1,4046.7,148,3,4047.2,27,1,4047.6,12,1,4047.9,28,2,4048.0,123,9
11483,2026-07-02 09:52:11+05:30,4046.5,4,4065.57,290371,94325.0,131191.0,4100.0,4110.0,4045.0,4092.6,22289050,4501.8,3683.4,4440.0,3288.1,4046.5,20,1,4046.1,6,2,4046.0,192,8,4045.9,14,1,4045.7,7,1,4046.7,148,3,4047.2,27,1,4047.6,12,1,4047.9,28,2,4048.0,123,9
11483,2026-07-02 09:52:11+05:30,4046.5,4,4065.57,290376,94322.0,131187.0,4100.0,4110.0,4045.0,4092.6,22289050,4501.8,3683.4,4440.0,3288.1,4046.5,15,1,4046.1,6,2,4046.0,195,9,4045.9,14,1,4045.7,7,1,4046.7,148,3,4047.2,27,1,4047.6,12,1,4047.9,38,3,4048.0,123,9
11483,2026-07-02 09:52:11+05:30,4046.5,4,4065.57,290376,94322.0,131187.0,4100.0,4110.0,4045.0,4092.6,22289050,4501.8,3683.4,4440.0,3288.1,4046.5,15,1,4046.1,6,2,4046.0,195,9,4045.9,14,1,4045.7,7,1,4046.7,148,3,4047.2,27,1,4047.6,12,1,4047.9,38,3,4048.0,123,9
11483,2026-07-02 09:52:12+05:30,4046.5,4,4065.57,290376,94322.0,131187.0,4100.0,4110.0,4045.0,4092.6,22289050,4501.8,3683.4,4440.0,3288.1,4046.5,15,1,4046.1,6,2,4046.0,195,9,4045.9,14,1,4045.7,7,1,4046.7,148,3,4047.2,27,1,4047.6,12,1,4047.9,38,3,4048.0,123,9
11483,2026-07-02 09:52:12+05:30,4046.7,3,4065.57,290380,94487.0,131186.0,4100.0,4110.0,4045.0,4092.6,22289050,4501.8,3683.4,4440.0,3288.1,4046.5,15,1,4046.1,6,2,4046.0,195,9,4045.9,14,1,4045.7,7,1,4046.7,144,3,4047.2,27,1,4047.6,12,1,4047.9,38,3,4048.0,123,9
11483,2026-07-02 09:52:12+05:30,4046.7,3,4065.57,290380,94487.0,131186.0,4100.0,4110.0,4045.0,4092.6,22289050,4501.8,3683.4,4440.0,3288.1,4046.5,15,1,4046.1,6,2,4046.0,195,9,4045.9,14,1,4045.7,7,1,4046.7,144,3,4047.2,27,1,4047.6,12,1,4047.9,38,3,4048.0,123,9
11483,2026-07-02 09:52:12+05:30,4046.7,3,4065.57,290380,94487.0,131186.0,4100.0,4110.0,4045.0,4092.6,22289050,4501.8,3683.4,4440.0,3288.1,4046.5,15,1,4046.1,6,2,4046.0,195,9,4045.9,14,1,4045.7,7,1,4046.7,144,3,4047.2,27,1,4047.6,12,1,4047.9,38,3,4048.0,123,9
11483,2026-07-02 09:52:12+05:30,4046.7,3,4065.57,290380,94487.0,131186.0,4100.0,4110.0,4045.0,4092.6,22299375,4501.8,3683.4,4440.0,3288.1,4046.5,15,1,4046.1,6,2,4046.0,195,9,4045.9,14,1,4045.7,7,1,4046.7,144,3,4047.2,27,1,4047.6,12,1,4047.9,38,3,4048.0,123,9
11483,2026-07-02 09:52:13+05:30,4046.7,3,4065.57,290380,94487.0,131186.0,4100.0,4110.0,4045.0,4092.6,22299375,4501.8,3683.4,4440.0,3288.1,4046.5,15,1,4046.1,6,2,4046.0,195,9,4045.9,14,1,4045.7,7,1,4046.7,144,3,4047.2,27,1,4047.6,12,1,4047.9,38,3,4048.0,123,9
11483,2026-07-02 09:52:13+05:30,4046.0,9,4065.57,290380,94487.0,131186.0,4100.0,4110.0,4045.0,4092.6,22299375,4501.8,3683.4,4440.0,3288.1,4046.5,15,1,4046.1,6,2,4046.0,195,9,4045.9,14,1,4045.7,7,1,4046.7,144,3,4047.2,27,1,4047.6,12,1,4047.9,38,3,4048.0,123,9
11483,2026-07-02 09:52:13+05:30,4046.0,9,4065.57,290439,94269.0,132036.0,4100.0,4110.0,4045.0,4092.6,22299375,4501.8,3683.4,4440.0,3288.1,4046.0,161,7,4045.7,7,1,4045.6,20,3,4045.5,22,3,4045.4,38,4,4046.7,143,2,4047.2,27,1,4047.6,12,1,4047.9,38,3,4048.0,149,10
11483,2026-07-02 09:52:13+05:30,4046.0,9,4065.57,290439,94269.0,132036.0,4100.0,4110.0,4045.0,4092.6,22299375,4501.8,3683.4,4440.0,3288.1,4046.0,161,7,4045.7,7,1,4045.6,20,3,4045.5,22,3,4045.4,38,4,4046.7,143,2,4047.2,27,1,4047.6,12,1,4047.9,38,3,4048.0,149,10
11483,2026-07-02 09:52:14+05:30,4046.0,9,4065.57,290439,94269.0,132036.0,4100.0,4110.0,4045.0,4092.6,22299375,4501.8,3683.4,4440.0,3288.1,4046.0,161,7,4045.7,7,1,4045.6,20,3,4045.5,22,3,4045.4,38,4,4046.7,143,2,4047.2,27,1,4047.6,12,1,4047.9,38,3,4048.0,149,10
11483,2026-07-02 09:52:14+05:30,4046.0,1,4065.57,290439,94269.0,132036.0,4100.0,4110.0,4045.0,4092.6,22299375,4501.8,3683.4,4440.0,3288.1,4046.0,161,7,4045.7,7,1,4045.6,20,3,4045.5,22,3,4045.4,38,4,4046.7,143,2,4047.2,27,1,4047.6,12,1,4047.9,38,3,4048.0,149,10
11483,2026-07-02 09:52:14+05:30,4046.0,1,4065.57,290445,94268.0,132007.0,4100.0,4110.0,4045.0,4092.6,22299375,4501.8,3683.4,4440.0,3288.1,4046.0,156,5,4045.7,7,1,4045.6,20,3,4045.5,22,3,4045.4,33,3,4046.7,142,2,4047.2,27,1,4047.5,3,1,4047.6,12,1,4047.9,38,3
11483,2026-07-02 09:52:15+05:30,4046.0,1,4065.57,290445,94268.0,132007.0,4100.0,4110.0,4045.0,4092.6,22299375,4501.8,3683.4,4440.0,3288.1,4046.0,156,5,4045.7,7,1,4045.6,20,3,4045.5,22,3,4045.4,33,3,4046.7,142,2,4047.2,27,1,4047.5,3,1,4047.6,12,1,4047.9,38,3
11483,2026-07-02 09:52:15+05:30,4046.7,1,4065.57,290446,94310.0,132000.0,4100.0,4110.0,4045.0,4092.6,22299375,4501.8,3683.4,4440.0,3288.1,4046.0,166,7,4045.7,7,1,4045.6,20,3,4045.5,48,4,4045.4,33,3,4046.7,141,2,4047.2,27,1,4047.5,3,1,4047.6,12,1,4047.9,38,3
11483,2026-07-02 09:52:16+05:30,4046.7,5,4065.57,290446,94310.0,132000.0,4100.0,4110.0,4045.0,4092.6,22299375,4501.8,3683.4,4440.0,3288.1,4046.0,166,7,4045.7,7,1,4045.6,20,3,4045.5,48,4,4045.4,33,3,4046.7,141,2,4047.2,27,1,4047.5,3,1,4047.6,12,1,4047.9,38,3
11483,2026-07-02 09:52:16+05:30,4046.7,5,4065.57,290471,94827.0,131842.0,4100.0,4110.0,4045.0,4092.6,22299375,4501.8,3683.4,4440.0,3288.1,4046.5,55,2,4046.3,26,1,4046.1,14,2,4046.0,168,8,4045.9,21,2,4046.7,121,6,4047.2,27,1,4048.0,79,4,4048.1,122,1,4048.4,31,2
11483,2026-07-02 09:52:17+05:30,4046.5,1,4065.57,290471,94827.0,131842.0,4100.0,4110.0,4045.0,4092.6,22299375,4501.8,3683.4,4440.0,3288.1,4046.5,55,2,4046.3,26,1,4046.1,14,2,4046.0,168,8,4045.9,21,2,4046.7,121,6,4047.2,27,1,4048.0,79,4,4048.1,122,1,4048.4,31,2
11483,2026-07-02 09:52:17+05:30,4046.5,1,4065.57,290472,94892.0,131847.0,4100.0,4110.0,4045.0,4092.6,22299375,4501.8,3683.4,4440.0,3288.1,4046.5,54,2,4046.3,26,1,4046.1,14,2,4046.0,168,8,4045.9,21,2,4046.7,120,5,4047.2,27,1,4048.0,79,4,4048.1,122,1,4048.4,31,2
11483,2026-07-02 09:52:18+05:30,4046.7,1,4065.57,290472,94892.0,131847.0,4100.0,4110.0,4045.0,4092.6,22299375,4501.8,3683.4,4440.0,3288.1,4046.5,54,2,4046.3,26,1,4046.1,14,2,4046.0,168,8,4045.9,21,2,4046.7,120,5,4047.2,27,1,4048.0,79,4,4048.1,122,1,4048.4,31,2
11483,2026-07-02 09:52:19+05:30,4046.7,1,4065.56,290588,94642.0,131755.0,4100.0,4110.0,4045.0,4092.6,22299375,4501.8,3683.4,4440.0,3288.1,4046.5,6,1,4046.1,67,5,4046.0,148,8,4045.9,21,2,4045.8,30,3,4046.7,7,5,4047.2,27,1,4047.8,5,1,4047.9,23,1,4048.0,79,4
11483,2026-07-02 09:52:19+05:30,4047.2,5,4065.56,290588,94642.0,131755.0,4100.0,4110.0,4045.0,4092.6,22299375,4501.8,3683.4,4440.0,3288.1,4046.5,6,1,4046.1,67,5,4046.0,148,8,4045.9,21,2,4045.8,30,3,4046.7,7,5,4047.2,27,1,4047.8,5,1,4047.9,23,1,4048.0,79,4
11483,2026-07-02 09:52:20+05:30,4047.0,2,4065.55,290737,96247.0,130092.0,4100.0,4110.0,4045.0,4092.6,22299375,4501.8,3683.4,4440.0,3288.1,4047.0,71,6,4046.9,53,5,4046.8,46,4,4046.7,66,7,4046.6,34,6,4048.0,46,3,4049.0,9,2,4049.3,2,1,4049.4,22,2,4049.5,85,3
11483,2026-07-02 09:52:20+05:30,4047.0,1,4065.55,290737,96247.0,130092.0,4100.0,4110.0,4045.0,4092.6,22299375,4501.8,3683.4,4440.0,3288.1,4047.0,71,6,4046.9,53,5,4046.8,46,4,4046.7,66,7,4046.6,34,6,4048.0,46,3,4049.0,9,2,4049.3,2,1,4049.4,22,2,4049.5,85,3
11483,2026-07-02 09:52:21+05:30,4047.0,1,4065.55,290747,96428.0,130100.0,4100.0,4110.0,4045.0,4092.6,22299375,4501.8,3683.4,4440.0,3288.1,4047.1,11,1,4047.0,77,7,4046.9,50,5,4046.8,46,4,4046.7,69,7,4048.0,46,3,4049.0,9,2,4049.3,2,1,4049.4,22,2,4049.5,85,3
11483,2026-07-02 09:52:22+05:30,4048.0,1,4065.55,290748,96429.0,130377.0,4100.0,4110.0,4045.0,4092.6,22299375,4501.8,3683.4,4440.0,3288.1,4047.0,68,6,4046.9,50,5,4046.8,46,4,4046.7,69,7,4046.6,34,6,4048.0,45,3,4049.0,9,2,4049.3,2,1,4049.4,81,3,4049.5,85,3
11483,2026-07-02 09:52:22+05:30,4048.0,1,4065.55,290748,96429.0,130377.0,4100.0,4110.0,4045.0,4092.6,22299375,4501.8,3683.4,4440.0,3288.1,4047.0,68,6,4046.9,50,5,4046.8,46,4,4046.7,69,7,4046.6,34,6,4048.0,45,3,4049.0,9,2,4049.3,2,1,4049.4,81,3,4049.5,85,3
11483,2026-07-02 09:52:23+05:30,4047.0,3,4065.55,290792,96086.0,130487.0,4100.0,4110.0,4045.0,4092.6,22299375,4501.8,3683.4,4440.0,3288.1,4047.0,14,1,4046.9,10,1,4046.8,30,3,4046.7,32,4,4046.6,25,3,4047.9,13,1,4048.0,11,1,4048.7,11,2,4048.8,3,1,4048.9,41,2
11483,2026-07-02 09:52:23+05:30,4047.0,5,4065.55,290792,96086.0,130487.0,4100.0,4110.0,4045.0,4092.6,22299375,4501.8,3683.4,4440.0,3288.1,4047.0,14,1,4046.9,10,1,4046.8,30,3,4046.7,32,4,4046.6,25,3,4047.9,13,1,4048.0,11,1,4048.7,11,2,4048.8,3,1,4048.9,41,2
11483,2026-07-02 09:52:24+05:30,4047.0,1,4065.55,290800,95828.0,130780.0,4100.0,4110.0,4045.0,4092.6,22299375,4501.8,3683.4,4440.0,3288.1,4047.0,6,1,4046.6,1,1,4046.5,12,3,4046.4,15,2,4046.3,2,1,4047.9,13,1,4048.0,28,3,4048.2,3,1,4048.5,47,3,4048.6,6,1
11483,2026-07-02 09:52:24+05:30,4047.0,1,4065.55,290800,95828.0,130780.0,4100.0,4110.0,4045.0,4092.6,22299375,4501.8,3683.4,4440.0,3288.1,4047.0,6,1,4046.6,1,1,4046.5,12,3,4046.4,15,2,4046.3,2,1,4047.9,13,1,4048.0,28,3,4048.2,3,1,4048.5,47,3,4048.6,6,1
11483,2026-07-02 09:52:25+05:30,4047.0,1,4065.55,290800,95958.0,130803.0,4100.0,4110.0,4045.0,4092.6,22299375,4501.8,3683.4,4440.0,3288.1,4047.0,6,1,4046.7,12,1,4046.6,1,1,4046.5,22,4,4046.4,2,1,4047.9,38,4,4048.0,11,1,4048.2,19,2,4048.5,57,4,4048.6,19,2
11483,2026-07-02 09:52:25+05:30,4047.0,5,4065.55,290800,95958.0,130803.0,4100.0,4110.0,4045.0,4092.6,22299375,4501.8,3683.4,4440.0,3288.1,4047.0,6,1,4046.7,12,1,4046.6,1,1,4046.5,22,4,4046.4,2,1,4047.9,38,4,4048.0,11,1,4048.2,19,2,4048.5,57,4,4048.6,19,2
11483,2026-07-02 09:52:26+05:30,4047.9,7,4065.55,290818,95936.0,130793.0,4100.0,4110.0,4045.0,4092.6,22299375,4501.8,3683.4,4440.0,3288.1,4047.0,32,2,4046.7,12,1,4046.6,1,1,4046.5,22,4,4046.4,2,1,4047.9,15,2,4048.0,11,1,4048.2,19,2,4048.5,57,4,4048.6,13,1
11483,2026-07-02 09:52:26+05:30,4047.9,7,4065.55,290818,95936.0,130793.0,4100.0,4110.0,4045.0,4092.6,22299375,4501.8,3683.4,4440.0,3288.1,4047.0,32,2,4046.7,12,1,4046.6,1,1,4046.5,22,4,4046.4,2,1,4047.9,15,2,4048.0,11,1,4048.2,19,2,4048.5,57,4,4048.6,13,1
11483,2026-07-02 09:52:27+05:30,4047.9,7,4065.55,290818,95941.0,130806.0,4100.0,4110.0,4045.0,4092.6,22299375,4501.8,3683.4,4440.0,3288.1,4047.0,32,2,4046.7,12,1,4046.6,1,1,4046.5,22,4,4046.4,2,1,4047.9,19,4,4048.0,11,1,4048.2,19,2,4048.5,57,4,4048.6,19,2
11483,2026-07-02 09:52:28+05:30,4047.0,1,4065.55,290819,97978.0,130821.0,4100.0,4110.0,4045.0,4092.6,22299375,4501.8,3683.4,4440.0,3288.1,4047.0,31,2,4046.7,12,1,4046.6,1,1,4046.5,22,4,4046.4,2,1,4047.9,16,3,4048.0,11,1,4048.2,19,2,4048.5,47,3,4048.6,13,1
11483,2026-07-02 09:52:28+05:30,4047.0,1,4065.55,290819,97978.0,130821.0,4100.0,4110.0,4045.0,4092.6,22299375,4501.8,3683.4,4440.0,3288.1,4047.0,31,2,4046.7,12,1,4046.6,1,1,4046.5,22,4,4046.4,2,1,4047.9,16,3,4048.0,11,1,4048.2,19,2,4048.5,47,3,4048.6,13,1
11483,2026-07-02 09:52:29+05:30,4047.0,5,4065.55,290819,97978.0,130821.0,4100.0,4110.0,4045.0,4092.6,22299375,4501.8,3683.4,4440.0,3288.1,4047.0,31,2,4046.7,12,1,4046.6,1,1,4046.5,22,4,4046.4,2,1,4047.9,16,3,4048.0,11,1,4048.2,19,2,4048.5,47,3,4048.6,13,1
11483,2026-07-02 09:52:29+05:30,4047.0,5,4065.55,290826,97936.0,130860.0,4100.0,4110.0,4045.0,4092.6,22299375,4501.8,3683.4,4440.0,3288.1,4047.0,26,3,4046.7,12,1,4046.6,1,1,4046.5,22,4,4046.4,2,1,4047.9,25,5,4048.0,11,1,4048.2,19,2,4048.4,20,1,4048.5,47,3
11483,2026-07-02 09:52:30+05:30,4047.0,2,4065.55,290826,97936.0,130860.0,4100.0,4110.0,4045.0,4092.6,22299375,4501.8,3683.4,4440.0,3288.1,4047.0,26,3,4046.7,12,1,4046.6,1,1,4046.5,22,4,4046.4,2,1,4047.9,25,5,4048.0,11,1,4048.2,19,2,4048.4,20,1,4048.5,47,3
11483,2026-07-02 09:52:30+05:30,4047.0,2,4065.54,290852,97313.0,131684.0,4100.0,4110.0,4045.0,4092.6,22299375,4501.8,3683.4,4440.0,3288.1,4046.7,12,1,4046.6,1,1,4046.5,22,4,4046.4,2,1,4046.3,2,1,4047.0,154,1,4047.8,16,2,4047.9,19,4,4048.0,16,2,4048.2,41,3
11483,2026-07-02 09:52:31+05:30,4046.7,2,4065.54,290852,97313.0,131684.0,4100.0,4110.0,4045.0,4092.6,22299375,4501.8,3683.4,4440.0,3288.1,4046.7,12,1,4046.6,1,1,4046.5,22,4,4046.4,2,1,4046.3,2,1,4047.0,154,1,4047.8,16,2,4047.9,19,4,4048.0,16,2,4048.2,41,3
11483,2026-07-02 09:52:31+05:30,4046.7,2,4065.54,290872,97311.0,131683.0,4100.0,4110.0,4045.0,4092.6,22299375,4501.8,3683.4,4440.0,3288.1,4046.7,9,1,4046.5,22,4,4046.4,2,1,4046.3,2,1,4046.2,1,1,4047.0,139,3,4047.3,5,1,4047.6,5,1,4047.8,10,1,4047.9,30,4
11483,2026-07-02 09:52:32+05:30,4047.0,1,4065.54,290872,97311.0,131683.0,4100.0,4110.0,4045.0,4092.6,22299375,4501.8,3683.4,4440.0,3288.1,4046.7,9,1,4046.5,22,4,4046.4,2,1,4046.3,2,1,4046.2,1,1,4047.0,139,3,4047.3,5,1,4047.6,5,1,4047.8,10,1,4047.9,30,4
11483,2026-07-02 09:52:32+05:30,4047.0,1,4065.54,290879,97289.0,131873.0,4100.0,4110.0,4045.0,4092.6,22299375,4501.8,3683.4,4440.0,3288.1,4046.7,8,1,4046.5,21,3,4046.0,398,11,4045.8,12,1,4045.5,14,2,4047.0,135,5,4047.3,7,1,4047.6,15,2,4047.8,10,1,4047.9,35,5
11483,2026-07-02 09:52:33+05:30,4047.0,1,4065.54,290879,97294.0,131852.0,4100.0,4110.0,4045.0,4092.6,22299375,4501.8,3683.4,4440.0,3288.1,4046.7,8,1,4046.5,21,3,4046.0,398,11,4045.8,12,1,4045.5,14,2,4047.0,135,5,4047.3,7,1,4047.6,15,2,4047.8,10,1,4047.9,35,5
11483,2026-07-02 09:52:34+05:30,4046.7,8,4065.54,290887,96771.0,131946.0,4100.0,4110.0,4045.0,4092.6,22299375,4501.8,3683.4,4440.0,3288.1,4046.5,21,3,4046.0,396,10,4045.8,12,1,4045.5,14,2,4045.4,1,1,4047.0,135,5,4047.2,5,1,4047.3,7,1,4047.5,3,1,4047.6,20,3
11483,2026-07-02 09:52:35+05:30,4047.0,5,4065.54,290887,96771.0,131946.0,4100.0,4110.0,4045.0,4092.6,22299375,4501.8,3683.4,4440.0,3288.1,4046.5,21,3,4046.0,396,10,4045.8,12,1,4045.5,14,2,4045.4,1,1,4047.0,135,5,4047.2,5,1,4047.3,7,1,4047.5,3,1,4047.6,20,3
11483,2026-07-02 09:52:35+05:30,4047.0,25,4065.54,290937,96749.0,132023.0,4100.0,4110.0,4045.0,4092.6,22299375,4501.8,3683.4,4440.0,3288.1,4046.5,17,3,4046.0,496,11,4045.6,3,1,4045.5,14,2,4045.4,1,1,4047.0,98,6,4047.2,5,1,4047.3,7,1,4047.6,20,3,4047.7,5,1
11483,2026-07-02 09:52:36+05:30,4047.0,25,4065.54,290937,96749.0,132023.0,4100.0,4110.0,4045.0,4092.6,22299375,4501.8,3683.4,4440.0,3288.1,4046.5,17,3,4046.0,496,11,4045.6,3,1,4045.5,14,2,4045.4,1,1,4047.0,98,6,4047.2,5,1,4047.3,7,1,4047.6,20,3,4047.7,5,1
11483,2026-07-02 09:52:37+05:30,4047.0,25,4065.54,290937,97097.0,132037.0,4100.0,4110.0,4045.0,4092.6,22299375,4501.8,3683.4,4440.0,3288.1,4046.5,17,3,4046.0,496,11,4045.6,3,1,4045.5,39,3,4045.4,1,1,4047.0,98,6,4047.3,7,1,4047.6,20,3,4047.7,5,1,4047.8,30,3
11483,2026-07-02 09:52:38+05:30,4046.5,10,4065.53,291055,96547.0,132029.0,4100.0,4110.0,4045.0,4092.6,22299375,4501.8,3683.4,4440.0,3288.1,4046.0,496,11,4045.5,27,2,4045.4,1,1,4045.2,55,5,4045.1,22,1,4046.5,162,3,4047.6,29,2,4047.8,17,2,4047.9,198,6,4048.0,46,5
11483,2026-07-02 09:52:38+05:30,4046.5,3,4065.53,291055,96547.0,132029.0,4100.0,4110.0,4045.0,4092.6,22299375,4501.8,3683.4,4440.0,3288.1,4046.0,496,11,4045.5,27,2,4045.4,1,1,4045.2,55,5,4045.1,22,1,4046.5,162,3,4047.6,29,2,4047.8,17,2,4047.9,198,6,4048.0,46,5
11483,2026-07-02 09:52:39+05:30,4046.5,1,4065.53,291059,96689.0,132036.0,4100.0,4110.0,4045.0,4092.6,22299375,4501.8,3683.4,4440.0,3288.1,4046.0,496,11,4045.5,27,2,4045.4,1,1,4045.2,67,6,4045.1,22,1,4046.5,159,4,4047.6,39,3,4047.8,22,3,4047.9,193,5,4048.0,46,5
11483,2026-07-02 09:52:39+05:30,4046.5,2,4065.53,291059,96689.0,132036.0,4100.0,4110.0,4045.0,4092.6,22299375,4501.8,3683.4,4440.0,3288.1,4046.0,496,11,4045.5,27,2,4045.4,1,1,4045.2,67,6,4045.1,22,1,4046.5,159,4,4047.6,39,3,4047.8,22,3,4047.9,193,5,4048.0,46,5
11483,2026-07-02 09:52:40+05:30,4047.8,1,4065.52,291267,97468.0,131405.0,4100.0,4110.0,4045.0,4092.6,22299375,4501.8,3683.4,4440.0,3288.1,4047.0,8,1,4046.3,18,1,4046.2,38,2,4046.1,12,1,4046.0,518,13,4047.8,7,1,4047.9,18,3,4048.0,31,3,4048.1,6,1,4048.2,27,3
11483,2026-07-02 09:52:40+05:30,4047.8,1,4065.52,291267,97468.0,131405.0,4100.0,4110.0,4045.0,4092.6,22299375,4501.8,3683.4,4440.0,3288.1,4047.0,8,1,4046.3,18,1,4046.2,38,2,4046.1,12,1,4046.0,518,13,4047.8,7,1,4047.9,18,3,4048.0,31,3,4048.1,6,1,4048.2,27,3
11483,2026-07-02 09:52:41+05:30,4047.0,8,4065.52,291295,96508.0,131426.0,4100.0,4110.0,4045.0,4092.6,22299375,4501.8,3683.4,4440.0,3288.1,4046.0,515,12,4045.8,12,1,4045.5,40,3,4045.4,1,1,4045.3,10,1,4047.5,16,2,4047.6,37,4,4047.7,35,4,4047.8,40,5,4047.9,13,3
11483,2026-07-02 09:52:41+05:30,4047.0,8,4065.52,291295,96508.0,131426.0,4100.0,4110.0,4045.0,4092.6,22299375,4501.8,3683.4,4440.0,3288.1,4046.0,515,12,4045.8,12,1,4045.5,40,3,4045.4,1,1,4045.3,10,1,4047.5,16,2,4047.6,37,4,4047.7,35,4,4047.8,40,5,4047.9,13,3
11483,2026-07-02 09:52:42+05:30,4047.0,8,4065.52,291295,96518.0,132019.0,4100.0,4110.0,4045.0,4092.6,22299375,4501.8,3683.4,4440.0,3288.1,4046.0,547,13,4045.5,40,3,4045.4,1,1,4045.3,10,1,4045.2,70,6,4047.0,9,3,4047.5,37,3,4047.6,37,4,4047.7,6,1,4047.8,24,5
11483,2026-07-02 09:52:43+05:30,4047.0,2,4065.51,291305,97396.0,131153.0,4100.0,4110.0,4045.0,4092.6,22299375,4501.8,3683.4,4440.0,3288.1,4047.0,190,1,4046.1,53,2,4046.0,547,13,4045.8,22,2,4045.5,43,4,4047.5,16,2,4047.6,11,2,4047.8,3,3,4047.9,13,3,4048.0,36,4
11483,2026-07-02 09:52:44+05:30,4047.0,1,4065.51,291305,97396.0,131153.0,4100.0,4110.0,4045.0,4092.6,22299375,4501.8,3683.4,4440.0,3288.1,4047.0,190,1,4046.1,53,2,4046.0,547,13,4045.8,22,2,4045.5,43,4,4047.5,16,2,4047.6,11,2,4047.8,3,3,4047.9,13,3,4048.0,36,4
11483,2026-07-02 09:52:44+05:30,4047.5,2,4065.51,291310,97524.0,131169.0,4100.0,4110.0,4045.0,4092.6,22299375,4501.8,3683.4,4440.0,3288.1,4047.0,187,1,4046.5,10,1,4046.2,3,1,4046.1,63,3,4046.0,547,13,4047.5,3,1,4047.6,11,2,4047.8,3,3,4047.9,13,3,4048.0,50,5
11483,2026-07-02 09:52:45+05:30,4047.0,1,4065.51,291310,97524.0,131169.0,4100.0,4110.0,4045.0,4092.6,22299375,4501.8,3683.4,4440.0,3288.1,4047.0,187,1,4046.5,10,1,4046.2,3,1,4046.1,63,3,4046.0,547,13,4047.5,3,1,4047.6,11,2,4047.8,3,3,4047.9,13,3,4048.0,50,5
11483,2026-07-02 09:52:45+05:30,4047.0,183,4065.5,291502,96749.0,131528.0,4100.0,4110.0,4045.0,4092.6,22299375,4501.8,3683.4,4440.0,3288.1,4046.5,10,1,4046.1,42,1,4046.0,547,13,4045.8,12,1,4045.5,40,3,4047.5,53,4,4047.6,19,3,4047.7,55,5,4047.8,26,5,4047.9,27,4
11483,2026-07-02 09:52:46+05:30,4047.0,3,4065.5,291502,96749.0,131528.0,4100.0,4110.0,4045.0,4092.6,22299375,4501.8,3683.4,4440.0,3288.1,4046.5,10,1,4046.1,42,1,4046.0,547,13,4045.8,12,1,4045.5,40,3,4047.5,53,4,4047.6,19,3,4047.7,55,5,4047.8,26,5,4047.9,27,4
11483,2026-07-02 09:52:46+05:30,4047.0,1,4065.5,291523,96883.0,132181.0,4100.0,4110.0,4045.0,4092.6,22299375,4501.8,3683.4,4440.0,3288.1,4046.5,3,2,4046.0,547,13,4045.8,12,1,4045.5,40,3,4045.4,1,1,4047.0,5,3,4047.3,8,1,4047.5,53,4,4047.6,8,2,4047.7,44,4
11483,2026-07-02 09:52:47+05:30,4047.0,1,4065.5,291523,96883.0,132181.0,4100.0,4110.0,4045.0,4092.6,22299375,4501.8,3683.4,4440.0,3288.1,4046.5,3,2,4046.0,547,13,4045.8,12,1,4045.5,40,3,4045.4,1,1,4047.0,5,3,4047.3,8,1,4047.5,53,4,4047.6,8,2,4047.7,44,4
11483,2026-07-02 09:52:48+05:30,4047.0,1,4065.5,291526,96908.0,132008.0,4100.0,4110.0,4045.0,4092.6,22299375,4501.8,3683.4,4440.0,3288.1,4046.5,3,2,4046.0,547,13,4045.8,12,1,4045.5,40,3,4045.4,1,1,4047.0,9,4,4047.3,8,1,4047.5,50,3,4047.6,8,2,4047.7,44,4
11483,2026-07-02 09:52:49+05:30,4046.9,1,4065.5,291540,94864.0,132156.0,4100.0,4110.0,4045.0,4092.6,22299375,4501.8,3683.4,4440.0,3288.1,4046.5,3,2,4046.1,1,1,4046.0,556,13,4045.5,40,3,4045.4,1,1,4046.9,14,3,4047.0,30,9,4047.3,14,2,4047.5,35,1,4047.6,14,3
11483,2026-07-02 09:52:49+05:30,4046.9,1,4065.5,291540,94864.0,132156.0,4100.0,4110.0,4045.0,4092.6,22299375,4501.8,3683.4,4440.0,3288.1,4046.5,3,2,4046.1,1,1,4046.0,556,13,4045.5,40,3,4045.4,1,1,4046.9,14,3,4047.0,30,9,4047.3,14,2,4047.5,35,1,4047.6,14,3
11483,2026-07-02 09:52:50+05:30,4045.6,3,4065.45,292236,91184.0,133864.0,4100.0,4110.0,4045.0,4092.6,22299375,4501.8,3683.4,4440.0,3288.1,4045.0,1982,126,4044.9,1,1,4044.6,6,2,4044.5,79,3,4044.4,39,2,4045.6,22,4,4045.7,14,2,4045.8,21,3,4045.9,4,1,4046.0,27,4
11483,2026-07-02 09:52:50+05:30,4045.0,10,4065.45,292236,91184.0,133864.0,4100.0,4110.0,4045.0,4092.6,22299375,4501.8,3683.4,4440.0,3288.1,4045.0,1982,126,4044.9,1,1,4044.6,6,2,4044.5,79,3,4044.4,39,2,4045.6,22,4,4045.7,14,2,4045.8,21,3,4045.9,4,1,4046.0,27,4
11483,2026-07-02 09:52:51+05:30,4045.3,9,4065.45,292259,91848.0,133609.0,4100.0,4110.0,4045.0,4092.6,22299375,4501.8,3683.4,4440.0,3288.1,4045.3,3,1,4045.0,1996,126,4044.9,1,1,4044.6,6,2,4044.5,39,2,4045.6,11,2,4045.8,11,1,4046.0,23,3,4046.1,185,3,4046.4,10,1
11483,2026-07-02 09:52:51+05:30,4045.6,14,4065.45,292259,91848.0,133609.0,4100.0,4110.0,4045.0,4092.6,22299375,4501.8,3683.4,4440.0,3288.1,4045.3,3,1,4045.0,1996,126,4044.9,1,1,4044.6,6,2,4044.5,39,2,4045.6,11,2,4045.8,11,1,4046.0,23,3,4046.1,185,3,4046.4,10,1
11483,2026-07-02 09:52:52+05:30,4045.3,1,4065.44,292368,92191.0,133838.0,4100.0,4110.0,4045.0,4092.6,22299375,4501.8,3683.4,4440.0,3288.1,4045.0,1996,126,4044.9,1,1,4044.6,6,2,4044.5,42,3,4044.4,77,5,4045.3,3,2,4046.0,20,3,4046.1,195,4,4046.6,19,1,4046.8,25,1
11483,2026-07-02 09:52:52+05:30,4045.3,1,4065.44,292368,92191.0,133838.0,4100.0,4110.0,4045.0,4092.6,22299375,4501.8,3683.4,4440.0,3288.1,4045.0,1996,126,4044.9,1,1,4044.6,6,2,4044.5,42,3,4044.4,77,5,4045.3,3,2,4046.0,20,3,4046.1,195,4,4046.6,19,1,4046.8,25,1
11483,2026-07-02 09:52:53+05:30,4045.0,5,4065.44,292468,92179.0,133755.0,4100.0,4110.0,4045.0,4092.6,22299375,4501.8,3683.4,4440.0,3288.1,4045.0,1944,121,4044.9,1,1,4044.8,1,1,4044.6,6,2,4044.5,39,2,4045.3,3,2,4045.9,5,1,4046.0,10,2,4046.1,190,3,4046.6,19,1
11483,2026-07-02 09:52:53+05:30,4045.0,11,4065.44,292468,92179.0,133755.0,4100.0,4110.0,4045.0,4092.6,22299375,4501.8,3683.4,4440.0,3288.1,4045.0,1944,121,4044.9,1,1,4044.8,1,1,4044.6,6,2,4044.5,39,2,4045.3,3,2,4045.9,5,1,4046.0,10,2,4046.1,190,3,4046.6,19,1
11483,2026-07-02 09:52:54+05:30,4046.1,1,4065.44,292468,92179.0,133755.0,4100.0,4110.0,4045.0,4092.6,22299375,4501.8,3683.4,4440.0,3288.1,4045.0,1944,121,4044.9,1,1,4044.8,1,1,4044.6,6,2,4044.5,39,2,4045.3,3,2,4045.9,5,1,4046.0,10,2,4046.1,190,3,4046.6,19,1
11483,2026-07-02 09:52:54+05:30,4046.1,1,4065.43,292559,92353.0,133457.0,4100.0,4110.0,4045.0,4092.6,22299375,4501.8,3683.4,4440.0,3288.1,4045.0,1922,121,4044.9,11,2,4044.8,8,2,4044.6,46,5,4044.5,73,4,4046.1,142,2,4046.6,19,1,4046.8,65,3,4046.9,8,3,4047.0,8,2
11483,2026-07-02 09:52:55+05:30,4046.1,5,4065.43,292559,92353.0,133457.0,4100.0,4110.0,4045.0,4092.6,22299375,4501.8,3683.4,4440.0,3288.1,4045.0,1922,121,4044.9,11,2,4044.8,8,2,4044.6,46,5,4044.5,73,4,4046.1,142,2,4046.6,19,1,4046.8,65,3,4046.9,8,3,4047.0,8,2
11483,2026-07-02 09:52:55+05:30,4046.1,5,4065.43,292564,92357.0,133390.0,4100.0,4110.0,4045.0,4092.6,22299375,4501.8,3683.4,4440.0,3288.1,4045.3,1,1,4045.1,2,1,4045.0,1922,121,4044.9,11,2,4044.8,1,1,4046.1,139,4,4046.6,19,1,4046.8,25,1,4046.9,26,4,4047.0,8,2
11483,2026-07-02 09:52:56+05:30,4045.0,2,4065.43,292564,92357.0,133390.0,4100.0,4110.0,4045.0,4092.6,22299375,4501.8,3683.4,4440.0,3288.1,4045.3,1,1,4045.1,2,1,4045.0,1922,121,4044.9,11,2,4044.8,1,1,4046.1,139,4,4046.6,19,1,4046.8,25,1,4046.9,26,4,4047.0,8,2
11483,2026-07-02 09:52:56+05:30,4045.0,62,4065.42,292752,91413.0,133976.0,4100.0,4110.0,4045.0,4092.6,22299375,4501.8,3683.4,4440.0,3288.1,4045.0,1765,105,4044.9,1,1,4044.8,1,1,4044.6,6,2,4044.5,39,2,4045.9,50,5,4046.0,60,6,4046.1,150,7,4046.3,28,2,4046.4,10,2
11483,2026-07-02 09:52:57+05:30,4045.0,1,4065.42,292752,91413.0,133976.0,4100.0,4110.0,4045.0,4092.6,22299375,4501.8,3683.4,4440.0,3288.1,4045.0,1765,105,4044.9,1,1,4044.8,1,1,4044.6,6,2,4044.5,39,2,4045.9,50,5,4046.0,60,6,4046.1,150,7,4046.3,28,2,4046.4,10,2
11483,2026-07-02 09:52:57+05:30,4046.0,8,4065.41,292862,91835.0,133783.0,4100.0,4110.0,4045.0,4092.6,22299375,4501.8,3683.4,4440.0,3288.1,4045.0,1735,105,4044.9,1,1,4044.8,1,1,4044.6,6,2,4044.5,39,2,4046.0,44,6,4046.1,150,7,4046.3,14,1,4046.4,7,1,4046.5,50,3
11483,2026-07-02 09:52:58+05:30,4046.0,1,4065.41,292862,91835.0,133783.0,4100.0,4110.0,4045.0,4092.6,22299375,4501.8,3683.4,4440.0,3288.1,4045.0,1735,105,4044.9,1,1,4044.8,1,1,4044.6,6,2,4044.5,39,2,4046.0,44,6,4046.1,150,7,4046.3,14,1,4046.4,7,1,4046.5,50,3
11483,2026-07-02 09:52:59+05:30,4046.0,1,4065.41,292863,91858.0,133938.0,4100.0,4110.0,4045.0,4092.6,22299375,4501.8,3683.4,4440.0,3288.1,4045.0,1747,107,4044.9,1,1,4044.8,1,1,4044.6,6,2,4044.5,39,2,4045.9,12,1,4046.0,89,12,4046.1,145,6,4046.3,14,1,4046.4,9,2
11483,2026-07-02 09:52:59+05:30,4045.9,10,4065.41,292863,91858.0,133938.0,4100.0,4110.0,4045.0,4092.6,22299375,4501.8,3683.4,4440.0,3288.1,4045.0,1747,107,4044.9,1,1,4044.8,1,1,4044.6,6,2,4044.5,39,2,4045.9,12,1,4046.0,89,12,4046.1,145,6,4046.3,14,1,4046.4,9,2
11483,2026-07-02 09:53:00+05:30,4045.0,39,4065.4,293016,92185.0,133346.0,4100.0,4110.0,4045.0,4092.6,22299375,4501.8,3683.4,4440.0,3288.1,4045.3,1,1,4045.0,1604,78,4044.9,1,1,4044.8,1,1,4044.6,18,3,4046.0,72,10,4046.1,11,3,4046.4,17,2,4046.6,26,2,4046.8,44,2
11483,2026-07-02 09:53:00+05:30,4045.0,3,4065.4,293016,92185.0,133346.0,4100.0,4110.0,4045.0,4092.6,22299375,4501.8,3683.4,4440.0,3288.1,4045.3,1,1,4045.0,1604,78,4044.9,1,1,4044.8,1,1,4044.6,18,3,4046.0,72,10,4046.1,11,3,4046.4,17,2,4046.6,26,2,4046.8,44,2
11483,2026-07-02 09:53:01+05:30,4045.9,1,4065.4,293047,92230.0,133241.0,4100.0,4110.0,4045.0,4092.6,22299375,4501.8,3683.4,4440.0,3288.1,4045.5,2,2,4045.0,1577,78,4044.9,1,1,4044.8,1,1,4044.6,28,4,4045.9,8,1,4046.0,81,10,4046.1,10,2,4046.4,2,1,4046.6,26,2
11483,2026-07-02 09:53:01+05:30,4045.9,1,4065.4,293047,92230.0,133241.0,4100.0,4110.0,4045.0,4092.6,22299375,4501.8,3683.4,4440.0,3288.1,4045.5,2,2,4045.0,1577,78,4044.9,1,1,4044.8,1,1,4044.6,28,4,4045.9,8,1,4046.0,81,10,4046.1,10,2,4046.4,2,1,4046.6,26,2
11483,2026-07-02 09:53:02+05:30,4046.0,1,4065.39,293123,93004.0,132834.0,4100.0,4110.0,4045.0,4092.6,22299375,4501.8,3683.4,4440.0,3288.1,4045.5,13,3,4045.1,64,3,4045.0,1568,82,4044.9,11,2,4044.8,1,1,4046.0,1,1,4046.1,5,1,4046.8,25,1,4046.9,8,3,4047.0,30,6
11483,2026-07-02 09:53:02+05:30,4046.0,1,4065.39,293123,93004.0,132834.0,4100.0,4110.0,4045.0,4092.6,22299375,4501.8,3683.4,4440.0,3288.1,4045.5,13,3,4045.1,64,3,4045.0,1568,82,4044.9,11,2,4044.8,1,1,4046.0,1,1,4046.1,5,1,4046.8,25,1,4046.9,8,3,4047.0,30,6
11483,2026-07-02 09:53:03+05:30,4045.5,1,4065.39,293136,93039.0,133031.0,4100.0,4110.0,4045.0,4092.6,22299375,4501.8,3683.4,4440.0,3288.1,4045.5,1,1,4045.1,53,2,4045.0,1551,81,4044.9,11,2,4044.8,17,2,4046.0,151,2,4046.8,25,1,4046.9,8,3,4047.0,30,6,4047.1,47,3
11483,2026-07-02 09:53:03+05:30,4045.5,1,4065.39,293136,93039.0,133031.0,4100.0,4110.0,4045.0,4092.6,22299375,4501.8,3683.4,4440.0,3288.1,4045.5,1,1,4045.1,53,2,4045.0,1551,81,4044.9,11,2,4044.8,17,2,4046.0,151,2,4046.8,25,1,4046.9,8,3,4047.0,30,6,4047.1,47,3
11483,2026-07-02 09:53:04+05:30,4046.0,1,4065.39,293141,93215.0,133082.0,4100.0,4110.0,4045.0,4092.6,22299375,4501.8,3683.4,4440.0,3288.1,4045.0,1551,81,4044.9,15,3,4044.8,17,2,4044.6,42,5,4044.5,69,4,4046.0,151,2,4046.8,25,1,4046.9,69,4,4047.0,35,7,4047.2,17,2
11483,2026-07-02 09:53:04+05:30,4046.0,1,4065.39,293141,93215.0,133082.0,4100.0,4110.0,4045.0,4092.6,22299375,4501.8,3683.4,4440.0,3288.1,4045.0,1551,81,4044.9,15,3,4044.8,17,2,4044.6,42,5,4044.5,69,4,4046.0,151,2,4046.8,25,1,4046.9,69,4,4047.0,35,7,4047.2,17,2
11483,2026-07-02 09:53:05+05:30,4046.0,1,4065.39,293142,93223.0,133187.0,4100.0,4110.0,4045.0,4092.6,22299375,4501.8,3683.4,4440.0,3288.1,4045.0,1551,81,4044.9,8,2,4044.8,17,2,4044.7,3,1,4044.6,42,5,4046.0,166,4,4046.8,25,1,4046.9,8,3,4047.0,35,7,4047.2,46,3
11483,2026-07-02 09:53:05+05:30,4046.0,1,4065.39,293142,93223.0,133187.0,4100.0,4110.0,4045.0,4092.6,22299375,4501.8,3683.4,4440.0,3288.1,4045.0,1551,81,4044.9,8,2,4044.8,17,2,4044.7,3,1,4044.6,42,5,4046.0,166,4,4046.8,25,1,4046.9,8,3,4047.0,35,7,4047.2,46,3
11483,2026-07-02 09:53:06+05:30,4046.0,7,4065.39,293150,93429.0,133147.0,4100.0,4110.0,4045.0,4092.6,22299375,4501.8,3683.4,4440.0,3288.1,4045.1,39,4,4045.0,1643,84,4044.9,50,4,4044.8,17,2,4044.7,18,1,4046.0,158,4,4046.8,25,1,4046.9,3,2,4047.0,26,5,4047.2,40,2
11483,2026-07-02 09:53:06+05:30,4045.1,5,4065.39,293150,93429.0,133147.0,4100.0,4110.0,4045.0,4092.6,22299375,4501.8,3683.4,4440.0,3288.1,4045.1,39,4,4045.0,1643,84,4044.9,50,4,4044.8,17,2,4044.7,18,1,4046.0,158,4,4046.8,25,1,4046.9,3,2,4047.0,26,5,4047.2,40,2
11483,2026-07-02 09:53:07+05:30,4045.1,3,4065.39,293163,93419.0,133133.0,4100.0,4110.0,4045.0,4092.6,22299375,4501.8,3683.4,4440.0,3288.1,4045.1,31,4,4045.0,1653,85,4044.9,50,4,4044.8,17,2,4044.7,18,1,4046.0,154,5,4046.8,25,1,4046.9,3,2,4047.0,26,5,4047.2,40,2
11483,2026-07-02 09:53:07+05:30,4045.1,3,4065.39,293163,93419.0,133133.0,4100.0,4110.0,4045.0,4092.6,22299375,4501.8,3683.4,4440.0,3288.1,4045.1,31,4,4045.0,1653,85,4044.9,50,4,4044.8,17,2,4044.7,18,1,4046.0,154,5,4046.8,25,1,4046.9,3,2,4047.0,26,5,4047.2,40,2
11483,2026-07-02 09:53:08+05:30,4046.0,5,4065.39,293168,93350.0,133040.0,4100.0,4110.0,4045.0,4092.6,22299375,4501.8,3683.4,4440.0,3288.1,4045.0,1679,88,4044.9,19,3,4044.8,1,1,4044.6,62,6,4044.5,39,2,4045.9,11,1,4046.0,150,6,4046.8,25,1,4046.9,8,3,4047.0,26,5
11483,2026-07-02 09:53:08+05:30,4046.0,5,4065.39,293168,93350.0,133040.0,4100.0,4110.0,4045.0,4092.6,22299375,4501.8,3683.4,4440.0,3288.1,4045.0,1679,88,4044.9,19,3,4044.8,1,1,4044.6,62,6,4044.5,39,2,4045.9,11,1,4046.0,150,6,4046.8,25,1,4046.9,8,3,4047.0,26,5
11483,2026-07-02 09:53:09+05:30,4045.0,7,4065.38,293324,93302.0,133113.0,4100.0,4110.0,4045.0,4092.6,22299375,4501.8,3683.4,4440.0,3288.1,4045.0,1587,87,4044.9,15,2,4044.8,1,1,4044.7,3,1,4044.6,65,7,4046.0,244,6,4046.8,25,1,4046.9,8,3,4047.0,26,5,4047.2,17,2
11483,2026-07-02 09:53:09+05:30,4045.0,18,4065.38,293324,93302.0,133113.0,4100.0,4110.0,4045.0,4092.6,22299375,4501.8,3683.4,4440.0,3288.1,4045.0,1587,87,4044.9,15,2,4044.8,1,1,4044.7,3,1,4044.6,65,7,4046.0,244,6,4046.8,25,1,4046.9,8,3,4047.0,26,5,4047.2,17,2
11483,2026-07-02 09:53:09+05:30,4045.0,18,4065.38,293324,93302.0,133113.0,4100.0,4110.0,4045.0,4092.6,22299375,4501.8,3683.4,4440.0,3288.1,4045.0,1587,87,4044.9,15,2,4044.8,1,1,4044.7,3,1,4044.6,65,7,4046.0,244,6,4046.8,25,1,4046.9,8,3,4047.0,26,5,4047.2,17,2
11483,2026-07-02 09:53:10+05:30,4045.0,18,4065.38,293324,93302.0,133113.0,4100.0,4110.0,4045.0,4092.6,22299375,4501.8,3683.4,4440.0,3288.1,4045.0,1587,87,4044.9,15,2,4044.8,1,1,4044.7,3,1,4044.6,65,7,4046.0,244,6,4046.8,25,1,4046.9,8,3,4047.0,26,5,4047.2,17,2
11483,2026-07-02 09:53:10+05:30,4045.0,2,4065.38,293351,93211.0,133195.0,4100.0,4110.0,4045.0,4092.6,22299375,4501.8,3683.4,4440.0,3288.1,4045.0,1560,87,4044.9,15,2,4044.8,1,1,4044.6,28,5,4044.5,66,3,4046.0,265,8,4046.8,35,2,4046.9,8,3,4047.0,40,6,4047.2,70,3
11483,2026-07-02 09:53:10+05:30,4045.0,1,4065.38,293351,93211.0,133195.0,4100.0,4110.0,4045.0,4092.6,22299375,4501.8,3683.4,4440.0,3288.1,4045.0,1560,87,4044.9,15,2,4044.8,1,1,4044.6,28,5,4044.5,66,3,4046.0,265,8,4046.8,35,2,4046.9,8,3,4047.0,40,6,4047.2,70,3
11483,2026-07-02 09:53:10+05:30,4045.0,1,4065.38,293351,93211.0,133195.0,4100.0,4110.0,4045.0,4092.6,22299375,4501.8,3683.4,4440.0,3288.1,4045.0,1560,87,4044.9,15,2,4044.8,1,1,4044.6,28,5,4044.5,66,3,4046.0,265,8,4046.8,35,2,4046.9,8,3,4047.0,40,6,4047.2,70,3
11483,2026-07-02 09:53:11+05:30,4045.0,1,4065.38,293351,93211.0,133195.0,4100.0,4110.0,4045.0,4092.6,22299375,4501.8,3683.4,4440.0,3288.1,4045.0,1560,87,4044.9,15,2,4044.8,1,1,4044.6,28,5,4044.5,66,3,4046.0,265,8,4046.8,35,2,4046.9,8,3,4047.0,40,6,4047.2,70,3
11483,2026-07-02 09:53:11+05:30,4046.0,1,4065.37,293398,93318.0,132941.0,4100.0,4110.0,4045.0,4092.6,22299375,4501.8,3683.4,4440.0,3288.1,4045.0,1568,88,4044.9,15,2,4044.8,1,1,4044.6,78,8,4044.5,66,3,4046.0,221,9,4046.8,25,1,4046.9,3,2,4047.0,40,6,4047.2,17,2
11483,2026-07-02 09:53:11+05:30,4046.0,1,4065.37,293398,93318.0,132941.0,4100.0,4110.0,4045.0,4092.6,22299375,4501.8,3683.4,4440.0,3288.1,4045.0,1568,88,4044.9,15,2,4044.8,1,1,4044.6,78,8,4044.5,66,3,4046.0,221,9,4046.8,25,1,4046.9,3,2,4047.0,40,6,4047.2,17,2
11483,2026-07-02 09:53:11+05:30,4046.0,1,4065.37,293398,93318.0,132941.0,4100.0,4110.0,4045.0,4092.6,22299375,4501.8,3683.4,4440.0,3288.1,4045.0,1568,88,4044.9,15,2,4044.8,1,1,4044.6,78,8,4044.5,66,3,4046.0,221,9,4046.8,25,1,4046.9,3,2,4047.0,40,6,4047.2,17,2
11483,2026-07-02 09:53:12+05:30,4046.0,1,4065.37,293398,93318.0,132941.0,4100.0,4110.0,4045.0,4092.6,22299375,4501.8,3683.4,4440.0,3288.1,4045.0,1568,88,4044.9,15,2,4044.8,1,1,4044.6,78,8,4044.5,66,3,4046.0,221,9,4046.8,25,1,4046.9,3,2,4047.0,40,6,4047.2,17,2
11483,2026-07-02 09:53:12+05:30,4046.0,50,4065.37,293398,93318.0,132941.0,4100.0,4110.0,4045.0,4092.6,22299375,4501.8,3683.4,4440.0,3288.1,4045.0,1568,88,4044.9,15,2,4044.8,1,1,4044.6,78,8,4044.5,66,3,4046.0,221,9,4046.8,25,1,4046.9,3,2,4047.0,40,6,4047.2,17,2
11483,2026-07-02 09:53:12+05:30,4046.0,50,4065.37,293398,93318.0,132941.0,4100.0,4110.0,4045.0,4092.6,22299375,4501.8,3683.4,4440.0,3288.1,4045.0,1568,88,4044.9,15,2,4044.8,1,1,4044.6,78,8,4044.5,66,3,4046.0,221,9,4046.8,25,1,4046.9,3,2,4047.0,40,6,4047.2,17,2
11483,2026-07-02 09:53:12+05:30,4046.0,50,4065.37,293451,93321.0,133072.0,4100.0,4110.0,4045.0,4092.6,22299375,4501.8,3683.4,4440.0,3288.1,4045.1,40,1,4045.0,1525,87,4044.9,15,2,4044.8,1,1,4044.6,38,6,4046.0,172,9,4046.8,25,1,4046.9,13,3,4047.0,40,6,4047.2,46,3
11483,2026-07-02 09:53:12+05:30,4046.0,50,4065.37,293451,93321.0,133072.0,4100.0,4110.0,4045.0,4092.6,22299375,4501.8,3683.4,4440.0,3288.1,4045.1,40,1,4045.0,1525,87,4044.9,15,2,4044.8,1,1,4044.6,38,6,4046.0,172,9,4046.8,25,1,4046.9,13,3,4047.0,40,6,4047.2,46,3
11483,2026-07-02 09:53:12+05:30,4046.0,50,4065.37,293451,93321.0,133072.0,4100.0,4110.0,4045.0,4092.6,22327375,4501.8,3683.4,4440.0,3288.1,4045.1,40,1,4045.0,1525,87,4044.9,15,2,4044.8,1,1,4044.6,38,6,4046.0,172,9,4046.8,25,1,4046.9,13,3,4047.0,40,6,4047.2,46,3
11483,2026-07-02 09:53:13+05:30,4046.0,50,4065.37,293451,93321.0,133072.0,4100.0,4110.0,4045.0,4092.6,22327375,4501.8,3683.4,4440.0,3288.1,4045.1,40,1,4045.0,1525,87,4044.9,15,2,4044.8,1,1,4044.6,38,6,4046.0,172,9,4046.8,25,1,4046.9,13,3,4047.0,40,6,4047.2,46,3
11483,2026-07-02 09:53:13+05:30,4045.1,11,4065.37,293451,93321.0,133072.0,4100.0,4110.0,4045.0,4092.6,22327375,4501.8,3683.4,4440.0,3288.1,4045.1,40,1,4045.0,1525,87,4044.9,15,2,4044.8,1,1,4044.6,38,6,4046.0,172,9,4046.8,25,1,4046.9,13,3,4047.0,40,6,4047.2,46,3
11483,2026-07-02 09:53:13+05:30,4045.1,11,4065.37,293451,93321.0,133072.0,4100.0,4110.0,4045.0,4092.6,22327375,4501.8,3683.4,4440.0,3288.1,4045.1,40,1,4045.0,1525,87,4044.9,15,2,4044.8,1,1,4044.6,38,6,4046.0,172,9,4046.8,25,1,4046.9,13,3,4047.0,40,6,4047.2,46,3
11483,2026-07-02 09:53:13+05:30,4045.1,11,4065.37,293512,92908.0,133601.0,4100.0,4110.0,4045.0,4092.6,22327375,4501.8,3683.4,4440.0,3288.1,4045.0,1515,87,4044.9,1,1,4044.8,1,1,4044.7,5,1,4044.6,13,3,4045.1,120,3,4046.0,174,11,4046.5,85,2,4046.8,40,3,4046.9,19,4
11483,2026-07-02 09:53:13+05:30,4045.1,11,4065.37,293512,92908.0,133601.0,4100.0,4110.0,4045.0,4092.6,22327375,4501.8,3683.4,4440.0,3288.1,4045.0,1515,87,4044.9,1,1,4044.8,1,1,4044.7,5,1,4044.6,13,3,4045.1,120,3,4046.0,174,11,4046.5,85,2,4046.8,40,3,4046.9,19,4
11483,2026-07-02 09:53:14+05:30,4045.1,11,4065.37,293512,92908.0,133601.0,4100.0,4110.0,4045.0,4092.6,22327375,4501.8,3683.4,4440.0,3288.1,4045.0,1515,87,4044.9,1,1,4044.8,1,1,4044.7,5,1,4044.6,13,3,4045.1,120,3,4046.0,174,11,4046.5,85,2,4046.8,40,3,4046.9,19,4
11483,2026-07-02 09:53:14+05:30,4045.1,11,4065.37,293512,92933.0,133649.0,4100.0,4110.0,4045.0,4092.6,22327375,4501.8,3683.4,4440.0,3288.1,4045.0,1522,91,4044.9,4,2,4044.8,5,2,4044.7,5,1,4044.6,13,3,4045.1,120,3,4046.0,174,11,4046.5,85,2,4046.8,40,3,4046.9,19,4
11483,2026-07-02 09:53:14+05:30,4045.1,11,4065.37,293512,92933.0,133649.0,4100.0,4110.0,4045.0,4092.6,22327375,4501.8,3683.4,4440.0,3288.1,4045.0,1522,91,4044.9,4,2,4044.8,5,2,4044.7,5,1,4044.6,13,3,4045.1,120,3,4046.0,174,11,4046.5,85,2,4046.8,40,3,4046.9,19,4
11483,2026-07-02 09:53:15+05:30,4046.0,2,4065.37,293512,92933.0,133649.0,4100.0,4110.0,4045.0,4092.6,22327375,4501.8,3683.4,4440.0,3288.1,4045.0,1522,91,4044.9,4,2,4044.8,5,2,4044.7,5,1,4044.6,13,3,4045.1,120,3,4046.0,174,11,4046.5,85,2,4046.8,40,3,4046.9,19,4
11483,2026-07-02 09:53:15+05:30,4047.0,5,4065.34,293882,94720.0,131233.0,4100.0,4110.0,4045.0,4092.6,22327375,4501.8,3683.4,4440.0,3288.1,4046.3,71,4,4046.2,84,3,4046.1,60,5,4046.0,49,5,4045.9,56,5,4047.8,11,1,4047.9,12,2,4048.0,29,3,4048.4,41,2,4048.6,84,2
11483,2026-07-02 09:53:16+05:30,4047.8,10,4065.34,293882,94720.0,131233.0,4100.0,4110.0,4045.0,4092.6,22327375,4501.8,3683.4,4440.0,3288.1,4046.3,71,4,4046.2,84,3,4046.1,60,5,4046.0,49,5,4045.9,56,5,4047.8,11,1,4047.9,12,2,4048.0,29,3,4048.4,41,2,4048.6,84,2
11483,2026-07-02 09:53:16+05:30,4047.8,10,4065.34,293904,94877.0,131048.0,4100.0,4110.0,4045.0,4092.6,22327375,4501.8,3683.4,4440.0,3288.1,4047.5,2,2,4046.4,107,2,4046.3,36,2,4046.2,23,2,4046.1,52,4,4047.8,3,3,4048.0,40,4,4048.4,20,1,4048.7,10,1,4048.9,43,3
11483,2026-07-02 09:53:17+05:30,4048.4,18,4065.34,293904,94877.0,131048.0,4100.0,4110.0,4045.0,4092.6,22327375,4501.8,3683.4,4440.0,3288.1,4047.5,2,2,4046.4,107,2,4046.3,36,2,4046.2,23,2,4046.1,52,4,4047.8,3,3,4048.0,40,4,4048.4,20,1,4048.7,10,1,4048.9,43,3
11483,2026-07-02 09:53:17+05:30,4048.4,18,4065.34,293966,95327.0,130553.0,4100.0,4110.0,4045.0,4092.6,22327375,4501.8,3683.4,4440.0,3288.1,4047.5,19,4,4047.2,16,1,4047.1,3,1,4047.0,19,1,4046.9,26,1,4048.4,4,3,4048.9,20,1,4049.0,9,2,4049.3,4,2,4049.4,50,4
11483,2026-07-02 09:53:18+05:30,4047.5,3,4065.34,293966,95327.0,130553.0,4100.0,4110.0,4045.0,4092.6,22327375,4501.8,3683.4,4440.0,3288.1,4047.5,19,4,4047.2,16,1,4047.1,3,1,4047.0,19,1,4046.9,26,1,4048.4,4,3,4048.9,20,1,4049.0,9,2,4049.3,4,2,4049.4,50,4
11483,2026-07-02 09:53:18+05:30,4047.5,3,4065.33,294000,95532.0,130189.0,4100.0,4110.0,4045.0,4092.6,22327375,4501.8,3683.4,4440.0,3288.1,4047.5,21,4,4047.1,77,3,4047.0,40,2,4046.9,9,2,4046.8,5,1,4048.8,35,2,4049.0,9,2,4049.3,2,1,4049.4,20,1,4049.5,11,1
11483,2026-07-02 09:53:19+05:30,4048.8,5,4065.33,294000,95532.0,130189.0,4100.0,4110.0,4045.0,4092.6,22327375,4501.8,3683.4,4440.0,3288.1,4047.5,21,4,4047.1,77,3,4047.0,40,2,4046.9,9,2,4046.8,5,1,4048.8,35,2,4049.0,9,2,4049.3,2,1,4049.4,20,1,4049.5,11,1
11483,2026-07-02 09:53:19+05:30,4048.8,5,4065.33,294005,95605.0,130232.0,4100.0,4110.0,4045.0,4092.6,22327375,4501.8,3683.4,4440.0,3288.1,4047.5,21,4,4047.1,27,2,4047.0,40,2,4046.9,19,3,4046.8,5,1,4048.8,31,3,4049.0,9,2,4049.3,2,1,4049.4,46,2,4049.5,17,2
11483,2026-07-02 09:53:20+05:30,4049.0,2,4065.33,294005,95605.0,130232.0,4100.0,4110.0,4045.0,4092.6,22327375,4501.8,3683.4,4440.0,3288.1,4047.5,21,4,4047.1,27,2,4047.0,40,2,4046.9,19,3,4046.8,5,1,4048.8,31,3,4049.0,9,2,4049.3,2,1,4049.4,46,2,4049.5,17,2
11483,2026-07-02 09:53:20+05:30,4049.0,3,4065.33,294084,95939.0,130382.0,4100.0,4110.0,4045.0,4092.6,22327375,4501.8,3683.4,4440.0,3288.1,4047.5,19,4,4047.2,19,1,4047.1,65,3,4047.0,40,2,4046.9,15,2,4049.0,18,4,4049.3,20,2,4049.4,32,2,4049.5,11,1,4049.6,35,4
11483,2026-07-02 09:53:21+05:30,4049.0,2,4065.33,294084,95939.0,130382.0,4100.0,4110.0,4045.0,4092.6,22327375,4501.8,3683.4,4440.0,3288.1,4047.5,19,4,4047.2,19,1,4047.1,65,3,4047.0,40,2,4046.9,15,2,4049.0,18,4,4049.3,20,2,4049.4,32,2,4049.5,11,1,4049.6,35,4
11483,2026-07-02 09:53:21+05:30,4049.0,2,4065.33,294086,96007.0,130377.0,4100.0,4110.0,4045.0,4092.6,22327375,4501.8,3683.4,4440.0,3288.1,4047.5,19,4,4047.2,19,1,4047.1,65,3,4047.0,40,2,4046.9,15,2,4049.0,16,4,4049.3,20,2,4049.4,21,1,4049.5,11,1,4049.6,35,4
11483,2026-07-02 09:53:22+05:30,4049.0,2,4065.33,294086,96780.0,130274.0,4100.0,4110.0,4045.0,4092.6,22327375,4501.8,3683.4,4440.0,3288.1,4047.5,16,3,4047.2,34,2,4047.1,44,3,4047.0,65,3,4046.9,15,2,4049.0,12,3,4049.3,20,2,4049.4,8,1,4049.5,11,1,4049.6,29,3
11483,2026-07-02 09:53:23+05:30,4047.5,7,4065.33,294086,96780.0,130274.0,4100.0,4110.0,4045.0,4092.6,22327375,4501.8,3683.4,4440.0,3288.1,4047.5,16,3,4047.2,34,2,4047.1,44,3,4047.0,65,3,4046.9,15,2,4049.0,12,3,4049.3,20,2,4049.4,8,1,4049.5,11,1,4049.6,29,3
11483,2026-07-02 09:53:24+05:30,4047.5,2,4065.32,294299,96329.0,130967.0,4100.0,4110.0,4045.0,4092.6,22327375,4501.8,3683.4,4440.0,3288.1,4046.8,26,3,4046.7,22,3,4046.6,14,2,4046.5,37,3,4046.4,8,1,4047.5,148,3,4048.0,19,2,4048.7,3,1,4048.8,22,2,4048.9,287,4
11483,2026-07-02 09:53:24+05:30,4047.5,2,4065.32,294299,96329.0,130967.0,4100.0,4110.0,4045.0,4092.6,22327375,4501.8,3683.4,4440.0,3288.1,4046.8,26,3,4046.7,22,3,4046.6,14,2,4046.5,37,3,4046.4,8,1,4047.5,148,3,4048.0,19,2,4048.7,3,1,4048.8,22,2,4048.9,287,4
11483,2026-07-02 09:53:25+05:30,4047.5,10,4065.32,294310,96266.0,131007.0,4100.0,4110.0,4045.0,4092.6,22327375,4501.8,3683.4,4440.0,3288.1,4046.8,15,2,4046.7,11,2,4046.6,14,2,4046.5,37,3,4046.4,8,1,4047.5,137,3,4048.0,19,2,4048.8,66,4,4048.9,287,4,4049.0,18,4
11483,2026-07-02 09:53:25+05:30,4047.5,4,4065.32,294310,96266.0,131007.0,4100.0,4110.0,4045.0,4092.6,22327375,4501.8,3683.4,4440.0,3288.1,4046.8,15,2,4046.7,11,2,4046.6,14,2,4046.5,37,3,4046.4,8,1,4047.5,137,3,4048.0,19,2,4048.8,66,4,4048.9,287,4,4049.0,18,4
11483,2026-07-02 09:53:26+05:30,4046.8,6,4065.31,294377,96252.0,131340.0,4100.0,4110.0,4045.0,4092.6,22327375,4501.8,3683.4,4440.0,3288.1,4046.8,10,1,4046.6,9,1,4046.5,12,2,4046.4,14,1,4046.3,112,4,4047.5,135,5,4048.0,19,2,4048.8,46,3,4048.9,293,5,4049.0,16,2
11483,2026-07-02 09:53:26+05:30,4047.5,8,4065.31,294377,96252.0,131340.0,4100.0,4110.0,4045.0,4092.6,22327375,4501.8,3683.4,4440.0,3288.1,4046.8,10,1,4046.6,9,1,4046.5,12,2,4046.4,14,1,4046.3,112,4,4047.5,135,5,4048.0,19,2,4048.8,46,3,4048.9,293,5,4049.0,16,2
11483,2026-07-02 09:53:27+05:30,4047.5,2,4065.31,294404,96391.0,131204.0,4100.0,4110.0,4045.0,4092.6,22327375,4501.8,3683.4,4440.0,3288.1,4046.8,29,3,4046.7,11,1,4046.6,12,2,4046.5,27,4,4046.4,13,2,4047.5,122,7,4048.7,8,1,4048.8,77,3,4048.9,287,4,4049.0,16,2
11483,2026-07-02 09:53:27+05:30,4047.5,2,4065.31,294404,96391.0,131204.0,4100.0,4110.0,4045.0,4092.6,22327375,4501.8,3683.4,4440.0,3288.1,4046.8,29,3,4046.7,11,1,4046.6,12,2,4046.5,27,4,4046.4,13,2,4047.5,122,7,4048.7,8,1,4048.8,77,3,4048.9,287,4,4049.0,16,2
11483,2026-07-02 09:53:28+05:30,4047.5,1,4065.31,294405,96341.0,131001.0,4100.0,4110.0,4045.0,4092.6,22327375,4501.8,3683.4,4440.0,3288.1,4046.5,24,3,4046.4,27,3,4046.3,128,5,4046.2,27,2,4046.1,83,6,4047.5,122,8,4048.7,8,1,4048.8,77,3,4048.9,287,4,4049.0,16,2
11483,2026-07-02 09:53:28+05:30,4046.5,2,4065.31,294405,96341.0,131001.0,4100.0,4110.0,4045.0,4092.6,22327375,4501.8,3683.4,4440.0,3288.1,4046.5,24,3,4046.4,27,3,4046.3,128,5,4046.2,27,2,4046.1,83,6,4047.5,122,8,4048.7,8,1,4048.8,77,3,4048.9,287,4,4049.0,16,2
11483,2026-07-02 09:53:29+05:30,4047.5,1,4065.31,294474,96490.0,131150.0,4100.0,4110.0,4045.0,4092.6,22327375,4501.8,3683.4,4440.0,3288.1,4046.8,11,1,4046.7,66,7,4046.6,35,4,4046.5,61,5,4046.4,24,3,4047.5,99,6,4048.7,33,2,4048.8,22,2,4048.9,165,3,4049.0,16,2
11483,2026-07-02 09:53:29+05:30,4047.5,1,4065.31,294474,96490.0,131150.0,4100.0,4110.0,4045.0,4092.6,22327375,4501.8,3683.4,4440.0,3288.1,4046.8,11,1,4046.7,66,7,4046.6,35,4,4046.5,61,5,4046.4,24,3,4047.5,99,6,4048.7,33,2,4048.8,22,2,4048.9,165,3,4049.0,16,2
11483,2026-07-02 09:53:30+05:30,4046.8,1,4065.3,294477,96626.0,131142.0,4100.0,4110.0,4045.0,4092.6,22327375,4501.8,3683.4,4440.0,3288.1,4046.9,46,5,4046.8,30,3,4046.7,48,5,4046.6,35,4,4046.5,49,4,4047.5,98,6,4048.7,33,2,4048.8,22,2,4048.9,165,3,4049.0,16,2
11483,2026-07-02 09:53:30+05:30,4047.5,25,4065.3,294477,96626.0,131142.0,4100.0,4110.0,4045.0,4092.6,22327375,4501.8,3683.4,4440.0,3288.1,4046.9,46,5,4046.8,30,3,4046.7,48,5,4046.6,35,4,4046.5,49,4,4047.5,98,6,4048.7,33,2,4048.8,22,2,4048.9,165,3,4049.0,16,2
11483,2026-07-02 09:53:31+05:30,4047.5,3,4065.3,294510,96494.0,131450.0,4100.0,4110.0,4045.0,4092.6,22327375,4501.8,3683.4,4440.0,3288.1,4046.8,10,1,4046.7,12,1,4046.6,20,2,4046.5,49,4,4046.4,12,2,4047.5,68,8,4048.0,14,1,4048.7,33,2,4048.8,22,2,4048.9,171,4
11483,2026-07-02 09:53:31+05:30,4047.5,3,4065.3,294510,96494.0,131450.0,4100.0,4110.0,4045.0,4092.6,22327375,4501.8,3683.4,4440.0,3288.1,4046.8,10,1,4046.7,12,1,4046.6,20,2,4046.5,49,4,4046.4,12,2,4047.5,68,8,4048.0,14,1,4048.7,33,2,4048.8,22,2,4048.9,171,4
11483,2026-07-02 09:53:32+05:30,4047.0,1,4065.3,294527,96349.0,131249.0,4100.0,4110.0,4045.0,4092.6,22327375,4501.8,3683.4,4440.0,3288.1,4046.7,31,3,4046.6,20,2,4046.5,59,4,4046.4,12,2,4046.3,110,4,4047.5,54,7,4048.7,8,1,4048.8,38,3,4048.9,165,3,4049.0,36,4
11483,2026-07-02 09:53:32+05:30,4047.0,1,4065.3,294527,96349.0,131249.0,4100.0,4110.0,4045.0,4092.6,22327375,4501.8,3683.4,4440.0,3288.1,4046.7,31,3,4046.6,20,2,4046.5,59,4,4046.4,12,2,4046.3,110,4,4047.5,54,7,4048.7,8,1,4048.8,38,3,4048.9,165,3,4049.0,36,4
11483,2026-07-02 09:53:33+05:30,4046.5,1,4065.3,294578,96412.0,131367.0,4100.0,4110.0,4045.0,4092.6,22327375,4501.8,3683.4,4440.0,3288.1,4047.0,10,1,4046.5,49,3,4046.4,12,2,4046.3,110,4,4046.2,40,3,4047.5,54,7,4048.7,34,2,4048.8,44,4,4048.9,165,3,4049.0,36,4
11483,2026-07-02 09:53:33+05:30,4047.0,6,4065.3,294578,96412.0,131367.0,4100.0,4110.0,4045.0,4092.6,22327375,4501.8,3683.4,4440.0,3288.1,4047.0,10,1,4046.5,49,3,4046.4,12,2,4046.3,110,4,4046.2,40,3,4047.5,54,7,4048.7,34,2,4048.8,44,4,4048.9,165,3,4049.0,36,4
11483,2026-07-02 09:53:34+05:30,4047.0,1,4065.29,294683,96369.0,130880.0,4100.0,4110.0,4045.0,4092.6,22327375,4501.8,3683.4,4440.0,3288.1,4046.7,15,1,4046.5,52,4,4046.4,64,2,4046.3,109,3,4046.2,5,1,4048.1,5,1,4048.2,7,1,4048.3,16,2,4048.4,16,2,4048.5,16,2
11483,2026-07-02 09:53:34+05:30,4047.0,1,4065.29,294683,96369.0,130880.0,4100.0,4110.0,4045.0,4092.6,22327375,4501.8,3683.4,4440.0,3288.1,4046.7,15,1,4046.5,52,4,4046.4,64,2,4046.3,109,3,4046.2,5,1,4048.1,5,1,4048.2,7,1,4048.3,16,2,4048.4,16,2,4048.5,16,2
11483,2026-07-02 09:53:35+05:30,4047.0,1,4065.29,294692,96184.0,131027.0,4100.0,4110.0,4045.0,4092.6,22327375,4501.8,3683.4,4440.0,3288.1,4047.0,3,1,4046.7,15,1,4046.6,3,1,4046.5,16,2,4046.4,63,2,4048.0,5,1,4048.1,5,1,4048.2,7,1,4048.3,13,1,4048.4,16,2
11483,2026-07-02 09:53:35+05:30,4047.0,1,4065.29,294692,96184.0,131027.0,4100.0,4110.0,4045.0,4092.6,22327375,4501.8,3683.4,4440.0,3288.1,4047.0,3,1,4046.7,15,1,4046.6,3,1,4046.5,16,2,4046.4,63,2,4048.0,5,1,4048.1,5,1,4048.2,7,1,4048.3,13,1,4048.4,16,2
11483,2026-07-02 09:53:36+05:30,4047.0,1,4065.29,294694,96243.0,130943.0,4100.0,4110.0,4045.0,4092.6,22327375,4501.8,3683.4,4440.0,3288.1,4047.0,1,1,4046.7,15,1,4046.5,16,2,4046.4,15,1,4046.3,93,2,4048.0,5,1,4048.1,5,1,4048.2,7,1,4048.3,13,1,4048.4,16,2
11483,2026-07-02 09:53:36+05:30,4047.0,1,4065.29,294694,96243.0,130943.0,4100.0,4110.0,4045.0,4092.6,22327375,4501.8,3683.4,4440.0,3288.1,4047.0,1,1,4046.7,15,1,4046.5,16,2,4046.4,15,1,4046.3,93,2,4048.0,5,1,4048.1,5,1,4048.2,7,1,4048.3,13,1,4048.4,16,2
11483,2026-07-02 09:53:37+05:30,4047.0,1,4065.29,294729,96355.0,130960.0,4100.0,4110.0,4045.0,4092.6,22327375,4501.8,3683.4,4440.0,3288.1,4047.0,4,1,4046.7,15,1,4046.5,16,2,4046.4,25,2,4046.3,93,2,4048.2,12,1,4048.3,14,4,4048.4,13,2,4048.5,28,2,4048.6,8,2
11483,2026-07-02 09:53:37+05:30,4047.0,2,4065.29,294729,96355.0,130960.0,4100.0,4110.0,4045.0,4092.6,22327375,4501.8,3683.4,4440.0,3288.1,4047.0,4,1,4046.7,15,1,4046.5,16,2,4046.4,25,2,4046.3,93,2,4048.2,12,1,4048.3,14,4,4048.4,13,2,4048.5,28,2,4048.6,8,2
11483,2026-07-02 09:53:38+05:30,4047.0,1,4065.29,294740,96338.0,130768.0,4100.0,4110.0,4045.0,4092.6,22327375,4501.8,3683.4,4440.0,3288.1,4047.0,4,1,4046.7,15,1,4046.5,29,3,4046.4,52,1,4046.3,93,2,4048.1,18,5,4048.2,15,1,4048.3,2,2,4048.4,18,2,4048.5,35,3
11483,2026-07-02 09:53:38+05:30,4047.0,1,4065.29,294740,96338.0,130768.0,4100.0,4110.0,4045.0,4092.6,22327375,4501.8,3683.4,4440.0,3288.1,4047.0,4,1,4046.7,15,1,4046.5,29,3,4046.4,52,1,4046.3,93,2,4048.1,18,5,4048.2,15,1,4048.3,2,2,4048.4,18,2,4048.5,35,3
11483,2026-07-02 09:53:39+05:30,4047.0,1,4065.29,294743,96465.0,130895.0,4100.0,4110.0,4045.0,4092.6,22327375,4501.8,3683.4,4440.0,3288.1,4047.0,27,3,4046.7,15,1,4046.6,3,1,4046.5,16,2,4046.4,62,2,4048.1,11,4,4048.2,15,1,4048.3,2,2,4048.4,18,2,4048.5,35,3
11483,2026-07-02 09:53:39+05:30,4047.0,1,4065.29,294743,96465.0,130895.0,4100.0,4110.0,4045.0,4092.6,22327375,4501.8,3683.4,4440.0,3288.1,4047.0,27,3,4046.7,15,1,4046.6,3,1,4046.5,16,2,4046.4,62,2,4048.1,11,4,4048.2,15,1,4048.3,2,2,4048.4,18,2,4048.5,35,3
11483,2026-07-02 09:53:40+05:30,4047.0,1,4065.29,294744,96423.0,130883.0,4100.0,4110.0,4045.0,4092.6,22327375,4501.8,3683.4,4440.0,3288.1,4047.0,30,3,4046.7,15,1,4046.6,3,1,4046.5,26,3,4046.4,62,2,4048.1,11,4,4048.2,15,1,4048.3,2,2,4048.4,18,2,4048.5,35,3
11483,2026-07-02 09:53:40+05:30,4047.0,1,4065.29,294744,96423.0,130883.0,4100.0,4110.0,4045.0,4092.6,22327375,4501.8,3683.4,4440.0,3288.1,4047.0,30,3,4046.7,15,1,4046.6,3,1,4046.5,26,3,4046.4,62,2,4048.1,11,4,4048.2,15,1,4048.3,2,2,4048.4,18,2,4048.5,35,3
11483,2026-07-02 09:53:41+05:30,4047.0,1,4065.29,294746,96486.0,130826.0,4100.0,4110.0,4045.0,4092.6,22327375,4501.8,3683.4,4440.0,3288.1,4047.0,28,2,4046.7,15,1,4046.6,24,2,4046.5,126,4,4046.3,93,2,4048.1,11,4,4048.2,15,1,4048.3,2,2,4048.4,18,2,4048.5,35,3
11483,2026-07-02 09:53:41+05:30,4047.0,1,4065.29,294746,96486.0,130826.0,4100.0,4110.0,4045.0,4092.6,22327375,4501.8,3683.4,4440.0,3288.1,4047.0,28,2,4046.7,15,1,4046.6,24,2,4046.5,126,4,4046.3,93,2,4048.1,11,4,4048.2,15,1,4048.3,2,2,4048.4,18,2,4048.5,35,3
11483,2026-07-02 09:53:42+05:30,4047.0,8,4065.29,294746,96486.0,130826.0,4100.0,4110.0,4045.0,4092.6,22327375,4501.8,3683.4,4440.0,3288.1,4047.0,28,2,4046.7,15,1,4046.6,24,2,4046.5,126,4,4046.3,93,2,4048.1,11,4,4048.2,15,1,4048.3,2,2,4048.4,18,2,4048.5,35,3
11483,2026-07-02 09:53:42+05:30,4047.0,8,4065.28,294852,96539.0,131501.0,4100.0,4110.0,4045.0,4092.6,22327375,4501.8,3683.4,4440.0,3288.1,4046.5,127,5,4046.3,99,3,4046.1,39,3,4046.0,93,7,4045.9,13,2,4047.0,32,1,4048.0,6,1,4048.1,4,2,4048.4,3,1,4048.5,45,3
11483,2026-07-02 09:53:43+05:30,4046.5,1,4065.28,294852,96539.0,131501.0,4100.0,4110.0,4045.0,4092.6,22327375,4501.8,3683.4,4440.0,3288.1,4046.5,127,5,4046.3,99,3,4046.1,39,3,4046.0,93,7,4045.9,13,2,4047.0,32,1,4048.0,6,1,4048.1,4,2,4048.4,3,1,4048.5,45,3
11483,2026-07-02 09:53:43+05:30,4047.0,5,4065.28,294875,96384.0,131591.0,4100.0,4110.0,4045.0,4092.6,22327375,4501.8,3683.4,4440.0,3288.1,4046.5,101,2,4046.3,93,2,4046.1,39,3,4046.0,69,6,4045.9,13,2,4047.0,29,5,4048.0,15,2,4048.4,51,2,4048.5,55,4,4048.6,8,2
11483,2026-07-02 09:53:44+05:30,4045.0,1,4065.28,294875,96384.0,131591.0,4100.0,4110.0,4045.0,4092.6,22327375,4501.8,3683.4,4440.0,3288.1,4046.5,101,2,4046.3,93,2,4046.1,39,3,4046.0,69,6,4045.9,13,2,4047.0,29,5,4048.0,15,2,4048.4,51,2,4048.5,55,4,4048.6,8,2
11483,2026-07-02 09:53:44+05:30,4045.0,1,4065.22,295788,93834.0,132313.0,4100.0,4110.0,4045.0,4092.6,22327375,4501.8,3683.4,4440.0,3288.1,4045.0,1038,59,4044.9,1,1,4044.8,1,1,4044.6,6,2,4044.5,1,1,4046.0,50,6,4046.1,13,2,4046.2,25,3,4046.3,57,6,4046.4,34,5
11483,2026-07-02 09:53:45+05:30,4046.3,15,4065.22,295788,93834.0,132313.0,4100.0,4110.0,4045.0,4092.6,22327375,4501.8,3683.4,4440.0,3288.1,4045.0,1038,59,4044.9,1,1,4044.8,1,1,4044.6,6,2,4044.5,1,1,4046.0,50,6,4046.1,13,2,4046.2,25,3,4046.3,57,6,4046.4,34,5
11483,2026-07-02 09:53:45+05:30,4046.3,15,4065.2,296099,94152.0,132024.0,4100.0,4110.0,4045.0,4092.6,22327375,4501.8,3683.4,4440.0,3288.1,4045.0,882,50,4044.9,11,2,4044.8,1,1,4044.6,6,2,4044.5,1,1,4046.4,8,1,4046.5,21,3,4046.6,24,1,4046.7,8,1,4046.9,11,2
11483,2026-07-02 09:53:46+05:30,4046.3,1,4065.2,296099,94152.0,132024.0,4100.0,4110.0,4045.0,4092.6,22327375,4501.8,3683.4,4440.0,3288.1,4045.0,882,50,4044.9,11,2,4044.8,1,1,4044.6,6,2,4044.5,1,1,4046.4,8,1,4046.5,21,3,4046.6,24,1,4046.7,8,1,4046.9,11,2
11483,2026-07-02 09:53:46+05:30,4046.3,1,4065.2,296115,94160.0,132124.0,4100.0,4110.0,4045.0,4092.6,22327375,4501.8,3683.4,4440.0,3288.1,4045.0,879,49,4044.9,11,2,4044.8,1,1,4044.6,16,3,4044.5,1,1,4046.3,82,8,4046.4,8,1,4046.5,43,3,4046.6,16,1,4046.7,8,1
11483,2026-07-02 09:53:47+05:30,4045.0,3,4065.2,296115,94160.0,132124.0,4100.0,4110.0,4045.0,4092.6,22327375,4501.8,3683.4,4440.0,3288.1,4045.0,879,49,4044.9,11,2,4044.8,1,1,4044.6,16,3,4044.5,1,1,4046.3,82,8,4046.4,8,1,4046.5,43,3,4046.6,16,1,4046.7,8,1
11483,2026-07-02 09:53:47+05:30,4045.0,5,4065.19,296168,94221.0,132132.0,4100.0,4110.0,4045.0,4092.6,22327375,4501.8,3683.4,4440.0,3288.1,4045.0,828,43,4044.9,11,2,4044.8,1,1,4044.6,38,4,4044.5,4,2,4046.3,60,6,4046.4,8,1,4046.5,19,2,4046.6,16,1,4046.7,8,1
11483,2026-07-02 09:53:48+05:30,4045.0,3,4065.19,296168,94221.0,132132.0,4100.0,4110.0,4045.0,4092.6,22327375,4501.8,3683.4,4440.0,3288.1,4045.0,828,43,4044.9,11,2,4044.8,1,1,4044.6,38,4,4044.5,4,2,4046.3,60,6,4046.4,8,1,4046.5,19,2,4046.6,16,1,4046.7,8,1
11483,2026-07-02 09:53:48+05:30,4045.0,3,4065.19,296200,94531.0,132160.0,4100.0,4110.0,4045.0,4092.6,22327375,4501.8,3683.4,4440.0,3288.1,4045.0,819,43,4044.9,30,5,4044.8,25,2,4044.7,24,1,4044.6,49,6,4046.3,40,4,4046.5,11,1,4046.9,7,2,4047.0,4,4,4047.1,26,2
11483,2026-07-02 09:53:49+05:30,4045.0,10,4065.19,296200,94531.0,132160.0,4100.0,4110.0,4045.0,4092.6,22327375,4501.8,3683.4,4440.0,3288.1,4045.0,819,43,4044.9,30,5,4044.8,25,2,4044.7,24,1,4044.6,49,6,4046.3,40,4,4046.5,11,1,4046.9,7,2,4047.0,4,4,4047.1,26,2
11483,2026-07-02 09:53:49+05:30,4045.0,10,4065.19,296233,95030.0,132188.0,4100.0,4110.0,4045.0,4092.6,22327375,4501.8,3683.4,4440.0,3288.1,4045.0,818,44,4044.9,25,4,4044.8,25,2,4044.7,3,1,4044.6,49,6,4046.3,37,6,4046.5,11,1,4046.9,7,2,4047.1,26,2,4047.2,32,2
11483,2026-07-02 09:53:50+05:30,4046.3,13,4065.19,296233,95030.0,132188.0,4100.0,4110.0,4045.0,4092.6,22327375,4501.8,3683.4,4440.0,3288.1,4045.0,818,44,4044.9,25,4,4044.8,25,2,4044.7,3,1,4044.6,49,6,4046.3,37,6,4046.5,11,1,4046.9,7,2,4047.1,26,2,4047.2,32,2
11483,2026-07-02 09:53:50+05:30,4046.3,13,4065.19,296286,95091.0,132192.0,4100.0,4110.0,4045.0,4092.6,22327375,4501.8,3683.4,4440.0,3288.1,4045.0,836,46,4044.9,25,4,4044.8,38,3,4044.7,24,1,4044.6,49,6,4046.3,36,4,4046.5,11,1,4046.9,7,2,4047.1,20,1,4047.2,32,2
11483,2026-07-02 09:53:51+05:30,4045.0,21,4065.19,296286,95091.0,132192.0,4100.0,4110.0,4045.0,4092.6,22327375,4501.8,3683.4,4440.0,3288.1,4045.0,836,46,4044.9,25,4,4044.8,38,3,4044.7,24,1,4044.6,49,6,4046.3,36,4,4046.5,11,1,4046.9,7,2,4047.1,20,1,4047.2,32,2
11483,2026-07-02 09:53:51+05:30,4045.0,21,4065.17,296503,94611.0,132249.0,4100.0,4110.0,4045.0,4092.6,22327375,4501.8,3683.4,4440.0,3288.1,4045.0,609,43,4044.9,11,2,4044.8,25,2,4044.6,38,4,4044.5,4,2,4046.3,34,4,4046.5,11,1,4046.7,5,1,4046.9,22,3,4047.1,20,1
11483,2026-07-02 09:53:52+05:30,4046.3,1,4065.17,296503,94611.0,132249.0,4100.0,4110.0,4045.0,4092.6,22327375,4501.8,3683.4,4440.0,3288.1,4045.0,609,43,4044.9,11,2,4044.8,25,2,4044.6,38,4,4044.5,4,2,4046.3,34,4,4046.5,11,1,4046.7,5,1,4046.9,22,3,4047.1,20,1
11483,2026-07-02 09:53:52+05:30,4046.3,1,4065.17,296509,94619.0,132289.0,4100.0,4110.0,4045.0,4092.6,22327375,4501.8,3683.4,4440.0,3288.1,4045.0,605,43,4044.9,11,2,4044.8,1,1,4044.6,16,3,4044.5,1,1,4046.3,73,9,4046.5,34,2,4046.6,16,1,4046.7,13,2,4046.9,76,4
11483,2026-07-02 09:53:53+05:30,4046.0,5,4065.17,296509,94619.0,132289.0,4100.0,4110.0,4045.0,4092.6,22327375,4501.8,3683.4,4440.0,3288.1,4045.0,605,43,4044.9,11,2,4044.8,1,1,4044.6,16,3,4044.5,1,1,4046.3,73,9,4046.5,34,2,4046.6,16,1,4046.7,13,2,4046.9,76,4
11483,2026-07-02 09:53:53+05:30,4046.0,5,4065.16,296655,95011.0,132226.0,4100.0,4110.0,4045.0,4092.6,22327375,4501.8,3683.4,4440.0,3288.1,4045.0,606,44,4044.9,1,1,4044.8,1,1,4044.7,32,2,4044.6,29,4,4046.0,73,3,4046.3,44,1,4046.9,8,1,4047.1,3,1,4047.2,63,1
11483,2026-07-02 09:53:54+05:30,4046.0,1,4065.16,296655,95011.0,132226.0,4100.0,4110.0,4045.0,4092.6,22327375,4501.8,3683.4,4440.0,3288.1,4045.0,606,44,4044.9,1,1,4044.8,1,1,4044.7,32,2,4044.6,29,4,4046.0,73,3,4046.3,44,1,4046.9,8,1,4047.1,3,1,4047.2,63,1
11483,2026-07-02 09:53:54+05:30,4046.0,1,4065.16,296661,94838.0,132469.0,4100.0,4110.0,4045.0,4092.6,22327375,4501.8,3683.4,4440.0,3288.1,4045.0,619,45,4044.9,23,3,4044.8,17,2,4044.7,17,1,4044.6,45,5,4046.0,74,5,4046.3,44,1,4046.7,5,1,4047.1,5,1,4047.3,22,3
11483,2026-07-02 09:53:55+05:30,4046.7,4,4065.16,296661,94838.0,132469.0,4100.0,4110.0,4045.0,4092.6,22327375,4501.8,3683.4,4440.0,3288.1,4045.0,619,45,4044.9,23,3,4044.8,17,2,4044.7,17,1,4044.6,45,5,4046.0,74,5,4046.3,44,1,4046.7,5,1,4047.1,5,1,4047.3,22,3
11483,2026-07-02 09:53:55+05:30,4046.7,4,4065.15,296910,95318.0,131968.0,4100.0,4110.0,4045.0,4092.6,22327375,4501.8,3683.4,4440.0,3288.1,4045.2,35,2,4045.1,26,2,4045.0,634,46,4044.9,33,4,4044.8,40,3,4046.3,45,1,4046.7,31,2,4047.0,10,1,4047.1,12,1,4047.3,62,6
11483,2026-07-02 09:53:56+05:30,4046.1,1,4065.15,296910,95318.0,131968.0,4100.0,4110.0,4045.0,4092.6,22327375,4501.8,3683.4,4440.0,3288.1,4045.2,35,2,4045.1,26,2,4045.0,634,46,4044.9,33,4,4044.8,40,3,4046.3,45,1,4046.7,31,2,4047.0,10,1,4047.1,12,1,4047.3,62,6
11483,2026-07-02 09:53:56+05:30,4046.1,1,4065.14,296987,95442.0,132148.0,4100.0,4110.0,4045.0,4092.6,22327375,4501.8,3683.4,4440.0,3288.1,4046.1,1,1,4045.1,40,2,4045.0,607,45,4044.9,28,3,4044.8,32,3,4046.3,44,1,4046.7,33,4,4047.0,10,1,4047.1,12,1,4047.3,84,8
11483,2026-07-02 09:53:57+05:30,4046.3,1,4065.14,296987,95442.0,132148.0,4100.0,4110.0,4045.0,4092.6,22327375,4501.8,3683.4,4440.0,3288.1,4046.1,1,1,4045.1,40,2,4045.0,607,45,4044.9,28,3,4044.8,32,3,4046.3,44,1,4046.7,33,4,4047.0,10,1,4047.1,12,1,4047.3,84,8
11483,2026-07-02 09:53:57+05:30,4046.3,1,4065.14,296989,95455.0,132338.0,4100.0,4110.0,4045.0,4092.6,22327375,4501.8,3683.4,4440.0,3288.1,4046.1,1,1,4045.1,40,2,4045.0,615,46,4044.9,28,3,4044.8,32,3,4046.3,44,2,4046.7,33,4,4047.0,10,1,4047.1,12,1,4047.3,74,7
11483,2026-07-02 09:53:58+05:30,4046.3,1,4065.14,296989,95455.0,132338.0,4100.0,4110.0,4045.0,4092.6,22327375,4501.8,3683.4,4440.0,3288.1,4046.1,1,1,4045.1,40,2,4045.0,615,46,4044.9,28,3,4044.8,32,3,4046.3,44,2,4046.7,33,4,4047.0,10,1,4047.1,12,1,4047.3,74,7
11483,2026-07-02 09:53:58+05:30,4046.3,1,4065.14,296990,95461.0,132583.0,4100.0,4110.0,4045.0,4092.6,22327375,4501.8,3683.4,4440.0,3288.1,4046.1,1,1,4045.1,40,2,4045.0,607,45,4044.9,28,3,4044.8,32,3,4046.3,43,2,4046.7,33,4,4047.0,10,1,4047.1,20,2,4047.3,74,7
11483,2026-07-02 09:53:59+05:30,4046.3,1,4065.14,296990,95461.0,132583.0,4100.0,4110.0,4045.0,4092.6,22327375,4501.8,3683.4,4440.0,3288.1,4046.1,1,1,4045.1,40,2,4045.0,607,45,4044.9,28,3,4044.8,32,3,4046.3,43,2,4046.7,33,4,4047.0,10,1,4047.1,20,2,4047.3,74,7
11483,2026-07-02 09:53:59+05:30,4046.3,1,4065.14,296991,95479.0,132621.0,4100.0,4110.0,4045.0,4092.6,22327375,4501.8,3683.4,4440.0,3288.1,4046.1,1,1,4046.0,1,1,4045.2,1,1,4045.1,40,2,4045.0,611,46,4046.3,42,2,4046.7,33,4,4047.1,12,1,4047.3,56,5,4047.4,21,2
11483,2026-07-02 09:54:00+05:30,4046.3,1,4065.14,296991,95479.0,132621.0,4100.0,4110.0,4045.0,4092.6,22327375,4501.8,3683.4,4440.0,3288.1,4046.1,1,1,4046.0,1,1,4045.2,1,1,4045.1,40,2,4045.0,611,46,4046.3,42,2,4046.7,33,4,4047.1,12,1,4047.3,56,5,4047.4,21,2
11483,2026-07-02 09:54:00+05:30,4046.3,1,4065.14,297004,95604.0,133029.0,4100.0,4110.0,4045.0,4092.6,22327375,4501.8,3683.4,4440.0,3288.1,4046.0,1,1,4045.3,39,1,4045.2,40,2,4045.1,1,1,4045.0,603,45,4046.3,37,4,4046.7,7,1,4047.1,12,1,4047.3,44,5,4047.4,27,3
11483,2026-07-02 09:54:01+05:30,4046.3,1,4065.14,297004,95604.0,133029.0,4100.0,4110.0,4045.0,4092.6,22327375,4501.8,3683.4,4440.0,3288.1,4046.0,1,1,4045.3,39,1,4045.2,40,2,4045.1,1,1,4045.0,603,45,4046.3,37,4,4046.7,7,1,4047.1,12,1,4047.3,44,5,4047.4,27,3
11483,2026-07-02 09:54:01+05:30,4046.3,1,4065.14,297005,95631.0,133102.0,4100.0,4110.0,4045.0,4092.6,22327375,4501.8,3683.4,4440.0,3288.1,4046.0,1,1,4045.3,63,2,4045.2,40,2,4045.1,1,1,4045.0,603,45,4046.3,37,5,4046.7,7,1,4047.1,12,1,4047.3,36,4,4047.4,21,2
11483,2026-07-02 09:54:02+05:30,4046.3,1,4065.14,297005,95631.0,133102.0,4100.0,4110.0,4045.0,4092.6,22327375,4501.8,3683.4,4440.0,3288.1,4046.0,1,1,4045.3,63,2,4045.2,40,2,4045.1,1,1,4045.0,603,45,4046.3,37,5,4046.7,7,1,4047.1,12,1,4047.3,36,4,4047.4,21,2
11483,2026-07-02 09:54:02+05:30,4046.3,1,4065.14,297020,95688.0,133024.0,4100.0,4110.0,4045.0,4092.6,22327375,4501.8,3683.4,4440.0,3288.1,4045.4,23,1,4045.3,56,6,4045.2,18,3,4045.1,81,4,4045.0,603,45,4046.3,22,4,4046.7,7,1,4047.1,12,1,4047.3,36,4,4047.4,21,2
11483,2026-07-02 09:54:03+05:30,4046.3,1,4065.14,297020,95688.0,133024.0,4100.0,4110.0,4045.0,4092.6,22327375,4501.8,3683.4,4440.0,3288.1,4045.4,23,1,4045.3,56,6,4045.2,18,3,4045.1,81,4,4045.0,603,45,4046.3,22,4,4046.7,7,1,4047.1,12,1,4047.3,36,4,4047.4,21,2
11483,2026-07-02 09:54:03+05:30,4045.3,1,4065.14,297026,95712.0,133034.0,4100.0,4110.0,4045.0,4092.6,22327375,4501.8,3683.4,4440.0,3288.1,4045.3,24,2,4045.2,18,3,4045.1,65,3,4045.0,600,44,4044.9,67,7,4046.3,22,6,4047.3,19,3,4047.4,21,2,4047.5,21,2,4047.6,31,3
11483,2026-07-02 09:54:04+05:30,4046.3,2,4065.14,297026,95712.0,133034.0,4100.0,4110.0,4045.0,4092.6,22327375,4501.8,3683.4,4440.0,3288.1,4045.3,24,2,4045.2,18,3,4045.1,65,3,4045.0,600,44,4044.9,67,7,4046.3,22,6,4047.3,19,3,4047.4,21,2,4047.5,21,2,4047.6,31,3
11483,2026-07-02 09:54:05+05:30,4046.3,1,4065.14,297055,95692.0,133175.0,4100.0,4110.0,4045.0,4092.6,22327375,4501.8,3683.4,4440.0,3288.1,4045.3,33,3,4045.2,15,2,4045.1,39,1,4045.0,620,46,4044.9,41,5,4046.3,48,2,4047.0,10,1,4047.1,11,1,4047.2,25,4,4047.3,19,3
11483,2026-07-02 09:54:05+05:30,4046.3,30,4065.14,297055,95692.0,133175.0,4100.0,4110.0,4045.0,4092.6,22327375,4501.8,3683.4,4440.0,3288.1,4045.3,33,3,4045.2,15,2,4045.1,39,1,4045.0,620,46,4044.9,41,5,4046.3,48,2,4047.0,10,1,4047.1,11,1,4047.2,25,4,4047.3,19,3
11483,2026-07-02 09:54:06+05:30,4046.3,1,4065.13,297086,95766.0,133068.0,4100.0,4110.0,4045.0,4092.6,22327375,4501.8,3683.4,4440.0,3288.1,4045.3,66,7,4045.2,29,3,4045.1,80,2,4045.0,604,45,4044.9,44,6,4046.3,19,4,4047.1,11,1,4047.2,12,3,4047.3,19,3,4047.4,21,2
11483,2026-07-02 09:54:06+05:30,4046.3,7,4065.13,297086,95766.0,133068.0,4100.0,4110.0,4045.0,4092.6,22327375,4501.8,3683.4,4440.0,3288.1,4045.3,66,7,4045.2,29,3,4045.1,80,2,4045.0,604,45,4044.9,44,6,4046.3,19,4,4047.1,11,1,4047.2,12,3,4047.3,19,3,4047.4,21,2
11483,2026-07-02 09:54:07+05:30,4046.3,1,4065.13,297094,95767.0,133084.0,4100.0,4110.0,4045.0,4092.6,22327375,4501.8,3683.4,4440.0,3288.1,4045.3,62,5,4045.2,15,2,4045.1,80,2,4045.0,620,46,4044.9,44,6,4046.3,14,7,4047.1,11,1,4047.2,12,3,4047.3,19,3,4047.4,21,2
11483,2026-07-02 09:54:07+05:30,4046.3,3,4065.13,297094,95767.0,133084.0,4100.0,4110.0,4045.0,4092.6,22327375,4501.8,3683.4,4440.0,3288.1,4045.3,62,5,4045.2,15,2,4045.1,80,2,4045.0,620,46,4044.9,44,6,4046.3,14,7,4047.1,11,1,4047.2,12,3,4047.3,19,3,4047.4,21,2
11483,2026-07-02 09:54:08+05:30,4046.2,75,4065.13,297198,95564.0,133295.0,4100.0,4110.0,4045.0,4092.6,22327375,4501.8,3683.4,4440.0,3288.1,4045.2,12,2,4045.1,52,2,4045.0,634,47,4044.9,23,3,4044.8,17,2,4046.2,103,3,4046.3,6,6,4047.1,11,1,4047.2,58,4,4047.3,31,4
11483,2026-07-02 09:54:08+05:30,4045.2,1,4065.13,297198,95564.0,133295.0,4100.0,4110.0,4045.0,4092.6,22327375,4501.8,3683.4,4440.0,3288.1,4045.2,12,2,4045.1,52,2,4045.0,634,47,4044.9,23,3,4044.8,17,2,4046.2,103,3,4046.3,6,6,4047.1,11,1,4047.2,58,4,4047.3,31,4
11483,2026-07-02 09:54:09+05:30,4045.0,37,4065.12,297310,95499.0,133456.0,4100.0,4110.0,4045.0,4092.6,22327375,4501.8,3683.4,4440.0,3288.1,4045.0,592,47,4044.9,49,5,4044.8,17,2,4044.7,38,2,4044.6,55,6,4046.2,97,4,4046.3,6,6,4047.1,11,1,4047.2,64,5,4047.3,40,5
11483,2026-07-02 09:54:09+05:30,4045.0,1,4065.12,297310,95499.0,133456.0,4100.0,4110.0,4045.0,4092.6,22327375,4501.8,3683.4,4440.0,3288.1,4045.0,592,47,4044.9,49,5,4044.8,17,2,4044.7,38,2,4044.6,55,6,4046.2,97,4,4046.3,6,6,4047.1,11,1,4047.2,64,5,4047.3,40,5
11483,2026-07-02 09:54:09+05:30,4045.0,1,4065.12,297310,95499.0,133456.0,4100.0,4110.0,4045.0,4092.6,22327375,4501.8,3683.4,4440.0,3288.1,4045.0,592,47,4044.9,49,5,4044.8,17,2,4044.7,38,2,4044.6,55,6,4046.2,97,4,4046.3,6,6,4047.1,11,1,4047.2,64,5,4047.3,40,5
11483,2026-07-02 09:54:10+05:30,4045.1,1,4065.12,297363,95511.0,133379.0,4100.0,4110.0,4045.0,4092.6,22327375,4501.8,3683.4,4440.0,3288.1,4045.1,27,5,4045.0,563,46,4044.9,28,3,4044.8,35,3,4044.7,38,2,4046.2,69,6,4046.3,6,6,4047.1,11,1,4047.2,16,2,4047.3,23,3
11483,2026-07-02 09:54:10+05:30,4045.1,1,4065.12,297363,95511.0,133379.0,4100.0,4110.0,4045.0,4092.6,22327375,4501.8,3683.4,4440.0,3288.1,4045.1,27,5,4045.0,563,46,4044.9,28,3,4044.8,35,3,4044.7,38,2,4046.2,69,6,4046.3,6,6,4047.1,11,1,4047.2,16,2,4047.3,23,3
11483,2026-07-02 09:54:10+05:30,4045.1,1,4065.12,297363,95511.0,133379.0,4100.0,4110.0,4045.0,4092.6,22327375,4501.8,3683.4,4440.0,3288.1,4045.1,27,5,4045.0,563,46,4044.9,28,3,4044.8,35,3,4044.7,38,2,4046.2,69,6,4046.3,6,6,4047.1,11,1,4047.2,16,2,4047.3,23,3
11483,2026-07-02 09:54:10+05:30,4045.1,1,4065.12,297363,95511.0,133379.0,4100.0,4110.0,4045.0,4092.6,22327375,4501.8,3683.4,4440.0,3288.1,4045.1,27,5,4045.0,563,46,4044.9,28,3,4044.8,35,3,4044.7,38,2,4046.2,69,6,4046.3,6,6,4047.1,11,1,4047.2,16,2,4047.3,23,3
11483,2026-07-02 09:54:11+05:30,4045.1,2,4065.11,297381,95391.0,133459.0,4100.0,4110.0,4045.0,4092.6,22327375,4501.8,3683.4,4440.0,3288.1,4045.0,563,46,4044.9,15,2,4044.8,35,3,4044.7,17,1,4044.6,91,8,4046.2,73,7,4046.3,3,3,4047.0,21,1,4047.1,11,1,4047.2,37,3
11483,2026-07-02 09:54:11+05:30,4045.1,2,4065.11,297381,95391.0,133459.0,4100.0,4110.0,4045.0,4092.6,22327375,4501.8,3683.4,4440.0,3288.1,4045.0,563,46,4044.9,15,2,4044.8,35,3,4044.7,17,1,4044.6,91,8,4046.2,73,7,4046.3,3,3,4047.0,21,1,4047.1,11,1,4047.2,37,3
11483,2026-07-02 09:54:11+05:30,4045.0,1,4065.11,297381,95391.0,133459.0,4100.0,4110.0,4045.0,4092.6,22327375,4501.8,3683.4,4440.0,3288.1,4045.0,563,46,4044.9,15,2,4044.8,35,3,4044.7,17,1,4044.6,91,8,4046.2,73,7,4046.3,3,3,4047.0,21,1,4047.1,11,1,4047.2,37,3
11483,2026-07-02 09:54:11+05:30,4045.0,1,4065.11,297381,95391.0,133459.0,4100.0,4110.0,4045.0,4092.6,22327375,4501.8,3683.4,4440.0,3288.1,4045.0,563,46,4044.9,15,2,4044.8,35,3,4044.7,17,1,4044.6,91,8,4046.2,73,7,4046.3,3,3,4047.0,21,1,4047.1,11,1,4047.2,37,3
11483,2026-07-02 09:54:12+05:30,4045.0,1,4065.11,297381,95391.0,133459.0,4100.0,4110.0,4045.0,4092.6,22327375,4501.8,3683.4,4440.0,3288.1,4045.0,563,46,4044.9,15,2,4044.8,35,3,4044.7,17,1,4044.6,91,8,4046.2,73,7,4046.3,3,3,4047.0,21,1,4047.1,11,1,4047.2,37,3
11483,2026-07-02 09:54:12+05:30,4046.2,20,4065.11,297410,95046.0,133596.0,4100.0,4110.0,4045.0,4092.6,22327375,4501.8,3683.4,4440.0,3288.1,4045.0,545,46,4044.9,1,1,4044.8,1,1,4044.6,19,3,4044.5,10,2,4046.2,51,9,4046.3,1,1,4046.6,37,2,4046.7,24,3,4046.9,19,1
11483,2026-07-02 09:54:12+05:30,4046.2,20,4065.11,297410,95046.0,133596.0,4100.0,4110.0,4045.0,4092.6,22327375,4501.8,3683.4,4440.0,3288.1,4045.0,545,46,4044.9,1,1,4044.8,1,1,4044.6,19,3,4044.5,10,2,4046.2,51,9,4046.3,1,1,4046.6,37,2,4046.7,24,3,4046.9,19,1
11483,2026-07-02 09:54:12+05:30,4045.0,1,4065.11,297410,95046.0,133596.0,4100.0,4110.0,4045.0,4092.6,22327375,4501.8,3683.4,4440.0,3288.1,4045.0,545,46,4044.9,1,1,4044.8,1,1,4044.6,19,3,4044.5,10,2,4046.2,51,9,4046.3,1,1,4046.6,37,2,4046.7,24,3,4046.9,19,1
11483,2026-07-02 09:54:12+05:30,4045.0,1,4065.11,297410,95046.0,133596.0,4100.0,4110.0,4045.0,4092.6,22327375,4501.8,3683.4,4440.0,3288.1,4045.0,545,46,4044.9,1,1,4044.8,1,1,4044.6,19,3,4044.5,10,2,4046.2,51,9,4046.3,1,1,4046.6,37,2,4046.7,24,3,4046.9,19,1
11483,2026-07-02 09:54:13+05:30,4045.0,1,4065.11,297410,95046.0,133596.0,4100.0,4110.0,4045.0,4092.6,22327375,4501.8,3683.4,4440.0,3288.1,4045.0,545,46,4044.9,1,1,4044.8,1,1,4044.6,19,3,4044.5,10,2,4046.2,51,9,4046.3,1,1,4046.6,37,2,4046.7,24,3,4046.9,19,1
11483,2026-07-02 09:54:13+05:30,4045.0,1,4065.11,297430,95052.0,133548.0,4100.0,4110.0,4045.0,4092.6,22327375,4501.8,3683.4,4440.0,3288.1,4045.0,526,46,4044.9,1,1,4044.8,1,1,4044.6,19,3,4044.5,18,3,4046.2,35,8,4046.3,1,1,4046.6,37,2,4046.7,5,1,4046.9,34,2
11483,2026-07-02 09:54:13+05:30,4045.0,1,4065.11,297430,95052.0,133548.0,4100.0,4110.0,4045.0,4092.6,22340850,4501.8,3683.4,4440.0,3288.1,4045.0,526,46,4044.9,1,1,4044.8,1,1,4044.6,19,3,4044.5,18,3,4046.2,35,8,4046.3,1,1,4046.6,37,2,4046.7,5,1,4046.9,34,2
11483,2026-07-02 09:54:13+05:30,4045.0,1,4065.11,297430,95052.0,133548.0,4100.0,4110.0,4045.0,4092.6,22340850,4501.8,3683.4,4440.0,3288.1,4045.0,526,46,4044.9,1,1,4044.8,1,1,4044.6,19,3,4044.5,18,3,4046.2,35,8,4046.3,1,1,4046.6,37,2,4046.7,5,1,4046.9,34,2
11483,2026-07-02 09:54:13+05:30,4045.0,1,4065.11,297430,95052.0,133548.0,4100.0,4110.0,4045.0,4092.6,22340850,4501.8,3683.4,4440.0,3288.1,4045.0,526,46,4044.9,1,1,4044.8,1,1,4044.6,19,3,4044.5,18,3,4046.2,35,8,4046.3,1,1,4046.6,37,2,4046.7,5,1,4046.9,34,2
11483,2026-07-02 09:54:14+05:30,4045.0,1,4065.11,297430,95052.0,133548.0,4100.0,4110.0,4045.0,4092.6,22340850,4501.8,3683.4,4440.0,3288.1,4045.0,526,46,4044.9,1,1,4044.8,1,1,4044.6,19,3,4044.5,18,3,4046.2,35,8,4046.3,1,1,4046.6,37,2,4046.7,5,1,4046.9,34,2
11483,2026-07-02 09:54:14+05:30,4045.0,2,4065.09,297721,94720.0,133438.0,4100.0,4110.0,4045.0,4092.6,22340850,4501.8,3683.4,4440.0,3288.1,4045.0,280,27,4044.9,1,1,4044.8,2,2,4044.6,19,3,4044.5,10,2,4046.0,6,3,4046.2,30,7,4046.3,1,1,4046.7,20,1,4046.8,3,1
11483,2026-07-02 09:54:14+05:30,4046.0,1,4065.09,297721,94720.0,133438.0,4100.0,4110.0,4045.0,4092.6,22340850,4501.8,3683.4,4440.0,3288.1,4045.0,280,27,4044.9,1,1,4044.8,2,2,4044.6,19,3,4044.5,10,2,4046.0,6,3,4046.2,30,7,4046.3,1,1,4046.7,20,1,4046.8,3,1
11483,2026-07-02 09:54:14+05:30,4046.0,1,4065.09,297721,94720.0,133438.0,4100.0,4110.0,4045.0,4092.6,22340850,4501.8,3683.4,4440.0,3288.1,4045.0,280,27,4044.9,1,1,4044.8,2,2,4044.6,19,3,4044.5,10,2,4046.0,6,3,4046.2,30,7,4046.3,1,1,4046.7,20,1,4046.8,3,1
11483,2026-07-02 09:54:15+05:30,4046.0,1,4065.09,297721,94720.0,133438.0,4100.0,4110.0,4045.0,4092.6,22340850,4501.8,3683.4,4440.0,3288.1,4045.0,280,27,4044.9,1,1,4044.8,2,2,4044.6,19,3,4044.5,10,2,4046.0,6,3,4046.2,30,7,4046.3,1,1,4046.7,20,1,4046.8,3,1
11483,2026-07-02 09:54:15+05:30,4045.0,1,4065.09,297783,94562.0,133914.0,4100.0,4110.0,4045.0,4092.6,22340850,4501.8,3683.4,4440.0,3288.1,4045.0,231,28,4044.9,1,1,4044.8,2,2,4044.6,6,2,4044.5,1,1,4046.0,34,8,4046.2,57,8,4046.3,1,1,4046.5,50,3,4046.7,24,2
11483,2026-07-02 09:54:15+05:30,4045.0,1,4065.09,297783,94562.0,133914.0,4100.0,4110.0,4045.0,4092.6,22340850,4501.8,3683.4,4440.0,3288.1,4045.0,231,28,4044.9,1,1,4044.8,2,2,4044.6,6,2,4044.5,1,1,4046.0,34,8,4046.2,57,8,4046.3,1,1,4046.5,50,3,4046.7,24,2
11483,2026-07-02 09:54:16+05:30,4046.0,5,4065.08,297853,94771.0,133685.0,4100.0,4110.0,4045.0,4092.6,22340850,4501.8,3683.4,4440.0,3288.1,4045.5,2,2,4045.0,231,29,4044.9,1,1,4044.8,2,2,4044.6,21,4,4046.0,2,1,4046.2,44,9,4046.3,1,1,4046.7,7,1,4046.9,49,3
11483,2026-07-02 09:54:16+05:30,4046.0,5,4065.08,297853,94771.0,133685.0,4100.0,4110.0,4045.0,4092.6,22340850,4501.8,3683.4,4440.0,3288.1,4045.5,2,2,4045.0,231,29,4044.9,1,1,4044.8,2,2,4044.6,21,4,4046.0,2,1,4046.2,44,9,4046.3,1,1,4046.7,7,1,4046.9,49,3
11483,2026-07-02 09:54:17+05:30,4045.5,1,4065.08,297859,94801.0,134065.0,4100.0,4110.0,4045.0,4092.6,22340850,4501.8,3683.4,4440.0,3288.1,4045.0,241,31,4044.9,1,1,4044.8,2,2,4044.6,6,2,4044.5,14,2,4045.5,1,1,4046.0,3,3,4046.2,33,4,4046.3,1,1,4046.6,11,1
11483,2026-07-02 09:54:17+05:30,4045.5,1,4065.08,297859,94801.0,134065.0,4100.0,4110.0,4045.0,4092.6,22340850,4501.8,3683.4,4440.0,3288.1,4045.0,241,31,4044.9,1,1,4044.8,2,2,4044.6,6,2,4044.5,14,2,4045.5,1,1,4046.0,3,3,4046.2,33,4,4046.3,1,1,4046.6,11,1
11483,2026-07-02 09:54:18+05:30,4046.3,1,4065.08,297859,94801.0,134065.0,4100.0,4110.0,4045.0,4092.6,22340850,4501.8,3683.4,4440.0,3288.1,4045.0,241,31,4044.9,1,1,4044.8,2,2,4044.6,6,2,4044.5,14,2,4045.5,1,1,4046.0,3,3,4046.2,33,4,4046.3,1,1,4046.6,11,1
11483,2026-07-02 09:54:18+05:30,4046.3,1,4065.08,297910,94725.0,133931.0,4100.0,4110.0,4045.0,4092.6,22340850,4501.8,3683.4,4440.0,3288.1,4045.0,236,29,4044.9,11,2,4044.8,10,3,4044.7,3,1,4044.6,6,2,4046.2,16,2,4046.3,59,2,4046.5,21,2,4046.6,7,1,4046.8,19,1
11483,2026-07-02 09:54:19+05:30,4046.2,3,4065.08,297910,94725.0,133931.0,4100.0,4110.0,4045.0,4092.6,22340850,4501.8,3683.4,4440.0,3288.1,4045.0,236,29,4044.9,11,2,4044.8,10,3,4044.7,3,1,4044.6,6,2,4046.2,16,2,4046.3,59,2,4046.5,21,2,4046.6,7,1,4046.8,19,1
11483,2026-07-02 09:54:19+05:30,4046.2,1,4065.08,297936,94689.0,133870.0,4100.0,4110.0,4045.0,4092.6,22340850,4501.8,3683.4,4440.0,3288.1,4045.0,218,29,4044.9,11,2,4044.8,2,2,4044.6,6,2,4044.5,6,2,4046.2,8,1,4046.3,61,4,4046.5,21,2,4046.9,47,2,4047.0,381,4
11483,2026-07-02 09:54:20+05:30,4045.0,1,4065.08,297936,94689.0,133870.0,4100.0,4110.0,4045.0,4092.6,22340850,4501.8,3683.4,4440.0,3288.1,4045.0,218,29,4044.9,11,2,4044.8,2,2,4044.6,6,2,4044.5,6,2,4046.2,8,1,4046.3,61,4,4046.5,21,2,4046.9,47,2,4047.0,381,4
11483,2026-07-02 09:54:20+05:30,4045.0,1,4065.08,297937,94611.0,133927.0,4100.0,4110.0,4045.0,4092.6,22340850,4501.8,3683.4,4440.0,3288.1,4045.0,228,31,4044.9,11,2,4044.8,10,3,4044.7,19,1,4044.6,6,2,4046.2,9,2,4046.3,61,4,4046.5,21,2,4046.8,5,1,4046.9,33,1
11483,2026-07-02 09:54:21+05:30,4045.0,1,4065.08,297937,94611.0,133927.0,4100.0,4110.0,4045.0,4092.6,22340850,4501.8,3683.4,4440.0,3288.1,4045.0,228,31,4044.9,11,2,4044.8,10,3,4044.7,19,1,4044.6,6,2,4046.2,9,2,4046.3,61,4,4046.5,21,2,4046.8,5,1,4046.9,33,1
11483,2026-07-02 09:54:22+05:30,4046.2,2,4065.08,297941,94711.0,133880.0,4100.0,4110.0,4045.0,4092.6,22340850,4501.8,3683.4,4440.0,3288.1,4045.0,226,30,4044.9,15,3,4044.8,2,2,4044.7,19,1,4044.6,6,2,4046.2,7,2,4046.3,52,3,4046.5,21,2,4046.9,33,1,4047.0,381,4
11483,2026-07-02 09:54:22+05:30,4045.0,1,4065.08,297941,94711.0,133880.0,4100.0,4110.0,4045.0,4092.6,22340850,4501.8,3683.4,4440.0,3288.1,4045.0,226,30,4044.9,15,3,4044.8,2,2,4044.7,19,1,4044.6,6,2,4046.2,7,2,4046.3,52,3,4046.5,21,2,4046.9,33,1,4047.0,381,4
11483,2026-07-02 09:54:23+05:30,4045.0,9,4065.08,297975,94881.0,133896.0,4100.0,4110.0,4045.0,4092.6,22340850,4501.8,3683.4,4440.0,3288.1,4045.0,291,32,4044.9,28,3,4044.8,19,4,4044.7,19,1,4044.6,6,2,4046.3,36,3,4046.5,21,2,4046.8,5,1,4046.9,55,2,4047.0,358,3
11483,2026-07-02 09:54:23+05:30,4045.0,2,4065.08,297975,94881.0,133896.0,4100.0,4110.0,4045.0,4092.6,22340850,4501.8,3683.4,4440.0,3288.1,4045.0,291,32,4044.9,28,3,4044.8,19,4,4044.7,19,1,4044.6,6,2,4046.3,36,3,4046.5,21,2,4046.8,5,1,4046.9,55,2,4047.0,358,3
11483,2026-07-02 09:54:24+05:30,4045.0,2,4065.07,298113,94850.0,133987.0,4100.0,4110.0,4045.0,4092.6,22340850,4501.8,3683.4,4440.0,3288.1,4045.0,266,27,4044.9,28,3,4044.8,2,2,4044.7,19,1,4044.6,33,4,4046.3,70,2,4046.7,19,2,4046.8,24,2,4046.9,21,3,4047.0,385,5
11483,2026-07-02 09:54:24+05:30,4045.0,1,4065.07,298113,94850.0,133987.0,4100.0,4110.0,4045.0,4092.6,22340850,4501.8,3683.4,4440.0,3288.1,4045.0,266,27,4044.9,28,3,4044.8,2,2,4044.7,19,1,4044.6,33,4,4046.3,70,2,4046.7,19,2,4046.8,24,2,4046.9,21,3,4047.0,385,5
11483,2026-07-02 09:54:25+05:30,4045.0,1,4065.07,298119,94806.0,135975.0,4100.0,4110.0,4045.0,4092.6,22340850,4501.8,3683.4,4440.0,3288.1,4045.0,250,27,4044.9,11,2,4044.8,2,2,4044.6,40,4,4044.5,1,1,4046.3,79,3,4046.5,6,1,4046.6,19,1,4046.7,19,2,4046.8,24,2
11483,2026-07-02 09:54:25+05:30,4045.0,1,4065.07,298119,94806.0,135975.0,4100.0,4110.0,4045.0,4092.6,22340850,4501.8,3683.4,4440.0,3288.1,4045.0,250,27,4044.9,11,2,4044.8,2,2,4044.6,40,4,4044.5,1,1,4046.3,79,3,4046.5,6,1,4046.6,19,1,4046.7,19,2,4046.8,24,2
11483,2026-07-02 09:54:26+05:30,4046.3,7,4065.06,298186,94807.0,135953.0,4100.0,4110.0,4045.0,4092.6,22340850,4501.8,3683.4,4440.0,3288.1,4045.0,251,29,4044.9,11,2,4044.8,2,2,4044.6,18,3,4044.5,12,2,4046.3,68,3,4046.6,7,1,4046.7,28,2,4046.8,24,2,4046.9,29,4
11483,2026-07-02 09:54:26+05:30,4045.0,39,4065.06,298186,94807.0,135953.0,4100.0,4110.0,4045.0,4092.6,22340850,4501.8,3683.4,4440.0,3288.1,4045.0,251,29,4044.9,11,2,4044.8,2,2,4044.6,18,3,4044.5,12,2,4046.3,68,3,4046.6,7,1,4046.7,28,2,4046.8,24,2,4046.9,29,4
11483,2026-07-02 09:54:27+05:30,4044.9,1,4065.04,298511,94447.0,136220.0,4100.0,4110.0,4044.9,4092.6,22340850,4501.8,3683.4,4440.0,3288.1,4044.8,2,2,4044.6,6,2,4044.5,1,1,4044.4,40,3,4044.2,22,2,4045.0,32,3,4046.2,9,1,4046.3,70,5,4046.4,19,1,4046.6,6,1
11483,2026-07-02 09:54:27+05:30,4045.0,10,4065.04,298511,94447.0,136220.0,4100.0,4110.0,4044.9,4092.6,22340850,4501.8,3683.4,4440.0,3288.1,4044.8,2,2,4044.6,6,2,4044.5,1,1,4044.4,40,3,4044.2,22,2,4045.0,32,3,4046.2,9,1,4046.3,70,5,4046.4,19,1,4046.6,6,1
11483,2026-07-02 09:54:28+05:30,4045.0,4,4065.03,298593,94686.0,135859.0,4100.0,4110.0,4044.9,4092.6,22340850,4501.8,3683.4,4440.0,3288.1,4044.8,46,7,4044.7,4,1,4044.6,11,3,4044.5,1,1,4044.4,40,3,4045.0,1,1,4046.3,70,5,4046.7,9,1,4046.8,33,3,4046.9,10,2
11483,2026-07-02 09:54:28+05:30,4045.0,1,4065.03,298593,94686.0,135859.0,4100.0,4110.0,4044.9,4092.6,22340850,4501.8,3683.4,4440.0,3288.1,4044.8,46,7,4044.7,4,1,4044.6,11,3,4044.5,1,1,4044.4,40,3,4045.0,1,1,4046.3,70,5,4046.7,9,1,4046.8,33,3,4046.9,10,2
11483,2026-07-02 09:54:29+05:30,4045.0,1,4065.03,298599,94899.0,135551.0,4100.0,4110.0,4044.9,4092.6,22340850,4501.8,3683.4,4440.0,3288.1,4045.0,15,2,4044.9,49,2,4044.8,57,8,4044.7,4,1,4044.6,11,3,4046.3,61,4,4046.7,9,1,4046.8,24,2,4046.9,18,2,4047.0,9,2
11483,2026-07-02 09:54:29+05:30,4046.3,1,4065.03,298599,94899.0,135551.0,4100.0,4110.0,4044.9,4092.6,22340850,4501.8,3683.4,4440.0,3288.1,4045.0,15,2,4044.9,49,2,4044.8,57,8,4044.7,4,1,4044.6,11,3,4046.3,61,4,4046.7,9,1,4046.8,24,2,4046.9,18,2,4047.0,9,2
11483,2026-07-02 09:54:30+05:30,4045.0,7,4065.03,298727,95209.0,135541.0,4100.0,4110.0,4044.9,4092.6,22340850,4501.8,3683.4,4440.0,3288.1,4045.0,51,3,4044.9,291,4,4044.8,44,7,4044.7,4,1,4044.6,11,3,4046.3,55,1,4046.7,19,1,4046.8,24,2,4046.9,9,1,4047.0,1,1
11483,2026-07-02 09:54:30+05:30,4045.0,13,4065.03,298727,95209.0,135541.0,4100.0,4110.0,4044.9,4092.6,22340850,4501.8,3683.4,4440.0,3288.1,4045.0,51,3,4044.9,291,4,4044.8,44,7,4044.7,4,1,4044.6,11,3,4046.3,55,1,4046.7,19,1,4046.8,24,2,4046.9,9,1,4047.0,1,1
11483,2026-07-02 09:54:31+05:30,4045.5,1,4065.03,298727,95209.0,135541.0,4100.0,4110.0,4044.9,4092.6,22340850,4501.8,3683.4,4440.0,3288.1,4045.0,51,3,4044.9,291,4,4044.8,44,7,4044.7,4,1,4044.6,11,3,4046.3,55,1,4046.7,19,1,4046.8,24,2,4046.9,9,1,4047.0,1,1
11483,2026-07-02 09:54:31+05:30,4045.5,1,4065.02,298747,95344.0,135785.0,4100.0,4110.0,4044.9,4092.6,22340850,4501.8,3683.4,4440.0,3288.1,4045.5,1,1,4045.0,39,2,4044.9,276,3,4044.8,44,7,4044.7,39,3,4046.3,55,1,4046.7,19,1,4046.8,24,2,4046.9,9,1,4047.0,1,1
11483,2026-07-02 09:54:32+05:30,4045.5,1,4065.02,298747,95344.0,135785.0,4100.0,4110.0,4044.9,4092.6,22340850,4501.8,3683.4,4440.0,3288.1,4045.5,1,1,4045.0,39,2,4044.9,276,3,4044.8,44,7,4044.7,39,3,4046.3,55,1,4046.7,19,1,4046.8,24,2,4046.9,9,1,4047.0,1,1
11483,2026-07-02 09:54:32+05:30,4045.5,1,4065.02,298748,95290.0,135594.0,4100.0,4110.0,4044.9,4092.6,22340850,4501.8,3683.4,4440.0,3288.1,4045.5,1,1,4045.0,8,4,4044.9,276,3,4044.8,44,7,4044.7,19,2,4046.3,55,1,4046.7,19,1,4046.8,24,2,4046.9,9,1,4047.0,1,1
11483,2026-07-02 09:54:33+05:30,4046.3,5,4065.02,298748,95290.0,135594.0,4100.0,4110.0,4044.9,4092.6,22340850,4501.8,3683.4,4440.0,3288.1,4045.5,1,1,4045.0,8,4,4044.9,276,3,4044.8,44,7,4044.7,19,2,4046.3,55,1,4046.7,19,1,4046.8,24,2,4046.9,9,1,4047.0,1,1
11483,2026-07-02 09:54:33+05:30,4046.3,5,4065.02,298753,95623.0,135396.0,4100.0,4110.0,4044.9,4092.6,22340850,4501.8,3683.4,4440.0,3288.1,4045.5,52,6,4045.4,19,2,4045.3,13,1,4045.2,17,2,4045.1,39,1,4046.3,50,1,4046.7,19,1,4046.8,15,1,4047.0,51,2,4047.1,11,1
11483,2026-07-02 09:54:34+05:30,4046.3,5,4065.02,298753,95757.0,135393.0,4100.0,4110.0,4044.9,4092.6,22340850,4501.8,3683.4,4440.0,3288.1,4045.5,32,5,4045.4,12,1,4045.2,32,3,4045.1,58,2,4045.0,104,12,4046.3,53,4,4046.7,19,1,4046.8,15,1,4047.0,51,2,4047.1,11,1
11483,2026-07-02 09:54:35+05:30,4045.5,2,4065.02,298753,95757.0,135393.0,4100.0,4110.0,4044.9,4092.6,22340850,4501.8,3683.4,4440.0,3288.1,4045.5,32,5,4045.4,12,1,4045.2,32,3,4045.1,58,2,4045.0,104,12,4046.3,53,4,4046.7,19,1,4046.8,15,1,4047.0,51,2,4047.1,11,1
11483,2026-07-02 09:54:35+05:30,4045.5,2,4065.02,298776,97311.0,135399.0,4100.0,4110.0,4044.9,4092.6,22340850,4501.8,3683.4,4440.0,3288.1,4045.5,23,4,4045.4,22,2,4045.2,46,3,4045.1,59,2,4045.0,1600,12,4046.3,53,4,4046.7,19,1,4047.0,51,2,4047.1,11,1,4047.3,8,1
11483,2026-07-02 09:54:36+05:30,4045.5,2,4065.02,298776,97338.0,135402.0,4100.0,4110.0,4044.9,4092.6,22340850,4501.8,3683.4,4440.0,3288.1,4045.5,23,4,4045.4,22,2,4045.2,22,2,4045.1,59,2,4045.0,1650,13,4046.3,53,4,4046.7,19,1,4047.0,51,2,4047.1,11,1,4047.3,8,1
11483,2026-07-02 09:54:37+05:30,4045.5,2,4065.02,298776,97369.0,135408.0,4100.0,4110.0,4044.9,4092.6,22340850,4501.8,3683.4,4440.0,3288.1,4045.5,23,4,4045.4,22,2,4045.2,58,3,4045.1,59,2,4045.0,1650,13,4046.3,53,4,4046.7,19,1,4047.0,51,2,4047.1,11,1,4047.3,8,1
11483,2026-07-02 09:54:38+05:30,4045.5,1,4065.02,298778,97497.0,135351.0,4100.0,4110.0,4044.9,4092.6,22340850,4501.8,3683.4,4440.0,3288.1,4045.5,18,2,4045.4,22,2,4045.2,22,2,4045.1,59,2,4045.0,1845,13,4046.0,1,1,4046.3,51,2,4046.7,19,1,4047.0,50,1,4047.1,11,1
11483,2026-07-02 09:54:39+05:30,4046.0,1,4065.02,298778,97497.0,135351.0,4100.0,4110.0,4044.9,4092.6,22340850,4501.8,3683.4,4440.0,3288.1,4045.5,18,2,4045.4,22,2,4045.2,22,2,4045.1,59,2,4045.0,1845,13,4046.0,1,1,4046.3,51,2,4046.7,19,1,4047.0,50,1,4047.1,11,1
11483,2026-07-02 09:54:39+05:30,4046.0,1,4065.02,298783,97587.0,135346.0,4100.0,4110.0,4044.9,4092.6,22340850,4501.8,3683.4,4440.0,3288.1,4045.5,15,2,4045.4,22,2,4045.2,7,1,4045.1,59,2,4045.0,1845,13,4046.0,1,1,4046.3,50,1,4046.7,19,1,4047.0,50,1,4047.1,11,1
11483,2026-07-02 09:54:40+05:30,4045.1,1,4065.02,298828,97559.0,135332.0,4100.0,4110.0,4044.9,4092.6,22340850,4501.8,3683.4,4440.0,3288.1,4045.1,63,6,4045.0,1821,13,4044.9,268,2,4044.8,24,6,4044.7,4,1,4046.0,1,1,4046.3,50,1,4046.7,19,1,4047.0,50,1,4047.1,11,1
11483,2026-07-02 09:54:41+05:30,4046.0,1,4065.02,298828,97559.0,135332.0,4100.0,4110.0,4044.9,4092.6,22340850,4501.8,3683.4,4440.0,3288.1,4045.1,63,6,4045.0,1821,13,4044.9,268,2,4044.8,24,6,4044.7,4,1,4046.0,1,1,4046.3,50,1,4046.7,19,1,4047.0,50,1,4047.1,11,1
11483,2026-07-02 09:54:41+05:30,4046.3,38,4065.02,298875,97687.0,135274.0,4100.0,4110.0,4044.9,4092.6,22340850,4501.8,3683.4,4440.0,3288.1,4045.3,25,1,4045.2,48,4,4045.1,74,4,4045.0,1822,14,4044.9,283,4,4046.3,12,1,4046.7,19,1,4047.0,50,1,4047.1,11,1,4047.2,5,1
11483,2026-07-02 09:54:42+05:30,4046.7,2,4065.02,298875,97687.0,135274.0,4100.0,4110.0,4044.9,4092.6,22340850,4501.8,3683.4,4440.0,3288.1,4045.3,25,1,4045.2,48,4,4045.1,74,4,4045.0,1822,14,4044.9,283,4,4046.3,12,1,4046.7,19,1,4047.0,50,1,4047.1,11,1,4047.2,5,1
11483,2026-07-02 09:54:42+05:30,4046.3,3,4065.01,298971,97814.0,135461.0,4100.0,4110.0,4044.9,4092.6,22340850,4501.8,3683.4,4440.0,3288.1,4045.4,24,2,4045.3,40,2,4045.2,16,1,4045.1,30,3,4045.0,1827,15,4046.3,69,1,4046.7,19,3,4047.0,50,1,4047.1,11,1,4047.3,8,1
11483,2026-07-02 09:54:43+05:30,4046.3,5,4065.01,298971,97814.0,135461.0,4100.0,4110.0,4044.9,4092.6,22340850,4501.8,3683.4,4440.0,3288.1,4045.4,24,2,4045.3,40,2,4045.2,16,1,4045.1,30,3,4045.0,1827,15,4046.3,69,1,4046.7,19,3,4047.0,50,1,4047.1,11,1,4047.3,8,1
11483,2026-07-02 09:54:43+05:30,4046.3,1,4065.01,298983,97974.0,135416.0,4100.0,4110.0,4044.9,4092.6,22340850,4501.8,3683.4,4440.0,3288.1,4046.2,8,1,4045.4,24,2,4045.3,15,1,4045.2,16,1,4045.1,93,3,4046.3,61,5,4046.7,19,3,4047.0,50,1,4047.1,11,1,4047.3,8,1
11483,2026-07-02 09:54:44+05:30,4046.3,1,4065.01,298983,97974.0,135416.0,4100.0,4110.0,4044.9,4092.6,22340850,4501.8,3683.4,4440.0,3288.1,4046.2,8,1,4045.4,24,2,4045.3,15,1,4045.2,16,1,4045.1,93,3,4046.3,61,5,4046.7,19,3,4047.0,50,1,4047.1,11,1,4047.3,8,1
11483,2026-07-02 09:54:44+05:30,4046.3,1,4065.01,298984,98140.0,135419.0,4100.0,4110.0,4044.9,4092.6,22340850,4501.8,3683.4,4440.0,3288.1,4046.2,8,1,4046.0,20,1,4045.4,24,2,4045.3,15,1,4045.2,16,1,4046.3,61,6,4046.7,19,3,4047.0,50,1,4047.1,11,1,4047.3,8,1
11483,2026-07-02 09:54:45+05:30,4046.3,1,4065.01,298984,98140.0,135419.0,4100.0,4110.0,4044.9,4092.6,22340850,4501.8,3683.4,4440.0,3288.1,4046.2,8,1,4046.0,20,1,4045.4,24,2,4045.3,15,1,4045.2,16,1,4046.3,61,6,4046.7,19,3,4047.0,50,1,4047.1,11,1,4047.3,8,1
11483,2026-07-02 09:54:45+05:30,4046.3,3,4065.01,299011,98135.0,135443.0,4100.0,4110.0,4044.9,4092.6,22340850,4501.8,3683.4,4440.0,3288.1,4046.2,8,1,4046.0,20,1,4045.4,24,2,4045.3,15,1,4045.2,16,1,4046.3,34,6,4046.7,19,3,4047.0,100,2,4047.1,11,1,4047.3,8,1
11483,2026-07-02 09:54:46+05:30,4046.1,1,4065.01,299011,98135.0,135443.0,4100.0,4110.0,4044.9,4092.6,22340850,4501.8,3683.4,4440.0,3288.1,4046.2,8,1,4046.0,20,1,4045.4,24,2,4045.3,15,1,4045.2,16,1,4046.3,34,6,4046.7,19,3,4047.0,100,2,4047.1,11,1,4047.3,8,1
11483,2026-07-02 09:54:46+05:30,4046.1,1,4064.99,299216,95180.0,134853.0,4100.0,4110.0,4044.9,4092.6,22340850,4501.8,3683.4,4440.0,3288.1,4045.0,1641,6,4044.9,250,1,4044.8,2,2,4044.6,42,3,4044.5,13,2,4046.1,188,5,4046.3,41,11,4046.4,21,2,4046.5,5,1,4046.6,16,1
11483,2026-07-02 09:54:47+05:30,4045.0,2,4064.99,299216,95180.0,134853.0,4100.0,4110.0,4044.9,4092.6,22340850,4501.8,3683.4,4440.0,3288.1,4045.0,1641,6,4044.9,250,1,4044.8,2,2,4044.6,42,3,4044.5,13,2,4046.1,188,5,4046.3,41,11,4046.4,21,2,4046.5,5,1,4046.6,16,1
11483,2026-07-02 09:54:47+05:30,4045.0,1,4064.99,299222,95277.0,135607.0,4100.0,4110.0,4044.9,4092.6,22340850,4501.8,3683.4,4440.0,3288.1,4045.0,1670,7,4044.9,250,1,4044.8,2,2,4044.6,42,3,4044.5,13,2,4046.1,186,5,4046.3,41,11,4046.4,21,2,4046.5,5,1,4046.6,30,2
11483,2026-07-02 09:54:48+05:30,4045.0,2,4064.99,299222,95277.0,135607.0,4100.0,4110.0,4044.9,4092.6,22340850,4501.8,3683.4,4440.0,3288.1,4045.0,1670,7,4044.9,250,1,4044.8,2,2,4044.6,42,3,4044.5,13,2,4046.1,186,5,4046.3,41,11,4046.4,21,2,4046.5,5,1,4046.6,30,2
11483,2026-07-02 09:54:48+05:30,4046.1,10,4064.99,299254,95384.0,135371.0,4100.0,4110.0,4044.9,4092.6,22340850,4501.8,3683.4,4440.0,3288.1,4045.5,37,1,4045.0,1652,7,4044.9,250,1,4044.8,2,2,4044.6,42,3,4046.1,175,5,4046.3,37,7,4046.4,21,2,4046.5,5,1,4046.6,6,1
11483,2026-07-02 09:54:49+05:30,4045.0,65,4064.99,299254,95384.0,135371.0,4100.0,4110.0,4044.9,4092.6,22340850,4501.8,3683.4,4440.0,3288.1,4045.5,37,1,4045.0,1652,7,4044.9,250,1,4044.8,2,2,4044.6,42,3,4046.1,175,5,4046.3,37,7,4046.4,21,2,4046.5,5,1,4046.6,6,1
11483,2026-07-02 09:54:49+05:30,4045.0,1,4064.97,299574,95475.0,135624.0,4100.0,4110.0,4044.9,4092.6,22340850,4501.8,3683.4,4440.0,3288.1,4045.0,1517,7,4044.9,250,1,4044.8,2,2,4044.6,42,3,4044.5,13,2,4046.1,166,6,4046.3,33,5,4046.4,11,2,4046.6,1,1,4046.7,46,4
11483,2026-07-02 09:54:50+05:30,4046.1,62,4064.97,299574,95475.0,135624.0,4100.0,4110.0,4044.9,4092.6,22340850,4501.8,3683.4,4440.0,3288.1,4045.0,1517,7,4044.9,250,1,4044.8,2,2,4044.6,42,3,4044.5,13,2,4046.1,166,6,4046.3,33,5,4046.4,11,2,4046.6,1,1,4046.7,46,4
11483,2026-07-02 09:54:50+05:30,4046.1,62,4064.97,299644,95740.0,135381.0,4100.0,4110.0,4044.9,4092.6,22340850,4501.8,3683.4,4440.0,3288.1,4045.0,1540,8,4044.9,260,2,4044.8,10,3,4044.6,42,3,4044.5,45,4,4046.1,95,7,4046.3,33,5,4046.4,4,1,4046.6,1,1,4046.7,24,2
11483,2026-07-02 09:54:51+05:30,4046.1,1,4064.97,299644,95740.0,135381.0,4100.0,4110.0,4044.9,4092.6,22340850,4501.8,3683.4,4440.0,3288.1,4045.0,1540,8,4044.9,260,2,4044.8,10,3,4044.6,42,3,4044.5,45,4,4046.1,95,7,4046.3,33,5,4046.4,4,1,4046.6,1,1,4046.7,24,2
11483,2026-07-02 09:54:52+05:30,4046.1,1,4064.96,299699,95763.0,135387.0,4100.0,4110.0,4044.9,4092.6,22340850,4501.8,3683.4,4440.0,3288.1,4045.0,1517,9,4044.9,260,2,4044.8,2,2,4044.6,75,4,4044.5,45,4,4046.1,84,5,4046.3,29,1,4046.4,4,1,4046.6,1,1,4046.7,24,2
11483,2026-07-02 09:54:52+05:30,4046.1,1,4064.96,299699,95763.0,135387.0,4100.0,4110.0,4044.9,4092.6,22340850,4501.8,3683.4,4440.0,3288.1,4045.0,1517,9,4044.9,260,2,4044.8,2,2,4044.6,75,4,4044.5,45,4,4046.1,84,5,4046.3,29,1,4046.4,4,1,4046.6,1,1,4046.7,24,2
11483,2026-07-02 09:54:53+05:30,4046.1,1,4064.96,299726,96017.0,135412.0,4100.0,4110.0,4044.9,4092.6,22340850,4501.8,3683.4,4440.0,3288.1,4045.0,1818,12,4044.9,260,2,4044.8,2,2,4044.6,42,3,4044.5,45,4,4046.1,60,8,4046.3,29,1,4046.4,4,1,4046.6,1,1,4046.7,29,3
11483,2026-07-02 09:54:53+05:30,4046.1,1,4064.96,299726,96017.0,135412.0,4100.0,4110.0,4044.9,4092.6,22340850,4501.8,3683.4,4440.0,3288.1,4045.0,1818,12,4044.9,260,2,4044.8,2,2,4044.6,42,3,4044.5,45,4,4046.1,60,8,4046.3,29,1,4046.4,4,1,4046.6,1,1,4046.7,29,3
11483,2026-07-02 09:54:54+05:30,4045.0,2,4064.96,299731,96101.0,135499.0,4100.0,4110.0,4044.9,4092.6,22340850,4501.8,3683.4,4440.0,3288.1,4045.0,1858,16,4044.9,260,2,4044.8,2,2,4044.6,75,4,4044.5,45,4,4046.1,58,7,4046.3,29,1,4046.7,29,3,4046.9,75,3,4047.0,127,4
11483,2026-07-02 09:54:54+05:30,4045.1,1,4064.96,299731,96101.0,135499.0,4100.0,4110.0,4044.9,4092.6,22340850,4501.8,3683.4,4440.0,3288.1,4045.0,1858,16,4044.9,260,2,4044.8,2,2,4044.6,75,4,4044.5,45,4,4046.1,58,7,4046.3,29,1,4046.7,29,3,4046.9,75,3,4047.0,127,4
11483,2026-07-02 09:54:55+05:30,4045.1,1,4064.96,299733,96194.0,135667.0,4100.0,4110.0,4044.9,4092.6,22340850,4501.8,3683.4,4440.0,3288.1,4045.1,7,1,4045.0,1891,17,4044.9,260,2,4044.8,2,2,4044.6,42,3,4046.0,25,1,4046.1,56,6,4046.3,29,1,4046.7,17,1,4046.9,24,2
11483,2026-07-02 09:54:55+05:30,4045.9,2,4064.96,299733,96194.0,135667.0,4100.0,4110.0,4044.9,4092.6,22340850,4501.8,3683.4,4440.0,3288.1,4045.1,7,1,4045.0,1891,17,4044.9,260,2,4044.8,2,2,4044.6,42,3,4046.0,25,1,4046.1,56,6,4046.3,29,1,4046.7,17,1,4046.9,24,2
11483,2026-07-02 09:54:56+05:30,4046.3,9,4064.95,299941,96141.0,135876.0,4100.0,4110.0,4044.9,4092.6,22340850,4501.8,3683.4,4440.0,3288.1,4045.1,33,1,4045.0,1757,14,4044.9,260,2,4044.8,59,3,4044.7,3,1,4046.3,20,1,4046.7,17,1,4046.9,53,2,4047.0,127,4,4047.1,11,1
11483,2026-07-02 09:54:56+05:30,4046.3,9,4064.95,299941,96141.0,135876.0,4100.0,4110.0,4044.9,4092.6,22340850,4501.8,3683.4,4440.0,3288.1,4045.1,33,1,4045.0,1757,14,4044.9,260,2,4044.8,59,3,4044.7,3,1,4046.3,20,1,4046.7,17,1,4046.9,53,2,4047.0,127,4,4047.1,11,1
11483,2026-07-02 09:54:57+05:30,4046.3,9,4064.95,299951,95565.0,137244.0,4100.0,4110.0,4044.9,4092.6,22340850,4501.8,3683.4,4440.0,3288.1,4045.0,1779,15,4044.9,250,1,4044.8,2,2,4044.6,6,2,4044.5,1,1,4045.1,175,1,4046.0,31,4,4046.2,29,3,4046.3,37,11,4046.4,7,1
11483,2026-07-02 09:54:57+05:30,4045.1,10,4064.95,299951,95565.0,137244.0,4100.0,4110.0,4044.9,4092.6,22340850,4501.8,3683.4,4440.0,3288.1,4045.0,1779,15,4044.9,250,1,4044.8,2,2,4044.6,6,2,4044.5,1,1,4045.1,175,1,4046.0,31,4,4046.2,29,3,4046.3,37,11,4046.4,7,1
11483,2026-07-02 09:54:58+05:30,4045.1,6,4064.95,299968,95733.0,137128.0,4100.0,4110.0,4044.9,4092.6,22340850,4501.8,3683.4,4440.0,3288.1,4045.0,1779,15,4044.9,250,1,4044.8,2,2,4044.6,6,2,4044.5,1,1,4045.1,159,2,4046.0,31,4,4046.2,29,3,4046.3,37,11,4046.4,21,2
11483,2026-07-02 09:54:58+05:30,4045.1,1,4064.95,299968,95733.0,137128.0,4100.0,4110.0,4044.9,4092.6,22340850,4501.8,3683.4,4440.0,3288.1,4045.0,1779,15,4044.9,250,1,4044.8,2,2,4044.6,6,2,4044.5,1,1,4045.1,159,2,4046.0,31,4,4046.2,29,3,4046.3,37,11,4046.4,21,2
11483,2026-07-02 09:54:59+05:30,4046.3,2,4064.93,300131,96775.0,135417.0,4100.0,4110.0,4044.9,4092.6,22340850,4501.8,3683.4,4440.0,3288.1,4045.3,65,4,4045.2,69,5,4045.1,55,4,4045.0,1827,19,4044.9,306,6,4046.3,15,7,4046.7,17,1,4047.0,100,2,4047.1,11,1,4047.3,8,1
11483,2026-07-02 09:54:59+05:30,4046.3,1,4064.93,300131,96775.0,135417.0,4100.0,4110.0,4044.9,4092.6,22340850,4501.8,3683.4,4440.0,3288.1,4045.3,65,4,4045.2,69,5,4045.1,55,4,4045.0,1827,19,4044.9,306,6,4046.3,15,7,4046.7,17,1,4047.0,100,2,4047.1,11,1,4047.3,8,1
11483,2026-07-02 09:55:00+05:30,4046.3,9,4064.93,300181,97204.0,135075.0,4100.0,4110.0,4044.9,4092.6,22340850,4501.8,3683.4,4440.0,3288.1,4045.5,80,4,4045.4,13,1,4045.3,31,3,4045.2,46,4,4045.1,60,5,4046.3,28,5,4046.7,17,1,4047.0,100,2,4047.4,25,2,4047.5,5,1
11483,2026-07-02 09:55:00+05:30,4045.5,49,4064.93,300181,97204.0,135075.0,4100.0,4110.0,4044.9,4092.6,22340850,4501.8,3683.4,4440.0,3288.1,4045.5,80,4,4045.4,13,1,4045.3,31,3,4045.2,46,4,4045.1,60,5,4046.3,28,5,4046.7,17,1,4047.0,100,2,4047.4,25,2,4047.5,5,1
11483,2026-07-02 09:55:01+05:30,4045.1,11,4064.93,300270,96302.0,136585.0,4100.0,4110.0,4044.9,4092.6,22340850,4501.8,3683.4,4440.0,3288.1,4045.0,1778,16,4044.9,250,1,4044.8,2,2,4044.6,6,2,4044.5,10,2,4045.1,143,1,4045.5,4,3,4046.0,3,1,4046.3,41,6,4046.5,183,2
11483,2026-07-02 09:55:01+05:30,4045.1,1,4064.93,300270,96302.0,136585.0,4100.0,4110.0,4044.9,4092.6,22340850,4501.8,3683.4,4440.0,3288.1,4045.0,1778,16,4044.9,250,1,4044.8,2,2,4044.6,6,2,4044.5,10,2,4045.1,143,1,4045.5,4,3,4046.0,3,1,4046.3,41,6,4046.5,183,2
11483,2026-07-02 09:55:02+05:30,4046.3,3,4064.91,300524,96788.0,135461.0,4100.0,4110.0,4044.9,4092.6,22340850,4501.8,3683.4,4440.0,3288.1,4045.0,1953,22,4044.9,280,3,4044.8,88,5,4044.6,18,4,4044.5,22,3,4046.3,31,1,4046.7,20,2,4047.0,101,3,4047.3,13,2,4047.4,27,3
11483,2026-07-02 09:55:02+05:30,4046.3,1,4064.91,300524,96788.0,135461.0,4100.0,4110.0,4044.9,4092.6,22340850,4501.8,3683.4,4440.0,3288.1,4045.0,1953,22,4044.9,280,3,4044.8,88,5,4044.6,18,4,4044.5,22,3,4046.3,31,1,4046.7,20,2,4047.0,101,3,4047.3,13,2,4047.4,27,3
11483,2026-07-02 09:55:03+05:30,4046.3,4,4064.91,300524,96788.0,135461.0,4100.0,4110.0,4044.9,4092.6,22340850,4501.8,3683.4,4440.0,3288.1,4045.0,1953,22,4044.9,280,3,4044.8,88,5,4044.6,18,4,4044.5,22,3,4046.3,31,1,4046.7,20,2,4047.0,101,3,4047.3,13,2,4047.4,27,3
11483,2026-07-02 09:55:03+05:30,4046.3,4,4064.91,300533,96757.0,135555.0,4100.0,4110.0,4044.9,4092.6,22340850,4501.8,3683.4,4440.0,3288.1,4045.0,1919,20,4044.9,284,4,4044.8,81,4,4044.7,23,1,4044.6,15,3,4046.3,32,5,4046.7,20,2,4046.9,7,1,4047.0,101,3,4047.3,13,2
11483,2026-07-02 09:55:04+05:30,4046.3,1,4064.91,300533,96757.0,135555.0,4100.0,4110.0,4044.9,4092.6,22340850,4501.8,3683.4,4440.0,3288.1,4045.0,1919,20,4044.9,284,4,4044.8,81,4,4044.7,23,1,4044.6,15,3,4046.3,32,5,4046.7,20,2,4046.9,7,1,4047.0,101,3,4047.3,13,2
11483,2026-07-02 09:55:04+05:30,4046.3,1,4064.9,300597,96855.0,135663.0,4100.0,4110.0,4044.9,4092.6,22340850,4501.8,3683.4,4440.0,3288.1,4045.1,38,3,4045.0,1928,20,4044.9,294,4,4044.8,103,5,4044.7,23,1,4046.3,39,5,4046.7,20,2,4047.0,101,3,4047.2,7,1,4047.3,15,2
11483,2026-07-02 09:55:05+05:30,4046.3,1,4064.9,300597,96855.0,135663.0,4100.0,4110.0,4044.9,4092.6,22340850,4501.8,3683.4,4440.0,3288.1,4045.1,38,3,4045.0,1928,20,4044.9,294,4,4044.8,103,5,4044.7,23,1,4046.3,39,5,4046.7,20,2,4047.0,101,3,4047.2,7,1,4047.3,15,2
11483,2026-07-02 09:55:05+05:30,4046.3,1,4064.9,300599,96860.0,135666.0,4100.0,4110.0,4044.9,4092.6,22340850,4501.8,3683.4,4440.0,3288.1,4045.2,19,1,4045.1,61,6,4045.0,1908,20,4044.9,279,3,4044.8,103,5,4046.3,38,4,4046.7,17,1,4047.0,101,3,4047.3,9,1,4047.4,31,3
11483,2026-07-02 09:55:06+05:30,4046.3,1,4064.9,300599,96860.0,135666.0,4100.0,4110.0,4044.9,4092.6,22340850,4501.8,3683.4,4440.0,3288.1,4045.2,19,1,4045.1,61,6,4045.0,1908,20,4044.9,279,3,4044.8,103,5,4046.3,38,4,4046.7,17,1,4047.0,101,3,4047.3,9,1,4047.4,31,3
11483,2026-07-02 09:55:06+05:30,4046.3,1,4064.9,300720,97077.0,135816.0,4100.0,4110.0,4044.9,4092.6,22340850,4501.8,3683.4,4440.0,3288.1,4045.5,2,1,4045.1,39,4,4045.0,1906,19,4044.9,294,4,4044.8,103,5,4046.3,36,1,4046.8,14,2,4046.9,16,2,4047.0,75,5,4047.2,7,1
11483,2026-07-02 09:55:07+05:30,4046.3,1,4064.9,300720,97077.0,135816.0,4100.0,4110.0,4044.9,4092.6,22340850,4501.8,3683.4,4440.0,3288.1,4045.5,2,1,4045.1,39,4,4045.0,1906,19,4044.9,294,4,4044.8,103,5,4046.3,36,1,4046.8,14,2,4046.9,16,2,4047.0,75,5,4047.2,7,1
11483,2026-07-02 09:55:07+05:30,4045.5,2,4064.9,300723,96558.0,136405.0,4100.0,4110.0,4044.9,4092.6,22340850,4501.8,3683.4,4440.0,3288.1,4045.1,1,1,4045.0,1888,19,4044.9,250,1,4044.8,2,2,4044.6,6,2,4045.2,173,1,4046.0,5,1,4046.2,3,1,4046.3,39,4,4046.6,183,2
11483,2026-07-02 09:55:08+05:30,4045.2,1,4064.9,300723,96558.0,136405.0,4100.0,4110.0,4044.9,4092.6,22340850,4501.8,3683.4,4440.0,3288.1,4045.1,1,1,4045.0,1888,19,4044.9,250,1,4044.8,2,2,4044.6,6,2,4045.2,173,1,4046.0,5,1,4046.2,3,1,4046.3,39,4,4046.6,183,2
11483,2026-07-02 09:55:09+05:30,4045.2,1,4064.9,300726,96705.0,136457.0,4100.0,4110.0,4044.9,4092.6,22340850,4501.8,3683.4,4440.0,3288.1,4045.1,112,3,4045.0,1941,23,4044.9,250,1,4044.8,2,2,4044.7,14,2,4045.2,170,1,4046.0,5,1,4046.3,39,4,4046.6,183,2,4046.8,35,4
11483,2026-07-02 09:55:09+05:30,4045.2,1,4064.9,300726,96705.0,136457.0,4100.0,4110.0,4044.9,4092.6,22340850,4501.8,3683.4,4440.0,3288.1,4045.1,112,3,4045.0,1941,23,4044.9,250,1,4044.8,2,2,4044.7,14,2,4045.2,170,1,4046.0,5,1,4046.3,39,4,4046.6,183,2,4046.8,35,4
11483,2026-07-02 09:55:10+05:30,4045.2,10,4064.89,300769,96748.0,136442.0,4100.0,4110.0,4044.9,4092.6,22340850,4501.8,3683.4,4440.0,3288.1,4045.1,119,4,4045.0,1945,25,4044.9,250,1,4044.8,2,2,4044.7,14,2,4045.2,128,2,4046.0,5,1,4046.3,39,4,4046.6,183,2,4046.8,14,2
11483,2026-07-02 09:55:10+05:30,4045.2,10,4064.89,300769,96748.0,136442.0,4100.0,4110.0,4044.9,4092.6,22340850,4501.8,3683.4,4440.0,3288.1,4045.1,119,4,4045.0,1945,25,4044.9,250,1,4044.8,2,2,4044.7,14,2,4045.2,128,2,4046.0,5,1,4046.3,39,4,4046.6,183,2,4046.8,14,2
11483,2026-07-02 09:55:10+05:30,4045.2,1,4064.89,300769,96748.0,136442.0,4100.0,4110.0,4044.9,4092.6,22340850,4501.8,3683.4,4440.0,3288.1,4045.1,119,4,4045.0,1945,25,4044.9,250,1,4044.8,2,2,4044.7,14,2,4045.2,128,2,4046.0,5,1,4046.3,39,4,4046.6,183,2,4046.8,14,2
11483,2026-07-02 09:55:10+05:30,4045.2,1,4064.89,300769,96748.0,136442.0,4100.0,4110.0,4044.9,4092.6,22340850,4501.8,3683.4,4440.0,3288.1,4045.1,119,4,4045.0,1945,25,4044.9,250,1,4044.8,2,2,4044.7,14,2,4045.2,128,2,4046.0,5,1,4046.3,39,4,4046.6,183,2,4046.8,14,2
11483,2026-07-02 09:55:11+05:30,4045.2,1,4064.89,300769,96748.0,136442.0,4100.0,4110.0,4044.9,4092.6,22340850,4501.8,3683.4,4440.0,3288.1,4045.1,119,4,4045.0,1945,25,4044.9,250,1,4044.8,2,2,4044.7,14,2,4045.2,128,2,4046.0,5,1,4046.3,39,4,4046.6,183,2,4046.8,14,2
11483,2026-07-02 09:55:11+05:30,4045.2,50,4064.89,300821,96776.0,136610.0,4100.0,4110.0,4044.9,4092.6,22340850,4501.8,3683.4,4440.0,3288.1,4045.1,114,5,4045.0,1950,26,4044.9,261,3,4044.8,2,2,4044.7,14,2,4045.2,79,5,4046.3,39,4,4046.6,61,1,4046.8,14,2,4046.9,31,3
11483,2026-07-02 09:55:11+05:30,4045.2,50,4064.89,300821,96776.0,136610.0,4100.0,4110.0,4044.9,4092.6,22340850,4501.8,3683.4,4440.0,3288.1,4045.1,114,5,4045.0,1950,26,4044.9,261,3,4044.8,2,2,4044.7,14,2,4045.2,79,5,4046.3,39,4,4046.6,61,1,4046.8,14,2,4046.9,31,3
11483,2026-07-02 09:55:11+05:30,4045.2,1,4064.89,300821,96776.0,136610.0,4100.0,4110.0,4044.9,4092.6,22340850,4501.8,3683.4,4440.0,3288.1,4045.1,114,5,4045.0,1950,26,4044.9,261,3,4044.8,2,2,4044.7,14,2,4045.2,79,5,4046.3,39,4,4046.6,61,1,4046.8,14,2,4046.9,31,3
11483,2026-07-02 09:55:11+05:30,4045.2,1,4064.89,300821,96776.0,136610.0,4100.0,4110.0,4044.9,4092.6,22340850,4501.8,3683.4,4440.0,3288.1,4045.1,114,5,4045.0,1950,26,4044.9,261,3,4044.8,2,2,4044.7,14,2,4045.2,79,5,4046.3,39,4,4046.6,61,1,4046.8,14,2,4046.9,31,3
11483,2026-07-02 09:55:12+05:30,4045.2,10,4064.89,300850,96778.0,136613.0,4100.0,4110.0,4044.9,4092.6,22340850,4501.8,3683.4,4440.0,3288.1,4045.1,84,2,4045.0,1947,25,4044.9,261,2,4044.8,8,3,4044.7,7,1,4045.2,70,7,4046.3,36,2,4046.6,61,1,4046.8,14,2,4046.9,31,3
11483,2026-07-02 09:55:12+05:30,4045.2,10,4064.89,300850,96778.0,136613.0,4100.0,4110.0,4044.9,4092.6,22340850,4501.8,3683.4,4440.0,3288.1,4045.1,84,2,4045.0,1947,25,4044.9,261,2,4044.8,8,3,4044.7,7,1,4045.2,70,7,4046.3,36,2,4046.6,61,1,4046.8,14,2,4046.9,31,3
11483,2026-07-02 09:55:12+05:30,4045.2,1,4064.89,300850,96778.0,136613.0,4100.0,4110.0,4044.9,4092.6,22340850,4501.8,3683.4,4440.0,3288.1,4045.1,84,2,4045.0,1947,25,4044.9,261,2,4044.8,8,3,4044.7,7,1,4045.2,70,7,4046.3,36,2,4046.6,61,1,4046.8,14,2,4046.9,31,3
11483,2026-07-02 09:55:12+05:30,4045.2,1,4064.89,300850,96778.0,136613.0,4100.0,4110.0,4044.9,4092.6,22340850,4501.8,3683.4,4440.0,3288.1,4045.1,84,2,4045.0,1947,25,4044.9,261,2,4044.8,8,3,4044.7,7,1,4045.2,70,7,4046.3,36,2,4046.6,61,1,4046.8,14,2,4046.9,31,3
11483,2026-07-02 09:55:13+05:30,4045.2,1,4064.89,300850,96778.0,136613.0,4100.0,4110.0,4044.9,4092.6,22340850,4501.8,3683.4,4440.0,3288.1,4045.1,84,2,4045.0,1947,25,4044.9,261,2,4044.8,8,3,4044.7,7,1,4045.2,70,7,4046.3,36,2,4046.6,61,1,4046.8,14,2,4046.9,31,3
11483,2026-07-02 09:55:13+05:30,4045.1,1,4064.89,300853,96769.0,136610.0,4100.0,4110.0,4044.9,4092.6,22340850,4501.8,3683.4,4440.0,3288.1,4045.1,102,3,4045.0,1947,25,4044.9,261,2,4044.8,8,3,4044.7,7,1,4045.2,72,10,4046.3,35,1,4046.6,61,1,4046.8,14,2,4046.9,31,3
11483,2026-07-02 09:55:13+05:30,4045.1,1,4064.89,300853,96769.0,136610.0,4100.0,4110.0,4044.9,4092.6,22340850,4501.8,3683.4,4440.0,3288.1,4045.1,102,3,4045.0,1947,25,4044.9,261,2,4044.8,8,3,4044.7,7,1,4045.2,72,10,4046.3,35,1,4046.6,61,1,4046.8,14,2,4046.9,31,3
11483,2026-07-02 09:55:13+05:30,4045.2,3,4064.89,300853,96769.0,136610.0,4100.0,4110.0,4044.9,4092.6,22340850,4501.8,3683.4,4440.0,3288.1,4045.1,102,3,4045.0,1947,25,4044.9,261,2,4044.8,8,3,4044.7,7,1,4045.2,72,10,4046.3,35,1,4046.6,61,1,4046.8,14,2,4046.9,31,3
11483,2026-07-02 09:55:13+05:30,4045.2,3,4064.89,300853,96769.0,136610.0,4100.0,4110.0,4044.9,4092.6,22345050,4501.8,3683.4,4440.0,3288.1,4045.1,102,3,4045.0,1947,25,4044.9,261,2,4044.8,8,3,4044.7,7,1,4045.2,72,10,4046.3,35,1,4046.6,61,1,4046.8,14,2,4046.9,31,3
11483,2026-07-02 09:55:14+05:30,4045.2,3,4064.89,300853,96769.0,136610.0,4100.0,4110.0,4044.9,4092.6,22345050,4501.8,3683.4,4440.0,3288.1,4045.1,102,3,4045.0,1947,25,4044.9,261,2,4044.8,8,3,4044.7,7,1,4045.2,72,10,4046.3,35,1,4046.6,61,1,4046.8,14,2,4046.9,31,3
11483,2026-07-02 09:55:14+05:30,4045.1,1,4064.89,300859,96778.0,136631.0,4100.0,4110.0,4044.9,4092.6,22345050,4501.8,3683.4,4440.0,3288.1,4045.1,100,3,4045.0,1947,25,4044.9,250,1,4044.8,2,2,4044.7,7,1,4045.2,71,13,4046.3,35,1,4046.6,61,1,4046.8,14,2,4046.9,31,3
11483,2026-07-02 09:55:14+05:30,4045.1,1,4064.89,300859,96778.0,136631.0,4100.0,4110.0,4044.9,4092.6,22345050,4501.8,3683.4,4440.0,3288.1,4045.1,100,3,4045.0,1947,25,4044.9,250,1,4044.8,2,2,4044.7,7,1,4045.2,71,13,4046.3,35,1,4046.6,61,1,4046.8,14,2,4046.9,31,3
11483,2026-07-02 09:55:14+05:30,4045.1,1,4064.89,300859,96778.0,136631.0,4100.0,4110.0,4044.9,4092.6,22345050,4501.8,3683.4,4440.0,3288.1,4045.1,100,3,4045.0,1947,25,4044.9,250,1,4044.8,2,2,4044.7,7,1,4045.2,71,13,4046.3,35,1,4046.6,61,1,4046.8,14,2,4046.9,31,3
11483,2026-07-02 09:55:14+05:30,4045.1,1,4064.89,300859,96778.0,136631.0,4100.0,4110.0,4044.9,4092.6,22345050,4501.8,3683.4,4440.0,3288.1,4045.1,100,3,4045.0,1947,25,4044.9,250,1,4044.8,2,2,4044.7,7,1,4045.2,71,13,4046.3,35,1,4046.6,61,1,4046.8,14,2,4046.9,31,3
11483,2026-07-02 09:55:15+05:30,4045.1,1,4064.89,300859,96778.0,136631.0,4100.0,4110.0,4044.9,4092.6,22345050,4501.8,3683.4,4440.0,3288.1,4045.1,100,3,4045.0,1947,25,4044.9,250,1,4044.8,2,2,4044.7,7,1,4045.2,71,13,4046.3,35,1,4046.6,61,1,4046.8,14,2,4046.9,31,3
11483,2026-07-02 09:55:15+05:30,4045.1,1,4064.89,300867,96770.0,136669.0,4100.0,4110.0,4044.9,4092.6,22345050,4501.8,3683.4,4440.0,3288.1,4045.1,92,3,4045.0,1947,25,4044.9,250,1,4044.8,2,2,4044.7,7,1,4045.2,68,10,4046.3,35,1,4046.6,61,1,4046.8,14,2,4046.9,31,3
11483,2026-07-02 09:55:15+05:30,4045.1,1,4064.89,300867,96770.0,136669.0,4100.0,4110.0,4044.9,4092.6,22345050,4501.8,3683.4,4440.0,3288.1,4045.1,92,3,4045.0,1947,25,4044.9,250,1,4044.8,2,2,4044.7,7,1,4045.2,68,10,4046.3,35,1,4046.6,61,1,4046.8,14,2,4046.9,31,3
11483,2026-07-02 09:55:16+05:30,4045.1,1,4064.89,300867,96770.0,136669.0,4100.0,4110.0,4044.9,4092.6,22345050,4501.8,3683.4,4440.0,3288.1,4045.1,92,3,4045.0,1947,25,4044.9,250,1,4044.8,2,2,4044.7,7,1,4045.2,68,10,4046.3,35,1,4046.6,61,1,4046.8,14,2,4046.9,31,3
11483,2026-07-02 09:55:16+05:30,4045.1,1,4064.89,300887,97918.0,136654.0,4100.0,4110.0,4044.9,4092.6,22345050,4501.8,3683.4,4440.0,3288.1,4045.1,79,3,4045.0,1957,26,4044.9,255,2,4044.8,2,2,4044.7,7,1,4045.2,58,7,4046.3,35,1,4046.6,61,1,4046.8,14,2,4046.9,31,3
11483,2026-07-02 09:55:17+05:30,4045.1,1,4064.89,300894,98038.0,136654.0,4100.0,4110.0,4044.9,4092.6,22345050,4501.8,3683.4,4440.0,3288.1,4045.1,72,3,4045.0,1957,26,4044.9,255,2,4044.8,2,2,4044.7,7,1,4045.2,55,4,4046.3,35,1,4046.6,61,1,4046.8,14,2,4046.9,31,3
11483,2026-07-02 09:55:17+05:30,4045.1,1,4064.89,300894,98038.0,136654.0,4100.0,4110.0,4044.9,4092.6,22345050,4501.8,3683.4,4440.0,3288.1,4045.1,72,3,4045.0,1957,26,4044.9,255,2,4044.8,2,2,4044.7,7,1,4045.2,55,4,4046.3,35,1,4046.6,61,1,4046.8,14,2,4046.9,31,3
11483,2026-07-02 09:55:18+05:30,4045.1,1,4064.89,300894,98038.0,136654.0,4100.0,4110.0,4044.9,4092.6,22345050,4501.8,3683.4,4440.0,3288.1,4045.1,72,3,4045.0,1957,26,4044.9,255,2,4044.8,2,2,4044.7,7,1,4045.2,55,4,4046.3,35,1,4046.6,61,1,4046.8,14,2,4046.9,31,3
11483,2026-07-02 09:55:18+05:30,4045.1,1,4064.85,301492,97441.0,136518.0,4100.0,4110.0,4044.9,4092.6,22345050,4501.8,3683.4,4440.0,3288.1,4045.0,1542,27,4044.9,250,1,4044.8,2,2,4044.6,6,2,4044.5,38,4,4046.2,30,2,4046.3,66,2,4046.5,81,2,4046.6,28,2,4046.7,51,4
11483,2026-07-02 09:55:19+05:30,4045.1,1,4064.85,301492,97441.0,136518.0,4100.0,4110.0,4044.9,4092.6,22345050,4501.8,3683.4,4440.0,3288.1,4045.0,1542,27,4044.9,250,1,4044.8,2,2,4044.6,6,2,4044.5,38,4,4046.2,30,2,4046.3,66,2,4046.5,81,2,4046.6,28,2,4046.7,51,4
11483,2026-07-02 09:55:19+05:30,4045.1,1,4064.85,301525,97724.0,136371.0,4100.0,4110.0,4044.9,4092.6,22345050,4501.8,3683.4,4440.0,3288.1,4045.2,25,1,4045.0,1565,28,4044.9,250,1,4044.8,17,3,4044.6,6,2,4046.0,2,2,4046.3,54,1,4046.5,98,2,4046.6,28,2,4046.7,36,3
11483,2026-07-02 09:55:20+05:30,4045.4,1,4064.85,301525,97724.0,136371.0,4100.0,4110.0,4044.9,4092.6,22345050,4501.8,3683.4,4440.0,3288.1,4045.2,25,1,4045.0,1565,28,4044.9,250,1,4044.8,17,3,4044.6,6,2,4046.0,2,2,4046.3,54,1,4046.5,98,2,4046.6,28,2,4046.7,36,3
11483,2026-07-02 09:55:20+05:30,4046.3,13,4064.84,301633,98289.0,135494.0,4100.0,4110.0,4044.9,4092.6,22345050,4501.8,3683.4,4440.0,3288.1,4045.4,35,4,4045.3,93,4,4045.2,111,5,4045.1,100,4,4045.0,1578,30,4046.3,41,1,4046.7,8,1,4047.0,72,4,4047.4,11,1,4047.5,5,1
11483,2026-07-02 09:55:21+05:30,4045.4,1,4064.84,301633,98289.0,135494.0,4100.0,4110.0,4044.9,4092.6,22345050,4501.8,3683.4,4440.0,3288.1,4045.4,35,4,4045.3,93,4,4045.2,111,5,4045.1,100,4,4045.0,1578,30,4046.3,41,1,4046.7,8,1,4047.0,72,4,4047.4,11,1,4047.5,5,1
11483,2026-07-02 09:55:21+05:30,4045.4,1,4064.84,301634,98351.0,135660.0,4100.0,4110.0,4044.9,4092.6,22345050,4501.8,3683.4,4440.0,3288.1,4046.0,2,1,4045.4,25,3,4045.3,69,2,4045.2,111,5,4045.1,101,5,4046.3,44,3,4046.7,8,1,4047.0,72,4,4047.4,11,1,4047.5,5,1
11483,2026-07-02 09:55:22+05:30,4046.3,4,4064.84,301634,98351.0,135660.0,4100.0,4110.0,4044.9,4092.6,22345050,4501.8,3683.4,4440.0,3288.1,4046.0,2,1,4045.4,25,3,4045.3,69,2,4045.2,111,5,4045.1,101,5,4046.3,44,3,4046.7,8,1,4047.0,72,4,4047.4,11,1,4047.5,5,1
11483,2026-07-02 09:55:22+05:30,4046.3,4,4064.83,301690,98880.0,135463.0,4100.0,4110.0,4044.9,4092.6,22345050,4501.8,3683.4,4440.0,3288.1,4046.0,1,1,4045.5,61,3,4045.4,53,3,4045.3,85,3,4045.2,110,5,4046.3,56,2,4047.0,61,3,4047.4,11,1,4047.5,5,1,4047.7,21,2
11483,2026-07-02 09:55:23+05:30,4046.0,1,4064.83,301690,98880.0,135463.0,4100.0,4110.0,4044.9,4092.6,22345050,4501.8,3683.4,4440.0,3288.1,4046.0,1,1,4045.5,61,3,4045.4,53,3,4045.3,85,3,4045.2,110,5,4046.3,56,2,4047.0,61,3,4047.4,11,1,4047.5,5,1,4047.7,21,2
11483,2026-07-02 09:55:23+05:30,4046.0,1,4064.83,301692,98159.0,135702.0,4100.0,4110.0,4044.9,4092.6,22345050,4501.8,3683.4,4440.0,3288.1,4045.4,1,1,4045.2,25,1,4045.1,11,2,4045.0,1602,29,4044.9,250,1,4046.0,1,1,4046.3,57,4,4046.7,15,1,4046.9,3,1,4047.0,78,5
11483,2026-07-02 09:55:24+05:30,4045.4,1,4064.83,301692,98159.0,135702.0,4100.0,4110.0,4044.9,4092.6,22345050,4501.8,3683.4,4440.0,3288.1,4045.4,1,1,4045.2,25,1,4045.1,11,2,4045.0,1602,29,4044.9,250,1,4046.0,1,1,4046.3,57,4,4046.7,15,1,4046.9,3,1,4047.0,78,5
11483,2026-07-02 09:55:24+05:30,4045.4,1,4064.83,301712,98341.0,135808.0,4100.0,4110.0,4044.9,4092.6,22345050,4501.8,3683.4,4440.0,3288.1,4045.2,72,5,4045.1,49,5,4045.0,1602,29,4044.9,250,1,4044.8,93,5,4046.3,55,4,4046.7,15,1,4047.0,71,4,4047.3,20,2,4047.4,17,2
11483,2026-07-02 09:55:25+05:30,4045.2,1,4064.83,301712,98341.0,135808.0,4100.0,4110.0,4044.9,4092.6,22345050,4501.8,3683.4,4440.0,3288.1,4045.2,72,5,4045.1,49,5,4045.0,1602,29,4044.9,250,1,4044.8,93,5,4046.3,55,4,4046.7,15,1,4047.0,71,4,4047.3,20,2,4047.4,17,2
11483,2026-07-02 09:55:25+05:30,4045.4,1,4064.83,301714,98199.0,136238.0,4100.0,4110.0,4044.9,4092.6,22345050,4501.8,3683.4,4440.0,3288.1,4045.2,55,4,4045.1,16,3,4045.0,1604,30,4044.9,250,1,4044.8,11,3,4045.4,1,1,4046.3,55,4,4046.7,15,1,4046.9,63,1,4047.0,86,5
11483,2026-07-02 09:55:26+05:30,4046.3,1,4064.83,301714,98199.0,136238.0,4100.0,4110.0,4044.9,4092.6,22345050,4501.8,3683.4,4440.0,3288.1,4045.2,55,4,4045.1,16,3,4045.0,1604,30,4044.9,250,1,4044.8,11,3,4045.4,1,1,4046.3,55,4,4046.7,15,1,4046.9,63,1,4047.0,86,5
11483,2026-07-02 09:55:26+05:30,4046.3,1,4064.83,301717,98424.0,136521.0,4100.0,4110.0,4044.9,4092.6,22345050,4501.8,3683.4,4440.0,3288.1,4045.4,1,1,4045.2,44,3,4045.1,31,4,4045.0,1614,31,4044.9,250,1,4046.3,97,7,4046.7,15,1,4047.0,140,5,4047.2,15,2,4047.3,28,2
11483,2026-07-02 09:55:27+05:30,4045.4,7,4064.83,301717,98424.0,136521.0,4100.0,4110.0,4044.9,4092.6,22345050,4501.8,3683.4,4440.0,3288.1,4045.4,1,1,4045.2,44,3,4045.1,31,4,4045.0,1614,31,4044.9,250,1,4046.3,97,7,4046.7,15,1,4047.0,140,5,4047.2,15,2,4047.3,28,2
11483,2026-07-02 09:55:27+05:30,4045.4,5,4064.83,301800,98437.0,136442.0,4100.0,4110.0,4044.9,4092.6,22345050,4501.8,3683.4,4440.0,3288.1,4045.4,22,3,4045.2,40,3,4045.1,38,5,4045.0,1647,34,4044.9,258,2,4046.3,85,5,4046.7,15,1,4047.0,61,3,4047.4,38,3,4047.5,20,3
11483,2026-07-02 09:55:28+05:30,4045.4,2,4064.83,301800,98437.0,136442.0,4100.0,4110.0,4044.9,4092.6,22345050,4501.8,3683.4,4440.0,3288.1,4045.4,22,3,4045.2,40,3,4045.1,38,5,4045.0,1647,34,4044.9,258,2,4046.3,85,5,4046.7,15,1,4047.0,61,3,4047.4,38,3,4047.5,20,3
11483,2026-07-02 09:55:29+05:30,4046.3,5,4064.83,301823,98471.0,136380.0,4100.0,4110.0,4044.9,4092.6,22345050,4501.8,3683.4,4440.0,3288.1,4045.4,1,1,4045.2,41,4,4045.1,31,4,4045.0,1647,34,4044.9,258,2,4046.3,68,5,4046.7,15,1,4047.0,61,3,4047.4,38,3,4047.5,20,3
11483,2026-07-02 09:55:29+05:30,4045.4,1,4064.83,301823,98471.0,136380.0,4100.0,4110.0,4044.9,4092.6,22345050,4501.8,3683.4,4440.0,3288.1,4045.4,1,1,4045.2,41,4,4045.1,31,4,4045.0,1647,34,4044.9,258,2,4046.3,68,5,4046.7,15,1,4047.0,61,3,4047.4,38,3,4047.5,20,3
11483,2026-07-02 09:55:30+05:30,4045.4,1,4064.83,301824,98512.0,136568.0,4100.0,4110.0,4044.9,4092.6,22345050,4501.8,3683.4,4440.0,3288.1,4046.0,1,1,4045.4,1,1,4045.2,41,4,4045.1,31,4,4045.0,1645,34,4046.3,70,7,4046.6,2,1,4046.7,15,1,4047.0,68,4,4047.3,7,1
11483,2026-07-02 09:55:30+05:30,4046.0,1,4064.83,301824,98512.0,136568.0,4100.0,4110.0,4044.9,4092.6,22345050,4501.8,3683.4,4440.0,3288.1,4046.0,1,1,4045.4,1,1,4045.2,41,4,4045.1,31,4,4045.0,1645,34,4046.3,70,7,4046.6,2,1,4046.7,15,1,4047.0,68,4,4047.3,7,1
11483,2026-07-02 09:55:31+05:30,4046.2,4,4064.83,301837,98368.0,136915.0,4100.0,4110.0,4044.9,4092.6,22345050,4501.8,3683.4,4440.0,3288.1,4045.4,1,1,4045.2,35,3,4045.1,16,3,4045.0,1645,34,4044.9,250,1,4046.2,7,1,4046.3,73,8,4046.6,24,3,4046.7,29,3,4046.8,31,1
11483,2026-07-02 09:55:31+05:30,4045.4,1,4064.83,301837,98368.0,136915.0,4100.0,4110.0,4044.9,4092.6,22345050,4501.8,3683.4,4440.0,3288.1,4045.4,1,1,4045.2,35,3,4045.1,16,3,4045.0,1645,34,4044.9,250,1,4046.2,7,1,4046.3,73,8,4046.6,24,3,4046.7,29,3,4046.8,31,1
11483,2026-07-02 09:55:32+05:30,4045.4,1,4064.83,301840,97661.0,136936.0,4100.0,4110.0,4044.9,4092.6,22345050,4501.8,3683.4,4440.0,3288.1,4046.0,2,1,4045.2,49,4,4045.1,21,4,4045.0,1645,34,4044.9,250,1,4046.1,12,1,4046.2,1,1,4046.3,77,7,4046.6,14,2,4046.7,35,4
11483,2026-07-02 09:55:32+05:30,4045.4,1,4064.83,301840,97661.0,136936.0,4100.0,4110.0,4044.9,4092.6,22345050,4501.8,3683.4,4440.0,3288.1,4046.0,2,1,4045.2,49,4,4045.1,21,4,4045.0,1645,34,4044.9,250,1,4046.1,12,1,4046.2,1,1,4046.3,77,7,4046.6,14,2,4046.7,35,4
11483,2026-07-02 09:55:33+05:30,4046.1,1,4064.83,301841,97752.0,136951.0,4100.0,4110.0,4044.9,4092.6,22345050,4501.8,3683.4,4440.0,3288.1,4046.0,2,1,4045.2,49,4,4045.1,21,4,4045.0,1653,35,4044.9,250,1,4046.2,13,2,4046.3,77,7,4046.6,14,2,4046.7,35,4,4046.9,49,3
11483,2026-07-02 09:55:33+05:30,4046.1,1,4064.83,301841,97752.0,136951.0,4100.0,4110.0,4044.9,4092.6,22345050,4501.8,3683.4,4440.0,3288.1,4046.0,2,1,4045.2,49,4,4045.1,21,4,4045.0,1653,35,4044.9,250,1,4046.2,13,2,4046.3,77,7,4046.6,14,2,4046.7,35,4,4046.9,49,3
11483,2026-07-02 09:55:34+05:30,4046.1,1,4064.83,301841,97752.0,136951.0,4100.0,4110.0,4044.9,4092.6,22345050,4501.8,3683.4,4440.0,3288.1,4046.0,2,1,4045.2,49,4,4045.1,21,4,4045.0,1653,35,4044.9,250,1,4046.2,13,2,4046.3,77,7,4046.6,14,2,4046.7,35,4,4046.9,49,3
11483,2026-07-02 09:55:34+05:30,4046.1,1,4064.82,301857,97706.0,136809.0,4100.0,4110.0,4044.9,4092.6,22345050,4501.8,3683.4,4440.0,3288.1,4045.2,22,3,4045.1,21,4,4045.0,1667,36,4044.9,250,1,4044.8,2,2,4046.0,2,2,4046.2,1,1,4046.3,75,5,4046.6,14,2,4046.7,100,5
11483,2026-07-02 09:55:35+05:30,4046.0,1,4064.82,301857,97706.0,136809.0,4100.0,4110.0,4044.9,4092.6,22345050,4501.8,3683.4,4440.0,3288.1,4045.2,22,3,4045.1,21,4,4045.0,1667,36,4044.9,250,1,4044.8,2,2,4046.0,2,2,4046.2,1,1,4046.3,75,5,4046.6,14,2,4046.7,100,5
11483,2026-07-02 09:55:35+05:30,4046.0,1,4064.82,301883,97681.0,136918.0,4100.0,4110.0,4044.9,4092.6,22345050,4501.8,3683.4,4440.0,3288.1,4045.1,18,3,4045.0,1653,35,4044.9,250,1,4044.8,2,2,4044.7,14,1,4046.0,7,3,4046.1,1,1,4046.2,1,1,4046.3,75,5,4046.6,78,3
11483,2026-07-02 09:55:36+05:30,4046.3,26,4064.82,301883,97681.0,136918.0,4100.0,4110.0,4044.9,4092.6,22345050,4501.8,3683.4,4440.0,3288.1,4045.1,18,3,4045.0,1653,35,4044.9,250,1,4044.8,2,2,4044.7,14,1,4046.0,7,3,4046.1,1,1,4046.2,1,1,4046.3,75,5,4046.6,78,3
11483,2026-07-02 09:55:36+05:30,4046.3,26,4064.82,301934,98009.0,136638.0,4100.0,4110.0,4044.9,4092.6,22345050,4501.8,3683.4,4440.0,3288.1,4046.0,14,1,4045.4,20,1,4045.2,62,2,4045.1,32,4,4045.0,1653,35,4046.3,29,2,4046.6,2,1,4046.7,15,1,4046.9,19,2,4047.0,61,3
11483,2026-07-02 09:55:37+05:30,4046.3,1,4064.82,301934,98009.0,136638.0,4100.0,4110.0,4044.9,4092.6,22345050,4501.8,3683.4,4440.0,3288.1,4046.0,14,1,4045.4,20,1,4045.2,62,2,4045.1,32,4,4045.0,1653,35,4046.3,29,2,4046.6,2,1,4046.7,15,1,4046.9,19,2,4047.0,61,3
11483,2026-07-02 09:55:37+05:30,4046.3,1,4064.82,301935,97980.0,136624.0,4100.0,4110.0,4044.9,4092.6,22345050,4501.8,3683.4,4440.0,3288.1,4046.0,14,1,4045.4,20,1,4045.2,5,1,4045.1,32,4,4045.0,1687,36,4046.3,30,4,4046.6,2,1,4046.7,15,1,4046.9,19,2,4047.0,61,3
11483,2026-07-02 09:55:38+05:30,4045.9,1,4064.82,301935,97980.0,136624.0,4100.0,4110.0,4044.9,4092.6,22345050,4501.8,3683.4,4440.0,3288.1,4046.0,14,1,4045.4,20,1,4045.2,5,1,4045.1,32,4,4045.0,1687,36,4046.3,30,4,4046.6,2,1,4046.7,15,1,4046.9,19,2,4047.0,61,3
11483,2026-07-02 09:55:38+05:30,4045.9,5,4064.81,302055,98383.0,136605.0,4100.0,4110.0,4044.9,4092.6,22345050,4501.8,3683.4,4440.0,3288.1,4045.4,42,3,4045.3,6,1,4045.2,30,2,4045.1,32,4,4045.0,1751,38,4045.9,158,3,4046.3,63,2,4046.6,2,1,4046.7,15,1,4047.0,61,3
11483,2026-07-02 09:55:39+05:30,4045.9,1,4064.81,302055,98383.0,136605.0,4100.0,4110.0,4044.9,4092.6,22345050,4501.8,3683.4,4440.0,3288.1,4045.4,42,3,4045.3,6,1,4045.2,30,2,4045.1,32,4,4045.0,1751,38,4045.9,158,3,4046.3,63,2,4046.6,2,1,4046.7,15,1,4047.0,61,3
11483,2026-07-02 09:55:39+05:30,4045.9,1,4064.81,302056,98244.0,136626.0,4100.0,4110.0,4044.9,4092.6,22345050,4501.8,3683.4,4440.0,3288.1,4045.4,92,4,4045.3,6,1,4045.2,30,2,4045.1,32,4,4045.0,1701,37,4045.9,158,4,4046.3,63,2,4046.6,2,1,4046.7,15,1,4047.0,61,3
11483,2026-07-02 09:55:40+05:30,4045.9,4,4064.81,302056,98244.0,136626.0,4100.0,4110.0,4044.9,4092.6,22345050,4501.8,3683.4,4440.0,3288.1,4045.4,92,4,4045.3,6,1,4045.2,30,2,4045.1,32,4,4045.0,1701,37,4045.9,158,4,4046.3,63,2,4046.6,2,1,4046.7,15,1,4047.0,61,3
11483,2026-07-02 09:55:40+05:30,4045.9,4,4064.81,302093,98033.0,136418.0,4100.0,4110.0,4044.9,4092.6,22345050,4501.8,3683.4,4440.0,3288.1,4045.4,97,5,4045.2,5,1,4045.1,18,3,4045.0,1701,37,4044.9,265,2,4045.9,123,6,4046.3,63,2,4046.6,2,1,4046.7,15,1,4047.0,61,3
11483,2026-07-02 09:55:41+05:30,4045.9,1,4064.81,302093,98033.0,136418.0,4100.0,4110.0,4044.9,4092.6,22345050,4501.8,3683.4,4440.0,3288.1,4045.4,97,5,4045.2,5,1,4045.1,18,3,4045.0,1701,37,4044.9,265,2,4045.9,123,6,4046.3,63,2,4046.6,2,1,4046.7,15,1,4047.0,61,3
11483,2026-07-02 09:55:41+05:30,4045.9,6,4064.81,302101,98042.0,136414.0,4100.0,4110.0,4044.9,4092.6,22345050,4501.8,3683.4,4440.0,3288.1,4045.4,97,5,4045.2,15,2,4045.1,18,3,4045.0,1680,37,4044.9,265,2,4045.9,116,7,4046.3,63,2,4046.6,2,1,4046.7,15,1,4047.0,61,3
11483,2026-07-02 09:55:42+05:30,4045.9,1,4064.81,302101,98042.0,136414.0,4100.0,4110.0,4044.9,4092.6,22345050,4501.8,3683.4,4440.0,3288.1,4045.4,97,5,4045.2,15,2,4045.1,18,3,4045.0,1680,37,4044.9,265,2,4045.9,116,7,4046.3,63,2,4046.6,2,1,4046.7,15,1,4047.0,61,3
11483,2026-07-02 09:55:42+05:30,4045.9,1,4064.81,302103,98055.0,136397.0,4100.0,4110.0,4044.9,4092.6,22345050,4501.8,3683.4,4440.0,3288.1,4045.4,114,6,4045.2,15,2,4045.1,18,3,4045.0,1679,36,4044.9,265,2,4045.9,115,8,4046.3,63,2,4046.6,2,1,4046.7,15,1,4046.9,14,1
11483,2026-07-02 09:55:43+05:30,4045.9,6,4064.81,302103,98055.0,136397.0,4100.0,4110.0,4044.9,4092.6,22345050,4501.8,3683.4,4440.0,3288.1,4045.4,114,6,4045.2,15,2,4045.1,18,3,4045.0,1679,36,4044.9,265,2,4045.9,115,8,4046.3,63,2,4046.6,2,1,4046.7,15,1,4046.9,14,1
11483,2026-07-02 09:55:43+05:30,4045.4,1,4064.81,302140,98006.0,136460.0,4100.0,4110.0,4044.9,4092.6,22345050,4501.8,3683.4,4440.0,3288.1,4045.4,93,5,4045.2,15,2,4045.1,24,4,4045.0,1660,35,4044.9,250,1,4045.9,94,5,4046.3,62,1,4046.6,2,1,4046.7,15,1,4046.9,62,1
11483,2026-07-02 09:55:44+05:30,4045.9,1,4064.81,302140,98006.0,136460.0,4100.0,4110.0,4044.9,4092.6,22345050,4501.8,3683.4,4440.0,3288.1,4045.4,93,5,4045.2,15,2,4045.1,24,4,4045.0,1660,35,4044.9,250,1,4045.9,94,5,4046.3,62,1,4046.6,2,1,4046.7,15,1,4046.9,62,1
11483,2026-07-02 09:55:45+05:30,4045.9,4,4064.8,302181,98079.0,136305.0,4100.0,4110.0,4044.9,4092.6,22345050,4501.8,3683.4,4440.0,3288.1,4045.4,95,6,4045.2,26,3,4045.1,44,5,4045.0,1661,36,4044.9,270,3,4045.9,58,6,4046.3,62,1,4046.6,2,1,4046.7,15,1,4047.0,61,3
11483,2026-07-02 09:55:45+05:30,4045.4,2,4064.8,302181,98079.0,136305.0,4100.0,4110.0,4044.9,4092.6,22345050,4501.8,3683.4,4440.0,3288.1,4045.4,95,6,4045.2,26,3,4045.1,44,5,4045.0,1661,36,4044.9,270,3,4045.9,58,6,4046.3,62,1,4046.6,2,1,4046.7,15,1,4047.0,61,3
11483,2026-07-02 09:55:46+05:30,4045.4,3,4064.8,302223,98090.0,136295.0,4100.0,4110.0,4044.9,4092.6,22345050,4501.8,3683.4,4440.0,3288.1,4045.4,74,4,4045.2,21,3,4045.1,31,4,4045.0,1661,36,4044.9,272,3,4045.9,30,5,4046.3,62,1,4046.6,2,1,4046.7,15,1,4047.0,61,3
11483,2026-07-02 09:55:46+05:30,4045.9,1,4064.8,302223,98090.0,136295.0,4100.0,4110.0,4044.9,4092.6,22345050,4501.8,3683.4,4440.0,3288.1,4045.4,74,4,4045.2,21,3,4045.1,31,4,4045.0,1661,36,4044.9,272,3,4045.9,30,5,4046.3,62,1,4046.6,2,1,4046.7,15,1,4047.0,61,3
11483,2026-07-02 09:55:47+05:30,4045.4,3,4064.8,302258,98094.0,136275.0,4100.0,4110.0,4044.9,4092.6,22345050,4501.8,3683.4,4440.0,3288.1,4045.4,64,4,4045.2,21,3,4045.1,18,3,4045.0,1661,36,4044.9,272,3,4045.9,4,4,4046.3,62,1,4046.6,2,1,4046.7,15,1,4047.0,61,3
11483,2026-07-02 09:55:47+05:30,4045.4,1,4064.8,302258,98094.0,136275.0,4100.0,4110.0,4044.9,4092.6,22345050,4501.8,3683.4,4440.0,3288.1,4045.4,64,4,4045.2,21,3,4045.1,18,3,4045.0,1661,36,4044.9,272,3,4045.9,4,4,4046.3,62,1,4046.6,2,1,4046.7,15,1,4047.0,61,3
11483,2026-07-02 09:55:48+05:30,4046.3,45,4064.8,302311,98750.0,136319.0,4100.0,4110.0,4044.9,4092.6,22345050,4501.8,3683.4,4440.0,3288.1,4045.4,62,4,4045.2,21,3,4045.1,84,5,4045.0,1661,36,4044.9,272,3,4046.3,17,1,4046.6,2,1,4046.7,15,1,4046.8,14,1,4047.0,61,3
11483,2026-07-02 09:55:48+05:30,4045.9,9,4064.8,302311,98750.0,136319.0,4100.0,4110.0,4044.9,4092.6,22345050,4501.8,3683.4,4440.0,3288.1,4045.4,62,4,4045.2,21,3,4045.1,84,5,4045.0,1661,36,4044.9,272,3,4046.3,17,1,4046.6,2,1,4046.7,15,1,4046.8,14,1,4047.0,61,3
11483,2026-07-02 09:55:49+05:30,4046.3,1,4064.79,302331,98948.0,136464.0,4100.0,4110.0,4044.9,4092.6,22345050,4501.8,3683.4,4440.0,3288.1,4045.9,81,1,4045.4,62,4,4045.2,15,2,4045.1,84,5,4045.0,1661,36,4046.3,20,5,4046.6,2,1,4046.7,15,1,4047.0,61,3,4047.4,86,3
11483,2026-07-02 09:55:49+05:30,4046.6,5,4064.79,302331,98948.0,136464.0,4100.0,4110.0,4044.9,4092.6,22345050,4501.8,3683.4,4440.0,3288.1,4045.9,81,1,4045.4,62,4,4045.2,15,2,4045.1,84,5,4045.0,1661,36,4046.3,20,5,4046.6,2,1,4046.7,15,1,4047.0,61,3,4047.4,86,3
11483,2026-07-02 09:55:50+05:30,4046.3,1,4064.79,302364,99053.0,136343.0,4100.0,4110.0,4044.9,4092.6,22345050,4501.8,3683.4,4440.0,3288.1,4045.9,81,1,4045.4,76,5,4045.3,6,2,4045.2,266,4,4045.1,84,5,4046.3,75,3,4046.7,15,1,4047.0,61,3,4047.4,71,2,4047.5,44,5
11483,2026-07-02 09:55:50+05:30,4046.3,1,4064.79,302364,99053.0,136343.0,4100.0,4110.0,4044.9,4092.6,22345050,4501.8,3683.4,4440.0,3288.1,4045.9,81,1,4045.4,76,5,4045.3,6,2,4045.2,266,4,4045.1,84,5,4046.3,75,3,4046.7,15,1,4047.0,61,3,4047.4,71,2,4047.5,44,5
11483,2026-07-02 09:55:51+05:30,4046.3,1,4064.79,302364,99091.0,136337.0,4100.0,4110.0,4044.9,4092.6,22345050,4501.8,3683.4,4440.0,3288.1,4045.9,81,1,4045.5,10,1,4045.4,76,5,4045.3,6,2,4045.2,266,4,4046.3,75,3,4046.7,15,1,4047.0,61,3,4047.4,71,2,4047.5,12,3
11483,2026-07-02 09:55:51+05:30,4045.9,1,4064.79,302364,99091.0,136337.0,4100.0,4110.0,4044.9,4092.6,22345050,4501.8,3683.4,4440.0,3288.1,4045.9,81,1,4045.5,10,1,4045.4,76,5,4045.3,6,2,4045.2,266,4,4046.3,75,3,4046.7,15,1,4047.0,61,3,4047.4,71,2,4047.5,12,3
11483,2026-07-02 09:55:52+05:30,4045.9,1,4064.79,302365,99091.0,136261.0,4100.0,4110.0,4044.9,4092.6,22345050,4501.8,3683.4,4440.0,3288.1,4045.9,80,1,4045.5,10,1,4045.4,76,5,4045.3,6,2,4045.2,266,4,4046.3,76,4,4046.7,15,1,4047.0,61,3,4047.4,11,1,4047.5,12,3
11483,2026-07-02 09:55:52+05:30,4045.9,1,4064.79,302365,99091.0,136261.0,4100.0,4110.0,4044.9,4092.6,22345050,4501.8,3683.4,4440.0,3288.1,4045.9,80,1,4045.5,10,1,4045.4,76,5,4045.3,6,2,4045.2,266,4,4046.3,76,4,4046.7,15,1,4047.0,61,3,4047.4,11,1,4047.5,12,3
11483,2026-07-02 09:55:53+05:30,4045.9,1,4064.79,302365,99091.0,136261.0,4100.0,4110.0,4044.9,4092.6,22345050,4501.8,3683.4,4440.0,3288.1,4045.9,80,1,4045.5,10,1,4045.4,76,5,4045.3,6,2,4045.2,266,4,4046.3,76,4,4046.7,15,1,4047.0,61,3,4047.4,11,1,4047.5,12,3
11483,2026-07-02 09:55:53+05:30,4045.9,1,4064.79,302367,99003.0,136280.0,4100.0,4110.0,4044.9,4092.6,22345050,4501.8,3683.4,4440.0,3288.1,4045.9,78,1,4045.5,10,1,4045.4,62,4,4045.3,1,1,4045.2,266,4,4046.3,76,4,4046.7,15,1,4047.0,61,3,4047.1,5,1,4047.4,11,1
11483,2026-07-02 09:55:54+05:30,4045.9,1,4064.79,302367,99003.0,136280.0,4100.0,4110.0,4044.9,4092.6,22345050,4501.8,3683.4,4440.0,3288.1,4045.9,78,1,4045.5,10,1,4045.4,62,4,4045.3,1,1,4045.2,266,4,4046.3,76,4,4046.7,15,1,4047.0,61,3,4047.1,5,1,4047.4,11,1
11483,2026-07-02 09:55:54+05:30,4045.9,1,4064.79,302381,99135.0,136243.0,4100.0,4110.0,4044.9,4092.6,22345050,4501.8,3683.4,4440.0,3288.1,4045.9,69,1,4045.5,10,1,4045.4,62,4,4045.3,1,1,4045.2,266,4,4046.3,71,4,4046.7,15,1,4047.0,11,2,4047.1,5,1,4047.3,11,1
11483,2026-07-02 09:55:55+05:30,4045.9,4,4064.79,302381,99135.0,136243.0,4100.0,4110.0,4044.9,4092.6,22345050,4501.8,3683.4,4440.0,3288.1,4045.9,69,1,4045.5,10,1,4045.4,62,4,4045.3,1,1,4045.2,266,4,4046.3,71,4,4046.7,15,1,4047.0,11,2,4047.1,5,1,4047.3,11,1
11483,2026-07-02 09:55:55+05:30,4045.9,4,4064.79,302404,99197.0,136285.0,4100.0,4110.0,4044.9,4092.6,22345050,4501.8,3683.4,4440.0,3288.1,4045.9,63,1,4045.5,10,1,4045.4,62,4,4045.3,1,1,4045.2,266,4,4046.3,53,3,4046.7,15,1,4047.0,11,2,4047.1,5,1,4047.3,11,1
11483,2026-07-02 09:55:56+05:30,4046.3,1,4064.79,302404,99197.0,136285.0,4100.0,4110.0,4044.9,4092.6,22345050,4501.8,3683.4,4440.0,3288.1,4045.9,63,1,4045.5,10,1,4045.4,62,4,4045.3,1,1,4045.2,266,4,4046.3,53,3,4046.7,15,1,4047.0,11,2,4047.1,5,1,4047.3,11,1
11483,2026-07-02 09:55:56+05:30,4046.3,15,4064.79,302436,99321.0,136206.0,4100.0,4110.0,4044.9,4092.6,22345050,4501.8,3683.4,4440.0,3288.1,4046.0,2,1,4045.9,62,2,4045.5,10,1,4045.4,62,4,4045.3,1,1,4046.3,27,3,4046.7,15,1,4047.0,11,2,4047.1,10,2,4047.4,11,1
11483,2026-07-02 09:55:57+05:30,4045.9,1,4064.79,302436,99321.0,136206.0,4100.0,4110.0,4044.9,4092.6,22345050,4501.8,3683.4,4440.0,3288.1,4046.0,2,1,4045.9,62,2,4045.5,10,1,4045.4,62,4,4045.3,1,1,4046.3,27,3,4046.7,15,1,4047.0,11,2,4047.1,10,2,4047.4,11,1
11483,2026-07-02 09:55:57+05:30,4045.9,1,4064.79,302463,99304.0,136299.0,4100.0,4110.0,4044.9,4092.6,22345050,4501.8,3683.4,4440.0,3288.1,4045.9,37,2,4045.5,10,1,4045.4,87,5,4045.3,1,1,4045.2,266,4,4046.3,29,5,4046.7,15,1,4047.0,11,2,4047.1,10,2,4047.3,12,1
11483,2026-07-02 09:55:58+05:30,4046.3,1,4064.79,302463,99304.0,136299.0,4100.0,4110.0,4044.9,4092.6,22345050,4501.8,3683.4,4440.0,3288.1,4045.9,37,2,4045.5,10,1,4045.4,87,5,4045.3,1,1,4045.2,266,4,4046.3,29,5,4046.7,15,1,4047.0,11,2,4047.1,10,2,4047.3,12,1
11483,2026-07-02 09:55:58+05:30,4045.9,1,4064.77,302666,99236.0,136246.0,4100.0,4110.0,4044.9,4092.6,22345050,4501.8,3683.4,4440.0,3288.1,4045.9,55,3,4045.5,11,2,4045.4,87,5,4045.3,1,1,4045.2,266,4,4046.3,90,1,4046.9,14,1,4047.0,19,2,4047.1,5,1,4047.2,8,1
11483,2026-07-02 09:55:59+05:30,4046.3,32,4064.77,302666,99236.0,136246.0,4100.0,4110.0,4044.9,4092.6,22345050,4501.8,3683.4,4440.0,3288.1,4045.9,55,3,4045.5,11,2,4045.4,87,5,4045.3,1,1,4045.2,266,4,4046.3,90,1,4046.9,14,1,4047.0,19,2,4047.1,5,1,4047.2,8,1
11483,2026-07-02 09:55:59+05:30,4045.9,1,4064.77,302740,99295.0,136274.0,4100.0,4110.0,4044.9,4092.6,22345050,4501.8,3683.4,4440.0,3288.1,4045.9,24,2,4045.5,11,2,4045.4,87,5,4045.3,1,1,4045.2,266,4,4046.3,49,3,4046.9,14,1,4047.0,19,2,4047.1,5,1,4047.2,20,2
11483,2026-07-02 09:56:00+05:30,4045.9,1,4064.77,302740,99295.0,136274.0,4100.0,4110.0,4044.9,4092.6,22345050,4501.8,3683.4,4440.0,3288.1,4045.9,24,2,4045.5,11,2,4045.4,87,5,4045.3,1,1,4045.2,266,4,4046.3,49,3,4046.9,14,1,4047.0,19,2,4047.1,5,1,4047.2,20,2
11483,2026-07-02 09:56:00+05:30,4046.3,3,4064.77,302748,99319.0,136248.0,4100.0,4110.0,4044.9,4092.6,22345050,4501.8,3683.4,4440.0,3288.1,4045.9,27,3,4045.8,1,1,4045.5,11,2,4045.4,87,5,4045.3,1,1,4046.3,43,3,4047.0,19,2,4047.2,8,1,4047.3,14,1,4047.4,8,1
11483,2026-07-02 09:56:01+05:30,4046.3,3,4064.77,302748,99319.0,136248.0,4100.0,4110.0,4044.9,4092.6,22345050,4501.8,3683.4,4440.0,3288.1,4045.9,27,3,4045.8,1,1,4045.5,11,2,4045.4,87,5,4045.3,1,1,4046.3,43,3,4047.0,19,2,4047.2,8,1,4047.3,14,1,4047.4,8,1
11483,2026-07-02 09:56:01+05:30,4045.9,1,4064.77,302749,99317.0,136234.0,4100.0,4110.0,4044.9,4092.6,22345050,4501.8,3683.4,4440.0,3288.1,4045.9,26,3,4045.8,1,1,4045.5,11,2,4045.4,87,5,4045.3,1,1,4046.3,44,4,4047.0,19,2,4047.2,8,1,4047.3,14,1,4047.4,21,2
11483,2026-07-02 09:56:02+05:30,4045.9,5,4064.77,302749,99317.0,136234.0,4100.0,4110.0,4044.9,4092.6,22345050,4501.8,3683.4,4440.0,3288.1,4045.9,26,3,4045.8,1,1,4045.5,11,2,4045.4,87,5,4045.3,1,1,4046.3,44,4,4047.0,19,2,4047.2,8,1,4047.3,14,1,4047.4,21,2
11483,2026-07-02 09:56:02+05:30,4045.8,1,4064.77,302778,98919.0,136879.0,4100.0,4110.0,4044.9,4092.6,22345050,4501.8,3683.4,4440.0,3288.1,4045.5,11,2,4045.4,87,5,4045.3,1,1,4045.2,267,5,4045.1,18,3,4045.8,2,2,4045.9,149,1,4046.3,43,4,4046.9,11,1,4047.0,62,2
11483,2026-07-02 09:56:03+05:30,4045.5,10,4064.77,302778,98919.0,136879.0,4100.0,4110.0,4044.9,4092.6,22345050,4501.8,3683.4,4440.0,3288.1,4045.5,11,2,4045.4,87,5,4045.3,1,1,4045.2,267,5,4045.1,18,3,4045.8,2,2,4045.9,149,1,4046.3,43,4,4046.9,11,1,4047.0,62,2
11483,2026-07-02 09:56:04+05:30,4045.9,149,4064.76,302943,99304.0,136424.0,4100.0,4110.0,4044.9,4092.6,22345050,4501.8,3683.4,4440.0,3288.1,4046.0,97,1,4045.4,92,6,4045.3,1,1,4045.2,267,5,4045.1,18,3,4046.3,43,4,4046.9,1,1,4047.0,14,1,4047.1,5,1,4047.2,22,2
11483,2026-07-02 09:56:04+05:30,4046.3,2,4064.76,302943,99304.0,136424.0,4100.0,4110.0,4044.9,4092.6,22345050,4501.8,3683.4,4440.0,3288.1,4046.0,97,1,4045.4,92,6,4045.3,1,1,4045.2,267,5,4045.1,18,3,4046.3,43,4,4046.9,1,1,4047.0,14,1,4047.1,5,1,4047.2,22,2
11483,2026-07-02 09:56:05+05:30,4046.0,1,4064.76,302981,99439.0,136467.0,4100.0,4110.0,4044.9,4092.6,22345050,4501.8,3683.4,4440.0,3288.1,4046.0,61,1,4045.4,89,5,4045.3,1,1,4045.2,267,5,4045.1,36,4,4046.3,41,4,4046.9,1,1,4047.0,14,1,4047.1,5,1,4047.2,27,3
11483,2026-07-02 09:56:05+05:30,4046.3,32,4064.76,302981,99439.0,136467.0,4100.0,4110.0,4044.9,4092.6,22345050,4501.8,3683.4,4440.0,3288.1,4046.0,61,1,4045.4,89,5,4045.3,1,1,4045.2,267,5,4045.1,36,4,4046.3,41,4,4046.9,1,1,4047.0,14,1,4047.1,5,1,4047.2,27,3
11483,2026-07-02 09:56:06+05:30,4046.0,1,4064.75,303036,99415.0,136417.0,4100.0,4110.0,4044.9,4092.6,22345050,4501.8,3683.4,4440.0,3288.1,4046.0,42,1,4045.4,89,5,4045.3,1,1,4045.2,267,5,4045.1,36,4,4046.3,4,3,4046.9,1,1,4047.0,14,1,4047.2,40,4,4047.4,8,1
11483,2026-07-02 09:56:06+05:30,4046.3,5,4064.75,303036,99415.0,136417.0,4100.0,4110.0,4044.9,4092.6,22345050,4501.8,3683.4,4440.0,3288.1,4046.0,42,1,4045.4,89,5,4045.3,1,1,4045.2,267,5,4045.1,36,4,4046.3,4,3,4046.9,1,1,4047.0,14,1,4047.2,40,4,4047.4,8,1
11483,2026-07-02 09:56:07+05:30,4046.3,1,4064.75,303055,99899.0,136344.0,4100.0,4110.0,4044.9,4092.6,22345050,4501.8,3683.4,4440.0,3288.1,4046.0,38,1,4045.5,1,1,4045.4,89,5,4045.3,1,1,4045.2,274,6,4046.3,83,2,4046.9,1,1,4047.0,14,1,4047.2,27,3,4047.3,13,1
11483,2026-07-02 09:56:07+05:30,4046.3,1,4064.75,303055,99899.0,136344.0,4100.0,4110.0,4044.9,4092.6,22345050,4501.8,3683.4,4440.0,3288.1,4046.0,38,1,4045.5,1,1,4045.4,89,5,4045.3,1,1,4045.2,274,6,4046.3,83,2,4046.9,1,1,4047.0,14,1,4047.2,27,3,4047.3,13,1
11483,2026-07-02 09:56:08+05:30,4046.0,2,4064.75,303077,99553.0,137013.0,4100.0,4110.0,4044.9,4092.6,22345050,4501.8,3683.4,4440.0,3288.1,4046.0,35,1,4045.5,1,1,4045.4,76,4,4045.3,1,1,4045.2,274,6,4046.2,156,1,4046.3,85,4,4046.8,5,1,4046.9,1,1,4047.0,14,1
11483,2026-07-02 09:56:08+05:30,4046.0,2,4064.75,303077,99553.0,137013.0,4100.0,4110.0,4044.9,4092.6,22345050,4501.8,3683.4,4440.0,3288.1,4046.0,35,1,4045.5,1,1,4045.4,76,4,4045.3,1,1,4045.2,274,6,4046.2,156,1,4046.3,85,4,4046.8,5,1,4046.9,1,1,4047.0,14,1
11483,2026-07-02 09:56:09+05:30,4046.0,1,4064.75,303084,99607.0,136893.0,4100.0,4110.0,4044.9,4092.6,22345050,4501.8,3683.4,4440.0,3288.1,4046.0,28,1,4045.5,1,1,4045.4,76,4,4045.3,1,1,4045.2,274,6,4046.2,156,1,4046.3,85,4,4046.6,6,1,4046.8,5,1,4046.9,10,2
11483,2026-07-02 09:56:09+05:30,4046.0,1,4064.75,303084,99607.0,136893.0,4100.0,4110.0,4044.9,4092.6,22345050,4501.8,3683.4,4440.0,3288.1,4046.0,28,1,4045.5,1,1,4045.4,76,4,4045.3,1,1,4045.2,274,6,4046.2,156,1,4046.3,85,4,4046.6,6,1,4046.8,5,1,4046.9,10,2
11483,2026-07-02 09:56:10+05:30,4046.2,50,4064.74,303166,99580.0,136846.0,4100.0,4110.0,4044.9,4092.6,22345050,4501.8,3683.4,4440.0,3288.1,4046.0,27,1,4045.5,11,2,4045.4,51,3,4045.3,1,1,4045.2,274,6,4046.2,75,1,4046.3,85,4,4046.8,5,1,4046.9,10,2,4047.0,14,1
11483,2026-07-02 09:56:10+05:30,4046.2,50,4064.74,303166,99580.0,136846.0,4100.0,4110.0,4044.9,4092.6,22345050,4501.8,3683.4,4440.0,3288.1,4046.0,27,1,4045.5,11,2,4045.4,51,3,4045.3,1,1,4045.2,274,6,4046.2,75,1,4046.3,85,4,4046.8,5,1,4046.9,10,2,4047.0,14,1
11483,2026-07-02 09:56:10+05:30,4046.0,1,4064.74,303166,99580.0,136846.0,4100.0,4110.0,4044.9,4092.6,22345050,4501.8,3683.4,4440.0,3288.1,4046.0,27,1,4045.5,11,2,4045.4,51,3,4045.3,1,1,4045.2,274,6,4046.2,75,1,4046.3,85,4,4046.8,5,1,4046.9,10,2,4047.0,14,1
11483,2026-07-02 09:56:10+05:30,4046.0,1,4064.74,303166,99580.0,136846.0,4100.0,4110.0,4044.9,4092.6,22345050,4501.8,3683.4,4440.0,3288.1,4046.0,27,1,4045.5,11,2,4045.4,51,3,4045.3,1,1,4045.2,274,6,4046.2,75,1,4046.3,85,4,4046.8,5,1,4046.9,10,2,4047.0,14,1
11483,2026-07-02 09:56:11+05:30,4046.0,1,4064.74,303166,99580.0,136846.0,4100.0,4110.0,4044.9,4092.6,22345050,4501.8,3683.4,4440.0,3288.1,4046.0,27,1,4045.5,11,2,4045.4,51,3,4045.3,1,1,4045.2,274,6,4046.2,75,1,4046.3,85,4,4046.8,5,1,4046.9,10,2,4047.0,14,1
11483,2026-07-02 09:56:11+05:30,4046.0,1,4064.74,303167,99569.0,136888.0,4100.0,4110.0,4044.9,4092.6,22345050,4501.8,3683.4,4440.0,3288.1,4046.0,26,1,4045.5,11,2,4045.4,51,3,4045.3,1,1,4045.2,274,6,4046.2,77,3,4046.3,85,4,4046.8,5,1,4046.9,10,2,4047.0,14,1
11483,2026-07-02 09:56:11+05:30,4046.0,1,4064.74,303167,99569.0,136888.0,4100.0,4110.0,4044.9,4092.6,22345050,4501.8,3683.4,4440.0,3288.1,4046.0,26,1,4045.5,11,2,4045.4,51,3,4045.3,1,1,4045.2,274,6,4046.2,77,3,4046.3,85,4,4046.8,5,1,4046.9,10,2,4047.0,14,1
11483,2026-07-02 09:56:12+05:30,4046.0,1,4064.74,303167,99569.0,136888.0,4100.0,4110.0,4044.9,4092.6,22345050,4501.8,3683.4,4440.0,3288.1,4046.0,26,1,4045.5,11,2,4045.4,51,3,4045.3,1,1,4045.2,274,6,4046.2,77,3,4046.3,85,4,4046.8,5,1,4046.9,10,2,4047.0,14,1
11483,2026-07-02 09:56:12+05:30,4046.3,7,4064.74,303167,99569.0,136888.0,4100.0,4110.0,4044.9,4092.6,22345050,4501.8,3683.4,4440.0,3288.1,4046.0,26,1,4045.5,11,2,4045.4,51,3,4045.3,1,1,4045.2,274,6,4046.2,77,3,4046.3,85,4,4046.8,5,1,4046.9,10,2,4047.0,14,1
11483,2026-07-02 09:56:12+05:30,4046.3,7,4064.74,303265,99802.0,136716.0,4100.0,4110.0,4044.9,4092.6,22345050,4501.8,3683.4,4440.0,3288.1,4046.0,27,2,4045.5,11,2,4045.4,46,2,4045.3,1,1,4045.2,274,6,4046.3,77,3,4047.0,14,1,4047.2,8,1,4047.3,5,1,4047.4,19,2
11483,2026-07-02 09:56:12+05:30,4046.3,7,4064.74,303265,99802.0,136716.0,4100.0,4110.0,4044.9,4092.6,22345050,4501.8,3683.4,4440.0,3288.1,4046.0,27,2,4045.5,11,2,4045.4,46,2,4045.3,1,1,4045.2,274,6,4046.3,77,3,4047.0,14,1,4047.2,8,1,4047.3,5,1,4047.4,19,2
11483,2026-07-02 09:56:13+05:30,4046.3,7,4064.74,303265,99802.0,136716.0,4100.0,4110.0,4044.9,4092.6,22345050,4501.8,3683.4,4440.0,3288.1,4046.0,27,2,4045.5,11,2,4045.4,46,2,4045.3,1,1,4045.2,274,6,4046.3,77,3,4047.0,14,1,4047.2,8,1,4047.3,5,1,4047.4,19,2
11483,2026-07-02 09:56:13+05:30,4046.0,1,4064.74,303265,99802.0,136716.0,4100.0,4110.0,4044.9,4092.6,22345050,4501.8,3683.4,4440.0,3288.1,4046.0,27,2,4045.5,11,2,4045.4,46,2,4045.3,1,1,4045.2,274,6,4046.3,77,3,4047.0,14,1,4047.2,8,1,4047.3,5,1,4047.4,19,2
11483,2026-07-02 09:56:13+05:30,4046.0,1,4064.74,303265,99802.0,136716.0,4100.0,4110.0,4044.9,4092.6,22345050,4501.8,3683.4,4440.0,3288.1,4046.0,27,2,4045.5,11,2,4045.4,46,2,4045.3,1,1,4045.2,274,6,4046.3,77,3,4047.0,14,1,4047.2,8,1,4047.3,5,1,4047.4,19,2
11483,2026-07-02 09:56:13+05:30,4046.0,1,4064.74,303279,99794.0,136734.0,4100.0,4110.0,4044.9,4092.6,22345050,4501.8,3683.4,4440.0,3288.1,4046.0,23,2,4045.5,11,2,4045.4,46,2,4045.3,1,1,4045.2,274,6,4046.3,68,3,4047.2,15,2,4047.3,5,1,4047.4,59,3,4047.5,66,4
11483,2026-07-02 09:56:13+05:30,4046.0,1,4064.74,303279,99794.0,136734.0,4100.0,4110.0,4044.9,4092.6,22348725,4501.8,3683.4,4440.0,3288.1,4046.0,23,2,4045.5,11,2,4045.4,46,2,4045.3,1,1,4045.2,274,6,4046.3,68,3,4047.2,15,2,4047.3,5,1,4047.4,59,3,4047.5,66,4
11483,2026-07-02 09:56:14+05:30,4046.0,1,4064.74,303279,99794.0,136734.0,4100.0,4110.0,4044.9,4092.6,22348725,4501.8,3683.4,4440.0,3288.1,4046.0,23,2,4045.5,11,2,4045.4,46,2,4045.3,1,1,4045.2,274,6,4046.3,68,3,4047.2,15,2,4047.3,5,1,4047.4,59,3,4047.5,66,4
11483,2026-07-02 09:56:14+05:30,4046.0,1,4064.74,303279,99794.0,136734.0,4100.0,4110.0,4044.9,4092.6,22348725,4501.8,3683.4,4440.0,3288.1,4046.0,23,2,4045.5,11,2,4045.4,46,2,4045.3,1,1,4045.2,274,6,4046.3,68,3,4047.2,15,2,4047.3,5,1,4047.4,59,3,4047.5,66,4
11483,2026-07-02 09:56:14+05:30,4046.0,1,4064.74,303279,99794.0,136734.0,4100.0,4110.0,4044.9,4092.6,22348725,4501.8,3683.4,4440.0,3288.1,4046.0,23,2,4045.5,11,2,4045.4,46,2,4045.3,1,1,4045.2,274,6,4046.3,68,3,4047.2,15,2,4047.3,5,1,4047.4,59,3,4047.5,66,4
11483,2026-07-02 09:56:14+05:30,4046.2,1,4064.74,303283,99940.0,136668.0,4100.0,4110.0,4044.9,4092.6,22348725,4501.8,3683.4,4440.0,3288.1,4046.2,117,1,4046.0,32,3,4045.9,5,1,4045.5,11,2,4045.4,51,3,4046.3,68,3,4047.2,15,2,4047.4,19,2,4047.5,21,3,4047.6,35,3
11483,2026-07-02 09:56:15+05:30,4046.2,1,4064.74,303283,99940.0,136668.0,4100.0,4110.0,4044.9,4092.6,22348725,4501.8,3683.4,4440.0,3288.1,4046.2,117,1,4046.0,32,3,4045.9,5,1,4045.5,11,2,4045.4,51,3,4046.3,68,3,4047.2,15,2,4047.4,19,2,4047.5,21,3,4047.6,35,3
11483,2026-07-02 09:56:15+05:30,4046.2,13,4064.74,303283,99940.0,136668.0,4100.0,4110.0,4044.9,4092.6,22348725,4501.8,3683.4,4440.0,3288.1,4046.2,117,1,4046.0,32,3,4045.9,5,1,4045.5,11,2,4045.4,51,3,4046.3,68,3,4047.2,15,2,4047.4,19,2,4047.5,21,3,4047.6,35,3
11483,2026-07-02 09:56:15+05:30,4046.2,13,4064.74,303283,99940.0,136668.0,4100.0,4110.0,4044.9,4092.6,22348725,4501.8,3683.4,4440.0,3288.1,4046.2,117,1,4046.0,32,3,4045.9,5,1,4045.5,11,2,4045.4,51,3,4046.3,68,3,4047.2,15,2,4047.4,19,2,4047.5,21,3,4047.6,35,3
11483,2026-07-02 09:56:15+05:30,4046.3,4,4064.74,303305,99934.0,136645.0,4100.0,4110.0,4044.9,4092.6,22348725,4501.8,3683.4,4440.0,3288.1,4046.2,103,1,4046.0,32,3,4045.9,5,1,4045.5,11,2,4045.4,58,3,4046.3,60,3,4047.2,15,2,4047.4,19,2,4047.5,21,3,4047.6,23,2
11483,2026-07-02 09:56:16+05:30,4046.3,10,4064.74,303305,99934.0,136645.0,4100.0,4110.0,4044.9,4092.6,22348725,4501.8,3683.4,4440.0,3288.1,4046.2,103,1,4046.0,32,3,4045.9,5,1,4045.5,11,2,4045.4,58,3,4046.3,60,3,4047.2,15,2,4047.4,19,2,4047.5,21,3,4047.6,23,2
11483,2026-07-02 09:56:16+05:30,4046.2,1,4064.73,303316,99934.0,136646.0,4100.0,4110.0,4044.9,4092.6,22348725,4501.8,3683.4,4440.0,3288.1,4046.2,102,1,4046.0,33,4,4045.9,5,1,4045.5,11,2,4045.4,58,3,4046.3,53,6,4047.2,8,1,4047.4,19,2,4047.5,33,4,4047.6,23,2
11483,2026-07-02 09:56:17+05:30,4046.2,1,4064.73,303316,99934.0,136646.0,4100.0,4110.0,4044.9,4092.6,22348725,4501.8,3683.4,4440.0,3288.1,4046.2,102,1,4046.0,33,4,4045.9,5,1,4045.5,11,2,4045.4,58,3,4046.3,53,6,4047.2,8,1,4047.4,19,2,4047.5,33,4,4047.6,23,2
11483,2026-07-02 09:56:18+05:30,4046.2,11,4064.73,303333,99912.0,136714.0,4100.0,4110.0,4044.9,4092.6,22348725,4501.8,3683.4,4440.0,3288.1,4046.2,85,1,4046.0,33,4,4045.9,5,1,4045.5,11,2,4045.4,58,3,4046.3,50,4,4047.2,13,2,4047.4,19,2,4047.5,33,4,4047.6,23,2
11483,2026-07-02 09:56:18+05:30,4046.3,25,4064.73,303333,99912.0,136714.0,4100.0,4110.0,4044.9,4092.6,22348725,4501.8,3683.4,4440.0,3288.1,4046.2,85,1,4046.0,33,4,4045.9,5,1,4045.5,11,2,4045.4,58,3,4046.3,50,4,4047.2,13,2,4047.4,19,2,4047.5,33,4,4047.6,23,2
11483,2026-07-02 09:56:19+05:30,4046.2,1,4064.73,303397,99878.0,136687.0,4100.0,4110.0,4044.9,4092.6,22348725,4501.8,3683.4,4440.0,3288.1,4046.2,46,1,4046.0,33,4,4045.9,5,1,4045.5,11,2,4045.4,46,2,4046.3,25,4,4047.2,13,2,4047.4,19,2,4047.5,33,4,4047.6,23,2
11483,2026-07-02 09:56:19+05:30,4046.2,7,4064.73,303397,99878.0,136687.0,4100.0,4110.0,4044.9,4092.6,22348725,4501.8,3683.4,4440.0,3288.1,4046.2,46,1,4046.0,33,4,4045.9,5,1,4045.5,11,2,4045.4,46,2,4046.3,25,4,4047.2,13,2,4047.4,19,2,4047.5,33,4,4047.6,23,2
11483,2026-07-02 09:56:23+05:30,4046.2,1,4064.73,303397,99878.0,136687.0,4100.0,4110.0,4044.9,4092.6,22348725,4501.8,3683.4,4440.0,3288.1,4046.2,46,1,4046.0,33,4,4045.9,5,1,4045.5,11,2,4045.4,46,2,4046.3,25,4,4047.2,13,2,4047.4,19,2,4047.5,33,4,4047.6,23,2
11483,2026-07-02 09:56:25+05:30,4046.2,1,4064.7,303954,99777.0,136739.0,4100.0,4110.0,4044.9,4092.6,22348725,4501.8,3683.4,4440.0,3288.1,4046.0,48,6,4045.9,5,1,4045.6,1,1,4045.5,11,2,4045.4,58,3,4046.2,43,3,4046.3,50,1,4046.5,175,1,4047.2,3,1,4047.3,6,1
11483,2026-07-02 09:56:28+05:30,4046.2,3,4064.7,303954,99777.0,136739.0,4100.0,4110.0,4044.9,4092.6,22348725,4501.8,3683.4,4440.0,3288.1,4046.0,48,6,4045.9,5,1,4045.6,1,1,4045.5,11,2,4045.4,58,3,4046.2,43,3,4046.3,50,1,4046.5,175,1,4047.2,3,1,4047.3,6,1
11483,2026-07-02 09:56:30+05:30,4046.3,3,4064.69,304121,99928.0,136800.0,4100.0,4110.0,4044.9,4092.6,22348725,4501.8,3683.4,4440.0,3288.1,4046.2,16,1,4046.0,32,6,4045.9,5,1,4045.6,1,1,4045.5,52,5,4046.3,41,1,4046.5,175,1,4046.7,15,1,4047.2,3,1,4047.4,22,2
11483,2026-07-02 09:56:33+05:30,4046.3,1,4064.69,304121,99928.0,136800.0,4100.0,4110.0,4044.9,4092.6,22348725,4501.8,3683.4,4440.0,3288.1,4046.2,16,1,4046.0,32,6,4045.9,5,1,4045.6,1,1,4045.5,52,5,4046.3,41,1,4046.5,175,1,4046.7,15,1,4047.2,3,1,4047.4,22,2
11483,2026-07-02 09:56:37+05:30,4046.3,5,4064.58,305883,100912.0,135599.0,4100.0,4110.0,4044.9,4092.6,22348725,4501.8,3683.4,4440.0,3288.1,4046.2,50,6,4046.1,22,4,4046.0,74,11,4045.9,36,2,4045.8,20,5,4046.3,77,2,4048.0,41,6,4048.1,61,1,4048.2,12,1,4048.5,15,2
11483,2026-07-02 09:56:38+05:30,4046.3,2,4064.58,305883,100912.0,135599.0,4100.0,4110.0,4044.9,4092.6,22348725,4501.8,3683.4,4440.0,3288.1,4046.2,50,6,4046.1,22,4,4046.0,74,11,4045.9,36,2,4045.8,20,5,4046.3,77,2,4048.0,41,6,4048.1,61,1,4048.2,12,1,4048.5,15,2
11483,2026-07-02 09:56:43+05:30,4046.2,1,4064.58,305883,100912.0,135599.0,4100.0,4110.0,4044.9,4092.6,22348725,4501.8,3683.4,4440.0,3288.1,4046.2,50,6,4046.1,22,4,4046.0,74,11,4045.9,36,2,4045.8,20,5,4046.3,77,2,4048.0,41,6,4048.1,61,1,4048.2,12,1,4048.5,15,2
11483,2026-07-02 09:56:43+05:30,4046.2,1,4064.54,306668,100819.0,135810.0,4100.0,4110.0,4044.9,4092.6,22348725,4501.8,3683.4,4440.0,3288.1,4046.2,23,3,4046.1,6,2,4046.0,28,5,4045.9,5,1,4045.8,1,1,4046.3,80,1,4047.4,7,1,4047.5,35,2,4047.6,44,3,4047.7,77,2
11483,2026-07-02 09:56:48+05:30,4046.3,13,4064.54,306668,100819.0,135810.0,4100.0,4110.0,4044.9,4092.6,22348725,4501.8,3683.4,4440.0,3288.1,4046.2,23,3,4046.1,6,2,4046.0,28,5,4045.9,5,1,4045.8,1,1,4046.3,80,1,4047.4,7,1,4047.5,35,2,4047.6,44,3,4047.7,77,2
11483,2026-07-02 09:56:49+05:30,4046.3,13,4064.46,307894,100835.0,135644.0,4100.0,4110.0,4044.9,4092.6,22348725,4501.8,3683.4,4440.0,3288.1,4046.2,95,5,4046.1,16,3,4046.0,171,12,4045.9,17,3,4045.8,9,2,4046.3,79,1,4047.7,13,1,4047.8,13,1,4047.9,11,1,4048.0,72,2
11483,2026-07-02 09:56:53+05:30,4046.2,1,4064.46,307894,100835.0,135644.0,4100.0,4110.0,4044.9,4092.6,22348725,4501.8,3683.4,4440.0,3288.1,4046.2,95,5,4046.1,16,3,4046.0,171,12,4045.9,17,3,4045.8,9,2,4046.3,79,1,4047.7,13,1,4047.8,13,1,4047.9,11,1,4048.0,72,2
11483,2026-07-02 09:56:55+05:30,4046.2,2,4064.45,308170,100927.0,135690.0,4100.0,4110.0,4044.9,4092.6,22348725,4501.8,3683.4,4440.0,3288.1,4046.2,43,6,4046.1,19,2,4046.0,161,11,4045.9,11,2,4045.8,20,4,4046.3,77,1,4047.7,80,2,4047.8,18,2,4047.9,11,1,4048.0,11,1
11483,2026-07-02 09:56:58+05:30,4046.3,2,4064.45,308170,100927.0,135690.0,4100.0,4110.0,4044.9,4092.6,22348725,4501.8,3683.4,4440.0,3288.1,4046.2,43,6,4046.1,19,2,4046.0,161,11,4045.9,11,2,4045.8,20,4,4046.3,77,1,4047.7,80,2,4047.8,18,2,4047.9,11,1,4048.0,11,1
11483,2026-07-02 09:57:02+05:30,4046.3,1,4064.42,308567,101065.0,135096.0,4100.0,4110.0,4044.9,4092.6,22348725,4501.8,3683.4,4440.0,3288.1,4046.2,55,7,4046.1,5,1,4046.0,217,12,4045.9,11,2,4045.8,20,4,4046.3,40,1,4047.7,18,2,4047.8,16,2,4047.9,11,1,4048.0,11,1
11483,2026-07-02 09:57:03+05:30,4046.3,68,4064.42,308567,101065.0,135096.0,4100.0,4110.0,4044.9,4092.6,22348725,4501.8,3683.4,4440.0,3288.1,4046.2,55,7,4046.1,5,1,4046.0,217,12,4045.9,11,2,4045.8,20,4,4046.3,40,1,4047.7,18,2,4047.8,16,2,4047.9,11,1,4048.0,11,1
11483,2026-07-02 09:57:08+05:30,4046.3,1,4064.34,309926,100578.0,133945.0,4100.0,4110.0,4044.9,4092.6,22348725,4501.8,3683.4,4440.0,3288.1,4046.2,70,6,4046.1,5,1,4046.0,254,12,4045.9,14,2,4045.8,16,3,4046.3,63,3,4047.6,29,3,4047.7,24,3,4047.8,9,2,4047.9,9,2
11483,2026-07-02 09:57:08+05:30,4046.3,10,4064.34,309926,100578.0,133945.0,4100.0,4110.0,4044.9,4092.6,22348725,4501.8,3683.4,4440.0,3288.1,4046.2,70,6,4046.1,5,1,4046.0,254,12,4045.9,14,2,4045.8,16,3,4046.3,63,3,4047.6,29,3,4047.7,24,3,4047.8,9,2,4047.9,9,2
11483,2026-07-02 09:57:10+05:30,4046.3,10,4064.34,309926,100578.0,133945.0,4100.0,4110.0,4044.9,4092.6,22348725,4501.8,3683.4,4440.0,3288.1,4046.2,70,6,4046.1,5,1,4046.0,254,12,4045.9,14,2,4045.8,16,3,4046.3,63,3,4047.6,29,3,4047.7,24,3,4047.8,9,2,4047.9,9,2
11483,2026-07-02 09:57:11+05:30,4046.3,10,4064.34,309926,100578.0,133945.0,4100.0,4110.0,4044.9,4092.6,22348725,4501.8,3683.4,4440.0,3288.1,4046.2,70,6,4046.1,5,1,4046.0,254,12,4045.9,14,2,4045.8,16,3,4046.3,63,3,4047.6,29,3,4047.7,24,3,4047.8,9,2,4047.9,9,2
11483,2026-07-02 09:57:12+05:30,4046.3,10,4064.34,309926,100578.0,133945.0,4100.0,4110.0,4044.9,4092.6,22348725,4501.8,3683.4,4440.0,3288.1,4046.2,70,6,4046.1,5,1,4046.0,254,12,4045.9,14,2,4045.8,16,3,4046.3,63,3,4047.6,29,3,4047.7,24,3,4047.8,9,2,4047.9,9,2
11483,2026-07-02 09:57:13+05:30,4046.3,10,4064.34,309926,100578.0,133945.0,4100.0,4110.0,4044.9,4092.6,22348725,4501.8,3683.4,4440.0,3288.1,4046.2,70,6,4046.1,5,1,4046.0,254,12,4045.9,14,2,4045.8,16,3,4046.3,63,3,4047.6,29,3,4047.7,24,3,4047.8,9,2,4047.9,9,2
11483,2026-07-02 09:57:13+05:30,4046.2,4,4064.34,309926,100578.0,133945.0,4100.0,4110.0,4044.9,4092.6,22348725,4501.8,3683.4,4440.0,3288.1,4046.2,70,6,4046.1,5,1,4046.0,254,12,4045.9,14,2,4045.8,16,3,4046.3,63,3,4047.6,29,3,4047.7,24,3,4047.8,9,2,4047.9,9,2
11483,2026-07-02 09:57:13+05:30,4046.2,4,4064.34,309926,100578.0,133945.0,4100.0,4110.0,4044.9,4092.6,22348725,4501.8,3683.4,4440.0,3288.1,4046.2,70,6,4046.1,5,1,4046.0,254,12,4045.9,14,2,4045.8,16,3,4046.3,63,3,4047.6,29,3,4047.7,24,3,4047.8,9,2,4047.9,9,2
11483,2026-07-02 09:57:14+05:30,4046.2,4,4064.34,309926,100578.0,133945.0,4100.0,4110.0,4044.9,4092.6,22354500,4501.8,3683.4,4440.0,3288.1,4046.2,70,6,4046.1,5,1,4046.0,254,12,4045.9,14,2,4045.8,16,3,4046.3,63,3,4047.6,29,3,4047.7,24,3,4047.8,9,2,4047.9,9,2
11483,2026-07-02 09:57:14+05:30,4046.3,2,4064.33,310214,100434.0,134327.0,4100.0,4110.0,4044.9,4092.6,22354500,4501.8,3683.4,4440.0,3288.1,4046.1,5,1,4046.0,237,11,4045.9,5,1,4045.8,9,2,4045.7,1,1,4046.3,58,5,4047.7,98,3,4047.8,9,2,4047.9,26,3,4048.0,18,3
11483,2026-07-02 09:57:14+05:30,4046.3,2,4064.33,310214,100434.0,134327.0,4100.0,4110.0,4044.9,4092.6,22354500,4501.8,3683.4,4440.0,3288.1,4046.1,5,1,4046.0,237,11,4045.9,5,1,4045.8,9,2,4045.7,1,1,4046.3,58,5,4047.7,98,3,4047.8,9,2,4047.9,26,3,4048.0,18,3
11483,2026-07-02 09:57:15+05:30,4046.3,2,4064.33,310214,100434.0,134327.0,4100.0,4110.0,4044.9,4092.6,22354500,4501.8,3683.4,4440.0,3288.1,4046.1,5,1,4046.0,237,11,4045.9,5,1,4045.8,9,2,4045.7,1,1,4046.3,58,5,4047.7,98,3,4047.8,9,2,4047.9,26,3,4048.0,18,3
11483,2026-07-02 09:57:18+05:30,4046.3,5,4064.33,310214,100434.0,134327.0,4100.0,4110.0,4044.9,4092.6,22354500,4501.8,3683.4,4440.0,3288.1,4046.1,5,1,4046.0,237,11,4045.9,5,1,4045.8,9,2,4045.7,1,1,4046.3,58,5,4047.7,98,3,4047.8,9,2,4047.9,26,3,4048.0,18,3
11483,2026-07-02 09:57:20+05:30,4046.0,4,4064.32,310338,100453.0,134026.0,4100.0,4110.0,4044.9,4092.6,22354500,4501.8,3683.4,4440.0,3288.1,4046.0,239,9,4045.9,5,1,4045.8,9,2,4045.7,1,1,4045.6,1,1,4046.3,83,3,4047.4,13,1,4047.5,12,1,4047.6,5,1,4047.7,78,4
11483,2026-07-02 09:57:20+05:30,4046.0,1,4064.32,310338,100453.0,134026.0,4100.0,4110.0,4044.9,4092.6,22354500,4501.8,3683.4,4440.0,3288.1,4046.0,239,9,4045.9,5,1,4045.8,9,2,4045.7,1,1,4045.6,1,1,4046.3,83,3,4047.4,13,1,4047.5,12,1,4047.6,5,1,4047.7,78,4
11483,2026-07-02 09:57:21+05:30,4046.0,2,4064.32,310353,100531.0,133774.0,4100.0,4110.0,4044.9,4092.6,22354500,4501.8,3683.4,4440.0,3288.1,4046.0,230,9,4045.9,5,1,4045.8,9,2,4045.7,1,1,4045.6,1,1,4046.3,77,2,4047.4,13,1,4047.5,12,1,4047.7,39,3,4047.8,25,3
11483,2026-07-02 09:57:21+05:30,4046.0,1,4064.32,310353,100531.0,133774.0,4100.0,4110.0,4044.9,4092.6,22354500,4501.8,3683.4,4440.0,3288.1,4046.0,230,9,4045.9,5,1,4045.8,9,2,4045.7,1,1,4045.6,1,1,4046.3,77,2,4047.4,13,1,4047.5,12,1,4047.7,39,3,4047.8,25,3
11483,2026-07-02 09:57:22+05:30,4046.3,25,4064.32,310381,100521.0,133827.0,4100.0,4110.0,4044.9,4092.6,22354500,4501.8,3683.4,4440.0,3288.1,4046.0,229,9,4045.9,5,1,4045.8,9,2,4045.7,1,1,4045.6,1,1,4046.3,52,4,4047.4,48,2,4047.5,12,1,4047.7,39,3,4047.8,54,3
11483,2026-07-02 09:57:22+05:30,4046.0,1,4064.32,310381,100521.0,133827.0,4100.0,4110.0,4044.9,4092.6,22354500,4501.8,3683.4,4440.0,3288.1,4046.0,229,9,4045.9,5,1,4045.8,9,2,4045.7,1,1,4045.6,1,1,4046.3,52,4,4047.4,48,2,4047.5,12,1,4047.7,39,3,4047.8,54,3
11483,2026-07-02 09:57:23+05:30,4046.0,1,4064.32,310386,100361.0,134107.0,4100.0,4110.0,4044.9,4092.6,22354500,4501.8,3683.4,4440.0,3288.1,4046.0,226,9,4045.9,5,1,4045.8,9,2,4045.7,1,1,4045.6,1,1,4046.3,50,4,4046.7,7,1,4046.9,9,1,4047.0,8,1,4047.3,8,1
11483,2026-07-02 09:57:23+05:30,4046.0,1,4064.32,310386,100361.0,134107.0,4100.0,4110.0,4044.9,4092.6,22354500,4501.8,3683.4,4440.0,3288.1,4046.0,226,9,4045.9,5,1,4045.8,9,2,4045.7,1,1,4045.6,1,1,4046.3,50,4,4046.7,7,1,4046.9,9,1,4047.0,8,1,4047.3,8,1
11483,2026-07-02 09:57:24+05:30,4046.0,1,4064.32,310387,100370.0,134142.0,4100.0,4110.0,4044.9,4092.6,22354500,4501.8,3683.4,4440.0,3288.1,4046.0,225,9,4045.9,5,1,4045.8,9,2,4045.7,1,1,4045.6,1,1,4046.3,50,4,4046.7,7,1,4046.9,9,1,4047.3,8,1,4047.4,63,3
11483,2026-07-02 09:57:24+05:30,4046.0,1,4064.32,310387,100370.0,134142.0,4100.0,4110.0,4044.9,4092.6,22354500,4501.8,3683.4,4440.0,3288.1,4046.0,225,9,4045.9,5,1,4045.8,9,2,4045.7,1,1,4045.6,1,1,4046.3,50,4,4046.7,7,1,4046.9,9,1,4047.3,8,1,4047.4,63,3
11483,2026-07-02 09:57:25+05:30,4046.1,1,4064.32,310405,100431.0,134038.0,4100.0,4110.0,4044.9,4092.6,22354500,4501.8,3683.4,4440.0,3288.1,4046.1,99,1,4046.0,213,9,4045.9,5,1,4045.8,9,2,4045.7,1,1,4046.3,45,4,4046.7,15,1,4046.9,9,1,4047.1,10,1,4047.3,8,1
11483,2026-07-02 09:57:25+05:30,4046.1,1,4064.32,310405,100431.0,134038.0,4100.0,4110.0,4044.9,4092.6,22354500,4501.8,3683.4,4440.0,3288.1,4046.1,99,1,4046.0,213,9,4045.9,5,1,4045.8,9,2,4045.7,1,1,4046.3,45,4,4046.7,15,1,4046.9,9,1,4047.1,10,1,4047.3,8,1
11483,2026-07-02 09:57:26+05:30,4046.1,1,4064.32,310405,100431.0,134038.0,4100.0,4110.0,4044.9,4092.6,22354500,4501.8,3683.4,4440.0,3288.1,4046.1,99,1,4046.0,213,9,4045.9,5,1,4045.8,9,2,4045.7,1,1,4046.3,45,4,4046.7,15,1,4046.9,9,1,4047.1,10,1,4047.3,8,1
11483,2026-07-02 09:57:26+05:30,4046.1,1,4064.31,310444,100475.0,134035.0,4100.0,4110.0,4044.9,4092.6,22354500,4501.8,3683.4,4440.0,3288.1,4046.1,98,1,4046.0,202,8,4045.9,5,1,4045.8,9,2,4045.7,1,1,4046.3,10,7,4046.4,3,1,4046.6,13,2,4046.7,54,2,4046.9,17,2
11483,2026-07-02 09:57:27+05:30,4046.1,1,4064.31,310444,100475.0,134035.0,4100.0,4110.0,4044.9,4092.6,22354500,4501.8,3683.4,4440.0,3288.1,4046.1,98,1,4046.0,202,8,4045.9,5,1,4045.8,9,2,4045.7,1,1,4046.3,10,7,4046.4,3,1,4046.6,13,2,4046.7,54,2,4046.9,17,2
11483,2026-07-02 09:57:27+05:30,4046.1,1,4064.31,310449,100524.0,134047.0,4100.0,4110.0,4044.9,4092.6,22354500,4501.8,3683.4,4440.0,3288.1,4046.1,93,1,4046.0,204,10,4045.9,5,1,4045.8,9,2,4045.7,1,1,4046.3,8,5,4046.6,13,2,4046.7,60,3,4046.9,17,2,4047.0,17,2
11483,2026-07-02 09:57:28+05:30,4046.1,1,4064.31,310449,100524.0,134047.0,4100.0,4110.0,4044.9,4092.6,22354500,4501.8,3683.4,4440.0,3288.1,4046.1,93,1,4046.0,204,10,4045.9,5,1,4045.8,9,2,4045.7,1,1,4046.3,8,5,4046.6,13,2,4046.7,60,3,4046.9,17,2,4047.0,17,2
11483,2026-07-02 09:57:28+05:30,4046.1,30,4064.31,310481,100383.0,134222.0,4100.0,4110.0,4044.9,4092.6,22354500,4501.8,3683.4,4440.0,3288.1,4046.1,61,1,4046.0,204,10,4045.9,5,1,4045.8,9,2,4045.7,1,1,4046.3,8,5,4046.6,13,2,4046.7,60,3,4046.9,17,2,4047.0,17,2
11483,2026-07-02 09:57:29+05:30,4046.1,1,4064.31,310481,100383.0,134222.0,4100.0,4110.0,4044.9,4092.6,22354500,4501.8,3683.4,4440.0,3288.1,4046.1,61,1,4046.0,204,10,4045.9,5,1,4045.8,9,2,4045.7,1,1,4046.3,8,5,4046.6,13,2,4046.7,60,3,4046.9,17,2,4047.0,17,2
11483,2026-07-02 09:57:29+05:30,4046.1,3,4064.31,310516,100375.0,134423.0,4100.0,4110.0,4044.9,4092.6,22354500,4501.8,3683.4,4440.0,3288.1,4046.1,51,1,4046.0,204,10,4045.9,5,1,4045.8,9,2,4045.7,1,1,4046.3,70,1,4046.6,13,2,4046.7,60,3,4046.9,17,2,4047.0,17,2
11483,2026-07-02 09:57:30+05:30,4046.1,1,4064.31,310516,100375.0,134423.0,4100.0,4110.0,4044.9,4092.6,22354500,4501.8,3683.4,4440.0,3288.1,4046.1,51,1,4046.0,204,10,4045.9,5,1,4045.8,9,2,4045.7,1,1,4046.3,70,1,4046.6,13,2,4046.7,60,3,4046.9,17,2,4047.0,17,2
11483,2026-07-02 09:57:31+05:30,4046.3,5,4064.31,310534,100508.0,134432.0,4100.0,4110.0,4044.9,4092.6,22354500,4501.8,3683.4,4440.0,3288.1,4046.1,69,2,4046.0,304,11,4045.9,5,1,4045.8,9,2,4045.7,1,1,4046.3,55,2,4046.6,8,1,4046.7,54,2,4046.9,17,2,4047.0,17,2
11483,2026-07-02 09:57:31+05:30,4046.1,1,4064.31,310534,100508.0,134432.0,4100.0,4110.0,4044.9,4092.6,22354500,4501.8,3683.4,4440.0,3288.1,4046.1,69,2,4046.0,304,11,4045.9,5,1,4045.8,9,2,4045.7,1,1,4046.3,55,2,4046.6,8,1,4046.7,54,2,4046.9,17,2,4047.0,17,2
11483,2026-07-02 09:57:32+05:30,4046.1,1,4064.31,310541,100560.0,134435.0,4100.0,4110.0,4044.9,4092.6,22354500,4501.8,3683.4,4440.0,3288.1,4046.1,67,2,4046.0,304,11,4045.9,5,1,4045.8,9,2,4045.7,1,1,4046.3,52,4,4046.6,8,1,4046.7,54,2,4046.9,17,2,4047.0,17,2
11483,2026-07-02 09:57:32+05:30,4046.3,2,4064.31,310541,100560.0,134435.0,4100.0,4110.0,4044.9,4092.6,22354500,4501.8,3683.4,4440.0,3288.1,4046.1,67,2,4046.0,304,11,4045.9,5,1,4045.8,9,2,4045.7,1,1,4046.3,52,4,4046.6,8,1,4046.7,54,2,4046.9,17,2,4047.0,17,2
11483,2026-07-02 09:57:33+05:30,4046.3,2,4064.31,310544,100512.0,134755.0,4100.0,4110.0,4044.9,4092.6,22354500,4501.8,3683.4,4440.0,3288.1,4046.1,66,2,4046.0,304,11,4045.9,5,1,4045.8,9,2,4045.7,1,1,4046.3,51,5,4046.6,8,1,4046.7,54,2,4046.9,17,2,4047.0,17,2
11483,2026-07-02 09:57:33+05:30,4046.1,1,4064.31,310544,100512.0,134755.0,4100.0,4110.0,4044.9,4092.6,22354500,4501.8,3683.4,4440.0,3288.1,4046.1,66,2,4046.0,304,11,4045.9,5,1,4045.8,9,2,4045.7,1,1,4046.3,51,5,4046.6,8,1,4046.7,54,2,4046.9,17,2,4047.0,17,2
11483,2026-07-02 09:57:34+05:30,4046.1,2,4064.31,310610,100602.0,134638.0,4100.0,4110.0,4044.9,4092.6,22354500,4501.8,3683.4,4440.0,3288.1,4046.1,62,2,4046.0,304,11,4045.9,5,1,4045.8,9,2,4045.7,1,1,4046.3,38,1,4046.6,4,1,4046.7,22,2,4046.9,9,1,4047.0,8,1
11483,2026-07-02 09:57:34+05:30,4046.1,1,4064.31,310610,100602.0,134638.0,4100.0,4110.0,4044.9,4092.6,22354500,4501.8,3683.4,4440.0,3288.1,4046.1,62,2,4046.0,304,11,4045.9,5,1,4045.8,9,2,4045.7,1,1,4046.3,38,1,4046.6,4,1,4046.7,22,2,4046.9,9,1,4047.0,8,1
11483,2026-07-02 09:57:35+05:30,4046.1,2,4064.3,310628,100543.0,134697.0,4100.0,4110.0,4044.9,4092.6,22354500,4501.8,3683.4,4440.0,3288.1,4046.1,50,3,4046.0,309,12,4045.9,5,1,4045.8,9,2,4045.7,1,1,4046.3,33,1,4046.6,4,1,4046.7,15,1,4047.1,10,1,4047.2,19,2
11483,2026-07-02 09:57:35+05:30,4046.1,1,4064.3,310628,100543.0,134697.0,4100.0,4110.0,4044.9,4092.6,22354500,4501.8,3683.4,4440.0,3288.1,4046.1,50,3,4046.0,309,12,4045.9,5,1,4045.8,9,2,4045.7,1,1,4046.3,33,1,4046.6,4,1,4046.7,15,1,4047.1,10,1,4047.2,19,2
11483,2026-07-02 09:57:36+05:30,4046.3,1,4064.3,310630,100609.0,134689.0,4100.0,4110.0,4044.9,4092.6,22354500,4501.8,3683.4,4440.0,3288.1,4046.1,84,6,4046.0,559,13,4045.9,5,1,4045.8,9,2,4045.7,1,1,4046.3,33,2,4046.7,15,1,4047.2,10,1,4047.4,48,2,4047.6,13,2
11483,2026-07-02 09:57:36+05:30,4046.3,1,4064.3,310630,100609.0,134689.0,4100.0,4110.0,4044.9,4092.6,22354500,4501.8,3683.4,4440.0,3288.1,4046.1,84,6,4046.0,559,13,4045.9,5,1,4045.8,9,2,4045.7,1,1,4046.3,33,2,4046.7,15,1,4047.2,10,1,4047.4,48,2,4047.6,13,2
11483,2026-07-02 09:57:37+05:30,4046.3,1,4064.3,310631,100570.0,134628.0,4100.0,4110.0,4044.9,4092.6,22354500,4501.8,3683.4,4440.0,3288.1,4046.1,84,6,4046.0,559,13,4045.9,5,1,4045.8,8,1,4045.6,18,1,4046.3,32,2,4046.7,15,1,4047.2,10,1,4047.4,35,1,4047.7,16,1
11483,2026-07-02 09:57:37+05:30,4046.3,1,4064.3,310631,100570.0,134628.0,4100.0,4110.0,4044.9,4092.6,22354500,4501.8,3683.4,4440.0,3288.1,4046.1,84,6,4046.0,559,13,4045.9,5,1,4045.8,8,1,4045.6,18,1,4046.3,32,2,4046.7,15,1,4047.2,10,1,4047.4,35,1,4047.7,16,1
11483,2026-07-02 09:57:38+05:30,4046.3,1,4064.3,310637,100348.0,134749.0,4100.0,4110.0,4044.9,4092.6,22354500,4501.8,3683.4,4440.0,3288.1,4046.1,73,5,4046.0,564,14,4045.9,5,1,4045.8,8,1,4045.5,75,5,4046.3,28,4,4046.7,15,1,4047.1,16,1,4047.2,10,1,4047.4,35,1
11483,2026-07-02 09:57:38+05:30,4046.3,1,4064.3,310637,100348.0,134749.0,4100.0,4110.0,4044.9,4092.6,22354500,4501.8,3683.4,4440.0,3288.1,4046.1,73,5,4046.0,564,14,4045.9,5,1,4045.8,8,1,4045.5,75,5,4046.3,28,4,4046.7,15,1,4047.1,16,1,4047.2,10,1,4047.4,35,1
11483,2026-07-02 09:57:39+05:30,4046.3,1,4064.3,310638,100411.0,134752.0,4100.0,4110.0,4044.9,4092.6,22354500,4501.8,3683.4,4440.0,3288.1,4046.1,73,5,4046.0,564,14,4045.9,5,1,4045.8,8,1,4045.5,63,4,4046.3,27,4,4046.7,15,1,4047.1,16,1,4047.2,10,1,4047.4,35,1
11483,2026-07-02 09:57:39+05:30,4046.3,1,4064.3,310638,100411.0,134752.0,4100.0,4110.0,4044.9,4092.6,22354500,4501.8,3683.4,4440.0,3288.1,4046.1,73,5,4046.0,564,14,4045.9,5,1,4045.8,8,1,4045.5,63,4,4046.3,27,4,4046.7,15,1,4047.1,16,1,4047.2,10,1,4047.4,35,1
11483,2026-07-02 09:57:40+05:30,4046.3,1,4064.3,310639,100479.0,134682.0,4100.0,4110.0,4044.9,4092.6,22354500,4501.8,3683.4,4440.0,3288.1,4046.1,73,5,4046.0,600,16,4045.9,5,1,4045.8,8,1,4045.5,63,4,4046.3,26,4,4046.7,15,1,4047.1,16,1,4047.4,35,1,4047.5,7,1
11483,2026-07-02 09:57:40+05:30,4046.3,1,4064.3,310639,100479.0,134682.0,4100.0,4110.0,4044.9,4092.6,22354500,4501.8,3683.4,4440.0,3288.1,4046.1,73,5,4046.0,600,16,4045.9,5,1,4045.8,8,1,4045.5,63,4,4046.3,26,4,4046.7,15,1,4047.1,16,1,4047.4,35,1,4047.5,7,1
11483,2026-07-02 09:57:41+05:30,4046.3,6,4064.3,310652,100441.0,134813.0,4100.0,4110.0,4044.9,4092.6,22354500,4501.8,3683.4,4440.0,3288.1,4046.1,72,5,4046.0,602,17,4045.9,5,1,4045.8,8,1,4045.5,63,4,4046.3,14,4,4046.7,15,1,4047.1,16,1,4047.4,35,1,4047.5,35,2
11483,2026-07-02 09:57:41+05:30,4046.3,6,4064.3,310652,100441.0,134813.0,4100.0,4110.0,4044.9,4092.6,22354500,4501.8,3683.4,4440.0,3288.1,4046.1,72,5,4046.0,602,17,4045.9,5,1,4045.8,8,1,4045.5,63,4,4046.3,14,4,4046.7,15,1,4047.1,16,1,4047.4,35,1,4047.5,35,2
11483,2026-07-02 09:57:42+05:30,4046.3,19,4064.3,310686,100665.0,135058.0,4100.0,4110.0,4044.9,4092.6,22354500,4501.8,3683.4,4440.0,3288.1,4046.1,87,6,4046.0,602,17,4045.9,5,1,4045.8,8,1,4045.5,45,3,4046.3,37,1,4046.7,15,1,4047.1,57,3,4047.4,46,2,4047.5,16,1
11483,2026-07-02 09:57:42+05:30,4046.3,19,4064.3,310686,100665.0,135058.0,4100.0,4110.0,4044.9,4092.6,22354500,4501.8,3683.4,4440.0,3288.1,4046.1,87,6,4046.0,602,17,4045.9,5,1,4045.8,8,1,4045.5,45,3,4046.3,37,1,4046.7,15,1,4047.1,57,3,4047.4,46,2,4047.5,16,1
11483,2026-07-02 09:57:43+05:30,4046.3,1,4064.3,310687,100713.0,135337.0,4100.0,4110.0,4044.9,4092.6,22354500,4501.8,3683.4,4440.0,3288.1,4046.1,87,6,4046.0,627,18,4045.9,5,1,4045.8,9,2,4045.5,45,3,4046.3,53,4,4046.7,15,1,4047.1,57,3,4047.4,46,2,4047.5,16,1
11483,2026-07-02 09:57:43+05:30,4046.3,1,4064.3,310687,100713.0,135337.0,4100.0,4110.0,4044.9,4092.6,22354500,4501.8,3683.4,4440.0,3288.1,4046.1,87,6,4046.0,627,18,4045.9,5,1,4045.8,9,2,4045.5,45,3,4046.3,53,4,4046.7,15,1,4047.1,57,3,4047.4,46,2,4047.5,16,1
11483,2026-07-02 09:57:44+05:30,4046.3,1,4064.3,310689,100776.0,135320.0,4100.0,4110.0,4044.9,4092.6,22354500,4501.8,3683.4,4440.0,3288.1,4046.1,97,7,4046.0,627,18,4045.9,5,1,4045.8,9,2,4045.5,45,3,4046.3,51,4,4046.7,15,1,4047.1,41,2,4047.4,46,2,4047.5,16,1
11483,2026-07-02 09:57:44+05:30,4046.3,1,4064.3,310689,100776.0,135320.0,4100.0,4110.0,4044.9,4092.6,22354500,4501.8,3683.4,4440.0,3288.1,4046.1,97,7,4046.0,627,18,4045.9,5,1,4045.8,9,2,4045.5,45,3,4046.3,51,4,4046.7,15,1,4047.1,41,2,4047.4,46,2,4047.5,16,1
11483,2026-07-02 09:57:45+05:30,4046.1,10,4064.3,310753,100622.0,135354.0,4100.0,4110.0,4044.9,4092.6,22354500,4501.8,3683.4,4440.0,3288.1,4046.1,87,7,4046.0,627,18,4045.9,5,1,4045.8,9,2,4045.5,50,4,4046.3,74,5,4046.7,15,1,4047.1,34,1,4047.4,46,2,4047.5,16,1
11483,2026-07-02 09:57:45+05:30,4046.1,1,4064.3,310753,100622.0,135354.0,4100.0,4110.0,4044.9,4092.6,22354500,4501.8,3683.4,4440.0,3288.1,4046.1,87,7,4046.0,627,18,4045.9,5,1,4045.8,9,2,4045.5,50,4,4046.3,74,5,4046.7,15,1,4047.1,34,1,4047.4,46,2,4047.5,16,1
11483,2026-07-02 09:57:46+05:30,4046.3,12,4064.3,310775,100886.0,135394.0,4100.0,4110.0,4044.9,4092.6,22354500,4501.8,3683.4,4440.0,3288.1,4046.1,85,7,4046.0,627,18,4045.9,5,1,4045.8,9,2,4045.6,10,1,4046.3,54,4,4046.7,15,1,4047.1,34,1,4047.4,46,2,4047.5,16,1
11483,2026-07-02 09:57:46+05:30,4046.3,7,4064.3,310775,100886.0,135394.0,4100.0,4110.0,4044.9,4092.6,22354500,4501.8,3683.4,4440.0,3288.1,4046.1,85,7,4046.0,627,18,4045.9,5,1,4045.8,9,2,4045.6,10,1,4046.3,54,4,4046.7,15,1,4047.1,34,1,4047.4,46,2,4047.5,16,1
11483,2026-07-02 09:57:47+05:30,4046.3,1,4064.29,310786,100866.0,135387.0,4100.0,4110.0,4044.9,4092.6,22354500,4501.8,3683.4,4440.0,3288.1,4046.1,75,6,4046.0,621,18,4045.9,5,1,4045.8,9,2,4045.6,10,1,4046.3,46,7,4046.7,15,1,4047.1,34,1,4047.4,46,2,4047.5,16,1
11483,2026-07-02 09:57:47+05:30,4046.3,1,4064.29,310786,100866.0,135387.0,4100.0,4110.0,4044.9,4092.6,22354500,4501.8,3683.4,4440.0,3288.1,4046.1,75,6,4046.0,621,18,4045.9,5,1,4045.8,9,2,4045.6,10,1,4046.3,46,7,4046.7,15,1,4047.1,34,1,4047.4,46,2,4047.5,16,1
11483,2026-07-02 09:57:48+05:30,4046.3,1,4064.29,310794,100871.0,135390.0,4100.0,4110.0,4044.9,4092.6,22354500,4501.8,3683.4,4440.0,3288.1,4046.1,73,6,4046.0,621,18,4045.9,5,1,4045.8,9,2,4045.5,62,5,4046.3,42,9,4046.7,15,1,4047.1,34,1,4047.4,46,2,4047.5,16,1
11483,2026-07-02 09:57:48+05:30,4046.3,8,4064.29,310794,100871.0,135390.0,4100.0,4110.0,4044.9,4092.6,22354500,4501.8,3683.4,4440.0,3288.1,4046.1,73,6,4046.0,621,18,4045.9,5,1,4045.8,9,2,4045.5,62,5,4046.3,42,9,4046.7,15,1,4047.1,34,1,4047.4,46,2,4047.5,16,1
11483,2026-07-02 09:57:49+05:30,4046.3,1,4064.29,310803,100889.0,135478.0,4100.0,4110.0,4044.9,4092.6,22354500,4501.8,3683.4,4440.0,3288.1,4046.1,73,6,4046.0,622,19,4045.9,5,1,4045.8,9,2,4045.5,62,5,4046.3,34,10,4046.7,15,1,4047.1,34,1,4047.4,46,2,4047.5,16,1
11483,2026-07-02 09:57:49+05:30,4046.3,25,4064.29,310803,100889.0,135478.0,4100.0,4110.0,4044.9,4092.6,22354500,4501.8,3683.4,4440.0,3288.1,4046.1,73,6,4046.0,622,19,4045.9,5,1,4045.8,9,2,4045.5,62,5,4046.3,34,10,4046.7,15,1,4047.1,34,1,4047.4,46,2,4047.5,16,1
11483,2026-07-02 09:57:50+05:30,4046.3,2,4064.29,310861,100747.0,135452.0,4100.0,4110.0,4044.9,4092.6,22354500,4501.8,3683.4,4440.0,3288.1,4046.1,70,7,4046.0,617,18,4045.9,5,1,4045.8,9,2,4045.5,50,4,4046.3,60,4,4046.7,15,1,4047.1,34,1,4047.3,4,1,4047.4,52,2
11483,2026-07-02 09:57:50+05:30,4046.3,1,4064.29,310861,100747.0,135452.0,4100.0,4110.0,4044.9,4092.6,22354500,4501.8,3683.4,4440.0,3288.1,4046.1,70,7,4046.0,617,18,4045.9,5,1,4045.8,9,2,4045.5,50,4,4046.3,60,4,4046.7,15,1,4047.1,34,1,4047.3,4,1,4047.4,52,2
11483,2026-07-02 09:57:51+05:30,4046.1,1,4064.29,310867,100954.0,135459.0,4100.0,4110.0,4044.9,4092.6,22354500,4501.8,3683.4,4440.0,3288.1,4046.1,75,8,4046.0,792,20,4045.9,5,1,4045.8,9,2,4045.7,9,1,4046.3,58,4,4046.7,15,1,4047.1,34,1,4047.3,4,1,4047.4,52,2
11483,2026-07-02 09:57:51+05:30,4046.1,1,4064.29,310867,100954.0,135459.0,4100.0,4110.0,4044.9,4092.6,22354500,4501.8,3683.4,4440.0,3288.1,4046.1,75,8,4046.0,792,20,4045.9,5,1,4045.8,9,2,4045.7,9,1,4046.3,58,4,4046.7,15,1,4047.1,34,1,4047.3,4,1,4047.4,52,2
11483,2026-07-02 09:57:52+05:30,4046.1,1,4064.29,310871,100896.0,135469.0,4100.0,4110.0,4044.9,4092.6,22354500,4501.8,3683.4,4440.0,3288.1,4046.1,74,8,4046.0,796,21,4045.9,11,2,4045.8,16,3,4045.7,18,2,4046.3,57,3,4046.7,15,1,4047.1,34,1,4047.3,4,1,4047.4,35,1
11483,2026-07-02 09:57:52+05:30,4046.3,62,4064.29,310871,100896.0,135469.0,4100.0,4110.0,4044.9,4092.6,22354500,4501.8,3683.4,4440.0,3288.1,4046.1,74,8,4046.0,796,21,4045.9,11,2,4045.8,16,3,4045.7,18,2,4046.3,57,3,4046.7,15,1,4047.1,34,1,4047.3,4,1,4047.4,35,1
11483,2026-07-02 09:57:53+05:30,4046.3,1,4064.25,311624,101047.0,135573.0,4100.0,4110.0,4044.9,4092.6,22354500,4501.8,3683.4,4440.0,3288.1,4046.1,73,8,4046.0,796,21,4045.9,11,2,4045.8,15,3,4045.7,18,2,4046.3,14,1,4046.7,15,1,4047.7,60,4,4047.8,6,1,4047.9,19,3
11483,2026-07-02 09:57:53+05:30,4046.1,1,4064.25,311624,101047.0,135573.0,4100.0,4110.0,4044.9,4092.6,22354500,4501.8,3683.4,4440.0,3288.1,4046.1,73,8,4046.0,796,21,4045.9,11,2,4045.8,15,3,4045.7,18,2,4046.3,14,1,4046.7,15,1,4047.7,60,4,4047.8,6,1,4047.9,19,3
11483,2026-07-02 09:57:54+05:30,4046.1,10,4064.24,311657,100959.0,135806.0,4100.0,4110.0,4044.9,4092.6,22354500,4501.8,3683.4,4440.0,3288.1,4046.1,50,6,4046.0,830,23,4045.9,5,1,4045.8,9,2,4045.5,57,4,4046.3,85,3,4046.7,15,1,4047.0,100,1,4047.6,56,3,4047.7,60,4
11483,2026-07-02 09:57:54+05:30,4046.1,1,4064.24,311657,100959.0,135806.0,4100.0,4110.0,4044.9,4092.6,22354500,4501.8,3683.4,4440.0,3288.1,4046.1,50,6,4046.0,830,23,4045.9,5,1,4045.8,9,2,4045.5,57,4,4046.3,85,3,4046.7,15,1,4047.0,100,1,4047.6,56,3,4047.7,60,4
11483,2026-07-02 09:57:55+05:30,4046.1,1,4064.24,311760,101023.0,135694.0,4100.0,4110.0,4044.9,4092.6,22354500,4501.8,3683.4,4440.0,3288.1,4046.1,54,5,4046.0,830,23,4045.9,5,1,4045.8,9,2,4045.6,10,1,4046.3,90,3,4046.7,15,1,4047.0,100,1,4047.5,3,1,4047.6,37,2
11483,2026-07-02 09:57:55+05:30,4046.3,1,4064.24,311760,101023.0,135694.0,4100.0,4110.0,4044.9,4092.6,22354500,4501.8,3683.4,4440.0,3288.1,4046.1,54,5,4046.0,830,23,4045.9,5,1,4045.8,9,2,4045.6,10,1,4046.3,90,3,4046.7,15,1,4047.0,100,1,4047.5,3,1,4047.6,37,2
11483,2026-07-02 09:57:56+05:30,4046.3,1,4064.24,311781,101050.0,135670.0,4100.0,4110.0,4044.9,4092.6,22354500,4501.8,3683.4,4440.0,3288.1,4046.1,25,4,4046.0,830,23,4045.9,5,1,4045.8,9,2,4045.5,45,3,4046.3,88,3,4046.7,15,1,4047.0,100,1,4047.5,3,1,4047.6,37,2
11483,2026-07-02 09:57:56+05:30,4046.3,12,4064.24,311781,101050.0,135670.0,4100.0,4110.0,4044.9,4092.6,22354500,4501.8,3683.4,4440.0,3288.1,4046.1,25,4,4046.0,830,23,4045.9,5,1,4045.8,9,2,4045.5,45,3,4046.3,88,3,4046.7,15,1,4047.0,100,1,4047.5,3,1,4047.6,37,2
11483,2026-07-02 09:57:57+05:30,4044.9,1,4064.04,315016,95351.0,136804.0,4100.0,4110.0,4044.9,4092.6,22354500,4501.8,3683.4,4440.0,3288.1,4044.9,250,2,4044.8,2,2,4044.6,6,2,4044.5,37,2,4044.4,40,3,4045.1,19,1,4045.2,12,2,4045.3,3,1,4045.4,5,1,4045.5,15,1
11483,2026-07-02 09:57:57+05:30,4044.5,1,4064.04,315016,95351.0,136804.0,4100.0,4110.0,4044.9,4092.6,22354500,4501.8,3683.4,4440.0,3288.1,4044.9,250,2,4044.8,2,2,4044.6,6,2,4044.5,37,2,4044.4,40,3,4045.1,19,1,4045.2,12,2,4045.3,3,1,4045.4,5,1,4045.5,15,1
11483,2026-07-02 09:57:58+05:30,4045.6,3,4064.0,315679,96091.0,137970.0,4100.0,4110.0,4044.5,4092.6,22354500,4501.8,3683.4,4440.0,3288.1,4044.4,40,3,4044.2,5,1,4044.1,1,1,4044.0,875,36,4043.9,10,1,4044.5,12,2,4045.0,1200,1,4045.1,12,1,4045.4,3,1,4045.5,18,2
11483,2026-07-02 09:57:58+05:30,4044.4,1,4064.0,315679,96091.0,137970.0,4100.0,4110.0,4044.5,4092.6,22354500,4501.8,3683.4,4440.0,3288.1,4044.4,40,3,4044.2,5,1,4044.1,1,1,4044.0,875,36,4043.9,10,1,4044.5,12,2,4045.0,1200,1,4045.1,12,1,4045.4,3,1,4045.5,18,2
11483,2026-07-02 09:57:59+05:30,4044.4,20,4064.0,315701,96070.0,138120.0,4100.0,4110.0,4044.4,4092.6,22354500,4501.8,3683.4,4440.0,3288.1,4044.4,19,3,4044.2,5,1,4044.1,1,1,4044.0,870,35,4043.9,10,1,4044.5,11,2,4044.7,12,1,4045.0,1200,1,4045.2,12,1,4045.4,3,1
11483,2026-07-02 09:57:59+05:30,4044.5,8,4064.0,315701,96070.0,138120.0,4100.0,4110.0,4044.4,4092.6,22354500,4501.8,3683.4,4440.0,3288.1,4044.4,19,3,4044.2,5,1,4044.1,1,1,4044.0,870,35,4043.9,10,1,4044.5,11,2,4044.7,12,1,4045.0,1200,1,4045.2,12,1,4045.4,3,1
11483,2026-07-02 09:58:00+05:30,4045.0,40,4063.99,315820,96130.0,138036.0,4100.0,4110.0,4044.4,4092.6,22354500,4501.8,3683.4,4440.0,3288.1,4044.4,31,4,4044.2,5,1,4044.1,1,1,4044.0,870,35,4043.9,10,1,4045.0,1150,1,4045.2,12,1,4045.5,18,2,4045.6,16,4,4045.7,40,4
11483,2026-07-02 09:58:00+05:30,4044.4,1,4063.99,315820,96130.0,138036.0,4100.0,4110.0,4044.4,4092.6,22354500,4501.8,3683.4,4440.0,3288.1,4044.4,31,4,4044.2,5,1,4044.1,1,1,4044.0,870,35,4043.9,10,1,4045.0,1150,1,4045.2,12,1,4045.5,18,2,4045.6,16,4,4045.7,40,4
11483,2026-07-02 09:58:01+05:30,4045.0,1,4063.99,315827,96353.0,137857.0,4100.0,4110.0,4044.4,4092.6,22354500,4501.8,3683.4,4440.0,3288.1,4044.4,56,5,4044.2,5,1,4044.1,1,1,4044.0,883,36,4043.9,10,1,4045.0,1152,3,4045.6,34,5,4045.7,25,3,4045.8,28,2,4045.9,219,4
11483,2026-07-02 09:58:01+05:30,4044.4,1,4063.99,315827,96353.0,137857.0,4100.0,4110.0,4044.4,4092.6,22354500,4501.8,3683.4,4440.0,3288.1,4044.4,56,5,4044.2,5,1,4044.1,1,1,4044.0,883,36,4043.9,10,1,4045.0,1152,3,4045.6,34,5,4045.7,25,3,4045.8,28,2,4045.9,219,4
11483,2026-07-02 09:58:02+05:30,4044.4,1,4063.99,315829,96330.0,137866.0,4100.0,4110.0,4044.4,4092.6,22354500,4501.8,3683.4,4440.0,3288.1,4044.4,54,5,4044.2,5,1,4044.1,1,1,4044.0,883,36,4043.9,10,1,4045.0,1153,4,4045.6,34,5,4045.7,25,3,4045.8,28,2,4045.9,219,4
11483,2026-07-02 09:58:02+05:30,4044.4,1,4063.99,315829,96330.0,137866.0,4100.0,4110.0,4044.4,4092.6,22354500,4501.8,3683.4,4440.0,3288.1,4044.4,54,5,4044.2,5,1,4044.1,1,1,4044.0,883,36,4043.9,10,1,4045.0,1153,4,4045.6,34,5,4045.7,25,3,4045.8,28,2,4045.9,219,4
11483,2026-07-02 09:58:03+05:30,4044.5,44,4063.99,315893,96264.0,137895.0,4100.0,4110.0,4044.4,4092.6,22354500,4501.8,3683.4,4440.0,3288.1,4044.5,41,1,4044.4,36,4,4044.2,5,1,4044.1,1,1,4044.0,870,35,4045.0,1149,4,4045.2,36,2,4045.5,12,1,4045.6,6,1,4045.7,37,4
11483,2026-07-02 09:58:03+05:30,4044.5,1,4063.99,315893,96264.0,137895.0,4100.0,4110.0,4044.4,4092.6,22354500,4501.8,3683.4,4440.0,3288.1,4044.5,41,1,4044.4,36,4,4044.2,5,1,4044.1,1,1,4044.0,870,35,4045.0,1149,4,4045.2,36,2,4045.5,12,1,4045.6,6,1,4045.7,37,4
11483,2026-07-02 09:58:04+05:30,4044.5,1,4063.99,315910,96261.0,137924.0,4100.0,4110.0,4044.4,4092.6,22354500,4501.8,3683.4,4440.0,3288.1,4044.5,29,1,4044.4,36,4,4044.2,5,1,4044.1,1,1,4044.0,879,36,4045.0,1145,5,4045.2,36,2,4045.5,12,1,4045.6,29,2,4045.7,37,4
11483,2026-07-02 09:58:04+05:30,4044.5,1,4063.99,315910,96261.0,137924.0,4100.0,4110.0,4044.4,4092.6,22354500,4501.8,3683.4,4440.0,3288.1,4044.5,29,1,4044.4,36,4,4044.2,5,1,4044.1,1,1,4044.0,879,36,4045.0,1145,5,4045.2,36,2,4045.5,12,1,4045.6,29,2,4045.7,37,4
11483,2026-07-02 09:58:05+05:30,4044.5,1,4063.99,315930,96294.0,137868.0,4100.0,4110.0,4044.4,4092.6,22354500,4501.8,3683.4,4440.0,3288.1,4044.5,9,1,4044.4,36,4,4044.2,5,1,4044.1,1,1,4044.0,879,36,4045.0,1154,4,4045.2,24,1,4045.5,12,1,4045.6,29,2,4045.7,37,4
11483,2026-07-02 09:58:05+05:30,4044.5,3,4063.99,315930,96294.0,137868.0,4100.0,4110.0,4044.4,4092.6,22354500,4501.8,3683.4,4440.0,3288.1,4044.5,9,1,4044.4,36,4,4044.2,5,1,4044.1,1,1,4044.0,879,36,4045.0,1154,4,4045.2,24,1,4045.5,12,1,4045.6,29,2,4045.7,37,4
11483,2026-07-02 09:58:06+05:30,4044.5,1,4063.99,315930,96294.0,137868.0,4100.0,4110.0,4044.4,4092.6,22354500,4501.8,3683.4,4440.0,3288.1,4044.5,9,1,4044.4,36,4,4044.2,5,1,4044.1,1,1,4044.0,879,36,4045.0,1154,4,4045.2,24,1,4045.5,12,1,4045.6,29,2,4045.7,37,4
11483,2026-07-02 09:58:06+05:30,4044.5,1,4063.99,315944,96266.0,137941.0,4100.0,4110.0,4044.4,4092.6,22354500,4501.8,3683.4,4440.0,3288.1,4044.5,3,1,4044.4,37,5,4044.2,5,1,4044.1,1,1,4044.0,879,36,4045.0,1145,3,4045.5,12,1,4045.6,6,1,4045.7,37,4,4045.8,64,4
11483,2026-07-02 09:58:07+05:30,4041.7,1,4063.99,315944,96266.0,137941.0,4100.0,4110.0,4044.4,4092.6,22354500,4501.8,3683.4,4440.0,3288.1,4044.5,3,1,4044.4,37,5,4044.2,5,1,4044.1,1,1,4044.0,879,36,4045.0,1145,3,4045.5,12,1,4045.6,6,1,4045.7,37,4,4045.8,64,4
11483,2026-07-02 09:58:07+05:30,4041.7,1,4063.79,318914,92754.0,139746.0,4100.0,4110.0,4041.7,4092.6,22354500,4501.8,3683.4,4440.0,3288.1,4041.6,23,2,4041.5,55,3,4041.3,178,2,4041.2,26,4,4041.1,80,6,4041.9,27,1,4042.7,27,2,4042.8,161,3,4043.0,120,6,4043.5,20,2
11483,2026-07-02 09:58:08+05:30,4041.6,1,4063.79,318914,92754.0,139746.0,4100.0,4110.0,4041.7,4092.6,22354500,4501.8,3683.4,4440.0,3288.1,4041.6,23,2,4041.5,55,3,4041.3,178,2,4041.2,26,4,4041.1,80,6,4041.9,27,1,4042.7,27,2,4042.8,161,3,4043.0,120,6,4043.5,20,2
11483,2026-07-02 09:58:08+05:30,4041.6,1,4063.77,319261,93329.0,139343.0,4100.0,4110.0,4041.6,4092.6,22354500,4501.8,3683.4,4440.0,3288.1,4041.6,44,4,4041.5,79,6,4041.4,13,2,4041.3,199,3,4041.2,56,6,4042.8,17,5,4043.0,138,7,4043.5,6,1,4043.6,100,1,4043.7,12,1
11483,2026-07-02 09:58:09+05:30,4041.6,1,4063.77,319261,93329.0,139343.0,4100.0,4110.0,4041.6,4092.6,22354500,4501.8,3683.4,4440.0,3288.1,4041.6,44,4,4041.5,79,6,4041.4,13,2,4041.3,199,3,4041.2,56,6,4042.8,17,5,4043.0,138,7,4043.5,6,1,4043.6,100,1,4043.7,12,1
11483,2026-07-02 09:58:10+05:30,4041.6,1,4063.77,319265,93201.0,139692.0,4100.0,4110.0,4041.6,4092.6,22354500,4501.8,3683.4,4440.0,3288.1,4041.6,23,3,4041.5,56,4,4041.4,13,2,4041.3,3,1,4041.2,33,5,4042.7,89,7,4042.8,17,5,4043.0,138,7,4043.1,63,3,4043.2,47,3
11483,2026-07-02 09:58:10+05:30,4042.6,1,4063.77,319265,93201.0,139692.0,4100.0,4110.0,4041.6,4092.6,22354500,4501.8,3683.4,4440.0,3288.1,4041.6,23,3,4041.5,56,4,4041.4,13,2,4041.3,3,1,4041.2,33,5,4042.7,89,7,4042.8,17,5,4043.0,138,7,4043.1,63,3,4043.2,47,3
11483,2026-07-02 09:58:11+05:30,4042.6,1,4063.77,319265,93201.0,139692.0,4100.0,4110.0,4041.6,4092.6,22354500,4501.8,3683.4,4440.0,3288.1,4041.6,23,3,4041.5,56,4,4041.4,13,2,4041.3,3,1,4041.2,33,5,4042.7,89,7,4042.8,17,5,4043.0,138,7,4043.1,63,3,4043.2,47,3
11483,2026-07-02 09:58:11+05:30,4042.8,1,4063.77,319268,93228.0,139875.0,4100.0,4110.0,4041.6,4092.6,22354500,4501.8,3683.4,4440.0,3288.1,4041.6,40,4,4041.5,56,4,4041.4,13,2,4041.3,3,1,4041.2,33,5,4042.8,29,6,4043.0,138,7,4043.1,99,4,4043.3,16,1,4043.4,12,1
11483,2026-07-02 09:58:11+05:30,4042.8,1,4063.77,319268,93228.0,139875.0,4100.0,4110.0,4041.6,4092.6,22354500,4501.8,3683.4,4440.0,3288.1,4041.6,40,4,4041.5,56,4,4041.4,13,2,4041.3,3,1,4041.2,33,5,4042.8,29,6,4043.0,138,7,4043.1,99,4,4043.3,16,1,4043.4,12,1
11483,2026-07-02 09:58:11+05:30,4041.6,1,4063.77,319268,93228.0,139875.0,4100.0,4110.0,4041.6,4092.6,22354500,4501.8,3683.4,4440.0,3288.1,4041.6,40,4,4041.5,56,4,4041.4,13,2,4041.3,3,1,4041.2,33,5,4042.8,29,6,4043.0,138,7,4043.1,99,4,4043.3,16,1,4043.4,12,1
11483,2026-07-02 09:58:11+05:30,4041.6,1,4063.77,319268,93228.0,139875.0,4100.0,4110.0,4041.6,4092.6,22354500,4501.8,3683.4,4440.0,3288.1,4041.6,40,4,4041.5,56,4,4041.4,13,2,4041.3,3,1,4041.2,33,5,4042.8,29,6,4043.0,138,7,4043.1,99,4,4043.3,16,1,4043.4,12,1
11483,2026-07-02 09:58:12+05:30,4041.6,1,4063.77,319268,93228.0,139875.0,4100.0,4110.0,4041.6,4092.6,22354500,4501.8,3683.4,4440.0,3288.1,4041.6,40,4,4041.5,56,4,4041.4,13,2,4041.3,3,1,4041.2,33,5,4042.8,29,6,4043.0,138,7,4043.1,99,4,4043.3,16,1,4043.4,12,1
11483,2026-07-02 09:58:12+05:30,4042.8,3,4063.76,319301,93154.0,139916.0,4100.0,4110.0,4041.6,4092.6,22354500,4501.8,3683.4,4440.0,3288.1,4041.6,29,1,4041.5,56,4,4041.4,13,2,4041.3,3,1,4041.2,33,5,4042.7,19,1,4042.8,24,5,4043.0,138,7,4043.1,99,4,4043.2,31,1
11483,2026-07-02 09:58:12+05:30,4042.7,1,4063.76,319301,93154.0,139916.0,4100.0,4110.0,4041.6,4092.6,22354500,4501.8,3683.4,4440.0,3288.1,4041.6,29,1,4041.5,56,4,4041.4,13,2,4041.3,3,1,4041.2,33,5,4042.7,19,1,4042.8,24,5,4043.0,138,7,4043.1,99,4,4043.2,31,1
11483,2026-07-02 09:58:12+05:30,4042.7,1,4063.76,319301,93154.0,139916.0,4100.0,4110.0,4041.6,4092.6,22354500,4501.8,3683.4,4440.0,3288.1,4041.6,29,1,4041.5,56,4,4041.4,13,2,4041.3,3,1,4041.2,33,5,4042.7,19,1,4042.8,24,5,4043.0,138,7,4043.1,99,4,4043.2,31,1
11483,2026-07-02 09:58:13+05:30,4042.7,1,4063.76,319301,93154.0,139916.0,4100.0,4110.0,4041.6,4092.6,22354500,4501.8,3683.4,4440.0,3288.1,4041.6,29,1,4041.5,56,4,4041.4,13,2,4041.3,3,1,4041.2,33,5,4042.7,19,1,4042.8,24,5,4043.0,138,7,4043.1,99,4,4043.2,31,1
11483,2026-07-02 09:58:13+05:30,4041.6,23,4063.76,319354,93270.0,140195.0,4100.0,4110.0,4041.6,4092.6,22354500,4501.8,3683.4,4440.0,3288.1,4041.6,30,2,4041.5,55,3,4041.4,13,2,4041.3,3,1,4041.2,15,4,4042.6,79,5,4042.7,35,3,4042.8,14,5,4042.9,73,2,4043.0,170,8
11483,2026-07-02 09:58:13+05:30,4042.6,5,4063.76,319354,93270.0,140195.0,4100.0,4110.0,4041.6,4092.6,22354500,4501.8,3683.4,4440.0,3288.1,4041.6,30,2,4041.5,55,3,4041.4,13,2,4041.3,3,1,4041.2,15,4,4042.6,79,5,4042.7,35,3,4042.8,14,5,4042.9,73,2,4043.0,170,8
11483,2026-07-02 09:58:13+05:30,4042.6,5,4063.76,319354,93270.0,140195.0,4100.0,4110.0,4041.6,4092.6,22354500,4501.8,3683.4,4440.0,3288.1,4041.6,30,2,4041.5,55,3,4041.4,13,2,4041.3,3,1,4041.2,15,4,4042.6,79,5,4042.7,35,3,4042.8,14,5,4042.9,73,2,4043.0,170,8
11483,2026-07-02 09:58:14+05:30,4042.6,5,4063.76,319354,93270.0,140195.0,4100.0,4110.0,4041.6,4092.6,22354500,4501.8,3683.4,4440.0,3288.1,4041.6,30,2,4041.5,55,3,4041.4,13,2,4041.3,3,1,4041.2,15,4,4042.6,79,5,4042.7,35,3,4042.8,14,5,4042.9,73,2,4043.0,170,8
11483,2026-07-02 09:58:14+05:30,4042.5,1,4063.76,319382,93415.0,140167.0,4100.0,4110.0,4041.6,4092.6,22354500,4501.8,3683.4,4440.0,3288.1,4041.6,19,2,4041.5,55,3,4041.4,12,1,4041.3,3,1,4041.2,14,3,4042.4,31,1,4042.5,11,1,4042.6,13,3,4042.7,48,4,4042.8,45,7
11483,2026-07-02 09:58:14+05:30,4042.5,1,4063.76,319382,93415.0,140167.0,4100.0,4110.0,4041.6,4092.6,22380050,4501.8,3683.4,4440.0,3288.1,4041.6,19,2,4041.5,55,3,4041.4,12,1,4041.3,3,1,4041.2,14,3,4042.4,31,1,4042.5,11,1,4042.6,13,3,4042.7,48,4,4042.8,45,7
11483,2026-07-02 09:58:14+05:30,4042.4,1,4063.76,319382,93415.0,140167.0,4100.0,4110.0,4041.6,4092.6,22380050,4501.8,3683.4,4440.0,3288.1,4041.6,19,2,4041.5,55,3,4041.4,12,1,4041.3,3,1,4041.2,14,3,4042.4,31,1,4042.5,11,1,4042.6,13,3,4042.7,48,4,4042.8,45,7
11483,2026-07-02 09:58:14+05:30,4042.4,1,4063.76,319382,93415.0,140167.0,4100.0,4110.0,4041.6,4092.6,22380050,4501.8,3683.4,4440.0,3288.1,4041.6,19,2,4041.5,55,3,4041.4,12,1,4041.3,3,1,4041.2,14,3,4042.4,31,1,4042.5,11,1,4042.6,13,3,4042.7,48,4,4042.8,45,7
11483,2026-07-02 09:58:15+05:30,4042.4,1,4063.76,319382,93415.0,140167.0,4100.0,4110.0,4041.6,4092.6,22380050,4501.8,3683.4,4440.0,3288.1,4041.6,19,2,4041.5,55,3,4041.4,12,1,4041.3,3,1,4041.2,14,3,4042.4,31,1,4042.5,11,1,4042.6,13,3,4042.7,48,4,4042.8,45,7
11483,2026-07-02 09:58:15+05:30,4040.3,1,4063.66,320703,93303.0,141547.0,4100.0,4110.0,4040.3,4092.6,22380050,4501.8,3683.4,4440.0,3288.1,4040.3,6,3,4040.1,489,14,4040.0,4227,260,4039.7,12,1,4039.6,48,2,4040.8,1,1,4041.0,818,2,4041.1,1,1,4041.3,12,1,4041.4,9,1
11483,2026-07-02 09:58:15+05:30,4040.3,1,4063.66,320703,93303.0,141547.0,4100.0,4110.0,4040.3,4092.6,22380050,4501.8,3683.4,4440.0,3288.1,4040.3,6,3,4040.1,489,14,4040.0,4227,260,4039.7,12,1,4039.6,48,2,4040.8,1,1,4041.0,818,2,4041.1,1,1,4041.3,12,1,4041.4,9,1
11483,2026-07-02 09:58:15+05:30,4040.3,3,4063.66,320703,93303.0,141547.0,4100.0,4110.0,4040.3,4092.6,22380050,4501.8,3683.4,4440.0,3288.1,4040.3,6,3,4040.1,489,14,4040.0,4227,260,4039.7,12,1,4039.6,48,2,4040.8,1,1,4041.0,818,2,4041.1,1,1,4041.3,12,1,4041.4,9,1
11483,2026-07-02 09:58:15+05:30,4040.3,3,4063.66,320703,93303.0,141547.0,4100.0,4110.0,4040.3,4092.6,22380050,4501.8,3683.4,4440.0,3288.1,4040.3,6,3,4040.1,489,14,4040.0,4227,260,4039.7,12,1,4039.6,48,2,4040.8,1,1,4041.0,818,2,4041.1,1,1,4041.3,12,1,4041.4,9,1
11483,2026-07-02 09:58:16+05:30,4040.3,3,4063.66,320703,93303.0,141547.0,4100.0,4110.0,4040.3,4092.6,22380050,4501.8,3683.4,4440.0,3288.1,4040.3,6,3,4040.1,489,14,4040.0,4227,260,4039.7,12,1,4039.6,48,2,4040.8,1,1,4041.0,818,2,4041.1,1,1,4041.3,12,1,4041.4,9,1
11483,2026-07-02 09:58:16+05:30,4040.1,1,4063.65,320879,93260.0,140903.0,4100.0,4110.0,4040.1,4092.6,22380050,4501.8,3683.4,4440.0,3288.1,4040.1,509,15,4040.0,4240,262,4039.7,12,1,4039.6,40,2,4039.5,3,2,4040.3,4,1,4040.5,20,1,4040.8,1,1,4041.0,806,1,4041.1,1,1
11483,2026-07-02 09:58:16+05:30,4040.1,1,4063.65,320879,93260.0,140903.0,4100.0,4110.0,4040.1,4092.6,22380050,4501.8,3683.4,4440.0,3288.1,4040.1,509,15,4040.0,4240,262,4039.7,12,1,4039.6,40,2,4039.5,3,2,4040.3,4,1,4040.5,20,1,4040.8,1,1,4041.0,806,1,4041.1,1,1
11483,2026-07-02 09:58:17+05:30,4040.8,1,4063.64,320969,93941.0,138802.0,4100.0,4110.0,4040.1,4092.6,22380050,4501.8,3683.4,4440.0,3288.1,4041.0,1,1,4040.3,24,2,4040.2,24,3,4040.1,488,15,4040.0,4307,266,4041.1,1,1,4041.9,47,2,4042.1,31,1,4042.2,41,1,4042.3,47,3
11483,2026-07-02 09:58:17+05:30,4041.0,1,4063.64,320969,93941.0,138802.0,4100.0,4110.0,4040.1,4092.6,22380050,4501.8,3683.4,4440.0,3288.1,4041.0,1,1,4040.3,24,2,4040.2,24,3,4040.1,488,15,4040.0,4307,266,4041.1,1,1,4041.9,47,2,4042.1,31,1,4042.2,41,1,4042.3,47,3
11483,2026-07-02 09:58:18+05:30,4041.1,3,4063.64,320969,93941.0,138802.0,4100.0,4110.0,4040.1,4092.6,22380050,4501.8,3683.4,4440.0,3288.1,4041.0,1,1,4040.3,24,2,4040.2,24,3,4040.1,488,15,4040.0,4307,266,4041.1,1,1,4041.9,47,2,4042.1,31,1,4042.2,41,1,4042.3,47,3
11483,2026-07-02 09:58:18+05:30,4041.1,3,4063.64,320984,94343.0,138417.0,4100.0,4110.0,4040.1,4092.6,22380050,4501.8,3683.4,4440.0,3288.1,4041.1,12,1,4040.6,12,1,4040.3,46,5,4040.2,73,3,4040.1,472,16,4041.9,11,1,4042.0,34,3,4042.1,54,4,4042.2,41,2,4042.3,28,2
11483,2026-07-02 09:58:19+05:30,4041.9,1,4063.64,320984,94343.0,138417.0,4100.0,4110.0,4040.1,4092.6,22380050,4501.8,3683.4,4440.0,3288.1,4041.1,12,1,4040.6,12,1,4040.3,46,5,4040.2,73,3,4040.1,472,16,4041.9,11,1,4042.0,34,3,4042.1,54,4,4042.2,41,2,4042.3,28,2
11483,2026-07-02 09:58:19+05:30,4041.9,1,4063.64,320991,94415.0,138416.0,4100.0,4110.0,4040.1,4092.6,22380050,4501.8,3683.4,4440.0,3288.1,4041.1,6,1,4040.6,12,1,4040.5,7,1,4040.4,3,1,4040.3,35,4,4041.9,35,2,4042.0,35,3,4042.1,19,2,4042.2,66,4,4042.3,17,1
11483,2026-07-02 09:58:20+05:30,4041.8,1,4063.64,320991,94415.0,138416.0,4100.0,4110.0,4040.1,4092.6,22380050,4501.8,3683.4,4440.0,3288.1,4041.1,6,1,4040.6,12,1,4040.5,7,1,4040.4,3,1,4040.3,35,4,4041.9,35,2,4042.0,35,3,4042.1,19,2,4042.2,66,4,4042.3,17,1
11483,2026-07-02 09:58:20+05:30,4041.8,12,4063.63,321121,94042.0,138637.0,4100.0,4110.0,4040.1,4092.6,22380050,4501.8,3683.4,4440.0,3288.1,4040.4,3,1,4040.3,13,2,4040.2,41,1,4040.1,461,14,4040.0,4256,263,4041.8,25,3,4041.9,86,5,4042.0,45,3,4042.1,19,2,4042.2,24,2
11483,2026-07-02 09:58:21+05:30,4041.8,1,4063.63,321121,94042.0,138637.0,4100.0,4110.0,4040.1,4092.6,22380050,4501.8,3683.4,4440.0,3288.1,4040.4,3,1,4040.3,13,2,4040.2,41,1,4040.1,461,14,4040.0,4256,263,4041.8,25,3,4041.9,86,5,4042.0,45,3,4042.1,19,2,4042.2,24,2
11483,2026-07-02 09:58:21+05:30,4041.8,7,4063.63,321133,94255.0,138780.0,4100.0,4110.0,4040.1,4092.6,22380050,4501.8,3683.4,4440.0,3288.1,4040.4,3,1,4040.3,13,2,4040.2,41,1,4040.1,469,15,4040.0,4273,263,4041.8,59,6,4041.9,52,4,4042.0,45,3,4042.1,19,2,4042.2,24,2
11483,2026-07-02 09:58:22+05:30,4041.7,1,4063.63,321133,94255.0,138780.0,4100.0,4110.0,4040.1,4092.6,22380050,4501.8,3683.4,4440.0,3288.1,4040.4,3,1,4040.3,13,2,4040.2,41,1,4040.1,469,15,4040.0,4273,263,4041.8,59,6,4041.9,52,4,4042.0,45,3,4042.1,19,2,4042.2,24,2
11483,2026-07-02 09:58:22+05:30,4041.7,1,4063.63,321148,93984.0,139130.0,4100.0,4110.0,4040.1,4092.6,22380050,4501.8,3683.4,4440.0,3288.1,4040.4,6,1,4040.3,3,1,4040.1,469,15,4040.0,4240,262,4039.7,12,1,4041.6,8,1,4041.7,25,2,4041.8,94,9,4041.9,11,2,4042.0,14,2
11483,2026-07-02 09:58:23+05:30,4041.7,1,4063.63,321148,93984.0,139130.0,4100.0,4110.0,4040.1,4092.6,22380050,4501.8,3683.4,4440.0,3288.1,4040.4,6,1,4040.3,3,1,4040.1,469,15,4040.0,4240,262,4039.7,12,1,4041.6,8,1,4041.7,25,2,4041.8,94,9,4041.9,11,2,4042.0,14,2
11483,2026-07-02 09:58:24+05:30,4041.7,1,4063.63,321150,94381.0,138245.0,4100.0,4110.0,4040.1,4092.6,22380050,4501.8,3683.4,4440.0,3288.1,4040.4,22,2,4040.3,90,4,4040.2,69,2,4040.1,539,17,4040.0,4298,266,4041.7,1,1,4041.8,5,4,4041.9,1,1,4042.0,14,2,4042.2,33,1
11483,2026-07-02 09:58:24+05:30,4041.7,1,4063.63,321150,94381.0,138245.0,4100.0,4110.0,4040.1,4092.6,22380050,4501.8,3683.4,4440.0,3288.1,4040.4,22,2,4040.3,90,4,4040.2,69,2,4040.1,539,17,4040.0,4298,266,4041.7,1,1,4041.8,5,4,4041.9,1,1,4042.0,14,2,4042.2,33,1
11483,2026-07-02 09:58:25+05:30,4041.7,1,4063.63,321152,94987.0,138262.0,4100.0,4110.0,4040.1,4092.6,22380050,4501.8,3683.4,4440.0,3288.1,4040.8,34,4,4040.7,22,3,4040.6,57,5,4040.5,32,4,4040.4,21,3,4041.7,1,1,4041.8,5,4,4041.9,1,1,4042.6,16,1,4042.7,47,4
11483,2026-07-02 09:58:25+05:30,4041.1,1,4063.63,321152,94987.0,138262.0,4100.0,4110.0,4040.1,4092.6,22380050,4501.8,3683.4,4440.0,3288.1,4040.8,34,4,4040.7,22,3,4040.6,57,5,4040.5,32,4,4040.4,21,3,4041.7,1,1,4041.8,5,4,4041.9,1,1,4042.6,16,1,4042.7,47,4
11483,2026-07-02 09:58:26+05:30,4041.0,5,4063.63,321175,95855.0,137841.0,4100.0,4110.0,4040.1,4092.6,22380050,4501.8,3683.4,4440.0,3288.1,4041.7,1,1,4041.2,12,1,4041.1,38,4,4041.0,15,4,4040.9,44,5,4042.6,16,1,4042.8,24,2,4043.0,166,9,4043.3,32,1,4043.4,31,2
11483,2026-07-02 09:58:26+05:30,4042.6,1,4063.63,321175,95855.0,137841.0,4100.0,4110.0,4040.1,4092.6,22380050,4501.8,3683.4,4440.0,3288.1,4041.7,1,1,4041.2,12,1,4041.1,38,4,4041.0,15,4,4040.9,44,5,4042.6,16,1,4042.8,24,2,4043.0,166,9,4043.3,32,1,4043.4,31,2
11483,2026-07-02 09:58:27+05:30,4042.1,1,4063.63,321245,94648.0,138571.0,4100.0,4110.0,4040.1,4092.6,22380050,4501.8,3683.4,4440.0,3288.1,4040.4,16,3,4040.3,3,1,4040.2,23,1,4040.1,469,15,4040.0,4642,266,4042.1,95,5,4042.2,58,5,4042.3,47,4,4042.4,14,2,4042.5,50,4
11483,2026-07-02 09:58:27+05:30,4042.1,24,4063.63,321245,94648.0,138571.0,4100.0,4110.0,4040.1,4092.6,22380050,4501.8,3683.4,4440.0,3288.1,4040.4,16,3,4040.3,3,1,4040.2,23,1,4040.1,469,15,4040.0,4642,266,4042.1,95,5,4042.2,58,5,4042.3,47,4,4042.4,14,2,4042.5,50,4
11483,2026-07-02 09:58:28+05:30,4041.8,1,4063.62,321270,94829.0,138820.0,4100.0,4110.0,4040.1,4092.6,22380050,4501.8,3683.4,4440.0,3288.1,4040.4,13,2,4040.3,3,1,4040.1,469,15,4040.0,4642,266,4039.7,12,1,4041.8,31,1,4041.9,66,4,4042.0,14,2,4042.1,33,8,4042.2,38,4
11483,2026-07-02 09:58:28+05:30,4041.8,1,4063.62,321270,94829.0,138820.0,4100.0,4110.0,4040.1,4092.6,22380050,4501.8,3683.4,4440.0,3288.1,4040.4,13,2,4040.3,3,1,4040.1,469,15,4040.0,4642,266,4039.7,12,1,4041.8,31,1,4041.9,66,4,4042.0,14,2,4042.1,33,8,4042.2,38,4
11483,2026-07-02 09:58:29+05:30,4041.0,50,4063.61,321416,94299.0,139085.0,4100.0,4110.0,4040.1,4092.6,22380050,4501.8,3683.4,4440.0,3288.1,4040.4,6,1,4040.3,3,1,4040.1,461,14,4040.0,4637,265,4039.7,12,1,4041.2,30,1,4041.3,24,2,4041.5,21,2,4041.6,24,2,4041.7,19,2
11483,2026-07-02 09:58:29+05:30,4041.0,50,4063.61,321416,94299.0,139085.0,4100.0,4110.0,4040.1,4092.6,22380050,4501.8,3683.4,4440.0,3288.1,4040.4,6,1,4040.3,3,1,4040.1,461,14,4040.0,4637,265,4039.7,12,1,4041.2,30,1,4041.3,24,2,4041.5,21,2,4041.6,24,2,4041.7,19,2
11483,2026-07-02 09:58:30+05:30,4041.0,1,4063.61,321416,94299.0,139085.0,4100.0,4110.0,4040.1,4092.6,22380050,4501.8,3683.4,4440.0,3288.1,4040.4,6,1,4040.3,3,1,4040.1,461,14,4040.0,4637,265,4039.7,12,1,4041.2,30,1,4041.3,24,2,4041.5,21,2,4041.6,24,2,4041.7,19,2
11483,2026-07-02 09:58:30+05:30,4041.0,1,4063.61,321420,94375.0,139357.0,4100.0,4110.0,4040.1,4092.6,22380050,4501.8,3683.4,4440.0,3288.1,4040.5,1,1,4040.4,14,2,4040.1,461,14,4040.0,4637,265,4039.7,12,1,4041.0,10,4,4041.1,32,2,4041.2,30,1,4041.3,20,2,4041.5,21,2
11483,2026-07-02 09:58:31+05:30,4041.0,1,4063.61,321420,94375.0,139357.0,4100.0,4110.0,4040.1,4092.6,22380050,4501.8,3683.4,4440.0,3288.1,4040.5,1,1,4040.4,14,2,4040.1,461,14,4040.0,4637,265,4039.7,12,1,4041.0,10,4,4041.1,32,2,4041.2,30,1,4041.3,20,2,4041.5,21,2
11483,2026-07-02 09:58:31+05:30,4040.4,2,4063.61,321442,94707.0,139454.0,4100.0,4110.0,4040.1,4092.6,22380050,4501.8,3683.4,4440.0,3288.1,4040.4,12,2,4040.3,50,1,4040.1,461,14,4040.0,4638,266,4039.7,12,1,4041.0,11,4,4041.2,30,1,4041.3,20,2,4041.5,21,2,4041.6,24,2
11483,2026-07-02 09:58:32+05:30,4038.1,1,4063.61,321442,94707.0,139454.0,4100.0,4110.0,4040.1,4092.6,22380050,4501.8,3683.4,4440.0,3288.1,4040.4,12,2,4040.3,50,1,4040.1,461,14,4040.0,4638,266,4039.7,12,1,4041.0,11,4,4041.2,30,1,4041.3,20,2,4041.5,21,2,4041.6,24,2
11483,2026-07-02 09:58:32+05:30,4040.0,3,4063.11,328285,89032.0,139550.0,4100.0,4110.0,4037.6,4092.6,22380050,4501.8,3683.4,4440.0,3288.1,4039.0,2,1,4038.2,30,1,4038.1,6,2,4038.0,7,1,4037.9,75,2,4039.8,10,1,4039.9,24,2,4040.0,225,9,4040.1,22,2,4040.2,41,3
11483,2026-07-02 09:58:33+05:30,4040.0,1,4063.11,328285,89032.0,139550.0,4100.0,4110.0,4037.6,4092.6,22380050,4501.8,3683.4,4440.0,3288.1,4039.0,2,1,4038.2,30,1,4038.1,6,2,4038.0,7,1,4037.9,75,2,4039.8,10,1,4039.9,24,2,4040.0,225,9,4040.1,22,2,4040.2,41,3
11483,2026-07-02 09:58:34+05:30,4040.0,1,4063.05,329189,89217.0,138929.0,4100.0,4110.0,4037.6,4092.6,22380050,4501.8,3683.4,4440.0,3288.1,4038.5,33,3,4038.4,30,1,4038.3,1,1,4038.2,73,5,4038.1,50,4,4040.0,118,7,4040.4,8,4,4040.5,7,1,4040.7,31,2,4040.9,32,3
11483,2026-07-02 09:58:34+05:30,4038.5,2,4063.05,329189,89217.0,138929.0,4100.0,4110.0,4037.6,4092.6,22380050,4501.8,3683.4,4440.0,3288.1,4038.5,33,3,4038.4,30,1,4038.3,1,1,4038.2,73,5,4038.1,50,4,4040.0,118,7,4040.4,8,4,4040.5,7,1,4040.7,31,2,4040.9,32,3
11483,2026-07-02 09:58:35+05:30,4039.8,2,4063.05,329209,89063.0,139297.0,4100.0,4110.0,4037.6,4092.6,22380050,4501.8,3683.4,4440.0,3288.1,4038.3,1,1,4038.2,13,1,4038.1,25,3,4038.0,49,4,4037.9,51,4,4039.6,13,2,4039.7,12,2,4039.8,12,3,4039.9,87,5,4040.0,149,10
11483,2026-07-02 09:58:35+05:30,4040.0,19,4063.05,329209,89063.0,139297.0,4100.0,4110.0,4037.6,4092.6,22380050,4501.8,3683.4,4440.0,3288.1,4038.3,1,1,4038.2,13,1,4038.1,25,3,4038.0,49,4,4037.9,51,4,4039.6,13,2,4039.7,12,2,4039.8,12,3,4039.9,87,5,4040.0,149,10
11483,2026-07-02 09:58:36+05:30,4038.3,1,4063.05,329266,89287.0,139120.0,4100.0,4110.0,4037.6,4092.6,22380050,4501.8,3683.4,4440.0,3288.1,4038.3,15,2,4038.2,13,2,4038.1,25,3,4038.0,60,5,4037.9,17,2,4039.7,11,1,4039.8,11,1,4039.9,23,2,4040.0,103,11,4040.4,62,6
11483,2026-07-02 09:58:36+05:30,4038.3,1,4063.05,329266,89287.0,139120.0,4100.0,4110.0,4037.6,4092.6,22380050,4501.8,3683.4,4440.0,3288.1,4038.3,15,2,4038.2,13,2,4038.1,25,3,4038.0,60,5,4037.9,17,2,4039.7,11,1,4039.8,11,1,4039.9,23,2,4040.0,103,11,4040.4,62,6
11483,2026-07-02 09:58:37+05:30,4038.3,23,4063.02,329631,88918.0,139462.0,4100.0,4110.0,4037.6,4092.6,22380050,4501.8,3683.4,4440.0,3288.1,4037.5,59,4,4037.4,175,1,4037.3,3,1,4037.1,32,2,4037.0,60,9,4038.2,4,1,4039.1,36,2,4039.2,36,1,4039.3,52,1,4039.4,49,2
11483,2026-07-02 09:58:37+05:30,4037.5,20,4063.02,329631,88918.0,139462.0,4100.0,4110.0,4037.6,4092.6,22380050,4501.8,3683.4,4440.0,3288.1,4037.5,59,4,4037.4,175,1,4037.3,3,1,4037.1,32,2,4037.0,60,9,4038.2,4,1,4039.1,36,2,4039.2,36,1,4039.3,52,1,4039.4,49,2
11483,2026-07-02 09:58:38+05:30,4037.4,1,4062.98,330097,88568.0,139403.0,4100.0,4110.0,4037.4,4092.6,22380050,4501.8,3683.4,4440.0,3288.1,4037.4,85,1,4037.3,3,1,4037.1,1,1,4037.0,25,6,4036.9,3,3,4037.5,76,3,4038.2,4,1,4038.3,6,2,4039.1,37,3,4039.2,2,1
11483,2026-07-02 09:58:38+05:30,4037.4,22,4062.98,330097,88568.0,139403.0,4100.0,4110.0,4037.4,4092.6,22380050,4501.8,3683.4,4440.0,3288.1,4037.4,85,1,4037.3,3,1,4037.1,1,1,4037.0,25,6,4036.9,3,3,4037.5,76,3,4038.2,4,1,4038.3,6,2,4039.1,37,3,4039.2,2,1
11483,2026-07-02 09:58:39+05:30,4037.4,23,4062.97,330252,87639.0,139524.0,4100.0,4110.0,4036.9,4092.6,22380050,4501.8,3683.4,4440.0,3288.1,4036.9,2,2,4036.8,1,1,4036.7,14,1,4036.6,23,2,4036.5,14,2,4037.4,22,5,4037.5,86,4,4038.1,13,2,4038.2,4,1,4038.3,6,2
11483,2026-07-02 09:58:39+05:30,4036.6,1,4062.97,330252,87639.0,139524.0,4100.0,4110.0,4036.9,4092.6,22380050,4501.8,3683.4,4440.0,3288.1,4036.9,2,2,4036.8,1,1,4036.7,14,1,4036.6,23,2,4036.5,14,2,4037.4,22,5,4037.5,86,4,4038.1,13,2,4038.2,4,1,4038.3,6,2
11483,2026-07-02 09:58:40+05:30,4036.7,1,4062.96,330409,87867.0,139372.0,4100.0,4110.0,4036.6,4092.6,22380050,4501.8,3683.4,4440.0,3288.1,4036.7,35,3,4036.6,36,4,4036.5,19,3,4036.4,47,2,4036.3,49,3,4037.4,7,2,4037.5,76,3,4038.1,66,2,4038.2,4,1,4038.3,6,2
11483,2026-07-02 09:58:40+05:30,4036.7,6,4062.96,330409,87867.0,139372.0,4100.0,4110.0,4036.6,4092.6,22380050,4501.8,3683.4,4440.0,3288.1,4036.7,35,3,4036.6,36,4,4036.5,19,3,4036.4,47,2,4036.3,49,3,4037.4,7,2,4037.5,76,3,4038.1,66,2,4038.2,4,1,4038.3,6,2
11483,2026-07-02 09:58:41+05:30,4036.8,1,4062.95,330443,87968.0,139018.0,4100.0,4110.0,4036.6,4092.6,22380050,4501.8,3683.4,4440.0,3288.1,4036.8,42,4,4036.7,32,3,4036.6,68,5,4036.5,38,4,4036.4,16,1,4037.4,5,2,4037.5,76,3,4038.2,4,1,4038.3,6,2,4038.6,8,1
11483,2026-07-02 09:58:41+05:30,4036.8,1,4062.95,330443,87968.0,139018.0,4100.0,4110.0,4036.6,4092.6,22380050,4501.8,3683.4,4440.0,3288.1,4036.8,42,4,4036.7,32,3,4036.6,68,5,4036.5,38,4,4036.4,16,1,4037.4,5,2,4037.5,76,3,4038.2,4,1,4038.3,6,2,4038.6,8,1
11483,2026-07-02 09:58:42+05:30,4037.0,1,4062.95,330510,88140.0,139041.0,4100.0,4110.0,4036.6,4092.6,22380050,4501.8,3683.4,4440.0,3288.1,4037.0,28,2,4036.9,12,1,4036.8,9,1,4036.7,10,1,4036.6,50,4,4037.4,4,2,4037.5,76,3,4038.6,8,1,4038.9,10,1,4039.0,76,3
11483,2026-07-02 09:58:42+05:30,4037.0,1,4062.95,330510,88140.0,139041.0,4100.0,4110.0,4036.6,4092.6,22380050,4501.8,3683.4,4440.0,3288.1,4037.0,28,2,4036.9,12,1,4036.8,9,1,4036.7,10,1,4036.6,50,4,4037.4,4,2,4037.5,76,3,4038.6,8,1,4038.9,10,1,4039.0,76,3
11483,2026-07-02 09:58:43+05:30,4037.1,1,4062.95,330510,88140.0,139041.0,4100.0,4110.0,4036.6,4092.6,22380050,4501.8,3683.4,4440.0,3288.1,4037.0,28,2,4036.9,12,1,4036.8,9,1,4036.7,10,1,4036.6,50,4,4037.4,4,2,4037.5,76,3,4038.6,8,1,4038.9,10,1,4039.0,76,3
11483,2026-07-02 09:58:43+05:30,4037.1,1,4062.92,330835,88494.0,138838.0,4100.0,4110.0,4036.6,4092.6,22380050,4501.8,3683.4,4440.0,3288.1,4037.1,29,3,4037.0,5,1,4036.9,18,3,4036.8,49,6,4036.7,15,3,4037.4,1,1,4038.6,8,1,4039.0,37,1,4039.1,37,2,4039.2,13,1
11483,2026-07-02 09:58:44+05:30,4037.3,5,4062.92,330835,88494.0,138838.0,4100.0,4110.0,4036.6,4092.6,22380050,4501.8,3683.4,4440.0,3288.1,4037.1,29,3,4037.0,5,1,4036.9,18,3,4036.8,49,6,4036.7,15,3,4037.4,1,1,4038.6,8,1,4039.0,37,1,4039.1,37,2,4039.2,13,1
11483,2026-07-02 09:58:44+05:30,4037.3,5,4062.92,330900,89452.0,138864.0,4100.0,4110.0,4036.6,4092.6,22380050,4501.8,3683.4,4440.0,3288.1,4037.3,37,3,4037.2,52,4,4037.1,48,5,4037.0,31,5,4036.9,38,4,4038.3,1,1,4038.6,2,2,4038.9,36,2,4039.1,26,1,4039.2,13,1
11483,2026-07-02 09:58:45+05:30,4038.6,2,4062.92,330900,89452.0,138864.0,4100.0,4110.0,4036.6,4092.6,22380050,4501.8,3683.4,4440.0,3288.1,4037.3,37,3,4037.2,52,4,4037.1,48,5,4037.0,31,5,4036.9,38,4,4038.3,1,1,4038.6,2,2,4038.9,36,2,4039.1,26,1,4039.2,13,1
11483,2026-07-02 09:58:45+05:30,4038.6,2,4062.92,330913,88844.0,136610.0,4100.0,4110.0,4036.6,4092.6,22380050,4501.8,3683.4,4440.0,3288.1,4038.4,33,3,4038.3,39,3,4038.2,52,4,4038.1,50,3,4038.0,77,7,4039.6,10,1,4040.0,25,1,4040.6,19,1,4040.8,12,1,4040.9,18,2
11483,2026-07-02 09:58:46+05:30,4039.6,1,4062.92,330913,88844.0,136610.0,4100.0,4110.0,4036.6,4092.6,22380050,4501.8,3683.4,4440.0,3288.1,4038.4,33,3,4038.3,39,3,4038.2,52,4,4038.1,50,3,4038.0,77,7,4039.6,10,1,4040.0,25,1,4040.6,19,1,4040.8,12,1,4040.9,18,2
11483,2026-07-02 09:58:46+05:30,4039.6,1,4062.92,330928,90988.0,137101.0,4100.0,4110.0,4036.6,4092.6,22380050,4501.8,3683.4,4440.0,3288.1,4039.1,1,1,4038.5,22,2,4038.3,9,1,4038.2,14,2,4038.1,5,1,4039.6,1,1,4040.0,25,1,4040.4,12,1,4040.5,8,1,4040.7,30,2
11483,2026-07-02 09:58:47+05:30,4039.1,1,4062.92,330928,90988.0,137101.0,4100.0,4110.0,4036.6,4092.6,22380050,4501.8,3683.4,4440.0,3288.1,4039.1,1,1,4038.5,22,2,4038.3,9,1,4038.2,14,2,4038.1,5,1,4039.6,1,1,4040.0,25,1,4040.4,12,1,4040.5,8,1,4040.7,30,2
11483,2026-07-02 09:58:47+05:30,4039.1,1,4062.91,331034,90909.0,137550.0,4100.0,4110.0,4036.6,4092.6,22380050,4501.8,3683.4,4440.0,3288.1,4039.1,1,1,4038.4,5,1,4038.2,23,3,4038.1,5,1,4038.0,18,2,4039.6,1,1,4039.9,14,2,4040.0,14,1,4040.4,31,3,4040.5,8,1
11483,2026-07-02 09:58:48+05:30,4040.0,5,4062.91,331034,90909.0,137550.0,4100.0,4110.0,4036.6,4092.6,22380050,4501.8,3683.4,4440.0,3288.1,4039.1,1,1,4038.4,5,1,4038.2,23,3,4038.1,5,1,4038.0,18,2,4039.6,1,1,4039.9,14,2,4040.0,14,1,4040.4,31,3,4040.5,8,1
11483,2026-07-02 09:58:48+05:30,4040.0,5,4062.91,331065,91252.0,137288.0,4100.0,4110.0,4036.6,4092.6,22380050,4501.8,3683.4,4440.0,3288.1,4038.6,2,1,4038.4,37,1,4038.3,26,1,4038.2,31,3,4038.1,37,3,4040.0,19,2,4040.1,24,1,4040.4,13,2,4040.5,8,1,4040.6,44,2
11483,2026-07-02 09:58:49+05:30,4038.6,35,4062.9,331165,91468.0,137170.0,4100.0,4110.0,4036.6,4092.6,22380050,4501.8,3683.4,4440.0,3288.1,4038.7,67,3,4038.6,10,1,4038.5,37,2,4038.4,38,2,4038.3,12,1,4040.0,11,3,4040.7,32,3,4040.9,7,1,4041.0,50,4,4041.2,19,1
11483,2026-07-02 09:58:50+05:30,4038.6,7,4062.9,331165,91468.0,137170.0,4100.0,4110.0,4036.6,4092.6,22380050,4501.8,3683.4,4440.0,3288.1,4038.7,67,3,4038.6,10,1,4038.5,37,2,4038.4,38,2,4038.3,12,1,4040.0,11,3,4040.7,32,3,4040.9,7,1,4041.0,50,4,4041.2,19,1
11483,2026-07-02 09:58:50+05:30,4040.0,7,4062.9,331226,91173.0,137341.0,4100.0,4110.0,4036.6,4092.6,22380050,4501.8,3683.4,4440.0,3288.1,4038.4,32,2,4038.3,53,4,4038.1,23,2,4038.0,35,5,4037.9,16,3,4039.9,7,1,4040.0,38,4,4040.1,25,2,4040.2,16,1,4040.3,30,2
11483,2026-07-02 09:58:51+05:30,4039.1,1,4062.9,331226,91173.0,137341.0,4100.0,4110.0,4036.6,4092.6,22380050,4501.8,3683.4,4440.0,3288.1,4038.4,32,2,4038.3,53,4,4038.1,23,2,4038.0,35,5,4037.9,16,3,4039.9,7,1,4040.0,38,4,4040.1,25,2,4040.2,16,1,4040.3,30,2
11483,2026-07-02 09:58:52+05:30,4040.0,1,4062.89,331241,91701.0,137703.0,4100.0,4110.0,4036.6,4092.6,22380050,4501.8,3683.4,4440.0,3288.1,4038.6,30,1,4038.4,12,2,4038.3,31,3,4038.2,12,1,4038.1,11,2,4040.0,32,5,4040.1,10,1,4040.2,16,1,4040.4,35,2,4040.5,18,1
11483,2026-07-02 09:58:52+05:30,4040.0,1,4062.89,331241,91701.0,137703.0,4100.0,4110.0,4036.6,4092.6,22380050,4501.8,3683.4,4440.0,3288.1,4038.6,30,1,4038.4,12,2,4038.3,31,3,4038.2,12,1,4038.1,11,2,4040.0,32,5,4040.1,10,1,4040.2,16,1,4040.4,35,2,4040.5,18,1
11483,2026-07-02 09:58:53+05:30,4040.0,1,4062.89,331242,92228.0,137676.0,4100.0,4110.0,4036.6,4092.6,22380050,4501.8,3683.4,4440.0,3288.1,4038.6,30,1,4038.3,31,3,4038.2,24,2,4038.1,5,1,4038.0,27,4,4040.0,111,9,4040.1,33,2,4040.2,16,1,4040.3,25,1,4040.4,35,2
11483,2026-07-02 09:58:53+05:30,4039.9,1,4062.89,331242,92228.0,137676.0,4100.0,4110.0,4036.6,4092.6,22380050,4501.8,3683.4,4440.0,3288.1,4038.6,30,1,4038.3,31,3,4038.2,24,2,4038.1,5,1,4038.0,27,4,4040.0,111,9,4040.1,33,2,4040.2,16,1,4040.3,25,1,4040.4,35,2
11483,2026-07-02 09:58:54+05:30,4038.0,5,4062.89,331296,91718.0,137707.0,4100.0,4110.0,4036.6,4092.6,22380050,4501.8,3683.4,4440.0,3288.1,4038.0,55,3,4037.9,37,3,4037.8,28,2,4037.7,9,1,4037.6,38,5,4039.9,41,4,4040.0,120,9,4040.2,16,1,4040.4,38,3,4040.5,24,2
11483,2026-07-02 09:58:54+05:30,4039.8,1,4062.89,331296,91718.0,137707.0,4100.0,4110.0,4036.6,4092.6,22380050,4501.8,3683.4,4440.0,3288.1,4038.0,55,3,4037.9,37,3,4037.8,28,2,4037.7,9,1,4037.6,38,5,4039.9,41,4,4040.0,120,9,4040.2,16,1,4040.4,38,3,4040.5,24,2
11483,2026-07-02 09:58:55+05:30,4039.8,2,4062.89,331330,92318.0,137846.0,4100.0,4110.0,4036.6,4092.6,22380050,4501.8,3683.4,4440.0,3288.1,4038.6,1,1,4038.0,47,3,4037.9,54,5,4037.8,36,3,4037.7,27,2,4039.8,20,3,4039.9,22,2,4040.0,120,9,4040.1,37,2,4040.2,16,1
11483,2026-07-02 09:58:55+05:30,4039.9,4,4062.89,331330,92318.0,137846.0,4100.0,4110.0,4036.6,4092.6,22380050,4501.8,3683.4,4440.0,3288.1,4038.6,1,1,4038.0,47,3,4037.9,54,5,4037.8,36,3,4037.7,27,2,4039.8,20,3,4039.9,22,2,4040.0,120,9,4040.1,37,2,4040.2,16,1
11483,2026-07-02 09:58:56+05:30,4038.6,1,4062.88,331388,91685.0,138124.0,4100.0,4110.0,4036.6,4092.6,22380050,4501.8,3683.4,4440.0,3288.1,4037.6,7,1,4037.5,7,1,4037.4,143,5,4037.3,33,3,4037.1,34,3,4038.6,1,1,4039.2,27,3,4039.3,8,1,4039.4,8,1,4039.5,87,5
11483,2026-07-02 09:58:56+05:30,4038.6,1,4062.88,331388,91685.0,138124.0,4100.0,4110.0,4036.6,4092.6,22380050,4501.8,3683.4,4440.0,3288.1,4037.6,7,1,4037.5,7,1,4037.4,143,5,4037.3,33,3,4037.1,34,3,4038.6,1,1,4039.2,27,3,4039.3,8,1,4039.4,8,1,4039.5,87,5
11483,2026-07-02 09:58:57+05:30,4039.7,7,4062.81,332396,91964.0,138258.0,4100.0,4110.0,4036.6,4092.6,22380050,4501.8,3683.4,4440.0,3288.1,4038.1,100,1,4038.0,2,1,4037.6,31,2,4037.4,140,4,4037.3,30,2,4039.5,90,7,4039.6,48,3,4039.7,35,3,4039.8,67,5,4039.9,34,2
11483,2026-07-02 09:58:57+05:30,4039.4,1,4062.81,332396,91964.0,138258.0,4100.0,4110.0,4036.6,4092.6,22380050,4501.8,3683.4,4440.0,3288.1,4038.1,100,1,4038.0,2,1,4037.6,31,2,4037.4,140,4,4037.3,30,2,4039.5,90,7,4039.6,48,3,4039.7,35,3,4039.8,67,5,4039.9,34,2
11483,2026-07-02 09:58:58+05:30,4038.6,7,4062.8,332544,92355.0,137795.0,4100.0,4110.0,4036.6,4092.6,22380050,4501.8,3683.4,4440.0,3288.1,4038.6,13,1,4038.3,5,1,4038.1,124,2,4038.0,2,1,4037.9,13,1,4039.7,17,4,4039.9,51,2,4040.0,78,2,4040.1,26,2,4040.2,23,1
11483,2026-07-02 09:58:58+05:30,4039.7,1,4062.8,332544,92355.0,137795.0,4100.0,4110.0,4036.6,4092.6,22380050,4501.8,3683.4,4440.0,3288.1,4038.6,13,1,4038.3,5,1,4038.1,124,2,4038.0,2,1,4037.9,13,1,4039.7,17,4,4039.9,51,2,4040.0,78,2,4040.1,26,2,4040.2,23,1
11483,2026-07-02 09:58:59+05:30,4039.7,1,4062.8,332569,92032.0,138105.0,4100.0,4110.0,4036.6,4092.6,22380050,4501.8,3683.4,4440.0,3288.1,4038.1,100,1,4038.0,2,1,4037.9,5,1,4037.8,5,1,4037.6,13,1,4039.7,38,7,4039.8,33,2,4039.9,20,2,4040.0,78,2,4040.1,26,2
11483,2026-07-02 09:58:59+05:30,4039.7,1,4062.8,332569,92032.0,138105.0,4100.0,4110.0,4036.6,4092.6,22380050,4501.8,3683.4,4440.0,3288.1,4038.1,100,1,4038.0,2,1,4037.9,5,1,4037.8,5,1,4037.6,13,1,4039.7,38,7,4039.8,33,2,4039.9,20,2,4040.0,78,2,4040.1,26,2
11483,2026-07-02 09:59:00+05:30,4039.7,2,4062.8,332572,92933.0,137714.0,4100.0,4110.0,4036.6,4092.6,22380050,4501.8,3683.4,4440.0,3288.1,4039.4,1,1,4038.3,31,1,4038.2,32,2,4038.1,124,2,4038.0,2,1,4039.7,26,6,4039.8,10,1,4040.0,78,2,4040.1,12,1,4040.3,8,1
11483,2026-07-02 09:59:00+05:30,4039.7,1,4062.8,332572,92933.0,137714.0,4100.0,4110.0,4036.6,4092.6,22380050,4501.8,3683.4,4440.0,3288.1,4039.4,1,1,4038.3,31,1,4038.2,32,2,4038.1,124,2,4038.0,2,1,4039.7,26,6,4039.8,10,1,4040.0,78,2,4040.1,12,1,4040.3,8,1
11483,2026-07-02 09:59:01+05:30,4040.0,1,4062.76,333140,93406.0,137068.0,4100.0,4110.0,4036.6,4092.6,22380050,4501.8,3683.4,4440.0,3288.1,4039.4,1,1,4038.6,49,2,4038.5,51,2,4038.3,49,1,4038.2,52,3,4040.0,90,5,4040.3,9,1,4040.4,10,1,4040.7,19,2,4040.8,19,1
11483,2026-07-02 09:59:01+05:30,4040.0,1,4062.76,333140,93406.0,137068.0,4100.0,4110.0,4036.6,4092.6,22380050,4501.8,3683.4,4440.0,3288.1,4039.4,1,1,4038.6,49,2,4038.5,51,2,4038.3,49,1,4038.2,52,3,4040.0,90,5,4040.3,9,1,4040.4,10,1,4040.7,19,2,4040.8,19,1
11483,2026-07-02 09:59:02+05:30,4040.0,10,4062.76,333140,93406.0,137068.0,4100.0,4110.0,4036.6,4092.6,22380050,4501.8,3683.4,4440.0,3288.1,4039.4,1,1,4038.6,49,2,4038.5,51,2,4038.3,49,1,4038.2,52,3,4040.0,90,5,4040.3,9,1,4040.4,10,1,4040.7,19,2,4040.8,19,1
11483,2026-07-02 09:59:02+05:30,4040.0,1,4062.76,333166,93534.0,137064.0,4100.0,4110.0,4036.6,4092.6,22380050,4501.8,3683.4,4440.0,3288.1,4039.7,3,2,4039.4,1,1,4038.6,39,1,4038.5,51,2,4038.4,5,1,4040.0,52,7,4040.1,12,1,4040.3,9,1,4040.4,10,1,4040.7,19,2
11483,2026-07-02 09:59:03+05:30,4040.0,1,4062.76,333166,93534.0,137064.0,4100.0,4110.0,4036.6,4092.6,22380050,4501.8,3683.4,4440.0,3288.1,4039.7,3,2,4039.4,1,1,4038.6,39,1,4038.5,51,2,4038.4,5,1,4040.0,52,7,4040.1,12,1,4040.3,9,1,4040.4,10,1,4040.7,19,2
11483,2026-07-02 09:59:03+05:30,4040.0,1,4062.75,333273,94016.0,136891.0,4100.0,4110.0,4036.6,4092.6,22380050,4501.8,3683.4,4440.0,3288.1,4039.7,3,2,4039.4,1,1,4039.1,5,1,4039.0,50,1,4038.6,62,3,4040.0,26,7,4040.7,12,1,4040.9,26,1,4041.0,28,3,4041.2,44,2
11483,2026-07-02 09:59:04+05:30,4040.0,1,4062.75,333273,94016.0,136891.0,4100.0,4110.0,4036.6,4092.6,22380050,4501.8,3683.4,4440.0,3288.1,4039.7,3,2,4039.4,1,1,4039.1,5,1,4039.0,50,1,4038.6,62,3,4040.0,26,7,4040.7,12,1,4040.9,26,1,4041.0,28,3,4041.2,44,2
11483,2026-07-02 09:59:04+05:30,4040.0,1,4062.75,333275,94034.0,136896.0,4100.0,4110.0,4036.6,4092.6,22380050,4501.8,3683.4,4440.0,3288.1,4039.7,3,2,4039.4,1,1,4039.1,5,1,4039.0,50,1,4038.6,64,4,4040.0,24,7,4040.2,12,1,4040.4,7,1,4040.7,22,2,4040.9,26,1
11483,2026-07-02 09:59:05+05:30,4040.0,1,4062.75,333275,94034.0,136896.0,4100.0,4110.0,4036.6,4092.6,22380050,4501.8,3683.4,4440.0,3288.1,4039.7,3,2,4039.4,1,1,4039.1,5,1,4039.0,50,1,4038.6,64,4,4040.0,24,7,4040.2,12,1,4040.4,7,1,4040.7,22,2,4040.9,26,1
11483,2026-07-02 09:59:05+05:30,4040.0,1,4062.74,333484,94299.0,137136.0,4100.0,4110.0,4036.6,4092.6,22380050,4501.8,3683.4,4440.0,3288.1,4039.7,2,1,4039.1,30,3,4039.0,50,1,4038.9,21,2,4038.8,16,1,4040.0,21,5,4040.9,26,1,4041.0,7,1,4041.3,12,1,4041.4,103,3
11483,2026-07-02 09:59:06+05:30,4039.7,1,4062.74,333484,94299.0,137136.0,4100.0,4110.0,4036.6,4092.6,22380050,4501.8,3683.4,4440.0,3288.1,4039.7,2,1,4039.1,30,3,4039.0,50,1,4038.9,21,2,4038.8,16,1,4040.0,21,5,4040.9,26,1,4041.0,7,1,4041.3,12,1,4041.4,103,3
11483,2026-07-02 09:59:06+05:30,4039.7,1,4062.74,333495,94389.0,137430.0,4100.0,4110.0,4036.6,4092.6,22380050,4501.8,3683.4,4440.0,3288.1,4039.1,11,1,4039.0,50,1,4038.8,16,1,4038.7,18,1,4038.6,85,5,4039.7,11,4,4040.0,8,5,4040.5,12,1,4040.9,26,1,4041.0,19,2
11483,2026-07-02 09:59:07+05:30,4039.7,3,4062.74,333495,94389.0,137430.0,4100.0,4110.0,4036.6,4092.6,22380050,4501.8,3683.4,4440.0,3288.1,4039.1,11,1,4039.0,50,1,4038.8,16,1,4038.7,18,1,4038.6,85,5,4039.7,11,4,4040.0,8,5,4040.5,12,1,4040.9,26,1,4041.0,19,2
11483,2026-07-02 09:59:08+05:30,4039.7,3,4062.74,333519,94231.0,137705.0,4100.0,4110.0,4036.6,4092.6,22380050,4501.8,3683.4,4440.0,3288.1,4039.0,50,1,4038.6,5,2,4038.5,12,1,4038.4,18,1,4038.2,52,3,4039.7,9,4,4040.0,35,6,4040.5,12,1,4040.6,23,1,4040.7,90,2
11483,2026-07-02 09:59:08+05:30,4040.0,1,4062.74,333519,94231.0,137705.0,4100.0,4110.0,4036.6,4092.6,22380050,4501.8,3683.4,4440.0,3288.1,4039.0,50,1,4038.6,5,2,4038.5,12,1,4038.4,18,1,4038.2,52,3,4039.7,9,4,4040.0,35,6,4040.5,12,1,4040.6,23,1,4040.7,90,2
11483,2026-07-02 09:59:09+05:30,4040.0,1,4062.73,333581,94678.0,137361.0,4100.0,4110.0,4036.6,4092.6,22380050,4501.8,3683.4,4440.0,3288.1,4039.7,460,2,4039.0,43,1,4038.8,32,2,4038.6,5,2,4038.5,12,1,4040.0,94,4,4040.7,10,1,4041.0,32,3,4041.1,20,1,4041.2,23,1
11483,2026-07-02 09:59:09+05:30,4040.0,1,4062.73,333581,94678.0,137361.0,4100.0,4110.0,4036.6,4092.6,22380050,4501.8,3683.4,4440.0,3288.1,4039.7,460,2,4039.0,43,1,4038.8,32,2,4038.6,5,2,4038.5,12,1,4040.0,94,4,4040.7,10,1,4041.0,32,3,4041.1,20,1,4041.2,23,1
11483,2026-07-02 09:59:10+05:30,4039.7,1,4062.73,333591,94686.0,137426.0,4100.0,4110.0,4036.6,4092.6,22380050,4501.8,3683.4,4440.0,3288.1,4039.7,453,2,4039.0,43,1,4038.8,32,2,4038.7,5,1,4038.6,5,2,4040.0,97,7,4040.7,10,1,4041.0,32,3,4041.1,42,2,4041.2,81,2
11483,2026-07-02 09:59:10+05:30,4040.0,1,4062.73,333591,94686.0,137426.0,4100.0,4110.0,4036.6,4092.6,22380050,4501.8,3683.4,4440.0,3288.1,4039.7,453,2,4039.0,43,1,4038.8,32,2,4038.7,5,1,4038.6,5,2,4040.0,97,7,4040.7,10,1,4041.0,32,3,4041.1,42,2,4041.2,81,2
11483,2026-07-02 09:59:11+05:30,4039.7,1,4062.73,333681,94684.0,137316.0,4100.0,4110.0,4036.6,4092.6,22380050,4501.8,3683.4,4440.0,3288.1,4039.7,428,2,4039.0,43,1,4038.8,32,2,4038.7,5,1,4038.6,11,3,4040.0,30,6,4040.7,10,1,4041.0,32,3,4041.1,22,1,4041.2,23,1
11483,2026-07-02 09:59:11+05:30,4039.7,1,4062.73,333681,94684.0,137316.0,4100.0,4110.0,4036.6,4092.6,22380050,4501.8,3683.4,4440.0,3288.1,4039.7,428,2,4039.0,43,1,4038.8,32,2,4038.7,5,1,4038.6,11,3,4040.0,30,6,4040.7,10,1,4041.0,32,3,4041.1,22,1,4041.2,23,1
11483,2026-07-02 09:59:11+05:30,4040.0,4,4062.73,333681,94684.0,137316.0,4100.0,4110.0,4036.6,4092.6,22380050,4501.8,3683.4,4440.0,3288.1,4039.7,428,2,4039.0,43,1,4038.8,32,2,4038.7,5,1,4038.6,11,3,4040.0,30,6,4040.7,10,1,4041.0,32,3,4041.1,22,1,4041.2,23,1
11483,2026-07-02 09:59:11+05:30,4040.0,4,4062.73,333681,94684.0,137316.0,4100.0,4110.0,4036.6,4092.6,22380050,4501.8,3683.4,4440.0,3288.1,4039.7,428,2,4039.0,43,1,4038.8,32,2,4038.7,5,1,4038.6,11,3,4040.0,30,6,4040.7,10,1,4041.0,32,3,4041.1,22,1,4041.2,23,1
11483,2026-07-02 09:59:12+05:30,4040.0,4,4062.73,333681,94684.0,137316.0,4100.0,4110.0,4036.6,4092.6,22380050,4501.8,3683.4,4440.0,3288.1,4039.7,428,2,4039.0,43,1,4038.8,32,2,4038.7,5,1,4038.6,11,3,4040.0,30,6,4040.7,10,1,4041.0,32,3,4041.1,22,1,4041.2,23,1
11483,2026-07-02 09:59:12+05:30,4040.0,4,4062.73,333689,94643.0,136793.0,4100.0,4110.0,4036.6,4092.6,22380050,4501.8,3683.4,4440.0,3288.1,4039.7,425,2,4039.0,94,3,4038.9,16,1,4038.8,54,3,4038.7,19,1,4040.0,86,8,4041.0,27,1,4041.1,41,4,4041.2,26,1,4041.3,5,1
11483,2026-07-02 09:59:12+05:30,4040.0,4,4062.73,333689,94643.0,136793.0,4100.0,4110.0,4036.6,4092.6,22380050,4501.8,3683.4,4440.0,3288.1,4039.7,425,2,4039.0,94,3,4038.9,16,1,4038.8,54,3,4038.7,19,1,4040.0,86,8,4041.0,27,1,4041.1,41,4,4041.2,26,1,4041.3,5,1
11483,2026-07-02 09:59:12+05:30,4040.0,1,4062.73,333689,94643.0,136793.0,4100.0,4110.0,4036.6,4092.6,22380050,4501.8,3683.4,4440.0,3288.1,4039.7,425,2,4039.0,94,3,4038.9,16,1,4038.8,54,3,4038.7,19,1,4040.0,86,8,4041.0,27,1,4041.1,41,4,4041.2,26,1,4041.3,5,1
11483,2026-07-02 09:59:12+05:30,4040.0,1,4062.73,333689,94643.0,136793.0,4100.0,4110.0,4036.6,4092.6,22380050,4501.8,3683.4,4440.0,3288.1,4039.7,425,2,4039.0,94,3,4038.9,16,1,4038.8,54,3,4038.7,19,1,4040.0,86,8,4041.0,27,1,4041.1,41,4,4041.2,26,1,4041.3,5,1
11483,2026-07-02 09:59:13+05:30,4040.0,1,4062.73,333690,94814.0,136819.0,4100.0,4110.0,4036.6,4092.6,22380050,4501.8,3683.4,4440.0,3288.1,4039.7,425,2,4039.0,94,3,4038.9,5,1,4038.8,54,3,4038.7,19,1,4040.0,87,10,4040.7,12,1,4041.0,37,2,4041.1,24,2,4041.2,27,2
11483,2026-07-02 09:59:13+05:30,4040.0,1,4062.73,333690,94814.0,136819.0,4100.0,4110.0,4036.6,4092.6,22380050,4501.8,3683.4,4440.0,3288.1,4039.7,425,2,4039.0,94,3,4038.9,5,1,4038.8,54,3,4038.7,19,1,4040.0,87,10,4040.7,12,1,4041.0,37,2,4041.1,24,2,4041.2,27,2
11483,2026-07-02 09:59:13+05:30,4040.0,1,4062.73,333690,94814.0,136819.0,4100.0,4110.0,4036.6,4092.6,22380050,4501.8,3683.4,4440.0,3288.1,4039.7,425,2,4039.0,94,3,4038.9,5,1,4038.8,54,3,4038.7,19,1,4040.0,87,10,4040.7,12,1,4041.0,37,2,4041.1,24,2,4041.2,27,2
11483,2026-07-02 09:59:13+05:30,4040.0,1,4062.73,333690,94814.0,136819.0,4100.0,4110.0,4036.6,4092.6,22380050,4501.8,3683.4,4440.0,3288.1,4039.7,425,2,4039.0,94,3,4038.9,5,1,4038.8,54,3,4038.7,19,1,4040.0,87,10,4040.7,12,1,4041.0,37,2,4041.1,24,2,4041.2,27,2
11483,2026-07-02 09:59:14+05:30,4040.0,1,4062.73,333690,94814.0,136819.0,4100.0,4110.0,4036.6,4092.6,22380050,4501.8,3683.4,4440.0,3288.1,4039.7,425,2,4039.0,94,3,4038.9,5,1,4038.8,54,3,4038.7,19,1,4040.0,87,10,4040.7,12,1,4041.0,37,2,4041.1,24,2,4041.2,27,2
11483,2026-07-02 09:59:14+05:30,4039.7,1,4062.71,333942,94615.0,136856.0,4100.0,4110.0,4036.6,4092.6,22380050,4501.8,3683.4,4440.0,3288.1,4039.7,191,5,4039.0,98,5,4038.8,54,3,4038.7,19,1,4038.6,5,2,4040.0,93,14,4041.0,37,2,4041.1,24,2,4041.2,27,2,4041.3,5,1
11483,2026-07-02 09:59:14+05:30,4039.7,1,4062.71,333942,94615.0,136856.0,4100.0,4110.0,4036.6,4092.6,22380050,4501.8,3683.4,4440.0,3288.1,4039.7,191,5,4039.0,98,5,4038.8,54,3,4038.7,19,1,4038.6,5,2,4040.0,93,14,4041.0,37,2,4041.1,24,2,4041.2,27,2,4041.3,5,1
11483,2026-07-02 09:59:14+05:30,4039.7,1,4062.71,333942,94615.0,136856.0,4100.0,4110.0,4036.6,4092.6,22414175,4501.8,3683.4,4440.0,3288.1,4039.7,191,5,4039.0,98,5,4038.8,54,3,4038.7,19,1,4038.6,5,2,4040.0,93,14,4041.0,37,2,4041.1,24,2,4041.2,27,2,4041.3,5,1
11483,2026-07-02 09:59:14+05:30,4040.0,1,4062.71,333942,94615.0,136856.0,4100.0,4110.0,4036.6,4092.6,22414175,4501.8,3683.4,4440.0,3288.1,4039.7,191,5,4039.0,98,5,4038.8,54,3,4038.7,19,1,4038.6,5,2,4040.0,93,14,4041.0,37,2,4041.1,24,2,4041.2,27,2,4041.3,5,1
11483,2026-07-02 09:59:14+05:30,4040.0,1,4062.71,333942,94615.0,136856.0,4100.0,4110.0,4036.6,4092.6,22414175,4501.8,3683.4,4440.0,3288.1,4039.7,191,5,4039.0,98,5,4038.8,54,3,4038.7,19,1,4038.6,5,2,4040.0,93,14,4041.0,37,2,4041.1,24,2,4041.2,27,2,4041.3,5,1
11483,2026-07-02 09:59:15+05:30,4040.0,1,4062.71,333942,94615.0,136856.0,4100.0,4110.0,4036.6,4092.6,22414175,4501.8,3683.4,4440.0,3288.1,4039.7,191,5,4039.0,98,5,4038.8,54,3,4038.7,19,1,4038.6,5,2,4040.0,93,14,4041.0,37,2,4041.1,24,2,4041.2,27,2,4041.3,5,1
11483,2026-07-02 09:59:15+05:30,4040.0,1,4062.7,334028,94765.0,137015.0,4100.0,4110.0,4036.6,4092.6,22414175,4501.8,3683.4,4440.0,3288.1,4039.7,220,6,4039.0,98,5,4038.8,42,2,4038.7,19,1,4038.6,55,3,4040.0,76,10,4041.0,37,2,4041.1,14,1,4041.2,27,2,4041.4,36,2
11483,2026-07-02 09:59:15+05:30,4040.0,1,4062.7,334028,94765.0,137015.0,4100.0,4110.0,4036.6,4092.6,22414175,4501.8,3683.4,4440.0,3288.1,4039.7,220,6,4039.0,98,5,4038.8,42,2,4038.7,19,1,4038.6,55,3,4040.0,76,10,4041.0,37,2,4041.1,14,1,4041.2,27,2,4041.4,36,2
11483,2026-07-02 09:59:15+05:30,4040.0,1,4062.7,334028,94765.0,137015.0,4100.0,4110.0,4036.6,4092.6,22414175,4501.8,3683.4,4440.0,3288.1,4039.7,220,6,4039.0,98,5,4038.8,42,2,4038.7,19,1,4038.6,55,3,4040.0,76,10,4041.0,37,2,4041.1,14,1,4041.2,27,2,4041.4,36,2
11483,2026-07-02 09:59:15+05:30,4040.0,1,4062.7,334028,94765.0,137015.0,4100.0,4110.0,4036.6,4092.6,22414175,4501.8,3683.4,4440.0,3288.1,4039.7,220,6,4039.0,98,5,4038.8,42,2,4038.7,19,1,4038.6,55,3,4040.0,76,10,4041.0,37,2,4041.1,14,1,4041.2,27,2,4041.4,36,2
11483,2026-07-02 09:59:16+05:30,4039.7,2,4062.7,334047,94754.0,137071.0,4100.0,4110.0,4036.6,4092.6,22414175,4501.8,3683.4,4440.0,3288.1,4039.7,211,6,4039.0,98,5,4038.9,8,1,4038.8,42,2,4038.7,19,1,4040.0,77,10,4040.6,12,1,4041.0,50,3,4041.1,14,1,4041.2,27,2
11483,2026-07-02 09:59:16+05:30,4039.7,2,4062.7,334047,94754.0,137071.0,4100.0,4110.0,4036.6,4092.6,22414175,4501.8,3683.4,4440.0,3288.1,4039.7,211,6,4039.0,98,5,4038.9,8,1,4038.8,42,2,4038.7,19,1,4040.0,77,10,4040.6,12,1,4041.0,50,3,4041.1,14,1,4041.2,27,2
11483,2026-07-02 09:59:16+05:30,4039.7,2,4062.7,334047,94754.0,137071.0,4100.0,4110.0,4036.6,4092.6,22414175,4501.8,3683.4,4440.0,3288.1,4039.7,211,6,4039.0,98,5,4038.9,8,1,4038.8,42,2,4038.7,19,1,4040.0,77,10,4040.6,12,1,4041.0,50,3,4041.1,14,1,4041.2,27,2
11483,2026-07-02 09:59:17+05:30,4040.0,5,4062.7,334054,94806.0,137041.0,4100.0,4110.0,4036.6,4092.6,22414175,4501.8,3683.4,4440.0,3288.1,4039.7,211,6,4039.0,98,5,4038.9,8,1,4038.8,42,2,4038.7,19,1,4040.0,70,10,4041.0,50,3,4041.1,14,1,4041.2,27,2,4041.3,12,1
11483,2026-07-02 09:59:17+05:30,4040.0,1,4062.7,334054,94806.0,137041.0,4100.0,4110.0,4036.6,4092.6,22414175,4501.8,3683.4,4440.0,3288.1,4039.7,211,6,4039.0,98,5,4038.9,8,1,4038.8,42,2,4038.7,19,1,4040.0,70,10,4041.0,50,3,4041.1,14,1,4041.2,27,2,4041.3,12,1
11483,2026-07-02 09:59:18+05:30,4040.0,1,4062.7,334055,94827.0,137043.0,4100.0,4110.0,4036.6,4092.6,22414175,4501.8,3683.4,4440.0,3288.1,4039.7,230,7,4039.0,98,5,4038.9,8,1,4038.8,42,2,4038.7,19,1,4040.0,71,12,4040.6,12,1,4041.0,50,3,4041.1,14,1,4041.2,27,2
11483,2026-07-02 09:59:18+05:30,4040.0,1,4062.7,334055,94827.0,137043.0,4100.0,4110.0,4036.6,4092.6,22414175,4501.8,3683.4,4440.0,3288.1,4039.7,230,7,4039.0,98,5,4038.9,8,1,4038.8,42,2,4038.7,19,1,4040.0,71,12,4040.6,12,1,4041.0,50,3,4041.1,14,1,4041.2,27,2
11483,2026-07-02 09:59:19+05:30,4039.7,25,4062.7,334100,94807.0,137037.0,4100.0,4110.0,4036.6,4092.6,22414175,4501.8,3683.4,4440.0,3288.1,4039.7,186,7,4039.0,98,5,4038.9,8,1,4038.8,50,3,4038.7,19,1,4040.0,64,9,4040.6,12,1,4041.0,50,3,4041.1,14,1,4041.2,27,2
11483,2026-07-02 09:59:19+05:30,4040.0,1,4062.7,334100,94807.0,137037.0,4100.0,4110.0,4036.6,4092.6,22414175,4501.8,3683.4,4440.0,3288.1,4039.7,186,7,4039.0,98,5,4038.9,8,1,4038.8,50,3,4038.7,19,1,4040.0,64,9,4040.6,12,1,4041.0,50,3,4041.1,14,1,4041.2,27,2
11483,2026-07-02 09:59:20+05:30,4039.7,1,4062.69,334239,94855.0,137034.0,4100.0,4110.0,4036.6,4092.6,22414175,4501.8,3683.4,4440.0,3288.1,4039.7,148,3,4039.0,98,5,4038.9,8,1,4038.8,28,2,4038.7,26,2,4040.0,59,5,4040.6,25,1,4041.0,23,2,4041.1,34,2,4041.2,27,2
11483,2026-07-02 09:59:20+05:30,4039.7,3,4062.69,334239,94855.0,137034.0,4100.0,4110.0,4036.6,4092.6,22414175,4501.8,3683.4,4440.0,3288.1,4039.7,148,3,4039.0,98,5,4038.9,8,1,4038.8,28,2,4038.7,26,2,4040.0,59,5,4040.6,25,1,4041.0,23,2,4041.1,34,2,4041.2,27,2
11483,2026-07-02 09:59:21+05:30,4039.7,1,4062.69,334254,94891.0,137018.0,4100.0,4110.0,4036.6,4092.6,22414175,4501.8,3683.4,4440.0,3288.1,4039.7,143,3,4039.0,99,6,4038.9,8,1,4038.8,28,2,4038.7,26,2,4040.0,50,6,4040.6,25,1,4041.0,23,2,4041.1,34,2,4041.2,27,2
11483,2026-07-02 09:59:21+05:30,4039.7,1,4062.69,334254,94891.0,137018.0,4100.0,4110.0,4036.6,4092.6,22414175,4501.8,3683.4,4440.0,3288.1,4039.7,143,3,4039.0,99,6,4038.9,8,1,4038.8,28,2,4038.7,26,2,4040.0,50,6,4040.6,25,1,4041.0,23,2,4041.1,34,2,4041.2,27,2
11483,2026-07-02 09:59:22+05:30,4039.7,1,4062.68,334304,94885.0,137062.0,4100.0,4110.0,4036.6,4092.6,22414175,4501.8,3683.4,4440.0,3288.1,4039.7,138,3,4039.0,99,6,4038.9,8,1,4038.8,8,1,4038.7,46,3,4040.0,69,6,4040.6,37,2,4041.0,23,2,4041.1,34,2,4041.2,27,2
11483,2026-07-02 09:59:22+05:30,4039.7,1,4062.68,334304,94885.0,137062.0,4100.0,4110.0,4036.6,4092.6,22414175,4501.8,3683.4,4440.0,3288.1,4039.7,138,3,4039.0,99,6,4038.9,8,1,4038.8,8,1,4038.7,46,3,4040.0,69,6,4040.6,37,2,4041.0,23,2,4041.1,34,2,4041.2,27,2
11483,2026-07-02 09:59:23+05:30,4039.7,1,4062.68,334304,94885.0,137062.0,4100.0,4110.0,4036.6,4092.6,22414175,4501.8,3683.4,4440.0,3288.1,4039.7,138,3,4039.0,99,6,4038.9,8,1,4038.8,8,1,4038.7,46,3,4040.0,69,6,4040.6,37,2,4041.0,23,2,4041.1,34,2,4041.2,27,2
11483,2026-07-02 09:59:23+05:30,4039.7,1,4062.68,334402,94783.0,137390.0,4100.0,4110.0,4036.6,4092.6,22414175,4501.8,3683.4,4440.0,3288.1,4039.7,153,4,4039.0,99,6,4038.9,8,1,4038.8,8,1,4038.7,46,3,4039.9,53,1,4040.0,65,3,4040.6,37,2,4040.8,11,1,4041.0,28,3
11483,2026-07-02 09:59:24+05:30,4039.9,1,4062.68,334402,94783.0,137390.0,4100.0,4110.0,4036.6,4092.6,22414175,4501.8,3683.4,4440.0,3288.1,4039.7,153,4,4039.0,99,6,4038.9,8,1,4038.8,8,1,4038.7,46,3,4039.9,53,1,4040.0,65,3,4040.6,37,2,4040.8,11,1,4041.0,28,3
11483,2026-07-02 09:59:24+05:30,4039.9,1,4062.67,334465,94877.0,137393.0,4100.0,4110.0,4036.6,4092.6,22414175,4501.8,3683.4,4440.0,3288.1,4039.7,138,6,4039.0,149,7,4038.9,8,1,4038.8,8,1,4038.7,46,3,4039.9,52,1,4040.0,65,3,4040.6,37,2,4040.8,11,1,4041.0,28,3
11483,2026-07-02 09:59:25+05:30,4039.7,3,4062.67,334465,94877.0,137393.0,4100.0,4110.0,4036.6,4092.6,22414175,4501.8,3683.4,4440.0,3288.1,4039.7,138,6,4039.0,149,7,4038.9,8,1,4038.8,8,1,4038.7,46,3,4039.9,52,1,4040.0,65,3,4040.6,37,2,4040.8,11,1,4041.0,28,3
11483,2026-07-02 09:59:25+05:30,4039.9,5,4062.67,334500,94895.0,137330.0,4100.0,4110.0,4036.6,4092.6,22414175,4501.8,3683.4,4440.0,3288.1,4039.7,133,6,4039.0,154,8,4038.9,8,1,4038.8,8,1,4038.7,46,3,4039.9,23,2,4040.0,65,3,4040.6,25,1,4040.8,11,1,4041.0,28,3
11483,2026-07-02 09:59:26+05:30,4039.9,1,4062.67,334500,94895.0,137330.0,4100.0,4110.0,4036.6,4092.6,22414175,4501.8,3683.4,4440.0,3288.1,4039.7,133,6,4039.0,154,8,4038.9,8,1,4038.8,8,1,4038.7,46,3,4039.9,23,2,4040.0,65,3,4040.6,25,1,4040.8,11,1,4041.0,28,3
11483,2026-07-02 09:59:27+05:30,4039.9,1,4062.67,334509,94895.0,137341.0,4100.0,4110.0,4036.6,4092.6,22414175,4501.8,3683.4,4440.0,3288.1,4039.7,132,6,4039.0,154,8,4038.9,8,1,4038.8,8,1,4038.7,46,3,4039.9,18,5,4040.0,65,3,4040.6,37,2,4040.8,11,1,4041.0,28,3
11483,2026-07-02 09:59:27+05:30,4039.7,1,4062.67,334509,94895.0,137341.0,4100.0,4110.0,4036.6,4092.6,22414175,4501.8,3683.4,4440.0,3288.1,4039.7,132,6,4039.0,154,8,4038.9,8,1,4038.8,8,1,4038.7,46,3,4039.9,18,5,4040.0,65,3,4040.6,37,2,4040.8,11,1,4041.0,28,3
11483,2026-07-02 09:59:27+05:30,4039.7,1,4062.67,334521,94693.0,137341.0,4100.0,4110.0,4036.6,4092.6,22414175,4501.8,3683.4,4440.0,3288.1,4039.7,123,6,4039.5,20,1,4039.0,154,8,4038.9,8,1,4038.8,8,1,4039.9,15,5,4040.0,63,1,4040.6,37,2,4040.8,11,1,4041.0,28,3
11483,2026-07-02 09:59:28+05:30,4039.7,1,4062.67,334521,94693.0,137341.0,4100.0,4110.0,4036.6,4092.6,22414175,4501.8,3683.4,4440.0,3288.1,4039.7,123,6,4039.5,20,1,4039.0,154,8,4038.9,8,1,4038.8,8,1,4039.9,15,5,4040.0,63,1,4040.6,37,2,4040.8,11,1,4041.0,28,3
11483,2026-07-02 09:59:29+05:30,4039.7,1,4062.67,334522,94726.0,137383.0,4100.0,4110.0,4036.6,4092.6,22414175,4501.8,3683.4,4440.0,3288.1,4039.7,167,8,4039.5,20,1,4039.0,111,7,4038.9,8,1,4038.8,8,1,4039.9,15,5,4040.0,68,2,4040.6,37,2,4041.0,28,3,4041.1,34,2
11483,2026-07-02 09:59:29+05:30,4039.7,1,4062.67,334522,94726.0,137383.0,4100.0,4110.0,4036.6,4092.6,22414175,4501.8,3683.4,4440.0,3288.1,4039.7,167,8,4039.5,20,1,4039.0,111,7,4038.9,8,1,4038.8,8,1,4039.9,15,5,4040.0,68,2,4040.6,37,2,4041.0,28,3,4041.1,34,2
11483,2026-07-02 09:59:30+05:30,4039.7,1,4062.67,334526,94802.0,137222.0,4100.0,4110.0,4036.6,4092.6,22414175,4501.8,3683.4,4440.0,3288.1,4039.7,165,9,4039.5,20,1,4039.2,1,1,4039.0,111,7,4038.7,61,3,4039.9,13,4,4040.0,68,2,4040.6,25,1,4040.9,5,1,4041.0,23,2
11483,2026-07-02 09:59:30+05:30,4039.7,1,4062.67,334526,94802.0,137222.0,4100.0,4110.0,4036.6,4092.6,22414175,4501.8,3683.4,4440.0,3288.1,4039.7,165,9,4039.5,20,1,4039.2,1,1,4039.0,111,7,4038.7,61,3,4039.9,13,4,4040.0,68,2,4040.6,25,1,4040.9,5,1,4041.0,23,2
11483,2026-07-02 09:59:31+05:30,4039.9,200,4062.65,334747,94859.0,137339.0,4100.0,4110.0,4036.6,4092.6,22414175,4501.8,3683.4,4440.0,3288.1,4039.7,164,10,4039.5,20,1,4039.2,1,1,4039.0,111,7,4038.7,41,2,4039.9,57,3,4040.0,125,4,4040.6,25,1,4040.9,5,1,4041.0,23,2
11483,2026-07-02 09:59:31+05:30,4039.7,1,4062.65,334747,94859.0,137339.0,4100.0,4110.0,4036.6,4092.6,22414175,4501.8,3683.4,4440.0,3288.1,4039.7,164,10,4039.5,20,1,4039.2,1,1,4039.0,111,7,4038.7,41,2,4039.9,57,3,4040.0,125,4,4040.6,25,1,4040.9,5,1,4041.0,23,2
11483,2026-07-02 09:59:32+05:30,4039.9,29,4062.64,334966,94782.0,137191.0,4100.0,4110.0,4036.6,4092.6,22414175,4501.8,3683.4,4440.0,3288.1,4039.7,220,11,4039.5,20,1,4039.2,1,1,4039.0,111,7,4038.7,61,3,4039.9,28,3,4040.0,125,4,4040.6,25,1,4040.9,5,1,4041.0,23,2
11483,2026-07-02 09:59:32+05:30,4039.7,1,4062.64,334966,94782.0,137191.0,4100.0,4110.0,4036.6,4092.6,22414175,4501.8,3683.4,4440.0,3288.1,4039.7,220,11,4039.5,20,1,4039.2,1,1,4039.0,111,7,4038.7,61,3,4039.9,28,3,4040.0,125,4,4040.6,25,1,4040.9,5,1,4041.0,23,2
11483,2026-07-02 09:59:33+05:30,4039.7,13,4062.63,335100,94841.0,137115.0,4100.0,4110.0,4036.6,4092.6,22414175,4501.8,3683.4,4440.0,3288.1,4039.7,193,10,4039.5,39,2,4039.2,1,1,4039.1,7,1,4039.0,111,7,4039.9,8,5,4040.0,125,4,4040.6,25,1,4040.9,5,1,4041.0,10,1
11483,2026-07-02 09:59:33+05:30,4039.9,2,4062.63,335100,94841.0,137115.0,4100.0,4110.0,4036.6,4092.6,22414175,4501.8,3683.4,4440.0,3288.1,4039.7,193,10,4039.5,39,2,4039.2,1,1,4039.1,7,1,4039.0,111,7,4039.9,8,5,4040.0,125,4,4040.6,25,1,4040.9,5,1,4041.0,10,1
11483,2026-07-02 09:59:34+05:30,4040.0,10,4062.62,335195,94866.0,137079.0,4100.0,4110.0,4036.6,4092.6,22414175,4501.8,3683.4,4440.0,3288.1,4039.9,8,1,4039.7,190,10,4039.5,20,1,4039.2,1,1,4039.1,7,1,4040.0,98,7,4040.2,12,1,4040.6,25,1,4040.7,12,1,4040.8,9,1
11483,2026-07-02 09:59:34+05:30,4039.7,1,4062.62,335195,94866.0,137079.0,4100.0,4110.0,4036.6,4092.6,22414175,4501.8,3683.4,4440.0,3288.1,4039.9,8,1,4039.7,190,10,4039.5,20,1,4039.2,1,1,4039.1,7,1,4040.0,98,7,4040.2,12,1,4040.6,25,1,4040.7,12,1,4040.8,9,1
11483,2026-07-02 09:59:35+05:30,4040.0,5,4062.62,335226,94931.0,137050.0,4100.0,4110.0,4036.6,4092.6,22414175,4501.8,3683.4,4440.0,3288.1,4039.7,174,9,4039.5,20,1,4039.2,1,1,4039.1,7,1,4039.0,111,7,4040.0,107,10,4040.1,4,1,4040.3,4,1,4040.4,12,1,4040.5,6,1
11483,2026-07-02 09:59:35+05:30,4039.7,1,4062.62,335226,94931.0,137050.0,4100.0,4110.0,4036.6,4092.6,22414175,4501.8,3683.4,4440.0,3288.1,4039.7,174,9,4039.5,20,1,4039.2,1,1,4039.1,7,1,4039.0,111,7,4040.0,107,10,4040.1,4,1,4040.3,4,1,4040.4,12,1,4040.5,6,1
11483,2026-07-02 09:59:36+05:30,4039.7,1,4062.62,335227,95212.0,136978.0,4100.0,4110.0,4036.6,4092.6,22414175,4501.8,3683.4,4440.0,3288.1,4039.7,249,12,4039.5,20,1,4039.2,1,1,4039.1,7,1,4039.0,111,7,4040.0,109,12,4040.1,4,1,4040.3,4,1,4040.4,12,1,4040.5,6,1
11483,2026-07-02 09:59:36+05:30,4039.7,1,4062.62,335227,95212.0,136978.0,4100.0,4110.0,4036.6,4092.6,22414175,4501.8,3683.4,4440.0,3288.1,4039.7,249,12,4039.5,20,1,4039.2,1,1,4039.1,7,1,4039.0,111,7,4040.0,109,12,4040.1,4,1,4040.3,4,1,4040.4,12,1,4040.5,6,1
11483,2026-07-02 09:59:37+05:30,4040.0,1,4062.61,335380,95262.0,136957.0,4100.0,4110.0,4036.6,4092.6,22414175,4501.8,3683.4,4440.0,3288.1,4039.7,249,13,4039.5,20,1,4039.2,1,1,4039.1,7,1,4039.0,111,7,4040.0,83,7,4040.3,6,1,4040.4,12,1,4040.5,6,1,4040.6,29,2
11483,2026-07-02 09:59:37+05:30,4039.7,1,4062.61,335380,95262.0,136957.0,4100.0,4110.0,4036.6,4092.6,22414175,4501.8,3683.4,4440.0,3288.1,4039.7,249,13,4039.5,20,1,4039.2,1,1,4039.1,7,1,4039.0,111,7,4040.0,83,7,4040.3,6,1,4040.4,12,1,4040.5,6,1,4040.6,29,2
11483,2026-07-02 09:59:38+05:30,4040.0,4,4062.61,335386,95307.0,137146.0,4100.0,4110.0,4036.6,4092.6,22414175,4501.8,3683.4,4440.0,3288.1,4039.7,248,13,4039.5,20,1,4039.2,1,1,4039.1,7,1,4039.0,111,7,4040.0,79,8,4040.1,4,1,4040.3,6,1,4040.4,12,1,4040.5,6,1
11483,2026-07-02 09:59:38+05:30,4039.7,1,4062.61,335386,95307.0,137146.0,4100.0,4110.0,4036.6,4092.6,22414175,4501.8,3683.4,4440.0,3288.1,4039.7,248,13,4039.5,20,1,4039.2,1,1,4039.1,7,1,4039.0,111,7,4040.0,79,8,4040.1,4,1,4040.3,6,1,4040.4,12,1,4040.5,6,1
11483,2026-07-02 09:59:39+05:30,4039.7,1,4062.61,335412,95228.0,137196.0,4100.0,4110.0,4036.6,4092.6,22414175,4501.8,3683.4,4440.0,3288.1,4039.7,286,15,4039.5,20,1,4039.2,1,1,4039.1,7,1,4039.0,111,7,4040.0,66,6,4040.4,12,1,4040.5,6,1,4040.6,25,1,4040.7,12,1
11483,2026-07-02 09:59:39+05:30,4039.7,1,4062.61,335412,95228.0,137196.0,4100.0,4110.0,4036.6,4092.6,22414175,4501.8,3683.4,4440.0,3288.1,4039.7,286,15,4039.5,20,1,4039.2,1,1,4039.1,7,1,4039.0,111,7,4040.0,66,6,4040.4,12,1,4040.5,6,1,4040.6,25,1,4040.7,12,1
11483,2026-07-02 09:59:40+05:30,4039.7,1,4062.61,335412,95228.0,137196.0,4100.0,4110.0,4036.6,4092.6,22414175,4501.8,3683.4,4440.0,3288.1,4039.7,286,15,4039.5,20,1,4039.2,1,1,4039.1,7,1,4039.0,111,7,4040.0,66,6,4040.4,12,1,4040.5,6,1,4040.6,25,1,4040.7,12,1
11483,2026-07-02 09:59:40+05:30,4039.7,1,4062.61,335415,95223.0,137345.0,4100.0,4110.0,4036.6,4092.6,22414175,4501.8,3683.4,4440.0,3288.1,4039.7,288,16,4039.5,20,1,4039.2,1,1,4039.1,7,1,4039.0,111,7,4039.9,100,1,4040.0,64,5,4040.4,11,1,4040.6,34,2,4040.7,12,1
11483,2026-07-02 09:59:41+05:30,4039.7,1,4062.61,335415,95223.0,137345.0,4100.0,4110.0,4036.6,4092.6,22414175,4501.8,3683.4,4440.0,3288.1,4039.7,288,16,4039.5,20,1,4039.2,1,1,4039.1,7,1,4039.0,111,7,4039.9,100,1,4040.0,64,5,4040.4,11,1,4040.6,34,2,4040.7,12,1
11483,2026-07-02 09:59:41+05:30,4039.7,1,4062.6,335460,95228.0,137274.0,4100.0,4110.0,4036.6,4092.6,22414175,4501.8,3683.4,4440.0,3288.1,4039.7,243,15,4039.5,20,1,4039.2,1,1,4039.1,7,1,4039.0,111,7,4039.9,100,1,4040.0,63,4,4040.2,5,1,4040.4,18,2,4040.6,34,2
11483,2026-07-02 09:59:42+05:30,4039.9,2,4062.6,335460,95228.0,137274.0,4100.0,4110.0,4036.6,4092.6,22414175,4501.8,3683.4,4440.0,3288.1,4039.7,243,15,4039.5,20,1,4039.2,1,1,4039.1,7,1,4039.0,111,7,4039.9,100,1,4040.0,63,4,4040.2,5,1,4040.4,18,2,4040.6,34,2
11483,2026-07-02 09:59:42+05:30,4039.9,2,4062.6,335488,95233.0,137106.0,4100.0,4110.0,4036.6,4092.6,22414175,4501.8,3683.4,4440.0,3288.1,4039.7,217,11,4039.5,20,1,4039.2,1,1,4039.0,121,8,4038.9,14,1,4039.9,100,3,4040.0,149,2,4040.6,25,1,4041.0,30,2,4041.1,13,1
11483,2026-07-02 09:59:43+05:30,4040.0,277,4062.6,335488,95233.0,137106.0,4100.0,4110.0,4036.6,4092.6,22414175,4501.8,3683.4,4440.0,3288.1,4039.7,217,11,4039.5,20,1,4039.2,1,1,4039.0,121,8,4038.9,14,1,4039.9,100,3,4040.0,149,2,4040.6,25,1,4041.0,30,2,4041.1,13,1
11483,2026-07-02 09:59:43+05:30,4040.0,277,4062.52,336719,95737.0,136751.0,4100.0,4110.0,4036.6,4092.6,22414175,4501.8,3683.4,4440.0,3288.1,4039.9,5,1,4039.8,25,2,4039.7,218,12,4039.6,9,1,4039.5,28,2,4040.0,83,3,4040.6,25,1,4041.0,10,1,4041.3,12,1,4041.5,38,2
11483,2026-07-02 09:59:44+05:30,4040.0,62,4062.52,336719,95737.0,136751.0,4100.0,4110.0,4036.6,4092.6,22414175,4501.8,3683.4,4440.0,3288.1,4039.9,5,1,4039.8,25,2,4039.7,218,12,4039.6,9,1,4039.5,28,2,4040.0,83,3,4040.6,25,1,4041.0,10,1,4041.3,12,1,4041.5,38,2
11483,2026-07-02 09:59:44+05:30,4040.0,62,4062.51,336864,95689.0,136934.0,4100.0,4110.0,4036.6,4092.6,22414175,4501.8,3683.4,4440.0,3288.1,4039.9,5,1,4039.8,25,2,4039.7,218,12,4039.6,9,1,4039.5,28,2,4040.0,24,5,4040.6,25,1,4041.0,10,1,4041.3,34,2,4041.5,58,3
11483,2026-07-02 09:59:45+05:30,4040.0,2,4062.51,336864,95689.0,136934.0,4100.0,4110.0,4036.6,4092.6,22414175,4501.8,3683.4,4440.0,3288.1,4039.9,5,1,4039.8,25,2,4039.7,218,12,4039.6,9,1,4039.5,28,2,4040.0,24,5,4040.6,25,1,4041.0,10,1,4041.3,34,2,4041.5,58,3
11483,2026-07-02 09:59:46+05:30,4040.0,10,4062.5,336972,95756.0,137092.0,4100.0,4110.0,4036.6,4092.6,22414175,4501.8,3683.4,4440.0,3288.1,4039.7,257,13,4039.6,9,1,4039.5,28,2,4039.4,8,1,4039.3,9,2,4040.0,45,7,4040.6,25,1,4041.0,10,1,4041.3,34,2,4041.5,58,3
11483,2026-07-02 09:59:46+05:30,4040.0,7,4062.5,336972,95756.0,137092.0,4100.0,4110.0,4036.6,4092.6,22414175,4501.8,3683.4,4440.0,3288.1,4039.7,257,13,4039.6,9,1,4039.5,28,2,4039.4,8,1,4039.3,9,2,4040.0,45,7,4040.6,25,1,4041.0,10,1,4041.3,34,2,4041.5,58,3
11483,2026-07-02 09:59:47+05:30,4039.7,5,4062.5,336985,95662.0,137161.0,4100.0,4110.0,4036.6,4092.6,22414175,4501.8,3683.4,4440.0,3288.1,4039.7,281,14,4039.6,9,1,4039.5,28,2,4039.4,8,1,4039.3,9,2,4040.0,41,11,4040.6,25,1,4041.0,20,2,4041.3,34,2,4041.5,58,3
11483,2026-07-02 09:59:47+05:30,4039.7,5,4062.5,336985,95662.0,137161.0,4100.0,4110.0,4036.6,4092.6,22414175,4501.8,3683.4,4440.0,3288.1,4039.7,281,14,4039.6,9,1,4039.5,28,2,4039.4,8,1,4039.3,9,2,4040.0,41,11,4040.6,25,1,4041.0,20,2,4041.3,34,2,4041.5,58,3
11483,2026-07-02 09:59:48+05:30,4039.7,22,4062.49,337216,95454.0,137276.0,4100.0,4110.0,4036.6,4092.6,22414175,4501.8,3683.4,4440.0,3288.1,4039.7,61,3,4039.6,9,1,4039.5,33,3,4039.4,8,1,4039.3,9,2,4040.0,96,12,4040.6,25,1,4040.9,12,1,4041.0,20,2,4041.1,33,2
11483,2026-07-02 09:59:48+05:30,4039.7,4,4062.49,337216,95454.0,137276.0,4100.0,4110.0,4036.6,4092.6,22414175,4501.8,3683.4,4440.0,3288.1,4039.7,61,3,4039.6,9,1,4039.5,33,3,4039.4,8,1,4039.3,9,2,4040.0,96,12,4040.6,25,1,4040.9,12,1,4041.0,20,2,4041.1,33,2
11483,2026-07-02 09:59:49+05:30,4039.7,1,4062.48,337278,95379.0,136995.0,4100.0,4110.0,4036.6,4092.6,22414175,4501.8,3683.4,4440.0,3288.1,4039.5,33,3,4039.4,8,1,4039.3,8,1,4039.2,9,2,4039.1,9,1,4039.7,15,3,4040.0,77,10,4040.6,25,1,4041.0,20,2,4041.1,37,3
11483,2026-07-02 09:59:49+05:30,4039.7,3,4062.48,337278,95379.0,136995.0,4100.0,4110.0,4036.6,4092.6,22414175,4501.8,3683.4,4440.0,3288.1,4039.5,33,3,4039.4,8,1,4039.3,8,1,4039.2,9,2,4039.1,9,1,4039.7,15,3,4040.0,77,10,4040.6,25,1,4041.0,20,2,4041.1,37,3
11483,2026-07-02 09:59:50+05:30,4039.5,3,4062.48,337373,95244.0,137602.0,4100.0,4110.0,4036.6,4092.6,22414175,4501.8,3683.4,4440.0,3288.1,4039.2,1,1,4039.0,121,8,4038.7,8,1,4038.6,101,6,4038.5,21,1,4039.5,1,1,4039.7,7,2,4040.0,77,9,4040.6,25,1,4040.9,33,2
11483,2026-07-02 09:59:50+05:30,4039.5,3,4062.48,337373,95244.0,137602.0,4100.0,4110.0,4036.6,4092.6,22414175,4501.8,3683.4,4440.0,3288.1,4039.2,1,1,4039.0,121,8,4038.7,8,1,4038.6,101,6,4038.5,21,1,4039.5,1,1,4039.7,7,2,4040.0,77,9,4040.6,25,1,4040.9,33,2
11483,2026-07-02 09:59:51+05:30,4039.0,4,4062.48,337379,95544.0,137224.0,4100.0,4110.0,4036.6,4092.6,22414175,4501.8,3683.4,4440.0,3288.1,4039.0,148,10,4038.7,15,2,4038.6,103,7,4038.5,21,1,4038.4,37,3,4039.2,2,2,4039.5,2,2,4039.7,7,2,4040.0,73,5,4040.6,25,1
11483,2026-07-02 09:59:51+05:30,4039.7,1,4062.48,337379,95544.0,137224.0,4100.0,4110.0,4036.6,4092.6,22414175,4501.8,3683.4,4440.0,3288.1,4039.0,148,10,4038.7,15,2,4038.6,103,7,4038.5,21,1,4038.4,37,3,4039.2,2,2,4039.5,2,2,4039.7,7,2,4040.0,73,5,4040.6,25,1
11483,2026-07-02 09:59:52+05:30,4039.0,3,4062.47,337411,95550.0,137188.0,4100.0,4110.0,4036.6,4092.6,22414175,4501.8,3683.4,4440.0,3288.1,4039.0,147,10,4038.6,77,4,4038.4,50,3,4038.3,12,1,4038.2,86,5,4039.7,14,2,4040.0,71,3,4040.5,5,1,4040.6,25,1,4041.0,20,2
11483,2026-07-02 09:59:52+05:30,4039.0,4,4062.47,337411,95550.0,137188.0,4100.0,4110.0,4036.6,4092.6,22414175,4501.8,3683.4,4440.0,3288.1,4039.0,147,10,4038.6,77,4,4038.4,50,3,4038.3,12,1,4038.2,86,5,4039.7,14,2,4040.0,71,3,4040.5,5,1,4040.6,25,1,4041.0,20,2
11483,2026-07-02 09:59:53+05:30,4040.0,5,4062.47,337442,95096.0,137239.0,4100.0,4110.0,4036.6,4092.6,22414175,4501.8,3683.4,4440.0,3288.1,4039.0,122,9,4038.6,57,3,4038.4,21,1,4038.2,52,3,4038.1,53,1,4040.0,68,5,4040.1,12,1,4040.3,5,1,4040.4,23,2,4040.5,34,2
11483,2026-07-02 09:59:53+05:30,4040.0,5,4062.47,337442,95096.0,137239.0,4100.0,4110.0,4036.6,4092.6,22414175,4501.8,3683.4,4440.0,3288.1,4039.0,122,9,4038.6,57,3,4038.4,21,1,4038.2,52,3,4038.1,53,1,4040.0,68,5,4040.1,12,1,4040.3,5,1,4040.4,23,2,4040.5,34,2
11483,2026-07-02 09:59:54+05:30,4039.0,10,4062.47,337492,95198.0,137568.0,4100.0,4110.0,4036.6,4092.6,22414175,4501.8,3683.4,4440.0,3288.1,4039.0,73,4,4038.9,175,1,4038.6,57,3,4038.4,21,1,4038.2,52,3,4040.0,76,6,4040.1,12,1,4040.4,23,2,4040.5,34,2,4040.6,40,2
11483,2026-07-02 09:59:54+05:30,4039.0,6,4062.47,337492,95198.0,137568.0,4100.0,4110.0,4036.6,4092.6,22414175,4501.8,3683.4,4440.0,3288.1,4039.0,73,4,4038.9,175,1,4038.6,57,3,4038.4,21,1,4038.2,52,3,4040.0,76,6,4040.1,12,1,4040.4,23,2,4040.5,34,2,4040.6,40,2
11483,2026-07-02 09:59:55+05:30,4040.0,2,4062.47,337511,95553.0,137432.0,4100.0,4110.0,4036.6,4092.6,22414175,4501.8,3683.4,4440.0,3288.1,4039.0,165,5,4038.9,175,1,4038.6,98,5,4038.5,24,1,4038.2,52,3,4040.0,101,6,4040.4,10,1,4040.6,25,1,4040.7,16,1,4040.8,18,1
11483,2026-07-02 09:59:55+05:30,4039.0,1,4062.47,337511,95553.0,137432.0,4100.0,4110.0,4036.6,4092.6,22414175,4501.8,3683.4,4440.0,3288.1,4039.0,165,5,4038.9,175,1,4038.6,98,5,4038.5,24,1,4038.2,52,3,4040.0,101,6,4040.4,10,1,4040.6,25,1,4040.7,16,1,4040.8,18,1
11483,2026-07-02 09:59:56+05:30,4039.7,5,4062.47,337522,95325.0,137761.0,4100.0,4110.0,4036.6,4092.6,22414175,4501.8,3683.4,4440.0,3288.1,4039.0,164,5,4038.9,175,1,4038.6,52,2,4038.2,33,2,4038.0,73,13,4039.8,19,1,4039.9,44,4,4040.0,116,9,4040.1,10,1,4040.3,12,1
11483,2026-07-02 09:59:56+05:30,4039.7,5,4062.47,337522,95325.0,137761.0,4100.0,4110.0,4036.6,4092.6,22414175,4501.8,3683.4,4440.0,3288.1,4039.0,164,5,4038.9,175,1,4038.6,52,2,4038.2,33,2,4038.0,73,13,4039.8,19,1,4039.9,44,4,4040.0,116,9,4040.1,10,1,4040.3,12,1
11483,2026-07-02 09:59:57+05:30,4039.7,1,4062.47,337523,95820.0,136712.0,4100.0,4110.0,4036.6,4092.6,22414175,4501.8,3683.4,4440.0,3288.1,4039.0,192,7,4038.9,175,1,4038.7,5,1,4038.6,52,2,4038.3,7,2,4040.0,102,8,4040.5,22,2,4040.6,25,1,4040.8,17,1,4040.9,23,2
11483,2026-07-02 09:59:57+05:30,4040.0,15,4062.47,337523,95820.0,136712.0,4100.0,4110.0,4036.6,4092.6,22414175,4501.8,3683.4,4440.0,3288.1,4039.0,192,7,4038.9,175,1,4038.7,5,1,4038.6,52,2,4038.3,7,2,4040.0,102,8,4040.5,22,2,4040.6,25,1,4040.8,17,1,4040.9,23,2
11483,2026-07-02 09:59:58+05:30,4040.0,10,4062.46,337553,95869.0,137101.0,4100.0,4110.0,4036.6,4092.6,22414175,4501.8,3683.4,4440.0,3288.1,4039.0,169,6,4038.9,175,1,4038.6,72,3,4038.3,5,1,4038.2,64,4,4040.0,81,8,4040.5,47,3,4040.6,25,1,4040.7,19,1,4040.8,60,3
11483,2026-07-02 09:59:58+05:30,4040.0,10,4062.46,337553,95869.0,137101.0,4100.0,4110.0,4036.6,4092.6,22414175,4501.8,3683.4,4440.0,3288.1,4039.0,169,6,4038.9,175,1,4038.6,72,3,4038.3,5,1,4038.2,64,4,4040.0,81,8,4040.5,47,3,4040.6,25,1,4040.7,19,1,4040.8,60,3
11483,2026-07-02 09:59:59+05:30,4040.0,10,4062.46,337553,95213.0,137549.0,4100.0,4110.0,4036.6,4092.6,22414175,4501.8,3683.4,4440.0,3288.1,4039.2,10,1,4039.0,169,6,4038.9,175,1,4038.6,52,2,4038.3,5,1,4039.5,14,1,4039.6,68,5,4039.7,45,4,4039.8,1,1,4039.9,20,2
11483,2026-07-02 09:59:59+05:30,4039.5,10,4062.46,337553,95213.0,137549.0,4100.0,4110.0,4036.6,4092.6,22414175,4501.8,3683.4,4440.0,3288.1,4039.2,10,1,4039.0,169,6,4038.9,175,1,4038.6,52,2,4038.3,5,1,4039.5,14,1,4039.6,68,5,4039.7,45,4,4039.8,1,1,4039.9,20,2
11483,2026-07-02 10:00:00+05:30,4039.2,10,4062.46,337578,95443.0,138223.0,4100.0,4110.0,4036.6,4092.6,22414175,4501.8,3683.4,4440.0,3288.1,4039.0,269,7,4038.6,52,2,4038.0,74,14,4037.9,13,1,4037.8,7,1,4039.4,40,3,4039.5,16,2,4039.6,27,2,4039.7,18,2,4039.8,15,2
11483,2026-07-02 10:00:00+05:30,4040.0,1,4062.46,337578,95443.0,138223.0,4100.0,4110.0,4036.6,4092.6,22414175,4501.8,3683.4,4440.0,3288.1,4039.0,269,7,4038.6,52,2,4038.0,74,14,4037.9,13,1,4037.8,7,1,4039.4,40,3,4039.5,16,2,4039.6,27,2,4039.7,18,2,4039.8,15,2
11483,2026-07-02 10:00:01+05:30,4040.0,5,4062.33,339529,95140.0,136358.0,4100.0,4110.0,4036.6,4092.6,22414175,4501.8,3683.4,4440.0,3288.1,4039.1,6,1,4039.0,42,2,4038.9,53,7,4038.8,24,3,4038.7,105,9,4040.0,85,5,4041.5,39,2,4041.6,25,1,4041.7,61,3,4041.8,41,2
11483,2026-07-02 10:00:01+05:30,4040.0,5,4062.33,339529,95140.0,136358.0,4100.0,4110.0,4036.6,4092.6,22414175,4501.8,3683.4,4440.0,3288.1,4039.1,6,1,4039.0,42,2,4038.9,53,7,4038.8,24,3,4038.7,105,9,4040.0,85,5,4041.5,39,2,4041.6,25,1,4041.7,61,3,4041.8,41,2
11483,2026-07-02 10:00:02+05:30,4040.0,1,4062.32,339734,95270.0,136684.0,4100.0,4110.0,4036.6,4092.6,22414175,4501.8,3683.4,4440.0,3288.1,4039.1,45,4,4039.0,35,2,4038.9,9,3,4038.8,62,5,4038.7,71,8,4040.0,94,5,4041.5,26,1,4041.6,69,2,4041.7,72,3,4041.8,41,2
11483,2026-07-02 10:00:02+05:30,4039.1,1,4062.32,339734,95270.0,136684.0,4100.0,4110.0,4036.6,4092.6,22414175,4501.8,3683.4,4440.0,3288.1,4039.1,45,4,4039.0,35,2,4038.9,9,3,4038.8,62,5,4038.7,71,8,4040.0,94,5,4041.5,26,1,4041.6,69,2,4041.7,72,3,4041.8,41,2
11483,2026-07-02 10:00:03+05:30,4039.1,1,4062.32,339735,95573.0,136995.0,4100.0,4110.0,4036.6,4092.6,22414175,4501.8,3683.4,4440.0,3288.1,4039.1,44,4,4039.0,70,2,4038.9,9,3,4038.8,85,3,4038.7,68,7,4040.0,98,7,4041.1,26,1,4041.2,3,1,4041.4,10,1,4041.6,71,3
11483,2026-07-02 10:00:04+05:30,4040.0,25,4062.32,339767,95563.0,136942.0,4100.0,4110.0,4036.6,4092.6,22414175,4501.8,3683.4,4440.0,3288.1,4039.1,60,5,4039.0,70,2,4038.9,28,5,4038.8,47,4,4038.7,87,8,4040.0,70,9,4041.1,26,1,4041.3,5,1,4041.4,10,1,4041.6,42,3
11483,2026-07-02 10:00:04+05:30,4040.0,25,4062.32,339767,95563.0,136942.0,4100.0,4110.0,4036.6,4092.6,22414175,4501.8,3683.4,4440.0,3288.1,4039.1,60,5,4039.0,70,2,4038.9,28,5,4038.8,47,4,4038.7,87,8,4040.0,70,9,4041.1,26,1,4041.3,5,1,4041.4,10,1,4041.6,42,3
11483,2026-07-02 10:00:05+05:30,4039.2,8,4062.32,339791,95979.0,136868.0,4100.0,4110.0,4036.6,4092.6,22414175,4501.8,3683.4,4440.0,3288.1,4039.2,11,1,4039.1,75,5,4039.0,73,3,4038.9,15,4,4038.8,18,2,4040.0,70,11,4041.1,26,1,4041.4,10,1,4041.6,44,2,4041.7,61,2
11483,2026-07-02 10:00:05+05:30,4040.0,1,4062.32,339791,95979.0,136868.0,4100.0,4110.0,4036.6,4092.6,22414175,4501.8,3683.4,4440.0,3288.1,4039.2,11,1,4039.1,75,5,4039.0,73,3,4038.9,15,4,4038.8,18,2,4040.0,70,11,4041.1,26,1,4041.4,10,1,4041.6,44,2,4041.7,61,2
11483,2026-07-02 10:00:06+05:30,4039.2,2,4062.31,339941,96049.0,136848.0,4100.0,4110.0,4036.6,4092.6,22414175,4501.8,3683.4,4440.0,3288.1,4039.1,95,6,4039.0,75,3,4038.9,6,2,4038.8,18,2,4038.7,29,5,4039.2,23,3,4040.0,31,7,4041.0,5,1,4041.1,26,1,4041.3,12,1
11483,2026-07-02 10:00:06+05:30,4039.2,2,4062.31,339941,96049.0,136848.0,4100.0,4110.0,4036.6,4092.6,22414175,4501.8,3683.4,4440.0,3288.1,4039.1,95,6,4039.0,75,3,4038.9,6,2,4038.8,18,2,4038.7,29,5,4039.2,23,3,4040.0,31,7,4041.0,5,1,4041.1,26,1,4041.3,12,1
11483,2026-07-02 10:00:07+05:30,4040.0,1,4062.3,340116,95833.0,137442.0,4100.0,4110.0,4036.6,4092.6,22414175,4501.8,3683.4,4440.0,3288.1,4039.1,84,5,4039.0,71,3,4038.9,1,1,4038.8,19,2,4038.7,26,4,4039.2,4,2,4040.0,68,4,4040.7,25,1,4040.9,12,1,4041.0,7,1
11483,2026-07-02 10:00:07+05:30,4039.2,2,4062.3,340116,95833.0,137442.0,4100.0,4110.0,4036.6,4092.6,22414175,4501.8,3683.4,4440.0,3288.1,4039.1,84,5,4039.0,71,3,4038.9,1,1,4038.8,19,2,4038.7,26,4,4039.2,4,2,4040.0,68,4,4040.7,25,1,4040.9,12,1,4041.0,7,1
11483,2026-07-02 10:00:08+05:30,4038.9,9,4062.28,340274,94561.0,137182.0,4100.0,4110.0,4036.6,4092.6,22414175,4501.8,3683.4,4440.0,3288.1,4038.6,31,2,4038.5,1,1,4038.4,22,2,4038.3,7,1,4038.2,8,1,4039.2,5,3,4040.0,68,4,4040.3,5,1,4040.6,5,1,4041.0,32,3
11483,2026-07-02 10:00:08+05:30,4038.9,9,4062.28,340274,94561.0,137182.0,4100.0,4110.0,4036.6,4092.6,22414175,4501.8,3683.4,4440.0,3288.1,4038.6,31,2,4038.5,1,1,4038.4,22,2,4038.3,7,1,4038.2,8,1,4039.2,5,3,4040.0,68,4,4040.3,5,1,4040.6,5,1,4041.0,32,3
11483,2026-07-02 10:00:09+05:30,4038.7,2,4062.28,340386,95145.0,137217.0,4100.0,4110.0,4036.6,4092.6,22414175,4501.8,3683.4,4440.0,3288.1,4038.7,16,1,4038.6,10,2,4038.5,9,2,4038.4,10,1,4038.3,44,3,4040.0,69,5,4040.6,10,1,4040.7,36,2,4041.0,62,4,4041.3,17,2
11483,2026-07-02 10:00:09+05:30,4038.7,1,4062.28,340386,95145.0,137217.0,4100.0,4110.0,4036.6,4092.6,22414175,4501.8,3683.4,4440.0,3288.1,4038.7,16,1,4038.6,10,2,4038.5,9,2,4038.4,10,1,4038.3,44,3,4040.0,69,5,4040.6,10,1,4040.7,36,2,4041.0,62,4,4041.3,17,2
11483,2026-07-02 10:00:10+05:30,4040.0,1,4062.28,340389,95757.0,137189.0,4100.0,4110.0,4036.6,4092.6,22414175,4501.8,3683.4,4440.0,3288.1,4039.0,3,3,4038.7,15,1,4038.6,9,1,4038.5,9,2,4038.4,21,2,4040.0,70,6,4040.5,24,1,4040.6,22,2,4040.7,12,1,4041.0,50,4
11483,2026-07-02 10:00:10+05:30,4040.0,1,4062.28,340389,95757.0,137189.0,4100.0,4110.0,4036.6,4092.6,22414175,4501.8,3683.4,4440.0,3288.1,4039.0,3,3,4038.7,15,1,4038.6,9,1,4038.5,9,2,4038.4,21,2,4040.0,70,6,4040.5,24,1,4040.6,22,2,4040.7,12,1,4041.0,50,4
11483,2026-07-02 10:00:11+05:30,4040.0,1,4062.28,340389,95776.0,136786.0,4100.0,4110.0,4036.6,4092.6,22414175,4501.8,3683.4,4440.0,3288.1,4039.0,19,4,4038.7,38,1,4038.6,24,2,4038.5,30,3,4038.4,28,3,4040.0,70,6,4040.6,10,1,4040.7,12,1,4041.0,49,3,4041.1,21,1
11483,2026-07-02 10:00:11+05:30,4040.0,1,4062.28,340389,95776.0,136786.0,4100.0,4110.0,4036.6,4092.6,22414175,4501.8,3683.4,4440.0,3288.1,4039.0,19,4,4038.7,38,1,4038.6,24,2,4038.5,30,3,4038.4,28,3,4040.0,70,6,4040.6,10,1,4040.7,12,1,4041.0,49,3,4041.1,21,1
11483,2026-07-02 10:00:12+05:30,4040.0,1,4062.28,340389,95776.0,136786.0,4100.0,4110.0,4036.6,4092.6,22414175,4501.8,3683.4,4440.0,3288.1,4039.0,19,4,4038.7,38,1,4038.6,24,2,4038.5,30,3,4038.4,28,3,4040.0,70,6,4040.6,10,1,4040.7,12,1,4041.0,49,3,4041.1,21,1
11483,2026-07-02 10:00:12+05:30,4039.0,4,4062.27,340443,95671.0,137254.0,4100.0,4110.0,4036.6,4092.6,22414175,4501.8,3683.4,4440.0,3288.1,4039.2,15,1,4038.6,54,1,4038.5,39,2,4038.4,56,6,4038.3,54,2,4039.7,1,1,4040.0,42,4,4040.5,12,1,4040.6,10,1,4040.7,61,4
11483,2026-07-02 10:00:12+05:30,4039.2,1,4062.27,340443,95671.0,137254.0,4100.0,4110.0,4036.6,4092.6,22414175,4501.8,3683.4,4440.0,3288.1,4039.2,15,1,4038.6,54,1,4038.5,39,2,4038.4,56,6,4038.3,54,2,4039.7,1,1,4040.0,42,4,4040.5,12,1,4040.6,10,1,4040.7,61,4
11483,2026-07-02 10:00:12+05:30,4039.2,1,4062.27,340443,95671.0,137254.0,4100.0,4110.0,4036.6,4092.6,22414175,4501.8,3683.4,4440.0,3288.1,4039.2,15,1,4038.6,54,1,4038.5,39,2,4038.4,56,6,4038.3,54,2,4039.7,1,1,4040.0,42,4,4040.5,12,1,4040.6,10,1,4040.7,61,4
11483,2026-07-02 10:00:13+05:30,4039.2,1,4062.27,340443,95671.0,137254.0,4100.0,4110.0,4036.6,4092.6,22414175,4501.8,3683.4,4440.0,3288.1,4039.2,15,1,4038.6,54,1,4038.5,39,2,4038.4,56,6,4038.3,54,2,4039.7,1,1,4040.0,42,4,4040.5,12,1,4040.6,10,1,4040.7,61,4
11483,2026-07-02 10:00:13+05:30,4039.2,1,4062.27,340445,95776.0,137237.0,4100.0,4110.0,4036.6,4092.6,22414175,4501.8,3683.4,4440.0,3288.1,4039.2,15,2,4039.0,18,1,4038.5,20,1,4038.4,24,3,4038.3,63,2,4039.7,1,1,4040.0,52,5,4040.5,12,1,4040.6,10,1,4040.7,61,4
11483,2026-07-02 10:00:13+05:30,4039.2,1,4062.27,340445,95776.0,137237.0,4100.0,4110.0,4036.6,4092.6,22414175,4501.8,3683.4,4440.0,3288.1,4039.2,15,2,4039.0,18,1,4038.5,20,1,4038.4,24,3,4038.3,63,2,4039.7,1,1,4040.0,52,5,4040.5,12,1,4040.6,10,1,4040.7,61,4
11483,2026-07-02 10:00:14+05:30,4039.2,1,4062.27,340445,95776.0,137237.0,4100.0,4110.0,4036.6,4092.6,22414175,4501.8,3683.4,4440.0,3288.1,4039.2,15,2,4039.0,18,1,4038.5,20,1,4038.4,24,3,4038.3,63,2,4039.7,1,1,4040.0,52,5,4040.5,12,1,4040.6,10,1,4040.7,61,4
11483,2026-07-02 10:00:14+05:30,4040.0,17,4062.27,340479,95820.0,137099.0,4100.0,4110.0,4036.6,4092.6,22414175,4501.8,3683.4,4440.0,3288.1,4039.0,18,1,4038.4,3,1,4038.3,83,3,4038.2,51,4,4038.1,29,3,4040.0,32,3,4040.3,12,1,4040.5,60,3,4040.6,10,1,4040.7,40,3
11483,2026-07-02 10:00:14+05:30,4040.0,17,4062.27,340479,95820.0,137099.0,4100.0,4110.0,4036.6,4092.6,22414175,4501.8,3683.4,4440.0,3288.1,4039.0,18,1,4038.4,3,1,4038.3,83,3,4038.2,51,4,4038.1,29,3,4040.0,32,3,4040.3,12,1,4040.5,60,3,4040.6,10,1,4040.7,40,3
11483,2026-07-02 10:00:14+05:30,4040.0,17,4062.27,340479,95820.0,137099.0,4100.0,4110.0,4036.6,4092.6,22414175,4501.8,3683.4,4440.0,3288.1,4039.0,18,1,4038.4,3,1,4038.3,83,3,4038.2,51,4,4038.1,29,3,4040.0,32,3,4040.3,12,1,4040.5,60,3,4040.6,10,1,4040.7,40,3
11483,2026-07-02 10:00:15+05:30,4040.0,17,4062.27,340479,95820.0,137099.0,4100.0,4110.0,4036.6,4092.6,22459150,4501.8,3683.4,4440.0,3288.1,4039.0,18,1,4038.4,3,1,4038.3,83,3,4038.2,51,4,4038.1,29,3,4040.0,32,3,4040.3,12,1,4040.5,60,3,4040.6,10,1,4040.7,40,3
11483,2026-07-02 10:00:15+05:30,4040.0,21,4062.27,340534,96026.0,137130.0,4100.0,4110.0,4036.6,4092.6,22459150,4501.8,3683.4,4440.0,3288.1,4039.2,25,1,4039.0,18,1,4038.3,51,2,4038.2,38,3,4038.1,48,1,4039.9,33,3,4040.0,55,5,4040.2,11,1,4040.4,13,1,4040.5,12,1
11483,2026-07-02 10:00:15+05:30,4040.0,21,4062.27,340534,96026.0,137130.0,4100.0,4110.0,4036.6,4092.6,22459150,4501.8,3683.4,4440.0,3288.1,4039.2,25,1,4039.0,18,1,4038.3,51,2,4038.2,38,3,4038.1,48,1,4039.9,33,3,4040.0,55,5,4040.2,11,1,4040.4,13,1,4040.5,12,1
11483,2026-07-02 10:00:15+05:30,4040.0,21,4062.27,340534,96026.0,137130.0,4100.0,4110.0,4036.6,4092.6,22459150,4501.8,3683.4,4440.0,3288.1,4039.2,25,1,4039.0,18,1,4038.3,51,2,4038.2,38,3,4038.1,48,1,4039.9,33,3,4040.0,55,5,4040.2,11,1,4040.4,13,1,4040.5,12,1
11483,2026-07-02 10:00:16+05:30,4040.0,21,4062.27,340534,96026.0,137130.0,4100.0,4110.0,4036.6,4092.6,22459150,4501.8,3683.4,4440.0,3288.1,4039.2,25,1,4039.0,18,1,4038.3,51,2,4038.2,38,3,4038.1,48,1,4039.9,33,3,4040.0,55,5,4040.2,11,1,4040.4,13,1,4040.5,12,1
11483,2026-07-02 10:00:16+05:30,4040.0,3,4062.26,340680,96077.0,137069.0,4100.0,4110.0,4036.6,4092.6,22459150,4501.8,3683.4,4440.0,3288.1,4039.2,25,1,4039.0,18,1,4038.5,48,1,4038.4,34,1,4038.3,71,3,4040.0,63,3,4040.1,12,1,4040.2,11,1,4040.4,13,1,4040.5,12,1
11483,2026-07-02 10:00:16+05:30,4040.0,3,4062.26,340680,96077.0,137069.0,4100.0,4110.0,4036.6,4092.6,22459150,4501.8,3683.4,4440.0,3288.1,4039.2,25,1,4039.0,18,1,4038.5,48,1,4038.4,34,1,4038.3,71,3,4040.0,63,3,4040.1,12,1,4040.2,11,1,4040.4,13,1,4040.5,12,1
11483,2026-07-02 10:00:16+05:30,4040.0,3,4062.26,340680,96077.0,137069.0,4100.0,4110.0,4036.6,4092.6,22459150,4501.8,3683.4,4440.0,3288.1,4039.2,25,1,4039.0,18,1,4038.5,48,1,4038.4,34,1,4038.3,71,3,4040.0,63,3,4040.1,12,1,4040.2,11,1,4040.4,13,1,4040.5,12,1
11483,2026-07-02 10:00:17+05:30,4040.0,3,4062.26,340680,96077.0,137069.0,4100.0,4110.0,4036.6,4092.6,22459150,4501.8,3683.4,4440.0,3288.1,4039.2,25,1,4039.0,18,1,4038.5,48,1,4038.4,34,1,4038.3,71,3,4040.0,63,3,4040.1,12,1,4040.2,11,1,4040.4,13,1,4040.5,12,1
11483,2026-07-02 10:00:17+05:30,4039.7,3,4062.26,340688,95649.0,138323.0,4100.0,4110.0,4036.6,4092.6,22459150,4501.8,3683.4,4440.0,3288.1,4039.2,25,1,4039.0,18,1,4038.2,32,2,4038.1,22,1,4038.0,145,19,4039.6,11,1,4039.7,19,2,4039.8,20,3,4039.9,27,2,4040.0,83,8
11483,2026-07-02 10:00:17+05:30,4039.7,3,4062.26,340688,95649.0,138323.0,4100.0,4110.0,4036.6,4092.6,22459150,4501.8,3683.4,4440.0,3288.1,4039.2,25,1,4039.0,18,1,4038.2,32,2,4038.1,22,1,4038.0,145,19,4039.6,11,1,4039.7,19,2,4039.8,20,3,4039.9,27,2,4040.0,83,8
11483,2026-07-02 10:00:18+05:30,4039.6,1,4062.26,340713,95644.0,138310.0,4100.0,4110.0,4036.6,4092.6,22459150,4501.8,3683.4,4440.0,3288.1,4039.2,45,2,4039.0,18,1,4038.2,32,2,4038.1,21,1,4038.0,145,19,4039.6,12,2,4039.7,16,3,4039.8,12,3,4040.0,83,8,4040.1,14,2
11483,2026-07-02 10:00:18+05:30,4039.6,1,4062.26,340713,95644.0,138310.0,4100.0,4110.0,4036.6,4092.6,22459150,4501.8,3683.4,4440.0,3288.1,4039.2,45,2,4039.0,18,1,4038.2,32,2,4038.1,21,1,4038.0,145,19,4039.6,12,2,4039.7,16,3,4039.8,12,3,4040.0,83,8,4040.1,14,2
11483,2026-07-02 10:00:19+05:30,4039.0,7,4062.24,341009,94136.0,138661.0,4100.0,4110.0,4036.6,4092.6,22459150,4501.8,3683.4,4440.0,3288.1,4038.0,36,2,4037.7,50,1,4037.4,27,2,4037.3,12,1,4037.1,33,4,4039.0,1,1,4039.1,37,5,4039.2,37,4,4039.3,24,2,4039.4,10,1
11483,2026-07-02 10:00:19+05:30,4039.0,7,4062.24,341009,94136.0,138661.0,4100.0,4110.0,4036.6,4092.6,22459150,4501.8,3683.4,4440.0,3288.1,4038.0,36,2,4037.7,50,1,4037.4,27,2,4037.3,12,1,4037.1,33,4,4039.0,1,1,4039.1,37,5,4039.2,37,4,4039.3,24,2,4039.4,10,1
11483,2026-07-02 10:00:20+05:30,4038.0,4,4062.24,341009,94136.0,138661.0,4100.0,4110.0,4036.6,4092.6,22459150,4501.8,3683.4,4440.0,3288.1,4038.0,36,2,4037.7,50,1,4037.4,27,2,4037.3,12,1,4037.1,33,4,4039.0,1,1,4039.1,37,5,4039.2,37,4,4039.3,24,2,4039.4,10,1
11483,2026-07-02 10:00:20+05:30,4039.1,2,4062.23,341100,94266.0,138641.0,4100.0,4110.0,4036.6,4092.6,22459150,4501.8,3683.4,4440.0,3288.1,4038.0,17,2,4037.7,50,1,4037.5,5,1,4037.4,27,2,4037.3,51,3,4039.1,25,4,4039.2,24,4,4039.3,24,2,4039.4,29,3,4039.5,50,4
11483,2026-07-02 10:00:21+05:30,4038.0,5,4062.23,341100,94266.0,138641.0,4100.0,4110.0,4036.6,4092.6,22459150,4501.8,3683.4,4440.0,3288.1,4038.0,17,2,4037.7,50,1,4037.5,5,1,4037.4,27,2,4037.3,51,3,4039.1,25,4,4039.2,24,4,4039.3,24,2,4039.4,29,3,4039.5,50,4
11483,2026-07-02 10:00:21+05:30,4038.3,3,4062.23,341133,93679.0,139950.0,4100.0,4110.0,4036.6,4092.6,22459150,4501.8,3683.4,4440.0,3288.1,4038.3,166,1,4038.0,15,1,4037.7,50,1,4037.6,18,2,4037.5,5,1,4039.1,9,3,4039.2,11,3,4039.3,24,2,4039.4,19,3,4039.5,29,3
11483,2026-07-02 10:00:22+05:30,4037.5,15,4062.23,341133,93679.0,139950.0,4100.0,4110.0,4036.6,4092.6,22459150,4501.8,3683.4,4440.0,3288.1,4038.3,166,1,4038.0,15,1,4037.7,50,1,4037.6,18,2,4037.5,5,1,4039.1,9,3,4039.2,11,3,4039.3,24,2,4039.4,19,3,4039.5,29,3
11483,2026-07-02 10:00:23+05:30,4039.0,4,4062.18,341813,93147.0,140603.0,4100.0,4110.0,4036.6,4092.6,22459150,4501.8,3683.4,4440.0,3288.1,4037.4,27,2,4037.1,1,1,4037.0,32,7,4036.8,8,3,4036.7,12,1,4038.6,13,1,4038.7,61,5,4038.8,27,2,4038.9,81,5,4039.0,17,3
11483,2026-07-02 10:00:23+05:30,4037.4,2,4062.18,341813,93147.0,140603.0,4100.0,4110.0,4036.6,4092.6,22459150,4501.8,3683.4,4440.0,3288.1,4037.4,27,2,4037.1,1,1,4037.0,32,7,4036.8,8,3,4036.7,12,1,4038.6,13,1,4038.7,61,5,4038.8,27,2,4038.9,81,5,4039.0,17,3
11483,2026-07-02 10:00:24+05:30,4038.5,1,4062.18,341824,93243.0,140938.0,4100.0,4110.0,4036.6,4092.6,22459150,4501.8,3683.4,4440.0,3288.1,4037.4,21,1,4037.3,1,1,4037.2,5,1,4037.1,51,2,4037.0,32,7,4038.5,9,1,4038.6,41,4,4038.7,48,4,4038.8,27,2,4038.9,46,3
11483,2026-07-02 10:00:24+05:30,4038.5,1,4062.18,341824,93243.0,140938.0,4100.0,4110.0,4036.6,4092.6,22459150,4501.8,3683.4,4440.0,3288.1,4037.4,21,1,4037.3,1,1,4037.2,5,1,4037.1,51,2,4037.0,32,7,4038.5,9,1,4038.6,41,4,4038.7,48,4,4038.8,27,2,4038.9,46,3
11483,2026-07-02 10:00:25+05:30,4038.5,1,4062.16,342056,94384.0,139230.0,4100.0,4110.0,4036.6,4092.6,22459150,4501.8,3683.4,4440.0,3288.1,4038.3,41,3,4038.1,14,2,4038.0,73,7,4037.9,24,2,4037.8,85,4,4038.5,3,2,4038.7,15,1,4039.0,6,2,4039.1,2,2,4040.0,1590,9
11483,2026-07-02 10:00:25+05:30,4038.3,5,4062.16,342056,94384.0,139230.0,4100.0,4110.0,4036.6,4092.6,22459150,4501.8,3683.4,4440.0,3288.1,4038.3,41,3,4038.1,14,2,4038.0,73,7,4037.9,24,2,4037.8,85,4,4038.5,3,2,4038.7,15,1,4039.0,6,2,4039.1,2,2,4040.0,1590,9
11483,2026-07-02 10:00:26+05:30,4038.5,2,4062.15,342161,93816.0,140464.0,4100.0,4110.0,4036.6,4092.6,22459150,4501.8,3683.4,4440.0,3288.1,4038.5,1,1,4037.7,1,1,4037.6,7,1,4037.5,29,3,4037.4,21,1,4038.7,15,1,4039.0,6,2,4039.7,48,1,4039.8,13,1,4039.9,23,2
11483,2026-07-02 10:00:26+05:30,4037.5,2,4062.15,342161,93816.0,140464.0,4100.0,4110.0,4036.6,4092.6,22459150,4501.8,3683.4,4440.0,3288.1,4038.5,1,1,4037.7,1,1,4037.6,7,1,4037.5,29,3,4037.4,21,1,4038.7,15,1,4039.0,6,2,4039.7,48,1,4039.8,13,1,4039.9,23,2
11483,2026-07-02 10:00:27+05:30,4038.7,19,4062.15,342207,93853.0,140595.0,4100.0,4110.0,4036.6,4092.6,22459150,4501.8,3683.4,4440.0,3288.1,4037.5,2,1,4037.4,21,1,4037.3,1,1,4037.2,64,1,4037.1,51,2,4038.7,15,1,4039.0,25,3,4039.2,51,3,4039.3,18,2,4039.4,5,1
11483,2026-07-02 10:00:27+05:30,4038.7,19,4062.15,342207,93853.0,140595.0,4100.0,4110.0,4036.6,4092.6,22459150,4501.8,3683.4,4440.0,3288.1,4037.5,2,1,4037.4,21,1,4037.3,1,1,4037.2,64,1,4037.1,51,2,4038.7,15,1,4039.0,25,3,4039.2,51,3,4039.3,18,2,4039.4,5,1
11483,2026-07-02 10:00:28+05:30,4038.7,8,4062.15,342254,94209.0,140344.0,4100.0,4110.0,4036.6,4092.6,22459150,4501.8,3683.4,4440.0,3288.1,4037.5,26,3,4037.4,54,4,4037.3,37,2,4037.2,72,3,4037.1,93,4,4038.7,9,3,4039.3,1,1,4039.5,12,1,4039.6,19,1,4039.7,18,1
11483,2026-07-02 10:00:28+05:30,4038.7,2,4062.15,342254,94209.0,140344.0,4100.0,4110.0,4036.6,4092.6,22459150,4501.8,3683.4,4440.0,3288.1,4037.5,26,3,4037.4,54,4,4037.3,37,2,4037.2,72,3,4037.1,93,4,4038.7,9,3,4039.3,1,1,4039.5,12,1,4039.6,19,1,4039.7,18,1
11483,2026-07-02 10:00:29+05:30,4039.3,7,4062.14,342306,94291.0,140690.0,4100.0,4110.0,4036.6,4092.6,22459150,4501.8,3683.4,4440.0,3288.1,4037.9,17,3,4037.6,7,1,4037.5,26,3,4037.4,54,4,4037.3,13,2,4039.0,13,1,4039.1,15,2,4039.2,12,1,4039.3,42,6,4039.4,16,1
11483,2026-07-02 10:00:29+05:30,4039.3,7,4062.14,342306,94291.0,140690.0,4100.0,4110.0,4036.6,4092.6,22459150,4501.8,3683.4,4440.0,3288.1,4037.9,17,3,4037.6,7,1,4037.5,26,3,4037.4,54,4,4037.3,13,2,4039.0,13,1,4039.1,15,2,4039.2,12,1,4039.3,42,6,4039.4,16,1
11483,2026-07-02 10:00:30+05:30,4039.0,1,4062.14,342307,94510.0,140531.0,4100.0,4110.0,4036.6,4092.6,22459150,4501.8,3683.4,4440.0,3288.1,4038.3,1,1,4037.9,37,4,4037.7,5,1,4037.6,7,1,4037.5,24,2,4039.0,12,1,4039.1,13,1,4039.2,12,1,4039.3,24,4,4039.6,9,1
11483,2026-07-02 10:00:30+05:30,4039.0,1,4062.14,342307,94510.0,140531.0,4100.0,4110.0,4036.6,4092.6,22459150,4501.8,3683.4,4440.0,3288.1,4038.3,1,1,4037.9,37,4,4037.7,5,1,4037.6,7,1,4037.5,24,2,4039.0,12,1,4039.1,13,1,4039.2,12,1,4039.3,24,4,4039.6,9,1
11483,2026-07-02 10:00:31+05:30,4039.3,1,4062.14,342356,95576.0,139656.0,4100.0,4110.0,4036.6,4092.6,22459150,4501.8,3683.4,4440.0,3288.1,4038.7,3,1,4038.6,32,4,4038.5,25,2,4038.4,22,2,4038.3,48,6,4039.3,1,1,4039.6,9,1,4039.9,1,1,4040.0,1595,10,4040.6,1,1
11483,2026-07-02 10:00:31+05:30,4039.3,1,4062.14,342356,95576.0,139656.0,4100.0,4110.0,4036.6,4092.6,22459150,4501.8,3683.4,4440.0,3288.1,4038.7,3,1,4038.6,32,4,4038.5,25,2,4038.4,22,2,4038.3,48,6,4039.3,1,1,4039.6,9,1,4039.9,1,1,4040.0,1595,10,4040.6,1,1
11483,2026-07-02 10:00:32+05:30,4039.0,6,4062.14,342373,96178.0,138621.0,4100.0,4110.0,4036.6,4092.6,22459150,4501.8,3683.4,4440.0,3288.1,4039.0,48,4,4038.9,10,2,4038.8,3,1,4038.7,8,2,4038.6,16,3,4039.6,9,2,4039.9,1,1,4040.0,1595,10,4040.6,1,1,4041.0,25,2
11483,2026-07-02 10:00:32+05:30,4039.0,1,4062.14,342373,96178.0,138621.0,4100.0,4110.0,4036.6,4092.6,22459150,4501.8,3683.4,4440.0,3288.1,4039.0,48,4,4038.9,10,2,4038.8,3,1,4038.7,8,2,4038.6,16,3,4039.6,9,2,4039.9,1,1,4040.0,1595,10,4040.6,1,1,4041.0,25,2
11483,2026-07-02 10:00:33+05:30,4039.5,2,4062.14,342387,96719.0,138202.0,4100.0,4110.0,4036.6,4092.6,22459150,4501.8,3683.4,4440.0,3288.1,4039.5,50,5,4039.4,11,3,4039.3,33,3,4039.2,27,3,4039.1,20,3,4040.0,1595,10,4041.1,1,1,4041.4,183,2,4041.5,18,1,4041.6,25,2
11483,2026-07-02 10:00:33+05:30,4040.0,97,4062.14,342387,96719.0,138202.0,4100.0,4110.0,4036.6,4092.6,22459150,4501.8,3683.4,4440.0,3288.1,4039.5,50,5,4039.4,11,3,4039.3,33,3,4039.2,27,3,4039.1,20,3,4040.0,1595,10,4041.1,1,1,4041.4,183,2,4041.5,18,1,4041.6,25,2
11483,2026-07-02 10:00:34+05:30,4039.6,16,4062.13,342599,96649.0,138176.0,4100.0,4110.0,4036.6,4092.6,22459150,4501.8,3683.4,4440.0,3288.1,4039.6,26,4,4039.5,34,4,4039.4,11,3,4039.3,33,3,4039.2,15,2,4040.0,1495,8,4041.1,1,1,4041.4,183,2,4041.5,18,1,4041.6,25,2
11483,2026-07-02 10:00:34+05:30,4039.6,1,4062.13,342599,96649.0,138176.0,4100.0,4110.0,4036.6,4092.6,22459150,4501.8,3683.4,4440.0,3288.1,4039.6,26,4,4039.5,34,4,4039.4,11,3,4039.3,33,3,4039.2,15,2,4040.0,1495,8,4041.1,1,1,4041.4,183,2,4041.5,18,1,4041.6,25,2
11483,2026-07-02 10:00:35+05:30,4039.6,1,4062.12,342630,96884.0,138214.0,4100.0,4110.0,4036.6,4092.6,22459150,4501.8,3683.4,4440.0,3288.1,4039.5,52,5,4039.4,4,2,4039.3,28,2,4039.2,15,2,4039.1,20,3,4039.6,1,1,4040.0,1513,9,4041.1,1,1,4041.3,12,1,4041.4,195,3
11483,2026-07-02 10:00:35+05:30,4039.6,1,4062.12,342630,96884.0,138214.0,4100.0,4110.0,4036.6,4092.6,22459150,4501.8,3683.4,4440.0,3288.1,4039.5,52,5,4039.4,4,2,4039.3,28,2,4039.2,15,2,4039.1,20,3,4039.6,1,1,4040.0,1513,9,4041.1,1,1,4041.3,12,1,4041.4,195,3
11483,2026-07-02 10:00:36+05:30,4040.0,181,4062.12,342630,96884.0,138214.0,4100.0,4110.0,4036.6,4092.6,22459150,4501.8,3683.4,4440.0,3288.1,4039.5,52,5,4039.4,4,2,4039.3,28,2,4039.2,15,2,4039.1,20,3,4039.6,1,1,4040.0,1513,9,4041.1,1,1,4041.3,12,1,4041.4,195,3
11483,2026-07-02 10:00:36+05:30,4040.0,181,4062.11,342814,97604.0,138120.0,4100.0,4110.0,4036.6,4092.6,22459150,4501.8,3683.4,4440.0,3288.1,4039.7,60,4,4039.6,39,5,4039.5,19,3,4039.4,27,3,4039.3,28,2,4040.0,1351,12,4041.1,1,1,4041.4,183,2,4041.5,18,1,4041.6,25,2
11483,2026-07-02 10:00:37+05:30,4040.0,181,4062.11,342814,97562.0,138145.0,4100.0,4110.0,4036.6,4092.6,22459150,4501.8,3683.4,4440.0,3288.1,4039.7,82,5,4039.6,31,4,4039.5,19,3,4039.4,4,2,4039.3,28,2,4040.0,1351,12,4041.1,1,1,4041.4,183,2,4041.5,18,1,4041.6,60,3
11483,2026-07-02 10:00:38+05:30,4040.0,1,4062.11,342814,97562.0,138145.0,4100.0,4110.0,4036.6,4092.6,22459150,4501.8,3683.4,4440.0,3288.1,4039.7,82,5,4039.6,31,4,4039.5,19,3,4039.4,4,2,4039.3,28,2,4040.0,1351,12,4041.1,1,1,4041.4,183,2,4041.5,18,1,4041.6,60,3
11483,2026-07-02 10:00:38+05:30,4040.0,1,4062.11,342883,97603.0,138086.0,4100.0,4110.0,4036.6,4092.6,22459150,4501.8,3683.4,4440.0,3288.1,4039.7,82,5,4039.6,28,3,4039.5,16,2,4039.4,3,1,4039.3,28,2,4040.0,1292,13,4041.1,1,1,4041.3,7,1,4041.4,195,3,4041.5,18,1
11483,2026-07-02 10:00:39+05:30,4040.0,58,4062.11,342883,97603.0,138086.0,4100.0,4110.0,4036.6,4092.6,22459150,4501.8,3683.4,4440.0,3288.1,4039.7,82,5,4039.6,28,3,4039.5,16,2,4039.4,3,1,4039.3,28,2,4040.0,1292,13,4041.1,1,1,4041.3,7,1,4041.4,195,3,4041.5,18,1
11483,2026-07-02 10:00:39+05:30,4040.0,58,4062.1,342941,97954.0,137555.0,4100.0,4110.0,4036.6,4092.6,22459150,4501.8,3683.4,4440.0,3288.1,4039.7,86,6,4039.6,24,2,4039.5,23,3,4039.3,25,1,4039.1,20,3,4040.0,1239,17,4041.1,13,2,4041.3,12,1,4041.4,199,3,4041.5,18,1
11483,2026-07-02 10:00:40+05:30,4039.8,2,4062.1,342941,97954.0,137555.0,4100.0,4110.0,4036.6,4092.6,22459150,4501.8,3683.4,4440.0,3288.1,4039.7,86,6,4039.6,24,2,4039.5,23,3,4039.3,25,1,4039.1,20,3,4040.0,1239,17,4041.1,13,2,4041.3,12,1,4041.4,199,3,4041.5,18,1
11483,2026-07-02 10:00:40+05:30,4039.8,2,4062.0,344611,98499.0,135783.0,4100.0,4110.0,4036.6,4092.6,22459150,4501.8,3683.4,4440.0,3288.1,4039.7,59,4,4039.4,26,2,4039.3,34,2,4039.2,72,3,4039.1,67,5,4039.8,24,2,4040.0,62,1,4041.8,16,3,4041.9,20,2,4042.0,20,2
11483,2026-07-02 10:00:41+05:30,4040.0,50,4062.0,344611,98499.0,135783.0,4100.0,4110.0,4036.6,4092.6,22459150,4501.8,3683.4,4440.0,3288.1,4039.7,59,4,4039.4,26,2,4039.3,34,2,4039.2,72,3,4039.1,67,5,4039.8,24,2,4040.0,62,1,4041.8,16,3,4041.9,20,2,4042.0,20,2
11483,2026-07-02 10:00:41+05:30,4040.0,50,4061.97,345089,98459.0,136083.0,4100.0,4110.0,4036.6,4092.6,22459150,4501.8,3683.4,4440.0,3288.1,4039.7,59,4,4039.6,5,1,4039.4,24,2,4039.3,36,3,4039.2,83,4,4040.0,11,3,4041.8,63,5,4041.9,13,1,4042.0,20,2,4042.2,26,2
11483,2026-07-02 10:00:42+05:30,4039.7,8,4061.97,345089,98459.0,136083.0,4100.0,4110.0,4036.6,4092.6,22459150,4501.8,3683.4,4440.0,3288.1,4039.7,59,4,4039.6,5,1,4039.4,24,2,4039.3,36,3,4039.2,83,4,4040.0,11,3,4041.8,63,5,4041.9,13,1,4042.0,20,2,4042.2,26,2
11483,2026-07-02 10:00:42+05:30,4039.7,8,4061.96,345264,98450.0,136421.0,4100.0,4110.0,4036.6,4092.6,22459150,4501.8,3683.4,4440.0,3288.1,4039.7,36,4,4039.6,15,2,4039.5,7,1,4039.4,47,3,4039.3,36,3,4040.0,13,4,4041.8,16,3,4041.9,42,2,4042.0,55,3,4042.2,59,3
11483,2026-07-02 10:00:43+05:30,4040.0,167,4061.96,345264,98450.0,136421.0,4100.0,4110.0,4036.6,4092.6,22459150,4501.8,3683.4,4440.0,3288.1,4039.7,36,4,4039.6,15,2,4039.5,7,1,4039.4,47,3,4039.3,36,3,4040.0,13,4,4041.8,16,3,4041.9,42,2,4042.0,55,3,4042.2,59,3
11483,2026-07-02 10:00:43+05:30,4040.0,5,4061.91,345977,98392.0,137138.0,4100.0,4110.0,4036.6,4092.6,22459150,4501.8,3683.4,4440.0,3288.1,4039.7,7,1,4039.6,15,2,4039.5,12,1,4039.3,25,1,4039.2,34,3,4040.0,662,5,4041.5,183,2,4041.6,13,1,4041.7,18,1,4041.8,16,3
11483,2026-07-02 10:00:44+05:30,4040.0,175,4061.91,345977,98392.0,137138.0,4100.0,4110.0,4036.6,4092.6,22459150,4501.8,3683.4,4440.0,3288.1,4039.7,7,1,4039.6,15,2,4039.5,12,1,4039.3,25,1,4039.2,34,3,4040.0,662,5,4041.5,183,2,4041.6,13,1,4041.7,18,1,4041.8,16,3
11483,2026-07-02 10:00:44+05:30,4040.0,2,4061.02,360704,98443.0,135114.0,4100.0,4110.0,4036.6,4092.6,22459150,4501.8,3683.4,4440.0,3288.1,4039.9,18,3,4039.8,4,1,4039.7,113,7,4039.6,93,5,4039.5,62,3,4040.0,67,1,4041.5,183,2,4041.7,14,1,4041.8,16,3,4042.0,20,2
11483,2026-07-02 10:00:45+05:30,4040.0,175,4061.02,360704,98443.0,135114.0,4100.0,4110.0,4036.6,4092.6,22459150,4501.8,3683.4,4440.0,3288.1,4039.9,18,3,4039.8,4,1,4039.7,113,7,4039.6,93,5,4039.5,62,3,4040.0,67,1,4041.5,183,2,4041.7,14,1,4041.8,16,3,4042.0,20,2
11483,2026-07-02 10:00:46+05:30,4040.0,7,4060.8,364431,98350.0,137021.0,4100.0,4110.0,4036.6,4092.6,22459150,4501.8,3683.4,4440.0,3288.1,4039.9,18,2,4039.8,20,1,4039.7,7,1,4039.6,25,3,4039.3,25,1,4040.0,361,5,4041.4,25,2,4041.5,183,2,4041.6,13,1,4041.8,16,3
11483,2026-07-02 10:00:46+05:30,4040.0,7,4060.8,364431,98350.0,137021.0,4100.0,4110.0,4036.6,4092.6,22459150,4501.8,3683.4,4440.0,3288.1,4039.9,18,2,4039.8,20,1,4039.7,7,1,4039.6,25,3,4039.3,25,1,4040.0,361,5,4041.4,25,2,4041.5,183,2,4041.6,13,1,4041.8,16,3
11483,2026-07-02 10:00:47+05:30,4040.0,30,4060.79,364613,98366.0,137828.0,4100.0,4110.0,4036.6,4092.6,22459150,4501.8,3683.4,4440.0,3288.1,4039.9,18,2,4039.7,7,1,4039.6,25,3,4039.3,25,1,4039.2,20,1,4040.0,1128,8,4041.4,63,3,4041.5,183,2,4041.6,13,1,4041.8,22,4
11483,2026-07-02 10:00:47+05:30,4039.6,5,4060.79,364613,98366.0,137828.0,4100.0,4110.0,4036.6,4092.6,22459150,4501.8,3683.4,4440.0,3288.1,4039.9,18,2,4039.7,7,1,4039.6,25,3,4039.3,25,1,4039.2,20,1,4040.0,1128,8,4041.4,63,3,4041.5,183,2,4041.6,13,1,4041.8,22,4
11483,2026-07-02 10:00:48+05:30,4040.0,47,4060.75,365233,98120.0,137649.0,4100.0,4110.0,4036.6,4092.6,22459150,4501.8,3683.4,4440.0,3288.1,4039.4,12,1,4039.3,56,3,4039.1,8,1,4039.0,69,7,4038.9,175,1,4040.0,831,9,4041.4,51,2,4041.5,183,2,4041.6,38,3,4041.7,6,1
11483,2026-07-02 10:00:48+05:30,4040.0,50,4060.75,365233,98120.0,137649.0,4100.0,4110.0,4036.6,4092.6,22459150,4501.8,3683.4,4440.0,3288.1,4039.4,12,1,4039.3,56,3,4039.1,8,1,4039.0,69,7,4038.9,175,1,4040.0,831,9,4041.4,51,2,4041.5,183,2,4041.6,38,3,4041.7,6,1
11483,2026-07-02 10:00:49+05:30,4040.0,25,4060.73,365581,98285.0,137391.0,4100.0,4110.0,4036.6,4092.6,22459150,4501.8,3683.4,4440.0,3288.1,4039.4,12,1,4039.3,37,2,4039.0,68,6,4038.9,175,1,4038.7,95,4,4040.0,492,13,4040.4,12,1,4040.7,9,1,4041.2,17,1,4041.3,12,1
11483,2026-07-02 10:00:49+05:30,4039.4,1,4060.73,365581,98285.0,137391.0,4100.0,4110.0,4036.6,4092.6,22459150,4501.8,3683.4,4440.0,3288.1,4039.4,12,1,4039.3,37,2,4039.0,68,6,4038.9,175,1,4038.7,95,4,4040.0,492,13,4040.4,12,1,4040.7,9,1,4041.2,17,1,4041.3,12,1
11483,2026-07-02 10:00:50+05:30,4039.4,101,4060.72,365760,98263.0,137596.0,4100.0,4110.0,4036.6,4092.6,22459150,4501.8,3683.4,4440.0,3288.1,4039.3,37,2,4039.0,63,5,4038.9,175,1,4038.7,7,2,4038.5,659,7,4039.4,116,2,4040.0,259,16,4040.7,9,1,4041.2,17,1,4041.3,12,1
11483,2026-07-02 10:00:50+05:30,4039.3,12,4060.72,365760,98263.0,137596.0,4100.0,4110.0,4036.6,4092.6,22459150,4501.8,3683.4,4440.0,3288.1,4039.3,37,2,4039.0,63,5,4038.9,175,1,4038.7,7,2,4038.5,659,7,4039.4,116,2,4040.0,259,16,4040.7,9,1,4041.2,17,1,4041.3,12,1
11483,2026-07-02 10:00:51+05:30,4039.1,2,4060.72,365812,97982.0,137590.0,4100.0,4110.0,4036.6,4092.6,22459150,4501.8,3683.4,4440.0,3288.1,4039.0,70,5,4038.9,175,1,4038.7,2,1,4038.5,609,5,4038.4,45,3,4039.1,8,2,4039.3,51,5,4039.4,119,4,4040.0,201,12,4040.7,9,1
11483,2026-07-02 10:00:51+05:30,4039.1,1,4060.72,365812,97982.0,137590.0,4100.0,4110.0,4036.6,4092.6,22459150,4501.8,3683.4,4440.0,3288.1,4039.0,70,5,4038.9,175,1,4038.7,2,1,4038.5,609,5,4038.4,45,3,4039.1,8,2,4039.3,51,5,4039.4,119,4,4040.0,201,12,4040.7,9,1
11483,2026-07-02 10:00:52+05:30,4039.4,1,4060.69,366385,98057.0,138032.0,4100.0,4110.0,4036.6,4092.6,22459150,4501.8,3683.4,4440.0,3288.1,4039.0,70,5,4038.7,2,1,4038.5,794,7,4038.4,57,3,4038.3,62,6,4039.4,202,6,4040.0,213,11,4040.6,9,1,4040.7,12,1,4041.0,37,4
11483,2026-07-02 10:00:52+05:30,4040.0,268,4060.69,366385,98057.0,138032.0,4100.0,4110.0,4036.6,4092.6,22459150,4501.8,3683.4,4440.0,3288.1,4039.0,70,5,4038.7,2,1,4038.5,794,7,4038.4,57,3,4038.3,62,6,4039.4,202,6,4040.0,213,11,4040.6,9,1,4040.7,12,1,4041.0,37,4
11483,2026-07-02 10:00:53+05:30,4040.5,44,4060.39,371624,99239.0,135167.0,4100.0,4110.0,4036.6,4092.6,22459150,4501.8,3683.4,4440.0,3288.1,4040.8,43,5,4040.7,39,3,4040.6,73,4,4040.5,42,2,4040.4,31,2,4042.0,20,2,4042.3,1,1,4042.5,21,1,4042.8,18,2,4042.9,56,3
11483,2026-07-02 10:00:53+05:30,4040.7,44,4060.39,371624,99239.0,135167.0,4100.0,4110.0,4036.6,4092.6,22459150,4501.8,3683.4,4440.0,3288.1,4040.8,43,5,4040.7,39,3,4040.6,73,4,4040.5,42,2,4040.4,31,2,4042.0,20,2,4042.3,1,1,4042.5,21,1,4042.8,18,2,4042.9,56,3
11483,2026-07-02 10:00:54+05:30,4042.6,17,4060.35,372500,100022.0,135688.0,4100.0,4110.0,4036.6,4092.6,22459150,4501.8,3683.4,4440.0,3288.1,4041.8,5,1,4041.7,28,3,4041.6,5,1,4041.5,16,2,4041.4,6,1,4042.6,30,4,4043.1,16,2,4043.2,38,3,4043.3,48,4,4043.4,14,2
11483,2026-07-02 10:00:54+05:30,4042.6,17,4060.35,372500,100022.0,135688.0,4100.0,4110.0,4036.6,4092.6,22459150,4501.8,3683.4,4440.0,3288.1,4041.8,5,1,4041.7,28,3,4041.6,5,1,4041.5,16,2,4041.4,6,1,4042.6,30,4,4043.1,16,2,4043.2,38,3,4043.3,48,4,4043.4,14,2
11483,2026-07-02 10:00:55+05:30,4042.6,6,4060.34,372771,99836.0,136401.0,4100.0,4110.0,4036.6,4092.6,22459150,4501.8,3683.4,4440.0,3288.1,4041.7,24,2,4041.5,12,1,4041.4,8,1,4041.3,14,1,4041.2,12,1,4042.6,24,4,4042.7,8,1,4042.9,10,1,4043.1,16,2,4043.2,14,2
11483,2026-07-02 10:00:55+05:30,4042.6,10,4060.34,372771,99836.0,136401.0,4100.0,4110.0,4036.6,4092.6,22459150,4501.8,3683.4,4440.0,3288.1,4041.7,24,2,4041.5,12,1,4041.4,8,1,4041.3,14,1,4041.2,12,1,4042.6,24,4,4042.7,8,1,4042.9,10,1,4043.1,16,2,4043.2,14,2
11483,2026-07-02 10:00:56+05:30,4042.6,14,4060.33,372963,101212.0,135726.0,4100.0,4110.0,4036.6,4092.6,22459150,4501.8,3683.4,4440.0,3288.1,4042.6,1,1,4042.5,84,5,4042.4,26,2,4042.3,32,3,4042.2,11,1,4043.8,51,1,4044.0,15,1,4044.4,12,1,4044.5,5,1,4044.8,39,1
11483,2026-07-02 10:00:56+05:30,4042.6,2,4060.33,372963,101212.0,135726.0,4100.0,4110.0,4036.6,4092.6,22459150,4501.8,3683.4,4440.0,3288.1,4042.6,1,1,4042.5,84,5,4042.4,26,2,4042.3,32,3,4042.2,11,1,4043.8,51,1,4044.0,15,1,4044.4,12,1,4044.5,5,1,4044.8,39,1
11483,2026-07-02 10:00:57+05:30,4044.0,11,4060.32,373080,101327.0,135602.0,4100.0,4110.0,4036.6,4092.6,22459150,4501.8,3683.4,4440.0,3288.1,4042.8,14,1,4042.7,77,5,4042.6,53,4,4042.5,79,5,4042.3,38,4,4044.0,7,3,4044.7,5,1,4044.8,30,2,4044.9,12,1,4045.0,141,3
11483,2026-07-02 10:00:57+05:30,4044.0,1,4060.32,373080,101327.0,135602.0,4100.0,4110.0,4036.6,4092.6,22459150,4501.8,3683.4,4440.0,3288.1,4042.8,14,1,4042.7,77,5,4042.6,53,4,4042.5,79,5,4042.3,38,4,4044.0,7,3,4044.7,5,1,4044.8,30,2,4044.9,12,1,4045.0,141,3
11483,2026-07-02 10:00:58+05:30,4044.0,1,4060.32,373081,101239.0,135663.0,4100.0,4110.0,4036.6,4092.6,22459150,4501.8,3683.4,4440.0,3288.1,4042.7,35,2,4042.6,73,4,4042.5,39,2,4042.3,38,4,4042.2,31,2,4044.0,13,4,4044.1,12,1,4044.2,13,1,4044.4,15,1,4044.6,15,2
11483,2026-07-02 10:00:59+05:30,4044.0,1,4060.32,373081,101188.0,135686.0,4100.0,4110.0,4036.6,4092.6,22459150,4501.8,3683.4,4440.0,3288.1,4042.7,35,2,4042.6,50,3,4042.5,39,2,4042.4,7,1,4042.3,38,4,4044.0,21,5,4044.2,13,1,4044.3,14,1,4044.4,15,1,4044.6,15,2
11483,2026-07-02 10:00:59+05:30,4042.7,2,4060.32,373081,101188.0,135686.0,4100.0,4110.0,4036.6,4092.6,22459150,4501.8,3683.4,4440.0,3288.1,4042.7,35,2,4042.6,50,3,4042.5,39,2,4042.4,7,1,4042.3,38,4,4044.0,21,5,4044.2,13,1,4044.3,14,1,4044.4,15,1,4044.6,15,2
11483,2026-07-02 10:01:00+05:30,4042.7,5,4060.32,373111,101310.0,135716.0,4100.0,4110.0,4036.6,4092.6,22459150,4501.8,3683.4,4440.0,3288.1,4042.8,10,1,4042.7,30,2,4042.6,50,3,4042.5,69,3,4042.3,38,4,4044.0,21,5,4044.2,13,1,4044.3,14,1,4044.4,15,1,4044.6,9,1
11483,2026-07-02 10:01:00+05:30,4042.8,2,4060.32,373111,101310.0,135716.0,4100.0,4110.0,4036.6,4092.6,22459150,4501.8,3683.4,4440.0,3288.1,4042.8,10,1,4042.7,30,2,4042.6,50,3,4042.5,69,3,4042.3,38,4,4044.0,21,5,4044.2,13,1,4044.3,14,1,4044.4,15,1,4044.6,9,1
11483,2026-07-02 10:01:01+05:30,4042.8,2,4060.32,373114,101499.0,136216.0,4100.0,4110.0,4036.6,4092.6,22459150,4501.8,3683.4,4440.0,3288.1,4043.3,2,2,4042.8,47,2,4042.7,25,1,4042.6,24,1,4042.5,69,3,4044.0,28,6,4044.2,13,1,4044.3,14,1,4044.4,15,1,4044.6,16,2
11483,2026-07-02 10:01:02+05:30,4043.3,11,4060.32,373114,101499.0,136216.0,4100.0,4110.0,4036.6,4092.6,22459150,4501.8,3683.4,4440.0,3288.1,4043.3,2,2,4042.8,47,2,4042.7,25,1,4042.6,24,1,4042.5,69,3,4044.0,28,6,4044.2,13,1,4044.3,14,1,4044.4,15,1,4044.6,16,2
11483,2026-07-02 10:01:02+05:30,4043.3,11,4060.32,373133,101096.0,136269.0,4100.0,4110.0,4036.6,4092.6,22459150,4501.8,3683.4,4440.0,3288.1,4042.8,48,3,4042.7,35,2,4042.6,6,1,4042.5,1,1,4042.4,34,1,4044.0,9,2,4044.2,13,1,4044.3,14,1,4044.4,15,1,4044.6,21,2
11483,2026-07-02 10:01:03+05:30,4043.3,1,4060.32,373133,101096.0,136269.0,4100.0,4110.0,4036.6,4092.6,22459150,4501.8,3683.4,4440.0,3288.1,4042.8,48,3,4042.7,35,2,4042.6,6,1,4042.5,1,1,4042.4,34,1,4044.0,9,2,4044.2,13,1,4044.3,14,1,4044.4,15,1,4044.6,21,2
11483,2026-07-02 10:01:03+05:30,4044.7,70,4060.32,373237,101055.0,134856.0,4100.0,4110.0,4036.6,4092.6,22459150,4501.8,3683.4,4440.0,3288.1,4043.2,31,4,4043.1,91,6,4043.0,23,1,4042.9,3,1,4042.8,48,4,4044.6,12,1,4044.8,37,3,4044.9,39,2,4045.0,144,4,4045.2,29,3
11483,2026-07-02 10:01:04+05:30,4044.6,1,4060.32,373237,101055.0,134856.0,4100.0,4110.0,4036.6,4092.6,22459150,4501.8,3683.4,4440.0,3288.1,4043.2,31,4,4043.1,91,6,4043.0,23,1,4042.9,3,1,4042.8,48,4,4044.6,12,1,4044.8,37,3,4044.9,39,2,4045.0,144,4,4045.2,29,3
11483,2026-07-02 10:01:05+05:30,4044.6,1,4060.32,373238,101959.0,135517.0,4100.0,4110.0,4036.6,4092.6,22459150,4501.8,3683.4,4440.0,3288.1,4043.4,28,4,4043.3,47,3,4043.2,77,6,4043.1,63,5,4043.0,198,2,4044.7,3,2,4045.0,123,2,4045.2,17,2,4045.3,73,2,4045.5,56,4
11483,2026-07-02 10:01:05+05:30,4044.9,10,4060.32,373238,101959.0,135517.0,4100.0,4110.0,4036.6,4092.6,22459150,4501.8,3683.4,4440.0,3288.1,4043.4,28,4,4043.3,47,3,4043.2,77,6,4043.1,63,5,4043.0,198,2,4044.7,3,2,4045.0,123,2,4045.2,17,2,4045.3,73,2,4045.5,56,4
11483,2026-07-02 10:01:06+05:30,4045.0,1,4060.31,373348,102295.0,135495.0,4100.0,4110.0,4036.6,4092.6,22459150,4501.8,3683.4,4440.0,3288.1,4044.0,17,2,4043.9,20,3,4043.8,33,3,4043.7,30,2,4043.6,19,2,4045.0,51,5,4045.1,10,1,4045.2,12,1,4045.4,13,1,4045.5,9,1
11483,2026-07-02 10:01:06+05:30,4045.0,7,4060.31,373348,102295.0,135495.0,4100.0,4110.0,4036.6,4092.6,22459150,4501.8,3683.4,4440.0,3288.1,4044.0,17,2,4043.9,20,3,4043.8,33,3,4043.7,30,2,4043.6,19,2,4045.0,51,5,4045.1,10,1,4045.2,12,1,4045.4,13,1,4045.5,9,1
11483,2026-07-02 10:01:07+05:30,4045.0,7,4060.31,373355,102539.0,135366.0,4100.0,4110.0,4036.6,4092.6,22459150,4501.8,3683.4,4440.0,3288.1,4044.1,12,1,4044.0,29,3,4043.9,20,3,4043.8,33,3,4043.7,30,2,4045.0,34,4,4045.2,12,1,4045.4,13,1,4045.5,9,1,4045.7,55,2
11483,2026-07-02 10:01:08+05:30,4045.0,7,4060.31,373355,102864.0,135342.0,4100.0,4110.0,4036.6,4092.6,22459150,4501.8,3683.4,4440.0,3288.1,4043.9,26,2,4043.8,35,2,4043.6,17,2,4043.4,71,5,4043.3,25,2,4045.0,55,6,4045.4,13,1,4045.5,23,2,4045.7,59,2,4045.8,66,6
11483,2026-07-02 10:01:09+05:30,4045.0,16,4060.31,373375,102938.0,135312.0,4100.0,4110.0,4036.6,4092.6,22459150,4501.8,3683.4,4440.0,3288.1,4043.8,35,2,4043.6,14,1,4043.4,71,5,4043.3,26,3,4043.2,26,3,4045.0,43,7,4045.3,10,1,4045.4,13,1,4045.5,23,2,4045.7,65,4
11483,2026-07-02 10:01:09+05:30,4044.6,50,4060.31,373375,102938.0,135312.0,4100.0,4110.0,4036.6,4092.6,22459150,4501.8,3683.4,4440.0,3288.1,4043.8,35,2,4043.6,14,1,4043.4,71,5,4043.3,26,3,4043.2,26,3,4045.0,43,7,4045.3,10,1,4045.4,13,1,4045.5,23,2,4045.7,65,4
11483,2026-07-02 10:01:10+05:30,4044.3,10,4060.29,373837,101271.0,136614.0,4100.0,4110.0,4036.6,4092.6,22459150,4501.8,3683.4,4440.0,3288.1,4043.0,35,2,4042.8,61,3,4042.7,25,1,4042.5,16,1,4042.3,8,1,4044.3,2,1,4044.4,71,6,4044.5,28,1,4044.6,40,4,4044.8,5,1
11483,2026-07-02 10:01:10+05:30,4044.6,1,4060.29,373837,101271.0,136614.0,4100.0,4110.0,4036.6,4092.6,22459150,4501.8,3683.4,4440.0,3288.1,4043.0,35,2,4042.8,61,3,4042.7,25,1,4042.5,16,1,4042.3,8,1,4044.3,2,1,4044.4,71,6,4044.5,28,1,4044.6,40,4,4044.8,5,1
11483,2026-07-02 10:01:11+05:30,4044.6,1,4060.29,373861,102067.0,135231.0,4100.0,4110.0,4036.6,4092.6,22459150,4501.8,3683.4,4440.0,3288.1,4044.5,12,1,4044.4,44,4,4044.3,12,1,4044.2,43,4,4044.1,19,2,4044.6,9,5,4045.0,4,1,4045.5,5,1,4045.8,19,2,4045.9,15,1
11483,2026-07-02 10:01:11+05:30,4044.6,3,4060.29,373861,102067.0,135231.0,4100.0,4110.0,4036.6,4092.6,22459150,4501.8,3683.4,4440.0,3288.1,4044.5,12,1,4044.4,44,4,4044.3,12,1,4044.2,43,4,4044.1,19,2,4044.6,9,5,4045.0,4,1,4045.5,5,1,4045.8,19,2,4045.9,15,1
11483,2026-07-02 10:01:11+05:30,4044.6,3,4060.29,373861,102067.0,135231.0,4100.0,4110.0,4036.6,4092.6,22459150,4501.8,3683.4,4440.0,3288.1,4044.5,12,1,4044.4,44,4,4044.3,12,1,4044.2,43,4,4044.1,19,2,4044.6,9,5,4045.0,4,1,4045.5,5,1,4045.8,19,2,4045.9,15,1
11483,2026-07-02 10:01:12+05:30,4044.6,3,4060.29,373861,102067.0,135231.0,4100.0,4110.0,4036.6,4092.6,22459150,4501.8,3683.4,4440.0,3288.1,4044.5,12,1,4044.4,44,4,4044.3,12,1,4044.2,43,4,4044.1,19,2,4044.6,9,5,4045.0,4,1,4045.5,5,1,4045.8,19,2,4045.9,15,1
11483,2026-07-02 10:01:12+05:30,4044.5,1,4060.29,373896,101995.0,135193.0,4100.0,4110.0,4036.6,4092.6,22459150,4501.8,3683.4,4440.0,3288.1,4044.3,20,1,4044.2,10,2,4044.1,29,2,4044.0,37,4,4043.9,9,1,4044.6,8,3,4045.0,4,1,4045.8,12,1,4046.0,82,1,4046.1,13,1
11483,2026-07-02 10:01:12+05:30,4045.0,4,4060.29,373896,101995.0,135193.0,4100.0,4110.0,4036.6,4092.6,22459150,4501.8,3683.4,4440.0,3288.1,4044.3,20,1,4044.2,10,2,4044.1,29,2,4044.0,37,4,4043.9,9,1,4044.6,8,3,4045.0,4,1,4045.8,12,1,4046.0,82,1,4046.1,13,1
11483,2026-07-02 10:01:12+05:30,4045.0,4,4060.29,373896,101995.0,135193.0,4100.0,4110.0,4036.6,4092.6,22459150,4501.8,3683.4,4440.0,3288.1,4044.3,20,1,4044.2,10,2,4044.1,29,2,4044.0,37,4,4043.9,9,1,4044.6,8,3,4045.0,4,1,4045.8,12,1,4046.0,82,1,4046.1,13,1
11483,2026-07-02 10:01:13+05:30,4045.0,4,4060.29,373896,101995.0,135193.0,4100.0,4110.0,4036.6,4092.6,22459150,4501.8,3683.4,4440.0,3288.1,4044.3,20,1,4044.2,10,2,4044.1,29,2,4044.0,37,4,4043.9,9,1,4044.6,8,3,4045.0,4,1,4045.8,12,1,4046.0,82,1,4046.1,13,1
11483,2026-07-02 10:01:13+05:30,4046.1,1,4060.28,374043,102692.0,134751.0,4100.0,4110.0,4036.6,4092.6,22459150,4501.8,3683.4,4440.0,3288.1,4045.0,100,1,4044.8,41,2,4044.7,42,3,4044.6,87,4,4044.5,51,3,4046.1,3,2,4046.2,171,1,4046.3,66,1,4046.7,25,3,4046.9,63,3
11483,2026-07-02 10:01:13+05:30,4046.1,1,4060.28,374043,102692.0,134751.0,4100.0,4110.0,4036.6,4092.6,22459150,4501.8,3683.4,4440.0,3288.1,4045.0,100,1,4044.8,41,2,4044.7,42,3,4044.6,87,4,4044.5,51,3,4046.1,3,2,4046.2,171,1,4046.3,66,1,4046.7,25,3,4046.9,63,3
11483,2026-07-02 10:01:13+05:30,4046.1,1,4060.28,374043,102692.0,134751.0,4100.0,4110.0,4036.6,4092.6,22459150,4501.8,3683.4,4440.0,3288.1,4045.0,100,1,4044.8,41,2,4044.7,42,3,4044.6,87,4,4044.5,51,3,4046.1,3,2,4046.2,171,1,4046.3,66,1,4046.7,25,3,4046.9,63,3
11483,2026-07-02 10:01:14+05:30,4046.1,1,4060.28,374043,102692.0,134751.0,4100.0,4110.0,4036.6,4092.6,22459150,4501.8,3683.4,4440.0,3288.1,4045.0,100,1,4044.8,41,2,4044.7,42,3,4044.6,87,4,4044.5,51,3,4046.1,3,2,4046.2,171,1,4046.3,66,1,4046.7,25,3,4046.9,63,3
11483,2026-07-02 10:01:14+05:30,4046.1,1,4060.28,374043,102662.0,134770.0,4100.0,4110.0,4036.6,4092.6,22459150,4501.8,3683.4,4440.0,3288.1,4045.0,100,1,4044.8,41,2,4044.7,30,2,4044.6,87,4,4044.5,51,3,4046.1,3,2,4046.2,171,1,4046.3,66,1,4046.7,25,3,4046.9,68,4
11483,2026-07-02 10:01:14+05:30,4046.1,1,4060.28,374043,102662.0,134770.0,4100.0,4110.0,4036.6,4092.6,22459150,4501.8,3683.4,4440.0,3288.1,4045.0,100,1,4044.8,41,2,4044.7,30,2,4044.6,87,4,4044.5,51,3,4046.1,3,2,4046.2,171,1,4046.3,66,1,4046.7,25,3,4046.9,68,4
11483,2026-07-02 10:01:15+05:30,4046.1,1,4060.28,374043,102662.0,134770.0,4100.0,4110.0,4036.6,4092.6,22459150,4501.8,3683.4,4440.0,3288.1,4045.0,100,1,4044.8,41,2,4044.7,30,2,4044.6,87,4,4044.5,51,3,4046.1,3,2,4046.2,171,1,4046.3,66,1,4046.7,25,3,4046.9,68,4
11483,2026-07-02 10:01:15+05:30,4046.1,1,4060.28,374043,102662.0,134770.0,4100.0,4110.0,4036.6,4092.6,22495200,4501.8,3683.4,4440.0,3288.1,4045.0,100,1,4044.8,41,2,4044.7,30,2,4044.6,87,4,4044.5,51,3,4046.1,3,2,4046.2,171,1,4046.3,66,1,4046.7,25,3,4046.9,68,4
11483,2026-07-02 10:01:15+05:30,4046.1,2,4060.28,374043,102662.0,134770.0,4100.0,4110.0,4036.6,4092.6,22495200,4501.8,3683.4,4440.0,3288.1,4045.0,100,1,4044.8,41,2,4044.7,30,2,4044.6,87,4,4044.5,51,3,4046.1,3,2,4046.2,171,1,4046.3,66,1,4046.7,25,3,4046.9,68,4
11483,2026-07-02 10:01:15+05:30,4046.1,2,4060.28,374043,102662.0,134770.0,4100.0,4110.0,4036.6,4092.6,22495200,4501.8,3683.4,4440.0,3288.1,4045.0,100,1,4044.8,41,2,4044.7,30,2,4044.6,87,4,4044.5,51,3,4046.1,3,2,4046.2,171,1,4046.3,66,1,4046.7,25,3,4046.9,68,4
11483,2026-07-02 10:01:15+05:30,4046.1,2,4060.28,374055,102651.0,135173.0,4100.0,4110.0,4036.6,4092.6,22495200,4501.8,3683.4,4440.0,3288.1,4045.1,25,1,4045.0,117,2,4044.9,5,1,4044.8,41,2,4044.7,30,2,4046.1,3,2,4046.2,171,1,4046.3,66,1,4046.7,25,3,4046.9,44,2
11483,2026-07-02 10:01:16+05:30,4046.1,2,4060.28,374055,102651.0,135173.0,4100.0,4110.0,4036.6,4092.6,22495200,4501.8,3683.4,4440.0,3288.1,4045.1,25,1,4045.0,117,2,4044.9,5,1,4044.8,41,2,4044.7,30,2,4046.1,3,2,4046.2,171,1,4046.3,66,1,4046.7,25,3,4046.9,44,2
11483,2026-07-02 10:01:16+05:30,4045.0,3,4060.28,374055,102651.0,135173.0,4100.0,4110.0,4036.6,4092.6,22495200,4501.8,3683.4,4440.0,3288.1,4045.1,25,1,4045.0,117,2,4044.9,5,1,4044.8,41,2,4044.7,30,2,4046.1,3,2,4046.2,171,1,4046.3,66,1,4046.7,25,3,4046.9,44,2
11483,2026-07-02 10:01:16+05:30,4045.0,5,4060.28,374186,102463.0,135376.0,4100.0,4110.0,4036.6,4092.6,22495200,4501.8,3683.4,4440.0,3288.1,4045.0,12,1,4044.8,41,2,4044.7,10,1,4044.6,69,3,4044.5,18,1,4046.1,17,5,4046.2,171,1,4046.3,66,1,4046.4,27,2,4046.5,21,1
11483,2026-07-02 10:01:17+05:30,4045.0,5,4060.28,374186,102463.0,135376.0,4100.0,4110.0,4036.6,4092.6,22495200,4501.8,3683.4,4440.0,3288.1,4045.0,12,1,4044.8,41,2,4044.7,10,1,4044.6,69,3,4044.5,18,1,4046.1,17,5,4046.2,171,1,4046.3,66,1,4046.4,27,2,4046.5,21,1
11483,2026-07-02 10:01:17+05:30,4046.1,6,4060.28,374186,102463.0,135376.0,4100.0,4110.0,4036.6,4092.6,22495200,4501.8,3683.4,4440.0,3288.1,4045.0,12,1,4044.8,41,2,4044.7,10,1,4044.6,69,3,4044.5,18,1,4046.1,17,5,4046.2,171,1,4046.3,66,1,4046.4,27,2,4046.5,21,1
11483,2026-07-02 10:01:17+05:30,4046.1,6,4060.28,374214,102508.0,135748.0,4100.0,4110.0,4036.6,4092.6,22495200,4501.8,3683.4,4440.0,3288.1,4045.0,65,2,4044.8,24,1,4044.6,57,2,4044.5,18,1,4044.4,40,2,4046.1,16,3,4046.2,171,1,4046.3,66,1,4046.4,27,2,4046.7,41,4
11483,2026-07-02 10:01:18+05:30,4046.3,50,4060.28,374214,102508.0,135748.0,4100.0,4110.0,4036.6,4092.6,22495200,4501.8,3683.4,4440.0,3288.1,4045.0,65,2,4044.8,24,1,4044.6,57,2,4044.5,18,1,4044.4,40,2,4046.1,16,3,4046.2,171,1,4046.3,66,1,4046.4,27,2,4046.7,41,4
11483,2026-07-02 10:01:19+05:30,4046.3,50,4060.27,374475,102802.0,134709.0,4100.0,4110.0,4036.6,4092.6,22495200,4501.8,3683.4,4440.0,3288.1,4046.1,48,1,4045.3,12,1,4045.2,51,2,4045.1,52,3,4045.0,103,6,4046.3,16,1,4046.7,1,1,4046.9,44,2,4047.0,15,2,4047.1,12,1
11483,2026-07-02 10:01:19+05:30,4046.1,1,4060.27,374475,102802.0,134709.0,4100.0,4110.0,4036.6,4092.6,22495200,4501.8,3683.4,4440.0,3288.1,4046.1,48,1,4045.3,12,1,4045.2,51,2,4045.1,52,3,4045.0,103,6,4046.3,16,1,4046.7,1,1,4046.9,44,2,4047.0,15,2,4047.1,12,1
11483,2026-07-02 10:01:20+05:30,4045.0,1,4060.27,374525,102213.0,135551.0,4100.0,4110.0,4036.6,4092.6,22495200,4501.8,3683.4,4440.0,3288.1,4045.0,69,3,4044.8,24,1,4044.7,5,1,4044.6,63,3,4044.4,19,1,4046.1,15,4,4046.3,30,4,4046.4,14,1,4046.6,25,2,4046.7,13,2
11483,2026-07-02 10:01:20+05:30,4045.0,1,4060.27,374525,102213.0,135551.0,4100.0,4110.0,4036.6,4092.6,22495200,4501.8,3683.4,4440.0,3288.1,4045.0,69,3,4044.8,24,1,4044.7,5,1,4044.6,63,3,4044.4,19,1,4046.1,15,4,4046.3,30,4,4046.4,14,1,4046.6,25,2,4046.7,13,2
11483,2026-07-02 10:01:21+05:30,4045.0,1,4060.27,374526,102435.0,135524.0,4100.0,4110.0,4036.6,4092.6,22495200,4501.8,3683.4,4440.0,3288.1,4045.0,69,4,4044.8,24,1,4044.7,5,1,4044.6,91,4,4044.5,5,1,4046.1,9,4,4046.3,30,4,4046.4,14,1,4046.6,25,2,4046.7,13,2
11483,2026-07-02 10:01:21+05:30,4046.8,16,4060.27,374526,102435.0,135524.0,4100.0,4110.0,4036.6,4092.6,22495200,4501.8,3683.4,4440.0,3288.1,4045.0,69,4,4044.8,24,1,4044.7,5,1,4044.6,91,4,4044.5,5,1,4046.1,9,4,4046.3,30,4,4046.4,14,1,4046.6,25,2,4046.7,13,2
11483,2026-07-02 10:01:22+05:30,4046.8,16,4060.26,374671,102571.0,135012.0,4100.0,4110.0,4036.6,4092.6,22495200,4501.8,3683.4,4440.0,3288.1,4045.4,13,1,4045.3,33,2,4045.2,64,3,4045.1,79,7,4045.0,103,6,4046.3,78,1,4046.8,4,3,4046.9,44,2,4047.0,11,2,4047.3,13,1
11483,2026-07-02 10:01:22+05:30,4046.3,1,4060.26,374671,102571.0,135012.0,4100.0,4110.0,4036.6,4092.6,22495200,4501.8,3683.4,4440.0,3288.1,4045.4,13,1,4045.3,33,2,4045.2,64,3,4045.1,79,7,4045.0,103,6,4046.3,78,1,4046.8,4,3,4046.9,44,2,4047.0,11,2,4047.3,13,1
11483,2026-07-02 10:01:23+05:30,4046.3,1,4060.25,374872,102209.0,135343.0,4100.0,4110.0,4036.6,4092.6,22495200,4501.8,3683.4,4440.0,3288.1,4045.0,89,5,4044.9,7,1,4044.8,30,2,4044.7,6,1,4044.6,57,2,4046.3,118,6,4046.5,18,1,4046.6,10,1,4046.7,20,2,4046.8,20,4
11483,2026-07-02 10:01:23+05:30,4046.2,3,4060.25,374872,102209.0,135343.0,4100.0,4110.0,4036.6,4092.6,22495200,4501.8,3683.4,4440.0,3288.1,4045.0,89,5,4044.9,7,1,4044.8,30,2,4044.7,6,1,4044.6,57,2,4046.3,118,6,4046.5,18,1,4046.6,10,1,4046.7,20,2,4046.8,20,4
11483,2026-07-02 10:01:23+05:30,4046.2,3,4060.25,374922,102262.0,135306.0,4100.0,4110.0,4036.6,4092.6,22495200,4501.8,3683.4,4440.0,3288.1,4045.0,89,5,4044.9,7,1,4044.8,6,1,4044.7,25,2,4044.6,57,2,4046.2,15,1,4046.3,93,4,4046.5,13,1,4046.6,28,1,4046.7,14,2
11483,2026-07-02 10:01:24+05:30,4046.2,5,4060.25,374922,102262.0,135306.0,4100.0,4110.0,4036.6,4092.6,22495200,4501.8,3683.4,4440.0,3288.1,4045.0,89,5,4044.9,7,1,4044.8,6,1,4044.7,25,2,4044.6,57,2,4046.2,15,1,4046.3,93,4,4046.5,13,1,4046.6,28,1,4046.7,14,2
11483,2026-07-02 10:01:25+05:30,4046.2,11,4060.25,374987,102237.0,135460.0,4100.0,4110.0,4036.6,4092.6,22495200,4501.8,3683.4,4440.0,3288.1,4045.0,89,5,4044.9,7,1,4044.8,6,1,4044.7,6,1,4044.5,27,2,4046.2,12,5,4046.3,81,3,4046.4,8,1,4046.5,41,2,4046.7,14,2
11483,2026-07-02 10:01:25+05:30,4046.2,1,4060.25,374987,102237.0,135460.0,4100.0,4110.0,4036.6,4092.6,22495200,4501.8,3683.4,4440.0,3288.1,4045.0,89,5,4044.9,7,1,4044.8,6,1,4044.7,6,1,4044.5,27,2,4046.2,12,5,4046.3,81,3,4046.4,8,1,4046.5,41,2,4046.7,14,2
11483,2026-07-02 10:01:26+05:30,4046.2,5,4060.25,375021,102288.0,135534.0,4100.0,4110.0,4036.6,4092.6,22495200,4501.8,3683.4,4440.0,3288.1,4045.0,89,5,4044.9,7,1,4044.8,6,1,4044.7,6,1,4044.6,49,1,4046.2,52,9,4046.3,81,3,4046.4,8,1,4046.5,41,2,4046.7,14,2
11483,2026-07-02 10:01:26+05:30,4046.2,1,4060.25,375021,102288.0,135534.0,4100.0,4110.0,4036.6,4092.6,22495200,4501.8,3683.4,4440.0,3288.1,4045.0,89,5,4044.9,7,1,4044.8,6,1,4044.7,6,1,4044.6,49,1,4046.2,52,9,4046.3,81,3,4046.4,8,1,4046.5,41,2,4046.7,14,2
11483,2026-07-02 10:01:27+05:30,4045.0,11,4060.24,375082,102273.0,136437.0,4100.0,4110.0,4036.6,4092.6,22495200,4501.8,3683.4,4440.0,3288.1,4045.0,58,6,4044.6,49,1,4044.3,2,1,4044.2,19,1,4044.0,12,1,4046.0,29,4,4046.1,24,3,4046.2,33,11,4046.3,119,6,4046.4,22,2
11483,2026-07-02 10:01:27+05:30,4045.0,2,4060.24,375082,102273.0,136437.0,4100.0,4110.0,4036.6,4092.6,22495200,4501.8,3683.4,4440.0,3288.1,4045.0,58,6,4044.6,49,1,4044.3,2,1,4044.2,19,1,4044.0,12,1,4046.0,29,4,4046.1,24,3,4046.2,33,11,4046.3,119,6,4046.4,22,2
11483,2026-07-02 10:01:28+05:30,4046.1,5,4060.24,375187,102252.0,136836.0,4100.0,4110.0,4036.6,4092.6,22495200,4501.8,3683.4,4440.0,3288.1,4045.0,24,3,4044.6,49,1,4044.3,2,1,4044.2,19,1,4044.0,12,1,4046.1,44,6,4046.2,23,10,4046.3,87,2,4046.4,22,2,4046.5,72,4
11483,2026-07-02 10:01:28+05:30,4046.1,1,4060.24,375187,102252.0,136836.0,4100.0,4110.0,4036.6,4092.6,22495200,4501.8,3683.4,4440.0,3288.1,4045.0,24,3,4044.6,49,1,4044.3,2,1,4044.2,19,1,4044.0,12,1,4046.1,44,6,4046.2,23,10,4046.3,87,2,4046.4,22,2,4046.5,72,4
11483,2026-07-02 10:01:29+05:30,4046.1,2,4060.24,375197,102513.0,136220.0,4100.0,4110.0,4036.6,4092.6,22495200,4501.8,3683.4,4440.0,3288.1,4045.0,20,3,4044.6,71,2,4044.3,35,3,4044.2,41,2,4044.1,175,1,4046.1,11,3,4046.2,22,9,4046.3,87,2,4046.4,14,1,4046.5,44,3
11483,2026-07-02 10:01:29+05:30,4045.0,1,4060.24,375197,102513.0,136220.0,4100.0,4110.0,4036.6,4092.6,22495200,4501.8,3683.4,4440.0,3288.1,4045.0,20,3,4044.6,71,2,4044.3,35,3,4044.2,41,2,4044.1,175,1,4046.1,11,3,4046.2,22,9,4046.3,87,2,4046.4,14,1,4046.5,44,3
11483,2026-07-02 10:01:30+05:30,4046.1,1,4060.24,375215,102618.0,136622.0,4100.0,4110.0,4036.6,4092.6,22495200,4501.8,3683.4,4440.0,3288.1,4045.0,12,3,4044.6,71,2,4044.3,35,3,4044.2,41,2,4044.1,175,1,4046.1,18,6,4046.2,45,8,4046.3,87,2,4046.4,22,2,4046.5,51,3
11483,2026-07-02 10:01:30+05:30,4046.1,1,4060.24,375215,102618.0,136622.0,4100.0,4110.0,4036.6,4092.6,22495200,4501.8,3683.4,4440.0,3288.1,4045.0,12,3,4044.6,71,2,4044.3,35,3,4044.2,41,2,4044.1,175,1,4046.1,18,6,4046.2,45,8,4046.3,87,2,4046.4,22,2,4046.5,51,3
11483,2026-07-02 10:01:31+05:30,4044.6,37,4060.24,375270,102392.0,136643.0,4100.0,4110.0,4036.6,4092.6,22495200,4501.8,3683.4,4440.0,3288.1,4044.6,15,2,4044.4,51,2,4044.3,53,3,4044.2,41,2,4044.1,175,1,4046.1,139,6,4046.2,42,5,4046.3,112,3,4046.4,22,2,4046.5,26,2
11483,2026-07-02 10:01:31+05:30,4044.6,7,4060.24,375270,102392.0,136643.0,4100.0,4110.0,4036.6,4092.6,22495200,4501.8,3683.4,4440.0,3288.1,4044.6,15,2,4044.4,51,2,4044.3,53,3,4044.2,41,2,4044.1,175,1,4046.1,139,6,4046.2,42,5,4046.3,112,3,4046.4,22,2,4046.5,26,2
11483,2026-07-02 10:01:32+05:30,4046.0,5,4060.24,375290,102425.0,136476.0,4100.0,4110.0,4036.6,4092.6,22495200,4501.8,3683.4,4440.0,3288.1,4044.6,4,2,4044.4,69,3,4044.3,35,2,4044.2,41,2,4044.1,175,1,4046.0,128,2,4046.1,4,3,4046.2,67,6,4046.3,87,2,4046.4,22,2
11483,2026-07-02 10:01:32+05:30,4046.0,5,4060.24,375290,102425.0,136476.0,4100.0,4110.0,4036.6,4092.6,22495200,4501.8,3683.4,4440.0,3288.1,4044.6,4,2,4044.4,69,3,4044.3,35,2,4044.2,41,2,4044.1,175,1,4046.0,128,2,4046.1,4,3,4046.2,67,6,4046.3,87,2,4046.4,22,2
11483,2026-07-02 10:01:33+05:30,4044.6,3,4060.24,375290,102425.0,136476.0,4100.0,4110.0,4036.6,4092.6,22495200,4501.8,3683.4,4440.0,3288.1,4044.6,4,2,4044.4,69,3,4044.3,35,2,4044.2,41,2,4044.1,175,1,4046.0,128,2,4046.1,4,3,4046.2,67,6,4046.3,87,2,4046.4,22,2
11483,2026-07-02 10:01:33+05:30,4044.6,3,4060.24,375311,101934.0,136786.0,4100.0,4110.0,4036.6,4092.6,22495200,4501.8,3683.4,4440.0,3288.1,4044.4,25,1,4044.3,54,3,4044.2,58,3,4044.1,175,1,4044.0,236,5,4045.9,105,1,4046.0,6,2,4046.1,1,1,4046.2,32,4,4046.3,87,2
11483,2026-07-02 10:01:34+05:30,4044.6,5,4060.24,375311,101934.0,136786.0,4100.0,4110.0,4036.6,4092.6,22495200,4501.8,3683.4,4440.0,3288.1,4044.4,25,1,4044.3,54,3,4044.2,58,3,4044.1,175,1,4044.0,236,5,4045.9,105,1,4046.0,6,2,4046.1,1,1,4046.2,32,4,4046.3,87,2
11483,2026-07-02 10:01:34+05:30,4044.6,5,4060.23,375334,101853.0,136769.0,4100.0,4110.0,4036.6,4092.6,22495200,4501.8,3683.4,4440.0,3288.1,4044.3,3,2,4044.2,24,1,4044.1,175,1,4044.0,224,4,4043.8,60,4,4044.6,88,5,4046.0,16,4,4046.1,13,2,4046.2,20,3,4046.3,87,2
11483,2026-07-02 10:01:35+05:30,4044.6,2,4060.23,375334,101853.0,136769.0,4100.0,4110.0,4036.6,4092.6,22495200,4501.8,3683.4,4440.0,3288.1,4044.3,3,2,4044.2,24,1,4044.1,175,1,4044.0,224,4,4043.8,60,4,4044.6,88,5,4046.0,16,4,4046.1,13,2,4046.2,20,3,4046.3,87,2
11483,2026-07-02 10:01:35+05:30,4044.6,2,4060.23,375340,101775.0,136887.0,4100.0,4110.0,4036.6,4092.6,22495200,4501.8,3683.4,4440.0,3288.1,4044.3,1,1,4044.1,175,1,4044.0,224,4,4043.8,31,2,4043.7,3,1,4044.6,84,5,4045.0,20,1,4046.0,28,5,4046.1,12,1,4046.2,20,3
11483,2026-07-02 10:01:36+05:30,4044.6,4,4060.23,375340,101775.0,136887.0,4100.0,4110.0,4036.6,4092.6,22495200,4501.8,3683.4,4440.0,3288.1,4044.3,1,1,4044.1,175,1,4044.0,224,4,4043.8,31,2,4043.7,3,1,4044.6,84,5,4045.0,20,1,4046.0,28,5,4046.1,12,1,4046.2,20,3
11483,2026-07-02 10:01:36+05:30,4044.6,4,4060.23,375344,101752.0,136932.0,4100.0,4110.0,4036.6,4092.6,22495200,4501.8,3683.4,4440.0,3288.1,4044.3,1,1,4044.1,175,1,4044.0,224,4,4043.8,22,1,4043.6,33,3,4044.6,95,8,4045.0,20,1,4045.6,12,1,4045.8,25,1,4045.9,16,1
11483,2026-07-02 10:01:37+05:30,4044.3,1,4060.23,375344,101752.0,136932.0,4100.0,4110.0,4036.6,4092.6,22495200,4501.8,3683.4,4440.0,3288.1,4044.3,1,1,4044.1,175,1,4044.0,224,4,4043.8,22,1,4043.6,33,3,4044.6,95,8,4045.0,20,1,4045.6,12,1,4045.8,25,1,4045.9,16,1
11483,2026-07-02 10:01:38+05:30,4044.3,1,4060.23,375361,101746.0,137006.0,4100.0,4110.0,4036.6,4092.6,22495200,4501.8,3683.4,4440.0,3288.1,4044.1,175,1,4044.0,224,4,4043.6,23,2,4043.5,12,1,4043.4,90,4,4044.6,66,7,4045.0,20,1,4045.6,12,1,4045.8,25,1,4045.9,21,2
11483,2026-07-02 10:01:38+05:30,4044.1,1,4060.23,375361,101746.0,137006.0,4100.0,4110.0,4036.6,4092.6,22495200,4501.8,3683.4,4440.0,3288.1,4044.1,175,1,4044.0,224,4,4043.6,23,2,4043.5,12,1,4043.4,90,4,4044.6,66,7,4045.0,20,1,4045.6,12,1,4045.8,25,1,4045.9,21,2
11483,2026-07-02 10:01:39+05:30,4044.1,2,4060.23,375371,101462.0,137045.0,4100.0,4110.0,4036.6,4092.6,22495200,4501.8,3683.4,4440.0,3288.1,4044.1,167,1,4044.0,217,4,4043.6,20,1,4043.4,90,4,4043.3,29,2,4044.3,66,4,4044.6,2,2,4045.0,20,1,4045.6,37,2,4045.9,21,2
11483,2026-07-02 10:01:39+05:30,4044.1,1,4060.23,375371,101462.0,137045.0,4100.0,4110.0,4036.6,4092.6,22495200,4501.8,3683.4,4440.0,3288.1,4044.1,167,1,4044.0,217,4,4043.6,20,1,4043.4,90,4,4043.3,29,2,4044.3,66,4,4044.6,2,2,4045.0,20,1,4045.6,37,2,4045.9,21,2
11483,2026-07-02 10:01:40+05:30,4044.1,1,4060.23,375422,101467.0,137032.0,4100.0,4110.0,4036.6,4092.6,22495200,4501.8,3683.4,4440.0,3288.1,4044.1,139,1,4044.0,217,4,4043.6,20,1,4043.5,3,1,4043.4,90,4,4044.3,43,4,4044.6,2,2,4045.0,20,1,4045.6,37,2,4045.9,21,2
11483,2026-07-02 10:01:40+05:30,4044.3,10,4060.23,375422,101467.0,137032.0,4100.0,4110.0,4036.6,4092.6,22495200,4501.8,3683.4,4440.0,3288.1,4044.1,139,1,4044.0,217,4,4043.6,20,1,4043.5,3,1,4043.4,90,4,4044.3,43,4,4044.6,2,2,4045.0,20,1,4045.6,37,2,4045.9,21,2
11483,2026-07-02 10:01:41+05:30,4044.1,1,4060.23,375466,101430.0,137042.0,4100.0,4110.0,4036.6,4092.6,22495200,4501.8,3683.4,4440.0,3288.1,4044.1,130,1,4044.0,230,5,4043.7,8,1,4043.6,20,1,4043.5,3,1,4044.3,10,6,4044.6,3,1,4045.0,20,1,4045.6,37,2,4045.9,21,2
11483,2026-07-02 10:01:41+05:30,4044.3,1,4060.23,375466,101430.0,137042.0,4100.0,4110.0,4036.6,4092.6,22495200,4501.8,3683.4,4440.0,3288.1,4044.1,130,1,4044.0,230,5,4043.7,8,1,4043.6,20,1,4043.5,3,1,4044.3,10,6,4044.6,3,1,4045.0,20,1,4045.6,37,2,4045.9,21,2
11483,2026-07-02 10:01:42+05:30,4044.6,2,4060.23,375492,101543.0,136474.0,4100.0,4110.0,4036.6,4092.6,22495200,4501.8,3683.4,4440.0,3288.1,4044.6,187,1,4044.1,127,1,4044.0,35,5,4043.7,25,2,4043.6,20,1,4045.0,33,3,4045.6,25,1,4045.9,40,3,4046.0,10,2,4046.1,27,3
11483,2026-07-02 10:01:42+05:30,4044.6,1,4060.23,375492,101543.0,136474.0,4100.0,4110.0,4036.6,4092.6,22495200,4501.8,3683.4,4440.0,3288.1,4044.6,187,1,4044.1,127,1,4044.0,35,5,4043.7,25,2,4043.6,20,1,4045.0,33,3,4045.6,25,1,4045.9,40,3,4046.0,10,2,4046.1,27,3
11483,2026-07-02 10:01:43+05:30,4045.0,4,4060.23,375507,101353.0,136508.0,4100.0,4110.0,4036.6,4092.6,22495200,4501.8,3683.4,4440.0,3288.1,4044.6,195,2,4044.1,127,1,4044.0,35,5,4043.7,25,2,4043.6,20,1,4045.0,19,4,4045.6,25,1,4045.7,12,1,4045.9,16,1,4046.0,10,2
11483,2026-07-02 10:01:43+05:30,4045.0,1,4060.23,375507,101353.0,136508.0,4100.0,4110.0,4036.6,4092.6,22495200,4501.8,3683.4,4440.0,3288.1,4044.6,195,2,4044.1,127,1,4044.0,35,5,4043.7,25,2,4043.6,20,1,4045.0,19,4,4045.6,25,1,4045.7,12,1,4045.9,16,1,4046.0,10,2
11483,2026-07-02 10:01:44+05:30,4045.6,1,4060.23,375534,101761.0,136494.0,4100.0,4110.0,4036.6,4092.6,22495200,4501.8,3683.4,4440.0,3288.1,4044.6,295,3,4044.1,150,2,4044.0,54,7,4043.7,25,2,4043.6,32,2,4045.5,17,1,4045.6,42,4,4045.7,10,1,4046.0,18,2,4046.1,27,3
11483,2026-07-02 10:01:44+05:30,4045.6,1,4060.23,375534,101761.0,136494.0,4100.0,4110.0,4036.6,4092.6,22495200,4501.8,3683.4,4440.0,3288.1,4044.6,295,3,4044.1,150,2,4044.0,54,7,4043.7,25,2,4043.6,32,2,4045.5,17,1,4045.6,42,4,4045.7,10,1,4046.0,18,2,4046.1,27,3
11483,2026-07-02 10:01:45+05:30,4044.6,95,4060.23,375534,101761.0,136494.0,4100.0,4110.0,4036.6,4092.6,22495200,4501.8,3683.4,4440.0,3288.1,4044.6,295,3,4044.1,150,2,4044.0,54,7,4043.7,25,2,4043.6,32,2,4045.5,17,1,4045.6,42,4,4045.7,10,1,4046.0,18,2,4046.1,27,3
11483,2026-07-02 10:01:45+05:30,4044.3,3,4060.21,375841,101354.0,136927.0,4100.0,4110.0,4036.6,4092.6,22495200,4501.8,3683.4,4440.0,3288.1,4044.1,132,2,4044.0,50,7,4043.6,20,1,4043.4,34,2,4043.3,29,2,4044.3,80,1,4044.6,6,2,4045.4,17,1,4045.5,24,3,4045.6,35,4
11483,2026-07-02 10:01:46+05:30,4044.3,5,4060.21,375853,101364.0,136954.0,4100.0,4110.0,4036.6,4092.6,22495200,4501.8,3683.4,4440.0,3288.1,4044.1,132,2,4044.0,50,7,4043.6,20,1,4043.4,34,2,4043.3,29,2,4044.3,68,1,4044.6,6,2,4045.4,17,1,4045.5,24,3,4045.6,35,4
11483,2026-07-02 10:01:46+05:30,4044.3,5,4060.21,375853,101364.0,136954.0,4100.0,4110.0,4036.6,4092.6,22495200,4501.8,3683.4,4440.0,3288.1,4044.1,132,2,4044.0,50,7,4043.6,20,1,4043.4,34,2,4043.3,29,2,4044.3,68,1,4044.6,6,2,4045.4,17,1,4045.5,24,3,4045.6,35,4
11483,2026-07-02 10:01:47+05:30,4043.7,1,4060.21,375853,101364.0,136954.0,4100.0,4110.0,4036.6,4092.6,22495200,4501.8,3683.4,4440.0,3288.1,4044.1,132,2,4044.0,50,7,4043.6,20,1,4043.4,34,2,4043.3,29,2,4044.3,68,1,4044.6,6,2,4045.4,17,1,4045.5,24,3,4045.6,35,4
11483,2026-07-02 10:01:47+05:30,4043.7,1,4060.21,376024,99885.0,138514.0,4100.0,4110.0,4036.6,4092.6,22495200,4501.8,3683.4,4440.0,3288.1,4043.0,2,1,4042.8,19,2,4042.7,45,2,4042.2,11,1,4042.1,13,1,4043.7,36,5,4043.8,3,1,4043.9,16,3,4044.0,37,4,4044.1,12,2
11483,2026-07-02 10:01:48+05:30,4042.8,1,4060.21,376024,99885.0,138514.0,4100.0,4110.0,4036.6,4092.6,22495200,4501.8,3683.4,4440.0,3288.1,4043.0,2,1,4042.8,19,2,4042.7,45,2,4042.2,11,1,4042.1,13,1,4043.7,36,5,4043.8,3,1,4043.9,16,3,4044.0,37,4,4044.1,12,2
11483,2026-07-02 10:01:48+05:30,4042.8,1,4060.2,376170,99486.0,136893.0,4100.0,4110.0,4036.6,4092.6,22495200,4501.8,3683.4,4440.0,3288.1,4042.8,11,1,4042.7,45,2,4042.3,17,2,4042.2,17,2,4042.1,48,3,4044.0,5,1,4044.2,17,1,4044.3,70,3,4044.5,51,2,4044.6,6,2
11483,2026-07-02 10:01:49+05:30,4042.8,3,4060.2,376170,99486.0,136893.0,4100.0,4110.0,4036.6,4092.6,22495200,4501.8,3683.4,4440.0,3288.1,4042.8,11,1,4042.7,45,2,4042.3,17,2,4042.2,17,2,4042.1,48,3,4044.0,5,1,4044.2,17,1,4044.3,70,3,4044.5,51,2,4044.6,6,2
11483,2026-07-02 10:01:50+05:30,4044.2,20,4060.2,376235,99381.0,137038.0,4100.0,4110.0,4036.6,4092.6,22495200,4501.8,3683.4,4440.0,3288.1,4042.8,2,1,4042.7,45,2,4042.3,17,1,4042.2,57,3,4042.1,13,1,4044.2,34,6,4044.3,103,5,4044.4,5,1,4044.5,12,1,4044.6,6,2
11483,2026-07-02 10:01:50+05:30,4042.8,2,4060.2,376235,99381.0,137038.0,4100.0,4110.0,4036.6,4092.6,22495200,4501.8,3683.4,4440.0,3288.1,4042.8,2,1,4042.7,45,2,4042.3,17,1,4042.2,57,3,4042.1,13,1,4044.2,34,6,4044.3,103,5,4044.4,5,1,4044.5,12,1,4044.6,6,2
11483,2026-07-02 10:01:51+05:30,4042.8,2,4060.2,376239,99397.0,137552.0,4100.0,4110.0,4036.6,4092.6,22495200,4501.8,3683.4,4440.0,3288.1,4042.7,45,2,4042.2,11,1,4042.0,5,2,4041.9,22,1,4041.7,38,1,4042.8,7,3,4044.0,29,3,4044.1,25,2,4044.2,52,6,4044.3,103,5
11483,2026-07-02 10:01:51+05:30,4042.7,2,4060.2,376239,99397.0,137552.0,4100.0,4110.0,4036.6,4092.6,22495200,4501.8,3683.4,4440.0,3288.1,4042.7,45,2,4042.2,11,1,4042.0,5,2,4041.9,22,1,4041.7,38,1,4042.8,7,3,4044.0,29,3,4044.1,25,2,4044.2,52,6,4044.3,103,5
11483,2026-07-02 10:01:52+05:30,4042.8,1,4060.2,376243,99389.0,137437.0,4100.0,4110.0,4036.6,4092.6,22495200,4501.8,3683.4,4440.0,3288.1,4042.7,42,2,4042.2,11,1,4042.0,5,2,4041.9,22,1,4041.7,38,1,4042.8,7,4,4044.0,29,3,4044.1,25,2,4044.2,20,5,4044.3,101,3
11483,2026-07-02 10:01:52+05:30,4042.8,1,4060.2,376243,99389.0,137437.0,4100.0,4110.0,4036.6,4092.6,22495200,4501.8,3683.4,4440.0,3288.1,4042.7,42,2,4042.2,11,1,4042.0,5,2,4041.9,22,1,4041.7,38,1,4042.8,7,4,4044.0,29,3,4044.1,25,2,4044.2,20,5,4044.3,101,3
11483,2026-07-02 10:01:53+05:30,4042.8,1,4060.2,376243,99876.0,137654.0,4100.0,4110.0,4036.6,4092.6,22495200,4501.8,3683.4,4440.0,3288.1,4042.7,42,2,4042.2,11,1,4042.0,5,2,4041.9,22,1,4041.6,37,2,4042.8,7,4,4043.8,12,1,4043.9,64,3,4044.0,63,5,4044.1,52,3
11483,2026-07-02 10:01:54+05:30,4042.8,1,4060.2,376257,99928.0,137852.0,4100.0,4110.0,4036.6,4092.6,22495200,4501.8,3683.4,4440.0,3288.1,4042.7,66,3,4042.2,11,1,4042.0,6,3,4041.6,19,1,4041.5,67,4,4042.8,6,3,4043.8,12,1,4043.9,64,3,4044.0,61,5,4044.1,52,3
11483,2026-07-02 10:01:54+05:30,4042.8,1,4060.2,376257,99928.0,137852.0,4100.0,4110.0,4036.6,4092.6,22495200,4501.8,3683.4,4440.0,3288.1,4042.7,66,3,4042.2,11,1,4042.0,6,3,4041.6,19,1,4041.5,67,4,4042.8,6,3,4043.8,12,1,4043.9,64,3,4044.0,61,5,4044.1,52,3
11483,2026-07-02 10:01:55+05:30,4042.7,1,4060.19,376267,99991.0,137842.0,4100.0,4110.0,4036.6,4092.6,22495200,4501.8,3683.4,4440.0,3288.1,4042.7,56,3,4042.2,11,1,4042.0,7,4,4041.6,80,2,4041.5,67,4,4042.8,6,3,4043.8,12,1,4043.9,64,3,4044.0,61,5,4044.1,52,3
11483,2026-07-02 10:01:55+05:30,4042.7,18,4060.19,376267,99991.0,137842.0,4100.0,4110.0,4036.6,4092.6,22495200,4501.8,3683.4,4440.0,3288.1,4042.7,56,3,4042.2,11,1,4042.0,7,4,4041.6,80,2,4041.5,67,4,4042.8,6,3,4043.8,12,1,4043.9,64,3,4044.0,61,5,4044.1,52,3
11483,2026-07-02 10:01:56+05:30,4042.8,1,4060.19,376299,100041.0,137858.0,4100.0,4110.0,4036.6,4092.6,22495200,4501.8,3683.4,4440.0,3288.1,4042.7,34,3,4042.2,11,1,4042.0,7,4,4041.6,19,1,4041.5,41,3,4042.8,2,2,4043.8,12,1,4043.9,64,3,4044.0,64,6,4044.1,52,3
11483,2026-07-02 10:01:56+05:30,4042.8,1,4060.19,376299,100041.0,137858.0,4100.0,4110.0,4036.6,4092.6,22495200,4501.8,3683.4,4440.0,3288.1,4042.7,34,3,4042.2,11,1,4042.0,7,4,4041.6,19,1,4041.5,41,3,4042.8,2,2,4043.8,12,1,4043.9,64,3,4044.0,64,6,4044.1,52,3
11483,2026-07-02 10:01:57+05:30,4042.0,1,4060.18,376482,98988.0,139018.0,4100.0,4110.0,4036.6,4092.6,22495200,4501.8,3683.4,4440.0,3288.1,4041.0,1,1,4040.5,21,2,4040.4,20,1,4040.3,12,1,4040.2,48,2,4041.9,16,1,4042.0,17,4,4042.3,5,1,4042.4,5,1,4042.5,52,3
11483,2026-07-02 10:01:57+05:30,4042.0,1,4060.18,376482,98988.0,139018.0,4100.0,4110.0,4036.6,4092.6,22495200,4501.8,3683.4,4440.0,3288.1,4041.0,1,1,4040.5,21,2,4040.4,20,1,4040.3,12,1,4040.2,48,2,4041.9,16,1,4042.0,17,4,4042.3,5,1,4042.4,5,1,4042.5,52,3
11483,2026-07-02 10:01:58+05:30,4041.9,8,4060.18,376491,99176.0,139106.0,4100.0,4110.0,4036.6,4092.6,22495200,4501.8,3683.4,4440.0,3288.1,4041.0,1,1,4040.5,21,2,4040.4,20,1,4040.3,34,2,4040.2,48,2,4041.9,8,2,4042.0,31,5,4042.3,5,1,4042.4,5,1,4042.5,52,3
11483,2026-07-02 10:01:58+05:30,4041.9,8,4060.18,376491,99176.0,139106.0,4100.0,4110.0,4036.6,4092.6,22495200,4501.8,3683.4,4440.0,3288.1,4041.0,1,1,4040.5,21,2,4040.4,20,1,4040.3,34,2,4040.2,48,2,4041.9,8,2,4042.0,31,5,4042.3,5,1,4042.4,5,1,4042.5,52,3
11483,2026-07-02 10:01:59+05:30,4040.5,1,4060.18,376491,99176.0,139106.0,4100.0,4110.0,4036.6,4092.6,22495200,4501.8,3683.4,4440.0,3288.1,4041.0,1,1,4040.5,21,2,4040.4,20,1,4040.3,34,2,4040.2,48,2,4041.9,8,2,4042.0,31,5,4042.3,5,1,4042.4,5,1,4042.5,52,3
11483,2026-07-02 10:01:59+05:30,4040.5,1,4060.18,376493,99373.0,138789.0,4100.0,4110.0,4036.6,4092.6,22495200,4501.8,3683.4,4440.0,3288.1,4041.0,47,5,4040.9,12,2,4040.8,58,4,4040.7,57,5,4040.6,48,4,4041.9,1,1,4042.0,4,2,4042.7,60,1,4042.8,6,2,4042.9,5,1
11483,2026-07-02 10:02:00+05:30,4042.0,1,4060.18,376493,99373.0,138789.0,4100.0,4110.0,4036.6,4092.6,22495200,4501.8,3683.4,4440.0,3288.1,4041.0,47,5,4040.9,12,2,4040.8,58,4,4040.7,57,5,4040.6,48,4,4041.9,1,1,4042.0,4,2,4042.7,60,1,4042.8,6,2,4042.9,5,1
11483,2026-07-02 10:02:00+05:30,4042.0,2,4060.18,376505,99632.0,138288.0,4100.0,4110.0,4036.6,4092.6,22495200,4501.8,3683.4,4440.0,3288.1,4041.7,39,4,4041.6,12,2,4041.5,19,3,4041.4,12,2,4041.3,33,4,4042.0,2,2,4042.8,6,2,4043.2,7,1,4043.4,5,1,4043.7,18,2
11483,2026-07-02 10:02:01+05:30,4042.0,1,4060.18,376505,99632.0,138288.0,4100.0,4110.0,4036.6,4092.6,22495200,4501.8,3683.4,4440.0,3288.1,4041.7,39,4,4041.6,12,2,4041.5,19,3,4041.4,12,2,4041.3,33,4,4042.0,2,2,4042.8,6,2,4043.2,7,1,4043.4,5,1,4043.7,18,2
11483,2026-07-02 10:02:02+05:30,4042.0,1,4060.18,376508,99433.0,138422.0,4100.0,4110.0,4036.6,4092.6,22495200,4501.8,3683.4,4440.0,3288.1,4041.4,3,1,4041.3,49,5,4041.2,33,3,4041.1,24,3,4041.0,44,5,4042.0,6,4,4042.8,5,1,4043.2,7,1,4043.4,5,1,4043.7,24,3
11483,2026-07-02 10:02:02+05:30,4041.4,1,4060.18,376508,99433.0,138422.0,4100.0,4110.0,4036.6,4092.6,22495200,4501.8,3683.4,4440.0,3288.1,4041.4,3,1,4041.3,49,5,4041.2,33,3,4041.1,24,3,4041.0,44,5,4042.0,6,4,4042.8,5,1,4043.2,7,1,4043.4,5,1,4043.7,24,3
11483,2026-07-02 10:02:03+05:30,4042.0,1,4060.18,376528,100803.0,136868.0,4100.0,4110.0,4036.6,4092.6,22495200,4501.8,3683.4,4440.0,3288.1,4042.1,1,1,4041.8,91,4,4041.7,56,6,4041.6,16,3,4041.5,47,7,4042.8,5,1,4044.0,72,2,4044.2,26,4,4044.3,80,2,4044.4,5,1
11483,2026-07-02 10:02:03+05:30,4042.8,1,4060.18,376528,100803.0,136868.0,4100.0,4110.0,4036.6,4092.6,22495200,4501.8,3683.4,4440.0,3288.1,4042.1,1,1,4041.8,91,4,4041.7,56,6,4041.6,16,3,4041.5,47,7,4042.8,5,1,4044.0,72,2,4044.2,26,4,4044.3,80,2,4044.4,5,1
11483,2026-07-02 10:02:04+05:30,4042.8,1,4060.18,376531,100754.0,136949.0,4100.0,4110.0,4036.6,4092.6,22495200,4501.8,3683.4,4440.0,3288.1,4042.1,15,1,4042.0,24,5,4041.9,45,5,4041.8,34,2,4041.7,40,5,4042.8,4,1,4044.0,92,3,4044.1,5,1,4044.2,8,2,4044.3,80,2
11483,2026-07-02 10:02:05+05:30,4042.8,1,4060.18,376531,100779.0,137860.0,4100.0,4110.0,4036.6,4092.6,22495200,4501.8,3683.4,4440.0,3288.1,4042.1,15,1,4042.0,22,5,4041.9,45,5,4041.8,13,1,4041.7,40,5,4042.8,4,1,4044.0,92,3,4044.1,5,1,4044.2,8,2,4044.3,80,2
11483,2026-07-02 10:02:05+05:30,4042.1,3,4060.18,376531,100779.0,137860.0,4100.0,4110.0,4036.6,4092.6,22495200,4501.8,3683.4,4440.0,3288.1,4042.1,15,1,4042.0,22,5,4041.9,45,5,4041.8,13,1,4041.7,40,5,4042.8,4,1,4044.0,92,3,4044.1,5,1,4044.2,8,2,4044.3,80,2
11483,2026-07-02 10:02:06+05:30,4041.9,8,4060.18,376595,100498.0,138401.0,4100.0,4110.0,4036.6,4092.6,22495200,4501.8,3683.4,4440.0,3288.1,4041.9,10,1,4041.7,3,1,4041.6,15,2,4041.5,23,3,4041.4,9,2,4042.8,1,1,4043.7,7,1,4043.8,47,2,4043.9,52,4,4044.0,92,3
11483,2026-07-02 10:02:06+05:30,4042.8,1,4060.18,376595,100498.0,138401.0,4100.0,4110.0,4036.6,4092.6,22495200,4501.8,3683.4,4440.0,3288.1,4041.9,10,1,4041.7,3,1,4041.6,15,2,4041.5,23,3,4041.4,9,2,4042.8,1,1,4043.7,7,1,4043.8,47,2,4043.9,52,4,4044.0,92,3
11483,2026-07-02 10:02:07+05:30,4042.0,27,4060.17,376773,101019.0,138125.0,4100.0,4110.0,4036.6,4092.6,22495200,4501.8,3683.4,4440.0,3288.1,4042.0,33,3,4041.9,2,1,4041.8,65,2,4041.7,37,1,4041.6,68,3,4043.6,8,1,4043.7,5,1,4043.8,8,1,4043.9,18,2,4044.0,13,2
11483,2026-07-02 10:02:07+05:30,4042.0,2,4060.17,376773,101019.0,138125.0,4100.0,4110.0,4036.6,4092.6,22495200,4501.8,3683.4,4440.0,3288.1,4042.0,33,3,4041.9,2,1,4041.8,65,2,4041.7,37,1,4041.6,68,3,4043.6,8,1,4043.7,5,1,4043.8,8,1,4043.9,18,2,4044.0,13,2
11483,2026-07-02 10:02:08+05:30,4043.7,1,4060.17,376803,101366.0,138191.0,4100.0,4110.0,4036.6,4092.6,22495200,4501.8,3683.4,4440.0,3288.1,4042.7,21,1,4042.5,200,1,4042.1,27,2,4042.0,30,3,4041.9,19,2,4043.7,4,1,4043.9,6,1,4044.0,13,2,4044.1,5,1,4044.2,50,5
11483,2026-07-02 10:02:08+05:30,4042.5,79,4060.17,376803,101366.0,138191.0,4100.0,4110.0,4036.6,4092.6,22495200,4501.8,3683.4,4440.0,3288.1,4042.7,21,1,4042.5,200,1,4042.1,27,2,4042.0,30,3,4041.9,19,2,4043.7,4,1,4043.9,6,1,4044.0,13,2,4044.1,5,1,4044.2,50,5
11483,2026-07-02 10:02:09+05:30,4042.5,4,4060.16,376950,101024.0,138155.0,4100.0,4110.0,4036.6,4092.6,22495200,4501.8,3683.4,4440.0,3288.1,4042.5,100,1,4042.0,8,1,4041.9,2,1,4041.8,13,1,4041.6,14,2,4043.7,13,1,4043.8,34,3,4043.9,70,2,4044.0,47,7,4044.1,56,4
11483,2026-07-02 10:02:09+05:30,4042.5,4,4060.16,376950,101024.0,138155.0,4100.0,4110.0,4036.6,4092.6,22495200,4501.8,3683.4,4440.0,3288.1,4042.5,100,1,4042.0,8,1,4041.9,2,1,4041.8,13,1,4041.6,14,2,4043.7,13,1,4043.8,34,3,4043.9,70,2,4044.0,47,7,4044.1,56,4
11483,2026-07-02 10:02:10+05:30,4042.5,4,4060.16,376955,101253.0,138224.0,4100.0,4110.0,4036.6,4092.6,22495200,4501.8,3683.4,4440.0,3288.1,4042.8,50,1,4042.5,95,1,4042.0,28,3,4041.9,2,1,4041.8,13,1,4043.7,18,2,4043.9,14,1,4044.0,73,7,4044.1,15,2,4044.2,11,2
11483,2026-07-02 10:02:11+05:30,4042.8,1,4060.16,376955,101253.0,138224.0,4100.0,4110.0,4036.6,4092.6,22495200,4501.8,3683.4,4440.0,3288.1,4042.8,48,1,4042.5,95,1,4042.0,28,3,4041.9,2,1,4041.8,13,1,4043.7,18,2,4043.9,14,1,4044.0,73,7,4044.1,15,2,4044.2,4,1
11483,2026-07-02 10:02:11+05:30,4042.8,1,4060.16,376957,101262.0,138214.0,4100.0,4110.0,4036.6,4092.6,22495200,4501.8,3683.4,4440.0,3288.1,4042.8,48,1,4042.5,95,1,4042.0,28,3,4041.9,2,1,4041.8,13,1,4043.7,18,2,4043.9,14,1,4044.0,73,7,4044.1,15,2,4044.2,4,1
11483,2026-07-02 10:02:12+05:30,4042.8,1,4060.16,376957,101262.0,138214.0,4100.0,4110.0,4036.6,4092.6,22495200,4501.8,3683.4,4440.0,3288.1,4042.8,48,1,4042.5,95,1,4042.0,28,3,4041.9,2,1,4041.8,13,1,4043.7,18,2,4043.9,14,1,4044.0,73,7,4044.1,15,2,4044.2,4,1
11483,2026-07-02 10:02:12+05:30,4043.7,1,4060.16,376957,101262.0,138214.0,4100.0,4110.0,4036.6,4092.6,22495200,4501.8,3683.4,4440.0,3288.1,4042.8,48,1,4042.5,95,1,4042.0,28,3,4041.9,2,1,4041.8,13,1,4043.7,18,2,4043.9,14,1,4044.0,73,7,4044.1,15,2,4044.2,4,1
11483,2026-07-02 10:02:12+05:30,4043.7,1,4060.16,376968,101270.0,138273.0,4100.0,4110.0,4036.6,4092.6,22495200,4501.8,3683.4,4440.0,3288.1,4042.8,48,1,4042.5,95,1,4042.0,33,4,4041.9,2,1,4041.8,13,1,4043.6,3,1,4043.7,23,5,4043.8,8,1,4043.9,62,3,4044.0,50,6
11483,2026-07-02 10:02:13+05:30,4043.7,1,4060.16,376968,101270.0,138273.0,4100.0,4110.0,4036.6,4092.6,22495200,4501.8,3683.4,4440.0,3288.1,4042.8,48,1,4042.5,95,1,4042.0,33,4,4041.9,2,1,4041.8,13,1,4043.6,3,1,4043.7,23,5,4043.8,8,1,4043.9,62,3,4044.0,50,6
11483,2026-07-02 10:02:13+05:30,4042.8,3,4060.16,376968,101270.0,138273.0,4100.0,4110.0,4036.6,4092.6,22495200,4501.8,3683.4,4440.0,3288.1,4042.8,48,1,4042.5,95,1,4042.0,33,4,4041.9,2,1,4041.8,13,1,4043.6,3,1,4043.7,23,5,4043.8,8,1,4043.9,62,3,4044.0,50,6
11483,2026-07-02 10:02:13+05:30,4042.8,3,4060.16,376996,101765.0,138297.0,4100.0,4110.0,4036.6,4092.6,22495200,4501.8,3683.4,4440.0,3288.1,4042.8,20,1,4042.5,95,1,4042.1,54,1,4042.0,33,4,4041.9,502,2,4043.6,3,1,4043.7,23,5,4043.8,8,1,4043.9,62,3,4044.0,50,6
11483,2026-07-02 10:02:13+05:30,4042.8,3,4060.16,376996,101765.0,138297.0,4100.0,4110.0,4036.6,4092.6,22495200,4501.8,3683.4,4440.0,3288.1,4042.8,20,1,4042.5,95,1,4042.1,54,1,4042.0,33,4,4041.9,502,2,4043.6,3,1,4043.7,23,5,4043.8,8,1,4043.9,62,3,4044.0,50,6
11483,2026-07-02 10:02:14+05:30,4042.8,3,4060.16,376996,101765.0,138297.0,4100.0,4110.0,4036.6,4092.6,22495200,4501.8,3683.4,4440.0,3288.1,4042.8,20,1,4042.5,95,1,4042.1,54,1,4042.0,33,4,4041.9,502,2,4043.6,3,1,4043.7,23,5,4043.8,8,1,4043.9,62,3,4044.0,50,6
11483,2026-07-02 10:02:14+05:30,4042.8,1,4060.16,376996,101765.0,138297.0,4100.0,4110.0,4036.6,4092.6,22495200,4501.8,3683.4,4440.0,3288.1,4042.8,20,1,4042.5,95,1,4042.1,54,1,4042.0,33,4,4041.9,502,2,4043.6,3,1,4043.7,23,5,4043.8,8,1,4043.9,62,3,4044.0,50,6
11483,2026-07-02 10:02:14+05:30,4042.8,1,4060.16,376996,101765.0,138297.0,4100.0,4110.0,4036.6,4092.6,22495200,4501.8,3683.4,4440.0,3288.1,4042.8,20,1,4042.5,95,1,4042.1,54,1,4042.0,33,4,4041.9,502,2,4043.6,3,1,4043.7,23,5,4043.8,8,1,4043.9,62,3,4044.0,50,6
11483,2026-07-02 10:02:14+05:30,4042.8,8,4060.16,377006,101744.0,138322.0,4100.0,4110.0,4036.6,4092.6,22495200,4501.8,3683.4,4440.0,3288.1,4042.8,13,2,4042.5,95,1,4042.2,4,1,4042.1,54,1,4042.0,36,6,4043.7,26,6,4043.9,53,2,4044.0,41,4,4044.1,26,3,4044.2,4,1
11483,2026-07-02 10:02:14+05:30,4042.8,8,4060.16,377006,101744.0,138322.0,4100.0,4110.0,4036.6,4092.6,22495200,4501.8,3683.4,4440.0,3288.1,4042.8,13,2,4042.5,95,1,4042.2,4,1,4042.1,54,1,4042.0,36,6,4043.7,26,6,4043.9,53,2,4044.0,41,4,4044.1,26,3,4044.2,4,1
11483,2026-07-02 10:02:15+05:30,4042.8,8,4060.16,377006,101744.0,138322.0,4100.0,4110.0,4036.6,4092.6,22495200,4501.8,3683.4,4440.0,3288.1,4042.8,13,2,4042.5,95,1,4042.2,4,1,4042.1,54,1,4042.0,36,6,4043.7,26,6,4043.9,53,2,4044.0,41,4,4044.1,26,3,4044.2,4,1
11483,2026-07-02 10:02:15+05:30,4042.8,8,4060.16,377006,101744.0,138322.0,4100.0,4110.0,4036.6,4092.6,22519700,4501.8,3683.4,4440.0,3288.1,4042.8,13,2,4042.5,95,1,4042.2,4,1,4042.1,54,1,4042.0,36,6,4043.7,26,6,4043.9,53,2,4044.0,41,4,4044.1,26,3,4044.2,4,1
11483,2026-07-02 10:02:15+05:30,4042.8,1,4060.16,377006,101744.0,138322.0,4100.0,4110.0,4036.6,4092.6,22519700,4501.8,3683.4,4440.0,3288.1,4042.8,13,2,4042.5,95,1,4042.2,4,1,4042.1,54,1,4042.0,36,6,4043.7,26,6,4043.9,53,2,4044.0,41,4,4044.1,26,3,4044.2,4,1
11483,2026-07-02 10:02:15+05:30,4042.8,1,4060.16,377023,101992.0,138093.0,4100.0,4110.0,4036.6,4092.6,22519700,4501.8,3683.4,4440.0,3288.1,4043.3,2,2,4042.8,5,2,4042.5,95,1,4042.2,4,1,4042.1,54,1,4043.7,14,3,4043.9,14,1,4044.0,28,3,4044.1,21,2,4044.2,4,1
11483,2026-07-02 10:02:15+05:30,4042.8,1,4060.16,377023,101992.0,138093.0,4100.0,4110.0,4036.6,4092.6,22519700,4501.8,3683.4,4440.0,3288.1,4043.3,2,2,4042.8,5,2,4042.5,95,1,4042.2,4,1,4042.1,54,1,4043.7,14,3,4043.9,14,1,4044.0,28,3,4044.1,21,2,4044.2,4,1
11483,2026-07-02 10:02:16+05:30,4042.8,1,4060.16,377023,101992.0,138093.0,4100.0,4110.0,4036.6,4092.6,22519700,4501.8,3683.4,4440.0,3288.1,4043.3,2,2,4042.8,5,2,4042.5,95,1,4042.2,4,1,4042.1,54,1,4043.7,14,3,4043.9,14,1,4044.0,28,3,4044.1,21,2,4044.2,4,1
11483,2026-07-02 10:02:16+05:30,4044.0,3,4060.16,377023,101992.0,138093.0,4100.0,4110.0,4036.6,4092.6,22519700,4501.8,3683.4,4440.0,3288.1,4043.3,2,2,4042.8,5,2,4042.5,95,1,4042.2,4,1,4042.1,54,1,4043.7,14,3,4043.9,14,1,4044.0,28,3,4044.1,21,2,4044.2,4,1
11483,2026-07-02 10:02:16+05:30,4044.0,3,4060.16,377023,101992.0,138093.0,4100.0,4110.0,4036.6,4092.6,22519700,4501.8,3683.4,4440.0,3288.1,4043.3,2,2,4042.8,5,2,4042.5,95,1,4042.2,4,1,4042.1,54,1,4043.7,14,3,4043.9,14,1,4044.0,28,3,4044.1,21,2,4044.2,4,1
11483,2026-07-02 10:02:16+05:30,4044.0,3,4060.16,377036,102688.0,137872.0,4100.0,4110.0,4036.6,4092.6,22519700,4501.8,3683.4,4440.0,3288.1,4043.3,2,2,4042.8,73,5,4042.7,48,1,4042.6,48,1,4042.5,95,1,4044.0,1,1,4044.3,82,2,4044.5,24,2,4044.6,27,3,4044.7,16,1
11483,2026-07-02 10:02:17+05:30,4044.0,3,4060.16,377036,102688.0,137872.0,4100.0,4110.0,4036.6,4092.6,22519700,4501.8,3683.4,4440.0,3288.1,4043.3,2,2,4042.8,73,5,4042.7,48,1,4042.6,48,1,4042.5,95,1,4044.0,1,1,4044.3,82,2,4044.5,24,2,4044.6,27,3,4044.7,16,1
11483,2026-07-02 10:02:17+05:30,4044.0,3,4060.16,377036,102738.0,137870.0,4100.0,4110.0,4036.6,4092.6,22519700,4501.8,3683.4,4440.0,3288.1,4043.3,7,3,4042.8,73,5,4042.7,48,1,4042.6,48,1,4042.5,117,2,4044.0,1,1,4044.3,94,3,4044.5,45,3,4044.6,27,3,4044.7,16,1
11483,2026-07-02 10:02:19+05:30,4044.0,3,4060.16,377036,102763.0,138159.0,4100.0,4110.0,4036.6,4092.6,22519700,4501.8,3683.4,4440.0,3288.1,4043.3,7,3,4042.9,61,1,4042.8,32,4,4042.7,48,1,4042.6,48,1,4044.0,1,1,4044.3,94,3,4044.5,45,3,4044.6,27,3,4044.7,16,1
11483,2026-07-02 10:02:20+05:30,4042.8,1,4060.16,377105,102457.0,138300.0,4100.0,4110.0,4036.6,4092.6,22519700,4501.8,3683.4,4440.0,3288.1,4042.8,12,3,4042.5,96,2,4042.3,5,1,4042.2,60,1,4042.1,22,1,4044.0,20,3,4044.3,26,2,4044.4,21,1,4044.5,32,2,4044.6,27,3
11483,2026-07-02 10:02:20+05:30,4042.8,1,4060.16,377105,102457.0,138300.0,4100.0,4110.0,4036.6,4092.6,22519700,4501.8,3683.4,4440.0,3288.1,4042.8,12,3,4042.5,96,2,4042.3,5,1,4042.2,60,1,4042.1,22,1,4044.0,20,3,4044.3,26,2,4044.4,21,1,4044.5,32,2,4044.6,27,3
11483,2026-07-02 10:02:21+05:30,4044.0,5,4060.15,377136,102320.0,138879.0,4100.0,4110.0,4036.6,4092.6,22519700,4501.8,3683.4,4440.0,3288.1,4042.5,96,2,4042.2,5,1,4042.1,67,2,4042.0,63,8,4041.9,507,3,4044.0,2,1,4044.2,23,2,4044.3,35,2,4044.4,40,2,4044.5,21,1
11483,2026-07-02 10:02:21+05:30,4044.0,5,4060.15,377136,102320.0,138879.0,4100.0,4110.0,4036.6,4092.6,22519700,4501.8,3683.4,4440.0,3288.1,4042.5,96,2,4042.2,5,1,4042.1,67,2,4042.0,63,8,4041.9,507,3,4044.0,2,1,4044.2,23,2,4044.3,35,2,4044.4,40,2,4044.5,21,1
11483,2026-07-02 10:02:22+05:30,4042.5,55,4060.15,377191,102190.0,138927.0,4100.0,4110.0,4036.6,4092.6,22519700,4501.8,3683.4,4440.0,3288.1,4042.5,41,2,4042.1,67,2,4042.0,63,8,4041.9,507,3,4041.8,13,1,4043.9,13,1,4044.0,12,4,4044.1,33,2,4044.2,16,1,4044.3,18,2
11483,2026-07-02 10:02:22+05:30,4042.5,1,4060.15,377191,102190.0,138927.0,4100.0,4110.0,4036.6,4092.6,22519700,4501.8,3683.4,4440.0,3288.1,4042.5,41,2,4042.1,67,2,4042.0,63,8,4041.9,507,3,4041.8,13,1,4043.9,13,1,4044.0,12,4,4044.1,33,2,4044.2,16,1,4044.3,18,2
11483,2026-07-02 10:02:23+05:30,4043.9,1,4060.14,377406,101901.0,138869.0,4100.0,4110.0,4036.6,4092.6,22519700,4501.8,3683.4,4440.0,3288.1,4042.1,33,3,4042.0,115,9,4041.9,502,2,4041.6,6,1,4041.5,33,5,4043.9,18,1,4044.0,19,3,4044.1,14,1,4044.2,5,1,4044.3,12,1
11483,2026-07-02 10:02:23+05:30,4043.9,1,4060.14,377406,101901.0,138869.0,4100.0,4110.0,4036.6,4092.6,22519700,4501.8,3683.4,4440.0,3288.1,4042.1,33,3,4042.0,115,9,4041.9,502,2,4041.6,6,1,4041.5,33,5,4043.9,18,1,4044.0,19,3,4044.1,14,1,4044.2,5,1,4044.3,12,1
11483,2026-07-02 10:02:24+05:30,4043.9,1,4060.14,377406,102162.0,139050.0,4100.0,4110.0,4036.6,4092.6,22519700,4501.8,3683.4,4440.0,3288.1,4042.1,47,3,4042.0,140,10,4041.9,524,3,4041.6,6,1,4041.5,33,5,4043.8,23,1,4043.9,38,5,4044.0,32,4,4044.1,21,2,4044.2,5,1
11483,2026-07-02 10:02:25+05:30,4043.9,1,4060.14,377406,102194.0,139069.0,4100.0,4110.0,4036.6,4092.6,22519700,4501.8,3683.4,4440.0,3288.1,4042.5,31,2,4042.1,36,2,4042.0,117,8,4041.9,524,3,4041.8,13,1,4043.8,23,1,4043.9,38,5,4044.0,32,4,4044.1,21,2,4044.2,5,1
11483,2026-07-02 10:02:26+05:30,4042.6,1,4060.14,377406,102194.0,139069.0,4100.0,4110.0,4036.6,4092.6,22519700,4501.8,3683.4,4440.0,3288.1,4042.5,31,2,4042.1,36,2,4042.0,117,8,4041.9,524,3,4041.8,13,1,4043.8,23,1,4043.9,38,5,4044.0,32,4,4044.1,21,2,4044.2,5,1
11483,2026-07-02 10:02:26+05:30,4042.6,1,4060.14,377418,102387.0,138863.0,4100.0,4110.0,4036.6,4092.6,22519700,4501.8,3683.4,4440.0,3288.1,4042.6,21,2,4042.5,39,3,4042.3,35,2,4042.2,33,1,4042.1,60,3,4043.9,12,3,4044.0,12,1,4044.2,5,1,4044.3,12,1,4044.4,37,2
11483,2026-07-02 10:02:27+05:30,4043.9,3,4060.14,377418,102387.0,138863.0,4100.0,4110.0,4036.6,4092.6,22519700,4501.8,3683.4,4440.0,3288.1,4042.6,21,2,4042.5,39,3,4042.3,35,2,4042.2,33,1,4042.1,60,3,4043.9,12,3,4044.0,12,1,4044.2,5,1,4044.3,12,1,4044.4,37,2
11483,2026-07-02 10:02:27+05:30,4043.9,3,4060.14,377426,102396.0,138867.0,4100.0,4110.0,4036.6,4092.6,22519700,4501.8,3683.4,4440.0,3288.1,4042.7,12,1,4042.6,21,2,4042.5,40,4,4042.4,5,1,4042.3,21,1,4043.9,6,4,4044.0,12,1,4044.2,5,1,4044.3,23,1,4044.4,14,1
11483,2026-07-02 10:02:28+05:30,4042.7,3,4060.14,377426,102396.0,138867.0,4100.0,4110.0,4036.6,4092.6,22519700,4501.8,3683.4,4440.0,3288.1,4042.7,12,1,4042.6,21,2,4042.5,40,4,4042.4,5,1,4042.3,21,1,4043.9,6,4,4044.0,12,1,4044.2,5,1,4044.3,23,1,4044.4,14,1
11483,2026-07-02 10:02:28+05:30,4042.7,3,4060.14,377450,102260.0,139282.0,4100.0,4110.0,4036.6,4092.6,22519700,4501.8,3683.4,4440.0,3288.1,4042.6,12,1,4042.5,40,4,4042.1,44,3,4042.0,87,8,4041.9,513,3,4042.7,2,2,4043.9,2,1,4044.0,10,1,4044.2,27,2,4044.3,22,1
11483,2026-07-02 10:02:29+05:30,4043.9,3,4060.14,377450,102260.0,139282.0,4100.0,4110.0,4036.6,4092.6,22519700,4501.8,3683.4,4440.0,3288.1,4042.6,12,1,4042.5,40,4,4042.1,44,3,4042.0,87,8,4041.9,513,3,4042.7,2,2,4043.9,2,1,4044.0,10,1,4044.2,27,2,4044.3,22,1
11483,2026-07-02 10:02:29+05:30,4043.9,1,4060.14,377499,102267.0,138742.0,4100.0,4110.0,4036.6,4092.6,22519700,4501.8,3683.4,4440.0,3288.1,4042.5,29,3,4042.2,48,1,4042.1,36,2,4042.0,51,6,4041.9,502,2,4043.9,33,6,4044.0,48,5,4044.1,54,4,4044.2,19,2,4044.3,34,3
11483,2026-07-02 10:02:30+05:30,4043.9,1,4060.14,377499,102267.0,138742.0,4100.0,4110.0,4036.6,4092.6,22519700,4501.8,3683.4,4440.0,3288.1,4042.5,29,3,4042.2,48,1,4042.1,36,2,4042.0,51,6,4041.9,502,2,4043.9,33,6,4044.0,48,5,4044.1,54,4,4044.2,19,2,4044.3,34,3
11483,2026-07-02 10:02:31+05:30,4043.8,3,4060.14,377512,102418.0,138790.0,4100.0,4110.0,4036.6,4092.6,22519700,4501.8,3683.4,4440.0,3288.1,4042.5,29,3,4042.2,48,1,4042.1,41,3,4042.0,56,7,4041.9,502,2,4043.8,14,2,4043.9,2,2,4044.0,39,3,4044.1,30,3,4044.2,19,2
11483,2026-07-02 10:02:31+05:30,4042.5,1,4060.14,377512,102418.0,138790.0,4100.0,4110.0,4036.6,4092.6,22519700,4501.8,3683.4,4440.0,3288.1,4042.5,29,3,4042.2,48,1,4042.1,41,3,4042.0,56,7,4041.9,502,2,4043.8,14,2,4043.9,2,2,4044.0,39,3,4044.1,30,3,4044.2,19,2
11483,2026-07-02 10:02:32+05:30,4042.5,1,4060.14,377514,102693.0,138968.0,4100.0,4110.0,4036.6,4092.6,22519700,4501.8,3683.4,4440.0,3288.1,4042.8,26,3,4042.7,14,2,4042.6,26,3,4042.5,64,5,4042.2,48,1,4043.8,2,2,4043.9,2,2,4044.0,28,3,4044.1,22,2,4044.2,19,2
11483,2026-07-02 10:02:32+05:30,4042.5,1,4060.14,377514,102693.0,138968.0,4100.0,4110.0,4036.6,4092.6,22519700,4501.8,3683.4,4440.0,3288.1,4042.8,26,3,4042.7,14,2,4042.6,26,3,4042.5,64,5,4042.2,48,1,4043.8,2,2,4043.9,2,2,4044.0,28,3,4044.1,22,2,4044.2,19,2
11483,2026-07-02 10:02:33+05:30,4043.9,1,4060.14,377519,102623.0,138828.0,4100.0,4110.0,4036.6,4092.6,22519700,4501.8,3683.4,4440.0,3288.1,4042.6,23,2,4042.5,52,4,4042.2,35,1,4042.1,47,4,4042.0,36,6,4043.9,16,5,4044.0,16,2,4044.1,22,2,4044.2,61,4,4044.3,34,3
11483,2026-07-02 10:02:33+05:30,4043.9,1,4060.14,377519,102623.0,138828.0,4100.0,4110.0,4036.6,4092.6,22519700,4501.8,3683.4,4440.0,3288.1,4042.6,23,2,4042.5,52,4,4042.2,35,1,4042.1,47,4,4042.0,36,6,4043.9,16,5,4044.0,16,2,4044.1,22,2,4044.2,61,4,4044.3,34,3
11483,2026-07-02 10:02:34+05:30,4043.9,1,4060.14,377519,102482.0,138889.0,4100.0,4110.0,4036.6,4092.6,22519700,4501.8,3683.4,4440.0,3288.1,4042.5,52,4,4042.2,35,1,4042.1,47,4,4042.0,36,6,4041.9,502,2,4043.9,17,6,4044.0,58,4,4044.1,22,2,4044.2,19,2,4044.3,34,3
11483,2026-07-02 10:02:34+05:30,4042.5,4,4060.14,377519,102482.0,138889.0,4100.0,4110.0,4036.6,4092.6,22519700,4501.8,3683.4,4440.0,3288.1,4042.5,52,4,4042.2,35,1,4042.1,47,4,4042.0,36,6,4041.9,502,2,4043.9,17,6,4044.0,58,4,4044.1,22,2,4044.2,19,2,4044.3,34,3
11483,2026-07-02 10:02:35+05:30,4043.9,2,4060.14,377526,102422.0,138893.0,4100.0,4110.0,4036.6,4092.6,22519700,4501.8,3683.4,4440.0,3288.1,4042.5,48,4,4042.1,47,4,4042.0,92,6,4041.9,528,3,4041.8,12,1,4043.9,31,6,4044.0,43,3,4044.1,22,2,4044.2,19,2,4044.3,39,4
11483,2026-07-02 10:02:35+05:30,4043.9,2,4060.14,377526,102422.0,138893.0,4100.0,4110.0,4036.6,4092.6,22519700,4501.8,3683.4,4440.0,3288.1,4042.5,48,4,4042.1,47,4,4042.0,92,6,4041.9,528,3,4041.8,12,1,4043.9,31,6,4044.0,43,3,4044.1,22,2,4044.2,19,2,4044.3,39,4
11483,2026-07-02 10:02:36+05:30,4043.9,1,4060.14,377556,102606.0,138897.0,4100.0,4110.0,4036.6,4092.6,22519700,4501.8,3683.4,4440.0,3288.1,4042.6,11,1,4042.5,49,5,4042.2,33,1,4042.1,68,4,4042.0,31,5,4043.9,46,8,4044.0,38,2,4044.1,15,1,4044.2,19,2,4044.3,34,3
11483,2026-07-02 10:02:36+05:30,4043.9,1,4060.14,377556,102606.0,138897.0,4100.0,4110.0,4036.6,4092.6,22519700,4501.8,3683.4,4440.0,3288.1,4042.6,11,1,4042.5,49,5,4042.2,33,1,4042.1,68,4,4042.0,31,5,4043.9,46,8,4044.0,38,2,4044.1,15,1,4044.2,19,2,4044.3,34,3
11483,2026-07-02 10:02:37+05:30,4043.8,4,4060.13,377578,102656.0,138978.0,4100.0,4110.0,4036.6,4092.6,22519700,4501.8,3683.4,4440.0,3288.1,4042.5,110,7,4042.2,33,1,4042.1,68,4,4042.0,36,6,4041.9,502,2,4043.9,50,10,4044.0,38,2,4044.1,15,1,4044.2,12,1,4044.3,27,2
11483,2026-07-02 10:02:37+05:30,4043.8,4,4060.13,377578,102656.0,138978.0,4100.0,4110.0,4036.6,4092.6,22519700,4501.8,3683.4,4440.0,3288.1,4042.5,110,7,4042.2,33,1,4042.1,68,4,4042.0,36,6,4041.9,502,2,4043.9,50,10,4044.0,38,2,4044.1,15,1,4044.2,12,1,4044.3,27,2
11483,2026-07-02 10:02:38+05:30,4043.7,2,4060.13,377578,102656.0,138978.0,4100.0,4110.0,4036.6,4092.6,22519700,4501.8,3683.4,4440.0,3288.1,4042.5,110,7,4042.2,33,1,4042.1,68,4,4042.0,36,6,4041.9,502,2,4043.9,50,10,4044.0,38,2,4044.1,15,1,4044.2,12,1,4044.3,27,2
11483,2026-07-02 10:02:38+05:30,4043.7,2,4060.13,377612,102625.0,139284.0,4100.0,4110.0,4036.6,4092.6,22519700,4501.8,3683.4,4440.0,3288.1,4043.1,1,1,4042.5,87,6,4042.1,61,4,4042.0,55,8,4041.9,508,3,4043.7,17,5,4043.8,7,2,4043.9,23,6,4044.0,24,2,4044.1,20,2
11483,2026-07-02 10:02:39+05:30,4043.7,1,4060.13,377612,102625.0,139284.0,4100.0,4110.0,4036.6,4092.6,22519700,4501.8,3683.4,4440.0,3288.1,4043.1,1,1,4042.5,87,6,4042.1,61,4,4042.0,55,8,4041.9,508,3,4043.7,17,5,4043.8,7,2,4043.9,23,6,4044.0,24,2,4044.1,20,2
11483,2026-07-02 10:02:39+05:30,4043.7,1,4060.13,377664,102481.0,139092.0,4100.0,4110.0,4036.6,4092.6,22519700,4501.8,3683.4,4440.0,3288.1,4042.5,38,1,4042.1,61,4,4042.0,59,8,4041.9,508,3,4041.6,6,1,4043.7,17,7,4043.8,1,1,4043.9,16,5,4044.0,51,3,4044.1,33,3
11483,2026-07-02 10:02:40+05:30,4043.7,6,4060.13,377664,102481.0,139092.0,4100.0,4110.0,4036.6,4092.6,22519700,4501.8,3683.4,4440.0,3288.1,4042.5,38,1,4042.1,61,4,4042.0,59,8,4041.9,508,3,4041.6,6,1,4043.7,17,7,4043.8,1,1,4043.9,16,5,4044.0,51,3,4044.1,33,3
11483,2026-07-02 10:02:40+05:30,4043.7,6,4060.13,377681,102454.0,139245.0,4100.0,4110.0,4036.6,4092.6,22519700,4501.8,3683.4,4440.0,3288.1,4042.5,36,1,4042.1,61,4,4042.0,37,7,4041.9,508,3,4041.6,6,1,4043.6,16,1,4043.7,19,7,4043.8,1,1,4043.9,14,3,4044.0,51,3
11483,2026-07-02 10:02:41+05:30,4043.0,3,4060.13,377681,102454.0,139245.0,4100.0,4110.0,4036.6,4092.6,22519700,4501.8,3683.4,4440.0,3288.1,4042.5,36,1,4042.1,61,4,4042.0,37,7,4041.9,508,3,4041.6,6,1,4043.6,16,1,4043.7,19,7,4043.8,1,1,4043.9,14,3,4044.0,51,3
11483,2026-07-02 10:02:41+05:30,4043.0,3,4060.13,377685,102650.0,139354.0,4100.0,4110.0,4036.6,4092.6,22519700,4501.8,3683.4,4440.0,3288.1,4043.0,6,1,4042.7,10,1,4042.5,62,2,4042.2,20,1,4042.1,61,4,4043.6,16,1,4043.7,19,7,4043.8,1,1,4043.9,12,1,4044.0,13,1
11483,2026-07-02 10:02:42+05:30,4042.7,9,4060.13,377685,102650.0,139354.0,4100.0,4110.0,4036.6,4092.6,22519700,4501.8,3683.4,4440.0,3288.1,4043.0,6,1,4042.7,10,1,4042.5,62,2,4042.2,20,1,4042.1,61,4,4043.6,16,1,4043.7,19,7,4043.8,1,1,4043.9,12,1,4044.0,13,1
11483,2026-07-02 10:02:43+05:30,4042.5,26,4060.13,377767,101678.0,140478.0,4100.0,4110.0,4036.6,4092.6,22519700,4501.8,3683.4,4440.0,3288.1,4042.5,10,1,4042.1,31,2,4042.0,37,7,4041.9,502,2,4041.6,6,1,4042.9,2,1,4043.0,16,4,4043.1,16,2,4043.2,12,2,4043.3,55,5
11483,2026-07-02 10:02:43+05:30,4042.5,7,4060.13,377767,101678.0,140478.0,4100.0,4110.0,4036.6,4092.6,22519700,4501.8,3683.4,4440.0,3288.1,4042.5,10,1,4042.1,31,2,4042.0,37,7,4041.9,502,2,4041.6,6,1,4042.9,2,1,4043.0,16,4,4043.1,16,2,4043.2,12,2,4043.3,55,5
11483,2026-07-02 10:02:44+05:30,4042.5,5,4060.12,377784,101466.0,140943.0,4100.0,4110.0,4036.6,4092.6,22519700,4501.8,3683.4,4440.0,3288.1,4042.1,31,2,4042.0,37,7,4041.9,502,2,4041.6,6,1,4041.5,3,1,4042.5,11,4,4042.8,13,1,4043.0,9,4,4043.1,10,2,4043.2,6,1
11483,2026-07-02 10:02:44+05:30,4042.1,6,4060.12,377784,101466.0,140943.0,4100.0,4110.0,4036.6,4092.6,22519700,4501.8,3683.4,4440.0,3288.1,4042.1,31,2,4042.0,37,7,4041.9,502,2,4041.6,6,1,4041.5,3,1,4042.5,11,4,4042.8,13,1,4043.0,9,4,4043.1,10,2,4043.2,6,1
11483,2026-07-02 10:02:45+05:30,4043.2,2,4060.12,377842,101397.0,140911.0,4100.0,4110.0,4036.6,4092.6,22519700,4501.8,3683.4,4440.0,3288.1,4042.1,23,2,4042.0,37,7,4041.9,502,2,4041.6,6,1,4041.5,3,1,4042.9,37,4,4043.0,7,1,4043.2,2,2,4043.3,37,3,4043.4,66,6
11483,2026-07-02 10:02:45+05:30,4042.1,2,4060.12,377842,101397.0,140911.0,4100.0,4110.0,4036.6,4092.6,22519700,4501.8,3683.4,4440.0,3288.1,4042.1,23,2,4042.0,37,7,4041.9,502,2,4041.6,6,1,4041.5,3,1,4042.9,37,4,4043.0,7,1,4043.2,2,2,4043.3,37,3,4043.4,66,6
11483,2026-07-02 10:02:46+05:30,4042.6,3,4060.12,377850,101086.0,141301.0,4100.0,4110.0,4036.6,4092.6,22519700,4501.8,3683.4,4440.0,3288.1,4042.1,20,2,4042.0,37,7,4041.9,502,2,4041.6,6,1,4041.5,3,1,4042.6,18,6,4042.9,20,2,4043.0,7,1,4043.1,17,2,4043.2,7,3
11483,2026-07-02 10:02:46+05:30,4042.5,10,4060.12,377850,101086.0,141301.0,4100.0,4110.0,4036.6,4092.6,22519700,4501.8,3683.4,4440.0,3288.1,4042.1,20,2,4042.0,37,7,4041.9,502,2,4041.6,6,1,4041.5,3,1,4042.6,18,6,4042.9,20,2,4043.0,7,1,4043.1,17,2,4043.2,7,3
11483,2026-07-02 10:02:47+05:30,4042.5,1,4060.12,377891,101145.0,141181.0,4100.0,4110.0,4036.6,4092.6,22519700,4501.8,3683.4,4440.0,3288.1,4042.1,28,2,4042.0,37,7,4041.9,502,2,4041.6,6,1,4041.5,3,1,4042.5,12,3,4042.6,6,3,4042.8,13,1,4042.9,20,2,4043.0,14,2
11483,2026-07-02 10:02:47+05:30,4042.5,1,4060.12,377891,101145.0,141181.0,4100.0,4110.0,4036.6,4092.6,22519700,4501.8,3683.4,4440.0,3288.1,4042.1,28,2,4042.0,37,7,4041.9,502,2,4041.6,6,1,4041.5,3,1,4042.5,12,3,4042.6,6,3,4042.8,13,1,4042.9,20,2,4043.0,14,2
11483,2026-07-02 10:02:48+05:30,4042.8,3,4060.12,377916,101318.0,141308.0,4100.0,4110.0,4036.6,4092.6,22519700,4501.8,3683.4,4440.0,3288.1,4042.1,28,2,4042.0,37,7,4041.9,502,2,4041.6,6,1,4041.5,3,1,4042.9,36,4,4043.0,7,1,4043.2,2,2,4043.3,37,3,4043.4,43,5
11483,2026-07-02 10:02:48+05:30,4042.8,2,4060.12,377916,101318.0,141308.0,4100.0,4110.0,4036.6,4092.6,22519700,4501.8,3683.4,4440.0,3288.1,4042.1,28,2,4042.0,37,7,4041.9,502,2,4041.6,6,1,4041.5,3,1,4042.9,36,4,4043.0,7,1,4043.2,2,2,4043.3,37,3,4043.4,43,5
11483,2026-07-02 10:02:49+05:30,4042.8,1,4060.12,377931,101195.0,141264.0,4100.0,4110.0,4036.6,4092.6,22519700,4501.8,3683.4,4440.0,3288.1,4042.1,28,2,4042.0,32,7,4041.9,502,2,4041.6,6,1,4041.5,3,1,4042.8,14,4,4042.9,1,1,4043.0,7,1,4043.1,13,1,4043.2,2,2
11483,2026-07-02 10:02:49+05:30,4042.0,5,4060.12,377931,101195.0,141264.0,4100.0,4110.0,4036.6,4092.6,22519700,4501.8,3683.4,4440.0,3288.1,4042.1,28,2,4042.0,32,7,4041.9,502,2,4041.6,6,1,4041.5,3,1,4042.8,14,4,4042.9,1,1,4043.0,7,1,4043.1,13,1,4043.2,2,2
11483,2026-07-02 10:02:50+05:30,4041.8,4,4060.09,378599,99301.0,141686.0,4100.0,4110.0,4036.6,4092.6,22519700,4501.8,3683.4,4440.0,3288.1,4041.0,32,4,4040.8,10,1,4040.5,83,4,4040.1,70,5,4040.0,1204,30,4041.8,39,6,4041.9,30,3,4042.0,48,5,4042.1,158,8,4042.2,43,3
11483,2026-07-02 10:02:50+05:30,4041.8,4,4060.09,378599,99301.0,141686.0,4100.0,4110.0,4036.6,4092.6,22519700,4501.8,3683.4,4440.0,3288.1,4041.0,32,4,4040.8,10,1,4040.5,83,4,4040.1,70,5,4040.0,1204,30,4041.8,39,6,4041.9,30,3,4042.0,48,5,4042.1,158,8,4042.2,43,3
11483,2026-07-02 10:02:51+05:30,4041.8,7,4060.08,378628,99558.0,141604.0,4100.0,4110.0,4036.6,4092.6,22519700,4501.8,3683.4,4440.0,3288.1,4041.0,32,4,4040.8,10,1,4040.5,83,4,4040.2,92,2,4040.1,47,5,4041.8,21,7,4042.0,24,4,4042.1,158,8,4042.2,17,2,4042.4,11,2
11483,2026-07-02 10:02:51+05:30,4041.8,5,4060.08,378628,99558.0,141604.0,4100.0,4110.0,4036.6,4092.6,22519700,4501.8,3683.4,4440.0,3288.1,4041.0,32,4,4040.8,10,1,4040.5,83,4,4040.2,92,2,4040.1,47,5,4041.8,21,7,4042.0,24,4,4042.1,158,8,4042.2,17,2,4042.4,11,2
11483,2026-07-02 10:02:52+05:30,4041.8,3,4060.08,378681,99523.0,141720.0,4100.0,4110.0,4036.6,4092.6,22519700,4501.8,3683.4,4440.0,3288.1,4041.0,32,4,4040.8,10,1,4040.5,83,4,4040.2,92,2,4040.1,47,5,4041.8,32,7,4042.0,24,4,4042.1,189,9,4042.2,17,2,4042.4,11,2
11483,2026-07-02 10:02:52+05:30,4041.8,3,4060.08,378681,99523.0,141720.0,4100.0,4110.0,4036.6,4092.6,22519700,4501.8,3683.4,4440.0,3288.1,4041.0,32,4,4040.8,10,1,4040.5,83,4,4040.2,92,2,4040.1,47,5,4041.8,32,7,4042.0,24,4,4042.1,189,9,4042.2,17,2,4042.4,11,2
11483,2026-07-02 10:02:53+05:30,4041.8,3,4060.08,378681,98265.0,142427.0,4100.0,4110.0,4036.6,4092.6,22519700,4501.8,3683.4,4440.0,3288.1,4041.0,63,5,4040.8,10,1,4040.5,83,4,4040.2,56,1,4040.1,42,4,4041.8,32,7,4042.0,24,4,4042.1,153,6,4042.2,12,1,4042.4,22,3
11483,2026-07-02 10:02:54+05:30,4041.8,2,4060.08,378694,98333.0,142557.0,4100.0,4110.0,4036.6,4092.6,22519700,4501.8,3683.4,4440.0,3288.1,4041.0,87,5,4040.8,10,1,4040.5,83,4,4040.3,7,1,4040.1,106,5,4041.8,25,6,4042.0,24,4,4042.1,153,6,4042.2,12,1,4042.4,22,3
11483,2026-07-02 10:02:54+05:30,4041.8,2,4060.08,378694,98333.0,142557.0,4100.0,4110.0,4036.6,4092.6,22519700,4501.8,3683.4,4440.0,3288.1,4041.0,87,5,4040.8,10,1,4040.5,83,4,4040.3,7,1,4040.1,106,5,4041.8,25,6,4042.0,24,4,4042.1,153,6,4042.2,12,1,4042.4,22,3
11483,2026-07-02 10:02:55+05:30,4041.0,7,4060.08,378767,98242.0,142591.0,4100.0,4110.0,4036.6,4092.6,22519700,4501.8,3683.4,4440.0,3288.1,4041.0,19,2,4040.8,10,1,4040.5,83,4,4040.2,34,1,4040.1,42,4,4041.8,23,7,4042.0,23,3,4042.1,151,4,4042.2,12,1,4042.4,22,3
11483,2026-07-02 10:02:55+05:30,4041.8,1,4060.08,378767,98242.0,142591.0,4100.0,4110.0,4036.6,4092.6,22519700,4501.8,3683.4,4440.0,3288.1,4041.0,19,2,4040.8,10,1,4040.5,83,4,4040.2,34,1,4040.1,42,4,4041.8,23,7,4042.0,23,3,4042.1,151,4,4042.2,12,1,4042.4,22,3
11483,2026-07-02 10:02:56+05:30,4041.0,1,4060.08,378778,98274.0,142524.0,4100.0,4110.0,4036.6,4092.6,22519700,4501.8,3683.4,4440.0,3288.1,4041.0,9,2,4040.8,10,1,4040.5,83,4,4040.2,34,1,4040.1,79,5,4041.8,22,7,4042.0,23,3,4042.1,151,4,4042.2,12,1,4042.4,22,3
11483,2026-07-02 10:02:56+05:30,4041.8,2,4060.08,378778,98274.0,142524.0,4100.0,4110.0,4036.6,4092.6,22519700,4501.8,3683.4,4440.0,3288.1,4041.0,9,2,4040.8,10,1,4040.5,83,4,4040.2,34,1,4040.1,79,5,4041.8,22,7,4042.0,23,3,4042.1,151,4,4042.2,12,1,4042.4,22,3
11483,2026-07-02 10:02:57+05:30,4041.0,1,4060.07,378848,98330.0,143208.0,4100.0,4110.0,4036.6,4092.6,22519700,4501.8,3683.4,4440.0,3288.1,4040.5,56,1,4040.2,2,1,4040.1,42,4,4040.0,1232,33,4039.9,8,2,4041.0,3,3,4041.6,20,2,4041.7,6,1,4041.8,14,4,4041.9,66,5
11483,2026-07-02 10:02:57+05:30,4041.0,1,4060.07,378848,98330.0,143208.0,4100.0,4110.0,4036.6,4092.6,22519700,4501.8,3683.4,4440.0,3288.1,4040.5,56,1,4040.2,2,1,4040.1,42,4,4040.0,1232,33,4039.9,8,2,4041.0,3,3,4041.6,20,2,4041.7,6,1,4041.8,14,4,4041.9,66,5
11483,2026-07-02 10:02:58+05:30,4041.6,4,4060.07,378864,98260.0,142922.0,4100.0,4110.0,4036.6,4092.6,22519700,4501.8,3683.4,4440.0,3288.1,4040.5,55,1,4040.2,2,1,4040.1,42,4,4040.0,1232,33,4039.9,8,2,4041.0,100,1,4041.6,17,3,4041.7,6,1,4041.8,14,4,4041.9,48,3
11483,2026-07-02 10:02:58+05:30,4041.6,4,4060.07,378864,98260.0,142922.0,4100.0,4110.0,4036.6,4092.6,22519700,4501.8,3683.4,4440.0,3288.1,4040.5,55,1,4040.2,2,1,4040.1,42,4,4040.0,1232,33,4039.9,8,2,4041.0,100,1,4041.6,17,3,4041.7,6,1,4041.8,14,4,4041.9,48,3
11483,2026-07-02 10:02:59+05:30,4040.0,13,4060.07,378864,98260.0,142922.0,4100.0,4110.0,4036.6,4092.6,22519700,4501.8,3683.4,4440.0,3288.1,4040.5,55,1,4040.2,2,1,4040.1,42,4,4040.0,1232,33,4039.9,8,2,4041.0,100,1,4041.6,17,3,4041.7,6,1,4041.8,14,4,4041.9,48,3
11483,2026-07-02 10:03:00+05:30,4041.6,2,4060.06,379099,100594.0,140279.0,4100.0,4110.0,4036.6,4092.6,22519700,4501.8,3683.4,4440.0,3288.1,4041.5,29,1,4041.4,93,6,4041.3,97,5,4041.2,36,3,4041.1,27,3,4043.0,12,1,4043.3,23,1,4043.7,6,2,4043.8,11,3,4043.9,38,2
11483,2026-07-02 10:03:00+05:30,4041.6,1,4060.06,379099,100594.0,140279.0,4100.0,4110.0,4036.6,4092.6,22519700,4501.8,3683.4,4440.0,3288.1,4041.5,29,1,4041.4,93,6,4041.3,97,5,4041.2,36,3,4041.1,27,3,4043.0,12,1,4043.3,23,1,4043.7,6,2,4043.8,11,3,4043.9,38,2
11483,2026-07-02 10:03:01+05:30,4041.6,1,4060.06,379157,100518.0,141150.0,4100.0,4110.0,4036.6,4092.6,22519700,4501.8,3683.4,4440.0,3288.1,4041.3,42,3,4041.2,5,1,4041.1,30,3,4041.0,31,3,4040.9,28,3,4041.6,3,2,4043.0,12,1,4043.2,8,1,4043.3,23,1,4043.7,13,2
11483,2026-07-02 10:03:01+05:30,4043.0,5,4060.06,379157,100518.0,141150.0,4100.0,4110.0,4036.6,4092.6,22519700,4501.8,3683.4,4440.0,3288.1,4041.3,42,3,4041.2,5,1,4041.1,30,3,4041.0,31,3,4040.9,28,3,4041.6,3,2,4043.0,12,1,4043.2,8,1,4043.3,23,1,4043.7,13,2
11483,2026-07-02 10:03:02+05:30,4043.0,2,4060.06,379185,100947.0,140804.0,4100.0,4110.0,4036.6,4092.6,22519700,4501.8,3683.4,4440.0,3288.1,4041.3,36,3,4041.2,5,1,4041.1,30,3,4041.0,36,3,4040.9,29,3,4043.0,7,3,4043.2,29,1,4043.3,23,1,4043.4,12,1,4043.5,8,1
11483,2026-07-02 10:03:02+05:30,4043.0,2,4060.06,379185,100947.0,140804.0,4100.0,4110.0,4036.6,4092.6,22519700,4501.8,3683.4,4440.0,3288.1,4041.3,36,3,4041.2,5,1,4041.1,30,3,4041.0,36,3,4040.9,29,3,4043.0,7,3,4043.2,29,1,4043.3,23,1,4043.4,12,1,4043.5,8,1
11483,2026-07-02 10:03:03+05:30,4043.0,2,4060.06,379185,100732.0,140928.0,4100.0,4110.0,4036.6,4092.6,22519700,4501.8,3683.4,4440.0,3288.1,4041.8,5,1,4041.3,22,1,4041.0,3,1,4040.9,16,2,4040.8,39,3,4042.7,12,1,4042.9,29,3,4043.0,31,6,4043.1,74,3,4043.2,26,2
11483,2026-07-02 10:03:03+05:30,4042.7,1,4060.06,379185,100732.0,140928.0,4100.0,4110.0,4036.6,4092.6,22519700,4501.8,3683.4,4440.0,3288.1,4041.8,5,1,4041.3,22,1,4041.0,3,1,4040.9,16,2,4040.8,39,3,4042.7,12,1,4042.9,29,3,4043.0,31,6,4043.1,74,3,4043.2,26,2
11483,2026-07-02 10:03:04+05:30,4042.7,1,4060.06,379186,100634.0,141832.0,4100.0,4110.0,4036.6,4092.6,22519700,4501.8,3683.4,4440.0,3288.1,4041.8,5,1,4041.3,22,1,4041.0,25,1,4040.9,13,1,4040.8,24,2,4042.7,40,4,4042.8,20,1,4042.9,28,3,4043.0,8,4,4043.1,25,3
11483,2026-07-02 10:03:05+05:30,4042.6,3,4060.06,379189,100887.0,141961.0,4100.0,4110.0,4036.6,4092.6,22519700,4501.8,3683.4,4440.0,3288.1,4041.8,5,1,4041.3,22,1,4041.0,25,1,4040.9,13,1,4040.8,24,2,4042.6,45,4,4042.7,8,1,4042.9,5,1,4043.0,8,4,4043.1,25,3
11483,2026-07-02 10:03:05+05:30,4041.8,5,4060.06,379189,100887.0,141961.0,4100.0,4110.0,4036.6,4092.6,22519700,4501.8,3683.4,4440.0,3288.1,4041.8,5,1,4041.3,22,1,4041.0,25,1,4040.9,13,1,4040.8,24,2,4042.6,45,4,4042.7,8,1,4042.9,5,1,4043.0,8,4,4043.1,25,3
11483,2026-07-02 10:03:06+05:30,4042.6,1,4060.06,379206,101236.0,141994.0,4100.0,4110.0,4036.6,4092.6,22519700,4501.8,3683.4,4440.0,3288.1,4042.0,8,1,4041.8,5,1,4041.4,6,1,4041.3,22,1,4041.1,23,1,4042.6,35,3,4042.7,1,1,4042.9,5,1,4043.0,8,4,4043.1,23,2
11483,2026-07-02 10:03:06+05:30,4042.0,8,4060.06,379206,101236.0,141994.0,4100.0,4110.0,4036.6,4092.6,22519700,4501.8,3683.4,4440.0,3288.1,4042.0,8,1,4041.8,5,1,4041.4,6,1,4041.3,22,1,4041.1,23,1,4042.6,35,3,4042.7,1,1,4042.9,5,1,4043.0,8,4,4043.1,23,2
11483,2026-07-02 10:03:07+05:30,4041.0,1,4060.05,379398,100102.0,141949.0,4100.0,4110.0,4036.6,4092.6,22519700,4501.8,3683.4,4440.0,3288.1,4041.0,21,2,4040.9,45,4,4040.8,15,2,4040.7,45,3,4040.6,51,4,4042.0,26,7,4042.5,28,4,4042.6,6,2,4042.9,5,1,4043.0,5,1
11483,2026-07-02 10:03:07+05:30,4041.0,1,4060.05,379398,100102.0,141949.0,4100.0,4110.0,4036.6,4092.6,22519700,4501.8,3683.4,4440.0,3288.1,4041.0,21,2,4040.9,45,4,4040.8,15,2,4040.7,45,3,4040.6,51,4,4042.0,26,7,4042.5,28,4,4042.6,6,2,4042.9,5,1,4043.0,5,1
11483,2026-07-02 10:03:08+05:30,4041.0,1,4060.05,379398,100133.0,141460.0,4100.0,4110.0,4036.6,4092.6,22519700,4501.8,3683.4,4440.0,3288.1,4040.9,22,2,4040.8,12,1,4040.7,15,2,4040.6,32,3,4040.5,12,1,4042.0,19,6,4042.5,27,3,4042.6,18,3,4042.9,5,1,4043.0,5,1
11483,2026-07-02 10:03:08+05:30,4042.0,4,4060.05,379398,100133.0,141460.0,4100.0,4110.0,4036.6,4092.6,22519700,4501.8,3683.4,4440.0,3288.1,4040.9,22,2,4040.8,12,1,4040.7,15,2,4040.6,32,3,4040.5,12,1,4042.0,19,6,4042.5,27,3,4042.6,18,3,4042.9,5,1,4043.0,5,1
11483,2026-07-02 10:03:09+05:30,4042.0,10,4060.04,379428,100219.0,142498.0,4100.0,4110.0,4036.6,4092.6,22519700,4501.8,3683.4,4440.0,3288.1,4040.5,1,1,4040.4,43,4,4040.1,73,2,4040.0,1223,34,4039.9,35,3,4042.0,37,10,4042.1,34,2,4042.2,31,4,4042.3,7,1,4042.4,28,1
11483,2026-07-02 10:03:09+05:30,4042.0,2,4060.04,379428,100219.0,142498.0,4100.0,4110.0,4036.6,4092.6,22519700,4501.8,3683.4,4440.0,3288.1,4040.5,1,1,4040.4,43,4,4040.1,73,2,4040.0,1223,34,4039.9,35,3,4042.0,37,10,4042.1,34,2,4042.2,31,4,4042.3,7,1,4042.4,28,1
11483,2026-07-02 10:03:10+05:30,4040.4,2,4060.04,379472,100197.0,142753.0,4100.0,4110.0,4036.6,4092.6,22519700,4501.8,3683.4,4440.0,3288.1,4040.4,38,3,4040.1,73,2,4040.0,1190,32,4039.9,68,4,4039.7,45,3,4042.0,30,10,4042.1,34,2,4042.2,31,4,4042.3,11,2,4042.4,48,2
11483,2026-07-02 10:03:10+05:30,4040.4,2,4060.04,379472,100197.0,142753.0,4100.0,4110.0,4036.6,4092.6,22519700,4501.8,3683.4,4440.0,3288.1,4040.4,38,3,4040.1,73,2,4040.0,1190,32,4039.9,68,4,4039.7,45,3,4042.0,30,10,4042.1,34,2,4042.2,31,4,4042.3,11,2,4042.4,48,2
11483,2026-07-02 10:03:11+05:30,4040.5,1,4060.04,379475,101120.0,143725.0,4100.0,4110.0,4036.6,4092.6,22519700,4501.8,3683.4,4440.0,3288.1,4040.6,12,1,4040.5,37,3,4040.4,36,3,4040.1,73,2,4040.0,1190,32,4042.0,30,10,4042.1,34,2,4042.2,31,4,4042.4,48,2,4042.5,47,5
11483,2026-07-02 10:03:11+05:30,4040.6,1,4060.04,379475,101120.0,143725.0,4100.0,4110.0,4036.6,4092.6,22519700,4501.8,3683.4,4440.0,3288.1,4040.6,12,1,4040.5,37,3,4040.4,36,3,4040.1,73,2,4040.0,1190,32,4042.0,30,10,4042.1,34,2,4042.2,31,4,4042.4,48,2,4042.5,47,5
11483,2026-07-02 10:03:12+05:30,4040.5,1,4060.04,379488,100824.0,143950.0,4100.0,4110.0,4036.6,4092.6,22519700,4501.8,3683.4,4440.0,3288.1,4040.4,18,1,4040.0,1204,32,4039.9,8,2,4039.7,38,2,4039.6,88,3,4040.5,5,4,4040.6,4,2,4041.8,35,1,4042.0,52,8,4042.1,54,1
11483,2026-07-02 10:03:12+05:30,4040.5,1,4060.04,379488,100824.0,143950.0,4100.0,4110.0,4036.6,4092.6,22519700,4501.8,3683.4,4440.0,3288.1,4040.4,18,1,4040.0,1204,32,4039.9,8,2,4039.7,38,2,4039.6,88,3,4040.5,5,4,4040.6,4,2,4041.8,35,1,4042.0,52,8,4042.1,54,1
11483,2026-07-02 10:03:12+05:30,4040.5,1,4060.04,379488,100824.0,143950.0,4100.0,4110.0,4036.6,4092.6,22519700,4501.8,3683.4,4440.0,3288.1,4040.4,18,1,4040.0,1204,32,4039.9,8,2,4039.7,38,2,4039.6,88,3,4040.5,5,4,4040.6,4,2,4041.8,35,1,4042.0,52,8,4042.1,54,1
11483,2026-07-02 10:03:12+05:30,4040.5,1,4060.04,379488,100824.0,143950.0,4100.0,4110.0,4036.6,4092.6,22519700,4501.8,3683.4,4440.0,3288.1,4040.4,18,1,4040.0,1204,32,4039.9,8,2,4039.7,38,2,4039.6,88,3,4040.5,5,4,4040.6,4,2,4041.8,35,1,4042.0,52,8,4042.1,54,1
11483,2026-07-02 10:03:13+05:30,4040.5,1,4060.04,379488,100824.0,143950.0,4100.0,4110.0,4036.6,4092.6,22519700,4501.8,3683.4,4440.0,3288.1,4040.4,18,1,4040.0,1204,32,4039.9,8,2,4039.7,38,2,4039.6,88,3,4040.5,5,4,4040.6,4,2,4041.8,35,1,4042.0,52,8,4042.1,54,1
11483,2026-07-02 10:03:13+05:30,4040.5,1,4060.04,379503,100864.0,143473.0,4100.0,4110.0,4036.6,4092.6,22519700,4501.8,3683.4,4440.0,3288.1,4040.4,13,1,4040.0,1184,31,4039.9,8,2,4039.7,5,1,4039.6,88,3,4040.5,5,4,4040.6,4,2,4041.6,12,1,4041.8,35,1,4041.9,12,1
11483,2026-07-02 10:03:13+05:30,4040.5,1,4060.04,379503,100864.0,143473.0,4100.0,4110.0,4036.6,4092.6,22519700,4501.8,3683.4,4440.0,3288.1,4040.4,13,1,4040.0,1184,31,4039.9,8,2,4039.7,5,1,4039.6,88,3,4040.5,5,4,4040.6,4,2,4041.6,12,1,4041.8,35,1,4041.9,12,1
11483,2026-07-02 10:03:13+05:30,4040.5,1,4060.04,379503,100864.0,143473.0,4100.0,4110.0,4036.6,4092.6,22519700,4501.8,3683.4,4440.0,3288.1,4040.4,13,1,4040.0,1184,31,4039.9,8,2,4039.7,5,1,4039.6,88,3,4040.5,5,4,4040.6,4,2,4041.6,12,1,4041.8,35,1,4041.9,12,1
11483,2026-07-02 10:03:14+05:30,4040.5,1,4060.04,379503,100864.0,143473.0,4100.0,4110.0,4036.6,4092.6,22519700,4501.8,3683.4,4440.0,3288.1,4040.4,13,1,4040.0,1184,31,4039.9,8,2,4039.7,5,1,4039.6,88,3,4040.5,5,4,4040.6,4,2,4041.6,12,1,4041.8,35,1,4041.9,12,1
11483,2026-07-02 10:03:14+05:30,4040.5,2,4060.04,379532,100841.0,143488.0,4100.0,4110.0,4036.6,4092.6,22519700,4501.8,3683.4,4440.0,3288.1,4040.4,9,1,4040.0,1186,32,4039.9,8,2,4039.7,5,1,4039.6,88,3,4040.5,5,4,4040.6,4,2,4041.6,12,1,4041.7,7,1,4041.8,35,1
11483,2026-07-02 10:03:14+05:30,4040.5,2,4060.04,379532,100841.0,143488.0,4100.0,4110.0,4036.6,4092.6,22519700,4501.8,3683.4,4440.0,3288.1,4040.4,9,1,4040.0,1186,32,4039.9,8,2,4039.7,5,1,4039.6,88,3,4040.5,5,4,4040.6,4,2,4041.6,12,1,4041.7,7,1,4041.8,35,1
11483,2026-07-02 10:03:14+05:30,4040.5,2,4060.04,379532,100841.0,143488.0,4100.0,4110.0,4036.6,4092.6,22519700,4501.8,3683.4,4440.0,3288.1,4040.4,9,1,4040.0,1186,32,4039.9,8,2,4039.7,5,1,4039.6,88,3,4040.5,5,4,4040.6,4,2,4041.6,12,1,4041.7,7,1,4041.8,35,1
11483,2026-07-02 10:03:15+05:30,4040.5,2,4060.04,379532,100841.0,143488.0,4100.0,4110.0,4036.6,4092.6,22519700,4501.8,3683.4,4440.0,3288.1,4040.4,9,1,4040.0,1186,32,4039.9,8,2,4039.7,5,1,4039.6,88,3,4040.5,5,4,4040.6,4,2,4041.6,12,1,4041.7,7,1,4041.8,35,1
11483,2026-07-02 10:03:15+05:30,4040.4,3,4060.04,379537,100950.0,143490.0,4100.0,4110.0,4036.6,4092.6,22519700,4501.8,3683.4,4440.0,3288.1,4040.4,4,1,4040.0,1212,34,4039.9,8,2,4039.7,5,1,4039.6,88,3,4040.5,5,4,4040.6,4,2,4041.6,12,1,4041.7,7,1,4041.8,35,1
11483,2026-07-02 10:03:15+05:30,4040.4,3,4060.04,379537,100950.0,143490.0,4100.0,4110.0,4036.6,4092.6,22519700,4501.8,3683.4,4440.0,3288.1,4040.4,4,1,4040.0,1212,34,4039.9,8,2,4039.7,5,1,4039.6,88,3,4040.5,5,4,4040.6,4,2,4041.6,12,1,4041.7,7,1,4041.8,35,1
11483,2026-07-02 10:03:15+05:30,4040.4,3,4060.04,379537,100950.0,143490.0,4100.0,4110.0,4036.6,4092.6,22519700,4501.8,3683.4,4440.0,3288.1,4040.4,4,1,4040.0,1212,34,4039.9,8,2,4039.7,5,1,4039.6,88,3,4040.5,5,4,4040.6,4,2,4041.6,12,1,4041.7,7,1,4041.8,35,1
11483,2026-07-02 10:03:16+05:30,4040.4,3,4060.04,379537,100950.0,143490.0,4100.0,4110.0,4036.6,4092.6,22542975,4501.8,3683.4,4440.0,3288.1,4040.4,4,1,4040.0,1212,34,4039.9,8,2,4039.7,5,1,4039.6,88,3,4040.5,5,4,4040.6,4,2,4041.6,12,1,4041.7,7,1,4041.8,35,1
11483,2026-07-02 10:03:16+05:30,4040.5,1,4060.04,379537,100950.0,143490.0,4100.0,4110.0,4036.6,4092.6,22542975,4501.8,3683.4,4440.0,3288.1,4040.4,4,1,4040.0,1212,34,4039.9,8,2,4039.7,5,1,4039.6,88,3,4040.5,5,4,4040.6,4,2,4041.6,12,1,4041.7,7,1,4041.8,35,1
11483,2026-07-02 10:03:16+05:30,4040.5,1,4060.04,379544,100834.0,143519.0,4100.0,4110.0,4036.6,4092.6,22542975,4501.8,3683.4,4440.0,3288.1,4040.4,4,1,4040.0,1211,33,4039.9,8,2,4039.7,5,1,4039.6,88,3,4040.5,4,3,4040.6,4,2,4041.4,13,2,4041.6,12,1,4041.7,18,2
11483,2026-07-02 10:03:16+05:30,4040.5,1,4060.04,379544,100834.0,143519.0,4100.0,4110.0,4036.6,4092.6,22542975,4501.8,3683.4,4440.0,3288.1,4040.4,4,1,4040.0,1211,33,4039.9,8,2,4039.7,5,1,4039.6,88,3,4040.5,4,3,4040.6,4,2,4041.4,13,2,4041.6,12,1,4041.7,18,2
11483,2026-07-02 10:03:17+05:30,4040.5,1,4060.04,379544,100834.0,143519.0,4100.0,4110.0,4036.6,4092.6,22542975,4501.8,3683.4,4440.0,3288.1,4040.4,4,1,4040.0,1211,33,4039.9,8,2,4039.7,5,1,4039.6,88,3,4040.5,4,3,4040.6,4,2,4041.4,13,2,4041.6,12,1,4041.7,18,2
11483,2026-07-02 10:03:17+05:30,4040.4,2,4060.04,379567,100696.0,143570.0,4100.0,4110.0,4036.6,4092.6,22542975,4501.8,3683.4,4440.0,3288.1,4040.4,34,1,4040.1,46,5,4040.0,1217,34,4039.9,27,4,4039.8,61,4,4040.5,2,2,4041.9,56,1,4042.0,90,5,4042.2,66,3,4042.3,16,1
11483,2026-07-02 10:03:17+05:30,4040.4,2,4060.04,379567,100696.0,143570.0,4100.0,4110.0,4036.6,4092.6,22542975,4501.8,3683.4,4440.0,3288.1,4040.4,34,1,4040.1,46,5,4040.0,1217,34,4039.9,27,4,4039.8,61,4,4040.5,2,2,4041.9,56,1,4042.0,90,5,4042.2,66,3,4042.3,16,1
11483,2026-07-02 10:03:17+05:30,4040.4,2,4060.04,379567,100696.0,143570.0,4100.0,4110.0,4036.6,4092.6,22542975,4501.8,3683.4,4440.0,3288.1,4040.4,34,1,4040.1,46,5,4040.0,1217,34,4039.9,27,4,4039.8,61,4,4040.5,2,2,4041.9,56,1,4042.0,90,5,4042.2,66,3,4042.3,16,1
11483,2026-07-02 10:03:18+05:30,4040.4,1,4060.04,379567,100696.0,143570.0,4100.0,4110.0,4036.6,4092.6,22542975,4501.8,3683.4,4440.0,3288.1,4040.4,34,1,4040.1,46,5,4040.0,1217,34,4039.9,27,4,4039.8,61,4,4040.5,2,2,4041.9,56,1,4042.0,90,5,4042.2,66,3,4042.3,16,1
11483,2026-07-02 10:03:18+05:30,4040.4,1,4060.04,379577,100814.0,143622.0,4100.0,4110.0,4036.6,4092.6,22542975,4501.8,3683.4,4440.0,3288.1,4040.4,24,1,4040.1,14,1,4040.0,1211,33,4039.9,15,3,4039.8,8,1,4040.5,2,2,4041.8,43,2,4041.9,128,3,4042.0,90,5,4042.1,11,1
11483,2026-07-02 10:03:19+05:30,4040.5,43,4060.04,379577,100814.0,143622.0,4100.0,4110.0,4036.6,4092.6,22542975,4501.8,3683.4,4440.0,3288.1,4040.4,24,1,4040.1,14,1,4040.0,1211,33,4039.9,15,3,4039.8,8,1,4040.5,2,2,4041.8,43,2,4041.9,128,3,4042.0,90,5,4042.1,11,1
11483,2026-07-02 10:03:19+05:30,4040.5,43,4060.03,379653,100383.0,143892.0,4100.0,4110.0,4036.6,4092.6,22542975,4501.8,3683.4,4440.0,3288.1,4040.0,1211,33,4039.9,8,2,4039.7,5,1,4039.6,50,1,4039.4,18,3,4040.5,30,1,4041.3,11,1,4041.5,54,3,4041.6,59,2,4041.7,45,1
11483,2026-07-02 10:03:20+05:30,4040.5,5,4060.03,379653,100383.0,143892.0,4100.0,4110.0,4036.6,4092.6,22542975,4501.8,3683.4,4440.0,3288.1,4040.0,1211,33,4039.9,8,2,4039.7,5,1,4039.6,50,1,4039.4,18,3,4040.5,30,1,4041.3,11,1,4041.5,54,3,4041.6,59,2,4041.7,45,1
11483,2026-07-02 10:03:21+05:30,4040.5,1,4060.03,379684,100412.0,143917.0,4100.0,4110.0,4036.6,4092.6,22542975,4501.8,3683.4,4440.0,3288.1,4040.0,1223,34,4039.9,8,2,4039.7,5,1,4039.6,50,1,4039.4,21,4,4040.5,26,3,4041.3,11,1,4041.5,54,3,4041.6,59,2,4041.7,45,1
11483,2026-07-02 10:03:21+05:30,4040.5,1,4060.03,379684,100412.0,143917.0,4100.0,4110.0,4036.6,4092.6,22542975,4501.8,3683.4,4440.0,3288.1,4040.0,1223,34,4039.9,8,2,4039.7,5,1,4039.6,50,1,4039.4,21,4,4040.5,26,3,4041.3,11,1,4041.5,54,3,4041.6,59,2,4041.7,45,1
11483,2026-07-02 10:03:22+05:30,4040.5,1,4060.03,379684,99865.0,144222.0,4100.0,4110.0,4036.6,4092.6,22542975,4501.8,3683.4,4440.0,3288.1,4040.0,1223,34,4039.9,8,2,4039.7,5,1,4039.6,50,1,4039.4,18,3,4040.4,10,1,4040.5,28,5,4041.3,23,3,4041.5,24,1,4041.6,72,3
11483,2026-07-02 10:03:23+05:30,4040.0,63,4060.02,379864,99908.0,144313.0,4100.0,4110.0,4036.6,4092.6,22542975,4501.8,3683.4,4440.0,3288.1,4040.0,1048,29,4039.9,8,2,4039.7,5,1,4039.6,50,1,4039.4,3,2,4040.4,5,1,4040.5,30,7,4040.9,11,1,4041.0,5,1,4041.3,23,3
11483,2026-07-02 10:03:23+05:30,4040.0,175,4060.02,379864,99908.0,144313.0,4100.0,4110.0,4036.6,4092.6,22542975,4501.8,3683.4,4440.0,3288.1,4040.0,1048,29,4039.9,8,2,4039.7,5,1,4039.6,50,1,4039.4,3,2,4040.4,5,1,4040.5,30,7,4040.9,11,1,4041.0,5,1,4041.3,23,3
11483,2026-07-02 10:03:24+05:30,4040.0,175,4060.0,380245,99760.0,144264.0,4100.0,4110.0,4036.6,4092.6,22542975,4501.8,3683.4,4440.0,3288.1,4040.0,842,29,4039.9,8,2,4039.7,5,1,4039.6,50,1,4039.4,3,2,4040.9,59,5,4041.0,24,4,4041.1,24,4,4041.2,5,1,4041.3,16,3
11483,2026-07-02 10:03:24+05:30,4040.0,6,4060.0,380245,99760.0,144264.0,4100.0,4110.0,4036.6,4092.6,22542975,4501.8,3683.4,4440.0,3288.1,4040.0,842,29,4039.9,8,2,4039.7,5,1,4039.6,50,1,4039.4,3,2,4040.9,59,5,4041.0,24,4,4041.1,24,4,4041.2,5,1,4041.3,16,3
11483,2026-07-02 10:03:25+05:30,4040.0,6,4060.0,380306,99736.0,144336.0,4100.0,4110.0,4036.6,4092.6,22542975,4501.8,3683.4,4440.0,3288.1,4040.0,803,31,4039.9,8,2,4039.7,5,1,4039.6,50,1,4039.4,3,2,4040.9,61,6,4041.0,24,4,4041.1,24,4,4041.2,5,1,4041.3,34,4
11483,2026-07-02 10:03:25+05:30,4040.0,1,4060.0,380306,99736.0,144336.0,4100.0,4110.0,4036.6,4092.6,22542975,4501.8,3683.4,4440.0,3288.1,4040.0,803,31,4039.9,8,2,4039.7,5,1,4039.6,50,1,4039.4,3,2,4040.9,61,6,4041.0,24,4,4041.1,24,4,4041.2,5,1,4041.3,34,4
11483,2026-07-02 10:03:26+05:30,4040.0,1,4060.0,380307,100083.0,144251.0,4100.0,4110.0,4036.6,4092.6,22542975,4501.8,3683.4,4440.0,3288.1,4040.4,1,1,4040.0,802,31,4039.9,8,2,4039.7,5,1,4039.6,50,1,4040.9,59,5,4041.0,23,3,4041.1,24,4,4041.2,5,1,4041.3,13,2
11483,2026-07-02 10:03:26+05:30,4040.0,11,4060.0,380307,100083.0,144251.0,4100.0,4110.0,4036.6,4092.6,22542975,4501.8,3683.4,4440.0,3288.1,4040.4,1,1,4040.0,802,31,4039.9,8,2,4039.7,5,1,4039.6,50,1,4040.9,59,5,4041.0,23,3,4041.1,24,4,4041.2,5,1,4041.3,13,2
11483,2026-07-02 10:03:27+05:30,4040.0,11,4060.0,380326,100079.0,144310.0,4100.0,4110.0,4036.6,4092.6,22542975,4501.8,3683.4,4440.0,3288.1,4040.0,793,32,4039.9,8,2,4039.7,5,1,4039.6,50,1,4039.4,33,3,4040.9,53,6,4041.0,21,2,4041.1,24,4,4041.2,5,1,4041.3,13,2
11483,2026-07-02 10:03:27+05:30,4040.9,5,4060.0,380326,100079.0,144310.0,4100.0,4110.0,4036.6,4092.6,22542975,4501.8,3683.4,4440.0,3288.1,4040.0,793,32,4039.9,8,2,4039.7,5,1,4039.6,50,1,4039.4,33,3,4040.9,53,6,4041.0,21,2,4041.1,24,4,4041.2,5,1,4041.3,13,2
11483,2026-07-02 10:03:28+05:30,4040.9,5,4060.0,380337,100143.0,144255.0,4100.0,4110.0,4036.6,4092.6,22542975,4501.8,3683.4,4440.0,3288.1,4040.0,821,33,4039.9,8,2,4039.7,21,2,4039.6,50,1,4039.4,6,3,4040.9,45,6,4041.0,21,2,4041.1,22,3,4041.2,5,1,4041.3,13,2
11483,2026-07-02 10:03:29+05:30,4040.9,5,4060.0,380337,100228.0,144257.0,4100.0,4110.0,4036.6,4092.6,22542975,4501.8,3683.4,4440.0,3288.1,4040.0,901,34,4039.9,8,2,4039.7,21,2,4039.6,50,1,4039.4,6,3,4040.9,46,7,4041.0,21,2,4041.1,22,3,4041.2,5,1,4041.3,13,2
11483,2026-07-02 10:03:30+05:30,4040.9,5,4060.0,380337,100328.0,143962.0,4100.0,4110.0,4036.6,4092.6,22542975,4501.8,3683.4,4440.0,3288.1,4040.0,901,34,4039.9,8,2,4039.7,21,2,4039.6,50,1,4039.4,6,3,4040.9,48,9,4041.0,21,2,4041.1,22,3,4041.2,5,1,4041.3,13,2
11483,2026-07-02 10:03:31+05:30,4040.9,44,4059.99,380467,100602.0,143637.0,4100.0,4110.0,4036.6,4092.6,22542975,4501.8,3683.4,4440.0,3288.1,4040.0,931,35,4039.9,8,2,4039.7,5,1,4039.6,50,1,4039.4,3,2,4040.9,19,1,4041.0,33,3,4041.1,21,2,4041.2,24,1,4041.3,18,3
11483,2026-07-02 10:03:31+05:30,4040.9,1,4059.99,380467,100602.0,143637.0,4100.0,4110.0,4036.6,4092.6,22542975,4501.8,3683.4,4440.0,3288.1,4040.0,931,35,4039.9,8,2,4039.7,5,1,4039.6,50,1,4039.4,3,2,4040.9,19,1,4041.0,33,3,4041.1,21,2,4041.2,24,1,4041.3,18,3
11483,2026-07-02 10:03:32+05:30,4040.9,2,4059.99,380472,100591.0,143720.0,4100.0,4110.0,4036.6,4092.6,22542975,4501.8,3683.4,4440.0,3288.1,4040.0,941,36,4039.9,8,2,4039.7,5,1,4039.6,50,1,4039.4,3,2,4040.9,16,4,4041.0,21,2,4041.1,21,2,4041.3,18,3,4041.4,33,3
11483,2026-07-02 10:03:32+05:30,4040.9,2,4059.99,380472,100591.0,143720.0,4100.0,4110.0,4036.6,4092.6,22542975,4501.8,3683.4,4440.0,3288.1,4040.0,941,36,4039.9,8,2,4039.7,5,1,4039.6,50,1,4039.4,3,2,4040.9,16,4,4041.0,21,2,4041.1,21,2,4041.3,18,3,4041.4,33,3
11483,2026-07-02 10:03:33+05:30,4041.0,4,4059.99,380547,100628.0,143443.0,4100.0,4110.0,4036.6,4092.6,22542975,4501.8,3683.4,4440.0,3288.1,4040.1,25,1,4040.0,956,37,4039.9,8,2,4039.7,5,1,4039.6,50,1,4041.0,10,2,4041.1,21,2,4041.2,24,1,4041.3,18,3,4041.4,14,3
11483,2026-07-02 10:03:33+05:30,4041.0,2,4059.99,380547,100628.0,143443.0,4100.0,4110.0,4036.6,4092.6,22542975,4501.8,3683.4,4440.0,3288.1,4040.1,25,1,4040.0,956,37,4039.9,8,2,4039.7,5,1,4039.6,50,1,4041.0,10,2,4041.1,21,2,4041.2,24,1,4041.3,18,3,4041.4,14,3
11483,2026-07-02 10:03:34+05:30,4041.0,2,4059.99,380552,100633.0,143504.0,4100.0,4110.0,4036.6,4092.6,22542975,4501.8,3683.4,4440.0,3288.1,4040.1,25,1,4040.0,956,37,4039.9,8,2,4039.7,5,1,4039.6,50,1,4041.0,14,4,4041.1,21,2,4041.2,24,1,4041.3,18,3,4041.4,14,3
11483,2026-07-02 10:03:35+05:30,4041.0,1,4059.99,380554,100729.0,143503.0,4100.0,4110.0,4036.6,4092.6,22542975,4501.8,3683.4,4440.0,3288.1,4040.1,25,1,4040.0,986,39,4039.9,8,2,4039.7,34,2,4039.6,50,1,4041.0,14,4,4041.1,15,1,4041.3,23,3,4041.4,1,1,4041.5,1,1
11483,2026-07-02 10:03:35+05:30,4040.1,2,4059.99,380554,100729.0,143503.0,4100.0,4110.0,4036.6,4092.6,22542975,4501.8,3683.4,4440.0,3288.1,4040.1,25,1,4040.0,986,39,4039.9,8,2,4039.7,34,2,4039.6,50,1,4041.0,14,4,4041.1,15,1,4041.3,23,3,4041.4,1,1,4041.5,1,1
11483,2026-07-02 10:03:36+05:30,4041.0,1,4059.99,380560,100726.0,143860.0,4100.0,4110.0,4036.6,4092.6,22542975,4501.8,3683.4,4440.0,3288.1,4040.1,22,1,4040.0,986,39,4039.9,8,2,4039.7,5,1,4039.6,50,1,4041.0,11,4,4041.1,15,1,4041.3,23,3,4041.4,1,1,4041.5,66,2
11483,2026-07-02 10:03:36+05:30,4040.0,128,4059.99,380560,100726.0,143860.0,4100.0,4110.0,4036.6,4092.6,22542975,4501.8,3683.4,4440.0,3288.1,4040.1,22,1,4040.0,986,39,4039.9,8,2,4039.7,5,1,4039.6,50,1,4041.0,11,4,4041.1,15,1,4041.3,23,3,4041.4,1,1,4041.5,66,2
11483,2026-07-02 10:03:37+05:30,4040.0,41,4059.96,380985,99328.0,143996.0,4100.0,4110.0,4036.6,4092.6,22542975,4501.8,3683.4,4440.0,3288.1,4040.0,609,28,4039.9,8,2,4039.7,5,1,4039.6,50,1,4039.4,3,2,4040.6,31,5,4040.7,15,3,4040.8,60,6,4040.9,6,2,4041.0,14,3
11483,2026-07-02 10:03:37+05:30,4040.0,6,4059.96,380985,99328.0,143996.0,4100.0,4110.0,4036.6,4092.6,22542975,4501.8,3683.4,4440.0,3288.1,4040.0,609,28,4039.9,8,2,4039.7,5,1,4039.6,50,1,4039.4,3,2,4040.6,31,5,4040.7,15,3,4040.8,60,6,4040.9,6,2,4041.0,14,3
11483,2026-07-02 10:03:38+05:30,4040.0,8,4059.95,381181,99163.0,143811.0,4100.0,4110.0,4036.6,4092.6,22542975,4501.8,3683.4,4440.0,3288.1,4040.0,415,28,4039.9,8,2,4039.7,5,1,4039.6,50,1,4039.4,3,2,4040.6,50,7,4040.7,15,3,4040.8,44,4,4040.9,6,2,4041.0,12,1
11483,2026-07-02 10:03:38+05:30,4040.0,21,4059.95,381181,99163.0,143811.0,4100.0,4110.0,4036.6,4092.6,22542975,4501.8,3683.4,4440.0,3288.1,4040.0,415,28,4039.9,8,2,4039.7,5,1,4039.6,50,1,4039.4,3,2,4040.6,50,7,4040.7,15,3,4040.8,44,4,4040.9,6,2,4041.0,12,1
11483,2026-07-02 10:03:39+05:30,4040.7,5,4059.94,381434,99472.0,143041.0,4100.0,4110.0,4036.6,4092.6,22542975,4501.8,3683.4,4440.0,3288.1,4040.0,384,29,4039.9,18,3,4039.7,5,1,4039.6,50,1,4039.5,17,1,4040.7,1,1,4041.1,23,2,4041.2,24,1,4041.3,16,1,4041.4,11,1
11483,2026-07-02 10:03:39+05:30,4040.7,5,4059.94,381434,99472.0,143041.0,4100.0,4110.0,4036.6,4092.6,22542975,4501.8,3683.4,4440.0,3288.1,4040.0,384,29,4039.9,18,3,4039.7,5,1,4039.6,50,1,4039.5,17,1,4040.7,1,1,4041.1,23,2,4041.2,24,1,4041.3,16,1,4041.4,11,1
11483,2026-07-02 10:03:40+05:30,4040.7,1,4059.94,381436,99484.0,143121.0,4100.0,4110.0,4036.6,4092.6,22542975,4501.8,3683.4,4440.0,3288.1,4040.0,384,29,4039.9,8,2,4039.7,5,1,4039.6,50,1,4039.4,3,2,4040.7,17,5,4040.8,13,2,4040.9,7,1,4041.0,12,1,4041.1,11,1
11483,2026-07-02 10:03:40+05:30,4040.7,1,4059.94,381436,99484.0,143121.0,4100.0,4110.0,4036.6,4092.6,22542975,4501.8,3683.4,4440.0,3288.1,4040.0,384,29,4039.9,8,2,4039.7,5,1,4039.6,50,1,4039.4,3,2,4040.7,17,5,4040.8,13,2,4040.9,7,1,4041.0,12,1,4041.1,11,1
11483,2026-07-02 10:03:41+05:30,4040.0,10,4059.91,381949,98473.0,143689.0,4100.0,4110.0,4036.6,4092.6,22542975,4501.8,3683.4,4440.0,3288.1,4039.9,5,1,4039.7,5,1,4039.6,50,1,4039.4,3,2,4039.3,1,1,4040.1,21,4,4040.4,16,3,4040.7,28,7,4040.8,11,2,4040.9,7,1
11483,2026-07-02 10:03:41+05:30,4040.0,10,4059.91,381949,98473.0,143689.0,4100.0,4110.0,4036.6,4092.6,22542975,4501.8,3683.4,4440.0,3288.1,4039.9,5,1,4039.7,5,1,4039.6,50,1,4039.4,3,2,4039.3,1,1,4040.1,21,4,4040.4,16,3,4040.7,28,7,4040.8,11,2,4040.9,7,1
11483,2026-07-02 10:03:42+05:30,4039.9,18,4059.91,381972,98702.0,143801.0,4100.0,4110.0,4036.6,4092.6,22542975,4501.8,3683.4,4440.0,3288.1,4039.7,5,1,4039.6,50,1,4039.4,3,2,4039.3,1,1,4039.2,10,1,4040.0,36,5,4040.1,7,2,4040.4,16,3,4040.7,50,9,4040.8,11,2
11483,2026-07-02 10:03:42+05:30,4039.9,18,4059.91,381972,98702.0,143801.0,4100.0,4110.0,4036.6,4092.6,22542975,4501.8,3683.4,4440.0,3288.1,4039.7,5,1,4039.6,50,1,4039.4,3,2,4039.3,1,1,4039.2,10,1,4040.0,36,5,4040.1,7,2,4040.4,16,3,4040.7,50,9,4040.8,11,2
11483,2026-07-02 10:03:43+05:30,4038.6,80,4059.9,382182,98667.0,144104.0,4100.0,4110.0,4036.6,4092.6,22542975,4501.8,3683.4,4440.0,3288.1,4038.5,201,2,4038.4,45,3,4038.3,90,5,4038.2,37,2,4038.1,281,13,4039.9,1,1,4040.0,41,5,4040.1,7,2,4040.3,27,1,4040.4,16,3
11483,2026-07-02 10:03:43+05:30,4039.9,1,4059.9,382182,98667.0,144104.0,4100.0,4110.0,4036.6,4092.6,22542975,4501.8,3683.4,4440.0,3288.1,4038.5,201,2,4038.4,45,3,4038.3,90,5,4038.2,37,2,4038.1,281,13,4039.9,1,1,4040.0,41,5,4040.1,7,2,4040.3,27,1,4040.4,16,3
11483,2026-07-02 10:03:44+05:30,4040.0,1,4059.9,382221,99567.0,142751.0,4100.0,4110.0,4036.6,4092.6,22542975,4501.8,3683.4,4440.0,3288.1,4039.2,48,5,4039.1,36,3,4039.0,46,5,4038.9,60,5,4038.8,68,7,4040.0,8,6,4040.1,5,1,4040.7,12,5,4041.1,11,1,4041.2,10,1
11483,2026-07-02 10:03:44+05:30,4040.0,3,4059.9,382221,99567.0,142751.0,4100.0,4110.0,4036.6,4092.6,22542975,4501.8,3683.4,4440.0,3288.1,4039.2,48,5,4039.1,36,3,4039.0,46,5,4038.9,60,5,4038.8,68,7,4040.0,8,6,4040.1,5,1,4040.7,12,5,4041.1,11,1,4041.2,10,1
11483,2026-07-02 10:03:45+05:30,4040.0,1,4059.89,382349,100286.0,142652.0,4100.0,4110.0,4036.6,4092.6,22542975,4501.8,3683.4,4440.0,3288.1,4040.0,495,1,4039.3,49,5,4039.2,18,3,4039.1,56,4,4039.0,46,5,4040.1,5,1,4040.9,20,1,4041.4,11,1,4041.6,14,2,4041.7,37,2
11483,2026-07-02 10:03:45+05:30,4040.0,2,4059.89,382349,100286.0,142652.0,4100.0,4110.0,4036.6,4092.6,22542975,4501.8,3683.4,4440.0,3288.1,4040.0,495,1,4039.3,49,5,4039.2,18,3,4039.1,56,4,4039.0,46,5,4040.1,5,1,4040.9,20,1,4041.4,11,1,4041.6,14,2,4041.7,37,2
11483,2026-07-02 10:03:46+05:30,4040.9,6,4059.89,382412,101049.0,142799.0,4100.0,4110.0,4036.6,4092.6,22542975,4501.8,3683.4,4440.0,3288.1,4040.7,2,1,4040.1,1,1,4040.0,495,2,4039.4,12,1,4039.3,55,6,4040.9,14,1,4041.6,5,2,4041.7,28,1,4041.8,13,1,4042.0,47,5
11483,2026-07-02 10:03:46+05:30,4040.9,6,4059.89,382412,101049.0,142799.0,4100.0,4110.0,4036.6,4092.6,22542975,4501.8,3683.4,4440.0,3288.1,4040.7,2,1,4040.1,1,1,4040.0,495,2,4039.4,12,1,4039.3,55,6,4040.9,14,1,4041.6,5,2,4041.7,28,1,4041.8,13,1,4042.0,47,5
11483,2026-07-02 10:03:47+05:30,4040.9,6,4059.89,382412,101053.0,142777.0,4100.0,4110.0,4036.6,4092.6,22542975,4501.8,3683.4,4440.0,3288.1,4040.7,2,1,4040.1,1,1,4040.0,495,2,4039.4,12,1,4039.3,55,6,4040.9,16,3,4041.6,5,2,4041.7,28,1,4041.8,13,1,4042.0,47,5
11483,2026-07-02 10:03:48+05:30,4040.7,2,4059.89,382412,101053.0,142777.0,4100.0,4110.0,4036.6,4092.6,22542975,4501.8,3683.4,4440.0,3288.1,4040.7,2,1,4040.1,1,1,4040.0,495,2,4039.4,12,1,4039.3,55,6,4040.9,16,3,4041.6,5,2,4041.7,28,1,4041.8,13,1,4042.0,47,5
11483,2026-07-02 10:03:48+05:30,4040.7,2,4059.89,382415,100989.0,142776.0,4100.0,4110.0,4036.6,4092.6,22542975,4501.8,3683.4,4440.0,3288.1,4040.1,1,1,4040.0,498,4,4039.3,37,4,4039.2,18,3,4039.1,69,5,4040.7,18,1,4040.9,15,3,4041.6,5,2,4041.7,12,1,4041.8,47,2
11483,2026-07-02 10:03:49+05:30,4040.3,1,4059.89,382415,100989.0,142776.0,4100.0,4110.0,4036.6,4092.6,22542975,4501.8,3683.4,4440.0,3288.1,4040.1,1,1,4040.0,498,4,4039.3,37,4,4039.2,18,3,4039.1,69,5,4040.7,18,1,4040.9,15,3,4041.6,5,2,4041.7,12,1,4041.8,47,2
11483,2026-07-02 10:03:49+05:30,4040.0,119,4059.86,383050,98537.0,144068.0,4100.0,4110.0,4036.6,4092.6,22542975,4501.8,3683.4,4440.0,3288.1,4038.5,201,2,4038.3,51,2,4038.1,281,13,4038.0,220,10,4037.9,13,2,4039.8,42,5,4039.9,29,5,4040.0,100,10,4040.1,98,6,4040.2,44,2
11483,2026-07-02 10:03:50+05:30,4040.0,2,4059.86,383050,98537.0,144068.0,4100.0,4110.0,4036.6,4092.6,22542975,4501.8,3683.4,4440.0,3288.1,4038.5,201,2,4038.3,51,2,4038.1,281,13,4038.0,220,10,4037.9,13,2,4039.8,42,5,4039.9,29,5,4040.0,100,10,4040.1,98,6,4040.2,44,2
11483,2026-07-02 10:03:50+05:30,4039.2,12,4059.85,383123,99106.0,144140.0,4100.0,4110.0,4036.6,4092.6,22542975,4501.8,3683.4,4440.0,3288.1,4038.5,201,2,4038.3,121,7,4038.1,281,13,4038.0,220,10,4037.9,13,2,4039.2,51,1,4039.3,42,1,4039.4,42,1,4039.6,42,1,4039.7,29,1
11483,2026-07-02 10:03:51+05:30,4038.5,6,4059.85,383123,99106.0,144140.0,4100.0,4110.0,4036.6,4092.6,22542975,4501.8,3683.4,4440.0,3288.1,4038.5,201,2,4038.3,121,7,4038.1,281,13,4038.0,220,10,4037.9,13,2,4039.2,51,1,4039.3,42,1,4039.4,42,1,4039.6,42,1,4039.7,29,1
11483,2026-07-02 10:03:51+05:30,4038.5,6,4059.85,383147,98899.0,144252.0,4100.0,4110.0,4036.6,4092.6,22542975,4501.8,3683.4,4440.0,3288.1,4038.5,193,2,4038.3,121,7,4038.1,281,13,4038.0,220,10,4037.9,1,1,4038.8,36,2,4038.9,42,1,4039.0,42,1,4039.2,44,3,4039.4,42,1
11483,2026-07-02 10:03:52+05:30,4038.5,1,4059.85,383147,98899.0,144252.0,4100.0,4110.0,4036.6,4092.6,22542975,4501.8,3683.4,4440.0,3288.1,4038.5,193,2,4038.3,121,7,4038.1,281,13,4038.0,220,10,4037.9,1,1,4038.8,36,2,4038.9,42,1,4039.0,42,1,4039.2,44,3,4039.4,42,1
11483,2026-07-02 10:03:52+05:30,4038.5,1,4059.85,383152,98783.0,144211.0,4100.0,4110.0,4036.6,4092.6,22542975,4501.8,3683.4,4440.0,3288.1,4038.5,188,2,4038.3,121,7,4038.1,281,13,4038.0,220,10,4037.9,1,1,4038.6,35,1,4038.7,42,1,4038.8,43,2,4039.0,42,1,4039.2,44,3
11483,2026-07-02 10:03:53+05:30,4037.4,35,4059.85,383152,98783.0,144211.0,4100.0,4110.0,4036.6,4092.6,22542975,4501.8,3683.4,4440.0,3288.1,4038.5,188,2,4038.3,121,7,4038.1,281,13,4038.0,220,10,4037.9,1,1,4038.6,35,1,4038.7,42,1,4038.8,43,2,4039.0,42,1,4039.2,44,3
11483,2026-07-02 10:03:53+05:30,4037.4,35,4059.82,383734,96864.0,145397.0,4100.0,4110.0,4036.6,4092.6,22542975,4501.8,3683.4,4440.0,3288.1,4037.4,140,2,4037.3,1,1,4037.1,51,2,4037.0,90,16,4036.9,35,1,4037.7,34,1,4037.8,57,3,4037.9,42,1,4038.0,24,2,4038.1,72,8
11483,2026-07-02 10:03:54+05:30,4037.7,1,4059.82,383734,96864.0,145397.0,4100.0,4110.0,4036.6,4092.6,22542975,4501.8,3683.4,4440.0,3288.1,4037.4,140,2,4037.3,1,1,4037.1,51,2,4037.0,90,16,4036.9,35,1,4037.7,34,1,4037.8,57,3,4037.9,42,1,4038.0,24,2,4038.1,72,8
11483,2026-07-02 10:03:54+05:30,4037.4,61,4059.81,383885,96847.0,145205.0,4100.0,4110.0,4036.6,4092.6,22542975,4501.8,3683.4,4440.0,3288.1,4037.3,1,1,4037.1,51,2,4037.0,90,16,4036.9,35,1,4036.8,3,2,4037.4,7,1,4037.5,23,1,4037.6,42,1,4037.7,51,2,4037.9,42,1
11483,2026-07-02 10:03:55+05:30,4037.3,2,4059.81,383885,96847.0,145205.0,4100.0,4110.0,4036.6,4092.6,22542975,4501.8,3683.4,4440.0,3288.1,4037.3,1,1,4037.1,51,2,4037.0,90,16,4036.9,35,1,4036.8,3,2,4037.4,7,1,4037.5,23,1,4037.6,42,1,4037.7,51,2,4037.9,42,1
11483,2026-07-02 10:03:56+05:30,4037.3,8,4059.81,383928,96888.0,145104.0,4100.0,4110.0,4036.6,4092.6,22542975,4501.8,3683.4,4440.0,3288.1,4037.3,10,1,4037.1,51,2,4037.0,90,16,4036.9,35,1,4036.8,23,3,4037.4,4,3,4037.7,9,1,4038.0,9,1,4038.1,24,6,4038.2,5,1
11483,2026-07-02 10:03:56+05:30,4037.4,1,4059.81,383928,96888.0,145104.0,4100.0,4110.0,4036.6,4092.6,22542975,4501.8,3683.4,4440.0,3288.1,4037.3,10,1,4037.1,51,2,4037.0,90,16,4036.9,35,1,4036.8,23,3,4037.4,4,3,4037.7,9,1,4038.0,9,1,4038.1,24,6,4038.2,5,1
11483,2026-07-02 10:03:57+05:30,4037.4,6,4059.8,383951,97264.0,145194.0,4100.0,4110.0,4036.6,4092.6,22542975,4501.8,3683.4,4440.0,3288.1,4037.4,73,1,4037.3,48,2,4037.2,42,1,4037.1,51,2,4037.0,133,18,4038.1,19,6,4038.2,5,1,4038.5,12,1,4038.6,21,3,4038.7,21,2
11483,2026-07-02 10:03:57+05:30,4037.3,24,4059.8,383951,97264.0,145194.0,4100.0,4110.0,4036.6,4092.6,22542975,4501.8,3683.4,4440.0,3288.1,4037.4,73,1,4037.3,48,2,4037.2,42,1,4037.1,51,2,4037.0,133,18,4038.1,19,6,4038.2,5,1,4038.5,12,1,4038.6,21,3,4038.7,21,2
11483,2026-07-02 10:03:58+05:30,4037.2,41,4059.79,384287,96817.0,145429.0,4100.0,4110.0,4036.6,4092.6,22542975,4501.8,3683.4,4440.0,3288.1,4037.2,1,1,4037.1,51,2,4037.0,91,17,4036.9,35,1,4036.8,3,2,4037.4,6,2,4038.0,36,5,4038.3,23,3,4038.4,6,1,4038.5,42,2
11483,2026-07-02 10:03:58+05:30,4037.2,1,4059.79,384287,96817.0,145429.0,4100.0,4110.0,4036.6,4092.6,22542975,4501.8,3683.4,4440.0,3288.1,4037.2,1,1,4037.1,51,2,4037.0,91,17,4036.9,35,1,4036.8,3,2,4037.4,6,2,4038.0,36,5,4038.3,23,3,4038.4,6,1,4038.5,42,2
11483,2026-07-02 10:03:59+05:30,4037.2,4,4059.78,384317,96525.0,145245.0,4100.0,4110.0,4036.6,4092.6,22542975,4501.8,3683.4,4440.0,3288.1,4037.1,51,2,4037.0,91,17,4036.9,35,1,4036.8,4,3,4036.6,21,3,4037.2,6,2,4037.4,6,2,4038.0,30,4,4038.3,23,3,4038.4,6,1
11483,2026-07-02 10:03:59+05:30,4037.4,1,4059.78,384317,96525.0,145245.0,4100.0,4110.0,4036.6,4092.6,22542975,4501.8,3683.4,4440.0,3288.1,4037.1,51,2,4037.0,91,17,4036.9,35,1,4036.8,4,3,4036.6,21,3,4037.2,6,2,4037.4,6,2,4038.0,30,4,4038.3,23,3,4038.4,6,1
11483,2026-07-02 10:04:00+05:30,4037.4,4,4059.78,384354,96773.0,145245.0,4100.0,4110.0,4036.6,4092.6,22542975,4501.8,3683.4,4440.0,3288.1,4037.2,66,1,4037.1,93,3,4037.0,133,18,4036.9,35,1,4036.8,46,4,4037.4,6,2,4038.0,14,2,4038.3,5,1,4038.4,6,1,4038.5,42,2
11483,2026-07-02 10:04:00+05:30,4037.3,11,4059.78,384354,96773.0,145245.0,4100.0,4110.0,4036.6,4092.6,22542975,4501.8,3683.4,4440.0,3288.1,4037.2,66,1,4037.1,93,3,4037.0,133,18,4036.9,35,1,4036.8,46,4,4037.4,6,2,4038.0,14,2,4038.3,5,1,4038.4,6,1,4038.5,42,2
11483,2026-07-02 10:04:01+05:30,4037.4,3,4059.77,384474,97277.0,145135.0,4100.0,4110.0,4036.6,4092.6,22542975,4501.8,3683.4,4440.0,3288.1,4037.3,66,1,4037.2,42,1,4037.1,59,2,4037.0,106,18,4036.9,77,2,4037.4,5,4,4038.0,14,2,4038.2,12,1,4038.3,5,1,4038.4,6,1
11483,2026-07-02 10:04:01+05:30,4037.4,3,4059.77,384474,97277.0,145135.0,4100.0,4110.0,4036.6,4092.6,22542975,4501.8,3683.4,4440.0,3288.1,4037.3,66,1,4037.2,42,1,4037.1,59,2,4037.0,106,18,4036.9,77,2,4037.4,5,4,4038.0,14,2,4038.2,12,1,4038.3,5,1,4038.4,6,1
11483,2026-07-02 10:04:02+05:30,4037.4,15,4059.77,384518,97462.0,145010.0,4100.0,4110.0,4036.6,4092.6,22542975,4501.8,3683.4,4440.0,3288.1,4037.4,22,1,4037.3,96,3,4037.2,42,1,4037.1,17,1,4037.0,148,19,4038.0,14,2,4038.3,5,1,4038.4,6,1,4038.5,42,2,4038.6,17,2
11483,2026-07-02 10:04:02+05:30,4037.3,10,4059.77,384518,97462.0,145010.0,4100.0,4110.0,4036.6,4092.6,22542975,4501.8,3683.4,4440.0,3288.1,4037.4,22,1,4037.3,96,3,4037.2,42,1,4037.1,17,1,4037.0,148,19,4038.0,14,2,4038.3,5,1,4038.4,6,1,4038.5,42,2,4038.6,17,2
11483,2026-07-02 10:04:03+05:30,4038.0,1,4059.77,384632,97522.0,144974.0,4100.0,4110.0,4036.6,4092.6,22542975,4501.8,3683.4,4440.0,3288.1,4037.7,39,1,4037.5,42,1,4037.3,53,3,4037.1,59,2,4037.0,107,19,4038.0,7,2,4038.3,5,1,4038.5,30,1,4038.6,17,2,4038.7,5,1
11483,2026-07-02 10:04:03+05:30,4038.0,2,4059.77,384632,97522.0,144974.0,4100.0,4110.0,4036.6,4092.6,22542975,4501.8,3683.4,4440.0,3288.1,4037.7,39,1,4037.5,42,1,4037.3,53,3,4037.1,59,2,4037.0,107,19,4038.0,7,2,4038.3,5,1,4038.5,30,1,4038.6,17,2,4038.7,5,1
11483,2026-07-02 10:04:04+05:30,4037.8,1,4059.76,384643,97755.0,144833.0,4100.0,4110.0,4036.6,4092.6,22542975,4501.8,3683.4,4440.0,3288.1,4037.8,41,1,4037.7,42,1,4037.5,42,1,4037.3,53,3,4037.2,36,2,4038.0,4,3,4038.7,5,1,4038.8,12,1,4039.0,5,1,4039.2,29,3
11483,2026-07-02 10:04:04+05:30,4038.0,1,4059.76,384643,97755.0,144833.0,4100.0,4110.0,4036.6,4092.6,22542975,4501.8,3683.4,4440.0,3288.1,4037.8,41,1,4037.7,42,1,4037.5,42,1,4037.3,53,3,4037.2,36,2,4038.0,4,3,4038.7,5,1,4038.8,12,1,4039.0,5,1,4039.2,29,3
11483,2026-07-02 10:04:05+05:30,4038.0,5,4059.76,384658,98211.0,143489.0,4100.0,4110.0,4036.6,4092.6,22542975,4501.8,3683.4,4440.0,3288.1,4038.0,27,1,4037.8,119,4,4037.6,42,1,4037.4,52,2,4037.3,11,2,4039.1,11,1,4039.2,23,3,4039.3,25,1,4039.4,30,2,4039.5,17,2
11483,2026-07-02 10:04:05+05:30,4037.8,5,4059.76,384658,98211.0,143489.0,4100.0,4110.0,4036.6,4092.6,22542975,4501.8,3683.4,4440.0,3288.1,4038.0,27,1,4037.8,119,4,4037.6,42,1,4037.4,52,2,4037.3,11,2,4039.1,11,1,4039.2,23,3,4039.3,25,1,4039.4,30,2,4039.5,17,2
11483,2026-07-02 10:04:06+05:30,4039.3,10,4059.75,384891,98815.0,143765.0,4100.0,4110.0,4036.6,4092.6,22542975,4501.8,3683.4,4440.0,3288.1,4039.1,1,1,4038.2,13,1,4038.1,37,2,4038.0,61,3,4037.8,57,4,4039.4,30,2,4039.9,21,2,4040.0,7,1,4040.4,76,5,4040.5,21,2
11483,2026-07-02 10:04:06+05:30,4039.3,10,4059.75,384891,98815.0,143765.0,4100.0,4110.0,4036.6,4092.6,22542975,4501.8,3683.4,4440.0,3288.1,4039.1,1,1,4038.2,13,1,4038.1,37,2,4038.0,61,3,4037.8,57,4,4039.4,30,2,4039.9,21,2,4040.0,7,1,4040.4,76,5,4040.5,21,2
11483,2026-07-02 10:04:07+05:30,4039.3,1,4059.74,385071,99513.0,143055.0,4100.0,4110.0,4036.6,4092.6,22542975,4501.8,3683.4,4440.0,3288.1,4038.7,20,1,4038.6,9,1,4038.5,29,2,4038.4,33,2,4038.3,25,2,4039.3,4,2,4040.0,7,1,4040.2,5,1,4040.4,20,1,4040.6,5,1
11483,2026-07-02 10:04:07+05:30,4039.3,1,4059.74,385071,99513.0,143055.0,4100.0,4110.0,4036.6,4092.6,22542975,4501.8,3683.4,4440.0,3288.1,4038.7,20,1,4038.6,9,1,4038.5,29,2,4038.4,33,2,4038.3,25,2,4039.3,4,2,4040.0,7,1,4040.2,5,1,4040.4,20,1,4040.6,5,1
11483,2026-07-02 10:04:08+05:30,4038.0,10,4059.72,385422,98590.0,143560.0,4100.0,4110.0,4036.6,4092.6,22542975,4501.8,3683.4,4440.0,3288.1,4038.1,15,1,4038.0,49,5,4037.9,40,3,4037.8,26,2,4037.7,25,1,4039.2,14,2,4039.3,6,4,4039.5,5,1,4039.9,4,1,4040.0,28,4
11483,2026-07-02 10:04:08+05:30,4039.2,5,4059.72,385422,98590.0,143560.0,4100.0,4110.0,4036.6,4092.6,22542975,4501.8,3683.4,4440.0,3288.1,4038.1,15,1,4038.0,49,5,4037.9,40,3,4037.8,26,2,4037.7,25,1,4039.2,14,2,4039.3,6,4,4039.5,5,1,4039.9,4,1,4040.0,28,4
11483,2026-07-02 10:04:09+05:30,4040.0,40,4059.71,385594,98777.0,143166.0,4100.0,4110.0,4036.6,4092.6,22542975,4501.8,3683.4,4440.0,3288.1,4038.0,27,2,4037.9,20,3,4037.8,70,3,4037.7,39,2,4037.6,33,2,4039.6,11,1,4039.7,11,1,4039.8,49,4,4039.9,22,2,4040.0,22,5
11483,2026-07-02 10:04:09+05:30,4040.0,40,4059.71,385594,98777.0,143166.0,4100.0,4110.0,4036.6,4092.6,22542975,4501.8,3683.4,4440.0,3288.1,4038.0,27,2,4037.9,20,3,4037.8,70,3,4037.7,39,2,4037.6,33,2,4039.6,11,1,4039.7,11,1,4039.8,49,4,4039.9,22,2,4040.0,22,5
11483,2026-07-02 10:04:10+05:30,4039.0,25,4059.71,385623,98301.0,144297.0,4100.0,4110.0,4036.6,4092.6,22542975,4501.8,3683.4,4440.0,3288.1,4038.0,31,1,4037.8,14,1,4037.6,22,1,4037.4,37,3,4037.3,44,4,4039.0,17,4,4039.1,12,1,4039.4,40,3,4039.5,76,8,4039.6,15,2
11483,2026-07-02 10:04:10+05:30,4039.0,25,4059.71,385623,98301.0,144297.0,4100.0,4110.0,4036.6,4092.6,22542975,4501.8,3683.4,4440.0,3288.1,4038.0,31,1,4037.8,14,1,4037.6,22,1,4037.4,37,3,4037.3,44,4,4039.0,17,4,4039.1,12,1,4039.4,40,3,4039.5,76,8,4039.6,15,2
11483,2026-07-02 10:04:11+05:30,4038.9,1,4059.71,385636,98335.0,144300.0,4100.0,4110.0,4036.6,4092.6,22542975,4501.8,3683.4,4440.0,3288.1,4038.0,52,2,4037.8,14,1,4037.4,12,2,4037.3,11,2,4037.2,14,1,4038.9,14,2,4039.0,17,4,4039.2,12,1,4039.4,40,3,4039.5,98,9
11483,2026-07-02 10:04:11+05:30,4038.9,1,4059.71,385636,98335.0,144300.0,4100.0,4110.0,4036.6,4092.6,22542975,4501.8,3683.4,4440.0,3288.1,4038.0,52,2,4037.8,14,1,4037.4,12,2,4037.3,11,2,4037.2,14,1,4038.9,14,2,4039.0,17,4,4039.2,12,1,4039.4,40,3,4039.5,98,9
11483,2026-07-02 10:04:12+05:30,4039.0,2,4059.71,385636,98335.0,144300.0,4100.0,4110.0,4036.6,4092.6,22542975,4501.8,3683.4,4440.0,3288.1,4038.0,52,2,4037.8,14,1,4037.4,12,2,4037.3,11,2,4037.2,14,1,4038.9,14,2,4039.0,17,4,4039.2,12,1,4039.4,40,3,4039.5,98,9
11483,2026-07-02 10:04:12+05:30,4039.0,2,4059.71,385643,98643.0,143880.0,4100.0,4110.0,4036.6,4092.6,22542975,4501.8,3683.4,4440.0,3288.1,4038.0,86,4,4037.8,14,1,4037.6,41,2,4037.5,42,2,4037.4,12,2,4039.0,2,2,4039.4,4,1,4039.5,49,5,4039.6,3,1,4039.8,27,2
11483,2026-07-02 10:04:12+05:30,4039.0,2,4059.71,385643,98643.0,143880.0,4100.0,4110.0,4036.6,4092.6,22542975,4501.8,3683.4,4440.0,3288.1,4038.0,86,4,4037.8,14,1,4037.6,41,2,4037.5,42,2,4037.4,12,2,4039.0,2,2,4039.4,4,1,4039.5,49,5,4039.6,3,1,4039.8,27,2
11483,2026-07-02 10:04:13+05:30,4039.0,2,4059.71,385643,98643.0,143880.0,4100.0,4110.0,4036.6,4092.6,22542975,4501.8,3683.4,4440.0,3288.1,4038.0,86,4,4037.8,14,1,4037.6,41,2,4037.5,42,2,4037.4,12,2,4039.0,2,2,4039.4,4,1,4039.5,49,5,4039.6,3,1,4039.8,27,2
11483,2026-07-02 10:04:13+05:30,4039.0,1,4059.71,385643,98643.0,143880.0,4100.0,4110.0,4036.6,4092.6,22542975,4501.8,3683.4,4440.0,3288.1,4038.0,86,4,4037.8,14,1,4037.6,41,2,4037.5,42,2,4037.4,12,2,4039.0,2,2,4039.4,4,1,4039.5,49,5,4039.6,3,1,4039.8,27,2
11483,2026-07-02 10:04:13+05:30,4039.0,1,4059.71,385644,98647.0,143894.0,4100.0,4110.0,4036.6,4092.6,22542975,4501.8,3683.4,4440.0,3288.1,4038.0,86,4,4037.8,14,1,4037.6,41,2,4037.5,42,2,4037.4,12,2,4039.0,2,2,4039.4,4,1,4039.5,49,5,4039.6,3,1,4039.8,27,2
11483,2026-07-02 10:04:13+05:30,4039.0,1,4059.71,385644,98647.0,143894.0,4100.0,4110.0,4036.6,4092.6,22542975,4501.8,3683.4,4440.0,3288.1,4038.0,86,4,4037.8,14,1,4037.6,41,2,4037.5,42,2,4037.4,12,2,4039.0,2,2,4039.4,4,1,4039.5,49,5,4039.6,3,1,4039.8,27,2
11483,2026-07-02 10:04:14+05:30,4039.0,1,4059.71,385644,98647.0,143894.0,4100.0,4110.0,4036.6,4092.6,22542975,4501.8,3683.4,4440.0,3288.1,4038.0,86,4,4037.8,14,1,4037.6,41,2,4037.5,42,2,4037.4,12,2,4039.0,2,2,4039.4,4,1,4039.5,49,5,4039.6,3,1,4039.8,27,2
11483,2026-07-02 10:04:14+05:30,4038.1,1,4059.71,385644,98647.0,143894.0,4100.0,4110.0,4036.6,4092.6,22542975,4501.8,3683.4,4440.0,3288.1,4038.0,86,4,4037.8,14,1,4037.6,41,2,4037.5,42,2,4037.4,12,2,4039.0,2,2,4039.4,4,1,4039.5,49,5,4039.6,3,1,4039.8,27,2
11483,2026-07-02 10:04:14+05:30,4038.1,1,4059.71,385677,97984.0,144083.0,4100.0,4110.0,4036.6,4092.6,22542975,4501.8,3683.4,4440.0,3288.1,4038.0,82,5,4037.8,14,1,4037.4,12,2,4037.3,11,2,4037.1,22,2,4038.1,186,2,4039.0,23,4,4039.3,4,1,4039.4,68,4,4039.5,63,5
11483,2026-07-02 10:04:14+05:30,4038.1,1,4059.71,385677,97984.0,144083.0,4100.0,4110.0,4036.6,4092.6,22542975,4501.8,3683.4,4440.0,3288.1,4038.0,82,5,4037.8,14,1,4037.4,12,2,4037.3,11,2,4037.1,22,2,4038.1,186,2,4039.0,23,4,4039.3,4,1,4039.4,68,4,4039.5,63,5
11483,2026-07-02 10:04:15+05:30,4038.1,1,4059.71,385677,97984.0,144083.0,4100.0,4110.0,4036.6,4092.6,22542975,4501.8,3683.4,4440.0,3288.1,4038.0,82,5,4037.8,14,1,4037.4,12,2,4037.3,11,2,4037.1,22,2,4038.1,186,2,4039.0,23,4,4039.3,4,1,4039.4,68,4,4039.5,63,5
11483,2026-07-02 10:04:15+05:30,4038.1,1,4059.71,385677,97984.0,144083.0,4100.0,4110.0,4036.6,4092.6,22542975,4501.8,3683.4,4440.0,3288.1,4038.0,82,5,4037.8,14,1,4037.4,12,2,4037.3,11,2,4037.1,22,2,4038.1,186,2,4039.0,23,4,4039.3,4,1,4039.4,68,4,4039.5,63,5
11483,2026-07-02 10:04:15+05:30,4038.1,2,4059.7,385795,97993.0,143971.0,4100.0,4110.0,4036.6,4092.6,22542975,4501.8,3683.4,4440.0,3288.1,4038.0,81,5,4037.8,14,1,4037.4,12,2,4037.3,11,2,4037.1,22,2,4038.1,74,6,4039.0,22,3,4039.3,4,1,4039.4,68,4,4039.5,63,5
11483,2026-07-02 10:04:15+05:30,4038.1,2,4059.7,385795,97993.0,143971.0,4100.0,4110.0,4036.6,4092.6,22542975,4501.8,3683.4,4440.0,3288.1,4038.0,81,5,4037.8,14,1,4037.4,12,2,4037.3,11,2,4037.1,22,2,4038.1,74,6,4039.0,22,3,4039.3,4,1,4039.4,68,4,4039.5,63,5
11483,2026-07-02 10:04:16+05:30,4038.1,2,4059.7,385795,97993.0,143971.0,4100.0,4110.0,4036.6,4092.6,22569575,4501.8,3683.4,4440.0,3288.1,4038.0,81,5,4037.8,14,1,4037.4,12,2,4037.3,11,2,4037.1,22,2,4038.1,74,6,4039.0,22,3,4039.3,4,1,4039.4,68,4,4039.5,63,5
11483,2026-07-02 10:04:16+05:30,4039.4,29,4059.7,385795,97993.0,143971.0,4100.0,4110.0,4036.6,4092.6,22569575,4501.8,3683.4,4440.0,3288.1,4038.0,81,5,4037.8,14,1,4037.4,12,2,4037.3,11,2,4037.1,22,2,4038.1,74,6,4039.0,22,3,4039.3,4,1,4039.4,68,4,4039.5,63,5
11483,2026-07-02 10:04:16+05:30,4039.4,29,4059.69,385998,98997.0,143824.0,4100.0,4110.0,4036.6,4092.6,22569575,4501.8,3683.4,4440.0,3288.1,4038.0,81,5,4037.8,34,3,4037.7,46,2,4037.6,24,1,4037.5,46,2,4039.4,15,3,4039.5,29,2,4039.8,15,1,4040.0,54,4,4040.1,27,2
11483,2026-07-02 10:04:17+05:30,4039.4,29,4059.69,385998,98997.0,143824.0,4100.0,4110.0,4036.6,4092.6,22569575,4501.8,3683.4,4440.0,3288.1,4038.0,81,5,4037.8,34,3,4037.7,46,2,4037.6,24,1,4037.5,46,2,4039.4,15,3,4039.5,29,2,4039.8,15,1,4040.0,54,4,4040.1,27,2
11483,2026-07-02 10:04:17+05:30,4037.8,4,4059.69,385998,98997.0,143824.0,4100.0,4110.0,4036.6,4092.6,22569575,4501.8,3683.4,4440.0,3288.1,4038.0,81,5,4037.8,34,3,4037.7,46,2,4037.6,24,1,4037.5,46,2,4039.4,15,3,4039.5,29,2,4039.8,15,1,4040.0,54,4,4040.1,27,2
11483,2026-07-02 10:04:17+05:30,4039.2,1,4059.68,386229,99189.0,143532.0,4100.0,4110.0,4036.6,4092.6,22569575,4501.8,3683.4,4440.0,3288.1,4037.9,47,3,4037.8,34,2,4037.7,60,4,4037.6,47,4,4037.5,13,2,4039.2,10,1,4039.3,11,1,4039.4,15,3,4039.5,37,3,4039.8,15,1
11483,2026-07-02 10:04:18+05:30,4039.2,1,4059.68,386229,99189.0,143532.0,4100.0,4110.0,4036.6,4092.6,22569575,4501.8,3683.4,4440.0,3288.1,4037.9,47,3,4037.8,34,2,4037.7,60,4,4037.6,47,4,4037.5,13,2,4039.2,10,1,4039.3,11,1,4039.4,15,3,4039.5,37,3,4039.8,15,1
11483,2026-07-02 10:04:18+05:30,4039.2,1,4059.68,386230,99260.0,143570.0,4100.0,4110.0,4036.6,4092.6,22569575,4501.8,3683.4,4440.0,3288.1,4038.0,20,1,4037.9,17,1,4037.8,34,2,4037.7,40,3,4037.6,47,4,4039.2,13,3,4039.3,11,1,4039.4,15,3,4039.5,37,3,4039.8,15,1
11483,2026-07-02 10:04:18+05:30,4039.2,1,4059.68,386230,99260.0,143570.0,4100.0,4110.0,4036.6,4092.6,22569575,4501.8,3683.4,4440.0,3288.1,4038.0,20,1,4037.9,17,1,4037.8,34,2,4037.7,40,3,4037.6,47,4,4039.2,13,3,4039.3,11,1,4039.4,15,3,4039.5,37,3,4039.8,15,1
11483,2026-07-02 10:04:20+05:30,4039.2,1,4059.68,386230,100136.0,143121.0,4100.0,4110.0,4036.6,4092.6,22569575,4501.8,3683.4,4440.0,3288.1,4039.0,1,1,4038.2,15,1,4038.0,107,7,4037.9,44,3,4037.8,35,3,4039.2,4,2,4039.4,4,2,4040.0,32,3,4040.2,5,1,4040.3,6,1
11483,2026-07-02 10:04:21+05:30,4039.0,1,4059.68,386237,99735.0,143183.0,4100.0,4110.0,4036.6,4092.6,22569575,4501.8,3683.4,4440.0,3288.1,4038.2,50,3,4038.1,30,2,4038.0,71,5,4037.9,27,2,4037.8,16,2,4039.2,4,3,4039.4,4,2,4040.0,32,3,4040.2,5,1,4040.3,6,1
11483,2026-07-02 10:04:21+05:30,4038.2,13,4059.68,386237,99735.0,143183.0,4100.0,4110.0,4036.6,4092.6,22569575,4501.8,3683.4,4440.0,3288.1,4038.2,50,3,4038.1,30,2,4038.0,71,5,4037.9,27,2,4037.8,16,2,4039.2,4,3,4039.4,4,2,4040.0,32,3,4040.2,5,1,4040.3,6,1
11483,2026-07-02 10:04:22+05:30,4039.2,1,4059.67,386276,99580.0,143572.0,4100.0,4110.0,4036.6,4092.6,22569575,4501.8,3683.4,4440.0,3288.1,4038.2,73,6,4038.1,48,4,4038.0,39,4,4037.9,34,2,4037.8,22,2,4039.2,4,2,4040.0,37,4,4040.2,5,1,4040.3,6,1,4040.4,60,4
11483,2026-07-02 10:04:22+05:30,4039.2,1,4059.67,386276,99580.0,143572.0,4100.0,4110.0,4036.6,4092.6,22569575,4501.8,3683.4,4440.0,3288.1,4038.2,73,6,4038.1,48,4,4038.0,39,4,4037.9,34,2,4037.8,22,2,4039.2,4,2,4040.0,37,4,4040.2,5,1,4040.3,6,1,4040.4,60,4
11483,2026-07-02 10:04:23+05:30,4039.9,5,4059.66,386513,99692.0,142976.0,4100.0,4110.0,4036.6,4092.6,22569575,4501.8,3683.4,4440.0,3288.1,4038.4,10,1,4038.3,82,5,4038.2,27,3,4038.1,51,3,4038.0,105,10,4040.0,8,1,4040.1,18,2,4040.2,25,2,4040.4,20,1,4040.7,31,2
11483,2026-07-02 10:04:23+05:30,4039.9,5,4059.66,386513,99692.0,142976.0,4100.0,4110.0,4036.6,4092.6,22569575,4501.8,3683.4,4440.0,3288.1,4038.4,10,1,4038.3,82,5,4038.2,27,3,4038.1,51,3,4038.0,105,10,4040.0,8,1,4040.1,18,2,4040.2,25,2,4040.4,20,1,4040.7,31,2
11483,2026-07-02 10:04:24+05:30,4039.9,5,4059.66,386513,99813.0,143443.0,4100.0,4110.0,4036.6,4092.6,22569575,4501.8,3683.4,4440.0,3288.1,4038.3,30,2,4038.1,34,2,4038.0,86,7,4037.9,71,4,4037.8,5,1,4039.0,75,1,4039.9,2,2,4040.0,23,3,4040.1,28,2,4040.2,22,3
11483,2026-07-02 10:04:25+05:30,4039.0,2,4059.66,386513,99813.0,143443.0,4100.0,4110.0,4036.6,4092.6,22569575,4501.8,3683.4,4440.0,3288.1,4038.3,30,2,4038.1,34,2,4038.0,86,7,4037.9,71,4,4037.8,5,1,4039.0,75,1,4039.9,2,2,4040.0,23,3,4040.1,28,2,4040.2,22,3
11483,2026-07-02 10:04:25+05:30,4039.0,2,4059.66,386515,99555.0,143546.0,4100.0,4110.0,4036.6,4092.6,22569575,4501.8,3683.4,4440.0,3288.1,4038.3,28,1,4038.1,10,1,4038.0,83,6,4037.9,51,3,4037.8,5,1,4039.0,73,1,4039.9,9,3,4040.0,23,3,4040.1,28,2,4040.2,17,2
11483,2026-07-02 10:04:26+05:30,4039.0,1,4059.66,386515,99555.0,143546.0,4100.0,4110.0,4036.6,4092.6,22569575,4501.8,3683.4,4440.0,3288.1,4038.3,28,1,4038.1,10,1,4038.0,83,6,4037.9,51,3,4037.8,5,1,4039.0,73,1,4039.9,9,3,4040.0,23,3,4040.1,28,2,4040.2,17,2
11483,2026-07-02 10:04:26+05:30,4039.0,10,4059.66,386553,99678.0,143317.0,4100.0,4110.0,4036.6,4092.6,22569575,4501.8,3683.4,4440.0,3288.1,4038.3,27,1,4038.1,10,1,4038.0,83,6,4037.9,51,3,4037.8,25,2,4039.0,36,1,4039.9,2,2,4040.0,37,4,4040.1,28,2,4040.2,17,2
11483,2026-07-02 10:04:27+05:30,4039.0,1,4059.66,386553,99678.0,143317.0,4100.0,4110.0,4036.6,4092.6,22569575,4501.8,3683.4,4440.0,3288.1,4038.3,27,1,4038.1,10,1,4038.0,83,6,4037.9,51,3,4037.8,25,2,4039.0,36,1,4039.9,2,2,4040.0,37,4,4040.1,28,2,4040.2,17,2
11483,2026-07-02 10:04:28+05:30,4039.0,1,4059.66,386554,100445.0,143491.0,4100.0,4110.0,4036.6,4092.6,22569575,4501.8,3683.4,4440.0,3288.1,4038.7,36,1,4038.3,27,1,4038.1,10,1,4038.0,83,6,4037.9,51,3,4039.0,47,4,4039.9,2,2,4040.0,22,2,4040.1,8,1,4040.2,5,1
11483,2026-07-02 10:04:28+05:30,4038.7,4,4059.66,386554,100445.0,143491.0,4100.0,4110.0,4036.6,4092.6,22569575,4501.8,3683.4,4440.0,3288.1,4038.7,36,1,4038.3,27,1,4038.1,10,1,4038.0,83,6,4037.9,51,3,4039.0,47,4,4039.9,2,2,4040.0,22,2,4040.1,8,1,4040.2,5,1
11483,2026-07-02 10:04:29+05:30,4039.0,2,4059.65,386635,100819.0,142410.0,4100.0,4110.0,4036.6,4092.6,22569575,4501.8,3683.4,4440.0,3288.1,4039.2,17,1,4039.1,25,2,4039.0,33,3,4038.9,33,2,4038.8,40,3,4040.0,8,1,4040.7,18,1,4040.9,33,2,4041.1,16,1,4041.3,29,2
11483,2026-07-02 10:04:29+05:30,4039.2,8,4059.65,386635,100819.0,142410.0,4100.0,4110.0,4036.6,4092.6,22569575,4501.8,3683.4,4440.0,3288.1,4039.2,17,1,4039.1,25,2,4039.0,33,3,4038.9,33,2,4038.8,40,3,4040.0,8,1,4040.7,18,1,4040.9,33,2,4041.1,16,1,4041.3,29,2
11483,2026-07-02 10:04:30+05:30,4041.1,7,4059.65,386717,101165.0,142178.0,4100.0,4110.0,4036.6,4092.6,22569575,4501.8,3683.4,4440.0,3288.1,4039.1,48,4,4039.0,61,4,4038.9,60,2,4038.8,56,4,4038.7,86,7,4040.7,11,1,4041.0,24,2,4041.1,16,2,4041.3,26,1,4041.4,96,3
11483,2026-07-02 10:04:30+05:30,4041.1,1,4059.65,386717,101165.0,142178.0,4100.0,4110.0,4036.6,4092.6,22569575,4501.8,3683.4,4440.0,3288.1,4039.1,48,4,4039.0,61,4,4038.9,60,2,4038.8,56,4,4038.7,86,7,4040.7,11,1,4041.0,24,2,4041.1,16,2,4041.3,26,1,4041.4,96,3
11483,2026-07-02 10:04:31+05:30,4039.2,14,4059.62,387366,101189.0,141732.0,4100.0,4110.0,4036.6,4092.6,22569575,4501.8,3683.4,4440.0,3288.1,4039.6,39,1,4039.4,11,1,4039.3,25,2,4039.2,29,2,4039.1,76,4,4041.2,42,2,4041.3,4,1,4041.4,32,3,4041.5,27,3,4041.6,71,8
11483,2026-07-02 10:04:31+05:30,4041.0,1,4059.62,387366,101189.0,141732.0,4100.0,4110.0,4036.6,4092.6,22569575,4501.8,3683.4,4440.0,3288.1,4039.6,39,1,4039.4,11,1,4039.3,25,2,4039.2,29,2,4039.1,76,4,4041.2,42,2,4041.3,4,1,4041.4,32,3,4041.5,27,3,4041.6,71,8
11483,2026-07-02 10:04:32+05:30,4041.0,20,4059.61,387483,101724.0,142218.0,4100.0,4110.0,4036.6,4092.6,22569575,4501.8,3683.4,4440.0,3288.1,4039.7,32,2,4039.6,58,3,4039.5,55,4,4039.4,30,2,4039.2,47,3,4041.0,13,3,4041.4,23,2,4041.5,16,2,4041.6,54,5,4041.7,31,3
11483,2026-07-02 10:04:32+05:30,4041.0,1,4059.61,387483,101724.0,142218.0,4100.0,4110.0,4036.6,4092.6,22569575,4501.8,3683.4,4440.0,3288.1,4039.7,32,2,4039.6,58,3,4039.5,55,4,4039.4,30,2,4039.2,47,3,4041.0,13,3,4041.4,23,2,4041.5,16,2,4041.6,54,5,4041.7,31,3
11483,2026-07-02 10:04:33+05:30,4042.1,11,4059.6,387709,102477.0,141463.0,4100.0,4110.0,4036.6,4092.6,22569575,4501.8,3683.4,4440.0,3288.1,4040.6,38,1,4040.4,20,2,4040.3,11,1,4040.1,99,6,4040.0,10,1,4042.0,39,4,4042.1,45,6,4042.3,28,2,4042.4,54,3,4042.5,6,1
11483,2026-07-02 10:04:33+05:30,4042.1,11,4059.6,387709,102477.0,141463.0,4100.0,4110.0,4036.6,4092.6,22569575,4501.8,3683.4,4440.0,3288.1,4040.6,38,1,4040.4,20,2,4040.3,11,1,4040.1,99,6,4040.0,10,1,4042.0,39,4,4042.1,45,6,4042.3,28,2,4042.4,54,3,4042.5,6,1
11483,2026-07-02 10:04:34+05:30,4042.1,11,4059.6,387709,102558.0,141693.0,4100.0,4110.0,4036.6,4092.6,22569575,4501.8,3683.4,4440.0,3288.1,4040.6,38,1,4040.1,84,4,4040.0,12,2,4039.8,49,3,4039.7,37,2,4041.8,30,5,4041.9,12,2,4042.0,42,4,4042.1,64,7,4042.2,12,1
11483,2026-07-02 10:04:35+05:30,4042.1,11,4059.6,387709,102516.0,141811.0,4100.0,4110.0,4036.6,4092.6,22569575,4501.8,3683.4,4440.0,3288.1,4040.6,38,1,4040.1,84,4,4040.0,12,2,4039.8,49,3,4039.7,39,3,4041.7,20,3,4041.8,34,5,4041.9,12,2,4042.0,42,4,4042.1,67,8
11483,2026-07-02 10:04:36+05:30,4040.6,1,4059.6,387710,102552.0,141811.0,4100.0,4110.0,4036.6,4092.6,22569575,4501.8,3683.4,4440.0,3288.1,4040.6,37,1,4040.1,55,3,4040.0,12,2,4039.8,49,3,4039.7,39,3,4041.7,37,5,4041.8,27,4,4041.9,12,2,4042.0,34,4,4042.1,64,7
11483,2026-07-02 10:04:36+05:30,4040.6,1,4059.6,387710,102552.0,141811.0,4100.0,4110.0,4036.6,4092.6,22569575,4501.8,3683.4,4440.0,3288.1,4040.6,37,1,4040.1,55,3,4040.0,12,2,4039.8,49,3,4039.7,39,3,4041.7,37,5,4041.8,27,4,4041.9,12,2,4042.0,34,4,4042.1,64,7
11483,2026-07-02 10:04:37+05:30,4041.2,4,4059.6,387710,102552.0,141811.0,4100.0,4110.0,4036.6,4092.6,22569575,4501.8,3683.4,4440.0,3288.1,4040.6,37,1,4040.1,55,3,4040.0,12,2,4039.8,49,3,4039.7,39,3,4041.7,37,5,4041.8,27,4,4041.9,12,2,4042.0,34,4,4042.1,64,7
11483,2026-07-02 10:04:37+05:30,4041.2,4,4059.6,387748,102627.0,141959.0,4100.0,4110.0,4036.6,4092.6,22569575,4501.8,3683.4,4440.0,3288.1,4041.2,1,1,4041.1,50,1,4040.1,55,3,4040.0,2,1,4039.8,49,3,4041.5,40,5,4041.6,18,2,4041.7,12,3,4041.8,16,3,4041.9,24,3
11483,2026-07-02 10:04:38+05:30,4040.0,2,4059.6,387748,102627.0,141959.0,4100.0,4110.0,4036.6,4092.6,22569575,4501.8,3683.4,4440.0,3288.1,4041.2,1,1,4041.1,50,1,4040.1,55,3,4040.0,2,1,4039.8,49,3,4041.5,40,5,4041.6,18,2,4041.7,12,3,4041.8,16,3,4041.9,24,3
11483,2026-07-02 10:04:38+05:30,4040.0,2,4059.6,387813,101088.0,143139.0,4100.0,4110.0,4036.6,4092.6,22569575,4501.8,3683.4,4440.0,3288.1,4039.7,2,1,4039.0,33,6,4038.8,20,1,4038.7,32,2,4038.6,7,2,4040.0,175,3,4040.6,19,2,4040.9,7,1,4041.0,5,1,4041.1,9,2
11483,2026-07-02 10:04:39+05:30,4040.0,20,4059.6,387813,101088.0,143139.0,4100.0,4110.0,4036.6,4092.6,22569575,4501.8,3683.4,4440.0,3288.1,4039.7,2,1,4039.0,33,6,4038.8,20,1,4038.7,32,2,4038.6,7,2,4040.0,175,3,4040.6,19,2,4040.9,7,1,4041.0,5,1,4041.1,9,2
11483,2026-07-02 10:04:39+05:30,4040.0,20,4059.59,387833,101180.0,143408.0,4100.0,4110.0,4036.6,4092.6,22569575,4501.8,3683.4,4440.0,3288.1,4039.7,2,1,4039.0,58,7,4038.7,28,1,4038.6,22,2,4038.5,26,1,4040.0,155,3,4040.1,12,1,4040.3,5,1,4040.4,5,1,4040.6,7,1
11483,2026-07-02 10:04:40+05:30,4040.0,20,4059.59,387833,101189.0,143436.0,4100.0,4110.0,4036.6,4092.6,22569575,4501.8,3683.4,4440.0,3288.1,4039.7,2,1,4039.0,58,7,4038.7,48,2,4038.6,5,1,4038.5,26,1,4040.0,180,7,4040.3,5,1,4040.4,5,1,4040.6,7,1,4040.7,12,1
11483,2026-07-02 10:04:41+05:30,4040.0,3,4059.59,387833,101189.0,143436.0,4100.0,4110.0,4036.6,4092.6,22569575,4501.8,3683.4,4440.0,3288.1,4039.7,2,1,4039.0,58,7,4038.7,48,2,4038.6,5,1,4038.5,26,1,4040.0,180,7,4040.3,5,1,4040.4,5,1,4040.6,7,1,4040.7,12,1
11483,2026-07-02 10:04:41+05:30,4040.0,3,4059.59,387836,101172.0,143536.0,4100.0,4110.0,4036.6,4092.6,22569575,4501.8,3683.4,4440.0,3288.1,4039.8,20,1,4039.7,2,1,4039.0,58,7,4038.7,48,2,4038.6,22,2,4040.0,153,4,4040.9,7,1,4041.0,5,1,4041.1,8,1,4041.2,49,6
11483,2026-07-02 10:04:42+05:30,4040.0,3,4059.59,387836,101172.0,143536.0,4100.0,4110.0,4036.6,4092.6,22569575,4501.8,3683.4,4440.0,3288.1,4039.8,20,1,4039.7,2,1,4039.0,58,7,4038.7,48,2,4038.6,22,2,4040.0,153,4,4040.9,7,1,4041.0,5,1,4041.1,8,1,4041.2,49,6
11483,2026-07-02 10:04:42+05:30,4040.0,3,4059.59,387839,101256.0,143531.0,4100.0,4110.0,4036.6,4092.6,22569575,4501.8,3683.4,4440.0,3288.1,4039.8,20,1,4039.7,2,1,4039.2,10,1,4039.0,78,8,4038.7,62,3,4040.0,151,5,4040.9,7,1,4041.0,5,1,4041.1,8,1,4041.2,49,6
11483,2026-07-02 10:04:43+05:30,4039.8,11,4059.59,387839,101256.0,143531.0,4100.0,4110.0,4036.6,4092.6,22569575,4501.8,3683.4,4440.0,3288.1,4039.8,20,1,4039.7,2,1,4039.2,10,1,4039.0,78,8,4038.7,62,3,4040.0,151,5,4040.9,7,1,4041.0,5,1,4041.1,8,1,4041.2,49,6
11483,2026-07-02 10:04:44+05:30,4039.8,1,4059.59,387863,101224.0,143643.0,4100.0,4110.0,4036.6,4092.6,22569575,4501.8,3683.4,4440.0,3288.1,4039.7,2,1,4039.2,10,1,4039.0,78,8,4038.8,5,1,4038.7,48,2,4039.8,5,3,4040.0,150,4,4040.9,7,1,4041.1,8,1,4041.2,45,4
11483,2026-07-02 10:04:44+05:30,4039.8,1,4059.59,387863,101224.0,143643.0,4100.0,4110.0,4036.6,4092.6,22569575,4501.8,3683.4,4440.0,3288.1,4039.7,2,1,4039.2,10,1,4039.0,78,8,4038.8,5,1,4038.7,48,2,4039.8,5,3,4040.0,150,4,4040.9,7,1,4041.1,8,1,4041.2,45,4
11483,2026-07-02 10:04:45+05:30,4039.8,1,4059.58,388043,99943.0,144249.0,4100.0,4110.0,4036.6,4092.6,22569575,4501.8,3683.4,4440.0,3288.1,4038.4,41,3,4038.3,66,3,4038.2,20,1,4038.1,10,1,4038.0,112,8,4038.9,1,1,4039.8,11,7,4039.9,5,1,4040.0,26,5,4040.4,17,2
11483,2026-07-02 10:04:45+05:30,4039.7,3,4059.58,388043,99943.0,144249.0,4100.0,4110.0,4036.6,4092.6,22569575,4501.8,3683.4,4440.0,3288.1,4038.4,41,3,4038.3,66,3,4038.2,20,1,4038.1,10,1,4038.0,112,8,4038.9,1,1,4039.8,11,7,4039.9,5,1,4040.0,26,5,4040.4,17,2
11483,2026-07-02 10:04:46+05:30,4040.0,1,4059.58,388191,100109.0,143983.0,4100.0,4110.0,4036.6,4092.6,22569575,4501.8,3683.4,4440.0,3288.1,4038.4,53,3,4038.3,47,2,4038.1,10,1,4038.0,120,7,4037.9,30,1,4040.0,36,6,4040.5,1,1,4040.6,12,1,4040.7,12,1,4040.8,113,5
11483,2026-07-02 10:04:46+05:30,4040.0,1,4059.58,388191,100109.0,143983.0,4100.0,4110.0,4036.6,4092.6,22569575,4501.8,3683.4,4440.0,3288.1,4038.4,53,3,4038.3,47,2,4038.1,10,1,4038.0,120,7,4037.9,30,1,4040.0,36,6,4040.5,1,1,4040.6,12,1,4040.7,12,1,4040.8,113,5
11483,2026-07-02 10:04:47+05:30,4040.0,1,4059.58,388198,100292.0,144537.0,4100.0,4110.0,4036.6,4092.6,22569575,4501.8,3683.4,4440.0,3288.1,4038.4,20,1,4038.3,27,1,4038.1,10,1,4038.0,108,6,4037.9,30,1,4039.7,12,3,4039.8,17,3,4039.9,64,7,4040.0,52,9,4040.2,12,1
11483,2026-07-02 10:04:48+05:30,4040.0,1,4059.58,388198,99916.0,144416.0,4100.0,4110.0,4036.6,4092.6,22569575,4501.8,3683.4,4440.0,3288.1,4038.4,20,1,4038.3,27,1,4038.2,1,1,4038.1,10,1,4038.0,108,6,4039.6,3,1,4039.7,17,2,4039.8,22,5,4039.9,24,3,4040.0,41,8
11483,2026-07-02 10:04:48+05:30,4039.8,7,4059.58,388198,99916.0,144416.0,4100.0,4110.0,4036.6,4092.6,22569575,4501.8,3683.4,4440.0,3288.1,4038.4,20,1,4038.3,27,1,4038.2,1,1,4038.1,10,1,4038.0,108,6,4039.6,3,1,4039.7,17,2,4039.8,22,5,4039.9,24,3,4040.0,41,8
11483,2026-07-02 10:04:49+05:30,4039.8,7,4059.58,388208,100943.0,144314.0,4100.0,4110.0,4036.6,4092.6,22569575,4501.8,3683.4,4440.0,3288.1,4039.2,5,1,4038.4,20,1,4038.3,27,1,4038.2,49,2,4038.1,58,2,4039.8,4,2,4040.0,17,5,4040.3,9,1,4040.5,15,1,4040.7,62,4
11483,2026-07-02 10:04:49+05:30,4039.8,1,4059.58,388208,100943.0,144314.0,4100.0,4110.0,4036.6,4092.6,22569575,4501.8,3683.4,4440.0,3288.1,4039.2,5,1,4038.4,20,1,4038.3,27,1,4038.2,49,2,4038.1,58,2,4039.8,4,2,4040.0,17,5,4040.3,9,1,4040.5,15,1,4040.7,62,4
11483,2026-07-02 10:04:50+05:30,4040.0,2,4059.57,388236,100992.0,144334.0,4100.0,4110.0,4036.6,4092.6,22569575,4501.8,3683.4,4440.0,3288.1,4039.2,5,1,4039.0,10,1,4038.4,20,1,4038.3,47,2,4038.2,49,2,4039.8,2,2,4040.0,15,3,4040.3,9,1,4040.5,15,1,4040.7,31,3
11483,2026-07-02 10:04:50+05:30,4040.0,7,4059.57,388236,100992.0,144334.0,4100.0,4110.0,4036.6,4092.6,22569575,4501.8,3683.4,4440.0,3288.1,4039.2,5,1,4039.0,10,1,4038.4,20,1,4038.3,47,2,4038.2,49,2,4039.8,2,2,4040.0,15,3,4040.3,9,1,4040.5,15,1,4040.7,31,3
11483,2026-07-02 10:04:51+05:30,4039.2,5,4059.57,388275,100838.0,144470.0,4100.0,4110.0,4036.6,4092.6,22569575,4501.8,3683.4,4440.0,3288.1,4039.0,10,1,4038.4,20,1,4038.3,47,2,4038.2,49,2,4038.1,58,2,4039.2,1,1,4040.0,12,1,4040.5,72,1,4040.6,11,1,4040.7,31,3
11483,2026-07-02 10:04:51+05:30,4039.2,5,4059.57,388275,100838.0,144470.0,4100.0,4110.0,4036.6,4092.6,22569575,4501.8,3683.4,4440.0,3288.1,4039.0,10,1,4038.4,20,1,4038.3,47,2,4038.2,49,2,4038.1,58,2,4039.2,1,1,4040.0,12,1,4040.5,72,1,4040.6,11,1,4040.7,31,3
11483,2026-07-02 10:04:52+05:30,4039.2,5,4059.57,388275,100871.0,144448.0,4100.0,4110.0,4036.6,4092.6,22569575,4501.8,3683.4,4440.0,3288.1,4039.0,31,3,4038.4,20,1,4038.3,47,2,4038.2,49,2,4038.1,71,3,4039.2,3,3,4040.0,12,1,4040.5,72,1,4040.6,11,1,4040.7,31,3
11483,2026-07-02 10:04:53+05:30,4038.8,22,4059.57,388351,99570.0,144418.0,4100.0,4110.0,4036.6,4092.6,22569575,4501.8,3683.4,4440.0,3288.1,4038.4,20,1,4038.3,27,1,4038.2,1,1,4038.1,10,1,4038.0,75,5,4038.8,101,3,4039.2,3,3,4039.6,5,1,4039.9,4,1,4040.0,22,4
11483,2026-07-02 10:04:53+05:30,4038.8,22,4059.57,388351,99570.0,144418.0,4100.0,4110.0,4036.6,4092.6,22569575,4501.8,3683.4,4440.0,3288.1,4038.4,20,1,4038.3,27,1,4038.2,1,1,4038.1,10,1,4038.0,75,5,4038.8,101,3,4039.2,3,3,4039.6,5,1,4039.9,4,1,4040.0,22,4
11483,2026-07-02 10:04:54+05:30,4038.8,22,4059.57,388351,99550.0,144630.0,4100.0,4110.0,4036.6,4092.6,22569575,4501.8,3683.4,4440.0,3288.1,4038.4,20,1,4038.3,27,1,4038.2,1,1,4038.1,10,1,4038.0,75,5,4038.8,103,5,4039.2,3,3,4039.5,9,1,4039.6,5,1,4039.8,11,1
11483,2026-07-02 10:04:55+05:30,4038.8,1,4059.57,388352,99653.0,144760.0,4100.0,4110.0,4036.6,4092.6,22569575,4501.8,3683.4,4440.0,3288.1,4038.4,52,2,4038.2,1,1,4038.1,10,1,4038.0,65,4,4037.9,30,1,4038.8,102,5,4039.2,3,3,4039.5,9,1,4039.6,5,1,4039.8,11,1
11483,2026-07-02 10:04:55+05:30,4038.8,1,4059.57,388352,99653.0,144760.0,4100.0,4110.0,4036.6,4092.6,22569575,4501.8,3683.4,4440.0,3288.1,4038.4,52,2,4038.2,1,1,4038.1,10,1,4038.0,65,4,4037.9,30,1,4038.8,102,5,4039.2,3,3,4039.5,9,1,4039.6,5,1,4039.8,11,1
11483,2026-07-02 10:04:56+05:30,4038.4,10,4059.57,388352,99653.0,144760.0,4100.0,4110.0,4036.6,4092.6,22569575,4501.8,3683.4,4440.0,3288.1,4038.4,52,2,4038.2,1,1,4038.1,10,1,4038.0,65,4,4037.9,30,1,4038.8,102,5,4039.2,3,3,4039.5,9,1,4039.6,5,1,4039.8,11,1
11483,2026-07-02 10:04:56+05:30,4038.4,10,4059.56,388483,99622.0,144426.0,4100.0,4110.0,4036.6,4092.6,22569575,4501.8,3683.4,4440.0,3288.1,4038.4,40,2,4038.2,1,1,4038.1,10,1,4038.0,65,4,4037.9,50,2,4038.8,4,4,4039.6,5,1,4039.8,11,1,4039.9,4,1,4040.0,19,3
11483,2026-07-02 10:04:57+05:30,4040.0,1,4059.56,388483,99622.0,144426.0,4100.0,4110.0,4036.6,4092.6,22569575,4501.8,3683.4,4440.0,3288.1,4038.4,40,2,4038.2,1,1,4038.1,10,1,4038.0,65,4,4037.9,50,2,4038.8,4,4,4039.6,5,1,4039.8,11,1,4039.9,4,1,4040.0,19,3
11483,2026-07-02 10:04:57+05:30,4040.0,1,4059.55,388706,101006.0,143379.0,4100.0,4110.0,4036.6,4092.6,22569575,4501.8,3683.4,4440.0,3288.1,4040.0,6,1,4038.8,22,2,4038.5,13,1,4038.3,20,1,4038.2,33,4,4040.7,7,1,4040.8,26,4,4040.9,28,2,4041.0,1,1,4041.2,45,4
11483,2026-07-02 10:04:58+05:30,4040.0,1,4059.55,388706,101006.0,143379.0,4100.0,4110.0,4036.6,4092.6,22569575,4501.8,3683.4,4440.0,3288.1,4040.0,6,1,4038.8,22,2,4038.5,13,1,4038.3,20,1,4038.2,33,4,4040.7,7,1,4040.8,26,4,4040.9,28,2,4041.0,1,1,4041.2,45,4
11483,2026-07-02 10:04:59+05:30,4040.0,1,4059.55,388713,101189.0,143728.0,4100.0,4110.0,4036.6,4092.6,22569575,4501.8,3683.4,4440.0,3288.1,4038.8,34,3,4038.7,37,2,4038.6,12,1,4038.5,21,2,4038.3,54,3,4040.0,17,4,4040.7,25,4,4040.8,27,4,4040.9,28,2,4041.0,1,1
11483,2026-07-02 10:05:00+05:30,4038.8,1,4059.55,388714,101166.0,143739.0,4100.0,4110.0,4036.6,4092.6,22569575,4501.8,3683.4,4440.0,3288.1,4038.8,33,3,4038.7,37,2,4038.6,12,1,4038.5,17,1,4038.3,54,3,4040.0,17,4,4040.7,25,4,4040.8,27,4,4040.9,28,2,4041.0,1,1
11483,2026-07-02 10:05:00+05:30,4040.0,2,4059.55,388714,101166.0,143739.0,4100.0,4110.0,4036.6,4092.6,22569575,4501.8,3683.4,4440.0,3288.1,4038.8,33,3,4038.7,37,2,4038.6,12,1,4038.5,17,1,4038.3,54,3,4040.0,17,4,4040.7,25,4,4040.8,27,4,4040.9,28,2,4041.0,1,1
11483,2026-07-02 10:05:01+05:30,4040.0,2,4059.55,388736,101305.0,143929.0,4100.0,4110.0,4036.6,4092.6,22569575,4501.8,3683.4,4440.0,3288.1,4039.3,2,2,4038.8,33,3,4038.7,37,2,4038.6,12,1,4038.5,17,1,4040.0,17,2,4040.7,19,3,4040.8,15,3,4040.9,28,2,4041.0,21,2
11483,2026-07-02 10:05:02+05:30,4040.0,2,4059.55,388736,101314.0,143798.0,4100.0,4110.0,4036.6,4092.6,22569575,4501.8,3683.4,4440.0,3288.1,4039.3,2,2,4038.8,34,4,4038.7,37,2,4038.6,12,1,4038.5,17,1,4040.0,19,4,4040.7,19,3,4040.8,15,3,4040.9,28,2,4041.0,21,2
11483,2026-07-02 10:05:03+05:30,4040.0,2,4059.55,388736,101317.0,143874.0,4100.0,4110.0,4036.6,4092.6,22569575,4501.8,3683.4,4440.0,3288.1,4039.3,2,2,4038.9,35,1,4038.8,39,5,4038.7,37,2,4038.6,12,1,4040.0,19,4,4040.7,19,3,4040.8,15,3,4040.9,28,2,4041.0,21,2
11483,2026-07-02 10:05:03+05:30,4038.2,8,4059.55,388736,101317.0,143874.0,4100.0,4110.0,4036.6,4092.6,22569575,4501.8,3683.4,4440.0,3288.1,4039.3,2,2,4038.9,35,1,4038.8,39,5,4038.7,37,2,4038.6,12,1,4040.0,19,4,4040.7,19,3,4040.8,15,3,4040.9,28,2,4041.0,21,2
11483,2026-07-02 10:05:04+05:30,4039.3,1,4059.53,388977,101320.0,143462.0,4100.0,4110.0,4036.6,4092.6,22569575,4501.8,3683.4,4440.0,3288.1,4039.3,58,5,4039.2,39,3,4039.1,5,2,4039.0,24,3,4038.9,31,4,4040.0,2,2,4040.9,28,2,4041.2,15,2,4041.3,34,3,4041.4,50,4
11483,2026-07-02 10:05:04+05:30,4039.3,5,4059.53,388977,101320.0,143462.0,4100.0,4110.0,4036.6,4092.6,22569575,4501.8,3683.4,4440.0,3288.1,4039.3,58,5,4039.2,39,3,4039.1,5,2,4039.0,24,3,4038.9,31,4,4040.0,2,2,4040.9,28,2,4041.2,15,2,4041.3,34,3,4041.4,50,4
11483,2026-07-02 10:05:05+05:30,4039.0,30,4059.53,389095,101255.0,143570.0,4100.0,4110.0,4036.6,4092.6,22569575,4501.8,3683.4,4440.0,3288.1,4038.9,31,3,4038.8,17,2,4038.7,42,4,4038.6,22,2,4038.5,40,3,4040.0,2,2,4040.8,8,2,4040.9,48,3,4041.1,26,2,4041.2,59,3
11483,2026-07-02 10:05:05+05:30,4039.0,6,4059.53,389095,101255.0,143570.0,4100.0,4110.0,4036.6,4092.6,22569575,4501.8,3683.4,4440.0,3288.1,4038.9,31,3,4038.8,17,2,4038.7,42,4,4038.6,22,2,4038.5,40,3,4040.0,2,2,4040.8,8,2,4040.9,48,3,4041.1,26,2,4041.2,59,3
11483,2026-07-02 10:05:06+05:30,4040.0,2,4059.53,389153,100968.0,144462.0,4100.0,4110.0,4036.6,4092.6,22569575,4501.8,3683.4,4440.0,3288.1,4039.0,16,1,4038.5,2,1,4038.3,12,1,4038.2,12,1,4038.1,8,2,4039.9,11,1,4040.0,25,3,4040.1,15,2,4040.2,42,4,4040.4,20,3
11483,2026-07-02 10:05:06+05:30,4040.0,2,4059.53,389153,100968.0,144462.0,4100.0,4110.0,4036.6,4092.6,22569575,4501.8,3683.4,4440.0,3288.1,4039.0,16,1,4038.5,2,1,4038.3,12,1,4038.2,12,1,4038.1,8,2,4039.9,11,1,4040.0,25,3,4040.1,15,2,4040.2,42,4,4040.4,20,3
11483,2026-07-02 10:05:07+05:30,4040.0,1,4059.52,389298,101289.0,144261.0,4100.0,4110.0,4036.6,4092.6,22569575,4501.8,3683.4,4440.0,3288.1,4039.0,16,1,4038.5,2,1,4038.3,12,1,4038.2,61,2,4038.1,56,3,4040.0,23,4,4040.1,11,1,4040.3,22,2,4040.4,22,3,4040.5,35,3
11483,2026-07-02 10:05:07+05:30,4040.0,1,4059.52,389298,101289.0,144261.0,4100.0,4110.0,4036.6,4092.6,22569575,4501.8,3683.4,4440.0,3288.1,4039.0,16,1,4038.5,2,1,4038.3,12,1,4038.2,61,2,4038.1,56,3,4040.0,23,4,4040.1,11,1,4040.3,22,2,4040.4,22,3,4040.5,35,3
11483,2026-07-02 10:05:08+05:30,4038.8,1,4059.52,389333,100284.0,144790.0,4100.0,4110.0,4036.6,4092.6,22569575,4501.8,3683.4,4440.0,3288.1,4038.5,2,1,4038.0,58,4,4037.9,30,1,4037.8,13,1,4037.7,5,1,4038.8,140,1,4039.9,3,1,4040.0,27,7,4040.3,33,3,4040.4,208,6
11483,2026-07-02 10:05:08+05:30,4038.8,1,4059.52,389333,100284.0,144790.0,4100.0,4110.0,4036.6,4092.6,22569575,4501.8,3683.4,4440.0,3288.1,4038.5,2,1,4038.0,58,4,4037.9,30,1,4037.8,13,1,4037.7,5,1,4038.8,140,1,4039.9,3,1,4040.0,27,7,4040.3,33,3,4040.4,208,6
11483,2026-07-02 10:05:09+05:30,4038.8,1,4059.52,389333,100284.0,144790.0,4100.0,4110.0,4036.6,4092.6,22569575,4501.8,3683.4,4440.0,3288.1,4038.5,2,1,4038.0,58,4,4037.9,30,1,4037.8,13,1,4037.7,5,1,4038.8,140,1,4039.9,3,1,4040.0,27,7,4040.3,33,3,4040.4,208,6
11483,2026-07-02 10:05:09+05:30,4038.8,1,4059.52,389334,100338.0,144780.0,4100.0,4110.0,4036.6,4092.6,22569575,4501.8,3683.4,4440.0,3288.1,4038.5,2,1,4038.0,58,4,4037.9,30,1,4037.8,13,1,4037.7,5,1,4038.8,143,5,4040.0,27,7,4040.2,4,1,4040.3,45,4,4040.4,214,7
11483,2026-07-02 10:05:10+05:30,4038.8,7,4059.52,389334,100338.0,144780.0,4100.0,4110.0,4036.6,4092.6,22569575,4501.8,3683.4,4440.0,3288.1,4038.5,2,1,4038.0,58,4,4037.9,30,1,4037.8,13,1,4037.7,5,1,4038.8,143,5,4040.0,27,7,4040.2,4,1,4040.3,45,4,4040.4,214,7
11483,2026-07-02 10:05:10+05:30,4038.8,1,4059.51,389435,100424.0,144743.0,4100.0,4110.0,4036.6,4092.6,22569575,4501.8,3683.4,4440.0,3288.1,4038.5,25,2,4038.0,58,4,4037.9,30,1,4037.7,5,1,4037.6,46,4,4038.8,44,6,4040.0,52,9,4040.2,63,2,4040.3,42,3,4040.4,89,6
11483,2026-07-02 10:05:11+05:30,4038.8,10,4059.51,389435,100424.0,144743.0,4100.0,4110.0,4036.6,4092.6,22569575,4501.8,3683.4,4440.0,3288.1,4038.5,25,2,4038.0,58,4,4037.9,30,1,4037.7,5,1,4037.6,46,4,4038.8,44,6,4040.0,52,9,4040.2,63,2,4040.3,42,3,4040.4,89,6
11483,2026-07-02 10:05:12+05:30,4038.8,10,4059.51,389446,100437.0,144669.0,4100.0,4110.0,4036.6,4092.6,22569575,4501.8,3683.4,4440.0,3288.1,4038.5,25,2,4038.0,59,5,4037.9,30,1,4037.7,5,1,4037.6,46,4,4038.8,35,8,4039.9,12,1,4040.0,52,9,4040.2,66,3,4040.3,30,2
11483,2026-07-02 10:05:12+05:30,4038.5,16,4059.51,389446,100437.0,144669.0,4100.0,4110.0,4036.6,4092.6,22569575,4501.8,3683.4,4440.0,3288.1,4038.5,25,2,4038.0,59,5,4037.9,30,1,4037.7,5,1,4037.6,46,4,4038.8,35,8,4039.9,12,1,4040.0,52,9,4040.2,66,3,4040.3,30,2
11483,2026-07-02 10:05:13+05:30,4038.5,16,4059.51,389446,100437.0,144669.0,4100.0,4110.0,4036.6,4092.6,22569575,4501.8,3683.4,4440.0,3288.1,4038.5,25,2,4038.0,59,5,4037.9,30,1,4037.7,5,1,4037.6,46,4,4038.8,35,8,4039.9,12,1,4040.0,52,9,4040.2,66,3,4040.3,30,2
11483,2026-07-02 10:05:13+05:30,4038.5,16,4059.51,389469,100416.0,144732.0,4100.0,4110.0,4036.6,4092.6,22569575,4501.8,3683.4,4440.0,3288.1,4038.5,2,1,4038.0,69,6,4037.9,30,1,4037.7,5,1,4037.6,13,1,4038.8,36,9,4039.0,5,1,4039.5,20,2,4039.7,10,1,4039.8,76,3
11483,2026-07-02 10:05:13+05:30,4038.5,16,4059.51,389469,100416.0,144732.0,4100.0,4110.0,4036.6,4092.6,22569575,4501.8,3683.4,4440.0,3288.1,4038.5,2,1,4038.0,69,6,4037.9,30,1,4037.7,5,1,4037.6,13,1,4038.8,36,9,4039.0,5,1,4039.5,20,2,4039.7,10,1,4039.8,76,3
11483,2026-07-02 10:05:13+05:30,4038.5,4,4059.51,389469,100416.0,144732.0,4100.0,4110.0,4036.6,4092.6,22569575,4501.8,3683.4,4440.0,3288.1,4038.5,2,1,4038.0,69,6,4037.9,30,1,4037.7,5,1,4037.6,13,1,4038.8,36,9,4039.0,5,1,4039.5,20,2,4039.7,10,1,4039.8,76,3
11483,2026-07-02 10:05:14+05:30,4038.5,4,4059.51,389469,100416.0,144732.0,4100.0,4110.0,4036.6,4092.6,22569575,4501.8,3683.4,4440.0,3288.1,4038.5,2,1,4038.0,69,6,4037.9,30,1,4037.7,5,1,4037.6,13,1,4038.8,36,9,4039.0,5,1,4039.5,20,2,4039.7,10,1,4039.8,76,3
11483,2026-07-02 10:05:14+05:30,4038.0,10,4059.5,389590,100087.0,144868.0,4100.0,4110.0,4036.6,4092.6,22569575,4501.8,3683.4,4440.0,3288.1,4037.9,30,1,4037.7,5,1,4037.5,1,1,4037.4,26,2,4037.3,14,2,4038.5,2,2,4038.8,25,6,4039.0,5,1,4039.5,20,2,4039.7,30,2
11483,2026-07-02 10:05:14+05:30,4038.0,10,4059.5,389590,100087.0,144868.0,4100.0,4110.0,4036.6,4092.6,22569575,4501.8,3683.4,4440.0,3288.1,4037.9,30,1,4037.7,5,1,4037.5,1,1,4037.4,26,2,4037.3,14,2,4038.5,2,2,4038.8,25,6,4039.0,5,1,4039.5,20,2,4039.7,30,2
11483,2026-07-02 10:05:14+05:30,4038.0,2,4059.5,389590,100087.0,144868.0,4100.0,4110.0,4036.6,4092.6,22569575,4501.8,3683.4,4440.0,3288.1,4037.9,30,1,4037.7,5,1,4037.5,1,1,4037.4,26,2,4037.3,14,2,4038.5,2,2,4038.8,25,6,4039.0,5,1,4039.5,20,2,4039.7,30,2
11483,2026-07-02 10:05:14+05:30,4038.0,2,4059.5,389590,100087.0,144868.0,4100.0,4110.0,4036.6,4092.6,22569575,4501.8,3683.4,4440.0,3288.1,4037.9,30,1,4037.7,5,1,4037.5,1,1,4037.4,26,2,4037.3,14,2,4038.5,2,2,4038.8,25,6,4039.0,5,1,4039.5,20,2,4039.7,30,2
11483,2026-07-02 10:05:15+05:30,4038.0,2,4059.5,389590,100087.0,144868.0,4100.0,4110.0,4036.6,4092.6,22569575,4501.8,3683.4,4440.0,3288.1,4037.9,30,1,4037.7,5,1,4037.5,1,1,4037.4,26,2,4037.3,14,2,4038.5,2,2,4038.8,25,6,4039.0,5,1,4039.5,20,2,4039.7,30,2
11483,2026-07-02 10:05:15+05:30,4039.0,5,4059.5,389659,100292.0,144565.0,4100.0,4110.0,4036.6,4092.6,22569575,4501.8,3683.4,4440.0,3288.1,4039.0,3,1,4038.0,38,3,4037.9,73,4,4037.7,5,1,4037.6,12,1,4039.3,11,3,4039.4,22,3,4039.6,5,1,4039.7,1,1,4039.8,18,2
11483,2026-07-02 10:05:15+05:30,4039.0,5,4059.5,389659,100292.0,144565.0,4100.0,4110.0,4036.6,4092.6,22569575,4501.8,3683.4,4440.0,3288.1,4039.0,3,1,4038.0,38,3,4037.9,73,4,4037.7,5,1,4037.6,12,1,4039.3,11,3,4039.4,22,3,4039.6,5,1,4039.7,1,1,4039.8,18,2
11483,2026-07-02 10:05:15+05:30,4039.0,4,4059.5,389659,100292.0,144565.0,4100.0,4110.0,4036.6,4092.6,22569575,4501.8,3683.4,4440.0,3288.1,4039.0,3,1,4038.0,38,3,4037.9,73,4,4037.7,5,1,4037.6,12,1,4039.3,11,3,4039.4,22,3,4039.6,5,1,4039.7,1,1,4039.8,18,2
11483,2026-07-02 10:05:15+05:30,4039.0,4,4059.5,389659,100292.0,144565.0,4100.0,4110.0,4036.6,4092.6,22569575,4501.8,3683.4,4440.0,3288.1,4039.0,3,1,4038.0,38,3,4037.9,73,4,4037.7,5,1,4037.6,12,1,4039.3,11,3,4039.4,22,3,4039.6,5,1,4039.7,1,1,4039.8,18,2
11483,2026-07-02 10:05:16+05:30,4039.0,4,4059.5,389659,100292.0,144565.0,4100.0,4110.0,4036.6,4092.6,22569575,4501.8,3683.4,4440.0,3288.1,4039.0,3,1,4038.0,38,3,4037.9,73,4,4037.7,5,1,4037.6,12,1,4039.3,11,3,4039.4,22,3,4039.6,5,1,4039.7,1,1,4039.8,18,2
11483,2026-07-02 10:05:16+05:30,4039.0,4,4059.5,389671,100438.0,144938.0,4100.0,4110.0,4036.6,4092.6,22569575,4501.8,3683.4,4440.0,3288.1,4038.8,100,1,4038.0,1,1,4037.9,30,1,4037.7,5,1,4037.6,12,1,4039.0,2,2,4039.2,12,1,4039.5,12,1,4039.6,5,1,4039.7,1,1
11483,2026-07-02 10:05:16+05:30,4039.0,4,4059.5,389671,100438.0,144938.0,4100.0,4110.0,4036.6,4092.6,22583575,4501.8,3683.4,4440.0,3288.1,4038.8,100,1,4038.0,1,1,4037.9,30,1,4037.7,5,1,4037.6,12,1,4039.0,2,2,4039.2,12,1,4039.5,12,1,4039.6,5,1,4039.7,1,1
11483,2026-07-02 10:05:17+05:30,4039.0,4,4059.5,389671,100438.0,144938.0,4100.0,4110.0,4036.6,4092.6,22583575,4501.8,3683.4,4440.0,3288.1,4038.8,100,1,4038.0,1,1,4037.9,30,1,4037.7,5,1,4037.6,12,1,4039.0,2,2,4039.2,12,1,4039.5,12,1,4039.6,5,1,4039.7,1,1
11483,2026-07-02 10:05:17+05:30,4039.8,1,4059.5,389692,101295.0,144797.0,4100.0,4110.0,4036.6,4092.6,22583575,4501.8,3683.4,4440.0,3288.1,4038.8,100,1,4038.1,9,2,4038.0,1,1,4037.9,43,2,4037.7,10,2,4039.6,15,4,4039.7,19,2,4039.8,30,1,4039.9,39,1,4040.0,22,4
11483,2026-07-02 10:05:17+05:30,4039.8,1,4059.5,389692,101295.0,144797.0,4100.0,4110.0,4036.6,4092.6,22583575,4501.8,3683.4,4440.0,3288.1,4038.8,100,1,4038.1,9,2,4038.0,1,1,4037.9,43,2,4037.7,10,2,4039.6,15,4,4039.7,19,2,4039.8,30,1,4039.9,39,1,4040.0,22,4
11483,2026-07-02 10:05:17+05:30,4039.8,1,4059.5,389692,101295.0,144797.0,4100.0,4110.0,4036.6,4092.6,22583575,4501.8,3683.4,4440.0,3288.1,4038.8,100,1,4038.1,9,2,4038.0,1,1,4037.9,43,2,4037.7,10,2,4039.6,15,4,4039.7,19,2,4039.8,30,1,4039.9,39,1,4040.0,22,4
11483,2026-07-02 10:05:18+05:30,4039.8,1,4059.5,389692,101295.0,144797.0,4100.0,4110.0,4036.6,4092.6,22583575,4501.8,3683.4,4440.0,3288.1,4038.8,100,1,4038.1,9,2,4038.0,1,1,4037.9,43,2,4037.7,10,2,4039.6,15,4,4039.7,19,2,4039.8,30,1,4039.9,39,1,4040.0,22,4
11483,2026-07-02 10:05:18+05:30,4039.8,1,4059.5,389692,101327.0,144703.0,4100.0,4110.0,4036.6,4092.6,22583575,4501.8,3683.4,4440.0,3288.1,4038.8,137,3,4038.5,5,1,4038.1,5,1,4038.0,1,1,4037.9,43,2,4039.5,17,3,4039.6,9,3,4039.7,8,1,4039.8,44,4,4039.9,47,2
11483,2026-07-02 10:05:18+05:30,4039.5,7,4059.5,389692,101327.0,144703.0,4100.0,4110.0,4036.6,4092.6,22583575,4501.8,3683.4,4440.0,3288.1,4038.8,137,3,4038.5,5,1,4038.1,5,1,4038.0,1,1,4037.9,43,2,4039.5,17,3,4039.6,9,3,4039.7,8,1,4039.8,44,4,4039.9,47,2
11483,2026-07-02 10:05:19+05:30,4039.5,7,4059.5,389702,101350.0,144822.0,4100.0,4110.0,4036.6,4092.6,22583575,4501.8,3683.4,4440.0,3288.1,4038.8,137,3,4038.5,5,1,4038.1,5,1,4038.0,1,1,4037.9,43,2,4039.4,42,6,4039.5,15,3,4039.6,7,2,4039.7,8,1,4039.8,44,4
11483,2026-07-02 10:05:19+05:30,4039.3,1,4059.5,389702,101350.0,144822.0,4100.0,4110.0,4036.6,4092.6,22583575,4501.8,3683.4,4440.0,3288.1,4038.8,137,3,4038.5,5,1,4038.1,5,1,4038.0,1,1,4037.9,43,2,4039.4,42,6,4039.5,15,3,4039.6,7,2,4039.7,8,1,4039.8,44,4
11483,2026-07-02 10:05:20+05:30,4038.8,3,4059.5,389706,101143.0,144880.0,4100.0,4110.0,4036.6,4092.6,22583575,4501.8,3683.4,4440.0,3288.1,4038.8,134,3,4038.5,5,1,4038.0,2,2,4037.9,30,1,4037.7,10,2,4039.1,12,2,4039.2,3,1,4039.3,19,5,4039.4,15,3,4039.5,16,3
11483,2026-07-02 10:05:20+05:30,4038.8,3,4059.5,389706,101143.0,144880.0,4100.0,4110.0,4036.6,4092.6,22583575,4501.8,3683.4,4440.0,3288.1,4038.8,134,3,4038.5,5,1,4038.0,2,2,4037.9,30,1,4037.7,10,2,4039.1,12,2,4039.2,3,1,4039.3,19,5,4039.4,15,3,4039.5,16,3
11483,2026-07-02 10:05:21+05:30,4038.4,1,4059.49,389853,99634.0,145199.0,4100.0,4110.0,4036.6,4092.6,22583575,4501.8,3683.4,4440.0,3288.1,4038.0,2,2,4037.9,30,1,4037.7,5,1,4037.5,1,1,4037.4,1,1,4038.4,23,6,4038.5,23,3,4038.6,28,4,4038.7,14,3,4038.8,3,1
11483,2026-07-02 10:05:21+05:30,4038.4,1,4059.49,389853,99634.0,145199.0,4100.0,4110.0,4036.6,4092.6,22583575,4501.8,3683.4,4440.0,3288.1,4038.0,2,2,4037.9,30,1,4037.7,5,1,4037.5,1,1,4037.4,1,1,4038.4,23,6,4038.5,23,3,4038.6,28,4,4038.7,14,3,4038.8,3,1
11483,2026-07-02 10:05:22+05:30,4038.0,1,4059.49,389856,99596.0,145393.0,4100.0,4110.0,4036.6,4092.6,22583575,4501.8,3683.4,4440.0,3288.1,4037.9,30,1,4037.7,5,1,4037.5,1,1,4037.4,1,1,4037.3,1,1,4038.0,1,1,4038.2,21,2,4038.3,18,2,4038.4,8,4,4038.5,13,2
11483,2026-07-02 10:05:22+05:30,4037.2,12,4059.49,389856,99596.0,145393.0,4100.0,4110.0,4036.6,4092.6,22583575,4501.8,3683.4,4440.0,3288.1,4037.9,30,1,4037.7,5,1,4037.5,1,1,4037.4,1,1,4037.3,1,1,4038.0,1,1,4038.2,21,2,4038.3,18,2,4038.4,8,4,4038.5,13,2
11483,2026-07-02 10:05:23+05:30,4037.8,5,4059.48,389961,99692.0,145172.0,4100.0,4110.0,4036.6,4092.6,22583575,4501.8,3683.4,4440.0,3288.1,4037.2,88,1,4037.1,22,2,4037.0,240,27,4036.9,8,1,4036.8,4,3,4037.8,32,7,4037.9,28,4,4038.0,23,3,4038.1,17,3,4038.2,11,2
11483,2026-07-02 10:05:23+05:30,4037.8,5,4059.48,389961,99692.0,145172.0,4100.0,4110.0,4036.6,4092.6,22583575,4501.8,3683.4,4440.0,3288.1,4037.2,88,1,4037.1,22,2,4037.0,240,27,4036.9,8,1,4036.8,4,3,4037.8,32,7,4037.9,28,4,4038.0,23,3,4038.1,17,3,4038.2,11,2
11483,2026-07-02 10:05:24+05:30,4036.5,3,4059.45,390581,97637.0,145646.0,4100.0,4110.0,4036.5,4092.6,22583575,4501.8,3683.4,4440.0,3288.1,4036.2,5,1,4036.0,458,41,4035.7,1,1,4035.5,50,1,4035.3,5,1,4036.5,23,5,4036.6,26,4,4036.7,188,3,4036.8,14,2,4036.9,18,1
11483,2026-07-02 10:05:24+05:30,4036.5,3,4059.45,390581,97637.0,145646.0,4100.0,4110.0,4036.5,4092.6,22583575,4501.8,3683.4,4440.0,3288.1,4036.2,5,1,4036.0,458,41,4035.7,1,1,4035.5,50,1,4035.3,5,1,4036.5,23,5,4036.6,26,4,4036.7,188,3,4036.8,14,2,4036.9,18,1
11483,2026-07-02 10:05:25+05:30,4036.5,3,4059.45,390592,97873.0,145606.0,4100.0,4110.0,4036.2,4092.6,22583575,4501.8,3683.4,4440.0,3288.1,4036.2,13,1,4036.0,458,41,4035.7,1,1,4035.5,50,1,4035.3,5,1,4036.5,24,9,4036.6,6,2,4036.7,178,2,4036.8,14,2,4037.0,5,1
11483,2026-07-02 10:05:25+05:30,4036.5,3,4059.45,390592,97873.0,145606.0,4100.0,4110.0,4036.2,4092.6,22583575,4501.8,3683.4,4440.0,3288.1,4036.2,13,1,4036.0,458,41,4035.7,1,1,4035.5,50,1,4035.3,5,1,4036.5,24,9,4036.6,6,2,4036.7,178,2,4036.8,14,2,4037.0,5,1
11483,2026-07-02 10:05:26+05:30,4036.2,3,4059.44,390639,97964.0,145690.0,4100.0,4110.0,4036.2,4092.6,22583575,4501.8,3683.4,4440.0,3288.1,4036.2,13,1,4036.0,458,41,4035.7,1,1,4035.5,50,1,4035.3,5,1,4036.5,27,8,4036.6,6,2,4036.7,178,2,4036.8,14,2,4037.1,64,5
11483,2026-07-02 10:05:26+05:30,4036.2,3,4059.44,390639,97964.0,145690.0,4100.0,4110.0,4036.2,4092.6,22583575,4501.8,3683.4,4440.0,3288.1,4036.2,13,1,4036.0,458,41,4035.7,1,1,4035.5,50,1,4035.3,5,1,4036.5,27,8,4036.6,6,2,4036.7,178,2,4036.8,14,2,4037.1,64,5
11483,2026-07-02 10:05:27+05:30,4036.5,1,4059.42,391016,97813.0,145945.0,4100.0,4110.0,4036.0,4092.6,22583575,4501.8,3683.4,4440.0,3288.1,4036.0,147,6,4035.7,1,1,4035.5,50,1,4035.3,5,1,4035.2,61,4,4036.5,48,12,4036.6,6,2,4036.7,178,2,4036.8,14,2,4037.1,35,3
11483,2026-07-02 10:05:27+05:30,4036.0,4,4059.42,391016,97813.0,145945.0,4100.0,4110.0,4036.0,4092.6,22583575,4501.8,3683.4,4440.0,3288.1,4036.0,147,6,4035.7,1,1,4035.5,50,1,4035.3,5,1,4035.2,61,4,4036.5,48,12,4036.6,6,2,4036.7,178,2,4036.8,14,2,4037.1,35,3
11483,2026-07-02 10:05:28+05:30,4036.0,12,4059.41,391125,97700.0,145983.0,4100.0,4110.0,4036.0,4092.6,22583575,4501.8,3683.4,4440.0,3288.1,4036.0,46,4,4035.7,1,1,4035.5,50,1,4035.3,5,1,4035.2,61,4,4036.5,39,12,4036.6,1,1,4036.7,175,1,4036.8,14,2,4037.1,35,3
11483,2026-07-02 10:05:28+05:30,4036.0,2,4059.41,391125,97700.0,145983.0,4100.0,4110.0,4036.0,4092.6,22583575,4501.8,3683.4,4440.0,3288.1,4036.0,46,4,4035.7,1,1,4035.5,50,1,4035.3,5,1,4035.2,61,4,4036.5,39,12,4036.6,1,1,4036.7,175,1,4036.8,14,2,4037.1,35,3
11483,2026-07-02 10:05:29+05:30,4036.0,6,4059.41,391171,97785.0,145704.0,4100.0,4110.0,4036.0,4092.6,22583575,4501.8,3683.4,4440.0,3288.1,4035.7,1,1,4035.5,50,1,4035.3,5,1,4035.2,7,3,4035.1,113,7,4036.0,7,1,4036.5,24,9,4036.6,1,1,4036.7,175,1,4036.8,12,1
11483,2026-07-02 10:05:29+05:30,4035.7,1,4059.41,391171,97785.0,145704.0,4100.0,4110.0,4036.0,4092.6,22583575,4501.8,3683.4,4440.0,3288.1,4035.7,1,1,4035.5,50,1,4035.3,5,1,4035.2,7,3,4035.1,113,7,4036.0,7,1,4036.5,24,9,4036.6,1,1,4036.7,175,1,4036.8,12,1
11483,2026-07-02 10:05:30+05:30,4035.5,3,4059.41,391199,97774.0,145113.0,4100.0,4110.0,4035.5,4092.6,22583575,4501.8,3683.4,4440.0,3288.1,4035.5,37,2,4035.3,5,1,4035.2,7,3,4035.1,113,7,4035.0,1757,109,4035.7,1,1,4036.0,9,3,4036.5,23,8,4036.6,37,3,4036.7,175,1
11483,2026-07-02 10:05:30+05:30,4036.0,3,4059.41,391199,97774.0,145113.0,4100.0,4110.0,4035.5,4092.6,22583575,4501.8,3683.4,4440.0,3288.1,4035.5,37,2,4035.3,5,1,4035.2,7,3,4035.1,113,7,4035.0,1757,109,4035.7,1,1,4036.0,9,3,4036.5,23,8,4036.6,37,3,4036.7,175,1
11483,2026-07-02 10:05:31+05:30,4035.5,1,4059.41,391215,98011.0,145114.0,4100.0,4110.0,4035.5,4092.6,22583575,4501.8,3683.4,4440.0,3288.1,4035.5,27,2,4035.3,5,1,4035.2,7,3,4035.1,113,7,4035.0,1757,109,4036.0,4,3,4036.5,43,7,4036.6,6,2,4036.7,175,1,4037.0,22,2
11483,2026-07-02 10:05:31+05:30,4035.5,1,4059.41,391215,98011.0,145114.0,4100.0,4110.0,4035.5,4092.6,22583575,4501.8,3683.4,4440.0,3288.1,4035.5,27,2,4035.3,5,1,4035.2,7,3,4035.1,113,7,4035.0,1757,109,4036.0,4,3,4036.5,43,7,4036.6,6,2,4036.7,175,1,4037.0,22,2
11483,2026-07-02 10:05:32+05:30,4035.5,7,4059.4,391282,97661.0,144885.0,4100.0,4110.0,4035.5,4092.6,22583575,4501.8,3683.4,4440.0,3288.1,4035.5,5,1,4035.3,5,1,4035.2,7,3,4035.1,113,7,4035.0,1747,110,4035.7,49,1,4036.0,4,3,4036.5,36,5,4036.6,5,1,4036.7,175,1
11483,2026-07-02 10:05:32+05:30,4035.5,1,4059.4,391282,97661.0,144885.0,4100.0,4110.0,4035.5,4092.6,22583575,4501.8,3683.4,4440.0,3288.1,4035.5,5,1,4035.3,5,1,4035.2,7,3,4035.1,113,7,4035.0,1747,110,4035.7,49,1,4036.0,4,3,4036.5,36,5,4036.6,5,1,4036.7,175,1
11483,2026-07-02 10:05:33+05:30,4035.6,6,4059.4,391424,97828.0,144369.0,4100.0,4110.0,4035.1,4092.6,22583575,4501.8,3683.4,4440.0,3288.1,4035.6,28,4,4035.5,23,3,4035.4,57,7,4035.3,70,6,4035.2,19,2,4036.0,4,3,4036.5,27,2,4036.7,175,1,4037.3,5,1,4037.4,2,1
11483,2026-07-02 10:05:33+05:30,4035.6,2,4059.4,391424,97828.0,144369.0,4100.0,4110.0,4035.1,4092.6,22583575,4501.8,3683.4,4440.0,3288.1,4035.6,28,4,4035.5,23,3,4035.4,57,7,4035.3,70,6,4035.2,19,2,4036.0,4,3,4036.5,27,2,4036.7,175,1,4037.3,5,1,4037.4,2,1
11483,2026-07-02 10:05:34+05:30,4035.6,3,4059.4,391424,97828.0,144369.0,4100.0,4110.0,4035.1,4092.6,22583575,4501.8,3683.4,4440.0,3288.1,4035.6,28,4,4035.5,23,3,4035.4,57,7,4035.3,70,6,4035.2,19,2,4036.0,4,3,4036.5,27,2,4036.7,175,1,4037.3,5,1,4037.4,2,1
11483,2026-07-02 10:05:34+05:30,4035.6,3,4059.38,391649,98522.0,144596.0,4100.0,4110.0,4035.1,4092.6,22583575,4501.8,3683.4,4440.0,3288.1,4035.6,33,3,4035.5,6,1,4035.4,31,2,4035.3,41,3,4035.2,34,3,4036.5,39,3,4037.3,52,3,4037.4,24,2,4037.5,69,3,4037.6,58,5
11483,2026-07-02 10:05:35+05:30,4035.6,1,4059.38,391649,98522.0,144596.0,4100.0,4110.0,4035.1,4092.6,22583575,4501.8,3683.4,4440.0,3288.1,4035.6,33,3,4035.5,6,1,4035.4,31,2,4035.3,41,3,4035.2,34,3,4036.5,39,3,4037.3,52,3,4037.4,24,2,4037.5,69,3,4037.6,58,5
11483,2026-07-02 10:05:36+05:30,4035.6,1,4059.38,391657,98481.0,144795.0,4100.0,4110.0,4035.1,4092.6,22583575,4501.8,3683.4,4440.0,3288.1,4035.5,2,2,4035.2,22,2,4035.1,81,6,4035.0,1799,114,4034.9,17,2,4036.0,23,3,4036.5,38,3,4037.0,5,1,4037.2,45,1,4037.3,48,3
11483,2026-07-02 10:05:36+05:30,4036.0,8,4059.38,391657,98481.0,144795.0,4100.0,4110.0,4035.1,4092.6,22583575,4501.8,3683.4,4440.0,3288.1,4035.5,2,2,4035.2,22,2,4035.1,81,6,4035.0,1799,114,4034.9,17,2,4036.0,23,3,4036.5,38,3,4037.0,5,1,4037.2,45,1,4037.3,48,3
11483,2026-07-02 10:05:37+05:30,4036.0,1,4059.38,391671,98602.0,144551.0,4100.0,4110.0,4035.1,4092.6,22583575,4501.8,3683.4,4440.0,3288.1,4035.5,62,6,4035.2,22,2,4035.1,81,6,4035.0,1800,115,4034.9,17,2,4036.0,9,2,4036.5,38,3,4037.3,27,1,4037.4,33,2,4037.5,69,3
11483,2026-07-02 10:05:37+05:30,4036.0,1,4059.38,391671,98602.0,144551.0,4100.0,4110.0,4035.1,4092.6,22583575,4501.8,3683.4,4440.0,3288.1,4035.5,62,6,4035.2,22,2,4035.1,81,6,4035.0,1800,115,4034.9,17,2,4036.0,9,2,4036.5,38,3,4037.3,27,1,4037.4,33,2,4037.5,69,3
11483,2026-07-02 10:05:38+05:30,4035.5,60,4059.37,391764,97726.0,144695.0,4100.0,4110.0,4035.1,4092.6,22583575,4501.8,3683.4,4440.0,3288.1,4035.1,131,7,4035.0,1758,112,4034.6,10,1,4034.5,15,1,4034.4,22,2,4035.5,93,1,4036.0,23,4,4036.4,10,1,4036.5,43,4,4036.7,23,3
11483,2026-07-02 10:05:38+05:30,4035.5,7,4059.37,391764,97726.0,144695.0,4100.0,4110.0,4035.1,4092.6,22583575,4501.8,3683.4,4440.0,3288.1,4035.1,131,7,4035.0,1758,112,4034.6,10,1,4034.5,15,1,4034.4,22,2,4035.5,93,1,4036.0,23,4,4036.4,10,1,4036.5,43,4,4036.7,23,3
11483,2026-07-02 10:05:39+05:30,4035.1,16,4059.37,391815,97837.0,144695.0,4100.0,4110.0,4035.1,4092.6,22583575,4501.8,3683.4,4440.0,3288.1,4035.1,107,5,4035.0,1758,112,4034.6,10,1,4034.5,11,1,4034.4,22,2,4035.5,70,5,4036.0,23,4,4036.3,5,1,4036.5,43,4,4036.7,18,2
11483,2026-07-02 10:05:39+05:30,4035.2,5,4059.37,391815,97837.0,144695.0,4100.0,4110.0,4035.1,4092.6,22583575,4501.8,3683.4,4440.0,3288.1,4035.1,107,5,4035.0,1758,112,4034.6,10,1,4034.5,11,1,4034.4,22,2,4035.5,70,5,4036.0,23,4,4036.3,5,1,4036.5,43,4,4036.7,18,2
11483,2026-07-02 10:05:40+05:30,4035.5,5,4059.36,391935,98048.0,144317.0,4100.0,4110.0,4035.1,4092.6,22583575,4501.8,3683.4,4440.0,3288.1,4035.1,69,5,4035.0,1925,116,4034.8,5,1,4034.7,35,2,4034.6,17,2,4035.5,64,5,4036.0,2,2,4036.5,31,3,4036.7,5,1,4036.8,5,1
11483,2026-07-02 10:05:40+05:30,4035.5,5,4059.36,391935,98048.0,144317.0,4100.0,4110.0,4035.1,4092.6,22583575,4501.8,3683.4,4440.0,3288.1,4035.1,69,5,4035.0,1925,116,4034.8,5,1,4034.7,35,2,4034.6,17,2,4035.5,64,5,4036.0,2,2,4036.5,31,3,4036.7,5,1,4036.8,5,1
11483,2026-07-02 10:05:41+05:30,4035.5,5,4059.36,391935,98088.0,144369.0,4100.0,4110.0,4035.1,4092.6,22583575,4501.8,3683.4,4440.0,3288.1,4035.1,37,2,4035.0,1913,114,4034.8,5,1,4034.7,21,2,4034.6,28,3,4035.5,66,7,4036.0,2,2,4036.5,31,3,4036.6,17,1,4036.7,5,1
11483,2026-07-02 10:05:41+05:30,4035.5,15,4059.36,391935,98088.0,144369.0,4100.0,4110.0,4035.1,4092.6,22583575,4501.8,3683.4,4440.0,3288.1,4035.1,37,2,4035.0,1913,114,4034.8,5,1,4034.7,21,2,4034.6,28,3,4035.5,66,7,4036.0,2,2,4036.5,31,3,4036.6,17,1,4036.7,5,1
11483,2026-07-02 10:05:42+05:30,4035.1,1,4059.31,392883,96046.0,144473.0,4100.0,4110.0,4035.0,4092.6,22583575,4501.8,3683.4,4440.0,3288.1,4035.0,1023,57,4034.6,17,2,4034.5,23,2,4034.4,35,3,4034.3,31,2,4035.5,63,10,4036.0,5,2,4036.5,31,3,4036.6,37,2,4036.7,5,1
11483,2026-07-02 10:05:42+05:30,4035.2,1,4059.31,392883,96046.0,144473.0,4100.0,4110.0,4035.0,4092.6,22583575,4501.8,3683.4,4440.0,3288.1,4035.0,1023,57,4034.6,17,2,4034.5,23,2,4034.4,35,3,4034.3,31,2,4035.5,63,10,4036.0,5,2,4036.5,31,3,4036.6,37,2,4036.7,5,1
11483,2026-07-02 10:05:43+05:30,4035.5,1,4059.3,392936,96612.0,144271.0,4100.0,4110.0,4035.0,4092.6,22583575,4501.8,3683.4,4440.0,3288.1,4035.0,1173,60,4034.6,18,3,4034.5,12,1,4034.4,34,3,4034.3,54,3,4035.5,45,10,4036.4,2,1,4036.5,69,5,4036.6,17,1,4036.7,5,1
11483,2026-07-02 10:05:43+05:30,4035.0,3,4059.3,392936,96612.0,144271.0,4100.0,4110.0,4035.0,4092.6,22583575,4501.8,3683.4,4440.0,3288.1,4035.0,1173,60,4034.6,18,3,4034.5,12,1,4034.4,34,3,4034.3,54,3,4035.5,45,10,4036.4,2,1,4036.5,69,5,4036.6,17,1,4036.7,5,1
11483,2026-07-02 10:05:44+05:30,4035.0,10,4059.3,392984,97191.0,143241.0,4100.0,4110.0,4035.0,4092.6,22583575,4501.8,3683.4,4440.0,3288.1,4035.1,35,4,4035.0,1156,62,4034.9,7,1,4034.7,12,1,4034.6,18,3,4035.5,40,9,4036.5,44,3,4037.1,12,1,4037.3,87,2,4037.4,86,3
11483,2026-07-02 10:05:44+05:30,4035.5,8,4059.3,392984,97191.0,143241.0,4100.0,4110.0,4035.0,4092.6,22583575,4501.8,3683.4,4440.0,3288.1,4035.1,35,4,4035.0,1156,62,4034.9,7,1,4034.7,12,1,4034.6,18,3,4035.5,40,9,4036.5,44,3,4037.1,12,1,4037.3,87,2,4037.4,86,3
11483,2026-07-02 10:05:45+05:30,4035.5,1,4059.3,393008,97366.0,143508.0,4100.0,4110.0,4035.0,4092.6,22583575,4501.8,3683.4,4440.0,3288.1,4035.0,1173,62,4034.6,11,2,4034.5,20,1,4034.4,27,3,4034.3,32,3,4035.5,25,9,4036.5,26,2,4036.8,5,1,4036.9,34,2,4037.1,60,3
11483,2026-07-02 10:05:45+05:30,4035.5,3,4059.3,393008,97366.0,143508.0,4100.0,4110.0,4035.0,4092.6,22583575,4501.8,3683.4,4440.0,3288.1,4035.0,1173,62,4034.6,11,2,4034.5,20,1,4034.4,27,3,4034.3,32,3,4035.5,25,9,4036.5,26,2,4036.8,5,1,4036.9,34,2,4037.1,60,3
11483,2026-07-02 10:05:46+05:30,4035.5,5,4059.3,393040,97362.0,143688.0,4100.0,4110.0,4035.0,4092.6,22583575,4501.8,3683.4,4440.0,3288.1,4035.0,1133,57,4034.6,11,2,4034.4,27,3,4034.3,31,2,4034.2,36,2,4035.5,9,9,4036.4,61,2,4036.5,123,3,4036.8,6,2,4036.9,34,2
11483,2026-07-02 10:05:46+05:30,4035.0,2,4059.3,393040,97362.0,143688.0,4100.0,4110.0,4035.0,4092.6,22583575,4501.8,3683.4,4440.0,3288.1,4035.0,1133,57,4034.6,11,2,4034.4,27,3,4034.3,31,2,4034.2,36,2,4035.5,9,9,4036.4,61,2,4036.5,123,3,4036.8,6,2,4036.9,34,2
11483,2026-07-02 10:05:47+05:30,4036.4,20,4059.28,393312,97195.0,144082.0,4100.0,4110.0,4035.0,4092.6,22583575,4501.8,3683.4,4440.0,3288.1,4035.0,962,46,4034.6,11,2,4034.4,4,1,4034.3,22,2,4034.1,20,1,4036.1,8,2,4036.2,43,6,4036.3,40,4,4036.4,5,1,4036.5,165,7
11483,2026-07-02 10:05:47+05:30,4035.0,75,4059.28,393312,97195.0,144082.0,4100.0,4110.0,4035.0,4092.6,22583575,4501.8,3683.4,4440.0,3288.1,4035.0,962,46,4034.6,11,2,4034.4,4,1,4034.3,22,2,4034.1,20,1,4036.1,8,2,4036.2,43,6,4036.3,40,4,4036.4,5,1,4036.5,165,7
11483,2026-07-02 10:05:48+05:30,4035.0,6,4059.27,393407,97233.0,144133.0,4100.0,4110.0,4035.0,4092.6,22583575,4501.8,3683.4,4440.0,3288.1,4035.1,10,1,4035.0,890,47,4034.6,11,2,4034.4,4,1,4034.3,22,2,4036.1,10,2,4036.2,3,1,4036.3,30,3,4036.4,11,4,4036.5,168,7
11483,2026-07-02 10:05:48+05:30,4035.1,2,4059.27,393407,97233.0,144133.0,4100.0,4110.0,4035.0,4092.6,22583575,4501.8,3683.4,4440.0,3288.1,4035.1,10,1,4035.0,890,47,4034.6,11,2,4034.4,4,1,4034.3,22,2,4036.1,10,2,4036.2,3,1,4036.3,30,3,4036.4,11,4,4036.5,168,7
11483,2026-07-02 10:05:49+05:30,4036.0,1,4059.27,393435,97190.0,144171.0,4100.0,4110.0,4035.0,4092.6,22583575,4501.8,3683.4,4440.0,3288.1,4035.0,876,49,4034.6,11,2,4034.4,4,1,4034.3,22,2,4034.1,40,2,4036.0,17,3,4036.1,31,4,4036.2,3,1,4036.3,30,3,4036.4,11,4
11483,2026-07-02 10:05:49+05:30,4035.0,5,4059.27,393435,97190.0,144171.0,4100.0,4110.0,4035.0,4092.6,22583575,4501.8,3683.4,4440.0,3288.1,4035.0,876,49,4034.6,11,2,4034.4,4,1,4034.3,22,2,4034.1,40,2,4036.0,17,3,4036.1,31,4,4036.2,3,1,4036.3,30,3,4036.4,11,4
11483,2026-07-02 10:05:50+05:30,4035.0,15,4059.19,394714,96033.0,144642.0,4100.0,4110.0,4034.6,4092.6,22583575,4501.8,3683.4,4440.0,3288.1,4034.6,12,1,4034.4,42,4,4034.3,50,4,4034.2,10,1,4034.1,32,2,4035.0,526,1,4035.9,8,1,4036.0,7,3,4036.1,7,1,4036.3,30,3
11483,2026-07-02 10:05:50+05:30,4035.0,15,4059.19,394714,96033.0,144642.0,4100.0,4110.0,4034.6,4092.6,22583575,4501.8,3683.4,4440.0,3288.1,4034.6,12,1,4034.4,42,4,4034.3,50,4,4034.2,10,1,4034.1,32,2,4035.0,526,1,4035.9,8,1,4036.0,7,3,4036.1,7,1,4036.3,30,3
11483,2026-07-02 10:05:51+05:30,4035.0,2,4059.19,394716,96154.0,144775.0,4100.0,4110.0,4034.6,4092.6,22583575,4501.8,3683.4,4440.0,3288.1,4034.4,42,4,4034.3,10,1,4034.2,10,1,4034.1,43,3,4034.0,119,14,4035.0,527,3,4035.1,2,1,4035.9,8,1,4036.0,7,3,4036.1,27,2
11483,2026-07-02 10:05:51+05:30,4035.0,100,4059.19,394716,96154.0,144775.0,4100.0,4110.0,4034.6,4092.6,22583575,4501.8,3683.4,4440.0,3288.1,4034.4,42,4,4034.3,10,1,4034.2,10,1,4034.1,43,3,4034.0,119,14,4035.0,527,3,4035.1,2,1,4035.9,8,1,4036.0,7,3,4036.1,27,2
11483,2026-07-02 10:05:52+05:30,4034.3,3,4059.1,396172,96924.0,144208.0,4100.0,4110.0,4033.9,4092.6,22583575,4501.8,3683.4,4440.0,3288.1,4034.4,12,1,4034.3,15,2,4034.2,45,4,4034.1,49,5,4034.0,53,7,4035.0,302,3,4035.1,2,1,4036.0,2,2,4036.2,60,1,4036.3,30,3
11483,2026-07-02 10:05:52+05:30,4034.6,1,4059.1,396172,96924.0,144208.0,4100.0,4110.0,4033.9,4092.6,22583575,4501.8,3683.4,4440.0,3288.1,4034.4,12,1,4034.3,15,2,4034.2,45,4,4034.1,49,5,4034.0,53,7,4035.0,302,3,4035.1,2,1,4036.0,2,2,4036.2,60,1,4036.3,30,3
11483,2026-07-02 10:05:53+05:30,4034.0,5,4059.02,397375,95943.0,144413.0,4100.0,4110.0,4032.9,4092.6,22583575,4501.8,3683.4,4440.0,3288.1,4034.0,6,1,4032.8,13,1,4032.7,67,2,4032.6,59,6,4032.5,33,2,4034.6,33,4,4034.7,3,1,4034.9,7,1,4035.0,314,4,4035.1,11,2
11483,2026-07-02 10:05:53+05:30,4032.7,26,4059.02,397375,95943.0,144413.0,4100.0,4110.0,4032.9,4092.6,22583575,4501.8,3683.4,4440.0,3288.1,4034.0,6,1,4032.8,13,1,4032.7,67,2,4032.6,59,6,4032.5,33,2,4034.6,33,4,4034.7,3,1,4034.9,7,1,4035.0,314,4,4035.1,11,2
11483,2026-07-02 10:05:54+05:30,4033.9,2,4059.02,397375,95943.0,144413.0,4100.0,4110.0,4032.9,4092.6,22583575,4501.8,3683.4,4440.0,3288.1,4034.0,6,1,4032.8,13,1,4032.7,67,2,4032.6,59,6,4032.5,33,2,4034.6,33,4,4034.7,3,1,4034.9,7,1,4035.0,314,4,4035.1,11,2
11483,2026-07-02 10:05:54+05:30,4033.9,2,4059.01,397530,95911.0,144929.0,4100.0,4110.0,4032.6,4092.6,22583575,4501.8,3683.4,4440.0,3288.1,4032.6,5,1,4032.5,20,1,4032.4,7,2,4032.3,3,1,4032.1,46,1,4033.9,24,5,4034.0,35,5,4034.1,37,3,4034.2,6,2,4034.3,49,4
11483,2026-07-02 10:05:55+05:30,4032.5,1,4059.01,397530,95911.0,144929.0,4100.0,4110.0,4032.6,4092.6,22583575,4501.8,3683.4,4440.0,3288.1,4032.6,5,1,4032.5,20,1,4032.4,7,2,4032.3,3,1,4032.1,46,1,4033.9,24,5,4034.0,35,5,4034.1,37,3,4034.2,6,2,4034.3,49,4
11483,2026-07-02 10:05:55+05:30,4032.6,1,4059.01,397539,95398.0,145814.0,4100.0,4110.0,4032.5,4092.6,22583575,4501.8,3683.4,4440.0,3288.1,4032.5,19,1,4032.4,7,2,4032.3,3,1,4032.0,245,36,4031.9,33,1,4032.6,3,3,4033.2,6,1,4033.4,7,1,4033.5,5,1,4033.6,58,5
11483,2026-07-02 10:05:56+05:30,4032.3,3,4059.01,397539,95398.0,145814.0,4100.0,4110.0,4032.5,4092.6,22583575,4501.8,3683.4,4440.0,3288.1,4032.5,19,1,4032.4,7,2,4032.3,3,1,4032.0,245,36,4031.9,33,1,4032.6,3,3,4033.2,6,1,4033.4,7,1,4033.5,5,1,4033.6,58,5
11483,2026-07-02 10:05:57+05:30,4032.3,3,4059.01,397576,94985.0,145816.0,4100.0,4110.0,4032.3,4092.6,22583575,4501.8,3683.4,4440.0,3288.1,4032.0,245,36,4031.9,33,1,4031.8,3,1,4031.6,175,1,4031.5,15,1,4032.3,4,3,4032.5,204,5,4032.6,3,2,4032.9,15,2,4033.1,36,2
11483,2026-07-02 10:05:57+05:30,4032.5,1,4059.01,397576,94985.0,145816.0,4100.0,4110.0,4032.3,4092.6,22583575,4501.8,3683.4,4440.0,3288.1,4032.0,245,36,4031.9,33,1,4031.8,3,1,4031.6,175,1,4031.5,15,1,4032.3,4,3,4032.5,204,5,4032.6,3,2,4032.9,15,2,4033.1,36,2
11483,2026-07-02 10:05:58+05:30,4032.0,2,4059.01,397591,95311.0,145390.0,4100.0,4110.0,4032.0,4092.6,22583575,4501.8,3683.4,4440.0,3288.1,4032.0,284,39,4031.9,33,1,4031.8,3,1,4031.6,175,1,4031.5,15,1,4032.5,174,1,4032.6,3,2,4033.5,35,4,4033.6,23,2,4033.7,35,4
11483,2026-07-02 10:05:58+05:30,4032.0,1,4059.01,397591,95311.0,145390.0,4100.0,4110.0,4032.0,4092.6,22583575,4501.8,3683.4,4440.0,3288.1,4032.0,284,39,4031.9,33,1,4031.8,3,1,4031.6,175,1,4031.5,15,1,4032.5,174,1,4032.6,3,2,4033.5,35,4,4033.6,23,2,4033.7,35,4
11483,2026-07-02 10:05:59+05:30,4033.4,31,4058.97,398145,95174.0,144920.0,4100.0,4110.0,4032.0,4092.6,22583575,4501.8,3683.4,4440.0,3288.1,4032.0,9,1,4031.9,33,1,4031.8,3,1,4031.7,6,1,4031.6,175,1,4033.3,3,1,4033.4,8,1,4033.5,28,2,4033.6,28,2,4033.7,55,3
11483,2026-07-02 10:05:59+05:30,4033.4,6,4058.97,398145,95174.0,144920.0,4100.0,4110.0,4032.0,4092.6,22583575,4501.8,3683.4,4440.0,3288.1,4032.0,9,1,4031.9,33,1,4031.8,3,1,4031.7,6,1,4031.6,175,1,4033.3,3,1,4033.4,8,1,4033.5,28,2,4033.6,28,2,4033.7,55,3
11483,2026-07-02 10:06:00+05:30,4032.0,1,4058.97,398178,95515.0,145399.0,4100.0,4110.0,4032.0,4092.6,22583575,4501.8,3683.4,4440.0,3288.1,4032.0,5,2,4031.9,33,1,4031.8,3,1,4031.7,60,1,4031.6,175,1,4033.4,48,7,4033.5,20,1,4033.6,52,3,4033.7,64,3,4033.8,69,4
11483,2026-07-02 10:06:00+05:30,4032.3,2,4058.97,398178,95515.0,145399.0,4100.0,4110.0,4032.0,4092.6,22583575,4501.8,3683.4,4440.0,3288.1,4032.0,5,2,4031.9,33,1,4031.8,3,1,4031.7,60,1,4031.6,175,1,4033.4,48,7,4033.5,20,1,4033.6,52,3,4033.7,64,3,4033.8,69,4
11483,2026-07-02 10:06:01+05:30,4032.4,3,4058.97,398216,96421.0,144803.0,4100.0,4110.0,4032.0,4092.6,22583575,4501.8,3683.4,4440.0,3288.1,4032.5,5,1,4032.3,19,3,4032.1,52,5,4032.0,29,3,4031.9,73,3,4033.4,3,2,4034.0,20,1,4034.3,95,5,4034.4,5,1,4034.5,16,2
11483,2026-07-02 10:06:01+05:30,4032.1,10,4058.97,398216,96421.0,144803.0,4100.0,4110.0,4032.0,4092.6,22583575,4501.8,3683.4,4440.0,3288.1,4032.5,5,1,4032.3,19,3,4032.1,52,5,4032.0,29,3,4031.9,73,3,4033.4,3,2,4034.0,20,1,4034.3,95,5,4034.4,5,1,4034.5,16,2
11483,2026-07-02 10:06:02+05:30,4032.2,5,4058.96,398276,96418.0,144960.0,4100.0,4110.0,4032.0,4092.6,22583575,4501.8,3683.4,4440.0,3288.1,4032.2,2,1,4032.1,27,3,4032.0,55,4,4031.9,73,3,4031.8,3,1,4033.4,3,2,4033.9,4,1,4034.0,20,1,4034.2,48,1,4034.3,95,5
11483,2026-07-02 10:06:02+05:30,4033.4,1,4058.96,398276,96418.0,144960.0,4100.0,4110.0,4032.0,4092.6,22583575,4501.8,3683.4,4440.0,3288.1,4032.2,2,1,4032.1,27,3,4032.0,55,4,4031.9,73,3,4031.8,3,1,4033.4,3,2,4033.9,4,1,4034.0,20,1,4034.2,48,1,4034.3,95,5
11483,2026-07-02 10:06:03+05:30,4033.7,10,4058.94,398604,96015.0,145546.0,4100.0,4110.0,4031.6,4092.6,22583575,4501.8,3683.4,4440.0,3288.1,4032.2,10,1,4031.8,38,1,4031.7,26,3,4031.6,142,2,4031.5,35,2,4033.6,29,2,4033.8,14,3,4033.9,24,2,4034.0,16,2,4034.2,60,2
11483,2026-07-02 10:06:03+05:30,4033.7,10,4058.94,398604,96015.0,145546.0,4100.0,4110.0,4031.6,4092.6,22583575,4501.8,3683.4,4440.0,3288.1,4032.2,10,1,4031.8,38,1,4031.7,26,3,4031.6,142,2,4031.5,35,2,4033.6,29,2,4033.8,14,3,4033.9,24,2,4034.0,16,2,4034.2,60,2
11483,2026-07-02 10:06:04+05:30,4033.7,1,4058.93,398744,96692.0,144881.0,4100.0,4110.0,4031.6,4092.6,22583575,4501.8,3683.4,4440.0,3288.1,4033.4,8,1,4032.6,18,2,4032.5,49,2,4032.4,61,1,4032.3,75,3,4033.7,6,2,4034.1,12,1,4034.3,2,1,4034.4,26,2,4034.6,12,1
11483,2026-07-02 10:06:04+05:30,4033.7,1,4058.93,398744,96692.0,144881.0,4100.0,4110.0,4031.6,4092.6,22583575,4501.8,3683.4,4440.0,3288.1,4033.4,8,1,4032.6,18,2,4032.5,49,2,4032.4,61,1,4032.3,75,3,4033.7,6,2,4034.1,12,1,4034.3,2,1,4034.4,26,2,4034.6,12,1
11483,2026-07-02 10:06:05+05:30,4033.4,2,4058.93,398746,96736.0,144940.0,4100.0,4110.0,4031.6,4092.6,22583575,4501.8,3683.4,4440.0,3288.1,4033.4,17,2,4032.4,95,2,4032.3,10,1,4032.2,53,4,4032.0,46,5,4033.7,8,4,4033.8,12,1,4034.1,12,1,4034.2,6,1,4034.3,4,2
11483,2026-07-02 10:06:05+05:30,4033.4,1,4058.93,398746,96736.0,144940.0,4100.0,4110.0,4031.6,4092.6,22583575,4501.8,3683.4,4440.0,3288.1,4033.4,17,2,4032.4,95,2,4032.3,10,1,4032.2,53,4,4032.0,46,5,4033.7,8,4,4033.8,12,1,4034.1,12,1,4034.2,6,1,4034.3,4,2
11483,2026-07-02 10:06:06+05:30,4033.7,1,4058.93,398758,96713.0,144946.0,4100.0,4110.0,4031.6,4092.6,22583575,4501.8,3683.4,4440.0,3288.1,4033.4,13,2,4032.4,34,1,4032.3,10,1,4032.2,53,4,4032.1,20,1,4033.7,7,4,4033.8,12,1,4034.1,12,1,4034.2,6,1,4034.3,4,2
11483,2026-07-02 10:06:06+05:30,4033.7,1,4058.93,398758,96713.0,144946.0,4100.0,4110.0,4031.6,4092.6,22583575,4501.8,3683.4,4440.0,3288.1,4033.4,13,2,4032.4,34,1,4032.3,10,1,4032.2,53,4,4032.1,20,1,4033.7,7,4,4033.8,12,1,4034.1,12,1,4034.2,6,1,4034.3,4,2
11483,2026-07-02 10:06:07+05:30,4033.7,1,4058.93,398758,96810.0,144912.0,4100.0,4110.0,4031.6,4092.6,22583575,4501.8,3683.4,4440.0,3288.1,4033.4,13,2,4032.4,34,1,4032.3,10,1,4032.2,53,4,4032.1,26,3,4033.7,8,5,4034.1,12,1,4034.2,6,1,4034.3,4,2,4034.4,34,3
11483,2026-07-02 10:06:08+05:30,4032.6,16,4058.93,398758,96810.0,144912.0,4100.0,4110.0,4031.6,4092.6,22583575,4501.8,3683.4,4440.0,3288.1,4033.4,13,2,4032.4,34,1,4032.3,10,1,4032.2,53,4,4032.1,26,3,4033.7,8,5,4034.1,12,1,4034.2,6,1,4034.3,4,2,4034.4,34,3
11483,2026-07-02 10:06:08+05:30,4033.7,2,4058.92,398986,97759.0,143527.0,4100.0,4110.0,4031.6,4092.6,22583575,4501.8,3683.4,4440.0,3288.1,4033.6,24,3,4033.5,30,4,4033.4,38,4,4033.3,18,2,4033.2,77,5,4035.0,465,6,4035.3,20,1,4035.4,20,1,4035.5,20,1,4035.6,13,1
11483,2026-07-02 10:06:09+05:30,4033.3,1,4058.92,398986,97759.0,143527.0,4100.0,4110.0,4031.6,4092.6,22583575,4501.8,3683.4,4440.0,3288.1,4033.6,24,3,4033.5,30,4,4033.4,38,4,4033.3,18,2,4033.2,77,5,4035.0,465,6,4035.3,20,1,4035.4,20,1,4035.5,20,1,4035.6,13,1
11483,2026-07-02 10:06:09+05:30,4033.3,1,4058.91,399131,96900.0,145025.0,4100.0,4110.0,4031.6,4092.6,22583575,4501.8,3683.4,4440.0,3288.1,4032.3,7,1,4032.2,56,5,4032.1,21,3,4032.0,40,6,4031.9,98,5,4033.3,43,3,4034.3,69,4,4034.4,32,2,4034.6,60,2,4034.7,87,4
11483,2026-07-02 10:06:10+05:30,4033.3,1,4058.91,399131,96900.0,145025.0,4100.0,4110.0,4031.6,4092.6,22583575,4501.8,3683.4,4440.0,3288.1,4032.3,7,1,4032.2,56,5,4032.1,21,3,4032.0,40,6,4031.9,98,5,4033.3,43,3,4034.3,69,4,4034.4,32,2,4034.6,60,2,4034.7,87,4
11483,2026-07-02 10:06:11+05:30,4033.3,1,4058.91,399157,96984.0,144926.0,4100.0,4110.0,4031.6,4092.6,22583575,4501.8,3683.4,4440.0,3288.1,4032.5,28,3,4032.4,8,1,4032.3,71,4,4032.2,70,7,4032.1,21,3,4033.3,17,3,4034.3,51,3,4034.5,3,1,4034.6,12,1,4034.7,39,3
11483,2026-07-02 10:06:11+05:30,4033.3,1,4058.91,399157,96984.0,144926.0,4100.0,4110.0,4031.6,4092.6,22583575,4501.8,3683.4,4440.0,3288.1,4032.5,28,3,4032.4,8,1,4032.3,71,4,4032.2,70,7,4032.1,21,3,4033.3,17,3,4034.3,51,3,4034.5,3,1,4034.6,12,1,4034.7,39,3
11483,2026-07-02 10:06:12+05:30,4033.3,1,4058.91,399158,97017.0,144974.0,4100.0,4110.0,4031.6,4092.6,22583575,4501.8,3683.4,4440.0,3288.1,4032.5,27,2,4032.3,52,2,4032.2,57,6,4032.1,21,3,4032.0,90,10,4033.3,18,5,4034.3,63,4,4034.5,23,2,4034.6,19,2,4034.7,39,3
11483,2026-07-02 10:06:12+05:30,4033.3,6,4058.91,399158,97017.0,144974.0,4100.0,4110.0,4031.6,4092.6,22583575,4501.8,3683.4,4440.0,3288.1,4032.5,27,2,4032.3,52,2,4032.2,57,6,4032.1,21,3,4032.0,90,10,4033.3,18,5,4034.3,63,4,4034.5,23,2,4034.6,19,2,4034.7,39,3
11483,2026-07-02 10:06:13+05:30,4034.7,4,4058.9,399248,97808.0,144219.0,4100.0,4110.0,4031.6,4092.6,22583575,4501.8,3683.4,4440.0,3288.1,4033.7,10,1,4033.4,211,1,4033.3,1,1,4032.6,7,1,4032.5,33,3,4034.4,15,3,4034.5,3,1,4034.6,16,2,4034.7,40,3,4034.8,65,4
11483,2026-07-02 10:06:13+05:30,4034.7,4,4058.9,399248,97808.0,144219.0,4100.0,4110.0,4031.6,4092.6,22583575,4501.8,3683.4,4440.0,3288.1,4033.7,10,1,4033.4,211,1,4033.3,1,1,4032.6,7,1,4032.5,33,3,4034.4,15,3,4034.5,3,1,4034.6,16,2,4034.7,40,3,4034.8,65,4
11483,2026-07-02 10:06:13+05:30,4034.7,4,4058.9,399248,97808.0,144219.0,4100.0,4110.0,4031.6,4092.6,22583575,4501.8,3683.4,4440.0,3288.1,4033.7,10,1,4033.4,211,1,4033.3,1,1,4032.6,7,1,4032.5,33,3,4034.4,15,3,4034.5,3,1,4034.6,16,2,4034.7,40,3,4034.8,65,4
11483,2026-07-02 10:06:13+05:30,4034.7,4,4058.9,399248,97808.0,144219.0,4100.0,4110.0,4031.6,4092.6,22583575,4501.8,3683.4,4440.0,3288.1,4033.7,10,1,4033.4,211,1,4033.3,1,1,4032.6,7,1,4032.5,33,3,4034.4,15,3,4034.5,3,1,4034.6,16,2,4034.7,40,3,4034.8,65,4
11483,2026-07-02 10:06:14+05:30,4033.4,19,4058.89,399449,97262.0,145235.0,4100.0,4110.0,4031.6,4092.6,22583575,4501.8,3683.4,4440.0,3288.1,4033.4,20,1,4033.3,1,1,4033.0,2,1,4032.4,41,1,4032.3,25,1,4034.0,15,1,4034.1,24,4,4034.2,3,1,4034.3,23,2,4034.4,23,4
11483,2026-07-02 10:06:14+05:30,4033.4,19,4058.89,399449,97262.0,145235.0,4100.0,4110.0,4031.6,4092.6,22583575,4501.8,3683.4,4440.0,3288.1,4033.4,20,1,4033.3,1,1,4033.0,2,1,4032.4,41,1,4032.3,25,1,4034.0,15,1,4034.1,24,4,4034.2,3,1,4034.3,23,2,4034.4,23,4
11483,2026-07-02 10:06:14+05:30,4033.4,3,4058.89,399449,97262.0,145235.0,4100.0,4110.0,4031.6,4092.6,22583575,4501.8,3683.4,4440.0,3288.1,4033.4,20,1,4033.3,1,1,4033.0,2,1,4032.4,41,1,4032.3,25,1,4034.0,15,1,4034.1,24,4,4034.2,3,1,4034.3,23,2,4034.4,23,4
11483,2026-07-02 10:06:15+05:30,4033.4,3,4058.89,399449,97262.0,145235.0,4100.0,4110.0,4031.6,4092.6,22583575,4501.8,3683.4,4440.0,3288.1,4033.4,20,1,4033.3,1,1,4033.0,2,1,4032.4,41,1,4032.3,25,1,4034.0,15,1,4034.1,24,4,4034.2,3,1,4034.3,23,2,4034.4,23,4
11483,2026-07-02 10:06:15+05:30,4033.4,9,4058.89,399463,97431.0,145310.0,4100.0,4110.0,4031.6,4092.6,22583575,4501.8,3683.4,4440.0,3288.1,4033.4,6,1,4033.3,1,1,4033.0,2,1,4032.5,9,2,4032.4,41,1,4033.9,2,1,4034.0,38,4,4034.1,3,1,4034.2,3,1,4034.3,23,2
11483,2026-07-02 10:06:15+05:30,4033.4,9,4058.89,399463,97431.0,145310.0,4100.0,4110.0,4031.6,4092.6,22583575,4501.8,3683.4,4440.0,3288.1,4033.4,6,1,4033.3,1,1,4033.0,2,1,4032.5,9,2,4032.4,41,1,4033.9,2,1,4034.0,38,4,4034.1,3,1,4034.2,3,1,4034.3,23,2
11483,2026-07-02 10:06:15+05:30,4033.9,2,4058.89,399463,97431.0,145310.0,4100.0,4110.0,4031.6,4092.6,22583575,4501.8,3683.4,4440.0,3288.1,4033.4,6,1,4033.3,1,1,4033.0,2,1,4032.5,9,2,4032.4,41,1,4033.9,2,1,4034.0,38,4,4034.1,3,1,4034.2,3,1,4034.3,23,2
11483,2026-07-02 10:06:15+05:30,4033.9,2,4058.89,399463,97431.0,145310.0,4100.0,4110.0,4031.6,4092.6,22583575,4501.8,3683.4,4440.0,3288.1,4033.4,6,1,4033.3,1,1,4033.0,2,1,4032.5,9,2,4032.4,41,1,4033.9,2,1,4034.0,38,4,4034.1,3,1,4034.2,3,1,4034.3,23,2
11483,2026-07-02 10:06:16+05:30,4033.9,2,4058.89,399463,97431.0,145310.0,4100.0,4110.0,4031.6,4092.6,22583575,4501.8,3683.4,4440.0,3288.1,4033.4,6,1,4033.3,1,1,4033.0,2,1,4032.5,9,2,4032.4,41,1,4033.9,2,1,4034.0,38,4,4034.1,3,1,4034.2,3,1,4034.3,23,2
11483,2026-07-02 10:06:16+05:30,4033.9,1,4058.87,399666,97396.0,144542.0,4100.0,4110.0,4031.6,4092.6,22583575,4501.8,3683.4,4440.0,3288.1,4032.5,74,4,4032.4,37,3,4032.3,55,4,4032.2,40,3,4032.1,21,3,4033.9,3,2,4034.3,23,2,4034.4,23,4,4034.5,3,1,4034.6,36,3
11483,2026-07-02 10:06:16+05:30,4033.9,1,4058.87,399666,97396.0,144542.0,4100.0,4110.0,4031.6,4092.6,22583575,4501.8,3683.4,4440.0,3288.1,4032.5,74,4,4032.4,37,3,4032.3,55,4,4032.2,40,3,4032.1,21,3,4033.9,3,2,4034.3,23,2,4034.4,23,4,4034.5,3,1,4034.6,36,3
11483,2026-07-02 10:06:16+05:30,4033.9,1,4058.87,399666,97396.0,144542.0,4100.0,4110.0,4031.6,4092.6,22583575,4501.8,3683.4,4440.0,3288.1,4032.5,74,4,4032.4,37,3,4032.3,55,4,4032.2,40,3,4032.1,21,3,4033.9,3,2,4034.3,23,2,4034.4,23,4,4034.5,3,1,4034.6,36,3
11483,2026-07-02 10:06:16+05:30,4033.9,1,4058.87,399666,97396.0,144542.0,4100.0,4110.0,4031.6,4092.6,22612450,4501.8,3683.4,4440.0,3288.1,4032.5,74,4,4032.4,37,3,4032.3,55,4,4032.2,40,3,4032.1,21,3,4033.9,3,2,4034.3,23,2,4034.4,23,4,4034.5,3,1,4034.6,36,3
11483,2026-07-02 10:06:17+05:30,4033.9,1,4058.87,399666,97396.0,144542.0,4100.0,4110.0,4031.6,4092.6,22612450,4501.8,3683.4,4440.0,3288.1,4032.5,74,4,4032.4,37,3,4032.3,55,4,4032.2,40,3,4032.1,21,3,4033.9,3,2,4034.3,23,2,4034.4,23,4,4034.5,3,1,4034.6,36,3
11483,2026-07-02 10:06:17+05:30,4033.7,3,4058.87,399716,97060.0,144480.0,4100.0,4110.0,4031.6,4092.6,22612450,4501.8,3683.4,4440.0,3288.1,4032.3,35,2,4032.2,40,4,4032.1,81,4,4032.0,98,9,4031.7,62,2,4033.7,1,1,4033.9,16,5,4034.1,3,1,4034.2,6,1,4034.3,26,3
11483,2026-07-02 10:06:17+05:30,4033.7,3,4058.87,399716,97060.0,144480.0,4100.0,4110.0,4031.6,4092.6,22612450,4501.8,3683.4,4440.0,3288.1,4032.3,35,2,4032.2,40,4,4032.1,81,4,4032.0,98,9,4031.7,62,2,4033.7,1,1,4033.9,16,5,4034.1,3,1,4034.2,6,1,4034.3,26,3
11483,2026-07-02 10:06:17+05:30,4033.7,3,4058.87,399716,97060.0,144480.0,4100.0,4110.0,4031.6,4092.6,22612450,4501.8,3683.4,4440.0,3288.1,4032.3,35,2,4032.2,40,4,4032.1,81,4,4032.0,98,9,4031.7,62,2,4033.7,1,1,4033.9,16,5,4034.1,3,1,4034.2,6,1,4034.3,26,3
11483,2026-07-02 10:06:17+05:30,4033.7,3,4058.87,399716,97060.0,144480.0,4100.0,4110.0,4031.6,4092.6,22612450,4501.8,3683.4,4440.0,3288.1,4032.3,35,2,4032.2,40,4,4032.1,81,4,4032.0,98,9,4031.7,62,2,4033.7,1,1,4033.9,16,5,4034.1,3,1,4034.2,6,1,4034.3,26,3
11483,2026-07-02 10:06:18+05:30,4033.7,3,4058.87,399716,97060.0,144480.0,4100.0,4110.0,4031.6,4092.6,22612450,4501.8,3683.4,4440.0,3288.1,4032.3,35,2,4032.2,40,4,4032.1,81,4,4032.0,98,9,4031.7,62,2,4033.7,1,1,4033.9,16,5,4034.1,3,1,4034.2,6,1,4034.3,26,3
11483,2026-07-02 10:06:18+05:30,4033.6,1,4058.87,399766,96784.0,145317.0,4100.0,4110.0,4031.6,4092.6,22612450,4501.8,3683.4,4440.0,3288.1,4032.3,18,2,4032.2,20,2,4032.1,6,2,4032.0,81,8,4031.7,13,1,4033.6,35,4,4033.7,13,6,4033.8,19,1,4033.9,22,4,4034.0,6,1
11483,2026-07-02 10:06:18+05:30,4033.6,1,4058.87,399766,96784.0,145317.0,4100.0,4110.0,4031.6,4092.6,22612450,4501.8,3683.4,4440.0,3288.1,4032.3,18,2,4032.2,20,2,4032.1,6,2,4032.0,81,8,4031.7,13,1,4033.6,35,4,4033.7,13,6,4033.8,19,1,4033.9,22,4,4034.0,6,1
11483,2026-07-02 10:06:18+05:30,4033.6,1,4058.87,399766,96784.0,145317.0,4100.0,4110.0,4031.6,4092.6,22612450,4501.8,3683.4,4440.0,3288.1,4032.3,18,2,4032.2,20,2,4032.1,6,2,4032.0,81,8,4031.7,13,1,4033.6,35,4,4033.7,13,6,4033.8,19,1,4033.9,22,4,4034.0,6,1
11483,2026-07-02 10:06:19+05:30,4033.3,1,4058.86,399807,96547.0,145648.0,4100.0,4110.0,4031.6,4092.6,22612450,4501.8,3683.4,4440.0,3288.1,4032.2,12,2,4032.1,6,2,4032.0,81,8,4031.6,5,1,4031.5,16,2,4033.3,28,5,4033.4,27,2,4033.6,28,3,4033.7,32,7,4033.8,12,1
11483,2026-07-02 10:06:19+05:30,4033.6,2,4058.86,399807,96547.0,145648.0,4100.0,4110.0,4031.6,4092.6,22612450,4501.8,3683.4,4440.0,3288.1,4032.2,12,2,4032.1,6,2,4032.0,81,8,4031.6,5,1,4031.5,16,2,4033.3,28,5,4033.4,27,2,4033.6,28,3,4033.7,32,7,4033.8,12,1
11483,2026-07-02 10:06:20+05:30,4033.4,2,4058.86,399870,96599.0,145520.0,4100.0,4110.0,4031.6,4092.6,22612450,4501.8,3683.4,4440.0,3288.1,4032.2,12,2,4032.1,6,2,4032.0,74,7,4031.6,5,1,4031.5,16,2,4033.4,64,8,4033.5,23,3,4033.6,26,3,4033.7,32,7,4033.8,15,2
11483,2026-07-02 10:06:20+05:30,4033.4,19,4058.86,399870,96599.0,145520.0,4100.0,4110.0,4031.6,4092.6,22612450,4501.8,3683.4,4440.0,3288.1,4032.2,12,2,4032.1,6,2,4032.0,74,7,4031.6,5,1,4031.5,16,2,4033.4,64,8,4033.5,23,3,4033.6,26,3,4033.7,32,7,4033.8,15,2
11483,2026-07-02 10:06:21+05:30,4032.2,1,4058.86,399919,96815.0,145638.0,4100.0,4110.0,4031.6,4092.6,22612450,4501.8,3683.4,4440.0,3288.1,4032.2,2,1,4032.1,6,2,4032.0,74,7,4031.5,16,2,4031.4,1,1,4033.0,18,4,4033.1,7,2,4033.2,3,1,4033.3,31,2,4033.4,19,5
11483,2026-07-02 10:06:21+05:30,4032.8,1,4058.86,399919,96815.0,145638.0,4100.0,4110.0,4031.6,4092.6,22612450,4501.8,3683.4,4440.0,3288.1,4032.2,2,1,4032.1,6,2,4032.0,74,7,4031.5,16,2,4031.4,1,1,4033.0,18,4,4033.1,7,2,4033.2,3,1,4033.3,31,2,4033.4,19,5
11483,2026-07-02 10:06:22+05:30,4033.0,6,4058.85,399961,96639.0,145506.0,4100.0,4110.0,4031.6,4092.6,22612450,4501.8,3683.4,4440.0,3288.1,4032.2,16,2,4032.1,6,2,4032.0,74,7,4031.5,16,2,4031.4,1,1,4033.0,16,4,4033.3,32,2,4033.4,19,5,4033.5,20,3,4033.6,46,4
11483,2026-07-02 10:06:22+05:30,4033.0,2,4058.85,399961,96639.0,145506.0,4100.0,4110.0,4031.6,4092.6,22612450,4501.8,3683.4,4440.0,3288.1,4032.2,16,2,4032.1,6,2,4032.0,74,7,4031.5,16,2,4031.4,1,1,4033.0,16,4,4033.3,32,2,4033.4,19,5,4033.5,20,3,4033.6,46,4
11483,2026-07-02 10:06:23+05:30,4032.4,1,4058.85,400000,96786.0,145916.0,4100.0,4110.0,4031.6,4092.6,22612450,4501.8,3683.4,4440.0,3288.1,4032.4,1,1,4032.2,13,2,4032.1,6,2,4032.0,74,7,4031.5,16,2,4033.0,17,7,4033.3,11,1,4033.4,19,5,4033.5,15,2,4033.6,25,2
11483,2026-07-02 10:06:23+05:30,4034.1,11,4058.85,400000,96786.0,145916.0,4100.0,4110.0,4031.6,4092.6,22612450,4501.8,3683.4,4440.0,3288.1,4032.4,1,1,4032.2,13,2,4032.1,6,2,4032.0,74,7,4031.5,16,2,4033.0,17,7,4033.3,11,1,4033.4,19,5,4033.5,15,2,4033.6,25,2
11483,2026-07-02 10:06:24+05:30,4033.4,1,4058.84,400226,97235.0,145545.0,4100.0,4110.0,4031.6,4092.6,22612450,4501.8,3683.4,4440.0,3288.1,4033.0,10,1,4032.4,1,1,4032.2,13,2,4032.1,6,2,4032.0,74,7,4033.4,20,5,4033.7,10,1,4033.8,31,2,4034.0,32,2,4034.1,10,2
11483,2026-07-02 10:06:24+05:30,4033.4,1,4058.84,400226,97235.0,145545.0,4100.0,4110.0,4031.6,4092.6,22612450,4501.8,3683.4,4440.0,3288.1,4033.0,10,1,4032.4,1,1,4032.2,13,2,4032.1,6,2,4032.0,74,7,4033.4,20,5,4033.7,10,1,4033.8,31,2,4034.0,32,2,4034.1,10,2
11483,2026-07-02 10:06:25+05:30,4033.0,1,4058.84,400226,97235.0,145545.0,4100.0,4110.0,4031.6,4092.6,22612450,4501.8,3683.4,4440.0,3288.1,4033.0,10,1,4032.4,1,1,4032.2,13,2,4032.1,6,2,4032.0,74,7,4033.4,20,5,4033.7,10,1,4033.8,31,2,4034.0,32,2,4034.1,10,2
11483,2026-07-02 10:06:25+05:30,4033.0,1,4058.83,400330,97152.0,145915.0,4100.0,4110.0,4031.6,4092.6,22612450,4501.8,3683.4,4440.0,3288.1,4032.4,1,1,4032.2,13,2,4032.1,6,2,4032.0,90,9,4031.7,27,1,4033.0,44,1,4033.3,113,4,4033.4,10,3,4033.7,3,1,4033.8,37,3
11483,2026-07-02 10:06:26+05:30,4033.4,1,4058.83,400330,97152.0,145915.0,4100.0,4110.0,4031.6,4092.6,22612450,4501.8,3683.4,4440.0,3288.1,4032.4,1,1,4032.2,13,2,4032.1,6,2,4032.0,90,9,4031.7,27,1,4033.0,44,1,4033.3,113,4,4033.4,10,3,4033.7,3,1,4033.8,37,3
11483,2026-07-02 10:06:26+05:30,4033.4,3,4058.82,400561,97272.0,145146.0,4100.0,4110.0,4031.6,4092.6,22612450,4501.8,3683.4,4440.0,3288.1,4032.4,42,4,4032.3,10,1,4032.2,68,4,4032.1,22,3,4032.0,111,12,4033.4,21,8,4034.0,100,1,4034.1,4,1,4034.4,15,2,4034.6,15,1
11483,2026-07-02 10:06:27+05:30,4033.4,2,4058.82,400561,97272.0,145146.0,4100.0,4110.0,4031.6,4092.6,22612450,4501.8,3683.4,4440.0,3288.1,4032.4,42,4,4032.3,10,1,4032.2,68,4,4032.1,22,3,4032.0,111,12,4033.4,21,8,4034.0,100,1,4034.1,4,1,4034.4,15,2,4034.6,15,1
11483,2026-07-02 10:06:28+05:30,4033.4,2,4058.81,400659,97301.0,145524.0,4100.0,4110.0,4031.6,4092.6,22612450,4501.8,3683.4,4440.0,3288.1,4032.4,62,4,4032.3,10,1,4032.2,37,3,4032.1,6,2,4032.0,96,10,4033.4,15,7,4034.0,112,2,4034.1,4,1,4034.4,17,3,4034.5,31,1
11483,2026-07-02 10:06:28+05:30,4032.2,5,4058.81,400659,97301.0,145524.0,4100.0,4110.0,4031.6,4092.6,22612450,4501.8,3683.4,4440.0,3288.1,4032.4,62,4,4032.3,10,1,4032.2,37,3,4032.1,6,2,4032.0,96,10,4033.4,15,7,4034.0,112,2,4034.1,4,1,4034.4,17,3,4034.5,31,1
11483,2026-07-02 10:06:29+05:30,4033.0,175,4058.77,401240,97099.0,144772.0,4100.0,4110.0,4031.6,4092.6,22612450,4501.8,3683.4,4440.0,3288.1,4033.0,25,1,4032.6,29,4,4032.5,11,2,4032.4,78,5,4032.3,15,2,4034.0,95,1,4034.1,4,1,4034.6,27,2,4034.7,7,1,4034.8,42,3
11483,2026-07-02 10:06:29+05:30,4034.0,5,4058.77,401240,97099.0,144772.0,4100.0,4110.0,4031.6,4092.6,22612450,4501.8,3683.4,4440.0,3288.1,4033.0,25,1,4032.6,29,4,4032.5,11,2,4032.4,78,5,4032.3,15,2,4034.0,95,1,4034.1,4,1,4034.6,27,2,4034.7,7,1,4034.8,42,3
11483,2026-07-02 10:06:30+05:30,4033.0,1,4058.77,401295,97163.0,145067.0,4100.0,4110.0,4031.6,4092.6,22612450,4501.8,3683.4,4440.0,3288.1,4032.2,24,3,4032.1,9,3,4032.0,111,11,4031.9,44,2,4031.7,36,2,4033.0,3,2,4033.9,19,1,4034.0,117,7,4034.1,4,1,4034.2,12,1
11483,2026-07-02 10:06:30+05:30,4033.0,2,4058.77,401295,97163.0,145067.0,4100.0,4110.0,4031.6,4092.6,22612450,4501.8,3683.4,4440.0,3288.1,4032.2,24,3,4032.1,9,3,4032.0,111,11,4031.9,44,2,4031.7,36,2,4033.0,3,2,4033.9,19,1,4034.0,117,7,4034.1,4,1,4034.2,12,1
11483,2026-07-02 10:06:31+05:30,4033.0,2,4058.75,401546,95274.0,145580.0,4100.0,4110.0,4031.5,4092.6,22612450,4501.8,3683.4,4440.0,3288.1,4031.4,1,1,4031.3,3,3,4031.2,17,3,4031.1,130,6,4031.0,1549,48,4032.3,141,3,4032.4,63,3,4032.5,42,1,4032.6,9,1,4032.7,54,2
11483,2026-07-02 10:06:32+05:30,4030.9,3,4058.62,403433,93429.0,146675.0,4100.0,4110.0,4030.6,4092.6,22612450,4501.8,3683.4,4440.0,3288.1,4030.6,74,1,4030.5,26,7,4030.3,8,3,4030.2,55,6,4030.1,82,10,4030.9,43,4,4031.1,22,2,4031.2,156,3,4031.3,5,1,4031.4,18,2
11483,2026-07-02 10:06:32+05:30,4030.6,3,4058.62,403433,93429.0,146675.0,4100.0,4110.0,4030.6,4092.6,22612450,4501.8,3683.4,4440.0,3288.1,4030.6,74,1,4030.5,26,7,4030.3,8,3,4030.2,55,6,4030.1,82,10,4030.9,43,4,4031.1,22,2,4031.2,156,3,4031.3,5,1,4031.4,18,2
11483,2026-07-02 10:06:33+05:30,4030.9,10,4058.6,403793,93877.0,146347.0,4100.0,4110.0,4030.6,4092.6,22612450,4501.8,3683.4,4440.0,3288.1,4030.6,68,1,4030.5,26,7,4030.3,8,3,4030.2,55,6,4030.1,82,10,4030.9,17,3,4031.1,42,1,4031.2,155,2,4031.3,42,1,4031.4,6,1
11483,2026-07-02 10:06:33+05:30,4030.6,20,4058.6,403793,93877.0,146347.0,4100.0,4110.0,4030.6,4092.6,22612450,4501.8,3683.4,4440.0,3288.1,4030.6,68,1,4030.5,26,7,4030.3,8,3,4030.2,55,6,4030.1,82,10,4030.9,17,3,4031.1,42,1,4031.2,155,2,4031.3,42,1,4031.4,6,1
11483,2026-07-02 10:06:34+05:30,4030.6,6,4058.59,403971,94353.0,146569.0,4100.0,4110.0,4030.5,4092.6,22612450,4501.8,3683.4,4440.0,3288.1,4030.6,96,1,4030.3,8,3,4030.2,55,6,4030.1,82,10,4030.0,2506,159,4030.7,73,1,4030.9,31,6,4031.1,42,1,4031.2,155,2,4031.3,42,1
11483,2026-07-02 10:06:34+05:30,4030.6,17,4058.59,403971,94353.0,146569.0,4100.0,4110.0,4030.5,4092.6,22612450,4501.8,3683.4,4440.0,3288.1,4030.6,96,1,4030.3,8,3,4030.2,55,6,4030.1,82,10,4030.0,2506,159,4030.7,73,1,4030.9,31,6,4031.1,42,1,4031.2,155,2,4031.3,42,1
11483,2026-07-02 10:06:35+05:30,4030.9,7,4058.58,404027,94394.0,146598.0,4100.0,4110.0,4030.5,4092.6,22612450,4501.8,3683.4,4440.0,3288.1,4030.6,55,1,4030.3,8,3,4030.2,55,6,4030.1,82,10,4030.0,2506,159,4030.9,37,6,4031.0,42,1,4031.2,197,3,4031.4,26,2,4031.6,9,1
11483,2026-07-02 10:06:35+05:30,4030.6,19,4058.58,404027,94394.0,146598.0,4100.0,4110.0,4030.5,4092.6,22612450,4501.8,3683.4,4440.0,3288.1,4030.6,55,1,4030.3,8,3,4030.2,55,6,4030.1,82,10,4030.0,2506,159,4030.9,37,6,4031.0,42,1,4031.2,197,3,4031.4,26,2,4031.6,9,1
11483,2026-07-02 10:06:36+05:30,4030.6,1,4058.57,404183,94252.0,146890.0,4100.0,4110.0,4030.5,4092.6,22612450,4501.8,3683.4,4440.0,3288.1,4030.3,8,3,4030.2,55,6,4030.1,82,10,4030.0,2507,160,4029.5,45,2,4030.4,50,1,4030.5,42,1,4030.6,45,3,4030.8,42,1,4030.9,40,9
11483,2026-07-02 10:06:36+05:30,4029.5,25,4058.57,404183,94252.0,146890.0,4100.0,4110.0,4030.5,4092.6,22612450,4501.8,3683.4,4440.0,3288.1,4030.3,8,3,4030.2,55,6,4030.1,82,10,4030.0,2507,160,4029.5,45,2,4030.4,50,1,4030.5,42,1,4030.6,45,3,4030.8,42,1,4030.9,40,9
11483,2026-07-02 10:06:37+05:30,4028.0,5,4058.37,407059,90250.0,147991.0,4100.0,4110.0,4028.0,4092.6,22612450,4501.8,3683.4,4440.0,3288.1,4027.4,2,1,4027.0,192,16,4026.6,151,4,4026.5,1,1,4026.4,6,2,4028.0,15,1,4028.4,49,1,4028.5,42,1,4028.6,74,2,4028.8,42,1
11483,2026-07-02 10:06:37+05:30,4028.0,1,4058.37,407059,90250.0,147991.0,4100.0,4110.0,4028.0,4092.6,22612450,4501.8,3683.4,4440.0,3288.1,4027.4,2,1,4027.0,192,16,4026.6,151,4,4026.5,1,1,4026.4,6,2,4028.0,15,1,4028.4,49,1,4028.5,42,1,4028.6,74,2,4028.8,42,1
11483,2026-07-02 10:06:38+05:30,4027.4,2,4058.36,407186,90116.0,147925.0,4100.0,4110.0,4027.0,4092.6,22612450,4501.8,3683.4,4440.0,3288.1,4027.0,120,16,4026.6,100,1,4026.5,1,1,4026.4,6,2,4026.3,2,1,4027.4,47,1,4027.5,42,1,4027.6,42,1,4027.7,7,1,4027.8,42,1
11483,2026-07-02 10:06:38+05:30,4027.0,4,4058.36,407186,90116.0,147925.0,4100.0,4110.0,4027.0,4092.6,22612450,4501.8,3683.4,4440.0,3288.1,4027.0,120,16,4026.6,100,1,4026.5,1,1,4026.4,6,2,4026.3,2,1,4027.4,47,1,4027.5,42,1,4027.6,42,1,4027.7,7,1,4027.8,42,1
11483,2026-07-02 10:06:39+05:30,4027.0,7,4058.35,407327,89685.0,147416.0,4100.0,4110.0,4027.0,4092.6,22612450,4501.8,3683.4,4440.0,3288.1,4026.6,100,1,4026.5,1,1,4026.4,6,2,4026.3,2,1,4026.2,10,1,4027.1,5,4,4027.4,39,5,4027.5,37,2,4027.6,5,1,4027.8,12,1
11483,2026-07-02 10:06:39+05:30,4026.6,2,4058.35,407327,89685.0,147416.0,4100.0,4110.0,4027.0,4092.6,22612450,4501.8,3683.4,4440.0,3288.1,4026.6,100,1,4026.5,1,1,4026.4,6,2,4026.3,2,1,4026.2,10,1,4027.1,5,4,4027.4,39,5,4027.5,37,2,4027.6,5,1,4027.8,12,1
11483,2026-07-02 10:06:40+05:30,4028.0,2,4058.34,407395,91480.0,146484.0,4100.0,4110.0,4026.6,4092.6,22612450,4501.8,3683.4,4440.0,3288.1,4027.2,31,4,4027.1,51,4,4027.0,37,4,4026.9,27,3,4026.8,15,2,4028.0,7,5,4028.3,6,1,4028.8,18,1,4028.9,6,1,4029.0,20,1
11483,2026-07-02 10:06:40+05:30,4028.0,1,4058.34,407395,91480.0,146484.0,4100.0,4110.0,4026.6,4092.6,22612450,4501.8,3683.4,4440.0,3288.1,4027.2,31,4,4027.1,51,4,4027.0,37,4,4026.9,27,3,4026.8,15,2,4028.0,7,5,4028.3,6,1,4028.8,18,1,4028.9,6,1,4029.0,20,1
11483,2026-07-02 10:06:41+05:30,4027.8,7,4058.34,407468,92458.0,145806.0,4100.0,4110.0,4026.6,4092.6,22612450,4501.8,3683.4,4440.0,3288.1,4027.7,105,3,4027.6,47,2,4027.5,60,3,4027.4,14,2,4027.3,63,3,4028.3,6,1,4029.1,46,3,4029.5,28,3,4029.6,8,1,4029.7,15,3
11483,2026-07-02 10:06:41+05:30,4029.1,1,4058.34,407468,92458.0,145806.0,4100.0,4110.0,4026.6,4092.6,22612450,4501.8,3683.4,4440.0,3288.1,4027.7,105,3,4027.6,47,2,4027.5,60,3,4027.4,14,2,4027.3,63,3,4028.3,6,1,4029.1,46,3,4029.5,28,3,4029.6,8,1,4029.7,15,3
11483,2026-07-02 10:06:42+05:30,4029.0,5,4058.28,408194,92032.0,145541.0,4100.0,4110.0,4026.6,4092.6,22612450,4501.8,3683.4,4440.0,3288.1,4027.5,14,1,4027.2,13,2,4027.0,16,3,4026.8,12,1,4026.7,55,2,4029.0,30,5,4029.1,17,2,4029.2,1,1,4029.3,76,3,4029.4,81,4
11483,2026-07-02 10:06:42+05:30,4028.8,1,4058.28,408194,92032.0,145541.0,4100.0,4110.0,4026.6,4092.6,22612450,4501.8,3683.4,4440.0,3288.1,4027.5,14,1,4027.2,13,2,4027.0,16,3,4026.8,12,1,4026.7,55,2,4029.0,30,5,4029.1,17,2,4029.2,1,1,4029.3,76,3,4029.4,81,4
11483,2026-07-02 10:06:43+05:30,4028.0,1,4058.26,408546,91434.0,146109.0,4100.0,4110.0,4026.6,4092.6,22612450,4501.8,3683.4,4440.0,3288.1,4027.0,45,4,4026.9,33,4,4026.8,1,1,4026.7,45,3,4026.6,112,3,4028.0,105,3,4028.8,5,1,4029.0,24,6,4029.1,20,1,4029.2,25,1
11483,2026-07-02 10:06:43+05:30,4028.0,1,4058.26,408546,91434.0,146109.0,4100.0,4110.0,4026.6,4092.6,22612450,4501.8,3683.4,4440.0,3288.1,4027.0,45,4,4026.9,33,4,4026.8,1,1,4026.7,45,3,4026.6,112,3,4028.0,105,3,4028.8,5,1,4029.0,24,6,4029.1,20,1,4029.2,25,1
11483,2026-07-02 10:06:44+05:30,4027.8,13,4058.24,408748,93501.0,145113.0,4100.0,4110.0,4026.6,4092.6,22612450,4501.8,3683.4,4440.0,3288.1,4028.0,1,1,4027.8,47,5,4027.7,15,1,4027.6,117,3,4027.5,78,4,4029.0,13,4,4029.7,16,2,4029.9,42,3,4030.0,27,4,4030.1,38,3
11483,2026-07-02 10:06:44+05:30,4028.5,9,4058.24,408748,93501.0,145113.0,4100.0,4110.0,4026.6,4092.6,22612450,4501.8,3683.4,4440.0,3288.1,4028.0,1,1,4027.8,47,5,4027.7,15,1,4027.6,117,3,4027.5,78,4,4029.0,13,4,4029.7,16,2,4029.9,42,3,4030.0,27,4,4030.1,38,3
11483,2026-07-02 10:06:45+05:30,4029.0,96,4058.22,409080,95382.0,143156.0,4100.0,4110.0,4026.6,4092.6,22612450,4501.8,3683.4,4440.0,3288.1,4029.6,68,1,4029.5,60,3,4029.4,49,2,4029.3,6,1,4029.2,51,2,4030.0,9,1,4030.1,15,1,4030.2,1,1,4030.6,2,1,4031.1,5,1
11483,2026-07-02 10:06:45+05:30,4029.6,5,4058.22,409080,95382.0,143156.0,4100.0,4110.0,4026.6,4092.6,22612450,4501.8,3683.4,4440.0,3288.1,4029.6,68,1,4029.5,60,3,4029.4,49,2,4029.3,6,1,4029.2,51,2,4030.0,9,1,4030.1,15,1,4030.2,1,1,4030.6,2,1,4031.1,5,1
11483,2026-07-02 10:06:46+05:30,4030.0,7,4058.21,409140,95494.0,143216.0,4100.0,4110.0,4026.6,4092.6,22612450,4501.8,3683.4,4440.0,3288.1,4029.8,42,1,4029.7,42,1,4029.5,71,5,4029.3,80,3,4029.2,9,1,4030.0,1,1,4030.1,15,1,4030.2,1,1,4030.6,2,1,4031.1,5,1
11483,2026-07-02 10:06:46+05:30,4029.1,1,4058.21,409140,95494.0,143216.0,4100.0,4110.0,4026.6,4092.6,22612450,4501.8,3683.4,4440.0,3288.1,4029.8,42,1,4029.7,42,1,4029.5,71,5,4029.3,80,3,4029.2,9,1,4030.0,1,1,4030.1,15,1,4030.2,1,1,4030.6,2,1,4031.1,5,1
11483,2026-07-02 10:06:47+05:30,4030.0,3,4058.19,409482,94530.0,144217.0,4100.0,4110.0,4026.6,4092.6,22612450,4501.8,3683.4,4440.0,3288.1,4028.3,2,1,4028.2,162,8,4028.1,91,7,4028.0,31,5,4027.9,39,2,4030.1,24,2,4030.2,1,1,4030.5,6,1,4030.6,2,1,4030.7,40,3
11483,2026-07-02 10:06:47+05:30,4029.9,1,4058.19,409482,94530.0,144217.0,4100.0,4110.0,4026.6,4092.6,22612450,4501.8,3683.4,4440.0,3288.1,4028.3,2,1,4028.2,162,8,4028.1,91,7,4028.0,31,5,4027.9,39,2,4030.1,24,2,4030.2,1,1,4030.5,6,1,4030.6,2,1,4030.7,40,3
11483,2026-07-02 10:06:48+05:30,4029.4,20,4058.19,409503,95835.0,144831.0,4100.0,4110.0,4026.6,4092.6,22612450,4501.8,3683.4,4440.0,3288.1,4029.4,61,1,4029.3,42,1,4029.2,42,1,4029.0,54,2,4028.9,13,1,4030.0,3,2,4030.1,15,1,4030.2,1,1,4030.5,6,1,4030.6,2,1
11483,2026-07-02 10:06:48+05:30,4030.0,1,4058.19,409503,95835.0,144831.0,4100.0,4110.0,4026.6,4092.6,22612450,4501.8,3683.4,4440.0,3288.1,4029.4,61,1,4029.3,42,1,4029.2,42,1,4029.0,54,2,4028.9,13,1,4030.0,3,2,4030.1,15,1,4030.2,1,1,4030.5,6,1,4030.6,2,1
11483,2026-07-02 10:06:49+05:30,4029.3,6,4058.18,409623,95859.0,144774.0,4100.0,4110.0,4026.6,4092.6,22612450,4501.8,3683.4,4440.0,3288.1,4029.3,28,1,4029.1,42,1,4028.9,42,1,4028.8,16,2,4028.7,76,3,4030.0,3,2,4030.1,15,1,4030.2,1,1,4030.6,52,2,4030.7,5,1
11483,2026-07-02 10:06:49+05:30,4030.0,1,4058.18,409623,95859.0,144774.0,4100.0,4110.0,4026.6,4092.6,22612450,4501.8,3683.4,4440.0,3288.1,4029.3,28,1,4029.1,42,1,4028.9,42,1,4028.8,16,2,4028.7,76,3,4030.0,3,2,4030.1,15,1,4030.2,1,1,4030.6,52,2,4030.7,5,1
11483,2026-07-02 10:06:50+05:30,4030.0,1,4058.17,409752,96409.0,144572.0,4100.0,4110.0,4026.6,4092.6,22612450,4501.8,3683.4,4440.0,3288.1,4029.3,2,1,4029.1,42,1,4028.9,5,1,4028.8,16,2,4028.7,7,1,4030.0,4,3,4030.1,15,1,4030.2,1,1,4030.6,52,2,4030.7,5,1
11483,2026-07-02 10:06:50+05:30,4030.0,1,4058.17,409752,96409.0,144572.0,4100.0,4110.0,4026.6,4092.6,22612450,4501.8,3683.4,4440.0,3288.1,4029.3,2,1,4029.1,42,1,4028.9,5,1,4028.8,16,2,4028.7,7,1,4030.0,4,3,4030.1,15,1,4030.2,1,1,4030.6,52,2,4030.7,5,1
11483,2026-07-02 10:06:51+05:30,4030.0,2,4058.17,409759,96527.0,144541.0,4100.0,4110.0,4026.6,4092.6,22612450,4501.8,3683.4,4440.0,3288.1,4029.7,63,1,4029.3,2,1,4029.1,42,1,4028.9,5,1,4028.8,16,2,4030.0,7,5,4030.1,15,1,4030.2,1,1,4030.6,52,2,4030.7,5,1
11483,2026-07-02 10:06:51+05:30,4030.0,2,4058.17,409759,96527.0,144541.0,4100.0,4110.0,4026.6,4092.6,22612450,4501.8,3683.4,4440.0,3288.1,4029.7,63,1,4029.3,2,1,4029.1,42,1,4028.9,5,1,4028.8,16,2,4030.0,7,5,4030.1,15,1,4030.2,1,1,4030.6,52,2,4030.7,5,1
11483,2026-07-02 10:06:52+05:30,4030.0,4,4058.17,409799,96723.0,144579.0,4100.0,4110.0,4026.6,4092.6,22612450,4501.8,3683.4,4440.0,3288.1,4030.0,22,2,4029.3,44,2,4028.9,48,1,4028.8,71,3,4028.7,46,4,4030.1,15,1,4030.2,1,1,4030.6,52,2,4031.0,15,1,4031.1,25,2
11483,2026-07-02 10:06:52+05:30,4030.2,1,4058.17,409799,96723.0,144579.0,4100.0,4110.0,4026.6,4092.6,22612450,4501.8,3683.4,4440.0,3288.1,4030.0,22,2,4029.3,44,2,4028.9,48,1,4028.8,71,3,4028.7,46,4,4030.1,15,1,4030.2,1,1,4030.6,52,2,4031.0,15,1,4031.1,25,2
11483,2026-07-02 10:06:53+05:30,4029.3,1,4058.15,410034,96146.0,144559.0,4100.0,4110.0,4026.6,4092.6,22612450,4501.8,3683.4,4440.0,3288.1,4028.8,32,4,4028.7,20,3,4028.6,14,1,4028.5,15,1,4028.4,36,2,4029.3,3,2,4029.8,32,1,4030.5,5,1,4030.6,54,3,4031.2,30,2
11483,2026-07-02 10:06:53+05:30,4029.3,1,4058.15,410034,96146.0,144559.0,4100.0,4110.0,4026.6,4092.6,22612450,4501.8,3683.4,4440.0,3288.1,4028.8,32,4,4028.7,20,3,4028.6,14,1,4028.5,15,1,4028.4,36,2,4029.3,3,2,4029.8,32,1,4030.5,5,1,4030.6,54,3,4031.2,30,2
11483,2026-07-02 10:06:54+05:30,4029.3,1,4058.15,410039,96571.0,144490.0,4100.0,4110.0,4026.6,4092.6,22612450,4501.8,3683.4,4440.0,3288.1,4029.0,42,1,4028.9,42,1,4028.8,21,3,4028.7,62,4,4028.6,14,1,4029.3,5,3,4029.8,32,1,4030.5,5,1,4030.6,52,2,4031.2,30,2
11483,2026-07-02 10:06:54+05:30,4029.3,2,4058.15,410039,96571.0,144490.0,4100.0,4110.0,4026.6,4092.6,22612450,4501.8,3683.4,4440.0,3288.1,4029.0,42,1,4028.9,42,1,4028.8,21,3,4028.7,62,4,4028.6,14,1,4029.3,5,3,4029.8,32,1,4030.5,5,1,4030.6,52,2,4031.2,30,2
11483,2026-07-02 10:06:55+05:30,4029.8,5,4058.15,410089,97467.0,144113.0,4100.0,4110.0,4026.6,4092.6,22612450,4501.8,3683.4,4440.0,3288.1,4029.6,42,1,4029.5,57,3,4029.4,22,3,4029.3,47,2,4029.2,29,2,4029.8,11,4,4030.0,3,2,4030.6,52,2,4031.1,4,2,4031.2,10,1
11483,2026-07-02 10:06:55+05:30,4029.8,1,4058.15,410089,97467.0,144113.0,4100.0,4110.0,4026.6,4092.6,22612450,4501.8,3683.4,4440.0,3288.1,4029.6,42,1,4029.5,57,3,4029.4,22,3,4029.3,47,2,4029.2,29,2,4029.8,11,4,4030.0,3,2,4030.6,52,2,4031.1,4,2,4031.2,10,1
11483,2026-07-02 10:06:56+05:30,4030.6,30,4058.14,410143,97803.0,143882.0,4100.0,4110.0,4026.6,4092.6,22612450,4501.8,3683.4,4440.0,3288.1,4029.8,10,1,4029.7,52,2,4029.6,56,3,4029.5,3,1,4029.4,59,3,4030.6,20,1,4031.2,10,1,4031.3,4,2,4031.4,47,3,4031.5,35,2
11483,2026-07-02 10:06:56+05:30,4030.6,1,4058.14,410143,97803.0,143882.0,4100.0,4110.0,4026.6,4092.6,22612450,4501.8,3683.4,4440.0,3288.1,4029.8,10,1,4029.7,52,2,4029.6,56,3,4029.5,3,1,4029.4,59,3,4030.6,20,1,4031.2,10,1,4031.3,4,2,4031.4,47,3,4031.5,35,2
11483,2026-07-02 10:06:57+05:30,4030.3,3,4058.14,410169,97922.0,143275.0,4100.0,4110.0,4026.6,4092.6,22612450,4501.8,3683.4,4440.0,3288.1,4030.3,18,1,4030.2,42,1,4030.0,85,7,4029.9,10,2,4029.8,84,4,4030.6,22,5,4032.0,20,1,4032.1,43,2,4032.2,81,3,4032.3,50,4
11483,2026-07-02 10:06:57+05:30,4030.6,3,4058.14,410169,97922.0,143275.0,4100.0,4110.0,4026.6,4092.6,22612450,4501.8,3683.4,4440.0,3288.1,4030.3,18,1,4030.2,42,1,4030.0,85,7,4029.9,10,2,4029.8,84,4,4030.6,22,5,4032.0,20,1,4032.1,43,2,4032.2,81,3,4032.3,50,4
11483,2026-07-02 10:06:58+05:30,4031.7,1,4058.14,410198,98419.0,143826.0,4100.0,4110.0,4026.6,4092.6,22612450,4501.8,3683.4,4440.0,3288.1,4031.0,42,1,4030.8,42,1,4030.7,5,1,4030.6,117,2,4030.3,15,1,4031.7,2,2,4031.8,19,2,4031.9,29,2,4032.0,24,2,4032.1,8,1
11483,2026-07-02 10:06:58+05:30,4031.8,3,4058.14,410198,98419.0,143826.0,4100.0,4110.0,4026.6,4092.6,22612450,4501.8,3683.4,4440.0,3288.1,4031.0,42,1,4030.8,42,1,4030.7,5,1,4030.6,117,2,4030.3,15,1,4031.7,2,2,4031.8,19,2,4031.9,29,2,4032.0,24,2,4032.1,8,1
11483,2026-07-02 10:06:59+05:30,4031.9,2,4058.13,410282,97976.0,143329.0,4100.0,4110.0,4026.6,4092.6,22612450,4501.8,3683.4,4440.0,3288.1,4030.6,100,2,4030.0,53,5,4029.8,5,1,4029.7,20,1,4029.5,18,1,4031.6,11,1,4031.7,51,4,4031.8,15,3,4031.9,16,4,4032.0,41,4
11483,2026-07-02 10:06:59+05:30,4031.9,2,4058.13,410282,97976.0,143329.0,4100.0,4110.0,4026.6,4092.6,22612450,4501.8,3683.4,4440.0,3288.1,4030.6,100,2,4030.0,53,5,4029.8,5,1,4029.7,20,1,4029.5,18,1,4031.6,11,1,4031.7,51,4,4031.8,15,3,4031.9,16,4,4032.0,41,4
11483,2026-07-02 10:07:00+05:30,4031.7,1,4058.13,410301,98582.0,143608.0,4100.0,4110.0,4026.6,4092.6,22612450,4501.8,3683.4,4440.0,3288.1,4030.6,100,2,4030.0,53,5,4029.8,5,1,4029.7,20,1,4029.5,18,1,4031.7,9,4,4031.8,12,2,4031.9,13,3,4032.0,41,4,4032.1,8,1
11483,2026-07-02 10:07:00+05:30,4031.7,1,4058.13,410301,98582.0,143608.0,4100.0,4110.0,4026.6,4092.6,22612450,4501.8,3683.4,4440.0,3288.1,4030.6,100,2,4030.0,53,5,4029.8,5,1,4029.7,20,1,4029.5,18,1,4031.7,9,4,4031.8,12,2,4031.9,13,3,4032.0,41,4,4032.1,8,1
11483,2026-07-02 10:07:01+05:30,4031.7,1,4058.13,410302,98610.0,143083.0,4100.0,4110.0,4026.6,4092.6,22612450,4501.8,3683.4,4440.0,3288.1,4030.6,100,2,4030.0,53,5,4029.8,5,1,4029.7,20,1,4029.5,18,1,4031.7,14,5,4031.8,12,2,4031.9,13,3,4032.0,41,4,4032.1,8,1
11483,2026-07-02 10:07:01+05:30,4031.7,1,4058.13,410302,98610.0,143083.0,4100.0,4110.0,4026.6,4092.6,22612450,4501.8,3683.4,4440.0,3288.1,4030.6,100,2,4030.0,53,5,4029.8,5,1,4029.7,20,1,4029.5,18,1,4031.7,14,5,4031.8,12,2,4031.9,13,3,4032.0,41,4,4032.1,8,1
11483,2026-07-02 10:07:02+05:30,4032.4,1,4058.13,410415,98667.0,142045.0,4100.0,4110.0,4026.6,4092.6,22612450,4501.8,3683.4,4440.0,3288.1,4032.0,50,1,4031.0,39,2,4030.9,10,1,4030.8,38,2,4030.7,48,1,4032.4,199,1,4032.6,12,1,4032.9,11,1,4033.1,8,1,4033.3,16,2
11483,2026-07-02 10:07:02+05:30,4032.4,1,4058.13,410415,98667.0,142045.0,4100.0,4110.0,4026.6,4092.6,22612450,4501.8,3683.4,4440.0,3288.1,4032.0,50,1,4031.0,39,2,4030.9,10,1,4030.8,38,2,4030.7,48,1,4032.4,199,1,4032.6,12,1,4032.9,11,1,4033.1,8,1,4033.3,16,2
11483,2026-07-02 10:07:03+05:30,4032.4,1,4058.13,410415,98667.0,142045.0,4100.0,4110.0,4026.6,4092.6,22612450,4501.8,3683.4,4440.0,3288.1,4032.0,50,1,4031.0,39,2,4030.9,10,1,4030.8,38,2,4030.7,48,1,4032.4,199,1,4032.6,12,1,4032.9,11,1,4033.1,8,1,4033.3,16,2
11483,2026-07-02 10:07:03+05:30,4032.0,1,4058.12,410433,98639.0,142126.0,4100.0,4110.0,4026.6,4092.6,22612450,4501.8,3683.4,4440.0,3288.1,4032.0,41,1,4031.0,39,2,4030.9,10,1,4030.8,60,3,4030.6,121,3,4032.4,195,5,4032.6,12,1,4032.9,11,1,4033.1,19,2,4033.3,14,1
11483,2026-07-02 10:07:04+05:30,4032.0,2,4058.12,410433,98639.0,142126.0,4100.0,4110.0,4026.6,4092.6,22612450,4501.8,3683.4,4440.0,3288.1,4032.0,41,1,4031.0,39,2,4030.9,10,1,4030.8,60,3,4030.6,121,3,4032.4,195,5,4032.6,12,1,4032.9,11,1,4033.1,19,2,4033.3,14,1
11483,2026-07-02 10:07:05+05:30,4032.0,36,4058.12,410489,98886.0,142270.0,4100.0,4110.0,4026.6,4092.6,22612450,4501.8,3683.4,4440.0,3288.1,4032.0,50,1,4031.8,25,1,4030.8,5,1,4030.7,56,1,4030.6,121,3,4032.3,16,1,4032.4,180,5,4032.5,15,2,4032.6,12,1,4032.9,29,3
11483,2026-07-02 10:07:05+05:30,4032.4,1,4058.12,410489,98886.0,142270.0,4100.0,4110.0,4026.6,4092.6,22612450,4501.8,3683.4,4440.0,3288.1,4032.0,50,1,4031.8,25,1,4030.8,5,1,4030.7,56,1,4030.6,121,3,4032.3,16,1,4032.4,180,5,4032.5,15,2,4032.6,12,1,4032.9,29,3
11483,2026-07-02 10:07:06+05:30,4032.4,4,4058.12,410522,99081.0,142243.0,4100.0,4110.0,4026.6,4092.6,22612450,4501.8,3683.4,4440.0,3288.1,4032.0,41,1,4031.8,25,1,4031.7,1,1,4030.9,48,1,4030.7,94,2,4032.3,11,1,4032.4,190,11,4032.6,12,1,4032.8,5,1,4032.9,29,3
11483,2026-07-02 10:07:06+05:30,4032.4,7,4058.12,410522,99081.0,142243.0,4100.0,4110.0,4026.6,4092.6,22612450,4501.8,3683.4,4440.0,3288.1,4032.0,41,1,4031.8,25,1,4031.7,1,1,4030.9,48,1,4030.7,94,2,4032.3,11,1,4032.4,190,11,4032.6,12,1,4032.8,5,1,4032.9,29,3
11483,2026-07-02 10:07:07+05:30,4032.3,1,4058.12,410582,99150.0,142230.0,4100.0,4110.0,4026.6,4092.6,22612450,4501.8,3683.4,4440.0,3288.1,4032.0,50,1,4031.8,25,1,4031.7,2,2,4031.0,10,1,4030.8,5,1,4032.3,14,1,4032.4,169,9,4032.5,4,1,4032.6,12,1,4032.9,52,4
11483,2026-07-02 10:07:07+05:30,4032.3,1,4058.12,410582,99150.0,142230.0,4100.0,4110.0,4026.6,4092.6,22612450,4501.8,3683.4,4440.0,3288.1,4032.0,50,1,4031.8,25,1,4031.7,2,2,4031.0,10,1,4030.8,5,1,4032.3,14,1,4032.4,169,9,4032.5,4,1,4032.6,12,1,4032.9,52,4
11483,2026-07-02 10:07:08+05:30,4031.0,10,4058.09,410927,97853.0,143413.0,4100.0,4110.0,4026.6,4092.6,22612450,4501.8,3683.4,4440.0,3288.1,4030.6,100,2,4030.0,33,4,4029.8,50,1,4029.4,72,1,4029.3,227,4,4031.0,138,1,4031.9,31,2,4032.0,58,5,4032.1,63,7,4032.2,108,6
11483,2026-07-02 10:07:08+05:30,4031.0,4,4058.09,410927,97853.0,143413.0,4100.0,4110.0,4026.6,4092.6,22612450,4501.8,3683.4,4440.0,3288.1,4030.6,100,2,4030.0,33,4,4029.8,50,1,4029.4,72,1,4029.3,227,4,4031.0,138,1,4031.9,31,2,4032.0,58,5,4032.1,63,7,4032.2,108,6
11483,2026-07-02 10:07:09+05:30,4030.4,1,4058.01,412280,97697.0,142812.0,4100.0,4110.0,4026.6,4092.6,22612450,4501.8,3683.4,4440.0,3288.1,4030.4,9,1,4030.3,10,1,4030.2,17,1,4030.1,72,2,4030.0,62,6,4031.8,8,1,4031.9,18,1,4032.0,50,4,4032.1,58,7,4032.2,25,2
11483,2026-07-02 10:07:09+05:30,4031.7,1,4058.01,412280,97697.0,142812.0,4100.0,4110.0,4026.6,4092.6,22612450,4501.8,3683.4,4440.0,3288.1,4030.4,9,1,4030.3,10,1,4030.2,17,1,4030.1,72,2,4030.0,62,6,4031.8,8,1,4031.9,18,1,4032.0,50,4,4032.1,58,7,4032.2,25,2
11483,2026-07-02 10:07:10+05:30,4031.7,2,4057.99,412597,97633.0,142804.0,4100.0,4110.0,4026.6,4092.6,22612450,4501.8,3683.4,4440.0,3288.1,4030.2,5,1,4030.1,39,2,4030.0,49,5,4029.9,6,1,4029.8,50,1,4031.7,13,3,4031.8,45,3,4031.9,12,1,4032.0,25,3,4032.1,30,7
11483,2026-07-02 10:07:10+05:30,4028.8,6,4057.99,412597,97633.0,142804.0,4100.0,4110.0,4026.6,4092.6,22612450,4501.8,3683.4,4440.0,3288.1,4030.2,5,1,4030.1,39,2,4030.0,49,5,4029.9,6,1,4029.8,50,1,4031.7,13,3,4031.8,45,3,4031.9,12,1,4032.0,25,3,4032.1,30,7
11483,2026-07-02 10:07:11+05:30,4030.5,2,4057.91,413665,96114.0,143982.0,4100.0,4110.0,4026.6,4092.6,22612450,4501.8,3683.4,4440.0,3288.1,4029.2,1,1,4028.8,39,1,4028.6,24,2,4028.5,9,3,4028.2,22,1,4030.5,17,2,4030.6,18,2,4030.7,20,2,4030.8,28,3,4030.9,27,3
11483,2026-07-02 10:07:11+05:30,4029.2,3,4057.91,413665,96114.0,143982.0,4100.0,4110.0,4026.6,4092.6,22612450,4501.8,3683.4,4440.0,3288.1,4029.2,1,1,4028.8,39,1,4028.6,24,2,4028.5,9,3,4028.2,22,1,4030.5,17,2,4030.6,18,2,4030.7,20,2,4030.8,28,3,4030.9,27,3
11483,2026-07-02 10:07:12+05:30,4029.2,3,4057.91,413684,96550.0,143384.0,4100.0,4110.0,4026.6,4092.6,22612450,4501.8,3683.4,4440.0,3288.1,4029.0,30,3,4028.9,3,1,4028.7,18,2,4028.6,63,4,4028.5,48,3,4029.2,1,1,4030.5,17,2,4030.6,5,1,4030.7,10,1,4030.9,17,2
11483,2026-07-02 10:07:12+05:30,4028.8,1,4057.91,413684,96550.0,143384.0,4100.0,4110.0,4026.6,4092.6,22612450,4501.8,3683.4,4440.0,3288.1,4029.0,30,3,4028.9,3,1,4028.7,18,2,4028.6,63,4,4028.5,48,3,4029.2,1,1,4030.5,17,2,4030.6,5,1,4030.7,10,1,4030.9,17,2
11483,2026-07-02 10:07:13+05:30,4028.8,1,4057.91,413743,96413.0,143424.0,4100.0,4110.0,4026.6,4092.6,22612450,4501.8,3683.4,4440.0,3288.1,4028.7,61,6,4028.6,9,2,4028.5,36,4,4028.4,26,3,4028.3,22,3,4029.2,6,5,4030.5,17,2,4030.7,10,1,4030.9,39,3,4031.0,3,1
11483,2026-07-02 10:07:13+05:30,4028.8,1,4057.91,413743,96413.0,143424.0,4100.0,4110.0,4026.6,4092.6,22612450,4501.8,3683.4,4440.0,3288.1,4028.7,61,6,4028.6,9,2,4028.5,36,4,4028.4,26,3,4028.3,22,3,4029.2,6,5,4030.5,17,2,4030.7,10,1,4030.9,39,3,4031.0,3,1
11483,2026-07-02 10:07:13+05:30,4029.2,2,4057.91,413743,96413.0,143424.0,4100.0,4110.0,4026.6,4092.6,22612450,4501.8,3683.4,4440.0,3288.1,4028.7,61,6,4028.6,9,2,4028.5,36,4,4028.4,26,3,4028.3,22,3,4029.2,6,5,4030.5,17,2,4030.7,10,1,4030.9,39,3,4031.0,3,1
11483,2026-07-02 10:07:14+05:30,4029.2,2,4057.91,413758,97023.0,143815.0,4100.0,4110.0,4026.6,4092.6,22612450,4501.8,3683.4,4440.0,3288.1,4028.7,36,4,4028.6,10,1,4028.5,23,2,4028.4,26,3,4028.3,22,3,4029.2,19,7,4030.4,5,1,4030.5,17,2,4030.7,10,1,4030.9,39,3
11483,2026-07-02 10:07:14+05:30,4029.2,2,4057.91,413758,97023.0,143815.0,4100.0,4110.0,4026.6,4092.6,22612450,4501.8,3683.4,4440.0,3288.1,4028.7,36,4,4028.6,10,1,4028.5,23,2,4028.4,26,3,4028.3,22,3,4029.2,19,7,4030.4,5,1,4030.5,17,2,4030.7,10,1,4030.9,39,3
11483,2026-07-02 10:07:14+05:30,4028.7,1,4057.91,413758,97023.0,143815.0,4100.0,4110.0,4026.6,4092.6,22612450,4501.8,3683.4,4440.0,3288.1,4028.7,36,4,4028.6,10,1,4028.5,23,2,4028.4,26,3,4028.3,22,3,4029.2,19,7,4030.4,5,1,4030.5,17,2,4030.7,10,1,4030.9,39,3
11483,2026-07-02 10:07:14+05:30,4028.7,1,4057.91,413758,97023.0,143815.0,4100.0,4110.0,4026.6,4092.6,22612450,4501.8,3683.4,4440.0,3288.1,4028.7,36,4,4028.6,10,1,4028.5,23,2,4028.4,26,3,4028.3,22,3,4029.2,19,7,4030.4,5,1,4030.5,17,2,4030.7,10,1,4030.9,39,3
11483,2026-07-02 10:07:15+05:30,4028.5,1,4057.9,413790,96959.0,143466.0,4100.0,4110.0,4026.6,4092.6,22612450,4501.8,3683.4,4440.0,3288.1,4028.4,41,4,4028.3,27,2,4028.2,35,2,4028.1,25,3,4028.0,148,12,4028.7,9,6,4029.2,19,7,4030.0,101,2,4030.1,15,1,4030.5,39,3
11483,2026-07-02 10:07:15+05:30,4028.5,1,4057.9,413790,96959.0,143466.0,4100.0,4110.0,4026.6,4092.6,22612450,4501.8,3683.4,4440.0,3288.1,4028.4,41,4,4028.3,27,2,4028.2,35,2,4028.1,25,3,4028.0,148,12,4028.7,9,6,4029.2,19,7,4030.0,101,2,4030.1,15,1,4030.5,39,3
11483,2026-07-02 10:07:15+05:30,4029.2,5,4057.9,413790,96959.0,143466.0,4100.0,4110.0,4026.6,4092.6,22612450,4501.8,3683.4,4440.0,3288.1,4028.4,41,4,4028.3,27,2,4028.2,35,2,4028.1,25,3,4028.0,148,12,4028.7,9,6,4029.2,19,7,4030.0,101,2,4030.1,15,1,4030.5,39,3
11483,2026-07-02 10:07:16+05:30,4028.9,2,4057.9,413902,97357.0,143392.0,4100.0,4110.0,4026.6,4092.6,22612450,4501.8,3683.4,4440.0,3288.1,4028.8,20,1,4028.7,8,2,4028.6,17,2,4028.5,24,1,4028.4,29,5,4028.9,14,2,4029.2,2,2,4030.0,101,2,4030.1,15,1,4030.7,10,1
11483,2026-07-02 10:07:16+05:30,4028.9,2,4057.9,413902,97357.0,143392.0,4100.0,4110.0,4026.6,4092.6,22612450,4501.8,3683.4,4440.0,3288.1,4028.8,20,1,4028.7,8,2,4028.6,17,2,4028.5,24,1,4028.4,29,5,4028.9,14,2,4029.2,2,2,4030.0,101,2,4030.1,15,1,4030.7,10,1
11483,2026-07-02 10:07:16+05:30,4028.9,1,4057.9,413902,97357.0,143392.0,4100.0,4110.0,4026.6,4092.6,22612450,4501.8,3683.4,4440.0,3288.1,4028.8,20,1,4028.7,8,2,4028.6,17,2,4028.5,24,1,4028.4,29,5,4028.9,14,2,4029.2,2,2,4030.0,101,2,4030.1,15,1,4030.7,10,1
11483,2026-07-02 10:07:17+05:30,4028.9,1,4057.9,413902,97357.0,143392.0,4100.0,4110.0,4026.6,4092.6,22612450,4501.8,3683.4,4440.0,3288.1,4028.8,20,1,4028.7,8,2,4028.6,17,2,4028.5,24,1,4028.4,29,5,4028.9,14,2,4029.2,2,2,4030.0,101,2,4030.1,15,1,4030.7,10,1
11483,2026-07-02 10:07:17+05:30,4028.9,1,4057.89,414001,97433.0,143412.0,4100.0,4110.0,4026.6,4092.6,22612450,4501.8,3683.4,4440.0,3288.1,4028.8,15,1,4028.7,14,2,4028.5,5,1,4028.4,29,5,4028.3,29,3,4028.9,14,3,4029.2,2,2,4030.0,101,2,4030.1,15,1,4030.3,24,1
11483,2026-07-02 10:07:17+05:30,4028.9,1,4057.89,414001,97433.0,143412.0,4100.0,4110.0,4026.6,4092.6,22660225,4501.8,3683.4,4440.0,3288.1,4028.8,15,1,4028.7,14,2,4028.5,5,1,4028.4,29,5,4028.3,29,3,4028.9,14,3,4029.2,2,2,4030.0,101,2,4030.1,15,1,4030.3,24,1
11483,2026-07-02 10:07:17+05:30,4028.9,2,4057.89,414001,97433.0,143412.0,4100.0,4110.0,4026.6,4092.6,22660225,4501.8,3683.4,4440.0,3288.1,4028.8,15,1,4028.7,14,2,4028.5,5,1,4028.4,29,5,4028.3,29,3,4028.9,14,3,4029.2,2,2,4030.0,101,2,4030.1,15,1,4030.3,24,1
11483,2026-07-02 10:07:18+05:30,4028.5,17,4057.88,414184,97136.0,143311.0,4100.0,4110.0,4026.6,4092.6,22660225,4501.8,3683.4,4440.0,3288.1,4028.3,9,1,4028.2,23,4,4028.1,15,2,4028.0,224,16,4027.9,63,4,4028.9,11,8,4029.2,2,2,4030.0,101,2,4030.1,15,1,4030.7,10,1
11483,2026-07-02 10:07:18+05:30,4028.5,17,4057.88,414184,97136.0,143311.0,4100.0,4110.0,4026.6,4092.6,22660225,4501.8,3683.4,4440.0,3288.1,4028.3,9,1,4028.2,23,4,4028.1,15,2,4028.0,224,16,4027.9,63,4,4028.9,11,8,4029.2,2,2,4030.0,101,2,4030.1,15,1,4030.7,10,1
11483,2026-07-02 10:07:18+05:30,4028.5,3,4057.88,414184,97136.0,143311.0,4100.0,4110.0,4026.6,4092.6,22660225,4501.8,3683.4,4440.0,3288.1,4028.3,9,1,4028.2,23,4,4028.1,15,2,4028.0,224,16,4027.9,63,4,4028.9,11,8,4029.2,2,2,4030.0,101,2,4030.1,15,1,4030.7,10,1
11483,2026-07-02 10:07:18+05:30,4028.5,3,4057.88,414184,97136.0,143311.0,4100.0,4110.0,4026.6,4092.6,22660225,4501.8,3683.4,4440.0,3288.1,4028.3,9,1,4028.2,23,4,4028.1,15,2,4028.0,224,16,4027.9,63,4,4028.9,11,8,4029.2,2,2,4030.0,101,2,4030.1,15,1,4030.7,10,1
11483,2026-07-02 10:07:19+05:30,4028.5,1,4057.87,414224,97337.0,143534.0,4100.0,4110.0,4026.6,4092.6,22660225,4501.8,3683.4,4440.0,3288.1,4028.4,24,2,4028.2,5,3,4028.1,27,3,4028.0,223,16,4027.9,32,2,4028.5,1,1,4028.9,15,5,4029.2,2,2,4030.0,101,2,4030.1,15,1
11483,2026-07-02 10:07:19+05:30,4029.5,2,4057.87,414224,97337.0,143534.0,4100.0,4110.0,4026.6,4092.6,22660225,4501.8,3683.4,4440.0,3288.1,4028.4,24,2,4028.2,5,3,4028.1,27,3,4028.0,223,16,4027.9,32,2,4028.5,1,1,4028.9,15,5,4029.2,2,2,4030.0,101,2,4030.1,15,1
11483,2026-07-02 10:07:20+05:30,4029.2,8,4057.86,414456,97127.0,143695.0,4100.0,4110.0,4026.6,4092.6,22660225,4501.8,3683.4,4440.0,3288.1,4028.1,5,1,4028.0,191,14,4027.9,45,2,4027.8,96,3,4027.6,39,4,4029.2,3,1,4029.5,3,2,4029.8,12,2,4029.9,22,3,4030.0,116,3
11483,2026-07-02 10:07:20+05:30,4029.2,2,4057.86,414456,97127.0,143695.0,4100.0,4110.0,4026.6,4092.6,22660225,4501.8,3683.4,4440.0,3288.1,4028.1,5,1,4028.0,191,14,4027.9,45,2,4027.8,96,3,4027.6,39,4,4029.2,3,1,4029.5,3,2,4029.8,12,2,4029.9,22,3,4030.0,116,3
11483,2026-07-02 10:07:21+05:30,4029.2,1,4057.86,414465,97387.0,143855.0,4100.0,4110.0,4026.6,4092.6,22660225,4501.8,3683.4,4440.0,3288.1,4028.1,15,2,4028.0,191,14,4027.9,25,1,4027.8,94,4,4027.6,59,5,4029.2,2,1,4029.5,3,2,4029.8,12,2,4029.9,42,4,4030.0,116,3
11483,2026-07-02 10:07:21+05:30,4030.0,131,4057.86,414465,97387.0,143855.0,4100.0,4110.0,4026.6,4092.6,22660225,4501.8,3683.4,4440.0,3288.1,4028.1,15,2,4028.0,191,14,4027.9,25,1,4027.8,94,4,4027.6,59,5,4029.2,2,1,4029.5,3,2,4029.8,12,2,4029.9,42,4,4030.0,116,3
11483,2026-07-02 10:07:22+05:30,4028.9,1,4057.83,414782,97537.0,143912.0,4100.0,4110.0,4026.6,4092.6,22660225,4501.8,3683.4,4440.0,3288.1,4028.9,1,1,4028.2,2,1,4028.1,59,2,4028.0,171,12,4027.9,40,3,4029.6,4,2,4029.7,11,3,4029.8,7,2,4029.9,13,2,4030.0,124,3
11483,2026-07-02 10:07:22+05:30,4028.9,1,4057.83,414782,97537.0,143912.0,4100.0,4110.0,4026.6,4092.6,22660225,4501.8,3683.4,4440.0,3288.1,4028.9,1,1,4028.2,2,1,4028.1,59,2,4028.0,171,12,4027.9,40,3,4029.6,4,2,4029.7,11,3,4029.8,7,2,4029.9,13,2,4030.0,124,3
11483,2026-07-02 10:07:23+05:30,4028.5,1,4057.83,414816,97436.0,143986.0,4100.0,4110.0,4026.6,4092.6,22660225,4501.8,3683.4,4440.0,3288.1,4028.0,250,8,4027.9,35,2,4027.8,67,2,4027.6,32,3,4027.5,38,3,4028.9,3,1,4029.6,4,2,4029.7,16,4,4029.8,3,1,4029.9,3,1
11483,2026-07-02 10:07:23+05:30,4028.9,9,4057.83,414816,97436.0,143986.0,4100.0,4110.0,4026.6,4092.6,22660225,4501.8,3683.4,4440.0,3288.1,4028.0,250,8,4027.9,35,2,4027.8,67,2,4027.6,32,3,4027.5,38,3,4028.9,3,1,4029.6,4,2,4029.7,16,4,4029.8,3,1,4029.9,3,1
11483,2026-07-02 10:07:24+05:30,4028.2,1,4057.83,414831,97462.0,143903.0,4100.0,4110.0,4026.6,4092.6,22660225,4501.8,3683.4,4440.0,3288.1,4028.0,277,10,4027.9,58,4,4027.8,97,3,4027.7,5,1,4027.6,20,2,4028.9,4,1,4029.6,4,2,4029.7,11,3,4029.8,3,1,4029.9,9,2
11483,2026-07-02 10:07:24+05:30,4028.9,5,4057.83,414831,97462.0,143903.0,4100.0,4110.0,4026.6,4092.6,22660225,4501.8,3683.4,4440.0,3288.1,4028.0,277,10,4027.9,58,4,4027.8,97,3,4027.7,5,1,4027.6,20,2,4028.9,4,1,4029.6,4,2,4029.7,11,3,4029.8,3,1,4029.9,9,2
11483,2026-07-02 10:07:25+05:30,4028.9,1,4057.83,414841,97597.0,143798.0,4100.0,4110.0,4026.6,4092.6,22660225,4501.8,3683.4,4440.0,3288.1,4028.9,3,1,4028.5,1,1,4028.1,81,4,4028.0,308,14,4027.9,47,3,4029.7,3,2,4029.8,3,1,4029.9,3,1,4030.0,100,1,4030.1,38,4
11483,2026-07-02 10:07:25+05:30,4028.9,1,4057.83,414841,97597.0,143798.0,4100.0,4110.0,4026.6,4092.6,22660225,4501.8,3683.4,4440.0,3288.1,4028.9,3,1,4028.5,1,1,4028.1,81,4,4028.0,308,14,4027.9,47,3,4029.7,3,2,4029.8,3,1,4029.9,3,1,4030.0,100,1,4030.1,38,4
11483,2026-07-02 10:07:26+05:30,4028.9,1,4057.83,414850,97744.0,143909.0,4100.0,4110.0,4026.6,4092.6,22660225,4501.8,3683.4,4440.0,3288.1,4028.9,1,1,4028.5,502,3,4028.1,81,4,4028.0,299,13,4027.9,47,3,4029.8,7,1,4029.9,39,3,4030.0,100,1,4030.1,38,4,4030.4,58,5
11483,2026-07-02 10:07:26+05:30,4028.9,1,4057.83,414850,97744.0,143909.0,4100.0,4110.0,4026.6,4092.6,22660225,4501.8,3683.4,4440.0,3288.1,4028.9,1,1,4028.5,502,3,4028.1,81,4,4028.0,299,13,4027.9,47,3,4029.8,7,1,4029.9,39,3,4030.0,100,1,4030.1,38,4,4030.4,58,5
11483,2026-07-02 10:07:27+05:30,4028.5,13,4057.83,414879,98274.0,143963.0,4100.0,4110.0,4026.6,4092.6,22660225,4501.8,3683.4,4440.0,3288.1,4029.8,10,1,4028.5,487,1,4028.3,18,1,4028.2,10,1,4028.1,65,5,4029.9,3,1,4030.0,100,1,4030.1,15,1,4030.4,35,3,4030.5,27,2
11483,2026-07-02 10:07:27+05:30,4028.5,1,4057.83,414879,98274.0,143963.0,4100.0,4110.0,4026.6,4092.6,22660225,4501.8,3683.4,4440.0,3288.1,4029.8,10,1,4028.5,487,1,4028.3,18,1,4028.2,10,1,4028.1,65,5,4029.9,3,1,4030.0,100,1,4030.1,15,1,4030.4,35,3,4030.5,27,2
11483,2026-07-02 10:07:28+05:30,4028.5,6,4057.78,415568,96649.0,149132.0,4100.0,4110.0,4026.6,4092.6,22660225,4501.8,3683.4,4440.0,3288.1,4028.2,1,1,4028.0,276,12,4027.9,25,1,4027.8,62,1,4027.4,1,1,4028.5,4376,4,4028.6,4,1,4029.1,21,3,4029.2,13,2,4029.3,11,1
11483,2026-07-02 10:07:28+05:30,4028.5,6,4057.78,415568,96649.0,149132.0,4100.0,4110.0,4026.6,4092.6,22660225,4501.8,3683.4,4440.0,3288.1,4028.2,1,1,4028.0,276,12,4027.9,25,1,4027.8,62,1,4027.4,1,1,4028.5,4376,4,4028.6,4,1,4029.1,21,3,4029.2,13,2,4029.3,11,1
11483,2026-07-02 10:07:29+05:30,4028.5,5,4057.78,415591,96812.0,149389.0,4100.0,4110.0,4026.6,4092.6,22660225,4501.8,3683.4,4440.0,3288.1,4028.0,276,13,4027.9,25,1,4027.8,62,1,4027.4,1,1,4027.1,3,1,4028.5,4360,8,4028.6,4,1,4029.0,200,1,4029.1,21,3,4029.2,19,2
11483,2026-07-02 10:07:29+05:30,4028.5,5,4057.78,415591,96812.0,149389.0,4100.0,4110.0,4026.6,4092.6,22660225,4501.8,3683.4,4440.0,3288.1,4028.0,276,13,4027.9,25,1,4027.8,62,1,4027.4,1,1,4027.1,3,1,4028.5,4360,8,4028.6,4,1,4029.0,200,1,4029.1,21,3,4029.2,19,2
11483,2026-07-02 10:07:30+05:30,4028.5,4,4057.78,415591,96812.0,149389.0,4100.0,4110.0,4026.6,4092.6,22660225,4501.8,3683.4,4440.0,3288.1,4028.0,276,13,4027.9,25,1,4027.8,62,1,4027.4,1,1,4027.1,3,1,4028.5,4360,8,4028.6,4,1,4029.0,200,1,4029.1,21,3,4029.2,19,2
11483,2026-07-02 10:07:30+05:30,4028.5,4,4057.78,415621,96983.0,149483.0,4100.0,4110.0,4026.6,4092.6,22660225,4501.8,3683.4,4440.0,3288.1,4028.0,272,13,4027.9,25,1,4027.8,62,1,4027.4,1,1,4027.1,3,1,4028.5,4358,12,4028.6,4,1,4029.0,211,2,4029.1,66,5,4029.2,8,1
11483,2026-07-02 10:07:31+05:30,4028.5,50,4057.78,415621,96983.0,149483.0,4100.0,4110.0,4026.6,4092.6,22660225,4501.8,3683.4,4440.0,3288.1,4028.0,272,13,4027.9,25,1,4027.8,62,1,4027.4,1,1,4027.1,3,1,4028.5,4358,12,4028.6,4,1,4029.0,211,2,4029.1,66,5,4029.2,8,1
11483,2026-07-02 10:07:31+05:30,4028.5,50,4057.77,415722,96899.0,149282.0,4100.0,4110.0,4026.6,4092.6,22660225,4501.8,3683.4,4440.0,3288.1,4028.0,272,14,4027.9,25,1,4027.8,62,1,4027.4,1,1,4027.1,3,1,4028.5,4238,12,4028.8,6,1,4029.0,288,2,4029.1,21,3,4029.2,52,2
11483,2026-07-02 10:07:32+05:30,4028.0,3,4057.77,415722,96899.0,149282.0,4100.0,4110.0,4026.6,4092.6,22660225,4501.8,3683.4,4440.0,3288.1,4028.0,272,14,4027.9,25,1,4027.8,62,1,4027.4,1,1,4027.1,3,1,4028.5,4238,12,4028.8,6,1,4029.0,288,2,4029.1,21,3,4029.2,52,2
11483,2026-07-02 10:07:33+05:30,4028.0,1,4057.76,415899,96756.0,149213.0,4100.0,4110.0,4026.6,4092.6,22660225,4501.8,3683.4,4440.0,3288.1,4028.0,174,8,4027.9,25,1,4027.8,62,1,4027.4,1,1,4027.1,26,2,4028.5,4151,11,4028.9,4,1,4029.0,288,2,4029.1,40,3,4029.4,91,6
11483,2026-07-02 10:07:33+05:30,4028.0,1,4057.76,415899,96756.0,149213.0,4100.0,4110.0,4026.6,4092.6,22660225,4501.8,3683.4,4440.0,3288.1,4028.0,174,8,4027.9,25,1,4027.8,62,1,4027.4,1,1,4027.1,26,2,4028.5,4151,11,4028.9,4,1,4029.0,288,2,4029.1,40,3,4029.4,91,6
11483,2026-07-02 10:07:34+05:30,4027.9,20,4057.74,416096,96584.0,149274.0,4100.0,4110.0,4026.6,4092.6,22660225,4501.8,3683.4,4440.0,3288.1,4027.9,5,1,4027.8,62,1,4027.4,1,1,4027.1,3,1,4027.0,235,10,4028.0,30,5,4028.5,4147,9,4028.9,4,1,4029.0,288,2,4029.1,51,4
11483,2026-07-02 10:07:34+05:30,4027.0,36,4057.74,416096,96584.0,149274.0,4100.0,4110.0,4026.6,4092.6,22660225,4501.8,3683.4,4440.0,3288.1,4027.9,5,1,4027.8,62,1,4027.4,1,1,4027.1,3,1,4027.0,235,10,4028.0,30,5,4028.5,4147,9,4028.9,4,1,4029.0,288,2,4029.1,51,4
11483,2026-07-02 10:07:35+05:30,4028.0,1,4057.73,416297,96086.0,149249.0,4100.0,4110.0,4026.6,4092.6,22660225,4501.8,3683.4,4440.0,3288.1,4027.0,179,11,4026.8,6,2,4026.7,22,1,4026.6,153,5,4026.5,41,3,4028.0,29,4,4028.5,4145,7,4028.6,6,1,4028.7,7,1,4028.8,42,1
11483,2026-07-02 10:07:35+05:30,4028.0,10,4057.73,416297,96086.0,149249.0,4100.0,4110.0,4026.6,4092.6,22660225,4501.8,3683.4,4440.0,3288.1,4027.0,179,11,4026.8,6,2,4026.7,22,1,4026.6,153,5,4026.5,41,3,4028.0,29,4,4028.5,4145,7,4028.6,6,1,4028.7,7,1,4028.8,42,1
11483,2026-07-02 10:07:36+05:30,4028.5,1,4057.71,416482,97117.0,148575.0,4100.0,4110.0,4026.6,4092.6,22660225,4501.8,3683.4,4440.0,3288.1,4027.9,75,9,4027.8,8,1,4027.7,9,1,4027.6,10,1,4027.5,60,2,4028.5,4142,5,4028.9,4,1,4029.0,288,2,4029.6,13,1,4029.7,32,2
11483,2026-07-02 10:07:36+05:30,4029.3,1,4057.71,416482,97117.0,148575.0,4100.0,4110.0,4026.6,4092.6,22660225,4501.8,3683.4,4440.0,3288.1,4027.9,75,9,4027.8,8,1,4027.7,9,1,4027.6,10,1,4027.5,60,2,4028.5,4142,5,4028.9,4,1,4029.0,288,2,4029.6,13,1,4029.7,32,2
11483,2026-07-02 10:07:37+05:30,4029.3,1,4057.4,420962,98032.0,143412.0,4100.0,4110.0,4026.6,4092.6,22660225,4501.8,3683.4,4440.0,3288.1,4029.1,18,2,4029.0,43,4,4028.9,35,4,4028.7,5,1,4028.5,13,1,4029.3,67,3,4030.0,100,1,4030.8,68,4,4030.9,43,4,4031.0,42,1
11483,2026-07-02 10:07:37+05:30,4029.3,1,4057.4,420962,98032.0,143412.0,4100.0,4110.0,4026.6,4092.6,22660225,4501.8,3683.4,4440.0,3288.1,4029.1,18,2,4029.0,43,4,4028.9,35,4,4028.7,5,1,4028.5,13,1,4029.3,67,3,4030.0,100,1,4030.8,68,4,4030.9,43,4,4031.0,42,1
11483,2026-07-02 10:07:38+05:30,4029.3,1,4057.4,420986,98423.0,143430.0,4100.0,4110.0,4026.6,4092.6,22660225,4501.8,3683.4,4440.0,3288.1,4029.1,13,2,4029.0,36,3,4028.9,30,3,4028.7,5,1,4028.5,50,1,4029.3,68,5,4030.0,100,1,4030.8,62,3,4030.9,63,7,4031.0,47,2
11483,2026-07-02 10:07:38+05:30,4029.3,5,4057.4,420986,98423.0,143430.0,4100.0,4110.0,4026.6,4092.6,22660225,4501.8,3683.4,4440.0,3288.1,4029.1,13,2,4029.0,36,3,4028.9,30,3,4028.7,5,1,4028.5,50,1,4029.3,68,5,4030.0,100,1,4030.8,62,3,4030.9,63,7,4031.0,47,2
11483,2026-07-02 10:07:39+05:30,4029.3,1,4057.4,420995,98513.0,143322.0,4100.0,4110.0,4026.6,4092.6,22660225,4501.8,3683.4,4440.0,3288.1,4029.1,25,3,4029.0,19,2,4028.9,30,3,4028.7,12,2,4028.6,8,1,4029.3,60,6,4030.0,100,1,4030.8,24,2,4030.9,43,4,4031.0,53,3
11483,2026-07-02 10:07:39+05:30,4029.0,2,4057.4,420995,98513.0,143322.0,4100.0,4110.0,4026.6,4092.6,22660225,4501.8,3683.4,4440.0,3288.1,4029.1,25,3,4029.0,19,2,4028.9,30,3,4028.7,12,2,4028.6,8,1,4029.3,60,6,4030.0,100,1,4030.8,24,2,4030.9,43,4,4031.0,53,3
11483,2026-07-02 10:07:40+05:30,4029.3,1,4057.4,421036,98317.0,143269.0,4100.0,4110.0,4026.6,4092.6,22660225,4501.8,3683.4,4440.0,3288.1,4029.0,2,1,4028.9,3,1,4028.7,5,1,4028.5,51,2,4028.4,10,1,4029.3,39,7,4030.0,140,2,4030.8,24,2,4030.9,46,5,4031.0,64,4
11483,2026-07-02 10:07:40+05:30,4029.3,1,4057.4,421036,98317.0,143269.0,4100.0,4110.0,4026.6,4092.6,22660225,4501.8,3683.4,4440.0,3288.1,4029.0,2,1,4028.9,3,1,4028.7,5,1,4028.5,51,2,4028.4,10,1,4029.3,39,7,4030.0,140,2,4030.8,24,2,4030.9,46,5,4031.0,64,4
11483,2026-07-02 10:07:41+05:30,4029.0,2,4057.4,421041,98210.0,143481.0,4100.0,4110.0,4026.6,4092.6,22660225,4501.8,3683.4,4440.0,3288.1,4028.9,3,1,4028.7,5,1,4028.5,51,2,4028.4,10,1,4028.3,5,1,4029.0,29,2,4029.3,7,7,4030.0,140,2,4030.8,37,3,4030.9,26,4
11483,2026-07-02 10:07:41+05:30,4028.9,1,4057.4,421041,98210.0,143481.0,4100.0,4110.0,4026.6,4092.6,22660225,4501.8,3683.4,4440.0,3288.1,4028.9,3,1,4028.7,5,1,4028.5,51,2,4028.4,10,1,4028.3,5,1,4029.0,29,2,4029.3,7,7,4030.0,140,2,4030.8,37,3,4030.9,26,4
11483,2026-07-02 10:07:42+05:30,4028.9,3,4057.39,421172,98304.0,143491.0,4100.0,4110.0,4026.6,4092.6,22660225,4501.8,3683.4,4440.0,3288.1,4028.9,98,2,4028.7,5,1,4028.5,63,4,4028.4,10,1,4028.3,5,1,4029.0,57,2,4029.3,4,4,4030.0,140,2,4030.8,37,3,4030.9,23,3
11483,2026-07-02 10:07:42+05:30,4028.9,1,4057.39,421172,98304.0,143491.0,4100.0,4110.0,4026.6,4092.6,22660225,4501.8,3683.4,4440.0,3288.1,4028.9,98,2,4028.7,5,1,4028.5,63,4,4028.4,10,1,4028.3,5,1,4029.0,57,2,4029.3,4,4,4030.0,140,2,4030.8,37,3,4030.9,23,3
11483,2026-07-02 10:07:43+05:30,4028.9,1,4057.39,421217,98415.0,143480.0,4100.0,4110.0,4026.6,4092.6,22660225,4501.8,3683.4,4440.0,3288.1,4028.9,93,2,4028.7,5,1,4028.5,63,4,4028.4,10,1,4028.3,13,2,4029.0,36,3,4029.3,3,3,4030.0,140,2,4030.8,37,3,4030.9,23,3
11483,2026-07-02 10:07:43+05:30,4028.9,3,4057.39,421217,98415.0,143480.0,4100.0,4110.0,4026.6,4092.6,22660225,4501.8,3683.4,4440.0,3288.1,4028.9,93,2,4028.7,5,1,4028.5,63,4,4028.4,10,1,4028.3,13,2,4029.0,36,3,4029.3,3,3,4030.0,140,2,4030.8,37,3,4030.9,23,3
11483,2026-07-02 10:07:44+05:30,4029.0,1,4057.39,421217,98415.0,143480.0,4100.0,4110.0,4026.6,4092.6,22660225,4501.8,3683.4,4440.0,3288.1,4028.9,93,2,4028.7,5,1,4028.5,63,4,4028.4,10,1,4028.3,13,2,4029.0,36,3,4029.3,3,3,4030.0,140,2,4030.8,37,3,4030.9,23,3
11483,2026-07-02 10:07:44+05:30,4029.0,1,4057.39,421231,98424.0,143496.0,4100.0,4110.0,4026.6,4092.6,22660225,4501.8,3683.4,4440.0,3288.1,4028.9,89,3,4028.8,4,2,4028.7,5,1,4028.5,64,5,4028.4,10,1,4029.0,28,3,4029.3,3,3,4030.0,140,2,4030.8,37,3,4030.9,23,3
11483,2026-07-02 10:07:45+05:30,4029.0,3,4057.39,421231,98424.0,143496.0,4100.0,4110.0,4026.6,4092.6,22660225,4501.8,3683.4,4440.0,3288.1,4028.9,89,3,4028.8,4,2,4028.7,5,1,4028.5,64,5,4028.4,10,1,4029.0,28,3,4029.3,3,3,4030.0,140,2,4030.8,37,3,4030.9,23,3
11483,2026-07-02 10:07:45+05:30,4029.0,3,4057.38,421290,98369.0,143375.0,4100.0,4110.0,4026.6,4092.6,22660225,4501.8,3683.4,4440.0,3288.1,4028.9,57,3,4028.8,2,1,4028.7,5,1,4028.5,64,5,4028.4,10,1,4029.0,71,5,4030.0,140,2,4030.8,24,2,4030.9,26,4,4031.0,72,4
11483,2026-07-02 10:07:46+05:30,4028.9,7,4057.38,421290,98369.0,143375.0,4100.0,4110.0,4026.6,4092.6,22660225,4501.8,3683.4,4440.0,3288.1,4028.9,57,3,4028.8,2,1,4028.7,5,1,4028.5,64,5,4028.4,10,1,4029.0,71,5,4030.0,140,2,4030.8,24,2,4030.9,26,4,4031.0,72,4
11483,2026-07-02 10:07:47+05:30,4028.9,2,4057.38,421370,98049.0,143417.0,4100.0,4110.0,4026.6,4092.6,22660225,4501.8,3683.4,4440.0,3288.1,4028.7,5,1,4028.5,52,3,4028.4,10,1,4028.3,13,2,4028.2,28,4,4028.9,48,2,4029.0,4,4,4029.9,10,1,4030.0,140,2,4030.6,11,1
11483,2026-07-02 10:07:47+05:30,4028.9,2,4057.38,421370,98049.0,143417.0,4100.0,4110.0,4026.6,4092.6,22660225,4501.8,3683.4,4440.0,3288.1,4028.7,5,1,4028.5,52,3,4028.4,10,1,4028.3,13,2,4028.2,28,4,4028.9,48,2,4029.0,4,4,4029.9,10,1,4030.0,140,2,4030.6,11,1
11483,2026-07-02 10:07:48+05:30,4028.9,25,4057.36,421534,98191.0,143272.0,4100.0,4110.0,4026.6,4092.6,22660225,4501.8,3683.4,4440.0,3288.1,4028.7,2,1,4028.5,52,3,4028.3,5,1,4028.2,19,3,4028.1,63,5,4028.9,26,4,4029.0,11,4,4030.0,140,2,4030.1,10,1,4030.2,33,2
11483,2026-07-02 10:07:48+05:30,4028.9,1,4057.36,421534,98191.0,143272.0,4100.0,4110.0,4026.6,4092.6,22660225,4501.8,3683.4,4440.0,3288.1,4028.7,2,1,4028.5,52,3,4028.3,5,1,4028.2,19,3,4028.1,63,5,4028.9,26,4,4029.0,11,4,4030.0,140,2,4030.1,10,1,4030.2,33,2
11483,2026-07-02 10:07:49+05:30,4028.9,1,4057.36,421641,98239.0,143417.0,4100.0,4110.0,4026.6,4092.6,22660225,4501.8,3683.4,4440.0,3288.1,4028.7,2,1,4028.5,52,3,4028.3,5,1,4028.2,16,2,4028.1,63,5,4028.9,35,8,4029.0,11,4,4030.0,140,2,4030.1,12,2,4030.2,35,3
11483,2026-07-02 10:07:49+05:30,4028.9,18,4057.36,421641,98239.0,143417.0,4100.0,4110.0,4026.6,4092.6,22660225,4501.8,3683.4,4440.0,3288.1,4028.7,2,1,4028.5,52,3,4028.3,5,1,4028.2,16,2,4028.1,63,5,4028.9,35,8,4029.0,11,4,4030.0,140,2,4030.1,12,2,4030.2,35,3
11483,2026-07-02 10:07:50+05:30,4030.0,1,4057.34,421881,98560.0,143114.0,4100.0,4110.0,4026.6,4092.6,22660225,4501.8,3683.4,4440.0,3288.1,4029.0,22,3,4028.9,17,3,4028.8,38,6,4028.7,22,4,4028.6,34,2,4030.0,81,2,4030.4,18,1,4030.8,35,2,4030.9,21,2,4031.0,15,1
11483,2026-07-02 10:07:50+05:30,4030.0,1,4057.34,421881,98560.0,143114.0,4100.0,4110.0,4026.6,4092.6,22660225,4501.8,3683.4,4440.0,3288.1,4029.0,22,3,4028.9,17,3,4028.8,38,6,4028.7,22,4,4028.6,34,2,4030.0,81,2,4030.4,18,1,4030.8,35,2,4030.9,21,2,4031.0,15,1
11483,2026-07-02 10:07:51+05:30,4030.0,1,4057.34,421893,98741.0,143118.0,4100.0,4110.0,4026.6,4092.6,22660225,4501.8,3683.4,4440.0,3288.1,4029.1,32,5,4029.0,21,4,4028.9,18,3,4028.8,28,5,4028.7,22,4,4030.0,73,4,4030.3,2,1,4030.4,20,2,4030.8,35,2,4030.9,21,2
11483,2026-07-02 10:07:51+05:30,4030.0,1,4057.34,421893,98741.0,143118.0,4100.0,4110.0,4026.6,4092.6,22660225,4501.8,3683.4,4440.0,3288.1,4029.1,32,5,4029.0,21,4,4028.9,18,3,4028.8,28,5,4028.7,22,4,4030.0,73,4,4030.3,2,1,4030.4,20,2,4030.8,35,2,4030.9,21,2
11483,2026-07-02 10:07:52+05:30,4030.0,1,4057.34,421924,99076.0,143135.0,4100.0,4110.0,4026.6,4092.6,22660225,4501.8,3683.4,4440.0,3288.1,4029.1,36,4,4029.0,48,5,4028.9,18,3,4028.8,58,6,4028.7,22,4,4030.0,72,5,4030.4,20,2,4030.7,2,1,4030.8,35,2,4030.9,21,2
11483,2026-07-02 10:07:52+05:30,4029.0,3,4057.34,421924,99076.0,143135.0,4100.0,4110.0,4026.6,4092.6,22660225,4501.8,3683.4,4440.0,3288.1,4029.1,36,4,4029.0,48,5,4028.9,18,3,4028.8,58,6,4028.7,22,4,4030.0,72,5,4030.4,20,2,4030.7,2,1,4030.8,35,2,4030.9,21,2
11483,2026-07-02 10:07:53+05:30,4030.0,1,4057.33,421997,99226.0,143124.0,4100.0,4110.0,4026.6,4092.6,22660225,4501.8,3683.4,4440.0,3288.1,4029.0,49,5,4028.9,13,2,4028.8,55,6,4028.7,17,3,4028.6,46,4,4030.0,74,8,4030.1,2,1,4030.9,21,2,4031.0,7,1,4031.1,32,2
11483,2026-07-02 10:07:53+05:30,4030.0,1,4057.33,421997,99226.0,143124.0,4100.0,4110.0,4026.6,4092.6,22660225,4501.8,3683.4,4440.0,3288.1,4029.0,49,5,4028.9,13,2,4028.8,55,6,4028.7,17,3,4028.6,46,4,4030.0,74,8,4030.1,2,1,4030.9,21,2,4031.0,7,1,4031.1,32,2
11483,2026-07-02 10:07:54+05:30,4030.0,5,4057.33,422032,99172.0,142999.0,4100.0,4110.0,4026.6,4092.6,22660225,4501.8,3683.4,4440.0,3288.1,4029.0,137,6,4028.9,25,2,4028.7,1,1,4028.6,15,2,4028.5,234,6,4030.0,142,10,4030.1,2,1,4030.5,2,1,4030.6,12,1,4030.7,2,1
11483,2026-07-02 10:07:54+05:30,4030.0,5,4057.33,422032,99172.0,142999.0,4100.0,4110.0,4026.6,4092.6,22660225,4501.8,3683.4,4440.0,3288.1,4029.0,137,6,4028.9,25,2,4028.7,1,1,4028.6,15,2,4028.5,234,6,4030.0,142,10,4030.1,2,1,4030.5,2,1,4030.6,12,1,4030.7,2,1
11483,2026-07-02 10:07:55+05:30,4030.0,32,4057.32,422137,99042.0,143022.0,4100.0,4110.0,4026.6,4092.6,22660225,4501.8,3683.4,4440.0,3288.1,4029.0,106,3,4028.9,37,4,4028.6,15,2,4028.5,234,6,4028.4,6,1,4030.0,72,5,4030.1,2,1,4030.5,13,2,4030.6,18,2,4030.7,2,1
11483,2026-07-02 10:07:55+05:30,4030.0,32,4057.32,422137,99042.0,143022.0,4100.0,4110.0,4026.6,4092.6,22660225,4501.8,3683.4,4440.0,3288.1,4029.0,106,3,4028.9,37,4,4028.6,15,2,4028.5,234,6,4028.4,6,1,4030.0,72,5,4030.1,2,1,4030.5,13,2,4030.6,18,2,4030.7,2,1
11483,2026-07-02 10:07:56+05:30,4029.0,3,4057.32,422137,99042.0,143022.0,4100.0,4110.0,4026.6,4092.6,22660225,4501.8,3683.4,4440.0,3288.1,4029.0,106,3,4028.9,37,4,4028.6,15,2,4028.5,234,6,4028.4,6,1,4030.0,72,5,4030.1,2,1,4030.5,13,2,4030.6,18,2,4030.7,2,1
11483,2026-07-02 10:07:56+05:30,4029.0,3,4057.32,422222,99302.0,143163.0,4100.0,4110.0,4026.6,4092.6,22660225,4501.8,3683.4,4440.0,3288.1,4029.0,97,3,4028.9,87,5,4028.6,15,2,4028.5,177,4,4028.4,6,1,4030.0,123,8,4030.1,13,2,4030.3,10,1,4030.4,2,1,4030.5,48,4
11483,2026-07-02 10:07:57+05:30,4028.5,2,4057.32,422222,99302.0,143163.0,4100.0,4110.0,4026.6,4092.6,22660225,4501.8,3683.4,4440.0,3288.1,4029.0,97,3,4028.9,87,5,4028.6,15,2,4028.5,177,4,4028.4,6,1,4030.0,123,8,4030.1,13,2,4030.3,10,1,4030.4,2,1,4030.5,48,4
11483,2026-07-02 10:07:57+05:30,4028.5,9,4057.3,422507,97932.0,144408.0,4100.0,4110.0,4026.6,4092.6,22660225,4501.8,3683.4,4440.0,3288.1,4028.5,116,1,4028.0,63,8,4027.9,7,3,4027.5,62,1,4027.4,2,1,4028.8,52,4,4028.9,10,4,4029.0,3,1,4029.1,36,2,4029.2,17,3
11483,2026-07-02 10:07:58+05:30,4028.5,35,4057.3,422507,97932.0,144408.0,4100.0,4110.0,4026.6,4092.6,22660225,4501.8,3683.4,4440.0,3288.1,4028.5,116,1,4028.0,63,8,4027.9,7,3,4027.5,62,1,4027.4,2,1,4028.8,52,4,4028.9,10,4,4029.0,3,1,4029.1,36,2,4029.2,17,3
11483,2026-07-02 10:07:59+05:30,4028.0,1,4057.29,422625,97424.0,145087.0,4100.0,4110.0,4026.6,4092.6,22660225,4501.8,3683.4,4440.0,3288.1,4028.0,62,8,4027.9,7,3,4027.4,2,1,4027.0,205,21,4026.8,6,2,4028.4,66,4,4028.5,12,2,4028.6,26,3,4028.7,14,2,4028.8,43,3
11483,2026-07-02 10:07:59+05:30,4028.0,1,4057.29,422625,97424.0,145087.0,4100.0,4110.0,4026.6,4092.6,22660225,4501.8,3683.4,4440.0,3288.1,4028.0,62,8,4027.9,7,3,4027.4,2,1,4027.0,205,21,4026.8,6,2,4028.4,66,4,4028.5,12,2,4028.6,26,3,4028.7,14,2,4028.8,43,3
11483,2026-07-02 10:08:00+05:30,4027.0,1,4057.28,422830,96823.0,145210.0,4100.0,4110.0,4026.6,4092.6,22660225,4501.8,3683.4,4440.0,3288.1,4027.0,154,15,4026.8,6,2,4026.6,129,4,4026.5,205,5,4026.4,42,5,4028.0,7,2,4028.2,20,2,4028.3,23,3,4028.4,29,3,4028.6,51,3
11483,2026-07-02 10:08:00+05:30,4027.0,1,4057.28,422830,96823.0,145210.0,4100.0,4110.0,4026.6,4092.6,22660225,4501.8,3683.4,4440.0,3288.1,4027.0,154,15,4026.8,6,2,4026.6,129,4,4026.5,205,5,4026.4,42,5,4028.0,7,2,4028.2,20,2,4028.3,23,3,4028.4,29,3,4028.6,51,3
11483,2026-07-02 10:08:01+05:30,4028.0,6,4057.26,423121,95874.0,144947.0,4100.0,4110.0,4026.6,4092.6,22660225,4501.8,3683.4,4440.0,3288.1,4027.0,129,8,4026.8,6,2,4026.6,109,3,4026.5,11,2,4026.4,19,3,4028.0,17,4,4028.2,16,2,4028.3,10,1,4028.4,38,3,4028.5,38,1
11483,2026-07-02 10:08:01+05:30,4028.0,1,4057.26,423121,95874.0,144947.0,4100.0,4110.0,4026.6,4092.6,22660225,4501.8,3683.4,4440.0,3288.1,4027.0,129,8,4026.8,6,2,4026.6,109,3,4026.5,11,2,4026.4,19,3,4028.0,17,4,4028.2,16,2,4028.3,10,1,4028.4,38,3,4028.5,38,1
11483,2026-07-02 10:08:02+05:30,4027.0,1,4057.26,423140,95979.0,145127.0,4100.0,4110.0,4026.6,4092.6,22660225,4501.8,3683.4,4440.0,3288.1,4027.0,128,8,4026.8,6,2,4026.6,109,3,4026.5,11,2,4026.4,19,3,4028.0,36,10,4028.2,27,3,4028.3,10,1,4028.4,22,3,4028.5,38,1
11483,2026-07-02 10:08:02+05:30,4028.4,6,4057.26,423140,95979.0,145127.0,4100.0,4110.0,4026.6,4092.6,22660225,4501.8,3683.4,4440.0,3288.1,4027.0,128,8,4026.8,6,2,4026.6,109,3,4026.5,11,2,4026.4,19,3,4028.0,36,10,4028.2,27,3,4028.3,10,1,4028.4,22,3,4028.5,38,1
11483,2026-07-02 10:08:03+05:30,4027.0,1,4057.24,423311,96005.0,145149.0,4100.0,4110.0,4026.6,4092.6,22660225,4501.8,3683.4,4440.0,3288.1,4027.0,84,2,4026.8,6,2,4026.6,109,3,4026.5,11,2,4026.4,19,3,4028.1,9,1,4028.4,62,8,4028.5,38,1,4028.6,29,4,4028.7,63,6
11483,2026-07-02 10:08:03+05:30,4028.1,1,4057.24,423311,96005.0,145149.0,4100.0,4110.0,4026.6,4092.6,22660225,4501.8,3683.4,4440.0,3288.1,4027.0,84,2,4026.8,6,2,4026.6,109,3,4026.5,11,2,4026.4,19,3,4028.1,9,1,4028.4,62,8,4028.5,38,1,4028.6,29,4,4028.7,63,6
11483,2026-07-02 10:08:04+05:30,4028.0,4,4057.24,423418,95713.0,145268.0,4100.0,4110.0,4026.6,4092.6,22660225,4501.8,3683.4,4440.0,3288.1,4027.0,7,3,4026.8,6,2,4026.6,109,3,4026.5,11,2,4026.4,6,2,4028.0,17,3,4028.1,37,6,4028.2,10,1,4028.3,18,2,4028.4,42,5
11483,2026-07-02 10:08:04+05:30,4028.0,4,4057.24,423418,95713.0,145268.0,4100.0,4110.0,4026.6,4092.6,22660225,4501.8,3683.4,4440.0,3288.1,4027.0,7,3,4026.8,6,2,4026.6,109,3,4026.5,11,2,4026.4,6,2,4028.0,17,3,4028.1,37,6,4028.2,10,1,4028.3,18,2,4028.4,42,5
11483,2026-07-02 10:08:05+05:30,4027.0,3,4057.24,423423,95756.0,145196.0,4100.0,4110.0,4026.6,4092.6,22660225,4501.8,3683.4,4440.0,3288.1,4027.0,2,2,4026.8,6,2,4026.6,109,3,4026.5,11,2,4026.4,6,2,4028.0,32,7,4028.1,30,5,4028.2,10,1,4028.3,8,1,4028.4,16,5
11483,2026-07-02 10:08:05+05:30,4028.0,1,4057.24,423423,95756.0,145196.0,4100.0,4110.0,4026.6,4092.6,22660225,4501.8,3683.4,4440.0,3288.1,4027.0,2,2,4026.8,6,2,4026.6,109,3,4026.5,11,2,4026.4,6,2,4028.0,32,7,4028.1,30,5,4028.2,10,1,4028.3,8,1,4028.4,16,5
11483,2026-07-02 10:08:06+05:30,4027.9,7,4057.24,423440,96111.0,145406.0,4100.0,4110.0,4026.6,4092.6,22660225,4501.8,3683.4,4440.0,3288.1,4027.0,5,1,4026.8,6,2,4026.6,109,3,4026.5,11,2,4026.4,6,2,4028.0,37,8,4028.1,22,4,4028.2,10,1,4028.3,8,1,4028.4,46,7
11483,2026-07-02 10:08:06+05:30,4028.0,2,4057.24,423440,96111.0,145406.0,4100.0,4110.0,4026.6,4092.6,22660225,4501.8,3683.4,4440.0,3288.1,4027.0,5,1,4026.8,6,2,4026.6,109,3,4026.5,11,2,4026.4,6,2,4028.0,37,8,4028.1,22,4,4028.2,10,1,4028.3,8,1,4028.4,46,7
11483,2026-07-02 10:08:07+05:30,4027.9,3,4057.23,423457,96127.0,145561.0,4100.0,4110.0,4026.6,4092.6,22660225,4501.8,3683.4,4440.0,3288.1,4027.0,21,2,4026.9,1,1,4026.8,6,2,4026.6,109,3,4026.5,11,2,4027.9,13,2,4028.0,197,11,4028.1,20,4,4028.3,10,2,4028.4,51,6
11483,2026-07-02 10:08:07+05:30,4027.9,3,4057.23,423457,96127.0,145561.0,4100.0,4110.0,4026.6,4092.6,22660225,4501.8,3683.4,4440.0,3288.1,4027.0,21,2,4026.9,1,1,4026.8,6,2,4026.6,109,3,4026.5,11,2,4027.9,13,2,4028.0,197,11,4028.1,20,4,4028.3,10,2,4028.4,51,6
11483,2026-07-02 10:08:08+05:30,4027.8,6,4057.22,423676,95923.0,145338.0,4100.0,4110.0,4026.6,4092.6,22660225,4501.8,3683.4,4440.0,3288.1,4027.1,3,1,4027.0,5,1,4026.6,109,3,4026.5,11,2,4026.4,6,2,4027.8,8,2,4027.9,3,3,4028.0,167,7,4028.1,13,3,4028.2,5,1
11483,2026-07-02 10:08:08+05:30,4027.8,6,4057.22,423676,95923.0,145338.0,4100.0,4110.0,4026.6,4092.6,22660225,4501.8,3683.4,4440.0,3288.1,4027.1,3,1,4027.0,5,1,4026.6,109,3,4026.5,11,2,4026.4,6,2,4027.8,8,2,4027.9,3,3,4028.0,167,7,4028.1,13,3,4028.2,5,1
11483,2026-07-02 10:08:09+05:30,4027.1,1,4057.22,423680,95945.0,145408.0,4100.0,4110.0,4026.6,4092.6,22660225,4501.8,3683.4,4440.0,3288.1,4027.0,9,3,4026.8,1,1,4026.6,109,3,4026.5,11,2,4026.4,6,2,4027.1,2,2,4027.8,7,5,4027.9,3,3,4028.0,167,6,4028.2,5,1
11483,2026-07-02 10:08:09+05:30,4027.1,1,4057.22,423680,95945.0,145408.0,4100.0,4110.0,4026.6,4092.6,22660225,4501.8,3683.4,4440.0,3288.1,4027.0,9,3,4026.8,1,1,4026.6,109,3,4026.5,11,2,4026.4,6,2,4027.1,2,2,4027.8,7,5,4027.9,3,3,4028.0,167,6,4028.2,5,1
11483,2026-07-02 10:08:10+05:30,4027.1,1,4057.21,423742,95606.0,145901.0,4100.0,4110.0,4026.6,4092.6,22660225,4501.8,3683.4,4440.0,3288.1,4027.0,2,1,4026.8,1,1,4026.6,109,3,4026.5,11,2,4026.4,6,2,4027.1,3,3,4027.8,6,4,4027.9,14,4,4028.0,167,6,4028.2,5,1
11483,2026-07-02 10:08:10+05:30,4027.1,1,4057.21,423742,95606.0,145901.0,4100.0,4110.0,4026.6,4092.6,22660225,4501.8,3683.4,4440.0,3288.1,4027.0,2,1,4026.8,1,1,4026.6,109,3,4026.5,11,2,4026.4,6,2,4027.1,3,3,4027.8,6,4,4027.9,14,4,4028.0,167,6,4028.2,5,1
11483,2026-07-02 10:08:11+05:30,4027.0,2,4057.21,423742,95606.0,145901.0,4100.0,4110.0,4026.6,4092.6,22660225,4501.8,3683.4,4440.0,3288.1,4027.0,2,1,4026.8,1,1,4026.6,109,3,4026.5,11,2,4026.4,6,2,4027.1,3,3,4027.8,6,4,4027.9,14,4,4028.0,167,6,4028.2,5,1
11483,2026-07-02 10:08:11+05:30,4027.0,1,4057.21,423779,95881.0,145768.0,4100.0,4110.0,4026.6,4092.6,22660225,4501.8,3683.4,4440.0,3288.1,4027.0,71,1,4026.8,1,1,4026.6,109,3,4026.5,11,2,4026.4,28,3,4027.8,11,5,4027.9,5,4,4028.0,163,3,4028.1,2,1,4028.2,5,1
11483,2026-07-02 10:08:12+05:30,4027.7,4,4057.21,423779,95881.0,145768.0,4100.0,4110.0,4026.6,4092.6,22660225,4501.8,3683.4,4440.0,3288.1,4027.0,71,1,4026.8,1,1,4026.6,109,3,4026.5,11,2,4026.4,28,3,4027.8,11,5,4027.9,5,4,4028.0,163,3,4028.1,2,1,4028.2,5,1
11483,2026-07-02 10:08:13+05:30,4026.1,4,4057.16,424457,95919.0,146367.0,4100.0,4110.0,4025.5,4092.6,22660225,4501.8,3683.4,4440.0,3288.1,4026.1,16,2,4026.0,45,6,4025.9,31,3,4025.8,22,1,4025.7,70,6,4027.0,2,2,4027.7,10,1,4027.8,21,7,4027.9,2,1,4028.0,180,4
11483,2026-07-02 10:08:13+05:30,4027.8,3,4057.16,424457,95919.0,146367.0,4100.0,4110.0,4025.5,4092.6,22660225,4501.8,3683.4,4440.0,3288.1,4026.1,16,2,4026.0,45,6,4025.9,31,3,4025.8,22,1,4025.7,70,6,4027.0,2,2,4027.7,10,1,4027.8,21,7,4027.9,2,1,4028.0,180,4
11483,2026-07-02 10:08:14+05:30,4027.8,3,4057.16,424457,95919.0,146367.0,4100.0,4110.0,4025.5,4092.6,22660225,4501.8,3683.4,4440.0,3288.1,4026.1,16,2,4026.0,45,6,4025.9,31,3,4025.8,22,1,4025.7,70,6,4027.0,2,2,4027.7,10,1,4027.8,21,7,4027.9,2,1,4028.0,180,4
11483,2026-07-02 10:08:14+05:30,4027.8,3,4057.15,424648,96093.0,145140.0,4100.0,4110.0,4025.5,4092.6,22660225,4501.8,3683.4,4440.0,3288.1,4026.1,19,1,4026.0,57,8,4025.8,51,2,4025.7,55,3,4025.6,58,3,4027.7,30,1,4027.8,4,3,4027.9,2,1,4028.0,168,2,4028.1,26,2
11483,2026-07-02 10:08:14+05:30,4027.8,3,4057.15,424648,96093.0,145140.0,4100.0,4110.0,4025.5,4092.6,22660225,4501.8,3683.4,4440.0,3288.1,4026.1,19,1,4026.0,57,8,4025.8,51,2,4025.7,55,3,4025.6,58,3,4027.7,30,1,4027.8,4,3,4027.9,2,1,4028.0,168,2,4028.1,26,2
11483,2026-07-02 10:08:14+05:30,4027.4,2,4057.15,424648,96093.0,145140.0,4100.0,4110.0,4025.5,4092.6,22660225,4501.8,3683.4,4440.0,3288.1,4026.1,19,1,4026.0,57,8,4025.8,51,2,4025.7,55,3,4025.6,58,3,4027.7,30,1,4027.8,4,3,4027.9,2,1,4028.0,168,2,4028.1,26,2
11483,2026-07-02 10:08:15+05:30,4027.4,2,4057.15,424658,96166.0,145090.0,4100.0,4110.0,4025.5,4092.6,22660225,4501.8,3683.4,4440.0,3288.1,4027.3,1,1,4026.0,15,2,4025.9,5,1,4025.8,62,3,4025.7,89,3,4027.4,15,2,4027.6,2,1,4027.8,16,5,4027.9,10,3,4028.0,165,2
11483,2026-07-02 10:08:15+05:30,4027.4,2,4057.15,424658,96166.0,145090.0,4100.0,4110.0,4025.5,4092.6,22660225,4501.8,3683.4,4440.0,3288.1,4027.3,1,1,4026.0,15,2,4025.9,5,1,4025.8,62,3,4025.7,89,3,4027.4,15,2,4027.6,2,1,4027.8,16,5,4027.9,10,3,4028.0,165,2
11483,2026-07-02 10:08:15+05:30,4027.9,1,4057.15,424658,96166.0,145090.0,4100.0,4110.0,4025.5,4092.6,22660225,4501.8,3683.4,4440.0,3288.1,4027.3,1,1,4026.0,15,2,4025.9,5,1,4025.8,62,3,4025.7,89,3,4027.4,15,2,4027.6,2,1,4027.8,16,5,4027.9,10,3,4028.0,165,2
11483,2026-07-02 10:08:16+05:30,4027.9,1,4057.15,424658,96166.0,145090.0,4100.0,4110.0,4025.5,4092.6,22660225,4501.8,3683.4,4440.0,3288.1,4027.3,1,1,4026.0,15,2,4025.9,5,1,4025.8,62,3,4025.7,89,3,4027.4,15,2,4027.6,2,1,4027.8,16,5,4027.9,10,3,4028.0,165,2
11483,2026-07-02 10:08:16+05:30,4027.9,1,4057.14,424810,97211.0,145061.0,4100.0,4110.0,4025.5,4092.6,22660225,4501.8,3683.4,4440.0,3288.1,4027.9,2,2,4027.3,1,1,4027.1,100,1,4026.2,13,1,4026.0,19,2,4028.0,145,1,4028.1,13,2,4028.3,8,1,4028.4,11,1,4028.5,24,1
11483,2026-07-02 10:08:16+05:30,4027.9,1,4057.14,424810,97211.0,145061.0,4100.0,4110.0,4025.5,4092.6,22660225,4501.8,3683.4,4440.0,3288.1,4027.9,2,2,4027.3,1,1,4027.1,100,1,4026.2,13,1,4026.0,19,2,4028.0,145,1,4028.1,13,2,4028.3,8,1,4028.4,11,1,4028.5,24,1
11483,2026-07-02 10:08:16+05:30,4027.9,5,4057.14,424810,97211.0,145061.0,4100.0,4110.0,4025.5,4092.6,22660225,4501.8,3683.4,4440.0,3288.1,4027.9,2,2,4027.3,1,1,4027.1,100,1,4026.2,13,1,4026.0,19,2,4028.0,145,1,4028.1,13,2,4028.3,8,1,4028.4,11,1,4028.5,24,1
11483,2026-07-02 10:08:16+05:30,4027.9,5,4057.14,424810,97211.0,145061.0,4100.0,4110.0,4025.5,4092.6,22660225,4501.8,3683.4,4440.0,3288.1,4027.9,2,2,4027.3,1,1,4027.1,100,1,4026.2,13,1,4026.0,19,2,4028.0,145,1,4028.1,13,2,4028.3,8,1,4028.4,11,1,4028.5,24,1
11483,2026-07-02 10:08:17+05:30,4027.9,5,4057.14,424810,97211.0,145061.0,4100.0,4110.0,4025.5,4092.6,22660225,4501.8,3683.4,4440.0,3288.1,4027.9,2,2,4027.3,1,1,4027.1,100,1,4026.2,13,1,4026.0,19,2,4028.0,145,1,4028.1,13,2,4028.3,8,1,4028.4,11,1,4028.5,24,1
11483,2026-07-02 10:08:17+05:30,4027.9,1,4057.14,424830,97071.0,145066.0,4100.0,4110.0,4025.5,4092.6,22660225,4501.8,3683.4,4440.0,3288.1,4027.1,98,1,4026.1,25,2,4026.0,16,3,4025.9,34,3,4025.8,13,2,4027.9,3,2,4028.0,145,1,4028.1,2,1,4028.3,8,1,4028.5,32,2
11483,2026-07-02 10:08:17+05:30,4027.9,1,4057.14,424830,97071.0,145066.0,4100.0,4110.0,4025.5,4092.6,22681575,4501.8,3683.4,4440.0,3288.1,4027.1,98,1,4026.1,25,2,4026.0,16,3,4025.9,34,3,4025.8,13,2,4027.9,3,2,4028.0,145,1,4028.1,2,1,4028.3,8,1,4028.5,32,2
11483,2026-07-02 10:08:17+05:30,4027.9,1,4057.14,424830,97071.0,145066.0,4100.0,4110.0,4025.5,4092.6,22681575,4501.8,3683.4,4440.0,3288.1,4027.1,98,1,4026.1,25,2,4026.0,16,3,4025.9,34,3,4025.8,13,2,4027.9,3,2,4028.0,145,1,4028.1,2,1,4028.3,8,1,4028.5,32,2
11483,2026-07-02 10:08:17+05:30,4027.9,1,4057.14,424830,97071.0,145066.0,4100.0,4110.0,4025.5,4092.6,22681575,4501.8,3683.4,4440.0,3288.1,4027.1,98,1,4026.1,25,2,4026.0,16,3,4025.9,34,3,4025.8,13,2,4027.9,3,2,4028.0,145,1,4028.1,2,1,4028.3,8,1,4028.5,32,2
11483,2026-07-02 10:08:18+05:30,4027.9,1,4057.14,424830,97071.0,145066.0,4100.0,4110.0,4025.5,4092.6,22681575,4501.8,3683.4,4440.0,3288.1,4027.1,98,1,4026.1,25,2,4026.0,16,3,4025.9,34,3,4025.8,13,2,4027.9,3,2,4028.0,145,1,4028.1,2,1,4028.3,8,1,4028.5,32,2
11483,2026-07-02 10:08:18+05:30,4027.9,1,4057.14,424831,97692.0,145368.0,4100.0,4110.0,4025.5,4092.6,22681575,4501.8,3683.4,4440.0,3288.1,4027.8,10,1,4027.1,98,1,4027.0,100,1,4026.2,61,2,4026.1,25,2,4027.9,9,4,4028.0,145,1,4028.1,2,1,4028.2,3,1,4028.4,11,1
11483,2026-07-02 10:08:18+05:30,4027.9,1,4057.14,424831,97692.0,145368.0,4100.0,4110.0,4025.5,4092.6,22681575,4501.8,3683.4,4440.0,3288.1,4027.8,10,1,4027.1,98,1,4027.0,100,1,4026.2,61,2,4026.1,25,2,4027.9,9,4,4028.0,145,1,4028.1,2,1,4028.2,3,1,4028.4,11,1
11483,2026-07-02 10:08:18+05:30,4027.9,3,4057.14,424831,97692.0,145368.0,4100.0,4110.0,4025.5,4092.6,22681575,4501.8,3683.4,4440.0,3288.1,4027.8,10,1,4027.1,98,1,4027.0,100,1,4026.2,61,2,4026.1,25,2,4027.9,9,4,4028.0,145,1,4028.1,2,1,4028.2,3,1,4028.4,11,1
11483,2026-07-02 10:08:19+05:30,4027.9,3,4057.14,424831,97692.0,145368.0,4100.0,4110.0,4025.5,4092.6,22681575,4501.8,3683.4,4440.0,3288.1,4027.8,10,1,4027.1,98,1,4027.0,100,1,4026.2,61,2,4026.1,25,2,4027.9,9,4,4028.0,145,1,4028.1,2,1,4028.2,3,1,4028.4,11,1
11483,2026-07-02 10:08:19+05:30,4027.8,8,4057.13,424849,97362.0,145006.0,4100.0,4110.0,4025.5,4092.6,22681575,4501.8,3683.4,4440.0,3288.1,4027.4,1,1,4027.1,98,1,4027.0,111,3,4026.1,25,2,4026.0,27,4,4027.9,14,5,4028.0,145,1,4028.1,2,1,4028.2,3,1,4028.3,2,2
11483,2026-07-02 10:08:19+05:30,4027.8,8,4057.13,424849,97362.0,145006.0,4100.0,4110.0,4025.5,4092.6,22681575,4501.8,3683.4,4440.0,3288.1,4027.4,1,1,4027.1,98,1,4027.0,111,3,4026.1,25,2,4026.0,27,4,4027.9,14,5,4028.0,145,1,4028.1,2,1,4028.2,3,1,4028.3,2,2
11483,2026-07-02 10:08:20+05:30,4027.1,1,4057.13,424852,97349.0,144976.0,4100.0,4110.0,4025.5,4092.6,22681575,4501.8,3683.4,4440.0,3288.1,4027.1,97,1,4027.0,111,3,4026.2,5,1,4026.1,25,2,4026.0,28,5,4027.9,14,5,4028.0,145,1,4028.1,2,1,4028.2,3,1,4028.3,2,2
11483,2026-07-02 10:08:20+05:30,4027.1,1,4057.13,424852,97349.0,144976.0,4100.0,4110.0,4025.5,4092.6,22681575,4501.8,3683.4,4440.0,3288.1,4027.1,97,1,4027.0,111,3,4026.2,5,1,4026.1,25,2,4026.0,28,5,4027.9,14,5,4028.0,145,1,4028.1,2,1,4028.2,3,1,4028.3,2,2
11483,2026-07-02 10:08:21+05:30,4027.9,1,4057.13,424860,97194.0,145056.0,4100.0,4110.0,4025.5,4092.6,22681575,4501.8,3683.4,4440.0,3288.1,4027.1,93,1,4027.0,112,4,4026.2,5,1,4026.1,20,1,4026.0,34,6,4027.9,55,5,4028.0,145,1,4028.1,2,1,4028.2,3,1,4028.3,1,1
11483,2026-07-02 10:08:21+05:30,4027.9,1,4057.13,424860,97194.0,145056.0,4100.0,4110.0,4025.5,4092.6,22681575,4501.8,3683.4,4440.0,3288.1,4027.1,93,1,4027.0,112,4,4026.2,5,1,4026.1,20,1,4026.0,34,6,4027.9,55,5,4028.0,145,1,4028.1,2,1,4028.2,3,1,4028.3,1,1
11483,2026-07-02 10:08:22+05:30,4028.0,7,4057.13,424968,97917.0,144875.0,4100.0,4110.0,4025.5,4092.6,22681575,4501.8,3683.4,4440.0,3288.1,4027.1,92,1,4027.0,112,4,4026.2,5,1,4026.1,20,1,4026.0,46,7,4028.0,96,1,4028.1,13,2,4028.2,3,1,4028.3,1,1,4028.4,11,1
11483,2026-07-02 10:08:22+05:30,4028.0,7,4057.13,424968,97917.0,144875.0,4100.0,4110.0,4025.5,4092.6,22681575,4501.8,3683.4,4440.0,3288.1,4027.1,92,1,4027.0,112,4,4026.2,5,1,4026.1,20,1,4026.0,46,7,4028.0,96,1,4028.1,13,2,4028.2,3,1,4028.3,1,1,4028.4,11,1
11483,2026-07-02 10:08:23+05:30,4027.0,20,4057.11,425198,97299.0,145023.0,4100.0,4110.0,4025.5,4092.6,22681575,4501.8,3683.4,4440.0,3288.1,4026.3,26,3,4026.2,12,3,4026.1,28,2,4026.0,45,11,4025.9,12,1,4027.0,2,2,4027.7,24,1,4027.8,9,1,4028.0,99,3,4028.1,29,3
11483,2026-07-02 10:08:23+05:30,4027.0,20,4057.11,425198,97299.0,145023.0,4100.0,4110.0,4025.5,4092.6,22681575,4501.8,3683.4,4440.0,3288.1,4026.3,26,3,4026.2,12,3,4026.1,28,2,4026.0,45,11,4025.9,12,1,4027.0,2,2,4027.7,24,1,4027.8,9,1,4028.0,99,3,4028.1,29,3
11483,2026-07-02 10:08:24+05:30,4027.0,1,4057.11,425220,97550.0,145248.0,4100.0,4110.0,4025.5,4092.6,22681575,4501.8,3683.4,4440.0,3288.1,4026.1,51,5,4026.0,34,10,4025.9,12,1,4025.8,3,1,4025.7,26,3,4027.0,3,3,4027.8,23,1,4027.9,39,2,4028.0,104,4,4028.1,26,2
11483,2026-07-02 10:08:24+05:30,4027.0,1,4057.11,425220,97550.0,145248.0,4100.0,4110.0,4025.5,4092.6,22681575,4501.8,3683.4,4440.0,3288.1,4026.1,51,5,4026.0,34,10,4025.9,12,1,4025.8,3,1,4025.7,26,3,4027.0,3,3,4027.8,23,1,4027.9,39,2,4028.0,104,4,4028.1,26,2
11483,2026-07-02 10:08:25+05:30,4027.4,4,4057.11,425220,97550.0,145248.0,4100.0,4110.0,4025.5,4092.6,22681575,4501.8,3683.4,4440.0,3288.1,4026.1,51,5,4026.0,34,10,4025.9,12,1,4025.8,3,1,4025.7,26,3,4027.0,3,3,4027.8,23,1,4027.9,39,2,4028.0,104,4,4028.1,26,2
11483,2026-07-02 10:08:25+05:30,4027.4,4,4057.1,425329,97901.0,145491.0,4100.0,4110.0,4025.5,4092.6,22681575,4501.8,3683.4,4440.0,3288.1,4027.0,5,1,4026.8,4,1,4026.1,24,1,4026.0,15,5,4025.8,60,2,4027.7,26,2,4027.8,14,2,4027.9,17,1,4028.0,99,3,4028.1,51,4
11483,2026-07-02 10:08:26+05:30,4026.8,3,4057.1,425329,97901.0,145491.0,4100.0,4110.0,4025.5,4092.6,22681575,4501.8,3683.4,4440.0,3288.1,4027.0,5,1,4026.8,4,1,4026.1,24,1,4026.0,15,5,4025.8,60,2,4027.7,26,2,4027.8,14,2,4027.9,17,1,4028.0,99,3,4028.1,51,4
11483,2026-07-02 10:08:27+05:30,4026.1,1,4057.1,425372,97430.0,146110.0,4100.0,4110.0,4025.5,4092.6,22681575,4501.8,3683.4,4440.0,3288.1,4026.1,23,1,4026.0,20,6,4025.6,15,1,4025.5,118,5,4025.4,23,3,4027.0,151,1,4027.3,33,5,4027.4,10,4,4027.6,32,2,4027.7,49,3
11483,2026-07-02 10:08:27+05:30,4026.1,7,4057.1,425372,97430.0,146110.0,4100.0,4110.0,4025.5,4092.6,22681575,4501.8,3683.4,4440.0,3288.1,4026.1,23,1,4026.0,20,6,4025.6,15,1,4025.5,118,5,4025.4,23,3,4027.0,151,1,4027.3,33,5,4027.4,10,4,4027.6,32,2,4027.7,49,3
11483,2026-07-02 10:08:28+05:30,4027.0,1,4057.1,425400,97569.0,146214.0,4100.0,4110.0,4025.5,4092.6,22681575,4501.8,3683.4,4440.0,3288.1,4026.1,8,1,4026.0,20,6,4025.6,15,1,4025.5,118,5,4025.4,23,3,4027.0,148,1,4027.3,15,3,4027.4,10,4,4027.5,5,1,4027.6,32,2
11483,2026-07-02 10:08:28+05:30,4027.0,1,4057.1,425400,97569.0,146214.0,4100.0,4110.0,4025.5,4092.6,22681575,4501.8,3683.4,4440.0,3288.1,4026.1,8,1,4026.0,20,6,4025.6,15,1,4025.5,118,5,4025.4,23,3,4027.0,148,1,4027.3,15,3,4027.4,10,4,4027.5,5,1,4027.6,32,2
11483,2026-07-02 10:08:29+05:30,4027.0,80,4057.09,425484,97354.0,146156.0,4100.0,4110.0,4025.5,4092.6,22681575,4501.8,3683.4,4440.0,3288.1,4026.1,7,1,4026.0,20,6,4025.6,15,1,4025.5,118,5,4025.4,23,3,4026.9,35,4,4027.0,70,4,4027.1,32,2,4027.2,11,1,4027.3,4,2
11483,2026-07-02 10:08:29+05:30,4026.9,1,4057.09,425484,97354.0,146156.0,4100.0,4110.0,4025.5,4092.6,22681575,4501.8,3683.4,4440.0,3288.1,4026.1,7,1,4026.0,20,6,4025.6,15,1,4025.5,118,5,4025.4,23,3,4026.9,35,4,4027.0,70,4,4027.1,32,2,4027.2,11,1,4027.3,4,2
11483,2026-07-02 10:08:30+05:30,4026.9,5,4057.09,425491,97211.0,146244.0,4100.0,4110.0,4025.5,4092.6,22681575,4501.8,3683.4,4440.0,3288.1,4026.1,7,1,4026.0,20,6,4025.6,15,1,4025.5,118,5,4025.4,23,3,4026.9,29,5,4027.0,72,6,4027.1,40,4,4027.2,19,2,4027.3,28,3
11483,2026-07-02 10:08:30+05:30,4027.0,1,4057.09,425491,97211.0,146244.0,4100.0,4110.0,4025.5,4092.6,22681575,4501.8,3683.4,4440.0,3288.1,4026.1,7,1,4026.0,20,6,4025.6,15,1,4025.5,118,5,4025.4,23,3,4026.9,29,5,4027.0,72,6,4027.1,40,4,4027.2,19,2,4027.3,28,3
11483,2026-07-02 10:08:31+05:30,4026.1,5,4057.08,425554,97191.0,146468.0,4100.0,4110.0,4025.5,4092.6,22681575,4501.8,3683.4,4440.0,3288.1,4026.0,20,6,4025.6,15,1,4025.5,118,5,4025.4,6,2,4025.3,30,3,4026.1,53,4,4026.6,10,1,4026.9,7,1,4027.0,78,6,4027.1,7,1
11483,2026-07-02 10:08:31+05:30,4026.1,1,4057.08,425554,97191.0,146468.0,4100.0,4110.0,4025.5,4092.6,22681575,4501.8,3683.4,4440.0,3288.1,4026.0,20,6,4025.6,15,1,4025.5,118,5,4025.4,6,2,4025.3,30,3,4026.1,53,4,4026.6,10,1,4026.9,7,1,4027.0,78,6,4027.1,7,1
11483,2026-07-02 10:08:32+05:30,4026.1,18,4057.08,425576,97021.0,146403.0,4100.0,4110.0,4025.5,4092.6,22681575,4501.8,3683.4,4440.0,3288.1,4026.0,20,6,4025.6,15,1,4025.5,118,5,4025.4,6,2,4025.3,30,3,4026.1,37,6,4026.9,7,1,4027.0,78,6,4027.1,8,2,4027.2,31,2
11483,2026-07-02 10:08:32+05:30,4026.1,1,4057.08,425576,97021.0,146403.0,4100.0,4110.0,4025.5,4092.6,22681575,4501.8,3683.4,4440.0,3288.1,4026.0,20,6,4025.6,15,1,4025.5,118,5,4025.4,6,2,4025.3,30,3,4026.1,37,6,4026.9,7,1,4027.0,78,6,4027.1,8,2,4027.2,31,2
11483,2026-07-02 10:08:33+05:30,4026.0,2,4057.08,425591,97396.0,146454.0,4100.0,4110.0,4025.5,4092.6,22681575,4501.8,3683.4,4440.0,3288.1,4026.0,17,6,4025.6,15,1,4025.5,118,5,4025.4,6,2,4025.3,30,3,4026.1,25,6,4027.0,76,4,4027.1,18,3,4027.2,31,2,4027.3,3,1
11483,2026-07-02 10:08:33+05:30,4026.1,1,4057.08,425591,97396.0,146454.0,4100.0,4110.0,4025.5,4092.6,22681575,4501.8,3683.4,4440.0,3288.1,4026.0,17,6,4025.6,15,1,4025.5,118,5,4025.4,6,2,4025.3,30,3,4026.1,25,6,4027.0,76,4,4027.1,18,3,4027.2,31,2,4027.3,3,1
11483,2026-07-02 10:08:34+05:30,4026.0,2,4057.08,425607,97416.0,146496.0,4100.0,4110.0,4025.5,4092.6,22681575,4501.8,3683.4,4440.0,3288.1,4026.0,26,3,4025.6,15,1,4025.5,118,5,4025.4,6,2,4025.3,30,3,4026.1,24,7,4027.0,74,2,4027.1,18,3,4027.2,25,1,4027.3,9,2
11483,2026-07-02 10:08:34+05:30,4026.1,2,4057.08,425607,97416.0,146496.0,4100.0,4110.0,4025.5,4092.6,22681575,4501.8,3683.4,4440.0,3288.1,4026.0,26,3,4025.6,15,1,4025.5,118,5,4025.4,6,2,4025.3,30,3,4026.1,24,7,4027.0,74,2,4027.1,18,3,4027.2,25,1,4027.3,9,2
11483,2026-07-02 10:08:35+05:30,4026.9,2,4057.08,425655,97335.0,146201.0,4100.0,4110.0,4025.5,4092.6,22681575,4501.8,3683.4,4440.0,3288.1,4026.0,24,3,4025.6,15,1,4025.5,118,5,4025.4,6,2,4025.3,30,3,4026.9,18,2,4027.0,80,4,4027.2,35,3,4027.3,10,1,4027.4,13,2
11483,2026-07-02 10:08:35+05:30,4026.0,1,4057.08,425655,97335.0,146201.0,4100.0,4110.0,4025.5,4092.6,22681575,4501.8,3683.4,4440.0,3288.1,4026.0,24,3,4025.6,15,1,4025.5,118,5,4025.4,6,2,4025.3,30,3,4026.9,18,2,4027.0,80,4,4027.2,35,3,4027.3,10,1,4027.4,13,2
11483,2026-07-02 10:08:36+05:30,4025.3,1,4057.06,425822,96972.0,145959.0,4100.0,4110.0,4025.3,4092.6,22681575,4501.8,3683.4,4440.0,3288.1,4025.3,29,3,4025.2,1,1,4025.1,206,9,4025.0,3714,150,4024.9,1,1,4026.8,62,6,4026.9,26,5,4027.0,27,3,4027.1,37,1,4027.2,15,3
11483,2026-07-02 10:08:36+05:30,4025.3,17,4057.06,425822,96972.0,145959.0,4100.0,4110.0,4025.3,4092.6,22681575,4501.8,3683.4,4440.0,3288.1,4025.3,29,3,4025.2,1,1,4025.1,206,9,4025.0,3714,150,4024.9,1,1,4026.8,62,6,4026.9,26,5,4027.0,27,3,4027.1,37,1,4027.2,15,3
11483,2026-07-02 10:08:37+05:30,4026.0,1,4057.06,425822,96972.0,145959.0,4100.0,4110.0,4025.3,4092.6,22681575,4501.8,3683.4,4440.0,3288.1,4025.3,29,3,4025.2,1,1,4025.1,206,9,4025.0,3714,150,4024.9,1,1,4026.8,62,6,4026.9,26,5,4027.0,27,3,4027.1,37,1,4027.2,15,3
11483,2026-07-02 10:08:37+05:30,4026.0,1,4057.06,425907,96499.0,146088.0,4100.0,4110.0,4025.3,4092.6,22681575,4501.8,3683.4,4440.0,3288.1,4025.2,1,1,4025.1,226,10,4025.0,3716,151,4024.9,1,1,4024.5,38,1,4025.9,10,1,4026.0,47,5,4026.1,26,3,4026.2,27,4,4026.3,7,1
11483,2026-07-02 10:08:38+05:30,4026.0,1,4057.06,425907,96499.0,146088.0,4100.0,4110.0,4025.3,4092.6,22681575,4501.8,3683.4,4440.0,3288.1,4025.2,1,1,4025.1,226,10,4025.0,3716,151,4024.9,1,1,4024.5,38,1,4025.9,10,1,4026.0,47,5,4026.1,26,3,4026.2,27,4,4026.3,7,1
11483,2026-07-02 10:08:39+05:30,4026.0,1,4057.06,425921,96960.0,145968.0,4100.0,4110.0,4025.1,4092.6,22681575,4501.8,3683.4,4440.0,3288.1,4025.1,224,10,4025.0,3716,151,4024.9,1,1,4024.5,62,2,4024.3,52,2,4026.0,1,1,4026.2,1,1,4026.5,8,1,4026.6,31,3,4026.7,8,1
11483,2026-07-02 10:08:39+05:30,4026.0,13,4057.06,425921,96960.0,145968.0,4100.0,4110.0,4025.1,4092.6,22681575,4501.8,3683.4,4440.0,3288.1,4025.1,224,10,4025.0,3716,151,4024.9,1,1,4024.5,62,2,4024.3,52,2,4026.0,1,1,4026.2,1,1,4026.5,8,1,4026.6,31,3,4026.7,8,1
11483,2026-07-02 10:08:40+05:30,4026.0,13,4057.06,425948,96726.0,146451.0,4100.0,4110.0,4025.1,4092.6,22681575,4501.8,3683.4,4440.0,3288.1,4025.1,224,10,4025.0,3703,150,4024.9,1,1,4024.5,38,1,4024.2,18,1,4025.3,531,1,4026.0,28,6,4026.1,5,1,4026.2,1,1,4026.3,43,3
11483,2026-07-02 10:08:40+05:30,4025.3,1,4057.06,425948,96726.0,146451.0,4100.0,4110.0,4025.1,4092.6,22681575,4501.8,3683.4,4440.0,3288.1,4025.1,224,10,4025.0,3703,150,4024.9,1,1,4024.5,38,1,4024.2,18,1,4025.3,531,1,4026.0,28,6,4026.1,5,1,4026.2,1,1,4026.3,43,3
11483,2026-07-02 10:08:41+05:30,4025.3,1,4057.05,425971,96803.0,146501.0,4100.0,4110.0,4025.1,4092.6,22681575,4501.8,3683.4,4440.0,3288.1,4025.1,217,10,4025.0,3703,150,4024.9,1,1,4024.5,38,1,4024.2,23,2,4025.3,518,4,4026.0,28,6,4026.1,5,1,4026.2,10,2,4026.4,66,4
11483,2026-07-02 10:08:41+05:30,4025.3,1,4057.05,425971,96803.0,146501.0,4100.0,4110.0,4025.1,4092.6,22681575,4501.8,3683.4,4440.0,3288.1,4025.1,217,10,4025.0,3703,150,4024.9,1,1,4024.5,38,1,4024.2,23,2,4025.3,518,4,4026.0,28,6,4026.1,5,1,4026.2,10,2,4026.4,66,4
11483,2026-07-02 10:08:42+05:30,4025.3,2,4057.05,425981,96917.0,146799.0,4100.0,4110.0,4025.1,4092.6,22681575,4501.8,3683.4,4440.0,3288.1,4025.1,217,10,4025.0,3704,151,4024.9,1,1,4024.5,38,1,4024.2,18,1,4025.3,511,7,4025.7,9,1,4025.9,1,1,4026.0,36,7,4026.1,29,4
11483,2026-07-02 10:08:42+05:30,4025.3,1,4057.05,425981,96917.0,146799.0,4100.0,4110.0,4025.1,4092.6,22681575,4501.8,3683.4,4440.0,3288.1,4025.1,217,10,4025.0,3704,151,4024.9,1,1,4024.5,38,1,4024.2,18,1,4025.3,511,7,4025.7,9,1,4025.9,1,1,4026.0,36,7,4026.1,29,4
11483,2026-07-02 10:08:43+05:30,4025.3,100,4057.04,426140,96821.0,146834.0,4100.0,4110.0,4025.1,4092.6,22681575,4501.8,3683.4,4440.0,3288.1,4025.1,189,8,4025.0,3602,149,4024.9,1,1,4024.5,38,1,4024.2,18,1,4025.3,388,9,4025.9,1,1,4026.0,41,7,4026.1,13,2,4026.2,9,1
11483,2026-07-02 10:08:43+05:30,4025.3,1,4057.04,426140,96821.0,146834.0,4100.0,4110.0,4025.1,4092.6,22681575,4501.8,3683.4,4440.0,3288.1,4025.1,189,8,4025.0,3602,149,4024.9,1,1,4024.5,38,1,4024.2,18,1,4025.3,388,9,4025.9,1,1,4026.0,41,7,4026.1,13,2,4026.2,9,1
11483,2026-07-02 10:08:44+05:30,4025.3,30,4057.03,426231,96825.0,147146.0,4100.0,4110.0,4025.1,4092.6,22681575,4501.8,3683.4,4440.0,3288.1,4025.1,139,7,4025.0,3592,148,4024.9,1,1,4024.5,38,1,4024.2,18,1,4025.3,652,14,4025.6,4,1,4025.7,9,1,4025.9,1,1,4026.0,44,8
11483,2026-07-02 10:08:44+05:30,4025.3,1,4057.03,426231,96825.0,147146.0,4100.0,4110.0,4025.1,4092.6,22681575,4501.8,3683.4,4440.0,3288.1,4025.1,139,7,4025.0,3592,148,4024.9,1,1,4024.5,38,1,4024.2,18,1,4025.3,652,14,4025.6,4,1,4025.7,9,1,4025.9,1,1,4026.0,44,8
11483,2026-07-02 10:08:45+05:30,4025.3,25,4057.03,426288,96851.0,147093.0,4100.0,4110.0,4025.1,4092.6,22681575,4501.8,3683.4,4440.0,3288.1,4025.1,134,7,4025.0,3592,148,4024.9,31,2,4024.5,38,1,4024.2,18,1,4025.3,600,14,4025.6,4,1,4025.7,9,1,4025.9,1,1,4026.0,41,5
11483,2026-07-02 10:08:45+05:30,4025.3,2,4057.03,426288,96851.0,147093.0,4100.0,4110.0,4025.1,4092.6,22681575,4501.8,3683.4,4440.0,3288.1,4025.1,134,7,4025.0,3592,148,4024.9,31,2,4024.5,38,1,4024.2,18,1,4025.3,600,14,4025.6,4,1,4025.7,9,1,4025.9,1,1,4026.0,41,5
11483,2026-07-02 10:08:46+05:30,4025.3,1,4056.95,427373,96715.0,145980.0,4100.0,4110.0,4025.1,4092.6,22681575,4501.8,3683.4,4440.0,3288.1,4025.1,82,2,4025.0,3582,147,4024.9,31,2,4024.5,47,2,4024.2,36,2,4025.3,9,7,4026.0,21,2,4026.1,5,1,4026.3,8,1,4026.4,16,2
11483,2026-07-02 10:08:46+05:30,4025.3,1,4056.95,427373,96715.0,145980.0,4100.0,4110.0,4025.1,4092.6,22681575,4501.8,3683.4,4440.0,3288.1,4025.1,82,2,4025.0,3582,147,4024.9,31,2,4024.5,47,2,4024.2,36,2,4025.3,9,7,4026.0,21,2,4026.1,5,1,4026.3,8,1,4026.4,16,2
11483,2026-07-02 10:08:47+05:30,4025.3,1,4056.95,427374,96748.0,146001.0,4100.0,4110.0,4025.1,4092.6,22681575,4501.8,3683.4,4440.0,3288.1,4025.1,82,2,4025.0,3582,147,4024.9,31,2,4024.5,47,2,4024.3,2,1,4025.3,27,9,4026.0,21,2,4026.1,5,1,4026.3,8,1,4026.4,16,2
11483,2026-07-02 10:08:47+05:30,4025.3,1,4056.95,427374,96748.0,146001.0,4100.0,4110.0,4025.1,4092.6,22681575,4501.8,3683.4,4440.0,3288.1,4025.1,82,2,4025.0,3582,147,4024.9,31,2,4024.5,47,2,4024.3,2,1,4025.3,27,9,4026.0,21,2,4026.1,5,1,4026.3,8,1,4026.4,16,2
11483,2026-07-02 10:08:48+05:30,4025.3,17,4056.94,427563,97190.0,145624.0,4100.0,4110.0,4025.1,4092.6,22681575,4501.8,3683.4,4440.0,3288.1,4025.3,33,1,4025.1,82,2,4025.0,3584,147,4024.9,31,2,4024.5,71,3,4026.0,30,3,4026.1,5,1,4026.6,1,1,4026.7,13,2,4026.8,11,3
11483,2026-07-02 10:08:48+05:30,4026.5,1,4056.94,427563,97190.0,145624.0,4100.0,4110.0,4025.1,4092.6,22681575,4501.8,3683.4,4440.0,3288.1,4025.3,33,1,4025.1,82,2,4025.0,3584,147,4024.9,31,2,4024.5,71,3,4026.0,30,3,4026.1,5,1,4026.6,1,1,4026.7,13,2,4026.8,11,3
11483,2026-07-02 10:08:49+05:30,4026.5,1,4056.93,427603,97352.0,145630.0,4100.0,4110.0,4025.1,4092.6,22681575,4501.8,3683.4,4440.0,3288.1,4025.5,9,1,4025.3,72,3,4025.2,20,1,4025.1,92,3,4025.0,3584,147,4026.4,23,2,4026.5,37,3,4026.6,27,3,4026.7,21,2,4026.9,21,2
11483,2026-07-02 10:08:49+05:30,4026.4,1,4056.93,427603,97352.0,145630.0,4100.0,4110.0,4025.1,4092.6,22681575,4501.8,3683.4,4440.0,3288.1,4025.5,9,1,4025.3,72,3,4025.2,20,1,4025.1,92,3,4025.0,3584,147,4026.4,23,2,4026.5,37,3,4026.6,27,3,4026.7,21,2,4026.9,21,2
11483,2026-07-02 10:08:50+05:30,4026.3,5,4056.92,427825,97718.0,145592.0,4100.0,4110.0,4025.1,4092.6,22681575,4501.8,3683.4,4440.0,3288.1,4026.0,1,1,4025.5,9,1,4025.3,106,5,4025.2,20,1,4025.1,92,3,4026.3,16,4,4026.4,5,1,4026.5,25,3,4026.6,20,2,4026.7,13,3
11483,2026-07-02 10:08:50+05:30,4026.3,1,4056.92,427825,97718.0,145592.0,4100.0,4110.0,4025.1,4092.6,22681575,4501.8,3683.4,4440.0,3288.1,4026.0,1,1,4025.5,9,1,4025.3,106,5,4025.2,20,1,4025.1,92,3,4026.3,16,4,4026.4,5,1,4026.5,25,3,4026.6,20,2,4026.7,13,3
11483,2026-07-02 10:08:51+05:30,4026.0,1,4056.92,427827,97846.0,145529.0,4100.0,4110.0,4025.1,4092.6,22681575,4501.8,3683.4,4440.0,3288.1,4025.5,9,1,4025.3,114,7,4025.2,20,1,4025.1,92,3,4025.0,3584,147,4026.2,38,5,4026.3,16,4,4026.4,13,2,4026.5,3,1,4026.6,20,2
11483,2026-07-02 10:08:51+05:30,4026.2,1,4056.92,427827,97846.0,145529.0,4100.0,4110.0,4025.1,4092.6,22681575,4501.8,3683.4,4440.0,3288.1,4025.5,9,1,4025.3,114,7,4025.2,20,1,4025.1,92,3,4025.0,3584,147,4026.2,38,5,4026.3,16,4,4026.4,13,2,4026.5,3,1,4026.6,20,2
11483,2026-07-02 10:08:52+05:30,4025.5,1,4056.92,427830,97950.0,145288.0,4100.0,4110.0,4025.1,4092.6,22681575,4501.8,3683.4,4440.0,3288.1,4025.5,7,1,4025.3,114,7,4025.2,20,1,4025.1,93,4,4025.0,3584,147,4026.1,11,1,4026.2,15,3,4026.3,5,3,4026.4,5,1,4026.5,3,1
11483,2026-07-02 10:08:52+05:30,4025.5,1,4056.92,427830,97950.0,145288.0,4100.0,4110.0,4025.1,4092.6,22681575,4501.8,3683.4,4440.0,3288.1,4025.5,7,1,4025.3,114,7,4025.2,20,1,4025.1,93,4,4025.0,3584,147,4026.1,11,1,4026.2,15,3,4026.3,5,3,4026.4,5,1,4026.5,3,1
11483,2026-07-02 10:08:53+05:30,4026.3,2,4056.91,427920,97556.0,145496.0,4100.0,4110.0,4025.1,4092.6,22681575,4501.8,3683.4,4440.0,3288.1,4025.3,110,7,4025.2,20,1,4025.1,93,4,4025.0,3574,146,4024.9,31,2,4026.0,40,5,4026.1,19,3,4026.2,24,3,4026.3,19,6,4026.4,5,1
11483,2026-07-02 10:08:53+05:30,4026.3,2,4056.91,427920,97556.0,145496.0,4100.0,4110.0,4025.1,4092.6,22681575,4501.8,3683.4,4440.0,3288.1,4025.3,110,7,4025.2,20,1,4025.1,93,4,4025.0,3574,146,4024.9,31,2,4026.0,40,5,4026.1,19,3,4026.2,24,3,4026.3,19,6,4026.4,5,1
11483,2026-07-02 10:08:54+05:30,4025.9,2,4056.91,427920,97556.0,145496.0,4100.0,4110.0,4025.1,4092.6,22681575,4501.8,3683.4,4440.0,3288.1,4025.3,110,7,4025.2,20,1,4025.1,93,4,4025.0,3574,146,4024.9,31,2,4026.0,40,5,4026.1,19,3,4026.2,24,3,4026.3,19,6,4026.4,5,1
11483,2026-07-02 10:08:54+05:30,4025.9,2,4056.86,428655,97291.0,144958.0,4100.0,4110.0,4025.1,4092.6,22681575,4501.8,3683.4,4440.0,3288.1,4025.3,49,2,4025.2,20,1,4025.1,93,4,4025.0,3604,149,4024.9,31,2,4025.9,1,1,4026.0,10,2,4026.1,9,2,4026.2,10,2,4026.3,19,6
11483,2026-07-02 10:08:55+05:30,4025.5,2,4056.86,428655,97291.0,144958.0,4100.0,4110.0,4025.1,4092.6,22681575,4501.8,3683.4,4440.0,3288.1,4025.3,49,2,4025.2,20,1,4025.1,93,4,4025.0,3604,149,4024.9,31,2,4025.9,1,1,4026.0,10,2,4026.1,9,2,4026.2,10,2,4026.3,19,6
11483,2026-07-02 10:08:55+05:30,4025.5,2,4056.85,428678,97663.0,145427.0,4100.0,4110.0,4025.1,4092.6,22681575,4501.8,3683.4,4440.0,3288.1,4025.3,50,3,4025.2,20,1,4025.1,93,4,4025.0,3814,151,4024.9,31,2,4025.5,3,1,4025.9,17,7,4026.0,10,2,4026.1,15,3,4026.2,43,5
11483,2026-07-02 10:08:56+05:30,4025.8,1,4056.85,428678,97663.0,145427.0,4100.0,4110.0,4025.1,4092.6,22681575,4501.8,3683.4,4440.0,3288.1,4025.3,50,3,4025.2,20,1,4025.1,93,4,4025.0,3814,151,4024.9,31,2,4025.5,3,1,4025.9,17,7,4026.0,10,2,4026.1,15,3,4026.2,43,5
11483,2026-07-02 10:08:56+05:30,4025.8,1,4056.85,428717,97637.0,145568.0,4100.0,4110.0,4025.1,4092.6,22681575,4501.8,3683.4,4440.0,3288.1,4025.5,3,1,4025.3,19,2,4025.2,20,1,4025.1,93,4,4025.0,3764,150,4025.8,24,5,4025.9,32,8,4026.0,25,3,4026.1,9,2,4026.2,18,3
11483,2026-07-02 10:08:57+05:30,4025.5,2,4056.85,428778,97498.0,145639.0,4100.0,4110.0,4025.1,4092.6,22681575,4501.8,3683.4,4440.0,3288.1,4025.3,19,2,4025.2,20,1,4025.1,93,4,4025.0,3769,151,4024.9,31,2,4025.5,16,1,4025.8,14,2,4025.9,24,9,4026.0,25,3,4026.1,9,2
11483,2026-07-02 10:08:57+05:30,4025.5,2,4056.85,428778,97498.0,145639.0,4100.0,4110.0,4025.1,4092.6,22681575,4501.8,3683.4,4440.0,3288.1,4025.3,19,2,4025.2,20,1,4025.1,93,4,4025.0,3769,151,4024.9,31,2,4025.5,16,1,4025.8,14,2,4025.9,24,9,4026.0,25,3,4026.1,9,2
11483,2026-07-02 10:08:58+05:30,4025.7,5,4056.84,428850,97540.0,145753.0,4100.0,4110.0,4025.1,4092.6,22681575,4501.8,3683.4,4440.0,3288.1,4025.3,4,2,4025.2,20,1,4025.1,93,4,4025.0,3769,151,4024.9,31,2,4025.7,4,1,4025.8,34,5,4025.9,33,10,4026.0,63,5,4026.1,9,2
11483,2026-07-02 10:08:58+05:30,4025.7,1,4056.84,428850,97540.0,145753.0,4100.0,4110.0,4025.1,4092.6,22681575,4501.8,3683.4,4440.0,3288.1,4025.3,4,2,4025.2,20,1,4025.1,93,4,4025.0,3769,151,4024.9,31,2,4025.7,4,1,4025.8,34,5,4025.9,33,10,4026.0,63,5,4026.1,9,2
11483,2026-07-02 10:08:59+05:30,4025.3,2,4056.83,429001,97659.0,145790.0,4100.0,4110.0,4025.1,4092.6,22681575,4501.8,3683.4,4440.0,3288.1,4025.1,76,2,4025.0,3869,152,4024.9,31,2,4024.5,38,1,4024.3,2,1,4025.3,10,4,4025.4,26,3,4025.5,232,4,4025.6,3,1,4025.7,7,3
11483,2026-07-02 10:08:59+05:30,4025.3,2,4056.83,429001,97659.0,145790.0,4100.0,4110.0,4025.1,4092.6,22681575,4501.8,3683.4,4440.0,3288.1,4025.1,76,2,4025.0,3869,152,4024.9,31,2,4024.5,38,1,4024.3,2,1,4025.3,10,4,4025.4,26,3,4025.5,232,4,4025.6,3,1,4025.7,7,3
11483,2026-07-02 10:09:00+05:30,4025.3,1,4056.83,429037,97719.0,145937.0,4100.0,4110.0,4025.1,4092.6,22681575,4501.8,3683.4,4440.0,3288.1,4025.1,60,2,4025.0,3874,153,4024.9,31,2,4024.5,38,1,4024.3,2,1,4025.3,31,7,4025.4,15,2,4025.5,217,3,4025.6,3,1,4025.7,7,3
11483,2026-07-02 10:09:00+05:30,4025.1,1,4056.83,429037,97719.0,145937.0,4100.0,4110.0,4025.1,4092.6,22681575,4501.8,3683.4,4440.0,3288.1,4025.1,60,2,4025.0,3874,153,4024.9,31,2,4024.5,38,1,4024.3,2,1,4025.3,31,7,4025.4,15,2,4025.5,217,3,4025.6,3,1,4025.7,7,3
11483,2026-07-02 10:09:01+05:30,4025.2,6,4056.82,429079,97824.0,145875.0,4100.0,4110.0,4025.1,4092.6,22681575,4501.8,3683.4,4440.0,3288.1,4025.1,59,3,4025.0,3874,153,4024.9,31,2,4024.5,38,1,4024.3,2,1,4025.2,34,6,4025.3,27,6,4025.4,25,3,4025.5,244,3,4025.6,4,2
11483,2026-07-02 10:09:01+05:30,4025.2,6,4056.82,429079,97824.0,145875.0,4100.0,4110.0,4025.1,4092.6,22681575,4501.8,3683.4,4440.0,3288.1,4025.1,59,3,4025.0,3874,153,4024.9,31,2,4024.5,38,1,4024.3,2,1,4025.2,34,6,4025.3,27,6,4025.4,25,3,4025.5,244,3,4025.6,4,2
11483,2026-07-02 10:09:02+05:30,4023.9,1,4056.36,435268,93197.0,146733.0,4100.0,4110.0,4022.2,4092.6,22681575,4501.8,3683.4,4440.0,3288.1,4023.0,48,5,4022.9,32,3,4022.8,52,4,4022.7,47,5,4022.6,75,6,4024.0,1168,2,4024.7,14,3,4024.8,24,3,4024.9,6,1,4025.0,16,2
11483,2026-07-02 10:09:02+05:30,4023.9,1,4056.36,435268,93197.0,146733.0,4100.0,4110.0,4022.2,4092.6,22681575,4501.8,3683.4,4440.0,3288.1,4023.0,48,5,4022.9,32,3,4022.8,52,4,4022.7,47,5,4022.6,75,6,4024.0,1168,2,4024.7,14,3,4024.8,24,3,4024.9,6,1,4025.0,16,2
11483,2026-07-02 10:09:03+05:30,4024.0,10,4056.35,435509,92797.0,147048.0,4100.0,4110.0,4022.2,4092.6,22681575,4501.8,3683.4,4440.0,3288.1,4022.7,4,2,4022.4,38,1,4022.2,62,4,4022.1,115,4,4022.0,240,17,4024.0,1140,7,4024.4,21,3,4024.5,59,4,4024.6,8,1,4024.7,12,1
11483,2026-07-02 10:09:03+05:30,4024.0,10,4056.35,435509,92797.0,147048.0,4100.0,4110.0,4022.2,4092.6,22681575,4501.8,3683.4,4440.0,3288.1,4022.7,4,2,4022.4,38,1,4022.2,62,4,4022.1,115,4,4022.0,240,17,4024.0,1140,7,4024.4,21,3,4024.5,59,4,4024.6,8,1,4024.7,12,1
11483,2026-07-02 10:09:04+05:30,4022.7,1,4056.35,435509,92797.0,147048.0,4100.0,4110.0,4022.2,4092.6,22681575,4501.8,3683.4,4440.0,3288.1,4022.7,4,2,4022.4,38,1,4022.2,62,4,4022.1,115,4,4022.0,240,17,4024.0,1140,7,4024.4,21,3,4024.5,59,4,4024.6,8,1,4024.7,12,1
11483,2026-07-02 10:09:04+05:30,4022.7,1,4056.35,435523,93417.0,147071.0,4100.0,4110.0,4022.2,4092.6,22681575,4501.8,3683.4,4440.0,3288.1,4022.6,13,2,4022.5,2,1,4022.3,54,3,4022.2,55,4,4022.1,122,4,4022.7,1,1,4023.6,11,2,4023.7,5,1,4023.8,8,1,4023.9,48,1
11483,2026-07-02 10:09:05+05:30,4024.0,5,4056.35,435523,93417.0,147071.0,4100.0,4110.0,4022.2,4092.6,22681575,4501.8,3683.4,4440.0,3288.1,4022.6,13,2,4022.5,2,1,4022.3,54,3,4022.2,55,4,4022.1,122,4,4022.7,1,1,4023.6,11,2,4023.7,5,1,4023.8,8,1,4023.9,48,1
11483,2026-07-02 10:09:05+05:30,4022.5,1,4056.34,435559,93361.0,146934.0,4100.0,4110.0,4022.2,4092.6,22681575,4501.8,3683.4,4440.0,3288.1,4022.5,49,2,4022.4,36,3,4022.3,12,1,4022.2,65,5,4022.1,129,5,4022.6,2,2,4024.0,1133,12,4024.4,91,3,4024.6,3,1,4024.7,12,1
11483,2026-07-02 10:09:06+05:30,4022.6,4,4056.34,435559,93361.0,146934.0,4100.0,4110.0,4022.2,4092.6,22681575,4501.8,3683.4,4440.0,3288.1,4022.5,49,2,4022.4,36,3,4022.3,12,1,4022.2,65,5,4022.1,129,5,4022.6,2,2,4024.0,1133,12,4024.4,91,3,4024.6,3,1,4024.7,12,1
11483,2026-07-02 10:09:07+05:30,4022.4,1,4056.34,435604,92824.0,147110.0,4100.0,4110.0,4022.2,4092.6,22681575,4501.8,3683.4,4440.0,3288.1,4022.2,36,2,4022.1,110,3,4022.0,219,16,4021.8,15,2,4021.7,11,1,4023.9,33,2,4024.0,1136,15,4024.1,39,2,4024.3,31,3,4024.4,80,3
11483,2026-07-02 10:09:07+05:30,4024.0,19,4056.34,435604,92824.0,147110.0,4100.0,4110.0,4022.2,4092.6,22681575,4501.8,3683.4,4440.0,3288.1,4022.2,36,2,4022.1,110,3,4022.0,219,16,4021.8,15,2,4021.7,11,1,4023.9,33,2,4024.0,1136,15,4024.1,39,2,4024.3,31,3,4024.4,80,3
11483,2026-07-02 10:09:08+05:30,4022.5,2,4056.34,435648,95034.0,146955.0,4100.0,4110.0,4022.2,4092.6,22681575,4501.8,3683.4,4440.0,3288.1,4022.4,13,1,4022.3,13,1,4022.2,56,3,4022.1,110,3,4022.0,229,17,4024.0,1114,16,4024.1,16,3,4024.2,5,1,4024.3,27,1,4024.4,26,3
11483,2026-07-02 10:09:08+05:30,4023.9,9,4056.34,435648,95034.0,146955.0,4100.0,4110.0,4022.2,4092.6,22681575,4501.8,3683.4,4440.0,3288.1,4022.4,13,1,4022.3,13,1,4022.2,56,3,4022.1,110,3,4022.0,229,17,4024.0,1114,16,4024.1,16,3,4024.2,5,1,4024.3,27,1,4024.4,26,3
11483,2026-07-02 10:09:09+05:30,4024.0,1,4056.33,435760,96198.0,145998.0,4100.0,4110.0,4022.2,4092.6,22681575,4501.8,3683.4,4440.0,3288.1,4023.9,146,1,4023.0,37,1,4022.9,26,3,4022.8,37,4,4022.7,53,4,4024.0,1037,6,4024.4,5,1,4024.8,2,1,4025.0,96,5,4025.1,12,2
11483,2026-07-02 10:09:09+05:30,4024.0,1,4056.33,435760,96198.0,145998.0,4100.0,4110.0,4022.2,4092.6,22681575,4501.8,3683.4,4440.0,3288.1,4023.9,146,1,4023.0,37,1,4022.9,26,3,4022.8,37,4,4022.7,53,4,4024.0,1037,6,4024.4,5,1,4024.8,2,1,4025.0,96,5,4025.1,12,2
11483,2026-07-02 10:09:10+05:30,4024.0,1,4056.33,435762,96199.0,146239.0,4100.0,4110.0,4022.2,4092.6,22681575,4501.8,3683.4,4440.0,3288.1,4023.9,145,1,4023.0,37,1,4022.9,26,3,4022.8,25,3,4022.7,53,4,4024.0,1038,8,4024.4,5,1,4024.8,2,1,4025.0,99,6,4025.1,12,2
11483,2026-07-02 10:09:10+05:30,4023.9,3,4056.33,435762,96199.0,146239.0,4100.0,4110.0,4022.2,4092.6,22681575,4501.8,3683.4,4440.0,3288.1,4023.9,145,1,4023.0,37,1,4022.9,26,3,4022.8,25,3,4022.7,53,4,4024.0,1038,8,4024.4,5,1,4024.8,2,1,4025.0,99,6,4025.1,12,2
11483,2026-07-02 10:09:11+05:30,4024.0,108,4056.32,435907,95930.0,146273.0,4100.0,4110.0,4022.2,4092.6,22681575,4501.8,3683.4,4440.0,3288.1,4023.5,2,1,4023.4,81,5,4023.3,44,4,4023.2,31,3,4023.1,21,2,4024.0,934,8,4025.0,96,5,4025.1,12,2,4025.2,3,1,4025.3,10,1
11483,2026-07-02 10:09:11+05:30,4024.0,5,4056.32,435907,95930.0,146273.0,4100.0,4110.0,4022.2,4092.6,22681575,4501.8,3683.4,4440.0,3288.1,4023.5,2,1,4023.4,81,5,4023.3,44,4,4023.2,31,3,4023.1,21,2,4024.0,934,8,4025.0,96,5,4025.1,12,2,4025.2,3,1,4025.3,10,1
11483,2026-07-02 10:09:12+05:30,4024.3,16,4056.23,437107,97548.0,143850.0,4100.0,4110.0,4022.2,4092.6,22681575,4501.8,3683.4,4440.0,3288.1,4024.2,40,5,4024.1,24,4,4024.0,9,2,4023.9,12,1,4023.8,5,1,4025.0,74,3,4025.3,10,1,4025.4,20,1,4025.5,207,2,4025.8,4,2
11483,2026-07-02 10:09:12+05:30,4023.0,14,4056.23,437107,97548.0,143850.0,4100.0,4110.0,4022.2,4092.6,22681575,4501.8,3683.4,4440.0,3288.1,4024.2,40,5,4024.1,24,4,4024.0,9,2,4023.9,12,1,4023.8,5,1,4025.0,74,3,4025.3,10,1,4025.4,20,1,4025.5,207,2,4025.8,4,2
11483,2026-07-02 10:09:13+05:30,4025.5,6,4056.16,438016,97736.0,143190.0,4100.0,4110.0,4022.2,4092.6,22681575,4501.8,3683.4,4440.0,3288.1,4024.2,48,4,4024.1,47,3,4024.0,105,8,4023.9,18,2,4023.8,7,1,4025.5,201,2,4025.8,4,2,4025.9,50,3,4026.0,113,2,4026.2,12,1
11483,2026-07-02 10:09:13+05:30,4025.5,1,4056.16,438016,97736.0,143190.0,4100.0,4110.0,4022.2,4092.6,22681575,4501.8,3683.4,4440.0,3288.1,4024.2,48,4,4024.1,47,3,4024.0,105,8,4023.9,18,2,4023.8,7,1,4025.5,201,2,4025.8,4,2,4025.9,50,3,4026.0,113,2,4026.2,12,1
11483,2026-07-02 10:09:14+05:30,4025.5,1,4056.16,438016,97736.0,143190.0,4100.0,4110.0,4022.2,4092.6,22681575,4501.8,3683.4,4440.0,3288.1,4024.2,48,4,4024.1,47,3,4024.0,105,8,4023.9,18,2,4023.8,7,1,4025.5,201,2,4025.8,4,2,4025.9,50,3,4026.0,113,2,4026.2,12,1
11483,2026-07-02 10:09:14+05:30,4025.0,1,4056.16,438019,98172.0,143050.0,4100.0,4110.0,4022.2,4092.6,22681575,4501.8,3683.4,4440.0,3288.1,4025.0,3,1,4024.3,2,1,4024.2,12,1,4024.1,60,2,4024.0,83,6,4025.5,203,4,4025.8,2,1,4025.9,40,3,4026.0,100,1,4026.2,15,2
11483,2026-07-02 10:09:14+05:30,4025.0,1,4056.16,438019,98172.0,143050.0,4100.0,4110.0,4022.2,4092.6,22681575,4501.8,3683.4,4440.0,3288.1,4025.0,3,1,4024.3,2,1,4024.2,12,1,4024.1,60,2,4024.0,83,6,4025.5,203,4,4025.8,2,1,4025.9,40,3,4026.0,100,1,4026.2,15,2
11483,2026-07-02 10:09:14+05:30,4025.0,1,4056.16,438019,98172.0,143050.0,4100.0,4110.0,4022.2,4092.6,22681575,4501.8,3683.4,4440.0,3288.1,4025.0,3,1,4024.3,2,1,4024.2,12,1,4024.1,60,2,4024.0,83,6,4025.5,203,4,4025.8,2,1,4025.9,40,3,4026.0,100,1,4026.2,15,2
11483,2026-07-02 10:09:15+05:30,4025.0,1,4056.16,438019,98172.0,143050.0,4100.0,4110.0,4022.2,4092.6,22681575,4501.8,3683.4,4440.0,3288.1,4025.0,3,1,4024.3,2,1,4024.2,12,1,4024.1,60,2,4024.0,83,6,4025.5,203,4,4025.8,2,1,4025.9,40,3,4026.0,100,1,4026.2,15,2
11483,2026-07-02 10:09:15+05:30,4025.5,1,4056.16,438021,98584.0,143238.0,4100.0,4110.0,4022.2,4092.6,22681575,4501.8,3683.4,4440.0,3288.1,4025.0,26,3,4024.9,7,1,4024.8,8,1,4024.7,18,2,4024.5,24,2,4025.5,202,4,4026.0,100,1,4026.3,100,1,4026.6,87,3,4026.9,127,2
11483,2026-07-02 10:09:15+05:30,4024.3,8,4056.16,438021,98584.0,143238.0,4100.0,4110.0,4022.2,4092.6,22681575,4501.8,3683.4,4440.0,3288.1,4025.0,26,3,4024.9,7,1,4024.8,8,1,4024.7,18,2,4024.5,24,2,4025.5,202,4,4026.0,100,1,4026.3,100,1,4026.6,87,3,4026.9,127,2
11483,2026-07-02 10:09:15+05:30,4024.3,8,4056.16,438021,98584.0,143238.0,4100.0,4110.0,4022.2,4092.6,22681575,4501.8,3683.4,4440.0,3288.1,4025.0,26,3,4024.9,7,1,4024.8,8,1,4024.7,18,2,4024.5,24,2,4025.5,202,4,4026.0,100,1,4026.3,100,1,4026.6,87,3,4026.9,127,2
11483,2026-07-02 10:09:16+05:30,4024.3,8,4056.16,438021,98584.0,143238.0,4100.0,4110.0,4022.2,4092.6,22681575,4501.8,3683.4,4440.0,3288.1,4025.0,26,3,4024.9,7,1,4024.8,8,1,4024.7,18,2,4024.5,24,2,4025.5,202,4,4026.0,100,1,4026.3,100,1,4026.6,87,3,4026.9,127,2
11483,2026-07-02 10:09:16+05:30,4025.5,10,4056.15,438202,98636.0,143265.0,4100.0,4110.0,4022.2,4092.6,22681575,4501.8,3683.4,4440.0,3288.1,4024.4,36,3,4024.3,37,3,4024.2,18,2,4024.1,28,3,4024.0,84,7,4025.5,190,6,4025.9,10,1,4026.0,100,1,4026.1,14,1,4026.2,13,2
11483,2026-07-02 10:09:16+05:30,4025.5,10,4056.15,438202,98636.0,143265.0,4100.0,4110.0,4022.2,4092.6,22681575,4501.8,3683.4,4440.0,3288.1,4024.4,36,3,4024.3,37,3,4024.2,18,2,4024.1,28,3,4024.0,84,7,4025.5,190,6,4025.9,10,1,4026.0,100,1,4026.1,14,1,4026.2,13,2
11483,2026-07-02 10:09:16+05:30,4025.5,10,4056.15,438202,98636.0,143265.0,4100.0,4110.0,4022.2,4092.6,22681575,4501.8,3683.4,4440.0,3288.1,4024.4,36,3,4024.3,37,3,4024.2,18,2,4024.1,28,3,4024.0,84,7,4025.5,190,6,4025.9,10,1,4026.0,100,1,4026.1,14,1,4026.2,13,2
11483,2026-07-02 10:09:16+05:30,4025.5,10,4056.15,438202,98636.0,143265.0,4100.0,4110.0,4022.2,4092.6,22681575,4501.8,3683.4,4440.0,3288.1,4024.4,36,3,4024.3,37,3,4024.2,18,2,4024.1,28,3,4024.0,84,7,4025.5,190,6,4025.9,10,1,4026.0,100,1,4026.1,14,1,4026.2,13,2
11483,2026-07-02 10:09:17+05:30,4025.5,10,4056.15,438202,98636.0,143265.0,4100.0,4110.0,4022.2,4092.6,22681575,4501.8,3683.4,4440.0,3288.1,4024.4,36,3,4024.3,37,3,4024.2,18,2,4024.1,28,3,4024.0,84,7,4025.5,190,6,4025.9,10,1,4026.0,100,1,4026.1,14,1,4026.2,13,2
11483,2026-07-02 10:09:17+05:30,4024.4,1,4056.15,438203,98726.0,143305.0,4100.0,4110.0,4022.2,4092.6,22681575,4501.8,3683.4,4440.0,3288.1,4024.4,27,3,4024.3,24,2,4024.2,18,2,4024.1,32,4,4024.0,84,7,4025.5,190,6,4025.9,10,1,4026.0,100,1,4026.1,14,1,4026.2,48,3
11483,2026-07-02 10:09:17+05:30,4024.4,1,4056.15,438203,98726.0,143305.0,4100.0,4110.0,4022.2,4092.6,22681575,4501.8,3683.4,4440.0,3288.1,4024.4,27,3,4024.3,24,2,4024.2,18,2,4024.1,32,4,4024.0,84,7,4025.5,190,6,4025.9,10,1,4026.0,100,1,4026.1,14,1,4026.2,48,3
11483,2026-07-02 10:09:17+05:30,4024.4,1,4056.15,438203,98726.0,143305.0,4100.0,4110.0,4022.2,4092.6,22836975,4501.8,3683.4,4440.0,3288.1,4024.4,27,3,4024.3,24,2,4024.2,18,2,4024.1,32,4,4024.0,84,7,4025.5,190,6,4025.9,10,1,4026.0,100,1,4026.1,14,1,4026.2,48,3
11483,2026-07-02 10:09:17+05:30,4025.5,5,4056.15,438203,98726.0,143305.0,4100.0,4110.0,4022.2,4092.6,22836975,4501.8,3683.4,4440.0,3288.1,4024.4,27,3,4024.3,24,2,4024.2,18,2,4024.1,32,4,4024.0,84,7,4025.5,190,6,4025.9,10,1,4026.0,100,1,4026.1,14,1,4026.2,48,3
11483,2026-07-02 10:09:17+05:30,4025.5,5,4056.15,438203,98726.0,143305.0,4100.0,4110.0,4022.2,4092.6,22836975,4501.8,3683.4,4440.0,3288.1,4024.4,27,3,4024.3,24,2,4024.2,18,2,4024.1,32,4,4024.0,84,7,4025.5,190,6,4025.9,10,1,4026.0,100,1,4026.1,14,1,4026.2,48,3
11483,2026-07-02 10:09:18+05:30,4025.5,5,4056.15,438203,98726.0,143305.0,4100.0,4110.0,4022.2,4092.6,22836975,4501.8,3683.4,4440.0,3288.1,4024.4,27,3,4024.3,24,2,4024.2,18,2,4024.1,32,4,4024.0,84,7,4025.5,190,6,4025.9,10,1,4026.0,100,1,4026.1,14,1,4026.2,48,3
11483,2026-07-02 10:09:18+05:30,4025.5,3,4056.14,438274,98813.0,143490.0,4100.0,4110.0,4022.2,4092.6,22836975,4501.8,3683.4,4440.0,3288.1,4024.4,31,4,4024.3,28,3,4024.2,18,2,4024.1,16,2,4024.0,104,10,4025.5,172,6,4025.9,10,1,4026.0,132,2,4026.1,14,1,4026.2,13,2
11483,2026-07-02 10:09:18+05:30,4025.5,3,4056.14,438274,98813.0,143490.0,4100.0,4110.0,4022.2,4092.6,22836975,4501.8,3683.4,4440.0,3288.1,4024.4,31,4,4024.3,28,3,4024.2,18,2,4024.1,16,2,4024.0,104,10,4025.5,172,6,4025.9,10,1,4026.0,132,2,4026.1,14,1,4026.2,13,2
11483,2026-07-02 10:09:18+05:30,4025.5,3,4056.14,438274,98813.0,143490.0,4100.0,4110.0,4022.2,4092.6,22836975,4501.8,3683.4,4440.0,3288.1,4024.4,31,4,4024.3,28,3,4024.2,18,2,4024.1,16,2,4024.0,104,10,4025.5,172,6,4025.9,10,1,4026.0,132,2,4026.1,14,1,4026.2,13,2
11483,2026-07-02 10:09:19+05:30,4025.5,3,4056.14,438274,98813.0,143490.0,4100.0,4110.0,4022.2,4092.6,22836975,4501.8,3683.4,4440.0,3288.1,4024.4,31,4,4024.3,28,3,4024.2,18,2,4024.1,16,2,4024.0,104,10,4025.5,172,6,4025.9,10,1,4026.0,132,2,4026.1,14,1,4026.2,13,2
11483,2026-07-02 10:09:19+05:30,4025.5,2,4056.14,438276,99110.0,143614.0,4100.0,4110.0,4022.2,4092.6,22836975,4501.8,3683.4,4440.0,3288.1,4025.0,16,1,4024.5,15,2,4024.4,19,3,4024.3,28,3,4024.2,30,3,4025.5,172,8,4025.9,10,1,4026.0,100,1,4026.1,14,1,4026.2,13,2
11483,2026-07-02 10:09:19+05:30,4025.5,10,4056.14,438276,99110.0,143614.0,4100.0,4110.0,4022.2,4092.6,22836975,4501.8,3683.4,4440.0,3288.1,4025.0,16,1,4024.5,15,2,4024.4,19,3,4024.3,28,3,4024.2,30,3,4025.5,172,8,4025.9,10,1,4026.0,100,1,4026.1,14,1,4026.2,13,2
11483,2026-07-02 10:09:20+05:30,4025.5,2,4056.12,438583,99104.0,142985.0,4100.0,4110.0,4022.2,4092.6,22836975,4501.8,3683.4,4440.0,3288.1,4025.3,51,6,4025.2,17,3,4025.1,5,2,4025.0,40,4,4024.9,7,1,4025.5,6,2,4025.7,14,1,4025.9,15,1,4026.0,100,1,4026.3,100,1
11483,2026-07-02 10:09:20+05:30,4025.5,8,4056.12,438583,99104.0,142985.0,4100.0,4110.0,4022.2,4092.6,22836975,4501.8,3683.4,4440.0,3288.1,4025.3,51,6,4025.2,17,3,4025.1,5,2,4025.0,40,4,4024.9,7,1,4025.5,6,2,4025.7,14,1,4025.9,15,1,4026.0,100,1,4026.3,100,1
11483,2026-07-02 10:09:21+05:30,4026.0,3,4056.1,438852,100262.0,142828.0,4100.0,4110.0,4022.2,4092.6,22836975,4501.8,3683.4,4440.0,3288.1,4026.0,52,6,4025.9,15,2,4025.8,11,1,4025.7,12,1,4025.6,49,3,4026.3,100,1,4026.9,14,1,4027.0,110,2,4027.5,62,1,4027.8,139,3
11483,2026-07-02 10:09:21+05:30,4026.0,4,4056.1,438852,100262.0,142828.0,4100.0,4110.0,4022.2,4092.6,22836975,4501.8,3683.4,4440.0,3288.1,4026.0,52,6,4025.9,15,2,4025.8,11,1,4025.7,12,1,4025.6,49,3,4026.3,100,1,4026.9,14,1,4027.0,110,2,4027.5,62,1,4027.8,139,3
11483,2026-07-02 10:09:22+05:30,4026.3,10,4056.1,438852,100262.0,142828.0,4100.0,4110.0,4022.2,4092.6,22836975,4501.8,3683.4,4440.0,3288.1,4026.0,52,6,4025.9,15,2,4025.8,11,1,4025.7,12,1,4025.6,49,3,4026.3,100,1,4026.9,14,1,4027.0,110,2,4027.5,62,1,4027.8,139,3
11483,2026-07-02 10:09:22+05:30,4026.3,10,4056.1,438884,100619.0,143209.0,4100.0,4110.0,4022.2,4092.6,22836975,4501.8,3683.4,4440.0,3288.1,4026.0,38,5,4025.9,15,2,4025.8,11,1,4025.6,5,1,4025.5,10,1,4026.3,76,3,4026.9,14,1,4027.0,110,2,4027.5,62,1,4027.8,209,7
11483,2026-07-02 10:09:23+05:30,4026.3,1,4056.1,438884,100619.0,143209.0,4100.0,4110.0,4022.2,4092.6,22836975,4501.8,3683.4,4440.0,3288.1,4026.0,38,5,4025.9,15,2,4025.8,11,1,4025.6,5,1,4025.5,10,1,4026.3,76,3,4026.9,14,1,4027.0,110,2,4027.5,62,1,4027.8,209,7
11483,2026-07-02 10:09:24+05:30,4026.3,1,4056.1,438923,100804.0,143371.0,4100.0,4110.0,4022.2,4092.6,22836975,4501.8,3683.4,4440.0,3288.1,4025.6,11,1,4025.5,43,3,4025.4,12,1,4025.2,5,2,4025.1,24,2,4026.3,39,5,4026.9,14,1,4027.0,110,2,4027.4,3,1,4027.5,74,2
11483,2026-07-02 10:09:24+05:30,4025.4,8,4056.1,438923,100804.0,143371.0,4100.0,4110.0,4022.2,4092.6,22836975,4501.8,3683.4,4440.0,3288.1,4025.6,11,1,4025.5,43,3,4025.4,12,1,4025.2,5,2,4025.1,24,2,4026.3,39,5,4026.9,14,1,4027.0,110,2,4027.4,3,1,4027.5,74,2
11483,2026-07-02 10:09:25+05:30,4025.4,8,4056.09,439005,100286.0,143419.0,4100.0,4110.0,4022.2,4092.6,22836975,4501.8,3683.4,4440.0,3288.1,4025.5,34,3,4025.4,11,1,4025.2,59,3,4025.1,25,2,4025.0,22,4,4026.3,40,6,4026.9,14,1,4027.0,110,2,4027.4,3,1,4027.5,74,2
11483,2026-07-02 10:09:25+05:30,4026.3,5,4056.09,439005,100286.0,143419.0,4100.0,4110.0,4022.2,4092.6,22836975,4501.8,3683.4,4440.0,3288.1,4025.5,34,3,4025.4,11,1,4025.2,59,3,4025.1,25,2,4025.0,22,4,4026.3,40,6,4026.9,14,1,4027.0,110,2,4027.4,3,1,4027.5,74,2
11483,2026-07-02 10:09:26+05:30,4026.3,5,4056.09,439029,101072.0,143231.0,4100.0,4110.0,4022.2,4092.6,22836975,4501.8,3683.4,4440.0,3288.1,4026.0,28,3,4025.8,11,1,4025.7,40,3,4025.6,8,1,4025.5,34,2,4026.3,32,8,4026.9,14,1,4027.0,110,2,4027.7,5,1,4027.8,151,4
11483,2026-07-02 10:09:26+05:30,4026.0,5,4056.09,439029,101072.0,143231.0,4100.0,4110.0,4022.2,4092.6,22836975,4501.8,3683.4,4440.0,3288.1,4026.0,28,3,4025.8,11,1,4025.7,40,3,4025.6,8,1,4025.5,34,2,4026.3,32,8,4026.9,14,1,4027.0,110,2,4027.7,5,1,4027.8,151,4
11483,2026-07-02 10:09:27+05:30,4026.0,5,4056.09,439080,100951.0,143355.0,4100.0,4110.0,4022.2,4092.6,22836975,4501.8,3683.4,4440.0,3288.1,4025.8,4,1,4025.7,25,2,4025.5,25,1,4025.4,41,4,4025.3,34,2,4026.0,8,3,4026.3,25,8,4026.9,14,1,4027.0,110,2,4027.7,64,2
11483,2026-07-02 10:09:27+05:30,4025.8,3,4056.09,439080,100951.0,143355.0,4100.0,4110.0,4022.2,4092.6,22836975,4501.8,3683.4,4440.0,3288.1,4025.8,4,1,4025.7,25,2,4025.5,25,1,4025.4,41,4,4025.3,34,2,4026.0,8,3,4026.3,25,8,4026.9,14,1,4027.0,110,2,4027.7,64,2
11483,2026-07-02 10:09:28+05:30,4025.5,1,4056.08,439110,100315.0,143426.0,4100.0,4110.0,4022.2,4092.6,22836975,4501.8,3683.4,4440.0,3288.1,4025.5,24,1,4025.2,14,2,4025.1,13,1,4025.0,5,2,4024.9,12,2,4026.0,37,2,4026.3,83,7,4026.8,7,1,4026.9,14,1,4027.0,125,3
11483,2026-07-02 10:09:28+05:30,4025.4,1,4056.08,439110,100315.0,143426.0,4100.0,4110.0,4022.2,4092.6,22836975,4501.8,3683.4,4440.0,3288.1,4025.5,24,1,4025.2,14,2,4025.1,13,1,4025.0,5,2,4024.9,12,2,4026.0,37,2,4026.3,83,7,4026.8,7,1,4026.9,14,1,4027.0,125,3
11483,2026-07-02 10:09:29+05:30,4025.4,1,4056.08,439206,100513.0,143085.0,4100.0,4110.0,4022.2,4092.6,22836975,4501.8,3683.4,4440.0,3288.1,4025.2,68,7,4025.1,20,2,4025.0,5,2,4024.9,6,2,4024.8,42,4,4025.4,2,2,4026.0,12,2,4026.3,81,5,4026.9,14,1,4027.0,125,3
11483,2026-07-02 10:09:29+05:30,4025.5,7,4056.08,439206,100513.0,143085.0,4100.0,4110.0,4022.2,4092.6,22836975,4501.8,3683.4,4440.0,3288.1,4025.2,68,7,4025.1,20,2,4025.0,5,2,4024.9,6,2,4024.8,42,4,4025.4,2,2,4026.0,12,2,4026.3,81,5,4026.9,14,1,4027.0,125,3
11483,2026-07-02 10:09:30+05:30,4025.5,7,4056.07,439243,100476.0,142911.0,4100.0,4110.0,4022.2,4092.6,22836975,4501.8,3683.4,4440.0,3288.1,4025.4,10,1,4025.3,38,4,4025.2,20,3,4025.1,4,1,4025.0,10,3,4025.5,10,1,4026.0,12,2,4026.3,81,5,4026.8,30,1,4026.9,14,1
11483,2026-07-02 10:09:30+05:30,4025.4,2,4056.07,439243,100476.0,142911.0,4100.0,4110.0,4022.2,4092.6,22836975,4501.8,3683.4,4440.0,3288.1,4025.4,10,1,4025.3,38,4,4025.2,20,3,4025.1,4,1,4025.0,10,3,4025.5,10,1,4026.0,12,2,4026.3,81,5,4026.8,30,1,4026.9,14,1
11483,2026-07-02 10:09:31+05:30,4025.4,2,4056.07,439263,100560.0,143173.0,4100.0,4110.0,4022.2,4092.6,22836975,4501.8,3683.4,4440.0,3288.1,4025.4,32,3,4025.3,13,2,4025.2,32,4,4025.0,10,3,4024.9,13,3,4026.0,10,2,4026.3,79,3,4026.8,30,1,4026.9,14,1,4027.0,125,3
11483,2026-07-02 10:09:31+05:30,4025.5,2,4056.07,439263,100560.0,143173.0,4100.0,4110.0,4022.2,4092.6,22836975,4501.8,3683.4,4440.0,3288.1,4025.4,32,3,4025.3,13,2,4025.2,32,4,4025.0,10,3,4024.9,13,3,4026.0,10,2,4026.3,79,3,4026.8,30,1,4026.9,14,1,4027.0,125,3
11483,2026-07-02 10:09:32+05:30,4025.5,2,4056.07,439285,100555.0,143262.0,4100.0,4110.0,4022.2,4092.6,22836975,4501.8,3683.4,4440.0,3288.1,4025.5,28,2,4025.4,18,2,4025.3,8,1,4025.2,20,3,4025.0,10,3,4026.0,44,1,4026.3,79,3,4026.8,30,1,4026.9,14,1,4027.0,137,4
11483,2026-07-02 10:09:32+05:30,4026.0,100,4056.07,439285,100555.0,143262.0,4100.0,4110.0,4022.2,4092.6,22836975,4501.8,3683.4,4440.0,3288.1,4025.5,28,2,4025.4,18,2,4025.3,8,1,4025.2,20,3,4025.0,10,3,4026.0,44,1,4026.3,79,3,4026.8,30,1,4026.9,14,1,4027.0,137,4
11483,2026-07-02 10:09:33+05:30,4026.0,5,4056.06,439391,100587.0,143313.0,4100.0,4110.0,4022.2,4092.6,22836975,4501.8,3683.4,4440.0,3288.1,4025.5,27,2,4025.4,18,2,4025.3,8,1,4025.2,32,4,4025.0,20,4,4026.0,48,3,4026.3,79,3,4026.8,30,1,4026.9,14,1,4027.0,125,3
11483,2026-07-02 10:09:33+05:30,4026.0,1,4056.06,439391,100587.0,143313.0,4100.0,4110.0,4022.2,4092.6,22836975,4501.8,3683.4,4440.0,3288.1,4025.5,27,2,4025.4,18,2,4025.3,8,1,4025.2,32,4,4025.0,20,4,4026.0,48,3,4026.3,79,3,4026.8,30,1,4026.9,14,1,4027.0,125,3
11483,2026-07-02 10:09:34+05:30,4026.2,1,4056.04,439777,103078.0,142620.0,4100.0,4110.0,4022.2,4092.6,22836975,4501.8,3683.4,4440.0,3288.1,4026.2,76,5,4026.1,14,2,4026.0,42,5,4025.9,23,2,4025.8,26,4,4026.9,14,1,4027.0,110,2,4027.8,13,1,4028.0,96,1,4028.1,14,1
11483,2026-07-02 10:09:34+05:30,4026.4,2,4056.04,439777,103078.0,142620.0,4100.0,4110.0,4022.2,4092.6,22836975,4501.8,3683.4,4440.0,3288.1,4026.2,76,5,4026.1,14,2,4026.0,42,5,4025.9,23,2,4025.8,26,4,4026.9,14,1,4027.0,110,2,4027.8,13,1,4028.0,96,1,4028.1,14,1
11483,2026-07-02 10:09:35+05:30,4026.4,2,4056.02,440006,103485.0,142231.0,4100.0,4110.0,4022.2,4092.6,22836975,4501.8,3683.4,4440.0,3288.1,4026.5,8,1,4026.4,36,4,4026.3,26,3,4026.2,36,3,4026.1,23,2,4026.9,2,1,4027.0,110,2,4028.0,96,1,4028.1,14,1,4028.2,12,1
11483,2026-07-02 10:09:35+05:30,4026.5,4,4056.02,440006,103485.0,142231.0,4100.0,4110.0,4022.2,4092.6,22836975,4501.8,3683.4,4440.0,3288.1,4026.5,8,1,4026.4,36,4,4026.3,26,3,4026.2,36,3,4026.1,23,2,4026.9,2,1,4027.0,110,2,4028.0,96,1,4028.1,14,1,4028.2,12,1
11483,2026-07-02 10:09:36+05:30,4026.2,44,4056.02,440111,103882.0,142508.0,4100.0,4110.0,4022.2,4092.6,22836975,4501.8,3683.4,4440.0,3288.1,4026.3,16,1,4026.1,35,3,4026.0,444,8,4025.9,34,3,4025.8,45,5,4026.9,2,1,4027.0,110,2,4027.9,4,2,4028.0,96,1,4028.1,38,2
11483,2026-07-02 10:09:36+05:30,4026.3,1,4056.02,440111,103882.0,142508.0,4100.0,4110.0,4022.2,4092.6,22836975,4501.8,3683.4,4440.0,3288.1,4026.3,16,1,4026.1,35,3,4026.0,444,8,4025.9,34,3,4025.8,45,5,4026.9,2,1,4027.0,110,2,4027.9,4,2,4028.0,96,1,4028.1,38,2
11483,2026-07-02 10:09:37+05:30,4026.9,1,4056.01,440130,103978.0,142556.0,4100.0,4110.0,4022.2,4092.6,22836975,4501.8,3683.4,4440.0,3288.1,4026.5,11,1,4026.4,41,4,4026.3,23,2,4026.2,8,1,4026.1,37,3,4026.9,1,1,4027.0,110,2,4027.9,4,2,4028.0,96,1,4028.1,14,1
11483,2026-07-02 10:09:37+05:30,4026.9,1,4056.01,440130,103978.0,142556.0,4100.0,4110.0,4022.2,4092.6,22836975,4501.8,3683.4,4440.0,3288.1,4026.5,11,1,4026.4,41,4,4026.3,23,2,4026.2,8,1,4026.1,37,3,4026.9,1,1,4027.0,110,2,4027.9,4,2,4028.0,96,1,4028.1,14,1
11483,2026-07-02 10:09:38+05:30,4026.9,1,4056.01,440132,103859.0,142663.0,4100.0,4110.0,4022.2,4092.6,22836975,4501.8,3683.4,4440.0,3288.1,4026.3,12,1,4026.2,32,3,4026.1,14,1,4026.0,444,7,4025.9,60,4,4027.0,110,2,4027.9,16,3,4028.0,146,2,4028.1,45,3,4028.2,12,1
11483,2026-07-02 10:09:39+05:30,4027.0,1,4056.01,440173,103920.0,142735.0,4100.0,4110.0,4022.2,4092.6,22836975,4501.8,3683.4,4440.0,3288.1,4026.1,14,1,4026.0,472,9,4025.9,34,3,4025.8,30,3,4025.7,25,2,4027.0,109,2,4027.9,45,4,4028.0,146,2,4028.1,22,3,4028.2,12,1
11483,2026-07-02 10:09:39+05:30,4027.0,50,4056.01,440173,103920.0,142735.0,4100.0,4110.0,4022.2,4092.6,22836975,4501.8,3683.4,4440.0,3288.1,4026.1,14,1,4026.0,472,9,4025.9,34,3,4025.8,30,3,4025.7,25,2,4027.0,109,2,4027.9,45,4,4028.0,146,2,4028.1,22,3,4028.2,12,1
11483,2026-07-02 10:09:40+05:30,4027.0,2,4056.01,440225,103322.0,142799.0,4100.0,4110.0,4022.2,4092.6,22836975,4501.8,3683.4,4440.0,3288.1,4026.9,1,1,4026.0,438,6,4025.9,12,1,4025.8,30,3,4025.7,1,1,4027.0,61,6,4027.2,12,1,4027.5,12,1,4027.6,42,2,4027.7,31,2
11483,2026-07-02 10:09:40+05:30,4027.0,10,4056.01,440225,103322.0,142799.0,4100.0,4110.0,4022.2,4092.6,22836975,4501.8,3683.4,4440.0,3288.1,4026.9,1,1,4026.0,438,6,4025.9,12,1,4025.8,30,3,4025.7,1,1,4027.0,61,6,4027.2,12,1,4027.5,12,1,4027.6,42,2,4027.7,31,2
11483,2026-07-02 10:09:41+05:30,4026.0,87,4056.0,440338,103099.0,142910.0,4100.0,4110.0,4022.2,4092.6,22836975,4501.8,3683.4,4440.0,3288.1,4026.0,329,3,4025.8,18,2,4025.7,1,1,4025.6,62,4,4025.5,89,7,4027.0,52,10,4027.2,12,1,4027.5,12,1,4027.6,7,1,4027.7,54,2
11483,2026-07-02 10:09:41+05:30,4026.0,1,4056.0,440338,103099.0,142910.0,4100.0,4110.0,4022.2,4092.6,22836975,4501.8,3683.4,4440.0,3288.1,4026.0,329,3,4025.8,18,2,4025.7,1,1,4025.6,62,4,4025.5,89,7,4027.0,52,10,4027.2,12,1,4027.5,12,1,4027.6,7,1,4027.7,54,2
11483,2026-07-02 10:09:42+05:30,4026.0,5,4056.0,440363,103146.0,142932.0,4100.0,4110.0,4022.2,4092.6,22836975,4501.8,3683.4,4440.0,3288.1,4026.0,321,4,4025.8,18,2,4025.7,1,1,4025.6,33,3,4025.5,114,7,4027.0,52,10,4027.5,12,1,4027.6,24,3,4027.7,29,1,4027.8,38,3
11483,2026-07-02 10:09:42+05:30,4027.0,2,4056.0,440363,103146.0,142932.0,4100.0,4110.0,4022.2,4092.6,22836975,4501.8,3683.4,4440.0,3288.1,4026.0,321,4,4025.8,18,2,4025.7,1,1,4025.6,33,3,4025.5,114,7,4027.0,52,10,4027.5,12,1,4027.6,24,3,4027.7,29,1,4027.8,38,3
11483,2026-07-02 10:09:43+05:30,4027.0,1,4055.99,440426,103111.0,142648.0,4100.0,4110.0,4022.2,4092.6,22836975,4501.8,3683.4,4440.0,3288.1,4026.0,309,3,4025.8,12,1,4025.7,23,2,4025.6,33,3,4025.5,114,7,4027.0,1,1,4027.5,4,1,4027.6,12,2,4027.7,41,2,4027.9,12,2
11483,2026-07-02 10:09:43+05:30,4027.0,1,4055.99,440426,103111.0,142648.0,4100.0,4110.0,4022.2,4092.6,22836975,4501.8,3683.4,4440.0,3288.1,4026.0,309,3,4025.8,12,1,4025.7,23,2,4025.6,33,3,4025.5,114,7,4027.0,1,1,4027.5,4,1,4027.6,12,2,4027.7,41,2,4027.9,12,2
11483,2026-07-02 10:09:44+05:30,4027.0,1,4055.99,440441,103244.0,142642.0,4100.0,4110.0,4022.2,4092.6,22836975,4501.8,3683.4,4440.0,3288.1,4026.9,50,1,4026.3,5,1,4026.0,320,4,4025.8,42,2,4025.7,23,2,4027.0,8,6,4027.3,12,1,4027.5,4,1,4027.6,5,1,4027.7,29,1
11483,2026-07-02 10:09:44+05:30,4027.0,1,4055.99,440441,103244.0,142642.0,4100.0,4110.0,4022.2,4092.6,22836975,4501.8,3683.4,4440.0,3288.1,4026.9,50,1,4026.3,5,1,4026.0,320,4,4025.8,42,2,4025.7,23,2,4027.0,8,6,4027.3,12,1,4027.5,4,1,4027.6,5,1,4027.7,29,1
11483,2026-07-02 10:09:45+05:30,4027.0,2,4055.99,440443,103240.0,142513.0,4100.0,4110.0,4022.2,4092.6,22836975,4501.8,3683.4,4440.0,3288.1,4026.9,50,1,4026.3,5,1,4026.0,320,4,4025.8,30,1,4025.7,23,2,4027.0,16,7,4027.4,9,2,4027.5,17,2,4027.6,5,1,4027.7,29,1
11483,2026-07-02 10:09:45+05:30,4027.0,1,4055.99,440443,103240.0,142513.0,4100.0,4110.0,4022.2,4092.6,22836975,4501.8,3683.4,4440.0,3288.1,4026.9,50,1,4026.3,5,1,4026.0,320,4,4025.8,30,1,4025.7,23,2,4027.0,16,7,4027.4,9,2,4027.5,17,2,4027.6,5,1,4027.7,29,1
11483,2026-07-02 10:09:46+05:30,4027.0,3,4055.99,440478,103579.0,142268.0,4100.0,4110.0,4022.2,4092.6,22836975,4501.8,3683.4,4440.0,3288.1,4027.0,267,1,4026.9,50,1,4026.3,5,1,4026.1,24,1,4026.0,198,5,4027.4,61,5,4027.5,9,2,4027.7,7,1,4027.8,47,2,4027.9,10,1
11483,2026-07-02 10:09:46+05:30,4026.7,4,4055.99,440478,103579.0,142268.0,4100.0,4110.0,4022.2,4092.6,22836975,4501.8,3683.4,4440.0,3288.1,4027.0,267,1,4026.9,50,1,4026.3,5,1,4026.1,24,1,4026.0,198,5,4027.4,61,5,4027.5,9,2,4027.7,7,1,4027.8,47,2,4027.9,10,1
11483,2026-07-02 10:09:47+05:30,4026.6,4,4055.96,440943,102457.0,143183.0,4100.0,4110.0,4022.2,4092.6,22836975,4501.8,3683.4,4440.0,3288.1,4026.1,24,1,4026.0,170,3,4025.7,1,1,4025.5,55,6,4025.4,6,3,4026.7,30,5,4026.8,8,1,4026.9,16,2,4027.0,19,2,4027.1,2,1
11483,2026-07-02 10:09:47+05:30,4026.6,4,4055.96,440943,102457.0,143183.0,4100.0,4110.0,4022.2,4092.6,22836975,4501.8,3683.4,4440.0,3288.1,4026.1,24,1,4026.0,170,3,4025.7,1,1,4025.5,55,6,4025.4,6,3,4026.7,30,5,4026.8,8,1,4026.9,16,2,4027.0,19,2,4027.1,2,1
11483,2026-07-02 10:09:48+05:30,4026.6,5,4055.96,440954,102018.0,143410.0,4100.0,4110.0,4022.2,4092.6,22836975,4501.8,3683.4,4440.0,3288.1,4026.1,24,1,4026.0,172,4,4025.7,1,1,4025.5,55,6,4025.4,6,3,4026.6,12,6,4026.7,22,4,4026.8,8,1,4026.9,16,2,4027.0,108,2
11483,2026-07-02 10:09:48+05:30,4026.6,5,4055.96,440954,102018.0,143410.0,4100.0,4110.0,4022.2,4092.6,22836975,4501.8,3683.4,4440.0,3288.1,4026.1,24,1,4026.0,172,4,4025.7,1,1,4025.5,55,6,4025.4,6,3,4026.6,12,6,4026.7,22,4,4026.8,8,1,4026.9,16,2,4027.0,108,2
11483,2026-07-02 10:09:49+05:30,4027.0,100,4055.95,441144,103045.0,142663.0,4100.0,4110.0,4022.2,4092.6,22836975,4501.8,3683.4,4440.0,3288.1,4027.0,143,1,4026.1,38,2,4026.0,186,7,4025.7,1,1,4025.6,12,1,4027.6,35,4,4027.7,20,3,4027.8,22,2,4027.9,4,2,4028.0,178,5
11483,2026-07-02 10:09:49+05:30,4027.0,21,4055.95,441144,103045.0,142663.0,4100.0,4110.0,4022.2,4092.6,22836975,4501.8,3683.4,4440.0,3288.1,4027.0,143,1,4026.1,38,2,4026.0,186,7,4025.7,1,1,4025.6,12,1,4027.6,35,4,4027.7,20,3,4027.8,22,2,4027.9,4,2,4028.0,178,5
11483,2026-07-02 10:09:50+05:30,4027.2,2,4055.94,441179,103043.0,143074.0,4100.0,4110.0,4022.2,4092.6,22836975,4501.8,3683.4,4440.0,3288.1,4027.0,112,1,4026.6,1,1,4026.1,14,1,4026.0,182,6,4025.7,1,1,4027.2,33,4,4027.3,17,3,4027.4,11,3,4027.5,22,6,4027.6,19,3
11483,2026-07-02 10:09:50+05:30,4027.2,2,4055.94,441179,103043.0,143074.0,4100.0,4110.0,4022.2,4092.6,22836975,4501.8,3683.4,4440.0,3288.1,4027.0,112,1,4026.6,1,1,4026.1,14,1,4026.0,182,6,4025.7,1,1,4027.2,33,4,4027.3,17,3,4027.4,11,3,4027.5,22,6,4027.6,19,3
11483,2026-07-02 10:09:51+05:30,4026.0,18,4055.92,441506,101460.0,143752.0,4100.0,4110.0,4022.2,4092.6,22836975,4501.8,3683.4,4440.0,3288.1,4025.7,1,1,4025.5,40,5,4025.4,6,3,4025.2,4,2,4025.1,4,2,4026.0,90,2,4027.0,14,4,4027.1,5,1,4027.3,22,1,4027.4,9,2
11483,2026-07-02 10:09:51+05:30,4026.0,18,4055.92,441506,101460.0,143752.0,4100.0,4110.0,4022.2,4092.6,22836975,4501.8,3683.4,4440.0,3288.1,4025.7,1,1,4025.5,40,5,4025.4,6,3,4025.2,4,2,4025.1,4,2,4026.0,90,2,4027.0,14,4,4027.1,5,1,4027.3,22,1,4027.4,9,2
11483,2026-07-02 10:09:52+05:30,4027.0,5,4055.9,441776,102057.0,143782.0,4100.0,4110.0,4022.2,4092.6,22836975,4501.8,3683.4,4440.0,3288.1,4025.8,90,1,4025.7,1,1,4025.5,70,6,4025.4,6,3,4025.3,25,1,4027.0,6,3,4027.1,11,1,4027.2,10,2,4027.4,8,2,4027.5,19,6
11483,2026-07-02 10:09:52+05:30,4027.0,5,4055.9,441776,102057.0,143782.0,4100.0,4110.0,4022.2,4092.6,22836975,4501.8,3683.4,4440.0,3288.1,4025.8,90,1,4025.7,1,1,4025.5,70,6,4025.4,6,3,4025.3,25,1,4027.0,6,3,4027.1,11,1,4027.2,10,2,4027.4,8,2,4027.5,19,6
11483,2026-07-02 10:09:53+05:30,4026.2,3,4055.9,441776,102057.0,143782.0,4100.0,4110.0,4022.2,4092.6,22836975,4501.8,3683.4,4440.0,3288.1,4025.8,90,1,4025.7,1,1,4025.5,70,6,4025.4,6,3,4025.3,25,1,4027.0,6,3,4027.1,11,1,4027.2,10,2,4027.4,8,2,4027.5,19,6
11483,2026-07-02 10:09:53+05:30,4026.2,3,4055.9,441795,101249.0,144681.0,4100.0,4110.0,4022.2,4092.6,22836975,4501.8,3683.4,4440.0,3288.1,4025.8,74,1,4025.7,1,1,4025.5,40,5,4025.4,6,3,4025.3,35,2,4026.2,38,8,4026.3,9,2,4026.4,21,3,4026.5,20,3,4026.6,62,6
11483,2026-07-02 10:09:55+05:30,4026.3,2,4055.9,441830,101388.0,144693.0,4100.0,4110.0,4022.2,4092.6,22836975,4501.8,3683.4,4440.0,3288.1,4026.0,2,1,4025.8,74,1,4025.7,1,1,4025.5,40,5,4025.4,6,3,4026.3,35,5,4026.4,7,1,4026.5,20,3,4026.6,62,6,4026.7,17,3
11483,2026-07-02 10:09:55+05:30,4026.6,25,4055.9,441830,101388.0,144693.0,4100.0,4110.0,4022.2,4092.6,22836975,4501.8,3683.4,4440.0,3288.1,4026.0,2,1,4025.8,74,1,4025.7,1,1,4025.5,40,5,4025.4,6,3,4026.3,35,5,4026.4,7,1,4026.5,20,3,4026.6,62,6,4026.7,17,3
11483,2026-07-02 10:09:56+05:30,4026.6,5,4055.89,441937,101441.0,144471.0,4100.0,4110.0,4022.2,4092.6,22836975,4501.8,3683.4,4440.0,3288.1,4025.8,74,1,4025.7,1,1,4025.5,40,5,4025.4,6,3,4025.3,35,2,4026.6,27,4,4026.7,17,3,4026.8,8,2,4026.9,20,3,4027.0,21,6
11483,2026-07-02 10:09:56+05:30,4025.8,5,4055.89,441937,101441.0,144471.0,4100.0,4110.0,4022.2,4092.6,22836975,4501.8,3683.4,4440.0,3288.1,4025.8,74,1,4025.7,1,1,4025.5,40,5,4025.4,6,3,4025.3,35,2,4026.6,27,4,4026.7,17,3,4026.8,8,2,4026.9,20,3,4027.0,21,6
11483,2026-07-02 10:09:57+05:30,4026.2,3,4055.89,441974,102085.0,144502.0,4100.0,4110.0,4022.2,4092.6,22836975,4501.8,3683.4,4440.0,3288.1,4026.2,1,1,4026.0,25,1,4025.8,69,1,4025.7,1,1,4025.5,40,5,4026.6,24,5,4026.7,17,3,4026.8,8,2,4026.9,20,3,4027.0,28,7
11483,2026-07-02 10:09:57+05:30,4026.6,1,4055.89,441974,102085.0,144502.0,4100.0,4110.0,4022.2,4092.6,22836975,4501.8,3683.4,4440.0,3288.1,4026.2,1,1,4026.0,25,1,4025.8,69,1,4025.7,1,1,4025.5,40,5,4026.6,24,5,4026.7,17,3,4026.8,8,2,4026.9,20,3,4027.0,28,7
11483,2026-07-02 10:09:58+05:30,4026.6,1,4055.89,441977,101980.0,144491.0,4100.0,4110.0,4022.2,4092.6,22836975,4501.8,3683.4,4440.0,3288.1,4026.0,25,1,4025.8,69,1,4025.7,1,1,4025.5,40,5,4025.4,6,3,4026.2,5,3,4026.6,13,3,4026.7,14,2,4026.8,5,1,4026.9,5,1
11483,2026-07-02 10:09:58+05:30,4026.6,3,4055.89,441977,101980.0,144491.0,4100.0,4110.0,4022.2,4092.6,22836975,4501.8,3683.4,4440.0,3288.1,4026.0,25,1,4025.8,69,1,4025.7,1,1,4025.5,40,5,4025.4,6,3,4026.2,5,3,4026.6,13,3,4026.7,14,2,4026.8,5,1,4026.9,5,1
11483,2026-07-02 10:09:59+05:30,4026.6,3,4055.89,442039,101942.0,144456.0,4100.0,4110.0,4022.2,4092.6,22836975,4501.8,3683.4,4440.0,3288.1,4026.0,30,2,4025.8,69,1,4025.7,1,1,4025.5,40,5,4025.4,6,3,4026.6,4,3,4026.7,5,1,4026.8,17,2,4026.9,5,1,4027.0,16,3
11483,2026-07-02 10:09:59+05:30,4026.6,1,4055.89,442039,101942.0,144456.0,4100.0,4110.0,4022.2,4092.6,22836975,4501.8,3683.4,4440.0,3288.1,4026.0,30,2,4025.8,69,1,4025.7,1,1,4025.5,40,5,4025.4,6,3,4026.6,4,3,4026.7,5,1,4026.8,17,2,4026.9,5,1,4027.0,16,3
11483,2026-07-02 10:10:00+05:30,4026.6,1,4055.89,442040,101946.0,144449.0,4100.0,4110.0,4022.2,4092.6,22836975,4501.8,3683.4,4440.0,3288.1,4026.0,30,2,4025.8,69,1,4025.7,1,1,4025.5,40,5,4025.4,6,3,4026.6,11,6,4026.7,5,1,4026.8,17,2,4026.9,5,1,4027.0,16,3
11483,2026-07-02 10:10:00+05:30,4026.6,1,4055.89,442040,101946.0,144449.0,4100.0,4110.0,4022.2,4092.6,22836975,4501.8,3683.4,4440.0,3288.1,4026.0,30,2,4025.8,69,1,4025.7,1,1,4025.5,40,5,4025.4,6,3,4026.6,11,6,4026.7,5,1,4026.8,17,2,4026.9,5,1,4027.0,16,3
11483,2026-07-02 10:10:01+05:30,4026.6,3,4055.88,442088,102299.0,144099.0,4100.0,4110.0,4022.2,4092.6,22836975,4501.8,3683.4,4440.0,3288.1,4026.6,9,1,4026.3,50,1,4026.0,30,2,4025.8,69,1,4025.7,1,1,4027.1,2,1,4027.2,23,3,4027.3,18,2,4027.4,16,2,4027.5,15,3
11483,2026-07-02 10:10:01+05:30,4026.6,1,4055.88,442088,102299.0,144099.0,4100.0,4110.0,4022.2,4092.6,22836975,4501.8,3683.4,4440.0,3288.1,4026.6,9,1,4026.3,50,1,4026.0,30,2,4025.8,69,1,4025.7,1,1,4027.1,2,1,4027.2,23,3,4027.3,18,2,4027.4,16,2,4027.5,15,3
11483,2026-07-02 10:10:02+05:30,4026.6,1,4055.88,442097,102307.0,144196.0,4100.0,4110.0,4022.2,4092.6,22836975,4501.8,3683.4,4440.0,3288.1,4026.3,50,1,4026.0,31,3,4025.8,69,1,4025.7,1,1,4025.5,40,5,4026.6,18,4,4026.9,13,1,4027.1,10,2,4027.2,23,3,4027.3,18,2
11483,2026-07-02 10:10:02+05:30,4027.0,1,4055.88,442097,102307.0,144196.0,4100.0,4110.0,4022.2,4092.6,22836975,4501.8,3683.4,4440.0,3288.1,4026.3,50,1,4026.0,31,3,4025.8,69,1,4025.7,1,1,4025.5,40,5,4026.6,18,4,4026.9,13,1,4027.1,10,2,4027.2,23,3,4027.3,18,2
11483,2026-07-02 10:10:03+05:30,4027.0,2,4055.88,442182,102432.0,143749.0,4100.0,4110.0,4022.2,4092.6,22836975,4501.8,3683.4,4440.0,3288.1,4027.0,5,1,4026.6,170,2,4026.3,52,3,4026.0,31,3,4025.8,69,1,4027.1,2,1,4027.2,19,2,4027.4,4,1,4027.5,65,7,4027.7,7,1
11483,2026-07-02 10:10:03+05:30,4025.8,47,4055.88,442182,102432.0,143749.0,4100.0,4110.0,4022.2,4092.6,22836975,4501.8,3683.4,4440.0,3288.1,4027.0,5,1,4026.6,170,2,4026.3,52,3,4026.0,31,3,4025.8,69,1,4027.1,2,1,4027.2,19,2,4027.4,4,1,4027.5,65,7,4027.7,7,1
11483,2026-07-02 10:10:04+05:30,4025.8,47,4055.86,442487,102074.0,144191.0,4100.0,4110.0,4022.2,4092.6,22836975,4501.8,3683.4,4440.0,3288.1,4025.8,22,1,4025.7,1,1,4025.5,80,7,4025.4,6,3,4025.3,35,2,4027.0,9,2,4027.1,5,1,4027.2,19,2,4027.4,5,2,4027.5,78,8
11483,2026-07-02 10:10:04+05:30,4025.7,1,4055.86,442487,102074.0,144191.0,4100.0,4110.0,4022.2,4092.6,22836975,4501.8,3683.4,4440.0,3288.1,4025.8,22,1,4025.7,1,1,4025.5,80,7,4025.4,6,3,4025.3,35,2,4027.0,9,2,4027.1,5,1,4027.2,19,2,4027.4,5,2,4027.5,78,8
11483,2026-07-02 10:10:05+05:30,4025.7,1,4055.86,442522,101132.0,144396.0,4100.0,4110.0,4022.2,4092.6,22836975,4501.8,3683.4,4440.0,3288.1,4025.5,54,6,4025.4,6,3,4025.3,35,2,4025.2,2,1,4025.0,115,16,4025.7,3,2,4025.8,2,2,4027.0,43,4,4027.1,5,1,4027.2,19,2
11483,2026-07-02 10:10:05+05:30,4025.5,29,4055.86,442522,101132.0,144396.0,4100.0,4110.0,4022.2,4092.6,22836975,4501.8,3683.4,4440.0,3288.1,4025.5,54,6,4025.4,6,3,4025.3,35,2,4025.2,2,1,4025.0,115,16,4025.7,3,2,4025.8,2,2,4027.0,43,4,4027.1,5,1,4027.2,19,2
11483,2026-07-02 10:10:06+05:30,4025.5,1,4055.85,442560,101507.0,143998.0,4100.0,4110.0,4022.2,4092.6,22836975,4501.8,3683.4,4440.0,3288.1,4025.5,24,5,4025.4,8,4,4025.3,37,3,4025.2,2,1,4025.0,115,16,4025.7,2,1,4025.8,2,2,4027.0,43,4,4027.1,5,1,4027.2,19,2
11483,2026-07-02 10:10:06+05:30,4025.8,3,4055.85,442560,101507.0,143998.0,4100.0,4110.0,4022.2,4092.6,22836975,4501.8,3683.4,4440.0,3288.1,4025.5,24,5,4025.4,8,4,4025.3,37,3,4025.2,2,1,4025.0,115,16,4025.7,2,1,4025.8,2,2,4027.0,43,4,4027.1,5,1,4027.2,19,2
11483,2026-07-02 10:10:07+05:30,4025.8,3,4055.85,442617,101681.0,144124.0,4100.0,4110.0,4022.2,4092.6,22836975,4501.8,3683.4,4440.0,3288.1,4025.5,18,3,4025.4,6,3,4025.3,35,2,4025.2,2,1,4025.1,4,2,4025.8,2,2,4027.0,33,3,4027.1,12,1,4027.2,7,1,4027.3,4,1
11483,2026-07-02 10:10:07+05:30,4025.8,1,4055.85,442617,101681.0,144124.0,4100.0,4110.0,4022.2,4092.6,22836975,4501.8,3683.4,4440.0,3288.1,4025.5,18,3,4025.4,6,3,4025.3,35,2,4025.2,2,1,4025.1,4,2,4025.8,2,2,4027.0,33,3,4027.1,12,1,4027.2,7,1,4027.3,4,1
11483,2026-07-02 10:10:08+05:30,4025.8,2,4055.85,442623,102072.0,144083.0,4100.0,4110.0,4022.2,4092.6,22836975,4501.8,3683.4,4440.0,3288.1,4025.7,25,1,4025.5,18,3,4025.4,6,3,4025.3,35,2,4025.2,2,1,4025.8,4,3,4027.0,34,4,4027.1,4,1,4027.2,7,1,4027.4,4,1
11483,2026-07-02 10:10:08+05:30,4025.7,2,4055.85,442623,102072.0,144083.0,4100.0,4110.0,4022.2,4092.6,22836975,4501.8,3683.4,4440.0,3288.1,4025.7,25,1,4025.5,18,3,4025.4,6,3,4025.3,35,2,4025.2,2,1,4025.8,4,3,4027.0,34,4,4027.1,4,1,4027.2,7,1,4027.4,4,1
11483,2026-07-02 10:10:09+05:30,4025.7,2,4055.85,442640,101902.0,144050.0,4100.0,4110.0,4022.2,4092.6,22836975,4501.8,3683.4,4440.0,3288.1,4025.7,8,1,4025.5,18,3,4025.4,6,3,4025.3,35,2,4025.2,2,1,4025.8,6,5,4026.1,50,1,4027.0,32,3,4027.1,22,3,4027.2,19,2
11483,2026-07-02 10:10:09+05:30,4025.8,4,4055.85,442640,101902.0,144050.0,4100.0,4110.0,4022.2,4092.6,22836975,4501.8,3683.4,4440.0,3288.1,4025.7,8,1,4025.5,18,3,4025.4,6,3,4025.3,35,2,4025.2,2,1,4025.8,6,5,4026.1,50,1,4027.0,32,3,4027.1,22,3,4027.2,19,2
11483,2026-07-02 10:10:10+05:30,4026.0,2,4055.85,442662,102208.0,144150.0,4100.0,4110.0,4022.2,4092.6,22836975,4501.8,3683.4,4440.0,3288.1,4026.0,48,1,4025.8,8,2,4025.7,46,1,4025.5,18,3,4025.4,6,3,4026.1,50,1,4027.0,32,3,4027.1,9,2,4027.2,19,2,4027.3,21,1
11483,2026-07-02 10:10:10+05:30,4026.0,1,4055.85,442662,102208.0,144150.0,4100.0,4110.0,4022.2,4092.6,22836975,4501.8,3683.4,4440.0,3288.1,4026.0,48,1,4025.8,8,2,4025.7,46,1,4025.5,18,3,4025.4,6,3,4026.1,50,1,4027.0,32,3,4027.1,9,2,4027.2,19,2,4027.3,21,1
11483,2026-07-02 10:10:11+05:30,4026.1,29,4055.84,442713,103844.0,141713.0,4100.0,4110.0,4022.2,4092.6,22836975,4501.8,3683.4,4440.0,3288.1,4026.6,75,4,4026.5,86,4,4026.4,21,3,4026.3,38,5,4026.2,23,4,4028.0,182,3,4028.1,14,1,4028.5,6,1,4028.6,4,1,4028.7,7,1
11483,2026-07-02 10:10:11+05:30,4026.6,4,4055.84,442713,103844.0,141713.0,4100.0,4110.0,4022.2,4092.6,22836975,4501.8,3683.4,4440.0,3288.1,4026.6,75,4,4026.5,86,4,4026.4,21,3,4026.3,38,5,4026.2,23,4,4028.0,182,3,4028.1,14,1,4028.5,6,1,4028.6,4,1,4028.7,7,1
11483,2026-07-02 10:10:12+05:30,4026.6,4,4055.84,442803,104131.0,142190.0,4100.0,4110.0,4022.2,4092.6,22836975,4501.8,3683.4,4440.0,3288.1,4026.6,23,3,4026.5,52,4,4026.4,17,3,4026.3,44,5,4026.2,31,5,4028.0,182,3,4028.1,14,1,4028.6,6,1,4028.7,4,1,4028.8,31,1
11483,2026-07-02 10:10:12+05:30,4028.0,8,4055.84,442803,104131.0,142190.0,4100.0,4110.0,4022.2,4092.6,22836975,4501.8,3683.4,4440.0,3288.1,4026.6,23,3,4026.5,52,4,4026.4,17,3,4026.3,44,5,4026.2,31,5,4028.0,182,3,4028.1,14,1,4028.6,6,1,4028.7,4,1,4028.8,31,1
11483,2026-07-02 10:10:13+05:30,4028.0,8,4055.83,442848,103995.0,142540.0,4100.0,4110.0,4022.2,4092.6,22836975,4501.8,3683.4,4440.0,3288.1,4026.6,11,2,4026.5,17,1,4026.4,11,2,4026.3,28,4,4026.2,23,4,4027.0,5,1,4028.0,151,5,4028.1,14,1,4028.7,62,1,4028.8,31,1
11483,2026-07-02 10:10:13+05:30,4027.0,1,4055.83,442848,103995.0,142540.0,4100.0,4110.0,4022.2,4092.6,22836975,4501.8,3683.4,4440.0,3288.1,4026.6,11,2,4026.5,17,1,4026.4,11,2,4026.3,28,4,4026.2,23,4,4027.0,5,1,4028.0,151,5,4028.1,14,1,4028.7,62,1,4028.8,31,1
11483,2026-07-02 10:10:14+05:30,4026.6,5,4055.83,442855,103702.0,142778.0,4100.0,4110.0,4022.2,4092.6,22836975,4501.8,3683.4,4440.0,3288.1,4026.3,45,5,4026.2,23,4,4026.1,23,2,4026.0,80,4,4025.9,44,3,4027.0,4,1,4028.0,205,7,4028.1,14,1,4028.7,62,1,4028.8,31,1
11483,2026-07-02 10:10:14+05:30,4026.6,5,4055.83,442855,103702.0,142778.0,4100.0,4110.0,4022.2,4092.6,22836975,4501.8,3683.4,4440.0,3288.1,4026.3,45,5,4026.2,23,4,4026.1,23,2,4026.0,80,4,4025.9,44,3,4027.0,4,1,4028.0,205,7,4028.1,14,1,4028.7,62,1,4028.8,31,1
11483,2026-07-02 10:10:14+05:30,4026.4,12,4055.83,442855,103702.0,142778.0,4100.0,4110.0,4022.2,4092.6,22836975,4501.8,3683.4,4440.0,3288.1,4026.3,45,5,4026.2,23,4,4026.1,23,2,4026.0,80,4,4025.9,44,3,4027.0,4,1,4028.0,205,7,4028.1,14,1,4028.7,62,1,4028.8,31,1
11483,2026-07-02 10:10:14+05:30,4026.4,12,4055.83,442855,103702.0,142778.0,4100.0,4110.0,4022.2,4092.6,22836975,4501.8,3683.4,4440.0,3288.1,4026.3,45,5,4026.2,23,4,4026.1,23,2,4026.0,80,4,4025.9,44,3,4027.0,4,1,4028.0,205,7,4028.1,14,1,4028.7,62,1,4028.8,31,1
11483,2026-07-02 10:10:15+05:30,4026.4,12,4055.83,442855,103702.0,142778.0,4100.0,4110.0,4022.2,4092.6,22836975,4501.8,3683.4,4440.0,3288.1,4026.3,45,5,4026.2,23,4,4026.1,23,2,4026.0,80,4,4025.9,44,3,4027.0,4,1,4028.0,205,7,4028.1,14,1,4028.7,62,1,4028.8,31,1
11483,2026-07-02 10:10:15+05:30,4027.9,6,4055.83,442924,103166.0,143022.0,4100.0,4110.0,4022.2,4092.6,22836975,4501.8,3683.4,4440.0,3288.1,4026.0,82,4,4025.8,8,2,4025.7,46,1,4025.5,6,3,4025.4,11,4,4027.0,14,2,4027.1,3,1,4027.2,12,2,4027.3,23,3,4027.4,13,2
11483,2026-07-02 10:10:15+05:30,4027.0,5,4055.83,442924,103166.0,143022.0,4100.0,4110.0,4022.2,4092.6,22836975,4501.8,3683.4,4440.0,3288.1,4026.0,82,4,4025.8,8,2,4025.7,46,1,4025.5,6,3,4025.4,11,4,4027.0,14,2,4027.1,3,1,4027.2,12,2,4027.3,23,3,4027.4,13,2
11483,2026-07-02 10:10:15+05:30,4027.0,5,4055.83,442924,103166.0,143022.0,4100.0,4110.0,4022.2,4092.6,22836975,4501.8,3683.4,4440.0,3288.1,4026.0,82,4,4025.8,8,2,4025.7,46,1,4025.5,6,3,4025.4,11,4,4027.0,14,2,4027.1,3,1,4027.2,12,2,4027.3,23,3,4027.4,13,2
11483,2026-07-02 10:10:16+05:30,4027.0,5,4055.83,442924,103166.0,143022.0,4100.0,4110.0,4022.2,4092.6,22836975,4501.8,3683.4,4440.0,3288.1,4026.0,82,4,4025.8,8,2,4025.7,46,1,4025.5,6,3,4025.4,11,4,4027.0,14,2,4027.1,3,1,4027.2,12,2,4027.3,23,3,4027.4,13,2
11483,2026-07-02 10:10:16+05:30,4027.0,5,4055.83,442935,103611.0,142867.0,4100.0,4110.0,4022.2,4092.6,22836975,4501.8,3683.4,4440.0,3288.1,4026.6,1,1,4026.0,73,3,4025.8,8,2,4025.7,46,1,4025.5,23,5,4027.0,1,1,4027.4,22,2,4027.5,25,3,4027.6,14,2,4027.7,3,1
11483,2026-07-02 10:10:16+05:30,4027.0,5,4055.83,442935,103611.0,142867.0,4100.0,4110.0,4022.2,4092.6,22836975,4501.8,3683.4,4440.0,3288.1,4026.6,1,1,4026.0,73,3,4025.8,8,2,4025.7,46,1,4025.5,23,5,4027.0,1,1,4027.4,22,2,4027.5,25,3,4027.6,14,2,4027.7,3,1
11483,2026-07-02 10:10:17+05:30,4027.0,5,4055.83,442935,103611.0,142867.0,4100.0,4110.0,4022.2,4092.6,22836975,4501.8,3683.4,4440.0,3288.1,4026.6,1,1,4026.0,73,3,4025.8,8,2,4025.7,46,1,4025.5,23,5,4027.0,1,1,4027.4,22,2,4027.5,25,3,4027.6,14,2,4027.7,3,1
11483,2026-07-02 10:10:17+05:30,4027.4,9,4055.83,442945,103773.0,142578.0,4100.0,4110.0,4022.2,4092.6,22836975,4501.8,3683.4,4440.0,3288.1,4026.6,1,1,4026.3,5,1,4026.2,6,1,4026.1,69,2,4026.0,73,3,4027.4,2,2,4027.8,9,1,4027.9,32,4,4028.0,206,7,4028.1,22,2
11483,2026-07-02 10:10:17+05:30,4027.4,9,4055.83,442945,103773.0,142578.0,4100.0,4110.0,4022.2,4092.6,22836975,4501.8,3683.4,4440.0,3288.1,4026.6,1,1,4026.3,5,1,4026.2,6,1,4026.1,69,2,4026.0,73,3,4027.4,2,2,4027.8,9,1,4027.9,32,4,4028.0,206,7,4028.1,22,2
11483,2026-07-02 10:10:17+05:30,4026.6,1,4055.83,442945,103773.0,142578.0,4100.0,4110.0,4022.2,4092.6,22836975,4501.8,3683.4,4440.0,3288.1,4026.6,1,1,4026.3,5,1,4026.2,6,1,4026.1,69,2,4026.0,73,3,4027.4,2,2,4027.8,9,1,4027.9,32,4,4028.0,206,7,4028.1,22,2
11483,2026-07-02 10:10:17+05:30,4026.6,1,4055.83,442945,103773.0,142578.0,4100.0,4110.0,4022.2,4092.6,22836975,4501.8,3683.4,4440.0,3288.1,4026.6,1,1,4026.3,5,1,4026.2,6,1,4026.1,69,2,4026.0,73,3,4027.4,2,2,4027.8,9,1,4027.9,32,4,4028.0,206,7,4028.1,22,2
11483,2026-07-02 10:10:18+05:30,4026.6,1,4055.83,442945,103773.0,142578.0,4100.0,4110.0,4022.2,4092.6,22915900,4501.8,3683.4,4440.0,3288.1,4026.6,1,1,4026.3,5,1,4026.2,6,1,4026.1,69,2,4026.0,73,3,4027.4,2,2,4027.8,9,1,4027.9,32,4,4028.0,206,7,4028.1,22,2
11483,2026-07-02 10:10:18+05:30,4026.6,1,4055.83,442949,103767.0,143175.0,4100.0,4110.0,4022.2,4092.6,22915900,4501.8,3683.4,4440.0,3288.1,4026.1,116,5,4026.0,74,4,4025.9,17,1,4025.8,20,3,4025.7,68,3,4026.6,8,3,4027.4,2,2,4027.9,30,4,4028.0,212,6,4028.1,22,2
11483,2026-07-02 10:10:18+05:30,4026.6,1,4055.83,442949,103767.0,143175.0,4100.0,4110.0,4022.2,4092.6,22915900,4501.8,3683.4,4440.0,3288.1,4026.1,116,5,4026.0,74,4,4025.9,17,1,4025.8,20,3,4025.7,68,3,4026.6,8,3,4027.4,2,2,4027.9,30,4,4028.0,212,6,4028.1,22,2
11483,2026-07-02 10:10:19+05:30,4026.6,1,4055.83,442949,103767.0,143175.0,4100.0,4110.0,4022.2,4092.6,22915900,4501.8,3683.4,4440.0,3288.1,4026.1,116,5,4026.0,74,4,4025.9,17,1,4025.8,20,3,4025.7,68,3,4026.6,8,3,4027.4,2,2,4027.9,30,4,4028.0,212,6,4028.1,22,2
11483,2026-07-02 10:10:19+05:30,4026.6,2,4055.82,443008,103842.0,143117.0,4100.0,4110.0,4022.2,4092.6,22915900,4501.8,3683.4,4440.0,3288.1,4026.6,13,1,4026.2,33,4,4026.1,81,4,4026.0,88,6,4025.9,17,1,4027.0,60,1,4027.4,2,2,4027.9,2,2,4028.0,212,6,4028.1,14,1
11483,2026-07-02 10:10:19+05:30,4026.6,7,4055.82,443008,103842.0,143117.0,4100.0,4110.0,4022.2,4092.6,22915900,4501.8,3683.4,4440.0,3288.1,4026.6,13,1,4026.2,33,4,4026.1,81,4,4026.0,88,6,4025.9,17,1,4027.0,60,1,4027.4,2,2,4027.9,2,2,4028.0,212,6,4028.1,14,1
11483,2026-07-02 10:10:19+05:30,4026.6,7,4055.82,443008,103842.0,143117.0,4100.0,4110.0,4022.2,4092.6,22915900,4501.8,3683.4,4440.0,3288.1,4026.6,13,1,4026.2,33,4,4026.1,81,4,4026.0,88,6,4025.9,17,1,4027.0,60,1,4027.4,2,2,4027.9,2,2,4028.0,212,6,4028.1,14,1
11483,2026-07-02 10:10:20+05:30,4026.6,6,4055.82,443056,103968.0,142410.0,4100.0,4110.0,4022.2,4092.6,22915900,4501.8,3683.4,4440.0,3288.1,4026.6,18,2,4026.2,3,1,4026.1,74,2,4026.0,106,6,4025.8,33,4,4027.0,44,3,4027.4,2,2,4028.0,205,5,4028.1,14,1,4028.2,21,1
11483,2026-07-02 10:10:20+05:30,4026.6,1,4055.82,443056,103968.0,142410.0,4100.0,4110.0,4022.2,4092.6,22915900,4501.8,3683.4,4440.0,3288.1,4026.6,18,2,4026.2,3,1,4026.1,74,2,4026.0,106,6,4025.8,33,4,4027.0,44,3,4027.4,2,2,4028.0,205,5,4028.1,14,1,4028.2,21,1
11483,2026-07-02 10:10:21+05:30,4026.6,1,4055.82,443057,103711.0,142835.0,4100.0,4110.0,4022.2,4092.6,22915900,4501.8,3683.4,4440.0,3288.1,4026.6,6,1,4026.1,74,2,4026.0,75,5,4025.8,21,3,4025.7,46,1,4027.0,44,3,4027.4,2,2,4027.5,9,1,4027.8,11,1,4027.9,45,1
11483,2026-07-02 10:10:22+05:30,4026.6,1,4055.82,443108,103742.0,142792.0,4100.0,4110.0,4022.2,4092.6,22915900,4501.8,3683.4,4440.0,3288.1,4026.6,24,2,4026.1,74,2,4026.0,88,6,4025.8,47,5,4025.7,46,1,4027.0,2,2,4027.8,50,2,4028.0,239,7,4028.1,31,3,4028.2,13,1
11483,2026-07-02 10:10:22+05:30,4026.6,1,4055.82,443108,103742.0,142792.0,4100.0,4110.0,4022.2,4092.6,22915900,4501.8,3683.4,4440.0,3288.1,4026.6,24,2,4026.1,74,2,4026.0,88,6,4025.8,47,5,4025.7,46,1,4027.0,2,2,4027.8,50,2,4028.0,239,7,4028.1,31,3,4028.2,13,1
11483,2026-07-02 10:10:23+05:30,4027.0,2,4055.82,443108,103742.0,142792.0,4100.0,4110.0,4022.2,4092.6,22915900,4501.8,3683.4,4440.0,3288.1,4026.6,24,2,4026.1,74,2,4026.0,88,6,4025.8,47,5,4025.7,46,1,4027.0,2,2,4027.8,50,2,4028.0,239,7,4028.1,31,3,4028.2,13,1
11483,2026-07-02 10:10:23+05:30,4027.0,2,4055.81,443130,103365.0,142960.0,4100.0,4110.0,4022.2,4092.6,22915900,4501.8,3683.4,4440.0,3288.1,4026.6,15,1,4026.1,74,2,4026.0,75,5,4025.8,13,3,4025.7,46,1,4027.0,33,5,4027.1,28,5,4027.2,8,2,4027.3,9,2,4027.4,7,2
11483,2026-07-02 10:10:24+05:30,4027.0,2,4055.81,443130,103606.0,143156.0,4100.0,4110.0,4022.2,4092.6,22915900,4501.8,3683.4,4440.0,3288.1,4026.6,53,2,4026.1,74,2,4026.0,75,5,4025.8,13,3,4025.7,51,2,4027.0,30,4,4027.1,22,4,4027.2,3,1,4027.3,9,2,4027.4,14,3
11483,2026-07-02 10:10:25+05:30,4027.5,7,4055.81,443130,103606.0,143156.0,4100.0,4110.0,4022.2,4092.6,22915900,4501.8,3683.4,4440.0,3288.1,4026.6,53,2,4026.1,74,2,4026.0,75,5,4025.8,13,3,4025.7,51,2,4027.0,30,4,4027.1,22,4,4027.2,3,1,4027.3,9,2,4027.4,14,3
11483,2026-07-02 10:10:25+05:30,4027.5,7,4055.81,443280,103802.0,143079.0,4100.0,4110.0,4022.2,4092.6,22915900,4501.8,3683.4,4440.0,3288.1,4026.6,18,2,4026.1,74,2,4026.0,75,5,4025.8,61,4,4025.7,51,2,4027.2,39,3,4027.3,12,1,4027.4,15,2,4027.5,55,6,4027.6,8,2
11483,2026-07-02 10:10:26+05:30,4027.0,1,4055.8,443348,103798.0,143080.0,4100.0,4110.0,4022.2,4092.6,22915900,4501.8,3683.4,4440.0,3288.1,4026.6,18,2,4026.1,74,2,4026.0,75,5,4025.8,13,3,4025.7,51,2,4027.0,30,2,4027.1,22,3,4027.2,13,2,4027.3,6,1,4027.4,29,3
11483,2026-07-02 10:10:26+05:30,4027.0,1,4055.8,443348,103798.0,143080.0,4100.0,4110.0,4022.2,4092.6,22915900,4501.8,3683.4,4440.0,3288.1,4026.6,18,2,4026.1,74,2,4026.0,75,5,4025.8,13,3,4025.7,51,2,4027.0,30,2,4027.1,22,3,4027.2,13,2,4027.3,6,1,4027.4,29,3
11483,2026-07-02 10:10:27+05:30,4026.7,1,4055.8,443348,103798.0,143080.0,4100.0,4110.0,4022.2,4092.6,22915900,4501.8,3683.4,4440.0,3288.1,4026.6,18,2,4026.1,74,2,4026.0,75,5,4025.8,13,3,4025.7,51,2,4027.0,30,2,4027.1,22,3,4027.2,13,2,4027.3,6,1,4027.4,29,3
11483,2026-07-02 10:10:27+05:30,4026.7,1,4055.78,443702,102733.0,143719.0,4100.0,4110.0,4022.2,4092.6,22915900,4501.8,3683.4,4440.0,3288.1,4025.7,12,2,4025.5,104,5,4025.4,6,3,4025.3,35,2,4025.2,14,2,4026.7,13,1,4026.8,54,4,4027.0,17,5,4027.1,9,2,4027.2,37,3
11483,2026-07-02 10:10:28+05:30,4026.7,10,4055.78,443702,102733.0,143719.0,4100.0,4110.0,4022.2,4092.6,22915900,4501.8,3683.4,4440.0,3288.1,4025.7,12,2,4025.5,104,5,4025.4,6,3,4025.3,35,2,4025.2,14,2,4026.7,13,1,4026.8,54,4,4027.0,17,5,4027.1,9,2,4027.2,37,3
11483,2026-07-02 10:10:29+05:30,4026.7,10,4055.77,443768,102404.0,143801.0,4100.0,4110.0,4022.2,4092.6,22915900,4501.8,3683.4,4440.0,3288.1,4025.5,104,5,4025.4,6,3,4025.3,35,2,4025.2,2,1,4025.0,315,28,4026.5,23,3,4026.6,9,1,4026.7,28,4,4026.8,24,2,4026.9,12,1
11483,2026-07-02 10:10:29+05:30,4026.5,5,4055.77,443768,102404.0,143801.0,4100.0,4110.0,4022.2,4092.6,22915900,4501.8,3683.4,4440.0,3288.1,4025.5,104,5,4025.4,6,3,4025.3,35,2,4025.2,2,1,4025.0,315,28,4026.5,23,3,4026.6,9,1,4026.7,28,4,4026.8,24,2,4026.9,12,1
11483,2026-07-02 10:10:30+05:30,4026.5,5,4055.77,443775,102892.0,143800.0,4100.0,4110.0,4022.2,4092.6,22915900,4501.8,3683.4,4440.0,3288.1,4026.0,5,1,4025.5,104,5,4025.4,6,3,4025.3,35,2,4025.2,2,1,4026.5,16,2,4026.6,9,1,4026.7,11,5,4026.8,24,2,4026.9,12,1
11483,2026-07-02 10:10:30+05:30,4026.0,5,4055.77,443775,102892.0,143800.0,4100.0,4110.0,4022.2,4092.6,22915900,4501.8,3683.4,4440.0,3288.1,4026.0,5,1,4025.5,104,5,4025.4,6,3,4025.3,35,2,4025.2,2,1,4026.5,16,2,4026.6,9,1,4026.7,11,5,4026.8,24,2,4026.9,12,1
11483,2026-07-02 10:10:31+05:30,4026.0,5,4055.77,443792,102774.0,143850.0,4100.0,4110.0,4022.2,4092.6,22915900,4501.8,3683.4,4440.0,3288.1,4025.5,104,5,4025.4,6,3,4025.3,35,2,4025.2,2,1,4025.0,328,30,4026.0,3,2,4026.6,12,1,4026.7,23,6,4026.8,25,2,4027.0,7,4
11483,2026-07-02 10:10:31+05:30,4026.0,5,4055.77,443792,102774.0,143850.0,4100.0,4110.0,4022.2,4092.6,22915900,4501.8,3683.4,4440.0,3288.1,4025.5,104,5,4025.4,6,3,4025.3,35,2,4025.2,2,1,4025.0,328,30,4026.0,3,2,4026.6,12,1,4026.7,23,6,4026.8,25,2,4027.0,7,4
11483,2026-07-02 10:10:32+05:30,4025.5,3,4055.77,443817,102749.0,143556.0,4100.0,4110.0,4022.2,4092.6,22915900,4501.8,3683.4,4440.0,3288.1,4025.5,89,2,4025.4,6,3,4025.3,35,2,4025.2,9,2,4025.0,328,30,4026.0,2,1,4026.7,11,5,4026.8,13,1,4027.0,4,1,4027.1,19,3
11483,2026-07-02 10:10:32+05:30,4026.0,5,4055.77,443817,102749.0,143556.0,4100.0,4110.0,4022.2,4092.6,22915900,4501.8,3683.4,4440.0,3288.1,4025.5,89,2,4025.4,6,3,4025.3,35,2,4025.2,9,2,4025.0,328,30,4026.0,2,1,4026.7,11,5,4026.8,13,1,4027.0,4,1,4027.1,19,3
11483,2026-07-02 10:10:33+05:30,4025.5,39,4055.77,443874,102871.0,143695.0,4100.0,4110.0,4022.2,4092.6,22915900,4501.8,3683.4,4440.0,3288.1,4025.5,74,5,4025.4,6,3,4025.3,35,2,4025.2,27,4,4025.1,22,2,4026.0,2,1,4026.7,2,2,4027.4,5,1,4027.5,58,4,4027.6,8,2
11483,2026-07-02 10:10:33+05:30,4025.5,1,4055.77,443874,102871.0,143695.0,4100.0,4110.0,4022.2,4092.6,22915900,4501.8,3683.4,4440.0,3288.1,4025.5,74,5,4025.4,6,3,4025.3,35,2,4025.2,27,4,4025.1,22,2,4026.0,2,1,4026.7,2,2,4027.4,5,1,4027.5,58,4,4027.6,8,2
11483,2026-07-02 10:10:34+05:30,4025.6,7,4055.76,443908,103274.0,143736.0,4100.0,4110.0,4022.2,4092.6,22915900,4501.8,3683.4,4440.0,3288.1,4025.6,18,5,4025.5,42,4,4025.4,13,4,4025.3,35,2,4025.2,27,4,4026.0,1,1,4027.4,44,2,4027.5,32,2,4027.6,3,1,4027.7,27,3
11483,2026-07-02 10:10:34+05:30,4027.3,1,4055.76,443908,103274.0,143736.0,4100.0,4110.0,4022.2,4092.6,22915900,4501.8,3683.4,4440.0,3288.1,4025.6,18,5,4025.5,42,4,4025.4,13,4,4025.3,35,2,4025.2,27,4,4026.0,1,1,4027.4,44,2,4027.5,32,2,4027.6,3,1,4027.7,27,3
11483,2026-07-02 10:10:35+05:30,4027.7,2,4055.76,443918,104180.0,142891.0,4100.0,4110.0,4022.2,4092.6,22915900,4501.8,3683.4,4440.0,3288.1,4026.7,1,1,4026.5,10,1,4025.9,25,4,4025.8,22,4,4025.7,17,3,4027.7,16,2,4027.8,18,2,4027.9,19,1,4028.0,243,7,4028.1,13,1
11483,2026-07-02 10:10:35+05:30,4026.5,1,4055.76,443918,104180.0,142891.0,4100.0,4110.0,4022.2,4092.6,22915900,4501.8,3683.4,4440.0,3288.1,4026.7,1,1,4026.5,10,1,4025.9,25,4,4025.8,22,4,4025.7,17,3,4027.7,16,2,4027.8,18,2,4027.9,19,1,4028.0,243,7,4028.1,13,1
11483,2026-07-02 10:10:36+05:30,4026.5,2,4055.76,443923,104025.0,142950.0,4100.0,4110.0,4022.2,4092.6,22915900,4501.8,3683.4,4440.0,3288.1,4027.0,1,1,4026.5,6,1,4025.9,22,3,4025.8,16,2,4025.7,13,2,4027.6,36,2,4027.7,12,2,4028.0,236,9,4028.1,30,3,4028.2,19,2
11483,2026-07-02 10:10:36+05:30,4027.6,1,4055.76,443923,104025.0,142950.0,4100.0,4110.0,4022.2,4092.6,22915900,4501.8,3683.4,4440.0,3288.1,4027.0,1,1,4026.5,6,1,4025.9,22,3,4025.8,16,2,4025.7,13,2,4027.6,36,2,4027.7,12,2,4028.0,236,9,4028.1,30,3,4028.2,19,2
11483,2026-07-02 10:10:37+05:30,4027.6,1,4055.76,443924,104133.0,142944.0,4100.0,4110.0,4022.2,4092.6,22915900,4501.8,3683.4,4440.0,3288.1,4027.0,1,1,4026.5,6,1,4026.0,2,1,4025.9,22,3,4025.8,16,2,4027.6,17,1,4027.7,1,1,4028.0,222,8,4028.1,19,2,4028.2,19,2
11483,2026-07-02 10:10:37+05:30,4027.6,2,4055.76,443924,104133.0,142944.0,4100.0,4110.0,4022.2,4092.6,22915900,4501.8,3683.4,4440.0,3288.1,4027.0,1,1,4026.5,6,1,4026.0,2,1,4025.9,22,3,4025.8,16,2,4027.6,17,1,4027.7,1,1,4028.0,222,8,4028.1,19,2,4028.2,19,2
11483,2026-07-02 10:10:38+05:30,4027.0,1,4055.76,443927,104217.0,143406.0,4100.0,4110.0,4022.2,4092.6,22915900,4501.8,3683.4,4440.0,3288.1,4026.5,6,1,4025.9,26,4,4025.8,29,3,4025.7,72,4,4025.6,91,7,4027.0,5,1,4027.5,19,1,4027.7,1,1,4027.8,22,1,4027.9,5,1
11483,2026-07-02 10:10:38+05:30,4027.0,1,4055.76,443927,104217.0,143406.0,4100.0,4110.0,4022.2,4092.6,22915900,4501.8,3683.4,4440.0,3288.1,4026.5,6,1,4025.9,26,4,4025.8,29,3,4025.7,72,4,4025.6,91,7,4027.0,5,1,4027.5,19,1,4027.7,1,1,4027.8,22,1,4027.9,5,1
11483,2026-07-02 10:10:39+05:30,4027.0,12,4055.75,444044,104231.0,142783.0,4100.0,4110.0,4022.2,4092.6,22915900,4501.8,3683.4,4440.0,3288.1,4027.0,18,1,4026.5,6,1,4026.0,20,1,4025.9,11,2,4025.8,16,2,4027.6,10,1,4027.7,18,2,4027.8,11,1,4028.0,235,8,4028.1,24,2
11483,2026-07-02 10:10:39+05:30,4027.0,14,4055.75,444044,104231.0,142783.0,4100.0,4110.0,4022.2,4092.6,22915900,4501.8,3683.4,4440.0,3288.1,4027.0,18,1,4026.5,6,1,4026.0,20,1,4025.9,11,2,4025.8,16,2,4027.6,10,1,4027.7,18,2,4027.8,11,1,4028.0,235,8,4028.1,24,2
11483,2026-07-02 10:10:40+05:30,4027.6,3,4055.75,444112,104158.0,142878.0,4100.0,4110.0,4022.2,4092.6,22915900,4501.8,3683.4,4440.0,3288.1,4026.5,6,1,4026.0,25,2,4025.9,10,1,4025.8,16,2,4025.7,17,2,4027.4,15,1,4027.5,30,3,4027.6,23,4,4027.7,12,2,4027.8,11,1
11483,2026-07-02 10:10:40+05:30,4027.4,2,4055.75,444112,104158.0,142878.0,4100.0,4110.0,4022.2,4092.6,22915900,4501.8,3683.4,4440.0,3288.1,4026.5,6,1,4026.0,25,2,4025.9,10,1,4025.8,16,2,4025.7,17,2,4027.4,15,1,4027.5,30,3,4027.6,23,4,4027.7,12,2,4027.8,11,1
11483,2026-07-02 10:10:41+05:30,4027.8,6,4055.75,444174,104366.0,142817.0,4100.0,4110.0,4022.2,4092.6,22915900,4501.8,3683.4,4440.0,3288.1,4027.0,20,2,4026.5,6,1,4026.1,6,1,4026.0,62,3,4025.9,47,2,4027.7,11,1,4027.8,12,3,4027.9,53,3,4028.0,246,9,4028.1,9,1
11483,2026-07-02 10:10:41+05:30,4027.8,6,4055.75,444174,104366.0,142817.0,4100.0,4110.0,4022.2,4092.6,22915900,4501.8,3683.4,4440.0,3288.1,4027.0,20,2,4026.5,6,1,4026.1,6,1,4026.0,62,3,4025.9,47,2,4027.7,11,1,4027.8,12,3,4027.9,53,3,4028.0,246,9,4028.1,9,1
11483,2026-07-02 10:10:42+05:30,4027.8,6,4055.75,444174,104339.0,142979.0,4100.0,4110.0,4022.2,4092.6,22915900,4501.8,3683.4,4440.0,3288.1,4027.0,20,2,4026.5,6,1,4026.0,30,3,4025.9,47,2,4025.8,31,3,4027.7,43,4,4027.8,3,3,4027.9,53,3,4028.0,235,8,4028.1,20,2
11483,2026-07-02 10:10:43+05:30,4027.9,6,4055.75,444174,104339.0,142979.0,4100.0,4110.0,4022.2,4092.6,22915900,4501.8,3683.4,4440.0,3288.1,4027.0,20,2,4026.5,6,1,4026.0,30,3,4025.9,47,2,4025.8,31,3,4027.7,43,4,4027.8,3,3,4027.9,53,3,4028.0,235,8,4028.1,20,2
11483,2026-07-02 10:10:43+05:30,4027.9,6,4055.73,444473,104545.0,142873.0,4100.0,4110.0,4022.2,4092.6,22915900,4501.8,3683.4,4440.0,3288.1,4027.0,24,3,4026.5,21,2,4026.2,41,1,4026.1,61,3,4026.0,70,4,4027.9,41,4,4028.0,163,11,4028.1,19,2,4028.2,10,1,4028.3,18,3
11483,2026-07-02 10:10:44+05:30,4027.7,1,4055.73,444473,104545.0,142873.0,4100.0,4110.0,4022.2,4092.6,22915900,4501.8,3683.4,4440.0,3288.1,4027.0,24,3,4026.5,21,2,4026.2,41,1,4026.1,61,3,4026.0,70,4,4027.9,41,4,4028.0,163,11,4028.1,19,2,4028.2,10,1,4028.3,18,3
11483,2026-07-02 10:10:44+05:30,4027.7,1,4055.73,444475,104569.0,142989.0,4100.0,4110.0,4022.2,4092.6,22915900,4501.8,3683.4,4440.0,3288.1,4027.0,24,3,4026.8,20,1,4026.5,21,2,4026.2,41,1,4026.1,61,3,4027.7,12,2,4027.8,12,1,4027.9,35,5,4028.0,163,11,4028.1,31,3
11483,2026-07-02 10:10:45+05:30,4027.7,3,4055.73,444475,104569.0,142989.0,4100.0,4110.0,4022.2,4092.6,22915900,4501.8,3683.4,4440.0,3288.1,4027.0,24,3,4026.8,20,1,4026.5,21,2,4026.2,41,1,4026.1,61,3,4027.7,12,2,4027.8,12,1,4027.9,35,5,4028.0,163,11,4028.1,31,3
11483,2026-07-02 10:10:46+05:30,4027.9,10,4055.72,444518,105274.0,142884.0,4100.0,4110.0,4022.2,4092.6,22915900,4501.8,3683.4,4440.0,3288.1,4027.0,24,3,4026.8,20,1,4026.5,21,2,4026.2,41,1,4026.1,61,3,4027.9,6,3,4028.0,163,11,4028.1,31,3,4028.2,10,1,4028.3,18,3
11483,2026-07-02 10:10:46+05:30,4027.6,5,4055.72,444518,105274.0,142884.0,4100.0,4110.0,4022.2,4092.6,22915900,4501.8,3683.4,4440.0,3288.1,4027.0,24,3,4026.8,20,1,4026.5,21,2,4026.2,41,1,4026.1,61,3,4027.9,6,3,4028.0,163,11,4028.1,31,3,4028.2,10,1,4028.3,18,3
11483,2026-07-02 10:10:47+05:30,4027.6,5,4055.72,444530,105166.0,142943.0,4100.0,4110.0,4022.2,4092.6,22915900,4501.8,3683.4,4440.0,3288.1,4027.0,24,3,4026.8,20,1,4026.5,21,2,4026.1,13,1,4026.0,15,2,4027.6,2,2,4027.8,26,2,4027.9,13,4,4028.0,177,12,4028.1,24,3
11483,2026-07-02 10:10:47+05:30,4027.0,1,4055.72,444530,105166.0,142943.0,4100.0,4110.0,4022.2,4092.6,22915900,4501.8,3683.4,4440.0,3288.1,4027.0,24,3,4026.8,20,1,4026.5,21,2,4026.1,13,1,4026.0,15,2,4027.6,2,2,4027.8,26,2,4027.9,13,4,4028.0,177,12,4028.1,24,3
11483,2026-07-02 10:10:48+05:30,4027.0,4,4055.72,444564,105979.0,143118.0,4100.0,4110.0,4022.2,4092.6,22915900,4501.8,3683.4,4440.0,3288.1,4026.8,20,1,4026.6,1000,1,4026.5,21,2,4026.1,13,1,4026.0,15,2,4027.0,4,3,4027.8,11,1,4027.9,21,4,4028.0,177,12,4028.1,24,3
11483,2026-07-02 10:10:48+05:30,4026.8,10,4055.72,444564,105979.0,143118.0,4100.0,4110.0,4022.2,4092.6,22915900,4501.8,3683.4,4440.0,3288.1,4026.8,20,1,4026.6,1000,1,4026.5,21,2,4026.1,13,1,4026.0,15,2,4027.0,4,3,4027.8,11,1,4027.9,21,4,4028.0,177,12,4028.1,24,3
11483,2026-07-02 10:10:49+05:30,4026.8,3,4055.72,444601,106396.0,143299.0,4100.0,4110.0,4022.2,4092.6,22915900,4501.8,3683.4,4440.0,3288.1,4026.6,1000,1,4026.5,21,2,4026.1,13,1,4026.0,15,2,4025.9,10,1,4026.8,4,2,4027.0,8,3,4027.7,5,1,4027.8,12,2,4027.9,65,3
11483,2026-07-02 10:10:49+05:30,4026.8,3,4055.72,444601,106396.0,143299.0,4100.0,4110.0,4022.2,4092.6,22915900,4501.8,3683.4,4440.0,3288.1,4026.6,1000,1,4026.5,21,2,4026.1,13,1,4026.0,15,2,4025.9,10,1,4026.8,4,2,4027.0,8,3,4027.7,5,1,4027.8,12,2,4027.9,65,3
11483,2026-07-02 10:10:50+05:30,4026.8,1,4055.72,444602,106444.0,143317.0,4100.0,4110.0,4022.2,4092.6,22915900,4501.8,3683.4,4440.0,3288.1,4026.6,1000,1,4026.5,21,2,4026.1,15,2,4026.0,15,2,4025.9,10,1,4026.8,6,4,4027.0,8,3,4027.7,5,1,4027.8,12,2,4027.9,65,3
11483,2026-07-02 10:10:50+05:30,4028.0,21,4055.72,444602,106444.0,143317.0,4100.0,4110.0,4022.2,4092.6,22915900,4501.8,3683.4,4440.0,3288.1,4026.6,1000,1,4026.5,21,2,4026.1,15,2,4026.0,15,2,4025.9,10,1,4026.8,6,4,4027.0,8,3,4027.7,5,1,4027.8,12,2,4027.9,65,3
11483,2026-07-02 10:10:51+05:30,4028.0,21,4055.7,444842,107344.0,142953.0,4100.0,4110.0,4022.2,4092.6,22915900,4501.8,3683.4,4440.0,3288.1,4027.0,1,1,4026.6,1000,1,4026.5,21,2,4026.1,15,2,4026.0,15,2,4027.6,8,1,4027.7,10,1,4027.8,29,2,4027.9,10,1,4028.0,115,11
11483,2026-07-02 10:10:51+05:30,4027.6,1,4055.7,444842,107344.0,142953.0,4100.0,4110.0,4022.2,4092.6,22915900,4501.8,3683.4,4440.0,3288.1,4027.0,1,1,4026.6,1000,1,4026.5,21,2,4026.1,15,2,4026.0,15,2,4027.6,8,1,4027.7,10,1,4027.8,29,2,4027.9,10,1,4028.0,115,11
11483,2026-07-02 10:10:52+05:30,4027.6,1,4055.7,444843,107414.0,142922.0,4100.0,4110.0,4022.2,4092.6,22915900,4501.8,3683.4,4440.0,3288.1,4027.0,1,1,4026.6,1000,1,4026.5,21,2,4026.1,15,2,4026.0,17,4,4027.6,17,2,4027.7,10,1,4027.8,34,3,4027.9,3,1,4028.0,126,12
11483,2026-07-02 10:10:52+05:30,4027.7,1,4055.7,444843,107414.0,142922.0,4100.0,4110.0,4022.2,4092.6,22915900,4501.8,3683.4,4440.0,3288.1,4027.0,1,1,4026.6,1000,1,4026.5,21,2,4026.1,15,2,4026.0,17,4,4027.6,17,2,4027.7,10,1,4027.8,34,3,4027.9,3,1,4028.0,126,12
11483,2026-07-02 10:10:53+05:30,4027.7,1,4055.7,444847,107997.0,142449.0,4100.0,4110.0,4022.2,4092.6,22915900,4501.8,3683.4,4440.0,3288.1,4027.6,2,1,4027.0,6,2,4026.7,53,2,4026.6,1000,1,4026.5,35,3,4027.8,5,1,4027.9,8,2,4028.0,59,6,4028.1,1,1,4028.3,9,2
11483,2026-07-02 10:10:53+05:30,4027.7,1,4055.7,444847,107997.0,142449.0,4100.0,4110.0,4022.2,4092.6,22915900,4501.8,3683.4,4440.0,3288.1,4027.6,2,1,4027.0,6,2,4026.7,53,2,4026.6,1000,1,4026.5,35,3,4027.8,5,1,4027.9,8,2,4028.0,59,6,4028.1,1,1,4028.3,9,2
11483,2026-07-02 10:10:54+05:30,4027.8,2,4055.7,444849,108356.0,142293.0,4100.0,4110.0,4022.2,4092.6,22915900,4501.8,3683.4,4440.0,3288.1,4027.6,52,2,4027.0,6,2,4026.8,2,1,4026.7,53,2,4026.6,1000,1,4027.8,3,1,4027.9,3,1,4028.0,61,7,4028.3,11,3,4028.4,31,2
11483,2026-07-02 10:10:54+05:30,4027.8,3,4055.7,444849,108356.0,142293.0,4100.0,4110.0,4022.2,4092.6,22915900,4501.8,3683.4,4440.0,3288.1,4027.6,52,2,4027.0,6,2,4026.8,2,1,4026.7,53,2,4026.6,1000,1,4027.8,3,1,4027.9,3,1,4028.0,61,7,4028.3,11,3,4028.4,31,2
11483,2026-07-02 10:10:55+05:30,4027.8,1,4055.7,444853,108433.0,142283.0,4100.0,4110.0,4022.2,4092.6,22915900,4501.8,3683.4,4440.0,3288.1,4027.8,4,1,4027.6,52,2,4027.0,26,3,4026.8,2,1,4026.7,53,2,4027.9,3,1,4028.0,47,6,4028.3,11,3,4028.4,14,1,4028.5,11,1
11483,2026-07-02 10:10:55+05:30,4027.8,1,4055.7,444853,108433.0,142283.0,4100.0,4110.0,4022.2,4092.6,22915900,4501.8,3683.4,4440.0,3288.1,4027.8,4,1,4027.6,52,2,4027.0,26,3,4026.8,2,1,4026.7,53,2,4027.9,3,1,4028.0,47,6,4028.3,11,3,4028.4,14,1,4028.5,11,1
11483,2026-07-02 10:10:56+05:30,4027.8,3,4055.7,444857,108395.0,142289.0,4100.0,4110.0,4022.2,4092.6,22915900,4501.8,3683.4,4440.0,3288.1,4027.6,52,2,4027.0,29,4,4026.8,2,1,4026.7,5,1,4026.6,1000,1,4027.8,4,2,4027.9,3,1,4028.0,40,2,4028.3,13,4,4028.4,14,1
11483,2026-07-02 10:10:56+05:30,4027.8,3,4055.7,444857,108395.0,142289.0,4100.0,4110.0,4022.2,4092.6,22915900,4501.8,3683.4,4440.0,3288.1,4027.6,52,2,4027.0,29,4,4026.8,2,1,4026.7,5,1,4026.6,1000,1,4027.8,4,2,4027.9,3,1,4028.0,40,2,4028.3,13,4,4028.4,14,1
11483,2026-07-02 10:10:57+05:30,4027.8,1,4055.7,444958,108867.0,142000.0,4100.0,4110.0,4022.2,4092.6,22915900,4501.8,3683.4,4440.0,3288.1,4027.8,21,2,4027.7,1,1,4027.6,52,2,4027.4,10,1,4027.3,22,2,4028.3,17,1,4028.4,13,1,4029.0,1,1,4029.1,33,1,4029.3,37,2
11483,2026-07-02 10:10:57+05:30,4028.3,1,4055.7,444958,108867.0,142000.0,4100.0,4110.0,4022.2,4092.6,22915900,4501.8,3683.4,4440.0,3288.1,4027.8,21,2,4027.7,1,1,4027.6,52,2,4027.4,10,1,4027.3,22,2,4028.3,17,1,4028.4,13,1,4029.0,1,1,4029.1,33,1,4029.3,37,2
11483,2026-07-02 10:10:58+05:30,4027.6,3,4055.7,444958,108867.0,142000.0,4100.0,4110.0,4022.2,4092.6,22915900,4501.8,3683.4,4440.0,3288.1,4027.8,21,2,4027.7,1,1,4027.6,52,2,4027.4,10,1,4027.3,22,2,4028.3,17,1,4028.4,13,1,4029.0,1,1,4029.1,33,1,4029.3,37,2
11483,2026-07-02 10:10:58+05:30,4027.6,3,4055.69,444985,108841.0,142408.0,4100.0,4110.0,4022.2,4092.6,22915900,4501.8,3683.4,4440.0,3288.1,4027.6,56,2,4027.0,32,5,4026.9,28,3,4026.8,20,4,4026.7,55,3,4027.7,5,1,4028.3,16,1,4028.4,13,1,4029.0,33,3,4029.1,44,2
11483,2026-07-02 10:10:59+05:30,4027.7,1,4055.69,444985,108841.0,142408.0,4100.0,4110.0,4022.2,4092.6,22915900,4501.8,3683.4,4440.0,3288.1,4027.6,56,2,4027.0,32,5,4026.9,28,3,4026.8,20,4,4026.7,55,3,4027.7,5,1,4028.3,16,1,4028.4,13,1,4029.0,33,3,4029.1,44,2
11483,2026-07-02 10:11:00+05:30,4027.7,1,4055.69,444992,108855.0,142389.0,4100.0,4110.0,4022.2,4092.6,22915900,4501.8,3683.4,4440.0,3288.1,4027.6,42,1,4027.0,32,5,4026.9,28,3,4026.8,25,5,4026.7,55,3,4027.7,5,2,4028.0,15,1,4028.3,16,1,4028.4,13,1,4029.0,33,3
11483,2026-07-02 10:11:00+05:30,4027.7,3,4055.69,444992,108855.0,142389.0,4100.0,4110.0,4022.2,4092.6,22915900,4501.8,3683.4,4440.0,3288.1,4027.6,42,1,4027.0,32,5,4026.9,28,3,4026.8,25,5,4026.7,55,3,4027.7,5,2,4028.0,15,1,4028.3,16,1,4028.4,13,1,4029.0,33,3
11483,2026-07-02 10:11:01+05:30,4027.6,1,4055.69,445050,108760.0,142419.0,4100.0,4110.0,4022.2,4092.6,22915900,4501.8,3683.4,4440.0,3288.1,4027.6,14,1,4027.0,32,5,4026.9,6,1,4026.8,27,5,4026.7,55,3,4028.0,15,1,4028.3,16,1,4028.4,13,1,4028.7,10,1,4029.0,37,4
11483,2026-07-02 10:11:01+05:30,4028.0,5,4055.69,445050,108760.0,142419.0,4100.0,4110.0,4022.2,4092.6,22915900,4501.8,3683.4,4440.0,3288.1,4027.6,14,1,4027.0,32,5,4026.9,6,1,4026.8,27,5,4026.7,55,3,4028.0,15,1,4028.3,16,1,4028.4,13,1,4028.7,10,1,4029.0,37,4
11483,2026-07-02 10:11:02+05:30,4027.7,1,4055.69,445067,108943.0,142141.0,4100.0,4110.0,4022.2,4092.6,22915900,4501.8,3683.4,4440.0,3288.1,4027.7,10,2,4027.6,7,2,4027.1,5,1,4027.0,29,4,4026.9,21,3,4028.0,1,1,4028.3,16,1,4028.4,13,1,4028.6,5,1,4029.0,1,1
11483,2026-07-02 10:11:02+05:30,4028.0,2,4055.69,445067,108943.0,142141.0,4100.0,4110.0,4022.2,4092.6,22915900,4501.8,3683.4,4440.0,3288.1,4027.7,10,2,4027.6,7,2,4027.1,5,1,4027.0,29,4,4026.9,21,3,4028.0,1,1,4028.3,16,1,4028.4,13,1,4028.6,5,1,4029.0,1,1
11483,2026-07-02 10:11:03+05:30,4028.0,2,4055.69,445082,108374.0,141891.0,4100.0,4110.0,4022.2,4092.6,22915900,4501.8,3683.4,4440.0,3288.1,4027.9,25,1,4027.8,5,1,4027.6,7,2,4027.0,29,4,4026.8,7,2,4028.3,16,1,4028.4,23,2,4028.7,10,1,4028.8,10,1,4029.0,11,2
11483,2026-07-02 10:11:03+05:30,4027.0,6,4055.69,445082,108374.0,141891.0,4100.0,4110.0,4022.2,4092.6,22915900,4501.8,3683.4,4440.0,3288.1,4027.9,25,1,4027.8,5,1,4027.6,7,2,4027.0,29,4,4026.8,7,2,4028.3,16,1,4028.4,23,2,4028.7,10,1,4028.8,10,1,4029.0,11,2
11483,2026-07-02 10:11:04+05:30,4027.5,10,4055.69,445141,107651.0,143138.0,4100.0,4110.0,4022.2,4092.6,22915900,4501.8,3683.4,4440.0,3288.1,4027.0,17,2,4026.8,7,2,4026.6,1000,1,4026.5,21,2,4026.1,14,2,4027.5,15,2,4027.6,5,1,4027.7,21,3,4027.8,14,4,4027.9,6,1
11483,2026-07-02 10:11:04+05:30,4027.6,1,4055.69,445141,107651.0,143138.0,4100.0,4110.0,4022.2,4092.6,22915900,4501.8,3683.4,4440.0,3288.1,4027.0,17,2,4026.8,7,2,4026.6,1000,1,4026.5,21,2,4026.1,14,2,4027.5,15,2,4027.6,5,1,4027.7,21,3,4027.8,14,4,4027.9,6,1
11483,2026-07-02 10:11:05+05:30,4027.6,1,4055.68,445151,108101.0,142538.0,4100.0,4110.0,4022.2,4092.6,22915900,4501.8,3683.4,4440.0,3288.1,4027.0,19,4,4026.8,13,3,4026.7,4,1,4026.6,1000,1,4026.5,33,3,4027.6,2,2,4027.8,2,2,4028.0,32,4,4028.1,12,2,4028.2,28,4
11483,2026-07-02 10:11:05+05:30,4029.0,1,4055.68,445151,108101.0,142538.0,4100.0,4110.0,4022.2,4092.6,22915900,4501.8,3683.4,4440.0,3288.1,4027.0,19,4,4026.8,13,3,4026.7,4,1,4026.6,1000,1,4026.5,33,3,4027.6,2,2,4027.8,2,2,4028.0,32,4,4028.1,12,2,4028.2,28,4
11483,2026-07-02 10:11:06+05:30,4029.0,1,4055.68,445222,108910.0,139575.0,4100.0,4110.0,4022.2,4092.6,22915900,4501.8,3683.4,4440.0,3288.1,4028.0,1,1,4027.6,27,2,4027.5,45,2,4027.4,7,1,4027.3,22,3,4029.0,7,5,4029.1,10,1,4029.2,1,1,4029.3,23,1,4029.4,26,3
11483,2026-07-02 10:11:06+05:30,4029.0,1,4055.68,445222,108910.0,139575.0,4100.0,4110.0,4022.2,4092.6,22915900,4501.8,3683.4,4440.0,3288.1,4028.0,1,1,4027.6,27,2,4027.5,45,2,4027.4,7,1,4027.3,22,3,4029.0,7,5,4029.1,10,1,4029.2,1,1,4029.3,23,1,4029.4,26,3
11483,2026-07-02 10:11:07+05:30,4029.0,1,4055.68,445233,109207.0,139798.0,4100.0,4110.0,4022.2,4092.6,22915900,4501.8,3683.4,4440.0,3288.1,4028.0,1,1,4027.6,27,2,4027.5,45,2,4027.4,7,1,4027.3,19,2,4029.0,3,3,4029.3,23,1,4029.4,26,3,4029.5,28,4,4029.8,44,4
11483,2026-07-02 10:11:07+05:30,4029.0,1,4055.68,445233,109207.0,139798.0,4100.0,4110.0,4022.2,4092.6,22915900,4501.8,3683.4,4440.0,3288.1,4028.0,1,1,4027.6,27,2,4027.5,45,2,4027.4,7,1,4027.3,19,2,4029.0,3,3,4029.3,23,1,4029.4,26,3,4029.5,28,4,4029.8,44,4
11483,2026-07-02 10:11:08+05:30,4028.0,1,4055.68,445234,108789.0,140480.0,4100.0,4110.0,4022.2,4092.6,22915900,4501.8,3683.4,4440.0,3288.1,4027.6,2,1,4027.0,40,6,4026.9,6,1,4026.8,28,3,4026.7,21,2,4028.0,5,1,4028.9,15,2,4029.0,5,5,4029.2,46,1,4029.3,103,5
11483,2026-07-02 10:11:08+05:30,4027.0,1,4055.68,445234,108789.0,140480.0,4100.0,4110.0,4022.2,4092.6,22915900,4501.8,3683.4,4440.0,3288.1,4027.6,2,1,4027.0,40,6,4026.9,6,1,4026.8,28,3,4026.7,21,2,4028.0,5,1,4028.9,15,2,4029.0,5,5,4029.2,46,1,4029.3,103,5
11483,2026-07-02 10:11:09+05:30,4027.0,1,4055.68,445256,108203.0,140804.0,4100.0,4110.0,4022.2,4092.6,22915900,4501.8,3683.4,4440.0,3288.1,4027.0,13,4,4026.8,12,3,4026.6,1028,2,4026.5,61,4,4026.1,27,4,4028.0,15,3,4028.4,5,1,4028.6,8,1,4028.7,15,2,4028.8,104,5
11483,2026-07-02 10:11:09+05:30,4028.4,22,4055.68,445256,108203.0,140804.0,4100.0,4110.0,4022.2,4092.6,22915900,4501.8,3683.4,4440.0,3288.1,4027.0,13,4,4026.8,12,3,4026.6,1028,2,4026.5,61,4,4026.1,27,4,4028.0,15,3,4028.4,5,1,4028.6,8,1,4028.7,15,2,4028.8,104,5
11483,2026-07-02 10:11:10+05:30,4028.4,22,4055.67,445340,108100.0,140794.0,4100.0,4110.0,4022.2,4092.6,22915900,4501.8,3683.4,4440.0,3288.1,4027.0,203,6,4026.9,43,3,4026.8,7,2,4026.7,6,1,4026.6,1000,1,4028.4,33,5,4028.7,15,2,4028.8,44,3,4028.9,5,1,4029.0,5,5
11483,2026-07-02 10:11:10+05:30,4027.4,6,4055.67,445340,108100.0,140794.0,4100.0,4110.0,4022.2,4092.6,22915900,4501.8,3683.4,4440.0,3288.1,4027.0,203,6,4026.9,43,3,4026.8,7,2,4026.7,6,1,4026.6,1000,1,4028.4,33,5,4028.7,15,2,4028.8,44,3,4028.9,5,1,4029.0,5,5
11483,2026-07-02 10:11:11+05:30,4027.6,3,4055.67,445370,108961.0,138969.0,4100.0,4110.0,4022.2,4092.6,22915900,4501.8,3683.4,4440.0,3288.1,4027.6,27,4,4027.5,42,5,4027.4,16,3,4027.3,46,4,4027.2,59,6,4028.4,2,2,4029.0,4,4,4029.3,23,1,4029.5,25,2,4029.6,60,1
11483,2026-07-02 10:11:11+05:30,4027.6,1,4055.67,445370,108961.0,138969.0,4100.0,4110.0,4022.2,4092.6,22915900,4501.8,3683.4,4440.0,3288.1,4027.6,27,4,4027.5,42,5,4027.4,16,3,4027.3,46,4,4027.2,59,6,4028.4,2,2,4029.0,4,4,4029.3,23,1,4029.5,25,2,4029.6,60,1
11483,2026-07-02 10:11:12+05:30,4027.6,5,4055.67,445433,109296.0,139617.0,4100.0,4110.0,4022.2,4092.6,22915900,4501.8,3683.4,4440.0,3288.1,4027.6,16,2,4027.5,42,3,4027.4,20,2,4027.3,21,2,4027.2,38,3,4029.0,4,3,4029.5,62,4,4029.6,72,2,4029.7,22,2,4029.8,9,1
11483,2026-07-02 10:11:12+05:30,4027.7,3,4055.67,445433,109296.0,139617.0,4100.0,4110.0,4022.2,4092.6,22915900,4501.8,3683.4,4440.0,3288.1,4027.6,16,2,4027.5,42,3,4027.4,20,2,4027.3,21,2,4027.2,38,3,4029.0,4,3,4029.5,62,4,4029.6,72,2,4029.7,22,2,4029.8,9,1
11483,2026-07-02 10:11:13+05:30,4028.6,2,4055.67,445440,108351.0,139638.0,4100.0,4110.0,4022.2,4092.6,22915900,4501.8,3683.4,4440.0,3288.1,4027.2,7,1,4027.1,53,4,4027.0,195,6,4026.9,11,2,4026.8,29,3,4028.6,3,1,4028.7,3,1,4028.8,5,1,4028.9,18,3,4029.1,12,3
11483,2026-07-02 10:11:13+05:30,4028.7,3,4055.67,445440,108351.0,139638.0,4100.0,4110.0,4022.2,4092.6,22915900,4501.8,3683.4,4440.0,3288.1,4027.2,7,1,4027.1,53,4,4027.0,195,6,4026.9,11,2,4026.8,29,3,4028.6,3,1,4028.7,3,1,4028.8,5,1,4028.9,18,3,4029.1,12,3
11483,2026-07-02 10:11:14+05:30,4029.0,80,4055.66,445585,108560.0,140406.0,4100.0,4110.0,4022.2,4092.6,22915900,4501.8,3683.4,4440.0,3288.1,4027.0,195,6,4026.9,3,1,4026.8,24,2,4026.6,1024,2,4026.5,33,3,4028.6,30,4,4028.7,40,5,4028.8,35,4,4028.9,66,5,4029.0,50,3
11483,2026-07-02 10:11:14+05:30,4029.0,80,4055.66,445585,108560.0,140406.0,4100.0,4110.0,4022.2,4092.6,22915900,4501.8,3683.4,4440.0,3288.1,4027.0,195,6,4026.9,3,1,4026.8,24,2,4026.6,1024,2,4026.5,33,3,4028.6,30,4,4028.7,40,5,4028.8,35,4,4028.9,66,5,4029.0,50,3
11483,2026-07-02 10:11:14+05:30,4028.2,5,4055.66,445585,108560.0,140406.0,4100.0,4110.0,4022.2,4092.6,22915900,4501.8,3683.4,4440.0,3288.1,4027.0,195,6,4026.9,3,1,4026.8,24,2,4026.6,1024,2,4026.5,33,3,4028.6,30,4,4028.7,40,5,4028.8,35,4,4028.9,66,5,4029.0,50,3
11483,2026-07-02 10:11:14+05:30,4028.2,5,4055.66,445618,109207.0,140895.0,4100.0,4110.0,4022.2,4092.6,22915900,4501.8,3683.4,4440.0,3288.1,4027.5,5,1,4027.0,206,8,4026.9,3,1,4026.8,2,1,4026.7,5,1,4028.2,5,1,4028.3,22,3,4028.4,27,5,4028.5,43,5,4028.6,30,4
11483,2026-07-02 10:11:15+05:30,4028.2,5,4055.66,445618,109207.0,140895.0,4100.0,4110.0,4022.2,4092.6,22915900,4501.8,3683.4,4440.0,3288.1,4027.5,5,1,4027.0,206,8,4026.9,3,1,4026.8,2,1,4026.7,5,1,4028.2,5,1,4028.3,22,3,4028.4,27,5,4028.5,43,5,4028.6,30,4
11483,2026-07-02 10:11:15+05:30,4028.2,1,4055.66,445618,109207.0,140895.0,4100.0,4110.0,4022.2,4092.6,22915900,4501.8,3683.4,4440.0,3288.1,4027.5,5,1,4027.0,206,8,4026.9,3,1,4026.8,2,1,4026.7,5,1,4028.2,5,1,4028.3,22,3,4028.4,27,5,4028.5,43,5,4028.6,30,4
11483,2026-07-02 10:11:15+05:30,4028.2,1,4055.66,445624,109205.0,140971.0,4100.0,4110.0,4022.2,4092.6,22915900,4501.8,3683.4,4440.0,3288.1,4027.5,5,1,4027.2,15,1,4027.0,206,8,4026.9,3,1,4026.8,2,1,4028.2,1,1,4028.3,22,3,4028.4,27,5,4028.5,35,4,4028.6,30,4
11483,2026-07-02 10:11:16+05:30,4028.2,1,4055.66,445624,109205.0,140971.0,4100.0,4110.0,4022.2,4092.6,22915900,4501.8,3683.4,4440.0,3288.1,4027.5,5,1,4027.2,15,1,4027.0,206,8,4026.9,3,1,4026.8,2,1,4028.2,1,1,4028.3,22,3,4028.4,27,5,4028.5,35,4,4028.6,30,4
11483,2026-07-02 10:11:16+05:30,4028.4,7,4055.66,445624,109205.0,140971.0,4100.0,4110.0,4022.2,4092.6,22915900,4501.8,3683.4,4440.0,3288.1,4027.5,5,1,4027.2,15,1,4027.0,206,8,4026.9,3,1,4026.8,2,1,4028.2,1,1,4028.3,22,3,4028.4,27,5,4028.5,35,4,4028.6,30,4
11483,2026-07-02 10:11:16+05:30,4028.4,7,4055.66,445624,109205.0,140971.0,4100.0,4110.0,4022.2,4092.6,22915900,4501.8,3683.4,4440.0,3288.1,4027.5,5,1,4027.2,15,1,4027.0,206,8,4026.9,3,1,4026.8,2,1,4028.2,1,1,4028.3,22,3,4028.4,27,5,4028.5,35,4,4028.6,30,4
11483,2026-07-02 10:11:16+05:30,4028.4,7,4055.65,445645,109351.0,140705.0,4100.0,4110.0,4022.2,4092.6,22915900,4501.8,3683.4,4440.0,3288.1,4027.8,25,1,4027.5,4,1,4027.2,27,2,4027.1,40,2,4027.0,241,10,4028.4,14,5,4028.5,12,1,4028.6,18,2,4028.7,17,2,4028.8,21,2
11483,2026-07-02 10:11:17+05:30,4028.4,7,4055.65,445645,109351.0,140705.0,4100.0,4110.0,4022.2,4092.6,22915900,4501.8,3683.4,4440.0,3288.1,4027.8,25,1,4027.5,4,1,4027.2,27,2,4027.1,40,2,4027.0,241,10,4028.4,14,5,4028.5,12,1,4028.6,18,2,4028.7,17,2,4028.8,21,2
11483,2026-07-02 10:11:17+05:30,4028.4,1,4055.65,445645,109351.0,140705.0,4100.0,4110.0,4022.2,4092.6,22915900,4501.8,3683.4,4440.0,3288.1,4027.8,25,1,4027.5,4,1,4027.2,27,2,4027.1,40,2,4027.0,241,10,4028.4,14,5,4028.5,12,1,4028.6,18,2,4028.7,17,2,4028.8,21,2
11483,2026-07-02 10:11:18+05:30,4028.4,1,4055.65,445645,109351.0,140705.0,4100.0,4110.0,4022.2,4092.6,22915900,4501.8,3683.4,4440.0,3288.1,4027.8,25,1,4027.5,4,1,4027.2,27,2,4027.1,40,2,4027.0,241,10,4028.4,14,5,4028.5,12,1,4028.6,18,2,4028.7,17,2,4028.8,21,2
11483,2026-07-02 10:11:18+05:30,4027.8,25,4055.65,445671,109238.0,140394.0,4100.0,4110.0,4022.2,4092.6,22915900,4501.8,3683.4,4440.0,3288.1,4027.5,4,1,4027.2,35,3,4027.1,40,2,4027.0,262,12,4026.9,14,2,4027.8,6,1,4028.4,13,5,4028.5,12,1,4028.6,18,2,4028.7,17,2
11483,2026-07-02 10:11:18+05:30,4027.8,25,4055.65,445671,109238.0,140394.0,4100.0,4110.0,4022.2,4092.6,22943550,4501.8,3683.4,4440.0,3288.1,4027.5,4,1,4027.2,35,3,4027.1,40,2,4027.0,262,12,4026.9,14,2,4027.8,6,1,4028.4,13,5,4028.5,12,1,4028.6,18,2,4028.7,17,2
11483,2026-07-02 10:11:18+05:30,4028.5,9,4055.65,445671,109238.0,140394.0,4100.0,4110.0,4022.2,4092.6,22943550,4501.8,3683.4,4440.0,3288.1,4027.5,4,1,4027.2,35,3,4027.1,40,2,4027.0,262,12,4026.9,14,2,4027.8,6,1,4028.4,13,5,4028.5,12,1,4028.6,18,2,4028.7,17,2
11483,2026-07-02 10:11:19+05:30,4027.6,2,4055.65,445751,109376.0,140320.0,4100.0,4110.0,4022.2,4092.6,22943550,4501.8,3683.4,4440.0,3288.1,4027.6,47,5,4027.5,19,3,4027.4,9,1,4027.2,35,3,4027.1,40,2,4028.5,5,3,4028.6,18,2,4028.7,17,2,4028.8,21,2,4029.0,20,1
11483,2026-07-02 10:11:19+05:30,4027.6,2,4055.65,445751,109376.0,140320.0,4100.0,4110.0,4022.2,4092.6,22943550,4501.8,3683.4,4440.0,3288.1,4027.6,47,5,4027.5,19,3,4027.4,9,1,4027.2,35,3,4027.1,40,2,4028.5,5,3,4028.6,18,2,4028.7,17,2,4028.8,21,2,4029.0,20,1
11483,2026-07-02 10:11:19+05:30,4028.9,13,4055.65,445751,109376.0,140320.0,4100.0,4110.0,4022.2,4092.6,22943550,4501.8,3683.4,4440.0,3288.1,4027.6,47,5,4027.5,19,3,4027.4,9,1,4027.2,35,3,4027.1,40,2,4028.5,5,3,4028.6,18,2,4028.7,17,2,4028.8,21,2,4029.0,20,1
11483,2026-07-02 10:11:20+05:30,4028.6,1,4055.57,447040,110071.0,137543.0,4100.0,4110.0,4022.2,4092.6,22943550,4501.8,3683.4,4440.0,3288.1,4028.5,42,3,4028.4,1,1,4028.3,13,1,4028.2,1,1,4028.1,34,2,4028.9,1,1,4029.3,14,1,4029.5,14,1,4029.7,9,1,4029.8,19,1
11483,2026-07-02 10:11:20+05:30,4028.6,1,4055.57,447040,110071.0,137543.0,4100.0,4110.0,4022.2,4092.6,22943550,4501.8,3683.4,4440.0,3288.1,4028.5,42,3,4028.4,1,1,4028.3,13,1,4028.2,1,1,4028.1,34,2,4028.9,1,1,4029.3,14,1,4029.5,14,1,4029.7,9,1,4029.8,19,1
11483,2026-07-02 10:11:20+05:30,4028.0,6,4055.57,447040,110071.0,137543.0,4100.0,4110.0,4022.2,4092.6,22943550,4501.8,3683.4,4440.0,3288.1,4028.5,42,3,4028.4,1,1,4028.3,13,1,4028.2,1,1,4028.1,34,2,4028.9,1,1,4029.3,14,1,4029.5,14,1,4029.7,9,1,4029.8,19,1
11483,2026-07-02 10:11:21+05:30,4028.0,6,4055.56,447212,109222.0,139495.0,4100.0,4110.0,4022.2,4092.6,22943550,4501.8,3683.4,4440.0,3288.1,4027.9,12,1,4027.8,28,2,4027.7,16,1,4027.6,51,4,4027.5,29,4,4028.8,12,1,4028.9,1,1,4029.3,14,1,4029.4,6,1,4029.5,14,1
11483,2026-07-02 10:11:21+05:30,4027.8,10,4055.56,447212,109222.0,139495.0,4100.0,4110.0,4022.2,4092.6,22943550,4501.8,3683.4,4440.0,3288.1,4027.9,12,1,4027.8,28,2,4027.7,16,1,4027.6,51,4,4027.5,29,4,4028.8,12,1,4028.9,1,1,4029.3,14,1,4029.4,6,1,4029.5,14,1
11483,2026-07-02 10:11:21+05:30,4027.8,10,4055.56,447232,108817.0,140037.0,4100.0,4110.0,4022.2,4092.6,22943550,4501.8,3683.4,4440.0,3288.1,4027.8,40,1,4027.6,15,1,4027.5,14,2,4027.3,13,1,4027.2,15,1,4028.7,19,1,4028.8,11,3,4028.9,30,2,4029.2,14,1,4029.3,56,3
11483,2026-07-02 10:11:22+05:30,4029.9,6,4055.56,447232,108817.0,140037.0,4100.0,4110.0,4022.2,4092.6,22943550,4501.8,3683.4,4440.0,3288.1,4027.8,40,1,4027.6,15,1,4027.5,14,2,4027.3,13,1,4027.2,15,1,4028.7,19,1,4028.8,11,3,4028.9,30,2,4029.2,14,1,4029.3,56,3
11483,2026-07-02 10:11:22+05:30,4029.9,6,4055.55,447469,108997.0,139726.0,4100.0,4110.0,4022.2,4092.6,22943550,4501.8,3683.4,4440.0,3288.1,4028.0,1,1,4027.8,38,1,4027.6,215,2,4027.5,14,2,4027.3,13,1,4028.5,16,1,4028.6,10,1,4028.7,10,1,4028.8,24,1,4029.0,32,1
11483,2026-07-02 10:11:24+05:30,4029.9,6,4055.55,447469,109669.0,139781.0,4100.0,4110.0,4022.2,4092.6,22943550,4501.8,3683.4,4440.0,3288.1,4028.0,1,1,4027.8,38,1,4027.6,215,2,4027.5,14,2,4027.3,25,2,4029.0,34,2,4029.1,10,1,4029.3,7,1,4029.4,8,2,4029.5,7,1
11483,2026-07-02 10:11:24+05:30,4029.9,6,4055.55,447469,110501.0,139682.0,4100.0,4110.0,4022.2,4092.6,22943550,4501.8,3683.4,4440.0,3288.1,4028.7,4,1,4028.0,7,2,4027.9,66,3,4027.8,38,1,4027.7,48,1,4029.4,10,1,4029.6,3,1,4029.9,7,3,4030.0,203,10,4030.1,17,1
11483,2026-07-02 10:11:25+05:30,4029.4,2,4055.55,447469,110501.0,139682.0,4100.0,4110.0,4022.2,4092.6,22943550,4501.8,3683.4,4440.0,3288.1,4028.7,4,1,4028.0,7,2,4027.9,66,3,4027.8,38,1,4027.7,48,1,4029.4,10,1,4029.6,3,1,4029.9,7,3,4030.0,203,10,4030.1,17,1
11483,2026-07-02 10:11:25+05:30,4029.4,2,4055.54,447471,110516.0,139845.0,4100.0,4110.0,4022.2,4092.6,22943550,4501.8,3683.4,4440.0,3288.1,4028.7,4,1,4028.0,7,2,4027.9,66,3,4027.8,38,1,4027.7,48,1,4029.4,12,3,4029.6,13,2,4029.8,16,1,4029.9,7,3,4030.0,203,10
11483,2026-07-02 10:11:26+05:30,4029.3,5,4055.54,447471,110516.0,139845.0,4100.0,4110.0,4022.2,4092.6,22943550,4501.8,3683.4,4440.0,3288.1,4028.7,4,1,4028.0,7,2,4027.9,66,3,4027.8,38,1,4027.7,48,1,4029.4,12,3,4029.6,13,2,4029.8,16,1,4029.9,7,3,4030.0,203,10
11483,2026-07-02 10:11:26+05:30,4029.3,5,4055.53,447711,110026.0,139919.0,4100.0,4110.0,4022.2,4092.6,22943550,4501.8,3683.4,4440.0,3288.1,4027.9,11,1,4027.8,38,1,4027.7,6,1,4027.6,290,6,4027.5,39,4,4029.3,16,4,4029.4,17,2,4029.5,7,1,4029.6,18,2,4029.7,31,3
11483,2026-07-02 10:11:27+05:30,4029.8,1,4055.53,447764,110563.0,139653.0,4100.0,4110.0,4022.2,4092.6,22943550,4501.8,3683.4,4440.0,3288.1,4028.5,7,1,4028.3,6,1,4028.2,10,1,4028.1,24,2,4028.0,73,4,4029.8,9,1,4029.9,40,3,4030.0,100,6,4030.2,7,2,4030.4,45,3
11483,2026-07-02 10:11:27+05:30,4029.8,1,4055.53,447764,110563.0,139653.0,4100.0,4110.0,4022.2,4092.6,22943550,4501.8,3683.4,4440.0,3288.1,4028.5,7,1,4028.3,6,1,4028.2,10,1,4028.1,24,2,4028.0,73,4,4029.8,9,1,4029.9,40,3,4030.0,100,6,4030.2,7,2,4030.4,45,3
11483,2026-07-02 10:11:28+05:30,4028.5,10,4055.52,447817,111804.0,139258.0,4100.0,4110.0,4022.2,4092.6,22943550,4501.8,3683.4,4440.0,3288.1,4028.6,6,1,4028.5,33,4,4028.4,35,5,4028.3,41,4,4028.2,62,4,4029.8,2,2,4029.9,24,1,4030.0,95,5,4030.2,5,1,4030.5,5,1
11483,2026-07-02 10:11:28+05:30,4028.5,10,4055.52,447817,111804.0,139258.0,4100.0,4110.0,4022.2,4092.6,22943550,4501.8,3683.4,4440.0,3288.1,4028.6,6,1,4028.5,33,4,4028.4,35,5,4028.3,41,4,4028.2,62,4,4029.8,2,2,4029.9,24,1,4030.0,95,5,4030.2,5,1,4030.5,5,1
11483,2026-07-02 10:11:29+05:30,4030.0,5,4055.52,447841,112236.0,138964.0,4100.0,4110.0,4022.2,4092.6,22943550,4501.8,3683.4,4440.0,3288.1,4028.8,30,3,4028.7,10,1,4028.6,1047,4,4028.5,70,5,4028.4,25,4,4030.0,90,5,4030.5,5,1,4030.7,2,1,4030.9,76,2,4031.0,47,5
11483,2026-07-02 10:11:29+05:30,4030.0,5,4055.52,447841,112236.0,138964.0,4100.0,4110.0,4022.2,4092.6,22943550,4501.8,3683.4,4440.0,3288.1,4028.8,30,3,4028.7,10,1,4028.6,1047,4,4028.5,70,5,4028.4,25,4,4030.0,90,5,4030.5,5,1,4030.7,2,1,4030.9,76,2,4031.0,47,5
11483,2026-07-02 10:11:30+05:30,4030.0,3,4055.52,447924,112316.0,138857.0,4100.0,4110.0,4022.2,4092.6,22943550,4501.8,3683.4,4440.0,3288.1,4029.0,9,1,4028.9,29,5,4028.8,66,6,4028.7,26,2,4028.6,1012,2,4030.0,8,2,4030.5,5,1,4030.7,2,1,4030.9,74,2,4031.0,47,5
11483,2026-07-02 10:11:30+05:30,4030.0,3,4055.52,447924,112316.0,138857.0,4100.0,4110.0,4022.2,4092.6,22943550,4501.8,3683.4,4440.0,3288.1,4029.0,9,1,4028.9,29,5,4028.8,66,6,4028.7,26,2,4028.6,1012,2,4030.0,8,2,4030.5,5,1,4030.7,2,1,4030.9,74,2,4031.0,47,5
11483,2026-07-02 10:11:31+05:30,4030.0,3,4055.52,447924,112350.0,138991.0,4100.0,4110.0,4022.2,4092.6,22943550,4501.8,3683.4,4440.0,3288.1,4029.0,21,3,4028.9,18,3,4028.8,66,6,4028.7,26,2,4028.6,1014,3,4030.0,10,4,4030.5,5,1,4030.7,2,1,4030.9,74,2,4031.0,47,5
11483,2026-07-02 10:11:32+05:30,4030.0,2,4055.52,447924,112350.0,138991.0,4100.0,4110.0,4022.2,4092.6,22943550,4501.8,3683.4,4440.0,3288.1,4029.0,21,3,4028.9,18,3,4028.8,66,6,4028.7,26,2,4028.6,1014,3,4030.0,10,4,4030.5,5,1,4030.7,2,1,4030.9,74,2,4031.0,47,5
11483,2026-07-02 10:11:33+05:30,4030.0,2,4055.52,447944,112082.0,139153.0,4100.0,4110.0,4022.2,4092.6,22943550,4501.8,3683.4,4440.0,3288.1,4029.0,12,2,4028.9,9,1,4028.8,8,1,4028.7,10,1,4028.6,1012,2,4030.0,4,3,4030.5,29,2,4030.7,41,2,4030.9,74,2,4031.0,74,6
11483,2026-07-02 10:11:33+05:30,4030.0,1,4055.52,447944,112082.0,139153.0,4100.0,4110.0,4022.2,4092.6,22943550,4501.8,3683.4,4440.0,3288.1,4029.0,12,2,4028.9,9,1,4028.8,8,1,4028.7,10,1,4028.6,1012,2,4030.0,4,3,4030.5,29,2,4030.7,41,2,4030.9,74,2,4031.0,74,6
11483,2026-07-02 10:11:34+05:30,4030.0,3,4055.52,447960,111935.0,139412.0,4100.0,4110.0,4022.2,4092.6,22943550,4501.8,3683.4,4440.0,3288.1,4029.0,1,1,4028.6,1000,1,4028.5,13,1,4028.3,11,1,4028.2,17,3,4029.9,9,2,4030.0,28,7,4030.2,15,1,4030.3,12,1,4030.5,77,5
11483,2026-07-02 10:11:34+05:30,4029.1,1,4055.52,447960,111935.0,139412.0,4100.0,4110.0,4022.2,4092.6,22943550,4501.8,3683.4,4440.0,3288.1,4029.0,1,1,4028.6,1000,1,4028.5,13,1,4028.3,11,1,4028.2,17,3,4029.9,9,2,4030.0,28,7,4030.2,15,1,4030.3,12,1,4030.5,77,5
11483,2026-07-02 10:11:35+05:30,4029.1,1,4055.47,448762,110582.0,140142.0,4100.0,4110.0,4022.2,4092.6,22943550,4501.8,3683.4,4440.0,3288.1,4028.6,1000,1,4028.5,2,1,4027.9,12,1,4027.8,38,1,4027.6,276,6,4029.0,1,1,4029.1,16,2,4029.2,10,1,4029.3,14,2,4029.4,2,1
11483,2026-07-02 10:11:35+05:30,4029.1,3,4055.47,448762,110582.0,140142.0,4100.0,4110.0,4022.2,4092.6,22943550,4501.8,3683.4,4440.0,3288.1,4028.6,1000,1,4028.5,2,1,4027.9,12,1,4027.8,38,1,4027.6,276,6,4029.0,1,1,4029.1,16,2,4029.2,10,1,4029.3,14,2,4029.4,2,1
11483,2026-07-02 10:11:36+05:30,4029.1,3,4055.46,448967,110545.0,140454.0,4100.0,4110.0,4022.2,4092.6,22943550,4501.8,3683.4,4440.0,3288.1,4028.6,1000,1,4028.5,2,1,4027.9,12,1,4027.8,38,1,4027.6,76,5,4029.1,17,7,4029.3,15,1,4029.4,43,2,4029.6,18,4,4029.7,10,1
11483,2026-07-02 10:11:37+05:30,4029.1,3,4055.46,448967,110636.0,140320.0,4100.0,4110.0,4022.2,4092.6,22943550,4501.8,3683.4,4440.0,3288.1,4028.6,1000,1,4028.5,2,1,4027.9,12,1,4027.8,38,1,4027.6,76,5,4029.1,8,6,4029.3,15,1,4029.4,37,2,4029.6,10,3,4029.9,12,1
11483,2026-07-02 10:11:37+05:30,4029.1,1,4055.46,448967,110636.0,140320.0,4100.0,4110.0,4022.2,4092.6,22943550,4501.8,3683.4,4440.0,3288.1,4028.6,1000,1,4028.5,2,1,4027.9,12,1,4027.8,38,1,4027.6,76,5,4029.1,8,6,4029.3,15,1,4029.4,37,2,4029.6,10,3,4029.9,12,1
11483,2026-07-02 10:11:38+05:30,4028.6,54,4055.46,449023,110704.0,140427.0,4100.0,4110.0,4022.2,4092.6,22943550,4501.8,3683.4,4440.0,3288.1,4028.6,946,1,4028.5,2,1,4027.9,12,1,4027.8,65,2,4027.7,2,1,4029.1,8,6,4029.3,15,1,4029.4,36,1,4029.6,5,2,4029.7,10,1
11483,2026-07-02 10:11:38+05:30,4028.6,1,4055.46,449023,110704.0,140427.0,4100.0,4110.0,4022.2,4092.6,22943550,4501.8,3683.4,4440.0,3288.1,4028.6,946,1,4028.5,2,1,4027.9,12,1,4027.8,65,2,4027.7,2,1,4029.1,8,6,4029.3,15,1,4029.4,36,1,4029.6,5,2,4029.7,10,1
11483,2026-07-02 10:11:39+05:30,4028.6,14,4055.45,449176,110419.0,140862.0,4100.0,4110.0,4022.2,4092.6,22943550,4501.8,3683.4,4440.0,3288.1,4028.6,809,1,4028.5,2,1,4027.9,12,1,4027.8,65,2,4027.6,78,6,4029.1,6,4,4029.3,27,2,4029.6,16,2,4029.7,22,2,4029.9,15,2
11483,2026-07-02 10:11:39+05:30,4028.6,2,4055.45,449176,110419.0,140862.0,4100.0,4110.0,4022.2,4092.6,22943550,4501.8,3683.4,4440.0,3288.1,4028.6,809,1,4028.5,2,1,4027.9,12,1,4027.8,65,2,4027.6,78,6,4029.1,6,4,4029.3,27,2,4029.6,16,2,4029.7,22,2,4029.9,15,2
11483,2026-07-02 10:11:40+05:30,4028.6,1,4055.45,449203,110375.0,141998.0,4100.0,4110.0,4022.2,4092.6,22943550,4501.8,3683.4,4440.0,3288.1,4028.6,785,1,4028.5,2,1,4027.8,38,1,4027.6,76,5,4027.5,40,4,4029.0,10,1,4029.1,55,6,4029.2,5,1,4029.3,7,2,4029.5,7,1
11483,2026-07-02 10:11:40+05:30,4027.8,3,4055.45,449203,110375.0,141998.0,4100.0,4110.0,4022.2,4092.6,22943550,4501.8,3683.4,4440.0,3288.1,4028.6,785,1,4028.5,2,1,4027.8,38,1,4027.6,76,5,4027.5,40,4,4029.0,10,1,4029.1,55,6,4029.2,5,1,4029.3,7,2,4029.5,7,1
11483,2026-07-02 10:11:41+05:30,4027.8,4,4055.4,450028,108773.0,142834.0,4100.0,4110.0,4022.2,4092.6,22943550,4501.8,3683.4,4440.0,3288.1,4027.6,63,4,4027.5,40,4,4027.0,316,16,4026.9,3,1,4026.8,6,3,4027.8,5,1,4028.0,21,3,4028.1,22,4,4028.2,6,1,4028.3,24,2
11483,2026-07-02 10:11:41+05:30,4027.8,4,4055.4,450028,108773.0,142834.0,4100.0,4110.0,4022.2,4092.6,22943550,4501.8,3683.4,4440.0,3288.1,4027.6,63,4,4027.5,40,4,4027.0,316,16,4026.9,3,1,4026.8,6,3,4027.8,5,1,4028.0,21,3,4028.1,22,4,4028.2,6,1,4028.3,24,2
11483,2026-07-02 10:11:42+05:30,4027.8,2,4055.39,450043,108926.0,142648.0,4100.0,4110.0,4022.2,4092.6,22943550,4501.8,3683.4,4440.0,3288.1,4027.6,63,4,4027.5,40,4,4027.0,316,16,4026.9,3,1,4026.8,6,3,4027.8,4,2,4028.0,10,1,4028.4,5,1,4028.5,7,1,4028.6,27,5
11483,2026-07-02 10:11:42+05:30,4027.8,2,4055.39,450043,108926.0,142648.0,4100.0,4110.0,4022.2,4092.6,22943550,4501.8,3683.4,4440.0,3288.1,4027.6,63,4,4027.5,40,4,4027.0,316,16,4026.9,3,1,4026.8,6,3,4027.8,4,2,4028.0,10,1,4028.4,5,1,4028.5,7,1,4028.6,27,5
11483,2026-07-02 10:11:43+05:30,4027.8,1,4055.39,450044,108792.0,142372.0,4100.0,4110.0,4022.2,4092.6,22943550,4501.8,3683.4,4440.0,3288.1,4027.6,82,5,4027.5,40,4,4027.0,316,16,4026.9,15,2,4026.8,44,4,4027.8,4,3,4028.0,10,1,4028.6,1,1,4028.9,34,2,4029.0,30,1
11483,2026-07-02 10:11:43+05:30,4027.8,1,4055.39,450044,108792.0,142372.0,4100.0,4110.0,4022.2,4092.6,22943550,4501.8,3683.4,4440.0,3288.1,4027.6,82,5,4027.5,40,4,4027.0,316,16,4026.9,15,2,4026.8,44,4,4027.8,4,3,4028.0,10,1,4028.6,1,1,4028.9,34,2,4029.0,30,1
11483,2026-07-02 10:11:44+05:30,4027.8,1,4055.39,450044,108785.0,142246.0,4100.0,4110.0,4022.2,4092.6,22943550,4501.8,3683.4,4440.0,3288.1,4027.6,82,5,4027.5,40,4,4027.0,316,16,4026.9,15,2,4026.8,44,4,4027.8,4,3,4028.0,10,1,4028.6,1,1,4028.9,34,2,4029.0,30,1
11483,2026-07-02 10:11:45+05:30,4028.6,3,4055.39,450044,108785.0,142246.0,4100.0,4110.0,4022.2,4092.6,22943550,4501.8,3683.4,4440.0,3288.1,4027.6,82,5,4027.5,40,4,4027.0,316,16,4026.9,15,2,4026.8,44,4,4027.8,4,3,4028.0,10,1,4028.6,1,1,4028.9,34,2,4029.0,30,1
11483,2026-07-02 10:11:45+05:30,4028.6,3,4055.39,450145,109017.0,141882.0,4100.0,4110.0,4022.2,4092.6,22943550,4501.8,3683.4,4440.0,3288.1,4028.0,14,1,4027.6,82,5,4027.5,36,3,4027.1,60,2,4027.0,355,19,4028.6,1,1,4028.8,11,1,4029.0,9,1,4029.1,8,1,4029.2,1,1
11483,2026-07-02 10:11:46+05:30,4029.1,4,4055.39,450145,109017.0,141882.0,4100.0,4110.0,4022.2,4092.6,22943550,4501.8,3683.4,4440.0,3288.1,4028.0,14,1,4027.6,82,5,4027.5,36,3,4027.1,60,2,4027.0,355,19,4028.6,1,1,4028.8,11,1,4029.0,9,1,4029.1,8,1,4029.2,1,1
11483,2026-07-02 10:11:47+05:30,4029.1,1,4055.39,450168,109161.0,141587.0,4100.0,4110.0,4022.2,4092.6,22943550,4501.8,3683.4,4440.0,3288.1,4028.6,1,1,4028.0,13,1,4027.8,1,1,4027.7,11,2,4027.6,82,5,4029.1,2,1,4029.2,22,2,4029.3,22,2,4029.4,3,1,4029.5,7,1
11483,2026-07-02 10:11:47+05:30,4028.0,1,4055.39,450168,109161.0,141587.0,4100.0,4110.0,4022.2,4092.6,22943550,4501.8,3683.4,4440.0,3288.1,4028.6,1,1,4028.0,13,1,4027.8,1,1,4027.7,11,2,4027.6,82,5,4029.1,2,1,4029.2,22,2,4029.3,22,2,4029.4,3,1,4029.5,7,1
11483,2026-07-02 10:11:48+05:30,4028.0,1,4055.38,450277,109270.0,141740.0,4100.0,4110.0,4022.2,4092.6,22943550,4501.8,3683.4,4440.0,3288.1,4028.0,27,2,4027.8,22,3,4027.6,82,5,4027.5,36,3,4027.1,54,3,4028.6,6,1,4029.4,22,4,4029.5,1,1,4029.6,30,3,4029.7,21,4
11483,2026-07-02 10:11:48+05:30,4028.6,50,4055.38,450277,109270.0,141740.0,4100.0,4110.0,4022.2,4092.6,22943550,4501.8,3683.4,4440.0,3288.1,4028.0,27,2,4027.8,22,3,4027.6,82,5,4027.5,36,3,4027.1,54,3,4028.6,6,1,4029.4,22,4,4029.5,1,1,4029.6,30,3,4029.7,21,4
11483,2026-07-02 10:11:49+05:30,4029.4,9,4055.38,450354,109240.0,141648.0,4100.0,4110.0,4022.2,4092.6,22943550,4501.8,3683.4,4440.0,3288.1,4028.0,25,2,4027.8,24,4,4027.6,82,5,4027.5,37,4,4027.1,14,2,4029.3,24,3,4029.4,28,5,4029.5,54,4,4029.6,19,2,4029.7,37,5
11483,2026-07-02 10:11:49+05:30,4029.3,1,4055.38,450354,109240.0,141648.0,4100.0,4110.0,4022.2,4092.6,22943550,4501.8,3683.4,4440.0,3288.1,4028.0,25,2,4027.8,24,4,4027.6,82,5,4027.5,37,4,4027.1,14,2,4029.3,24,3,4029.4,28,5,4029.5,54,4,4029.6,19,2,4029.7,37,5
11483,2026-07-02 10:11:50+05:30,4029.3,1,4055.37,450385,109141.0,141701.0,4100.0,4110.0,4022.2,4092.6,22943550,4501.8,3683.4,4440.0,3288.1,4028.0,215,3,4027.8,24,4,4027.6,82,5,4027.5,49,5,4027.3,12,1,4029.3,16,4,4029.4,34,7,4029.5,8,2,4029.6,19,2,4029.7,26,5
11483,2026-07-02 10:11:51+05:30,4029.3,12,4055.37,450405,109162.0,141514.0,4100.0,4110.0,4022.2,4092.6,22943550,4501.8,3683.4,4440.0,3288.1,4028.0,240,4,4027.8,24,4,4027.6,82,5,4027.5,49,5,4027.3,12,1,4029.3,12,3,4029.4,19,5,4029.5,14,3,4029.7,21,4,4029.9,32,3
11483,2026-07-02 10:11:51+05:30,4029.3,1,4055.37,450405,109162.0,141514.0,4100.0,4110.0,4022.2,4092.6,22943550,4501.8,3683.4,4440.0,3288.1,4028.0,240,4,4027.8,24,4,4027.6,82,5,4027.5,49,5,4027.3,12,1,4029.3,12,3,4029.4,19,5,4029.5,14,3,4029.7,21,4,4029.9,32,3
11483,2026-07-02 10:11:52+05:30,4028.0,5,4055.37,450421,108964.0,141575.0,4100.0,4110.0,4022.2,4092.6,22943550,4501.8,3683.4,4440.0,3288.1,4028.0,247,4,4027.8,24,4,4027.6,60,4,4027.5,49,5,4027.3,12,1,4029.3,7,4,4029.4,19,5,4029.5,14,3,4029.6,6,1,4029.7,18,2
11483,2026-07-02 10:11:52+05:30,4029.1,1,4055.37,450421,108964.0,141575.0,4100.0,4110.0,4022.2,4092.6,22943550,4501.8,3683.4,4440.0,3288.1,4028.0,247,4,4027.8,24,4,4027.6,60,4,4027.5,49,5,4027.3,12,1,4029.3,7,4,4029.4,19,5,4029.5,14,3,4029.6,6,1,4029.7,18,2
11483,2026-07-02 10:11:53+05:30,4029.1,1,4055.37,450424,109265.0,142126.0,4100.0,4110.0,4022.2,4092.6,22943550,4501.8,3683.4,4440.0,3288.1,4028.0,245,4,4027.8,224,6,4027.6,60,4,4027.5,37,4,4027.1,12,1,4029.0,37,5,4029.1,21,4,4029.2,38,5,4029.3,21,6,4029.4,8,3
11483,2026-07-02 10:11:53+05:30,4029.0,2,4055.37,450424,109265.0,142126.0,4100.0,4110.0,4022.2,4092.6,22943550,4501.8,3683.4,4440.0,3288.1,4028.0,245,4,4027.8,224,6,4027.6,60,4,4027.5,37,4,4027.1,12,1,4029.0,37,5,4029.1,21,4,4029.2,38,5,4029.3,21,6,4029.4,8,3
11483,2026-07-02 10:11:54+05:30,4028.0,7,4055.37,450497,109220.0,142386.0,4100.0,4110.0,4022.2,4092.6,22943550,4501.8,3683.4,4440.0,3288.1,4028.0,179,3,4027.8,224,6,4027.6,60,4,4027.5,37,4,4027.0,168,18,4028.9,33,5,4029.0,27,4,4029.1,40,5,4029.2,23,3,4029.3,21,6
11483,2026-07-02 10:11:54+05:30,4028.0,1,4055.37,450497,109220.0,142386.0,4100.0,4110.0,4022.2,4092.6,22943550,4501.8,3683.4,4440.0,3288.1,4028.0,179,3,4027.8,224,6,4027.6,60,4,4027.5,37,4,4027.0,168,18,4028.9,33,5,4029.0,27,4,4029.1,40,5,4029.2,23,3,4029.3,21,6
11483,2026-07-02 10:11:55+05:30,4027.0,1,4055.33,451117,106520.0,143277.0,4100.0,4110.0,4022.2,4092.6,22943550,4501.8,3683.4,4440.0,3288.1,4027.0,114,15,4026.9,3,1,4026.8,2,1,4026.5,181,2,4026.2,62,1,4027.7,18,3,4027.8,19,5,4028.0,12,3,4028.1,25,3,4028.2,10,1
11483,2026-07-02 10:11:55+05:30,4027.0,1,4055.33,451117,106520.0,143277.0,4100.0,4110.0,4022.2,4092.6,22943550,4501.8,3683.4,4440.0,3288.1,4027.0,114,15,4026.9,3,1,4026.8,2,1,4026.5,181,2,4026.2,62,1,4027.7,18,3,4027.8,19,5,4028.0,12,3,4028.1,25,3,4028.2,10,1
11483,2026-07-02 10:11:56+05:30,4026.5,1,4055.31,451447,106410.0,144047.0,4100.0,4110.0,4022.2,4092.6,22943550,4501.8,3683.4,4440.0,3288.1,4026.1,97,1,4026.0,220,9,4025.7,25,1,4025.6,29,2,4025.5,603,4,4026.5,6,2,4026.7,4,1,4027.1,4,1,4027.2,30,5,4027.4,65,4
11483,2026-07-02 10:11:56+05:30,4026.5,1,4055.31,451447,106410.0,144047.0,4100.0,4110.0,4022.2,4092.6,22943550,4501.8,3683.4,4440.0,3288.1,4026.1,97,1,4026.0,220,9,4025.7,25,1,4025.6,29,2,4025.5,603,4,4026.5,6,2,4026.7,4,1,4027.1,4,1,4027.2,30,5,4027.4,65,4
11483,2026-07-02 10:11:57+05:30,4026.5,1,4055.31,451447,106410.0,144047.0,4100.0,4110.0,4022.2,4092.6,22943550,4501.8,3683.4,4440.0,3288.1,4026.1,97,1,4026.0,220,9,4025.7,25,1,4025.6,29,2,4025.5,603,4,4026.5,6,2,4026.7,4,1,4027.1,4,1,4027.2,30,5,4027.4,65,4
11483,2026-07-02 10:11:57+05:30,4026.5,1,4055.31,451448,106431.0,144332.0,4100.0,4110.0,4022.2,4092.6,22943550,4501.8,3683.4,4440.0,3288.1,4026.1,97,1,4026.0,220,9,4025.7,25,1,4025.6,29,2,4025.5,603,4,4026.5,7,4,4026.7,4,1,4027.1,4,1,4027.2,20,4,4027.4,64,3
11483,2026-07-02 10:11:58+05:30,4026.5,9,4055.3,451540,106490.0,144041.0,4100.0,4110.0,4022.2,4092.6,22943550,4501.8,3683.4,4440.0,3288.1,4026.1,32,1,4026.0,220,9,4025.7,25,1,4025.6,29,2,4025.5,603,4,4026.7,4,1,4027.1,4,1,4027.2,20,4,4027.4,25,2,4027.5,44,6
11483,2026-07-02 10:11:58+05:30,4026.5,9,4055.3,451540,106490.0,144041.0,4100.0,4110.0,4022.2,4092.6,22943550,4501.8,3683.4,4440.0,3288.1,4026.1,32,1,4026.0,220,9,4025.7,25,1,4025.6,29,2,4025.5,603,4,4026.7,4,1,4027.1,4,1,4027.2,20,4,4027.4,25,2,4027.5,44,6
11483,2026-07-02 10:11:59+05:30,4027.4,1,4055.3,451540,106490.0,144041.0,4100.0,4110.0,4022.2,4092.6,22943550,4501.8,3683.4,4440.0,3288.1,4026.1,32,1,4026.0,220,9,4025.7,25,1,4025.6,29,2,4025.5,603,4,4026.7,4,1,4027.1,4,1,4027.2,20,4,4027.4,25,2,4027.5,44,6
11483,2026-07-02 10:11:59+05:30,4027.4,1,4055.3,451582,106555.0,143649.0,4100.0,4110.0,4022.2,4092.6,22943550,4501.8,3683.4,4440.0,3288.1,4026.1,32,1,4026.0,220,9,4025.7,25,1,4025.6,29,2,4025.5,616,5,4027.3,4,1,4027.4,25,4,4027.5,9,4,4027.6,45,2,4027.7,9,2
11483,2026-07-02 10:12:00+05:30,4027.6,1,4055.3,451582,106555.0,143649.0,4100.0,4110.0,4022.2,4092.6,22943550,4501.8,3683.4,4440.0,3288.1,4026.1,32,1,4026.0,220,9,4025.7,25,1,4025.6,29,2,4025.5,616,5,4027.3,4,1,4027.4,25,4,4027.5,9,4,4027.6,45,2,4027.7,9,2
11483,2026-07-02 10:12:00+05:30,4027.7,10,4055.29,451761,106673.0,143326.0,4100.0,4110.0,4022.2,4092.6,22943550,4501.8,3683.4,4440.0,3288.1,4026.0,220,9,4025.8,4,1,4025.7,39,2,4025.6,29,2,4025.5,603,4,4027.6,11,1,4027.7,48,4,4027.8,14,2,4028.0,83,8,4028.1,25,3
11483,2026-07-02 10:12:01+05:30,4027.5,1,4055.29,451761,106673.0,143326.0,4100.0,4110.0,4022.2,4092.6,22943550,4501.8,3683.4,4440.0,3288.1,4026.0,220,9,4025.8,4,1,4025.7,39,2,4025.6,29,2,4025.5,603,4,4027.6,11,1,4027.7,48,4,4027.8,14,2,4028.0,83,8,4028.1,25,3
11483,2026-07-02 10:12:01+05:30,4027.5,1,4055.29,451762,106910.0,143454.0,4100.0,4110.0,4022.2,4092.6,22943550,4501.8,3683.4,4440.0,3288.1,4026.5,19,1,4026.1,5,1,4026.0,237,10,4025.7,25,1,4025.6,10,1,4027.5,29,3,4027.7,25,5,4027.8,12,2,4027.9,36,2,4028.0,78,7
11483,2026-07-02 10:12:02+05:30,4026.5,19,4055.29,451762,106910.0,143454.0,4100.0,4110.0,4022.2,4092.6,22943550,4501.8,3683.4,4440.0,3288.1,4026.5,19,1,4026.1,5,1,4026.0,237,10,4025.7,25,1,4025.6,10,1,4027.5,29,3,4027.7,25,5,4027.8,12,2,4027.9,36,2,4028.0,78,7
11483,2026-07-02 10:12:02+05:30,4026.5,19,4055.29,451781,106469.0,143318.0,4100.0,4110.0,4022.2,4092.6,22943550,4501.8,3683.4,4440.0,3288.1,4026.0,257,12,4025.7,25,1,4025.6,15,2,4025.5,603,4,4025.4,6,3,4027.3,19,3,4027.4,14,2,4027.5,30,3,4027.6,5,1,4027.7,24,5
11483,2026-07-02 10:12:03+05:30,4026.5,1,4055.29,451782,106295.0,144124.0,4100.0,4110.0,4022.2,4092.6,22943550,4501.8,3683.4,4440.0,3288.1,4026.0,238,11,4025.7,25,1,4025.6,15,2,4025.5,603,4,4025.4,6,3,4026.5,6,2,4026.9,5,1,4027.3,42,4,4027.4,18,4,4027.5,66,4
11483,2026-07-02 10:12:03+05:30,4026.5,1,4055.29,451782,106295.0,144124.0,4100.0,4110.0,4022.2,4092.6,22943550,4501.8,3683.4,4440.0,3288.1,4026.0,238,11,4025.7,25,1,4025.6,15,2,4025.5,603,4,4025.4,6,3,4026.5,6,2,4026.9,5,1,4027.3,42,4,4027.4,18,4,4027.5,66,4
11483,2026-07-02 10:12:04+05:30,4027.4,20,4055.29,451782,106295.0,144124.0,4100.0,4110.0,4022.2,4092.6,22943550,4501.8,3683.4,4440.0,3288.1,4026.0,238,11,4025.7,25,1,4025.6,15,2,4025.5,603,4,4025.4,6,3,4026.5,6,2,4026.9,5,1,4027.3,42,4,4027.4,18,4,4027.5,66,4
11483,2026-07-02 10:12:04+05:30,4027.4,20,4055.29,451823,106504.0,143502.0,4100.0,4110.0,4022.2,4092.6,22943550,4501.8,3683.4,4440.0,3288.1,4026.5,14,1,4026.3,1,1,4026.1,4,1,4026.0,238,11,4025.7,25,1,4027.5,19,2,4027.7,20,4,4027.8,27,3,4027.9,35,1,4028.0,87,7
11483,2026-07-02 10:12:05+05:30,4027.4,8,4055.29,451823,106504.0,143502.0,4100.0,4110.0,4022.2,4092.6,22943550,4501.8,3683.4,4440.0,3288.1,4026.5,14,1,4026.3,1,1,4026.1,4,1,4026.0,238,11,4025.7,25,1,4027.5,19,2,4027.7,20,4,4027.8,27,3,4027.9,35,1,4028.0,87,7
11483,2026-07-02 10:12:06+05:30,4027.4,8,4055.28,451849,106392.0,144242.0,4100.0,4110.0,4022.2,4092.6,22943550,4501.8,3683.4,4440.0,3288.1,4026.0,256,12,4025.7,25,1,4025.6,10,1,4025.5,615,5,4025.4,6,3,4026.5,3,2,4027.4,27,3,4027.5,20,2,4027.7,49,2,4027.8,38,4
11483,2026-07-02 10:12:06+05:30,4026.5,1,4055.28,451849,106392.0,144242.0,4100.0,4110.0,4022.2,4092.6,22943550,4501.8,3683.4,4440.0,3288.1,4026.0,256,12,4025.7,25,1,4025.6,10,1,4025.5,615,5,4025.4,6,3,4026.5,3,2,4027.4,27,3,4027.5,20,2,4027.7,49,2,4027.8,38,4
11483,2026-07-02 10:12:07+05:30,4026.5,1,4055.28,451859,106721.0,144263.0,4100.0,4110.0,4022.2,4092.6,22943550,4501.8,3683.4,4440.0,3288.1,4026.2,1,1,4026.0,236,10,4025.7,25,1,4025.6,10,1,4025.5,603,4,4026.5,4,3,4027.1,11,1,4027.4,44,6,4027.5,20,2,4027.6,17,1
11483,2026-07-02 10:12:07+05:30,4026.5,1,4055.28,451859,106721.0,144263.0,4100.0,4110.0,4022.2,4092.6,22943550,4501.8,3683.4,4440.0,3288.1,4026.2,1,1,4026.0,236,10,4025.7,25,1,4025.6,10,1,4025.5,603,4,4026.5,4,3,4027.1,11,1,4027.4,44,6,4027.5,20,2,4027.6,17,1
11483,2026-07-02 10:12:08+05:30,4026.2,1,4055.28,451865,106527.0,144271.0,4100.0,4110.0,4022.2,4092.6,22943550,4501.8,3683.4,4440.0,3288.1,4026.0,236,10,4025.7,25,1,4025.6,10,1,4025.5,603,4,4025.4,6,3,4026.2,5,1,4026.5,1,1,4027.3,18,2,4027.4,43,6,4027.5,6,1
11483,2026-07-02 10:12:08+05:30,4026.5,7,4055.28,451865,106527.0,144271.0,4100.0,4110.0,4022.2,4092.6,22943550,4501.8,3683.4,4440.0,3288.1,4026.0,236,10,4025.7,25,1,4025.6,10,1,4025.5,603,4,4025.4,6,3,4026.2,5,1,4026.5,1,1,4027.3,18,2,4027.4,43,6,4027.5,6,1
11483,2026-07-02 10:12:09+05:30,4026.5,3,4055.28,451970,106655.0,144354.0,4100.0,4110.0,4022.2,4092.6,22943550,4501.8,3683.4,4440.0,3288.1,4026.0,221,5,4025.7,35,2,4025.6,21,2,4025.5,617,5,4025.4,6,3,4026.5,2,1,4027.4,4,4,4027.7,7,1,4027.8,15,2,4027.9,64,2
11483,2026-07-02 10:12:09+05:30,4026.5,6,4055.28,451970,106655.0,144354.0,4100.0,4110.0,4022.2,4092.6,22943550,4501.8,3683.4,4440.0,3288.1,4026.0,221,5,4025.7,35,2,4025.6,21,2,4025.5,617,5,4025.4,6,3,4026.5,2,1,4027.4,4,4,4027.7,7,1,4027.8,15,2,4027.9,64,2
11483,2026-07-02 10:12:10+05:30,4026.5,3,4055.27,451983,107163.0,143977.0,4100.0,4110.0,4022.2,4092.6,22943550,4501.8,3683.4,4440.0,3288.1,4026.5,157,3,4026.0,226,6,4025.7,55,3,4025.6,10,1,4025.5,687,9,4027.0,2,1,4027.4,2,2,4027.6,6,1,4027.7,12,2,4028.0,57,5
11483,2026-07-02 10:12:10+05:30,4027.6,3,4055.27,451983,107163.0,143977.0,4100.0,4110.0,4022.2,4092.6,22943550,4501.8,3683.4,4440.0,3288.1,4026.5,157,3,4026.0,226,6,4025.7,55,3,4025.6,10,1,4025.5,687,9,4027.0,2,1,4027.4,2,2,4027.6,6,1,4027.7,12,2,4028.0,57,5
11483,2026-07-02 10:12:11+05:30,4027.5,5,4055.27,452002,107293.0,143805.0,4100.0,4110.0,4022.2,4092.6,22943550,4501.8,3683.4,4440.0,3288.1,4026.5,136,3,4026.1,55,2,4026.0,236,7,4025.8,6,1,4025.7,25,1,4027.6,26,3,4027.7,48,5,4027.8,9,1,4027.9,6,1,4028.0,52,6
11483,2026-07-02 10:12:11+05:30,4027.5,5,4055.27,452002,107293.0,143805.0,4100.0,4110.0,4022.2,4092.6,22943550,4501.8,3683.4,4440.0,3288.1,4026.5,136,3,4026.1,55,2,4026.0,236,7,4025.8,6,1,4025.7,25,1,4027.6,26,3,4027.7,48,5,4027.8,9,1,4027.9,6,1,4028.0,52,6
11483,2026-07-02 10:12:12+05:30,4027.0,3,4055.27,452005,107183.0,143900.0,4100.0,4110.0,4022.2,4092.6,22943550,4501.8,3683.4,4440.0,3288.1,4027.0,2,1,4026.5,136,3,4026.1,50,1,4026.0,441,9,4025.7,51,2,4027.4,22,3,4027.5,14,3,4027.6,26,3,4027.7,19,2,4027.8,11,1
11483,2026-07-02 10:12:12+05:30,4027.0,3,4055.27,452005,107183.0,143900.0,4100.0,4110.0,4022.2,4092.6,22943550,4501.8,3683.4,4440.0,3288.1,4027.0,2,1,4026.5,136,3,4026.1,50,1,4026.0,441,9,4025.7,51,2,4027.4,22,3,4027.5,14,3,4027.6,26,3,4027.7,19,2,4027.8,11,1
11483,2026-07-02 10:12:13+05:30,4027.0,3,4055.27,452005,107261.0,143979.0,4100.0,4110.0,4022.2,4092.6,22943550,4501.8,3683.4,4440.0,3288.1,4027.0,2,1,4026.5,136,3,4026.1,50,1,4026.0,441,9,4025.7,51,2,4027.4,22,3,4027.5,10,2,4027.6,18,2,4027.7,19,2,4027.8,17,2
11483,2026-07-02 10:12:14+05:30,4027.4,5,4055.27,452020,107296.0,143933.0,4100.0,4110.0,4022.2,4092.6,22943550,4501.8,3683.4,4440.0,3288.1,4027.0,3,2,4026.5,136,3,4026.2,5,1,4026.1,51,2,4026.0,441,9,4027.4,12,3,4027.5,10,2,4027.6,18,2,4027.7,19,2,4027.8,17,2
11483,2026-07-02 10:12:14+05:30,4027.4,5,4055.27,452020,107296.0,143933.0,4100.0,4110.0,4022.2,4092.6,22943550,4501.8,3683.4,4440.0,3288.1,4027.0,3,2,4026.5,136,3,4026.2,5,1,4026.1,51,2,4026.0,441,9,4027.4,12,3,4027.5,10,2,4027.6,18,2,4027.7,19,2,4027.8,17,2
11483,2026-07-02 10:12:15+05:30,4027.4,5,4055.27,452020,107296.0,143933.0,4100.0,4110.0,4022.2,4092.6,22943550,4501.8,3683.4,4440.0,3288.1,4027.0,3,2,4026.5,136,3,4026.2,5,1,4026.1,51,2,4026.0,441,9,4027.4,12,3,4027.5,10,2,4027.6,18,2,4027.7,19,2,4027.8,17,2
11483,2026-07-02 10:12:15+05:30,4026.5,2,4055.27,452054,107162.0,144051.0,4100.0,4110.0,4022.2,4092.6,22943550,4501.8,3683.4,4440.0,3288.1,4026.5,134,3,4026.2,5,1,4026.1,51,2,4026.0,441,9,4025.7,25,1,4027.2,40,4,4027.3,14,4,4027.4,12,4,4027.5,34,4,4027.6,5,1
11483,2026-07-02 10:12:15+05:30,4026.5,2,4055.27,452054,107162.0,144051.0,4100.0,4110.0,4022.2,4092.6,22943550,4501.8,3683.4,4440.0,3288.1,4026.5,134,3,4026.2,5,1,4026.1,51,2,4026.0,441,9,4025.7,25,1,4027.2,40,4,4027.3,14,4,4027.4,12,4,4027.5,34,4,4027.6,5,1
11483,2026-07-02 10:12:15+05:30,4027.2,3,4055.27,452054,107162.0,144051.0,4100.0,4110.0,4022.2,4092.6,22943550,4501.8,3683.4,4440.0,3288.1,4026.5,134,3,4026.2,5,1,4026.1,51,2,4026.0,441,9,4025.7,25,1,4027.2,40,4,4027.3,14,4,4027.4,12,4,4027.5,34,4,4027.6,5,1
11483,2026-07-02 10:12:16+05:30,4027.2,3,4055.27,452054,107162.0,144051.0,4100.0,4110.0,4022.2,4092.6,22943550,4501.8,3683.4,4440.0,3288.1,4026.5,134,3,4026.2,5,1,4026.1,51,2,4026.0,441,9,4025.7,25,1,4027.2,40,4,4027.3,14,4,4027.4,12,4,4027.5,34,4,4027.6,5,1
11483,2026-07-02 10:12:16+05:30,4026.5,1,4055.27,452070,107255.0,144066.0,4100.0,4110.0,4022.2,4092.6,22943550,4501.8,3683.4,4440.0,3288.1,4026.5,145,5,4026.2,10,2,4026.1,51,2,4026.0,441,9,4025.7,25,1,4027.2,20,5,4027.3,19,5,4027.4,15,5,4027.5,24,2,4027.6,5,1
11483,2026-07-02 10:12:16+05:30,4026.5,1,4055.27,452070,107255.0,144066.0,4100.0,4110.0,4022.2,4092.6,22943550,4501.8,3683.4,4440.0,3288.1,4026.5,145,5,4026.2,10,2,4026.1,51,2,4026.0,441,9,4025.7,25,1,4027.2,20,5,4027.3,19,5,4027.4,15,5,4027.5,24,2,4027.6,5,1
11483,2026-07-02 10:12:16+05:30,4027.5,23,4055.27,452070,107255.0,144066.0,4100.0,4110.0,4022.2,4092.6,22943550,4501.8,3683.4,4440.0,3288.1,4026.5,145,5,4026.2,10,2,4026.1,51,2,4026.0,441,9,4025.7,25,1,4027.2,20,5,4027.3,19,5,4027.4,15,5,4027.5,24,2,4027.6,5,1
11483,2026-07-02 10:12:17+05:30,4027.5,23,4055.27,452070,107255.0,144066.0,4100.0,4110.0,4022.2,4092.6,22943550,4501.8,3683.4,4440.0,3288.1,4026.5,145,5,4026.2,10,2,4026.1,51,2,4026.0,441,9,4025.7,25,1,4027.2,20,5,4027.3,19,5,4027.4,15,5,4027.5,24,2,4027.6,5,1
11483,2026-07-02 10:12:17+05:30,4027.6,35,4055.25,452321,107040.0,144022.0,4100.0,4110.0,4022.2,4092.6,22943550,4501.8,3683.4,4440.0,3288.1,4026.5,40,4,4026.2,10,2,4026.1,51,2,4026.0,441,9,4025.7,25,1,4027.5,43,4,4027.6,25,5,4027.7,10,2,4027.8,30,4,4027.9,20,3
11483,2026-07-02 10:12:17+05:30,4027.6,35,4055.25,452321,107040.0,144022.0,4100.0,4110.0,4022.2,4092.6,22943550,4501.8,3683.4,4440.0,3288.1,4026.5,40,4,4026.2,10,2,4026.1,51,2,4026.0,441,9,4025.7,25,1,4027.5,43,4,4027.6,25,5,4027.7,10,2,4027.8,30,4,4027.9,20,3
11483,2026-07-02 10:12:17+05:30,4027.0,1,4055.25,452321,107040.0,144022.0,4100.0,4110.0,4022.2,4092.6,22943550,4501.8,3683.4,4440.0,3288.1,4026.5,40,4,4026.2,10,2,4026.1,51,2,4026.0,441,9,4025.7,25,1,4027.5,43,4,4027.6,25,5,4027.7,10,2,4027.8,30,4,4027.9,20,3
11483,2026-07-02 10:12:17+05:30,4027.0,1,4055.25,452321,107040.0,144022.0,4100.0,4110.0,4022.2,4092.6,22943550,4501.8,3683.4,4440.0,3288.1,4026.5,40,4,4026.2,10,2,4026.1,51,2,4026.0,441,9,4025.7,25,1,4027.5,43,4,4027.6,25,5,4027.7,10,2,4027.8,30,4,4027.9,20,3
11483,2026-07-02 10:12:18+05:30,4027.0,1,4055.25,452321,107040.0,144022.0,4100.0,4110.0,4022.2,4092.6,22943550,4501.8,3683.4,4440.0,3288.1,4026.5,40,4,4026.2,10,2,4026.1,51,2,4026.0,441,9,4025.7,25,1,4027.5,43,4,4027.6,25,5,4027.7,10,2,4027.8,30,4,4027.9,20,3
11483,2026-07-02 10:12:18+05:30,4027.0,1,4055.25,452321,107040.0,144022.0,4100.0,4110.0,4022.2,4092.6,22985550,4501.8,3683.4,4440.0,3288.1,4026.5,40,4,4026.2,10,2,4026.1,51,2,4026.0,441,9,4025.7,25,1,4027.5,43,4,4027.6,25,5,4027.7,10,2,4027.8,30,4,4027.9,20,3
11483,2026-07-02 10:12:18+05:30,4027.0,4,4055.25,452400,107031.0,144538.0,4100.0,4110.0,4022.2,4092.6,22985550,4501.8,3683.4,4440.0,3288.1,4026.2,10,2,4026.1,51,2,4026.0,441,9,4025.7,25,1,4025.6,15,2,4027.0,12,2,4027.2,14,2,4027.3,9,1,4027.4,34,1,4027.5,60,4
11483,2026-07-02 10:12:18+05:30,4027.0,4,4055.25,452400,107031.0,144538.0,4100.0,4110.0,4022.2,4092.6,22985550,4501.8,3683.4,4440.0,3288.1,4026.2,10,2,4026.1,51,2,4026.0,441,9,4025.7,25,1,4025.6,15,2,4027.0,12,2,4027.2,14,2,4027.3,9,1,4027.4,34,1,4027.5,60,4
11483,2026-07-02 10:12:18+05:30,4027.0,4,4055.25,452400,107031.0,144538.0,4100.0,4110.0,4022.2,4092.6,22985550,4501.8,3683.4,4440.0,3288.1,4026.2,10,2,4026.1,51,2,4026.0,441,9,4025.7,25,1,4025.6,15,2,4027.0,12,2,4027.2,14,2,4027.3,9,1,4027.4,34,1,4027.5,60,4
11483,2026-07-02 10:12:19+05:30,4027.0,4,4055.25,452400,107031.0,144538.0,4100.0,4110.0,4022.2,4092.6,22985550,4501.8,3683.4,4440.0,3288.1,4026.2,10,2,4026.1,51,2,4026.0,441,9,4025.7,25,1,4025.6,15,2,4027.0,12,2,4027.2,14,2,4027.3,9,1,4027.4,34,1,4027.5,60,4
11483,2026-07-02 10:12:19+05:30,4027.0,2,4055.25,452452,107068.0,144798.0,4100.0,4110.0,4022.2,4092.6,22985550,4501.8,3683.4,4440.0,3288.1,4026.2,10,2,4026.1,51,2,4026.0,441,9,4025.7,25,1,4025.6,15,2,4027.0,78,2,4027.1,11,1,4027.2,15,4,4027.3,6,1,4027.4,1,1
11483,2026-07-02 10:12:19+05:30,4027.0,2,4055.25,452452,107068.0,144798.0,4100.0,4110.0,4022.2,4092.6,22985550,4501.8,3683.4,4440.0,3288.1,4026.2,10,2,4026.1,51,2,4026.0,441,9,4025.7,25,1,4025.6,15,2,4027.0,78,2,4027.1,11,1,4027.2,15,4,4027.3,6,1,4027.4,1,1
11483,2026-07-02 10:12:19+05:30,4027.0,2,4055.25,452452,107068.0,144798.0,4100.0,4110.0,4022.2,4092.6,22985550,4501.8,3683.4,4440.0,3288.1,4026.2,10,2,4026.1,51,2,4026.0,441,9,4025.7,25,1,4025.6,15,2,4027.0,78,2,4027.1,11,1,4027.2,15,4,4027.3,6,1,4027.4,1,1
11483,2026-07-02 10:12:20+05:30,4027.0,2,4055.25,452452,107068.0,144798.0,4100.0,4110.0,4022.2,4092.6,22985550,4501.8,3683.4,4440.0,3288.1,4026.2,10,2,4026.1,51,2,4026.0,441,9,4025.7,25,1,4025.6,15,2,4027.0,78,2,4027.1,11,1,4027.2,15,4,4027.3,6,1,4027.4,1,1
11483,2026-07-02 10:12:20+05:30,4027.0,2,4055.25,452452,107068.0,144798.0,4100.0,4110.0,4022.2,4092.6,22985550,4501.8,3683.4,4440.0,3288.1,4026.2,10,2,4026.1,51,2,4026.0,441,9,4025.7,25,1,4025.6,15,2,4027.0,78,2,4027.1,11,1,4027.2,15,4,4027.3,6,1,4027.4,1,1
11483,2026-07-02 10:12:21+05:30,4027.0,2,4055.22,452896,107273.0,144114.0,4100.0,4110.0,4022.2,4092.6,22985550,4501.8,3683.4,4440.0,3288.1,4026.2,10,2,4026.1,51,2,4026.0,441,9,4025.7,25,1,4025.6,15,2,4027.0,10,3,4027.1,12,2,4027.3,9,1,4027.5,5,1,4027.6,12,1
11483,2026-07-02 10:12:21+05:30,4027.0,5,4055.22,452896,107273.0,144114.0,4100.0,4110.0,4022.2,4092.6,22985550,4501.8,3683.4,4440.0,3288.1,4026.2,10,2,4026.1,51,2,4026.0,441,9,4025.7,25,1,4025.6,15,2,4027.0,10,3,4027.1,12,2,4027.3,9,1,4027.5,5,1,4027.6,12,1
11483,2026-07-02 10:12:22+05:30,4027.0,5,4055.22,452932,106969.0,144197.0,4100.0,4110.0,4022.2,4092.6,22985550,4501.8,3683.4,4440.0,3288.1,4026.1,50,2,4026.0,341,8,4025.7,25,1,4025.6,15,2,4025.5,615,5,4027.0,14,5,4027.1,3,1,4027.6,12,1,4027.8,44,2,4027.9,53,2
11483,2026-07-02 10:12:23+05:30,4026.1,1,4055.22,452933,107031.0,144165.0,4100.0,4110.0,4022.2,4092.6,22985550,4501.8,3683.4,4440.0,3288.1,4026.1,66,3,4026.0,323,7,4025.7,25,1,4025.6,40,3,4025.5,648,6,4027.0,14,5,4027.1,3,1,4027.3,5,1,4027.6,12,1,4027.7,5,1
11483,2026-07-02 10:12:23+05:30,4026.1,5,4055.22,452933,107031.0,144165.0,4100.0,4110.0,4022.2,4092.6,22985550,4501.8,3683.4,4440.0,3288.1,4026.1,66,3,4026.0,323,7,4025.7,25,1,4025.6,40,3,4025.5,648,6,4027.0,14,5,4027.1,3,1,4027.3,5,1,4027.6,12,1,4027.7,5,1
11483,2026-07-02 10:12:24+05:30,4027.0,3,4055.22,452943,107039.0,144069.0,4100.0,4110.0,4022.2,4092.6,22985550,4501.8,3683.4,4440.0,3288.1,4026.1,61,3,4026.0,318,6,4025.7,25,1,4025.6,40,3,4025.5,648,6,4027.0,11,5,4027.1,3,1,4027.3,5,1,4027.6,12,1,4027.7,5,1
11483,2026-07-02 10:12:24+05:30,4027.0,1,4055.22,452943,107039.0,144069.0,4100.0,4110.0,4022.2,4092.6,22985550,4501.8,3683.4,4440.0,3288.1,4026.1,61,3,4026.0,318,6,4025.7,25,1,4025.6,40,3,4025.5,648,6,4027.0,11,5,4027.1,3,1,4027.3,5,1,4027.6,12,1,4027.7,5,1
11483,2026-07-02 10:12:25+05:30,4027.0,2,4055.21,453003,106999.0,144189.0,4100.0,4110.0,4022.2,4092.6,22985550,4501.8,3683.4,4440.0,3288.1,4026.1,61,3,4026.0,318,6,4025.7,25,1,4025.6,15,2,4025.5,615,5,4027.0,6,2,4027.1,3,1,4027.3,5,1,4027.6,12,1,4027.7,5,1
11483,2026-07-02 10:12:25+05:30,4027.0,1,4055.21,453003,106999.0,144189.0,4100.0,4110.0,4022.2,4092.6,22985550,4501.8,3683.4,4440.0,3288.1,4026.1,61,3,4026.0,318,6,4025.7,25,1,4025.6,15,2,4025.5,615,5,4027.0,6,2,4027.1,3,1,4027.3,5,1,4027.6,12,1,4027.7,5,1
11483,2026-07-02 10:12:26+05:30,4027.5,1,4055.2,453113,106753.0,143748.0,4100.0,4110.0,4022.2,4092.6,22985550,4501.8,3683.4,4440.0,3288.1,4026.0,305,6,4025.7,25,1,4025.6,20,3,4025.5,603,4,4025.4,7,4,4027.5,31,3,4027.6,63,5,4027.7,31,4,4027.8,68,6,4027.9,22,3
11483,2026-07-02 10:12:26+05:30,4027.5,1,4055.2,453113,106753.0,143748.0,4100.0,4110.0,4022.2,4092.6,22985550,4501.8,3683.4,4440.0,3288.1,4026.0,305,6,4025.7,25,1,4025.6,20,3,4025.5,603,4,4025.4,7,4,4027.5,31,3,4027.6,63,5,4027.7,31,4,4027.8,68,6,4027.9,22,3
11483,2026-07-02 10:12:27+05:30,4027.5,1,4055.2,453114,107234.0,143732.0,4100.0,4110.0,4022.2,4092.6,22985550,4501.8,3683.4,4440.0,3288.1,4026.3,44,4,4026.1,63,4,4026.0,288,5,4025.9,32,2,4025.8,25,1,4027.5,16,3,4027.7,9,1,4027.8,5,1,4027.9,5,1,4028.0,57,7
11483,2026-07-02 10:12:27+05:30,4027.5,1,4055.2,453114,107234.0,143732.0,4100.0,4110.0,4022.2,4092.6,22985550,4501.8,3683.4,4440.0,3288.1,4026.3,44,4,4026.1,63,4,4026.0,288,5,4025.9,32,2,4025.8,25,1,4027.5,16,3,4027.7,9,1,4027.8,5,1,4027.9,5,1,4028.0,57,7
11483,2026-07-02 10:12:28+05:30,4028.0,1,4055.2,453184,108708.0,142403.0,4100.0,4110.0,4022.2,4092.6,22985550,4501.8,3683.4,4440.0,3288.1,4027.1,35,4,4027.0,39,3,4026.9,3,1,4026.8,76,5,4026.7,27,3,4028.0,2,2,4028.8,5,1,4028.9,73,2,4029.0,37,3,4029.4,11,1
11483,2026-07-02 10:12:28+05:30,4028.0,1,4055.2,453184,108708.0,142403.0,4100.0,4110.0,4022.2,4092.6,22985550,4501.8,3683.4,4440.0,3288.1,4027.1,35,4,4027.0,39,3,4026.9,3,1,4026.8,76,5,4026.7,27,3,4028.0,2,2,4028.8,5,1,4028.9,73,2,4029.0,37,3,4029.4,11,1
11483,2026-07-02 10:12:29+05:30,4028.0,1,4055.2,453184,108664.0,142841.0,4100.0,4110.0,4022.2,4092.6,22985550,4501.8,3683.4,4440.0,3288.1,4027.1,14,1,4027.0,25,1,4026.8,24,2,4026.7,23,3,4026.6,30,3,4028.0,3,3,4028.4,5,1,4028.8,69,3,4028.9,65,2,4029.0,60,5
11483,2026-07-02 10:12:30+05:30,4028.0,3,4055.2,453184,108664.0,142841.0,4100.0,4110.0,4022.2,4092.6,22985550,4501.8,3683.4,4440.0,3288.1,4027.1,14,1,4027.0,25,1,4026.8,24,2,4026.7,23,3,4026.6,30,3,4028.0,3,3,4028.4,5,1,4028.8,69,3,4028.9,65,2,4029.0,60,5
11483,2026-07-02 10:12:30+05:30,4028.0,3,4055.2,453193,108805.0,142846.0,4100.0,4110.0,4022.2,4092.6,22985550,4501.8,3683.4,4440.0,3288.1,4027.1,19,2,4027.0,53,3,4026.9,34,1,4026.8,24,2,4026.7,20,3,4028.4,5,1,4028.8,69,3,4028.9,65,2,4029.0,60,5,4029.1,8,1
11483,2026-07-02 10:12:31+05:30,4028.0,1,4055.2,453193,108805.0,142846.0,4100.0,4110.0,4022.2,4092.6,22985550,4501.8,3683.4,4440.0,3288.1,4027.1,19,2,4027.0,53,3,4026.9,34,1,4026.8,24,2,4026.7,20,3,4028.4,5,1,4028.8,69,3,4028.9,65,2,4029.0,60,5,4029.1,8,1
11483,2026-07-02 10:12:32+05:30,4028.0,1,4055.2,453223,110094.0,141687.0,4100.0,4110.0,4022.2,4092.6,22985550,4501.8,3683.4,4440.0,3288.1,4028.0,981,1,4027.3,46,2,4027.1,2,1,4027.0,76,5,4026.9,12,2,4028.9,50,1,4029.0,37,3,4029.4,5,1,4029.5,12,1,4029.8,27,2
11483,2026-07-02 10:12:32+05:30,4028.9,5,4055.2,453223,110094.0,141687.0,4100.0,4110.0,4022.2,4092.6,22985550,4501.8,3683.4,4440.0,3288.1,4028.0,981,1,4027.3,46,2,4027.1,2,1,4027.0,76,5,4026.9,12,2,4028.9,50,1,4029.0,37,3,4029.4,5,1,4029.5,12,1,4029.8,27,2
11483,2026-07-02 10:12:33+05:30,4028.9,5,4055.2,453230,110141.0,141689.0,4100.0,4110.0,4022.2,4092.6,22985550,4501.8,3683.4,4440.0,3288.1,4028.0,979,1,4027.5,21,2,4027.4,34,1,4027.3,12,1,4027.1,2,1,4028.9,47,3,4029.0,37,3,4029.4,5,1,4029.5,12,1,4029.8,27,2
11483,2026-07-02 10:12:34+05:30,4028.9,5,4055.2,453230,109990.0,141913.0,4100.0,4110.0,4022.2,4092.6,22985550,4501.8,3683.4,4440.0,3288.1,4028.0,979,1,4027.5,10,1,4027.0,75,6,4026.9,5,1,4026.8,2,1,4028.7,34,3,4028.8,23,3,4028.9,56,4,4029.0,53,5,4029.1,9,1
11483,2026-07-02 10:12:35+05:30,4028.9,8,4055.2,453270,110218.0,141900.0,4100.0,4110.0,4022.2,4092.6,22985550,4501.8,3683.4,4440.0,3288.1,4028.0,983,3,4027.5,10,1,4027.0,187,8,4026.9,5,1,4026.8,2,1,4028.9,48,4,4029.0,37,3,4029.3,14,2,4029.4,19,2,4029.5,24,2
11483,2026-07-02 10:12:35+05:30,4028.9,8,4055.2,453270,110218.0,141900.0,4100.0,4110.0,4022.2,4092.6,22985550,4501.8,3683.4,4440.0,3288.1,4028.0,983,3,4027.5,10,1,4027.0,187,8,4026.9,5,1,4026.8,2,1,4028.9,48,4,4029.0,37,3,4029.3,14,2,4029.4,19,2,4029.5,24,2
11483,2026-07-02 10:12:36+05:30,4028.9,8,4055.2,453270,110235.0,141909.0,4100.0,4110.0,4022.2,4092.6,22985550,4501.8,3683.4,4440.0,3288.1,4028.0,983,3,4027.5,10,1,4027.0,187,8,4026.9,5,1,4026.8,2,1,4028.8,10,2,4028.9,50,6,4029.0,37,3,4029.1,9,1,4029.3,14,2
11483,2026-07-02 10:12:37+05:30,4028.0,1,4055.14,454254,107948.0,143197.0,4100.0,4110.0,4022.2,4092.6,22985550,4501.8,3683.4,4440.0,3288.1,4027.5,10,1,4027.0,146,5,4026.5,19,1,4026.4,33,2,4026.3,20,1,4028.0,50,6,4028.2,25,3,4028.3,8,2,4028.4,19,3,4028.5,28,3
11483,2026-07-02 10:12:37+05:30,4028.0,4,4055.14,454254,107948.0,143197.0,4100.0,4110.0,4022.2,4092.6,22985550,4501.8,3683.4,4440.0,3288.1,4027.5,10,1,4027.0,146,5,4026.5,19,1,4026.4,33,2,4026.3,20,1,4028.0,50,6,4028.2,25,3,4028.3,8,2,4028.4,19,3,4028.5,28,3
11483,2026-07-02 10:12:38+05:30,4027.5,8,4055.14,454274,107858.0,142939.0,4100.0,4110.0,4022.2,4092.6,22985550,4501.8,3683.4,4440.0,3288.1,4027.0,146,5,4026.4,20,1,4026.3,20,1,4026.1,63,4,4026.0,293,6,4027.5,16,4,4027.8,11,1,4028.0,40,5,4028.2,7,1,4028.3,36,3
11483,2026-07-02 10:12:38+05:30,4027.5,8,4055.14,454274,107858.0,142939.0,4100.0,4110.0,4022.2,4092.6,22985550,4501.8,3683.4,4440.0,3288.1,4027.0,146,5,4026.4,20,1,4026.3,20,1,4026.1,63,4,4026.0,293,6,4027.5,16,4,4027.8,11,1,4028.0,40,5,4028.2,7,1,4028.3,36,3
11483,2026-07-02 10:12:39+05:30,4028.0,7,4055.13,454425,108083.0,142895.0,4100.0,4110.0,4022.2,4092.6,22985550,4501.8,3683.4,4440.0,3288.1,4027.0,146,5,4026.4,20,1,4026.3,20,1,4026.2,3,1,4026.1,39,3,4028.0,35,7,4028.2,7,1,4028.3,36,3,4028.4,19,3,4028.5,78,4
11483,2026-07-02 10:12:39+05:30,4028.0,8,4055.13,454425,108083.0,142895.0,4100.0,4110.0,4022.2,4092.6,22985550,4501.8,3683.4,4440.0,3288.1,4027.0,146,5,4026.4,20,1,4026.3,20,1,4026.2,3,1,4026.1,39,3,4028.0,35,7,4028.2,7,1,4028.3,36,3,4028.4,19,3,4028.5,78,4
11483,2026-07-02 10:12:40+05:30,4028.0,1,4055.12,454556,108180.0,142733.0,4100.0,4110.0,4022.2,4092.6,22985550,4501.8,3683.4,4440.0,3288.1,4027.0,156,6,4026.4,20,1,4026.3,32,2,4026.2,3,1,4026.1,39,3,4028.0,47,8,4028.2,7,1,4028.3,28,1,4028.4,12,2,4028.5,32,4
11483,2026-07-02 10:12:40+05:30,4028.0,1,4055.12,454556,108180.0,142733.0,4100.0,4110.0,4022.2,4092.6,22985550,4501.8,3683.4,4440.0,3288.1,4027.0,156,6,4026.4,20,1,4026.3,32,2,4026.2,3,1,4026.1,39,3,4028.0,47,8,4028.2,7,1,4028.3,28,1,4028.4,12,2,4028.5,32,4
11483,2026-07-02 10:12:41+05:30,4028.0,1,4055.12,454556,108716.0,142735.0,4100.0,4110.0,4022.2,4092.6,22985550,4501.8,3683.4,4440.0,3288.1,4027.0,166,7,4026.4,20,1,4026.3,32,2,4026.2,3,1,4026.1,39,3,4028.0,49,10,4028.2,7,1,4028.3,28,1,4028.4,12,2,4028.5,32,4
11483,2026-07-02 10:12:42+05:30,4028.0,5,4055.12,454556,108716.0,142735.0,4100.0,4110.0,4022.2,4092.6,22985550,4501.8,3683.4,4440.0,3288.1,4027.0,166,7,4026.4,20,1,4026.3,32,2,4026.2,3,1,4026.1,39,3,4028.0,49,10,4028.2,7,1,4028.3,28,1,4028.4,12,2,4028.5,32,4
11483,2026-07-02 10:12:43+05:30,4028.0,5,4055.11,454633,108799.0,142683.0,4100.0,4110.0,4022.2,4092.6,22985550,4501.8,3683.4,4440.0,3288.1,4027.0,112,3,4026.5,2,1,4026.4,20,1,4026.3,12,1,4026.1,60,5,4028.0,30,8,4028.2,7,1,4028.3,28,1,4028.4,1,1,4028.5,32,4
11483,2026-07-02 10:12:43+05:30,4028.0,2,4055.11,454633,108799.0,142683.0,4100.0,4110.0,4022.2,4092.6,22985550,4501.8,3683.4,4440.0,3288.1,4027.0,112,3,4026.5,2,1,4026.4,20,1,4026.3,12,1,4026.1,60,5,4028.0,30,8,4028.2,7,1,4028.3,28,1,4028.4,1,1,4028.5,32,4
11483,2026-07-02 10:12:44+05:30,4028.0,2,4055.11,454648,108920.0,142604.0,4100.0,4110.0,4022.2,4092.6,22985550,4501.8,3683.4,4440.0,3288.1,4027.0,112,3,4026.5,59,3,4026.4,20,1,4026.3,46,3,4026.2,2,1,4028.0,23,10,4028.2,7,1,4028.3,28,1,4028.4,1,1,4028.5,32,4
11483,2026-07-02 10:12:44+05:30,4027.0,1,4055.11,454648,108920.0,142604.0,4100.0,4110.0,4022.2,4092.6,22985550,4501.8,3683.4,4440.0,3288.1,4027.0,112,3,4026.5,59,3,4026.4,20,1,4026.3,46,3,4026.2,2,1,4028.0,23,10,4028.2,7,1,4028.3,28,1,4028.4,1,1,4028.5,32,4
11483,2026-07-02 10:12:45+05:30,4027.0,7,4055.11,454659,109008.0,142611.0,4100.0,4110.0,4022.2,4092.6,22985550,4501.8,3683.4,4440.0,3288.1,4027.0,103,4,4026.5,79,4,4026.4,20,1,4026.3,46,3,4026.2,2,1,4028.0,31,9,4028.2,7,1,4028.3,28,1,4028.5,32,4,4028.6,1,1
11483,2026-07-02 10:12:45+05:30,4027.5,1,4055.11,454659,109008.0,142611.0,4100.0,4110.0,4022.2,4092.6,22985550,4501.8,3683.4,4440.0,3288.1,4027.0,103,4,4026.5,79,4,4026.4,20,1,4026.3,46,3,4026.2,2,1,4028.0,31,9,4028.2,7,1,4028.3,28,1,4028.5,32,4,4028.6,1,1
11483,2026-07-02 10:12:46+05:30,4027.5,1,4055.11,454762,109216.0,142637.0,4100.0,4110.0,4022.2,4092.6,22985550,4501.8,3683.4,4440.0,3288.1,4027.5,2,2,4027.0,16,3,4026.6,5,1,4026.5,59,3,4026.4,32,2,4028.0,18,6,4028.3,28,1,4028.5,20,2,4028.6,1,1,4028.7,13,2
11483,2026-07-02 10:12:46+05:30,4027.0,3,4055.11,454762,109216.0,142637.0,4100.0,4110.0,4022.2,4092.6,22985550,4501.8,3683.4,4440.0,3288.1,4027.5,2,2,4027.0,16,3,4026.6,5,1,4026.5,59,3,4026.4,32,2,4028.0,18,6,4028.3,28,1,4028.5,20,2,4028.6,1,1,4028.7,13,2
11483,2026-07-02 10:12:47+05:30,4028.0,1,4055.1,454788,109057.0,142725.0,4100.0,4110.0,4022.2,4092.6,22985550,4501.8,3683.4,4440.0,3288.1,4027.0,1,1,4026.6,27,2,4026.5,38,1,4026.4,32,2,4026.3,59,3,4028.0,10,5,4028.3,28,1,4028.5,20,2,4028.6,1,1,4028.7,13,2
11483,2026-07-02 10:12:47+05:30,4028.0,1,4055.1,454788,109057.0,142725.0,4100.0,4110.0,4022.2,4092.6,22985550,4501.8,3683.4,4440.0,3288.1,4027.0,1,1,4026.6,27,2,4026.5,38,1,4026.4,32,2,4026.3,59,3,4028.0,10,5,4028.3,28,1,4028.5,20,2,4028.6,1,1,4028.7,13,2
11483,2026-07-02 10:12:48+05:30,4027.2,1,4055.1,454854,109102.0,142223.0,4100.0,4110.0,4022.2,4092.6,22985550,4501.8,3683.4,4440.0,3288.1,4027.3,30,3,4027.2,25,4,4027.1,51,5,4027.0,17,3,4026.9,20,3,4028.0,1,1,4028.3,28,1,4028.6,5,1,4028.9,37,1,4029.0,47,4
11483,2026-07-02 10:12:48+05:30,4028.3,4,4055.1,454854,109102.0,142223.0,4100.0,4110.0,4022.2,4092.6,22985550,4501.8,3683.4,4440.0,3288.1,4027.3,30,3,4027.2,25,4,4027.1,51,5,4027.0,17,3,4026.9,20,3,4028.0,1,1,4028.3,28,1,4028.6,5,1,4028.9,37,1,4029.0,47,4
11483,2026-07-02 10:12:49+05:30,4028.0,20,4055.1,454889,108984.0,142387.0,4100.0,4110.0,4022.2,4092.6,22985550,4501.8,3683.4,4440.0,3288.1,4027.1,2,1,4026.5,5,1,4026.4,32,2,4026.1,40,3,4026.0,321,7,4028.2,44,3,4028.3,51,5,4028.4,5,1,4028.5,14,3,4028.6,40,2
11483,2026-07-02 10:12:49+05:30,4028.0,20,4055.1,454889,108984.0,142387.0,4100.0,4110.0,4022.2,4092.6,22985550,4501.8,3683.4,4440.0,3288.1,4027.1,2,1,4026.5,5,1,4026.4,32,2,4026.1,40,3,4026.0,321,7,4028.2,44,3,4028.3,51,5,4028.4,5,1,4028.5,14,3,4028.6,40,2
11483,2026-07-02 10:12:50+05:30,4027.9,1,4055.1,454890,109175.0,142719.0,4100.0,4110.0,4022.2,4092.6,22985550,4501.8,3683.4,4440.0,3288.1,4027.5,10,1,4027.1,2,1,4027.0,5,1,4026.5,5,1,4026.4,20,1,4027.9,4,1,4028.0,14,2,4028.2,35,2,4028.3,40,4,4028.4,5,1
11483,2026-07-02 10:12:50+05:30,4027.9,1,4055.1,454890,109175.0,142719.0,4100.0,4110.0,4022.2,4092.6,22985550,4501.8,3683.4,4440.0,3288.1,4027.5,10,1,4027.1,2,1,4027.0,5,1,4026.5,5,1,4026.4,20,1,4027.9,4,1,4028.0,14,2,4028.2,35,2,4028.3,40,4,4028.4,5,1
11483,2026-07-02 10:12:51+05:30,4027.9,1,4055.1,454890,109300.0,142834.0,4100.0,4110.0,4022.2,4092.6,22985550,4501.8,3683.4,4440.0,3288.1,4027.5,10,1,4027.1,2,1,4027.0,5,1,4026.5,5,1,4026.4,20,1,4027.9,5,2,4028.0,14,2,4028.2,35,2,4028.3,40,4,4028.4,5,1
11483,2026-07-02 10:12:51+05:30,4028.0,6,4055.1,454890,109300.0,142834.0,4100.0,4110.0,4022.2,4092.6,22985550,4501.8,3683.4,4440.0,3288.1,4027.5,10,1,4027.1,2,1,4027.0,5,1,4026.5,5,1,4026.4,20,1,4027.9,5,2,4028.0,14,2,4028.2,35,2,4028.3,40,4,4028.4,5,1
11483,2026-07-02 10:12:52+05:30,4028.0,2,4055.1,454913,109721.0,142686.0,4100.0,4110.0,4022.2,4092.6,22985550,4501.8,3683.4,4440.0,3288.1,4028.0,33,1,4027.5,10,1,4027.2,5,1,4027.1,2,1,4027.0,15,2,4028.3,61,4,4028.9,44,2,4029.0,55,5,4029.1,21,2,4029.3,12,2
11483,2026-07-02 10:12:52+05:30,4028.0,12,4055.1,454913,109721.0,142686.0,4100.0,4110.0,4022.2,4092.6,22985550,4501.8,3683.4,4440.0,3288.1,4028.0,33,1,4027.5,10,1,4027.2,5,1,4027.1,2,1,4027.0,15,2,4028.3,61,4,4028.9,44,2,4029.0,55,5,4029.1,21,2,4029.3,12,2
11483,2026-07-02 10:12:53+05:30,4028.0,12,4055.09,454946,109525.0,142887.0,4100.0,4110.0,4022.2,4092.6,22985550,4501.8,3683.4,4440.0,3288.1,4027.5,10,1,4027.1,2,1,4027.0,15,2,4026.4,32,2,4026.3,19,2,4028.0,18,4,4028.1,19,2,4028.2,35,2,4028.3,76,5,4028.4,12,2
11483,2026-07-02 10:12:53+05:30,4027.5,1,4055.09,454946,109525.0,142887.0,4100.0,4110.0,4022.2,4092.6,22985550,4501.8,3683.4,4440.0,3288.1,4027.5,10,1,4027.1,2,1,4027.0,15,2,4026.4,32,2,4026.3,19,2,4028.0,18,4,4028.1,19,2,4028.2,35,2,4028.3,76,5,4028.4,12,2
11483,2026-07-02 10:12:54+05:30,4028.0,5,4055.09,454955,110136.0,142560.0,4100.0,4110.0,4022.2,4092.6,22985550,4501.8,3683.4,4440.0,3288.1,4027.5,18,2,4027.1,2,1,4027.0,15,2,4026.7,6,1,4026.6,12,1,4028.0,2,2,4028.3,74,3,4028.4,5,1,4028.7,11,1,4028.8,11,1
11483,2026-07-02 10:12:54+05:30,4028.0,5,4055.09,454955,110136.0,142560.0,4100.0,4110.0,4022.2,4092.6,22985550,4501.8,3683.4,4440.0,3288.1,4027.5,18,2,4027.1,2,1,4027.0,15,2,4026.7,6,1,4026.6,12,1,4028.0,2,2,4028.3,74,3,4028.4,5,1,4028.7,11,1,4028.8,11,1
11483,2026-07-02 10:12:55+05:30,4027.5,6,4055.09,454955,110136.0,142560.0,4100.0,4110.0,4022.2,4092.6,22985550,4501.8,3683.4,4440.0,3288.1,4027.5,18,2,4027.1,2,1,4027.0,15,2,4026.7,6,1,4026.6,12,1,4028.0,2,2,4028.3,74,3,4028.4,5,1,4028.7,11,1,4028.8,11,1
11483,2026-07-02 10:12:55+05:30,4027.5,6,4055.09,454961,109969.0,142700.0,4100.0,4110.0,4022.2,4092.6,22985550,4501.8,3683.4,4440.0,3288.1,4027.5,12,2,4027.2,10,1,4027.1,2,1,4027.0,20,3,4026.4,44,3,4028.0,4,4,4028.3,59,2,4028.5,11,1,4028.9,43,2,4029.0,111,7
11483,2026-07-02 10:12:56+05:30,4027.5,1,4055.09,454961,109969.0,142700.0,4100.0,4110.0,4022.2,4092.6,22985550,4501.8,3683.4,4440.0,3288.1,4027.5,12,2,4027.2,10,1,4027.1,2,1,4027.0,20,3,4026.4,44,3,4028.0,4,4,4028.3,59,2,4028.5,11,1,4028.9,43,2,4029.0,111,7
11483,2026-07-02 10:12:57+05:30,4028.1,2,4055.09,454975,110100.0,142787.0,4100.0,4110.0,4022.2,4092.6,22985550,4501.8,3683.4,4440.0,3288.1,4027.5,8,1,4027.2,10,1,4027.1,2,1,4027.0,20,3,4026.6,16,1,4028.2,40,2,4028.3,24,1,4028.4,11,1,4028.5,8,1,4028.8,23,2
11483,2026-07-02 10:12:57+05:30,4028.2,1,4055.09,454975,110100.0,142787.0,4100.0,4110.0,4022.2,4092.6,22985550,4501.8,3683.4,4440.0,3288.1,4027.5,8,1,4027.2,10,1,4027.1,2,1,4027.0,20,3,4026.6,16,1,4028.2,40,2,4028.3,24,1,4028.4,11,1,4028.5,8,1,4028.8,23,2
11483,2026-07-02 10:12:57+05:30,4028.2,1,4055.09,454979,110262.0,142663.0,4100.0,4110.0,4022.2,4092.6,22985550,4501.8,3683.4,4440.0,3288.1,4027.5,8,1,4027.2,10,1,4027.1,2,1,4027.0,20,3,4026.7,4,2,4028.2,56,4,4028.3,24,1,4028.4,7,1,4028.5,16,2,4028.7,11,1
11483,2026-07-02 10:12:58+05:30,4028.3,2,4055.09,454979,110262.0,142663.0,4100.0,4110.0,4022.2,4092.6,22985550,4501.8,3683.4,4440.0,3288.1,4027.5,8,1,4027.2,10,1,4027.1,2,1,4027.0,20,3,4026.7,4,2,4028.2,56,4,4028.3,24,1,4028.4,7,1,4028.5,16,2,4028.7,11,1
11483,2026-07-02 10:12:59+05:30,4028.3,2,4055.08,455113,110384.0,142391.0,4100.0,4110.0,4022.2,4092.6,22985550,4501.8,3683.4,4440.0,3288.1,4028.0,100,1,4027.2,14,2,4027.1,2,1,4027.0,20,3,4026.7,24,2,4028.3,14,3,4028.7,5,1,4028.8,17,2,4028.9,44,2,4029.0,58,5
11483,2026-07-02 10:12:59+05:30,4028.3,1,4055.08,455113,110384.0,142391.0,4100.0,4110.0,4022.2,4092.6,22985550,4501.8,3683.4,4440.0,3288.1,4028.0,100,1,4027.2,14,2,4027.1,2,1,4027.0,20,3,4026.7,24,2,4028.3,14,3,4028.7,5,1,4028.8,17,2,4028.9,44,2,4029.0,58,5
11483,2026-07-02 10:13:00+05:30,4028.3,1,4055.08,455124,110359.0,142521.0,4100.0,4110.0,4022.2,4092.6,22985550,4501.8,3683.4,4440.0,3288.1,4028.0,95,2,4027.2,10,1,4027.1,2,1,4027.0,31,4,4026.7,24,2,4028.3,23,5,4028.5,4,1,4028.6,5,1,4028.7,16,2,4028.8,17,2
11483,2026-07-02 10:13:00+05:30,4028.3,2,4055.08,455124,110359.0,142521.0,4100.0,4110.0,4022.2,4092.6,22985550,4501.8,3683.4,4440.0,3288.1,4028.0,95,2,4027.2,10,1,4027.1,2,1,4027.0,31,4,4026.7,24,2,4028.3,23,5,4028.5,4,1,4028.6,5,1,4028.7,16,2,4028.8,17,2
11483,2026-07-02 10:13:01+05:30,4028.3,2,4055.08,455169,110214.0,142364.0,4100.0,4110.0,4022.2,4092.6,22985550,4501.8,3683.4,4440.0,3288.1,4028.0,96,3,4027.2,10,1,4027.1,2,1,4027.0,31,4,4026.7,24,2,4028.3,36,7,4028.4,10,1,4028.6,6,2,4028.7,11,1,4028.8,11,1
11483,2026-07-02 10:13:01+05:30,4028.0,2,4055.08,455169,110214.0,142364.0,4100.0,4110.0,4022.2,4092.6,22985550,4501.8,3683.4,4440.0,3288.1,4028.0,96,3,4027.2,10,1,4027.1,2,1,4027.0,31,4,4026.7,24,2,4028.3,36,7,4028.4,10,1,4028.6,6,2,4028.7,11,1,4028.8,11,1
11483,2026-07-02 10:13:02+05:30,4028.0,2,4055.08,455172,110199.0,142546.0,4100.0,4110.0,4022.2,4092.6,22985550,4501.8,3683.4,4440.0,3288.1,4028.0,93,3,4027.2,10,1,4027.1,2,1,4027.0,20,3,4026.7,12,1,4028.2,28,3,4028.3,53,10,4028.5,4,1,4028.6,11,3,4028.7,11,1
11483,2026-07-02 10:13:02+05:30,4028.0,5,4055.08,455172,110199.0,142546.0,4100.0,4110.0,4022.2,4092.6,22985550,4501.8,3683.4,4440.0,3288.1,4028.0,93,3,4027.2,10,1,4027.1,2,1,4027.0,20,3,4026.7,12,1,4028.2,28,3,4028.3,53,10,4028.5,4,1,4028.6,11,3,4028.7,11,1
11483,2026-07-02 10:13:03+05:30,4028.0,4,4055.07,455322,109939.0,142730.0,4100.0,4110.0,4022.2,4092.6,22985550,4501.8,3683.4,4440.0,3288.1,4028.0,11,2,4027.2,10,1,4027.1,2,1,4027.0,20,3,4026.7,12,1,4028.1,23,2,4028.2,12,1,4028.3,54,11,4028.4,11,1,4028.5,9,2
11483,2026-07-02 10:13:03+05:30,4028.0,11,4055.07,455322,109939.0,142730.0,4100.0,4110.0,4022.2,4092.6,22985550,4501.8,3683.4,4440.0,3288.1,4028.0,11,2,4027.2,10,1,4027.1,2,1,4027.0,20,3,4026.7,12,1,4028.1,23,2,4028.2,12,1,4028.3,54,11,4028.4,11,1,4028.5,9,2
11483,2026-07-02 10:13:04+05:30,4028.0,11,4055.07,455341,109952.0,142726.0,4100.0,4110.0,4022.2,4092.6,22985550,4501.8,3683.4,4440.0,3288.1,4028.0,10,1,4027.2,10,1,4027.1,2,1,4027.0,20,3,4026.7,12,1,4028.1,11,1,4028.2,22,2,4028.3,51,9,4028.5,9,2,4028.7,11,1
11483,2026-07-02 10:13:04+05:30,4028.1,5,4055.07,455341,109952.0,142726.0,4100.0,4110.0,4022.2,4092.6,22985550,4501.8,3683.4,4440.0,3288.1,4028.0,10,1,4027.2,10,1,4027.1,2,1,4027.0,20,3,4026.7,12,1,4028.1,11,1,4028.2,22,2,4028.3,51,9,4028.5,9,2,4028.7,11,1
11483,2026-07-02 10:13:05+05:30,4028.1,5,4055.07,455355,109956.0,142526.0,4100.0,4110.0,4022.2,4092.6,22985550,4501.8,3683.4,4440.0,3288.1,4028.0,6,1,4027.5,15,1,4027.2,10,1,4027.1,2,1,4027.0,20,3,4028.1,1,1,4028.2,22,2,4028.3,50,8,4028.5,9,2,4028.7,16,2
11483,2026-07-02 10:13:05+05:30,4028.0,14,4055.07,455355,109956.0,142526.0,4100.0,4110.0,4022.2,4092.6,22985550,4501.8,3683.4,4440.0,3288.1,4028.0,6,1,4027.5,15,1,4027.2,10,1,4027.1,2,1,4027.0,20,3,4028.1,1,1,4028.2,22,2,4028.3,50,8,4028.5,9,2,4028.7,16,2
11483,2026-07-02 10:13:06+05:30,4027.5,15,4055.06,455460,109512.0,143505.0,4100.0,4110.0,4022.2,4092.6,22985550,4501.8,3683.4,4440.0,3288.1,4027.5,15,1,4027.2,10,1,4027.1,2,1,4027.0,20,3,4026.8,200,1,4027.9,9,1,4028.0,96,14,4028.1,64,7,4028.2,21,4,4028.3,53,6
11483,2026-07-02 10:13:06+05:30,4027.5,6,4055.06,455460,109512.0,143505.0,4100.0,4110.0,4022.2,4092.6,22985550,4501.8,3683.4,4440.0,3288.1,4027.5,15,1,4027.2,10,1,4027.1,2,1,4027.0,20,3,4026.8,200,1,4027.9,9,1,4028.0,96,14,4028.1,64,7,4028.2,21,4,4028.3,53,6
11483,2026-07-02 10:13:07+05:30,4027.5,6,4055.06,455521,109883.0,143330.0,4100.0,4110.0,4022.2,4092.6,22985550,4501.8,3683.4,4440.0,3288.1,4027.5,7,1,4027.2,10,1,4027.1,2,1,4027.0,30,4,4026.8,200,1,4028.0,74,12,4028.1,36,4,4028.2,21,4,4028.3,53,6,4028.4,13,2
11483,2026-07-02 10:13:07+05:30,4027.5,9,4055.06,455521,109883.0,143330.0,4100.0,4110.0,4022.2,4092.6,22985550,4501.8,3683.4,4440.0,3288.1,4027.5,7,1,4027.2,10,1,4027.1,2,1,4027.0,30,4,4026.8,200,1,4028.0,74,12,4028.1,36,4,4028.2,21,4,4028.3,53,6,4028.4,13,2
11483,2026-07-02 10:13:08+05:30,4027.9,5,4055.06,455601,109768.0,143300.0,4100.0,4110.0,4022.2,4092.6,22985550,4501.8,3683.4,4440.0,3288.1,4027.5,6,1,4027.2,10,1,4027.1,2,1,4027.0,30,4,4026.8,200,1,4027.9,19,2,4028.0,49,9,4028.1,36,4,4028.2,12,3,4028.3,53,6
11483,2026-07-02 10:13:08+05:30,4026.8,200,4055.06,455601,109768.0,143300.0,4100.0,4110.0,4022.2,4092.6,22985550,4501.8,3683.4,4440.0,3288.1,4027.5,6,1,4027.2,10,1,4027.1,2,1,4027.0,30,4,4026.8,200,1,4027.9,19,2,4028.0,49,9,4028.1,36,4,4028.2,12,3,4028.3,53,6
11483,2026-07-02 10:13:09+05:30,4026.8,200,4055.04,455849,108954.0,144063.0,4100.0,4110.0,4022.2,4092.6,22985550,4501.8,3683.4,4440.0,3288.1,4026.4,20,1,4026.3,5,1,4026.1,27,2,4026.0,293,6,4025.7,25,1,4026.8,3,2,4027.0,3,3,4027.2,10,1,4027.3,5,1,4027.4,8,1
11483,2026-07-02 10:13:09+05:30,4026.4,4,4055.04,455849,108954.0,144063.0,4100.0,4110.0,4022.2,4092.6,22985550,4501.8,3683.4,4440.0,3288.1,4026.4,20,1,4026.3,5,1,4026.1,27,2,4026.0,293,6,4025.7,25,1,4026.8,3,2,4027.0,3,3,4027.2,10,1,4027.3,5,1,4027.4,8,1
11483,2026-07-02 10:13:10+05:30,4026.4,4,4055.04,455890,109108.0,144216.0,4100.0,4110.0,4022.2,4092.6,22985550,4501.8,3683.4,4440.0,3288.1,4026.4,4,1,4026.3,5,1,4026.2,4,2,4026.1,27,2,4026.0,293,6,4026.8,7,4,4027.0,3,3,4027.3,5,1,4027.5,1,1,4027.6,5,1
11483,2026-07-02 10:13:10+05:30,4026.4,1,4055.04,455890,109108.0,144216.0,4100.0,4110.0,4022.2,4092.6,22985550,4501.8,3683.4,4440.0,3288.1,4026.4,4,1,4026.3,5,1,4026.2,4,2,4026.1,27,2,4026.0,293,6,4026.8,7,4,4027.0,3,3,4027.3,5,1,4027.5,1,1,4027.6,5,1
11483,2026-07-02 10:13:11+05:30,4026.1,3,4055.04,455904,108979.0,144275.0,4100.0,4110.0,4022.2,4092.6,22985550,4501.8,3683.4,4440.0,3288.1,4026.1,40,4,4026.0,298,7,4025.7,25,1,4025.6,27,3,4025.5,603,4,4026.4,3,3,4026.8,7,4,4027.0,3,3,4027.3,5,1,4027.5,1,1
11483,2026-07-02 10:13:11+05:30,4028.0,6,4055.04,455904,108979.0,144275.0,4100.0,4110.0,4022.2,4092.6,22985550,4501.8,3683.4,4440.0,3288.1,4026.1,40,4,4026.0,298,7,4025.7,25,1,4025.6,27,3,4025.5,603,4,4026.4,3,3,4026.8,7,4,4027.0,3,3,4027.3,5,1,4027.5,1,1
11483,2026-07-02 10:13:12+05:30,4028.0,6,4055.03,455983,109582.0,143244.0,4100.0,4110.0,4022.2,4092.6,22985550,4501.8,3683.4,4440.0,3288.1,4027.5,42,1,4026.4,55,2,4026.2,53,3,4026.1,47,4,4026.0,310,8,4028.0,60,6,4028.1,32,4,4028.2,10,2,4028.3,43,2,4028.4,3,1
11483,2026-07-02 10:13:12+05:30,4027.5,5,4055.03,455983,109582.0,143244.0,4100.0,4110.0,4022.2,4092.6,22985550,4501.8,3683.4,4440.0,3288.1,4027.5,42,1,4026.4,55,2,4026.2,53,3,4026.1,47,4,4026.0,310,8,4028.0,60,6,4028.1,32,4,4028.2,10,2,4028.3,43,2,4028.4,3,1
11483,2026-07-02 10:13:13+05:30,4027.5,5,4055.03,456025,108973.0,142907.0,4100.0,4110.0,4022.2,4092.6,22985550,4501.8,3683.4,4440.0,3288.1,4026.8,37,1,4026.4,55,2,4026.1,40,4,4026.0,338,9,4025.8,84,3,4027.5,5,1,4027.8,34,2,4027.9,5,1,4028.0,64,10,4028.1,31,3
11483,2026-07-02 10:13:13+05:30,4027.5,1,4055.03,456025,108973.0,142907.0,4100.0,4110.0,4022.2,4092.6,22985550,4501.8,3683.4,4440.0,3288.1,4026.8,37,1,4026.4,55,2,4026.1,40,4,4026.0,338,9,4025.8,84,3,4027.5,5,1,4027.8,34,2,4027.9,5,1,4028.0,64,10,4028.1,31,3
11483,2026-07-02 10:13:14+05:30,4026.8,1,4055.03,456065,109051.0,143000.0,4100.0,4110.0,4022.2,4092.6,22985550,4501.8,3683.4,4440.0,3288.1,4026.8,3,1,4026.4,55,2,4026.1,40,4,4026.0,307,8,4025.8,62,2,4027.5,4,4,4027.6,10,1,4027.7,7,1,4027.8,5,1,4027.9,5,1
11483,2026-07-02 10:13:14+05:30,4026.8,1,4055.03,456065,109051.0,143000.0,4100.0,4110.0,4022.2,4092.6,22985550,4501.8,3683.4,4440.0,3288.1,4026.8,3,1,4026.4,55,2,4026.1,40,4,4026.0,307,8,4025.8,62,2,4027.5,4,4,4027.6,10,1,4027.7,7,1,4027.8,5,1,4027.9,5,1
11483,2026-07-02 10:13:15+05:30,4026.8,3,4055.03,456071,109041.0,143089.0,4100.0,4110.0,4022.2,4092.6,22985550,4501.8,3683.4,4440.0,3288.1,4027.0,197,1,4026.4,55,2,4026.1,35,3,4026.0,119,8,4025.8,63,2,4027.5,4,4,4027.9,12,2,4028.0,64,10,4028.1,62,5,4028.2,35,4
11483,2026-07-02 10:13:15+05:30,4026.8,3,4055.03,456071,109041.0,143089.0,4100.0,4110.0,4022.2,4092.6,22985550,4501.8,3683.4,4440.0,3288.1,4027.0,197,1,4026.4,55,2,4026.1,35,3,4026.0,119,8,4025.8,63,2,4027.5,4,4,4027.9,12,2,4028.0,64,10,4028.1,62,5,4028.2,35,4
11483,2026-07-02 10:13:15+05:30,4026.8,3,4055.03,456071,109041.0,143089.0,4100.0,4110.0,4022.2,4092.6,22985550,4501.8,3683.4,4440.0,3288.1,4027.0,197,1,4026.4,55,2,4026.1,35,3,4026.0,119,8,4025.8,63,2,4027.5,4,4,4027.9,12,2,4028.0,64,10,4028.1,62,5,4028.2,35,4
11483,2026-07-02 10:13:16+05:30,4026.8,3,4055.03,456071,109126.0,143091.0,4100.0,4110.0,4022.2,4092.6,22985550,4501.8,3683.4,4440.0,3288.1,4027.3,2,2,4027.0,197,1,4026.4,55,2,4026.1,35,3,4026.0,119,8,4027.5,4,4,4027.9,5,1,4028.0,64,10,4028.1,41,4,4028.2,35,4
11483,2026-07-02 10:13:16+05:30,4026.8,3,4055.03,456071,109126.0,143091.0,4100.0,4110.0,4022.2,4092.6,22985550,4501.8,3683.4,4440.0,3288.1,4027.3,2,2,4027.0,197,1,4026.4,55,2,4026.1,35,3,4026.0,119,8,4027.5,4,4,4027.9,5,1,4028.0,64,10,4028.1,41,4,4028.2,35,4
11483,2026-07-02 10:13:17+05:30,4026.8,3,4055.03,456071,109126.0,143091.0,4100.0,4110.0,4022.2,4092.6,22985550,4501.8,3683.4,4440.0,3288.1,4027.3,2,2,4027.0,197,1,4026.4,55,2,4026.1,35,3,4026.0,119,8,4027.5,4,4,4027.9,5,1,4028.0,64,10,4028.1,41,4,4028.2,35,4
11483,2026-07-02 10:13:17+05:30,4027.3,1,4055.03,456075,109050.0,143101.0,4100.0,4110.0,4022.2,4092.6,22985550,4501.8,3683.4,4440.0,3288.1,4027.3,1,1,4027.0,197,1,4026.4,55,2,4026.1,35,3,4026.0,119,8,4027.5,4,4,4027.9,5,1,4028.0,62,8,4028.1,41,4,4028.2,35,4
11483,2026-07-02 10:13:17+05:30,4027.3,1,4055.03,456075,109050.0,143101.0,4100.0,4110.0,4022.2,4092.6,22985550,4501.8,3683.4,4440.0,3288.1,4027.3,1,1,4027.0,197,1,4026.4,55,2,4026.1,35,3,4026.0,119,8,4027.5,4,4,4027.9,5,1,4028.0,62,8,4028.1,41,4,4028.2,35,4
11483,2026-07-02 10:13:17+05:30,4027.3,1,4055.03,456075,109050.0,143101.0,4100.0,4110.0,4022.2,4092.6,22985550,4501.8,3683.4,4440.0,3288.1,4027.3,1,1,4027.0,197,1,4026.4,55,2,4026.1,35,3,4026.0,119,8,4027.5,4,4,4027.9,5,1,4028.0,62,8,4028.1,41,4,4028.2,35,4
11483,2026-07-02 10:13:18+05:30,4027.3,1,4055.03,456075,109050.0,143101.0,4100.0,4110.0,4022.2,4092.6,22985550,4501.8,3683.4,4440.0,3288.1,4027.3,1,1,4027.0,197,1,4026.4,55,2,4026.1,35,3,4026.0,119,8,4027.5,4,4,4027.9,5,1,4028.0,62,8,4028.1,41,4,4028.2,35,4
11483,2026-07-02 10:13:18+05:30,4027.0,4,4055.02,456136,108988.0,143224.0,4100.0,4110.0,4022.2,4092.6,22985550,4501.8,3683.4,4440.0,3288.1,4027.0,137,1,4026.4,55,2,4026.1,35,3,4026.0,119,8,4025.8,63,2,4027.5,2,2,4027.9,5,1,4028.0,62,8,4028.1,41,4,4028.2,35,4
11483,2026-07-02 10:13:18+05:30,4027.0,4,4055.02,456136,108988.0,143224.0,4100.0,4110.0,4022.2,4092.6,22985550,4501.8,3683.4,4440.0,3288.1,4027.0,137,1,4026.4,55,2,4026.1,35,3,4026.0,119,8,4025.8,63,2,4027.5,2,2,4027.9,5,1,4028.0,62,8,4028.1,41,4,4028.2,35,4
11483,2026-07-02 10:13:18+05:30,4028.0,16,4055.02,456136,108988.0,143224.0,4100.0,4110.0,4022.2,4092.6,22985550,4501.8,3683.4,4440.0,3288.1,4027.0,137,1,4026.4,55,2,4026.1,35,3,4026.0,119,8,4025.8,63,2,4027.5,2,2,4027.9,5,1,4028.0,62,8,4028.1,41,4,4028.2,35,4
11483,2026-07-02 10:13:19+05:30,4028.0,16,4055.02,456136,108988.0,143224.0,4100.0,4110.0,4022.2,4092.6,23007950,4501.8,3683.4,4440.0,3288.1,4027.0,137,1,4026.4,55,2,4026.1,35,3,4026.0,119,8,4025.8,63,2,4027.5,2,2,4027.9,5,1,4028.0,62,8,4028.1,41,4,4028.2,35,4
11483,2026-07-02 10:13:19+05:30,4028.0,16,4055.02,456172,109181.0,143146.0,4100.0,4110.0,4022.2,4092.6,23007950,4501.8,3683.4,4440.0,3288.1,4027.0,126,1,4026.4,55,2,4026.1,35,3,4026.0,119,8,4025.8,72,3,4028.0,59,7,4028.1,31,3,4028.2,35,4,4028.3,48,3,4028.4,36,4
11483,2026-07-02 10:13:19+05:30,4028.0,16,4055.02,456172,109181.0,143146.0,4100.0,4110.0,4022.2,4092.6,23007950,4501.8,3683.4,4440.0,3288.1,4027.0,126,1,4026.4,55,2,4026.1,35,3,4026.0,119,8,4025.8,72,3,4028.0,59,7,4028.1,31,3,4028.2,35,4,4028.3,48,3,4028.4,36,4
11483,2026-07-02 10:13:20+05:30,4028.0,16,4055.02,456172,109181.0,143146.0,4100.0,4110.0,4022.2,4092.6,23007950,4501.8,3683.4,4440.0,3288.1,4027.0,126,1,4026.4,55,2,4026.1,35,3,4026.0,119,8,4025.8,72,3,4028.0,59,7,4028.1,31,3,4028.2,35,4,4028.3,48,3,4028.4,36,4
11483,2026-07-02 10:13:20+05:30,4028.0,8,4055.02,456197,109338.0,143102.0,4100.0,4110.0,4022.2,4092.6,23007950,4501.8,3683.4,4440.0,3288.1,4027.0,165,3,4026.6,20,1,4026.5,40,2,4026.4,55,2,4026.3,37,2,4028.0,35,6,4028.1,31,3,4028.2,30,3,4028.3,48,3,4028.4,27,2
11483,2026-07-02 10:13:20+05:30,4028.0,8,4055.02,456197,109338.0,143102.0,4100.0,4110.0,4022.2,4092.6,23007950,4501.8,3683.4,4440.0,3288.1,4027.0,165,3,4026.6,20,1,4026.5,40,2,4026.4,55,2,4026.3,37,2,4028.0,35,6,4028.1,31,3,4028.2,30,3,4028.3,48,3,4028.4,27,2
11483,2026-07-02 10:13:20+05:30,4028.0,3,4055.02,456197,109338.0,143102.0,4100.0,4110.0,4022.2,4092.6,23007950,4501.8,3683.4,4440.0,3288.1,4027.0,165,3,4026.6,20,1,4026.5,40,2,4026.4,55,2,4026.3,37,2,4028.0,35,6,4028.1,31,3,4028.2,30,3,4028.3,48,3,4028.4,27,2
11483,2026-07-02 10:13:21+05:30,4028.0,3,4055.02,456202,109394.0,143189.0,4100.0,4110.0,4022.2,4092.6,23007950,4501.8,3683.4,4440.0,3288.1,4027.0,165,3,4026.5,40,2,4026.4,55,2,4026.3,37,2,4026.2,9,1,4028.0,32,7,4028.1,31,3,4028.2,30,3,4028.3,48,3,4028.4,27,2
11483,2026-07-02 10:13:22+05:30,4026.4,50,4055.0,456426,107988.0,144317.0,4100.0,4110.0,4022.2,4092.6,23007950,4501.8,3683.4,4440.0,3288.1,4026.1,21,2,4026.0,207,8,4025.8,50,1,4025.7,25,1,4025.6,15,2,4026.8,5,1,4026.9,22,3,4027.2,16,2,4027.3,12,2,4027.5,61,3
11483,2026-07-02 10:13:22+05:30,4026.4,50,4055.0,456426,107988.0,144317.0,4100.0,4110.0,4022.2,4092.6,23007950,4501.8,3683.4,4440.0,3288.1,4026.1,21,2,4026.0,207,8,4025.8,50,1,4025.7,25,1,4025.6,15,2,4026.8,5,1,4026.9,22,3,4027.2,16,2,4027.3,12,2,4027.5,61,3
11483,2026-07-02 10:13:23+05:30,4026.1,10,4055.0,456447,107125.0,144880.0,4100.0,4110.0,4022.2,4092.6,23007950,4501.8,3683.4,4440.0,3288.1,4026.0,207,8,4025.8,50,1,4025.7,25,1,4025.6,15,2,4025.5,603,4,4026.3,7,1,4026.4,53,10,4026.5,9,2,4026.6,26,3,4026.7,10,2
11483,2026-07-02 10:13:23+05:30,4025.6,5,4055.0,456447,107125.0,144880.0,4100.0,4110.0,4022.2,4092.6,23007950,4501.8,3683.4,4440.0,3288.1,4026.0,207,8,4025.8,50,1,4025.7,25,1,4025.6,15,2,4025.5,603,4,4026.3,7,1,4026.4,53,10,4026.5,9,2,4026.6,26,3,4026.7,10,2
11483,2026-07-02 10:13:24+05:30,4026.0,1,4054.94,457485,105825.0,144946.0,4100.0,4110.0,4022.2,4092.6,23007950,4501.8,3683.4,4440.0,3288.1,4025.3,25,1,4025.2,2,1,4025.1,121,4,4025.0,803,74,4024.7,97,1,4025.9,5,1,4026.0,34,4,4026.1,17,2,4026.3,17,2,4026.4,30,7
11483,2026-07-02 10:13:24+05:30,4026.0,1,4054.94,457485,105825.0,144946.0,4100.0,4110.0,4022.2,4092.6,23007950,4501.8,3683.4,4440.0,3288.1,4025.3,25,1,4025.2,2,1,4025.1,121,4,4025.0,803,74,4024.7,97,1,4025.9,5,1,4026.0,34,4,4026.1,17,2,4026.3,17,2,4026.4,30,7
11483,2026-07-02 10:13:25+05:30,4025.2,2,4054.93,457527,105882.0,145334.0,4100.0,4110.0,4022.2,4092.6,23007950,4501.8,3683.4,4440.0,3288.1,4025.2,2,1,4025.1,121,4,4025.0,803,74,4024.7,97,1,4024.6,19,2,4025.6,5,1,4025.7,15,3,4025.8,9,1,4025.9,5,1,4026.0,36,5
11483,2026-07-02 10:13:25+05:30,4025.2,5,4054.93,457527,105882.0,145334.0,4100.0,4110.0,4022.2,4092.6,23007950,4501.8,3683.4,4440.0,3288.1,4025.2,2,1,4025.1,121,4,4025.0,803,74,4024.7,97,1,4024.6,19,2,4025.6,5,1,4025.7,15,3,4025.8,9,1,4025.9,5,1,4026.0,36,5
11483,2026-07-02 10:13:26+05:30,4025.6,5,4054.93,457540,105925.0,145247.0,4100.0,4110.0,4022.2,4092.6,23007950,4501.8,3683.4,4440.0,3288.1,4025.6,1,1,4025.2,2,1,4025.1,121,4,4025.0,803,74,4024.7,97,1,4025.7,15,3,4025.8,9,1,4025.9,5,1,4026.0,36,5,4026.1,52,3
11483,2026-07-02 10:13:26+05:30,4025.6,5,4054.93,457540,105925.0,145247.0,4100.0,4110.0,4022.2,4092.6,23007950,4501.8,3683.4,4440.0,3288.1,4025.6,1,1,4025.2,2,1,4025.1,121,4,4025.0,803,74,4024.7,97,1,4025.7,15,3,4025.8,9,1,4025.9,5,1,4026.0,36,5,4026.1,52,3
11483,2026-07-02 10:13:27+05:30,4025.2,3,4054.93,457550,105928.0,145200.0,4100.0,4110.0,4022.2,4092.6,23007950,4501.8,3683.4,4440.0,3288.1,4025.2,2,1,4025.1,121,4,4025.0,803,74,4024.7,97,1,4024.6,19,2,4025.6,18,4,4025.7,5,2,4025.9,5,1,4026.0,36,5,4026.1,52,3
11483,2026-07-02 10:13:27+05:30,4025.2,1,4054.93,457550,105928.0,145200.0,4100.0,4110.0,4022.2,4092.6,23007950,4501.8,3683.4,4440.0,3288.1,4025.2,2,1,4025.1,121,4,4025.0,803,74,4024.7,97,1,4024.6,19,2,4025.6,18,4,4025.7,5,2,4025.9,5,1,4026.0,36,5,4026.1,52,3
11483,2026-07-02 10:13:28+05:30,4025.1,1,4054.93,457569,106040.0,145301.0,4100.0,4110.0,4022.2,4092.6,23007950,4501.8,3683.4,4440.0,3288.1,4025.1,108,3,4025.0,803,74,4024.7,97,1,4024.6,19,2,4024.5,1,1,4025.2,24,5,4025.6,7,3,4025.7,54,5,4025.8,4,1,4025.9,5,1
11483,2026-07-02 10:13:28+05:30,4025.1,3,4054.93,457569,106040.0,145301.0,4100.0,4110.0,4022.2,4092.6,23007950,4501.8,3683.4,4440.0,3288.1,4025.1,108,3,4025.0,803,74,4024.7,97,1,4024.6,19,2,4024.5,1,1,4025.2,24,5,4025.6,7,3,4025.7,54,5,4025.8,4,1,4025.9,5,1
11483,2026-07-02 10:13:29+05:30,4025.4,16,4054.93,457661,106057.0,145570.0,4100.0,4110.0,4022.2,4092.6,23007950,4501.8,3683.4,4440.0,3288.1,4025.1,99,3,4025.0,803,74,4024.7,97,1,4024.6,19,2,4024.5,1,1,4025.6,21,5,4025.7,43,3,4025.8,5,1,4025.9,11,2,4026.0,43,6
11483,2026-07-02 10:13:29+05:30,4025.4,16,4054.93,457661,106057.0,145570.0,4100.0,4110.0,4022.2,4092.6,23007950,4501.8,3683.4,4440.0,3288.1,4025.1,99,3,4025.0,803,74,4024.7,97,1,4024.6,19,2,4024.5,1,1,4025.6,21,5,4025.7,43,3,4025.8,5,1,4025.9,11,2,4026.0,43,6
11483,2026-07-02 10:13:30+05:30,4025.1,3,4054.92,457777,105954.0,145739.0,4100.0,4110.0,4022.2,4092.6,23007950,4501.8,3683.4,4440.0,3288.1,4025.0,848,74,4024.7,97,1,4024.6,19,2,4024.5,1,1,4024.4,2,1,4025.1,10,4,4025.4,18,5,4025.5,4,1,4025.6,5,3,4025.7,53,4
11483,2026-07-02 10:13:30+05:30,4025.1,3,4054.92,457777,105954.0,145739.0,4100.0,4110.0,4022.2,4092.6,23007950,4501.8,3683.4,4440.0,3288.1,4025.0,848,74,4024.7,97,1,4024.6,19,2,4024.5,1,1,4024.4,2,1,4025.1,10,4,4025.4,18,5,4025.5,4,1,4025.6,5,3,4025.7,53,4
11483,2026-07-02 10:13:32+05:30,4025.1,3,4054.92,457777,105967.0,145803.0,4100.0,4110.0,4022.2,4092.6,23007950,4501.8,3683.4,4440.0,3288.1,4025.0,848,74,4024.7,97,1,4024.6,19,2,4024.5,1,1,4024.4,2,1,4025.1,35,8,4025.4,53,6,4025.5,4,1,4025.6,5,3,4025.7,18,3
11483,2026-07-02 10:13:32+05:30,4024.5,1,4054.92,457777,105967.0,145803.0,4100.0,4110.0,4022.2,4092.6,23007950,4501.8,3683.4,4440.0,3288.1,4025.0,848,74,4024.7,97,1,4024.6,19,2,4024.5,1,1,4024.4,2,1,4025.1,35,8,4025.4,53,6,4025.5,4,1,4025.6,5,3,4025.7,18,3
11483,2026-07-02 10:13:33+05:30,4024.5,10,4054.84,459028,104388.0,145464.0,4100.0,4110.0,4022.2,4092.6,23007950,4501.8,3683.4,4440.0,3288.1,4024.4,2,1,4024.3,9,3,4024.0,94,10,4023.9,10,1,4023.3,16,2,4024.5,34,5,4024.7,1,1,4024.9,3,1,4025.1,36,10,4025.3,20,1
11483,2026-07-02 10:13:33+05:30,4024.5,1,4054.84,459028,104388.0,145464.0,4100.0,4110.0,4022.2,4092.6,23007950,4501.8,3683.4,4440.0,3288.1,4024.4,2,1,4024.3,9,3,4024.0,94,10,4023.9,10,1,4023.3,16,2,4024.5,34,5,4024.7,1,1,4024.9,3,1,4025.1,36,10,4025.3,20,1
11483,2026-07-02 10:13:34+05:30,4024.5,1,4054.83,459048,103847.0,145247.0,4100.0,4110.0,4022.2,4092.6,23007950,4501.8,3683.4,4440.0,3288.1,4024.0,94,10,4023.9,10,1,4023.3,1,1,4023.2,3,1,4023.1,44,1,4024.5,52,10,4024.6,6,2,4024.7,10,1,4024.8,5,1,4024.9,3,1
11483,2026-07-02 10:13:34+05:30,4024.0,9,4054.83,459048,103847.0,145247.0,4100.0,4110.0,4022.2,4092.6,23007950,4501.8,3683.4,4440.0,3288.1,4024.0,94,10,4023.9,10,1,4023.3,1,1,4023.2,3,1,4023.1,44,1,4024.5,52,10,4024.6,6,2,4024.7,10,1,4024.8,5,1,4024.9,3,1
11483,2026-07-02 10:13:35+05:30,4024.0,8,4054.83,459134,103823.0,145321.0,4100.0,4110.0,4022.2,4092.6,23007950,4501.8,3683.4,4440.0,3288.1,4024.0,55,9,4023.9,10,1,4023.3,1,1,4023.1,44,1,4023.0,181,13,4024.5,27,7,4024.6,36,2,4024.8,5,1,4024.9,3,1,4025.1,24,6
11483,2026-07-02 10:13:35+05:30,4024.5,4,4054.83,459134,103823.0,145321.0,4100.0,4110.0,4022.2,4092.6,23007950,4501.8,3683.4,4440.0,3288.1,4024.0,55,9,4023.9,10,1,4023.3,1,1,4023.1,44,1,4023.0,181,13,4024.5,27,7,4024.6,36,2,4024.8,5,1,4024.9,3,1,4025.1,24,6
11483,2026-07-02 10:13:36+05:30,4024.5,2,4054.83,459161,103718.0,145486.0,4100.0,4110.0,4022.2,4092.6,23007950,4501.8,3683.4,4440.0,3288.1,4024.0,52,9,4023.9,10,1,4023.3,1,1,4023.0,181,13,4022.9,26,2,4024.5,33,8,4024.6,36,2,4024.7,5,1,4024.8,15,2,4024.9,3,1
11483,2026-07-02 10:13:36+05:30,4024.0,1,4054.83,459161,103718.0,145486.0,4100.0,4110.0,4022.2,4092.6,23007950,4501.8,3683.4,4440.0,3288.1,4024.0,52,9,4023.9,10,1,4023.3,1,1,4023.0,181,13,4022.9,26,2,4024.5,33,8,4024.6,36,2,4024.7,5,1,4024.8,15,2,4024.9,3,1
11483,2026-07-02 10:13:37+05:30,4024.0,5,4054.82,459211,103633.0,145557.0,4100.0,4110.0,4022.2,4092.6,23007950,4501.8,3683.4,4440.0,3288.1,4024.0,2,1,4023.9,10,1,4023.3,1,1,4023.1,4,1,4023.0,182,14,4024.5,37,8,4024.6,36,2,4024.8,15,2,4024.9,3,1,4025.1,21,3
11483,2026-07-02 10:13:37+05:30,4024.5,5,4054.82,459211,103633.0,145557.0,4100.0,4110.0,4022.2,4092.6,23007950,4501.8,3683.4,4440.0,3288.1,4024.0,2,1,4023.9,10,1,4023.3,1,1,4023.1,4,1,4023.0,182,14,4024.5,37,8,4024.6,36,2,4024.8,15,2,4024.9,3,1,4025.1,21,3
11483,2026-07-02 10:13:38+05:30,4023.9,10,4054.82,459233,103887.0,146093.0,4100.0,4110.0,4022.2,4092.6,23007950,4501.8,3683.4,4440.0,3288.1,4023.3,1,1,4023.0,183,15,4022.9,26,2,4022.7,1,1,4022.6,100,1,4023.9,2,2,4024.0,35,6,4024.3,5,1,4024.4,5,1,4024.5,52,5
11483,2026-07-02 10:13:38+05:30,4023.9,10,4054.82,459233,103887.0,146093.0,4100.0,4110.0,4022.2,4092.6,23007950,4501.8,3683.4,4440.0,3288.1,4023.3,1,1,4023.0,183,15,4022.9,26,2,4022.7,1,1,4022.6,100,1,4023.9,2,2,4024.0,35,6,4024.3,5,1,4024.4,5,1,4024.5,52,5
11483,2026-07-02 10:13:39+05:30,4023.1,1,4054.82,459236,104219.0,145743.0,4100.0,4110.0,4022.2,4092.6,23007950,4501.8,3683.4,4440.0,3288.1,4023.1,12,1,4023.0,201,16,4022.9,26,2,4022.7,1,1,4022.6,119,2,4023.9,2,2,4024.0,35,6,4024.3,19,1,4024.4,5,1,4024.5,51,4
11483,2026-07-02 10:13:39+05:30,4024.0,1,4054.82,459236,104219.0,145743.0,4100.0,4110.0,4022.2,4092.6,23007950,4501.8,3683.4,4440.0,3288.1,4023.1,12,1,4023.0,201,16,4022.9,26,2,4022.7,1,1,4022.6,119,2,4023.9,2,2,4024.0,35,6,4024.3,19,1,4024.4,5,1,4024.5,51,4
11483,2026-07-02 10:13:40+05:30,4024.0,2,4054.82,459244,104377.0,145728.0,4100.0,4110.0,4022.2,4092.6,23007950,4501.8,3683.4,4440.0,3288.1,4023.3,22,1,4023.2,23,3,4023.1,14,2,4023.0,205,16,4022.9,26,2,4024.0,33,7,4024.3,19,1,4024.5,51,4,4024.9,15,2,4025.1,11,2
11483,2026-07-02 10:13:40+05:30,4024.0,4,4054.82,459244,104377.0,145728.0,4100.0,4110.0,4022.2,4092.6,23007950,4501.8,3683.4,4440.0,3288.1,4023.3,22,1,4023.2,23,3,4023.1,14,2,4023.0,205,16,4022.9,26,2,4024.0,33,7,4024.3,19,1,4024.5,51,4,4024.9,15,2,4025.1,11,2
11483,2026-07-02 10:13:41+05:30,4023.4,1,4054.81,459449,104373.0,145683.0,4100.0,4110.0,4022.2,4092.6,23007950,4501.8,3683.4,4440.0,3288.1,4023.4,3,1,4023.3,18,1,4023.2,22,2,4023.1,11,1,4023.0,200,16,4023.6,4,2,4023.7,42,1,4023.9,42,1,4024.0,36,6,4024.1,42,1
11483,2026-07-02 10:13:41+05:30,4023.1,2,4054.81,459449,104373.0,145683.0,4100.0,4110.0,4022.2,4092.6,23007950,4501.8,3683.4,4440.0,3288.1,4023.4,3,1,4023.3,18,1,4023.2,22,2,4023.1,11,1,4023.0,200,16,4023.6,4,2,4023.7,42,1,4023.9,42,1,4024.0,36,6,4024.1,42,1
11483,2026-07-02 10:13:42+05:30,4023.5,4,4054.8,459601,105075.0,145401.0,4100.0,4110.0,4022.2,4092.6,23007950,4501.8,3683.4,4440.0,3288.1,4023.3,13,1,4023.2,31,2,4023.1,8,1,4023.0,183,15,4022.9,37,3,4023.5,2,1,4023.6,4,2,4023.7,42,1,4023.9,42,1,4024.0,23,5
11483,2026-07-02 10:13:42+05:30,4023.3,28,4054.8,459601,105075.0,145401.0,4100.0,4110.0,4022.2,4092.6,23007950,4501.8,3683.4,4440.0,3288.1,4023.3,13,1,4023.2,31,2,4023.1,8,1,4023.0,183,15,4022.9,37,3,4023.5,2,1,4023.6,4,2,4023.7,42,1,4023.9,42,1,4024.0,23,5
11483,2026-07-02 10:13:43+05:30,4023.3,1,4054.79,459674,105050.0,145437.0,4100.0,4110.0,4022.2,4092.6,23007950,4501.8,3683.4,4440.0,3288.1,4023.2,31,2,4023.0,183,15,4022.9,26,2,4022.7,10,2,4022.6,100,1,4023.3,22,4,4023.4,42,3,4023.6,46,3,4023.8,42,1,4024.0,1,1
11483,2026-07-02 10:13:43+05:30,4023.3,13,4054.79,459674,105050.0,145437.0,4100.0,4110.0,4022.2,4092.6,23007950,4501.8,3683.4,4440.0,3288.1,4023.2,31,2,4023.0,183,15,4022.9,26,2,4022.7,10,2,4022.6,100,1,4023.3,22,4,4023.4,42,3,4023.6,46,3,4023.8,42,1,4024.0,1,1
11483,2026-07-02 10:13:44+05:30,4023.3,1,4054.79,459720,104928.0,145496.0,4100.0,4110.0,4022.2,4092.6,23007950,4501.8,3683.4,4440.0,3288.1,4023.0,183,15,4022.9,26,2,4022.7,1,1,4022.6,100,1,4022.5,31,4,4023.3,66,7,4023.4,42,3,4023.5,42,1,4023.6,4,2,4023.7,42,1
11483,2026-07-02 10:13:44+05:30,4023.3,1,4054.79,459720,104928.0,145496.0,4100.0,4110.0,4022.2,4092.6,23007950,4501.8,3683.4,4440.0,3288.1,4023.0,183,15,4022.9,26,2,4022.7,1,1,4022.6,100,1,4022.5,31,4,4023.3,66,7,4023.4,42,3,4023.5,42,1,4023.6,4,2,4023.7,42,1
11483,2026-07-02 10:13:45+05:30,4023.3,3,4054.79,459720,104928.0,145496.0,4100.0,4110.0,4022.2,4092.6,23007950,4501.8,3683.4,4440.0,3288.1,4023.0,183,15,4022.9,26,2,4022.7,1,1,4022.6,100,1,4022.5,31,4,4023.3,66,7,4023.4,42,3,4023.5,42,1,4023.6,4,2,4023.7,42,1
11483,2026-07-02 10:13:45+05:30,4023.3,3,4054.79,459736,105070.0,145566.0,4100.0,4110.0,4022.2,4092.6,23007950,4501.8,3683.4,4440.0,3288.1,4023.0,182,14,4022.9,26,2,4022.7,1,1,4022.6,100,1,4022.5,31,4,4023.3,63,9,4023.4,42,3,4023.5,42,1,4023.6,4,2,4023.7,42,1
11483,2026-07-02 10:13:46+05:30,4023.3,1,4054.79,459736,105070.0,145566.0,4100.0,4110.0,4022.2,4092.6,23007950,4501.8,3683.4,4440.0,3288.1,4023.0,182,14,4022.9,26,2,4022.7,1,1,4022.6,100,1,4022.5,31,4,4023.3,63,9,4023.4,42,3,4023.5,42,1,4023.6,4,2,4023.7,42,1
11483,2026-07-02 10:13:46+05:30,4023.3,1,4054.79,459762,105016.0,145590.0,4100.0,4110.0,4022.2,4092.6,23007950,4501.8,3683.4,4440.0,3288.1,4023.0,168,14,4022.9,26,2,4022.7,1,1,4022.6,100,1,4022.5,31,4,4023.3,68,12,4023.4,42,3,4023.5,42,1,4023.7,42,1,4024.0,8,1
11483,2026-07-02 10:13:47+05:30,4023.3,5,4054.79,459762,105016.0,145590.0,4100.0,4110.0,4022.2,4092.6,23007950,4501.8,3683.4,4440.0,3288.1,4023.0,168,14,4022.9,26,2,4022.7,1,1,4022.6,100,1,4022.5,31,4,4023.3,68,12,4023.4,42,3,4023.5,42,1,4023.7,42,1,4024.0,8,1
11483,2026-07-02 10:13:47+05:30,4023.3,5,4054.78,459788,105039.0,145466.0,4100.0,4110.0,4022.2,4092.6,23007950,4501.8,3683.4,4440.0,3288.1,4023.0,168,14,4022.9,26,2,4022.7,1,1,4022.6,100,1,4022.5,31,4,4023.3,44,14,4023.4,42,3,4023.5,42,1,4023.7,42,1,4024.0,8,1
11483,2026-07-02 10:13:48+05:30,4023.0,1,4054.78,459788,105039.0,145466.0,4100.0,4110.0,4022.2,4092.6,23007950,4501.8,3683.4,4440.0,3288.1,4023.0,168,14,4022.9,26,2,4022.7,1,1,4022.6,100,1,4022.5,31,4,4023.3,44,14,4023.4,42,3,4023.5,42,1,4023.7,42,1,4024.0,8,1
11483,2026-07-02 10:13:48+05:30,4023.0,1,4054.77,459955,104860.0,145718.0,4100.0,4110.0,4022.2,4092.6,23007950,4501.8,3683.4,4440.0,3288.1,4023.0,1,1,4022.9,26,2,4022.7,1,1,4022.6,100,1,4022.5,31,4,4023.3,24,12,4023.4,40,1,4023.5,42,1,4023.7,42,1,4024.0,8,1
11483,2026-07-02 10:13:49+05:30,4024.3,1,4054.77,459955,104860.0,145718.0,4100.0,4110.0,4022.2,4092.6,23007950,4501.8,3683.4,4440.0,3288.1,4023.0,1,1,4022.9,26,2,4022.7,1,1,4022.6,100,1,4022.5,31,4,4023.3,24,12,4023.4,40,1,4023.5,42,1,4023.7,42,1,4024.0,8,1
11483,2026-07-02 10:13:50+05:30,4024.3,1,4054.77,459996,105841.0,144185.0,4100.0,4110.0,4022.2,4092.6,23007950,4501.8,3683.4,4440.0,3288.1,4023.3,10,1,4023.2,24,2,4023.1,27,2,4023.0,511,2,4022.9,28,3,4024.3,18,1,4024.9,28,2,4025.0,15,2,4025.1,22,2,4025.2,18,1
11483,2026-07-02 10:13:50+05:30,4025.4,1,4054.77,459996,105841.0,144185.0,4100.0,4110.0,4022.2,4092.6,23007950,4501.8,3683.4,4440.0,3288.1,4023.3,10,1,4023.2,24,2,4023.1,27,2,4023.0,511,2,4022.9,28,3,4024.3,18,1,4024.9,28,2,4025.0,15,2,4025.1,22,2,4025.2,18,1
11483,2026-07-02 10:13:51+05:30,4025.3,1,4054.76,460101,106955.0,144119.0,4100.0,4110.0,4022.2,4092.6,23007950,4501.8,3683.4,4440.0,3288.1,4024.7,81,1,4024.6,42,1,4024.5,42,1,4024.3,42,1,4024.1,47,2,4025.3,29,4,4025.4,3,1,4025.5,11,1,4025.6,6,1,4025.7,23,4
11483,2026-07-02 10:13:51+05:30,4025.3,4,4054.76,460101,106955.0,144119.0,4100.0,4110.0,4022.2,4092.6,23007950,4501.8,3683.4,4440.0,3288.1,4024.7,81,1,4024.6,42,1,4024.5,42,1,4024.3,42,1,4024.1,47,2,4025.3,29,4,4025.4,3,1,4025.5,11,1,4025.6,6,1,4025.7,23,4
11483,2026-07-02 10:13:52+05:30,4025.3,4,4054.76,460106,107230.0,144160.0,4100.0,4110.0,4022.2,4092.6,23007950,4501.8,3683.4,4440.0,3288.1,4025.0,42,1,4024.9,42,1,4024.7,42,1,4024.5,42,1,4024.1,5,1,4025.3,37,9,4025.4,8,2,4025.5,46,2,4025.6,6,1,4025.7,18,3
11483,2026-07-02 10:13:52+05:30,4024.4,42,4054.76,460106,107230.0,144160.0,4100.0,4110.0,4022.2,4092.6,23007950,4501.8,3683.4,4440.0,3288.1,4025.0,42,1,4024.9,42,1,4024.7,42,1,4024.5,42,1,4024.1,5,1,4025.3,37,9,4025.4,8,2,4025.5,46,2,4025.6,6,1,4025.7,18,3
11483,2026-07-02 10:13:53+05:30,4024.4,42,4054.75,460352,106243.0,144946.0,4100.0,4110.0,4022.2,4092.6,23007950,4501.8,3683.4,4440.0,3288.1,4024.0,211,2,4023.9,10,1,4023.3,129,5,4023.0,501,3,4022.9,26,2,4024.4,36,6,4024.5,19,2,4024.6,29,4,4024.8,36,4,4024.9,67,3
11483,2026-07-02 10:13:54+05:30,4024.4,3,4054.75,460364,106598.0,145065.0,4100.0,4110.0,4022.2,4092.6,23007950,4501.8,3683.4,4440.0,3288.1,4024.3,74,1,4024.2,42,1,4024.1,42,1,4024.0,211,2,4023.9,10,1,4024.4,27,7,4024.5,29,3,4024.6,29,4,4024.7,3,1,4024.8,36,4
11483,2026-07-02 10:13:54+05:30,4024.3,20,4054.75,460364,106598.0,145065.0,4100.0,4110.0,4022.2,4092.6,23007950,4501.8,3683.4,4440.0,3288.1,4024.3,74,1,4024.2,42,1,4024.1,42,1,4024.0,211,2,4023.9,10,1,4024.4,27,7,4024.5,29,3,4024.6,29,4,4024.7,3,1,4024.8,36,4
11483,2026-07-02 10:13:55+05:30,4024.4,2,4054.74,460395,106641.0,145082.0,4100.0,4110.0,4022.2,4092.6,23007950,4501.8,3683.4,4440.0,3288.1,4024.3,22,1,4024.2,42,1,4024.0,253,3,4023.9,10,1,4023.8,42,1,4024.4,27,9,4024.5,19,2,4024.6,64,5,4024.8,36,4,4024.9,72,4
11483,2026-07-02 10:13:55+05:30,4024.3,38,4054.74,460395,106641.0,145082.0,4100.0,4110.0,4022.2,4092.6,23007950,4501.8,3683.4,4440.0,3288.1,4024.3,22,1,4024.2,42,1,4024.0,253,3,4023.9,10,1,4023.8,42,1,4024.4,27,9,4024.5,19,2,4024.6,64,5,4024.8,36,4,4024.9,72,4
11483,2026-07-02 10:13:56+05:30,4024.2,1,4054.73,460581,106695.0,144721.0,4100.0,4110.0,4022.2,4092.6,23007950,4501.8,3683.4,4440.0,3288.1,4024.0,211,2,4023.9,10,1,4023.8,42,1,4023.6,42,1,4023.5,3,1,4024.2,1,1,4024.3,3,2,4024.4,5,1,4024.5,12,2,4024.6,40,2
11483,2026-07-02 10:13:56+05:30,4024.2,1,4054.73,460581,106695.0,144721.0,4100.0,4110.0,4022.2,4092.6,23007950,4501.8,3683.4,4440.0,3288.1,4024.0,211,2,4023.9,10,1,4023.8,42,1,4023.6,42,1,4023.5,3,1,4024.2,1,1,4024.3,3,2,4024.4,5,1,4024.5,12,2,4024.6,40,2
11483,2026-07-02 10:13:57+05:30,4024.1,42,4054.72,460719,106620.0,144874.0,4100.0,4110.0,4022.2,4092.6,23007950,4501.8,3683.4,4440.0,3288.1,4024.0,252,3,4023.9,10,1,4023.8,42,1,4023.7,1,1,4023.6,42,1,4024.3,3,2,4024.4,15,2,4024.6,40,2,4024.7,5,1,4024.8,17,2
11483,2026-07-02 10:13:57+05:30,4024.1,4,4054.72,460719,106620.0,144874.0,4100.0,4110.0,4022.2,4092.6,23007950,4501.8,3683.4,4440.0,3288.1,4024.0,252,3,4023.9,10,1,4023.8,42,1,4023.7,1,1,4023.6,42,1,4024.3,3,2,4024.4,15,2,4024.6,40,2,4024.7,5,1,4024.8,17,2
11483,2026-07-02 10:13:58+05:30,4024.3,7,4054.71,460846,106708.0,145029.0,4100.0,4110.0,4022.2,4092.6,23007950,4501.8,3683.4,4440.0,3288.1,4024.2,24,1,4024.0,182,2,4023.9,10,1,4023.8,42,1,4023.7,1,1,4024.3,3,2,4024.4,50,3,4024.7,5,1,4024.8,17,2,4024.9,13,2
11483,2026-07-02 10:13:58+05:30,4024.3,2,4054.71,460846,106708.0,145029.0,4100.0,4110.0,4022.2,4092.6,23007950,4501.8,3683.4,4440.0,3288.1,4024.2,24,1,4024.0,182,2,4023.9,10,1,4023.8,42,1,4023.7,1,1,4024.3,3,2,4024.4,50,3,4024.7,5,1,4024.8,17,2,4024.9,13,2
11483,2026-07-02 10:13:59+05:30,4024.3,3,4054.71,460856,106454.0,145030.0,4100.0,4110.0,4022.2,4092.6,23007950,4501.8,3683.4,4440.0,3288.1,4024.1,42,1,4024.0,140,1,4023.9,52,2,4023.7,43,2,4023.5,3,1,4024.3,2,2,4024.4,40,2,4024.5,23,3,4024.7,5,1,4024.8,17,2
11483,2026-07-02 10:13:59+05:30,4024.3,3,4054.71,460856,106454.0,145030.0,4100.0,4110.0,4022.2,4092.6,23007950,4501.8,3683.4,4440.0,3288.1,4024.1,42,1,4024.0,140,1,4023.9,52,2,4023.7,43,2,4023.5,3,1,4024.3,2,2,4024.4,40,2,4024.5,23,3,4024.7,5,1,4024.8,17,2
11483,2026-07-02 10:14:00+05:30,4024.4,20,4054.71,460856,106454.0,145030.0,4100.0,4110.0,4022.2,4092.6,23007950,4501.8,3683.4,4440.0,3288.1,4024.1,42,1,4024.0,140,1,4023.9,52,2,4023.7,43,2,4023.5,3,1,4024.3,2,2,4024.4,40,2,4024.5,23,3,4024.7,5,1,4024.8,17,2
11483,2026-07-02 10:14:00+05:30,4024.4,20,4054.71,460897,106577.0,144857.0,4100.0,4110.0,4022.2,4092.6,23007950,4501.8,3683.4,4440.0,3288.1,4024.3,60,3,4024.2,43,2,4024.0,182,2,4023.9,10,1,4023.8,42,1,4024.4,10,1,4024.7,5,1,4025.0,5,1,4025.3,15,4,4025.4,5,1
11483,2026-07-02 10:14:01+05:30,4024.4,1,4054.71,460897,106577.0,144857.0,4100.0,4110.0,4022.2,4092.6,23007950,4501.8,3683.4,4440.0,3288.1,4024.3,60,3,4024.2,43,2,4024.0,182,2,4023.9,10,1,4023.8,42,1,4024.4,10,1,4024.7,5,1,4025.0,5,1,4025.3,15,4,4025.4,5,1
11483,2026-07-02 10:14:01+05:30,4024.4,1,4054.71,460898,106767.0,144874.0,4100.0,4110.0,4022.2,4092.6,23007950,4501.8,3683.4,4440.0,3288.1,4024.3,60,3,4024.2,43,2,4024.0,182,2,4023.9,10,1,4023.8,42,1,4024.4,11,3,4024.7,5,1,4025.0,15,2,4025.3,15,4,4025.4,15,2
11483,2026-07-02 10:14:02+05:30,4025.0,1,4054.71,460898,106767.0,144874.0,4100.0,4110.0,4022.2,4092.6,23007950,4501.8,3683.4,4440.0,3288.1,4024.3,60,3,4024.2,43,2,4024.0,182,2,4023.9,10,1,4023.8,42,1,4024.4,11,3,4024.7,5,1,4025.0,15,2,4025.3,15,4,4025.4,15,2
11483,2026-07-02 10:14:02+05:30,4025.0,1,4054.71,460915,107447.0,144433.0,4100.0,4110.0,4022.2,4092.6,23007950,4501.8,3683.4,4440.0,3288.1,4024.8,8,1,4024.7,42,1,4024.6,42,1,4024.5,7,1,4024.4,42,1,4025.0,4,1,4025.1,5,1,4025.3,8,2,4025.4,10,1,4025.5,5,1
11483,2026-07-02 10:14:03+05:30,4025.0,10,4054.71,460915,107447.0,144433.0,4100.0,4110.0,4022.2,4092.6,23007950,4501.8,3683.4,4440.0,3288.1,4024.8,8,1,4024.7,42,1,4024.6,42,1,4024.5,7,1,4024.4,42,1,4025.0,4,1,4025.1,5,1,4025.3,8,2,4025.4,10,1,4025.5,5,1
11483,2026-07-02 10:14:03+05:30,4025.0,10,4054.71,460953,107550.0,144295.0,4100.0,4110.0,4022.2,4092.6,23007950,4501.8,3683.4,4440.0,3288.1,4025.0,55,2,4024.9,42,1,4024.8,42,1,4024.6,42,1,4024.5,7,1,4025.2,9,1,4025.3,24,4,4025.5,5,1,4025.7,15,2,4025.8,28,3
11483,2026-07-02 10:14:04+05:30,4025.0,34,4054.71,460953,107550.0,144295.0,4100.0,4110.0,4022.2,4092.6,23007950,4501.8,3683.4,4440.0,3288.1,4025.0,55,2,4024.9,42,1,4024.8,42,1,4024.6,42,1,4024.5,7,1,4025.2,9,1,4025.3,24,4,4025.5,5,1,4025.7,15,2,4025.8,28,3
11483,2026-07-02 10:14:05+05:30,4025.0,34,4054.7,461093,107383.0,144268.0,4100.0,4110.0,4022.2,4092.6,23007950,4501.8,3683.4,4440.0,3288.1,4024.8,42,1,4024.6,42,1,4024.5,7,1,4024.4,2,1,4024.3,15,2,4025.0,32,4,4025.1,6,1,4025.2,17,3,4025.3,8,2,4025.4,13,2
11483,2026-07-02 10:14:05+05:30,4025.0,3,4054.7,461093,107383.0,144268.0,4100.0,4110.0,4022.2,4092.6,23007950,4501.8,3683.4,4440.0,3288.1,4024.8,42,1,4024.6,42,1,4024.5,7,1,4024.4,2,1,4024.3,15,2,4025.0,32,4,4025.1,6,1,4025.2,17,3,4025.3,8,2,4025.4,13,2
11483,2026-07-02 10:14:06+05:30,4025.0,25,4054.69,461171,107343.0,144520.0,4100.0,4110.0,4022.2,4092.6,23007950,4501.8,3683.4,4440.0,3288.1,4024.6,42,1,4024.5,7,1,4024.4,44,2,4024.3,15,2,4024.2,1,1,4025.0,31,4,4025.1,21,2,4025.2,25,4,4025.3,5,1,4025.4,10,1
11483,2026-07-02 10:14:06+05:30,4024.4,2,4054.69,461171,107343.0,144520.0,4100.0,4110.0,4022.2,4092.6,23007950,4501.8,3683.4,4440.0,3288.1,4024.6,42,1,4024.5,7,1,4024.4,44,2,4024.3,15,2,4024.2,1,1,4025.0,31,4,4025.1,21,2,4025.2,25,4,4025.3,5,1,4025.4,10,1
11483,2026-07-02 10:14:07+05:30,4024.4,2,4054.69,461287,106415.0,144462.0,4100.0,4110.0,4022.2,4092.6,23007950,4501.8,3683.4,4440.0,3288.1,4024.3,83,2,4024.2,42,1,4024.1,42,1,4024.0,159,5,4023.9,10,1,4024.4,38,6,4024.5,21,4,4024.6,26,3,4024.7,5,1,4024.8,10,1
11483,2026-07-02 10:14:07+05:30,4023.0,4,4054.69,461287,106415.0,144462.0,4100.0,4110.0,4022.2,4092.6,23007950,4501.8,3683.4,4440.0,3288.1,4024.3,83,2,4024.2,42,1,4024.1,42,1,4024.0,159,5,4023.9,10,1,4024.4,38,6,4024.5,21,4,4024.6,26,3,4024.7,5,1,4024.8,10,1
11483,2026-07-02 10:14:08+05:30,4023.0,5,4054.6,462534,104300.0,145830.0,4100.0,4110.0,4022.2,4092.6,23007950,4501.8,3683.4,4440.0,3288.1,4023.0,63,1,4022.9,71,4,4022.8,42,1,4022.7,1,1,4022.6,100,1,4023.3,29,4,4023.5,6,1,4023.6,20,3,4023.7,7,2,4023.9,15,3
11483,2026-07-02 10:14:08+05:30,4022.2,1,4054.6,462534,104300.0,145830.0,4100.0,4110.0,4022.2,4092.6,23007950,4501.8,3683.4,4440.0,3288.1,4023.0,63,1,4022.9,71,4,4022.8,42,1,4022.7,1,1,4022.6,100,1,4023.3,29,4,4023.5,6,1,4023.6,20,3,4023.7,7,2,4023.9,15,3
11483,2026-07-02 10:14:09+05:30,4022.4,78,4054.56,463168,103941.0,146358.0,4100.0,4110.0,4022.2,4092.6,23007950,4501.8,3683.4,4440.0,3288.1,4022.1,16,3,4022.0,531,40,4021.8,52,2,4021.5,200,3,4021.4,13,2,4022.5,5,1,4022.6,14,2,4022.7,4,1,4023.0,13,2,4023.2,16,3
11483,2026-07-02 10:14:09+05:30,4022.1,42,4054.56,463168,103941.0,146358.0,4100.0,4110.0,4022.2,4092.6,23007950,4501.8,3683.4,4440.0,3288.1,4022.1,16,3,4022.0,531,40,4021.8,52,2,4021.5,200,3,4021.4,13,2,4022.5,5,1,4022.6,14,2,4022.7,4,1,4023.0,13,2,4023.2,16,3
11483,2026-07-02 10:14:10+05:30,4022.0,1,4054.52,463680,103634.0,146620.0,4100.0,4110.0,4022.0,4092.6,23007950,4501.8,3683.4,4440.0,3288.1,4022.0,158,14,4021.9,42,1,4021.8,10,1,4021.7,42,1,4021.5,200,3,4022.3,27,3,4022.4,11,3,4022.7,14,2,4022.9,7,1,4023.0,69,4
11483,2026-07-02 10:14:10+05:30,4022.3,1,4054.52,463680,103634.0,146620.0,4100.0,4110.0,4022.0,4092.6,23007950,4501.8,3683.4,4440.0,3288.1,4022.0,158,14,4021.9,42,1,4021.8,10,1,4021.7,42,1,4021.5,200,3,4022.3,27,3,4022.4,11,3,4022.7,14,2,4022.9,7,1,4023.0,69,4
11483,2026-07-02 10:14:11+05:30,4022.3,1,4054.51,463847,103742.0,146178.0,4100.0,4110.0,4022.0,4092.6,23007950,4501.8,3683.4,4440.0,3288.1,4022.2,20,1,4022.0,87,14,4021.8,52,2,4021.6,42,1,4021.5,200,3,4022.3,1,1,4022.4,6,2,4022.7,4,1,4023.0,50,1,4023.2,5,1
11483,2026-07-02 10:14:11+05:30,4022.4,3,4054.51,463847,103742.0,146178.0,4100.0,4110.0,4022.0,4092.6,23007950,4501.8,3683.4,4440.0,3288.1,4022.2,20,1,4022.0,87,14,4021.8,52,2,4021.6,42,1,4021.5,200,3,4022.3,1,1,4022.4,6,2,4022.7,4,1,4023.0,50,1,4023.2,5,1
11483,2026-07-02 10:14:12+05:30,4022.2,26,4054.5,463934,103884.0,145775.0,4100.0,4110.0,4022.0,4092.6,23007950,4501.8,3683.4,4440.0,3288.1,4022.1,42,1,4022.0,87,14,4021.9,42,1,4021.8,10,1,4021.7,42,1,4022.2,6,1,4022.4,9,5,4022.7,4,1,4023.0,55,2,4023.2,10,1
11483,2026-07-02 10:14:12+05:30,4022.2,4,4054.5,463934,103884.0,145775.0,4100.0,4110.0,4022.0,4092.6,23007950,4501.8,3683.4,4440.0,3288.1,4022.1,42,1,4022.0,87,14,4021.9,42,1,4021.8,10,1,4021.7,42,1,4022.2,6,1,4022.4,9,5,4022.7,4,1,4023.0,55,2,4023.2,10,1
11483,2026-07-02 10:14:13+05:30,4022.3,4,4054.5,463989,104034.0,145723.0,4100.0,4110.0,4022.0,4092.6,23007950,4501.8,3683.4,4440.0,3288.1,4022.3,38,1,4022.2,43,2,4022.0,135,18,4021.8,52,2,4021.5,215,4,4022.4,4,3,4023.0,55,2,4023.5,6,1,4023.6,5,1,4023.7,11,1
11483,2026-07-02 10:14:13+05:30,4022.3,1,4054.5,463989,104034.0,145723.0,4100.0,4110.0,4022.0,4092.6,23007950,4501.8,3683.4,4440.0,3288.1,4022.3,38,1,4022.2,43,2,4022.0,135,18,4021.8,52,2,4021.5,215,4,4022.4,4,3,4023.0,55,2,4023.5,6,1,4023.6,5,1,4023.7,11,1
11483,2026-07-02 10:14:14+05:30,4023.0,24,4054.5,464054,104322.0,145431.0,4100.0,4110.0,4022.0,4092.6,23007950,4501.8,3683.4,4440.0,3288.1,4022.7,46,1,4022.5,42,1,4022.3,49,2,4022.2,6,2,4022.1,72,3,4023.0,26,1,4023.5,6,1,4023.6,5,1,4023.8,12,1,4023.9,5,2
11483,2026-07-02 10:14:14+05:30,4023.0,24,4054.5,464054,104322.0,145431.0,4100.0,4110.0,4022.0,4092.6,23007950,4501.8,3683.4,4440.0,3288.1,4022.7,46,1,4022.5,42,1,4022.3,49,2,4022.2,6,2,4022.1,72,3,4023.0,26,1,4023.5,6,1,4023.6,5,1,4023.8,12,1,4023.9,5,2
11483,2026-07-02 10:14:15+05:30,4023.0,24,4054.5,464054,104322.0,145431.0,4100.0,4110.0,4022.0,4092.6,23007950,4501.8,3683.4,4440.0,3288.1,4022.7,46,1,4022.5,42,1,4022.3,49,2,4022.2,6,2,4022.1,72,3,4023.0,26,1,4023.5,6,1,4023.6,5,1,4023.8,12,1,4023.9,5,2
11483,2026-07-02 10:14:15+05:30,4023.0,4,4054.5,464062,104354.0,145548.0,4100.0,4110.0,4022.0,4092.6,23007950,4501.8,3683.4,4440.0,3288.1,4022.7,42,1,4022.5,42,1,4022.3,49,2,4022.2,1,1,4022.1,3,1,4023.0,20,3,4023.2,10,1,4023.4,5,1,4023.5,6,1,4023.6,15,2
11483,2026-07-02 10:14:15+05:30,4023.0,4,4054.5,464062,104354.0,145548.0,4100.0,4110.0,4022.0,4092.6,23007950,4501.8,3683.4,4440.0,3288.1,4022.7,42,1,4022.5,42,1,4022.3,49,2,4022.2,1,1,4022.1,3,1,4023.0,20,3,4023.2,10,1,4023.4,5,1,4023.5,6,1,4023.6,15,2
11483,2026-07-02 10:14:16+05:30,4023.0,4,4054.5,464062,104354.0,145548.0,4100.0,4110.0,4022.0,4092.6,23007950,4501.8,3683.4,4440.0,3288.1,4022.7,42,1,4022.5,42,1,4022.3,49,2,4022.2,1,1,4022.1,3,1,4023.0,20,3,4023.2,10,1,4023.4,5,1,4023.5,6,1,4023.6,15,2
11483,2026-07-02 10:14:16+05:30,4023.0,4,4054.49,464071,104751.0,145593.0,4100.0,4110.0,4022.0,4092.6,23007950,4501.8,3683.4,4440.0,3288.1,4022.9,46,1,4022.7,42,1,4022.5,42,1,4022.3,51,3,4022.2,16,2,4023.0,12,4,4023.5,6,1,4023.6,15,2,4023.9,15,3,4024.0,102,7
11483,2026-07-02 10:14:16+05:30,4023.0,4,4054.49,464071,104751.0,145593.0,4100.0,4110.0,4022.0,4092.6,23007950,4501.8,3683.4,4440.0,3288.1,4022.9,46,1,4022.7,42,1,4022.5,42,1,4022.3,51,3,4022.2,16,2,4023.0,12,4,4023.5,6,1,4023.6,15,2,4023.9,15,3,4024.0,102,7
11483,2026-07-02 10:14:16+05:30,4023.0,4,4054.49,464071,104751.0,145593.0,4100.0,4110.0,4022.0,4092.6,23007950,4501.8,3683.4,4440.0,3288.1,4022.9,46,1,4022.7,42,1,4022.5,42,1,4022.3,51,3,4022.2,16,2,4023.0,12,4,4023.5,6,1,4023.6,15,2,4023.9,15,3,4024.0,102,7
11483,2026-07-02 10:14:17+05:30,4023.0,4,4054.49,464071,104751.0,145593.0,4100.0,4110.0,4022.0,4092.6,23007950,4501.8,3683.4,4440.0,3288.1,4022.9,46,1,4022.7,42,1,4022.5,42,1,4022.3,51,3,4022.2,16,2,4023.0,12,4,4023.5,6,1,4023.6,15,2,4023.9,15,3,4024.0,102,7
11483,2026-07-02 10:14:17+05:30,4023.0,1,4054.49,464075,104409.0,146046.0,4100.0,4110.0,4022.0,4092.6,23007950,4501.8,3683.4,4440.0,3288.1,4022.3,12,2,4022.2,1,1,4022.1,3,1,4022.0,200,20,4021.8,10,1,4023.0,9,5,4023.5,6,1,4023.6,5,1,4023.9,15,3,4024.0,64,6
11483,2026-07-02 10:14:17+05:30,4023.0,1,4054.49,464075,104409.0,146046.0,4100.0,4110.0,4022.0,4092.6,23007950,4501.8,3683.4,4440.0,3288.1,4022.3,12,2,4022.2,1,1,4022.1,3,1,4022.0,200,20,4021.8,10,1,4023.0,9,5,4023.5,6,1,4023.6,5,1,4023.9,15,3,4024.0,64,6
11483,2026-07-02 10:14:17+05:30,4023.0,1,4054.49,464075,104409.0,146046.0,4100.0,4110.0,4022.0,4092.6,23007950,4501.8,3683.4,4440.0,3288.1,4022.3,12,2,4022.2,1,1,4022.1,3,1,4022.0,200,20,4021.8,10,1,4023.0,9,5,4023.5,6,1,4023.6,5,1,4023.9,15,3,4024.0,64,6
11483,2026-07-02 10:14:18+05:30,4023.0,1,4054.49,464075,104409.0,146046.0,4100.0,4110.0,4022.0,4092.6,23007950,4501.8,3683.4,4440.0,3288.1,4022.3,12,2,4022.2,1,1,4022.1,3,1,4022.0,200,20,4021.8,10,1,4023.0,9,5,4023.5,6,1,4023.6,5,1,4023.9,15,3,4024.0,64,6
11483,2026-07-02 10:14:18+05:30,4022.4,1,4054.49,464081,104411.0,146259.0,4100.0,4110.0,4022.0,4092.6,23007950,4501.8,3683.4,4440.0,3288.1,4022.3,12,2,4022.2,1,1,4022.1,22,2,4022.0,174,20,4021.9,6,1,4022.4,8,3,4023.0,114,6,4023.5,6,1,4023.6,5,1,4023.8,33,2
11483,2026-07-02 10:14:18+05:30,4022.4,1,4054.49,464081,104411.0,146259.0,4100.0,4110.0,4022.0,4092.6,23007950,4501.8,3683.4,4440.0,3288.1,4022.3,12,2,4022.2,1,1,4022.1,22,2,4022.0,174,20,4021.9,6,1,4022.4,8,3,4023.0,114,6,4023.5,6,1,4023.6,5,1,4023.8,33,2
11483,2026-07-02 10:14:18+05:30,4022.4,1,4054.49,464081,104411.0,146259.0,4100.0,4110.0,4022.0,4092.6,23007950,4501.8,3683.4,4440.0,3288.1,4022.3,12,2,4022.2,1,1,4022.1,22,2,4022.0,174,20,4021.9,6,1,4022.4,8,3,4023.0,114,6,4023.5,6,1,4023.6,5,1,4023.8,33,2
11483,2026-07-02 10:14:19+05:30,4022.4,1,4054.49,464081,104411.0,146259.0,4100.0,4110.0,4022.0,4092.6,23063950,4501.8,3683.4,4440.0,3288.1,4022.3,12,2,4022.2,1,1,4022.1,22,2,4022.0,174,20,4021.9,6,1,4022.4,8,3,4023.0,114,6,4023.5,6,1,4023.6,5,1,4023.8,33,2
11483,2026-07-02 10:14:19+05:30,4022.3,1,4054.49,464086,104372.0,146396.0,4100.0,4110.0,4022.0,4092.6,23063950,4501.8,3683.4,4440.0,3288.1,4022.2,1,1,4022.1,22,2,4022.0,174,20,4021.8,10,1,4021.6,10,1,4022.3,1,1,4022.4,7,3,4023.0,112,4,4023.3,10,1,4023.5,6,1
11483,2026-07-02 10:14:19+05:30,4022.3,1,4054.49,464086,104372.0,146396.0,4100.0,4110.0,4022.0,4092.6,23063950,4501.8,3683.4,4440.0,3288.1,4022.2,1,1,4022.1,22,2,4022.0,174,20,4021.8,10,1,4021.6,10,1,4022.3,1,1,4022.4,7,3,4023.0,112,4,4023.3,10,1,4023.5,6,1
11483,2026-07-02 10:14:20+05:30,4022.3,1,4054.49,464086,104372.0,146396.0,4100.0,4110.0,4022.0,4092.6,23063950,4501.8,3683.4,4440.0,3288.1,4022.2,1,1,4022.1,22,2,4022.0,174,20,4021.8,10,1,4021.6,10,1,4022.3,1,1,4022.4,7,3,4023.0,112,4,4023.3,10,1,4023.5,6,1
11483,2026-07-02 10:14:20+05:30,4022.2,1,4054.49,464086,104372.0,146396.0,4100.0,4110.0,4022.0,4092.6,23063950,4501.8,3683.4,4440.0,3288.1,4022.2,1,1,4022.1,22,2,4022.0,174,20,4021.8,10,1,4021.6,10,1,4022.3,1,1,4022.4,7,3,4023.0,112,4,4023.3,10,1,4023.5,6,1
11483,2026-07-02 10:14:21+05:30,4022.2,1,4054.49,464086,104372.0,146396.0,4100.0,4110.0,4022.0,4092.6,23063950,4501.8,3683.4,4440.0,3288.1,4022.2,1,1,4022.1,22,2,4022.0,174,20,4021.8,10,1,4021.6,10,1,4022.3,1,1,4022.4,7,3,4023.0,112,4,4023.3,10,1,4023.5,6,1
11483,2026-07-02 10:14:21+05:30,4022.0,6,4054.49,464136,104069.0,146468.0,4100.0,4110.0,4022.0,4092.6,23063950,4501.8,3683.4,4440.0,3288.1,4022.0,129,15,4021.8,10,1,4021.5,214,4,4021.4,36,3,4021.3,21,3,4022.3,2,2,4022.4,2,2,4023.0,111,3,4023.3,10,1,4023.5,44,4
11483,2026-07-02 10:14:21+05:30,4022.0,1,4054.49,464136,104069.0,146468.0,4100.0,4110.0,4022.0,4092.6,23063950,4501.8,3683.4,4440.0,3288.1,4022.0,129,15,4021.8,10,1,4021.5,214,4,4021.4,36,3,4021.3,21,3,4022.3,2,2,4022.4,2,2,4023.0,111,3,4023.3,10,1,4023.5,44,4
11483,2026-07-02 10:14:22+05:30,4022.0,6,4054.48,464216,104123.0,146580.0,4100.0,4110.0,4022.0,4092.6,23063950,4501.8,3683.4,4440.0,3288.1,4022.0,80,4,4021.8,10,1,4021.5,200,3,4021.4,13,2,4021.3,21,3,4022.5,32,1,4023.0,111,3,4023.3,10,1,4023.4,8,1,4023.5,63,4
11483,2026-07-02 10:14:22+05:30,4022.0,2,4054.48,464216,104123.0,146580.0,4100.0,4110.0,4022.0,4092.6,23063950,4501.8,3683.4,4440.0,3288.1,4022.0,80,4,4021.8,10,1,4021.5,200,3,4021.4,13,2,4021.3,21,3,4022.5,32,1,4023.0,111,3,4023.3,10,1,4023.4,8,1,4023.5,63,4
11483,2026-07-02 10:14:23+05:30,4022.4,1,4054.48,464232,103459.0,146407.0,4100.0,4110.0,4022.0,4092.6,23063950,4501.8,3683.4,4440.0,3288.1,4022.0,67,4,4021.8,10,1,4021.5,200,3,4021.4,1,1,4021.3,9,2,4022.3,5,1,4022.5,47,3,4022.6,5,2,4022.9,7,1,4023.0,120,3
11483,2026-07-02 10:14:23+05:30,4021.8,10,4054.48,464232,103459.0,146407.0,4100.0,4110.0,4022.0,4092.6,23063950,4501.8,3683.4,4440.0,3288.1,4022.0,67,4,4021.8,10,1,4021.5,200,3,4021.4,1,1,4021.3,9,2,4022.3,5,1,4022.5,47,3,4022.6,5,2,4022.9,7,1,4023.0,120,3
11483,2026-07-02 10:14:24+05:30,4021.9,1,4054.47,464355,103469.0,148809.0,4100.0,4110.0,4021.8,4092.6,23063950,4501.8,3683.4,4440.0,3288.1,4021.5,200,3,4021.4,1,1,4021.3,9,2,4021.2,11,2,4021.1,74,9,4021.9,6,3,4022.0,17,2,4022.1,10,1,4022.3,1558,4,4022.4,10,1
11483,2026-07-02 10:14:24+05:30,4021.9,1,4054.47,464355,103469.0,148809.0,4100.0,4110.0,4021.8,4092.6,23063950,4501.8,3683.4,4440.0,3288.1,4021.5,200,3,4021.4,1,1,4021.3,9,2,4021.2,11,2,4021.1,74,9,4021.9,6,3,4022.0,17,2,4022.1,10,1,4022.3,1558,4,4022.4,10,1
11483,2026-07-02 10:14:25+05:30,4021.8,1,4054.46,464557,104140.0,148832.0,4100.0,4110.0,4021.5,4092.6,23063950,4501.8,3683.4,4440.0,3288.1,4021.6,175,1,4021.5,4,1,4021.4,1,1,4021.3,9,2,4021.2,11,2,4021.8,11,3,4021.9,7,3,4022.0,21,3,4022.1,12,3,4022.3,1580,4
11483,2026-07-02 10:14:25+05:30,4020.8,3,4054.46,464557,104140.0,148832.0,4100.0,4110.0,4021.5,4092.6,23063950,4501.8,3683.4,4440.0,3288.1,4021.6,175,1,4021.5,4,1,4021.4,1,1,4021.3,9,2,4021.2,11,2,4021.8,11,3,4021.9,7,3,4022.0,21,3,4022.1,12,3,4022.3,1580,4
11483,2026-07-02 10:14:26+05:30,4022.3,2,4054.36,465924,101696.0,148591.0,4100.0,4110.0,4020.6,4092.6,23063950,4501.8,3683.4,4440.0,3288.1,4020.6,24,2,4020.5,39,6,4020.3,20,5,4020.2,22,4,4020.1,311,13,4021.8,30,4,4021.9,48,5,4022.0,33,4,4022.1,66,6,4022.2,24,3
11483,2026-07-02 10:14:26+05:30,4021.8,4,4054.36,465924,101696.0,148591.0,4100.0,4110.0,4020.6,4092.6,23063950,4501.8,3683.4,4440.0,3288.1,4020.6,24,2,4020.5,39,6,4020.3,20,5,4020.2,22,4,4020.1,311,13,4021.8,30,4,4021.9,48,5,4022.0,33,4,4022.1,66,6,4022.2,24,3
11483,2026-07-02 10:14:27+05:30,4022.0,6,4054.36,465950,102951.0,148023.0,4100.0,4110.0,4020.6,4092.6,23063950,4501.8,3683.4,4440.0,3288.1,4021.9,10,1,4020.7,19,1,4020.6,72,3,4020.5,56,7,4020.4,6,1,4022.0,2,2,4022.1,6,1,4022.2,22,2,4022.3,1619,7,4022.4,35,1
11483,2026-07-02 10:14:27+05:30,4022.0,1,4054.36,465950,102951.0,148023.0,4100.0,4110.0,4020.6,4092.6,23063950,4501.8,3683.4,4440.0,3288.1,4021.9,10,1,4020.7,19,1,4020.6,72,3,4020.5,56,7,4020.4,6,1,4022.0,2,2,4022.1,6,1,4022.2,22,2,4022.3,1619,7,4022.4,35,1
11483,2026-07-02 10:14:28+05:30,4021.0,7,4054.36,465968,102871.0,147947.0,4100.0,4110.0,4020.6,4092.6,23063950,4501.8,3683.4,4440.0,3288.1,4020.9,1,1,4020.7,14,1,4020.6,44,3,4020.5,39,6,4020.4,33,2,4021.8,5,1,4021.9,6,1,4022.0,1,1,4022.2,80,2,4022.3,1566,4
11483,2026-07-02 10:14:28+05:30,4021.9,2,4054.36,465968,102871.0,147947.0,4100.0,4110.0,4020.6,4092.6,23063950,4501.8,3683.4,4440.0,3288.1,4020.9,1,1,4020.7,14,1,4020.6,44,3,4020.5,39,6,4020.4,33,2,4021.8,5,1,4021.9,6,1,4022.0,1,1,4022.2,80,2,4022.3,1566,4
11483,2026-07-02 10:14:29+05:30,4021.1,3,4054.36,466000,103766.0,147959.0,4100.0,4110.0,4020.6,4092.6,23063950,4501.8,3683.4,4440.0,3288.1,4021.5,250,1,4021.1,21,2,4020.9,22,2,4020.8,2,1,4020.7,45,2,4021.9,1,1,4022.0,6,2,4022.2,32,1,4022.3,1563,3,4022.9,65,5
11483,2026-07-02 10:14:29+05:30,4021.5,3,4054.36,466000,103766.0,147959.0,4100.0,4110.0,4020.6,4092.6,23063950,4501.8,3683.4,4440.0,3288.1,4021.5,250,1,4021.1,21,2,4020.9,22,2,4020.8,2,1,4020.7,45,2,4021.9,1,1,4022.0,6,2,4022.2,32,1,4022.3,1563,3,4022.9,65,5
11483,2026-07-02 10:14:30+05:30,4022.0,1,4054.35,466086,103760.0,147726.0,4100.0,4110.0,4020.6,4092.6,23063950,4501.8,3683.4,4440.0,3288.1,4021.5,229,1,4021.1,7,1,4020.9,22,2,4020.8,2,1,4020.7,45,2,4022.0,60,2,4022.2,32,1,4022.3,1563,3,4022.7,10,1,4022.9,91,6
11483,2026-07-02 10:14:30+05:30,4022.0,1,4054.35,466086,103760.0,147726.0,4100.0,4110.0,4020.6,4092.6,23063950,4501.8,3683.4,4440.0,3288.1,4021.5,229,1,4021.1,7,1,4020.9,22,2,4020.8,2,1,4020.7,45,2,4022.0,60,2,4022.2,32,1,4022.3,1563,3,4022.7,10,1,4022.9,91,6
11483,2026-07-02 10:14:31+05:30,4022.0,1,4054.34,466293,103322.0,147529.0,4100.0,4110.0,4020.6,4092.6,23063950,4501.8,3683.4,4440.0,3288.1,4021.5,25,1,4020.9,22,2,4020.8,2,1,4020.7,45,2,4020.6,24,2,4022.0,78,6,4022.1,10,1,4022.2,32,1,4022.3,1547,2,4022.4,10,1
11483,2026-07-02 10:14:31+05:30,4022.0,1,4054.34,466293,103322.0,147529.0,4100.0,4110.0,4020.6,4092.6,23063950,4501.8,3683.4,4440.0,3288.1,4021.5,25,1,4020.9,22,2,4020.8,2,1,4020.7,45,2,4020.6,24,2,4022.0,78,6,4022.1,10,1,4022.2,32,1,4022.3,1547,2,4022.4,10,1
11483,2026-07-02 10:14:32+05:30,4023.0,5,4054.34,466293,103322.0,147529.0,4100.0,4110.0,4020.6,4092.6,23063950,4501.8,3683.4,4440.0,3288.1,4021.5,25,1,4020.9,22,2,4020.8,2,1,4020.7,45,2,4020.6,24,2,4022.0,78,6,4022.1,10,1,4022.2,32,1,4022.3,1547,2,4022.4,10,1
11483,2026-07-02 10:14:33+05:30,4023.0,5,4054.21,468096,106516.0,143015.0,4100.0,4110.0,4020.6,4092.6,23063950,4501.8,3683.4,4440.0,3288.1,4022.9,10,1,4022.8,28,3,4022.7,11,1,4022.6,58,3,4022.5,54,3,4024.2,16,1,4024.7,22,2,4024.8,13,1,4024.9,18,1,4025.0,501,2
11483,2026-07-02 10:14:33+05:30,4023.0,1,4054.21,468096,106516.0,143015.0,4100.0,4110.0,4020.6,4092.6,23063950,4501.8,3683.4,4440.0,3288.1,4022.9,10,1,4022.8,28,3,4022.7,11,1,4022.6,58,3,4022.5,54,3,4024.2,16,1,4024.7,22,2,4024.8,13,1,4024.9,18,1,4025.0,501,2
11483,2026-07-02 10:14:34+05:30,4023.0,1,4054.21,468210,106173.0,143954.0,4100.0,4110.0,4020.6,4092.6,23063950,4501.8,3683.4,4440.0,3288.1,4022.9,34,2,4022.4,21,2,4022.3,11,1,4022.2,31,2,4022.1,58,5,4023.0,28,3,4024.0,8,1,4024.2,16,1,4024.6,18,2,4024.7,22,2
11483,2026-07-02 10:14:34+05:30,4022.0,112,4054.21,468210,106173.0,143954.0,4100.0,4110.0,4020.6,4092.6,23063950,4501.8,3683.4,4440.0,3288.1,4022.9,34,2,4022.4,21,2,4022.3,11,1,4022.2,31,2,4022.1,58,5,4023.0,28,3,4024.0,8,1,4024.2,16,1,4024.6,18,2,4024.7,22,2
11483,2026-07-02 10:14:35+05:30,4022.9,1,4054.19,468393,105868.0,144193.0,4100.0,4110.0,4020.6,4092.6,23063950,4501.8,3683.4,4440.0,3288.1,4022.1,8,1,4022.0,66,6,4021.9,59,6,4021.7,67,4,4021.6,32,1,4022.9,8,1,4023.0,30,5,4023.9,6,1,4024.0,23,2,4024.2,28,2
11483,2026-07-02 10:14:35+05:30,4022.0,3,4054.19,468393,105868.0,144193.0,4100.0,4110.0,4020.6,4092.6,23063950,4501.8,3683.4,4440.0,3288.1,4022.1,8,1,4022.0,66,6,4021.9,59,6,4021.7,67,4,4021.6,32,1,4022.9,8,1,4023.0,30,5,4023.9,6,1,4024.0,23,2,4024.2,28,2
11483,2026-07-02 10:14:36+05:30,4022.9,8,4054.19,468437,105938.0,144152.0,4100.0,4110.0,4020.6,4092.6,23063950,4501.8,3683.4,4440.0,3288.1,4022.0,100,6,4021.9,59,6,4021.7,67,4,4021.6,32,1,4021.5,86,6,4022.9,5,3,4023.0,30,5,4023.9,6,1,4024.0,23,2,4024.2,28,2
11483,2026-07-02 10:14:36+05:30,4022.9,8,4054.19,468437,105938.0,144152.0,4100.0,4110.0,4020.6,4092.6,23063950,4501.8,3683.4,4440.0,3288.1,4022.0,100,6,4021.9,59,6,4021.7,67,4,4021.6,32,1,4021.5,86,6,4022.9,5,3,4023.0,30,5,4023.9,6,1,4024.0,23,2,4024.2,28,2
11483,2026-07-02 10:14:37+05:30,4022.9,4,4054.19,468447,106062.0,144288.0,4100.0,4110.0,4020.6,4092.6,23063950,4501.8,3683.4,4440.0,3288.1,4022.0,152,8,4021.9,45,5,4021.7,50,3,4021.6,52,3,4021.5,85,6,4022.9,11,5,4023.0,30,5,4023.9,6,1,4024.0,23,2,4024.2,28,2
11483,2026-07-02 10:14:37+05:30,4023.0,2,4054.19,468447,106062.0,144288.0,4100.0,4110.0,4020.6,4092.6,23063950,4501.8,3683.4,4440.0,3288.1,4022.0,152,8,4021.9,45,5,4021.7,50,3,4021.6,52,3,4021.5,85,6,4022.9,11,5,4023.0,30,5,4023.9,6,1,4024.0,23,2,4024.2,28,2
11483,2026-07-02 10:14:38+05:30,4024.0,1,4054.17,468740,107311.0,142160.0,4100.0,4110.0,4020.6,4092.6,23063950,4501.8,3683.4,4440.0,3288.1,4023.3,11,1,4023.2,43,4,4023.1,16,2,4023.0,52,3,4022.9,19,3,4024.0,14,1,4024.7,5,1,4024.9,23,2,4025.0,505,4,4025.1,15,1
11483,2026-07-02 10:14:38+05:30,4024.0,1,4054.17,468740,107311.0,142160.0,4100.0,4110.0,4020.6,4092.6,23063950,4501.8,3683.4,4440.0,3288.1,4023.3,11,1,4023.2,43,4,4023.1,16,2,4023.0,52,3,4022.9,19,3,4024.0,14,1,4024.7,5,1,4024.9,23,2,4025.0,505,4,4025.1,15,1
11483,2026-07-02 10:14:39+05:30,4024.0,2,4054.17,468743,107493.0,143242.0,4100.0,4110.0,4020.6,4092.6,23063950,4501.8,3683.4,4440.0,3288.1,4022.8,25,2,4022.6,9,2,4022.5,19,1,4022.4,12,1,4022.3,31,1,4024.0,14,4,4024.2,5,1,4024.7,49,2,4024.8,10,1,4024.9,40,4
11483,2026-07-02 10:14:39+05:30,4024.0,2,4054.17,468743,107493.0,143242.0,4100.0,4110.0,4020.6,4092.6,23063950,4501.8,3683.4,4440.0,3288.1,4022.8,25,2,4022.6,9,2,4022.5,19,1,4022.4,12,1,4022.3,31,1,4024.0,14,4,4024.2,5,1,4024.7,49,2,4024.8,10,1,4024.9,40,4
11483,2026-07-02 10:14:40+05:30,4023.7,2,4054.17,468745,107042.0,144031.0,4100.0,4110.0,4020.6,4092.6,23063950,4501.8,3683.4,4440.0,3288.1,4022.3,38,3,4022.2,59,2,4022.1,111,5,4022.0,679,13,4021.9,40,4,4023.7,3,1,4023.8,22,2,4023.9,3,1,4024.0,17,5,4024.2,11,2
11483,2026-07-02 10:14:40+05:30,4023.8,17,4054.17,468745,107042.0,144031.0,4100.0,4110.0,4020.6,4092.6,23063950,4501.8,3683.4,4440.0,3288.1,4022.3,38,3,4022.2,59,2,4022.1,111,5,4022.0,679,13,4021.9,40,4,4023.7,3,1,4023.8,22,2,4023.9,3,1,4024.0,17,5,4024.2,11,2
11483,2026-07-02 10:14:41+05:30,4023.8,3,4054.17,468770,106528.0,144701.0,4100.0,4110.0,4020.6,4092.6,23063950,4501.8,3683.4,4440.0,3288.1,4022.0,613,9,4021.9,30,3,4021.5,105,6,4021.4,24,2,4021.3,2,1,4023.2,39,1,4023.3,13,2,4023.4,3,1,4023.5,53,3,4023.6,3,1
11483,2026-07-02 10:14:41+05:30,4023.8,3,4054.17,468770,106528.0,144701.0,4100.0,4110.0,4020.6,4092.6,23063950,4501.8,3683.4,4440.0,3288.1,4022.0,613,9,4021.9,30,3,4021.5,105,6,4021.4,24,2,4021.3,2,1,4023.2,39,1,4023.3,13,2,4023.4,3,1,4023.5,53,3,4023.6,3,1
11483,2026-07-02 10:14:42+05:30,4022.0,1,4054.17,468788,106642.0,144960.0,4100.0,4110.0,4020.6,4092.6,23063950,4501.8,3683.4,4440.0,3288.1,4022.0,595,8,4021.9,30,3,4021.6,7,1,4021.5,73,5,4021.4,24,2,4023.3,21,2,4023.4,3,1,4023.5,53,3,4023.6,14,2,4023.7,15,2
11483,2026-07-02 10:14:42+05:30,4022.0,1,4054.17,468788,106642.0,144960.0,4100.0,4110.0,4020.6,4092.6,23063950,4501.8,3683.4,4440.0,3288.1,4022.0,595,8,4021.9,30,3,4021.6,7,1,4021.5,73,5,4021.4,24,2,4023.3,21,2,4023.4,3,1,4023.5,53,3,4023.6,14,2,4023.7,15,2
11483,2026-07-02 10:14:43+05:30,4022.0,1,4054.17,468788,106642.0,144960.0,4100.0,4110.0,4020.6,4092.6,23063950,4501.8,3683.4,4440.0,3288.1,4021.5,20,3,4021.1,1,1,4021.0,46,3,4020.9,1,1,4020.8,3,2,4022.0,22,2,4022.1,10,3,4022.4,18,2,4022.6,8,1,4022.7,72,4
11483,2026-07-02 10:14:43+05:30,4022.0,1,4054.12,469455,103994.0,145860.0,4100.0,4110.0,4020.6,4092.6,23063950,4501.8,3683.4,4440.0,3288.1,4021.5,20,3,4021.1,1,1,4021.0,46,3,4020.9,1,1,4020.8,3,2,4022.0,22,2,4022.1,10,3,4022.4,18,2,4022.6,8,1,4022.7,72,4
11483,2026-07-02 10:14:44+05:30,4021.1,3,4054.12,469455,103994.0,145860.0,4100.0,4110.0,4020.6,4092.6,23063950,4501.8,3683.4,4440.0,3288.1,4021.5,20,3,4021.1,1,1,4021.0,46,3,4020.9,1,1,4020.8,3,2,4022.0,22,2,4022.1,10,3,4022.4,18,2,4022.6,8,1,4022.7,72,4
11483,2026-07-02 10:14:45+05:30,4021.1,3,4054.12,469491,103347.0,145575.0,4100.0,4110.0,4020.6,4092.6,23063950,4501.8,3683.4,4440.0,3288.1,4021.0,39,2,4020.9,1,1,4020.8,3,2,4020.6,25,3,4020.5,39,6,4021.1,7,3,4021.5,1,1,4021.7,5,1,4022.0,11,2,4022.3,7,1
11483,2026-07-02 10:14:45+05:30,4021.1,3,4054.12,469491,103347.0,145575.0,4100.0,4110.0,4020.6,4092.6,23063950,4501.8,3683.4,4440.0,3288.1,4021.0,39,2,4020.9,1,1,4020.8,3,2,4020.6,25,3,4020.5,39,6,4021.1,7,3,4021.5,1,1,4021.7,5,1,4022.0,11,2,4022.3,7,1
11483,2026-07-02 10:14:46+05:30,4021.1,3,4054.12,469502,103917.0,145735.0,4100.0,4110.0,4020.6,4092.6,23063950,4501.8,3683.4,4440.0,3288.1,4021.0,39,2,4020.9,1,1,4020.8,3,2,4020.6,25,3,4020.5,39,6,4021.1,8,4,4021.5,1,1,4022.0,11,2,4022.3,25,3,4022.5,41,1
11483,2026-07-02 10:14:46+05:30,4022.0,5,4054.12,469502,103917.0,145735.0,4100.0,4110.0,4020.6,4092.6,23063950,4501.8,3683.4,4440.0,3288.1,4021.0,39,2,4020.9,1,1,4020.8,3,2,4020.6,25,3,4020.5,39,6,4021.1,8,4,4021.5,1,1,4022.0,11,2,4022.3,25,3,4022.5,41,1
11483,2026-07-02 10:14:47+05:30,4022.0,6,4054.11,469652,104551.0,145169.0,4100.0,4110.0,4020.6,4092.6,23063950,4501.8,3683.4,4440.0,3288.1,4021.0,11,1,4020.9,1,1,4020.8,4,3,4020.7,29,1,4020.6,25,3,4022.0,5,2,4022.7,40,3,4022.8,27,4,4022.9,31,2,4023.0,39,5
11483,2026-07-02 10:14:47+05:30,4022.0,7,4054.11,469652,104551.0,145169.0,4100.0,4110.0,4020.6,4092.6,23063950,4501.8,3683.4,4440.0,3288.1,4021.0,11,1,4020.9,1,1,4020.8,4,3,4020.7,29,1,4020.6,25,3,4022.0,5,2,4022.7,40,3,4022.8,27,4,4022.9,31,2,4023.0,39,5
11483,2026-07-02 10:14:48+05:30,4022.0,7,4054.1,469812,104555.0,145428.0,4100.0,4110.0,4020.6,4092.6,23063950,4501.8,3683.4,4440.0,3288.1,4021.1,65,1,4020.8,3,2,4020.6,41,4,4020.5,39,6,4020.4,19,1,4022.0,5,3,4022.4,18,2,4022.5,39,1,4022.6,39,1,4022.7,30,3
11483,2026-07-02 10:14:48+05:30,4021.1,3,4054.1,469812,104555.0,145428.0,4100.0,4110.0,4020.6,4092.6,23063950,4501.8,3683.4,4440.0,3288.1,4021.1,65,1,4020.8,3,2,4020.6,41,4,4020.5,39,6,4020.4,19,1,4022.0,5,3,4022.4,18,2,4022.5,39,1,4022.6,39,1,4022.7,30,3
11483,2026-07-02 10:14:49+05:30,4021.1,17,4054.09,469838,104712.0,145627.0,4100.0,4110.0,4020.6,4092.6,23063950,4501.8,3683.4,4440.0,3288.1,4021.1,40,1,4020.8,3,2,4020.6,41,4,4020.5,39,6,4020.4,36,2,4022.0,4,3,4022.4,18,2,4022.5,50,2,4022.6,77,2,4022.7,30,3
11483,2026-07-02 10:14:49+05:30,4021.9,3,4054.09,469838,104712.0,145627.0,4100.0,4110.0,4020.6,4092.6,23063950,4501.8,3683.4,4440.0,3288.1,4021.1,40,1,4020.8,3,2,4020.6,41,4,4020.5,39,6,4020.4,36,2,4022.0,4,3,4022.4,18,2,4022.5,50,2,4022.6,77,2,4022.7,30,3
11483,2026-07-02 10:14:50+05:30,4021.9,3,4054.09,469845,104827.0,145747.0,4100.0,4110.0,4020.6,4092.6,23063950,4501.8,3683.4,4440.0,3288.1,4021.1,36,1,4021.0,110,1,4020.8,3,2,4020.6,25,3,4020.5,39,6,4021.9,72,1,4022.0,52,5,4022.4,18,2,4022.5,39,1,4022.6,77,2
11483,2026-07-02 10:14:51+05:30,4021.9,5,4054.09,469850,104911.0,145737.0,4100.0,4110.0,4020.6,4092.6,23063950,4501.8,3683.4,4440.0,3288.1,4021.1,36,1,4021.0,157,2,4020.8,3,2,4020.6,25,3,4020.5,39,6,4021.9,68,2,4022.0,52,5,4022.4,18,2,4022.5,39,1,4022.6,77,2
11483,2026-07-02 10:14:51+05:30,4021.9,1,4054.09,469850,104911.0,145737.0,4100.0,4110.0,4020.6,4092.6,23063950,4501.8,3683.4,4440.0,3288.1,4021.1,36,1,4021.0,157,2,4020.8,3,2,4020.6,25,3,4020.5,39,6,4021.9,68,2,4022.0,52,5,4022.4,18,2,4022.5,39,1,4022.6,77,2
11483,2026-07-02 10:14:52+05:30,4021.9,2,4054.09,469857,104930.0,145796.0,4100.0,4110.0,4020.6,4092.6,23063950,4501.8,3683.4,4440.0,3288.1,4021.1,32,1,4021.0,169,4,4020.8,3,2,4020.6,25,3,4020.5,39,6,4021.9,65,2,4022.0,51,4,4022.4,53,3,4022.5,39,1,4022.6,88,3
11483,2026-07-02 10:14:52+05:30,4021.9,2,4054.09,469857,104930.0,145796.0,4100.0,4110.0,4020.6,4092.6,23063950,4501.8,3683.4,4440.0,3288.1,4021.1,32,1,4021.0,169,4,4020.8,3,2,4020.6,25,3,4020.5,39,6,4021.9,65,2,4022.0,51,4,4022.4,53,3,4022.5,39,1,4022.6,88,3
11483,2026-07-02 10:14:53+05:30,4021.1,25,4054.09,469905,104432.0,145710.0,4100.0,4110.0,4020.6,4092.6,23063950,4501.8,3683.4,4440.0,3288.1,4021.1,65,1,4021.0,169,4,4020.8,3,2,4020.6,25,3,4020.5,71,7,4021.7,5,1,4021.9,67,4,4022.0,60,3,4022.3,10,1,4022.4,66,5
11483,2026-07-02 10:14:53+05:30,4021.1,6,4054.09,469905,104432.0,145710.0,4100.0,4110.0,4020.6,4092.6,23063950,4501.8,3683.4,4440.0,3288.1,4021.1,65,1,4021.0,169,4,4020.8,3,2,4020.6,25,3,4020.5,71,7,4021.7,5,1,4021.9,67,4,4022.0,60,3,4022.3,10,1,4022.4,66,5
11483,2026-07-02 10:14:54+05:30,4022.0,1,4054.06,470330,104832.0,145242.0,4100.0,4110.0,4020.6,4092.6,23063950,4501.8,3683.4,4440.0,3288.1,4021.9,78,1,4021.1,65,1,4021.0,169,4,4020.9,7,1,4020.8,3,2,4022.0,54,2,4022.4,41,2,4022.6,11,1,4022.7,22,3,4022.8,191,4
11483,2026-07-02 10:14:54+05:30,4022.0,1,4054.06,470330,104832.0,145242.0,4100.0,4110.0,4020.6,4092.6,23063950,4501.8,3683.4,4440.0,3288.1,4021.9,78,1,4021.1,65,1,4021.0,169,4,4020.9,7,1,4020.8,3,2,4022.0,54,2,4022.4,41,2,4022.6,11,1,4022.7,22,3,4022.8,191,4
11483,2026-07-02 10:14:55+05:30,4022.0,5,4054.06,470355,105010.0,145393.0,4100.0,4110.0,4020.6,4092.6,23063950,4501.8,3683.4,4440.0,3288.1,4021.9,58,1,4021.1,65,1,4021.0,169,4,4020.9,7,1,4020.8,3,2,4022.0,79,7,4022.3,38,2,4022.4,20,3,4022.7,33,4,4022.8,36,4
11483,2026-07-02 10:14:55+05:30,4022.0,5,4054.06,470355,105010.0,145393.0,4100.0,4110.0,4020.6,4092.6,23063950,4501.8,3683.4,4440.0,3288.1,4021.9,58,1,4021.1,65,1,4021.0,169,4,4020.9,7,1,4020.8,3,2,4022.0,79,7,4022.3,38,2,4022.4,20,3,4022.7,33,4,4022.8,36,4
11483,2026-07-02 10:14:56+05:30,4021.7,5,4054.05,470418,103996.0,145881.0,4100.0,4110.0,4020.6,4092.6,23063950,4501.8,3683.4,4440.0,3288.1,4021.1,65,1,4021.0,169,4,4020.8,3,2,4020.6,25,3,4020.5,39,6,4021.8,25,3,4021.9,27,3,4022.0,82,9,4022.1,11,1,4022.2,3,1
11483,2026-07-02 10:14:56+05:30,4021.7,5,4054.05,470418,103996.0,145881.0,4100.0,4110.0,4020.6,4092.6,23063950,4501.8,3683.4,4440.0,3288.1,4021.1,65,1,4021.0,169,4,4020.8,3,2,4020.6,25,3,4020.5,39,6,4021.8,25,3,4021.9,27,3,4022.0,82,9,4022.1,11,1,4022.2,3,1
11483,2026-07-02 10:14:57+05:30,4021.1,5,4054.05,470491,104626.0,146096.0,4100.0,4110.0,4020.6,4092.6,23063950,4501.8,3683.4,4440.0,3288.1,4021.1,58,1,4021.0,169,4,4020.8,3,2,4020.6,25,3,4020.5,39,6,4021.8,8,1,4022.0,61,11,4022.3,70,3,4022.4,29,3,4022.5,10,1
11483,2026-07-02 10:14:57+05:30,4021.1,1,4054.05,470491,104626.0,146096.0,4100.0,4110.0,4020.6,4092.6,23063950,4501.8,3683.4,4440.0,3288.1,4021.1,58,1,4021.0,169,4,4020.8,3,2,4020.6,25,3,4020.5,39,6,4021.8,8,1,4022.0,61,11,4022.3,70,3,4022.4,29,3,4022.5,10,1
11483,2026-07-02 10:14:58+05:30,4021.8,7,4054.05,470508,104718.0,145994.0,4100.0,4110.0,4020.6,4092.6,23063950,4501.8,3683.4,4440.0,3288.1,4021.1,57,1,4021.0,169,4,4020.8,3,2,4020.6,25,3,4020.5,39,6,4021.9,12,1,4022.0,72,12,4022.1,35,1,4022.3,35,2,4022.4,29,3
11483,2026-07-02 10:14:58+05:30,4021.8,7,4054.05,470508,104718.0,145994.0,4100.0,4110.0,4020.6,4092.6,23063950,4501.8,3683.4,4440.0,3288.1,4021.1,57,1,4021.0,169,4,4020.8,3,2,4020.6,25,3,4020.5,39,6,4021.9,12,1,4022.0,72,12,4022.1,35,1,4022.3,35,2,4022.4,29,3
11483,2026-07-02 10:14:59+05:30,4021.1,47,4054.04,470645,104430.0,146305.0,4100.0,4110.0,4020.6,4092.6,23063950,4501.8,3683.4,4440.0,3288.1,4021.1,2,1,4021.0,170,5,4020.8,3,2,4020.6,25,3,4020.5,39,6,4021.4,8,1,4021.5,22,2,4021.7,5,1,4021.8,13,3,4022.0,90,11
11483,2026-07-02 10:14:59+05:30,4021.1,16,4054.04,470645,104430.0,146305.0,4100.0,4110.0,4020.6,4092.6,23063950,4501.8,3683.4,4440.0,3288.1,4021.1,2,1,4021.0,170,5,4020.8,3,2,4020.6,25,3,4020.5,39,6,4021.4,8,1,4021.5,22,2,4021.7,5,1,4021.8,13,3,4022.0,90,11
11483,2026-07-02 10:15:00+05:30,4021.1,7,4054.04,470645,104430.0,146305.0,4100.0,4110.0,4020.6,4092.6,23063950,4501.8,3683.4,4440.0,3288.1,4021.1,2,1,4021.0,170,5,4020.8,3,2,4020.6,25,3,4020.5,39,6,4021.4,8,1,4021.5,22,2,4021.7,5,1,4021.8,13,3,4022.0,90,11
11483,2026-07-02 10:15:00+05:30,4021.1,7,4054.03,470708,104651.0,146198.0,4100.0,4110.0,4020.6,4092.6,23063950,4501.8,3683.4,4440.0,3288.1,4021.1,38,1,4021.0,170,5,4020.8,3,2,4020.6,25,3,4020.5,39,6,4021.4,10,3,4021.7,5,1,4021.8,13,3,4022.0,88,9,4022.1,46,2
11483,2026-07-02 10:15:01+05:30,4020.8,2,4054.03,470708,104651.0,146198.0,4100.0,4110.0,4020.6,4092.6,23063950,4501.8,3683.4,4440.0,3288.1,4021.1,38,1,4021.0,170,5,4020.8,3,2,4020.6,25,3,4020.5,39,6,4021.4,10,3,4021.7,5,1,4021.8,13,3,4022.0,88,9,4022.1,46,2
11483,2026-07-02 10:15:02+05:30,4020.8,2,4054.02,470955,103872.0,146665.0,4100.0,4110.0,4020.6,4092.6,23063950,4501.8,3683.4,4440.0,3288.1,4020.6,25,3,4020.5,39,6,4020.3,20,5,4020.2,22,4,4020.1,347,16,4020.9,57,3,4021.0,3,1,4021.1,13,2,4021.2,14,2,4021.3,3,1
11483,2026-07-02 10:15:02+05:30,4020.5,1,4054.02,470955,103872.0,146665.0,4100.0,4110.0,4020.6,4092.6,23063950,4501.8,3683.4,4440.0,3288.1,4020.6,25,3,4020.5,39,6,4020.3,20,5,4020.2,22,4,4020.1,347,16,4020.9,57,3,4021.0,3,1,4021.1,13,2,4021.2,14,2,4021.3,3,1
11483,2026-07-02 10:15:03+05:30,4020.2,6,4054.01,471060,103745.0,146588.0,4100.0,4110.0,4020.2,4092.6,23063950,4501.8,3683.4,4440.0,3288.1,4020.2,9,2,4020.1,347,16,4020.0,4216,231,4019.9,2,2,4019.7,3,2,4020.5,3,3,4020.6,12,2,4020.7,1,1,4020.8,4,2,4020.9,35,1
11483,2026-07-02 10:15:03+05:30,4020.8,2,4054.01,471060,103745.0,146588.0,4100.0,4110.0,4020.2,4092.6,23063950,4501.8,3683.4,4440.0,3288.1,4020.2,9,2,4020.1,347,16,4020.0,4216,231,4019.9,2,2,4019.7,3,2,4020.5,3,3,4020.6,12,2,4020.7,1,1,4020.8,4,2,4020.9,35,1
11483,2026-07-02 10:15:04+05:30,4020.8,2,4054.01,471088,103651.0,146662.0,4100.0,4110.0,4020.2,4092.6,23063950,4501.8,3683.4,4440.0,3288.1,4020.2,1,1,4020.1,347,16,4020.0,4218,231,4019.9,2,2,4019.7,3,2,4020.8,2,2,4020.9,35,1,4021.0,5,1,4021.1,7,2,4021.2,14,2
11483,2026-07-02 10:15:04+05:30,4020.1,4,4054.01,471088,103651.0,146662.0,4100.0,4110.0,4020.2,4092.6,23063950,4501.8,3683.4,4440.0,3288.1,4020.2,1,1,4020.1,347,16,4020.0,4218,231,4019.9,2,2,4019.7,3,2,4020.8,2,2,4020.9,35,1,4021.0,5,1,4021.1,7,2,4021.2,14,2
11483,2026-07-02 10:15:05+05:30,4020.2,1,4054.0,471125,103650.0,146674.0,4100.0,4110.0,4020.1,4092.6,23063950,4501.8,3683.4,4440.0,3288.1,4020.1,312,16,4020.0,4218,231,4019.9,2,2,4019.7,3,2,4019.6,195,3,4020.2,7,1,4020.8,46,6,4021.0,5,1,4021.1,7,2,4021.2,14,2
11483,2026-07-02 10:15:05+05:30,4020.2,5,4054.0,471125,103650.0,146674.0,4100.0,4110.0,4020.1,4092.6,23063950,4501.8,3683.4,4440.0,3288.1,4020.1,312,16,4020.0,4218,231,4019.9,2,2,4019.7,3,2,4019.6,195,3,4020.2,7,1,4020.8,46,6,4021.0,5,1,4021.1,7,2,4021.2,14,2
11483,2026-07-02 10:15:06+05:30,4020.1,3,4054.0,471172,103666.0,146949.0,4100.0,4110.0,4020.1,4092.6,23063950,4501.8,3683.4,4440.0,3288.1,4020.1,270,11,4020.0,4218,231,4019.9,2,2,4019.7,3,2,4019.6,195,3,4020.2,2,1,4020.8,46,6,4021.0,5,1,4021.1,7,2,4021.2,3,1
11483,2026-07-02 10:15:06+05:30,4020.1,2,4054.0,471172,103666.0,146949.0,4100.0,4110.0,4020.1,4092.6,23063950,4501.8,3683.4,4440.0,3288.1,4020.1,270,11,4020.0,4218,231,4019.9,2,2,4019.7,3,2,4019.6,195,3,4020.2,2,1,4020.8,46,6,4021.0,5,1,4021.1,7,2,4021.2,3,1
11483,2026-07-02 10:15:07+05:30,4020.1,22,4054.0,471227,104529.0,147191.0,4100.0,4110.0,4020.1,4092.6,23063950,4501.8,3683.4,4440.0,3288.1,4020.1,239,11,4020.0,4218,231,4019.9,2,2,4019.7,3,2,4019.6,195,3,4020.2,3,1,4020.8,44,4,4021.0,5,1,4021.1,7,2,4021.2,3,1
11483,2026-07-02 10:15:07+05:30,4020.1,19,4054.0,471227,104529.0,147191.0,4100.0,4110.0,4020.1,4092.6,23063950,4501.8,3683.4,4440.0,3288.1,4020.1,239,11,4020.0,4218,231,4019.9,2,2,4019.7,3,2,4019.6,195,3,4020.2,3,1,4020.8,44,4,4021.0,5,1,4021.1,7,2,4021.2,3,1
11483,2026-07-02 10:15:08+05:30,4021.1,5,4053.98,471537,104629.0,146221.0,4100.0,4110.0,4020.1,4092.6,23063950,4501.8,3683.4,4440.0,3288.1,4020.1,128,5,4020.0,4218,231,4019.9,2,2,4019.7,3,2,4019.6,195,3,4021.1,4,1,4021.2,5,2,4021.3,20,2,4021.4,21,3,4021.5,20,2
11483,2026-07-02 10:15:08+05:30,4021.1,5,4053.98,471537,104629.0,146221.0,4100.0,4110.0,4020.1,4092.6,23063950,4501.8,3683.4,4440.0,3288.1,4020.1,128,5,4020.0,4218,231,4019.9,2,2,4019.7,3,2,4019.6,195,3,4021.1,4,1,4021.2,5,2,4021.3,20,2,4021.4,21,3,4021.5,20,2
11483,2026-07-02 10:15:09+05:30,4021.1,5,4053.98,471537,104718.0,146056.0,4100.0,4110.0,4020.1,4092.6,23063950,4501.8,3683.4,4440.0,3288.1,4020.1,141,6,4020.0,4233,233,4019.9,2,2,4019.7,3,2,4019.6,195,3,4021.1,2,2,4021.4,20,3,4021.5,8,1,4021.6,41,3,4021.7,34,3
11483,2026-07-02 10:15:09+05:30,4021.3,2,4053.98,471537,104718.0,146056.0,4100.0,4110.0,4020.1,4092.6,23063950,4501.8,3683.4,4440.0,3288.1,4020.1,141,6,4020.0,4233,233,4019.9,2,2,4019.7,3,2,4019.6,195,3,4021.1,2,2,4021.4,20,3,4021.5,8,1,4021.6,41,3,4021.7,34,3
11483,2026-07-02 10:15:10+05:30,4021.3,2,4053.97,471554,104952.0,145820.0,4100.0,4110.0,4020.1,4092.6,23063950,4501.8,3683.4,4440.0,3288.1,4020.1,173,8,4020.0,4240,234,4019.9,33,3,4019.8,31,2,4019.7,23,4,4021.3,2,2,4021.4,6,1,4021.6,30,2,4021.7,29,2,4021.9,1,1
11483,2026-07-02 10:15:10+05:30,4023.0,1,4053.97,471554,104952.0,145820.0,4100.0,4110.0,4020.1,4092.6,23063950,4501.8,3683.4,4440.0,3288.1,4020.1,173,8,4020.0,4240,234,4019.9,33,3,4019.8,31,2,4019.7,23,4,4021.3,2,2,4021.4,6,1,4021.6,30,2,4021.7,29,2,4021.9,1,1
11483,2026-07-02 10:15:11+05:30,4023.0,1,4053.91,472555,105790.0,144545.0,4100.0,4110.0,4020.1,4092.6,23063950,4501.8,3683.4,4440.0,3288.1,4021.1,33,3,4020.9,47,4,4020.8,38,3,4020.7,26,2,4020.6,51,7,4022.0,13,1,4023.0,68,6,4023.3,4,2,4023.4,64,3,4023.5,60,3
11483,2026-07-02 10:15:12+05:30,4021.8,9,4053.91,472573,107490.0,144074.0,4100.0,4110.0,4020.1,4092.6,23063950,4501.8,3683.4,4440.0,3288.1,4021.8,98,7,4021.7,40,5,4021.6,35,6,4021.5,96,8,4021.4,25,5,4023.0,16,2,4023.8,2,1,4023.9,33,1,4024.0,581,7,4024.2,14,2
11483,2026-07-02 10:15:12+05:30,4021.8,1,4053.91,472573,107490.0,144074.0,4100.0,4110.0,4020.1,4092.6,23063950,4501.8,3683.4,4440.0,3288.1,4021.8,98,7,4021.7,40,5,4021.6,35,6,4021.5,96,8,4021.4,25,5,4023.0,16,2,4023.8,2,1,4023.9,33,1,4024.0,581,7,4024.2,14,2
11483,2026-07-02 10:15:13+05:30,4021.8,1,4053.91,472577,107471.0,144001.0,4100.0,4110.0,4020.1,4092.6,23063950,4501.8,3683.4,4440.0,3288.1,4022.0,46,4,4021.9,31,2,4021.8,24,3,4021.7,31,4,4021.6,48,7,4023.0,16,2,4023.2,5,1,4023.9,7,1,4024.0,581,7,4024.2,2,1
11483,2026-07-02 10:15:13+05:30,4023.0,2,4053.91,472577,107471.0,144001.0,4100.0,4110.0,4020.1,4092.6,23063950,4501.8,3683.4,4440.0,3288.1,4022.0,46,4,4021.9,31,2,4021.8,24,3,4021.7,31,4,4021.6,48,7,4023.0,16,2,4023.2,5,1,4023.9,7,1,4024.0,581,7,4024.2,2,1
11483,2026-07-02 10:15:14+05:30,4022.0,5,4053.9,472663,106838.0,145078.0,4100.0,4110.0,4020.1,4092.6,23063950,4501.8,3683.4,4440.0,3288.1,4021.2,10,1,4021.1,51,5,4021.0,74,3,4020.9,3,1,4020.8,163,8,4021.8,1,1,4022.0,6,3,4023.0,13,2,4023.1,5,1,4023.2,5,1
11483,2026-07-02 10:15:14+05:30,4022.0,5,4053.9,472663,106838.0,145078.0,4100.0,4110.0,4020.1,4092.6,23063950,4501.8,3683.4,4440.0,3288.1,4021.2,10,1,4021.1,51,5,4021.0,74,3,4020.9,3,1,4020.8,163,8,4021.8,1,1,4022.0,6,3,4023.0,13,2,4023.1,5,1,4023.2,5,1
11483,2026-07-02 10:15:15+05:30,4022.0,5,4053.9,472663,106838.0,145078.0,4100.0,4110.0,4020.1,4092.6,23063950,4501.8,3683.4,4440.0,3288.1,4021.2,10,1,4021.1,51,5,4021.0,74,3,4020.9,3,1,4020.8,163,8,4021.8,1,1,4022.0,6,3,4023.0,13,2,4023.1,5,1,4023.2,5,1
11483,2026-07-02 10:15:15+05:30,4021.2,10,4053.9,472663,106838.0,145078.0,4100.0,4110.0,4020.1,4092.6,23063950,4501.8,3683.4,4440.0,3288.1,4021.2,10,1,4021.1,51,5,4021.0,74,3,4020.9,3,1,4020.8,163,8,4021.8,1,1,4022.0,6,3,4023.0,13,2,4023.1,5,1,4023.2,5,1
11483,2026-07-02 10:15:16+05:30,4021.2,10,4053.9,472681,105584.0,145666.0,4100.0,4110.0,4020.1,4092.6,23063950,4501.8,3683.4,4440.0,3288.1,4021.1,38,3,4021.0,51,2,4020.9,19,1,4020.8,110,2,4020.6,12,2,4021.2,16,2,4021.8,5,1,4022.0,20,5,4022.5,11,1,4022.7,11,1
11483,2026-07-02 10:15:16+05:30,4021.2,10,4053.9,472681,105584.0,145666.0,4100.0,4110.0,4020.1,4092.6,23063950,4501.8,3683.4,4440.0,3288.1,4021.1,38,3,4021.0,51,2,4020.9,19,1,4020.8,110,2,4020.6,12,2,4021.2,16,2,4021.8,5,1,4022.0,20,5,4022.5,11,1,4022.7,11,1
11483,2026-07-02 10:15:16+05:30,4021.1,1,4053.9,472691,105600.0,145668.0,4100.0,4110.0,4020.1,4092.6,23063950,4501.8,3683.4,4440.0,3288.1,4021.1,28,2,4021.0,61,3,4020.8,110,2,4020.6,1,1,4020.4,19,1,4021.2,18,4,4021.6,4,1,4021.8,5,1,4021.9,6,1,4022.0,20,5
11483,2026-07-02 10:15:16+05:30,4021.1,1,4053.9,472691,105600.0,145668.0,4100.0,4110.0,4020.1,4092.6,23063950,4501.8,3683.4,4440.0,3288.1,4021.1,28,2,4021.0,61,3,4020.8,110,2,4020.6,1,1,4020.4,19,1,4021.2,18,4,4021.6,4,1,4021.8,5,1,4021.9,6,1,4022.0,20,5
11483,2026-07-02 10:15:17+05:30,4021.1,1,4053.9,472691,105600.0,145668.0,4100.0,4110.0,4020.1,4092.6,23063950,4501.8,3683.4,4440.0,3288.1,4021.1,28,2,4021.0,61,3,4020.8,110,2,4020.6,1,1,4020.4,19,1,4021.2,18,4,4021.6,4,1,4021.8,5,1,4021.9,6,1,4022.0,20,5
11483,2026-07-02 10:15:17+05:30,4021.0,7,4053.9,472691,105600.0,145668.0,4100.0,4110.0,4020.1,4092.6,23063950,4501.8,3683.4,4440.0,3288.1,4021.1,28,2,4021.0,61,3,4020.8,110,2,4020.6,1,1,4020.4,19,1,4021.2,18,4,4021.6,4,1,4021.8,5,1,4021.9,6,1,4022.0,20,5
11483,2026-07-02 10:15:18+05:30,4021.0,7,4053.89,472760,106535.0,145598.0,4100.0,4110.0,4020.1,4092.6,23063950,4501.8,3683.4,4440.0,3288.1,4021.1,2,1,4021.0,739,5,4020.9,12,1,4020.8,110,2,4020.6,13,2,4021.2,18,4,4021.8,5,1,4022.0,3,3,4022.3,10,1,4022.5,11,1
11483,2026-07-02 10:15:18+05:30,4021.0,7,4053.89,472760,106535.0,145598.0,4100.0,4110.0,4020.1,4092.6,23063950,4501.8,3683.4,4440.0,3288.1,4021.1,2,1,4021.0,739,5,4020.9,12,1,4020.8,110,2,4020.6,13,2,4021.2,18,4,4021.8,5,1,4022.0,3,3,4022.3,10,1,4022.5,11,1
11483,2026-07-02 10:15:18+05:30,4021.4,10,4053.89,472760,106535.0,145598.0,4100.0,4110.0,4020.1,4092.6,23063950,4501.8,3683.4,4440.0,3288.1,4021.1,2,1,4021.0,739,5,4020.9,12,1,4020.8,110,2,4020.6,13,2,4021.2,18,4,4021.8,5,1,4022.0,3,3,4022.3,10,1,4022.5,11,1
11483,2026-07-02 10:15:18+05:30,4021.4,10,4053.89,472760,106535.0,145598.0,4100.0,4110.0,4020.1,4092.6,23063950,4501.8,3683.4,4440.0,3288.1,4021.1,2,1,4021.0,739,5,4020.9,12,1,4020.8,110,2,4020.6,13,2,4021.2,18,4,4021.8,5,1,4022.0,3,3,4022.3,10,1,4022.5,11,1
11483,2026-07-02 10:15:19+05:30,4021.4,10,4053.89,472867,107596.0,145937.0,4100.0,4110.0,4020.1,4092.6,23063950,4501.8,3683.4,4440.0,3288.1,4021.4,29,2,4021.3,9,1,4021.2,27,4,4021.1,85,8,4021.0,723,5,4022.0,3,3,4023.2,5,1,4023.5,34,2,4023.6,54,5,4023.7,104,2
11483,2026-07-02 10:15:19+05:30,4021.4,10,4053.89,472867,107596.0,145937.0,4100.0,4110.0,4020.1,4092.6,23063950,4501.8,3683.4,4440.0,3288.1,4021.4,29,2,4021.3,9,1,4021.2,27,4,4021.1,85,8,4021.0,723,5,4022.0,3,3,4023.2,5,1,4023.5,34,2,4023.6,54,5,4023.7,104,2
11483,2026-07-02 10:15:19+05:30,4021.4,10,4053.89,472867,107596.0,145937.0,4100.0,4110.0,4020.1,4092.6,23098075,4501.8,3683.4,4440.0,3288.1,4021.4,29,2,4021.3,9,1,4021.2,27,4,4021.1,85,8,4021.0,723,5,4022.0,3,3,4023.2,5,1,4023.5,34,2,4023.6,54,5,4023.7,104,2
11483,2026-07-02 10:15:19+05:30,4023.1,1,4053.89,472867,107596.0,145937.0,4100.0,4110.0,4020.1,4092.6,23098075,4501.8,3683.4,4440.0,3288.1,4021.4,29,2,4021.3,9,1,4021.2,27,4,4021.1,85,8,4021.0,723,5,4022.0,3,3,4023.2,5,1,4023.5,34,2,4023.6,54,5,4023.7,104,2
11483,2026-07-02 10:15:20+05:30,4023.9,2,4053.87,473060,107700.0,144999.0,4100.0,4110.0,4020.1,4092.6,23098075,4501.8,3683.4,4440.0,3288.1,4021.6,34,3,4021.5,64,3,4021.4,53,2,4021.3,63,3,4021.2,30,5,4023.5,8,1,4023.7,39,1,4023.8,46,3,4023.9,65,3,4024.0,587,8
11483,2026-07-02 10:15:20+05:30,4023.9,2,4053.87,473060,107700.0,144999.0,4100.0,4110.0,4020.1,4092.6,23098075,4501.8,3683.4,4440.0,3288.1,4021.6,34,3,4021.5,64,3,4021.4,53,2,4021.3,63,3,4021.2,30,5,4023.5,8,1,4023.7,39,1,4023.8,46,3,4023.9,65,3,4024.0,587,8
11483,2026-07-02 10:15:20+05:30,4023.9,2,4053.87,473060,107700.0,144999.0,4100.0,4110.0,4020.1,4092.6,23098075,4501.8,3683.4,4440.0,3288.1,4021.6,34,3,4021.5,64,3,4021.4,53,2,4021.3,63,3,4021.2,30,5,4023.5,8,1,4023.7,39,1,4023.8,46,3,4023.9,65,3,4024.0,587,8
11483,2026-07-02 10:15:21+05:30,4023.9,2,4053.87,473060,107700.0,144999.0,4100.0,4110.0,4020.1,4092.6,23098075,4501.8,3683.4,4440.0,3288.1,4021.6,34,3,4021.5,64,3,4021.4,53,2,4021.3,63,3,4021.2,30,5,4023.5,8,1,4023.7,39,1,4023.8,46,3,4023.9,65,3,4024.0,587,8
11483,2026-07-02 10:15:21+05:30,4022.0,1,4053.87,473067,107505.0,145038.0,4100.0,4110.0,4020.1,4092.6,23098075,4501.8,3683.4,4440.0,3288.1,4022.0,5,1,4021.8,13,1,4021.7,20,2,4021.6,6,1,4021.5,10,1,4023.3,6,1,4023.4,1,1,4023.5,15,1,4023.6,28,1,4023.7,12,1
11483,2026-07-02 10:15:21+05:30,4022.0,1,4053.87,473067,107505.0,145038.0,4100.0,4110.0,4020.1,4092.6,23098075,4501.8,3683.4,4440.0,3288.1,4022.0,5,1,4021.8,13,1,4021.7,20,2,4021.6,6,1,4021.5,10,1,4023.3,6,1,4023.4,1,1,4023.5,15,1,4023.6,28,1,4023.7,12,1
11483,2026-07-02 10:15:21+05:30,4023.3,4,4053.87,473067,107505.0,145038.0,4100.0,4110.0,4020.1,4092.6,23098075,4501.8,3683.4,4440.0,3288.1,4022.0,5,1,4021.8,13,1,4021.7,20,2,4021.6,6,1,4021.5,10,1,4023.3,6,1,4023.4,1,1,4023.5,15,1,4023.6,28,1,4023.7,12,1
11483,2026-07-02 10:15:22+05:30,4023.3,4,4053.87,473087,108184.0,145496.0,4100.0,4110.0,4020.1,4092.6,23098075,4501.8,3683.4,4440.0,3288.1,4022.0,205,3,4021.7,17,1,4021.5,33,2,4021.4,48,1,4021.3,35,1,4023.3,3,3,4023.4,1,1,4023.5,86,4,4023.6,11,1,4023.7,12,1
11483,2026-07-02 10:15:22+05:30,4022.0,22,4053.87,473087,108184.0,145496.0,4100.0,4110.0,4020.1,4092.6,23098075,4501.8,3683.4,4440.0,3288.1,4022.0,205,3,4021.7,17,1,4021.5,33,2,4021.4,48,1,4021.3,35,1,4023.3,3,3,4023.4,1,1,4023.5,86,4,4023.6,11,1,4023.7,12,1
11483,2026-07-02 10:15:23+05:30,4022.0,5,4053.87,473136,107806.0,145380.0,4100.0,4110.0,4020.1,4092.6,23098075,4501.8,3683.4,4440.0,3288.1,4022.0,158,2,4021.3,35,1,4021.2,6,1,4021.1,30,3,4021.0,1023,8,4023.0,6,1,4023.1,36,2,4023.2,196,4,4023.3,3,2,4023.5,86,4
11483,2026-07-02 10:15:23+05:30,4022.0,1,4053.87,473136,107806.0,145380.0,4100.0,4110.0,4020.1,4092.6,23098075,4501.8,3683.4,4440.0,3288.1,4022.0,158,2,4021.3,35,1,4021.2,6,1,4021.1,30,3,4021.0,1023,8,4023.0,6,1,4023.1,36,2,4023.2,196,4,4023.3,3,2,4023.5,86,4
11483,2026-07-02 10:15:24+05:30,4022.0,45,4053.86,473239,108463.0,145362.0,4100.0,4110.0,4020.1,4092.6,23098075,4501.8,3683.4,4440.0,3288.1,4022.0,55,1,4021.9,14,1,4021.8,15,1,4021.6,6,1,4021.4,23,2,4023.0,6,1,4023.2,180,2,4023.3,3,2,4023.5,58,3,4023.6,21,1
11483,2026-07-02 10:15:24+05:30,4022.0,10,4053.86,473239,108463.0,145362.0,4100.0,4110.0,4020.1,4092.6,23098075,4501.8,3683.4,4440.0,3288.1,4022.0,55,1,4021.9,14,1,4021.8,15,1,4021.6,6,1,4021.4,23,2,4023.0,6,1,4023.2,180,2,4023.3,3,2,4023.5,58,3,4023.6,21,1
11483,2026-07-02 10:15:25+05:30,4022.4,9,4053.86,473279,108980.0,145105.0,4100.0,4110.0,4020.1,4092.6,23098075,4501.8,3683.4,4440.0,3288.1,4022.4,7,1,4022.3,45,3,4022.2,38,3,4022.1,20,3,4022.0,57,3,4023.0,6,1,4023.2,180,2,4023.3,36,2,4023.6,21,1,4024.0,567,6
11483,2026-07-02 10:15:25+05:30,4023.0,5,4053.86,473279,108980.0,145105.0,4100.0,4110.0,4020.1,4092.6,23098075,4501.8,3683.4,4440.0,3288.1,4022.4,7,1,4022.3,45,3,4022.2,38,3,4022.1,20,3,4022.0,57,3,4023.0,6,1,4023.2,180,2,4023.3,36,2,4023.6,21,1,4024.0,567,6
11483,2026-07-02 10:15:26+05:30,4022.0,2,4053.84,473496,109076.0,145126.0,4100.0,4110.0,4020.1,4092.6,23098075,4501.8,3683.4,4440.0,3288.1,4022.1,27,3,4022.0,52,2,4021.9,24,2,4021.8,55,3,4021.6,24,2,4023.2,1,1,4023.3,36,2,4023.6,21,1,4024.0,574,7,4024.4,46,3
11483,2026-07-02 10:15:26+05:30,4023.1,5,4053.84,473496,109076.0,145126.0,4100.0,4110.0,4020.1,4092.6,23098075,4501.8,3683.4,4440.0,3288.1,4022.1,27,3,4022.0,52,2,4021.9,24,2,4021.8,55,3,4021.6,24,2,4023.2,1,1,4023.3,36,2,4023.6,21,1,4024.0,574,7,4024.4,46,3
11483,2026-07-02 10:15:27+05:30,4023.1,5,4053.84,473548,108628.0,145514.0,4100.0,4110.0,4020.1,4092.6,23098075,4501.8,3683.4,4440.0,3288.1,4022.0,37,1,4021.4,12,1,4021.3,35,1,4021.2,24,1,4021.1,23,3,4022.1,1,1,4023.1,2,2,4023.2,5,1,4023.3,35,1,4023.4,11,1
11483,2026-07-02 10:15:28+05:30,4023.1,5,4053.84,473548,108358.0,145673.0,4100.0,4110.0,4020.1,4092.6,23098075,4501.8,3683.4,4440.0,3288.1,4022.0,57,5,4021.5,7,1,4021.4,12,1,4021.3,35,1,4021.2,24,1,4022.1,1,1,4023.1,2,2,4023.2,40,2,4023.4,59,2,4023.5,54,2
11483,2026-07-02 10:15:28+05:30,4022.1,1,4053.84,473548,108358.0,145673.0,4100.0,4110.0,4020.1,4092.6,23098075,4501.8,3683.4,4440.0,3288.1,4022.0,57,5,4021.5,7,1,4021.4,12,1,4021.3,35,1,4021.2,24,1,4022.1,1,1,4023.1,2,2,4023.2,40,2,4023.4,59,2,4023.5,54,2
11483,2026-07-02 10:15:29+05:30,4022.1,1,4053.84,473549,108535.0,145899.0,4100.0,4110.0,4020.1,4092.6,23098075,4501.8,3683.4,4440.0,3288.1,4022.0,190,5,4021.8,19,1,4021.5,7,1,4021.4,18,2,4021.3,35,1,4022.1,1,1,4023.1,28,3,4023.2,40,2,4023.4,59,2,4023.5,54,2
11483,2026-07-02 10:15:29+05:30,4023.1,1,4053.84,473549,108535.0,145899.0,4100.0,4110.0,4020.1,4092.6,23098075,4501.8,3683.4,4440.0,3288.1,4022.0,190,5,4021.8,19,1,4021.5,7,1,4021.4,18,2,4021.3,35,1,4022.1,1,1,4023.1,28,3,4023.2,40,2,4023.4,59,2,4023.5,54,2
11483,2026-07-02 10:15:30+05:30,4022.4,2,4053.84,473563,108889.0,145660.0,4100.0,4110.0,4020.1,4092.6,23098075,4501.8,3683.4,4440.0,3288.1,4022.4,7,1,4022.0,225,8,4021.6,6,1,4021.5,7,1,4021.4,18,2,4023.1,4,4,4023.2,40,2,4023.6,21,1,4023.7,25,2,4023.8,48,2
11483,2026-07-02 10:15:30+05:30,4022.9,2,4053.84,473563,108889.0,145660.0,4100.0,4110.0,4020.1,4092.6,23098075,4501.8,3683.4,4440.0,3288.1,4022.4,7,1,4022.0,225,8,4021.6,6,1,4021.5,7,1,4021.4,18,2,4023.1,4,4,4023.2,40,2,4023.6,21,1,4023.7,25,2,4023.8,48,2
11483,2026-07-02 10:15:31+05:30,4022.9,2,4053.84,473568,108956.0,145587.0,4100.0,4110.0,4020.1,4092.6,23098075,4501.8,3683.4,4440.0,3288.1,4022.4,7,1,4022.1,1,1,4022.0,208,9,4021.4,24,2,4021.3,41,2,4023.1,19,6,4023.2,47,4,4023.3,50,2,4023.4,5,1,4023.6,32,2
11483,2026-07-02 10:15:31+05:30,4023.1,1,4053.84,473568,108956.0,145587.0,4100.0,4110.0,4020.1,4092.6,23098075,4501.8,3683.4,4440.0,3288.1,4022.4,7,1,4022.1,1,1,4022.0,208,9,4021.4,24,2,4021.3,41,2,4023.1,19,6,4023.2,47,4,4023.3,50,2,4023.4,5,1,4023.6,32,2
11483,2026-07-02 10:15:32+05:30,4023.9,9,4053.82,473877,108873.0,145692.0,4100.0,4110.0,4020.1,4092.6,23098075,4501.8,3683.4,4440.0,3288.1,4022.0,318,11,4021.4,34,3,4021.3,35,1,4021.2,30,2,4021.1,47,6,4023.3,15,4,4023.5,87,3,4023.6,63,4,4023.7,39,1,4023.9,35,5
11483,2026-07-02 10:15:32+05:30,4023.1,10,4053.82,473877,108873.0,145692.0,4100.0,4110.0,4020.1,4092.6,23098075,4501.8,3683.4,4440.0,3288.1,4022.0,318,11,4021.4,34,3,4021.3,35,1,4021.2,30,2,4021.1,47,6,4023.3,15,4,4023.5,87,3,4023.6,63,4,4023.7,39,1,4023.9,35,5
11483,2026-07-02 10:15:33+05:30,4023.0,30,4053.81,474086,108689.0,145722.0,4100.0,4110.0,4020.1,4092.6,23098075,4501.8,3683.4,4440.0,3288.1,4022.0,196,9,4021.4,12,1,4021.3,41,2,4021.2,24,1,4021.1,39,4,4023.0,6,1,4023.3,2,1,4023.4,5,1,4023.5,11,1,4023.6,49,4
11483,2026-07-02 10:15:33+05:30,4023.0,30,4053.81,474086,108689.0,145722.0,4100.0,4110.0,4020.1,4092.6,23098075,4501.8,3683.4,4440.0,3288.1,4022.0,196,9,4021.4,12,1,4021.3,41,2,4021.2,24,1,4021.1,39,4,4023.0,6,1,4023.3,2,1,4023.4,5,1,4023.5,11,1,4023.6,49,4
11483,2026-07-02 10:15:34+05:30,4023.0,1,4053.81,474105,108746.0,145779.0,4100.0,4110.0,4020.1,4092.6,23098075,4501.8,3683.4,4440.0,3288.1,4022.0,196,9,4021.3,35,1,4021.2,30,2,4021.1,41,5,4021.0,1499,16,4023.0,2,2,4023.3,12,2,4023.4,18,2,4023.5,42,2,4023.6,49,4
11483,2026-07-02 10:15:34+05:30,4023.0,1,4053.81,474105,108746.0,145779.0,4100.0,4110.0,4020.1,4092.6,23098075,4501.8,3683.4,4440.0,3288.1,4022.0,196,9,4021.3,35,1,4021.2,30,2,4021.1,41,5,4021.0,1499,16,4023.0,2,2,4023.3,12,2,4023.4,18,2,4023.5,42,2,4023.6,49,4
11483,2026-07-02 10:15:35+05:30,4022.0,7,4053.8,474161,108935.0,145637.0,4100.0,4110.0,4020.1,4092.6,23098075,4501.8,3683.4,4440.0,3288.1,4022.0,140,4,4021.3,52,2,4021.2,30,2,4021.1,39,4,4021.0,1480,16,4023.0,2,2,4023.1,11,1,4023.3,12,2,4023.4,18,2,4023.5,31,1
11483,2026-07-02 10:15:35+05:30,4022.0,6,4053.8,474161,108935.0,145637.0,4100.0,4110.0,4020.1,4092.6,23098075,4501.8,3683.4,4440.0,3288.1,4022.0,140,4,4021.3,52,2,4021.2,30,2,4021.1,39,4,4021.0,1480,16,4023.0,2,2,4023.1,11,1,4023.3,12,2,4023.4,18,2,4023.5,31,1
11483,2026-07-02 10:15:36+05:30,4022.0,7,4053.8,474179,109127.0,145370.0,4100.0,4110.0,4020.1,4092.6,23098075,4501.8,3683.4,4440.0,3288.1,4022.0,172,5,4021.3,41,2,4021.2,24,1,4021.1,39,4,4021.0,1636,18,4023.0,2,2,4023.3,13,3,4023.4,18,2,4023.5,31,1,4023.6,59,4
11483,2026-07-02 10:15:36+05:30,4022.0,1,4053.8,474179,109127.0,145370.0,4100.0,4110.0,4020.1,4092.6,23098075,4501.8,3683.4,4440.0,3288.1,4022.0,172,5,4021.3,41,2,4021.2,24,1,4021.1,39,4,4021.0,1636,18,4023.0,2,2,4023.3,13,3,4023.4,18,2,4023.5,31,1,4023.6,59,4
11483,2026-07-02 10:15:37+05:30,4022.0,34,4053.8,474179,109127.0,145370.0,4100.0,4110.0,4020.1,4092.6,23098075,4501.8,3683.4,4440.0,3288.1,4022.0,172,5,4021.3,41,2,4021.2,24,1,4021.1,39,4,4021.0,1636,18,4023.0,2,2,4023.3,13,3,4023.4,18,2,4023.5,31,1,4023.6,59,4
11483,2026-07-02 10:15:38+05:30,4022.0,34,4053.8,474225,109410.0,145176.0,4100.0,4110.0,4020.1,4092.6,23098075,4501.8,3683.4,4440.0,3288.1,4022.0,181,8,4021.9,14,1,4021.8,12,1,4021.5,64,3,4021.4,57,3,4022.9,5,1,4023.0,2,2,4023.3,95,1,4023.4,5,1,4023.6,5,1
11483,2026-07-02 10:15:38+05:30,4022.0,1,4053.8,474225,109410.0,145176.0,4100.0,4110.0,4020.1,4092.6,23098075,4501.8,3683.4,4440.0,3288.1,4022.0,181,8,4021.9,14,1,4021.8,12,1,4021.5,64,3,4021.4,57,3,4022.9,5,1,4023.0,2,2,4023.3,95,1,4023.4,5,1,4023.6,5,1
11483,2026-07-02 10:15:39+05:30,4022.0,1,4053.8,474234,109437.0,145487.0,4100.0,4110.0,4020.1,4092.6,23098075,4501.8,3683.4,4440.0,3288.1,4022.0,143,7,4021.7,14,1,4021.6,15,1,4021.5,37,2,4021.4,74,4,4022.8,5,1,4023.0,1,1,4023.3,95,1,4023.4,5,1,4023.6,5,1
11483,2026-07-02 10:15:39+05:30,4023.0,1,4053.8,474234,109437.0,145487.0,4100.0,4110.0,4020.1,4092.6,23098075,4501.8,3683.4,4440.0,3288.1,4022.0,143,7,4021.7,14,1,4021.6,15,1,4021.5,37,2,4021.4,74,4,4022.8,5,1,4023.0,1,1,4023.3,95,1,4023.4,5,1,4023.6,5,1
11483,2026-07-02 10:15:40+05:30,4023.0,1,4053.8,474242,110035.0,145199.0,4100.0,4110.0,4020.1,4092.6,23098075,4501.8,3683.4,4440.0,3288.1,4023.0,4,2,4022.1,32,2,4022.0,142,7,4021.7,14,1,4021.6,15,1,4023.3,95,1,4023.4,5,1,4023.6,6,2,4023.9,31,3,4024.0,610,10
11483,2026-07-02 10:15:40+05:30,4022.2,3,4053.79,474271,109988.0,145340.0,4100.0,4110.0,4020.1,4092.6,23098075,4501.8,3683.4,4440.0,3288.1,4022.2,20,3,4022.1,12,2,4022.0,142,7,4021.9,6,1,4021.8,59,3,4023.3,95,1,4023.4,5,1,4023.6,5,1,4023.9,5,1,4024.0,598,9
11483,2026-07-02 10:15:40+05:30,4023.3,1,4053.79,474271,109988.0,145340.0,4100.0,4110.0,4020.1,4092.6,23098075,4501.8,3683.4,4440.0,3288.1,4022.2,20,3,4022.1,12,2,4022.0,142,7,4021.9,6,1,4021.8,59,3,4023.3,95,1,4023.4,5,1,4023.6,5,1,4023.9,5,1,4024.0,598,9
11483,2026-07-02 10:15:41+05:30,4023.3,1,4053.79,474273,109752.0,145204.0,4100.0,4110.0,4020.1,4092.6,23098075,4501.8,3683.4,4440.0,3288.1,4022.2,19,3,4022.1,3,1,4022.0,149,9,4021.8,76,3,4021.7,14,1,4023.3,94,1,4023.4,5,1,4023.6,5,1,4023.9,5,1,4024.0,598,9
11483,2026-07-02 10:15:41+05:30,4023.3,68,4053.79,474273,109752.0,145204.0,4100.0,4110.0,4020.1,4092.6,23098075,4501.8,3683.4,4440.0,3288.1,4022.2,19,3,4022.1,3,1,4022.0,149,9,4021.8,76,3,4021.7,14,1,4023.3,94,1,4023.4,5,1,4023.6,5,1,4023.9,5,1,4024.0,598,9
11483,2026-07-02 10:15:42+05:30,4023.3,1,4053.79,474342,109840.0,145195.0,4100.0,4110.0,4020.1,4092.6,23098075,4501.8,3683.4,4440.0,3288.1,4022.4,24,3,4022.3,3,1,4022.2,24,4,4022.1,96,4,4022.0,149,9,4023.3,25,1,4023.4,5,1,4023.6,5,1,4023.9,63,2,4024.0,598,9
11483,2026-07-02 10:15:42+05:30,4023.3,1,4053.79,474342,109840.0,145195.0,4100.0,4110.0,4020.1,4092.6,23098075,4501.8,3683.4,4440.0,3288.1,4022.4,24,3,4022.3,3,1,4022.2,24,4,4022.1,96,4,4022.0,149,9,4023.3,25,1,4023.4,5,1,4023.6,5,1,4023.9,63,2,4024.0,598,9
11483,2026-07-02 10:15:43+05:30,4022.4,1,4053.79,474353,109706.0,145533.0,4100.0,4110.0,4020.1,4092.6,23098075,4501.8,3683.4,4440.0,3288.1,4022.2,19,3,4022.1,50,1,4022.0,209,11,4021.7,25,2,4021.6,25,4,4022.4,13,1,4023.3,18,4,4023.4,5,1,4023.6,5,1,4023.7,48,1
11483,2026-07-02 10:15:43+05:30,4022.4,1,4053.79,474353,109706.0,145533.0,4100.0,4110.0,4020.1,4092.6,23098075,4501.8,3683.4,4440.0,3288.1,4022.2,19,3,4022.1,50,1,4022.0,209,11,4021.7,25,2,4021.6,25,4,4022.4,13,1,4023.3,18,4,4023.4,5,1,4023.6,5,1,4023.7,48,1
11483,2026-07-02 10:15:44+05:30,4022.4,123,4053.78,474491,111140.0,144987.0,4100.0,4110.0,4020.1,4092.6,23098075,4501.8,3683.4,4440.0,3288.1,4023.0,30,1,4022.2,45,5,4022.1,55,3,4022.0,214,12,4021.8,2,1,4023.3,18,4,4023.6,5,1,4023.9,5,1,4024.0,598,9,4024.1,10,1
11483,2026-07-02 10:15:44+05:30,4023.0,15,4053.78,474491,111140.0,144987.0,4100.0,4110.0,4020.1,4092.6,23098075,4501.8,3683.4,4440.0,3288.1,4023.0,30,1,4022.2,45,5,4022.1,55,3,4022.0,214,12,4021.8,2,1,4023.3,18,4,4023.6,5,1,4023.9,5,1,4024.0,598,9,4024.1,10,1
11483,2026-07-02 10:15:45+05:30,4023.3,4,4053.78,474523,112276.0,144963.0,4100.0,4110.0,4020.1,4092.6,23098075,4501.8,3683.4,4440.0,3288.1,4023.0,5,1,4022.2,35,3,4022.1,51,2,4022.0,214,12,4021.7,16,2,4023.3,11,4,4023.7,5,1,4023.9,34,3,4024.0,598,9,4024.1,10,1
11483,2026-07-02 10:15:45+05:30,4023.0,5,4053.78,474523,112276.0,144963.0,4100.0,4110.0,4020.1,4092.6,23098075,4501.8,3683.4,4440.0,3288.1,4023.0,5,1,4022.2,35,3,4022.1,51,2,4022.0,214,12,4021.7,16,2,4023.3,11,4,4023.7,5,1,4023.9,34,3,4024.0,598,9,4024.1,10,1
11483,2026-07-02 10:15:46+05:30,4023.0,4,4053.78,474523,112276.0,144963.0,4100.0,4110.0,4020.1,4092.6,23098075,4501.8,3683.4,4440.0,3288.1,4023.0,5,1,4022.2,35,3,4022.1,51,2,4022.0,214,12,4021.7,16,2,4023.3,11,4,4023.7,5,1,4023.9,34,3,4024.0,598,9,4024.1,10,1
11483,2026-07-02 10:15:47+05:30,4023.0,4,4053.77,474715,112162.0,144863.0,4100.0,4110.0,4020.1,4092.6,23098075,4501.8,3683.4,4440.0,3288.1,4023.0,13,1,4022.2,3,1,4022.1,51,2,4022.0,209,11,4021.8,8,2,4023.3,9,5,4023.5,4,1,4023.7,6,2,4023.8,7,1,4023.9,12,2
11483,2026-07-02 10:15:47+05:30,4023.3,1,4053.77,474715,112162.0,144863.0,4100.0,4110.0,4020.1,4092.6,23098075,4501.8,3683.4,4440.0,3288.1,4023.0,13,1,4022.2,3,1,4022.1,51,2,4022.0,209,11,4021.8,8,2,4023.3,9,5,4023.5,4,1,4023.7,6,2,4023.8,7,1,4023.9,12,2
11483,2026-07-02 10:15:48+05:30,4023.3,1,4053.76,474765,112167.0,144641.0,4100.0,4110.0,4020.1,4092.6,23098075,4501.8,3683.4,4440.0,3288.1,4023.3,99,1,4022.5,4,1,4022.3,13,2,4022.2,55,3,4022.1,66,3,4023.7,5,1,4023.9,5,1,4024.0,591,8,4024.4,84,5,4024.5,26,3
11483,2026-07-02 10:15:48+05:30,4023.7,2,4053.76,474765,112167.0,144641.0,4100.0,4110.0,4020.1,4092.6,23098075,4501.8,3683.4,4440.0,3288.1,4023.3,99,1,4022.5,4,1,4022.3,13,2,4022.2,55,3,4022.1,66,3,4023.7,5,1,4023.9,5,1,4024.0,591,8,4024.4,84,5,4024.5,26,3
11483,2026-07-02 10:15:49+05:30,4023.7,2,4053.76,474772,112208.0,144698.0,4100.0,4110.0,4020.1,4092.6,23098075,4501.8,3683.4,4440.0,3288.1,4023.3,99,2,4022.5,4,1,4022.4,2,1,4022.3,13,2,4022.2,55,3,4023.7,5,3,4023.9,5,1,4024.0,591,8,4024.4,86,6,4024.5,26,3
11483,2026-07-02 10:15:49+05:30,4024.0,1,4053.76,474772,112208.0,144698.0,4100.0,4110.0,4020.1,4092.6,23098075,4501.8,3683.4,4440.0,3288.1,4023.3,99,2,4022.5,4,1,4022.4,2,1,4022.3,13,2,4022.2,55,3,4023.7,5,3,4023.9,5,1,4024.0,591,8,4024.4,86,6,4024.5,26,3
11483,2026-07-02 10:15:50+05:30,4024.0,1,4053.76,474849,112687.0,142747.0,4100.0,4110.0,4020.1,4092.6,23098075,4501.8,3683.4,4440.0,3288.1,4023.4,10,1,4023.3,83,2,4023.0,50,1,4022.7,16,1,4022.6,17,1,4024.0,538,7,4024.3,5,1,4024.4,10,1,4024.5,1,1,4024.7,6,1
11483,2026-07-02 10:15:51+05:30,4024.0,1,4053.76,474849,113582.0,143194.0,4100.0,4110.0,4020.1,4092.6,23098075,4501.8,3683.4,4440.0,3288.1,4023.4,10,1,4023.3,85,4,4023.0,50,1,4022.8,12,1,4022.7,16,1,4024.0,540,9,4024.3,5,1,4024.4,10,1,4024.5,1,1,4024.8,1,1
11483,2026-07-02 10:15:51+05:30,4023.4,1,4053.76,474849,113582.0,143194.0,4100.0,4110.0,4020.1,4092.6,23098075,4501.8,3683.4,4440.0,3288.1,4023.4,10,1,4023.3,85,4,4023.0,50,1,4022.8,12,1,4022.7,16,1,4024.0,540,9,4024.3,5,1,4024.4,10,1,4024.5,1,1,4024.8,1,1
11483,2026-07-02 10:15:52+05:30,4023.4,1,4053.76,474854,113915.0,143549.0,4100.0,4110.0,4020.1,4092.6,23098075,4501.8,3683.4,4440.0,3288.1,4023.7,20,1,4023.4,34,3,4023.3,85,4,4023.0,75,5,4022.8,12,1,4024.0,537,10,4024.3,5,1,4024.4,45,2,4024.5,1,1,4024.8,1,1
11483,2026-07-02 10:15:52+05:30,4023.4,4,4053.76,474854,113915.0,143549.0,4100.0,4110.0,4020.1,4092.6,23098075,4501.8,3683.4,4440.0,3288.1,4023.7,20,1,4023.4,34,3,4023.3,85,4,4023.0,75,5,4022.8,12,1,4024.0,537,10,4024.3,5,1,4024.4,45,2,4024.5,1,1,4024.8,1,1
11483,2026-07-02 10:15:53+05:30,4023.4,4,4053.75,474901,113806.0,143606.0,4100.0,4110.0,4020.1,4092.6,23098075,4501.8,3683.4,4440.0,3288.1,4023.4,20,2,4023.3,85,4,4023.0,64,4,4022.8,12,1,4022.7,27,2,4023.7,14,1,4024.0,537,10,4024.4,45,2,4024.5,1,1,4024.8,1,1
11483,2026-07-02 10:15:53+05:30,4023.7,4,4053.75,474901,113806.0,143606.0,4100.0,4110.0,4020.1,4092.6,23098075,4501.8,3683.4,4440.0,3288.1,4023.4,20,2,4023.3,85,4,4023.0,64,4,4022.8,12,1,4022.7,27,2,4023.7,14,1,4024.0,537,10,4024.4,45,2,4024.5,1,1,4024.8,1,1
11483,2026-07-02 10:15:54+05:30,4023.7,6,4053.75,474919,113744.0,143979.0,4100.0,4110.0,4020.1,4092.6,23098075,4501.8,3683.4,4440.0,3288.1,4023.3,85,4,4023.0,74,5,4022.8,12,1,4022.7,16,1,4022.6,17,1,4023.7,4,1,4024.0,537,10,4024.4,45,2,4024.5,1,1,4024.8,27,2
11483,2026-07-02 10:15:54+05:30,4023.0,25,4053.75,474919,113744.0,143979.0,4100.0,4110.0,4020.1,4092.6,23098075,4501.8,3683.4,4440.0,3288.1,4023.3,85,4,4023.0,74,5,4022.8,12,1,4022.7,16,1,4022.6,17,1,4023.7,4,1,4024.0,537,10,4024.4,45,2,4024.5,1,1,4024.8,27,2
11483,2026-07-02 10:15:55+05:30,4023.7,1,4053.74,475049,113673.0,144223.0,4100.0,4110.0,4020.1,4092.6,23098075,4501.8,3683.4,4440.0,3288.1,4023.0,66,6,4022.7,11,1,4022.5,16,2,4022.4,4,2,4022.3,13,2,4023.3,2,2,4023.7,15,2,4024.0,535,8,4024.3,35,1,4024.4,10,1
11483,2026-07-02 10:15:55+05:30,4023.7,13,4053.74,475049,113673.0,144223.0,4100.0,4110.0,4020.1,4092.6,23098075,4501.8,3683.4,4440.0,3288.1,4023.0,66,6,4022.7,11,1,4022.5,16,2,4022.4,4,2,4022.3,13,2,4023.3,2,2,4023.7,15,2,4024.0,535,8,4024.3,35,1,4024.4,10,1
11483,2026-07-02 10:15:56+05:30,4022.8,1,4053.72,475415,113544.0,144161.0,4100.0,4110.0,4020.1,4092.6,23098075,4501.8,3683.4,4440.0,3288.1,4023.0,8,1,4022.7,8,1,4022.6,60,5,4022.5,27,2,4022.4,28,6,4023.7,3,2,4024.0,509,5,4024.3,35,1,4024.4,10,1,4024.5,1,1
11483,2026-07-02 10:15:56+05:30,4022.8,1,4053.72,475415,113544.0,144161.0,4100.0,4110.0,4020.1,4092.6,23098075,4501.8,3683.4,4440.0,3288.1,4023.0,8,1,4022.7,8,1,4022.6,60,5,4022.5,27,2,4022.4,28,6,4023.7,3,2,4024.0,509,5,4024.3,35,1,4024.4,10,1,4024.5,1,1
11483,2026-07-02 10:15:57+05:30,4022.8,1,4053.72,475448,113563.0,149301.0,4100.0,4110.0,4020.1,4092.6,23098075,4501.8,3683.4,4440.0,3288.1,4022.8,27,4,4022.6,12,2,4022.5,8,2,4022.4,43,6,4022.3,60,5,4023.0,5168,1,4023.7,3,2,4024.0,509,5,4024.3,35,1,4024.4,22,2
11483,2026-07-02 10:15:57+05:30,4023.0,7,4053.72,475448,113563.0,149301.0,4100.0,4110.0,4020.1,4092.6,23098075,4501.8,3683.4,4440.0,3288.1,4022.8,27,4,4022.6,12,2,4022.5,8,2,4022.4,43,6,4022.3,60,5,4023.0,5168,1,4023.7,3,2,4024.0,509,5,4024.3,35,1,4024.4,22,2
11483,2026-07-02 10:15:58+05:30,4023.0,7,4053.72,475458,113987.0,149295.0,4100.0,4110.0,4020.1,4092.6,23098075,4501.8,3683.4,4440.0,3288.1,4022.7,52,4,4022.5,107,4,4022.4,42,6,4022.3,40,4,4022.2,75,4,4023.0,5162,2,4023.7,3,2,4024.0,544,6,4024.4,22,2,4024.5,14,2
11483,2026-07-02 10:15:58+05:30,4023.0,364,4053.72,475458,113987.0,149295.0,4100.0,4110.0,4020.1,4092.6,23098075,4501.8,3683.4,4440.0,3288.1,4022.7,52,4,4022.5,107,4,4022.4,42,6,4022.3,40,4,4022.2,75,4,4023.0,5162,2,4023.7,3,2,4024.0,544,6,4024.4,22,2,4024.5,14,2
11483,2026-07-02 10:15:59+05:30,4023.0,364,4053.69,475852,113659.0,148941.0,4100.0,4110.0,4020.1,4092.6,23098075,4501.8,3683.4,4440.0,3288.1,4022.8,1,1,4022.5,97,1,4022.4,21,3,4022.3,31,2,4022.2,39,4,4023.0,4775,4,4023.7,3,2,4024.0,544,6,4024.1,5,1,4024.4,22,2
11483,2026-07-02 10:15:59+05:30,4023.0,1,4053.69,475852,113659.0,148941.0,4100.0,4110.0,4020.1,4092.6,23098075,4501.8,3683.4,4440.0,3288.1,4022.8,1,1,4022.5,97,1,4022.4,21,3,4022.3,31,2,4022.2,39,4,4023.0,4775,4,4023.7,3,2,4024.0,544,6,4024.1,5,1,4024.4,22,2
11483,2026-07-02 10:16:00+05:30,4022.8,1,4053.69,475873,113159.0,149101.0,4100.0,4110.0,4020.1,4092.6,23098075,4501.8,3683.4,4440.0,3288.1,4022.5,97,1,4022.4,21,3,4022.3,31,2,4022.2,24,2,4022.1,71,3,4022.8,3,2,4022.9,1,1,4023.0,4757,6,4023.8,5,1,4024.0,544,6
11483,2026-07-02 10:16:00+05:30,4022.8,1,4053.69,475873,113159.0,149101.0,4100.0,4110.0,4020.1,4092.6,23098075,4501.8,3683.4,4440.0,3288.1,4022.5,97,1,4022.4,21,3,4022.3,31,2,4022.2,24,2,4022.1,71,3,4022.8,3,2,4022.9,1,1,4023.0,4757,6,4023.8,5,1,4024.0,544,6
11483,2026-07-02 10:16:01+05:30,4022.8,1,4053.69,475890,113308.0,149084.0,4100.0,4110.0,4020.1,4092.6,23098075,4501.8,3683.4,4440.0,3288.1,4022.5,97,1,4022.4,23,4,4022.3,31,2,4022.2,24,2,4022.1,71,3,4022.8,2,2,4022.9,1,1,4023.0,4792,7,4023.8,5,1,4024.0,509,5
11483,2026-07-02 10:16:01+05:30,4022.8,1,4053.69,475890,113308.0,149084.0,4100.0,4110.0,4020.1,4092.6,23098075,4501.8,3683.4,4440.0,3288.1,4022.5,97,1,4022.4,23,4,4022.3,31,2,4022.2,24,2,4022.1,71,3,4022.8,2,2,4022.9,1,1,4023.0,4792,7,4023.8,5,1,4024.0,509,5
11483,2026-07-02 10:16:02+05:30,4022.8,1,4053.69,475891,113492.0,149084.0,4100.0,4110.0,4020.1,4092.6,23098075,4501.8,3683.4,4440.0,3288.1,4022.5,97,1,4022.4,23,4,4022.3,31,2,4022.2,24,2,4022.1,71,3,4022.8,1,1,4022.9,36,2,4023.0,4757,6,4023.8,5,1,4024.0,509,5
11483,2026-07-02 10:16:02+05:30,4022.8,1,4053.69,475891,113492.0,149084.0,4100.0,4110.0,4020.1,4092.6,23098075,4501.8,3683.4,4440.0,3288.1,4022.5,97,1,4022.4,23,4,4022.3,31,2,4022.2,24,2,4022.1,71,3,4022.8,1,1,4022.9,36,2,4023.0,4757,6,4023.8,5,1,4024.0,509,5
11483,2026-07-02 10:16:03+05:30,4022.5,1,4053.68,476036,113543.0,148994.0,4100.0,4110.0,4020.1,4092.6,23098075,4501.8,3683.4,4440.0,3288.1,4022.4,65,5,4022.3,73,3,4022.2,24,2,4022.1,113,4,4022.0,404,17,4022.5,1,1,4022.8,2,2,4022.9,36,2,4023.0,4756,5,4023.8,5,1
11483,2026-07-02 10:16:03+05:30,4022.5,1,4053.68,476036,113543.0,148994.0,4100.0,4110.0,4020.1,4092.6,23098075,4501.8,3683.4,4440.0,3288.1,4022.4,65,5,4022.3,73,3,4022.2,24,2,4022.1,113,4,4022.0,404,17,4022.5,1,1,4022.8,2,2,4022.9,36,2,4023.0,4756,5,4023.8,5,1
11483,2026-07-02 10:16:04+05:30,4023.0,97,4053.67,476255,114075.0,148909.0,4100.0,4110.0,4020.1,4092.6,23098075,4501.8,3683.4,4440.0,3288.1,4022.4,46,3,4022.3,10,1,4022.2,77,4,4022.1,71,3,4022.0,446,18,4023.0,4652,3,4023.8,5,1,4024.0,545,7,4024.2,24,2,4024.4,28,2
11483,2026-07-02 10:16:04+05:30,4023.0,97,4053.67,476255,114075.0,148909.0,4100.0,4110.0,4020.1,4092.6,23098075,4501.8,3683.4,4440.0,3288.1,4022.4,46,3,4022.3,10,1,4022.2,77,4,4022.1,71,3,4022.0,446,18,4023.0,4652,3,4023.8,5,1,4024.0,545,7,4024.2,24,2,4024.4,28,2
11483,2026-07-02 10:16:05+05:30,4023.0,5,4053.64,476649,113843.0,148269.0,4100.0,4110.0,4020.1,4092.6,23098075,4501.8,3683.4,4440.0,3288.1,4022.8,4,1,4022.3,26,2,4022.2,21,2,4022.1,70,3,4022.0,430,19,4023.0,4493,3,4024.0,519,6,4024.3,11,2,4024.4,10,1,4024.5,1,1
11483,2026-07-02 10:16:05+05:30,4023.0,5,4053.64,476649,113843.0,148269.0,4100.0,4110.0,4020.1,4092.6,23098075,4501.8,3683.4,4440.0,3288.1,4022.8,4,1,4022.3,26,2,4022.2,21,2,4022.1,70,3,4022.0,430,19,4023.0,4493,3,4024.0,519,6,4024.3,11,2,4024.4,10,1,4024.5,1,1
11483,2026-07-02 10:16:06+05:30,4023.0,1,4053.64,476679,113847.0,148634.0,4100.0,4110.0,4020.1,4092.6,23098075,4501.8,3683.4,4440.0,3288.1,4022.8,4,1,4022.3,13,1,4022.2,21,2,4022.1,70,3,4022.0,419,19,4023.0,4474,8,4023.7,8,1,4024.0,528,7,4024.1,12,1,4024.3,6,1
11483,2026-07-02 10:16:06+05:30,4023.0,1,4053.64,476679,113847.0,148634.0,4100.0,4110.0,4020.1,4092.6,23098075,4501.8,3683.4,4440.0,3288.1,4022.8,4,1,4022.3,13,1,4022.2,21,2,4022.1,70,3,4022.0,419,19,4023.0,4474,8,4023.7,8,1,4024.0,528,7,4024.1,12,1,4024.3,6,1
11483,2026-07-02 10:16:07+05:30,4023.0,10,4053.63,476782,114339.0,148528.0,4100.0,4110.0,4020.1,4092.6,23098075,4501.8,3683.4,4440.0,3288.1,4022.9,42,1,4022.8,47,3,4022.6,42,1,4022.4,42,1,4022.3,13,1,4023.0,4373,10,4024.0,528,7,4024.3,18,2,4024.4,22,2,4024.5,13,2
11483,2026-07-02 10:16:07+05:30,4023.0,81,4053.63,476782,114339.0,148528.0,4100.0,4110.0,4020.1,4092.6,23098075,4501.8,3683.4,4440.0,3288.1,4022.9,42,1,4022.8,47,3,4022.6,42,1,4022.4,42,1,4022.3,13,1,4023.0,4373,10,4024.0,528,7,4024.3,18,2,4024.4,22,2,4024.5,13,2
11483,2026-07-02 10:16:08+05:30,4023.0,3,4053.62,476963,113957.0,148482.0,4100.0,4110.0,4020.1,4092.6,23098075,4501.8,3683.4,4440.0,3288.1,4022.9,28,1,4022.8,47,3,4022.6,42,1,4022.5,13,2,4022.4,42,1,4023.0,4260,12,4023.9,39,1,4024.0,528,7,4024.2,12,1,4024.3,18,2
11483,2026-07-02 10:16:08+05:30,4023.0,3,4053.62,476963,113957.0,148482.0,4100.0,4110.0,4020.1,4092.6,23098075,4501.8,3683.4,4440.0,3288.1,4022.9,28,1,4022.8,47,3,4022.6,42,1,4022.5,13,2,4022.4,42,1,4023.0,4260,12,4023.9,39,1,4024.0,528,7,4024.2,12,1,4024.3,18,2
11483,2026-07-02 10:16:09+05:30,4022.9,17,4053.62,476963,113957.0,148482.0,4100.0,4110.0,4020.1,4092.6,23098075,4501.8,3683.4,4440.0,3288.1,4022.9,28,1,4022.8,47,3,4022.6,42,1,4022.5,13,2,4022.4,42,1,4023.0,4260,12,4023.9,39,1,4024.0,528,7,4024.2,12,1,4024.3,18,2
11483,2026-07-02 10:16:10+05:30,4022.9,1,4053.61,477068,113900.0,148413.0,4100.0,4110.0,4020.1,4092.6,23098075,4501.8,3683.4,4440.0,3288.1,4022.9,4,1,4022.8,47,3,4022.6,42,1,4022.5,13,2,4022.4,46,2,4023.0,4179,12,4023.7,7,1,4023.9,51,2,4024.0,528,7,4024.2,12,1
11483,2026-07-02 10:16:10+05:30,4022.8,1,4053.61,477068,113900.0,148413.0,4100.0,4110.0,4020.1,4092.6,23098075,4501.8,3683.4,4440.0,3288.1,4022.9,4,1,4022.8,47,3,4022.6,42,1,4022.5,13,2,4022.4,46,2,4023.0,4179,12,4023.7,7,1,4023.9,51,2,4024.0,528,7,4024.2,12,1
11483,2026-07-02 10:16:11+05:30,4022.8,1,4053.61,477127,113295.0,148862.0,4100.0,4110.0,4020.1,4092.6,23098075,4501.8,3683.4,4440.0,3288.1,4022.5,13,2,4022.4,4,1,4022.2,18,1,4022.1,70,3,4022.0,410,20,4022.8,4,2,4022.9,12,1,4023.0,4139,12,4023.3,90,3,4023.4,8,1
11483,2026-07-02 10:16:11+05:30,4022.4,2,4053.61,477127,113295.0,148862.0,4100.0,4110.0,4020.1,4092.6,23098075,4501.8,3683.4,4440.0,3288.1,4022.5,13,2,4022.4,4,1,4022.2,18,1,4022.1,70,3,4022.0,410,20,4022.8,4,2,4022.9,12,1,4023.0,4139,12,4023.3,90,3,4023.4,8,1
11483,2026-07-02 10:16:12+05:30,4022.4,4,4053.56,477799,111780.0,149578.0,4100.0,4110.0,4020.1,4092.6,23098075,4501.8,3683.4,4440.0,3288.1,4021.4,8,1,4021.3,52,3,4021.2,1,1,4021.1,15,2,4021.0,1747,22,4022.4,28,6,4022.5,2,2,4022.6,97,6,4022.7,69,3,4022.8,5,3
11483,2026-07-02 10:16:12+05:30,4022.0,2,4053.56,477799,111780.0,149578.0,4100.0,4110.0,4020.1,4092.6,23098075,4501.8,3683.4,4440.0,3288.1,4021.4,8,1,4021.3,52,3,4021.2,1,1,4021.1,15,2,4021.0,1747,22,4022.4,28,6,4022.5,2,2,4022.6,97,6,4022.7,69,3,4022.8,5,3
11483,2026-07-02 10:16:13+05:30,4021.4,1,4053.56,477820,111622.0,149817.0,4100.0,4110.0,4020.1,4092.6,23098075,4501.8,3683.4,4440.0,3288.1,4021.3,33,1,4021.2,1,1,4021.1,15,2,4021.0,1747,22,4020.9,12,1,4021.4,13,1,4022.0,24,3,4022.4,29,7,4022.5,29,3,4022.6,70,5
11483,2026-07-02 10:16:13+05:30,4021.3,11,4053.56,477820,111622.0,149817.0,4100.0,4110.0,4020.1,4092.6,23098075,4501.8,3683.4,4440.0,3288.1,4021.3,33,1,4021.2,1,1,4021.1,15,2,4021.0,1747,22,4020.9,12,1,4021.4,13,1,4022.0,24,3,4022.4,29,7,4022.5,29,3,4022.6,70,5
11483,2026-07-02 10:16:14+05:30,4021.3,19,4053.56,477856,111282.0,149973.0,4100.0,4110.0,4020.1,4092.6,23098075,4501.8,3683.4,4440.0,3288.1,4021.2,1,1,4021.1,15,2,4021.0,1747,22,4020.8,10,1,4020.6,12,1,4021.3,29,1,4021.4,54,4,4021.5,42,1,4021.7,42,1,4021.9,42,1
11483,2026-07-02 10:16:14+05:30,4021.3,1,4053.56,477856,111282.0,149973.0,4100.0,4110.0,4020.1,4092.6,23098075,4501.8,3683.4,4440.0,3288.1,4021.2,1,1,4021.1,15,2,4021.0,1747,22,4020.8,10,1,4020.6,12,1,4021.3,29,1,4021.4,54,4,4021.5,42,1,4021.7,42,1,4021.9,42,1
11483,2026-07-02 10:16:15+05:30,4021.2,1,4053.56,477889,111262.0,150141.0,4100.0,4110.0,4020.1,4092.6,23098075,4501.8,3683.4,4440.0,3288.1,4021.1,15,2,4021.0,1747,22,4020.8,10,1,4020.6,12,1,4020.5,2,2,4021.2,78,1,4021.3,46,5,4021.4,54,4,4021.6,42,1,4021.8,42,1
11483,2026-07-02 10:16:15+05:30,4021.1,5,4053.56,477889,111262.0,150141.0,4100.0,4110.0,4020.1,4092.6,23098075,4501.8,3683.4,4440.0,3288.1,4021.1,15,2,4021.0,1747,22,4020.8,10,1,4020.6,12,1,4020.5,2,2,4021.2,78,1,4021.3,46,5,4021.4,54,4,4021.6,42,1,4021.8,42,1
11483,2026-07-02 10:16:16+05:30,4021.1,5,4053.56,477889,111262.0,150141.0,4100.0,4110.0,4020.1,4092.6,23098075,4501.8,3683.4,4440.0,3288.1,4021.1,15,2,4021.0,1747,22,4020.8,10,1,4020.6,12,1,4020.5,2,2,4021.2,78,1,4021.3,46,5,4021.4,54,4,4021.6,42,1,4021.8,42,1
11483,2026-07-02 10:16:16+05:30,4021.1,1,4053.54,478136,111116.0,149948.0,4100.0,4110.0,4020.1,4092.6,23098075,4501.8,3683.4,4440.0,3288.1,4021.0,1539,19,4020.8,10,1,4020.5,2,2,4020.3,10,1,4020.2,72,11,4021.1,35,3,4021.2,42,1,4021.3,4,4,4021.4,44,3,4021.6,42,1
11483,2026-07-02 10:16:16+05:30,4021.0,67,4053.54,478136,111116.0,149948.0,4100.0,4110.0,4020.1,4092.6,23098075,4501.8,3683.4,4440.0,3288.1,4021.0,1539,19,4020.8,10,1,4020.5,2,2,4020.3,10,1,4020.2,72,11,4021.1,35,3,4021.2,42,1,4021.3,4,4,4021.4,44,3,4021.6,42,1
11483,2026-07-02 10:16:17+05:30,4021.0,67,4053.54,478136,111116.0,149948.0,4100.0,4110.0,4020.1,4092.6,23098075,4501.8,3683.4,4440.0,3288.1,4021.0,1539,19,4020.8,10,1,4020.5,2,2,4020.3,10,1,4020.2,72,11,4021.1,35,3,4021.2,42,1,4021.3,4,4,4021.4,44,3,4021.6,42,1
11483,2026-07-02 10:16:17+05:30,4021.2,50,4053.46,479456,111908.0,148090.0,4100.0,4110.0,4020.1,4092.6,23098075,4501.8,3683.4,4440.0,3288.1,4021.2,50,1,4021.0,1363,19,4020.8,10,1,4020.6,14,3,4020.5,26,4,4022.4,20,3,4022.5,14,2,4022.6,15,1,4022.7,77,3,4022.9,50,2
11483,2026-07-02 10:16:17+05:30,4021.0,8,4053.46,479456,111908.0,148090.0,4100.0,4110.0,4020.1,4092.6,23098075,4501.8,3683.4,4440.0,3288.1,4021.2,50,1,4021.0,1363,19,4020.8,10,1,4020.6,14,3,4020.5,26,4,4022.4,20,3,4022.5,14,2,4022.6,15,1,4022.7,77,3,4022.9,50,2
11483,2026-07-02 10:16:18+05:30,4021.0,8,4053.46,479456,111908.0,148090.0,4100.0,4110.0,4020.1,4092.6,23098075,4501.8,3683.4,4440.0,3288.1,4021.2,50,1,4021.0,1363,19,4020.8,10,1,4020.6,14,3,4020.5,26,4,4022.4,20,3,4022.5,14,2,4022.6,15,1,4022.7,77,3,4022.9,50,2
11483,2026-07-02 10:16:18+05:30,4021.0,6,4053.45,479523,111304.0,148729.0,4100.0,4110.0,4020.1,4092.6,23098075,4501.8,3683.4,4440.0,3288.1,4021.0,1376,21,4020.8,22,2,4020.6,12,1,4020.5,16,4,4020.4,6,1,4021.2,2,1,4022.4,20,3,4022.5,62,3,4022.6,63,2,4022.7,77,3
11483,2026-07-02 10:16:18+05:30,4021.0,6,4053.45,479523,111304.0,148729.0,4100.0,4110.0,4020.1,4092.6,23098075,4501.8,3683.4,4440.0,3288.1,4021.0,1376,21,4020.8,22,2,4020.6,12,1,4020.5,16,4,4020.4,6,1,4021.2,2,1,4022.4,20,3,4022.5,62,3,4022.6,63,2,4022.7,77,3
11483,2026-07-02 10:16:18+05:30,4021.0,81,4053.45,479523,111304.0,148729.0,4100.0,4110.0,4020.1,4092.6,23098075,4501.8,3683.4,4440.0,3288.1,4021.0,1376,21,4020.8,22,2,4020.6,12,1,4020.5,16,4,4020.4,6,1,4021.2,2,1,4022.4,20,3,4022.5,62,3,4022.6,63,2,4022.7,77,3
11483,2026-07-02 10:16:19+05:30,4021.0,81,4053.45,479523,111304.0,148729.0,4100.0,4110.0,4020.1,4092.6,23098075,4501.8,3683.4,4440.0,3288.1,4021.0,1376,21,4020.8,22,2,4020.6,12,1,4020.5,16,4,4020.4,6,1,4021.2,2,1,4022.4,20,3,4022.5,62,3,4022.6,63,2,4022.7,77,3
11483,2026-07-02 10:16:19+05:30,4021.2,15,4053.44,479732,111140.0,148339.0,4100.0,4110.0,4020.1,4092.6,23098075,4501.8,3683.4,4440.0,3288.1,4021.0,1201,21,4020.8,22,2,4020.6,12,1,4020.5,16,4,4020.4,6,1,4021.2,12,1,4022.4,20,3,4022.5,14,2,4022.6,15,1,4022.7,12,1
11483,2026-07-02 10:16:19+05:30,4021.2,15,4053.44,479732,111140.0,148339.0,4100.0,4110.0,4020.1,4092.6,23123100,4501.8,3683.4,4440.0,3288.1,4021.0,1201,21,4020.8,22,2,4020.6,12,1,4020.5,16,4,4020.4,6,1,4021.2,12,1,4022.4,20,3,4022.5,14,2,4022.6,15,1,4022.7,12,1
11483,2026-07-02 10:16:19+05:30,4021.2,15,4053.44,479732,111140.0,148339.0,4100.0,4110.0,4020.1,4092.6,23123100,4501.8,3683.4,4440.0,3288.1,4021.0,1201,21,4020.8,22,2,4020.6,12,1,4020.5,16,4,4020.4,6,1,4021.2,12,1,4022.4,20,3,4022.5,14,2,4022.6,15,1,4022.7,12,1
11483,2026-07-02 10:16:20+05:30,4021.2,15,4053.44,479732,111140.0,148339.0,4100.0,4110.0,4020.1,4092.6,23123100,4501.8,3683.4,4440.0,3288.1,4021.0,1201,21,4020.8,22,2,4020.6,12,1,4020.5,16,4,4020.4,6,1,4021.2,12,1,4022.4,20,3,4022.5,14,2,4022.6,15,1,4022.7,12,1
11483,2026-07-02 10:16:20+05:30,4021.2,12,4053.43,479848,111047.0,148587.0,4100.0,4110.0,4020.1,4092.6,23123100,4501.8,3683.4,4440.0,3288.1,4021.0,1115,21,4020.8,10,1,4020.7,12,1,4020.5,20,4,4020.4,2,1,4021.2,23,4,4022.3,8,1,4022.4,20,3,4022.5,14,2,4022.6,15,1
11483,2026-07-02 10:16:20+05:30,4021.2,12,4053.43,479848,111047.0,148587.0,4100.0,4110.0,4020.1,4092.6,23123100,4501.8,3683.4,4440.0,3288.1,4021.0,1115,21,4020.8,10,1,4020.7,12,1,4020.5,20,4,4020.4,2,1,4021.2,23,4,4022.3,8,1,4022.4,20,3,4022.5,14,2,4022.6,15,1
11483,2026-07-02 10:16:20+05:30,4021.2,12,4053.43,479848,111047.0,148587.0,4100.0,4110.0,4020.1,4092.6,23123100,4501.8,3683.4,4440.0,3288.1,4021.0,1115,21,4020.8,10,1,4020.7,12,1,4020.5,20,4,4020.4,2,1,4021.2,23,4,4022.3,8,1,4022.4,20,3,4022.5,14,2,4022.6,15,1
11483,2026-07-02 10:16:21+05:30,4021.2,12,4053.43,479848,111047.0,148587.0,4100.0,4110.0,4020.1,4092.6,23123100,4501.8,3683.4,4440.0,3288.1,4021.0,1115,21,4020.8,10,1,4020.7,12,1,4020.5,20,4,4020.4,2,1,4021.2,23,4,4022.3,8,1,4022.4,20,3,4022.5,14,2,4022.6,15,1
11483,2026-07-02 10:16:21+05:30,4021.3,11,4053.42,479962,111978.0,148929.0,4100.0,4110.0,4020.1,4092.6,23123100,4501.8,3683.4,4440.0,3288.1,4021.3,236,1,4021.0,1097,20,4020.8,10,1,4020.5,26,4,4020.4,8,2,4021.7,81,1,4022.2,4,1,4022.3,43,2,4022.4,26,4,4022.5,32,3
11483,2026-07-02 10:16:21+05:30,4021.3,2,4053.42,479962,111978.0,148929.0,4100.0,4110.0,4020.1,4092.6,23123100,4501.8,3683.4,4440.0,3288.1,4021.3,236,1,4021.0,1097,20,4020.8,10,1,4020.5,26,4,4020.4,8,2,4021.7,81,1,4022.2,4,1,4022.3,43,2,4022.4,26,4,4022.5,32,3
11483,2026-07-02 10:16:22+05:30,4021.3,2,4053.42,479965,111963.0,149287.0,4100.0,4110.0,4020.1,4092.6,23123100,4501.8,3683.4,4440.0,3288.1,4021.3,233,1,4021.2,1,1,4021.1,4,1,4021.0,1100,21,4020.8,10,1,4021.5,42,1,4021.6,42,1,4021.8,42,1,4022.0,42,1,4022.2,24,2
11483,2026-07-02 10:16:23+05:30,4020.5,1,4053.31,481678,108449.0,150325.0,4100.0,4110.0,4020.1,4092.6,23123100,4501.8,3683.4,4440.0,3288.1,4020.2,54,7,4020.1,184,12,4020.0,4738,253,4019.9,2,2,4019.7,3,2,4020.5,84,2,4020.6,42,1,4020.7,42,1,4020.9,48,2,4021.0,62,4
11483,2026-07-02 10:16:23+05:30,4020.5,1,4053.31,481678,108449.0,150325.0,4100.0,4110.0,4020.1,4092.6,23123100,4501.8,3683.4,4440.0,3288.1,4020.2,54,7,4020.1,184,12,4020.0,4738,253,4019.9,2,2,4019.7,3,2,4020.5,84,2,4020.6,42,1,4020.7,42,1,4020.9,48,2,4021.0,62,4
11483,2026-07-02 10:16:24+05:30,4020.3,1,4053.3,481702,108935.0,150769.0,4100.0,4110.0,4020.1,4092.6,23123100,4501.8,3683.4,4440.0,3288.1,4020.2,52,7,4020.1,184,12,4020.0,4740,254,4019.9,2,2,4019.7,3,2,4020.3,72,5,4020.5,13,2,4021.0,100,6,4021.3,8,3,4021.4,5,2
11483,2026-07-02 10:16:24+05:30,4020.3,1,4053.3,481702,108935.0,150769.0,4100.0,4110.0,4020.1,4092.6,23123100,4501.8,3683.4,4440.0,3288.1,4020.2,52,7,4020.1,184,12,4020.0,4740,254,4019.9,2,2,4019.7,3,2,4020.3,72,5,4020.5,13,2,4021.0,100,6,4021.3,8,3,4021.4,5,2
11483,2026-07-02 10:16:25+05:30,4020.3,1,4053.3,481767,109653.0,149945.0,4100.0,4110.0,4020.1,4092.6,23123100,4501.8,3683.4,4440.0,3288.1,4020.2,69,8,4020.1,186,13,4020.0,4741,254,4019.9,7,3,4019.8,24,3,4020.3,3,3,4020.5,1,1,4021.0,105,5,4021.3,4,2,4021.6,5,1
11483,2026-07-02 10:16:26+05:30,4020.3,1,4053.3,481767,109653.0,149945.0,4100.0,4110.0,4020.1,4092.6,23123100,4501.8,3683.4,4440.0,3288.1,4020.2,69,8,4020.1,186,13,4020.0,4741,254,4019.9,7,3,4019.8,24,3,4020.3,3,3,4020.5,1,1,4021.0,105,5,4021.3,4,2,4021.6,5,1
11483,2026-07-02 10:16:26+05:30,4021.0,2,4053.3,481825,110138.0,149739.0,4100.0,4110.0,4020.1,4092.6,23123100,4501.8,3683.4,4440.0,3288.1,4020.3,45,5,4020.2,57,9,4020.1,184,12,4020.0,4766,256,4019.9,2,2,4021.0,63,5,4021.3,4,2,4021.7,38,1,4021.9,33,2,4022.0,75,7
11483,2026-07-02 10:16:26+05:30,4021.0,1,4053.3,481825,110138.0,149739.0,4100.0,4110.0,4020.1,4092.6,23123100,4501.8,3683.4,4440.0,3288.1,4020.3,45,5,4020.2,57,9,4020.1,184,12,4020.0,4766,256,4019.9,2,2,4021.0,63,5,4021.3,4,2,4021.7,38,1,4021.9,33,2,4022.0,75,7
11483,2026-07-02 10:16:27+05:30,4021.0,1,4053.28,482032,110658.0,148443.0,4100.0,4110.0,4020.1,4092.6,23123100,4501.8,3683.4,4440.0,3288.1,4020.9,100,3,4020.7,4,1,4020.6,17,3,4020.5,28,6,4020.4,23,3,4021.0,30,5,4021.3,4,2,4022.8,13,1,4023.0,3560,5,4023.2,12,1
11483,2026-07-02 10:16:27+05:30,4021.0,13,4053.28,482032,110658.0,148443.0,4100.0,4110.0,4020.1,4092.6,23123100,4501.8,3683.4,4440.0,3288.1,4020.9,100,3,4020.7,4,1,4020.6,17,3,4020.5,28,6,4020.4,23,3,4021.0,30,5,4021.3,4,2,4022.8,13,1,4023.0,3560,5,4023.2,12,1
11483,2026-07-02 10:16:28+05:30,4021.0,1,4053.27,482161,110776.0,148327.0,4100.0,4110.0,4020.1,4092.6,23123100,4501.8,3683.4,4440.0,3288.1,4020.9,56,2,4020.8,5,1,4020.7,4,1,4020.6,19,3,4020.5,24,4,4021.0,4,3,4022.8,51,2,4022.9,54,1,4023.0,3566,4,4023.1,12,1
11483,2026-07-02 10:16:28+05:30,4021.0,1,4053.27,482161,110776.0,148327.0,4100.0,4110.0,4020.1,4092.6,23123100,4501.8,3683.4,4440.0,3288.1,4020.9,56,2,4020.8,5,1,4020.7,4,1,4020.6,19,3,4020.5,24,4,4021.0,4,3,4022.8,51,2,4022.9,54,1,4023.0,3566,4,4023.1,12,1
11483,2026-07-02 10:16:29+05:30,4020.9,1,4053.27,482204,110764.0,148231.0,4100.0,4110.0,4020.1,4092.6,23123100,4501.8,3683.4,4440.0,3288.1,4020.9,42,5,4020.8,7,2,4020.7,4,1,4020.6,19,3,4020.5,30,5,4021.0,3,2,4022.8,31,2,4022.9,52,1,4023.0,3535,3,4023.1,12,1
11483,2026-07-02 10:16:29+05:30,4021.0,2,4053.27,482204,110764.0,148231.0,4100.0,4110.0,4020.1,4092.6,23123100,4501.8,3683.4,4440.0,3288.1,4020.9,42,5,4020.8,7,2,4020.7,4,1,4020.6,19,3,4020.5,30,5,4021.0,3,2,4022.8,31,2,4022.9,52,1,4023.0,3535,3,4023.1,12,1
11483,2026-07-02 10:16:30+05:30,4023.0,24,4053.27,482276,112635.0,147734.0,4100.0,4110.0,4020.1,4092.6,23123100,4501.8,3683.4,4440.0,3288.1,4021.6,61,5,4021.5,37,4,4021.4,59,4,4021.3,27,4,4021.2,35,5,4023.0,3511,3,4023.6,25,2,4023.9,2,1,4024.0,541,9,4024.1,1,1
11483,2026-07-02 10:16:30+05:30,4023.0,4,4053.27,482276,112635.0,147734.0,4100.0,4110.0,4020.1,4092.6,23123100,4501.8,3683.4,4440.0,3288.1,4021.6,61,5,4021.5,37,4,4021.4,59,4,4021.3,27,4,4021.2,35,5,4023.0,3511,3,4023.6,25,2,4023.9,2,1,4024.0,541,9,4024.1,1,1
11483,2026-07-02 10:16:31+05:30,4023.0,30,4053.26,482313,113052.0,147775.0,4100.0,4110.0,4020.1,4092.6,23123100,4501.8,3683.4,4440.0,3288.1,4021.9,42,4,4021.8,14,2,4021.7,33,3,4021.6,26,3,4021.5,41,4,4023.0,3479,8,4023.6,12,1,4023.8,5,1,4024.0,539,8,4024.1,7,2
11483,2026-07-02 10:16:32+05:30,4023.0,30,4053.26,482313,113052.0,147775.0,4100.0,4110.0,4020.1,4092.6,23123100,4501.8,3683.4,4440.0,3288.1,4021.9,42,4,4021.8,14,2,4021.7,33,3,4021.6,26,3,4021.5,41,4,4023.0,3479,8,4023.6,12,1,4023.8,5,1,4024.0,539,8,4024.1,7,2
11483,2026-07-02 10:16:32+05:30,4023.0,2,4053.26,482316,113455.0,146899.0,4100.0,4110.0,4020.1,4092.6,23123100,4501.8,3683.4,4440.0,3288.1,4022.2,29,3,4022.1,93,3,4022.0,63,6,4021.9,37,2,4021.8,36,4,4023.0,3481,9,4024.0,531,7,4024.2,81,2,4024.4,151,4,4024.5,1,1
11483,2026-07-02 10:16:33+05:30,4023.0,2,4053.26,482316,113455.0,146899.0,4100.0,4110.0,4020.1,4092.6,23123100,4501.8,3683.4,4440.0,3288.1,4022.2,29,3,4022.1,93,3,4022.0,63,6,4021.9,37,2,4021.8,36,4,4023.0,3481,9,4024.0,531,7,4024.2,81,2,4024.4,151,4,4024.5,1,1
11483,2026-07-02 10:16:34+05:30,4022.2,5,4053.26,482316,113455.0,146899.0,4100.0,4110.0,4020.1,4092.6,23123100,4501.8,3683.4,4440.0,3288.1,4022.0,60,5,4021.8,22,2,4021.6,23,3,4021.5,36,4,4021.4,137,4,4022.2,12,3,4023.0,3481,9,4023.9,7,1,4024.0,531,7,4024.2,94,3
11483,2026-07-02 10:16:34+05:30,4022.2,5,4053.26,482436,113281.0,147269.0,4100.0,4110.0,4020.1,4092.6,23123100,4501.8,3683.4,4440.0,3288.1,4022.0,60,5,4021.8,22,2,4021.6,23,3,4021.5,36,4,4021.4,137,4,4022.2,12,3,4023.0,3481,9,4023.9,7,1,4024.0,531,7,4024.2,94,3
11483,2026-07-02 10:16:35+05:30,4022.2,2,4053.26,482436,113281.0,147269.0,4100.0,4110.0,4020.1,4092.6,23123100,4501.8,3683.4,4440.0,3288.1,4022.0,60,5,4021.8,22,2,4021.6,23,3,4021.5,36,4,4021.4,137,4,4022.2,12,3,4023.0,3481,9,4023.9,7,1,4024.0,531,7,4024.2,94,3
11483,2026-07-02 10:16:35+05:30,4022.2,2,4053.26,482438,113159.0,147344.0,4100.0,4110.0,4020.1,4092.6,23123100,4501.8,3683.4,4440.0,3288.1,4022.0,60,5,4021.8,10,1,4021.5,24,3,4021.4,17,3,4021.3,178,7,4022.2,10,3,4023.0,3511,10,4023.8,5,1,4023.9,7,1,4024.0,513,7
11483,2026-07-02 10:16:36+05:30,4022.0,5,4053.26,482438,113159.0,147344.0,4100.0,4110.0,4020.1,4092.6,23123100,4501.8,3683.4,4440.0,3288.1,4022.0,60,5,4021.8,10,1,4021.5,24,3,4021.4,17,3,4021.3,178,7,4022.2,10,3,4023.0,3511,10,4023.8,5,1,4023.9,7,1,4024.0,513,7
11483,2026-07-02 10:16:36+05:30,4022.0,5,4053.25,482463,113136.0,147490.0,4100.0,4110.0,4020.1,4092.6,23123100,4501.8,3683.4,4440.0,3288.1,4022.0,20,2,4021.8,18,1,4021.4,5,1,4021.3,114,4,4021.2,72,5,4022.2,10,3,4023.0,3508,7,4023.4,50,3,4023.7,49,4,4023.8,5,1
11483,2026-07-02 10:16:37+05:30,4022.0,2,4053.25,482463,113136.0,147490.0,4100.0,4110.0,4020.1,4092.6,23123100,4501.8,3683.4,4440.0,3288.1,4022.0,13,2,4021.8,12,1,4021.6,7,1,4021.5,20,2,4021.4,39,3,4022.2,3,2,4023.0,3506,5,4023.7,12,1,4023.8,31,3,4023.9,7,1
11483,2026-07-02 10:16:37+05:30,4022.0,2,4053.25,482487,113027.0,147630.0,4100.0,4110.0,4020.1,4092.6,23123100,4501.8,3683.4,4440.0,3288.1,4022.0,13,2,4021.8,12,1,4021.6,7,1,4021.5,20,2,4021.4,39,3,4022.2,3,2,4023.0,3506,5,4023.7,12,1,4023.8,31,3,4023.9,7,1
11483,2026-07-02 10:16:38+05:30,4022.2,1,4053.25,482487,113027.0,147630.0,4100.0,4110.0,4020.1,4092.6,23123100,4501.8,3683.4,4440.0,3288.1,4022.0,13,2,4021.8,12,1,4021.6,7,1,4021.5,20,2,4021.4,39,3,4022.2,3,2,4023.0,3506,5,4023.7,12,1,4023.8,31,3,4023.9,7,1
11483,2026-07-02 10:16:38+05:30,4022.2,1,4053.25,482489,113031.0,147671.0,4100.0,4110.0,4020.1,4092.6,23123100,4501.8,3683.4,4440.0,3288.1,4022.0,24,3,4021.6,15,2,4021.5,20,2,4021.4,39,3,4021.3,134,5,4022.2,3,2,4023.0,3501,4,4023.7,13,2,4023.8,35,3,4023.9,7,1
11483,2026-07-02 10:16:39+05:30,4023.0,15,4053.25,482489,113031.0,147671.0,4100.0,4110.0,4020.1,4092.6,23123100,4501.8,3683.4,4440.0,3288.1,4022.0,24,3,4021.6,15,2,4021.5,20,2,4021.4,39,3,4021.3,134,5,4022.2,3,2,4023.0,3501,4,4023.7,13,2,4023.8,35,3,4023.9,7,1
11483,2026-07-02 10:16:39+05:30,4023.0,15,4053.25,482540,112781.0,147916.0,4100.0,4110.0,4020.1,4092.6,23123100,4501.8,3683.4,4440.0,3288.1,4021.7,21,2,4021.6,23,3,4021.5,33,3,4021.4,49,4,4021.3,110,3,4023.0,3471,4,4023.6,38,1,4023.7,28,3,4023.8,35,3,4024.0,551,9
11483,2026-07-02 10:16:40+05:30,4023.0,15,4053.25,482540,112257.0,147488.0,4100.0,4110.0,4020.1,4092.6,23123100,4501.8,3683.4,4440.0,3288.1,4021.6,13,1,4021.4,25,1,4021.3,103,2,4021.2,9,2,4021.1,28,3,4023.0,3485,7,4023.2,45,2,4023.3,64,3,4023.4,12,1,4023.5,24,1
11483,2026-07-02 10:16:41+05:30,4021.6,1,4053.25,482540,112257.0,147488.0,4100.0,4110.0,4020.1,4092.6,23123100,4501.8,3683.4,4440.0,3288.1,4021.6,13,1,4021.4,25,1,4021.3,103,2,4021.2,9,2,4021.1,28,3,4023.0,3485,7,4023.2,45,2,4023.3,64,3,4023.4,12,1,4023.5,24,1
11483,2026-07-02 10:16:41+05:30,4021.6,1,4053.25,482553,112409.0,148844.0,4100.0,4110.0,4020.1,4092.6,23123100,4501.8,3683.4,4440.0,3288.1,4022.0,19,2,4021.4,52,2,4021.3,100,1,4021.1,58,2,4021.0,265,9,4022.8,9,1,4022.9,49,4,4023.0,3497,8,4023.1,20,1,4023.3,64,3
11483,2026-07-02 10:16:42+05:30,4022.8,2,4053.25,482553,112409.0,148844.0,4100.0,4110.0,4020.1,4092.6,23123100,4501.8,3683.4,4440.0,3288.1,4022.0,19,2,4021.4,52,2,4021.3,100,1,4021.1,58,2,4021.0,265,9,4022.8,9,1,4022.9,49,4,4023.0,3497,8,4023.1,20,1,4023.3,64,3
11483,2026-07-02 10:16:42+05:30,4022.8,2,4053.25,482557,112427.0,148242.0,4100.0,4110.0,4020.1,4092.6,23123100,4501.8,3683.4,4440.0,3288.1,4022.0,17,2,4021.4,52,2,4021.3,100,1,4021.1,58,2,4021.0,265,9,4022.5,4,1,4022.6,25,2,4022.8,16,2,4022.9,37,3,4023.0,3509,9
11483,2026-07-02 10:16:43+05:30,4022.0,5,4053.25,482557,112427.0,148242.0,4100.0,4110.0,4020.1,4092.6,23123100,4501.8,3683.4,4440.0,3288.1,4022.0,17,2,4021.4,52,2,4021.3,100,1,4021.1,58,2,4021.0,265,9,4022.5,4,1,4022.6,25,2,4022.8,16,2,4022.9,37,3,4023.0,3509,9
11483,2026-07-02 10:16:43+05:30,4022.0,1,4053.25,482574,112566.0,148452.0,4100.0,4110.0,4020.1,4092.6,23123100,4501.8,3683.4,4440.0,3288.1,4021.4,21,1,4021.3,100,1,4021.1,15,2,4021.0,266,10,4020.9,4,2,4022.0,2,1,4022.5,12,1,4022.6,13,1,4022.7,7,1,4022.8,43,3
11483,2026-07-02 10:16:44+05:30,4022.0,1,4053.25,482574,112566.0,148452.0,4100.0,4110.0,4020.1,4092.6,23123100,4501.8,3683.4,4440.0,3288.1,4021.4,21,1,4021.3,100,1,4021.1,15,2,4021.0,266,10,4020.9,4,2,4022.0,2,1,4022.5,12,1,4022.6,13,1,4022.7,7,1,4022.8,43,3
11483,2026-07-02 10:16:44+05:30,4022.9,49,4053.22,482930,112263.0,149122.0,4100.0,4110.0,4020.1,4092.6,23123100,4501.8,3683.4,4440.0,3288.1,4021.4,16,1,4021.3,100,1,4021.1,10,1,4021.0,266,10,4020.5,24,3,4022.6,4,1,4022.7,21,2,4022.8,23,2,4022.9,38,1,4023.0,3599,11
11483,2026-07-02 10:16:45+05:30,4022.9,49,4053.22,482930,112263.0,149122.0,4100.0,4110.0,4020.1,4092.6,23123100,4501.8,3683.4,4440.0,3288.1,4021.4,16,1,4021.3,100,1,4021.1,10,1,4021.0,266,10,4020.5,24,3,4022.6,4,1,4022.7,21,2,4022.8,23,2,4022.9,38,1,4023.0,3599,11
11483,2026-07-02 10:16:45+05:30,4022.9,49,4053.22,482930,112528.0,148956.0,4100.0,4110.0,4020.1,4092.6,23123100,4501.8,3683.4,4440.0,3288.1,4021.4,16,1,4021.3,100,1,4021.1,10,1,4021.0,266,10,4020.5,24,3,4022.3,4,1,4022.4,33,3,4022.5,3,1,4022.6,3,1,4022.7,33,3
11483,2026-07-02 10:16:46+05:30,4022.4,1,4053.22,482930,112528.0,148956.0,4100.0,4110.0,4020.1,4092.6,23123100,4501.8,3683.4,4440.0,3288.1,4021.4,16,1,4021.3,100,1,4021.1,10,1,4021.0,266,10,4020.5,24,3,4022.3,4,1,4022.4,33,3,4022.5,3,1,4022.6,3,1,4022.7,33,3
11483,2026-07-02 10:16:46+05:30,4022.4,1,4053.22,482967,112457.0,149165.0,4100.0,4110.0,4020.1,4092.6,23123100,4501.8,3683.4,4440.0,3288.1,4022.0,1,1,4021.4,16,1,4021.3,100,1,4021.1,23,2,4021.0,266,10,4022.6,44,4,4022.7,21,2,4022.8,23,2,4022.9,5,3,4023.0,3580,10
11483,2026-07-02 10:16:47+05:30,4022.4,1,4053.22,482967,112457.0,149165.0,4100.0,4110.0,4020.1,4092.6,23123100,4501.8,3683.4,4440.0,3288.1,4022.0,1,1,4021.4,16,1,4021.3,100,1,4021.1,23,2,4021.0,266,10,4022.6,44,4,4022.7,21,2,4022.8,23,2,4022.9,5,3,4023.0,3580,10
11483,2026-07-02 10:16:47+05:30,4022.0,1,4053.22,482968,112132.0,149741.0,4100.0,4110.0,4020.1,4092.6,23123100,4501.8,3683.4,4440.0,3288.1,4021.4,16,1,4021.3,100,1,4021.1,10,1,4021.0,266,10,4020.5,23,3,4021.5,1,1,4022.3,44,4,4022.4,14,4,4022.6,49,3,4022.7,68,5
11483,2026-07-02 10:16:48+05:30,4022.2,1,4053.22,482968,112132.0,149741.0,4100.0,4110.0,4020.1,4092.6,23123100,4501.8,3683.4,4440.0,3288.1,4021.4,16,1,4021.3,100,1,4021.1,10,1,4021.0,266,10,4020.5,23,3,4021.5,1,1,4022.3,44,4,4022.4,14,4,4022.6,49,3,4022.7,68,5
11483,2026-07-02 10:16:48+05:30,4022.2,3,4053.22,483019,112354.0,149486.0,4100.0,4110.0,4020.1,4092.6,23123100,4501.8,3683.4,4440.0,3288.1,4021.3,83,1,4021.2,50,1,4021.1,10,1,4021.0,266,10,4020.5,36,4,4022.2,45,4,4022.3,17,1,4022.4,14,4,4022.6,49,3,4022.7,46,4
11483,2026-07-02 10:16:49+05:30,4022.2,3,4053.22,483019,112354.0,149486.0,4100.0,4110.0,4020.1,4092.6,23123100,4501.8,3683.4,4440.0,3288.1,4021.3,83,1,4021.2,50,1,4021.1,10,1,4021.0,266,10,4020.5,36,4,4022.2,45,4,4022.3,17,1,4022.4,14,4,4022.6,49,3,4022.7,46,4
11483,2026-07-02 10:16:49+05:30,4022.1,5,4053.21,483140,112232.0,149598.0,4100.0,4110.0,4020.1,4092.6,23123100,4501.8,3683.4,4440.0,3288.1,4021.2,50,1,4021.1,10,1,4021.0,266,10,4020.5,24,3,4020.4,13,2,4022.1,73,7,4022.2,26,6,4022.4,75,8,4022.5,22,1,4022.6,49,3
11483,2026-07-02 10:16:50+05:30,4022.1,5,4053.21,483140,112232.0,149598.0,4100.0,4110.0,4020.1,4092.6,23123100,4501.8,3683.4,4440.0,3288.1,4021.2,50,1,4021.1,10,1,4021.0,266,10,4020.5,24,3,4020.4,13,2,4022.1,73,7,4022.2,26,6,4022.4,75,8,4022.5,22,1,4022.6,49,3
11483,2026-07-02 10:16:51+05:30,4021.9,5,4053.21,483140,112232.0,149598.0,4100.0,4110.0,4020.1,4092.6,23123100,4501.8,3683.4,4440.0,3288.1,4021.2,50,1,4021.1,10,1,4021.0,266,10,4020.5,24,3,4020.4,13,2,4022.1,73,7,4022.2,26,6,4022.4,75,8,4022.5,22,1,4022.6,49,3
11483,2026-07-02 10:16:51+05:30,4021.9,5,4053.21,483195,112170.0,149758.0,4100.0,4110.0,4020.1,4092.6,23123100,4501.8,3683.4,4440.0,3288.1,4021.1,10,1,4021.0,266,10,4020.5,11,2,4020.4,13,2,4020.3,73,3,4021.9,40,6,4022.0,37,4,4022.1,44,7,4022.2,26,6,4022.3,27,2
11483,2026-07-02 10:16:52+05:30,4020.9,1,4053.21,483195,112170.0,149758.0,4100.0,4110.0,4020.1,4092.6,23123100,4501.8,3683.4,4440.0,3288.1,4021.1,10,1,4021.0,266,10,4020.5,11,2,4020.4,13,2,4020.3,73,3,4021.9,40,6,4022.0,37,4,4022.1,44,7,4022.2,26,6,4022.3,27,2
11483,2026-07-02 10:16:52+05:30,4020.9,1,4053.12,484457,109734.0,151666.0,4100.0,4110.0,4020.1,4092.6,23123100,4501.8,3683.4,4440.0,3288.1,4020.1,100,1,4020.0,4999,272,4019.9,2,2,4019.7,3,2,4019.6,195,3,4020.9,115,10,4021.0,71,6,4021.1,79,5,4021.2,67,4,4021.3,26,1
11483,2026-07-02 10:16:53+05:30,4020.7,1,4053.12,484457,109734.0,151666.0,4100.0,4110.0,4020.1,4092.6,23123100,4501.8,3683.4,4440.0,3288.1,4020.1,100,1,4020.0,4999,272,4019.9,2,2,4019.7,3,2,4019.6,195,3,4020.9,115,10,4021.0,71,6,4021.1,79,5,4021.2,67,4,4021.3,26,1
11483,2026-07-02 10:16:53+05:30,4020.6,1,4053.1,484822,109262.0,151045.0,4100.0,4110.0,4020.1,4092.6,23123100,4501.8,3683.4,4440.0,3288.1,4020.1,100,1,4020.0,4998,272,4019.9,2,2,4019.7,3,2,4019.6,195,3,4020.6,7,2,4020.7,12,2,4020.8,30,2,4020.9,42,6,4021.0,18,2
11483,2026-07-02 10:16:54+05:30,4020.6,1,4053.1,484822,109262.0,151045.0,4100.0,4110.0,4020.1,4092.6,23123100,4501.8,3683.4,4440.0,3288.1,4020.1,100,1,4020.0,4998,272,4019.9,2,2,4019.7,3,2,4019.6,195,3,4020.6,7,2,4020.7,12,2,4020.8,30,2,4020.9,42,6,4021.0,18,2
11483,2026-07-02 10:16:54+05:30,4020.1,1,4053.1,484835,109392.0,150888.0,4100.0,4110.0,4020.1,4092.6,23123100,4501.8,3683.4,4440.0,3288.1,4020.1,92,1,4020.0,4997,271,4019.9,2,2,4019.7,3,2,4019.6,195,3,4020.6,5,3,4020.7,10,1,4020.8,15,1,4020.9,36,7,4021.0,18,2
11483,2026-07-02 10:16:55+05:30,4020.1,14,4053.1,484835,109392.0,150888.0,4100.0,4110.0,4020.1,4092.6,23123100,4501.8,3683.4,4440.0,3288.1,4020.1,92,1,4020.0,4997,271,4019.9,2,2,4019.7,3,2,4019.6,195,3,4020.6,5,3,4020.7,10,1,4020.8,15,1,4020.9,36,7,4021.0,18,2
11483,2026-07-02 10:16:55+05:30,4020.1,3,4053.09,484860,109397.0,151166.0,4100.0,4110.0,4020.1,4092.6,23123100,4501.8,3683.4,4440.0,3288.1,4020.1,67,1,4020.0,4997,271,4019.9,2,2,4019.7,3,2,4019.6,195,3,4020.6,5,3,4020.7,10,1,4020.8,50,2,4020.9,42,6,4021.0,18,2
11483,2026-07-02 10:16:56+05:30,4020.1,6,4053.09,484860,109397.0,151166.0,4100.0,4110.0,4020.1,4092.6,23123100,4501.8,3683.4,4440.0,3288.1,4020.1,67,1,4020.0,4997,271,4019.9,2,2,4019.7,3,2,4019.6,195,3,4020.6,5,3,4020.7,10,1,4020.8,50,2,4020.9,42,6,4021.0,18,2
11483,2026-07-02 10:16:56+05:30,4020.9,1,4053.08,485031,109521.0,150939.0,4100.0,4110.0,4020.1,4092.6,23123100,4501.8,3683.4,4440.0,3288.1,4020.1,57,1,4020.0,4995,270,4019.9,2,2,4019.7,3,2,4019.6,195,3,4020.9,24,5,4021.0,15,1,4021.1,20,2,4021.2,3,1,4021.5,108,8
11483,2026-07-02 10:16:57+05:30,4020.9,1,4053.08,485031,109521.0,150939.0,4100.0,4110.0,4020.1,4092.6,23123100,4501.8,3683.4,4440.0,3288.1,4020.1,57,1,4020.0,4995,270,4019.9,2,2,4019.7,3,2,4019.6,195,3,4020.9,24,5,4021.0,15,1,4021.1,20,2,4021.2,3,1,4021.5,108,8
11483,2026-07-02 10:16:57+05:30,4020.1,5,4053.08,485085,109358.0,151279.0,4100.0,4110.0,4020.1,4092.6,23123100,4501.8,3683.4,4440.0,3288.1,4020.1,3,1,4020.0,4995,270,4019.9,2,2,4019.7,3,2,4019.6,20,2,4020.8,32,4,4020.9,23,4,4021.0,15,1,4021.1,20,2,4021.2,39,3
11483,2026-07-02 10:16:58+05:30,4020.1,1,4053.08,485085,109358.0,151279.0,4100.0,4110.0,4020.1,4092.6,23123100,4501.8,3683.4,4440.0,3288.1,4020.1,3,1,4020.0,4995,270,4019.9,2,2,4019.7,3,2,4019.6,20,2,4020.8,32,4,4020.9,23,4,4021.0,15,1,4021.1,20,2,4021.2,39,3
11483,2026-07-02 10:16:58+05:30,4020.1,1,4053.08,485088,109422.0,151357.0,4100.0,4110.0,4020.1,4092.6,23123100,4501.8,3683.4,4440.0,3288.1,4020.1,40,1,4020.0,4995,270,4019.9,2,2,4019.7,3,2,4019.6,20,2,4020.8,32,4,4020.9,23,4,4021.0,55,2,4021.1,20,2,4021.2,39,3
11483,2026-07-02 10:16:59+05:30,4020.6,10,4053.08,485088,109422.0,151357.0,4100.0,4110.0,4020.1,4092.6,23123100,4501.8,3683.4,4440.0,3288.1,4020.1,40,1,4020.0,4995,270,4019.9,2,2,4019.7,3,2,4019.6,20,2,4020.8,32,4,4020.9,23,4,4021.0,55,2,4021.1,20,2,4021.2,39,3
11483,2026-07-02 10:16:59+05:30,4020.6,1,4053.06,485331,109185.0,152070.0,4100.0,4110.0,4020.0,4092.6,23123100,4501.8,3683.4,4440.0,3288.1,4020.0,4834,261,4019.9,2,2,4019.7,3,2,4019.6,20,2,4019.3,1,1,4020.5,38,4,4020.6,64,7,4020.7,20,3,4020.8,103,5,4020.9,41,6
11483,2026-07-02 10:17:00+05:30,4020.6,1,4053.06,485331,109185.0,152070.0,4100.0,4110.0,4020.0,4092.6,23123100,4501.8,3683.4,4440.0,3288.1,4020.0,4834,261,4019.9,2,2,4019.7,3,2,4019.6,20,2,4019.3,1,1,4020.5,38,4,4020.6,64,7,4020.7,20,3,4020.8,103,5,4020.9,41,6
11483,2026-07-02 10:17:00+05:30,4020.5,3,4053.05,485534,109106.0,152072.0,4100.0,4110.0,4020.0,4092.6,23123100,4501.8,3683.4,4440.0,3288.1,4020.1,19,1,4020.0,4700,262,4019.9,2,2,4019.7,3,2,4019.6,20,2,4020.5,30,3,4020.6,42,5,4020.7,20,3,4020.8,86,3,4020.9,44,6
11483,2026-07-02 10:17:01+05:30,4019.1,1,4053.05,485534,109106.0,152072.0,4100.0,4110.0,4020.0,4092.6,23123100,4501.8,3683.4,4440.0,3288.1,4020.1,19,1,4020.0,4700,262,4019.9,2,2,4019.7,3,2,4019.6,20,2,4020.5,30,3,4020.6,42,5,4020.7,20,3,4020.8,86,3,4020.9,44,6
11483,2026-07-02 10:17:01+05:30,4018.4,10,4052.68,490958,102928.0,152608.0,4100.0,4110.0,4018.4,4092.6,23123100,4501.8,3683.4,4440.0,3288.1,4018.4,30,1,4018.3,15,1,4018.1,5,1,4018.0,196,24,4017.6,2,1,4018.5,81,4,4018.8,21,2,4019.0,7,1,4019.1,53,6,4019.3,18,2
11483,2026-07-02 10:17:02+05:30,4018.4,1,4052.68,490958,102928.0,152608.0,4100.0,4110.0,4018.4,4092.6,23123100,4501.8,3683.4,4440.0,3288.1,4018.4,30,1,4018.3,15,1,4018.1,5,1,4018.0,196,24,4017.6,2,1,4018.5,81,4,4018.8,21,2,4019.0,7,1,4019.1,53,6,4019.3,18,2
11483,2026-07-02 10:17:03+05:30,4017.5,5,4052.68,490958,102928.0,152608.0,4100.0,4110.0,4018.4,4092.6,23123100,4501.8,3683.4,4440.0,3288.1,4018.4,30,1,4018.3,15,1,4018.1,5,1,4018.0,196,24,4017.6,2,1,4018.5,81,4,4018.8,21,2,4019.0,7,1,4019.1,53,6,4019.3,18,2
11483,2026-07-02 10:17:03+05:30,4017.5,4,4052.66,491292,102419.0,152034.0,4100.0,4110.0,4017.5,4092.6,23123100,4501.8,3683.4,4440.0,3288.1,4017.2,155,3,4017.0,182,11,4016.9,50,1,4016.8,70,1,4016.6,64,3,4017.5,2,1,4018.0,29,4,4018.4,17,2,4018.5,59,5,4018.6,5,1
11483,2026-07-02 10:17:04+05:30,4017.5,1,4052.66,491292,102419.0,152034.0,4100.0,4110.0,4017.5,4092.6,23123100,4501.8,3683.4,4440.0,3288.1,4017.2,155,3,4017.0,182,11,4016.9,50,1,4016.8,70,1,4016.6,64,3,4017.5,2,1,4018.0,29,4,4018.4,17,2,4018.5,59,5,4018.6,5,1
11483,2026-07-02 10:17:04+05:30,4017.5,1,4052.65,491387,102758.0,152065.0,4100.0,4110.0,4017.2,4092.6,23123100,4501.8,3683.4,4440.0,3288.1,4017.2,85,1,4017.0,182,11,4016.9,50,1,4016.8,70,1,4016.6,58,2,4017.5,23,7,4018.0,89,6,4018.2,5,1,4018.4,49,3,4018.5,71,6
11483,2026-07-02 10:17:05+05:30,4017.5,1,4052.65,491387,102758.0,152065.0,4100.0,4110.0,4017.2,4092.6,23123100,4501.8,3683.4,4440.0,3288.1,4017.2,85,1,4017.0,182,11,4016.9,50,1,4016.8,70,1,4016.6,58,2,4017.5,23,7,4018.0,89,6,4018.2,5,1,4018.4,49,3,4018.5,71,6
11483,2026-07-02 10:17:05+05:30,4017.5,5,4052.64,491501,102981.0,151736.0,4100.0,4110.0,4017.2,4092.6,23123100,4501.8,3683.4,4440.0,3288.1,4017.2,47,1,4017.0,182,11,4016.9,50,1,4016.8,70,1,4016.6,58,2,4017.5,15,4,4018.0,99,7,4018.2,5,1,4018.4,49,3,4018.5,59,5
11483,2026-07-02 10:17:06+05:30,4017.0,7,4052.64,491501,102981.0,151736.0,4100.0,4110.0,4017.2,4092.6,23123100,4501.8,3683.4,4440.0,3288.1,4017.2,47,1,4017.0,182,11,4016.9,50,1,4016.8,70,1,4016.6,58,2,4017.5,15,4,4018.0,99,7,4018.2,5,1,4018.4,49,3,4018.5,59,5
11483,2026-07-02 10:17:06+05:30,4017.0,44,4052.63,491669,102817.0,152067.0,4100.0,4110.0,4017.0,4092.6,23123100,4501.8,3683.4,4440.0,3288.1,4017.0,67,4,4016.9,50,1,4016.8,70,1,4016.6,58,2,4016.5,10,1,4017.2,6,2,4017.5,9,5,4018.0,99,7,4018.2,5,1,4018.4,49,3
11483,2026-07-02 10:17:07+05:30,4017.0,13,4052.63,491669,102817.0,152067.0,4100.0,4110.0,4017.0,4092.6,23123100,4501.8,3683.4,4440.0,3288.1,4017.0,67,4,4016.9,50,1,4016.8,70,1,4016.6,58,2,4016.5,10,1,4017.2,6,2,4017.5,9,5,4018.0,99,7,4018.2,5,1,4018.4,49,3
11483,2026-07-02 10:17:07+05:30,4017.0,1,4052.61,492020,102889.0,152038.0,4100.0,4110.0,4016.9,4092.6,23123100,4501.8,3683.4,4440.0,3288.1,4016.9,33,3,4016.8,70,1,4016.6,58,2,4016.5,10,1,4016.4,79,1,4017.0,49,3,4018.0,28,3,4018.1,7,1,4018.2,22,3,4018.4,35,4
11483,2026-07-02 10:17:08+05:30,4017.0,3,4052.61,492020,102889.0,152038.0,4100.0,4110.0,4016.9,4092.6,23123100,4501.8,3683.4,4440.0,3288.1,4016.9,33,3,4016.8,70,1,4016.6,58,2,4016.5,10,1,4016.4,79,1,4017.0,49,3,4018.0,28,3,4018.1,7,1,4018.2,22,3,4018.4,35,4
11483,2026-07-02 10:17:08+05:30,4017.0,3,4052.59,492182,102975.0,151693.0,4100.0,4110.0,4016.9,4092.6,23123100,4501.8,3683.4,4440.0,3288.1,4016.8,70,1,4016.6,58,2,4016.5,10,1,4016.3,100,1,4016.1,33,2,4016.9,2,2,4017.0,42,5,4017.9,7,1,4018.0,38,4,4018.1,5,1
11483,2026-07-02 10:17:09+05:30,4016.9,2,4052.59,492182,102975.0,151693.0,4100.0,4110.0,4016.9,4092.6,23123100,4501.8,3683.4,4440.0,3288.1,4016.8,70,1,4016.6,58,2,4016.5,10,1,4016.3,100,1,4016.1,33,2,4016.9,2,2,4017.0,42,5,4017.9,7,1,4018.0,38,4,4018.1,5,1
11483,2026-07-02 10:17:09+05:30,4016.9,2,4052.59,492185,103187.0,151613.0,4100.0,4110.0,4016.9,4092.6,23123100,4501.8,3683.4,4440.0,3288.1,4016.8,70,1,4016.6,58,2,4016.5,10,1,4016.3,100,1,4016.2,76,1,4016.9,2,2,4017.0,45,7,4018.0,49,5,4018.1,5,1,4018.2,22,3
11483,2026-07-02 10:17:10+05:30,4017.0,1,4052.59,492185,103187.0,151613.0,4100.0,4110.0,4016.9,4092.6,23123100,4501.8,3683.4,4440.0,3288.1,4016.8,70,1,4016.6,58,2,4016.5,10,1,4016.3,100,1,4016.2,76,1,4016.9,2,2,4017.0,45,7,4018.0,49,5,4018.1,5,1,4018.2,22,3
11483,2026-07-02 10:17:10+05:30,4017.0,1,4052.59,492201,103133.0,151528.0,4100.0,4110.0,4016.9,4092.6,23123100,4501.8,3683.4,4440.0,3288.1,4016.8,70,1,4016.6,58,2,4016.5,10,1,4016.3,100,1,4016.1,33,2,4017.0,31,7,4018.0,49,5,4018.1,5,1,4018.2,22,3,4018.4,17,2
11483,2026-07-02 10:17:11+05:30,4017.0,1,4052.59,492201,103133.0,151528.0,4100.0,4110.0,4016.9,4092.6,23123100,4501.8,3683.4,4440.0,3288.1,4016.8,70,1,4016.6,58,2,4016.5,10,1,4016.3,100,1,4016.1,33,2,4017.0,31,7,4018.0,49,5,4018.1,5,1,4018.2,22,3,4018.4,17,2
11483,2026-07-02 10:17:11+05:30,4017.0,1,4052.59,492206,103190.0,151362.0,4100.0,4110.0,4016.9,4092.6,23123100,4501.8,3683.4,4440.0,3288.1,4016.9,50,1,4016.8,70,1,4016.6,58,2,4016.5,10,1,4016.3,100,1,4017.0,28,9,4018.0,49,5,4018.1,5,1,4018.2,22,3,4018.4,17,2
11483,2026-07-02 10:17:12+05:30,4016.9,2,4052.59,492206,103190.0,151362.0,4100.0,4110.0,4016.9,4092.6,23123100,4501.8,3683.4,4440.0,3288.1,4016.9,50,1,4016.8,70,1,4016.6,58,2,4016.5,10,1,4016.3,100,1,4017.0,28,9,4018.0,49,5,4018.1,5,1,4018.2,22,3,4018.4,17,2
11483,2026-07-02 10:17:12+05:30,4016.9,2,4052.58,492384,103256.0,150662.0,4100.0,4110.0,4016.8,4092.6,23123100,4501.8,3683.4,4440.0,3288.1,4016.8,79,2,4016.6,58,2,4016.5,10,1,4016.3,100,1,4016.2,25,2,4016.9,10,5,4017.0,5,4,4017.9,10,1,4018.0,38,4,4018.2,21,2
11483,2026-07-02 10:17:13+05:30,4016.6,17,4052.58,492384,103256.0,150662.0,4100.0,4110.0,4016.8,4092.6,23123100,4501.8,3683.4,4440.0,3288.1,4016.8,79,2,4016.6,58,2,4016.5,10,1,4016.3,100,1,4016.2,25,2,4016.9,10,5,4017.0,5,4,4017.9,10,1,4018.0,38,4,4018.2,21,2
11483,2026-07-02 10:17:13+05:30,4016.6,17,4052.57,492520,103378.0,150891.0,4100.0,4110.0,4016.6,4092.6,23123100,4501.8,3683.4,4440.0,3288.1,4016.5,10,1,4016.3,100,1,4016.2,19,1,4016.1,56,3,4016.0,128,16,4016.6,17,3,4016.9,11,6,4017.0,2,2,4017.9,58,2,4018.0,38,4
11483,2026-07-02 10:17:14+05:30,4016.6,12,4052.57,492551,103475.0,150829.0,4100.0,4110.0,4016.6,4092.6,23123100,4501.8,3683.4,4440.0,3288.1,4016.5,34,3,4016.3,100,1,4016.2,19,1,4016.1,95,6,4016.0,194,16,4016.6,7,5,4016.9,16,7,4017.0,2,2,4017.9,10,1,4018.0,38,4
11483,2026-07-02 10:17:15+05:30,4016.6,5,4052.57,492551,103475.0,150829.0,4100.0,4110.0,4016.6,4092.6,23123100,4501.8,3683.4,4440.0,3288.1,4016.5,34,3,4016.3,100,1,4016.2,19,1,4016.1,95,6,4016.0,194,16,4016.6,7,5,4016.9,16,7,4017.0,2,2,4017.9,10,1,4018.0,38,4
11483,2026-07-02 10:17:15+05:30,4016.6,1,4052.57,492581,103338.0,150847.0,4100.0,4110.0,4016.5,4092.6,23123100,4501.8,3683.4,4440.0,3288.1,4016.5,8,1,4016.3,100,1,4016.2,19,1,4016.1,81,4,4016.0,126,15,4016.6,20,6,4016.9,31,8,4017.0,1,1,4017.9,10,1,4018.0,38,4
11483,2026-07-02 10:17:16+05:30,4016.6,3,4052.57,492581,103338.0,150847.0,4100.0,4110.0,4016.5,4092.6,23123100,4501.8,3683.4,4440.0,3288.1,4016.5,8,1,4016.3,100,1,4016.2,19,1,4016.1,81,4,4016.0,126,15,4016.6,20,6,4016.9,31,8,4017.0,1,1,4017.9,10,1,4018.0,38,4
11483,2026-07-02 10:17:16+05:30,4016.6,3,4052.57,492581,103338.0,150847.0,4100.0,4110.0,4016.5,4092.6,23123100,4501.8,3683.4,4440.0,3288.1,4016.5,8,1,4016.3,100,1,4016.2,19,1,4016.1,81,4,4016.0,126,15,4016.6,20,6,4016.9,31,8,4017.0,1,1,4017.9,10,1,4018.0,38,4
11483,2026-07-02 10:17:16+05:30,4016.5,1,4052.55,492738,103793.0,151044.0,4100.0,4110.0,4016.3,4092.6,23123100,4501.8,3683.4,4440.0,3288.1,4016.3,80,1,4016.1,81,4,4016.0,126,15,4015.8,18,2,4015.7,20,2,4016.5,66,5,4016.9,7,1,4017.9,9,1,4018.0,68,5,4018.1,9,1
11483,2026-07-02 10:17:16+05:30,4016.5,1,4052.55,492738,103793.0,151044.0,4100.0,4110.0,4016.3,4092.6,23123100,4501.8,3683.4,4440.0,3288.1,4016.3,80,1,4016.1,81,4,4016.0,126,15,4015.8,18,2,4015.7,20,2,4016.5,66,5,4016.9,7,1,4017.9,9,1,4018.0,68,5,4018.1,9,1
11483,2026-07-02 10:17:17+05:30,4016.5,8,4052.55,492738,103793.0,151044.0,4100.0,4110.0,4016.3,4092.6,23123100,4501.8,3683.4,4440.0,3288.1,4016.3,80,1,4016.1,81,4,4016.0,126,15,4015.8,18,2,4015.7,20,2,4016.5,66,5,4016.9,7,1,4017.9,9,1,4018.0,68,5,4018.1,9,1
11483,2026-07-02 10:17:17+05:30,4016.5,8,4052.55,492738,103793.0,151044.0,4100.0,4110.0,4016.3,4092.6,23123100,4501.8,3683.4,4440.0,3288.1,4016.3,80,1,4016.1,81,4,4016.0,126,15,4015.8,18,2,4015.7,20,2,4016.5,66,5,4016.9,7,1,4017.9,9,1,4018.0,68,5,4018.1,9,1
11483,2026-07-02 10:17:17+05:30,4016.5,10,4052.55,492775,103785.0,151041.0,4100.0,4110.0,4016.3,4092.6,23123100,4501.8,3683.4,4440.0,3288.1,4016.3,80,1,4016.1,58,3,4016.0,109,15,4015.8,2,1,4015.7,26,3,4016.5,37,8,4016.9,7,1,4017.8,52,1,4018.0,68,5,4018.1,9,1
11483,2026-07-02 10:17:18+05:30,4016.5,5,4052.55,492775,103785.0,151041.0,4100.0,4110.0,4016.3,4092.6,23123100,4501.8,3683.4,4440.0,3288.1,4016.3,80,1,4016.1,58,3,4016.0,109,15,4015.8,2,1,4015.7,26,3,4016.5,37,8,4016.9,7,1,4017.8,52,1,4018.0,68,5,4018.1,9,1
11483,2026-07-02 10:17:18+05:30,4016.5,5,4052.55,492775,103785.0,151041.0,4100.0,4110.0,4016.3,4092.6,23123100,4501.8,3683.4,4440.0,3288.1,4016.3,80,1,4016.1,58,3,4016.0,109,15,4015.8,2,1,4015.7,26,3,4016.5,37,8,4016.9,7,1,4017.8,52,1,4018.0,68,5,4018.1,9,1
11483,2026-07-02 10:17:18+05:30,4016.5,1,4052.55,492799,103857.0,151004.0,4100.0,4110.0,4016.3,4092.6,23123100,4501.8,3683.4,4440.0,3288.1,4016.3,80,1,4016.2,2,1,4016.1,58,3,4016.0,114,16,4015.9,79,2,4016.5,16,11,4016.9,7,1,4017.8,52,1,4018.0,73,6,4018.1,9,1
11483,2026-07-02 10:17:19+05:30,4016.3,2,4052.55,492799,103857.0,151004.0,4100.0,4110.0,4016.3,4092.6,23123100,4501.8,3683.4,4440.0,3288.1,4016.3,80,1,4016.2,2,1,4016.1,58,3,4016.0,114,16,4015.9,79,2,4016.5,16,11,4016.9,7,1,4017.8,52,1,4018.0,73,6,4018.1,9,1
11483,2026-07-02 10:17:19+05:30,4016.3,2,4052.55,492799,103857.0,151004.0,4100.0,4110.0,4016.3,4092.6,23123100,4501.8,3683.4,4440.0,3288.1,4016.3,80,1,4016.2,2,1,4016.1,58,3,4016.0,114,16,4015.9,79,2,4016.5,16,11,4016.9,7,1,4017.8,52,1,4018.0,73,6,4018.1,9,1
11483,2026-07-02 10:17:19+05:30,4016.5,1,4052.55,492841,103611.0,150902.0,4100.0,4110.0,4016.3,4092.6,23123100,4501.8,3683.4,4440.0,3288.1,4016.3,78,1,4016.2,2,1,4016.1,58,3,4016.0,114,16,4015.9,15,1,4016.5,49,9,4016.9,7,1,4017.5,25,1,4017.7,29,1,4017.8,52,1
11483,2026-07-02 10:17:20+05:30,4016.5,1,4052.55,492841,103611.0,150902.0,4100.0,4110.0,4016.3,4092.6,23123100,4501.8,3683.4,4440.0,3288.1,4016.3,78,1,4016.2,2,1,4016.1,58,3,4016.0,114,16,4015.9,15,1,4016.5,49,9,4016.9,7,1,4017.5,25,1,4017.7,29,1,4017.8,52,1
11483,2026-07-02 10:17:20+05:30,4016.5,1,4052.55,492841,103611.0,150902.0,4100.0,4110.0,4016.3,4092.6,23162650,4501.8,3683.4,4440.0,3288.1,4016.3,78,1,4016.2,2,1,4016.1,58,3,4016.0,114,16,4015.9,15,1,4016.5,49,9,4016.9,7,1,4017.5,25,1,4017.7,29,1,4017.8,52,1
11483,2026-07-02 10:17:20+05:30,4016.5,1,4052.54,492884,103682.0,150918.0,4100.0,4110.0,4016.3,4092.6,23162650,4501.8,3683.4,4440.0,3288.1,4016.3,73,1,4016.1,58,3,4016.0,194,18,4015.7,1,1,4015.6,72,2,4016.5,32,13,4016.9,7,1,4017.5,25,1,4017.7,34,2,4017.8,52,1
11483,2026-07-02 10:17:21+05:30,4016.5,1,4052.54,492884,103682.0,150918.0,4100.0,4110.0,4016.3,4092.6,23162650,4501.8,3683.4,4440.0,3288.1,4016.3,73,1,4016.1,58,3,4016.0,194,18,4015.7,1,1,4015.6,72,2,4016.5,32,13,4016.9,7,1,4017.5,25,1,4017.7,34,2,4017.8,52,1
11483,2026-07-02 10:17:21+05:30,4016.5,1,4052.54,492884,103682.0,150918.0,4100.0,4110.0,4016.3,4092.6,23162650,4501.8,3683.4,4440.0,3288.1,4016.3,73,1,4016.1,58,3,4016.0,194,18,4015.7,1,1,4015.6,72,2,4016.5,32,13,4016.9,7,1,4017.5,25,1,4017.7,34,2,4017.8,52,1
11483,2026-07-02 10:17:22+05:30,4016.9,5,4052.54,492884,103682.0,150918.0,4100.0,4110.0,4016.3,4092.6,23162650,4501.8,3683.4,4440.0,3288.1,4016.3,73,1,4016.1,58,3,4016.0,194,18,4015.7,1,1,4015.6,72,2,4016.5,32,13,4016.9,7,1,4017.5,25,1,4017.7,34,2,4017.8,52,1
11483,2026-07-02 10:17:22+05:30,4016.9,5,4052.54,492971,103560.0,150981.0,4100.0,4110.0,4016.3,4092.6,23162650,4501.8,3683.4,4440.0,3288.1,4016.5,32,1,4016.3,15,1,4016.1,58,3,4016.0,134,17,4015.8,35,1,4016.9,2,1,4017.5,25,1,4017.7,69,3,4017.8,64,2,4018.0,81,6
11483,2026-07-02 10:17:22+05:30,4016.9,1,4052.54,492972,103961.0,150982.0,4100.0,4110.0,4016.3,4092.6,23162650,4501.8,3683.4,4440.0,3288.1,4016.5,32,1,4016.3,15,1,4016.1,58,3,4016.0,134,17,4015.7,1,1,4016.9,3,3,4017.5,51,2,4017.7,64,2,4017.8,69,3,4018.0,81,6
11483,2026-07-02 10:17:23+05:30,4016.5,32,4052.54,492972,103961.0,150982.0,4100.0,4110.0,4016.3,4092.6,23162650,4501.8,3683.4,4440.0,3288.1,4016.5,32,1,4016.3,15,1,4016.1,58,3,4016.0,134,17,4015.7,1,1,4016.9,3,3,4017.5,51,2,4017.7,64,2,4017.8,69,3,4018.0,81,6
11483,2026-07-02 10:17:24+05:30,4016.5,1,4052.54,492972,103961.0,150982.0,4100.0,4110.0,4016.3,4092.6,23162650,4501.8,3683.4,4440.0,3288.1,4016.5,32,1,4016.3,15,1,4016.1,58,3,4016.0,134,17,4015.7,1,1,4016.9,3,3,4017.5,51,2,4017.7,64,2,4017.8,69,3,4018.0,81,6
11483,2026-07-02 10:17:24+05:30,4016.5,1,4052.53,493019,103430.0,150911.0,4100.0,4110.0,4016.3,4092.6,23162650,4501.8,3683.4,4440.0,3288.1,4016.3,15,1,4016.1,58,3,4016.0,134,17,4015.7,1,1,4015.5,53,3,4016.5,15,2,4016.9,27,5,4017.1,30,2,4017.2,16,1,4017.3,12,1
11483,2026-07-02 10:17:25+05:30,4016.5,1,4052.53,493019,103430.0,150911.0,4100.0,4110.0,4016.3,4092.6,23162650,4501.8,3683.4,4440.0,3288.1,4016.3,15,1,4016.1,58,3,4016.0,134,17,4015.7,1,1,4015.5,53,3,4016.5,15,2,4016.9,27,5,4017.1,30,2,4017.2,16,1,4017.3,12,1
11483,2026-07-02 10:17:25+05:30,4016.9,8,4052.52,493151,103016.0,151141.0,4100.0,4110.0,4016.3,4092.6,23162650,4501.8,3683.4,4440.0,3288.1,4016.5,59,2,4016.3,14,1,4016.1,58,3,4016.0,134,17,4015.7,1,1,4016.9,1,1,4017.0,52,2,4017.1,30,2,4017.2,51,2,4017.3,48,4
11483,2026-07-02 10:17:26+05:30,4016.9,8,4052.52,493151,103016.0,151141.0,4100.0,4110.0,4016.3,4092.6,23162650,4501.8,3683.4,4440.0,3288.1,4016.5,59,2,4016.3,14,1,4016.1,58,3,4016.0,134,17,4015.7,1,1,4016.9,1,1,4017.0,52,2,4017.1,30,2,4017.2,51,2,4017.3,48,4
11483,2026-07-02 10:17:26+05:30,4016.9,8,4052.52,493176,103389.0,150976.0,4100.0,4110.0,4016.3,4092.6,23162650,4501.8,3683.4,4440.0,3288.1,4016.5,70,4,4016.3,14,1,4016.1,58,3,4016.0,135,18,4015.7,1,1,4016.9,31,6,4017.0,49,2,4017.1,31,3,4017.2,51,2,4017.3,47,3
11483,2026-07-02 10:17:27+05:30,4016.9,2,4052.52,493176,103389.0,150976.0,4100.0,4110.0,4016.3,4092.6,23162650,4501.8,3683.4,4440.0,3288.1,4016.5,70,4,4016.3,14,1,4016.1,58,3,4016.0,135,18,4015.7,1,1,4016.9,31,6,4017.0,49,2,4017.1,31,3,4017.2,51,2,4017.3,47,3
11483,2026-07-02 10:17:27+05:30,4016.9,1,4052.51,493284,103117.0,151095.0,4100.0,4110.0,4016.3,4092.6,23162650,4501.8,3683.4,4440.0,3288.1,4016.5,65,5,4016.3,14,1,4016.1,58,3,4016.0,135,18,4015.7,1,1,4016.9,53,11,4017.0,49,2,4017.1,31,3,4017.2,51,2,4017.3,47,3
11483,2026-07-02 10:17:28+05:30,4016.9,2,4052.51,493284,103117.0,151095.0,4100.0,4110.0,4016.3,4092.6,23162650,4501.8,3683.4,4440.0,3288.1,4016.5,65,5,4016.3,14,1,4016.1,58,3,4016.0,135,18,4015.7,1,1,4016.9,53,11,4017.0,49,2,4017.1,31,3,4017.2,51,2,4017.3,47,3
11483,2026-07-02 10:17:28+05:30,4016.5,1,4052.51,493288,103284.0,151062.0,4100.0,4110.0,4016.3,4092.6,23162650,4501.8,3683.4,4440.0,3288.1,4016.5,85,8,4016.3,14,1,4016.1,58,3,4016.0,135,18,4015.7,1,1,4016.9,62,14,4017.0,49,2,4017.1,66,4,4017.2,16,1,4017.3,47,3
11483,2026-07-02 10:17:29+05:30,4016.5,2,4052.51,493288,103284.0,151062.0,4100.0,4110.0,4016.3,4092.6,23162650,4501.8,3683.4,4440.0,3288.1,4016.5,85,8,4016.3,14,1,4016.1,58,3,4016.0,135,18,4015.7,1,1,4016.9,62,14,4017.0,49,2,4017.1,66,4,4017.2,16,1,4017.3,47,3
11483,2026-07-02 10:17:29+05:30,4016.8,7,4052.51,493301,103400.0,151307.0,4100.0,4110.0,4016.3,4092.6,23162650,4501.8,3683.4,4440.0,3288.1,4016.5,86,8,4016.3,15,2,4016.1,58,3,4016.0,135,18,4015.7,1,1,4016.8,134,5,4016.9,29,13,4017.0,49,2,4017.1,65,3,4017.2,16,1
11483,2026-07-02 10:17:30+05:30,4016.8,1,4052.51,493301,103400.0,151307.0,4100.0,4110.0,4016.3,4092.6,23162650,4501.8,3683.4,4440.0,3288.1,4016.5,86,8,4016.3,15,2,4016.1,58,3,4016.0,135,18,4015.7,1,1,4016.8,134,5,4016.9,29,13,4017.0,49,2,4017.1,65,3,4017.2,16,1
11483,2026-07-02 10:17:30+05:30,4016.5,11,4052.5,493416,103424.0,151138.0,4100.0,4110.0,4016.3,4092.6,23162650,4501.8,3683.4,4440.0,3288.1,4016.5,94,10,4016.3,15,2,4016.1,58,3,4016.0,137,19,4015.7,1,1,4016.8,35,7,4016.9,18,9,4017.0,40,1,4017.1,65,3,4017.2,16,1
11483,2026-07-02 10:17:31+05:30,4016.8,3,4052.5,493416,103424.0,151138.0,4100.0,4110.0,4016.3,4092.6,23162650,4501.8,3683.4,4440.0,3288.1,4016.5,94,10,4016.3,15,2,4016.1,58,3,4016.0,137,19,4015.7,1,1,4016.8,35,7,4016.9,18,9,4017.0,40,1,4017.1,65,3,4017.2,16,1
11483,2026-07-02 10:17:31+05:30,4016.8,1,4052.5,493494,103383.0,151169.0,4100.0,4110.0,4016.3,4092.6,23162650,4501.8,3683.4,4440.0,3288.1,4016.5,24,3,4016.3,15,2,4016.1,58,3,4016.0,137,19,4015.7,1,1,4016.8,45,9,4016.9,23,9,4017.0,84,3,4017.1,30,2,4017.2,16,1
11483,2026-07-02 10:17:32+05:30,4016.8,1,4052.5,493494,103383.0,151169.0,4100.0,4110.0,4016.3,4092.6,23162650,4501.8,3683.4,4440.0,3288.1,4016.5,24,3,4016.3,15,2,4016.1,58,3,4016.0,137,19,4015.7,1,1,4016.8,45,9,4016.9,23,9,4017.0,84,3,4017.1,30,2,4017.2,16,1
11483,2026-07-02 10:17:32+05:30,4016.8,5,4052.5,493532,103543.0,151128.0,4100.0,4110.0,4016.3,4092.6,23162650,4501.8,3683.4,4440.0,3288.1,4016.5,129,4,4016.3,15,2,4016.1,58,3,4016.0,137,19,4015.7,1,1,4016.8,40,10,4016.9,47,5,4017.0,49,2,4017.1,30,2,4017.2,16,1
11483,2026-07-02 10:17:33+05:30,4016.5,10,4052.5,493532,103543.0,151128.0,4100.0,4110.0,4016.3,4092.6,23162650,4501.8,3683.4,4440.0,3288.1,4016.5,129,4,4016.3,15,2,4016.1,58,3,4016.0,137,19,4015.7,1,1,4016.8,40,10,4016.9,47,5,4017.0,49,2,4017.1,30,2,4017.2,16,1
11483,2026-07-02 10:17:33+05:30,4016.5,1,4052.49,493675,103391.0,151433.0,4100.0,4110.0,4016.3,4092.6,23162650,4501.8,3683.4,4440.0,3288.1,4016.3,15,2,4016.1,58,3,4016.0,139,20,4015.7,1,1,4015.5,53,3,4016.5,12,1,4016.8,41,11,4016.9,93,3,4017.0,40,1,4017.1,30,2
11483,2026-07-02 10:17:34+05:30,4016.5,10,4052.49,493675,103391.0,151433.0,4100.0,4110.0,4016.3,4092.6,23162650,4501.8,3683.4,4440.0,3288.1,4016.3,15,2,4016.1,58,3,4016.0,139,20,4015.7,1,1,4015.5,53,3,4016.5,12,1,4016.8,41,11,4016.9,93,3,4017.0,40,1,4017.1,30,2
11483,2026-07-02 10:17:34+05:30,4016.5,10,4052.49,493686,103351.0,151554.0,4100.0,4110.0,4016.3,4092.6,23162650,4501.8,3683.4,4440.0,3288.1,4016.3,15,2,4016.1,58,3,4016.0,140,21,4015.7,1,1,4015.5,53,3,4016.5,47,9,4016.7,15,2,4016.8,17,8,4016.9,93,3,4017.0,52,2
11483,2026-07-02 10:17:35+05:30,4016.5,2,4052.49,493686,103351.0,151554.0,4100.0,4110.0,4016.3,4092.6,23162650,4501.8,3683.4,4440.0,3288.1,4016.3,15,2,4016.1,58,3,4016.0,140,21,4015.7,1,1,4015.5,53,3,4016.5,47,9,4016.7,15,2,4016.8,17,8,4016.9,93,3,4017.0,52,2
11483,2026-07-02 10:17:35+05:30,4016.5,1,4052.48,493707,103350.0,151421.0,4100.0,4110.0,4016.3,4092.6,23162650,4501.8,3683.4,4440.0,3288.1,4016.3,3,2,4016.1,58,3,4016.0,141,22,4015.7,1,1,4015.5,53,3,4016.5,13,9,4016.6,40,1,4016.7,78,4,4016.8,5,5,4016.9,69,3
11483,2026-07-02 10:17:36+05:30,4016.5,1,4052.48,493707,103350.0,151421.0,4100.0,4110.0,4016.3,4092.6,23162650,4501.8,3683.4,4440.0,3288.1,4016.3,3,2,4016.1,58,3,4016.0,141,22,4015.7,1,1,4015.5,53,3,4016.5,13,9,4016.6,40,1,4016.7,78,4,4016.8,5,5,4016.9,69,3
11483,2026-07-02 10:17:36+05:30,4016.5,1,4052.47,493862,103321.0,151225.0,4100.0,4110.0,4016.3,4092.6,23162650,4501.8,3683.4,4440.0,3288.1,4016.3,3,2,4016.1,58,3,4016.0,144,23,4015.7,1,1,4015.5,53,3,4016.5,7,4,4016.6,18,2,4016.7,33,4,4016.8,3,3,4016.9,58,2
11483,2026-07-02 10:17:37+05:30,4016.3,1,4052.47,493862,103321.0,151225.0,4100.0,4110.0,4016.3,4092.6,23162650,4501.8,3683.4,4440.0,3288.1,4016.3,3,2,4016.1,58,3,4016.0,144,23,4015.7,1,1,4015.5,53,3,4016.5,7,4,4016.6,18,2,4016.7,33,4,4016.8,3,3,4016.9,58,2
11483,2026-07-02 10:17:37+05:30,4016.3,1,4052.47,493865,103382.0,151160.0,4100.0,4110.0,4016.3,4092.6,23162650,4501.8,3683.4,4440.0,3288.1,4016.1,58,3,4016.0,144,23,4015.7,1,1,4015.5,65,4,4015.4,1,1,4016.3,1,1,4016.5,18,7,4016.6,6,1,4016.7,5,1,4016.8,1,1
11483,2026-07-02 10:17:38+05:30,4016.5,1,4052.47,493865,103382.0,151160.0,4100.0,4110.0,4016.3,4092.6,23162650,4501.8,3683.4,4440.0,3288.1,4016.1,58,3,4016.0,144,23,4015.7,1,1,4015.5,65,4,4015.4,1,1,4016.3,1,1,4016.5,18,7,4016.6,6,1,4016.7,5,1,4016.8,1,1
11483,2026-07-02 10:17:38+05:30,4016.9,7,4052.47,493924,103378.0,151098.0,4100.0,4110.0,4016.1,4092.6,23162650,4501.8,3683.4,4440.0,3288.1,4016.1,55,3,4016.0,144,23,4015.7,1,1,4015.5,67,5,4015.4,1,1,4016.9,44,2,4017.3,26,2,4017.5,80,3,4017.6,69,3,4017.7,29,1
11483,2026-07-02 10:17:39+05:30,4016.9,7,4052.47,493924,103378.0,151098.0,4100.0,4110.0,4016.1,4092.6,23162650,4501.8,3683.4,4440.0,3288.1,4016.1,55,3,4016.0,144,23,4015.7,1,1,4015.5,67,5,4015.4,1,1,4016.9,44,2,4017.3,26,2,4017.5,80,3,4017.6,69,3,4017.7,29,1
11483,2026-07-02 10:17:39+05:30,4016.9,7,4052.47,493924,103909.0,150742.0,4100.0,4110.0,4016.1,4092.6,23162650,4501.8,3683.4,4440.0,3288.1,4016.8,15,3,4016.6,3,1,4016.5,14,2,4016.1,67,4,4016.0,185,24,4016.9,46,4,4017.8,52,1,4018.0,109,6,4018.1,38,2,4018.2,46,2
11483,2026-07-02 10:17:40+05:30,4016.8,2,4052.47,493924,103909.0,150742.0,4100.0,4110.0,4016.1,4092.6,23162650,4501.8,3683.4,4440.0,3288.1,4016.8,15,3,4016.6,3,1,4016.5,14,2,4016.1,67,4,4016.0,185,24,4016.9,46,4,4017.8,52,1,4018.0,109,6,4018.1,38,2,4018.2,46,2
11483,2026-07-02 10:17:40+05:30,4016.8,1,4052.47,493932,104045.0,150742.0,4100.0,4110.0,4016.1,4092.6,23162650,4501.8,3683.4,4440.0,3288.1,4016.8,22,3,4016.6,3,1,4016.5,2,1,4016.4,12,1,4016.1,112,7,4016.9,43,4,4017.8,52,1,4018.0,79,5,4018.1,1,1,4018.2,46,2
11483,2026-07-02 10:17:41+05:30,4016.9,1,4052.47,493932,104045.0,150742.0,4100.0,4110.0,4016.1,4092.6,23162650,4501.8,3683.4,4440.0,3288.1,4016.8,22,3,4016.6,3,1,4016.5,2,1,4016.4,12,1,4016.1,112,7,4016.9,43,4,4017.8,52,1,4018.0,79,5,4018.1,1,1,4018.2,46,2
11483,2026-07-02 10:17:41+05:30,4018.0,20,4052.46,494053,105353.0,148336.0,4100.0,4110.0,4016.1,4092.6,23162650,4501.8,3683.4,4440.0,3288.1,4017.8,82,5,4017.7,36,3,4017.6,27,3,4017.5,41,5,4017.4,66,8,4018.5,10,1,4018.9,1,1,4019.5,1,1,4019.6,15,1,4019.8,52,1
11483,2026-07-02 10:17:42+05:30,4018.0,1,4052.46,494053,105353.0,148336.0,4100.0,4110.0,4016.1,4092.6,23162650,4501.8,3683.4,4440.0,3288.1,4017.8,82,5,4017.7,36,3,4017.6,27,3,4017.5,41,5,4017.4,66,8,4018.5,10,1,4018.9,1,1,4019.5,1,1,4019.6,15,1,4019.8,52,1
11483,2026-07-02 10:17:42+05:30,4017.3,1,4052.45,494183,105180.0,149082.0,4100.0,4110.0,4016.1,4092.6,23162650,4501.8,3683.4,4440.0,3288.1,4017.3,39,1,4017.2,47,4,4017.1,28,3,4017.0,69,6,4016.9,27,4,4018.0,4,3,4018.5,11,2,4018.8,6,1,4018.9,1,1,4019.5,13,2
11483,2026-07-02 10:17:43+05:30,4017.3,14,4052.45,494183,105180.0,149082.0,4100.0,4110.0,4016.1,4092.6,23162650,4501.8,3683.4,4440.0,3288.1,4017.3,39,1,4017.2,47,4,4017.1,28,3,4017.0,69,6,4016.9,27,4,4018.0,4,3,4018.5,11,2,4018.8,6,1,4018.9,1,1,4019.5,13,2
11483,2026-07-02 10:17:43+05:30,4017.3,1,4052.44,494285,105198.0,149096.0,4100.0,4110.0,4016.1,4092.6,23162650,4501.8,3683.4,4440.0,3288.1,4017.1,91,5,4017.0,42,2,4016.9,4,2,4016.8,14,3,4016.7,41,4,4017.3,12,1,4018.9,21,2,4019.0,15,2,4019.1,20,2,4019.2,53,2
11483,2026-07-02 10:17:44+05:30,4017.3,1,4052.44,494285,105198.0,149096.0,4100.0,4110.0,4016.1,4092.6,23162650,4501.8,3683.4,4440.0,3288.1,4017.1,91,5,4017.0,42,2,4016.9,4,2,4016.8,14,3,4016.7,41,4,4017.3,12,1,4018.9,21,2,4019.0,15,2,4019.1,20,2,4019.2,53,2
11483,2026-07-02 10:17:44+05:30,4017.3,1,4052.44,494288,105159.0,149201.0,4100.0,4110.0,4016.1,4092.6,23162650,4501.8,3683.4,4440.0,3288.1,4017.1,76,4,4017.0,42,2,4016.9,4,2,4016.8,14,3,4016.7,41,4,4017.3,13,5,4018.9,21,2,4019.0,15,2,4019.1,20,2,4019.2,53,2
11483,2026-07-02 10:17:45+05:30,4017.3,1,4052.44,494288,105159.0,149201.0,4100.0,4110.0,4016.1,4092.6,23162650,4501.8,3683.4,4440.0,3288.1,4017.1,76,4,4017.0,42,2,4016.9,4,2,4016.8,14,3,4016.7,41,4,4017.3,13,5,4018.9,21,2,4019.0,15,2,4019.1,20,2,4019.2,53,2
11483,2026-07-02 10:17:45+05:30,4017.3,1,4052.44,494289,105195.0,149146.0,4100.0,4110.0,4016.1,4092.6,23162650,4501.8,3683.4,4440.0,3288.1,4017.1,64,3,4017.0,42,2,4016.9,4,2,4016.8,60,5,4016.7,41,4,4017.3,12,5,4018.8,14,1,4018.9,21,2,4019.0,15,2,4019.1,20,2
11483,2026-07-02 10:17:46+05:30,4016.8,21,4052.44,494289,105195.0,149146.0,4100.0,4110.0,4016.1,4092.6,23162650,4501.8,3683.4,4440.0,3288.1,4017.1,64,3,4017.0,42,2,4016.9,4,2,4016.8,60,5,4016.7,41,4,4017.3,12,5,4018.8,14,1,4018.9,21,2,4019.0,15,2,4019.1,20,2
11483,2026-07-02 10:17:46+05:30,4017.3,6,4052.43,494423,105587.0,148846.0,4100.0,4110.0,4016.1,4092.6,23162650,4501.8,3683.4,4440.0,3288.1,4017.4,45,4,4017.3,38,4,4017.2,97,6,4017.1,30,2,4017.0,49,5,4019.0,13,2,4019.1,3,1,4019.2,3,1,4019.3,9,2,4019.4,3,1
11483,2026-07-02 10:17:47+05:30,4018.9,11,4052.43,494423,105587.0,148846.0,4100.0,4110.0,4016.1,4092.6,23162650,4501.8,3683.4,4440.0,3288.1,4017.4,45,4,4017.3,38,4,4017.2,97,6,4017.1,30,2,4017.0,49,5,4019.0,13,2,4019.1,3,1,4019.2,3,1,4019.3,9,2,4019.4,3,1
11483,2026-07-02 10:17:47+05:30,4017.4,2,4052.43,494475,105553.0,149154.0,4100.0,4110.0,4016.1,4092.6,23162650,4501.8,3683.4,4440.0,3288.1,4017.4,29,3,4017.3,58,4,4017.2,15,1,4017.1,30,2,4017.0,18,3,4018.9,17,2,4019.0,14,3,4019.1,3,1,4019.2,3,1,4019.3,9,2
11483,2026-07-02 10:17:48+05:30,4018.9,5,4052.43,494475,105553.0,149154.0,4100.0,4110.0,4016.1,4092.6,23162650,4501.8,3683.4,4440.0,3288.1,4017.4,29,3,4017.3,58,4,4017.2,15,1,4017.1,30,2,4017.0,18,3,4018.9,17,2,4019.0,14,3,4019.1,3,1,4019.2,3,1,4019.3,9,2
11483,2026-07-02 10:17:48+05:30,4018.9,5,4052.43,494488,105711.0,149388.0,4100.0,4110.0,4016.1,4092.6,23162650,4501.8,3683.4,4440.0,3288.1,4017.4,26,3,4017.3,58,4,4017.2,15,1,4017.1,30,2,4017.0,41,3,4018.9,9,4,4019.0,13,2,4019.1,3,1,4019.2,3,1,4019.3,21,3
11483,2026-07-02 10:17:49+05:30,4018.9,5,4052.43,494488,105711.0,149388.0,4100.0,4110.0,4016.1,4092.6,23162650,4501.8,3683.4,4440.0,3288.1,4017.4,26,3,4017.3,58,4,4017.2,15,1,4017.1,30,2,4017.0,41,3,4018.9,9,4,4019.0,13,2,4019.1,3,1,4019.2,3,1,4019.3,21,3
11483,2026-07-02 10:17:49+05:30,4018.9,5,4052.43,494488,105979.0,149063.0,4100.0,4110.0,4016.1,4092.6,23162650,4501.8,3683.4,4440.0,3288.1,4017.6,1,1,4017.5,78,6,4017.4,40,3,4017.3,86,6,4017.2,15,1,4018.9,5,5,4019.0,10,1,4019.3,3,1,4019.4,3,1,4019.5,3,1
11483,2026-07-02 10:17:50+05:30,4018.0,10,4052.43,494488,105979.0,149063.0,4100.0,4110.0,4016.1,4092.6,23162650,4501.8,3683.4,4440.0,3288.1,4017.6,1,1,4017.5,78,6,4017.4,40,3,4017.3,86,6,4017.2,15,1,4018.9,5,5,4019.0,10,1,4019.3,3,1,4019.4,3,1,4019.5,3,1
11483,2026-07-02 10:17:50+05:30,4018.9,1,4052.42,494554,105574.0,149526.0,4100.0,4110.0,4016.1,4092.6,23162650,4501.8,3683.4,4440.0,3288.1,4017.5,12,1,4017.3,26,2,4017.2,5,1,4017.1,15,1,4017.0,28,3,4018.9,3,1,4019.0,15,2,4019.1,16,1,4019.2,33,2,4019.3,52,3
11483,2026-07-02 10:17:51+05:30,4019.0,7,4052.42,494554,105574.0,149526.0,4100.0,4110.0,4016.1,4092.6,23162650,4501.8,3683.4,4440.0,3288.1,4017.5,12,1,4017.3,26,2,4017.2,5,1,4017.1,15,1,4017.0,28,3,4018.9,3,1,4019.0,15,2,4019.1,16,1,4019.2,33,2,4019.3,52,3
11483,2026-07-02 10:17:51+05:30,4018.9,2,4052.42,494586,105732.0,149272.0,4100.0,4110.0,4016.1,4092.6,23162650,4501.8,3683.4,4440.0,3288.1,4018.0,1,1,4017.3,36,3,4017.1,15,1,4017.0,16,2,4016.9,28,4,4018.8,65,6,4018.9,65,6,4019.0,30,4,4019.1,26,3,4019.2,5,1
11483,2026-07-02 10:17:52+05:30,4017.3,4,4052.42,494586,105732.0,149272.0,4100.0,4110.0,4016.1,4092.6,23162650,4501.8,3683.4,4440.0,3288.1,4018.0,1,1,4017.3,36,3,4017.1,15,1,4017.0,16,2,4016.9,28,4,4018.8,65,6,4018.9,65,6,4019.0,30,4,4019.1,26,3,4019.2,5,1
11483,2026-07-02 10:17:52+05:30,4017.3,4,4052.42,494592,105603.0,149244.0,4100.0,4110.0,4016.1,4092.6,23162650,4501.8,3683.4,4440.0,3288.1,4017.3,32,3,4017.0,1,1,4016.9,13,3,4016.8,27,4,4016.5,42,3,4018.6,67,5,4018.7,76,6,4018.8,96,7,4018.9,25,5,4019.0,22,3
11483,2026-07-02 10:17:53+05:30,4017.3,7,4052.42,494592,105603.0,149244.0,4100.0,4110.0,4016.1,4092.6,23162650,4501.8,3683.4,4440.0,3288.1,4017.3,32,3,4017.0,1,1,4016.9,13,3,4016.8,27,4,4016.5,42,3,4018.6,67,5,4018.7,76,6,4018.8,96,7,4018.9,25,5,4019.0,22,3
11483,2026-07-02 10:17:53+05:30,4017.3,7,4052.41,494731,105964.0,149587.0,4100.0,4110.0,4016.1,4092.6,23162650,4501.8,3683.4,4440.0,3288.1,4017.1,42,3,4017.0,1,1,4016.9,13,3,4016.8,53,6,4016.7,28,3,4018.7,11,1,4018.8,72,4,4018.9,15,4,4019.0,3,1,4019.1,25,2
11483,2026-07-02 10:17:54+05:30,4018.6,9,4052.41,494731,105964.0,149587.0,4100.0,4110.0,4016.1,4092.6,23162650,4501.8,3683.4,4440.0,3288.1,4017.1,42,3,4017.0,1,1,4016.9,13,3,4016.8,53,6,4016.7,28,3,4018.7,11,1,4018.8,72,4,4018.9,15,4,4019.0,3,1,4019.1,25,2
11483,2026-07-02 10:17:54+05:30,4018.6,9,4052.41,494766,106074.0,149945.0,4100.0,4110.0,4016.1,4092.6,23162650,4501.8,3683.4,4440.0,3288.1,4017.3,4,1,4017.1,13,1,4017.0,1,1,4016.9,13,3,4016.8,39,5,4018.6,23,3,4018.7,1,1,4018.8,48,2,4018.9,30,4,4019.0,8,2
11483,2026-07-02 10:17:55+05:30,4018.6,9,4052.41,494766,106207.0,149722.0,4100.0,4110.0,4016.1,4092.6,23162650,4501.8,3683.4,4440.0,3288.1,4017.4,8,1,4017.3,53,6,4017.2,12,1,4017.0,36,3,4016.9,13,3,4018.6,3,3,4018.8,35,1,4018.9,2,2,4019.0,8,2,4019.1,12,1
11483,2026-07-02 10:17:56+05:30,4019.4,1,4052.41,494766,106207.0,149722.0,4100.0,4110.0,4016.1,4092.6,23162650,4501.8,3683.4,4440.0,3288.1,4017.4,8,1,4017.3,53,6,4017.2,12,1,4017.0,36,3,4016.9,13,3,4018.6,3,3,4018.8,35,1,4018.9,2,2,4019.0,8,2,4019.1,12,1
11483,2026-07-02 10:17:56+05:30,4019.4,1,4052.4,494831,106450.0,149122.0,4100.0,4110.0,4016.1,4092.6,23162650,4501.8,3683.4,4440.0,3288.1,4017.6,59,4,4017.5,79,2,4017.4,18,2,4017.3,46,6,4017.2,8,2,4019.0,2,1,4019.1,15,2,4019.2,7,2,4019.3,2,1,4019.4,14,2
11483,2026-07-02 10:17:57+05:30,4019.7,1,4052.4,494831,106450.0,149122.0,4100.0,4110.0,4016.1,4092.6,23162650,4501.8,3683.4,4440.0,3288.1,4017.6,59,4,4017.5,79,2,4017.4,18,2,4017.3,46,6,4017.2,8,2,4019.0,2,1,4019.1,15,2,4019.2,7,2,4019.3,2,1,4019.4,14,2
11483,2026-07-02 10:17:57+05:30,4018.9,5,4052.39,495079,106029.0,149425.0,4100.0,4110.0,4016.1,4092.6,23162650,4501.8,3683.4,4440.0,3288.1,4017.3,29,4,4017.0,1,1,4016.9,25,4,4016.8,27,4,4016.6,36,3,4018.9,81,6,4019.0,119,7,4019.1,14,1,4019.2,49,4,4019.3,5,1
11483,2026-07-02 10:17:58+05:30,4016.2,29,4052.39,495079,106029.0,149425.0,4100.0,4110.0,4016.1,4092.6,23162650,4501.8,3683.4,4440.0,3288.1,4017.3,29,4,4017.0,1,1,4016.9,25,4,4016.8,27,4,4016.6,36,3,4018.9,81,6,4019.0,119,7,4019.1,14,1,4019.2,49,4,4019.3,5,1
11483,2026-07-02 10:17:58+05:30,4016.2,29,4052.37,495279,106536.0,150105.0,4100.0,4110.0,4016.1,4092.6,23162650,4501.8,3683.4,4440.0,3288.1,4018.0,3,1,4016.8,26,2,4016.7,49,4,4016.6,47,4,4016.5,21,1,4018.6,19,2,4018.7,30,4,4018.8,20,2,4018.9,39,6,4019.0,48,3
11483,2026-07-02 10:17:59+05:30,4018.4,2,4052.37,495279,106536.0,150105.0,4100.0,4110.0,4016.1,4092.6,23162650,4501.8,3683.4,4440.0,3288.1,4018.0,3,1,4016.8,26,2,4016.7,49,4,4016.6,47,4,4016.5,21,1,4018.6,19,2,4018.7,30,4,4018.8,20,2,4018.9,39,6,4019.0,48,3
11483,2026-07-02 10:17:59+05:30,4018.4,2,4052.37,495324,106592.0,150400.0,4100.0,4110.0,4016.1,4092.6,23162650,4501.8,3683.4,4440.0,3288.1,4017.0,1,1,4016.8,35,3,4016.7,49,4,4016.6,33,3,4016.4,20,1,4018.4,15,2,4018.5,22,2,4018.6,44,5,4018.7,43,4,4018.8,20,2
11483,2026-07-02 10:18:00+05:30,4016.7,4,4052.37,495324,106592.0,150400.0,4100.0,4110.0,4016.1,4092.6,23162650,4501.8,3683.4,4440.0,3288.1,4017.0,1,1,4016.8,35,3,4016.7,49,4,4016.6,33,3,4016.4,20,1,4018.4,15,2,4018.5,22,2,4018.6,44,5,4018.7,43,4,4018.8,20,2
11483,2026-07-02 10:18:00+05:30,4016.7,4,4052.36,495398,106735.0,150227.0,4100.0,4110.0,4016.1,4092.6,23162650,4501.8,3683.4,4440.0,3288.1,4016.9,19,1,4016.7,55,4,4016.6,54,5,4016.5,18,1,4016.4,12,1,4018.4,17,5,4018.5,22,2,4018.6,27,3,4018.7,22,3,4018.8,85,3
11483,2026-07-02 10:18:01+05:30,4017.4,1,4052.36,495398,106735.0,150227.0,4100.0,4110.0,4016.1,4092.6,23162650,4501.8,3683.4,4440.0,3288.1,4016.9,19,1,4016.7,55,4,4016.6,54,5,4016.5,18,1,4016.4,12,1,4018.4,17,5,4018.5,22,2,4018.6,27,3,4018.7,22,3,4018.8,85,3
11483,2026-07-02 10:18:01+05:30,4017.4,1,4052.36,495417,106225.0,149984.0,4100.0,4110.0,4016.1,4092.6,23162650,4501.8,3683.4,4440.0,3288.1,4017.4,1,1,4016.7,8,1,4016.4,18,1,4016.3,72,2,4016.2,40,4,4018.0,14,1,4018.3,22,2,4018.4,20,6,4018.5,36,3,4018.6,19,2
11483,2026-07-02 10:18:02+05:30,4017.3,10,4052.36,495417,106225.0,149984.0,4100.0,4110.0,4016.1,4092.6,23162650,4501.8,3683.4,4440.0,3288.1,4017.4,1,1,4016.7,8,1,4016.4,18,1,4016.3,72,2,4016.2,40,4,4018.0,14,1,4018.3,22,2,4018.4,20,6,4018.5,36,3,4018.6,19,2
11483,2026-07-02 10:18:02+05:30,4016.2,3,4052.36,495482,105540.0,150528.0,4100.0,4110.0,4016.1,4092.6,23162650,4501.8,3683.4,4440.0,3288.1,4016.2,10,1,4016.1,60,4,4016.0,484,30,4015.9,17,2,4015.8,68,2,4017.3,4,2,4017.8,18,1,4017.9,19,1,4018.0,28,6,4018.1,9,2
11483,2026-07-02 10:18:03+05:30,4017.1,40,4052.36,495482,105540.0,150528.0,4100.0,4110.0,4016.1,4092.6,23162650,4501.8,3683.4,4440.0,3288.1,4016.2,10,1,4016.1,60,4,4016.0,484,30,4015.9,17,2,4015.8,68,2,4017.3,4,2,4017.8,18,1,4017.9,19,1,4018.0,28,6,4018.1,9,2
11483,2026-07-02 10:18:03+05:30,4017.1,40,4052.27,496815,107042.0,146226.0,4100.0,4110.0,4016.1,4092.6,23162650,4501.8,3683.4,4440.0,3288.1,4017.9,13,1,4017.8,47,3,4017.7,16,2,4017.6,3,1,4017.5,40,3,4019.5,8,1,4019.6,8,1,4019.7,26,2,4019.8,21,3,4020.0,26,3
11483,2026-07-02 10:18:04+05:30,4018.0,3,4052.27,496815,107042.0,146226.0,4100.0,4110.0,4016.1,4092.6,23162650,4501.8,3683.4,4440.0,3288.1,4017.9,13,1,4017.8,47,3,4017.7,16,2,4017.6,3,1,4017.5,40,3,4019.5,8,1,4019.6,8,1,4019.7,26,2,4019.8,21,3,4020.0,26,3
11483,2026-07-02 10:18:04+05:30,4019.5,8,4052.27,496852,108995.0,146054.0,4100.0,4110.0,4016.1,4092.6,23162650,4501.8,3683.4,4440.0,3288.1,4019.1,46,5,4019.0,16,2,4018.9,34,4,4018.8,33,4,4018.7,23,4,4020.1,21,4,4021.1,6,1,4021.2,24,2,4021.4,26,1,4021.5,24,2
11483,2026-07-02 10:18:05+05:30,4020.1,1,4052.27,496852,108995.0,146054.0,4100.0,4110.0,4016.1,4092.6,23162650,4501.8,3683.4,4440.0,3288.1,4019.1,46,5,4019.0,16,2,4018.9,34,4,4018.8,33,4,4018.7,23,4,4020.1,21,4,4021.1,6,1,4021.2,24,2,4021.4,26,1,4021.5,24,2
11483,2026-07-02 10:18:05+05:30,4020.1,1,4052.25,497124,108990.0,146254.0,4100.0,4110.0,4016.1,4092.6,23162650,4501.8,3683.4,4440.0,3288.1,4019.1,38,4,4019.0,10,2,4018.9,15,2,4018.8,9,2,4018.7,44,4,4020.1,25,6,4021.1,2,1,4021.2,24,2,4021.4,26,1,4021.5,40,3
11483,2026-07-02 10:18:06+05:30,4018.7,4,4052.25,497124,108990.0,146254.0,4100.0,4110.0,4016.1,4092.6,23162650,4501.8,3683.4,4440.0,3288.1,4019.1,38,4,4019.0,10,2,4018.9,15,2,4018.8,9,2,4018.7,44,4,4020.1,25,6,4021.1,2,1,4021.2,24,2,4021.4,26,1,4021.5,40,3
11483,2026-07-02 10:18:06+05:30,4020.1,7,4052.22,497644,108640.0,145856.0,4100.0,4110.0,4016.1,4092.6,23162650,4501.8,3683.4,4440.0,3288.1,4018.6,27,1,4018.5,64,5,4018.4,44,4,4018.3,8,2,4018.2,23,4,4020.1,17,6,4020.9,12,1,4021.0,18,1,4021.1,20,3,4021.2,46,2
11483,2026-07-02 10:18:07+05:30,4018.6,1,4052.22,497644,108640.0,145856.0,4100.0,4110.0,4016.1,4092.6,23162650,4501.8,3683.4,4440.0,3288.1,4018.6,27,1,4018.5,64,5,4018.4,44,4,4018.3,8,2,4018.2,23,4,4020.1,17,6,4020.9,12,1,4021.0,18,1,4021.1,20,3,4021.2,46,2
11483,2026-07-02 10:18:07+05:30,4018.6,1,4052.21,497707,108218.0,146684.0,4100.0,4110.0,4016.1,4092.6,23162650,4501.8,3683.4,4440.0,3288.1,4018.0,35,3,4017.8,34,2,4017.7,27,1,4017.6,12,1,4017.5,37,2,4018.6,2,2,4019.7,9,1,4020.0,53,4,4020.1,37,10,4020.3,42,2
11483,2026-07-02 10:18:08+05:30,4018.0,1,4052.21,497707,108218.0,146684.0,4100.0,4110.0,4016.1,4092.6,23162650,4501.8,3683.4,4440.0,3288.1,4018.0,35,3,4017.8,34,2,4017.7,27,1,4017.6,12,1,4017.5,37,2,4018.6,2,2,4019.7,9,1,4020.0,53,4,4020.1,37,10,4020.3,42,2
11483,2026-07-02 10:18:08+05:30,4018.0,1,4052.21,497743,108488.0,147182.0,4100.0,4110.0,4016.1,4092.6,23162650,4501.8,3683.4,4440.0,3288.1,4017.6,45,5,4017.5,22,4,4017.3,8,1,4017.2,43,4,4017.1,46,3,4018.0,8,4,4018.6,2,2,4019.7,21,2,4019.9,54,1,4020.0,118,8
11483,2026-07-02 10:18:09+05:30,4018.0,2,4052.21,497753,108786.0,147144.0,4100.0,4110.0,4016.1,4092.6,23162650,4501.8,3683.4,4440.0,3288.1,4017.7,53,4,4017.6,5,1,4017.5,22,4,4017.3,8,1,4017.2,43,4,4018.0,21,3,4018.6,2,2,4019.4,12,1,4019.7,21,2,4019.9,74,2
11483,2026-07-02 10:18:10+05:30,4017.6,25,4052.21,497753,108786.0,147144.0,4100.0,4110.0,4016.1,4092.6,23162650,4501.8,3683.4,4440.0,3288.1,4017.7,53,4,4017.6,5,1,4017.5,22,4,4017.3,8,1,4017.2,43,4,4018.0,21,3,4018.6,2,2,4019.4,12,1,4019.7,21,2,4019.9,74,2
11483,2026-07-02 10:18:10+05:30,4017.6,5,4052.2,497838,108703.0,147073.0,4100.0,4110.0,4016.1,4092.6,23162650,4501.8,3683.4,4440.0,3288.1,4017.5,36,4,4017.4,33,2,4017.3,8,1,4017.2,19,2,4017.1,46,3,4018.0,18,5,4018.6,2,2,4019.4,12,1,4019.7,21,2,4019.9,53,2
11483,2026-07-02 10:18:11+05:30,4018.0,1,4052.2,497838,108703.0,147073.0,4100.0,4110.0,4016.1,4092.6,23162650,4501.8,3683.4,4440.0,3288.1,4017.5,36,4,4017.4,33,2,4017.3,8,1,4017.2,19,2,4017.1,46,3,4018.0,18,5,4018.6,2,2,4019.4,12,1,4019.7,21,2,4019.9,53,2
11483,2026-07-02 10:18:11+05:30,4019.3,1,4052.19,498093,109389.0,146387.0,4100.0,4110.0,4016.1,4092.6,23162650,4501.8,3683.4,4440.0,3288.1,4018.0,38,4,4017.9,27,2,4017.8,14,3,4017.7,22,3,4017.6,41,4,4019.3,13,3,4019.4,11,1,4019.6,14,2,4019.7,14,2,4019.8,14,2
11483,2026-07-02 10:18:12+05:30,4019.3,1,4052.19,498093,109389.0,146387.0,4100.0,4110.0,4016.1,4092.6,23162650,4501.8,3683.4,4440.0,3288.1,4018.0,38,4,4017.9,27,2,4017.8,14,3,4017.7,22,3,4017.6,41,4,4019.3,13,3,4019.4,11,1,4019.6,14,2,4019.7,14,2,4019.8,14,2
11483,2026-07-02 10:18:12+05:30,4019.3,1,4052.18,498113,109870.0,146394.0,4100.0,4110.0,4016.1,4092.6,23162650,4501.8,3683.4,4440.0,3288.1,4018.0,38,4,4017.9,27,2,4017.8,20,4,4017.7,13,2,4017.6,41,4,4019.3,5,3,4019.5,2,1,4019.6,14,2,4019.7,14,2,4019.8,14,2
11483,2026-07-02 10:18:13+05:30,4018.0,7,4052.18,498113,109870.0,146394.0,4100.0,4110.0,4016.1,4092.6,23162650,4501.8,3683.4,4440.0,3288.1,4018.0,38,4,4017.9,27,2,4017.8,20,4,4017.7,13,2,4017.6,41,4,4019.3,5,3,4019.5,2,1,4019.6,14,2,4019.7,14,2,4019.8,14,2
11483,2026-07-02 10:18:13+05:30,4018.0,7,4052.18,498127,108534.0,147976.0,4100.0,4110.0,4016.1,4092.6,23162650,4501.8,3683.4,4440.0,3288.1,4017.5,1,1,4017.2,5,1,4017.1,51,2,4017.0,81,4,4016.7,5,1,4018.0,35,3,4018.5,4,2,4018.6,21,3,4018.7,14,2,4018.8,58,3
11483,2026-07-02 10:18:14+05:30,4018.0,7,4052.18,498127,108773.0,147939.0,4100.0,4110.0,4016.1,4092.6,23162650,4501.8,3683.4,4440.0,3288.1,4017.5,1,1,4017.2,5,1,4017.1,51,2,4017.0,131,5,4016.7,5,1,4018.0,36,4,4018.5,4,2,4018.6,21,3,4018.7,14,2,4018.8,58,3
11483,2026-07-02 10:18:15+05:30,4018.0,13,4052.18,498127,108773.0,147939.0,4100.0,4110.0,4016.1,4092.6,23162650,4501.8,3683.4,4440.0,3288.1,4017.5,1,1,4017.2,5,1,4017.1,51,2,4017.0,131,5,4016.7,5,1,4018.0,36,4,4018.5,4,2,4018.6,21,3,4018.7,14,2,4018.8,58,3
11483,2026-07-02 10:18:15+05:30,4016.7,5,4052.17,498348,106805.0,148986.0,4100.0,4110.0,4016.1,4092.6,23162650,4501.8,3683.4,4440.0,3288.1,4016.3,5,1,4016.2,101,2,4016.1,60,4,4016.0,614,35,4015.7,1,1,4017.3,30,4,4017.4,14,2,4017.5,22,3,4017.6,25,2,4017.7,14,2
11483,2026-07-02 10:18:16+05:30,4016.1,56,4052.17,498348,106805.0,148986.0,4100.0,4110.0,4016.1,4092.6,23162650,4501.8,3683.4,4440.0,3288.1,4016.3,5,1,4016.2,101,2,4016.1,60,4,4016.0,614,35,4015.7,1,1,4017.3,30,4,4017.4,14,2,4017.5,22,3,4017.6,25,2,4017.7,14,2
11483,2026-07-02 10:18:16+05:30,4016.1,4,4052.15,498645,107388.0,149567.0,4100.0,4110.0,4016.1,4092.6,23162650,4501.8,3683.4,4440.0,3288.1,4016.1,18,1,4016.0,614,35,4015.7,1,1,4015.5,81,7,4015.4,11,2,4017.0,1,1,4017.3,2,1,4017.4,3,1,4017.5,34,3,4017.6,20,2
11483,2026-07-02 10:18:16+05:30,4016.1,4,4052.15,498645,107388.0,149567.0,4100.0,4110.0,4016.1,4092.6,23162650,4501.8,3683.4,4440.0,3288.1,4016.1,18,1,4016.0,614,35,4015.7,1,1,4015.5,81,7,4015.4,11,2,4017.0,1,1,4017.3,2,1,4017.4,3,1,4017.5,34,3,4017.6,20,2
11483,2026-07-02 10:18:17+05:30,4017.5,29,4052.15,498645,107388.0,149567.0,4100.0,4110.0,4016.1,4092.6,23162650,4501.8,3683.4,4440.0,3288.1,4016.1,18,1,4016.0,614,35,4015.7,1,1,4015.5,81,7,4015.4,11,2,4017.0,1,1,4017.3,2,1,4017.4,3,1,4017.5,34,3,4017.6,20,2
11483,2026-07-02 10:18:17+05:30,4017.5,29,4052.15,498645,107388.0,149567.0,4100.0,4110.0,4016.1,4092.6,23162650,4501.8,3683.4,4440.0,3288.1,4016.1,18,1,4016.0,614,35,4015.7,1,1,4015.5,81,7,4015.4,11,2,4017.0,1,1,4017.3,2,1,4017.4,3,1,4017.5,34,3,4017.6,20,2
11483,2026-07-02 10:18:17+05:30,4016.1,1,4052.14,498742,107419.0,149485.0,4100.0,4110.0,4016.1,4092.6,23162650,4501.8,3683.4,4440.0,3288.1,4016.1,21,1,4016.0,616,36,4015.7,1,1,4015.5,81,7,4015.4,1,1,4017.0,3,1,4017.2,33,5,4017.3,24,3,4017.4,18,3,4017.5,7,4
11483,2026-07-02 10:18:17+05:30,4016.1,1,4052.14,498742,107419.0,149485.0,4100.0,4110.0,4016.1,4092.6,23162650,4501.8,3683.4,4440.0,3288.1,4016.1,21,1,4016.0,616,36,4015.7,1,1,4015.5,81,7,4015.4,1,1,4017.0,3,1,4017.2,33,5,4017.3,24,3,4017.4,18,3,4017.5,7,4
11483,2026-07-02 10:18:18+05:30,4016.1,1,4052.14,498742,107419.0,149485.0,4100.0,4110.0,4016.1,4092.6,23162650,4501.8,3683.4,4440.0,3288.1,4016.1,21,1,4016.0,616,36,4015.7,1,1,4015.5,81,7,4015.4,1,1,4017.0,3,1,4017.2,33,5,4017.3,24,3,4017.4,18,3,4017.5,7,4
11483,2026-07-02 10:18:18+05:30,4017.3,5,4052.14,498742,107419.0,149485.0,4100.0,4110.0,4016.1,4092.6,23162650,4501.8,3683.4,4440.0,3288.1,4016.1,21,1,4016.0,616,36,4015.7,1,1,4015.5,81,7,4015.4,1,1,4017.0,3,1,4017.2,33,5,4017.3,24,3,4017.4,18,3,4017.5,7,4
11483,2026-07-02 10:18:18+05:30,4017.3,5,4052.14,498753,108143.0,149093.0,4100.0,4110.0,4016.1,4092.6,23162650,4501.8,3683.4,4440.0,3288.1,4016.8,20,1,4016.1,21,1,4016.0,617,37,4015.7,1,1,4015.6,12,1,4017.0,2,1,4017.5,2,2,4017.6,10,1,4017.7,14,2,4017.8,31,4
11483,2026-07-02 10:18:18+05:30,4017.3,5,4052.14,498753,108143.0,149093.0,4100.0,4110.0,4016.1,4092.6,23162650,4501.8,3683.4,4440.0,3288.1,4016.8,20,1,4016.1,21,1,4016.0,617,37,4015.7,1,1,4015.6,12,1,4017.0,2,1,4017.5,2,2,4017.6,10,1,4017.7,14,2,4017.8,31,4
11483,2026-07-02 10:18:19+05:30,4019.0,4,4052.14,498753,108143.0,149093.0,4100.0,4110.0,4016.1,4092.6,23162650,4501.8,3683.4,4440.0,3288.1,4016.8,20,1,4016.1,21,1,4016.0,617,37,4015.7,1,1,4015.6,12,1,4017.0,2,1,4017.5,2,2,4017.6,10,1,4017.7,14,2,4017.8,31,4
11483,2026-07-02 10:18:19+05:30,4019.0,4,4052.14,498753,108143.0,149093.0,4100.0,4110.0,4016.1,4092.6,23162650,4501.8,3683.4,4440.0,3288.1,4016.8,20,1,4016.1,21,1,4016.0,617,37,4015.7,1,1,4015.6,12,1,4017.0,2,1,4017.5,2,2,4017.6,10,1,4017.7,14,2,4017.8,31,4
11483,2026-07-02 10:18:19+05:30,4018.3,3,4052.13,498806,109248.0,146956.0,4100.0,4110.0,4016.1,4092.6,23162650,4501.8,3683.4,4440.0,3288.1,4017.2,47,4,4017.1,29,2,4017.0,62,3,4016.9,32,2,4016.8,43,3,4019.0,13,2,4019.1,20,2,4019.2,1,1,4019.4,12,1,4019.5,30,1
11483,2026-07-02 10:18:19+05:30,4018.3,3,4052.13,498806,109248.0,146956.0,4100.0,4110.0,4016.1,4092.6,23162650,4501.8,3683.4,4440.0,3288.1,4017.2,47,4,4017.1,29,2,4017.0,62,3,4016.9,32,2,4016.8,43,3,4019.0,13,2,4019.1,20,2,4019.2,1,1,4019.4,12,1,4019.5,30,1
11483,2026-07-02 10:18:20+05:30,4018.3,1,4052.13,498806,109248.0,146956.0,4100.0,4110.0,4016.1,4092.6,23162650,4501.8,3683.4,4440.0,3288.1,4017.2,47,4,4017.1,29,2,4017.0,62,3,4016.9,32,2,4016.8,43,3,4019.0,13,2,4019.1,20,2,4019.2,1,1,4019.4,12,1,4019.5,30,1
11483,2026-07-02 10:18:20+05:30,4018.3,1,4052.13,498806,109248.0,146956.0,4100.0,4110.0,4016.1,4092.6,23162650,4501.8,3683.4,4440.0,3288.1,4017.2,47,4,4017.1,29,2,4017.0,62,3,4016.9,32,2,4016.8,43,3,4019.0,13,2,4019.1,20,2,4019.2,1,1,4019.4,12,1,4019.5,30,1
11483,2026-07-02 10:18:20+05:30,4018.3,1,4052.13,498806,109248.0,146956.0,4100.0,4110.0,4016.1,4092.6,23179100,4501.8,3683.4,4440.0,3288.1,4017.2,47,4,4017.1,29,2,4017.0,62,3,4016.9,32,2,4016.8,43,3,4019.0,13,2,4019.1,20,2,4019.2,1,1,4019.4,12,1,4019.5,30,1
11483,2026-07-02 10:18:20+05:30,4018.3,1,4052.13,498810,109809.0,146958.0,4100.0,4110.0,4016.1,4092.6,23179100,4501.8,3683.4,4440.0,3288.1,4017.9,10,1,4017.8,61,5,4017.7,37,3,4017.6,17,2,4017.5,8,2,4018.3,2,2,4019.0,1,1,4020.0,195,5,4020.1,50,2,4020.2,19,3
11483,2026-07-02 10:18:20+05:30,4018.3,1,4052.13,498810,109809.0,146958.0,4100.0,4110.0,4016.1,4092.6,23179100,4501.8,3683.4,4440.0,3288.1,4017.9,10,1,4017.8,61,5,4017.7,37,3,4017.6,17,2,4017.5,8,2,4018.3,2,2,4019.0,1,1,4020.0,195,5,4020.1,50,2,4020.2,19,3
11483,2026-07-02 10:18:21+05:30,4018.4,1,4052.13,498810,109809.0,146958.0,4100.0,4110.0,4016.1,4092.6,23179100,4501.8,3683.4,4440.0,3288.1,4017.9,10,1,4017.8,61,5,4017.7,37,3,4017.6,17,2,4017.5,8,2,4018.3,2,2,4019.0,1,1,4020.0,195,5,4020.1,50,2,4020.2,19,3
11483,2026-07-02 10:18:21+05:30,4018.4,1,4052.13,498810,109809.0,146958.0,4100.0,4110.0,4016.1,4092.6,23179100,4501.8,3683.4,4440.0,3288.1,4017.9,10,1,4017.8,61,5,4017.7,37,3,4017.6,17,2,4017.5,8,2,4018.3,2,2,4019.0,1,1,4020.0,195,5,4020.1,50,2,4020.2,19,3
11483,2026-07-02 10:18:21+05:30,4019.7,5,4052.13,498822,111527.0,146552.0,4100.0,4110.0,4016.1,4092.6,23179100,4501.8,3683.4,4440.0,3288.1,4018.6,1,1,4018.4,14,1,4018.3,12,1,4018.2,6,1,4018.1,29,2,4019.8,5,1,4019.9,29,2,4020.0,170,3,4020.1,12,1,4020.3,6,1
11483,2026-07-02 10:18:21+05:30,4019.7,5,4052.13,498822,111527.0,146552.0,4100.0,4110.0,4016.1,4092.6,23179100,4501.8,3683.4,4440.0,3288.1,4018.6,1,1,4018.4,14,1,4018.3,12,1,4018.2,6,1,4018.1,29,2,4019.8,5,1,4019.9,29,2,4020.0,170,3,4020.1,12,1,4020.3,6,1
11483,2026-07-02 10:18:22+05:30,4018.3,1,4052.13,498822,111527.0,146552.0,4100.0,4110.0,4016.1,4092.6,23179100,4501.8,3683.4,4440.0,3288.1,4018.6,1,1,4018.4,14,1,4018.3,12,1,4018.2,6,1,4018.1,29,2,4019.8,5,1,4019.9,29,2,4020.0,170,3,4020.1,12,1,4020.3,6,1
11483,2026-07-02 10:18:22+05:30,4018.3,1,4052.13,498822,111527.0,146552.0,4100.0,4110.0,4016.1,4092.6,23179100,4501.8,3683.4,4440.0,3288.1,4018.6,1,1,4018.4,14,1,4018.3,12,1,4018.2,6,1,4018.1,29,2,4019.8,5,1,4019.9,29,2,4020.0,170,3,4020.1,12,1,4020.3,6,1
11483,2026-07-02 10:18:22+05:30,4019.8,9,4052.13,498877,110121.0,146869.0,4100.0,4110.0,4016.1,4092.6,23179100,4501.8,3683.4,4440.0,3288.1,4017.9,12,3,4017.8,21,3,4017.7,36,4,4017.6,6,2,4017.5,28,3,4019.6,19,3,4019.8,26,1,4019.9,19,1,4020.0,216,8,4020.1,14,2
11483,2026-07-02 10:18:23+05:30,4017.9,10,4052.13,498877,110121.0,146869.0,4100.0,4110.0,4016.1,4092.6,23179100,4501.8,3683.4,4440.0,3288.1,4017.9,12,3,4017.8,21,3,4017.7,36,4,4017.6,6,2,4017.5,28,3,4019.6,19,3,4019.8,26,1,4019.9,19,1,4020.0,216,8,4020.1,14,2
11483,2026-07-02 10:18:23+05:30,4018.0,1,4052.12,499015,111037.0,146991.0,4100.0,4110.0,4016.1,4092.6,23179100,4501.8,3683.4,4440.0,3288.1,4018.1,47,5,4018.0,73,5,4017.9,55,3,4017.8,68,3,4017.7,60,5,4019.6,11,2,4019.8,28,3,4020.0,170,3,4020.1,12,1,4020.3,21,3
11483,2026-07-02 10:18:24+05:30,4018.1,2,4052.12,499015,111037.0,146991.0,4100.0,4110.0,4016.1,4092.6,23179100,4501.8,3683.4,4440.0,3288.1,4018.1,47,5,4018.0,73,5,4017.9,55,3,4017.8,68,3,4017.7,60,5,4019.6,11,2,4019.8,28,3,4020.0,170,3,4020.1,12,1,4020.3,21,3
11483,2026-07-02 10:18:24+05:30,4018.1,2,4052.12,499038,111441.0,146635.0,4100.0,4110.0,4016.1,4092.6,23179100,4501.8,3683.4,4440.0,3288.1,4018.3,34,4,4018.2,31,3,4018.1,34,3,4018.0,38,4,4017.9,39,2,4019.6,1,1,4019.8,28,3,4020.0,170,3,4020.1,12,1,4020.3,20,2
11483,2026-07-02 10:18:25+05:30,4018.4,1,4052.12,499038,111441.0,146635.0,4100.0,4110.0,4016.1,4092.6,23179100,4501.8,3683.4,4440.0,3288.1,4018.3,34,4,4018.2,31,3,4018.1,34,3,4018.0,38,4,4017.9,39,2,4019.6,1,1,4019.8,28,3,4020.0,170,3,4020.1,12,1,4020.3,20,2
11483,2026-07-02 10:18:26+05:30,4019.8,1,4052.12,499038,111441.0,146635.0,4100.0,4110.0,4016.1,4092.6,23179100,4501.8,3683.4,4440.0,3288.1,4018.3,34,4,4018.2,31,3,4018.1,34,3,4018.0,38,4,4017.9,39,2,4019.6,1,1,4019.8,28,3,4020.0,170,3,4020.1,12,1,4020.3,20,2
11483,2026-07-02 10:18:26+05:30,4019.8,1,4052.11,499125,112078.0,146522.0,4100.0,4110.0,4016.1,4092.6,23179100,4501.8,3683.4,4440.0,3288.1,4018.9,41,4,4018.8,6,2,4018.7,41,4,4018.6,12,1,4018.5,2,1,4019.8,15,3,4020.0,185,4,4020.1,12,1,4020.8,8,2,4020.9,14,2
11483,2026-07-02 10:18:27+05:30,4020.0,26,4052.11,499125,112078.0,146522.0,4100.0,4110.0,4016.1,4092.6,23179100,4501.8,3683.4,4440.0,3288.1,4018.9,41,4,4018.8,6,2,4018.7,41,4,4018.6,12,1,4018.5,2,1,4019.8,15,3,4020.0,185,4,4020.1,12,1,4020.8,8,2,4020.9,14,2
11483,2026-07-02 10:18:27+05:30,4020.0,1,4052.11,499183,112059.0,145860.0,4100.0,4110.0,4016.1,4092.6,23179100,4501.8,3683.4,4440.0,3288.1,4018.8,9,1,4018.7,19,3,4018.6,5,1,4018.5,20,1,4018.4,37,4,4020.0,158,4,4020.1,12,1,4020.8,6,1,4020.9,2,1,4021.0,13,2
11483,2026-07-02 10:18:28+05:30,4020.0,1,4052.11,499183,112059.0,145860.0,4100.0,4110.0,4016.1,4092.6,23179100,4501.8,3683.4,4440.0,3288.1,4018.8,9,1,4018.7,19,3,4018.6,5,1,4018.5,20,1,4018.4,37,4,4020.0,158,4,4020.1,12,1,4020.8,6,1,4020.9,2,1,4021.0,13,2
11483,2026-07-02 10:18:28+05:30,4020.0,1,4052.11,499183,111872.0,146284.0,4100.0,4110.0,4016.1,4092.6,23179100,4501.8,3683.4,4440.0,3288.1,4018.4,2,1,4018.3,20,3,4018.2,10,2,4018.1,18,3,4018.0,53,4,4018.9,1,1,4020.0,180,9,4020.4,12,1,4020.5,11,2,4020.6,13,1
11483,2026-07-02 10:18:29+05:30,4020.0,5,4052.11,499183,111872.0,146284.0,4100.0,4110.0,4016.1,4092.6,23179100,4501.8,3683.4,4440.0,3288.1,4018.4,2,1,4018.3,20,3,4018.2,10,2,4018.1,18,3,4018.0,53,4,4018.9,1,1,4020.0,180,9,4020.4,12,1,4020.5,11,2,4020.6,13,1
11483,2026-07-02 10:18:29+05:30,4020.0,5,4052.11,499189,111896.0,145926.0,4100.0,4110.0,4016.1,4092.6,23179100,4501.8,3683.4,4440.0,3288.1,4019.6,5,1,4019.0,1,1,4018.8,46,4,4018.7,23,2,4018.5,36,3,4020.0,156,7,4020.9,6,3,4021.0,13,2,4021.1,6,1,4021.2,43,2
11483,2026-07-02 10:18:30+05:30,4020.0,2,4052.11,499189,111896.0,145926.0,4100.0,4110.0,4016.1,4092.6,23179100,4501.8,3683.4,4440.0,3288.1,4019.6,5,1,4019.0,1,1,4018.8,46,4,4018.7,23,2,4018.5,36,3,4020.0,156,7,4020.9,6,3,4021.0,13,2,4021.1,6,1,4021.2,43,2
11483,2026-07-02 10:18:30+05:30,4020.0,2,4052.11,499191,112141.0,146008.0,4100.0,4110.0,4016.1,4092.6,23179100,4501.8,3683.4,4440.0,3288.1,4019.6,5,1,4019.0,1,1,4018.8,12,1,4018.7,13,1,4018.5,36,3,4020.0,157,8,4020.8,8,2,4020.9,4,2,4021.0,13,2,4021.1,16,1
11483,2026-07-02 10:18:31+05:30,4020.0,3,4052.11,499191,112141.0,146008.0,4100.0,4110.0,4016.1,4092.6,23179100,4501.8,3683.4,4440.0,3288.1,4019.6,5,1,4019.0,1,1,4018.8,12,1,4018.7,13,1,4018.5,36,3,4020.0,157,8,4020.8,8,2,4020.9,4,2,4021.0,13,2,4021.1,16,1
11483,2026-07-02 10:18:31+05:30,4020.0,3,4052.11,499196,112142.0,146007.0,4100.0,4110.0,4016.1,4092.6,23179100,4501.8,3683.4,4440.0,3288.1,4019.6,5,1,4019.0,1,1,4018.8,12,1,4018.7,13,1,4018.5,20,2,4020.0,153,9,4020.8,8,2,4020.9,4,2,4021.0,13,2,4021.1,16,1
11483,2026-07-02 10:18:32+05:30,4020.0,54,4052.11,499196,112142.0,146007.0,4100.0,4110.0,4016.1,4092.6,23179100,4501.8,3683.4,4440.0,3288.1,4019.6,5,1,4019.0,1,1,4018.8,12,1,4018.7,13,1,4018.5,20,2,4020.0,153,9,4020.8,8,2,4020.9,4,2,4021.0,13,2,4021.1,16,1
11483,2026-07-02 10:18:32+05:30,4019.6,2,4052.1,499286,112540.0,145558.0,4100.0,4110.0,4016.1,4092.6,23179100,4501.8,3683.4,4440.0,3288.1,4019.1,30,3,4019.0,26,2,4018.9,5,1,4018.8,26,2,4018.7,18,1,4019.6,3,3,4020.0,71,6,4021.2,43,2,4021.3,5,1,4021.4,74,2
11483,2026-07-02 10:18:33+05:30,4019.1,15,4052.1,499286,112540.0,145558.0,4100.0,4110.0,4016.1,4092.6,23179100,4501.8,3683.4,4440.0,3288.1,4019.1,30,3,4019.0,26,2,4018.9,5,1,4018.8,26,2,4018.7,18,1,4019.6,3,3,4020.0,71,6,4021.2,43,2,4021.3,5,1,4021.4,74,2
11483,2026-07-02 10:18:33+05:30,4019.1,5,4052.1,499321,112468.0,146181.0,4100.0,4110.0,4016.1,4092.6,23179100,4501.8,3683.4,4440.0,3288.1,4019.0,39,3,4018.6,38,1,4018.5,40,3,4018.4,36,4,4018.3,8,2,4019.1,11,3,4019.6,4,4,4020.0,68,5,4020.9,18,2,4021.0,2,1
11483,2026-07-02 10:18:34+05:30,4019.1,10,4052.1,499321,112468.0,146181.0,4100.0,4110.0,4016.1,4092.6,23179100,4501.8,3683.4,4440.0,3288.1,4019.0,39,3,4018.6,38,1,4018.5,40,3,4018.4,36,4,4018.3,8,2,4019.1,11,3,4019.6,4,4,4020.0,68,5,4020.9,18,2,4021.0,2,1
11483,2026-07-02 10:18:34+05:30,4019.0,1,4052.1,499393,112361.0,146150.0,4100.0,4110.0,4016.1,4092.6,23179100,4501.8,3683.4,4440.0,3288.1,4019.0,26,2,4018.8,17,1,4018.5,10,1,4018.4,36,4,4018.3,8,2,4019.1,16,3,4019.6,3,3,4020.0,67,4,4020.9,14,2,4021.0,6,1
11483,2026-07-02 10:18:35+05:30,4019.1,2,4052.1,499393,112361.0,146150.0,4100.0,4110.0,4016.1,4092.6,23179100,4501.8,3683.4,4440.0,3288.1,4019.0,26,2,4018.8,17,1,4018.5,10,1,4018.4,36,4,4018.3,8,2,4019.1,16,3,4019.6,3,3,4020.0,67,4,4020.9,14,2,4021.0,6,1
11483,2026-07-02 10:18:35+05:30,4019.1,2,4052.09,499476,112008.0,146305.0,4100.0,4110.0,4016.1,4092.6,23179100,4501.8,3683.4,4440.0,3288.1,4018.4,30,3,4018.3,1,1,4018.2,5,1,4018.1,36,4,4018.0,168,8,4019.1,1,1,4019.6,3,3,4020.0,89,5,4020.6,13,1,4020.8,14,2
11483,2026-07-02 10:18:36+05:30,4018.4,1,4052.09,499477,112030.0,146401.0,4100.0,4110.0,4016.1,4092.6,23179100,4501.8,3683.4,4440.0,3288.1,4018.4,17,2,4018.3,1,1,4018.2,5,1,4018.1,24,3,4018.0,168,8,4019.1,5,5,4019.6,3,3,4020.0,89,5,4020.6,13,1,4020.8,14,2
11483,2026-07-02 10:18:37+05:30,4019.1,1,4052.09,499477,112030.0,146401.0,4100.0,4110.0,4016.1,4092.6,23179100,4501.8,3683.4,4440.0,3288.1,4018.4,17,2,4018.3,1,1,4018.2,5,1,4018.1,24,3,4018.0,168,8,4019.1,5,5,4019.6,3,3,4020.0,89,5,4020.6,13,1,4020.8,14,2
11483,2026-07-02 10:18:37+05:30,4018.4,4,4052.09,499493,112146.0,146399.0,4100.0,4110.0,4016.1,4092.6,23179100,4501.8,3683.4,4440.0,3288.1,4018.4,26,3,4018.3,1,1,4018.2,5,1,4018.1,72,4,4018.0,173,9,4019.1,2,2,4019.6,2,2,4019.9,4,1,4020.0,67,4,4020.1,6,1
11483,2026-07-02 10:18:38+05:30,4018.4,1,4052.09,499493,112146.0,146399.0,4100.0,4110.0,4016.1,4092.6,23179100,4501.8,3683.4,4440.0,3288.1,4018.4,26,3,4018.3,1,1,4018.2,5,1,4018.1,72,4,4018.0,173,9,4019.1,2,2,4019.6,2,2,4019.9,4,1,4020.0,67,4,4020.1,6,1
11483,2026-07-02 10:18:38+05:30,4018.4,1,4052.09,499509,111858.0,146595.0,4100.0,4110.0,4016.1,4092.6,23179100,4501.8,3683.4,4440.0,3288.1,4018.3,1,1,4018.1,5,1,4018.0,155,8,4017.9,12,1,4017.8,19,2,4018.4,1,1,4019.1,2,2,4019.9,37,2,4020.0,67,4,4020.1,6,1
11483,2026-07-02 10:18:39+05:30,4019.0,1,4052.09,499509,111858.0,146595.0,4100.0,4110.0,4016.1,4092.6,23179100,4501.8,3683.4,4440.0,3288.1,4018.3,1,1,4018.1,5,1,4018.0,155,8,4017.9,12,1,4017.8,19,2,4018.4,1,1,4019.1,2,2,4019.9,37,2,4020.0,67,4,4020.1,6,1
11483,2026-07-02 10:18:39+05:30,4019.0,1,4052.09,499512,112126.0,146511.0,4100.0,4110.0,4016.1,4092.6,23179100,4501.8,3683.4,4440.0,3288.1,4019.0,3,1,4018.3,1,1,4018.2,12,1,4018.1,17,2,4018.0,156,8,4019.1,1,1,4020.0,67,4,4020.3,4,1,4020.4,1,1,4020.5,41,2
11483,2026-07-02 10:18:40+05:30,4020.0,5,4052.09,499512,112126.0,146511.0,4100.0,4110.0,4016.1,4092.6,23179100,4501.8,3683.4,4440.0,3288.1,4019.0,3,1,4018.3,1,1,4018.2,12,1,4018.1,17,2,4018.0,156,8,4019.1,1,1,4020.0,67,4,4020.3,4,1,4020.4,1,1,4020.5,41,2
11483,2026-07-02 10:18:40+05:30,4020.0,5,4052.08,499657,112662.0,146571.0,4100.0,4110.0,4016.1,4092.6,23179100,4501.8,3683.4,4440.0,3288.1,4019.8,1,1,4018.4,2,1,4018.3,46,3,4018.2,26,2,4018.1,70,4,4020.0,62,4,4020.8,13,2,4020.9,54,3,4021.0,31,4,4021.1,12,1
11483,2026-07-02 10:18:41+05:30,4020.0,5,4052.08,499657,112974.0,146591.0,4100.0,4110.0,4016.1,4092.6,23179100,4501.8,3683.4,4440.0,3288.1,4019.8,1,1,4019.6,1,1,4019.1,20,1,4018.4,2,1,4018.3,46,3,4020.0,67,9,4020.8,31,4,4020.9,72,4,4021.0,25,3,4021.1,12,1
11483,2026-07-02 10:18:42+05:30,4020.8,2,4052.08,499657,112974.0,146591.0,4100.0,4110.0,4016.1,4092.6,23179100,4501.8,3683.4,4440.0,3288.1,4019.8,1,1,4019.6,1,1,4019.1,20,1,4018.4,2,1,4018.3,46,3,4020.0,67,9,4020.8,31,4,4020.9,72,4,4021.0,25,3,4021.1,12,1
11483,2026-07-02 10:18:42+05:30,4020.8,2,4052.07,499742,113222.0,146511.0,4100.0,4110.0,4016.1,4092.6,23179100,4501.8,3683.4,4440.0,3288.1,4019.8,1,1,4019.6,1,1,4019.3,6,1,4019.1,20,1,4018.6,8,1,4020.0,1,1,4020.3,20,3,4020.4,11,2,4020.5,23,3,4020.6,24,3
11483,2026-07-02 10:18:43+05:30,4019.8,1,4052.07,499742,113222.0,146511.0,4100.0,4110.0,4016.1,4092.6,23179100,4501.8,3683.4,4440.0,3288.1,4019.8,1,1,4019.6,1,1,4019.3,6,1,4019.1,20,1,4018.6,8,1,4020.0,1,1,4020.3,20,3,4020.4,11,2,4020.5,23,3,4020.6,24,3
11483,2026-07-02 10:18:43+05:30,4019.8,1,4052.07,499746,113656.0,146647.0,4100.0,4110.0,4016.1,4092.6,23179100,4501.8,3683.4,4440.0,3288.1,4019.6,1,1,4019.3,6,1,4019.1,20,1,4018.6,8,1,4018.4,2,1,4019.8,11,1,4020.0,1,1,4020.3,20,3,4020.4,11,2,4020.5,11,2
11483,2026-07-02 10:18:44+05:30,4019.8,2,4052.07,499746,113656.0,146647.0,4100.0,4110.0,4016.1,4092.6,23179100,4501.8,3683.4,4440.0,3288.1,4019.6,1,1,4019.3,6,1,4019.1,20,1,4018.6,8,1,4018.4,2,1,4019.8,11,1,4020.0,1,1,4020.3,20,3,4020.4,11,2,4020.5,11,2
11483,2026-07-02 10:18:44+05:30,4019.8,1,4052.07,499760,113868.0,146696.0,4100.0,4110.0,4016.1,4092.6,23179100,4501.8,3683.4,4440.0,3288.1,4019.6,1,1,4019.3,6,1,4019.1,25,2,4018.6,20,2,4018.4,22,2,4019.8,13,3,4020.3,17,2,4020.4,8,1,4020.5,11,2,4020.6,24,3
11483,2026-07-02 10:18:45+05:30,4018.6,8,4052.07,499760,113868.0,146696.0,4100.0,4110.0,4016.1,4092.6,23179100,4501.8,3683.4,4440.0,3288.1,4019.6,1,1,4019.3,6,1,4019.1,25,2,4018.6,20,2,4018.4,22,2,4019.8,13,3,4020.3,17,2,4020.4,8,1,4020.5,11,2,4020.6,24,3
11483,2026-07-02 10:18:45+05:30,4019.8,1,4052.07,499826,113464.0,146700.0,4100.0,4110.0,4016.1,4092.6,23179100,4501.8,3683.4,4440.0,3288.1,4018.6,15,1,4018.5,65,4,4018.4,38,3,4018.3,33,3,4018.2,8,1,4019.8,10,6,4020.3,17,2,4020.4,8,1,4020.5,11,2,4020.6,24,3
11483,2026-07-02 10:18:46+05:30,4018.4,22,4052.07,499826,113464.0,146700.0,4100.0,4110.0,4016.1,4092.6,23179100,4501.8,3683.4,4440.0,3288.1,4018.6,15,1,4018.5,65,4,4018.4,38,3,4018.3,33,3,4018.2,8,1,4019.8,10,6,4020.3,17,2,4020.4,8,1,4020.5,11,2,4020.6,24,3
11483,2026-07-02 10:18:46+05:30,4018.6,8,4052.06,499969,114858.0,146611.0,4100.0,4110.0,4016.1,4092.6,23179100,4501.8,3683.4,4440.0,3288.1,4018.7,7,1,4018.6,65,5,4018.5,39,3,4018.4,186,2,4018.3,15,1,4020.3,19,1,4020.4,8,1,4020.5,8,1,4020.6,8,1,4020.7,11,2
11483,2026-07-02 10:18:47+05:30,4018.8,3,4052.06,499969,114858.0,146611.0,4100.0,4110.0,4016.1,4092.6,23179100,4501.8,3683.4,4440.0,3288.1,4018.7,7,1,4018.6,65,5,4018.5,39,3,4018.4,186,2,4018.3,15,1,4020.3,19,1,4020.4,8,1,4020.5,8,1,4020.6,8,1,4020.7,11,2
11483,2026-07-02 10:18:47+05:30,4020.7,5,4052.06,500000,115061.0,146294.0,4100.0,4110.0,4016.1,4092.6,23179100,4501.8,3683.4,4440.0,3288.1,4019.2,7,1,4019.1,15,2,4019.0,57,4,4018.9,42,3,4018.8,29,2,4020.7,14,1,4020.8,4,2,4020.9,23,3,4021.0,12,1,4021.1,17,1
11483,2026-07-02 10:18:48+05:30,4020.7,5,4052.06,500000,115061.0,146294.0,4100.0,4110.0,4016.1,4092.6,23179100,4501.8,3683.4,4440.0,3288.1,4019.2,7,1,4019.1,15,2,4019.0,57,4,4018.9,42,3,4018.8,29,2,4020.7,14,1,4020.8,4,2,4020.9,23,3,4021.0,12,1,4021.1,17,1
11483,2026-07-02 10:18:48+05:30,4020.7,5,4052.06,500000,115384.0,147206.0,4100.0,4110.0,4016.1,4092.6,23179100,4501.8,3683.4,4440.0,3288.1,4019.8,5,1,4019.0,11,1,4018.9,10,1,4018.6,35,2,4018.4,208,3,4020.7,16,3,4020.8,4,2,4020.9,23,3,4021.0,34,4,4021.1,17,2
11483,2026-07-02 10:18:49+05:30,4020.7,10,4052.06,500000,115384.0,147206.0,4100.0,4110.0,4016.1,4092.6,23179100,4501.8,3683.4,4440.0,3288.1,4019.8,5,1,4019.0,11,1,4018.9,10,1,4018.6,35,2,4018.4,208,3,4020.7,16,3,4020.8,4,2,4020.9,23,3,4021.0,34,4,4021.1,17,2
11483,2026-07-02 10:18:49+05:30,4020.7,10,4052.06,500010,115485.0,147224.0,4100.0,4110.0,4016.1,4092.6,23179100,4501.8,3683.4,4440.0,3288.1,4019.8,5,1,4019.1,50,1,4019.0,11,1,4018.9,10,1,4018.6,35,2,4020.7,6,3,4020.8,2,1,4020.9,23,3,4021.0,34,4,4021.1,2,1
11483,2026-07-02 10:18:50+05:30,4020.7,10,4052.06,500010,115684.0,147003.0,4100.0,4110.0,4016.1,4092.6,23179100,4501.8,3683.4,4440.0,3288.1,4020.0,150,1,4019.8,45,2,4019.1,50,1,4019.0,161,2,4018.9,22,2,4020.7,4,4,4020.8,2,1,4020.9,3,2,4021.0,14,2,4021.2,65,3
11483,2026-07-02 10:18:51+05:30,4021.0,1,4052.05,500020,115867.0,146701.0,4100.0,4110.0,4016.1,4092.6,23179100,4501.8,3683.4,4440.0,3288.1,4020.0,150,1,4019.8,45,2,4019.1,56,2,4019.0,161,2,4018.9,22,2,4020.7,1,1,4021.0,13,2,4021.2,12,1,4021.4,285,12,4021.5,80,4
11483,2026-07-02 10:18:52+05:30,4021.0,1,4052.05,500020,115867.0,146701.0,4100.0,4110.0,4016.1,4092.6,23179100,4501.8,3683.4,4440.0,3288.1,4020.0,150,1,4019.8,45,2,4019.1,56,2,4019.0,161,2,4018.9,22,2,4020.7,1,1,4021.0,13,2,4021.2,12,1,4021.4,285,12,4021.5,80,4
11483,2026-07-02 10:18:52+05:30,4020.7,1,4052.05,500021,115933.0,146739.0,4100.0,4110.0,4016.1,4092.6,23179100,4501.8,3683.4,4440.0,3288.1,4020.0,150,1,4019.8,45,2,4019.1,56,2,4019.0,161,2,4018.9,22,2,4020.7,1,1,4020.9,2,1,4021.0,12,2,4021.1,2,1,4021.2,47,2
11483,2026-07-02 10:18:53+05:30,4020.0,9,4052.05,500021,115933.0,146739.0,4100.0,4110.0,4016.1,4092.6,23179100,4501.8,3683.4,4440.0,3288.1,4020.0,150,1,4019.8,45,2,4019.1,56,2,4019.0,161,2,4018.9,22,2,4020.7,1,1,4020.9,2,1,4021.0,12,2,4021.1,2,1,4021.2,47,2
11483,2026-07-02 10:18:53+05:30,4020.0,9,4052.04,500171,115705.0,147270.0,4100.0,4110.0,4016.1,4092.6,23179100,4501.8,3683.4,4440.0,3288.1,4019.8,45,2,4019.1,50,1,4019.0,161,2,4018.9,10,1,4018.8,15,1,4020.0,2,1,4020.7,1,1,4021.0,12,2,4021.1,4,2,4021.2,47,2
11483,2026-07-02 10:18:54+05:30,4020.6,4,4052.04,500185,115415.0,147146.0,4100.0,4110.0,4016.1,4092.6,23179100,4501.8,3683.4,4440.0,3288.1,4019.8,45,2,4019.2,48,1,4019.1,50,1,4019.0,161,2,4018.8,15,1,4020.6,18,2,4020.7,32,3,4020.9,10,1,4021.0,34,3,4021.1,27,3
11483,2026-07-02 10:18:55+05:30,4020.5,3,4052.04,500185,115415.0,147146.0,4100.0,4110.0,4016.1,4092.6,23179100,4501.8,3683.4,4440.0,3288.1,4019.8,45,2,4019.2,48,1,4019.1,50,1,4019.0,161,2,4018.8,15,1,4020.6,18,2,4020.7,32,3,4020.9,10,1,4021.0,34,3,4021.1,27,3
11483,2026-07-02 10:18:56+05:30,4020.6,11,4052.04,500185,115415.0,147146.0,4100.0,4110.0,4016.1,4092.6,23179100,4501.8,3683.4,4440.0,3288.1,4019.8,45,2,4019.2,48,1,4019.1,50,1,4019.0,161,2,4018.8,15,1,4020.6,18,2,4020.7,32,3,4020.9,10,1,4021.0,34,3,4021.1,27,3
11483,2026-07-02 10:18:56+05:30,4020.6,11,4052.04,500203,115543.0,147257.0,4100.0,4110.0,4016.1,4092.6,23179100,4501.8,3683.4,4440.0,3288.1,4019.8,45,2,4019.2,48,1,4019.1,50,1,4019.0,161,2,4018.8,15,1,4020.6,24,6,4020.7,55,3,4020.9,10,1,4021.0,34,3,4021.1,29,4
11483,2026-07-02 10:18:57+05:30,4019.8,1,4052.04,500203,115543.0,147257.0,4100.0,4110.0,4016.1,4092.6,23179100,4501.8,3683.4,4440.0,3288.1,4019.8,45,2,4019.2,48,1,4019.1,50,1,4019.0,161,2,4018.8,15,1,4020.6,24,6,4020.7,55,3,4020.9,10,1,4021.0,34,3,4021.1,29,4
11483,2026-07-02 10:18:57+05:30,4019.8,1,4052.04,500204,115552.0,147325.0,4100.0,4110.0,4016.1,4092.6,23179100,4501.8,3683.4,4440.0,3288.1,4019.8,44,2,4019.2,48,1,4019.1,50,1,4019.0,161,2,4018.8,15,1,4020.6,7,5,4020.7,46,2,4020.9,10,1,4021.0,33,2,4021.1,26,2
11483,2026-07-02 10:18:58+05:30,4021.3,15,4052.04,500204,115552.0,147325.0,4100.0,4110.0,4016.1,4092.6,23179100,4501.8,3683.4,4440.0,3288.1,4019.8,44,2,4019.2,48,1,4019.1,50,1,4019.0,161,2,4018.8,15,1,4020.6,7,5,4020.7,46,2,4020.9,10,1,4021.0,33,2,4021.1,26,2
11483,2026-07-02 10:18:58+05:30,4021.3,15,4052.03,500406,115960.0,147012.0,4100.0,4110.0,4016.1,4092.6,23179100,4501.8,3683.4,4440.0,3288.1,4020.0,150,1,4019.8,44,2,4019.2,48,1,4019.1,50,1,4019.0,261,4,4020.6,1,1,4021.0,8,1,4021.1,25,3,4021.3,1,1,4021.4,313,13
11483,2026-07-02 10:18:59+05:30,4020.6,1,4052.03,500406,115960.0,147012.0,4100.0,4110.0,4016.1,4092.6,23179100,4501.8,3683.4,4440.0,3288.1,4020.0,150,1,4019.8,44,2,4019.2,48,1,4019.1,50,1,4019.0,261,4,4020.6,1,1,4021.0,8,1,4021.1,25,3,4021.3,1,1,4021.4,313,13
11483,2026-07-02 10:18:59+05:30,4020.6,1,4052.03,500448,115685.0,146753.0,4100.0,4110.0,4016.1,4092.6,23179100,4501.8,3683.4,4440.0,3288.1,4020.6,98,1,4020.0,204,4,4019.8,44,2,4019.1,50,1,4019.0,261,4,4021.1,22,3,4021.2,11,1,4021.3,4,2,4021.4,287,13,4021.5,33,3
11483,2026-07-02 10:19:00+05:30,4020.6,1,4052.03,500448,115685.0,146753.0,4100.0,4110.0,4016.1,4092.6,23179100,4501.8,3683.4,4440.0,3288.1,4020.6,98,1,4020.0,204,4,4019.8,44,2,4019.1,50,1,4019.0,261,4,4021.1,22,3,4021.2,11,1,4021.3,4,2,4021.4,287,13,4021.5,33,3
11483,2026-07-02 10:19:00+05:30,4020.6,1,4052.03,500458,115826.0,146750.0,4100.0,4110.0,4016.1,4092.6,23179100,4501.8,3683.4,4440.0,3288.1,4020.6,88,1,4020.0,334,6,4019.8,94,3,4019.0,261,4,4018.9,41,2,4021.1,15,3,4021.2,11,1,4021.3,4,2,4021.4,287,13,4021.5,33,3
11483,2026-07-02 10:19:01+05:30,4021.2,2,4052.03,500458,115826.0,146750.0,4100.0,4110.0,4016.1,4092.6,23179100,4501.8,3683.4,4440.0,3288.1,4020.6,88,1,4020.0,334,6,4019.8,94,3,4019.0,261,4,4018.9,41,2,4021.1,15,3,4021.2,11,1,4021.3,4,2,4021.4,287,13,4021.5,33,3
11483,2026-07-02 10:19:01+05:30,4021.3,3,4052.03,500470,116528.0,146625.0,4100.0,4110.0,4016.1,4092.6,23179100,4501.8,3683.4,4440.0,3288.1,4020.6,88,1,4020.0,344,7,4019.9,6,1,4019.8,94,3,4019.0,261,4,4021.3,15,3,4021.4,22,1,4021.5,24,3,4021.7,31,1,4021.8,65,5
11483,2026-07-02 10:19:02+05:30,4021.3,3,4052.03,500470,116528.0,146625.0,4100.0,4110.0,4016.1,4092.6,23179100,4501.8,3683.4,4440.0,3288.1,4020.6,88,1,4020.0,344,7,4019.9,6,1,4019.8,94,3,4019.0,261,4,4021.3,15,3,4021.4,22,1,4021.5,24,3,4021.7,31,1,4021.8,65,5
11483,2026-07-02 10:19:02+05:30,4021.3,3,4052.03,500470,116798.0,146628.0,4100.0,4110.0,4016.1,4092.6,23179100,4501.8,3683.4,4440.0,3288.1,4020.6,188,2,4020.5,150,1,4020.0,367,9,4019.9,6,1,4019.8,94,3,4021.3,17,5,4021.4,22,1,4021.5,22,2,4021.6,2,1,4021.7,31,1
11483,2026-07-02 10:19:03+05:30,4020.6,49,4052.03,500470,116798.0,146628.0,4100.0,4110.0,4016.1,4092.6,23179100,4501.8,3683.4,4440.0,3288.1,4020.6,188,2,4020.5,150,1,4020.0,367,9,4019.9,6,1,4019.8,94,3,4021.3,17,5,4021.4,22,1,4021.5,22,2,4021.6,2,1,4021.7,31,1
11483,2026-07-02 10:19:03+05:30,4020.6,20,4052.02,500638,116711.0,146932.0,4100.0,4110.0,4016.1,4092.6,23179100,4501.8,3683.4,4440.0,3288.1,4020.6,20,1,4020.5,150,1,4020.0,367,9,4019.8,94,3,4019.1,27,1,4021.0,7,1,4021.1,25,3,4021.2,76,8,4021.3,22,6,4021.4,35,2
11483,2026-07-02 10:19:04+05:30,4021.0,5,4052.02,500638,116711.0,146932.0,4100.0,4110.0,4016.1,4092.6,23179100,4501.8,3683.4,4440.0,3288.1,4020.6,20,1,4020.5,150,1,4020.0,367,9,4019.8,94,3,4019.1,27,1,4021.0,7,1,4021.1,25,3,4021.2,76,8,4021.3,22,6,4021.4,35,2
11483,2026-07-02 10:19:04+05:30,4021.0,1,4052.01,500669,116782.0,146757.0,4100.0,4110.0,4016.1,4092.6,23179100,4501.8,3683.4,4440.0,3288.1,4020.6,2,1,4020.5,150,1,4020.0,367,9,4019.8,94,3,4019.1,6,1,4021.0,12,2,4021.2,30,3,4021.3,3,3,4021.4,35,2,4021.5,49,4
11483,2026-07-02 10:19:05+05:30,4021.0,1,4052.01,500669,116782.0,146757.0,4100.0,4110.0,4016.1,4092.6,23179100,4501.8,3683.4,4440.0,3288.1,4020.6,2,1,4020.5,150,1,4020.0,367,9,4019.8,94,3,4019.1,6,1,4021.0,12,2,4021.2,30,3,4021.3,3,3,4021.4,35,2,4021.5,49,4
11483,2026-07-02 10:19:05+05:30,4021.4,18,4052.01,500739,116822.0,146435.0,4100.0,4110.0,4016.1,4092.6,23179100,4501.8,3683.4,4440.0,3288.1,4020.6,2,1,4020.5,150,1,4020.0,367,9,4019.9,6,1,4019.8,105,4,4021.4,18,3,4021.5,22,2,4021.6,16,1,4021.7,33,2,4021.8,82,5
11483,2026-07-02 10:19:06+05:30,4021.0,1,4052.01,500739,116822.0,146435.0,4100.0,4110.0,4016.1,4092.6,23179100,4501.8,3683.4,4440.0,3288.1,4020.6,2,1,4020.5,150,1,4020.0,367,9,4019.9,6,1,4019.8,105,4,4021.4,18,3,4021.5,22,2,4021.6,16,1,4021.7,33,2,4021.8,82,5
11483,2026-07-02 10:19:06+05:30,4020.0,25,4051.97,501416,115778.0,146448.0,4100.0,4110.0,4016.1,4092.6,23179100,4501.8,3683.4,4440.0,3288.1,4019.8,65,3,4019.1,8,2,4019.0,250,3,4018.8,15,1,4018.7,1,1,4020.0,2755,1,4021.1,35,4,4021.2,37,2,4021.3,20,2,4021.4,102,8
11483,2026-07-02 10:19:07+05:30,4020.0,2,4051.97,501416,115778.0,146448.0,4100.0,4110.0,4016.1,4092.6,23179100,4501.8,3683.4,4440.0,3288.1,4019.8,65,3,4019.1,8,2,4019.0,250,3,4018.8,15,1,4018.7,1,1,4020.0,2755,1,4021.1,35,4,4021.2,37,2,4021.3,20,2,4021.4,102,8
11483,2026-07-02 10:19:07+05:30,4020.0,40,4051.96,501458,115805.0,146412.0,4100.0,4110.0,4016.1,4092.6,23179100,4501.8,3683.4,4440.0,3288.1,4019.8,65,3,4019.1,2,1,4019.0,251,4,4018.8,15,1,4018.7,3,2,4020.0,2748,4,4020.1,12,1,4020.5,13,1,4020.6,15,2,4020.8,19,1
11483,2026-07-02 10:19:08+05:30,4020.0,40,4051.96,501458,115805.0,146412.0,4100.0,4110.0,4016.1,4092.6,23179100,4501.8,3683.4,4440.0,3288.1,4019.8,65,3,4019.1,2,1,4019.0,251,4,4018.8,15,1,4018.7,3,2,4020.0,2748,4,4020.1,12,1,4020.5,13,1,4020.6,15,2,4020.8,19,1
11483,2026-07-02 10:19:08+05:30,4020.0,40,4051.96,501458,115773.0,146520.0,4100.0,4110.0,4016.1,4092.6,23179100,4501.8,3683.4,4440.0,3288.1,4019.8,65,3,4019.1,2,1,4019.0,251,4,4018.8,15,1,4018.7,30,3,4020.0,2750,6,4020.1,12,1,4020.5,13,1,4020.6,15,2,4020.8,19,1
11483,2026-07-02 10:19:09+05:30,4020.0,20,4051.96,501549,115732.0,146527.0,4100.0,4110.0,4016.1,4092.6,23179100,4501.8,3683.4,4440.0,3288.1,4019.8,65,3,4019.1,2,1,4019.0,251,4,4018.8,15,1,4018.7,30,3,4020.0,2689,7,4020.2,12,1,4020.5,14,2,4020.6,15,2,4020.7,2,1
11483,2026-07-02 10:19:10+05:30,4020.0,20,4051.96,501549,115732.0,146527.0,4100.0,4110.0,4016.1,4092.6,23179100,4501.8,3683.4,4440.0,3288.1,4019.8,65,3,4019.1,2,1,4019.0,251,4,4018.8,15,1,4018.7,30,3,4020.0,2689,7,4020.2,12,1,4020.5,14,2,4020.6,15,2,4020.7,2,1
11483,2026-07-02 10:19:10+05:30,4019.8,7,4051.96,501560,115782.0,146455.0,4100.0,4110.0,4016.1,4092.6,23179100,4501.8,3683.4,4440.0,3288.1,4019.8,54,2,4019.0,256,5,4018.8,15,1,4018.7,1,1,4018.6,151,5,4020.0,2691,9,4020.5,14,2,4020.6,15,2,4020.7,2,1,4020.8,31,2
11483,2026-07-02 10:19:11+05:30,4019.8,1,4051.96,501560,115782.0,146455.0,4100.0,4110.0,4016.1,4092.6,23179100,4501.8,3683.4,4440.0,3288.1,4019.8,54,2,4019.0,256,5,4018.8,15,1,4018.7,1,1,4018.6,151,5,4020.0,2691,9,4020.5,14,2,4020.6,15,2,4020.7,2,1,4020.8,31,2
11483,2026-07-02 10:19:11+05:30,4019.8,5,4051.95,501734,115382.0,146861.0,4100.0,4110.0,4016.1,4092.6,23179100,4501.8,3683.4,4440.0,3288.1,4019.1,16,2,4019.0,259,5,4018.7,1,1,4018.6,132,4,4018.4,202,3,4019.8,3,1,4020.0,2580,7,4020.4,2,1,4020.5,1,1,4020.6,11,2
11483,2026-07-02 10:19:12+05:30,4019.1,1,4051.95,501734,115382.0,146861.0,4100.0,4110.0,4016.1,4092.6,23179100,4501.8,3683.4,4440.0,3288.1,4019.1,16,2,4019.0,259,5,4018.7,1,1,4018.6,132,4,4018.4,202,3,4019.8,3,1,4020.0,2580,7,4020.4,2,1,4020.5,1,1,4020.6,11,2
11483,2026-07-02 10:19:12+05:30,4019.1,5,4051.95,501745,115293.0,147168.0,4100.0,4110.0,4016.1,4092.6,23179100,4501.8,3683.4,4440.0,3288.1,4019.0,251,4,4018.7,1,1,4018.6,132,4,4018.4,180,2,4018.3,15,1,4019.8,13,4,4020.0,2554,4,4020.2,2,1,4020.3,12,1,4020.4,27,1
11483,2026-07-02 10:19:13+05:30,4019.0,136,4051.95,501745,115293.0,147168.0,4100.0,4110.0,4016.1,4092.6,23179100,4501.8,3683.4,4440.0,3288.1,4019.0,251,4,4018.7,1,1,4018.6,132,4,4018.4,180,2,4018.3,15,1,4019.8,13,4,4020.0,2554,4,4020.2,2,1,4020.3,12,1,4020.4,27,1
11483,2026-07-02 10:19:13+05:30,4019.8,1,4051.93,501954,114982.0,146959.0,4100.0,4110.0,4016.1,4092.6,23179100,4501.8,3683.4,4440.0,3288.1,4019.0,95,3,4018.7,1,1,4018.6,112,3,4018.5,6,1,4018.4,180,2,4019.8,2,2,4020.0,2554,4,4020.4,2,1,4020.5,13,2,4020.6,19,2
11483,2026-07-02 10:19:14+05:30,4020.0,45,4051.93,501954,114982.0,146959.0,4100.0,4110.0,4016.1,4092.6,23179100,4501.8,3683.4,4440.0,3288.1,4019.0,95,3,4018.7,1,1,4018.6,112,3,4018.5,6,1,4018.4,180,2,4019.8,2,2,4020.0,2554,4,4020.4,2,1,4020.5,13,2,4020.6,19,2
11483,2026-07-02 10:19:14+05:30,4019.0,2,4051.89,502667,114938.0,146666.0,4100.0,4110.0,4016.1,4092.6,23179100,4501.8,3683.4,4440.0,3288.1,4019.0,110,4,4018.7,1,1,4018.6,112,3,4018.5,25,1,4018.4,180,2,4019.1,2,2,4020.0,1877,4,4020.4,6,1,4020.5,1,1,4020.6,38,3
11483,2026-07-02 10:19:15+05:30,4019.0,6,4051.89,502667,114938.0,146666.0,4100.0,4110.0,4016.1,4092.6,23179100,4501.8,3683.4,4440.0,3288.1,4019.0,110,4,4018.7,1,1,4018.6,112,3,4018.5,25,1,4018.4,180,2,4019.1,2,2,4020.0,1877,4,4020.4,6,1,4020.5,1,1,4020.6,38,3
11483,2026-07-02 10:19:15+05:30,4019.1,1,4051.89,502682,115021.0,146624.0,4100.0,4110.0,4016.1,4092.6,23179100,4501.8,3683.4,4440.0,3288.1,4019.0,100,4,4018.7,1,1,4018.6,118,4,4018.5,24,2,4018.4,180,2,4019.1,2,2,4020.0,1877,4,4020.4,2,1,4020.5,1,1,4020.6,38,3
11483,2026-07-02 10:19:16+05:30,4019.1,1,4051.89,502682,115021.0,146624.0,4100.0,4110.0,4016.1,4092.6,23179100,4501.8,3683.4,4440.0,3288.1,4019.0,100,4,4018.7,1,1,4018.6,118,4,4018.5,24,2,4018.4,180,2,4019.1,2,2,4020.0,1877,4,4020.4,2,1,4020.5,1,1,4020.6,38,3
11483,2026-07-02 10:19:16+05:30,4020.0,5,4051.88,502741,115086.0,146432.0,4100.0,4110.0,4016.1,4092.6,23179100,4501.8,3683.4,4440.0,3288.1,4019.0,83,3,4018.7,28,2,4018.6,112,3,4018.4,180,2,4018.3,15,1,4020.0,1831,6,4020.4,2,1,4020.5,1,1,4020.6,19,2,4020.7,6,1
11483,2026-07-02 10:19:17+05:30,4020.0,8,4051.88,502741,115086.0,146432.0,4100.0,4110.0,4016.1,4092.6,23179100,4501.8,3683.4,4440.0,3288.1,4019.0,83,3,4018.7,28,2,4018.6,112,3,4018.4,180,2,4018.3,15,1,4020.0,1831,6,4020.4,2,1,4020.5,1,1,4020.6,19,2,4020.7,6,1
11483,2026-07-02 10:19:17+05:30,4020.0,8,4051.88,502741,115086.0,146432.0,4100.0,4110.0,4016.1,4092.6,23179100,4501.8,3683.4,4440.0,3288.1,4019.0,83,3,4018.7,28,2,4018.6,112,3,4018.4,180,2,4018.3,15,1,4020.0,1831,6,4020.4,2,1,4020.5,1,1,4020.6,19,2,4020.7,6,1
11483,2026-07-02 10:19:17+05:30,4020.0,1,4051.88,502765,115107.0,146441.0,4100.0,4110.0,4016.1,4092.6,23179100,4501.8,3683.4,4440.0,3288.1,4019.1,1,1,4019.0,83,3,4018.7,1,1,4018.6,112,3,4018.4,218,3,4020.0,1834,10,4020.4,2,1,4020.5,14,3,4020.6,31,3,4020.8,25,2
11483,2026-07-02 10:19:17+05:30,4020.0,1,4051.88,502765,115107.0,146441.0,4100.0,4110.0,4016.1,4092.6,23179100,4501.8,3683.4,4440.0,3288.1,4019.1,1,1,4019.0,83,3,4018.7,1,1,4018.6,112,3,4018.4,218,3,4020.0,1834,10,4020.4,2,1,4020.5,14,3,4020.6,31,3,4020.8,25,2
11483,2026-07-02 10:19:18+05:30,4020.0,5,4051.88,502765,115107.0,146441.0,4100.0,4110.0,4016.1,4092.6,23179100,4501.8,3683.4,4440.0,3288.1,4019.1,1,1,4019.0,83,3,4018.7,1,1,4018.6,112,3,4018.4,218,3,4020.0,1834,10,4020.4,2,1,4020.5,14,3,4020.6,31,3,4020.8,25,2
11483,2026-07-02 10:19:18+05:30,4020.0,5,4051.88,502765,115107.0,146441.0,4100.0,4110.0,4016.1,4092.6,23179100,4501.8,3683.4,4440.0,3288.1,4019.1,1,1,4019.0,83,3,4018.7,1,1,4018.6,112,3,4018.4,218,3,4020.0,1834,10,4020.4,2,1,4020.5,14,3,4020.6,31,3,4020.8,25,2
11483,2026-07-02 10:19:18+05:30,4020.0,20,4051.88,502790,115079.0,146418.0,4100.0,4110.0,4016.1,4092.6,23179100,4501.8,3683.4,4440.0,3288.1,4019.1,1,1,4019.0,96,6,4018.7,28,2,4018.6,112,3,4018.5,38,1,4020.0,1811,12,4020.4,2,1,4020.5,4,2,4020.6,31,3,4020.8,25,2
11483,2026-07-02 10:19:19+05:30,4020.0,20,4051.88,502790,115079.0,146418.0,4100.0,4110.0,4016.1,4092.6,23179100,4501.8,3683.4,4440.0,3288.1,4019.1,1,1,4019.0,96,6,4018.7,28,2,4018.6,112,3,4018.5,38,1,4020.0,1811,12,4020.4,2,1,4020.5,4,2,4020.6,31,3,4020.8,25,2
11483,2026-07-02 10:19:19+05:30,4020.0,20,4051.88,502790,115079.0,146418.0,4100.0,4110.0,4016.1,4092.6,23179100,4501.8,3683.4,4440.0,3288.1,4019.1,1,1,4019.0,96,6,4018.7,28,2,4018.6,112,3,4018.5,38,1,4020.0,1811,12,4020.4,2,1,4020.5,4,2,4020.6,31,3,4020.8,25,2
11483,2026-07-02 10:19:19+05:30,4019.1,6,4051.87,502867,115329.0,146637.0,4100.0,4110.0,4016.1,4092.6,23179100,4501.8,3683.4,4440.0,3288.1,4019.0,105,7,4018.8,12,1,4018.7,1,1,4018.6,118,4,4018.5,12,1,4019.1,5,2,4020.0,1798,10,4020.4,27,1,4020.5,1,1,4020.6,19,2
11483,2026-07-02 10:19:20+05:30,4019.1,6,4051.87,502867,115329.0,146637.0,4100.0,4110.0,4016.1,4092.6,23179100,4501.8,3683.4,4440.0,3288.1,4019.0,105,7,4018.8,12,1,4018.7,1,1,4018.6,118,4,4018.5,12,1,4019.1,5,2,4020.0,1798,10,4020.4,27,1,4020.5,1,1,4020.6,19,2
11483,2026-07-02 10:19:20+05:30,4019.1,6,4051.87,502867,115329.0,146637.0,4100.0,4110.0,4016.1,4092.6,23179100,4501.8,3683.4,4440.0,3288.1,4019.0,105,7,4018.8,12,1,4018.7,1,1,4018.6,118,4,4018.5,12,1,4019.1,5,2,4020.0,1798,10,4020.4,27,1,4020.5,1,1,4020.6,19,2
11483,2026-07-02 10:19:20+05:30,4019.1,6,4051.87,502867,115329.0,146637.0,4100.0,4110.0,4016.1,4092.6,23179100,4501.8,3683.4,4440.0,3288.1,4019.0,105,7,4018.8,12,1,4018.7,1,1,4018.6,118,4,4018.5,12,1,4019.1,5,2,4020.0,1798,10,4020.4,27,1,4020.5,1,1,4020.6,19,2
11483,2026-07-02 10:19:20+05:30,4019.1,6,4051.87,502867,115329.0,146637.0,4100.0,4110.0,4016.1,4092.6,23180150,4501.8,3683.4,4440.0,3288.1,4019.0,105,7,4018.8,12,1,4018.7,1,1,4018.6,118,4,4018.5,12,1,4019.1,5,2,4020.0,1798,10,4020.4,27,1,4020.5,1,1,4020.6,19,2
11483,2026-07-02 10:19:21+05:30,4019.1,3,4051.87,502867,115329.0,146637.0,4100.0,4110.0,4016.1,4092.6,23180150,4501.8,3683.4,4440.0,3288.1,4019.0,105,7,4018.8,12,1,4018.7,1,1,4018.6,118,4,4018.5,12,1,4019.1,5,2,4020.0,1798,10,4020.4,27,1,4020.5,1,1,4020.6,19,2
11483,2026-07-02 10:19:21+05:30,4019.1,3,4051.87,502877,115379.0,146726.0,4100.0,4110.0,4016.1,4092.6,23180150,4501.8,3683.4,4440.0,3288.1,4019.0,88,6,4018.8,17,1,4018.7,3,2,4018.6,112,3,4018.4,180,2,4019.1,20,7,4020.0,1874,10,4020.4,27,1,4020.5,1,1,4020.6,19,2
11483,2026-07-02 10:19:21+05:30,4019.1,3,4051.87,502877,115379.0,146726.0,4100.0,4110.0,4016.1,4092.6,23180150,4501.8,3683.4,4440.0,3288.1,4019.0,88,6,4018.8,17,1,4018.7,3,2,4018.6,112,3,4018.4,180,2,4019.1,20,7,4020.0,1874,10,4020.4,27,1,4020.5,1,1,4020.6,19,2
11483,2026-07-02 10:19:22+05:30,4019.1,3,4051.87,502877,115379.0,146726.0,4100.0,4110.0,4016.1,4092.6,23180150,4501.8,3683.4,4440.0,3288.1,4019.0,88,6,4018.8,17,1,4018.7,3,2,4018.6,112,3,4018.4,180,2,4019.1,20,7,4020.0,1874,10,4020.4,27,1,4020.5,1,1,4020.6,19,2
11483,2026-07-02 10:19:22+05:30,4019.1,1,4051.87,502877,115379.0,146726.0,4100.0,4110.0,4016.1,4092.6,23180150,4501.8,3683.4,4440.0,3288.1,4019.0,88,6,4018.8,17,1,4018.7,3,2,4018.6,112,3,4018.4,180,2,4019.1,20,7,4020.0,1874,10,4020.4,27,1,4020.5,1,1,4020.6,19,2
11483,2026-07-02 10:19:22+05:30,4019.1,1,4051.87,502901,115365.0,146768.0,4100.0,4110.0,4016.1,4092.6,23180150,4501.8,3683.4,4440.0,3288.1,4019.0,77,6,4018.8,17,1,4018.7,1,1,4018.6,114,4,4018.4,180,2,4019.1,16,7,4020.0,1881,7,4020.4,62,2,4020.5,1,1,4020.6,8,1
11483,2026-07-02 10:19:22+05:30,4019.1,1,4051.87,502901,115365.0,146768.0,4100.0,4110.0,4016.1,4092.6,23180150,4501.8,3683.4,4440.0,3288.1,4019.0,77,6,4018.8,17,1,4018.7,1,1,4018.6,114,4,4018.4,180,2,4019.1,16,7,4020.0,1881,7,4020.4,62,2,4020.5,1,1,4020.6,8,1
11483,2026-07-02 10:19:23+05:30,4019.0,1,4051.87,502901,115365.0,146768.0,4100.0,4110.0,4016.1,4092.6,23180150,4501.8,3683.4,4440.0,3288.1,4019.0,77,6,4018.8,17,1,4018.7,1,1,4018.6,114,4,4018.4,180,2,4019.1,16,7,4020.0,1881,7,4020.4,62,2,4020.5,1,1,4020.6,8,1
11483,2026-07-02 10:19:23+05:30,4019.0,1,4051.87,502994,115144.0,146764.0,4100.0,4110.0,4016.1,4092.6,23180150,4501.8,3683.4,4440.0,3288.1,4018.7,1,1,4018.6,112,3,4018.5,2,1,4018.4,180,2,4018.3,24,2,4019.0,3,1,4019.1,15,8,4020.0,1880,6,4020.4,62,2,4020.5,1,1
11483,2026-07-02 10:19:24+05:30,4019.0,13,4051.87,502994,115144.0,146764.0,4100.0,4110.0,4016.1,4092.6,23180150,4501.8,3683.4,4440.0,3288.1,4018.7,1,1,4018.6,112,3,4018.5,2,1,4018.4,180,2,4018.3,24,2,4019.0,3,1,4019.1,15,8,4020.0,1880,6,4020.4,62,2,4020.5,1,1
11483,2026-07-02 10:19:24+05:30,4019.0,13,4051.86,503016,115203.0,146798.0,4100.0,4110.0,4016.1,4092.6,23180150,4501.8,3683.4,4440.0,3288.1,4018.7,8,1,4018.6,112,3,4018.4,182,3,4018.3,24,2,4018.2,17,2,4019.0,4,4,4019.1,14,7,4020.0,1878,4,4020.4,62,2,4020.5,1,1
11483,2026-07-02 10:19:25+05:30,4019.1,4,4051.86,503016,115203.0,146798.0,4100.0,4110.0,4016.1,4092.6,23180150,4501.8,3683.4,4440.0,3288.1,4018.7,8,1,4018.6,112,3,4018.4,182,3,4018.3,24,2,4018.2,17,2,4019.0,4,4,4019.1,14,7,4020.0,1878,4,4020.4,62,2,4020.5,1,1
11483,2026-07-02 10:19:25+05:30,4020.0,5,4051.86,503106,115814.0,146098.0,4100.0,4110.0,4016.1,4092.6,23180150,4501.8,3683.4,4440.0,3288.1,4019.8,11,1,4018.7,48,1,4018.6,112,3,4018.4,180,2,4018.3,65,5,4020.0,1873,4,4020.3,11,1,4020.4,48,3,4020.5,1,1,4020.6,2,1
11483,2026-07-02 10:19:26+05:30,4020.0,5,4051.86,503106,115814.0,146098.0,4100.0,4110.0,4016.1,4092.6,23180150,4501.8,3683.4,4440.0,3288.1,4019.8,11,1,4018.7,48,1,4018.6,112,3,4018.4,180,2,4018.3,65,5,4020.0,1873,4,4020.3,11,1,4020.4,48,3,4020.5,1,1,4020.6,2,1
11483,2026-07-02 10:19:26+05:30,4020.0,7,4051.86,503114,115831.0,146134.0,4100.0,4110.0,4016.1,4092.6,23180150,4501.8,3683.4,4440.0,3288.1,4019.8,11,1,4019.1,1,1,4018.7,48,1,4018.6,112,3,4018.4,182,3,4020.0,1903,8,4020.3,33,3,4020.4,52,4,4020.5,1,1,4020.6,2,1
11483,2026-07-02 10:19:27+05:30,4018.7,13,4051.86,503114,115831.0,146134.0,4100.0,4110.0,4016.1,4092.6,23180150,4501.8,3683.4,4440.0,3288.1,4019.8,11,1,4019.1,1,1,4018.7,48,1,4018.6,112,3,4018.4,182,3,4020.0,1903,8,4020.3,33,3,4020.4,52,4,4020.5,1,1,4020.6,2,1
11483,2026-07-02 10:19:27+05:30,4020.0,35,4051.85,503221,115547.0,146328.0,4100.0,4110.0,4016.1,4092.6,23180150,4501.8,3683.4,4440.0,3288.1,4018.7,16,2,4018.6,120,4,4018.5,38,1,4018.4,209,4,4018.3,24,2,4020.0,1810,8,4020.2,35,1,4020.3,11,1,4020.4,4,1,4020.5,1,1
11483,2026-07-02 10:19:28+05:30,4020.0,1,4051.85,503221,115547.0,146328.0,4100.0,4110.0,4016.1,4092.6,23180150,4501.8,3683.4,4440.0,3288.1,4018.7,16,2,4018.6,120,4,4018.5,38,1,4018.4,209,4,4018.3,24,2,4020.0,1810,8,4020.2,35,1,4020.3,11,1,4020.4,4,1,4020.5,1,1
11483,2026-07-02 10:19:28+05:30,4020.0,1,4051.85,503226,113814.0,145508.0,4100.0,4110.0,4016.1,4092.6,23180150,4501.8,3683.4,4440.0,3288.1,4019.1,51,2,4019.0,5,1,4018.6,112,3,4018.4,182,3,4018.3,6,1,4020.0,1812,12,4020.2,35,1,4020.3,12,1,4020.4,55,2,4020.5,69,5
11483,2026-07-02 10:19:29+05:30,4020.0,2,4051.85,503226,113814.0,145508.0,4100.0,4110.0,4016.1,4092.6,23180150,4501.8,3683.4,4440.0,3288.1,4019.1,51,2,4019.0,5,1,4018.6,112,3,4018.4,182,3,4018.3,6,1,4020.0,1812,12,4020.2,35,1,4020.3,12,1,4020.4,55,2,4020.5,69,5
11483,2026-07-02 10:19:29+05:30,4020.0,2,4051.85,503230,113815.0,146361.0,4100.0,4110.0,4016.1,4092.6,23180150,4501.8,3683.4,4440.0,3288.1,4019.1,51,2,4019.0,30,3,4018.6,112,3,4018.4,180,2,4018.3,27,1,4020.0,1820,14,4020.1,6,1,4020.2,35,1,4020.3,12,1,4020.4,55,2
11483,2026-07-02 10:19:30+05:30,4020.0,1,4051.85,503230,113815.0,146361.0,4100.0,4110.0,4016.1,4092.6,23180150,4501.8,3683.4,4440.0,3288.1,4019.1,51,2,4019.0,30,3,4018.6,112,3,4018.4,180,2,4018.3,27,1,4020.0,1820,14,4020.1,6,1,4020.2,35,1,4020.3,12,1,4020.4,55,2
11483,2026-07-02 10:19:30+05:30,4020.0,11,4051.85,503251,113894.0,146177.0,4100.0,4110.0,4016.1,4092.6,23180150,4501.8,3683.4,4440.0,3288.1,4019.1,45,2,4019.0,30,3,4018.6,110,2,4018.5,13,1,4018.4,184,4,4020.0,1805,12,4020.2,35,1,4020.3,12,1,4020.4,57,3,4020.5,40,3
11483,2026-07-02 10:19:31+05:30,4019.1,20,4051.85,503251,113894.0,146177.0,4100.0,4110.0,4016.1,4092.6,23180150,4501.8,3683.4,4440.0,3288.1,4019.1,45,2,4019.0,30,3,4018.6,110,2,4018.5,13,1,4018.4,184,4,4020.0,1805,12,4020.2,35,1,4020.3,12,1,4020.4,57,3,4020.5,40,3
11483,2026-07-02 10:19:31+05:30,4019.1,1,4051.81,503787,114197.0,145650.0,4100.0,4110.0,4016.1,4092.6,23180150,4501.8,3683.4,4440.0,3288.1,4019.1,24,2,4019.0,180,4,4018.7,6,1,4018.6,110,2,4018.5,13,1,4020.0,1304,15,4020.2,35,1,4020.3,12,1,4020.4,55,2,4020.5,34,3
11483,2026-07-02 10:19:32+05:30,4019.1,4,4051.81,503787,114197.0,145650.0,4100.0,4110.0,4016.1,4092.6,23180150,4501.8,3683.4,4440.0,3288.1,4019.1,24,2,4019.0,180,4,4018.7,6,1,4018.6,110,2,4018.5,13,1,4020.0,1304,15,4020.2,35,1,4020.3,12,1,4020.4,55,2,4020.5,34,3
11483,2026-07-02 10:19:32+05:30,4019.1,2,4051.81,503818,114276.0,145621.0,4100.0,4110.0,4016.1,4092.6,23180150,4501.8,3683.4,4440.0,3288.1,4019.1,48,1,4019.0,230,5,4018.7,11,2,4018.6,110,2,4018.5,51,2,4020.0,1285,12,4020.2,35,1,4020.3,12,1,4020.4,26,1,4020.5,3,2
11483,2026-07-02 10:19:33+05:30,4019.1,137,4051.81,503818,114276.0,145621.0,4100.0,4110.0,4016.1,4092.6,23180150,4501.8,3683.4,4440.0,3288.1,4019.1,48,1,4019.0,230,5,4018.7,11,2,4018.6,110,2,4018.5,51,2,4020.0,1285,12,4020.2,35,1,4020.3,12,1,4020.4,26,1,4020.5,3,2
11483,2026-07-02 10:19:33+05:30,4020.0,10,4051.8,503971,114290.0,145633.0,4100.0,4110.0,4016.1,4092.6,23180150,4501.8,3683.4,4440.0,3288.1,4019.1,50,1,4019.0,240,6,4018.7,11,2,4018.6,110,2,4018.5,51,2,4020.0,1273,10,4020.2,35,1,4020.3,12,1,4020.4,26,1,4020.5,3,2
11483,2026-07-02 10:19:34+05:30,4020.0,5,4051.8,503971,114290.0,145633.0,4100.0,4110.0,4016.1,4092.6,23180150,4501.8,3683.4,4440.0,3288.1,4019.1,50,1,4019.0,240,6,4018.7,11,2,4018.6,110,2,4018.5,51,2,4020.0,1273,10,4020.2,35,1,4020.3,12,1,4020.4,26,1,4020.5,3,2
11483,2026-07-02 10:19:34+05:30,4020.0,1,4051.79,504124,114273.0,145499.0,4100.0,4110.0,4016.1,4092.6,23180150,4501.8,3683.4,4440.0,3288.1,4019.1,47,1,4019.0,245,7,4018.7,5,1,4018.6,110,2,4018.5,39,2,4020.0,1125,11,4020.1,35,1,4020.3,12,1,4020.4,57,3,4020.5,1,1
11483,2026-07-02 10:19:35+05:30,4019.2,1,4051.79,504124,114273.0,145499.0,4100.0,4110.0,4016.1,4092.6,23180150,4501.8,3683.4,4440.0,3288.1,4019.1,47,1,4019.0,245,7,4018.7,5,1,4018.6,110,2,4018.5,39,2,4020.0,1125,11,4020.1,35,1,4020.3,12,1,4020.4,57,3,4020.5,1,1
11483,2026-07-02 10:19:35+05:30,4019.1,2,4051.79,504128,113916.0,144603.0,4100.0,4110.0,4016.1,4092.6,23180150,4501.8,3683.4,4440.0,3288.1,4019.1,44,1,4019.0,245,7,4018.7,5,1,4018.6,110,2,4018.5,13,1,4019.2,1,1,4020.0,1138,12,4020.1,35,1,4020.2,2,1,4020.3,36,2
11483,2026-07-02 10:19:36+05:30,4020.0,1,4051.79,504128,113916.0,144603.0,4100.0,4110.0,4016.1,4092.6,23180150,4501.8,3683.4,4440.0,3288.1,4019.1,44,1,4019.0,245,7,4018.7,5,1,4018.6,110,2,4018.5,13,1,4019.2,1,1,4020.0,1138,12,4020.1,35,1,4020.2,2,1,4020.3,36,2
11483,2026-07-02 10:19:36+05:30,4020.0,5,4051.79,504215,114016.0,144484.0,4100.0,4110.0,4016.1,4092.6,23180150,4501.8,3683.4,4440.0,3288.1,4019.1,50,1,4019.0,245,7,4018.7,5,1,4018.6,110,2,4018.5,13,1,4020.0,1135,14,4020.1,55,2,4020.2,2,1,4020.3,36,2,4020.4,55,2
11483,2026-07-02 10:19:37+05:30,4019.1,1,4051.79,504215,114016.0,144484.0,4100.0,4110.0,4016.1,4092.6,23180150,4501.8,3683.4,4440.0,3288.1,4019.1,50,1,4019.0,245,7,4018.7,5,1,4018.6,110,2,4018.5,13,1,4020.0,1135,14,4020.1,55,2,4020.2,2,1,4020.3,36,2,4020.4,55,2
11483,2026-07-02 10:19:37+05:30,4019.8,1,4051.79,504217,113970.0,145074.0,4100.0,4110.0,4016.1,4092.6,23180150,4501.8,3683.4,4440.0,3288.1,4019.1,49,1,4019.0,245,7,4018.7,5,1,4018.6,110,2,4018.5,13,1,4019.7,40,3,4019.8,14,1,4019.9,74,4,4020.0,1141,15,4020.1,20,1
11483,2026-07-02 10:19:38+05:30,4019.8,1,4051.79,504217,113970.0,145074.0,4100.0,4110.0,4016.1,4092.6,23180150,4501.8,3683.4,4440.0,3288.1,4019.1,49,1,4019.0,245,7,4018.7,5,1,4018.6,110,2,4018.5,13,1,4019.7,40,3,4019.8,14,1,4019.9,74,4,4020.0,1141,15,4020.1,20,1
11483,2026-07-02 10:19:38+05:30,4019.1,17,4051.79,504240,114016.0,144780.0,4100.0,4110.0,4016.1,4092.6,23180150,4501.8,3683.4,4440.0,3288.1,4019.1,26,1,4019.0,304,8,4018.7,5,1,4018.6,110,2,4018.5,13,1,4019.7,48,4,4019.8,14,1,4019.9,74,4,4020.0,1123,13,4020.1,20,1
11483,2026-07-02 10:19:39+05:30,4019.7,10,4051.79,504240,114016.0,144780.0,4100.0,4110.0,4016.1,4092.6,23180150,4501.8,3683.4,4440.0,3288.1,4019.1,26,1,4019.0,304,8,4018.7,5,1,4018.6,110,2,4018.5,13,1,4019.7,48,4,4019.8,14,1,4019.9,74,4,4020.0,1123,13,4020.1,20,1
11483,2026-07-02 10:19:39+05:30,4019.1,17,4051.78,504284,114124.0,144936.0,4100.0,4110.0,4016.1,4092.6,23180150,4501.8,3683.4,4440.0,3288.1,4019.1,50,1,4019.0,304,8,4018.8,2,1,4018.7,15,2,4018.6,110,2,4019.5,3,1,4019.7,39,5,4019.8,14,1,4019.9,74,4,4020.0,1109,10
11483,2026-07-02 10:19:40+05:30,4019.1,1,4051.78,504284,114124.0,144936.0,4100.0,4110.0,4016.1,4092.6,23180150,4501.8,3683.4,4440.0,3288.1,4019.1,50,1,4019.0,304,8,4018.8,2,1,4018.7,15,2,4018.6,110,2,4019.5,3,1,4019.7,39,5,4019.8,14,1,4019.9,74,4,4020.0,1109,10
11483,2026-07-02 10:19:40+05:30,4019.7,2,4051.78,504299,114125.0,145027.0,4100.0,4110.0,4016.1,4092.6,23180150,4501.8,3683.4,4440.0,3288.1,4019.1,43,1,4019.0,304,8,4018.8,2,1,4018.7,15,2,4018.6,110,2,4019.7,72,5,4019.8,14,1,4019.9,39,3,4020.0,1159,11,4020.1,20,1
11483,2026-07-02 10:19:41+05:30,4019.1,9,4051.78,504299,114125.0,145027.0,4100.0,4110.0,4016.1,4092.6,23180150,4501.8,3683.4,4440.0,3288.1,4019.1,43,1,4019.0,304,8,4018.8,2,1,4018.7,15,2,4018.6,110,2,4019.7,72,5,4019.8,14,1,4019.9,39,3,4020.0,1159,11,4020.1,20,1
11483,2026-07-02 10:19:41+05:30,4019.1,1,4051.78,504335,114097.0,144987.0,4100.0,4110.0,4016.1,4092.6,23180150,4501.8,3683.4,4440.0,3288.1,4019.1,27,1,4019.0,304,8,4018.8,2,1,4018.7,15,2,4018.6,110,2,4019.7,77,7,4019.8,14,1,4019.9,19,2,4020.0,1156,8,4020.1,20,1
11483,2026-07-02 10:19:42+05:30,4020.0,33,4051.78,504335,114097.0,144987.0,4100.0,4110.0,4016.1,4092.6,23180150,4501.8,3683.4,4440.0,3288.1,4019.1,27,1,4019.0,304,8,4018.8,2,1,4018.7,15,2,4018.6,110,2,4019.7,77,7,4019.8,14,1,4019.9,19,2,4020.0,1156,8,4020.1,20,1
11483,2026-07-02 10:19:42+05:30,4019.5,10,4051.77,504499,113907.0,145253.0,4100.0,4110.0,4016.1,4092.6,23180150,4501.8,3683.4,4440.0,3288.1,4019.1,23,1,4019.0,154,7,4018.8,2,1,4018.7,15,2,4018.6,110,2,4019.7,58,6,4019.8,14,1,4019.9,6,1,4020.0,1183,16,4020.1,20,1
11483,2026-07-02 10:19:43+05:30,4019.1,9,4051.77,504499,113907.0,145253.0,4100.0,4110.0,4016.1,4092.6,23180150,4501.8,3683.4,4440.0,3288.1,4019.1,23,1,4019.0,154,7,4018.8,2,1,4018.7,15,2,4018.6,110,2,4019.7,58,6,4019.8,14,1,4019.9,6,1,4020.0,1183,16,4020.1,20,1
11483,2026-07-02 10:19:43+05:30,4019.0,2,4051.74,504933,113500.0,144399.0,4100.0,4110.0,4016.1,4092.6,23180150,4501.8,3683.4,4440.0,3288.1,4018.8,2,1,4018.7,15,2,4018.6,110,2,4018.5,13,1,4018.4,180,2,4019.0,38,5,4019.1,4,2,4019.2,6,1,4019.3,8,2,4019.4,28,4
11483,2026-07-02 10:19:44+05:30,4019.0,2,4051.74,504933,113500.0,144399.0,4100.0,4110.0,4016.1,4092.6,23180150,4501.8,3683.4,4440.0,3288.1,4018.8,2,1,4018.7,15,2,4018.6,110,2,4018.5,13,1,4018.4,180,2,4019.0,38,5,4019.1,4,2,4019.2,6,1,4019.3,8,2,4019.4,28,4
11483,2026-07-02 10:19:44+05:30,4019.5,1,4051.66,506149,113497.0,144484.0,4100.0,4110.0,4016.1,4092.6,23180150,4501.8,3683.4,4440.0,3288.1,4018.7,15,2,4018.6,110,2,4018.5,13,1,4018.4,180,2,4018.1,3,1,4019.1,1,1,4019.5,52,3,4019.6,37,3,4019.7,47,5,4019.8,38,4
11483,2026-07-02 10:19:45+05:30,4019.5,19,4051.66,506149,113497.0,144484.0,4100.0,4110.0,4016.1,4092.6,23180150,4501.8,3683.4,4440.0,3288.1,4018.7,15,2,4018.6,110,2,4018.5,13,1,4018.4,180,2,4018.1,3,1,4019.1,1,1,4019.5,52,3,4019.6,37,3,4019.7,47,5,4019.8,38,4
11483,2026-07-02 10:19:45+05:30,4019.5,3,4051.66,506179,113553.0,144304.0,4100.0,4110.0,4016.1,4092.6,23180150,4501.8,3683.4,4440.0,3288.1,4018.7,10,1,4018.6,110,2,4018.5,13,1,4018.4,180,2,4018.1,3,1,4019.5,70,8,4019.6,12,1,4019.7,29,3,4019.8,45,4,4019.9,67,3
11483,2026-07-02 10:19:46+05:30,4018.7,1,4051.66,506179,113553.0,144304.0,4100.0,4110.0,4016.1,4092.6,23180150,4501.8,3683.4,4440.0,3288.1,4018.7,10,1,4018.6,110,2,4018.5,13,1,4018.4,180,2,4018.1,3,1,4019.5,70,8,4019.6,12,1,4019.7,29,3,4019.8,45,4,4019.9,67,3
11483,2026-07-02 10:19:46+05:30,4019.5,2,4051.66,506192,113549.0,144209.0,4100.0,4110.0,4016.1,4092.6,23180150,4501.8,3683.4,4440.0,3288.1,4019.0,2,1,4018.7,9,1,4018.6,110,2,4018.5,13,1,4018.4,180,2,4019.5,69,9,4019.6,12,1,4019.7,29,3,4019.8,19,3,4019.9,67,3
11483,2026-07-02 10:19:47+05:30,4019.5,2,4051.66,506192,113549.0,144209.0,4100.0,4110.0,4016.1,4092.6,23180150,4501.8,3683.4,4440.0,3288.1,4019.0,2,1,4018.7,9,1,4018.6,110,2,4018.5,13,1,4018.4,180,2,4019.5,69,9,4019.6,12,1,4019.7,29,3,4019.8,19,3,4019.9,67,3
11483,2026-07-02 10:19:47+05:30,4019.5,2,4051.65,506320,115249.0,144003.0,4100.0,4110.0,4016.1,4092.6,23180150,4501.8,3683.4,4440.0,3288.1,4019.1,48,2,4019.0,7,2,4018.7,9,1,4018.6,110,2,4018.5,13,1,4019.5,58,5,4019.6,10,1,4019.7,12,1,4019.9,7,2,4020.0,1340,15
11483,2026-07-02 10:19:48+05:30,4019.5,2,4051.65,506320,115249.0,144003.0,4100.0,4110.0,4016.1,4092.6,23180150,4501.8,3683.4,4440.0,3288.1,4019.1,48,2,4019.0,7,2,4018.7,9,1,4018.6,110,2,4018.5,13,1,4019.5,58,5,4019.6,10,1,4019.7,12,1,4019.9,7,2,4020.0,1340,15
11483,2026-07-02 10:19:48+05:30,4019.1,5,4051.59,507335,115501.0,143221.0,4100.0,4110.0,4016.1,4092.6,23180150,4501.8,3683.4,4440.0,3288.1,4019.1,43,2,4019.0,7,2,4018.7,9,1,4018.6,110,2,4018.5,13,1,4020.0,590,17,4020.2,37,2,4020.3,36,2,4020.4,63,4,4020.5,79,2
11483,2026-07-02 10:19:49+05:30,4019.0,2,4051.59,507335,115501.0,143221.0,4100.0,4110.0,4016.1,4092.6,23180150,4501.8,3683.4,4440.0,3288.1,4019.1,43,2,4019.0,7,2,4018.7,9,1,4018.6,110,2,4018.5,13,1,4020.0,590,17,4020.2,37,2,4020.3,36,2,4020.4,63,4,4020.5,79,2
11483,2026-07-02 10:19:49+05:30,4019.1,1,4051.58,507402,115497.0,143533.0,4100.0,4110.0,4016.1,4092.6,23180150,4501.8,3683.4,4440.0,3288.1,4018.7,9,1,4018.6,110,2,4018.5,13,1,4018.4,180,2,4018.1,3,1,4019.1,55,2,4019.5,12,1,4020.0,604,18,4020.2,39,3,4020.3,36,2
11483,2026-07-02 10:19:50+05:30,4019.4,1,4051.58,507402,115497.0,143533.0,4100.0,4110.0,4016.1,4092.6,23180150,4501.8,3683.4,4440.0,3288.1,4018.7,9,1,4018.6,110,2,4018.5,13,1,4018.4,180,2,4018.1,3,1,4019.1,55,2,4019.5,12,1,4020.0,604,18,4020.2,39,3,4020.3,36,2
11483,2026-07-02 10:19:50+05:30,4019.4,2,4051.57,507569,115689.0,143438.0,4100.0,4110.0,4016.1,4092.6,23180150,4501.8,3683.4,4440.0,3288.1,4019.1,1,1,4018.7,7,1,4018.6,110,2,4018.5,13,1,4018.4,180,2,4019.4,35,4,4019.7,12,1,4019.9,6,1,4020.0,590,17,4020.2,24,2
11483,2026-07-02 10:19:51+05:30,4019.6,40,4051.57,507569,115689.0,143438.0,4100.0,4110.0,4016.1,4092.6,23180150,4501.8,3683.4,4440.0,3288.1,4019.1,1,1,4018.7,7,1,4018.6,110,2,4018.5,13,1,4018.4,180,2,4019.4,35,4,4019.7,12,1,4019.9,6,1,4020.0,590,17,4020.2,24,2
11483,2026-07-02 10:19:51+05:30,4019.6,40,4051.57,507684,115756.0,143551.0,4100.0,4110.0,4016.1,4092.6,23180150,4501.8,3683.4,4440.0,3288.1,4018.7,6,1,4018.6,110,2,4018.5,13,1,4018.4,180,2,4018.1,41,2,4019.6,37,4,4019.7,23,1,4020.0,621,18,4020.1,7,2,4020.2,22,1
11483,2026-07-02 10:19:52+05:30,4019.0,23,4051.56,507709,115740.0,143583.0,4100.0,4110.0,4016.1,4092.6,23180150,4501.8,3683.4,4440.0,3288.1,4019.0,26,1,4018.7,6,1,4018.6,110,2,4018.5,13,1,4018.4,180,2,4019.6,38,5,4019.7,23,1,4020.0,608,16,4020.1,5,1,4020.2,53,2
11483,2026-07-02 10:19:53+05:30,4019.0,22,4051.56,507709,115740.0,143583.0,4100.0,4110.0,4016.1,4092.6,23180150,4501.8,3683.4,4440.0,3288.1,4019.0,26,1,4018.7,6,1,4018.6,110,2,4018.5,13,1,4018.4,180,2,4019.6,38,5,4019.7,23,1,4020.0,608,16,4020.1,5,1,4020.2,53,2
11483,2026-07-02 10:19:53+05:30,4019.0,5,4051.56,507740,115583.0,143683.0,4100.0,4110.0,4016.1,4092.6,23180150,4501.8,3683.4,4440.0,3288.1,4018.8,5,1,4018.7,6,1,4018.6,110,2,4018.5,13,1,4018.4,180,2,4019.0,11,3,4019.2,12,1,4019.5,7,1,4019.6,26,4,4019.7,12,1
11483,2026-07-02 10:19:54+05:30,4019.0,5,4051.56,507740,115583.0,143683.0,4100.0,4110.0,4016.1,4092.6,23180150,4501.8,3683.4,4440.0,3288.1,4018.8,5,1,4018.7,6,1,4018.6,110,2,4018.5,13,1,4018.4,180,2,4019.0,11,3,4019.2,12,1,4019.5,7,1,4019.6,26,4,4019.7,12,1
11483,2026-07-02 10:19:54+05:30,4020.0,15,4051.55,507956,116272.0,142887.0,4100.0,4110.0,4016.1,4092.6,23180150,4501.8,3683.4,4440.0,3288.1,4019.1,44,1,4019.0,51,3,4018.9,29,4,4018.8,8,2,4018.7,42,4,4020.0,513,10,4020.8,2,1,4020.9,22,1,4021.0,31,5,4021.1,7,1
11483,2026-07-02 10:19:55+05:30,4020.0,50,4051.55,507956,116272.0,142887.0,4100.0,4110.0,4016.1,4092.6,23180150,4501.8,3683.4,4440.0,3288.1,4019.1,44,1,4019.0,51,3,4018.9,29,4,4018.8,8,2,4018.7,42,4,4020.0,513,10,4020.8,2,1,4020.9,22,1,4021.0,31,5,4021.1,7,1
11483,2026-07-02 10:19:56+05:30,4020.0,50,4051.55,508016,116312.0,143213.0,4100.0,4110.0,4016.1,4092.6,23180150,4501.8,3683.4,4440.0,3288.1,4019.0,3,1,4018.9,14,2,4018.8,44,2,4018.7,27,3,4018.6,110,2,4020.0,471,15,4020.8,9,2,4020.9,28,2,4021.0,19,4,4021.1,24,2
11483,2026-07-02 10:19:57+05:30,4020.0,50,4051.55,508016,116588.0,143025.0,4100.0,4110.0,4016.1,4092.6,23180150,4501.8,3683.4,4440.0,3288.1,4019.6,50,1,4019.0,3,1,4018.9,14,2,4018.8,44,2,4018.7,51,5,4020.0,471,15,4020.9,30,3,4021.0,38,5,4021.1,24,2,4021.2,41,2
11483,2026-07-02 10:19:58+05:30,4020.0,6,4051.54,508066,117952.0,142894.0,4100.0,4110.0,4016.1,4092.6,23180150,4501.8,3683.4,4440.0,3288.1,4019.8,3,1,4019.6,50,1,4019.2,9,1,4019.1,23,2,4019.0,3,1,4020.0,423,16,4020.9,22,1,4021.0,18,3,4021.1,2,1,4021.2,62,3
11483,2026-07-02 10:19:59+05:30,4019.6,28,4051.54,508066,117952.0,142894.0,4100.0,4110.0,4016.1,4092.6,23180150,4501.8,3683.4,4440.0,3288.1,4019.8,3,1,4019.6,50,1,4019.2,9,1,4019.1,23,2,4019.0,3,1,4020.0,423,16,4020.9,22,1,4021.0,18,3,4021.1,2,1,4021.2,62,3
11483,2026-07-02 10:19:59+05:30,4020.0,1,4051.54,508099,117987.0,142941.0,4100.0,4110.0,4016.1,4092.6,23180150,4501.8,3683.4,4440.0,3288.1,4019.6,22,1,4019.0,33,3,4018.9,27,3,4018.8,44,2,4018.7,34,4,4020.0,423,18,4020.9,34,2,4021.0,26,5,4021.1,12,1,4021.2,41,2
11483,2026-07-02 10:20:00+05:30,4019.6,14,4051.54,508099,117987.0,142941.0,4100.0,4110.0,4016.1,4092.6,23180150,4501.8,3683.4,4440.0,3288.1,4019.6,22,1,4019.0,33,3,4018.9,27,3,4018.8,44,2,4018.7,34,4,4020.0,423,18,4020.9,34,2,4021.0,26,5,4021.1,12,1,4021.2,41,2
11483,2026-07-02 10:20:00+05:30,4020.0,1,4051.51,508640,119177.0,139783.0,4100.0,4110.0,4016.1,4092.6,23180150,4501.8,3683.4,4440.0,3288.1,4019.9,71,4,4019.8,14,1,4019.7,67,5,4019.6,28,4,4019.5,40,5,4021.0,18,3,4021.2,17,1,4021.4,38,1,4021.5,5,1,4022.0,42,3
11483,2026-07-02 10:20:01+05:30,4020.0,2,4051.51,508640,119177.0,139783.0,4100.0,4110.0,4016.1,4092.6,23180150,4501.8,3683.4,4440.0,3288.1,4019.9,71,4,4019.8,14,1,4019.7,67,5,4019.6,28,4,4019.5,40,5,4021.0,18,3,4021.2,17,1,4021.4,38,1,4021.5,5,1,4022.0,42,3
11483,2026-07-02 10:20:01+05:30,4020.0,3,4051.5,508719,118656.0,141075.0,4100.0,4110.0,4016.1,4092.6,23180150,4501.8,3683.4,4440.0,3288.1,4020.0,113,1,4019.6,8,1,4019.5,11,2,4019.4,39,4,4019.3,21,1,4021.0,42,5,4021.2,29,2,4021.3,29,1,4021.4,39,1,4021.5,74,3
11483,2026-07-02 10:20:02+05:30,4020.0,10,4051.5,508719,118656.0,141075.0,4100.0,4110.0,4016.1,4092.6,23180150,4501.8,3683.4,4440.0,3288.1,4020.0,113,1,4019.6,8,1,4019.5,11,2,4019.4,39,4,4019.3,21,1,4021.0,42,5,4021.2,29,2,4021.3,29,1,4021.4,39,1,4021.5,74,3
11483,2026-07-02 10:20:02+05:30,4021.0,1,4051.5,508743,118905.0,141044.0,4100.0,4110.0,4016.1,4092.6,23180150,4501.8,3683.4,4440.0,3288.1,4020.0,90,1,4019.5,3,1,4019.3,34,2,4019.2,39,4,4019.1,22,3,4021.0,41,5,4021.2,29,2,4021.3,29,1,4021.4,39,1,4021.5,74,3
11483,2026-07-02 10:20:03+05:30,4020.0,47,4051.5,508743,118905.0,141044.0,4100.0,4110.0,4016.1,4092.6,23180150,4501.8,3683.4,4440.0,3288.1,4020.0,90,1,4019.5,3,1,4019.3,34,2,4019.2,39,4,4019.1,22,3,4021.0,41,5,4021.2,29,2,4021.3,29,1,4021.4,39,1,4021.5,74,3
11483,2026-07-02 10:20:03+05:30,4020.0,16,4051.49,508901,118592.0,141158.0,4100.0,4110.0,4016.1,4092.6,23180150,4501.8,3683.4,4440.0,3288.1,4020.0,107,1,4019.2,50,5,4019.1,16,2,4019.0,98,6,4018.9,32,2,4021.0,54,7,4021.2,17,1,4021.3,29,1,4021.4,39,1,4021.5,94,6
11483,2026-07-02 10:20:04+05:30,4020.0,25,4051.49,508901,118592.0,141158.0,4100.0,4110.0,4016.1,4092.6,23180150,4501.8,3683.4,4440.0,3288.1,4020.0,107,1,4019.2,50,5,4019.1,16,2,4019.0,98,6,4018.9,32,2,4021.0,54,7,4021.2,17,1,4021.3,29,1,4021.4,39,1,4021.5,94,6
11483,2026-07-02 10:20:04+05:30,4021.0,1,4051.49,508935,119004.0,141085.0,4100.0,4110.0,4016.1,4092.6,23180150,4501.8,3683.4,4440.0,3288.1,4020.0,74,1,4019.3,86,2,4019.2,85,5,4019.1,75,4,4019.0,98,6,4021.0,52,6,4021.2,17,1,4021.3,29,1,4021.5,85,4,4021.6,31,1
11483,2026-07-02 10:20:05+05:30,4021.0,1,4051.49,508935,119004.0,141085.0,4100.0,4110.0,4016.1,4092.6,23180150,4501.8,3683.4,4440.0,3288.1,4020.0,74,1,4019.3,86,2,4019.2,85,5,4019.1,75,4,4019.0,98,6,4021.0,52,6,4021.2,17,1,4021.3,29,1,4021.5,85,4,4021.6,31,1
11483,2026-07-02 10:20:05+05:30,4021.0,1,4051.49,508935,119093.0,141405.0,4100.0,4110.0,4016.1,4092.6,23180150,4501.8,3683.4,4440.0,3288.1,4020.0,75,2,4019.3,48,1,4019.2,85,5,4019.1,75,4,4019.0,198,7,4021.0,53,7,4021.2,17,1,4021.3,29,1,4021.5,85,4,4021.6,31,1
11483,2026-07-02 10:20:06+05:30,4021.0,10,4051.49,508935,119093.0,141405.0,4100.0,4110.0,4016.1,4092.6,23180150,4501.8,3683.4,4440.0,3288.1,4020.0,75,2,4019.3,48,1,4019.2,85,5,4019.1,75,4,4019.0,198,7,4021.0,53,7,4021.2,17,1,4021.3,29,1,4021.5,85,4,4021.6,31,1
11483,2026-07-02 10:20:06+05:30,4021.0,2,4051.48,508997,119084.0,141413.0,4100.0,4110.0,4016.1,4092.6,23180150,4501.8,3683.4,4440.0,3288.1,4020.0,75,2,4019.4,12,1,4019.3,48,1,4019.2,84,4,4019.1,71,3,4021.0,58,6,4021.2,17,1,4021.3,29,1,4021.5,85,4,4021.6,31,1
11483,2026-07-02 10:20:07+05:30,4021.0,2,4051.48,508997,119084.0,141413.0,4100.0,4110.0,4016.1,4092.6,23180150,4501.8,3683.4,4440.0,3288.1,4020.0,75,2,4019.4,12,1,4019.3,48,1,4019.2,84,4,4019.1,71,3,4021.0,58,6,4021.2,17,1,4021.3,29,1,4021.5,85,4,4021.6,31,1
11483,2026-07-02 10:20:07+05:30,4020.0,29,4051.48,509030,119053.0,141635.0,4100.0,4110.0,4016.1,4092.6,23180150,4501.8,3683.4,4440.0,3288.1,4020.0,46,2,4019.3,48,1,4019.2,77,4,4019.1,71,3,4019.0,198,7,4021.0,217,10,4021.2,17,1,4021.3,29,1,4021.4,2,1,4021.5,91,5
11483,2026-07-02 10:20:08+05:30,4021.0,1,4051.48,509030,119053.0,141635.0,4100.0,4110.0,4016.1,4092.6,23180150,4501.8,3683.4,4440.0,3288.1,4020.0,46,2,4019.3,48,1,4019.2,77,4,4019.1,71,3,4019.0,198,7,4021.0,217,10,4021.2,17,1,4021.3,29,1,4021.4,2,1,4021.5,91,5
11483,2026-07-02 10:20:08+05:30,4021.0,1,4051.48,509045,119090.0,141667.0,4100.0,4110.0,4016.1,4092.6,23180150,4501.8,3683.4,4440.0,3288.1,4020.0,39,4,4019.3,48,1,4019.2,77,4,4019.1,71,3,4019.0,243,9,4021.0,220,12,4021.2,17,1,4021.3,29,1,4021.4,2,1,4021.5,64,5
11483,2026-07-02 10:20:09+05:30,4021.0,1,4051.48,509045,119090.0,141667.0,4100.0,4110.0,4016.1,4092.6,23180150,4501.8,3683.4,4440.0,3288.1,4020.0,39,4,4019.3,48,1,4019.2,77,4,4019.1,71,3,4019.0,243,9,4021.0,220,12,4021.2,17,1,4021.3,29,1,4021.4,2,1,4021.5,64,5
11483,2026-07-02 10:20:09+05:30,4021.0,21,4051.48,509095,119169.0,141657.0,4100.0,4110.0,4016.1,4092.6,23180150,4501.8,3683.4,4440.0,3288.1,4020.0,41,5,4019.5,38,1,4019.4,12,1,4019.3,48,1,4019.2,77,4,4021.0,171,9,4021.2,17,1,4021.5,20,3,4021.7,45,3,4021.8,78,3
11483,2026-07-02 10:20:10+05:30,4021.0,21,4051.48,509095,119169.0,141657.0,4100.0,4110.0,4016.1,4092.6,23180150,4501.8,3683.4,4440.0,3288.1,4020.0,41,5,4019.5,38,1,4019.4,12,1,4019.3,48,1,4019.2,77,4,4021.0,171,9,4021.2,17,1,4021.5,20,3,4021.7,45,3,4021.8,78,3
11483,2026-07-02 10:20:10+05:30,4020.0,2,4051.48,509097,119135.0,141764.0,4100.0,4110.0,4016.1,4092.6,23180150,4501.8,3683.4,4440.0,3288.1,4020.0,50,6,4019.5,38,1,4019.4,12,1,4019.3,48,1,4019.2,77,4,4021.0,173,11,4021.2,17,1,4021.5,20,3,4021.7,33,2,4021.8,78,3
11483,2026-07-02 10:20:11+05:30,4020.0,1,4051.48,509097,119135.0,141764.0,4100.0,4110.0,4016.1,4092.6,23180150,4501.8,3683.4,4440.0,3288.1,4020.0,50,6,4019.5,38,1,4019.4,12,1,4019.3,48,1,4019.2,77,4,4021.0,173,11,4021.2,17,1,4021.5,20,3,4021.7,33,2,4021.8,78,3
11483,2026-07-02 10:20:11+05:30,4021.0,10,4051.47,509186,119228.0,141754.0,4100.0,4110.0,4016.1,4092.6,23180150,4501.8,3683.4,4440.0,3288.1,4020.0,45,6,4019.7,15,1,4019.6,6,1,4019.5,55,2,4019.4,24,2,4021.0,88,8,4021.2,17,1,4021.5,20,3,4021.7,31,1,4021.8,12,1
11483,2026-07-02 10:20:12+05:30,4020.0,1,4051.47,509186,119228.0,141754.0,4100.0,4110.0,4016.1,4092.6,23180150,4501.8,3683.4,4440.0,3288.1,4020.0,45,6,4019.7,15,1,4019.6,6,1,4019.5,55,2,4019.4,24,2,4021.0,88,8,4021.2,17,1,4021.5,20,3,4021.7,31,1,4021.8,12,1
11483,2026-07-02 10:20:12+05:30,4022.1,1,4051.46,509387,120514.0,142563.0,4100.0,4110.0,4016.1,4092.6,23180150,4501.8,3683.4,4440.0,3288.1,4021.0,6,1,4020.2,65,4,4020.1,52,4,4020.0,583,10,4019.9,12,1,4022.0,51,4,4022.1,20,4,4022.3,1,1,4022.4,17,1,4022.5,30,1
11483,2026-07-02 10:20:13+05:30,4021.0,8,4051.46,509387,120514.0,142563.0,4100.0,4110.0,4016.1,4092.6,23180150,4501.8,3683.4,4440.0,3288.1,4021.0,6,1,4020.2,65,4,4020.1,52,4,4020.0,583,10,4019.9,12,1,4022.0,51,4,4022.1,20,4,4022.3,1,1,4022.4,17,1,4022.5,30,1
11483,2026-07-02 10:20:13+05:30,4021.2,16,4051.45,509545,121543.0,141479.0,4100.0,4110.0,4016.1,4092.6,23180150,4501.8,3683.4,4440.0,3288.1,4021.2,13,1,4021.1,20,2,4021.0,24,2,4020.9,44,4,4020.8,8,1,4022.0,1,1,4022.1,6,4,4022.3,1,1,4022.4,17,1,4022.9,20,1
11483,2026-07-02 10:20:14+05:30,4021.4,2,4051.45,509545,121543.0,141479.0,4100.0,4110.0,4016.1,4092.6,23180150,4501.8,3683.4,4440.0,3288.1,4021.2,13,1,4021.1,20,2,4021.0,24,2,4020.9,44,4,4020.8,8,1,4022.0,1,1,4022.1,6,4,4022.3,1,1,4022.4,17,1,4022.9,20,1
11483,2026-07-02 10:20:14+05:30,4022.1,1,4051.45,509550,120014.0,141641.0,4100.0,4110.0,4016.1,4092.6,23180150,4501.8,3683.4,4440.0,3288.1,4021.5,10,1,4021.4,24,2,4021.3,54,4,4021.2,26,1,4021.0,30,2,4022.1,5,3,4022.3,1,1,4022.4,17,1,4022.9,20,1,4023.0,1,1
11483,2026-07-02 10:20:15+05:30,4022.1,1,4051.45,509550,120014.0,141641.0,4100.0,4110.0,4016.1,4092.6,23180150,4501.8,3683.4,4440.0,3288.1,4021.5,10,1,4021.4,24,2,4021.3,54,4,4021.2,26,1,4021.0,30,2,4022.1,5,3,4022.3,1,1,4022.4,17,1,4022.9,20,1,4023.0,1,1
11483,2026-07-02 10:20:15+05:30,4022.1,1,4051.45,509564,121554.0,141565.0,4100.0,4110.0,4016.1,4092.6,23180150,4501.8,3683.4,4440.0,3288.1,4021.4,44,4,4021.3,25,3,4021.2,25,2,4021.1,16,1,4021.0,29,2,4022.1,9,3,4022.3,1,1,4022.4,17,1,4022.9,20,1,4023.0,1,1
11483,2026-07-02 10:20:16+05:30,4022.1,1,4051.45,509564,121554.0,141565.0,4100.0,4110.0,4016.1,4092.6,23180150,4501.8,3683.4,4440.0,3288.1,4021.4,44,4,4021.3,25,3,4021.2,25,2,4021.1,16,1,4021.0,29,2,4022.1,9,3,4022.3,1,1,4022.4,17,1,4022.9,20,1,4023.0,1,1
11483,2026-07-02 10:20:17+05:30,4021.6,4,4051.45,509593,121323.0,141460.0,4100.0,4110.0,4016.1,4092.6,23180150,4501.8,3683.4,4440.0,3288.1,4021.4,8,1,4021.3,6,1,4021.2,6,1,4021.1,16,1,4021.0,29,2,4022.1,3,2,4022.3,1,1,4022.4,17,1,4022.9,20,1,4023.0,1,1
11483,2026-07-02 10:20:17+05:30,4021.6,4,4051.45,509593,121323.0,141460.0,4100.0,4110.0,4016.1,4092.6,23180150,4501.8,3683.4,4440.0,3288.1,4021.4,8,1,4021.3,6,1,4021.2,6,1,4021.1,16,1,4021.0,29,2,4022.1,3,2,4022.3,1,1,4022.4,17,1,4022.9,20,1,4023.0,1,1
11483,2026-07-02 10:20:17+05:30,4021.6,4,4051.45,509593,121323.0,141460.0,4100.0,4110.0,4016.1,4092.6,23180150,4501.8,3683.4,4440.0,3288.1,4021.4,8,1,4021.3,6,1,4021.2,6,1,4021.1,16,1,4021.0,29,2,4022.1,3,2,4022.3,1,1,4022.4,17,1,4022.9,20,1,4023.0,1,1
11483,2026-07-02 10:20:18+05:30,4022.4,1,4051.45,509593,121323.0,141460.0,4100.0,4110.0,4016.1,4092.6,23180150,4501.8,3683.4,4440.0,3288.1,4021.4,8,1,4021.3,6,1,4021.2,6,1,4021.1,16,1,4021.0,29,2,4022.1,3,2,4022.3,1,1,4022.4,17,1,4022.9,20,1,4023.0,1,1
11483,2026-07-02 10:20:18+05:30,4022.4,1,4051.45,509612,121812.0,140220.0,4100.0,4110.0,4016.1,4092.6,23180150,4501.8,3683.4,4440.0,3288.1,4021.9,8,1,4021.7,8,1,4021.6,6,1,4021.5,10,1,4021.4,9,2,4022.4,14,1,4023.0,1,1,4023.4,1,1,4023.5,2,1,4023.6,17,1
11483,2026-07-02 10:20:18+05:30,4022.4,1,4051.45,509612,121812.0,140220.0,4100.0,4110.0,4016.1,4092.6,23180150,4501.8,3683.4,4440.0,3288.1,4021.9,8,1,4021.7,8,1,4021.6,6,1,4021.5,10,1,4021.4,9,2,4022.4,14,1,4023.0,1,1,4023.4,1,1,4023.5,2,1,4023.6,17,1
11483,2026-07-02 10:20:19+05:30,4022.4,5,4051.45,509612,121812.0,140220.0,4100.0,4110.0,4016.1,4092.6,23180150,4501.8,3683.4,4440.0,3288.1,4021.9,8,1,4021.7,8,1,4021.6,6,1,4021.5,10,1,4021.4,9,2,4022.4,14,1,4023.0,1,1,4023.4,1,1,4023.5,2,1,4023.6,17,1
11483,2026-07-02 10:20:19+05:30,4022.4,5,4051.45,509633,121315.0,140854.0,4100.0,4110.0,4016.1,4092.6,23180150,4501.8,3683.4,4440.0,3288.1,4021.2,8,1,4021.1,21,3,4020.9,21,2,4020.8,29,2,4020.7,40,3,4022.4,12,1,4022.5,100,1,4022.8,38,1,4022.9,20,3,4023.0,29,2
11483,2026-07-02 10:20:19+05:30,4022.4,5,4051.45,509633,121315.0,140854.0,4100.0,4110.0,4016.1,4092.6,23180150,4501.8,3683.4,4440.0,3288.1,4021.2,8,1,4021.1,21,3,4020.9,21,2,4020.8,29,2,4020.7,40,3,4022.4,12,1,4022.5,100,1,4022.8,38,1,4022.9,20,3,4023.0,29,2
11483,2026-07-02 10:20:20+05:30,4022.4,5,4051.45,509633,121452.0,141236.0,4100.0,4110.0,4016.1,4092.6,23180150,4501.8,3683.4,4440.0,3288.1,4022.1,25,1,4021.1,5,1,4020.9,21,2,4020.8,29,2,4020.7,28,2,4022.4,15,4,4022.5,112,2,4022.9,17,1,4023.0,85,6,4023.1,2,1
11483,2026-07-02 10:20:20+05:30,4022.4,5,4051.45,509633,121452.0,141236.0,4100.0,4110.0,4016.1,4092.6,23180150,4501.8,3683.4,4440.0,3288.1,4022.1,25,1,4021.1,5,1,4020.9,21,2,4020.8,29,2,4020.7,28,2,4022.4,15,4,4022.5,112,2,4022.9,17,1,4023.0,85,6,4023.1,2,1
11483,2026-07-02 10:20:21+05:30,4022.1,1,4051.45,509633,121452.0,141236.0,4100.0,4110.0,4016.1,4092.6,23180150,4501.8,3683.4,4440.0,3288.1,4022.1,25,1,4021.1,5,1,4020.9,21,2,4020.8,29,2,4020.7,28,2,4022.4,15,4,4022.5,112,2,4022.9,17,1,4023.0,85,6,4023.1,2,1
11483,2026-07-02 10:20:21+05:30,4022.1,1,4051.45,509633,121452.0,141236.0,4100.0,4110.0,4016.1,4092.6,23190475,4501.8,3683.4,4440.0,3288.1,4021.1,5,1,4021.0,5,1,4020.9,13,1,4020.7,16,1,4020.5,5,1,4022.4,68,8,4022.5,110,2,4022.6,35,1,4022.7,33,4,4022.8,22,1
11483,2026-07-02 10:20:21+05:30,4022.1,1,4051.44,509665,120780.0,140844.0,4100.0,4110.0,4016.1,4092.6,23190475,4501.8,3683.4,4440.0,3288.1,4021.1,5,1,4021.0,5,1,4020.9,13,1,4020.7,16,1,4020.5,5,1,4022.4,68,8,4022.5,110,2,4022.6,35,1,4022.7,33,4,4022.8,22,1
11483,2026-07-02 10:20:21+05:30,4022.1,1,4051.44,509665,120780.0,140844.0,4100.0,4110.0,4016.1,4092.6,23190475,4501.8,3683.4,4440.0,3288.1,4021.1,5,1,4021.0,5,1,4020.9,13,1,4020.7,16,1,4020.5,5,1,4022.4,68,8,4022.5,110,2,4022.6,35,1,4022.7,33,4,4022.8,22,1
11483,2026-07-02 10:20:22+05:30,4022.1,1,4051.44,509665,120780.0,140844.0,4100.0,4110.0,4016.1,4092.6,23190475,4501.8,3683.4,4440.0,3288.1,4021.1,5,1,4021.0,5,1,4020.9,13,1,4020.7,16,1,4020.5,5,1,4022.4,68,8,4022.5,110,2,4022.6,35,1,4022.7,33,4,4022.8,22,1
11483,2026-07-02 10:20:22+05:30,4022.0,14,4051.44,509665,120780.0,140844.0,4100.0,4110.0,4016.1,4092.6,23190475,4501.8,3683.4,4440.0,3288.1,4021.1,5,1,4021.0,5,1,4020.9,13,1,4020.7,16,1,4020.5,5,1,4022.4,68,8,4022.5,110,2,4022.6,35,1,4022.7,33,4,4022.8,22,1
11483,2026-07-02 10:20:22+05:30,4022.0,14,4051.44,509665,120780.0,140844.0,4100.0,4110.0,4016.1,4092.6,23190475,4501.8,3683.4,4440.0,3288.1,4021.1,5,1,4021.0,5,1,4020.9,13,1,4020.7,16,1,4020.5,5,1,4022.4,68,8,4022.5,110,2,4022.6,35,1,4022.7,33,4,4022.8,22,1
11483,2026-07-02 10:20:22+05:30,4022.0,14,4051.44,509810,121254.0,141379.0,4100.0,4110.0,4016.1,4092.6,23190475,4501.8,3683.4,4440.0,3288.1,4022.0,15,1,4021.6,5,1,4021.1,5,1,4021.0,5,1,4020.8,7,1,4022.1,1,1,4022.4,41,6,4022.5,145,3,4022.7,25,2,4022.8,2,1
11483,2026-07-02 10:20:22+05:30,4022.0,14,4051.44,509810,121254.0,141379.0,4100.0,4110.0,4016.1,4092.6,23190475,4501.8,3683.4,4440.0,3288.1,4022.0,15,1,4021.6,5,1,4021.1,5,1,4021.0,5,1,4020.8,7,1,4022.1,1,1,4022.4,41,6,4022.5,145,3,4022.7,25,2,4022.8,2,1
11483,2026-07-02 10:20:23+05:30,4022.0,23,4051.44,509810,121254.0,141379.0,4100.0,4110.0,4016.1,4092.6,23190475,4501.8,3683.4,4440.0,3288.1,4022.0,15,1,4021.6,5,1,4021.1,5,1,4021.0,5,1,4020.8,7,1,4022.1,1,1,4022.4,41,6,4022.5,145,3,4022.7,25,2,4022.8,2,1
11483,2026-07-02 10:20:23+05:30,4022.0,23,4051.43,509838,121337.0,141704.0,4100.0,4110.0,4016.1,4092.6,23190475,4501.8,3683.4,4440.0,3288.1,4021.6,10,2,4021.5,5,1,4021.1,5,1,4021.0,105,2,4020.8,19,2,4022.0,34,3,4022.1,2,2,4022.2,13,1,4022.4,20,4,4022.5,146,4
11483,2026-07-02 10:20:24+05:30,4021.5,1,4051.43,509838,121337.0,141704.0,4100.0,4110.0,4016.1,4092.6,23190475,4501.8,3683.4,4440.0,3288.1,4021.6,10,2,4021.5,5,1,4021.1,5,1,4021.0,105,2,4020.8,19,2,4022.0,34,3,4022.1,2,2,4022.2,13,1,4022.4,20,4,4022.5,146,4
11483,2026-07-02 10:20:24+05:30,4021.5,1,4051.43,509854,120784.0,141653.0,4100.0,4110.0,4016.1,4092.6,23190475,4501.8,3683.4,4440.0,3288.1,4021.1,5,1,4021.0,105,2,4020.9,11,1,4020.6,22,1,4020.5,5,1,4021.5,1,1,4022.0,15,3,4022.1,2,2,4022.4,6,1,4022.5,136,3
11483,2026-07-02 10:20:25+05:30,4022.0,4,4051.43,509854,120784.0,141653.0,4100.0,4110.0,4016.1,4092.6,23190475,4501.8,3683.4,4440.0,3288.1,4021.1,5,1,4021.0,105,2,4020.9,11,1,4020.6,22,1,4020.5,5,1,4021.5,1,1,4022.0,15,3,4022.1,2,2,4022.4,6,1,4022.5,136,3
11483,2026-07-02 10:20:25+05:30,4022.0,14,4051.43,509994,121103.0,141542.0,4100.0,4110.0,4016.1,4092.6,23190475,4501.8,3683.4,4440.0,3288.1,4022.0,22,2,4021.4,25,1,4021.1,5,1,4021.0,105,2,4020.9,33,2,4022.1,1,1,4022.2,12,1,4022.4,41,2,4022.5,101,2,4022.7,27,2
11483,2026-07-02 10:20:26+05:30,4022.0,1,4051.43,509994,121103.0,141542.0,4100.0,4110.0,4016.1,4092.6,23190475,4501.8,3683.4,4440.0,3288.1,4022.0,22,2,4021.4,25,1,4021.1,5,1,4021.0,105,2,4020.9,33,2,4022.1,1,1,4022.2,12,1,4022.4,41,2,4022.5,101,2,4022.7,27,2
11483,2026-07-02 10:20:26+05:30,4022.1,1,4051.43,510001,121261.0,140722.0,4100.0,4110.0,4016.1,4092.6,23190475,4501.8,3683.4,4440.0,3288.1,4022.1,1,1,4022.0,39,2,4021.4,25,1,4021.1,5,1,4021.0,105,2,4022.4,62,3,4022.5,125,4,4023.0,38,5,4023.1,60,2,4023.2,27,2
11483,2026-07-02 10:20:27+05:30,4022.0,3,4051.43,510001,121261.0,140722.0,4100.0,4110.0,4016.1,4092.6,23190475,4501.8,3683.4,4440.0,3288.1,4022.1,1,1,4022.0,39,2,4021.4,25,1,4021.1,5,1,4021.0,105,2,4022.4,62,3,4022.5,125,4,4023.0,38,5,4023.1,60,2,4023.2,27,2
11483,2026-07-02 10:20:27+05:30,4022.0,3,4051.41,510307,120148.0,141999.0,4100.0,4110.0,4016.1,4092.6,23190475,4501.8,3683.4,4440.0,3288.1,4021.4,25,1,4021.1,5,1,4021.0,105,2,4020.9,11,1,4020.5,5,1,4022.0,71,8,4022.1,51,5,4022.2,4,1,4022.3,23,2,4022.4,79,6
11483,2026-07-02 10:20:28+05:30,4021.9,5,4051.41,510340,120438.0,142004.0,4100.0,4110.0,4016.1,4092.6,23190475,4501.8,3683.4,4440.0,3288.1,4021.4,25,1,4021.1,5,1,4021.0,115,3,4020.9,11,1,4020.5,5,1,4021.9,37,5,4022.0,40,7,4022.1,86,6,4022.2,4,1,4022.3,23,2
11483,2026-07-02 10:20:29+05:30,4021.9,5,4051.41,510340,120438.0,142004.0,4100.0,4110.0,4016.1,4092.6,23190475,4501.8,3683.4,4440.0,3288.1,4021.4,25,1,4021.1,5,1,4021.0,115,3,4020.9,11,1,4020.5,5,1,4021.9,37,5,4022.0,40,7,4022.1,86,6,4022.2,4,1,4022.3,23,2
11483,2026-07-02 10:20:29+05:30,4022.0,2,4051.4,510445,120746.0,142060.0,4100.0,4110.0,4016.1,4092.6,23190475,4501.8,3683.4,4440.0,3288.1,4021.5,6,2,4021.4,25,1,4021.1,5,1,4021.0,20,3,4020.9,11,1,4022.0,70,6,4022.1,73,6,4022.2,18,2,4022.3,23,2,4022.4,45,5
11483,2026-07-02 10:20:30+05:30,4022.0,4,4051.4,510445,120746.0,142060.0,4100.0,4110.0,4016.1,4092.6,23190475,4501.8,3683.4,4440.0,3288.1,4021.5,6,2,4021.4,25,1,4021.1,5,1,4021.0,20,3,4020.9,11,1,4022.0,70,6,4022.1,73,6,4022.2,18,2,4022.3,23,2,4022.4,45,5
11483,2026-07-02 10:20:30+05:30,4020.9,10,4051.39,510548,119358.0,142425.0,4100.0,4110.0,4016.1,4092.6,23190475,4501.8,3683.4,4440.0,3288.1,4020.9,11,1,4020.5,5,1,4020.0,694,17,4019.6,3,1,4019.5,74,4,4021.0,6,1,4021.1,21,3,4021.5,30,3,4021.8,24,2,4021.9,104,3
11483,2026-07-02 10:20:31+05:30,4020.9,4,4051.39,510548,119358.0,142425.0,4100.0,4110.0,4016.1,4092.6,23190475,4501.8,3683.4,4440.0,3288.1,4020.9,11,1,4020.5,5,1,4020.0,694,17,4019.6,3,1,4019.5,74,4,4021.0,6,1,4021.1,21,3,4021.5,30,3,4021.8,24,2,4021.9,104,3
11483,2026-07-02 10:20:31+05:30,4020.9,3,4051.39,510581,119670.0,142933.0,4100.0,4110.0,4016.1,4092.6,23190475,4501.8,3683.4,4440.0,3288.1,4020.5,5,1,4020.0,694,17,4019.6,3,1,4019.5,74,4,4019.2,29,3,4021.0,5,1,4021.1,16,2,4021.5,31,4,4021.7,16,1,4021.8,125,5
11483,2026-07-02 10:20:32+05:30,4021.0,1,4051.39,510581,119670.0,142933.0,4100.0,4110.0,4016.1,4092.6,23190475,4501.8,3683.4,4440.0,3288.1,4020.5,5,1,4020.0,694,17,4019.6,3,1,4019.5,74,4,4019.2,29,3,4021.0,5,1,4021.1,16,2,4021.5,31,4,4021.7,16,1,4021.8,125,5
11483,2026-07-02 10:20:32+05:30,4020.5,5,4051.39,510593,119634.0,143497.0,4100.0,4110.0,4016.1,4092.6,23190475,4501.8,3683.4,4440.0,3288.1,4020.0,692,16,4019.6,3,1,4019.5,62,3,4019.2,25,2,4019.0,172,11,4020.5,4,1,4021.0,46,2,4021.4,48,1,4021.5,58,5,4021.6,72,2
11483,2026-07-02 10:20:33+05:30,4020.0,117,4051.39,510593,119634.0,143497.0,4100.0,4110.0,4016.1,4092.6,23190475,4501.8,3683.4,4440.0,3288.1,4020.0,692,16,4019.6,3,1,4019.5,62,3,4019.2,25,2,4019.0,172,11,4020.5,4,1,4021.0,46,2,4021.4,48,1,4021.5,58,5,4021.6,72,2
11483,2026-07-02 10:20:33+05:30,4020.0,117,4051.38,510730,119507.0,143652.0,4100.0,4110.0,4016.1,4092.6,23190475,4501.8,3683.4,4440.0,3288.1,4020.0,558,12,4019.6,3,1,4019.5,35,2,4019.2,13,1,4019.1,5,1,4020.5,7,5,4020.9,1,1,4021.0,35,1,4021.3,48,1,4021.4,68,3
11483,2026-07-02 10:20:34+05:30,4020.5,1,4051.38,510730,119507.0,143652.0,4100.0,4110.0,4016.1,4092.6,23190475,4501.8,3683.4,4440.0,3288.1,4020.0,558,12,4019.6,3,1,4019.5,35,2,4019.2,13,1,4019.1,5,1,4020.5,7,5,4020.9,1,1,4021.0,35,1,4021.3,48,1,4021.4,68,3
11483,2026-07-02 10:20:34+05:30,4020.5,1,4051.38,510757,119766.0,143629.0,4100.0,4110.0,4016.1,4092.6,23190475,4501.8,3683.4,4440.0,3288.1,4020.0,739,14,4019.6,3,1,4019.5,35,2,4019.4,13,1,4019.2,28,2,4020.5,6,6,4020.6,5,1,4020.9,1,1,4021.0,35,1,4021.3,48,1
11483,2026-07-02 10:20:35+05:30,4020.0,7,4051.38,510757,119766.0,143629.0,4100.0,4110.0,4016.1,4092.6,23190475,4501.8,3683.4,4440.0,3288.1,4020.0,739,14,4019.6,3,1,4019.5,35,2,4019.4,13,1,4019.2,28,2,4020.5,6,6,4020.6,5,1,4020.9,1,1,4021.0,35,1,4021.3,48,1
11483,2026-07-02 10:20:35+05:30,4020.5,1,4051.38,510787,119546.0,144112.0,4100.0,4110.0,4016.1,4092.6,23190475,4501.8,3683.4,4440.0,3288.1,4020.1,8,1,4020.0,729,15,4019.6,3,1,4019.5,35,2,4019.4,13,1,4020.5,4,4,4020.6,40,2,4020.9,1,1,4021.0,453,1,4021.3,48,1
11483,2026-07-02 10:20:36+05:30,4021.0,1,4051.38,510787,119546.0,144112.0,4100.0,4110.0,4016.1,4092.6,23190475,4501.8,3683.4,4440.0,3288.1,4020.1,8,1,4020.0,729,15,4019.6,3,1,4019.5,35,2,4019.4,13,1,4020.5,4,4,4020.6,40,2,4020.9,1,1,4021.0,453,1,4021.3,48,1
11483,2026-07-02 10:20:36+05:30,4021.0,1,4051.37,511019,119610.0,143480.0,4100.0,4110.0,4016.1,4092.6,23190475,4501.8,3683.4,4440.0,3288.1,4020.0,721,14,4019.6,3,1,4019.5,35,2,4019.4,25,2,4019.2,28,2,4021.0,270,1,4021.2,11,2,4021.3,48,1,4021.4,48,1,4021.5,53,2
11483,2026-07-02 10:20:37+05:30,4021.0,1,4051.37,511019,119610.0,143480.0,4100.0,4110.0,4016.1,4092.6,23190475,4501.8,3683.4,4440.0,3288.1,4020.0,721,14,4019.6,3,1,4019.5,35,2,4019.4,25,2,4019.2,28,2,4021.0,270,1,4021.2,11,2,4021.3,48,1,4021.4,48,1,4021.5,53,2
11483,2026-07-02 10:20:37+05:30,4021.0,8,4051.36,511033,119775.0,143309.0,4100.0,4110.0,4016.1,4092.6,23190475,4501.8,3683.4,4440.0,3288.1,4020.1,100,1,4020.0,730,16,4019.7,6,1,4019.6,7,3,4019.5,65,3,4021.0,266,4,4021.2,11,2,4021.3,48,1,4021.4,48,1,4021.5,53,2
11483,2026-07-02 10:20:38+05:30,4021.0,1,4051.36,511033,119775.0,143309.0,4100.0,4110.0,4016.1,4092.6,23190475,4501.8,3683.4,4440.0,3288.1,4020.1,100,1,4020.0,730,16,4019.7,6,1,4019.6,7,3,4019.5,65,3,4021.0,266,4,4021.2,11,2,4021.3,48,1,4021.4,48,1,4021.5,53,2
11483,2026-07-02 10:20:38+05:30,4021.0,1,4051.36,511034,119951.0,143115.0,4100.0,4110.0,4016.1,4092.6,23190475,4501.8,3683.4,4440.0,3288.1,4020.3,24,3,4020.2,14,2,4020.1,100,1,4020.0,750,17,4019.8,12,1,4021.0,266,5,4021.3,48,1,4021.4,48,1,4021.5,48,1,4021.6,48,1
11483,2026-07-02 10:20:39+05:30,4021.0,1,4051.36,511034,119951.0,143115.0,4100.0,4110.0,4016.1,4092.6,23190475,4501.8,3683.4,4440.0,3288.1,4020.3,24,3,4020.2,14,2,4020.1,100,1,4020.0,750,17,4019.8,12,1,4021.0,266,5,4021.3,48,1,4021.4,48,1,4021.5,48,1,4021.6,48,1
11483,2026-07-02 10:20:39+05:30,4021.0,1,4051.36,511037,119997.0,143227.0,4100.0,4110.0,4016.1,4092.6,23190475,4501.8,3683.4,4440.0,3288.1,4020.5,21,2,4020.4,10,1,4020.3,14,2,4020.2,23,3,4020.1,110,2,4021.0,265,7,4021.3,48,1,4021.4,48,1,4021.5,48,1,4021.6,48,1
11483,2026-07-02 10:20:40+05:30,4021.0,1,4051.36,511037,119997.0,143227.0,4100.0,4110.0,4016.1,4092.6,23190475,4501.8,3683.4,4440.0,3288.1,4020.5,21,2,4020.4,10,1,4020.3,14,2,4020.2,23,3,4020.1,110,2,4021.0,265,7,4021.3,48,1,4021.4,48,1,4021.5,48,1,4021.6,48,1
11483,2026-07-02 10:20:40+05:30,4021.0,25,4051.36,511071,120474.0,142655.0,4100.0,4110.0,4016.1,4092.6,23190475,4501.8,3683.4,4440.0,3288.1,4020.2,11,1,4020.1,100,1,4020.0,1301,20,4019.9,13,1,4019.7,15,1,4021.0,232,8,4021.3,5,1,4021.6,6,1,4021.7,21,1,4021.8,20,2
11483,2026-07-02 10:20:41+05:30,4021.0,1,4051.36,511071,120474.0,142655.0,4100.0,4110.0,4016.1,4092.6,23190475,4501.8,3683.4,4440.0,3288.1,4020.2,11,1,4020.1,100,1,4020.0,1301,20,4019.9,13,1,4019.7,15,1,4021.0,232,8,4021.3,5,1,4021.6,6,1,4021.7,21,1,4021.8,20,2
11483,2026-07-02 10:20:41+05:30,4021.0,5,4051.36,511153,120462.0,142890.0,4100.0,4110.0,4016.1,4092.6,23190475,4501.8,3683.4,4440.0,3288.1,4020.3,20,3,4020.2,34,4,4020.1,108,2,4020.0,1303,21,4019.9,24,2,4021.0,184,10,4021.9,10,1,4022.0,31,3,4022.1,120,5,4022.3,16,2
11483,2026-07-02 10:20:42+05:30,4021.0,1,4051.36,511153,120462.0,142890.0,4100.0,4110.0,4016.1,4092.6,23190475,4501.8,3683.4,4440.0,3288.1,4020.3,20,3,4020.2,34,4,4020.1,108,2,4020.0,1303,21,4019.9,24,2,4021.0,184,10,4021.9,10,1,4022.0,31,3,4022.1,120,5,4022.3,16,2
11483,2026-07-02 10:20:42+05:30,4020.4,2,4051.36,511179,120467.0,142748.0,4100.0,4110.0,4016.1,4092.6,23190475,4501.8,3683.4,4440.0,3288.1,4020.4,7,1,4020.2,34,4,4020.1,100,1,4020.0,1326,22,4019.9,13,1,4021.0,163,13,4022.0,31,3,4022.1,118,4,4022.3,22,3,4022.4,85,6
11483,2026-07-02 10:20:43+05:30,4020.5,100,4051.36,511179,120467.0,142748.0,4100.0,4110.0,4016.1,4092.6,23190475,4501.8,3683.4,4440.0,3288.1,4020.4,7,1,4020.2,34,4,4020.1,100,1,4020.0,1326,22,4019.9,13,1,4021.0,163,13,4022.0,31,3,4022.1,118,4,4022.3,22,3,4022.4,85,6
11483,2026-07-02 10:20:43+05:30,4020.5,30,4051.35,511346,120512.0,142962.0,4100.0,4110.0,4016.1,4092.6,23190475,4501.8,3683.4,4440.0,3288.1,4020.2,18,2,4020.1,101,2,4020.0,1328,22,4019.8,13,3,4019.7,15,1,4020.5,11,4,4021.0,151,13,4021.4,20,1,4021.8,23,2,4021.9,48,1
11483,2026-07-02 10:20:44+05:30,4020.5,1,4051.35,511346,120512.0,142962.0,4100.0,4110.0,4016.1,4092.6,23190475,4501.8,3683.4,4440.0,3288.1,4020.2,18,2,4020.1,101,2,4020.0,1328,22,4019.8,13,3,4019.7,15,1,4020.5,11,4,4021.0,151,13,4021.4,20,1,4021.8,23,2,4021.9,48,1
11483,2026-07-02 10:20:44+05:30,4021.0,1,4051.34,511455,120532.0,142822.0,4100.0,4110.0,4016.1,4092.6,23190475,4501.8,3683.4,4440.0,3288.1,4020.1,101,2,4020.0,1329,23,4019.9,6,1,4019.8,13,3,4019.7,15,1,4021.0,72,12,4021.4,20,1,4021.8,23,2,4021.9,48,1,4022.0,31,3
11483,2026-07-02 10:20:45+05:30,4021.0,1,4051.34,511455,120532.0,142822.0,4100.0,4110.0,4016.1,4092.6,23190475,4501.8,3683.4,4440.0,3288.1,4020.1,101,2,4020.0,1329,23,4019.9,6,1,4019.8,13,3,4019.7,15,1,4021.0,72,12,4021.4,20,1,4021.8,23,2,4021.9,48,1,4022.0,31,3
11483,2026-07-02 10:20:45+05:30,4021.0,1,4051.33,511557,120577.0,142995.0,4100.0,4110.0,4016.1,4092.6,23190475,4501.8,3683.4,4440.0,3288.1,4020.1,118,3,4020.0,1329,23,4019.8,11,2,4019.7,15,1,4019.6,31,3,4021.0,6,3,4021.4,28,2,4021.7,48,2,4021.8,50,2,4022.0,74,6
11483,2026-07-02 10:20:46+05:30,4021.4,1,4051.33,511557,120577.0,142995.0,4100.0,4110.0,4016.1,4092.6,23190475,4501.8,3683.4,4440.0,3288.1,4020.1,118,3,4020.0,1329,23,4019.8,11,2,4019.7,15,1,4019.6,31,3,4021.0,6,3,4021.4,28,2,4021.7,48,2,4021.8,50,2,4022.0,74,6
11483,2026-07-02 10:20:46+05:30,4021.4,1,4051.33,511583,120737.0,142530.0,4100.0,4110.0,4016.1,4092.6,23190475,4501.8,3683.4,4440.0,3288.1,4021.0,203,3,4020.1,101,2,4020.0,1329,23,4019.8,24,3,4019.7,15,1,4021.4,25,4,4021.7,10,1,4021.8,50,2,4022.0,143,6,4022.1,129,5
11483,2026-07-02 10:20:47+05:30,4021.4,1,4051.33,511583,120737.0,142530.0,4100.0,4110.0,4016.1,4092.6,23190475,4501.8,3683.4,4440.0,3288.1,4021.0,203,3,4020.1,101,2,4020.0,1329,23,4019.8,24,3,4019.7,15,1,4021.4,25,4,4021.7,10,1,4021.8,50,2,4022.0,143,6,4022.1,129,5
11483,2026-07-02 10:20:47+05:30,4021.0,1,4051.33,511605,120716.0,142497.0,4100.0,4110.0,4016.1,4092.6,23190475,4501.8,3683.4,4440.0,3288.1,4021.0,182,3,4020.1,127,3,4020.0,1329,23,4019.9,2,1,4019.8,24,3,4021.4,26,6,4021.7,10,1,4021.8,50,2,4022.0,143,6,4022.1,129,5
11483,2026-07-02 10:20:48+05:30,4021.8,5,4051.33,511605,120716.0,142497.0,4100.0,4110.0,4016.1,4092.6,23190475,4501.8,3683.4,4440.0,3288.1,4021.0,182,3,4020.1,127,3,4020.0,1329,23,4019.9,2,1,4019.8,24,3,4021.4,26,6,4021.7,10,1,4021.8,50,2,4022.0,143,6,4022.1,129,5
11483,2026-07-02 10:20:48+05:30,4021.0,1,4051.32,511773,120721.0,142538.0,4100.0,4110.0,4016.1,4092.6,23190475,4501.8,3683.4,4440.0,3288.1,4021.0,130,4,4020.1,127,3,4020.0,1332,24,4019.9,2,1,4019.8,15,2,4021.9,31,4,4022.0,156,9,4022.1,127,4,4022.2,23,1,4022.3,33,2
11483,2026-07-02 10:20:49+05:30,4022.0,8,4051.32,511773,120721.0,142538.0,4100.0,4110.0,4016.1,4092.6,23190475,4501.8,3683.4,4440.0,3288.1,4021.0,130,4,4020.1,127,3,4020.0,1332,24,4019.9,2,1,4019.8,15,2,4021.9,31,4,4022.0,156,9,4022.1,127,4,4022.2,23,1,4022.3,33,2
11483,2026-07-02 10:20:49+05:30,4022.0,1,4051.32,511833,120722.0,142601.0,4100.0,4110.0,4016.1,4092.6,23190475,4501.8,3683.4,4440.0,3288.1,4021.0,131,7,4020.1,127,3,4020.0,1332,24,4019.9,2,1,4019.8,15,2,4022.0,163,12,4022.1,127,4,4022.2,23,1,4022.3,33,2,4022.4,29,4
11483,2026-07-02 10:20:50+05:30,4021.0,2,4051.32,511833,120722.0,142601.0,4100.0,4110.0,4016.1,4092.6,23190475,4501.8,3683.4,4440.0,3288.1,4021.0,131,7,4020.1,127,3,4020.0,1332,24,4019.9,2,1,4019.8,15,2,4022.0,163,12,4022.1,127,4,4022.2,23,1,4022.3,33,2,4022.4,29,4
11483,2026-07-02 10:20:50+05:30,4021.0,1,4051.32,511838,120766.0,142600.0,4100.0,4110.0,4016.1,4092.6,23190475,4501.8,3683.4,4440.0,3288.1,4021.0,167,9,4020.1,131,5,4020.0,1332,24,4019.8,13,1,4019.6,3,1,4021.9,41,3,4022.0,156,12,4022.1,127,4,4022.2,35,2,4022.3,33,2
11483,2026-07-02 10:20:51+05:30,4021.9,2,4051.32,511838,120766.0,142600.0,4100.0,4110.0,4016.1,4092.6,23190475,4501.8,3683.4,4440.0,3288.1,4021.0,167,9,4020.1,131,5,4020.0,1332,24,4019.8,13,1,4019.6,3,1,4021.9,41,3,4022.0,156,12,4022.1,127,4,4022.2,35,2,4022.3,33,2
11483,2026-07-02 10:20:51+05:30,4021.0,1,4051.31,511898,120984.0,142692.0,4100.0,4110.0,4016.1,4092.6,23190475,4501.8,3683.4,4440.0,3288.1,4021.0,245,9,4020.1,131,5,4020.0,1357,25,4019.8,13,1,4019.6,3,1,4022.0,148,13,4022.1,127,4,4022.2,35,2,4022.3,33,2,4022.4,29,4
11483,2026-07-02 10:20:52+05:30,4021.0,1,4051.31,511898,120984.0,142692.0,4100.0,4110.0,4016.1,4092.6,23190475,4501.8,3683.4,4440.0,3288.1,4021.0,245,9,4020.1,131,5,4020.0,1357,25,4019.8,13,1,4019.6,3,1,4022.0,148,13,4022.1,127,4,4022.2,35,2,4022.3,33,2,4022.4,29,4
11483,2026-07-02 10:20:52+05:30,4021.9,1,4051.31,511899,121052.0,142693.0,4100.0,4110.0,4016.1,4092.6,23190475,4501.8,3683.4,4440.0,3288.1,4021.0,285,11,4020.1,131,5,4020.0,1359,26,4019.8,13,1,4019.6,3,1,4021.9,21,2,4022.0,141,13,4022.1,162,5,4022.2,35,2,4022.3,33,2
11483,2026-07-02 10:20:53+05:30,4021.0,12,4051.31,511899,121052.0,142693.0,4100.0,4110.0,4016.1,4092.6,23190475,4501.8,3683.4,4440.0,3288.1,4021.0,285,11,4020.1,131,5,4020.0,1359,26,4019.8,13,1,4019.6,3,1,4021.9,21,2,4022.0,141,13,4022.1,162,5,4022.2,35,2,4022.3,33,2
11483,2026-07-02 10:20:53+05:30,4021.0,10,4051.24,513197,120308.0,143486.0,4100.0,4110.0,4016.1,4092.6,23190475,4501.8,3683.4,4440.0,3288.1,4020.1,104,4,4020.0,1375,28,4019.6,3,1,4019.5,35,2,4019.4,13,1,4021.0,1,1,4021.6,75,3,4021.7,60,2,4021.8,83,3,4021.9,73,5
11483,2026-07-02 10:20:54+05:30,4021.0,153,4051.24,513197,120308.0,143486.0,4100.0,4110.0,4016.1,4092.6,23190475,4501.8,3683.4,4440.0,3288.1,4020.1,104,4,4020.0,1375,28,4019.6,3,1,4019.5,35,2,4019.4,13,1,4021.0,1,1,4021.6,75,3,4021.7,60,2,4021.8,83,3,4021.9,73,5
11483,2026-07-02 10:20:54+05:30,4020.9,1,4051.23,513403,119913.0,143964.0,4100.0,4110.0,4016.1,4092.6,23190475,4501.8,3683.4,4440.0,3288.1,4020.1,99,4,4020.0,1175,27,4019.6,3,1,4019.5,35,2,4019.2,26,2,4020.9,80,4,4021.0,48,6,4021.1,41,3,4021.2,12,1,4021.3,29,1
11483,2026-07-02 10:20:55+05:30,4020.1,1,4051.23,513403,119913.0,143964.0,4100.0,4110.0,4016.1,4092.6,23190475,4501.8,3683.4,4440.0,3288.1,4020.1,99,4,4020.0,1175,27,4019.6,3,1,4019.5,35,2,4019.2,26,2,4020.9,80,4,4021.0,48,6,4021.1,41,3,4021.2,12,1,4021.3,29,1
11483,2026-07-02 10:20:55+05:30,4020.7,10,4051.22,513554,119734.0,144581.0,4100.0,4110.0,4016.1,4092.6,23190475,4501.8,3683.4,4440.0,3288.1,4020.1,1,1,4020.0,1180,28,4019.6,7,3,4019.5,35,2,4019.1,5,1,4020.6,9,1,4020.7,55,6,4020.8,26,2,4020.9,23,2,4021.0,60,6
11483,2026-07-02 10:20:56+05:30,4020.1,1,4051.22,513554,119734.0,144581.0,4100.0,4110.0,4016.1,4092.6,23190475,4501.8,3683.4,4440.0,3288.1,4020.1,1,1,4020.0,1180,28,4019.6,7,3,4019.5,35,2,4019.1,5,1,4020.6,9,1,4020.7,55,6,4020.8,26,2,4020.9,23,2,4021.0,60,6
11483,2026-07-02 10:20:56+05:30,4020.7,1,4051.22,513565,119737.0,144565.0,4100.0,4110.0,4016.1,4092.6,23190475,4501.8,3683.4,4440.0,3288.1,4020.0,1180,28,4019.6,7,3,4019.5,35,2,4019.3,5,1,4019.1,5,1,4020.7,60,7,4020.8,17,1,4020.9,15,1,4021.0,60,6,4021.1,60,4
11483,2026-07-02 10:20:57+05:30,4020.7,1,4051.22,513565,119737.0,144565.0,4100.0,4110.0,4016.1,4092.6,23190475,4501.8,3683.4,4440.0,3288.1,4020.0,1180,28,4019.6,7,3,4019.5,35,2,4019.3,5,1,4019.1,5,1,4020.7,60,7,4020.8,17,1,4020.9,15,1,4021.0,60,6,4021.1,60,4
11483,2026-07-02 10:20:58+05:30,4020.7,3,4051.22,513571,119726.0,144482.0,4100.0,4110.0,4016.1,4092.6,23190475,4501.8,3683.4,4440.0,3288.1,4020.0,1189,29,4019.6,7,3,4019.5,35,2,4019.3,5,1,4019.1,5,1,4020.7,65,8,4020.8,21,2,4020.9,15,1,4021.0,18,4,4021.1,41,3
11483,2026-07-02 10:20:58+05:30,4020.0,1,4051.22,513571,119726.0,144482.0,4100.0,4110.0,4016.1,4092.6,23190475,4501.8,3683.4,4440.0,3288.1,4020.0,1189,29,4019.6,7,3,4019.5,35,2,4019.3,5,1,4019.1,5,1,4020.7,65,8,4020.8,21,2,4020.9,15,1,4021.0,18,4,4021.1,41,3
11483,2026-07-02 10:20:59+05:30,4020.0,2,4051.22,513571,119726.0,144482.0,4100.0,4110.0,4016.1,4092.6,23190475,4501.8,3683.4,4440.0,3288.1,4020.0,1189,29,4019.6,7,3,4019.5,35,2,4019.3,5,1,4019.1,5,1,4020.7,65,8,4020.8,21,2,4020.9,15,1,4021.0,18,4,4021.1,41,3
11483,2026-07-02 10:20:59+05:30,4020.0,2,4051.14,514776,117664.0,144213.0,4100.0,4110.0,4016.1,4092.6,23190475,4501.8,3683.4,4440.0,3288.1,4019.6,3,1,4019.5,35,2,4019.3,5,1,4019.1,5,1,4019.0,299,15,4020.0,70,6,4020.3,27,2,4020.5,20,2,4020.6,54,5,4020.7,32,7
11483,2026-07-02 10:21:00+05:30,4019.1,1,4051.14,514776,117664.0,144213.0,4100.0,4110.0,4016.1,4092.6,23190475,4501.8,3683.4,4440.0,3288.1,4019.6,3,1,4019.5,35,2,4019.3,5,1,4019.1,5,1,4019.0,299,15,4020.0,70,6,4020.3,27,2,4020.5,20,2,4020.6,54,5,4020.7,32,7
11483,2026-07-02 10:21:00+05:30,4018.6,48,4051.12,515208,115903.0,145380.0,4100.0,4110.0,4016.1,4092.6,23190475,4501.8,3683.4,4440.0,3288.1,4018.6,49,1,4018.5,97,3,4018.4,178,1,4018.1,3,1,4018.0,513,33,4019.0,44,4,4019.3,20,2,4019.4,17,2,4019.5,22,3,4019.6,23,2
11483,2026-07-02 10:21:01+05:30,4018.5,2,4051.12,515208,115903.0,145380.0,4100.0,4110.0,4016.1,4092.6,23190475,4501.8,3683.4,4440.0,3288.1,4018.6,49,1,4018.5,97,3,4018.4,178,1,4018.1,3,1,4018.0,513,33,4019.0,44,4,4019.3,20,2,4019.4,17,2,4019.5,22,3,4019.6,23,2
11483,2026-07-02 10:21:01+05:30,4018.5,5,4051.11,515365,116392.0,146154.0,4100.0,4110.0,4016.1,4092.6,23190475,4501.8,3683.4,4440.0,3288.1,4018.5,44,2,4018.4,178,1,4018.1,3,1,4018.0,513,33,4017.7,6,2,4019.0,24,3,4019.3,20,2,4019.4,17,2,4019.5,2,1,4019.6,26,3
11483,2026-07-02 10:21:02+05:30,4018.4,32,4051.11,515365,116392.0,146154.0,4100.0,4110.0,4016.1,4092.6,23190475,4501.8,3683.4,4440.0,3288.1,4018.5,44,2,4018.4,178,1,4018.1,3,1,4018.0,513,33,4017.7,6,2,4019.0,24,3,4019.3,20,2,4019.4,17,2,4019.5,2,1,4019.6,26,3
11483,2026-07-02 10:21:02+05:30,4019.0,25,4051.1,515477,115818.0,145909.0,4100.0,4110.0,4016.1,4092.6,23190475,4501.8,3683.4,4440.0,3288.1,4018.4,141,1,4018.1,3,1,4018.0,517,34,4017.7,6,2,4017.4,136,2,4019.1,51,4,4019.2,46,4,4019.3,10,2,4019.4,25,3,4019.5,36,3
11483,2026-07-02 10:21:03+05:30,4020.0,1,4051.1,515477,115818.0,145909.0,4100.0,4110.0,4016.1,4092.6,23190475,4501.8,3683.4,4440.0,3288.1,4018.4,141,1,4018.1,3,1,4018.0,517,34,4017.7,6,2,4017.4,136,2,4019.1,51,4,4019.2,46,4,4019.3,10,2,4019.4,25,3,4019.5,36,3
11483,2026-07-02 10:21:03+05:30,4020.0,1,4051.08,515818,117142.0,142255.0,4100.0,4110.0,4016.1,4092.6,23190475,4501.8,3683.4,4440.0,3288.1,4018.9,10,1,4018.7,50,4,4018.6,43,2,4018.5,74,3,4018.4,159,2,4020.0,97,7,4020.5,20,2,4020.6,18,2,4020.7,14,1,4020.8,84,3
11483,2026-07-02 10:21:04+05:30,4020.6,13,4051.06,516145,119442.0,140117.0,4100.0,4110.0,4016.1,4092.6,23190475,4501.8,3683.4,4440.0,3288.1,4020.6,38,4,4020.4,57,2,4020.3,47,3,4020.2,22,2,4020.1,3,1,4022.1,100,1,4022.4,10,2,4022.7,17,2,4022.8,10,1,4023.0,20,4
11483,2026-07-02 10:21:05+05:30,4020.6,5,4051.06,516145,119442.0,140117.0,4100.0,4110.0,4016.1,4092.6,23190475,4501.8,3683.4,4440.0,3288.1,4020.6,38,4,4020.4,57,2,4020.3,47,3,4020.2,22,2,4020.1,3,1,4022.1,100,1,4022.4,10,2,4022.7,17,2,4022.8,10,1,4023.0,20,4
11483,2026-07-02 10:21:05+05:30,4020.6,1,4051.06,516153,119634.0,140509.0,4100.0,4110.0,4016.1,4092.6,23190475,4501.8,3683.4,4440.0,3288.1,4020.6,33,5,4020.4,93,4,4020.3,47,3,4020.2,34,3,4020.1,3,1,4022.1,102,2,4022.4,10,2,4022.7,23,3,4022.8,10,1,4023.0,20,4
11483,2026-07-02 10:21:06+05:30,4022.0,2,4051.06,516153,119634.0,140509.0,4100.0,4110.0,4016.1,4092.6,23190475,4501.8,3683.4,4440.0,3288.1,4020.6,33,5,4020.4,93,4,4020.3,47,3,4020.2,34,3,4020.1,3,1,4022.1,102,2,4022.4,10,2,4022.7,23,3,4022.8,10,1,4023.0,20,4
11483,2026-07-02 10:21:06+05:30,4022.1,7,4051.06,516162,119799.0,140583.0,4100.0,4110.0,4016.1,4092.6,23190475,4501.8,3683.4,4440.0,3288.1,4020.9,31,3,4020.8,13,2,4020.7,99,6,4020.6,55,4,4020.4,12,1,4022.1,99,5,4022.4,10,2,4022.8,10,1,4023.0,20,4,4023.1,74,3
11483,2026-07-02 10:21:07+05:30,4022.1,7,4051.06,516162,119799.0,140583.0,4100.0,4110.0,4016.1,4092.6,23190475,4501.8,3683.4,4440.0,3288.1,4020.9,31,3,4020.8,13,2,4020.7,99,6,4020.6,55,4,4020.4,12,1,4022.1,99,5,4022.4,10,2,4022.8,10,1,4023.0,20,4,4023.1,74,3
11483,2026-07-02 10:21:07+05:30,4022.1,22,4051.06,516184,119759.0,140590.0,4100.0,4110.0,4016.1,4092.6,23190475,4501.8,3683.4,4440.0,3288.1,4020.9,22,2,4020.8,10,1,4020.7,49,4,4020.6,55,4,4020.4,12,1,4022.1,79,7,4022.4,10,2,4022.8,10,1,4023.0,22,5,4023.1,78,3
11483,2026-07-02 10:21:08+05:30,4022.1,10,4051.06,516184,119759.0,140590.0,4100.0,4110.0,4016.1,4092.6,23190475,4501.8,3683.4,4440.0,3288.1,4020.9,22,2,4020.8,10,1,4020.7,49,4,4020.6,55,4,4020.4,12,1,4022.1,79,7,4022.4,10,2,4022.8,10,1,4023.0,22,5,4023.1,78,3
11483,2026-07-02 10:21:08+05:30,4022.1,10,4051.06,516194,119731.0,140626.0,4100.0,4110.0,4016.1,4092.6,23190475,4501.8,3683.4,4440.0,3288.1,4020.9,22,2,4020.8,10,1,4020.7,49,4,4020.6,55,4,4020.4,12,1,4021.9,6,1,4022.1,71,9,4022.4,10,2,4022.8,15,2,4022.9,2,1
11483,2026-07-02 10:21:09+05:30,4022.1,10,4051.06,516194,120232.0,140614.0,4100.0,4110.0,4016.1,4092.6,23190475,4501.8,3683.4,4440.0,3288.1,4021.0,500,1,4020.9,46,4,4020.8,61,3,4020.7,49,4,4020.6,33,4,4021.9,6,1,4022.1,66,6,4022.4,10,2,4022.8,10,1,4023.0,15,3
11483,2026-07-02 10:21:10+05:30,4022.1,12,4051.06,516194,120232.0,140614.0,4100.0,4110.0,4016.1,4092.6,23190475,4501.8,3683.4,4440.0,3288.1,4021.0,500,1,4020.9,46,4,4020.8,61,3,4020.7,49,4,4020.6,33,4,4021.9,6,1,4022.1,66,6,4022.4,10,2,4022.8,10,1,4023.0,15,3
11483,2026-07-02 10:21:10+05:30,4022.1,77,4051.02,516801,120310.0,140295.0,4100.0,4110.0,4016.1,4092.6,23190475,4501.8,3683.4,4440.0,3288.1,4021.2,9,1,4021.1,73,5,4021.0,118,4,4020.9,22,2,4020.8,61,4,4022.1,25,3,4022.4,10,2,4022.8,10,1,4023.0,1,1,4023.3,19,3
11483,2026-07-02 10:21:11+05:30,4022.1,77,4051.02,516801,120310.0,140295.0,4100.0,4110.0,4016.1,4092.6,23190475,4501.8,3683.4,4440.0,3288.1,4021.2,9,1,4021.1,73,5,4021.0,118,4,4020.9,22,2,4020.8,61,4,4022.1,25,3,4022.4,10,2,4022.8,10,1,4023.0,1,1,4023.3,19,3
11483,2026-07-02 10:21:11+05:30,4022.0,2,4051.02,516835,119410.0,141001.0,4100.0,4110.0,4016.1,4092.6,23190475,4501.8,3683.4,4440.0,3288.1,4021.0,87,1,4020.6,1,1,4020.5,1,1,4020.3,25,2,4020.2,19,1,4022.0,37,4,4022.1,42,10,4022.3,19,3,4022.4,32,3,4022.6,33,1
11483,2026-07-02 10:21:12+05:30,4022.0,2,4051.02,516835,119410.0,141001.0,4100.0,4110.0,4016.1,4092.6,23190475,4501.8,3683.4,4440.0,3288.1,4021.0,87,1,4020.6,1,1,4020.5,1,1,4020.3,25,2,4020.2,19,1,4022.0,37,4,4022.1,42,10,4022.3,19,3,4022.4,32,3,4022.6,33,1
11483,2026-07-02 10:21:12+05:30,4021.0,2,4051.02,516842,119242.0,140719.0,4100.0,4110.0,4016.1,4092.6,23190475,4501.8,3683.4,4440.0,3288.1,4021.0,85,1,4020.6,1,1,4020.5,1,1,4020.0,101,4,4019.8,15,2,4021.6,45,4,4021.7,21,2,4021.8,21,2,4021.9,46,6,4022.0,33,5
11483,2026-07-02 10:21:13+05:30,4020.5,1,4051.02,516842,119242.0,140719.0,4100.0,4110.0,4016.1,4092.6,23190475,4501.8,3683.4,4440.0,3288.1,4021.0,85,1,4020.6,1,1,4020.5,1,1,4020.0,101,4,4019.8,15,2,4021.6,45,4,4021.7,21,2,4021.8,21,2,4021.9,46,6,4022.0,33,5
11483,2026-07-02 10:21:13+05:30,4020.6,3,4051.01,517032,119314.0,141958.0,4100.0,4110.0,4016.1,4092.6,23190475,4501.8,3683.4,4440.0,3288.1,4020.0,85,3,4019.1,6,3,4019.0,31,5,4018.9,95,4,4018.8,17,2,4021.0,15,2,4021.1,22,2,4021.2,5,1,4021.3,32,2,4021.4,37,2
11483,2026-07-02 10:21:14+05:30,4020.6,3,4051.01,517032,119314.0,141958.0,4100.0,4110.0,4016.1,4092.6,23190475,4501.8,3683.4,4440.0,3288.1,4020.0,85,3,4019.1,6,3,4019.0,31,5,4018.9,95,4,4018.8,17,2,4021.0,15,2,4021.1,22,2,4021.2,5,1,4021.3,32,2,4021.4,37,2
11483,2026-07-02 10:21:14+05:30,4020.6,1,4051.01,517033,121391.0,142452.0,4100.0,4110.0,4016.1,4092.6,23190475,4501.8,3683.4,4440.0,3288.1,4020.0,186,5,4019.1,6,3,4019.0,31,5,4018.9,95,4,4018.8,17,2,4020.6,3,2,4020.7,12,1,4021.0,17,3,4021.1,10,1,4021.2,17,2
11483,2026-07-02 10:21:15+05:30,4020.7,7,4051.01,517033,121391.0,142452.0,4100.0,4110.0,4016.1,4092.6,23190475,4501.8,3683.4,4440.0,3288.1,4020.0,186,5,4019.1,6,3,4019.0,31,5,4018.9,95,4,4018.8,17,2,4020.6,3,2,4020.7,12,1,4021.0,17,3,4021.1,10,1,4021.2,17,2
11483,2026-07-02 10:21:15+05:30,4020.5,1,4051.0,517125,121274.0,142376.0,4100.0,4110.0,4016.1,4092.6,23190475,4501.8,3683.4,4440.0,3288.1,4020.5,1,1,4020.0,170,4,4019.2,12,1,4019.1,2,2,4019.0,21,5,4021.0,48,5,4021.1,10,1,4021.2,5,1,4021.3,32,2,4021.4,2,1
11483,2026-07-02 10:21:16+05:30,4020.0,25,4051.0,517125,121274.0,142376.0,4100.0,4110.0,4016.1,4092.6,23190475,4501.8,3683.4,4440.0,3288.1,4020.5,1,1,4020.0,170,4,4019.2,12,1,4019.1,2,2,4019.0,21,5,4021.0,48,5,4021.1,10,1,4021.2,5,1,4021.3,32,2,4021.4,2,1
11483,2026-07-02 10:21:17+05:30,4020.5,1,4050.99,517288,121261.0,142476.0,4100.0,4110.0,4016.1,4092.6,23190475,4501.8,3683.4,4440.0,3288.1,4020.0,51,1,4019.1,2,2,4019.0,11,5,4018.9,45,4,4018.8,31,2,4020.5,21,4,4021.0,31,4,4021.1,10,1,4021.2,7,2,4021.3,32,2
11483,2026-07-02 10:21:17+05:30,4020.0,7,4050.99,517288,121261.0,142476.0,4100.0,4110.0,4016.1,4092.6,23190475,4501.8,3683.4,4440.0,3288.1,4020.0,51,1,4019.1,2,2,4019.0,11,5,4018.9,45,4,4018.8,31,2,4020.5,21,4,4021.0,31,4,4021.1,10,1,4021.2,7,2,4021.3,32,2
11483,2026-07-02 10:21:17+05:30,4020.0,7,4050.99,517288,121261.0,142476.0,4100.0,4110.0,4016.1,4092.6,23190475,4501.8,3683.4,4440.0,3288.1,4020.0,51,1,4019.1,2,2,4019.0,11,5,4018.9,45,4,4018.8,31,2,4020.5,21,4,4021.0,31,4,4021.1,10,1,4021.2,7,2,4021.3,32,2
11483,2026-07-02 10:21:18+05:30,4019.2,25,4050.98,517537,120945.0,143182.0,4100.0,4110.0,4016.1,4092.6,23190475,4501.8,3683.4,4440.0,3288.1,4019.4,9,1,4019.2,25,2,4019.1,59,5,4019.0,95,8,4018.9,26,2,4020.5,5,5,4021.2,5,1,4021.3,5,1,4021.4,23,3,4021.5,24,2
11483,2026-07-02 10:21:18+05:30,4020.5,1,4050.98,517537,120945.0,143182.0,4100.0,4110.0,4016.1,4092.6,23190475,4501.8,3683.4,4440.0,3288.1,4019.4,9,1,4019.2,25,2,4019.1,59,5,4019.0,95,8,4018.9,26,2,4020.5,5,5,4021.2,5,1,4021.3,5,1,4021.4,23,3,4021.5,24,2
11483,2026-07-02 10:21:18+05:30,4020.5,1,4050.98,517537,120945.0,143182.0,4100.0,4110.0,4016.1,4092.6,23190475,4501.8,3683.4,4440.0,3288.1,4019.4,9,1,4019.2,25,2,4019.1,59,5,4019.0,95,8,4018.9,26,2,4020.5,5,5,4021.2,5,1,4021.3,5,1,4021.4,23,3,4021.5,24,2
11483,2026-07-02 10:21:18+05:30,4021.2,19,4050.97,517623,121409.0,142876.0,4100.0,4110.0,4016.1,4092.6,23190475,4501.8,3683.4,4440.0,3288.1,4020.0,180,1,4019.2,68,6,4019.1,18,2,4019.0,62,7,4018.9,38,3,4021.2,6,1,4021.3,40,3,4021.4,40,3,4021.5,44,2,4021.6,28,4
11483,2026-07-02 10:21:19+05:30,4021.2,19,4050.97,517623,121409.0,142876.0,4100.0,4110.0,4016.1,4092.6,23190475,4501.8,3683.4,4440.0,3288.1,4020.0,180,1,4019.2,68,6,4019.1,18,2,4019.0,62,7,4018.9,38,3,4021.2,6,1,4021.3,40,3,4021.4,40,3,4021.5,44,2,4021.6,28,4
11483,2026-07-02 10:21:19+05:30,4021.2,19,4050.97,517623,121409.0,142876.0,4100.0,4110.0,4016.1,4092.6,23190475,4501.8,3683.4,4440.0,3288.1,4020.0,180,1,4019.2,68,6,4019.1,18,2,4019.0,62,7,4018.9,38,3,4021.2,6,1,4021.3,40,3,4021.4,40,3,4021.5,44,2,4021.6,28,4
11483,2026-07-02 10:21:19+05:30,4021.2,2,4050.97,517634,121480.0,142846.0,4100.0,4110.0,4016.1,4092.6,23190475,4501.8,3683.4,4440.0,3288.1,4020.0,180,1,4019.2,50,4,4019.1,18,2,4019.0,62,7,4018.9,38,3,4021.2,12,3,4021.3,6,2,4021.4,40,3,4021.5,71,3,4021.6,24,4
11483,2026-07-02 10:21:19+05:30,4021.2,2,4050.97,517634,121480.0,142846.0,4100.0,4110.0,4016.1,4092.6,23190475,4501.8,3683.4,4440.0,3288.1,4020.0,180,1,4019.2,50,4,4019.1,18,2,4019.0,62,7,4018.9,38,3,4021.2,12,3,4021.3,6,2,4021.4,40,3,4021.5,71,3,4021.6,24,4
11483,2026-07-02 10:21:20+05:30,4021.2,3,4050.97,517634,121480.0,142846.0,4100.0,4110.0,4016.1,4092.6,23190475,4501.8,3683.4,4440.0,3288.1,4020.0,180,1,4019.2,50,4,4019.1,18,2,4019.0,62,7,4018.9,38,3,4021.2,12,3,4021.3,6,2,4021.4,40,3,4021.5,71,3,4021.6,24,4
11483,2026-07-02 10:21:20+05:30,4021.2,3,4050.97,517634,121480.0,142846.0,4100.0,4110.0,4016.1,4092.6,23190475,4501.8,3683.4,4440.0,3288.1,4020.0,180,1,4019.2,50,4,4019.1,18,2,4019.0,62,7,4018.9,38,3,4021.2,12,3,4021.3,6,2,4021.4,40,3,4021.5,71,3,4021.6,24,4
11483,2026-07-02 10:21:20+05:30,4021.2,2,4050.97,517647,121577.0,142537.0,4100.0,4110.0,4016.1,4092.6,23190475,4501.8,3683.4,4440.0,3288.1,4020.7,2,1,4020.0,181,2,4019.2,38,3,4019.1,18,2,4019.0,30,6,4021.2,20,7,4021.3,6,2,4021.4,19,1,4021.5,41,3,4021.6,19,2
11483,2026-07-02 10:21:21+05:30,4021.2,2,4050.97,517647,121577.0,142537.0,4100.0,4110.0,4016.1,4092.6,23190475,4501.8,3683.4,4440.0,3288.1,4020.7,2,1,4020.0,181,2,4019.2,38,3,4019.1,18,2,4019.0,30,6,4021.2,20,7,4021.3,6,2,4021.4,19,1,4021.5,41,3,4021.6,19,2
11483,2026-07-02 10:21:21+05:30,4021.2,2,4050.97,517647,121577.0,142537.0,4100.0,4110.0,4016.1,4092.6,23190475,4501.8,3683.4,4440.0,3288.1,4020.7,2,1,4020.0,181,2,4019.2,38,3,4019.1,18,2,4019.0,30,6,4021.2,20,7,4021.3,6,2,4021.4,19,1,4021.5,41,3,4021.6,19,2
11483,2026-07-02 10:21:21+05:30,4021.2,2,4050.97,517647,121577.0,142537.0,4100.0,4110.0,4016.1,4092.6,23215850,4501.8,3683.4,4440.0,3288.1,4020.7,2,1,4020.0,181,2,4019.2,38,3,4019.1,18,2,4019.0,30,6,4021.2,20,7,4021.3,6,2,4021.4,19,1,4021.5,41,3,4021.6,19,2
11483,2026-07-02 10:21:21+05:30,4021.2,2,4050.97,517647,121630.0,142311.0,4100.0,4110.0,4016.1,4092.6,23215850,4501.8,3683.4,4440.0,3288.1,4021.0,10,1,4020.7,2,1,4020.5,20,1,4020.0,181,2,4019.5,12,1,4021.2,13,9,4021.3,1,1,4021.4,21,2,4021.5,22,2,4021.6,23,3
11483,2026-07-02 10:21:22+05:30,4021.2,2,4050.97,517647,121630.0,142311.0,4100.0,4110.0,4016.1,4092.6,23215850,4501.8,3683.4,4440.0,3288.1,4021.0,10,1,4020.7,2,1,4020.5,20,1,4020.0,181,2,4019.5,12,1,4021.2,13,9,4021.3,1,1,4021.4,21,2,4021.5,22,2,4021.6,23,3
11483,2026-07-02 10:21:22+05:30,4020.7,12,4050.97,517730,122321.0,141986.0,4100.0,4110.0,4016.1,4092.6,23215850,4501.8,3683.4,4440.0,3288.1,4020.7,28,2,4020.5,20,1,4020.4,6,1,4020.3,28,1,4020.2,12,1,4021.9,22,2,4022.0,162,2,4022.1,25,2,4022.2,23,1,4022.4,16,3
11483,2026-07-02 10:21:23+05:30,4020.7,13,4050.97,517730,122321.0,141986.0,4100.0,4110.0,4016.1,4092.6,23215850,4501.8,3683.4,4440.0,3288.1,4020.7,28,2,4020.5,20,1,4020.4,6,1,4020.3,28,1,4020.2,12,1,4021.9,22,2,4022.0,162,2,4022.1,25,2,4022.2,23,1,4022.4,16,3
11483,2026-07-02 10:21:23+05:30,4020.7,13,4050.97,517730,122321.0,141986.0,4100.0,4110.0,4016.1,4092.6,23215850,4501.8,3683.4,4440.0,3288.1,4020.7,28,2,4020.5,20,1,4020.4,6,1,4020.3,28,1,4020.2,12,1,4021.9,22,2,4022.0,162,2,4022.1,25,2,4022.2,23,1,4022.4,16,3
11483,2026-07-02 10:21:23+05:30,4020.7,6,4050.96,517810,122396.0,142689.0,4100.0,4110.0,4016.1,4092.6,23215850,4501.8,3683.4,4440.0,3288.1,4020.5,20,1,4020.0,181,2,4019.9,12,1,4019.8,11,1,4019.6,40,2,4020.7,8,1,4021.6,5,1,4021.9,71,4,4022.0,163,3,4022.1,27,3
11483,2026-07-02 10:21:24+05:30,4020.7,4,4050.96,517810,122396.0,142689.0,4100.0,4110.0,4016.1,4092.6,23215850,4501.8,3683.4,4440.0,3288.1,4020.5,20,1,4020.0,181,2,4019.9,12,1,4019.8,11,1,4019.6,40,2,4020.7,8,1,4021.6,5,1,4021.9,71,4,4022.0,163,3,4022.1,27,3
11483,2026-07-02 10:21:24+05:30,4020.7,4,4050.96,517814,122189.0,142914.0,4100.0,4110.0,4016.1,4092.6,23215850,4501.8,3683.4,4440.0,3288.1,4020.5,20,1,4020.0,193,4,4019.9,10,1,4019.8,24,2,4019.7,13,1,4020.7,6,3,4021.8,14,2,4021.9,22,2,4022.0,162,2,4022.1,27,3
11483,2026-07-02 10:21:25+05:30,4020.7,1,4050.96,517814,122189.0,142914.0,4100.0,4110.0,4016.1,4092.6,23215850,4501.8,3683.4,4440.0,3288.1,4020.5,20,1,4020.0,193,4,4019.9,10,1,4019.8,24,2,4019.7,13,1,4020.7,6,3,4021.8,14,2,4021.9,22,2,4022.0,162,2,4022.1,27,3
11483,2026-07-02 10:21:25+05:30,4020.7,12,4050.96,517849,122179.0,142876.0,4100.0,4110.0,4016.1,4092.6,23215850,4501.8,3683.4,4440.0,3288.1,4020.5,21,2,4020.0,185,4,4019.9,10,1,4019.8,12,1,4019.7,25,2,4020.7,3,2,4021.8,14,2,4021.9,24,3,4022.0,198,4,4022.1,1,1
11483,2026-07-02 10:21:26+05:30,4020.0,19,4050.96,517849,122179.0,142876.0,4100.0,4110.0,4016.1,4092.6,23215850,4501.8,3683.4,4440.0,3288.1,4020.5,21,2,4020.0,185,4,4019.9,10,1,4019.8,12,1,4019.7,25,2,4020.7,3,2,4021.8,14,2,4021.9,24,3,4022.0,198,4,4022.1,1,1
11483,2026-07-02 10:21:26+05:30,4020.7,1,4050.96,517901,122042.0,142994.0,4100.0,4110.0,4016.1,4092.6,23215850,4501.8,3683.4,4440.0,3288.1,4020.0,181,5,4019.5,12,1,4019.3,2,1,4019.2,49,2,4019.1,50,4,4020.7,2,2,4021.2,12,1,4021.5,12,1,4021.6,2,1,4021.7,39,1
11483,2026-07-02 10:21:27+05:30,4021.5,2,4050.96,517901,122042.0,142994.0,4100.0,4110.0,4016.1,4092.6,23215850,4501.8,3683.4,4440.0,3288.1,4020.0,181,5,4019.5,12,1,4019.3,2,1,4019.2,49,2,4019.1,50,4,4020.7,2,2,4021.2,12,1,4021.5,12,1,4021.6,2,1,4021.7,39,1
11483,2026-07-02 10:21:27+05:30,4021.3,2,4050.95,518026,121996.0,142799.0,4100.0,4110.0,4016.1,4092.6,23215850,4501.8,3683.4,4440.0,3288.1,4020.0,181,5,4019.5,12,1,4019.3,2,1,4019.2,12,1,4019.1,50,4,4021.3,12,2,4021.4,10,1,4021.5,49,3,4021.6,23,1,4021.7,14,2
11483,2026-07-02 10:21:28+05:30,4021.3,2,4050.95,518026,121996.0,142799.0,4100.0,4110.0,4016.1,4092.6,23215850,4501.8,3683.4,4440.0,3288.1,4020.0,181,5,4019.5,12,1,4019.3,2,1,4019.2,12,1,4019.1,50,4,4021.3,12,2,4021.4,10,1,4021.5,49,3,4021.6,23,1,4021.7,14,2
11483,2026-07-02 10:21:28+05:30,4021.3,2,4050.95,518026,122278.0,142880.0,4100.0,4110.0,4016.1,4092.6,23215850,4501.8,3683.4,4440.0,3288.1,4020.5,50,1,4020.0,182,6,4019.5,12,1,4019.3,2,1,4019.2,35,2,4021.1,17,1,4021.2,21,2,4021.3,16,5,4021.4,33,2,4021.5,60,4
11483,2026-07-02 10:21:29+05:30,4020.5,50,4050.95,518076,122070.0,143589.0,4100.0,4110.0,4016.1,4092.6,23215850,4501.8,3683.4,4440.0,3288.1,4020.0,183,7,4019.5,12,1,4019.2,2,1,4019.1,30,3,4019.0,28,5,4020.5,161,2,4021.1,17,1,4021.2,21,2,4021.3,16,5,4021.4,28,3
11483,2026-07-02 10:21:30+05:30,4020.5,50,4050.95,518076,122070.0,143589.0,4100.0,4110.0,4016.1,4092.6,23215850,4501.8,3683.4,4440.0,3288.1,4020.0,183,7,4019.5,12,1,4019.2,2,1,4019.1,30,3,4019.0,28,5,4020.5,161,2,4021.1,17,1,4021.2,21,2,4021.3,16,5,4021.4,28,3
11483,2026-07-02 10:21:30+05:30,4020.5,3,4050.93,518414,121332.0,143702.0,4100.0,4110.0,4016.1,4092.6,23215850,4501.8,3683.4,4440.0,3288.1,4020.0,5,2,4019.0,28,5,4018.9,12,1,4018.7,5,1,4018.6,13,1,4020.5,53,5,4020.6,12,1,4020.8,2,1,4020.9,12,1,4021.0,6,1
11483,2026-07-02 10:21:31+05:30,4020.5,3,4050.93,518414,121332.0,143702.0,4100.0,4110.0,4016.1,4092.6,23215850,4501.8,3683.4,4440.0,3288.1,4020.0,5,2,4019.0,28,5,4018.9,12,1,4018.7,5,1,4018.6,13,1,4020.5,53,5,4020.6,12,1,4020.8,2,1,4020.9,12,1,4021.0,6,1
11483,2026-07-02 10:21:31+05:30,4020.0,1,4050.92,518441,121356.0,143723.0,4100.0,4110.0,4016.1,4092.6,23215850,4501.8,3683.4,4440.0,3288.1,4020.0,30,2,4019.0,38,6,4018.9,24,2,4018.6,13,1,4018.5,14,2,4020.5,64,10,4021.0,6,1,4021.1,33,4,4021.2,39,4,4021.3,14,3
11483,2026-07-02 10:21:32+05:30,4020.5,10,4050.92,518441,121356.0,143723.0,4100.0,4110.0,4016.1,4092.6,23215850,4501.8,3683.4,4440.0,3288.1,4020.0,30,2,4019.0,38,6,4018.9,24,2,4018.6,13,1,4018.5,14,2,4020.5,64,10,4021.0,6,1,4021.1,33,4,4021.2,39,4,4021.3,14,3
11483,2026-07-02 10:21:32+05:30,4020.5,3,4050.92,518458,121659.0,143790.0,4100.0,4110.0,4016.1,4092.6,23215850,4501.8,3683.4,4440.0,3288.1,4020.0,27,2,4019.0,48,7,4018.9,24,2,4018.6,13,1,4018.5,28,4,4020.5,52,12,4021.0,6,1,4021.1,33,4,4021.2,33,3,4021.3,20,4
11483,2026-07-02 10:21:33+05:30,4020.0,5,4050.92,518458,121659.0,143790.0,4100.0,4110.0,4016.1,4092.6,23215850,4501.8,3683.4,4440.0,3288.1,4020.0,27,2,4019.0,48,7,4018.9,24,2,4018.6,13,1,4018.5,28,4,4020.5,52,12,4021.0,6,1,4021.1,33,4,4021.2,33,3,4021.3,20,4
11483,2026-07-02 10:21:33+05:30,4018.2,5,4050.9,518866,121137.0,144779.0,4100.0,4110.0,4016.1,4092.6,23215850,4501.8,3683.4,4440.0,3288.1,4018.7,36,3,4018.6,40,5,4018.5,70,3,4018.4,29,2,4018.3,98,4,4020.0,49,4,4020.4,42,1,4020.5,15,12,4020.6,5,1,4020.7,8,1
11483,2026-07-02 10:21:34+05:30,4018.6,8,4050.9,518866,121137.0,144779.0,4100.0,4110.0,4016.1,4092.6,23215850,4501.8,3683.4,4440.0,3288.1,4018.7,36,3,4018.6,40,5,4018.5,70,3,4018.4,29,2,4018.3,98,4,4020.0,49,4,4020.4,42,1,4020.5,15,12,4020.6,5,1,4020.7,8,1
11483,2026-07-02 10:21:34+05:30,4020.0,1,4050.89,518924,121116.0,144669.0,4100.0,4110.0,4016.1,4092.6,23215850,4501.8,3683.4,4440.0,3288.1,4018.8,9,1,4018.7,49,4,4018.6,69,6,4018.5,70,3,4018.4,2,1,4020.0,54,7,4020.5,11,10,4021.0,2,1,4021.1,40,5,4021.2,50,4
11483,2026-07-02 10:21:35+05:30,4018.8,1,4050.89,518924,121116.0,144669.0,4100.0,4110.0,4016.1,4092.6,23215850,4501.8,3683.4,4440.0,3288.1,4018.8,9,1,4018.7,49,4,4018.6,69,6,4018.5,70,3,4018.4,2,1,4020.0,54,7,4020.5,11,10,4021.0,2,1,4021.1,40,5,4021.2,50,4
11483,2026-07-02 10:21:35+05:30,4018.9,2,4050.89,518960,121410.0,144589.0,4100.0,4110.0,4016.1,4092.6,23215850,4501.8,3683.4,4440.0,3288.1,4018.9,68,6,4018.8,25,3,4018.7,37,3,4018.6,74,6,4018.5,118,5,4020.0,44,9,4020.5,7,6,4021.1,15,2,4021.2,31,2,4021.4,68,4
11483,2026-07-02 10:21:36+05:30,4018.8,7,4050.89,518960,121410.0,144589.0,4100.0,4110.0,4016.1,4092.6,23215850,4501.8,3683.4,4440.0,3288.1,4018.9,68,6,4018.8,25,3,4018.7,37,3,4018.6,74,6,4018.5,118,5,4020.0,44,9,4020.5,7,6,4021.1,15,2,4021.2,31,2,4021.4,68,4
11483,2026-07-02 10:21:36+05:30,4020.0,1,4050.88,519082,121371.0,144668.0,4100.0,4110.0,4016.1,4092.6,23215850,4501.8,3683.4,4440.0,3288.1,4019.0,12,1,4018.9,29,3,4018.8,16,2,4018.7,39,4,4018.6,76,7,4020.0,18,8,4020.5,5,4,4021.1,15,2,4021.2,43,3,4021.3,34,2
11483,2026-07-02 10:21:37+05:30,4020.0,1,4050.88,519082,121371.0,144668.0,4100.0,4110.0,4016.1,4092.6,23215850,4501.8,3683.4,4440.0,3288.1,4019.0,12,1,4018.9,29,3,4018.8,16,2,4018.7,39,4,4018.6,76,7,4020.0,18,8,4020.5,5,4,4021.1,15,2,4021.2,43,3,4021.3,34,2
11483,2026-07-02 10:21:37+05:30,4019.0,1,4050.88,519111,120673.0,145373.0,4100.0,4110.0,4016.1,4092.6,23215850,4501.8,3683.4,4440.0,3288.1,4018.5,63,3,4018.4,59,3,4018.3,17,1,4018.1,4,2,4018.0,3130,50,4019.0,2,2,4020.0,32,5,4020.3,6,1,4020.4,42,4,4020.5,5,3
11483,2026-07-02 10:21:38+05:30,4019.0,1,4050.88,519111,120673.0,145373.0,4100.0,4110.0,4016.1,4092.6,23215850,4501.8,3683.4,4440.0,3288.1,4018.5,63,3,4018.4,59,3,4018.3,17,1,4018.1,4,2,4018.0,3130,50,4019.0,2,2,4020.0,32,5,4020.3,6,1,4020.4,42,4,4020.5,5,3
11483,2026-07-02 10:21:38+05:30,4018.5,1,4050.88,519115,120872.0,145354.0,4100.0,4110.0,4016.1,4092.6,23215850,4501.8,3683.4,4440.0,3288.1,4018.5,59,3,4018.4,59,3,4018.3,17,1,4018.1,4,2,4018.0,3130,50,4018.8,1,1,4019.0,2,2,4020.0,29,3,4020.3,6,1,4020.4,41,3
11483,2026-07-02 10:21:39+05:30,4018.5,5,4050.88,519115,120872.0,145354.0,4100.0,4110.0,4016.1,4092.6,23215850,4501.8,3683.4,4440.0,3288.1,4018.5,59,3,4018.4,59,3,4018.3,17,1,4018.1,4,2,4018.0,3130,50,4018.8,1,1,4019.0,2,2,4020.0,29,3,4020.3,6,1,4020.4,41,3
11483,2026-07-02 10:21:39+05:30,4019.0,1,4050.88,519134,121062.0,145131.0,4100.0,4110.0,4016.1,4092.6,23215850,4501.8,3683.4,4440.0,3288.1,4018.8,33,4,4018.7,27,4,4018.6,14,2,4018.5,61,4,4018.4,90,5,4019.0,1,1,4020.0,1,1,4020.5,2,1,4020.6,11,2,4020.9,13,1
11483,2026-07-02 10:21:40+05:30,4020.0,1,4050.88,519134,121062.0,145131.0,4100.0,4110.0,4016.1,4092.6,23215850,4501.8,3683.4,4440.0,3288.1,4018.8,33,4,4018.7,27,4,4018.6,14,2,4018.5,61,4,4018.4,90,5,4019.0,1,1,4020.0,1,1,4020.5,2,1,4020.6,11,2,4020.9,13,1
11483,2026-07-02 10:21:40+05:30,4020.9,8,4050.87,519254,121387.0,144745.0,4100.0,4110.0,4016.1,4092.6,23215850,4501.8,3683.4,4440.0,3288.1,4019.1,9,1,4019.0,40,3,4018.9,32,2,4018.8,3,2,4018.7,14,2,4020.6,67,5,4020.7,42,4,4020.8,40,5,4020.9,46,7,4021.0,18,3
11483,2026-07-02 10:21:41+05:30,4020.9,8,4050.87,519254,121387.0,144745.0,4100.0,4110.0,4016.1,4092.6,23215850,4501.8,3683.4,4440.0,3288.1,4019.1,9,1,4019.0,40,3,4018.9,32,2,4018.8,3,2,4018.7,14,2,4020.6,67,5,4020.7,42,4,4020.8,40,5,4020.9,46,7,4021.0,18,3
11483,2026-07-02 10:21:41+05:30,4020.9,8,4050.87,519254,121677.0,144587.0,4100.0,4110.0,4016.1,4092.6,23215850,4501.8,3683.4,4440.0,3288.1,4019.2,19,1,4019.1,21,3,4019.0,40,3,4018.9,23,1,4018.8,15,3,4020.6,47,4,4020.7,16,2,4020.8,29,3,4020.9,34,6,4021.0,19,4
11483,2026-07-02 10:21:42+05:30,4020.9,8,4050.87,519254,121670.0,144637.0,4100.0,4110.0,4016.1,4092.6,23215850,4501.8,3683.4,4440.0,3288.1,4019.2,19,1,4019.1,9,1,4019.0,40,3,4018.9,23,1,4018.8,3,2,4020.6,47,4,4020.7,28,3,4020.8,29,3,4020.9,36,7,4021.0,23,4
11483,2026-07-02 10:21:43+05:30,4019.2,1,4050.87,519254,121670.0,144637.0,4100.0,4110.0,4016.1,4092.6,23215850,4501.8,3683.4,4440.0,3288.1,4019.2,19,1,4019.1,9,1,4019.0,40,3,4018.9,23,1,4018.8,3,2,4020.6,47,4,4020.7,28,3,4020.8,29,3,4020.9,36,7,4021.0,23,4
11483,2026-07-02 10:21:43+05:30,4019.2,2,4050.87,519259,121440.0,144856.0,4100.0,4110.0,4016.1,4092.6,23215850,4501.8,3683.4,4440.0,3288.1,4019.0,40,3,4018.9,23,1,4018.8,3,2,4018.7,14,2,4018.6,17,2,4019.2,11,2,4020.5,16,2,4020.6,21,3,4020.7,28,3,4020.8,47,5
11483,2026-07-02 10:21:44+05:30,4019.2,2,4050.87,519259,121440.0,144856.0,4100.0,4110.0,4016.1,4092.6,23215850,4501.8,3683.4,4440.0,3288.1,4019.0,40,3,4018.9,23,1,4018.8,3,2,4018.7,14,2,4018.6,17,2,4019.2,11,2,4020.5,16,2,4020.6,21,3,4020.7,28,3,4020.8,47,5
11483,2026-07-02 10:21:44+05:30,4019.2,10,4050.87,519269,121306.0,144568.0,4100.0,4110.0,4016.1,4092.6,23215850,4501.8,3683.4,4440.0,3288.1,4019.0,44,4,4018.9,23,1,4018.8,1,1,4018.7,10,1,4018.5,51,4,4019.2,17,4,4020.5,5,1,4020.6,6,1,4020.7,28,3,4020.8,47,5
11483,2026-07-02 10:21:45+05:30,4019.2,10,4050.87,519269,121306.0,144568.0,4100.0,4110.0,4016.1,4092.6,23215850,4501.8,3683.4,4440.0,3288.1,4019.0,44,4,4018.9,23,1,4018.8,1,1,4018.7,10,1,4018.5,51,4,4019.2,17,4,4020.5,5,1,4020.6,6,1,4020.7,28,3,4020.8,47,5
11483,2026-07-02 10:21:45+05:30,4019.0,4,4050.87,519294,121248.0,144608.0,4100.0,4110.0,4016.1,4092.6,23215850,4501.8,3683.4,4440.0,3288.1,4019.0,25,2,4018.9,23,1,4018.8,1,1,4018.7,10,1,4018.5,49,3,4019.2,12,2,4020.5,5,1,4020.6,6,1,4020.7,17,2,4020.8,33,4
11483,2026-07-02 10:21:46+05:30,4019.2,1,4050.87,519294,121248.0,144608.0,4100.0,4110.0,4016.1,4092.6,23215850,4501.8,3683.4,4440.0,3288.1,4019.0,25,2,4018.9,23,1,4018.8,1,1,4018.7,10,1,4018.5,49,3,4019.2,12,2,4020.5,5,1,4020.6,6,1,4020.7,17,2,4020.8,33,4
11483,2026-07-02 10:21:46+05:30,4019.2,1,4050.86,519439,121985.0,144204.0,4100.0,4110.0,4016.1,4092.6,23215850,4501.8,3683.4,4440.0,3288.1,4019.2,56,4,4019.1,80,7,4019.0,52,6,4018.9,46,6,4018.8,29,2,4020.7,35,2,4020.8,12,2,4020.9,9,1,4021.0,14,2,4021.1,20,3
11483,2026-07-02 10:21:47+05:30,4021.1,1,4050.86,519439,121985.0,144204.0,4100.0,4110.0,4016.1,4092.6,23215850,4501.8,3683.4,4440.0,3288.1,4019.2,56,4,4019.1,80,7,4019.0,52,6,4018.9,46,6,4018.8,29,2,4020.7,35,2,4020.8,12,2,4020.9,9,1,4021.0,14,2,4021.1,20,3
11483,2026-07-02 10:21:47+05:30,4021.0,2,4050.85,519649,122184.0,144297.0,4100.0,4110.0,4016.1,4092.6,23215850,4501.8,3683.4,4440.0,3288.1,4019.2,13,1,4019.1,12,2,4019.0,34,2,4018.9,25,2,4018.7,53,4,4020.7,28,2,4020.8,3,1,4020.9,25,3,4021.0,49,3,4021.1,31,4
11483,2026-07-02 10:21:48+05:30,4021.0,2,4050.85,519649,122184.0,144297.0,4100.0,4110.0,4016.1,4092.6,23215850,4501.8,3683.4,4440.0,3288.1,4019.2,13,1,4019.1,12,2,4019.0,34,2,4018.9,25,2,4018.7,53,4,4020.7,28,2,4020.8,3,1,4020.9,25,3,4021.0,49,3,4021.1,31,4
11483,2026-07-02 10:21:48+05:30,4020.7,5,4050.85,519657,122402.0,144232.0,4100.0,4110.0,4016.1,4092.6,23215850,4501.8,3683.4,4440.0,3288.1,4019.2,14,2,4019.1,12,2,4019.0,91,5,4018.9,25,2,4018.7,32,3,4020.7,19,3,4020.8,4,2,4020.9,25,3,4021.0,53,5,4021.1,5,2
11483,2026-07-02 10:21:49+05:30,4020.7,3,4050.85,519657,122402.0,144232.0,4100.0,4110.0,4016.1,4092.6,23215850,4501.8,3683.4,4440.0,3288.1,4019.2,14,2,4019.1,12,2,4019.0,91,5,4018.9,25,2,4018.7,32,3,4020.7,19,3,4020.8,4,2,4020.9,25,3,4021.0,53,5,4021.1,5,2
11483,2026-07-02 10:21:49+05:30,4019.5,1,4050.85,519667,122428.0,144206.0,4100.0,4110.0,4016.1,4092.6,23215850,4501.8,3683.4,4440.0,3288.1,4019.5,23,1,4019.2,23,4,4019.1,10,1,4019.0,56,3,4018.9,25,2,4020.7,20,5,4020.8,4,2,4020.9,13,2,4021.0,53,5,4021.1,5,2
11483,2026-07-02 10:21:50+05:30,4019.5,1,4050.85,519667,122428.0,144206.0,4100.0,4110.0,4016.1,4092.6,23215850,4501.8,3683.4,4440.0,3288.1,4019.5,23,1,4019.2,23,4,4019.1,10,1,4019.0,56,3,4018.9,25,2,4020.7,20,5,4020.8,4,2,4020.9,13,2,4021.0,53,5,4021.1,5,2
11483,2026-07-02 10:21:50+05:30,4020.9,3,4050.85,519697,122463.0,144028.0,4100.0,4110.0,4016.1,4092.6,23215850,4501.8,3683.4,4440.0,3288.1,4019.5,23,1,4019.2,23,4,4019.1,15,2,4019.0,56,3,4018.9,37,3,4020.8,3,1,4020.9,12,4,4021.0,53,5,4021.1,5,2,4021.2,40,4
11483,2026-07-02 10:21:51+05:30,4020.9,3,4050.85,519697,122463.0,144028.0,4100.0,4110.0,4016.1,4092.6,23215850,4501.8,3683.4,4440.0,3288.1,4019.5,23,1,4019.2,23,4,4019.1,15,2,4019.0,56,3,4018.9,37,3,4020.8,3,1,4020.9,12,4,4021.0,53,5,4021.1,5,2,4021.2,40,4
11483,2026-07-02 10:21:51+05:30,4020.9,3,4050.85,519718,122515.0,144055.0,4100.0,4110.0,4016.1,4092.6,23215850,4501.8,3683.4,4440.0,3288.1,4019.5,23,1,4019.2,23,4,4019.1,15,2,4019.0,56,3,4018.9,37,3,4020.9,3,3,4021.0,53,5,4021.1,26,3,4021.2,64,4,4021.3,5,1
11483,2026-07-02 10:21:52+05:30,4020.9,1,4050.85,519718,122515.0,144055.0,4100.0,4110.0,4016.1,4092.6,23215850,4501.8,3683.4,4440.0,3288.1,4019.5,23,1,4019.2,23,4,4019.1,15,2,4019.0,56,3,4018.9,37,3,4020.9,3,3,4021.0,53,5,4021.1,26,3,4021.2,64,4,4021.3,5,1
11483,2026-07-02 10:21:52+05:30,4020.9,1,4050.85,519723,122272.0,144442.0,4100.0,4110.0,4016.1,4092.6,23215850,4501.8,3683.4,4440.0,3288.1,4019.5,23,1,4019.2,26,4,4019.1,15,2,4019.0,56,3,4018.9,25,2,4021.0,60,5,4021.1,40,3,4021.2,64,4,4021.3,29,2,4021.4,28,2
11483,2026-07-02 10:21:53+05:30,4019.5,15,4050.85,519723,122272.0,144442.0,4100.0,4110.0,4016.1,4092.6,23215850,4501.8,3683.4,4440.0,3288.1,4019.5,23,1,4019.2,26,4,4019.1,15,2,4019.0,56,3,4018.9,25,2,4021.0,60,5,4021.1,40,3,4021.2,64,4,4021.3,29,2,4021.4,28,2
11483,2026-07-02 10:21:53+05:30,4019.5,10,4050.84,519777,122079.0,144517.0,4100.0,4110.0,4016.1,4092.6,23215850,4501.8,3683.4,4440.0,3288.1,4019.3,23,3,4019.2,17,4,4019.1,15,2,4019.0,47,4,4018.9,31,3,4019.5,8,4,4020.8,32,1,4020.9,39,1,4021.0,39,4,4021.1,66,4
11483,2026-07-02 10:21:54+05:30,4019.5,10,4050.84,519777,122079.0,144517.0,4100.0,4110.0,4016.1,4092.6,23215850,4501.8,3683.4,4440.0,3288.1,4019.3,23,3,4019.2,17,4,4019.1,15,2,4019.0,47,4,4018.9,31,3,4019.5,8,4,4020.8,32,1,4020.9,39,1,4021.0,39,4,4021.1,66,4
11483,2026-07-02 10:21:54+05:30,4019.5,10,4050.84,519777,122124.0,144535.0,4100.0,4110.0,4016.1,4092.6,23215850,4501.8,3683.4,4440.0,3288.1,4019.3,20,2,4019.2,15,3,4019.1,17,3,4019.0,41,3,4018.9,19,2,4019.5,9,5,4020.8,32,1,4020.9,39,1,4021.0,38,3,4021.1,66,4
11483,2026-07-02 10:21:55+05:30,4019.5,2,4050.84,519793,122188.0,144497.0,4100.0,4110.0,4016.1,4092.6,23215850,4501.8,3683.4,4440.0,3288.1,4019.3,20,2,4019.2,15,3,4019.1,17,3,4019.0,41,3,4018.9,19,2,4019.5,11,5,4020.9,39,2,4021.0,88,6,4021.1,4,2,4021.2,9,1
11483,2026-07-02 10:21:56+05:30,4019.5,1,4050.84,519793,122188.0,144497.0,4100.0,4110.0,4016.1,4092.6,23215850,4501.8,3683.4,4440.0,3288.1,4019.3,20,2,4019.2,15,3,4019.1,17,3,4019.0,41,3,4018.9,19,2,4019.5,11,5,4020.9,39,2,4021.0,88,6,4021.1,4,2,4021.2,9,1
11483,2026-07-02 10:21:56+05:30,4020.9,1,4050.83,519909,122965.0,144104.0,4100.0,4110.0,4016.1,4092.6,23215850,4501.8,3683.4,4440.0,3288.1,4019.8,40,5,4019.7,53,5,4019.6,44,5,4019.5,32,4,4019.4,107,8,4020.9,34,1,4021.0,14,1,4021.2,9,1,4021.4,22,1,4021.7,4,2
11483,2026-07-02 10:21:57+05:30,4020.9,1,4050.83,519909,122965.0,144104.0,4100.0,4110.0,4016.1,4092.6,23215850,4501.8,3683.4,4440.0,3288.1,4019.8,40,5,4019.7,53,5,4019.6,44,5,4019.5,32,4,4019.4,107,8,4020.9,34,1,4021.0,14,1,4021.2,9,1,4021.4,22,1,4021.7,4,2
11483,2026-07-02 10:21:57+05:30,4020.9,1,4050.83,519910,122992.0,144108.0,4100.0,4110.0,4016.1,4092.6,23215850,4501.8,3683.4,4440.0,3288.1,4020.0,200,1,4019.8,16,2,4019.7,20,2,4019.6,32,3,4019.5,33,5,4020.8,4,2,4020.9,38,5,4021.0,14,1,4021.2,9,1,4021.4,22,1
11483,2026-07-02 10:21:58+05:30,4020.8,1,4050.83,519910,122992.0,144108.0,4100.0,4110.0,4016.1,4092.6,23215850,4501.8,3683.4,4440.0,3288.1,4020.0,200,1,4019.8,16,2,4019.7,20,2,4019.6,32,3,4019.5,33,5,4020.8,4,2,4020.9,38,5,4021.0,14,1,4021.2,9,1,4021.4,22,1
11483,2026-07-02 10:21:58+05:30,4020.9,1,4050.83,519914,123144.0,144024.0,4100.0,4110.0,4016.1,4092.6,23215850,4501.8,3683.4,4440.0,3288.1,4020.0,206,2,4019.8,16,2,4019.7,20,2,4019.6,22,2,4019.5,59,6,4020.9,38,5,4021.0,14,1,4021.2,9,1,4021.4,22,1,4021.5,5,1
11483,2026-07-02 10:21:59+05:30,4020.9,1,4050.83,519914,123144.0,144024.0,4100.0,4110.0,4016.1,4092.6,23215850,4501.8,3683.4,4440.0,3288.1,4020.0,206,2,4019.8,16,2,4019.7,20,2,4019.6,22,2,4019.5,59,6,4020.9,38,5,4021.0,14,1,4021.2,9,1,4021.4,22,1,4021.5,5,1
11483,2026-07-02 10:21:59+05:30,4020.9,10,4050.83,519925,123153.0,144055.0,4100.0,4110.0,4016.1,4092.6,23215850,4501.8,3683.4,4440.0,3288.1,4020.0,206,2,4019.8,16,2,4019.7,20,2,4019.6,22,2,4019.5,52,5,4020.9,30,8,4021.0,14,1,4021.2,20,2,4021.3,2,1,4021.4,22,1
11483,2026-07-02 10:22:00+05:30,4020.9,10,4050.83,519925,123153.0,144055.0,4100.0,4110.0,4016.1,4092.6,23215850,4501.8,3683.4,4440.0,3288.1,4020.0,206,2,4019.8,16,2,4019.7,20,2,4019.6,22,2,4019.5,52,5,4020.9,30,8,4021.0,14,1,4021.2,20,2,4021.3,2,1,4021.4,22,1
11483,2026-07-02 10:22:00+05:30,4021.4,3,4050.83,520072,123209.0,143559.0,4100.0,4110.0,4016.1,4092.6,23215850,4501.8,3683.4,4440.0,3288.1,4021.0,5,1,4020.8,10,1,4020.0,206,3,4019.8,11,1,4019.5,24,3,4021.4,14,3,4021.5,12,2,4021.6,25,2,4021.7,15,2,4021.8,73,4
11483,2026-07-02 10:22:01+05:30,4021.4,3,4050.83,520072,123209.0,143559.0,4100.0,4110.0,4016.1,4092.6,23215850,4501.8,3683.4,4440.0,3288.1,4021.0,5,1,4020.8,10,1,4020.0,206,3,4019.8,11,1,4019.5,24,3,4021.4,14,3,4021.5,12,2,4021.6,25,2,4021.7,15,2,4021.8,73,4
11483,2026-07-02 10:22:02+05:30,4021.4,1,4050.83,520073,122930.0,143617.0,4100.0,4110.0,4016.1,4092.6,23215850,4501.8,3683.4,4440.0,3288.1,4021.0,5,1,4020.8,10,1,4020.0,206,3,4019.8,11,1,4019.6,25,1,4021.4,15,4,4021.5,10,1,4021.6,25,2,4021.7,17,3,4021.8,73,4
11483,2026-07-02 10:22:02+05:30,4021.0,1,4050.83,520073,122930.0,143617.0,4100.0,4110.0,4016.1,4092.6,23215850,4501.8,3683.4,4440.0,3288.1,4021.0,5,1,4020.8,10,1,4020.0,206,3,4019.8,11,1,4019.6,25,1,4021.4,15,4,4021.5,10,1,4021.6,25,2,4021.7,17,3,4021.8,73,4
11483,2026-07-02 10:22:03+05:30,4021.0,4,4050.83,520079,123031.0,143893.0,4100.0,4110.0,4016.1,4092.6,23215850,4501.8,3683.4,4440.0,3288.1,4020.8,10,1,4020.0,206,3,4019.8,11,1,4019.6,25,1,4019.5,22,4,4021.0,10,1,4021.4,14,4,4021.5,12,2,4021.6,25,2,4021.7,15,2
11483,2026-07-02 10:22:03+05:30,4021.0,4,4050.83,520079,123031.0,143893.0,4100.0,4110.0,4016.1,4092.6,23215850,4501.8,3683.4,4440.0,3288.1,4020.8,10,1,4020.0,206,3,4019.8,11,1,4019.6,25,1,4019.5,22,4,4021.0,10,1,4021.4,14,4,4021.5,12,2,4021.6,25,2,4021.7,15,2
11483,2026-07-02 10:22:04+05:30,4021.0,1,4050.83,520080,123472.0,143712.0,4100.0,4110.0,4016.1,4092.6,23215850,4501.8,3683.4,4440.0,3288.1,4020.8,10,1,4020.0,206,3,4019.9,1,1,4019.8,11,1,4019.5,22,4,4021.0,11,3,4021.3,11,1,4021.4,2,2,4021.6,21,1,4021.8,37,3
11483,2026-07-02 10:22:04+05:30,4021.0,9,4050.83,520080,123472.0,143712.0,4100.0,4110.0,4016.1,4092.6,23215850,4501.8,3683.4,4440.0,3288.1,4020.8,10,1,4020.0,206,3,4019.9,1,1,4019.8,11,1,4019.5,22,4,4021.0,11,3,4021.3,11,1,4021.4,2,2,4021.6,21,1,4021.8,37,3
11483,2026-07-02 10:22:05+05:30,4021.0,20,4050.82,520126,123289.0,143748.0,4100.0,4110.0,4016.1,4092.6,23215850,4501.8,3683.4,4440.0,3288.1,4020.8,10,1,4020.0,206,3,4019.8,11,1,4019.6,1,1,4019.5,22,4,4021.0,27,4,4021.4,14,3,4021.5,13,2,4021.6,22,2,4021.7,18,1
11483,2026-07-02 10:22:05+05:30,4021.0,20,4050.82,520126,123289.0,143748.0,4100.0,4110.0,4016.1,4092.6,23215850,4501.8,3683.4,4440.0,3288.1,4020.8,10,1,4020.0,206,3,4019.8,11,1,4019.6,1,1,4019.5,22,4,4021.0,27,4,4021.4,14,3,4021.5,13,2,4021.6,22,2,4021.7,18,1
11483,2026-07-02 10:22:06+05:30,4020.8,5,4050.82,520126,123289.0,143748.0,4100.0,4110.0,4016.1,4092.6,23215850,4501.8,3683.4,4440.0,3288.1,4020.8,10,1,4020.0,206,3,4019.8,11,1,4019.6,1,1,4019.5,22,4,4021.0,27,4,4021.4,14,3,4021.5,13,2,4021.6,22,2,4021.7,18,1
11483,2026-07-02 10:22:06+05:30,4020.3,10,4050.82,520165,123157.0,144518.0,4100.0,4110.0,4016.1,4092.6,23215850,4501.8,3683.4,4440.0,3288.1,4020.1,8,1,4020.0,206,3,4019.8,11,1,4019.7,7,1,4019.6,8,1,4020.3,4,1,4020.8,2,1,4021.0,5,5,4021.4,18,2,4021.5,59,2
11483,2026-07-02 10:22:07+05:30,4020.3,10,4050.82,520165,123157.0,144518.0,4100.0,4110.0,4016.1,4092.6,23215850,4501.8,3683.4,4440.0,3288.1,4020.1,8,1,4020.0,206,3,4019.8,11,1,4019.7,7,1,4019.6,8,1,4020.3,4,1,4020.8,2,1,4021.0,5,5,4021.4,18,2,4021.5,59,2
11483,2026-07-02 10:22:07+05:30,4020.3,3,4050.82,520204,123147.0,144808.0,4100.0,4110.0,4016.1,4092.6,23215850,4501.8,3683.4,4440.0,3288.1,4020.0,202,3,4019.8,11,1,4019.6,8,1,4019.5,32,5,4019.4,25,4,4020.3,18,5,4020.8,2,1,4021.0,4,4,4021.1,11,1,4021.4,18,2
11483,2026-07-02 10:22:08+05:30,4020.3,3,4050.82,520204,123147.0,144808.0,4100.0,4110.0,4016.1,4092.6,23215850,4501.8,3683.4,4440.0,3288.1,4020.0,202,3,4019.8,11,1,4019.6,8,1,4019.5,32,5,4019.4,25,4,4020.3,18,5,4020.8,2,1,4021.0,4,4,4021.1,11,1,4021.4,18,2
11483,2026-07-02 10:22:08+05:30,4020.3,1,4050.82,520205,123125.0,144766.0,4100.0,4110.0,4016.1,4092.6,23215850,4501.8,3683.4,4440.0,3288.1,4020.0,202,3,4019.8,11,1,4019.5,22,4,4019.4,22,3,4019.3,61,5,4020.3,17,4,4020.8,2,1,4021.0,4,4,4021.1,11,1,4021.4,18,2
11483,2026-07-02 10:22:09+05:30,4020.0,29,4050.82,520205,123125.0,144766.0,4100.0,4110.0,4016.1,4092.6,23215850,4501.8,3683.4,4440.0,3288.1,4020.0,202,3,4019.8,11,1,4019.5,22,4,4019.4,22,3,4019.3,61,5,4020.3,17,4,4020.8,2,1,4021.0,4,4,4021.1,11,1,4021.4,18,2
11483,2026-07-02 10:22:09+05:30,4020.3,3,4050.82,520243,123209.0,144286.0,4100.0,4110.0,4016.1,4092.6,23215850,4501.8,3683.4,4440.0,3288.1,4020.5,94,1,4020.0,191,4,4019.8,11,1,4019.6,5,1,4019.5,22,4,4020.8,2,1,4021.0,15,5,4021.5,13,2,4021.6,22,2,4021.8,72,4
11483,2026-07-02 10:22:10+05:30,4020.8,4,4050.82,520243,123209.0,144286.0,4100.0,4110.0,4016.1,4092.6,23215850,4501.8,3683.4,4440.0,3288.1,4020.5,94,1,4020.0,191,4,4019.8,11,1,4019.6,5,1,4019.5,22,4,4020.8,2,1,4021.0,15,5,4021.5,13,2,4021.6,22,2,4021.8,72,4
11483,2026-07-02 10:22:10+05:30,4020.8,1,4050.81,520265,123170.0,143840.0,4100.0,4110.0,4016.1,4092.6,23215850,4501.8,3683.4,4440.0,3288.1,4020.5,81,2,4020.0,191,4,4019.8,11,1,4019.6,18,3,4019.5,27,5,4020.8,1,1,4021.0,2,2,4021.2,10,1,4021.5,11,1,4021.6,22,2
11483,2026-07-02 10:22:11+05:30,4020.5,2,4050.81,520265,123170.0,143840.0,4100.0,4110.0,4016.1,4092.6,23215850,4501.8,3683.4,4440.0,3288.1,4020.5,81,2,4020.0,191,4,4019.8,11,1,4019.6,18,3,4019.5,27,5,4020.8,1,1,4021.0,2,2,4021.2,10,1,4021.5,11,1,4021.6,22,2
11483,2026-07-02 10:22:11+05:30,4020.8,1,4050.81,520274,123163.0,143912.0,4100.0,4110.0,4016.1,4092.6,23215850,4501.8,3683.4,4440.0,3288.1,4020.5,74,2,4020.0,241,5,4019.8,11,1,4019.6,18,3,4019.5,27,5,4020.8,2,2,4021.2,10,1,4021.5,11,1,4021.6,22,2,4021.7,2,1
11483,2026-07-02 10:22:12+05:30,4020.8,1,4050.81,520274,123163.0,143912.0,4100.0,4110.0,4016.1,4092.6,23215850,4501.8,3683.4,4440.0,3288.1,4020.5,74,2,4020.0,241,5,4019.8,11,1,4019.6,18,3,4019.5,27,5,4020.8,2,2,4021.2,10,1,4021.5,11,1,4021.6,22,2,4021.7,2,1
11483,2026-07-02 10:22:12+05:30,4020.8,1,4050.81,520278,123201.0,143871.0,4100.0,4110.0,4016.1,4092.6,23215850,4501.8,3683.4,4440.0,3288.1,4020.5,74,2,4020.0,241,5,4019.8,11,1,4019.7,18,2,4019.6,23,2,4020.8,1,1,4021.2,10,1,4021.5,11,1,4021.6,22,2,4021.8,54,3
11483,2026-07-02 10:22:13+05:30,4020.5,1,4050.81,520278,123201.0,143871.0,4100.0,4110.0,4016.1,4092.6,23215850,4501.8,3683.4,4440.0,3288.1,4020.5,74,2,4020.0,241,5,4019.8,11,1,4019.7,18,2,4019.6,23,2,4020.8,1,1,4021.2,10,1,4021.5,11,1,4021.6,22,2,4021.8,54,3
11483,2026-07-02 10:22:13+05:30,4020.5,1,4050.81,520369,123168.0,143954.0,4100.0,4110.0,4016.1,4092.6,23215850,4501.8,3683.4,4440.0,3288.1,4020.3,18,1,4020.1,23,1,4020.0,241,5,4019.8,11,1,4019.7,17,1,4020.5,11,1,4021.4,72,3,4021.5,63,3,4021.6,22,2,4021.7,2,1
11483,2026-07-02 10:22:14+05:30,4020.5,1,4050.81,520369,123168.0,143954.0,4100.0,4110.0,4016.1,4092.6,23215850,4501.8,3683.4,4440.0,3288.1,4020.3,18,1,4020.1,23,1,4020.0,241,5,4019.8,11,1,4019.7,17,1,4020.5,11,1,4021.4,72,3,4021.5,63,3,4021.6,22,2,4021.7,2,1
11483,2026-07-02 10:22:14+05:30,4020.5,1,4050.81,520384,123202.0,143992.0,4100.0,4110.0,4016.1,4092.6,23215850,4501.8,3683.4,4440.0,3288.1,4020.3,18,1,4020.1,23,1,4020.0,241,5,4019.8,11,1,4019.7,18,2,4020.5,15,3,4021.0,10,1,4021.4,62,2,4021.5,73,4,4021.6,22,2
11483,2026-07-02 10:22:15+05:30,4020.5,2,4050.81,520384,123202.0,143992.0,4100.0,4110.0,4016.1,4092.6,23215850,4501.8,3683.4,4440.0,3288.1,4020.3,18,1,4020.1,23,1,4020.0,241,5,4019.8,11,1,4019.7,18,2,4020.5,15,3,4021.0,10,1,4021.4,62,2,4021.5,73,4,4021.6,22,2
11483,2026-07-02 10:22:15+05:30,4020.5,1,4050.81,520387,123260.0,144037.0,4100.0,4110.0,4016.1,4092.6,23215850,4501.8,3683.4,4440.0,3288.1,4020.3,18,1,4020.1,23,1,4020.0,327,6,4019.8,11,1,4019.7,17,1,4020.5,26,8,4020.9,10,1,4021.0,13,1,4021.2,10,1,4021.3,19,1
11483,2026-07-02 10:22:16+05:30,4020.5,2,4050.81,520387,123260.0,144037.0,4100.0,4110.0,4016.1,4092.6,23215850,4501.8,3683.4,4440.0,3288.1,4020.3,18,1,4020.1,23,1,4020.0,327,6,4019.8,11,1,4019.7,17,1,4020.5,26,8,4020.9,10,1,4021.0,13,1,4021.2,10,1,4021.3,19,1
11483,2026-07-02 10:22:16+05:30,4020.5,1,4050.8,520458,123296.0,144205.0,4100.0,4110.0,4016.1,4092.6,23215850,4501.8,3683.4,4440.0,3288.1,4020.3,15,1,4020.1,23,1,4020.0,327,6,4019.7,17,1,4019.6,18,1,4020.5,13,4,4020.9,10,1,4021.3,19,1,4021.4,80,4,4021.5,65,4
11483,2026-07-02 10:22:17+05:30,4020.5,1,4050.8,520458,123296.0,144205.0,4100.0,4110.0,4016.1,4092.6,23215850,4501.8,3683.4,4440.0,3288.1,4020.3,15,1,4020.1,23,1,4020.0,327,6,4019.7,17,1,4019.6,18,1,4020.5,13,4,4020.9,10,1,4021.3,19,1,4021.4,80,4,4021.5,65,4
11483,2026-07-02 10:22:17+05:30,4020.5,1,4050.8,520459,123273.0,144339.0,4100.0,4110.0,4016.1,4092.6,23215850,4501.8,3683.4,4440.0,3288.1,4020.3,15,1,4020.1,23,1,4020.0,327,6,4019.7,18,2,4019.6,18,1,4020.5,4,4,4020.6,10,1,4020.9,10,1,4021.2,10,1,4021.3,19,1
11483,2026-07-02 10:22:18+05:30,4020.5,1,4050.8,520459,123273.0,144339.0,4100.0,4110.0,4016.1,4092.6,23215850,4501.8,3683.4,4440.0,3288.1,4020.3,15,1,4020.1,23,1,4020.0,327,6,4019.7,18,2,4019.6,18,1,4020.5,4,4,4020.6,10,1,4020.9,10,1,4021.2,10,1,4021.3,19,1
11483,2026-07-02 10:22:18+05:30,4020.3,2,4050.8,520459,123273.0,144339.0,4100.0,4110.0,4016.1,4092.6,23215850,4501.8,3683.4,4440.0,3288.1,4020.3,15,1,4020.1,23,1,4020.0,327,6,4019.7,18,2,4019.6,18,1,4020.5,4,4,4020.6,10,1,4020.9,10,1,4021.2,10,1,4021.3,19,1
11483,2026-07-02 10:22:18+05:30,4020.3,2,4050.8,520459,123273.0,144339.0,4100.0,4110.0,4016.1,4092.6,23215850,4501.8,3683.4,4440.0,3288.1,4020.3,15,1,4020.1,23,1,4020.0,327,6,4019.7,18,2,4019.6,18,1,4020.5,4,4,4020.6,10,1,4020.9,10,1,4021.2,10,1,4021.3,19,1
11483,2026-07-02 10:22:18+05:30,4021.4,2,4050.8,520478,123620.0,143729.0,4100.0,4110.0,4016.1,4092.6,23215850,4501.8,3683.4,4440.0,3288.1,4020.5,175,1,4020.3,13,1,4020.1,26,3,4020.0,350,7,4019.7,17,1,4021.4,30,4,4021.6,21,1,4021.8,31,2,4021.9,30,2,4022.0,94,9
11483,2026-07-02 10:22:18+05:30,4021.4,2,4050.8,520478,123620.0,143729.0,4100.0,4110.0,4016.1,4092.6,23215850,4501.8,3683.4,4440.0,3288.1,4020.5,175,1,4020.3,13,1,4020.1,26,3,4020.0,350,7,4019.7,17,1,4021.4,30,4,4021.6,21,1,4021.8,31,2,4021.9,30,2,4022.0,94,9
11483,2026-07-02 10:22:19+05:30,4021.4,2,4050.8,520478,123620.0,143729.0,4100.0,4110.0,4016.1,4092.6,23215850,4501.8,3683.4,4440.0,3288.1,4020.5,175,1,4020.3,13,1,4020.1,26,3,4020.0,350,7,4019.7,17,1,4021.4,30,4,4021.6,21,1,4021.8,31,2,4021.9,30,2,4022.0,94,9
11483,2026-07-02 10:22:19+05:30,4021.4,2,4050.8,520478,123620.0,143729.0,4100.0,4110.0,4016.1,4092.6,23215850,4501.8,3683.4,4440.0,3288.1,4020.5,175,1,4020.3,13,1,4020.1,26,3,4020.0,350,7,4019.7,17,1,4021.4,30,4,4021.6,21,1,4021.8,31,2,4021.9,30,2,4022.0,94,9
11483,2026-07-02 10:22:19+05:30,4021.4,2,4050.8,520478,123675.0,143801.0,4100.0,4110.0,4016.1,4092.6,23215850,4501.8,3683.4,4440.0,3288.1,4020.5,175,1,4020.3,18,2,4020.2,1,1,4020.1,25,2,4020.0,399,10,4021.4,31,5,4021.5,61,1,4021.6,21,1,4021.8,31,2,4021.9,30,2
11483,2026-07-02 10:22:19+05:30,4021.4,2,4050.8,520478,123675.0,143801.0,4100.0,4110.0,4016.1,4092.6,23215850,4501.8,3683.4,4440.0,3288.1,4020.5,175,1,4020.3,18,2,4020.2,1,1,4020.1,25,2,4020.0,399,10,4021.4,31,5,4021.5,61,1,4021.6,21,1,4021.8,31,2,4021.9,30,2
11483,2026-07-02 10:22:20+05:30,4021.3,5,4050.8,520478,123675.0,143801.0,4100.0,4110.0,4016.1,4092.6,23215850,4501.8,3683.4,4440.0,3288.1,4020.5,175,1,4020.3,18,2,4020.2,1,1,4020.1,25,2,4020.0,399,10,4021.4,31,5,4021.5,61,1,4021.6,21,1,4021.8,31,2,4021.9,30,2
11483,2026-07-02 10:22:20+05:30,4021.3,5,4050.8,520478,123675.0,143801.0,4100.0,4110.0,4016.1,4092.6,23215850,4501.8,3683.4,4440.0,3288.1,4020.5,175,1,4020.3,18,2,4020.2,1,1,4020.1,25,2,4020.0,399,10,4021.4,31,5,4021.5,61,1,4021.6,21,1,4021.8,31,2,4021.9,30,2
11483,2026-07-02 10:22:20+05:30,4021.3,5,4050.8,520483,123698.0,143772.0,4100.0,4110.0,4016.1,4092.6,23215850,4501.8,3683.4,4440.0,3288.1,4020.5,175,1,4020.3,13,1,4020.2,1,1,4020.1,25,2,4020.0,421,11,4021.3,56,2,4021.4,32,6,4021.5,2,1,4021.6,21,1,4021.8,31,2
11483,2026-07-02 10:22:20+05:30,4021.3,5,4050.8,520483,123698.0,143772.0,4100.0,4110.0,4016.1,4092.6,23215850,4501.8,3683.4,4440.0,3288.1,4020.5,175,1,4020.3,13,1,4020.2,1,1,4020.1,25,2,4020.0,421,11,4021.3,56,2,4021.4,32,6,4021.5,2,1,4021.6,21,1,4021.8,31,2
11483,2026-07-02 10:22:21+05:30,4021.3,5,4050.8,520483,123698.0,143772.0,4100.0,4110.0,4016.1,4092.6,23215850,4501.8,3683.4,4440.0,3288.1,4020.5,175,1,4020.3,13,1,4020.2,1,1,4020.1,25,2,4020.0,421,11,4021.3,56,2,4021.4,32,6,4021.5,2,1,4021.6,21,1,4021.8,31,2
11483,2026-07-02 10:22:21+05:30,4021.3,1,4050.8,520483,123698.0,143772.0,4100.0,4110.0,4016.1,4092.6,23215850,4501.8,3683.4,4440.0,3288.1,4020.5,175,1,4020.3,13,1,4020.2,1,1,4020.1,25,2,4020.0,421,11,4021.3,56,2,4021.4,32,6,4021.5,2,1,4021.6,21,1,4021.8,31,2
11483,2026-07-02 10:22:21+05:30,4021.3,1,4050.8,520483,123698.0,143772.0,4100.0,4110.0,4016.1,4092.6,23215850,4501.8,3683.4,4440.0,3288.1,4020.5,175,1,4020.3,13,1,4020.2,1,1,4020.1,25,2,4020.0,421,11,4021.3,56,2,4021.4,32,6,4021.5,2,1,4021.6,21,1,4021.8,31,2
11483,2026-07-02 10:22:21+05:30,4021.3,1,4050.8,520483,123698.0,143772.0,4100.0,4110.0,4016.1,4092.6,23229675,4501.8,3683.4,4440.0,3288.1,4020.5,175,1,4020.3,13,1,4020.2,1,1,4020.1,25,2,4020.0,421,11,4021.3,56,2,4021.4,32,6,4021.5,2,1,4021.6,21,1,4021.8,31,2
11483,2026-07-02 10:22:21+05:30,4021.3,1,4050.8,520488,123702.0,143766.0,4100.0,4110.0,4016.1,4092.6,23229675,4501.8,3683.4,4440.0,3288.1,4020.5,175,1,4020.3,13,1,4020.2,1,1,4020.1,25,2,4020.0,421,11,4021.3,52,3,4021.4,31,5,4021.5,2,1,4021.6,21,1,4021.8,31,2
11483,2026-07-02 10:22:21+05:30,4021.3,1,4050.8,520488,123702.0,143766.0,4100.0,4110.0,4016.1,4092.6,23229675,4501.8,3683.4,4440.0,3288.1,4020.5,175,1,4020.3,13,1,4020.2,1,1,4020.1,25,2,4020.0,421,11,4021.3,52,3,4021.4,31,5,4021.5,2,1,4021.6,21,1,4021.8,31,2
11483,2026-07-02 10:22:22+05:30,4021.3,1,4050.8,520488,123702.0,143766.0,4100.0,4110.0,4016.1,4092.6,23229675,4501.8,3683.4,4440.0,3288.1,4020.5,175,1,4020.3,13,1,4020.2,1,1,4020.1,25,2,4020.0,421,11,4021.3,52,3,4021.4,31,5,4021.5,2,1,4021.6,21,1,4021.8,31,2
11483,2026-07-02 10:22:22+05:30,4021.3,1,4050.8,520488,123902.0,143806.0,4100.0,4110.0,4016.1,4092.6,23229675,4501.8,3683.4,4440.0,3288.1,4020.5,175,1,4020.3,13,1,4020.2,1,1,4020.1,25,2,4020.0,621,12,4021.3,52,3,4021.4,31,5,4021.5,37,2,4021.6,21,1,4021.8,31,2
11483,2026-07-02 10:22:22+05:30,4021.3,1,4050.8,520488,123902.0,143806.0,4100.0,4110.0,4016.1,4092.6,23229675,4501.8,3683.4,4440.0,3288.1,4020.5,175,1,4020.3,13,1,4020.2,1,1,4020.1,25,2,4020.0,621,12,4021.3,52,3,4021.4,31,5,4021.5,37,2,4021.6,21,1,4021.8,31,2
11483,2026-07-02 10:22:23+05:30,4020.5,137,4050.8,520488,123902.0,143806.0,4100.0,4110.0,4016.1,4092.6,23229675,4501.8,3683.4,4440.0,3288.1,4020.5,175,1,4020.3,13,1,4020.2,1,1,4020.1,25,2,4020.0,621,12,4021.3,52,3,4021.4,31,5,4021.5,37,2,4021.6,21,1,4021.8,31,2
11483,2026-07-02 10:22:23+05:30,4020.5,137,4050.8,520488,123902.0,143806.0,4100.0,4110.0,4016.1,4092.6,23229675,4501.8,3683.4,4440.0,3288.1,4020.5,175,1,4020.3,13,1,4020.2,1,1,4020.1,25,2,4020.0,621,12,4021.3,52,3,4021.4,31,5,4021.5,37,2,4021.6,21,1,4021.8,31,2
11483,2026-07-02 10:22:23+05:30,4020.5,25,4050.79,520763,123594.0,143906.0,4100.0,4110.0,4016.1,4092.6,23229675,4501.8,3683.4,4440.0,3288.1,4020.3,13,1,4020.2,1,1,4020.1,7,2,4020.0,605,12,4019.9,7,1,4020.5,2,1,4021.3,12,2,4021.4,29,3,4021.5,37,2,4021.6,43,2
11483,2026-07-02 10:22:24+05:30,4020.5,4,4050.79,520763,123594.0,143906.0,4100.0,4110.0,4016.1,4092.6,23229675,4501.8,3683.4,4440.0,3288.1,4020.3,13,1,4020.2,1,1,4020.1,7,2,4020.0,605,12,4019.9,7,1,4020.5,2,1,4021.3,12,2,4021.4,29,3,4021.5,37,2,4021.6,43,2
11483,2026-07-02 10:22:24+05:30,4020.5,1,4050.78,520772,123770.0,143863.0,4100.0,4110.0,4016.1,4092.6,23229675,4501.8,3683.4,4440.0,3288.1,4020.5,11,1,4020.3,13,1,4020.1,8,3,4020.0,656,13,4019.6,24,2,4021.3,11,1,4021.4,17,2,4021.5,37,2,4021.6,21,1,4021.8,31,2
11483,2026-07-02 10:22:25+05:30,4020.5,1,4050.78,520772,123770.0,143863.0,4100.0,4110.0,4016.1,4092.6,23229675,4501.8,3683.4,4440.0,3288.1,4020.5,11,1,4020.3,13,1,4020.1,8,3,4020.0,656,13,4019.6,24,2,4021.3,11,1,4021.4,17,2,4021.5,37,2,4021.6,21,1,4021.8,31,2
11483,2026-07-02 10:22:25+05:30,4021.4,21,4050.78,520822,123885.0,143863.0,4100.0,4110.0,4016.1,4092.6,23229675,4501.8,3683.4,4440.0,3288.1,4020.5,11,1,4020.3,13,1,4020.2,1,1,4020.1,29,3,4020.0,673,15,4021.4,7,1,4021.5,37,2,4021.6,21,1,4021.8,31,2,4021.9,30,2
11483,2026-07-02 10:22:26+05:30,4021.4,21,4050.78,520822,123885.0,143863.0,4100.0,4110.0,4016.1,4092.6,23229675,4501.8,3683.4,4440.0,3288.1,4020.5,11,1,4020.3,13,1,4020.2,1,1,4020.1,29,3,4020.0,673,15,4021.4,7,1,4021.5,37,2,4021.6,21,1,4021.8,31,2,4021.9,30,2
11483,2026-07-02 10:22:26+05:30,4021.4,1,4050.78,520839,123995.0,143654.0,4100.0,4110.0,4016.1,4092.6,23229675,4501.8,3683.4,4440.0,3288.1,4020.5,11,1,4020.3,13,1,4020.1,7,2,4020.0,673,15,4019.7,1,1,4021.4,10,4,4021.5,37,2,4021.7,8,1,4021.8,31,2,4021.9,36,2
11483,2026-07-02 10:22:27+05:30,4021.4,1,4050.78,520839,123995.0,143654.0,4100.0,4110.0,4016.1,4092.6,23229675,4501.8,3683.4,4440.0,3288.1,4020.5,11,1,4020.3,13,1,4020.1,7,2,4020.0,673,15,4019.7,1,1,4021.4,10,4,4021.5,37,2,4021.7,8,1,4021.8,31,2,4021.9,36,2
11483,2026-07-02 10:22:28+05:30,4021.4,1,4050.78,520840,124654.0,143818.0,4100.0,4110.0,4016.1,4092.6,23229675,4501.8,3683.4,4440.0,3288.1,4020.5,641,2,4020.3,13,1,4020.1,8,3,4020.0,673,15,4019.7,12,1,4021.4,10,4,4021.5,37,2,4021.8,21,1,4021.9,36,2,4022.0,93,9
11483,2026-07-02 10:22:28+05:30,4021.4,1,4050.78,520840,124654.0,143818.0,4100.0,4110.0,4016.1,4092.6,23229675,4501.8,3683.4,4440.0,3288.1,4020.5,641,2,4020.3,13,1,4020.1,8,3,4020.0,673,15,4019.7,12,1,4021.4,10,4,4021.5,37,2,4021.8,21,1,4021.9,36,2,4022.0,93,9
11483,2026-07-02 10:22:29+05:30,4021.2,1,4050.78,520841,124795.0,144151.0,4100.0,4110.0,4016.1,4092.6,23229675,4501.8,3683.4,4440.0,3288.1,4020.5,669,3,4020.3,13,1,4020.1,105,2,4020.0,683,16,4019.5,41,7,4021.2,14,2,4021.3,39,2,4021.4,46,6,4021.5,12,2,4021.8,68,4
11483,2026-07-02 10:22:29+05:30,4021.2,1,4050.78,520841,124795.0,144151.0,4100.0,4110.0,4016.1,4092.6,23229675,4501.8,3683.4,4440.0,3288.1,4020.5,669,3,4020.3,13,1,4020.1,105,2,4020.0,683,16,4019.5,41,7,4021.2,14,2,4021.3,39,2,4021.4,46,6,4021.5,12,2,4021.8,68,4
11483,2026-07-02 10:22:30+05:30,4021.3,1,4050.78,520897,125026.0,142201.0,4100.0,4110.0,4016.1,4092.6,23229675,4501.8,3683.4,4440.0,3288.1,4021.3,28,7,4021.2,3,2,4021.1,20,1,4021.0,5,1,4020.9,10,1,4021.4,8,2,4021.5,2,1,4022.0,5,2,4022.4,6,1,4022.8,11,2
11483,2026-07-02 10:22:30+05:30,4021.3,1,4050.78,520897,125026.0,142201.0,4100.0,4110.0,4016.1,4092.6,23229675,4501.8,3683.4,4440.0,3288.1,4021.3,28,7,4021.2,3,2,4021.1,20,1,4021.0,5,1,4020.9,10,1,4021.4,8,2,4021.5,2,1,4022.0,5,2,4022.4,6,1,4022.8,11,2
11483,2026-07-02 10:22:31+05:30,4021.3,2,4050.78,520897,125026.0,142201.0,4100.0,4110.0,4016.1,4092.6,23229675,4501.8,3683.4,4440.0,3288.1,4021.3,28,7,4021.2,3,2,4021.1,20,1,4021.0,5,1,4020.9,10,1,4021.4,8,2,4021.5,2,1,4022.0,5,2,4022.4,6,1,4022.8,11,2
11483,2026-07-02 10:22:31+05:30,4021.3,2,4050.78,520933,125132.0,142698.0,4100.0,4110.0,4016.1,4092.6,23229675,4501.8,3683.4,4440.0,3288.1,4021.3,95,1,4021.1,1,1,4021.0,12,2,4020.7,16,3,4020.6,39,4,4021.4,22,3,4021.5,2,1,4022.0,5,2,4022.4,6,1,4022.7,9,1
11483,2026-07-02 10:22:32+05:30,4022.4,1,4050.78,520933,125132.0,142698.0,4100.0,4110.0,4016.1,4092.6,23229675,4501.8,3683.4,4440.0,3288.1,4021.3,95,1,4021.1,1,1,4021.0,12,2,4020.7,16,3,4020.6,39,4,4021.4,22,3,4021.5,2,1,4022.0,5,2,4022.4,6,1,4022.7,9,1
11483,2026-07-02 10:22:32+05:30,4022.4,1,4050.77,520986,125328.0,142627.0,4100.0,4110.0,4016.1,4092.6,23229675,4501.8,3683.4,4440.0,3288.1,4021.3,94,1,4021.0,12,2,4020.9,3,1,4020.8,8,1,4020.7,10,2,4021.4,1,1,4022.4,13,3,4022.8,11,2,4022.9,49,2,4023.0,38,4
11483,2026-07-02 10:22:33+05:30,4021.3,94,4050.77,520986,125328.0,142627.0,4100.0,4110.0,4016.1,4092.6,23229675,4501.8,3683.4,4440.0,3288.1,4021.3,94,1,4021.0,12,2,4020.9,3,1,4020.8,8,1,4020.7,10,2,4021.4,1,1,4022.4,13,3,4022.8,11,2,4022.9,49,2,4023.0,38,4
11483,2026-07-02 10:22:33+05:30,4021.3,94,4050.77,521080,124783.0,143348.0,4100.0,4110.0,4016.1,4092.6,23229675,4501.8,3683.4,4440.0,3288.1,4021.0,1,1,4020.6,19,1,4020.5,685,5,4020.3,13,1,4020.2,1,1,4021.3,17,3,4021.4,1,1,4022.0,9,1,4022.1,4,1,4022.2,25,1
11483,2026-07-02 10:22:34+05:30,4021.3,1,4050.77,521080,124783.0,143348.0,4100.0,4110.0,4016.1,4092.6,23229675,4501.8,3683.4,4440.0,3288.1,4021.0,1,1,4020.6,19,1,4020.5,685,5,4020.3,13,1,4020.2,1,1,4021.3,17,3,4021.4,1,1,4022.0,9,1,4022.1,4,1,4022.2,25,1
11483,2026-07-02 10:22:34+05:30,4021.3,1,4050.76,521266,125412.0,142479.0,4100.0,4110.0,4016.1,4092.6,23229675,4501.8,3683.4,4440.0,3288.1,4021.0,19,4,4020.9,36,4,4020.8,6,1,4020.7,26,1,4020.6,10,1,4021.3,1,1,4022.8,15,1,4022.9,4,1,4023.0,29,4,4023.2,2,1
11483,2026-07-02 10:22:35+05:30,4021.3,1,4050.76,521266,125412.0,142479.0,4100.0,4110.0,4016.1,4092.6,23229675,4501.8,3683.4,4440.0,3288.1,4021.0,19,4,4020.9,36,4,4020.8,6,1,4020.7,26,1,4020.6,10,1,4021.3,1,1,4022.8,15,1,4022.9,4,1,4023.0,29,4,4023.2,2,1
11483,2026-07-02 10:22:35+05:30,4021.3,1,4050.76,521267,125682.0,142719.0,4100.0,4110.0,4016.1,4092.6,23229675,4501.8,3683.4,4440.0,3288.1,4021.0,127,5,4020.9,1,1,4020.7,17,2,4020.6,8,1,4020.5,747,8,4021.3,5,5,4022.8,50,3,4022.9,2,1,4023.0,29,4,4023.2,22,2
11483,2026-07-02 10:22:36+05:30,4021.3,1,4050.76,521267,125682.0,142719.0,4100.0,4110.0,4016.1,4092.6,23229675,4501.8,3683.4,4440.0,3288.1,4021.0,127,5,4020.9,1,1,4020.7,17,2,4020.6,8,1,4020.5,747,8,4021.3,5,5,4022.8,50,3,4022.9,2,1,4023.0,29,4,4023.2,22,2
11483,2026-07-02 10:22:36+05:30,4021.3,1,4050.76,521267,125684.0,142731.0,4100.0,4110.0,4016.1,4092.6,23229675,4501.8,3683.4,4440.0,3288.1,4021.0,127,5,4020.9,6,2,4020.8,6,1,4020.7,17,2,4020.6,8,1,4021.3,5,5,4022.8,26,2,4023.0,29,4,4023.1,2,1,4023.2,61,3
11483,2026-07-02 10:22:37+05:30,4021.3,1,4050.76,521267,125684.0,142731.0,4100.0,4110.0,4016.1,4092.6,23229675,4501.8,3683.4,4440.0,3288.1,4021.0,127,5,4020.9,6,2,4020.8,6,1,4020.7,17,2,4020.6,8,1,4021.3,5,5,4022.8,26,2,4023.0,29,4,4023.1,2,1,4023.2,61,3
11483,2026-07-02 10:22:37+05:30,4021.3,1,4050.76,521272,125845.0,142949.0,4100.0,4110.0,4016.1,4092.6,23229675,4501.8,3683.4,4440.0,3288.1,4021.1,31,5,4021.0,132,7,4020.9,6,2,4020.8,6,1,4020.7,14,2,4021.3,1,1,4022.8,26,2,4023.0,29,4,4023.1,2,1,4023.2,51,2
11483,2026-07-02 10:22:38+05:30,4021.3,1,4050.76,521272,125845.0,142949.0,4100.0,4110.0,4016.1,4092.6,23229675,4501.8,3683.4,4440.0,3288.1,4021.1,31,5,4021.0,132,7,4020.9,6,2,4020.8,6,1,4020.7,14,2,4021.3,1,1,4022.8,26,2,4023.0,29,4,4023.1,2,1,4023.2,51,2
11483,2026-07-02 10:22:38+05:30,4021.3,1,4050.76,521273,126153.0,142216.0,4100.0,4110.0,4016.1,4092.6,23229675,4501.8,3683.4,4440.0,3288.1,4021.4,76,3,4021.3,58,5,4021.2,1,1,4021.1,38,4,4021.0,124,6,4023.0,11,2,4023.3,5,1,4023.4,2,1,4023.5,33,2,4023.6,213,2
11483,2026-07-02 10:22:39+05:30,4021.3,1,4050.76,521273,125909.0,142277.0,4100.0,4110.0,4016.1,4092.6,23229675,4501.8,3683.4,4440.0,3288.1,4021.4,55,3,4021.3,40,3,4021.2,1,1,4021.1,32,2,4021.0,124,6,4022.9,15,1,4023.0,12,3,4023.2,31,1,4023.3,11,2,4023.4,28,3
11483,2026-07-02 10:22:40+05:30,4021.0,36,4050.76,521273,125909.0,142277.0,4100.0,4110.0,4016.1,4092.6,23229675,4501.8,3683.4,4440.0,3288.1,4021.4,55,3,4021.3,40,3,4021.2,1,1,4021.1,32,2,4021.0,124,6,4022.9,15,1,4023.0,12,3,4023.2,31,1,4023.3,11,2,4023.4,28,3
11483,2026-07-02 10:22:40+05:30,4022.0,4,4050.75,521477,125508.0,143096.0,4100.0,4110.0,4016.1,4092.6,23229675,4501.8,3683.4,4440.0,3288.1,4021.4,5,1,4021.0,77,2,4020.5,728,6,4020.4,16,2,4020.3,13,1,4022.0,4,2,4022.5,49,3,4022.6,6,2,4022.7,2,1,4022.8,46,2
11483,2026-07-02 10:22:41+05:30,4022.0,4,4050.75,521477,125508.0,143096.0,4100.0,4110.0,4016.1,4092.6,23229675,4501.8,3683.4,4440.0,3288.1,4021.4,5,1,4021.0,77,2,4020.5,728,6,4020.4,16,2,4020.3,13,1,4022.0,4,2,4022.5,49,3,4022.6,6,2,4022.7,2,1,4022.8,46,2
11483,2026-07-02 10:22:41+05:30,4022.0,4,4050.75,521477,125834.0,143532.0,4100.0,4110.0,4016.1,4092.6,23229675,4501.8,3683.4,4440.0,3288.1,4021.4,5,1,4021.2,3,1,4021.0,77,2,4020.5,733,7,4020.3,13,1,4022.0,5,3,4022.1,10,1,4022.3,16,1,4022.4,10,1,4022.5,13,2
11483,2026-07-02 10:22:42+05:30,4022.0,1,4050.75,521477,125834.0,143532.0,4100.0,4110.0,4016.1,4092.6,23229675,4501.8,3683.4,4440.0,3288.1,4021.4,5,1,4021.2,3,1,4021.0,77,2,4020.5,733,7,4020.3,13,1,4022.0,5,3,4022.1,10,1,4022.3,16,1,4022.4,10,1,4022.5,13,2
11483,2026-07-02 10:22:42+05:30,4021.0,2,4050.74,521494,125796.0,143712.0,4100.0,4110.0,4016.1,4092.6,23229675,4501.8,3683.4,4440.0,3288.1,4021.0,69,2,4020.5,733,7,4020.3,13,1,4020.1,137,4,4020.0,687,22,4022.0,19,4,4022.1,10,1,4022.3,16,1,4022.4,10,1,4022.5,13,2
11483,2026-07-02 10:22:43+05:30,4021.0,81,4050.74,521494,125796.0,143712.0,4100.0,4110.0,4016.1,4092.6,23229675,4501.8,3683.4,4440.0,3288.1,4021.0,69,2,4020.5,733,7,4020.3,13,1,4020.1,137,4,4020.0,687,22,4022.0,19,4,4022.1,10,1,4022.3,16,1,4022.4,10,1,4022.5,13,2
11483,2026-07-02 10:22:43+05:30,4022.0,1,4050.74,521632,125336.0,143759.0,4100.0,4110.0,4016.1,4092.6,23229675,4501.8,3683.4,4440.0,3288.1,4021.0,13,1,4020.5,748,8,4020.3,13,1,4020.2,4,1,4020.1,105,2,4022.0,31,7,4022.3,16,1,4022.4,12,2,4022.5,39,2,4022.6,51,4
11483,2026-07-02 10:22:44+05:30,4022.0,1,4050.74,521632,125336.0,143759.0,4100.0,4110.0,4016.1,4092.6,23229675,4501.8,3683.4,4440.0,3288.1,4021.0,13,1,4020.5,748,8,4020.3,13,1,4020.2,4,1,4020.1,105,2,4022.0,31,7,4022.3,16,1,4022.4,12,2,4022.5,39,2,4022.6,51,4
11483,2026-07-02 10:22:44+05:30,4022.0,1,4050.74,521632,125793.0,143723.0,4100.0,4110.0,4016.1,4092.6,23229675,4501.8,3683.4,4440.0,3288.1,4021.3,10,1,4021.0,63,2,4020.5,748,8,4020.3,13,1,4020.2,4,1,4022.0,17,6,4022.3,16,1,4022.4,12,2,4022.5,39,2,4022.6,51,4
11483,2026-07-02 10:22:45+05:30,4021.3,4,4050.74,521652,125713.0,143997.0,4100.0,4110.0,4016.1,4092.6,23229675,4501.8,3683.4,4440.0,3288.1,4021.0,78,3,4020.5,772,9,4020.3,13,1,4020.2,4,1,4020.1,105,2,4021.3,3,1,4022.0,3,2,4022.3,37,1,4022.4,46,3,4022.5,39,2
11483,2026-07-02 10:22:46+05:30,4021.3,1,4050.74,521652,125713.0,143997.0,4100.0,4110.0,4016.1,4092.6,23229675,4501.8,3683.4,4440.0,3288.1,4021.0,78,3,4020.5,772,9,4020.3,13,1,4020.2,4,1,4020.1,105,2,4021.3,3,1,4022.0,3,2,4022.3,37,1,4022.4,46,3,4022.5,39,2
11483,2026-07-02 10:22:46+05:30,4021.0,1,4050.73,521667,125513.0,144034.0,4100.0,4110.0,4016.1,4092.6,23229675,4501.8,3683.4,4440.0,3288.1,4021.0,77,3,4020.5,748,8,4020.3,13,1,4020.1,105,2,4020.0,663,21,4021.3,3,1,4022.0,17,3,4022.1,10,1,4022.3,6,2,4022.4,44,2
11483,2026-07-02 10:22:47+05:30,4021.3,3,4050.73,521667,125513.0,144034.0,4100.0,4110.0,4016.1,4092.6,23229675,4501.8,3683.4,4440.0,3288.1,4021.0,77,3,4020.5,748,8,4020.3,13,1,4020.1,105,2,4020.0,663,21,4021.3,3,1,4022.0,17,3,4022.1,10,1,4022.3,6,2,4022.4,44,2
11483,2026-07-02 10:22:47+05:30,4021.3,1,4050.73,521674,125546.0,143994.0,4100.0,4110.0,4016.1,4092.6,23229675,4501.8,3683.4,4440.0,3288.1,4021.0,88,4,4020.5,733,7,4020.4,4,1,4020.3,46,3,4020.2,18,1,4021.3,2,1,4022.0,17,3,4022.4,36,2,4022.5,11,1,4022.6,76,3
11483,2026-07-02 10:22:48+05:30,4021.3,1,4050.73,521674,125546.0,143994.0,4100.0,4110.0,4016.1,4092.6,23229675,4501.8,3683.4,4440.0,3288.1,4021.0,88,4,4020.5,733,7,4020.4,4,1,4020.3,46,3,4020.2,18,1,4021.3,2,1,4022.0,17,3,4022.4,36,2,4022.5,11,1,4022.6,76,3
11483,2026-07-02 10:22:48+05:30,4021.0,9,4050.73,521694,125988.0,143976.0,4100.0,4110.0,4016.1,4092.6,23229675,4501.8,3683.4,4440.0,3288.1,4021.0,83,4,4020.7,9,1,4020.6,9,1,4020.5,754,10,4020.4,4,1,4021.3,1,1,4022.4,34,1,4022.5,13,2,4022.6,19,2,4022.7,26,1
11483,2026-07-02 10:22:49+05:30,4022.9,15,4050.73,521694,125988.0,143976.0,4100.0,4110.0,4016.1,4092.6,23229675,4501.8,3683.4,4440.0,3288.1,4021.0,83,4,4020.7,9,1,4020.6,9,1,4020.5,754,10,4020.4,4,1,4021.3,1,1,4022.4,34,1,4022.5,13,2,4022.6,19,2,4022.7,26,1
11483,2026-07-02 10:22:49+05:30,4022.4,9,4050.73,521793,126022.0,143241.0,4100.0,4110.0,4016.1,4092.6,23229675,4501.8,3683.4,4440.0,3288.1,4021.0,88,5,4020.7,2,1,4020.6,9,1,4020.5,752,9,4020.3,56,4,4022.4,6,1,4022.6,28,1,4022.7,10,1,4022.8,33,3,4022.9,97,8
11483,2026-07-02 10:22:50+05:30,4022.4,9,4050.73,521793,126022.0,143241.0,4100.0,4110.0,4016.1,4092.6,23229675,4501.8,3683.4,4440.0,3288.1,4021.0,88,5,4020.7,2,1,4020.6,9,1,4020.5,752,9,4020.3,56,4,4022.4,6,1,4022.6,28,1,4022.7,10,1,4022.8,33,3,4022.9,97,8
11483,2026-07-02 10:22:50+05:30,4023.0,24,4050.72,521919,126335.0,142323.0,4100.0,4110.0,4016.1,4092.6,23229675,4501.8,3683.4,4440.0,3288.1,4022.0,25,2,4021.1,50,2,4021.0,101,6,4020.7,12,1,4020.6,33,2,4023.0,434,1,4023.2,3,2,4023.3,5,1,4023.4,40,2,4023.5,98,3
11483,2026-07-02 10:22:51+05:30,4023.0,1,4050.72,521919,126335.0,142323.0,4100.0,4110.0,4016.1,4092.6,23229675,4501.8,3683.4,4440.0,3288.1,4022.0,25,2,4021.1,50,2,4021.0,101,6,4020.7,12,1,4020.6,33,2,4023.0,434,1,4023.2,3,2,4023.3,5,1,4023.4,40,2,4023.5,98,3
11483,2026-07-02 10:22:51+05:30,4023.0,1,4050.72,521920,126312.0,142241.0,4100.0,4110.0,4016.1,4092.6,23229675,4501.8,3683.4,4440.0,3288.1,4022.0,77,5,4021.8,1,1,4021.1,48,1,4021.0,101,6,4020.8,2,1,4023.0,446,4,4023.1,21,3,4023.2,7,2,4023.3,5,1,4023.4,62,3
11483,2026-07-02 10:22:52+05:30,4023.0,1,4050.72,521920,126335.0,142476.0,4100.0,4110.0,4016.1,4092.6,23229675,4501.8,3683.4,4440.0,3288.1,4022.0,102,6,4021.8,1,1,4021.1,48,1,4021.0,101,6,4020.8,2,1,4023.0,446,4,4023.1,21,3,4023.2,36,2,4023.3,11,2,4023.4,62,3
11483,2026-07-02 10:22:53+05:30,4022.0,25,4050.72,521920,126335.0,142476.0,4100.0,4110.0,4016.1,4092.6,23229675,4501.8,3683.4,4440.0,3288.1,4022.0,102,6,4021.8,1,1,4021.1,48,1,4021.0,101,6,4020.8,2,1,4023.0,446,4,4023.1,21,3,4023.2,36,2,4023.3,11,2,4023.4,62,3
11483,2026-07-02 10:22:53+05:30,4022.0,25,4050.72,522022,126012.0,143350.0,4100.0,4110.0,4016.1,4092.6,23229675,4501.8,3683.4,4440.0,3288.1,4021.8,1,1,4021.3,30,1,4021.0,106,7,4020.6,11,2,4020.5,741,7,4022.0,17,3,4022.1,10,1,4022.4,10,1,4022.8,39,3,4022.9,84,2
11483,2026-07-02 10:22:54+05:30,4022.0,2,4050.72,522022,126012.0,143350.0,4100.0,4110.0,4016.1,4092.6,23229675,4501.8,3683.4,4440.0,3288.1,4021.8,1,1,4021.3,30,1,4021.0,106,7,4020.6,11,2,4020.5,741,7,4022.0,17,3,4022.1,10,1,4022.4,10,1,4022.8,39,3,4022.9,84,2
11483,2026-07-02 10:22:54+05:30,4022.0,2,4050.71,522056,125991.0,143341.0,4100.0,4110.0,4016.1,4092.6,23229675,4501.8,3683.4,4440.0,3288.1,4021.8,1,1,4021.3,30,1,4021.0,106,7,4020.7,2,1,4020.6,9,1,4022.0,13,6,4022.4,10,1,4022.7,10,1,4022.8,20,2,4022.9,103,3
11483,2026-07-02 10:22:55+05:30,4022.0,2,4050.71,522058,125998.0,143339.0,4100.0,4110.0,4016.1,4092.6,23229675,4501.8,3683.4,4440.0,3288.1,4021.8,1,1,4021.3,30,1,4021.0,106,7,4020.6,11,2,4020.5,711,8,4022.0,11,6,4022.4,10,1,4022.7,45,2,4022.8,20,2,4022.9,103,3
11483,2026-07-02 10:22:56+05:30,4021.3,5,4050.71,522058,125998.0,143339.0,4100.0,4110.0,4016.1,4092.6,23229675,4501.8,3683.4,4440.0,3288.1,4021.8,1,1,4021.3,30,1,4021.0,106,7,4020.6,11,2,4020.5,711,8,4022.0,11,6,4022.4,10,1,4022.7,45,2,4022.8,20,2,4022.9,103,3
11483,2026-07-02 10:22:56+05:30,4021.3,1,4050.71,522065,125889.0,143564.0,4100.0,4110.0,4016.1,4092.6,23229675,4501.8,3683.4,4440.0,3288.1,4021.3,24,1,4021.0,106,7,4020.7,2,1,4020.6,33,2,4020.5,711,8,4021.8,3,2,4022.0,6,5,4022.6,5,1,4022.7,35,1,4022.8,29,3
11483,2026-07-02 10:22:57+05:30,4021.3,1,4050.71,522065,125889.0,143564.0,4100.0,4110.0,4016.1,4092.6,23229675,4501.8,3683.4,4440.0,3288.1,4021.3,24,1,4021.0,106,7,4020.7,2,1,4020.6,33,2,4020.5,711,8,4021.8,3,2,4022.0,6,5,4022.6,5,1,4022.7,35,1,4022.8,29,3
11483,2026-07-02 10:22:57+05:30,4021.3,1,4050.71,522097,125944.0,143734.0,4100.0,4110.0,4016.1,4092.6,23229675,4501.8,3683.4,4440.0,3288.1,4021.3,37,3,4021.0,125,7,4020.7,2,1,4020.6,42,3,4020.5,711,8,4022.0,7,4,4022.6,5,1,4022.7,35,1,4022.8,38,2,4022.9,106,3
11483,2026-07-02 10:22:58+05:30,4022.0,1,4050.71,522097,125944.0,143734.0,4100.0,4110.0,4016.1,4092.6,23229675,4501.8,3683.4,4440.0,3288.1,4021.3,37,3,4021.0,125,7,4020.7,2,1,4020.6,42,3,4020.5,711,8,4022.0,7,4,4022.6,5,1,4022.7,35,1,4022.8,38,2,4022.9,106,3
11483,2026-07-02 10:22:58+05:30,4022.0,1,4050.71,522113,125940.0,143870.0,4100.0,4110.0,4016.1,4092.6,23229675,4501.8,3683.4,4440.0,3288.1,4021.3,25,2,4021.0,125,7,4020.7,2,1,4020.6,33,2,4020.5,711,8,4022.0,13,3,4022.2,50,1,4022.6,40,2,4022.8,47,3,4022.9,106,3
11483,2026-07-02 10:22:59+05:30,4022.0,1,4050.71,522113,125940.0,143870.0,4100.0,4110.0,4016.1,4092.6,23229675,4501.8,3683.4,4440.0,3288.1,4021.3,25,2,4021.0,125,7,4020.7,2,1,4020.6,33,2,4020.5,711,8,4022.0,13,3,4022.2,50,1,4022.6,40,2,4022.8,47,3,4022.9,106,3
11483,2026-07-02 10:22:59+05:30,4022.0,1,4050.71,522129,126036.0,143134.0,4100.0,4110.0,4016.1,4092.6,23229675,4501.8,3683.4,4440.0,3288.1,4022.0,163,2,4021.3,23,2,4021.0,125,7,4020.7,2,1,4020.6,33,2,4022.2,50,1,4022.6,35,1,4022.9,58,2,4023.0,470,3,4023.1,36,3
11483,2026-07-02 10:23:00+05:30,4022.0,2,4050.71,522129,126036.0,143134.0,4100.0,4110.0,4016.1,4092.6,23229675,4501.8,3683.4,4440.0,3288.1,4022.0,163,2,4021.3,23,2,4021.0,125,7,4020.7,2,1,4020.6,33,2,4022.2,50,1,4022.6,35,1,4022.9,58,2,4023.0,470,3,4023.1,36,3
11483,2026-07-02 10:23:00+05:30,4022.2,3,4050.71,522137,126043.0,143083.0,4100.0,4110.0,4016.1,4092.6,23229675,4501.8,3683.4,4440.0,3288.1,4022.0,160,2,4021.3,33,3,4021.0,125,7,4020.7,2,1,4020.6,9,1,4022.2,46,2,4022.6,35,1,4022.9,67,3,4023.0,470,3,4023.1,36,3
11483,2026-07-02 10:23:01+05:30,4022.2,20,4050.71,522137,126043.0,143083.0,4100.0,4110.0,4016.1,4092.6,23229675,4501.8,3683.4,4440.0,3288.1,4022.0,160,2,4021.3,33,3,4021.0,125,7,4020.7,2,1,4020.6,9,1,4022.2,46,2,4022.6,35,1,4022.9,67,3,4023.0,470,3,4023.1,36,3
11483,2026-07-02 10:23:01+05:30,4022.2,15,4050.71,522172,126245.0,142957.0,4100.0,4110.0,4016.1,4092.6,23229675,4501.8,3683.4,4440.0,3288.1,4022.0,160,2,4021.3,40,4,4021.1,2,1,4021.0,125,7,4020.6,33,2,4022.2,14,5,4022.5,9,1,4022.6,46,2,4022.9,74,3,4023.0,479,4
11483,2026-07-02 10:23:02+05:30,4022.2,15,4050.71,522172,126245.0,142957.0,4100.0,4110.0,4016.1,4092.6,23229675,4501.8,3683.4,4440.0,3288.1,4022.0,160,2,4021.3,40,4,4021.1,2,1,4021.0,125,7,4020.6,33,2,4022.2,14,5,4022.5,9,1,4022.6,46,2,4022.9,74,3,4023.0,479,4
11483,2026-07-02 10:23:02+05:30,4022.2,1,4050.71,522189,126562.0,142614.0,4100.0,4110.0,4016.1,4092.6,23229675,4501.8,3683.4,4440.0,3288.1,4022.2,3,1,4022.0,165,3,4021.4,31,2,4021.3,40,4,4021.1,2,1,4022.5,44,2,4022.6,11,1,4022.9,38,2,4023.0,478,3,4023.1,10,1
11483,2026-07-02 10:23:03+05:30,4022.2,2,4050.71,522189,126562.0,142614.0,4100.0,4110.0,4016.1,4092.6,23229675,4501.8,3683.4,4440.0,3288.1,4022.2,3,1,4022.0,165,3,4021.4,31,2,4021.3,40,4,4021.1,2,1,4022.5,44,2,4022.6,11,1,4022.9,38,2,4023.0,478,3,4023.1,10,1
11483,2026-07-02 10:23:03+05:30,4022.2,2,4050.71,522192,126559.0,142754.0,4100.0,4110.0,4016.1,4092.6,23229675,4501.8,3683.4,4440.0,3288.1,4022.0,176,5,4021.4,31,2,4021.3,44,5,4021.1,2,1,4021.0,212,7,4022.2,14,1,4022.5,45,3,4022.9,38,2,4023.0,478,3,4023.2,32,1
11483,2026-07-02 10:23:04+05:30,4022.2,1,4050.71,522194,126581.0,142706.0,4100.0,4110.0,4016.1,4092.6,23229675,4501.8,3683.4,4440.0,3288.1,4022.0,181,6,4021.4,31,2,4021.3,44,5,4021.1,2,1,4021.0,212,7,4022.2,14,3,4022.5,44,2,4022.9,38,2,4023.0,478,3,4023.2,32,1
11483,2026-07-02 10:23:05+05:30,4022.2,1,4050.71,522194,126581.0,142706.0,4100.0,4110.0,4016.1,4092.6,23229675,4501.8,3683.4,4440.0,3288.1,4022.0,181,6,4021.4,31,2,4021.3,44,5,4021.1,2,1,4021.0,212,7,4022.2,14,3,4022.5,44,2,4022.9,38,2,4023.0,478,3,4023.2,32,1
11483,2026-07-02 10:23:05+05:30,4022.2,1,4050.71,522195,126776.0,142481.0,4100.0,4110.0,4016.1,4092.6,23229675,4501.8,3683.4,4440.0,3288.1,4022.0,195,7,4021.4,33,3,4021.3,32,4,4021.2,12,1,4021.0,242,10,4022.2,14,4,4022.5,35,1,4023.0,469,2,4023.3,5,1,4023.5,18,1
11483,2026-07-02 10:23:06+05:30,4022.0,134,4050.71,522195,126776.0,142481.0,4100.0,4110.0,4016.1,4092.6,23229675,4501.8,3683.4,4440.0,3288.1,4022.0,195,7,4021.4,33,3,4021.3,32,4,4021.2,12,1,4021.0,242,10,4022.2,14,4,4022.5,35,1,4023.0,469,2,4023.3,5,1,4023.5,18,1
11483,2026-07-02 10:23:06+05:30,4022.5,1,4050.7,522355,126886.0,142401.0,4100.0,4110.0,4016.1,4092.6,23229675,4501.8,3683.4,4440.0,3288.1,4022.2,76,2,4022.0,47,6,4021.4,31,2,4021.3,32,4,4021.1,2,1,4022.5,34,1,4022.9,13,1,4023.0,469,2,4023.3,5,1,4023.4,8,2
11483,2026-07-02 10:23:07+05:30,4022.5,6,4050.7,522355,126886.0,142401.0,4100.0,4110.0,4016.1,4092.6,23229675,4501.8,3683.4,4440.0,3288.1,4022.2,76,2,4022.0,47,6,4021.4,31,2,4021.3,32,4,4021.1,2,1,4022.5,34,1,4022.9,13,1,4023.0,469,2,4023.3,5,1,4023.4,8,2
11483,2026-07-02 10:23:07+05:30,4022.5,1,4050.7,522362,126864.0,142480.0,4100.0,4110.0,4016.1,4092.6,23229675,4501.8,3683.4,4440.0,3288.1,4022.2,76,2,4022.0,47,6,4021.4,31,2,4021.3,21,3,4021.1,2,1,4022.5,32,6,4022.9,13,1,4023.0,478,3,4023.1,16,1,4023.2,2,1
11483,2026-07-02 10:23:08+05:30,4022.5,1,4050.7,522362,126864.0,142480.0,4100.0,4110.0,4016.1,4092.6,23229675,4501.8,3683.4,4440.0,3288.1,4022.2,76,2,4022.0,47,6,4021.4,31,2,4021.3,21,3,4021.1,2,1,4022.5,32,6,4022.9,13,1,4023.0,478,3,4023.1,16,1,4023.2,2,1
11483,2026-07-02 10:23:08+05:30,4022.5,1,4050.7,522364,127310.0,143002.0,4100.0,4110.0,4016.1,4092.6,23229675,4501.8,3683.4,4440.0,3288.1,4022.2,76,2,4022.0,110,8,4021.4,33,3,4021.3,26,4,4021.0,236,8,4022.5,31,7,4022.9,13,1,4023.0,469,2,4023.3,17,4,4023.4,6,1
11483,2026-07-02 10:23:09+05:30,4022.5,1,4050.7,522364,127310.0,143002.0,4100.0,4110.0,4016.1,4092.6,23229675,4501.8,3683.4,4440.0,3288.1,4022.2,76,2,4022.0,110,8,4021.4,33,3,4021.3,26,4,4021.0,236,8,4022.5,31,7,4022.9,13,1,4023.0,469,2,4023.3,17,4,4023.4,6,1
11483,2026-07-02 10:23:09+05:30,4022.5,11,4050.7,522376,127380.0,143016.0,4100.0,4110.0,4016.1,4092.6,23229675,4501.8,3683.4,4440.0,3288.1,4022.2,86,3,4022.0,170,10,4021.4,33,3,4021.3,50,5,4021.0,236,8,4022.5,21,9,4022.9,13,1,4023.0,469,2,4023.3,15,3,4023.4,2,1
11483,2026-07-02 10:23:10+05:30,4022.5,11,4050.7,522376,127380.0,143016.0,4100.0,4110.0,4016.1,4092.6,23229675,4501.8,3683.4,4440.0,3288.1,4022.2,86,3,4022.0,170,10,4021.4,33,3,4021.3,50,5,4021.0,236,8,4022.5,21,9,4022.9,13,1,4023.0,469,2,4023.3,15,3,4023.4,2,1
11483,2026-07-02 10:23:10+05:30,4022.9,1,4050.69,522427,127358.0,142999.0,4100.0,4110.0,4016.1,4092.6,23229675,4501.8,3683.4,4440.0,3288.1,4022.2,86,3,4022.0,170,10,4021.4,33,3,4021.3,50,5,4021.0,255,10,4022.9,14,3,4023.0,469,2,4023.1,5,1,4023.3,5,1,4023.4,2,1
11483,2026-07-02 10:23:11+05:30,4022.9,1,4050.69,522427,127358.0,142999.0,4100.0,4110.0,4016.1,4092.6,23229675,4501.8,3683.4,4440.0,3288.1,4022.2,86,3,4022.0,170,10,4021.4,33,3,4021.3,50,5,4021.0,255,10,4022.9,14,3,4023.0,469,2,4023.1,5,1,4023.3,5,1,4023.4,2,1
11483,2026-07-02 10:23:11+05:30,4022.9,1,4050.69,522450,127516.0,142924.0,4100.0,4110.0,4016.1,4092.6,23229675,4501.8,3683.4,4440.0,3288.1,4022.2,100,4,4022.0,170,10,4021.8,14,1,4021.6,41,2,4021.5,2,1,4022.9,9,5,4023.0,469,2,4023.3,5,1,4023.7,40,2,4023.8,45,3
11483,2026-07-02 10:23:12+05:30,4022.9,3,4050.69,522450,127516.0,142924.0,4100.0,4110.0,4016.1,4092.6,23229675,4501.8,3683.4,4440.0,3288.1,4022.2,100,4,4022.0,170,10,4021.8,14,1,4021.6,41,2,4021.5,2,1,4022.9,9,5,4023.0,469,2,4023.3,5,1,4023.7,40,2,4023.8,45,3
11483,2026-07-02 10:23:12+05:30,4022.9,1,4050.69,522454,127511.0,142930.0,4100.0,4110.0,4016.1,4092.6,23229675,4501.8,3683.4,4440.0,3288.1,4022.2,100,4,4022.0,170,10,4021.8,14,1,4021.6,41,2,4021.5,4,2,4022.9,6,6,4023.0,469,2,4023.3,5,1,4023.7,40,2,4023.8,45,3
11483,2026-07-02 10:23:13+05:30,4022.2,1,4050.69,522454,127511.0,142930.0,4100.0,4110.0,4016.1,4092.6,23229675,4501.8,3683.4,4440.0,3288.1,4022.2,100,4,4022.0,170,10,4021.8,14,1,4021.6,41,2,4021.5,4,2,4022.9,6,6,4023.0,469,2,4023.3,5,1,4023.7,40,2,4023.8,45,3
11483,2026-07-02 10:23:13+05:30,4022.2,1,4050.69,522556,127386.0,143044.0,4100.0,4110.0,4016.1,4092.6,23229675,4501.8,3683.4,4440.0,3288.1,4022.0,184,11,4021.6,17,1,4021.5,35,4,4021.4,26,4,4021.3,50,5,4022.2,12,2,4022.9,6,6,4023.0,469,2,4023.3,5,1,4023.6,20,2
11483,2026-07-02 10:23:14+05:30,4022.2,1,4050.69,522556,127386.0,143044.0,4100.0,4110.0,4016.1,4092.6,23229675,4501.8,3683.4,4440.0,3288.1,4022.0,184,11,4021.6,17,1,4021.5,35,4,4021.4,26,4,4021.3,50,5,4022.2,12,2,4022.9,6,6,4023.0,469,2,4023.3,5,1,4023.6,20,2
11483,2026-07-02 10:23:14+05:30,4022.2,1,4050.69,522558,127029.0,143040.0,4100.0,4110.0,4016.1,4092.6,23229675,4501.8,3683.4,4440.0,3288.1,4022.0,184,11,4021.7,2,1,4021.6,17,1,4021.5,12,3,4021.4,15,2,4022.2,13,4,4022.9,5,5,4023.0,469,2,4023.3,5,1,4023.6,18,1
11483,2026-07-02 10:23:15+05:30,4022.2,6,4050.69,522558,127029.0,143040.0,4100.0,4110.0,4016.1,4092.6,23229675,4501.8,3683.4,4440.0,3288.1,4022.0,184,11,4021.7,2,1,4021.6,17,1,4021.5,12,3,4021.4,15,2,4022.2,13,4,4022.9,5,5,4023.0,469,2,4023.3,5,1,4023.6,18,1
11483,2026-07-02 10:23:16+05:30,4022.7,3,4050.68,522619,128138.0,142629.0,4100.0,4110.0,4016.1,4092.6,23229675,4501.8,3683.4,4440.0,3288.1,4022.0,192,12,4021.5,2,1,4021.4,31,3,4021.3,37,5,4021.1,71,2,4022.9,15,3,4023.0,469,2,4023.3,5,1,4023.5,6,1,4023.6,4,1
11483,2026-07-02 10:23:16+05:30,4022.7,3,4050.68,522619,128138.0,142629.0,4100.0,4110.0,4016.1,4092.6,23229675,4501.8,3683.4,4440.0,3288.1,4022.0,192,12,4021.5,2,1,4021.4,31,3,4021.3,37,5,4021.1,71,2,4022.9,15,3,4023.0,469,2,4023.3,5,1,4023.5,6,1,4023.6,4,1
11483,2026-07-02 10:23:17+05:30,4022.9,5,4050.68,522619,128138.0,142629.0,4100.0,4110.0,4016.1,4092.6,23229675,4501.8,3683.4,4440.0,3288.1,4022.0,192,12,4021.5,2,1,4021.4,31,3,4021.3,37,5,4021.1,71,2,4022.9,15,3,4023.0,469,2,4023.3,5,1,4023.5,6,1,4023.6,4,1
11483,2026-07-02 10:23:17+05:30,4022.9,5,4050.68,522638,128275.0,142784.0,4100.0,4110.0,4016.1,4092.6,23229675,4501.8,3683.4,4440.0,3288.1,4022.0,190,12,4021.8,11,1,4021.4,16,3,4021.3,71,8,4021.2,55,2,4022.9,9,2,4023.0,469,2,4023.3,5,1,4023.6,4,1,4023.7,6,1
11483,2026-07-02 10:23:18+05:30,4022.9,1,4050.68,522638,128275.0,142784.0,4100.0,4110.0,4016.1,4092.6,23229675,4501.8,3683.4,4440.0,3288.1,4022.0,190,12,4021.8,11,1,4021.4,16,3,4021.3,71,8,4021.2,55,2,4022.9,9,2,4023.0,469,2,4023.3,5,1,4023.6,4,1,4023.7,6,1
11483,2026-07-02 10:23:18+05:30,4022.9,1,4050.68,522641,128299.0,142816.0,4100.0,4110.0,4016.1,4092.6,23229675,4501.8,3683.4,4440.0,3288.1,4022.0,293,15,4021.9,15,2,4021.8,30,3,4021.7,8,1,4021.5,2,1,4022.9,9,5,4023.0,469,2,4023.3,5,1,4023.8,16,3,4023.9,176,5
11483,2026-07-02 10:23:18+05:30,4022.9,1,4050.68,522641,128299.0,142816.0,4100.0,4110.0,4016.1,4092.6,23229675,4501.8,3683.4,4440.0,3288.1,4022.0,293,15,4021.9,15,2,4021.8,30,3,4021.7,8,1,4021.5,2,1,4022.9,9,5,4023.0,469,2,4023.3,5,1,4023.8,16,3,4023.9,176,5
11483,2026-07-02 10:23:19+05:30,4022.9,1,4050.68,522641,128299.0,142816.0,4100.0,4110.0,4016.1,4092.6,23229675,4501.8,3683.4,4440.0,3288.1,4022.0,293,15,4021.9,15,2,4021.8,30,3,4021.7,8,1,4021.5,2,1,4022.9,9,5,4023.0,469,2,4023.3,5,1,4023.8,16,3,4023.9,176,5
11483,2026-07-02 10:23:19+05:30,4022.9,1,4050.68,522641,128299.0,142816.0,4100.0,4110.0,4016.1,4092.6,23229675,4501.8,3683.4,4440.0,3288.1,4022.0,293,15,4021.9,15,2,4021.8,30,3,4021.7,8,1,4021.5,2,1,4022.9,9,5,4023.0,469,2,4023.3,5,1,4023.8,16,3,4023.9,176,5
11483,2026-07-02 10:23:19+05:30,4023.0,76,4050.67,522790,128176.0,142690.0,4100.0,4110.0,4016.1,4092.6,23229675,4501.8,3683.4,4440.0,3288.1,4022.0,317,14,4021.9,12,1,4021.6,65,4,4021.4,89,5,4021.3,61,6,4023.0,396,4,4023.3,5,1,4023.6,2,1,4023.7,6,1,4023.8,10,2
11483,2026-07-02 10:23:19+05:30,4023.0,76,4050.67,522790,128176.0,142690.0,4100.0,4110.0,4016.1,4092.6,23229675,4501.8,3683.4,4440.0,3288.1,4022.0,317,14,4021.9,12,1,4021.6,65,4,4021.4,89,5,4021.3,61,6,4023.0,396,4,4023.3,5,1,4023.6,2,1,4023.7,6,1,4023.8,10,2
11483,2026-07-02 10:23:20+05:30,4023.0,76,4050.67,522790,128176.0,142690.0,4100.0,4110.0,4016.1,4092.6,23229675,4501.8,3683.4,4440.0,3288.1,4022.0,317,14,4021.9,12,1,4021.6,65,4,4021.4,89,5,4021.3,61,6,4023.0,396,4,4023.3,5,1,4023.6,2,1,4023.7,6,1,4023.8,10,2
11483,2026-07-02 10:23:20+05:30,4023.0,12,4050.67,522790,128176.0,142690.0,4100.0,4110.0,4016.1,4092.6,23229675,4501.8,3683.4,4440.0,3288.1,4022.0,317,14,4021.9,12,1,4021.6,65,4,4021.4,89,5,4021.3,61,6,4023.0,396,4,4023.3,5,1,4023.6,2,1,4023.7,6,1,4023.8,10,2
11483,2026-07-02 10:23:20+05:30,4022.0,1,4050.67,522803,128274.0,142724.0,4100.0,4110.0,4016.1,4092.6,23229675,4501.8,3683.4,4440.0,3288.1,4022.0,316,14,4021.6,57,3,4021.4,32,2,4021.3,80,8,4021.2,12,3,4023.0,393,5,4023.3,5,1,4023.4,2,1,4023.5,38,1,4023.7,6,1
11483,2026-07-02 10:23:20+05:30,4022.0,1,4050.67,522803,128274.0,142724.0,4100.0,4110.0,4016.1,4092.6,23229675,4501.8,3683.4,4440.0,3288.1,4022.0,316,14,4021.6,57,3,4021.4,32,2,4021.3,80,8,4021.2,12,3,4023.0,393,5,4023.3,5,1,4023.4,2,1,4023.5,38,1,4023.7,6,1
11483,2026-07-02 10:23:21+05:30,4022.0,1,4050.67,522803,128274.0,142724.0,4100.0,4110.0,4016.1,4092.6,23229675,4501.8,3683.4,4440.0,3288.1,4022.0,316,14,4021.6,57,3,4021.4,32,2,4021.3,80,8,4021.2,12,3,4023.0,393,5,4023.3,5,1,4023.4,2,1,4023.5,38,1,4023.7,6,1
11483,2026-07-02 10:23:21+05:30,4024.8,12,4050.67,522803,128274.0,142724.0,4100.0,4110.0,4016.1,4092.6,23229675,4501.8,3683.4,4440.0,3288.1,4022.0,316,14,4021.6,57,3,4021.4,32,2,4021.3,80,8,4021.2,12,3,4023.0,393,5,4023.3,5,1,4023.4,2,1,4023.5,38,1,4023.7,6,1
11483,2026-07-02 10:23:21+05:30,4024.8,12,4050.67,522803,128274.0,142724.0,4100.0,4110.0,4016.1,4092.6,23229675,4501.8,3683.4,4440.0,3288.1,4022.0,316,14,4021.6,57,3,4021.4,32,2,4021.3,80,8,4021.2,12,3,4023.0,393,5,4023.3,5,1,4023.4,2,1,4023.5,38,1,4023.7,6,1
11483,2026-07-02 10:23:21+05:30,4022.9,5,4050.57,524910,126405.0,142360.0,4100.0,4110.0,4016.1,4092.6,23229675,4501.8,3683.4,4440.0,3288.1,4022.0,316,14,4021.6,41,2,4021.5,2,1,4021.4,36,4,4021.3,74,7,4023.0,4,1,4023.5,27,2,4023.8,31,2,4023.9,91,3,4024.0,50,3
11483,2026-07-02 10:23:21+05:30,4022.9,5,4050.57,524910,126405.0,142360.0,4100.0,4110.0,4016.1,4092.6,23229675,4501.8,3683.4,4440.0,3288.1,4022.0,316,14,4021.6,41,2,4021.5,2,1,4021.4,36,4,4021.3,74,7,4023.0,4,1,4023.5,27,2,4023.8,31,2,4023.9,91,3,4024.0,50,3
11483,2026-07-02 10:23:21+05:30,4022.9,5,4050.57,524910,126405.0,142360.0,4100.0,4110.0,4016.1,4092.6,23252775,4501.8,3683.4,4440.0,3288.1,4022.0,316,14,4021.6,41,2,4021.5,2,1,4021.4,36,4,4021.3,74,7,4023.0,4,1,4023.5,27,2,4023.8,31,2,4023.9,91,3,4024.0,50,3
11483,2026-07-02 10:23:22+05:30,4022.9,5,4050.57,524910,126405.0,142360.0,4100.0,4110.0,4016.1,4092.6,23252775,4501.8,3683.4,4440.0,3288.1,4022.0,316,14,4021.6,41,2,4021.5,2,1,4021.4,36,4,4021.3,74,7,4023.0,4,1,4023.5,27,2,4023.8,31,2,4023.9,91,3,4024.0,50,3
11483,2026-07-02 10:23:22+05:30,4022.9,5,4050.57,524910,126405.0,142360.0,4100.0,4110.0,4016.1,4092.6,23252775,4501.8,3683.4,4440.0,3288.1,4022.0,316,14,4021.6,41,2,4021.5,2,1,4021.4,36,4,4021.3,74,7,4023.0,4,1,4023.5,27,2,4023.8,31,2,4023.9,91,3,4024.0,50,3
11483,2026-07-02 10:23:22+05:30,4022.2,1,4050.57,524911,126399.0,142523.0,4100.0,4110.0,4016.1,4092.6,23252775,4501.8,3683.4,4440.0,3288.1,4022.2,49,1,4022.0,316,14,4021.7,2,1,4021.6,41,2,4021.4,36,4,4022.9,33,2,4023.0,11,2,4023.5,27,2,4023.7,73,2,4023.8,31,2
11483,2026-07-02 10:23:22+05:30,4022.2,1,4050.57,524911,126399.0,142523.0,4100.0,4110.0,4016.1,4092.6,23252775,4501.8,3683.4,4440.0,3288.1,4022.2,49,1,4022.0,316,14,4021.7,2,1,4021.6,41,2,4021.4,36,4,4022.9,33,2,4023.0,11,2,4023.5,27,2,4023.7,73,2,4023.8,31,2
11483,2026-07-02 10:23:23+05:30,4022.2,1,4050.57,524911,126399.0,142523.0,4100.0,4110.0,4016.1,4092.6,23252775,4501.8,3683.4,4440.0,3288.1,4022.2,49,1,4022.0,316,14,4021.7,2,1,4021.6,41,2,4021.4,36,4,4022.9,33,2,4023.0,11,2,4023.5,27,2,4023.7,73,2,4023.8,31,2
11483,2026-07-02 10:23:23+05:30,4022.2,49,4050.57,524911,126399.0,142523.0,4100.0,4110.0,4016.1,4092.6,23252775,4501.8,3683.4,4440.0,3288.1,4022.2,49,1,4022.0,316,14,4021.7,2,1,4021.6,41,2,4021.4,36,4,4022.9,33,2,4023.0,11,2,4023.5,27,2,4023.7,73,2,4023.8,31,2
11483,2026-07-02 10:23:23+05:30,4022.2,49,4050.57,524911,126399.0,142523.0,4100.0,4110.0,4016.1,4092.6,23252775,4501.8,3683.4,4440.0,3288.1,4022.2,49,1,4022.0,316,14,4021.7,2,1,4021.6,41,2,4021.4,36,4,4022.9,33,2,4023.0,11,2,4023.5,27,2,4023.7,73,2,4023.8,31,2
11483,2026-07-02 10:23:23+05:30,4022.2,10,4050.56,524982,126136.0,142624.0,4100.0,4110.0,4016.1,4092.6,23252775,4501.8,3683.4,4440.0,3288.1,4022.0,325,15,4021.7,6,1,4021.6,17,1,4021.4,48,5,4021.3,50,5,4022.2,18,2,4022.8,12,1,4022.9,42,3,4023.0,11,2,4023.5,65,3
11483,2026-07-02 10:23:23+05:30,4022.2,10,4050.56,524982,126136.0,142624.0,4100.0,4110.0,4016.1,4092.6,23252775,4501.8,3683.4,4440.0,3288.1,4022.0,325,15,4021.7,6,1,4021.6,17,1,4021.4,48,5,4021.3,50,5,4022.2,18,2,4022.8,12,1,4022.9,42,3,4023.0,11,2,4023.5,65,3
11483,2026-07-02 10:23:24+05:30,4022.0,1,4050.56,524982,126136.0,142624.0,4100.0,4110.0,4016.1,4092.6,23252775,4501.8,3683.4,4440.0,3288.1,4022.0,325,15,4021.7,6,1,4021.6,17,1,4021.4,48,5,4021.3,50,5,4022.2,18,2,4022.8,12,1,4022.9,42,3,4023.0,11,2,4023.5,65,3
11483,2026-07-02 10:23:24+05:30,4022.0,1,4050.56,524985,126182.0,142760.0,4100.0,4110.0,4016.1,4092.6,23252775,4501.8,3683.4,4440.0,3288.1,4022.0,322,13,4021.6,17,1,4021.5,2,1,4021.4,36,4,4021.3,50,5,4022.2,33,6,4022.8,12,1,4022.9,42,3,4023.0,4,2,4023.5,65,3
11483,2026-07-02 10:23:25+05:30,4022.0,1,4050.56,524985,126182.0,142760.0,4100.0,4110.0,4016.1,4092.6,23252775,4501.8,3683.4,4440.0,3288.1,4022.0,322,13,4021.6,17,1,4021.5,2,1,4021.4,36,4,4021.3,50,5,4022.2,33,6,4022.8,12,1,4022.9,42,3,4023.0,4,2,4023.5,65,3
11483,2026-07-02 10:23:25+05:30,4022.2,2,4050.56,524992,126202.0,142786.0,4100.0,4110.0,4016.1,4092.6,23252775,4501.8,3683.4,4440.0,3288.1,4022.0,322,14,4021.6,17,1,4021.5,6,1,4021.4,36,4,4021.3,50,5,4022.2,41,6,4022.8,12,1,4022.9,66,3,4023.0,3,1,4023.2,16,1
11483,2026-07-02 10:23:26+05:30,4022.0,46,4050.56,524992,126202.0,142786.0,4100.0,4110.0,4016.1,4092.6,23252775,4501.8,3683.4,4440.0,3288.1,4022.0,322,14,4021.6,17,1,4021.5,6,1,4021.4,36,4,4021.3,50,5,4022.2,41,6,4022.8,12,1,4022.9,66,3,4023.0,3,1,4023.2,16,1
11483,2026-07-02 10:23:26+05:30,4022.0,1,4050.54,525401,125633.0,143101.0,4100.0,4110.0,4016.1,4092.6,23252775,4501.8,3683.4,4440.0,3288.1,4021.4,33,3,4021.3,60,8,4021.2,10,1,4021.1,23,1,4021.0,273,11,4022.0,41,3,4022.8,1,1,4022.9,35,1,4023.0,3,1,4023.2,16,1
11483,2026-07-02 10:23:27+05:30,4022.0,10,4050.54,525401,125633.0,143101.0,4100.0,4110.0,4016.1,4092.6,23252775,4501.8,3683.4,4440.0,3288.1,4021.4,33,3,4021.3,60,8,4021.2,10,1,4021.1,23,1,4021.0,273,11,4022.0,41,3,4022.8,1,1,4022.9,35,1,4023.0,3,1,4023.2,16,1
11483,2026-07-02 10:23:27+05:30,4021.5,1,4050.54,525423,126641.0,143257.0,4100.0,4110.0,4016.1,4092.6,23252775,4501.8,3683.4,4440.0,3288.1,4021.5,9,1,4021.4,26,3,4021.3,38,5,4021.2,10,1,4021.1,23,1,4022.0,41,9,4022.8,10,2,4022.9,35,1,4023.0,3,1,4023.3,5,1
11483,2026-07-02 10:23:28+05:30,4022.0,6,4050.54,525423,126641.0,143257.0,4100.0,4110.0,4016.1,4092.6,23252775,4501.8,3683.4,4440.0,3288.1,4021.5,9,1,4021.4,26,3,4021.3,38,5,4021.2,10,1,4021.1,23,1,4022.0,41,9,4022.8,10,2,4022.9,35,1,4023.0,3,1,4023.3,5,1
11483,2026-07-02 10:23:28+05:30,4022.0,9,4050.54,525469,126590.0,143571.0,4100.0,4110.0,4016.1,4092.6,23252775,4501.8,3683.4,4440.0,3288.1,4021.4,25,3,4021.3,26,4,4021.2,10,1,4021.1,23,1,4021.0,273,11,4022.0,60,7,4022.8,10,2,4022.9,35,1,4023.0,3,1,4023.1,5,1
11483,2026-07-02 10:23:29+05:30,4022.0,2,4050.54,525469,126590.0,143571.0,4100.0,4110.0,4016.1,4092.6,23252775,4501.8,3683.4,4440.0,3288.1,4021.4,25,3,4021.3,26,4,4021.2,10,1,4021.1,23,1,4021.0,273,11,4022.0,60,7,4022.8,10,2,4022.9,35,1,4023.0,3,1,4023.1,5,1
11483,2026-07-02 10:23:29+05:30,4022.0,16,4050.53,525505,126593.0,143951.0,4100.0,4110.0,4016.1,4092.6,23252775,4501.8,3683.4,4440.0,3288.1,4021.5,18,1,4021.4,23,3,4021.3,26,4,4021.2,10,1,4021.1,23,1,4022.0,36,10,4022.8,10,2,4022.9,35,1,4023.0,103,2,4023.1,5,1
11483,2026-07-02 10:23:30+05:30,4021.5,1,4050.53,525505,126593.0,143951.0,4100.0,4110.0,4016.1,4092.6,23252775,4501.8,3683.4,4440.0,3288.1,4021.5,18,1,4021.4,23,3,4021.3,26,4,4021.2,10,1,4021.1,23,1,4022.0,36,10,4022.8,10,2,4022.9,35,1,4023.0,103,2,4023.1,5,1
11483,2026-07-02 10:23:30+05:30,4022.0,1,4050.53,525559,127264.0,143548.0,4100.0,4110.0,4016.1,4092.6,23252775,4501.8,3683.4,4440.0,3288.1,4021.5,16,1,4021.4,22,2,4021.3,22,4,4021.2,10,1,4021.1,23,1,4022.0,33,6,4022.8,9,2,4022.9,35,1,4023.0,135,3,4023.1,5,1
11483,2026-07-02 10:23:31+05:30,4022.0,7,4050.53,525559,127264.0,143548.0,4100.0,4110.0,4016.1,4092.6,23252775,4501.8,3683.4,4440.0,3288.1,4021.5,16,1,4021.4,22,2,4021.3,22,4,4021.2,10,1,4021.1,23,1,4022.0,33,6,4022.8,9,2,4022.9,35,1,4023.0,135,3,4023.1,5,1
11483,2026-07-02 10:23:31+05:30,4022.8,16,4050.52,525675,127416.0,143708.0,4100.0,4110.0,4016.1,4092.6,23252775,4501.8,3683.4,4440.0,3288.1,4021.5,15,1,4021.4,22,2,4021.3,22,4,4021.2,10,1,4021.1,23,1,4022.0,16,2,4022.8,29,3,4022.9,35,1,4023.0,135,3,4023.1,5,1
11483,2026-07-02 10:23:32+05:30,4022.1,1,4050.52,525675,127416.0,143708.0,4100.0,4110.0,4016.1,4092.6,23252775,4501.8,3683.4,4440.0,3288.1,4021.5,15,1,4021.4,22,2,4021.3,22,4,4021.2,10,1,4021.1,23,1,4022.0,16,2,4022.8,29,3,4022.9,35,1,4023.0,135,3,4023.1,5,1
11483,2026-07-02 10:23:32+05:30,4022.1,1,4050.52,525694,127678.0,143511.0,4100.0,4110.0,4016.1,4092.6,23252775,4501.8,3683.4,4440.0,3288.1,4022.1,2,1,4021.6,1,1,4021.5,15,1,4021.4,22,2,4021.3,21,3,4022.8,21,4,4022.9,35,1,4023.0,103,2,4023.3,51,1,4023.4,1,1
11483,2026-07-02 10:23:33+05:30,4022.1,2,4050.52,525694,127678.0,143511.0,4100.0,4110.0,4016.1,4092.6,23252775,4501.8,3683.4,4440.0,3288.1,4022.1,2,1,4021.6,1,1,4021.5,15,1,4021.4,22,2,4021.3,21,3,4022.8,21,4,4022.9,35,1,4023.0,103,2,4023.3,51,1,4023.4,1,1
11483,2026-07-02 10:23:33+05:30,4022.1,16,4050.52,525726,127962.0,143674.0,4100.0,4110.0,4016.1,4092.6,23252775,4501.8,3683.4,4440.0,3288.1,4021.6,1,1,4021.5,26,2,4021.4,10,1,4021.3,21,3,4021.2,10,1,4022.1,14,1,4022.8,57,6,4023.0,103,2,4023.2,1,1,4023.3,51,1
11483,2026-07-02 10:23:34+05:30,4022.1,16,4050.52,525726,127962.0,143674.0,4100.0,4110.0,4016.1,4092.6,23252775,4501.8,3683.4,4440.0,3288.1,4021.6,1,1,4021.5,26,2,4021.4,10,1,4021.3,21,3,4021.2,10,1,4022.1,14,1,4022.8,57,6,4023.0,103,2,4023.2,1,1,4023.3,51,1
11483,2026-07-02 10:23:34+05:30,4022.1,1,4050.52,525727,128027.0,143993.0,4100.0,4110.0,4016.1,4092.6,23252775,4501.8,3683.4,4440.0,3288.1,4021.6,21,2,4021.5,55,2,4021.4,6,1,4021.3,21,3,4021.2,10,1,4022.1,16,4,4022.8,56,5,4022.9,5,1,4023.0,103,2,4023.4,1,1
11483,2026-07-02 10:23:35+05:30,4022.1,1,4050.52,525727,128027.0,143993.0,4100.0,4110.0,4016.1,4092.6,23252775,4501.8,3683.4,4440.0,3288.1,4021.6,21,2,4021.5,55,2,4021.4,6,1,4021.3,21,3,4021.2,10,1,4022.1,16,4,4022.8,56,5,4022.9,5,1,4023.0,103,2,4023.4,1,1
11483,2026-07-02 10:23:36+05:30,4022.0,5,4050.52,525732,128088.0,144013.0,4100.0,4110.0,4016.1,4092.6,23252775,4501.8,3683.4,4440.0,3288.1,4022.0,47,2,4021.8,16,1,4021.6,12,2,4021.5,55,2,4021.3,21,3,4022.1,17,5,4022.8,69,4,4022.9,5,1,4023.0,103,2,4023.4,1,1
11483,2026-07-02 10:23:36+05:30,4021.5,13,4050.52,525732,128088.0,144013.0,4100.0,4110.0,4016.1,4092.6,23252775,4501.8,3683.4,4440.0,3288.1,4022.0,47,2,4021.8,16,1,4021.6,12,2,4021.5,55,2,4021.3,21,3,4022.1,17,5,4022.8,69,4,4022.9,5,1,4023.0,103,2,4023.4,1,1
11483,2026-07-02 10:23:37+05:30,4021.5,1,4050.51,525876,127539.0,144392.0,4100.0,4110.0,4016.1,4092.6,23252775,4501.8,3683.4,4440.0,3288.1,4021.3,34,4,4021.1,2,1,4021.0,234,10,4020.9,22,2,4020.7,32,3,4022.0,52,3,4022.9,32,2,4023.0,103,2,4023.1,2,1,4023.2,33,2
11483,2026-07-02 10:23:37+05:30,4021.5,1,4050.51,525876,127539.0,144392.0,4100.0,4110.0,4016.1,4092.6,23252775,4501.8,3683.4,4440.0,3288.1,4021.3,34,4,4021.1,2,1,4021.0,234,10,4020.9,22,2,4020.7,32,3,4022.0,52,3,4022.9,32,2,4023.0,103,2,4023.1,2,1,4023.2,33,2
11483,2026-07-02 10:23:38+05:30,4022.0,5,4050.51,525886,127607.0,144284.0,4100.0,4110.0,4016.1,4092.6,23252775,4501.8,3683.4,4440.0,3288.1,4021.3,34,4,4021.0,240,11,4020.9,22,2,4020.7,11,2,4020.6,33,2,4022.0,48,4,4022.8,32,1,4022.9,32,2,4023.0,103,2,4023.1,2,1
11483,2026-07-02 10:23:38+05:30,4022.0,2,4050.51,525886,127607.0,144284.0,4100.0,4110.0,4016.1,4092.6,23252775,4501.8,3683.4,4440.0,3288.1,4021.3,34,4,4021.0,240,11,4020.9,22,2,4020.7,11,2,4020.6,33,2,4022.0,48,4,4022.8,32,1,4022.9,32,2,4023.0,103,2,4023.1,2,1
11483,2026-07-02 10:23:39+05:30,4022.0,5,4050.51,525893,127626.0,144257.0,4100.0,4110.0,4016.1,4092.6,23252775,4501.8,3683.4,4440.0,3288.1,4021.3,34,4,4021.1,2,1,4021.0,238,10,4020.9,22,2,4020.7,11,2,4022.0,54,6,4022.8,32,1,4022.9,32,2,4023.0,103,2,4023.1,2,1
11483,2026-07-02 10:23:39+05:30,4022.0,1,4050.51,525893,127626.0,144257.0,4100.0,4110.0,4016.1,4092.6,23252775,4501.8,3683.4,4440.0,3288.1,4021.3,34,4,4021.1,2,1,4021.0,238,10,4020.9,22,2,4020.7,11,2,4022.0,54,6,4022.8,32,1,4022.9,32,2,4023.0,103,2,4023.1,2,1
11483,2026-07-02 10:23:40+05:30,4022.0,5,4050.51,525919,127738.0,144287.0,4100.0,4110.0,4016.1,4092.6,23252775,4501.8,3683.4,4440.0,3288.1,4021.3,34,4,4021.1,2,1,4021.0,258,11,4020.9,22,2,4020.7,22,3,4022.0,34,7,4022.8,32,1,4022.9,32,2,4023.0,103,2,4023.1,2,1
11483,2026-07-02 10:23:40+05:30,4022.0,5,4050.51,525919,127738.0,144287.0,4100.0,4110.0,4016.1,4092.6,23252775,4501.8,3683.4,4440.0,3288.1,4021.3,34,4,4021.1,2,1,4021.0,258,11,4020.9,22,2,4020.7,22,3,4022.0,34,7,4022.8,32,1,4022.9,32,2,4023.0,103,2,4023.1,2,1
11483,2026-07-02 10:23:41+05:30,4021.3,9,4050.51,525928,127708.0,144315.0,4100.0,4110.0,4016.1,4092.6,23252775,4501.8,3683.4,4440.0,3288.1,4021.3,25,4,4021.1,2,1,4021.0,258,11,4020.9,22,2,4020.7,22,3,4022.0,43,10,4022.8,32,1,4022.9,32,2,4023.0,103,2,4023.1,2,1
11483,2026-07-02 10:23:41+05:30,4021.3,1,4050.51,525928,127708.0,144315.0,4100.0,4110.0,4016.1,4092.6,23252775,4501.8,3683.4,4440.0,3288.1,4021.3,25,4,4021.1,2,1,4021.0,258,11,4020.9,22,2,4020.7,22,3,4022.0,43,10,4022.8,32,1,4022.9,32,2,4023.0,103,2,4023.1,2,1
11483,2026-07-02 10:23:42+05:30,4022.0,1,4050.51,525931,127797.0,144204.0,4100.0,4110.0,4016.1,4092.6,23252775,4501.8,3683.4,4440.0,3288.1,4021.5,25,1,4021.3,23,3,4021.1,12,2,4021.0,258,11,4020.9,46,3,4022.0,42,10,4022.8,47,2,4022.9,27,1,4023.0,103,2,4023.1,2,1
11483,2026-07-02 10:23:42+05:30,4022.0,1,4050.51,525931,127797.0,144204.0,4100.0,4110.0,4016.1,4092.6,23252775,4501.8,3683.4,4440.0,3288.1,4021.5,25,1,4021.3,23,3,4021.1,12,2,4021.0,258,11,4020.9,46,3,4022.0,42,10,4022.8,47,2,4022.9,27,1,4023.0,103,2,4023.1,2,1
11483,2026-07-02 10:23:42+05:30,4022.0,10,4050.51,525942,127902.0,144062.0,4100.0,4110.0,4016.1,4092.6,23252775,4501.8,3683.4,4440.0,3288.1,4021.5,25,1,4021.4,20,3,4021.3,40,5,4021.2,30,2,4021.0,273,13,4022.0,32,11,4023.0,103,2,4023.2,9,1,4023.4,2,1,4023.5,50,2
11483,2026-07-02 10:23:43+05:30,4021.5,25,4050.51,525942,127902.0,144062.0,4100.0,4110.0,4016.1,4092.6,23252775,4501.8,3683.4,4440.0,3288.1,4021.5,25,1,4021.4,20,3,4021.3,40,5,4021.2,30,2,4021.0,273,13,4022.0,32,11,4023.0,103,2,4023.2,9,1,4023.4,2,1,4023.5,50,2
11483,2026-07-02 10:23:44+05:30,4021.5,2,4050.51,526015,126857.0,142880.0,4100.0,4110.0,4016.1,4092.6,23252775,4501.8,3683.4,4440.0,3288.1,4021.4,2,1,4021.3,25,5,4021.2,14,2,4021.0,273,13,4020.9,56,4,4021.5,16,3,4022.0,13,7,4023.0,103,2,4023.2,11,2,4023.3,4,1
11483,2026-07-02 10:23:44+05:30,4021.4,1,4050.51,526015,126857.0,142880.0,4100.0,4110.0,4016.1,4092.6,23252775,4501.8,3683.4,4440.0,3288.1,4021.4,2,1,4021.3,25,5,4021.2,14,2,4021.0,273,13,4020.9,56,4,4021.5,16,3,4022.0,13,7,4023.0,103,2,4023.2,11,2,4023.3,4,1
11483,2026-07-02 10:23:45+05:30,4021.3,1,4050.51,526022,127860.0,143844.0,4100.0,4110.0,4016.1,4092.6,23252775,4501.8,3683.4,4440.0,3288.1,4021.3,22,4,4021.2,4,1,4021.0,271,13,4020.9,46,3,4020.7,11,2,4021.5,19,6,4022.0,11,5,4023.0,103,2,4023.2,9,1,4023.3,4,1
11483,2026-07-02 10:23:45+05:30,4022.2,1,4050.51,526022,127860.0,143844.0,4100.0,4110.0,4016.1,4092.6,23252775,4501.8,3683.4,4440.0,3288.1,4021.3,22,4,4021.2,4,1,4021.0,271,13,4020.9,46,3,4020.7,11,2,4021.5,19,6,4022.0,11,5,4023.0,103,2,4023.2,9,1,4023.3,4,1
11483,2026-07-02 10:23:46+05:30,4023.0,1,4050.5,526128,128834.0,142669.0,4100.0,4110.0,4016.1,4092.6,23252775,4501.8,3683.4,4440.0,3288.1,4022.7,20,4,4022.4,10,1,4022.2,23,4,4022.1,41,4,4022.0,63,6,4023.0,99,1,4023.9,25,1,4024.0,29,2,4024.2,101,3,4024.3,4,2
11483,2026-07-02 10:23:46+05:30,4022.7,2,4050.5,526128,128834.0,142669.0,4100.0,4110.0,4016.1,4092.6,23252775,4501.8,3683.4,4440.0,3288.1,4022.7,20,4,4022.4,10,1,4022.2,23,4,4022.1,41,4,4022.0,63,6,4023.0,99,1,4023.9,25,1,4024.0,29,2,4024.2,101,3,4024.3,4,2
11483,2026-07-02 10:23:47+05:30,4023.0,7,4050.5,526151,128599.0,143031.0,4100.0,4110.0,4016.1,4092.6,23252775,4501.8,3683.4,4440.0,3288.1,4022.3,30,4,4022.2,15,3,4022.1,41,4,4022.0,42,3,4021.9,25,3,4023.0,96,6,4023.8,5,1,4023.9,27,2,4024.0,44,3,4024.2,101,3
11483,2026-07-02 10:23:47+05:30,4023.0,7,4050.5,526151,128599.0,143031.0,4100.0,4110.0,4016.1,4092.6,23252775,4501.8,3683.4,4440.0,3288.1,4022.3,30,4,4022.2,15,3,4022.1,41,4,4022.0,42,3,4021.9,25,3,4023.0,96,6,4023.8,5,1,4023.9,27,2,4024.0,44,3,4024.2,101,3
11483,2026-07-02 10:23:47+05:30,4023.0,25,4050.5,526176,128615.0,142962.0,4100.0,4110.0,4016.1,4092.6,23252775,4501.8,3683.4,4440.0,3288.1,4022.3,30,4,4022.2,15,3,4022.1,41,4,4022.0,43,4,4021.9,25,3,4023.0,71,6,4023.8,5,1,4023.9,27,2,4024.0,20,2,4024.2,101,3
11483,2026-07-02 10:23:48+05:30,4023.0,2,4050.5,526176,128615.0,142962.0,4100.0,4110.0,4016.1,4092.6,23252775,4501.8,3683.4,4440.0,3288.1,4022.3,30,4,4022.2,15,3,4022.1,41,4,4022.0,43,4,4021.9,25,3,4023.0,71,6,4023.8,5,1,4023.9,27,2,4024.0,20,2,4024.2,101,3
11483,2026-07-02 10:23:49+05:30,4023.0,1,4050.5,526206,128667.0,143004.0,4100.0,4110.0,4016.1,4092.6,23252775,4501.8,3683.4,4440.0,3288.1,4022.3,23,3,4022.2,15,3,4022.1,41,4,4022.0,43,4,4021.9,47,4,4023.0,45,10,4023.8,5,1,4023.9,27,2,4024.0,58,5,4024.2,39,2
11483,2026-07-02 10:23:49+05:30,4023.0,1,4050.5,526206,128667.0,143004.0,4100.0,4110.0,4016.1,4092.6,23252775,4501.8,3683.4,4440.0,3288.1,4022.3,23,3,4022.2,15,3,4022.1,41,4,4022.0,43,4,4021.9,47,4,4023.0,45,10,4023.8,5,1,4023.9,27,2,4024.0,58,5,4024.2,39,2
11483,2026-07-02 10:23:50+05:30,4023.0,1,4050.5,526206,129129.0,142859.0,4100.0,4110.0,4016.1,4092.6,23252775,4501.8,3683.4,4440.0,3288.1,4022.7,81,1,4022.6,57,3,4022.5,54,3,4022.3,55,3,4022.2,36,4,4023.0,65,11,4023.9,25,1,4024.0,38,4,4024.2,26,1,4024.3,2,1
11483,2026-07-02 10:23:51+05:30,4023.0,1,4050.5,526206,129569.0,142801.0,4100.0,4110.0,4016.1,4092.6,23252775,4501.8,3683.4,4440.0,3288.1,4022.8,42,1,4022.7,52,2,4022.6,20,2,4022.5,54,3,4022.4,10,1,4023.0,65,11,4023.4,1,1,4023.9,25,1,4024.0,20,2,4024.2,26,1
11483,2026-07-02 10:23:51+05:30,4022.8,2,4050.5,526206,129569.0,142801.0,4100.0,4110.0,4016.1,4092.6,23252775,4501.8,3683.4,4440.0,3288.1,4022.8,42,1,4022.7,52,2,4022.6,20,2,4022.5,54,3,4022.4,10,1,4023.0,65,11,4023.4,1,1,4023.9,25,1,4024.0,20,2,4024.2,26,1
11483,2026-07-02 10:23:52+05:30,4024.5,20,4050.49,526352,130372.0,141015.0,4100.0,4110.0,4016.1,4092.6,23252775,4501.8,3683.4,4440.0,3288.1,4023.3,19,3,4023.2,20,3,4023.1,23,3,4023.0,80,6,4022.9,39,2,4024.5,54,3,4025.0,27,5,4025.1,50,2,4025.3,5,1,4025.4,58,4
11483,2026-07-02 10:23:52+05:30,4024.5,1,4050.49,526352,130372.0,141015.0,4100.0,4110.0,4016.1,4092.6,23252775,4501.8,3683.4,4440.0,3288.1,4023.3,19,3,4023.2,20,3,4023.1,23,3,4023.0,80,6,4022.9,39,2,4024.5,54,3,4025.0,27,5,4025.1,50,2,4025.3,5,1,4025.4,58,4
11483,2026-07-02 10:23:53+05:30,4024.1,42,4050.49,526411,129548.0,141283.0,4100.0,4110.0,4016.1,4092.6,23252775,4501.8,3683.4,4440.0,3288.1,4023.9,42,1,4023.7,42,1,4023.3,12,2,4023.2,8,1,4023.1,13,2,4024.0,14,1,4024.5,42,8,4024.6,43,1,4025.0,27,5,4025.1,50,2
11483,2026-07-02 10:23:53+05:30,4024.1,42,4050.49,526411,129548.0,141283.0,4100.0,4110.0,4016.1,4092.6,23252775,4501.8,3683.4,4440.0,3288.1,4023.9,42,1,4023.7,42,1,4023.3,12,2,4023.2,8,1,4023.1,13,2,4024.0,14,1,4024.5,42,8,4024.6,43,1,4025.0,27,5,4025.1,50,2
11483,2026-07-02 10:23:53+05:30,4024.5,9,4050.48,526521,129681.0,141105.0,4100.0,4110.0,4016.1,4092.6,23252775,4501.8,3683.4,4440.0,3288.1,4024.3,49,1,4023.9,42,1,4023.7,42,1,4023.3,12,2,4023.1,10,1,4024.5,36,10,4025.0,27,5,4025.1,60,3,4025.2,5,1,4025.3,5,1
11483,2026-07-02 10:23:54+05:30,4024.5,9,4050.48,526521,129681.0,141105.0,4100.0,4110.0,4016.1,4092.6,23252775,4501.8,3683.4,4440.0,3288.1,4024.3,49,1,4023.9,42,1,4023.7,42,1,4023.3,12,2,4023.1,10,1,4024.5,36,10,4025.0,27,5,4025.1,60,3,4025.2,5,1,4025.3,5,1
11483,2026-07-02 10:23:55+05:30,4024.5,1,4050.48,526564,129639.0,141081.0,4100.0,4110.0,4016.1,4092.6,23252775,4501.8,3683.4,4440.0,3288.1,4024.1,42,1,4023.9,42,1,4023.3,12,2,4023.1,10,1,4023.0,142,7,4024.5,9,7,4025.0,25,4,4025.1,52,3,4025.2,5,1,4025.3,15,2
11483,2026-07-02 10:23:55+05:30,4024.5,1,4050.48,526564,129639.0,141081.0,4100.0,4110.0,4016.1,4092.6,23252775,4501.8,3683.4,4440.0,3288.1,4024.1,42,1,4023.9,42,1,4023.3,12,2,4023.1,10,1,4023.0,142,7,4024.5,9,7,4025.0,25,4,4025.1,52,3,4025.2,5,1,4025.3,15,2
11483,2026-07-02 10:23:56+05:30,4024.5,1,4050.48,526565,129755.0,141354.0,4100.0,4110.0,4016.1,4092.6,23252775,4501.8,3683.4,4440.0,3288.1,4024.4,49,1,4024.2,42,1,4024.0,42,1,4023.8,42,1,4023.3,12,2,4024.5,9,8,4025.0,25,4,4025.1,50,2,4025.2,5,1,4025.3,17,3
11483,2026-07-02 10:23:56+05:30,4024.5,1,4050.48,526565,129755.0,141354.0,4100.0,4110.0,4016.1,4092.6,23252775,4501.8,3683.4,4440.0,3288.1,4024.4,49,1,4024.2,42,1,4024.0,42,1,4023.8,42,1,4023.3,12,2,4024.5,9,8,4025.0,25,4,4025.1,50,2,4025.2,5,1,4025.3,17,3
11483,2026-07-02 10:23:57+05:30,4024.5,1,4050.48,526577,129734.0,141411.0,4100.0,4110.0,4016.1,4092.6,23252775,4501.8,3683.4,4440.0,3288.1,4024.3,42,1,4024.1,42,1,4023.9,42,1,4023.3,12,2,4023.1,10,1,4024.4,2,1,4024.5,6,5,4024.9,10,1,4025.0,60,5,4025.1,15,1
11483,2026-07-02 10:23:57+05:30,4024.5,1,4050.48,526577,129734.0,141411.0,4100.0,4110.0,4016.1,4092.6,23252775,4501.8,3683.4,4440.0,3288.1,4024.3,42,1,4024.1,42,1,4023.9,42,1,4023.3,12,2,4023.1,10,1,4024.4,2,1,4024.5,6,5,4024.9,10,1,4025.0,60,5,4025.1,15,1
11483,2026-07-02 10:23:58+05:30,4024.4,33,4050.47,526629,129584.0,141506.0,4100.0,4110.0,4016.1,4092.6,23252775,4501.8,3683.4,4440.0,3288.1,4024.2,42,1,4024.0,50,3,4023.8,42,1,4023.3,10,1,4023.0,108,6,4024.5,20,7,4024.8,18,3,4024.9,5,1,4025.0,60,5,4025.1,15,1
11483,2026-07-02 10:23:58+05:30,4024.4,33,4050.47,526629,129584.0,141506.0,4100.0,4110.0,4016.1,4092.6,23252775,4501.8,3683.4,4440.0,3288.1,4024.2,42,1,4024.0,50,3,4023.8,42,1,4023.3,10,1,4023.0,108,6,4024.5,20,7,4024.8,18,3,4024.9,5,1,4025.0,60,5,4025.1,15,1
11483,2026-07-02 10:23:59+05:30,4024.2,6,4050.47,526756,129599.0,141619.0,4100.0,4110.0,4016.1,4092.6,23252775,4501.8,3683.4,4440.0,3288.1,4024.0,50,3,4023.8,42,1,4023.3,10,1,4023.0,101,5,4022.8,59,3,4024.2,32,5,4024.5,19,6,4024.7,2,1,4024.8,16,2,4024.9,17,2
11483,2026-07-02 10:23:59+05:30,4024.2,2,4050.47,526756,129599.0,141619.0,4100.0,4110.0,4016.1,4092.6,23252775,4501.8,3683.4,4440.0,3288.1,4024.0,50,3,4023.8,42,1,4023.3,10,1,4023.0,101,5,4022.8,59,3,4024.2,32,5,4024.5,19,6,4024.7,2,1,4024.8,16,2,4024.9,17,2
11483,2026-07-02 10:24:00+05:30,4024.1,4,4050.45,527062,129631.0,141495.0,4100.0,4110.0,4016.1,4092.6,23252775,4501.8,3683.4,4440.0,3288.1,4024.0,8,2,4023.9,42,1,4023.3,10,1,4023.0,125,6,4022.8,48,3,4024.1,4,1,4024.4,10,1,4024.8,10,1,4024.9,15,2,4025.0,19,2
11483,2026-07-02 10:24:00+05:30,4024.1,4,4050.45,527062,129631.0,141495.0,4100.0,4110.0,4016.1,4092.6,23252775,4501.8,3683.4,4440.0,3288.1,4024.0,8,2,4023.9,42,1,4023.3,10,1,4023.0,125,6,4022.8,48,3,4024.1,4,1,4024.4,10,1,4024.8,10,1,4024.9,15,2,4025.0,19,2
11483,2026-07-02 10:24:01+05:30,4024.5,25,4050.45,527062,129631.0,141495.0,4100.0,4110.0,4016.1,4092.6,23252775,4501.8,3683.4,4440.0,3288.1,4024.0,8,2,4023.9,42,1,4023.3,10,1,4023.0,125,6,4022.8,48,3,4024.1,4,1,4024.4,10,1,4024.8,10,1,4024.9,15,2,4025.0,19,2
11483,2026-07-02 10:24:01+05:30,4024.5,25,4050.45,527149,129945.0,141098.0,4100.0,4110.0,4016.1,4092.6,23252775,4501.8,3683.4,4440.0,3288.1,4024.5,56,1,4024.3,42,1,4024.1,42,1,4024.0,3,1,4023.9,42,1,4025.0,11,3,4025.1,27,2,4025.3,12,1,4025.4,67,5,4025.6,19,2
11483,2026-07-02 10:24:02+05:30,4024.6,1,4050.45,527149,129945.0,141098.0,4100.0,4110.0,4016.1,4092.6,23252775,4501.8,3683.4,4440.0,3288.1,4024.5,56,1,4024.3,42,1,4024.1,42,1,4024.0,3,1,4023.9,42,1,4025.0,11,3,4025.1,27,2,4025.3,12,1,4025.4,67,5,4025.6,19,2
11483,2026-07-02 10:24:02+05:30,4025.4,2,4050.45,527229,129905.0,141371.0,4100.0,4110.0,4016.1,4092.6,23252775,4501.8,3683.4,4440.0,3288.1,4024.6,41,1,4024.4,54,2,4024.2,42,1,4024.0,22,2,4023.3,10,1,4025.3,39,3,4025.4,15,2,4025.7,24,3,4025.8,32,2,4025.9,44,2
11483,2026-07-02 10:24:03+05:30,4024.2,37,4050.45,527229,129905.0,141371.0,4100.0,4110.0,4016.1,4092.6,23252775,4501.8,3683.4,4440.0,3288.1,4024.6,41,1,4024.4,54,2,4024.2,42,1,4024.0,22,2,4023.3,10,1,4025.3,39,3,4025.4,15,2,4025.7,24,3,4025.8,32,2,4025.9,44,2
11483,2026-07-02 10:24:03+05:30,4024.2,2,4050.43,527442,129596.0,141788.0,4100.0,4110.0,4016.1,4092.6,23252775,4501.8,3683.4,4440.0,3288.1,4024.0,3,1,4023.3,10,1,4023.2,4,2,4023.1,16,1,4023.0,125,6,4024.2,16,3,4024.4,10,1,4024.7,12,1,4024.8,26,3,4024.9,22,3
11483,2026-07-02 10:24:04+05:30,4024.2,1,4050.43,527442,129596.0,141788.0,4100.0,4110.0,4016.1,4092.6,23252775,4501.8,3683.4,4440.0,3288.1,4024.0,3,1,4023.3,10,1,4023.2,4,2,4023.1,16,1,4023.0,125,6,4024.2,16,3,4024.4,10,1,4024.7,12,1,4024.8,26,3,4024.9,22,3
11483,2026-07-02 10:24:04+05:30,4024.2,1,4050.43,527443,129671.0,141871.0,4100.0,4110.0,4016.1,4092.6,23252775,4501.8,3683.4,4440.0,3288.1,4024.0,3,1,4023.3,10,1,4023.1,16,1,4023.0,101,5,4022.9,19,1,4024.2,18,5,4024.4,10,1,4024.8,33,5,4024.9,20,2,4025.0,39,3
11483,2026-07-02 10:24:05+05:30,4024.2,1,4050.43,527443,129671.0,141871.0,4100.0,4110.0,4016.1,4092.6,23252775,4501.8,3683.4,4440.0,3288.1,4024.0,3,1,4023.3,10,1,4023.1,16,1,4023.0,101,5,4022.9,19,1,4024.2,18,5,4024.4,10,1,4024.8,33,5,4024.9,20,2,4025.0,39,3
11483,2026-07-02 10:24:05+05:30,4024.0,3,4050.43,527514,129182.0,142470.0,4100.0,4110.0,4016.1,4092.6,23252775,4501.8,3683.4,4440.0,3288.1,4023.0,90,4,4022.8,4,2,4022.6,5,1,4022.5,6,1,4022.3,24,1,4023.5,81,1,4023.6,42,1,4023.7,42,1,4023.9,46,2,4024.0,55,3
11483,2026-07-02 10:24:06+05:30,4023.5,5,4050.43,527514,129182.0,142470.0,4100.0,4110.0,4016.1,4092.6,23252775,4501.8,3683.4,4440.0,3288.1,4023.0,90,4,4022.8,4,2,4022.6,5,1,4022.5,6,1,4022.3,24,1,4023.5,81,1,4023.6,42,1,4023.7,42,1,4023.9,46,2,4024.0,55,3
11483,2026-07-02 10:24:06+05:30,4023.4,1,4050.42,527686,129514.0,142648.0,4100.0,4110.0,4016.1,4092.6,23252775,4501.8,3683.4,4440.0,3288.1,4023.0,60,5,4022.6,5,1,4022.5,28,2,4022.2,31,3,4022.1,67,6,4023.4,37,1,4023.5,1,1,4023.6,42,1,4023.8,42,1,4024.0,42,6
11483,2026-07-02 10:24:07+05:30,4023.4,1,4050.42,527686,129514.0,142648.0,4100.0,4110.0,4016.1,4092.6,23252775,4501.8,3683.4,4440.0,3288.1,4023.0,60,5,4022.6,5,1,4022.5,28,2,4022.2,31,3,4022.1,67,6,4023.4,37,1,4023.5,1,1,4023.6,42,1,4023.8,42,1,4024.0,42,6
11483,2026-07-02 10:24:07+05:30,4023.0,14,4050.42,527746,128654.0,142753.0,4100.0,4110.0,4016.1,4092.6,23252775,4501.8,3683.4,4440.0,3288.1,4022.3,44,7,4022.2,10,1,4022.1,15,3,4022.0,69,7,4021.9,37,2,4023.0,21,1,4023.1,34,1,4023.4,45,4,4023.5,42,1,4023.7,42,1
11483,2026-07-02 10:24:08+05:30,4022.3,3,4050.42,527746,128654.0,142753.0,4100.0,4110.0,4016.1,4092.6,23252775,4501.8,3683.4,4440.0,3288.1,4022.3,44,7,4022.2,10,1,4022.1,15,3,4022.0,69,7,4021.9,37,2,4023.0,21,1,4023.1,34,1,4023.4,45,4,4023.5,42,1,4023.7,42,1
11483,2026-07-02 10:24:08+05:30,4022.9,1,4050.41,527858,129339.0,142498.0,4100.0,4110.0,4016.1,4092.6,23252775,4501.8,3683.4,4440.0,3288.1,4022.9,32,6,4022.8,24,4,4022.7,24,4,4022.6,39,5,4022.5,36,4,4023.0,61,5,4023.2,42,1,4023.4,40,3,4024.0,4,4,4024.5,20,2
11483,2026-07-02 10:24:09+05:30,4023.0,4,4050.41,527858,129339.0,142498.0,4100.0,4110.0,4016.1,4092.6,23252775,4501.8,3683.4,4440.0,3288.1,4022.9,32,6,4022.8,24,4,4022.7,24,4,4022.6,39,5,4022.5,36,4,4023.0,61,5,4023.2,42,1,4023.4,40,3,4024.0,4,4,4024.5,20,2
11483,2026-07-02 10:24:09+05:30,4023.0,4,4050.41,527896,128570.0,142295.0,4100.0,4110.0,4016.1,4092.6,23252775,4501.8,3683.4,4440.0,3288.1,4022.4,17,2,4022.3,17,3,4022.2,16,2,4022.1,24,4,4022.0,77,8,4022.7,39,1,4022.9,12,1,4023.0,11,6,4023.1,42,1,4023.3,42,1
11483,2026-07-02 10:24:10+05:30,4022.4,1,4050.39,528221,128746.0,142289.0,4100.0,4110.0,4016.1,4092.6,23252775,4501.8,3683.4,4440.0,3288.1,4022.4,22,3,4022.3,16,3,4022.2,15,2,4022.1,26,5,4022.0,77,8,4022.9,35,2,4023.0,4,4,4023.1,42,1,4023.4,40,3,4024.0,24,2
11483,2026-07-02 10:24:11+05:30,4023.0,1,4050.39,528221,128746.0,142289.0,4100.0,4110.0,4016.1,4092.6,23252775,4501.8,3683.4,4440.0,3288.1,4022.4,22,3,4022.3,16,3,4022.2,15,2,4022.1,26,5,4022.0,77,8,4022.9,35,2,4023.0,4,4,4023.1,42,1,4023.4,40,3,4024.0,24,2
11483,2026-07-02 10:24:11+05:30,4022.8,17,4050.39,528394,128918.0,142574.0,4100.0,4110.0,4016.1,4092.6,23252775,4501.8,3683.4,4440.0,3288.1,4022.8,23,3,4022.7,13,2,4022.6,4,1,4022.5,20,3,4022.4,25,4,4023.0,3,3,4023.2,42,1,4023.4,37,1,4024.0,5,1,4024.4,16,1
11483,2026-07-02 10:24:12+05:30,4020.1,3,4050.39,528394,128918.0,142574.0,4100.0,4110.0,4016.1,4092.6,23252775,4501.8,3683.4,4440.0,3288.1,4022.8,23,3,4022.7,13,2,4022.6,4,1,4022.5,20,3,4022.4,25,4,4023.0,3,3,4023.2,42,1,4023.4,37,1,4024.0,5,1,4024.4,16,1
11483,2026-07-02 10:24:12+05:30,4020.9,12,4050.28,530356,125080.0,145191.0,4100.0,4110.0,4016.1,4092.6,23252775,4501.8,3683.4,4440.0,3288.1,4020.0,1687,44,4019.5,56,5,4019.4,1,1,4019.2,17,2,4019.1,20,1,4020.2,81,1,4020.3,42,1,4020.5,2,2,4020.6,42,1,4020.8,42,1
11483,2026-07-02 10:24:13+05:30,4019.2,1,4050.28,530356,125080.0,145191.0,4100.0,4110.0,4016.1,4092.6,23252775,4501.8,3683.4,4440.0,3288.1,4020.0,1687,44,4019.5,56,5,4019.4,1,1,4019.2,17,2,4019.1,20,1,4020.2,81,1,4020.3,42,1,4020.5,2,2,4020.6,42,1,4020.8,42,1
11483,2026-07-02 10:24:13+05:30,4018.8,10,4050.17,532309,122013.0,146460.0,4100.0,4110.0,4016.1,4092.6,23252775,4501.8,3683.4,4440.0,3288.1,4018.6,1,1,4018.5,76,5,4018.1,53,2,4018.0,2509,44,4017.7,56,5,4018.8,71,1,4018.9,42,1,4019.1,2,1,4019.2,79,6,4019.4,49,2
11483,2026-07-02 10:24:14+05:30,4018.5,1,4050.17,532309,122013.0,146460.0,4100.0,4110.0,4016.1,4092.6,23252775,4501.8,3683.4,4440.0,3288.1,4018.6,1,1,4018.5,76,5,4018.1,53,2,4018.0,2509,44,4017.7,56,5,4018.8,71,1,4018.9,42,1,4019.1,2,1,4019.2,79,6,4019.4,49,2
11483,2026-07-02 10:24:14+05:30,4018.5,2,4050.16,532390,121809.0,146918.0,4100.0,4110.0,4016.1,4092.6,23252775,4501.8,3683.4,4440.0,3288.1,4018.1,53,2,4018.0,2509,44,4017.7,19,3,4017.5,1,1,4017.4,12,1,4018.5,18,1,4018.6,43,2,4018.8,4,2,4018.9,42,1,4019.1,42,1
11483,2026-07-02 10:24:15+05:30,4018.9,2,4050.16,532390,121809.0,146918.0,4100.0,4110.0,4016.1,4092.6,23252775,4501.8,3683.4,4440.0,3288.1,4018.1,53,2,4018.0,2509,44,4017.7,19,3,4017.5,1,1,4017.4,12,1,4018.5,18,1,4018.6,43,2,4018.8,4,2,4018.9,42,1,4019.1,42,1
11483,2026-07-02 10:24:15+05:30,4019.2,26,4050.14,532732,122563.0,145637.0,4100.0,4110.0,4016.1,4092.6,23252775,4501.8,3683.4,4440.0,3288.1,4018.8,36,5,4018.7,23,3,4018.6,23,3,4018.5,68,8,4018.4,9,2,4019.2,44,4,4020.0,14,1,4020.2,8,1,4020.5,62,3,4020.8,24,1
11483,2026-07-02 10:24:16+05:30,4019.2,2,4050.14,532732,122563.0,145637.0,4100.0,4110.0,4016.1,4092.6,23252775,4501.8,3683.4,4440.0,3288.1,4018.8,36,5,4018.7,23,3,4018.6,23,3,4018.5,68,8,4018.4,9,2,4019.2,44,4,4020.0,14,1,4020.2,8,1,4020.5,62,3,4020.8,24,1
11483,2026-07-02 10:24:16+05:30,4020.0,2,4050.12,533121,123668.0,144929.0,4100.0,4110.0,4016.1,4092.6,23252775,4501.8,3683.4,4440.0,3288.1,4019.8,7,1,4019.7,5,1,4019.6,6,1,4019.5,18,2,4019.4,18,2,4020.0,7,2,4020.1,39,1,4020.2,42,1,4020.5,44,3,4020.9,57,7
11483,2026-07-02 10:24:17+05:30,4019.6,6,4050.12,533121,123668.0,144929.0,4100.0,4110.0,4016.1,4092.6,23252775,4501.8,3683.4,4440.0,3288.1,4019.8,7,1,4019.7,5,1,4019.6,6,1,4019.5,18,2,4019.4,18,2,4020.0,7,2,4020.1,39,1,4020.2,42,1,4020.5,44,3,4020.9,57,7
11483,2026-07-02 10:24:17+05:30,4019.6,1,4050.11,533278,123233.0,145129.0,4100.0,4110.0,4016.1,4092.6,23252775,4501.8,3683.4,4440.0,3288.1,4019.2,186,2,4019.1,7,1,4018.9,6,1,4018.6,14,1,4018.5,2,1,4019.6,1,1,4019.8,65,5,4020.0,43,2,4020.4,5,2,4020.8,2,1
11483,2026-07-02 10:24:18+05:30,4019.2,107,4050.11,533278,123233.0,145129.0,4100.0,4110.0,4016.1,4092.6,23252775,4501.8,3683.4,4440.0,3288.1,4019.2,186,2,4019.1,7,1,4018.9,6,1,4018.6,14,1,4018.5,2,1,4019.6,1,1,4019.8,65,5,4020.0,43,2,4020.4,5,2,4020.8,2,1
11483,2026-07-02 10:24:18+05:30,4019.2,107,4050.11,533278,123233.0,145129.0,4100.0,4110.0,4016.1,4092.6,23252775,4501.8,3683.4,4440.0,3288.1,4019.2,186,2,4019.1,7,1,4018.9,6,1,4018.6,14,1,4018.5,2,1,4019.6,1,1,4019.8,65,5,4020.0,43,2,4020.4,5,2,4020.8,2,1
11483,2026-07-02 10:24:18+05:30,4019.3,5,4050.1,533448,123307.0,145394.0,4100.0,4110.0,4016.1,4092.6,23252775,4501.8,3683.4,4440.0,3288.1,4018.6,36,4,4018.5,15,2,4018.4,10,1,4018.3,5,1,4018.2,39,3,4019.3,34,1,4019.6,5,4,4019.7,42,1,4019.8,23,4,4019.9,42,1
11483,2026-07-02 10:24:18+05:30,4019.3,5,4050.1,533448,123307.0,145394.0,4100.0,4110.0,4016.1,4092.6,23252775,4501.8,3683.4,4440.0,3288.1,4018.6,36,4,4018.5,15,2,4018.4,10,1,4018.3,5,1,4018.2,39,3,4019.3,34,1,4019.6,5,4,4019.7,42,1,4019.8,23,4,4019.9,42,1
11483,2026-07-02 10:24:19+05:30,4019.8,1,4050.1,533448,123307.0,145394.0,4100.0,4110.0,4016.1,4092.6,23252775,4501.8,3683.4,4440.0,3288.1,4018.6,36,4,4018.5,15,2,4018.4,10,1,4018.3,5,1,4018.2,39,3,4019.3,34,1,4019.6,5,4,4019.7,42,1,4019.8,23,4,4019.9,42,1
11483,2026-07-02 10:24:19+05:30,4019.8,1,4050.1,533448,123307.0,145394.0,4100.0,4110.0,4016.1,4092.6,23252775,4501.8,3683.4,4440.0,3288.1,4018.6,36,4,4018.5,15,2,4018.4,10,1,4018.3,5,1,4018.2,39,3,4019.3,34,1,4019.6,5,4,4019.7,42,1,4019.8,23,4,4019.9,42,1
11483,2026-07-02 10:24:19+05:30,4020.0,1,4050.07,533984,124982.0,142978.0,4100.0,4110.0,4016.1,4092.6,23252775,4501.8,3683.4,4440.0,3288.1,4019.8,81,8,4019.7,108,7,4019.6,29,4,4019.5,30,4,4019.4,34,4,4021.2,8,1,4021.8,3,1,4021.9,11,2,4022.0,3,1,4022.1,3,1
11483,2026-07-02 10:24:19+05:30,4020.0,1,4050.07,533984,124982.0,142978.0,4100.0,4110.0,4016.1,4092.6,23252775,4501.8,3683.4,4440.0,3288.1,4019.8,81,8,4019.7,108,7,4019.6,29,4,4019.5,30,4,4019.4,34,4,4021.2,8,1,4021.8,3,1,4021.9,11,2,4022.0,3,1,4022.1,3,1
11483,2026-07-02 10:24:20+05:30,4020.0,8,4050.07,533984,124982.0,142978.0,4100.0,4110.0,4016.1,4092.6,23252775,4501.8,3683.4,4440.0,3288.1,4019.8,81,8,4019.7,108,7,4019.6,29,4,4019.5,30,4,4019.4,34,4,4021.2,8,1,4021.8,3,1,4021.9,11,2,4022.0,3,1,4022.1,3,1
11483,2026-07-02 10:24:20+05:30,4020.0,8,4050.07,533984,124982.0,142978.0,4100.0,4110.0,4016.1,4092.6,23252775,4501.8,3683.4,4440.0,3288.1,4019.8,81,8,4019.7,108,7,4019.6,29,4,4019.5,30,4,4019.4,34,4,4021.2,8,1,4021.8,3,1,4021.9,11,2,4022.0,3,1,4022.1,3,1
11483,2026-07-02 10:24:20+05:30,4020.0,8,4050.07,534011,124188.0,144132.0,4100.0,4110.0,4016.1,4092.6,23252775,4501.8,3683.4,4440.0,3288.1,4019.6,10,1,4019.2,64,6,4019.1,31,3,4019.0,81,6,4018.9,59,5,4020.0,2,2,4020.5,36,1,4021.2,7,2,4021.4,4,1,4021.5,24,1
11483,2026-07-02 10:24:21+05:30,4020.1,2,4050.07,534011,124188.0,144132.0,4100.0,4110.0,4016.1,4092.6,23252775,4501.8,3683.4,4440.0,3288.1,4019.6,10,1,4019.2,64,6,4019.1,31,3,4019.0,81,6,4018.9,59,5,4020.0,2,2,4020.5,36,1,4021.2,7,2,4021.4,4,1,4021.5,24,1
11483,2026-07-02 10:24:21+05:30,4020.1,2,4050.07,534011,124188.0,144132.0,4100.0,4110.0,4016.1,4092.6,23252775,4501.8,3683.4,4440.0,3288.1,4019.6,10,1,4019.2,64,6,4019.1,31,3,4019.0,81,6,4018.9,59,5,4020.0,2,2,4020.5,36,1,4021.2,7,2,4021.4,4,1,4021.5,24,1
11483,2026-07-02 10:24:21+05:30,4019.9,19,4050.05,534223,124940.0,143970.0,4100.0,4110.0,4016.1,4092.6,23252775,4501.8,3683.4,4440.0,3288.1,4020.0,88,9,4019.8,53,4,4019.7,47,4,4019.6,37,4,4019.5,17,3,4020.1,3,2,4020.5,42,1,4021.2,1,1,4021.8,3,1,4021.9,3,1
11483,2026-07-02 10:24:22+05:30,4019.9,19,4050.05,534223,124940.0,143970.0,4100.0,4110.0,4016.1,4092.6,23302300,4501.8,3683.4,4440.0,3288.1,4020.0,88,9,4019.8,53,4,4019.7,47,4,4019.6,37,4,4019.5,17,3,4020.1,3,2,4020.5,42,1,4021.2,1,1,4021.8,3,1,4021.9,3,1
11483,2026-07-02 10:24:22+05:30,4020.0,3,4050.05,534223,124940.0,143970.0,4100.0,4110.0,4016.1,4092.6,23302300,4501.8,3683.4,4440.0,3288.1,4020.0,88,9,4019.8,53,4,4019.7,47,4,4019.6,37,4,4019.5,17,3,4020.1,3,2,4020.5,42,1,4021.2,1,1,4021.8,3,1,4021.9,3,1
11483,2026-07-02 10:24:22+05:30,4020.0,3,4050.05,534223,124940.0,143970.0,4100.0,4110.0,4016.1,4092.6,23302300,4501.8,3683.4,4440.0,3288.1,4020.0,88,9,4019.8,53,4,4019.7,47,4,4019.6,37,4,4019.5,17,3,4020.1,3,2,4020.5,42,1,4021.2,1,1,4021.8,3,1,4021.9,3,1
11483,2026-07-02 10:24:23+05:30,4020.0,3,4050.05,534223,124940.0,143970.0,4100.0,4110.0,4016.1,4092.6,23302300,4501.8,3683.4,4440.0,3288.1,4020.0,88,9,4019.8,53,4,4019.7,47,4,4019.6,37,4,4019.5,17,3,4020.1,3,2,4020.5,42,1,4021.2,1,1,4021.8,3,1,4021.9,3,1
11483,2026-07-02 10:24:23+05:30,4020.0,14,4050.04,534411,124804.0,144049.0,4100.0,4110.0,4016.1,4092.6,23302300,4501.8,3683.4,4440.0,3288.1,4019.9,64,6,4019.8,40,5,4019.7,35,3,4019.6,37,4,4019.5,17,3,4020.0,14,1,4020.1,3,2,4020.4,42,1,4020.6,42,1,4021.2,36,2
11483,2026-07-02 10:24:23+05:30,4020.0,14,4050.04,534411,124804.0,144049.0,4100.0,4110.0,4016.1,4092.6,23302300,4501.8,3683.4,4440.0,3288.1,4019.9,64,6,4019.8,40,5,4019.7,35,3,4019.6,37,4,4019.5,17,3,4020.0,14,1,4020.1,3,2,4020.4,42,1,4020.6,42,1,4021.2,36,2
11483,2026-07-02 10:24:23+05:30,4020.0,14,4050.04,534411,124804.0,144049.0,4100.0,4110.0,4016.1,4092.6,23302300,4501.8,3683.4,4440.0,3288.1,4019.9,64,6,4019.8,40,5,4019.7,35,3,4019.6,37,4,4019.5,17,3,4020.0,14,1,4020.1,3,2,4020.4,42,1,4020.6,42,1,4021.2,36,2
11483,2026-07-02 10:24:24+05:30,4019.9,2,4050.04,534485,124759.0,144086.0,4100.0,4110.0,4016.1,4092.6,23302300,4501.8,3683.4,4440.0,3288.1,4019.9,25,2,4019.8,36,4,4019.7,47,4,4019.6,37,4,4019.5,17,3,4020.0,18,4,4020.1,3,2,4020.3,42,1,4020.5,42,1,4021.2,36,2
11483,2026-07-02 10:24:24+05:30,4019.9,8,4050.04,534485,124759.0,144086.0,4100.0,4110.0,4016.1,4092.6,23302300,4501.8,3683.4,4440.0,3288.1,4019.9,25,2,4019.8,36,4,4019.7,47,4,4019.6,37,4,4019.5,17,3,4020.0,18,4,4020.1,3,2,4020.3,42,1,4020.5,42,1,4021.2,36,2
11483,2026-07-02 10:24:25+05:30,4020.0,10,4050.03,534656,124789.0,144142.0,4100.0,4110.0,4016.1,4092.6,23302300,4501.8,3683.4,4440.0,3288.1,4019.9,35,4,4019.8,48,5,4019.7,35,3,4019.6,37,4,4019.5,13,2,4020.0,18,4,4020.1,3,2,4020.3,77,2,4020.5,42,1,4021.2,1,1
11483,2026-07-02 10:24:25+05:30,4020.0,10,4050.03,534656,124789.0,144142.0,4100.0,4110.0,4016.1,4092.6,23302300,4501.8,3683.4,4440.0,3288.1,4019.9,35,4,4019.8,48,5,4019.7,35,3,4019.6,37,4,4019.5,13,2,4020.0,18,4,4020.1,3,2,4020.3,77,2,4020.5,42,1,4021.2,1,1
11483,2026-07-02 10:24:26+05:30,4019.9,23,4050.02,534842,124792.0,143944.0,4100.0,4110.0,4016.1,4092.6,23302300,4501.8,3683.4,4440.0,3288.1,4019.8,50,6,4019.7,49,5,4019.6,37,4,4019.5,13,2,4019.4,17,2,4019.9,39,3,4020.0,4,2,4020.1,3,2,4020.3,77,2,4020.5,42,1
11483,2026-07-02 10:24:26+05:30,4019.9,23,4050.02,534842,124792.0,143944.0,4100.0,4110.0,4016.1,4092.6,23302300,4501.8,3683.4,4440.0,3288.1,4019.8,50,6,4019.7,49,5,4019.6,37,4,4019.5,13,2,4019.4,17,2,4019.9,39,3,4020.0,4,2,4020.1,3,2,4020.3,77,2,4020.5,42,1
11483,2026-07-02 10:24:26+05:30,4019.8,1,4050.01,534967,124727.0,144313.0,4100.0,4110.0,4016.1,4092.6,23302300,4501.8,3683.4,4440.0,3288.1,4019.7,49,5,4019.6,34,4,4019.5,13,2,4019.4,17,2,4019.3,9,1,4019.8,1,1,4019.9,42,5,4020.0,4,2,4020.3,35,1,4021.2,32,2
11483,2026-07-02 10:24:27+05:30,4019.8,1,4050.01,534967,124727.0,144313.0,4100.0,4110.0,4016.1,4092.6,23302300,4501.8,3683.4,4440.0,3288.1,4019.7,49,5,4019.6,34,4,4019.5,13,2,4019.4,17,2,4019.3,9,1,4019.8,1,1,4019.9,42,5,4020.0,4,2,4020.3,35,1,4021.2,32,2
11483,2026-07-02 10:24:27+05:30,4019.9,1,4050.0,535259,124445.0,143921.0,4100.0,4110.0,4016.1,4092.6,23302300,4501.8,3683.4,4440.0,3288.1,4019.7,38,4,4019.6,36,4,4019.5,18,3,4019.4,17,2,4019.3,59,3,4019.9,10,5,4020.0,4,2,4020.3,35,1,4021.2,1,1,4021.4,11,1
11483,2026-07-02 10:24:28+05:30,4019.7,4,4050.0,535259,124445.0,143921.0,4100.0,4110.0,4016.1,4092.6,23302300,4501.8,3683.4,4440.0,3288.1,4019.7,38,4,4019.6,36,4,4019.5,18,3,4019.4,17,2,4019.3,59,3,4019.9,10,5,4020.0,4,2,4020.3,35,1,4021.2,1,1,4021.4,11,1
11483,2026-07-02 10:24:28+05:30,4019.9,1,4050.0,535274,124475.0,143951.0,4100.0,4110.0,4016.1,4092.6,23302300,4501.8,3683.4,4440.0,3288.1,4019.7,34,4,4019.6,36,4,4019.5,18,3,4019.4,17,2,4019.3,33,2,4019.9,13,8,4020.0,2,1,4020.3,35,1,4021.2,1,1,4021.4,11,1
11483,2026-07-02 10:24:29+05:30,4019.9,1,4050.0,535274,124475.0,143951.0,4100.0,4110.0,4016.1,4092.6,23302300,4501.8,3683.4,4440.0,3288.1,4019.7,34,4,4019.6,36,4,4019.5,18,3,4019.4,17,2,4019.3,33,2,4019.9,13,8,4020.0,2,1,4020.3,35,1,4021.2,1,1,4021.4,11,1
11483,2026-07-02 10:24:29+05:30,4019.9,1,4050.0,535274,124463.0,143964.0,4100.0,4110.0,4016.1,4092.6,23302300,4501.8,3683.4,4440.0,3288.1,4019.7,22,3,4019.6,36,4,4019.5,18,3,4019.4,17,2,4019.3,33,2,4019.9,18,11,4020.0,2,1,4020.3,35,1,4021.2,1,1,4021.4,11,1
11483,2026-07-02 10:24:30+05:30,4019.9,3,4050.0,535274,124463.0,143964.0,4100.0,4110.0,4016.1,4092.6,23302300,4501.8,3683.4,4440.0,3288.1,4019.7,22,3,4019.6,36,4,4019.5,18,3,4019.4,17,2,4019.3,33,2,4019.9,18,11,4020.0,2,1,4020.3,35,1,4021.2,1,1,4021.4,11,1
11483,2026-07-02 10:24:30+05:30,4020.3,33,4049.99,535360,125696.0,143063.0,4100.0,4110.0,4016.1,4092.6,23302300,4501.8,3683.4,4440.0,3288.1,4020.4,1,1,4020.3,17,2,4020.1,47,3,4020.0,97,9,4019.9,87,8,4021.2,1,1,4021.8,3,1,4021.9,3,1,4022.0,27,2,4022.1,5,2
11483,2026-07-02 10:24:31+05:30,4020.3,4,4049.99,535360,125696.0,143063.0,4100.0,4110.0,4016.1,4092.6,23302300,4501.8,3683.4,4440.0,3288.1,4020.4,1,1,4020.3,17,2,4020.1,47,3,4020.0,97,9,4019.9,87,8,4021.2,1,1,4021.8,3,1,4021.9,3,1,4022.0,27,2,4022.1,5,2
11483,2026-07-02 10:24:31+05:30,4021.8,2,4049.99,535371,125817.0,143332.0,4100.0,4110.0,4016.1,4092.6,23302300,4501.8,3683.4,4440.0,3288.1,4020.4,37,3,4020.3,55,4,4020.2,10,1,4020.1,32,4,4020.0,82,9,4021.8,4,3,4021.9,3,1,4022.0,3,1,4022.1,3,1,4022.2,27,3
11483,2026-07-02 10:24:32+05:30,4021.8,1,4049.99,535371,125817.0,143332.0,4100.0,4110.0,4016.1,4092.6,23302300,4501.8,3683.4,4440.0,3288.1,4020.4,37,3,4020.3,55,4,4020.2,10,1,4020.1,32,4,4020.0,82,9,4021.8,4,3,4021.9,3,1,4022.0,3,1,4022.1,3,1,4022.2,27,3
11483,2026-07-02 10:24:32+05:30,4021.7,5,4049.99,535377,125821.0,143359.0,4100.0,4110.0,4016.1,4092.6,23302300,4501.8,3683.4,4440.0,3288.1,4020.4,37,3,4020.3,55,4,4020.2,10,1,4020.1,32,4,4020.0,82,9,4021.7,14,1,4021.8,2,2,4021.9,3,1,4022.0,3,1,4022.1,3,1
11483,2026-07-02 10:24:33+05:30,4020.4,12,4049.99,535377,125821.0,143359.0,4100.0,4110.0,4016.1,4092.6,23302300,4501.8,3683.4,4440.0,3288.1,4020.4,37,3,4020.3,55,4,4020.2,10,1,4020.1,32,4,4020.0,82,9,4021.7,14,1,4021.8,2,2,4021.9,3,1,4022.0,3,1,4022.1,3,1
11483,2026-07-02 10:24:33+05:30,4020.4,12,4049.99,535414,125524.0,143706.0,4100.0,4110.0,4016.1,4092.6,23302300,4501.8,3683.4,4440.0,3288.1,4020.3,17,1,4020.2,22,2,4020.1,20,3,4020.0,41,5,4019.9,66,7,4020.4,4,3,4021.7,19,4,4021.8,7,2,4021.9,3,1,4022.0,27,2
11483,2026-07-02 10:24:34+05:30,4020.4,1,4049.99,535414,125524.0,143706.0,4100.0,4110.0,4016.1,4092.6,23302300,4501.8,3683.4,4440.0,3288.1,4020.3,17,1,4020.2,22,2,4020.1,20,3,4020.0,41,5,4019.9,66,7,4020.4,4,3,4021.7,19,4,4021.8,7,2,4021.9,3,1,4022.0,27,2
11483,2026-07-02 10:24:34+05:30,4020.4,1,4049.99,535417,125672.0,143724.0,4100.0,4110.0,4016.1,4092.6,23302300,4501.8,3683.4,4440.0,3288.1,4020.3,17,1,4020.2,10,1,4020.1,7,2,4020.0,56,5,4019.9,66,7,4020.4,16,3,4021.7,24,5,4021.8,1,1,4021.9,3,1,4022.0,27,2
11483,2026-07-02 10:24:35+05:30,4023.1,77,4049.94,536433,126616.0,142830.0,4100.0,4110.0,4016.1,4092.6,23302300,4501.8,3683.4,4440.0,3288.1,4020.3,31,3,4020.2,26,2,4020.1,33,3,4020.0,79,8,4019.9,36,6,4021.8,13,1,4021.9,32,2,4022.0,32,3,4022.1,16,2,4022.2,16,2
11483,2026-07-02 10:24:36+05:30,4021.8,2,4049.94,536433,126616.0,142830.0,4100.0,4110.0,4016.1,4092.6,23302300,4501.8,3683.4,4440.0,3288.1,4020.3,31,3,4020.2,26,2,4020.1,33,3,4020.0,79,8,4019.9,36,6,4021.8,13,1,4021.9,32,2,4022.0,32,3,4022.1,16,2,4022.2,16,2
11483,2026-07-02 10:24:36+05:30,4021.8,2,4049.94,536435,126841.0,142874.0,4100.0,4110.0,4016.1,4092.6,23302300,4501.8,3683.4,4440.0,3288.1,4020.3,31,3,4020.2,26,2,4020.1,33,3,4020.0,118,10,4019.9,41,7,4021.8,19,2,4021.9,32,2,4022.0,29,2,4022.1,16,2,4022.2,16,2
11483,2026-07-02 10:24:37+05:30,4021.8,1,4049.94,536435,126841.0,142874.0,4100.0,4110.0,4016.1,4092.6,23302300,4501.8,3683.4,4440.0,3288.1,4020.3,31,3,4020.2,26,2,4020.1,33,3,4020.0,118,10,4019.9,41,7,4021.8,19,2,4021.9,32,2,4022.0,29,2,4022.1,16,2,4022.2,16,2
11483,2026-07-02 10:24:37+05:30,4020.5,2,4049.93,536443,126930.0,143023.0,4100.0,4110.0,4016.1,4092.6,23302300,4501.8,3683.4,4440.0,3288.1,4020.5,51,2,4020.4,1,1,4020.3,36,2,4020.2,24,2,4020.1,13,2,4021.8,4,2,4022.0,13,1,4022.1,16,2,4022.2,32,3,4022.3,4,2
11483,2026-07-02 10:24:38+05:30,4020.5,1,4049.93,536443,126930.0,143023.0,4100.0,4110.0,4016.1,4092.6,23302300,4501.8,3683.4,4440.0,3288.1,4020.5,51,2,4020.4,1,1,4020.3,36,2,4020.2,24,2,4020.1,13,2,4021.8,4,2,4022.0,13,1,4022.1,16,2,4022.2,32,3,4022.3,4,2
11483,2026-07-02 10:24:38+05:30,4020.5,1,4049.93,536444,126665.0,143165.0,4100.0,4110.0,4016.1,4092.6,23302300,4501.8,3683.4,4440.0,3288.1,4020.5,13,1,4020.3,17,1,4020.2,5,1,4020.1,35,3,4020.0,97,9,4021.8,16,4,4022.0,132,3,4022.1,16,2,4022.2,32,3,4022.3,16,3
11483,2026-07-02 10:24:39+05:30,4021.8,1,4049.93,536444,126665.0,143165.0,4100.0,4110.0,4016.1,4092.6,23302300,4501.8,3683.4,4440.0,3288.1,4020.5,13,1,4020.3,17,1,4020.2,5,1,4020.1,35,3,4020.0,97,9,4021.8,16,4,4022.0,132,3,4022.1,16,2,4022.2,32,3,4022.3,16,3
11483,2026-07-02 10:24:39+05:30,4021.8,1,4049.93,536445,126740.0,143645.0,4100.0,4110.0,4016.1,4092.6,23302300,4501.8,3683.4,4440.0,3288.1,4021.0,90,1,4020.6,1,1,4020.5,48,3,4020.4,100,1,4020.3,36,2,4021.8,3,2,4022.0,113,2,4022.1,18,3,4022.2,18,3,4022.3,4,2
11483,2026-07-02 10:24:40+05:30,4021.0,51,4049.93,536535,126494.0,143524.0,4100.0,4110.0,4016.1,4092.6,23302300,4501.8,3683.4,4440.0,3288.1,4020.5,13,1,4020.4,109,3,4020.3,26,2,4020.1,13,2,4020.0,52,5,4021.0,14,3,4021.8,3,2,4022.0,100,1,4022.1,15,2,4022.2,18,3
11483,2026-07-02 10:24:41+05:30,4021.0,1,4049.93,536535,126494.0,143524.0,4100.0,4110.0,4016.1,4092.6,23302300,4501.8,3683.4,4440.0,3288.1,4020.5,13,1,4020.4,109,3,4020.3,26,2,4020.1,13,2,4020.0,52,5,4021.0,14,3,4021.8,3,2,4022.0,100,1,4022.1,15,2,4022.2,18,3
11483,2026-07-02 10:24:41+05:30,4021.0,12,4049.93,536576,126285.0,143581.0,4100.0,4110.0,4016.1,4092.6,23302300,4501.8,3683.4,4440.0,3288.1,4020.4,118,3,4020.3,17,1,4020.2,10,1,4020.1,11,1,4020.0,93,8,4021.0,16,5,4021.8,1,1,4022.0,100,1,4022.1,15,2,4022.2,18,3
11483,2026-07-02 10:24:42+05:30,4021.0,1,4049.93,536576,126285.0,143581.0,4100.0,4110.0,4016.1,4092.6,23302300,4501.8,3683.4,4440.0,3288.1,4020.4,118,3,4020.3,17,1,4020.2,10,1,4020.1,11,1,4020.0,93,8,4021.0,16,5,4021.8,1,1,4022.0,100,1,4022.1,15,2,4022.2,18,3
11483,2026-07-02 10:24:42+05:30,4022.3,25,4049.92,536784,125950.0,143392.0,4100.0,4110.0,4016.1,4092.6,23302300,4501.8,3683.4,4440.0,3288.1,4020.4,100,1,4020.2,10,1,4020.1,33,3,4020.0,39,5,4019.9,51,4,4021.8,11,1,4021.9,32,3,4022.0,46,4,4022.1,54,5,4022.2,55,5
11483,2026-07-02 10:24:43+05:30,4020.4,14,4049.92,536784,125950.0,143392.0,4100.0,4110.0,4016.1,4092.6,23302300,4501.8,3683.4,4440.0,3288.1,4020.4,100,1,4020.2,10,1,4020.1,33,3,4020.0,39,5,4019.9,51,4,4021.8,11,1,4021.9,32,3,4022.0,46,4,4022.1,54,5,4022.2,55,5
11483,2026-07-02 10:24:43+05:30,4020.4,1,4049.91,536916,125292.0,143838.0,4100.0,4110.0,4016.1,4092.6,23302300,4501.8,3683.4,4440.0,3288.1,4020.0,72,8,4019.9,46,2,4019.8,9,3,4019.7,31,3,4019.6,40,4,4020.4,5,1,4021.7,50,2,4021.8,16,3,4021.9,3,1,4022.0,28,2
11483,2026-07-02 10:24:44+05:30,4020.4,5,4049.91,536916,125292.0,143838.0,4100.0,4110.0,4016.1,4092.6,23302300,4501.8,3683.4,4440.0,3288.1,4020.0,72,8,4019.9,46,2,4019.8,9,3,4019.7,31,3,4019.6,40,4,4020.4,5,1,4021.7,50,2,4021.8,16,3,4021.9,3,1,4022.0,28,2
11483,2026-07-02 10:24:44+05:30,4020.4,1,4049.91,536930,125252.0,144605.0,4100.0,4110.0,4016.1,4092.6,23302300,4501.8,3683.4,4440.0,3288.1,4020.0,48,6,4019.9,46,2,4019.8,9,2,4019.7,31,3,4019.6,32,4,4020.4,2,2,4021.7,66,3,4021.8,14,2,4021.9,3,1,4022.0,35,4
11483,2026-07-02 10:24:45+05:30,4020.4,1,4049.91,536930,125252.0,144605.0,4100.0,4110.0,4016.1,4092.6,23302300,4501.8,3683.4,4440.0,3288.1,4020.0,48,6,4019.9,46,2,4019.8,9,2,4019.7,31,3,4019.6,32,4,4020.4,2,2,4021.7,66,3,4021.8,14,2,4021.9,3,1,4022.0,35,4
11483,2026-07-02 10:24:45+05:30,4020.4,1,4049.91,536953,125240.0,144605.0,4100.0,4110.0,4016.1,4092.6,23302300,4501.8,3683.4,4440.0,3288.1,4020.0,30,6,4019.9,46,2,4019.8,9,2,4019.7,19,2,4019.6,32,4,4020.4,3,3,4021.7,66,3,4021.8,14,2,4021.9,3,1,4022.0,63,6
11483,2026-07-02 10:24:46+05:30,4020.4,1,4049.91,536953,125240.0,144605.0,4100.0,4110.0,4016.1,4092.6,23302300,4501.8,3683.4,4440.0,3288.1,4020.0,30,6,4019.9,46,2,4019.8,9,2,4019.7,19,2,4019.6,32,4,4020.4,3,3,4021.7,66,3,4021.8,14,2,4021.9,3,1,4022.0,63,6
11483,2026-07-02 10:24:46+05:30,4021.6,1,4049.9,537011,125580.0,144022.0,4100.0,4110.0,4016.1,4092.6,23302300,4501.8,3683.4,4440.0,3288.1,4020.1,22,2,4020.0,117,9,4019.9,46,2,4019.8,49,2,4019.7,19,2,4021.7,15,3,4021.8,3,1,4021.9,3,1,4022.0,55,5,4022.1,3,1
11483,2026-07-02 10:24:47+05:30,4021.6,1,4049.9,537011,125580.0,144022.0,4100.0,4110.0,4016.1,4092.6,23302300,4501.8,3683.4,4440.0,3288.1,4020.1,22,2,4020.0,117,9,4019.9,46,2,4019.8,49,2,4019.7,19,2,4021.7,15,3,4021.8,3,1,4021.9,3,1,4022.0,55,5,4022.1,3,1
11483,2026-07-02 10:24:47+05:30,4020.2,24,4049.9,537049,126632.0,143854.0,4100.0,4110.0,4016.1,4092.6,23302300,4501.8,3683.4,4440.0,3288.1,4020.3,1,1,4020.2,55,4,4020.1,28,2,4020.0,91,8,4019.9,46,2,4021.6,2,2,4021.7,1,1,4021.9,3,1,4022.0,28,2,4022.1,3,1
11483,2026-07-02 10:24:48+05:30,4020.2,1,4049.9,537049,126632.0,143854.0,4100.0,4110.0,4016.1,4092.6,23302300,4501.8,3683.4,4440.0,3288.1,4020.3,1,1,4020.2,55,4,4020.1,28,2,4020.0,91,8,4019.9,46,2,4021.6,2,2,4021.7,1,1,4021.9,3,1,4022.0,28,2,4022.1,3,1
11483,2026-07-02 10:24:49+05:30,4021.6,1,4049.9,537057,126713.0,143938.0,4100.0,4110.0,4016.1,4092.6,23302300,4501.8,3683.4,4440.0,3288.1,4020.4,100,1,4020.3,11,1,4020.2,35,2,4020.1,37,3,4020.0,116,9,4021.6,1,1,4021.7,1,1,4022.1,3,1,4022.2,3,1,4022.3,20,3
11483,2026-07-02 10:24:49+05:30,4021.6,1,4049.9,537057,126713.0,143938.0,4100.0,4110.0,4016.1,4092.6,23302300,4501.8,3683.4,4440.0,3288.1,4020.4,100,1,4020.3,11,1,4020.2,35,2,4020.1,37,3,4020.0,116,9,4021.6,1,1,4021.7,1,1,4022.1,3,1,4022.2,3,1,4022.3,20,3
11483,2026-07-02 10:24:50+05:30,4021.6,1,4049.9,537059,127009.0,143621.0,4100.0,4110.0,4016.1,4092.6,23302300,4501.8,3683.4,4440.0,3288.1,4020.5,36,3,4020.4,105,2,4020.3,16,2,4020.2,6,1,4020.1,97,5,4021.6,1,1,4022.1,3,1,4022.2,3,1,4022.3,3,1,4022.4,35,2
11483,2026-07-02 10:24:50+05:30,4021.6,1,4049.9,537059,127009.0,143621.0,4100.0,4110.0,4016.1,4092.6,23302300,4501.8,3683.4,4440.0,3288.1,4020.5,36,3,4020.4,105,2,4020.3,16,2,4020.2,6,1,4020.1,97,5,4021.6,1,1,4022.1,3,1,4022.2,3,1,4022.3,3,1,4022.4,35,2
11483,2026-07-02 10:24:51+05:30,4022.9,1,4049.9,537065,128221.0,142530.0,4100.0,4110.0,4016.1,4092.6,23302300,4501.8,3683.4,4440.0,3288.1,4021.2,35,2,4021.1,48,4,4021.0,500,1,4020.8,14,2,4020.7,51,4,4022.7,4,1,4022.8,6,2,4022.9,2,1,4023.0,20,1,4023.1,32,1
11483,2026-07-02 10:24:51+05:30,4022.9,1,4049.9,537065,128221.0,142530.0,4100.0,4110.0,4016.1,4092.6,23302300,4501.8,3683.4,4440.0,3288.1,4021.2,35,2,4021.1,48,4,4021.0,500,1,4020.8,14,2,4020.7,51,4,4022.7,4,1,4022.8,6,2,4022.9,2,1,4023.0,20,1,4023.1,32,1
11483,2026-07-02 10:24:52+05:30,4022.6,4,4049.9,537070,128715.0,142577.0,4100.0,4110.0,4016.1,4092.6,23302300,4501.8,3683.4,4440.0,3288.1,4021.2,18,1,4021.1,29,3,4021.0,500,1,4020.9,4,1,4020.8,6,1,4022.6,6,2,4022.7,5,2,4022.8,37,2,4022.9,3,2,4023.0,20,1
11483,2026-07-02 10:24:52+05:30,4022.6,4,4049.9,537070,128715.0,142577.0,4100.0,4110.0,4016.1,4092.6,23302300,4501.8,3683.4,4440.0,3288.1,4021.2,18,1,4021.1,29,3,4021.0,500,1,4020.9,4,1,4020.8,6,1,4022.6,6,2,4022.7,5,2,4022.8,37,2,4022.9,3,2,4023.0,20,1
11483,2026-07-02 10:24:53+05:30,4023.1,3,4049.9,537171,128927.0,143149.0,4100.0,4110.0,4016.1,4092.6,23302300,4501.8,3683.4,4440.0,3288.1,4021.6,25,1,4021.1,24,2,4021.0,512,2,4020.9,5,1,4020.8,8,1,4022.8,8,1,4023.1,60,4,4023.2,2,1,4023.3,57,2,4023.4,65,2
11483,2026-07-02 10:24:53+05:30,4023.1,3,4049.9,537171,128927.0,143149.0,4100.0,4110.0,4016.1,4092.6,23302300,4501.8,3683.4,4440.0,3288.1,4021.6,25,1,4021.1,24,2,4021.0,512,2,4020.9,5,1,4020.8,8,1,4022.8,8,1,4023.1,60,4,4023.2,2,1,4023.3,57,2,4023.4,65,2
11483,2026-07-02 10:24:54+05:30,4023.2,2,4049.89,537322,129045.0,142981.0,4100.0,4110.0,4016.1,4092.6,23302300,4501.8,3683.4,4440.0,3288.1,4021.2,41,4,4021.1,79,6,4021.0,541,4,4020.8,8,1,4020.7,40,4,4023.0,7,1,4023.3,71,4,4023.4,65,2,4023.5,7,1,4023.6,20,4
11483,2026-07-02 10:24:54+05:30,4022.8,8,4049.89,537322,129045.0,142981.0,4100.0,4110.0,4016.1,4092.6,23302300,4501.8,3683.4,4440.0,3288.1,4021.2,41,4,4021.1,79,6,4021.0,541,4,4020.8,8,1,4020.7,40,4,4023.0,7,1,4023.3,71,4,4023.4,65,2,4023.5,7,1,4023.6,20,4
11483,2026-07-02 10:24:55+05:30,4023.0,1,4049.89,537338,129261.0,142441.0,4100.0,4110.0,4016.1,4092.6,23302300,4501.8,3683.4,4440.0,3288.1,4021.5,39,3,4021.4,67,5,4021.3,8,1,4021.2,2,1,4021.1,40,2,4023.0,1,1,4023.2,5,3,4023.3,25,1,4023.4,33,1,4023.5,2,1
11483,2026-07-02 10:24:55+05:30,4023.2,1,4049.89,537338,129261.0,142441.0,4100.0,4110.0,4016.1,4092.6,23302300,4501.8,3683.4,4440.0,3288.1,4021.5,39,3,4021.4,67,5,4021.3,8,1,4021.2,2,1,4021.1,40,2,4023.0,1,1,4023.2,5,3,4023.3,25,1,4023.4,33,1,4023.5,2,1
11483,2026-07-02 10:24:56+05:30,4021.7,6,4049.87,537745,129343.0,141694.0,4100.0,4110.0,4016.1,4092.6,23302300,4501.8,3683.4,4440.0,3288.1,4021.7,18,2,4021.6,25,2,4021.5,59,4,4021.4,25,2,4021.3,37,3,4023.2,2,2,4023.6,1,1,4023.8,32,1,4023.9,35,1,4024.0,70,5
11483,2026-07-02 10:24:56+05:30,4023.2,1,4049.87,537745,129343.0,141694.0,4100.0,4110.0,4016.1,4092.6,23302300,4501.8,3683.4,4440.0,3288.1,4021.7,18,2,4021.6,25,2,4021.5,59,4,4021.4,25,2,4021.3,37,3,4023.2,2,2,4023.6,1,1,4023.8,32,1,4023.9,35,1,4024.0,70,5
11483,2026-07-02 10:24:57+05:30,4023.4,1,4049.86,537783,129627.0,142423.0,4100.0,4110.0,4016.1,4092.6,23302300,4501.8,3683.4,4440.0,3288.1,4021.8,32,2,4021.7,18,2,4021.6,39,3,4021.5,82,5,4021.4,10,1,4023.4,2,2,4023.5,2,1,4023.6,13,2,4023.7,7,2,4023.8,32,1
11483,2026-07-02 10:24:57+05:30,4023.4,1,4049.86,537783,129627.0,142423.0,4100.0,4110.0,4016.1,4092.6,23302300,4501.8,3683.4,4440.0,3288.1,4021.8,32,2,4021.7,18,2,4021.6,39,3,4021.5,82,5,4021.4,10,1,4023.4,2,2,4023.5,2,1,4023.6,13,2,4023.7,7,2,4023.8,32,1
11483,2026-07-02 10:24:58+05:30,4023.4,1,4049.86,537784,129781.0,142348.0,4100.0,4110.0,4016.1,4092.6,23302300,4501.8,3683.4,4440.0,3288.1,4021.9,16,3,4021.8,42,3,4021.7,29,2,4021.6,68,6,4021.5,45,3,4023.4,4,3,4023.6,19,2,4023.8,32,1,4023.9,9,2,4024.0,56,3
11483,2026-07-02 10:24:58+05:30,4021.9,1,4049.86,537784,129781.0,142348.0,4100.0,4110.0,4016.1,4092.6,23302300,4501.8,3683.4,4440.0,3288.1,4021.9,16,3,4021.8,42,3,4021.7,29,2,4021.6,68,6,4021.5,45,3,4023.4,4,3,4023.6,19,2,4023.8,32,1,4023.9,9,2,4024.0,56,3
11483,2026-07-02 10:24:59+05:30,4023.4,1,4049.86,537880,129555.0,142288.0,4100.0,4110.0,4016.1,4092.6,23302300,4501.8,3683.4,4440.0,3288.1,4023.0,93,1,4021.8,23,3,4021.7,25,2,4021.6,22,2,4021.5,81,2,4023.4,6,5,4023.6,1,1,4023.9,26,2,4024.0,77,6,4024.1,23,2
11483,2026-07-02 10:24:59+05:30,4023.4,1,4049.86,537880,129555.0,142288.0,4100.0,4110.0,4016.1,4092.6,23302300,4501.8,3683.4,4440.0,3288.1,4023.0,93,1,4021.8,23,3,4021.7,25,2,4021.6,22,2,4021.5,81,2,4023.4,6,5,4023.6,1,1,4023.9,26,2,4024.0,77,6,4024.1,23,2
11483,2026-07-02 10:25:00+05:30,4023.4,1,4049.86,537887,129554.0,142292.0,4100.0,4110.0,4016.1,4092.6,23302300,4501.8,3683.4,4440.0,3288.1,4023.0,93,1,4021.8,23,3,4021.7,25,2,4021.6,22,2,4021.5,81,2,4023.4,4,3,4023.6,1,1,4023.9,26,2,4024.0,77,6,4024.1,23,2
11483,2026-07-02 10:25:00+05:30,4023.4,1,4049.86,537887,129554.0,142292.0,4100.0,4110.0,4016.1,4092.6,23302300,4501.8,3683.4,4440.0,3288.1,4023.0,93,1,4021.8,23,3,4021.7,25,2,4021.6,22,2,4021.5,81,2,4023.4,4,3,4023.6,1,1,4023.9,26,2,4024.0,77,6,4024.1,23,2
11483,2026-07-02 10:25:01+05:30,4023.4,1,4049.86,537900,129553.0,142200.0,4100.0,4110.0,4016.1,4092.6,23302300,4501.8,3683.4,4440.0,3288.1,4023.0,90,1,4022.0,14,1,4021.9,5,1,4021.8,14,1,4021.7,24,1,4023.4,3,3,4023.5,12,1,4023.6,11,2,4023.9,28,3,4024.0,75,5
11483,2026-07-02 10:25:01+05:30,4023.4,1,4049.86,537900,129553.0,142200.0,4100.0,4110.0,4016.1,4092.6,23302300,4501.8,3683.4,4440.0,3288.1,4023.0,90,1,4022.0,14,1,4021.9,5,1,4021.8,14,1,4021.7,24,1,4023.4,3,3,4023.5,12,1,4023.6,11,2,4023.9,28,3,4024.0,75,5
11483,2026-07-02 10:25:02+05:30,4024.0,38,4049.85,538008,129756.0,142452.0,4100.0,4110.0,4016.1,4092.6,23302300,4501.8,3683.4,4440.0,3288.1,4023.0,90,1,4022.1,17,1,4022.0,38,2,4021.9,65,3,4021.8,2,1,4023.8,14,1,4023.9,24,3,4024.0,32,4,4024.1,18,1,4024.2,12,1
11483,2026-07-02 10:25:02+05:30,4023.8,1,4049.85,538008,129756.0,142452.0,4100.0,4110.0,4016.1,4092.6,23302300,4501.8,3683.4,4440.0,3288.1,4023.0,90,1,4022.1,17,1,4022.0,38,2,4021.9,65,3,4021.8,2,1,4023.8,14,1,4023.9,24,3,4024.0,32,4,4024.1,18,1,4024.2,12,1
11483,2026-07-02 10:25:03+05:30,4023.8,1,4049.85,538010,129758.0,142503.0,4100.0,4110.0,4016.1,4092.6,23302300,4501.8,3683.4,4440.0,3288.1,4023.0,90,1,4022.1,17,1,4022.0,38,2,4021.9,65,3,4021.8,2,1,4023.8,26,4,4023.9,12,2,4024.0,35,6,4024.1,18,1,4024.2,13,2
11483,2026-07-02 10:25:03+05:30,4023.8,1,4049.85,538010,129758.0,142503.0,4100.0,4110.0,4016.1,4092.6,23302300,4501.8,3683.4,4440.0,3288.1,4023.0,90,1,4022.1,17,1,4022.0,38,2,4021.9,65,3,4021.8,2,1,4023.8,26,4,4023.9,12,2,4024.0,35,6,4024.1,18,1,4024.2,13,2
11483,2026-07-02 10:25:04+05:30,4023.0,1,4049.85,538022,129712.0,142499.0,4100.0,4110.0,4016.1,4092.6,23302300,4501.8,3683.4,4440.0,3288.1,4023.0,80,1,4022.0,21,2,4021.9,12,1,4021.8,11,2,4021.7,24,1,4023.8,24,4,4024.0,35,6,4024.1,18,1,4024.2,13,2,4024.3,43,2
11483,2026-07-02 10:25:04+05:30,4023.0,1,4049.85,538022,129712.0,142499.0,4100.0,4110.0,4016.1,4092.6,23302300,4501.8,3683.4,4440.0,3288.1,4023.0,80,1,4022.0,21,2,4021.9,12,1,4021.8,11,2,4021.7,24,1,4023.8,24,4,4024.0,35,6,4024.1,18,1,4024.2,13,2,4024.3,43,2
11483,2026-07-02 10:25:05+05:30,4023.8,1,4049.85,538027,130128.0,142500.0,4100.0,4110.0,4016.1,4092.6,23302300,4501.8,3683.4,4440.0,3288.1,4023.0,80,1,4022.2,22,2,4022.1,17,1,4022.0,68,4,4021.9,514,3,4023.8,3,3,4024.0,29,4,4024.4,46,12,4024.5,21,1,4024.6,27,2
11483,2026-07-02 10:25:05+05:30,4023.8,1,4049.85,538027,130128.0,142500.0,4100.0,4110.0,4016.1,4092.6,23302300,4501.8,3683.4,4440.0,3288.1,4023.0,80,1,4022.2,22,2,4022.1,17,1,4022.0,68,4,4021.9,514,3,4023.8,3,3,4024.0,29,4,4024.4,46,12,4024.5,21,1,4024.6,27,2
11483,2026-07-02 10:25:06+05:30,4023.8,1,4049.85,538028,130559.0,141377.0,4100.0,4110.0,4016.1,4092.6,23302300,4501.8,3683.4,4440.0,3288.1,4023.0,107,3,4022.9,18,2,4022.8,16,3,4022.7,26,2,4022.6,5,1,4023.8,2,2,4024.0,15,3,4024.8,5,1,4024.9,47,3,4025.0,323,5
11483,2026-07-02 10:25:06+05:30,4023.8,1,4049.85,538028,130559.0,141377.0,4100.0,4110.0,4016.1,4092.6,23302300,4501.8,3683.4,4440.0,3288.1,4023.0,107,3,4022.9,18,2,4022.8,16,3,4022.7,26,2,4022.6,5,1,4023.8,2,2,4024.0,15,3,4024.8,5,1,4024.9,47,3,4025.0,323,5
11483,2026-07-02 10:25:07+05:30,4024.0,9,4049.85,538041,130031.0,141626.0,4100.0,4110.0,4016.1,4092.6,23302300,4501.8,3683.4,4440.0,3288.1,4023.8,1,1,4023.2,5,1,4023.0,97,2,4022.9,7,1,4022.8,2,1,4024.0,6,4,4024.8,34,2,4024.9,92,3,4025.0,337,6,4025.1,22,1
11483,2026-07-02 10:25:07+05:30,4023.8,4,4049.85,538041,130031.0,141626.0,4100.0,4110.0,4016.1,4092.6,23302300,4501.8,3683.4,4440.0,3288.1,4023.8,1,1,4023.2,5,1,4023.0,97,2,4022.9,7,1,4022.8,2,1,4024.0,6,4,4024.8,34,2,4024.9,92,3,4025.0,337,6,4025.1,22,1
11483,2026-07-02 10:25:08+05:30,4023.8,1,4049.85,538058,130016.0,141437.0,4100.0,4110.0,4016.1,4092.6,23302300,4501.8,3683.4,4440.0,3288.1,4023.2,4,1,4023.0,97,2,4022.7,14,1,4022.6,15,1,4022.5,66,3,4023.8,1,1,4024.0,6,5,4024.5,12,1,4024.6,1,1,4024.7,82,2
11483,2026-07-02 10:25:08+05:30,4023.8,1,4049.85,538058,130016.0,141437.0,4100.0,4110.0,4016.1,4092.6,23302300,4501.8,3683.4,4440.0,3288.1,4023.2,4,1,4023.0,97,2,4022.7,14,1,4022.6,15,1,4022.5,66,3,4023.8,1,1,4024.0,6,5,4024.5,12,1,4024.6,1,1,4024.7,82,2
11483,2026-07-02 10:25:09+05:30,4024.0,2,4049.85,538068,129971.0,141354.0,4100.0,4110.0,4016.1,4092.6,23302300,4501.8,3683.4,4440.0,3288.1,4023.2,3,1,4023.1,10,1,4023.0,97,2,4022.5,6,3,4022.4,27,3,4024.0,48,1,4024.6,1,1,4024.7,21,1,4024.8,60,4,4024.9,30,2
11483,2026-07-02 10:25:09+05:30,4024.0,2,4049.85,538068,129971.0,141354.0,4100.0,4110.0,4016.1,4092.6,23302300,4501.8,3683.4,4440.0,3288.1,4023.2,3,1,4023.1,10,1,4023.0,97,2,4022.5,6,3,4022.4,27,3,4024.0,48,1,4024.6,1,1,4024.7,21,1,4024.8,60,4,4024.9,30,2
11483,2026-07-02 10:25:10+05:30,4024.0,3,4049.85,538086,130282.0,141351.0,4100.0,4110.0,4016.1,4092.6,23302300,4501.8,3683.4,4440.0,3288.1,4023.4,15,1,4023.2,2,1,4023.1,21,2,4023.0,111,4,4022.8,26,1,4024.0,35,5,4024.7,22,2,4024.8,48,3,4024.9,30,2,4025.0,322,4
11483,2026-07-02 10:25:10+05:30,4024.0,3,4049.85,538086,130282.0,141351.0,4100.0,4110.0,4016.1,4092.6,23302300,4501.8,3683.4,4440.0,3288.1,4023.4,15,1,4023.2,2,1,4023.1,21,2,4023.0,111,4,4022.8,26,1,4024.0,35,5,4024.7,22,2,4024.8,48,3,4024.9,30,2,4025.0,322,4
11483,2026-07-02 10:25:11+05:30,4024.0,2,4049.85,538086,130282.0,141351.0,4100.0,4110.0,4016.1,4092.6,23302300,4501.8,3683.4,4440.0,3288.1,4023.4,15,1,4023.2,2,1,4023.1,21,2,4023.0,111,4,4022.8,26,1,4024.0,35,5,4024.7,22,2,4024.8,48,3,4024.9,30,2,4025.0,322,4
11483,2026-07-02 10:25:11+05:30,4024.0,2,4049.85,538103,129755.0,142779.0,4100.0,4110.0,4016.1,4092.6,23302300,4501.8,3683.4,4440.0,3288.1,4023.2,2,1,4023.1,10,1,4023.0,81,2,4022.2,12,1,4022.0,15,1,4023.9,32,3,4024.0,63,9,4024.2,13,2,4024.3,18,1,4024.4,6,1
11483,2026-07-02 10:25:12+05:30,4023.9,7,4049.85,538103,129755.0,142779.0,4100.0,4110.0,4016.1,4092.6,23302300,4501.8,3683.4,4440.0,3288.1,4023.2,2,1,4023.1,10,1,4023.0,81,2,4022.2,12,1,4022.0,15,1,4023.9,32,3,4024.0,63,9,4024.2,13,2,4024.3,18,1,4024.4,6,1
11483,2026-07-02 10:25:12+05:30,4023.9,7,4049.85,538112,129675.0,143271.0,4100.0,4110.0,4016.1,4092.6,23302300,4501.8,3683.4,4440.0,3288.1,4023.1,10,1,4023.0,83,3,4022.2,12,1,4022.0,41,2,4021.9,512,2,4023.8,34,3,4023.9,29,6,4024.0,54,7,4024.2,13,2,4024.3,18,1
11483,2026-07-02 10:25:13+05:30,4023.8,2,4049.85,538112,129675.0,143271.0,4100.0,4110.0,4016.1,4092.6,23302300,4501.8,3683.4,4440.0,3288.1,4023.1,10,1,4023.0,83,3,4022.2,12,1,4022.0,41,2,4021.9,512,2,4023.8,34,3,4023.9,29,6,4024.0,54,7,4024.2,13,2,4024.3,18,1
11483,2026-07-02 10:25:13+05:30,4023.8,2,4049.85,538123,129832.0,143229.0,4100.0,4110.0,4016.1,4092.6,23302300,4501.8,3683.4,4440.0,3288.1,4023.1,9,1,4023.0,83,3,4022.2,12,1,4022.0,41,2,4021.9,512,2,4023.8,25,3,4023.9,12,3,4024.0,54,7,4024.2,13,2,4024.3,18,1
11483,2026-07-02 10:25:14+05:30,4023.0,13,4049.85,538123,129832.0,143229.0,4100.0,4110.0,4016.1,4092.6,23302300,4501.8,3683.4,4440.0,3288.1,4023.1,9,1,4023.0,83,3,4022.2,12,1,4022.0,41,2,4021.9,512,2,4023.8,25,3,4023.9,12,3,4024.0,54,7,4024.2,13,2,4024.3,18,1
11483,2026-07-02 10:25:14+05:30,4023.0,13,4049.85,538145,129813.0,143417.0,4100.0,4110.0,4016.1,4092.6,23302300,4501.8,3683.4,4440.0,3288.1,4023.0,70,3,4022.0,65,3,4021.9,512,2,4021.7,26,2,4021.6,45,3,4023.1,1,1,4023.8,26,4,4023.9,12,3,4024.0,53,6,4024.2,13,2
11483,2026-07-02 10:25:15+05:30,4023.8,12,4049.85,538145,129813.0,143417.0,4100.0,4110.0,4016.1,4092.6,23302300,4501.8,3683.4,4440.0,3288.1,4023.0,70,3,4022.0,65,3,4021.9,512,2,4021.7,26,2,4021.6,45,3,4023.1,1,1,4023.8,26,4,4023.9,12,3,4024.0,53,6,4024.2,13,2
11483,2026-07-02 10:25:15+05:30,4023.0,1,4049.82,538725,128784.0,143111.0,4100.0,4110.0,4016.1,4092.6,23302300,4501.8,3683.4,4440.0,3288.1,4023.0,65,3,4022.5,2,1,4022.0,6,1,4021.9,12,1,4021.8,2,1,4024.0,10,2,4024.2,33,3,4024.3,41,2,4024.4,6,1,4024.5,42,3
11483,2026-07-02 10:25:16+05:30,4024.9,1,4049.82,538725,128784.0,143111.0,4100.0,4110.0,4016.1,4092.6,23302300,4501.8,3683.4,4440.0,3288.1,4023.0,65,3,4022.5,2,1,4022.0,6,1,4021.9,12,1,4021.8,2,1,4024.0,10,2,4024.2,33,3,4024.3,41,2,4024.4,6,1,4024.5,42,3
11483,2026-07-02 10:25:16+05:30,4024.9,1,4049.81,538828,129818.0,142088.0,4100.0,4110.0,4016.1,4092.6,23302300,4501.8,3683.4,4440.0,3288.1,4024.1,13,1,4024.0,8,1,4023.9,16,2,4023.8,8,1,4023.7,19,2,4024.9,97,5,4025.0,315,4,4025.3,22,1,4025.4,20,1,4025.5,1,1
11483,2026-07-02 10:25:17+05:30,4024.9,6,4049.81,538828,129818.0,142088.0,4100.0,4110.0,4016.1,4092.6,23302300,4501.8,3683.4,4440.0,3288.1,4024.1,13,1,4024.0,8,1,4023.9,16,2,4023.8,8,1,4023.7,19,2,4024.9,97,5,4025.0,315,4,4025.3,22,1,4025.4,20,1,4025.5,1,1
11483,2026-07-02 10:25:17+05:30,4024.9,6,4049.81,538867,129627.0,141901.0,4100.0,4110.0,4016.1,4092.6,23302300,4501.8,3683.4,4440.0,3288.1,4024.1,12,1,4023.9,8,1,4023.7,11,1,4023.6,6,1,4023.5,25,3,4024.9,78,7,4025.0,315,4,4025.2,18,1,4025.3,1,1,4025.4,32,2
11483,2026-07-02 10:25:18+05:30,4024.7,1,4049.81,538867,129627.0,141901.0,4100.0,4110.0,4016.1,4092.6,23302300,4501.8,3683.4,4440.0,3288.1,4024.1,12,1,4023.9,8,1,4023.7,11,1,4023.6,6,1,4023.5,25,3,4024.9,78,7,4025.0,315,4,4025.2,18,1,4025.3,1,1,4025.4,32,2
11483,2026-07-02 10:25:18+05:30,4024.7,1,4049.81,538884,129512.0,142656.0,4100.0,4110.0,4016.1,4092.6,23302300,4501.8,3683.4,4440.0,3288.1,4023.5,25,3,4023.3,12,1,4023.1,17,2,4023.0,92,5,4022.5,15,2,4024.5,59,1,4024.7,15,4,4024.8,65,2,4024.9,89,7,4025.0,361,6
11483,2026-07-02 10:25:18+05:30,4024.7,1,4049.81,538884,129512.0,142656.0,4100.0,4110.0,4016.1,4092.6,23302300,4501.8,3683.4,4440.0,3288.1,4023.5,25,3,4023.3,12,1,4023.1,17,2,4023.0,92,5,4022.5,15,2,4024.5,59,1,4024.7,15,4,4024.8,65,2,4024.9,89,7,4025.0,361,6
11483,2026-07-02 10:25:19+05:30,4024.4,1,4049.81,538884,129512.0,142656.0,4100.0,4110.0,4016.1,4092.6,23302300,4501.8,3683.4,4440.0,3288.1,4023.5,25,3,4023.3,12,1,4023.1,17,2,4023.0,92,5,4022.5,15,2,4024.5,59,1,4024.7,15,4,4024.8,65,2,4024.9,89,7,4025.0,361,6
11483,2026-07-02 10:25:19+05:30,4024.4,1,4049.81,538886,129466.0,142478.0,4100.0,4110.0,4016.1,4092.6,23302300,4501.8,3683.4,4440.0,3288.1,4023.5,24,3,4023.3,12,1,4023.1,17,2,4023.0,102,6,4022.5,15,2,4024.5,89,4,4024.7,3,3,4024.8,77,3,4024.9,28,5,4025.0,361,6
11483,2026-07-02 10:25:19+05:30,4024.4,1,4049.81,538886,129466.0,142478.0,4100.0,4110.0,4016.1,4092.6,23302300,4501.8,3683.4,4440.0,3288.1,4023.5,24,3,4023.3,12,1,4023.1,17,2,4023.0,102,6,4022.5,15,2,4024.5,89,4,4024.7,3,3,4024.8,77,3,4024.9,28,5,4025.0,361,6
11483,2026-07-02 10:25:20+05:30,4024.4,1,4049.81,538886,129466.0,142478.0,4100.0,4110.0,4016.1,4092.6,23302300,4501.8,3683.4,4440.0,3288.1,4023.5,24,3,4023.3,12,1,4023.1,17,2,4023.0,102,6,4022.5,15,2,4024.5,89,4,4024.7,3,3,4024.8,77,3,4024.9,28,5,4025.0,361,6
11483,2026-07-02 10:25:20+05:30,4024.5,2,4049.81,538886,129466.0,142478.0,4100.0,4110.0,4016.1,4092.6,23302300,4501.8,3683.4,4440.0,3288.1,4023.5,24,3,4023.3,12,1,4023.1,17,2,4023.0,102,6,4022.5,15,2,4024.5,89,4,4024.7,3,3,4024.8,77,3,4024.9,28,5,4025.0,361,6
11483,2026-07-02 10:25:20+05:30,4024.5,2,4049.81,538912,129300.0,142481.0,4100.0,4110.0,4016.1,4092.6,23302300,4501.8,3683.4,4440.0,3288.1,4023.5,2,2,4023.0,75,5,4022.8,3,1,4022.6,6,1,4022.5,2,1,4024.5,125,7,4024.6,18,1,4024.7,3,3,4024.8,33,2,4024.9,28,5
11483,2026-07-02 10:25:20+05:30,4024.5,2,4049.81,538912,129300.0,142481.0,4100.0,4110.0,4016.1,4092.6,23302300,4501.8,3683.4,4440.0,3288.1,4023.5,2,2,4023.0,75,5,4022.8,3,1,4022.6,6,1,4022.5,2,1,4024.5,125,7,4024.6,18,1,4024.7,3,3,4024.8,33,2,4024.9,28,5
11483,2026-07-02 10:25:21+05:30,4024.5,2,4049.81,538912,129300.0,142481.0,4100.0,4110.0,4016.1,4092.6,23302300,4501.8,3683.4,4440.0,3288.1,4023.5,2,2,4023.0,75,5,4022.8,3,1,4022.6,6,1,4022.5,2,1,4024.5,125,7,4024.6,18,1,4024.7,3,3,4024.8,33,2,4024.9,28,5
11483,2026-07-02 10:25:21+05:30,4024.0,9,4049.81,538912,129300.0,142481.0,4100.0,4110.0,4016.1,4092.6,23302300,4501.8,3683.4,4440.0,3288.1,4023.5,2,2,4023.0,75,5,4022.8,3,1,4022.6,6,1,4022.5,2,1,4024.5,125,7,4024.6,18,1,4024.7,3,3,4024.8,33,2,4024.9,28,5
11483,2026-07-02 10:25:21+05:30,4023.1,1,4049.8,539113,129287.0,142483.0,4100.0,4110.0,4016.1,4092.6,23302300,4501.8,3683.4,4440.0,3288.1,4023.1,13,1,4023.0,75,5,4022.8,3,1,4022.6,6,1,4022.5,2,1,4024.5,101,7,4024.7,8,4,4024.8,12,1,4024.9,74,4,4025.0,215,3
11483,2026-07-02 10:25:21+05:30,4023.1,1,4049.8,539113,129287.0,142483.0,4100.0,4110.0,4016.1,4092.6,23302300,4501.8,3683.4,4440.0,3288.1,4023.1,13,1,4023.0,75,5,4022.8,3,1,4022.6,6,1,4022.5,2,1,4024.5,101,7,4024.7,8,4,4024.8,12,1,4024.9,74,4,4025.0,215,3
11483,2026-07-02 10:25:22+05:30,4023.1,1,4049.8,539113,129287.0,142483.0,4100.0,4110.0,4016.1,4092.6,23302300,4501.8,3683.4,4440.0,3288.1,4023.1,13,1,4023.0,75,5,4022.8,3,1,4022.6,6,1,4022.5,2,1,4024.5,101,7,4024.7,8,4,4024.8,12,1,4024.9,74,4,4025.0,215,3
11483,2026-07-02 10:25:22+05:30,4023.0,87,4049.8,539113,129287.0,142483.0,4100.0,4110.0,4016.1,4092.6,23302300,4501.8,3683.4,4440.0,3288.1,4023.1,13,1,4023.0,75,5,4022.8,3,1,4022.6,6,1,4022.5,2,1,4024.5,101,7,4024.7,8,4,4024.8,12,1,4024.9,74,4,4025.0,215,3
11483,2026-07-02 10:25:22+05:30,4023.0,87,4049.8,539113,129287.0,142483.0,4100.0,4110.0,4016.1,4092.6,23302300,4501.8,3683.4,4440.0,3288.1,4023.1,13,1,4023.0,75,5,4022.8,3,1,4022.6,6,1,4022.5,2,1,4024.5,101,7,4024.7,8,4,4024.8,12,1,4024.9,74,4,4025.0,215,3
11483,2026-07-02 10:25:22+05:30,4023.0,92,4049.78,539502,128683.0,143433.0,4100.0,4110.0,4016.1,4092.6,23302300,4501.8,3683.4,4440.0,3288.1,4023.0,93,1,4022.8,3,1,4022.5,2,1,4022.1,2,1,4021.6,59,3,4023.1,2,2,4024.0,84,5,4024.1,12,1,4024.2,54,2,4024.3,37,2
11483,2026-07-02 10:25:22+05:30,4023.0,92,4049.78,539502,128683.0,143433.0,4100.0,4110.0,4016.1,4092.6,23313150,4501.8,3683.4,4440.0,3288.1,4023.0,93,1,4022.8,3,1,4022.5,2,1,4022.1,2,1,4021.6,59,3,4023.1,2,2,4024.0,84,5,4024.1,12,1,4024.2,54,2,4024.3,37,2
11483,2026-07-02 10:25:23+05:30,4023.0,92,4049.78,539502,128683.0,143433.0,4100.0,4110.0,4016.1,4092.6,23313150,4501.8,3683.4,4440.0,3288.1,4023.0,93,1,4022.8,3,1,4022.5,2,1,4022.1,2,1,4021.6,59,3,4023.1,2,2,4024.0,84,5,4024.1,12,1,4024.2,54,2,4024.3,37,2
11483,2026-07-02 10:25:23+05:30,4023.1,1,4049.78,539502,128683.0,143433.0,4100.0,4110.0,4016.1,4092.6,23313150,4501.8,3683.4,4440.0,3288.1,4023.0,93,1,4022.8,3,1,4022.5,2,1,4022.1,2,1,4021.6,59,3,4023.1,2,2,4024.0,84,5,4024.1,12,1,4024.2,54,2,4024.3,37,2
11483,2026-07-02 10:25:23+05:30,4023.1,1,4049.78,539502,128683.0,143433.0,4100.0,4110.0,4016.1,4092.6,23313150,4501.8,3683.4,4440.0,3288.1,4023.0,93,1,4022.8,3,1,4022.5,2,1,4022.1,2,1,4021.6,59,3,4023.1,2,2,4024.0,84,5,4024.1,12,1,4024.2,54,2,4024.3,37,2
11483,2026-07-02 10:25:23+05:30,4023.0,92,4049.77,539739,128678.0,143240.0,4100.0,4110.0,4016.1,4092.6,23313150,4501.8,3683.4,4440.0,3288.1,4023.0,93,1,4022.8,3,1,4022.5,2,1,4022.1,2,1,4021.6,36,2,4023.1,3,3,4023.4,12,1,4023.5,8,1,4023.8,29,1,4023.9,66,3
11483,2026-07-02 10:25:23+05:30,4023.0,92,4049.77,539739,128678.0,143240.0,4100.0,4110.0,4016.1,4092.6,23313150,4501.8,3683.4,4440.0,3288.1,4023.0,93,1,4022.8,3,1,4022.5,2,1,4022.1,2,1,4021.6,36,2,4023.1,3,3,4023.4,12,1,4023.5,8,1,4023.8,29,1,4023.9,66,3
11483,2026-07-02 10:25:24+05:30,4023.1,6,4049.77,539739,128678.0,143240.0,4100.0,4110.0,4016.1,4092.6,23313150,4501.8,3683.4,4440.0,3288.1,4023.0,93,1,4022.8,3,1,4022.5,2,1,4022.1,2,1,4021.6,36,2,4023.1,3,3,4023.4,12,1,4023.5,8,1,4023.8,29,1,4023.9,66,3
11483,2026-07-02 10:25:24+05:30,4023.1,6,4049.77,539739,128678.0,143240.0,4100.0,4110.0,4016.1,4092.6,23313150,4501.8,3683.4,4440.0,3288.1,4023.0,93,1,4022.8,3,1,4022.5,2,1,4022.1,2,1,4021.6,36,2,4023.1,3,3,4023.4,12,1,4023.5,8,1,4023.8,29,1,4023.9,66,3
11483,2026-07-02 10:25:24+05:30,4023.3,1,4049.75,540063,129127.0,142800.0,4100.0,4110.0,4016.1,4092.6,23313150,4501.8,3683.4,4440.0,3288.1,4023.3,12,1,4023.2,2,1,4022.9,8,1,4022.8,16,1,4022.7,29,2,4024.3,35,1,4024.5,2,2,4024.7,6,2,4024.9,20,1,4025.0,265,4
11483,2026-07-02 10:25:25+05:30,4022.4,16,4049.75,540063,129127.0,142800.0,4100.0,4110.0,4016.1,4092.6,23313150,4501.8,3683.4,4440.0,3288.1,4023.3,12,1,4023.2,2,1,4022.9,8,1,4022.8,16,1,4022.7,29,2,4024.3,35,1,4024.5,2,2,4024.7,6,2,4024.9,20,1,4025.0,265,4
11483,2026-07-02 10:25:25+05:30,4021.2,1,4049.74,540299,124738.0,143992.0,4100.0,4110.0,4016.1,4092.6,23313150,4501.8,3683.4,4440.0,3288.1,4021.1,11,2,4021.0,26,2,4020.8,8,1,4020.5,21,4,4020.4,61,6,4022.4,42,4,4022.6,35,4,4022.7,39,3,4022.8,25,2,4022.9,29,3
11483,2026-07-02 10:25:26+05:30,4021.0,9,4049.74,540299,124738.0,143992.0,4100.0,4110.0,4016.1,4092.6,23313150,4501.8,3683.4,4440.0,3288.1,4021.1,11,2,4021.0,26,2,4020.8,8,1,4020.5,21,4,4020.4,61,6,4022.4,42,4,4022.6,35,4,4022.7,39,3,4022.8,25,2,4022.9,29,3
11483,2026-07-02 10:25:26+05:30,4021.0,1,4049.74,540333,125714.0,145333.0,4100.0,4110.0,4016.1,4092.6,23313150,4501.8,3683.4,4440.0,3288.1,4020.8,8,1,4020.5,3,2,4020.4,61,6,4020.3,3,1,4020.1,70,3,4021.0,38,5,4021.2,4,2,4021.3,6,2,4021.5,12,1,4021.6,13,2
11483,2026-07-02 10:25:27+05:30,4021.0,14,4049.74,540333,125714.0,145333.0,4100.0,4110.0,4016.1,4092.6,23313150,4501.8,3683.4,4440.0,3288.1,4020.8,8,1,4020.5,3,2,4020.4,61,6,4020.3,3,1,4020.1,70,3,4021.0,38,5,4021.2,4,2,4021.3,6,2,4021.5,12,1,4021.6,13,2
11483,2026-07-02 10:25:27+05:30,4021.0,14,4049.74,540363,125720.0,145453.0,4100.0,4110.0,4016.1,4092.6,23313150,4501.8,3683.4,4440.0,3288.1,4020.8,8,1,4020.5,3,2,4020.4,61,6,4020.3,3,1,4020.1,70,3,4021.0,13,7,4021.2,37,4,4021.3,8,3,4021.5,12,1,4021.6,13,2
11483,2026-07-02 10:25:28+05:30,4021.0,1,4049.74,540363,125720.0,145453.0,4100.0,4110.0,4016.1,4092.6,23313150,4501.8,3683.4,4440.0,3288.1,4020.8,8,1,4020.5,3,2,4020.4,61,6,4020.3,3,1,4020.1,70,3,4021.0,13,7,4021.2,37,4,4021.3,8,3,4021.5,12,1,4021.6,13,2
11483,2026-07-02 10:25:28+05:30,4020.8,70,4049.73,540466,125621.0,145373.0,4100.0,4110.0,4016.1,4092.6,23313150,4501.8,3683.4,4440.0,3288.1,4020.5,3,2,4020.4,61,6,4020.3,3,1,4020.1,52,2,4020.0,896,26,4021.1,5,1,4021.2,32,4,4021.3,51,5,4021.4,6,1,4021.5,12,1
11483,2026-07-02 10:25:29+05:30,4020.8,1,4049.73,540466,125621.0,145373.0,4100.0,4110.0,4016.1,4092.6,23313150,4501.8,3683.4,4440.0,3288.1,4020.5,3,2,4020.4,61,6,4020.3,3,1,4020.1,52,2,4020.0,896,26,4021.1,5,1,4021.2,32,4,4021.3,51,5,4021.4,6,1,4021.5,12,1
11483,2026-07-02 10:25:29+05:30,4020.8,2,4049.73,540498,125629.0,145803.0,4100.0,4110.0,4016.1,4092.6,23313150,4501.8,3683.4,4440.0,3288.1,4020.5,3,2,4020.4,61,6,4020.3,3,1,4020.1,52,2,4020.0,896,26,4020.8,20,4,4021.1,6,2,4021.2,32,4,4021.3,51,5,4021.4,15,1
11483,2026-07-02 10:25:30+05:30,4020.4,1,4049.73,540498,125629.0,145803.0,4100.0,4110.0,4016.1,4092.6,23313150,4501.8,3683.4,4440.0,3288.1,4020.5,3,2,4020.4,61,6,4020.3,3,1,4020.1,52,2,4020.0,896,26,4020.8,20,4,4021.1,6,2,4021.2,32,4,4021.3,51,5,4021.4,15,1
11483,2026-07-02 10:25:30+05:30,4020.5,1,4049.73,540511,125592.0,146095.0,4100.0,4110.0,4016.1,4092.6,23313150,4501.8,3683.4,4440.0,3288.1,4020.4,60,6,4020.3,3,1,4020.1,52,2,4020.0,896,26,4019.8,1,1,4020.5,2,2,4020.8,19,6,4021.1,5,1,4021.2,32,4,4021.3,50,4
11483,2026-07-02 10:25:31+05:30,4020.5,1,4049.73,540511,125592.0,146095.0,4100.0,4110.0,4016.1,4092.6,23313150,4501.8,3683.4,4440.0,3288.1,4020.4,60,6,4020.3,3,1,4020.1,52,2,4020.0,896,26,4019.8,1,1,4020.5,2,2,4020.8,19,6,4021.1,5,1,4021.2,32,4,4021.3,50,4
11483,2026-07-02 10:25:31+05:30,4020.4,4,4049.73,540572,125534.0,146034.0,4100.0,4110.0,4016.1,4092.6,23313150,4501.8,3683.4,4440.0,3288.1,4020.4,32,5,4020.3,3,1,4020.1,52,2,4020.0,896,26,4019.8,1,1,4020.5,4,2,4020.8,18,5,4021.1,40,2,4021.2,54,3,4021.3,15,3
11483,2026-07-02 10:25:32+05:30,4020.5,1,4049.73,540572,125534.0,146034.0,4100.0,4110.0,4016.1,4092.6,23313150,4501.8,3683.4,4440.0,3288.1,4020.4,32,5,4020.3,3,1,4020.1,52,2,4020.0,896,26,4019.8,1,1,4020.5,4,2,4020.8,18,5,4021.1,40,2,4021.2,54,3,4021.3,15,3
11483,2026-07-02 10:25:32+05:30,4020.5,4,4049.72,540621,124953.0,147011.0,4100.0,4110.0,4016.1,4092.6,23313150,4501.8,3683.4,4440.0,3288.1,4020.1,52,2,4020.0,902,28,4019.8,1,1,4019.7,10,1,4019.6,13,2,4020.5,3,3,4020.6,12,1,4020.8,41,5,4020.9,25,2,4021.1,5,1
11483,2026-07-02 10:25:33+05:30,4020.5,1,4049.72,540621,124953.0,147011.0,4100.0,4110.0,4016.1,4092.6,23313150,4501.8,3683.4,4440.0,3288.1,4020.1,52,2,4020.0,902,28,4019.8,1,1,4019.7,10,1,4019.6,13,2,4020.5,3,3,4020.6,12,1,4020.8,41,5,4020.9,25,2,4021.1,5,1
11483,2026-07-02 10:25:33+05:30,4020.1,1,4049.72,540633,124961.0,146672.0,4100.0,4110.0,4016.1,4092.6,23313150,4501.8,3683.4,4440.0,3288.1,4020.1,49,1,4020.0,902,28,4019.8,1,1,4019.7,10,1,4019.6,37,3,4020.5,1,1,4020.8,37,3,4021.0,15,1,4021.1,6,2,4021.2,16,1
11483,2026-07-02 10:25:34+05:30,4021.1,5,4049.72,540633,124961.0,146672.0,4100.0,4110.0,4016.1,4092.6,23313150,4501.8,3683.4,4440.0,3288.1,4020.1,49,1,4020.0,902,28,4019.8,1,1,4019.7,10,1,4019.6,37,3,4020.5,1,1,4020.8,37,3,4021.0,15,1,4021.1,6,2,4021.2,16,1
11483,2026-07-02 10:25:34+05:30,4021.1,5,4049.72,540699,125079.0,146409.0,4100.0,4110.0,4016.1,4092.6,23313150,4501.8,3683.4,4440.0,3288.1,4020.4,1,1,4020.1,48,1,4020.0,902,28,4019.8,1,1,4019.7,10,1,4021.1,1,1,4021.2,16,1,4021.3,15,3,4021.5,12,1,4021.6,30,2
11483,2026-07-02 10:25:35+05:30,4021.8,7,4049.72,540699,125079.0,146409.0,4100.0,4110.0,4016.1,4092.6,23313150,4501.8,3683.4,4440.0,3288.1,4020.4,1,1,4020.1,48,1,4020.0,902,28,4019.8,1,1,4019.7,10,1,4021.1,1,1,4021.2,16,1,4021.3,15,3,4021.5,12,1,4021.6,30,2
11483,2026-07-02 10:25:35+05:30,4021.8,1,4049.71,540813,125328.0,145906.0,4100.0,4110.0,4016.1,4092.6,23313150,4501.8,3683.4,4440.0,3288.1,4020.5,24,2,4020.4,7,1,4020.2,11,1,4020.1,48,1,4020.0,928,28,4021.8,14,3,4021.9,23,1,4022.0,73,7,4022.1,12,1,4022.2,28,1
11483,2026-07-02 10:25:36+05:30,4021.8,1,4049.71,540813,125328.0,145906.0,4100.0,4110.0,4016.1,4092.6,23313150,4501.8,3683.4,4440.0,3288.1,4020.5,24,2,4020.4,7,1,4020.2,11,1,4020.1,48,1,4020.0,928,28,4021.8,14,3,4021.9,23,1,4022.0,73,7,4022.1,12,1,4022.2,28,1
11483,2026-07-02 10:25:36+05:30,4021.8,1,4049.71,540814,125359.0,146078.0,4100.0,4110.0,4016.1,4092.6,23313150,4501.8,3683.4,4440.0,3288.1,4020.6,26,2,4020.5,20,2,4020.4,7,1,4020.2,11,1,4020.1,48,1,4021.8,19,9,4021.9,23,1,4022.0,51,5,4022.1,40,2,4022.3,144,2
11483,2026-07-02 10:25:37+05:30,4021.8,2,4049.71,540814,125359.0,146078.0,4100.0,4110.0,4016.1,4092.6,23313150,4501.8,3683.4,4440.0,3288.1,4020.6,26,2,4020.5,20,2,4020.4,7,1,4020.2,11,1,4020.1,48,1,4021.8,19,9,4021.9,23,1,4022.0,51,5,4022.1,40,2,4022.3,144,2
11483,2026-07-02 10:25:37+05:30,4022.3,52,4049.71,540897,126116.0,145044.0,4100.0,4110.0,4016.1,4092.6,23313150,4501.8,3683.4,4440.0,3288.1,4021.2,22,3,4021.1,9,2,4021.0,15,2,4020.9,16,3,4020.8,50,4,4022.3,48,1,4022.4,20,1,4022.5,2,1,4022.9,51,3,4023.0,42,4
11483,2026-07-02 10:25:38+05:30,4021.4,1,4049.71,540897,126116.0,145044.0,4100.0,4110.0,4016.1,4092.6,23313150,4501.8,3683.4,4440.0,3288.1,4021.2,22,3,4021.1,9,2,4021.0,15,2,4020.9,16,3,4020.8,50,4,4022.3,48,1,4022.4,20,1,4022.5,2,1,4022.9,51,3,4023.0,42,4
11483,2026-07-02 10:25:38+05:30,4021.4,1,4049.71,540949,126167.0,144896.0,4100.0,4110.0,4016.1,4092.6,23313150,4501.8,3683.4,4440.0,3288.1,4021.2,14,2,4021.0,15,2,4020.9,33,4,4020.8,78,5,4020.7,43,4,4022.3,4,4,4022.4,20,1,4022.5,2,1,4022.8,12,1,4022.9,51,3
11483,2026-07-02 10:25:39+05:30,4021.4,1,4049.71,540949,126167.0,144896.0,4100.0,4110.0,4016.1,4092.6,23313150,4501.8,3683.4,4440.0,3288.1,4021.2,14,2,4021.0,15,2,4020.9,33,4,4020.8,78,5,4020.7,43,4,4022.3,4,4,4022.4,20,1,4022.5,2,1,4022.8,12,1,4022.9,51,3
11483,2026-07-02 10:25:39+05:30,4021.4,1,4049.7,541000,126441.0,145032.0,4100.0,4110.0,4016.1,4092.6,23313150,4501.8,3683.4,4440.0,3288.1,4021.8,3,1,4021.4,22,1,4021.3,7,1,4021.2,17,3,4021.1,6,1,4022.9,86,5,4023.0,42,4,4023.3,54,3,4023.4,87,4,4023.5,46,2
11483,2026-07-02 10:25:40+05:30,4022.9,2,4049.7,541000,126441.0,145032.0,4100.0,4110.0,4016.1,4092.6,23313150,4501.8,3683.4,4440.0,3288.1,4021.8,3,1,4021.4,22,1,4021.3,7,1,4021.2,17,3,4021.1,6,1,4022.9,86,5,4023.0,42,4,4023.3,54,3,4023.4,87,4,4023.5,46,2
11483,2026-07-02 10:25:40+05:30,4022.9,2,4049.7,541011,126444.0,145024.0,4100.0,4110.0,4016.1,4092.6,23313150,4501.8,3683.4,4440.0,3288.1,4021.8,9,1,4021.4,17,1,4021.3,17,2,4021.2,14,2,4021.0,15,2,4022.9,106,9,4023.0,42,4,4023.3,54,3,4023.4,85,3,4023.5,48,3
11483,2026-07-02 10:25:41+05:30,4021.4,2,4049.7,541011,126444.0,145024.0,4100.0,4110.0,4016.1,4092.6,23313150,4501.8,3683.4,4440.0,3288.1,4021.8,9,1,4021.4,17,1,4021.3,17,2,4021.2,14,2,4021.0,15,2,4022.9,106,9,4023.0,42,4,4023.3,54,3,4023.4,85,3,4023.5,48,3
11483,2026-07-02 10:25:41+05:30,4021.4,2,4049.7,541072,126434.0,144959.0,4100.0,4110.0,4016.1,4092.6,23313150,4501.8,3683.4,4440.0,3288.1,4021.4,25,2,4021.3,7,1,4021.2,14,2,4021.0,15,2,4020.9,13,3,4022.9,28,5,4023.0,36,2,4023.2,8,1,4023.3,235,6,4023.4,129,5
11483,2026-07-02 10:25:42+05:30,4021.9,1,4049.7,541072,126434.0,144959.0,4100.0,4110.0,4016.1,4092.6,23313150,4501.8,3683.4,4440.0,3288.1,4021.4,25,2,4021.3,7,1,4021.2,14,2,4021.0,15,2,4020.9,13,3,4022.9,28,5,4023.0,36,2,4023.2,8,1,4023.3,235,6,4023.4,129,5
11483,2026-07-02 10:25:42+05:30,4020.8,12,4049.68,541508,126827.0,143855.0,4100.0,4110.0,4016.1,4092.6,23313150,4501.8,3683.4,4440.0,3288.1,4021.3,23,1,4021.2,35,2,4021.1,29,2,4021.0,10,1,4020.9,18,2,4022.7,16,1,4023.0,23,1,4023.4,11,2,4023.5,64,7,4023.6,123,3
11483,2026-07-02 10:25:43+05:30,4021.1,7,4049.68,541508,126827.0,143855.0,4100.0,4110.0,4016.1,4092.6,23313150,4501.8,3683.4,4440.0,3288.1,4021.3,23,1,4021.2,35,2,4021.1,29,2,4021.0,10,1,4020.9,18,2,4022.7,16,1,4023.0,23,1,4023.4,11,2,4023.5,64,7,4023.6,123,3
11483,2026-07-02 10:25:43+05:30,4022.6,1,4049.67,541586,126997.0,145275.0,4100.0,4110.0,4016.1,4092.6,23313150,4501.8,3683.4,4440.0,3288.1,4022.3,25,1,4021.3,26,3,4021.2,20,1,4021.1,54,3,4020.9,15,3,4022.7,1,1,4022.9,175,1,4023.4,29,3,4023.5,81,7,4023.6,108,4
11483,2026-07-02 10:25:44+05:30,4022.3,1,4049.67,541586,126997.0,145275.0,4100.0,4110.0,4016.1,4092.6,23313150,4501.8,3683.4,4440.0,3288.1,4022.3,25,1,4021.3,26,3,4021.2,20,1,4021.1,54,3,4020.9,15,3,4022.7,1,1,4022.9,175,1,4023.4,29,3,4023.5,81,7,4023.6,108,4
11483,2026-07-02 10:25:44+05:30,4022.3,19,4049.67,541607,126973.0,145492.0,4100.0,4110.0,4016.1,4092.6,23313150,4501.8,3683.4,4440.0,3288.1,4022.3,4,1,4022.0,4,1,4021.3,12,1,4021.2,20,1,4021.1,54,3,4022.6,1,1,4022.7,1,1,4022.9,175,1,4023.3,2,1,4023.4,31,4
11483,2026-07-02 10:25:45+05:30,4021.5,2,4049.67,541607,126973.0,145492.0,4100.0,4110.0,4016.1,4092.6,23313150,4501.8,3683.4,4440.0,3288.1,4022.3,4,1,4022.0,4,1,4021.3,12,1,4021.2,20,1,4021.1,54,3,4022.6,1,1,4022.7,1,1,4022.9,175,1,4023.3,2,1,4023.4,31,4
11483,2026-07-02 10:25:45+05:30,4021.5,2,4049.67,541625,126729.0,145671.0,4100.0,4110.0,4016.1,4092.6,23313150,4501.8,3683.4,4440.0,3288.1,4022.0,2,2,4021.5,11,1,4021.3,11,1,4021.1,12,1,4020.9,12,2,4022.7,5,1,4022.9,187,2,4023.1,2,1,4023.2,2,1,4023.3,12,1
11483,2026-07-02 10:25:46+05:30,4022.0,1,4049.67,541625,126729.0,145671.0,4100.0,4110.0,4016.1,4092.6,23313150,4501.8,3683.4,4440.0,3288.1,4022.0,2,2,4021.5,11,1,4021.3,11,1,4021.1,12,1,4020.9,12,2,4022.7,5,1,4022.9,187,2,4023.1,2,1,4023.2,2,1,4023.3,12,1
11483,2026-07-02 10:25:46+05:30,4022.7,1,4049.67,541685,126817.0,145704.0,4100.0,4110.0,4016.1,4092.6,23313150,4501.8,3683.4,4440.0,3288.1,4022.0,2,2,4021.5,11,1,4021.3,11,1,4021.1,12,1,4021.0,25,2,4022.9,151,3,4023.1,2,1,4023.2,2,1,4023.3,12,1,4023.4,49,4
11483,2026-07-02 10:25:47+05:30,4022.7,1,4049.67,541685,126817.0,145704.0,4100.0,4110.0,4016.1,4092.6,23313150,4501.8,3683.4,4440.0,3288.1,4022.0,2,2,4021.5,11,1,4021.3,11,1,4021.1,12,1,4021.0,25,2,4022.9,151,3,4023.1,2,1,4023.2,2,1,4023.3,12,1,4023.4,49,4
11483,2026-07-02 10:25:47+05:30,4021.0,1,4049.67,541708,126663.0,147061.0,4100.0,4110.0,4016.1,4092.6,23313150,4501.8,3683.4,4440.0,3288.1,4021.0,9,1,4020.9,7,1,4020.8,101,2,4020.7,44,3,4020.6,65,3,4022.1,69,1,4022.2,42,1,4022.3,67,2,4022.5,42,1,4022.6,2,1
11483,2026-07-02 10:25:48+05:30,4021.0,2,4049.67,541708,126663.0,147061.0,4100.0,4110.0,4016.1,4092.6,23313150,4501.8,3683.4,4440.0,3288.1,4021.0,9,1,4020.9,7,1,4020.8,101,2,4020.7,44,3,4020.6,65,3,4022.1,69,1,4022.2,42,1,4022.3,67,2,4022.5,42,1,4022.6,2,1
11483,2026-07-02 10:25:49+05:30,4021.0,1,4049.67,541713,126556.0,147288.0,4100.0,4110.0,4016.1,4092.6,23313150,4501.8,3683.4,4440.0,3288.1,4021.0,4,1,4020.9,9,2,4020.8,103,3,4020.7,28,2,4020.6,18,1,4021.5,69,1,4021.6,42,1,4021.7,42,1,4021.9,42,1,4022.1,43,2
11483,2026-07-02 10:25:49+05:30,4021.0,1,4049.67,541713,126556.0,147288.0,4100.0,4110.0,4016.1,4092.6,23313150,4501.8,3683.4,4440.0,3288.1,4021.0,4,1,4020.9,9,2,4020.8,103,3,4020.7,28,2,4020.6,18,1,4021.5,69,1,4021.6,42,1,4021.7,42,1,4021.9,42,1,4022.1,43,2
11483,2026-07-02 10:25:50+05:30,4021.1,10,4049.67,541726,126231.0,146949.0,4100.0,4110.0,4016.1,4092.6,23313150,4501.8,3683.4,4440.0,3288.1,4021.0,2,1,4020.9,2,1,4020.8,103,3,4020.7,28,2,4020.6,18,1,4021.1,58,1,4021.3,83,2,4021.5,43,2,4021.7,42,1,4022.3,61,3
11483,2026-07-02 10:25:50+05:30,4021.1,10,4049.67,541726,126231.0,146949.0,4100.0,4110.0,4016.1,4092.6,23313150,4501.8,3683.4,4440.0,3288.1,4021.0,2,1,4020.9,2,1,4020.8,103,3,4020.7,28,2,4020.6,18,1,4021.1,58,1,4021.3,83,2,4021.5,43,2,4021.7,42,1,4022.3,61,3
11483,2026-07-02 10:25:51+05:30,4021.0,42,4049.67,541726,126231.0,146949.0,4100.0,4110.0,4016.1,4092.6,23313150,4501.8,3683.4,4440.0,3288.1,4021.0,2,1,4020.9,2,1,4020.8,103,3,4020.7,28,2,4020.6,18,1,4021.1,58,1,4021.3,83,2,4021.5,43,2,4021.7,42,1,4022.3,61,3
11483,2026-07-02 10:25:51+05:30,4021.0,42,4049.66,541785,126155.0,147113.0,4100.0,4110.0,4016.1,4092.6,23313150,4501.8,3683.4,4440.0,3288.1,4021.0,8,1,4020.8,101,2,4020.7,5,1,4020.6,18,1,4020.5,82,4,4021.1,1,1,4021.2,42,1,4021.3,41,1,4021.4,42,1,4021.5,1,1
11483,2026-07-02 10:25:52+05:30,4021.0,73,4049.66,541785,126155.0,147113.0,4100.0,4110.0,4016.1,4092.6,23313150,4501.8,3683.4,4440.0,3288.1,4021.0,8,1,4020.8,101,2,4020.7,5,1,4020.6,18,1,4020.5,82,4,4021.1,1,1,4021.2,42,1,4021.3,41,1,4021.4,42,1,4021.5,1,1
11483,2026-07-02 10:25:52+05:30,4021.0,73,4049.66,541946,126071.0,147308.0,4100.0,4110.0,4016.1,4092.6,23313150,4501.8,3683.4,4440.0,3288.1,4021.0,17,1,4020.8,101,2,4020.7,5,1,4020.5,82,4,4020.1,54,3,4021.1,2,1,4021.2,39,2,4021.3,41,1,4021.4,77,2,4021.5,11,1
11483,2026-07-02 10:25:53+05:30,4020.5,2,4049.66,541946,126071.0,147308.0,4100.0,4110.0,4016.1,4092.6,23313150,4501.8,3683.4,4440.0,3288.1,4021.0,17,1,4020.8,101,2,4020.7,5,1,4020.5,82,4,4020.1,54,3,4021.1,2,1,4021.2,39,2,4021.3,41,1,4021.4,77,2,4021.5,11,1
11483,2026-07-02 10:25:53+05:30,4020.8,1,4049.64,542162,125551.0,147976.0,4100.0,4110.0,4016.1,4092.6,23313150,4501.8,3683.4,4440.0,3288.1,4020.1,54,3,4020.0,945,37,4019.8,1,1,4019.7,47,3,4019.6,13,2,4020.8,10,1,4020.9,5,1,4021.0,46,4,4021.1,3,2,4021.2,92,4
11483,2026-07-02 10:25:54+05:30,4020.1,1,4049.64,542162,125551.0,147976.0,4100.0,4110.0,4016.1,4092.6,23313150,4501.8,3683.4,4440.0,3288.1,4020.1,54,3,4020.0,945,37,4019.8,1,1,4019.7,47,3,4019.6,13,2,4020.8,10,1,4020.9,5,1,4021.0,46,4,4021.1,3,2,4021.2,92,4
11483,2026-07-02 10:25:54+05:30,4020.0,2,4049.59,543163,123598.0,148650.0,4100.0,4110.0,4016.1,4092.6,23313150,4501.8,3683.4,4440.0,3288.1,4019.8,1,1,4019.7,10,1,4019.6,13,2,4019.5,10,1,4019.2,375,2,4020.0,16,2,4020.1,29,1,4020.2,7,2,4020.3,12,1,4020.4,79,1
11483,2026-07-02 10:25:55+05:30,4019.7,10,4049.59,543163,123598.0,148650.0,4100.0,4110.0,4016.1,4092.6,23313150,4501.8,3683.4,4440.0,3288.1,4019.8,1,1,4019.7,10,1,4019.6,13,2,4019.5,10,1,4019.2,375,2,4020.0,16,2,4020.1,29,1,4020.2,7,2,4020.3,12,1,4020.4,79,1
11483,2026-07-02 10:25:55+05:30,4019.7,10,4049.59,543197,124665.0,148191.0,4100.0,4110.0,4016.1,4092.6,23313150,4501.8,3683.4,4440.0,3288.1,4019.5,10,1,4019.2,375,2,4019.1,4,2,4019.0,167,8,4018.9,26,2,4019.9,42,1,4020.0,13,2,4020.1,106,3,4020.2,7,2,4020.3,5,1
11483,2026-07-02 10:25:56+05:30,4019.9,1,4049.59,543197,124665.0,148191.0,4100.0,4110.0,4016.1,4092.6,23313150,4501.8,3683.4,4440.0,3288.1,4019.5,10,1,4019.2,375,2,4019.1,4,2,4019.0,167,8,4018.9,26,2,4019.9,42,1,4020.0,13,2,4020.1,106,3,4020.2,7,2,4020.3,5,1
11483,2026-07-02 10:25:56+05:30,4019.5,2,4049.58,543235,124677.0,147776.0,4100.0,4110.0,4016.1,4092.6,23313150,4501.8,3683.4,4440.0,3288.1,4019.2,375,2,4019.1,4,2,4019.0,169,9,4018.9,26,2,4018.8,22,2,4019.5,18,1,4019.9,3,1,4020.0,8,1,4020.1,35,1,4020.2,1,1
11483,2026-07-02 10:25:57+05:30,4019.5,5,4049.58,543235,124677.0,147776.0,4100.0,4110.0,4016.1,4092.6,23313150,4501.8,3683.4,4440.0,3288.1,4019.2,375,2,4019.1,4,2,4019.0,169,9,4018.9,26,2,4018.8,22,2,4019.5,18,1,4019.9,3,1,4020.0,8,1,4020.1,35,1,4020.2,1,1
11483,2026-07-02 10:25:57+05:30,4019.2,2,4049.58,543274,124335.0,147730.0,4100.0,4110.0,4016.1,4092.6,23313150,4501.8,3683.4,4440.0,3288.1,4019.2,366,2,4019.1,2,1,4019.0,167,8,4018.9,2,1,4018.8,32,4,4019.5,28,1,4020.1,35,1,4020.2,6,2,4020.5,19,1,4020.7,25,1
11483,2026-07-02 10:25:58+05:30,4019.2,1,4049.58,543274,124335.0,147730.0,4100.0,4110.0,4016.1,4092.6,23313150,4501.8,3683.4,4440.0,3288.1,4019.2,366,2,4019.1,2,1,4019.0,167,8,4018.9,2,1,4018.8,32,4,4019.5,28,1,4020.1,35,1,4020.2,6,2,4020.5,19,1,4020.7,25,1
11483,2026-07-02 10:25:58+05:30,4019.2,12,4049.57,543546,124329.0,147909.0,4100.0,4110.0,4016.1,4092.6,23313150,4501.8,3683.4,4440.0,3288.1,4019.2,285,5,4019.0,220,10,4018.9,26,2,4018.8,74,5,4018.7,12,2,4019.5,4,1,4020.1,35,1,4020.2,5,1,4020.5,19,1,4020.8,32,1
11483,2026-07-02 10:25:59+05:30,4020.7,2,4049.57,543546,124329.0,147909.0,4100.0,4110.0,4016.1,4092.6,23313150,4501.8,3683.4,4440.0,3288.1,4019.2,285,5,4019.0,220,10,4018.9,26,2,4018.8,74,5,4018.7,12,2,4019.5,4,1,4020.1,35,1,4020.2,5,1,4020.5,19,1,4020.8,32,1
11483,2026-07-02 10:25:59+05:30,4020.7,2,4049.57,543588,125484.0,146948.0,4100.0,4110.0,4016.1,4092.6,23313150,4501.8,3683.4,4440.0,3288.1,4020.7,37,1,4020.5,42,1,4020.4,5,1,4020.3,42,1,4020.1,42,1,4021.4,19,1,4021.9,28,2,4022.0,21,2,4022.1,2,1,4022.2,32,2
11483,2026-07-02 10:26:00+05:30,4021.4,3,4049.57,543588,125484.0,146948.0,4100.0,4110.0,4016.1,4092.6,23313150,4501.8,3683.4,4440.0,3288.1,4020.7,37,1,4020.5,42,1,4020.4,5,1,4020.3,42,1,4020.1,42,1,4021.4,19,1,4021.9,28,2,4022.0,21,2,4022.1,2,1,4022.2,32,2
11483,2026-07-02 10:26:00+05:30,4021.4,1,4049.56,543609,125708.0,146322.0,4100.0,4110.0,4016.1,4092.6,23313150,4501.8,3683.4,4440.0,3288.1,4021.1,8,1,4021.0,42,1,4020.9,42,1,4020.8,6,1,4020.7,42,1,4021.9,1,1,4022.0,10,1,4022.3,25,1,4022.4,20,1,4022.6,26,1
11483,2026-07-02 10:26:01+05:30,4021.1,1,4049.56,543609,125708.0,146322.0,4100.0,4110.0,4016.1,4092.6,23313150,4501.8,3683.4,4440.0,3288.1,4021.1,8,1,4021.0,42,1,4020.9,42,1,4020.8,6,1,4020.7,42,1,4021.9,1,1,4022.0,10,1,4022.3,25,1,4022.4,20,1,4022.6,26,1
11483,2026-07-02 10:26:01+05:30,4022.2,5,4049.56,543630,126199.0,145882.0,4100.0,4110.0,4016.1,4092.6,23313150,4501.8,3683.4,4440.0,3288.1,4021.6,36,1,4021.5,42,1,4021.4,42,1,4021.2,47,2,4021.0,42,1,4022.1,51,5,4022.2,18,3,4022.3,36,2,4022.4,33,3,4022.6,28,2
11483,2026-07-02 10:26:02+05:30,4021.8,1,4049.56,543630,126199.0,145882.0,4100.0,4110.0,4016.1,4092.6,23313150,4501.8,3683.4,4440.0,3288.1,4021.6,36,1,4021.5,42,1,4021.4,42,1,4021.2,47,2,4021.0,42,1,4022.1,51,5,4022.2,18,3,4022.3,36,2,4022.4,33,3,4022.6,28,2
11483,2026-07-02 10:26:02+05:30,4022.1,1,4049.56,543640,126004.0,145921.0,4100.0,4110.0,4016.1,4092.6,23313150,4501.8,3683.4,4440.0,3288.1,4021.8,38,1,4021.7,42,1,4021.5,42,1,4021.3,42,1,4021.2,5,1,4022.1,44,6,4022.2,18,3,4022.3,36,2,4022.4,33,3,4022.5,6,1
11483,2026-07-02 10:26:03+05:30,4022.3,1,4049.56,543640,126004.0,145921.0,4100.0,4110.0,4016.1,4092.6,23313150,4501.8,3683.4,4440.0,3288.1,4021.8,38,1,4021.7,42,1,4021.5,42,1,4021.3,42,1,4021.2,5,1,4022.1,44,6,4022.2,18,3,4022.3,36,2,4022.4,33,3,4022.5,6,1
11483,2026-07-02 10:26:03+05:30,4022.3,1,4049.56,543644,126073.0,145602.0,4100.0,4110.0,4016.1,4092.6,23313150,4501.8,3683.4,4440.0,3288.1,4021.9,42,1,4021.8,38,1,4021.7,42,1,4021.5,42,1,4021.2,5,1,4022.1,1,1,4022.3,62,5,4022.4,1,1,4022.6,10,1,4022.7,11,1
11483,2026-07-02 10:26:04+05:30,4022.1,1,4049.56,543644,126073.0,145602.0,4100.0,4110.0,4016.1,4092.6,23313150,4501.8,3683.4,4440.0,3288.1,4021.9,42,1,4021.8,38,1,4021.7,42,1,4021.5,42,1,4021.2,5,1,4022.1,1,1,4022.3,62,5,4022.4,1,1,4022.6,10,1,4022.7,11,1
11483,2026-07-02 10:26:04+05:30,4022.1,1,4049.56,543647,126131.0,145349.0,4100.0,4110.0,4016.1,4092.6,23313150,4501.8,3683.4,4440.0,3288.1,4022.1,29,1,4021.9,41,1,4021.8,38,1,4021.7,42,1,4021.5,42,1,4022.2,28,2,4022.3,29,2,4022.4,1,1,4022.6,10,1,4022.7,21,2
11483,2026-07-02 10:26:05+05:30,4021.9,1,4049.56,543647,126131.0,145349.0,4100.0,4110.0,4016.1,4092.6,23313150,4501.8,3683.4,4440.0,3288.1,4022.1,29,1,4021.9,41,1,4021.8,38,1,4021.7,42,1,4021.5,42,1,4022.2,28,2,4022.3,29,2,4022.4,1,1,4022.6,10,1,4022.7,21,2
11483,2026-07-02 10:26:05+05:30,4021.8,1,4049.55,543836,126194.0,145749.0,4100.0,4110.0,4016.1,4092.6,23313150,4501.8,3683.4,4440.0,3288.1,4021.6,42,1,4021.4,42,1,4021.2,5,1,4020.8,19,2,4020.4,36,2,4021.8,37,1,4022.2,31,4,4022.3,29,2,4022.6,11,2,4022.7,11,1
11483,2026-07-02 10:26:06+05:30,4021.6,1,4049.55,543836,126194.0,145749.0,4100.0,4110.0,4016.1,4092.6,23313150,4501.8,3683.4,4440.0,3288.1,4021.6,42,1,4021.4,42,1,4021.2,5,1,4020.8,19,2,4020.4,36,2,4021.8,37,1,4022.2,31,4,4022.3,29,2,4022.6,11,2,4022.7,11,1
11483,2026-07-02 10:26:06+05:30,4021.8,1,4049.55,543857,125128.0,145738.0,4100.0,4110.0,4016.1,4092.6,23313150,4501.8,3683.4,4440.0,3288.1,4021.6,41,1,4021.2,47,2,4020.8,19,2,4020.4,12,1,4020.2,2,1,4021.8,49,5,4022.1,11,1,4022.2,2,1,4022.3,29,2,4022.4,11,1
11483,2026-07-02 10:26:07+05:30,4022.1,1,4049.55,543857,125128.0,145738.0,4100.0,4110.0,4016.1,4092.6,23313150,4501.8,3683.4,4440.0,3288.1,4021.6,41,1,4021.2,47,2,4020.8,19,2,4020.4,12,1,4020.2,2,1,4021.8,49,5,4022.1,11,1,4022.2,2,1,4022.3,29,2,4022.4,11,1
11483,2026-07-02 10:26:07+05:30,4022.1,24,4049.53,544309,126160.0,144159.0,4100.0,4110.0,4016.1,4092.6,23313150,4501.8,3683.4,4440.0,3288.1,4022.2,13,1,4022.0,52,2,4021.9,57,3,4021.8,19,1,4021.7,20,1,4023.3,5,1,4023.4,48,3,4023.5,7,2,4023.6,22,1,4023.7,179,3
11483,2026-07-02 10:26:08+05:30,4022.1,24,4049.53,544309,126160.0,144159.0,4100.0,4110.0,4016.1,4092.6,23313150,4501.8,3683.4,4440.0,3288.1,4022.2,13,1,4022.0,52,2,4021.9,57,3,4021.8,19,1,4021.7,20,1,4023.3,5,1,4023.4,48,3,4023.5,7,2,4023.6,22,1,4023.7,179,3
11483,2026-07-02 10:26:08+05:30,4023.7,1,4049.53,544312,126981.0,144048.0,4100.0,4110.0,4016.1,4092.6,23313150,4501.8,3683.4,4440.0,3288.1,4022.9,15,1,4022.8,77,1,4022.4,6,1,4022.2,102,4,4022.1,18,1,4023.7,18,2,4023.8,175,1,4023.9,20,1,4024.0,111,2,4024.4,38,2
11483,2026-07-02 10:26:09+05:30,4022.8,2,4049.53,544312,126981.0,144048.0,4100.0,4110.0,4016.1,4092.6,23313150,4501.8,3683.4,4440.0,3288.1,4022.9,15,1,4022.8,77,1,4022.4,6,1,4022.2,102,4,4022.1,18,1,4023.7,18,2,4023.8,175,1,4023.9,20,1,4024.0,111,2,4024.4,38,2
11483,2026-07-02 10:26:09+05:30,4023.0,1,4049.53,544340,126724.0,144812.0,4100.0,4110.0,4016.1,4092.6,23313150,4501.8,3683.4,4440.0,3288.1,4022.9,17,1,4022.8,42,1,4022.4,42,1,4022.2,13,1,4022.0,10,1,4023.0,99,1,4023.5,30,3,4023.6,52,4,4023.7,7,3,4023.8,175,1
11483,2026-07-02 10:26:10+05:30,4023.0,50,4049.53,544340,126724.0,144812.0,4100.0,4110.0,4016.1,4092.6,23313150,4501.8,3683.4,4440.0,3288.1,4022.9,17,1,4022.8,42,1,4022.4,42,1,4022.2,13,1,4022.0,10,1,4023.0,99,1,4023.5,30,3,4023.6,52,4,4023.7,7,3,4023.8,175,1
11483,2026-07-02 10:26:10+05:30,4023.0,1,4049.52,544440,127033.0,144986.0,4100.0,4110.0,4016.1,4092.6,23313150,4501.8,3683.4,4440.0,3288.1,4023.0,32,1,4022.9,17,1,4022.8,42,1,4022.4,42,1,4022.2,13,1,4023.5,17,1,4023.6,30,3,4023.7,1,1,4023.8,177,2,4023.9,47,3
11483,2026-07-02 10:26:11+05:30,4023.0,1,4049.52,544440,127033.0,144986.0,4100.0,4110.0,4016.1,4092.6,23313150,4501.8,3683.4,4440.0,3288.1,4023.0,32,1,4022.9,17,1,4022.8,42,1,4022.4,42,1,4022.2,13,1,4023.5,17,1,4023.6,30,3,4023.7,1,1,4023.8,177,2,4023.9,47,3
11483,2026-07-02 10:26:11+05:30,4023.5,1,4049.52,544441,127087.0,144983.0,4100.0,4110.0,4016.1,4092.6,23313150,4501.8,3683.4,4440.0,3288.1,4023.1,42,1,4022.9,17,1,4022.7,42,1,4022.2,13,1,4022.1,101,2,4023.5,38,5,4023.6,17,1,4023.7,1,1,4023.8,177,2,4023.9,47,3
11483,2026-07-02 10:26:12+05:30,4023.1,42,4049.52,544441,127087.0,144983.0,4100.0,4110.0,4016.1,4092.6,23313150,4501.8,3683.4,4440.0,3288.1,4023.1,42,1,4022.9,17,1,4022.7,42,1,4022.2,13,1,4022.1,101,2,4023.5,38,5,4023.6,17,1,4023.7,1,1,4023.8,177,2,4023.9,47,3
11483,2026-07-02 10:26:12+05:30,4023.4,8,4049.52,544526,127131.0,145491.0,4100.0,4110.0,4016.1,4092.6,23313150,4501.8,3683.4,4440.0,3288.1,4023.0,45,1,4022.9,17,1,4022.4,42,1,4022.2,13,1,4022.1,101,2,4023.4,194,3,4023.5,192,3,4023.6,9,1,4023.7,1,1,4023.8,177,2
11483,2026-07-02 10:26:13+05:30,4023.4,10,4049.52,544526,127131.0,145491.0,4100.0,4110.0,4016.1,4092.6,23313150,4501.8,3683.4,4440.0,3288.1,4023.0,45,1,4022.9,17,1,4022.4,42,1,4022.2,13,1,4022.1,101,2,4023.4,194,3,4023.5,192,3,4023.6,9,1,4023.7,1,1,4023.8,177,2
11483,2026-07-02 10:26:14+05:30,4023.4,2,4049.52,544562,127494.0,145518.0,4100.0,4110.0,4016.1,4092.6,23313150,4501.8,3683.4,4440.0,3288.1,4023.3,25,1,4023.1,42,1,4023.0,30,1,4022.9,17,1,4022.7,42,1,4023.4,162,2,4023.5,191,2,4023.7,1,1,4023.8,186,2,4023.9,42,3
11483,2026-07-02 10:26:14+05:30,4023.4,2,4049.52,544562,127494.0,145518.0,4100.0,4110.0,4016.1,4092.6,23313150,4501.8,3683.4,4440.0,3288.1,4023.3,25,1,4023.1,42,1,4023.0,30,1,4022.9,17,1,4022.7,42,1,4023.4,162,2,4023.5,191,2,4023.7,1,1,4023.8,186,2,4023.9,42,3
11483,2026-07-02 10:26:14+05:30,4023.4,1,4049.52,544563,127458.0,145513.0,4100.0,4110.0,4016.1,4092.6,23313150,4501.8,3683.4,4440.0,3288.1,4023.2,42,1,4023.0,30,1,4022.9,17,1,4022.8,42,1,4022.2,13,1,4023.4,161,2,4023.5,194,3,4023.6,11,1,4023.7,3,2,4023.8,175,1
11483,2026-07-02 10:26:15+05:30,4023.4,1,4049.52,544563,127458.0,145513.0,4100.0,4110.0,4016.1,4092.6,23313150,4501.8,3683.4,4440.0,3288.1,4023.2,42,1,4023.0,30,1,4022.9,17,1,4022.8,42,1,4022.2,13,1,4023.4,161,2,4023.5,194,3,4023.6,11,1,4023.7,3,2,4023.8,175,1
11483,2026-07-02 10:26:15+05:30,4023.4,3,4049.52,544595,127544.0,145281.0,4100.0,4110.0,4016.1,4092.6,23313150,4501.8,3683.4,4440.0,3288.1,4023.2,42,1,4023.0,30,1,4022.9,17,1,4022.8,42,1,4022.2,23,2,4023.4,129,2,4023.5,191,2,4023.6,6,1,4023.7,1,1,4023.8,175,1
11483,2026-07-02 10:26:16+05:30,4022.9,5,4049.52,544595,127544.0,145281.0,4100.0,4110.0,4016.1,4092.6,23313150,4501.8,3683.4,4440.0,3288.1,4023.2,42,1,4023.0,30,1,4022.9,17,1,4022.8,42,1,4022.2,23,2,4023.4,129,2,4023.5,191,2,4023.6,6,1,4023.7,1,1,4023.8,175,1
11483,2026-07-02 10:26:16+05:30,4023.0,10,4049.49,545075,127079.0,145311.0,4100.0,4110.0,4016.1,4092.6,23313150,4501.8,3683.4,4440.0,3288.1,4022.4,42,1,4022.2,10,1,4022.1,106,3,4021.8,17,2,4021.6,41,1,4023.0,142,1,4023.1,21,3,4023.2,2,1,4023.3,38,5,4023.4,23,4
11483,2026-07-02 10:26:17+05:30,4023.0,11,4049.49,545075,127079.0,145311.0,4100.0,4110.0,4016.1,4092.6,23313150,4501.8,3683.4,4440.0,3288.1,4022.4,42,1,4022.2,10,1,4022.1,106,3,4021.8,17,2,4021.6,41,1,4023.0,142,1,4023.1,21,3,4023.2,2,1,4023.3,38,5,4023.4,23,4
11483,2026-07-02 10:26:17+05:30,4023.8,8,4049.48,545270,127663.0,144356.0,4100.0,4110.0,4016.1,4092.6,23313150,4501.8,3683.4,4440.0,3288.1,4023.4,8,1,4023.3,21,2,4023.1,15,1,4023.0,6,1,4022.9,11,1,4023.9,186,2,4024.0,193,3,4024.4,15,1,4024.6,50,1,4024.7,72,3
11483,2026-07-02 10:26:18+05:30,4023.8,7,4049.48,545270,127663.0,144356.0,4100.0,4110.0,4016.1,4092.6,23313150,4501.8,3683.4,4440.0,3288.1,4023.4,8,1,4023.3,21,2,4023.1,15,1,4023.0,6,1,4022.9,11,1,4023.9,186,2,4024.0,193,3,4024.4,15,1,4024.6,50,1,4024.7,72,3
11483,2026-07-02 10:26:18+05:30,4023.5,1,4049.44,546073,126897.0,145330.0,4100.0,4110.0,4016.1,4092.6,23313150,4501.8,3683.4,4440.0,3288.1,4022.5,12,1,4022.4,17,2,4022.3,27,2,4022.2,8,1,4022.1,20,1,4023.5,10,2,4023.6,12,2,4023.7,10,1,4023.8,191,3,4023.9,198,3
11483,2026-07-02 10:26:19+05:30,4023.5,1,4049.44,546073,126897.0,145330.0,4100.0,4110.0,4016.1,4092.6,23313150,4501.8,3683.4,4440.0,3288.1,4022.5,12,1,4022.4,17,2,4022.3,27,2,4022.2,8,1,4022.1,20,1,4023.5,10,2,4023.6,12,2,4023.7,10,1,4023.8,191,3,4023.9,198,3
11483,2026-07-02 10:26:19+05:30,4022.5,5,4049.44,546073,126897.0,145330.0,4100.0,4110.0,4016.1,4092.6,23313150,4501.8,3683.4,4440.0,3288.1,4022.5,12,1,4022.4,17,2,4022.3,27,2,4022.2,8,1,4022.1,20,1,4023.5,10,2,4023.6,12,2,4023.7,10,1,4023.8,191,3,4023.9,198,3
11483,2026-07-02 10:26:19+05:30,4022.5,5,4049.44,546073,126897.0,145330.0,4100.0,4110.0,4016.1,4092.6,23313150,4501.8,3683.4,4440.0,3288.1,4022.5,12,1,4022.4,17,2,4022.3,27,2,4022.2,8,1,4022.1,20,1,4023.5,10,2,4023.6,12,2,4023.7,10,1,4023.8,191,3,4023.9,198,3
11483,2026-07-02 10:26:19+05:30,4023.9,12,4049.41,546753,127688.0,143705.0,4100.0,4110.0,4016.1,4092.6,23313150,4501.8,3683.4,4440.0,3288.1,4023.1,8,1,4023.0,9,2,4022.8,8,1,4022.6,6,1,4022.5,8,1,4023.8,180,2,4024.0,176,2,4024.1,17,2,4024.4,44,4,4024.5,74,2
11483,2026-07-02 10:26:20+05:30,4023.9,12,4049.41,546753,127688.0,143705.0,4100.0,4110.0,4016.1,4092.6,23313150,4501.8,3683.4,4440.0,3288.1,4023.1,8,1,4023.0,9,2,4022.8,8,1,4022.6,6,1,4022.5,8,1,4023.8,180,2,4024.0,176,2,4024.1,17,2,4024.4,44,4,4024.5,74,2
11483,2026-07-02 10:26:20+05:30,4023.1,5,4049.41,546753,127688.0,143705.0,4100.0,4110.0,4016.1,4092.6,23313150,4501.8,3683.4,4440.0,3288.1,4023.1,8,1,4023.0,9,2,4022.8,8,1,4022.6,6,1,4022.5,8,1,4023.8,180,2,4024.0,176,2,4024.1,17,2,4024.4,44,4,4024.5,74,2
11483,2026-07-02 10:26:20+05:30,4023.1,5,4049.41,546753,127688.0,143705.0,4100.0,4110.0,4016.1,4092.6,23313150,4501.8,3683.4,4440.0,3288.1,4023.1,8,1,4023.0,9,2,4022.8,8,1,4022.6,6,1,4022.5,8,1,4023.8,180,2,4024.0,176,2,4024.1,17,2,4024.4,44,4,4024.5,74,2
11483,2026-07-02 10:26:20+05:30,4023.7,1,4049.41,546759,127929.0,144571.0,4100.0,4110.0,4016.1,4092.6,23313150,4501.8,3683.4,4440.0,3288.1,4023.5,12,1,4023.4,2,1,4022.7,13,1,4022.5,8,1,4022.3,26,2,4023.8,25,2,4024.0,178,3,4024.4,22,2,4024.5,50,1,4024.6,23,1
11483,2026-07-02 10:26:21+05:30,4023.7,1,4049.41,546759,127929.0,144571.0,4100.0,4110.0,4016.1,4092.6,23313150,4501.8,3683.4,4440.0,3288.1,4023.5,12,1,4023.4,2,1,4022.7,13,1,4022.5,8,1,4022.3,26,2,4023.8,25,2,4024.0,178,3,4024.4,22,2,4024.5,50,1,4024.6,23,1
11483,2026-07-02 10:26:21+05:30,4023.4,2,4049.41,546759,127929.0,144571.0,4100.0,4110.0,4016.1,4092.6,23313150,4501.8,3683.4,4440.0,3288.1,4023.5,12,1,4023.4,2,1,4022.7,13,1,4022.5,8,1,4022.3,26,2,4023.8,25,2,4024.0,178,3,4024.4,22,2,4024.5,50,1,4024.6,23,1
11483,2026-07-02 10:26:21+05:30,4023.4,2,4049.41,546759,127929.0,144571.0,4100.0,4110.0,4016.1,4092.6,23313150,4501.8,3683.4,4440.0,3288.1,4023.5,12,1,4023.4,2,1,4022.7,13,1,4022.5,8,1,4022.3,26,2,4023.8,25,2,4024.0,178,3,4024.4,22,2,4024.5,50,1,4024.6,23,1
11483,2026-07-02 10:26:21+05:30,4022.2,1,4049.4,547009,125490.0,145857.0,4100.0,4110.0,4016.1,4092.6,23313150,4501.8,3683.4,4440.0,3288.1,4021.6,13,1,4021.4,20,2,4021.2,17,2,4020.8,3,1,4020.6,35,1,4022.2,14,2,4022.5,33,4,4022.6,37,3,4022.7,175,1,4022.8,5,1
11483,2026-07-02 10:26:21+05:30,4022.2,1,4049.4,547009,125490.0,145857.0,4100.0,4110.0,4016.1,4092.6,23313150,4501.8,3683.4,4440.0,3288.1,4021.6,13,1,4021.4,20,2,4021.2,17,2,4020.8,3,1,4020.6,35,1,4022.2,14,2,4022.5,33,4,4022.6,37,3,4022.7,175,1,4022.8,5,1
11483,2026-07-02 10:26:22+05:30,4022.2,1,4049.4,547009,125490.0,145857.0,4100.0,4110.0,4016.1,4092.6,23313150,4501.8,3683.4,4440.0,3288.1,4021.6,13,1,4021.4,20,2,4021.2,17,2,4020.8,3,1,4020.6,35,1,4022.2,14,2,4022.5,33,4,4022.6,37,3,4022.7,175,1,4022.8,5,1
11483,2026-07-02 10:26:22+05:30,4022.2,1,4049.4,547009,125490.0,145857.0,4100.0,4110.0,4016.1,4092.6,23313150,4501.8,3683.4,4440.0,3288.1,4021.6,13,1,4021.4,20,2,4021.2,17,2,4020.8,3,1,4020.6,35,1,4022.2,14,2,4022.5,33,4,4022.6,37,3,4022.7,175,1,4022.8,5,1
11483,2026-07-02 10:26:22+05:30,4022.2,1,4049.4,547009,125490.0,145857.0,4100.0,4110.0,4016.1,4092.6,23313150,4501.8,3683.4,4440.0,3288.1,4021.6,13,1,4021.4,20,2,4021.2,17,2,4020.8,3,1,4020.6,35,1,4022.2,14,2,4022.5,33,4,4022.6,37,3,4022.7,175,1,4022.8,5,1
11483,2026-07-02 10:26:22+05:30,4022.2,1,4049.4,547009,125490.0,145857.0,4100.0,4110.0,4016.1,4092.6,23441425,4501.8,3683.4,4440.0,3288.1,4021.6,13,1,4021.4,20,2,4021.2,17,2,4020.8,3,1,4020.6,35,1,4022.2,14,2,4022.5,33,4,4022.6,37,3,4022.7,175,1,4022.8,5,1
11483,2026-07-02 10:26:22+05:30,4022.6,5,4049.4,547071,126308.0,146138.0,4100.0,4110.0,4016.1,4092.6,23441425,4501.8,3683.4,4440.0,3288.1,4021.8,3,1,4021.7,17,2,4021.6,30,3,4021.5,1,1,4021.4,13,1,4022.6,42,3,4022.7,175,1,4023.0,2,1,4023.1,17,1,4023.3,6,1
11483,2026-07-02 10:26:23+05:30,4022.6,5,4049.4,547071,126308.0,146138.0,4100.0,4110.0,4016.1,4092.6,23441425,4501.8,3683.4,4440.0,3288.1,4021.8,3,1,4021.7,17,2,4021.6,30,3,4021.5,1,1,4021.4,13,1,4022.6,42,3,4022.7,175,1,4023.0,2,1,4023.1,17,1,4023.3,6,1
11483,2026-07-02 10:26:23+05:30,4022.6,5,4049.4,547071,126308.0,146138.0,4100.0,4110.0,4016.1,4092.6,23441425,4501.8,3683.4,4440.0,3288.1,4021.8,3,1,4021.7,17,2,4021.6,30,3,4021.5,1,1,4021.4,13,1,4022.6,42,3,4022.7,175,1,4023.0,2,1,4023.1,17,1,4023.3,6,1
11483,2026-07-02 10:26:23+05:30,4022.6,5,4049.4,547071,126308.0,146138.0,4100.0,4110.0,4016.1,4092.6,23441425,4501.8,3683.4,4440.0,3288.1,4021.8,3,1,4021.7,17,2,4021.6,30,3,4021.5,1,1,4021.4,13,1,4022.6,42,3,4022.7,175,1,4023.0,2,1,4023.1,17,1,4023.3,6,1
11483,2026-07-02 10:26:23+05:30,4022.6,1,4049.39,547080,126420.0,146218.0,4100.0,4110.0,4016.1,4092.6,23441425,4501.8,3683.4,4440.0,3288.1,4021.9,7,1,4021.8,19,3,4021.7,17,2,4021.6,20,2,4021.5,1,1,4022.6,47,4,4022.7,175,1,4023.1,17,1,4023.2,2,1,4023.3,6,1
11483,2026-07-02 10:26:23+05:30,4022.6,1,4049.39,547080,126420.0,146218.0,4100.0,4110.0,4016.1,4092.6,23441425,4501.8,3683.4,4440.0,3288.1,4021.9,7,1,4021.8,19,3,4021.7,17,2,4021.6,20,2,4021.5,1,1,4022.6,47,4,4022.7,175,1,4023.1,17,1,4023.2,2,1,4023.3,6,1
11483,2026-07-02 10:26:24+05:30,4022.6,1,4049.39,547080,126420.0,146218.0,4100.0,4110.0,4016.1,4092.6,23441425,4501.8,3683.4,4440.0,3288.1,4021.9,7,1,4021.8,19,3,4021.7,17,2,4021.6,20,2,4021.5,1,1,4022.6,47,4,4022.7,175,1,4023.1,17,1,4023.2,2,1,4023.3,6,1
11483,2026-07-02 10:26:24+05:30,4022.6,1,4049.39,547080,126420.0,146218.0,4100.0,4110.0,4016.1,4092.6,23441425,4501.8,3683.4,4440.0,3288.1,4021.9,7,1,4021.8,19,3,4021.7,17,2,4021.6,20,2,4021.5,1,1,4022.6,47,4,4022.7,175,1,4023.1,17,1,4023.2,2,1,4023.3,6,1
11483,2026-07-02 10:26:24+05:30,4020.7,11,4049.34,548075,126589.0,146512.0,4100.0,4110.0,4016.1,4092.6,23441425,4501.8,3683.4,4440.0,3288.1,4021.8,42,2,4021.7,35,3,4021.6,17,2,4021.5,32,2,4021.4,23,1,4023.3,13,3,4023.4,193,2,4023.6,95,2,4023.7,6,1,4023.8,182,2
11483,2026-07-02 10:26:25+05:30,4021.8,2,4049.34,548075,126589.0,146512.0,4100.0,4110.0,4016.1,4092.6,23441425,4501.8,3683.4,4440.0,3288.1,4021.8,42,2,4021.7,35,3,4021.6,17,2,4021.5,32,2,4021.4,23,1,4023.3,13,3,4023.4,193,2,4023.6,95,2,4023.7,6,1,4023.8,182,2
11483,2026-07-02 10:26:25+05:30,4023.3,1,4049.34,548078,126771.0,146809.0,4100.0,4110.0,4016.1,4092.6,23441425,4501.8,3683.4,4440.0,3288.1,4021.8,52,3,4021.7,31,3,4021.6,7,1,4021.5,32,2,4021.4,49,3,4023.3,20,4,4023.4,193,2,4023.6,95,2,4023.7,6,1,4023.8,188,3
11483,2026-07-02 10:26:26+05:30,4023.3,1,4049.34,548078,126771.0,146809.0,4100.0,4110.0,4016.1,4092.6,23441425,4501.8,3683.4,4440.0,3288.1,4021.8,52,3,4021.7,31,3,4021.6,7,1,4021.5,32,2,4021.4,49,3,4023.3,20,4,4023.4,193,2,4023.6,95,2,4023.7,6,1,4023.8,188,3
11483,2026-07-02 10:26:27+05:30,4023.4,1,4049.34,548128,127298.0,146954.0,4100.0,4110.0,4016.1,4092.6,23441425,4501.8,3683.4,4440.0,3288.1,4022.5,22,1,4022.4,7,1,4022.3,31,2,4022.2,23,2,4022.1,23,1,4023.4,174,1,4023.6,17,1,4023.7,3,1,4023.8,225,2,4023.9,506,5
11483,2026-07-02 10:26:27+05:30,4023.4,1,4049.34,548128,127298.0,146954.0,4100.0,4110.0,4016.1,4092.6,23441425,4501.8,3683.4,4440.0,3288.1,4022.5,22,1,4022.4,7,1,4022.3,31,2,4022.2,23,2,4022.1,23,1,4023.4,174,1,4023.6,17,1,4023.7,3,1,4023.8,225,2,4023.9,506,5
11483,2026-07-02 10:26:27+05:30,4023.3,1,4049.34,548129,127250.0,146895.0,4100.0,4110.0,4016.1,4092.6,23441425,4501.8,3683.4,4440.0,3288.1,4022.5,24,1,4022.3,24,1,4022.1,23,1,4022.0,6,1,4021.9,24,1,4023.3,1,1,4023.4,179,3,4023.6,17,1,4023.7,5,1,4023.8,587,4
11483,2026-07-02 10:26:28+05:30,4023.4,1,4049.34,548129,127250.0,146895.0,4100.0,4110.0,4016.1,4092.6,23441425,4501.8,3683.4,4440.0,3288.1,4022.5,24,1,4022.3,24,1,4022.1,23,1,4022.0,6,1,4021.9,24,1,4023.3,1,1,4023.4,179,3,4023.6,17,1,4023.7,5,1,4023.8,587,4
11483,2026-07-02 10:26:28+05:30,4022.5,1,4049.33,548316,127392.0,146602.0,4100.0,4110.0,4016.1,4092.6,23441425,4501.8,3683.4,4440.0,3288.1,4022.5,23,1,4022.3,24,1,4022.1,23,1,4022.0,106,2,4021.9,24,1,4023.4,92,2,4023.6,17,1,4023.7,5,1,4023.8,587,4,4023.9,370,2
11483,2026-07-02 10:26:29+05:30,4022.5,1,4049.33,548316,127392.0,146602.0,4100.0,4110.0,4016.1,4092.6,23441425,4501.8,3683.4,4440.0,3288.1,4022.5,23,1,4022.3,24,1,4022.1,23,1,4022.0,106,2,4021.9,24,1,4023.4,92,2,4023.6,17,1,4023.7,5,1,4023.8,587,4,4023.9,370,2
11483,2026-07-02 10:26:29+05:30,4022.3,1,4049.33,548317,127406.0,146435.0,4100.0,4110.0,4016.1,4092.6,23441425,4501.8,3683.4,4440.0,3288.1,4022.3,14,1,4022.2,7,1,4022.1,23,1,4022.0,100,1,4021.9,24,1,4023.3,20,1,4023.4,94,3,4023.6,29,2,4023.7,7,1,4023.8,598,4
11483,2026-07-02 10:26:30+05:30,4023.3,2,4049.33,548317,127406.0,146435.0,4100.0,4110.0,4016.1,4092.6,23441425,4501.8,3683.4,4440.0,3288.1,4022.3,14,1,4022.2,7,1,4022.1,23,1,4022.0,100,1,4021.9,24,1,4023.3,20,1,4023.4,94,3,4023.6,29,2,4023.7,7,1,4023.8,598,4
11483,2026-07-02 10:26:30+05:30,4023.3,3,4049.33,548325,127412.0,146551.0,4100.0,4110.0,4016.1,4092.6,23441425,4501.8,3683.4,4440.0,3288.1,4022.3,13,1,4022.2,7,1,4022.1,23,1,4022.0,100,1,4021.9,24,1,4023.3,13,1,4023.4,94,3,4023.6,29,2,4023.7,34,1,4023.8,598,4
11483,2026-07-02 10:26:31+05:30,4023.3,3,4049.33,548325,127412.0,146551.0,4100.0,4110.0,4016.1,4092.6,23441425,4501.8,3683.4,4440.0,3288.1,4022.3,13,1,4022.2,7,1,4022.1,23,1,4022.0,100,1,4021.9,24,1,4023.3,13,1,4023.4,94,3,4023.6,29,2,4023.7,34,1,4023.8,598,4
11483,2026-07-02 10:26:31+05:30,4020.7,23,4049.3,548943,125356.0,147413.0,4100.0,4110.0,4016.1,4092.6,23441425,4501.8,3683.4,4440.0,3288.1,4020.5,11,2,4020.1,2,1,4020.0,128,13,4019.9,4,2,4019.7,37,3,4021.1,5,1,4021.3,5,1,4021.6,7,1,4021.7,6,1,4021.8,68,3
11483,2026-07-02 10:26:32+05:30,4020.5,1,4049.3,548943,125356.0,147413.0,4100.0,4110.0,4016.1,4092.6,23441425,4501.8,3683.4,4440.0,3288.1,4020.5,11,2,4020.1,2,1,4020.0,128,13,4019.9,4,2,4019.7,37,3,4021.1,5,1,4021.3,5,1,4021.6,7,1,4021.7,6,1,4021.8,68,3
11483,2026-07-02 10:26:32+05:30,4020.7,1,4049.3,548947,126403.0,147940.0,4100.0,4110.0,4016.1,4092.6,23441425,4501.8,3683.4,4440.0,3288.1,4020.7,11,1,4020.6,7,1,4020.5,27,3,4020.3,2,1,4020.2,19,2,4021.0,3,1,4021.1,11,2,4021.3,5,1,4021.7,6,1,4021.8,45,1
11483,2026-07-02 10:26:33+05:30,4021.1,2,4049.3,548947,126403.0,147940.0,4100.0,4110.0,4016.1,4092.6,23441425,4501.8,3683.4,4440.0,3288.1,4020.7,11,1,4020.6,7,1,4020.5,27,3,4020.3,2,1,4020.2,19,2,4021.0,3,1,4021.1,11,2,4021.3,5,1,4021.7,6,1,4021.8,45,1
11483,2026-07-02 10:26:33+05:30,4021.8,1,4049.3,548973,126613.0,147819.0,4100.0,4110.0,4016.1,4092.6,23441425,4501.8,3683.4,4440.0,3288.1,4020.9,28,1,4020.8,7,1,4020.7,11,1,4020.6,2,1,4020.5,27,3,4021.8,1,1,4021.9,11,2,4022.0,34,3,4022.1,16,2,4022.2,4,1
11483,2026-07-02 10:26:34+05:30,4020.9,1,4049.3,548973,126613.0,147819.0,4100.0,4110.0,4016.1,4092.6,23441425,4501.8,3683.4,4440.0,3288.1,4020.9,28,1,4020.8,7,1,4020.7,11,1,4020.6,2,1,4020.5,27,3,4021.8,1,1,4021.9,11,2,4022.0,34,3,4022.1,16,2,4022.2,4,1
11483,2026-07-02 10:26:34+05:30,4020.9,1,4049.3,548985,126680.0,147791.0,4100.0,4110.0,4016.1,4092.6,23441425,4501.8,3683.4,4440.0,3288.1,4020.9,26,1,4020.8,7,1,4020.7,11,1,4020.6,2,1,4020.5,27,3,4021.9,3,1,4022.0,34,3,4022.1,16,2,4022.2,4,1,4022.3,44,5
11483,2026-07-02 10:26:35+05:30,4021.9,1,4049.3,548985,126680.0,147791.0,4100.0,4110.0,4016.1,4092.6,23441425,4501.8,3683.4,4440.0,3288.1,4020.9,26,1,4020.8,7,1,4020.7,11,1,4020.6,2,1,4020.5,27,3,4021.9,3,1,4022.0,34,3,4022.1,16,2,4022.2,4,1,4022.3,44,5
11483,2026-07-02 10:26:35+05:30,4021.8,1,4049.3,549002,127029.0,147375.0,4100.0,4110.0,4016.1,4092.6,23441425,4501.8,3683.4,4440.0,3288.1,4021.8,3,1,4020.9,26,1,4020.8,11,1,4020.7,11,1,4020.6,2,1,4022.3,21,2,4022.4,39,4,4022.5,202,4,4022.6,23,1,4022.7,76,5
11483,2026-07-02 10:26:36+05:30,4021.8,1,4049.3,549002,127029.0,147375.0,4100.0,4110.0,4016.1,4092.6,23441425,4501.8,3683.4,4440.0,3288.1,4021.8,3,1,4020.9,26,1,4020.8,11,1,4020.7,11,1,4020.6,2,1,4022.3,21,2,4022.4,39,4,4022.5,202,4,4022.6,23,1,4022.7,76,5
11483,2026-07-02 10:26:36+05:30,4021.8,1,4049.3,549002,127084.0,147634.0,4100.0,4110.0,4016.1,4092.6,23441425,4501.8,3683.4,4440.0,3288.1,4021.8,3,1,4020.9,26,1,4020.8,11,1,4020.7,11,1,4020.6,2,1,4022.1,15,1,4022.2,51,4,4022.3,22,3,4022.4,27,3,4022.5,202,4
11483,2026-07-02 10:26:37+05:30,4022.1,5,4049.3,549002,127084.0,147634.0,4100.0,4110.0,4016.1,4092.6,23441425,4501.8,3683.4,4440.0,3288.1,4021.8,3,1,4020.9,26,1,4020.8,11,1,4020.7,11,1,4020.6,2,1,4022.1,15,1,4022.2,51,4,4022.3,22,3,4022.4,27,3,4022.5,202,4
11483,2026-07-02 10:26:37+05:30,4022.2,5,4049.3,549013,127088.0,147482.0,4100.0,4110.0,4016.1,4092.6,23441425,4501.8,3683.4,4440.0,3288.1,4021.8,2,1,4020.9,26,1,4020.8,11,1,4020.7,11,1,4020.6,2,1,4022.2,43,3,4022.3,19,2,4022.4,27,3,4022.5,202,4,4022.6,29,2
11483,2026-07-02 10:26:38+05:30,4020.9,1,4049.3,549013,127088.0,147482.0,4100.0,4110.0,4016.1,4092.6,23441425,4501.8,3683.4,4440.0,3288.1,4021.8,2,1,4020.9,26,1,4020.8,11,1,4020.7,11,1,4020.6,2,1,4022.2,43,3,4022.3,19,2,4022.4,27,3,4022.5,202,4,4022.6,29,2
11483,2026-07-02 10:26:38+05:30,4021.2,1,4049.3,549017,127625.0,147636.0,4100.0,4110.0,4016.1,4092.6,23441425,4501.8,3683.4,4440.0,3288.1,4021.0,15,2,4020.9,25,1,4020.8,2,1,4020.7,54,3,4020.5,18,2,4022.2,8,2,4022.3,39,2,4022.4,41,3,4022.5,202,4,4022.6,23,1
11483,2026-07-02 10:26:39+05:30,4021.2,1,4049.3,549017,127625.0,147636.0,4100.0,4110.0,4016.1,4092.6,23441425,4501.8,3683.4,4440.0,3288.1,4021.0,15,2,4020.9,25,1,4020.8,2,1,4020.7,54,3,4020.5,18,2,4022.2,8,2,4022.3,39,2,4022.4,41,3,4022.5,202,4,4022.6,23,1
11483,2026-07-02 10:26:39+05:30,4021.1,1,4049.3,549018,127665.0,147883.0,4100.0,4110.0,4016.1,4092.6,23441425,4501.8,3683.4,4440.0,3288.1,4021.1,9,1,4021.0,15,2,4020.9,25,1,4020.8,2,1,4020.7,54,3,4022.2,8,2,4022.3,39,2,4022.4,41,3,4022.5,202,4,4022.6,23,1
11483,2026-07-02 10:26:40+05:30,4021.1,1,4049.3,549018,127665.0,147883.0,4100.0,4110.0,4016.1,4092.6,23441425,4501.8,3683.4,4440.0,3288.1,4021.1,9,1,4021.0,15,2,4020.9,25,1,4020.8,2,1,4020.7,54,3,4022.2,8,2,4022.3,39,2,4022.4,41,3,4022.5,202,4,4022.6,23,1
11483,2026-07-02 10:26:40+05:30,4022.1,5,4049.3,549024,127385.0,148544.0,4100.0,4110.0,4016.1,4092.6,23441425,4501.8,3683.4,4440.0,3288.1,4021.0,15,2,4020.9,25,1,4020.7,16,2,4020.6,2,1,4020.5,18,2,4022.1,16,2,4022.2,8,2,4022.3,51,3,4022.4,41,3,4022.5,240,5
11483,2026-07-02 10:26:41+05:30,4022.0,10,4049.3,549024,127385.0,148544.0,4100.0,4110.0,4016.1,4092.6,23441425,4501.8,3683.4,4440.0,3288.1,4021.0,15,2,4020.9,25,1,4020.7,16,2,4020.6,2,1,4020.5,18,2,4022.1,16,2,4022.2,8,2,4022.3,51,3,4022.4,41,3,4022.5,240,5
11483,2026-07-02 10:26:41+05:30,4020.0,33,4049.28,549281,125791.0,148795.0,4100.0,4110.0,4016.1,4092.6,23441425,4501.8,3683.4,4440.0,3288.1,4020.1,12,1,4020.0,1060,12,4019.9,4,2,4019.7,4,1,4019.5,18,3,4021.1,27,3,4021.4,67,3,4021.5,82,3,4021.6,124,3,4021.7,83,4
11483,2026-07-02 10:26:42+05:30,4020.1,1,4049.28,549281,125791.0,148795.0,4100.0,4110.0,4016.1,4092.6,23441425,4501.8,3683.4,4440.0,3288.1,4020.1,12,1,4020.0,1060,12,4019.9,4,2,4019.7,4,1,4019.5,18,3,4021.1,27,3,4021.4,67,3,4021.5,82,3,4021.6,124,3,4021.7,83,4
11483,2026-07-02 10:26:42+05:30,4020.5,1,4049.28,549283,126730.0,148683.0,4100.0,4110.0,4016.1,4092.6,23441425,4501.8,3683.4,4440.0,3288.1,4020.5,9,1,4020.1,11,1,4020.0,1062,13,4019.9,4,2,4019.7,6,2,4021.1,6,2,4021.4,17,1,4021.5,60,2,4021.6,48,1,4021.7,92,4
11483,2026-07-02 10:26:43+05:30,4020.5,1,4049.28,549283,126730.0,148683.0,4100.0,4110.0,4016.1,4092.6,23441425,4501.8,3683.4,4440.0,3288.1,4020.5,9,1,4020.1,11,1,4020.0,1062,13,4019.9,4,2,4019.7,6,2,4021.1,6,2,4021.4,17,1,4021.5,60,2,4021.6,48,1,4021.7,92,4
11483,2026-07-02 10:26:43+05:30,4021.4,13,4049.28,549373,127069.0,147560.0,4100.0,4110.0,4016.1,4092.6,23441425,4501.8,3683.4,4440.0,3288.1,4020.9,2,1,4020.8,15,2,4020.7,31,3,4020.6,57,4,4020.5,25,3,4021.8,5,1,4022.0,34,4,4022.2,7,1,4022.3,21,1,4022.4,37,2
11483,2026-07-02 10:26:44+05:30,4020.8,1,4049.28,549373,127069.0,147560.0,4100.0,4110.0,4016.1,4092.6,23441425,4501.8,3683.4,4440.0,3288.1,4020.9,2,1,4020.8,15,2,4020.7,31,3,4020.6,57,4,4020.5,25,3,4021.8,5,1,4022.0,34,4,4022.2,7,1,4022.3,21,1,4022.4,37,2
11483,2026-07-02 10:26:44+05:30,4021.0,1,4049.28,549376,127054.0,147577.0,4100.0,4110.0,4016.1,4092.6,23441425,4501.8,3683.4,4440.0,3288.1,4021.0,6,1,4020.9,17,3,4020.8,6,1,4020.7,31,3,4020.6,14,2,4021.8,1,1,4022.0,34,4,4022.3,21,1,4022.4,37,2,4022.5,26,2
11483,2026-07-02 10:26:45+05:30,4021.0,1,4049.28,549376,127054.0,147577.0,4100.0,4110.0,4016.1,4092.6,23441425,4501.8,3683.4,4440.0,3288.1,4021.0,6,1,4020.9,17,3,4020.8,6,1,4020.7,31,3,4020.6,14,2,4021.8,1,1,4022.0,34,4,4022.3,21,1,4022.4,37,2,4022.5,26,2
11483,2026-07-02 10:26:45+05:30,4022.0,3,4049.28,549382,127103.0,148262.0,4100.0,4110.0,4016.1,4092.6,23441425,4501.8,3683.4,4440.0,3288.1,4021.0,6,1,4020.9,15,2,4020.8,10,3,4020.7,31,3,4020.6,14,2,4022.0,29,4,4022.3,21,1,4022.4,37,2,4022.5,46,3,4022.6,70,3
11483,2026-07-02 10:26:46+05:30,4022.0,2,4049.28,549382,127103.0,148262.0,4100.0,4110.0,4016.1,4092.6,23441425,4501.8,3683.4,4440.0,3288.1,4021.0,6,1,4020.9,15,2,4020.8,10,3,4020.7,31,3,4020.6,14,2,4022.0,29,4,4022.3,21,1,4022.4,37,2,4022.5,46,3,4022.6,70,3
11483,2026-07-02 10:26:46+05:30,4022.0,1,4049.28,549410,127308.0,148223.0,4100.0,4110.0,4016.1,4092.6,23441425,4501.8,3683.4,4440.0,3288.1,4021.0,43,4,4020.9,9,2,4020.8,25,3,4020.7,31,3,4020.6,14,2,4022.0,3,3,4022.3,21,1,4022.4,77,3,4022.5,46,3,4022.6,40,2
11483,2026-07-02 10:26:47+05:30,4021.0,1,4049.28,549410,127308.0,148223.0,4100.0,4110.0,4016.1,4092.6,23441425,4501.8,3683.4,4440.0,3288.1,4021.0,43,4,4020.9,9,2,4020.8,25,3,4020.7,31,3,4020.6,14,2,4022.0,3,3,4022.3,21,1,4022.4,77,3,4022.5,46,3,4022.6,40,2
11483,2026-07-02 10:26:47+05:30,4021.0,1,4049.28,549417,127250.0,147986.0,4100.0,4110.0,4016.1,4092.6,23441425,4501.8,3683.4,4440.0,3288.1,4021.0,30,3,4020.9,7,1,4020.8,10,3,4020.7,24,2,4020.6,14,2,4021.9,95,1,4022.0,3,3,4022.3,21,1,4022.4,37,2,4022.5,46,3
11483,2026-07-02 10:26:48+05:30,4021.9,1,4049.28,549417,127250.0,147986.0,4100.0,4110.0,4016.1,4092.6,23441425,4501.8,3683.4,4440.0,3288.1,4021.0,30,3,4020.9,7,1,4020.8,10,3,4020.7,24,2,4020.6,14,2,4021.9,95,1,4022.0,3,3,4022.3,21,1,4022.4,37,2,4022.5,46,3
11483,2026-07-02 10:26:48+05:30,4021.9,1,4049.28,549420,127260.0,148084.0,4100.0,4110.0,4016.1,4092.6,23441425,4501.8,3683.4,4440.0,3288.1,4021.0,30,3,4020.9,7,1,4020.8,10,3,4020.7,24,2,4020.6,14,2,4021.9,93,2,4022.0,102,3,4022.3,21,1,4022.4,37,2,4022.5,79,5
11483,2026-07-02 10:26:49+05:30,4021.9,38,4049.28,549420,127260.0,148084.0,4100.0,4110.0,4016.1,4092.6,23441425,4501.8,3683.4,4440.0,3288.1,4021.0,30,3,4020.9,7,1,4020.8,10,3,4020.7,24,2,4020.6,14,2,4021.9,93,2,4022.0,102,3,4022.3,21,1,4022.4,37,2,4022.5,79,5
11483,2026-07-02 10:26:49+05:30,4022.0,100,4049.27,549615,129547.0,145076.0,4100.0,4110.0,4016.1,4092.6,23441425,4501.8,3683.4,4440.0,3288.1,4022.3,41,3,4022.1,6,1,4021.9,40,2,4021.8,49,4,4021.7,33,2,4022.9,175,1,4023.0,275,3,4023.3,141,2,4023.9,440,6,4024.0,41,2
11483,2026-07-02 10:26:50+05:30,4023.3,100,4049.27,549615,129547.0,145076.0,4100.0,4110.0,4016.1,4092.6,23441425,4501.8,3683.4,4440.0,3288.1,4022.3,41,3,4022.1,6,1,4021.9,40,2,4021.8,49,4,4021.7,33,2,4022.9,175,1,4023.0,275,3,4023.3,141,2,4023.9,440,6,4024.0,41,2
11483,2026-07-02 10:26:50+05:30,4023.2,1,4049.23,550462,130604.0,143355.0,4100.0,4110.0,4016.1,4092.6,23441425,4501.8,3683.4,4440.0,3288.1,4023.2,27,3,4023.1,7,1,4023.0,7,1,4022.8,14,1,4022.7,12,1,4023.9,355,2,4024.0,41,2,4024.5,50,1,4024.8,74,2,4024.9,9,3
11483,2026-07-02 10:26:51+05:30,4023.2,1,4049.23,550462,130604.0,143355.0,4100.0,4110.0,4016.1,4092.6,23441425,4501.8,3683.4,4440.0,3288.1,4023.2,27,3,4023.1,7,1,4023.0,7,1,4022.8,14,1,4022.7,12,1,4023.9,355,2,4024.0,41,2,4024.5,50,1,4024.8,74,2,4024.9,9,3
11483,2026-07-02 10:26:51+05:30,4023.2,1,4049.23,550462,130575.0,143368.0,4100.0,4110.0,4016.1,4092.6,23441425,4501.8,3683.4,4440.0,3288.1,4023.2,27,3,4023.1,7,1,4023.0,7,1,4022.8,14,1,4022.7,12,1,4023.9,363,3,4024.0,41,2,4024.5,50,1,4024.8,74,2,4024.9,9,3
11483,2026-07-02 10:26:52+05:30,4023.2,1,4049.23,550462,130575.0,143368.0,4100.0,4110.0,4016.1,4092.6,23441425,4501.8,3683.4,4440.0,3288.1,4023.2,27,3,4023.1,7,1,4023.0,7,1,4022.8,14,1,4022.7,12,1,4023.9,363,3,4024.0,41,2,4024.5,50,1,4024.8,74,2,4024.9,9,3
11483,2026-07-02 10:26:52+05:30,4023.1,1,4049.23,550464,130769.0,143122.0,4100.0,4110.0,4016.1,4092.6,23441425,4501.8,3683.4,4440.0,3288.1,4023.1,6,1,4023.0,35,3,4022.8,16,2,4022.7,36,2,4022.5,33,2,4023.9,13,2,4024.0,41,2,4024.5,85,2,4024.7,6,1,4024.8,12,1
11483,2026-07-02 10:26:53+05:30,4023.9,1,4049.23,550464,130769.0,143122.0,4100.0,4110.0,4016.1,4092.6,23441425,4501.8,3683.4,4440.0,3288.1,4023.1,6,1,4023.0,35,3,4022.8,16,2,4022.7,36,2,4022.5,33,2,4023.9,13,2,4024.0,41,2,4024.5,85,2,4024.7,6,1,4024.8,12,1
11483,2026-07-02 10:26:53+05:30,4023.9,1,4049.23,550465,130748.0,143279.0,4100.0,4110.0,4016.1,4092.6,23441425,4501.8,3683.4,4440.0,3288.1,4023.1,6,1,4023.0,23,2,4022.8,16,2,4022.7,36,2,4022.5,33,2,4023.9,12,2,4024.0,41,2,4024.5,85,2,4024.8,12,1,4024.9,60,3
11483,2026-07-02 10:26:54+05:30,4023.1,1,4049.23,550465,130748.0,143279.0,4100.0,4110.0,4016.1,4092.6,23441425,4501.8,3683.4,4440.0,3288.1,4023.1,6,1,4023.0,23,2,4022.8,16,2,4022.7,36,2,4022.5,33,2,4023.9,12,2,4024.0,41,2,4024.5,85,2,4024.8,12,1,4024.9,60,3
11483,2026-07-02 10:26:54+05:30,4023.1,2,4049.23,550471,130139.0,143381.0,4100.0,4110.0,4016.1,4092.6,23441425,4501.8,3683.4,4440.0,3288.1,4022.5,31,2,4022.4,10,1,4022.3,24,1,4022.2,2,1,4022.1,21,1,4023.9,15,3,4024.0,41,2,4024.3,6,1,4024.4,34,2,4024.5,122,4
11483,2026-07-02 10:26:55+05:30,4023.1,2,4049.23,550471,130139.0,143381.0,4100.0,4110.0,4016.1,4092.6,23441425,4501.8,3683.4,4440.0,3288.1,4022.5,31,2,4022.4,10,1,4022.3,24,1,4022.2,2,1,4022.1,21,1,4023.9,15,3,4024.0,41,2,4024.3,6,1,4024.4,34,2,4024.5,122,4
11483,2026-07-02 10:26:55+05:30,4023.9,1,4049.23,550472,130289.0,143328.0,4100.0,4110.0,4016.1,4092.6,23441425,4501.8,3683.4,4440.0,3288.1,4022.7,9,1,4022.6,20,2,4022.5,41,3,4022.4,2,1,4022.3,58,2,4023.9,11,2,4024.0,41,2,4024.3,35,1,4024.4,34,2,4024.5,53,2
11483,2026-07-02 10:26:56+05:30,4023.9,2,4049.23,550472,130289.0,143328.0,4100.0,4110.0,4016.1,4092.6,23441425,4501.8,3683.4,4440.0,3288.1,4022.7,9,1,4022.6,20,2,4022.5,41,3,4022.4,2,1,4022.3,58,2,4023.9,11,2,4024.0,41,2,4024.3,35,1,4024.4,34,2,4024.5,53,2
11483,2026-07-02 10:26:56+05:30,4023.8,2,4049.23,550479,130687.0,143600.0,4100.0,4110.0,4016.1,4092.6,23441425,4501.8,3683.4,4440.0,3288.1,4022.8,7,1,4022.7,16,2,4022.6,20,2,4022.5,41,3,4022.4,34,1,4023.8,198,1,4023.9,6,1,4024.0,41,2,4024.3,35,1,4024.4,5,1
11483,2026-07-02 10:26:57+05:30,4023.8,20,4049.23,550479,130687.0,143600.0,4100.0,4110.0,4016.1,4092.6,23441425,4501.8,3683.4,4440.0,3288.1,4022.8,7,1,4022.7,16,2,4022.6,20,2,4022.5,41,3,4022.4,34,1,4023.8,198,1,4023.9,6,1,4024.0,41,2,4024.3,35,1,4024.4,5,1
11483,2026-07-02 10:26:57+05:30,4023.8,20,4049.23,550500,130605.0,143467.0,4100.0,4110.0,4016.1,4092.6,23441425,4501.8,3683.4,4440.0,3288.1,4022.8,15,2,4022.7,16,2,4022.6,32,3,4022.5,24,1,4022.4,2,1,4023.8,182,2,4024.0,41,2,4024.3,35,1,4024.5,50,1,4024.8,25,3
11483,2026-07-02 10:26:58+05:30,4023.8,20,4049.23,550500,130862.0,143505.0,4100.0,4110.0,4016.1,4092.6,23441425,4501.8,3683.4,4440.0,3288.1,4022.8,25,4,4022.7,16,2,4022.6,19,2,4022.5,24,1,4022.4,2,1,4023.8,182,2,4024.0,41,2,4024.3,35,1,4024.5,50,1,4024.8,53,4
11483,2026-07-02 10:26:59+05:30,4024.9,2,4049.23,550500,130862.0,143505.0,4100.0,4110.0,4016.1,4092.6,23441425,4501.8,3683.4,4440.0,3288.1,4022.8,25,4,4022.7,16,2,4022.6,19,2,4022.5,24,1,4022.4,2,1,4023.8,182,2,4024.0,41,2,4024.3,35,1,4024.5,50,1,4024.8,53,4
11483,2026-07-02 10:26:59+05:30,4024.9,2,4049.21,550828,131286.0,142251.0,4100.0,4110.0,4016.1,4092.6,23441425,4501.8,3683.4,4440.0,3288.1,4023.8,7,1,4023.7,7,1,4023.6,15,2,4023.5,8,2,4023.4,36,2,4024.9,1,1,4025.0,586,7,4025.5,17,2,4025.6,56,3,4025.7,12,1
11483,2026-07-02 10:27:00+05:30,4024.7,3,4049.21,550884,130847.0,142823.0,4100.0,4110.0,4016.1,4092.6,23441425,4501.8,3683.4,4440.0,3288.1,4024.0,5,1,4023.8,8,2,4023.3,26,3,4023.1,23,1,4023.0,18,1,4024.7,36,3,4024.8,3,1,4024.9,17,3,4025.0,586,7,4025.1,12,1
11483,2026-07-02 10:27:01+05:30,4024.7,3,4049.21,550884,130847.0,142823.0,4100.0,4110.0,4016.1,4092.6,23441425,4501.8,3683.4,4440.0,3288.1,4024.0,5,1,4023.8,8,2,4023.3,26,3,4023.1,23,1,4023.0,18,1,4024.7,36,3,4024.8,3,1,4024.9,17,3,4025.0,586,7,4025.1,12,1
11483,2026-07-02 10:27:01+05:30,4024.7,3,4049.21,550884,130780.0,143399.0,4100.0,4110.0,4016.1,4092.6,23441425,4501.8,3683.4,4440.0,3288.1,4024.0,5,1,4023.8,1,1,4023.3,10,1,4023.1,23,1,4022.9,24,1,4024.3,52,4,4024.4,27,3,4024.5,48,4,4024.6,19,2,4024.7,33,5
11483,2026-07-02 10:27:03+05:30,4024.1,2,4049.2,551012,130157.0,143929.0,4100.0,4110.0,4016.1,4092.6,23441425,4501.8,3683.4,4440.0,3288.1,4023.3,10,1,4023.0,3,1,4022.7,9,1,4022.5,24,1,4022.0,16,5,4024.0,80,7,4024.1,33,3,4024.2,2,1,4024.3,11,3,4024.4,9,2
11483,2026-07-02 10:27:03+05:30,4024.1,2,4049.2,551012,130157.0,143929.0,4100.0,4110.0,4016.1,4092.6,23441425,4501.8,3683.4,4440.0,3288.1,4023.3,10,1,4023.0,3,1,4022.7,9,1,4022.5,24,1,4022.0,16,5,4024.0,80,7,4024.1,33,3,4024.2,2,1,4024.3,11,3,4024.4,9,2
11483,2026-07-02 10:27:04+05:30,4024.1,2,4049.2,551012,130214.0,144101.0,4100.0,4110.0,4016.1,4092.6,23441425,4501.8,3683.4,4440.0,3288.1,4023.3,10,1,4023.0,3,1,4022.7,9,1,4022.5,24,1,4022.1,2,1,4023.9,61,4,4024.0,29,4,4024.1,21,2,4024.2,14,2,4024.3,3,1
11483,2026-07-02 10:27:04+05:30,4023.9,5,4049.2,551017,130204.0,144127.0,4100.0,4110.0,4016.1,4092.6,23441425,4501.8,3683.4,4440.0,3288.1,4023.3,10,1,4023.0,3,1,4022.7,9,1,4022.5,24,1,4022.1,2,1,4023.9,59,5,4024.0,37,4,4024.1,21,2,4024.2,14,2,4024.3,3,1
11483,2026-07-02 10:27:05+05:30,4023.9,1,4049.2,551017,130204.0,144127.0,4100.0,4110.0,4016.1,4092.6,23441425,4501.8,3683.4,4440.0,3288.1,4023.3,10,1,4023.0,3,1,4022.7,9,1,4022.5,24,1,4022.1,2,1,4023.9,59,5,4024.0,37,4,4024.1,21,2,4024.2,14,2,4024.3,3,1
11483,2026-07-02 10:27:06+05:30,4023.9,1,4049.2,551051,130573.0,143713.0,4100.0,4110.0,4016.1,4092.6,23441425,4501.8,3683.4,4440.0,3288.1,4023.3,10,1,4023.0,3,1,4022.5,24,1,4022.3,6,1,4022.2,2,1,4023.9,25,3,4024.0,18,2,4024.1,21,2,4024.2,28,2,4024.3,3,1
11483,2026-07-02 10:27:06+05:30,4023.9,1,4049.2,551051,130573.0,143713.0,4100.0,4110.0,4016.1,4092.6,23441425,4501.8,3683.4,4440.0,3288.1,4023.3,10,1,4023.0,3,1,4022.5,24,1,4022.3,6,1,4022.2,2,1,4023.9,25,3,4024.0,18,2,4024.1,21,2,4024.2,28,2,4024.3,3,1
11483,2026-07-02 10:27:07+05:30,4023.8,1,4049.2,551060,130506.0,144216.0,4100.0,4110.0,4016.1,4092.6,23441425,4501.8,3683.4,4440.0,3288.1,4023.3,10,1,4023.0,3,1,4022.5,24,1,4022.3,6,1,4022.1,1,1,4023.8,149,1,4023.9,17,1,4024.0,29,3,4024.1,21,2,4024.2,34,3
11483,2026-07-02 10:27:07+05:30,4023.8,7,4049.2,551060,130506.0,144216.0,4100.0,4110.0,4016.1,4092.6,23441425,4501.8,3683.4,4440.0,3288.1,4023.3,10,1,4023.0,3,1,4022.5,24,1,4022.3,6,1,4022.1,1,1,4023.8,149,1,4023.9,17,1,4024.0,29,3,4024.1,21,2,4024.2,34,3
11483,2026-07-02 10:27:08+05:30,4023.8,5,4049.2,551092,130791.0,144186.0,4100.0,4110.0,4016.1,4092.6,23441425,4501.8,3683.4,4440.0,3288.1,4023.3,10,1,4023.0,5,2,4022.5,24,1,4022.4,2,1,4022.3,6,1,4023.8,120,2,4024.1,14,1,4024.2,12,1,4024.3,6,2,4024.4,9,2
11483,2026-07-02 10:27:08+05:30,4023.8,5,4049.2,551092,130791.0,144186.0,4100.0,4110.0,4016.1,4092.6,23441425,4501.8,3683.4,4440.0,3288.1,4023.3,10,1,4023.0,5,2,4022.5,24,1,4022.4,2,1,4022.3,6,1,4023.8,120,2,4024.1,14,1,4024.2,12,1,4024.3,6,2,4024.4,9,2
11483,2026-07-02 10:27:09+05:30,4023.8,10,4049.2,551105,130823.0,144219.0,4100.0,4110.0,4016.1,4092.6,23441425,4501.8,3683.4,4440.0,3288.1,4023.3,10,1,4023.0,5,2,4022.5,24,1,4022.3,6,1,4022.2,26,2,4023.8,107,2,4023.9,44,1,4024.1,14,1,4024.3,12,3,4024.4,9,2
11483,2026-07-02 10:27:09+05:30,4023.8,10,4049.2,551105,130823.0,144219.0,4100.0,4110.0,4016.1,4092.6,23441425,4501.8,3683.4,4440.0,3288.1,4023.3,10,1,4023.0,5,2,4022.5,24,1,4022.3,6,1,4022.2,26,2,4023.8,107,2,4023.9,44,1,4024.1,14,1,4024.3,12,3,4024.4,9,2
11483,2026-07-02 10:27:09+05:30,4023.8,37,4049.19,551199,130898.0,144148.0,4100.0,4110.0,4016.1,4092.6,23441425,4501.8,3683.4,4440.0,3288.1,4023.3,10,1,4023.0,5,2,4022.5,24,1,4022.3,8,2,4022.2,24,1,4023.8,13,2,4023.9,44,1,4024.0,27,1,4024.1,14,1,4024.3,6,2
11483,2026-07-02 10:27:10+05:30,4024.7,41,4049.19,551199,130898.0,144148.0,4100.0,4110.0,4016.1,4092.6,23441425,4501.8,3683.4,4440.0,3288.1,4023.3,10,1,4023.0,5,2,4022.5,24,1,4022.3,8,2,4022.2,24,1,4023.8,13,2,4023.9,44,1,4024.0,27,1,4024.1,14,1,4024.3,6,2
11483,2026-07-02 10:27:11+05:30,4024.7,41,4049.18,551453,130880.0,143807.0,4100.0,4110.0,4016.1,4092.6,23441425,4501.8,3683.4,4440.0,3288.1,4023.4,7,1,4023.3,16,2,4023.0,5,2,4022.6,2,1,4022.5,48,2,4023.8,1,1,4024.3,20,1,4024.4,12,1,4024.5,14,1,4024.7,67,2
11483,2026-07-02 10:27:11+05:30,4023.8,1,4049.18,551453,130880.0,143807.0,4100.0,4110.0,4016.1,4092.6,23441425,4501.8,3683.4,4440.0,3288.1,4023.4,7,1,4023.3,16,2,4023.0,5,2,4022.6,2,1,4022.5,48,2,4023.8,1,1,4024.3,20,1,4024.4,12,1,4024.5,14,1,4024.7,67,2
11483,2026-07-02 10:27:12+05:30,4023.8,1,4049.18,551454,130914.0,143896.0,4100.0,4110.0,4016.1,4092.6,23441425,4501.8,3683.4,4440.0,3288.1,4023.4,7,1,4023.3,16,2,4023.0,5,2,4022.5,24,1,4022.4,2,1,4024.3,20,1,4024.4,28,3,4024.5,154,2,4024.7,67,2,4024.8,122,6
11483,2026-07-02 10:27:12+05:30,4024.3,1,4049.18,551454,130914.0,143896.0,4100.0,4110.0,4016.1,4092.6,23441425,4501.8,3683.4,4440.0,3288.1,4023.4,7,1,4023.3,16,2,4023.0,5,2,4022.5,24,1,4022.4,2,1,4024.3,20,1,4024.4,28,3,4024.5,154,2,4024.7,67,2,4024.8,122,6
11483,2026-07-02 10:27:13+05:30,4024.3,10,4049.18,551475,130931.0,143992.0,4100.0,4110.0,4016.1,4092.6,23441425,4501.8,3683.4,4440.0,3288.1,4023.9,10,1,4023.3,9,1,4023.0,5,2,4022.6,2,1,4022.5,24,1,4024.3,1,1,4024.4,16,2,4024.5,140,1,4024.7,19,1,4024.8,33,3
11483,2026-07-02 10:27:13+05:30,4024.3,10,4049.18,551475,130931.0,143992.0,4100.0,4110.0,4016.1,4092.6,23441425,4501.8,3683.4,4440.0,3288.1,4023.9,10,1,4023.3,9,1,4023.0,5,2,4022.6,2,1,4022.5,24,1,4024.3,1,1,4024.4,16,2,4024.5,140,1,4024.7,19,1,4024.8,33,3
11483,2026-07-02 10:27:14+05:30,4024.5,1,4049.18,551490,130945.0,144383.0,4100.0,4110.0,4016.1,4092.6,23441425,4501.8,3683.4,4440.0,3288.1,4023.4,7,1,4023.3,16,2,4023.0,5,2,4022.6,3,2,4022.5,48,2,4024.5,139,1,4024.7,19,1,4024.8,21,2,4024.9,50,5,4025.0,270,6
11483,2026-07-02 10:27:14+05:30,4024.5,1,4049.18,551490,130945.0,144383.0,4100.0,4110.0,4016.1,4092.6,23441425,4501.8,3683.4,4440.0,3288.1,4023.4,7,1,4023.3,16,2,4023.0,5,2,4022.6,3,2,4022.5,48,2,4024.5,139,1,4024.7,19,1,4024.8,21,2,4024.9,50,5,4025.0,270,6
11483,2026-07-02 10:27:15+05:30,4024.5,60,4049.18,551590,130957.0,144468.0,4100.0,4110.0,4016.1,4092.6,23441425,4501.8,3683.4,4440.0,3288.1,4023.3,4,1,4023.0,5,2,4022.7,5,1,4022.6,2,1,4022.5,48,2,4024.5,83,3,4024.6,12,1,4024.7,67,2,4024.8,50,3,4024.9,98,6
11483,2026-07-02 10:27:15+05:30,4024.5,60,4049.18,551590,130957.0,144468.0,4100.0,4110.0,4016.1,4092.6,23441425,4501.8,3683.4,4440.0,3288.1,4023.3,4,1,4023.0,5,2,4022.7,5,1,4022.6,2,1,4022.5,48,2,4024.5,83,3,4024.6,12,1,4024.7,67,2,4024.8,50,3,4024.9,98,6
11483,2026-07-02 10:27:16+05:30,4024.5,3,4049.17,551613,131024.0,144280.0,4100.0,4110.0,4016.1,4092.6,23441425,4501.8,3683.4,4440.0,3288.1,4024.3,7,1,4023.8,8,1,4023.0,5,2,4022.8,2,1,4022.7,5,1,4024.5,39,2,4024.7,19,1,4024.8,18,1,4024.9,34,5,4025.0,256,6
11483,2026-07-02 10:27:16+05:30,4024.5,3,4049.17,551613,131024.0,144280.0,4100.0,4110.0,4016.1,4092.6,23441425,4501.8,3683.4,4440.0,3288.1,4024.3,7,1,4023.8,8,1,4023.0,5,2,4022.8,2,1,4022.7,5,1,4024.5,39,2,4024.7,19,1,4024.8,18,1,4024.9,34,5,4025.0,256,6
11483,2026-07-02 10:27:17+05:30,4024.5,10,4049.17,551613,131024.0,144280.0,4100.0,4110.0,4016.1,4092.6,23441425,4501.8,3683.4,4440.0,3288.1,4024.3,7,1,4023.8,8,1,4023.0,5,2,4022.8,2,1,4022.7,5,1,4024.5,39,2,4024.7,19,1,4024.8,18,1,4024.9,34,5,4025.0,256,6
11483,2026-07-02 10:27:17+05:30,4024.5,10,4049.17,551624,131083.0,144243.0,4100.0,4110.0,4016.1,4092.6,23441425,4501.8,3683.4,4440.0,3288.1,4024.3,7,1,4023.8,8,1,4023.0,5,2,4022.8,2,1,4022.7,5,1,4024.5,28,2,4024.6,4,1,4024.7,19,1,4024.8,18,1,4024.9,34,5
11483,2026-07-02 10:27:18+05:30,4024.5,10,4049.17,551624,131097.0,144255.0,4100.0,4110.0,4016.1,4092.6,23441425,4501.8,3683.4,4440.0,3288.1,4024.3,7,1,4023.8,14,2,4023.0,5,2,4022.8,2,1,4022.7,5,1,4024.5,28,2,4024.7,31,2,4024.8,18,1,4024.9,34,5,4025.0,256,6
11483,2026-07-02 10:27:19+05:30,4024.3,7,4049.17,551624,131097.0,144255.0,4100.0,4110.0,4016.1,4092.6,23441425,4501.8,3683.4,4440.0,3288.1,4024.3,7,1,4023.8,14,2,4023.0,5,2,4022.8,2,1,4022.7,5,1,4024.5,28,2,4024.7,31,2,4024.8,18,1,4024.9,34,5,4025.0,256,6
11483,2026-07-02 10:27:19+05:30,4024.3,7,4049.17,551631,131216.0,144158.0,4100.0,4110.0,4016.1,4092.6,23441425,4501.8,3683.4,4440.0,3288.1,4023.8,14,2,4023.0,44,4,4022.9,16,1,4022.8,24,1,4022.7,24,3,4024.3,28,1,4024.5,28,2,4024.7,19,1,4024.8,18,1,4024.9,32,4
11483,2026-07-02 10:27:19+05:30,4024.3,7,4049.17,551631,131216.0,144158.0,4100.0,4110.0,4016.1,4092.6,23441425,4501.8,3683.4,4440.0,3288.1,4023.8,14,2,4023.0,44,4,4022.9,16,1,4022.8,24,1,4022.7,24,3,4024.3,28,1,4024.5,28,2,4024.7,19,1,4024.8,18,1,4024.9,32,4
11483,2026-07-02 10:27:20+05:30,4024.3,7,4049.17,551631,131235.0,144130.0,4100.0,4110.0,4016.1,4092.6,23441425,4501.8,3683.4,4440.0,3288.1,4023.8,14,2,4023.0,13,3,4022.9,18,2,4022.8,24,1,4022.7,24,3,4024.3,29,2,4024.5,25,1,4024.7,19,1,4024.8,18,1,4024.9,23,3
11483,2026-07-02 10:27:20+05:30,4024.3,7,4049.17,551631,131235.0,144130.0,4100.0,4110.0,4016.1,4092.6,23441425,4501.8,3683.4,4440.0,3288.1,4023.8,14,2,4023.0,13,3,4022.9,18,2,4022.8,24,1,4022.7,24,3,4024.3,29,2,4024.5,25,1,4024.7,19,1,4024.8,18,1,4024.9,23,3
11483,2026-07-02 10:27:21+05:30,4024.5,10,4049.17,551631,131235.0,144130.0,4100.0,4110.0,4016.1,4092.6,23441425,4501.8,3683.4,4440.0,3288.1,4023.8,14,2,4023.0,13,3,4022.9,18,2,4022.8,24,1,4022.7,24,3,4024.3,29,2,4024.5,25,1,4024.7,19,1,4024.8,18,1,4024.9,23,3
11483,2026-07-02 10:27:21+05:30,4024.5,10,4049.17,551631,131235.0,144130.0,4100.0,4110.0,4016.1,4092.6,23441425,4501.8,3683.4,4440.0,3288.1,4023.8,14,2,4023.0,13,3,4022.9,18,2,4022.8,24,1,4022.7,24,3,4024.3,29,2,4024.5,25,1,4024.7,19,1,4024.8,18,1,4024.9,23,3
11483,2026-07-02 10:27:21+05:30,4024.5,10,4049.17,551681,131255.0,144056.0,4100.0,4110.0,4016.1,4092.6,23441425,4501.8,3683.4,4440.0,3288.1,4023.9,14,2,4023.8,28,4,4023.1,2,1,4023.0,40,4,4022.9,16,1,4024.3,1,1,4024.5,5,1,4024.8,18,1,4024.9,23,3,4025.0,256,6
11483,2026-07-02 10:27:21+05:30,4024.5,10,4049.17,551681,131255.0,144056.0,4100.0,4110.0,4016.1,4092.6,23441425,4501.8,3683.4,4440.0,3288.1,4023.9,14,2,4023.8,28,4,4023.1,2,1,4023.0,40,4,4022.9,16,1,4024.3,1,1,4024.5,5,1,4024.8,18,1,4024.9,23,3,4025.0,256,6
11483,2026-07-02 10:27:22+05:30,4024.5,10,4049.17,551681,131255.0,144056.0,4100.0,4110.0,4016.1,4092.6,23441425,4501.8,3683.4,4440.0,3288.1,4023.9,14,2,4023.8,28,4,4023.1,2,1,4023.0,40,4,4022.9,16,1,4024.3,1,1,4024.5,5,1,4024.8,18,1,4024.9,23,3,4025.0,256,6
11483,2026-07-02 10:27:22+05:30,4024.3,1,4049.17,551682,131488.0,144180.0,4100.0,4110.0,4016.1,4092.6,23441425,4501.8,3683.4,4440.0,3288.1,4024.1,17,2,4024.0,42,2,4023.9,31,3,4023.8,54,6,4023.3,2,1,4024.5,5,1,4024.8,35,1,4024.9,6,2,4025.0,256,6,4025.3,21,1
11483,2026-07-02 10:27:22+05:30,4024.3,1,4049.17,551682,131488.0,144180.0,4100.0,4110.0,4016.1,4092.6,23441425,4501.8,3683.4,4440.0,3288.1,4024.1,17,2,4024.0,42,2,4023.9,31,3,4023.8,54,6,4023.3,2,1,4024.5,5,1,4024.8,35,1,4024.9,6,2,4025.0,256,6,4025.3,21,1
11483,2026-07-02 10:27:23+05:30,4024.3,1,4049.17,551682,131488.0,144180.0,4100.0,4110.0,4016.1,4092.6,23460325,4501.8,3683.4,4440.0,3288.1,4024.1,17,2,4024.0,42,2,4023.9,31,3,4023.8,54,6,4023.3,2,1,4024.5,5,1,4024.8,35,1,4024.9,6,2,4025.0,256,6,4025.3,21,1
11483,2026-07-02 10:27:23+05:30,4024.8,2,4049.17,551682,131488.0,144180.0,4100.0,4110.0,4016.1,4092.6,23460325,4501.8,3683.4,4440.0,3288.1,4024.1,17,2,4024.0,42,2,4023.9,31,3,4023.8,54,6,4023.3,2,1,4024.5,5,1,4024.8,35,1,4024.9,6,2,4025.0,256,6,4025.3,21,1
11483,2026-07-02 10:27:23+05:30,4024.8,2,4049.17,551682,131488.0,144180.0,4100.0,4110.0,4016.1,4092.6,23460325,4501.8,3683.4,4440.0,3288.1,4024.1,17,2,4024.0,42,2,4023.9,31,3,4023.8,54,6,4023.3,2,1,4024.5,5,1,4024.8,35,1,4024.9,6,2,4025.0,256,6,4025.3,21,1
11483,2026-07-02 10:27:23+05:30,4024.8,2,4049.17,551690,131610.0,144059.0,4100.0,4110.0,4016.1,4092.6,23460325,4501.8,3683.4,4440.0,3288.1,4024.2,7,1,4024.1,33,4,4024.0,142,3,4023.9,24,3,4023.8,40,4,4024.8,33,1,4024.9,6,2,4025.0,256,6,4025.7,12,1,4025.8,1,1
11483,2026-07-02 10:27:23+05:30,4024.8,2,4049.17,551690,131610.0,144059.0,4100.0,4110.0,4016.1,4092.6,23460325,4501.8,3683.4,4440.0,3288.1,4024.2,7,1,4024.1,33,4,4024.0,142,3,4023.9,24,3,4023.8,40,4,4024.8,33,1,4024.9,6,2,4025.0,256,6,4025.7,12,1,4025.8,1,1
11483,2026-07-02 10:27:24+05:30,4024.8,2,4049.17,551690,131610.0,144059.0,4100.0,4110.0,4016.1,4092.6,23460325,4501.8,3683.4,4440.0,3288.1,4024.2,7,1,4024.1,33,4,4024.0,142,3,4023.9,24,3,4023.8,40,4,4024.8,33,1,4024.9,6,2,4025.0,256,6,4025.7,12,1,4025.8,1,1
11483,2026-07-02 10:27:24+05:30,4025.0,10,4049.17,551690,131610.0,144059.0,4100.0,4110.0,4016.1,4092.6,23460325,4501.8,3683.4,4440.0,3288.1,4024.2,7,1,4024.1,33,4,4024.0,142,3,4023.9,24,3,4023.8,40,4,4024.8,33,1,4024.9,6,2,4025.0,256,6,4025.7,12,1,4025.8,1,1
11483,2026-07-02 10:27:24+05:30,4025.0,10,4049.17,551690,131610.0,144059.0,4100.0,4110.0,4016.1,4092.6,23460325,4501.8,3683.4,4440.0,3288.1,4024.2,7,1,4024.1,33,4,4024.0,142,3,4023.9,24,3,4023.8,40,4,4024.8,33,1,4024.9,6,2,4025.0,256,6,4025.7,12,1,4025.8,1,1
11483,2026-07-02 10:27:24+05:30,4025.0,10,4049.16,551986,132516.0,143174.0,4100.0,4110.0,4016.1,4092.6,23460325,4501.8,3683.4,4440.0,3288.1,4025.1,7,1,4025.0,3,1,4024.9,37,5,4024.8,19,3,4024.7,12,2,4025.8,1,1,4025.9,69,3,4026.0,225,6,4026.3,12,1,4026.4,22,2
11483,2026-07-02 10:27:24+05:30,4025.0,10,4049.16,551986,132516.0,143174.0,4100.0,4110.0,4016.1,4092.6,23460325,4501.8,3683.4,4440.0,3288.1,4025.1,7,1,4025.0,3,1,4024.9,37,5,4024.8,19,3,4024.7,12,2,4025.8,1,1,4025.9,69,3,4026.0,225,6,4026.3,12,1,4026.4,22,2
11483,2026-07-02 10:27:25+05:30,4024.9,1,4049.16,552011,132428.0,143286.0,4100.0,4110.0,4016.1,4092.6,23460325,4501.8,3683.4,4440.0,3288.1,4025.1,7,1,4025.0,17,3,4024.9,20,3,4024.8,19,3,4024.7,12,2,4025.8,2,2,4025.9,69,3,4026.0,225,6,4026.3,12,1,4026.4,22,2
11483,2026-07-02 10:27:26+05:30,4025.9,6,4049.16,552011,132428.0,143286.0,4100.0,4110.0,4016.1,4092.6,23460325,4501.8,3683.4,4440.0,3288.1,4025.1,7,1,4025.0,17,3,4024.9,20,3,4024.8,19,3,4024.7,12,2,4025.8,2,2,4025.9,69,3,4026.0,225,6,4026.3,12,1,4026.4,22,2
11483,2026-07-02 10:27:26+05:30,4025.8,1,4049.16,552038,132842.0,142655.0,4100.0,4110.0,4016.1,4092.6,23460325,4501.8,3683.4,4440.0,3288.1,4025.8,1,1,4025.3,29,1,4025.2,4,2,4025.1,39,4,4024.9,24,2,4025.9,9,1,4026.0,217,5,4026.5,7,1,4026.8,4,1,4026.9,12,1
11483,2026-07-02 10:27:27+05:30,4025.8,1,4049.16,552038,132842.0,142655.0,4100.0,4110.0,4016.1,4092.6,23460325,4501.8,3683.4,4440.0,3288.1,4025.8,1,1,4025.3,29,1,4025.2,4,2,4025.1,39,4,4024.9,24,2,4025.9,9,1,4026.0,217,5,4026.5,7,1,4026.8,4,1,4026.9,12,1
11483,2026-07-02 10:27:27+05:30,4024.0,4,4049.15,552147,131809.0,143307.0,4100.0,4110.0,4016.1,4092.6,23460325,4501.8,3683.4,4440.0,3288.1,4024.3,7,1,4024.1,27,3,4024.0,110,3,4023.8,39,4,4023.6,35,2,4025.7,11,1,4025.8,52,3,4025.9,31,3,4026.0,272,8,4026.2,51,3
11483,2026-07-02 10:27:28+05:30,4024.0,4,4049.15,552147,131809.0,143307.0,4100.0,4110.0,4016.1,4092.6,23460325,4501.8,3683.4,4440.0,3288.1,4024.3,7,1,4024.1,27,3,4024.0,110,3,4023.8,39,4,4023.6,35,2,4025.7,11,1,4025.8,52,3,4025.9,31,3,4026.0,272,8,4026.2,51,3
11483,2026-07-02 10:27:28+05:30,4025.9,6,4049.15,552162,132490.0,143365.0,4100.0,4110.0,4016.1,4092.6,23460325,4501.8,3683.4,4440.0,3288.1,4024.7,10,2,4024.6,17,3,4024.5,85,5,4024.4,37,3,4024.3,36,3,4025.9,2,1,4026.0,237,7,4026.3,14,2,4026.5,31,3,4026.6,17,2
11483,2026-07-02 10:27:29+05:30,4025.9,6,4049.15,552162,132490.0,143365.0,4100.0,4110.0,4016.1,4092.6,23460325,4501.8,3683.4,4440.0,3288.1,4024.7,10,2,4024.6,17,3,4024.5,85,5,4024.4,37,3,4024.3,36,3,4025.9,2,1,4026.0,237,7,4026.3,14,2,4026.5,31,3,4026.6,17,2
11483,2026-07-02 10:27:30+05:30,4024.7,1,4049.15,552163,132461.0,143471.0,4100.0,4110.0,4016.1,4092.6,23460325,4501.8,3683.4,4440.0,3288.1,4024.7,6,1,4024.6,14,2,4024.5,66,4,4024.4,10,2,4024.3,17,3,4025.8,11,1,4025.9,21,3,4026.0,249,8,4026.2,22,1,4026.3,26,3
11483,2026-07-02 10:27:30+05:30,4024.7,1,4049.15,552163,132461.0,143471.0,4100.0,4110.0,4016.1,4092.6,23460325,4501.8,3683.4,4440.0,3288.1,4024.7,6,1,4024.6,14,2,4024.5,66,4,4024.4,10,2,4024.3,17,3,4025.8,11,1,4025.9,21,3,4026.0,249,8,4026.2,22,1,4026.3,26,3
11483,2026-07-02 10:27:31+05:30,4025.9,1,4049.15,552175,132393.0,143395.0,4100.0,4110.0,4016.1,4092.6,23460325,4501.8,3683.4,4440.0,3288.1,4024.6,14,2,4024.5,97,6,4024.4,3,1,4024.3,17,3,4024.2,7,1,4025.9,1,1,4026.0,237,7,4026.3,14,2,4026.5,55,4,4026.6,17,2
11483,2026-07-02 10:27:31+05:30,4024.6,1,4049.15,552175,132393.0,143395.0,4100.0,4110.0,4016.1,4092.6,23460325,4501.8,3683.4,4440.0,3288.1,4024.6,14,2,4024.5,97,6,4024.4,3,1,4024.3,17,3,4024.2,7,1,4025.9,1,1,4026.0,237,7,4026.3,14,2,4026.5,55,4,4026.6,17,2
11483,2026-07-02 10:27:32+05:30,4026.0,80,4049.14,552296,132455.0,143238.0,4100.0,4110.0,4016.1,4092.6,23460325,4501.8,3683.4,4440.0,3288.1,4024.8,14,2,4024.7,18,3,4024.6,26,4,4024.5,104,7,4024.4,3,1,4025.8,1,1,4026.0,119,3,4026.3,2,1,4026.5,31,3,4026.6,17,2
11483,2026-07-02 10:27:32+05:30,4024.8,1,4049.14,552296,132455.0,143238.0,4100.0,4110.0,4016.1,4092.6,23460325,4501.8,3683.4,4440.0,3288.1,4024.8,14,2,4024.7,18,3,4024.6,26,4,4024.5,104,7,4024.4,3,1,4025.8,1,1,4026.0,119,3,4026.3,2,1,4026.5,31,3,4026.6,17,2
11483,2026-07-02 10:27:33+05:30,4025.8,1,4049.14,552298,131363.0,141562.0,4100.0,4110.0,4016.1,4092.6,23460325,4501.8,3683.4,4440.0,3288.1,4025.1,7,1,4025.0,14,2,4024.9,7,1,4024.8,31,6,4024.7,19,2,4025.8,1,1,4026.0,114,2,4026.3,13,1,4026.5,7,1,4026.6,12,1
11483,2026-07-02 10:27:33+05:30,4025.1,1,4049.14,552298,131363.0,141562.0,4100.0,4110.0,4016.1,4092.6,23460325,4501.8,3683.4,4440.0,3288.1,4025.1,7,1,4025.0,14,2,4024.9,7,1,4024.8,31,6,4024.7,19,2,4025.8,1,1,4026.0,114,2,4026.3,13,1,4026.5,7,1,4026.6,12,1
11483,2026-07-02 10:27:34+05:30,4026.0,5,4049.14,552434,131845.0,141959.0,4100.0,4110.0,4016.1,4092.6,23460325,4501.8,3683.4,4440.0,3288.1,4024.9,7,1,4024.8,10,2,4024.5,53,3,4024.3,39,4,4024.1,36,2,4026.0,63,6,4026.2,6,2,4026.3,12,1,4026.4,30,2,4026.5,16,2
11483,2026-07-02 10:27:34+05:30,4026.0,5,4049.14,552434,131845.0,141959.0,4100.0,4110.0,4016.1,4092.6,23460325,4501.8,3683.4,4440.0,3288.1,4024.9,7,1,4024.8,10,2,4024.5,53,3,4024.3,39,4,4024.1,36,2,4026.0,63,6,4026.2,6,2,4026.3,12,1,4026.4,30,2,4026.5,16,2
11483,2026-07-02 10:27:35+05:30,4025.8,1,4049.14,552460,131735.0,142148.0,4100.0,4110.0,4016.1,4092.6,23460325,4501.8,3683.4,4440.0,3288.1,4024.9,7,1,4024.8,17,3,4024.5,52,2,4024.3,41,4,4024.1,13,1,4026.0,60,7,4026.2,11,3,4026.3,25,2,4026.4,30,2,4026.5,16,2
11483,2026-07-02 10:27:35+05:30,4025.8,1,4049.14,552460,131735.0,142148.0,4100.0,4110.0,4016.1,4092.6,23460325,4501.8,3683.4,4440.0,3288.1,4024.9,7,1,4024.8,17,3,4024.5,52,2,4024.3,41,4,4024.1,13,1,4026.0,60,7,4026.2,11,3,4026.3,25,2,4026.4,30,2,4026.5,16,2
11483,2026-07-02 10:27:36+05:30,4026.0,3,4049.14,552467,131904.0,142157.0,4100.0,4110.0,4016.1,4092.6,23460325,4501.8,3683.4,4440.0,3288.1,4024.9,6,1,4024.8,10,2,4024.5,52,2,4024.3,17,3,4024.2,2,1,4026.0,69,7,4026.2,54,3,4026.3,25,2,4026.4,30,2,4026.5,16,2
11483,2026-07-02 10:27:36+05:30,4026.0,3,4049.14,552467,131904.0,142157.0,4100.0,4110.0,4016.1,4092.6,23460325,4501.8,3683.4,4440.0,3288.1,4024.9,6,1,4024.8,10,2,4024.5,52,2,4024.3,17,3,4024.2,2,1,4026.0,69,7,4026.2,54,3,4026.3,25,2,4026.4,30,2,4026.5,16,2
11483,2026-07-02 10:27:37+05:30,4024.9,1,4049.14,552518,131924.0,142156.0,4100.0,4110.0,4016.1,4092.6,23460325,4501.8,3683.4,4440.0,3288.1,4024.9,5,1,4024.8,17,3,4024.5,52,2,4024.3,41,4,4024.1,36,2,4026.0,55,5,4026.2,54,3,4026.3,25,2,4026.4,30,2,4026.5,29,3
11483,2026-07-02 10:27:37+05:30,4024.9,1,4049.14,552518,131924.0,142156.0,4100.0,4110.0,4016.1,4092.6,23460325,4501.8,3683.4,4440.0,3288.1,4024.9,5,1,4024.8,17,3,4024.5,52,2,4024.3,41,4,4024.1,36,2,4026.0,55,5,4026.2,54,3,4026.3,25,2,4026.4,30,2,4026.5,29,3
11483,2026-07-02 10:27:38+05:30,4024.9,1,4049.13,552524,131878.0,142224.0,4100.0,4110.0,4016.1,4092.6,23460325,4501.8,3683.4,4440.0,3288.1,4024.9,4,1,4024.8,10,2,4024.5,52,2,4024.3,41,4,4024.1,13,1,4025.9,5,1,4026.0,70,7,4026.2,54,3,4026.3,25,2,4026.4,30,2
11483,2026-07-02 10:27:38+05:30,4024.9,1,4049.13,552524,131878.0,142224.0,4100.0,4110.0,4016.1,4092.6,23460325,4501.8,3683.4,4440.0,3288.1,4024.9,4,1,4024.8,10,2,4024.5,52,2,4024.3,41,4,4024.1,13,1,4025.9,5,1,4026.0,70,7,4026.2,54,3,4026.3,25,2,4026.4,30,2
11483,2026-07-02 10:27:39+05:30,4023.5,1,4049.11,553030,129753.0,143738.0,4100.0,4110.0,4016.1,4092.6,23460325,4501.8,3683.4,4440.0,3288.1,4023.5,6,1,4023.4,26,2,4023.3,14,2,4023.2,22,3,4023.0,8,1,4025.0,83,7,4025.1,40,5,4025.2,62,2,4025.3,84,5,4025.4,22,2
11483,2026-07-02 10:27:39+05:30,4023.5,1,4049.11,553030,129753.0,143738.0,4100.0,4110.0,4016.1,4092.6,23460325,4501.8,3683.4,4440.0,3288.1,4023.5,6,1,4023.4,26,2,4023.3,14,2,4023.2,22,3,4023.0,8,1,4025.0,83,7,4025.1,40,5,4025.2,62,2,4025.3,84,5,4025.4,22,2
11483,2026-07-02 10:27:40+05:30,4024.0,1,4049.09,553532,130667.0,143455.0,4100.0,4110.0,4016.1,4092.6,23460325,4501.8,3683.4,4440.0,3288.1,4024.0,24,1,4023.4,19,1,4023.2,8,1,4023.0,10,2,4022.9,25,2,4024.8,1,1,4024.9,108,4,4025.0,13,1,4025.2,5,1,4025.3,18,1
11483,2026-07-02 10:27:40+05:30,4024.0,1,4049.09,553532,130667.0,143455.0,4100.0,4110.0,4016.1,4092.6,23460325,4501.8,3683.4,4440.0,3288.1,4024.0,24,1,4023.4,19,1,4023.2,8,1,4023.0,10,2,4022.9,25,2,4024.8,1,1,4024.9,108,4,4025.0,13,1,4025.2,5,1,4025.3,18,1
11483,2026-07-02 10:27:41+05:30,4024.0,1,4049.08,553735,129650.0,143656.0,4100.0,4110.0,4016.1,4092.6,23460325,4501.8,3683.4,4440.0,3288.1,4024.0,23,1,4022.8,123,1,4022.5,37,2,4022.2,12,1,4022.1,26,3,4024.8,67,6,4024.9,73,4,4025.0,110,6,4025.1,89,4,4025.2,88,5
11483,2026-07-02 10:27:41+05:30,4024.0,1,4049.08,553735,129650.0,143656.0,4100.0,4110.0,4016.1,4092.6,23460325,4501.8,3683.4,4440.0,3288.1,4024.0,23,1,4022.8,123,1,4022.5,37,2,4022.2,12,1,4022.1,26,3,4024.8,67,6,4024.9,73,4,4025.0,110,6,4025.1,89,4,4025.2,88,5
11483,2026-07-02 10:27:42+05:30,4023.1,1,4049.08,553735,129650.0,143656.0,4100.0,4110.0,4016.1,4092.6,23460325,4501.8,3683.4,4440.0,3288.1,4024.0,23,1,4022.8,123,1,4022.5,37,2,4022.2,12,1,4022.1,26,3,4024.8,67,6,4024.9,73,4,4025.0,110,6,4025.1,89,4,4025.2,88,5
11483,2026-07-02 10:27:42+05:30,4023.1,1,4049.07,553937,130364.0,144069.0,4100.0,4110.0,4016.1,4092.6,23460325,4501.8,3683.4,4440.0,3288.1,4023.1,6,1,4022.9,17,3,4022.8,130,2,4022.5,24,1,4022.4,18,1,4024.6,86,6,4024.7,63,3,4024.8,112,6,4024.9,83,4,4025.0,97,6
11483,2026-07-02 10:27:43+05:30,4023.1,1,4049.07,553970,130402.0,143955.0,4100.0,4110.0,4016.1,4092.6,23460325,4501.8,3683.4,4440.0,3288.1,4023.1,8,2,4022.9,41,4,4022.8,130,2,4022.5,26,2,4022.4,18,1,4024.6,56,5,4024.7,13,2,4024.8,34,3,4024.9,83,4,4025.0,92,5
11483,2026-07-02 10:27:43+05:30,4023.1,1,4049.07,553970,130402.0,143955.0,4100.0,4110.0,4016.1,4092.6,23460325,4501.8,3683.4,4440.0,3288.1,4023.1,8,2,4022.9,41,4,4022.8,130,2,4022.5,26,2,4022.4,18,1,4024.6,56,5,4024.7,13,2,4024.8,34,3,4024.9,83,4,4025.0,92,5
11483,2026-07-02 10:27:44+05:30,4023.3,1,4049.07,553970,130402.0,143955.0,4100.0,4110.0,4016.1,4092.6,23460325,4501.8,3683.4,4440.0,3288.1,4023.1,8,2,4022.9,41,4,4022.8,130,2,4022.5,26,2,4022.4,18,1,4024.6,56,5,4024.7,13,2,4024.8,34,3,4024.9,83,4,4025.0,92,5
11483,2026-07-02 10:27:44+05:30,4023.3,1,4049.07,553971,130488.0,144345.0,4100.0,4110.0,4016.1,4092.6,23460325,4501.8,3683.4,4440.0,3288.1,4023.2,12,2,4023.1,37,5,4022.9,10,2,4022.8,147,2,4022.7,20,1,4024.0,50,1,4024.6,27,4,4024.7,6,1,4025.0,22,1,4025.1,48,3
11483,2026-07-02 10:27:45+05:30,4023.3,1,4049.07,553971,130488.0,144345.0,4100.0,4110.0,4016.1,4092.6,23460325,4501.8,3683.4,4440.0,3288.1,4023.2,12,2,4023.1,37,5,4022.9,10,2,4022.8,147,2,4022.7,20,1,4024.0,50,1,4024.6,27,4,4024.7,6,1,4025.0,22,1,4025.1,48,3
11483,2026-07-02 10:27:45+05:30,4023.3,1,4049.07,553986,130542.0,144287.0,4100.0,4110.0,4016.1,4092.6,23460325,4501.8,3683.4,4440.0,3288.1,4023.3,6,1,4023.2,10,2,4023.1,20,3,4023.0,11,1,4022.9,15,2,4024.0,37,2,4024.6,21,2,4024.7,6,1,4025.0,22,1,4025.1,58,3
11483,2026-07-02 10:27:46+05:30,4023.3,1,4049.07,553986,130542.0,144287.0,4100.0,4110.0,4016.1,4092.6,23460325,4501.8,3683.4,4440.0,3288.1,4023.3,6,1,4023.2,10,2,4023.1,20,3,4023.0,11,1,4022.9,15,2,4024.0,37,2,4024.6,21,2,4024.7,6,1,4025.0,22,1,4025.1,58,3
11483,2026-07-02 10:27:46+05:30,4023.6,7,4049.07,554025,130391.0,144838.0,4100.0,4110.0,4016.1,4092.6,23460325,4501.8,3683.4,4440.0,3288.1,4023.3,4,1,4023.1,1,1,4022.8,123,1,4022.4,18,1,4022.3,2,1,4023.6,8,1,4023.7,42,1,4023.8,43,2,4024.0,115,7,4024.1,12,1
11483,2026-07-02 10:27:47+05:30,4023.3,1,4049.07,554025,130391.0,144838.0,4100.0,4110.0,4016.1,4092.6,23460325,4501.8,3683.4,4440.0,3288.1,4023.3,4,1,4023.1,1,1,4022.8,123,1,4022.4,18,1,4022.3,2,1,4023.6,8,1,4023.7,42,1,4023.8,43,2,4024.0,115,7,4024.1,12,1
11483,2026-07-02 10:27:47+05:30,4023.1,1,4049.07,554031,130393.0,144979.0,4100.0,4110.0,4016.1,4092.6,23460325,4501.8,3683.4,4440.0,3288.1,4022.8,123,1,4022.4,18,1,4022.2,20,1,4022.1,25,2,4022.0,343,6,4023.3,4,1,4023.5,83,2,4023.7,42,1,4023.8,1,1,4023.9,42,1
11483,2026-07-02 10:27:48+05:30,4023.0,1,4049.07,554031,130393.0,144979.0,4100.0,4110.0,4016.1,4092.6,23460325,4501.8,3683.4,4440.0,3288.1,4022.8,123,1,4022.4,18,1,4022.2,20,1,4022.1,25,2,4022.0,343,6,4023.3,4,1,4023.5,83,2,4023.7,42,1,4023.8,1,1,4023.9,42,1
11483,2026-07-02 10:27:48+05:30,4023.0,1,4049.07,554034,130390.0,144916.0,4100.0,4110.0,4016.1,4092.6,23460325,4501.8,3683.4,4440.0,3288.1,4023.0,29,2,4022.8,123,1,4022.4,18,1,4022.2,20,1,4022.1,27,3,4023.1,2,1,4023.3,49,2,4023.5,83,2,4023.7,42,1,4023.8,1,1
11483,2026-07-02 10:27:49+05:30,4023.0,1,4049.07,554034,130390.0,144916.0,4100.0,4110.0,4016.1,4092.6,23460325,4501.8,3683.4,4440.0,3288.1,4023.0,29,2,4022.8,123,1,4022.4,18,1,4022.2,20,1,4022.1,27,3,4023.1,2,1,4023.3,49,2,4023.5,83,2,4023.7,42,1,4023.8,1,1
11483,2026-07-02 10:27:49+05:30,4023.0,1,4049.07,554035,130483.0,144678.0,4100.0,4110.0,4016.1,4092.6,23460325,4501.8,3683.4,4440.0,3288.1,4023.1,1,1,4023.0,69,4,4022.8,123,1,4022.4,18,1,4022.2,20,1,4023.2,42,1,4023.3,7,1,4023.4,42,1,4023.5,41,1,4023.6,42,1
11483,2026-07-02 10:27:50+05:30,4023.0,1,4049.07,554035,130483.0,144678.0,4100.0,4110.0,4016.1,4092.6,23460325,4501.8,3683.4,4440.0,3288.1,4023.1,1,1,4023.0,69,4,4022.8,123,1,4022.4,18,1,4022.2,20,1,4023.2,42,1,4023.3,7,1,4023.4,42,1,4023.5,41,1,4023.6,42,1
11483,2026-07-02 10:27:50+05:30,4023.0,1,4049.07,554040,130501.0,144640.0,4100.0,4110.0,4016.1,4092.6,23460325,4501.8,3683.4,4440.0,3288.1,4023.0,66,4,4022.8,123,1,4022.4,18,1,4022.2,22,2,4022.1,25,2,4023.2,48,2,4023.4,42,1,4023.5,41,1,4023.6,42,1,4023.8,1,1
11483,2026-07-02 10:27:51+05:30,4022.8,1,4049.07,554040,130501.0,144640.0,4100.0,4110.0,4016.1,4092.6,23460325,4501.8,3683.4,4440.0,3288.1,4023.0,66,4,4022.8,123,1,4022.4,18,1,4022.2,22,2,4022.1,25,2,4023.2,48,2,4023.4,42,1,4023.5,41,1,4023.6,42,1,4023.8,1,1
11483,2026-07-02 10:27:51+05:30,4022.8,1,4049.06,554107,130545.0,144719.0,4100.0,4110.0,4016.1,4092.6,23460325,4501.8,3683.4,4440.0,3288.1,4022.8,122,1,4022.4,18,1,4022.2,22,2,4022.1,25,2,4022.0,343,6,4023.0,15,1,4023.2,48,2,4023.4,42,1,4023.5,41,1,4023.6,42,1
11483,2026-07-02 10:27:52+05:30,4022.8,1,4049.06,554107,130545.0,144719.0,4100.0,4110.0,4016.1,4092.6,23460325,4501.8,3683.4,4440.0,3288.1,4022.8,122,1,4022.4,18,1,4022.2,22,2,4022.1,25,2,4022.0,343,6,4023.0,15,1,4023.2,48,2,4023.4,42,1,4023.5,41,1,4023.6,42,1
11483,2026-07-02 10:27:52+05:30,4022.8,1,4049.06,554123,130543.0,144847.0,4100.0,4110.0,4016.1,4092.6,23460325,4501.8,3683.4,4440.0,3288.1,4022.8,106,1,4022.5,8,2,4022.4,9,2,4022.3,2,1,4022.2,20,1,4023.0,1,1,4023.2,83,2,4023.4,77,2,4023.5,41,1,4023.8,1,1
11483,2026-07-02 10:27:53+05:30,4022.8,1,4049.06,554123,130543.0,144847.0,4100.0,4110.0,4016.1,4092.6,23460325,4501.8,3683.4,4440.0,3288.1,4022.8,106,1,4022.5,8,2,4022.4,9,2,4022.3,2,1,4022.2,20,1,4023.0,1,1,4023.2,83,2,4023.4,77,2,4023.5,41,1,4023.8,1,1
11483,2026-07-02 10:27:53+05:30,4022.8,1,4049.06,554144,130518.0,144480.0,4100.0,4110.0,4016.1,4092.6,23460325,4501.8,3683.4,4440.0,3288.1,4022.8,105,1,4022.4,7,1,4022.3,11,3,4022.2,22,2,4022.1,25,2,4022.9,62,1,4023.0,3,1,4023.2,32,1,4023.3,42,1,4023.4,35,1
11483,2026-07-02 10:27:54+05:30,4022.8,1,4049.06,554144,130518.0,144480.0,4100.0,4110.0,4016.1,4092.6,23460325,4501.8,3683.4,4440.0,3288.1,4022.8,105,1,4022.4,7,1,4022.3,11,3,4022.2,22,2,4022.1,25,2,4022.9,62,1,4023.0,3,1,4023.2,32,1,4023.3,42,1,4023.4,35,1
11483,2026-07-02 10:27:54+05:30,4022.8,1,4049.06,554209,130457.0,144456.0,4100.0,4110.0,4016.1,4092.6,23460325,4501.8,3683.4,4440.0,3288.1,4022.8,41,1,4022.4,7,1,4022.3,9,2,4022.2,24,3,4022.1,25,2,4022.9,3,1,4023.2,74,2,4023.4,77,2,4023.5,41,1,4023.8,1,1
11483,2026-07-02 10:27:55+05:30,4022.4,1,4049.06,554209,130457.0,144456.0,4100.0,4110.0,4016.1,4092.6,23460325,4501.8,3683.4,4440.0,3288.1,4022.8,41,1,4022.4,7,1,4022.3,9,2,4022.2,24,3,4022.1,25,2,4022.9,3,1,4023.2,74,2,4023.4,77,2,4023.5,41,1,4023.8,1,1
11483,2026-07-02 10:27:55+05:30,4022.4,1,4049.06,554254,129771.0,144706.0,4100.0,4110.0,4016.1,4092.6,23460325,4501.8,3683.4,4440.0,3288.1,4022.4,6,1,4022.3,24,3,4022.2,6,2,4022.1,17,3,4022.0,340,7,4022.9,4,1,4023.4,35,1,4023.8,1,1,4023.9,43,1,4024.0,71,5
11483,2026-07-02 10:27:56+05:30,4022.4,1,4049.06,554254,129771.0,144706.0,4100.0,4110.0,4016.1,4092.6,23460325,4501.8,3683.4,4440.0,3288.1,4022.4,6,1,4022.3,24,3,4022.2,6,2,4022.1,17,3,4022.0,340,7,4022.9,4,1,4023.4,35,1,4023.8,1,1,4023.9,43,1,4024.0,71,5
11483,2026-07-02 10:27:56+05:30,4022.4,1,4049.06,554256,129874.0,144742.0,4100.0,4110.0,4016.1,4092.6,23460325,4501.8,3683.4,4440.0,3288.1,4022.4,25,3,4022.3,24,3,4022.2,6,2,4022.1,17,3,4022.0,352,8,4022.9,3,1,4023.4,35,1,4023.8,1,1,4023.9,43,1,4024.0,95,6
11483,2026-07-02 10:27:57+05:30,4022.4,1,4049.06,554256,129874.0,144742.0,4100.0,4110.0,4016.1,4092.6,23460325,4501.8,3683.4,4440.0,3288.1,4022.4,25,3,4022.3,24,3,4022.2,6,2,4022.1,17,3,4022.0,352,8,4022.9,3,1,4023.4,35,1,4023.8,1,1,4023.9,43,1,4024.0,95,6
11483,2026-07-02 10:27:57+05:30,4022.4,1,4049.06,554266,130402.0,144633.0,4100.0,4110.0,4016.1,4092.6,23460325,4501.8,3683.4,4440.0,3288.1,4023.0,81,1,4022.9,42,1,4022.8,42,1,4022.6,66,2,4022.4,62,3,4023.4,29,1,4023.8,1,1,4024.0,52,3,4024.3,55,3,4024.4,16,1
11483,2026-07-02 10:27:58+05:30,4023.2,1,4049.06,554266,130402.0,144633.0,4100.0,4110.0,4016.1,4092.6,23460325,4501.8,3683.4,4440.0,3288.1,4023.0,81,1,4022.9,42,1,4022.8,42,1,4022.6,66,2,4022.4,62,3,4023.4,29,1,4023.8,1,1,4024.0,52,3,4024.3,55,3,4024.4,16,1
11483,2026-07-02 10:27:58+05:30,4023.2,1,4049.06,554267,130313.0,144634.0,4100.0,4110.0,4016.1,4092.6,23460325,4501.8,3683.4,4440.0,3288.1,4023.2,41,1,4023.1,42,1,4022.9,42,1,4022.7,42,1,4022.6,24,1,4023.4,30,2,4023.8,1,1,4024.0,52,3,4024.3,55,3,4024.4,16,1
11483,2026-07-02 10:27:59+05:30,4023.4,1,4049.06,554267,130313.0,144634.0,4100.0,4110.0,4016.1,4092.6,23460325,4501.8,3683.4,4440.0,3288.1,4023.2,41,1,4023.1,42,1,4022.9,42,1,4022.7,42,1,4022.6,24,1,4023.4,30,2,4023.8,1,1,4024.0,52,3,4024.3,55,3,4024.4,16,1
11483,2026-07-02 10:27:59+05:30,4023.4,25,4049.05,554324,130464.0,144555.0,4100.0,4110.0,4016.1,4092.6,23460325,4501.8,3683.4,4440.0,3288.1,4023.4,23,1,4023.2,83,2,4023.0,42,1,4022.9,1,1,4022.8,42,1,4023.8,1,1,4024.0,47,2,4024.3,7,2,4024.4,16,1,4024.5,24,1
11483,2026-07-02 10:28:00+05:30,4023.4,25,4049.05,554324,130464.0,144555.0,4100.0,4110.0,4016.1,4092.6,23460325,4501.8,3683.4,4440.0,3288.1,4023.4,23,1,4023.2,83,2,4023.0,42,1,4022.9,1,1,4022.8,42,1,4023.8,1,1,4024.0,47,2,4024.3,7,2,4024.4,16,1,4024.5,24,1
11483,2026-07-02 10:28:00+05:30,4023.5,1,4049.05,554325,130415.0,144561.0,4100.0,4110.0,4016.1,4092.6,23460325,4501.8,3683.4,4440.0,3288.1,4023.5,41,1,4023.3,42,1,4023.2,41,1,4023.1,42,1,4022.9,1,1,4023.8,2,2,4024.0,47,2,4024.3,7,2,4024.4,16,1,4024.5,24,1
11483,2026-07-02 10:28:01+05:30,4023.7,1,4049.05,554325,130415.0,144561.0,4100.0,4110.0,4016.1,4092.6,23460325,4501.8,3683.4,4440.0,3288.1,4023.5,41,1,4023.3,42,1,4023.2,41,1,4023.1,42,1,4022.9,1,1,4023.8,2,2,4024.0,47,2,4024.3,7,2,4024.4,16,1,4024.5,24,1
11483,2026-07-02 10:28:01+05:30,4023.7,2,4049.05,554333,130489.0,144101.0,4100.0,4110.0,4016.1,4092.6,23460325,4501.8,3683.4,4440.0,3288.1,4023.7,19,1,4023.5,41,1,4023.3,42,1,4023.2,41,1,4023.1,42,1,4023.8,2,2,4024.0,36,1,4024.3,5,1,4024.4,18,2,4024.6,37,2
11483,2026-07-02 10:28:02+05:30,4023.8,1,4049.05,554333,130489.0,144101.0,4100.0,4110.0,4016.1,4092.6,23460325,4501.8,3683.4,4440.0,3288.1,4023.7,19,1,4023.5,41,1,4023.3,42,1,4023.2,41,1,4023.1,42,1,4023.8,2,2,4024.0,36,1,4024.3,5,1,4024.4,18,2,4024.6,37,2
11483,2026-07-02 10:28:02+05:30,4023.8,1,4049.05,554334,130518.0,143986.0,4100.0,4110.0,4016.1,4092.6,23460325,4501.8,3683.4,4440.0,3288.1,4023.5,41,1,4023.4,47,2,4023.2,83,2,4023.1,8,1,4023.0,19,2,4023.8,2,2,4024.0,36,1,4024.3,5,1,4024.4,18,2,4024.6,17,1
11483,2026-07-02 10:28:03+05:30,4023.8,1,4049.05,554334,130521.0,145489.0,4100.0,4110.0,4016.1,4092.6,23460325,4501.8,3683.4,4440.0,3288.1,4023.5,41,1,4023.4,57,3,4023.2,83,2,4023.1,8,1,4023.0,19,2,4023.8,2,2,4024.0,36,1,4024.3,5,1,4024.4,18,2,4024.6,17,1
11483,2026-07-02 10:28:04+05:30,4023.8,4,4049.05,554339,130540.0,145490.0,4100.0,4110.0,4016.1,4092.6,23460325,4501.8,3683.4,4440.0,3288.1,4023.7,19,1,4023.5,41,1,4023.4,15,2,4023.3,42,1,4023.2,41,1,4023.8,1,1,4024.0,36,1,4024.3,5,1,4024.4,16,1,4024.5,2,1
11483,2026-07-02 10:28:05+05:30,4023.7,19,4049.05,554339,130540.0,145490.0,4100.0,4110.0,4016.1,4092.6,23460325,4501.8,3683.4,4440.0,3288.1,4023.7,19,1,4023.5,41,1,4023.4,15,2,4023.3,42,1,4023.2,41,1,4023.8,1,1,4024.0,36,1,4024.3,5,1,4024.4,16,1,4024.5,2,1
11483,2026-07-02 10:28:05+05:30,4023.8,1,4049.05,554377,131370.0,144801.0,4100.0,4110.0,4016.1,4092.6,23460325,4501.8,3683.4,4440.0,3288.1,4023.6,102,3,4023.5,43,2,4023.4,37,3,4023.3,22,1,4023.2,83,2,4025.2,14,3,4025.3,5,1,4025.4,20,1,4025.5,5,1,4025.6,11,1
11483,2026-07-02 10:28:06+05:30,4024.4,2,4049.05,554377,131370.0,144801.0,4100.0,4110.0,4016.1,4092.6,23460325,4501.8,3683.4,4440.0,3288.1,4023.6,102,3,4023.5,43,2,4023.4,37,3,4023.3,22,1,4023.2,83,2,4025.2,14,3,4025.3,5,1,4025.4,20,1,4025.5,5,1,4025.6,11,1
11483,2026-07-02 10:28:06+05:30,4025.1,1,4049.05,554388,131375.0,144685.0,4100.0,4110.0,4016.1,4092.6,23460325,4501.8,3683.4,4440.0,3288.1,4024.4,62,1,4024.0,42,1,4023.8,42,1,4023.5,63,2,4023.4,37,3,4025.0,7,1,4025.1,32,3,4025.2,32,4,4025.4,36,3,4025.5,49,3
11483,2026-07-02 10:28:07+05:30,4025.1,3,4049.05,554388,131375.0,144685.0,4100.0,4110.0,4016.1,4092.6,23460325,4501.8,3683.4,4440.0,3288.1,4024.4,62,1,4024.0,42,1,4023.8,42,1,4023.5,63,2,4023.4,37,3,4025.0,7,1,4025.1,32,3,4025.2,32,4,4025.4,36,3,4025.5,49,3
11483,2026-07-02 10:28:07+05:30,4025.1,1,4049.05,554399,130901.0,144777.0,4100.0,4110.0,4016.1,4092.6,23460325,4501.8,3683.4,4440.0,3288.1,4024.4,42,1,4024.2,42,1,4023.5,63,2,4023.4,20,3,4023.2,41,1,4025.1,28,3,4025.2,32,4,4025.4,36,3,4025.5,49,3,4025.7,59,5
11483,2026-07-02 10:28:08+05:30,4025.1,1,4049.05,554399,130901.0,144777.0,4100.0,4110.0,4016.1,4092.6,23460325,4501.8,3683.4,4440.0,3288.1,4024.4,42,1,4024.2,42,1,4023.5,63,2,4023.4,20,3,4023.2,41,1,4025.1,28,3,4025.2,32,4,4025.4,36,3,4025.5,49,3,4025.7,59,5
11483,2026-07-02 10:28:08+05:30,4025.1,1,4049.05,554401,131459.0,144916.0,4100.0,4110.0,4016.1,4092.6,23460325,4501.8,3683.4,4440.0,3288.1,4024.8,62,1,4024.4,42,1,4024.2,42,1,4023.5,63,2,4023.4,42,4,4025.0,25,1,4025.1,15,3,4025.4,36,3,4025.5,15,2,4025.6,2,1
11483,2026-07-02 10:28:09+05:30,4025.1,1,4049.05,554401,131394.0,144935.0,4100.0,4110.0,4016.1,4092.6,23460325,4501.8,3683.4,4440.0,3288.1,4024.6,42,1,4024.4,42,1,4023.5,63,2,4023.4,42,4,4023.3,2,1,4025.0,25,1,4025.1,15,3,4025.4,36,3,4025.5,15,2,4025.6,2,1
11483,2026-07-02 10:28:10+05:30,4025.1,1,4049.05,554401,131689.0,145053.0,4100.0,4110.0,4016.1,4092.6,23460325,4501.8,3683.4,4440.0,3288.1,4024.9,62,1,4024.5,42,1,4024.3,42,1,4024.1,5,1,4023.6,2,1,4025.0,56,5,4025.4,35,3,4025.5,15,2,4025.6,6,2,4025.7,33,3
11483,2026-07-02 10:28:11+05:30,4024.3,3,4049.05,554401,131689.0,145053.0,4100.0,4110.0,4016.1,4092.6,23460325,4501.8,3683.4,4440.0,3288.1,4024.9,62,1,4024.5,42,1,4024.3,42,1,4024.1,5,1,4023.6,2,1,4025.0,56,5,4025.4,35,3,4025.5,15,2,4025.6,6,2,4025.7,33,3
11483,2026-07-02 10:28:11+05:30,4023.8,18,4049.04,554597,130462.0,146487.0,4100.0,4110.0,4016.1,4092.6,23460325,4501.8,3683.4,4440.0,3288.1,4023.2,41,1,4023.0,45,3,4022.9,1,1,4022.8,6,2,4022.5,50,1,4024.0,40,5,4024.1,39,5,4024.2,101,9,4024.3,30,3,4024.4,37,4
11483,2026-07-02 10:28:12+05:30,4023.9,2,4049.04,554597,130462.0,146487.0,4100.0,4110.0,4016.1,4092.6,23460325,4501.8,3683.4,4440.0,3288.1,4023.2,41,1,4023.0,45,3,4022.9,1,1,4022.8,6,2,4022.5,50,1,4024.0,40,5,4024.1,39,5,4024.2,101,9,4024.3,30,3,4024.4,37,4
11483,2026-07-02 10:28:12+05:30,4023.9,1,4049.04,554606,130802.0,146688.0,4100.0,4110.0,4016.1,4092.6,23460325,4501.8,3683.4,4440.0,3288.1,4023.0,145,4,4022.9,1,1,4022.8,6,2,4022.5,66,2,4022.4,3,2,4023.9,13,1,4024.0,45,5,4024.1,36,4,4024.2,71,6,4024.3,52,4
11483,2026-07-02 10:28:13+05:30,4023.9,1,4049.04,554606,130802.0,146688.0,4100.0,4110.0,4016.1,4092.6,23460325,4501.8,3683.4,4440.0,3288.1,4023.0,145,4,4022.9,1,1,4022.8,6,2,4022.5,66,2,4022.4,3,2,4023.9,13,1,4024.0,45,5,4024.1,36,4,4024.2,71,6,4024.3,52,4
11483,2026-07-02 10:28:13+05:30,4023.0,30,4049.04,554681,130862.0,146638.0,4100.0,4110.0,4016.1,4092.6,23460325,4501.8,3683.4,4440.0,3288.1,4023.3,5,1,4023.0,70,1,4022.9,1,1,4022.8,6,2,4022.5,66,2,4023.9,38,4,4024.0,40,5,4024.1,31,3,4024.2,75,6,4024.3,30,3
11483,2026-07-02 10:28:14+05:30,4023.0,30,4049.04,554681,130862.0,146638.0,4100.0,4110.0,4016.1,4092.6,23460325,4501.8,3683.4,4440.0,3288.1,4023.3,5,1,4023.0,70,1,4022.9,1,1,4022.8,6,2,4022.5,66,2,4023.9,38,4,4024.0,40,5,4024.1,31,3,4024.2,75,6,4024.3,30,3
11483,2026-07-02 10:28:14+05:30,4023.9,1,4049.04,554683,130904.0,146648.0,4100.0,4110.0,4016.1,4092.6,23460325,4501.8,3683.4,4440.0,3288.1,4023.3,5,1,4023.0,75,2,4022.9,1,1,4022.8,6,2,4022.6,2,1,4023.9,4,2,4024.0,39,4,4024.1,31,3,4024.2,55,4,4024.3,30,3
11483,2026-07-02 10:28:15+05:30,4023.9,1,4049.04,554683,130904.0,146648.0,4100.0,4110.0,4016.1,4092.6,23460325,4501.8,3683.4,4440.0,3288.1,4023.3,5,1,4023.0,75,2,4022.9,1,1,4022.8,6,2,4022.6,2,1,4023.9,4,2,4024.0,39,4,4024.1,31,3,4024.2,55,4,4024.3,30,3
11483,2026-07-02 10:28:15+05:30,4023.9,1,4049.04,554684,130933.0,146659.0,4100.0,4110.0,4016.1,4092.6,23460325,4501.8,3683.4,4440.0,3288.1,4023.3,5,1,4023.0,75,2,4022.9,1,1,4022.8,6,2,4022.6,2,1,4023.9,3,2,4024.0,39,4,4024.1,31,3,4024.2,55,4,4024.3,30,3
11483,2026-07-02 10:28:16+05:30,4023.9,1,4049.04,554684,130933.0,146659.0,4100.0,4110.0,4016.1,4092.6,23460325,4501.8,3683.4,4440.0,3288.1,4023.3,5,1,4023.0,75,2,4022.9,1,1,4022.8,6,2,4022.6,2,1,4023.9,3,2,4024.0,39,4,4024.1,31,3,4024.2,55,4,4024.3,30,3
11483,2026-07-02 10:28:16+05:30,4025.1,7,4049.01,555404,131951.0,145753.0,4100.0,4110.0,4016.1,4092.6,23460325,4501.8,3683.4,4440.0,3288.1,4023.3,9,2,4023.0,75,2,4022.9,21,2,4022.8,17,3,4022.6,6,1,4024.6,6,1,4024.7,68,2,4024.8,40,2,4024.9,58,2,4025.0,52,2
11483,2026-07-02 10:28:17+05:30,4024.4,5,4049.01,555404,131951.0,145753.0,4100.0,4110.0,4016.1,4092.6,23460325,4501.8,3683.4,4440.0,3288.1,4023.3,9,2,4023.0,75,2,4022.9,21,2,4022.8,17,3,4022.6,6,1,4024.6,6,1,4024.7,68,2,4024.8,40,2,4024.9,58,2,4025.0,52,2
11483,2026-07-02 10:28:17+05:30,4024.4,1,4049.01,555410,132005.0,145913.0,4100.0,4110.0,4016.1,4092.6,23460325,4501.8,3683.4,4440.0,3288.1,4023.3,9,2,4023.0,84,3,4022.9,1,1,4022.8,6,2,4022.6,6,1,4024.4,42,4,4024.5,41,3,4024.6,19,2,4024.7,4,1,4024.8,59,3
11483,2026-07-02 10:28:18+05:30,4024.4,1,4049.01,555410,132005.0,145913.0,4100.0,4110.0,4016.1,4092.6,23460325,4501.8,3683.4,4440.0,3288.1,4023.3,9,2,4023.0,84,3,4022.9,1,1,4022.8,6,2,4022.6,6,1,4024.4,42,4,4024.5,41,3,4024.6,19,2,4024.7,4,1,4024.8,59,3
11483,2026-07-02 10:28:18+05:30,4024.4,5,4049.01,555417,132032.0,145918.0,4100.0,4110.0,4016.1,4092.6,23460325,4501.8,3683.4,4440.0,3288.1,4023.3,9,2,4023.1,1,1,4023.0,86,4,4022.9,1,1,4022.8,6,2,4024.4,17,2,4024.5,16,2,4024.8,38,2,4024.9,75,3,4025.0,74,3
11483,2026-07-02 10:28:19+05:30,4024.4,5,4049.01,555417,132032.0,145918.0,4100.0,4110.0,4016.1,4092.6,23460325,4501.8,3683.4,4440.0,3288.1,4023.3,9,2,4023.1,1,1,4023.0,86,4,4022.9,1,1,4022.8,6,2,4024.4,17,2,4024.5,16,2,4024.8,38,2,4024.9,75,3,4025.0,74,3
11483,2026-07-02 10:28:19+05:30,4024.4,1,4049.01,555418,132033.0,145894.0,4100.0,4110.0,4016.1,4092.6,23460325,4501.8,3683.4,4440.0,3288.1,4023.3,12,3,4023.1,1,1,4023.0,86,4,4022.9,1,1,4022.8,8,3,4024.4,21,3,4024.5,16,2,4024.8,27,1,4024.9,75,3,4025.0,54,2
11483,2026-07-02 10:28:19+05:30,4024.4,1,4049.01,555418,132033.0,145894.0,4100.0,4110.0,4016.1,4092.6,23460325,4501.8,3683.4,4440.0,3288.1,4023.3,12,3,4023.1,1,1,4023.0,86,4,4022.9,1,1,4022.8,8,3,4024.4,21,3,4024.5,16,2,4024.8,27,1,4024.9,75,3,4025.0,54,2
11483,2026-07-02 10:28:20+05:30,4024.4,1,4049.01,555418,132033.0,145894.0,4100.0,4110.0,4016.1,4092.6,23460325,4501.8,3683.4,4440.0,3288.1,4023.3,12,3,4023.1,1,1,4023.0,86,4,4022.9,1,1,4022.8,8,3,4024.4,21,3,4024.5,16,2,4024.8,27,1,4024.9,75,3,4025.0,54,2
11483,2026-07-02 10:28:20+05:30,4024.4,3,4049.01,555418,132033.0,145894.0,4100.0,4110.0,4016.1,4092.6,23460325,4501.8,3683.4,4440.0,3288.1,4023.3,12,3,4023.1,1,1,4023.0,86,4,4022.9,1,1,4022.8,8,3,4024.4,21,3,4024.5,16,2,4024.8,27,1,4024.9,75,3,4025.0,54,2
11483,2026-07-02 10:28:20+05:30,4024.4,3,4049.01,555418,132033.0,145894.0,4100.0,4110.0,4016.1,4092.6,23460325,4501.8,3683.4,4440.0,3288.1,4023.3,12,3,4023.1,1,1,4023.0,86,4,4022.9,1,1,4022.8,8,3,4024.4,21,3,4024.5,16,2,4024.8,27,1,4024.9,75,3,4025.0,54,2
11483,2026-07-02 10:28:20+05:30,4024.4,1,4049.01,555422,132141.0,145779.0,4100.0,4110.0,4016.1,4092.6,23460325,4501.8,3683.4,4440.0,3288.1,4023.6,14,3,4023.5,13,2,4023.4,32,4,4023.3,36,5,4023.2,35,2,4024.4,17,3,4024.5,15,1,4024.9,75,3,4025.0,32,1,4025.1,12,1
11483,2026-07-02 10:28:21+05:30,4024.4,1,4049.01,555422,132141.0,145779.0,4100.0,4110.0,4016.1,4092.6,23460325,4501.8,3683.4,4440.0,3288.1,4023.6,14,3,4023.5,13,2,4023.4,32,4,4023.3,36,5,4023.2,35,2,4024.4,17,3,4024.5,15,1,4024.9,75,3,4025.0,32,1,4025.1,12,1
11483,2026-07-02 10:28:21+05:30,4024.4,1,4049.01,555422,132141.0,145779.0,4100.0,4110.0,4016.1,4092.6,23460325,4501.8,3683.4,4440.0,3288.1,4023.6,14,3,4023.5,13,2,4023.4,32,4,4023.3,36,5,4023.2,35,2,4024.4,17,3,4024.5,15,1,4024.9,75,3,4025.0,32,1,4025.1,12,1
11483,2026-07-02 10:28:21+05:30,4024.4,1,4049.01,555422,132141.0,145779.0,4100.0,4110.0,4016.1,4092.6,23460325,4501.8,3683.4,4440.0,3288.1,4023.6,14,3,4023.5,13,2,4023.4,32,4,4023.3,36,5,4023.2,35,2,4024.4,17,3,4024.5,15,1,4024.9,75,3,4025.0,32,1,4025.1,12,1
11483,2026-07-02 10:28:21+05:30,4025.2,1,4049.0,555577,132279.0,145312.0,4100.0,4110.0,4016.1,4092.6,23460325,4501.8,3683.4,4440.0,3288.1,4024.1,1,1,4024.0,7,1,4023.9,26,2,4023.7,5,1,4023.6,29,3,4025.4,23,2,4025.5,5,1,4025.6,2,1,4025.7,12,1,4025.8,24,1
11483,2026-07-02 10:28:22+05:30,4025.2,1,4049.0,555577,132279.0,145312.0,4100.0,4110.0,4016.1,4092.6,23460325,4501.8,3683.4,4440.0,3288.1,4024.1,1,1,4024.0,7,1,4023.9,26,2,4023.7,5,1,4023.6,29,3,4025.4,23,2,4025.5,5,1,4025.6,2,1,4025.7,12,1,4025.8,24,1
11483,2026-07-02 10:28:22+05:30,4025.2,1,4049.0,555577,132279.0,145312.0,4100.0,4110.0,4016.1,4092.6,23460325,4501.8,3683.4,4440.0,3288.1,4024.1,1,1,4024.0,7,1,4023.9,26,2,4023.7,5,1,4023.6,29,3,4025.4,23,2,4025.5,5,1,4025.6,2,1,4025.7,12,1,4025.8,24,1
11483,2026-07-02 10:28:22+05:30,4025.2,1,4049.0,555577,132279.0,145312.0,4100.0,4110.0,4016.1,4092.6,23460325,4501.8,3683.4,4440.0,3288.1,4024.1,1,1,4024.0,7,1,4023.9,26,2,4023.7,5,1,4023.6,29,3,4025.4,23,2,4025.5,5,1,4025.6,2,1,4025.7,12,1,4025.8,24,1
11483,2026-07-02 10:28:22+05:30,4025.4,1,4049.0,555578,132311.0,145514.0,4100.0,4110.0,4016.1,4092.6,23460325,4501.8,3683.4,4440.0,3288.1,4024.1,4,2,4024.0,22,3,4023.9,26,2,4023.6,53,4,4023.5,15,3,4025.4,24,3,4025.5,5,1,4025.6,61,3,4025.7,12,1,4025.9,58,4
11483,2026-07-02 10:28:23+05:30,4025.4,1,4049.0,555578,132311.0,145514.0,4100.0,4110.0,4016.1,4092.6,23460325,4501.8,3683.4,4440.0,3288.1,4024.1,4,2,4024.0,22,3,4023.9,26,2,4023.6,53,4,4023.5,15,3,4025.4,24,3,4025.5,5,1,4025.6,61,3,4025.7,12,1,4025.9,58,4
11483,2026-07-02 10:28:23+05:30,4025.4,1,4049.0,555578,132311.0,145514.0,4100.0,4110.0,4016.1,4092.6,23460325,4501.8,3683.4,4440.0,3288.1,4024.1,4,2,4024.0,22,3,4023.9,26,2,4023.6,53,4,4023.5,15,3,4025.4,24,3,4025.5,5,1,4025.6,61,3,4025.7,12,1,4025.9,58,4
11483,2026-07-02 10:28:23+05:30,4025.4,1,4049.0,555578,132311.0,145514.0,4100.0,4110.0,4016.1,4092.6,23486925,4501.8,3683.4,4440.0,3288.1,4024.1,4,2,4024.0,22,3,4023.9,26,2,4023.6,53,4,4023.5,15,3,4025.4,24,3,4025.5,5,1,4025.6,61,3,4025.7,12,1,4025.9,58,4
11483,2026-07-02 10:28:23+05:30,4025.3,1,4049.0,555580,132597.0,145691.0,4100.0,4110.0,4016.1,4092.6,23486925,4501.8,3683.4,4440.0,3288.1,4024.4,3,1,4024.0,5,1,4023.9,45,3,4023.6,7,2,4023.5,13,2,4025.3,174,1,4025.4,198,4,4025.5,5,1,4025.6,37,2,4025.9,82,5
11483,2026-07-02 10:28:24+05:30,4025.3,1,4049.0,555580,132597.0,145691.0,4100.0,4110.0,4016.1,4092.6,23486925,4501.8,3683.4,4440.0,3288.1,4024.4,3,1,4024.0,5,1,4023.9,45,3,4023.6,7,2,4023.5,13,2,4025.3,174,1,4025.4,198,4,4025.5,5,1,4025.6,37,2,4025.9,82,5
11483,2026-07-02 10:28:24+05:30,4025.3,10,4049.0,555580,132597.0,145691.0,4100.0,4110.0,4016.1,4092.6,23486925,4501.8,3683.4,4440.0,3288.1,4024.4,3,1,4024.0,5,1,4023.9,45,3,4023.6,7,2,4023.5,13,2,4025.3,174,1,4025.4,198,4,4025.5,5,1,4025.6,37,2,4025.9,82,5
11483,2026-07-02 10:28:24+05:30,4025.3,10,4049.0,555580,132597.0,145691.0,4100.0,4110.0,4016.1,4092.6,23486925,4501.8,3683.4,4440.0,3288.1,4024.4,3,1,4024.0,5,1,4023.9,45,3,4023.6,7,2,4023.5,13,2,4025.3,174,1,4025.4,198,4,4025.5,5,1,4025.6,37,2,4025.9,82,5
11483,2026-07-02 10:28:24+05:30,4025.3,1,4049.0,555591,132712.0,145479.0,4100.0,4110.0,4016.1,4092.6,23486925,4501.8,3683.4,4440.0,3288.1,4024.5,12,1,4024.4,5,2,4024.0,5,1,4023.9,26,2,4023.8,2,1,4025.3,2,1,4025.4,196,3,4025.5,5,1,4025.6,37,2,4025.9,47,3
11483,2026-07-02 10:28:24+05:30,4025.3,1,4049.0,555591,132712.0,145479.0,4100.0,4110.0,4016.1,4092.6,23486925,4501.8,3683.4,4440.0,3288.1,4024.5,12,1,4024.4,5,2,4024.0,5,1,4023.9,26,2,4023.8,2,1,4025.3,2,1,4025.4,196,3,4025.5,5,1,4025.6,37,2,4025.9,47,3
11483,2026-07-02 10:28:25+05:30,4025.3,1,4049.0,555591,132712.0,145479.0,4100.0,4110.0,4016.1,4092.6,23486925,4501.8,3683.4,4440.0,3288.1,4024.5,12,1,4024.4,5,2,4024.0,5,1,4023.9,26,2,4023.8,2,1,4025.3,2,1,4025.4,196,3,4025.5,5,1,4025.6,37,2,4025.9,47,3
11483,2026-07-02 10:28:25+05:30,4025.3,1,4049.0,555591,132712.0,145479.0,4100.0,4110.0,4016.1,4092.6,23486925,4501.8,3683.4,4440.0,3288.1,4024.5,12,1,4024.4,5,2,4024.0,5,1,4023.9,26,2,4023.8,2,1,4025.3,2,1,4025.4,196,3,4025.5,5,1,4025.6,37,2,4025.9,47,3
11483,2026-07-02 10:28:25+05:30,4025.0,4,4049.0,555615,132917.0,145332.0,4100.0,4110.0,4016.1,4092.6,23486925,4501.8,3683.4,4440.0,3288.1,4024.4,5,2,4024.2,9,1,4024.1,34,2,4024.0,55,3,4023.9,16,2,4025.0,171,1,4025.3,192,2,4025.5,205,3,4025.6,4,1,4025.8,2,1
11483,2026-07-02 10:28:26+05:30,4025.0,4,4049.0,555615,132917.0,145332.0,4100.0,4110.0,4016.1,4092.6,23486925,4501.8,3683.4,4440.0,3288.1,4024.4,5,2,4024.2,9,1,4024.1,34,2,4024.0,55,3,4023.9,16,2,4025.0,171,1,4025.3,192,2,4025.5,205,3,4025.6,4,1,4025.8,2,1
11483,2026-07-02 10:28:26+05:30,4025.0,1,4049.0,555625,133000.0,145330.0,4100.0,4110.0,4016.1,4092.6,23486925,4501.8,3683.4,4440.0,3288.1,4024.4,15,4,4024.2,9,1,4024.1,34,2,4024.0,55,3,4023.9,26,2,4025.0,165,2,4025.3,192,2,4025.5,205,3,4025.6,4,1,4025.8,2,1
11483,2026-07-02 10:28:27+05:30,4025.0,1,4049.0,555625,133000.0,145330.0,4100.0,4110.0,4016.1,4092.6,23486925,4501.8,3683.4,4440.0,3288.1,4024.4,15,4,4024.2,9,1,4024.1,34,2,4024.0,55,3,4023.9,26,2,4025.0,165,2,4025.3,192,2,4025.5,205,3,4025.6,4,1,4025.8,2,1
11483,2026-07-02 10:28:27+05:30,4025.0,4,4049.0,555633,132977.0,145341.0,4100.0,4110.0,4016.1,4092.6,23486925,4501.8,3683.4,4440.0,3288.1,4024.5,18,3,4024.4,15,4,4024.2,9,1,4024.1,44,3,4024.0,55,3,4025.0,157,2,4025.3,207,3,4025.5,205,3,4025.6,4,1,4025.8,2,1
11483,2026-07-02 10:28:28+05:30,4025.0,3,4049.0,555633,132977.0,145341.0,4100.0,4110.0,4016.1,4092.6,23486925,4501.8,3683.4,4440.0,3288.1,4024.5,18,3,4024.4,15,4,4024.2,9,1,4024.1,44,3,4024.0,55,3,4025.0,157,2,4025.3,207,3,4025.5,205,3,4025.6,4,1,4025.8,2,1
11483,2026-07-02 10:28:28+05:30,4025.0,1,4049.0,555637,133072.0,145339.0,4100.0,4110.0,4016.1,4092.6,23486925,4501.8,3683.4,4440.0,3288.1,4024.5,18,3,4024.4,15,4,4024.2,9,1,4024.1,44,3,4024.0,55,3,4025.0,153,2,4025.3,207,3,4025.5,205,3,4025.6,4,1,4025.8,2,1
11483,2026-07-02 10:28:29+05:30,4025.0,2,4049.0,555637,133072.0,145339.0,4100.0,4110.0,4016.1,4092.6,23486925,4501.8,3683.4,4440.0,3288.1,4024.5,18,3,4024.4,15,4,4024.2,9,1,4024.1,44,3,4024.0,55,3,4025.0,153,2,4025.3,207,3,4025.5,205,3,4025.6,4,1,4025.8,2,1
11483,2026-07-02 10:28:29+05:30,4025.0,101,4048.99,555745,133111.0,145219.0,4100.0,4110.0,4016.1,4092.6,23486925,4501.8,3683.4,4440.0,3288.1,4024.5,35,5,4024.4,22,5,4024.2,9,1,4024.1,44,3,4024.0,55,3,4025.0,45,2,4025.3,207,3,4025.5,213,4,4025.6,4,1,4025.8,2,1
11483,2026-07-02 10:28:30+05:30,4024.5,4,4048.99,555745,133111.0,145219.0,4100.0,4110.0,4016.1,4092.6,23486925,4501.8,3683.4,4440.0,3288.1,4024.5,35,5,4024.4,22,5,4024.2,9,1,4024.1,44,3,4024.0,55,3,4025.0,45,2,4025.3,207,3,4025.5,213,4,4025.6,4,1,4025.8,2,1
11483,2026-07-02 10:28:30+05:30,4024.9,3,4048.99,555768,133028.0,145469.0,4100.0,4110.0,4016.1,4092.6,23486925,4501.8,3683.4,4440.0,3288.1,4024.5,7,1,4024.4,12,3,4024.1,24,1,4024.0,44,2,4023.9,5,1,4024.9,81,1,4025.0,45,2,4025.3,242,4,4025.5,178,3,4025.6,20,2
11483,2026-07-02 10:28:31+05:30,4024.9,23,4048.99,555768,133028.0,145469.0,4100.0,4110.0,4016.1,4092.6,23486925,4501.8,3683.4,4440.0,3288.1,4024.5,7,1,4024.4,12,3,4024.1,24,1,4024.0,44,2,4023.9,5,1,4024.9,81,1,4025.0,45,2,4025.3,242,4,4025.5,178,3,4025.6,20,2
11483,2026-07-02 10:28:31+05:30,4024.1,1,4048.99,555812,133063.0,145602.0,4100.0,4110.0,4016.1,4092.6,23486925,4501.8,3683.4,4440.0,3288.1,4024.1,23,1,4024.0,44,2,4023.9,5,1,4023.8,56,4,4023.6,7,2,4024.9,59,2,4025.0,41,1,4025.3,242,4,4025.5,178,3,4025.6,30,3
11483,2026-07-02 10:28:32+05:30,4024.1,1,4048.99,555812,133063.0,145602.0,4100.0,4110.0,4016.1,4092.6,23486925,4501.8,3683.4,4440.0,3288.1,4024.1,23,1,4024.0,44,2,4023.9,5,1,4023.8,56,4,4023.6,7,2,4024.9,59,2,4025.0,41,1,4025.3,242,4,4025.5,178,3,4025.6,30,3
11483,2026-07-02 10:28:32+05:30,4024.9,1,4048.99,555816,133117.0,145619.0,4100.0,4110.0,4016.1,4092.6,23486925,4501.8,3683.4,4440.0,3288.1,4024.2,10,2,4024.1,30,2,4024.0,44,2,4023.9,5,1,4023.8,56,4,4024.9,55,2,4025.0,76,2,4025.3,207,3,4025.4,50,1,4025.5,178,3
11483,2026-07-02 10:28:33+05:30,4024.9,20,4048.99,555816,133117.0,145619.0,4100.0,4110.0,4016.1,4092.6,23486925,4501.8,3683.4,4440.0,3288.1,4024.2,10,2,4024.1,30,2,4024.0,44,2,4023.9,5,1,4023.8,56,4,4024.9,55,2,4025.0,76,2,4025.3,207,3,4025.4,50,1,4025.5,178,3
11483,2026-07-02 10:28:33+05:30,4024.7,3,4048.99,555857,133224.0,145506.0,4100.0,4110.0,4016.1,4092.6,23486925,4501.8,3683.4,4440.0,3288.1,4024.7,18,2,4024.6,22,3,4024.5,31,3,4024.4,37,1,4024.3,20,2,4024.9,24,2,4025.0,76,2,4025.3,207,3,4025.4,50,1,4025.5,178,3
11483,2026-07-02 10:28:34+05:30,4024.7,3,4048.99,555857,133224.0,145506.0,4100.0,4110.0,4016.1,4092.6,23486925,4501.8,3683.4,4440.0,3288.1,4024.7,18,2,4024.6,22,3,4024.5,31,3,4024.4,37,1,4024.3,20,2,4024.9,24,2,4025.0,76,2,4025.3,207,3,4025.4,50,1,4025.5,178,3
11483,2026-07-02 10:28:34+05:30,4025.3,1,4048.98,556080,133374.0,145145.0,4100.0,4110.0,4016.1,4092.6,23486925,4501.8,3683.4,4440.0,3288.1,4024.9,40,1,4024.8,22,2,4024.7,13,2,4024.6,20,3,4024.5,30,3,4025.3,32,2,4025.4,50,1,4025.5,178,3,4025.6,4,1,4025.9,47,3
11483,2026-07-02 10:28:35+05:30,4025.3,1,4048.98,556080,133374.0,145145.0,4100.0,4110.0,4016.1,4092.6,23486925,4501.8,3683.4,4440.0,3288.1,4024.9,40,1,4024.8,22,2,4024.7,13,2,4024.6,20,3,4024.5,30,3,4025.3,32,2,4025.4,50,1,4025.5,178,3,4025.6,4,1,4025.9,47,3
11483,2026-07-02 10:28:36+05:30,4025.4,10,4048.97,556138,133836.0,144059.0,4100.0,4110.0,4016.1,4092.6,23486925,4501.8,3683.4,4440.0,3288.1,4025.0,26,3,4024.9,5,1,4024.8,6,1,4024.7,7,1,4024.6,15,2,4025.4,31,1,4025.5,10,2,4025.6,4,1,4025.9,3,1,4026.0,13,2
11483,2026-07-02 10:28:36+05:30,4025.4,10,4048.97,556138,133836.0,144059.0,4100.0,4110.0,4016.1,4092.6,23486925,4501.8,3683.4,4440.0,3288.1,4025.0,26,3,4024.9,5,1,4024.8,6,1,4024.7,7,1,4024.6,15,2,4025.4,31,1,4025.5,10,2,4025.6,4,1,4025.9,3,1,4026.0,13,2
11483,2026-07-02 10:28:37+05:30,4025.4,3,4048.97,556147,133711.0,144242.0,4100.0,4110.0,4016.1,4092.6,23486925,4501.8,3683.4,4440.0,3288.1,4025.3,5,1,4025.0,8,1,4024.7,7,1,4024.6,21,2,4024.5,52,4,4025.4,28,2,4025.5,10,2,4025.6,4,1,4025.9,3,1,4026.0,13,2
11483,2026-07-02 10:28:37+05:30,4025.4,3,4048.97,556147,133711.0,144242.0,4100.0,4110.0,4016.1,4092.6,23486925,4501.8,3683.4,4440.0,3288.1,4025.3,5,1,4025.0,8,1,4024.7,7,1,4024.6,21,2,4024.5,52,4,4025.4,28,2,4025.5,10,2,4025.6,4,1,4025.9,3,1,4026.0,13,2
11483,2026-07-02 10:28:37+05:30,4026.4,9,4048.97,556214,133700.0,144362.0,4100.0,4110.0,4016.1,4092.6,23486925,4501.8,3683.4,4440.0,3288.1,4025.3,6,2,4025.0,8,1,4024.7,7,1,4024.6,43,3,4024.5,52,4,4026.4,27,2,4026.5,7,1,4026.6,18,1,4026.7,175,1,4026.8,37,3
11483,2026-07-02 10:28:38+05:30,4025.3,1,4048.97,556214,133700.0,144362.0,4100.0,4110.0,4016.1,4092.6,23486925,4501.8,3683.4,4440.0,3288.1,4025.3,6,2,4025.0,8,1,4024.7,7,1,4024.6,43,3,4024.5,52,4,4026.4,27,2,4026.5,7,1,4026.6,18,1,4026.7,175,1,4026.8,37,3
11483,2026-07-02 10:28:38+05:30,4026.3,1,4048.97,556217,133793.0,144395.0,4100.0,4110.0,4016.1,4092.6,23486925,4501.8,3683.4,4440.0,3288.1,4025.3,4,2,4025.0,48,2,4024.7,57,2,4024.6,43,3,4024.5,54,5,4026.3,18,1,4026.4,28,3,4026.5,7,1,4026.6,18,1,4026.7,175,1
11483,2026-07-02 10:28:39+05:30,4026.3,1,4048.97,556217,133793.0,144395.0,4100.0,4110.0,4016.1,4092.6,23486925,4501.8,3683.4,4440.0,3288.1,4025.3,4,2,4025.0,48,2,4024.7,57,2,4024.6,43,3,4024.5,54,5,4026.3,18,1,4026.4,28,3,4026.5,7,1,4026.6,18,1,4026.7,175,1
11483,2026-07-02 10:28:39+05:30,4025.0,40,4048.97,556269,133701.0,144715.0,4100.0,4110.0,4016.1,4092.6,23486925,4501.8,3683.4,4440.0,3288.1,4024.7,50,1,4024.6,21,2,4024.5,31,2,4024.4,39,2,4024.3,7,1,4025.0,149,1,4026.0,15,1,4026.2,69,2,4026.3,4,1,4026.4,11,1
11483,2026-07-02 10:28:40+05:30,4025.0,3,4048.97,556269,133701.0,144715.0,4100.0,4110.0,4016.1,4092.6,23486925,4501.8,3683.4,4440.0,3288.1,4024.7,50,1,4024.6,21,2,4024.5,31,2,4024.4,39,2,4024.3,7,1,4025.0,149,1,4026.0,15,1,4026.2,69,2,4026.3,4,1,4026.4,11,1
11483,2026-07-02 10:28:41+05:30,4025.0,3,4048.96,556422,134502.0,141633.0,4100.0,4110.0,4016.1,4092.6,23486925,4501.8,3683.4,4440.0,3288.1,4025.3,32,2,4025.2,36,3,4025.1,20,1,4025.0,54,5,4024.9,72,6,4026.5,7,1,4026.8,1,1,4027.0,164,6,4027.1,26,1,4027.2,12,1
11483,2026-07-02 10:28:41+05:30,4026.4,12,4048.96,556422,134502.0,141633.0,4100.0,4110.0,4016.1,4092.6,23486925,4501.8,3683.4,4440.0,3288.1,4025.3,32,2,4025.2,36,3,4025.1,20,1,4025.0,54,5,4024.9,72,6,4026.5,7,1,4026.8,1,1,4027.0,164,6,4027.1,26,1,4027.2,12,1
11483,2026-07-02 10:28:42+05:30,4025.3,1,4048.96,556435,134524.0,143706.0,4100.0,4110.0,4016.1,4092.6,23486925,4501.8,3683.4,4440.0,3288.1,4025.1,6,2,4025.0,31,3,4024.9,33,2,4024.7,73,3,4024.5,4,1,4026.4,29,3,4026.5,22,3,4026.6,19,1,4026.7,27,1,4026.8,1,1
11483,2026-07-02 10:28:42+05:30,4026.5,1,4048.96,556435,134524.0,143706.0,4100.0,4110.0,4016.1,4092.6,23486925,4501.8,3683.4,4440.0,3288.1,4025.1,6,2,4025.0,31,3,4024.9,33,2,4024.7,73,3,4024.5,4,1,4026.4,29,3,4026.5,22,3,4026.6,19,1,4026.7,27,1,4026.8,1,1
11483,2026-07-02 10:28:43+05:30,4025.1,1,4048.96,556466,134607.0,143771.0,4100.0,4110.0,4016.1,4092.6,23486925,4501.8,3683.4,4440.0,3288.1,4025.3,1,1,4025.1,3,1,4025.0,65,6,4024.9,33,2,4024.7,71,2,4026.5,20,2,4026.7,27,1,4026.8,1,1,4026.9,33,2,4027.0,169,7
11483,2026-07-02 10:28:43+05:30,4025.1,1,4048.96,556466,134607.0,143771.0,4100.0,4110.0,4016.1,4092.6,23486925,4501.8,3683.4,4440.0,3288.1,4025.3,1,1,4025.1,3,1,4025.0,65,6,4024.9,33,2,4024.7,71,2,4026.5,20,2,4026.7,27,1,4026.8,1,1,4026.9,33,2,4027.0,169,7
11483,2026-07-02 10:28:44+05:30,4026.5,1,4048.96,556468,134585.0,143816.0,4100.0,4110.0,4016.1,4092.6,23486925,4501.8,3683.4,4440.0,3288.1,4025.1,3,1,4025.0,70,6,4024.9,33,2,4024.7,71,2,4024.5,4,1,4026.5,20,3,4026.7,27,1,4026.8,1,1,4026.9,23,1,4027.0,169,7
11483,2026-07-02 10:28:44+05:30,4026.5,1,4048.96,556468,134585.0,143816.0,4100.0,4110.0,4016.1,4092.6,23486925,4501.8,3683.4,4440.0,3288.1,4025.1,3,1,4025.0,70,6,4024.9,33,2,4024.7,71,2,4024.5,4,1,4026.5,20,3,4026.7,27,1,4026.8,1,1,4026.9,23,1,4027.0,169,7
11483,2026-07-02 10:28:45+05:30,4026.3,5,4048.96,556474,134511.0,143891.0,4100.0,4110.0,4016.1,4092.6,23486925,4501.8,3683.4,4440.0,3288.1,4025.1,5,3,4025.0,318,6,4024.9,13,1,4024.8,27,1,4024.7,71,2,4026.3,70,2,4026.5,20,3,4026.6,3,1,4026.8,1,1,4026.9,13,1
11483,2026-07-02 10:28:45+05:30,4026.3,5,4048.96,556474,134511.0,143891.0,4100.0,4110.0,4016.1,4092.6,23486925,4501.8,3683.4,4440.0,3288.1,4025.1,5,3,4025.0,318,6,4024.9,13,1,4024.8,27,1,4024.7,71,2,4026.3,70,2,4026.5,20,3,4026.6,3,1,4026.8,1,1,4026.9,13,1
11483,2026-07-02 10:28:46+05:30,4026.3,30,4048.96,556528,135274.0,143801.0,4100.0,4110.0,4016.1,4092.6,23486925,4501.8,3683.4,4440.0,3288.1,4025.6,1,1,4025.4,800,1,4025.1,73,4,4025.0,280,4,4024.9,13,1,4026.3,29,3,4026.5,19,2,4026.6,3,1,4026.8,1,1,4027.0,169,7
11483,2026-07-02 10:28:46+05:30,4026.3,30,4048.96,556528,135274.0,143801.0,4100.0,4110.0,4016.1,4092.6,23486925,4501.8,3683.4,4440.0,3288.1,4025.6,1,1,4025.4,800,1,4025.1,73,4,4025.0,280,4,4024.9,13,1,4026.3,29,3,4026.5,19,2,4026.6,3,1,4026.8,1,1,4027.0,169,7
11483,2026-07-02 10:28:47+05:30,4026.3,1,4048.96,556537,135476.0,143649.0,4100.0,4110.0,4016.1,4092.6,23486925,4501.8,3683.4,4440.0,3288.1,4026.0,9,1,4025.6,1,1,4025.4,800,1,4025.2,2,1,4025.1,71,3,4026.3,6,2,4026.5,19,2,4026.6,3,1,4026.8,1,1,4027.0,169,7
11483,2026-07-02 10:28:47+05:30,4026.3,1,4048.96,556537,135476.0,143649.0,4100.0,4110.0,4016.1,4092.6,23486925,4501.8,3683.4,4440.0,3288.1,4026.0,9,1,4025.6,1,1,4025.4,800,1,4025.2,2,1,4025.1,71,3,4026.3,6,2,4026.5,19,2,4026.6,3,1,4026.8,1,1,4027.0,169,7
11483,2026-07-02 10:28:48+05:30,4026.3,5,4048.96,556543,135482.0,143867.0,4100.0,4110.0,4016.1,4092.6,23486925,4501.8,3683.4,4440.0,3288.1,4026.0,8,1,4025.6,1,1,4025.4,800,1,4025.1,73,4,4025.0,541,9,4026.3,60,2,4026.5,19,2,4026.6,3,1,4026.8,12,2,4027.0,169,7
11483,2026-07-02 10:28:48+05:30,4026.3,5,4048.96,556543,135482.0,143867.0,4100.0,4110.0,4016.1,4092.6,23486925,4501.8,3683.4,4440.0,3288.1,4026.0,8,1,4025.6,1,1,4025.4,800,1,4025.1,73,4,4025.0,541,9,4026.3,60,2,4026.5,19,2,4026.6,3,1,4026.8,12,2,4027.0,169,7
11483,2026-07-02 10:28:49+05:30,4026.3,9,4048.96,556554,135481.0,143672.0,4100.0,4110.0,4016.1,4092.6,23486925,4501.8,3683.4,4440.0,3288.1,4026.0,7,1,4025.6,1,1,4025.4,800,1,4025.1,73,4,4025.0,541,9,4026.3,50,1,4026.5,19,2,4026.6,3,1,4026.8,12,2,4027.0,169,7
11483,2026-07-02 10:28:49+05:30,4026.3,5,4048.96,556554,135481.0,143672.0,4100.0,4110.0,4016.1,4092.6,23486925,4501.8,3683.4,4440.0,3288.1,4026.0,7,1,4025.6,1,1,4025.4,800,1,4025.1,73,4,4025.0,541,9,4026.3,50,1,4026.5,19,2,4026.6,3,1,4026.8,12,2,4027.0,169,7
11483,2026-07-02 10:28:50+05:30,4026.0,1,4048.96,556561,135483.0,143672.0,4100.0,4110.0,4016.1,4092.6,23486925,4501.8,3683.4,4440.0,3288.1,4026.0,5,1,4025.6,1,1,4025.4,800,1,4025.1,73,4,4025.0,541,9,4026.3,46,2,4026.5,19,2,4026.6,3,1,4026.8,1,1,4027.0,169,7
11483,2026-07-02 10:28:50+05:30,4026.0,1,4048.96,556561,135483.0,143672.0,4100.0,4110.0,4016.1,4092.6,23486925,4501.8,3683.4,4440.0,3288.1,4026.0,5,1,4025.6,1,1,4025.4,800,1,4025.1,73,4,4025.0,541,9,4026.3,46,2,4026.5,19,2,4026.6,3,1,4026.8,1,1,4027.0,169,7
11483,2026-07-02 10:28:51+05:30,4026.3,1,4048.96,556561,135483.0,143672.0,4100.0,4110.0,4016.1,4092.6,23486925,4501.8,3683.4,4440.0,3288.1,4026.0,5,1,4025.6,1,1,4025.4,800,1,4025.1,73,4,4025.0,541,9,4026.3,46,2,4026.5,19,2,4026.6,3,1,4026.8,1,1,4027.0,169,7
11483,2026-07-02 10:28:51+05:30,4026.3,1,4048.95,556628,136026.0,143736.0,4100.0,4110.0,4016.1,4092.6,23486925,4501.8,3683.4,4440.0,3288.1,4026.1,7,1,4026.0,11,2,4025.6,5,2,4025.5,11,1,4025.4,822,2,4026.6,3,1,4026.8,1,1,4027.0,164,6,4027.3,19,2,4027.4,63,2
11483,2026-07-02 10:28:52+05:30,4026.1,1,4048.95,556628,136026.0,143736.0,4100.0,4110.0,4016.1,4092.6,23486925,4501.8,3683.4,4440.0,3288.1,4026.1,7,1,4026.0,11,2,4025.6,5,2,4025.5,11,1,4025.4,822,2,4026.6,3,1,4026.8,1,1,4027.0,164,6,4027.3,19,2,4027.4,63,2
11483,2026-07-02 10:28:52+05:30,4026.1,1,4048.95,556629,135837.0,143635.0,4100.0,4110.0,4016.1,4092.6,23486925,4501.8,3683.4,4440.0,3288.1,4026.1,6,1,4026.0,11,2,4025.6,5,2,4025.5,13,2,4025.4,822,2,4026.5,5,1,4026.6,4,2,4026.8,36,2,4027.0,164,6,4027.3,19,2
11483,2026-07-02 10:28:53+05:30,4026.5,3,4048.95,556629,135837.0,143635.0,4100.0,4110.0,4016.1,4092.6,23486925,4501.8,3683.4,4440.0,3288.1,4026.1,6,1,4026.0,11,2,4025.6,5,2,4025.5,13,2,4025.4,822,2,4026.5,5,1,4026.6,4,2,4026.8,36,2,4027.0,164,6,4027.3,19,2
11483,2026-07-02 10:28:53+05:30,4026.5,3,4048.95,556633,135740.0,143547.0,4100.0,4110.0,4016.1,4092.6,23486925,4501.8,3683.4,4440.0,3288.1,4026.1,5,1,4026.0,11,2,4025.9,7,1,4025.8,8,1,4025.6,7,3,4026.5,2,1,4026.6,3,1,4026.8,36,2,4027.0,164,6,4027.3,1,1
11483,2026-07-02 10:28:54+05:30,4027.4,8,4048.95,556633,135740.0,143547.0,4100.0,4110.0,4016.1,4092.6,23486925,4501.8,3683.4,4440.0,3288.1,4026.1,5,1,4026.0,11,2,4025.9,7,1,4025.8,8,1,4025.6,7,3,4026.5,2,1,4026.6,3,1,4026.8,36,2,4027.0,164,6,4027.3,1,1
11483,2026-07-02 10:28:54+05:30,4027.4,8,4048.94,556896,136131.0,142368.0,4100.0,4110.0,4016.1,4092.6,23486925,4501.8,3683.4,4440.0,3288.1,4026.7,23,2,4026.6,17,3,4026.5,33,3,4026.4,59,3,4026.3,12,1,4027.9,18,1,4028.0,88,9,4028.2,203,2,4028.3,1,1,4028.4,55,4
11483,2026-07-02 10:28:55+05:30,4028.0,5,4048.94,556896,136131.0,142368.0,4100.0,4110.0,4016.1,4092.6,23486925,4501.8,3683.4,4440.0,3288.1,4026.7,23,2,4026.6,17,3,4026.5,33,3,4026.4,59,3,4026.3,12,1,4027.9,18,1,4028.0,88,9,4028.2,203,2,4028.3,1,1,4028.4,55,4
11483,2026-07-02 10:28:55+05:30,4028.0,5,4048.94,556927,135733.0,142999.0,4100.0,4110.0,4016.1,4092.6,23486925,4501.8,3683.4,4440.0,3288.1,4027.1,22,2,4027.0,800,1,4026.8,7,1,4026.7,31,2,4026.6,19,3,4028.0,89,10,4028.3,1,1,4028.4,53,3,4028.5,26,1,4028.6,175,1
11483,2026-07-02 10:28:56+05:30,4028.0,3,4048.94,556927,135733.0,142999.0,4100.0,4110.0,4016.1,4092.6,23486925,4501.8,3683.4,4440.0,3288.1,4027.1,22,2,4027.0,800,1,4026.8,7,1,4026.7,31,2,4026.6,19,3,4028.0,89,10,4028.3,1,1,4028.4,53,3,4028.5,26,1,4028.6,175,1
11483,2026-07-02 10:28:56+05:30,4028.0,3,4048.94,556963,135776.0,143146.0,4100.0,4110.0,4016.1,4092.6,23486925,4501.8,3683.4,4440.0,3288.1,4027.2,7,1,4027.1,32,2,4027.0,800,1,4026.8,7,1,4026.7,35,2,4028.0,63,8,4028.3,1,1,4028.4,53,3,4028.5,26,1,4028.6,175,1
11483,2026-07-02 10:28:57+05:30,4028.0,1,4048.94,556963,135776.0,143146.0,4100.0,4110.0,4016.1,4092.6,23486925,4501.8,3683.4,4440.0,3288.1,4027.2,7,1,4027.1,32,2,4027.0,800,1,4026.8,7,1,4026.7,35,2,4028.0,63,8,4028.3,1,1,4028.4,53,3,4028.5,26,1,4028.6,175,1
11483,2026-07-02 10:28:57+05:30,4028.0,1,4048.94,556969,136115.0,143141.0,4100.0,4110.0,4016.1,4092.6,23486925,4501.8,3683.4,4440.0,3288.1,4027.2,35,3,4027.1,49,4,4027.0,811,2,4026.8,7,1,4026.7,35,2,4028.0,58,8,4028.3,1,1,4028.4,32,2,4028.6,175,1,4028.7,12,1
11483,2026-07-02 10:28:58+05:30,4028.0,9,4048.94,556969,136115.0,143141.0,4100.0,4110.0,4016.1,4092.6,23486925,4501.8,3683.4,4440.0,3288.1,4027.2,35,3,4027.1,49,4,4027.0,811,2,4026.8,7,1,4026.7,35,2,4028.0,58,8,4028.3,1,1,4028.4,32,2,4028.6,175,1,4028.7,12,1
11483,2026-07-02 10:28:58+05:30,4027.8,1,4048.94,557106,136057.0,142718.0,4100.0,4110.0,4016.1,4092.6,23486925,4501.8,3683.4,4440.0,3288.1,4028.0,2,1,4027.6,16,1,4027.5,37,2,4027.4,10,1,4027.3,47,2,4028.7,175,1,4028.8,194,3,4028.9,53,2,4029.0,114,5,4029.3,39,4
11483,2026-07-02 10:28:59+05:30,4027.9,5,4048.94,557106,136057.0,142718.0,4100.0,4110.0,4016.1,4092.6,23486925,4501.8,3683.4,4440.0,3288.1,4028.0,2,1,4027.6,16,1,4027.5,37,2,4027.4,10,1,4027.3,47,2,4028.7,175,1,4028.8,194,3,4028.9,53,2,4029.0,114,5,4029.3,39,4
11483,2026-07-02 10:28:59+05:30,4027.0,1,4048.93,557169,135852.0,143602.0,4100.0,4110.0,4016.1,4092.6,23486925,4501.8,3683.4,4440.0,3288.1,4027.0,799,1,4026.6,3,2,4026.4,56,2,4026.3,174,3,4026.2,22,3,4027.9,113,1,4028.0,53,5,4028.3,118,4,4028.4,184,2,4028.6,186,3
11483,2026-07-02 10:29:00+05:30,4027.9,2,4048.93,557169,135852.0,143602.0,4100.0,4110.0,4016.1,4092.6,23486925,4501.8,3683.4,4440.0,3288.1,4027.0,799,1,4026.6,3,2,4026.4,56,2,4026.3,174,3,4026.2,22,3,4027.9,113,1,4028.0,53,5,4028.3,118,4,4028.4,184,2,4028.6,186,3
11483,2026-07-02 10:29:00+05:30,4027.9,37,4048.93,557213,135882.0,143834.0,4100.0,4110.0,4016.1,4092.6,23486925,4501.8,3683.4,4440.0,3288.1,4027.0,799,1,4026.6,3,2,4026.3,150,1,4026.2,2,1,4026.1,256,13,4027.9,83,3,4028.0,49,5,4028.3,37,2,4028.4,202,3,4028.5,109,3
11483,2026-07-02 10:29:01+05:30,4027.9,3,4048.93,557213,135882.0,143834.0,4100.0,4110.0,4016.1,4092.6,23486925,4501.8,3683.4,4440.0,3288.1,4027.0,799,1,4026.6,3,2,4026.3,150,1,4026.2,2,1,4026.1,256,13,4027.9,83,3,4028.0,49,5,4028.3,37,2,4028.4,202,3,4028.5,109,3
11483,2026-07-02 10:29:01+05:30,4027.9,3,4048.93,557218,135693.0,143455.0,4100.0,4110.0,4016.1,4092.6,23486925,4501.8,3683.4,4440.0,3288.1,4027.0,799,1,4026.6,3,2,4026.5,4,1,4026.4,60,2,4026.3,150,1,4027.9,78,3,4028.0,44,4,4028.3,19,1,4028.4,9,1,4028.5,75,3
11483,2026-07-02 10:29:02+05:30,4026.6,1,4048.93,557218,135693.0,143455.0,4100.0,4110.0,4016.1,4092.6,23486925,4501.8,3683.4,4440.0,3288.1,4027.0,799,1,4026.6,3,2,4026.5,4,1,4026.4,60,2,4026.3,150,1,4027.9,78,3,4028.0,44,4,4028.3,19,1,4028.4,9,1,4028.5,75,3
11483,2026-07-02 10:29:02+05:30,4027.0,2,4048.9,558126,134424.0,143780.0,4100.0,4110.0,4016.1,4092.6,23486925,4501.8,3683.4,4440.0,3288.1,4026.6,2,1,4026.3,150,1,4026.0,202,4,4025.6,8,1,4025.4,26,3,4027.2,22,3,4027.5,10,1,4027.6,17,1,4027.7,63,4,4027.8,15,3
11483,2026-07-02 10:29:03+05:30,4027.2,5,4048.9,558126,134424.0,143780.0,4100.0,4110.0,4016.1,4092.6,23486925,4501.8,3683.4,4440.0,3288.1,4026.6,2,1,4026.3,150,1,4026.0,202,4,4025.6,8,1,4025.4,26,3,4027.2,22,3,4027.5,10,1,4027.6,17,1,4027.7,63,4,4027.8,15,3
11483,2026-07-02 10:29:03+05:30,4027.2,5,4048.89,558153,134385.0,143763.0,4100.0,4110.0,4016.1,4092.6,23486925,4501.8,3683.4,4440.0,3288.1,4026.6,2,1,4026.3,150,1,4026.0,202,4,4025.6,8,1,4025.5,2,1,4027.2,18,3,4027.5,10,1,4027.7,80,5,4027.8,15,3,4027.9,41,4
11483,2026-07-02 10:29:04+05:30,4027.2,1,4048.89,558153,134385.0,143763.0,4100.0,4110.0,4016.1,4092.6,23486925,4501.8,3683.4,4440.0,3288.1,4026.6,2,1,4026.3,150,1,4026.0,202,4,4025.6,8,1,4025.5,2,1,4027.2,18,3,4027.5,10,1,4027.7,80,5,4027.8,15,3,4027.9,41,4
11483,2026-07-02 10:29:04+05:30,4026.6,1,4048.89,558155,134339.0,143774.0,4100.0,4110.0,4016.1,4092.6,23486925,4501.8,3683.4,4440.0,3288.1,4026.6,1,1,4026.3,150,1,4026.0,202,4,4025.6,8,1,4025.5,2,1,4027.2,1,1,4027.5,10,1,4027.7,40,2,4027.8,15,3,4027.9,40,3
11483,2026-07-02 10:29:05+05:30,4027.2,1,4048.89,558155,134339.0,143774.0,4100.0,4110.0,4016.1,4092.6,23486925,4501.8,3683.4,4440.0,3288.1,4026.6,1,1,4026.3,150,1,4026.0,202,4,4025.6,8,1,4025.5,2,1,4027.2,1,1,4027.5,10,1,4027.7,40,2,4027.8,15,3,4027.9,40,3
11483,2026-07-02 10:29:05+05:30,4027.7,1,4048.88,558682,134448.0,143576.0,4100.0,4110.0,4016.1,4092.6,23486925,4501.8,3683.4,4440.0,3288.1,4027.2,4,1,4026.6,1,1,4026.3,150,1,4026.1,2,1,4026.0,324,6,4027.7,26,2,4027.8,2,1,4027.9,10,2,4028.0,38,4,4028.1,63,5
11483,2026-07-02 10:29:06+05:30,4027.7,7,4048.88,558682,134448.0,143576.0,4100.0,4110.0,4016.1,4092.6,23486925,4501.8,3683.4,4440.0,3288.1,4027.2,4,1,4026.6,1,1,4026.3,150,1,4026.1,2,1,4026.0,324,6,4027.7,26,2,4027.8,2,1,4027.9,10,2,4028.0,38,4,4028.1,63,5
11483,2026-07-02 10:29:06+05:30,4027.7,1,4048.87,558699,134430.0,143569.0,4100.0,4110.0,4016.1,4092.6,23486925,4501.8,3683.4,4440.0,3288.1,4027.2,3,1,4026.6,6,2,4026.4,1,1,4026.3,150,1,4026.1,2,1,4027.7,1,1,4027.9,19,2,4028.0,47,5,4028.1,52,4,4028.2,42,4
11483,2026-07-02 10:29:07+05:30,4026.6,5,4048.87,558699,134430.0,143569.0,4100.0,4110.0,4016.1,4092.6,23486925,4501.8,3683.4,4440.0,3288.1,4027.2,3,1,4026.6,6,2,4026.4,1,1,4026.3,150,1,4026.1,2,1,4027.7,1,1,4027.9,19,2,4028.0,47,5,4028.1,52,4,4028.2,42,4
11483,2026-07-02 10:29:07+05:30,4028.0,7,4048.87,558889,134984.0,143495.0,4100.0,4110.0,4016.1,4092.6,23486925,4501.8,3683.4,4440.0,3288.1,4026.8,44,4,4026.7,42,4,4026.6,28,4,4026.5,34,3,4026.4,35,4,4028.0,43,4,4028.1,52,4,4028.2,203,4,4028.3,34,3,4028.4,13,1
11483,2026-07-02 10:29:08+05:30,4028.0,1,4048.87,558889,134984.0,143495.0,4100.0,4110.0,4016.1,4092.6,23486925,4501.8,3683.4,4440.0,3288.1,4026.8,44,4,4026.7,42,4,4026.6,28,4,4026.5,34,3,4026.4,35,4,4028.0,43,4,4028.1,52,4,4028.2,203,4,4028.3,34,3,4028.4,13,1
11483,2026-07-02 10:29:08+05:30,4028.0,8,4048.87,558930,135083.0,143506.0,4100.0,4110.0,4016.1,4092.6,23486925,4501.8,3683.4,4440.0,3288.1,4027.2,7,1,4027.1,39,3,4027.0,62,4,4026.9,27,3,4026.8,17,2,4028.0,38,5,4028.1,52,4,4028.2,203,4,4028.3,34,3,4028.6,5,1
11483,2026-07-02 10:29:09+05:30,4028.0,3,4048.87,558930,135083.0,143506.0,4100.0,4110.0,4016.1,4092.6,23486925,4501.8,3683.4,4440.0,3288.1,4027.2,7,1,4027.1,39,3,4027.0,62,4,4026.9,27,3,4026.8,17,2,4028.0,38,5,4028.1,52,4,4028.2,203,4,4028.3,34,3,4028.6,5,1
11483,2026-07-02 10:29:09+05:30,4028.0,3,4048.87,558935,135279.0,143647.0,4100.0,4110.0,4016.1,4092.6,23486925,4501.8,3683.4,4440.0,3288.1,4027.7,1,1,4027.0,28,2,4026.9,37,3,4026.8,17,2,4026.7,21,3,4028.0,15,2,4028.1,52,4,4028.2,203,4,4028.3,34,3,4028.4,175,1
11483,2026-07-02 10:29:10+05:30,4027.7,1,4048.87,558935,135279.0,143647.0,4100.0,4110.0,4016.1,4092.6,23486925,4501.8,3683.4,4440.0,3288.1,4027.7,1,1,4027.0,28,2,4026.9,37,3,4026.8,17,2,4026.7,21,3,4028.0,15,2,4028.1,52,4,4028.2,203,4,4028.3,34,3,4028.4,175,1
11483,2026-07-02 10:29:10+05:30,4027.7,1,4048.86,558996,135305.0,143920.0,4100.0,4110.0,4016.1,4092.6,23486925,4501.8,3683.4,4440.0,3288.1,4027.2,2,1,4027.0,20,1,4026.6,18,2,4026.5,126,3,4026.4,20,2,4027.4,129,1,4027.8,198,3,4028.0,207,5,4028.2,29,2,4028.3,15,1
11483,2026-07-02 10:29:11+05:30,4027.7,1,4048.86,558996,135357.0,143984.0,4100.0,4110.0,4016.1,4092.6,23486925,4501.8,3683.4,4440.0,3288.1,4027.2,2,1,4027.0,20,1,4026.6,18,2,4026.5,126,3,4026.4,20,2,4027.4,131,2,4027.8,198,3,4027.9,50,1,4028.0,206,4,4028.2,29,2
11483,2026-07-02 10:29:12+05:30,4027.7,1,4048.86,558996,135349.0,144020.0,4100.0,4110.0,4016.1,4092.6,23486925,4501.8,3683.4,4440.0,3288.1,4027.2,2,1,4027.0,20,1,4026.6,18,2,4026.5,112,2,4026.4,20,2,4027.4,132,3,4027.8,198,3,4027.9,50,1,4028.0,206,4,4028.2,29,2
11483,2026-07-02 10:29:13+05:30,4027.4,1,4048.86,558996,135349.0,144020.0,4100.0,4110.0,4016.1,4092.6,23486925,4501.8,3683.4,4440.0,3288.1,4027.2,2,1,4027.0,20,1,4026.6,18,2,4026.5,112,2,4026.4,20,2,4027.4,132,3,4027.8,198,3,4027.9,50,1,4028.0,206,4,4028.2,29,2
11483,2026-07-02 10:29:13+05:30,4027.4,1,4048.86,559000,135424.0,144237.0,4100.0,4110.0,4016.1,4092.6,23486925,4501.8,3683.4,4440.0,3288.1,4027.0,20,1,4026.6,18,2,4026.5,112,2,4026.4,20,2,4026.3,152,2,4027.4,130,3,4027.8,198,3,4027.9,70,2,4028.0,206,4,4028.2,29,2
11483,2026-07-02 10:29:14+05:30,4027.4,6,4048.86,559000,135424.0,144237.0,4100.0,4110.0,4016.1,4092.6,23486925,4501.8,3683.4,4440.0,3288.1,4027.0,20,1,4026.6,18,2,4026.5,112,2,4026.4,20,2,4026.3,152,2,4027.4,130,3,4027.8,198,3,4027.9,70,2,4028.0,206,4,4028.2,29,2
11483,2026-07-02 10:29:14+05:30,4027.4,10,4048.86,559037,135381.0,144224.0,4100.0,4110.0,4016.1,4092.6,23486925,4501.8,3683.4,4440.0,3288.1,4027.0,35,2,4026.8,7,1,4026.7,8,1,4026.6,12,1,4026.5,112,2,4027.4,96,3,4027.8,198,3,4027.9,70,2,4028.0,206,4,4028.1,3,1
11483,2026-07-02 10:29:15+05:30,4027.4,1,4048.86,559037,135381.0,144224.0,4100.0,4110.0,4016.1,4092.6,23486925,4501.8,3683.4,4440.0,3288.1,4027.0,35,2,4026.8,7,1,4026.7,8,1,4026.6,12,1,4026.5,112,2,4027.4,96,3,4027.8,198,3,4027.9,70,2,4028.0,206,4,4028.1,3,1
11483,2026-07-02 10:29:15+05:30,4027.8,8,4048.86,559146,135251.0,143840.0,4100.0,4110.0,4016.1,4092.6,23486925,4501.8,3683.4,4440.0,3288.1,4027.1,8,1,4027.0,35,2,4026.7,8,1,4026.6,10,2,4026.5,112,2,4027.8,18,1,4027.9,70,2,4028.0,206,4,4028.1,6,2,4028.2,11,1
11483,2026-07-02 10:29:16+05:30,4027.9,7,4048.86,559146,135251.0,143840.0,4100.0,4110.0,4016.1,4092.6,23486925,4501.8,3683.4,4440.0,3288.1,4027.1,8,1,4027.0,35,2,4026.7,8,1,4026.6,10,2,4026.5,112,2,4027.8,18,1,4027.9,70,2,4028.0,206,4,4028.1,6,2,4028.2,11,1
11483,2026-07-02 10:29:16+05:30,4027.9,2,4048.85,559269,135366.0,143158.0,4100.0,4110.0,4016.1,4092.6,23486925,4501.8,3683.4,4440.0,3288.1,4027.4,30,4,4027.3,19,2,4027.2,45,4,4027.1,9,1,4027.0,48,5,4027.9,68,2,4028.1,3,1,4028.3,2,1,4028.6,5,1,4028.7,30,2
11483,2026-07-02 10:29:17+05:30,4027.4,1,4048.85,559269,135366.0,143158.0,4100.0,4110.0,4016.1,4092.6,23486925,4501.8,3683.4,4440.0,3288.1,4027.4,30,4,4027.3,19,2,4027.2,45,4,4027.1,9,1,4027.0,48,5,4027.9,68,2,4028.1,3,1,4028.3,2,1,4028.6,5,1,4028.7,30,2
11483,2026-07-02 10:29:17+05:30,4027.4,1,4048.85,559270,135446.0,143816.0,4100.0,4110.0,4016.1,4092.6,23486925,4501.8,3683.4,4440.0,3288.1,4027.4,99,2,4027.2,10,1,4027.1,9,1,4027.0,46,4,4026.9,10,1,4027.8,175,1,4027.9,87,4,4028.0,190,2,4028.1,3,1,4028.3,2,1
11483,2026-07-02 10:29:18+05:30,4027.4,1,4048.85,559270,135446.0,143816.0,4100.0,4110.0,4016.1,4092.6,23486925,4501.8,3683.4,4440.0,3288.1,4027.4,99,2,4027.2,10,1,4027.1,9,1,4027.0,46,4,4026.9,10,1,4027.8,175,1,4027.9,87,4,4028.0,190,2,4028.1,3,1,4028.3,2,1
11483,2026-07-02 10:29:18+05:30,4027.4,1,4048.85,559283,135423.0,143379.0,4100.0,4110.0,4016.1,4092.6,23486925,4501.8,3683.4,4440.0,3288.1,4027.4,86,2,4027.0,37,3,4026.9,10,1,4026.7,27,2,4026.6,12,2,4027.8,3,1,4027.9,20,2,4028.0,25,3,4028.1,3,1,4028.3,2,1
11483,2026-07-02 10:29:19+05:30,4027.4,1,4048.85,559283,135423.0,143379.0,4100.0,4110.0,4016.1,4092.6,23486925,4501.8,3683.4,4440.0,3288.1,4027.4,86,2,4027.0,37,3,4026.9,10,1,4026.7,27,2,4026.6,12,2,4027.8,3,1,4027.9,20,2,4028.0,25,3,4028.1,3,1,4028.3,2,1
11483,2026-07-02 10:29:19+05:30,4027.9,14,4048.85,559328,135456.0,143443.0,4100.0,4110.0,4016.1,4092.6,23486925,4501.8,3683.4,4440.0,3288.1,4027.4,85,2,4027.0,37,3,4026.9,10,1,4026.7,49,3,4026.6,12,2,4027.9,20,1,4028.0,25,3,4028.1,3,1,4028.3,2,1,4028.5,10,1
11483,2026-07-02 10:29:20+05:30,4027.9,14,4048.85,559328,135456.0,143443.0,4100.0,4110.0,4016.1,4092.6,23486925,4501.8,3683.4,4440.0,3288.1,4027.4,85,2,4027.0,37,3,4026.9,10,1,4026.7,49,3,4026.6,12,2,4027.9,20,1,4028.0,25,3,4028.1,3,1,4028.3,2,1,4028.5,10,1
11483,2026-07-02 10:29:20+05:30,4027.4,1,4048.85,559328,135456.0,143443.0,4100.0,4110.0,4016.1,4092.6,23486925,4501.8,3683.4,4440.0,3288.1,4027.4,85,2,4027.0,37,3,4026.9,10,1,4026.7,49,3,4026.6,12,2,4027.9,20,1,4028.0,25,3,4028.1,3,1,4028.3,2,1,4028.5,10,1
11483,2026-07-02 10:29:20+05:30,4027.4,1,4048.85,559328,135456.0,143443.0,4100.0,4110.0,4016.1,4092.6,23486925,4501.8,3683.4,4440.0,3288.1,4027.4,85,2,4027.0,37,3,4026.9,10,1,4026.7,49,3,4026.6,12,2,4027.9,20,1,4028.0,25,3,4028.1,3,1,4028.3,2,1,4028.5,10,1
11483,2026-07-02 10:29:20+05:30,4027.4,1,4048.85,559334,135391.0,143392.0,4100.0,4110.0,4016.1,4092.6,23486925,4501.8,3683.4,4440.0,3288.1,4027.4,84,2,4027.0,38,4,4026.9,10,1,4026.7,49,3,4026.6,12,2,4027.9,16,2,4028.0,46,5,4028.1,3,1,4028.3,15,2,4028.5,10,1
11483,2026-07-02 10:29:20+05:30,4027.4,1,4048.85,559334,135391.0,143392.0,4100.0,4110.0,4016.1,4092.6,23486925,4501.8,3683.4,4440.0,3288.1,4027.4,84,2,4027.0,38,4,4026.9,10,1,4026.7,49,3,4026.6,12,2,4027.9,16,2,4028.0,46,5,4028.1,3,1,4028.3,15,2,4028.5,10,1
11483,2026-07-02 10:29:21+05:30,4027.4,1,4048.85,559334,135391.0,143392.0,4100.0,4110.0,4016.1,4092.6,23486925,4501.8,3683.4,4440.0,3288.1,4027.4,84,2,4027.0,38,4,4026.9,10,1,4026.7,49,3,4026.6,12,2,4027.9,16,2,4028.0,46,5,4028.1,3,1,4028.3,15,2,4028.5,10,1
11483,2026-07-02 10:29:21+05:30,4027.4,1,4048.85,559334,135391.0,143392.0,4100.0,4110.0,4016.1,4092.6,23486925,4501.8,3683.4,4440.0,3288.1,4027.4,84,2,4027.0,38,4,4026.9,10,1,4026.7,49,3,4026.6,12,2,4027.9,16,2,4028.0,46,5,4028.1,3,1,4028.3,15,2,4028.5,10,1
11483,2026-07-02 10:29:21+05:30,4027.4,1,4048.85,559386,135568.0,143162.0,4100.0,4110.0,4016.1,4092.6,23486925,4501.8,3683.4,4440.0,3288.1,4027.4,33,1,4027.1,2,1,4027.0,36,3,4026.8,2,1,4026.7,49,3,4027.9,15,2,4028.0,46,5,4028.1,3,1,4028.3,2,1,4028.5,10,1
11483,2026-07-02 10:29:21+05:30,4027.4,1,4048.85,559386,135568.0,143162.0,4100.0,4110.0,4016.1,4092.6,23486925,4501.8,3683.4,4440.0,3288.1,4027.4,33,1,4027.1,2,1,4027.0,36,3,4026.8,2,1,4026.7,49,3,4027.9,15,2,4028.0,46,5,4028.1,3,1,4028.3,2,1,4028.5,10,1
11483,2026-07-02 10:29:22+05:30,4027.0,1,4048.85,559386,135568.0,143162.0,4100.0,4110.0,4016.1,4092.6,23486925,4501.8,3683.4,4440.0,3288.1,4027.4,33,1,4027.1,2,1,4027.0,36,3,4026.8,2,1,4026.7,49,3,4027.9,15,2,4028.0,46,5,4028.1,3,1,4028.3,2,1,4028.5,10,1
11483,2026-07-02 10:29:22+05:30,4027.0,1,4048.85,559386,135568.0,143162.0,4100.0,4110.0,4016.1,4092.6,23486925,4501.8,3683.4,4440.0,3288.1,4027.4,33,1,4027.1,2,1,4027.0,36,3,4026.8,2,1,4026.7,49,3,4027.9,15,2,4028.0,46,5,4028.1,3,1,4028.3,2,1,4028.5,10,1
11483,2026-07-02 10:29:22+05:30,4027.5,34,4048.84,559510,135034.0,144221.0,4100.0,4110.0,4016.1,4092.6,23486925,4501.8,3683.4,4440.0,3288.1,4026.3,154,2,4026.0,242,4,4025.5,2,1,4025.4,37,3,4025.2,84,2,4027.6,63,4,4027.7,37,1,4027.8,76,5,4027.9,67,4,4028.0,84,9
11483,2026-07-02 10:29:22+05:30,4027.5,34,4048.84,559510,135034.0,144221.0,4100.0,4110.0,4016.1,4092.6,23486925,4501.8,3683.4,4440.0,3288.1,4026.3,154,2,4026.0,242,4,4025.5,2,1,4025.4,37,3,4025.2,84,2,4027.6,63,4,4027.7,37,1,4027.8,76,5,4027.9,67,4,4028.0,84,9
11483,2026-07-02 10:29:23+05:30,4027.5,34,4048.84,559510,135034.0,144221.0,4100.0,4110.0,4016.1,4092.6,23486925,4501.8,3683.4,4440.0,3288.1,4026.3,154,2,4026.0,242,4,4025.5,2,1,4025.4,37,3,4025.2,84,2,4027.6,63,4,4027.7,37,1,4027.8,76,5,4027.9,67,4,4028.0,84,9
11483,2026-07-02 10:29:23+05:30,4027.5,34,4048.84,559510,135034.0,144221.0,4100.0,4110.0,4016.1,4092.6,23486925,4501.8,3683.4,4440.0,3288.1,4026.3,154,2,4026.0,242,4,4025.5,2,1,4025.4,37,3,4025.2,84,2,4027.6,63,4,4027.7,37,1,4027.8,76,5,4027.9,67,4,4028.0,84,9
11483,2026-07-02 10:29:23+05:30,4027.5,34,4048.84,559510,135034.0,144221.0,4100.0,4110.0,4016.1,4092.6,23486925,4501.8,3683.4,4440.0,3288.1,4026.3,154,2,4026.0,242,4,4025.5,2,1,4025.4,37,3,4025.2,84,2,4027.6,63,4,4027.7,37,1,4027.8,76,5,4027.9,67,4,4028.0,84,9
11483,2026-07-02 10:29:23+05:30,4027.5,34,4048.84,559510,135034.0,144221.0,4100.0,4110.0,4016.1,4092.6,23487625,4501.8,3683.4,4440.0,3288.1,4026.3,154,2,4026.0,242,4,4025.5,2,1,4025.4,37,3,4025.2,84,2,4027.6,63,4,4027.7,37,1,4027.8,76,5,4027.9,67,4,4028.0,84,9
11483,2026-07-02 10:29:23+05:30,4027.6,1,4048.84,559513,135630.0,143894.0,4100.0,4110.0,4016.1,4092.6,23487625,4501.8,3683.4,4440.0,3288.1,4027.0,200,1,4026.3,154,2,4026.1,4,1,4026.0,264,5,4025.7,24,2,4027.6,33,3,4027.7,10,1,4027.8,18,3,4027.9,42,2,4028.0,84,9
11483,2026-07-02 10:29:24+05:30,4027.6,1,4048.84,559513,135630.0,143894.0,4100.0,4110.0,4016.1,4092.6,23487625,4501.8,3683.4,4440.0,3288.1,4027.0,200,1,4026.3,154,2,4026.1,4,1,4026.0,264,5,4025.7,24,2,4027.6,33,3,4027.7,10,1,4027.8,18,3,4027.9,42,2,4028.0,84,9
11483,2026-07-02 10:29:24+05:30,4027.6,1,4048.84,559513,135630.0,143894.0,4100.0,4110.0,4016.1,4092.6,23487625,4501.8,3683.4,4440.0,3288.1,4027.0,200,1,4026.3,154,2,4026.1,4,1,4026.0,264,5,4025.7,24,2,4027.6,33,3,4027.7,10,1,4027.8,18,3,4027.9,42,2,4028.0,84,9
11483,2026-07-02 10:29:24+05:30,4027.6,1,4048.84,559513,135630.0,143894.0,4100.0,4110.0,4016.1,4092.6,23487625,4501.8,3683.4,4440.0,3288.1,4027.0,200,1,4026.3,154,2,4026.1,4,1,4026.0,264,5,4025.7,24,2,4027.6,33,3,4027.7,10,1,4027.8,18,3,4027.9,42,2,4028.0,84,9
11483,2026-07-02 10:29:24+05:30,4027.0,10,4048.84,559538,135648.0,143873.0,4100.0,4110.0,4016.1,4092.6,23487625,4501.8,3683.4,4440.0,3288.1,4027.0,190,1,4026.3,154,2,4026.1,6,2,4026.0,264,5,4025.7,22,1,4027.6,18,3,4027.7,10,1,4027.8,18,3,4027.9,42,2,4028.0,84,9
11483,2026-07-02 10:29:24+05:30,4027.0,10,4048.84,559538,135648.0,143873.0,4100.0,4110.0,4016.1,4092.6,23487625,4501.8,3683.4,4440.0,3288.1,4027.0,190,1,4026.3,154,2,4026.1,6,2,4026.0,264,5,4025.7,22,1,4027.6,18,3,4027.7,10,1,4027.8,18,3,4027.9,42,2,4028.0,84,9
11483,2026-07-02 10:29:25+05:30,4027.0,10,4048.84,559538,135648.0,143873.0,4100.0,4110.0,4016.1,4092.6,23487625,4501.8,3683.4,4440.0,3288.1,4027.0,190,1,4026.3,154,2,4026.1,6,2,4026.0,264,5,4025.7,22,1,4027.6,18,3,4027.7,10,1,4027.8,18,3,4027.9,42,2,4028.0,84,9
11483,2026-07-02 10:29:25+05:30,4027.2,73,4048.84,559538,135648.0,143873.0,4100.0,4110.0,4016.1,4092.6,23487625,4501.8,3683.4,4440.0,3288.1,4027.0,190,1,4026.3,154,2,4026.1,6,2,4026.0,264,5,4025.7,22,1,4027.6,18,3,4027.7,10,1,4027.8,18,3,4027.9,42,2,4028.0,84,9
11483,2026-07-02 10:29:25+05:30,4027.2,73,4048.84,559538,135648.0,143873.0,4100.0,4110.0,4016.1,4092.6,23487625,4501.8,3683.4,4440.0,3288.1,4027.0,190,1,4026.3,154,2,4026.1,6,2,4026.0,264,5,4025.7,22,1,4027.6,18,3,4027.7,10,1,4027.8,18,3,4027.9,42,2,4028.0,84,9
11483,2026-07-02 10:29:25+05:30,4027.2,73,4048.83,559801,135069.0,143825.0,4100.0,4110.0,4016.1,4092.6,23487625,4501.8,3683.4,4440.0,3288.1,4026.3,154,2,4026.0,242,4,4025.4,2,1,4025.3,4,2,4025.2,84,2,4027.2,15,2,4027.4,20,3,4027.5,10,1,4027.6,62,4,4027.7,50,3
11483,2026-07-02 10:29:26+05:30,4027.2,2,4048.83,559801,135069.0,143825.0,4100.0,4110.0,4016.1,4092.6,23487625,4501.8,3683.4,4440.0,3288.1,4026.3,154,2,4026.0,242,4,4025.4,2,1,4025.3,4,2,4025.2,84,2,4027.2,15,2,4027.4,20,3,4027.5,10,1,4027.6,62,4,4027.7,50,3
11483,2026-07-02 10:29:26+05:30,4027.5,7,4048.83,559899,135103.0,144030.0,4100.0,4110.0,4016.1,4092.6,23487625,4501.8,3683.4,4440.0,3288.1,4026.3,154,2,4026.0,242,4,4025.5,6,1,4025.4,26,3,4025.3,2,1,4027.5,31,1,4027.6,52,3,4027.7,50,3,4027.8,54,3,4027.9,20,3
11483,2026-07-02 10:29:27+05:30,4027.5,7,4048.83,559899,135103.0,144030.0,4100.0,4110.0,4016.1,4092.6,23487625,4501.8,3683.4,4440.0,3288.1,4026.3,154,2,4026.0,242,4,4025.5,6,1,4025.4,26,3,4025.3,2,1,4027.5,31,1,4027.6,52,3,4027.7,50,3,4027.8,54,3,4027.9,20,3
11483,2026-07-02 10:29:27+05:30,4027.5,7,4048.83,559899,135100.0,143962.0,4100.0,4110.0,4016.1,4092.6,23487625,4501.8,3683.4,4440.0,3288.1,4026.3,154,2,4026.0,242,4,4025.5,6,1,4025.4,24,2,4025.3,4,2,4027.4,45,4,4027.5,20,2,4027.6,42,2,4027.7,31,2,4027.8,64,4
11483,2026-07-02 10:29:28+05:30,4027.4,95,4048.82,560049,134976.0,144948.0,4100.0,4110.0,4016.1,4092.6,23487625,4501.8,3683.4,4440.0,3288.1,4026.3,4,1,4026.0,242,4,4025.5,2,1,4025.4,24,2,4025.2,26,3,4027.5,15,2,4027.6,61,3,4027.7,87,3,4027.8,112,5,4027.9,86,5
11483,2026-07-02 10:29:29+05:30,4027.4,95,4048.82,560049,134976.0,144948.0,4100.0,4110.0,4016.1,4092.6,23487625,4501.8,3683.4,4440.0,3288.1,4026.3,4,1,4026.0,242,4,4025.5,2,1,4025.4,24,2,4025.2,26,3,4027.5,15,2,4027.6,61,3,4027.7,87,3,4027.8,112,5,4027.9,86,5
11483,2026-07-02 10:29:29+05:30,4027.5,1,4048.82,560050,134976.0,145088.0,4100.0,4110.0,4016.1,4092.6,23487625,4501.8,3683.4,4440.0,3288.1,4026.3,4,1,4026.1,1,1,4026.0,242,4,4025.5,2,1,4025.4,2,1,4027.5,17,3,4027.6,60,3,4027.7,227,3,4027.8,126,5,4027.9,68,4
11483,2026-07-02 10:29:30+05:30,4027.5,1,4048.82,560050,134976.0,145088.0,4100.0,4110.0,4016.1,4092.6,23487625,4501.8,3683.4,4440.0,3288.1,4026.3,4,1,4026.1,1,1,4026.0,242,4,4025.5,2,1,4025.4,2,1,4027.5,17,3,4027.6,60,3,4027.7,227,3,4027.8,126,5,4027.9,68,4
11483,2026-07-02 10:29:30+05:30,4027.5,1,4048.82,560051,135043.0,145131.0,4100.0,4110.0,4016.1,4092.6,23487625,4501.8,3683.4,4440.0,3288.1,4026.3,4,1,4026.1,1,1,4026.0,342,5,4025.5,2,1,4025.4,2,1,4027.5,16,3,4027.6,53,2,4027.7,227,3,4027.8,107,4,4027.9,68,4
11483,2026-07-02 10:29:31+05:30,4027.5,3,4048.82,560051,135043.0,145131.0,4100.0,4110.0,4016.1,4092.6,23487625,4501.8,3683.4,4440.0,3288.1,4026.3,4,1,4026.1,1,1,4026.0,342,5,4025.5,2,1,4025.4,2,1,4027.5,16,3,4027.6,53,2,4027.7,227,3,4027.8,107,4,4027.9,68,4
11483,2026-07-02 10:29:31+05:30,4027.2,5,4048.82,560066,134862.0,145090.0,4100.0,4110.0,4016.1,4092.6,23487625,4501.8,3683.4,4440.0,3288.1,4026.3,4,1,4026.1,1,1,4026.0,164,4,4025.4,13,3,4025.3,34,2,4027.4,23,3,4027.5,32,3,4027.6,53,2,4027.7,227,3,4027.8,69,3
11483,2026-07-02 10:29:32+05:30,4026.0,100,4048.82,560066,134862.0,145090.0,4100.0,4110.0,4016.1,4092.6,23487625,4501.8,3683.4,4440.0,3288.1,4026.3,4,1,4026.1,1,1,4026.0,164,4,4025.4,13,3,4025.3,34,2,4027.4,23,3,4027.5,32,3,4027.6,53,2,4027.7,227,3,4027.8,69,3
11483,2026-07-02 10:29:32+05:30,4026.0,1,4048.81,560236,134052.0,145874.0,4100.0,4110.0,4016.1,4092.6,23487625,4501.8,3683.4,4440.0,3288.1,4025.4,2,1,4025.1,7,3,4025.0,647,16,4024.8,22,1,4024.6,41,3,4026.0,61,6,4026.9,10,1,4027.2,59,4,4027.3,66,3,4027.4,44,3
11483,2026-07-02 10:29:33+05:30,4026.0,2,4048.81,560236,134052.0,145874.0,4100.0,4110.0,4016.1,4092.6,23487625,4501.8,3683.4,4440.0,3288.1,4025.4,2,1,4025.1,7,3,4025.0,647,16,4024.8,22,1,4024.6,41,3,4026.0,61,6,4026.9,10,1,4027.2,59,4,4027.3,66,3,4027.4,44,3
11483,2026-07-02 10:29:33+05:30,4026.0,1,4048.81,560268,134088.0,145955.0,4100.0,4110.0,4016.1,4092.6,23487625,4501.8,3683.4,4440.0,3288.1,4025.4,2,1,4025.2,8,1,4025.1,7,3,4025.0,647,16,4024.8,22,1,4026.0,32,4,4026.9,38,1,4027.0,79,2,4027.2,57,3,4027.3,66,3
11483,2026-07-02 10:29:34+05:30,4026.0,1,4048.81,560268,134088.0,145955.0,4100.0,4110.0,4016.1,4092.6,23487625,4501.8,3683.4,4440.0,3288.1,4025.4,2,1,4025.2,8,1,4025.1,7,3,4025.0,647,16,4024.8,22,1,4026.0,32,4,4026.9,38,1,4027.0,79,2,4027.2,57,3,4027.3,66,3
11483,2026-07-02 10:29:34+05:30,4026.0,1,4048.81,560269,134118.0,146171.0,4100.0,4110.0,4016.1,4092.6,23487625,4501.8,3683.4,4440.0,3288.1,4025.4,2,1,4025.2,8,1,4025.1,5,2,4025.0,647,16,4024.9,6,1,4026.0,45,5,4026.9,38,1,4027.0,79,2,4027.2,57,3,4027.3,90,5
11483,2026-07-02 10:29:35+05:30,4026.0,2,4048.81,560269,134118.0,146171.0,4100.0,4110.0,4016.1,4092.6,23487625,4501.8,3683.4,4440.0,3288.1,4025.4,2,1,4025.2,8,1,4025.1,5,2,4025.0,647,16,4024.9,6,1,4026.0,45,5,4026.9,38,1,4027.0,79,2,4027.2,57,3,4027.3,90,5
11483,2026-07-02 10:29:35+05:30,4025.0,9,4048.81,560327,134075.0,146220.0,4100.0,4110.0,4016.1,4092.6,23487625,4501.8,3683.4,4440.0,3288.1,4025.0,618,14,4024.9,6,1,4024.8,22,1,4024.6,22,1,4024.4,60,4,4026.0,38,4,4026.7,39,2,4026.8,34,2,4026.9,41,2,4027.0,79,2
11483,2026-07-02 10:29:36+05:30,4025.0,9,4048.81,560327,134075.0,146220.0,4100.0,4110.0,4016.1,4092.6,23487625,4501.8,3683.4,4440.0,3288.1,4025.0,618,14,4024.9,6,1,4024.8,22,1,4024.6,22,1,4024.4,60,4,4026.0,38,4,4026.7,39,2,4026.8,34,2,4026.9,41,2,4027.0,79,2
11483,2026-07-02 10:29:36+05:30,4026.6,20,4048.81,560438,134134.0,146378.0,4100.0,4110.0,4016.1,4092.6,23487625,4501.8,3683.4,4440.0,3288.1,4025.0,618,14,4024.9,6,1,4024.8,22,1,4024.6,22,1,4024.4,60,4,4026.5,77,5,4026.6,66,5,4026.7,1,1,4026.9,79,4,4027.0,75,1
11483,2026-07-02 10:29:37+05:30,4026.0,4,4048.81,560438,134134.0,146378.0,4100.0,4110.0,4016.1,4092.6,23487625,4501.8,3683.4,4440.0,3288.1,4025.0,618,14,4024.9,6,1,4024.8,22,1,4024.6,22,1,4024.4,60,4,4026.5,77,5,4026.6,66,5,4026.7,1,1,4026.9,79,4,4027.0,75,1
11483,2026-07-02 10:29:37+05:30,4026.4,1,4048.81,560443,133964.0,146661.0,4100.0,4110.0,4016.1,4092.6,23487625,4501.8,3683.4,4440.0,3288.1,4025.0,618,14,4024.7,2,1,4024.6,22,1,4024.4,60,4,4024.3,7,1,4026.4,39,4,4026.5,87,6,4026.6,56,4,4026.7,1,1,4026.9,97,5
11483,2026-07-02 10:29:38+05:30,4026.5,6,4048.81,560443,133964.0,146661.0,4100.0,4110.0,4016.1,4092.6,23487625,4501.8,3683.4,4440.0,3288.1,4025.0,618,14,4024.7,2,1,4024.6,22,1,4024.4,60,4,4024.3,7,1,4026.4,39,4,4026.5,87,6,4026.6,56,4,4026.7,1,1,4026.9,97,5
11483,2026-07-02 10:29:38+05:30,4026.4,3,4048.8,560522,134076.0,146716.0,4100.0,4110.0,4016.1,4092.6,23487625,4501.8,3683.4,4440.0,3288.1,4025.0,638,15,4024.7,2,1,4024.6,22,1,4024.4,54,3,4024.3,7,1,4026.4,38,5,4026.5,118,6,4026.6,56,4,4026.7,1,1,4026.9,44,3
11483,2026-07-02 10:29:39+05:30,4026.4,2,4048.8,560522,134076.0,146716.0,4100.0,4110.0,4016.1,4092.6,23487625,4501.8,3683.4,4440.0,3288.1,4025.0,638,15,4024.7,2,1,4024.6,22,1,4024.4,54,3,4024.3,7,1,4026.4,38,5,4026.5,118,6,4026.6,56,4,4026.7,1,1,4026.9,44,3
11483,2026-07-02 10:29:39+05:30,4025.0,111,4048.8,560696,133269.0,147188.0,4100.0,4110.0,4016.1,4092.6,23487625,4501.8,3683.4,4440.0,3288.1,4025.0,487,15,4024.4,47,2,4024.1,1,1,4024.0,63,8,4023.9,27,2,4025.8,8,1,4025.9,23,3,4026.0,69,7,4026.1,74,7,4026.2,58,4
11483,2026-07-02 10:29:40+05:30,4025.0,111,4048.8,560696,133269.0,147188.0,4100.0,4110.0,4016.1,4092.6,23487625,4501.8,3683.4,4440.0,3288.1,4025.0,487,15,4024.4,47,2,4024.1,1,1,4024.0,63,8,4023.9,27,2,4025.8,8,1,4025.9,23,3,4026.0,69,7,4026.1,74,7,4026.2,58,4
11483,2026-07-02 10:29:40+05:30,4025.8,1,4048.8,560697,133126.0,147534.0,4100.0,4110.0,4016.1,4092.6,23487625,4501.8,3683.4,4440.0,3288.1,4025.0,487,15,4024.4,47,2,4024.2,2,1,4024.1,1,1,4024.0,61,7,4025.8,19,3,4025.9,13,2,4026.0,87,8,4026.1,233,6,4026.2,58,4
11483,2026-07-02 10:29:41+05:30,4025.8,5,4048.8,560697,133126.0,147534.0,4100.0,4110.0,4016.1,4092.6,23487625,4501.8,3683.4,4440.0,3288.1,4025.0,487,15,4024.4,47,2,4024.2,2,1,4024.1,1,1,4024.0,61,7,4025.8,19,3,4025.9,13,2,4026.0,87,8,4026.1,233,6,4026.2,58,4
11483,2026-07-02 10:29:41+05:30,4025.9,1,4048.79,560905,133168.0,146977.0,4100.0,4110.0,4016.1,4092.6,23487625,4501.8,3683.4,4440.0,3288.1,4025.0,487,15,4024.5,6,1,4024.4,47,2,4024.1,23,2,4024.0,61,7,4026.0,77,8,4026.1,36,3,4026.2,58,4,4026.3,44,5,4026.4,25,3
11483,2026-07-02 10:29:42+05:30,4025.9,1,4048.79,560905,133168.0,146977.0,4100.0,4110.0,4016.1,4092.6,23487625,4501.8,3683.4,4440.0,3288.1,4025.0,487,15,4024.5,6,1,4024.4,47,2,4024.1,23,2,4024.0,61,7,4026.0,77,8,4026.1,36,3,4026.2,58,4,4026.3,44,5,4026.4,25,3
11483,2026-07-02 10:29:42+05:30,4026.0,1,4048.79,560908,133253.0,146705.0,4100.0,4110.0,4016.1,4092.6,23487625,4501.8,3683.4,4440.0,3288.1,4025.0,487,15,4024.5,6,1,4024.4,69,3,4024.2,4,1,4024.1,25,3,4026.0,68,7,4026.1,21,2,4026.2,60,5,4026.3,44,5,4026.4,25,3
11483,2026-07-02 10:29:43+05:30,4026.0,1,4048.79,560908,133253.0,146705.0,4100.0,4110.0,4016.1,4092.6,23487625,4501.8,3683.4,4440.0,3288.1,4025.0,487,15,4024.5,6,1,4024.4,69,3,4024.2,4,1,4024.1,25,3,4026.0,68,7,4026.1,21,2,4026.2,60,5,4026.3,44,5,4026.4,25,3
11483,2026-07-02 10:29:43+05:30,4026.0,1,4048.79,560911,133365.0,146727.0,4100.0,4110.0,4016.1,4092.6,23487625,4501.8,3683.4,4440.0,3288.1,4025.0,532,17,4024.5,6,1,4024.4,69,3,4024.2,4,1,4024.1,25,3,4026.0,51,6,4026.1,21,2,4026.2,60,5,4026.3,44,5,4026.4,25,3
11483,2026-07-02 10:29:44+05:30,4027.0,1,4048.79,560911,133365.0,146727.0,4100.0,4110.0,4016.1,4092.6,23487625,4501.8,3683.4,4440.0,3288.1,4025.0,532,17,4024.5,6,1,4024.4,69,3,4024.2,4,1,4024.1,25,3,4026.0,51,6,4026.1,21,2,4026.2,60,5,4026.3,44,5,4026.4,25,3
11483,2026-07-02 10:29:44+05:30,4027.0,2,4048.79,560937,134662.0,145648.0,4100.0,4110.0,4016.1,4092.6,23487625,4501.8,3683.4,4440.0,3288.1,4026.0,477,1,4025.5,5,2,4025.4,32,2,4025.2,10,1,4025.1,24,1,4027.0,72,1,4027.1,18,1,4027.3,5,1,4027.4,18,2,4027.5,319,8
11483,2026-07-02 10:29:45+05:30,4027.0,2,4048.79,560937,134662.0,145648.0,4100.0,4110.0,4016.1,4092.6,23487625,4501.8,3683.4,4440.0,3288.1,4026.0,477,1,4025.5,5,2,4025.4,32,2,4025.2,10,1,4025.1,24,1,4027.0,72,1,4027.1,18,1,4027.3,5,1,4027.4,18,2,4027.5,319,8
11483,2026-07-02 10:29:45+05:30,4027.0,2,4048.79,560945,134602.0,145524.0,4100.0,4110.0,4016.1,4092.6,23487625,4501.8,3683.4,4440.0,3288.1,4026.0,477,1,4025.5,5,2,4025.4,32,2,4025.2,42,2,4025.1,24,1,4027.0,75,3,4027.1,34,2,4027.3,5,1,4027.4,18,2,4027.5,319,8
11483,2026-07-02 10:29:46+05:30,4027.0,7,4048.79,560945,134602.0,145524.0,4100.0,4110.0,4016.1,4092.6,23487625,4501.8,3683.4,4440.0,3288.1,4026.0,477,1,4025.5,5,2,4025.4,32,2,4025.2,42,2,4025.1,24,1,4027.0,75,3,4027.1,34,2,4027.3,5,1,4027.4,18,2,4027.5,319,8
11483,2026-07-02 10:29:46+05:30,4027.0,1,4048.79,560956,134611.0,145793.0,4100.0,4110.0,4016.1,4092.6,23487625,4501.8,3683.4,4440.0,3288.1,4026.0,477,1,4025.9,2,1,4025.8,5,1,4025.5,3,1,4025.4,32,2,4027.0,54,2,4027.1,34,2,4027.2,10,1,4027.3,5,1,4027.4,18,2
11483,2026-07-02 10:29:47+05:30,4027.0,1,4048.79,560956,134611.0,145793.0,4100.0,4110.0,4016.1,4092.6,23487625,4501.8,3683.4,4440.0,3288.1,4026.0,477,1,4025.9,2,1,4025.8,5,1,4025.5,3,1,4025.4,32,2,4027.0,54,2,4027.1,34,2,4027.2,10,1,4027.3,5,1,4027.4,18,2
11483,2026-07-02 10:29:47+05:30,4027.0,1,4048.79,560957,134637.0,145768.0,4100.0,4110.0,4016.1,4092.6,23487625,4501.8,3683.4,4440.0,3288.1,4026.0,478,2,4025.9,2,1,4025.8,5,1,4025.5,3,1,4025.4,32,2,4027.0,53,2,4027.1,18,1,4027.2,10,1,4027.3,5,1,4027.4,18,2
11483,2026-07-02 10:29:48+05:30,4027.0,7,4048.79,560957,134637.0,145768.0,4100.0,4110.0,4016.1,4092.6,23487625,4501.8,3683.4,4440.0,3288.1,4026.0,478,2,4025.9,2,1,4025.8,5,1,4025.5,3,1,4025.4,32,2,4027.0,53,2,4027.1,18,1,4027.2,10,1,4027.3,5,1,4027.4,18,2
11483,2026-07-02 10:29:48+05:30,4027.0,1,4048.79,560965,134799.0,145723.0,4100.0,4110.0,4016.1,4092.6,23487625,4501.8,3683.4,4440.0,3288.1,4026.0,503,3,4025.9,2,1,4025.8,5,1,4025.7,33,2,4025.5,57,3,4027.0,45,2,4027.1,18,1,4027.3,5,1,4027.4,10,1,4027.5,250,5
11483,2026-07-02 10:29:49+05:30,4026.0,2,4048.79,560965,134799.0,145723.0,4100.0,4110.0,4016.1,4092.6,23487625,4501.8,3683.4,4440.0,3288.1,4026.0,503,3,4025.9,2,1,4025.8,5,1,4025.7,33,2,4025.5,57,3,4027.0,45,2,4027.1,18,1,4027.3,5,1,4027.4,10,1,4027.5,250,5
11483,2026-07-02 10:29:49+05:30,4027.0,1,4048.79,560969,134761.0,145721.0,4100.0,4110.0,4016.1,4092.6,23487625,4501.8,3683.4,4440.0,3288.1,4026.0,501,3,4025.9,2,1,4025.8,5,1,4025.7,33,2,4025.5,20,2,4027.0,43,2,4027.1,18,1,4027.3,5,1,4027.4,10,1,4027.5,250,5
11483,2026-07-02 10:29:50+05:30,4027.4,4,4048.79,560969,134761.0,145721.0,4100.0,4110.0,4016.1,4092.6,23487625,4501.8,3683.4,4440.0,3288.1,4026.0,501,3,4025.9,2,1,4025.8,5,1,4025.7,33,2,4025.5,20,2,4027.0,43,2,4027.1,18,1,4027.3,5,1,4027.4,10,1,4027.5,250,5
11483,2026-07-02 10:29:50+05:30,4027.0,1,4048.78,561040,135222.0,147733.0,4100.0,4110.0,4016.1,4092.6,23487625,4501.8,3683.4,4440.0,3288.1,4026.6,3,1,4026.0,501,3,4025.9,2,1,4025.8,5,1,4025.5,11,2,4027.3,8,1,4027.5,253,5,4027.6,59,2,4027.7,8,2,4027.8,21,2
11483,2026-07-02 10:29:51+05:30,4027.5,6,4048.78,561040,135222.0,147733.0,4100.0,4110.0,4016.1,4092.6,23487625,4501.8,3683.4,4440.0,3288.1,4026.6,3,1,4026.0,501,3,4025.9,2,1,4025.8,5,1,4025.5,11,2,4027.3,8,1,4027.5,253,5,4027.6,59,2,4027.7,8,2,4027.8,21,2
11483,2026-07-02 10:29:51+05:30,4027.0,22,4048.78,561088,135243.0,147476.0,4100.0,4110.0,4016.1,4092.6,23487625,4501.8,3683.4,4440.0,3288.1,4027.0,28,1,4026.6,3,1,4026.1,12,1,4026.0,501,3,4025.9,7,2,4027.5,228,3,4027.6,59,2,4027.7,4,1,4027.8,21,2,4027.9,17,2
11483,2026-07-02 10:29:52+05:30,4027.0,22,4048.78,561088,135243.0,147476.0,4100.0,4110.0,4016.1,4092.6,23487625,4501.8,3683.4,4440.0,3288.1,4027.0,28,1,4026.6,3,1,4026.1,12,1,4026.0,501,3,4025.9,7,2,4027.5,228,3,4027.6,59,2,4027.7,4,1,4027.8,21,2,4027.9,17,2
11483,2026-07-02 10:29:52+05:30,4027.0,2,4048.78,561101,135308.0,147491.0,4100.0,4110.0,4016.1,4092.6,23487625,4501.8,3683.4,4440.0,3288.1,4027.0,26,2,4026.6,3,1,4026.1,12,1,4026.0,501,3,4025.9,25,3,4027.5,227,4,4027.6,59,2,4027.7,39,2,4027.8,21,2,4027.9,17,2
11483,2026-07-02 10:29:53+05:30,4027.5,140,4048.78,561101,135308.0,147491.0,4100.0,4110.0,4016.1,4092.6,23487625,4501.8,3683.4,4440.0,3288.1,4027.0,26,2,4026.6,3,1,4026.1,12,1,4026.0,501,3,4025.9,25,3,4027.5,227,4,4027.6,59,2,4027.7,39,2,4027.8,21,2,4027.9,17,2
11483,2026-07-02 10:29:53+05:30,4027.0,5,4048.77,561320,135233.0,147159.0,4100.0,4110.0,4016.1,4092.6,23487625,4501.8,3683.4,4440.0,3288.1,4026.6,3,1,4026.1,12,1,4026.0,501,3,4025.9,25,3,4025.8,27,2,4026.9,10,1,4027.5,34,3,4027.6,59,2,4027.7,35,1,4027.8,11,1
11483,2026-07-02 10:29:54+05:30,4026.9,10,4048.77,561320,135233.0,147159.0,4100.0,4110.0,4016.1,4092.6,23487625,4501.8,3683.4,4440.0,3288.1,4026.6,3,1,4026.1,12,1,4026.0,501,3,4025.9,25,3,4025.8,27,2,4026.9,10,1,4027.5,34,3,4027.6,59,2,4027.7,35,1,4027.8,11,1
11483,2026-07-02 10:29:54+05:30,4026.9,18,4048.77,561372,135192.0,147137.0,4100.0,4110.0,4016.1,4092.6,23487625,4501.8,3683.4,4440.0,3288.1,4026.6,3,1,4026.1,21,2,4026.0,513,5,4025.9,23,2,4025.8,27,2,4026.9,15,1,4027.5,29,2,4027.6,50,1,4027.7,35,1,4027.8,11,1
11483,2026-07-02 10:29:55+05:30,4027.0,1,4048.77,561372,135192.0,147137.0,4100.0,4110.0,4016.1,4092.6,23487625,4501.8,3683.4,4440.0,3288.1,4026.6,3,1,4026.1,21,2,4026.0,513,5,4025.9,23,2,4025.8,27,2,4026.9,15,1,4027.5,29,2,4027.6,50,1,4027.7,35,1,4027.8,11,1
11483,2026-07-02 10:29:55+05:30,4027.0,1,4048.77,561404,135294.0,147109.0,4100.0,4110.0,4016.1,4092.6,23487625,4501.8,3683.4,4440.0,3288.1,4026.6,3,1,4026.1,49,3,4026.0,512,4,4025.9,23,2,4025.8,27,2,4027.0,48,1,4027.4,100,1,4027.5,29,2,4027.7,35,1,4027.9,15,2
11483,2026-07-02 10:29:56+05:30,4026.3,1,4048.77,561404,135294.0,147109.0,4100.0,4110.0,4016.1,4092.6,23487625,4501.8,3683.4,4440.0,3288.1,4026.6,3,1,4026.1,49,3,4026.0,512,4,4025.9,23,2,4025.8,27,2,4027.0,48,1,4027.4,100,1,4027.5,29,2,4027.7,35,1,4027.9,15,2
11483,2026-07-02 10:29:56+05:30,4026.3,190,4048.76,561654,135223.0,146980.0,4100.0,4110.0,4016.1,4092.6,23487625,4501.8,3683.4,4440.0,3288.1,4026.3,79,6,4026.2,31,3,4026.1,39,5,4026.0,544,6,4025.9,20,3,4027.0,49,2,4027.4,100,1,4027.5,64,3,4027.9,5,1,4028.0,282,11
11483,2026-07-02 10:29:57+05:30,4027.0,10,4048.76,561654,135223.0,146980.0,4100.0,4110.0,4016.1,4092.6,23487625,4501.8,3683.4,4440.0,3288.1,4026.3,79,6,4026.2,31,3,4026.1,39,5,4026.0,544,6,4025.9,20,3,4027.0,49,2,4027.4,100,1,4027.5,64,3,4027.9,5,1,4028.0,282,11
11483,2026-07-02 10:29:57+05:30,4028.0,122,4048.74,562070,135723.0,146552.0,4100.0,4110.0,4016.1,4092.6,23487625,4501.8,3683.4,4440.0,3288.1,4026.6,27,4,4026.5,94,6,4026.4,44,5,4026.3,58,6,4026.2,35,4,4027.8,53,1,4028.0,44,3,4028.1,15,2,4028.3,2,1,4028.6,23,2
11483,2026-07-02 10:29:58+05:30,4028.0,122,4048.74,562070,135723.0,146552.0,4100.0,4110.0,4016.1,4092.6,23487625,4501.8,3683.4,4440.0,3288.1,4026.6,27,4,4026.5,94,6,4026.4,44,5,4026.3,58,6,4026.2,35,4,4027.8,53,1,4028.0,44,3,4028.1,15,2,4028.3,2,1,4028.6,23,2
11483,2026-07-02 10:29:58+05:30,4027.8,1,4048.74,562071,135720.0,146589.0,4100.0,4110.0,4016.1,4092.6,23487625,4501.8,3683.4,4440.0,3288.1,4026.6,27,4,4026.5,112,7,4026.4,44,5,4026.3,50,5,4026.2,22,3,4027.8,57,2,4028.0,44,3,4028.1,15,2,4028.3,2,1,4028.6,23,2
11483,2026-07-02 10:29:59+05:30,4026.6,1,4048.74,562071,135720.0,146589.0,4100.0,4110.0,4016.1,4092.6,23487625,4501.8,3683.4,4440.0,3288.1,4026.6,27,4,4026.5,112,7,4026.4,44,5,4026.3,50,5,4026.2,22,3,4027.8,57,2,4028.0,44,3,4028.1,15,2,4028.3,2,1,4028.6,23,2
11483,2026-07-02 10:29:59+05:30,4026.6,1,4048.74,562072,134795.0,146790.0,4100.0,4110.0,4016.1,4092.6,23487625,4501.8,3683.4,4440.0,3288.1,4027.0,32,1,4026.6,24,3,4026.5,53,4,4026.4,36,4,4026.3,58,5,4027.8,57,2,4028.0,58,4,4028.1,15,2,4028.3,2,1,4028.5,48,2
11483,2026-07-02 10:30:00+05:30,4027.0,1,4048.74,562072,134795.0,146790.0,4100.0,4110.0,4016.1,4092.6,23487625,4501.8,3683.4,4440.0,3288.1,4027.0,32,1,4026.6,24,3,4026.5,53,4,4026.4,36,4,4026.3,58,5,4027.8,57,2,4028.0,58,4,4028.1,15,2,4028.3,2,1,4028.5,48,2
11483,2026-07-02 10:30:00+05:30,4027.8,7,4048.74,562084,134672.0,146705.0,4100.0,4110.0,4016.1,4092.6,23487625,4501.8,3683.4,4440.0,3288.1,4027.0,56,2,4026.6,19,2,4026.5,17,1,4026.4,27,2,4026.3,36,4,4027.8,50,2,4028.0,54,4,4028.1,25,3,4028.3,2,1,4028.4,10,1
11483,2026-07-02 10:30:01+05:30,4027.8,14,4048.74,562084,134672.0,146705.0,4100.0,4110.0,4016.1,4092.6,23487625,4501.8,3683.4,4440.0,3288.1,4027.0,56,2,4026.6,19,2,4026.5,17,1,4026.4,27,2,4026.3,36,4,4027.8,50,2,4028.0,54,4,4028.1,25,3,4028.3,2,1,4028.4,10,1
11483,2026-07-02 10:30:01+05:30,4027.8,14,4048.74,562106,133193.0,146652.0,4100.0,4110.0,4016.1,4092.6,23487625,4501.8,3683.4,4440.0,3288.1,4027.0,60,3,4026.9,1,1,4026.6,19,2,4026.5,17,1,4026.4,27,2,4027.8,29,2,4028.0,54,4,4028.1,15,2,4028.3,2,1,4028.5,38,1
11483,2026-07-02 10:30:02+05:30,4027.8,1,4048.74,562106,133193.0,146652.0,4100.0,4110.0,4016.1,4092.6,23487625,4501.8,3683.4,4440.0,3288.1,4027.0,60,3,4026.9,1,1,4026.6,19,2,4026.5,17,1,4026.4,27,2,4027.8,29,2,4028.0,54,4,4028.1,15,2,4028.3,2,1,4028.5,38,1
11483,2026-07-02 10:30:02+05:30,4027.8,1,4048.74,562135,133192.0,146566.0,4100.0,4110.0,4016.1,4092.6,23487625,4501.8,3683.4,4440.0,3288.1,4027.0,46,4,4026.9,11,2,4026.6,11,2,4026.5,19,2,4026.4,27,2,4027.8,1,1,4028.0,54,4,4028.1,15,2,4028.3,2,1,4028.6,55,4
11483,2026-07-02 10:30:03+05:30,4028.0,4,4048.74,562135,133192.0,146566.0,4100.0,4110.0,4016.1,4092.6,23487625,4501.8,3683.4,4440.0,3288.1,4027.0,46,4,4026.9,11,2,4026.6,11,2,4026.5,19,2,4026.4,27,2,4027.8,1,1,4028.0,54,4,4028.1,15,2,4028.3,2,1,4028.6,55,4
11483,2026-07-02 10:30:03+05:30,4028.0,1,4048.74,562143,133218.0,146259.0,4100.0,4110.0,4016.1,4092.6,23487625,4501.8,3683.4,4440.0,3288.1,4027.0,45,4,4026.9,12,3,4026.7,4,1,4026.6,11,2,4026.5,19,2,4028.0,49,4,4028.1,15,2,4028.3,2,1,4028.6,27,2,4028.7,17,2
11483,2026-07-02 10:30:04+05:30,4027.8,1,4048.74,562143,133218.0,146259.0,4100.0,4110.0,4016.1,4092.6,23487625,4501.8,3683.4,4440.0,3288.1,4027.0,45,4,4026.9,12,3,4026.7,4,1,4026.6,11,2,4026.5,19,2,4028.0,49,4,4028.1,15,2,4028.3,2,1,4028.6,27,2,4028.7,17,2
11483,2026-07-02 10:30:04+05:30,4027.8,1,4048.74,562149,133234.0,146682.0,4100.0,4110.0,4016.1,4092.6,23487625,4501.8,3683.4,4440.0,3288.1,4027.0,34,3,4026.9,2,2,4026.8,11,1,4026.7,12,1,4026.6,11,2,4027.8,1,1,4028.0,231,7,4028.1,15,2,4028.3,2,1,4028.6,37,3
11483,2026-07-02 10:30:05+05:30,4027.6,9,4048.74,562149,133234.0,146682.0,4100.0,4110.0,4016.1,4092.6,23487625,4501.8,3683.4,4440.0,3288.1,4027.0,34,3,4026.9,2,2,4026.8,11,1,4026.7,12,1,4026.6,11,2,4027.8,1,1,4028.0,231,7,4028.1,15,2,4028.3,2,1,4028.6,37,3
11483,2026-07-02 10:30:05+05:30,4027.6,16,4048.74,562195,133376.0,146936.0,4100.0,4110.0,4016.1,4092.6,23487625,4501.8,3683.4,4440.0,3288.1,4027.0,450,4,4026.9,2,2,4026.6,11,2,4026.5,7,1,4026.4,8,1,4027.1,159,1,4028.0,211,5,4028.1,15,2,4028.2,175,1,4028.3,20,2
11483,2026-07-02 10:30:06+05:30,4027.1,8,4048.74,562195,133376.0,146936.0,4100.0,4110.0,4016.1,4092.6,23487625,4501.8,3683.4,4440.0,3288.1,4027.0,450,4,4026.9,2,2,4026.6,11,2,4026.5,7,1,4026.4,8,1,4027.1,159,1,4028.0,211,5,4028.1,15,2,4028.2,175,1,4028.3,20,2
11483,2026-07-02 10:30:06+05:30,4027.0,1,4048.74,562205,133598.0,146941.0,4100.0,4110.0,4016.1,4092.6,23487625,4501.8,3683.4,4440.0,3288.1,4027.0,538,5,4026.9,2,2,4026.6,11,2,4026.5,7,1,4026.4,8,1,4027.1,154,2,4028.0,211,5,4028.1,15,2,4028.2,175,1,4028.3,29,3
11483,2026-07-02 10:30:07+05:30,4027.1,1,4048.74,562205,133598.0,146941.0,4100.0,4110.0,4016.1,4092.6,23487625,4501.8,3683.4,4440.0,3288.1,4027.0,538,5,4026.9,2,2,4026.6,11,2,4026.5,7,1,4026.4,8,1,4027.1,154,2,4028.0,211,5,4028.1,15,2,4028.2,175,1,4028.3,29,3
11483,2026-07-02 10:30:07+05:30,4027.1,1,4048.72,562615,132743.0,147403.0,4100.0,4110.0,4016.1,4092.6,23487625,4501.8,3683.4,4440.0,3288.1,4027.0,164,3,4026.9,2,2,4026.0,586,5,4025.9,5,1,4025.8,5,1,4027.1,159,3,4027.5,9,1,4027.6,9,1,4027.7,202,4,4027.8,21,2
11483,2026-07-02 10:30:08+05:30,4027.0,23,4048.72,562615,132743.0,147403.0,4100.0,4110.0,4016.1,4092.6,23487625,4501.8,3683.4,4440.0,3288.1,4027.0,164,3,4026.9,2,2,4026.0,586,5,4025.9,5,1,4025.8,5,1,4027.1,159,3,4027.5,9,1,4027.6,9,1,4027.7,202,4,4027.8,21,2
11483,2026-07-02 10:30:08+05:30,4027.0,23,4048.69,563444,133124.0,146685.0,4100.0,4110.0,4016.1,4092.6,23487625,4501.8,3683.4,4440.0,3288.1,4027.0,140,3,4026.9,2,2,4026.1,2,1,4026.0,586,5,4025.9,7,2,4027.7,44,4,4027.9,195,2,4028.0,68,6,4028.1,16,3,4028.3,40,3
11483,2026-07-02 10:30:09+05:30,4027.0,1,4048.69,563444,133124.0,146685.0,4100.0,4110.0,4016.1,4092.6,23487625,4501.8,3683.4,4440.0,3288.1,4027.0,140,3,4026.9,2,2,4026.1,2,1,4026.0,586,5,4025.9,7,2,4027.7,44,4,4027.9,195,2,4028.0,68,6,4028.1,16,3,4028.3,40,3
11483,2026-07-02 10:30:09+05:30,4027.0,1,4048.69,563448,133208.0,146815.0,4100.0,4110.0,4016.1,4092.6,23487625,4501.8,3683.4,4440.0,3288.1,4027.0,138,4,4026.9,2,2,4026.1,2,1,4026.0,586,5,4025.9,9,3,4027.7,36,4,4027.8,3,1,4027.9,285,4,4028.0,68,6,4028.1,34,4
11483,2026-07-02 10:30:10+05:30,4027.0,1,4048.69,563448,133208.0,146815.0,4100.0,4110.0,4016.1,4092.6,23487625,4501.8,3683.4,4440.0,3288.1,4027.0,138,4,4026.9,2,2,4026.1,2,1,4026.0,586,5,4025.9,9,3,4027.7,36,4,4027.8,3,1,4027.9,285,4,4028.0,68,6,4028.1,34,4
11483,2026-07-02 10:30:10+05:30,4027.0,1,4048.69,563478,133280.0,146821.0,4100.0,4110.0,4016.1,4092.6,23487625,4501.8,3683.4,4440.0,3288.1,4027.0,137,4,4026.9,2,2,4026.1,24,2,4026.0,586,5,4025.9,7,2,4027.7,41,5,4027.8,3,1,4027.9,285,4,4028.0,262,6,4028.1,34,4
11483,2026-07-02 10:30:11+05:30,4027.7,4,4048.69,563478,133280.0,146821.0,4100.0,4110.0,4016.1,4092.6,23487625,4501.8,3683.4,4440.0,3288.1,4027.0,137,4,4026.9,2,2,4026.1,24,2,4026.0,586,5,4025.9,7,2,4027.7,41,5,4027.8,3,1,4027.9,285,4,4028.0,262,6,4028.1,34,4
11483,2026-07-02 10:30:11+05:30,4027.7,7,4048.69,563501,133335.0,146845.0,4100.0,4110.0,4016.1,4092.6,23487625,4501.8,3683.4,4440.0,3288.1,4027.0,136,5,4026.9,2,2,4026.1,24,2,4026.0,586,5,4025.9,7,2,4027.7,13,1,4027.8,3,1,4027.9,285,4,4028.0,262,6,4028.1,16,3
11483,2026-07-02 10:30:12+05:30,4027.6,1,4048.69,563501,133335.0,146845.0,4100.0,4110.0,4016.1,4092.6,23487625,4501.8,3683.4,4440.0,3288.1,4027.0,136,5,4026.9,2,2,4026.1,24,2,4026.0,586,5,4025.9,7,2,4027.7,13,1,4027.8,3,1,4027.9,285,4,4028.0,262,6,4028.1,16,3
11483,2026-07-02 10:30:12+05:30,4027.6,1,4048.69,563503,133286.0,147051.0,4100.0,4110.0,4016.1,4092.6,23487625,4501.8,3683.4,4440.0,3288.1,4027.0,154,7,4026.9,2,2,4026.1,24,2,4026.0,586,5,4025.9,7,2,4027.6,73,1,4027.7,14,2,4027.8,13,2,4027.9,210,3,4028.0,262,6
11483,2026-07-02 10:30:13+05:30,4027.6,1,4048.69,563503,133286.0,147051.0,4100.0,4110.0,4016.1,4092.6,23487625,4501.8,3683.4,4440.0,3288.1,4027.0,154,7,4026.9,2,2,4026.1,24,2,4026.0,586,5,4025.9,7,2,4027.6,73,1,4027.7,14,2,4027.8,13,2,4027.9,210,3,4028.0,262,6
11483,2026-07-02 10:30:13+05:30,4027.6,1,4048.69,563505,133277.0,147051.0,4100.0,4110.0,4016.1,4092.6,23487625,4501.8,3683.4,4440.0,3288.1,4027.0,154,7,4026.9,2,2,4026.1,32,3,4026.0,586,5,4025.9,7,2,4027.6,72,2,4027.7,13,1,4027.8,13,2,4027.9,210,3,4028.0,262,6
11483,2026-07-02 10:30:14+05:30,4027.6,1,4048.69,563505,133277.0,147051.0,4100.0,4110.0,4016.1,4092.6,23487625,4501.8,3683.4,4440.0,3288.1,4027.0,154,7,4026.9,2,2,4026.1,32,3,4026.0,586,5,4025.9,7,2,4027.6,72,2,4027.7,13,1,4027.8,13,2,4027.9,210,3,4028.0,262,6
11483,2026-07-02 10:30:14+05:30,4027.6,1,4048.69,563557,133183.0,146983.0,4100.0,4110.0,4016.1,4092.6,23487625,4501.8,3683.4,4440.0,3288.1,4027.0,154,7,4026.9,2,2,4026.1,32,3,4026.0,586,5,4025.9,7,2,4027.6,20,2,4027.7,13,1,4027.8,3,1,4027.9,210,3,4028.0,248,5
11483,2026-07-02 10:30:15+05:30,4027.0,3,4048.69,563557,133183.0,146983.0,4100.0,4110.0,4016.1,4092.6,23487625,4501.8,3683.4,4440.0,3288.1,4027.0,154,7,4026.9,2,2,4026.1,32,3,4026.0,586,5,4025.9,7,2,4027.6,20,2,4027.7,13,1,4027.8,3,1,4027.9,210,3,4028.0,248,5
11483,2026-07-02 10:30:15+05:30,4027.0,3,4048.69,563574,133157.0,146975.0,4100.0,4110.0,4016.1,4092.6,23487625,4501.8,3683.4,4440.0,3288.1,4027.0,183,7,4026.9,2,2,4026.6,12,1,4026.5,15,2,4026.4,55,3,4027.6,18,2,4027.8,3,1,4027.9,210,3,4028.0,248,5,4028.1,3,1
11483,2026-07-02 10:30:16+05:30,4027.4,1,4048.69,563574,133157.0,146975.0,4100.0,4110.0,4016.1,4092.6,23487625,4501.8,3683.4,4440.0,3288.1,4027.0,183,7,4026.9,2,2,4026.6,12,1,4026.5,15,2,4026.4,55,3,4027.6,18,2,4027.8,3,1,4027.9,210,3,4028.0,248,5,4028.1,3,1
11483,2026-07-02 10:30:16+05:30,4027.6,1,4048.67,564007,133051.0,147077.0,4100.0,4110.0,4016.1,4092.6,23487625,4501.8,3683.4,4440.0,3288.1,4027.1,1,1,4027.0,32,1,4026.9,2,2,4026.3,14,1,4026.1,28,2,4027.6,189,2,4027.8,11,3,4027.9,35,2,4028.0,245,6,4028.1,3,1
11483,2026-07-02 10:30:17+05:30,4027.0,59,4048.67,564007,133051.0,147077.0,4100.0,4110.0,4016.1,4092.6,23487625,4501.8,3683.4,4440.0,3288.1,4027.1,1,1,4027.0,32,1,4026.9,2,2,4026.3,14,1,4026.1,28,2,4027.6,189,2,4027.8,11,3,4027.9,35,2,4028.0,245,6,4028.1,3,1
11483,2026-07-02 10:30:17+05:30,4027.0,1,4048.67,564079,132894.0,147776.0,4100.0,4110.0,4016.1,4092.6,23487625,4501.8,3683.4,4440.0,3288.1,4026.9,2,2,4026.1,16,1,4026.0,586,5,4025.9,24,2,4025.8,5,1,4027.0,113,1,4027.4,198,3,4027.6,184,3,4027.7,20,1,4027.8,31,5
11483,2026-07-02 10:30:18+05:30,4027.0,1,4048.67,564079,132894.0,147776.0,4100.0,4110.0,4016.1,4092.6,23487625,4501.8,3683.4,4440.0,3288.1,4026.9,2,2,4026.1,16,1,4026.0,586,5,4025.9,24,2,4025.8,5,1,4027.0,113,1,4027.4,198,3,4027.6,184,3,4027.7,20,1,4027.8,31,5
11483,2026-07-02 10:30:18+05:30,4027.0,100,4048.66,564181,132940.0,147591.0,4100.0,4110.0,4016.1,4092.6,23487625,4501.8,3683.4,4440.0,3288.1,4026.9,2,2,4026.1,20,2,4026.0,586,5,4025.9,24,2,4025.8,5,1,4027.0,12,2,4027.2,12,2,4027.4,188,2,4027.5,10,1,4027.6,180,2
11483,2026-07-02 10:30:19+05:30,4028.1,1,4048.66,564181,132940.0,147591.0,4100.0,4110.0,4016.1,4092.6,23487625,4501.8,3683.4,4440.0,3288.1,4026.9,2,2,4026.1,20,2,4026.0,586,5,4025.9,24,2,4025.8,5,1,4027.0,12,2,4027.2,12,2,4027.4,188,2,4027.5,10,1,4027.6,180,2
11483,2026-07-02 10:30:19+05:30,4028.0,175,4048.6,565993,133927.0,145721.0,4100.0,4110.0,4016.1,4092.6,23487625,4501.8,3683.4,4440.0,3288.1,4028.0,189,1,4027.7,5,1,4027.1,2,1,4027.0,4,2,4026.9,5,3,4028.1,21,3,4028.3,2,1,4028.5,5,1,4028.6,18,3,4028.8,2,2
11483,2026-07-02 10:30:20+05:30,4028.1,1,4048.6,565993,133927.0,145721.0,4100.0,4110.0,4016.1,4092.6,23487625,4501.8,3683.4,4440.0,3288.1,4028.0,189,1,4027.7,5,1,4027.1,2,1,4027.0,4,2,4026.9,5,3,4028.1,21,3,4028.3,2,1,4028.5,5,1,4028.6,18,3,4028.8,2,2
11483,2026-07-02 10:30:20+05:30,4028.1,1,4048.6,565993,133927.0,145721.0,4100.0,4110.0,4016.1,4092.6,23487625,4501.8,3683.4,4440.0,3288.1,4028.0,189,1,4027.7,5,1,4027.1,2,1,4027.0,4,2,4026.9,5,3,4028.1,21,3,4028.3,2,1,4028.5,5,1,4028.6,18,3,4028.8,2,2
11483,2026-07-02 10:30:20+05:30,4028.3,1,4048.6,566007,134563.0,145834.0,4100.0,4110.0,4016.1,4092.6,23487625,4501.8,3683.4,4440.0,3288.1,4028.0,179,1,4027.8,200,1,4027.7,5,1,4027.3,9,1,4027.2,2,1,4028.3,1,1,4028.5,5,1,4028.6,5,1,4028.8,177,3,4028.9,37,1
11483,2026-07-02 10:30:21+05:30,4028.3,1,4048.6,566007,134563.0,145834.0,4100.0,4110.0,4016.1,4092.6,23487625,4501.8,3683.4,4440.0,3288.1,4028.0,179,1,4027.8,200,1,4027.7,5,1,4027.3,9,1,4027.2,2,1,4028.3,1,1,4028.5,5,1,4028.6,5,1,4028.8,177,3,4028.9,37,1
11483,2026-07-02 10:30:21+05:30,4028.3,1,4048.6,566007,134563.0,145834.0,4100.0,4110.0,4016.1,4092.6,23487625,4501.8,3683.4,4440.0,3288.1,4028.0,179,1,4027.8,200,1,4027.7,5,1,4027.3,9,1,4027.2,2,1,4028.3,1,1,4028.5,5,1,4028.6,5,1,4028.8,177,3,4028.9,37,1
11483,2026-07-02 10:30:21+05:30,4028.0,1,4048.6,566010,134628.0,145831.0,4100.0,4110.0,4016.1,4092.6,23487625,4501.8,3683.4,4440.0,3288.1,4028.0,178,1,4027.8,200,1,4027.7,5,1,4027.2,2,1,4027.1,4,2,4028.3,4,2,4028.5,5,1,4028.6,5,1,4028.8,177,3,4028.9,37,1
11483,2026-07-02 10:30:22+05:30,4028.0,1,4048.6,566010,134628.0,145831.0,4100.0,4110.0,4016.1,4092.6,23487625,4501.8,3683.4,4440.0,3288.1,4028.0,178,1,4027.8,200,1,4027.7,5,1,4027.2,2,1,4027.1,4,2,4028.3,4,2,4028.5,5,1,4028.6,5,1,4028.8,177,3,4028.9,37,1
11483,2026-07-02 10:30:22+05:30,4028.0,1,4048.6,566010,134628.0,145831.0,4100.0,4110.0,4016.1,4092.6,23487625,4501.8,3683.4,4440.0,3288.1,4028.0,178,1,4027.8,200,1,4027.7,5,1,4027.2,2,1,4027.1,4,2,4028.3,4,2,4028.5,5,1,4028.6,5,1,4028.8,177,3,4028.9,37,1
11483,2026-07-02 10:30:22+05:30,4028.0,1,4048.6,566010,134628.0,145831.0,4100.0,4110.0,4016.1,4092.6,23487625,4501.8,3683.4,4440.0,3288.1,4028.0,178,1,4027.8,200,1,4027.7,5,1,4027.2,2,1,4027.1,4,2,4028.3,4,2,4028.5,5,1,4028.6,5,1,4028.8,177,3,4028.9,37,1
11483,2026-07-02 10:30:22+05:30,4028.0,1,4048.6,566011,134667.0,145870.0,4100.0,4110.0,4016.1,4092.6,23487625,4501.8,3683.4,4440.0,3288.1,4028.0,177,1,4027.8,200,1,4027.7,5,1,4027.2,2,1,4027.1,4,2,4028.3,8,3,4028.5,5,1,4028.6,40,2,4028.8,177,3,4028.9,37,1
11483,2026-07-02 10:30:23+05:30,4028.0,1,4048.6,566011,134667.0,145870.0,4100.0,4110.0,4016.1,4092.6,23487625,4501.8,3683.4,4440.0,3288.1,4028.0,177,1,4027.8,200,1,4027.7,5,1,4027.2,2,1,4027.1,4,2,4028.3,8,3,4028.5,5,1,4028.6,40,2,4028.8,177,3,4028.9,37,1
11483,2026-07-02 10:30:23+05:30,4028.0,1,4048.6,566011,134667.0,145870.0,4100.0,4110.0,4016.1,4092.6,23487625,4501.8,3683.4,4440.0,3288.1,4028.0,177,1,4027.8,200,1,4027.7,5,1,4027.2,2,1,4027.1,4,2,4028.3,8,3,4028.5,5,1,4028.6,40,2,4028.8,177,3,4028.9,37,1
11483,2026-07-02 10:30:23+05:30,4028.0,1,4048.6,566011,134667.0,145870.0,4100.0,4110.0,4016.1,4092.6,23487625,4501.8,3683.4,4440.0,3288.1,4028.0,177,1,4027.8,200,1,4027.7,5,1,4027.2,2,1,4027.1,4,2,4028.3,8,3,4028.5,5,1,4028.6,40,2,4028.8,177,3,4028.9,37,1
11483,2026-07-02 10:30:23+05:30,4028.0,1,4048.6,566012,134701.0,145874.0,4100.0,4110.0,4016.1,4092.6,23487625,4501.8,3683.4,4440.0,3288.1,4028.0,176,1,4027.8,200,1,4027.7,5,1,4027.2,2,1,4027.1,4,2,4028.3,8,3,4028.5,5,1,4028.6,40,2,4028.8,177,3,4028.9,37,1
11483,2026-07-02 10:30:24+05:30,4028.0,1,4048.6,566012,134701.0,145874.0,4100.0,4110.0,4016.1,4092.6,23501625,4501.8,3683.4,4440.0,3288.1,4028.0,176,1,4027.8,200,1,4027.7,5,1,4027.2,2,1,4027.1,4,2,4028.3,8,3,4028.5,5,1,4028.6,40,2,4028.8,177,3,4028.9,37,1
11483,2026-07-02 10:30:24+05:30,4028.0,1,4048.6,566012,134701.0,145874.0,4100.0,4110.0,4016.1,4092.6,23501625,4501.8,3683.4,4440.0,3288.1,4028.0,176,1,4027.8,200,1,4027.7,5,1,4027.2,2,1,4027.1,4,2,4028.3,8,3,4028.5,5,1,4028.6,40,2,4028.8,177,3,4028.9,37,1
11483,2026-07-02 10:30:24+05:30,4028.0,1,4048.6,566012,134701.0,145874.0,4100.0,4110.0,4016.1,4092.6,23501625,4501.8,3683.4,4440.0,3288.1,4028.0,176,1,4027.8,200,1,4027.7,5,1,4027.2,2,1,4027.1,4,2,4028.3,8,3,4028.5,5,1,4028.6,40,2,4028.8,177,3,4028.9,37,1
11483,2026-07-02 10:30:24+05:30,4028.0,1,4048.6,566013,134786.0,145890.0,4100.0,4110.0,4016.1,4092.6,23501625,4501.8,3683.4,4440.0,3288.1,4028.0,175,1,4027.8,200,1,4027.7,5,1,4027.2,2,1,4027.1,4,2,4028.3,8,3,4028.5,5,1,4028.6,40,2,4028.8,177,3,4028.9,37,1
11483,2026-07-02 10:30:24+05:30,4028.0,1,4048.6,566013,134786.0,145890.0,4100.0,4110.0,4016.1,4092.6,23501625,4501.8,3683.4,4440.0,3288.1,4028.0,175,1,4027.8,200,1,4027.7,5,1,4027.2,2,1,4027.1,4,2,4028.3,8,3,4028.5,5,1,4028.6,40,2,4028.8,177,3,4028.9,37,1
11483,2026-07-02 10:30:25+05:30,4028.0,1,4048.6,566013,134786.0,145890.0,4100.0,4110.0,4016.1,4092.6,23501625,4501.8,3683.4,4440.0,3288.1,4028.0,175,1,4027.8,200,1,4027.7,5,1,4027.2,2,1,4027.1,4,2,4028.3,8,3,4028.5,5,1,4028.6,40,2,4028.8,177,3,4028.9,37,1
11483,2026-07-02 10:30:25+05:30,4028.3,1,4048.6,566013,134786.0,145890.0,4100.0,4110.0,4016.1,4092.6,23501625,4501.8,3683.4,4440.0,3288.1,4028.0,175,1,4027.8,200,1,4027.7,5,1,4027.2,2,1,4027.1,4,2,4028.3,8,3,4028.5,5,1,4028.6,40,2,4028.8,177,3,4028.9,37,1
11483,2026-07-02 10:30:25+05:30,4028.3,1,4048.6,566013,134786.0,145890.0,4100.0,4110.0,4016.1,4092.6,23501625,4501.8,3683.4,4440.0,3288.1,4028.0,175,1,4027.8,200,1,4027.7,5,1,4027.2,2,1,4027.1,4,2,4028.3,8,3,4028.5,5,1,4028.6,40,2,4028.8,177,3,4028.9,37,1
11483,2026-07-02 10:30:25+05:30,4028.1,1,4048.59,566235,134740.0,146329.0,4100.0,4110.0,4016.1,4092.6,23501625,4501.8,3683.4,4440.0,3288.1,4028.1,4,1,4028.0,225,2,4027.8,200,1,4027.7,5,1,4027.0,5,3,4028.2,110,2,4028.5,12,1,4028.8,198,3,4028.9,82,2,4029.0,341,9
11483,2026-07-02 10:30:26+05:30,4028.2,7,4048.59,566235,134740.0,146329.0,4100.0,4110.0,4016.1,4092.6,23501625,4501.8,3683.4,4440.0,3288.1,4028.1,4,1,4028.0,225,2,4027.8,200,1,4027.7,5,1,4027.0,5,3,4028.2,110,2,4028.5,12,1,4028.8,198,3,4028.9,82,2,4029.0,341,9
11483,2026-07-02 10:30:26+05:30,4028.1,1,4048.59,566248,135094.0,145072.0,4100.0,4110.0,4016.1,4092.6,23501625,4501.8,3683.4,4440.0,3288.1,4028.1,3,1,4028.0,225,2,4027.8,200,1,4027.7,5,1,4027.1,2,1,4028.2,103,4,4028.8,22,1,4028.9,37,1,4029.0,345,10,4029.2,16,1
11483,2026-07-02 10:30:27+05:30,4028.1,1,4048.59,566248,135094.0,145072.0,4100.0,4110.0,4016.1,4092.6,23501625,4501.8,3683.4,4440.0,3288.1,4028.1,3,1,4028.0,225,2,4027.8,200,1,4027.7,5,1,4027.1,2,1,4028.2,103,4,4028.8,22,1,4028.9,37,1,4029.0,345,10,4029.2,16,1
11483,2026-07-02 10:30:27+05:30,4028.1,1,4048.59,566252,135117.0,145138.0,4100.0,4110.0,4016.1,4092.6,23501625,4501.8,3683.4,4440.0,3288.1,4028.1,2,1,4028.0,225,2,4027.8,200,1,4027.7,5,1,4027.1,2,1,4028.2,83,2,4028.8,22,1,4028.9,41,2,4029.0,345,10,4029.2,16,1
11483,2026-07-02 10:30:28+05:30,4028.1,1,4048.59,566252,135117.0,145138.0,4100.0,4110.0,4016.1,4092.6,23501625,4501.8,3683.4,4440.0,3288.1,4028.1,2,1,4028.0,225,2,4027.8,200,1,4027.7,5,1,4027.1,2,1,4028.2,83,2,4028.8,22,1,4028.9,41,2,4029.0,345,10,4029.2,16,1
11483,2026-07-02 10:30:28+05:30,4028.1,1,4048.58,566353,135293.0,145080.0,4100.0,4110.0,4016.1,4092.6,23501625,4501.8,3683.4,4440.0,3288.1,4028.1,1,1,4028.0,225,2,4027.8,200,1,4027.7,5,1,4027.6,10,1,4028.8,15,3,4028.9,41,2,4029.0,133,8,4029.3,41,3,4029.4,60,2
11483,2026-07-02 10:30:29+05:30,4028.1,1,4048.58,566353,135293.0,145080.0,4100.0,4110.0,4016.1,4092.6,23501625,4501.8,3683.4,4440.0,3288.1,4028.1,1,1,4028.0,225,2,4027.8,200,1,4027.7,5,1,4027.6,10,1,4028.8,15,3,4028.9,41,2,4029.0,133,8,4029.3,41,3,4029.4,60,2
11483,2026-07-02 10:30:29+05:30,4028.7,5,4048.58,566359,135395.0,145074.0,4100.0,4110.0,4016.1,4092.6,23501625,4501.8,3683.4,4440.0,3288.1,4028.0,225,2,4027.8,200,1,4027.7,5,1,4027.6,10,1,4027.5,6,1,4028.7,3,1,4028.8,36,5,4028.9,41,2,4029.0,133,8,4029.3,17,2
11483,2026-07-02 10:30:30+05:30,4028.8,5,4048.58,566359,135395.0,145074.0,4100.0,4110.0,4016.1,4092.6,23501625,4501.8,3683.4,4440.0,3288.1,4028.0,225,2,4027.8,200,1,4027.7,5,1,4027.6,10,1,4027.5,6,1,4028.7,3,1,4028.8,36,5,4028.9,41,2,4029.0,133,8,4029.3,17,2
11483,2026-07-02 10:30:30+05:30,4028.7,3,4048.58,566374,135390.0,144722.0,4100.0,4110.0,4016.1,4092.6,23501625,4501.8,3683.4,4440.0,3288.1,4028.3,3,1,4028.0,225,2,4027.8,200,1,4027.7,5,1,4027.6,10,1,4028.7,3,2,4028.8,52,4,4028.9,41,2,4029.0,133,8,4029.3,5,1
11483,2026-07-02 10:30:31+05:30,4028.7,3,4048.58,566374,135390.0,144722.0,4100.0,4110.0,4016.1,4092.6,23501625,4501.8,3683.4,4440.0,3288.1,4028.3,3,1,4028.0,225,2,4027.8,200,1,4027.7,5,1,4027.6,10,1,4028.7,3,2,4028.8,52,4,4028.9,41,2,4029.0,133,8,4029.3,5,1
11483,2026-07-02 10:30:31+05:30,4028.3,1,4048.58,566375,135551.0,144652.0,4100.0,4110.0,4016.1,4092.6,23501625,4501.8,3683.4,4440.0,3288.1,4028.3,2,1,4028.0,225,2,4027.9,9,1,4027.8,212,3,4027.7,5,1,4028.7,1,1,4028.8,24,2,4028.9,41,2,4029.0,129,7,4029.3,5,1
11483,2026-07-02 10:30:32+05:30,4028.8,39,4048.58,566375,135551.0,144652.0,4100.0,4110.0,4016.1,4092.6,23501625,4501.8,3683.4,4440.0,3288.1,4028.3,2,1,4028.0,225,2,4027.9,9,1,4027.8,212,3,4027.7,5,1,4028.7,1,1,4028.8,24,2,4028.9,41,2,4029.0,129,7,4029.3,5,1
11483,2026-07-02 10:30:32+05:30,4028.0,1,4048.57,566601,135205.0,145015.0,4100.0,4110.0,4016.1,4092.6,23501625,4501.8,3683.4,4440.0,3288.1,4028.0,91,3,4027.8,200,1,4027.7,5,1,4027.6,10,1,4027.2,2,1,4028.7,9,2,4028.8,20,2,4028.9,41,2,4029.0,139,8,4029.1,12,1
11483,2026-07-02 10:30:33+05:30,4028.0,1,4048.57,566601,135205.0,145015.0,4100.0,4110.0,4016.1,4092.6,23501625,4501.8,3683.4,4440.0,3288.1,4028.0,91,3,4027.8,200,1,4027.7,5,1,4027.6,10,1,4027.2,2,1,4028.7,9,2,4028.8,20,2,4028.9,41,2,4029.0,139,8,4029.1,12,1
11483,2026-07-02 10:30:33+05:30,4028.0,1,4048.57,566602,135241.0,145037.0,4100.0,4110.0,4016.1,4092.6,23501625,4501.8,3683.4,4440.0,3288.1,4028.0,90,2,4027.8,200,1,4027.7,5,1,4027.6,10,1,4027.2,2,1,4028.6,8,1,4028.7,11,3,4028.8,20,2,4028.9,43,3,4029.0,139,8
11483,2026-07-02 10:30:34+05:30,4028.5,1,4048.57,566602,135241.0,145037.0,4100.0,4110.0,4016.1,4092.6,23501625,4501.8,3683.4,4440.0,3288.1,4028.0,90,2,4027.8,200,1,4027.7,5,1,4027.6,10,1,4027.2,2,1,4028.6,8,1,4028.7,11,3,4028.8,20,2,4028.9,43,3,4029.0,139,8
11483,2026-07-02 10:30:34+05:30,4028.0,1,4048.57,566640,135222.0,145023.0,4100.0,4110.0,4016.1,4092.6,23501625,4501.8,3683.4,4440.0,3288.1,4028.0,89,2,4027.8,200,1,4027.7,5,1,4027.6,10,1,4027.2,2,1,4028.4,16,2,4028.5,7,1,4028.6,21,3,4028.7,24,3,4028.8,19,1
11483,2026-07-02 10:30:35+05:30,4028.0,30,4048.57,566640,135222.0,145023.0,4100.0,4110.0,4016.1,4092.6,23501625,4501.8,3683.4,4440.0,3288.1,4028.0,89,2,4027.8,200,1,4027.7,5,1,4027.6,10,1,4027.2,2,1,4028.4,16,2,4028.5,7,1,4028.6,21,3,4028.7,24,3,4028.8,19,1
11483,2026-07-02 10:30:35+05:30,4027.8,1,4048.57,566760,134977.0,145028.0,4100.0,4110.0,4016.1,4092.6,23501625,4501.8,3683.4,4440.0,3288.1,4027.8,199,1,4027.7,5,1,4027.6,10,1,4027.2,2,1,4027.1,19,1,4028.0,6,1,4028.4,19,1,4028.5,7,1,4028.6,13,2,4028.7,8,1
11483,2026-07-02 10:30:36+05:30,4028.7,6,4048.57,566760,134977.0,145028.0,4100.0,4110.0,4016.1,4092.6,23501625,4501.8,3683.4,4440.0,3288.1,4027.8,199,1,4027.7,5,1,4027.6,10,1,4027.2,2,1,4027.1,19,1,4028.0,6,1,4028.4,19,1,4028.5,7,1,4028.6,13,2,4028.7,8,1
11483,2026-07-02 10:30:36+05:30,4028.2,1,4048.57,566812,134926.0,145018.0,4100.0,4110.0,4016.1,4092.6,23501625,4501.8,3683.4,4440.0,3288.1,4028.2,42,1,4027.8,199,1,4027.7,5,1,4027.6,16,2,4027.2,2,1,4028.3,8,1,4028.4,8,1,4028.5,28,3,4028.7,18,3,4028.9,43,3
11483,2026-07-02 10:30:37+05:30,4028.2,1,4048.57,566812,134926.0,145018.0,4100.0,4110.0,4016.1,4092.6,23501625,4501.8,3683.4,4440.0,3288.1,4028.2,42,1,4027.8,199,1,4027.7,5,1,4027.6,16,2,4027.2,2,1,4028.3,8,1,4028.4,8,1,4028.5,28,3,4028.7,18,3,4028.9,43,3
11483,2026-07-02 10:30:37+05:30,4028.2,3,4048.57,566836,134925.0,145007.0,4100.0,4110.0,4016.1,4092.6,23501625,4501.8,3683.4,4440.0,3288.1,4028.2,38,1,4027.8,199,1,4027.7,5,1,4027.6,16,2,4027.2,2,1,4028.5,17,3,4028.7,10,2,4028.9,43,3,4029.0,165,10,4029.3,36,3
11483,2026-07-02 10:30:38+05:30,4028.2,3,4048.57,566836,134925.0,145007.0,4100.0,4110.0,4016.1,4092.6,23501625,4501.8,3683.4,4440.0,3288.1,4028.2,38,1,4027.8,199,1,4027.7,5,1,4027.6,16,2,4027.2,2,1,4028.5,17,3,4028.7,10,2,4028.9,43,3,4029.0,165,10,4029.3,36,3
11483,2026-07-02 10:30:38+05:30,4028.2,1,4048.57,566837,135166.0,144975.0,4100.0,4110.0,4016.1,4092.6,23501625,4501.8,3683.4,4440.0,3288.1,4028.2,37,1,4027.8,199,1,4027.7,5,1,4027.6,16,2,4027.2,2,1,4028.5,1,1,4028.7,10,2,4028.9,43,3,4029.0,165,10,4029.3,39,4
11483,2026-07-02 10:30:39+05:30,4028.2,1,4048.57,566837,135166.0,144975.0,4100.0,4110.0,4016.1,4092.6,23501625,4501.8,3683.4,4440.0,3288.1,4028.2,37,1,4027.8,199,1,4027.7,5,1,4027.6,16,2,4027.2,2,1,4028.5,1,1,4028.7,10,2,4028.9,43,3,4029.0,165,10,4029.3,39,4
11483,2026-07-02 10:30:40+05:30,4028.2,1,4048.57,566839,135135.0,144987.0,4100.0,4110.0,4016.1,4092.6,23501625,4501.8,3683.4,4440.0,3288.1,4028.2,35,1,4028.0,1,1,4027.8,199,1,4027.7,5,1,4027.6,16,2,4028.5,3,2,4028.7,10,2,4028.9,43,3,4029.0,165,10,4029.3,39,4
11483,2026-07-02 10:30:40+05:30,4028.2,35,4048.57,566839,135135.0,144987.0,4100.0,4110.0,4016.1,4092.6,23501625,4501.8,3683.4,4440.0,3288.1,4028.2,35,1,4028.0,1,1,4027.8,199,1,4027.7,5,1,4027.6,16,2,4028.5,3,2,4028.7,10,2,4028.9,43,3,4029.0,165,10,4029.3,39,4
11483,2026-07-02 10:30:41+05:30,4028.0,1,4048.56,566875,135101.0,145022.0,4100.0,4110.0,4016.1,4092.6,23501625,4501.8,3683.4,4440.0,3288.1,4027.8,199,1,4027.7,5,1,4027.6,16,2,4027.2,2,1,4027.1,19,1,4028.2,21,1,4028.5,3,2,4028.7,2,1,4028.9,43,3,4029.0,151,9
11483,2026-07-02 10:30:41+05:30,4028.0,1,4048.56,566875,135101.0,145022.0,4100.0,4110.0,4016.1,4092.6,23501625,4501.8,3683.4,4440.0,3288.1,4027.8,199,1,4027.7,5,1,4027.6,16,2,4027.2,2,1,4027.1,19,1,4028.2,21,1,4028.5,3,2,4028.7,2,1,4028.9,43,3,4029.0,151,9
11483,2026-07-02 10:30:42+05:30,4028.2,1,4048.56,566877,135127.0,145017.0,4100.0,4110.0,4016.1,4092.6,23501625,4501.8,3683.4,4440.0,3288.1,4027.8,198,1,4027.7,5,1,4027.6,16,2,4027.1,2,1,4027.0,45,5,4028.2,21,2,4028.5,2,1,4028.7,2,1,4028.9,43,3,4029.0,151,9
11483,2026-07-02 10:30:42+05:30,4028.2,1,4048.56,566877,135127.0,145017.0,4100.0,4110.0,4016.1,4092.6,23501625,4501.8,3683.4,4440.0,3288.1,4027.8,198,1,4027.7,5,1,4027.6,16,2,4027.1,2,1,4027.0,45,5,4028.2,21,2,4028.5,2,1,4028.7,2,1,4028.9,43,3,4029.0,151,9
11483,2026-07-02 10:30:43+05:30,4028.2,1,4048.56,566877,135162.0,145024.0,4100.0,4110.0,4016.1,4092.6,23501625,4501.8,3683.4,4440.0,3288.1,4027.8,198,1,4027.7,5,1,4027.6,16,2,4027.1,2,1,4027.0,45,5,4028.2,21,2,4028.5,2,1,4028.7,2,1,4028.9,43,3,4029.0,151,9
11483,2026-07-02 10:30:43+05:30,4028.2,1,4048.56,566877,135162.0,145024.0,4100.0,4110.0,4016.1,4092.6,23501625,4501.8,3683.4,4440.0,3288.1,4027.8,198,1,4027.7,5,1,4027.6,16,2,4027.1,2,1,4027.0,45,5,4028.2,21,2,4028.5,2,1,4028.7,2,1,4028.9,43,3,4029.0,151,9
11483,2026-07-02 10:30:43+05:30,4028.2,1,4048.56,566878,135134.0,145012.0,4100.0,4110.0,4016.1,4092.6,23501625,4501.8,3683.4,4440.0,3288.1,4027.8,198,1,4027.7,5,1,4027.6,16,2,4027.1,2,1,4027.0,45,5,4028.2,20,2,4028.5,2,1,4028.6,12,1,4028.7,2,1,4028.9,44,4
11483,2026-07-02 10:30:44+05:30,4028.2,1,4048.56,566878,135134.0,145012.0,4100.0,4110.0,4016.1,4092.6,23501625,4501.8,3683.4,4440.0,3288.1,4027.8,198,1,4027.7,5,1,4027.6,16,2,4027.1,2,1,4027.0,45,5,4028.2,20,2,4028.5,2,1,4028.6,12,1,4028.7,2,1,4028.9,44,4
11483,2026-07-02 10:30:44+05:30,4028.2,10,4048.56,566891,135154.0,144973.0,4100.0,4110.0,4016.1,4092.6,23501625,4501.8,3683.4,4440.0,3288.1,4027.8,198,1,4027.7,5,1,4027.6,16,2,4027.1,2,1,4027.0,45,5,4028.2,7,2,4028.5,2,1,4028.6,23,2,4028.7,2,1,4028.9,59,5
11483,2026-07-02 10:30:45+05:30,4028.2,4,4048.56,566891,135154.0,144973.0,4100.0,4110.0,4016.1,4092.6,23501625,4501.8,3683.4,4440.0,3288.1,4027.8,198,1,4027.7,5,1,4027.6,16,2,4027.1,2,1,4027.0,45,5,4028.2,7,2,4028.5,2,1,4028.6,23,2,4028.7,2,1,4028.9,59,5
11483,2026-07-02 10:30:45+05:30,4028.5,3,4048.54,567654,135075.0,144463.0,4100.0,4110.0,4016.1,4092.6,23501625,4501.8,3683.4,4440.0,3288.1,4028.1,24,1,4028.0,21,2,4027.8,198,1,4027.7,5,1,4027.6,16,2,4028.7,39,3,4028.8,28,3,4028.9,17,3,4029.0,22,2,4029.2,32,1
11483,2026-07-02 10:30:46+05:30,4028.6,7,4048.54,567654,135075.0,144463.0,4100.0,4110.0,4016.1,4092.6,23501625,4501.8,3683.4,4440.0,3288.1,4028.1,24,1,4028.0,21,2,4027.8,198,1,4027.7,5,1,4027.6,16,2,4028.7,39,3,4028.8,28,3,4028.9,17,3,4029.0,22,2,4029.2,32,1
11483,2026-07-02 10:30:46+05:30,4029.3,1,4048.52,568068,135187.0,144279.0,4100.0,4110.0,4016.1,4092.6,23501625,4501.8,3683.4,4440.0,3288.1,4028.1,24,1,4028.0,121,3,4027.8,200,2,4027.7,5,1,4027.6,16,2,4028.9,39,3,4029.0,20,2,4029.1,12,1,4029.3,29,2,4029.6,59,3
11483,2026-07-02 10:30:47+05:30,4028.9,1,4048.52,568068,135187.0,144279.0,4100.0,4110.0,4016.1,4092.6,23501625,4501.8,3683.4,4440.0,3288.1,4028.1,24,1,4028.0,121,3,4027.8,200,2,4027.7,5,1,4027.6,16,2,4028.9,39,3,4029.0,20,2,4029.1,12,1,4029.3,29,2,4029.6,59,3
11483,2026-07-02 10:30:47+05:30,4028.9,5,4048.52,568074,135141.0,144311.0,4100.0,4110.0,4016.1,4092.6,23501625,4501.8,3683.4,4440.0,3288.1,4028.1,24,1,4028.0,121,3,4027.8,200,2,4027.7,5,1,4027.6,16,2,4028.9,38,5,4029.0,20,2,4029.1,12,1,4029.2,5,1,4029.3,29,2
11483,2026-07-02 10:30:48+05:30,4028.9,1,4048.52,568074,135141.0,144311.0,4100.0,4110.0,4016.1,4092.6,23501625,4501.8,3683.4,4440.0,3288.1,4028.1,24,1,4028.0,121,3,4027.8,200,2,4027.7,5,1,4027.6,16,2,4028.9,38,5,4029.0,20,2,4029.1,12,1,4029.2,5,1,4029.3,29,2
11483,2026-07-02 10:30:48+05:30,4028.0,8,4048.52,568229,134882.0,145541.0,4100.0,4110.0,4016.1,4092.6,23501625,4501.8,3683.4,4440.0,3288.1,4027.8,198,1,4027.7,5,1,4027.6,16,2,4027.0,27,5,4026.9,1,1,4028.0,346,1,4028.8,54,3,4028.9,33,5,4029.0,20,2,4029.1,12,1
11483,2026-07-02 10:30:49+05:30,4027.5,5,4048.52,568229,134882.0,145541.0,4100.0,4110.0,4016.1,4092.6,23501625,4501.8,3683.4,4440.0,3288.1,4027.8,198,1,4027.7,5,1,4027.6,16,2,4027.0,27,5,4026.9,1,1,4028.0,346,1,4028.8,54,3,4028.9,33,5,4029.0,20,2,4029.1,12,1
11483,2026-07-02 10:30:49+05:30,4027.8,23,4048.5,568814,133493.0,146740.0,4100.0,4110.0,4016.1,4092.6,23501625,4501.8,3683.4,4440.0,3288.1,4026.2,30,2,4026.1,45,4,4026.0,364,6,4025.9,38,4,4025.8,50,3,4027.8,152,1,4027.9,19,1,4028.0,383,6,4028.1,5,1,4028.3,27,2
11483,2026-07-02 10:30:50+05:30,4028.2,1153,4048.5,568814,133493.0,146740.0,4100.0,4110.0,4016.1,4092.6,23501625,4501.8,3683.4,4440.0,3288.1,4026.2,30,2,4026.1,45,4,4026.0,364,6,4025.9,38,4,4025.8,50,3,4027.8,152,1,4027.9,19,1,4028.0,383,6,4028.1,5,1,4028.3,27,2
11483,2026-07-02 10:30:50+05:30,4027.8,2,4048.42,570822,133335.0,146855.0,4100.0,4110.0,4016.1,4092.6,23501625,4501.8,3683.4,4440.0,3288.1,4026.1,18,2,4026.0,364,6,4025.9,5,1,4025.8,51,3,4025.7,23,1,4027.8,110,6,4027.9,61,4,4028.0,61,5,4028.1,75,6,4028.2,40,4
11483,2026-07-02 10:30:51+05:30,4027.7,1,4048.42,570822,133335.0,146855.0,4100.0,4110.0,4016.1,4092.6,23501625,4501.8,3683.4,4440.0,3288.1,4026.1,18,2,4026.0,364,6,4025.9,5,1,4025.8,51,3,4025.7,23,1,4027.8,110,6,4027.9,61,4,4028.0,61,5,4028.1,75,6,4028.2,40,4
11483,2026-07-02 10:30:51+05:30,4026.1,8,4048.42,570855,133548.0,146885.0,4100.0,4110.0,4016.1,4092.6,23501625,4501.8,3683.4,4440.0,3288.1,4026.1,10,2,4026.0,364,6,4025.9,5,1,4025.8,27,2,4025.7,23,1,4027.7,35,1,4027.8,33,5,4027.9,61,4,4028.0,34,3,4028.1,75,6
11483,2026-07-02 10:30:52+05:30,4027.7,1,4048.42,570855,133548.0,146885.0,4100.0,4110.0,4016.1,4092.6,23501625,4501.8,3683.4,4440.0,3288.1,4026.1,10,2,4026.0,364,6,4025.9,5,1,4025.8,27,2,4025.7,23,1,4027.7,35,1,4027.8,33,5,4027.9,61,4,4028.0,34,3,4028.1,75,6
11483,2026-07-02 10:30:52+05:30,4027.7,7,4048.42,570903,133581.0,146824.0,4100.0,4110.0,4016.1,4092.6,23501625,4501.8,3683.4,4440.0,3288.1,4026.1,13,3,4026.0,389,7,4025.9,5,1,4025.8,29,3,4025.7,23,1,4027.7,1,1,4027.8,31,4,4027.9,63,3,4028.0,34,3,4028.1,75,6
11483,2026-07-02 10:30:53+05:30,4027.7,1,4048.42,570903,133581.0,146824.0,4100.0,4110.0,4016.1,4092.6,23501625,4501.8,3683.4,4440.0,3288.1,4026.1,13,3,4026.0,389,7,4025.9,5,1,4025.8,29,3,4025.7,23,1,4027.7,1,1,4027.8,31,4,4027.9,63,3,4028.0,34,3,4028.1,75,6
11483,2026-07-02 10:30:53+05:30,4027.7,1,4048.42,570905,133588.0,146887.0,4100.0,4110.0,4016.1,4092.6,23501625,4501.8,3683.4,4440.0,3288.1,4026.1,13,3,4026.0,389,7,4025.9,7,2,4025.8,27,2,4025.7,23,1,4027.7,2,1,4027.8,31,4,4027.9,63,3,4028.0,72,4,4028.1,75,6
11483,2026-07-02 10:30:54+05:30,4027.8,1,4048.42,570905,133588.0,146887.0,4100.0,4110.0,4016.1,4092.6,23501625,4501.8,3683.4,4440.0,3288.1,4026.1,13,3,4026.0,389,7,4025.9,7,2,4025.8,27,2,4025.7,23,1,4027.7,2,1,4027.8,31,4,4027.9,63,3,4028.0,72,4,4028.1,75,6
11483,2026-07-02 10:30:54+05:30,4027.8,1,4048.42,570966,133537.0,146802.0,4100.0,4110.0,4016.1,4092.6,23501625,4501.8,3683.4,4440.0,3288.1,4026.0,364,6,4025.9,13,2,4025.8,27,2,4025.7,23,1,4025.6,2,1,4027.8,19,3,4027.9,116,5,4028.0,34,3,4028.1,75,6,4028.2,65,5
11483,2026-07-02 10:30:55+05:30,4027.9,11,4048.42,570966,133537.0,146802.0,4100.0,4110.0,4016.1,4092.6,23501625,4501.8,3683.4,4440.0,3288.1,4026.0,364,6,4025.9,13,2,4025.8,27,2,4025.7,23,1,4025.6,2,1,4027.8,19,3,4027.9,116,5,4028.0,34,3,4028.1,75,6,4028.2,65,5
11483,2026-07-02 10:30:55+05:30,4027.9,11,4048.42,570979,134287.0,145894.0,4100.0,4110.0,4016.1,4092.6,23501625,4501.8,3683.4,4440.0,3288.1,4027.7,5,1,4026.9,2,1,4026.8,3,1,4026.7,37,4,4026.6,17,2,4027.9,74,2,4028.2,19,2,4028.4,20,2,4028.6,5,1,4029.0,113,2
11483,2026-07-02 10:30:56+05:30,4027.9,1,4048.42,570979,134287.0,145894.0,4100.0,4110.0,4016.1,4092.6,23501625,4501.8,3683.4,4440.0,3288.1,4027.7,5,1,4026.9,2,1,4026.8,3,1,4026.7,37,4,4026.6,17,2,4027.9,74,2,4028.2,19,2,4028.4,20,2,4028.6,5,1,4029.0,113,2
11483,2026-07-02 10:30:57+05:30,4027.9,1,4048.42,571031,134215.0,145885.0,4100.0,4110.0,4016.1,4092.6,23501625,4501.8,3683.4,4440.0,3288.1,4027.7,5,1,4026.9,2,1,4026.8,3,1,4026.7,30,3,4026.6,17,2,4027.9,23,2,4028.2,19,2,4028.4,20,2,4028.9,48,1,4029.0,125,3
11483,2026-07-02 10:30:57+05:30,4027.9,1,4048.42,571031,134215.0,145885.0,4100.0,4110.0,4016.1,4092.6,23501625,4501.8,3683.4,4440.0,3288.1,4027.7,5,1,4026.9,2,1,4026.8,3,1,4026.7,30,3,4026.6,17,2,4027.9,23,2,4028.2,19,2,4028.4,20,2,4028.9,48,1,4029.0,125,3
11483,2026-07-02 10:30:58+05:30,4028.4,4,4048.41,571102,134728.0,145826.0,4100.0,4110.0,4016.1,4092.6,23501625,4501.8,3683.4,4440.0,3288.1,4027.7,5,1,4026.9,2,1,4026.8,3,1,4026.7,30,3,4026.6,63,3,4028.4,16,2,4028.9,1,1,4029.0,100,1,4029.1,12,1,4029.2,60,2
11483,2026-07-02 10:30:58+05:30,4029.0,14,4048.41,571102,134728.0,145826.0,4100.0,4110.0,4016.1,4092.6,23501625,4501.8,3683.4,4440.0,3288.1,4027.7,5,1,4026.9,2,1,4026.8,3,1,4026.7,30,3,4026.6,63,3,4028.4,16,2,4028.9,1,1,4029.0,100,1,4029.1,12,1,4029.2,60,2
11483,2026-07-02 10:30:59+05:30,4029.0,14,4048.41,571142,134930.0,145958.0,4100.0,4110.0,4016.1,4092.6,23501625,4501.8,3683.4,4440.0,3288.1,4027.7,11,2,4026.8,2,1,4026.7,30,3,4026.6,53,2,4026.5,142,7,4028.5,47,4,4028.6,57,4,4028.7,16,2,4028.8,24,3,4029.0,99,3
11483,2026-07-02 10:30:59+05:30,4028.5,1,4048.41,571142,134930.0,145958.0,4100.0,4110.0,4016.1,4092.6,23501625,4501.8,3683.4,4440.0,3288.1,4027.7,11,2,4026.8,2,1,4026.7,30,3,4026.6,53,2,4026.5,142,7,4028.5,47,4,4028.6,57,4,4028.7,16,2,4028.8,24,3,4029.0,99,3
11483,2026-07-02 10:31:00+05:30,4029.0,50,4048.41,571233,135642.0,145805.0,4100.0,4110.0,4016.1,4092.6,23501625,4501.8,3683.4,4440.0,3288.1,4028.0,53,2,4027.7,11,2,4027.2,72,3,4027.1,3,1,4027.0,48,1,4028.8,35,3,4029.0,65,5,4029.1,31,2,4029.3,12,1,4029.4,24,1
11483,2026-07-02 10:31:00+05:30,4028.0,30,4048.41,571233,135642.0,145805.0,4100.0,4110.0,4016.1,4092.6,23501625,4501.8,3683.4,4440.0,3288.1,4028.0,53,2,4027.7,11,2,4027.2,72,3,4027.1,3,1,4027.0,48,1,4028.8,35,3,4029.0,65,5,4029.1,31,2,4029.3,12,1,4029.4,24,1
11483,2026-07-02 10:31:01+05:30,4028.4,1,4048.41,571313,135349.0,145649.0,4100.0,4110.0,4016.1,4092.6,23501625,4501.8,3683.4,4440.0,3288.1,4027.7,11,2,4027.0,3,1,4026.9,2,1,4026.8,39,1,4026.7,53,3,4028.4,43,4,4028.5,36,3,4028.6,34,3,4028.7,41,4,4028.8,9,2
11483,2026-07-02 10:31:01+05:30,4026.9,6,4048.41,571313,135349.0,145649.0,4100.0,4110.0,4016.1,4092.6,23501625,4501.8,3683.4,4440.0,3288.1,4027.7,11,2,4027.0,3,1,4026.9,2,1,4026.8,39,1,4026.7,53,3,4028.4,43,4,4028.5,36,3,4028.6,34,3,4028.7,41,4,4028.8,9,2
11483,2026-07-02 10:31:01+05:30,4026.9,6,4048.41,571333,134588.0,146206.0,4100.0,4110.0,4016.1,4092.6,23501625,4501.8,3683.4,4440.0,3288.1,4027.8,10,1,4026.7,13,1,4026.6,7,1,4026.4,24,3,4026.3,3,1,4028.0,8,1,4028.1,52,4,4028.2,36,2,4028.3,47,4,4028.4,59,6
11483,2026-07-02 10:31:02+05:30,4027.8,10,4048.41,571333,134588.0,146206.0,4100.0,4110.0,4016.1,4092.6,23501625,4501.8,3683.4,4440.0,3288.1,4027.8,10,1,4026.7,13,1,4026.6,7,1,4026.4,24,3,4026.3,3,1,4028.0,8,1,4028.1,52,4,4028.2,36,2,4028.3,47,4,4028.4,59,6
11483,2026-07-02 10:31:02+05:30,4027.3,1,4048.4,571357,134117.0,146671.0,4100.0,4110.0,4016.1,4092.6,23501625,4501.8,3683.4,4440.0,3288.1,4026.3,2,1,4026.0,366,7,4025.9,5,1,4025.8,5,1,4025.7,48,3,4027.3,9,1,4027.4,20,1,4027.5,12,1,4027.8,71,4,4027.9,19,1
11483,2026-07-02 10:31:03+05:30,4027.3,2,4048.4,571357,134117.0,146671.0,4100.0,4110.0,4016.1,4092.6,23501625,4501.8,3683.4,4440.0,3288.1,4026.3,2,1,4026.0,366,7,4025.9,5,1,4025.8,5,1,4025.7,48,3,4027.3,9,1,4027.4,20,1,4027.5,12,1,4027.8,71,4,4027.9,19,1
11483,2026-07-02 10:31:04+05:30,4027.0,2,4048.4,571366,133744.0,147507.0,4100.0,4110.0,4016.1,4092.6,23501625,4501.8,3683.4,4440.0,3288.1,4026.0,367,8,4025.9,5,1,4025.8,5,1,4025.5,3,1,4025.4,50,1,4027.1,20,1,4027.2,6,1,4027.3,1,1,4027.4,32,2,4027.5,34,1
11483,2026-07-02 10:31:04+05:30,4027.1,1,4048.4,571366,133744.0,147507.0,4100.0,4110.0,4016.1,4092.6,23501625,4501.8,3683.4,4440.0,3288.1,4026.0,367,8,4025.9,5,1,4025.8,5,1,4025.5,3,1,4025.4,50,1,4027.1,20,1,4027.2,6,1,4027.3,1,1,4027.4,32,2,4027.5,34,1
11483,2026-07-02 10:31:05+05:30,4026.1,1,4048.4,571374,133370.0,147919.0,4100.0,4110.0,4016.1,4092.6,23501625,4501.8,3683.4,4440.0,3288.1,4026.0,366,7,4025.9,5,1,4025.8,5,1,4025.6,6,1,4025.5,3,1,4026.1,12,1,4026.2,175,1,4027.3,1,1,4027.4,6,2,4027.5,46,2
11483,2026-07-02 10:31:05+05:30,4026.1,1,4048.4,571374,133370.0,147919.0,4100.0,4110.0,4016.1,4092.6,23501625,4501.8,3683.4,4440.0,3288.1,4026.0,366,7,4025.9,5,1,4025.8,5,1,4025.6,6,1,4025.5,3,1,4026.1,12,1,4026.2,175,1,4027.3,1,1,4027.4,6,2,4027.5,46,2
11483,2026-07-02 10:31:06+05:30,4026.1,3,4048.4,571383,133390.0,148092.0,4100.0,4110.0,4016.1,4092.6,23501625,4501.8,3683.4,4440.0,3288.1,4026.0,384,9,4025.9,21,4,4025.8,9,2,4025.6,12,2,4025.5,3,1,4026.1,4,2,4026.2,175,1,4027.4,181,3,4027.5,46,2,4027.7,208,3
11483,2026-07-02 10:31:06+05:30,4026.1,1,4048.4,571383,133390.0,148092.0,4100.0,4110.0,4016.1,4092.6,23501625,4501.8,3683.4,4440.0,3288.1,4026.0,384,9,4025.9,21,4,4025.8,9,2,4025.6,12,2,4025.5,3,1,4026.1,4,2,4026.2,175,1,4027.4,181,3,4027.5,46,2,4027.7,208,3
11483,2026-07-02 10:31:07+05:30,4026.2,7,4048.4,571383,133390.0,148092.0,4100.0,4110.0,4016.1,4092.6,23501625,4501.8,3683.4,4440.0,3288.1,4026.0,384,9,4025.9,21,4,4025.8,9,2,4025.6,12,2,4025.5,3,1,4026.1,4,2,4026.2,175,1,4027.4,181,3,4027.5,46,2,4027.7,208,3
11483,2026-07-02 10:31:07+05:30,4026.2,7,4048.4,571563,133821.0,147074.0,4100.0,4110.0,4016.1,4092.6,23501625,4501.8,3683.4,4440.0,3288.1,4026.2,45,6,4026.1,45,5,4026.0,369,9,4025.9,11,3,4025.8,9,2,4026.9,20,1,4027.4,20,2,4027.7,175,1,4027.9,50,1,4028.0,19,2
11483,2026-07-02 10:31:08+05:30,4027.9,38,4048.4,571563,133821.0,147074.0,4100.0,4110.0,4016.1,4092.6,23501625,4501.8,3683.4,4440.0,3288.1,4026.2,45,6,4026.1,45,5,4026.0,369,9,4025.9,11,3,4025.8,9,2,4026.9,20,1,4027.4,20,2,4027.7,175,1,4027.9,50,1,4028.0,19,2
11483,2026-07-02 10:31:08+05:30,4027.9,38,4048.39,571815,134992.0,145734.0,4100.0,4110.0,4016.1,4092.6,23501625,4501.8,3683.4,4440.0,3288.1,4027.0,22,4,4026.9,12,1,4026.8,13,1,4026.7,61,4,4026.6,110,6,4027.9,12,1,4028.4,1,1,4028.6,8,1,4028.7,1,1,4028.9,1,1
11483,2026-07-02 10:31:09+05:30,4027.9,38,4048.39,571815,135040.0,145657.0,4100.0,4110.0,4016.1,4092.6,23501625,4501.8,3683.4,4440.0,3288.1,4027.1,35,7,4027.0,16,4,4026.9,12,1,4026.8,26,2,4026.7,83,5,4027.9,13,2,4028.6,8,1,4028.7,1,1,4028.9,19,1,4029.0,64,4
11483,2026-07-02 10:31:10+05:30,4027.9,2,4048.39,571817,135047.0,145688.0,4100.0,4110.0,4016.1,4092.6,23501625,4501.8,3683.4,4440.0,3288.1,4027.1,32,6,4027.0,13,3,4026.9,32,2,4026.8,26,2,4026.7,55,4,4027.9,16,3,4028.6,8,1,4028.7,1,1,4028.9,19,1,4029.0,69,5
11483,2026-07-02 10:31:10+05:30,4027.9,2,4048.39,571817,135047.0,145688.0,4100.0,4110.0,4016.1,4092.6,23501625,4501.8,3683.4,4440.0,3288.1,4027.1,32,6,4027.0,13,3,4026.9,32,2,4026.8,26,2,4026.7,55,4,4027.9,16,3,4028.6,8,1,4028.7,1,1,4028.9,19,1,4029.0,69,5
11483,2026-07-02 10:31:11+05:30,4027.9,10,4048.38,571939,135499.0,145240.0,4100.0,4110.0,4016.1,4092.6,23501625,4501.8,3683.4,4440.0,3288.1,4027.7,49,6,4027.6,23,4,4027.5,17,3,4027.4,66,6,4027.3,69,5,4027.9,19,1,4028.7,1,1,4028.8,5,1,4029.0,38,2,4029.1,12,1
11483,2026-07-02 10:31:11+05:30,4027.9,1,4048.38,571939,135499.0,145240.0,4100.0,4110.0,4016.1,4092.6,23501625,4501.8,3683.4,4440.0,3288.1,4027.7,49,6,4027.6,23,4,4027.5,17,3,4027.4,66,6,4027.3,69,5,4027.9,19,1,4028.7,1,1,4028.8,5,1,4029.0,38,2,4029.1,12,1
11483,2026-07-02 10:31:12+05:30,4028.7,1,4048.38,571960,136028.0,144589.0,4100.0,4110.0,4016.1,4092.6,23501625,4501.8,3683.4,4440.0,3288.1,4028.2,2,1,4028.1,1,1,4027.9,5,3,4027.8,70,3,4027.7,50,1,4028.8,5,1,4029.0,38,2,4029.5,3,1,4029.6,9,1,4029.8,9,1
11483,2026-07-02 10:31:12+05:30,4028.7,1,4048.38,571960,136028.0,144589.0,4100.0,4110.0,4016.1,4092.6,23501625,4501.8,3683.4,4440.0,3288.1,4028.2,2,1,4028.1,1,1,4027.9,5,3,4027.8,70,3,4027.7,50,1,4028.8,5,1,4029.0,38,2,4029.5,3,1,4029.6,9,1,4029.8,9,1
11483,2026-07-02 10:31:13+05:30,4028.8,2,4048.38,571963,135858.0,144881.0,4100.0,4110.0,4016.1,4092.6,23501625,4501.8,3683.4,4440.0,3288.1,4028.0,2,1,4027.9,1,1,4027.7,52,2,4027.6,53,2,4027.5,104,6,4028.8,3,2,4029.0,38,2,4029.5,3,1,4029.6,9,1,4029.8,61,3
11483,2026-07-02 10:31:13+05:30,4028.8,2,4048.38,571963,135858.0,144881.0,4100.0,4110.0,4016.1,4092.6,23501625,4501.8,3683.4,4440.0,3288.1,4028.0,2,1,4027.9,1,1,4027.7,52,2,4027.6,53,2,4027.5,104,6,4028.8,3,2,4029.0,38,2,4029.5,3,1,4029.6,9,1,4029.8,61,3
11483,2026-07-02 10:31:14+05:30,4028.8,2,4048.38,571963,135879.0,144936.0,4100.0,4110.0,4016.1,4092.6,23501625,4501.8,3683.4,4440.0,3288.1,4028.0,2,1,4027.9,1,1,4027.7,50,1,4027.6,59,3,4027.5,104,6,4028.8,3,2,4029.0,38,2,4029.5,3,1,4029.6,9,1,4029.7,27,1
11483,2026-07-02 10:31:15+05:30,4028.8,2,4048.38,571963,135936.0,144935.0,4100.0,4110.0,4016.1,4092.6,23501625,4501.8,3683.4,4440.0,3288.1,4028.0,2,1,4027.9,1,1,4027.7,50,1,4027.6,53,2,4027.5,106,7,4028.8,3,2,4029.0,38,2,4029.5,3,1,4029.6,9,1,4029.7,27,1
11483,2026-07-02 10:31:16+05:30,4029.0,10,4048.38,571963,135936.0,144935.0,4100.0,4110.0,4016.1,4092.6,23501625,4501.8,3683.4,4440.0,3288.1,4028.0,2,1,4027.9,1,1,4027.7,50,1,4027.6,53,2,4027.5,106,7,4028.8,3,2,4029.0,38,2,4029.5,3,1,4029.6,9,1,4029.7,27,1
11483,2026-07-02 10:31:16+05:30,4029.0,10,4048.38,571989,136013.0,145051.0,4100.0,4110.0,4016.1,4092.6,23501625,4501.8,3683.4,4440.0,3288.1,4027.7,89,7,4027.6,69,4,4027.5,137,8,4027.4,15,5,4027.3,40,4,4028.8,1,1,4029.0,26,2,4029.5,3,1,4029.6,9,1,4029.8,9,1
11483,2026-07-02 10:31:17+05:30,4029.8,6,4048.38,572034,136305.0,145099.0,4100.0,4110.0,4016.1,4092.6,23501625,4501.8,3683.4,4440.0,3288.1,4028.0,99,6,4027.9,106,8,4027.8,29,5,4027.7,63,4,4027.6,67,3,4029.6,23,1,4029.7,8,1,4029.8,3,1,4029.9,287,7,4030.0,1450,19
11483,2026-07-02 10:31:17+05:30,4029.8,6,4048.38,572034,136305.0,145099.0,4100.0,4110.0,4016.1,4092.6,23501625,4501.8,3683.4,4440.0,3288.1,4028.0,99,6,4027.9,106,8,4027.8,29,5,4027.7,63,4,4027.6,67,3,4029.6,23,1,4029.7,8,1,4029.8,3,1,4029.9,287,7,4030.0,1450,19
11483,2026-07-02 10:31:18+05:30,4029.6,5,4048.38,572034,136305.0,145099.0,4100.0,4110.0,4016.1,4092.6,23501625,4501.8,3683.4,4440.0,3288.1,4028.0,99,6,4027.9,106,8,4027.8,29,5,4027.7,63,4,4027.6,67,3,4029.6,23,1,4029.7,8,1,4029.8,3,1,4029.9,287,7,4030.0,1450,19
11483,2026-07-02 10:31:18+05:30,4029.6,5,4048.38,572039,136281.0,145259.0,4100.0,4110.0,4016.1,4092.6,23501625,4501.8,3683.4,4440.0,3288.1,4028.0,95,5,4027.9,95,6,4027.8,29,5,4027.7,63,4,4027.6,69,4,4029.6,19,2,4029.7,8,1,4029.8,3,1,4029.9,292,8,4030.0,1450,19
11483,2026-07-02 10:31:19+05:30,4028.0,1,4048.38,572039,136281.0,145259.0,4100.0,4110.0,4016.1,4092.6,23501625,4501.8,3683.4,4440.0,3288.1,4028.0,95,5,4027.9,95,6,4027.8,29,5,4027.7,63,4,4027.6,69,4,4029.6,19,2,4029.7,8,1,4029.8,3,1,4029.9,292,8,4030.0,1450,19
11483,2026-07-02 10:31:19+05:30,4028.0,1,4048.38,572040,136075.0,145136.0,4100.0,4110.0,4016.1,4092.6,23501625,4501.8,3683.4,4440.0,3288.1,4028.1,17,4,4028.0,63,3,4027.9,107,7,4027.8,29,5,4027.7,85,5,4029.6,19,2,4029.7,8,1,4029.8,3,1,4029.9,287,7,4030.0,1450,19
11483,2026-07-02 10:31:20+05:30,4029.5,5,4048.38,572040,136075.0,145136.0,4100.0,4110.0,4016.1,4092.6,23501625,4501.8,3683.4,4440.0,3288.1,4028.1,17,4,4028.0,63,3,4027.9,107,7,4027.8,29,5,4027.7,85,5,4029.6,19,2,4029.7,8,1,4029.8,3,1,4029.9,287,7,4030.0,1450,19
11483,2026-07-02 10:31:20+05:30,4029.5,5,4048.38,572045,135936.0,145086.0,4100.0,4110.0,4016.1,4092.6,23501625,4501.8,3683.4,4440.0,3288.1,4028.1,10,1,4028.0,16,1,4027.9,30,3,4027.8,10,1,4027.6,5,2,4029.4,8,1,4029.5,11,2,4029.6,35,4,4029.7,30,2,4029.8,39,2
11483,2026-07-02 10:31:20+05:30,4029.5,5,4048.38,572045,135936.0,145086.0,4100.0,4110.0,4016.1,4092.6,23501625,4501.8,3683.4,4440.0,3288.1,4028.1,10,1,4028.0,16,1,4027.9,30,3,4027.8,10,1,4027.6,5,2,4029.4,8,1,4029.5,11,2,4029.6,35,4,4029.7,30,2,4029.8,39,2
11483,2026-07-02 10:31:21+05:30,4029.5,5,4048.38,572045,135936.0,145086.0,4100.0,4110.0,4016.1,4092.6,23501625,4501.8,3683.4,4440.0,3288.1,4028.1,10,1,4028.0,16,1,4027.9,30,3,4027.8,10,1,4027.6,5,2,4029.4,8,1,4029.5,11,2,4029.6,35,4,4029.7,30,2,4029.8,39,2
11483,2026-07-02 10:31:21+05:30,4029.9,38,4048.38,572045,135936.0,145086.0,4100.0,4110.0,4016.1,4092.6,23501625,4501.8,3683.4,4440.0,3288.1,4028.1,10,1,4028.0,16,1,4027.9,30,3,4027.8,10,1,4027.6,5,2,4029.4,8,1,4029.5,11,2,4029.6,35,4,4029.7,30,2,4029.8,39,2
11483,2026-07-02 10:31:21+05:30,4029.9,38,4048.37,572201,135397.0,144970.0,4100.0,4110.0,4016.1,4092.6,23501625,4501.8,3683.4,4440.0,3288.1,4028.1,3,1,4028.0,16,1,4027.9,12,2,4027.8,10,1,4027.6,26,3,4029.4,1,1,4029.6,16,2,4029.7,13,1,4029.8,56,2,4029.9,310,10
11483,2026-07-02 10:31:21+05:30,4029.9,38,4048.37,572201,135397.0,144970.0,4100.0,4110.0,4016.1,4092.6,23501625,4501.8,3683.4,4440.0,3288.1,4028.1,3,1,4028.0,16,1,4027.9,12,2,4027.8,10,1,4027.6,26,3,4029.4,1,1,4029.6,16,2,4029.7,13,1,4029.8,56,2,4029.9,310,10
11483,2026-07-02 10:31:22+05:30,4029.8,1,4048.37,572201,135397.0,144970.0,4100.0,4110.0,4016.1,4092.6,23501625,4501.8,3683.4,4440.0,3288.1,4028.1,3,1,4028.0,16,1,4027.9,12,2,4027.8,10,1,4027.6,26,3,4029.4,1,1,4029.6,16,2,4029.7,13,1,4029.8,56,2,4029.9,310,10
11483,2026-07-02 10:31:22+05:30,4029.8,1,4048.37,572204,135445.0,144970.0,4100.0,4110.0,4016.1,4092.6,23501625,4501.8,3683.4,4440.0,3288.1,4028.3,67,7,4028.2,2,1,4028.1,33,2,4028.0,18,2,4027.9,10,1,4029.4,1,1,4029.9,263,7,4030.0,1462,20,4030.1,58,4,4030.2,36,3
11483,2026-07-02 10:31:22+05:30,4029.8,1,4048.37,572204,135445.0,144970.0,4100.0,4110.0,4016.1,4092.6,23501625,4501.8,3683.4,4440.0,3288.1,4028.3,67,7,4028.2,2,1,4028.1,33,2,4028.0,18,2,4027.9,10,1,4029.4,1,1,4029.9,263,7,4030.0,1462,20,4030.1,58,4,4030.2,36,3
11483,2026-07-02 10:31:23+05:30,4029.8,2,4048.37,572204,135445.0,144970.0,4100.0,4110.0,4016.1,4092.6,23501625,4501.8,3683.4,4440.0,3288.1,4028.3,67,7,4028.2,2,1,4028.1,33,2,4028.0,18,2,4027.9,10,1,4029.4,1,1,4029.9,263,7,4030.0,1462,20,4030.1,58,4,4030.2,36,3
11483,2026-07-02 10:31:23+05:30,4029.8,2,4048.37,572204,135445.0,144970.0,4100.0,4110.0,4016.1,4092.6,23501625,4501.8,3683.4,4440.0,3288.1,4028.4,15,1,4028.3,45,4,4028.1,3,1,4028.0,35,2,4027.9,10,1,4029.8,32,3,4029.9,250,7,4030.0,1492,21,4030.1,73,4,4030.2,44,4
11483,2026-07-02 10:31:23+05:30,4029.8,2,4048.37,572217,135506.0,145017.0,4100.0,4110.0,4016.1,4092.6,23501625,4501.8,3683.4,4440.0,3288.1,4028.4,15,1,4028.3,45,4,4028.1,3,1,4028.0,35,2,4027.9,10,1,4029.8,32,3,4029.9,250,7,4030.0,1492,21,4030.1,73,4,4030.2,44,4
11483,2026-07-02 10:31:23+05:30,4029.8,2,4048.37,572217,135506.0,145017.0,4100.0,4110.0,4016.1,4092.6,23501625,4501.8,3683.4,4440.0,3288.1,4028.4,15,1,4028.3,45,4,4028.1,3,1,4028.0,35,2,4027.9,10,1,4029.8,32,3,4029.9,250,7,4030.0,1492,21,4030.1,73,4,4030.2,44,4
11483,2026-07-02 10:31:24+05:30,4029.8,2,4048.37,572217,135506.0,145017.0,4100.0,4110.0,4016.1,4092.6,23501625,4501.8,3683.4,4440.0,3288.1,4028.4,15,1,4028.3,45,4,4028.1,3,1,4028.0,35,2,4027.9,10,1,4029.8,32,3,4029.9,250,7,4030.0,1492,21,4030.1,73,4,4030.2,44,4
11483,2026-07-02 10:31:24+05:30,4029.8,2,4048.37,572217,135506.0,145017.0,4100.0,4110.0,4016.1,4092.6,23513175,4501.8,3683.4,4440.0,3288.1,4028.4,15,1,4028.3,45,4,4028.1,3,1,4028.0,35,2,4027.9,10,1,4029.8,32,3,4029.9,250,7,4030.0,1492,21,4030.1,73,4,4030.2,44,4
11483,2026-07-02 10:31:24+05:30,4028.4,1,4048.37,572217,135506.0,145017.0,4100.0,4110.0,4016.1,4092.6,23513175,4501.8,3683.4,4440.0,3288.1,4028.4,15,1,4028.3,45,4,4028.1,3,1,4028.0,35,2,4027.9,10,1,4029.8,32,3,4029.9,250,7,4030.0,1492,21,4030.1,73,4,4030.2,44,4
11483,2026-07-02 10:31:24+05:30,4028.4,1,4048.37,572218,135480.0,145060.0,4100.0,4110.0,4016.1,4092.6,23513175,4501.8,3683.4,4440.0,3288.1,4028.3,49,5,4028.2,2,1,4028.1,3,1,4028.0,35,2,4027.9,10,1,4029.7,28,3,4029.8,33,4,4029.9,285,9,4030.0,1462,20,4030.1,73,4
11483,2026-07-02 10:31:24+05:30,4028.4,1,4048.37,572218,135480.0,145060.0,4100.0,4110.0,4016.1,4092.6,23513175,4501.8,3683.4,4440.0,3288.1,4028.3,49,5,4028.2,2,1,4028.1,3,1,4028.0,35,2,4027.9,10,1,4029.7,28,3,4029.8,33,4,4029.9,285,9,4030.0,1462,20,4030.1,73,4
11483,2026-07-02 10:31:25+05:30,4028.4,1,4048.37,572218,135480.0,145060.0,4100.0,4110.0,4016.1,4092.6,23513175,4501.8,3683.4,4440.0,3288.1,4028.3,49,5,4028.2,2,1,4028.1,3,1,4028.0,35,2,4027.9,10,1,4029.7,28,3,4029.8,33,4,4029.9,285,9,4030.0,1462,20,4030.1,73,4
11483,2026-07-02 10:31:25+05:30,4028.3,6,4048.37,572239,135112.0,145615.0,4100.0,4110.0,4016.1,4092.6,23513175,4501.8,3683.4,4440.0,3288.1,4028.3,19,2,4028.2,2,1,4027.9,10,1,4027.3,10,2,4027.2,9,1,4029.2,49,6,4029.3,178,2,4029.4,15,1,4029.5,38,3,4029.6,12,1
11483,2026-07-02 10:31:25+05:30,4028.3,6,4048.37,572239,135112.0,145615.0,4100.0,4110.0,4016.1,4092.6,23513175,4501.8,3683.4,4440.0,3288.1,4028.3,19,2,4028.2,2,1,4027.9,10,1,4027.3,10,2,4027.2,9,1,4029.2,49,6,4029.3,178,2,4029.4,15,1,4029.5,38,3,4029.6,12,1
11483,2026-07-02 10:31:25+05:30,4028.3,6,4048.37,572239,135112.0,145615.0,4100.0,4110.0,4016.1,4092.6,23513175,4501.8,3683.4,4440.0,3288.1,4028.3,19,2,4028.2,2,1,4027.9,10,1,4027.3,10,2,4027.2,9,1,4029.2,49,6,4029.3,178,2,4029.4,15,1,4029.5,38,3,4029.6,12,1
11483,2026-07-02 10:31:26+05:30,4028.3,6,4048.37,572239,135112.0,145615.0,4100.0,4110.0,4016.1,4092.6,23513175,4501.8,3683.4,4440.0,3288.1,4028.3,19,2,4028.2,2,1,4027.9,10,1,4027.3,10,2,4027.2,9,1,4029.2,49,6,4029.3,178,2,4029.4,15,1,4029.5,38,3,4029.6,12,1
11483,2026-07-02 10:31:26+05:30,4029.1,3,4048.37,572242,135081.0,145862.0,4100.0,4110.0,4016.1,4092.6,23513175,4501.8,3683.4,4440.0,3288.1,4027.9,10,1,4027.5,1,1,4027.3,34,2,4027.1,29,2,4027.0,46,6,4029.1,25,2,4029.2,71,6,4029.3,178,2,4029.4,45,2,4029.5,38,3
11483,2026-07-02 10:31:26+05:30,4029.1,2,4048.37,572242,135081.0,145862.0,4100.0,4110.0,4016.1,4092.6,23513175,4501.8,3683.4,4440.0,3288.1,4027.9,10,1,4027.5,1,1,4027.3,34,2,4027.1,29,2,4027.0,46,6,4029.1,25,2,4029.2,71,6,4029.3,178,2,4029.4,45,2,4029.5,38,3
11483,2026-07-02 10:31:27+05:30,4029.6,5,4048.37,572292,134769.0,145290.0,4100.0,4110.0,4016.1,4092.6,23513175,4501.8,3683.4,4440.0,3288.1,4028.9,1,1,4028.8,285,1,4028.0,7,2,4027.9,10,1,4027.5,1,1,4029.5,56,5,4029.6,6,2,4029.7,19,3,4029.8,51,2,4029.9,294,9
11483,2026-07-02 10:31:27+05:30,4029.6,5,4048.37,572292,134769.0,145290.0,4100.0,4110.0,4016.1,4092.6,23513175,4501.8,3683.4,4440.0,3288.1,4028.9,1,1,4028.8,285,1,4028.0,7,2,4027.9,10,1,4027.5,1,1,4029.5,56,5,4029.6,6,2,4029.7,19,3,4029.8,51,2,4029.9,294,9
11483,2026-07-02 10:31:28+05:30,4029.5,12,4048.37,572329,134776.0,145250.0,4100.0,4110.0,4016.1,4092.6,23513175,4501.8,3683.4,4440.0,3288.1,4028.9,1,1,4028.8,285,1,4028.0,32,3,4027.9,10,1,4027.5,5,3,4029.5,27,4,4029.7,11,2,4029.8,86,3,4029.9,259,8,4030.0,1470,21
11483,2026-07-02 10:31:28+05:30,4029.5,2,4048.37,572329,134776.0,145250.0,4100.0,4110.0,4016.1,4092.6,23513175,4501.8,3683.4,4440.0,3288.1,4028.9,1,1,4028.8,285,1,4028.0,32,3,4027.9,10,1,4027.5,5,3,4029.5,27,4,4029.7,11,2,4029.8,86,3,4029.9,259,8,4030.0,1470,21
11483,2026-07-02 10:31:29+05:30,4029.5,2,4048.37,572331,134812.0,145331.0,4100.0,4110.0,4016.1,4092.6,23513175,4501.8,3683.4,4440.0,3288.1,4028.9,1,1,4028.8,285,1,4028.6,1,1,4028.1,2,1,4028.0,30,2,4029.5,1,1,4029.7,8,1,4029.8,86,3,4029.9,261,9,4030.0,1470,21
11483,2026-07-02 10:31:30+05:30,4029.8,6,4048.37,572346,134904.0,145332.0,4100.0,4110.0,4016.1,4092.6,23513175,4501.8,3683.4,4440.0,3288.1,4028.9,1,1,4028.8,285,1,4028.6,1,1,4028.1,2,1,4028.0,30,2,4029.8,80,3,4029.9,261,9,4030.0,1470,21,4030.1,40,4,4030.2,38,4
11483,2026-07-02 10:31:30+05:30,4029.8,6,4048.37,572346,134904.0,145332.0,4100.0,4110.0,4016.1,4092.6,23513175,4501.8,3683.4,4440.0,3288.1,4028.9,1,1,4028.8,285,1,4028.6,1,1,4028.1,2,1,4028.0,30,2,4029.8,80,3,4029.9,261,9,4030.0,1470,21,4030.1,40,4,4030.2,38,4
11483,2026-07-02 10:31:31+05:30,4029.8,1,4048.37,572352,134991.0,145268.0,4100.0,4110.0,4016.1,4092.6,23513175,4501.8,3683.4,4440.0,3288.1,4028.9,1,1,4028.8,285,1,4028.6,1,1,4028.3,17,1,4028.1,22,2,4029.8,75,3,4029.9,249,8,4030.0,1470,21,4030.1,38,3,4030.2,26,3
11483,2026-07-02 10:31:31+05:30,4028.9,1,4048.37,572352,134991.0,145268.0,4100.0,4110.0,4016.1,4092.6,23513175,4501.8,3683.4,4440.0,3288.1,4028.9,1,1,4028.8,285,1,4028.6,1,1,4028.3,17,1,4028.1,22,2,4029.8,75,3,4029.9,249,8,4030.0,1470,21,4030.1,38,3,4030.2,26,3
11483,2026-07-02 10:31:32+05:30,4028.9,1,4048.37,572353,135230.0,145161.0,4100.0,4110.0,4016.1,4092.6,23513175,4501.8,3683.4,4440.0,3288.1,4028.8,285,1,4028.6,1,1,4028.3,19,2,4028.2,12,1,4028.1,39,2,4029.8,75,3,4029.9,297,8,4030.0,1404,19,4030.1,15,2,4030.2,19,1
11483,2026-07-02 10:31:33+05:30,4029.8,30,4048.37,572383,135142.0,144927.0,4100.0,4110.0,4016.1,4092.6,23513175,4501.8,3683.4,4440.0,3288.1,4028.8,285,1,4028.6,1,1,4028.3,17,1,4028.2,2,1,4028.1,61,3,4029.7,19,3,4029.8,53,4,4029.9,297,8,4030.0,1404,19,4030.1,15,2
11483,2026-07-02 10:31:33+05:30,4029.8,30,4048.37,572383,135142.0,144927.0,4100.0,4110.0,4016.1,4092.6,23513175,4501.8,3683.4,4440.0,3288.1,4028.8,285,1,4028.6,1,1,4028.3,17,1,4028.2,2,1,4028.1,61,3,4029.7,19,3,4029.8,53,4,4029.9,297,8,4030.0,1404,19,4030.1,15,2
11483,2026-07-02 10:31:34+05:30,4029.5,1,4048.37,572389,135841.0,144924.0,4100.0,4110.0,4016.1,4092.6,23513175,4501.8,3683.4,4440.0,3288.1,4029.5,9,1,4028.8,285,1,4028.6,1,1,4028.2,23,2,4028.1,41,2,4029.8,39,2,4029.9,297,8,4030.0,1385,17,4030.1,15,2,4030.2,31,2
11483,2026-07-02 10:31:34+05:30,4029.8,2,4048.37,572389,135841.0,144924.0,4100.0,4110.0,4016.1,4092.6,23513175,4501.8,3683.4,4440.0,3288.1,4029.5,9,1,4028.8,285,1,4028.6,1,1,4028.2,23,2,4028.1,41,2,4029.8,39,2,4029.9,297,8,4030.0,1385,17,4030.1,15,2,4030.2,31,2
11483,2026-07-02 10:31:35+05:30,4029.8,2,4048.37,572395,135678.0,144970.0,4100.0,4110.0,4016.1,4092.6,23513175,4501.8,3683.4,4440.0,3288.1,4029.5,9,1,4028.8,285,1,4028.6,1,1,4028.2,23,2,4028.1,41,2,4029.8,34,2,4029.9,297,8,4030.0,1385,17,4030.1,15,2,4030.2,31,2
11483,2026-07-02 10:31:36+05:30,4029.7,4,4048.37,572399,135694.0,144773.0,4100.0,4110.0,4016.1,4092.6,23513175,4501.8,3683.4,4440.0,3288.1,4029.5,9,1,4029.0,50,1,4028.8,285,1,4028.6,1,1,4028.1,41,2,4029.8,34,2,4029.9,297,8,4030.0,1385,17,4030.1,15,2,4030.2,19,1
11483,2026-07-02 10:31:36+05:30,4029.7,4,4048.37,572399,135694.0,144773.0,4100.0,4110.0,4016.1,4092.6,23513175,4501.8,3683.4,4440.0,3288.1,4029.5,9,1,4029.0,50,1,4028.8,285,1,4028.6,1,1,4028.1,41,2,4029.8,34,2,4029.9,297,8,4030.0,1385,17,4030.1,15,2,4030.2,19,1
11483,2026-07-02 10:31:37+05:30,4029.0,6,4048.36,572514,135651.0,144595.0,4100.0,4110.0,4016.1,4092.6,23513175,4501.8,3683.4,4440.0,3288.1,4029.0,44,1,4028.8,285,1,4028.6,1,1,4028.1,43,3,4028.0,38,4,4029.9,231,6,4030.0,1406,19,4030.1,4,1,4030.2,19,1,4030.3,20,1
11483,2026-07-02 10:31:37+05:30,4029.0,6,4048.36,572514,135651.0,144595.0,4100.0,4110.0,4016.1,4092.6,23513175,4501.8,3683.4,4440.0,3288.1,4029.0,44,1,4028.8,285,1,4028.6,1,1,4028.1,43,3,4028.0,38,4,4029.9,231,6,4030.0,1406,19,4030.1,4,1,4030.2,19,1,4030.3,20,1
11483,2026-07-02 10:31:38+05:30,4029.9,1,4048.36,572520,135513.0,144606.0,4100.0,4110.0,4016.1,4092.6,23513175,4501.8,3683.4,4440.0,3288.1,4029.0,44,1,4028.8,285,1,4028.6,1,1,4028.1,64,3,4028.0,38,4,4029.9,236,8,4030.0,1419,20,4030.1,4,1,4030.2,19,1,4030.3,7,1
11483,2026-07-02 10:31:38+05:30,4029.9,1,4048.36,572520,135513.0,144606.0,4100.0,4110.0,4016.1,4092.6,23513175,4501.8,3683.4,4440.0,3288.1,4029.0,44,1,4028.8,285,1,4028.6,1,1,4028.1,64,3,4028.0,38,4,4029.9,236,8,4030.0,1419,20,4030.1,4,1,4030.2,19,1,4030.3,7,1
11483,2026-07-02 10:31:39+05:30,4029.0,44,4048.36,572520,135513.0,144606.0,4100.0,4110.0,4016.1,4092.6,23513175,4501.8,3683.4,4440.0,3288.1,4029.0,44,1,4028.8,285,1,4028.6,1,1,4028.1,64,3,4028.0,38,4,4029.9,236,8,4030.0,1419,20,4030.1,4,1,4030.2,19,1,4030.3,7,1
11483,2026-07-02 10:31:39+05:30,4029.0,44,4048.36,572564,135267.0,144629.0,4100.0,4110.0,4016.1,4092.6,23513175,4501.8,3683.4,4440.0,3288.1,4028.8,285,1,4028.6,1,1,4028.1,22,1,4028.0,38,4,4027.9,33,3,4029.8,3,1,4029.9,236,8,4030.0,1419,20,4030.1,16,2,4030.2,19,1
11483,2026-07-02 10:31:40+05:30,4029.8,42,4048.36,572564,135267.0,144629.0,4100.0,4110.0,4016.1,4092.6,23513175,4501.8,3683.4,4440.0,3288.1,4028.8,285,1,4028.6,1,1,4028.1,22,1,4028.0,38,4,4027.9,33,3,4029.8,3,1,4029.9,236,8,4030.0,1419,20,4030.1,16,2,4030.2,19,1
11483,2026-07-02 10:31:40+05:30,4029.8,42,4048.36,572615,135109.0,144585.0,4100.0,4110.0,4016.1,4092.6,23513175,4501.8,3683.4,4440.0,3288.1,4028.8,284,1,4028.6,1,1,4028.0,38,4,4027.9,12,2,4027.8,24,2,4029.9,243,8,4030.0,1419,20,4030.1,4,1,4030.2,54,3,4030.3,45,2
11483,2026-07-02 10:31:41+05:30,4028.8,1,4048.36,572615,135109.0,144585.0,4100.0,4110.0,4016.1,4092.6,23513175,4501.8,3683.4,4440.0,3288.1,4028.8,284,1,4028.6,1,1,4028.0,38,4,4027.9,12,2,4027.8,24,2,4029.9,243,8,4030.0,1419,20,4030.1,4,1,4030.2,54,3,4030.3,45,2
11483,2026-07-02 10:31:41+05:30,4028.8,1,4048.36,572618,135128.0,144507.0,4100.0,4110.0,4016.1,4092.6,23513175,4501.8,3683.4,4440.0,3288.1,4028.8,283,1,4028.6,1,1,4028.0,38,4,4027.9,14,3,4027.8,24,2,4029.5,5,1,4029.9,242,8,4030.0,1419,20,4030.1,4,1,4030.2,54,3
11483,2026-07-02 10:31:42+05:30,4028.8,192,4048.36,572618,135128.0,144507.0,4100.0,4110.0,4016.1,4092.6,23513175,4501.8,3683.4,4440.0,3288.1,4028.8,283,1,4028.6,1,1,4028.0,38,4,4027.9,14,3,4027.8,24,2,4029.5,5,1,4029.9,242,8,4030.0,1419,20,4030.1,4,1,4030.2,54,3
11483,2026-07-02 10:31:42+05:30,4028.8,192,4048.35,572820,134948.0,144876.0,4100.0,4110.0,4016.1,4092.6,23513175,4501.8,3683.4,4440.0,3288.1,4028.8,90,1,4028.6,1,1,4028.0,38,4,4027.9,10,1,4027.8,26,3,4028.9,19,1,4029.0,39,1,4029.5,4,1,4029.8,71,2,4029.9,229,6
11483,2026-07-02 10:31:43+05:30,4028.6,1,4048.35,572820,134948.0,144876.0,4100.0,4110.0,4016.1,4092.6,23513175,4501.8,3683.4,4440.0,3288.1,4028.8,90,1,4028.6,1,1,4028.0,38,4,4027.9,10,1,4027.8,26,3,4028.9,19,1,4029.0,39,1,4029.5,4,1,4029.8,71,2,4029.9,229,6
11483,2026-07-02 10:31:43+05:30,4028.6,1,4048.35,573026,134725.0,145618.0,4100.0,4110.0,4016.1,4092.6,23513175,4501.8,3683.4,4440.0,3288.1,4028.0,38,4,4027.9,10,1,4027.7,4,2,4027.6,41,2,4027.5,1,1,4028.8,20,1,4028.9,19,2,4029.2,32,2,4029.3,3,1,4029.4,5,1
11483,2026-07-02 10:31:44+05:30,4029.2,5,4048.35,573026,134725.0,145618.0,4100.0,4110.0,4016.1,4092.6,23513175,4501.8,3683.4,4440.0,3288.1,4028.0,38,4,4027.9,10,1,4027.7,4,2,4027.6,41,2,4027.5,1,1,4028.8,20,1,4028.9,19,2,4029.2,32,2,4029.3,3,1,4029.4,5,1
11483,2026-07-02 10:31:44+05:30,4029.2,5,4048.34,573073,134992.0,145257.0,4100.0,4110.0,4016.1,4092.6,23513175,4501.8,3683.4,4440.0,3288.1,4028.0,137,5,4027.9,10,1,4027.7,2,1,4027.6,43,3,4027.5,1,1,4029.2,20,1,4029.3,3,1,4029.5,51,4,4029.6,12,1,4029.7,70,3
11483,2026-07-02 10:31:45+05:30,4028.0,1,4048.34,573073,134992.0,145257.0,4100.0,4110.0,4016.1,4092.6,23513175,4501.8,3683.4,4440.0,3288.1,4028.0,137,5,4027.9,10,1,4027.7,2,1,4027.6,43,3,4027.5,1,1,4029.2,20,1,4029.3,3,1,4029.5,51,4,4029.6,12,1,4029.7,70,3
11483,2026-07-02 10:31:45+05:30,4028.0,1,4048.34,573074,135071.0,145197.0,4100.0,4110.0,4016.1,4092.6,23513175,4501.8,3683.4,4440.0,3288.1,4028.9,2,1,4028.5,2,2,4028.0,136,5,4027.9,10,1,4027.7,7,2,4029.2,1,1,4029.5,35,2,4029.6,12,1,4029.7,11,1,4029.8,35,3
11483,2026-07-02 10:31:46+05:30,4029.5,5,4048.34,573074,135071.0,145197.0,4100.0,4110.0,4016.1,4092.6,23513175,4501.8,3683.4,4440.0,3288.1,4028.9,2,1,4028.5,2,2,4028.0,136,5,4027.9,10,1,4027.7,7,2,4029.2,1,1,4029.5,35,2,4029.6,12,1,4029.7,11,1,4029.8,35,3
11483,2026-07-02 10:31:46+05:30,4029.5,5,4048.34,573086,135093.0,145121.0,4100.0,4110.0,4016.1,4092.6,23513175,4501.8,3683.4,4440.0,3288.1,4028.9,1,1,4028.5,2,2,4028.1,15,1,4028.0,136,5,4027.9,10,1,4029.2,1,1,4029.5,25,1,4029.7,11,1,4029.8,17,1,4029.9,223,5
11483,2026-07-02 10:31:47+05:30,4029.2,1,4048.34,573086,135093.0,145121.0,4100.0,4110.0,4016.1,4092.6,23513175,4501.8,3683.4,4440.0,3288.1,4028.9,1,1,4028.5,2,2,4028.1,15,1,4028.0,136,5,4027.9,10,1,4029.2,1,1,4029.5,25,1,4029.7,11,1,4029.8,17,1,4029.9,223,5
11483,2026-07-02 10:31:47+05:30,4028.5,1,4048.34,573190,135553.0,145203.0,4100.0,4110.0,4016.1,4092.6,23513175,4501.8,3683.4,4440.0,3288.1,4028.5,2,2,4028.1,39,1,4028.0,136,5,4027.9,12,2,4027.8,21,1,4029.0,23,1,4029.1,42,1,4029.3,42,1,4029.5,67,2,4029.7,11,1
11483,2026-07-02 10:31:48+05:30,4028.7,1,4048.34,573190,135553.0,145203.0,4100.0,4110.0,4016.1,4092.6,23513175,4501.8,3683.4,4440.0,3288.1,4028.5,2,2,4028.1,39,1,4028.0,136,5,4027.9,12,2,4027.8,21,1,4029.0,23,1,4029.1,42,1,4029.3,42,1,4029.5,67,2,4029.7,11,1
11483,2026-07-02 10:31:49+05:30,4028.7,1,4048.34,573191,135491.0,145306.0,4100.0,4110.0,4016.1,4092.6,23513175,4501.8,3683.4,4440.0,3288.1,4028.5,2,2,4028.1,8,1,4028.0,148,6,4027.9,10,1,4027.7,2,1,4028.7,42,1,4028.9,42,1,4029.0,24,2,4029.1,42,1,4029.5,25,1
11483,2026-07-02 10:31:49+05:30,4028.7,1,4048.34,573191,135491.0,145306.0,4100.0,4110.0,4016.1,4092.6,23513175,4501.8,3683.4,4440.0,3288.1,4028.5,2,2,4028.1,8,1,4028.0,148,6,4027.9,10,1,4027.7,2,1,4028.7,42,1,4028.9,42,1,4029.0,24,2,4029.1,42,1,4029.5,25,1
11483,2026-07-02 10:31:50+05:30,4028.5,2,4048.34,573195,134790.0,145850.0,4100.0,4110.0,4016.1,4092.6,23513175,4501.8,3683.4,4440.0,3288.1,4028.0,178,7,4027.9,10,1,4027.5,1,1,4027.1,20,1,4027.0,324,10,4028.3,60,1,4028.7,85,4,4028.9,67,3,4029.0,44,2,4029.1,16,1
11483,2026-07-02 10:31:50+05:30,4028.3,1,4048.34,573195,134790.0,145850.0,4100.0,4110.0,4016.1,4092.6,23513175,4501.8,3683.4,4440.0,3288.1,4028.0,178,7,4027.9,10,1,4027.5,1,1,4027.1,20,1,4027.0,324,10,4028.3,60,1,4028.7,85,4,4028.9,67,3,4029.0,44,2,4029.1,16,1
11483,2026-07-02 10:31:51+05:30,4029.3,10,4048.34,573277,134847.0,145551.0,4100.0,4110.0,4016.1,4092.6,23513175,4501.8,3683.4,4440.0,3288.1,4028.0,178,7,4027.9,10,1,4027.5,23,2,4027.1,48,3,4027.0,345,11,4029.3,36,5,4029.5,89,4,4029.6,12,1,4029.7,57,4,4029.8,276,6
11483,2026-07-02 10:31:51+05:30,4029.3,1,4048.34,573277,134847.0,145551.0,4100.0,4110.0,4016.1,4092.6,23513175,4501.8,3683.4,4440.0,3288.1,4028.0,178,7,4027.9,10,1,4027.5,23,2,4027.1,48,3,4027.0,345,11,4029.3,36,5,4029.5,89,4,4029.6,12,1,4029.7,57,4,4029.8,276,6
11483,2026-07-02 10:31:52+05:30,4029.3,1,4048.34,573278,134889.0,145698.0,4100.0,4110.0,4016.1,4092.6,23513175,4501.8,3683.4,4440.0,3288.1,4028.8,1,1,4028.5,80,1,4028.0,178,7,4027.9,10,1,4027.5,1,1,4029.3,36,5,4029.5,25,1,4029.6,47,2,4029.7,57,4,4029.8,361,6
11483,2026-07-02 10:31:52+05:30,4029.3,1,4048.34,573278,134889.0,145698.0,4100.0,4110.0,4016.1,4092.6,23513175,4501.8,3683.4,4440.0,3288.1,4028.8,1,1,4028.5,80,1,4028.0,178,7,4027.9,10,1,4027.5,1,1,4029.3,36,5,4029.5,25,1,4029.6,47,2,4029.7,57,4,4029.8,361,6
11483,2026-07-02 10:31:53+05:30,4029.3,2,4048.34,573303,134908.0,145654.0,4100.0,4110.0,4016.1,4092.6,23513175,4501.8,3683.4,4440.0,3288.1,4028.8,1,1,4028.5,80,1,4028.0,224,9,4027.9,10,1,4027.6,2,1,4029.3,1,1,4029.5,25,1,4029.6,47,2,4029.7,28,2,4029.8,347,5
11483,2026-07-02 10:31:53+05:30,4029.3,1,4048.34,573303,134908.0,145654.0,4100.0,4110.0,4016.1,4092.6,23513175,4501.8,3683.4,4440.0,3288.1,4028.8,1,1,4028.5,80,1,4028.0,224,9,4027.9,10,1,4027.6,2,1,4029.3,1,1,4029.5,25,1,4029.6,47,2,4029.7,28,2,4029.8,347,5
11483,2026-07-02 10:31:54+05:30,4029.3,1,4048.34,573305,134968.0,145657.0,4100.0,4110.0,4016.1,4092.6,23513175,4501.8,3683.4,4440.0,3288.1,4028.8,21,2,4028.5,80,1,4028.1,18,1,4028.0,224,9,4027.9,32,2,4029.5,25,1,4029.6,35,1,4029.7,29,3,4029.8,367,6,4029.9,223,5
11483,2026-07-02 10:31:54+05:30,4029.3,1,4048.34,573305,134968.0,145657.0,4100.0,4110.0,4016.1,4092.6,23513175,4501.8,3683.4,4440.0,3288.1,4028.8,21,2,4028.5,80,1,4028.1,18,1,4028.0,224,9,4027.9,32,2,4029.5,25,1,4029.6,35,1,4029.7,29,3,4029.8,367,6,4029.9,223,5
11483,2026-07-02 10:31:55+05:30,4029.5,1,4048.34,573306,135101.0,145753.0,4100.0,4110.0,4016.1,4092.6,23513175,4501.8,3683.4,4440.0,3288.1,4028.8,21,2,4028.5,80,1,4028.1,18,1,4028.0,225,10,4027.9,32,2,4029.5,25,2,4029.6,35,1,4029.7,29,3,4029.8,362,5,4029.9,223,5
11483,2026-07-02 10:31:55+05:30,4029.5,22,4048.34,573306,135101.0,145753.0,4100.0,4110.0,4016.1,4092.6,23513175,4501.8,3683.4,4440.0,3288.1,4028.8,21,2,4028.5,80,1,4028.1,18,1,4028.0,225,10,4027.9,32,2,4029.5,25,2,4029.6,35,1,4029.7,29,3,4029.8,362,5,4029.9,223,5
11483,2026-07-02 10:31:56+05:30,4029.5,1,4048.34,573329,135357.0,145695.0,4100.0,4110.0,4016.1,4092.6,23513175,4501.8,3683.4,4440.0,3288.1,4029.0,30,1,4028.8,21,2,4028.5,80,1,4028.2,15,1,4028.1,34,2,4029.5,2,2,4029.6,35,1,4029.7,1,1,4029.8,362,5,4029.9,223,5
11483,2026-07-02 10:31:56+05:30,4029.5,1,4048.34,573329,135357.0,145695.0,4100.0,4110.0,4016.1,4092.6,23513175,4501.8,3683.4,4440.0,3288.1,4029.0,30,1,4028.8,21,2,4028.5,80,1,4028.2,15,1,4028.1,34,2,4029.5,2,2,4029.6,35,1,4029.7,1,1,4029.8,362,5,4029.9,223,5
11483,2026-07-02 10:31:57+05:30,4029.8,1,4048.33,573376,135763.0,145325.0,4100.0,4110.0,4016.1,4092.6,23513175,4501.8,3683.4,4440.0,3288.1,4029.5,13,1,4029.0,30,1,4028.8,21,2,4028.6,5,1,4028.5,80,1,4029.8,160,3,4029.9,408,7,4030.0,1293,18,4030.1,4,1,4030.2,19,1
11483,2026-07-02 10:31:57+05:30,4028.8,20,4048.33,573376,135763.0,145325.0,4100.0,4110.0,4016.1,4092.6,23513175,4501.8,3683.4,4440.0,3288.1,4029.5,13,1,4029.0,30,1,4028.8,21,2,4028.6,5,1,4028.5,80,1,4029.8,160,3,4029.9,408,7,4030.0,1293,18,4030.1,4,1,4030.2,19,1
11483,2026-07-02 10:31:58+05:30,4028.5,59,4048.33,573522,134951.0,145765.0,4100.0,4110.0,4016.1,4092.6,23513175,4501.8,3683.4,4440.0,3288.1,4028.5,21,1,4028.3,50,1,4028.0,264,12,4027.9,10,1,4027.6,2,1,4028.6,143,2,4028.7,42,1,4028.9,42,1,4029.1,42,1,4029.6,5,1
11483,2026-07-02 10:31:58+05:30,4028.6,1,4048.33,573522,134951.0,145765.0,4100.0,4110.0,4016.1,4092.6,23513175,4501.8,3683.4,4440.0,3288.1,4028.5,21,1,4028.3,50,1,4028.0,264,12,4027.9,10,1,4027.6,2,1,4028.6,143,2,4028.7,42,1,4028.9,42,1,4029.1,42,1,4029.6,5,1
11483,2026-07-02 10:31:59+05:30,4028.5,21,4048.33,573577,134887.0,145790.0,4100.0,4110.0,4016.1,4092.6,23513175,4501.8,3683.4,4440.0,3288.1,4028.3,50,1,4028.0,264,12,4027.9,10,1,4027.6,2,1,4027.5,23,2,4028.5,60,1,4028.6,109,2,4028.7,42,1,4028.9,42,1,4029.1,42,1
11483,2026-07-02 10:31:59+05:30,4028.5,1,4048.33,573577,134887.0,145790.0,4100.0,4110.0,4016.1,4092.6,23513175,4501.8,3683.4,4440.0,3288.1,4028.3,50,1,4028.0,264,12,4027.9,10,1,4027.6,2,1,4027.5,23,2,4028.5,60,1,4028.6,109,2,4028.7,42,1,4028.9,42,1,4029.1,42,1
11483,2026-07-02 10:32:00+05:30,4028.3,9,4048.33,573637,134760.0,145918.0,4100.0,4110.0,4016.1,4092.6,23513175,4501.8,3683.4,4440.0,3288.1,4028.3,53,2,4028.0,252,11,4027.9,10,1,4027.6,2,1,4027.5,23,2,4028.4,42,1,4028.5,43,2,4028.6,67,1,4028.7,42,1,4028.9,42,1
11483,2026-07-02 10:32:00+05:30,4028.4,1,4048.33,573637,134760.0,145918.0,4100.0,4110.0,4016.1,4092.6,23513175,4501.8,3683.4,4440.0,3288.1,4028.3,53,2,4028.0,252,11,4027.9,10,1,4027.6,2,1,4027.5,23,2,4028.4,42,1,4028.5,43,2,4028.6,67,1,4028.7,42,1,4028.9,42,1
11483,2026-07-02 10:32:01+05:30,4028.3,3,4048.32,573685,134859.0,146171.0,4100.0,4110.0,4016.1,4092.6,23513175,4501.8,3683.4,4440.0,3288.1,4028.0,277,13,4027.9,15,2,4027.8,6,1,4027.7,7,1,4027.5,25,3,4028.3,33,1,4028.4,41,1,4028.5,42,1,4028.6,67,1,4028.7,42,1
11483,2026-07-02 10:32:01+05:30,4028.3,5,4048.32,573685,134859.0,146171.0,4100.0,4110.0,4016.1,4092.6,23513175,4501.8,3683.4,4440.0,3288.1,4028.0,277,13,4027.9,15,2,4027.8,6,1,4027.7,7,1,4027.5,25,3,4028.3,33,1,4028.4,41,1,4028.5,42,1,4028.6,67,1,4028.7,42,1
11483,2026-07-02 10:32:02+05:30,4028.3,5,4048.32,573691,134916.0,146410.0,4100.0,4110.0,4016.1,4092.6,23513175,4501.8,3683.4,4440.0,3288.1,4028.0,273,12,4027.9,12,2,4027.8,6,1,4027.7,7,1,4027.5,23,2,4028.1,27,1,4028.3,44,2,4028.4,41,1,4028.5,62,2,4028.6,67,1
11483,2026-07-02 10:32:02+05:30,4028.1,1,4048.32,573691,134916.0,146410.0,4100.0,4110.0,4016.1,4092.6,23513175,4501.8,3683.4,4440.0,3288.1,4028.0,273,12,4027.9,12,2,4027.8,6,1,4027.7,7,1,4027.5,23,2,4028.1,27,1,4028.3,44,2,4028.4,41,1,4028.5,62,2,4028.6,67,1
11483,2026-07-02 10:32:03+05:30,4028.2,2,4048.32,573694,135033.0,146408.0,4100.0,4110.0,4016.1,4092.6,23513175,4501.8,3683.4,4440.0,3288.1,4028.0,275,13,4027.9,12,2,4027.8,6,1,4027.7,7,1,4027.5,23,2,4028.2,40,1,4028.4,83,2,4028.5,20,1,4028.6,109,2,4029.3,32,2
11483,2026-07-02 10:32:03+05:30,4028.0,23,4048.32,573694,135033.0,146408.0,4100.0,4110.0,4016.1,4092.6,23513175,4501.8,3683.4,4440.0,3288.1,4028.0,275,13,4027.9,12,2,4027.8,6,1,4027.7,7,1,4027.5,23,2,4028.2,40,1,4028.4,83,2,4028.5,20,1,4028.6,109,2,4029.3,32,2
11483,2026-07-02 10:32:04+05:30,4028.0,23,4048.32,573718,135036.0,146414.0,4100.0,4110.0,4016.1,4092.6,23513175,4501.8,3683.4,4440.0,3288.1,4028.0,250,11,4027.9,12,2,4027.8,6,1,4027.7,7,1,4027.5,23,2,4028.2,41,2,4028.4,83,2,4028.5,20,1,4028.6,109,2,4029.3,32,2
11483,2026-07-02 10:32:04+05:30,4028.0,30,4048.32,573718,135036.0,146414.0,4100.0,4110.0,4016.1,4092.6,23513175,4501.8,3683.4,4440.0,3288.1,4028.0,250,11,4027.9,12,2,4027.8,6,1,4027.7,7,1,4027.5,23,2,4028.2,41,2,4028.4,83,2,4028.5,20,1,4028.6,109,2,4029.3,32,2
11483,2026-07-02 10:32:05+05:30,4028.2,1,4048.32,573833,135003.0,146281.0,4100.0,4110.0,4016.1,4092.6,23513175,4501.8,3683.4,4440.0,3288.1,4028.0,142,9,4027.9,12,2,4027.8,6,1,4027.7,13,2,4027.6,12,1,4028.2,36,2,4028.5,20,1,4028.6,67,1,4029.3,32,2,4029.5,146,1
11483,2026-07-02 10:32:05+05:30,4028.2,1,4048.32,573833,135003.0,146281.0,4100.0,4110.0,4016.1,4092.6,23513175,4501.8,3683.4,4440.0,3288.1,4028.0,142,9,4027.9,12,2,4027.8,6,1,4027.7,13,2,4027.6,12,1,4028.2,36,2,4028.5,20,1,4028.6,67,1,4029.3,32,2,4029.5,146,1
11483,2026-07-02 10:32:06+05:30,4028.5,1,4048.32,573871,135464.0,145752.0,4100.0,4110.0,4016.1,4092.6,23513175,4501.8,3683.4,4440.0,3288.1,4028.3,81,1,4028.2,58,3,4028.1,47,2,4028.0,168,12,4027.9,54,3,4028.5,19,1,4028.6,67,1,4029.5,146,1,4029.6,12,1,4029.8,140,2
11483,2026-07-02 10:32:06+05:30,4028.5,7,4048.32,573871,135464.0,145752.0,4100.0,4110.0,4016.1,4092.6,23513175,4501.8,3683.4,4440.0,3288.1,4028.3,81,1,4028.2,58,3,4028.1,47,2,4028.0,168,12,4027.9,54,3,4028.5,19,1,4028.6,67,1,4029.5,146,1,4029.6,12,1,4029.8,140,2
11483,2026-07-02 10:32:07+05:30,4028.5,7,4048.32,573878,135440.0,145752.0,4100.0,4110.0,4016.1,4092.6,23513175,4501.8,3683.4,4440.0,3288.1,4028.4,42,1,4028.3,54,2,4028.2,41,3,4028.1,47,2,4028.0,145,11,4028.5,13,2,4028.6,67,1,4029.5,146,1,4029.6,12,1,4029.8,140,2
11483,2026-07-02 10:32:07+05:30,4028.5,1,4048.32,573878,135440.0,145752.0,4100.0,4110.0,4016.1,4092.6,23513175,4501.8,3683.4,4440.0,3288.1,4028.4,42,1,4028.3,54,2,4028.2,41,3,4028.1,47,2,4028.0,145,11,4028.5,13,2,4028.6,67,1,4029.5,146,1,4029.6,12,1,4029.8,140,2
11483,2026-07-02 10:32:08+05:30,4029.5,1,4048.31,573959,135763.0,145486.0,4100.0,4110.0,4016.1,4092.6,23513175,4501.8,3683.4,4440.0,3288.1,4028.7,34,4,4028.6,53,4,4028.5,98,3,4028.4,59,4,4028.3,56,5,4029.5,145,1,4029.8,140,2,4029.9,337,7,4030.0,1303,19,4030.1,4,1
11483,2026-07-02 10:32:08+05:30,4029.5,1,4048.31,573959,135763.0,145486.0,4100.0,4110.0,4016.1,4092.6,23513175,4501.8,3683.4,4440.0,3288.1,4028.7,34,4,4028.6,53,4,4028.5,98,3,4028.4,59,4,4028.3,56,5,4029.5,145,1,4029.8,140,2,4029.9,337,7,4030.0,1303,19,4030.1,4,1
11483,2026-07-02 10:32:09+05:30,4029.5,1,4048.31,573961,135908.0,145359.0,4100.0,4110.0,4016.1,4092.6,23513175,4501.8,3683.4,4440.0,3288.1,4029.2,70,1,4029.1,79,4,4029.0,48,2,4028.8,55,3,4028.7,25,4,4029.5,146,2,4029.8,140,2,4029.9,337,7,4030.0,1303,19,4030.1,4,1
11483,2026-07-02 10:32:09+05:30,4029.2,1,4048.31,573961,135908.0,145359.0,4100.0,4110.0,4016.1,4092.6,23513175,4501.8,3683.4,4440.0,3288.1,4029.2,70,1,4029.1,79,4,4029.0,48,2,4028.8,55,3,4028.7,25,4,4029.5,146,2,4029.8,140,2,4029.9,337,7,4030.0,1303,19,4030.1,4,1
11483,2026-07-02 10:32:10+05:30,4029.5,2,4048.31,573965,135943.0,145296.0,4100.0,4110.0,4016.1,4092.6,23513175,4501.8,3683.4,4440.0,3288.1,4029.3,42,1,4029.2,42,1,4029.1,26,2,4029.0,48,2,4028.9,27,2,4029.5,143,2,4029.8,140,2,4029.9,337,7,4030.0,1303,19,4030.1,4,1
11483,2026-07-02 10:32:10+05:30,4029.3,1,4048.31,573965,135943.0,145296.0,4100.0,4110.0,4016.1,4092.6,23513175,4501.8,3683.4,4440.0,3288.1,4029.3,42,1,4029.2,42,1,4029.1,26,2,4029.0,48,2,4028.9,27,2,4029.5,143,2,4029.8,140,2,4029.9,337,7,4030.0,1303,19,4030.1,4,1
11483,2026-07-02 10:32:11+05:30,4029.5,68,4048.31,574036,136249.0,145104.0,4100.0,4110.0,4016.1,4092.6,23513175,4501.8,3683.4,4440.0,3288.1,4029.3,113,5,4029.2,4,1,4029.1,47,2,4029.0,17,2,4028.9,76,4,4029.5,73,2,4029.8,140,2,4029.9,262,6,4030.0,1303,19,4030.1,4,1
11483,2026-07-02 10:32:11+05:30,4029.5,68,4048.31,574036,136249.0,145104.0,4100.0,4110.0,4016.1,4092.6,23513175,4501.8,3683.4,4440.0,3288.1,4029.3,113,5,4029.2,4,1,4029.1,47,2,4029.0,17,2,4028.9,76,4,4029.5,73,2,4029.8,140,2,4029.9,262,6,4030.0,1303,19,4030.1,4,1
11483,2026-07-02 10:32:12+05:30,4029.5,3,4048.31,574110,136327.0,144929.0,4100.0,4110.0,4016.1,4092.6,23513175,4501.8,3683.4,4440.0,3288.1,4029.5,27,3,4029.3,84,3,4029.2,4,1,4029.1,47,2,4029.0,17,2,4029.8,140,2,4029.9,262,6,4030.0,1303,19,4030.1,4,1,4030.4,19,1
11483,2026-07-02 10:32:12+05:30,4029.5,3,4048.31,574110,136327.0,144929.0,4100.0,4110.0,4016.1,4092.6,23513175,4501.8,3683.4,4440.0,3288.1,4029.5,27,3,4029.3,84,3,4029.2,4,1,4029.1,47,2,4029.0,17,2,4029.8,140,2,4029.9,262,6,4030.0,1303,19,4030.1,4,1,4030.4,19,1
11483,2026-07-02 10:32:13+05:30,4029.8,22,4048.31,574240,136420.0,145016.0,4100.0,4110.0,4016.1,4092.6,23513175,4501.8,3683.4,4440.0,3288.1,4029.6,61,2,4029.4,42,1,4029.3,40,1,4029.2,46,2,4029.1,5,1,4029.8,14,2,4029.9,262,6,4030.0,1303,19,4030.1,4,1,4030.4,19,1
11483,2026-07-02 10:32:13+05:30,4029.8,67,4048.31,574240,136420.0,145016.0,4100.0,4110.0,4016.1,4092.6,23513175,4501.8,3683.4,4440.0,3288.1,4029.6,61,2,4029.4,42,1,4029.3,40,1,4029.2,46,2,4029.1,5,1,4029.8,14,2,4029.9,262,6,4030.0,1303,19,4030.1,4,1,4030.4,19,1
11483,2026-07-02 10:32:14+05:30,4029.6,1,4048.3,574327,136550.0,144981.0,4100.0,4110.0,4016.1,4092.6,23513175,4501.8,3683.4,4440.0,3288.1,4029.6,55,2,4029.4,42,1,4029.3,40,1,4029.2,42,1,4029.1,5,1,4029.7,19,1,4029.8,109,2,4029.9,87,5,4030.0,1303,19,4030.1,4,1
11483,2026-07-02 10:32:14+05:30,4029.7,1,4048.3,574327,136550.0,144981.0,4100.0,4110.0,4016.1,4092.6,23513175,4501.8,3683.4,4440.0,3288.1,4029.6,55,2,4029.4,42,1,4029.3,40,1,4029.2,42,1,4029.1,5,1,4029.7,19,1,4029.8,109,2,4029.9,87,5,4030.0,1303,19,4030.1,4,1
11483,2026-07-02 10:32:15+05:30,4029.7,1,4048.3,574347,136425.0,145064.0,4100.0,4110.0,4016.1,4092.6,23513175,4501.8,3683.4,4440.0,3288.1,4029.6,13,1,4029.5,2,1,4029.1,5,1,4029.0,6,1,4028.9,7,1,4029.8,109,2,4029.9,87,5,4030.0,1303,19,4030.1,4,1,4030.4,175,1
11483,2026-07-02 10:32:16+05:30,4029.8,4,4048.3,574355,136454.0,145045.0,4100.0,4110.0,4016.1,4092.6,23513175,4501.8,3683.4,4440.0,3288.1,4029.6,12,1,4029.5,2,1,4029.1,5,1,4029.0,31,2,4028.9,7,1,4029.8,103,3,4029.9,87,5,4030.0,1303,19,4030.1,4,1,4030.4,175,1
11483,2026-07-02 10:32:16+05:30,4029.6,1,4048.3,574355,136454.0,145045.0,4100.0,4110.0,4016.1,4092.6,23513175,4501.8,3683.4,4440.0,3288.1,4029.6,12,1,4029.5,2,1,4029.1,5,1,4029.0,31,2,4028.9,7,1,4029.8,103,3,4029.9,87,5,4030.0,1303,19,4030.1,4,1,4030.4,175,1
11483,2026-07-02 10:32:17+05:30,4029.8,7,4048.3,574365,136495.0,145057.0,4100.0,4110.0,4016.1,4092.6,23513175,4501.8,3683.4,4440.0,3288.1,4029.6,9,1,4029.5,2,1,4029.1,11,1,4029.0,25,1,4028.8,50,1,4029.8,96,3,4029.9,87,5,4030.0,1313,20,4030.1,4,1,4030.4,175,1
11483,2026-07-02 10:32:17+05:30,4029.6,1,4048.3,574365,136495.0,145057.0,4100.0,4110.0,4016.1,4092.6,23513175,4501.8,3683.4,4440.0,3288.1,4029.6,9,1,4029.5,2,1,4029.1,11,1,4029.0,25,1,4028.8,50,1,4029.8,96,3,4029.9,87,5,4030.0,1313,20,4030.1,4,1,4030.4,175,1
11483,2026-07-02 10:32:18+05:30,4029.8,22,4048.3,574388,136589.0,145496.0,4100.0,4110.0,4016.1,4092.6,23513175,4501.8,3683.4,4440.0,3288.1,4029.6,8,1,4029.5,2,1,4029.1,11,1,4029.0,25,1,4028.8,50,1,4029.8,74,3,4029.9,87,5,4030.0,1313,20,4030.1,4,1,4030.7,1,1
11483,2026-07-02 10:32:18+05:30,4029.6,1,4048.3,574388,136589.0,145496.0,4100.0,4110.0,4016.1,4092.6,23513175,4501.8,3683.4,4440.0,3288.1,4029.6,8,1,4029.5,2,1,4029.1,11,1,4029.0,25,1,4028.8,50,1,4029.8,74,3,4029.9,87,5,4030.0,1313,20,4030.1,4,1,4030.7,1,1
11483,2026-07-02 10:32:19+05:30,4030.0,179,4048.28,574997,136567.0,144780.0,4100.0,4110.0,4016.1,4092.6,23513175,4501.8,3683.4,4440.0,3288.1,4029.6,6,1,4029.5,2,1,4029.4,11,1,4029.0,25,1,4028.8,50,1,4030.0,860,10,4030.1,4,1,4030.7,1,1,4030.8,175,1,4030.9,125,2
11483,2026-07-02 10:32:19+05:30,4030.0,179,4048.28,574997,136567.0,144780.0,4100.0,4110.0,4016.1,4092.6,23513175,4501.8,3683.4,4440.0,3288.1,4029.6,6,1,4029.5,2,1,4029.4,11,1,4029.0,25,1,4028.8,50,1,4030.0,860,10,4030.1,4,1,4030.7,1,1,4030.8,175,1,4030.9,125,2
11483,2026-07-02 10:32:19+05:30,4029.6,2,4048.28,575000,136592.0,144866.0,4100.0,4110.0,4016.1,4092.6,23513175,4501.8,3683.4,4440.0,3288.1,4029.6,3,1,4029.5,2,1,4029.4,11,1,4029.0,25,1,4028.8,50,1,4030.0,881,11,4030.1,4,1,4030.7,1,1,4030.8,206,2,4030.9,125,2
11483,2026-07-02 10:32:20+05:30,4029.6,2,4048.28,575000,136592.0,144866.0,4100.0,4110.0,4016.1,4092.6,23513175,4501.8,3683.4,4440.0,3288.1,4029.6,3,1,4029.5,2,1,4029.4,11,1,4029.0,25,1,4028.8,50,1,4030.0,881,11,4030.1,4,1,4030.7,1,1,4030.8,206,2,4030.9,125,2
11483,2026-07-02 10:32:20+05:30,4029.6,2,4048.28,575000,136592.0,144866.0,4100.0,4110.0,4016.1,4092.6,23513175,4501.8,3683.4,4440.0,3288.1,4029.6,3,1,4029.5,2,1,4029.4,11,1,4029.0,25,1,4028.8,50,1,4030.0,881,11,4030.1,4,1,4030.7,1,1,4030.8,206,2,4030.9,125,2
11483,2026-07-02 10:32:21+05:30,4030.0,25,4048.28,575026,136736.0,144546.0,4100.0,4110.0,4016.1,4092.6,23513175,4501.8,3683.4,4440.0,3288.1,4029.8,29,2,4029.6,6,2,4029.5,2,1,4029.4,11,1,4029.0,25,1,4030.0,856,11,4030.1,4,1,4030.7,1,1,4030.8,175,1,4030.9,125,2
11483,2026-07-02 10:32:21+05:30,4029.4,57,4048.28,575026,136736.0,144546.0,4100.0,4110.0,4016.1,4092.6,23513175,4501.8,3683.4,4440.0,3288.1,4029.8,29,2,4029.6,6,2,4029.5,2,1,4029.4,11,1,4029.0,25,1,4030.0,856,11,4030.1,4,1,4030.7,1,1,4030.8,175,1,4030.9,125,2
11483,2026-07-02 10:32:21+05:30,4029.4,57,4048.28,575026,136736.0,144546.0,4100.0,4110.0,4016.1,4092.6,23513175,4501.8,3683.4,4440.0,3288.1,4029.8,29,2,4029.6,6,2,4029.5,2,1,4029.4,11,1,4029.0,25,1,4030.0,856,11,4030.1,4,1,4030.7,1,1,4030.8,175,1,4030.9,125,2
11483,2026-07-02 10:32:22+05:30,4030.0,1,4048.28,575141,136744.0,145084.0,4100.0,4110.0,4016.1,4092.6,23513175,4501.8,3683.4,4440.0,3288.1,4029.4,10,1,4029.0,76,3,4028.8,50,1,4028.7,16,2,4028.6,3,1,4030.0,1054,12,4030.1,4,1,4030.7,55,3,4030.8,175,1,4030.9,190,5
11483,2026-07-02 10:32:22+05:30,4030.0,1,4048.28,575141,136744.0,145084.0,4100.0,4110.0,4016.1,4092.6,23513175,4501.8,3683.4,4440.0,3288.1,4029.4,10,1,4029.0,76,3,4028.8,50,1,4028.7,16,2,4028.6,3,1,4030.0,1054,12,4030.1,4,1,4030.7,55,3,4030.8,175,1,4030.9,190,5
11483,2026-07-02 10:32:22+05:30,4029.5,1,4048.28,575141,136744.0,145084.0,4100.0,4110.0,4016.1,4092.6,23513175,4501.8,3683.4,4440.0,3288.1,4029.4,10,1,4029.0,76,3,4028.8,50,1,4028.7,16,2,4028.6,3,1,4030.0,1054,12,4030.1,4,1,4030.7,55,3,4030.8,175,1,4030.9,190,5
11483,2026-07-02 10:32:22+05:30,4029.5,1,4048.28,575141,136744.0,145084.0,4100.0,4110.0,4016.1,4092.6,23513175,4501.8,3683.4,4440.0,3288.1,4029.4,10,1,4029.0,76,3,4028.8,50,1,4028.7,16,2,4028.6,3,1,4030.0,1054,12,4030.1,4,1,4030.7,55,3,4030.8,175,1,4030.9,190,5
11483,2026-07-02 10:32:23+05:30,4029.5,1,4048.28,575164,136738.0,145027.0,4100.0,4110.0,4016.1,4092.6,23513175,4501.8,3683.4,4440.0,3288.1,4029.5,47,2,4029.4,10,1,4029.3,12,1,4029.2,9,1,4029.1,10,1,4030.0,1036,13,4030.1,4,1,4030.3,175,1,4030.7,36,2,4030.9,154,5
11483,2026-07-02 10:32:23+05:30,4029.5,1,4048.28,575164,136738.0,145027.0,4100.0,4110.0,4016.1,4092.6,23513175,4501.8,3683.4,4440.0,3288.1,4029.5,47,2,4029.4,10,1,4029.3,12,1,4029.2,9,1,4029.1,10,1,4030.0,1036,13,4030.1,4,1,4030.3,175,1,4030.7,36,2,4030.9,154,5
11483,2026-07-02 10:32:23+05:30,4030.0,1,4048.28,575164,136738.0,145027.0,4100.0,4110.0,4016.1,4092.6,23513175,4501.8,3683.4,4440.0,3288.1,4029.5,47,2,4029.4,10,1,4029.3,12,1,4029.2,9,1,4029.1,10,1,4030.0,1036,13,4030.1,4,1,4030.3,175,1,4030.7,36,2,4030.9,154,5
11483,2026-07-02 10:32:23+05:30,4030.0,1,4048.28,575164,136738.0,145027.0,4100.0,4110.0,4016.1,4092.6,23513175,4501.8,3683.4,4440.0,3288.1,4029.5,47,2,4029.4,10,1,4029.3,12,1,4029.2,9,1,4029.1,10,1,4030.0,1036,13,4030.1,4,1,4030.3,175,1,4030.7,36,2,4030.9,154,5
11483,2026-07-02 10:32:24+05:30,4030.0,1,4048.28,575164,136738.0,145027.0,4100.0,4110.0,4016.1,4092.6,23513175,4501.8,3683.4,4440.0,3288.1,4029.5,47,2,4029.4,10,1,4029.3,12,1,4029.2,9,1,4029.1,10,1,4030.0,1036,13,4030.1,4,1,4030.3,175,1,4030.7,36,2,4030.9,154,5
11483,2026-07-02 10:32:24+05:30,4030.0,1,4048.27,575211,136709.0,144976.0,4100.0,4110.0,4016.1,4092.6,23513175,4501.8,3683.4,4440.0,3288.1,4029.5,32,2,4029.4,10,1,4029.3,12,1,4029.2,9,1,4029.1,10,1,4030.0,1004,13,4030.1,4,1,4030.3,175,1,4030.7,36,2,4030.9,154,5
11483,2026-07-02 10:32:24+05:30,4030.0,1,4048.27,575211,136709.0,144976.0,4100.0,4110.0,4016.1,4092.6,23513175,4501.8,3683.4,4440.0,3288.1,4029.5,32,2,4029.4,10,1,4029.3,12,1,4029.2,9,1,4029.1,10,1,4030.0,1004,13,4030.1,4,1,4030.3,175,1,4030.7,36,2,4030.9,154,5
11483,2026-07-02 10:32:24+05:30,4030.0,5,4048.27,575211,136709.0,144976.0,4100.0,4110.0,4016.1,4092.6,23513175,4501.8,3683.4,4440.0,3288.1,4029.5,32,2,4029.4,10,1,4029.3,12,1,4029.2,9,1,4029.1,10,1,4030.0,1004,13,4030.1,4,1,4030.3,175,1,4030.7,36,2,4030.9,154,5
11483,2026-07-02 10:32:24+05:30,4030.0,5,4048.27,575211,136709.0,144976.0,4100.0,4110.0,4016.1,4092.6,23513175,4501.8,3683.4,4440.0,3288.1,4029.5,32,2,4029.4,10,1,4029.3,12,1,4029.2,9,1,4029.1,10,1,4030.0,1004,13,4030.1,4,1,4030.3,175,1,4030.7,36,2,4030.9,154,5
11483,2026-07-02 10:32:24+05:30,4030.0,5,4048.27,575211,136709.0,144976.0,4100.0,4110.0,4016.1,4092.6,23526650,4501.8,3683.4,4440.0,3288.1,4029.5,32,2,4029.4,10,1,4029.3,12,1,4029.2,9,1,4029.1,10,1,4030.0,1004,13,4030.1,4,1,4030.3,175,1,4030.7,36,2,4030.9,154,5
11483,2026-07-02 10:32:25+05:30,4030.0,5,4048.27,575211,136709.0,144976.0,4100.0,4110.0,4016.1,4092.6,23526650,4501.8,3683.4,4440.0,3288.1,4029.5,32,2,4029.4,10,1,4029.3,12,1,4029.2,9,1,4029.1,10,1,4030.0,1004,13,4030.1,4,1,4030.3,175,1,4030.7,36,2,4030.9,154,5
11483,2026-07-02 10:32:25+05:30,4030.0,1,4048.27,575257,136594.0,144988.0,4100.0,4110.0,4016.1,4092.6,23526650,4501.8,3683.4,4440.0,3288.1,4029.5,18,3,4029.4,11,1,4029.3,12,1,4029.2,9,1,4029.1,10,1,4030.0,991,14,4030.1,4,1,4030.3,210,2,4030.7,1,1,4030.9,154,5
11483,2026-07-02 10:32:25+05:30,4030.0,1,4048.27,575257,136594.0,144988.0,4100.0,4110.0,4016.1,4092.6,23526650,4501.8,3683.4,4440.0,3288.1,4029.5,18,3,4029.4,11,1,4029.3,12,1,4029.2,9,1,4029.1,10,1,4030.0,991,14,4030.1,4,1,4030.3,210,2,4030.7,1,1,4030.9,154,5
11483,2026-07-02 10:32:25+05:30,4030.0,1,4048.27,575257,136594.0,144988.0,4100.0,4110.0,4016.1,4092.6,23526650,4501.8,3683.4,4440.0,3288.1,4029.5,18,3,4029.4,11,1,4029.3,12,1,4029.2,9,1,4029.1,10,1,4030.0,991,14,4030.1,4,1,4030.3,210,2,4030.7,1,1,4030.9,154,5
11483,2026-07-02 10:32:26+05:30,4030.0,1,4048.27,575257,136594.0,144988.0,4100.0,4110.0,4016.1,4092.6,23526650,4501.8,3683.4,4440.0,3288.1,4029.5,18,3,4029.4,11,1,4029.3,12,1,4029.2,9,1,4029.1,10,1,4030.0,991,14,4030.1,4,1,4030.3,210,2,4030.7,1,1,4030.9,154,5
11483,2026-07-02 10:32:26+05:30,4030.0,1,4048.27,575257,136605.0,145010.0,4100.0,4110.0,4016.1,4092.6,23526650,4501.8,3683.4,4440.0,3288.1,4029.5,18,3,4029.4,11,1,4029.3,12,1,4029.2,9,1,4029.1,10,1,4030.0,991,14,4030.1,4,1,4030.3,210,2,4030.7,1,1,4030.9,173,6
11483,2026-07-02 10:32:26+05:30,4030.0,7,4048.27,575257,136605.0,145010.0,4100.0,4110.0,4016.1,4092.6,23526650,4501.8,3683.4,4440.0,3288.1,4029.5,18,3,4029.4,11,1,4029.3,12,1,4029.2,9,1,4029.1,10,1,4030.0,991,14,4030.1,4,1,4030.3,210,2,4030.7,1,1,4030.9,173,6
11483,2026-07-02 10:32:26+05:30,4030.0,7,4048.27,575257,136605.0,145010.0,4100.0,4110.0,4016.1,4092.6,23526650,4501.8,3683.4,4440.0,3288.1,4029.5,18,3,4029.4,11,1,4029.3,12,1,4029.2,9,1,4029.1,10,1,4030.0,991,14,4030.1,4,1,4030.3,210,2,4030.7,1,1,4030.9,173,6
11483,2026-07-02 10:32:27+05:30,4030.0,1,4048.27,575412,136526.0,144913.0,4100.0,4110.0,4016.1,4092.6,23526650,4501.8,3683.4,4440.0,3288.1,4029.4,37,5,4029.2,9,1,4029.1,10,1,4029.0,64,4,4028.8,133,4,4030.0,866,14,4030.1,4,1,4030.3,210,2,4030.4,26,1,4030.7,1,1
11483,2026-07-02 10:32:27+05:30,4030.0,1,4048.27,575412,136526.0,144913.0,4100.0,4110.0,4016.1,4092.6,23526650,4501.8,3683.4,4440.0,3288.1,4029.4,37,5,4029.2,9,1,4029.1,10,1,4029.0,64,4,4028.8,133,4,4030.0,866,14,4030.1,4,1,4030.3,210,2,4030.4,26,1,4030.7,1,1
11483,2026-07-02 10:32:28+05:30,4029.5,1,4048.27,575420,136440.0,145218.0,4100.0,4110.0,4016.1,4092.6,23526650,4501.8,3683.4,4440.0,3288.1,4029.4,19,3,4029.3,11,1,4029.1,10,1,4029.0,70,5,4028.8,114,3,4029.5,196,1,4030.0,859,14,4030.1,39,2,4030.3,175,1,4030.4,26,1
11483,2026-07-02 10:32:28+05:30,4029.5,1,4048.27,575420,136440.0,145218.0,4100.0,4110.0,4016.1,4092.6,23526650,4501.8,3683.4,4440.0,3288.1,4029.4,19,3,4029.3,11,1,4029.1,10,1,4029.0,70,5,4028.8,114,3,4029.5,196,1,4030.0,859,14,4030.1,39,2,4030.3,175,1,4030.4,26,1
11483,2026-07-02 10:32:29+05:30,4029.5,100,4048.27,575420,136440.0,145218.0,4100.0,4110.0,4016.1,4092.6,23526650,4501.8,3683.4,4440.0,3288.1,4029.4,19,3,4029.3,11,1,4029.1,10,1,4029.0,70,5,4028.8,114,3,4029.5,196,1,4030.0,859,14,4030.1,39,2,4030.3,175,1,4030.4,26,1
11483,2026-07-02 10:32:29+05:30,4029.5,100,4048.26,575550,136406.0,145056.0,4100.0,4110.0,4016.1,4092.6,23526650,4501.8,3683.4,4440.0,3288.1,4029.4,19,3,4029.0,60,5,4028.9,7,1,4028.8,114,3,4028.7,71,3,4029.5,72,2,4030.0,834,12,4030.1,39,2,4030.3,175,1,4030.4,26,1
11483,2026-07-02 10:32:30+05:30,4029.5,1,4048.26,575550,136406.0,145056.0,4100.0,4110.0,4016.1,4092.6,23526650,4501.8,3683.4,4440.0,3288.1,4029.4,19,3,4029.0,60,5,4028.9,7,1,4028.8,114,3,4028.7,71,3,4029.5,72,2,4030.0,834,12,4030.1,39,2,4030.3,175,1,4030.4,26,1
11483,2026-07-02 10:32:30+05:30,4029.5,1,4048.26,575589,136048.0,145305.0,4100.0,4110.0,4016.1,4092.6,23526650,4501.8,3683.4,4440.0,3288.1,4029.0,25,4,4028.8,50,1,4028.6,53,2,4028.5,62,2,4028.4,98,6,4029.5,47,3,4029.9,1,1,4030.0,872,15,4030.1,39,2,4030.3,175,1
11483,2026-07-02 10:32:31+05:30,4029.5,2,4048.26,575589,136048.0,145305.0,4100.0,4110.0,4016.1,4092.6,23526650,4501.8,3683.4,4440.0,3288.1,4029.0,25,4,4028.8,50,1,4028.6,53,2,4028.5,62,2,4028.4,98,6,4029.5,47,3,4029.9,1,1,4030.0,872,15,4030.1,39,2,4030.3,175,1
11483,2026-07-02 10:32:31+05:30,4029.5,1,4048.26,575598,136069.0,145303.0,4100.0,4110.0,4016.1,4092.6,23526650,4501.8,3683.4,4440.0,3288.1,4029.0,25,4,4028.8,50,1,4028.7,11,1,4028.6,53,2,4028.5,62,2,4029.5,39,4,4029.9,1,1,4030.0,888,15,4030.1,4,1,4030.3,175,1
11483,2026-07-02 10:32:32+05:30,4031.0,1,4048.26,575598,136069.0,145303.0,4100.0,4110.0,4016.1,4092.6,23526650,4501.8,3683.4,4440.0,3288.1,4029.0,25,4,4028.8,50,1,4028.7,11,1,4028.6,53,2,4028.5,62,2,4029.5,39,4,4029.9,1,1,4030.0,888,15,4030.1,4,1,4030.3,175,1
11483,2026-07-02 10:32:32+05:30,4031.0,15,4048.23,576566,137669.0,141473.0,4100.0,4110.0,4016.1,4092.6,23526650,4501.8,3683.4,4440.0,3288.1,4030.7,34,5,4030.6,71,6,4030.5,59,2,4030.4,51,2,4030.3,66,3,4031.3,16,1,4031.9,5,1,4032.0,43,8,4032.1,1,1,4032.3,12,1
11483,2026-07-02 10:32:33+05:30,4031.3,2,4048.23,576566,137669.0,141473.0,4100.0,4110.0,4016.1,4092.6,23526650,4501.8,3683.4,4440.0,3288.1,4030.7,34,5,4030.6,71,6,4030.5,59,2,4030.4,51,2,4030.3,66,3,4031.3,16,1,4031.9,5,1,4032.0,43,8,4032.1,1,1,4032.3,12,1
11483,2026-07-02 10:32:33+05:30,4030.7,2,4048.23,576574,137459.0,142116.0,4100.0,4110.0,4016.1,4092.6,23526650,4501.8,3683.4,4440.0,3288.1,4030.7,30,4,4030.6,36,4,4030.5,61,3,4030.4,73,3,4030.3,85,4,4031.3,18,2,4031.9,5,1,4032.0,43,8,4032.1,1,1,4032.3,12,1
11483,2026-07-02 10:32:34+05:30,4031.3,1,4048.23,576574,137459.0,142116.0,4100.0,4110.0,4016.1,4092.6,23526650,4501.8,3683.4,4440.0,3288.1,4030.7,30,4,4030.6,36,4,4030.5,61,3,4030.4,73,3,4030.3,85,4,4031.3,18,2,4031.9,5,1,4032.0,43,8,4032.1,1,1,4032.3,12,1
11483,2026-07-02 10:32:34+05:30,4031.3,1,4048.23,576578,137703.0,142190.0,4100.0,4110.0,4016.1,4092.6,23526650,4501.8,3683.4,4440.0,3288.1,4031.0,9,1,4030.9,32,3,4030.8,22,3,4030.7,10,2,4030.6,4,1,4031.3,15,2,4031.9,5,1,4032.0,43,8,4032.1,1,1,4032.4,1,1
11483,2026-07-02 10:32:35+05:30,4031.3,13,4048.23,576578,137703.0,142190.0,4100.0,4110.0,4016.1,4092.6,23526650,4501.8,3683.4,4440.0,3288.1,4031.0,9,1,4030.9,32,3,4030.8,22,3,4030.7,10,2,4030.6,4,1,4031.3,15,2,4031.9,5,1,4032.0,43,8,4032.1,1,1,4032.4,1,1
11483,2026-07-02 10:32:35+05:30,4031.3,13,4048.23,576606,138251.0,142113.0,4100.0,4110.0,4016.1,4092.6,23526650,4501.8,3683.4,4440.0,3288.1,4031.0,35,5,4030.9,20,2,4030.8,18,3,4030.7,69,5,4030.6,69,2,4031.3,1,1,4031.9,5,1,4032.0,43,8,4032.1,1,1,4032.4,1,1
11483,2026-07-02 10:32:36+05:30,4032.4,1,4048.23,576606,138251.0,142113.0,4100.0,4110.0,4016.1,4092.6,23526650,4501.8,3683.4,4440.0,3288.1,4031.0,35,5,4030.9,20,2,4030.8,18,3,4030.7,69,5,4030.6,69,2,4031.3,1,1,4031.9,5,1,4032.0,43,8,4032.1,1,1,4032.4,1,1
11483,2026-07-02 10:32:36+05:30,4032.4,1,4048.23,576671,137935.0,142637.0,4100.0,4110.0,4016.1,4092.6,23526650,4501.8,3683.4,4440.0,3288.1,4031.0,19,2,4030.9,5,1,4030.8,6,1,4030.7,3,1,4030.6,50,1,4031.3,1,1,4032.4,174,1,4032.5,15,2,4032.8,13,1,4032.9,6,2
11483,2026-07-02 10:32:37+05:30,4032.5,1,4048.23,576671,137935.0,142637.0,4100.0,4110.0,4016.1,4092.6,23526650,4501.8,3683.4,4440.0,3288.1,4031.0,19,2,4030.9,5,1,4030.8,6,1,4030.7,3,1,4030.6,50,1,4031.3,1,1,4032.4,174,1,4032.5,15,2,4032.8,13,1,4032.9,6,2
11483,2026-07-02 10:32:37+05:30,4032.9,6,4048.23,576726,138017.0,142290.0,4100.0,4110.0,4016.1,4092.6,23526650,4501.8,3683.4,4440.0,3288.1,4031.2,28,1,4031.1,19,1,4031.0,10,1,4030.7,3,1,4030.6,50,1,4032.5,26,2,4032.6,32,1,4032.7,38,1,4032.8,18,1,4032.9,18,1
11483,2026-07-02 10:32:38+05:30,4032.7,2,4048.23,576726,138017.0,142290.0,4100.0,4110.0,4016.1,4092.6,23526650,4501.8,3683.4,4440.0,3288.1,4031.2,28,1,4031.1,19,1,4031.0,10,1,4030.7,3,1,4030.6,50,1,4032.5,26,2,4032.6,32,1,4032.7,38,1,4032.8,18,1,4032.9,18,1
11483,2026-07-02 10:32:38+05:30,4031.0,63,4048.22,576872,138148.0,142379.0,4100.0,4110.0,4016.1,4092.6,23526650,4501.8,3683.4,4440.0,3288.1,4031.3,1,1,4030.9,21,1,4030.8,43,3,4030.7,18,2,4030.6,59,3,4032.3,10,1,4032.4,50,2,4032.6,23,1,4032.7,81,3,4032.8,214,3
11483,2026-07-02 10:32:39+05:30,4031.3,1,4048.22,576872,138148.0,142379.0,4100.0,4110.0,4016.1,4092.6,23526650,4501.8,3683.4,4440.0,3288.1,4031.3,1,1,4030.9,21,1,4030.8,43,3,4030.7,18,2,4030.6,59,3,4032.3,10,1,4032.4,50,2,4032.6,23,1,4032.7,81,3,4032.8,214,3
11483,2026-07-02 10:32:39+05:30,4031.3,1,4048.22,576889,138141.0,142710.0,4100.0,4110.0,4016.1,4092.6,23526650,4501.8,3683.4,4440.0,3288.1,4031.3,2,1,4030.9,21,1,4030.8,54,3,4030.7,10,1,4030.6,59,3,4032.4,45,2,4032.6,23,1,4032.7,249,3,4032.8,39,2,4032.9,85,4
11483,2026-07-02 10:32:40+05:30,4030.7,1,4048.22,576889,138141.0,142710.0,4100.0,4110.0,4016.1,4092.6,23526650,4501.8,3683.4,4440.0,3288.1,4031.3,2,1,4030.9,21,1,4030.8,54,3,4030.7,10,1,4030.6,59,3,4032.4,45,2,4032.6,23,1,4032.7,249,3,4032.8,39,2,4032.9,85,4
11483,2026-07-02 10:32:40+05:30,4031.2,5,4048.22,576897,137748.0,143596.0,4100.0,4110.0,4016.1,4092.6,23526650,4501.8,3683.4,4440.0,3288.1,4030.7,49,1,4030.4,1,1,4030.0,137,6,4029.9,2,1,4029.8,10,1,4031.2,15,1,4031.3,1,1,4031.7,70,1,4031.8,24,1,4031.9,28,2
11483,2026-07-02 10:32:41+05:30,4030.7,1,4048.22,576897,137748.0,143596.0,4100.0,4110.0,4016.1,4092.6,23526650,4501.8,3683.4,4440.0,3288.1,4030.7,49,1,4030.4,1,1,4030.0,137,6,4029.9,2,1,4029.8,10,1,4031.2,15,1,4031.3,1,1,4031.7,70,1,4031.8,24,1,4031.9,28,2
11483,2026-07-02 10:32:41+05:30,4030.9,1,4048.22,576921,137540.0,143641.0,4100.0,4110.0,4016.1,4092.6,23526650,4501.8,3683.4,4440.0,3288.1,4030.7,48,1,4030.4,1,1,4030.0,134,5,4029.8,2,1,4029.7,2,1,4030.9,2,1,4031.2,1,1,4031.3,1,1,4031.7,70,1,4031.8,24,1
11483,2026-07-02 10:32:42+05:30,4030.7,1,4048.22,576921,137540.0,143641.0,4100.0,4110.0,4016.1,4092.6,23526650,4501.8,3683.4,4440.0,3288.1,4030.7,48,1,4030.4,1,1,4030.0,134,5,4029.8,2,1,4029.7,2,1,4030.9,2,1,4031.2,1,1,4031.3,1,1,4031.7,70,1,4031.8,24,1
11483,2026-07-02 10:32:42+05:30,4030.7,1,4048.22,576942,137855.0,143585.0,4100.0,4110.0,4016.1,4092.6,23526650,4501.8,3683.4,4440.0,3288.1,4030.7,47,1,4030.4,1,1,4030.0,134,5,4029.7,2,1,4029.6,37,4,4030.9,10,1,4031.3,1,1,4031.8,24,1,4031.9,28,2,4032.0,41,3
11483,2026-07-02 10:32:43+05:30,4030.7,1,4048.22,576942,137855.0,143585.0,4100.0,4110.0,4016.1,4092.6,23526650,4501.8,3683.4,4440.0,3288.1,4030.7,47,1,4030.4,1,1,4030.0,134,5,4029.7,2,1,4029.6,37,4,4030.9,10,1,4031.3,1,1,4031.8,24,1,4031.9,28,2,4032.0,41,3
11483,2026-07-02 10:32:43+05:30,4030.7,33,4048.22,576989,136885.0,143794.0,4100.0,4110.0,4016.1,4092.6,23526650,4501.8,3683.4,4440.0,3288.1,4030.4,1,1,4030.0,134,5,4029.5,271,3,4029.4,20,2,4029.3,10,2,4030.8,20,1,4030.9,11,2,4031.0,11,1,4031.2,16,2,4031.3,1,1
11483,2026-07-02 10:32:44+05:30,4030.0,25,4048.22,576989,136885.0,143794.0,4100.0,4110.0,4016.1,4092.6,23526650,4501.8,3683.4,4440.0,3288.1,4030.4,1,1,4030.0,134,5,4029.5,271,3,4029.4,20,2,4029.3,10,2,4030.8,20,1,4030.9,11,2,4031.0,11,1,4031.2,16,2,4031.3,1,1
11483,2026-07-02 10:32:44+05:30,4030.0,5,4048.21,577149,135754.0,145202.0,4100.0,4110.0,4016.1,4092.6,23526650,4501.8,3683.4,4440.0,3288.1,4029.5,271,3,4029.4,1,1,4029.0,15,3,4028.8,50,1,4028.5,53,3,4030.0,53,3,4030.3,11,1,4030.6,16,1,4030.7,37,2,4030.8,14,2
11483,2026-07-02 10:32:45+05:30,4029.5,1,4048.21,577149,135754.0,145202.0,4100.0,4110.0,4016.1,4092.6,23526650,4501.8,3683.4,4440.0,3288.1,4029.5,271,3,4029.4,1,1,4029.0,15,3,4028.8,50,1,4028.5,53,3,4030.0,53,3,4030.3,11,1,4030.6,16,1,4030.7,37,2,4030.8,14,2
11483,2026-07-02 10:32:45+05:30,4029.5,1,4048.21,577215,136081.0,145854.0,4100.0,4110.0,4016.1,4092.6,23526650,4501.8,3683.4,4440.0,3288.1,4029.5,250,1,4029.4,1,1,4029.0,15,3,4028.8,50,1,4028.5,19,1,4030.1,28,4,4030.2,97,6,4030.3,35,4,4030.5,11,1,4030.6,42,4
11483,2026-07-02 10:32:46+05:30,4029.4,1,4048.21,577215,136081.0,145854.0,4100.0,4110.0,4016.1,4092.6,23526650,4501.8,3683.4,4440.0,3288.1,4029.5,250,1,4029.4,1,1,4029.0,15,3,4028.8,50,1,4028.5,19,1,4030.1,28,4,4030.2,97,6,4030.3,35,4,4030.5,11,1,4030.6,42,4
11483,2026-07-02 10:32:46+05:30,4029.9,5,4048.2,577485,135302.0,146004.0,4100.0,4110.0,4016.1,4092.6,23526650,4501.8,3683.4,4440.0,3288.1,4029.5,10,1,4029.0,25,4,4028.8,50,1,4028.5,19,1,4028.4,40,1,4029.9,35,3,4030.0,50,5,4030.1,26,4,4030.2,46,5,4030.3,50,6
11483,2026-07-02 10:32:47+05:30,4028.8,20,4048.2,577485,135302.0,146004.0,4100.0,4110.0,4016.1,4092.6,23526650,4501.8,3683.4,4440.0,3288.1,4029.5,10,1,4029.0,25,4,4028.8,50,1,4028.5,19,1,4028.4,40,1,4029.9,35,3,4030.0,50,5,4030.1,26,4,4030.2,46,5,4030.3,50,6
11483,2026-07-02 10:32:47+05:30,4028.8,1,4048.2,577549,135608.0,146177.0,4100.0,4110.0,4016.1,4092.6,23526650,4501.8,3683.4,4440.0,3288.1,4028.8,29,1,4028.5,19,1,4028.4,40,1,4028.2,30,1,4028.1,62,2,4029.8,8,1,4029.9,30,4,4030.0,70,6,4030.1,25,3,4030.2,46,5
11483,2026-07-02 10:32:48+05:30,4028.8,1,4048.2,577549,135608.0,146177.0,4100.0,4110.0,4016.1,4092.6,23526650,4501.8,3683.4,4440.0,3288.1,4028.8,29,1,4028.5,19,1,4028.4,40,1,4028.2,30,1,4028.1,62,2,4029.8,8,1,4029.9,30,4,4030.0,70,6,4030.1,25,3,4030.2,46,5
11483,2026-07-02 10:32:48+05:30,4029.9,1,4048.2,577661,135681.0,145937.0,4100.0,4110.0,4016.1,4092.6,23526650,4501.8,3683.4,4440.0,3288.1,4028.8,28,1,4028.5,19,1,4028.4,40,1,4028.2,30,1,4028.1,64,3,4029.9,8,1,4030.0,39,4,4030.1,17,2,4030.2,31,3,4030.3,88,7
11483,2026-07-02 10:32:49+05:30,4028.8,1,4048.2,577661,135681.0,145937.0,4100.0,4110.0,4016.1,4092.6,23526650,4501.8,3683.4,4440.0,3288.1,4028.8,28,1,4028.5,19,1,4028.4,40,1,4028.2,30,1,4028.1,64,3,4029.9,8,1,4030.0,39,4,4030.1,17,2,4030.2,31,3,4030.3,88,7
11483,2026-07-02 10:32:49+05:30,4029.9,1,4048.2,577668,135722.0,145882.0,4100.0,4110.0,4016.1,4092.6,23526650,4501.8,3683.4,4440.0,3288.1,4028.8,27,1,4028.5,19,1,4028.4,62,2,4028.3,2,1,4028.2,30,1,4029.9,14,3,4030.0,27,3,4030.1,17,2,4030.2,43,5,4030.3,82,5
11483,2026-07-02 10:32:50+05:30,4029.9,1,4048.2,577668,135722.0,145882.0,4100.0,4110.0,4016.1,4092.6,23526650,4501.8,3683.4,4440.0,3288.1,4028.8,27,1,4028.5,19,1,4028.4,62,2,4028.3,2,1,4028.2,30,1,4029.9,14,3,4030.0,27,3,4030.1,17,2,4030.2,43,5,4030.3,82,5
11483,2026-07-02 10:32:50+05:30,4029.9,1,4048.2,577670,135630.0,145916.0,4100.0,4110.0,4016.1,4092.6,23526650,4501.8,3683.4,4440.0,3288.1,4028.8,27,1,4028.5,41,3,4028.4,77,3,4028.2,30,1,4028.1,62,2,4029.9,1,1,4030.0,19,2,4030.1,17,2,4030.2,22,3,4030.3,70,4
11483,2026-07-02 10:32:51+05:30,4028.8,1,4048.2,577670,135630.0,145916.0,4100.0,4110.0,4016.1,4092.6,23526650,4501.8,3683.4,4440.0,3288.1,4028.8,27,1,4028.5,41,3,4028.4,77,3,4028.2,30,1,4028.1,62,2,4029.9,1,1,4030.0,19,2,4030.1,17,2,4030.2,22,3,4030.3,70,4
11483,2026-07-02 10:32:51+05:30,4028.8,1,4048.2,577702,135495.0,145970.0,4100.0,4110.0,4016.1,4092.6,23526650,4501.8,3683.4,4440.0,3288.1,4028.7,1,1,4028.5,19,1,4028.4,55,2,4028.1,69,3,4028.0,1346,17,4028.8,143,1,4029.9,1,1,4030.0,19,2,4030.1,17,2,4030.2,71,4
11483,2026-07-02 10:32:52+05:30,4028.8,2,4048.2,577702,135495.0,145970.0,4100.0,4110.0,4016.1,4092.6,23526650,4501.8,3683.4,4440.0,3288.1,4028.7,1,1,4028.5,19,1,4028.4,55,2,4028.1,69,3,4028.0,1346,17,4028.8,143,1,4029.9,1,1,4030.0,19,2,4030.1,17,2,4030.2,71,4
11483,2026-07-02 10:32:52+05:30,4030.0,1,4048.19,577849,135503.0,145927.0,4100.0,4110.0,4016.1,4092.6,23526650,4501.8,3683.4,4440.0,3288.1,4028.5,22,2,4028.4,55,2,4028.3,35,2,4028.2,29,2,4028.1,69,3,4030.0,75,5,4030.1,17,2,4030.2,41,4,4030.3,71,5,4030.4,7,1
11483,2026-07-02 10:32:53+05:30,4030.0,1,4048.19,577849,135503.0,145927.0,4100.0,4110.0,4016.1,4092.6,23526650,4501.8,3683.4,4440.0,3288.1,4028.5,22,2,4028.4,55,2,4028.3,35,2,4028.2,29,2,4028.1,69,3,4030.0,75,5,4030.1,17,2,4030.2,41,4,4030.3,71,5,4030.4,7,1
11483,2026-07-02 10:32:53+05:30,4030.0,12,4048.19,577930,135590.0,145938.0,4100.0,4110.0,4016.1,4092.6,23526650,4501.8,3683.4,4440.0,3288.1,4028.5,19,1,4028.4,55,2,4028.3,15,1,4028.2,29,2,4028.1,62,2,4030.0,22,4,4030.1,17,2,4030.2,41,4,4030.3,51,4,4030.5,245,5
11483,2026-07-02 10:32:54+05:30,4030.0,2,4048.19,577930,135590.0,145938.0,4100.0,4110.0,4016.1,4092.6,23526650,4501.8,3683.4,4440.0,3288.1,4028.5,19,1,4028.4,55,2,4028.3,15,1,4028.2,29,2,4028.1,62,2,4030.0,22,4,4030.1,17,2,4030.2,41,4,4030.3,51,4,4030.5,245,5
11483,2026-07-02 10:32:54+05:30,4030.2,1,4048.17,578531,136451.0,145695.0,4100.0,4110.0,4016.1,4092.6,23526650,4501.8,3683.4,4440.0,3288.1,4028.5,43,4,4028.4,55,2,4028.3,2,1,4028.2,60,3,4028.1,72,3,4030.2,89,5,4030.3,19,2,4030.4,227,5,4030.5,47,3,4030.6,10,1
11483,2026-07-02 10:32:55+05:30,4030.2,1,4048.17,578531,136451.0,145695.0,4100.0,4110.0,4016.1,4092.6,23526650,4501.8,3683.4,4440.0,3288.1,4028.5,43,4,4028.4,55,2,4028.3,2,1,4028.2,60,3,4028.1,72,3,4030.2,89,5,4030.3,19,2,4030.4,227,5,4030.5,47,3,4030.6,10,1
11483,2026-07-02 10:32:55+05:30,4030.0,1,4048.17,578532,136454.0,146098.0,4100.0,4110.0,4016.1,4092.6,23526650,4501.8,3683.4,4440.0,3288.1,4028.8,90,1,4028.5,30,2,4028.4,55,2,4028.3,2,1,4028.2,17,2,4030.0,72,4,4030.1,46,4,4030.2,58,5,4030.3,21,3,4030.4,195,3
11483,2026-07-02 10:32:56+05:30,4030.0,1,4048.17,578532,136454.0,146098.0,4100.0,4110.0,4016.1,4092.6,23526650,4501.8,3683.4,4440.0,3288.1,4028.8,90,1,4028.5,30,2,4028.4,55,2,4028.3,2,1,4028.2,17,2,4030.0,72,4,4030.1,46,4,4030.2,58,5,4030.3,21,3,4030.4,195,3
11483,2026-07-02 10:32:56+05:30,4030.0,1,4048.17,578534,136435.0,146181.0,4100.0,4110.0,4016.1,4092.6,23526650,4501.8,3683.4,4440.0,3288.1,4028.8,90,1,4028.5,30,2,4028.4,55,2,4028.3,2,1,4028.2,17,2,4030.0,76,5,4030.1,46,4,4030.2,52,4,4030.3,19,2,4030.4,195,3
11483,2026-07-02 10:32:57+05:30,4030.0,25,4048.17,578534,136435.0,146181.0,4100.0,4110.0,4016.1,4092.6,23526650,4501.8,3683.4,4440.0,3288.1,4028.8,90,1,4028.5,30,2,4028.4,55,2,4028.3,2,1,4028.2,17,2,4030.0,76,5,4030.1,46,4,4030.2,52,4,4030.3,19,2,4030.4,195,3
11483,2026-07-02 10:32:57+05:30,4030.0,1,4048.17,578576,136430.0,146088.0,4100.0,4110.0,4016.1,4092.6,23526650,4501.8,3683.4,4440.0,3288.1,4028.8,90,1,4028.5,30,2,4028.4,55,2,4028.3,2,1,4028.2,17,2,4030.0,20,3,4030.1,34,3,4030.2,52,4,4030.3,19,2,4030.4,195,3
11483,2026-07-02 10:32:58+05:30,4030.0,1,4048.17,578576,136430.0,146088.0,4100.0,4110.0,4016.1,4092.6,23526650,4501.8,3683.4,4440.0,3288.1,4028.8,90,1,4028.5,30,2,4028.4,55,2,4028.3,2,1,4028.2,17,2,4030.0,20,3,4030.1,34,3,4030.2,52,4,4030.3,19,2,4030.4,195,3
11483,2026-07-02 10:32:58+05:30,4030.0,1,4048.17,578577,136599.0,145996.0,4100.0,4110.0,4016.1,4092.6,23526650,4501.8,3683.4,4440.0,3288.1,4028.8,90,1,4028.6,34,2,4028.5,84,5,4028.4,55,2,4028.3,34,2,4030.0,28,4,4030.1,7,1,4030.2,19,2,4030.3,57,3,4030.4,200,4
11483,2026-07-02 10:32:59+05:30,4030.0,1,4048.17,578577,136599.0,145996.0,4100.0,4110.0,4016.1,4092.6,23526650,4501.8,3683.4,4440.0,3288.1,4028.8,90,1,4028.6,34,2,4028.5,84,5,4028.4,55,2,4028.3,34,2,4030.0,28,4,4030.1,7,1,4030.2,19,2,4030.3,57,3,4030.4,200,4
11483,2026-07-02 10:32:59+05:30,4030.0,1,4048.17,578578,136606.0,145996.0,4100.0,4110.0,4016.1,4092.6,23526650,4501.8,3683.4,4440.0,3288.1,4028.8,90,1,4028.6,34,2,4028.5,84,5,4028.4,42,2,4028.3,34,2,4030.0,27,4,4030.1,7,1,4030.2,19,2,4030.3,57,3,4030.4,200,4
11483,2026-07-02 10:33:00+05:30,4030.0,1,4048.17,578578,136606.0,145996.0,4100.0,4110.0,4016.1,4092.6,23526650,4501.8,3683.4,4440.0,3288.1,4028.8,90,1,4028.6,34,2,4028.5,84,5,4028.4,42,2,4028.3,34,2,4030.0,27,4,4030.1,7,1,4030.2,19,2,4030.3,57,3,4030.4,200,4
11483,2026-07-02 10:33:00+05:30,4030.0,1,4048.17,578580,136885.0,146018.0,4100.0,4110.0,4016.1,4092.6,23526650,4501.8,3683.4,4440.0,3288.1,4028.8,90,1,4028.6,34,2,4028.5,86,6,4028.4,40,1,4028.3,34,2,4030.0,25,4,4030.1,7,1,4030.2,19,2,4030.3,57,3,4030.4,200,4
11483,2026-07-02 10:33:01+05:30,4030.0,3,4048.17,578580,136885.0,146018.0,4100.0,4110.0,4016.1,4092.6,23526650,4501.8,3683.4,4440.0,3288.1,4028.8,90,1,4028.6,34,2,4028.5,86,6,4028.4,40,1,4028.3,34,2,4030.0,25,4,4030.1,7,1,4030.2,19,2,4030.3,57,3,4030.4,200,4
11483,2026-07-02 10:33:01+05:30,4030.1,2,4048.17,578615,136910.0,146103.0,4100.0,4110.0,4016.1,4092.6,23526650,4501.8,3683.4,4440.0,3288.1,4028.8,146,3,4028.6,2,1,4028.5,56,3,4028.3,54,3,4028.2,49,3,4030.1,16,2,4030.2,19,2,4030.3,55,3,4030.4,200,4,4030.5,18,2
11483,2026-07-02 10:33:02+05:30,4028.8,1,4048.17,578615,136910.0,146103.0,4100.0,4110.0,4016.1,4092.6,23526650,4501.8,3683.4,4440.0,3288.1,4028.8,146,3,4028.6,2,1,4028.5,56,3,4028.3,54,3,4028.2,49,3,4030.1,16,2,4030.2,19,2,4030.3,55,3,4030.4,200,4,4030.5,18,2
11483,2026-07-02 10:33:02+05:30,4030.1,1,4048.17,578641,136919.0,146088.0,4100.0,4110.0,4016.1,4092.6,23526650,4501.8,3683.4,4440.0,3288.1,4028.8,145,3,4028.6,2,1,4028.5,19,1,4028.3,54,3,4028.2,70,4,4030.1,10,2,4030.2,13,2,4030.3,55,3,4030.4,200,4,4030.5,18,2
11483,2026-07-02 10:33:03+05:30,4030.1,1,4048.17,578641,136919.0,146088.0,4100.0,4110.0,4016.1,4092.6,23526650,4501.8,3683.4,4440.0,3288.1,4028.8,145,3,4028.6,2,1,4028.5,19,1,4028.3,54,3,4028.2,70,4,4030.1,10,2,4030.2,13,2,4030.3,55,3,4030.4,200,4,4030.5,18,2
11483,2026-07-02 10:33:03+05:30,4030.1,1,4048.17,578642,136976.0,146098.0,4100.0,4110.0,4016.1,4092.6,23526650,4501.8,3683.4,4440.0,3288.1,4028.8,145,3,4028.6,2,1,4028.5,19,1,4028.3,54,3,4028.2,70,4,4030.1,10,3,4030.2,13,2,4030.3,55,3,4030.4,200,4,4030.5,18,2
11483,2026-07-02 10:33:04+05:30,4030.1,1,4048.17,578642,136976.0,146098.0,4100.0,4110.0,4016.1,4092.6,23526650,4501.8,3683.4,4440.0,3288.1,4028.8,145,3,4028.6,2,1,4028.5,19,1,4028.3,54,3,4028.2,70,4,4030.1,10,3,4030.2,13,2,4030.3,55,3,4030.4,200,4,4030.5,18,2
11483,2026-07-02 10:33:04+05:30,4028.8,1,4048.17,578646,136737.0,146453.0,4100.0,4110.0,4016.1,4092.6,23526650,4501.8,3683.4,4440.0,3288.1,4028.8,128,2,4028.5,19,1,4028.3,2,1,4028.2,48,3,4028.1,72,3,4029.7,174,1,4030.0,21,3,4030.1,8,3,4030.2,15,3,4030.3,88,5
11483,2026-07-02 10:33:05+05:30,4029.7,113,4048.17,578646,136737.0,146453.0,4100.0,4110.0,4016.1,4092.6,23526650,4501.8,3683.4,4440.0,3288.1,4028.8,128,2,4028.5,19,1,4028.3,2,1,4028.2,48,3,4028.1,72,3,4029.7,174,1,4030.0,21,3,4030.1,8,3,4030.2,15,3,4030.3,88,5
11483,2026-07-02 10:33:05+05:30,4028.8,1,4048.16,578761,136763.0,146363.0,4100.0,4110.0,4016.1,4092.6,23526650,4501.8,3683.4,4440.0,3288.1,4028.8,127,2,4028.5,21,2,4028.3,6,1,4028.2,66,4,4028.1,94,4,4029.6,60,1,4029.7,3,1,4029.9,10,1,4030.0,22,4,4030.1,7,2
11483,2026-07-02 10:33:06+05:30,4028.8,4,4048.16,578761,136763.0,146363.0,4100.0,4110.0,4016.1,4092.6,23526650,4501.8,3683.4,4440.0,3288.1,4028.8,127,2,4028.5,21,2,4028.3,6,1,4028.2,66,4,4028.1,94,4,4029.6,60,1,4029.7,3,1,4029.9,10,1,4030.0,22,4,4030.1,7,2
11483,2026-07-02 10:33:07+05:30,4029.6,50,4048.16,578823,136776.0,146348.0,4100.0,4110.0,4016.1,4092.6,23526650,4501.8,3683.4,4440.0,3288.1,4028.8,122,2,4028.6,2,1,4028.5,21,2,4028.2,66,4,4028.1,94,4,4029.6,4,2,4029.9,10,1,4030.0,22,4,4030.1,7,2,4030.2,13,2
11483,2026-07-02 10:33:07+05:30,4029.6,50,4048.16,578823,136776.0,146348.0,4100.0,4110.0,4016.1,4092.6,23526650,4501.8,3683.4,4440.0,3288.1,4028.8,122,2,4028.6,2,1,4028.5,21,2,4028.2,66,4,4028.1,94,4,4029.6,4,2,4029.9,10,1,4030.0,22,4,4030.1,7,2,4030.2,13,2
11483,2026-07-02 10:33:08+05:30,4029.6,1,4048.16,578825,136744.0,146363.0,4100.0,4110.0,4016.1,4092.6,23526650,4501.8,3683.4,4440.0,3288.1,4028.8,121,2,4028.6,2,1,4028.5,21,2,4028.3,15,1,4028.2,66,4,4029.6,3,2,4029.9,10,1,4030.0,23,5,4030.1,7,2,4030.2,13,2
11483,2026-07-02 10:33:08+05:30,4029.6,2,4048.16,578825,136744.0,146363.0,4100.0,4110.0,4016.1,4092.6,23526650,4501.8,3683.4,4440.0,3288.1,4028.8,121,2,4028.6,2,1,4028.5,21,2,4028.3,15,1,4028.2,66,4,4029.6,3,2,4029.9,10,1,4030.0,23,5,4030.1,7,2,4030.2,13,2
11483,2026-07-02 10:33:09+05:30,4028.8,1,4048.16,578828,136773.0,146295.0,4100.0,4110.0,4016.1,4092.6,23526650,4501.8,3683.4,4440.0,3288.1,4029.0,10,1,4028.9,2,1,4028.8,120,2,4028.5,21,2,4028.3,15,1,4029.6,1,1,4029.9,10,1,4030.0,15,3,4030.2,13,2,4030.3,21,3
11483,2026-07-02 10:33:09+05:30,4028.8,1,4048.16,578828,136773.0,146295.0,4100.0,4110.0,4016.1,4092.6,23526650,4501.8,3683.4,4440.0,3288.1,4029.0,10,1,4028.9,2,1,4028.8,120,2,4028.5,21,2,4028.3,15,1,4029.6,1,1,4029.9,10,1,4030.0,15,3,4030.2,13,2,4030.3,21,3
11483,2026-07-02 10:33:10+05:30,4029.8,27,4048.16,578920,136745.0,146356.0,4100.0,4110.0,4016.1,4092.6,23526650,4501.8,3683.4,4440.0,3288.1,4029.0,10,1,4028.8,120,2,4028.6,6,1,4028.5,21,2,4028.3,15,1,4029.8,148,1,4029.9,1,1,4030.0,15,3,4030.2,13,2,4030.3,21,3
11483,2026-07-02 10:33:10+05:30,4029.8,27,4048.16,578920,136745.0,146356.0,4100.0,4110.0,4016.1,4092.6,23526650,4501.8,3683.4,4440.0,3288.1,4029.0,10,1,4028.8,120,2,4028.6,6,1,4028.5,21,2,4028.3,15,1,4029.8,148,1,4029.9,1,1,4030.0,15,3,4030.2,13,2,4030.3,21,3
11483,2026-07-02 10:33:11+05:30,4029.7,27,4048.16,578959,137135.0,145658.0,4100.0,4110.0,4016.1,4092.6,23526650,4501.8,3683.4,4440.0,3288.1,4029.0,9,1,4028.8,120,2,4028.6,6,1,4028.5,21,2,4028.3,28,2,4029.6,148,1,4029.9,6,1,4030.0,9,4,4030.3,19,2,4030.4,20,2
11483,2026-07-02 10:33:11+05:30,4029.7,27,4048.16,578959,137135.0,145658.0,4100.0,4110.0,4016.1,4092.6,23526650,4501.8,3683.4,4440.0,3288.1,4029.0,9,1,4028.8,120,2,4028.6,6,1,4028.5,21,2,4028.3,28,2,4029.6,148,1,4029.9,6,1,4030.0,9,4,4030.3,19,2,4030.4,20,2
11483,2026-07-02 10:33:12+05:30,4029.6,10,4048.16,578975,136592.0,146330.0,4100.0,4110.0,4016.1,4092.6,23526650,4501.8,3683.4,4440.0,3288.1,4029.0,13,2,4028.8,120,2,4028.5,21,2,4028.3,6,1,4028.2,46,3,4029.6,136,2,4029.7,175,1,4029.9,6,1,4030.0,20,5,4030.2,17,1
11483,2026-07-02 10:33:12+05:30,4029.6,10,4048.16,578975,136592.0,146330.0,4100.0,4110.0,4016.1,4092.6,23526650,4501.8,3683.4,4440.0,3288.1,4029.0,13,2,4028.8,120,2,4028.5,21,2,4028.3,6,1,4028.2,46,3,4029.6,136,2,4029.7,175,1,4029.9,6,1,4030.0,20,5,4030.2,17,1
11483,2026-07-02 10:33:13+05:30,4029.0,1,4048.16,578975,136592.0,146330.0,4100.0,4110.0,4016.1,4092.6,23526650,4501.8,3683.4,4440.0,3288.1,4029.0,13,2,4028.8,120,2,4028.5,21,2,4028.3,6,1,4028.2,46,3,4029.6,136,2,4029.7,175,1,4029.9,6,1,4030.0,20,5,4030.2,17,1
11483,2026-07-02 10:33:13+05:30,4029.0,1,4048.16,578976,136380.0,146435.0,4100.0,4110.0,4016.1,4092.6,23526650,4501.8,3683.4,4440.0,3288.1,4029.0,12,2,4028.8,120,2,4028.5,21,2,4028.3,6,1,4028.2,46,3,4029.6,136,2,4029.7,175,1,4029.9,6,1,4030.0,20,5,4030.2,17,1
11483,2026-07-02 10:33:14+05:30,4029.0,8,4048.16,578976,136380.0,146435.0,4100.0,4110.0,4016.1,4092.6,23526650,4501.8,3683.4,4440.0,3288.1,4029.0,12,2,4028.8,120,2,4028.5,21,2,4028.3,6,1,4028.2,46,3,4029.6,136,2,4029.7,175,1,4029.9,6,1,4030.0,20,5,4030.2,17,1
11483,2026-07-02 10:33:14+05:30,4029.0,12,4048.15,579055,136230.0,146361.0,4100.0,4110.0,4016.1,4092.6,23526650,4501.8,3683.4,4440.0,3288.1,4028.8,145,4,4028.6,2,1,4028.5,23,3,4028.4,10,1,4028.2,17,1,4029.0,20,1,4029.6,126,2,4029.7,175,1,4029.9,6,1,4030.0,2,2
11483,2026-07-02 10:33:15+05:30,4029.0,4,4048.15,579055,136230.0,146361.0,4100.0,4110.0,4016.1,4092.6,23526650,4501.8,3683.4,4440.0,3288.1,4028.8,145,4,4028.6,2,1,4028.5,23,3,4028.4,10,1,4028.2,17,1,4029.0,20,1,4029.6,126,2,4029.7,175,1,4029.9,6,1,4030.0,2,2
11483,2026-07-02 10:33:15+05:30,4029.0,5,4048.15,579085,136241.0,146393.0,4100.0,4110.0,4016.1,4092.6,23526650,4501.8,3683.4,4440.0,3288.1,4028.8,144,4,4028.6,2,1,4028.5,23,3,4028.4,10,1,4028.2,17,1,4029.0,12,2,4029.6,123,1,4029.7,175,1,4029.9,6,1,4030.0,2,2
11483,2026-07-02 10:33:16+05:30,4029.0,3,4048.15,579085,136241.0,146393.0,4100.0,4110.0,4016.1,4092.6,23526650,4501.8,3683.4,4440.0,3288.1,4028.8,144,4,4028.6,2,1,4028.5,23,3,4028.4,10,1,4028.2,17,1,4029.0,12,2,4029.6,123,1,4029.7,175,1,4029.9,6,1,4030.0,2,2
11483,2026-07-02 10:33:16+05:30,4028.8,1,4048.15,579105,136178.0,146396.0,4100.0,4110.0,4016.1,4092.6,23526650,4501.8,3683.4,4440.0,3288.1,4028.8,141,4,4028.6,2,1,4028.5,23,3,4028.4,10,1,4028.2,17,1,4029.0,14,1,4029.6,123,1,4029.7,175,1,4029.9,6,1,4030.0,2,2
11483,2026-07-02 10:33:17+05:30,4029.0,47,4048.15,579105,136178.0,146396.0,4100.0,4110.0,4016.1,4092.6,23526650,4501.8,3683.4,4440.0,3288.1,4028.8,141,4,4028.6,2,1,4028.5,23,3,4028.4,10,1,4028.2,17,1,4029.0,14,1,4029.6,123,1,4029.7,175,1,4029.9,6,1,4030.0,2,2
11483,2026-07-02 10:33:17+05:30,4029.0,1,4048.15,579169,136434.0,146381.0,4100.0,4110.0,4016.1,4092.6,23526650,4501.8,3683.4,4440.0,3288.1,4029.0,62,4,4028.8,135,4,4028.7,32,4,4028.6,2,1,4028.5,21,2,4029.6,122,1,4029.7,175,1,4029.9,6,1,4030.0,2,2,4030.4,7,2
11483,2026-07-02 10:33:18+05:30,4029.6,5,4048.15,579169,136434.0,146381.0,4100.0,4110.0,4016.1,4092.6,23526650,4501.8,3683.4,4440.0,3288.1,4029.0,62,4,4028.8,135,4,4028.7,32,4,4028.6,2,1,4028.5,21,2,4029.6,122,1,4029.7,175,1,4029.9,6,1,4030.0,2,2,4030.4,7,2
11483,2026-07-02 10:33:18+05:30,4029.6,5,4048.15,579174,136445.0,146395.0,4100.0,4110.0,4016.1,4092.6,23526650,4501.8,3683.4,4440.0,3288.1,4029.0,62,4,4028.8,135,4,4028.7,32,4,4028.6,2,1,4028.5,21,2,4029.6,120,2,4029.7,175,1,4029.9,6,1,4030.0,2,2,4030.4,7,2
11483,2026-07-02 10:33:19+05:30,4029.0,1,4048.15,579174,136445.0,146395.0,4100.0,4110.0,4016.1,4092.6,23526650,4501.8,3683.4,4440.0,3288.1,4029.0,62,4,4028.8,135,4,4028.7,32,4,4028.6,2,1,4028.5,21,2,4029.6,120,2,4029.7,175,1,4029.9,6,1,4030.0,2,2,4030.4,7,2
11483,2026-07-02 10:33:19+05:30,4029.6,25,4048.15,579200,136465.0,146363.0,4100.0,4110.0,4016.1,4092.6,23526650,4501.8,3683.4,4440.0,3288.1,4029.0,61,4,4028.8,137,5,4028.7,30,3,4028.6,2,1,4028.5,21,2,4029.6,95,2,4029.7,175,1,4029.9,6,1,4030.0,2,2,4030.4,5,1
11483,2026-07-02 10:33:20+05:30,4029.0,1,4048.15,579200,136465.0,146363.0,4100.0,4110.0,4016.1,4092.6,23526650,4501.8,3683.4,4440.0,3288.1,4029.0,61,4,4028.8,137,5,4028.7,30,3,4028.6,2,1,4028.5,21,2,4029.6,95,2,4029.7,175,1,4029.9,6,1,4030.0,2,2,4030.4,5,1
11483,2026-07-02 10:33:20+05:30,4029.0,1,4048.15,579201,136820.0,146653.0,4100.0,4110.0,4016.1,4092.6,23526650,4501.8,3683.4,4440.0,3288.1,4029.0,47,2,4028.8,126,3,4028.6,2,1,4028.5,242,6,4028.4,10,1,4029.3,175,1,4029.6,95,2,4029.7,175,1,4029.9,6,1,4030.0,2,2
11483,2026-07-02 10:33:21+05:30,4029.0,1,4048.15,579201,136820.0,146653.0,4100.0,4110.0,4016.1,4092.6,23526650,4501.8,3683.4,4440.0,3288.1,4029.0,47,2,4028.8,126,3,4028.6,2,1,4028.5,242,6,4028.4,10,1,4029.3,175,1,4029.6,95,2,4029.7,175,1,4029.9,6,1,4030.0,2,2
11483,2026-07-02 10:33:21+05:30,4029.0,1,4048.15,579201,136820.0,146653.0,4100.0,4110.0,4016.1,4092.6,23526650,4501.8,3683.4,4440.0,3288.1,4029.0,47,2,4028.8,126,3,4028.6,2,1,4028.5,242,6,4028.4,10,1,4029.3,175,1,4029.6,95,2,4029.7,175,1,4029.9,6,1,4030.0,2,2
11483,2026-07-02 10:33:21+05:30,4029.0,1,4048.15,579202,136813.0,146674.0,4100.0,4110.0,4016.1,4092.6,23526650,4501.8,3683.4,4440.0,3288.1,4029.0,46,2,4028.8,126,3,4028.6,2,1,4028.5,242,6,4028.4,10,1,4029.3,176,2,4029.6,92,1,4029.7,175,1,4029.9,6,1,4030.0,2,2
11483,2026-07-02 10:33:21+05:30,4029.0,1,4048.15,579202,136813.0,146674.0,4100.0,4110.0,4016.1,4092.6,23526650,4501.8,3683.4,4440.0,3288.1,4029.0,46,2,4028.8,126,3,4028.6,2,1,4028.5,242,6,4028.4,10,1,4029.3,176,2,4029.6,92,1,4029.7,175,1,4029.9,6,1,4030.0,2,2
11483,2026-07-02 10:33:22+05:30,4029.0,1,4048.15,579202,136813.0,146674.0,4100.0,4110.0,4016.1,4092.6,23526650,4501.8,3683.4,4440.0,3288.1,4029.0,46,2,4028.8,126,3,4028.6,2,1,4028.5,242,6,4028.4,10,1,4029.3,176,2,4029.6,92,1,4029.7,175,1,4029.9,6,1,4030.0,2,2
11483,2026-07-02 10:33:22+05:30,4029.0,1,4048.15,579202,136813.0,146674.0,4100.0,4110.0,4016.1,4092.6,23526650,4501.8,3683.4,4440.0,3288.1,4029.0,46,2,4028.8,126,3,4028.6,2,1,4028.5,242,6,4028.4,10,1,4029.3,176,2,4029.6,92,1,4029.7,175,1,4029.9,6,1,4030.0,2,2
11483,2026-07-02 10:33:22+05:30,4029.0,1,4048.15,579202,136813.0,146674.0,4100.0,4110.0,4016.1,4092.6,23526650,4501.8,3683.4,4440.0,3288.1,4029.0,46,2,4028.8,126,3,4028.6,2,1,4028.5,242,6,4028.4,10,1,4029.3,176,2,4029.6,92,1,4029.7,175,1,4029.9,6,1,4030.0,2,2
11483,2026-07-02 10:33:22+05:30,4029.0,1,4048.15,579203,136794.0,146716.0,4100.0,4110.0,4016.1,4092.6,23526650,4501.8,3683.4,4440.0,3288.1,4029.0,45,2,4028.8,126,3,4028.6,2,1,4028.5,242,6,4028.4,10,1,4029.3,179,3,4029.6,92,1,4029.7,175,1,4029.9,6,1,4030.0,12,3
11483,2026-07-02 10:33:23+05:30,4029.0,1,4048.15,579203,136794.0,146716.0,4100.0,4110.0,4016.1,4092.6,23526650,4501.8,3683.4,4440.0,3288.1,4029.0,45,2,4028.8,126,3,4028.6,2,1,4028.5,242,6,4028.4,10,1,4029.3,179,3,4029.6,92,1,4029.7,175,1,4029.9,6,1,4030.0,12,3
11483,2026-07-02 10:33:23+05:30,4029.3,73,4048.15,579203,136794.0,146716.0,4100.0,4110.0,4016.1,4092.6,23526650,4501.8,3683.4,4440.0,3288.1,4029.0,45,2,4028.8,126,3,4028.6,2,1,4028.5,242,6,4028.4,10,1,4029.3,179,3,4029.6,92,1,4029.7,175,1,4029.9,6,1,4030.0,12,3
11483,2026-07-02 10:33:23+05:30,4029.3,73,4048.15,579203,136794.0,146716.0,4100.0,4110.0,4016.1,4092.6,23526650,4501.8,3683.4,4440.0,3288.1,4029.0,45,2,4028.8,126,3,4028.6,2,1,4028.5,242,6,4028.4,10,1,4029.3,179,3,4029.6,92,1,4029.7,175,1,4029.9,6,1,4030.0,12,3
11483,2026-07-02 10:33:23+05:30,4029.3,5,4048.15,579282,136848.0,146624.0,4100.0,4110.0,4016.1,4092.6,23526650,4501.8,3683.4,4440.0,3288.1,4029.0,44,2,4028.8,131,4,4028.7,2,1,4028.6,2,1,4028.5,240,5,4029.3,101,3,4029.6,92,1,4029.7,175,1,4029.9,6,1,4030.0,12,3
11483,2026-07-02 10:33:23+05:30,4029.3,5,4048.15,579282,136848.0,146624.0,4100.0,4110.0,4016.1,4092.6,23526650,4501.8,3683.4,4440.0,3288.1,4029.0,44,2,4028.8,131,4,4028.7,2,1,4028.6,2,1,4028.5,240,5,4029.3,101,3,4029.6,92,1,4029.7,175,1,4029.9,6,1,4030.0,12,3
11483,2026-07-02 10:33:24+05:30,4029.3,5,4048.15,579282,136848.0,146624.0,4100.0,4110.0,4016.1,4092.6,23526650,4501.8,3683.4,4440.0,3288.1,4029.0,44,2,4028.8,131,4,4028.7,2,1,4028.6,2,1,4028.5,240,5,4029.3,101,3,4029.6,92,1,4029.7,175,1,4029.9,6,1,4030.0,12,3
11483,2026-07-02 10:33:24+05:30,4029.0,1,4048.15,579282,136848.0,146624.0,4100.0,4110.0,4016.1,4092.6,23526650,4501.8,3683.4,4440.0,3288.1,4029.0,44,2,4028.8,131,4,4028.7,2,1,4028.6,2,1,4028.5,240,5,4029.3,101,3,4029.6,92,1,4029.7,175,1,4029.9,6,1,4030.0,12,3
11483,2026-07-02 10:33:24+05:30,4029.0,1,4048.15,579282,136848.0,146624.0,4100.0,4110.0,4016.1,4092.6,23526650,4501.8,3683.4,4440.0,3288.1,4029.0,44,2,4028.8,131,4,4028.7,2,1,4028.6,2,1,4028.5,240,5,4029.3,101,3,4029.6,92,1,4029.7,175,1,4029.9,6,1,4030.0,12,3
11483,2026-07-02 10:33:24+05:30,4029.3,50,4048.14,579333,137047.0,146570.0,4100.0,4110.0,4016.1,4092.6,23526650,4501.8,3683.4,4440.0,3288.1,4029.0,46,3,4028.8,141,5,4028.7,2,1,4028.6,10,2,4028.5,230,4,4029.3,51,3,4029.6,92,1,4029.7,175,1,4029.9,6,1,4030.0,12,3
11483,2026-07-02 10:33:24+05:30,4029.3,50,4048.14,579333,137047.0,146570.0,4100.0,4110.0,4016.1,4092.6,23545025,4501.8,3683.4,4440.0,3288.1,4029.0,46,3,4028.8,141,5,4028.7,2,1,4028.6,10,2,4028.5,230,4,4029.3,51,3,4029.6,92,1,4029.7,175,1,4029.9,6,1,4030.0,12,3
11483,2026-07-02 10:33:25+05:30,4029.3,50,4048.14,579333,137047.0,146570.0,4100.0,4110.0,4016.1,4092.6,23545025,4501.8,3683.4,4440.0,3288.1,4029.0,46,3,4028.8,141,5,4028.7,2,1,4028.6,10,2,4028.5,230,4,4029.3,51,3,4029.6,92,1,4029.7,175,1,4029.9,6,1,4030.0,12,3
11483,2026-07-02 10:33:25+05:30,4029.3,4,4048.14,579333,137047.0,146570.0,4100.0,4110.0,4016.1,4092.6,23545025,4501.8,3683.4,4440.0,3288.1,4029.0,46,3,4028.8,141,5,4028.7,2,1,4028.6,10,2,4028.5,230,4,4029.3,51,3,4029.6,92,1,4029.7,175,1,4029.9,6,1,4030.0,12,3
11483,2026-07-02 10:33:25+05:30,4029.3,4,4048.14,579333,137047.0,146570.0,4100.0,4110.0,4016.1,4092.6,23545025,4501.8,3683.4,4440.0,3288.1,4029.0,46,3,4028.8,141,5,4028.7,2,1,4028.6,10,2,4028.5,230,4,4029.3,51,3,4029.6,92,1,4029.7,175,1,4029.9,6,1,4030.0,12,3
11483,2026-07-02 10:33:25+05:30,4029.3,4,4048.14,579339,137041.0,146592.0,4100.0,4110.0,4016.1,4092.6,23545025,4501.8,3683.4,4440.0,3288.1,4029.0,29,1,4028.8,131,4,4028.7,2,1,4028.6,2,1,4028.5,221,3,4029.3,47,3,4029.6,92,1,4029.7,175,1,4029.9,6,1,4030.0,12,3
11483,2026-07-02 10:33:25+05:30,4029.3,4,4048.14,579339,137041.0,146592.0,4100.0,4110.0,4016.1,4092.6,23545025,4501.8,3683.4,4440.0,3288.1,4029.0,29,1,4028.8,131,4,4028.7,2,1,4028.6,2,1,4028.5,221,3,4029.3,47,3,4029.6,92,1,4029.7,175,1,4029.9,6,1,4030.0,12,3
11483,2026-07-02 10:33:26+05:30,4029.3,4,4048.14,579339,137041.0,146592.0,4100.0,4110.0,4016.1,4092.6,23545025,4501.8,3683.4,4440.0,3288.1,4029.0,29,1,4028.8,131,4,4028.7,2,1,4028.6,2,1,4028.5,221,3,4029.3,47,3,4029.6,92,1,4029.7,175,1,4029.9,6,1,4030.0,12,3
11483,2026-07-02 10:33:26+05:30,4028.8,64,4048.14,579339,137041.0,146592.0,4100.0,4110.0,4016.1,4092.6,23545025,4501.8,3683.4,4440.0,3288.1,4029.0,29,1,4028.8,131,4,4028.7,2,1,4028.6,2,1,4028.5,221,3,4029.3,47,3,4029.6,92,1,4029.7,175,1,4029.9,6,1,4030.0,12,3
11483,2026-07-02 10:33:26+05:30,4028.8,64,4048.14,579339,137041.0,146592.0,4100.0,4110.0,4016.1,4092.6,23545025,4501.8,3683.4,4440.0,3288.1,4029.0,29,1,4028.8,131,4,4028.7,2,1,4028.6,2,1,4028.5,221,3,4029.3,47,3,4029.6,92,1,4029.7,175,1,4029.9,6,1,4030.0,12,3
11483,2026-07-02 10:33:26+05:30,4028.8,64,4048.14,579443,137289.0,146549.0,4100.0,4110.0,4016.1,4092.6,23545025,4501.8,3683.4,4440.0,3288.1,4029.0,18,3,4028.8,72,5,4028.7,10,2,4028.6,2,1,4028.5,232,5,4029.3,36,3,4029.7,175,1,4029.9,6,1,4030.0,12,3,4030.1,2,1
11483,2026-07-02 10:33:26+05:30,4028.8,64,4048.14,579443,137289.0,146549.0,4100.0,4110.0,4016.1,4092.6,23545025,4501.8,3683.4,4440.0,3288.1,4029.0,18,3,4028.8,72,5,4028.7,10,2,4028.6,2,1,4028.5,232,5,4029.3,36,3,4029.7,175,1,4029.9,6,1,4030.0,12,3,4030.1,2,1
11483,2026-07-02 10:33:27+05:30,4029.3,5,4048.14,579443,137289.0,146549.0,4100.0,4110.0,4016.1,4092.6,23545025,4501.8,3683.4,4440.0,3288.1,4029.0,18,3,4028.8,72,5,4028.7,10,2,4028.6,2,1,4028.5,232,5,4029.3,36,3,4029.7,175,1,4029.9,6,1,4030.0,12,3,4030.1,2,1
11483,2026-07-02 10:33:27+05:30,4029.0,1,4048.14,579450,137278.0,146566.0,4100.0,4110.0,4016.1,4092.6,23545025,4501.8,3683.4,4440.0,3288.1,4029.0,29,5,4028.8,84,7,4028.7,19,4,4028.6,2,1,4028.5,239,5,4029.3,31,3,4029.7,175,1,4029.9,6,1,4030.0,14,4,4030.1,2,1
11483,2026-07-02 10:33:28+05:30,4029.0,1,4048.14,579450,137278.0,146566.0,4100.0,4110.0,4016.1,4092.6,23545025,4501.8,3683.4,4440.0,3288.1,4029.0,29,5,4028.8,84,7,4028.7,19,4,4028.6,2,1,4028.5,239,5,4029.3,31,3,4029.7,175,1,4029.9,6,1,4030.0,14,4,4030.1,2,1
11483,2026-07-02 10:33:28+05:30,4029.0,1,4048.14,579450,137353.0,146546.0,4100.0,4110.0,4016.1,4092.6,23545025,4501.8,3683.4,4440.0,3288.1,4029.0,20,4,4028.8,80,7,4028.7,17,3,4028.6,2,1,4028.5,239,5,4029.3,31,3,4029.7,175,1,4029.9,6,1,4030.0,14,4,4030.1,2,1
11483,2026-07-02 10:33:29+05:30,4029.0,2,4048.14,579456,137350.0,146560.0,4100.0,4110.0,4016.1,4092.6,23545025,4501.8,3683.4,4440.0,3288.1,4029.0,17,4,4028.8,80,7,4028.7,17,3,4028.6,2,1,4028.5,239,5,4029.3,27,3,4029.7,175,1,4029.9,6,1,4030.0,14,4,4030.1,2,1
11483,2026-07-02 10:33:30+05:30,4029.0,2,4048.14,579456,137350.0,146560.0,4100.0,4110.0,4016.1,4092.6,23545025,4501.8,3683.4,4440.0,3288.1,4029.0,17,4,4028.8,80,7,4028.7,17,3,4028.6,2,1,4028.5,239,5,4029.3,27,3,4029.7,175,1,4029.9,6,1,4030.0,14,4,4030.1,2,1
11483,2026-07-02 10:33:31+05:30,4029.3,1,4048.14,579483,136949.0,146548.0,4100.0,4110.0,4016.1,4092.6,23545025,4501.8,3683.4,4440.0,3288.1,4029.3,1,1,4028.9,2,1,4028.8,80,6,4028.7,1,1,4028.6,11,2,4029.8,175,1,4029.9,6,1,4030.0,31,6,4030.1,2,1,4030.4,24,2
11483,2026-07-02 10:33:31+05:30,4029.3,1,4048.14,579483,136949.0,146548.0,4100.0,4110.0,4016.1,4092.6,23545025,4501.8,3683.4,4440.0,3288.1,4029.3,1,1,4028.9,2,1,4028.8,80,6,4028.7,1,1,4028.6,11,2,4029.8,175,1,4029.9,6,1,4030.0,31,6,4030.1,2,1,4030.4,24,2
11483,2026-07-02 10:33:31+05:30,4029.7,1,4048.14,579484,137245.0,146873.0,4100.0,4110.0,4016.1,4092.6,23545025,4501.8,3683.4,4440.0,3288.1,4029.4,1,1,4029.3,1,1,4028.9,2,1,4028.8,89,7,4028.7,1,1,4029.8,4,1,4029.9,6,1,4030.0,31,6,4030.1,2,1,4030.4,24,2
11483,2026-07-02 10:33:32+05:30,4029.7,1,4048.14,579484,137245.0,146873.0,4100.0,4110.0,4016.1,4092.6,23545025,4501.8,3683.4,4440.0,3288.1,4029.4,1,1,4029.3,1,1,4028.9,2,1,4028.8,89,7,4028.7,1,1,4029.8,4,1,4029.9,6,1,4030.0,31,6,4030.1,2,1,4030.4,24,2
11483,2026-07-02 10:33:33+05:30,4029.3,4,4048.14,579516,137145.0,146887.0,4100.0,4110.0,4016.1,4092.6,23545025,4501.8,3683.4,4440.0,3288.1,4028.9,2,1,4028.8,89,7,4028.7,1,1,4028.6,2,1,4028.5,230,4,4029.3,169,1,4030.0,18,3,4030.1,2,1,4030.4,32,2,4030.5,13,1
11483,2026-07-02 10:33:33+05:30,4029.3,1,4048.14,579516,137145.0,146887.0,4100.0,4110.0,4016.1,4092.6,23545025,4501.8,3683.4,4440.0,3288.1,4028.9,2,1,4028.8,89,7,4028.7,1,1,4028.6,2,1,4028.5,230,4,4029.3,169,1,4030.0,18,3,4030.1,2,1,4030.4,32,2,4030.5,13,1
11483,2026-07-02 10:33:33+05:30,4030.0,5,4048.14,579527,137558.0,147022.0,4100.0,4110.0,4016.1,4092.6,23545025,4501.8,3683.4,4440.0,3288.1,4029.0,79,5,4028.8,72,6,4028.7,10,2,4028.6,4,2,4028.5,239,5,4029.3,175,1,4029.9,175,1,4030.0,8,2,4030.1,2,1,4030.4,19,1
11483,2026-07-02 10:33:34+05:30,4030.0,5,4048.14,579527,137558.0,147022.0,4100.0,4110.0,4016.1,4092.6,23545025,4501.8,3683.4,4440.0,3288.1,4029.0,79,5,4028.8,72,6,4028.7,10,2,4028.6,4,2,4028.5,239,5,4029.3,175,1,4029.9,175,1,4030.0,8,2,4030.1,2,1,4030.4,19,1
11483,2026-07-02 10:33:35+05:30,4029.3,1,4048.13,579719,137785.0,146343.0,4100.0,4110.0,4016.1,4092.6,23545025,4501.8,3683.4,4440.0,3288.1,4029.4,73,8,4029.3,11,3,4029.2,30,3,4029.1,42,5,4029.0,56,6,4029.9,175,1,4030.0,2,1,4030.1,2,1,4030.4,19,1,4030.7,10,1
11483,2026-07-02 10:33:35+05:30,4029.4,4,4048.13,579719,137785.0,146343.0,4100.0,4110.0,4016.1,4092.6,23545025,4501.8,3683.4,4440.0,3288.1,4029.4,73,8,4029.3,11,3,4029.2,30,3,4029.1,42,5,4029.0,56,6,4029.9,175,1,4030.0,2,1,4030.1,2,1,4030.4,19,1,4030.7,10,1
11483,2026-07-02 10:33:35+05:30,4029.8,1,4048.13,579724,137795.0,146540.0,4100.0,4110.0,4016.1,4092.6,23545025,4501.8,3683.4,4440.0,3288.1,4029.4,48,4,4029.3,3,1,4029.2,30,3,4029.1,48,5,4029.0,58,7,4029.8,174,1,4029.9,2,1,4030.0,2,1,4030.1,2,1,4030.4,19,1
11483,2026-07-02 10:33:36+05:30,4029.8,1,4048.13,579724,137795.0,146540.0,4100.0,4110.0,4016.1,4092.6,23545025,4501.8,3683.4,4440.0,3288.1,4029.4,48,4,4029.3,3,1,4029.2,30,3,4029.1,48,5,4029.0,58,7,4029.8,174,1,4029.9,2,1,4030.0,2,1,4030.1,2,1,4030.4,19,1
11483,2026-07-02 10:33:36+05:30,4030.4,12,4048.13,579741,137924.0,146012.0,4100.0,4110.0,4016.1,4092.6,23545025,4501.8,3683.4,4440.0,3288.1,4029.5,14,3,4029.4,35,3,4029.3,4,1,4029.2,29,3,4029.1,33,3,4030.4,7,1,4030.5,2,1,4030.7,10,1,4030.8,5,2,4031.0,5,3
11483,2026-07-02 10:33:37+05:30,4030.4,12,4048.13,579741,137924.0,146012.0,4100.0,4110.0,4016.1,4092.6,23545025,4501.8,3683.4,4440.0,3288.1,4029.5,14,3,4029.4,35,3,4029.3,4,1,4029.2,29,3,4029.1,33,3,4030.4,7,1,4030.5,2,1,4030.7,10,1,4030.8,5,2,4031.0,5,3
11483,2026-07-02 10:33:37+05:30,4030.4,1,4048.13,579743,137887.0,145934.0,4100.0,4110.0,4016.1,4092.6,23545025,4501.8,3683.4,4440.0,3288.1,4029.5,14,3,4029.4,14,2,4029.3,4,1,4029.2,29,3,4029.1,33,3,4030.4,5,1,4030.5,2,1,4030.7,10,1,4030.8,5,2,4031.0,5,3
11483,2026-07-02 10:33:38+05:30,4030.4,1,4048.13,579743,137887.0,145934.0,4100.0,4110.0,4016.1,4092.6,23545025,4501.8,3683.4,4440.0,3288.1,4029.5,14,3,4029.4,14,2,4029.3,4,1,4029.2,29,3,4029.1,33,3,4030.4,5,1,4030.5,2,1,4030.7,10,1,4030.8,5,2,4031.0,5,3
11483,2026-07-02 10:33:38+05:30,4029.5,5,4048.13,579751,138068.0,146379.0,4100.0,4110.0,4016.1,4092.6,23545025,4501.8,3683.4,4440.0,3288.1,4029.4,27,4,4029.2,29,3,4029.1,80,5,4029.0,61,7,4028.9,5,1,4030.3,175,1,4030.4,4,1,4030.5,2,1,4030.7,10,1,4030.8,5,2
11483,2026-07-02 10:33:39+05:30,4030.2,5,4048.13,579751,138068.0,146379.0,4100.0,4110.0,4016.1,4092.6,23545025,4501.8,3683.4,4440.0,3288.1,4029.4,27,4,4029.2,29,3,4029.1,80,5,4029.0,61,7,4028.9,5,1,4030.3,175,1,4030.4,4,1,4030.5,2,1,4030.7,10,1,4030.8,5,2
11483,2026-07-02 10:33:39+05:30,4029.7,1,4048.13,579757,138011.0,146494.0,4100.0,4110.0,4016.1,4092.6,23545025,4501.8,3683.4,4440.0,3288.1,4029.4,27,4,4029.2,29,3,4029.1,50,4,4029.0,182,9,4028.9,5,1,4029.7,169,1,4030.3,2,1,4030.4,4,1,4030.5,2,1,4030.7,12,2
11483,2026-07-02 10:33:40+05:30,4029.7,1,4048.13,579757,138011.0,146494.0,4100.0,4110.0,4016.1,4092.6,23545025,4501.8,3683.4,4440.0,3288.1,4029.4,27,4,4029.2,29,3,4029.1,50,4,4029.0,182,9,4028.9,5,1,4029.7,169,1,4030.3,2,1,4030.4,4,1,4030.5,2,1,4030.7,12,2
11483,2026-07-02 10:33:40+05:30,4031.0,2,4048.13,579775,139066.0,144811.0,4100.0,4110.0,4016.1,4092.6,23545025,4501.8,3683.4,4440.0,3288.1,4030.1,43,3,4030.0,22,2,4029.9,17,3,4029.8,16,3,4029.7,29,4,4031.0,1,1,4031.3,1,1,4031.5,118,4,4031.7,14,2,4031.8,24,1
11483,2026-07-02 10:33:41+05:30,4031.0,2,4048.13,579775,139066.0,144811.0,4100.0,4110.0,4016.1,4092.6,23545025,4501.8,3683.4,4440.0,3288.1,4030.1,43,3,4030.0,22,2,4029.9,17,3,4029.8,16,3,4029.7,29,4,4031.0,1,1,4031.3,1,1,4031.5,118,4,4031.7,14,2,4031.8,24,1
11483,2026-07-02 10:33:41+05:30,4031.0,1,4048.13,579776,139196.0,144930.0,4100.0,4110.0,4016.1,4092.6,23545025,4501.8,3683.4,4440.0,3288.1,4030.1,29,2,4029.9,16,3,4029.8,46,4,4029.7,29,4,4029.6,6,2,4031.3,1,1,4031.5,118,4,4031.7,14,2,4031.8,24,1,4031.9,176,2
11483,2026-07-02 10:33:42+05:30,4031.3,1,4048.13,579776,139196.0,144930.0,4100.0,4110.0,4016.1,4092.6,23545025,4501.8,3683.4,4440.0,3288.1,4030.1,29,2,4029.9,16,3,4029.8,46,4,4029.7,29,4,4029.6,6,2,4031.3,1,1,4031.5,118,4,4031.7,14,2,4031.8,24,1,4031.9,176,2
11483,2026-07-02 10:33:43+05:30,4031.5,5,4048.13,579794,139513.0,145046.0,4100.0,4110.0,4016.1,4092.6,23545025,4501.8,3683.4,4440.0,3288.1,4030.4,1,1,4030.1,29,2,4030.0,2,1,4029.9,36,3,4029.8,36,3,4031.5,101,4,4031.7,2,1,4031.8,24,1,4031.9,176,2,4032.0,146,9
11483,2026-07-02 10:33:43+05:30,4031.5,1,4048.13,579794,139513.0,145046.0,4100.0,4110.0,4016.1,4092.6,23545025,4501.8,3683.4,4440.0,3288.1,4030.4,1,1,4030.1,29,2,4030.0,2,1,4029.9,36,3,4029.8,36,3,4031.5,101,4,4031.7,2,1,4031.8,24,1,4031.9,176,2,4032.0,146,9
11483,2026-07-02 10:33:44+05:30,4031.5,1,4048.13,579796,139521.0,145069.0,4100.0,4110.0,4016.1,4092.6,23545025,4501.8,3683.4,4440.0,3288.1,4030.4,1,1,4030.1,29,2,4030.0,2,1,4029.9,36,3,4029.8,36,3,4031.5,99,4,4031.7,2,1,4031.8,24,1,4031.9,176,2,4032.0,146,9
11483,2026-07-02 10:33:44+05:30,4031.5,1,4048.13,579796,139521.0,145069.0,4100.0,4110.0,4016.1,4092.6,23545025,4501.8,3683.4,4440.0,3288.1,4030.4,1,1,4030.1,29,2,4030.0,2,1,4029.9,36,3,4029.8,36,3,4031.5,99,4,4031.7,2,1,4031.8,24,1,4031.9,176,2,4032.0,146,9
11483,2026-07-02 10:33:45+05:30,4030.4,1,4048.13,579799,139479.0,145078.0,4100.0,4110.0,4016.1,4092.6,23545025,4501.8,3683.4,4440.0,3288.1,4030.2,19,1,4030.1,10,1,4030.0,46,3,4029.9,3,1,4029.8,32,4,4031.5,97,4,4031.7,2,1,4031.8,24,1,4031.9,176,2,4032.0,146,9
11483,2026-07-02 10:33:45+05:30,4031.5,5,4048.13,579799,139479.0,145078.0,4100.0,4110.0,4016.1,4092.6,23545025,4501.8,3683.4,4440.0,3288.1,4030.2,19,1,4030.1,10,1,4030.0,46,3,4029.9,3,1,4029.8,32,4,4031.5,97,4,4031.7,2,1,4031.8,24,1,4031.9,176,2,4032.0,146,9
11483,2026-07-02 10:33:46+05:30,4030.2,1,4048.13,579812,139483.0,145079.0,4100.0,4110.0,4016.1,4092.6,23545025,4501.8,3683.4,4440.0,3288.1,4030.2,18,1,4030.1,10,1,4030.0,48,4,4029.9,3,1,4029.8,30,3,4031.5,85,4,4031.7,2,1,4031.8,24,1,4031.9,176,2,4032.0,146,9
11483,2026-07-02 10:33:46+05:30,4031.5,7,4048.13,579812,139483.0,145079.0,4100.0,4110.0,4016.1,4092.6,23545025,4501.8,3683.4,4440.0,3288.1,4030.2,18,1,4030.1,10,1,4030.0,48,4,4029.9,3,1,4029.8,30,3,4031.5,85,4,4031.7,2,1,4031.8,24,1,4031.9,176,2,4032.0,146,9
11483,2026-07-02 10:33:47+05:30,4030.2,1,4048.13,579821,139651.0,145231.0,4100.0,4110.0,4016.1,4092.6,23545025,4501.8,3683.4,4440.0,3288.1,4031.0,25,1,4030.2,29,3,4030.1,2,1,4030.0,46,3,4029.9,3,1,4031.5,78,4,4031.7,2,1,4031.8,24,1,4031.9,176,2,4032.0,133,8
11483,2026-07-02 10:33:47+05:30,4030.2,1,4048.13,579821,139651.0,145231.0,4100.0,4110.0,4016.1,4092.6,23545025,4501.8,3683.4,4440.0,3288.1,4031.0,25,1,4030.2,29,3,4030.1,2,1,4030.0,46,3,4029.9,3,1,4031.5,78,4,4031.7,2,1,4031.8,24,1,4031.9,176,2,4032.0,133,8
11483,2026-07-02 10:33:48+05:30,4031.0,14,4048.13,579821,139651.0,145231.0,4100.0,4110.0,4016.1,4092.6,23545025,4501.8,3683.4,4440.0,3288.1,4031.0,25,1,4030.2,29,3,4030.1,2,1,4030.0,46,3,4029.9,3,1,4031.5,78,4,4031.7,2,1,4031.8,24,1,4031.9,176,2,4032.0,133,8
11483,2026-07-02 10:33:48+05:30,4031.0,14,4048.13,579846,139113.0,145340.0,4100.0,4110.0,4016.1,4092.6,23545025,4501.8,3683.4,4440.0,3288.1,4030.0,7,3,4029.8,27,2,4029.7,106,3,4029.6,6,2,4029.5,65,3,4031.1,175,1,4031.5,307,8,4031.6,9,1,4031.7,20,3,4031.8,24,1
11483,2026-07-02 10:33:49+05:30,4031.1,12,4048.13,579846,139113.0,145340.0,4100.0,4110.0,4016.1,4092.6,23545025,4501.8,3683.4,4440.0,3288.1,4030.0,7,3,4029.8,27,2,4029.7,106,3,4029.6,6,2,4029.5,65,3,4031.1,175,1,4031.5,307,8,4031.6,9,1,4031.7,20,3,4031.8,24,1
11483,2026-07-02 10:33:49+05:30,4031.1,12,4048.13,579862,139039.0,145415.0,4100.0,4110.0,4016.1,4092.6,23545025,4501.8,3683.4,4440.0,3288.1,4030.0,3,3,4029.7,100,1,4029.6,3,1,4029.5,15,2,4029.4,89,6,4031.1,165,2,4031.5,467,9,4031.6,9,1,4031.7,20,3,4031.8,24,1
11483,2026-07-02 10:33:50+05:30,4030.0,1,4048.13,579862,139039.0,145415.0,4100.0,4110.0,4016.1,4092.6,23545025,4501.8,3683.4,4440.0,3288.1,4030.0,3,3,4029.7,100,1,4029.6,3,1,4029.5,15,2,4029.4,89,6,4031.1,165,2,4031.5,467,9,4031.6,9,1,4031.7,20,3,4031.8,24,1
11483,2026-07-02 10:33:50+05:30,4030.0,1,4048.13,579884,139009.0,145891.0,4100.0,4110.0,4016.1,4092.6,23545025,4501.8,3683.4,4440.0,3288.1,4030.0,6,2,4029.7,100,1,4029.5,4,1,4029.4,5,1,4029.3,2,1,4031.0,143,1,4031.1,2,1,4031.4,175,1,4031.5,297,8,4031.6,9,1
11483,2026-07-02 10:33:51+05:30,4029.7,1,4048.13,579884,139009.0,145891.0,4100.0,4110.0,4016.1,4092.6,23545025,4501.8,3683.4,4440.0,3288.1,4030.0,6,2,4029.7,100,1,4029.5,4,1,4029.4,5,1,4029.3,2,1,4031.0,143,1,4031.1,2,1,4031.4,175,1,4031.5,297,8,4031.6,9,1
11483,2026-07-02 10:33:51+05:30,4030.9,5,4048.13,579906,139161.0,145466.0,4100.0,4110.0,4016.1,4092.6,23545025,4501.8,3683.4,4440.0,3288.1,4030.0,1,1,4029.8,12,1,4029.7,115,2,4029.6,8,1,4029.4,9,2,4031.0,2,1,4031.3,18,2,4031.4,7,2,4031.5,238,5,4031.6,5,1
11483,2026-07-02 10:33:52+05:30,4030.0,1,4048.13,579906,139161.0,145466.0,4100.0,4110.0,4016.1,4092.6,23545025,4501.8,3683.4,4440.0,3288.1,4030.0,1,1,4029.8,12,1,4029.7,115,2,4029.6,8,1,4029.4,9,2,4031.0,2,1,4031.3,18,2,4031.4,7,2,4031.5,238,5,4031.6,5,1
11483,2026-07-02 10:33:52+05:30,4031.0,4,4048.12,579937,139108.0,145858.0,4100.0,4110.0,4016.1,4092.6,23545025,4501.8,3683.4,4440.0,3288.1,4029.7,99,1,4029.3,24,2,4029.2,8,1,4029.1,15,2,4029.0,350,9,4031.0,13,2,4031.1,25,3,4031.2,63,6,4031.3,170,5,4031.4,6,1
11483,2026-07-02 10:33:53+05:30,4031.0,50,4048.12,579937,139108.0,145858.0,4100.0,4110.0,4016.1,4092.6,23545025,4501.8,3683.4,4440.0,3288.1,4029.7,99,1,4029.3,24,2,4029.2,8,1,4029.1,15,2,4029.0,350,9,4031.0,13,2,4031.1,25,3,4031.2,63,6,4031.3,170,5,4031.4,6,1
11483,2026-07-02 10:33:53+05:30,4031.0,50,4048.12,579988,139116.0,145657.0,4100.0,4110.0,4016.1,4092.6,23545025,4501.8,3683.4,4440.0,3288.1,4029.7,119,3,4029.4,50,3,4029.3,29,2,4029.2,30,2,4029.1,3,1,4031.3,146,2,4031.4,30,1,4031.5,253,6,4031.6,5,1,4031.7,177,2
11483,2026-07-02 10:33:54+05:30,4030.0,11,4048.12,579988,139116.0,145657.0,4100.0,4110.0,4016.1,4092.6,23545025,4501.8,3683.4,4440.0,3288.1,4029.7,119,3,4029.4,50,3,4029.3,29,2,4029.2,30,2,4029.1,3,1,4031.3,146,2,4031.4,30,1,4031.5,253,6,4031.6,5,1,4031.7,177,2
11483,2026-07-02 10:33:55+05:30,4030.0,11,4048.12,580014,139808.0,146945.0,4100.0,4110.0,4016.1,4092.6,23545025,4501.8,3683.4,4440.0,3288.1,4030.0,85,5,4029.9,19,2,4029.7,50,2,4029.6,7,1,4029.5,20,1,4031.0,175,1,4031.1,6,1,4031.2,7,1,4031.3,146,2,4031.5,238,5
11483,2026-07-02 10:33:55+05:30,4030.0,1,4048.12,580014,139808.0,146945.0,4100.0,4110.0,4016.1,4092.6,23545025,4501.8,3683.4,4440.0,3288.1,4030.0,85,5,4029.9,19,2,4029.7,50,2,4029.6,7,1,4029.5,20,1,4031.0,175,1,4031.1,6,1,4031.2,7,1,4031.3,146,2,4031.5,238,5
11483,2026-07-02 10:33:56+05:30,4030.9,1,4048.12,580016,139810.0,146796.0,4100.0,4110.0,4016.1,4092.6,23545025,4501.8,3683.4,4440.0,3288.1,4030.0,73,4,4029.9,7,1,4029.7,50,2,4029.6,23,2,4029.5,20,1,4030.9,174,1,4031.0,4,1,4031.1,6,1,4031.2,7,1,4031.3,143,1
11483,2026-07-02 10:33:56+05:30,4030.9,1,4048.12,580016,139810.0,146796.0,4100.0,4110.0,4016.1,4092.6,23545025,4501.8,3683.4,4440.0,3288.1,4030.0,73,4,4029.9,7,1,4029.7,50,2,4029.6,23,2,4029.5,20,1,4030.9,174,1,4031.0,4,1,4031.1,6,1,4031.2,7,1,4031.3,143,1
11483,2026-07-02 10:33:57+05:30,4031.0,1,4048.12,580228,141227.0,144961.0,4100.0,4110.0,4016.1,4092.6,23545025,4501.8,3683.4,4440.0,3288.1,4031.0,60,5,4030.9,37,4,4030.8,53,5,4030.7,30,3,4030.6,12,3,4031.5,217,5,4031.7,2,1,4031.9,1,1,4032.0,115,6,4032.2,201,1
11483,2026-07-02 10:33:57+05:30,4031.0,1,4048.12,580228,141227.0,144961.0,4100.0,4110.0,4016.1,4092.6,23545025,4501.8,3683.4,4440.0,3288.1,4031.0,60,5,4030.9,37,4,4030.8,53,5,4030.7,30,3,4030.6,12,3,4031.5,217,5,4031.7,2,1,4031.9,1,1,4032.0,115,6,4032.2,201,1
11483,2026-07-02 10:33:58+05:30,4031.5,1,4048.12,580230,141293.0,145535.0,4100.0,4110.0,4016.1,4092.6,23545025,4501.8,3683.4,4440.0,3288.1,4031.0,28,2,4030.9,30,3,4030.8,9,1,4030.7,39,4,4030.6,38,4,4031.5,220,6,4031.7,2,1,4031.9,1,1,4032.0,115,6,4032.2,201,1
11483,2026-07-02 10:33:58+05:30,4031.5,1,4048.12,580230,141293.0,145535.0,4100.0,4110.0,4016.1,4092.6,23545025,4501.8,3683.4,4440.0,3288.1,4031.0,28,2,4030.9,30,3,4030.8,9,1,4030.7,39,4,4030.6,38,4,4031.5,220,6,4031.7,2,1,4031.9,1,1,4032.0,115,6,4032.2,201,1
11483,2026-07-02 10:33:59+05:30,4031.5,1,4048.12,580247,141390.0,145512.0,4100.0,4110.0,4016.1,4092.6,23545025,4501.8,3683.4,4440.0,3288.1,4031.0,95,5,4030.9,16,2,4030.8,17,2,4030.7,54,5,4030.6,22,4,4031.5,219,7,4031.7,2,1,4031.9,1,1,4032.0,115,6,4032.2,201,1
11483,2026-07-02 10:33:59+05:30,4031.5,5,4048.12,580247,141390.0,145512.0,4100.0,4110.0,4016.1,4092.6,23545025,4501.8,3683.4,4440.0,3288.1,4031.0,95,5,4030.9,16,2,4030.8,17,2,4030.7,54,5,4030.6,22,4,4031.5,219,7,4031.7,2,1,4031.9,1,1,4032.0,115,6,4032.2,201,1
11483,2026-07-02 10:34:00+05:30,4031.7,1,4048.11,580483,141283.0,144423.0,4100.0,4110.0,4016.1,4092.6,23545025,4501.8,3683.4,4440.0,3288.1,4031.5,58,4,4031.2,10,3,4031.1,55,6,4031.0,65,2,4030.9,49,6,4031.9,1,1,4032.0,115,6,4032.2,201,1,4032.5,127,3,4032.6,13,1
11483,2026-07-02 10:34:00+05:30,4031.7,1,4048.11,580483,141283.0,144423.0,4100.0,4110.0,4016.1,4092.6,23545025,4501.8,3683.4,4440.0,3288.1,4031.5,58,4,4031.2,10,3,4031.1,55,6,4031.0,65,2,4030.9,49,6,4031.9,1,1,4032.0,115,6,4032.2,201,1,4032.5,127,3,4032.6,13,1
11483,2026-07-02 10:34:01+05:30,4031.5,2,4048.11,580493,141269.0,144427.0,4100.0,4110.0,4016.1,4092.6,23545025,4501.8,3683.4,4440.0,3288.1,4031.5,56,4,4031.4,7,1,4031.2,43,4,4031.1,55,6,4031.0,67,3,4032.0,108,6,4032.2,201,1,4032.5,127,3,4032.6,13,1,4032.9,188,2
11483,2026-07-02 10:34:01+05:30,4031.5,2,4048.11,580493,141269.0,144427.0,4100.0,4110.0,4016.1,4092.6,23545025,4501.8,3683.4,4440.0,3288.1,4031.5,56,4,4031.4,7,1,4031.2,43,4,4031.1,55,6,4031.0,67,3,4032.0,108,6,4032.2,201,1,4032.5,127,3,4032.6,13,1,4032.9,188,2
11483,2026-07-02 10:34:02+05:30,4032.0,1,4048.11,580497,141283.0,144607.0,4100.0,4110.0,4016.1,4092.6,23545025,4501.8,3683.4,4440.0,3288.1,4031.5,66,5,4031.4,7,1,4031.3,5,1,4031.2,43,4,4031.1,55,6,4032.0,106,7,4032.2,201,1,4032.5,127,3,4032.9,188,2,4033.0,818,13
11483,2026-07-02 10:34:02+05:30,4032.0,1,4048.11,580497,141283.0,144607.0,4100.0,4110.0,4016.1,4092.6,23545025,4501.8,3683.4,4440.0,3288.1,4031.5,66,5,4031.4,7,1,4031.3,5,1,4031.2,43,4,4031.1,55,6,4032.0,106,7,4032.2,201,1,4032.5,127,3,4032.9,188,2,4033.0,818,13
11483,2026-07-02 10:34:03+05:30,4032.0,1,4048.11,580550,141325.0,144475.0,4100.0,4110.0,4016.1,4092.6,23545025,4501.8,3683.4,4440.0,3288.1,4031.5,30,3,4031.3,30,2,4031.2,43,4,4031.1,52,5,4031.0,87,4,4032.0,53,4,4032.2,201,1,4032.5,127,3,4032.9,188,2,4033.0,818,13
11483,2026-07-02 10:34:03+05:30,4032.0,1,4048.11,580550,141325.0,144475.0,4100.0,4110.0,4016.1,4092.6,23545025,4501.8,3683.4,4440.0,3288.1,4031.5,30,3,4031.3,30,2,4031.2,43,4,4031.1,52,5,4031.0,87,4,4032.0,53,4,4032.2,201,1,4032.5,127,3,4032.9,188,2,4033.0,818,13
11483,2026-07-02 10:34:04+05:30,4032.2,1,4048.1,580653,141344.0,144592.0,4100.0,4110.0,4016.1,4092.6,23545025,4501.8,3683.4,4440.0,3288.1,4031.5,23,2,4031.3,5,1,4031.2,63,5,4031.1,45,4,4031.0,87,4,4032.2,151,1,4032.5,127,3,4032.9,13,1,4033.0,818,13,4033.2,13,2
11483,2026-07-02 10:34:04+05:30,4032.2,1,4048.1,580653,141344.0,144592.0,4100.0,4110.0,4016.1,4092.6,23545025,4501.8,3683.4,4440.0,3288.1,4031.5,23,2,4031.3,5,1,4031.2,63,5,4031.1,45,4,4031.0,87,4,4032.2,151,1,4032.5,127,3,4032.9,13,1,4033.0,818,13,4033.2,13,2
11483,2026-07-02 10:34:05+05:30,4032.2,1,4048.1,580654,141298.0,144713.0,4100.0,4110.0,4016.1,4092.6,23545025,4501.8,3683.4,4440.0,3288.1,4032.0,5,1,4031.5,23,2,4031.3,5,1,4031.2,42,3,4031.1,45,4,4032.2,151,2,4032.4,175,1,4032.5,127,3,4032.9,13,1,4033.0,818,13
11483,2026-07-02 10:34:05+05:30,4032.2,1,4048.1,580654,141298.0,144713.0,4100.0,4110.0,4016.1,4092.6,23545025,4501.8,3683.4,4440.0,3288.1,4032.0,5,1,4031.5,23,2,4031.3,5,1,4031.2,42,3,4031.1,45,4,4032.2,151,2,4032.4,175,1,4032.5,127,3,4032.9,13,1,4033.0,818,13
11483,2026-07-02 10:34:06+05:30,4032.2,1,4048.1,580665,141316.0,144661.0,4100.0,4110.0,4016.1,4092.6,23545025,4501.8,3683.4,4440.0,3288.1,4032.0,5,1,4031.5,23,2,4031.3,5,1,4031.2,42,3,4031.1,68,5,4032.2,140,2,4032.4,175,1,4032.5,127,3,4032.9,13,1,4033.0,696,12
11483,2026-07-02 10:34:06+05:30,4032.2,8,4048.1,580665,141316.0,144661.0,4100.0,4110.0,4016.1,4092.6,23545025,4501.8,3683.4,4440.0,3288.1,4032.0,5,1,4031.5,23,2,4031.3,5,1,4031.2,42,3,4031.1,68,5,4032.2,140,2,4032.4,175,1,4032.5,127,3,4032.9,13,1,4033.0,696,12
11483,2026-07-02 10:34:07+05:30,4032.2,5,4048.1,580684,141267.0,144702.0,4100.0,4110.0,4016.1,4092.6,23545025,4501.8,3683.4,4440.0,3288.1,4031.5,23,2,4031.3,44,2,4031.2,42,3,4031.1,30,3,4031.0,87,4,4032.2,122,3,4032.4,175,1,4032.5,127,3,4032.8,175,1,4033.0,696,12
11483,2026-07-02 10:34:07+05:30,4032.2,5,4048.1,580684,141267.0,144702.0,4100.0,4110.0,4016.1,4092.6,23545025,4501.8,3683.4,4440.0,3288.1,4031.5,23,2,4031.3,44,2,4031.2,42,3,4031.1,30,3,4031.0,87,4,4032.2,122,3,4032.4,175,1,4032.5,127,3,4032.8,175,1,4033.0,696,12
11483,2026-07-02 10:34:08+05:30,4032.2,1,4048.1,580693,141325.0,144698.0,4100.0,4110.0,4016.1,4092.6,23545025,4501.8,3683.4,4440.0,3288.1,4031.5,23,2,4031.3,44,2,4031.2,49,4,4031.1,32,4,4031.0,107,5,4032.2,118,3,4032.4,175,1,4032.5,127,3,4032.8,175,1,4033.0,696,12
11483,2026-07-02 10:34:08+05:30,4032.2,1,4048.1,580693,141325.0,144698.0,4100.0,4110.0,4016.1,4092.6,23545025,4501.8,3683.4,4440.0,3288.1,4031.5,23,2,4031.3,44,2,4031.2,49,4,4031.1,32,4,4031.0,107,5,4032.2,118,3,4032.4,175,1,4032.5,127,3,4032.8,175,1,4033.0,696,12
11483,2026-07-02 10:34:09+05:30,4032.2,1,4048.1,580694,141244.0,144718.0,4100.0,4110.0,4016.1,4092.6,23545025,4501.8,3683.4,4440.0,3288.1,4031.5,23,2,4031.3,14,2,4031.2,39,2,4031.1,32,4,4031.0,107,5,4032.2,117,3,4032.4,175,1,4032.5,127,3,4032.8,175,1,4033.0,696,12
11483,2026-07-02 10:34:09+05:30,4032.2,1,4048.1,580694,141244.0,144718.0,4100.0,4110.0,4016.1,4092.6,23545025,4501.8,3683.4,4440.0,3288.1,4031.5,23,2,4031.3,14,2,4031.2,39,2,4031.1,32,4,4031.0,107,5,4032.2,117,3,4032.4,175,1,4032.5,127,3,4032.8,175,1,4033.0,696,12
11483,2026-07-02 10:34:10+05:30,4032.2,2,4048.1,580709,141205.0,144729.0,4100.0,4110.0,4016.1,4092.6,23545025,4501.8,3683.4,4440.0,3288.1,4031.5,18,2,4031.3,9,1,4031.2,39,2,4031.1,22,3,4031.0,105,4,4032.2,107,3,4032.4,175,1,4032.5,127,3,4032.8,175,1,4033.0,696,12
11483,2026-07-02 10:34:10+05:30,4032.2,2,4048.1,580709,141205.0,144729.0,4100.0,4110.0,4016.1,4092.6,23545025,4501.8,3683.4,4440.0,3288.1,4031.5,18,2,4031.3,9,1,4031.2,39,2,4031.1,22,3,4031.0,105,4,4032.2,107,3,4032.4,175,1,4032.5,127,3,4032.8,175,1,4033.0,696,12
11483,2026-07-02 10:34:11+05:30,4032.2,1,4048.1,580767,141104.0,144718.0,4100.0,4110.0,4016.1,4092.6,23545025,4501.8,3683.4,4440.0,3288.1,4031.5,18,2,4031.1,13,1,4031.0,40,2,4030.9,10,2,4030.8,60,5,4032.2,59,4,4032.4,175,1,4032.5,127,3,4032.8,195,2,4033.0,649,12
11483,2026-07-02 10:34:11+05:30,4032.2,10,4048.1,580767,141104.0,144718.0,4100.0,4110.0,4016.1,4092.6,23545025,4501.8,3683.4,4440.0,3288.1,4031.5,18,2,4031.1,13,1,4031.0,40,2,4030.9,10,2,4030.8,60,5,4032.2,59,4,4032.4,175,1,4032.5,127,3,4032.8,195,2,4033.0,649,12
11483,2026-07-02 10:34:12+05:30,4032.0,1,4048.1,580778,141312.0,144714.0,4100.0,4110.0,4016.1,4092.6,23545025,4501.8,3683.4,4440.0,3288.1,4031.9,81,1,4031.8,42,1,4031.7,42,1,4031.5,53,3,4031.3,42,1,4032.2,49,4,4032.4,175,1,4032.5,127,3,4032.8,175,1,4033.0,640,12
11483,2026-07-02 10:34:12+05:30,4032.0,1,4048.1,580778,141312.0,144714.0,4100.0,4110.0,4016.1,4092.6,23545025,4501.8,3683.4,4440.0,3288.1,4031.9,81,1,4031.8,42,1,4031.7,42,1,4031.5,53,3,4031.3,42,1,4032.2,49,4,4032.4,175,1,4032.5,127,3,4032.8,175,1,4033.0,640,12
11483,2026-07-02 10:34:13+05:30,4032.2,20,4048.1,580825,141281.0,144712.0,4100.0,4110.0,4016.1,4092.6,23545025,4501.8,3683.4,4440.0,3288.1,4032.0,42,1,4031.9,42,1,4031.7,42,1,4031.5,53,3,4031.1,70,4,4032.2,28,4,4032.4,175,1,4032.5,127,3,4032.8,175,1,4033.0,640,12
11483,2026-07-02 10:34:13+05:30,4032.2,20,4048.1,580825,141281.0,144712.0,4100.0,4110.0,4016.1,4092.6,23545025,4501.8,3683.4,4440.0,3288.1,4032.0,42,1,4031.9,42,1,4031.7,42,1,4031.5,53,3,4031.1,70,4,4032.2,28,4,4032.4,175,1,4032.5,127,3,4032.8,175,1,4033.0,640,12
11483,2026-07-02 10:34:14+05:30,4032.3,5,4048.09,581138,140886.0,144712.0,4100.0,4110.0,4016.1,4092.6,23545025,4501.8,3683.4,4440.0,3288.1,4032.2,43,2,4032.0,42,1,4031.8,42,1,4031.5,11,2,4031.2,28,1,4032.3,248,2,4032.5,119,3,4032.8,182,2,4032.9,5,1,4033.0,637,12
11483,2026-07-02 10:34:14+05:30,4032.3,5,4048.09,581138,140886.0,144712.0,4100.0,4110.0,4016.1,4092.6,23545025,4501.8,3683.4,4440.0,3288.1,4032.2,43,2,4032.0,42,1,4031.8,42,1,4031.5,11,2,4031.2,28,1,4032.3,248,2,4032.5,119,3,4032.8,182,2,4032.9,5,1,4033.0,637,12
11483,2026-07-02 10:34:15+05:30,4032.1,11,4048.09,581192,140815.0,144681.0,4100.0,4110.0,4016.1,4092.6,23545025,4501.8,3683.4,4440.0,3288.1,4032.1,31,1,4031.9,42,1,4031.7,42,1,4031.5,11,2,4031.2,22,1,4032.3,212,3,4032.5,119,3,4032.8,175,1,4032.9,7,1,4033.0,637,12
11483,2026-07-02 10:34:15+05:30,4032.1,1,4048.09,581192,140815.0,144681.0,4100.0,4110.0,4016.1,4092.6,23545025,4501.8,3683.4,4440.0,3288.1,4032.1,31,1,4031.9,42,1,4031.7,42,1,4031.5,11,2,4031.2,22,1,4032.3,212,3,4032.5,119,3,4032.8,175,1,4032.9,7,1,4033.0,637,12
11483,2026-07-02 10:34:16+05:30,4032.0,3,4048.09,581270,140819.0,144559.0,4100.0,4110.0,4016.1,4092.6,23545025,4501.8,3683.4,4440.0,3288.1,4032.0,39,1,4031.7,42,1,4031.5,56,4,4031.1,83,3,4031.0,106,5,4032.1,101,1,4032.2,3,1,4032.3,37,2,4032.5,119,3,4032.8,175,1
11483,2026-07-02 10:34:16+05:30,4032.0,1,4048.09,581270,140819.0,144559.0,4100.0,4110.0,4016.1,4092.6,23545025,4501.8,3683.4,4440.0,3288.1,4032.0,39,1,4031.7,42,1,4031.5,56,4,4031.1,83,3,4031.0,106,5,4032.1,101,1,4032.2,3,1,4032.3,37,2,4032.5,119,3,4032.8,175,1
11483,2026-07-02 10:34:17+05:30,4032.1,10,4048.08,581358,140970.0,144349.0,4100.0,4110.0,4016.1,4092.6,23545025,4501.8,3683.4,4440.0,3288.1,4032.0,38,1,4031.9,42,1,4031.7,42,1,4031.6,6,1,4031.5,56,4,4032.1,16,2,4032.2,3,1,4032.3,31,1,4032.5,119,3,4032.8,175,1
11483,2026-07-02 10:34:17+05:30,4032.0,1,4048.08,581358,140970.0,144349.0,4100.0,4110.0,4016.1,4092.6,23545025,4501.8,3683.4,4440.0,3288.1,4032.0,38,1,4031.9,42,1,4031.7,42,1,4031.6,6,1,4031.5,56,4,4032.1,16,2,4032.2,3,1,4032.3,31,1,4032.5,119,3,4032.8,175,1
11483,2026-07-02 10:34:18+05:30,4032.1,2,4048.08,581375,141012.0,144458.0,4100.0,4110.0,4016.1,4092.6,23545025,4501.8,3683.4,4440.0,3288.1,4032.1,64,1,4032.0,37,1,4031.9,42,1,4031.7,42,1,4031.6,6,1,4032.2,3,1,4032.3,31,1,4032.5,119,3,4032.8,175,1,4033.0,637,12
11483,2026-07-02 10:34:18+05:30,4032.1,1,4048.08,581375,141012.0,144458.0,4100.0,4110.0,4016.1,4092.6,23545025,4501.8,3683.4,4440.0,3288.1,4032.1,64,1,4032.0,37,1,4031.9,42,1,4031.7,42,1,4031.6,6,1,4032.2,3,1,4032.3,31,1,4032.5,119,3,4032.8,175,1,4033.0,637,12
11483,2026-07-02 10:34:19+05:30,4032.2,1,4048.08,581387,140997.0,144477.0,4100.0,4110.0,4016.1,4092.6,23545025,4501.8,3683.4,4440.0,3288.1,4032.0,93,3,4031.8,42,1,4031.6,48,2,4031.5,14,3,4031.3,52,2,4032.2,3,2,4032.3,31,1,4032.5,119,3,4032.8,175,1,4033.0,637,12
11483,2026-07-02 10:34:19+05:30,4032.0,1,4048.08,581387,140997.0,144477.0,4100.0,4110.0,4016.1,4092.6,23545025,4501.8,3683.4,4440.0,3288.1,4032.0,93,3,4031.8,42,1,4031.6,48,2,4031.5,14,3,4031.3,52,2,4032.2,3,2,4032.3,31,1,4032.5,119,3,4032.8,175,1,4033.0,637,12
11483,2026-07-02 10:34:20+05:30,4032.0,1,4048.08,581542,140916.0,144810.0,4100.0,4110.0,4016.1,4092.6,23545025,4501.8,3683.4,4440.0,3288.1,4031.8,42,1,4031.6,48,2,4031.5,14,3,4031.3,50,1,4031.2,50,1,4032.0,24,1,4032.3,31,1,4032.4,175,1,4032.5,119,3,4032.9,13,1
11483,2026-07-02 10:34:20+05:30,4031.8,1,4048.08,581542,140916.0,144810.0,4100.0,4110.0,4016.1,4092.6,23545025,4501.8,3683.4,4440.0,3288.1,4031.8,42,1,4031.6,48,2,4031.5,14,3,4031.3,50,1,4031.2,50,1,4032.0,24,1,4032.3,31,1,4032.4,175,1,4032.5,119,3,4032.9,13,1
11483,2026-07-02 10:34:21+05:30,4032.0,1,4048.08,581551,140892.0,144795.0,4100.0,4110.0,4016.1,4092.6,23545025,4501.8,3683.4,4440.0,3288.1,4031.8,41,1,4031.5,14,3,4031.4,49,2,4031.3,58,2,4031.2,50,1,4032.0,17,2,4032.3,31,1,4032.4,175,1,4032.5,119,3,4032.9,13,1
11483,2026-07-02 10:34:21+05:30,4032.0,1,4048.08,581551,140892.0,144795.0,4100.0,4110.0,4016.1,4092.6,23545025,4501.8,3683.4,4440.0,3288.1,4031.8,41,1,4031.5,14,3,4031.4,49,2,4031.3,58,2,4031.2,50,1,4032.0,17,2,4032.3,31,1,4032.4,175,1,4032.5,119,3,4032.9,13,1
11483,2026-07-02 10:34:21+05:30,4032.0,1,4048.08,581551,140892.0,144795.0,4100.0,4110.0,4016.1,4092.6,23545025,4501.8,3683.4,4440.0,3288.1,4031.8,41,1,4031.5,14,3,4031.4,49,2,4031.3,58,2,4031.2,50,1,4032.0,17,2,4032.3,31,1,4032.4,175,1,4032.5,119,3,4032.9,13,1
11483,2026-07-02 10:34:22+05:30,4032.0,1,4048.08,581551,140892.0,144795.0,4100.0,4110.0,4016.1,4092.6,23545025,4501.8,3683.4,4440.0,3288.1,4031.8,41,1,4031.5,14,3,4031.4,49,2,4031.3,58,2,4031.2,50,1,4032.0,17,2,4032.3,31,1,4032.4,175,1,4032.5,119,3,4032.9,13,1
11483,2026-07-02 10:34:22+05:30,4032.3,4,4048.08,581575,141084.0,144743.0,4100.0,4110.0,4016.1,4092.6,23545025,4501.8,3683.4,4440.0,3288.1,4032.1,42,1,4032.0,124,4,4031.8,40,1,4031.6,49,2,4031.5,23,4,4032.3,26,1,4032.4,175,1,4032.5,119,3,4033.0,635,11,4033.2,18,3
11483,2026-07-02 10:34:22+05:30,4032.1,1,4048.08,581575,141084.0,144743.0,4100.0,4110.0,4016.1,4092.6,23545025,4501.8,3683.4,4440.0,3288.1,4032.1,42,1,4032.0,124,4,4031.8,40,1,4031.6,49,2,4031.5,23,4,4032.3,26,1,4032.4,175,1,4032.5,119,3,4033.0,635,11,4033.2,18,3
11483,2026-07-02 10:34:22+05:30,4032.1,1,4048.08,581575,141084.0,144743.0,4100.0,4110.0,4016.1,4092.6,23545025,4501.8,3683.4,4440.0,3288.1,4032.1,42,1,4032.0,124,4,4031.8,40,1,4031.6,49,2,4031.5,23,4,4032.3,26,1,4032.4,175,1,4032.5,119,3,4033.0,635,11,4033.2,18,3
11483,2026-07-02 10:34:23+05:30,4032.3,4,4048.08,581587,140892.0,144753.0,4100.0,4110.0,4016.1,4092.6,23545025,4501.8,3683.4,4440.0,3288.1,4032.0,55,2,4031.6,8,1,4031.5,23,4,4031.4,72,3,4031.3,58,2,4032.3,23,2,4032.4,175,1,4032.5,119,3,4033.0,635,11,4033.2,18,3
11483,2026-07-02 10:34:23+05:30,4032.3,4,4048.08,581587,140892.0,144753.0,4100.0,4110.0,4016.1,4092.6,23545025,4501.8,3683.4,4440.0,3288.1,4032.0,55,2,4031.6,8,1,4031.5,23,4,4031.4,72,3,4031.3,58,2,4032.3,23,2,4032.4,175,1,4032.5,119,3,4033.0,635,11,4033.2,18,3
11483,2026-07-02 10:34:23+05:30,4032.0,1,4048.08,581587,140892.0,144753.0,4100.0,4110.0,4016.1,4092.6,23545025,4501.8,3683.4,4440.0,3288.1,4032.0,55,2,4031.6,8,1,4031.5,23,4,4031.4,72,3,4031.3,58,2,4032.3,23,2,4032.4,175,1,4032.5,119,3,4033.0,635,11,4033.2,18,3
11483,2026-07-02 10:34:23+05:30,4032.0,1,4048.08,581587,140892.0,144753.0,4100.0,4110.0,4016.1,4092.6,23545025,4501.8,3683.4,4440.0,3288.1,4032.0,55,2,4031.6,8,1,4031.5,23,4,4031.4,72,3,4031.3,58,2,4032.3,23,2,4032.4,175,1,4032.5,119,3,4033.0,635,11,4033.2,18,3
11483,2026-07-02 10:34:24+05:30,4032.2,5,4048.08,581594,140922.0,144852.0,4100.0,4110.0,4016.1,4092.6,23545025,4501.8,3683.4,4440.0,3288.1,4032.0,92,4,4031.6,8,1,4031.5,23,4,4031.4,79,4,4031.3,58,2,4032.2,95,1,4032.3,22,2,4032.4,175,1,4032.5,119,3,4033.0,635,11
11483,2026-07-02 10:34:24+05:30,4032.2,5,4048.08,581594,140922.0,144852.0,4100.0,4110.0,4016.1,4092.6,23545025,4501.8,3683.4,4440.0,3288.1,4032.0,92,4,4031.6,8,1,4031.5,23,4,4031.4,79,4,4031.3,58,2,4032.2,95,1,4032.3,22,2,4032.4,175,1,4032.5,119,3,4033.0,635,11
11483,2026-07-02 10:34:24+05:30,4032.0,1,4048.08,581594,140922.0,144852.0,4100.0,4110.0,4016.1,4092.6,23545025,4501.8,3683.4,4440.0,3288.1,4032.0,92,4,4031.6,8,1,4031.5,23,4,4031.4,79,4,4031.3,58,2,4032.2,95,1,4032.3,22,2,4032.4,175,1,4032.5,119,3,4033.0,635,11
11483,2026-07-02 10:34:24+05:30,4032.0,1,4048.08,581594,140922.0,144852.0,4100.0,4110.0,4016.1,4092.6,23545025,4501.8,3683.4,4440.0,3288.1,4032.0,92,4,4031.6,8,1,4031.5,23,4,4031.4,79,4,4031.3,58,2,4032.2,95,1,4032.3,22,2,4032.4,175,1,4032.5,119,3,4033.0,635,11
11483,2026-07-02 10:34:25+05:30,4032.0,1,4048.08,581594,140922.0,144852.0,4100.0,4110.0,4016.1,4092.6,23558500,4501.8,3683.4,4440.0,3288.1,4032.0,92,4,4031.6,8,1,4031.5,23,4,4031.4,79,4,4031.3,58,2,4032.2,95,1,4032.3,22,2,4032.4,175,1,4032.5,119,3,4033.0,635,11
11483,2026-07-02 10:34:25+05:30,4032.0,10,4048.08,581692,140554.0,145326.0,4100.0,4110.0,4016.1,4092.6,23558500,4501.8,3683.4,4440.0,3288.1,4031.5,14,3,4031.1,13,1,4031.0,60,3,4030.8,59,2,4030.7,36,3,4032.1,48,2,4032.2,132,3,4032.3,21,1,4032.4,217,2,4032.5,119,3
11483,2026-07-02 10:34:25+05:30,4031.5,1,4048.08,581692,140554.0,145326.0,4100.0,4110.0,4016.1,4092.6,23558500,4501.8,3683.4,4440.0,3288.1,4031.5,14,3,4031.1,13,1,4031.0,60,3,4030.8,59,2,4030.7,36,3,4032.1,48,2,4032.2,132,3,4032.3,21,1,4032.4,217,2,4032.5,119,3
11483,2026-07-02 10:34:25+05:30,4031.5,1,4048.08,581692,140554.0,145326.0,4100.0,4110.0,4016.1,4092.6,23558500,4501.8,3683.4,4440.0,3288.1,4031.5,14,3,4031.1,13,1,4031.0,60,3,4030.8,59,2,4030.7,36,3,4032.1,48,2,4032.2,132,3,4032.3,21,1,4032.4,217,2,4032.5,119,3
11483,2026-07-02 10:34:26+05:30,4031.5,1,4048.08,581692,140554.0,145326.0,4100.0,4110.0,4016.1,4092.6,23558500,4501.8,3683.4,4440.0,3288.1,4031.5,14,3,4031.1,13,1,4031.0,60,3,4030.8,59,2,4030.7,36,3,4032.1,48,2,4032.2,132,3,4032.3,21,1,4032.4,217,2,4032.5,119,3
11483,2026-07-02 10:34:26+05:30,4032.0,3,4048.08,581696,140580.0,145427.0,4100.0,4110.0,4016.1,4092.6,23558500,4501.8,3683.4,4440.0,3288.1,4031.5,22,4,4031.1,13,1,4031.0,60,3,4030.8,50,1,4030.7,28,2,4032.0,84,2,4032.1,48,2,4032.2,131,2,4032.3,21,1,4032.4,217,2
11483,2026-07-02 10:34:26+05:30,4032.0,3,4048.08,581696,140580.0,145427.0,4100.0,4110.0,4016.1,4092.6,23558500,4501.8,3683.4,4440.0,3288.1,4031.5,22,4,4031.1,13,1,4031.0,60,3,4030.8,50,1,4030.7,28,2,4032.0,84,2,4032.1,48,2,4032.2,131,2,4032.3,21,1,4032.4,217,2
11483,2026-07-02 10:34:26+05:30,4031.5,5,4048.08,581696,140580.0,145427.0,4100.0,4110.0,4016.1,4092.6,23558500,4501.8,3683.4,4440.0,3288.1,4031.5,22,4,4031.1,13,1,4031.0,60,3,4030.8,50,1,4030.7,28,2,4032.0,84,2,4032.1,48,2,4032.2,131,2,4032.3,21,1,4032.4,217,2
11483,2026-07-02 10:34:26+05:30,4031.5,5,4048.08,581696,140580.0,145427.0,4100.0,4110.0,4016.1,4092.6,23558500,4501.8,3683.4,4440.0,3288.1,4031.5,22,4,4031.1,13,1,4031.0,60,3,4030.8,50,1,4030.7,28,2,4032.0,84,2,4032.1,48,2,4032.2,131,2,4032.3,21,1,4032.4,217,2
11483,2026-07-02 10:34:27+05:30,4031.5,5,4048.08,581712,140614.0,145669.0,4100.0,4110.0,4016.1,4092.6,23558500,4501.8,3683.4,4440.0,3288.1,4031.5,15,4,4031.1,13,1,4031.0,60,3,4030.7,28,2,4030.6,43,4,4031.7,68,1,4031.8,42,1,4031.9,42,1,4032.0,8,2,4032.1,48,2
11483,2026-07-02 10:34:27+05:30,4031.5,1,4048.08,581712,140614.0,145669.0,4100.0,4110.0,4016.1,4092.6,23558500,4501.8,3683.4,4440.0,3288.1,4031.5,15,4,4031.1,13,1,4031.0,60,3,4030.7,28,2,4030.6,43,4,4031.7,68,1,4031.8,42,1,4031.9,42,1,4032.0,8,2,4032.1,48,2
11483,2026-07-02 10:34:28+05:30,4031.0,1,4048.07,582078,140711.0,145393.0,4100.0,4110.0,4016.1,4092.6,23558500,4501.8,3683.4,4440.0,3288.1,4031.5,20,1,4031.0,72,4,4030.7,28,2,4030.6,35,3,4030.5,36,4,4032.2,30,2,4032.3,22,2,4032.4,175,1,4032.5,119,3,4032.6,12,1
11483,2026-07-02 10:34:28+05:30,4031.0,1,4048.07,582078,140711.0,145393.0,4100.0,4110.0,4016.1,4092.6,23558500,4501.8,3683.4,4440.0,3288.1,4031.5,20,1,4031.0,72,4,4030.7,28,2,4030.6,35,3,4030.5,36,4,4032.2,30,2,4032.3,22,2,4032.4,175,1,4032.5,119,3,4032.6,12,1
11483,2026-07-02 10:34:29+05:30,4031.0,1,4048.06,582099,140656.0,145641.0,4100.0,4110.0,4016.1,4092.6,23558500,4501.8,3683.4,4440.0,3288.1,4031.0,71,4,4030.7,28,2,4030.6,35,3,4030.5,31,4,4030.4,23,2,4031.8,75,1,4032.0,7,1,4032.2,32,3,4032.3,1,1,4032.4,175,1
11483,2026-07-02 10:34:29+05:30,4031.0,1,4048.06,582099,140656.0,145641.0,4100.0,4110.0,4016.1,4092.6,23558500,4501.8,3683.4,4440.0,3288.1,4031.0,71,4,4030.7,28,2,4030.6,35,3,4030.5,31,4,4030.4,23,2,4031.8,75,1,4032.0,7,1,4032.2,32,3,4032.3,1,1,4032.4,175,1
11483,2026-07-02 10:34:30+05:30,4030.4,1,4048.06,582411,140208.0,146179.0,4100.0,4110.0,4016.1,4092.6,23558500,4501.8,3683.4,4440.0,3288.1,4030.4,25,1,4030.3,41,3,4030.2,89,4,4030.1,128,5,4030.0,302,12,4031.4,42,1,4031.5,42,1,4031.7,42,1,4031.8,65,1,4031.9,57,2
11483,2026-07-02 10:34:30+05:30,4030.8,20,4048.06,582411,140208.0,146179.0,4100.0,4110.0,4016.1,4092.6,23558500,4501.8,3683.4,4440.0,3288.1,4030.4,25,1,4030.3,41,3,4030.2,89,4,4030.1,128,5,4030.0,302,12,4031.4,42,1,4031.5,42,1,4031.7,42,1,4031.8,65,1,4031.9,57,2
11483,2026-07-02 10:34:31+05:30,4031.1,42,4048.05,582639,141184.0,146135.0,4100.0,4110.0,4016.1,4092.6,23558500,4501.8,3683.4,4440.0,3288.1,4031.1,38,3,4031.0,30,2,4030.9,84,7,4030.8,42,3,4030.7,48,3,4031.4,1,1,4032.0,100,1,4032.2,24,1,4032.3,14,2,4032.4,175,1
11483,2026-07-02 10:34:31+05:30,4031.1,1,4048.05,582639,141184.0,146135.0,4100.0,4110.0,4016.1,4092.6,23558500,4501.8,3683.4,4440.0,3288.1,4031.1,38,3,4031.0,30,2,4030.9,84,7,4030.8,42,3,4030.7,48,3,4031.4,1,1,4032.0,100,1,4032.2,24,1,4032.3,14,2,4032.4,175,1
11483,2026-07-02 10:34:32+05:30,4032.0,1,4048.05,582642,141123.0,146039.0,4100.0,4110.0,4016.1,4092.6,23558500,4501.8,3683.4,4440.0,3288.1,4031.3,52,5,4031.2,4,2,4031.1,11,2,4031.0,55,3,4030.9,67,5,4031.5,70,1,4031.6,81,1,4031.9,18,1,4032.0,99,1,4032.2,24,1
11483,2026-07-02 10:34:32+05:30,4031.3,1,4048.05,582642,141123.0,146039.0,4100.0,4110.0,4016.1,4092.6,23558500,4501.8,3683.4,4440.0,3288.1,4031.3,52,5,4031.2,4,2,4031.1,11,2,4031.0,55,3,4030.9,67,5,4031.5,70,1,4031.6,81,1,4031.9,18,1,4032.0,99,1,4032.2,24,1
11483,2026-07-02 10:34:33+05:30,4031.0,1,4048.05,582661,140670.0,146382.0,4100.0,4110.0,4016.1,4092.6,23558500,4501.8,3683.4,4440.0,3288.1,4031.0,24,1,4030.9,8,1,4030.8,7,1,4030.7,4,1,4030.6,27,3,4031.3,64,1,4031.4,42,1,4031.5,114,3,4031.7,42,1,4031.9,60,2
11483,2026-07-02 10:34:33+05:30,4031.0,1,4048.05,582661,140670.0,146382.0,4100.0,4110.0,4016.1,4092.6,23558500,4501.8,3683.4,4440.0,3288.1,4031.0,24,1,4030.9,8,1,4030.8,7,1,4030.7,4,1,4030.6,27,3,4031.3,64,1,4031.4,42,1,4031.5,114,3,4031.7,42,1,4031.9,60,2
11483,2026-07-02 10:34:34+05:30,4031.0,1,4048.05,582661,140847.0,146325.0,4100.0,4110.0,4016.1,4092.6,23558500,4501.8,3683.4,4440.0,3288.1,4031.0,24,1,4030.9,8,1,4030.8,15,2,4030.7,4,1,4030.6,27,3,4031.2,42,1,4031.3,42,1,4031.5,112,2,4031.7,42,1,4031.9,18,1
11483,2026-07-02 10:34:34+05:30,4031.0,1,4048.05,582661,140847.0,146325.0,4100.0,4110.0,4016.1,4092.6,23558500,4501.8,3683.4,4440.0,3288.1,4031.0,24,1,4030.9,8,1,4030.8,15,2,4030.7,4,1,4030.6,27,3,4031.2,42,1,4031.3,42,1,4031.5,112,2,4031.7,42,1,4031.9,18,1
11483,2026-07-02 10:34:35+05:30,4031.0,1,4048.04,582858,140913.0,146199.0,4100.0,4110.0,4016.1,4092.6,23558500,4501.8,3683.4,4440.0,3288.1,4030.6,48,4,4030.5,15,2,4030.4,28,4,4030.3,44,3,4030.2,38,3,4031.0,35,1,4031.2,57,3,4031.4,42,1,4031.5,70,1,4031.9,18,1
11483,2026-07-02 10:34:35+05:30,4031.0,1,4048.04,582858,140913.0,146199.0,4100.0,4110.0,4016.1,4092.6,23558500,4501.8,3683.4,4440.0,3288.1,4030.6,48,4,4030.5,15,2,4030.4,28,4,4030.3,44,3,4030.2,38,3,4031.0,35,1,4031.2,57,3,4031.4,42,1,4031.5,70,1,4031.9,18,1
11483,2026-07-02 10:34:36+05:30,4031.2,42,4048.04,583024,140798.0,146065.0,4100.0,4110.0,4016.1,4092.6,23558500,4501.8,3683.4,4440.0,3288.1,4030.9,43,3,4030.8,16,2,4030.7,24,4,4030.6,4,1,4030.5,14,2,4031.4,42,1,4031.5,70,1,4031.9,18,1,4032.0,99,1,4032.1,3,1
11483,2026-07-02 10:34:36+05:30,4031.2,42,4048.04,583024,140798.0,146065.0,4100.0,4110.0,4016.1,4092.6,23558500,4501.8,3683.4,4440.0,3288.1,4030.9,43,3,4030.8,16,2,4030.7,24,4,4030.6,4,1,4030.5,14,2,4031.4,42,1,4031.5,70,1,4031.9,18,1,4032.0,99,1,4032.1,3,1
11483,2026-07-02 10:34:37+05:30,4030.6,1,4048.04,583075,140778.0,146100.0,4100.0,4110.0,4016.1,4092.6,23558500,4501.8,3683.4,4440.0,3288.1,4030.6,7,1,4030.4,45,5,4030.3,80,3,4030.2,124,6,4030.1,85,3,4031.1,23,1,4031.4,2,1,4031.5,70,1,4031.7,42,1,4031.9,18,1
11483,2026-07-02 10:34:37+05:30,4030.6,1,4048.04,583075,140778.0,146100.0,4100.0,4110.0,4016.1,4092.6,23558500,4501.8,3683.4,4440.0,3288.1,4030.6,7,1,4030.4,45,5,4030.3,80,3,4030.2,124,6,4030.1,85,3,4031.1,23,1,4031.4,2,1,4031.5,70,1,4031.7,42,1,4031.9,18,1
11483,2026-07-02 10:34:38+05:30,4031.0,1,4048.03,583138,140853.0,146400.0,4100.0,4110.0,4016.1,4092.6,23558500,4501.8,3683.4,4440.0,3288.1,4031.0,32,1,4030.5,37,4,4030.4,71,6,4030.3,30,2,4030.2,98,5,4031.1,13,1,4031.2,42,1,4031.4,44,2,4031.5,70,1,4031.6,42,1
11483,2026-07-02 10:34:38+05:30,4031.0,1,4048.03,583138,140853.0,146400.0,4100.0,4110.0,4016.1,4092.6,23558500,4501.8,3683.4,4440.0,3288.1,4031.0,32,1,4030.5,37,4,4030.4,71,6,4030.3,30,2,4030.2,98,5,4031.1,13,1,4031.2,42,1,4031.4,44,2,4031.5,70,1,4031.6,42,1
11483,2026-07-02 10:34:39+05:30,4031.5,3,4048.03,583175,140909.0,146223.0,4100.0,4110.0,4016.1,4092.6,23558500,4501.8,3683.4,4440.0,3288.1,4031.0,10,1,4030.6,93,8,4030.5,23,3,4030.4,32,4,4030.3,48,3,4031.5,65,1,4031.9,18,1,4032.0,99,1,4032.1,3,1,4032.2,24,1
11483,2026-07-02 10:34:39+05:30,4031.0,1,4048.03,583175,140909.0,146223.0,4100.0,4110.0,4016.1,4092.6,23558500,4501.8,3683.4,4440.0,3288.1,4031.0,10,1,4030.6,93,8,4030.5,23,3,4030.4,32,4,4030.3,48,3,4031.5,65,1,4031.9,18,1,4032.0,99,1,4032.1,3,1,4032.2,24,1
11483,2026-07-02 10:34:40+05:30,4031.0,1,4048.03,583176,140902.0,146227.0,4100.0,4110.0,4016.1,4092.6,23558500,4501.8,3683.4,4440.0,3288.1,4031.0,9,1,4030.6,93,8,4030.5,23,3,4030.4,32,4,4030.3,54,3,4031.5,68,2,4031.9,18,1,4032.0,99,1,4032.1,3,1,4032.2,24,1
11483,2026-07-02 10:34:40+05:30,4031.0,1,4048.03,583176,140902.0,146227.0,4100.0,4110.0,4016.1,4092.6,23558500,4501.8,3683.4,4440.0,3288.1,4031.0,9,1,4030.6,93,8,4030.5,23,3,4030.4,32,4,4030.3,54,3,4031.5,68,2,4031.9,18,1,4032.0,99,1,4032.1,3,1,4032.2,24,1
11483,2026-07-02 10:34:41+05:30,4031.5,1,4048.03,583178,141060.0,146153.0,4100.0,4110.0,4016.1,4092.6,23558500,4501.8,3683.4,4440.0,3288.1,4031.1,21,1,4031.0,26,4,4030.9,6,1,4030.7,9,1,4030.6,50,5,4031.5,68,3,4031.9,18,1,4032.0,99,1,4032.1,3,1,4032.2,24,1
11483,2026-07-02 10:34:41+05:30,4031.1,1,4048.03,583178,141060.0,146153.0,4100.0,4110.0,4016.1,4092.6,23558500,4501.8,3683.4,4440.0,3288.1,4031.1,21,1,4031.0,26,4,4030.9,6,1,4030.7,9,1,4030.6,50,5,4031.5,68,3,4031.9,18,1,4032.0,99,1,4032.1,3,1,4032.2,24,1
11483,2026-07-02 10:34:42+05:30,4031.1,1,4048.03,583179,141030.0,146161.0,4100.0,4110.0,4016.1,4092.6,23558500,4501.8,3683.4,4440.0,3288.1,4031.1,20,1,4031.0,26,4,4030.9,6,1,4030.7,9,1,4030.6,28,3,4031.5,68,3,4031.9,18,1,4032.0,99,1,4032.1,3,1,4032.2,24,1
11483,2026-07-02 10:34:42+05:30,4031.1,1,4048.03,583179,141030.0,146161.0,4100.0,4110.0,4016.1,4092.6,23558500,4501.8,3683.4,4440.0,3288.1,4031.1,20,1,4031.0,26,4,4030.9,6,1,4030.7,9,1,4030.6,28,3,4031.5,68,3,4031.9,18,1,4032.0,99,1,4032.1,3,1,4032.2,24,1
11483,2026-07-02 10:34:43+05:30,4031.1,1,4048.03,583233,141038.0,146118.0,4100.0,4110.0,4016.1,4092.6,23558500,4501.8,3683.4,4440.0,3288.1,4031.1,81,3,4031.0,26,4,4030.9,6,1,4030.7,9,1,4030.6,8,1,4031.5,16,3,4031.9,18,1,4032.0,99,1,4032.1,3,1,4032.2,24,1
11483,2026-07-02 10:34:43+05:30,4031.1,1,4048.03,583233,141038.0,146118.0,4100.0,4110.0,4016.1,4092.6,23558500,4501.8,3683.4,4440.0,3288.1,4031.1,81,3,4031.0,26,4,4030.9,6,1,4030.7,9,1,4030.6,8,1,4031.5,16,3,4031.9,18,1,4032.0,99,1,4032.1,3,1,4032.2,24,1
11483,2026-07-02 10:34:44+05:30,4032.5,1,4048.03,583233,141038.0,146118.0,4100.0,4110.0,4016.1,4092.6,23558500,4501.8,3683.4,4440.0,3288.1,4031.1,81,3,4031.0,26,4,4030.9,6,1,4030.7,9,1,4030.6,8,1,4031.5,16,3,4031.9,18,1,4032.0,99,1,4032.1,3,1,4032.2,24,1
11483,2026-07-02 10:34:44+05:30,4032.5,1,4048.02,583685,141274.0,145062.0,4100.0,4110.0,4016.1,4092.6,23558500,4501.8,3683.4,4440.0,3288.1,4031.3,18,2,4031.2,30,3,4031.1,77,3,4031.0,13,2,4030.8,52,4,4031.5,1,1,4032.4,175,1,4032.5,36,2,4032.6,2,1,4032.7,15,1
11483,2026-07-02 10:34:45+05:30,4031.5,3,4048.02,583685,141274.0,145062.0,4100.0,4110.0,4016.1,4092.6,23558500,4501.8,3683.4,4440.0,3288.1,4031.3,18,2,4031.2,30,3,4031.1,77,3,4031.0,13,2,4030.8,52,4,4031.5,1,1,4032.4,175,1,4032.5,36,2,4032.6,2,1,4032.7,15,1
11483,2026-07-02 10:34:45+05:30,4031.5,3,4048.02,583689,141624.0,145131.0,4100.0,4110.0,4016.1,4092.6,23558500,4501.8,3683.4,4440.0,3288.1,4031.4,53,6,4031.3,52,5,4031.2,52,6,4031.1,130,6,4031.0,51,6,4032.4,175,1,4032.5,36,2,4032.7,17,2,4032.9,35,4,4033.0,635,11
11483,2026-07-02 10:34:46+05:30,4032.4,3,4048.02,583689,141624.0,145131.0,4100.0,4110.0,4016.1,4092.6,23558500,4501.8,3683.4,4440.0,3288.1,4031.4,53,6,4031.3,52,5,4031.2,52,6,4031.1,130,6,4031.0,51,6,4032.4,175,1,4032.5,36,2,4032.7,17,2,4032.9,35,4,4033.0,635,11
11483,2026-07-02 10:34:46+05:30,4032.4,3,4048.02,583785,140835.0,144679.0,4100.0,4110.0,4016.1,4092.6,23558500,4501.8,3683.4,4440.0,3288.1,4032.1,3,1,4032.0,28,3,4031.9,6,1,4031.8,8,3,4031.6,4,1,4032.5,35,2,4032.7,15,1,4032.9,5,3,4033.0,635,11,4033.2,38,5
11483,2026-07-02 10:34:47+05:30,4032.5,1,4048.02,583785,140835.0,144679.0,4100.0,4110.0,4016.1,4092.6,23558500,4501.8,3683.4,4440.0,3288.1,4032.1,3,1,4032.0,28,3,4031.9,6,1,4031.8,8,3,4031.6,4,1,4032.5,35,2,4032.7,15,1,4032.9,5,3,4033.0,635,11,4033.2,38,5
11483,2026-07-02 10:34:47+05:30,4032.1,1,4048.02,583787,140799.0,144816.0,4100.0,4110.0,4016.1,4092.6,23558500,4501.8,3683.4,4440.0,3288.1,4032.1,2,1,4032.0,28,3,4031.9,6,1,4031.8,8,3,4031.6,4,1,4032.5,35,3,4032.7,15,1,4032.9,3,2,4033.0,767,13,4033.2,38,5
11483,2026-07-02 10:34:48+05:30,4032.5,1,4048.02,583787,140799.0,144816.0,4100.0,4110.0,4016.1,4092.6,23558500,4501.8,3683.4,4440.0,3288.1,4032.1,2,1,4032.0,28,3,4031.9,6,1,4031.8,8,3,4031.6,4,1,4032.5,35,3,4032.7,15,1,4032.9,3,2,4033.0,767,13,4033.2,38,5
11483,2026-07-02 10:34:48+05:30,4032.5,1,4048.02,583788,140923.0,144732.0,4100.0,4110.0,4016.1,4092.6,23558500,4501.8,3683.4,4440.0,3288.1,4032.1,2,1,4032.0,28,3,4031.9,6,1,4031.8,16,4,4031.6,4,1,4032.5,34,3,4032.7,15,1,4032.9,1,1,4033.0,765,12,4033.2,13,2
11483,2026-07-02 10:34:49+05:30,4032.5,1,4048.02,583788,140923.0,144732.0,4100.0,4110.0,4016.1,4092.6,23558500,4501.8,3683.4,4440.0,3288.1,4032.1,2,1,4032.0,28,3,4031.9,6,1,4031.8,16,4,4031.6,4,1,4032.5,34,3,4032.7,15,1,4032.9,1,1,4033.0,765,12,4033.2,13,2
11483,2026-07-02 10:34:49+05:30,4032.5,1,4048.02,583814,140941.0,144724.0,4100.0,4110.0,4016.1,4092.6,23558500,4501.8,3683.4,4440.0,3288.1,4032.1,2,1,4032.0,33,4,4031.9,12,2,4031.8,24,5,4031.6,4,1,4032.4,5,1,4032.5,8,2,4032.7,15,1,4032.9,1,1,4033.0,765,12
11483,2026-07-02 10:34:50+05:30,4032.4,1,4048.02,583814,140941.0,144724.0,4100.0,4110.0,4016.1,4092.6,23558500,4501.8,3683.4,4440.0,3288.1,4032.1,2,1,4032.0,33,4,4031.9,12,2,4031.8,24,5,4031.6,4,1,4032.4,5,1,4032.5,8,2,4032.7,15,1,4032.9,1,1,4033.0,765,12
11483,2026-07-02 10:34:50+05:30,4032.4,4,4048.01,583845,141310.0,144446.0,4100.0,4110.0,4016.1,4092.6,23558500,4501.8,3683.4,4440.0,3288.1,4032.0,16,3,4031.9,12,2,4031.8,24,5,4031.6,4,1,4031.5,71,2,4032.4,5,1,4032.5,7,1,4032.7,15,1,4032.9,1,1,4033.0,765,12
11483,2026-07-02 10:34:51+05:30,4032.4,1,4048.01,583845,141310.0,144446.0,4100.0,4110.0,4016.1,4092.6,23558500,4501.8,3683.4,4440.0,3288.1,4032.0,16,3,4031.9,12,2,4031.8,24,5,4031.6,4,1,4031.5,71,2,4032.4,5,1,4032.5,7,1,4032.7,15,1,4032.9,1,1,4033.0,765,12
11483,2026-07-02 10:34:51+05:30,4032.4,1,4048.01,583846,141339.0,144459.0,4100.0,4110.0,4016.1,4092.6,23558500,4501.8,3683.4,4440.0,3288.1,4032.0,66,4,4031.9,12,2,4031.8,24,5,4031.6,4,1,4031.4,23,3,4032.4,5,2,4032.5,7,1,4032.7,15,1,4032.9,1,1,4033.0,789,13
11483,2026-07-02 10:34:52+05:30,4032.4,1,4048.01,583846,141339.0,144459.0,4100.0,4110.0,4016.1,4092.6,23558500,4501.8,3683.4,4440.0,3288.1,4032.0,66,4,4031.9,12,2,4031.8,24,5,4031.6,4,1,4031.4,23,3,4032.4,5,2,4032.5,7,1,4032.7,15,1,4032.9,1,1,4033.0,789,13
11483,2026-07-02 10:34:52+05:30,4032.4,1,4048.01,583848,141372.0,144459.0,4100.0,4110.0,4016.1,4092.6,23558500,4501.8,3683.4,4440.0,3288.1,4032.0,61,3,4031.9,6,1,4031.8,30,6,4031.7,8,1,4031.6,13,2,4032.4,3,2,4032.5,7,1,4032.7,15,1,4032.9,1,1,4033.0,789,13
11483,2026-07-02 10:34:53+05:30,4032.5,1,4048.01,583848,141372.0,144459.0,4100.0,4110.0,4016.1,4092.6,23558500,4501.8,3683.4,4440.0,3288.1,4032.0,61,3,4031.9,6,1,4031.8,30,6,4031.7,8,1,4031.6,13,2,4032.4,3,2,4032.5,7,1,4032.7,15,1,4032.9,1,1,4033.0,789,13
11483,2026-07-02 10:34:53+05:30,4032.5,53,4048.01,583975,141519.0,144365.0,4100.0,4110.0,4016.1,4092.6,23558500,4501.8,3683.4,4440.0,3288.1,4032.0,61,3,4031.9,6,1,4031.8,8,3,4031.6,1,1,4031.5,33,2,4032.7,15,1,4032.9,1,1,4033.0,789,13,4033.2,1,1,4033.3,3,1
11483,2026-07-02 10:34:54+05:30,4032.7,1,4048.01,583975,141519.0,144365.0,4100.0,4110.0,4016.1,4092.6,23558500,4501.8,3683.4,4440.0,3288.1,4032.0,61,3,4031.9,6,1,4031.8,8,3,4031.6,1,1,4031.5,33,2,4032.7,15,1,4032.9,1,1,4033.0,789,13,4033.2,1,1,4033.3,3,1
11483,2026-07-02 10:34:54+05:30,4032.7,1,4048.01,583993,143834.0,144703.0,4100.0,4110.0,4016.1,4092.6,23558500,4501.8,3683.4,4440.0,3288.1,4032.4,2,1,4032.0,61,3,4031.9,6,1,4031.8,8,3,4031.6,4,2,4032.7,8,1,4032.9,1,1,4033.0,789,13,4033.2,1,1,4033.3,3,1
11483,2026-07-02 10:34:55+05:30,4032.7,5,4048.01,583993,143834.0,144703.0,4100.0,4110.0,4016.1,4092.6,23558500,4501.8,3683.4,4440.0,3288.1,4032.4,2,1,4032.0,61,3,4031.9,6,1,4031.8,8,3,4031.6,4,2,4032.7,8,1,4032.9,1,1,4033.0,789,13,4033.2,1,1,4033.3,3,1
11483,2026-07-02 10:34:55+05:30,4033.0,1,4048.01,584009,144045.0,144705.0,4100.0,4110.0,4016.1,4092.6,23558500,4501.8,3683.4,4440.0,3288.1,4032.7,1,1,4032.4,2,1,4032.1,19,1,4032.0,77,4,4031.9,6,1,4033.0,783,11,4033.2,1,1,4033.3,3,1,4033.4,21,2,4033.8,248,3
11483,2026-07-02 10:34:56+05:30,4032.0,4,4048.01,584009,144045.0,144705.0,4100.0,4110.0,4016.1,4092.6,23558500,4501.8,3683.4,4440.0,3288.1,4032.7,1,1,4032.4,2,1,4032.1,19,1,4032.0,77,4,4031.9,6,1,4033.0,783,11,4033.2,1,1,4033.3,3,1,4033.4,21,2,4033.8,248,3
11483,2026-07-02 10:34:56+05:30,4033.0,1,4048.01,584115,143805.0,144642.0,4100.0,4110.0,4016.1,4092.6,23558500,4501.8,3683.4,4440.0,3288.1,4032.0,16,2,4031.9,6,1,4031.8,19,2,4031.7,26,2,4031.6,55,5,4033.0,796,12,4033.2,1,1,4033.3,3,1,4033.4,23,3,4033.5,12,1
11483,2026-07-02 10:34:57+05:30,4033.0,1,4048.01,584115,143805.0,144642.0,4100.0,4110.0,4016.1,4092.6,23558500,4501.8,3683.4,4440.0,3288.1,4032.0,16,2,4031.9,6,1,4031.8,19,2,4031.7,26,2,4031.6,55,5,4033.0,796,12,4033.2,1,1,4033.3,3,1,4033.4,23,3,4033.5,12,1
11483,2026-07-02 10:34:57+05:30,4033.0,1,4048.01,584117,143805.0,144838.0,4100.0,4110.0,4016.1,4092.6,23558500,4501.8,3683.4,4440.0,3288.1,4032.7,1,1,4032.0,16,2,4031.9,6,1,4031.8,21,3,4031.7,26,2,4033.0,794,12,4033.2,1,1,4033.3,3,1,4033.4,21,2,4033.6,2,1
11483,2026-07-02 10:34:58+05:30,4033.0,2,4048.01,584117,143805.0,144838.0,4100.0,4110.0,4016.1,4092.6,23558500,4501.8,3683.4,4440.0,3288.1,4032.7,1,1,4032.0,16,2,4031.9,6,1,4031.8,21,3,4031.7,26,2,4033.0,794,12,4033.2,1,1,4033.3,3,1,4033.4,21,2,4033.6,2,1
11483,2026-07-02 10:34:58+05:30,4033.0,2,4048.01,584171,144265.0,144814.0,4100.0,4110.0,4016.1,4092.6,23558500,4501.8,3683.4,4440.0,3288.1,4032.7,1,1,4032.4,2,1,4032.1,32,2,4032.0,516,3,4031.9,6,1,4033.0,900,11,4033.2,1,1,4033.3,3,1,4033.4,21,2,4033.6,2,1
11483,2026-07-02 10:34:59+05:30,4033.0,1,4048.01,584171,144265.0,144814.0,4100.0,4110.0,4016.1,4092.6,23558500,4501.8,3683.4,4440.0,3288.1,4032.7,1,1,4032.4,2,1,4032.1,32,2,4032.0,516,3,4031.9,6,1,4033.0,900,11,4033.2,1,1,4033.3,3,1,4033.4,21,2,4033.6,2,1
11483,2026-07-02 10:34:59+05:30,4033.0,1,4048.01,584175,144256.0,144833.0,4100.0,4110.0,4016.1,4092.6,23558500,4501.8,3683.4,4440.0,3288.1,4032.4,2,1,4032.1,32,2,4032.0,516,3,4031.9,6,1,4031.8,8,2,4033.0,898,12,4033.2,1,1,4033.3,3,1,4033.4,21,2,4033.7,22,2
11483,2026-07-02 10:35:00+05:30,4033.0,1,4048.01,584175,144256.0,144833.0,4100.0,4110.0,4016.1,4092.6,23558500,4501.8,3683.4,4440.0,3288.1,4032.4,2,1,4032.1,32,2,4032.0,516,3,4031.9,6,1,4031.8,8,2,4033.0,898,12,4033.2,1,1,4033.3,3,1,4033.4,21,2,4033.7,22,2
11483,2026-07-02 10:35:00+05:30,4033.0,1,4048.01,584183,144260.0,144747.0,4100.0,4110.0,4016.1,4092.6,23558500,4501.8,3683.4,4440.0,3288.1,4032.5,1,1,4032.4,2,1,4032.1,41,2,4032.0,516,3,4031.9,6,1,4033.0,890,12,4033.2,1,1,4033.3,3,1,4033.4,21,2,4033.7,22,2
11483,2026-07-02 10:35:01+05:30,4033.0,1,4048.01,584183,144260.0,144747.0,4100.0,4110.0,4016.1,4092.6,23558500,4501.8,3683.4,4440.0,3288.1,4032.5,1,1,4032.4,2,1,4032.1,41,2,4032.0,516,3,4031.9,6,1,4033.0,890,12,4033.2,1,1,4033.3,3,1,4033.4,21,2,4033.7,22,2
11483,2026-07-02 10:35:01+05:30,4032.0,175,4048.0,584367,143029.0,145540.0,4100.0,4110.0,4016.1,4092.6,23558500,4501.8,3683.4,4440.0,3288.1,4032.0,325,1,4031.6,28,2,4031.1,68,2,4031.0,38,4,4030.8,8,1,4032.2,168,1,4032.8,38,3,4032.9,175,1,4033.0,925,15,4033.1,2,1
11483,2026-07-02 10:35:02+05:30,4032.0,40,4048.0,584367,143029.0,145540.0,4100.0,4110.0,4016.1,4092.6,23558500,4501.8,3683.4,4440.0,3288.1,4032.0,325,1,4031.6,28,2,4031.1,68,2,4031.0,38,4,4030.8,8,1,4032.2,168,1,4032.8,38,3,4032.9,175,1,4033.0,925,15,4033.1,2,1
11483,2026-07-02 10:35:02+05:30,4032.0,40,4047.99,584708,142879.0,145368.0,4100.0,4110.0,4016.1,4092.6,23558500,4501.8,3683.4,4440.0,3288.1,4032.0,110,1,4031.6,28,2,4031.1,68,2,4031.0,38,4,4030.8,43,3,4032.2,46,2,4032.8,31,2,4032.9,185,3,4033.0,899,12,4033.1,20,1
11483,2026-07-02 10:35:03+05:30,4032.2,1,4047.99,584708,142879.0,145368.0,4100.0,4110.0,4016.1,4092.6,23558500,4501.8,3683.4,4440.0,3288.1,4032.0,110,1,4031.6,28,2,4031.1,68,2,4031.0,38,4,4030.8,43,3,4032.2,46,2,4032.8,31,2,4032.9,185,3,4033.0,899,12,4033.1,20,1
11483,2026-07-02 10:35:03+05:30,4032.2,40,4047.99,584749,142979.0,144690.0,4100.0,4110.0,4016.1,4092.6,23558500,4501.8,3683.4,4440.0,3288.1,4032.0,110,1,4031.6,28,2,4031.1,68,2,4031.0,38,4,4030.8,63,4,4032.2,5,2,4032.8,19,1,4032.9,10,2,4033.0,900,13,4033.2,20,3
11483,2026-07-02 10:35:04+05:30,4032.2,1,4047.99,584749,142979.0,144690.0,4100.0,4110.0,4016.1,4092.6,23558500,4501.8,3683.4,4440.0,3288.1,4032.0,110,1,4031.6,28,2,4031.1,68,2,4031.0,38,4,4030.8,63,4,4032.2,5,2,4032.8,19,1,4032.9,10,2,4033.0,900,13,4033.2,20,3
11483,2026-07-02 10:35:04+05:30,4033.0,35,4047.99,584807,143138.0,144786.0,4100.0,4110.0,4016.1,4092.6,23558500,4501.8,3683.4,4440.0,3288.1,4032.0,110,1,4031.6,28,2,4031.2,8,1,4031.1,18,1,4031.0,38,4,4032.9,38,4,4033.0,850,12,4033.1,6,1,4033.2,8,2,4033.3,37,3
11483,2026-07-02 10:35:05+05:30,4032.0,25,4047.99,584807,143138.0,144786.0,4100.0,4110.0,4016.1,4092.6,23558500,4501.8,3683.4,4440.0,3288.1,4032.0,110,1,4031.6,28,2,4031.2,8,1,4031.1,18,1,4031.0,38,4,4032.9,38,4,4033.0,850,12,4033.1,6,1,4033.2,8,2,4033.3,37,3
11483,2026-07-02 10:35:06+05:30,4032.9,1,4047.99,584883,143321.0,145117.0,4100.0,4110.0,4016.1,4092.6,23558500,4501.8,3683.4,4440.0,3288.1,4032.1,150,1,4032.0,100,2,4031.6,28,2,4031.2,28,2,4031.1,36,3,4032.9,23,2,4033.0,839,10,4033.1,6,1,4033.2,8,2,4033.3,37,3
11483,2026-07-02 10:35:06+05:30,4032.9,7,4047.99,584883,143321.0,145117.0,4100.0,4110.0,4016.1,4092.6,23558500,4501.8,3683.4,4440.0,3288.1,4032.1,150,1,4032.0,100,2,4031.6,28,2,4031.2,28,2,4031.1,36,3,4032.9,23,2,4033.0,839,10,4033.1,6,1,4033.2,8,2,4033.3,37,3
11483,2026-07-02 10:35:07+05:30,4032.9,1,4047.98,584991,143345.0,145082.0,4100.0,4110.0,4016.1,4092.6,23558500,4501.8,3683.4,4440.0,3288.1,4032.1,153,2,4032.0,100,2,4031.6,25,1,4031.2,28,2,4031.1,36,3,4032.9,15,2,4033.0,781,11,4033.2,11,3,4033.3,37,3,4033.4,24,3
11483,2026-07-02 10:35:07+05:30,4031.0,1,4047.98,584991,143345.0,145082.0,4100.0,4110.0,4016.1,4092.6,23558500,4501.8,3683.4,4440.0,3288.1,4032.1,153,2,4032.0,100,2,4031.6,25,1,4031.2,28,2,4031.1,36,3,4032.9,15,2,4033.0,781,11,4033.2,11,3,4033.3,37,3,4033.4,24,3
11483,2026-07-02 10:35:08+05:30,4031.9,4,4047.97,585342,142297.0,145812.0,4100.0,4110.0,4016.1,4092.6,23558500,4501.8,3683.4,4440.0,3288.1,4031.0,29,1,4030.7,12,1,4030.6,2001,2,4030.5,2,1,4030.0,440,21,4031.9,4,1,4032.0,190,6,4032.1,199,3,4032.2,4,1,4032.3,25,4
11483,2026-07-02 10:35:08+05:30,4031.9,4,4047.97,585342,142297.0,145812.0,4100.0,4110.0,4016.1,4092.6,23558500,4501.8,3683.4,4440.0,3288.1,4031.0,29,1,4030.7,12,1,4030.6,2001,2,4030.5,2,1,4030.0,440,21,4031.9,4,1,4032.0,190,6,4032.1,199,3,4032.2,4,1,4032.3,25,4
11483,2026-07-02 10:35:09+05:30,4030.0,63,4047.92,587518,140512.0,145180.0,4100.0,4110.0,4016.1,4092.6,23558500,4501.8,3683.4,4440.0,3288.1,4030.4,99,5,4030.3,55,4,4030.2,21,5,4030.1,42,3,4030.0,287,15,4031.9,9,1,4032.0,31,3,4032.1,9,1,4032.2,33,3,4032.3,23,3
11483,2026-07-02 10:35:09+05:30,4030.4,2,4047.92,587518,140512.0,145180.0,4100.0,4110.0,4016.1,4092.6,23558500,4501.8,3683.4,4440.0,3288.1,4030.4,99,5,4030.3,55,4,4030.2,21,5,4030.1,42,3,4030.0,287,15,4031.9,9,1,4032.0,31,3,4032.1,9,1,4032.2,33,3,4032.3,23,3
11483,2026-07-02 10:35:10+05:30,4031.9,1,4047.92,587534,140440.0,145734.0,4100.0,4110.0,4016.1,4092.6,23558500,4501.8,3683.4,4440.0,3288.1,4030.4,33,2,4030.3,3,1,4030.2,19,3,4030.1,52,3,4030.0,289,16,4031.8,12,1,4031.9,19,2,4032.0,81,4,4032.1,47,2,4032.2,50,5
11483,2026-07-02 10:35:10+05:30,4031.9,1,4047.92,587534,140440.0,145734.0,4100.0,4110.0,4016.1,4092.6,23558500,4501.8,3683.4,4440.0,3288.1,4030.4,33,2,4030.3,3,1,4030.2,19,3,4030.1,52,3,4030.0,289,16,4031.8,12,1,4031.9,19,2,4032.0,81,4,4032.1,47,2,4032.2,50,5
11483,2026-07-02 10:35:11+05:30,4032.0,8,4047.92,587534,140440.0,145734.0,4100.0,4110.0,4016.1,4092.6,23558500,4501.8,3683.4,4440.0,3288.1,4030.4,33,2,4030.3,3,1,4030.2,19,3,4030.1,52,3,4030.0,289,16,4031.8,12,1,4031.9,19,2,4032.0,81,4,4032.1,47,2,4032.2,50,5
11483,2026-07-02 10:35:11+05:30,4032.0,8,4047.92,587551,140336.0,145576.0,4100.0,4110.0,4016.1,4092.6,23558500,4501.8,3683.4,4440.0,3288.1,4031.2,16,1,4030.5,8,1,4030.4,33,2,4030.3,48,1,4030.2,20,3,4031.8,1,1,4032.0,58,3,4032.2,33,3,4032.3,39,5,4032.4,5,1
11483,2026-07-02 10:35:12+05:30,4031.9,1,4047.92,587551,140336.0,145576.0,4100.0,4110.0,4016.1,4092.6,23558500,4501.8,3683.4,4440.0,3288.1,4031.2,16,1,4030.5,8,1,4030.4,33,2,4030.3,48,1,4030.2,20,3,4031.8,1,1,4032.0,58,3,4032.2,33,3,4032.3,39,5,4032.4,5,1
11483,2026-07-02 10:35:12+05:30,4031.9,1,4047.91,587570,140355.0,145915.0,4100.0,4110.0,4016.1,4092.6,23558500,4501.8,3683.4,4440.0,3288.1,4031.2,16,1,4030.4,33,2,4030.3,48,1,4030.2,40,4,4030.1,39,2,4031.8,1,1,4031.9,23,2,4032.0,59,3,4032.2,33,3,4032.3,39,5
11483,2026-07-02 10:35:13+05:30,4031.9,1,4047.91,587570,140355.0,145915.0,4100.0,4110.0,4016.1,4092.6,23558500,4501.8,3683.4,4440.0,3288.1,4031.2,16,1,4030.4,33,2,4030.3,48,1,4030.2,40,4,4030.1,39,2,4031.8,1,1,4031.9,23,2,4032.0,59,3,4032.2,33,3,4032.3,39,5
11483,2026-07-02 10:35:13+05:30,4031.9,1,4047.91,587582,140165.0,146275.0,4100.0,4110.0,4016.1,4092.6,23558500,4501.8,3683.4,4440.0,3288.1,4031.2,16,1,4030.4,12,1,4030.2,5,2,4030.1,19,1,4030.0,300,18,4031.8,22,1,4031.9,12,1,4032.0,84,4,4032.1,2,1,4032.2,33,3
11483,2026-07-02 10:35:14+05:30,4031.8,10,4047.91,587582,140165.0,146275.0,4100.0,4110.0,4016.1,4092.6,23558500,4501.8,3683.4,4440.0,3288.1,4031.2,16,1,4030.4,12,1,4030.2,5,2,4030.1,19,1,4030.0,300,18,4031.8,22,1,4031.9,12,1,4032.0,84,4,4032.1,2,1,4032.2,33,3
11483,2026-07-02 10:35:14+05:30,4031.8,1,4047.91,587595,140169.0,146227.0,4100.0,4110.0,4016.1,4092.6,23558500,4501.8,3683.4,4440.0,3288.1,4031.2,15,1,4030.4,12,1,4030.2,5,2,4030.1,20,2,4030.0,335,19,4031.8,23,3,4032.0,84,4,4032.2,35,4,4032.3,55,6,4032.4,5,1
11483,2026-07-02 10:35:15+05:30,4031.8,1,4047.91,587595,140169.0,146227.0,4100.0,4110.0,4016.1,4092.6,23558500,4501.8,3683.4,4440.0,3288.1,4031.2,15,1,4030.4,12,1,4030.2,5,2,4030.1,20,2,4030.0,335,19,4031.8,23,3,4032.0,84,4,4032.2,35,4,4032.3,55,6,4032.4,5,1
11483,2026-07-02 10:35:15+05:30,4031.8,1,4047.91,587597,140238.0,146259.0,4100.0,4110.0,4016.1,4092.6,23558500,4501.8,3683.4,4440.0,3288.1,4031.2,15,1,4030.4,12,1,4030.2,5,2,4030.1,33,3,4030.0,345,20,4031.8,21,3,4032.0,72,3,4032.2,50,5,4032.3,55,6,4032.4,5,1
11483,2026-07-02 10:35:16+05:30,4032.0,8,4047.91,587597,140238.0,146259.0,4100.0,4110.0,4016.1,4092.6,23558500,4501.8,3683.4,4440.0,3288.1,4031.2,15,1,4030.4,12,1,4030.2,5,2,4030.1,33,3,4030.0,345,20,4031.8,21,3,4032.0,72,3,4032.2,50,5,4032.3,55,6,4032.4,5,1
11483,2026-07-02 10:35:16+05:30,4032.0,8,4047.91,587614,140243.0,145882.0,4100.0,4110.0,4016.1,4092.6,23558500,4501.8,3683.4,4440.0,3288.1,4031.2,15,1,4030.4,12,1,4030.2,5,2,4030.1,33,3,4030.0,345,20,4031.7,19,1,4031.8,12,2,4031.9,8,1,4032.0,64,3,4032.2,50,5
11483,2026-07-02 10:35:17+05:30,4031.2,5,4047.91,587614,140243.0,145882.0,4100.0,4110.0,4016.1,4092.6,23558500,4501.8,3683.4,4440.0,3288.1,4031.2,15,1,4030.4,12,1,4030.2,5,2,4030.1,33,3,4030.0,345,20,4031.7,19,1,4031.8,12,2,4031.9,8,1,4032.0,64,3,4032.2,50,5
11483,2026-07-02 10:35:17+05:30,4032.0,8,4047.91,587724,140178.0,144553.0,4100.0,4110.0,4016.1,4092.6,23558500,4501.8,3683.4,4440.0,3288.1,4031.2,10,1,4030.5,49,2,4030.4,37,2,4030.2,53,3,4030.1,68,3,4032.0,35,3,4032.1,5,1,4032.2,35,3,4032.3,12,1,4032.5,19,1
11483,2026-07-02 10:35:18+05:30,4031.8,1,4047.91,587724,140178.0,144553.0,4100.0,4110.0,4016.1,4092.6,23558500,4501.8,3683.4,4440.0,3288.1,4031.2,10,1,4030.5,49,2,4030.4,37,2,4030.2,53,3,4030.1,68,3,4032.0,35,3,4032.1,5,1,4032.2,35,3,4032.3,12,1,4032.5,19,1
11483,2026-07-02 10:35:18+05:30,4032.0,5,4047.91,587781,140245.0,144731.0,4100.0,4110.0,4016.1,4092.6,23558500,4501.8,3683.4,4440.0,3288.1,4031.2,10,1,4030.4,51,2,4030.3,5,1,4030.2,31,2,4030.1,100,5,4032.0,11,2,4032.1,5,1,4032.2,20,2,4032.3,12,1,4032.5,19,1
11483,2026-07-02 10:35:19+05:30,4031.8,4,4047.91,587781,140245.0,144731.0,4100.0,4110.0,4016.1,4092.6,23558500,4501.8,3683.4,4440.0,3288.1,4031.2,10,1,4030.4,51,2,4030.3,5,1,4030.2,31,2,4030.1,100,5,4032.0,11,2,4032.1,5,1,4032.2,20,2,4032.3,12,1,4032.5,19,1
11483,2026-07-02 10:35:19+05:30,4031.2,10,4047.91,587801,140255.0,145769.0,4100.0,4110.0,4016.1,4092.6,23558500,4501.8,3683.4,4440.0,3288.1,4030.4,15,2,4030.2,59,4,4030.1,40,3,4030.0,349,22,4029.9,71,2,4031.8,5,1,4031.9,3,1,4032.0,36,5,4032.1,43,2,4032.2,20,2
11483,2026-07-02 10:35:20+05:30,4031.8,1,4047.91,587801,140255.0,145769.0,4100.0,4110.0,4016.1,4092.6,23558500,4501.8,3683.4,4440.0,3288.1,4030.4,15,2,4030.2,59,4,4030.1,40,3,4030.0,349,22,4029.9,71,2,4031.8,5,1,4031.9,3,1,4032.0,36,5,4032.1,43,2,4032.2,20,2
11483,2026-07-02 10:35:20+05:30,4031.8,1,4047.91,587802,140555.0,145267.0,4100.0,4110.0,4016.1,4092.6,23558500,4501.8,3683.4,4440.0,3288.1,4031.0,10,1,4030.9,39,5,4030.8,5,2,4030.7,4,2,4030.6,33,4,4031.9,3,1,4032.0,16,2,4032.1,5,1,4032.2,20,2,4032.6,31,2
11483,2026-07-02 10:35:21+05:30,4031.9,1,4047.91,587802,140555.0,145267.0,4100.0,4110.0,4016.1,4092.6,23558500,4501.8,3683.4,4440.0,3288.1,4031.0,10,1,4030.9,39,5,4030.8,5,2,4030.7,4,2,4030.6,33,4,4031.9,3,1,4032.0,16,2,4032.1,5,1,4032.2,20,2,4032.6,31,2
11483,2026-07-02 10:35:21+05:30,4031.9,1,4047.91,587803,140595.0,145460.0,4100.0,4110.0,4016.1,4092.6,23558500,4501.8,3683.4,4440.0,3288.1,4031.0,10,1,4030.9,24,2,4030.8,3,1,4030.7,4,2,4030.6,5,2,4031.9,3,2,4032.0,16,2,4032.1,5,1,4032.2,20,2,4032.5,39,2
11483,2026-07-02 10:35:21+05:30,4031.9,1,4047.91,587803,140595.0,145460.0,4100.0,4110.0,4016.1,4092.6,23558500,4501.8,3683.4,4440.0,3288.1,4031.0,10,1,4030.9,24,2,4030.8,3,1,4030.7,4,2,4030.6,5,2,4031.9,3,2,4032.0,16,2,4032.1,5,1,4032.2,20,2,4032.5,39,2
11483,2026-07-02 10:35:22+05:30,4031.9,1,4047.91,587803,140595.0,145460.0,4100.0,4110.0,4016.1,4092.6,23558500,4501.8,3683.4,4440.0,3288.1,4031.0,10,1,4030.9,24,2,4030.8,3,1,4030.7,4,2,4030.6,5,2,4031.9,3,2,4032.0,16,2,4032.1,5,1,4032.2,20,2,4032.5,39,2
11483,2026-07-02 10:35:22+05:30,4031.9,1,4047.91,587803,140595.0,145460.0,4100.0,4110.0,4016.1,4092.6,23558500,4501.8,3683.4,4440.0,3288.1,4031.0,10,1,4030.9,24,2,4030.8,3,1,4030.7,4,2,4030.6,5,2,4031.9,3,2,4032.0,16,2,4032.1,5,1,4032.2,20,2,4032.5,39,2
11483,2026-07-02 10:35:22+05:30,4031.9,1,4047.91,587806,141108.0,145624.0,4100.0,4110.0,4016.1,4092.6,23558500,4501.8,3683.4,4440.0,3288.1,4031.0,10,1,4030.9,24,2,4030.8,3,1,4030.7,4,2,4030.6,14,3,4032.0,16,2,4032.1,5,1,4032.2,20,2,4032.5,39,2,4032.6,31,2
11483,2026-07-02 10:35:22+05:30,4031.9,1,4047.91,587806,141108.0,145624.0,4100.0,4110.0,4016.1,4092.6,23558500,4501.8,3683.4,4440.0,3288.1,4031.0,10,1,4030.9,24,2,4030.8,3,1,4030.7,4,2,4030.6,14,3,4032.0,16,2,4032.1,5,1,4032.2,20,2,4032.5,39,2,4032.6,31,2
11483,2026-07-02 10:35:23+05:30,4031.9,1,4047.91,587806,141108.0,145624.0,4100.0,4110.0,4016.1,4092.6,23558500,4501.8,3683.4,4440.0,3288.1,4031.0,10,1,4030.9,24,2,4030.8,3,1,4030.7,4,2,4030.6,14,3,4032.0,16,2,4032.1,5,1,4032.2,20,2,4032.5,39,2,4032.6,31,2
11483,2026-07-02 10:35:23+05:30,4032.0,1,4047.91,587806,141108.0,145624.0,4100.0,4110.0,4016.1,4092.6,23558500,4501.8,3683.4,4440.0,3288.1,4031.0,10,1,4030.9,24,2,4030.8,3,1,4030.7,4,2,4030.6,14,3,4032.0,16,2,4032.1,5,1,4032.2,20,2,4032.5,39,2,4032.6,31,2
11483,2026-07-02 10:35:23+05:30,4032.0,1,4047.91,587806,141108.0,145624.0,4100.0,4110.0,4016.1,4092.6,23558500,4501.8,3683.4,4440.0,3288.1,4031.0,10,1,4030.9,24,2,4030.8,3,1,4030.7,4,2,4030.6,14,3,4032.0,16,2,4032.1,5,1,4032.2,20,2,4032.5,39,2,4032.6,31,2
11483,2026-07-02 10:35:23+05:30,4032.0,1,4047.91,587807,141758.0,145281.0,4100.0,4110.0,4016.1,4092.6,23558500,4501.8,3683.4,4440.0,3288.1,4031.2,35,3,4031.1,3,1,4031.0,13,2,4030.9,11,1,4030.8,3,1,4032.0,11,2,4032.2,7,1,4032.6,18,1,4032.7,47,3,4032.8,14,3
11483,2026-07-02 10:35:24+05:30,4032.0,1,4047.91,587807,141758.0,145281.0,4100.0,4110.0,4016.1,4092.6,23558500,4501.8,3683.4,4440.0,3288.1,4031.2,35,3,4031.1,3,1,4031.0,13,2,4030.9,11,1,4030.8,3,1,4032.0,11,2,4032.2,7,1,4032.6,18,1,4032.7,47,3,4032.8,14,3
11483,2026-07-02 10:35:24+05:30,4031.3,13,4047.91,587807,141758.0,145281.0,4100.0,4110.0,4016.1,4092.6,23558500,4501.8,3683.4,4440.0,3288.1,4031.2,35,3,4031.1,3,1,4031.0,13,2,4030.9,11,1,4030.8,3,1,4032.0,11,2,4032.2,7,1,4032.6,18,1,4032.7,47,3,4032.8,14,3
11483,2026-07-02 10:35:24+05:30,4031.3,13,4047.91,587807,141758.0,145281.0,4100.0,4110.0,4016.1,4092.6,23558500,4501.8,3683.4,4440.0,3288.1,4031.2,35,3,4031.1,3,1,4031.0,13,2,4030.9,11,1,4030.8,3,1,4032.0,11,2,4032.2,7,1,4032.6,18,1,4032.7,47,3,4032.8,14,3
11483,2026-07-02 10:35:24+05:30,4031.8,10,4047.91,587854,141819.0,145375.0,4100.0,4110.0,4016.1,4092.6,23558500,4501.8,3683.4,4440.0,3288.1,4031.3,13,3,4031.2,26,4,4031.1,3,1,4031.0,82,4,4030.9,20,1,4031.8,52,1,4032.0,10,2,4032.7,25,2,4032.8,14,3,4032.9,68,5
11483,2026-07-02 10:35:24+05:30,4031.8,10,4047.91,587854,141819.0,145375.0,4100.0,4110.0,4016.1,4092.6,23558500,4501.8,3683.4,4440.0,3288.1,4031.3,13,3,4031.2,26,4,4031.1,3,1,4031.0,82,4,4030.9,20,1,4031.8,52,1,4032.0,10,2,4032.7,25,2,4032.8,14,3,4032.9,68,5
11483,2026-07-02 10:35:25+05:30,4031.8,10,4047.91,587854,141819.0,145375.0,4100.0,4110.0,4016.1,4092.6,23558500,4501.8,3683.4,4440.0,3288.1,4031.3,13,3,4031.2,26,4,4031.1,3,1,4031.0,82,4,4030.9,20,1,4031.8,52,1,4032.0,10,2,4032.7,25,2,4032.8,14,3,4032.9,68,5
11483,2026-07-02 10:35:25+05:30,4031.8,10,4047.91,587854,141819.0,145375.0,4100.0,4110.0,4016.1,4092.6,23558500,4501.8,3683.4,4440.0,3288.1,4031.3,13,3,4031.2,26,4,4031.1,3,1,4031.0,82,4,4030.9,20,1,4031.8,52,1,4032.0,10,2,4032.7,25,2,4032.8,14,3,4032.9,68,5
11483,2026-07-02 10:35:25+05:30,4031.8,10,4047.91,587854,141819.0,145375.0,4100.0,4110.0,4016.1,4092.6,23565675,4501.8,3683.4,4440.0,3288.1,4031.3,13,3,4031.2,26,4,4031.1,3,1,4031.0,82,4,4030.9,20,1,4031.8,52,1,4032.0,10,2,4032.7,25,2,4032.8,14,3,4032.9,68,5
11483,2026-07-02 10:35:25+05:30,4031.8,1,4047.91,587866,141856.0,145368.0,4100.0,4110.0,4016.1,4092.6,23565675,4501.8,3683.4,4440.0,3288.1,4031.3,13,3,4031.2,1,1,4031.1,3,1,4031.0,82,4,4030.8,27,3,4031.8,41,2,4032.0,9,1,4032.2,20,1,4032.7,25,2,4032.8,14,3
11483,2026-07-02 10:35:25+05:30,4031.8,1,4047.91,587866,141856.0,145368.0,4100.0,4110.0,4016.1,4092.6,23565675,4501.8,3683.4,4440.0,3288.1,4031.3,13,3,4031.2,1,1,4031.1,3,1,4031.0,82,4,4030.8,27,3,4031.8,41,2,4032.0,9,1,4032.2,20,1,4032.7,25,2,4032.8,14,3
11483,2026-07-02 10:35:26+05:30,4031.8,1,4047.91,587866,141856.0,145368.0,4100.0,4110.0,4016.1,4092.6,23565675,4501.8,3683.4,4440.0,3288.1,4031.3,13,3,4031.2,1,1,4031.1,3,1,4031.0,82,4,4030.8,27,3,4031.8,41,2,4032.0,9,1,4032.2,20,1,4032.7,25,2,4032.8,14,3
11483,2026-07-02 10:35:26+05:30,4031.8,8,4047.91,587866,141856.0,145368.0,4100.0,4110.0,4016.1,4092.6,23565675,4501.8,3683.4,4440.0,3288.1,4031.3,13,3,4031.2,1,1,4031.1,3,1,4031.0,82,4,4030.8,27,3,4031.8,41,2,4032.0,9,1,4032.2,20,1,4032.7,25,2,4032.8,14,3
11483,2026-07-02 10:35:26+05:30,4031.8,8,4047.91,587866,141856.0,145368.0,4100.0,4110.0,4016.1,4092.6,23565675,4501.8,3683.4,4440.0,3288.1,4031.3,13,3,4031.2,1,1,4031.1,3,1,4031.0,82,4,4030.8,27,3,4031.8,41,2,4032.0,9,1,4032.2,20,1,4032.7,25,2,4032.8,14,3
11483,2026-07-02 10:35:26+05:30,4031.8,8,4047.91,587882,142135.0,145324.0,4100.0,4110.0,4016.1,4092.6,23565675,4501.8,3683.4,4440.0,3288.1,4031.4,23,4,4031.3,34,4,4031.2,187,3,4031.1,23,3,4031.0,90,5,4031.8,37,3,4032.0,9,1,4032.2,20,1,4032.7,25,2,4032.8,14,3
11483,2026-07-02 10:35:26+05:30,4031.8,8,4047.91,587882,142135.0,145324.0,4100.0,4110.0,4016.1,4092.6,23565675,4501.8,3683.4,4440.0,3288.1,4031.4,23,4,4031.3,34,4,4031.2,187,3,4031.1,23,3,4031.0,90,5,4031.8,37,3,4032.0,9,1,4032.2,20,1,4032.7,25,2,4032.8,14,3
11483,2026-07-02 10:35:27+05:30,4031.8,8,4047.91,587882,142135.0,145324.0,4100.0,4110.0,4016.1,4092.6,23565675,4501.8,3683.4,4440.0,3288.1,4031.4,23,4,4031.3,34,4,4031.2,187,3,4031.1,23,3,4031.0,90,5,4031.8,37,3,4032.0,9,1,4032.2,20,1,4032.7,25,2,4032.8,14,3
11483,2026-07-02 10:35:27+05:30,4031.8,10,4047.91,587882,142135.0,145324.0,4100.0,4110.0,4016.1,4092.6,23565675,4501.8,3683.4,4440.0,3288.1,4031.4,23,4,4031.3,34,4,4031.2,187,3,4031.1,23,3,4031.0,90,5,4031.8,37,3,4032.0,9,1,4032.2,20,1,4032.7,25,2,4032.8,14,3
11483,2026-07-02 10:35:27+05:30,4032.8,3,4047.9,588074,142600.0,145024.0,4100.0,4110.0,4016.1,4092.6,23565675,4501.8,3683.4,4440.0,3288.1,4031.5,9,1,4031.4,55,2,4031.3,56,3,4031.2,191,3,4031.1,3,1,4032.9,5,1,4033.0,89,11,4033.2,14,2,4033.3,8,2,4033.4,37,3
11483,2026-07-02 10:35:28+05:30,4032.9,1,4047.9,588074,142600.0,145024.0,4100.0,4110.0,4016.1,4092.6,23565675,4501.8,3683.4,4440.0,3288.1,4031.5,9,1,4031.4,55,2,4031.3,56,3,4031.2,191,3,4031.1,3,1,4032.9,5,1,4033.0,89,11,4033.2,14,2,4033.3,8,2,4033.4,37,3
11483,2026-07-02 10:35:28+05:30,4032.9,1,4047.9,588081,142394.0,145281.0,4100.0,4110.0,4016.1,4092.6,23565675,4501.8,3683.4,4440.0,3288.1,4031.4,12,1,4031.3,1,1,4031.2,211,4,4031.1,3,1,4031.0,62,3,4032.9,52,2,4033.0,89,11,4033.1,2,1,4033.2,77,6,4033.3,16,4
11483,2026-07-02 10:35:29+05:30,4031.4,1,4047.9,588081,142394.0,145281.0,4100.0,4110.0,4016.1,4092.6,23565675,4501.8,3683.4,4440.0,3288.1,4031.4,12,1,4031.3,1,1,4031.2,211,4,4031.1,3,1,4031.0,62,3,4032.9,52,2,4033.0,89,11,4033.1,2,1,4033.2,77,6,4033.3,16,4
11483,2026-07-02 10:35:30+05:30,4032.8,1,4047.9,588135,142326.0,145325.0,4100.0,4110.0,4016.1,4092.6,23565675,4501.8,3683.4,4440.0,3288.1,4031.4,11,1,4031.3,25,2,4031.2,211,4,4031.1,3,1,4031.0,62,3,4032.8,25,1,4032.9,25,3,4033.0,89,11,4033.1,36,2,4033.2,69,6
11483,2026-07-02 10:35:30+05:30,4031.5,1,4047.9,588135,142326.0,145325.0,4100.0,4110.0,4016.1,4092.6,23565675,4501.8,3683.4,4440.0,3288.1,4031.4,11,1,4031.3,25,2,4031.2,211,4,4031.1,3,1,4031.0,62,3,4032.8,25,1,4032.9,25,3,4033.0,89,11,4033.1,36,2,4033.2,69,6
11483,2026-07-02 10:35:31+05:30,4031.5,1,4047.9,588136,142613.0,144660.0,4100.0,4110.0,4016.1,4092.6,23565675,4501.8,3683.4,4440.0,3288.1,4032.0,4,3,4031.4,13,2,4031.3,25,1,4031.2,180,1,4031.1,4,1,4032.9,25,2,4033.0,111,12,4033.2,23,4,4033.3,30,2,4033.4,64,4
11483,2026-07-02 10:35:31+05:30,4032.0,1,4047.9,588136,142613.0,144660.0,4100.0,4110.0,4016.1,4092.6,23565675,4501.8,3683.4,4440.0,3288.1,4032.0,4,3,4031.4,13,2,4031.3,25,1,4031.2,180,1,4031.1,4,1,4032.9,25,2,4033.0,111,12,4033.2,23,4,4033.3,30,2,4033.4,64,4
11483,2026-07-02 10:35:32+05:30,4032.0,1,4047.9,588137,143217.0,144985.0,4100.0,4110.0,4016.1,4092.6,23565675,4501.8,3683.4,4440.0,3288.1,4032.0,4,3,4031.8,22,2,4031.7,13,1,4031.5,4,1,4031.4,62,4,4032.9,16,2,4033.0,84,10,4033.2,11,2,4033.3,3,1,4033.4,1,1
11483,2026-07-02 10:35:32+05:30,4031.5,1,4047.9,588137,143217.0,144985.0,4100.0,4110.0,4016.1,4092.6,23565675,4501.8,3683.4,4440.0,3288.1,4032.0,4,3,4031.8,22,2,4031.7,13,1,4031.5,4,1,4031.4,62,4,4032.9,16,2,4033.0,84,10,4033.2,11,2,4033.3,3,1,4033.4,1,1
11483,2026-07-02 10:35:33+05:30,4033.0,6,4047.89,588373,143006.0,144962.0,4100.0,4110.0,4016.1,4092.6,23565675,4501.8,3683.4,4440.0,3288.1,4032.0,20,1,4031.7,33,3,4031.6,37,4,4031.5,74,4,4031.4,21,2,4033.0,12,2,4033.2,11,2,4033.3,3,1,4033.4,1,1,4033.5,12,1
11483,2026-07-02 10:35:33+05:30,4032.0,1,4047.89,588373,143006.0,144962.0,4100.0,4110.0,4016.1,4092.6,23565675,4501.8,3683.4,4440.0,3288.1,4032.0,20,1,4031.7,33,3,4031.6,37,4,4031.5,74,4,4031.4,21,2,4033.0,12,2,4033.2,11,2,4033.3,3,1,4033.4,1,1,4033.5,12,1
11483,2026-07-02 10:35:34+05:30,4031.2,1,4047.89,588494,142288.0,144958.0,4100.0,4110.0,4016.1,4092.6,23565675,4501.8,3683.4,4440.0,3288.1,4031.2,179,1,4031.0,59,2,4030.8,24,2,4030.7,3,1,4030.6,5,2,4032.0,163,2,4032.8,10,1,4032.9,14,2,4033.0,19,2,4033.2,28,4
11483,2026-07-02 10:35:34+05:30,4031.2,1,4047.89,588494,142288.0,144958.0,4100.0,4110.0,4016.1,4092.6,23565675,4501.8,3683.4,4440.0,3288.1,4031.2,179,1,4031.0,59,2,4030.8,24,2,4030.7,3,1,4030.6,5,2,4032.0,163,2,4032.8,10,1,4032.9,14,2,4033.0,19,2,4033.2,28,4
11483,2026-07-02 10:35:35+05:30,4031.2,1,4047.89,588496,142240.0,145007.0,4100.0,4110.0,4016.1,4092.6,23565675,4501.8,3683.4,4440.0,3288.1,4031.2,178,1,4031.0,59,2,4030.8,63,2,4030.7,3,1,4030.6,5,2,4032.0,166,3,4032.6,10,1,4032.7,36,3,4032.8,13,2,4032.9,22,2
11483,2026-07-02 10:35:35+05:30,4031.2,1,4047.89,588496,142240.0,145007.0,4100.0,4110.0,4016.1,4092.6,23565675,4501.8,3683.4,4440.0,3288.1,4031.2,178,1,4031.0,59,2,4030.8,63,2,4030.7,3,1,4030.6,5,2,4032.0,166,3,4032.6,10,1,4032.7,36,3,4032.8,13,2,4032.9,22,2
11483,2026-07-02 10:35:36+05:30,4031.2,1,4047.89,588497,142246.0,145114.0,4100.0,4110.0,4016.1,4092.6,23565675,4501.8,3683.4,4440.0,3288.1,4031.2,177,1,4031.0,59,2,4030.8,63,2,4030.7,3,1,4030.6,5,2,4032.0,166,3,4032.7,34,2,4032.8,15,3,4032.9,22,2,4033.0,11,2
11483,2026-07-02 10:35:36+05:30,4031.2,1,4047.89,588497,142246.0,145114.0,4100.0,4110.0,4016.1,4092.6,23565675,4501.8,3683.4,4440.0,3288.1,4031.2,177,1,4031.0,59,2,4030.8,63,2,4030.7,3,1,4030.6,5,2,4032.0,166,3,4032.7,34,2,4032.8,15,3,4032.9,22,2,4033.0,11,2
11483,2026-07-02 10:35:37+05:30,4031.2,1,4047.89,588497,142246.0,145114.0,4100.0,4110.0,4016.1,4092.6,23565675,4501.8,3683.4,4440.0,3288.1,4031.2,177,1,4031.0,59,2,4030.8,63,2,4030.7,3,1,4030.6,5,2,4032.0,166,3,4032.7,34,2,4032.8,15,3,4032.9,22,2,4033.0,11,2
11483,2026-07-02 10:35:37+05:30,4031.2,1,4047.89,588499,142324.0,145088.0,4100.0,4110.0,4016.1,4092.6,23565675,4501.8,3683.4,4440.0,3288.1,4031.2,176,1,4031.0,70,3,4030.9,12,1,4030.8,73,3,4030.7,23,2,4032.0,165,3,4032.7,34,2,4032.8,15,3,4032.9,22,2,4033.0,11,2
11483,2026-07-02 10:35:38+05:30,4032.0,2,4047.89,588499,142324.0,145088.0,4100.0,4110.0,4016.1,4092.6,23565675,4501.8,3683.4,4440.0,3288.1,4031.2,176,1,4031.0,70,3,4030.9,12,1,4030.8,73,3,4030.7,23,2,4032.0,165,3,4032.7,34,2,4032.8,15,3,4032.9,22,2,4033.0,11,2
11483,2026-07-02 10:35:38+05:30,4032.0,2,4047.89,588514,142453.0,144971.0,4100.0,4110.0,4016.1,4092.6,23565675,4501.8,3683.4,4440.0,3288.1,4031.5,33,5,4031.4,21,3,4031.3,63,6,4031.2,184,2,4031.1,14,2,4032.0,154,2,4032.8,3,1,4032.9,12,1,4033.0,11,2,4033.2,28,4
11483,2026-07-02 10:35:39+05:30,4032.0,2,4047.89,588517,142468.0,145017.0,4100.0,4110.0,4016.1,4092.6,23565675,4501.8,3683.4,4440.0,3288.1,4031.5,37,5,4031.4,21,3,4031.3,44,5,4031.2,184,2,4031.1,12,1,4032.0,151,2,4032.8,3,1,4032.9,12,1,4033.0,11,2,4033.2,28,4
11483,2026-07-02 10:35:39+05:30,4032.0,2,4047.89,588517,142468.0,145017.0,4100.0,4110.0,4016.1,4092.6,23565675,4501.8,3683.4,4440.0,3288.1,4031.5,37,5,4031.4,21,3,4031.3,44,5,4031.2,184,2,4031.1,12,1,4032.0,151,2,4032.8,3,1,4032.9,12,1,4033.0,11,2,4033.2,28,4
11483,2026-07-02 10:35:40+05:30,4032.0,1,4047.89,588518,142414.0,145023.0,4100.0,4110.0,4016.1,4092.6,23565675,4501.8,3683.4,4440.0,3288.1,4031.5,24,4,4031.4,21,3,4031.3,19,4,4031.2,184,2,4031.1,12,1,4032.0,150,2,4032.8,3,1,4032.9,12,1,4033.0,11,2,4033.2,42,5
11483,2026-07-02 10:35:40+05:30,4032.0,1,4047.89,588518,142414.0,145023.0,4100.0,4110.0,4016.1,4092.6,23565675,4501.8,3683.4,4440.0,3288.1,4031.5,24,4,4031.4,21,3,4031.3,19,4,4031.2,184,2,4031.1,12,1,4032.0,150,2,4032.8,3,1,4032.9,12,1,4033.0,11,2,4033.2,42,5
11483,2026-07-02 10:35:41+05:30,4032.0,42,4047.89,588561,142412.0,145046.0,4100.0,4110.0,4016.1,4092.6,23565675,4501.8,3683.4,4440.0,3288.1,4031.2,198,3,4031.1,23,3,4031.0,90,4,4030.9,43,3,4030.8,73,3,4032.0,107,2,4032.2,3,1,4032.8,3,1,4032.9,12,1,4033.0,11,2
11483,2026-07-02 10:35:41+05:30,4032.0,42,4047.89,588561,142412.0,145046.0,4100.0,4110.0,4016.1,4092.6,23565675,4501.8,3683.4,4440.0,3288.1,4031.2,198,3,4031.1,23,3,4031.0,90,4,4030.9,43,3,4030.8,73,3,4032.0,107,2,4032.2,3,1,4032.8,3,1,4032.9,12,1,4033.0,11,2
11483,2026-07-02 10:35:42+05:30,4032.0,1,4047.89,588561,142412.0,145046.0,4100.0,4110.0,4016.1,4092.6,23565675,4501.8,3683.4,4440.0,3288.1,4031.2,198,3,4031.1,23,3,4031.0,90,4,4030.9,43,3,4030.8,73,3,4032.0,107,2,4032.2,3,1,4032.8,3,1,4032.9,12,1,4033.0,11,2
11483,2026-07-02 10:35:42+05:30,4032.0,1,4047.89,588602,142432.0,145032.0,4100.0,4110.0,4016.1,4092.6,23565675,4501.8,3683.4,4440.0,3288.1,4031.4,28,4,4031.3,7,1,4031.2,184,2,4031.1,23,3,4031.0,108,5,4032.0,66,2,4032.2,3,1,4032.8,3,1,4033.0,11,2,4033.2,28,4
11483,2026-07-02 10:35:43+05:30,4032.0,2,4047.89,588602,142432.0,145032.0,4100.0,4110.0,4016.1,4092.6,23565675,4501.8,3683.4,4440.0,3288.1,4031.4,28,4,4031.3,7,1,4031.2,184,2,4031.1,23,3,4031.0,108,5,4032.0,66,2,4032.2,3,1,4032.8,3,1,4033.0,11,2,4033.2,28,4
11483,2026-07-02 10:35:43+05:30,4032.0,2,4047.89,588605,142442.0,145099.0,4100.0,4110.0,4016.1,4092.6,23565675,4501.8,3683.4,4440.0,3288.1,4031.4,34,5,4031.3,38,4,4031.2,184,2,4031.1,23,3,4031.0,108,5,4032.0,63,2,4032.2,3,1,4032.8,3,1,4033.0,16,3,4033.2,28,4
11483,2026-07-02 10:35:44+05:30,4032.0,6,4047.89,588605,142442.0,145099.0,4100.0,4110.0,4016.1,4092.6,23565675,4501.8,3683.4,4440.0,3288.1,4031.4,34,5,4031.3,38,4,4031.2,184,2,4031.1,23,3,4031.0,108,5,4032.0,63,2,4032.2,3,1,4032.8,3,1,4033.0,16,3,4033.2,28,4
11483,2026-07-02 10:35:44+05:30,4032.0,1,4047.89,588617,142561.0,145110.0,4100.0,4110.0,4016.1,4092.6,23565675,4501.8,3683.4,4440.0,3288.1,4031.4,34,5,4031.3,31,3,4031.2,186,3,4031.1,21,2,4031.0,108,5,4032.0,51,2,4032.2,3,1,4032.8,3,1,4033.0,18,4,4033.2,28,4
11483,2026-07-02 10:35:45+05:30,4032.8,1,4047.89,588617,142561.0,145110.0,4100.0,4110.0,4016.1,4092.6,23565675,4501.8,3683.4,4440.0,3288.1,4031.4,34,5,4031.3,31,3,4031.2,186,3,4031.1,21,2,4031.0,108,5,4032.0,51,2,4032.2,3,1,4032.8,3,1,4033.0,18,4,4033.2,28,4
11483,2026-07-02 10:35:45+05:30,4033.4,9,4047.88,588748,143584.0,142770.0,4100.0,4110.0,4016.1,4092.6,23565675,4501.8,3683.4,4440.0,3288.1,4032.8,52,6,4032.7,33,5,4032.6,30,4,4032.5,22,3,4032.4,43,4,4033.4,3,1,4033.6,20,1,4033.8,1,1,4033.9,42,4,4034.0,227,7
11483,2026-07-02 10:35:46+05:30,4033.6,2,4047.88,588748,143584.0,142770.0,4100.0,4110.0,4016.1,4092.6,23565675,4501.8,3683.4,4440.0,3288.1,4032.8,52,6,4032.7,33,5,4032.6,30,4,4032.5,22,3,4032.4,43,4,4033.4,3,1,4033.6,20,1,4033.8,1,1,4033.9,42,4,4034.0,227,7
11483,2026-07-02 10:35:46+05:30,4032.8,1,4047.88,588794,143366.0,143750.0,4100.0,4110.0,4016.1,4092.6,23565675,4501.8,3683.4,4440.0,3288.1,4032.5,30,4,4032.4,57,5,4032.3,25,4,4032.2,46,4,4032.1,19,5,4033.9,38,3,4034.0,245,9,4034.3,6,2,4034.4,14,2,4034.5,5,1
11483,2026-07-02 10:35:47+05:30,4032.2,3,4047.88,588794,143366.0,143750.0,4100.0,4110.0,4016.1,4092.6,23565675,4501.8,3683.4,4440.0,3288.1,4032.5,30,4,4032.4,57,5,4032.3,25,4,4032.2,46,4,4032.1,19,5,4033.9,38,3,4034.0,245,9,4034.3,6,2,4034.4,14,2,4034.5,5,1
11483,2026-07-02 10:35:47+05:30,4033.9,1,4047.88,588996,142833.0,144031.0,4100.0,4110.0,4016.1,4092.6,23565675,4501.8,3683.4,4440.0,3288.1,4033.4,4,1,4032.6,28,3,4032.5,31,3,4032.4,54,3,4032.3,43,3,4033.9,37,4,4034.0,227,7,4034.4,4,2,4034.5,5,1,4034.6,4,2
11483,2026-07-02 10:35:48+05:30,4033.9,4,4047.88,588996,142833.0,144031.0,4100.0,4110.0,4016.1,4092.6,23565675,4501.8,3683.4,4440.0,3288.1,4033.4,4,1,4032.6,28,3,4032.5,31,3,4032.4,54,3,4032.3,43,3,4033.9,37,4,4034.0,227,7,4034.4,4,2,4034.5,5,1,4034.6,4,2
11483,2026-07-02 10:35:48+05:30,4033.9,1,4047.88,589002,142830.0,144119.0,4100.0,4110.0,4016.1,4092.6,23565675,4501.8,3683.4,4440.0,3288.1,4032.6,45,5,4032.5,64,5,4032.4,54,3,4032.3,25,2,4032.2,36,3,4033.9,31,3,4034.0,232,8,4034.3,2,1,4034.4,15,2,4034.5,5,1
11483,2026-07-02 10:35:49+05:30,4033.9,1,4047.88,589002,142830.0,144119.0,4100.0,4110.0,4016.1,4092.6,23565675,4501.8,3683.4,4440.0,3288.1,4032.6,45,5,4032.5,64,5,4032.4,54,3,4032.3,25,2,4032.2,36,3,4033.9,31,3,4034.0,232,8,4034.3,2,1,4034.4,15,2,4034.5,5,1
11483,2026-07-02 10:35:49+05:30,4033.9,1,4047.88,589003,142881.0,144134.0,4100.0,4110.0,4016.1,4092.6,23565675,4501.8,3683.4,4440.0,3288.1,4032.6,45,5,4032.5,64,5,4032.4,54,3,4032.3,25,2,4032.2,38,4,4033.9,33,4,4034.0,232,8,4034.3,2,1,4034.4,15,2,4034.5,7,2
11483,2026-07-02 10:35:50+05:30,4033.9,1,4047.88,589003,142881.0,144134.0,4100.0,4110.0,4016.1,4092.6,23565675,4501.8,3683.4,4440.0,3288.1,4032.6,45,5,4032.5,64,5,4032.4,54,3,4032.3,25,2,4032.2,38,4,4033.9,33,4,4034.0,232,8,4034.3,2,1,4034.4,15,2,4034.5,7,2
11483,2026-07-02 10:35:50+05:30,4033.9,1,4047.88,589004,142939.0,144266.0,4100.0,4110.0,4016.1,4092.6,23565675,4501.8,3683.4,4440.0,3288.1,4032.7,56,6,4032.6,27,3,4032.5,43,4,4032.4,54,3,4032.3,25,2,4033.9,32,4,4034.0,232,8,4034.4,17,3,4034.5,5,1,4034.6,4,2
11483,2026-07-02 10:35:51+05:30,4033.8,25,4047.88,589004,142939.0,144266.0,4100.0,4110.0,4016.1,4092.6,23565675,4501.8,3683.4,4440.0,3288.1,4032.7,56,6,4032.6,27,3,4032.5,43,4,4032.4,54,3,4032.3,25,2,4033.9,32,4,4034.0,232,8,4034.4,17,3,4034.5,5,1,4034.6,4,2
11483,2026-07-02 10:35:51+05:30,4033.8,1,4047.88,589033,142953.0,144395.0,4100.0,4110.0,4016.1,4092.6,23565675,4501.8,3683.4,4440.0,3288.1,4032.7,56,6,4032.6,27,3,4032.5,43,4,4032.4,54,3,4032.3,27,3,4033.8,74,1,4033.9,29,4,4034.0,232,8,4034.3,2,1,4034.4,15,2
11483,2026-07-02 10:35:52+05:30,4033.8,2,4047.88,589033,142953.0,144395.0,4100.0,4110.0,4016.1,4092.6,23565675,4501.8,3683.4,4440.0,3288.1,4032.7,56,6,4032.6,27,3,4032.5,43,4,4032.4,54,3,4032.3,27,3,4033.8,74,1,4033.9,29,4,4034.0,232,8,4034.3,2,1,4034.4,15,2
11483,2026-07-02 10:35:52+05:30,4033.8,1,4047.88,589041,142931.0,144405.0,4100.0,4110.0,4016.1,4092.6,23565675,4501.8,3683.4,4440.0,3288.1,4032.7,13,2,4032.6,8,1,4032.5,43,4,4032.4,54,3,4032.3,16,1,4033.8,67,2,4033.9,28,3,4034.0,232,8,4034.3,2,1,4034.4,15,2
11483,2026-07-02 10:35:53+05:30,4033.8,10,4047.88,589041,142931.0,144405.0,4100.0,4110.0,4016.1,4092.6,23565675,4501.8,3683.4,4440.0,3288.1,4032.7,13,2,4032.6,8,1,4032.5,43,4,4032.4,54,3,4032.3,16,1,4033.8,67,2,4033.9,28,3,4034.0,232,8,4034.3,2,1,4034.4,15,2
11483,2026-07-02 10:35:53+05:30,4033.8,10,4047.88,589056,142937.0,144396.0,4100.0,4110.0,4016.1,4092.6,23565675,4501.8,3683.4,4440.0,3288.1,4032.7,13,2,4032.6,8,1,4032.5,40,3,4032.4,54,3,4032.3,16,1,4033.8,52,2,4033.9,28,3,4034.0,232,8,4034.3,2,1,4034.4,15,2
11483,2026-07-02 10:35:54+05:30,4033.9,77,4047.88,589056,142937.0,144396.0,4100.0,4110.0,4016.1,4092.6,23565675,4501.8,3683.4,4440.0,3288.1,4032.7,13,2,4032.6,8,1,4032.5,40,3,4032.4,54,3,4032.3,16,1,4033.8,52,2,4033.9,28,3,4034.0,232,8,4034.3,2,1,4034.4,15,2
11483,2026-07-02 10:35:54+05:30,4033.9,77,4047.86,589857,142656.0,144144.0,4100.0,4110.0,4016.1,4092.6,23565675,4501.8,3683.4,4440.0,3288.1,4033.0,10,1,4032.8,31,4,4032.7,22,5,4032.6,21,3,4032.5,22,2,4033.4,98,1,4033.8,1,1,4034.0,233,8,4034.4,14,2,4034.5,23,2
11483,2026-07-02 10:35:55+05:30,4033.4,1,4047.86,589857,142656.0,144144.0,4100.0,4110.0,4016.1,4092.6,23565675,4501.8,3683.4,4440.0,3288.1,4033.0,10,1,4032.8,31,4,4032.7,22,5,4032.6,21,3,4032.5,22,2,4033.4,98,1,4033.8,1,1,4034.0,233,8,4034.4,14,2,4034.5,23,2
11483,2026-07-02 10:35:55+05:30,4033.4,1,4047.86,589859,142859.0,144245.0,4100.0,4110.0,4016.1,4092.6,23565675,4501.8,3683.4,4440.0,3288.1,4033.0,10,1,4032.8,31,4,4032.7,22,5,4032.6,21,3,4032.5,22,2,4033.4,100,2,4033.8,1,1,4034.0,233,8,4034.4,14,2,4034.5,23,2
11483,2026-07-02 10:35:56+05:30,4034.0,77,4047.86,589859,142859.0,144245.0,4100.0,4110.0,4016.1,4092.6,23565675,4501.8,3683.4,4440.0,3288.1,4033.0,10,1,4032.8,31,4,4032.7,22,5,4032.6,21,3,4032.5,22,2,4033.4,100,2,4033.8,1,1,4034.0,233,8,4034.4,14,2,4034.5,23,2
11483,2026-07-02 10:35:56+05:30,4034.0,77,4047.85,590059,142857.0,144172.0,4100.0,4110.0,4016.1,4092.6,23565675,4501.8,3683.4,4440.0,3288.1,4033.0,32,4,4032.9,12,1,4032.8,12,2,4032.7,13,4,4032.6,32,4,4033.4,2,1,4033.9,1,1,4034.0,155,7,4034.4,15,2,4034.5,5,1
11483,2026-07-02 10:35:57+05:30,4033.8,1,4047.85,590059,142857.0,144172.0,4100.0,4110.0,4016.1,4092.6,23565675,4501.8,3683.4,4440.0,3288.1,4033.0,32,4,4032.9,12,1,4032.8,12,2,4032.7,13,4,4032.6,32,4,4033.4,2,1,4033.9,1,1,4034.0,155,7,4034.4,15,2,4034.5,5,1
11483,2026-07-02 10:35:57+05:30,4033.8,1,4047.85,590062,142914.0,143805.0,4100.0,4110.0,4016.1,4092.6,23565675,4501.8,3683.4,4440.0,3288.1,4033.8,6,1,4033.0,35,5,4032.9,12,1,4032.8,42,3,4032.7,13,4,4033.9,1,1,4034.0,155,7,4034.4,2,1,4034.5,5,1,4034.7,32,2
11483,2026-07-02 10:35:58+05:30,4033.9,104,4047.85,590062,142914.0,143805.0,4100.0,4110.0,4016.1,4092.6,23565675,4501.8,3683.4,4440.0,3288.1,4033.8,6,1,4033.0,35,5,4032.9,12,1,4032.8,42,3,4032.7,13,4,4033.9,1,1,4034.0,155,7,4034.4,2,1,4034.5,5,1,4034.7,32,2
11483,2026-07-02 10:35:58+05:30,4033.9,104,4047.84,590474,143569.0,142856.0,4100.0,4110.0,4016.1,4092.6,23565675,4501.8,3683.4,4440.0,3288.1,4033.8,32,5,4033.7,22,3,4033.6,11,2,4033.5,32,4,4033.4,37,4,4034.4,2,1,4034.5,5,1,4034.7,20,1,4034.8,6,2,4034.9,3,1
11483,2026-07-02 10:35:59+05:30,4034.4,1,4047.84,590474,143569.0,142856.0,4100.0,4110.0,4016.1,4092.6,23565675,4501.8,3683.4,4440.0,3288.1,4033.8,32,5,4033.7,22,3,4033.6,11,2,4033.5,32,4,4033.4,37,4,4034.4,2,1,4034.5,5,1,4034.7,20,1,4034.8,6,2,4034.9,3,1
11483,2026-07-02 10:35:59+05:30,4034.4,1,4047.84,590475,143967.0,142932.0,4100.0,4110.0,4016.1,4092.6,23565675,4501.8,3683.4,4440.0,3288.1,4033.9,34,1,4033.8,32,5,4033.7,31,4,4033.6,11,2,4033.5,32,4,4034.4,2,2,4034.5,5,1,4034.7,20,1,4034.8,6,2,4034.9,3,1
11483,2026-07-02 10:36:00+05:30,4034.0,3,4047.84,590475,143967.0,142932.0,4100.0,4110.0,4016.1,4092.6,23565675,4501.8,3683.4,4440.0,3288.1,4033.9,34,1,4033.8,32,5,4033.7,31,4,4033.6,11,2,4033.5,32,4,4034.4,2,2,4034.5,5,1,4034.7,20,1,4034.8,6,2,4034.9,3,1
11483,2026-07-02 10:36:00+05:30,4034.0,3,4047.83,590879,144254.0,142748.0,4100.0,4110.0,4016.1,4092.6,23565675,4501.8,3683.4,4440.0,3288.1,4034.1,34,1,4034.0,80,8,4033.9,46,4,4033.8,165,6,4033.7,62,4,4035.0,5,1,4035.1,1,1,4035.2,2,1,4035.3,50,1,4035.6,15,2
11483,2026-07-02 10:36:01+05:30,4035.3,83,4047.83,590879,144254.0,142748.0,4100.0,4110.0,4016.1,4092.6,23565675,4501.8,3683.4,4440.0,3288.1,4034.1,34,1,4034.0,80,8,4033.9,46,4,4033.8,165,6,4033.7,62,4,4035.0,5,1,4035.1,1,1,4035.2,2,1,4035.3,50,1,4035.6,15,2
11483,2026-07-02 10:36:01+05:30,4035.3,83,4047.83,591047,144017.0,142685.0,4100.0,4110.0,4016.1,4092.6,23565675,4501.8,3683.4,4440.0,3288.1,4034.6,9,1,4034.5,5,3,4034.4,6,1,4034.3,4,1,4034.2,57,3,4035.3,44,1,4035.9,5,1,4036.0,118,6,4036.1,4,1,4036.2,12,1
11483,2026-07-02 10:36:02+05:30,4037.2,28,4047.83,591047,144017.0,142685.0,4100.0,4110.0,4016.1,4092.6,23565675,4501.8,3683.4,4440.0,3288.1,4034.6,9,1,4034.5,5,3,4034.4,6,1,4034.3,4,1,4034.2,57,3,4035.3,44,1,4035.9,5,1,4036.0,118,6,4036.1,4,1,4036.2,12,1
11483,2026-07-02 10:36:02+05:30,4036.0,1,4047.82,591654,144191.0,142362.0,4100.0,4110.0,4016.1,4092.6,23565675,4501.8,3683.4,4440.0,3288.1,4035.0,25,1,4034.7,2,1,4034.6,53,2,4034.5,45,5,4034.4,35,3,4036.0,25,3,4036.1,32,3,4036.2,36,4,4036.3,42,5,4036.4,28,3
11483,2026-07-02 10:36:03+05:30,4036.0,1,4047.82,591654,144191.0,142362.0,4100.0,4110.0,4016.1,4092.6,23565675,4501.8,3683.4,4440.0,3288.1,4035.0,25,1,4034.7,2,1,4034.6,53,2,4034.5,45,5,4034.4,35,3,4036.0,25,3,4036.1,32,3,4036.2,36,4,4036.3,42,5,4036.4,28,3
11483,2026-07-02 10:36:03+05:30,4036.0,1,4047.82,591654,144124.0,142378.0,4100.0,4110.0,4016.1,4092.6,23565675,4501.8,3683.4,4440.0,3288.1,4035.0,25,1,4034.6,2,1,4034.5,89,7,4034.4,35,3,4034.3,50,2,4036.0,20,3,4036.1,20,2,4036.2,21,2,4036.3,21,2,4036.4,28,3
11483,2026-07-02 10:36:04+05:30,4035.8,3,4047.82,591654,144124.0,142378.0,4100.0,4110.0,4016.1,4092.6,23565675,4501.8,3683.4,4440.0,3288.1,4035.0,25,1,4034.6,2,1,4034.5,89,7,4034.4,35,3,4034.3,50,2,4036.0,20,3,4036.1,20,2,4036.2,21,2,4036.3,21,2,4036.4,28,3
11483,2026-07-02 10:36:04+05:30,4035.8,3,4047.82,591659,144346.0,142425.0,4100.0,4110.0,4016.1,4092.6,23565675,4501.8,3683.4,4440.0,3288.1,4035.6,9,1,4035.5,55,7,4035.4,14,2,4035.3,23,3,4035.2,14,2,4036.0,5,1,4036.4,13,1,4036.5,15,1,4036.8,13,1,4037.1,14,2
11483,2026-07-02 10:36:05+05:30,4036.0,1,4047.82,591659,144346.0,142425.0,4100.0,4110.0,4016.1,4092.6,23565675,4501.8,3683.4,4440.0,3288.1,4035.6,9,1,4035.5,55,7,4035.4,14,2,4035.3,23,3,4035.2,14,2,4036.0,5,1,4036.4,13,1,4036.5,15,1,4036.8,13,1,4037.1,14,2
11483,2026-07-02 10:36:05+05:30,4036.0,1,4047.82,591681,144166.0,142537.0,4100.0,4110.0,4016.1,4092.6,23565675,4501.8,3683.4,4440.0,3288.1,4035.5,21,3,4035.4,14,2,4035.3,29,4,4035.2,14,2,4035.1,28,2,4036.0,3,1,4036.4,13,1,4036.5,15,1,4036.8,13,1,4037.1,14,2
11483,2026-07-02 10:36:06+05:30,4035.6,7,4047.82,591681,144166.0,142537.0,4100.0,4110.0,4016.1,4092.6,23565675,4501.8,3683.4,4440.0,3288.1,4035.5,21,3,4035.4,14,2,4035.3,29,4,4035.2,14,2,4035.1,28,2,4036.0,3,1,4036.4,13,1,4036.5,15,1,4036.8,13,1,4037.1,14,2
11483,2026-07-02 10:36:06+05:30,4034.7,3,4047.81,591878,143337.0,143284.0,4100.0,4110.0,4016.1,4092.6,23565675,4501.8,3683.4,4440.0,3288.1,4034.7,11,2,4034.6,23,3,4034.5,5,3,4034.4,60,4,4034.3,16,2,4035.2,5,1,4035.6,156,1,4036.0,22,3,4036.5,1,1,4036.6,4,1
11483,2026-07-02 10:36:07+05:30,4035.6,2,4047.81,591878,143337.0,143284.0,4100.0,4110.0,4016.1,4092.6,23565675,4501.8,3683.4,4440.0,3288.1,4034.7,11,2,4034.6,23,3,4034.5,5,3,4034.4,60,4,4034.3,16,2,4035.2,5,1,4035.6,156,1,4036.0,22,3,4036.5,1,1,4036.6,4,1
11483,2026-07-02 10:36:07+05:30,4035.6,2,4047.81,591921,143138.0,143500.0,4100.0,4110.0,4016.1,4092.6,23565675,4501.8,3683.4,4440.0,3288.1,4034.6,22,3,4034.5,5,3,4034.4,60,4,4034.3,16,2,4034.2,8,1,4035.6,140,1,4036.0,26,4,4036.2,12,1,4036.5,19,3,4036.6,24,2
11483,2026-07-02 10:36:08+05:30,4035.6,2,4047.81,591921,143037.0,143470.0,4100.0,4110.0,4016.1,4092.6,23565675,4501.8,3683.4,4440.0,3288.1,4034.6,22,3,4034.5,5,3,4034.4,60,4,4034.3,16,2,4034.2,8,1,4035.2,5,1,4035.6,142,2,4036.0,26,4,4036.2,12,1,4036.5,13,2
11483,2026-07-02 10:36:09+05:30,4035.6,7,4047.81,591921,143037.0,143470.0,4100.0,4110.0,4016.1,4092.6,23565675,4501.8,3683.4,4440.0,3288.1,4034.6,22,3,4034.5,5,3,4034.4,60,4,4034.3,16,2,4034.2,8,1,4035.2,5,1,4035.6,142,2,4036.0,26,4,4036.2,12,1,4036.5,13,2
11483,2026-07-02 10:36:09+05:30,4035.6,7,4047.81,591933,143241.0,143431.0,4100.0,4110.0,4016.1,4092.6,23565675,4501.8,3683.4,4440.0,3288.1,4034.6,22,3,4034.5,5,3,4034.4,82,6,4034.3,14,1,4034.2,8,1,4035.6,135,2,4036.0,31,6,4036.2,12,1,4036.5,13,2,4036.6,20,1
11483,2026-07-02 10:36:10+05:30,4035.6,2,4047.81,591933,143241.0,143431.0,4100.0,4110.0,4016.1,4092.6,23565675,4501.8,3683.4,4440.0,3288.1,4034.6,22,3,4034.5,5,3,4034.4,82,6,4034.3,14,1,4034.2,8,1,4035.6,135,2,4036.0,31,6,4036.2,12,1,4036.5,13,2,4036.6,20,1
11483,2026-07-02 10:36:10+05:30,4035.6,2,4047.81,592037,143616.0,142379.0,4100.0,4110.0,4016.1,4092.6,23565675,4501.8,3683.4,4440.0,3288.1,4035.0,69,1,4034.6,45,3,4034.5,48,2,4034.4,76,4,4034.1,49,3,4035.6,132,3,4036.0,66,6,4036.5,12,1,4036.8,28,3,4036.9,33,4
11483,2026-07-02 10:36:11+05:30,4035.6,10,4047.81,592037,143616.0,142379.0,4100.0,4110.0,4016.1,4092.6,23565675,4501.8,3683.4,4440.0,3288.1,4035.0,69,1,4034.6,45,3,4034.5,48,2,4034.4,76,4,4034.1,49,3,4035.6,132,3,4036.0,66,6,4036.5,12,1,4036.8,28,3,4036.9,33,4
11483,2026-07-02 10:36:11+05:30,4035.6,10,4047.81,592165,143993.0,142627.0,4100.0,4110.0,4016.1,4092.6,23565675,4501.8,3683.4,4440.0,3288.1,4035.0,69,1,4034.6,13,3,4034.5,47,2,4034.4,76,4,4034.2,81,2,4035.6,4,3,4036.0,66,6,4036.5,12,1,4036.7,4,1,4036.8,28,3
11483,2026-07-02 10:36:12+05:30,4034.7,7,4047.81,592165,143993.0,142627.0,4100.0,4110.0,4016.1,4092.6,23565675,4501.8,3683.4,4440.0,3288.1,4035.0,69,1,4034.6,13,3,4034.5,47,2,4034.4,76,4,4034.2,81,2,4035.6,4,3,4036.0,66,6,4036.5,12,1,4036.7,4,1,4036.8,28,3
11483,2026-07-02 10:36:12+05:30,4036.8,1,4047.8,592499,143741.0,142607.0,4100.0,4110.0,4016.1,4092.6,23565675,4501.8,3683.4,4440.0,3288.1,4035.0,66,3,4034.9,33,3,4034.8,42,4,4034.7,65,5,4034.6,109,3,4036.4,19,1,4036.7,32,2,4036.8,27,3,4036.9,16,2,4037.0,11,3
11483,2026-07-02 10:36:13+05:30,4036.2,5,4047.8,592499,143741.0,142607.0,4100.0,4110.0,4016.1,4092.6,23565675,4501.8,3683.4,4440.0,3288.1,4035.0,66,3,4034.9,33,3,4034.8,42,4,4034.7,65,5,4034.6,109,3,4036.4,19,1,4036.7,32,2,4036.8,27,3,4036.9,16,2,4037.0,11,3
11483,2026-07-02 10:36:13+05:30,4036.2,5,4047.8,592504,143147.0,143194.0,4100.0,4110.0,4016.1,4092.6,23565675,4501.8,3683.4,4440.0,3288.1,4034.7,10,3,4034.6,15,1,4034.5,36,1,4034.4,96,4,4034.3,25,4,4035.6,25,1,4036.2,1,1,4036.3,14,2,4036.4,33,3,4036.5,13,1
11483,2026-07-02 10:36:14+05:30,4035.6,15,4047.8,592504,143147.0,143194.0,4100.0,4110.0,4016.1,4092.6,23565675,4501.8,3683.4,4440.0,3288.1,4034.7,10,3,4034.6,15,1,4034.5,36,1,4034.4,96,4,4034.3,25,4,4035.6,25,1,4036.2,1,1,4036.3,14,2,4036.4,33,3,4036.5,13,1
11483,2026-07-02 10:36:14+05:30,4035.6,15,4047.8,592554,143703.0,143028.0,4100.0,4110.0,4016.1,4092.6,23565675,4501.8,3683.4,4440.0,3288.1,4035.6,50,1,4034.7,70,6,4034.6,50,2,4034.5,79,4,4034.4,80,3,4036.2,1,1,4036.4,3,1,4036.7,32,2,4036.8,27,3,4036.9,3,1
11483,2026-07-02 10:36:15+05:30,4035.6,5,4047.8,592554,143703.0,143028.0,4100.0,4110.0,4016.1,4092.6,23565675,4501.8,3683.4,4440.0,3288.1,4035.6,50,1,4034.7,70,6,4034.6,50,2,4034.5,79,4,4034.4,80,3,4036.2,1,1,4036.4,3,1,4036.7,32,2,4036.8,27,3,4036.9,3,1
11483,2026-07-02 10:36:15+05:30,4035.6,1,4047.8,592615,143627.0,142975.0,4100.0,4110.0,4016.1,4092.6,23565675,4501.8,3683.4,4440.0,3288.1,4035.6,39,1,4034.9,48,1,4034.8,91,4,4034.7,51,5,4034.6,50,2,4036.5,3,1,4036.6,22,2,4036.7,14,2,4036.8,1,1,4036.9,15,2
11483,2026-07-02 10:36:16+05:30,4035.6,1,4047.8,592615,143627.0,142975.0,4100.0,4110.0,4016.1,4092.6,23565675,4501.8,3683.4,4440.0,3288.1,4035.6,39,1,4034.9,48,1,4034.8,91,4,4034.7,51,5,4034.6,50,2,4036.5,3,1,4036.6,22,2,4036.7,14,2,4036.8,1,1,4036.9,15,2
11483,2026-07-02 10:36:16+05:30,4035.6,1,4047.8,592615,143629.0,143712.0,4100.0,4110.0,4016.1,4092.6,23565675,4501.8,3683.4,4440.0,3288.1,4036.1,2,2,4035.6,44,2,4034.9,48,1,4034.8,91,4,4034.7,30,4,4036.5,4,2,4036.8,1,1,4036.9,3,1,4037.0,38,4,4037.1,27,3
11483,2026-07-02 10:36:17+05:30,4035.6,1,4047.8,592615,143754.0,143492.0,4100.0,4110.0,4016.1,4092.6,23565675,4501.8,3683.4,4440.0,3288.1,4036.1,2,2,4035.6,44,2,4034.9,48,1,4034.8,71,3,4034.7,30,4,4036.5,4,2,4036.8,1,1,4036.9,3,1,4037.0,38,4,4037.1,27,3
11483,2026-07-02 10:36:18+05:30,4034.9,6,4047.8,592615,143754.0,143492.0,4100.0,4110.0,4016.1,4092.6,23565675,4501.8,3683.4,4440.0,3288.1,4036.1,2,2,4035.6,44,2,4034.9,48,1,4034.8,71,3,4034.7,30,4,4036.5,4,2,4036.8,1,1,4036.9,3,1,4037.0,38,4,4037.1,27,3
11483,2026-07-02 10:36:18+05:30,4036.9,1,4047.79,592904,143243.0,143833.0,4100.0,4110.0,4016.1,4092.6,23565675,4501.8,3683.4,4440.0,3288.1,4035.0,67,5,4034.9,11,1,4034.8,68,2,4034.7,125,5,4034.6,302,5,4036.6,14,2,4036.7,30,2,4036.8,3,1,4036.9,2,1,4037.0,6,2
11483,2026-07-02 10:36:19+05:30,4036.9,1,4047.79,592904,143243.0,143833.0,4100.0,4110.0,4016.1,4092.6,23565675,4501.8,3683.4,4440.0,3288.1,4035.0,67,5,4034.9,11,1,4034.8,68,2,4034.7,125,5,4034.6,302,5,4036.6,14,2,4036.7,30,2,4036.8,3,1,4036.9,2,1,4037.0,6,2
11483,2026-07-02 10:36:19+05:30,4036.9,1,4047.79,592904,143575.0,143713.0,4100.0,4110.0,4016.1,4092.6,23565675,4501.8,3683.4,4440.0,3288.1,4036.2,10,1,4036.0,15,1,4035.7,5,1,4035.6,50,1,4035.1,28,2,4036.6,1,1,4036.9,2,1,4037.0,6,2,4037.1,3,1,4037.2,3,1
11483,2026-07-02 10:36:20+05:30,4036.6,1,4047.79,592904,143575.0,143713.0,4100.0,4110.0,4016.1,4092.6,23565675,4501.8,3683.4,4440.0,3288.1,4036.2,10,1,4036.0,15,1,4035.7,5,1,4035.6,50,1,4035.1,28,2,4036.6,1,1,4036.9,2,1,4037.0,6,2,4037.1,3,1,4037.2,3,1
11483,2026-07-02 10:36:20+05:30,4036.0,7,4047.79,592922,143553.0,143706.0,4100.0,4110.0,4016.1,4092.6,23565675,4501.8,3683.4,4440.0,3288.1,4036.0,8,1,4035.6,50,1,4035.1,29,2,4035.0,20,2,4034.9,16,2,4036.6,13,2,4036.9,37,3,4037.0,22,4,4037.1,18,3,4037.2,3,1
11483,2026-07-02 10:36:21+05:30,4036.0,1,4047.79,592922,143553.0,143706.0,4100.0,4110.0,4016.1,4092.6,23565675,4501.8,3683.4,4440.0,3288.1,4036.0,8,1,4035.6,50,1,4035.1,29,2,4035.0,20,2,4034.9,16,2,4036.6,13,2,4036.9,37,3,4037.0,22,4,4037.1,18,3,4037.2,3,1
11483,2026-07-02 10:36:21+05:30,4036.0,1,4047.79,592931,143530.0,143596.0,4100.0,4110.0,4016.1,4092.6,23565675,4501.8,3683.4,4440.0,3288.1,4035.6,60,2,4035.0,20,2,4034.9,11,1,4034.8,68,2,4034.7,125,5,4036.0,1,1,4036.6,13,2,4036.9,25,2,4037.0,22,4,4037.1,52,5
11483,2026-07-02 10:36:22+05:30,4036.0,1,4047.79,592931,143530.0,143596.0,4100.0,4110.0,4016.1,4092.6,23565675,4501.8,3683.4,4440.0,3288.1,4035.6,60,2,4035.0,20,2,4034.9,11,1,4034.8,68,2,4034.7,125,5,4036.0,1,1,4036.6,13,2,4036.9,25,2,4037.0,22,4,4037.1,52,5
11483,2026-07-02 10:36:22+05:30,4036.0,19,4047.79,592931,143530.0,143596.0,4100.0,4110.0,4016.1,4092.6,23565675,4501.8,3683.4,4440.0,3288.1,4035.6,60,2,4035.0,20,2,4034.9,11,1,4034.8,68,2,4034.7,125,5,4036.0,1,1,4036.6,13,2,4036.9,25,2,4037.0,22,4,4037.1,52,5
11483,2026-07-02 10:36:22+05:30,4036.0,19,4047.79,592931,143530.0,143596.0,4100.0,4110.0,4016.1,4092.6,23565675,4501.8,3683.4,4440.0,3288.1,4035.6,60,2,4035.0,20,2,4034.9,11,1,4034.8,68,2,4034.7,125,5,4036.0,1,1,4036.6,13,2,4036.9,25,2,4037.0,22,4,4037.1,52,5
11483,2026-07-02 10:36:22+05:30,4036.0,5,4047.79,592956,143678.0,144221.0,4100.0,4110.0,4016.1,4092.6,23565675,4501.8,3683.4,4440.0,3288.1,4035.6,60,2,4035.0,10,1,4034.8,48,1,4034.7,135,6,4034.6,323,6,4036.0,578,2,4036.6,11,1,4036.8,15,2,4036.9,25,2,4037.0,34,5
11483,2026-07-02 10:36:22+05:30,4036.0,5,4047.79,592956,143678.0,144221.0,4100.0,4110.0,4016.1,4092.6,23565675,4501.8,3683.4,4440.0,3288.1,4035.6,60,2,4035.0,10,1,4034.8,48,1,4034.7,135,6,4034.6,323,6,4036.0,578,2,4036.6,11,1,4036.8,15,2,4036.9,25,2,4037.0,34,5
11483,2026-07-02 10:36:23+05:30,4036.0,5,4047.79,592956,143678.0,144221.0,4100.0,4110.0,4016.1,4092.6,23565675,4501.8,3683.4,4440.0,3288.1,4035.6,60,2,4035.0,10,1,4034.8,48,1,4034.7,135,6,4034.6,323,6,4036.0,578,2,4036.6,11,1,4036.8,15,2,4036.9,25,2,4037.0,34,5
11483,2026-07-02 10:36:23+05:30,4036.0,5,4047.79,592956,143678.0,144221.0,4100.0,4110.0,4016.1,4092.6,23565675,4501.8,3683.4,4440.0,3288.1,4035.6,60,2,4035.0,10,1,4034.8,48,1,4034.7,135,6,4034.6,323,6,4036.0,578,2,4036.6,11,1,4036.8,15,2,4036.9,25,2,4037.0,34,5
11483,2026-07-02 10:36:23+05:30,4036.0,5,4047.79,592956,143728.0,144532.0,4100.0,4110.0,4016.1,4092.6,23565675,4501.8,3683.4,4440.0,3288.1,4035.6,60,2,4035.0,60,2,4034.8,108,2,4034.7,135,6,4034.6,323,6,4036.0,590,3,4036.6,11,1,4036.8,15,2,4036.9,25,2,4037.0,34,5
11483,2026-07-02 10:36:23+05:30,4036.0,5,4047.79,592956,143728.0,144532.0,4100.0,4110.0,4016.1,4092.6,23565675,4501.8,3683.4,4440.0,3288.1,4035.6,60,2,4035.0,60,2,4034.8,108,2,4034.7,135,6,4034.6,323,6,4036.0,590,3,4036.6,11,1,4036.8,15,2,4036.9,25,2,4037.0,34,5
11483,2026-07-02 10:36:24+05:30,4036.0,5,4047.79,592956,143728.0,144532.0,4100.0,4110.0,4016.1,4092.6,23565675,4501.8,3683.4,4440.0,3288.1,4035.6,60,2,4035.0,60,2,4034.8,108,2,4034.7,135,6,4034.6,323,6,4036.0,590,3,4036.6,11,1,4036.8,15,2,4036.9,25,2,4037.0,34,5
11483,2026-07-02 10:36:24+05:30,4036.0,5,4047.79,592956,143735.0,144502.0,4100.0,4110.0,4016.1,4092.6,23565675,4501.8,3683.4,4440.0,3288.1,4035.6,60,2,4035.0,100,3,4034.8,108,2,4034.7,134,5,4034.6,323,6,4036.0,590,3,4036.6,11,1,4036.8,15,2,4036.9,25,2,4037.0,34,5
11483,2026-07-02 10:36:24+05:30,4036.0,5,4047.79,592956,143735.0,144502.0,4100.0,4110.0,4016.1,4092.6,23565675,4501.8,3683.4,4440.0,3288.1,4035.6,60,2,4035.0,100,3,4034.8,108,2,4034.7,134,5,4034.6,323,6,4036.0,590,3,4036.6,11,1,4036.8,15,2,4036.9,25,2,4037.0,34,5
11483,2026-07-02 10:36:25+05:30,4036.0,5,4047.79,592956,143735.0,144502.0,4100.0,4110.0,4016.1,4092.6,23565675,4501.8,3683.4,4440.0,3288.1,4035.6,60,2,4035.0,100,3,4034.8,108,2,4034.7,134,5,4034.6,323,6,4036.0,590,3,4036.6,11,1,4036.8,15,2,4036.9,25,2,4037.0,34,5
11483,2026-07-02 10:36:25+05:30,4036.0,1,4047.79,592956,143735.0,144502.0,4100.0,4110.0,4016.1,4092.6,23565675,4501.8,3683.4,4440.0,3288.1,4035.6,60,2,4035.0,100,3,4034.8,108,2,4034.7,134,5,4034.6,323,6,4036.0,590,3,4036.6,11,1,4036.8,15,2,4036.9,25,2,4037.0,34,5
11483,2026-07-02 10:36:25+05:30,4036.0,1,4047.79,592956,143735.0,144502.0,4100.0,4110.0,4016.1,4092.6,23569175,4501.8,3683.4,4440.0,3288.1,4035.6,60,2,4035.0,100,3,4034.8,108,2,4034.7,134,5,4034.6,323,6,4036.0,590,3,4036.6,11,1,4036.8,15,2,4036.9,25,2,4037.0,34,5
11483,2026-07-02 10:36:25+05:30,4036.0,1,4047.79,592957,143699.0,144508.0,4100.0,4110.0,4016.1,4092.6,23569175,4501.8,3683.4,4440.0,3288.1,4035.6,60,2,4035.0,100,3,4034.8,108,2,4034.7,84,4,4034.6,323,6,4036.0,594,4,4036.6,11,1,4036.8,15,2,4036.9,25,2,4037.0,34,5
11483,2026-07-02 10:36:25+05:30,4036.0,1,4047.79,592957,143699.0,144508.0,4100.0,4110.0,4016.1,4092.6,23569175,4501.8,3683.4,4440.0,3288.1,4035.6,60,2,4035.0,100,3,4034.8,108,2,4034.7,84,4,4034.6,323,6,4036.0,594,4,4036.6,11,1,4036.8,15,2,4036.9,25,2,4037.0,34,5
11483,2026-07-02 10:36:26+05:30,4036.0,1,4047.79,592957,143699.0,144508.0,4100.0,4110.0,4016.1,4092.6,23569175,4501.8,3683.4,4440.0,3288.1,4035.6,60,2,4035.0,100,3,4034.8,108,2,4034.7,84,4,4034.6,323,6,4036.0,594,4,4036.6,11,1,4036.8,15,2,4036.9,25,2,4037.0,34,5
11483,2026-07-02 10:36:26+05:30,4036.0,7,4047.79,592957,143699.0,144508.0,4100.0,4110.0,4016.1,4092.6,23569175,4501.8,3683.4,4440.0,3288.1,4035.6,60,2,4035.0,100,3,4034.8,108,2,4034.7,84,4,4034.6,323,6,4036.0,594,4,4036.6,11,1,4036.8,15,2,4036.9,25,2,4037.0,34,5
11483,2026-07-02 10:36:26+05:30,4036.0,7,4047.79,592957,143699.0,144508.0,4100.0,4110.0,4016.1,4092.6,23569175,4501.8,3683.4,4440.0,3288.1,4035.6,60,2,4035.0,100,3,4034.8,108,2,4034.7,84,4,4034.6,323,6,4036.0,594,4,4036.6,11,1,4036.8,15,2,4036.9,25,2,4037.0,34,5
11483,2026-07-02 10:36:26+05:30,4036.0,7,4047.79,593014,143701.0,144497.0,4100.0,4110.0,4016.1,4092.6,23569175,4501.8,3683.4,4440.0,3288.1,4035.6,60,2,4035.0,100,3,4034.8,128,3,4034.7,84,4,4034.6,323,6,4036.0,537,4,4036.6,11,1,4036.8,15,2,4036.9,26,3,4037.0,34,5
11483,2026-07-02 10:36:27+05:30,4036.0,7,4047.79,593014,143701.0,144497.0,4100.0,4110.0,4016.1,4092.6,23569175,4501.8,3683.4,4440.0,3288.1,4035.6,60,2,4035.0,100,3,4034.8,128,3,4034.7,84,4,4034.6,323,6,4036.0,537,4,4036.6,11,1,4036.8,15,2,4036.9,26,3,4037.0,34,5
11483,2026-07-02 10:36:27+05:30,4036.0,25,4047.79,593039,143701.0,144467.0,4100.0,4110.0,4016.1,4092.6,23569175,4501.8,3683.4,4440.0,3288.1,4035.6,60,2,4035.0,100,3,4034.8,128,3,4034.7,84,4,4034.6,323,6,4036.0,512,4,4036.8,15,2,4036.9,26,3,4037.0,56,6,4037.1,70,5
11483,2026-07-02 10:36:28+05:30,4036.0,25,4047.79,593039,143701.0,144467.0,4100.0,4110.0,4016.1,4092.6,23569175,4501.8,3683.4,4440.0,3288.1,4035.6,60,2,4035.0,100,3,4034.8,128,3,4034.7,84,4,4034.6,323,6,4036.0,512,4,4036.8,15,2,4036.9,26,3,4037.0,56,6,4037.1,70,5
11483,2026-07-02 10:36:29+05:30,4035.6,9,4047.79,593059,143712.0,144527.0,4100.0,4110.0,4016.1,4092.6,23569175,4501.8,3683.4,4440.0,3288.1,4035.6,71,3,4035.0,100,3,4034.8,128,3,4034.7,84,4,4034.6,323,6,4036.0,501,4,4036.8,16,3,4036.9,26,3,4037.0,44,5,4037.1,70,5
11483,2026-07-02 10:36:29+05:30,4036.0,8,4047.79,593059,143712.0,144527.0,4100.0,4110.0,4016.1,4092.6,23569175,4501.8,3683.4,4440.0,3288.1,4035.6,71,3,4035.0,100,3,4034.8,128,3,4034.7,84,4,4034.6,323,6,4036.0,501,4,4036.8,16,3,4036.9,26,3,4037.0,44,5,4037.1,70,5
11483,2026-07-02 10:36:30+05:30,4036.0,8,4047.79,593067,143707.0,144522.0,4100.0,4110.0,4016.1,4092.6,23569175,4501.8,3683.4,4440.0,3288.1,4035.6,71,3,4035.0,100,3,4034.8,128,3,4034.7,84,4,4034.6,323,6,4036.0,493,4,4036.8,16,3,4036.9,26,3,4037.0,44,5,4037.1,70,5
11483,2026-07-02 10:36:30+05:30,4036.0,15,4047.79,593067,143707.0,144522.0,4100.0,4110.0,4016.1,4092.6,23569175,4501.8,3683.4,4440.0,3288.1,4035.6,71,3,4035.0,100,3,4034.8,128,3,4034.7,84,4,4034.6,323,6,4036.0,493,4,4036.8,16,3,4036.9,26,3,4037.0,44,5,4037.1,70,5
11483,2026-07-02 10:36:31+05:30,4036.0,3,4047.79,593102,145410.0,145329.0,4100.0,4110.0,4016.1,4092.6,23569175,4501.8,3683.4,4440.0,3288.1,4035.6,71,3,4035.0,1700,4,4034.8,130,4,4034.7,96,5,4034.6,323,6,4036.0,458,4,4036.8,16,3,4036.9,12,2,4037.0,44,5,4037.1,29,3
11483,2026-07-02 10:36:31+05:30,4036.0,3,4047.79,593102,145410.0,145329.0,4100.0,4110.0,4016.1,4092.6,23569175,4501.8,3683.4,4440.0,3288.1,4035.6,71,3,4035.0,1700,4,4034.8,130,4,4034.7,96,5,4034.6,323,6,4036.0,458,4,4036.8,16,3,4036.9,12,2,4037.0,44,5,4037.1,29,3
11483,2026-07-02 10:36:32+05:30,4036.8,1,4047.78,593571,145370.0,144638.0,4100.0,4110.0,4016.1,4092.6,23569175,4501.8,3683.4,4440.0,3288.1,4036.0,42,1,4035.6,73,4,4035.5,4,1,4035.4,6,1,4035.3,27,2,4036.9,2,2,4037.0,8,2,4037.4,12,1,4037.6,3,2,4037.7,82,3
11483,2026-07-02 10:36:32+05:30,4037.0,3,4047.78,593571,145370.0,144638.0,4100.0,4110.0,4016.1,4092.6,23569175,4501.8,3683.4,4440.0,3288.1,4036.0,42,1,4035.6,73,4,4035.5,4,1,4035.4,6,1,4035.3,27,2,4036.9,2,2,4037.0,8,2,4037.4,12,1,4037.6,3,2,4037.7,82,3
11483,2026-07-02 10:36:33+05:30,4036.0,5,4047.78,593596,145331.0,144983.0,4100.0,4110.0,4016.1,4092.6,23569175,4501.8,3683.4,4440.0,3288.1,4036.0,28,1,4035.6,71,3,4035.1,35,2,4035.0,1735,8,4034.8,84,4,4036.9,150,1,4037.0,2,1,4037.1,56,5,4037.2,32,2,4037.3,28,3
11483,2026-07-02 10:36:33+05:30,4036.9,2,4047.78,593596,145331.0,144983.0,4100.0,4110.0,4016.1,4092.6,23569175,4501.8,3683.4,4440.0,3288.1,4036.0,28,1,4035.6,71,3,4035.1,35,2,4035.0,1735,8,4034.8,84,4,4036.9,150,1,4037.0,2,1,4037.1,56,5,4037.2,32,2,4037.3,28,3
11483,2026-07-02 10:36:34+05:30,4036.9,5,4047.78,593603,145380.0,145045.0,4100.0,4110.0,4016.1,4092.6,23569175,4501.8,3683.4,4440.0,3288.1,4036.0,30,2,4035.6,71,3,4035.1,35,2,4035.0,1738,10,4034.8,82,3,4036.9,146,2,4037.0,78,2,4037.1,58,6,4037.2,32,2,4037.3,26,2
11483,2026-07-02 10:36:34+05:30,4036.9,5,4047.78,593603,145380.0,145045.0,4100.0,4110.0,4016.1,4092.6,23569175,4501.8,3683.4,4440.0,3288.1,4036.0,30,2,4035.6,71,3,4035.1,35,2,4035.0,1738,10,4034.8,82,3,4036.9,146,2,4037.0,78,2,4037.1,58,6,4037.2,32,2,4037.3,26,2
11483,2026-07-02 10:36:35+05:30,4036.9,4,4047.78,593607,145415.0,145095.0,4100.0,4110.0,4016.1,4092.6,23569175,4501.8,3683.4,4440.0,3288.1,4036.0,49,3,4035.6,71,3,4035.1,35,2,4035.0,1738,10,4034.8,82,3,4036.9,152,3,4037.0,126,2,4037.1,19,3,4037.2,32,2,4037.3,26,2
11483,2026-07-02 10:36:35+05:30,4036.9,4,4047.78,593607,145415.0,145095.0,4100.0,4110.0,4016.1,4092.6,23569175,4501.8,3683.4,4440.0,3288.1,4036.0,49,3,4035.6,71,3,4035.1,35,2,4035.0,1738,10,4034.8,82,3,4036.9,152,3,4037.0,126,2,4037.1,19,3,4037.2,32,2,4037.3,26,2
11483,2026-07-02 10:36:36+05:30,4036.0,10,4047.78,593607,145415.0,145095.0,4100.0,4110.0,4016.1,4092.6,23569175,4501.8,3683.4,4440.0,3288.1,4036.0,49,3,4035.6,71,3,4035.1,35,2,4035.0,1738,10,4034.8,82,3,4036.9,152,3,4037.0,126,2,4037.1,19,3,4037.2,32,2,4037.3,26,2
11483,2026-07-02 10:36:36+05:30,4036.0,10,4047.78,593617,145426.0,145150.0,4100.0,4110.0,4016.1,4092.6,23569175,4501.8,3683.4,4440.0,3288.1,4036.0,89,4,4035.6,73,4,4035.1,20,1,4035.0,1738,10,4034.8,87,4,4036.9,152,3,4037.0,126,2,4037.1,19,3,4037.2,32,2,4037.3,26,2
11483,2026-07-02 10:36:37+05:30,4036.9,4,4047.78,593622,145376.0,145012.0,4100.0,4110.0,4016.1,4092.6,23569175,4501.8,3683.4,4440.0,3288.1,4036.0,99,5,4035.6,73,4,4035.2,31,1,4035.1,35,2,4035.0,1738,10,4036.9,147,3,4037.0,126,2,4037.1,15,1,4037.2,2,1,4037.3,13,1
11483,2026-07-02 10:36:38+05:30,4036.9,41,4047.78,593622,145376.0,145012.0,4100.0,4110.0,4016.1,4092.6,23569175,4501.8,3683.4,4440.0,3288.1,4036.0,99,5,4035.6,73,4,4035.2,31,1,4035.1,35,2,4035.0,1738,10,4036.9,147,3,4037.0,126,2,4037.1,15,1,4037.2,2,1,4037.3,13,1
11483,2026-07-02 10:36:38+05:30,4036.9,12,4047.77,593793,145314.0,144865.0,4100.0,4110.0,4016.1,4092.6,23569175,4501.8,3683.4,4440.0,3288.1,4036.0,62,3,4035.6,34,4,4035.5,15,1,4035.4,31,1,4035.3,57,3,4036.9,14,3,4037.0,126,2,4037.1,15,1,4037.3,15,2,4037.4,18,1
11483,2026-07-02 10:36:39+05:30,4037.0,1,4047.77,593793,145314.0,144865.0,4100.0,4110.0,4016.1,4092.6,23569175,4501.8,3683.4,4440.0,3288.1,4036.0,62,3,4035.6,34,4,4035.5,15,1,4035.4,31,1,4035.3,57,3,4036.9,14,3,4037.0,126,2,4037.1,15,1,4037.3,15,2,4037.4,18,1
11483,2026-07-02 10:36:39+05:30,4037.0,1,4047.77,593808,145383.0,144883.0,4100.0,4110.0,4016.1,4092.6,23569175,4501.8,3683.4,4440.0,3288.1,4036.0,126,4,4035.6,34,4,4035.5,15,1,4035.4,31,1,4035.3,57,3,4036.9,1,1,4037.0,125,2,4037.3,13,1,4037.4,18,1,4037.5,2,1
11483,2026-07-02 10:36:40+05:30,4036.0,1,4047.77,593808,145383.0,144883.0,4100.0,4110.0,4016.1,4092.6,23569175,4501.8,3683.4,4440.0,3288.1,4036.0,126,4,4035.6,34,4,4035.5,15,1,4035.4,31,1,4035.3,57,3,4036.9,1,1,4037.0,125,2,4037.3,13,1,4037.4,18,1,4037.5,2,1
11483,2026-07-02 10:36:40+05:30,4036.0,1,4047.77,593820,145381.0,144865.0,4100.0,4110.0,4016.1,4092.6,23569175,4501.8,3683.4,4440.0,3288.1,4036.0,125,4,4035.6,24,3,4035.5,33,2,4035.4,31,1,4035.3,37,2,4036.9,1,1,4037.0,115,2,4037.3,13,1,4037.4,18,1,4037.5,2,1
11483,2026-07-02 10:36:41+05:30,4037.0,26,4047.77,593820,145381.0,144865.0,4100.0,4110.0,4016.1,4092.6,23569175,4501.8,3683.4,4440.0,3288.1,4036.0,125,4,4035.6,24,3,4035.5,33,2,4035.4,31,1,4035.3,37,2,4036.9,1,1,4037.0,115,2,4037.3,13,1,4037.4,18,1,4037.5,2,1
11483,2026-07-02 10:36:41+05:30,4037.0,10,4047.77,593967,145552.0,145677.0,4100.0,4110.0,4016.1,4092.6,23569175,4501.8,3683.4,4440.0,3288.1,4036.0,139,5,4035.7,7,2,4035.6,22,2,4035.5,44,3,4035.3,37,2,4036.6,145,1,4037.3,2,1,4037.4,18,1,4037.6,25,3,4037.7,12,1
11483,2026-07-02 10:36:42+05:30,4036.0,1,4047.77,593967,145552.0,145677.0,4100.0,4110.0,4016.1,4092.6,23569175,4501.8,3683.4,4440.0,3288.1,4036.0,139,5,4035.7,7,2,4035.6,22,2,4035.5,44,3,4035.3,37,2,4036.6,145,1,4037.3,2,1,4037.4,18,1,4037.6,25,3,4037.7,12,1
11483,2026-07-02 10:36:42+05:30,4036.0,1,4047.77,594003,145806.0,145782.0,4100.0,4110.0,4016.1,4092.6,23569175,4501.8,3683.4,4440.0,3288.1,4036.0,289,4,4035.7,2,1,4035.6,22,2,4035.5,26,2,4035.3,57,3,4036.6,148,2,4037.4,31,2,4037.5,2,1,4037.6,25,3,4037.7,12,1
11483,2026-07-02 10:36:43+05:30,4036.6,3,4047.77,594003,145806.0,145782.0,4100.0,4110.0,4016.1,4092.6,23569175,4501.8,3683.4,4440.0,3288.1,4036.0,289,4,4035.7,2,1,4035.6,22,2,4035.5,26,2,4035.3,57,3,4036.6,148,2,4037.4,31,2,4037.5,2,1,4037.6,25,3,4037.7,12,1
11483,2026-07-02 10:36:43+05:30,4036.6,3,4047.77,594006,145778.0,145776.0,4100.0,4110.0,4016.1,4092.6,23569175,4501.8,3683.4,4440.0,3288.1,4036.0,303,5,4035.7,2,1,4035.6,22,2,4035.5,26,2,4035.3,57,3,4036.6,145,2,4036.9,5,1,4037.0,25,1,4037.3,2,1,4037.4,31,2
11483,2026-07-02 10:36:44+05:30,4036.6,3,4047.77,594006,145798.0,145789.0,4100.0,4110.0,4016.1,4092.6,23569175,4501.8,3683.4,4440.0,3288.1,4036.0,413,7,4035.7,2,1,4035.6,22,2,4035.5,26,2,4035.3,57,3,4036.6,145,2,4036.9,7,2,4037.0,25,1,4037.4,31,2,4037.5,2,1
11483,2026-07-02 10:36:45+05:30,4036.6,4,4047.77,594018,145798.0,145754.0,4100.0,4110.0,4016.1,4092.6,23569175,4501.8,3683.4,4440.0,3288.1,4036.0,589,8,4035.7,2,1,4035.6,22,2,4035.5,26,2,4035.3,57,3,4036.6,133,2,4036.9,7,2,4037.0,25,1,4037.4,31,2,4037.6,27,4
11483,2026-07-02 10:36:46+05:30,4036.6,8,4047.77,594018,145798.0,145754.0,4100.0,4110.0,4016.1,4092.6,23569175,4501.8,3683.4,4440.0,3288.1,4036.0,589,8,4035.7,2,1,4035.6,22,2,4035.5,26,2,4035.3,57,3,4036.6,133,2,4036.9,7,2,4037.0,25,1,4037.4,31,2,4037.6,27,4
11483,2026-07-02 10:36:46+05:30,4036.6,8,4047.77,594028,145798.0,145824.0,4100.0,4110.0,4016.1,4092.6,23569175,4501.8,3683.4,4440.0,3288.1,4036.0,589,8,4035.7,2,1,4035.6,22,2,4035.5,26,2,4035.3,57,3,4036.6,123,2,4036.9,7,2,4037.0,75,2,4037.4,31,2,4037.5,2,1
11483,2026-07-02 10:36:47+05:30,4036.6,8,4047.77,594028,145793.0,145797.0,4100.0,4110.0,4016.1,4092.6,23569175,4501.8,3683.4,4440.0,3288.1,4036.0,605,10,4035.9,9,2,4035.7,2,1,4035.6,33,3,4035.5,26,2,4036.6,123,2,4036.9,7,2,4037.0,75,2,4037.4,18,1,4037.6,3,2
11483,2026-07-02 10:36:48+05:30,4036.6,8,4047.77,594028,145789.0,145856.0,4100.0,4110.0,4016.1,4092.6,23569175,4501.8,3683.4,4440.0,3288.1,4036.0,616,11,4035.9,9,2,4035.7,2,1,4035.6,33,3,4035.5,26,2,4036.6,123,2,4036.8,11,1,4036.9,7,2,4037.0,76,3,4037.4,18,1
11483,2026-07-02 10:36:49+05:30,4036.0,86,4047.77,594028,145789.0,145856.0,4100.0,4110.0,4016.1,4092.6,23569175,4501.8,3683.4,4440.0,3288.1,4036.0,616,11,4035.9,9,2,4035.7,2,1,4035.6,33,3,4035.5,26,2,4036.6,123,2,4036.8,11,1,4036.9,7,2,4037.0,76,3,4037.4,18,1
11483,2026-07-02 10:36:49+05:30,4036.0,86,4047.77,594207,145595.0,146204.0,4100.0,4110.0,4016.1,4092.6,23569175,4501.8,3683.4,4440.0,3288.1,4036.0,425,7,4035.9,2,1,4035.8,8,1,4035.7,9,1,4035.6,43,4,4036.6,119,2,4036.8,11,1,4036.9,7,2,4037.0,76,3,4037.3,7,2
11483,2026-07-02 10:36:50+05:30,4036.0,86,4047.77,594207,145587.0,146354.0,4100.0,4110.0,4016.1,4092.6,23569175,4501.8,3683.4,4440.0,3288.1,4036.0,425,7,4035.9,2,1,4035.8,8,1,4035.7,9,1,4035.6,43,4,4036.6,119,2,4036.8,11,1,4036.9,7,2,4037.0,76,3,4037.3,7,2
11483,2026-07-02 10:36:51+05:30,4036.6,30,4047.77,594207,145587.0,146354.0,4100.0,4110.0,4016.1,4092.6,23569175,4501.8,3683.4,4440.0,3288.1,4036.0,425,7,4035.9,2,1,4035.8,8,1,4035.7,9,1,4035.6,43,4,4036.6,119,2,4036.8,11,1,4036.9,7,2,4037.0,76,3,4037.3,7,2
11483,2026-07-02 10:36:51+05:30,4036.8,11,4047.76,594360,145714.0,145230.0,4100.0,4110.0,4016.1,4092.6,23569175,4501.8,3683.4,4440.0,3288.1,4036.6,21,5,4036.5,34,4,4036.4,19,2,4036.3,38,4,4036.2,33,4,4036.8,11,1,4036.9,7,2,4037.0,76,3,4037.4,18,1,4037.6,1,1
11483,2026-07-02 10:36:52+05:30,4036.7,11,4047.76,594360,145714.0,145230.0,4100.0,4110.0,4016.1,4092.6,23569175,4501.8,3683.4,4440.0,3288.1,4036.6,21,5,4036.5,34,4,4036.4,19,2,4036.3,38,4,4036.2,33,4,4036.8,11,1,4036.9,7,2,4037.0,76,3,4037.4,18,1,4037.6,1,1
11483,2026-07-02 10:36:52+05:30,4037.0,10,4047.76,594457,145739.0,145497.0,4100.0,4110.0,4016.1,4092.6,23569175,4501.8,3683.4,4440.0,3288.1,4036.7,23,3,4036.6,5,3,4036.5,3,1,4036.3,35,3,4036.2,39,4,4037.0,64,3,4037.4,18,1,4037.6,1,1,4037.7,1,1,4037.9,5,1
11483,2026-07-02 10:36:53+05:30,4037.0,10,4047.76,594457,145739.0,145497.0,4100.0,4110.0,4016.1,4092.6,23569175,4501.8,3683.4,4440.0,3288.1,4036.7,23,3,4036.6,5,3,4036.5,3,1,4036.3,35,3,4036.2,39,4,4037.0,64,3,4037.4,18,1,4037.6,1,1,4037.7,1,1,4037.9,5,1
11483,2026-07-02 10:36:53+05:30,4037.0,10,4047.76,594457,145466.0,145574.0,4100.0,4110.0,4016.1,4092.6,23569175,4501.8,3683.4,4440.0,3288.1,4036.7,23,3,4036.6,5,3,4036.5,3,1,4036.3,35,3,4036.2,39,4,4037.0,65,4,4037.4,18,1,4037.6,1,1,4037.7,1,1,4037.9,5,1
11483,2026-07-02 10:36:55+05:30,4037.0,5,4047.76,594462,145519.0,145574.0,4100.0,4110.0,4016.1,4092.6,23569175,4501.8,3683.4,4440.0,3288.1,4036.7,23,3,4036.6,5,3,4036.5,3,1,4036.3,35,3,4036.2,39,4,4037.0,60,4,4037.4,18,1,4037.6,1,1,4037.7,1,1,4037.9,5,1
11483,2026-07-02 10:36:55+05:30,4037.0,1,4047.76,594462,145519.0,145574.0,4100.0,4110.0,4016.1,4092.6,23569175,4501.8,3683.4,4440.0,3288.1,4036.7,23,3,4036.6,5,3,4036.5,3,1,4036.3,35,3,4036.2,39,4,4037.0,60,4,4037.4,18,1,4037.6,1,1,4037.7,1,1,4037.9,5,1
11483,2026-07-02 10:36:56+05:30,4037.0,1,4047.76,594463,145526.0,145506.0,4100.0,4110.0,4016.1,4092.6,23569175,4501.8,3683.4,4440.0,3288.1,4036.7,21,3,4036.6,20,4,4036.5,3,1,4036.3,35,3,4036.2,22,3,4037.0,59,4,4037.4,18,1,4037.6,1,1,4037.7,1,1,4037.9,5,1
11483,2026-07-02 10:36:56+05:30,4037.0,17,4047.76,594463,145526.0,145506.0,4100.0,4110.0,4016.1,4092.6,23569175,4501.8,3683.4,4440.0,3288.1,4036.7,21,3,4036.6,20,4,4036.5,3,1,4036.3,35,3,4036.2,22,3,4037.0,59,4,4037.4,18,1,4037.6,1,1,4037.7,1,1,4037.9,5,1
11483,2026-07-02 10:36:56+05:30,4037.0,5,4047.76,594492,145534.0,145517.0,4100.0,4110.0,4016.1,4092.6,23569175,4501.8,3683.4,4440.0,3288.1,4036.7,21,3,4036.6,20,4,4036.5,3,1,4036.3,35,3,4036.2,22,3,4037.0,32,4,4037.4,18,1,4037.6,1,1,4037.7,1,1,4037.9,5,1
11483,2026-07-02 10:36:57+05:30,4037.0,5,4047.76,594492,145534.0,145517.0,4100.0,4110.0,4016.1,4092.6,23569175,4501.8,3683.4,4440.0,3288.1,4036.7,21,3,4036.6,20,4,4036.5,3,1,4036.3,35,3,4036.2,22,3,4037.0,32,4,4037.4,18,1,4037.6,1,1,4037.7,1,1,4037.9,5,1
11483,2026-07-02 10:36:57+05:30,4037.0,5,4047.76,594492,145519.0,145523.0,4100.0,4110.0,4016.1,4092.6,23569175,4501.8,3683.4,4440.0,3288.1,4036.7,18,2,4036.6,20,4,4036.5,3,1,4036.3,35,3,4036.2,22,3,4037.0,32,4,4037.4,18,1,4037.6,1,1,4037.7,1,1,4037.9,5,1
11483,2026-07-02 10:36:58+05:30,4037.0,5,4047.76,594492,145548.0,145528.0,4100.0,4110.0,4016.1,4092.6,23569175,4501.8,3683.4,4440.0,3288.1,4036.7,18,2,4036.6,25,5,4036.5,3,1,4036.3,35,3,4036.2,22,3,4037.0,32,4,4037.4,18,1,4037.6,1,1,4037.7,1,1,4037.9,5,1
11483,2026-07-02 10:36:59+05:30,4037.0,10,4047.76,594492,145548.0,145528.0,4100.0,4110.0,4016.1,4092.6,23569175,4501.8,3683.4,4440.0,3288.1,4036.7,18,2,4036.6,25,5,4036.5,3,1,4036.3,35,3,4036.2,22,3,4037.0,32,4,4037.4,18,1,4037.6,1,1,4037.7,1,1,4037.9,5,1
11483,2026-07-02 10:36:59+05:30,4037.0,10,4047.76,594512,145370.0,145707.0,4100.0,4110.0,4016.1,4092.6,23569175,4501.8,3683.4,4440.0,3288.1,4036.6,29,3,4036.2,15,1,4036.1,71,4,4036.0,447,12,4035.9,44,4,4037.0,13,5,4037.4,18,1,4037.6,1,1,4037.7,1,1,4037.9,7,2
11483,2026-07-02 10:37:00+05:30,4037.0,5,4047.76,594512,145370.0,145707.0,4100.0,4110.0,4016.1,4092.6,23569175,4501.8,3683.4,4440.0,3288.1,4036.6,29,3,4036.2,15,1,4036.1,71,4,4036.0,447,12,4035.9,44,4,4037.0,13,5,4037.4,18,1,4037.6,1,1,4037.7,1,1,4037.9,7,2
11483,2026-07-02 10:37:00+05:30,4037.4,3,4047.76,594541,145724.0,145574.0,4100.0,4110.0,4016.1,4092.6,23569175,4501.8,3683.4,4440.0,3288.1,4037.0,5,1,4036.6,19,3,4036.5,100,1,4036.3,4,1,4036.2,29,2,4037.4,13,1,4037.6,1,1,4037.7,1,1,4037.9,7,2,4038.0,51,12
11483,2026-07-02 10:37:01+05:30,4036.7,7,4047.76,594541,145724.0,145574.0,4100.0,4110.0,4016.1,4092.6,23569175,4501.8,3683.4,4440.0,3288.1,4037.0,5,1,4036.6,19,3,4036.5,100,1,4036.3,4,1,4036.2,29,2,4037.4,13,1,4037.6,1,1,4037.7,1,1,4037.9,7,2,4038.0,51,12
11483,2026-07-02 10:37:01+05:30,4036.7,7,4047.76,594813,145110.0,145398.0,4100.0,4110.0,4016.1,4092.6,23569175,4501.8,3683.4,4440.0,3288.1,4036.6,29,4,4036.5,100,1,4036.3,29,2,4036.2,22,2,4036.1,61,3,4036.7,78,1,4037.0,1,1,4037.4,14,2,4037.6,1,1,4037.7,1,1
11483,2026-07-02 10:37:02+05:30,4037.0,1,4047.76,594813,145110.0,145398.0,4100.0,4110.0,4016.1,4092.6,23569175,4501.8,3683.4,4440.0,3288.1,4036.6,29,4,4036.5,100,1,4036.3,29,2,4036.2,22,2,4036.1,61,3,4036.7,78,1,4037.0,1,1,4037.4,14,2,4037.6,1,1,4037.7,1,1
11483,2026-07-02 10:37:02+05:30,4037.0,1,4047.75,594898,145535.0,145416.0,4100.0,4110.0,4016.1,4092.6,23569175,4501.8,3683.4,4440.0,3288.1,4037.0,30,7,4036.9,5,1,4036.7,8,2,4036.6,39,5,4036.5,115,2,4037.4,8,1,4037.6,1,1,4037.7,1,1,4037.9,5,1,4038.0,49,11
11483,2026-07-02 10:37:03+05:30,4037.4,41,4047.75,594948,145972.0,145749.0,4100.0,4110.0,4016.1,4092.6,23569175,4501.8,3683.4,4440.0,3288.1,4037.3,42,1,4037.2,65,3,4037.1,45,2,4037.0,12,4,4036.9,47,2,4037.6,1,1,4037.7,1,1,4037.9,5,1,4038.0,49,11,4038.1,1,1
11483,2026-07-02 10:37:04+05:30,4037.4,41,4047.75,594948,145972.0,145749.0,4100.0,4110.0,4016.1,4092.6,23569175,4501.8,3683.4,4440.0,3288.1,4037.3,42,1,4037.2,65,3,4037.1,45,2,4037.0,12,4,4036.9,47,2,4037.6,1,1,4037.7,1,1,4037.9,5,1,4038.0,49,11,4038.1,1,1
11483,2026-07-02 10:37:04+05:30,4037.4,1,4047.75,594949,145901.0,144956.0,4100.0,4110.0,4016.1,4092.6,23569175,4501.8,3683.4,4440.0,3288.1,4037.4,41,1,4037.3,42,1,4037.2,69,4,4037.1,3,1,4037.0,54,5,4037.6,2,2,4037.7,1,1,4037.9,5,1,4038.0,49,11,4038.1,1,1
11483,2026-07-02 10:37:05+05:30,4037.6,1,4047.75,594949,145901.0,144956.0,4100.0,4110.0,4016.1,4092.6,23569175,4501.8,3683.4,4440.0,3288.1,4037.4,41,1,4037.3,42,1,4037.2,69,4,4037.1,3,1,4037.0,54,5,4037.6,2,2,4037.7,1,1,4037.9,5,1,4038.0,49,11,4038.1,1,1
11483,2026-07-02 10:37:05+05:30,4037.6,1,4047.75,594958,146052.0,144918.0,4100.0,4110.0,4016.1,4092.6,23569175,4501.8,3683.4,4440.0,3288.1,4037.6,72,1,4037.4,96,3,4037.3,42,1,4037.2,4,1,4037.1,70,3,4037.7,1,1,4037.9,5,1,4038.0,49,11,4038.1,1,1,4038.2,1,1
11483,2026-07-02 10:37:06+05:30,4037.6,5,4047.75,594958,146052.0,144918.0,4100.0,4110.0,4016.1,4092.6,23569175,4501.8,3683.4,4440.0,3288.1,4037.6,72,1,4037.4,96,3,4037.3,42,1,4037.2,4,1,4037.1,70,3,4037.7,1,1,4037.9,5,1,4038.0,49,11,4038.1,1,1,4038.2,1,1
11483,2026-07-02 10:37:07+05:30,4037.7,42,4047.75,595012,146039.0,145791.0,4100.0,4110.0,4016.1,4092.6,23569175,4501.8,3683.4,4440.0,3288.1,4037.6,109,2,4037.4,97,3,4037.1,25,1,4037.0,14,5,4036.9,23,2,4037.7,133,1,4037.9,5,1,4038.0,49,11,4038.1,1,1,4038.2,1,1
11483,2026-07-02 10:37:07+05:30,4037.7,42,4047.75,595012,146039.0,145791.0,4100.0,4110.0,4016.1,4092.6,23569175,4501.8,3683.4,4440.0,3288.1,4037.6,109,2,4037.4,97,3,4037.1,25,1,4037.0,14,5,4036.9,23,2,4037.7,133,1,4037.9,5,1,4038.0,49,11,4038.1,1,1,4038.2,1,1
11483,2026-07-02 10:37:08+05:30,4039.0,4,4047.75,595321,145772.0,145448.0,4100.0,4110.0,4016.1,4092.6,23569175,4501.8,3683.4,4440.0,3288.1,4038.4,10,1,4037.6,67,1,4037.4,97,3,4037.3,4,1,4037.2,42,1,4038.8,8,1,4038.9,19,2,4039.0,44,4,4039.2,188,3,4039.3,36,3
11483,2026-07-02 10:37:08+05:30,4037.6,5,4047.75,595321,145772.0,145448.0,4100.0,4110.0,4016.1,4092.6,23569175,4501.8,3683.4,4440.0,3288.1,4038.4,10,1,4037.6,67,1,4037.4,97,3,4037.3,4,1,4037.2,42,1,4038.8,8,1,4038.9,19,2,4039.0,44,4,4039.2,188,3,4039.3,36,3
11483,2026-07-02 10:37:09+05:30,4037.6,5,4047.74,595467,145462.0,146056.0,4100.0,4110.0,4016.1,4092.6,23569175,4501.8,3683.4,4440.0,3288.1,4037.6,57,1,4037.4,40,1,4037.1,25,1,4037.0,67,6,4036.9,28,2,4037.7,39,1,4038.6,23,2,4038.8,17,4,4038.9,9,2,4039.0,44,4
11483,2026-07-02 10:37:09+05:30,4037.6,1,4047.74,595467,145462.0,146056.0,4100.0,4110.0,4016.1,4092.6,23569175,4501.8,3683.4,4440.0,3288.1,4037.6,57,1,4037.4,40,1,4037.1,25,1,4037.0,67,6,4036.9,28,2,4037.7,39,1,4038.6,23,2,4038.8,17,4,4038.9,9,2,4039.0,44,4
11483,2026-07-02 10:37:10+05:30,4037.7,10,4047.74,595478,146775.0,146027.0,4100.0,4110.0,4016.1,4092.6,23569175,4501.8,3683.4,4440.0,3288.1,4037.6,56,1,4037.5,42,1,4037.4,82,2,4037.2,42,1,4037.1,25,1,4037.7,30,2,4038.6,12,1,4038.8,16,3,4038.9,12,3,4039.0,62,5
11483,2026-07-02 10:37:10+05:30,4037.7,2,4047.74,595478,146775.0,146027.0,4100.0,4110.0,4016.1,4092.6,23569175,4501.8,3683.4,4440.0,3288.1,4037.6,56,1,4037.5,42,1,4037.4,82,2,4037.2,42,1,4037.1,25,1,4037.7,30,2,4038.6,12,1,4038.8,16,3,4038.9,12,3,4039.0,62,5
11483,2026-07-02 10:37:11+05:30,4037.6,2,4047.74,595482,146500.0,146208.0,4100.0,4110.0,4016.1,4092.6,23569175,4501.8,3683.4,4440.0,3288.1,4037.1,25,1,4037.0,60,5,4036.8,9,1,4036.7,10,1,4036.6,43,6,4037.6,48,1,4037.7,29,3,4038.4,11,1,4038.6,40,2,4038.7,2,1
11483,2026-07-02 10:37:11+05:30,4037.6,2,4047.74,595482,146500.0,146208.0,4100.0,4110.0,4016.1,4092.6,23569175,4501.8,3683.4,4440.0,3288.1,4037.1,25,1,4037.0,60,5,4036.8,9,1,4036.7,10,1,4036.6,43,6,4037.6,48,1,4037.7,29,3,4038.4,11,1,4038.6,40,2,4038.7,2,1
11483,2026-07-02 10:37:12+05:30,4037.7,3,4047.74,595535,146256.0,146492.0,4100.0,4110.0,4016.1,4092.6,23569175,4501.8,3683.4,4440.0,3288.1,4037.1,25,1,4037.0,60,5,4036.6,22,4,4036.5,125,2,4036.4,3,1,4037.4,81,1,4037.5,42,1,4037.6,42,1,4037.7,66,3,4037.9,42,1
11483,2026-07-02 10:37:12+05:30,4037.7,3,4047.74,595535,146256.0,146492.0,4100.0,4110.0,4016.1,4092.6,23569175,4501.8,3683.4,4440.0,3288.1,4037.1,25,1,4037.0,60,5,4036.6,22,4,4036.5,125,2,4036.4,3,1,4037.4,81,1,4037.5,42,1,4037.6,42,1,4037.7,66,3,4037.9,42,1
11483,2026-07-02 10:37:13+05:30,4037.7,3,4047.74,595535,146264.0,146519.0,4100.0,4110.0,4016.1,4092.6,23569175,4501.8,3683.4,4440.0,3288.1,4037.1,25,1,4037.0,60,5,4036.6,20,3,4036.5,125,2,4036.1,7,2,4037.3,81,1,4037.4,44,2,4037.5,42,1,4037.6,60,3,4037.7,24,2
11483,2026-07-02 10:37:14+05:30,4037.0,2,4047.74,595620,145871.0,146910.0,4100.0,4110.0,4016.1,4092.6,23569175,4501.8,3683.4,4440.0,3288.1,4036.6,20,3,4036.5,125,2,4036.1,2,1,4036.0,425,9,4035.9,20,1,4037.0,15,1,4037.2,89,2,4037.3,42,1,4037.4,42,1,4037.5,42,1
11483,2026-07-02 10:37:14+05:30,4036.8,10,4047.74,595620,145871.0,146910.0,4100.0,4110.0,4016.1,4092.6,23569175,4501.8,3683.4,4440.0,3288.1,4036.6,20,3,4036.5,125,2,4036.1,2,1,4036.0,425,9,4035.9,20,1,4037.0,15,1,4037.2,89,2,4037.3,42,1,4037.4,42,1,4037.5,42,1
11483,2026-07-02 10:37:15+05:30,4036.8,13,4047.74,595643,145746.0,147069.0,4100.0,4110.0,4016.1,4092.6,23569175,4501.8,3683.4,4440.0,3288.1,4036.6,20,3,4036.5,125,2,4036.1,2,1,4036.0,425,9,4035.8,10,2,4036.8,19,1,4036.9,42,1,4037.0,58,3,4037.2,50,2,4037.5,18,1
11483,2026-07-02 10:37:15+05:30,4036.8,13,4047.74,595643,145746.0,147069.0,4100.0,4110.0,4016.1,4092.6,23569175,4501.8,3683.4,4440.0,3288.1,4036.6,20,3,4036.5,125,2,4036.1,2,1,4036.0,425,9,4035.8,10,2,4036.8,19,1,4036.9,42,1,4037.0,58,3,4037.2,50,2,4037.5,18,1
11483,2026-07-02 10:37:16+05:30,4036.7,5,4047.74,595678,145921.0,147151.0,4100.0,4110.0,4016.1,4092.6,23569175,4501.8,3683.4,4440.0,3288.1,4036.6,20,3,4036.5,100,1,4036.0,428,11,4035.8,30,3,4035.7,9,1,4036.7,23,1,4036.8,14,1,4036.9,42,1,4037.0,57,2,4037.2,42,1
11483,2026-07-02 10:37:16+05:30,4036.7,5,4047.74,595678,145921.0,147151.0,4100.0,4110.0,4016.1,4092.6,23569175,4501.8,3683.4,4440.0,3288.1,4036.6,20,3,4036.5,100,1,4036.0,428,11,4035.8,30,3,4035.7,9,1,4036.7,23,1,4036.8,14,1,4036.9,42,1,4037.0,57,2,4037.2,42,1
11483,2026-07-02 10:37:17+05:30,4036.7,4,4047.74,595683,145931.0,146909.0,4100.0,4110.0,4016.1,4092.6,23569175,4501.8,3683.4,4440.0,3288.1,4036.6,20,3,4036.5,100,1,4036.0,428,11,4035.8,30,3,4035.7,9,1,4036.7,19,1,4036.8,14,1,4036.9,42,1,4037.0,57,2,4037.2,42,1
11483,2026-07-02 10:37:17+05:30,4036.7,4,4047.74,595683,145931.0,146909.0,4100.0,4110.0,4016.1,4092.6,23569175,4501.8,3683.4,4440.0,3288.1,4036.6,20,3,4036.5,100,1,4036.0,428,11,4035.8,30,3,4035.7,9,1,4036.7,19,1,4036.8,14,1,4036.9,42,1,4037.0,57,2,4037.2,42,1
11483,2026-07-02 10:37:18+05:30,4036.7,4,4047.74,595683,145737.0,147001.0,4100.0,4110.0,4016.1,4092.6,23569175,4501.8,3683.4,4440.0,3288.1,4036.6,20,3,4036.5,100,1,4036.0,250,9,4035.9,2,1,4035.8,28,2,4036.7,20,2,4036.8,14,1,4036.9,42,1,4037.0,61,3,4037.1,7,1
11483,2026-07-02 10:37:19+05:30,4036.8,5,4047.74,595734,145571.0,147006.0,4100.0,4110.0,4016.1,4092.6,23569175,4501.8,3683.4,4440.0,3288.1,4036.6,20,3,4036.5,100,1,4036.0,250,9,4035.8,28,2,4035.7,29,3,4036.7,1,1,4036.8,50,1,4036.9,40,1,4037.0,19,2,4037.1,42,1
11483,2026-07-02 10:37:19+05:30,4036.8,5,4047.74,595734,145571.0,147006.0,4100.0,4110.0,4016.1,4092.6,23569175,4501.8,3683.4,4440.0,3288.1,4036.6,20,3,4036.5,100,1,4036.0,250,9,4035.8,28,2,4035.7,29,3,4036.7,1,1,4036.8,50,1,4036.9,40,1,4037.0,19,2,4037.1,42,1
11483,2026-07-02 10:37:20+05:30,4036.8,20,4047.74,595734,145571.0,147006.0,4100.0,4110.0,4016.1,4092.6,23569175,4501.8,3683.4,4440.0,3288.1,4036.6,20,3,4036.5,100,1,4036.0,250,9,4035.8,28,2,4035.7,29,3,4036.7,1,1,4036.8,50,1,4036.9,40,1,4037.0,19,2,4037.1,42,1
11483,2026-07-02 10:37:20+05:30,4036.7,1,4047.74,595780,145606.0,147028.0,4100.0,4110.0,4016.1,4092.6,23569175,4501.8,3683.4,4440.0,3288.1,4036.6,20,3,4036.5,100,1,4036.0,250,9,4035.8,30,3,4035.7,9,1,4036.7,6,1,4036.8,22,1,4036.9,40,1,4037.0,61,3,4037.2,42,1
11483,2026-07-02 10:37:21+05:30,4036.9,35,4047.74,595780,145606.0,147028.0,4100.0,4110.0,4016.1,4092.6,23569175,4501.8,3683.4,4440.0,3288.1,4036.6,20,3,4036.5,100,1,4036.0,250,9,4035.8,30,3,4035.7,9,1,4036.7,6,1,4036.8,22,1,4036.9,40,1,4037.0,61,3,4037.2,42,1
11483,2026-07-02 10:37:21+05:30,4036.9,35,4047.74,595838,145677.0,146956.0,4100.0,4110.0,4016.1,4092.6,23569175,4501.8,3683.4,4440.0,3288.1,4036.6,10,2,4036.5,100,1,4036.1,2,1,4036.0,250,9,4035.8,28,2,4037.0,19,2,4037.6,7,1,4037.7,107,6,4038.0,61,5,4038.1,36,2
11483,2026-07-02 10:37:22+05:30,4036.9,35,4047.74,595838,145677.0,146956.0,4100.0,4110.0,4016.1,4092.6,23569175,4501.8,3683.4,4440.0,3288.1,4036.6,10,2,4036.5,100,1,4036.1,2,1,4036.0,250,9,4035.8,28,2,4037.0,19,2,4037.6,7,1,4037.7,107,6,4038.0,61,5,4038.1,36,2
11483,2026-07-02 10:37:22+05:30,4035.6,5,4047.74,595838,145677.0,146956.0,4100.0,4110.0,4016.1,4092.6,23569175,4501.8,3683.4,4440.0,3288.1,4036.6,10,2,4036.5,100,1,4036.1,2,1,4036.0,250,9,4035.8,28,2,4037.0,19,2,4037.6,7,1,4037.7,107,6,4038.0,61,5,4038.1,36,2
11483,2026-07-02 10:37:22+05:30,4036.2,2,4047.73,596453,145566.0,147063.0,4100.0,4110.0,4016.1,4092.6,23569175,4501.8,3683.4,4440.0,3288.1,4036.2,40,4,4036.1,55,3,4036.0,52,3,4035.9,64,3,4035.8,20,2,4037.8,13,2,4037.9,42,3,4038.0,21,3,4038.2,8,1,4038.3,18,2
11483,2026-07-02 10:37:22+05:30,4036.2,2,4047.73,596453,145566.0,147063.0,4100.0,4110.0,4016.1,4092.6,23569175,4501.8,3683.4,4440.0,3288.1,4036.2,40,4,4036.1,55,3,4036.0,52,3,4035.9,64,3,4035.8,20,2,4037.8,13,2,4037.9,42,3,4038.0,21,3,4038.2,8,1,4038.3,18,2
11483,2026-07-02 10:37:23+05:30,4036.2,2,4047.73,596453,145566.0,147063.0,4100.0,4110.0,4016.1,4092.6,23569175,4501.8,3683.4,4440.0,3288.1,4036.2,40,4,4036.1,55,3,4036.0,52,3,4035.9,64,3,4035.8,20,2,4037.8,13,2,4037.9,42,3,4038.0,21,3,4038.2,8,1,4038.3,18,2
11483,2026-07-02 10:37:23+05:30,4036.2,2,4047.73,596453,145566.0,147063.0,4100.0,4110.0,4016.1,4092.6,23569175,4501.8,3683.4,4440.0,3288.1,4036.2,40,4,4036.1,55,3,4036.0,52,3,4035.9,64,3,4035.8,20,2,4037.8,13,2,4037.9,42,3,4038.0,21,3,4038.2,8,1,4038.3,18,2
11483,2026-07-02 10:37:23+05:30,4036.2,2,4047.73,596453,145566.0,147063.0,4100.0,4110.0,4016.1,4092.6,23569175,4501.8,3683.4,4440.0,3288.1,4036.2,40,4,4036.1,55,3,4036.0,52,3,4035.9,64,3,4035.8,20,2,4037.8,13,2,4037.9,42,3,4038.0,21,3,4038.2,8,1,4038.3,18,2
11483,2026-07-02 10:37:23+05:30,4038.2,55,4047.72,596553,145876.0,147139.0,4100.0,4110.0,4016.1,4092.6,23569175,4501.8,3683.4,4440.0,3288.1,4036.4,30,1,4036.3,40,3,4036.2,106,6,4036.1,12,1,4036.0,28,2,4037.9,22,3,4038.0,28,3,4038.1,21,3,4038.2,47,4,4038.4,2,1
11483,2026-07-02 10:37:24+05:30,4038.2,55,4047.72,596553,145876.0,147139.0,4100.0,4110.0,4016.1,4092.6,23569175,4501.8,3683.4,4440.0,3288.1,4036.4,30,1,4036.3,40,3,4036.2,106,6,4036.1,12,1,4036.0,28,2,4037.9,22,3,4038.0,28,3,4038.1,21,3,4038.2,47,4,4038.4,2,1
11483,2026-07-02 10:37:24+05:30,4038.2,55,4047.72,596553,145876.0,147139.0,4100.0,4110.0,4016.1,4092.6,23569175,4501.8,3683.4,4440.0,3288.1,4036.4,30,1,4036.3,40,3,4036.2,106,6,4036.1,12,1,4036.0,28,2,4037.9,22,3,4038.0,28,3,4038.1,21,3,4038.2,47,4,4038.4,2,1
11483,2026-07-02 10:37:24+05:30,4038.2,55,4047.72,596553,145876.0,147139.0,4100.0,4110.0,4016.1,4092.6,23569175,4501.8,3683.4,4440.0,3288.1,4036.4,30,1,4036.3,40,3,4036.2,106,6,4036.1,12,1,4036.0,28,2,4037.9,22,3,4038.0,28,3,4038.1,21,3,4038.2,47,4,4038.4,2,1
11483,2026-07-02 10:37:24+05:30,4038.2,55,4047.72,596553,145633.0,147188.0,4100.0,4110.0,4016.1,4092.6,23569175,4501.8,3683.4,4440.0,3288.1,4036.4,30,1,4036.3,23,2,4036.2,94,5,4036.1,29,2,4036.0,28,2,4037.8,13,2,4037.9,23,4,4038.0,28,3,4038.1,38,4,4038.2,91,7
11483,2026-07-02 10:37:25+05:30,4038.2,55,4047.72,596553,145633.0,147188.0,4100.0,4110.0,4016.1,4092.6,23569175,4501.8,3683.4,4440.0,3288.1,4036.4,30,1,4036.3,23,2,4036.2,94,5,4036.1,29,2,4036.0,28,2,4037.8,13,2,4037.9,23,4,4038.0,28,3,4038.1,38,4,4038.2,91,7
11483,2026-07-02 10:37:25+05:30,4037.5,2,4047.72,596553,145633.0,147188.0,4100.0,4110.0,4016.1,4092.6,23569175,4501.8,3683.4,4440.0,3288.1,4036.4,30,1,4036.3,23,2,4036.2,94,5,4036.1,29,2,4036.0,28,2,4037.8,13,2,4037.9,23,4,4038.0,28,3,4038.1,38,4,4038.2,91,7
11483,2026-07-02 10:37:25+05:30,4037.5,2,4047.72,596553,145633.0,147188.0,4100.0,4110.0,4016.1,4092.6,23569175,4501.8,3683.4,4440.0,3288.1,4036.4,30,1,4036.3,23,2,4036.2,94,5,4036.1,29,2,4036.0,28,2,4037.8,13,2,4037.9,23,4,4038.0,28,3,4038.1,38,4,4038.2,91,7
11483,2026-07-02 10:37:25+05:30,4037.5,2,4047.72,596557,145641.0,147218.0,4100.0,4110.0,4016.1,4092.6,23569175,4501.8,3683.4,4440.0,3288.1,4036.2,1,1,4036.0,31,3,4035.9,14,1,4035.8,11,1,4035.7,32,2,4037.5,11,2,4037.6,21,2,4037.8,24,3,4037.9,54,5,4038.0,48,4
11483,2026-07-02 10:37:26+05:30,4037.5,2,4047.72,596557,145641.0,147218.0,4100.0,4110.0,4016.1,4092.6,23585800,4501.8,3683.4,4440.0,3288.1,4036.2,1,1,4036.0,31,3,4035.9,14,1,4035.8,11,1,4035.7,32,2,4037.5,11,2,4037.6,21,2,4037.8,24,3,4037.9,54,5,4038.0,48,4
11483,2026-07-02 10:37:26+05:30,4036.2,1,4047.72,596557,145641.0,147218.0,4100.0,4110.0,4016.1,4092.6,23585800,4501.8,3683.4,4440.0,3288.1,4036.2,1,1,4036.0,31,3,4035.9,14,1,4035.8,11,1,4035.7,32,2,4037.5,11,2,4037.6,21,2,4037.8,24,3,4037.9,54,5,4038.0,48,4
11483,2026-07-02 10:37:26+05:30,4036.2,1,4047.72,596557,145641.0,147218.0,4100.0,4110.0,4016.1,4092.6,23585800,4501.8,3683.4,4440.0,3288.1,4036.2,1,1,4036.0,31,3,4035.9,14,1,4035.8,11,1,4035.7,32,2,4037.5,11,2,4037.6,21,2,4037.8,24,3,4037.9,54,5,4038.0,48,4
11483,2026-07-02 10:37:26+05:30,4036.2,2,4047.72,596572,145501.0,147612.0,4100.0,4110.0,4016.1,4092.6,23585800,4501.8,3683.4,4440.0,3288.1,4036.0,31,3,4035.9,14,1,4035.8,11,1,4035.7,15,1,4035.6,22,3,4036.9,30,1,4037.0,42,1,4037.1,42,1,4037.2,42,1,4037.4,59,2
11483,2026-07-02 10:37:27+05:30,4036.2,2,4047.72,596572,145501.0,147612.0,4100.0,4110.0,4016.1,4092.6,23585800,4501.8,3683.4,4440.0,3288.1,4036.0,31,3,4035.9,14,1,4035.8,11,1,4035.7,15,1,4035.6,22,3,4036.9,30,1,4037.0,42,1,4037.1,42,1,4037.2,42,1,4037.4,59,2
11483,2026-07-02 10:37:27+05:30,4036.0,10,4047.72,596572,145501.0,147612.0,4100.0,4110.0,4016.1,4092.6,23585800,4501.8,3683.4,4440.0,3288.1,4036.0,31,3,4035.9,14,1,4035.8,11,1,4035.7,15,1,4035.6,22,3,4036.9,30,1,4037.0,42,1,4037.1,42,1,4037.2,42,1,4037.4,59,2
11483,2026-07-02 10:37:27+05:30,4036.0,10,4047.72,596572,145501.0,147612.0,4100.0,4110.0,4016.1,4092.6,23585800,4501.8,3683.4,4440.0,3288.1,4036.0,31,3,4035.9,14,1,4035.8,11,1,4035.7,15,1,4035.6,22,3,4036.9,30,1,4037.0,42,1,4037.1,42,1,4037.2,42,1,4037.4,59,2
11483,2026-07-02 10:37:28+05:30,4036.0,10,4047.72,596999,145571.0,147865.0,4100.0,4110.0,4016.1,4092.6,23585800,4501.8,3683.4,4440.0,3288.1,4035.8,58,6,4035.7,35,4,4035.6,45,5,4035.5,54,5,4035.4,57,5,4036.6,42,1,4036.7,42,1,4036.8,42,1,4036.9,1,1,4037.0,42,1
11483,2026-07-02 10:37:28+05:30,4037.9,45,4047.72,596999,145571.0,147865.0,4100.0,4110.0,4016.1,4092.6,23585800,4501.8,3683.4,4440.0,3288.1,4035.8,58,6,4035.7,35,4,4035.6,45,5,4035.5,54,5,4035.4,57,5,4036.6,42,1,4036.7,42,1,4036.8,42,1,4036.9,1,1,4037.0,42,1
11483,2026-07-02 10:37:29+05:30,4037.9,45,4047.71,597174,146407.0,147420.0,4100.0,4110.0,4016.1,4092.6,23585800,4501.8,3683.4,4440.0,3288.1,4037.0,3,1,4036.2,1,1,4036.1,54,2,4036.0,77,5,4035.9,110,7,4037.8,22,2,4037.9,31,3,4038.0,22,2,4038.1,17,3,4038.2,16,3
11483,2026-07-02 10:37:29+05:30,4036.1,40,4047.71,597174,146407.0,147420.0,4100.0,4110.0,4016.1,4092.6,23585800,4501.8,3683.4,4440.0,3288.1,4037.0,3,1,4036.2,1,1,4036.1,54,2,4036.0,77,5,4035.9,110,7,4037.8,22,2,4037.9,31,3,4038.0,22,2,4038.1,17,3,4038.2,16,3
11483,2026-07-02 10:37:30+05:30,4037.9,2,4047.71,597239,146427.0,147308.0,4100.0,4110.0,4016.1,4092.6,23585800,4501.8,3683.4,4440.0,3288.1,4036.2,71,5,4036.1,37,3,4036.0,120,8,4035.9,112,7,4035.8,108,6,4037.9,22,2,4038.0,19,1,4038.1,15,2,4038.2,16,3,4038.3,22,2
11483,2026-07-02 10:37:30+05:30,4037.9,2,4047.71,597239,146427.0,147308.0,4100.0,4110.0,4016.1,4092.6,23585800,4501.8,3683.4,4440.0,3288.1,4036.2,71,5,4036.1,37,3,4036.0,120,8,4035.9,112,7,4035.8,108,6,4037.9,22,2,4038.0,19,1,4038.1,15,2,4038.2,16,3,4038.3,22,2
11483,2026-07-02 10:37:31+05:30,4037.9,3,4047.71,597248,146499.0,147279.0,4100.0,4110.0,4016.1,4092.6,23585800,4501.8,3683.4,4440.0,3288.1,4036.5,26,3,4036.4,44,3,4036.3,38,4,4036.2,44,4,4036.1,54,5,4037.9,4,2,4038.1,12,1,4038.2,13,2,4038.6,79,4,4038.7,22,2
11483,2026-07-02 10:37:31+05:30,4037.9,3,4047.71,597248,146499.0,147279.0,4100.0,4110.0,4016.1,4092.6,23585800,4501.8,3683.4,4440.0,3288.1,4036.5,26,3,4036.4,44,3,4036.3,38,4,4036.2,44,4,4036.1,54,5,4037.9,4,2,4038.1,12,1,4038.2,13,2,4038.6,79,4,4038.7,22,2
11483,2026-07-02 10:37:32+05:30,4037.9,2,4047.71,597251,146831.0,147298.0,4100.0,4110.0,4016.1,4092.6,23585800,4501.8,3683.4,4440.0,3288.1,4037.5,34,1,4036.6,17,1,4036.5,66,3,4036.4,27,1,4036.3,77,4,4037.9,1,1,4038.1,12,1,4038.2,13,2,4038.6,42,3,4038.7,20,1
11483,2026-07-02 10:37:32+05:30,4037.9,2,4047.71,597251,146831.0,147298.0,4100.0,4110.0,4016.1,4092.6,23585800,4501.8,3683.4,4440.0,3288.1,4037.5,34,1,4036.6,17,1,4036.5,66,3,4036.4,27,1,4036.3,77,4,4037.9,1,1,4038.1,12,1,4038.2,13,2,4038.6,42,3,4038.7,20,1
11483,2026-07-02 10:37:33+05:30,4037.9,1,4047.71,597259,147894.0,147348.0,4100.0,4110.0,4016.1,4092.6,23585800,4501.8,3683.4,4440.0,3288.1,4037.5,34,1,4036.6,17,1,4036.5,66,3,4036.4,27,1,4036.3,77,4,4037.9,5,3,4038.1,12,1,4038.2,13,2,4038.5,2,1,4038.6,40,2
11483,2026-07-02 10:37:33+05:30,4037.9,15,4047.71,597259,147894.0,147348.0,4100.0,4110.0,4016.1,4092.6,23585800,4501.8,3683.4,4440.0,3288.1,4037.5,34,1,4036.6,17,1,4036.5,66,3,4036.4,27,1,4036.3,77,4,4037.9,5,3,4038.1,12,1,4038.2,13,2,4038.5,2,1,4038.6,40,2
11483,2026-07-02 10:37:34+05:30,4036.0,9,4047.7,597645,146870.0,147611.0,4100.0,4110.0,4016.1,4092.6,23585800,4501.8,3683.4,4440.0,3288.1,4036.0,81,6,4035.9,51,4,4035.8,59,4,4035.7,32,3,4035.6,31,3,4037.5,124,1,4037.7,50,4,4037.8,3,1,4037.9,13,3,4038.0,51,4
11483,2026-07-02 10:37:34+05:30,4036.0,9,4047.7,597645,146870.0,147611.0,4100.0,4110.0,4016.1,4092.6,23585800,4501.8,3683.4,4440.0,3288.1,4036.0,81,6,4035.9,51,4,4035.8,59,4,4035.7,32,3,4035.6,31,3,4037.5,124,1,4037.7,50,4,4037.8,3,1,4037.9,13,3,4038.0,51,4
11483,2026-07-02 10:37:35+05:30,4037.4,10,4047.7,597655,146121.0,147886.0,4100.0,4110.0,4016.1,4092.6,23585800,4501.8,3683.4,4440.0,3288.1,4036.0,52,2,4035.3,39,1,4035.2,78,4,4035.1,127,4,4035.0,2772,15,4037.3,23,2,4037.4,42,3,4037.5,126,2,4037.6,41,3,4037.7,33,3
11483,2026-07-02 10:37:35+05:30,4037.4,10,4047.7,597655,146121.0,147886.0,4100.0,4110.0,4016.1,4092.6,23585800,4501.8,3683.4,4440.0,3288.1,4036.0,52,2,4035.3,39,1,4035.2,78,4,4035.1,127,4,4035.0,2772,15,4037.3,23,2,4037.4,42,3,4037.5,126,2,4037.6,41,3,4037.7,33,3
11483,2026-07-02 10:37:36+05:30,4037.5,3,4047.7,597658,146358.0,147952.0,4100.0,4110.0,4016.1,4092.6,23585800,4501.8,3683.4,4440.0,3288.1,4036.0,57,3,4035.4,20,1,4035.3,39,1,4035.2,28,3,4035.1,127,4,4037.4,33,2,4037.5,152,4,4037.6,14,2,4037.7,33,3,4037.8,23,2
11483,2026-07-02 10:37:36+05:30,4037.5,3,4047.7,597658,146358.0,147952.0,4100.0,4110.0,4016.1,4092.6,23585800,4501.8,3683.4,4440.0,3288.1,4036.0,57,3,4035.4,20,1,4035.3,39,1,4035.2,28,3,4035.1,127,4,4037.4,33,2,4037.5,152,4,4037.6,14,2,4037.7,33,3,4037.8,23,2
11483,2026-07-02 10:37:37+05:30,4037.4,1,4047.7,597659,146684.0,148023.0,4100.0,4110.0,4016.1,4092.6,23585800,4501.8,3683.4,4440.0,3288.1,4036.2,1,1,4036.0,57,3,4035.4,68,2,4035.3,87,2,4035.2,76,4,4037.4,35,4,4037.5,230,4,4037.6,14,2,4037.7,60,4,4037.8,23,2
11483,2026-07-02 10:37:37+05:30,4037.4,1,4047.7,597659,146684.0,148023.0,4100.0,4110.0,4016.1,4092.6,23585800,4501.8,3683.4,4440.0,3288.1,4036.2,1,1,4036.0,57,3,4035.4,68,2,4035.3,87,2,4035.2,76,4,4037.4,35,4,4037.5,230,4,4037.6,14,2,4037.7,60,4,4037.8,23,2
11483,2026-07-02 10:37:38+05:30,4036.2,1,4047.7,597664,146946.0,147854.0,4100.0,4110.0,4016.1,4092.6,23585800,4501.8,3683.4,4440.0,3288.1,4036.0,81,5,4035.8,8,1,4035.7,37,2,4035.5,58,3,4035.4,80,3,4037.4,17,3,4037.5,202,3,4037.7,31,2,4037.8,25,3,4037.9,39,5
11483,2026-07-02 10:37:38+05:30,4036.2,1,4047.7,597664,146946.0,147854.0,4100.0,4110.0,4016.1,4092.6,23585800,4501.8,3683.4,4440.0,3288.1,4036.0,81,5,4035.8,8,1,4035.7,37,2,4035.5,58,3,4035.4,80,3,4037.4,17,3,4037.5,202,3,4037.7,31,2,4037.8,25,3,4037.9,39,5
11483,2026-07-02 10:37:39+05:30,4037.5,40,4047.7,597664,146946.0,147854.0,4100.0,4110.0,4016.1,4092.6,23585800,4501.8,3683.4,4440.0,3288.1,4036.0,81,5,4035.8,8,1,4035.7,37,2,4035.5,58,3,4035.4,80,3,4037.4,17,3,4037.5,202,3,4037.7,31,2,4037.8,25,3,4037.9,39,5
11483,2026-07-02 10:37:39+05:30,4037.5,40,4047.7,597752,146934.0,147819.0,4100.0,4110.0,4016.1,4092.6,23585800,4501.8,3683.4,4440.0,3288.1,4036.0,108,6,4035.9,10,1,4035.8,28,3,4035.5,53,2,4035.4,68,2,4037.4,18,2,4037.5,131,3,4037.7,19,1,4037.9,22,5,4038.0,44,3
11483,2026-07-02 10:37:40+05:30,4036.0,5,4047.7,597752,146934.0,147819.0,4100.0,4110.0,4016.1,4092.6,23585800,4501.8,3683.4,4440.0,3288.1,4036.0,108,6,4035.9,10,1,4035.8,28,3,4035.5,53,2,4035.4,68,2,4037.4,18,2,4037.5,131,3,4037.7,19,1,4037.9,22,5,4038.0,44,3
11483,2026-07-02 10:37:40+05:30,4037.5,2,4047.7,597777,146963.0,147828.0,4100.0,4110.0,4016.1,4092.6,23585800,4501.8,3683.4,4440.0,3288.1,4036.1,10,1,4036.0,122,7,4035.9,10,1,4035.8,13,2,4035.7,12,1,4037.5,129,3,4037.7,19,1,4037.8,2,1,4037.9,18,3,4038.0,44,3
11483,2026-07-02 10:37:41+05:30,4037.5,2,4047.7,597777,146963.0,147828.0,4100.0,4110.0,4016.1,4092.6,23585800,4501.8,3683.4,4440.0,3288.1,4036.1,10,1,4036.0,122,7,4035.9,10,1,4035.8,13,2,4035.7,12,1,4037.5,129,3,4037.7,19,1,4037.8,2,1,4037.9,18,3,4038.0,44,3
11483,2026-07-02 10:37:41+05:30,4037.5,2,4047.7,597777,146818.0,147754.0,4100.0,4110.0,4016.1,4092.6,23585800,4501.8,3683.4,4440.0,3288.1,4036.1,10,1,4036.0,86,6,4035.4,75,4,4035.3,64,2,4035.2,70,4,4037.5,133,5,4037.6,58,3,4037.7,19,1,4037.8,6,1,4037.9,38,4
11483,2026-07-02 10:37:42+05:30,4037.5,2,4047.7,597777,146971.0,147765.0,4100.0,4110.0,4016.1,4092.6,23585800,4501.8,3683.4,4440.0,3288.1,4036.2,45,4,4036.1,34,3,4036.0,128,8,4035.9,14,1,4035.5,48,1,4037.5,133,5,4037.9,13,3,4038.0,32,2,4038.1,12,1,4038.2,163,3
11483,2026-07-02 10:37:43+05:30,4037.5,22,4047.7,597777,146971.0,147765.0,4100.0,4110.0,4016.1,4092.6,23585800,4501.8,3683.4,4440.0,3288.1,4036.2,45,4,4036.1,34,3,4036.0,128,8,4035.9,14,1,4035.5,48,1,4037.5,133,5,4037.9,13,3,4038.0,32,2,4038.1,12,1,4038.2,163,3
11483,2026-07-02 10:37:43+05:30,4037.5,22,4047.7,597847,146994.0,147707.0,4100.0,4110.0,4016.1,4092.6,23585800,4501.8,3683.4,4440.0,3288.1,4036.4,28,3,4036.3,20,2,4036.2,31,3,4036.1,24,2,4036.0,102,7,4037.5,63,4,4037.9,12,3,4038.0,6,1,4038.1,12,1,4038.2,165,4
11483,2026-07-02 10:37:44+05:30,4037.5,22,4047.7,597847,147182.0,147782.0,4100.0,4110.0,4016.1,4092.6,23585800,4501.8,3683.4,4440.0,3288.1,4036.5,1,1,4036.4,9,1,4036.2,12,2,4036.1,24,2,4036.0,102,7,4037.5,123,5,4037.9,12,3,4038.0,8,2,4038.1,12,1,4038.2,181,4
11483,2026-07-02 10:37:45+05:30,4037.5,22,4047.7,597847,147180.0,147791.0,4100.0,4110.0,4016.1,4092.6,23585800,4501.8,3683.4,4440.0,3288.1,4036.5,1,1,4036.4,9,1,4036.2,12,2,4036.1,24,2,4036.0,102,7,4037.5,124,6,4037.9,12,3,4038.0,8,2,4038.1,12,1,4038.2,181,4
11483,2026-07-02 10:37:46+05:30,4037.5,2,4047.7,597847,147180.0,147791.0,4100.0,4110.0,4016.1,4092.6,23585800,4501.8,3683.4,4440.0,3288.1,4036.5,1,1,4036.4,9,1,4036.2,12,2,4036.1,24,2,4036.0,102,7,4037.5,124,6,4037.9,12,3,4038.0,8,2,4038.1,12,1,4038.2,181,4
11483,2026-07-02 10:37:46+05:30,4037.5,2,4047.7,597861,147373.0,147762.0,4100.0,4110.0,4016.1,4092.6,23585800,4501.8,3683.4,4440.0,3288.1,4036.5,1,1,4036.4,9,1,4036.2,12,2,4036.1,24,2,4036.0,102,7,4037.5,110,6,4037.9,12,3,4038.0,136,3,4038.1,12,1,4038.2,163,3
11483,2026-07-02 10:37:47+05:30,4036.5,6,4047.7,597861,147373.0,147762.0,4100.0,4110.0,4016.1,4092.6,23585800,4501.8,3683.4,4440.0,3288.1,4036.5,1,1,4036.4,9,1,4036.2,12,2,4036.1,24,2,4036.0,102,7,4037.5,110,6,4037.9,12,3,4038.0,136,3,4038.1,12,1,4038.2,163,3
11483,2026-07-02 10:37:47+05:30,4036.5,6,4047.7,597921,147158.0,147587.0,4100.0,4110.0,4016.1,4092.6,23585800,4501.8,3683.4,4440.0,3288.1,4036.6,11,1,4036.5,55,5,4036.4,39,2,4036.3,12,1,4036.2,25,3,4037.5,110,6,4037.9,12,3,4038.0,134,2,4038.1,12,1,4038.2,153,3
11483,2026-07-02 10:37:48+05:30,4036.7,1,4047.7,597921,147158.0,147587.0,4100.0,4110.0,4016.1,4092.6,23585800,4501.8,3683.4,4440.0,3288.1,4036.6,11,1,4036.5,55,5,4036.4,39,2,4036.3,12,1,4036.2,25,3,4037.5,110,6,4037.9,12,3,4038.0,134,2,4038.1,12,1,4038.2,153,3
11483,2026-07-02 10:37:48+05:30,4036.7,1,4047.7,597932,147242.0,147617.0,4100.0,4110.0,4016.1,4092.6,23585800,4501.8,3683.4,4440.0,3288.1,4036.7,13,1,4036.6,51,4,4036.5,29,3,4036.4,11,1,4036.3,12,1,4037.0,4,1,4037.5,99,5,4037.9,12,3,4038.0,128,1,4038.1,12,1
11483,2026-07-02 10:37:49+05:30,4036.7,1,4047.7,597932,147252.0,147562.0,4100.0,4110.0,4016.1,4092.6,23585800,4501.8,3683.4,4440.0,3288.1,4036.7,13,1,4036.6,55,5,4036.5,34,4,4036.4,11,1,4036.3,12,1,4037.0,4,1,4037.5,96,4,4037.9,12,3,4038.0,128,1,4038.1,12,1
11483,2026-07-02 10:37:50+05:30,4037.0,3,4047.7,597932,147252.0,147562.0,4100.0,4110.0,4016.1,4092.6,23585800,4501.8,3683.4,4440.0,3288.1,4036.7,13,1,4036.6,55,5,4036.5,34,4,4036.4,11,1,4036.3,12,1,4037.0,4,1,4037.5,96,4,4037.9,12,3,4038.0,128,1,4038.1,12,1
11483,2026-07-02 10:37:50+05:30,4036.7,10,4047.7,597945,147160.0,147580.0,4100.0,4110.0,4016.1,4092.6,23585800,4501.8,3683.4,4440.0,3288.1,4036.6,31,3,4036.4,7,1,4036.2,9,1,4036.1,28,3,4036.0,57,5,4037.0,3,2,4037.5,96,4,4037.9,12,3,4038.0,128,1,4038.1,14,2
11483,2026-07-02 10:37:51+05:30,4037.0,1,4047.7,597945,147160.0,147580.0,4100.0,4110.0,4016.1,4092.6,23585800,4501.8,3683.4,4440.0,3288.1,4036.6,31,3,4036.4,7,1,4036.2,9,1,4036.1,28,3,4036.0,57,5,4037.0,3,2,4037.5,96,4,4037.9,12,3,4038.0,128,1,4038.1,14,2
11483,2026-07-02 10:37:51+05:30,4037.0,1,4047.7,597946,147171.0,147791.0,4100.0,4110.0,4016.1,4092.6,23585800,4501.8,3683.4,4440.0,3288.1,4036.6,31,3,4036.5,5,1,4036.4,7,1,4036.2,9,1,4036.1,28,3,4037.0,22,2,4037.5,106,5,4037.9,12,3,4038.0,130,2,4038.1,12,1
11483,2026-07-02 10:37:52+05:30,4037.0,3,4047.7,597946,147171.0,147791.0,4100.0,4110.0,4016.1,4092.6,23585800,4501.8,3683.4,4440.0,3288.1,4036.6,31,3,4036.5,5,1,4036.4,7,1,4036.2,9,1,4036.1,28,3,4037.0,22,2,4037.5,106,5,4037.9,12,3,4038.0,130,2,4038.1,12,1
11483,2026-07-02 10:37:52+05:30,4037.0,3,4047.7,597951,147318.0,147865.0,4100.0,4110.0,4016.1,4092.6,23585800,4501.8,3683.4,4440.0,3288.1,4036.7,7,1,4036.5,26,3,4036.2,126,3,4036.1,28,3,4036.0,57,5,4037.0,18,2,4037.5,106,5,4037.9,19,4,4038.0,130,2,4038.1,12,1
11483,2026-07-02 10:37:53+05:30,4037.0,7,4047.7,597951,147318.0,147865.0,4100.0,4110.0,4016.1,4092.6,23585800,4501.8,3683.4,4440.0,3288.1,4036.7,7,1,4036.5,26,3,4036.2,126,3,4036.1,28,3,4036.0,57,5,4037.0,18,2,4037.5,106,5,4037.9,19,4,4038.0,130,2,4038.1,12,1
11483,2026-07-02 10:37:53+05:30,4037.0,7,4047.7,597977,147297.0,147914.0,4100.0,4110.0,4016.1,4092.6,23585800,4501.8,3683.4,4440.0,3288.1,4036.7,6,1,4036.5,21,2,4036.2,126,3,4036.1,28,3,4036.0,57,5,4037.0,14,2,4037.5,226,6,4037.9,21,5,4038.0,128,1,4038.1,12,1
11483,2026-07-02 10:37:54+05:30,4036.7,1,4047.7,597977,147297.0,147914.0,4100.0,4110.0,4016.1,4092.6,23585800,4501.8,3683.4,4440.0,3288.1,4036.7,6,1,4036.5,21,2,4036.2,126,3,4036.1,28,3,4036.0,57,5,4037.0,14,2,4037.5,226,6,4037.9,21,5,4038.0,128,1,4038.1,12,1
11483,2026-07-02 10:37:54+05:30,4036.7,1,4047.7,597978,147294.0,147973.0,4100.0,4110.0,4016.1,4092.6,23585800,4501.8,3683.4,4440.0,3288.1,4036.7,5,1,4036.5,21,2,4036.2,126,3,4036.1,28,3,4036.0,57,5,4037.0,14,2,4037.5,226,6,4037.9,21,5,4038.0,128,1,4038.1,12,1
11483,2026-07-02 10:37:55+05:30,4037.0,2,4047.7,597978,147294.0,147973.0,4100.0,4110.0,4016.1,4092.6,23585800,4501.8,3683.4,4440.0,3288.1,4036.7,5,1,4036.5,21,2,4036.2,126,3,4036.1,28,3,4036.0,57,5,4037.0,14,2,4037.5,226,6,4037.9,21,5,4038.0,128,1,4038.1,12,1
11483,2026-07-02 10:37:55+05:30,4037.0,46,4047.7,598060,147280.0,148266.0,4100.0,4110.0,4016.1,4092.6,23585800,4501.8,3683.4,4440.0,3288.1,4036.5,20,2,4036.2,126,3,4036.1,28,3,4036.0,57,5,4035.9,25,2,4037.0,20,1,4037.5,226,6,4037.8,2,1,4037.9,19,4,4038.0,144,3
11483,2026-07-02 10:37:56+05:30,4036.5,1,4047.7,598060,147280.0,148266.0,4100.0,4110.0,4016.1,4092.6,23585800,4501.8,3683.4,4440.0,3288.1,4036.5,20,2,4036.2,126,3,4036.1,28,3,4036.0,57,5,4035.9,25,2,4037.0,20,1,4037.5,226,6,4037.8,2,1,4037.9,19,4,4038.0,144,3
11483,2026-07-02 10:37:56+05:30,4037.0,5,4047.7,598069,147165.0,148404.0,4100.0,4110.0,4016.1,4092.6,23585800,4501.8,3683.4,4440.0,3288.1,4036.5,19,2,4036.2,78,1,4036.1,24,2,4036.0,55,4,4035.9,25,2,4037.0,13,2,4037.5,226,6,4037.8,2,1,4037.9,19,4,4038.0,191,5
11483,2026-07-02 10:37:57+05:30,4036.5,1,4047.7,598069,147165.0,148404.0,4100.0,4110.0,4016.1,4092.6,23585800,4501.8,3683.4,4440.0,3288.1,4036.5,19,2,4036.2,78,1,4036.1,24,2,4036.0,55,4,4035.9,25,2,4037.0,13,2,4037.5,226,6,4037.8,2,1,4037.9,19,4,4038.0,191,5
11483,2026-07-02 10:37:57+05:30,4036.5,1,4047.7,598070,146866.0,148430.0,4100.0,4110.0,4016.1,4092.6,23585800,4501.8,3683.4,4440.0,3288.1,4036.5,2,1,4036.2,78,1,4036.1,10,1,4036.0,55,4,4035.6,14,1,4037.0,13,2,4037.3,11,1,4037.4,14,2,4037.5,228,7,4037.7,48,3
11483,2026-07-02 10:37:58+05:30,4036.5,1,4047.7,598070,146866.0,148430.0,4100.0,4110.0,4016.1,4092.6,23585800,4501.8,3683.4,4440.0,3288.1,4036.5,2,1,4036.2,78,1,4036.1,10,1,4036.0,55,4,4035.6,14,1,4037.0,13,2,4037.3,11,1,4037.4,14,2,4037.5,228,7,4037.7,48,3
11483,2026-07-02 10:37:58+05:30,4036.5,1,4047.7,598075,146708.0,148369.0,4100.0,4110.0,4016.1,4092.6,23585800,4501.8,3683.4,4440.0,3288.1,4036.2,78,1,4036.1,10,1,4036.0,56,5,4035.5,15,1,4035.4,75,3,4037.0,11,3,4037.3,11,1,4037.4,14,2,4037.5,228,7,4037.6,15,1
11483,2026-07-02 10:37:59+05:30,4036.2,1,4047.7,598075,146708.0,148369.0,4100.0,4110.0,4016.1,4092.6,23585800,4501.8,3683.4,4440.0,3288.1,4036.2,78,1,4036.1,10,1,4036.0,56,5,4035.5,15,1,4035.4,75,3,4037.0,11,3,4037.3,11,1,4037.4,14,2,4037.5,228,7,4037.6,15,1
11483,2026-07-02 10:37:59+05:30,4036.2,1,4047.7,598101,146768.0,148470.0,4100.0,4110.0,4016.1,4092.6,23585800,4501.8,3683.4,4440.0,3288.1,4036.7,25,1,4036.2,77,1,4036.1,10,1,4036.0,56,5,4035.5,35,2,4037.0,10,3,4037.3,11,1,4037.4,14,2,4037.5,228,7,4037.6,15,1
11483,2026-07-02 10:38:00+05:30,4036.7,1,4047.7,598101,146768.0,148470.0,4100.0,4110.0,4016.1,4092.6,23585800,4501.8,3683.4,4440.0,3288.1,4036.7,25,1,4036.2,77,1,4036.1,10,1,4036.0,56,5,4035.5,35,2,4037.0,10,3,4037.3,11,1,4037.4,14,2,4037.5,228,7,4037.6,15,1
11483,2026-07-02 10:38:00+05:30,4036.7,1,4047.7,598102,146747.0,148472.0,4100.0,4110.0,4016.1,4092.6,23585800,4501.8,3683.4,4440.0,3288.1,4036.7,24,1,4036.2,77,1,4036.1,10,1,4036.0,56,5,4035.5,15,1,4037.0,10,3,4037.3,13,2,4037.4,12,1,4037.5,228,7,4037.6,15,1
11483,2026-07-02 10:38:01+05:30,4037.0,1,4047.7,598102,146747.0,148472.0,4100.0,4110.0,4016.1,4092.6,23585800,4501.8,3683.4,4440.0,3288.1,4036.7,24,1,4036.2,77,1,4036.1,10,1,4036.0,56,5,4035.5,15,1,4037.0,10,3,4037.3,13,2,4037.4,12,1,4037.5,228,7,4037.6,15,1
11483,2026-07-02 10:38:01+05:30,4037.0,1,4047.69,598306,146769.0,148063.0,4100.0,4110.0,4016.1,4092.6,23585800,4501.8,3683.4,4440.0,3288.1,4037.0,7,2,4036.7,23,1,4036.3,4,1,4036.2,77,1,4036.1,10,1,4037.5,216,5,4037.6,23,2,4037.7,28,2,4037.9,19,4,4038.0,82,6
11483,2026-07-02 10:38:02+05:30,4037.0,171,4047.69,598306,146769.0,148063.0,4100.0,4110.0,4016.1,4092.6,23585800,4501.8,3683.4,4440.0,3288.1,4037.0,7,2,4036.7,23,1,4036.3,4,1,4036.2,77,1,4036.1,10,1,4037.5,216,5,4037.6,23,2,4037.7,28,2,4037.9,19,4,4038.0,82,6
11483,2026-07-02 10:38:02+05:30,4037.0,171,4047.69,598484,146733.0,148113.0,4100.0,4110.0,4016.1,4092.6,23585800,4501.8,3683.4,4440.0,3288.1,4037.0,50,1,4036.7,25,2,4036.2,77,1,4036.1,10,1,4036.0,56,5,4037.3,29,2,4037.4,15,4,4037.5,221,6,4037.7,58,4,4037.8,11,1
11483,2026-07-02 10:38:03+05:30,4037.0,1,4047.69,598484,146733.0,148113.0,4100.0,4110.0,4016.1,4092.6,23585800,4501.8,3683.4,4440.0,3288.1,4037.0,50,1,4036.7,25,2,4036.2,77,1,4036.1,10,1,4036.0,56,5,4037.3,29,2,4037.4,15,4,4037.5,221,6,4037.7,58,4,4037.8,11,1
11483,2026-07-02 10:38:03+05:30,4037.0,1,4047.69,598491,146834.0,148188.0,4100.0,4110.0,4016.1,4092.6,23585800,4501.8,3683.4,4440.0,3288.1,4037.0,44,2,4036.7,25,2,4036.2,127,2,4036.1,10,1,4036.0,56,5,4037.3,17,1,4037.4,13,2,4037.5,215,4,4037.6,6,1,4037.7,28,2
11483,2026-07-02 10:38:04+05:30,4037.0,1,4047.69,598491,146834.0,148188.0,4100.0,4110.0,4016.1,4092.6,23585800,4501.8,3683.4,4440.0,3288.1,4037.0,44,2,4036.7,25,2,4036.2,127,2,4036.1,10,1,4036.0,56,5,4037.3,17,1,4037.4,13,2,4037.5,215,4,4037.6,6,1,4037.7,28,2
11483,2026-07-02 10:38:04+05:30,4037.4,1,4047.69,598513,146921.0,148084.0,4100.0,4110.0,4016.1,4092.6,23585800,4501.8,3683.4,4440.0,3288.1,4037.0,43,2,4036.7,25,2,4036.2,127,2,4036.1,10,1,4036.0,56,5,4037.4,14,2,4037.5,215,4,4037.7,28,2,4037.8,8,2,4037.9,19,4
11483,2026-07-02 10:38:05+05:30,4037.7,25,4047.69,598513,146921.0,148084.0,4100.0,4110.0,4016.1,4092.6,23585800,4501.8,3683.4,4440.0,3288.1,4037.0,43,2,4036.7,25,2,4036.2,127,2,4036.1,10,1,4036.0,56,5,4037.4,14,2,4037.5,215,4,4037.7,28,2,4037.8,8,2,4037.9,19,4
11483,2026-07-02 10:38:05+05:30,4037.7,25,4047.67,599546,147080.0,147360.0,4100.0,4110.0,4016.1,4092.6,23585800,4501.8,3683.4,4440.0,3288.1,4037.0,36,2,4036.7,25,2,4036.2,127,2,4036.1,10,1,4036.0,56,5,4037.7,15,1,4038.0,62,6,4038.1,13,1,4038.2,168,3,4038.3,35,3
11483,2026-07-02 10:38:06+05:30,4037.7,1,4047.67,599546,147080.0,147360.0,4100.0,4110.0,4016.1,4092.6,23585800,4501.8,3683.4,4440.0,3288.1,4037.0,36,2,4036.7,25,2,4036.2,127,2,4036.1,10,1,4036.0,56,5,4037.7,15,1,4038.0,62,6,4038.1,13,1,4038.2,168,3,4038.3,35,3
11483,2026-07-02 10:38:06+05:30,4037.7,1,4047.67,599556,147170.0,147355.0,4100.0,4110.0,4016.1,4092.6,23585800,4501.8,3683.4,4440.0,3288.1,4037.0,37,3,4036.7,25,2,4036.2,127,2,4036.1,10,1,4036.0,56,5,4037.7,33,4,4038.0,62,6,4038.1,13,1,4038.2,168,3,4038.3,35,3
11483,2026-07-02 10:38:07+05:30,4037.7,1,4047.67,599556,147170.0,147355.0,4100.0,4110.0,4016.1,4092.6,23585800,4501.8,3683.4,4440.0,3288.1,4037.0,37,3,4036.7,25,2,4036.2,127,2,4036.1,10,1,4036.0,56,5,4037.7,33,4,4038.0,62,6,4038.1,13,1,4038.2,168,3,4038.3,35,3
11483,2026-07-02 10:38:07+05:30,4037.7,1,4047.67,599557,147172.0,147480.0,4100.0,4110.0,4016.1,4092.6,23585800,4501.8,3683.4,4440.0,3288.1,4037.0,37,3,4036.7,25,2,4036.2,127,2,4036.1,10,1,4036.0,56,5,4037.7,12,2,4037.9,20,1,4038.0,19,3,4038.1,13,1,4038.2,168,3
11483,2026-07-02 10:38:08+05:30,4037.7,1,4047.67,599557,147172.0,147480.0,4100.0,4110.0,4016.1,4092.6,23585800,4501.8,3683.4,4440.0,3288.1,4037.0,37,3,4036.7,25,2,4036.2,127,2,4036.1,10,1,4036.0,56,5,4037.7,12,2,4037.9,20,1,4038.0,19,3,4038.1,13,1,4038.2,168,3
11483,2026-07-02 10:38:08+05:30,4037.7,1,4047.67,599558,147332.0,147312.0,4100.0,4110.0,4016.1,4092.6,23585800,4501.8,3683.4,4440.0,3288.1,4037.1,3,1,4037.0,57,4,4036.7,25,2,4036.6,11,1,4036.4,29,2,4037.7,11,2,4037.9,20,1,4038.0,6,1,4038.2,151,2,4038.5,6,1
11483,2026-07-02 10:38:09+05:30,4037.7,1,4047.67,599558,147332.0,147312.0,4100.0,4110.0,4016.1,4092.6,23585800,4501.8,3683.4,4440.0,3288.1,4037.1,3,1,4037.0,57,4,4036.7,25,2,4036.6,11,1,4036.4,29,2,4037.7,11,2,4037.9,20,1,4038.0,6,1,4038.2,151,2,4038.5,6,1
11483,2026-07-02 10:38:09+05:30,4037.7,1,4047.67,599559,147382.0,147469.0,4100.0,4110.0,4016.1,4092.6,23585800,4501.8,3683.4,4440.0,3288.1,4037.1,3,1,4037.0,57,4,4036.7,25,2,4036.6,11,1,4036.4,13,1,4037.7,11,3,4037.9,20,1,4038.0,6,1,4038.2,151,2,4038.5,6,1
11483,2026-07-02 10:38:10+05:30,4037.7,1,4047.67,599559,147382.0,147469.0,4100.0,4110.0,4016.1,4092.6,23585800,4501.8,3683.4,4440.0,3288.1,4037.1,3,1,4037.0,57,4,4036.7,25,2,4036.6,11,1,4036.4,13,1,4037.7,11,3,4037.9,20,1,4038.0,6,1,4038.2,151,2,4038.5,6,1
11483,2026-07-02 10:38:10+05:30,4037.7,1,4047.67,599581,147373.0,147476.0,4100.0,4110.0,4016.1,4092.6,23585800,4501.8,3683.4,4440.0,3288.1,4037.1,3,1,4037.0,57,4,4036.7,25,2,4036.6,11,1,4036.4,13,1,4037.7,10,3,4037.9,20,1,4038.0,6,1,4038.2,151,2,4038.5,26,2
11483,2026-07-02 10:38:11+05:30,4037.7,1,4047.67,599581,147373.0,147476.0,4100.0,4110.0,4016.1,4092.6,23585800,4501.8,3683.4,4440.0,3288.1,4037.1,3,1,4037.0,57,4,4036.7,25,2,4036.6,11,1,4036.4,13,1,4037.7,10,3,4037.9,20,1,4038.0,6,1,4038.2,151,2,4038.5,26,2
11483,2026-07-02 10:38:11+05:30,4037.7,1,4047.67,599589,147464.0,147446.0,4100.0,4110.0,4016.1,4092.6,23585800,4501.8,3683.4,4440.0,3288.1,4037.1,2,1,4037.0,56,3,4036.7,25,2,4036.6,11,1,4036.5,12,1,4037.7,3,2,4037.9,20,1,4038.0,6,1,4038.2,151,2,4038.5,26,2
11483,2026-07-02 10:38:12+05:30,4037.7,1,4047.67,599589,147464.0,147446.0,4100.0,4110.0,4016.1,4092.6,23585800,4501.8,3683.4,4440.0,3288.1,4037.1,2,1,4037.0,56,3,4036.7,25,2,4036.6,11,1,4036.5,12,1,4037.7,3,2,4037.9,20,1,4038.0,6,1,4038.2,151,2,4038.5,26,2
11483,2026-07-02 10:38:12+05:30,4037.7,1,4047.67,599590,147477.0,147501.0,4100.0,4110.0,4016.1,4092.6,23585800,4501.8,3683.4,4440.0,3288.1,4037.1,2,1,4037.0,56,3,4036.7,25,2,4036.3,31,2,4036.2,154,4,4037.7,3,3,4037.9,20,1,4038.0,6,1,4038.2,151,2,4038.5,26,2
11483,2026-07-02 10:38:13+05:30,4037.7,1,4047.67,599590,147477.0,147501.0,4100.0,4110.0,4016.1,4092.6,23585800,4501.8,3683.4,4440.0,3288.1,4037.1,2,1,4037.0,56,3,4036.7,25,2,4036.3,31,2,4036.2,154,4,4037.7,3,3,4037.9,20,1,4038.0,6,1,4038.2,151,2,4038.5,26,2
11483,2026-07-02 10:38:13+05:30,4037.7,1,4047.67,599601,147483.0,147519.0,4100.0,4110.0,4016.1,4092.6,23585800,4501.8,3683.4,4440.0,3288.1,4037.0,49,3,4036.7,25,2,4036.3,31,2,4036.2,154,4,4036.1,30,2,4037.7,3,3,4037.9,20,1,4038.0,6,1,4038.2,151,2,4038.5,26,2
11483,2026-07-02 10:38:14+05:30,4037.7,1,4047.67,599601,147483.0,147519.0,4100.0,4110.0,4016.1,4092.6,23585800,4501.8,3683.4,4440.0,3288.1,4037.0,49,3,4036.7,25,2,4036.3,31,2,4036.2,154,4,4036.1,30,2,4037.7,3,3,4037.9,20,1,4038.0,6,1,4038.2,151,2,4038.5,26,2
11483,2026-07-02 10:38:14+05:30,4037.7,1,4047.67,599722,147581.0,147430.0,4100.0,4110.0,4016.1,4092.6,23585800,4501.8,3683.4,4440.0,3288.1,4037.0,108,5,4036.9,12,1,4036.8,9,1,4036.7,35,3,4036.6,23,2,4037.7,83,1,4038.2,151,2,4038.5,7,2,4038.6,27,1,4038.7,2,1
11483,2026-07-02 10:38:15+05:30,4037.7,1,4047.67,599722,147581.0,147430.0,4100.0,4110.0,4016.1,4092.6,23585800,4501.8,3683.4,4440.0,3288.1,4037.0,108,5,4036.9,12,1,4036.8,9,1,4036.7,35,3,4036.6,23,2,4037.7,83,1,4038.2,151,2,4038.5,7,2,4038.6,27,1,4038.7,2,1
11483,2026-07-02 10:38:15+05:30,4037.7,3,4047.67,599729,147685.0,147463.0,4100.0,4110.0,4016.1,4092.6,23585800,4501.8,3683.4,4440.0,3288.1,4037.0,108,5,4036.8,9,1,4036.7,35,3,4036.6,23,2,4036.5,24,2,4037.7,78,2,4038.0,10,1,4038.2,151,2,4038.6,2,1,4038.7,2,1
11483,2026-07-02 10:38:16+05:30,4037.7,1,4047.67,599729,147685.0,147463.0,4100.0,4110.0,4016.1,4092.6,23585800,4501.8,3683.4,4440.0,3288.1,4037.0,108,5,4036.8,9,1,4036.7,35,3,4036.6,23,2,4036.5,24,2,4037.7,78,2,4038.0,10,1,4038.2,151,2,4038.6,2,1,4038.7,2,1
11483,2026-07-02 10:38:17+05:30,4037.7,1,4047.67,599730,147770.0,147515.0,4100.0,4110.0,4016.1,4092.6,23585800,4501.8,3683.4,4440.0,3288.1,4037.2,46,4,4037.1,23,2,4037.0,111,6,4036.9,8,1,4036.8,24,2,4037.7,77,2,4038.0,10,1,4038.2,151,2,4038.8,216,3,4038.9,35,4
11483,2026-07-02 10:38:17+05:30,4037.7,1,4047.67,599730,147770.0,147515.0,4100.0,4110.0,4016.1,4092.6,23585800,4501.8,3683.4,4440.0,3288.1,4037.2,46,4,4037.1,23,2,4037.0,111,6,4036.9,8,1,4036.8,24,2,4037.7,77,2,4038.0,10,1,4038.2,151,2,4038.8,216,3,4038.9,35,4
11483,2026-07-02 10:38:18+05:30,4037.7,1,4047.67,599731,147728.0,147517.0,4100.0,4110.0,4016.1,4092.6,23585800,4501.8,3683.4,4440.0,3288.1,4037.2,18,2,4037.1,6,1,4037.0,111,6,4036.9,8,1,4036.8,24,2,4037.7,77,3,4038.0,10,1,4038.2,151,2,4038.7,2,1,4038.8,218,4
11483,2026-07-02 10:38:18+05:30,4037.7,1,4047.67,599731,147728.0,147517.0,4100.0,4110.0,4016.1,4092.6,23585800,4501.8,3683.4,4440.0,3288.1,4037.2,18,2,4037.1,6,1,4037.0,111,6,4036.9,8,1,4036.8,24,2,4037.7,77,3,4038.0,10,1,4038.2,151,2,4038.7,2,1,4038.8,218,4
11483,2026-07-02 10:38:19+05:30,4037.7,1,4047.67,599735,147737.0,147495.0,4100.0,4110.0,4016.1,4092.6,23585800,4501.8,3683.4,4440.0,3288.1,4037.1,21,2,4037.0,111,6,4036.9,8,1,4036.8,24,2,4036.7,33,2,4037.7,84,4,4038.0,10,1,4038.2,151,2,4038.7,2,1,4038.8,218,4
11483,2026-07-02 10:38:19+05:30,4037.7,1,4047.67,599735,147737.0,147495.0,4100.0,4110.0,4016.1,4092.6,23585800,4501.8,3683.4,4440.0,3288.1,4037.1,21,2,4037.0,111,6,4036.9,8,1,4036.8,24,2,4036.7,33,2,4037.7,84,4,4038.0,10,1,4038.2,151,2,4038.7,2,1,4038.8,218,4
11483,2026-07-02 10:38:20+05:30,4037.2,1,4047.67,599737,147696.0,147632.0,4100.0,4110.0,4016.1,4092.6,23585800,4501.8,3683.4,4440.0,3288.1,4037.1,29,3,4037.0,111,6,4036.9,8,1,4036.8,24,2,4036.7,33,2,4037.2,4,1,4037.7,83,4,4038.0,60,2,4038.2,151,2,4038.5,2,1
11483,2026-07-02 10:38:20+05:30,4037.1,4,4047.67,599737,147696.0,147632.0,4100.0,4110.0,4016.1,4092.6,23585800,4501.8,3683.4,4440.0,3288.1,4037.1,29,3,4037.0,111,6,4036.9,8,1,4036.8,24,2,4036.7,33,2,4037.2,4,1,4037.7,83,4,4038.0,60,2,4038.2,151,2,4038.5,2,1
11483,2026-07-02 10:38:21+05:30,4039.5,1,4047.64,601357,148349.0,145317.0,4100.0,4110.0,4016.1,4092.6,23585800,4501.8,3683.4,4440.0,3288.1,4038.4,38,4,4038.3,34,3,4038.2,42,3,4038.1,14,1,4038.0,43,4,4039.5,178,3,4039.8,60,2,4039.9,227,8,4040.0,1274,30,4040.1,12,1
11483,2026-07-02 10:38:21+05:30,4038.4,1,4047.64,601357,148349.0,145317.0,4100.0,4110.0,4016.1,4092.6,23585800,4501.8,3683.4,4440.0,3288.1,4038.4,38,4,4038.3,34,3,4038.2,42,3,4038.1,14,1,4038.0,43,4,4039.5,178,3,4039.8,60,2,4039.9,227,8,4040.0,1274,30,4040.1,12,1
11483,2026-07-02 10:38:22+05:30,4038.1,5,4047.64,601549,148597.0,144653.0,4100.0,4110.0,4016.1,4092.6,23585800,4501.8,3683.4,4440.0,3288.1,4038.2,82,6,4038.1,40,3,4038.0,111,9,4037.9,17,3,4037.8,38,4,4039.5,181,4,4039.8,60,2,4039.9,227,8,4040.0,1269,29,4040.1,12,1
11483,2026-07-02 10:38:22+05:30,4039.5,1,4047.64,601549,148597.0,144653.0,4100.0,4110.0,4016.1,4092.6,23585800,4501.8,3683.4,4440.0,3288.1,4038.2,82,6,4038.1,40,3,4038.0,111,9,4037.9,17,3,4037.8,38,4,4039.5,181,4,4039.8,60,2,4039.9,227,8,4040.0,1269,29,4040.1,12,1
11483,2026-07-02 10:38:22+05:30,4039.5,1,4047.64,601549,148597.0,144653.0,4100.0,4110.0,4016.1,4092.6,23585800,4501.8,3683.4,4440.0,3288.1,4038.2,82,6,4038.1,40,3,4038.0,111,9,4037.9,17,3,4037.8,38,4,4039.5,181,4,4039.8,60,2,4039.9,227,8,4040.0,1269,29,4040.1,12,1
11483,2026-07-02 10:38:23+05:30,4039.5,1,4047.64,601549,148597.0,144653.0,4100.0,4110.0,4016.1,4092.6,23585800,4501.8,3683.4,4440.0,3288.1,4038.2,82,6,4038.1,40,3,4038.0,111,9,4037.9,17,3,4037.8,38,4,4039.5,181,4,4039.8,60,2,4039.9,227,8,4040.0,1269,29,4040.1,12,1
11483,2026-07-02 10:38:23+05:30,4039.0,25,4047.64,601577,149338.0,144837.0,4100.0,4110.0,4016.1,4092.6,23585800,4501.8,3683.4,4440.0,3288.1,4038.8,53,5,4038.7,38,5,4038.6,61,5,4038.5,22,2,4038.4,6,1,4039.5,180,4,4039.8,60,2,4039.9,227,8,4040.0,1269,29,4040.2,21,2
11483,2026-07-02 10:38:23+05:30,4039.5,1,4047.64,601577,149338.0,144837.0,4100.0,4110.0,4016.1,4092.6,23585800,4501.8,3683.4,4440.0,3288.1,4038.8,53,5,4038.7,38,5,4038.6,61,5,4038.5,22,2,4038.4,6,1,4039.5,180,4,4039.8,60,2,4039.9,227,8,4040.0,1269,29,4040.2,21,2
11483,2026-07-02 10:38:23+05:30,4039.5,1,4047.64,601577,149338.0,144837.0,4100.0,4110.0,4016.1,4092.6,23585800,4501.8,3683.4,4440.0,3288.1,4038.8,53,5,4038.7,38,5,4038.6,61,5,4038.5,22,2,4038.4,6,1,4039.5,180,4,4039.8,60,2,4039.9,227,8,4040.0,1269,29,4040.2,21,2
11483,2026-07-02 10:38:24+05:30,4039.5,2,4047.64,601594,149227.0,145291.0,4100.0,4110.0,4016.1,4092.6,23585800,4501.8,3683.4,4440.0,3288.1,4038.8,34,4,4038.7,44,5,4038.6,49,4,4038.5,5,1,4038.4,6,1,4039.5,164,4,4039.8,60,2,4039.9,227,8,4040.0,1269,29,4040.2,21,2
11483,2026-07-02 10:38:24+05:30,4039.5,2,4047.64,601594,149227.0,145291.0,4100.0,4110.0,4016.1,4092.6,23585800,4501.8,3683.4,4440.0,3288.1,4038.8,34,4,4038.7,44,5,4038.6,49,4,4038.5,5,1,4038.4,6,1,4039.5,164,4,4039.8,60,2,4039.9,227,8,4040.0,1269,29,4040.2,21,2
11483,2026-07-02 10:38:24+05:30,4039.5,1,4047.64,601594,149227.0,145291.0,4100.0,4110.0,4016.1,4092.6,23585800,4501.8,3683.4,4440.0,3288.1,4038.8,34,4,4038.7,44,5,4038.6,49,4,4038.5,5,1,4038.4,6,1,4039.5,164,4,4039.8,60,2,4039.9,227,8,4040.0,1269,29,4040.2,21,2
11483,2026-07-02 10:38:24+05:30,4039.5,1,4047.64,601594,149227.0,145291.0,4100.0,4110.0,4016.1,4092.6,23585800,4501.8,3683.4,4440.0,3288.1,4038.8,34,4,4038.7,44,5,4038.6,49,4,4038.5,5,1,4038.4,6,1,4039.5,164,4,4039.8,60,2,4039.9,227,8,4040.0,1269,29,4040.2,21,2
11483,2026-07-02 10:38:25+05:30,4039.5,1,4047.64,601778,149410.0,145129.0,4100.0,4110.0,4016.1,4092.6,23585800,4501.8,3683.4,4440.0,3288.1,4039.2,49,6,4039.1,16,2,4039.0,24,3,4038.9,59,6,4038.8,7,1,4039.5,9,1,4039.8,60,2,4039.9,227,8,4040.0,1294,30,4040.2,21,2
11483,2026-07-02 10:38:25+05:30,4039.5,1,4047.64,601778,149410.0,145129.0,4100.0,4110.0,4016.1,4092.6,23585800,4501.8,3683.4,4440.0,3288.1,4039.2,49,6,4039.1,16,2,4039.0,24,3,4038.9,59,6,4038.8,7,1,4039.5,9,1,4039.8,60,2,4039.9,227,8,4040.0,1294,30,4040.2,21,2
11483,2026-07-02 10:38:25+05:30,4039.5,1,4047.64,601778,149410.0,145129.0,4100.0,4110.0,4016.1,4092.6,23585800,4501.8,3683.4,4440.0,3288.1,4039.2,49,6,4039.1,16,2,4039.0,24,3,4038.9,59,6,4038.8,7,1,4039.5,9,1,4039.8,60,2,4039.9,227,8,4040.0,1294,30,4040.2,21,2
11483,2026-07-02 10:38:25+05:30,4039.5,1,4047.64,601778,149410.0,145129.0,4100.0,4110.0,4016.1,4092.6,23585800,4501.8,3683.4,4440.0,3288.1,4039.2,49,6,4039.1,16,2,4039.0,24,3,4038.9,59,6,4038.8,7,1,4039.5,9,1,4039.8,60,2,4039.9,227,8,4040.0,1294,30,4040.2,21,2
11483,2026-07-02 10:38:26+05:30,4039.5,1,4047.64,601778,149410.0,145129.0,4100.0,4110.0,4016.1,4092.6,23585800,4501.8,3683.4,4440.0,3288.1,4039.2,49,6,4039.1,16,2,4039.0,24,3,4038.9,59,6,4038.8,7,1,4039.5,9,1,4039.8,60,2,4039.9,227,8,4040.0,1294,30,4040.2,21,2
11483,2026-07-02 10:38:26+05:30,4039.8,20,4047.64,601932,149244.0,144877.0,4100.0,4110.0,4016.1,4092.6,23585800,4501.8,3683.4,4440.0,3288.1,4039.6,56,6,4039.5,34,5,4039.4,35,3,4039.3,20,3,4039.2,40,5,4039.8,10,1,4039.9,227,8,4040.0,1294,30,4040.2,21,2,4040.7,13,1
11483,2026-07-02 10:38:26+05:30,4039.8,20,4047.64,601932,149244.0,144877.0,4100.0,4110.0,4016.1,4092.6,23588425,4501.8,3683.4,4440.0,3288.1,4039.6,56,6,4039.5,34,5,4039.4,35,3,4039.3,20,3,4039.2,40,5,4039.8,10,1,4039.9,227,8,4040.0,1294,30,4040.2,21,2,4040.7,13,1
11483,2026-07-02 10:38:26+05:30,4039.8,1,4047.64,601932,149244.0,144877.0,4100.0,4110.0,4016.1,4092.6,23588425,4501.8,3683.4,4440.0,3288.1,4039.6,56,6,4039.5,34,5,4039.4,35,3,4039.3,20,3,4039.2,40,5,4039.8,10,1,4039.9,227,8,4040.0,1294,30,4040.2,21,2,4040.7,13,1
11483,2026-07-02 10:38:26+05:30,4039.8,1,4047.64,601932,149244.0,144877.0,4100.0,4110.0,4016.1,4092.6,23588425,4501.8,3683.4,4440.0,3288.1,4039.6,56,6,4039.5,34,5,4039.4,35,3,4039.3,20,3,4039.2,40,5,4039.8,10,1,4039.9,227,8,4040.0,1294,30,4040.2,21,2,4040.7,13,1
11483,2026-07-02 10:38:27+05:30,4039.8,1,4047.64,601932,149244.0,144877.0,4100.0,4110.0,4016.1,4092.6,23588425,4501.8,3683.4,4440.0,3288.1,4039.6,56,6,4039.5,34,5,4039.4,35,3,4039.3,20,3,4039.2,40,5,4039.8,10,1,4039.9,227,8,4040.0,1294,30,4040.2,21,2,4040.7,13,1
11483,2026-07-02 10:38:27+05:30,4041.3,13,4047.61,604362,149919.0,143847.0,4100.0,4110.0,4016.1,4092.6,23588425,4501.8,3683.4,4440.0,3288.1,4040.3,16,2,4040.2,24,3,4040.1,57,6,4040.0,126,7,4039.9,70,3,4041.5,23,2,4041.9,5,1,4042.0,949,10,4042.1,2,2,4042.2,64,3
11483,2026-07-02 10:38:27+05:30,4041.3,13,4047.61,604362,149919.0,143847.0,4100.0,4110.0,4016.1,4092.6,23588425,4501.8,3683.4,4440.0,3288.1,4040.3,16,2,4040.2,24,3,4040.1,57,6,4040.0,126,7,4039.9,70,3,4041.5,23,2,4041.9,5,1,4042.0,949,10,4042.1,2,2,4042.2,64,3
11483,2026-07-02 10:38:27+05:30,4039.9,2,4047.61,604362,149919.0,143847.0,4100.0,4110.0,4016.1,4092.6,23588425,4501.8,3683.4,4440.0,3288.1,4040.3,16,2,4040.2,24,3,4040.1,57,6,4040.0,126,7,4039.9,70,3,4041.5,23,2,4041.9,5,1,4042.0,949,10,4042.1,2,2,4042.2,64,3
11483,2026-07-02 10:38:27+05:30,4039.9,2,4047.61,604362,149919.0,143847.0,4100.0,4110.0,4016.1,4092.6,23588425,4501.8,3683.4,4440.0,3288.1,4040.3,16,2,4040.2,24,3,4040.1,57,6,4040.0,126,7,4039.9,70,3,4041.5,23,2,4041.9,5,1,4042.0,949,10,4042.1,2,2,4042.2,64,3
11483,2026-07-02 10:38:28+05:30,4039.9,2,4047.61,604362,149919.0,143847.0,4100.0,4110.0,4016.1,4092.6,23588425,4501.8,3683.4,4440.0,3288.1,4040.3,16,2,4040.2,24,3,4040.1,57,6,4040.0,126,7,4039.9,70,3,4041.5,23,2,4041.9,5,1,4042.0,949,10,4042.1,2,2,4042.2,64,3
11483,2026-07-02 10:38:28+05:30,4041.9,1,4047.6,604789,150079.0,143949.0,4100.0,4110.0,4016.1,4092.6,23588425,4501.8,3683.4,4440.0,3288.1,4040.5,35,5,4040.4,60,4,4040.3,101,5,4040.2,147,7,4040.1,164,8,4041.9,23,1,4042.0,732,4,4042.1,2,2,4042.5,13,1,4042.6,27,1
11483,2026-07-02 10:38:28+05:30,4041.9,1,4047.6,604789,150079.0,143949.0,4100.0,4110.0,4016.1,4092.6,23588425,4501.8,3683.4,4440.0,3288.1,4040.5,35,5,4040.4,60,4,4040.3,101,5,4040.2,147,7,4040.1,164,8,4041.9,23,1,4042.0,732,4,4042.1,2,2,4042.5,13,1,4042.6,27,1
11483,2026-07-02 10:38:29+05:30,4041.9,1,4047.6,604798,150050.0,144062.0,4100.0,4110.0,4016.1,4092.6,23588425,4501.8,3683.4,4440.0,3288.1,4040.5,43,5,4040.4,50,4,4040.3,101,5,4040.2,130,5,4040.1,154,7,4041.9,20,2,4042.0,732,4,4042.1,2,2,4042.2,12,1,4042.5,13,1
11483,2026-07-02 10:38:29+05:30,4041.9,1,4047.6,604798,150050.0,144062.0,4100.0,4110.0,4016.1,4092.6,23588425,4501.8,3683.4,4440.0,3288.1,4040.5,43,5,4040.4,50,4,4040.3,101,5,4040.2,130,5,4040.1,154,7,4041.9,20,2,4042.0,732,4,4042.1,2,2,4042.2,12,1,4042.5,13,1
11483,2026-07-02 10:38:30+05:30,4042.0,1,4047.6,604855,149917.0,143866.0,4100.0,4110.0,4016.1,4092.6,23588425,4501.8,3683.4,4440.0,3288.1,4041.0,22,3,4040.5,45,6,4040.4,48,3,4040.3,101,5,4040.2,130,5,4041.9,1,1,4042.0,695,4,4042.1,2,2,4042.5,13,1,4042.6,27,1
11483,2026-07-02 10:38:30+05:30,4042.0,1,4047.6,604855,149917.0,143866.0,4100.0,4110.0,4016.1,4092.6,23588425,4501.8,3683.4,4440.0,3288.1,4041.0,22,3,4040.5,45,6,4040.4,48,3,4040.3,101,5,4040.2,130,5,4041.9,1,1,4042.0,695,4,4042.1,2,2,4042.5,13,1,4042.6,27,1
11483,2026-07-02 10:38:31+05:30,4041.9,1,4047.6,604882,149711.0,143790.0,4100.0,4110.0,4016.1,4092.6,23588425,4501.8,3683.4,4440.0,3288.1,4041.6,15,3,4041.1,27,3,4041.0,23,4,4040.7,26,1,4040.6,33,4,4041.9,10,2,4042.0,690,5,4042.1,2,2,4042.6,27,1,4042.8,13,1
11483,2026-07-02 10:38:31+05:30,4041.9,1,4047.6,604882,149711.0,143790.0,4100.0,4110.0,4016.1,4092.6,23588425,4501.8,3683.4,4440.0,3288.1,4041.6,15,3,4041.1,27,3,4041.0,23,4,4040.7,26,1,4040.6,33,4,4041.9,10,2,4042.0,690,5,4042.1,2,2,4042.6,27,1,4042.8,13,1
11483,2026-07-02 10:38:32+05:30,4041.9,1,4047.6,604888,149878.0,143789.0,4100.0,4110.0,4016.1,4092.6,23588425,4501.8,3683.4,4440.0,3288.1,4041.6,15,3,4041.1,27,3,4041.0,23,4,4040.7,26,1,4040.6,33,4,4041.9,4,2,4042.0,690,5,4042.1,2,2,4042.6,27,1,4042.8,13,1
11483,2026-07-02 10:38:32+05:30,4041.9,1,4047.6,604888,149878.0,143789.0,4100.0,4110.0,4016.1,4092.6,23588425,4501.8,3683.4,4440.0,3288.1,4041.6,15,3,4041.1,27,3,4041.0,23,4,4040.7,26,1,4040.6,33,4,4041.9,4,2,4042.0,690,5,4042.1,2,2,4042.6,27,1,4042.8,13,1
11483,2026-07-02 10:38:33+05:30,4042.0,1,4047.6,604981,149888.0,143652.0,4100.0,4110.0,4016.1,4092.6,23588425,4501.8,3683.4,4440.0,3288.1,4041.7,11,1,4041.6,36,5,4041.3,1,1,4041.1,52,3,4041.0,70,5,4041.9,1,1,4042.0,679,5,4042.1,2,2,4042.2,2,1,4042.8,13,1
11483,2026-07-02 10:38:33+05:30,4042.0,1,4047.6,604981,149888.0,143652.0,4100.0,4110.0,4016.1,4092.6,23588425,4501.8,3683.4,4440.0,3288.1,4041.7,11,1,4041.6,36,5,4041.3,1,1,4041.1,52,3,4041.0,70,5,4041.9,1,1,4042.0,679,5,4042.1,2,2,4042.2,2,1,4042.8,13,1
11483,2026-07-02 10:38:34+05:30,4042.0,3,4047.6,604981,149888.0,143652.0,4100.0,4110.0,4016.1,4092.6,23588425,4501.8,3683.4,4440.0,3288.1,4041.7,11,1,4041.6,36,5,4041.3,1,1,4041.1,52,3,4041.0,70,5,4041.9,1,1,4042.0,679,5,4042.1,2,2,4042.2,2,1,4042.8,13,1
11483,2026-07-02 10:38:34+05:30,4042.0,3,4047.6,605001,149887.0,143863.0,4100.0,4110.0,4016.1,4092.6,23588425,4501.8,3683.4,4440.0,3288.1,4041.7,10,1,4041.6,36,5,4041.3,1,1,4041.1,52,3,4041.0,70,5,4041.9,1,1,4042.0,660,4,4042.1,2,2,4042.2,2,1,4042.8,13,1
11483,2026-07-02 10:38:35+05:30,4042.0,1,4047.6,605001,149887.0,143863.0,4100.0,4110.0,4016.1,4092.6,23588425,4501.8,3683.4,4440.0,3288.1,4041.7,10,1,4041.6,36,5,4041.3,1,1,4041.1,52,3,4041.0,70,5,4041.9,1,1,4042.0,660,4,4042.1,2,2,4042.2,2,1,4042.8,13,1
11483,2026-07-02 10:38:35+05:30,4042.0,1,4047.6,605004,149942.0,143899.0,4100.0,4110.0,4016.1,4092.6,23588425,4501.8,3683.4,4440.0,3288.1,4041.7,10,1,4041.6,36,5,4041.3,1,1,4041.1,52,3,4041.0,70,5,4042.0,658,4,4042.1,2,2,4042.2,2,1,4042.8,25,2,4042.9,2,1
11483,2026-07-02 10:38:36+05:30,4042.0,23,4047.6,605004,149942.0,143899.0,4100.0,4110.0,4016.1,4092.6,23588425,4501.8,3683.4,4440.0,3288.1,4041.7,10,1,4041.6,36,5,4041.3,1,1,4041.1,52,3,4041.0,70,5,4042.0,658,4,4042.1,2,2,4042.2,2,1,4042.8,25,2,4042.9,2,1
11483,2026-07-02 10:38:36+05:30,4042.0,23,4047.6,605083,150483.0,143851.0,4100.0,4110.0,4016.1,4092.6,23588425,4501.8,3683.4,4440.0,3288.1,4041.9,99,1,4041.7,10,1,4041.6,36,5,4041.3,1,1,4041.1,52,3,4042.0,597,6,4042.1,2,2,4042.2,2,1,4042.7,11,1,4042.8,12,1
11483,2026-07-02 10:38:37+05:30,4042.0,38,4047.6,605083,150483.0,143851.0,4100.0,4110.0,4016.1,4092.6,23588425,4501.8,3683.4,4440.0,3288.1,4041.9,99,1,4041.7,10,1,4041.6,36,5,4041.3,1,1,4041.1,52,3,4042.0,597,6,4042.1,2,2,4042.2,2,1,4042.7,11,1,4042.8,12,1
11483,2026-07-02 10:38:37+05:30,4042.0,38,4047.6,605147,150595.0,143971.0,4100.0,4110.0,4016.1,4092.6,23588425,4501.8,3683.4,4440.0,3288.1,4041.9,88,1,4041.7,10,1,4041.6,36,5,4041.5,48,1,4041.3,1,1,4042.0,544,6,4042.1,2,2,4042.2,2,1,4042.7,11,1,4042.8,12,1
11483,2026-07-02 10:38:38+05:30,4041.9,1,4047.6,605147,150595.0,143971.0,4100.0,4110.0,4016.1,4092.6,23588425,4501.8,3683.4,4440.0,3288.1,4041.9,88,1,4041.7,10,1,4041.6,36,5,4041.5,48,1,4041.3,1,1,4042.0,544,6,4042.1,2,2,4042.2,2,1,4042.7,11,1,4042.8,12,1
11483,2026-07-02 10:38:38+05:30,4041.9,1,4047.6,605298,150466.0,144233.0,4100.0,4110.0,4016.1,4092.6,23588425,4501.8,3683.4,4440.0,3288.1,4041.9,117,3,4041.6,10,3,4041.5,48,1,4041.3,1,1,4041.2,2,1,4042.0,394,6,4042.1,2,2,4042.2,2,1,4042.9,2,1,4043.0,225,7
11483,2026-07-02 10:38:39+05:30,4041.9,50,4047.6,605298,150466.0,144233.0,4100.0,4110.0,4016.1,4092.6,23588425,4501.8,3683.4,4440.0,3288.1,4041.9,117,3,4041.6,10,3,4041.5,48,1,4041.3,1,1,4041.2,2,1,4042.0,394,6,4042.1,2,2,4042.2,2,1,4042.9,2,1,4043.0,225,7
11483,2026-07-02 10:38:39+05:30,4042.0,7,4047.59,605421,150409.0,144181.0,4100.0,4110.0,4016.1,4092.6,23588425,4501.8,3683.4,4440.0,3288.1,4041.9,65,3,4041.6,10,3,4041.5,48,1,4041.3,1,1,4041.2,2,1,4042.0,323,6,4042.1,2,2,4042.2,2,1,4042.9,2,1,4043.0,225,7
11483,2026-07-02 10:38:40+05:30,4042.0,17,4047.59,605421,150409.0,144181.0,4100.0,4110.0,4016.1,4092.6,23588425,4501.8,3683.4,4440.0,3288.1,4041.9,65,3,4041.6,10,3,4041.5,48,1,4041.3,1,1,4041.2,2,1,4042.0,323,6,4042.1,2,2,4042.2,2,1,4042.9,2,1,4043.0,225,7
11483,2026-07-02 10:38:40+05:30,4042.0,17,4047.59,605450,150418.0,144012.0,4100.0,4110.0,4016.1,4092.6,23588425,4501.8,3683.4,4440.0,3288.1,4041.9,63,3,4041.6,10,3,4041.5,48,1,4041.3,1,1,4041.1,52,3,4042.0,296,6,4042.1,2,2,4042.2,2,1,4042.3,12,1,4042.8,12,1
11483,2026-07-02 10:38:41+05:30,4042.0,25,4047.59,605450,150418.0,144012.0,4100.0,4110.0,4016.1,4092.6,23588425,4501.8,3683.4,4440.0,3288.1,4041.9,63,3,4041.6,10,3,4041.5,48,1,4041.3,1,1,4041.1,52,3,4042.0,296,6,4042.1,2,2,4042.2,2,1,4042.3,12,1,4042.8,12,1
11483,2026-07-02 10:38:41+05:30,4042.2,2,4047.59,605751,150692.0,142717.0,4100.0,4110.0,4016.1,4092.6,23588425,4501.8,3683.4,4440.0,3288.1,4042.0,65,7,4041.9,82,6,4041.7,14,2,4041.6,46,4,4041.5,62,2,4042.9,2,1,4043.0,210,6,4043.4,12,1,4043.7,12,1,4043.9,58,3
11483,2026-07-02 10:38:42+05:30,4042.0,12,4047.59,605751,150692.0,142717.0,4100.0,4110.0,4016.1,4092.6,23588425,4501.8,3683.4,4440.0,3288.1,4042.0,65,7,4041.9,82,6,4041.7,14,2,4041.6,46,4,4041.5,62,2,4042.9,2,1,4043.0,210,6,4043.4,12,1,4043.7,12,1,4043.9,58,3
11483,2026-07-02 10:38:42+05:30,4042.0,12,4047.59,605796,150387.0,144307.0,4100.0,4110.0,4016.1,4092.6,23588425,4501.8,3683.4,4440.0,3288.1,4041.9,37,2,4041.6,10,2,4041.5,48,1,4041.4,1,1,4041.3,1,1,4042.0,158,1,4042.9,39,3,4043.0,210,6,4043.1,13,1,4043.2,36,2
11483,2026-07-02 10:38:43+05:30,4042.0,5,4047.59,605796,150387.0,144307.0,4100.0,4110.0,4016.1,4092.6,23588425,4501.8,3683.4,4440.0,3288.1,4041.9,37,2,4041.6,10,2,4041.5,48,1,4041.4,1,1,4041.3,1,1,4042.0,158,1,4042.9,39,3,4043.0,210,6,4043.1,13,1,4043.2,36,2
11483,2026-07-02 10:38:43+05:30,4042.0,3,4047.59,605905,150039.0,144193.0,4100.0,4110.0,4016.1,4092.6,23588425,4501.8,3683.4,4440.0,3288.1,4041.9,36,2,4041.6,8,1,4041.5,48,1,4041.4,1,1,4041.3,2,2,4042.0,52,3,4042.4,12,1,4042.8,24,2,4042.9,27,2,4043.0,210,6
11483,2026-07-02 10:38:44+05:30,4041.9,10,4047.59,605905,150039.0,144193.0,4100.0,4110.0,4016.1,4092.6,23588425,4501.8,3683.4,4440.0,3288.1,4041.9,36,2,4041.6,8,1,4041.5,48,1,4041.4,1,1,4041.3,2,2,4042.0,52,3,4042.4,12,1,4042.8,24,2,4042.9,27,2,4043.0,210,6
11483,2026-07-02 10:38:44+05:30,4042.0,5,4047.59,605921,150107.0,144321.0,4100.0,4110.0,4016.1,4092.6,23588425,4501.8,3683.4,4440.0,3288.1,4041.9,27,3,4041.6,8,1,4041.5,48,1,4041.4,1,1,4041.3,2,2,4042.0,58,3,4042.8,12,1,4042.9,1,1,4043.0,210,6,4043.1,39,2
11483,2026-07-02 10:38:45+05:30,4043.0,30,4047.59,605921,150107.0,144321.0,4100.0,4110.0,4016.1,4092.6,23588425,4501.8,3683.4,4440.0,3288.1,4041.9,27,3,4041.6,8,1,4041.5,48,1,4041.4,1,1,4041.3,2,2,4042.0,58,3,4042.8,12,1,4042.9,1,1,4043.0,210,6,4043.1,39,2
11483,2026-07-02 10:38:45+05:30,4043.0,30,4047.59,606105,150329.0,143393.0,4100.0,4110.0,4016.1,4092.6,23588425,4501.8,3683.4,4440.0,3288.1,4041.9,45,5,4041.6,8,1,4041.5,48,1,4041.4,3,2,4041.3,17,3,4042.9,21,1,4043.0,136,4,4043.2,16,1,4043.3,2,1,4043.4,45,4
11483,2026-07-02 10:38:46+05:30,4043.0,2,4047.59,606105,150329.0,143393.0,4100.0,4110.0,4016.1,4092.6,23588425,4501.8,3683.4,4440.0,3288.1,4041.9,45,5,4041.6,8,1,4041.5,48,1,4041.4,3,2,4041.3,17,3,4042.9,21,1,4043.0,136,4,4043.2,16,1,4043.3,2,1,4043.4,45,4
11483,2026-07-02 10:38:46+05:30,4043.0,2,4047.59,606144,150281.0,143683.0,4100.0,4110.0,4016.1,4092.6,23588425,4501.8,3683.4,4440.0,3288.1,4041.9,30,5,4041.6,8,1,4041.5,48,1,4041.4,3,2,4041.3,17,3,4042.9,21,1,4043.0,134,4,4043.2,16,1,4043.4,45,4,4043.5,48,3
11483,2026-07-02 10:38:47+05:30,4041.9,1,4047.59,606144,150281.0,143683.0,4100.0,4110.0,4016.1,4092.6,23588425,4501.8,3683.4,4440.0,3288.1,4041.9,30,5,4041.6,8,1,4041.5,48,1,4041.4,3,2,4041.3,17,3,4042.9,21,1,4043.0,134,4,4043.2,16,1,4043.4,45,4,4043.5,48,3
11483,2026-07-02 10:38:47+05:30,4041.9,1,4047.59,606145,150311.0,143901.0,4100.0,4110.0,4016.1,4092.6,23588425,4501.8,3683.4,4440.0,3288.1,4041.9,29,5,4041.6,8,1,4041.5,50,2,4041.4,1,1,4041.3,17,3,4042.9,21,1,4043.0,144,5,4043.2,16,1,4043.4,45,4,4043.5,48,3
11483,2026-07-02 10:38:48+05:30,4041.9,6,4047.59,606145,150311.0,143901.0,4100.0,4110.0,4016.1,4092.6,23588425,4501.8,3683.4,4440.0,3288.1,4041.9,29,5,4041.6,8,1,4041.5,50,2,4041.4,1,1,4041.3,17,3,4042.9,21,1,4043.0,144,5,4043.2,16,1,4043.4,45,4,4043.5,48,3
11483,2026-07-02 10:38:48+05:30,4041.9,6,4047.59,606174,149886.0,144113.0,4100.0,4110.0,4016.1,4092.6,23588425,4501.8,3683.4,4440.0,3288.1,4041.6,18,3,4041.5,48,1,4041.4,3,2,4041.3,1,1,4041.2,2,1,4041.9,24,1,4042.0,26,2,4042.9,21,1,4043.0,133,5,4043.1,25,2
11483,2026-07-02 10:38:49+05:30,4041.9,1,4047.59,606174,149886.0,144113.0,4100.0,4110.0,4016.1,4092.6,23588425,4501.8,3683.4,4440.0,3288.1,4041.6,18,3,4041.5,48,1,4041.4,3,2,4041.3,1,1,4041.2,2,1,4041.9,24,1,4042.0,26,2,4042.9,21,1,4043.0,133,5,4043.1,25,2
11483,2026-07-02 10:38:49+05:30,4041.9,1,4047.59,606182,149697.0,144152.0,4100.0,4110.0,4016.1,4092.6,23588425,4501.8,3683.4,4440.0,3288.1,4041.6,1,1,4041.5,30,1,4041.1,2,1,4041.0,16,2,4040.8,17,2,4041.9,18,2,4042.0,26,2,4042.7,12,1,4042.8,12,1,4042.9,21,1
11483,2026-07-02 10:38:50+05:30,4041.9,1,4047.59,606182,149697.0,144152.0,4100.0,4110.0,4016.1,4092.6,23588425,4501.8,3683.4,4440.0,3288.1,4041.6,1,1,4041.5,30,1,4041.1,2,1,4041.0,16,2,4040.8,17,2,4041.9,18,2,4042.0,26,2,4042.7,12,1,4042.8,12,1,4042.9,21,1
11483,2026-07-02 10:38:50+05:30,4041.9,1,4047.59,606184,149590.0,144256.0,4100.0,4110.0,4016.1,4092.6,23588425,4501.8,3683.4,4440.0,3288.1,4041.6,1,1,4041.5,30,1,4041.0,16,2,4040.9,2,1,4040.8,4,1,4041.9,28,3,4042.0,26,2,4042.4,11,1,4042.7,15,1,4042.8,24,2
11483,2026-07-02 10:38:51+05:30,4042.0,1,4047.59,606184,149590.0,144256.0,4100.0,4110.0,4016.1,4092.6,23588425,4501.8,3683.4,4440.0,3288.1,4041.6,1,1,4041.5,30,1,4041.0,16,2,4040.9,2,1,4040.8,4,1,4041.9,28,3,4042.0,26,2,4042.4,11,1,4042.7,15,1,4042.8,24,2
11483,2026-07-02 10:38:51+05:30,4042.0,3,4047.59,606236,149532.0,144272.0,4100.0,4110.0,4016.1,4092.6,23588425,4501.8,3683.4,4440.0,3288.1,4041.6,1,1,4041.5,30,1,4041.0,16,2,4040.9,2,1,4040.8,28,2,4042.0,2,2,4042.4,12,1,4042.7,15,1,4042.8,24,2,4042.9,80,4
11483,2026-07-02 10:38:52+05:30,4042.0,1,4047.59,606236,149532.0,144272.0,4100.0,4110.0,4016.1,4092.6,23588425,4501.8,3683.4,4440.0,3288.1,4041.6,1,1,4041.5,30,1,4041.0,16,2,4040.9,2,1,4040.8,28,2,4042.0,2,2,4042.4,12,1,4042.7,15,1,4042.8,24,2,4042.9,80,4
11483,2026-07-02 10:38:52+05:30,4042.0,1,4047.59,606237,149481.0,144577.0,4100.0,4110.0,4016.1,4092.6,23588425,4501.8,3683.4,4440.0,3288.1,4041.6,1,1,4041.5,30,1,4041.0,16,2,4040.9,2,1,4040.8,28,2,4042.0,1,1,4042.7,15,1,4042.8,24,2,4042.9,80,4,4043.0,239,7
11483,2026-07-02 10:38:53+05:30,4042.0,1,4047.59,606237,149481.0,144577.0,4100.0,4110.0,4016.1,4092.6,23588425,4501.8,3683.4,4440.0,3288.1,4041.6,1,1,4041.5,30,1,4041.0,16,2,4040.9,2,1,4040.8,28,2,4042.0,1,1,4042.7,15,1,4042.8,24,2,4042.9,80,4,4043.0,239,7
11483,2026-07-02 10:38:53+05:30,4042.0,1,4047.59,606240,149477.0,144652.0,4100.0,4110.0,4016.1,4092.6,23588425,4501.8,3683.4,4440.0,3288.1,4042.0,13,1,4041.5,30,1,4041.2,5,1,4041.1,2,1,4041.0,17,3,4042.9,90,5,4043.0,260,8,4043.2,36,2,4043.4,45,4,4043.5,78,4
11483,2026-07-02 10:38:54+05:30,4042.0,5,4047.59,606240,149477.0,144652.0,4100.0,4110.0,4016.1,4092.6,23588425,4501.8,3683.4,4440.0,3288.1,4042.0,13,1,4041.5,30,1,4041.2,5,1,4041.1,2,1,4041.0,17,3,4042.9,90,5,4043.0,260,8,4043.2,36,2,4043.4,45,4,4043.5,78,4
11483,2026-07-02 10:38:54+05:30,4042.5,1,4047.59,606248,149146.0,144712.0,4100.0,4110.0,4016.1,4092.6,23588425,4501.8,3683.4,4440.0,3288.1,4042.0,7,1,4041.5,30,1,4041.0,16,2,4040.8,5,1,4040.7,53,2,4042.5,37,3,4042.6,29,3,4042.7,58,4,4042.8,65,5,4042.9,77,6
11483,2026-07-02 10:38:55+05:30,4041.0,4,4047.59,606248,149146.0,144712.0,4100.0,4110.0,4016.1,4092.6,23588425,4501.8,3683.4,4440.0,3288.1,4042.0,7,1,4041.5,30,1,4041.0,16,2,4040.8,5,1,4040.7,53,2,4042.5,37,3,4042.6,29,3,4042.7,58,4,4042.8,65,5,4042.9,77,6
11483,2026-07-02 10:38:55+05:30,4041.0,4,4047.59,606435,149065.0,145146.0,4100.0,4110.0,4016.1,4092.6,23588425,4501.8,3683.4,4440.0,3288.1,4041.1,9,1,4041.0,35,3,4040.9,17,2,4040.8,21,3,4040.7,41,3,4042.5,43,3,4042.6,32,1,4042.7,45,2,4042.8,15,2,4042.9,67,4
11483,2026-07-02 10:38:56+05:30,4042.4,1,4047.59,606435,149065.0,145146.0,4100.0,4110.0,4016.1,4092.6,23588425,4501.8,3683.4,4440.0,3288.1,4041.1,9,1,4041.0,35,3,4040.9,17,2,4040.8,21,3,4040.7,41,3,4042.5,43,3,4042.6,32,1,4042.7,45,2,4042.8,15,2,4042.9,67,4
11483,2026-07-02 10:38:56+05:30,4042.4,1,4047.59,606436,149263.0,144754.0,4100.0,4110.0,4016.1,4092.6,23588425,4501.8,3683.4,4440.0,3288.1,4042.0,1,1,4041.2,4,1,4041.1,27,2,4041.0,39,2,4040.9,17,2,4042.4,17,1,4042.5,83,6,4042.7,55,3,4042.8,26,3,4042.9,78,5
11483,2026-07-02 10:38:57+05:30,4042.5,1,4047.59,606436,149263.0,144754.0,4100.0,4110.0,4016.1,4092.6,23588425,4501.8,3683.4,4440.0,3288.1,4042.0,1,1,4041.2,4,1,4041.1,27,2,4041.0,39,2,4040.9,17,2,4042.4,17,1,4042.5,83,6,4042.7,55,3,4042.8,26,3,4042.9,78,5
11483,2026-07-02 10:38:57+05:30,4042.5,1,4047.59,606441,149309.0,144932.0,4100.0,4110.0,4016.1,4092.6,23588425,4501.8,3683.4,4440.0,3288.1,4042.0,4,1,4041.2,4,1,4041.1,27,2,4041.0,39,2,4040.9,19,3,4042.5,50,3,4042.8,12,1,4042.9,43,2,4043.0,142,8,4043.1,29,3
11483,2026-07-02 10:38:58+05:30,4042.5,1,4047.59,606441,149309.0,144932.0,4100.0,4110.0,4016.1,4092.6,23588425,4501.8,3683.4,4440.0,3288.1,4042.0,4,1,4041.2,4,1,4041.1,27,2,4041.0,39,2,4040.9,19,3,4042.5,50,3,4042.8,12,1,4042.9,43,2,4043.0,142,8,4043.1,29,3
11483,2026-07-02 10:38:58+05:30,4042.9,14,4047.58,606522,148876.0,145178.0,4100.0,4110.0,4016.1,4092.6,23588425,4501.8,3683.4,4440.0,3288.1,4041.3,13,2,4041.2,18,2,4040.7,22,1,4040.6,29,4,4040.5,51,3,4042.7,9,1,4042.8,49,2,4042.9,59,4,4043.0,161,8,4043.1,59,4
11483,2026-07-02 10:38:59+05:30,4042.6,1,4047.58,606522,148876.0,145178.0,4100.0,4110.0,4016.1,4092.6,23588425,4501.8,3683.4,4440.0,3288.1,4041.3,13,2,4041.2,18,2,4040.7,22,1,4040.6,29,4,4040.5,51,3,4042.7,9,1,4042.8,49,2,4042.9,59,4,4043.0,161,8,4043.1,59,4
11483,2026-07-02 10:38:59+05:30,4042.6,1,4047.58,606523,149177.0,145631.0,4100.0,4110.0,4016.1,4092.6,23588425,4501.8,3683.4,4440.0,3288.1,4040.9,49,2,4040.8,97,6,4040.7,22,1,4040.6,12,3,4040.5,53,4,4042.4,16,1,4042.5,17,2,4042.6,95,4,4042.7,84,5,4042.8,97,3
11483,2026-07-02 10:39:00+05:30,4042.5,1,4047.58,606523,149177.0,145631.0,4100.0,4110.0,4016.1,4092.6,23588425,4501.8,3683.4,4440.0,3288.1,4040.9,49,2,4040.8,97,6,4040.7,22,1,4040.6,12,3,4040.5,53,4,4042.4,16,1,4042.5,17,2,4042.6,95,4,4042.7,84,5,4042.8,97,3
11483,2026-07-02 10:39:00+05:30,4043.0,1,4047.58,606888,149086.0,142986.0,4100.0,4110.0,4016.1,4092.6,23588425,4501.8,3683.4,4440.0,3288.1,4043.5,2,2,4043.0,76,1,4042.1,43,3,4042.0,23,2,4041.9,34,2,4043.6,1,1,4043.9,12,2,4044.0,262,12,4044.3,18,1,4044.4,29,2
11483,2026-07-02 10:39:01+05:30,4043.9,6,4047.58,606888,149086.0,142986.0,4100.0,4110.0,4016.1,4092.6,23588425,4501.8,3683.4,4440.0,3288.1,4043.5,2,2,4043.0,76,1,4042.1,43,3,4042.0,23,2,4041.9,34,2,4043.6,1,1,4043.9,12,2,4044.0,262,12,4044.3,18,1,4044.4,29,2
11483,2026-07-02 10:39:01+05:30,4043.9,6,4047.58,607315,149084.0,143429.0,4100.0,4110.0,4016.1,4092.6,23588425,4501.8,3683.4,4440.0,3288.1,4043.0,100,1,4042.7,5,1,4041.6,26,3,4041.5,48,1,4041.4,41,2,4043.8,29,3,4043.9,18,3,4044.0,276,13,4044.1,19,1,4044.2,5,1
11483,2026-07-02 10:39:02+05:30,4043.0,1,4047.58,607315,149084.0,143429.0,4100.0,4110.0,4016.1,4092.6,23588425,4501.8,3683.4,4440.0,3288.1,4043.0,100,1,4042.7,5,1,4041.6,26,3,4041.5,48,1,4041.4,41,2,4043.8,29,3,4043.9,18,3,4044.0,276,13,4044.1,19,1,4044.2,5,1
11483,2026-07-02 10:39:02+05:30,4043.8,10,4047.58,607466,148969.0,143467.0,4100.0,4110.0,4016.1,4092.6,23588425,4501.8,3683.4,4440.0,3288.1,4043.0,49,1,4042.7,5,1,4041.8,2,1,4041.7,48,1,4041.6,24,2,4043.5,15,2,4043.6,15,3,4043.7,41,4,4043.8,32,4,4043.9,30,4
11483,2026-07-02 10:39:03+05:30,4043.0,1,4047.58,607466,148969.0,143467.0,4100.0,4110.0,4016.1,4092.6,23588425,4501.8,3683.4,4440.0,3288.1,4043.0,49,1,4042.7,5,1,4041.8,2,1,4041.7,48,1,4041.6,24,2,4043.5,15,2,4043.6,15,3,4043.7,41,4,4043.8,32,4,4043.9,30,4
11483,2026-07-02 10:39:03+05:30,4043.0,1,4047.58,607473,149057.0,143604.0,4100.0,4110.0,4016.1,4092.6,23588425,4501.8,3683.4,4440.0,3288.1,4043.0,47,1,4041.8,2,1,4041.7,48,1,4041.6,24,2,4041.4,43,3,4043.5,16,3,4043.6,15,3,4043.7,21,3,4043.8,32,4,4043.9,54,5
11483,2026-07-02 10:39:04+05:30,4043.3,1,4047.58,607473,149057.0,143604.0,4100.0,4110.0,4016.1,4092.6,23588425,4501.8,3683.4,4440.0,3288.1,4043.0,47,1,4041.8,2,1,4041.7,48,1,4041.6,24,2,4041.4,43,3,4043.5,16,3,4043.6,15,3,4043.7,21,3,4043.8,32,4,4043.9,54,5
11483,2026-07-02 10:39:04+05:30,4043.3,1,4047.58,607684,149464.0,143970.0,4100.0,4110.0,4016.1,4092.6,23588425,4501.8,3683.4,4440.0,3288.1,4041.8,28,1,4041.7,16,4,4041.6,27,5,4041.5,23,1,4041.4,46,1,4043.4,51,2,4043.5,8,3,4043.6,17,3,4043.7,24,3,4043.8,27,3
11483,2026-07-02 10:39:05+05:30,4042.0,1,4047.58,607684,149464.0,143970.0,4100.0,4110.0,4016.1,4092.6,23588425,4501.8,3683.4,4440.0,3288.1,4041.8,28,1,4041.7,16,4,4041.6,27,5,4041.5,23,1,4041.4,46,1,4043.4,51,2,4043.5,8,3,4043.6,17,3,4043.7,24,3,4043.8,27,3
11483,2026-07-02 10:39:05+05:30,4042.0,6,4047.58,607697,149391.0,144745.0,4100.0,4110.0,4016.1,4092.6,23588425,4501.8,3683.4,4440.0,3288.1,4042.2,10,1,4042.1,26,3,4042.0,19,2,4041.9,50,4,4041.8,19,3,4043.4,3,1,4043.8,27,2,4043.9,6,2,4044.0,276,13,4044.3,32,4
11483,2026-07-02 10:39:06+05:30,4041.8,116,4047.58,607697,149391.0,144745.0,4100.0,4110.0,4016.1,4092.6,23588425,4501.8,3683.4,4440.0,3288.1,4042.2,10,1,4042.1,26,3,4042.0,19,2,4041.9,50,4,4041.8,19,3,4043.4,3,1,4043.8,27,2,4043.9,6,2,4044.0,276,13,4044.3,32,4
11483,2026-07-02 10:39:07+05:30,4043.0,2,4047.57,607881,149060.0,145519.0,4100.0,4110.0,4016.1,4092.6,23588425,4501.8,3683.4,4440.0,3288.1,4042.5,1,1,4042.2,7,1,4041.9,32,2,4041.8,20,2,4041.7,1,1,4043.0,67,2,4043.4,2,1,4043.5,12,1,4043.7,28,3,4043.8,10,3
11483,2026-07-02 10:39:07+05:30,4042.5,1,4047.57,607881,149060.0,145519.0,4100.0,4110.0,4016.1,4092.6,23588425,4501.8,3683.4,4440.0,3288.1,4042.5,1,1,4042.2,7,1,4041.9,32,2,4041.8,20,2,4041.7,1,1,4043.0,67,2,4043.4,2,1,4043.5,12,1,4043.7,28,3,4043.8,10,3
11483,2026-07-02 10:39:08+05:30,4041.9,1,4047.57,607883,149296.0,145578.0,4100.0,4110.0,4016.1,4092.6,23588425,4501.8,3683.4,4440.0,3288.1,4041.9,35,5,4041.8,54,5,4041.7,34,4,4041.6,16,1,4041.5,61,5,4043.0,69,3,4043.4,2,1,4043.7,16,2,4043.8,185,4,4043.9,6,2
11483,2026-07-02 10:39:08+05:30,4041.9,1,4047.57,607883,149296.0,145578.0,4100.0,4110.0,4016.1,4092.6,23588425,4501.8,3683.4,4440.0,3288.1,4041.9,35,5,4041.8,54,5,4041.7,34,4,4041.6,16,1,4041.5,61,5,4043.0,69,3,4043.4,2,1,4043.7,16,2,4043.8,185,4,4043.9,6,2
11483,2026-07-02 10:39:09+05:30,4042.1,1,4047.57,607886,149281.0,145683.0,4100.0,4110.0,4016.1,4092.6,23588425,4501.8,3683.4,4440.0,3288.1,4042.2,38,5,4042.1,23,3,4042.0,18,3,4041.9,63,7,4041.8,45,4,4043.0,169,5,4043.8,176,2,4043.9,6,2,4044.0,425,14,4044.2,20,1
11483,2026-07-02 10:39:09+05:30,4042.1,1,4047.57,607886,149281.0,145683.0,4100.0,4110.0,4016.1,4092.6,23588425,4501.8,3683.4,4440.0,3288.1,4042.2,38,5,4042.1,23,3,4042.0,18,3,4041.9,63,7,4041.8,45,4,4043.0,169,5,4043.8,176,2,4043.9,6,2,4044.0,425,14,4044.2,20,1
11483,2026-07-02 10:39:10+05:30,4042.4,1,4047.57,607941,149610.0,145667.0,4100.0,4110.0,4016.1,4092.6,23588425,4501.8,3683.4,4440.0,3288.1,4042.4,9,1,4042.3,37,4,4042.2,29,4,4042.1,20,3,4042.0,28,5,4043.0,165,5,4043.8,176,2,4043.9,6,2,4044.0,425,14,4044.2,20,1
11483,2026-07-02 10:39:10+05:30,4042.5,3,4047.57,607941,149610.0,145667.0,4100.0,4110.0,4016.1,4092.6,23588425,4501.8,3683.4,4440.0,3288.1,4042.4,9,1,4042.3,37,4,4042.2,29,4,4042.1,20,3,4042.0,28,5,4043.0,165,5,4043.8,176,2,4043.9,6,2,4044.0,425,14,4044.2,20,1
11483,2026-07-02 10:39:11+05:30,4043.0,1,4047.57,608115,149804.0,144703.0,4100.0,4110.0,4016.1,4092.6,23588425,4501.8,3683.4,4440.0,3288.1,4043.0,35,4,4042.9,7,2,4042.8,50,4,4042.7,6,2,4042.6,6,2,4043.8,1,1,4043.9,6,2,4044.0,412,13,4044.4,10,1,4044.6,12,1
11483,2026-07-02 10:39:11+05:30,4043.9,3,4047.57,608115,149804.0,144703.0,4100.0,4110.0,4016.1,4092.6,23588425,4501.8,3683.4,4440.0,3288.1,4043.0,35,4,4042.9,7,2,4042.8,50,4,4042.7,6,2,4042.6,6,2,4043.8,1,1,4043.9,6,2,4044.0,412,13,4044.4,10,1,4044.6,12,1
11483,2026-07-02 10:39:12+05:30,4043.0,1,4047.57,608122,149839.0,145078.0,4100.0,4110.0,4016.1,4092.6,23588425,4501.8,3683.4,4440.0,3288.1,4043.0,14,2,4042.9,1,1,4042.8,62,5,4042.7,6,2,4042.6,19,3,4043.9,3,2,4044.0,412,13,4044.4,10,1,4044.6,12,1,4044.9,190,9
11483,2026-07-02 10:39:12+05:30,4043.9,5,4047.57,608122,149839.0,145078.0,4100.0,4110.0,4016.1,4092.6,23588425,4501.8,3683.4,4440.0,3288.1,4043.0,14,2,4042.9,1,1,4042.8,62,5,4042.7,6,2,4042.6,19,3,4043.9,3,2,4044.0,412,13,4044.4,10,1,4044.6,12,1,4044.9,190,9
11483,2026-07-02 10:39:13+05:30,4043.0,9,4047.57,608147,149735.0,145245.0,4100.0,4110.0,4016.1,4092.6,23588425,4501.8,3683.4,4440.0,3288.1,4042.6,53,6,4042.5,5,1,4042.4,14,3,4042.3,7,1,4042.2,23,2,4043.0,96,2,4043.9,11,1,4044.0,412,13,4044.3,12,1,4044.4,10,1
11483,2026-07-02 10:39:13+05:30,4042.3,1,4047.57,608147,149735.0,145245.0,4100.0,4110.0,4016.1,4092.6,23588425,4501.8,3683.4,4440.0,3288.1,4042.6,53,6,4042.5,5,1,4042.4,14,3,4042.3,7,1,4042.2,23,2,4043.0,96,2,4043.9,11,1,4044.0,412,13,4044.3,12,1,4044.4,10,1
11483,2026-07-02 10:39:14+05:30,4044.0,5,4047.57,608385,149913.0,145141.0,4100.0,4110.0,4016.1,4092.6,23588425,4501.8,3683.4,4440.0,3288.1,4042.5,36,3,4042.4,19,2,4042.3,24,4,4042.2,69,3,4042.1,88,4,4044.0,381,10,4044.4,10,1,4044.6,44,3,4044.8,5,1,4044.9,178,9
11483,2026-07-02 10:39:14+05:30,4043.9,1,4047.57,608385,149913.0,145141.0,4100.0,4110.0,4016.1,4092.6,23588425,4501.8,3683.4,4440.0,3288.1,4042.5,36,3,4042.4,19,2,4042.3,24,4,4042.2,69,3,4042.1,88,4,4044.0,381,10,4044.4,10,1,4044.6,44,3,4044.8,5,1,4044.9,178,9
11483,2026-07-02 10:39:15+05:30,4043.9,1,4047.57,608386,150043.0,145154.0,4100.0,4110.0,4016.1,4092.6,23588425,4501.8,3683.4,4440.0,3288.1,4042.6,22,4,4042.5,69,4,4042.4,42,2,4042.3,14,2,4042.2,69,3,4044.0,390,11,4044.4,10,1,4044.6,44,3,4044.8,5,1,4044.9,178,9
11483,2026-07-02 10:39:15+05:30,4044.0,1,4047.57,608386,150043.0,145154.0,4100.0,4110.0,4016.1,4092.6,23588425,4501.8,3683.4,4440.0,3288.1,4042.6,22,4,4042.5,69,4,4042.4,42,2,4042.3,14,2,4042.2,69,3,4044.0,390,11,4044.4,10,1,4044.6,44,3,4044.8,5,1,4044.9,178,9
11483,2026-07-02 10:39:16+05:30,4042.6,1,4047.57,608398,149793.0,145155.0,4100.0,4110.0,4016.1,4092.6,23588425,4501.8,3683.4,4440.0,3288.1,4043.1,8,3,4042.9,6,1,4042.5,36,3,4042.4,9,1,4042.3,15,3,4043.5,5,1,4044.0,389,11,4044.4,10,1,4044.5,1,1,4044.6,44,3
11483,2026-07-02 10:39:16+05:30,4043.5,1,4047.57,608398,149793.0,145155.0,4100.0,4110.0,4016.1,4092.6,23588425,4501.8,3683.4,4440.0,3288.1,4043.1,8,3,4042.9,6,1,4042.5,36,3,4042.4,9,1,4042.3,15,3,4043.5,5,1,4044.0,389,11,4044.4,10,1,4044.5,1,1,4044.6,44,3
11483,2026-07-02 10:39:17+05:30,4043.1,1,4047.57,608403,149828.0,145169.0,4100.0,4110.0,4016.1,4092.6,23588425,4501.8,3683.4,4440.0,3288.1,4043.1,6,3,4042.7,8,1,4042.5,26,2,4042.4,11,2,4042.3,52,3,4043.5,4,1,4043.9,11,2,4044.0,380,10,4044.4,10,1,4044.5,1,1
11483,2026-07-02 10:39:17+05:30,4043.5,1,4047.57,608403,149828.0,145169.0,4100.0,4110.0,4016.1,4092.6,23588425,4501.8,3683.4,4440.0,3288.1,4043.1,6,3,4042.7,8,1,4042.5,26,2,4042.4,11,2,4042.3,52,3,4043.5,4,1,4043.9,11,2,4044.0,380,10,4044.4,10,1,4044.5,1,1
11483,2026-07-02 10:39:18+05:30,4043.5,1,4047.57,608404,149856.0,145225.0,4100.0,4110.0,4016.1,4092.6,23588425,4501.8,3683.4,4440.0,3288.1,4043.1,8,3,4043.0,5,1,4042.7,8,1,4042.5,35,3,4042.4,28,2,4043.5,5,3,4043.9,11,2,4044.0,380,10,4044.4,10,1,4044.6,24,2
11483,2026-07-02 10:39:18+05:30,4043.5,1,4047.57,608404,149856.0,145225.0,4100.0,4110.0,4016.1,4092.6,23588425,4501.8,3683.4,4440.0,3288.1,4043.1,8,3,4043.0,5,1,4042.7,8,1,4042.5,35,3,4042.4,28,2,4043.5,5,3,4043.9,11,2,4044.0,380,10,4044.4,10,1,4044.6,24,2
11483,2026-07-02 10:39:19+05:30,4043.1,3,4047.57,608410,149891.0,145235.0,4100.0,4110.0,4016.1,4092.6,23588425,4501.8,3683.4,4440.0,3288.1,4043.1,1,1,4043.0,7,2,4042.7,21,3,4042.6,1,1,4042.5,34,2,4043.5,4,3,4043.9,11,2,4044.0,380,10,4044.4,10,1,4044.5,5,1
11483,2026-07-02 10:39:19+05:30,4043.5,1,4047.57,608410,149891.0,145235.0,4100.0,4110.0,4016.1,4092.6,23588425,4501.8,3683.4,4440.0,3288.1,4043.1,1,1,4043.0,7,2,4042.7,21,3,4042.6,1,1,4042.5,34,2,4043.5,4,3,4043.9,11,2,4044.0,380,10,4044.4,10,1,4044.5,5,1
11483,2026-07-02 10:39:20+05:30,4043.0,1,4047.57,608410,149891.0,145235.0,4100.0,4110.0,4016.1,4092.6,23588425,4501.8,3683.4,4440.0,3288.1,4043.1,1,1,4043.0,7,2,4042.7,21,3,4042.6,1,1,4042.5,34,2,4043.5,4,3,4043.9,11,2,4044.0,380,10,4044.4,10,1,4044.5,5,1
11483,2026-07-02 10:39:20+05:30,4043.0,1,4047.57,608425,149947.0,145431.0,4100.0,4110.0,4016.1,4092.6,23588425,4501.8,3683.4,4440.0,3288.1,4042.7,8,2,4042.5,22,3,4042.4,28,2,4042.3,51,3,4042.2,80,3,4043.0,24,1,4043.9,11,2,4044.0,365,10,4044.3,13,1,4044.4,35,2
11483,2026-07-02 10:39:21+05:30,4043.0,1,4047.57,608425,149947.0,145431.0,4100.0,4110.0,4016.1,4092.6,23588425,4501.8,3683.4,4440.0,3288.1,4042.7,8,2,4042.5,22,3,4042.4,28,2,4042.3,51,3,4042.2,80,3,4043.0,24,1,4043.9,11,2,4044.0,365,10,4044.3,13,1,4044.4,35,2
11483,2026-07-02 10:39:21+05:30,4043.0,1,4047.57,608426,149854.0,145566.0,4100.0,4110.0,4016.1,4092.6,23588425,4501.8,3683.4,4440.0,3288.1,4042.4,20,4,4042.3,14,3,4042.2,19,2,4042.1,56,4,4042.0,225,5,4043.0,48,3,4043.9,11,2,4044.0,368,11,4044.3,13,1,4044.4,35,2
11483,2026-07-02 10:39:22+05:30,4042.6,1,4047.57,608426,149854.0,145566.0,4100.0,4110.0,4016.1,4092.6,23588425,4501.8,3683.4,4440.0,3288.1,4042.4,20,4,4042.3,14,3,4042.2,19,2,4042.1,56,4,4042.0,225,5,4043.0,48,3,4043.9,11,2,4044.0,368,11,4044.3,13,1,4044.4,35,2
11483,2026-07-02 10:39:22+05:30,4042.6,1,4047.57,608429,149559.0,145862.0,4100.0,4110.0,4016.1,4092.6,23588425,4501.8,3683.4,4440.0,3288.1,4042.3,7,2,4042.2,8,2,4042.1,33,2,4042.0,235,6,4041.9,14,1,4042.6,2,1,4043.0,48,3,4043.9,11,2,4044.0,380,12,4044.2,11,1
11483,2026-07-02 10:39:22+05:30,4042.6,1,4047.57,608429,149559.0,145862.0,4100.0,4110.0,4016.1,4092.6,23588425,4501.8,3683.4,4440.0,3288.1,4042.3,7,2,4042.2,8,2,4042.1,33,2,4042.0,235,6,4041.9,14,1,4042.6,2,1,4043.0,48,3,4043.9,11,2,4044.0,380,12,4044.2,11,1
11483,2026-07-02 10:39:23+05:30,4042.6,1,4047.57,608429,149559.0,145862.0,4100.0,4110.0,4016.1,4092.6,23588425,4501.8,3683.4,4440.0,3288.1,4042.3,7,2,4042.2,8,2,4042.1,33,2,4042.0,235,6,4041.9,14,1,4042.6,2,1,4043.0,48,3,4043.9,11,2,4044.0,380,12,4044.2,11,1
11483,2026-07-02 10:39:23+05:30,4043.0,1,4047.57,608429,149559.0,145862.0,4100.0,4110.0,4016.1,4092.6,23588425,4501.8,3683.4,4440.0,3288.1,4042.3,7,2,4042.2,8,2,4042.1,33,2,4042.0,235,6,4041.9,14,1,4042.6,2,1,4043.0,48,3,4043.9,11,2,4044.0,380,12,4044.2,11,1
11483,2026-07-02 10:39:23+05:30,4043.0,1,4047.57,608438,149696.0,145850.0,4100.0,4110.0,4016.1,4092.6,23588425,4501.8,3683.4,4440.0,3288.1,4042.3,1,1,4042.2,31,4,4042.1,33,2,4042.0,235,6,4041.9,38,2,4043.0,45,2,4043.9,11,2,4044.0,380,12,4044.2,35,2,4044.3,33,2
11483,2026-07-02 10:39:23+05:30,4043.0,1,4047.57,608438,149696.0,145850.0,4100.0,4110.0,4016.1,4092.6,23588425,4501.8,3683.4,4440.0,3288.1,4042.3,1,1,4042.2,31,4,4042.1,33,2,4042.0,235,6,4041.9,38,2,4043.0,45,2,4043.9,11,2,4044.0,380,12,4044.2,35,2,4044.3,33,2
11483,2026-07-02 10:39:24+05:30,4043.0,1,4047.57,608438,149696.0,145850.0,4100.0,4110.0,4016.1,4092.6,23588425,4501.8,3683.4,4440.0,3288.1,4042.3,1,1,4042.2,31,4,4042.1,33,2,4042.0,235,6,4041.9,38,2,4043.0,45,2,4043.9,11,2,4044.0,380,12,4044.2,35,2,4044.3,33,2
11483,2026-07-02 10:39:24+05:30,4043.0,1,4047.57,608438,149696.0,145850.0,4100.0,4110.0,4016.1,4092.6,23588425,4501.8,3683.4,4440.0,3288.1,4042.3,1,1,4042.2,31,4,4042.1,33,2,4042.0,235,6,4041.9,38,2,4043.0,45,2,4043.9,11,2,4044.0,380,12,4044.2,35,2,4044.3,33,2
11483,2026-07-02 10:39:24+05:30,4043.0,1,4047.57,608439,149777.0,146038.0,4100.0,4110.0,4016.1,4092.6,23588425,4501.8,3683.4,4440.0,3288.1,4042.3,7,2,4042.2,9,2,4042.1,28,1,4042.0,404,9,4041.9,24,2,4043.0,45,3,4043.9,11,2,4044.0,484,14,4044.2,11,1,4044.3,33,2
11483,2026-07-02 10:39:24+05:30,4043.0,1,4047.57,608439,149777.0,146038.0,4100.0,4110.0,4016.1,4092.6,23588425,4501.8,3683.4,4440.0,3288.1,4042.3,7,2,4042.2,9,2,4042.1,28,1,4042.0,404,9,4041.9,24,2,4043.0,45,3,4043.9,11,2,4044.0,484,14,4044.2,11,1,4044.3,33,2
11483,2026-07-02 10:39:25+05:30,4043.0,1,4047.57,608439,149777.0,146038.0,4100.0,4110.0,4016.1,4092.6,23588425,4501.8,3683.4,4440.0,3288.1,4042.3,7,2,4042.2,9,2,4042.1,28,1,4042.0,404,9,4041.9,24,2,4043.0,45,3,4043.9,11,2,4044.0,484,14,4044.2,11,1,4044.3,33,2
11483,2026-07-02 10:39:25+05:30,4043.0,1,4047.57,608439,149777.0,146038.0,4100.0,4110.0,4016.1,4092.6,23588425,4501.8,3683.4,4440.0,3288.1,4042.3,7,2,4042.2,9,2,4042.1,28,1,4042.0,404,9,4041.9,24,2,4043.0,45,3,4043.9,11,2,4044.0,484,14,4044.2,11,1,4044.3,33,2
11483,2026-07-02 10:39:25+05:30,4043.0,1,4047.57,608439,149777.0,146038.0,4100.0,4110.0,4016.1,4092.6,23588425,4501.8,3683.4,4440.0,3288.1,4042.3,7,2,4042.2,9,2,4042.1,28,1,4042.0,404,9,4041.9,24,2,4043.0,45,3,4043.9,11,2,4044.0,484,14,4044.2,11,1,4044.3,33,2
11483,2026-07-02 10:39:25+05:30,4043.0,1,4047.57,608440,149707.0,146090.0,4100.0,4110.0,4016.1,4092.6,23588425,4501.8,3683.4,4440.0,3288.1,4042.3,7,2,4042.2,8,1,4042.1,29,2,4042.0,395,8,4041.9,14,1,4043.0,44,3,4043.5,15,1,4043.8,11,1,4043.9,11,2,4044.0,484,14
11483,2026-07-02 10:39:25+05:30,4043.0,1,4047.57,608440,149707.0,146090.0,4100.0,4110.0,4016.1,4092.6,23588425,4501.8,3683.4,4440.0,3288.1,4042.3,7,2,4042.2,8,1,4042.1,29,2,4042.0,395,8,4041.9,14,1,4043.0,44,3,4043.5,15,1,4043.8,11,1,4043.9,11,2,4044.0,484,14
11483,2026-07-02 10:39:26+05:30,4043.0,1,4047.57,608440,149707.0,146090.0,4100.0,4110.0,4016.1,4092.6,23588425,4501.8,3683.4,4440.0,3288.1,4042.3,7,2,4042.2,8,1,4042.1,29,2,4042.0,395,8,4041.9,14,1,4043.0,44,3,4043.5,15,1,4043.8,11,1,4043.9,11,2,4044.0,484,14
11483,2026-07-02 10:39:26+05:30,4043.0,1,4047.57,608440,149707.0,146090.0,4100.0,4110.0,4016.1,4092.6,23588425,4501.8,3683.4,4440.0,3288.1,4042.3,7,2,4042.2,8,1,4042.1,29,2,4042.0,395,8,4041.9,14,1,4043.0,44,3,4043.5,15,1,4043.8,11,1,4043.9,11,2,4044.0,484,14
11483,2026-07-02 10:39:26+05:30,4043.0,1,4047.57,608440,149707.0,146090.0,4100.0,4110.0,4016.1,4092.6,23605575,4501.8,3683.4,4440.0,3288.1,4042.3,7,2,4042.2,8,1,4042.1,29,2,4042.0,395,8,4041.9,14,1,4043.0,44,3,4043.5,15,1,4043.8,11,1,4043.9,11,2,4044.0,484,14
11483,2026-07-02 10:39:26+05:30,4042.0,28,4047.57,608509,149667.0,146468.0,4100.0,4110.0,4016.1,4092.6,23605575,4501.8,3683.4,4440.0,3288.1,4042.0,383,11,4041.9,24,2,4041.8,52,3,4041.7,25,2,4041.6,36,2,4043.0,27,3,4043.5,15,1,4043.8,11,1,4043.9,11,2,4044.0,473,14
11483,2026-07-02 10:39:26+05:30,4042.0,28,4047.57,608509,149667.0,146468.0,4100.0,4110.0,4016.1,4092.6,23605575,4501.8,3683.4,4440.0,3288.1,4042.0,383,11,4041.9,24,2,4041.8,52,3,4041.7,25,2,4041.6,36,2,4043.0,27,3,4043.5,15,1,4043.8,11,1,4043.9,11,2,4044.0,473,14
11483,2026-07-02 10:39:27+05:30,4042.0,28,4047.57,608509,149667.0,146468.0,4100.0,4110.0,4016.1,4092.6,23605575,4501.8,3683.4,4440.0,3288.1,4042.0,383,11,4041.9,24,2,4041.8,52,3,4041.7,25,2,4041.6,36,2,4043.0,27,3,4043.5,15,1,4043.8,11,1,4043.9,11,2,4044.0,473,14
11483,2026-07-02 10:39:27+05:30,4043.0,1,4047.57,608509,149667.0,146468.0,4100.0,4110.0,4016.1,4092.6,23605575,4501.8,3683.4,4440.0,3288.1,4042.0,383,11,4041.9,24,2,4041.8,52,3,4041.7,25,2,4041.6,36,2,4043.0,27,3,4043.5,15,1,4043.8,11,1,4043.9,11,2,4044.0,473,14
11483,2026-07-02 10:39:27+05:30,4043.0,1,4047.57,608509,149667.0,146468.0,4100.0,4110.0,4016.1,4092.6,23605575,4501.8,3683.4,4440.0,3288.1,4042.0,383,11,4041.9,24,2,4041.8,52,3,4041.7,25,2,4041.6,36,2,4043.0,27,3,4043.5,15,1,4043.8,11,1,4043.9,11,2,4044.0,473,14
11483,2026-07-02 10:39:27+05:30,4043.0,1,4047.57,608525,150317.0,146271.0,4100.0,4110.0,4016.1,4092.6,23605575,4501.8,3683.4,4440.0,3288.1,4042.2,1,1,4042.1,521,3,4042.0,370,9,4041.9,24,2,4041.8,52,3,4043.0,14,3,4043.5,25,2,4043.8,21,2,4043.9,11,2,4044.0,473,14
11483,2026-07-02 10:39:27+05:30,4043.0,1,4047.57,608525,150317.0,146271.0,4100.0,4110.0,4016.1,4092.6,23605575,4501.8,3683.4,4440.0,3288.1,4042.2,1,1,4042.1,521,3,4042.0,370,9,4041.9,24,2,4041.8,52,3,4043.0,14,3,4043.5,25,2,4043.8,21,2,4043.9,11,2,4044.0,473,14
11483,2026-07-02 10:39:28+05:30,4043.0,1,4047.57,608525,150317.0,146271.0,4100.0,4110.0,4016.1,4092.6,23605575,4501.8,3683.4,4440.0,3288.1,4042.2,1,1,4042.1,521,3,4042.0,370,9,4041.9,24,2,4041.8,52,3,4043.0,14,3,4043.5,25,2,4043.8,21,2,4043.9,11,2,4044.0,473,14
11483,2026-07-02 10:39:28+05:30,4043.0,1,4047.57,608525,150317.0,146271.0,4100.0,4110.0,4016.1,4092.6,23605575,4501.8,3683.4,4440.0,3288.1,4042.2,1,1,4042.1,521,3,4042.0,370,9,4041.9,24,2,4041.8,52,3,4043.0,14,3,4043.5,25,2,4043.8,21,2,4043.9,11,2,4044.0,473,14
11483,2026-07-02 10:39:28+05:30,4043.0,3,4047.57,608529,150344.0,146204.0,4100.0,4110.0,4016.1,4092.6,23605575,4501.8,3683.4,4440.0,3288.1,4042.4,1,1,4042.3,16,2,4042.2,16,2,4042.1,500,1,4042.0,372,10,4043.0,10,3,4043.5,25,2,4043.8,11,1,4043.9,11,2,4044.0,473,14
11483,2026-07-02 10:39:29+05:30,4043.0,1,4047.57,608529,150344.0,146204.0,4100.0,4110.0,4016.1,4092.6,23605575,4501.8,3683.4,4440.0,3288.1,4042.4,1,1,4042.3,16,2,4042.2,16,2,4042.1,500,1,4042.0,372,10,4043.0,10,3,4043.5,25,2,4043.8,11,1,4043.9,11,2,4044.0,473,14
11483,2026-07-02 10:39:29+05:30,4043.0,1,4047.57,608540,150419.0,146186.0,4100.0,4110.0,4016.1,4092.6,23605575,4501.8,3683.4,4440.0,3288.1,4042.5,29,4,4042.4,9,1,4042.3,16,2,4042.2,34,2,4042.1,500,1,4043.0,9,3,4043.5,25,2,4043.9,11,2,4044.0,523,15,4044.3,44,3
11483,2026-07-02 10:39:30+05:30,4043.0,1,4047.57,608540,150419.0,146186.0,4100.0,4110.0,4016.1,4092.6,23605575,4501.8,3683.4,4440.0,3288.1,4042.5,29,4,4042.4,9,1,4042.3,16,2,4042.2,34,2,4042.1,500,1,4043.0,9,3,4043.5,25,2,4043.9,11,2,4044.0,523,15,4044.3,44,3
11483,2026-07-02 10:39:30+05:30,4042.4,1,4047.57,608542,150379.0,146206.0,4100.0,4110.0,4016.1,4092.6,23605575,4501.8,3683.4,4440.0,3288.1,4042.4,17,3,4042.3,16,2,4042.1,500,1,4042.0,411,12,4041.9,34,3,4043.0,8,3,4043.5,25,2,4043.9,11,2,4044.0,528,16,4044.3,68,4
11483,2026-07-02 10:39:31+05:30,4043.5,1,4047.57,608542,150379.0,146206.0,4100.0,4110.0,4016.1,4092.6,23605575,4501.8,3683.4,4440.0,3288.1,4042.4,17,3,4042.3,16,2,4042.1,500,1,4042.0,411,12,4041.9,34,3,4043.0,8,3,4043.5,25,2,4043.9,11,2,4044.0,528,16,4044.3,68,4
11483,2026-07-02 10:39:31+05:30,4042.9,1,4047.57,608554,150539.0,146124.0,4100.0,4110.0,4016.1,4092.6,23605575,4501.8,3683.4,4440.0,3288.1,4042.9,2,2,4042.4,7,2,4042.3,4,1,4042.2,56,2,4042.1,520,2,4043.0,2,2,4043.5,22,2,4043.9,11,2,4044.0,538,17,4044.1,27,2
11483,2026-07-02 10:39:32+05:30,4042.0,7,4047.57,608554,150539.0,146124.0,4100.0,4110.0,4016.1,4092.6,23605575,4501.8,3683.4,4440.0,3288.1,4042.9,2,2,4042.4,7,2,4042.3,4,1,4042.2,56,2,4042.1,520,2,4043.0,2,2,4043.5,22,2,4043.9,11,2,4044.0,538,17,4044.1,27,2
11483,2026-07-02 10:39:32+05:30,4041.6,19,4047.56,609445,147150.0,148178.0,4100.0,4110.0,4016.1,4092.6,23605575,4501.8,3683.4,4440.0,3288.1,4041.0,34,4,4040.7,22,1,4040.1,3,1,4040.0,131,14,4039.9,2,1,4041.8,21,1,4041.9,12,1,4042.0,21,2,4042.2,33,5,4042.3,5,2
11483,2026-07-02 10:39:33+05:30,4041.8,3,4047.56,609445,147150.0,148178.0,4100.0,4110.0,4016.1,4092.6,23605575,4501.8,3683.4,4440.0,3288.1,4041.0,34,4,4040.7,22,1,4040.1,3,1,4040.0,131,14,4039.9,2,1,4041.8,21,1,4041.9,12,1,4042.0,21,2,4042.2,33,5,4042.3,5,2
11483,2026-07-02 10:39:33+05:30,4041.0,1,4047.56,609460,146832.0,148661.0,4100.0,4110.0,4016.1,4092.6,23605575,4501.8,3683.4,4440.0,3288.1,4041.0,33,4,4040.7,22,1,4040.1,1,1,4040.0,131,14,4039.9,2,1,4041.7,50,3,4041.8,11,2,4041.9,1,1,4042.0,71,3,4042.2,37,3
11483,2026-07-02 10:39:34+05:30,4041.7,3,4047.56,609460,146832.0,148661.0,4100.0,4110.0,4016.1,4092.6,23605575,4501.8,3683.4,4440.0,3288.1,4041.0,33,4,4040.7,22,1,4040.1,1,1,4040.0,131,14,4039.9,2,1,4041.7,50,3,4041.8,11,2,4041.9,1,1,4042.0,71,3,4042.2,37,3
11483,2026-07-02 10:39:34+05:30,4042.0,2,4047.56,609521,146873.0,148716.0,4100.0,4110.0,4016.1,4092.6,23605575,4501.8,3683.4,4440.0,3288.1,4041.0,33,4,4040.7,22,1,4040.1,1,1,4040.0,131,14,4039.9,2,1,4041.9,36,3,4042.0,69,3,4042.1,24,2,4042.2,19,2,4042.3,5,2
11483,2026-07-02 10:39:35+05:30,4042.0,1,4047.56,609521,146873.0,148716.0,4100.0,4110.0,4016.1,4092.6,23605575,4501.8,3683.4,4440.0,3288.1,4041.0,33,4,4040.7,22,1,4040.1,1,1,4040.0,131,14,4039.9,2,1,4041.9,36,3,4042.0,69,3,4042.1,24,2,4042.2,19,2,4042.3,5,2
11483,2026-07-02 10:39:35+05:30,4041.0,1,4047.56,609597,146985.0,148678.0,4100.0,4110.0,4016.1,4092.6,23605575,4501.8,3683.4,4440.0,3288.1,4041.0,21,3,4040.7,22,1,4040.1,1,1,4040.0,131,14,4039.9,2,1,4042.0,49,1,4042.2,19,2,4042.3,5,2,4042.4,49,3,4042.5,77,5
11483,2026-07-02 10:39:36+05:30,4041.9,1,4047.56,609597,146985.0,148678.0,4100.0,4110.0,4016.1,4092.6,23605575,4501.8,3683.4,4440.0,3288.1,4041.0,21,3,4040.7,22,1,4040.1,1,1,4040.0,131,14,4039.9,2,1,4042.0,49,1,4042.2,19,2,4042.3,5,2,4042.4,49,3,4042.5,77,5
11483,2026-07-02 10:39:36+05:30,4041.0,1,4047.56,609599,146959.0,148679.0,4100.0,4110.0,4016.1,4092.6,23605575,4501.8,3683.4,4440.0,3288.1,4041.0,20,3,4040.7,22,1,4040.1,1,1,4040.0,131,14,4039.8,2,1,4041.7,40,4,4041.8,3,1,4041.9,7,1,4042.0,50,2,4042.1,5,1
11483,2026-07-02 10:39:37+05:30,4039.2,66,4047.56,609599,146959.0,148679.0,4100.0,4110.0,4016.1,4092.6,23605575,4501.8,3683.4,4440.0,3288.1,4041.0,20,3,4040.7,22,1,4040.1,1,1,4040.0,131,14,4039.8,2,1,4041.7,40,4,4041.8,3,1,4041.9,7,1,4042.0,50,2,4042.1,5,1
11483,2026-07-02 10:39:37+05:30,4040.3,1,4047.55,610103,146859.0,149277.0,4100.0,4110.0,4016.1,4092.6,23605575,4501.8,3683.4,4440.0,3288.1,4040.3,26,3,4040.2,20,2,4040.1,35,3,4040.0,33,3,4039.9,1,1,4041.9,37,2,4042.0,49,1,4042.1,6,1,4042.2,40,3,4042.3,4,1
11483,2026-07-02 10:39:38+05:30,4041.0,1,4047.55,610103,146859.0,149277.0,4100.0,4110.0,4016.1,4092.6,23605575,4501.8,3683.4,4440.0,3288.1,4040.3,26,3,4040.2,20,2,4040.1,35,3,4040.0,33,3,4039.9,1,1,4041.9,37,2,4042.0,49,1,4042.1,6,1,4042.2,40,3,4042.3,4,1
11483,2026-07-02 10:39:38+05:30,4041.3,1,4047.55,610105,147655.0,148954.0,4100.0,4110.0,4016.1,4092.6,23605575,4501.8,3683.4,4440.0,3288.1,4041.3,31,5,4041.2,16,3,4041.1,24,4,4041.0,67,5,4040.9,12,2,4041.9,106,2,4042.0,49,1,4042.5,5,1,4042.6,5,1,4042.8,27,2
11483,2026-07-02 10:39:39+05:30,4041.9,1,4047.55,610105,147655.0,148954.0,4100.0,4110.0,4016.1,4092.6,23605575,4501.8,3683.4,4440.0,3288.1,4041.3,31,5,4041.2,16,3,4041.1,24,4,4041.0,67,5,4040.9,12,2,4041.9,106,2,4042.0,49,1,4042.5,5,1,4042.6,5,1,4042.8,27,2
11483,2026-07-02 10:39:39+05:30,4041.3,1,4047.55,610107,147860.0,149053.0,4100.0,4110.0,4016.1,4092.6,23605575,4501.8,3683.4,4440.0,3288.1,4041.3,30,5,4041.2,16,3,4041.1,25,5,4041.0,67,5,4040.9,12,2,4041.9,105,2,4042.0,49,1,4042.5,5,1,4042.6,5,1,4042.8,27,2
11483,2026-07-02 10:39:40+05:30,4041.3,1,4047.55,610107,147860.0,149053.0,4100.0,4110.0,4016.1,4092.6,23605575,4501.8,3683.4,4440.0,3288.1,4041.3,30,5,4041.2,16,3,4041.1,25,5,4041.0,67,5,4040.9,12,2,4041.9,105,2,4042.0,49,1,4042.5,5,1,4042.6,5,1,4042.8,27,2
11483,2026-07-02 10:39:40+05:30,4041.3,1,4047.55,610108,147847.0,149059.0,4100.0,4110.0,4016.1,4092.6,23605575,4501.8,3683.4,4440.0,3288.1,4041.3,23,5,4041.2,16,3,4041.1,24,4,4041.0,67,5,4040.9,12,2,4041.9,105,2,4042.0,49,1,4042.5,5,1,4042.6,5,1,4042.8,27,2
11483,2026-07-02 10:39:41+05:30,4041.3,1,4047.55,610108,147847.0,149059.0,4100.0,4110.0,4016.1,4092.6,23605575,4501.8,3683.4,4440.0,3288.1,4041.3,23,5,4041.2,16,3,4041.1,24,4,4041.0,67,5,4040.9,12,2,4041.9,105,2,4042.0,49,1,4042.5,5,1,4042.6,5,1,4042.8,27,2
11483,2026-07-02 10:39:41+05:30,4041.3,1,4047.55,610125,147775.0,149240.0,4100.0,4110.0,4016.1,4092.6,23605575,4501.8,3683.4,4440.0,3288.1,4041.3,29,5,4041.2,16,3,4041.1,24,4,4041.0,48,5,4040.9,12,2,4041.9,102,2,4042.0,49,1,4042.5,5,1,4042.6,5,1,4042.7,4,2
11483,2026-07-02 10:39:42+05:30,4041.9,7,4047.55,610125,147775.0,149240.0,4100.0,4110.0,4016.1,4092.6,23605575,4501.8,3683.4,4440.0,3288.1,4041.3,29,5,4041.2,16,3,4041.1,24,4,4041.0,48,5,4040.9,12,2,4041.9,102,2,4042.0,49,1,4042.5,5,1,4042.6,5,1,4042.7,4,2
11483,2026-07-02 10:39:42+05:30,4041.3,1,4047.55,610133,147777.0,149423.0,4100.0,4110.0,4016.1,4092.6,23605575,4501.8,3683.4,4440.0,3288.1,4041.3,30,6,4041.2,16,3,4041.1,24,4,4041.0,48,5,4040.9,12,2,4041.9,95,2,4042.0,49,1,4042.5,5,1,4042.6,5,1,4042.7,4,2
11483,2026-07-02 10:39:43+05:30,4041.9,25,4047.55,610133,147777.0,149423.0,4100.0,4110.0,4016.1,4092.6,23605575,4501.8,3683.4,4440.0,3288.1,4041.3,30,6,4041.2,16,3,4041.1,24,4,4041.0,48,5,4040.9,12,2,4041.9,95,2,4042.0,49,1,4042.5,5,1,4042.6,5,1,4042.7,4,2
11483,2026-07-02 10:39:43+05:30,4041.1,1,4047.55,610197,147495.0,149400.0,4100.0,4110.0,4016.1,4092.6,23605575,4501.8,3683.4,4440.0,3288.1,4041.1,6,1,4041.0,3,1,4040.8,7,1,4040.6,3,1,4040.5,28,4,4041.9,56,3,4042.0,49,1,4042.4,2,1,4042.5,27,3,4042.6,55,3
11483,2026-07-02 10:39:44+05:30,4041.9,5,4047.55,610197,147495.0,149400.0,4100.0,4110.0,4016.1,4092.6,23605575,4501.8,3683.4,4440.0,3288.1,4041.1,6,1,4041.0,3,1,4040.8,7,1,4040.6,3,1,4040.5,28,4,4041.9,56,3,4042.0,49,1,4042.4,2,1,4042.5,27,3,4042.6,55,3
11483,2026-07-02 10:39:44+05:30,4041.0,1,4047.55,610203,147443.0,149559.0,4100.0,4110.0,4016.1,4092.6,23605575,4501.8,3683.4,4440.0,3288.1,4041.0,2,1,4040.5,18,2,4040.4,22,2,4040.2,15,1,4040.1,17,2,4041.9,71,4,4042.0,49,1,4042.3,2,1,4042.4,14,3,4042.5,52,3
11483,2026-07-02 10:39:45+05:30,4040.6,3,4047.55,610203,147443.0,149559.0,4100.0,4110.0,4016.1,4092.6,23605575,4501.8,3683.4,4440.0,3288.1,4041.0,2,1,4040.5,18,2,4040.4,22,2,4040.2,15,1,4040.1,17,2,4041.9,71,4,4042.0,49,1,4042.3,2,1,4042.4,14,3,4042.5,52,3
11483,2026-07-02 10:39:45+05:30,4040.6,1,4047.55,610274,147413.0,150138.0,4100.0,4110.0,4016.1,4092.6,23605575,4501.8,3683.4,4440.0,3288.1,4040.6,27,5,4040.5,10,2,4040.4,24,3,4040.3,36,3,4040.2,13,2,4041.0,5,1,4041.3,5,1,4041.9,51,3,4042.0,49,1,4042.3,2,1
11483,2026-07-02 10:39:46+05:30,4041.1,6,4047.55,610274,147413.0,150138.0,4100.0,4110.0,4016.1,4092.6,23605575,4501.8,3683.4,4440.0,3288.1,4040.6,27,5,4040.5,10,2,4040.4,24,3,4040.3,36,3,4040.2,13,2,4041.0,5,1,4041.3,5,1,4041.9,51,3,4042.0,49,1,4042.3,2,1
11483,2026-07-02 10:39:46+05:30,4040.5,1,4047.55,610314,147137.0,150824.0,4100.0,4110.0,4016.1,4092.6,23605575,4501.8,3683.4,4440.0,3288.1,4040.5,17,4,4040.4,35,4,4040.3,9,1,4040.2,13,2,4040.1,34,3,4041.0,791,1,4041.5,1,1,4041.9,51,3,4042.0,69,2,4042.1,23,1
11483,2026-07-02 10:39:47+05:30,4040.0,17,4047.55,610314,147137.0,150824.0,4100.0,4110.0,4016.1,4092.6,23605575,4501.8,3683.4,4440.0,3288.1,4040.5,17,4,4040.4,35,4,4040.3,9,1,4040.2,13,2,4040.1,34,3,4041.0,791,1,4041.5,1,1,4041.9,51,3,4042.0,69,2,4042.1,23,1
11483,2026-07-02 10:39:47+05:30,4040.2,1,4047.55,610493,146966.0,151073.0,4100.0,4110.0,4016.1,4092.6,23605575,4501.8,3683.4,4440.0,3288.1,4040.2,21,4,4040.1,18,3,4040.0,92,2,4039.9,10,1,4039.8,44,3,4041.0,810,2,4041.5,1,1,4041.6,5,1,4041.7,25,2,4041.8,80,2
11483,2026-07-02 10:39:48+05:30,4041.0,2,4047.55,610493,146966.0,151073.0,4100.0,4110.0,4016.1,4092.6,23605575,4501.8,3683.4,4440.0,3288.1,4040.2,21,4,4040.1,18,3,4040.0,92,2,4039.9,10,1,4039.8,44,3,4041.0,810,2,4041.5,1,1,4041.6,5,1,4041.7,25,2,4041.8,80,2
11483,2026-07-02 10:39:48+05:30,4040.9,1,4047.54,611340,147751.0,149317.0,4100.0,4110.0,4016.1,4092.6,23605575,4501.8,3683.4,4440.0,3288.1,4040.9,34,4,4040.8,36,4,4040.7,31,4,4040.6,28,2,4040.5,2,1,4041.5,1,1,4041.9,49,2,4042.0,49,1,4042.4,2,1,4042.5,33,2
11483,2026-07-02 10:39:49+05:30,4041.9,4,4047.54,611340,147751.0,149317.0,4100.0,4110.0,4016.1,4092.6,23605575,4501.8,3683.4,4440.0,3288.1,4040.9,34,4,4040.8,36,4,4040.7,31,4,4040.6,28,2,4040.5,2,1,4041.5,1,1,4041.9,49,2,4042.0,49,1,4042.4,2,1,4042.5,33,2
11483,2026-07-02 10:39:49+05:30,4041.9,1,4047.54,611346,147926.0,149250.0,4100.0,4110.0,4016.1,4092.6,23605575,4501.8,3683.4,4440.0,3288.1,4040.9,26,3,4040.8,26,3,4040.7,31,4,4040.6,28,2,4040.4,49,6,4041.9,44,2,4042.0,49,1,4042.4,2,1,4042.5,20,1,4042.7,2,1
11483,2026-07-02 10:39:50+05:30,4041.0,4,4047.54,611346,147926.0,149250.0,4100.0,4110.0,4016.1,4092.6,23605575,4501.8,3683.4,4440.0,3288.1,4040.9,26,3,4040.8,26,3,4040.7,31,4,4040.6,28,2,4040.4,49,6,4041.9,44,2,4042.0,49,1,4042.4,2,1,4042.5,20,1,4042.7,2,1
11483,2026-07-02 10:39:50+05:30,4041.9,1,4047.54,611351,147931.0,149495.0,4100.0,4110.0,4016.1,4092.6,23605575,4501.8,3683.4,4440.0,3288.1,4041.3,1,1,4041.0,23,3,4040.9,5,1,4040.8,40,3,4040.7,26,3,4041.9,43,2,4042.0,49,1,4042.4,2,1,4042.5,20,1,4042.7,2,1
11483,2026-07-02 10:39:51+05:30,4041.9,1,4047.54,611351,147931.0,149495.0,4100.0,4110.0,4016.1,4092.6,23605575,4501.8,3683.4,4440.0,3288.1,4041.3,1,1,4041.0,23,3,4040.9,5,1,4040.8,40,3,4040.7,26,3,4041.9,43,2,4042.0,49,1,4042.4,2,1,4042.5,20,1,4042.7,2,1
11483,2026-07-02 10:39:51+05:30,4041.9,1,4047.54,611353,147716.0,149416.0,4100.0,4110.0,4016.1,4092.6,23605575,4501.8,3683.4,4440.0,3288.1,4041.5,4,1,4041.3,19,3,4041.0,23,3,4040.9,5,1,4040.8,30,3,4041.9,141,3,4042.0,49,1,4042.4,2,1,4042.5,20,1,4042.7,2,1
11483,2026-07-02 10:39:52+05:30,4041.3,4,4047.54,611353,147716.0,149416.0,4100.0,4110.0,4016.1,4092.6,23605575,4501.8,3683.4,4440.0,3288.1,4041.5,4,1,4041.3,19,3,4041.0,23,3,4040.9,5,1,4040.8,30,3,4041.9,141,3,4042.0,49,1,4042.4,2,1,4042.5,20,1,4042.7,2,1
11483,2026-07-02 10:39:52+05:30,4041.9,1,4047.54,611369,147815.0,149275.0,4100.0,4110.0,4016.1,4092.6,23605575,4501.8,3683.4,4440.0,3288.1,4041.3,33,5,4041.2,6,1,4041.0,23,3,4040.9,5,1,4040.8,31,4,4041.9,136,3,4042.0,49,1,4042.4,2,1,4042.5,20,1,4042.7,2,1
11483,2026-07-02 10:39:53+05:30,4043.0,9,4047.54,611369,147815.0,149275.0,4100.0,4110.0,4016.1,4092.6,23605575,4501.8,3683.4,4440.0,3288.1,4041.3,33,5,4041.2,6,1,4041.0,23,3,4040.9,5,1,4040.8,31,4,4041.9,136,3,4042.0,49,1,4042.4,2,1,4042.5,20,1,4042.7,2,1
11483,2026-07-02 10:39:53+05:30,4041.7,31,4047.53,612538,149806.0,146537.0,4100.0,4110.0,4016.1,4092.6,23605575,4501.8,3683.4,4440.0,3288.1,4042.2,54,4,4042.1,52,4,4042.0,74,6,4041.9,52,4,4041.8,34,3,4043.5,21,2,4043.8,2,1,4043.9,11,2,4044.0,673,20,4044.3,12,1
11483,2026-07-02 10:39:54+05:30,4043.9,1,4047.53,612538,149806.0,146537.0,4100.0,4110.0,4016.1,4092.6,23605575,4501.8,3683.4,4440.0,3288.1,4042.2,54,4,4042.1,52,4,4042.0,74,6,4041.9,52,4,4041.8,34,3,4043.5,21,2,4043.8,2,1,4043.9,11,2,4044.0,673,20,4044.3,12,1
11483,2026-07-02 10:39:54+05:30,4042.5,4,4047.53,612665,149872.0,146609.0,4100.0,4110.0,4016.1,4092.6,23605575,4501.8,3683.4,4440.0,3288.1,4042.5,13,2,4042.4,69,6,4042.3,33,2,4042.2,9,1,4042.1,19,2,4043.9,20,2,4044.0,673,20,4044.2,6,1,4044.3,12,1,4044.4,30,2
11483,2026-07-02 10:39:55+05:30,4043.9,1,4047.53,612665,149872.0,146609.0,4100.0,4110.0,4016.1,4092.6,23605575,4501.8,3683.4,4440.0,3288.1,4042.5,13,2,4042.4,69,6,4042.3,33,2,4042.2,9,1,4042.1,19,2,4043.9,20,2,4044.0,673,20,4044.2,6,1,4044.3,12,1,4044.4,30,2
11483,2026-07-02 10:39:55+05:30,4043.9,1,4047.53,612667,149909.0,146585.0,4100.0,4110.0,4016.1,4092.6,23605575,4501.8,3683.4,4440.0,3288.1,4042.6,21,3,4042.5,56,4,4042.4,57,5,4042.2,9,1,4042.1,20,3,4043.9,13,3,4044.0,648,19,4044.2,6,1,4044.3,12,1,4044.4,30,2
11483,2026-07-02 10:39:56+05:30,4043.9,1,4047.53,612667,149909.0,146585.0,4100.0,4110.0,4016.1,4092.6,23605575,4501.8,3683.4,4440.0,3288.1,4042.6,21,3,4042.5,56,4,4042.4,57,5,4042.2,9,1,4042.1,20,3,4043.9,13,3,4044.0,648,19,4044.2,6,1,4044.3,12,1,4044.4,30,2
11483,2026-07-02 10:39:56+05:30,4043.9,1,4047.53,612668,149858.0,146587.0,4100.0,4110.0,4016.1,4092.6,23605575,4501.8,3683.4,4440.0,3288.1,4042.6,21,3,4042.5,56,4,4042.4,57,5,4042.2,9,1,4042.1,20,3,4043.9,12,3,4044.0,648,19,4044.2,6,1,4044.3,12,1,4044.4,30,2
11483,2026-07-02 10:39:57+05:30,4042.5,23,4047.53,612668,149858.0,146587.0,4100.0,4110.0,4016.1,4092.6,23605575,4501.8,3683.4,4440.0,3288.1,4042.6,21,3,4042.5,56,4,4042.4,57,5,4042.2,9,1,4042.1,20,3,4043.9,12,3,4044.0,648,19,4044.2,6,1,4044.3,12,1,4044.4,30,2
11483,2026-07-02 10:39:57+05:30,4042.7,1,4047.53,612770,150154.0,146521.0,4100.0,4110.0,4016.1,4092.6,23605575,4501.8,3683.4,4440.0,3288.1,4042.7,28,5,4042.6,44,5,4042.5,28,4,4042.4,47,4,4042.2,23,2,4043.9,11,3,4044.0,548,18,4044.2,6,1,4044.3,12,1,4044.4,30,2
11483,2026-07-02 10:39:58+05:30,4043.9,1,4047.53,612770,150154.0,146521.0,4100.0,4110.0,4016.1,4092.6,23605575,4501.8,3683.4,4440.0,3288.1,4042.7,28,5,4042.6,44,5,4042.5,28,4,4042.4,47,4,4042.2,23,2,4043.9,11,3,4044.0,548,18,4044.2,6,1,4044.3,12,1,4044.4,30,2
11483,2026-07-02 10:39:58+05:30,4044.0,1,4047.53,612777,150590.0,146544.0,4100.0,4110.0,4016.1,4092.6,23605575,4501.8,3683.4,4440.0,3288.1,4042.9,10,1,4042.8,56,7,4042.7,34,5,4042.6,29,4,4042.5,59,5,4044.0,547,18,4044.3,12,1,4044.4,10,1,4044.5,6,1,4044.6,90,2
11483,2026-07-02 10:39:59+05:30,4044.0,1,4047.53,612777,150590.0,146544.0,4100.0,4110.0,4016.1,4092.6,23605575,4501.8,3683.4,4440.0,3288.1,4042.9,10,1,4042.8,56,7,4042.7,34,5,4042.6,29,4,4042.5,59,5,4044.0,547,18,4044.3,12,1,4044.4,10,1,4044.5,6,1,4044.6,90,2
11483,2026-07-02 10:39:59+05:30,4044.0,1,4047.53,612785,150563.0,146543.0,4100.0,4110.0,4016.1,4092.6,23605575,4501.8,3683.4,4440.0,3288.1,4042.9,30,5,4042.8,42,5,4042.7,34,5,4042.6,29,4,4042.5,49,4,4044.0,557,19,4044.4,10,1,4044.6,90,2,4044.7,2,1,4044.8,20,1
11483,2026-07-02 10:40:00+05:30,4044.0,1,4047.53,612785,150563.0,146543.0,4100.0,4110.0,4016.1,4092.6,23605575,4501.8,3683.4,4440.0,3288.1,4042.9,30,5,4042.8,42,5,4042.7,34,5,4042.6,29,4,4042.5,49,4,4044.0,557,19,4044.4,10,1,4044.6,90,2,4044.7,2,1,4044.8,20,1
11483,2026-07-02 10:40:00+05:30,4044.0,3,4047.53,612791,150578.0,146446.0,4100.0,4110.0,4016.1,4092.6,23605575,4501.8,3683.4,4440.0,3288.1,4043.0,9,1,4042.9,39,6,4042.8,42,5,4042.7,34,5,4042.6,10,2,4044.0,551,19,4044.4,10,1,4044.5,6,1,4044.6,12,1,4044.7,2,1
11483,2026-07-02 10:40:01+05:30,4043.0,1,4047.53,612791,150578.0,146446.0,4100.0,4110.0,4016.1,4092.6,23605575,4501.8,3683.4,4440.0,3288.1,4043.0,9,1,4042.9,39,6,4042.8,42,5,4042.7,34,5,4042.6,10,2,4044.0,551,19,4044.4,10,1,4044.5,6,1,4044.6,12,1,4044.7,2,1
11483,2026-07-02 10:40:01+05:30,4044.0,1,4047.53,612793,150518.0,146562.0,4100.0,4110.0,4016.1,4092.6,23605575,4501.8,3683.4,4440.0,3288.1,4042.9,18,3,4042.8,19,2,4042.7,20,2,4042.6,9,1,4042.5,8,1,4044.0,560,20,4044.3,2,1,4044.4,20,2,4044.5,26,2,4044.6,12,1
11483,2026-07-02 10:40:02+05:30,4043.0,3,4047.53,612793,150518.0,146562.0,4100.0,4110.0,4016.1,4092.6,23605575,4501.8,3683.4,4440.0,3288.1,4042.9,18,3,4042.8,19,2,4042.7,20,2,4042.6,9,1,4042.5,8,1,4044.0,560,20,4044.3,2,1,4044.4,20,2,4044.5,26,2,4044.6,12,1
11483,2026-07-02 10:40:02+05:30,4044.0,1,4047.53,612799,150438.0,146483.0,4100.0,4110.0,4016.1,4092.6,23605575,4501.8,3683.4,4440.0,3288.1,4043.0,21,3,4042.9,1,1,4042.6,9,1,4042.5,27,2,4042.4,32,3,4044.0,603,21,4044.3,2,1,4044.4,10,1,4044.5,26,2,4044.6,12,1
11483,2026-07-02 10:40:03+05:30,4043.0,1,4047.53,612799,150438.0,146483.0,4100.0,4110.0,4016.1,4092.6,23605575,4501.8,3683.4,4440.0,3288.1,4043.0,21,3,4042.9,1,1,4042.6,9,1,4042.5,27,2,4042.4,32,3,4044.0,603,21,4044.3,2,1,4044.4,10,1,4044.5,26,2,4044.6,12,1
11483,2026-07-02 10:40:03+05:30,4044.0,1,4047.53,612813,150429.0,146473.0,4100.0,4110.0,4016.1,4092.6,23605575,4501.8,3683.4,4440.0,3288.1,4043.1,7,1,4043.0,9,3,4042.9,1,1,4042.7,13,1,4042.6,9,1,4044.0,613,23,4044.3,2,1,4044.4,10,1,4044.5,26,2,4044.6,12,1
11483,2026-07-02 10:40:04+05:30,4044.0,1,4047.53,612813,150429.0,146473.0,4100.0,4110.0,4016.1,4092.6,23605575,4501.8,3683.4,4440.0,3288.1,4043.1,7,1,4043.0,9,3,4042.9,1,1,4042.7,13,1,4042.6,9,1,4044.0,613,23,4044.3,2,1,4044.4,10,1,4044.5,26,2,4044.6,12,1
11483,2026-07-02 10:40:04+05:30,4044.0,20,4047.53,612836,150836.0,146451.0,4100.0,4110.0,4016.1,4092.6,23605575,4501.8,3683.4,4440.0,3288.1,4043.1,5,1,4043.0,9,3,4042.9,1,1,4042.7,13,1,4042.6,9,1,4044.0,594,24,4044.3,2,1,4044.4,10,1,4044.5,26,2,4044.6,12,1
11483,2026-07-02 10:40:05+05:30,4043.1,1,4047.53,612836,150836.0,146451.0,4100.0,4110.0,4016.1,4092.6,23605575,4501.8,3683.4,4440.0,3288.1,4043.1,5,1,4043.0,9,3,4042.9,1,1,4042.7,13,1,4042.6,9,1,4044.0,594,24,4044.3,2,1,4044.4,10,1,4044.5,26,2,4044.6,12,1
11483,2026-07-02 10:40:05+05:30,4043.8,4,4047.53,612843,150686.0,146501.0,4100.0,4110.0,4016.1,4092.6,23605575,4501.8,3683.4,4440.0,3288.1,4043.0,9,3,4042.9,1,1,4042.6,21,2,4042.5,8,1,4042.4,31,3,4043.8,46,1,4044.0,593,25,4044.3,2,1,4044.4,10,1,4044.5,26,2
11483,2026-07-02 10:40:06+05:30,4043.1,1,4047.53,612843,150686.0,146501.0,4100.0,4110.0,4016.1,4092.6,23605575,4501.8,3683.4,4440.0,3288.1,4043.0,9,3,4042.9,1,1,4042.6,21,2,4042.5,8,1,4042.4,31,3,4043.8,46,1,4044.0,593,25,4044.3,2,1,4044.4,10,1,4044.5,26,2
11483,2026-07-02 10:40:06+05:30,4043.1,1,4047.53,612854,150395.0,146489.0,4100.0,4110.0,4016.1,4092.6,23605575,4501.8,3683.4,4440.0,3288.1,4043.0,8,2,4042.9,1,1,4042.8,12,1,4042.7,5,1,4042.5,8,1,4043.1,1,1,4043.8,38,2,4044.0,577,22,4044.2,6,1,4044.3,12,1
11483,2026-07-02 10:40:07+05:30,4043.0,3,4047.53,612854,150395.0,146489.0,4100.0,4110.0,4016.1,4092.6,23605575,4501.8,3683.4,4440.0,3288.1,4043.0,8,2,4042.9,1,1,4042.8,12,1,4042.7,5,1,4042.5,8,1,4043.1,1,1,4043.8,38,2,4044.0,577,22,4044.2,6,1,4044.3,12,1
11483,2026-07-02 10:40:07+05:30,4043.0,3,4047.53,612867,150371.0,146599.0,4100.0,4110.0,4016.1,4092.6,23605575,4501.8,3683.4,4440.0,3288.1,4043.0,97,1,4042.9,1,1,4042.8,12,1,4042.7,5,1,4042.4,8,1,4043.1,59,1,4043.8,37,1,4043.9,2,1,4044.0,577,22,4044.3,37,2
11483,2026-07-02 10:40:08+05:30,4042.8,14,4047.53,612867,150371.0,146599.0,4100.0,4110.0,4016.1,4092.6,23605575,4501.8,3683.4,4440.0,3288.1,4043.0,97,1,4042.9,1,1,4042.8,12,1,4042.7,5,1,4042.4,8,1,4043.1,59,1,4043.8,37,1,4043.9,2,1,4044.0,577,22,4044.3,37,2
11483,2026-07-02 10:40:08+05:30,4042.8,14,4047.53,612983,149952.0,146844.0,4100.0,4110.0,4016.1,4092.6,23605575,4501.8,3683.4,4440.0,3288.1,4042.8,12,1,4042.7,5,1,4042.1,1,1,4042.0,49,6,4041.9,50,5,4043.1,59,2,4043.7,2,1,4043.8,37,1,4043.9,55,2,4044.0,837,25
11483,2026-07-02 10:40:09+05:30,4042.8,1,4047.53,612983,149952.0,146844.0,4100.0,4110.0,4016.1,4092.6,23605575,4501.8,3683.4,4440.0,3288.1,4042.8,12,1,4042.7,5,1,4042.1,1,1,4042.0,49,6,4041.9,50,5,4043.1,59,2,4043.7,2,1,4043.8,37,1,4043.9,55,2,4044.0,837,25
11483,2026-07-02 10:40:09+05:30,4043.1,20,4047.53,613019,149988.0,146992.0,4100.0,4110.0,4016.1,4092.6,23605575,4501.8,3683.4,4440.0,3288.1,4042.7,5,1,4042.1,1,1,4042.0,40,4,4041.9,50,5,4041.8,43,4,4043.1,24,2,4043.7,2,1,4043.8,43,2,4043.9,55,2,4044.0,839,26
11483,2026-07-02 10:40:10+05:30,4042.7,1,4047.53,613019,149988.0,146992.0,4100.0,4110.0,4016.1,4092.6,23605575,4501.8,3683.4,4440.0,3288.1,4042.7,5,1,4042.1,1,1,4042.0,40,4,4041.9,50,5,4041.8,43,4,4043.1,24,2,4043.7,2,1,4043.8,43,2,4043.9,55,2,4044.0,839,26
11483,2026-07-02 10:40:10+05:30,4042.7,1,4047.53,613020,150059.0,147100.0,4100.0,4110.0,4016.1,4092.6,23605575,4501.8,3683.4,4440.0,3288.1,4042.7,4,1,4042.1,26,2,4042.0,40,4,4041.9,50,5,4041.8,43,4,4043.1,24,2,4043.7,2,1,4043.8,43,2,4043.9,55,2,4044.0,849,27
11483,2026-07-02 10:40:11+05:30,4042.7,1,4047.53,613020,150059.0,147100.0,4100.0,4110.0,4016.1,4092.6,23605575,4501.8,3683.4,4440.0,3288.1,4042.7,4,1,4042.1,26,2,4042.0,40,4,4041.9,50,5,4041.8,43,4,4043.1,24,2,4043.7,2,1,4043.8,43,2,4043.9,55,2,4044.0,849,27
11483,2026-07-02 10:40:11+05:30,4043.4,3,4047.53,613049,150052.0,147141.0,4100.0,4110.0,4016.1,4092.6,23605575,4501.8,3683.4,4440.0,3288.1,4042.7,3,1,4042.1,1,1,4042.0,29,3,4041.9,50,5,4041.8,43,4,4043.4,3,1,4043.7,7,2,4043.8,43,2,4043.9,65,3,4044.0,842,25
11483,2026-07-02 10:40:12+05:30,4045.9,23,4047.53,613049,150052.0,147141.0,4100.0,4110.0,4016.1,4092.6,23605575,4501.8,3683.4,4440.0,3288.1,4042.7,3,1,4042.1,1,1,4042.0,29,3,4041.9,50,5,4041.8,43,4,4043.4,3,1,4043.7,7,2,4043.8,43,2,4043.9,65,3,4044.0,842,25
11483,2026-07-02 10:40:12+05:30,4045.3,14,4047.51,616475,145811.0,140936.0,4100.0,4110.0,4016.1,4092.6,23605575,4501.8,3683.4,4440.0,3288.1,4045.1,17,1,4044.5,15,1,4044.4,11,1,4044.3,5,1,4044.0,26,2,4045.4,39,2,4045.5,12,1,4045.8,12,1,4045.9,2,1,4046.0,22,2
11483,2026-07-02 10:40:13+05:30,4045.3,38,4047.51,616475,145811.0,140936.0,4100.0,4110.0,4016.1,4092.6,23605575,4501.8,3683.4,4440.0,3288.1,4045.1,17,1,4044.5,15,1,4044.4,11,1,4044.3,5,1,4044.0,26,2,4045.4,39,2,4045.5,12,1,4045.8,12,1,4045.9,2,1,4046.0,22,2
11483,2026-07-02 10:40:13+05:30,4045.2,40,4047.51,616640,148257.0,142761.0,4100.0,4110.0,4016.1,4092.6,23605575,4501.8,3683.4,4440.0,3288.1,4045.2,2,1,4045.1,42,1,4045.0,42,1,4044.8,42,1,4044.3,23,1,4045.4,23,2,4046.0,27,2,4046.2,18,2,4046.3,108,3,4046.6,58,6
11483,2026-07-02 10:40:14+05:30,4045.4,40,4047.51,616640,148257.0,142761.0,4100.0,4110.0,4016.1,4092.6,23605575,4501.8,3683.4,4440.0,3288.1,4045.2,2,1,4045.1,42,1,4045.0,42,1,4044.8,42,1,4044.3,23,1,4045.4,23,2,4046.0,27,2,4046.2,18,2,4046.3,108,3,4046.6,58,6
11483,2026-07-02 10:40:14+05:30,4045.4,40,4047.51,616713,148405.0,142846.0,4100.0,4110.0,4016.1,4092.6,23605575,4501.8,3683.4,4440.0,3288.1,4045.3,42,1,4045.1,81,2,4044.9,42,1,4044.1,3,2,4044.0,19,3,4045.5,10,1,4045.6,22,2,4045.7,10,1,4045.8,40,3,4045.9,13,3
11483,2026-07-02 10:40:15+05:30,4045.5,1,4047.51,616713,148405.0,142846.0,4100.0,4110.0,4016.1,4092.6,23605575,4501.8,3683.4,4440.0,3288.1,4045.3,42,1,4045.1,81,2,4044.9,42,1,4044.1,3,2,4044.0,19,3,4045.5,10,1,4045.6,22,2,4045.7,10,1,4045.8,40,3,4045.9,13,3
11483,2026-07-02 10:40:15+05:30,4045.7,3,4047.51,616848,148355.0,142910.0,4100.0,4110.0,4016.1,4092.6,23605575,4501.8,3683.4,4440.0,3288.1,4045.2,42,1,4045.1,39,1,4044.0,17,3,4043.9,57,3,4043.7,2,1,4045.8,28,4,4045.9,30,3,4046.0,26,2,4046.1,49,5,4046.2,106,8
11483,2026-07-02 10:40:16+05:30,4045.1,35,4047.51,616848,148355.0,142910.0,4100.0,4110.0,4016.1,4092.6,23605575,4501.8,3683.4,4440.0,3288.1,4045.2,42,1,4045.1,39,1,4044.0,17,3,4043.9,57,3,4043.7,2,1,4045.8,28,4,4045.9,30,3,4046.0,26,2,4046.1,49,5,4046.2,106,8
11483,2026-07-02 10:40:16+05:30,4046.3,8,4047.51,617070,148983.0,141819.0,4100.0,4110.0,4016.1,4092.6,23605575,4501.8,3683.4,4440.0,3288.1,4045.4,46,2,4045.2,64,3,4045.1,3,1,4045.0,42,1,4044.5,2,1,4046.3,13,1,4046.6,17,2,4046.7,1,1,4046.8,1,1,4046.9,1,1
11483,2026-07-02 10:40:17+05:30,4044.0,7,4047.51,617070,148983.0,141819.0,4100.0,4110.0,4016.1,4092.6,23605575,4501.8,3683.4,4440.0,3288.1,4045.4,46,2,4045.2,64,3,4045.1,3,1,4045.0,42,1,4044.5,2,1,4046.3,13,1,4046.6,17,2,4046.7,1,1,4046.8,1,1,4046.9,1,1
11483,2026-07-02 10:40:17+05:30,4044.0,7,4047.51,617247,147469.0,143278.0,4100.0,4110.0,4016.1,4092.6,23605575,4501.8,3683.4,4440.0,3288.1,4044.0,7,1,4043.9,34,2,4043.7,17,1,4043.6,22,1,4043.5,1,1,4045.3,90,1,4045.6,14,2,4045.7,14,1,4045.8,15,2,4045.9,20,1
11483,2026-07-02 10:40:18+05:30,4045.3,1,4047.51,617247,147469.0,143278.0,4100.0,4110.0,4016.1,4092.6,23605575,4501.8,3683.4,4440.0,3288.1,4044.0,7,1,4043.9,34,2,4043.7,17,1,4043.6,22,1,4043.5,1,1,4045.3,90,1,4045.6,14,2,4045.7,14,1,4045.8,15,2,4045.9,20,1
11483,2026-07-02 10:40:18+05:30,4045.3,1,4047.51,617248,147704.0,143242.0,4100.0,4110.0,4016.1,4092.6,23605575,4501.8,3683.4,4440.0,3288.1,4044.9,42,1,4044.8,42,1,4044.7,49,2,4044.5,42,1,4043.9,47,2,4045.3,91,2,4045.5,20,1,4045.8,24,2,4046.0,24,5,4046.1,47,4
11483,2026-07-02 10:40:19+05:30,4045.3,1,4047.51,617248,147704.0,143242.0,4100.0,4110.0,4016.1,4092.6,23605575,4501.8,3683.4,4440.0,3288.1,4044.9,42,1,4044.8,42,1,4044.7,49,2,4044.5,42,1,4043.9,47,2,4045.3,91,2,4045.5,20,1,4045.8,24,2,4046.0,24,5,4046.1,47,4
11483,2026-07-02 10:40:19+05:30,4045.2,42,4047.51,617298,147823.0,143373.0,4100.0,4110.0,4016.1,4092.6,23605575,4501.8,3683.4,4440.0,3288.1,4045.1,42,1,4045.0,42,1,4044.8,42,1,4044.0,5,1,4043.9,24,1,4045.2,8,1,4045.3,96,4,4045.4,1,1,4045.5,20,1,4045.8,12,1
11483,2026-07-02 10:40:20+05:30,4045.1,4,4047.51,617298,147823.0,143373.0,4100.0,4110.0,4016.1,4092.6,23605575,4501.8,3683.4,4440.0,3288.1,4045.1,42,1,4045.0,42,1,4044.8,42,1,4044.0,5,1,4043.9,24,1,4045.2,8,1,4045.3,96,4,4045.4,1,1,4045.5,20,1,4045.8,12,1
11483,2026-07-02 10:40:20+05:30,4045.1,4,4047.51,617308,147966.0,143488.0,4100.0,4110.0,4016.1,4092.6,23605575,4501.8,3683.4,4440.0,3288.1,4045.1,33,1,4045.0,42,1,4044.9,42,1,4044.7,42,1,4044.0,12,2,4045.2,20,3,4045.3,81,1,4045.4,1,1,4045.5,32,2,4045.7,1,1
11483,2026-07-02 10:40:21+05:30,4045.2,1,4047.51,617308,147966.0,143488.0,4100.0,4110.0,4016.1,4092.6,23605575,4501.8,3683.4,4440.0,3288.1,4045.1,33,1,4045.0,42,1,4044.9,42,1,4044.7,42,1,4044.0,12,2,4045.2,20,3,4045.3,81,1,4045.4,1,1,4045.5,32,2,4045.7,1,1
11483,2026-07-02 10:40:21+05:30,4045.2,3,4047.51,617345,147459.0,143708.0,4100.0,4110.0,4016.1,4092.6,23605575,4501.8,3683.4,4440.0,3288.1,4045.0,42,1,4044.9,42,1,4044.7,42,1,4044.1,5,1,4044.0,7,1,4045.2,19,4,4045.3,81,1,4045.4,38,3,4045.5,32,2,4045.7,3,2
11483,2026-07-02 10:40:22+05:30,4045.0,1,4047.51,617345,147459.0,143708.0,4100.0,4110.0,4016.1,4092.6,23605575,4501.8,3683.4,4440.0,3288.1,4045.0,42,1,4044.9,42,1,4044.7,42,1,4044.1,5,1,4044.0,7,1,4045.2,19,4,4045.3,81,1,4045.4,38,3,4045.5,32,2,4045.7,3,2
11483,2026-07-02 10:40:22+05:30,4045.0,40,4047.51,617387,147400.0,143725.0,4100.0,4110.0,4016.1,4092.6,23605575,4501.8,3683.4,4440.0,3288.1,4045.0,1,1,4044.9,42,1,4044.7,42,1,4044.1,5,1,4044.0,17,2,4045.2,18,4,4045.3,81,1,4045.4,38,3,4045.5,32,2,4045.6,2,1
11483,2026-07-02 10:40:23+05:30,4045.0,40,4047.51,617387,147400.0,143725.0,4100.0,4110.0,4016.1,4092.6,23605575,4501.8,3683.4,4440.0,3288.1,4045.0,1,1,4044.9,42,1,4044.7,42,1,4044.1,5,1,4044.0,17,2,4045.2,18,4,4045.3,81,1,4045.4,38,3,4045.5,32,2,4045.6,2,1
11483,2026-07-02 10:40:23+05:30,4045.2,1,4047.51,617387,147400.0,143725.0,4100.0,4110.0,4016.1,4092.6,23605575,4501.8,3683.4,4440.0,3288.1,4045.0,1,1,4044.9,42,1,4044.7,42,1,4044.1,5,1,4044.0,17,2,4045.2,18,4,4045.3,81,1,4045.4,38,3,4045.5,32,2,4045.6,2,1
11483,2026-07-02 10:40:23+05:30,4045.2,1,4047.51,617387,147400.0,143725.0,4100.0,4110.0,4016.1,4092.6,23605575,4501.8,3683.4,4440.0,3288.1,4045.0,1,1,4044.9,42,1,4044.7,42,1,4044.1,5,1,4044.0,17,2,4045.2,18,4,4045.3,81,1,4045.4,38,3,4045.5,32,2,4045.6,2,1
11483,2026-07-02 10:40:23+05:30,4045.2,1,4047.51,617389,147609.0,143680.0,4100.0,4110.0,4016.1,4092.6,23605575,4501.8,3683.4,4440.0,3288.1,4045.0,1,1,4044.9,42,1,4044.7,42,1,4044.1,5,1,4044.0,29,3,4045.2,17,4,4045.3,81,1,4045.4,38,3,4045.5,19,2,4045.6,10,2
11483,2026-07-02 10:40:24+05:30,4045.2,1,4047.51,617389,147609.0,143680.0,4100.0,4110.0,4016.1,4092.6,23605575,4501.8,3683.4,4440.0,3288.1,4045.0,1,1,4044.9,42,1,4044.7,42,1,4044.1,5,1,4044.0,29,3,4045.2,17,4,4045.3,81,1,4045.4,38,3,4045.5,19,2,4045.6,10,2
11483,2026-07-02 10:40:24+05:30,4045.2,1,4047.51,617389,147609.0,143680.0,4100.0,4110.0,4016.1,4092.6,23605575,4501.8,3683.4,4440.0,3288.1,4045.0,1,1,4044.9,42,1,4044.7,42,1,4044.1,5,1,4044.0,29,3,4045.2,17,4,4045.3,81,1,4045.4,38,3,4045.5,19,2,4045.6,10,2
11483,2026-07-02 10:40:24+05:30,4045.3,14,4047.51,617420,147596.0,144055.0,4100.0,4110.0,4016.1,4092.6,23605575,4501.8,3683.4,4440.0,3288.1,4044.0,29,3,4043.9,24,1,4043.7,6,1,4043.6,20,1,4043.4,159,2,4045.2,13,2,4045.3,79,2,4045.4,38,3,4045.6,2,1,4045.7,12,2
11483,2026-07-02 10:40:25+05:30,4045.3,14,4047.51,617420,147596.0,144055.0,4100.0,4110.0,4016.1,4092.6,23605575,4501.8,3683.4,4440.0,3288.1,4044.0,29,3,4043.9,24,1,4043.7,6,1,4043.6,20,1,4043.4,159,2,4045.2,13,2,4045.3,79,2,4045.4,38,3,4045.6,2,1,4045.7,12,2
11483,2026-07-02 10:40:25+05:30,4045.2,1,4047.51,617420,147596.0,144055.0,4100.0,4110.0,4016.1,4092.6,23605575,4501.8,3683.4,4440.0,3288.1,4044.0,29,3,4043.9,24,1,4043.7,6,1,4043.6,20,1,4043.4,159,2,4045.2,13,2,4045.3,79,2,4045.4,38,3,4045.6,2,1,4045.7,12,2
11483,2026-07-02 10:40:25+05:30,4043.9,1,4047.51,617451,147055.0,144512.0,4100.0,4110.0,4016.1,4092.6,23605575,4501.8,3683.4,4440.0,3288.1,4043.9,30,2,4043.4,140,1,4043.0,1,1,4042.7,4,2,4042.5,19,1,4044.5,35,4,4044.6,30,3,4044.7,42,6,4044.8,27,3,4044.9,44,4
11483,2026-07-02 10:40:26+05:30,4043.9,1,4047.51,617451,147055.0,144512.0,4100.0,4110.0,4016.1,4092.6,23605575,4501.8,3683.4,4440.0,3288.1,4043.9,30,2,4043.4,140,1,4043.0,1,1,4042.7,4,2,4042.5,19,1,4044.5,35,4,4044.6,30,3,4044.7,42,6,4044.8,27,3,4044.9,44,4
11483,2026-07-02 10:40:26+05:30,4044.5,1,4047.51,617451,147055.0,144512.0,4100.0,4110.0,4016.1,4092.6,23605575,4501.8,3683.4,4440.0,3288.1,4043.9,30,2,4043.4,140,1,4043.0,1,1,4042.7,4,2,4042.5,19,1,4044.5,35,4,4044.6,30,3,4044.7,42,6,4044.8,27,3,4044.9,44,4
11483,2026-07-02 10:40:26+05:30,4044.5,1,4047.51,617451,147055.0,144512.0,4100.0,4110.0,4016.1,4092.6,23605575,4501.8,3683.4,4440.0,3288.1,4043.9,30,2,4043.4,140,1,4043.0,1,1,4042.7,4,2,4042.5,19,1,4044.5,35,4,4044.6,30,3,4044.7,42,6,4044.8,27,3,4044.9,44,4
11483,2026-07-02 10:40:26+05:30,4044.5,1,4047.51,617451,147055.0,144512.0,4100.0,4110.0,4016.1,4092.6,23627975,4501.8,3683.4,4440.0,3288.1,4043.9,30,2,4043.4,140,1,4043.0,1,1,4042.7,4,2,4042.5,19,1,4044.5,35,4,4044.6,30,3,4044.7,42,6,4044.8,27,3,4044.9,44,4
11483,2026-07-02 10:40:26+05:30,4043.9,16,4047.51,617488,146873.0,145397.0,4100.0,4110.0,4016.1,4092.6,23627975,4501.8,3683.4,4440.0,3288.1,4043.4,140,1,4043.0,1,1,4042.7,4,2,4042.4,183,2,4042.2,47,3,4043.9,25,3,4044.0,35,4,4044.1,28,4,4044.2,111,2,4044.3,59,3
11483,2026-07-02 10:40:27+05:30,4043.9,16,4047.51,617488,146873.0,145397.0,4100.0,4110.0,4016.1,4092.6,23627975,4501.8,3683.4,4440.0,3288.1,4043.4,140,1,4043.0,1,1,4042.7,4,2,4042.4,183,2,4042.2,47,3,4043.9,25,3,4044.0,35,4,4044.1,28,4,4044.2,111,2,4044.3,59,3
11483,2026-07-02 10:40:27+05:30,4043.9,1,4047.51,617488,146873.0,145397.0,4100.0,4110.0,4016.1,4092.6,23627975,4501.8,3683.4,4440.0,3288.1,4043.4,140,1,4043.0,1,1,4042.7,4,2,4042.4,183,2,4042.2,47,3,4043.9,25,3,4044.0,35,4,4044.1,28,4,4044.2,111,2,4044.3,59,3
11483,2026-07-02 10:40:27+05:30,4043.9,1,4047.51,617488,146873.0,145397.0,4100.0,4110.0,4016.1,4092.6,23627975,4501.8,3683.4,4440.0,3288.1,4043.4,140,1,4043.0,1,1,4042.7,4,2,4042.4,183,2,4042.2,47,3,4043.9,25,3,4044.0,35,4,4044.1,28,4,4044.2,111,2,4044.3,59,3
11483,2026-07-02 10:40:28+05:30,4043.9,1,4047.51,617488,146873.0,145397.0,4100.0,4110.0,4016.1,4092.6,23627975,4501.8,3683.4,4440.0,3288.1,4043.4,140,1,4043.0,1,1,4042.7,4,2,4042.4,183,2,4042.2,47,3,4043.9,25,3,4044.0,35,4,4044.1,28,4,4044.2,111,2,4044.3,59,3
11483,2026-07-02 10:40:28+05:30,4043.9,1,4047.51,617489,146884.0,145508.0,4100.0,4110.0,4016.1,4092.6,23627975,4501.8,3683.4,4440.0,3288.1,4043.4,140,1,4043.0,1,1,4042.7,4,2,4042.4,183,2,4042.2,34,2,4043.9,35,4,4044.0,16,3,4044.1,28,4,4044.2,164,4,4044.3,71,4
11483,2026-07-02 10:40:28+05:30,4043.9,1,4047.51,617489,146884.0,145508.0,4100.0,4110.0,4016.1,4092.6,23627975,4501.8,3683.4,4440.0,3288.1,4043.4,140,1,4043.0,1,1,4042.7,4,2,4042.4,183,2,4042.2,34,2,4043.9,35,4,4044.0,16,3,4044.1,28,4,4044.2,164,4,4044.3,71,4
11483,2026-07-02 10:40:28+05:30,4043.9,1,4047.51,617489,146884.0,145508.0,4100.0,4110.0,4016.1,4092.6,23627975,4501.8,3683.4,4440.0,3288.1,4043.4,140,1,4043.0,1,1,4042.7,4,2,4042.4,183,2,4042.2,34,2,4043.9,35,4,4044.0,16,3,4044.1,28,4,4044.2,164,4,4044.3,71,4
11483,2026-07-02 10:40:28+05:30,4043.9,1,4047.51,617489,146884.0,145508.0,4100.0,4110.0,4016.1,4092.6,23627975,4501.8,3683.4,4440.0,3288.1,4043.4,140,1,4043.0,1,1,4042.7,4,2,4042.4,183,2,4042.2,34,2,4043.9,35,4,4044.0,16,3,4044.1,28,4,4044.2,164,4,4044.3,71,4
11483,2026-07-02 10:40:29+05:30,4043.9,1,4047.51,617490,146971.0,145599.0,4100.0,4110.0,4016.1,4092.6,23627975,4501.8,3683.4,4440.0,3288.1,4043.4,140,1,4043.0,1,1,4042.7,4,2,4042.4,183,2,4042.2,34,2,4043.8,42,1,4043.9,76,5,4044.0,58,4,4044.1,18,3,4044.2,133,3
11483,2026-07-02 10:40:29+05:30,4043.8,1,4047.51,617490,146971.0,145599.0,4100.0,4110.0,4016.1,4092.6,23627975,4501.8,3683.4,4440.0,3288.1,4043.4,140,1,4043.0,1,1,4042.7,4,2,4042.4,183,2,4042.2,34,2,4043.8,42,1,4043.9,76,5,4044.0,58,4,4044.1,18,3,4044.2,133,3
11483,2026-07-02 10:40:30+05:30,4043.6,10,4047.51,617551,146954.0,145463.0,4100.0,4110.0,4016.1,4092.6,23627975,4501.8,3683.4,4440.0,3288.1,4043.4,139,1,4043.0,1,1,4042.7,4,2,4042.4,183,2,4042.2,34,2,4043.6,45,1,4043.8,91,5,4043.9,44,2,4044.0,16,3,4044.1,60,4
11483,2026-07-02 10:40:30+05:30,4043.6,10,4047.51,617551,146954.0,145463.0,4100.0,4110.0,4016.1,4092.6,23627975,4501.8,3683.4,4440.0,3288.1,4043.4,139,1,4043.0,1,1,4042.7,4,2,4042.4,183,2,4042.2,34,2,4043.6,45,1,4043.8,91,5,4043.9,44,2,4044.0,16,3,4044.1,60,4
11483,2026-07-02 10:40:31+05:30,4043.4,2,4047.51,617559,146521.0,145515.0,4100.0,4110.0,4016.1,4092.6,23627975,4501.8,3683.4,4440.0,3288.1,4043.4,137,1,4043.0,1,1,4042.7,4,2,4042.4,183,2,4042.2,34,2,4043.6,39,1,4043.7,54,2,4043.8,78,3,4043.9,9,2,4044.0,64,4
11483,2026-07-02 10:40:31+05:30,4043.4,2,4047.51,617559,146521.0,145515.0,4100.0,4110.0,4016.1,4092.6,23627975,4501.8,3683.4,4440.0,3288.1,4043.4,137,1,4043.0,1,1,4042.7,4,2,4042.4,183,2,4042.2,34,2,4043.6,39,1,4043.7,54,2,4043.8,78,3,4043.9,9,2,4044.0,64,4
11483,2026-07-02 10:40:32+05:30,4043.4,67,4047.51,617640,146679.0,145439.0,4100.0,4110.0,4016.1,4092.6,23627975,4501.8,3683.4,4440.0,3288.1,4043.4,66,1,4043.0,1,1,4042.7,4,2,4042.4,61,1,4042.2,14,1,4043.6,45,4,4043.7,42,1,4043.8,76,3,4043.9,9,2,4044.0,64,4
11483,2026-07-02 10:40:32+05:30,4043.4,67,4047.51,617640,146679.0,145439.0,4100.0,4110.0,4016.1,4092.6,23627975,4501.8,3683.4,4440.0,3288.1,4043.4,66,1,4043.0,1,1,4042.7,4,2,4042.4,61,1,4042.2,14,1,4043.6,45,4,4043.7,42,1,4043.8,76,3,4043.9,9,2,4044.0,64,4
11483,2026-07-02 10:40:33+05:30,4043.6,2,4047.51,617642,146682.0,145494.0,4100.0,4110.0,4016.1,4092.6,23627975,4501.8,3683.4,4440.0,3288.1,4043.4,66,1,4043.0,1,1,4042.7,4,2,4042.4,61,1,4042.2,14,1,4043.6,44,5,4043.7,42,1,4043.8,76,3,4043.9,9,2,4044.0,64,4
11483,2026-07-02 10:40:33+05:30,4043.6,2,4047.51,617642,146682.0,145494.0,4100.0,4110.0,4016.1,4092.6,23627975,4501.8,3683.4,4440.0,3288.1,4043.4,66,1,4043.0,1,1,4042.7,4,2,4042.4,61,1,4042.2,14,1,4043.6,44,5,4043.7,42,1,4043.8,76,3,4043.9,9,2,4044.0,64,4
11483,2026-07-02 10:40:34+05:30,4043.0,1,4047.51,617711,145942.0,145853.0,4100.0,4110.0,4016.1,4092.6,23627975,4501.8,3683.4,4440.0,3288.1,4042.7,4,2,4042.0,1574,4,4041.9,25,1,4041.6,13,1,4041.5,42,2,4043.3,47,6,4043.4,17,2,4043.5,27,3,4043.6,40,6,4043.7,64,3
11483,2026-07-02 10:40:34+05:30,4043.0,28,4047.51,617711,145942.0,145853.0,4100.0,4110.0,4016.1,4092.6,23627975,4501.8,3683.4,4440.0,3288.1,4042.7,4,2,4042.0,1574,4,4041.9,25,1,4041.6,13,1,4041.5,42,2,4043.3,47,6,4043.4,17,2,4043.5,27,3,4043.6,40,6,4043.7,64,3
11483,2026-07-02 10:40:35+05:30,4043.0,28,4047.51,617739,145993.0,146027.0,4100.0,4110.0,4016.1,4092.6,23627975,4501.8,3683.4,4440.0,3288.1,4042.7,4,2,4042.0,1574,4,4041.9,25,1,4041.3,26,3,4041.2,48,3,4042.9,53,1,4043.0,29,2,4043.1,42,1,4043.2,42,1,4043.3,9,4
11483,2026-07-02 10:40:35+05:30,4042.0,6,4047.51,617739,145993.0,146027.0,4100.0,4110.0,4016.1,4092.6,23627975,4501.8,3683.4,4440.0,3288.1,4042.7,4,2,4042.0,1574,4,4041.9,25,1,4041.3,26,3,4041.2,48,3,4042.9,53,1,4043.0,29,2,4043.1,42,1,4043.2,42,1,4043.3,9,4
11483,2026-07-02 10:40:36+05:30,4042.5,22,4047.51,617779,146180.0,146952.0,4100.0,4110.0,4016.1,4092.6,23627975,4501.8,3683.4,4440.0,3288.1,4042.0,1575,5,4041.9,25,1,4041.3,26,3,4041.2,6,1,4041.1,2,1,4042.5,30,1,4042.7,42,1,4042.8,42,1,4042.9,14,2,4043.0,42,1
11483,2026-07-02 10:40:36+05:30,4042.5,5,4047.51,617779,146180.0,146952.0,4100.0,4110.0,4016.1,4092.6,23627975,4501.8,3683.4,4440.0,3288.1,4042.0,1575,5,4041.9,25,1,4041.3,26,3,4041.2,6,1,4041.1,2,1,4042.5,30,1,4042.7,42,1,4042.8,42,1,4042.9,14,2,4043.0,42,1
11483,2026-07-02 10:40:37+05:30,4042.5,5,4047.51,617785,146325.0,146971.0,4100.0,4110.0,4016.1,4092.6,23627975,4501.8,3683.4,4440.0,3288.1,4042.0,1575,5,4041.9,25,1,4041.3,26,3,4041.2,6,1,4041.1,2,1,4042.3,24,1,4042.5,38,2,4042.6,42,1,4042.8,42,1,4042.9,12,1
11483,2026-07-02 10:40:38+05:30,4042.5,5,4047.51,617785,146336.0,146940.0,4100.0,4110.0,4016.1,4092.6,23627975,4501.8,3683.4,4440.0,3288.1,4042.0,1575,5,4041.9,25,1,4041.3,26,3,4041.2,6,1,4041.1,2,1,4042.2,24,1,4042.3,2,1,4042.5,80,3,4042.7,42,1,4042.9,12,1
11483,2026-07-02 10:40:39+05:30,4042.4,3,4047.51,617790,146226.0,146979.0,4100.0,4110.0,4016.1,4092.6,23627975,4501.8,3683.4,4440.0,3288.1,4042.0,1575,5,4041.9,25,1,4041.3,6,2,4041.1,2,1,4041.0,42,4,4042.2,21,1,4042.4,39,1,4042.5,36,1,4042.7,42,1,4042.8,12,1
11483,2026-07-02 10:40:39+05:30,4042.4,3,4047.51,617790,146226.0,146979.0,4100.0,4110.0,4016.1,4092.6,23627975,4501.8,3683.4,4440.0,3288.1,4042.0,1575,5,4041.9,25,1,4041.3,6,2,4041.1,2,1,4041.0,42,4,4042.2,21,1,4042.4,39,1,4042.5,36,1,4042.7,42,1,4042.8,12,1
11483,2026-07-02 10:40:40+05:30,4042.1,10,4047.51,617790,146226.0,146979.0,4100.0,4110.0,4016.1,4092.6,23627975,4501.8,3683.4,4440.0,3288.1,4042.0,1575,5,4041.9,25,1,4041.3,6,2,4041.1,2,1,4041.0,42,4,4042.2,21,1,4042.4,39,1,4042.5,36,1,4042.7,42,1,4042.8,12,1
11483,2026-07-02 10:40:40+05:30,4042.1,10,4047.51,617800,146223.0,147084.0,4100.0,4110.0,4016.1,4092.6,23627975,4501.8,3683.4,4440.0,3288.1,4042.0,1575,5,4041.9,25,1,4041.3,6,2,4041.1,2,1,4041.0,47,5,4042.1,11,1,4042.2,2,1,4042.4,39,1,4042.5,36,1,4042.6,42,1
11483,2026-07-02 10:40:41+05:30,4042.1,4,4047.51,617800,146223.0,147084.0,4100.0,4110.0,4016.1,4092.6,23627975,4501.8,3683.4,4440.0,3288.1,4042.0,1575,5,4041.9,25,1,4041.3,6,2,4041.1,2,1,4041.0,47,5,4042.1,11,1,4042.2,2,1,4042.4,39,1,4042.5,36,1,4042.6,42,1
11483,2026-07-02 10:40:41+05:30,4042.1,1,4047.51,617810,146234.0,146951.0,4100.0,4110.0,4016.1,4092.6,23627975,4501.8,3683.4,4440.0,3288.1,4042.0,1593,6,4041.9,25,1,4041.6,6,1,4041.5,7,1,4041.3,8,3,4042.1,1,1,4042.4,39,1,4042.5,36,1,4042.6,42,1,4043.0,2,1
11483,2026-07-02 10:40:42+05:30,4042.1,1,4047.51,617810,146234.0,146951.0,4100.0,4110.0,4016.1,4092.6,23627975,4501.8,3683.4,4440.0,3288.1,4042.0,1593,6,4041.9,25,1,4041.6,6,1,4041.5,7,1,4041.3,8,3,4042.1,1,1,4042.4,39,1,4042.5,36,1,4042.6,42,1,4043.0,2,1
11483,2026-07-02 10:40:42+05:30,4042.1,1,4047.51,617810,146211.0,148243.0,4100.0,4110.0,4016.1,4092.6,23627975,4501.8,3683.4,4440.0,3288.1,4042.0,1593,6,4041.9,25,1,4041.6,6,1,4041.3,8,3,4041.2,11,1,4042.1,3,2,4042.4,39,1,4042.5,36,1,4042.6,42,1,4043.0,2,1
11483,2026-07-02 10:40:43+05:30,4042.1,1,4047.51,617810,146213.0,148246.0,4100.0,4110.0,4016.1,4092.6,23627975,4501.8,3683.4,4440.0,3288.1,4042.0,1593,6,4041.9,25,1,4041.6,6,1,4041.4,2,1,4041.3,6,2,4042.1,3,2,4042.4,39,1,4042.5,36,1,4042.6,42,1,4043.0,2,1
11483,2026-07-02 10:40:44+05:30,4044.0,1,4047.51,617810,146213.0,148246.0,4100.0,4110.0,4016.1,4092.6,23627975,4501.8,3683.4,4440.0,3288.1,4042.0,1593,6,4041.9,25,1,4041.6,6,1,4041.4,2,1,4041.3,6,2,4042.1,3,2,4042.4,39,1,4042.5,36,1,4042.6,42,1,4043.0,2,1
11483,2026-07-02 10:40:44+05:30,4044.0,1,4047.49,622548,148172.0,145108.0,4100.0,4110.0,4016.1,4092.6,23627975,4501.8,3683.4,4440.0,3288.1,4044.0,17,2,4043.9,21,2,4043.8,33,3,4043.7,54,4,4043.6,69,4,4045.5,10,1,4045.6,40,4,4045.7,56,3,4045.8,20,3,4045.9,18,1
11483,2026-07-02 10:40:45+05:30,4043.2,1,4047.49,622548,148172.0,145108.0,4100.0,4110.0,4016.1,4092.6,23627975,4501.8,3683.4,4440.0,3288.1,4044.0,17,2,4043.9,21,2,4043.8,33,3,4043.7,54,4,4043.6,69,4,4045.5,10,1,4045.6,40,4,4045.7,56,3,4045.8,20,3,4045.9,18,1
11483,2026-07-02 10:40:45+05:30,4043.2,1,4047.49,622587,147367.0,146705.0,4100.0,4110.0,4016.1,4092.6,23627975,4501.8,3683.4,4440.0,3288.1,4043.0,18,2,4042.9,27,1,4042.7,34,1,4042.6,33,11,4042.5,62,2,4043.9,81,1,4044.0,54,2,4044.1,42,1,4044.2,69,2,4044.3,12,1
11483,2026-07-02 10:40:46+05:30,4043.6,8,4047.49,622587,147367.0,146705.0,4100.0,4110.0,4016.1,4092.6,23627975,4501.8,3683.4,4440.0,3288.1,4043.0,18,2,4042.9,27,1,4042.7,34,1,4042.6,33,11,4042.5,62,2,4043.9,81,1,4044.0,54,2,4044.1,42,1,4044.2,69,2,4044.3,12,1
11483,2026-07-02 10:40:46+05:30,4043.6,8,4047.49,622597,147659.0,146703.0,4100.0,4110.0,4016.1,4092.6,23627975,4501.8,3683.4,4440.0,3288.1,4043.5,2,2,4042.9,27,1,4042.7,84,3,4042.6,273,13,4042.5,108,2,4043.6,107,2,4043.8,42,1,4043.9,50,2,4044.0,12,1,4044.1,42,1
11483,2026-07-02 10:40:47+05:30,4042.6,10,4047.49,622597,147659.0,146703.0,4100.0,4110.0,4016.1,4092.6,23627975,4501.8,3683.4,4440.0,3288.1,4043.5,2,2,4042.9,27,1,4042.7,84,3,4042.6,273,13,4042.5,108,2,4043.6,107,2,4043.8,42,1,4043.9,50,2,4044.0,12,1,4044.1,42,1
11483,2026-07-02 10:40:47+05:30,4042.6,10,4047.49,622616,146750.0,146786.0,4100.0,4110.0,4016.1,4092.6,23627975,4501.8,3683.4,4440.0,3288.1,4042.6,13,1,4042.3,17,2,4042.2,20,3,4042.1,91,3,4042.0,1554,4,4043.0,1,1,4043.5,42,1,4043.7,42,1,4044.0,27,1,4044.3,12,1
11483,2026-07-02 10:40:48+05:30,4042.4,3,4047.49,622616,146750.0,146786.0,4100.0,4110.0,4016.1,4092.6,23627975,4501.8,3683.4,4440.0,3288.1,4042.6,13,1,4042.3,17,2,4042.2,20,3,4042.1,91,3,4042.0,1554,4,4043.0,1,1,4043.5,42,1,4043.7,42,1,4044.0,27,1,4044.3,12,1
11483,2026-07-02 10:40:48+05:30,4042.4,3,4047.49,622688,146812.0,146918.0,4100.0,4110.0,4016.1,4092.6,23627975,4501.8,3683.4,4440.0,3288.1,4042.4,44,3,4042.3,2,1,4042.2,56,3,4042.1,163,7,4042.0,1554,4,4043.5,37,1,4044.2,38,1,4044.3,12,1,4044.6,142,5,4044.7,27,1
11483,2026-07-02 10:40:49+05:30,4043.9,1,4047.49,622688,146812.0,146918.0,4100.0,4110.0,4016.1,4092.6,23627975,4501.8,3683.4,4440.0,3288.1,4042.4,44,3,4042.3,2,1,4042.2,56,3,4042.1,163,7,4042.0,1554,4,4043.5,37,1,4044.2,38,1,4044.3,12,1,4044.6,142,5,4044.7,27,1
11483,2026-07-02 10:40:49+05:30,4043.9,1,4047.49,622737,148037.0,145191.0,4100.0,4110.0,4016.1,4092.6,23627975,4501.8,3683.4,4440.0,3288.1,4043.9,24,2,4043.8,18,2,4043.7,19,2,4043.6,38,3,4043.5,20,2,4044.9,10,1,4045.0,33,2,4045.1,10,1,4045.2,19,3,4045.4,53,3
11483,2026-07-02 10:40:50+05:30,4045.5,1,4047.49,622737,148037.0,145191.0,4100.0,4110.0,4016.1,4092.6,23627975,4501.8,3683.4,4440.0,3288.1,4043.9,24,2,4043.8,18,2,4043.7,19,2,4043.6,38,3,4043.5,20,2,4044.9,10,1,4045.0,33,2,4045.1,10,1,4045.2,19,3,4045.4,53,3
11483,2026-07-02 10:40:50+05:30,4045.5,1,4047.49,622967,147462.0,145522.0,4100.0,4110.0,4016.1,4092.6,23627975,4501.8,3683.4,4440.0,3288.1,4043.1,34,2,4043.0,187,5,4042.9,83,5,4042.8,70,5,4042.7,110,6,4045.1,72,3,4045.2,3,1,4045.3,36,4,4045.4,12,3,4045.5,32,2
11483,2026-07-02 10:40:51+05:30,4043.0,50,4047.49,622967,147462.0,145522.0,4100.0,4110.0,4016.1,4092.6,23627975,4501.8,3683.4,4440.0,3288.1,4043.1,34,2,4043.0,187,5,4042.9,83,5,4042.8,70,5,4042.7,110,6,4045.1,72,3,4045.2,3,1,4045.3,36,4,4045.4,12,3,4045.5,32,2
11483,2026-07-02 10:40:51+05:30,4043.0,50,4047.48,623019,147061.0,145861.0,4100.0,4110.0,4016.1,4092.6,23627975,4501.8,3683.4,4440.0,3288.1,4043.0,78,3,4042.9,8,1,4042.8,12,1,4042.7,39,3,4042.6,3,1,4044.7,47,2,4044.8,54,5,4044.9,38,3,4045.1,60,2,4045.2,74,5
11483,2026-07-02 10:40:52+05:30,4043.2,1,4047.48,623300,147408.0,145519.0,4100.0,4110.0,4016.1,4092.6,23627975,4501.8,3683.4,4440.0,3288.1,4043.4,1,1,4043.3,15,1,4043.0,26,2,4042.9,8,1,4042.8,2,1,4044.7,1,1,4044.8,31,3,4044.9,64,4,4045.0,1,1,4045.1,62,4
11483,2026-07-02 10:40:52+05:30,4043.2,1,4047.48,623300,147408.0,145519.0,4100.0,4110.0,4016.1,4092.6,23627975,4501.8,3683.4,4440.0,3288.1,4043.4,1,1,4043.3,15,1,4043.0,26,2,4042.9,8,1,4042.8,2,1,4044.7,1,1,4044.8,31,3,4044.9,64,4,4045.0,1,1,4045.1,62,4
11483,2026-07-02 10:40:53+05:30,4044.0,10,4047.48,623300,147408.0,145519.0,4100.0,4110.0,4016.1,4092.6,23627975,4501.8,3683.4,4440.0,3288.1,4043.4,1,1,4043.3,15,1,4043.0,26,2,4042.9,8,1,4042.8,2,1,4044.7,1,1,4044.8,31,3,4044.9,64,4,4045.0,1,1,4045.1,62,4
11483,2026-07-02 10:40:53+05:30,4044.0,10,4047.48,623327,147186.0,146376.0,4100.0,4110.0,4016.1,4092.6,23627975,4501.8,3683.4,4440.0,3288.1,4043.0,39,3,4042.9,13,1,4042.8,55,6,4042.7,94,3,4042.6,52,2,4044.0,89,1,4044.7,2,1,4044.9,25,2,4045.0,1,1,4045.1,35,3
11483,2026-07-02 10:40:54+05:30,4045.2,12,4047.48,623327,147186.0,146376.0,4100.0,4110.0,4016.1,4092.6,23627975,4501.8,3683.4,4440.0,3288.1,4043.0,39,3,4042.9,13,1,4042.8,55,6,4042.7,94,3,4042.6,52,2,4044.0,89,1,4044.7,2,1,4044.9,25,2,4045.0,1,1,4045.1,35,3
11483,2026-07-02 10:40:54+05:30,4045.2,12,4047.48,623509,148054.0,143427.0,4100.0,4110.0,4016.1,4092.6,23627975,4501.8,3683.4,4440.0,3288.1,4044.2,2,1,4044.1,34,3,4044.0,21,3,4043.9,79,3,4043.8,23,2,4045.6,38,1,4045.7,22,2,4045.8,31,3,4046.0,14,1,4046.3,98,1
11483,2026-07-02 10:40:55+05:30,4045.0,1,4047.48,623509,148054.0,143427.0,4100.0,4110.0,4016.1,4092.6,23627975,4501.8,3683.4,4440.0,3288.1,4044.2,2,1,4044.1,34,3,4044.0,21,3,4043.9,79,3,4043.8,23,2,4045.6,38,1,4045.7,22,2,4045.8,31,3,4046.0,14,1,4046.3,98,1
11483,2026-07-02 10:40:55+05:30,4044.4,2,4047.48,623613,149197.0,144176.0,4100.0,4110.0,4016.1,4092.6,23627975,4501.8,3683.4,4440.0,3288.1,4044.4,44,3,4044.3,15,1,4044.2,16,1,4044.1,27,3,4044.0,111,7,4045.0,501,2,4045.6,2,1,4045.8,9,1,4046.1,32,2,4046.2,2,1
11483,2026-07-02 10:40:56+05:30,4044.4,1,4047.48,623613,149197.0,144176.0,4100.0,4110.0,4016.1,4092.6,23627975,4501.8,3683.4,4440.0,3288.1,4044.4,44,3,4044.3,15,1,4044.2,16,1,4044.1,27,3,4044.0,111,7,4045.0,501,2,4045.6,2,1,4045.8,9,1,4046.1,32,2,4046.2,2,1
11483,2026-07-02 10:40:56+05:30,4044.4,1,4047.48,623614,149189.0,144503.0,4100.0,4110.0,4016.1,4092.6,23627975,4501.8,3683.4,4440.0,3288.1,4044.1,9,1,4044.0,51,5,4043.9,68,2,4043.8,120,4,4043.7,79,4,4045.0,511,3,4045.2,144,1,4045.8,9,1,4046.0,41,3,4046.1,32,2
11483,2026-07-02 10:40:57+05:30,4044.1,1,4047.48,623614,149189.0,144503.0,4100.0,4110.0,4016.1,4092.6,23627975,4501.8,3683.4,4440.0,3288.1,4044.1,9,1,4044.0,51,5,4043.9,68,2,4043.8,120,4,4043.7,79,4,4045.0,511,3,4045.2,144,1,4045.8,9,1,4046.0,41,3,4046.1,32,2
11483,2026-07-02 10:40:57+05:30,4044.9,1,4047.48,623616,149012.0,144671.0,4100.0,4110.0,4016.1,4092.6,23627975,4501.8,3683.4,4440.0,3288.1,4044.0,52,5,4043.9,49,1,4043.8,84,4,4043.7,67,3,4043.6,82,3,4044.9,9,1,4045.0,513,4,4045.2,144,1,4045.8,9,1,4045.9,2,1
11483,2026-07-02 10:40:58+05:30,4045.0,19,4047.48,623616,149012.0,144671.0,4100.0,4110.0,4016.1,4092.6,23627975,4501.8,3683.4,4440.0,3288.1,4044.0,52,5,4043.9,49,1,4043.8,84,4,4043.7,67,3,4043.6,82,3,4044.9,9,1,4045.0,513,4,4045.2,144,1,4045.8,9,1,4045.9,2,1
11483,2026-07-02 10:40:58+05:30,4045.0,1,4047.48,623649,148852.0,144716.0,4100.0,4110.0,4016.1,4092.6,23627975,4501.8,3683.4,4440.0,3288.1,4044.1,9,1,4044.0,34,3,4043.9,49,1,4043.8,84,4,4043.7,67,3,4045.0,481,2,4045.2,144,1,4045.7,2,1,4045.8,104,4,4046.0,38,2
11483,2026-07-02 10:40:59+05:30,4044.1,3,4047.48,623649,148852.0,144716.0,4100.0,4110.0,4016.1,4092.6,23627975,4501.8,3683.4,4440.0,3288.1,4044.1,9,1,4044.0,34,3,4043.9,49,1,4043.8,84,4,4043.7,67,3,4045.0,481,2,4045.2,144,1,4045.7,2,1,4045.8,104,4,4046.0,38,2
11483,2026-07-02 10:40:59+05:30,4045.0,1,4047.48,623654,148682.0,144831.0,4100.0,4110.0,4016.1,4092.6,23627975,4501.8,3683.4,4440.0,3288.1,4044.0,34,3,4043.8,35,3,4043.7,67,3,4043.6,64,2,4043.5,51,4,4045.0,491,3,4045.2,144,1,4045.6,38,1,4045.7,2,1,4045.8,66,3
11483,2026-07-02 10:41:00+05:30,4045.0,4,4047.48,623654,148682.0,144831.0,4100.0,4110.0,4016.1,4092.6,23627975,4501.8,3683.4,4440.0,3288.1,4044.0,34,3,4043.8,35,3,4043.7,67,3,4043.6,64,2,4043.5,51,4,4045.0,491,3,4045.2,144,1,4045.6,38,1,4045.7,2,1,4045.8,66,3
11483,2026-07-02 10:41:00+05:30,4045.0,3,4047.48,623684,148606.0,144858.0,4100.0,4110.0,4016.1,4092.6,23627975,4501.8,3683.4,4440.0,3288.1,4044.0,14,1,4043.8,31,2,4043.7,8,1,4043.6,15,1,4043.5,37,2,4045.0,491,4,4045.2,144,1,4045.6,38,1,4045.7,2,1,4045.8,66,3
11483,2026-07-02 10:41:01+05:30,4045.0,3,4047.48,623684,148606.0,144858.0,4100.0,4110.0,4016.1,4092.6,23627975,4501.8,3683.4,4440.0,3288.1,4044.0,14,1,4043.8,31,2,4043.7,8,1,4043.6,15,1,4043.5,37,2,4045.0,491,4,4045.2,144,1,4045.6,38,1,4045.7,2,1,4045.8,66,3
11483,2026-07-02 10:41:02+05:30,4045.2,59,4047.48,624255,150887.0,143685.0,4100.0,4110.0,4016.1,4092.6,23627975,4501.8,3683.4,4440.0,3288.1,4045.0,1510,1,4044.2,13,2,4044.1,51,4,4044.0,135,10,4043.9,79,4,4045.2,84,1,4046.0,38,2,4046.3,98,1,4046.6,67,3,4046.7,13,2
11483,2026-07-02 10:41:02+05:30,4045.2,59,4047.48,624255,150887.0,143685.0,4100.0,4110.0,4016.1,4092.6,23627975,4501.8,3683.4,4440.0,3288.1,4045.0,1510,1,4044.2,13,2,4044.1,51,4,4044.0,135,10,4043.9,79,4,4045.2,84,1,4046.0,38,2,4046.3,98,1,4046.6,67,3,4046.7,13,2
11483,2026-07-02 10:41:03+05:30,4045.2,1,4047.48,624257,150893.0,143988.0,4100.0,4110.0,4016.1,4092.6,23627975,4501.8,3683.4,4440.0,3288.1,4045.0,1509,1,4044.2,28,4,4044.1,61,4,4044.0,134,9,4043.9,79,4,4045.2,85,2,4046.0,38,2,4046.3,98,1,4046.6,72,4,4046.7,25,3
11483,2026-07-02 10:41:03+05:30,4045.2,1,4047.48,624257,150893.0,143988.0,4100.0,4110.0,4016.1,4092.6,23627975,4501.8,3683.4,4440.0,3288.1,4045.0,1509,1,4044.2,28,4,4044.1,61,4,4044.0,134,9,4043.9,79,4,4045.2,85,2,4046.0,38,2,4046.3,98,1,4046.6,72,4,4046.7,25,3
11483,2026-07-02 10:41:04+05:30,4045.0,25,4047.48,624287,150853.0,144070.0,4100.0,4110.0,4016.1,4092.6,23627975,4501.8,3683.4,4440.0,3288.1,4045.0,1484,1,4044.2,28,4,4044.1,112,6,4044.0,143,10,4043.9,73,3,4045.2,80,2,4045.7,1,1,4046.0,48,3,4046.3,98,1,4046.6,72,4
11483,2026-07-02 10:41:04+05:30,4045.0,25,4047.48,624287,150853.0,144070.0,4100.0,4110.0,4016.1,4092.6,23627975,4501.8,3683.4,4440.0,3288.1,4045.0,1484,1,4044.2,28,4,4044.1,112,6,4044.0,143,10,4043.9,73,3,4045.2,80,2,4045.7,1,1,4046.0,48,3,4046.3,98,1,4046.6,72,4
11483,2026-07-02 10:41:05+05:30,4045.2,1,4047.48,624288,150738.0,144058.0,4100.0,4110.0,4016.1,4092.6,23627975,4501.8,3683.4,4440.0,3288.1,4045.0,1505,4,4044.9,3,1,4044.8,5,1,4044.7,2,1,4044.6,12,1,4045.2,79,2,4045.7,1,1,4046.0,48,3,4046.3,98,1,4046.6,67,3
11483,2026-07-02 10:41:05+05:30,4045.2,1,4047.48,624288,150738.0,144058.0,4100.0,4110.0,4016.1,4092.6,23627975,4501.8,3683.4,4440.0,3288.1,4045.0,1505,4,4044.9,3,1,4044.8,5,1,4044.7,2,1,4044.6,12,1,4045.2,79,2,4045.7,1,1,4046.0,48,3,4046.3,98,1,4046.6,67,3
11483,2026-07-02 10:41:06+05:30,4045.2,7,4047.48,624296,150967.0,144043.0,4100.0,4110.0,4016.1,4092.6,23627975,4501.8,3683.4,4440.0,3288.1,4045.1,14,1,4045.0,1505,4,4044.9,3,1,4044.8,5,1,4044.7,2,1,4045.2,72,3,4045.7,1,1,4046.0,48,3,4046.3,98,1,4046.6,7,2
11483,2026-07-02 10:41:06+05:30,4045.1,9,4047.48,624296,150967.0,144043.0,4100.0,4110.0,4016.1,4092.6,23627975,4501.8,3683.4,4440.0,3288.1,4045.1,14,1,4045.0,1505,4,4044.9,3,1,4044.8,5,1,4044.7,2,1,4045.2,72,3,4045.7,1,1,4046.0,48,3,4046.3,98,1,4046.6,7,2
11483,2026-07-02 10:41:07+05:30,4045.0,2,4047.48,624349,150907.0,144102.0,4100.0,4110.0,4016.1,4092.6,23627975,4501.8,3683.4,4440.0,3288.1,4045.0,1506,5,4044.9,5,2,4044.8,5,1,4044.6,12,1,4044.5,9,1,4045.2,35,3,4045.7,1,1,4046.0,49,4,4046.3,98,1,4046.6,7,2
11483,2026-07-02 10:41:07+05:30,4045.0,2,4047.48,624349,150907.0,144102.0,4100.0,4110.0,4016.1,4092.6,23627975,4501.8,3683.4,4440.0,3288.1,4045.0,1506,5,4044.9,5,2,4044.8,5,1,4044.6,12,1,4044.5,9,1,4045.2,35,3,4045.7,1,1,4046.0,49,4,4046.3,98,1,4046.6,7,2
11483,2026-07-02 10:41:08+05:30,4045.0,5,4047.48,624356,150920.0,144110.0,4100.0,4110.0,4016.1,4092.6,23627975,4501.8,3683.4,4440.0,3288.1,4045.0,1500,5,4044.9,8,2,4044.8,5,1,4044.6,12,1,4044.5,9,1,4045.2,35,4,4045.7,1,1,4046.0,49,4,4046.3,98,1,4046.6,7,2
11483,2026-07-02 10:41:08+05:30,4045.0,5,4047.48,624356,150920.0,144110.0,4100.0,4110.0,4016.1,4092.6,23627975,4501.8,3683.4,4440.0,3288.1,4045.0,1500,5,4044.9,8,2,4044.8,5,1,4044.6,12,1,4044.5,9,1,4045.2,35,4,4045.7,1,1,4046.0,49,4,4046.3,98,1,4046.6,7,2
11483,2026-07-02 10:41:09+05:30,4045.2,1,4047.48,624358,150863.0,144209.0,4100.0,4110.0,4016.1,4092.6,23627975,4501.8,3683.4,4440.0,3288.1,4045.0,1500,5,4044.9,3,1,4044.8,5,1,4044.7,5,1,4044.6,12,1,4045.2,33,4,4045.7,1,1,4046.0,149,5,4046.3,98,1,4046.6,7,2
11483,2026-07-02 10:41:09+05:30,4045.3,1,4047.48,624358,150863.0,144209.0,4100.0,4110.0,4016.1,4092.6,23627975,4501.8,3683.4,4440.0,3288.1,4045.0,1500,5,4044.9,3,1,4044.8,5,1,4044.7,5,1,4044.6,12,1,4045.2,33,4,4045.7,1,1,4046.0,149,5,4046.3,98,1,4046.6,7,2
11483,2026-07-02 10:41:10+05:30,4045.3,3,4047.48,624412,150809.0,143417.0,4100.0,4110.0,4016.1,4092.6,23627975,4501.8,3683.4,4440.0,3288.1,4045.3,16,2,4045.2,18,3,4045.1,18,2,4045.0,1477,2,4044.6,68,3,4045.9,19,2,4046.0,134,4,4046.3,98,1,4046.4,12,1,4046.6,7,2
11483,2026-07-02 10:41:10+05:30,4046.0,10,4047.48,624412,150809.0,143417.0,4100.0,4110.0,4016.1,4092.6,23627975,4501.8,3683.4,4440.0,3288.1,4045.3,16,2,4045.2,18,3,4045.1,18,2,4045.0,1477,2,4044.6,68,3,4045.9,19,2,4046.0,134,4,4046.3,98,1,4046.4,12,1,4046.6,7,2
11483,2026-07-02 10:41:11+05:30,4045.3,7,4047.48,624459,150644.0,143723.0,4100.0,4110.0,4016.1,4092.6,23627975,4501.8,3683.4,4440.0,3288.1,4045.2,13,2,4045.1,18,2,4045.0,1477,2,4044.6,49,1,4044.5,51,2,4045.3,84,1,4046.0,123,4,4046.3,98,1,4046.4,12,1,4046.6,42,3
11483,2026-07-02 10:41:11+05:30,4045.3,7,4047.48,624459,150644.0,143723.0,4100.0,4110.0,4016.1,4092.6,23627975,4501.8,3683.4,4440.0,3288.1,4045.2,13,2,4045.1,18,2,4045.0,1477,2,4044.6,49,1,4044.5,51,2,4045.3,84,1,4046.0,123,4,4046.3,98,1,4046.4,12,1,4046.6,42,3
11483,2026-07-02 10:41:12+05:30,4045.3,1,4047.48,624521,150800.0,143773.0,4100.0,4110.0,4016.1,4092.6,23627975,4501.8,3683.4,4440.0,3288.1,4045.2,2,1,4045.0,1477,2,4044.6,49,1,4044.5,51,2,4044.4,71,2,4045.3,29,2,4046.0,123,4,4046.3,98,1,4046.4,12,1,4046.6,42,3
11483,2026-07-02 10:41:12+05:30,4045.3,1,4047.48,624521,150800.0,143773.0,4100.0,4110.0,4016.1,4092.6,23627975,4501.8,3683.4,4440.0,3288.1,4045.2,2,1,4045.0,1477,2,4044.6,49,1,4044.5,51,2,4044.4,71,2,4045.3,29,2,4046.0,123,4,4046.3,98,1,4046.4,12,1,4046.6,42,3
11483,2026-07-02 10:41:13+05:30,4045.0,1,4047.48,624553,150910.0,143870.0,4100.0,4110.0,4016.1,4092.6,23627975,4501.8,3683.4,4440.0,3288.1,4045.0,1470,3,4044.6,49,1,4044.5,51,2,4044.4,71,2,4044.3,49,1,4045.3,28,2,4046.0,123,4,4046.3,98,1,4046.4,12,1,4046.6,42,3
11483,2026-07-02 10:41:13+05:30,4045.0,1,4047.48,624553,150910.0,143870.0,4100.0,4110.0,4016.1,4092.6,23627975,4501.8,3683.4,4440.0,3288.1,4045.0,1470,3,4044.6,49,1,4044.5,51,2,4044.4,71,2,4044.3,49,1,4045.3,28,2,4046.0,123,4,4046.3,98,1,4046.4,12,1,4046.6,42,3
11483,2026-07-02 10:41:14+05:30,4045.0,15,4047.48,624594,150394.0,144130.0,4100.0,4110.0,4016.1,4092.6,23627975,4501.8,3683.4,4440.0,3288.1,4045.0,1433,2,4044.9,11,1,4044.6,10,1,4044.5,49,1,4044.4,62,2,4045.3,2,1,4046.0,323,5,4046.3,98,1,4046.5,38,1,4046.6,7,2
11483,2026-07-02 10:41:14+05:30,4045.0,15,4047.48,624594,150394.0,144130.0,4100.0,4110.0,4016.1,4092.6,23627975,4501.8,3683.4,4440.0,3288.1,4045.0,1433,2,4044.9,11,1,4044.6,10,1,4044.5,49,1,4044.4,62,2,4045.3,2,1,4046.0,323,5,4046.3,98,1,4046.5,38,1,4046.6,7,2
11483,2026-07-02 10:41:15+05:30,4046.0,5,4047.48,624623,151115.0,144284.0,4100.0,4110.0,4016.1,4092.6,23627975,4501.8,3683.4,4440.0,3288.1,4045.0,1455,3,4044.9,11,1,4044.6,2,1,4044.5,49,1,4044.4,75,3,4046.0,306,4,4046.3,98,1,4046.5,38,1,4046.6,29,3,4046.7,13,2
11483,2026-07-02 10:41:15+05:30,4046.0,5,4047.48,624623,151115.0,144284.0,4100.0,4110.0,4016.1,4092.6,23627975,4501.8,3683.4,4440.0,3288.1,4045.0,1455,3,4044.9,11,1,4044.6,2,1,4044.5,49,1,4044.4,75,3,4046.0,306,4,4046.3,98,1,4046.5,38,1,4046.6,29,3,4046.7,13,2
11483,2026-07-02 10:41:16+05:30,4045.9,4,4047.48,624631,151122.0,144373.0,4100.0,4110.0,4016.1,4092.6,23627975,4501.8,3683.4,4440.0,3288.1,4045.0,1434,3,4044.9,11,1,4044.7,7,1,4044.5,49,1,4044.4,77,4,4045.8,10,1,4045.9,27,2,4046.0,313,5,4046.3,110,2,4046.5,38,1
11483,2026-07-02 10:41:16+05:30,4045.9,4,4047.48,624631,151122.0,144373.0,4100.0,4110.0,4016.1,4092.6,23627975,4501.8,3683.4,4440.0,3288.1,4045.0,1434,3,4044.9,11,1,4044.7,7,1,4044.5,49,1,4044.4,77,4,4045.8,10,1,4045.9,27,2,4046.0,313,5,4046.3,110,2,4046.5,38,1
11483,2026-07-02 10:41:17+05:30,4045.8,1,4047.48,624631,151122.0,144373.0,4100.0,4110.0,4016.1,4092.6,23627975,4501.8,3683.4,4440.0,3288.1,4045.0,1434,3,4044.9,11,1,4044.7,7,1,4044.5,49,1,4044.4,77,4,4045.8,10,1,4045.9,27,2,4046.0,313,5,4046.3,110,2,4046.5,38,1
11483,2026-07-02 10:41:17+05:30,4045.8,1,4047.48,624632,150899.0,144290.0,4100.0,4110.0,4016.1,4092.6,23627975,4501.8,3683.4,4440.0,3288.1,4045.0,1480,5,4044.9,11,1,4044.7,7,1,4044.6,5,1,4044.5,58,2,4045.8,9,1,4045.9,27,2,4046.0,313,5,4046.3,110,2,4046.6,29,3
11483,2026-07-02 10:41:18+05:30,4045.8,4,4047.48,624632,150899.0,144290.0,4100.0,4110.0,4016.1,4092.6,23627975,4501.8,3683.4,4440.0,3288.1,4045.0,1480,5,4044.9,11,1,4044.7,7,1,4044.6,5,1,4044.5,58,2,4045.8,9,1,4045.9,27,2,4046.0,313,5,4046.3,110,2,4046.6,29,3
11483,2026-07-02 10:41:18+05:30,4045.8,4,4047.48,624640,150853.0,144818.0,4100.0,4110.0,4016.1,4092.6,23627975,4501.8,3683.4,4440.0,3288.1,4045.0,1480,5,4044.9,11,1,4044.6,5,1,4044.5,58,2,4044.4,49,1,4045.6,10,1,4045.7,32,3,4045.8,5,3,4045.9,28,3,4046.0,806,5
11483,2026-07-02 10:41:19+05:30,4046.0,20,4047.48,624640,150853.0,144818.0,4100.0,4110.0,4016.1,4092.6,23627975,4501.8,3683.4,4440.0,3288.1,4045.0,1480,5,4044.9,11,1,4044.6,5,1,4044.5,58,2,4044.4,49,1,4045.6,10,1,4045.7,32,3,4045.8,5,3,4045.9,28,3,4046.0,806,5
11483,2026-07-02 10:41:19+05:30,4046.0,20,4047.48,624866,150972.0,144707.0,4100.0,4110.0,4016.1,4092.6,23627975,4501.8,3683.4,4440.0,3288.1,4045.0,1456,6,4044.9,11,1,4044.6,5,1,4044.5,28,2,4044.4,2,1,4045.9,10,1,4046.0,680,2,4046.1,12,1,4046.3,98,1,4046.4,12,1
11483,2026-07-02 10:41:20+05:30,4045.0,11,4047.48,624866,150972.0,144707.0,4100.0,4110.0,4016.1,4092.6,23627975,4501.8,3683.4,4440.0,3288.1,4045.0,1456,6,4044.9,11,1,4044.6,5,1,4044.5,28,2,4044.4,2,1,4045.9,10,1,4046.0,680,2,4046.1,12,1,4046.3,98,1,4046.4,12,1
11483,2026-07-02 10:41:20+05:30,4045.9,1,4047.48,624879,150987.0,144755.0,4100.0,4110.0,4016.1,4092.6,23627975,4501.8,3683.4,4440.0,3288.1,4045.0,1465,7,4044.9,11,1,4044.6,5,1,4044.5,28,2,4044.4,2,1,4045.9,24,4,4046.0,680,2,4046.3,98,1,4046.4,12,1,4046.5,58,2
11483,2026-07-02 10:41:21+05:30,4046.0,91,4047.48,624879,150987.0,144755.0,4100.0,4110.0,4016.1,4092.6,23627975,4501.8,3683.4,4440.0,3288.1,4045.0,1465,7,4044.9,11,1,4044.6,5,1,4044.5,28,2,4044.4,2,1,4045.9,24,4,4046.0,680,2,4046.3,98,1,4046.4,12,1,4046.5,58,2
11483,2026-07-02 10:41:21+05:30,4045.8,1,4047.48,625013,150726.0,144799.0,4100.0,4110.0,4016.1,4092.6,23627975,4501.8,3683.4,4440.0,3288.1,4045.0,1444,7,4044.9,11,1,4044.7,2,1,4044.6,5,1,4044.5,9,1,4045.9,1,1,4046.0,590,3,4046.3,98,1,4046.5,38,1,4046.6,7,2
11483,2026-07-02 10:41:22+05:30,4046.0,11,4047.48,625013,150726.0,144799.0,4100.0,4110.0,4016.1,4092.6,23627975,4501.8,3683.4,4440.0,3288.1,4045.0,1444,7,4044.9,11,1,4044.7,2,1,4044.6,5,1,4044.5,9,1,4045.9,1,1,4046.0,590,3,4046.3,98,1,4046.5,38,1,4046.6,7,2
11483,2026-07-02 10:41:22+05:30,4046.0,11,4047.48,625027,150712.0,144858.0,4100.0,4110.0,4016.1,4092.6,23627975,4501.8,3683.4,4440.0,3288.1,4045.0,1442,7,4044.9,11,1,4044.7,2,1,4044.6,5,1,4044.5,9,1,4045.9,12,2,4046.0,579,3,4046.3,110,2,4046.5,38,1,4046.6,7,2
11483,2026-07-02 10:41:23+05:30,4046.0,11,4047.48,625027,150712.0,144858.0,4100.0,4110.0,4016.1,4092.6,23627975,4501.8,3683.4,4440.0,3288.1,4045.0,1442,7,4044.9,11,1,4044.7,2,1,4044.6,5,1,4044.5,9,1,4045.9,12,2,4046.0,579,3,4046.3,110,2,4046.5,38,1,4046.6,7,2
11483,2026-07-02 10:41:23+05:30,4045.0,1,4047.48,625027,150712.0,144858.0,4100.0,4110.0,4016.1,4092.6,23627975,4501.8,3683.4,4440.0,3288.1,4045.0,1442,7,4044.9,11,1,4044.7,2,1,4044.6,5,1,4044.5,9,1,4045.9,12,2,4046.0,579,3,4046.3,110,2,4046.5,38,1,4046.6,7,2
11483,2026-07-02 10:41:23+05:30,4045.0,1,4047.48,625028,150889.0,144781.0,4100.0,4110.0,4016.1,4092.6,23627975,4501.8,3683.4,4440.0,3288.1,4045.6,15,1,4045.0,1441,7,4044.9,11,1,4044.7,2,1,4044.6,5,1,4045.9,24,3,4046.0,589,4,4046.3,98,1,4046.4,12,1,4046.6,7,2
11483,2026-07-02 10:41:23+05:30,4045.0,1,4047.48,625028,150889.0,144781.0,4100.0,4110.0,4016.1,4092.6,23627975,4501.8,3683.4,4440.0,3288.1,4045.6,15,1,4045.0,1441,7,4044.9,11,1,4044.7,2,1,4044.6,5,1,4045.9,24,3,4046.0,589,4,4046.3,98,1,4046.4,12,1,4046.6,7,2
11483,2026-07-02 10:41:24+05:30,4045.0,1,4047.48,625028,150889.0,144781.0,4100.0,4110.0,4016.1,4092.6,23627975,4501.8,3683.4,4440.0,3288.1,4045.6,15,1,4045.0,1441,7,4044.9,11,1,4044.7,2,1,4044.6,5,1,4045.9,24,3,4046.0,589,4,4046.3,98,1,4046.4,12,1,4046.6,7,2
11483,2026-07-02 10:41:24+05:30,4045.9,1,4047.48,625028,150889.0,144781.0,4100.0,4110.0,4016.1,4092.6,23627975,4501.8,3683.4,4440.0,3288.1,4045.6,15,1,4045.0,1441,7,4044.9,11,1,4044.7,2,1,4044.6,5,1,4045.9,24,3,4046.0,589,4,4046.3,98,1,4046.4,12,1,4046.6,7,2
11483,2026-07-02 10:41:24+05:30,4045.9,1,4047.48,625107,150861.0,144771.0,4100.0,4110.0,4016.1,4092.6,23627975,4501.8,3683.4,4440.0,3288.1,4045.0,1381,7,4044.9,11,1,4044.7,2,1,4044.6,5,1,4044.5,16,2,4045.9,8,2,4046.0,608,5,4046.3,98,1,4046.4,12,1,4046.6,7,2
11483,2026-07-02 10:41:24+05:30,4045.9,1,4047.48,625107,150861.0,144771.0,4100.0,4110.0,4016.1,4092.6,23627975,4501.8,3683.4,4440.0,3288.1,4045.0,1381,7,4044.9,11,1,4044.7,2,1,4044.6,5,1,4044.5,16,2,4045.9,8,2,4046.0,608,5,4046.3,98,1,4046.4,12,1,4046.6,7,2
11483,2026-07-02 10:41:25+05:30,4045.9,1,4047.48,625107,150861.0,144771.0,4100.0,4110.0,4016.1,4092.6,23627975,4501.8,3683.4,4440.0,3288.1,4045.0,1381,7,4044.9,11,1,4044.7,2,1,4044.6,5,1,4044.5,16,2,4045.9,8,2,4046.0,608,5,4046.3,98,1,4046.4,12,1,4046.6,7,2
11483,2026-07-02 10:41:25+05:30,4045.0,1,4047.48,625108,150871.0,144853.0,4100.0,4110.0,4016.1,4092.6,23627975,4501.8,3683.4,4440.0,3288.1,4045.0,1380,7,4044.9,11,1,4044.6,7,2,4044.5,9,1,4044.4,22,1,4045.9,25,4,4046.0,608,5,4046.3,98,1,4046.4,12,1,4046.5,31,1
11483,2026-07-02 10:41:26+05:30,4045.0,1,4047.48,625108,150871.0,144853.0,4100.0,4110.0,4016.1,4092.6,23627975,4501.8,3683.4,4440.0,3288.1,4045.0,1380,7,4044.9,11,1,4044.6,7,2,4044.5,9,1,4044.4,22,1,4045.9,25,4,4046.0,608,5,4046.3,98,1,4046.4,12,1,4046.5,31,1
11483,2026-07-02 10:41:26+05:30,4045.9,7,4047.48,625108,150871.0,144853.0,4100.0,4110.0,4016.1,4092.6,23627975,4501.8,3683.4,4440.0,3288.1,4045.0,1380,7,4044.9,11,1,4044.6,7,2,4044.5,9,1,4044.4,22,1,4045.9,25,4,4046.0,608,5,4046.3,98,1,4046.4,12,1,4046.5,31,1
11483,2026-07-02 10:41:26+05:30,4045.9,7,4047.48,625108,150871.0,144853.0,4100.0,4110.0,4016.1,4092.6,23627975,4501.8,3683.4,4440.0,3288.1,4045.0,1380,7,4044.9,11,1,4044.6,7,2,4044.5,9,1,4044.4,22,1,4045.9,25,4,4046.0,608,5,4046.3,98,1,4046.4,12,1,4046.5,31,1
11483,2026-07-02 10:41:26+05:30,4045.9,7,4047.48,625115,150849.0,144886.0,4100.0,4110.0,4016.1,4092.6,23627975,4501.8,3683.4,4440.0,3288.1,4045.0,1380,7,4044.9,11,1,4044.6,7,2,4044.5,9,1,4044.4,22,1,4045.7,11,1,4045.8,25,2,4045.9,18,3,4046.0,621,7,4046.3,98,1
11483,2026-07-02 10:41:27+05:30,4045.9,7,4047.48,625115,150849.0,144886.0,4100.0,4110.0,4016.1,4092.6,23627975,4501.8,3683.4,4440.0,3288.1,4045.0,1380,7,4044.9,11,1,4044.6,7,2,4044.5,9,1,4044.4,22,1,4045.7,11,1,4045.8,25,2,4045.9,18,3,4046.0,621,7,4046.3,98,1
11483,2026-07-02 10:41:27+05:30,4045.9,7,4047.48,625115,150849.0,144886.0,4100.0,4110.0,4016.1,4092.6,23643550,4501.8,3683.4,4440.0,3288.1,4045.0,1380,7,4044.9,11,1,4044.6,7,2,4044.5,9,1,4044.4,22,1,4045.7,11,1,4045.8,25,2,4045.9,18,3,4046.0,621,7,4046.3,98,1
11483,2026-07-02 10:41:27+05:30,4045.0,1,4047.48,625115,150849.0,144886.0,4100.0,4110.0,4016.1,4092.6,23643550,4501.8,3683.4,4440.0,3288.1,4045.0,1380,7,4044.9,11,1,4044.6,7,2,4044.5,9,1,4044.4,22,1,4045.7,11,1,4045.8,25,2,4045.9,18,3,4046.0,621,7,4046.3,98,1
11483,2026-07-02 10:41:27+05:30,4045.0,1,4047.48,625115,150849.0,144886.0,4100.0,4110.0,4016.1,4092.6,23643550,4501.8,3683.4,4440.0,3288.1,4045.0,1380,7,4044.9,11,1,4044.6,7,2,4044.5,9,1,4044.4,22,1,4045.7,11,1,4045.8,25,2,4045.9,18,3,4046.0,621,7,4046.3,98,1
11483,2026-07-02 10:41:28+05:30,4045.5,1,4047.48,625123,150667.0,145005.0,4100.0,4110.0,4016.1,4092.6,23643550,4501.8,3683.4,4440.0,3288.1,4045.0,1379,7,4044.9,11,1,4044.6,5,1,4044.5,9,1,4044.1,9,2,4045.5,33,4,4045.6,28,3,4045.7,47,5,4045.8,12,1,4045.9,3,1
11483,2026-07-02 10:41:28+05:30,4045.5,1,4047.48,625123,150667.0,145005.0,4100.0,4110.0,4016.1,4092.6,23643550,4501.8,3683.4,4440.0,3288.1,4045.0,1379,7,4044.9,11,1,4044.6,5,1,4044.5,9,1,4044.1,9,2,4045.5,33,4,4045.6,28,3,4045.7,47,5,4045.8,12,1,4045.9,3,1
11483,2026-07-02 10:41:28+05:30,4045.5,5,4047.48,625123,150667.0,145005.0,4100.0,4110.0,4016.1,4092.6,23643550,4501.8,3683.4,4440.0,3288.1,4045.0,1379,7,4044.9,11,1,4044.6,5,1,4044.5,9,1,4044.1,9,2,4045.5,33,4,4045.6,28,3,4045.7,47,5,4045.8,12,1,4045.9,3,1
11483,2026-07-02 10:41:28+05:30,4045.5,5,4047.48,625123,150667.0,145005.0,4100.0,4110.0,4016.1,4092.6,23643550,4501.8,3683.4,4440.0,3288.1,4045.0,1379,7,4044.9,11,1,4044.6,5,1,4044.5,9,1,4044.1,9,2,4045.5,33,4,4045.6,28,3,4045.7,47,5,4045.8,12,1,4045.9,3,1
11483,2026-07-02 10:41:29+05:30,4045.5,1,4047.48,625137,150679.0,145007.0,4100.0,4110.0,4016.1,4092.6,23643550,4501.8,3683.4,4440.0,3288.1,4045.0,1381,8,4044.9,11,1,4044.6,5,1,4044.5,9,1,4044.1,31,3,4045.5,1,1,4045.6,23,2,4045.7,35,3,4045.9,3,1,4046.0,640,9
11483,2026-07-02 10:41:29+05:30,4045.5,1,4047.48,625137,150679.0,145007.0,4100.0,4110.0,4016.1,4092.6,23643550,4501.8,3683.4,4440.0,3288.1,4045.0,1381,8,4044.9,11,1,4044.6,5,1,4044.5,9,1,4044.1,31,3,4045.5,1,1,4045.6,23,2,4045.7,35,3,4045.9,3,1,4046.0,640,9
11483,2026-07-02 10:41:29+05:30,4045.0,1,4047.48,625137,150679.0,145007.0,4100.0,4110.0,4016.1,4092.6,23643550,4501.8,3683.4,4440.0,3288.1,4045.0,1381,8,4044.9,11,1,4044.6,5,1,4044.5,9,1,4044.1,31,3,4045.5,1,1,4045.6,23,2,4045.7,35,3,4045.9,3,1,4046.0,640,9
11483,2026-07-02 10:41:30+05:30,4045.0,1,4047.48,625139,150639.0,145037.0,4100.0,4110.0,4016.1,4092.6,23643550,4501.8,3683.4,4440.0,3288.1,4045.0,1379,8,4044.9,11,1,4044.6,5,1,4044.5,9,1,4044.1,9,2,4045.5,1,1,4045.6,12,1,4045.7,10,1,4045.9,3,1,4046.0,640,9
11483,2026-07-02 10:41:31+05:30,4045.0,21,4047.48,625167,150376.0,145193.0,4100.0,4110.0,4016.1,4092.6,23643550,4501.8,3683.4,4440.0,3288.1,4045.0,1357,8,4044.9,11,1,4044.6,5,1,4044.5,9,1,4044.1,4,2,4045.2,47,5,4045.3,11,2,4045.4,21,3,4045.5,36,4,4045.6,3,1
11483,2026-07-02 10:41:31+05:30,4045.0,1,4047.48,625167,150376.0,145193.0,4100.0,4110.0,4016.1,4092.6,23643550,4501.8,3683.4,4440.0,3288.1,4045.0,1357,8,4044.9,11,1,4044.6,5,1,4044.5,9,1,4044.1,4,2,4045.2,47,5,4045.3,11,2,4045.4,21,3,4045.5,36,4,4045.6,3,1
11483,2026-07-02 10:41:32+05:30,4045.5,14,4047.48,625202,150672.0,145105.0,4100.0,4110.0,4016.1,4092.6,23643550,4501.8,3683.4,4440.0,3288.1,4045.0,1355,7,4044.9,11,1,4044.6,5,1,4044.5,9,1,4044.1,4,2,4045.7,18,3,4045.9,3,1,4046.0,638,8,4046.1,27,2,4046.2,29,1
11483,2026-07-02 10:41:32+05:30,4045.0,1,4047.48,625202,150672.0,145105.0,4100.0,4110.0,4016.1,4092.6,23643550,4501.8,3683.4,4440.0,3288.1,4045.0,1355,7,4044.9,11,1,4044.6,5,1,4044.5,9,1,4044.1,4,2,4045.7,18,3,4045.9,3,1,4046.0,638,8,4046.1,27,2,4046.2,29,1
11483,2026-07-02 10:41:33+05:30,4045.0,8,4047.48,625211,150776.0,145181.0,4100.0,4110.0,4016.1,4092.6,23643550,4501.8,3683.4,4440.0,3288.1,4045.0,1346,7,4044.9,11,1,4044.6,7,2,4044.5,9,1,4044.1,10,2,4045.6,23,2,4045.7,7,3,4045.9,3,1,4046.0,638,8,4046.1,27,2
11483,2026-07-02 10:41:33+05:30,4045.0,1,4047.48,625211,150776.0,145181.0,4100.0,4110.0,4016.1,4092.6,23643550,4501.8,3683.4,4440.0,3288.1,4045.0,1346,7,4044.9,11,1,4044.6,7,2,4044.5,9,1,4044.1,10,2,4045.6,23,2,4045.7,7,3,4045.9,3,1,4046.0,638,8,4046.1,27,2
11483,2026-07-02 10:41:34+05:30,4045.2,2,4047.48,625234,150901.0,145312.0,4100.0,4110.0,4016.1,4092.6,23643550,4501.8,3683.4,4440.0,3288.1,4045.1,3,1,4045.0,1345,7,4044.9,11,1,4044.6,7,2,4044.5,9,1,4045.2,23,1,4045.6,12,1,4045.9,3,1,4046.0,638,8,4046.1,27,2
11483,2026-07-02 10:41:34+05:30,4045.1,1,4047.48,625234,150901.0,145312.0,4100.0,4110.0,4016.1,4092.6,23643550,4501.8,3683.4,4440.0,3288.1,4045.1,3,1,4045.0,1345,7,4044.9,11,1,4044.6,7,2,4044.5,9,1,4045.2,23,1,4045.6,12,1,4045.9,3,1,4046.0,638,8,4046.1,27,2
11483,2026-07-02 10:41:35+05:30,4045.1,10,4047.48,625245,151080.0,145344.0,4100.0,4110.0,4016.1,4092.6,23643550,4501.8,3683.4,4440.0,3288.1,4045.1,3,1,4045.0,1365,8,4044.9,11,1,4044.6,7,2,4044.5,9,1,4045.2,24,2,4045.6,12,1,4045.9,3,1,4046.0,638,8,4046.1,12,1
11483,2026-07-02 10:41:35+05:30,4045.1,1,4047.48,625245,151080.0,145344.0,4100.0,4110.0,4016.1,4092.6,23643550,4501.8,3683.4,4440.0,3288.1,4045.1,3,1,4045.0,1365,8,4044.9,11,1,4044.6,7,2,4044.5,9,1,4045.2,24,2,4045.6,12,1,4045.9,3,1,4046.0,638,8,4046.1,12,1
11483,2026-07-02 10:41:36+05:30,4045.1,1,4047.48,625246,151053.0,145400.0,4100.0,4110.0,4016.1,4092.6,23643550,4501.8,3683.4,4440.0,3288.1,4045.1,2,1,4045.0,1367,9,4044.9,11,1,4044.6,7,2,4044.5,9,1,4045.2,25,3,4045.6,12,1,4045.9,3,1,4046.0,638,8,4046.1,12,1
11483,2026-07-02 10:41:36+05:30,4045.0,1,4047.48,625246,151053.0,145400.0,4100.0,4110.0,4016.1,4092.6,23643550,4501.8,3683.4,4440.0,3288.1,4045.1,2,1,4045.0,1367,9,4044.9,11,1,4044.6,7,2,4044.5,9,1,4045.2,25,3,4045.6,12,1,4045.9,3,1,4046.0,638,8,4046.1,12,1
11483,2026-07-02 10:41:37+05:30,4045.0,1,4047.48,625292,151080.0,145444.0,4100.0,4110.0,4016.1,4092.6,23643550,4501.8,3683.4,4440.0,3288.1,4045.0,1349,11,4044.9,11,1,4044.7,7,1,4044.6,15,3,4044.5,9,1,4045.2,25,3,4046.0,624,7,4046.3,127,2,4046.4,32,2,4046.5,43,2
11483,2026-07-02 10:41:37+05:30,4045.0,75,4047.48,625292,151080.0,145444.0,4100.0,4110.0,4016.1,4092.6,23643550,4501.8,3683.4,4440.0,3288.1,4045.0,1349,11,4044.9,11,1,4044.7,7,1,4044.6,15,3,4044.5,9,1,4045.2,25,3,4046.0,624,7,4046.3,127,2,4046.4,32,2,4046.5,43,2
11483,2026-07-02 10:41:38+05:30,4045.0,1,4047.48,625374,150983.0,145521.0,4100.0,4110.0,4016.1,4092.6,23643550,4501.8,3683.4,4440.0,3288.1,4045.0,1246,10,4044.9,11,1,4044.7,7,1,4044.6,15,3,4044.5,9,1,4045.2,24,2,4046.0,624,7,4046.3,127,2,4046.4,32,2,4046.5,43,2
11483,2026-07-02 10:41:38+05:30,4046.0,1,4047.48,625374,150983.0,145521.0,4100.0,4110.0,4016.1,4092.6,23643550,4501.8,3683.4,4440.0,3288.1,4045.0,1246,10,4044.9,11,1,4044.7,7,1,4044.6,15,3,4044.5,9,1,4045.2,24,2,4046.0,624,7,4046.3,127,2,4046.4,32,2,4046.5,43,2
11483,2026-07-02 10:41:39+05:30,4045.9,1,4047.47,625439,151046.0,145449.0,4100.0,4110.0,4016.1,4092.6,23643550,4501.8,3683.4,4440.0,3288.1,4045.0,1208,10,4044.9,11,1,4044.6,7,2,4044.5,9,1,4044.4,23,2,4045.9,10,2,4046.0,623,7,4046.3,98,1,4046.4,32,2,4046.5,67,2
11483,2026-07-02 10:41:39+05:30,4045.0,1,4047.47,625439,151046.0,145449.0,4100.0,4110.0,4016.1,4092.6,23643550,4501.8,3683.4,4440.0,3288.1,4045.0,1208,10,4044.9,11,1,4044.6,7,2,4044.5,9,1,4044.4,23,2,4045.9,10,2,4046.0,623,7,4046.3,98,1,4046.4,32,2,4046.5,67,2
11483,2026-07-02 10:41:40+05:30,4045.0,1,4047.47,625439,151046.0,145449.0,4100.0,4110.0,4016.1,4092.6,23643550,4501.8,3683.4,4440.0,3288.1,4045.0,1208,10,4044.9,11,1,4044.6,7,2,4044.5,9,1,4044.4,23,2,4045.9,10,2,4046.0,623,7,4046.3,98,1,4046.4,32,2,4046.5,67,2
11483,2026-07-02 10:41:40+05:30,4045.0,1,4047.47,625492,150954.0,147065.0,4100.0,4110.0,4016.1,4092.6,23643550,4501.8,3683.4,4440.0,3288.1,4045.0,1174,10,4044.9,11,1,4044.6,5,1,4044.5,9,1,4044.1,5,1,4045.9,11,1,4046.0,646,9,4046.1,16,1,4046.3,98,1,4046.4,52,3
11483,2026-07-02 10:41:41+05:30,4045.0,1,4047.47,625492,150954.0,147065.0,4100.0,4110.0,4016.1,4092.6,23643550,4501.8,3683.4,4440.0,3288.1,4045.0,1174,10,4044.9,11,1,4044.6,5,1,4044.5,9,1,4044.1,5,1,4045.9,11,1,4046.0,646,9,4046.1,16,1,4046.3,98,1,4046.4,52,3
11483,2026-07-02 10:41:41+05:30,4045.0,1,4047.47,625548,150954.0,147025.0,4100.0,4110.0,4016.1,4092.6,23643550,4501.8,3683.4,4440.0,3288.1,4045.0,1208,12,4044.9,11,1,4044.6,5,1,4044.5,9,1,4044.4,2,1,4045.9,11,1,4046.0,660,10,4046.1,16,1,4046.3,98,1,4046.4,52,3
11483,2026-07-02 10:41:42+05:30,4045.0,1,4047.47,625548,150954.0,147025.0,4100.0,4110.0,4016.1,4092.6,23643550,4501.8,3683.4,4440.0,3288.1,4045.0,1208,12,4044.9,11,1,4044.6,5,1,4044.5,9,1,4044.4,2,1,4045.9,11,1,4046.0,660,10,4046.1,16,1,4046.3,98,1,4046.4,52,3
11483,2026-07-02 10:41:42+05:30,4045.0,1,4047.47,625554,150843.0,146986.0,4100.0,4110.0,4016.1,4092.6,23643550,4501.8,3683.4,4440.0,3288.1,4045.0,1252,14,4044.9,11,1,4044.6,7,2,4044.5,9,1,4044.3,8,1,4045.9,29,3,4046.0,637,8,4046.1,16,1,4046.3,98,1,4046.4,79,4
11483,2026-07-02 10:41:43+05:30,4045.8,50,4047.47,625554,150843.0,146986.0,4100.0,4110.0,4016.1,4092.6,23643550,4501.8,3683.4,4440.0,3288.1,4045.0,1252,14,4044.9,11,1,4044.6,7,2,4044.5,9,1,4044.3,8,1,4045.9,29,3,4046.0,637,8,4046.1,16,1,4046.3,98,1,4046.4,79,4
11483,2026-07-02 10:41:43+05:30,4045.0,1,4047.47,625605,150670.0,146920.0,4100.0,4110.0,4016.1,4092.6,23643550,4501.8,3683.4,4440.0,3288.1,4045.0,1251,14,4044.9,11,1,4044.6,5,1,4044.5,9,1,4044.1,2,1,4045.4,6,1,4045.5,69,6,4045.6,9,2,4045.7,30,4,4045.8,48,5
11483,2026-07-02 10:41:44+05:30,4045.0,1,4047.47,625605,150670.0,146920.0,4100.0,4110.0,4016.1,4092.6,23643550,4501.8,3683.4,4440.0,3288.1,4045.0,1251,14,4044.9,11,1,4044.6,5,1,4044.5,9,1,4044.1,2,1,4045.4,6,1,4045.5,69,6,4045.6,9,2,4045.7,30,4,4045.8,48,5
11483,2026-07-02 10:41:44+05:30,4045.0,1,4047.47,625606,150658.0,147039.0,4100.0,4110.0,4016.1,4092.6,23643550,4501.8,3683.4,4440.0,3288.1,4045.0,1250,14,4044.9,11,1,4044.6,5,1,4044.5,9,1,4044.1,2,1,4045.3,11,1,4045.4,18,2,4045.5,41,4,4045.6,9,2,4045.7,19,3
11483,2026-07-02 10:41:45+05:30,4043.2,1,4047.47,625606,150658.0,147039.0,4100.0,4110.0,4016.1,4092.6,23643550,4501.8,3683.4,4440.0,3288.1,4045.0,1250,14,4044.9,11,1,4044.6,5,1,4044.5,9,1,4044.1,2,1,4045.3,11,1,4045.4,18,2,4045.5,41,4,4045.6,9,2,4045.7,19,3
11483,2026-07-02 10:41:45+05:30,4043.7,2,4047.47,627106,147474.0,148508.0,4100.0,4110.0,4016.1,4092.6,23643550,4501.8,3683.4,4440.0,3288.1,4043.7,1,1,4043.0,17,3,4042.5,5,1,4042.4,28,2,4042.2,53,2,4044.3,11,1,4044.4,16,3,4044.5,3,1,4044.6,3,1,4044.7,8,2
11483,2026-07-02 10:41:46+05:30,4043.7,3,4047.47,627106,147474.0,148508.0,4100.0,4110.0,4016.1,4092.6,23643550,4501.8,3683.4,4440.0,3288.1,4043.7,1,1,4043.0,17,3,4042.5,5,1,4042.4,28,2,4042.2,53,2,4044.3,11,1,4044.4,16,3,4044.5,3,1,4044.6,3,1,4044.7,8,2
11483,2026-07-02 10:41:46+05:30,4044.7,1,4047.47,627149,147953.0,148487.0,4100.0,4110.0,4016.1,4092.6,23643550,4501.8,3683.4,4440.0,3288.1,4043.0,17,3,4042.7,22,1,4042.6,2,1,4042.5,5,1,4042.4,62,4,4044.6,11,1,4044.7,24,4,4044.8,22,3,4044.9,83,4,4045.0,14,3
11483,2026-07-02 10:41:47+05:30,4042.7,8,4047.47,627149,147953.0,148487.0,4100.0,4110.0,4016.1,4092.6,23643550,4501.8,3683.4,4440.0,3288.1,4043.0,17,3,4042.7,22,1,4042.6,2,1,4042.5,5,1,4042.4,62,4,4044.6,11,1,4044.7,24,4,4044.8,22,3,4044.9,83,4,4045.0,14,3
11483,2026-07-02 10:41:48+05:30,4043.3,3,4047.47,627178,148522.0,148131.0,4100.0,4110.0,4016.1,4092.6,23643550,4501.8,3683.4,4440.0,3288.1,4043.3,40,3,4043.2,50,3,4043.1,83,4,4043.0,33,2,4042.9,49,3,4044.6,11,2,4044.7,11,1,4045.0,11,2,4045.1,9,2,4045.2,27,3
11483,2026-07-02 10:41:48+05:30,4044.6,1,4047.47,627178,148522.0,148131.0,4100.0,4110.0,4016.1,4092.6,23643550,4501.8,3683.4,4440.0,3288.1,4043.3,40,3,4043.2,50,3,4043.1,83,4,4043.0,33,2,4042.9,49,3,4044.6,11,2,4044.7,11,1,4045.0,11,2,4045.1,9,2,4045.2,27,3
11483,2026-07-02 10:41:49+05:30,4045.0,1,4047.47,627201,149081.0,147870.0,4100.0,4110.0,4016.1,4092.6,23643550,4501.8,3683.4,4440.0,3288.1,4043.7,38,3,4043.6,49,2,4043.5,84,5,4043.4,176,8,4043.3,104,6,4045.0,5,1,4045.1,4,1,4045.4,5,1,4045.5,3,1,4045.6,3,1
11483,2026-07-02 10:41:49+05:30,4045.0,1,4047.47,627201,149081.0,147870.0,4100.0,4110.0,4016.1,4092.6,23643550,4501.8,3683.4,4440.0,3288.1,4043.7,38,3,4043.6,49,2,4043.5,84,5,4043.4,176,8,4043.3,104,6,4045.0,5,1,4045.1,4,1,4045.4,5,1,4045.5,3,1,4045.6,3,1
11483,2026-07-02 10:41:50+05:30,4044.9,1,4047.47,627203,148454.0,148172.0,4100.0,4110.0,4016.1,4092.6,23643550,4501.8,3683.4,4440.0,3288.1,4043.3,34,3,4043.2,12,2,4043.1,62,5,4043.0,35,3,4042.9,42,2,4044.9,22,3,4045.0,105,3,4045.1,4,1,4045.2,6,1,4045.3,12,1
11483,2026-07-02 10:41:50+05:30,4043.3,1,4047.47,627203,148454.0,148172.0,4100.0,4110.0,4016.1,4092.6,23643550,4501.8,3683.4,4440.0,3288.1,4043.3,34,3,4043.2,12,2,4043.1,62,5,4043.0,35,3,4042.9,42,2,4044.9,22,3,4045.0,105,3,4045.1,4,1,4045.2,6,1,4045.3,12,1
11483,2026-07-02 10:41:51+05:30,4043.3,1,4047.47,627204,148717.0,148267.0,4100.0,4110.0,4016.1,4092.6,23643550,4501.8,3683.4,4440.0,3288.1,4043.3,42,4,4043.2,12,2,4043.1,38,4,4043.0,33,2,4042.9,42,2,4044.9,24,3,4045.0,135,4,4045.1,4,1,4045.2,12,1,4045.3,38,1
11483,2026-07-02 10:41:51+05:30,4045.0,93,4047.47,627204,148717.0,148267.0,4100.0,4110.0,4016.1,4092.6,23643550,4501.8,3683.4,4440.0,3288.1,4043.3,42,4,4043.2,12,2,4043.1,38,4,4043.0,33,2,4042.9,42,2,4044.9,24,3,4045.0,135,4,4045.1,4,1,4045.2,12,1,4045.3,38,1
11483,2026-07-02 10:41:52+05:30,4045.0,1,4047.47,627569,148090.0,147767.0,4100.0,4110.0,4016.1,4092.6,23643550,4501.8,3683.4,4440.0,3288.1,4043.4,9,1,4043.3,20,2,4043.2,10,1,4043.1,18,2,4043.0,22,1,4045.0,7,1,4045.1,35,3,4045.2,76,2,4045.3,4,1,4045.5,17,3
11483,2026-07-02 10:41:52+05:30,4045.0,1,4047.47,627569,148090.0,147767.0,4100.0,4110.0,4016.1,4092.6,23643550,4501.8,3683.4,4440.0,3288.1,4043.4,9,1,4043.3,20,2,4043.2,10,1,4043.1,18,2,4043.0,22,1,4045.0,7,1,4045.1,35,3,4045.2,76,2,4045.3,4,1,4045.5,17,3
11483,2026-07-02 10:41:53+05:30,4045.0,1,4047.47,627570,148245.0,147862.0,4100.0,4110.0,4016.1,4092.6,23643550,4501.8,3683.4,4440.0,3288.1,4043.4,9,1,4043.3,20,2,4043.2,10,1,4043.1,18,2,4043.0,22,1,4045.0,25,3,4045.1,35,3,4045.2,38,1,4045.3,4,1,4045.4,2,1
11483,2026-07-02 10:41:53+05:30,4045.1,4,4047.47,627570,148245.0,147862.0,4100.0,4110.0,4016.1,4092.6,23643550,4501.8,3683.4,4440.0,3288.1,4043.4,9,1,4043.3,20,2,4043.2,10,1,4043.1,18,2,4043.0,22,1,4045.0,25,3,4045.1,35,3,4045.2,38,1,4045.3,4,1,4045.4,2,1
11483,2026-07-02 10:41:54+05:30,4045.1,1,4047.47,627622,148298.0,147944.0,4100.0,4110.0,4016.1,4092.6,23643550,4501.8,3683.4,4440.0,3288.1,4043.5,1,1,4043.4,9,1,4043.3,20,2,4043.2,10,1,4043.1,18,2,4045.1,9,1,4045.2,65,4,4045.3,10,2,4045.4,50,2,4045.5,63,3
11483,2026-07-02 10:41:54+05:30,4045.0,50,4047.47,627622,148298.0,147944.0,4100.0,4110.0,4016.1,4092.6,23643550,4501.8,3683.4,4440.0,3288.1,4043.5,1,1,4043.4,9,1,4043.3,20,2,4043.2,10,1,4043.1,18,2,4045.1,9,1,4045.2,65,4,4045.3,10,2,4045.4,50,2,4045.5,63,3
11483,2026-07-02 10:41:55+05:30,4045.1,1,4047.47,627773,148191.0,147763.0,4100.0,4110.0,4016.1,4092.6,23643550,4501.8,3683.4,4440.0,3288.1,4043.5,1,1,4043.3,11,1,4043.2,30,1,4043.1,40,3,4043.0,13,1,4045.1,9,2,4045.2,27,3,4045.3,38,1,4045.4,2,1,4045.5,20,3
11483,2026-07-02 10:41:55+05:30,4045.1,1,4047.47,627773,148191.0,147763.0,4100.0,4110.0,4016.1,4092.6,23643550,4501.8,3683.4,4440.0,3288.1,4043.5,1,1,4043.3,11,1,4043.2,30,1,4043.1,40,3,4043.0,13,1,4045.1,9,2,4045.2,27,3,4045.3,38,1,4045.4,2,1,4045.5,20,3
11483,2026-07-02 10:41:56+05:30,4044.0,1,4047.47,627774,147707.0,149288.0,4100.0,4110.0,4016.1,4092.6,23643550,4501.8,3683.4,4440.0,3288.1,4043.6,9,1,4043.5,29,3,4043.3,11,1,4043.1,10,1,4042.9,36,1,4044.0,19,1,4045.0,200,1,4045.1,40,3,4045.2,58,4,4045.3,2,1
11483,2026-07-02 10:41:56+05:30,4044.0,1,4047.47,627774,147707.0,149288.0,4100.0,4110.0,4016.1,4092.6,23643550,4501.8,3683.4,4440.0,3288.1,4043.6,9,1,4043.5,29,3,4043.3,11,1,4043.1,10,1,4042.9,36,1,4044.0,19,1,4045.0,200,1,4045.1,40,3,4045.2,58,4,4045.3,2,1
11483,2026-07-02 10:41:57+05:30,4044.0,1,4047.47,627776,147853.0,149351.0,4100.0,4110.0,4016.1,4092.6,23643550,4501.8,3683.4,4440.0,3288.1,4043.7,60,1,4043.6,9,1,4043.5,29,3,4043.3,11,1,4043.1,10,1,4044.0,18,2,4045.0,200,1,4045.1,39,2,4045.2,58,4,4045.3,2,1
11483,2026-07-02 10:41:57+05:30,4044.0,1,4047.47,627776,147853.0,149351.0,4100.0,4110.0,4016.1,4092.6,23643550,4501.8,3683.4,4440.0,3288.1,4043.7,60,1,4043.6,9,1,4043.5,29,3,4043.3,11,1,4043.1,10,1,4044.0,18,2,4045.0,200,1,4045.1,39,2,4045.2,58,4,4045.3,2,1
11483,2026-07-02 10:41:58+05:30,4044.0,1,4047.47,627803,147839.0,149312.0,4100.0,4110.0,4016.1,4092.6,23643550,4501.8,3683.4,4440.0,3288.1,4043.7,50,1,4043.5,20,2,4043.3,11,1,4043.1,10,1,4042.9,56,2,4044.0,2,2,4044.9,12,1,4045.0,200,1,4045.1,39,2,4045.2,96,5
11483,2026-07-02 10:41:58+05:30,4044.0,1,4047.47,627803,147839.0,149312.0,4100.0,4110.0,4016.1,4092.6,23643550,4501.8,3683.4,4440.0,3288.1,4043.7,50,1,4043.5,20,2,4043.3,11,1,4043.1,10,1,4042.9,56,2,4044.0,2,2,4044.9,12,1,4045.0,200,1,4045.1,39,2,4045.2,96,5
11483,2026-07-02 10:41:59+05:30,4044.0,1,4047.47,627804,147909.0,149389.0,4100.0,4110.0,4016.1,4092.6,23643550,4501.8,3683.4,4440.0,3288.1,4043.7,50,1,4043.5,20,2,4043.3,11,1,4043.1,10,1,4042.9,56,2,4044.0,1,1,4045.0,200,1,4045.1,39,2,4045.2,96,5,4045.3,2,1
11483,2026-07-02 10:41:59+05:30,4044.0,1,4047.47,627804,147909.0,149389.0,4100.0,4110.0,4016.1,4092.6,23643550,4501.8,3683.4,4440.0,3288.1,4043.7,50,1,4043.5,20,2,4043.3,11,1,4043.1,10,1,4042.9,56,2,4044.0,1,1,4045.0,200,1,4045.1,39,2,4045.2,96,5,4045.3,2,1
11483,2026-07-02 10:42:00+05:30,4044.6,1,4047.47,627804,147909.0,149389.0,4100.0,4110.0,4016.1,4092.6,23643550,4501.8,3683.4,4440.0,3288.1,4043.7,50,1,4043.5,20,2,4043.3,11,1,4043.1,10,1,4042.9,56,2,4044.0,1,1,4045.0,200,1,4045.1,39,2,4045.2,96,5,4045.3,2,1
11483,2026-07-02 10:42:00+05:30,4044.6,1,4047.46,627837,147837.0,148811.0,4100.0,4110.0,4016.1,4092.6,23643550,4501.8,3683.4,4440.0,3288.1,4044.6,43,1,4043.7,25,1,4043.6,6,1,4043.5,1,1,4043.3,11,1,4044.9,10,1,4045.0,200,1,4045.1,12,1,4045.2,20,1,4045.4,21,1
11483,2026-07-02 10:42:01+05:30,4044.9,1,4047.46,627837,147837.0,148811.0,4100.0,4110.0,4016.1,4092.6,23643550,4501.8,3683.4,4440.0,3288.1,4044.6,43,1,4043.7,25,1,4043.6,6,1,4043.5,1,1,4043.3,11,1,4044.9,10,1,4045.0,200,1,4045.1,12,1,4045.2,20,1,4045.4,21,1
11483,2026-07-02 10:42:01+05:30,4044.9,1,4047.46,627847,147826.0,148747.0,4100.0,4110.0,4016.1,4092.6,23643550,4501.8,3683.4,4440.0,3288.1,4044.6,41,1,4043.7,25,1,4043.6,6,1,4043.5,1,1,4043.3,11,1,4044.9,3,2,4045.0,200,1,4045.1,12,1,4045.2,20,1,4045.3,10,1
11483,2026-07-02 10:42:02+05:30,4043.5,1,4047.46,627847,147826.0,148747.0,4100.0,4110.0,4016.1,4092.6,23643550,4501.8,3683.4,4440.0,3288.1,4044.6,41,1,4043.7,25,1,4043.6,6,1,4043.5,1,1,4043.3,11,1,4044.9,3,2,4045.0,200,1,4045.1,12,1,4045.2,20,1,4045.3,10,1
11483,2026-07-02 10:42:02+05:30,4043.5,1,4047.46,627925,146114.0,150363.0,4100.0,4110.0,4016.1,4092.6,23643550,4501.8,3683.4,4440.0,3288.1,4042.8,11,1,4042.7,83,4,4042.6,24,3,4042.5,53,5,4042.3,2,1,4044.2,11,1,4044.5,175,1,4044.6,5,1,4044.9,80,5,4045.0,205,2
11483,2026-07-02 10:42:03+05:30,4044.4,1,4047.46,627925,146114.0,150363.0,4100.0,4110.0,4016.1,4092.6,23643550,4501.8,3683.4,4440.0,3288.1,4042.8,11,1,4042.7,83,4,4042.6,24,3,4042.5,53,5,4042.3,2,1,4044.2,11,1,4044.5,175,1,4044.6,5,1,4044.9,80,5,4045.0,205,2
11483,2026-07-02 10:42:03+05:30,4044.4,1,4047.46,627926,146957.0,150131.0,4100.0,4110.0,4016.1,4092.6,23643550,4501.8,3683.4,4440.0,3288.1,4044.0,10,1,4042.9,20,1,4042.8,3,1,4042.7,28,2,4042.6,14,2,4044.4,10,1,4044.5,187,2,4044.6,5,1,4044.9,39,3,4045.0,219,3
11483,2026-07-02 10:42:04+05:30,4044.4,5,4047.46,627926,146957.0,150131.0,4100.0,4110.0,4016.1,4092.6,23643550,4501.8,3683.4,4440.0,3288.1,4044.0,10,1,4042.9,20,1,4042.8,3,1,4042.7,28,2,4042.6,14,2,4044.4,10,1,4044.5,187,2,4044.6,5,1,4044.9,39,3,4045.0,219,3
11483,2026-07-02 10:42:04+05:30,4044.4,5,4047.46,627931,146929.0,150327.0,4100.0,4110.0,4016.1,4092.6,23643550,4501.8,3683.4,4440.0,3288.1,4044.1,3,1,4044.0,10,1,4042.9,20,1,4042.8,3,1,4042.7,17,1,4044.4,17,4,4044.5,175,1,4044.9,70,6,4045.0,205,2,4045.2,115,6
11483,2026-07-02 10:42:05+05:30,4044.4,5,4047.46,627931,146937.0,150327.0,4100.0,4110.0,4016.1,4092.6,23643550,4501.8,3683.4,4440.0,3288.1,4044.1,3,1,4044.0,10,1,4043.3,10,1,4042.9,20,1,4042.7,17,1,4044.3,28,4,4044.4,12,3,4044.5,175,1,4044.6,21,3,4044.8,2,1
11483,2026-07-02 10:42:06+05:30,4044.3,8,4047.46,627931,146937.0,150327.0,4100.0,4110.0,4016.1,4092.6,23643550,4501.8,3683.4,4440.0,3288.1,4044.1,3,1,4044.0,10,1,4043.3,10,1,4042.9,20,1,4042.7,17,1,4044.3,28,4,4044.4,12,3,4044.5,175,1,4044.6,21,3,4044.8,2,1
11483,2026-07-02 10:42:06+05:30,4044.3,8,4047.46,627939,146952.0,150372.0,4100.0,4110.0,4016.1,4092.6,23643550,4501.8,3683.4,4440.0,3288.1,4044.1,3,1,4044.0,10,1,4043.3,10,1,4042.9,20,1,4042.7,17,1,4044.3,20,4,4044.4,2,1,4044.5,175,1,4044.6,28,4,4044.7,9,1
11483,2026-07-02 10:42:07+05:30,4044.4,2,4047.46,627939,146952.0,150372.0,4100.0,4110.0,4016.1,4092.6,23643550,4501.8,3683.4,4440.0,3288.1,4044.1,3,1,4044.0,10,1,4043.3,10,1,4042.9,20,1,4042.7,17,1,4044.3,20,4,4044.4,2,1,4044.5,175,1,4044.6,28,4,4044.7,9,1
11483,2026-07-02 10:42:07+05:30,4044.4,2,4047.46,627962,146871.0,150318.0,4100.0,4110.0,4016.1,4092.6,23643550,4501.8,3683.4,4440.0,3288.1,4044.3,2,1,4044.0,10,1,4043.3,10,1,4042.9,20,1,4042.7,17,1,4044.4,24,3,4044.5,175,1,4044.6,9,2,4044.7,9,1,4044.9,65,5
11483,2026-07-02 10:42:08+05:30,4044.3,1,4047.46,627962,146871.0,150318.0,4100.0,4110.0,4016.1,4092.6,23643550,4501.8,3683.4,4440.0,3288.1,4044.3,2,1,4044.0,10,1,4043.3,10,1,4042.9,20,1,4042.7,17,1,4044.4,24,3,4044.5,175,1,4044.6,9,2,4044.7,9,1,4044.9,65,5
11483,2026-07-02 10:42:08+05:30,4044.4,1,4047.46,627964,146637.0,150332.0,4100.0,4110.0,4016.1,4092.6,23643550,4501.8,3683.4,4440.0,3288.1,4044.3,1,1,4044.0,11,2,4043.3,10,1,4042.9,20,1,4042.7,17,1,4044.4,1,1,4044.5,177,2,4044.6,43,5,4044.9,74,6,4045.0,205,2
11483,2026-07-02 10:42:09+05:30,4044.3,1,4047.46,627964,146637.0,150332.0,4100.0,4110.0,4016.1,4092.6,23643550,4501.8,3683.4,4440.0,3288.1,4044.3,1,1,4044.0,11,2,4043.3,10,1,4042.9,20,1,4042.7,17,1,4044.4,1,1,4044.5,177,2,4044.6,43,5,4044.9,74,6,4045.0,205,2
11483,2026-07-02 10:42:09+05:30,4042.9,20,4047.46,628017,146798.0,150722.0,4100.0,4110.0,4016.1,4092.6,23643550,4501.8,3683.4,4440.0,3288.1,4043.4,3,1,4043.3,3,1,4043.2,13,2,4043.1,13,2,4043.0,13,2,4044.0,100,1,4044.4,1,1,4044.5,174,1,4044.8,4,2,4044.9,20,2
11483,2026-07-02 10:42:10+05:30,4043.3,1,4047.46,628017,146798.0,150722.0,4100.0,4110.0,4016.1,4092.6,23643550,4501.8,3683.4,4440.0,3288.1,4043.4,3,1,4043.3,3,1,4043.2,13,2,4043.1,13,2,4043.0,13,2,4044.0,100,1,4044.4,1,1,4044.5,174,1,4044.8,4,2,4044.9,20,2
11483,2026-07-02 10:42:10+05:30,4044.3,1,4047.46,628120,148046.0,147470.0,4100.0,4110.0,4016.1,4092.6,23643550,4501.8,3683.4,4440.0,3288.1,4044.1,79,5,4044.0,12,2,4043.9,10,1,4043.8,36,5,4043.7,56,4,4044.4,1,1,4044.5,174,1,4045.0,245,4,4045.5,20,1,4045.8,62,2
11483,2026-07-02 10:42:11+05:30,4044.1,1,4047.46,628120,148046.0,147470.0,4100.0,4110.0,4016.1,4092.6,23643550,4501.8,3683.4,4440.0,3288.1,4044.1,79,5,4044.0,12,2,4043.9,10,1,4043.8,36,5,4043.7,56,4,4044.4,1,1,4044.5,174,1,4045.0,245,4,4045.5,20,1,4045.8,62,2
11483,2026-07-02 10:42:11+05:30,4044.1,1,4047.46,628121,148100.0,148036.0,4100.0,4110.0,4016.1,4092.6,23643550,4501.8,3683.4,4440.0,3288.1,4044.1,56,3,4044.0,12,1,4043.8,20,3,4043.7,31,3,4043.6,22,2,4044.4,1,1,4044.5,174,1,4045.0,245,4,4045.5,20,1,4045.7,25,1
11483,2026-07-02 10:42:12+05:30,4044.1,1,4047.46,628121,148100.0,148036.0,4100.0,4110.0,4016.1,4092.6,23643550,4501.8,3683.4,4440.0,3288.1,4044.1,56,3,4044.0,12,1,4043.8,20,3,4043.7,31,3,4043.6,22,2,4044.4,1,1,4044.5,174,1,4045.0,245,4,4045.5,20,1,4045.7,25,1
11483,2026-07-02 10:42:12+05:30,4044.1,1,4047.46,628122,148140.0,148077.0,4100.0,4110.0,4016.1,4092.6,23643550,4501.8,3683.4,4440.0,3288.1,4044.1,55,3,4044.0,30,1,4043.8,8,1,4043.7,10,1,4043.6,10,1,4044.4,1,1,4044.5,174,1,4045.0,245,4,4045.5,20,1,4045.7,25,1
11483,2026-07-02 10:42:13+05:30,4044.1,1,4047.46,628122,148140.0,148077.0,4100.0,4110.0,4016.1,4092.6,23643550,4501.8,3683.4,4440.0,3288.1,4044.1,55,3,4044.0,30,1,4043.8,8,1,4043.7,10,1,4043.6,10,1,4044.4,1,1,4044.5,174,1,4045.0,245,4,4045.5,20,1,4045.7,25,1
11483,2026-07-02 10:42:14+05:30,4044.5,9,4047.46,628133,148143.0,147996.0,4100.0,4110.0,4016.1,4092.6,23643550,4501.8,3683.4,4440.0,3288.1,4044.1,54,3,4044.0,30,1,4043.8,8,1,4043.6,10,1,4043.5,85,5,4044.5,165,1,4045.0,257,5,4045.5,20,1,4045.7,47,2,4045.8,64,3
11483,2026-07-02 10:42:14+05:30,4044.0,25,4047.46,628133,148143.0,147996.0,4100.0,4110.0,4016.1,4092.6,23643550,4501.8,3683.4,4440.0,3288.1,4044.1,54,3,4044.0,30,1,4043.8,8,1,4043.6,10,1,4043.5,85,5,4044.5,165,1,4045.0,257,5,4045.5,20,1,4045.7,47,2,4045.8,64,3
11483,2026-07-02 10:42:15+05:30,4044.0,25,4047.46,628310,148135.0,148242.0,4100.0,4110.0,4016.1,4092.6,23643550,4501.8,3683.4,4440.0,3288.1,4044.0,5,1,4043.8,8,1,4043.5,72,4,4043.4,158,8,4043.3,69,4,4044.5,43,2,4045.0,332,6,4045.5,20,1,4045.7,49,3,4045.8,67,3
11483,2026-07-02 10:42:15+05:30,4044.0,1,4047.46,628310,148135.0,148242.0,4100.0,4110.0,4016.1,4092.6,23643550,4501.8,3683.4,4440.0,3288.1,4044.0,5,1,4043.8,8,1,4043.5,72,4,4043.4,158,8,4043.3,69,4,4044.5,43,2,4045.0,332,6,4045.5,20,1,4045.7,49,3,4045.8,67,3
11483,2026-07-02 10:42:15+05:30,4044.5,3,4047.46,628316,148154.0,148270.0,4100.0,4110.0,4016.1,4092.6,23643550,4501.8,3683.4,4440.0,3288.1,4044.0,4,1,4043.6,17,1,4043.5,60,3,4043.4,98,5,4043.3,94,5,4044.5,38,2,4045.0,582,7,4045.5,20,1,4045.6,2,1,4045.7,47,2
11483,2026-07-02 10:42:16+05:30,4044.5,1,4047.46,628316,148154.0,148270.0,4100.0,4110.0,4016.1,4092.6,23643550,4501.8,3683.4,4440.0,3288.1,4044.0,4,1,4043.6,17,1,4043.5,60,3,4043.4,98,5,4043.3,94,5,4044.5,38,2,4045.0,582,7,4045.5,20,1,4045.6,2,1,4045.7,47,2
11483,2026-07-02 10:42:17+05:30,4043.4,2,4047.46,628351,147593.0,148703.0,4100.0,4110.0,4016.1,4092.6,23643550,4501.8,3683.4,4440.0,3288.1,4043.2,71,3,4043.1,3,1,4043.0,51,3,4042.9,47,3,4042.8,25,2,4044.5,4,1,4045.0,607,8,4045.1,28,1,4045.2,12,1,4045.3,19,1
11483,2026-07-02 10:42:17+05:30,4043.2,1,4047.46,628351,147593.0,148703.0,4100.0,4110.0,4016.1,4092.6,23643550,4501.8,3683.4,4440.0,3288.1,4043.2,71,3,4043.1,3,1,4043.0,51,3,4042.9,47,3,4042.8,25,2,4044.5,4,1,4045.0,607,8,4045.1,28,1,4045.2,12,1,4045.3,19,1
11483,2026-07-02 10:42:18+05:30,4043.2,1,4047.46,628352,147731.0,148612.0,4100.0,4110.0,4016.1,4092.6,23643550,4501.8,3683.4,4440.0,3288.1,4043.2,103,6,4043.1,32,1,4043.0,76,4,4042.9,47,3,4042.8,80,4,4044.5,4,1,4045.0,582,7,4045.1,28,1,4045.2,12,1,4045.3,19,1
11483,2026-07-02 10:42:18+05:30,4045.0,18,4047.46,628352,147731.0,148612.0,4100.0,4110.0,4016.1,4092.6,23643550,4501.8,3683.4,4440.0,3288.1,4043.2,103,6,4043.1,32,1,4043.0,76,4,4042.9,47,3,4042.8,80,4,4044.5,4,1,4045.0,582,7,4045.1,28,1,4045.2,12,1,4045.3,19,1
11483,2026-07-02 10:42:19+05:30,4045.0,1,4047.46,628382,147885.0,148451.0,4100.0,4110.0,4016.1,4092.6,23643550,4501.8,3683.4,4440.0,3288.1,4043.5,77,4,4043.4,33,3,4043.3,3,1,4043.2,106,6,4043.1,21,1,4045.0,572,8,4045.1,28,1,4045.3,19,1,4045.4,2,1,4045.5,33,2
11483,2026-07-02 10:42:19+05:30,4045.0,2,4047.46,628382,147885.0,148451.0,4100.0,4110.0,4016.1,4092.6,23643550,4501.8,3683.4,4440.0,3288.1,4043.5,77,4,4043.4,33,3,4043.3,3,1,4043.2,106,6,4043.1,21,1,4045.0,572,8,4045.1,28,1,4045.3,19,1,4045.4,2,1,4045.5,33,2
11483,2026-07-02 10:42:20+05:30,4045.0,2,4047.46,628391,147813.0,148544.0,4100.0,4110.0,4016.1,4092.6,23643550,4501.8,3683.4,4440.0,3288.1,4043.5,29,2,4043.4,3,1,4043.3,3,1,4043.2,97,5,4043.0,62,3,4045.0,584,9,4045.1,28,1,4045.2,38,1,4045.3,44,2,4045.4,41,4
11483,2026-07-02 10:42:20+05:30,4043.2,1,4047.46,628391,147813.0,148544.0,4100.0,4110.0,4016.1,4092.6,23643550,4501.8,3683.4,4440.0,3288.1,4043.5,29,2,4043.4,3,1,4043.3,3,1,4043.2,97,5,4043.0,62,3,4045.0,584,9,4045.1,28,1,4045.2,38,1,4045.3,44,2,4045.4,41,4
11483,2026-07-02 10:42:21+05:30,4044.8,1,4047.46,628400,147270.0,148843.0,4100.0,4110.0,4016.1,4092.6,23643550,4501.8,3683.4,4440.0,3288.1,4043.5,96,1,4043.0,10,1,4042.8,70,2,4042.7,32,3,4042.6,56,3,4044.8,3,2,4044.9,3,1,4045.0,604,11,4045.1,69,4,4045.3,24,2
11483,2026-07-02 10:42:21+05:30,4043.5,1,4047.46,628400,147270.0,148843.0,4100.0,4110.0,4016.1,4092.6,23643550,4501.8,3683.4,4440.0,3288.1,4043.5,96,1,4043.0,10,1,4042.8,70,2,4042.7,32,3,4042.6,56,3,4044.8,3,2,4044.9,3,1,4045.0,604,11,4045.1,69,4,4045.3,24,2
11483,2026-07-02 10:42:22+05:30,4044.6,4,4047.46,628502,146481.0,148495.0,4100.0,4110.0,4016.1,4092.6,23643550,4501.8,3683.4,4440.0,3288.1,4043.5,94,1,4043.0,10,1,4042.7,17,1,4042.5,61,4,4042.4,61,2,4044.5,44,3,4044.6,11,2,4044.7,7,2,4044.8,26,6,4044.9,63,3
11483,2026-07-02 10:42:22+05:30,4043.5,1,4047.46,628502,146481.0,148495.0,4100.0,4110.0,4016.1,4092.6,23643550,4501.8,3683.4,4440.0,3288.1,4043.5,94,1,4043.0,10,1,4042.7,17,1,4042.5,61,4,4042.4,61,2,4044.5,44,3,4044.6,11,2,4044.7,7,2,4044.8,26,6,4044.9,63,3
11483,2026-07-02 10:42:23+05:30,4044.3,7,4047.46,628513,146488.0,148538.0,4100.0,4110.0,4016.1,4092.6,23643550,4501.8,3683.4,4440.0,3288.1,4043.5,93,1,4043.0,10,1,4042.7,17,1,4042.5,39,3,4042.4,34,2,4044.4,3,1,4044.5,49,3,4044.6,3,1,4044.7,9,3,4044.8,23,4
11483,2026-07-02 10:42:23+05:30,4044.3,7,4047.46,628513,146488.0,148538.0,4100.0,4110.0,4016.1,4092.6,23643550,4501.8,3683.4,4440.0,3288.1,4043.5,93,1,4043.0,10,1,4042.7,17,1,4042.5,39,3,4042.4,34,2,4044.4,3,1,4044.5,49,3,4044.6,3,1,4044.7,9,3,4044.8,23,4
11483,2026-07-02 10:42:23+05:30,4044.3,7,4047.46,628513,146488.0,148538.0,4100.0,4110.0,4016.1,4092.6,23643550,4501.8,3683.4,4440.0,3288.1,4043.5,93,1,4043.0,10,1,4042.7,17,1,4042.5,39,3,4042.4,34,2,4044.4,3,1,4044.5,49,3,4044.6,3,1,4044.7,9,3,4044.8,23,4
11483,2026-07-02 10:42:24+05:30,4044.3,7,4047.46,628513,146488.0,148538.0,4100.0,4110.0,4016.1,4092.6,23643550,4501.8,3683.4,4440.0,3288.1,4043.5,93,1,4043.0,10,1,4042.7,17,1,4042.5,39,3,4042.4,34,2,4044.4,3,1,4044.5,49,3,4044.6,3,1,4044.7,9,3,4044.8,23,4
11483,2026-07-02 10:42:24+05:30,4044.4,1,4047.46,628515,147402.0,148018.0,4100.0,4110.0,4016.1,4092.6,23643550,4501.8,3683.4,4440.0,3288.1,4043.5,93,1,4043.0,10,1,4042.7,29,2,4042.6,2,1,4042.5,68,4,4044.8,3,1,4044.9,3,1,4045.0,600,11,4045.1,12,1,4045.2,40,2
11483,2026-07-02 10:42:24+05:30,4044.4,1,4047.46,628515,147402.0,148018.0,4100.0,4110.0,4016.1,4092.6,23643550,4501.8,3683.4,4440.0,3288.1,4043.5,93,1,4043.0,10,1,4042.7,29,2,4042.6,2,1,4042.5,68,4,4044.8,3,1,4044.9,3,1,4045.0,600,11,4045.1,12,1,4045.2,40,2
11483,2026-07-02 10:42:24+05:30,4044.4,1,4047.46,628515,147402.0,148018.0,4100.0,4110.0,4016.1,4092.6,23643550,4501.8,3683.4,4440.0,3288.1,4043.5,93,1,4043.0,10,1,4042.7,29,2,4042.6,2,1,4042.5,68,4,4044.8,3,1,4044.9,3,1,4045.0,600,11,4045.1,12,1,4045.2,40,2
11483,2026-07-02 10:42:25+05:30,4044.4,1,4047.46,628515,147402.0,148018.0,4100.0,4110.0,4016.1,4092.6,23643550,4501.8,3683.4,4440.0,3288.1,4043.5,93,1,4043.0,10,1,4042.7,29,2,4042.6,2,1,4042.5,68,4,4044.8,3,1,4044.9,3,1,4045.0,600,11,4045.1,12,1,4045.2,40,2
11483,2026-07-02 10:42:25+05:30,4045.0,21,4047.46,628730,147556.0,147869.0,4100.0,4110.0,4016.1,4092.6,23643550,4501.8,3683.4,4440.0,3288.1,4043.5,93,1,4043.0,10,1,4042.7,45,3,4042.5,70,5,4042.4,34,2,4045.0,408,10,4045.1,61,2,4045.2,6,1,4045.3,41,2,4045.4,35,3
11483,2026-07-02 10:42:25+05:30,4045.0,21,4047.46,628730,147556.0,147869.0,4100.0,4110.0,4016.1,4092.6,23643550,4501.8,3683.4,4440.0,3288.1,4043.5,93,1,4043.0,10,1,4042.7,45,3,4042.5,70,5,4042.4,34,2,4045.0,408,10,4045.1,61,2,4045.2,6,1,4045.3,41,2,4045.4,35,3
11483,2026-07-02 10:42:25+05:30,4045.0,21,4047.46,628730,147556.0,147869.0,4100.0,4110.0,4016.1,4092.6,23643550,4501.8,3683.4,4440.0,3288.1,4043.5,93,1,4043.0,10,1,4042.7,45,3,4042.5,70,5,4042.4,34,2,4045.0,408,10,4045.1,61,2,4045.2,6,1,4045.3,41,2,4045.4,35,3
11483,2026-07-02 10:42:26+05:30,4045.0,21,4047.46,628730,147556.0,147869.0,4100.0,4110.0,4016.1,4092.6,23643550,4501.8,3683.4,4440.0,3288.1,4043.5,93,1,4043.0,10,1,4042.7,45,3,4042.5,70,5,4042.4,34,2,4045.0,408,10,4045.1,61,2,4045.2,6,1,4045.3,41,2,4045.4,35,3
11483,2026-07-02 10:42:26+05:30,4045.0,3,4047.46,628747,147770.0,147712.0,4100.0,4110.0,4016.1,4092.6,23643550,4501.8,3683.4,4440.0,3288.1,4043.5,269,2,4043.4,38,1,4043.3,10,1,4043.2,5,1,4043.1,45,3,4045.0,389,8,4045.5,22,2,4045.6,8,1,4045.7,50,2,4045.8,103,4
11483,2026-07-02 10:42:26+05:30,4043.5,80,4047.46,628747,147770.0,147712.0,4100.0,4110.0,4016.1,4092.6,23643550,4501.8,3683.4,4440.0,3288.1,4043.5,269,2,4043.4,38,1,4043.3,10,1,4043.2,5,1,4043.1,45,3,4045.0,389,8,4045.5,22,2,4045.6,8,1,4045.7,50,2,4045.8,103,4
11483,2026-07-02 10:42:26+05:30,4043.5,80,4047.46,628747,147770.0,147712.0,4100.0,4110.0,4016.1,4092.6,23643550,4501.8,3683.4,4440.0,3288.1,4043.5,269,2,4043.4,38,1,4043.3,10,1,4043.2,5,1,4043.1,45,3,4045.0,389,8,4045.5,22,2,4045.6,8,1,4045.7,50,2,4045.8,103,4
11483,2026-07-02 10:42:27+05:30,4043.5,80,4047.46,628747,147770.0,147712.0,4100.0,4110.0,4016.1,4092.6,23643550,4501.8,3683.4,4440.0,3288.1,4043.5,269,2,4043.4,38,1,4043.3,10,1,4043.2,5,1,4043.1,45,3,4045.0,389,8,4045.5,22,2,4045.6,8,1,4045.7,50,2,4045.8,103,4
11483,2026-07-02 10:42:27+05:30,4043.5,80,4047.46,628827,147882.0,147855.0,4100.0,4110.0,4016.1,4092.6,23643550,4501.8,3683.4,4440.0,3288.1,4043.5,189,2,4043.3,10,1,4043.1,28,1,4043.0,22,2,4042.9,29,1,4045.0,389,8,4045.2,12,2,4045.3,38,1,4045.4,38,3,4045.5,20,1
11483,2026-07-02 10:42:27+05:30,4043.5,80,4047.46,628827,147882.0,147855.0,4100.0,4110.0,4016.1,4092.6,23649150,4501.8,3683.4,4440.0,3288.1,4043.5,189,2,4043.3,10,1,4043.1,28,1,4043.0,22,2,4042.9,29,1,4045.0,389,8,4045.2,12,2,4045.3,38,1,4045.4,38,3,4045.5,20,1
11483,2026-07-02 10:42:28+05:30,4043.5,80,4047.46,628827,147882.0,147855.0,4100.0,4110.0,4016.1,4092.6,23649150,4501.8,3683.4,4440.0,3288.1,4043.5,189,2,4043.3,10,1,4043.1,28,1,4043.0,22,2,4042.9,29,1,4045.0,389,8,4045.2,12,2,4045.3,38,1,4045.4,38,3,4045.5,20,1
11483,2026-07-02 10:42:28+05:30,4045.0,13,4047.46,628849,148057.0,147911.0,4100.0,4110.0,4016.1,4092.6,23649150,4501.8,3683.4,4440.0,3288.1,4043.5,189,2,4043.3,10,1,4043.0,22,2,4042.9,23,1,4042.8,34,2,4045.0,367,7,4045.2,2,1,4045.3,40,2,4045.4,38,3,4045.5,43,2
11483,2026-07-02 10:42:28+05:30,4045.0,13,4047.46,628849,148057.0,147911.0,4100.0,4110.0,4016.1,4092.6,23649150,4501.8,3683.4,4440.0,3288.1,4043.5,189,2,4043.3,10,1,4043.0,22,2,4042.9,23,1,4042.8,34,2,4045.0,367,7,4045.2,2,1,4045.3,40,2,4045.4,38,3,4045.5,43,2
11483,2026-07-02 10:42:28+05:30,4045.0,13,4047.46,628849,148057.0,147911.0,4100.0,4110.0,4016.1,4092.6,23649150,4501.8,3683.4,4440.0,3288.1,4043.5,189,2,4043.3,10,1,4043.0,22,2,4042.9,23,1,4042.8,34,2,4045.0,367,7,4045.2,2,1,4045.3,40,2,4045.4,38,3,4045.5,43,2
11483,2026-07-02 10:42:29+05:30,4045.0,13,4047.46,628849,148057.0,147911.0,4100.0,4110.0,4016.1,4092.6,23649150,4501.8,3683.4,4440.0,3288.1,4043.5,189,2,4043.3,10,1,4043.0,22,2,4042.9,23,1,4042.8,34,2,4045.0,367,7,4045.2,2,1,4045.3,40,2,4045.4,38,3,4045.5,43,2
11483,2026-07-02 10:42:29+05:30,4045.0,10,4047.46,628849,148057.0,147911.0,4100.0,4110.0,4016.1,4092.6,23649150,4501.8,3683.4,4440.0,3288.1,4043.5,189,2,4043.3,10,1,4043.0,22,2,4042.9,23,1,4042.8,34,2,4045.0,367,7,4045.2,2,1,4045.3,40,2,4045.4,38,3,4045.5,43,2
11483,2026-07-02 10:42:29+05:30,4045.0,10,4047.46,628859,148047.0,147910.0,4100.0,4110.0,4016.1,4092.6,23649150,4501.8,3683.4,4440.0,3288.1,4043.5,189,2,4043.3,10,1,4043.0,22,2,4042.9,23,1,4042.8,34,2,4045.0,357,7,4045.2,2,1,4045.3,40,2,4045.4,38,3,4045.5,43,2
11483,2026-07-02 10:42:30+05:30,4045.0,20,4047.46,628859,148047.0,147910.0,4100.0,4110.0,4016.1,4092.6,23649150,4501.8,3683.4,4440.0,3288.1,4043.5,189,2,4043.3,10,1,4043.0,22,2,4042.9,23,1,4042.8,34,2,4045.0,357,7,4045.2,2,1,4045.3,40,2,4045.4,38,3,4045.5,43,2
11483,2026-07-02 10:42:30+05:30,4045.0,20,4047.46,628931,148033.0,147798.0,4100.0,4110.0,4016.1,4092.6,23649150,4501.8,3683.4,4440.0,3288.1,4043.5,189,2,4043.3,30,2,4043.0,10,1,4042.9,23,1,4042.8,34,2,4045.0,285,6,4045.2,2,1,4045.3,40,2,4045.4,16,2,4045.5,20,1
11483,2026-07-02 10:42:31+05:30,4043.5,7,4047.46,628931,148033.0,147798.0,4100.0,4110.0,4016.1,4092.6,23649150,4501.8,3683.4,4440.0,3288.1,4043.5,189,2,4043.3,30,2,4043.0,10,1,4042.9,23,1,4042.8,34,2,4045.0,285,6,4045.2,2,1,4045.3,40,2,4045.4,16,2,4045.5,20,1
11483,2026-07-02 10:42:31+05:30,4043.5,7,4047.46,628938,147941.0,147771.0,4100.0,4110.0,4016.1,4092.6,23649150,4501.8,3683.4,4440.0,3288.1,4044.0,2,2,4043.5,182,2,4043.0,10,1,4042.9,23,1,4042.8,34,2,4045.0,285,6,4045.2,40,2,4045.3,2,1,4045.4,34,2,4045.5,20,1
11483,2026-07-02 10:42:32+05:30,4044.0,2,4047.46,628938,147941.0,147771.0,4100.0,4110.0,4016.1,4092.6,23649150,4501.8,3683.4,4440.0,3288.1,4044.0,2,2,4043.5,182,2,4043.0,10,1,4042.9,23,1,4042.8,34,2,4045.0,285,6,4045.2,40,2,4045.3,2,1,4045.4,34,2,4045.5,20,1
11483,2026-07-02 10:42:32+05:30,4044.0,2,4047.46,628945,147970.0,148338.0,4100.0,4110.0,4016.1,4092.6,23649150,4501.8,3683.4,4440.0,3288.1,4043.5,200,3,4043.4,9,1,4043.3,10,1,4043.2,24,2,4043.0,26,3,4044.0,5,1,4045.0,283,6,4045.3,2,1,4045.4,57,3,4045.5,32,2
11483,2026-07-02 10:42:33+05:30,4043.5,1,4047.46,628945,147970.0,148338.0,4100.0,4110.0,4016.1,4092.6,23649150,4501.8,3683.4,4440.0,3288.1,4043.5,200,3,4043.4,9,1,4043.3,10,1,4043.2,24,2,4043.0,26,3,4044.0,5,1,4045.0,283,6,4045.3,2,1,4045.4,57,3,4045.5,32,2
11483,2026-07-02 10:42:33+05:30,4043.5,1,4047.46,628946,147908.0,148540.0,4100.0,4110.0,4016.1,4092.6,23649150,4501.8,3683.4,4440.0,3288.1,4043.5,199,3,4043.0,12,2,4042.9,33,2,4042.8,34,2,4042.7,88,3,4044.0,6,2,4044.9,48,1,4045.0,411,7,4045.1,2,1,4045.2,12,1
11483,2026-07-02 10:42:34+05:30,4043.6,1,4047.46,628946,147908.0,148540.0,4100.0,4110.0,4016.1,4092.6,23649150,4501.8,3683.4,4440.0,3288.1,4043.5,199,3,4043.0,12,2,4042.9,33,2,4042.8,34,2,4042.7,88,3,4044.0,6,2,4044.9,48,1,4045.0,411,7,4045.1,2,1,4045.2,12,1
11483,2026-07-02 10:42:34+05:30,4044.9,4,4047.46,628977,147983.0,148038.0,4100.0,4110.0,4016.1,4092.6,23649150,4501.8,3683.4,4440.0,3288.1,4043.6,2,1,4043.5,199,3,4043.0,10,1,4042.9,33,2,4042.7,68,3,4045.0,447,9,4045.3,6,1,4045.4,22,1,4045.5,48,4,4045.7,50,2
11483,2026-07-02 10:42:35+05:30,4044.9,4,4047.46,628977,147983.0,148038.0,4100.0,4110.0,4016.1,4092.6,23649150,4501.8,3683.4,4440.0,3288.1,4043.6,2,1,4043.5,199,3,4043.0,10,1,4042.9,33,2,4042.7,68,3,4045.0,447,9,4045.3,6,1,4045.4,22,1,4045.5,48,4,4045.7,50,2
11483,2026-07-02 10:42:35+05:30,4043.6,5,4047.46,628982,147994.0,148061.0,4100.0,4110.0,4016.1,4092.6,23649150,4501.8,3683.4,4440.0,3288.1,4043.6,3,1,4043.5,199,3,4043.1,5,1,4043.0,10,1,4042.9,33,2,4045.0,458,10,4045.3,6,1,4045.4,22,1,4045.5,48,4,4045.6,22,1
11483,2026-07-02 10:42:36+05:30,4045.0,3,4047.46,628982,147994.0,148061.0,4100.0,4110.0,4016.1,4092.6,23649150,4501.8,3683.4,4440.0,3288.1,4043.6,3,1,4043.5,199,3,4043.1,5,1,4043.0,10,1,4042.9,33,2,4045.0,458,10,4045.3,6,1,4045.4,22,1,4045.5,48,4,4045.6,22,1
11483,2026-07-02 10:42:36+05:30,4045.0,3,4047.46,628985,148012.0,148060.0,4100.0,4110.0,4016.1,4092.6,23649150,4501.8,3683.4,4440.0,3288.1,4043.6,3,1,4043.5,199,3,4043.1,5,1,4043.0,10,1,4042.9,33,2,4045.0,457,11,4045.3,6,1,4045.4,22,1,4045.5,48,4,4045.6,22,1
11483,2026-07-02 10:42:37+05:30,4043.5,15,4047.46,628985,148012.0,148060.0,4100.0,4110.0,4016.1,4092.6,23649150,4501.8,3683.4,4440.0,3288.1,4043.6,3,1,4043.5,199,3,4043.1,5,1,4043.0,10,1,4042.9,33,2,4045.0,457,11,4045.3,6,1,4045.4,22,1,4045.5,48,4,4045.6,22,1
11483,2026-07-02 10:42:38+05:30,4043.5,15,4047.46,629028,148176.0,148068.0,4100.0,4110.0,4016.1,4092.6,23649150,4501.8,3683.4,4440.0,3288.1,4043.5,179,2,4043.0,29,3,4042.9,33,2,4042.7,79,3,4042.6,78,2,4045.0,444,12,4045.3,6,1,4045.4,27,2,4045.5,43,3,4045.6,22,1
11483,2026-07-02 10:42:39+05:30,4044.9,1,4047.46,629029,147999.0,148301.0,4100.0,4110.0,4016.1,4092.6,23649150,4501.8,3683.4,4440.0,3288.1,4043.5,161,1,4043.0,37,3,4042.8,5,1,4042.7,66,2,4042.6,51,2,4044.9,19,3,4045.0,433,11,4045.2,39,4,4045.3,20,2,4045.4,27,2
11483,2026-07-02 10:42:39+05:30,4043.5,2,4047.46,629029,147999.0,148301.0,4100.0,4110.0,4016.1,4092.6,23649150,4501.8,3683.4,4440.0,3288.1,4043.5,161,1,4043.0,37,3,4042.8,5,1,4042.7,66,2,4042.6,51,2,4044.9,19,3,4045.0,433,11,4045.2,39,4,4045.3,20,2,4045.4,27,2
11483,2026-07-02 10:42:40+05:30,4043.5,2,4047.46,629032,147998.0,148315.0,4100.0,4110.0,4016.1,4092.6,23649150,4501.8,3683.4,4440.0,3288.1,4043.5,159,1,4043.0,37,3,4042.8,5,1,4042.7,66,2,4042.6,51,2,4044.9,19,3,4045.0,422,10,4045.2,39,4,4045.3,20,2,4045.4,30,3
11483,2026-07-02 10:42:40+05:30,4044.9,1,4047.46,629032,147998.0,148315.0,4100.0,4110.0,4016.1,4092.6,23649150,4501.8,3683.4,4440.0,3288.1,4043.5,159,1,4043.0,37,3,4042.8,5,1,4042.7,66,2,4042.6,51,2,4044.9,19,3,4045.0,422,10,4045.2,39,4,4045.3,20,2,4045.4,30,3
11483,2026-07-02 10:42:41+05:30,4044.9,1,4047.46,629034,148000.0,149350.0,4100.0,4110.0,4016.1,4092.6,23649150,4501.8,3683.4,4440.0,3288.1,4043.5,159,1,4043.0,37,3,4042.8,27,2,4042.7,66,2,4042.6,51,2,4044.9,1,1,4045.0,423,11,4045.2,2,1,4045.3,22,3,4045.4,30,3
11483,2026-07-02 10:42:41+05:30,4045.0,5,4047.46,629034,148000.0,149350.0,4100.0,4110.0,4016.1,4092.6,23649150,4501.8,3683.4,4440.0,3288.1,4043.5,159,1,4043.0,37,3,4042.8,27,2,4042.7,66,2,4042.6,51,2,4044.9,1,1,4045.0,423,11,4045.2,2,1,4045.3,22,3,4045.4,30,3
11483,2026-07-02 10:42:42+05:30,4045.0,5,4047.46,629045,148008.0,150382.0,4100.0,4110.0,4016.1,4092.6,23649150,4501.8,3683.4,4440.0,3288.1,4043.5,159,1,4043.0,37,3,4042.8,27,2,4042.7,66,2,4042.6,53,3,4045.0,436,12,4045.3,4,2,4045.4,58,4,4045.5,52,3,4045.7,50,2
11483,2026-07-02 10:42:42+05:30,4043.5,4,4047.46,629045,148008.0,150382.0,4100.0,4110.0,4016.1,4092.6,23649150,4501.8,3683.4,4440.0,3288.1,4043.5,159,1,4043.0,37,3,4042.8,27,2,4042.7,66,2,4042.6,53,3,4045.0,436,12,4045.3,4,2,4045.4,58,4,4045.5,52,3,4045.7,50,2
11483,2026-07-02 10:42:43+05:30,4045.0,1,4047.46,629061,147982.0,150384.0,4100.0,4110.0,4016.1,4092.6,23649150,4501.8,3683.4,4440.0,3288.1,4043.5,155,1,4043.0,37,3,4042.8,27,2,4042.7,68,3,4042.6,51,2,4045.0,434,13,4045.3,6,3,4045.4,60,5,4045.5,52,3,4045.7,50,2
11483,2026-07-02 10:42:43+05:30,4045.0,1,4047.46,629061,147982.0,150384.0,4100.0,4110.0,4016.1,4092.6,23649150,4501.8,3683.4,4440.0,3288.1,4043.5,155,1,4043.0,37,3,4042.8,27,2,4042.7,68,3,4042.6,51,2,4045.0,434,13,4045.3,6,3,4045.4,60,5,4045.5,52,3,4045.7,50,2
11483,2026-07-02 10:42:44+05:30,4045.0,1,4047.46,629063,148397.0,150206.0,4100.0,4110.0,4016.1,4092.6,23649150,4501.8,3683.4,4440.0,3288.1,4044.0,200,1,4043.5,156,2,4043.2,60,2,4043.1,5,1,4043.0,37,3,4045.0,376,11,4045.3,18,1,4045.4,19,1,4045.5,32,2,4045.7,63,4
11483,2026-07-02 10:42:44+05:30,4045.0,1,4047.46,629063,148397.0,150206.0,4100.0,4110.0,4016.1,4092.6,23649150,4501.8,3683.4,4440.0,3288.1,4044.0,200,1,4043.5,156,2,4043.2,60,2,4043.1,5,1,4043.0,37,3,4045.0,376,11,4045.3,18,1,4045.4,19,1,4045.5,32,2,4045.7,63,4
11483,2026-07-02 10:42:45+05:30,4045.0,1,4047.46,629065,148394.0,150304.0,4100.0,4110.0,4016.1,4092.6,23649150,4501.8,3683.4,4440.0,3288.1,4044.0,200,1,4043.5,156,2,4043.2,60,2,4043.1,5,1,4043.0,37,3,4045.0,424,12,4045.3,28,2,4045.4,19,1,4045.5,72,4,4045.6,20,1
11483,2026-07-02 10:42:45+05:30,4045.0,1,4047.46,629065,148394.0,150304.0,4100.0,4110.0,4016.1,4092.6,23649150,4501.8,3683.4,4440.0,3288.1,4044.0,200,1,4043.5,156,2,4043.2,60,2,4043.1,5,1,4043.0,37,3,4045.0,424,12,4045.3,28,2,4045.4,19,1,4045.5,72,4,4045.6,20,1
11483,2026-07-02 10:42:46+05:30,4045.0,7,4047.46,629103,148282.0,150014.0,4100.0,4110.0,4016.1,4092.6,23649150,4501.8,3683.4,4440.0,3288.1,4044.0,200,1,4043.5,156,2,4043.3,14,2,4043.2,60,2,4043.0,52,5,4045.0,412,12,4045.3,20,2,4045.4,19,1,4045.5,20,1,4045.6,2,1
11483,2026-07-02 10:42:46+05:30,4045.0,1,4047.46,629103,148282.0,150014.0,4100.0,4110.0,4016.1,4092.6,23649150,4501.8,3683.4,4440.0,3288.1,4044.0,200,1,4043.5,156,2,4043.3,14,2,4043.2,60,2,4043.0,52,5,4045.0,412,12,4045.3,20,2,4045.4,19,1,4045.5,20,1,4045.6,2,1
11483,2026-07-02 10:42:47+05:30,4045.0,1,4047.46,629126,148320.0,150019.0,4100.0,4110.0,4016.1,4092.6,23649150,4501.8,3683.4,4440.0,3288.1,4044.0,179,1,4043.5,178,3,4043.3,41,4,4043.2,60,2,4043.0,52,5,4045.0,417,14,4045.3,20,2,4045.4,19,1,4045.5,20,1,4045.6,2,1
11483,2026-07-02 10:42:47+05:30,4045.0,1,4047.46,629126,148320.0,150019.0,4100.0,4110.0,4016.1,4092.6,23649150,4501.8,3683.4,4440.0,3288.1,4044.0,179,1,4043.5,178,3,4043.3,41,4,4043.2,60,2,4043.0,52,5,4045.0,417,14,4045.3,20,2,4045.4,19,1,4045.5,20,1,4045.6,2,1
11483,2026-07-02 10:42:48+05:30,4045.0,1,4047.46,629147,148226.0,150187.0,4100.0,4110.0,4016.1,4092.6,23649150,4501.8,3683.4,4440.0,3288.1,4044.0,179,1,4043.5,178,3,4043.4,10,1,4043.3,27,2,4043.2,42,2,4045.0,416,14,4045.3,20,2,4045.4,19,1,4045.5,58,2,4045.6,2,1
11483,2026-07-02 10:42:48+05:30,4045.0,1,4047.46,629147,148226.0,150187.0,4100.0,4110.0,4016.1,4092.6,23649150,4501.8,3683.4,4440.0,3288.1,4044.0,179,1,4043.5,178,3,4043.4,10,1,4043.3,27,2,4043.2,42,2,4045.0,416,14,4045.3,20,2,4045.4,19,1,4045.5,58,2,4045.6,2,1
11483,2026-07-02 10:42:49+05:30,4045.0,3,4047.46,629151,148580.0,149715.0,4100.0,4110.0,4016.1,4092.6,23649150,4501.8,3683.4,4440.0,3288.1,4044.0,179,1,4043.5,220,5,4043.3,33,3,4043.2,22,1,4043.1,2,1,4045.0,412,14,4045.3,2,1,4045.4,20,1,4045.5,58,2,4045.6,2,1
11483,2026-07-02 10:42:49+05:30,4045.0,3,4047.46,629151,148580.0,149715.0,4100.0,4110.0,4016.1,4092.6,23649150,4501.8,3683.4,4440.0,3288.1,4044.0,179,1,4043.5,220,5,4043.3,33,3,4043.2,22,1,4043.1,2,1,4045.0,412,14,4045.3,2,1,4045.4,20,1,4045.5,58,2,4045.6,2,1
11483,2026-07-02 10:42:50+05:30,4045.0,1,4047.46,629153,148609.0,149669.0,4100.0,4110.0,4016.1,4092.6,23649150,4501.8,3683.4,4440.0,3288.1,4044.0,179,1,4043.6,200,1,4043.5,220,5,4043.3,33,3,4043.2,32,2,4045.0,410,14,4045.3,2,1,4045.5,20,1,4045.7,12,2,4045.8,88,3
11483,2026-07-02 10:42:50+05:30,4045.0,1,4047.46,629153,148609.0,149669.0,4100.0,4110.0,4016.1,4092.6,23649150,4501.8,3683.4,4440.0,3288.1,4044.0,179,1,4043.6,200,1,4043.5,220,5,4043.3,33,3,4043.2,32,2,4045.0,410,14,4045.3,2,1,4045.5,20,1,4045.7,12,2,4045.8,88,3
11483,2026-07-02 10:42:51+05:30,4045.0,1,4047.46,629393,148676.0,149509.0,4100.0,4110.0,4016.1,4092.6,23649150,4501.8,3683.4,4440.0,3288.1,4044.0,177,1,4043.6,252,4,4043.5,200,4,4043.4,38,1,4043.3,59,4,4045.0,187,10,4045.3,2,1,4045.5,20,1,4045.8,88,3,4045.9,563,4
11483,2026-07-02 10:42:51+05:30,4045.0,1,4047.46,629393,148676.0,149509.0,4100.0,4110.0,4016.1,4092.6,23649150,4501.8,3683.4,4440.0,3288.1,4044.0,177,1,4043.6,252,4,4043.5,200,4,4043.4,38,1,4043.3,59,4,4045.0,187,10,4045.3,2,1,4045.5,20,1,4045.8,88,3,4045.9,563,4
11483,2026-07-02 10:42:52+05:30,4045.0,1,4047.46,629394,148678.0,149519.0,4100.0,4110.0,4016.1,4092.6,23649150,4501.8,3683.4,4440.0,3288.1,4044.0,179,2,4043.6,252,4,4043.5,200,4,4043.4,38,1,4043.3,59,4,4045.0,186,10,4045.3,2,1,4045.5,20,1,4045.8,88,3,4045.9,563,4
11483,2026-07-02 10:42:52+05:30,4045.0,1,4047.46,629394,148678.0,149519.0,4100.0,4110.0,4016.1,4092.6,23649150,4501.8,3683.4,4440.0,3288.1,4044.0,179,2,4043.6,252,4,4043.5,200,4,4043.4,38,1,4043.3,59,4,4045.0,186,10,4045.3,2,1,4045.5,20,1,4045.8,88,3,4045.9,563,4
11483,2026-07-02 10:42:53+05:30,4045.0,1,4047.46,629395,148677.0,149528.0,4100.0,4110.0,4016.1,4092.6,23649150,4501.8,3683.4,4440.0,3288.1,4044.0,194,3,4043.6,252,4,4043.5,206,5,4043.4,38,1,4043.3,59,4,4045.0,195,11,4045.3,2,1,4045.5,20,1,4045.8,62,2,4045.9,563,4
11483,2026-07-02 10:42:53+05:30,4045.0,1,4047.46,629395,148677.0,149528.0,4100.0,4110.0,4016.1,4092.6,23649150,4501.8,3683.4,4440.0,3288.1,4044.0,194,3,4043.6,252,4,4043.5,206,5,4043.4,38,1,4043.3,59,4,4045.0,195,11,4045.3,2,1,4045.5,20,1,4045.8,62,2,4045.9,563,4
11483,2026-07-02 10:42:54+05:30,4045.0,3,4047.46,629550,148600.0,149746.0,4100.0,4110.0,4016.1,4092.6,23649150,4501.8,3683.4,4440.0,3288.1,4044.5,2,1,4044.0,194,3,4043.6,200,1,4043.5,181,4,4043.3,8,2,4045.0,170,8,4045.1,10,1,4045.3,20,2,4045.4,13,1,4045.5,30,2
11483,2026-07-02 10:42:54+05:30,4045.0,3,4047.46,629550,148600.0,149746.0,4100.0,4110.0,4016.1,4092.6,23649150,4501.8,3683.4,4440.0,3288.1,4044.5,2,1,4044.0,194,3,4043.6,200,1,4043.5,181,4,4043.3,8,2,4045.0,170,8,4045.1,10,1,4045.3,20,2,4045.4,13,1,4045.5,30,2
11483,2026-07-02 10:42:55+05:30,4045.0,1,4047.46,629560,148486.0,149800.0,4100.0,4110.0,4016.1,4092.6,23649150,4501.8,3683.4,4440.0,3288.1,4044.5,2,1,4044.0,194,3,4043.6,200,1,4043.5,162,3,4043.3,2,1,4045.0,219,10,4045.1,10,1,4045.3,20,2,4045.4,13,1,4045.5,44,3
11483,2026-07-02 10:42:55+05:30,4045.0,1,4047.46,629560,148486.0,149800.0,4100.0,4110.0,4016.1,4092.6,23649150,4501.8,3683.4,4440.0,3288.1,4044.5,2,1,4044.0,194,3,4043.6,200,1,4043.5,162,3,4043.3,2,1,4045.0,219,10,4045.1,10,1,4045.3,20,2,4045.4,13,1,4045.5,44,3
11483,2026-07-02 10:42:56+05:30,4044.7,2,4047.46,629570,148317.0,149909.0,4100.0,4110.0,4016.1,4092.6,23649150,4501.8,3683.4,4440.0,3288.1,4044.0,175,2,4043.6,200,1,4043.5,161,2,4043.2,24,2,4043.0,116,6,4044.7,9,1,4044.8,30,3,4044.9,15,2,4045.0,240,13,4045.1,4,1
11483,2026-07-02 10:42:56+05:30,4044.7,2,4047.46,629570,148317.0,149909.0,4100.0,4110.0,4016.1,4092.6,23649150,4501.8,3683.4,4440.0,3288.1,4044.0,175,2,4043.6,200,1,4043.5,161,2,4043.2,24,2,4043.0,116,6,4044.7,9,1,4044.8,30,3,4044.9,15,2,4045.0,240,13,4045.1,4,1
11483,2026-07-02 10:42:57+05:30,4044.7,1,4047.46,629574,148202.0,150346.0,4100.0,4110.0,4016.1,4092.6,23649150,4501.8,3683.4,4440.0,3288.1,4044.0,174,2,4043.6,200,1,4043.5,161,2,4043.2,24,2,4043.0,116,6,4044.6,6,1,4044.7,23,3,4044.9,15,2,4045.0,236,12,4045.2,10,1
11483,2026-07-02 10:42:57+05:30,4044.7,1,4047.46,629574,148202.0,150346.0,4100.0,4110.0,4016.1,4092.6,23649150,4501.8,3683.4,4440.0,3288.1,4044.0,174,2,4043.6,200,1,4043.5,161,2,4043.2,24,2,4043.0,116,6,4044.6,6,1,4044.7,23,3,4044.9,15,2,4045.0,236,12,4045.2,10,1
11483,2026-07-02 10:42:58+05:30,4044.0,25,4047.46,629574,148202.0,150346.0,4100.0,4110.0,4016.1,4092.6,23649150,4501.8,3683.4,4440.0,3288.1,4044.0,174,2,4043.6,200,1,4043.5,161,2,4043.2,24,2,4043.0,116,6,4044.6,6,1,4044.7,23,3,4044.9,15,2,4045.0,236,12,4045.2,10,1
11483,2026-07-02 10:42:58+05:30,4044.0,25,4047.46,629649,148241.0,150110.0,4100.0,4110.0,4016.1,4092.6,23649150,4501.8,3683.4,4440.0,3288.1,4044.0,149,2,4043.6,200,1,4043.5,161,2,4043.2,2,1,4043.1,2,1,4044.7,33,4,4044.8,14,2,4044.9,37,3,4045.0,231,11,4045.2,10,1
11483,2026-07-02 10:42:59+05:30,4044.0,1,4047.46,629649,148241.0,150110.0,4100.0,4110.0,4016.1,4092.6,23649150,4501.8,3683.4,4440.0,3288.1,4044.0,149,2,4043.6,200,1,4043.5,161,2,4043.2,2,1,4043.1,2,1,4044.7,33,4,4044.8,14,2,4044.9,37,3,4045.0,231,11,4045.2,10,1
11483,2026-07-02 10:42:59+05:30,4044.0,1,4047.46,629754,148315.0,150358.0,4100.0,4110.0,4016.1,4092.6,23649150,4501.8,3683.4,4440.0,3288.1,4044.0,123,2,4043.6,202,2,4043.5,161,2,4043.1,2,1,4043.0,54,4,4044.5,15,1,4044.6,22,2,4044.7,10,1,4044.8,12,1,4044.9,110,2
11483,2026-07-02 10:43:00+05:30,4044.9,1,4047.46,629754,148315.0,150358.0,4100.0,4110.0,4016.1,4092.6,23649150,4501.8,3683.4,4440.0,3288.1,4044.0,123,2,4043.6,202,2,4043.5,161,2,4043.1,2,1,4043.0,54,4,4044.5,15,1,4044.6,22,2,4044.7,10,1,4044.8,12,1,4044.9,110,2
11483,2026-07-02 10:43:00+05:30,4044.8,3,4047.46,629920,148520.0,150078.0,4100.0,4110.0,4016.1,4092.6,23649150,4501.8,3683.4,4440.0,3288.1,4044.0,123,2,4043.6,202,2,4043.5,161,2,4043.1,22,2,4043.0,67,5,4044.8,7,1,4044.9,64,4,4045.0,233,12,4045.1,4,1,4045.2,10,1
11483,2026-07-02 10:43:01+05:30,4044.8,1,4047.46,629920,148520.0,150078.0,4100.0,4110.0,4016.1,4092.6,23649150,4501.8,3683.4,4440.0,3288.1,4044.0,123,2,4043.6,202,2,4043.5,161,2,4043.1,22,2,4043.0,67,5,4044.8,7,1,4044.9,64,4,4045.0,233,12,4045.1,4,1,4045.2,10,1
11483,2026-07-02 10:43:01+05:30,4044.0,1,4047.46,629922,148791.0,150079.0,4100.0,4110.0,4016.1,4092.6,23649150,4501.8,3683.4,4440.0,3288.1,4044.0,122,2,4043.6,202,2,4043.5,161,2,4043.1,22,2,4043.0,67,5,4044.8,1,1,4044.9,64,4,4045.0,233,12,4045.2,10,1,4045.3,4,2
11483,2026-07-02 10:43:02+05:30,4044.0,1,4047.46,629922,148791.0,150079.0,4100.0,4110.0,4016.1,4092.6,23649150,4501.8,3683.4,4440.0,3288.1,4044.0,122,2,4043.6,202,2,4043.5,161,2,4043.1,22,2,4043.0,67,5,4044.8,1,1,4044.9,64,4,4045.0,233,12,4045.2,10,1,4045.3,4,2
11483,2026-07-02 10:43:02+05:30,4044.5,5,4047.45,630153,148852.0,149762.0,4100.0,4110.0,4016.1,4092.6,23649150,4501.8,3683.4,4440.0,3288.1,4044.0,271,3,4043.6,202,2,4043.5,181,3,4043.1,22,2,4043.0,67,5,4044.7,12,1,4044.8,1,1,4045.0,121,9,4045.3,2,1,4045.4,31,2
11483,2026-07-02 10:43:03+05:30,4044.0,1,4047.45,630153,148852.0,149762.0,4100.0,4110.0,4016.1,4092.6,23649150,4501.8,3683.4,4440.0,3288.1,4044.0,271,3,4043.6,202,2,4043.5,181,3,4043.1,22,2,4043.0,67,5,4044.7,12,1,4044.8,1,1,4045.0,121,9,4045.3,2,1,4045.4,31,2
11483,2026-07-02 10:43:03+05:30,4044.0,1,4047.45,630154,148863.0,150184.0,4100.0,4110.0,4016.1,4092.6,23649150,4501.8,3683.4,4440.0,3288.1,4044.0,270,3,4043.6,202,2,4043.5,181,3,4043.1,22,2,4043.0,67,5,4044.8,1,1,4045.0,121,9,4045.3,2,1,4045.4,50,3,4045.5,82,4
11483,2026-07-02 10:43:04+05:30,4044.1,1,4047.45,630154,148863.0,150184.0,4100.0,4110.0,4016.1,4092.6,23649150,4501.8,3683.4,4440.0,3288.1,4044.0,270,3,4043.6,202,2,4043.5,181,3,4043.1,22,2,4043.0,67,5,4044.8,1,1,4045.0,121,9,4045.3,2,1,4045.4,50,3,4045.5,82,4
11483,2026-07-02 10:43:04+05:30,4044.1,1,4047.45,630155,148957.0,150320.0,4100.0,4110.0,4016.1,4092.6,23649150,4501.8,3683.4,4440.0,3288.1,4044.1,2,1,4044.0,270,3,4043.6,202,2,4043.5,181,3,4043.1,22,2,4044.8,1,1,4045.0,121,9,4045.3,2,1,4045.4,31,2,4045.5,82,4
11483,2026-07-02 10:43:05+05:30,4044.1,1,4047.45,630155,148957.0,150320.0,4100.0,4110.0,4016.1,4092.6,23649150,4501.8,3683.4,4440.0,3288.1,4044.1,2,1,4044.0,270,3,4043.6,202,2,4043.5,181,3,4043.1,22,2,4044.8,1,1,4045.0,121,9,4045.3,2,1,4045.4,31,2,4045.5,82,4
11483,2026-07-02 10:43:05+05:30,4044.1,1,4047.45,630156,148962.0,150330.0,4100.0,4110.0,4016.1,4092.6,23649150,4501.8,3683.4,4440.0,3288.1,4044.1,1,1,4044.0,270,3,4043.6,202,2,4043.5,181,3,4043.1,22,2,4044.8,1,1,4045.0,121,9,4045.3,2,1,4045.4,31,2,4045.5,82,4
11483,2026-07-02 10:43:06+05:30,4044.1,1,4047.45,630156,148962.0,150330.0,4100.0,4110.0,4016.1,4092.6,23649150,4501.8,3683.4,4440.0,3288.1,4044.1,1,1,4044.0,270,3,4043.6,202,2,4043.5,181,3,4043.1,22,2,4044.8,1,1,4045.0,121,9,4045.3,2,1,4045.4,31,2,4045.5,82,4
11483,2026-07-02 10:43:06+05:30,4044.1,1,4047.45,630182,149094.0,150105.0,4100.0,4110.0,4016.1,4092.6,23649150,4501.8,3683.4,4440.0,3288.1,4044.1,2,1,4044.0,270,3,4043.6,202,2,4043.5,161,2,4043.1,22,2,4044.9,7,1,4045.0,136,10,4045.3,2,1,4045.4,50,3,4045.5,44,3
11483,2026-07-02 10:43:07+05:30,4044.0,1,4047.45,630182,149094.0,150105.0,4100.0,4110.0,4016.1,4092.6,23649150,4501.8,3683.4,4440.0,3288.1,4044.1,2,1,4044.0,270,3,4043.6,202,2,4043.5,161,2,4043.1,22,2,4044.9,7,1,4045.0,136,10,4045.3,2,1,4045.4,50,3,4045.5,44,3
11483,2026-07-02 10:43:07+05:30,4044.9,2,4047.45,630216,148881.0,149896.0,4100.0,4110.0,4016.1,4092.6,23649150,4501.8,3683.4,4440.0,3288.1,4044.0,269,3,4043.6,200,1,4043.5,161,2,4043.2,2,1,4043.1,20,1,4044.9,20,3,4045.0,113,9,4045.1,4,1,4045.2,9,1,4045.3,2,1
11483,2026-07-02 10:43:08+05:30,4044.0,1,4047.45,630216,148881.0,149896.0,4100.0,4110.0,4016.1,4092.6,23649150,4501.8,3683.4,4440.0,3288.1,4044.0,269,3,4043.6,200,1,4043.5,161,2,4043.2,2,1,4043.1,20,1,4044.9,20,3,4045.0,113,9,4045.1,4,1,4045.2,9,1,4045.3,2,1
11483,2026-07-02 10:43:08+05:30,4044.0,1,4047.45,630219,148820.0,149984.0,4100.0,4110.0,4016.1,4092.6,23649150,4501.8,3683.4,4440.0,3288.1,4044.0,268,3,4043.6,200,1,4043.5,161,2,4043.2,2,1,4043.1,20,1,4044.9,109,6,4045.0,113,9,4045.1,4,1,4045.2,9,1,4045.3,2,1
11483,2026-07-02 10:43:09+05:30,4044.0,1,4047.45,630219,148820.0,149984.0,4100.0,4110.0,4016.1,4092.6,23649150,4501.8,3683.4,4440.0,3288.1,4044.0,268,3,4043.6,200,1,4043.5,161,2,4043.2,2,1,4043.1,20,1,4044.9,109,6,4045.0,113,9,4045.1,4,1,4045.2,9,1,4045.3,2,1
11483,2026-07-02 10:43:09+05:30,4044.0,1,4047.45,630223,148821.0,150045.0,4100.0,4110.0,4016.1,4092.6,23649150,4501.8,3683.4,4440.0,3288.1,4044.0,267,3,4043.6,200,1,4043.5,161,2,4043.2,2,1,4043.1,20,1,4044.9,107,7,4045.0,113,9,4045.2,9,1,4045.3,2,1,4045.4,50,3
11483,2026-07-02 10:43:10+05:30,4044.0,1,4047.45,630223,148821.0,150045.0,4100.0,4110.0,4016.1,4092.6,23649150,4501.8,3683.4,4440.0,3288.1,4044.0,267,3,4043.6,200,1,4043.5,161,2,4043.2,2,1,4043.1,20,1,4044.9,107,7,4045.0,113,9,4045.2,9,1,4045.3,2,1,4045.4,50,3
11483,2026-07-02 10:43:10+05:30,4044.9,8,4047.45,630238,148931.0,150095.0,4100.0,4110.0,4016.1,4092.6,23649150,4501.8,3683.4,4440.0,3288.1,4044.0,365,4,4043.6,200,1,4043.5,161,2,4043.2,2,1,4043.1,20,1,4044.9,93,5,4045.0,138,10,4045.2,9,1,4045.3,2,1,4045.4,50,3
11483,2026-07-02 10:43:11+05:30,4044.0,1,4047.45,630238,148931.0,150095.0,4100.0,4110.0,4016.1,4092.6,23649150,4501.8,3683.4,4440.0,3288.1,4044.0,365,4,4043.6,200,1,4043.5,161,2,4043.2,2,1,4043.1,20,1,4044.9,93,5,4045.0,138,10,4045.2,9,1,4045.3,2,1,4045.4,50,3
11483,2026-07-02 10:43:11+05:30,4044.0,1,4047.45,630243,148932.0,150237.0,4100.0,4110.0,4016.1,4092.6,23649150,4501.8,3683.4,4440.0,3288.1,4044.0,364,4,4043.6,200,1,4043.5,161,2,4043.2,2,1,4043.1,20,1,4044.8,117,3,4044.9,92,4,4045.0,138,10,4045.2,9,1,4045.3,2,1
11483,2026-07-02 10:43:12+05:30,4044.0,1,4047.45,630243,148932.0,150237.0,4100.0,4110.0,4016.1,4092.6,23649150,4501.8,3683.4,4440.0,3288.1,4044.0,364,4,4043.6,200,1,4043.5,161,2,4043.2,2,1,4043.1,20,1,4044.8,117,3,4044.9,92,4,4045.0,138,10,4045.2,9,1,4045.3,2,1
11483,2026-07-02 10:43:12+05:30,4044.0,1,4047.45,630483,148473.0,150701.0,4100.0,4110.0,4016.1,4092.6,23649150,4501.8,3683.4,4440.0,3288.1,4044.0,124,2,4043.6,200,1,4043.5,161,2,4043.0,56,5,4042.8,15,2,4044.1,3,1,4044.8,111,3,4044.9,90,2,4045.0,143,11,4045.2,11,2
11483,2026-07-02 10:43:13+05:30,4043.6,1,4047.45,630483,148473.0,150701.0,4100.0,4110.0,4016.1,4092.6,23649150,4501.8,3683.4,4440.0,3288.1,4044.0,124,2,4043.6,200,1,4043.5,161,2,4043.0,56,5,4042.8,15,2,4044.1,3,1,4044.8,111,3,4044.9,90,2,4045.0,143,11,4045.2,11,2
11483,2026-07-02 10:43:13+05:30,4043.6,1,4047.45,630628,148307.0,150820.0,4100.0,4110.0,4016.1,4092.6,23649150,4501.8,3683.4,4440.0,3288.1,4043.6,199,1,4043.5,161,2,4043.1,2,1,4043.0,56,5,4042.9,2,1,4043.8,31,1,4044.1,3,1,4044.6,10,1,4044.8,102,2,4044.9,193,3
11483,2026-07-02 10:43:14+05:30,4043.6,1,4047.45,630628,148307.0,150820.0,4100.0,4110.0,4016.1,4092.6,23649150,4501.8,3683.4,4440.0,3288.1,4043.6,199,1,4043.5,161,2,4043.1,2,1,4043.0,56,5,4042.9,2,1,4043.8,31,1,4044.1,3,1,4044.6,10,1,4044.8,102,2,4044.9,193,3
11483,2026-07-02 10:43:14+05:30,4043.6,1,4047.45,630635,148592.0,150819.0,4100.0,4110.0,4016.1,4092.6,23649150,4501.8,3683.4,4440.0,3288.1,4043.6,197,1,4043.5,161,2,4043.1,2,1,4043.0,56,5,4042.9,4,2,4043.8,27,2,4044.1,3,1,4044.6,10,1,4044.8,100,1,4044.9,193,3
11483,2026-07-02 10:43:15+05:30,4043.8,5,4047.45,630635,148592.0,150819.0,4100.0,4110.0,4016.1,4092.6,23649150,4501.8,3683.4,4440.0,3288.1,4043.6,197,1,4043.5,161,2,4043.1,2,1,4043.0,56,5,4042.9,4,2,4043.8,27,2,4044.1,3,1,4044.6,10,1,4044.8,100,1,4044.9,193,3
11483,2026-07-02 10:43:15+05:30,4043.6,1,4047.45,630646,148591.0,150794.0,4100.0,4110.0,4016.1,4092.6,23649150,4501.8,3683.4,4440.0,3288.1,4043.6,196,1,4043.5,161,2,4043.1,2,1,4043.0,56,5,4042.8,35,3,4043.8,17,2,4044.1,3,1,4044.5,9,1,4044.6,25,3,4044.8,100,1
11483,2026-07-02 10:43:16+05:30,4043.6,1,4047.45,630646,148591.0,150794.0,4100.0,4110.0,4016.1,4092.6,23649150,4501.8,3683.4,4440.0,3288.1,4043.6,196,1,4043.5,161,2,4043.1,2,1,4043.0,56,5,4042.8,35,3,4043.8,17,2,4044.1,3,1,4044.5,9,1,4044.6,25,3,4044.8,100,1
11483,2026-07-02 10:43:16+05:30,4043.6,1,4047.45,630663,148930.0,150812.0,4100.0,4110.0,4016.1,4092.6,23649150,4501.8,3683.4,4440.0,3288.1,4043.6,195,1,4043.5,161,2,4043.1,2,1,4043.0,56,5,4042.8,37,4,4043.8,1,1,4044.1,3,1,4044.6,25,3,4044.8,100,1,4044.9,220,5
11483,2026-07-02 10:43:17+05:30,4043.6,1,4047.45,630663,148930.0,150812.0,4100.0,4110.0,4016.1,4092.6,23649150,4501.8,3683.4,4440.0,3288.1,4043.6,195,1,4043.5,161,2,4043.1,2,1,4043.0,56,5,4042.8,37,4,4043.8,1,1,4044.1,3,1,4044.6,25,3,4044.8,100,1,4044.9,220,5
11483,2026-07-02 10:43:17+05:30,4043.6,1,4047.45,630714,149048.0,150738.0,4100.0,4110.0,4016.1,4092.6,23649150,4501.8,3683.4,4440.0,3288.1,4043.6,194,1,4043.5,161,2,4043.1,4,2,4043.0,56,5,4042.8,53,4,4043.8,1,1,4044.6,12,1,4044.7,12,1,4044.8,10,2,4044.9,193,3
11483,2026-07-02 10:43:18+05:30,4043.6,1,4047.45,630714,149048.0,150738.0,4100.0,4110.0,4016.1,4092.6,23649150,4501.8,3683.4,4440.0,3288.1,4043.6,194,1,4043.5,161,2,4043.1,4,2,4043.0,56,5,4042.8,53,4,4043.8,1,1,4044.6,12,1,4044.7,12,1,4044.8,10,2,4044.9,193,3
11483,2026-07-02 10:43:18+05:30,4043.6,1,4047.45,630725,148928.0,150810.0,4100.0,4110.0,4016.1,4092.6,23649150,4501.8,3683.4,4440.0,3288.1,4043.6,188,1,4043.5,161,2,4043.1,2,1,4043.0,56,5,4042.9,2,1,4044.0,71,1,4044.7,12,1,4044.8,10,2,4044.9,193,3,4045.0,134,9
11483,2026-07-02 10:43:19+05:30,4043.6,1,4047.45,630725,148928.0,150810.0,4100.0,4110.0,4016.1,4092.6,23649150,4501.8,3683.4,4440.0,3288.1,4043.6,188,1,4043.5,161,2,4043.1,2,1,4043.0,56,5,4042.9,2,1,4044.0,71,1,4044.7,12,1,4044.8,10,2,4044.9,193,3,4045.0,134,9
11483,2026-07-02 10:43:19+05:30,4043.6,1,4047.45,630736,148918.0,150931.0,4100.0,4110.0,4016.1,4092.6,23649150,4501.8,3683.4,4440.0,3288.1,4043.6,177,1,4043.5,161,2,4043.1,2,1,4043.0,56,5,4042.9,2,1,4044.0,72,2,4044.7,12,1,4044.8,10,2,4044.9,193,3,4045.0,134,9
11483,2026-07-02 10:43:20+05:30,4043.6,1,4047.45,630736,148955.0,150948.0,4100.0,4110.0,4016.1,4092.6,23649150,4501.8,3683.4,4440.0,3288.1,4043.6,177,1,4043.5,161,2,4043.1,2,1,4043.0,56,5,4042.9,2,1,4044.0,72,2,4044.7,31,2,4044.8,10,2,4044.9,193,3,4045.0,134,9
11483,2026-07-02 10:43:21+05:30,4043.6,1,4047.45,630738,148990.0,150948.0,4100.0,4110.0,4016.1,4092.6,23649150,4501.8,3683.4,4440.0,3288.1,4043.6,175,1,4043.5,161,2,4043.1,2,1,4043.0,56,5,4042.8,37,4,4044.0,72,2,4044.7,31,2,4044.8,10,2,4044.9,193,3,4045.0,154,10
11483,2026-07-02 10:43:21+05:30,4043.6,1,4047.45,630738,148990.0,150948.0,4100.0,4110.0,4016.1,4092.6,23649150,4501.8,3683.4,4440.0,3288.1,4043.6,175,1,4043.5,161,2,4043.1,2,1,4043.0,56,5,4042.8,37,4,4044.0,72,2,4044.7,31,2,4044.8,10,2,4044.9,193,3,4045.0,154,10
11483,2026-07-02 10:43:22+05:30,4044.0,2,4047.45,630740,148990.0,151100.0,4100.0,4110.0,4016.1,4092.6,23649150,4501.8,3683.4,4440.0,3288.1,4043.6,175,1,4043.5,161,2,4043.1,2,1,4043.0,56,5,4042.8,35,3,4044.0,150,3,4044.7,31,2,4044.8,10,2,4044.9,193,3,4045.0,164,11
11483,2026-07-02 10:43:22+05:30,4044.0,2,4047.45,630740,148990.0,151100.0,4100.0,4110.0,4016.1,4092.6,23649150,4501.8,3683.4,4440.0,3288.1,4043.6,175,1,4043.5,161,2,4043.1,2,1,4043.0,56,5,4042.8,35,3,4044.0,150,3,4044.7,31,2,4044.8,10,2,4044.9,193,3,4045.0,164,11
11483,2026-07-02 10:43:23+05:30,4043.6,1,4047.45,630740,148990.0,151100.0,4100.0,4110.0,4016.1,4092.6,23649150,4501.8,3683.4,4440.0,3288.1,4043.6,175,1,4043.5,161,2,4043.1,2,1,4043.0,56,5,4042.8,35,3,4044.0,150,3,4044.7,31,2,4044.8,10,2,4044.9,193,3,4045.0,164,11
11483,2026-07-02 10:43:23+05:30,4043.6,1,4047.45,630742,148966.0,151130.0,4100.0,4110.0,4016.1,4092.6,23649150,4501.8,3683.4,4440.0,3288.1,4043.6,173,1,4043.5,161,2,4043.0,56,5,4042.8,35,3,4042.7,185,3,4044.0,152,4,4044.6,14,1,4044.7,31,2,4044.8,1,1,4044.9,206,5
11483,2026-07-02 10:43:24+05:30,4043.6,1,4047.45,630742,148966.0,151130.0,4100.0,4110.0,4016.1,4092.6,23649150,4501.8,3683.4,4440.0,3288.1,4043.6,173,1,4043.5,161,2,4043.0,56,5,4042.8,35,3,4042.7,185,3,4044.0,152,4,4044.6,14,1,4044.7,31,2,4044.8,1,1,4044.9,206,5
11483,2026-07-02 10:43:24+05:30,4043.6,1,4047.45,630742,148966.0,151130.0,4100.0,4110.0,4016.1,4092.6,23649150,4501.8,3683.4,4440.0,3288.1,4043.6,173,1,4043.5,161,2,4043.0,56,5,4042.8,35,3,4042.7,185,3,4044.0,152,4,4044.6,14,1,4044.7,31,2,4044.8,1,1,4044.9,206,5
11483,2026-07-02 10:43:24+05:30,4043.6,1,4047.45,630742,148966.0,151130.0,4100.0,4110.0,4016.1,4092.6,23649150,4501.8,3683.4,4440.0,3288.1,4043.6,173,1,4043.5,161,2,4043.0,56,5,4042.8,35,3,4042.7,185,3,4044.0,152,4,4044.6,14,1,4044.7,31,2,4044.8,1,1,4044.9,206,5
11483,2026-07-02 10:43:24+05:30,4044.0,31,4047.45,630844,149099.0,151023.0,4100.0,4110.0,4016.1,4092.6,23649150,4501.8,3683.4,4440.0,3288.1,4043.6,177,2,4043.5,161,2,4043.1,2,1,4043.0,56,5,4042.9,2,1,4044.0,51,2,4044.6,14,1,4044.7,31,2,4044.8,1,1,4044.9,206,5
11483,2026-07-02 10:43:25+05:30,4044.0,31,4047.45,630844,149099.0,151023.0,4100.0,4110.0,4016.1,4092.6,23649150,4501.8,3683.4,4440.0,3288.1,4043.6,177,2,4043.5,161,2,4043.1,2,1,4043.0,56,5,4042.9,2,1,4044.0,51,2,4044.6,14,1,4044.7,31,2,4044.8,1,1,4044.9,206,5
11483,2026-07-02 10:43:25+05:30,4043.6,1,4047.45,630844,149099.0,151023.0,4100.0,4110.0,4016.1,4092.6,23649150,4501.8,3683.4,4440.0,3288.1,4043.6,177,2,4043.5,161,2,4043.1,2,1,4043.0,56,5,4042.9,2,1,4044.0,51,2,4044.6,14,1,4044.7,31,2,4044.8,1,1,4044.9,206,5
11483,2026-07-02 10:43:25+05:30,4043.6,1,4047.45,630845,149086.0,150514.0,4100.0,4110.0,4016.1,4092.6,23649150,4501.8,3683.4,4440.0,3288.1,4043.6,176,2,4043.5,161,2,4043.1,2,1,4043.0,56,5,4042.9,2,1,4044.0,51,2,4044.6,14,1,4044.7,19,1,4044.8,1,1,4044.9,223,6
11483,2026-07-02 10:43:26+05:30,4043.6,1,4047.45,630845,149086.0,150514.0,4100.0,4110.0,4016.1,4092.6,23649150,4501.8,3683.4,4440.0,3288.1,4043.6,176,2,4043.5,161,2,4043.1,2,1,4043.0,56,5,4042.9,2,1,4044.0,51,2,4044.6,14,1,4044.7,19,1,4044.8,1,1,4044.9,223,6
11483,2026-07-02 10:43:26+05:30,4044.0,15,4047.45,630845,149086.0,150514.0,4100.0,4110.0,4016.1,4092.6,23649150,4501.8,3683.4,4440.0,3288.1,4043.6,176,2,4043.5,161,2,4043.1,2,1,4043.0,56,5,4042.9,2,1,4044.0,51,2,4044.6,14,1,4044.7,19,1,4044.8,1,1,4044.9,223,6
11483,2026-07-02 10:43:26+05:30,4044.0,15,4047.45,630868,148825.0,150605.0,4100.0,4110.0,4016.1,4092.6,23649150,4501.8,3683.4,4440.0,3288.1,4043.6,176,2,4043.5,161,2,4043.0,56,5,4042.8,13,1,4042.7,200,3,4044.0,28,2,4044.7,19,1,4044.8,1,1,4044.9,218,5,4045.0,291,12
11483,2026-07-02 10:43:26+05:30,4044.0,15,4047.45,630868,148825.0,150605.0,4100.0,4110.0,4016.1,4092.6,23649150,4501.8,3683.4,4440.0,3288.1,4043.6,176,2,4043.5,161,2,4043.0,56,5,4042.8,13,1,4042.7,200,3,4044.0,28,2,4044.7,19,1,4044.8,1,1,4044.9,218,5,4045.0,291,12
11483,2026-07-02 10:43:27+05:30,4044.0,15,4047.45,630868,148825.0,150605.0,4100.0,4110.0,4016.1,4092.6,23649150,4501.8,3683.4,4440.0,3288.1,4043.6,176,2,4043.5,161,2,4043.0,56,5,4042.8,13,1,4042.7,200,3,4044.0,28,2,4044.7,19,1,4044.8,1,1,4044.9,218,5,4045.0,291,12
11483,2026-07-02 10:43:27+05:30,4044.0,4,4047.45,630868,148825.0,150605.0,4100.0,4110.0,4016.1,4092.6,23649150,4501.8,3683.4,4440.0,3288.1,4043.6,176,2,4043.5,161,2,4043.0,56,5,4042.8,13,1,4042.7,200,3,4044.0,28,2,4044.7,19,1,4044.8,1,1,4044.9,218,5,4045.0,291,12
11483,2026-07-02 10:43:27+05:30,4044.0,4,4047.45,630872,148828.0,150675.0,4100.0,4110.0,4016.1,4092.6,23649150,4501.8,3683.4,4440.0,3288.1,4043.6,176,2,4043.5,161,2,4043.0,56,5,4042.8,33,2,4042.7,204,5,4044.0,24,2,4044.7,19,1,4044.8,1,1,4044.9,218,5,4045.0,271,11
11483,2026-07-02 10:43:27+05:30,4044.0,4,4047.45,630872,148828.0,150675.0,4100.0,4110.0,4016.1,4092.6,23651600,4501.8,3683.4,4440.0,3288.1,4043.6,176,2,4043.5,161,2,4043.0,56,5,4042.8,33,2,4042.7,204,5,4044.0,24,2,4044.7,19,1,4044.8,1,1,4044.9,218,5,4045.0,271,11
11483,2026-07-02 10:43:28+05:30,4044.0,4,4047.45,630872,148828.0,150675.0,4100.0,4110.0,4016.1,4092.6,23651600,4501.8,3683.4,4440.0,3288.1,4043.6,176,2,4043.5,161,2,4043.0,56,5,4042.8,33,2,4042.7,204,5,4044.0,24,2,4044.7,19,1,4044.8,1,1,4044.9,218,5,4045.0,271,11
11483,2026-07-02 10:43:28+05:30,4043.6,4,4047.45,630872,148828.0,150675.0,4100.0,4110.0,4016.1,4092.6,23651600,4501.8,3683.4,4440.0,3288.1,4043.6,176,2,4043.5,161,2,4043.0,56,5,4042.8,33,2,4042.7,204,5,4044.0,24,2,4044.7,19,1,4044.8,1,1,4044.9,218,5,4045.0,271,11
11483,2026-07-02 10:43:28+05:30,4043.6,4,4047.45,630872,148828.0,150675.0,4100.0,4110.0,4016.1,4092.6,23651600,4501.8,3683.4,4440.0,3288.1,4043.6,176,2,4043.5,161,2,4043.0,56,5,4042.8,33,2,4042.7,204,5,4044.0,24,2,4044.7,19,1,4044.8,1,1,4044.9,218,5,4045.0,271,11
11483,2026-07-02 10:43:28+05:30,4044.0,8,4047.45,631134,148553.0,150633.0,4100.0,4110.0,4016.1,4092.6,23651600,4501.8,3683.4,4440.0,3288.1,4043.6,172,2,4043.5,161,2,4043.1,2,1,4043.0,56,5,4042.8,13,1,4044.0,43,2,4044.7,17,2,4044.8,41,4,4044.9,193,3,4045.0,310,13
11483,2026-07-02 10:43:28+05:30,4044.0,8,4047.45,631134,148553.0,150633.0,4100.0,4110.0,4016.1,4092.6,23651600,4501.8,3683.4,4440.0,3288.1,4043.6,172,2,4043.5,161,2,4043.1,2,1,4043.0,56,5,4042.8,13,1,4044.0,43,2,4044.7,17,2,4044.8,41,4,4044.9,193,3,4045.0,310,13
11483,2026-07-02 10:43:29+05:30,4044.0,8,4047.45,631134,148553.0,150633.0,4100.0,4110.0,4016.1,4092.6,23651600,4501.8,3683.4,4440.0,3288.1,4043.6,172,2,4043.5,161,2,4043.1,2,1,4043.0,56,5,4042.8,13,1,4044.0,43,2,4044.7,17,2,4044.8,41,4,4044.9,193,3,4045.0,310,13
11483,2026-07-02 10:43:29+05:30,4044.0,10,4047.45,631134,148553.0,150633.0,4100.0,4110.0,4016.1,4092.6,23651600,4501.8,3683.4,4440.0,3288.1,4043.6,172,2,4043.5,161,2,4043.1,2,1,4043.0,56,5,4042.8,13,1,4044.0,43,2,4044.7,17,2,4044.8,41,4,4044.9,193,3,4045.0,310,13
11483,2026-07-02 10:43:29+05:30,4044.0,10,4047.45,631134,148553.0,150633.0,4100.0,4110.0,4016.1,4092.6,23651600,4501.8,3683.4,4440.0,3288.1,4043.6,172,2,4043.5,161,2,4043.1,2,1,4043.0,56,5,4042.8,13,1,4044.0,43,2,4044.7,17,2,4044.8,41,4,4044.9,193,3,4045.0,310,13
11483,2026-07-02 10:43:29+05:30,4044.0,10,4047.45,631148,148607.0,150634.0,4100.0,4110.0,4016.1,4092.6,23651600,4501.8,3683.4,4440.0,3288.1,4043.6,172,2,4043.5,161,2,4043.1,2,1,4043.0,56,5,4042.8,13,1,4044.0,29,2,4044.3,9,1,4044.6,9,1,4044.7,9,1,4044.8,41,4
11483,2026-07-02 10:43:30+05:30,4044.0,1,4047.45,631148,148607.0,150634.0,4100.0,4110.0,4016.1,4092.6,23651600,4501.8,3683.4,4440.0,3288.1,4043.6,172,2,4043.5,161,2,4043.1,2,1,4043.0,56,5,4042.8,13,1,4044.0,29,2,4044.3,9,1,4044.6,9,1,4044.7,9,1,4044.8,41,4
11483,2026-07-02 10:43:30+05:30,4044.0,4,4047.45,631156,148623.0,150606.0,4100.0,4110.0,4016.1,4092.6,23651600,4501.8,3683.4,4440.0,3288.1,4043.6,172,2,4043.5,161,2,4043.1,2,1,4043.0,56,5,4042.8,13,1,4044.0,31,3,4044.2,8,1,4044.3,9,1,4044.6,9,1,4044.7,9,1
11483,2026-07-02 10:43:31+05:30,4044.0,4,4047.45,631156,148623.0,150606.0,4100.0,4110.0,4016.1,4092.6,23651600,4501.8,3683.4,4440.0,3288.1,4043.6,172,2,4043.5,161,2,4043.1,2,1,4043.0,56,5,4042.8,13,1,4044.0,31,3,4044.2,8,1,4044.3,9,1,4044.6,9,1,4044.7,9,1
11483,2026-07-02 10:43:31+05:30,4044.0,4,4047.45,631156,148627.0,150632.0,4100.0,4110.0,4016.1,4092.6,23651600,4501.8,3683.4,4440.0,3288.1,4043.6,172,2,4043.5,161,2,4043.1,2,1,4043.0,56,5,4042.8,13,1,4044.0,31,3,4044.3,9,1,4044.4,11,1,4044.6,9,1,4044.7,9,1
11483,2026-07-02 10:43:32+05:30,4044.0,1,4047.45,631156,148627.0,150632.0,4100.0,4110.0,4016.1,4092.6,23651600,4501.8,3683.4,4440.0,3288.1,4043.6,172,2,4043.5,161,2,4043.1,2,1,4043.0,56,5,4042.8,13,1,4044.0,31,3,4044.3,9,1,4044.4,11,1,4044.6,9,1,4044.7,9,1
11483,2026-07-02 10:43:32+05:30,4043.6,1,4047.45,631158,148633.0,150676.0,4100.0,4110.0,4016.1,4092.6,23651600,4501.8,3683.4,4440.0,3288.1,4043.6,178,3,4043.5,161,2,4043.1,2,1,4043.0,56,5,4042.8,13,1,4044.0,30,3,4044.7,18,2,4044.8,31,3,4044.9,193,3,4045.0,316,14
11483,2026-07-02 10:43:33+05:30,4043.6,1,4047.45,631158,148633.0,150676.0,4100.0,4110.0,4016.1,4092.6,23651600,4501.8,3683.4,4440.0,3288.1,4043.6,178,3,4043.5,161,2,4043.1,2,1,4043.0,56,5,4042.8,13,1,4044.0,30,3,4044.7,18,2,4044.8,31,3,4044.9,193,3,4045.0,316,14
11483,2026-07-02 10:43:34+05:30,4043.6,1,4047.45,631160,148682.0,150530.0,4100.0,4110.0,4016.1,4092.6,23651600,4501.8,3683.4,4440.0,3288.1,4043.6,176,3,4043.5,161,2,4043.1,2,1,4043.0,56,5,4042.8,35,3,4044.0,30,3,4044.8,18,2,4044.9,193,3,4045.0,297,13,4045.1,64,3
11483,2026-07-02 10:43:34+05:30,4044.0,5,4047.45,631160,148682.0,150530.0,4100.0,4110.0,4016.1,4092.6,23651600,4501.8,3683.4,4440.0,3288.1,4043.6,176,3,4043.5,161,2,4043.1,2,1,4043.0,56,5,4042.8,35,3,4044.0,30,3,4044.8,18,2,4044.9,193,3,4045.0,297,13,4045.1,64,3
11483,2026-07-02 10:43:35+05:30,4043.6,3,4047.45,631366,148434.0,150739.0,4100.0,4110.0,4016.1,4092.6,23651600,4501.8,3683.4,4440.0,3288.1,4043.6,4,1,4043.5,161,2,4043.1,2,1,4043.0,56,5,4042.7,185,3,4044.0,25,3,4044.8,44,3,4044.9,210,4,4045.0,297,13,4045.1,64,3
11483,2026-07-02 10:43:35+05:30,4043.6,3,4047.45,631366,148434.0,150739.0,4100.0,4110.0,4016.1,4092.6,23651600,4501.8,3683.4,4440.0,3288.1,4043.6,4,1,4043.5,161,2,4043.1,2,1,4043.0,56,5,4042.7,185,3,4044.0,25,3,4044.8,44,3,4044.9,210,4,4045.0,297,13,4045.1,64,3
11483,2026-07-02 10:43:36+05:30,4043.6,1,4047.45,631367,148484.0,150754.0,4100.0,4110.0,4016.1,4092.6,23651600,4501.8,3683.4,4440.0,3288.1,4043.6,3,1,4043.5,161,2,4043.1,2,1,4043.0,57,6,4042.7,185,3,4044.0,25,3,4044.8,52,2,4044.9,219,5,4045.0,297,13,4045.1,64,3
11483,2026-07-02 10:43:36+05:30,4043.6,1,4047.45,631367,148484.0,150754.0,4100.0,4110.0,4016.1,4092.6,23651600,4501.8,3683.4,4440.0,3288.1,4043.6,3,1,4043.5,161,2,4043.1,2,1,4043.0,57,6,4042.7,185,3,4044.0,25,3,4044.8,52,2,4044.9,219,5,4045.0,297,13,4045.1,64,3
11483,2026-07-02 10:43:37+05:30,4043.6,1,4047.45,631369,148524.0,150779.0,4100.0,4110.0,4016.1,4092.6,23651600,4501.8,3683.4,4440.0,3288.1,4043.6,2,2,4043.5,161,2,4043.1,2,1,4043.0,57,6,4042.7,185,3,4044.0,105,4,4044.8,1,1,4044.9,219,5,4045.0,297,13,4045.1,64,3
11483,2026-07-02 10:43:37+05:30,4043.6,1,4047.45,631369,148524.0,150779.0,4100.0,4110.0,4016.1,4092.6,23651600,4501.8,3683.4,4440.0,3288.1,4043.6,2,2,4043.5,161,2,4043.1,2,1,4043.0,57,6,4042.7,185,3,4044.0,105,4,4044.8,1,1,4044.9,219,5,4045.0,297,13,4045.1,64,3
11483,2026-07-02 10:43:38+05:30,4044.0,1,4047.45,631471,148637.0,150646.0,4100.0,4110.0,4016.1,4092.6,23651600,4501.8,3683.4,4440.0,3288.1,4043.6,1,1,4043.5,161,2,4043.1,2,1,4043.0,57,6,4042.7,185,3,4044.0,5,2,4044.8,1,1,4044.9,219,5,4045.0,297,13,4045.1,64,3
11483,2026-07-02 10:43:38+05:30,4044.0,1,4047.45,631471,148637.0,150646.0,4100.0,4110.0,4016.1,4092.6,23651600,4501.8,3683.4,4440.0,3288.1,4043.6,1,1,4043.5,161,2,4043.1,2,1,4043.0,57,6,4042.7,185,3,4044.0,5,2,4044.8,1,1,4044.9,219,5,4045.0,297,13,4045.1,64,3
11483,2026-07-02 10:43:39+05:30,4044.0,2,4047.45,631474,148661.0,150769.0,4100.0,4110.0,4016.1,4092.6,23651600,4501.8,3683.4,4440.0,3288.1,4043.5,161,2,4043.1,2,1,4043.0,57,6,4042.7,185,3,4042.6,38,3,4044.0,3,2,4044.8,25,2,4044.9,219,5,4045.0,297,13,4045.1,64,3
11483,2026-07-02 10:43:39+05:30,4044.0,2,4047.45,631474,148661.0,150769.0,4100.0,4110.0,4016.1,4092.6,23651600,4501.8,3683.4,4440.0,3288.1,4043.5,161,2,4043.1,2,1,4043.0,57,6,4042.7,185,3,4042.6,38,3,4044.0,3,2,4044.8,25,2,4044.9,219,5,4045.0,297,13,4045.1,64,3
11483,2026-07-02 10:43:40+05:30,4043.5,1,4047.45,631475,148660.0,150770.0,4100.0,4110.0,4016.1,4092.6,23651600,4501.8,3683.4,4440.0,3288.1,4043.5,160,2,4043.1,2,1,4043.0,57,6,4042.7,187,4,4042.6,36,2,4044.0,3,2,4044.8,22,2,4044.9,219,5,4045.0,297,13,4045.1,64,3
11483,2026-07-02 10:43:40+05:30,4043.5,1,4047.45,631475,148660.0,150770.0,4100.0,4110.0,4016.1,4092.6,23651600,4501.8,3683.4,4440.0,3288.1,4043.5,160,2,4043.1,2,1,4043.0,57,6,4042.7,187,4,4042.6,36,2,4044.0,3,2,4044.8,22,2,4044.9,219,5,4045.0,297,13,4045.1,64,3
11483,2026-07-02 10:43:41+05:30,4043.5,1,4047.45,631477,148649.0,150797.0,4100.0,4110.0,4016.1,4092.6,23651600,4501.8,3683.4,4440.0,3288.1,4043.5,159,2,4043.1,2,1,4043.0,63,7,4042.7,187,4,4042.6,19,1,4044.0,2,2,4044.8,27,3,4044.9,202,4,4045.0,297,13,4045.1,64,3
11483,2026-07-02 10:43:41+05:30,4043.5,1,4047.45,631477,148649.0,150797.0,4100.0,4110.0,4016.1,4092.6,23651600,4501.8,3683.4,4440.0,3288.1,4043.5,159,2,4043.1,2,1,4043.0,63,7,4042.7,187,4,4042.6,19,1,4044.0,2,2,4044.8,27,3,4044.9,202,4,4045.0,297,13,4045.1,64,3
11483,2026-07-02 10:43:42+05:30,4043.5,1,4047.45,631478,148671.0,150781.0,4100.0,4110.0,4016.1,4092.6,23651600,4501.8,3683.4,4440.0,3288.1,4043.5,158,2,4043.1,2,1,4043.0,65,8,4042.7,203,5,4042.6,19,1,4044.0,2,2,4044.8,26,2,4044.9,202,4,4045.0,297,13,4045.1,64,3
11483,2026-07-02 10:43:42+05:30,4043.5,1,4047.45,631478,148671.0,150781.0,4100.0,4110.0,4016.1,4092.6,23651600,4501.8,3683.4,4440.0,3288.1,4043.5,158,2,4043.1,2,1,4043.0,65,8,4042.7,203,5,4042.6,19,1,4044.0,2,2,4044.8,26,2,4044.9,202,4,4045.0,297,13,4045.1,64,3
11483,2026-07-02 10:43:43+05:30,4043.5,1,4047.45,631479,148654.0,150920.0,4100.0,4110.0,4016.1,4092.6,23651600,4501.8,3683.4,4440.0,3288.1,4043.5,157,2,4043.1,2,1,4043.0,65,8,4042.7,187,4,4042.6,19,1,4044.0,2,2,4044.8,47,4,4044.9,202,4,4045.0,297,13,4045.1,64,3
11483,2026-07-02 10:43:43+05:30,4043.5,1,4047.45,631479,148654.0,150920.0,4100.0,4110.0,4016.1,4092.6,23651600,4501.8,3683.4,4440.0,3288.1,4043.5,157,2,4043.1,2,1,4043.0,65,8,4042.7,187,4,4042.6,19,1,4044.0,2,2,4044.8,47,4,4044.9,202,4,4045.0,297,13,4045.1,64,3
11483,2026-07-02 10:43:44+05:30,4043.5,1,4047.45,631480,148796.0,150982.0,4100.0,4110.0,4016.1,4092.6,23651600,4501.8,3683.4,4440.0,3288.1,4043.5,156,2,4043.0,65,8,4042.7,183,2,4042.6,19,1,4042.5,54,3,4044.0,2,2,4044.6,8,1,4044.7,68,1,4044.8,27,3,4044.9,207,5
11483,2026-07-02 10:43:44+05:30,4043.5,1,4047.45,631480,148796.0,150982.0,4100.0,4110.0,4016.1,4092.6,23651600,4501.8,3683.4,4440.0,3288.1,4043.5,156,2,4043.0,65,8,4042.7,183,2,4042.6,19,1,4042.5,54,3,4044.0,2,2,4044.6,8,1,4044.7,68,1,4044.8,27,3,4044.9,207,5
11483,2026-07-02 10:43:45+05:30,4043.5,1,4047.45,631480,148796.0,150982.0,4100.0,4110.0,4016.1,4092.6,23651600,4501.8,3683.4,4440.0,3288.1,4043.5,156,2,4043.0,65,8,4042.7,183,2,4042.6,19,1,4042.5,54,3,4044.0,2,2,4044.6,8,1,4044.7,68,1,4044.8,27,3,4044.9,207,5
11483,2026-07-02 10:43:45+05:30,4043.5,1,4047.45,631531,148879.0,150880.0,4100.0,4110.0,4016.1,4092.6,23651600,4501.8,3683.4,4440.0,3288.1,4043.5,155,2,4043.1,18,2,4043.0,65,8,4042.8,20,1,4042.7,185,3,4044.0,1,1,4044.7,12,1,4044.8,41,4,4044.9,207,5,4045.0,335,14
11483,2026-07-02 10:43:46+05:30,4044.0,1,4047.45,631531,148879.0,150880.0,4100.0,4110.0,4016.1,4092.6,23651600,4501.8,3683.4,4440.0,3288.1,4044.0,55,3,4043.5,155,2,4043.1,18,2,4043.0,65,8,4042.9,2,1,4044.8,11,2,4044.9,175,2,4045.0,277,12,4045.1,21,1,4045.2,9,1
11483,2026-07-02 10:43:46+05:30,4044.0,1,4047.45,631544,148934.0,150823.0,4100.0,4110.0,4016.1,4092.6,23651600,4501.8,3683.4,4440.0,3288.1,4044.0,55,3,4043.5,155,2,4043.1,18,2,4043.0,65,8,4042.9,2,1,4044.8,11,2,4044.9,175,2,4045.0,277,12,4045.1,21,1,4045.2,9,1
11483,2026-07-02 10:43:47+05:30,4044.0,5,4047.45,631544,148934.0,150823.0,4100.0,4110.0,4016.1,4092.6,23651600,4501.8,3683.4,4440.0,3288.1,4043.5,155,2,4043.1,2,1,4043.0,65,8,4042.7,187,4,4042.6,19,1,4044.0,5,1,4044.7,12,1,4044.8,23,3,4044.9,175,2,4045.0,315,13
11483,2026-07-02 10:43:47+05:30,4044.0,5,4047.45,631605,148854.0,150907.0,4100.0,4110.0,4016.1,4092.6,23651600,4501.8,3683.4,4440.0,3288.1,4043.5,155,2,4043.1,2,1,4043.0,65,8,4042.7,187,4,4042.6,19,1,4044.0,5,1,4044.7,12,1,4044.8,23,3,4044.9,175,2,4045.0,315,13
11483,2026-07-02 10:43:48+05:30,4043.5,1,4047.45,631605,148854.0,150907.0,4100.0,4110.0,4016.1,4092.6,23651600,4501.8,3683.4,4440.0,3288.1,4043.5,155,2,4043.1,2,1,4043.0,65,8,4042.7,187,4,4042.6,19,1,4044.0,5,1,4044.7,12,1,4044.8,23,3,4044.9,175,2,4045.0,315,13
11483,2026-07-02 10:43:48+05:30,4043.5,1,4047.45,631606,148839.0,151007.0,4100.0,4110.0,4016.1,4092.6,23651600,4501.8,3683.4,4440.0,3288.1,4043.5,154,2,4043.1,2,1,4043.0,65,8,4042.8,22,2,4042.7,185,3,4044.0,6,2,4044.8,40,3,4044.9,175,2,4045.0,315,13,4045.1,2,1
11483,2026-07-02 10:43:49+05:30,4043.6,1,4047.45,631606,148839.0,151007.0,4100.0,4110.0,4016.1,4092.6,23651600,4501.8,3683.4,4440.0,3288.1,4043.5,154,2,4043.1,2,1,4043.0,65,8,4042.8,22,2,4042.7,185,3,4044.0,6,2,4044.8,40,3,4044.9,175,2,4045.0,315,13,4045.1,2,1
11483,2026-07-02 10:43:49+05:30,4043.6,1,4047.45,631607,149361.0,151153.0,4100.0,4110.0,4016.1,4092.6,23651600,4501.8,3683.4,4440.0,3288.1,4043.6,49,1,4043.5,164,3,4043.1,2,1,4043.0,65,8,4042.8,20,1,4044.0,6,2,4044.7,157,1,4044.8,11,2,4044.9,175,2,4045.0,325,14
11483,2026-07-02 10:43:50+05:30,4044.0,1,4047.45,631607,149361.0,151153.0,4100.0,4110.0,4016.1,4092.6,23651600,4501.8,3683.4,4440.0,3288.1,4043.6,49,1,4043.5,164,3,4043.1,2,1,4043.0,65,8,4042.8,20,1,4044.0,6,2,4044.7,157,1,4044.8,11,2,4044.9,175,2,4045.0,325,14
11483,2026-07-02 10:43:50+05:30,4044.0,1,4047.45,631629,149389.0,151149.0,4100.0,4110.0,4016.1,4092.6,23651600,4501.8,3683.4,4440.0,3288.1,4043.6,28,1,4043.5,164,3,4043.1,2,1,4043.0,65,8,4042.8,20,1,4044.0,5,2,4044.7,158,2,4044.8,10,1,4044.9,175,2,4045.0,325,14
11483,2026-07-02 10:43:51+05:30,4044.0,1,4047.45,631629,149389.0,151149.0,4100.0,4110.0,4016.1,4092.6,23651600,4501.8,3683.4,4440.0,3288.1,4043.6,28,1,4043.5,164,3,4043.1,2,1,4043.0,65,8,4042.8,20,1,4044.0,5,2,4044.7,158,2,4044.8,10,1,4044.9,175,2,4045.0,325,14
11483,2026-07-02 10:43:51+05:30,4044.0,1,4047.45,631681,149560.0,151061.0,4100.0,4110.0,4016.1,4092.6,23651600,4501.8,3683.4,4440.0,3288.1,4043.6,27,1,4043.5,164,3,4043.1,2,1,4043.0,65,8,4042.8,20,1,4044.0,4,1,4044.4,11,1,4044.7,172,2,4044.8,18,2,4044.9,191,3
11483,2026-07-02 10:43:52+05:30,4044.0,1,4047.45,631681,149561.0,151275.0,4100.0,4110.0,4016.1,4092.6,23651600,4501.8,3683.4,4440.0,3288.1,4043.6,27,1,4043.5,164,3,4043.1,2,1,4043.0,65,8,4042.8,20,1,4044.0,5,2,4044.4,11,1,4044.6,34,1,4044.7,172,2,4044.8,18,2
11483,2026-07-02 10:43:53+05:30,4044.0,1,4047.45,631681,149561.0,151275.0,4100.0,4110.0,4016.1,4092.6,23651600,4501.8,3683.4,4440.0,3288.1,4043.6,27,1,4043.5,164,3,4043.1,2,1,4043.0,65,8,4042.8,20,1,4044.0,5,2,4044.4,11,1,4044.6,34,1,4044.7,172,2,4044.8,18,2
11483,2026-07-02 10:43:53+05:30,4044.0,1,4047.45,631682,149560.0,151253.0,4100.0,4110.0,4016.1,4092.6,23651600,4501.8,3683.4,4440.0,3288.1,4043.6,27,1,4043.5,164,3,4043.1,2,1,4043.0,65,8,4042.8,20,1,4044.0,15,4,4044.4,11,1,4044.7,172,2,4044.8,18,2,4044.9,191,3
11483,2026-07-02 10:43:54+05:30,4043.6,2,4047.45,631682,149560.0,151253.0,4100.0,4110.0,4016.1,4092.6,23651600,4501.8,3683.4,4440.0,3288.1,4043.6,27,1,4043.5,164,3,4043.1,2,1,4043.0,65,8,4042.8,20,1,4044.0,15,4,4044.4,11,1,4044.7,172,2,4044.8,18,2,4044.9,191,3
11483,2026-07-02 10:43:54+05:30,4043.6,2,4047.45,631685,149570.0,151252.0,4100.0,4110.0,4016.1,4092.6,23651600,4501.8,3683.4,4440.0,3288.1,4043.6,25,1,4043.5,164,3,4043.1,2,1,4043.0,65,8,4042.8,20,1,4044.0,14,4,4044.4,11,1,4044.7,172,2,4044.8,18,2,4044.9,191,3
11483,2026-07-02 10:43:55+05:30,4044.0,1,4047.45,631685,149570.0,151252.0,4100.0,4110.0,4016.1,4092.6,23651600,4501.8,3683.4,4440.0,3288.1,4043.6,25,1,4043.5,164,3,4043.1,2,1,4043.0,65,8,4042.8,20,1,4044.0,14,4,4044.4,11,1,4044.7,172,2,4044.8,18,2,4044.9,191,3
11483,2026-07-02 10:43:55+05:30,4044.0,1,4047.45,631686,149486.0,151455.0,4100.0,4110.0,4016.1,4092.6,23651600,4501.8,3683.4,4440.0,3288.1,4043.6,25,1,4043.5,164,3,4043.1,2,1,4043.0,65,8,4042.7,205,4,4044.0,15,5,4044.7,173,3,4044.8,28,2,4044.9,193,4,4045.0,306,14
11483,2026-07-02 10:43:56+05:30,4043.6,1,4047.45,631686,149486.0,151455.0,4100.0,4110.0,4016.1,4092.6,23651600,4501.8,3683.4,4440.0,3288.1,4043.6,25,1,4043.5,164,3,4043.1,2,1,4043.0,65,8,4042.7,205,4,4044.0,15,5,4044.7,173,3,4044.8,28,2,4044.9,193,4,4045.0,306,14
11483,2026-07-02 10:43:56+05:30,4043.6,1,4047.45,631687,149485.0,151457.0,4100.0,4110.0,4016.1,4092.6,23651600,4501.8,3683.4,4440.0,3288.1,4043.6,24,1,4043.5,164,3,4043.1,2,1,4043.0,65,8,4042.7,205,4,4044.0,14,4,4044.7,173,3,4044.8,28,2,4044.9,193,4,4045.0,306,14
11483,2026-07-02 10:43:57+05:30,4043.6,16,4047.45,631687,149485.0,151457.0,4100.0,4110.0,4016.1,4092.6,23651600,4501.8,3683.4,4440.0,3288.1,4043.6,24,1,4043.5,164,3,4043.1,2,1,4043.0,65,8,4042.7,205,4,4044.0,14,4,4044.7,173,3,4044.8,28,2,4044.9,193,4,4045.0,306,14
11483,2026-07-02 10:43:57+05:30,4044.0,3,4047.45,631708,149475.0,151535.0,4100.0,4110.0,4016.1,4092.6,23651600,4501.8,3683.4,4440.0,3288.1,4043.6,8,1,4043.5,169,4,4043.1,2,1,4043.0,65,8,4042.7,183,2,4044.0,84,4,4044.7,173,3,4044.8,36,3,4044.9,213,5,4045.0,306,14
11483,2026-07-02 10:43:58+05:30,4043.6,1,4047.45,631708,149475.0,151535.0,4100.0,4110.0,4016.1,4092.6,23651600,4501.8,3683.4,4440.0,3288.1,4043.6,8,1,4043.5,169,4,4043.1,2,1,4043.0,65,8,4042.7,183,2,4044.0,84,4,4044.7,173,3,4044.8,36,3,4044.9,213,5,4045.0,306,14
11483,2026-07-02 10:43:59+05:30,4043.6,1,4047.45,631709,149474.0,151569.0,4100.0,4110.0,4016.1,4092.6,23651600,4501.8,3683.4,4440.0,3288.1,4043.6,7,1,4043.5,169,4,4043.1,2,1,4043.0,65,8,4042.7,197,3,4044.0,106,6,4044.7,173,3,4044.8,36,3,4044.9,213,5,4045.0,306,14
11483,2026-07-02 10:44:00+05:30,4043.6,1,4047.45,631709,149421.0,151752.0,4100.0,4110.0,4016.1,4092.6,23651600,4501.8,3683.4,4440.0,3288.1,4043.6,7,1,4043.5,169,4,4043.1,2,1,4043.0,65,8,4042.7,183,2,4044.0,340,8,4044.3,10,1,4044.4,10,1,4044.7,173,3,4044.8,30,3
11483,2026-07-02 10:44:00+05:30,4044.0,10,4047.45,631709,149421.0,151752.0,4100.0,4110.0,4016.1,4092.6,23651600,4501.8,3683.4,4440.0,3288.1,4043.6,7,1,4043.5,169,4,4043.1,2,1,4043.0,65,8,4042.7,183,2,4044.0,340,8,4044.3,10,1,4044.4,10,1,4044.7,173,3,4044.8,30,3
11483,2026-07-02 10:44:01+05:30,4044.0,5,4047.45,631739,149724.0,151713.0,4100.0,4110.0,4016.1,4092.6,23651600,4501.8,3683.4,4440.0,3288.1,4043.6,7,1,4043.5,159,3,4043.1,2,1,4043.0,65,8,4042.7,183,2,4044.0,316,7,4044.3,10,1,4044.4,10,1,4044.7,173,3,4044.8,30,3
11483,2026-07-02 10:44:01+05:30,4044.0,5,4047.45,631739,149724.0,151713.0,4100.0,4110.0,4016.1,4092.6,23651600,4501.8,3683.4,4440.0,3288.1,4043.6,7,1,4043.5,159,3,4043.1,2,1,4043.0,65,8,4042.7,183,2,4044.0,316,7,4044.3,10,1,4044.4,10,1,4044.7,173,3,4044.8,30,3
11483,2026-07-02 10:44:02+05:30,4044.0,5,4047.45,631739,149674.0,151747.0,4100.0,4110.0,4016.1,4092.6,23651600,4501.8,3683.4,4440.0,3288.1,4043.6,12,2,4043.5,159,3,4043.1,2,1,4043.0,65,8,4042.7,183,2,4044.0,341,8,4044.3,10,1,4044.4,10,1,4044.7,173,3,4044.8,30,3
11483,2026-07-02 10:44:02+05:30,4043.6,1,4047.45,631739,149674.0,151747.0,4100.0,4110.0,4016.1,4092.6,23651600,4501.8,3683.4,4440.0,3288.1,4043.6,12,2,4043.5,159,3,4043.1,2,1,4043.0,65,8,4042.7,183,2,4044.0,341,8,4044.3,10,1,4044.4,10,1,4044.7,173,3,4044.8,30,3
11483,2026-07-02 10:44:03+05:30,4043.6,1,4047.45,631755,149580.0,151791.0,4100.0,4110.0,4016.1,4092.6,23651600,4501.8,3683.4,4440.0,3288.1,4043.6,12,3,4043.5,159,3,4043.1,2,1,4043.0,65,8,4042.7,183,2,4044.0,326,7,4044.7,173,3,4044.8,30,3,4044.9,219,5,4045.0,306,14
11483,2026-07-02 10:44:04+05:30,4044.0,5,4047.45,631760,149575.0,151785.0,4100.0,4110.0,4016.1,4092.6,23651600,4501.8,3683.4,4440.0,3288.1,4043.6,7,2,4043.5,159,3,4043.1,2,1,4043.0,65,8,4042.7,183,2,4044.0,321,7,4044.7,173,3,4044.8,30,3,4044.9,219,5,4045.0,306,14
11483,2026-07-02 10:44:04+05:30,4044.0,5,4047.45,631760,149575.0,151785.0,4100.0,4110.0,4016.1,4092.6,23651600,4501.8,3683.4,4440.0,3288.1,4043.6,7,2,4043.5,159,3,4043.1,2,1,4043.0,65,8,4042.7,183,2,4044.0,321,7,4044.7,173,3,4044.8,30,3,4044.9,219,5,4045.0,306,14
11483,2026-07-02 10:44:05+05:30,4044.0,5,4047.45,631760,149582.0,151748.0,4100.0,4110.0,4016.1,4092.6,23651600,4501.8,3683.4,4440.0,3288.1,4043.7,3,1,4043.6,7,2,4043.5,159,3,4043.1,2,1,4043.0,65,8,4044.0,321,7,4044.7,173,3,4044.8,30,3,4044.9,219,5,4045.0,306,14
11483,2026-07-02 10:44:06+05:30,4044.0,7,4047.45,631767,149689.0,151739.0,4100.0,4110.0,4016.1,4092.6,23651600,4501.8,3683.4,4440.0,3288.1,4043.7,3,1,4043.6,7,2,4043.5,159,3,4043.1,2,1,4043.0,65,8,4044.0,314,7,4044.7,173,3,4044.8,30,3,4044.9,209,4,4045.0,306,14
11483,2026-07-02 10:44:06+05:30,4044.0,7,4047.45,631767,149689.0,151739.0,4100.0,4110.0,4016.1,4092.6,23651600,4501.8,3683.4,4440.0,3288.1,4043.7,3,1,4043.6,7,2,4043.5,159,3,4043.1,2,1,4043.0,65,8,4044.0,314,7,4044.7,173,3,4044.8,30,3,4044.9,209,4,4045.0,306,14
11483,2026-07-02 10:44:07+05:30,4044.0,1,4047.45,631778,149689.0,151722.0,4100.0,4110.0,4016.1,4092.6,23651600,4501.8,3683.4,4440.0,3288.1,4043.7,3,1,4043.6,7,2,4043.5,159,3,4043.1,2,1,4043.0,65,8,4044.0,303,7,4044.7,173,3,4044.8,30,3,4044.9,209,4,4045.0,306,14
11483,2026-07-02 10:44:07+05:30,4044.0,11,4047.45,631778,149689.0,151722.0,4100.0,4110.0,4016.1,4092.6,23651600,4501.8,3683.4,4440.0,3288.1,4043.7,3,1,4043.6,7,2,4043.5,159,3,4043.1,2,1,4043.0,65,8,4044.0,303,7,4044.7,173,3,4044.8,30,3,4044.9,209,4,4045.0,306,14
11483,2026-07-02 10:44:08+05:30,4044.0,11,4047.45,631807,149671.0,151724.0,4100.0,4110.0,4016.1,4092.6,23651600,4501.8,3683.4,4440.0,3288.1,4043.6,7,2,4043.5,159,3,4043.0,65,8,4042.7,205,4,4042.6,40,3,4044.0,327,7,4044.7,173,3,4044.8,10,1,4044.9,211,5,4045.0,327,15
11483,2026-07-02 10:44:09+05:30,4043.9,2,4047.45,631809,149645.0,151775.0,4100.0,4110.0,4016.1,4092.6,23651600,4501.8,3683.4,4440.0,3288.1,4043.6,7,2,4043.5,159,3,4043.1,2,1,4043.0,65,8,4042.7,185,3,4043.9,230,2,4044.0,346,8,4044.7,16,2,4044.8,32,3,4044.9,209,4
11483,2026-07-02 10:44:09+05:30,4043.9,2,4047.45,631809,149645.0,151775.0,4100.0,4110.0,4016.1,4092.6,23651600,4501.8,3683.4,4440.0,3288.1,4043.6,7,2,4043.5,159,3,4043.1,2,1,4043.0,65,8,4042.7,185,3,4043.9,230,2,4044.0,346,8,4044.7,16,2,4044.8,32,3,4044.9,209,4
11483,2026-07-02 10:44:10+05:30,4043.9,2,4047.45,631809,149682.0,151774.0,4100.0,4110.0,4016.1,4092.6,23651600,4501.8,3683.4,4440.0,3288.1,4043.6,7,2,4043.5,159,3,4043.1,2,1,4043.0,65,8,4042.7,185,3,4043.9,235,3,4044.0,339,6,4044.7,16,2,4044.8,32,3,4044.9,209,4
11483,2026-07-02 10:44:11+05:30,4043.9,2,4047.45,631809,149844.0,151786.0,4100.0,4110.0,4016.1,4092.6,23651600,4501.8,3683.4,4440.0,3288.1,4043.6,7,2,4043.5,159,3,4043.1,2,1,4043.0,65,8,4042.7,185,3,4043.8,1,1,4043.9,235,3,4044.0,339,6,4044.7,16,2,4044.8,32,3
11483,2026-07-02 10:44:12+05:30,4043.9,2,4047.45,631809,149854.0,151926.0,4100.0,4110.0,4016.1,4092.6,23651600,4501.8,3683.4,4440.0,3288.1,4043.6,7,2,4043.5,159,3,4043.1,2,1,4043.0,65,8,4042.7,185,3,4043.8,1,1,4043.9,230,2,4044.0,339,6,4044.7,16,2,4044.8,32,3
11483,2026-07-02 10:44:12+05:30,4043.5,7,4047.45,631809,149854.0,151926.0,4100.0,4110.0,4016.1,4092.6,23651600,4501.8,3683.4,4440.0,3288.1,4043.6,7,2,4043.5,159,3,4043.1,2,1,4043.0,65,8,4042.7,185,3,4043.8,1,1,4043.9,230,2,4044.0,339,6,4044.7,16,2,4044.8,32,3
11483,2026-07-02 10:44:13+05:30,4043.9,89,4047.45,631923,149932.0,151765.0,4100.0,4110.0,4016.1,4092.6,23651600,4501.8,3683.4,4440.0,3288.1,4043.6,25,1,4043.5,152,3,4043.1,2,1,4043.0,65,8,4042.7,205,4,4043.9,141,2,4044.0,339,6,4044.7,16,2,4044.8,32,3,4044.9,209,4
11483,2026-07-02 10:44:13+05:30,4043.9,5,4047.45,631923,149932.0,151765.0,4100.0,4110.0,4016.1,4092.6,23651600,4501.8,3683.4,4440.0,3288.1,4043.6,25,1,4043.5,152,3,4043.1,2,1,4043.0,65,8,4042.7,205,4,4043.9,141,2,4044.0,339,6,4044.7,16,2,4044.8,32,3,4044.9,209,4
11483,2026-07-02 10:44:14+05:30,4043.9,5,4047.45,631928,149944.0,151770.0,4100.0,4110.0,4016.1,4092.6,23651600,4501.8,3683.4,4440.0,3288.1,4043.6,25,1,4043.5,152,3,4043.1,2,1,4043.0,65,8,4042.7,185,3,4043.9,139,3,4044.0,339,6,4044.7,16,2,4044.8,32,3,4044.9,209,4
11483,2026-07-02 10:44:15+05:30,4043.9,5,4047.44,631933,150029.0,151510.0,4100.0,4110.0,4016.1,4092.6,23651600,4501.8,3683.4,4440.0,3288.1,4043.6,25,1,4043.5,152,3,4043.1,2,1,4043.0,65,8,4042.7,203,3,4043.9,134,3,4044.0,339,6,4044.7,17,2,4044.8,30,2,4044.9,122,3
11483,2026-07-02 10:44:15+05:30,4043.9,10,4047.44,631933,150029.0,151510.0,4100.0,4110.0,4016.1,4092.6,23651600,4501.8,3683.4,4440.0,3288.1,4043.6,25,1,4043.5,152,3,4043.1,2,1,4043.0,65,8,4042.7,203,3,4043.9,134,3,4044.0,339,6,4044.7,17,2,4044.8,30,2,4044.9,122,3
11483,2026-07-02 10:44:16+05:30,4043.9,3,4047.44,631950,150034.0,151510.0,4100.0,4110.0,4016.1,4092.6,23651600,4501.8,3683.4,4440.0,3288.1,4043.6,24,1,4043.5,152,3,4043.1,2,1,4043.0,65,8,4042.7,203,3,4043.9,118,3,4044.0,339,6,4044.7,17,2,4044.8,30,2,4044.9,120,2
11483,2026-07-02 10:44:16+05:30,4043.9,2,4047.44,631950,150034.0,151510.0,4100.0,4110.0,4016.1,4092.6,23651600,4501.8,3683.4,4440.0,3288.1,4043.6,24,1,4043.5,152,3,4043.1,2,1,4043.0,65,8,4042.7,203,3,4043.9,118,3,4044.0,339,6,4044.7,17,2,4044.8,30,2,4044.9,120,2
11483,2026-07-02 10:44:17+05:30,4043.9,2,4047.44,631952,150055.0,151490.0,4100.0,4110.0,4016.1,4092.6,23651600,4501.8,3683.4,4440.0,3288.1,4043.6,24,1,4043.5,152,3,4043.1,2,1,4043.0,65,8,4042.7,203,3,4043.9,116,3,4044.0,339,6,4044.7,17,2,4044.8,10,1,4044.9,120,2
11483,2026-07-02 10:44:17+05:30,4043.9,5,4047.44,631952,150055.0,151490.0,4100.0,4110.0,4016.1,4092.6,23651600,4501.8,3683.4,4440.0,3288.1,4043.6,24,1,4043.5,152,3,4043.1,2,1,4043.0,65,8,4042.7,203,3,4043.9,116,3,4044.0,339,6,4044.7,17,2,4044.8,10,1,4044.9,120,2
11483,2026-07-02 10:44:18+05:30,4043.9,5,4047.44,631957,149962.0,151531.0,4100.0,4110.0,4016.1,4092.6,23651600,4501.8,3683.4,4440.0,3288.1,4043.6,24,1,4043.5,152,3,4043.1,2,1,4043.0,65,8,4042.8,7,1,4043.9,111,3,4044.0,339,6,4044.3,6,1,4044.7,32,3,4044.8,10,1
11483,2026-07-02 10:44:19+05:30,4043.9,5,4047.44,631957,149961.0,151552.0,4100.0,4110.0,4016.1,4092.6,23651600,4501.8,3683.4,4440.0,3288.1,4043.6,24,1,4043.5,152,3,4043.1,2,1,4043.0,65,8,4042.8,7,1,4043.9,111,3,4044.0,339,6,4044.3,6,1,4044.7,32,3,4044.8,10,1
11483,2026-07-02 10:44:20+05:30,4043.9,10,4047.44,631957,149961.0,151552.0,4100.0,4110.0,4016.1,4092.6,23651600,4501.8,3683.4,4440.0,3288.1,4043.6,24,1,4043.5,152,3,4043.1,2,1,4043.0,65,8,4042.8,7,1,4043.9,111,3,4044.0,339,6,4044.3,6,1,4044.7,32,3,4044.8,10,1
11483,2026-07-02 10:44:22+05:30,4043.9,2,4047.44,631957,149961.0,151552.0,4100.0,4110.0,4016.1,4092.6,23651600,4501.8,3683.4,4440.0,3288.1,4043.6,24,1,4043.5,152,3,4043.1,2,1,4043.0,65,8,4042.8,7,1,4043.9,111,3,4044.0,339,6,4044.3,6,1,4044.7,32,3,4044.8,10,1
11483,2026-07-02 10:44:23+05:30,4043.8,2,4047.44,631972,150020.0,151297.0,4100.0,4110.0,4016.1,4092.6,23651600,4501.8,3683.4,4440.0,3288.1,4043.7,1,1,4043.6,26,2,4043.5,152,3,4043.0,55,7,4042.7,183,2,4043.8,1,1,4043.9,99,4,4044.0,316,6,4044.3,6,1,4044.4,11,1
11483,2026-07-02 10:44:24+05:30,4043.8,2,4047.44,631972,150020.0,151297.0,4100.0,4110.0,4016.1,4092.6,23651600,4501.8,3683.4,4440.0,3288.1,4043.7,1,1,4043.6,26,2,4043.5,152,3,4043.0,55,7,4042.7,183,2,4043.8,1,1,4043.9,99,4,4044.0,316,6,4044.3,6,1,4044.4,11,1
11483,2026-07-02 10:44:24+05:30,4043.9,2,4047.44,631972,150020.0,151297.0,4100.0,4110.0,4016.1,4092.6,23651600,4501.8,3683.4,4440.0,3288.1,4043.7,1,1,4043.6,26,2,4043.5,152,3,4043.0,55,7,4042.7,183,2,4043.8,1,1,4043.9,99,4,4044.0,316,6,4044.3,6,1,4044.4,11,1
11483,2026-07-02 10:44:24+05:30,4043.9,2,4047.44,631972,150020.0,151297.0,4100.0,4110.0,4016.1,4092.6,23651600,4501.8,3683.4,4440.0,3288.1,4043.7,1,1,4043.6,26,2,4043.5,152,3,4043.0,55,7,4042.7,183,2,4043.8,1,1,4043.9,99,4,4044.0,316,6,4044.3,6,1,4044.4,11,1
11483,2026-07-02 10:44:25+05:30,4043.9,2,4047.44,631972,150020.0,151297.0,4100.0,4110.0,4016.1,4092.6,23651600,4501.8,3683.4,4440.0,3288.1,4043.7,1,1,4043.6,26,2,4043.5,152,3,4043.0,55,7,4042.7,183,2,4043.8,1,1,4043.9,99,4,4044.0,316,6,4044.3,6,1,4044.4,11,1
11483,2026-07-02 10:44:26+05:30,4043.9,2,4047.44,631972,150020.0,151297.0,4100.0,4110.0,4016.1,4092.6,23651600,4501.8,3683.4,4440.0,3288.1,4043.7,1,1,4043.6,26,2,4043.5,152,3,4043.0,55,7,4042.7,183,2,4043.8,1,1,4043.9,99,4,4044.0,316,6,4044.3,6,1,4044.4,11,1
11483,2026-07-02 10:44:26+05:30,4043.9,10,4047.44,631972,150020.0,151297.0,4100.0,4110.0,4016.1,4092.6,23651600,4501.8,3683.4,4440.0,3288.1,4043.7,1,1,4043.6,26,2,4043.5,152,3,4043.0,55,7,4042.7,183,2,4043.8,1,1,4043.9,99,4,4044.0,316,6,4044.3,6,1,4044.4,11,1
11483,2026-07-02 10:44:27+05:30,4043.9,10,4047.44,631972,150020.0,151297.0,4100.0,4110.0,4016.1,4092.6,23651600,4501.8,3683.4,4440.0,3288.1,4043.7,1,1,4043.6,26,2,4043.5,152,3,4043.0,55,7,4042.7,183,2,4043.8,1,1,4043.9,99,4,4044.0,316,6,4044.3,6,1,4044.4,11,1
11483,2026-07-02 10:44:27+05:30,4043.9,10,4047.44,631972,150020.0,151297.0,4100.0,4110.0,4016.1,4092.6,23652125,4501.8,3683.4,4440.0,3288.1,4043.7,1,1,4043.6,26,2,4043.5,152,3,4043.0,55,7,4042.7,183,2,4043.8,1,1,4043.9,99,4,4044.0,316,6,4044.3,6,1,4044.4,11,1
11483,2026-07-02 10:44:28+05:30,4043.9,10,4047.44,631972,150020.0,151297.0,4100.0,4110.0,4016.1,4092.6,23652125,4501.8,3683.4,4440.0,3288.1,4043.7,1,1,4043.6,26,2,4043.5,152,3,4043.0,55,7,4042.7,183,2,4043.8,1,1,4043.9,99,4,4044.0,316,6,4044.3,6,1,4044.4,11,1
11483,2026-07-02 10:44:28+05:30,4043.6,20,4047.44,632079,150059.0,151224.0,4100.0,4110.0,4016.1,4092.6,23652125,4501.8,3683.4,4440.0,3288.1,4043.6,6,2,4043.5,152,3,4043.0,57,8,4042.7,203,3,4042.6,34,4,4043.9,18,2,4044.0,316,6,4044.3,6,1,4044.4,11,1,4044.7,32,3
11483,2026-07-02 10:44:28+05:30,4043.6,20,4047.44,632079,150059.0,151224.0,4100.0,4110.0,4016.1,4092.6,23652125,4501.8,3683.4,4440.0,3288.1,4043.6,6,2,4043.5,152,3,4043.0,57,8,4042.7,203,3,4042.6,34,4,4043.9,18,2,4044.0,316,6,4044.3,6,1,4044.4,11,1,4044.7,32,3
11483,2026-07-02 10:44:29+05:30,4043.6,20,4047.44,632079,150059.0,151224.0,4100.0,4110.0,4016.1,4092.6,23652125,4501.8,3683.4,4440.0,3288.1,4043.6,6,2,4043.5,152,3,4043.0,57,8,4042.7,203,3,4042.6,34,4,4043.9,18,2,4044.0,316,6,4044.3,6,1,4044.4,11,1,4044.7,32,3
11483,2026-07-02 10:44:29+05:30,4043.9,1,4047.44,632079,150059.0,151224.0,4100.0,4110.0,4016.1,4092.6,23652125,4501.8,3683.4,4440.0,3288.1,4043.6,6,2,4043.5,152,3,4043.0,57,8,4042.7,203,3,4042.6,34,4,4043.9,18,2,4044.0,316,6,4044.3,6,1,4044.4,11,1,4044.7,32,3
11483,2026-07-02 10:44:29+05:30,4043.9,1,4047.44,632079,150059.0,151224.0,4100.0,4110.0,4016.1,4092.6,23652125,4501.8,3683.4,4440.0,3288.1,4043.6,6,2,4043.5,152,3,4043.0,57,8,4042.7,203,3,4042.6,34,4,4043.9,18,2,4044.0,316,6,4044.3,6,1,4044.4,11,1,4044.7,32,3
11483,2026-07-02 10:44:32+05:30,4043.5,2,4047.44,632079,150059.0,151224.0,4100.0,4110.0,4016.1,4092.6,23652125,4501.8,3683.4,4440.0,3288.1,4043.6,6,2,4043.5,152,3,4043.0,57,8,4042.7,203,3,4042.6,34,4,4043.9,18,2,4044.0,316,6,4044.3,6,1,4044.4,11,1,4044.7,32,3
11483,2026-07-02 10:44:33+05:30,4043.6,7,4047.44,632107,149799.0,151437.0,4100.0,4110.0,4016.1,4092.6,23652125,4501.8,3683.4,4440.0,3288.1,4043.5,151,4,4043.0,51,7,4042.7,183,2,4042.6,19,1,4042.5,22,2,4043.6,1,1,4043.9,18,3,4044.0,318,7,4044.2,20,2,4044.3,17,2
11483,2026-07-02 10:44:35+05:30,4043.9,1,4047.44,632107,149799.0,151437.0,4100.0,4110.0,4016.1,4092.6,23652125,4501.8,3683.4,4440.0,3288.1,4043.5,151,4,4043.0,51,7,4042.7,183,2,4042.6,19,1,4042.5,22,2,4043.6,1,1,4043.9,18,3,4044.0,318,7,4044.2,20,2,4044.3,17,2
11483,2026-07-02 10:44:38+05:30,4043.5,29,4047.44,632107,149799.0,151437.0,4100.0,4110.0,4016.1,4092.6,23652125,4501.8,3683.4,4440.0,3288.1,4043.5,151,4,4043.0,51,7,4042.7,183,2,4042.6,19,1,4042.5,22,2,4043.6,1,1,4043.9,18,3,4044.0,318,7,4044.2,20,2,4044.3,17,2
11483,2026-07-02 10:44:39+05:30,4043.9,2,4047.44,632173,145296.0,146996.0,4100.0,4110.0,4016.1,4092.6,23652125,4501.8,3683.4,4440.0,3288.1,4043.8,8,1,4043.6,5,1,4043.5,116,2,4043.0,51,7,4042.8,9,1,4043.9,10,1,4044.0,318,7,4044.2,10,1,4044.3,17,2,4044.5,13,1
11483,2026-07-02 10:44:41+05:30,4044.0,15,4047.44,632173,145296.0,146996.0,4100.0,4110.0,4016.1,4092.6,23652125,4501.8,3683.4,4440.0,3288.1,4043.8,8,1,4043.6,5,1,4043.5,116,2,4043.0,51,7,4042.8,9,1,4043.9,10,1,4044.0,318,7,4044.2,10,1,4044.3,17,2,4044.5,13,1
11483,2026-07-02 10:44:44+05:30,4044.0,16,4047.44,632651,145006.0,146917.0,4100.0,4110.0,4016.1,4092.6,23652125,4501.8,3683.4,4440.0,3288.1,4043.7,1,1,4043.2,58,3,4043.1,39,1,4043.0,69,7,4042.8,7,1,4043.9,1,1,4044.0,17,4,4044.3,6,1,4044.7,15,1,4044.8,12,2
11483,2026-07-02 10:44:44+05:30,4044.0,16,4047.44,632651,145006.0,146917.0,4100.0,4110.0,4016.1,4092.6,23652125,4501.8,3683.4,4440.0,3288.1,4043.7,1,1,4043.2,58,3,4043.1,39,1,4043.0,69,7,4042.8,7,1,4043.9,1,1,4044.0,17,4,4044.3,6,1,4044.7,15,1,4044.8,12,2
11483,2026-07-02 10:44:47+05:30,4044.6,2,4047.44,632651,145006.0,146917.0,4100.0,4110.0,4016.1,4092.6,23652125,4501.8,3683.4,4440.0,3288.1,4043.7,1,1,4043.2,58,3,4043.1,39,1,4043.0,69,7,4042.8,7,1,4043.9,1,1,4044.0,17,4,4044.3,6,1,4044.7,15,1,4044.8,12,2
11483,2026-07-02 10:44:50+05:30,4044.6,5,4047.44,632726,145081.0,146882.0,4100.0,4110.0,4016.1,4092.6,23652125,4501.8,3683.4,4440.0,3288.1,4043.3,28,3,4043.2,24,3,4043.1,24,3,4043.0,49,6,4042.8,49,5,4043.8,9,1,4044.7,15,2,4044.8,20,2,4044.9,124,4,4045.0,812,16
11483,2026-07-02 10:44:50+05:30,4044.6,5,4047.44,632726,145081.0,146882.0,4100.0,4110.0,4016.1,4092.6,23652125,4501.8,3683.4,4440.0,3288.1,4043.3,28,3,4043.2,24,3,4043.1,24,3,4043.0,49,6,4042.8,49,5,4043.8,9,1,4044.7,15,2,4044.8,20,2,4044.9,124,4,4045.0,812,16
11483,2026-07-02 10:44:53+05:30,4044.3,2,4047.44,632726,145081.0,146882.0,4100.0,4110.0,4016.1,4092.6,23652125,4501.8,3683.4,4440.0,3288.1,4043.3,28,3,4043.2,24,3,4043.1,24,3,4043.0,49,6,4042.8,49,5,4043.8,9,1,4044.7,15,2,4044.8,20,2,4044.9,124,4,4045.0,812,16
11483,2026-07-02 10:44:55+05:30,4043.9,1,4047.44,632835,144626.0,147036.0,4100.0,4110.0,4016.1,4092.6,23652125,4501.8,3683.4,4440.0,3288.1,4043.9,9,1,4043.8,20,1,4043.3,1,1,4043.0,66,8,4042.5,33,2,4044.3,16,2,4044.4,14,2,4044.7,98,4,4044.8,21,2,4044.9,130,3
11483,2026-07-02 10:44:56+05:30,4043.9,1,4047.44,632835,144626.0,147036.0,4100.0,4110.0,4016.1,4092.6,23652125,4501.8,3683.4,4440.0,3288.1,4043.9,9,1,4043.8,20,1,4043.3,1,1,4043.0,66,8,4042.5,33,2,4044.3,16,2,4044.4,14,2,4044.7,98,4,4044.8,21,2,4044.9,130,3
11483,2026-07-02 10:44:59+05:30,4043.6,20,4047.44,632835,144626.0,147036.0,4100.0,4110.0,4016.1,4092.6,23652125,4501.8,3683.4,4440.0,3288.1,4043.9,9,1,4043.8,20,1,4043.3,1,1,4043.0,66,8,4042.5,33,2,4044.3,16,2,4044.4,14,2,4044.7,98,4,4044.8,21,2,4044.9,130,3
11483,2026-07-02 10:45:00+05:30,4043.6,3,4047.44,632900,144309.0,147528.0,4100.0,4110.0,4016.1,4092.6,23652125,4501.8,3683.4,4440.0,3288.1,4043.0,60,7,4042.3,11,1,4042.2,40,1,4042.1,30,2,4042.0,2105,7,4043.6,17,2,4043.7,147,2,4044.0,12,2,4044.1,15,1,4044.2,10,1
11483,2026-07-02 10:45:02+05:30,4043.0,4,4047.44,632900,144309.0,147528.0,4100.0,4110.0,4016.1,4092.6,23652125,4501.8,3683.4,4440.0,3288.1,4043.0,60,7,4042.3,11,1,4042.2,40,1,4042.1,30,2,4042.0,2105,7,4043.6,17,2,4043.7,147,2,4044.0,12,2,4044.1,15,1,4044.2,10,1
11483,2026-07-02 10:45:05+05:30,4043.7,2,4047.44,632900,144309.0,147528.0,4100.0,4110.0,4016.1,4092.6,23652125,4501.8,3683.4,4440.0,3288.1,4043.0,60,7,4042.3,11,1,4042.2,40,1,4042.1,30,2,4042.0,2105,7,4043.6,17,2,4043.7,147,2,4044.0,12,2,4044.1,15,1,4044.2,10,1
11483,2026-07-02 10:45:06+05:30,4043.7,7,4047.44,633062,144417.0,147316.0,4100.0,4110.0,4016.1,4092.6,23652125,4501.8,3683.4,4440.0,3288.1,4043.6,3,1,4043.1,22,4,4043.0,50,6,4042.9,2,1,4042.8,19,2,4043.7,71,1,4044.0,35,2,4044.3,27,3,4044.4,13,1,4044.6,23,2
11483,2026-07-02 10:45:08+05:30,4044.3,2,4047.44,633062,144417.0,147316.0,4100.0,4110.0,4016.1,4092.6,23652125,4501.8,3683.4,4440.0,3288.1,4043.6,3,1,4043.1,22,4,4043.0,50,6,4042.9,2,1,4042.8,19,2,4043.7,71,1,4044.0,35,2,4044.3,27,3,4044.4,13,1,4044.6,23,2
11483,2026-07-02 10:45:11+05:30,4043.7,1,4047.44,633184,145264.0,146885.0,4100.0,4110.0,4016.1,4092.6,23652125,4501.8,3683.4,4440.0,3288.1,4043.7,2,1,4043.6,3,1,4043.5,7,1,4043.2,2,1,4043.1,188,3,4044.0,1,1,4044.3,1,1,4044.6,5,1,4044.7,86,2,4044.8,10,1
11483,2026-07-02 10:45:11+05:30,4043.7,1,4047.44,633184,145264.0,146885.0,4100.0,4110.0,4016.1,4092.6,23652125,4501.8,3683.4,4440.0,3288.1,4043.7,2,1,4043.6,3,1,4043.5,7,1,4043.2,2,1,4043.1,188,3,4044.0,1,1,4044.3,1,1,4044.6,5,1,4044.7,86,2,4044.8,10,1
11483,2026-07-02 10:45:14+05:30,4043.2,24,4047.44,633184,145264.0,146885.0,4100.0,4110.0,4016.1,4092.6,23652125,4501.8,3683.4,4440.0,3288.1,4043.7,2,1,4043.6,3,1,4043.5,7,1,4043.2,2,1,4043.1,188,3,4044.0,1,1,4044.3,1,1,4044.6,5,1,4044.7,86,2,4044.8,10,1
11483,2026-07-02 10:45:17+05:30,4044.6,1,4047.44,633250,145539.0,146744.0,4100.0,4110.0,4016.1,4092.6,23652125,4501.8,3683.4,4440.0,3288.1,4043.9,41,3,4043.8,26,2,4043.7,23,3,4043.6,31,3,4043.5,50,3,4044.7,86,2,4044.8,10,1,4044.9,100,1,4045.0,875,17,4045.5,115,6
11483,2026-07-02 10:45:17+05:30,4044.6,1,4047.44,633250,145539.0,146744.0,4100.0,4110.0,4016.1,4092.6,23652125,4501.8,3683.4,4440.0,3288.1,4043.9,41,3,4043.8,26,2,4043.7,23,3,4043.6,31,3,4043.5,50,3,4044.7,86,2,4044.8,10,1,4044.9,100,1,4045.0,875,17,4045.5,115,6
11483,2026-07-02 10:45:20+05:30,4044.7,1,4047.44,633250,145539.0,146744.0,4100.0,4110.0,4016.1,4092.6,23652125,4501.8,3683.4,4440.0,3288.1,4043.9,41,3,4043.8,26,2,4043.7,23,3,4043.6,31,3,4043.5,50,3,4044.7,86,2,4044.8,10,1,4044.9,100,1,4045.0,875,17,4045.5,115,6
11483,2026-07-02 10:45:22+05:30,4044.4,1,4047.44,633484,146015.0,145590.0,4100.0,4110.0,4016.1,4092.6,23652125,4501.8,3683.4,4440.0,3288.1,4044.3,42,5,4044.2,9,2,4044.1,35,5,4044.0,49,6,4043.9,24,2,4044.4,1,1,4044.9,60,1,4045.0,890,18,4045.5,84,3,4045.6,12,1
11483,2026-07-02 10:45:23+05:30,4044.9,1,4047.44,633484,146015.0,145590.0,4100.0,4110.0,4016.1,4092.6,23652125,4501.8,3683.4,4440.0,3288.1,4044.3,42,5,4044.2,9,2,4044.1,35,5,4044.0,49,6,4043.9,24,2,4044.4,1,1,4044.9,60,1,4045.0,890,18,4045.5,84,3,4045.6,12,1
11483,2026-07-02 10:45:24+05:30,4044.9,1,4047.44,633484,146015.0,145590.0,4100.0,4110.0,4016.1,4092.6,23652125,4501.8,3683.4,4440.0,3288.1,4044.3,42,5,4044.2,9,2,4044.1,35,5,4044.0,49,6,4043.9,24,2,4044.4,1,1,4044.9,60,1,4045.0,890,18,4045.5,84,3,4045.6,12,1
11483,2026-07-02 10:45:25+05:30,4044.9,1,4047.44,633484,146015.0,145590.0,4100.0,4110.0,4016.1,4092.6,23652125,4501.8,3683.4,4440.0,3288.1,4044.3,42,5,4044.2,9,2,4044.1,35,5,4044.0,49,6,4043.9,24,2,4044.4,1,1,4044.9,60,1,4045.0,890,18,4045.5,84,3,4045.6,12,1
11483,2026-07-02 10:45:26+05:30,4044.9,1,4047.44,633484,146015.0,145590.0,4100.0,4110.0,4016.1,4092.6,23652125,4501.8,3683.4,4440.0,3288.1,4044.3,42,5,4044.2,9,2,4044.1,35,5,4044.0,49,6,4043.9,24,2,4044.4,1,1,4044.9,60,1,4045.0,890,18,4045.5,84,3,4045.6,12,1
11483,2026-07-02 10:45:26+05:30,4044.6,1,4047.44,633484,146015.0,145590.0,4100.0,4110.0,4016.1,4092.6,23652125,4501.8,3683.4,4440.0,3288.1,4044.3,42,5,4044.2,9,2,4044.1,35,5,4044.0,49,6,4043.9,24,2,4044.4,1,1,4044.9,60,1,4045.0,890,18,4045.5,84,3,4045.6,12,1
11483,2026-07-02 10:45:26+05:30,4044.6,1,4047.44,633484,146015.0,145590.0,4100.0,4110.0,4016.1,4092.6,23652125,4501.8,3683.4,4440.0,3288.1,4044.3,42,5,4044.2,9,2,4044.1,35,5,4044.0,49,6,4043.9,24,2,4044.4,1,1,4044.9,60,1,4045.0,890,18,4045.5,84,3,4045.6,12,1
11483,2026-07-02 10:45:27+05:30,4044.6,1,4047.44,633609,145946.0,145507.0,4100.0,4110.0,4016.1,4092.6,23652125,4501.8,3683.4,4440.0,3288.1,4044.1,44,5,4044.0,7,2,4043.9,47,3,4043.8,28,3,4043.7,66,5,4044.6,2,1,4045.0,879,18,4045.5,72,2,4045.6,12,1,4045.7,18,1
11483,2026-07-02 10:45:27+05:30,4044.6,1,4047.44,633609,145946.0,145507.0,4100.0,4110.0,4016.1,4092.6,23652125,4501.8,3683.4,4440.0,3288.1,4044.1,44,5,4044.0,7,2,4043.9,47,3,4043.8,28,3,4043.7,66,5,4044.6,2,1,4045.0,879,18,4045.5,72,2,4045.6,12,1,4045.7,18,1
11483,2026-07-02 10:45:28+05:30,4044.6,1,4047.44,633609,145946.0,145507.0,4100.0,4110.0,4016.1,4092.6,23652125,4501.8,3683.4,4440.0,3288.1,4044.1,44,5,4044.0,7,2,4043.9,47,3,4043.8,28,3,4043.7,66,5,4044.6,2,1,4045.0,879,18,4045.5,72,2,4045.6,12,1,4045.7,18,1
11483,2026-07-02 10:45:28+05:30,4044.6,1,4047.44,633609,145946.0,145507.0,4100.0,4110.0,4016.1,4092.6,23654575,4501.8,3683.4,4440.0,3288.1,4044.1,44,5,4044.0,7,2,4043.9,47,3,4043.8,28,3,4043.7,66,5,4044.6,2,1,4045.0,879,18,4045.5,72,2,4045.6,12,1,4045.7,18,1
11483,2026-07-02 10:45:29+05:30,4044.6,1,4047.44,633609,145946.0,145507.0,4100.0,4110.0,4016.1,4092.6,23654575,4501.8,3683.4,4440.0,3288.1,4044.1,44,5,4044.0,7,2,4043.9,47,3,4043.8,28,3,4043.7,66,5,4044.6,2,1,4045.0,879,18,4045.5,72,2,4045.6,12,1,4045.7,18,1
11483,2026-07-02 10:45:29+05:30,4044.6,1,4047.44,633609,145946.0,145507.0,4100.0,4110.0,4016.1,4092.6,23654575,4501.8,3683.4,4440.0,3288.1,4044.1,44,5,4044.0,7,2,4043.9,47,3,4043.8,28,3,4043.7,66,5,4044.6,2,1,4045.0,879,18,4045.5,72,2,4045.6,12,1,4045.7,18,1
11483,2026-07-02 10:45:29+05:30,4044.6,1,4047.44,633609,145946.0,145507.0,4100.0,4110.0,4016.1,4092.6,23654575,4501.8,3683.4,4440.0,3288.1,4044.1,44,5,4044.0,7,2,4043.9,47,3,4043.8,28,3,4043.7,66,5,4044.6,2,1,4045.0,879,18,4045.5,72,2,4045.6,12,1,4045.7,18,1
11483,2026-07-02 10:45:30+05:30,4044.6,1,4047.44,633609,145946.0,145507.0,4100.0,4110.0,4016.1,4092.6,23654575,4501.8,3683.4,4440.0,3288.1,4044.1,44,5,4044.0,7,2,4043.9,47,3,4043.8,28,3,4043.7,66,5,4044.6,2,1,4045.0,879,18,4045.5,72,2,4045.6,12,1,4045.7,18,1
11483,2026-07-02 10:45:32+05:30,4045.0,3,4047.44,633634,146052.0,145404.0,4100.0,4110.0,4016.1,4092.6,23654575,4501.8,3683.4,4440.0,3288.1,4044.4,10,1,4044.2,1,1,4044.0,100,1,4043.9,7,1,4043.8,17,2,4045.0,886,18,4045.1,6,1,4045.5,72,2,4045.6,12,1,4045.7,19,2
11483,2026-07-02 10:45:32+05:30,4044.6,1,4047.44,633634,146052.0,145404.0,4100.0,4110.0,4016.1,4092.6,23654575,4501.8,3683.4,4440.0,3288.1,4044.4,10,1,4044.2,1,1,4044.0,100,1,4043.9,7,1,4043.8,17,2,4045.0,886,18,4045.1,6,1,4045.5,72,2,4045.6,12,1,4045.7,19,2
11483,2026-07-02 10:45:35+05:30,4044.9,1,4047.44,633634,146052.0,145404.0,4100.0,4110.0,4016.1,4092.6,23654575,4501.8,3683.4,4440.0,3288.1,4044.4,10,1,4044.2,1,1,4044.0,100,1,4043.9,7,1,4043.8,17,2,4045.0,886,18,4045.1,6,1,4045.5,72,2,4045.6,12,1,4045.7,19,2
11483,2026-07-02 10:45:37+05:30,4044.9,1,4047.44,633692,146774.0,145837.0,4100.0,4110.0,4016.1,4092.6,23654575,4501.8,3683.4,4440.0,3288.1,4044.6,1,1,4044.1,69,4,4044.0,118,4,4043.8,46,3,4043.7,230,4,4044.9,70,2,4045.0,955,20,4045.1,6,1,4045.5,72,2,4045.6,12,1
11483,2026-07-02 10:45:38+05:30,4044.9,1,4047.44,633692,146774.0,145837.0,4100.0,4110.0,4016.1,4092.6,23654575,4501.8,3683.4,4440.0,3288.1,4044.6,1,1,4044.1,69,4,4044.0,118,4,4043.8,46,3,4043.7,230,4,4044.9,70,2,4045.0,955,20,4045.1,6,1,4045.5,72,2,4045.6,12,1
11483,2026-07-02 10:45:41+05:30,4044.5,1,4047.44,633692,146774.0,145837.0,4100.0,4110.0,4016.1,4092.6,23654575,4501.8,3683.4,4440.0,3288.1,4044.6,1,1,4044.1,69,4,4044.0,118,4,4043.8,46,3,4043.7,230,4,4044.9,70,2,4045.0,955,20,4045.1,6,1,4045.5,72,2,4045.6,12,1
11483,2026-07-02 10:45:43+05:30,4044.5,1,4047.44,633766,147039.0,145782.0,4100.0,4110.0,4016.1,4092.6,23654575,4501.8,3683.4,4440.0,3288.1,4044.4,1,1,4044.0,136,7,4043.9,11,1,4043.8,30,2,4043.7,221,3,4044.5,1,1,4044.9,46,3,4045.0,1139,21,4045.1,6,1,4045.5,72,2
11483,2026-07-02 10:45:44+05:30,4044.5,1,4047.44,633766,147039.0,145782.0,4100.0,4110.0,4016.1,4092.6,23654575,4501.8,3683.4,4440.0,3288.1,4044.4,1,1,4044.0,136,7,4043.9,11,1,4043.8,30,2,4043.7,221,3,4044.5,1,1,4044.9,46,3,4045.0,1139,21,4045.1,6,1,4045.5,72,2
11483,2026-07-02 10:45:47+05:30,4044.6,1,4047.44,633766,147039.0,145782.0,4100.0,4110.0,4016.1,4092.6,23654575,4501.8,3683.4,4440.0,3288.1,4044.4,1,1,4044.0,136,7,4043.9,11,1,4043.8,30,2,4043.7,221,3,4044.5,1,1,4044.9,46,3,4045.0,1139,21,4045.1,6,1,4045.5,72,2
11483,2026-07-02 10:45:48+05:30,4044.6,1,4047.43,633881,147508.0,145738.0,4100.0,4110.0,4016.1,4092.6,23654575,4501.8,3683.4,4440.0,3288.1,4044.6,23,4,4044.5,47,4,4044.4,48,5,4044.3,9,2,4044.2,12,3,4044.9,47,1,4045.0,1148,23,4045.1,6,1,4045.5,72,2,4045.6,12,1
11483,2026-07-02 10:45:50+05:30,4044.9,5,4047.43,633881,147508.0,145738.0,4100.0,4110.0,4016.1,4092.6,23654575,4501.8,3683.4,4440.0,3288.1,4044.6,23,4,4044.5,47,4,4044.4,48,5,4044.3,9,2,4044.2,12,3,4044.9,47,1,4045.0,1148,23,4045.1,6,1,4045.5,72,2,4045.6,12,1
11483,2026-07-02 10:45:53+05:30,4045.2,1,4047.43,635351,148237.0,143872.0,4100.0,4110.0,4016.1,4092.6,23654575,4501.8,3683.4,4440.0,3288.1,4045.2,9,1,4045.1,73,5,4045.0,15,2,4044.9,20,2,4044.8,49,3,4045.5,72,2,4045.6,12,1,4045.7,1,1,4045.8,50,1,4046.0,181,4
11483,2026-07-02 10:45:53+05:30,4045.7,1,4047.43,635351,148237.0,143872.0,4100.0,4110.0,4016.1,4092.6,23654575,4501.8,3683.4,4440.0,3288.1,4045.2,9,1,4045.1,73,5,4045.0,15,2,4044.9,20,2,4044.8,49,3,4045.5,72,2,4045.6,12,1,4045.7,1,1,4045.8,50,1,4046.0,181,4
11483,2026-07-02 10:45:56+05:30,4046.3,44,4047.43,635351,148237.0,143872.0,4100.0,4110.0,4016.1,4092.6,23654575,4501.8,3683.4,4440.0,3288.1,4045.2,9,1,4045.1,73,5,4045.0,15,2,4044.9,20,2,4044.8,49,3,4045.5,72,2,4045.6,12,1,4045.7,1,1,4045.8,50,1,4046.0,181,4
11483,2026-07-02 10:45:58+05:30,4046.3,1,4047.43,636784,147781.0,143603.0,4100.0,4110.0,4016.1,4092.6,23654575,4501.8,3683.4,4440.0,3288.1,4045.4,40,1,4045.3,42,1,4045.2,42,1,4045.1,42,1,4044.9,8,1,4045.5,1,1,4046.3,47,2,4046.8,42,2,4046.9,86,3,4047.0,131,12
11483,2026-07-02 10:45:59+05:30,4045.9,3,4047.43,636784,147781.0,143603.0,4100.0,4110.0,4016.1,4092.6,23654575,4501.8,3683.4,4440.0,3288.1,4045.4,40,1,4045.3,42,1,4045.2,42,1,4045.1,42,1,4044.9,8,1,4045.5,1,1,4046.3,47,2,4046.8,42,2,4046.9,86,3,4047.0,131,12
11483,2026-07-02 10:46:02+05:30,4046.3,1,4047.43,636784,147781.0,143603.0,4100.0,4110.0,4016.1,4092.6,23654575,4501.8,3683.4,4440.0,3288.1,4045.4,40,1,4045.3,42,1,4045.2,42,1,4045.1,42,1,4044.9,8,1,4045.5,1,1,4046.3,47,2,4046.8,42,2,4046.9,86,3,4047.0,131,12
11483,2026-07-02 10:46:04+05:30,4046.3,1,4047.43,637079,147950.0,143392.0,4100.0,4110.0,4016.1,4092.6,23654575,4501.8,3683.4,4440.0,3288.1,4046.2,45,2,4046.1,42,1,4046.0,42,1,4045.8,43,2,4045.5,14,1,4046.3,21,1,4046.9,1,1,4047.0,81,7,4047.1,13,1,4047.2,42,2
11483,2026-07-02 10:46:05+05:30,4046.3,3,4047.43,637079,147950.0,143392.0,4100.0,4110.0,4016.1,4092.6,23654575,4501.8,3683.4,4440.0,3288.1,4046.2,45,2,4046.1,42,1,4046.0,42,1,4045.8,43,2,4045.5,14,1,4046.3,21,1,4046.9,1,1,4047.0,81,7,4047.1,13,1,4047.2,42,2
11483,2026-07-02 10:46:08+05:30,4046.3,1,4047.43,637079,147950.0,143392.0,4100.0,4110.0,4016.1,4092.6,23654575,4501.8,3683.4,4440.0,3288.1,4046.2,45,2,4046.1,42,1,4046.0,42,1,4045.8,43,2,4045.5,14,1,4046.3,21,1,4046.9,1,1,4047.0,81,7,4047.1,13,1,4047.2,42,2
11483,2026-07-02 10:46:09+05:30,4046.3,1,4047.42,637612,147396.0,143452.0,4100.0,4110.0,4016.1,4092.6,23654575,4501.8,3683.4,4440.0,3288.1,4046.2,134,2,4046.1,42,1,4046.0,43,2,4045.8,42,1,4045.6,9,1,4046.3,119,3,4046.9,1,1,4047.0,81,7,4047.1,13,1,4047.2,22,1
11483,2026-07-02 10:46:11+05:30,4046.3,1,4047.42,637612,147396.0,143452.0,4100.0,4110.0,4016.1,4092.6,23654575,4501.8,3683.4,4440.0,3288.1,4046.2,134,2,4046.1,42,1,4046.0,43,2,4045.8,42,1,4045.6,9,1,4046.3,119,3,4046.9,1,1,4047.0,81,7,4047.1,13,1,4047.2,22,1
11483,2026-07-02 10:46:14+05:30,4046.3,1,4047.42,637612,147396.0,143452.0,4100.0,4110.0,4016.1,4092.6,23654575,4501.8,3683.4,4440.0,3288.1,4046.2,134,2,4046.1,42,1,4046.0,43,2,4045.8,42,1,4045.6,9,1,4046.3,119,3,4046.9,1,1,4047.0,81,7,4047.1,13,1,4047.2,22,1
11483,2026-07-02 10:46:14+05:30,4046.3,1,4047.42,637657,146996.0,143920.0,4100.0,4110.0,4016.1,4092.6,23654575,4501.8,3683.4,4440.0,3288.1,4046.2,90,2,4046.0,11,2,4045.5,76,2,4045.0,19,3,4044.9,42,2,4046.3,188,6,4046.4,42,1,4046.5,42,1,4046.6,42,1,4046.8,42,1
11483,2026-07-02 10:46:17+05:30,4046.0,1,4047.42,637657,146996.0,143920.0,4100.0,4110.0,4016.1,4092.6,23654575,4501.8,3683.4,4440.0,3288.1,4046.2,90,2,4046.0,11,2,4045.5,76,2,4045.0,19,3,4044.9,42,2,4046.3,188,6,4046.4,42,1,4046.5,42,1,4046.6,42,1,4046.8,42,1
11483,2026-07-02 10:46:20+05:30,4046.0,5,4047.42,638714,147194.0,144189.0,4100.0,4110.0,4016.1,4092.6,23654575,4501.8,3683.4,4440.0,3288.1,4046.0,390,3,4045.5,549,2,4045.1,2,1,4045.0,62,4,4044.7,124,2,4046.2,42,1,4046.3,115,7,4046.4,42,1,4046.6,42,1,4046.9,17,2
11483,2026-07-02 10:46:20+05:30,4046.0,1,4047.42,638714,147194.0,144189.0,4100.0,4110.0,4016.1,4092.6,23654575,4501.8,3683.4,4440.0,3288.1,4046.0,390,3,4045.5,549,2,4045.1,2,1,4045.0,62,4,4044.7,124,2,4046.2,42,1,4046.3,115,7,4046.4,42,1,4046.6,42,1,4046.9,17,2
11483,2026-07-02 10:46:21+05:30,4046.0,250,4047.42,639104,146916.0,144729.0,4100.0,4110.0,4016.1,4092.6,23654575,4501.8,3683.4,4440.0,3288.1,4045.5,549,2,4045.0,44,3,4044.7,124,2,4044.6,15,2,4044.4,38,2,4045.7,82,2,4045.8,217,2,4046.2,8,1,4046.3,110,4,4046.4,53,2
11483,2026-07-02 10:46:21+05:30,4045.5,1,4047.42,639104,146916.0,144729.0,4100.0,4110.0,4016.1,4092.6,23654575,4501.8,3683.4,4440.0,3288.1,4045.5,549,2,4045.0,44,3,4044.7,124,2,4044.6,15,2,4044.4,38,2,4045.7,82,2,4045.8,217,2,4046.2,8,1,4046.3,110,4,4046.4,53,2
11483,2026-07-02 10:46:22+05:30,4045.5,1,4047.42,639114,147019.0,144661.0,4100.0,4110.0,4016.1,4092.6,23654575,4501.8,3683.4,4440.0,3288.1,4045.6,1,1,4045.5,544,2,4045.0,44,3,4044.7,124,2,4044.6,15,2,4045.7,120,3,4045.8,217,2,4045.9,42,1,4046.1,53,2,4046.3,68,3
11483,2026-07-02 10:46:22+05:30,4045.6,1,4047.42,639114,147019.0,144661.0,4100.0,4110.0,4016.1,4092.6,23654575,4501.8,3683.4,4440.0,3288.1,4045.6,1,1,4045.5,544,2,4045.0,44,3,4044.7,124,2,4044.6,15,2,4045.7,120,3,4045.8,217,2,4045.9,42,1,4046.1,53,2,4046.3,68,3
11483,2026-07-02 10:46:23+05:30,4045.6,1,4047.42,639115,147030.0,144642.0,4100.0,4110.0,4016.1,4092.6,23654575,4501.8,3683.4,4440.0,3288.1,4045.6,1,1,4045.5,544,2,4045.0,44,3,4044.7,124,2,4044.6,15,2,4045.7,86,3,4045.8,217,2,4045.9,42,1,4046.0,42,1,4046.1,11,1
11483,2026-07-02 10:46:23+05:30,4045.6,1,4047.42,639115,147030.0,144642.0,4100.0,4110.0,4016.1,4092.6,23654575,4501.8,3683.4,4440.0,3288.1,4045.6,1,1,4045.5,544,2,4045.0,44,3,4044.7,124,2,4044.6,15,2,4045.7,86,3,4045.8,217,2,4045.9,42,1,4046.0,42,1,4046.1,11,1
11483,2026-07-02 10:46:24+05:30,4045.7,1,4047.42,639117,147082.0,144634.0,4100.0,4110.0,4016.1,4092.6,23654575,4501.8,3683.4,4440.0,3288.1,4045.5,544,2,4045.0,44,3,4044.7,122,1,4044.6,17,3,4044.5,2,1,4045.7,85,3,4045.8,217,2,4045.9,42,1,4046.0,42,1,4046.2,42,1
11483,2026-07-02 10:46:24+05:30,4045.5,1,4047.42,639117,147082.0,144634.0,4100.0,4110.0,4016.1,4092.6,23654575,4501.8,3683.4,4440.0,3288.1,4045.5,544,2,4045.0,44,3,4044.7,122,1,4044.6,17,3,4044.5,2,1,4045.7,85,3,4045.8,217,2,4045.9,42,1,4046.0,42,1,4046.2,42,1
11483,2026-07-02 10:46:24+05:30,4045.5,1,4047.42,639117,147082.0,144634.0,4100.0,4110.0,4016.1,4092.6,23654575,4501.8,3683.4,4440.0,3288.1,4045.5,544,2,4045.0,44,3,4044.7,122,1,4044.6,17,3,4044.5,2,1,4045.7,85,3,4045.8,217,2,4045.9,42,1,4046.0,42,1,4046.2,42,1
11483,2026-07-02 10:46:25+05:30,4045.5,1,4047.42,639118,147034.0,144397.0,4100.0,4110.0,4016.1,4092.6,23654575,4501.8,3683.4,4440.0,3288.1,4045.5,543,2,4045.0,44,3,4044.7,122,1,4044.6,17,3,4044.5,2,1,4045.7,9,2,4045.8,175,1,4046.1,10,1,4046.3,68,3,4046.4,11,1
11483,2026-07-02 10:46:25+05:30,4045.5,1,4047.42,639118,147034.0,144397.0,4100.0,4110.0,4016.1,4092.6,23654575,4501.8,3683.4,4440.0,3288.1,4045.5,543,2,4045.0,44,3,4044.7,122,1,4044.6,17,3,4044.5,2,1,4045.7,9,2,4045.8,175,1,4046.1,10,1,4046.3,68,3,4046.4,11,1
11483,2026-07-02 10:46:25+05:30,4045.5,1,4047.42,639118,147034.0,144397.0,4100.0,4110.0,4016.1,4092.6,23654575,4501.8,3683.4,4440.0,3288.1,4045.5,543,2,4045.0,44,3,4044.7,122,1,4044.6,17,3,4044.5,2,1,4045.7,9,2,4045.8,175,1,4046.1,10,1,4046.3,68,3,4046.4,11,1
11483,2026-07-02 10:46:25+05:30,4045.5,1,4047.42,639118,147034.0,144397.0,4100.0,4110.0,4016.1,4092.6,23654575,4501.8,3683.4,4440.0,3288.1,4045.5,543,2,4045.0,44,3,4044.7,122,1,4044.6,17,3,4044.5,2,1,4045.7,9,2,4045.8,175,1,4046.1,10,1,4046.3,68,3,4046.4,11,1
11483,2026-07-02 10:46:26+05:30,4045.5,8,4047.42,639136,147122.0,144416.0,4100.0,4110.0,4016.1,4092.6,23654575,4501.8,3683.4,4440.0,3288.1,4045.5,582,3,4045.0,4,2,4044.7,140,2,4044.6,17,3,4044.5,2,1,4045.8,175,1,4046.3,68,3,4046.6,16,1,4046.7,41,3,4046.9,21,2
11483,2026-07-02 10:46:26+05:30,4045.5,8,4047.42,639136,147122.0,144416.0,4100.0,4110.0,4016.1,4092.6,23654575,4501.8,3683.4,4440.0,3288.1,4045.5,582,3,4045.0,4,2,4044.7,140,2,4044.6,17,3,4044.5,2,1,4045.8,175,1,4046.3,68,3,4046.6,16,1,4046.7,41,3,4046.9,21,2
11483,2026-07-02 10:46:26+05:30,4045.5,1,4047.42,639136,147122.0,144416.0,4100.0,4110.0,4016.1,4092.6,23654575,4501.8,3683.4,4440.0,3288.1,4045.5,582,3,4045.0,4,2,4044.7,140,2,4044.6,17,3,4044.5,2,1,4045.8,175,1,4046.3,68,3,4046.6,16,1,4046.7,41,3,4046.9,21,2
11483,2026-07-02 10:46:26+05:30,4045.5,1,4047.42,639136,147122.0,144416.0,4100.0,4110.0,4016.1,4092.6,23654575,4501.8,3683.4,4440.0,3288.1,4045.5,582,3,4045.0,4,2,4044.7,140,2,4044.6,17,3,4044.5,2,1,4045.8,175,1,4046.3,68,3,4046.6,16,1,4046.7,41,3,4046.9,21,2
11483,2026-07-02 10:46:27+05:30,4045.5,1,4047.42,639137,147028.0,144470.0,4100.0,4110.0,4016.1,4092.6,23654575,4501.8,3683.4,4440.0,3288.1,4045.5,581,3,4045.0,4,2,4044.8,2,1,4044.7,142,3,4044.6,15,2,4045.8,179,2,4046.3,68,3,4046.6,16,1,4046.7,41,3,4046.9,21,2
11483,2026-07-02 10:46:27+05:30,4045.5,1,4047.42,639137,147028.0,144470.0,4100.0,4110.0,4016.1,4092.6,23654575,4501.8,3683.4,4440.0,3288.1,4045.5,581,3,4045.0,4,2,4044.8,2,1,4044.7,142,3,4044.6,15,2,4045.8,179,2,4046.3,68,3,4046.6,16,1,4046.7,41,3,4046.9,21,2
11483,2026-07-02 10:46:27+05:30,4045.5,1,4047.42,639137,147028.0,144470.0,4100.0,4110.0,4016.1,4092.6,23654575,4501.8,3683.4,4440.0,3288.1,4045.5,581,3,4045.0,4,2,4044.8,2,1,4044.7,142,3,4044.6,15,2,4045.8,179,2,4046.3,68,3,4046.6,16,1,4046.7,41,3,4046.9,21,2
11483,2026-07-02 10:46:27+05:30,4045.5,1,4047.42,639137,147028.0,144470.0,4100.0,4110.0,4016.1,4092.6,23654575,4501.8,3683.4,4440.0,3288.1,4045.5,581,3,4045.0,4,2,4044.8,2,1,4044.7,142,3,4044.6,15,2,4045.8,179,2,4046.3,68,3,4046.6,16,1,4046.7,41,3,4046.9,21,2
11483,2026-07-02 10:46:28+05:30,4045.5,1,4047.42,639137,147028.0,144470.0,4100.0,4110.0,4016.1,4092.6,23654575,4501.8,3683.4,4440.0,3288.1,4045.5,581,3,4045.0,4,2,4044.8,2,1,4044.7,142,3,4044.6,15,2,4045.8,179,2,4046.3,68,3,4046.6,16,1,4046.7,41,3,4046.9,21,2
11483,2026-07-02 10:46:28+05:30,4045.5,1,4047.42,639138,147056.0,144437.0,4100.0,4110.0,4016.1,4092.6,23654575,4501.8,3683.4,4440.0,3288.1,4045.5,580,3,4045.3,20,1,4045.1,2,1,4045.0,4,2,4044.7,142,3,4045.7,1,1,4045.8,179,2,4046.3,68,3,4046.6,16,1,4046.7,41,3
11483,2026-07-02 10:46:28+05:30,4045.5,1,4047.42,639138,147056.0,144437.0,4100.0,4110.0,4016.1,4092.6,23654575,4501.8,3683.4,4440.0,3288.1,4045.5,580,3,4045.3,20,1,4045.1,2,1,4045.0,4,2,4044.7,142,3,4045.7,1,1,4045.8,179,2,4046.3,68,3,4046.6,16,1,4046.7,41,3
11483,2026-07-02 10:46:28+05:30,4045.5,1,4047.42,639138,147056.0,144437.0,4100.0,4110.0,4016.1,4092.6,23654575,4501.8,3683.4,4440.0,3288.1,4045.5,580,3,4045.3,20,1,4045.1,2,1,4045.0,4,2,4044.7,142,3,4045.7,1,1,4045.8,179,2,4046.3,68,3,4046.6,16,1,4046.7,41,3
11483,2026-07-02 10:46:28+05:30,4045.5,1,4047.42,639138,147056.0,144437.0,4100.0,4110.0,4016.1,4092.6,23665775,4501.8,3683.4,4440.0,3288.1,4045.5,580,3,4045.3,20,1,4045.1,2,1,4045.0,4,2,4044.7,142,3,4045.7,1,1,4045.8,179,2,4046.3,68,3,4046.6,16,1,4046.7,41,3
11483,2026-07-02 10:46:29+05:30,4045.5,1,4047.42,639138,147056.0,144437.0,4100.0,4110.0,4016.1,4092.6,23665775,4501.8,3683.4,4440.0,3288.1,4045.5,580,3,4045.3,20,1,4045.1,2,1,4045.0,4,2,4044.7,142,3,4045.7,1,1,4045.8,179,2,4046.3,68,3,4046.6,16,1,4046.7,41,3
11483,2026-07-02 10:46:29+05:30,4045.5,20,4047.42,639159,145589.0,144262.0,4100.0,4110.0,4016.1,4092.6,23665775,4501.8,3683.4,4440.0,3288.1,4045.5,559,3,4045.3,20,1,4045.1,2,1,4045.0,4,2,4044.7,142,3,4045.6,1,1,4045.7,1,1,4045.8,175,1,4046.3,68,3,4046.6,16,1
11483,2026-07-02 10:46:29+05:30,4045.5,20,4047.42,639159,145589.0,144262.0,4100.0,4110.0,4016.1,4092.6,23665775,4501.8,3683.4,4440.0,3288.1,4045.5,559,3,4045.3,20,1,4045.1,2,1,4045.0,4,2,4044.7,142,3,4045.6,1,1,4045.7,1,1,4045.8,175,1,4046.3,68,3,4046.6,16,1
11483,2026-07-02 10:46:29+05:30,4045.5,1,4047.42,639159,145589.0,144262.0,4100.0,4110.0,4016.1,4092.6,23665775,4501.8,3683.4,4440.0,3288.1,4045.5,559,3,4045.3,20,1,4045.1,2,1,4045.0,4,2,4044.7,142,3,4045.6,1,1,4045.7,1,1,4045.8,175,1,4046.3,68,3,4046.6,16,1
11483,2026-07-02 10:46:29+05:30,4045.5,1,4047.42,639159,145589.0,144262.0,4100.0,4110.0,4016.1,4092.6,23665775,4501.8,3683.4,4440.0,3288.1,4045.5,559,3,4045.3,20,1,4045.1,2,1,4045.0,4,2,4044.7,142,3,4045.6,1,1,4045.7,1,1,4045.8,175,1,4046.3,68,3,4046.6,16,1
11483,2026-07-02 10:46:30+05:30,4045.5,1,4047.42,639159,145589.0,144262.0,4100.0,4110.0,4016.1,4092.6,23665775,4501.8,3683.4,4440.0,3288.1,4045.5,559,3,4045.3,20,1,4045.1,2,1,4045.0,4,2,4044.7,142,3,4045.6,1,1,4045.7,1,1,4045.8,175,1,4046.3,68,3,4046.6,16,1
11483,2026-07-02 10:46:30+05:30,4045.8,2,4047.42,639175,145652.0,144455.0,4100.0,4110.0,4016.1,4092.6,23665775,4501.8,3683.4,4440.0,3288.1,4045.5,548,2,4045.3,20,1,4045.0,4,2,4044.8,6,1,4044.7,140,2,4045.8,173,1,4046.3,68,3,4046.4,10,1,4046.6,16,1,4046.7,23,2
11483,2026-07-02 10:46:30+05:30,4045.8,2,4047.42,639175,145652.0,144455.0,4100.0,4110.0,4016.1,4092.6,23665775,4501.8,3683.4,4440.0,3288.1,4045.5,548,2,4045.3,20,1,4045.0,4,2,4044.8,6,1,4044.7,140,2,4045.8,173,1,4046.3,68,3,4046.4,10,1,4046.6,16,1,4046.7,23,2
11483,2026-07-02 10:46:30+05:30,4045.5,1,4047.42,639175,145652.0,144455.0,4100.0,4110.0,4016.1,4092.6,23665775,4501.8,3683.4,4440.0,3288.1,4045.5,548,2,4045.3,20,1,4045.0,4,2,4044.8,6,1,4044.7,140,2,4045.8,173,1,4046.3,68,3,4046.4,10,1,4046.6,16,1,4046.7,23,2
11483,2026-07-02 10:46:31+05:30,4045.8,3,4047.42,639184,145797.0,144393.0,4100.0,4110.0,4016.1,4092.6,23665775,4501.8,3683.4,4440.0,3288.1,4045.6,4,1,4045.5,546,2,4045.3,20,1,4045.0,4,2,4044.8,6,1,4045.7,2,1,4045.8,170,2,4046.3,79,4,4046.4,10,1,4046.5,14,1
11483,2026-07-02 10:46:31+05:30,4045.7,1,4047.42,639184,145797.0,144393.0,4100.0,4110.0,4016.1,4092.6,23665775,4501.8,3683.4,4440.0,3288.1,4045.6,4,1,4045.5,546,2,4045.3,20,1,4045.0,4,2,4044.8,6,1,4045.7,2,1,4045.8,170,2,4046.3,79,4,4046.4,10,1,4046.5,14,1
11483,2026-07-02 10:46:32+05:30,4045.8,6,4047.42,639201,145785.0,144421.0,4100.0,4110.0,4016.1,4092.6,23665775,4501.8,3683.4,4440.0,3288.1,4045.6,5,2,4045.5,546,2,4045.3,20,1,4045.0,4,2,4044.8,6,1,4045.8,160,1,4046.3,79,4,4046.4,10,1,4046.5,14,1,4046.6,16,1
11483,2026-07-02 10:46:32+05:30,4045.8,1,4047.42,639201,145785.0,144421.0,4100.0,4110.0,4016.1,4092.6,23665775,4501.8,3683.4,4440.0,3288.1,4045.6,5,2,4045.5,546,2,4045.3,20,1,4045.0,4,2,4044.8,6,1,4045.8,160,1,4046.3,79,4,4046.4,10,1,4046.5,14,1,4046.6,16,1
11483,2026-07-02 10:46:33+05:30,4045.8,4,4047.42,639207,145954.0,144454.0,4100.0,4110.0,4016.1,4092.6,23665775,4501.8,3683.4,4440.0,3288.1,4045.6,1,1,4045.5,546,2,4045.3,20,1,4045.1,2,1,4045.0,4,2,4045.8,157,2,4046.3,68,3,4046.5,14,1,4046.6,16,1,4046.7,27,2
11483,2026-07-02 10:46:33+05:30,4045.8,4,4047.42,639207,145954.0,144454.0,4100.0,4110.0,4016.1,4092.6,23665775,4501.8,3683.4,4440.0,3288.1,4045.6,1,1,4045.5,546,2,4045.3,20,1,4045.1,2,1,4045.0,4,2,4045.8,157,2,4046.3,68,3,4046.5,14,1,4046.6,16,1,4046.7,27,2
11483,2026-07-02 10:46:34+05:30,4045.8,1,4047.42,639208,145989.0,144349.0,4100.0,4110.0,4016.1,4092.6,23665775,4501.8,3683.4,4440.0,3288.1,4045.7,3,1,4045.6,1,1,4045.5,556,2,4045.3,20,1,4045.0,4,2,4045.8,156,2,4046.3,68,3,4046.6,16,1,4046.9,21,2,4047.0,110,11
11483,2026-07-02 10:46:34+05:30,4045.8,1,4047.42,639208,145989.0,144349.0,4100.0,4110.0,4016.1,4092.6,23665775,4501.8,3683.4,4440.0,3288.1,4045.7,3,1,4045.6,1,1,4045.5,556,2,4045.3,20,1,4045.0,4,2,4045.8,156,2,4046.3,68,3,4046.6,16,1,4046.9,21,2,4047.0,110,11
11483,2026-07-02 10:46:35+05:30,4045.8,1,4047.42,639209,145865.0,144284.0,4100.0,4110.0,4016.1,4092.6,23665775,4501.8,3683.4,4440.0,3288.1,4045.7,3,1,4045.6,1,1,4045.5,556,2,4045.3,20,1,4045.0,4,2,4045.8,156,3,4046.3,68,3,4046.6,16,1,4046.9,26,3,4047.0,105,10
11483,2026-07-02 10:46:35+05:30,4045.8,1,4047.42,639209,145865.0,144284.0,4100.0,4110.0,4016.1,4092.6,23665775,4501.8,3683.4,4440.0,3288.1,4045.7,3,1,4045.6,1,1,4045.5,556,2,4045.3,20,1,4045.0,4,2,4045.8,156,3,4046.3,68,3,4046.6,16,1,4046.9,26,3,4047.0,105,10
11483,2026-07-02 10:46:36+05:30,4045.8,4,4047.42,639369,145710.0,144325.0,4100.0,4110.0,4016.1,4092.6,23665775,4501.8,3683.4,4440.0,3288.1,4045.5,436,1,4045.3,20,1,4045.0,4,2,4044.7,140,2,4044.6,15,2,4045.8,41,1,4045.9,10,1,4046.3,80,5,4046.5,14,1,4046.6,16,1
11483,2026-07-02 10:46:36+05:30,4045.8,4,4047.42,639369,145710.0,144325.0,4100.0,4110.0,4016.1,4092.6,23665775,4501.8,3683.4,4440.0,3288.1,4045.5,436,1,4045.3,20,1,4045.0,4,2,4044.7,140,2,4044.6,15,2,4045.8,41,1,4045.9,10,1,4046.3,80,5,4046.5,14,1,4046.6,16,1
11483,2026-07-02 10:46:37+05:30,4045.8,1,4047.42,639370,145772.0,144352.0,4100.0,4110.0,4016.1,4092.6,23665775,4501.8,3683.4,4440.0,3288.1,4045.5,436,1,4045.3,20,1,4045.0,4,2,4044.8,2,1,4044.7,140,2,4045.8,41,2,4045.9,10,1,4046.3,80,5,4046.5,14,1,4046.6,16,1
11483,2026-07-02 10:46:37+05:30,4044.2,16,4047.42,639370,145772.0,144352.0,4100.0,4110.0,4016.1,4092.6,23665775,4501.8,3683.4,4440.0,3288.1,4045.5,436,1,4045.3,20,1,4045.0,4,2,4044.8,2,1,4044.7,140,2,4045.8,41,2,4045.9,10,1,4046.3,80,5,4046.5,14,1,4046.6,16,1
11483,2026-07-02 10:46:38+05:30,4044.2,16,4047.42,640100,144497.0,144623.0,4100.0,4110.0,4016.1,4092.6,23665775,4501.8,3683.4,4440.0,3288.1,4044.2,127,7,4044.1,27,2,4044.0,503,8,4043.9,20,3,4043.8,51,2,4045.7,22,2,4045.8,63,4,4045.9,10,1,4046.2,4,1,4046.3,80,5
11483,2026-07-02 10:46:38+05:30,4045.7,1,4047.42,640100,144497.0,144623.0,4100.0,4110.0,4016.1,4092.6,23665775,4501.8,3683.4,4440.0,3288.1,4044.2,127,7,4044.1,27,2,4044.0,503,8,4043.9,20,3,4043.8,51,2,4045.7,22,2,4045.8,63,4,4045.9,10,1,4046.2,4,1,4046.3,80,5
11483,2026-07-02 10:46:39+05:30,4045.6,1,4047.42,640105,144436.0,144837.0,4100.0,4110.0,4016.1,4092.6,23665775,4501.8,3683.4,4440.0,3288.1,4044.2,61,3,4044.1,49,2,4044.0,490,7,4043.9,26,1,4043.8,4,2,4045.6,7,1,4045.7,26,3,4045.8,78,4,4045.9,10,1,4046.0,11,1
11483,2026-07-02 10:46:39+05:30,4045.6,1,4047.42,640105,144436.0,144837.0,4100.0,4110.0,4016.1,4092.6,23665775,4501.8,3683.4,4440.0,3288.1,4044.2,61,3,4044.1,49,2,4044.0,490,7,4043.9,26,1,4043.8,4,2,4045.6,7,1,4045.7,26,3,4045.8,78,4,4045.9,10,1,4046.0,11,1
11483,2026-07-02 10:46:40+05:30,4043.8,7,4047.41,640854,142036.0,146600.0,4100.0,4110.0,4016.1,4092.6,23665775,4501.8,3683.4,4440.0,3288.1,4043.2,15,1,4043.0,559,7,4042.4,12,1,4042.2,40,1,4042.1,93,4,4043.8,47,4,4044.0,450,1,4044.3,34,4,4044.4,22,2,4044.5,18,1
11483,2026-07-02 10:46:40+05:30,4043.2,5,4047.41,640854,142036.0,146600.0,4100.0,4110.0,4016.1,4092.6,23665775,4501.8,3683.4,4440.0,3288.1,4043.2,15,1,4043.0,559,7,4042.4,12,1,4042.2,40,1,4042.1,93,4,4043.8,47,4,4044.0,450,1,4044.3,34,4,4044.4,22,2,4044.5,18,1
11483,2026-07-02 10:46:41+05:30,4043.0,6,4047.41,640938,141958.0,147019.0,4100.0,4110.0,4016.1,4092.6,23665775,4501.8,3683.4,4440.0,3288.1,4043.0,518,4,4042.2,40,1,4042.1,12,1,4042.0,21,3,4041.9,57,3,4043.7,42,4,4043.8,48,5,4043.9,10,1,4044.0,472,3,4044.1,12,1
11483,2026-07-02 10:46:41+05:30,4043.0,1,4047.41,640938,141958.0,147019.0,4100.0,4110.0,4016.1,4092.6,23665775,4501.8,3683.4,4440.0,3288.1,4043.0,518,4,4042.2,40,1,4042.1,12,1,4042.0,21,3,4041.9,57,3,4043.7,42,4,4043.8,48,5,4043.9,10,1,4044.0,472,3,4044.1,12,1
11483,2026-07-02 10:46:42+05:30,4043.3,1,4047.41,640941,142036.0,146977.0,4100.0,4110.0,4016.1,4092.6,23665775,4501.8,3683.4,4440.0,3288.1,4043.3,1,1,4043.0,517,4,4042.2,40,1,4042.1,12,1,4042.0,21,3,4043.7,45,5,4043.8,29,3,4043.9,10,1,4044.0,472,3,4044.1,40,3
11483,2026-07-02 10:46:42+05:30,4043.3,1,4047.41,640941,142036.0,146977.0,4100.0,4110.0,4016.1,4092.6,23665775,4501.8,3683.4,4440.0,3288.1,4043.3,1,1,4043.0,517,4,4042.2,40,1,4042.1,12,1,4042.0,21,3,4043.7,45,5,4043.8,29,3,4043.9,10,1,4044.0,472,3,4044.1,40,3
11483,2026-07-02 10:46:43+05:30,4043.0,1,4047.41,640992,142020.0,147081.0,4100.0,4110.0,4016.1,4092.6,23665775,4501.8,3683.4,4440.0,3288.1,4043.0,467,2,4042.2,40,1,4042.1,12,1,4042.0,21,3,4041.9,55,3,4043.6,10,1,4043.7,30,4,4043.8,29,3,4043.9,10,1,4044.0,472,3
11483,2026-07-02 10:46:43+05:30,4043.0,1,4047.41,640992,142020.0,147081.0,4100.0,4110.0,4016.1,4092.6,23665775,4501.8,3683.4,4440.0,3288.1,4043.0,467,2,4042.2,40,1,4042.1,12,1,4042.0,21,3,4041.9,55,3,4043.6,10,1,4043.7,30,4,4043.8,29,3,4043.9,10,1,4044.0,472,3
11483,2026-07-02 10:46:44+05:30,4043.0,1,4047.41,640992,142020.0,147081.0,4100.0,4110.0,4016.1,4092.6,23665775,4501.8,3683.4,4440.0,3288.1,4043.0,467,2,4042.2,40,1,4042.1,12,1,4042.0,21,3,4041.9,55,3,4043.6,10,1,4043.7,30,4,4043.8,29,3,4043.9,10,1,4044.0,472,3
11483,2026-07-02 10:46:44+05:30,4043.0,1,4047.41,640994,142016.0,147078.0,4100.0,4110.0,4016.1,4092.6,23665775,4501.8,3683.4,4440.0,3288.1,4043.0,465,2,4042.2,40,1,4042.1,12,1,4042.0,21,3,4041.9,39,2,4043.6,10,1,4043.7,27,3,4043.8,29,3,4043.9,10,1,4044.0,472,3
11483,2026-07-02 10:46:45+05:30,4043.0,1,4047.41,640994,142016.0,147078.0,4100.0,4110.0,4016.1,4092.6,23665775,4501.8,3683.4,4440.0,3288.1,4043.0,465,2,4042.2,40,1,4042.1,12,1,4042.0,21,3,4041.9,39,2,4043.6,10,1,4043.7,27,3,4043.8,29,3,4043.9,10,1,4044.0,472,3
11483,2026-07-02 10:46:45+05:30,4043.5,3,4047.41,641001,141906.0,147226.0,4100.0,4110.0,4016.1,4092.6,23665775,4501.8,3683.4,4440.0,3288.1,4043.0,464,2,4042.2,40,1,4042.1,12,1,4042.0,21,3,4041.9,59,4,4043.5,6,1,4043.6,33,4,4043.7,33,3,4043.8,29,3,4043.9,10,1
11483,2026-07-02 10:46:46+05:30,4043.0,1,4047.41,641001,141906.0,147226.0,4100.0,4110.0,4016.1,4092.6,23665775,4501.8,3683.4,4440.0,3288.1,4043.0,464,2,4042.2,40,1,4042.1,12,1,4042.0,21,3,4041.9,59,4,4043.5,6,1,4043.6,33,4,4043.7,33,3,4043.8,29,3,4043.9,10,1
11483,2026-07-02 10:46:46+05:30,4043.0,1,4047.41,641009,141927.0,147134.0,4100.0,4110.0,4016.1,4092.6,23665775,4501.8,3683.4,4440.0,3288.1,4043.0,463,2,4042.2,40,1,4042.1,12,1,4042.0,23,4,4041.9,57,3,4043.4,10,1,4043.5,4,1,4043.6,30,3,4043.7,33,3,4043.8,29,3
11483,2026-07-02 10:46:47+05:30,4043.0,1,4047.41,641009,141927.0,147134.0,4100.0,4110.0,4016.1,4092.6,23665775,4501.8,3683.4,4440.0,3288.1,4043.0,463,2,4042.2,40,1,4042.1,12,1,4042.0,23,4,4041.9,57,3,4043.4,10,1,4043.5,4,1,4043.6,30,3,4043.7,33,3,4043.8,29,3
11483,2026-07-02 10:46:47+05:30,4043.0,1,4047.41,641010,142148.0,147099.0,4100.0,4110.0,4016.1,4092.6,23665775,4501.8,3683.4,4440.0,3288.1,4043.0,562,3,4042.3,2,1,4042.2,40,1,4042.1,12,1,4042.0,21,3,4043.4,13,2,4043.6,30,3,4043.7,11,1,4043.8,17,2,4043.9,10,1
11483,2026-07-02 10:46:48+05:30,4043.0,1,4047.41,641010,142148.0,147099.0,4100.0,4110.0,4016.1,4092.6,23665775,4501.8,3683.4,4440.0,3288.1,4043.0,562,3,4042.3,2,1,4042.2,40,1,4042.1,12,1,4042.0,21,3,4043.4,13,2,4043.6,30,3,4043.7,11,1,4043.8,17,2,4043.9,10,1
11483,2026-07-02 10:46:49+05:30,4043.0,1,4047.41,641011,142147.0,147149.0,4100.0,4110.0,4016.1,4092.6,23665775,4501.8,3683.4,4440.0,3288.1,4043.0,561,3,4042.3,2,1,4042.2,40,1,4042.1,12,1,4042.0,21,3,4043.4,7,2,4043.6,22,2,4043.8,17,2,4043.9,10,1,4044.0,472,3
11483,2026-07-02 10:46:49+05:30,4043.4,2,4047.41,641011,142147.0,147149.0,4100.0,4110.0,4016.1,4092.6,23665775,4501.8,3683.4,4440.0,3288.1,4043.0,561,3,4042.3,2,1,4042.2,40,1,4042.1,12,1,4042.0,21,3,4043.4,7,2,4043.6,22,2,4043.8,17,2,4043.9,10,1,4044.0,472,3
11483,2026-07-02 10:46:50+05:30,4043.4,2,4047.41,641014,142239.0,147035.0,4100.0,4110.0,4016.1,4092.6,23665775,4501.8,3683.4,4440.0,3288.1,4043.0,560,3,4042.3,2,1,4042.2,40,1,4042.1,12,1,4042.0,21,3,4043.4,5,2,4043.6,10,1,4043.8,7,1,4043.9,10,1,4044.0,472,3
11483,2026-07-02 10:46:50+05:30,4043.4,1,4047.41,641014,142239.0,147035.0,4100.0,4110.0,4016.1,4092.6,23665775,4501.8,3683.4,4440.0,3288.1,4043.0,560,3,4042.3,2,1,4042.2,40,1,4042.1,12,1,4042.0,21,3,4043.4,5,2,4043.6,10,1,4043.8,7,1,4043.9,10,1,4044.0,472,3
11483,2026-07-02 10:46:51+05:30,4043.0,1,4047.41,641018,142242.0,146994.0,4100.0,4110.0,4016.1,4092.6,23665775,4501.8,3683.4,4440.0,3288.1,4043.0,558,3,4042.3,2,1,4042.2,40,1,4042.1,12,1,4042.0,21,3,4043.2,1,1,4043.4,3,1,4043.6,10,1,4043.8,7,1,4043.9,10,1
11483,2026-07-02 10:46:51+05:30,4043.0,1,4047.41,641018,142242.0,146994.0,4100.0,4110.0,4016.1,4092.6,23665775,4501.8,3683.4,4440.0,3288.1,4043.0,558,3,4042.3,2,1,4042.2,40,1,4042.1,12,1,4042.0,21,3,4043.2,1,1,4043.4,3,1,4043.6,10,1,4043.8,7,1,4043.9,10,1
11483,2026-07-02 10:46:52+05:30,4043.2,2,4047.41,641020,142283.0,147052.0,4100.0,4110.0,4016.1,4092.6,23665775,4501.8,3683.4,4440.0,3288.1,4043.1,1,1,4043.0,568,4,4042.3,2,1,4042.2,40,1,4042.1,12,1,4043.2,1,1,4043.8,7,1,4044.0,460,2,4044.1,12,1,4044.2,31,2
11483,2026-07-02 10:46:52+05:30,4043.2,1,4047.41,641020,142283.0,147052.0,4100.0,4110.0,4016.1,4092.6,23665775,4501.8,3683.4,4440.0,3288.1,4043.1,1,1,4043.0,568,4,4042.3,2,1,4042.2,40,1,4042.1,12,1,4043.2,1,1,4043.8,7,1,4044.0,460,2,4044.1,12,1,4044.2,31,2
11483,2026-07-02 10:46:53+05:30,4043.2,1,4047.41,641022,142092.0,147097.0,4100.0,4110.0,4016.1,4092.6,23665775,4501.8,3683.4,4440.0,3288.1,4043.1,1,1,4043.0,568,4,4042.2,40,1,4042.1,28,2,4042.0,21,3,4043.2,4,2,4043.8,7,1,4044.0,460,2,4044.1,12,1,4044.2,47,3
11483,2026-07-02 10:46:53+05:30,4043.0,7,4047.41,641022,142092.0,147097.0,4100.0,4110.0,4016.1,4092.6,23665775,4501.8,3683.4,4440.0,3288.1,4043.1,1,1,4043.0,568,4,4042.2,40,1,4042.1,28,2,4042.0,21,3,4043.2,4,2,4043.8,7,1,4044.0,460,2,4044.1,12,1,4044.2,47,3
11483,2026-07-02 10:46:54+05:30,4044.0,1,4047.41,641120,142286.0,146956.0,4100.0,4110.0,4016.1,4092.6,23665775,4501.8,3683.4,4440.0,3288.1,4043.0,562,5,4042.3,2,1,4042.2,40,1,4042.1,28,2,4042.0,21,3,4044.0,388,1,4044.3,15,1,4044.4,20,2,4044.5,74,3,4044.6,32,2
11483,2026-07-02 10:46:54+05:30,4044.0,1,4047.41,641120,142286.0,146956.0,4100.0,4110.0,4016.1,4092.6,23665775,4501.8,3683.4,4440.0,3288.1,4043.0,562,5,4042.3,2,1,4042.2,40,1,4042.1,28,2,4042.0,21,3,4044.0,388,1,4044.3,15,1,4044.4,20,2,4044.5,74,3,4044.6,32,2
11483,2026-07-02 10:46:55+05:30,4043.9,1,4047.41,641171,142269.0,146957.0,4100.0,4110.0,4016.1,4092.6,23665775,4501.8,3683.4,4440.0,3288.1,4043.0,562,5,4042.2,40,1,4042.1,30,3,4042.0,21,3,4041.9,68,4,4043.9,21,2,4044.0,383,3,4044.2,4,1,4044.3,28,3,4044.4,20,2
11483,2026-07-02 10:46:55+05:30,4043.9,1,4047.41,641171,142269.0,146957.0,4100.0,4110.0,4016.1,4092.6,23665775,4501.8,3683.4,4440.0,3288.1,4043.0,562,5,4042.2,40,1,4042.1,30,3,4042.0,21,3,4041.9,68,4,4043.9,21,2,4044.0,383,3,4044.2,4,1,4044.3,28,3,4044.4,20,2
11483,2026-07-02 10:46:56+05:30,4043.9,1,4047.41,641172,142282.0,146942.0,4100.0,4110.0,4016.1,4092.6,23665775,4501.8,3683.4,4440.0,3288.1,4043.0,562,5,4042.3,2,1,4042.2,40,1,4042.1,28,2,4042.0,26,4,4043.9,10,2,4044.0,385,3,4044.2,3,1,4044.3,28,3,4044.4,17,1
11483,2026-07-02 10:46:56+05:30,4043.9,1,4047.41,641172,142282.0,146942.0,4100.0,4110.0,4016.1,4092.6,23665775,4501.8,3683.4,4440.0,3288.1,4043.0,562,5,4042.3,2,1,4042.2,40,1,4042.1,28,2,4042.0,26,4,4043.9,10,2,4044.0,385,3,4044.2,3,1,4044.3,28,3,4044.4,17,1
11483,2026-07-02 10:46:57+05:30,4043.9,1,4047.41,641249,142202.0,146942.0,4100.0,4110.0,4016.1,4092.6,23665775,4501.8,3683.4,4440.0,3288.1,4043.0,487,5,4042.2,42,2,4042.1,28,2,4042.0,26,4,4041.9,68,4,4043.9,10,4,4044.0,385,3,4044.2,21,2,4044.3,28,3,4044.4,17,1
11483,2026-07-02 10:46:57+05:30,4043.9,1,4047.41,641249,142202.0,146942.0,4100.0,4110.0,4016.1,4092.6,23665775,4501.8,3683.4,4440.0,3288.1,4043.0,487,5,4042.2,42,2,4042.1,28,2,4042.0,26,4,4041.9,68,4,4043.9,10,4,4044.0,385,3,4044.2,21,2,4044.3,28,3,4044.4,17,1
11483,2026-07-02 10:46:58+05:30,4043.9,1,4047.41,641257,142203.0,146978.0,4100.0,4110.0,4016.1,4092.6,23665775,4501.8,3683.4,4440.0,3288.1,4043.0,483,5,4042.2,42,2,4042.1,28,2,4042.0,26,4,4041.9,68,4,4043.9,6,4,4044.0,385,3,4044.2,21,2,4044.3,28,3,4044.4,17,1
11483,2026-07-02 10:46:58+05:30,4043.9,1,4047.41,641257,142203.0,146978.0,4100.0,4110.0,4016.1,4092.6,23665775,4501.8,3683.4,4440.0,3288.1,4043.0,483,5,4042.2,42,2,4042.1,28,2,4042.0,26,4,4041.9,68,4,4043.9,6,4,4044.0,385,3,4044.2,21,2,4044.3,28,3,4044.4,17,1
11483,2026-07-02 10:46:59+05:30,4043.9,1,4047.41,641258,142483.0,147168.0,4100.0,4110.0,4016.1,4092.6,23665775,4501.8,3683.4,4440.0,3288.1,4043.4,5,1,4043.0,485,6,4042.4,13,1,4042.3,2,1,4042.2,40,1,4043.9,5,4,4044.0,360,1,4044.2,3,1,4044.3,17,2,4044.4,17,1
11483,2026-07-02 10:46:59+05:30,4043.9,1,4047.41,641258,142483.0,147168.0,4100.0,4110.0,4016.1,4092.6,23665775,4501.8,3683.4,4440.0,3288.1,4043.4,5,1,4043.0,485,6,4042.4,13,1,4042.3,2,1,4042.2,40,1,4043.9,5,4,4044.0,360,1,4044.2,3,1,4044.3,17,2,4044.4,17,1
11483,2026-07-02 10:47:00+05:30,4043.4,1,4047.41,641261,142487.0,147209.0,4100.0,4110.0,4016.1,4092.6,23665775,4501.8,3683.4,4440.0,3288.1,4043.4,3,1,4043.0,485,6,4042.4,13,1,4042.2,42,2,4042.1,28,2,4043.9,2,2,4044.0,360,1,4044.2,3,1,4044.3,17,2,4044.4,17,1
11483,2026-07-02 10:47:00+05:30,4043.4,1,4047.41,641261,142487.0,147209.0,4100.0,4110.0,4016.1,4092.6,23665775,4501.8,3683.4,4440.0,3288.1,4043.4,3,1,4043.0,485,6,4042.4,13,1,4042.2,42,2,4042.1,28,2,4043.9,2,2,4044.0,360,1,4044.2,3,1,4044.3,17,2,4044.4,17,1
11483,2026-07-02 10:47:01+05:30,4043.0,1,4047.41,641272,142378.0,147091.0,4100.0,4110.0,4016.1,4092.6,23665775,4501.8,3683.4,4440.0,3288.1,4043.0,484,7,4042.3,22,2,4042.2,40,1,4042.1,12,1,4042.0,28,5,4043.7,1,1,4044.0,382,3,4044.2,3,1,4044.4,2,1,4044.5,18,1
11483,2026-07-02 10:47:01+05:30,4043.7,1,4047.41,641272,142378.0,147091.0,4100.0,4110.0,4016.1,4092.6,23665775,4501.8,3683.4,4440.0,3288.1,4043.0,484,7,4042.3,22,2,4042.2,40,1,4042.1,12,1,4042.0,28,5,4043.7,1,1,4044.0,382,3,4044.2,3,1,4044.4,2,1,4044.5,18,1
11483,2026-07-02 10:47:02+05:30,4043.3,1,4047.41,641274,142363.0,147266.0,4100.0,4110.0,4016.1,4092.6,23665775,4501.8,3683.4,4440.0,3288.1,4043.3,1,1,4043.0,484,7,4042.3,22,2,4042.2,40,1,4042.1,14,2,4043.7,2,2,4044.0,382,3,4044.2,3,1,4044.4,2,1,4044.5,18,1
11483,2026-07-02 10:47:02+05:30,4043.3,1,4047.41,641274,142363.0,147266.0,4100.0,4110.0,4016.1,4092.6,23665775,4501.8,3683.4,4440.0,3288.1,4043.3,1,1,4043.0,484,7,4042.3,22,2,4042.2,40,1,4042.1,14,2,4043.7,2,2,4044.0,382,3,4044.2,3,1,4044.4,2,1,4044.5,18,1
11483,2026-07-02 10:47:03+05:30,4043.3,1,4047.41,641274,142363.0,147266.0,4100.0,4110.0,4016.1,4092.6,23665775,4501.8,3683.4,4440.0,3288.1,4043.0,499,8,4042.6,17,1,4042.5,10,1,4042.4,41,2,4042.3,22,2,4043.7,2,2,4044.0,382,3,4044.2,3,1,4044.4,2,1,4044.5,18,1
11483,2026-07-02 10:47:03+05:30,4043.3,1,4047.41,641275,142425.0,147205.0,4100.0,4110.0,4016.1,4092.6,23665775,4501.8,3683.4,4440.0,3288.1,4043.0,499,8,4042.6,17,1,4042.5,10,1,4042.4,41,2,4042.3,22,2,4043.7,2,2,4044.0,382,3,4044.2,3,1,4044.4,2,1,4044.5,18,1
11483,2026-07-02 10:47:04+05:30,4043.1,28,4047.41,641275,142425.0,147205.0,4100.0,4110.0,4016.1,4092.6,23665775,4501.8,3683.4,4440.0,3288.1,4043.0,499,8,4042.6,17,1,4042.5,10,1,4042.4,41,2,4042.3,22,2,4043.7,2,2,4044.0,382,3,4044.2,3,1,4044.4,2,1,4044.5,18,1
11483,2026-07-02 10:47:04+05:30,4043.1,28,4047.41,641304,141925.0,147621.0,4100.0,4110.0,4016.1,4092.6,23665775,4501.8,3683.4,4440.0,3288.1,4043.0,498,8,4042.6,8,1,4042.5,10,1,4042.4,41,2,4042.2,93,5,4043.1,147,1,4043.7,2,2,4044.0,382,3,4044.2,19,2,4044.4,2,1
11483,2026-07-02 10:47:05+05:30,4043.0,1,4047.41,641304,141925.0,147621.0,4100.0,4110.0,4016.1,4092.6,23665775,4501.8,3683.4,4440.0,3288.1,4043.0,498,8,4042.6,8,1,4042.5,10,1,4042.4,41,2,4042.2,93,5,4043.1,147,1,4043.7,2,2,4044.0,382,3,4044.2,19,2,4044.4,2,1
11483,2026-07-02 10:47:05+05:30,4043.0,1,4047.41,641305,141683.0,147831.0,4100.0,4110.0,4016.1,4092.6,23665775,4501.8,3683.4,4440.0,3288.1,4043.0,482,7,4042.8,15,1,4042.3,13,1,4042.2,40,1,4042.1,16,1,4043.1,149,2,4043.7,1,1,4043.9,2,1,4044.0,384,4,4044.1,5,1
11483,2026-07-02 10:47:06+05:30,4043.0,1,4047.41,641305,141683.0,147831.0,4100.0,4110.0,4016.1,4092.6,23665775,4501.8,3683.4,4440.0,3288.1,4043.0,482,7,4042.8,15,1,4042.3,13,1,4042.2,40,1,4042.1,16,1,4043.1,149,2,4043.7,1,1,4043.9,2,1,4044.0,384,4,4044.1,5,1
11483,2026-07-02 10:47:06+05:30,4043.0,2,4047.41,641794,140407.0,148801.0,4100.0,4110.0,4016.1,4092.6,23665775,4501.8,3683.4,4440.0,3288.1,4042.2,40,1,4042.0,21,3,4041.9,25,1,4041.6,4,1,4041.3,6,2,4043.0,22,2,4043.1,176,7,4043.2,19,2,4043.3,493,1,4043.4,28,3
11483,2026-07-02 10:47:07+05:30,4042.2,1,4047.41,641794,140407.0,148801.0,4100.0,4110.0,4016.1,4092.6,23665775,4501.8,3683.4,4440.0,3288.1,4042.2,40,1,4042.0,21,3,4041.9,25,1,4041.6,4,1,4041.3,6,2,4043.0,22,2,4043.1,176,7,4043.2,19,2,4043.3,493,1,4043.4,28,3
11483,2026-07-02 10:47:07+05:30,4042.2,1,4047.41,641795,140551.0,148781.0,4100.0,4110.0,4016.1,4092.6,23665775,4501.8,3683.4,4440.0,3288.1,4042.2,39,1,4042.0,21,3,4041.9,25,1,4041.6,4,1,4041.3,6,2,4042.9,12,1,4043.0,27,3,4043.1,173,5,4043.2,14,1,4043.3,493,1
11483,2026-07-02 10:47:08+05:30,4042.9,1,4047.41,641795,140551.0,148781.0,4100.0,4110.0,4016.1,4092.6,23665775,4501.8,3683.4,4440.0,3288.1,4042.2,39,1,4042.0,21,3,4041.9,25,1,4041.6,4,1,4041.3,6,2,4042.9,12,1,4043.0,27,3,4043.1,173,5,4043.2,14,1,4043.3,493,1
11483,2026-07-02 10:47:08+05:30,4042.9,1,4047.41,641799,140582.0,148757.0,4100.0,4110.0,4016.1,4092.6,23665775,4501.8,3683.4,4440.0,3288.1,4042.2,38,1,4042.0,21,3,4041.9,25,1,4041.6,4,1,4041.3,6,2,4042.9,20,3,4043.0,27,3,4043.1,163,4,4043.2,14,1,4043.3,493,1
11483,2026-07-02 10:47:09+05:30,4042.2,1,4047.41,641799,140582.0,148757.0,4100.0,4110.0,4016.1,4092.6,23665775,4501.8,3683.4,4440.0,3288.1,4042.2,38,1,4042.0,21,3,4041.9,25,1,4041.6,4,1,4041.3,6,2,4042.9,20,3,4043.0,27,3,4043.1,163,4,4043.2,14,1,4043.3,493,1
11483,2026-07-02 10:47:09+05:30,4042.2,1,4047.41,641834,140473.0,148718.0,4100.0,4110.0,4016.1,4092.6,23665775,4501.8,3683.4,4440.0,3288.1,4042.2,37,1,4042.0,21,3,4041.9,25,1,4041.6,4,1,4041.3,6,2,4042.9,5,1,4043.1,138,2,4043.3,493,1,4043.4,28,3,4043.5,53,3
11483,2026-07-02 10:47:10+05:30,4042.2,1,4047.41,641834,140473.0,148718.0,4100.0,4110.0,4016.1,4092.6,23665775,4501.8,3683.4,4440.0,3288.1,4042.2,37,1,4042.0,21,3,4041.9,25,1,4041.6,4,1,4041.3,6,2,4042.9,5,1,4043.1,138,2,4043.3,493,1,4043.4,28,3,4043.5,53,3
11483,2026-07-02 10:47:10+05:30,4042.2,1,4047.41,641835,140168.0,149363.0,4100.0,4110.0,4016.1,4092.6,23665775,4501.8,3683.4,4440.0,3288.1,4042.2,36,1,4042.0,21,3,4041.9,25,1,4041.6,4,1,4041.3,6,2,4042.8,12,1,4042.9,37,5,4043.0,40,1,4043.1,151,3,4043.3,509,2
11483,2026-07-02 10:47:11+05:30,4042.2,1,4047.41,641835,140168.0,149363.0,4100.0,4110.0,4016.1,4092.6,23665775,4501.8,3683.4,4440.0,3288.1,4042.2,36,1,4042.0,21,3,4041.9,25,1,4041.6,4,1,4041.3,6,2,4042.8,12,1,4042.9,37,5,4043.0,40,1,4043.1,151,3,4043.3,509,2
11483,2026-07-02 10:47:11+05:30,4042.2,1,4047.41,641839,140543.0,149489.0,4100.0,4110.0,4016.1,4092.6,23665775,4501.8,3683.4,4440.0,3288.1,4042.2,32,1,4042.0,221,4,4041.9,25,1,4041.6,4,1,4041.3,6,2,4042.6,1,1,4042.7,12,2,4042.8,12,1,4042.9,20,2,4043.0,45,2
11483,2026-07-02 10:47:12+05:30,4042.2,1,4047.41,641839,140543.0,149489.0,4100.0,4110.0,4016.1,4092.6,23665775,4501.8,3683.4,4440.0,3288.1,4042.2,32,1,4042.0,221,4,4041.9,25,1,4041.6,4,1,4041.3,6,2,4042.6,1,1,4042.7,12,2,4042.8,12,1,4042.9,20,2,4043.0,45,2
11483,2026-07-02 10:47:12+05:30,4042.2,1,4047.41,641860,140488.0,149463.0,4100.0,4110.0,4016.1,4092.6,23665775,4501.8,3683.4,4440.0,3288.1,4042.2,15,1,4042.0,221,4,4041.9,25,1,4041.6,4,1,4041.3,6,2,4042.6,14,3,4042.9,12,2,4043.0,45,2,4043.1,161,4,4043.2,34,2
11483,2026-07-02 10:47:13+05:30,4042.2,1,4047.41,641860,140488.0,149463.0,4100.0,4110.0,4016.1,4092.6,23665775,4501.8,3683.4,4440.0,3288.1,4042.2,15,1,4042.0,221,4,4041.9,25,1,4041.6,4,1,4041.3,6,2,4042.6,14,3,4042.9,12,2,4043.0,45,2,4043.1,161,4,4043.2,34,2
11483,2026-07-02 10:47:13+05:30,4042.2,1,4047.41,641868,140435.0,149402.0,4100.0,4110.0,4016.1,4092.6,23665775,4501.8,3683.4,4440.0,3288.1,4042.2,7,1,4042.0,221,4,4041.9,25,1,4041.6,4,1,4041.3,6,2,4042.6,16,4,4042.9,22,4,4043.0,45,2,4043.1,161,4,4043.2,34,2
11483,2026-07-02 10:47:14+05:30,4042.6,4,4047.41,641868,140435.0,149402.0,4100.0,4110.0,4016.1,4092.6,23665775,4501.8,3683.4,4440.0,3288.1,4042.2,7,1,4042.0,221,4,4041.9,25,1,4041.6,4,1,4041.3,6,2,4042.6,16,4,4042.9,22,4,4043.0,45,2,4043.1,161,4,4043.2,34,2
11483,2026-07-02 10:47:14+05:30,4042.6,4,4047.41,641913,140467.0,149533.0,4100.0,4110.0,4016.1,4092.6,23665775,4501.8,3683.4,4440.0,3288.1,4042.0,193,1,4041.9,25,1,4041.6,4,1,4041.3,6,2,4041.2,22,2,4042.6,1,1,4042.8,10,1,4042.9,12,3,4043.0,45,2,4043.1,148,3
11483,2026-07-02 10:47:15+05:30,4042.0,10,4047.41,641913,140467.0,149533.0,4100.0,4110.0,4016.1,4092.6,23665775,4501.8,3683.4,4440.0,3288.1,4042.0,193,1,4041.9,25,1,4041.6,4,1,4041.3,6,2,4041.2,22,2,4042.6,1,1,4042.8,10,1,4042.9,12,3,4043.0,45,2,4043.1,148,3
11483,2026-07-02 10:47:15+05:30,4042.0,10,4047.41,641924,140347.0,149328.0,4100.0,4110.0,4016.1,4092.6,23665775,4501.8,3683.4,4440.0,3288.1,4042.5,2,2,4042.0,182,1,4041.9,25,1,4041.6,4,1,4041.3,6,2,4042.6,2,2,4042.8,10,1,4042.9,12,3,4043.0,45,2,4043.1,148,3
11483,2026-07-02 10:47:16+05:30,4042.9,4,4047.41,641924,140347.0,149328.0,4100.0,4110.0,4016.1,4092.6,23665775,4501.8,3683.4,4440.0,3288.1,4042.5,2,2,4042.0,182,1,4041.9,25,1,4041.6,4,1,4041.3,6,2,4042.6,2,2,4042.8,10,1,4042.9,12,3,4043.0,45,2,4043.1,148,3
11483,2026-07-02 10:47:16+05:30,4042.9,4,4047.41,641942,140340.0,149486.0,4100.0,4110.0,4016.1,4092.6,23665775,4501.8,3683.4,4440.0,3288.1,4042.0,182,1,4041.9,25,1,4041.6,4,1,4041.3,6,2,4041.2,22,2,4042.6,1,1,4042.9,6,1,4043.0,47,3,4043.1,147,2,4043.2,18,1
11483,2026-07-02 10:47:17+05:30,4042.0,1,4047.41,641942,140340.0,149486.0,4100.0,4110.0,4016.1,4092.6,23665775,4501.8,3683.4,4440.0,3288.1,4042.0,182,1,4041.9,25,1,4041.6,4,1,4041.3,6,2,4041.2,22,2,4042.6,1,1,4042.9,6,1,4043.0,47,3,4043.1,147,2,4043.2,18,1
11483,2026-07-02 10:47:17+05:30,4042.0,1,4047.41,641946,140314.0,149485.0,4100.0,4110.0,4016.1,4092.6,23665775,4501.8,3683.4,4440.0,3288.1,4042.0,178,1,4041.9,25,1,4041.6,4,1,4041.3,6,2,4041.2,22,2,4042.6,1,1,4042.9,15,2,4043.0,47,3,4043.1,137,1,4043.2,18,1
11483,2026-07-02 10:47:18+05:30,4042.0,100,4047.41,641946,140314.0,149485.0,4100.0,4110.0,4016.1,4092.6,23665775,4501.8,3683.4,4440.0,3288.1,4042.0,178,1,4041.9,25,1,4041.6,4,1,4041.3,6,2,4041.2,22,2,4042.6,1,1,4042.9,15,2,4043.0,47,3,4043.1,137,1,4043.2,18,1
11483,2026-07-02 10:47:19+05:30,4042.0,100,4047.41,642047,140263.0,149498.0,4100.0,4110.0,4016.1,4092.6,23665775,4501.8,3683.4,4440.0,3288.1,4042.0,77,1,4041.9,25,1,4041.6,4,1,4041.3,6,2,4041.2,10,1,4042.6,1,1,4042.9,15,2,4043.0,47,3,4043.1,137,1,4043.2,18,1
11483,2026-07-02 10:47:19+05:30,4041.0,3,4047.41,642047,140263.0,149498.0,4100.0,4110.0,4016.1,4092.6,23665775,4501.8,3683.4,4440.0,3288.1,4042.0,77,1,4041.9,25,1,4041.6,4,1,4041.3,6,2,4041.2,10,1,4042.6,1,1,4042.9,15,2,4043.0,47,3,4043.1,137,1,4043.2,18,1
11483,2026-07-02 10:47:20+05:30,4041.0,1,4047.4,642203,140125.0,149325.0,4100.0,4110.0,4016.1,4092.6,23665775,4501.8,3683.4,4440.0,3288.1,4041.0,479,4,4040.7,26,2,4040.6,13,1,4040.4,61,3,4040.3,14,2,4042.4,12,1,4042.5,52,5,4042.6,30,4,4042.7,23,2,4042.8,9,1
11483,2026-07-02 10:47:20+05:30,4042.4,2,4047.4,642203,140125.0,149325.0,4100.0,4110.0,4016.1,4092.6,23665775,4501.8,3683.4,4440.0,3288.1,4041.0,479,4,4040.7,26,2,4040.6,13,1,4040.4,61,3,4040.3,14,2,4042.4,12,1,4042.5,52,5,4042.6,30,4,4042.7,23,2,4042.8,9,1
11483,2026-07-02 10:47:21+05:30,4041.1,1,4047.4,642210,140281.0,148399.0,4100.0,4110.0,4016.1,4092.6,23665775,4501.8,3683.4,4440.0,3288.1,4041.1,36,5,4041.0,465,3,4040.9,26,3,4040.8,24,2,4040.7,68,4,4041.7,2,1,4042.4,2,1,4042.6,12,1,4042.7,5,1,4042.9,41,4
11483,2026-07-02 10:47:21+05:30,4041.1,6,4047.4,642210,140281.0,148399.0,4100.0,4110.0,4016.1,4092.6,23665775,4501.8,3683.4,4440.0,3288.1,4041.1,36,5,4041.0,465,3,4040.9,26,3,4040.8,24,2,4040.7,68,4,4041.7,2,1,4042.4,2,1,4042.6,12,1,4042.7,5,1,4042.9,41,4
11483,2026-07-02 10:47:22+05:30,4041.4,1,4047.4,642221,140353.0,148861.0,4100.0,4110.0,4016.1,4092.6,23665775,4501.8,3683.4,4440.0,3288.1,4041.4,1,1,4041.1,19,3,4041.0,465,3,4040.9,24,2,4040.8,26,3,4041.7,2,1,4042.0,175,1,4042.7,5,1,4042.9,26,3,4043.0,92,4
11483,2026-07-02 10:47:22+05:30,4041.4,1,4047.4,642221,140353.0,148861.0,4100.0,4110.0,4016.1,4092.6,23665775,4501.8,3683.4,4440.0,3288.1,4041.4,1,1,4041.1,19,3,4041.0,465,3,4040.9,24,2,4040.8,26,3,4041.7,2,1,4042.0,175,1,4042.7,5,1,4042.9,26,3,4043.0,92,4
11483,2026-07-02 10:47:23+05:30,4041.4,1,4047.4,642221,140353.0,148861.0,4100.0,4110.0,4016.1,4092.6,23665775,4501.8,3683.4,4440.0,3288.1,4041.4,1,1,4041.1,19,3,4041.0,465,3,4040.9,24,2,4040.8,26,3,4041.7,2,1,4042.0,175,1,4042.7,5,1,4042.9,26,3,4043.0,92,4
11483,2026-07-02 10:47:23+05:30,4041.4,1,4047.4,642222,140346.0,148612.0,4100.0,4110.0,4016.1,4092.6,23665775,4501.8,3683.4,4440.0,3288.1,4041.1,19,3,4041.0,465,3,4040.9,24,2,4040.8,24,2,4040.7,42,3,4041.7,5,2,4042.7,5,1,4042.8,30,1,4042.9,74,4,4043.0,92,4
11483,2026-07-02 10:47:24+05:30,4041.1,1,4047.4,642222,140346.0,148612.0,4100.0,4110.0,4016.1,4092.6,23665775,4501.8,3683.4,4440.0,3288.1,4041.1,19,3,4041.0,465,3,4040.9,24,2,4040.8,24,2,4040.7,42,3,4041.7,5,2,4042.7,5,1,4042.8,30,1,4042.9,74,4,4043.0,92,4
11483,2026-07-02 10:47:24+05:30,4041.1,1,4047.4,642226,140361.0,148609.0,4100.0,4110.0,4016.1,4092.6,23665775,4501.8,3683.4,4440.0,3288.1,4041.1,9,2,4041.0,465,3,4040.9,12,1,4040.8,10,1,4040.7,42,3,4041.7,4,2,4042.7,5,1,4042.8,20,1,4042.9,74,4,4043.0,93,5
11483,2026-07-02 10:47:25+05:30,4041.1,1,4047.4,642226,140361.0,148609.0,4100.0,4110.0,4016.1,4092.6,23665775,4501.8,3683.4,4440.0,3288.1,4041.1,9,2,4041.0,465,3,4040.9,12,1,4040.8,10,1,4040.7,42,3,4041.7,4,2,4042.7,5,1,4042.8,20,1,4042.9,74,4,4043.0,93,5
11483,2026-07-02 10:47:25+05:30,4041.0,1,4047.4,642227,140403.0,148894.0,4100.0,4110.0,4016.1,4092.6,23665775,4501.8,3683.4,4440.0,3288.1,4041.0,478,4,4040.8,10,1,4040.7,18,1,4040.6,84,3,4040.5,51,2,4041.7,4,2,4042.7,92,3,4042.8,48,1,4042.9,94,5,4043.0,95,6
11483,2026-07-02 10:47:25+05:30,4041.0,1,4047.4,642227,140403.0,148894.0,4100.0,4110.0,4016.1,4092.6,23665775,4501.8,3683.4,4440.0,3288.1,4041.0,478,4,4040.8,10,1,4040.7,18,1,4040.6,84,3,4040.5,51,2,4041.7,4,2,4042.7,92,3,4042.8,48,1,4042.9,94,5,4043.0,95,6
11483,2026-07-02 10:47:25+05:30,4041.0,1,4047.4,642227,140403.0,148894.0,4100.0,4110.0,4016.1,4092.6,23665775,4501.8,3683.4,4440.0,3288.1,4041.0,478,4,4040.8,10,1,4040.7,18,1,4040.6,84,3,4040.5,51,2,4041.7,4,2,4042.7,92,3,4042.8,48,1,4042.9,94,5,4043.0,95,6
11483,2026-07-02 10:47:26+05:30,4041.0,1,4047.4,642227,140403.0,148894.0,4100.0,4110.0,4016.1,4092.6,23665775,4501.8,3683.4,4440.0,3288.1,4041.0,478,4,4040.8,10,1,4040.7,18,1,4040.6,84,3,4040.5,51,2,4041.7,4,2,4042.7,92,3,4042.8,48,1,4042.9,94,5,4043.0,95,6
11483,2026-07-02 10:47:26+05:30,4041.0,4,4047.4,642227,140403.0,148894.0,4100.0,4110.0,4016.1,4092.6,23665775,4501.8,3683.4,4440.0,3288.1,4041.0,478,4,4040.8,10,1,4040.7,18,1,4040.6,84,3,4040.5,51,2,4041.7,4,2,4042.7,92,3,4042.8,48,1,4042.9,94,5,4043.0,95,6
11483,2026-07-02 10:47:26+05:30,4041.0,4,4047.4,642730,140412.0,148555.0,4100.0,4110.0,4016.1,4092.6,23665775,4501.8,3683.4,4440.0,3288.1,4041.1,96,1,4040.6,14,2,4040.5,5,2,4040.4,67,2,4040.3,63,3,4041.7,1,1,4042.6,33,2,4042.7,44,2,4042.8,2,1,4042.9,46,4
11483,2026-07-02 10:47:27+05:30,4041.0,4,4047.4,642730,140412.0,148555.0,4100.0,4110.0,4016.1,4092.6,23665775,4501.8,3683.4,4440.0,3288.1,4041.1,96,1,4040.6,14,2,4040.5,5,2,4040.4,67,2,4040.3,63,3,4041.7,1,1,4042.6,33,2,4042.7,44,2,4042.8,2,1,4042.9,46,4
11483,2026-07-02 10:47:27+05:30,4041.1,1,4047.4,642730,140412.0,148555.0,4100.0,4110.0,4016.1,4092.6,23665775,4501.8,3683.4,4440.0,3288.1,4041.1,96,1,4040.6,14,2,4040.5,5,2,4040.4,67,2,4040.3,63,3,4041.7,1,1,4042.6,33,2,4042.7,44,2,4042.8,2,1,4042.9,46,4
11483,2026-07-02 10:47:27+05:30,4041.1,1,4047.4,642731,140333.0,148894.0,4100.0,4110.0,4016.1,4092.6,23665775,4501.8,3683.4,4440.0,3288.1,4041.1,95,1,4040.6,5,1,4040.5,2,1,4040.4,18,1,4040.3,61,2,4041.7,1,1,4042.5,51,1,4042.6,97,4,4042.7,48,1,4042.8,9,1
11483,2026-07-02 10:47:27+05:30,4041.1,1,4047.4,642731,140333.0,148894.0,4100.0,4110.0,4016.1,4092.6,23665775,4501.8,3683.4,4440.0,3288.1,4041.1,95,1,4040.6,5,1,4040.5,2,1,4040.4,18,1,4040.3,61,2,4041.7,1,1,4042.5,51,1,4042.6,97,4,4042.7,48,1,4042.8,9,1
11483,2026-07-02 10:47:28+05:30,4041.1,1,4047.4,642731,140333.0,148894.0,4100.0,4110.0,4016.1,4092.6,23665775,4501.8,3683.4,4440.0,3288.1,4041.1,95,1,4040.6,5,1,4040.5,2,1,4040.4,18,1,4040.3,61,2,4041.7,1,1,4042.5,51,1,4042.6,97,4,4042.7,48,1,4042.8,9,1
11483,2026-07-02 10:47:28+05:30,4041.1,1,4047.4,642731,140333.0,148894.0,4100.0,4110.0,4016.1,4092.6,23665775,4501.8,3683.4,4440.0,3288.1,4041.1,95,1,4040.6,5,1,4040.5,2,1,4040.4,18,1,4040.3,61,2,4041.7,1,1,4042.5,51,1,4042.6,97,4,4042.7,48,1,4042.8,9,1
11483,2026-07-02 10:47:28+05:30,4041.1,1,4047.4,642733,140477.0,148928.0,4100.0,4110.0,4016.1,4092.6,23665775,4501.8,3683.4,4440.0,3288.1,4041.1,94,1,4040.6,5,1,4040.4,20,2,4040.3,61,2,4040.2,38,4,4041.7,3,1,4042.3,12,2,4042.4,28,2,4042.5,26,3,4042.6,58,3
11483,2026-07-02 10:47:28+05:30,4041.1,1,4047.4,642733,140477.0,148928.0,4100.0,4110.0,4016.1,4092.6,23665950,4501.8,3683.4,4440.0,3288.1,4041.1,94,1,4040.6,5,1,4040.4,20,2,4040.3,61,2,4040.2,38,4,4041.7,3,1,4042.3,12,2,4042.4,28,2,4042.5,26,3,4042.6,58,3
11483,2026-07-02 10:47:29+05:30,4041.1,1,4047.4,642733,140477.0,148928.0,4100.0,4110.0,4016.1,4092.6,23665950,4501.8,3683.4,4440.0,3288.1,4041.1,94,1,4040.6,5,1,4040.4,20,2,4040.3,61,2,4040.2,38,4,4041.7,3,1,4042.3,12,2,4042.4,28,2,4042.5,26,3,4042.6,58,3
11483,2026-07-02 10:47:29+05:30,4041.7,2,4047.4,642733,140477.0,148928.0,4100.0,4110.0,4016.1,4092.6,23665950,4501.8,3683.4,4440.0,3288.1,4041.1,94,1,4040.6,5,1,4040.4,20,2,4040.3,61,2,4040.2,38,4,4041.7,3,1,4042.3,12,2,4042.4,28,2,4042.5,26,3,4042.6,58,3
11483,2026-07-02 10:47:29+05:30,4041.7,2,4047.4,642733,140477.0,148928.0,4100.0,4110.0,4016.1,4092.6,23665950,4501.8,3683.4,4440.0,3288.1,4041.1,94,1,4040.6,5,1,4040.4,20,2,4040.3,61,2,4040.2,38,4,4041.7,3,1,4042.3,12,2,4042.4,28,2,4042.5,26,3,4042.6,58,3
11483,2026-07-02 10:47:29+05:30,4041.6,2,4047.4,642748,140820.0,148334.0,4100.0,4110.0,4016.1,4092.6,23665950,4501.8,3683.4,4440.0,3288.1,4041.6,26,3,4041.5,12,2,4041.4,27,3,4041.3,53,6,4041.2,34,4,4042.0,75,1,4042.9,41,3,4043.0,41,2,4043.3,43,3,4043.4,14,2
11483,2026-07-02 10:47:30+05:30,4041.6,2,4047.4,642748,140820.0,148334.0,4100.0,4110.0,4016.1,4092.6,23665950,4501.8,3683.4,4440.0,3288.1,4041.6,26,3,4041.5,12,2,4041.4,27,3,4041.3,53,6,4041.2,34,4,4042.0,75,1,4042.9,41,3,4043.0,41,2,4043.3,43,3,4043.4,14,2
11483,2026-07-02 10:47:30+05:30,4042.0,2,4047.4,642748,140820.0,148334.0,4100.0,4110.0,4016.1,4092.6,23665950,4501.8,3683.4,4440.0,3288.1,4041.6,26,3,4041.5,12,2,4041.4,27,3,4041.3,53,6,4041.2,34,4,4042.0,75,1,4042.9,41,3,4043.0,41,2,4043.3,43,3,4043.4,14,2
11483,2026-07-02 10:47:31+05:30,4042.0,1,4047.4,642767,140711.0,148362.0,4100.0,4110.0,4016.1,4092.6,23665950,4501.8,3683.4,4440.0,3288.1,4041.9,23,2,4041.7,17,3,4041.6,20,3,4041.5,12,2,4041.4,35,4,4042.0,67,2,4042.9,26,2,4043.0,41,2,4043.1,15,1,4043.3,28,2
11483,2026-07-02 10:47:31+05:30,4042.0,1,4047.4,642767,140711.0,148362.0,4100.0,4110.0,4016.1,4092.6,23665950,4501.8,3683.4,4440.0,3288.1,4041.9,23,2,4041.7,17,3,4041.6,20,3,4041.5,12,2,4041.4,35,4,4042.0,67,2,4042.9,26,2,4043.0,41,2,4043.1,15,1,4043.3,28,2
11483,2026-07-02 10:47:32+05:30,4042.0,1,4047.4,642768,140732.0,148466.0,4100.0,4110.0,4016.1,4092.6,23665950,4501.8,3683.4,4440.0,3288.1,4041.9,24,3,4041.7,15,2,4041.6,20,3,4041.5,12,2,4041.4,38,6,4042.0,66,2,4042.9,26,2,4043.0,41,2,4043.1,15,1,4043.3,28,2
11483,2026-07-02 10:47:32+05:30,4041.9,3,4047.4,642768,140732.0,148466.0,4100.0,4110.0,4016.1,4092.6,23665950,4501.8,3683.4,4440.0,3288.1,4041.9,24,3,4041.7,15,2,4041.6,20,3,4041.5,12,2,4041.4,38,6,4042.0,66,2,4042.9,26,2,4043.0,41,2,4043.1,15,1,4043.3,28,2
11483,2026-07-02 10:47:33+05:30,4041.9,1,4047.4,642786,140581.0,148633.0,4100.0,4110.0,4016.1,4092.6,23665950,4501.8,3683.4,4440.0,3288.1,4041.5,11,1,4041.4,50,5,4041.3,9,1,4041.2,11,1,4041.1,106,2,4041.9,157,1,4042.0,66,2,4042.9,26,2,4043.0,43,3,4043.1,45,3
11483,2026-07-02 10:47:33+05:30,4043.2,1,4047.4,642786,140581.0,148633.0,4100.0,4110.0,4016.1,4092.6,23665950,4501.8,3683.4,4440.0,3288.1,4041.5,11,1,4041.4,50,5,4041.3,9,1,4041.2,11,1,4041.1,106,2,4041.9,157,1,4042.0,66,2,4042.9,26,2,4043.0,43,3,4043.1,45,3
11483,2026-07-02 10:47:34+05:30,4043.2,1,4047.4,643188,141365.0,147768.0,4100.0,4110.0,4016.1,4092.6,23665950,4501.8,3683.4,4440.0,3288.1,4042.4,21,1,4041.7,46,4,4041.6,18,3,4041.5,98,4,4041.4,55,6,4043.3,24,2,4043.4,2,1,4043.5,20,2,4043.7,22,1,4043.9,387,16
11483,2026-07-02 10:47:34+05:30,4042.5,25,4047.4,643188,141365.0,147768.0,4100.0,4110.0,4016.1,4092.6,23665950,4501.8,3683.4,4440.0,3288.1,4042.4,21,1,4041.7,46,4,4041.6,18,3,4041.5,98,4,4041.4,55,6,4043.3,24,2,4043.4,2,1,4043.5,20,2,4043.7,22,1,4043.9,387,16
11483,2026-07-02 10:47:35+05:30,4043.2,1,4047.39,643214,141156.0,147866.0,4100.0,4110.0,4016.1,4092.6,23665950,4501.8,3683.4,4440.0,3288.1,4042.5,3,1,4042.4,21,1,4041.8,51,2,4041.7,53,6,4041.6,24,4,4043.2,8,2,4043.3,27,3,4043.6,4,2,4043.7,46,2,4043.9,334,14
11483,2026-07-02 10:47:35+05:30,4043.2,1,4047.39,643214,141156.0,147866.0,4100.0,4110.0,4016.1,4092.6,23665950,4501.8,3683.4,4440.0,3288.1,4042.5,3,1,4042.4,21,1,4041.8,51,2,4041.7,53,6,4041.6,24,4,4043.2,8,2,4043.3,27,3,4043.6,4,2,4043.7,46,2,4043.9,334,14
11483,2026-07-02 10:47:36+05:30,4043.2,1,4047.39,643216,141105.0,147925.0,4100.0,4110.0,4016.1,4092.6,23665950,4501.8,3683.4,4440.0,3288.1,4042.5,2,1,4042.4,21,1,4041.7,53,6,4041.6,24,4,4041.5,20,3,4043.2,7,2,4043.3,24,2,4043.6,31,4,4043.7,46,2,4043.8,28,1
11483,2026-07-02 10:47:36+05:30,4043.2,1,4047.39,643216,141105.0,147925.0,4100.0,4110.0,4016.1,4092.6,23665950,4501.8,3683.4,4440.0,3288.1,4042.5,2,1,4042.4,21,1,4041.7,53,6,4041.6,24,4,4041.5,20,3,4043.2,7,2,4043.3,24,2,4043.6,31,4,4043.7,46,2,4043.8,28,1
11483,2026-07-02 10:47:37+05:30,4041.3,4,4047.35,647242,140947.0,146619.0,4100.0,4110.0,4016.1,4092.6,23665950,4501.8,3683.4,4440.0,3288.1,4042.1,50,6,4042.0,63,5,4041.9,26,3,4041.8,64,5,4041.7,2,1,4043.0,99,1,4043.2,8,2,4043.7,24,1,4044.0,45,3,4044.1,5,1
11483,2026-07-02 10:47:37+05:30,4042.1,1,4047.35,647242,140947.0,146619.0,4100.0,4110.0,4016.1,4092.6,23665950,4501.8,3683.4,4440.0,3288.1,4042.1,50,6,4042.0,63,5,4041.9,26,3,4041.8,64,5,4041.7,2,1,4043.0,99,1,4043.2,8,2,4043.7,24,1,4044.0,45,3,4044.1,5,1
11483,2026-07-02 10:47:38+05:30,4043.0,1,4047.35,647278,141658.0,146635.0,4100.0,4110.0,4016.1,4092.6,23665950,4501.8,3683.4,4440.0,3288.1,4042.1,38,4,4042.0,24,3,4041.9,17,2,4041.8,31,3,4041.6,28,3,4043.0,98,1,4043.2,5,1,4043.6,3,1,4043.7,24,1,4044.0,45,3
11483,2026-07-02 10:47:38+05:30,4042.1,1,4047.35,647278,141658.0,146635.0,4100.0,4110.0,4016.1,4092.6,23665950,4501.8,3683.4,4440.0,3288.1,4042.1,38,4,4042.0,24,3,4041.9,17,2,4041.8,31,3,4041.6,28,3,4043.0,98,1,4043.2,5,1,4043.6,3,1,4043.7,24,1,4044.0,45,3
11483,2026-07-02 10:47:39+05:30,4043.0,1,4047.35,647282,141717.0,146689.0,4100.0,4110.0,4016.1,4092.6,23665950,4501.8,3683.4,4440.0,3288.1,4042.1,38,4,4042.0,24,3,4041.9,17,2,4041.8,31,3,4041.6,47,5,4043.0,103,2,4043.2,5,1,4043.6,3,1,4043.7,24,1,4044.0,45,3
11483,2026-07-02 10:47:39+05:30,4043.0,1,4047.35,647282,141717.0,146689.0,4100.0,4110.0,4016.1,4092.6,23665950,4501.8,3683.4,4440.0,3288.1,4042.1,38,4,4042.0,24,3,4041.9,17,2,4041.8,31,3,4041.6,47,5,4043.0,103,2,4043.2,5,1,4043.6,3,1,4043.7,24,1,4044.0,45,3
11483,2026-07-02 10:47:40+05:30,4043.0,1,4047.35,647307,141715.0,146629.0,4100.0,4110.0,4016.1,4092.6,23665950,4501.8,3683.4,4440.0,3288.1,4042.1,36,4,4042.0,24,3,4041.9,17,2,4041.8,31,3,4041.7,2,1,4043.0,102,2,4043.2,5,1,4043.6,3,1,4043.7,24,1,4044.0,45,3
11483,2026-07-02 10:47:40+05:30,4043.0,1,4047.35,647307,141715.0,146629.0,4100.0,4110.0,4016.1,4092.6,23665950,4501.8,3683.4,4440.0,3288.1,4042.1,36,4,4042.0,24,3,4041.9,17,2,4041.8,31,3,4041.7,2,1,4043.0,102,2,4043.2,5,1,4043.6,3,1,4043.7,24,1,4044.0,45,3
11483,2026-07-02 10:47:41+05:30,4042.6,1,4047.35,647309,141992.0,146777.0,4100.0,4110.0,4016.1,4092.6,23665950,4501.8,3683.4,4440.0,3288.1,4042.2,37,1,4042.1,35,4,4042.0,24,3,4041.9,17,2,4041.8,43,4,4042.6,1,1,4043.0,101,2,4043.2,5,1,4043.6,3,1,4043.7,24,1
11483,2026-07-02 10:47:41+05:30,4042.6,1,4047.35,647309,141992.0,146777.0,4100.0,4110.0,4016.1,4092.6,23665950,4501.8,3683.4,4440.0,3288.1,4042.2,37,1,4042.1,35,4,4042.0,24,3,4041.9,17,2,4041.8,43,4,4042.6,1,1,4043.0,101,2,4043.2,5,1,4043.6,3,1,4043.7,24,1
11483,2026-07-02 10:47:42+05:30,4042.4,1,4047.35,647309,141992.0,146777.0,4100.0,4110.0,4016.1,4092.6,23665950,4501.8,3683.4,4440.0,3288.1,4042.2,37,1,4042.1,35,4,4042.0,24,3,4041.9,17,2,4041.8,43,4,4042.6,1,1,4043.0,101,2,4043.2,5,1,4043.6,3,1,4043.7,24,1
11483,2026-07-02 10:47:42+05:30,4042.4,1,4047.35,647313,142014.0,146905.0,4100.0,4110.0,4016.1,4092.6,23665950,4501.8,3683.4,4440.0,3288.1,4042.4,1,1,4042.2,67,3,4042.1,8,2,4042.0,24,3,4041.9,29,3,4042.6,1,1,4043.0,93,1,4043.2,5,1,4043.6,3,1,4043.7,24,1
11483,2026-07-02 10:47:43+05:30,4042.6,1,4047.35,647313,142014.0,146905.0,4100.0,4110.0,4016.1,4092.6,23665950,4501.8,3683.4,4440.0,3288.1,4042.4,1,1,4042.2,67,3,4042.1,8,2,4042.0,24,3,4041.9,29,3,4042.6,1,1,4043.0,93,1,4043.2,5,1,4043.6,3,1,4043.7,24,1
11483,2026-07-02 10:47:43+05:30,4042.6,1,4047.35,647320,142057.0,146503.0,4100.0,4110.0,4016.1,4092.6,23665950,4501.8,3683.4,4440.0,3288.1,4042.5,54,4,4042.4,7,3,4042.3,4,1,4042.2,49,2,4042.1,8,2,4042.6,1,1,4043.0,93,1,4043.2,5,1,4043.7,24,1,4044.0,12,1
11483,2026-07-02 10:47:44+05:30,4042.6,1,4047.35,647320,142057.0,146503.0,4100.0,4110.0,4016.1,4092.6,23665950,4501.8,3683.4,4440.0,3288.1,4042.5,54,4,4042.4,7,3,4042.3,4,1,4042.2,49,2,4042.1,8,2,4042.6,1,1,4043.0,93,1,4043.2,5,1,4043.7,24,1,4044.0,12,1
11483,2026-07-02 10:47:44+05:30,4042.6,1,4047.35,647322,142028.0,146583.0,4100.0,4110.0,4016.1,4092.6,23665950,4501.8,3683.4,4440.0,3288.1,4042.5,54,4,4042.4,7,3,4042.3,4,1,4042.2,49,2,4042.1,8,2,4042.6,1,1,4043.0,93,1,4043.2,5,1,4043.7,24,1,4044.0,112,2
11483,2026-07-02 10:47:45+05:30,4042.6,1,4047.35,647322,142028.0,146583.0,4100.0,4110.0,4016.1,4092.6,23665950,4501.8,3683.4,4440.0,3288.1,4042.5,54,4,4042.4,7,3,4042.3,4,1,4042.2,49,2,4042.1,8,2,4042.6,1,1,4043.0,93,1,4043.2,5,1,4043.7,24,1,4044.0,112,2
11483,2026-07-02 10:47:45+05:30,4042.5,3,4047.35,647331,142283.0,146481.0,4100.0,4110.0,4016.1,4092.6,23665950,4501.8,3683.4,4440.0,3288.1,4042.5,51,4,4042.4,7,3,4042.3,4,1,4042.2,49,2,4042.1,8,2,4043.0,88,1,4043.2,5,1,4043.7,24,1,4044.0,118,2,4044.3,30,2
11483,2026-07-02 10:47:46+05:30,4043.0,1,4047.35,647331,142283.0,146481.0,4100.0,4110.0,4016.1,4092.6,23665950,4501.8,3683.4,4440.0,3288.1,4042.5,51,4,4042.4,7,3,4042.3,4,1,4042.2,49,2,4042.1,8,2,4043.0,88,1,4043.2,5,1,4043.7,24,1,4044.0,118,2,4044.3,30,2
11483,2026-07-02 10:47:47+05:30,4043.0,3,4047.35,647344,142382.0,146339.0,4100.0,4110.0,4016.1,4092.6,23665950,4501.8,3683.4,4440.0,3288.1,4042.6,12,1,4042.5,51,4,4042.4,6,2,4042.3,4,1,4042.2,49,2,4043.0,80,2,4043.2,5,1,4043.7,24,1,4044.0,100,1,4044.3,30,2
11483,2026-07-02 10:47:47+05:30,4042.5,12,4047.35,647344,142382.0,146339.0,4100.0,4110.0,4016.1,4092.6,23665950,4501.8,3683.4,4440.0,3288.1,4042.6,12,1,4042.5,51,4,4042.4,6,2,4042.3,4,1,4042.2,49,2,4043.0,80,2,4043.2,5,1,4043.7,24,1,4044.0,100,1,4044.3,30,2
11483,2026-07-02 10:47:48+05:30,4042.5,12,4047.35,647377,142470.0,146373.0,4100.0,4110.0,4016.1,4092.6,23665950,4501.8,3683.4,4440.0,3288.1,4042.5,21,3,4042.4,6,2,4042.3,4,1,4042.2,49,2,4042.1,8,2,4043.0,78,2,4043.2,5,1,4043.7,24,1,4044.0,100,1,4044.3,30,2
11483,2026-07-02 10:47:48+05:30,4042.5,12,4047.35,647377,142470.0,146364.0,4100.0,4110.0,4016.1,4092.6,23665950,4501.8,3683.4,4440.0,3288.1,4042.5,21,3,4042.4,6,2,4042.3,4,1,4042.2,49,2,4042.1,8,2,4043.0,79,3,4043.2,5,1,4043.7,24,1,4044.0,100,1,4044.3,30,2
11483,2026-07-02 10:47:49+05:30,4042.5,1,4047.35,647377,142470.0,146364.0,4100.0,4110.0,4016.1,4092.6,23665950,4501.8,3683.4,4440.0,3288.1,4042.5,21,3,4042.4,6,2,4042.3,4,1,4042.2,49,2,4042.1,8,2,4043.0,79,3,4043.2,5,1,4043.7,24,1,4044.0,100,1,4044.3,30,2
11483,2026-07-02 10:47:50+05:30,4042.5,1,4047.35,647378,142470.0,146389.0,4100.0,4110.0,4016.1,4092.6,23665950,4501.8,3683.4,4440.0,3288.1,4042.5,20,3,4042.4,6,2,4042.3,4,1,4042.2,49,2,4042.1,8,2,4043.0,79,3,4043.2,5,1,4043.7,24,1,4044.0,100,1,4044.3,30,2
11483,2026-07-02 10:47:50+05:30,4044.0,100,4047.35,647378,142470.0,146389.0,4100.0,4110.0,4016.1,4092.6,23665950,4501.8,3683.4,4440.0,3288.1,4042.5,20,3,4042.4,6,2,4042.3,4,1,4042.2,49,2,4042.1,8,2,4043.0,79,3,4043.2,5,1,4043.7,24,1,4044.0,100,1,4044.3,30,2
11483,2026-07-02 10:47:51+05:30,4044.0,1,4047.35,647652,144253.0,145408.0,4100.0,4110.0,4016.1,4092.6,23665950,4501.8,3683.4,4440.0,3288.1,4044.0,253,3,4043.5,5,1,4043.4,18,2,4043.2,2,1,4043.1,57,3,4044.5,1,1,4044.9,7,2,4045.0,113,4,4045.3,16,2,4045.4,235,12
11483,2026-07-02 10:47:51+05:30,4044.0,101,4047.35,647652,144253.0,145408.0,4100.0,4110.0,4016.1,4092.6,23665950,4501.8,3683.4,4440.0,3288.1,4044.0,253,3,4043.5,5,1,4043.4,18,2,4043.2,2,1,4043.1,57,3,4044.5,1,1,4044.9,7,2,4045.0,113,4,4045.3,16,2,4045.4,235,12
11483,2026-07-02 10:47:52+05:30,4044.2,1,4047.35,647760,144590.0,144966.0,4100.0,4110.0,4016.1,4092.6,23665950,4501.8,3683.4,4440.0,3288.1,4044.2,1,1,4044.0,170,4,4043.8,5,1,4043.5,20,2,4043.4,10,1,4044.5,1,1,4044.9,5,1,4045.0,151,4,4045.7,12,1,4045.8,13,1
11483,2026-07-02 10:47:52+05:30,4044.2,1,4047.35,647760,144590.0,144966.0,4100.0,4110.0,4016.1,4092.6,23665950,4501.8,3683.4,4440.0,3288.1,4044.2,1,1,4044.0,170,4,4043.8,5,1,4043.5,20,2,4043.4,10,1,4044.5,1,1,4044.9,5,1,4045.0,151,4,4045.7,12,1,4045.8,13,1
11483,2026-07-02 10:47:53+05:30,4044.3,1,4047.34,648367,144581.0,144740.0,4100.0,4110.0,4016.1,4092.6,23665950,4501.8,3683.4,4440.0,3288.1,4044.3,95,5,4044.2,20,2,4044.1,39,1,4044.0,171,11,4043.9,26,3,4044.9,5,1,4045.0,151,4,4045.7,12,1,4045.9,15,2,4046.0,27,2
11483,2026-07-02 10:47:53+05:30,4044.9,5,4047.34,648367,144581.0,144740.0,4100.0,4110.0,4016.1,4092.6,23665950,4501.8,3683.4,4440.0,3288.1,4044.3,95,5,4044.2,20,2,4044.1,39,1,4044.0,171,11,4043.9,26,3,4044.9,5,1,4045.0,151,4,4045.7,12,1,4045.9,15,2,4046.0,27,2
11483,2026-07-02 10:47:54+05:30,4044.9,1,4047.34,648383,144595.0,144648.0,4100.0,4110.0,4016.1,4092.6,23665950,4501.8,3683.4,4440.0,3288.1,4044.3,90,5,4044.2,20,2,4044.1,39,1,4044.0,171,11,4043.9,26,3,4044.9,1,1,4045.0,151,4,4045.7,12,1,4045.9,15,2,4046.0,27,2
11483,2026-07-02 10:47:54+05:30,4044.3,1,4047.34,648383,144595.0,144648.0,4100.0,4110.0,4016.1,4092.6,23665950,4501.8,3683.4,4440.0,3288.1,4044.3,90,5,4044.2,20,2,4044.1,39,1,4044.0,171,11,4043.9,26,3,4044.9,1,1,4045.0,151,4,4045.7,12,1,4045.9,15,2,4046.0,27,2
11483,2026-07-02 10:47:55+05:30,4045.5,1,4047.34,648549,145898.0,144143.0,4100.0,4110.0,4016.1,4092.6,23665950,4501.8,3683.4,4440.0,3288.1,4045.5,62,5,4045.4,19,2,4045.3,39,3,4045.2,15,2,4045.1,40,5,4045.9,10,1,4046.0,27,2,4046.3,68,3,4046.4,5,1,4046.9,63,2
11483,2026-07-02 10:47:55+05:30,4045.5,1,4047.34,648549,145898.0,144143.0,4100.0,4110.0,4016.1,4092.6,23665950,4501.8,3683.4,4440.0,3288.1,4045.5,62,5,4045.4,19,2,4045.3,39,3,4045.2,15,2,4045.1,40,5,4045.9,10,1,4046.0,27,2,4046.3,68,3,4046.4,5,1,4046.9,63,2
11483,2026-07-02 10:47:56+05:30,4045.5,1,4047.34,648554,145383.0,144492.0,4100.0,4110.0,4016.1,4092.6,23665950,4501.8,3683.4,4440.0,3288.1,4045.5,6,1,4045.4,14,1,4045.3,14,1,4045.2,12,1,4045.1,23,2,4045.9,11,2,4046.0,27,2,4046.3,68,3,4046.4,5,1,4046.7,37,2
11483,2026-07-02 10:47:56+05:30,4045.5,1,4047.34,648554,145383.0,144492.0,4100.0,4110.0,4016.1,4092.6,23665950,4501.8,3683.4,4440.0,3288.1,4045.5,6,1,4045.4,14,1,4045.3,14,1,4045.2,12,1,4045.1,23,2,4045.9,11,2,4046.0,27,2,4046.3,68,3,4046.4,5,1,4046.7,37,2
11483,2026-07-02 10:47:57+05:30,4045.5,1,4047.34,648554,145347.0,144480.0,4100.0,4110.0,4016.1,4092.6,23665950,4501.8,3683.4,4440.0,3288.1,4045.5,6,1,4045.4,14,1,4045.3,14,1,4045.2,12,1,4045.1,23,2,4045.9,12,3,4046.0,27,2,4046.3,68,3,4046.4,5,1,4046.7,37,2
11483,2026-07-02 10:47:58+05:30,4045.5,1,4047.34,648555,145408.0,144480.0,4100.0,4110.0,4016.1,4092.6,23665950,4501.8,3683.4,4440.0,3288.1,4045.5,5,1,4045.4,14,1,4045.3,14,1,4045.2,12,1,4045.1,23,2,4045.9,12,3,4046.0,27,2,4046.3,68,3,4046.4,5,1,4046.7,37,2
11483,2026-07-02 10:47:58+05:30,4046.0,11,4047.34,648555,145408.0,144480.0,4100.0,4110.0,4016.1,4092.6,23665950,4501.8,3683.4,4440.0,3288.1,4045.5,5,1,4045.4,14,1,4045.3,14,1,4045.2,12,1,4045.1,23,2,4045.9,12,3,4046.0,27,2,4046.3,68,3,4046.4,5,1,4046.7,37,2
11483,2026-07-02 10:47:59+05:30,4045.5,1,4047.34,648581,145409.0,144421.0,4100.0,4110.0,4016.1,4092.6,23665950,4501.8,3683.4,4440.0,3288.1,4045.5,29,2,4045.4,14,1,4045.3,14,1,4045.2,12,1,4045.1,23,2,4045.9,1,1,4046.0,14,1,4046.3,68,3,4046.4,5,1,4046.7,19,1
11483,2026-07-02 10:47:59+05:30,4046.0,3,4047.34,648581,145409.0,144421.0,4100.0,4110.0,4016.1,4092.6,23665950,4501.8,3683.4,4440.0,3288.1,4045.5,29,2,4045.4,14,1,4045.3,14,1,4045.2,12,1,4045.1,23,2,4045.9,1,1,4046.0,14,1,4046.3,68,3,4046.4,5,1,4046.7,19,1
11483,2026-07-02 10:48:00+05:30,4045.5,1,4047.34,648586,145301.0,144454.0,4100.0,4110.0,4016.1,4092.6,23665950,4501.8,3683.4,4440.0,3288.1,4045.5,28,2,4045.4,14,1,4045.3,14,1,4045.2,12,1,4045.1,23,2,4045.9,3,2,4046.0,11,1,4046.3,68,3,4046.4,5,1,4046.9,57,1
11483,2026-07-02 10:48:00+05:30,4045.5,1,4047.34,648586,145301.0,144454.0,4100.0,4110.0,4016.1,4092.6,23665950,4501.8,3683.4,4440.0,3288.1,4045.5,28,2,4045.4,14,1,4045.3,14,1,4045.2,12,1,4045.1,23,2,4045.9,3,2,4046.0,11,1,4046.3,68,3,4046.4,5,1,4046.9,57,1
11483,2026-07-02 10:48:01+05:30,4045.2,1,4047.34,648719,145495.0,144767.0,4100.0,4110.0,4016.1,4092.6,23665950,4501.8,3683.4,4440.0,3288.1,4045.2,89,3,4045.1,17,1,4044.9,13,2,4044.8,14,1,4044.7,73,4,4045.8,1,1,4046.0,7,1,4046.3,68,3,4046.4,5,1,4046.9,57,1
11483,2026-07-02 10:48:01+05:30,4045.2,1,4047.34,648719,145495.0,144767.0,4100.0,4110.0,4016.1,4092.6,23665950,4501.8,3683.4,4440.0,3288.1,4045.2,89,3,4045.1,17,1,4044.9,13,2,4044.8,14,1,4044.7,73,4,4045.8,1,1,4046.0,7,1,4046.3,68,3,4046.4,5,1,4046.9,57,1
11483,2026-07-02 10:48:02+05:30,4045.5,1,4047.34,648720,145551.0,144768.0,4100.0,4110.0,4016.1,4092.6,23665950,4501.8,3683.4,4440.0,3288.1,4045.5,1,1,4045.2,89,3,4045.1,17,1,4044.9,13,2,4044.8,34,2,4045.8,2,2,4046.0,7,1,4046.3,68,3,4046.4,5,1,4046.9,57,1
11483,2026-07-02 10:48:02+05:30,4045.5,1,4047.34,648720,145551.0,144768.0,4100.0,4110.0,4016.1,4092.6,23665950,4501.8,3683.4,4440.0,3288.1,4045.5,1,1,4045.2,89,3,4045.1,17,1,4044.9,13,2,4044.8,34,2,4045.8,2,2,4046.0,7,1,4046.3,68,3,4046.4,5,1,4046.9,57,1
11483,2026-07-02 10:48:03+05:30,4045.2,1,4047.34,648733,145486.0,144857.0,4100.0,4110.0,4016.1,4092.6,23665950,4501.8,3683.4,4440.0,3288.1,4045.2,33,2,4045.1,17,1,4044.9,13,2,4044.8,14,1,4044.7,41,2,4045.8,1,1,4046.0,7,1,4046.3,68,3,4046.4,5,1,4046.7,33,2
11483,2026-07-02 10:48:03+05:30,4045.2,1,4047.34,648733,145486.0,144857.0,4100.0,4110.0,4016.1,4092.6,23665950,4501.8,3683.4,4440.0,3288.1,4045.2,33,2,4045.1,17,1,4044.9,13,2,4044.8,14,1,4044.7,41,2,4045.8,1,1,4046.0,7,1,4046.3,68,3,4046.4,5,1,4046.7,33,2
11483,2026-07-02 10:48:04+05:30,4045.3,1,4047.34,648734,145472.0,144877.0,4100.0,4110.0,4016.1,4092.6,23665950,4501.8,3683.4,4440.0,3288.1,4045.3,2,1,4045.2,33,2,4045.1,17,1,4044.9,13,2,4044.8,14,1,4045.8,1,1,4046.0,7,1,4046.3,68,3,4046.4,5,1,4046.7,33,2
11483,2026-07-02 10:48:04+05:30,4045.3,12,4047.34,648734,145472.0,144877.0,4100.0,4110.0,4016.1,4092.6,23665950,4501.8,3683.4,4440.0,3288.1,4045.3,2,1,4045.2,33,2,4045.1,17,1,4044.9,13,2,4044.8,14,1,4045.8,1,1,4046.0,7,1,4046.3,68,3,4046.4,5,1,4046.7,33,2
11483,2026-07-02 10:48:05+05:30,4045.6,1,4047.34,648786,145819.0,144515.0,4100.0,4110.0,4016.1,4092.6,23665950,4501.8,3683.4,4440.0,3288.1,4045.6,44,4,4045.5,16,2,4045.4,26,3,4045.3,14,2,4045.2,25,2,4045.8,1,1,4046.0,7,1,4046.3,68,3,4046.4,5,1,4047.0,110,10
11483,2026-07-02 10:48:05+05:30,4045.8,1,4047.34,648786,145819.0,144515.0,4100.0,4110.0,4016.1,4092.6,23665950,4501.8,3683.4,4440.0,3288.1,4045.6,44,4,4045.5,16,2,4045.4,26,3,4045.3,14,2,4045.2,25,2,4045.8,1,1,4046.0,7,1,4046.3,68,3,4046.4,5,1,4047.0,110,10
11483,2026-07-02 10:48:06+05:30,4045.8,1,4047.34,648790,145801.0,144623.0,4100.0,4110.0,4016.1,4092.6,23665950,4501.8,3683.4,4440.0,3288.1,4045.8,1,1,4045.6,32,3,4045.5,28,3,4045.4,20,2,4045.3,14,2,4045.9,14,1,4046.0,7,1,4046.3,68,3,4046.4,5,1,4047.0,110,10
11483,2026-07-02 10:48:06+05:30,4045.8,1,4047.34,648790,145801.0,144623.0,4100.0,4110.0,4016.1,4092.6,23665950,4501.8,3683.4,4440.0,3288.1,4045.8,1,1,4045.6,32,3,4045.5,28,3,4045.4,20,2,4045.3,14,2,4045.9,14,1,4046.0,7,1,4046.3,68,3,4046.4,5,1,4047.0,110,10
11483,2026-07-02 10:48:07+05:30,4045.8,1,4047.34,648804,145706.0,144554.0,4100.0,4110.0,4016.1,4092.6,23665950,4501.8,3683.4,4440.0,3288.1,4045.8,1,1,4045.6,32,3,4045.5,16,2,4045.4,20,2,4045.3,11,1,4045.9,2,2,4046.0,7,1,4046.3,68,3,4046.4,5,1,4046.9,59,1
11483,2026-07-02 10:48:07+05:30,4045.8,1,4047.34,648804,145706.0,144554.0,4100.0,4110.0,4016.1,4092.6,23665950,4501.8,3683.4,4440.0,3288.1,4045.8,1,1,4045.6,32,3,4045.5,16,2,4045.4,20,2,4045.3,11,1,4045.9,2,2,4046.0,7,1,4046.3,68,3,4046.4,5,1,4046.9,59,1
11483,2026-07-02 10:48:08+05:30,4045.8,1,4047.34,648805,145744.0,144398.0,4100.0,4110.0,4016.1,4092.6,23665950,4501.8,3683.4,4440.0,3288.1,4045.8,1,1,4045.6,32,3,4045.5,16,2,4045.4,20,2,4045.3,11,1,4045.9,2,2,4046.0,7,1,4046.3,68,3,4046.4,5,1,4047.0,130,11
11483,2026-07-02 10:48:08+05:30,4046.0,1,4047.34,648805,145744.0,144398.0,4100.0,4110.0,4016.1,4092.6,23665950,4501.8,3683.4,4440.0,3288.1,4045.8,1,1,4045.6,32,3,4045.5,16,2,4045.4,20,2,4045.3,11,1,4045.9,2,2,4046.0,7,1,4046.3,68,3,4046.4,5,1,4047.0,130,11
11483,2026-07-02 10:48:09+05:30,4046.0,1,4047.34,648809,145414.0,144315.0,4100.0,4110.0,4016.1,4092.6,23665950,4501.8,3683.4,4440.0,3288.1,4045.9,1,1,4045.8,1,1,4045.6,38,4,4045.5,16,2,4045.4,20,2,4046.0,5,1,4046.3,68,3,4046.4,5,1,4047.0,130,11,4047.1,18,1
11483,2026-07-02 10:48:09+05:30,4045.9,2,4047.34,648809,145414.0,144315.0,4100.0,4110.0,4016.1,4092.6,23665950,4501.8,3683.4,4440.0,3288.1,4045.9,1,1,4045.8,1,1,4045.6,38,4,4045.5,16,2,4045.4,20,2,4046.0,5,1,4046.3,68,3,4046.4,5,1,4047.0,130,11,4047.1,18,1
11483,2026-07-02 10:48:10+05:30,4046.0,1,4047.34,648812,145640.0,144356.0,4100.0,4110.0,4016.1,4092.6,23665950,4501.8,3683.4,4440.0,3288.1,4045.9,33,3,4045.8,12,2,4045.6,23,3,4045.5,51,4,4045.4,20,2,4046.0,5,2,4046.3,68,3,4046.4,5,1,4047.0,110,10,4047.1,18,1
11483,2026-07-02 10:48:10+05:30,4046.0,1,4047.34,648812,145640.0,144356.0,4100.0,4110.0,4016.1,4092.6,23665950,4501.8,3683.4,4440.0,3288.1,4045.9,33,3,4045.8,12,2,4045.6,23,3,4045.5,51,4,4045.4,20,2,4046.0,5,2,4046.3,68,3,4046.4,5,1,4047.0,110,10,4047.1,18,1
11483,2026-07-02 10:48:11+05:30,4046.0,1,4047.34,648819,145179.0,144626.0,4100.0,4110.0,4016.1,4092.6,23665950,4501.8,3683.4,4440.0,3288.1,4045.8,11,1,4045.6,17,2,4045.5,52,5,4045.4,20,2,4045.3,11,1,4046.0,2,1,4046.3,68,3,4046.4,5,1,4046.9,19,1,4047.0,112,11
11483,2026-07-02 10:48:11+05:30,4046.0,1,4047.34,648819,145179.0,144626.0,4100.0,4110.0,4016.1,4092.6,23665950,4501.8,3683.4,4440.0,3288.1,4045.8,11,1,4045.6,17,2,4045.5,52,5,4045.4,20,2,4045.3,11,1,4046.0,2,1,4046.3,68,3,4046.4,5,1,4046.9,19,1,4047.0,112,11
11483,2026-07-02 10:48:12+05:30,4046.0,1,4047.34,648823,145181.0,144469.0,4100.0,4110.0,4016.1,4092.6,23665950,4501.8,3683.4,4440.0,3288.1,4045.9,1,1,4045.6,17,2,4045.5,52,5,4045.4,20,2,4045.3,11,1,4046.0,2,2,4046.3,68,3,4046.4,5,1,4046.9,19,1,4047.0,112,11
11483,2026-07-02 10:48:12+05:30,4046.0,1,4047.34,648823,145181.0,144469.0,4100.0,4110.0,4016.1,4092.6,23665950,4501.8,3683.4,4440.0,3288.1,4045.9,1,1,4045.6,17,2,4045.5,52,5,4045.4,20,2,4045.3,11,1,4046.0,2,2,4046.3,68,3,4046.4,5,1,4046.9,19,1,4047.0,112,11
11483,2026-07-02 10:48:13+05:30,4045.8,1,4047.34,648825,145019.0,144764.0,4100.0,4110.0,4016.1,4092.6,23665950,4501.8,3683.4,4440.0,3288.1,4045.5,47,4,4045.4,15,1,4045.3,11,1,4045.2,26,3,4045.1,17,1,4045.8,148,1,4045.9,1,1,4046.0,11,3,4046.3,68,3,4046.4,5,1
11483,2026-07-02 10:48:13+05:30,4045.8,1,4047.34,648825,145019.0,144764.0,4100.0,4110.0,4016.1,4092.6,23665950,4501.8,3683.4,4440.0,3288.1,4045.5,47,4,4045.4,15,1,4045.3,11,1,4045.2,26,3,4045.1,17,1,4045.8,148,1,4045.9,1,1,4046.0,11,3,4046.3,68,3,4046.4,5,1
11483,2026-07-02 10:48:14+05:30,4045.8,1,4047.34,648825,145019.0,144764.0,4100.0,4110.0,4016.1,4092.6,23665950,4501.8,3683.4,4440.0,3288.1,4045.5,47,4,4045.4,15,1,4045.3,11,1,4045.2,26,3,4045.1,17,1,4045.8,148,1,4045.9,1,1,4046.0,11,3,4046.3,68,3,4046.4,5,1
11483,2026-07-02 10:48:14+05:30,4045.8,1,4047.34,648830,144953.0,144970.0,4100.0,4110.0,4016.1,4092.6,23665950,4501.8,3683.4,4440.0,3288.1,4045.5,36,3,4045.2,13,2,4045.1,17,1,4045.0,2,2,4044.9,13,2,4045.8,145,2,4045.9,1,1,4046.0,110,3,4046.3,68,3,4046.4,25,2
11483,2026-07-02 10:48:15+05:30,4045.8,1,4047.34,648830,144953.0,144970.0,4100.0,4110.0,4016.1,4092.6,23665950,4501.8,3683.4,4440.0,3288.1,4045.5,36,3,4045.2,13,2,4045.1,17,1,4045.0,2,2,4044.9,13,2,4045.8,145,2,4045.9,1,1,4046.0,110,3,4046.3,68,3,4046.4,25,2
11483,2026-07-02 10:48:15+05:30,4045.8,3,4047.34,648841,144962.0,144922.0,4100.0,4110.0,4016.1,4092.6,23665950,4501.8,3683.4,4440.0,3288.1,4045.5,36,3,4045.2,13,2,4045.1,17,1,4045.0,2,2,4044.9,13,2,4045.8,135,3,4045.9,1,1,4046.0,110,3,4046.3,68,3,4046.4,25,2
11483,2026-07-02 10:48:16+05:30,4045.8,1,4047.34,648841,144962.0,144922.0,4100.0,4110.0,4016.1,4092.6,23665950,4501.8,3683.4,4440.0,3288.1,4045.5,36,3,4045.2,13,2,4045.1,17,1,4045.0,2,2,4044.9,13,2,4045.8,135,3,4045.9,1,1,4046.0,110,3,4046.3,68,3,4046.4,25,2
11483,2026-07-02 10:48:17+05:30,4045.8,1,4047.34,648850,145032.0,144972.0,4100.0,4110.0,4016.1,4092.6,23665950,4501.8,3683.4,4440.0,3288.1,4045.5,28,3,4045.2,13,2,4045.1,17,1,4045.0,2,2,4044.9,13,2,4045.8,134,3,4045.9,1,1,4046.0,109,2,4046.3,68,3,4046.4,25,2
11483,2026-07-02 10:48:17+05:30,4045.8,1,4047.34,648850,145032.0,144972.0,4100.0,4110.0,4016.1,4092.6,23665950,4501.8,3683.4,4440.0,3288.1,4045.5,28,3,4045.2,13,2,4045.1,17,1,4045.0,2,2,4044.9,13,2,4045.8,134,3,4045.9,1,1,4046.0,109,2,4046.3,68,3,4046.4,25,2
11483,2026-07-02 10:48:18+05:30,4045.8,1,4047.34,648926,144669.0,144785.0,4100.0,4110.0,4016.1,4092.6,23665950,4501.8,3683.4,4440.0,3288.1,4044.9,37,2,4044.8,12,1,4044.7,41,2,4044.6,11,1,4044.5,75,4,4045.8,133,3,4045.9,1,1,4046.0,121,3,4046.3,68,3,4046.4,25,2
11483,2026-07-02 10:48:18+05:30,4045.8,19,4047.34,648926,144669.0,144785.0,4100.0,4110.0,4016.1,4092.6,23665950,4501.8,3683.4,4440.0,3288.1,4044.9,37,2,4044.8,12,1,4044.7,41,2,4044.6,11,1,4044.5,75,4,4045.8,133,3,4045.9,1,1,4046.0,121,3,4046.3,68,3,4046.4,25,2
11483,2026-07-02 10:48:19+05:30,4045.8,19,4047.34,648946,143878.0,145316.0,4100.0,4110.0,4016.1,4092.6,23665950,4501.8,3683.4,4440.0,3288.1,4044.8,12,1,4044.7,17,1,4044.6,11,1,4044.5,62,3,4044.4,17,1,4045.0,504,2,4045.8,113,3,4045.9,1,1,4046.0,141,4,4046.2,2,1
11483,2026-07-02 10:48:19+05:30,4045.0,1,4047.34,648946,143878.0,145316.0,4100.0,4110.0,4016.1,4092.6,23665950,4501.8,3683.4,4440.0,3288.1,4044.8,12,1,4044.7,17,1,4044.6,11,1,4044.5,62,3,4044.4,17,1,4045.0,504,2,4045.8,113,3,4045.9,1,1,4046.0,141,4,4046.2,2,1
11483,2026-07-02 10:48:20+05:30,4045.0,200,4047.34,649147,144241.0,145151.0,4100.0,4110.0,4016.1,4092.6,23665950,4501.8,3683.4,4440.0,3288.1,4044.8,12,1,4044.7,17,1,4044.6,11,1,4044.5,62,3,4044.4,17,1,4045.0,312,3,4045.8,110,1,4045.9,1,1,4046.0,141,4,4046.2,2,1
11483,2026-07-02 10:48:20+05:30,4044.8,1,4047.34,649147,144241.0,145151.0,4100.0,4110.0,4016.1,4092.6,23665950,4501.8,3683.4,4440.0,3288.1,4044.8,12,1,4044.7,17,1,4044.6,11,1,4044.5,62,3,4044.4,17,1,4045.0,312,3,4045.8,110,1,4045.9,1,1,4046.0,141,4,4046.2,2,1
11483,2026-07-02 10:48:21+05:30,4044.8,10,4047.34,649170,144232.0,145390.0,4100.0,4110.0,4016.1,4092.6,23665950,4501.8,3683.4,4440.0,3288.1,4044.7,17,1,4044.6,11,1,4044.5,44,2,4044.4,17,1,4044.3,32,1,4044.8,153,2,4045.0,312,3,4045.8,110,1,4045.9,1,1,4046.0,141,4
11483,2026-07-02 10:48:21+05:30,4044.9,3,4047.34,649170,144232.0,145390.0,4100.0,4110.0,4016.1,4092.6,23665950,4501.8,3683.4,4440.0,3288.1,4044.7,17,1,4044.6,11,1,4044.5,44,2,4044.4,17,1,4044.3,32,1,4044.8,153,2,4045.0,312,3,4045.8,110,1,4045.9,1,1,4046.0,141,4
11483,2026-07-02 10:48:22+05:30,4044.9,3,4047.34,650252,144463.0,145300.0,4100.0,4110.0,4016.1,4092.6,23665950,4501.8,3683.4,4440.0,3288.1,4044.9,31,3,4044.8,26,2,4044.7,41,4,4044.6,62,3,4044.5,16,2,4045.0,492,1,4045.8,110,1,4045.9,1,1,4046.0,121,3,4046.1,33,2
11483,2026-07-02 10:48:22+05:30,4045.0,1,4047.34,650252,144463.0,145300.0,4100.0,4110.0,4016.1,4092.6,23665950,4501.8,3683.4,4440.0,3288.1,4044.9,31,3,4044.8,26,2,4044.7,41,4,4044.6,62,3,4044.5,16,2,4045.0,492,1,4045.8,110,1,4045.9,1,1,4046.0,121,3,4046.1,33,2
11483,2026-07-02 10:48:23+05:30,4045.0,1,4047.34,650254,144340.0,145317.0,4100.0,4110.0,4016.1,4092.6,23665950,4501.8,3683.4,4440.0,3288.1,4044.9,30,3,4044.8,14,1,4044.7,37,3,4044.6,56,3,4044.5,15,2,4045.0,503,2,4045.8,110,1,4045.9,1,1,4046.0,121,3,4046.1,33,2
11483,2026-07-02 10:48:23+05:30,4045.0,5,4047.34,650254,144340.0,145317.0,4100.0,4110.0,4016.1,4092.6,23665950,4501.8,3683.4,4440.0,3288.1,4044.9,30,3,4044.8,14,1,4044.7,37,3,4044.6,56,3,4044.5,15,2,4045.0,503,2,4045.8,110,1,4045.9,1,1,4046.0,121,3,4046.1,33,2
11483,2026-07-02 10:48:24+05:30,4045.0,1,4047.34,650262,144428.0,145297.0,4100.0,4110.0,4016.1,4092.6,23665950,4501.8,3683.4,4440.0,3288.1,4044.9,31,4,4044.8,14,1,4044.7,37,3,4044.6,68,4,4044.5,15,2,4045.0,495,2,4045.8,110,1,4045.9,1,1,4046.0,121,3,4046.1,33,2
11483,2026-07-02 10:48:24+05:30,4045.0,1,4047.34,650262,144428.0,145297.0,4100.0,4110.0,4016.1,4092.6,23665950,4501.8,3683.4,4440.0,3288.1,4044.9,31,4,4044.8,14,1,4044.7,37,3,4044.6,68,4,4044.5,15,2,4045.0,495,2,4045.8,110,1,4045.9,1,1,4046.0,121,3,4046.1,33,2
11483,2026-07-02 10:48:25+05:30,4045.0,1,4047.34,650263,144470.0,145335.0,4100.0,4110.0,4016.1,4092.6,23665950,4501.8,3683.4,4440.0,3288.1,4044.9,30,3,4044.8,17,2,4044.7,37,3,4044.6,68,4,4044.5,12,1,4045.0,494,2,4045.8,110,1,4045.9,1,1,4046.0,121,3,4046.1,33,2
11483,2026-07-02 10:48:25+05:30,4045.0,1,4047.34,650263,144470.0,145335.0,4100.0,4110.0,4016.1,4092.6,23665950,4501.8,3683.4,4440.0,3288.1,4044.9,30,3,4044.8,17,2,4044.7,37,3,4044.6,68,4,4044.5,12,1,4045.0,494,2,4045.8,110,1,4045.9,1,1,4046.0,121,3,4046.1,33,2
11483,2026-07-02 10:48:25+05:30,4044.9,1,4047.34,650263,144470.0,145335.0,4100.0,4110.0,4016.1,4092.6,23665950,4501.8,3683.4,4440.0,3288.1,4044.9,30,3,4044.8,17,2,4044.7,37,3,4044.6,68,4,4044.5,12,1,4045.0,494,2,4045.8,110,1,4045.9,1,1,4046.0,121,3,4046.1,33,2
11483,2026-07-02 10:48:25+05:30,4044.9,1,4047.34,650263,144470.0,145335.0,4100.0,4110.0,4016.1,4092.6,23665950,4501.8,3683.4,4440.0,3288.1,4044.9,30,3,4044.8,17,2,4044.7,37,3,4044.6,68,4,4044.5,12,1,4045.0,494,2,4045.8,110,1,4045.9,1,1,4046.0,121,3,4046.1,33,2
11483,2026-07-02 10:48:26+05:30,4044.9,1,4047.34,650263,144470.0,145335.0,4100.0,4110.0,4016.1,4092.6,23665950,4501.8,3683.4,4440.0,3288.1,4044.9,30,3,4044.8,17,2,4044.7,37,3,4044.6,68,4,4044.5,12,1,4045.0,494,2,4045.8,110,1,4045.9,1,1,4046.0,121,3,4046.1,33,2
11483,2026-07-02 10:48:26+05:30,4045.0,1,4047.34,650287,144549.0,145341.0,4100.0,4110.0,4016.1,4092.6,23665950,4501.8,3683.4,4440.0,3288.1,4044.9,14,2,4044.8,14,1,4044.7,37,3,4044.6,50,2,4044.5,12,1,4045.0,471,2,4045.8,130,2,4045.9,16,2,4046.0,141,4,4046.1,33,2
11483,2026-07-02 10:48:26+05:30,4045.0,1,4047.34,650287,144549.0,145341.0,4100.0,4110.0,4016.1,4092.6,23665950,4501.8,3683.4,4440.0,3288.1,4044.9,14,2,4044.8,14,1,4044.7,37,3,4044.6,50,2,4044.5,12,1,4045.0,471,2,4045.8,130,2,4045.9,16,2,4046.0,141,4,4046.1,33,2
11483,2026-07-02 10:48:26+05:30,4044.9,1,4047.34,650287,144549.0,145341.0,4100.0,4110.0,4016.1,4092.6,23665950,4501.8,3683.4,4440.0,3288.1,4044.9,14,2,4044.8,14,1,4044.7,37,3,4044.6,50,2,4044.5,12,1,4045.0,471,2,4045.8,130,2,4045.9,16,2,4046.0,141,4,4046.1,33,2
11483,2026-07-02 10:48:27+05:30,4044.9,1,4047.34,650287,144549.0,145341.0,4100.0,4110.0,4016.1,4092.6,23665950,4501.8,3683.4,4440.0,3288.1,4044.9,14,2,4044.8,14,1,4044.7,37,3,4044.6,50,2,4044.5,12,1,4045.0,471,2,4045.8,130,2,4045.9,16,2,4046.0,141,4,4046.1,33,2
11483,2026-07-02 10:48:27+05:30,4045.0,1,4047.34,650293,144537.0,145457.0,4100.0,4110.0,4016.1,4092.6,23665950,4501.8,3683.4,4440.0,3288.1,4044.9,11,2,4044.8,14,1,4044.7,36,2,4044.6,50,2,4044.5,12,1,4045.0,468,2,4045.8,130,2,4045.9,16,2,4046.0,187,5,4046.1,33,2
11483,2026-07-02 10:48:27+05:30,4045.0,1,4047.34,650293,144537.0,145457.0,4100.0,4110.0,4016.1,4092.6,23665950,4501.8,3683.4,4440.0,3288.1,4044.9,11,2,4044.8,14,1,4044.7,36,2,4044.6,50,2,4044.5,12,1,4045.0,468,2,4045.8,130,2,4045.9,16,2,4046.0,187,5,4046.1,33,2
11483,2026-07-02 10:48:27+05:30,4045.0,1,4047.34,650293,144537.0,145457.0,4100.0,4110.0,4016.1,4092.6,23665950,4501.8,3683.4,4440.0,3288.1,4044.9,11,2,4044.8,14,1,4044.7,36,2,4044.6,50,2,4044.5,12,1,4045.0,468,2,4045.8,130,2,4045.9,16,2,4046.0,187,5,4046.1,33,2
11483,2026-07-02 10:48:28+05:30,4045.0,1,4047.34,650293,144537.0,145457.0,4100.0,4110.0,4016.1,4092.6,23665950,4501.8,3683.4,4440.0,3288.1,4044.9,11,2,4044.8,14,1,4044.7,36,2,4044.6,50,2,4044.5,12,1,4045.0,468,2,4045.8,130,2,4045.9,16,2,4046.0,187,5,4046.1,33,2
11483,2026-07-02 10:48:28+05:30,4045.0,10,4047.34,650305,144566.0,145385.0,4100.0,4110.0,4016.1,4092.6,23665950,4501.8,3683.4,4440.0,3288.1,4044.9,11,2,4044.8,14,1,4044.7,36,2,4044.6,50,2,4044.5,12,1,4045.0,456,2,4045.8,130,2,4045.9,16,2,4046.0,187,5,4046.1,33,2
11483,2026-07-02 10:48:28+05:30,4045.0,10,4047.34,650305,144566.0,145385.0,4100.0,4110.0,4016.1,4092.6,23665950,4501.8,3683.4,4440.0,3288.1,4044.9,11,2,4044.8,14,1,4044.7,36,2,4044.6,50,2,4044.5,12,1,4045.0,456,2,4045.8,130,2,4045.9,16,2,4046.0,187,5,4046.1,33,2
11483,2026-07-02 10:48:28+05:30,4045.0,10,4047.34,650305,144566.0,145385.0,4100.0,4110.0,4016.1,4092.6,23665950,4501.8,3683.4,4440.0,3288.1,4044.9,11,2,4044.8,14,1,4044.7,36,2,4044.6,50,2,4044.5,12,1,4045.0,456,2,4045.8,130,2,4045.9,16,2,4046.0,187,5,4046.1,33,2
11483,2026-07-02 10:48:28+05:30,4045.0,10,4047.34,650305,144566.0,145385.0,4100.0,4110.0,4016.1,4092.6,23665950,4501.8,3683.4,4440.0,3288.1,4044.9,11,2,4044.8,14,1,4044.7,36,2,4044.6,50,2,4044.5,12,1,4045.0,456,2,4045.8,130,2,4045.9,16,2,4046.0,187,5,4046.1,33,2
11483,2026-07-02 10:48:29+05:30,4045.0,10,4047.34,650305,144566.0,145385.0,4100.0,4110.0,4016.1,4092.6,23660175,4501.8,3683.4,4440.0,3288.1,4044.9,11,2,4044.8,14,1,4044.7,36,2,4044.6,50,2,4044.5,12,1,4045.0,456,2,4045.8,130,2,4045.9,16,2,4046.0,187,5,4046.1,33,2
11483,2026-07-02 10:48:29+05:30,4045.0,1,4047.34,650306,144305.0,145679.0,4100.0,4110.0,4016.1,4092.6,23660175,4501.8,3683.4,4440.0,3288.1,4044.9,6,1,4044.8,14,1,4044.7,36,2,4044.6,50,2,4044.5,12,1,4045.0,456,3,4045.7,12,1,4045.8,142,3,4045.9,16,2,4046.0,187,5
11483,2026-07-02 10:48:29+05:30,4045.0,1,4047.34,650306,144305.0,145679.0,4100.0,4110.0,4016.1,4092.6,23660175,4501.8,3683.4,4440.0,3288.1,4044.9,6,1,4044.8,14,1,4044.7,36,2,4044.6,50,2,4044.5,12,1,4045.0,456,3,4045.7,12,1,4045.8,142,3,4045.9,16,2,4046.0,187,5
11483,2026-07-02 10:48:29+05:30,4045.0,1,4047.34,650306,144305.0,145679.0,4100.0,4110.0,4016.1,4092.6,23660175,4501.8,3683.4,4440.0,3288.1,4044.9,6,1,4044.8,14,1,4044.7,36,2,4044.6,50,2,4044.5,12,1,4045.0,456,3,4045.7,12,1,4045.8,142,3,4045.9,16,2,4046.0,187,5
11483,2026-07-02 10:48:30+05:30,4045.0,1,4047.34,650306,144305.0,145679.0,4100.0,4110.0,4016.1,4092.6,23660175,4501.8,3683.4,4440.0,3288.1,4044.9,6,1,4044.8,14,1,4044.7,36,2,4044.6,50,2,4044.5,12,1,4045.0,456,3,4045.7,12,1,4045.8,142,3,4045.9,16,2,4046.0,187,5
11483,2026-07-02 10:48:30+05:30,4045.0,40,4047.34,650350,144509.0,145590.0,4100.0,4110.0,4016.1,4092.6,23660175,4501.8,3683.4,4440.0,3288.1,4044.9,6,1,4044.8,14,1,4044.7,36,2,4044.6,50,2,4044.5,12,1,4045.0,421,4,4045.5,12,1,4045.7,12,1,4045.8,142,3,4045.9,16,2
11483,2026-07-02 10:48:30+05:30,4045.0,40,4047.34,650350,144509.0,145590.0,4100.0,4110.0,4016.1,4092.6,23660175,4501.8,3683.4,4440.0,3288.1,4044.9,6,1,4044.8,14,1,4044.7,36,2,4044.6,50,2,4044.5,12,1,4045.0,421,4,4045.5,12,1,4045.7,12,1,4045.8,142,3,4045.9,16,2
11483,2026-07-02 10:48:30+05:30,4045.0,40,4047.34,650350,144509.0,145590.0,4100.0,4110.0,4016.1,4092.6,23660175,4501.8,3683.4,4440.0,3288.1,4044.9,6,1,4044.8,14,1,4044.7,36,2,4044.6,50,2,4044.5,12,1,4045.0,421,4,4045.5,12,1,4045.7,12,1,4045.8,142,3,4045.9,16,2
11483,2026-07-02 10:48:30+05:30,4045.0,40,4047.34,650350,144509.0,145590.0,4100.0,4110.0,4016.1,4092.6,23660175,4501.8,3683.4,4440.0,3288.1,4044.9,6,1,4044.8,14,1,4044.7,36,2,4044.6,50,2,4044.5,12,1,4045.0,421,4,4045.5,12,1,4045.7,12,1,4045.8,142,3,4045.9,16,2
11483,2026-07-02 10:48:31+05:30,4045.0,1,4047.34,650402,144553.0,145512.0,4100.0,4110.0,4016.1,4092.6,23660175,4501.8,3683.4,4440.0,3288.1,4044.9,6,1,4044.8,14,1,4044.7,36,2,4044.6,50,2,4044.5,12,1,4045.0,370,5,4045.5,12,1,4045.7,12,1,4045.8,142,3,4045.9,16,2
11483,2026-07-02 10:48:31+05:30,4045.0,5,4047.34,650402,144553.0,145512.0,4100.0,4110.0,4016.1,4092.6,23660175,4501.8,3683.4,4440.0,3288.1,4044.9,6,1,4044.8,14,1,4044.7,36,2,4044.6,50,2,4044.5,12,1,4045.0,370,5,4045.5,12,1,4045.7,12,1,4045.8,142,3,4045.9,16,2
11483,2026-07-02 10:48:32+05:30,4044.9,1,4047.34,650412,144549.0,145653.0,4100.0,4110.0,4016.1,4092.6,23660175,4501.8,3683.4,4440.0,3288.1,4044.9,4,2,4044.8,14,1,4044.7,36,2,4044.6,50,2,4044.5,12,1,4045.0,362,4,4045.5,12,1,4045.7,12,1,4045.8,142,3,4045.9,16,2
11483,2026-07-02 10:48:32+05:30,4045.0,5,4047.34,650412,144549.0,145653.0,4100.0,4110.0,4016.1,4092.6,23660175,4501.8,3683.4,4440.0,3288.1,4044.9,4,2,4044.8,14,1,4044.7,36,2,4044.6,50,2,4044.5,12,1,4045.0,362,4,4045.5,12,1,4045.7,12,1,4045.8,142,3,4045.9,16,2
11483,2026-07-02 10:48:33+05:30,4045.0,1,4047.34,650423,144538.0,145600.0,4100.0,4110.0,4016.1,4092.6,23660175,4501.8,3683.4,4440.0,3288.1,4044.9,4,2,4044.8,14,1,4044.7,36,2,4044.6,50,2,4044.5,12,1,4045.0,461,5,4045.5,12,1,4045.6,10,1,4045.7,12,1,4045.8,45,3
11483,2026-07-02 10:48:33+05:30,4045.0,1,4047.34,650423,144538.0,145600.0,4100.0,4110.0,4016.1,4092.6,23660175,4501.8,3683.4,4440.0,3288.1,4044.9,4,2,4044.8,14,1,4044.7,36,2,4044.6,50,2,4044.5,12,1,4045.0,461,5,4045.5,12,1,4045.6,10,1,4045.7,12,1,4045.8,45,3
11483,2026-07-02 10:48:34+05:30,4044.9,1,4047.34,650423,144538.0,145600.0,4100.0,4110.0,4016.1,4092.6,23660175,4501.8,3683.4,4440.0,3288.1,4044.9,4,2,4044.8,14,1,4044.7,36,2,4044.6,50,2,4044.5,12,1,4045.0,461,5,4045.5,12,1,4045.6,10,1,4045.7,12,1,4045.8,45,3
11483,2026-07-02 10:48:34+05:30,4044.9,1,4047.34,650453,144454.0,145552.0,4100.0,4110.0,4016.1,4092.6,23660175,4501.8,3683.4,4440.0,3288.1,4044.9,3,2,4044.8,14,1,4044.7,36,2,4044.6,50,2,4044.5,12,1,4045.0,432,5,4045.2,14,1,4045.5,12,1,4045.6,10,1,4045.7,12,1
11483,2026-07-02 10:48:35+05:30,4045.0,50,4047.34,650453,144454.0,145552.0,4100.0,4110.0,4016.1,4092.6,23660175,4501.8,3683.4,4440.0,3288.1,4044.9,3,2,4044.8,14,1,4044.7,36,2,4044.6,50,2,4044.5,12,1,4045.0,432,5,4045.2,14,1,4045.5,12,1,4045.6,10,1,4045.7,12,1
11483,2026-07-02 10:48:35+05:30,4045.0,50,4047.33,652886,144714.0,145364.0,4100.0,4110.0,4016.1,4092.6,23660175,4501.8,3683.4,4440.0,3288.1,4044.9,1,1,4044.1,18,2,4044.0,140,9,4043.7,2,1,4043.6,59,3,4045.0,14,3,4045.2,14,1,4045.5,12,1,4045.6,10,1,4045.7,12,1
11483,2026-07-02 10:48:36+05:30,4044.1,1,4047.33,652886,144714.0,145364.0,4100.0,4110.0,4016.1,4092.6,23660175,4501.8,3683.4,4440.0,3288.1,4044.9,1,1,4044.1,18,2,4044.0,140,9,4043.7,2,1,4043.6,59,3,4045.0,14,3,4045.2,14,1,4045.5,12,1,4045.6,10,1,4045.7,12,1
11483,2026-07-02 10:48:36+05:30,4044.1,1,4047.33,652896,144236.0,145922.0,4100.0,4110.0,4016.1,4092.6,23660175,4501.8,3683.4,4440.0,3288.1,4044.1,10,1,4044.0,119,8,4043.6,8,1,4043.5,38,1,4043.4,41,2,4045.0,15,3,4045.2,26,2,4045.4,5,1,4045.5,12,1,4045.6,10,1
11483,2026-07-02 10:48:37+05:30,4045.0,5,4047.33,652896,144236.0,145922.0,4100.0,4110.0,4016.1,4092.6,23660175,4501.8,3683.4,4440.0,3288.1,4044.1,10,1,4044.0,119,8,4043.6,8,1,4043.5,38,1,4043.4,41,2,4045.0,15,3,4045.2,26,2,4045.4,5,1,4045.5,12,1,4045.6,10,1
11483,2026-07-02 10:48:37+05:30,4045.0,5,4047.33,652927,144035.0,146385.0,4100.0,4110.0,4016.1,4092.6,23660175,4501.8,3683.4,4440.0,3288.1,4044.1,16,1,4044.0,119,8,4043.5,5,1,4043.4,20,1,4043.3,12,1,4045.0,496,2,4045.2,14,1,4045.4,5,1,4045.5,13,2,4045.6,70,4
11483,2026-07-02 10:48:38+05:30,4044.1,1,4047.33,652927,144035.0,146385.0,4100.0,4110.0,4016.1,4092.6,23660175,4501.8,3683.4,4440.0,3288.1,4044.1,16,1,4044.0,119,8,4043.5,5,1,4043.4,20,1,4043.3,12,1,4045.0,496,2,4045.2,14,1,4045.4,5,1,4045.5,13,2,4045.6,70,4
11483,2026-07-02 10:48:38+05:30,4044.8,1,4047.33,652929,144061.0,146731.0,4100.0,4110.0,4016.1,4092.6,23660175,4501.8,3683.4,4440.0,3288.1,4044.1,15,1,4044.0,117,7,4043.3,12,1,4043.2,5,1,4043.1,20,1,4044.8,27,4,4044.9,37,4,4045.0,507,3,4045.1,19,2,4045.2,26,2
11483,2026-07-02 10:48:39+05:30,4044.1,1,4047.33,652929,144061.0,146731.0,4100.0,4110.0,4016.1,4092.6,23660175,4501.8,3683.4,4440.0,3288.1,4044.1,15,1,4044.0,117,7,4043.3,12,1,4043.2,5,1,4043.1,20,1,4044.8,27,4,4044.9,37,4,4045.0,507,3,4045.1,19,2,4045.2,26,2
11483,2026-07-02 10:48:39+05:30,4044.1,1,4047.33,652931,144091.0,146742.0,4100.0,4110.0,4016.1,4092.6,23660175,4501.8,3683.4,4440.0,3288.1,4044.1,14,1,4044.0,117,7,4043.3,12,1,4043.2,21,1,4043.1,20,1,4044.8,18,3,4044.9,37,4,4045.0,509,2,4045.1,34,3,4045.2,26,2
11483,2026-07-02 10:48:40+05:30,4044.1,1,4047.33,652931,144091.0,146742.0,4100.0,4110.0,4016.1,4092.6,23660175,4501.8,3683.4,4440.0,3288.1,4044.1,14,1,4044.0,117,7,4043.3,12,1,4043.2,21,1,4043.1,20,1,4044.8,18,3,4044.9,37,4,4045.0,509,2,4045.1,34,3,4045.2,26,2
11483,2026-07-02 10:48:40+05:30,4044.1,1,4047.33,652950,143165.0,147486.0,4100.0,4110.0,4016.1,4092.6,23660175,4501.8,3683.4,4440.0,3288.1,4044.1,16,1,4044.0,80,3,4043.0,27,4,4042.7,14,2,4042.6,129,4,4044.4,40,6,4044.5,22,2,4044.6,20,3,4044.7,95,5,4044.8,21,4
11483,2026-07-02 10:48:41+05:30,4044.3,10,4047.33,652950,143165.0,147486.0,4100.0,4110.0,4016.1,4092.6,23660175,4501.8,3683.4,4440.0,3288.1,4044.1,16,1,4044.0,80,3,4043.0,27,4,4042.7,14,2,4042.6,129,4,4044.4,40,6,4044.5,22,2,4044.6,20,3,4044.7,95,5,4044.8,21,4
11483,2026-07-02 10:48:41+05:30,4044.1,80,4047.33,653061,143176.0,147345.0,4100.0,4110.0,4016.1,4092.6,23660175,4501.8,3683.4,4440.0,3288.1,4044.1,17,1,4044.0,80,3,4043.0,27,4,4042.7,34,3,4042.6,147,4,4044.4,12,2,4044.6,39,3,4044.7,92,4,4044.8,20,3,4044.9,31,4
11483,2026-07-02 10:48:42+05:30,4044.2,1,4047.33,653061,143176.0,147345.0,4100.0,4110.0,4016.1,4092.6,23660175,4501.8,3683.4,4440.0,3288.1,4044.1,17,1,4044.0,80,3,4043.0,27,4,4042.7,34,3,4042.6,147,4,4044.4,12,2,4044.6,39,3,4044.7,92,4,4044.8,20,3,4044.9,31,4
11483,2026-07-02 10:48:43+05:30,4044.6,1,4047.33,653067,143352.0,147072.0,4100.0,4110.0,4016.1,4092.6,23660175,4501.8,3683.4,4440.0,3288.1,4044.2,1,1,4044.1,17,1,4044.0,80,3,4043.1,1,1,4043.0,1027,5,4044.6,22,3,4044.7,10,1,4044.8,17,2,4044.9,29,3,4045.0,509,2
11483,2026-07-02 10:48:43+05:30,4044.6,1,4047.33,653067,143352.0,147072.0,4100.0,4110.0,4016.1,4092.6,23660175,4501.8,3683.4,4440.0,3288.1,4044.2,1,1,4044.1,17,1,4044.0,80,3,4043.1,1,1,4043.0,1027,5,4044.6,22,3,4044.7,10,1,4044.8,17,2,4044.9,29,3,4045.0,509,2
11483,2026-07-02 10:48:44+05:30,4044.6,1,4047.33,653092,143214.0,147047.0,4100.0,4110.0,4016.1,4092.6,23660175,4501.8,3683.4,4440.0,3288.1,4044.2,1,1,4044.1,17,1,4044.0,80,3,4043.1,1,1,4043.0,1047,6,4044.6,1,1,4044.7,22,2,4044.8,17,2,4044.9,16,2,4045.0,509,2
11483,2026-07-02 10:48:44+05:30,4044.2,1,4047.33,653092,143214.0,147047.0,4100.0,4110.0,4016.1,4092.6,23660175,4501.8,3683.4,4440.0,3288.1,4044.2,1,1,4044.1,17,1,4044.0,80,3,4043.1,1,1,4043.0,1047,6,4044.6,1,1,4044.7,22,2,4044.8,17,2,4044.9,16,2,4045.0,509,2
11483,2026-07-02 10:48:45+05:30,4044.2,1,4047.33,653093,143100.0,147578.0,4100.0,4110.0,4016.1,4092.6,23660175,4501.8,3683.4,4440.0,3288.1,4044.1,17,1,4044.0,80,3,4043.0,1047,6,4042.9,2,1,4042.8,6,1,4044.6,2,2,4044.8,10,1,4044.9,17,2,4045.0,495,1,4045.2,62,4
11483,2026-07-02 10:48:45+05:30,4044.1,1,4047.33,653093,143100.0,147578.0,4100.0,4110.0,4016.1,4092.6,23660175,4501.8,3683.4,4440.0,3288.1,4044.1,17,1,4044.0,80,3,4043.0,1047,6,4042.9,2,1,4042.8,6,1,4044.6,2,2,4044.8,10,1,4044.9,17,2,4045.0,495,1,4045.2,62,4
11483,2026-07-02 10:48:46+05:30,4044.1,14,4047.33,653123,142995.0,147199.0,4100.0,4110.0,4016.1,4092.6,23660175,4501.8,3683.4,4440.0,3288.1,4044.1,1,1,4044.0,82,4,4043.3,13,1,4043.1,1,1,4043.0,1047,6,4044.7,6,1,4044.8,37,3,4044.9,37,3,4045.0,588,5,4045.1,15,1
11483,2026-07-02 10:48:46+05:30,4044.1,14,4047.33,653123,142995.0,147199.0,4100.0,4110.0,4016.1,4092.6,23660175,4501.8,3683.4,4440.0,3288.1,4044.1,1,1,4044.0,82,4,4043.3,13,1,4043.1,1,1,4043.0,1047,6,4044.7,6,1,4044.8,37,3,4044.9,37,3,4045.0,588,5,4045.1,15,1
11483,2026-07-02 10:48:47+05:30,4044.1,1,4047.33,653124,142998.0,147650.0,4100.0,4110.0,4016.1,4092.6,23660175,4501.8,3683.4,4440.0,3288.1,4044.0,82,4,4043.0,1047,6,4042.7,35,3,4042.6,121,3,4042.5,11,2,4044.4,10,1,4044.5,37,4,4044.6,9,2,4044.7,35,5,4044.8,35,3
11483,2026-07-02 10:48:47+05:30,4044.1,1,4047.33,653124,142998.0,147650.0,4100.0,4110.0,4016.1,4092.6,23660175,4501.8,3683.4,4440.0,3288.1,4044.0,82,4,4043.0,1047,6,4042.7,35,3,4042.6,121,3,4042.5,11,2,4044.4,10,1,4044.5,37,4,4044.6,9,2,4044.7,35,5,4044.8,35,3
11483,2026-07-02 10:48:48+05:30,4044.0,1,4047.33,653130,143003.0,147731.0,4100.0,4110.0,4016.1,4092.6,23660175,4501.8,3683.4,4440.0,3288.1,4044.0,81,4,4043.0,1047,6,4042.8,28,2,4042.7,33,2,4042.6,127,4,4044.5,32,4,4044.6,7,2,4044.7,15,2,4044.8,35,3,4044.9,63,5
11483,2026-07-02 10:48:48+05:30,4044.0,1,4047.33,653130,143003.0,147731.0,4100.0,4110.0,4016.1,4092.6,23660175,4501.8,3683.4,4440.0,3288.1,4044.0,81,4,4043.0,1047,6,4042.8,28,2,4042.7,33,2,4042.6,127,4,4044.5,32,4,4044.6,7,2,4044.7,15,2,4044.8,35,3,4044.9,63,5
11483,2026-07-02 10:48:49+05:30,4044.0,1,4047.32,654520,143868.0,147067.0,4100.0,4110.0,4016.1,4092.6,23660175,4501.8,3683.4,4440.0,3288.1,4044.0,513,2,4043.1,2,1,4043.0,1027,5,4042.7,33,2,4042.6,269,5,4044.5,1,1,4044.6,13,2,4044.8,6,1,4044.9,39,3,4045.0,65,2
11483,2026-07-02 10:48:49+05:30,4044.0,1,4047.32,654520,143868.0,147067.0,4100.0,4110.0,4016.1,4092.6,23660175,4501.8,3683.4,4440.0,3288.1,4044.0,513,2,4043.1,2,1,4043.0,1027,5,4042.7,33,2,4042.6,269,5,4044.5,1,1,4044.6,13,2,4044.8,6,1,4044.9,39,3,4045.0,65,2
11483,2026-07-02 10:48:50+05:30,4044.0,175,4047.32,654697,143747.0,147098.0,4100.0,4110.0,4016.1,4092.6,23660175,4501.8,3683.4,4440.0,3288.1,4044.0,336,2,4043.1,22,2,4043.0,1027,5,4042.9,6,1,4042.7,33,2,4044.5,1,1,4044.8,6,1,4044.9,7,2,4045.0,65,2,4045.2,26,2
11483,2026-07-02 10:48:50+05:30,4044.0,175,4047.32,654697,143747.0,147098.0,4100.0,4110.0,4016.1,4092.6,23660175,4501.8,3683.4,4440.0,3288.1,4044.0,336,2,4043.1,22,2,4043.0,1027,5,4042.9,6,1,4042.7,33,2,4044.5,1,1,4044.8,6,1,4044.9,7,2,4045.0,65,2,4045.2,26,2
11483,2026-07-02 10:48:51+05:30,4044.0,1,4047.32,654698,143769.0,147218.0,4100.0,4110.0,4016.1,4092.6,23660175,4501.8,3683.4,4440.0,3288.1,4044.0,335,2,4043.1,22,2,4043.0,1027,5,4042.9,6,1,4042.8,12,1,4044.3,1,1,4044.5,1,1,4044.8,6,1,4044.9,7,2,4045.0,65,2
11483,2026-07-02 10:48:51+05:30,4044.0,2,4047.32,654698,143769.0,147218.0,4100.0,4110.0,4016.1,4092.6,23660175,4501.8,3683.4,4440.0,3288.1,4044.0,335,2,4043.1,22,2,4043.0,1027,5,4042.9,6,1,4042.8,12,1,4044.3,1,1,4044.5,1,1,4044.8,6,1,4044.9,7,2,4045.0,65,2
11483,2026-07-02 10:48:52+05:30,4044.1,1,4047.32,654701,143787.0,147197.0,4100.0,4110.0,4016.1,4092.6,23660175,4501.8,3683.4,4440.0,3288.1,4044.1,1,1,4044.0,333,2,4043.1,47,2,4043.0,1027,5,4042.9,2,1,4044.3,1,1,4044.5,1,1,4044.8,6,1,4044.9,7,2,4045.0,65,2
11483,2026-07-02 10:48:52+05:30,4044.1,1,4047.32,654701,143787.0,147197.0,4100.0,4110.0,4016.1,4092.6,23660175,4501.8,3683.4,4440.0,3288.1,4044.1,1,1,4044.0,333,2,4043.1,47,2,4043.0,1027,5,4042.9,2,1,4044.3,1,1,4044.5,1,1,4044.8,6,1,4044.9,7,2,4045.0,65,2
11483,2026-07-02 10:48:53+05:30,4044.0,49,4047.32,654701,143787.0,147197.0,4100.0,4110.0,4016.1,4092.6,23660175,4501.8,3683.4,4440.0,3288.1,4044.1,1,1,4044.0,333,2,4043.1,47,2,4043.0,1027,5,4042.9,2,1,4044.3,1,1,4044.5,1,1,4044.8,6,1,4044.9,7,2,4045.0,65,2
11483,2026-07-02 10:48:53+05:30,4044.0,49,4047.32,654752,143693.0,147208.0,4100.0,4110.0,4016.1,4092.6,23660175,4501.8,3683.4,4440.0,3288.1,4044.0,284,2,4043.1,47,2,4043.0,1027,5,4042.9,2,1,4042.8,12,1,4044.3,4,2,4044.8,18,2,4044.9,7,2,4045.0,65,2,4045.2,49,3
11483,2026-07-02 10:48:54+05:30,4044.0,1,4047.32,654752,143693.0,147208.0,4100.0,4110.0,4016.1,4092.6,23660175,4501.8,3683.4,4440.0,3288.1,4044.0,284,2,4043.1,47,2,4043.0,1027,5,4042.9,2,1,4042.8,12,1,4044.3,4,2,4044.8,18,2,4044.9,7,2,4045.0,65,2,4045.2,49,3
11483,2026-07-02 10:48:54+05:30,4044.0,1,4047.32,654757,143876.0,147151.0,4100.0,4110.0,4016.1,4092.6,23660175,4501.8,3683.4,4440.0,3288.1,4044.0,295,6,4043.2,17,2,4043.1,95,3,4043.0,1045,6,4042.8,50,2,4044.3,6,2,4044.9,6,1,4045.0,65,2,4045.2,49,3,4045.3,5,1
11483,2026-07-02 10:48:55+05:30,4044.0,1,4047.32,654757,143876.0,147151.0,4100.0,4110.0,4016.1,4092.6,23660175,4501.8,3683.4,4440.0,3288.1,4044.0,295,6,4043.2,17,2,4043.1,95,3,4043.0,1045,6,4042.8,50,2,4044.3,6,2,4044.9,6,1,4045.0,65,2,4045.2,49,3,4045.3,5,1
11483,2026-07-02 10:48:55+05:30,4044.0,40,4047.32,654799,144010.0,147122.0,4100.0,4110.0,4016.1,4092.6,23660175,4501.8,3683.4,4440.0,3288.1,4044.0,400,8,4043.3,6,1,4043.2,17,2,4043.1,74,3,4043.0,1045,6,4044.3,6,2,4045.0,65,2,4045.2,37,2,4045.3,5,1,4045.4,19,1
11483,2026-07-02 10:48:56+05:30,4044.0,1,4047.32,654799,144010.0,147122.0,4100.0,4110.0,4016.1,4092.6,23660175,4501.8,3683.4,4440.0,3288.1,4044.0,400,8,4043.3,6,1,4043.2,17,2,4043.1,74,3,4043.0,1045,6,4044.3,6,2,4045.0,65,2,4045.2,37,2,4045.3,5,1,4045.4,19,1
11483,2026-07-02 10:48:56+05:30,4044.0,1,4047.32,654808,143878.0,147178.0,4100.0,4110.0,4016.1,4092.6,23660175,4501.8,3683.4,4440.0,3288.1,4044.0,391,8,4043.5,12,1,4043.3,2,1,4043.2,38,2,4043.1,80,3,4044.3,11,2,4045.0,65,2,4045.2,37,2,4045.3,5,1,4045.5,12,1
11483,2026-07-02 10:48:57+05:30,4044.3,5,4047.32,654808,143878.0,147178.0,4100.0,4110.0,4016.1,4092.6,23660175,4501.8,3683.4,4440.0,3288.1,4044.0,391,8,4043.5,12,1,4043.3,2,1,4043.2,38,2,4043.1,80,3,4044.3,11,2,4045.0,65,2,4045.2,37,2,4045.3,5,1,4045.5,12,1
11483,2026-07-02 10:48:57+05:30,4044.3,1,4047.32,654815,143854.0,146998.0,4100.0,4110.0,4016.1,4092.6,23660175,4501.8,3683.4,4440.0,3288.1,4044.0,390,8,4043.8,7,1,4043.6,10,1,4043.5,12,1,4043.4,46,3,4044.3,6,2,4045.0,65,2,4045.2,14,1,4045.3,5,1,4045.5,23,1
11483,2026-07-02 10:48:58+05:30,4044.8,1,4047.32,654815,143854.0,146998.0,4100.0,4110.0,4016.1,4092.6,23660175,4501.8,3683.4,4440.0,3288.1,4044.0,390,8,4043.8,7,1,4043.6,10,1,4043.5,12,1,4043.4,46,3,4044.3,6,2,4045.0,65,2,4045.2,14,1,4045.3,5,1,4045.5,23,1
11483,2026-07-02 10:48:58+05:30,4044.8,1,4047.32,654823,144174.0,146506.0,4100.0,4110.0,4016.1,4092.6,23660175,4501.8,3683.4,4440.0,3288.1,4044.0,355,6,4043.4,13,1,4043.3,19,2,4043.2,17,2,4043.1,68,2,4044.9,23,1,4045.0,65,2,4045.2,14,1,4045.5,12,1,4045.6,38,1
11483,2026-07-02 10:48:59+05:30,4044.0,1,4047.32,654823,144174.0,146506.0,4100.0,4110.0,4016.1,4092.6,23660175,4501.8,3683.4,4440.0,3288.1,4044.0,355,6,4043.4,13,1,4043.3,19,2,4043.2,17,2,4043.1,68,2,4044.9,23,1,4045.0,65,2,4045.2,14,1,4045.5,12,1,4045.6,38,1
11483,2026-07-02 10:48:59+05:30,4044.0,1,4047.32,654824,144010.0,146691.0,4100.0,4110.0,4016.1,4092.6,23660175,4501.8,3683.4,4440.0,3288.1,4044.0,454,7,4043.4,49,5,4043.3,13,1,4043.2,15,1,4043.1,20,1,4044.9,24,2,4045.0,65,2,4045.2,14,1,4045.5,77,3,4045.7,32,2
11483,2026-07-02 10:49:00+05:30,4044.0,1,4047.32,654824,144010.0,146691.0,4100.0,4110.0,4016.1,4092.6,23660175,4501.8,3683.4,4440.0,3288.1,4044.0,454,7,4043.4,49,5,4043.3,13,1,4043.2,15,1,4043.1,20,1,4044.9,24,2,4045.0,65,2,4045.2,14,1,4045.5,77,3,4045.7,32,2
11483,2026-07-02 10:49:01+05:30,4044.0,145,4047.32,654975,143837.0,146739.0,4100.0,4110.0,4016.1,4092.6,23660175,4501.8,3683.4,4440.0,3288.1,4044.0,308,7,4043.4,33,2,4043.3,2,1,4043.2,15,1,4043.1,21,2,4044.5,2,1,4044.9,24,2,4045.0,65,2,4045.2,14,1,4045.4,25,1
11483,2026-07-02 10:49:01+05:30,4044.5,1,4047.32,654975,143837.0,146739.0,4100.0,4110.0,4016.1,4092.6,23660175,4501.8,3683.4,4440.0,3288.1,4044.0,308,7,4043.4,33,2,4043.3,2,1,4043.2,15,1,4043.1,21,2,4044.5,2,1,4044.9,24,2,4045.0,65,2,4045.2,14,1,4045.4,25,1
11483,2026-07-02 10:49:02+05:30,4044.5,1,4047.32,654992,143909.0,147021.0,4100.0,4110.0,4016.1,4092.6,23660175,4501.8,3683.4,4440.0,3288.1,4044.2,1,1,4044.0,297,7,4043.4,33,2,4043.3,2,1,4043.2,15,1,4044.5,2,2,4044.9,23,1,4045.0,65,2,4045.2,26,2,4045.4,25,1
11483,2026-07-02 10:49:02+05:30,4044.2,1,4047.32,654992,143909.0,147021.0,4100.0,4110.0,4016.1,4092.6,23660175,4501.8,3683.4,4440.0,3288.1,4044.2,1,1,4044.0,297,7,4043.4,33,2,4043.3,2,1,4043.2,15,1,4044.5,2,2,4044.9,23,1,4045.0,65,2,4045.2,26,2,4045.4,25,1
11483,2026-07-02 10:49:03+05:30,4044.2,1,4047.32,654993,143897.0,147180.0,4100.0,4110.0,4016.1,4092.6,23660175,4501.8,3683.4,4440.0,3288.1,4044.2,1,1,4044.0,297,7,4043.4,34,3,4043.3,2,1,4043.2,15,1,4044.5,3,3,4044.9,23,1,4045.0,65,2,4045.2,26,2,4045.4,25,1
11483,2026-07-02 10:49:03+05:30,4044.5,1,4047.32,654993,143897.0,147180.0,4100.0,4110.0,4016.1,4092.6,23660175,4501.8,3683.4,4440.0,3288.1,4044.2,1,1,4044.0,297,7,4043.4,34,3,4043.3,2,1,4043.2,15,1,4044.5,3,3,4044.9,23,1,4045.0,65,2,4045.2,26,2,4045.4,25,1
11483,2026-07-02 10:49:04+05:30,4044.5,1,4047.32,654996,143943.0,147140.0,4100.0,4110.0,4016.1,4092.6,23660175,4501.8,3683.4,4440.0,3288.1,4044.3,3,1,4044.0,300,8,4043.4,21,2,4043.3,2,1,4043.2,21,2,4044.5,4,3,4044.9,23,1,4045.0,65,2,4045.2,26,2,4045.4,25,1
11483,2026-07-02 10:49:04+05:30,4044.5,1,4047.32,654996,143943.0,147140.0,4100.0,4110.0,4016.1,4092.6,23660175,4501.8,3683.4,4440.0,3288.1,4044.3,3,1,4044.0,300,8,4043.4,21,2,4043.3,2,1,4043.2,21,2,4044.5,4,3,4044.9,23,1,4045.0,65,2,4045.2,26,2,4045.4,25,1
11483,2026-07-02 10:49:05+05:30,4044.5,1,4047.32,654999,143993.0,146999.0,4100.0,4110.0,4016.1,4092.6,23660175,4501.8,3683.4,4440.0,3288.1,4044.3,3,1,4044.0,300,8,4043.6,1,1,4043.4,21,2,4043.3,2,1,4044.5,2,2,4044.9,23,1,4045.0,65,2,4045.2,26,2,4045.4,25,1
11483,2026-07-02 10:49:06+05:30,4044.9,10,4047.32,655013,144141.0,146763.0,4100.0,4110.0,4016.1,4092.6,23660175,4501.8,3683.4,4440.0,3288.1,4044.5,1,1,4044.3,3,1,4044.0,317,9,4043.6,1,1,4043.4,21,2,4044.9,13,1,4045.0,65,2,4045.2,14,1,4045.4,25,1,4045.5,12,1
11483,2026-07-02 10:49:06+05:30,4044.9,10,4047.32,655013,144141.0,146763.0,4100.0,4110.0,4016.1,4092.6,23660175,4501.8,3683.4,4440.0,3288.1,4044.5,1,1,4044.3,3,1,4044.0,317,9,4043.6,1,1,4043.4,21,2,4044.9,13,1,4045.0,65,2,4045.2,14,1,4045.4,25,1,4045.5,12,1
11483,2026-07-02 10:49:07+05:30,4044.9,10,4047.32,655037,144233.0,146419.0,4100.0,4110.0,4016.1,4092.6,23660175,4501.8,3683.4,4440.0,3288.1,4044.9,3,1,4044.5,1,1,4044.2,1,1,4044.0,317,9,4043.7,6,1,4045.0,65,2,4045.2,14,1,4045.5,12,1,4045.7,32,2,4045.8,47,3
11483,2026-07-02 10:49:07+05:30,4044.9,10,4047.32,655037,144233.0,146419.0,4100.0,4110.0,4016.1,4092.6,23660175,4501.8,3683.4,4440.0,3288.1,4044.9,3,1,4044.5,1,1,4044.2,1,1,4044.0,317,9,4043.7,6,1,4045.0,65,2,4045.2,14,1,4045.5,12,1,4045.7,32,2,4045.8,47,3
11483,2026-07-02 10:49:08+05:30,4045.0,1,4047.32,655038,144179.0,146460.0,4100.0,4110.0,4016.1,4092.6,23660175,4501.8,3683.4,4440.0,3288.1,4044.9,3,1,4044.5,1,1,4044.2,1,1,4044.0,317,9,4043.7,6,1,4045.0,65,3,4045.2,14,1,4045.7,57,3,4045.8,34,2,4045.9,34,3
11483,2026-07-02 10:49:08+05:30,4045.0,1,4047.32,655038,144179.0,146460.0,4100.0,4110.0,4016.1,4092.6,23660175,4501.8,3683.4,4440.0,3288.1,4044.9,3,1,4044.5,1,1,4044.2,1,1,4044.0,317,9,4043.7,6,1,4045.0,65,3,4045.2,14,1,4045.7,57,3,4045.8,34,2,4045.9,34,3
11483,2026-07-02 10:49:09+05:30,4045.0,18,4047.32,655038,144179.0,146460.0,4100.0,4110.0,4016.1,4092.6,23660175,4501.8,3683.4,4440.0,3288.1,4044.9,3,1,4044.5,1,1,4044.2,1,1,4044.0,317,9,4043.7,6,1,4045.0,65,3,4045.2,14,1,4045.7,57,3,4045.8,34,2,4045.9,34,3
11483,2026-07-02 10:49:09+05:30,4045.0,18,4047.32,655270,144435.0,146454.0,4100.0,4110.0,4016.1,4092.6,23660175,4501.8,3683.4,4440.0,3288.1,4044.1,6,1,4044.0,673,9,4043.7,2,1,4043.6,34,3,4043.5,44,2,4045.0,33,2,4045.2,14,1,4045.6,14,1,4045.7,57,3,4045.8,34,2
11483,2026-07-02 10:49:10+05:30,4045.0,1,4047.32,655270,144435.0,146454.0,4100.0,4110.0,4016.1,4092.6,23660175,4501.8,3683.4,4440.0,3288.1,4044.1,6,1,4044.0,673,9,4043.7,2,1,4043.6,34,3,4043.5,44,2,4045.0,33,2,4045.2,14,1,4045.6,14,1,4045.7,57,3,4045.8,34,2
11483,2026-07-02 10:49:10+05:30,4045.0,1,4047.32,655315,144248.0,146613.0,4100.0,4110.0,4016.1,4092.6,23660175,4501.8,3683.4,4440.0,3288.1,4044.0,639,7,4043.6,11,3,4043.5,6,1,4043.4,5,2,4043.3,12,1,4045.0,9,2,4045.2,14,1,4045.4,12,1,4045.7,83,3,4045.8,36,3
11483,2026-07-02 10:49:11+05:30,4045.0,1,4047.32,655315,144101.0,147162.0,4100.0,4110.0,4016.1,4092.6,23660175,4501.8,3683.4,4440.0,3288.1,4044.0,655,7,4043.6,3,2,4043.5,6,1,4043.4,5,2,4043.3,12,1,4044.5,1,1,4045.0,9,2,4045.2,14,1,4045.4,12,1,4045.6,30,1
11483,2026-07-02 10:49:12+05:30,4044.5,1,4047.32,655315,144101.0,147162.0,4100.0,4110.0,4016.1,4092.6,23660175,4501.8,3683.4,4440.0,3288.1,4044.0,655,7,4043.6,3,2,4043.5,6,1,4043.4,5,2,4043.3,12,1,4044.5,1,1,4045.0,9,2,4045.2,14,1,4045.4,12,1,4045.6,30,1
11483,2026-07-02 10:49:12+05:30,4044.5,1,4047.32,655318,144130.0,147101.0,4100.0,4110.0,4016.1,4092.6,23660175,4501.8,3683.4,4440.0,3288.1,4044.2,1,1,4044.0,655,7,4043.6,3,2,4043.5,6,1,4043.4,5,2,4044.5,1,1,4045.0,8,1,4045.2,14,1,4045.6,30,1,4045.7,32,2
11483,2026-07-02 10:49:13+05:30,4044.5,1,4047.32,655318,144130.0,147101.0,4100.0,4110.0,4016.1,4092.6,23660175,4501.8,3683.4,4440.0,3288.1,4044.2,1,1,4044.0,655,7,4043.6,3,2,4043.5,6,1,4043.4,5,2,4044.5,1,1,4045.0,8,1,4045.2,14,1,4045.6,30,1,4045.7,32,2
11483,2026-07-02 10:49:13+05:30,4045.2,6,4047.32,655341,144165.0,146656.0,4100.0,4110.0,4016.1,4092.6,23660175,4501.8,3683.4,4440.0,3288.1,4044.2,1,1,4044.0,659,8,4043.6,3,2,4043.5,6,1,4043.4,5,2,4045.2,8,1,4045.7,93,4,4045.8,22,1,4045.9,23,4,4046.0,198,10
11483,2026-07-02 10:49:14+05:30,4045.2,6,4047.32,655341,144165.0,146656.0,4100.0,4110.0,4016.1,4092.6,23660175,4501.8,3683.4,4440.0,3288.1,4044.2,1,1,4044.0,659,8,4043.6,3,2,4043.5,6,1,4043.4,5,2,4045.2,8,1,4045.7,93,4,4045.8,22,1,4045.9,23,4,4046.0,198,10
11483,2026-07-02 10:49:14+05:30,4045.2,6,4047.32,655341,144164.0,146672.0,4100.0,4110.0,4016.1,4092.6,23660175,4501.8,3683.4,4440.0,3288.1,4044.2,1,1,4044.0,659,8,4043.7,2,1,4043.6,1,1,4043.5,6,1,4045.2,9,2,4045.7,81,3,4045.8,22,1,4045.9,23,4,4046.0,198,10
11483,2026-07-02 10:49:15+05:30,4044.0,3,4047.32,655341,144164.0,146672.0,4100.0,4110.0,4016.1,4092.6,23660175,4501.8,3683.4,4440.0,3288.1,4044.2,1,1,4044.0,659,8,4043.7,2,1,4043.6,1,1,4043.5,6,1,4045.2,9,2,4045.7,81,3,4045.8,22,1,4045.9,23,4,4046.0,198,10
11483,2026-07-02 10:49:15+05:30,4044.8,1,4047.32,655350,144146.0,147415.0,4100.0,4110.0,4016.1,4092.6,23660175,4501.8,3683.4,4440.0,3288.1,4044.5,2,2,4044.0,1652,8,4043.6,1,1,4043.5,2,1,4043.4,13,2,4044.8,699,1,4045.2,9,3,4045.7,81,3,4045.8,34,2,4045.9,21,3
11483,2026-07-02 10:49:16+05:30,4044.8,1,4047.32,655350,144146.0,147415.0,4100.0,4110.0,4016.1,4092.6,23660175,4501.8,3683.4,4440.0,3288.1,4044.5,2,2,4044.0,1652,8,4043.6,1,1,4043.5,2,1,4043.4,13,2,4044.8,699,1,4045.2,9,3,4045.7,81,3,4045.8,34,2,4045.9,21,3
11483,2026-07-02 10:49:16+05:30,4044.8,1,4047.32,655351,144146.0,148098.0,4100.0,4110.0,4016.1,4092.6,23660175,4501.8,3683.4,4440.0,3288.1,4044.5,2,2,4044.0,1653,9,4043.6,1,1,4043.5,2,1,4043.4,13,2,4044.8,714,2,4045.2,8,2,4045.7,81,3,4045.8,34,2,4045.9,21,3
11483,2026-07-02 10:49:17+05:30,4044.8,1,4047.32,655351,144146.0,148098.0,4100.0,4110.0,4016.1,4092.6,23660175,4501.8,3683.4,4440.0,3288.1,4044.5,2,2,4044.0,1653,9,4043.6,1,1,4043.5,2,1,4043.4,13,2,4044.8,714,2,4045.2,8,2,4045.7,81,3,4045.8,34,2,4045.9,21,3
11483,2026-07-02 10:49:17+05:30,4044.8,1,4047.32,655440,144147.0,147971.0,4100.0,4110.0,4016.1,4092.6,23660175,4501.8,3683.4,4440.0,3288.1,4044.5,2,2,4044.0,1653,9,4043.7,2,1,4043.6,1,1,4043.4,13,2,4044.8,625,2,4045.2,8,2,4045.7,81,3,4045.8,22,1,4045.9,21,3
11483,2026-07-02 10:49:18+05:30,4044.8,2,4047.32,655440,144147.0,147971.0,4100.0,4110.0,4016.1,4092.6,23660175,4501.8,3683.4,4440.0,3288.1,4044.5,2,2,4044.0,1653,9,4043.7,2,1,4043.6,1,1,4043.4,13,2,4044.8,625,2,4045.2,8,2,4045.7,81,3,4045.8,22,1,4045.9,21,3
11483,2026-07-02 10:49:18+05:30,4044.8,1,4047.32,655444,144155.0,148011.0,4100.0,4110.0,4016.1,4092.6,23660175,4501.8,3683.4,4440.0,3288.1,4044.5,2,2,4044.0,1668,11,4043.7,2,1,4043.6,1,1,4043.4,13,2,4044.8,622,2,4045.2,7,1,4045.7,81,3,4045.8,22,1,4045.9,21,3
11483,2026-07-02 10:49:19+05:30,4044.8,1,4047.32,655444,144155.0,148011.0,4100.0,4110.0,4016.1,4092.6,23660175,4501.8,3683.4,4440.0,3288.1,4044.5,2,2,4044.0,1668,11,4043.7,2,1,4043.6,1,1,4043.4,13,2,4044.8,622,2,4045.2,7,1,4045.7,81,3,4045.8,22,1,4045.9,21,3
11483,2026-07-02 10:49:19+05:30,4044.8,125,4047.32,655570,144074.0,147888.0,4100.0,4110.0,4016.1,4092.6,23660175,4501.8,3683.4,4440.0,3288.1,4044.5,2,2,4044.0,1668,11,4043.6,1,1,4043.5,2,1,4043.4,13,2,4044.8,496,2,4045.2,7,1,4045.4,51,3,4045.7,46,3,4045.8,34,2
11483,2026-07-02 10:49:20+05:30,4044.5,1,4047.32,655570,144074.0,147888.0,4100.0,4110.0,4016.1,4092.6,23660175,4501.8,3683.4,4440.0,3288.1,4044.5,2,2,4044.0,1668,11,4043.6,1,1,4043.5,2,1,4043.4,13,2,4044.8,496,2,4045.2,7,1,4045.4,51,3,4045.7,46,3,4045.8,34,2
11483,2026-07-02 10:49:21+05:30,4044.5,1,4047.32,655586,144097.0,147735.0,4100.0,4110.0,4016.1,4092.6,23660175,4501.8,3683.4,4440.0,3288.1,4044.0,1668,11,4043.8,22,2,4043.7,18,2,4043.6,27,3,4043.4,13,2,4044.5,19,1,4044.7,1,1,4044.8,486,2,4045.2,7,1,4045.4,39,2
11483,2026-07-02 10:49:21+05:30,4044.5,1,4047.32,655586,144097.0,147735.0,4100.0,4110.0,4016.1,4092.6,23660175,4501.8,3683.4,4440.0,3288.1,4044.0,1668,11,4043.8,22,2,4043.7,18,2,4043.6,27,3,4043.4,13,2,4044.5,19,1,4044.7,1,1,4044.8,486,2,4045.2,7,1,4045.4,39,2
11483,2026-07-02 10:49:22+05:30,4044.7,4,4047.32,655612,144569.0,147483.0,4100.0,4110.0,4016.1,4092.6,23660175,4501.8,3683.4,4440.0,3288.1,4044.4,1,1,4044.2,119,3,4044.0,1666,11,4043.9,11,1,4043.7,26,2,4044.7,1,1,4044.8,470,1,4045.2,7,1,4045.7,20,1,4045.8,22,1
11483,2026-07-02 10:49:22+05:30,4044.7,3,4047.32,655612,144569.0,147483.0,4100.0,4110.0,4016.1,4092.6,23660175,4501.8,3683.4,4440.0,3288.1,4044.4,1,1,4044.2,119,3,4044.0,1666,11,4043.9,11,1,4043.7,26,2,4044.7,1,1,4044.8,470,1,4045.2,7,1,4045.7,20,1,4045.8,22,1
11483,2026-07-02 10:49:23+05:30,4044.7,1,4047.32,655618,144572.0,147523.0,4100.0,4110.0,4016.1,4092.6,23660175,4501.8,3683.4,4440.0,3288.1,4044.4,1,1,4044.2,119,3,4044.0,1666,11,4043.9,11,1,4043.7,28,3,4044.7,1,1,4044.8,470,1,4045.2,7,1,4045.7,22,1,4045.9,19,2
11483,2026-07-02 10:49:23+05:30,4044.8,97,4047.32,655618,144572.0,147523.0,4100.0,4110.0,4016.1,4092.6,23660175,4501.8,3683.4,4440.0,3288.1,4044.4,1,1,4044.2,119,3,4044.0,1666,11,4043.9,11,1,4043.7,28,3,4044.7,1,1,4044.8,470,1,4045.2,7,1,4045.7,22,1,4045.9,19,2
11483,2026-07-02 10:49:24+05:30,4044.8,2,4047.31,655724,144605.0,147409.0,4100.0,4110.0,4016.1,4092.6,23660175,4501.8,3683.4,4440.0,3288.1,4044.4,1,1,4044.2,121,3,4044.0,1666,11,4043.9,11,1,4043.8,2,1,4044.8,367,1,4045.2,7,1,4045.7,22,1,4045.9,19,2,4046.0,178,8
11483,2026-07-02 10:49:24+05:30,4044.8,2,4047.31,655724,144605.0,147409.0,4100.0,4110.0,4016.1,4092.6,23660175,4501.8,3683.4,4440.0,3288.1,4044.4,1,1,4044.2,121,3,4044.0,1666,11,4043.9,11,1,4043.8,2,1,4044.8,367,1,4045.2,7,1,4045.7,22,1,4045.9,19,2,4046.0,178,8
11483,2026-07-02 10:49:25+05:30,4044.8,1,4047.31,655725,144693.0,147379.0,4100.0,4110.0,4016.1,4092.6,23660175,4501.8,3683.4,4440.0,3288.1,4044.7,5,1,4044.5,13,2,4044.4,1,1,4044.2,109,2,4044.0,1678,12,4044.8,375,2,4045.2,7,1,4045.7,22,1,4045.9,19,2,4046.0,178,8
11483,2026-07-02 10:49:25+05:30,4044.8,1,4047.31,655725,144693.0,147379.0,4100.0,4110.0,4016.1,4092.6,23660175,4501.8,3683.4,4440.0,3288.1,4044.7,5,1,4044.5,13,2,4044.4,1,1,4044.2,109,2,4044.0,1678,12,4044.8,375,2,4045.2,7,1,4045.7,22,1,4045.9,19,2,4046.0,178,8
11483,2026-07-02 10:49:25+05:30,4044.8,1,4047.31,655725,144693.0,147379.0,4100.0,4110.0,4016.1,4092.6,23660175,4501.8,3683.4,4440.0,3288.1,4044.7,5,1,4044.5,13,2,4044.4,1,1,4044.2,109,2,4044.0,1678,12,4044.8,375,2,4045.2,7,1,4045.7,22,1,4045.9,19,2,4046.0,178,8
11483,2026-07-02 10:49:26+05:30,4044.8,7,4047.31,655733,144698.0,147371.0,4100.0,4110.0,4016.1,4092.6,23660175,4501.8,3683.4,4440.0,3288.1,4044.7,5,1,4044.5,13,2,4044.4,1,1,4044.2,109,2,4044.0,1678,12,4044.8,367,2,4045.2,7,1,4045.7,22,1,4045.9,19,2,4046.0,178,8
11483,2026-07-02 10:49:26+05:30,4044.8,7,4047.31,655733,144698.0,147371.0,4100.0,4110.0,4016.1,4092.6,23660175,4501.8,3683.4,4440.0,3288.1,4044.7,5,1,4044.5,13,2,4044.4,1,1,4044.2,109,2,4044.0,1678,12,4044.8,367,2,4045.2,7,1,4045.7,22,1,4045.9,19,2,4046.0,178,8
11483,2026-07-02 10:49:26+05:30,4044.8,7,4047.31,655733,144698.0,147371.0,4100.0,4110.0,4016.1,4092.6,23660175,4501.8,3683.4,4440.0,3288.1,4044.7,5,1,4044.5,13,2,4044.4,1,1,4044.2,109,2,4044.0,1678,12,4044.8,367,2,4045.2,7,1,4045.7,22,1,4045.9,19,2,4046.0,178,8
11483,2026-07-02 10:49:27+05:30,4044.8,7,4047.31,655733,144698.0,147371.0,4100.0,4110.0,4016.1,4092.6,23660175,4501.8,3683.4,4440.0,3288.1,4044.7,5,1,4044.5,13,2,4044.4,1,1,4044.2,109,2,4044.0,1678,12,4044.8,367,2,4045.2,7,1,4045.7,22,1,4045.9,19,2,4046.0,178,8
11483,2026-07-02 10:49:27+05:30,4044.8,2,4047.31,655758,144718.0,147346.0,4100.0,4110.0,4016.1,4092.6,23660175,4501.8,3683.4,4440.0,3288.1,4044.7,5,1,4044.5,13,2,4044.2,109,2,4044.0,1678,12,4043.9,11,1,4044.8,342,2,4045.2,7,1,4045.7,22,1,4045.9,19,2,4046.0,178,8
11483,2026-07-02 10:49:27+05:30,4044.8,2,4047.31,655758,144718.0,147346.0,4100.0,4110.0,4016.1,4092.6,23660175,4501.8,3683.4,4440.0,3288.1,4044.7,5,1,4044.5,13,2,4044.2,109,2,4044.0,1678,12,4043.9,11,1,4044.8,342,2,4045.2,7,1,4045.7,22,1,4045.9,19,2,4046.0,178,8
11483,2026-07-02 10:49:27+05:30,4044.7,1,4047.31,655758,144718.0,147346.0,4100.0,4110.0,4016.1,4092.6,23660175,4501.8,3683.4,4440.0,3288.1,4044.7,5,1,4044.5,13,2,4044.2,109,2,4044.0,1678,12,4043.9,11,1,4044.8,342,2,4045.2,7,1,4045.7,22,1,4045.9,19,2,4046.0,178,8
11483,2026-07-02 10:49:28+05:30,4044.7,1,4047.31,655758,144718.0,147346.0,4100.0,4110.0,4016.1,4092.6,23660175,4501.8,3683.4,4440.0,3288.1,4044.7,5,1,4044.5,13,2,4044.2,109,2,4044.0,1678,12,4043.9,11,1,4044.8,342,2,4045.2,7,1,4045.7,22,1,4045.9,19,2,4046.0,178,8
11483,2026-07-02 10:49:28+05:30,4044.8,1,4047.31,655760,144700.0,147345.0,4100.0,4110.0,4016.1,4092.6,23660175,4501.8,3683.4,4440.0,3288.1,4044.7,4,1,4044.5,13,2,4044.2,109,2,4044.0,1678,12,4043.9,11,1,4044.8,341,2,4045.2,7,1,4045.7,22,1,4045.9,19,2,4046.0,178,8
11483,2026-07-02 10:49:28+05:30,4044.8,1,4047.31,655760,144700.0,147345.0,4100.0,4110.0,4016.1,4092.6,23660175,4501.8,3683.4,4440.0,3288.1,4044.7,4,1,4044.5,13,2,4044.2,109,2,4044.0,1678,12,4043.9,11,1,4044.8,341,2,4045.2,7,1,4045.7,22,1,4045.9,19,2,4046.0,178,8
11483,2026-07-02 10:49:28+05:30,4044.8,1,4047.31,655760,144700.0,147345.0,4100.0,4110.0,4016.1,4092.6,23660175,4501.8,3683.4,4440.0,3288.1,4044.7,4,1,4044.5,13,2,4044.2,109,2,4044.0,1678,12,4043.9,11,1,4044.8,341,2,4045.2,7,1,4045.7,22,1,4045.9,19,2,4046.0,178,8
11483,2026-07-02 10:49:28+05:30,4044.8,1,4047.31,655760,144700.0,147345.0,4100.0,4110.0,4016.1,4092.6,23660175,4501.8,3683.4,4440.0,3288.1,4044.7,4,1,4044.5,13,2,4044.2,109,2,4044.0,1678,12,4043.9,11,1,4044.8,341,2,4045.2,7,1,4045.7,22,1,4045.9,19,2,4046.0,178,8
11483,2026-07-02 10:49:29+05:30,4044.8,1,4047.31,655760,144700.0,147345.0,4100.0,4110.0,4016.1,4092.6,23660175,4501.8,3683.4,4440.0,3288.1,4044.7,4,1,4044.5,13,2,4044.2,109,2,4044.0,1678,12,4043.9,11,1,4044.8,341,2,4045.2,7,1,4045.7,22,1,4045.9,19,2,4046.0,178,8
11483,2026-07-02 10:49:29+05:30,4044.8,1,4047.31,655771,144716.0,147340.0,4100.0,4110.0,4016.1,4092.6,23660175,4501.8,3683.4,4440.0,3288.1,4044.7,4,1,4044.5,1,1,4044.2,109,2,4044.0,1678,12,4043.9,11,1,4044.8,330,2,4045.2,7,1,4045.7,22,1,4045.9,19,2,4046.0,178,8
11483,2026-07-02 10:49:29+05:30,4044.8,1,4047.31,655771,144716.0,147340.0,4100.0,4110.0,4016.1,4092.6,23660175,4501.8,3683.4,4440.0,3288.1,4044.7,4,1,4044.5,1,1,4044.2,109,2,4044.0,1678,12,4043.9,11,1,4044.8,330,2,4045.2,7,1,4045.7,22,1,4045.9,19,2,4046.0,178,8
11483,2026-07-02 10:49:29+05:30,4044.8,1,4047.31,655771,144716.0,147340.0,4100.0,4110.0,4016.1,4092.6,23662625,4501.8,3683.4,4440.0,3288.1,4044.7,4,1,4044.5,1,1,4044.2,109,2,4044.0,1678,12,4043.9,11,1,4044.8,330,2,4045.2,7,1,4045.7,22,1,4045.9,19,2,4046.0,178,8
11483,2026-07-02 10:49:29+05:30,4044.2,1,4047.31,655771,144716.0,147340.0,4100.0,4110.0,4016.1,4092.6,23662625,4501.8,3683.4,4440.0,3288.1,4044.7,4,1,4044.5,1,1,4044.2,109,2,4044.0,1678,12,4043.9,11,1,4044.8,330,2,4045.2,7,1,4045.7,22,1,4045.9,19,2,4046.0,178,8
11483,2026-07-02 10:49:29+05:30,4044.2,1,4047.31,655771,144716.0,147340.0,4100.0,4110.0,4016.1,4092.6,23662625,4501.8,3683.4,4440.0,3288.1,4044.7,4,1,4044.5,1,1,4044.2,109,2,4044.0,1678,12,4043.9,11,1,4044.8,330,2,4045.2,7,1,4045.7,22,1,4045.9,19,2,4046.0,178,8
11483,2026-07-02 10:49:30+05:30,4044.2,1,4047.31,655771,144716.0,147340.0,4100.0,4110.0,4016.1,4092.6,23662625,4501.8,3683.4,4440.0,3288.1,4044.7,4,1,4044.5,1,1,4044.2,109,2,4044.0,1678,12,4043.9,11,1,4044.8,330,2,4045.2,7,1,4045.7,22,1,4045.9,19,2,4046.0,178,8
11483,2026-07-02 10:49:30+05:30,4044.8,1,4047.31,655778,144684.0,147346.0,4100.0,4110.0,4016.1,4092.6,23662625,4501.8,3683.4,4440.0,3288.1,4044.2,129,3,4044.0,1657,11,4043.9,11,1,4043.8,2,1,4043.7,46,3,4044.8,329,2,4045.2,7,1,4045.7,22,1,4045.9,19,2,4046.0,178,8
11483,2026-07-02 10:49:30+05:30,4044.8,1,4047.31,655778,144684.0,147346.0,4100.0,4110.0,4016.1,4092.6,23662625,4501.8,3683.4,4440.0,3288.1,4044.2,129,3,4044.0,1657,11,4043.9,11,1,4043.8,2,1,4043.7,46,3,4044.8,329,2,4045.2,7,1,4045.7,22,1,4045.9,19,2,4046.0,178,8
11483,2026-07-02 10:49:30+05:30,4044.8,10,4047.31,655778,144684.0,147346.0,4100.0,4110.0,4016.1,4092.6,23662625,4501.8,3683.4,4440.0,3288.1,4044.2,129,3,4044.0,1657,11,4043.9,11,1,4043.8,2,1,4043.7,46,3,4044.8,329,2,4045.2,7,1,4045.7,22,1,4045.9,19,2,4046.0,178,8
11483,2026-07-02 10:49:30+05:30,4044.8,10,4047.31,655778,144684.0,147346.0,4100.0,4110.0,4016.1,4092.6,23662625,4501.8,3683.4,4440.0,3288.1,4044.2,129,3,4044.0,1657,11,4043.9,11,1,4043.8,2,1,4043.7,46,3,4044.8,329,2,4045.2,7,1,4045.7,22,1,4045.9,19,2,4046.0,178,8
11483,2026-07-02 10:49:31+05:30,4044.2,5,4047.31,655900,144484.0,146640.0,4100.0,4110.0,4016.1,4092.6,23662625,4501.8,3683.4,4440.0,3288.1,4044.2,127,3,4044.1,6,1,4044.0,1618,7,4043.9,11,1,4043.7,46,3,4044.5,1,1,4044.8,212,2,4045.2,7,1,4045.7,22,1,4045.9,19,2
11483,2026-07-02 10:49:31+05:30,4044.2,5,4047.31,655900,144484.0,146640.0,4100.0,4110.0,4016.1,4092.6,23662625,4501.8,3683.4,4440.0,3288.1,4044.2,127,3,4044.1,6,1,4044.0,1618,7,4043.9,11,1,4043.7,46,3,4044.5,1,1,4044.8,212,2,4045.2,7,1,4045.7,22,1,4045.9,19,2
11483,2026-07-02 10:49:31+05:30,4044.5,1,4047.31,655900,144484.0,146640.0,4100.0,4110.0,4016.1,4092.6,23662625,4501.8,3683.4,4440.0,3288.1,4044.2,127,3,4044.1,6,1,4044.0,1618,7,4043.9,11,1,4043.7,46,3,4044.5,1,1,4044.8,212,2,4045.2,7,1,4045.7,22,1,4045.9,19,2
11483,2026-07-02 10:49:32+05:30,4044.5,1,4047.31,655902,144489.0,146632.0,4100.0,4110.0,4016.1,4092.6,23662625,4501.8,3683.4,4440.0,3288.1,4044.3,1,1,4044.2,127,3,4044.1,6,1,4044.0,1618,7,4043.9,11,1,4044.5,1,1,4044.7,1,1,4044.8,203,1,4045.2,7,1,4045.7,22,1
11483,2026-07-02 10:49:32+05:30,4044.2,11,4047.31,655902,144489.0,146632.0,4100.0,4110.0,4016.1,4092.6,23662625,4501.8,3683.4,4440.0,3288.1,4044.3,1,1,4044.2,127,3,4044.1,6,1,4044.0,1618,7,4043.9,11,1,4044.5,1,1,4044.7,1,1,4044.8,203,1,4045.2,7,1,4045.7,22,1
11483,2026-07-02 10:49:33+05:30,4044.5,1,4047.31,655918,144498.0,146640.0,4100.0,4110.0,4016.1,4092.6,23662625,4501.8,3683.4,4440.0,3288.1,4044.2,116,3,4044.1,6,1,4044.0,1618,7,4043.9,11,1,4043.7,48,4,4044.5,3,3,4044.7,1,1,4044.8,203,1,4045.2,7,1,4045.7,22,1
11483,2026-07-02 10:49:33+05:30,4044.5,1,4047.31,655918,144498.0,146640.0,4100.0,4110.0,4016.1,4092.6,23662625,4501.8,3683.4,4440.0,3288.1,4044.2,116,3,4044.1,6,1,4044.0,1618,7,4043.9,11,1,4043.7,48,4,4044.5,3,3,4044.7,1,1,4044.8,203,1,4045.2,7,1,4045.7,22,1
11483,2026-07-02 10:49:34+05:30,4044.5,2,4047.31,655923,144489.0,146633.0,4100.0,4110.0,4016.1,4092.6,23662625,4501.8,3683.4,4440.0,3288.1,4044.3,3,1,4044.2,120,4,4044.0,1618,7,4043.9,11,1,4043.7,48,4,4044.5,1,1,4044.7,1,1,4044.8,203,1,4045.2,7,1,4045.7,22,1
11483,2026-07-02 10:49:34+05:30,4042.0,1,4047.31,655923,144489.0,146633.0,4100.0,4110.0,4016.1,4092.6,23662625,4501.8,3683.4,4440.0,3288.1,4044.3,3,1,4044.2,120,4,4044.0,1618,7,4043.9,11,1,4043.7,48,4,4044.5,1,1,4044.7,1,1,4044.8,203,1,4045.2,7,1,4045.7,22,1
11483,2026-07-02 10:49:35+05:30,4042.0,1,4047.29,660029,139492.0,149131.0,4100.0,4110.0,4016.1,4092.6,23662625,4501.8,3683.4,4440.0,3288.1,4042.0,198,1,4041.7,1,1,4041.6,1,1,4041.2,12,1,4041.1,1,1,4042.7,7,1,4042.8,16,2,4042.9,7,1,4043.0,7,1,4043.1,23,2
11483,2026-07-02 10:49:35+05:30,4042.0,33,4047.29,660029,139492.0,149131.0,4100.0,4110.0,4016.1,4092.6,23662625,4501.8,3683.4,4440.0,3288.1,4042.0,198,1,4041.7,1,1,4041.6,1,1,4041.2,12,1,4041.1,1,1,4042.7,7,1,4042.8,16,2,4042.9,7,1,4043.0,7,1,4043.1,23,2
11483,2026-07-02 10:49:36+05:30,4042.0,1,4047.29,660086,139651.0,149410.0,4100.0,4110.0,4016.1,4092.6,23662625,4501.8,3683.4,4440.0,3288.1,4042.0,161,1,4041.7,1,1,4041.6,1,1,4041.2,12,1,4041.1,1,1,4042.5,7,1,4042.6,17,2,4042.7,15,2,4042.8,7,1,4042.9,20,2
11483,2026-07-02 10:49:36+05:30,4042.0,1,4047.29,660086,139651.0,149410.0,4100.0,4110.0,4016.1,4092.6,23662625,4501.8,3683.4,4440.0,3288.1,4042.0,161,1,4041.7,1,1,4041.6,1,1,4041.2,12,1,4041.1,1,1,4042.5,7,1,4042.6,17,2,4042.7,15,2,4042.8,7,1,4042.9,20,2
11483,2026-07-02 10:49:37+05:30,4042.0,1,4047.29,660098,139645.0,149864.0,4100.0,4110.0,4016.1,4092.6,23662625,4501.8,3683.4,4440.0,3288.1,4042.0,149,1,4041.7,1,1,4041.6,1,1,4041.2,12,1,4041.1,1,1,4042.5,10,1,4042.6,17,2,4042.7,22,2,4042.8,7,1,4042.9,20,2
11483,2026-07-02 10:49:37+05:30,4042.5,1,4047.29,660098,139645.0,149864.0,4100.0,4110.0,4016.1,4092.6,23662625,4501.8,3683.4,4440.0,3288.1,4042.0,149,1,4041.7,1,1,4041.6,1,1,4041.2,12,1,4041.1,1,1,4042.5,10,1,4042.6,17,2,4042.7,22,2,4042.8,7,1,4042.9,20,2
11483,2026-07-02 10:49:38+05:30,4042.0,1,4047.29,660105,139620.0,149860.0,4100.0,4110.0,4016.1,4092.6,23662625,4501.8,3683.4,4440.0,3288.1,4042.0,148,1,4041.7,1,1,4041.6,1,1,4041.2,12,1,4041.1,1,1,4042.5,12,2,4042.6,10,1,4042.7,22,2,4042.8,7,1,4042.9,20,2
11483,2026-07-02 10:49:38+05:30,4042.0,1,4047.29,660105,139620.0,149860.0,4100.0,4110.0,4016.1,4092.6,23662625,4501.8,3683.4,4440.0,3288.1,4042.0,148,1,4041.7,1,1,4041.6,1,1,4041.2,12,1,4041.1,1,1,4042.5,12,2,4042.6,10,1,4042.7,22,2,4042.8,7,1,4042.9,20,2
11483,2026-07-02 10:49:39+05:30,4042.0,1,4047.29,660108,139918.0,149876.0,4100.0,4110.0,4016.1,4092.6,23662625,4501.8,3683.4,4440.0,3288.1,4042.0,147,1,4041.7,1,1,4041.6,1,1,4041.2,12,1,4041.1,1,1,4042.5,10,2,4042.6,10,1,4042.7,22,2,4042.8,7,1,4042.9,20,2
11483,2026-07-02 10:49:39+05:30,4042.0,1,4047.29,660108,139918.0,149876.0,4100.0,4110.0,4016.1,4092.6,23662625,4501.8,3683.4,4440.0,3288.1,4042.0,147,1,4041.7,1,1,4041.6,1,1,4041.2,12,1,4041.1,1,1,4042.5,10,2,4042.6,10,1,4042.7,22,2,4042.8,7,1,4042.9,20,2
11483,2026-07-02 10:49:40+05:30,4042.0,1,4047.29,660109,139920.0,149710.0,4100.0,4110.0,4016.1,4092.6,23662625,4501.8,3683.4,4440.0,3288.1,4042.0,146,1,4041.7,1,1,4041.6,1,1,4041.2,12,1,4041.1,1,1,4042.5,8,1,4042.6,10,1,4042.7,22,2,4042.8,7,1,4042.9,20,2
11483,2026-07-02 10:49:40+05:30,4042.0,1,4047.29,660109,139920.0,149710.0,4100.0,4110.0,4016.1,4092.6,23662625,4501.8,3683.4,4440.0,3288.1,4042.0,146,1,4041.7,1,1,4041.6,1,1,4041.2,12,1,4041.1,1,1,4042.5,8,1,4042.6,10,1,4042.7,22,2,4042.8,7,1,4042.9,20,2
11483,2026-07-02 10:49:41+05:30,4042.0,1,4047.29,660110,139846.0,149797.0,4100.0,4110.0,4016.1,4092.6,23662625,4501.8,3683.4,4440.0,3288.1,4042.0,145,1,4041.7,1,1,4041.6,1,1,4041.1,1,1,4041.0,30,3,4042.3,1,1,4042.5,18,2,4042.6,10,1,4042.7,34,3,4042.8,7,1
11483,2026-07-02 10:49:41+05:30,4042.0,1,4047.29,660110,139846.0,149797.0,4100.0,4110.0,4016.1,4092.6,23662625,4501.8,3683.4,4440.0,3288.1,4042.0,145,1,4041.7,1,1,4041.6,1,1,4041.1,1,1,4041.0,30,3,4042.3,1,1,4042.5,18,2,4042.6,10,1,4042.7,34,3,4042.8,7,1
11483,2026-07-02 10:49:42+05:30,4042.1,1,4047.29,660111,139852.0,149672.0,4100.0,4110.0,4016.1,4092.6,23662625,4501.8,3683.4,4440.0,3288.1,4042.1,1,1,4042.0,145,1,4041.7,1,1,4041.6,1,1,4041.1,3,2,4042.3,1,1,4042.5,10,1,4042.6,10,1,4042.7,34,3,4042.8,7,1
11483,2026-07-02 10:49:42+05:30,4042.1,1,4047.29,660111,139852.0,149672.0,4100.0,4110.0,4016.1,4092.6,23662625,4501.8,3683.4,4440.0,3288.1,4042.1,1,1,4042.0,145,1,4041.7,1,1,4041.6,1,1,4041.1,3,2,4042.3,1,1,4042.5,10,1,4042.6,10,1,4042.7,34,3,4042.8,7,1
11483,2026-07-02 10:49:43+05:30,4042.1,1,4047.28,662612,140119.0,148641.0,4100.0,4110.0,4016.1,4092.6,23662625,4501.8,3683.4,4440.0,3288.1,4042.1,1,1,4042.0,145,1,4041.7,1,1,4041.6,1,1,4041.2,13,1,4043.5,73,4,4043.6,186,7,4043.7,115,5,4043.8,100,6,4043.9,303,16
11483,2026-07-02 10:49:43+05:30,4042.0,21,4047.28,662612,140119.0,148641.0,4100.0,4110.0,4016.1,4092.6,23662625,4501.8,3683.4,4440.0,3288.1,4042.1,1,1,4042.0,145,1,4041.7,1,1,4041.6,1,1,4041.2,13,1,4043.5,73,4,4043.6,186,7,4043.7,115,5,4043.8,100,6,4043.9,303,16
11483,2026-07-02 10:49:44+05:30,4042.0,1,4047.28,662635,140152.0,149025.0,4100.0,4110.0,4016.1,4092.6,23662625,4501.8,3683.4,4440.0,3288.1,4042.0,123,1,4041.7,1,1,4041.6,1,1,4041.2,13,1,4041.1,3,2,4043.2,10,1,4043.3,43,4,4043.4,21,2,4043.5,149,8,4043.6,141,5
11483,2026-07-02 10:49:44+05:30,4042.0,1,4047.28,662635,140152.0,149025.0,4100.0,4110.0,4016.1,4092.6,23662625,4501.8,3683.4,4440.0,3288.1,4042.0,123,1,4041.7,1,1,4041.6,1,1,4041.2,13,1,4041.1,3,2,4043.2,10,1,4043.3,43,4,4043.4,21,2,4043.5,149,8,4043.6,141,5
11483,2026-07-02 10:49:45+05:30,4042.0,1,4047.28,662681,140413.0,148319.0,4100.0,4110.0,4016.1,4092.6,23662625,4501.8,3683.4,4440.0,3288.1,4042.5,100,1,4042.0,122,1,4041.7,1,1,4041.6,1,1,4041.5,13,1,4043.4,1,1,4043.5,74,4,4043.6,68,2,4043.7,61,2,4043.8,85,3
11483,2026-07-02 10:49:45+05:30,4042.5,1,4047.28,662681,140413.0,148319.0,4100.0,4110.0,4016.1,4092.6,23662625,4501.8,3683.4,4440.0,3288.1,4042.5,100,1,4042.0,122,1,4041.7,1,1,4041.6,1,1,4041.5,13,1,4043.4,1,1,4043.5,74,4,4043.6,68,2,4043.7,61,2,4043.8,85,3
11483,2026-07-02 10:49:46+05:30,4043.0,1,4047.28,662690,140641.0,148383.0,4100.0,4110.0,4016.1,4092.6,23662625,4501.8,3683.4,4440.0,3288.1,4043.0,2,2,4042.5,99,1,4042.0,122,1,4041.8,13,1,4041.7,1,1,4043.4,6,3,4043.5,17,2,4043.7,12,1,4043.8,20,1,4043.9,280,12
11483,2026-07-02 10:49:46+05:30,4042.5,6,4047.28,662690,140641.0,148383.0,4100.0,4110.0,4016.1,4092.6,23662625,4501.8,3683.4,4440.0,3288.1,4043.0,2,2,4042.5,99,1,4042.0,122,1,4041.8,13,1,4041.7,1,1,4043.4,6,3,4043.5,17,2,4043.7,12,1,4043.8,20,1,4043.9,280,12
11483,2026-07-02 10:49:47+05:30,4042.5,1,4047.28,662701,140610.0,148438.0,4100.0,4110.0,4016.1,4092.6,23662625,4501.8,3683.4,4440.0,3288.1,4042.5,92,1,4042.0,122,1,4041.8,13,1,4041.7,1,1,4041.6,1,1,4043.4,11,4,4043.5,17,2,4043.7,12,1,4043.8,20,1,4043.9,309,13
11483,2026-07-02 10:49:47+05:30,4042.5,1,4047.28,662701,140610.0,148438.0,4100.0,4110.0,4016.1,4092.6,23662625,4501.8,3683.4,4440.0,3288.1,4042.5,92,1,4042.0,122,1,4041.8,13,1,4041.7,1,1,4041.6,1,1,4043.4,11,4,4043.5,17,2,4043.7,12,1,4043.8,20,1,4043.9,309,13
11483,2026-07-02 10:49:48+05:30,4042.5,1,4047.28,662703,140531.0,148441.0,4100.0,4110.0,4016.1,4092.6,23662625,4501.8,3683.4,4440.0,3288.1,4042.5,90,1,4042.0,122,1,4041.8,13,1,4041.7,1,1,4041.6,1,1,4043.4,11,4,4043.5,16,1,4043.7,12,1,4043.8,20,1,4043.9,309,13
11483,2026-07-02 10:49:48+05:30,4042.5,1,4047.28,662703,140531.0,148441.0,4100.0,4110.0,4016.1,4092.6,23662625,4501.8,3683.4,4440.0,3288.1,4042.5,90,1,4042.0,122,1,4041.8,13,1,4041.7,1,1,4041.6,1,1,4043.4,11,4,4043.5,16,1,4043.7,12,1,4043.8,20,1,4043.9,309,13
11483,2026-07-02 10:49:49+05:30,4042.5,1,4047.28,662715,140574.0,148642.0,4100.0,4110.0,4016.1,4092.6,23662625,4501.8,3683.4,4440.0,3288.1,4042.5,78,1,4042.0,122,1,4041.7,1,1,4041.6,30,2,4041.5,13,1,4043.4,21,5,4043.5,16,1,4043.7,12,1,4043.8,60,2,4043.9,309,13
11483,2026-07-02 10:49:49+05:30,4042.5,1,4047.28,662715,140574.0,148642.0,4100.0,4110.0,4016.1,4092.6,23662625,4501.8,3683.4,4440.0,3288.1,4042.5,78,1,4042.0,122,1,4041.7,1,1,4041.6,30,2,4041.5,13,1,4043.4,21,5,4043.5,16,1,4043.7,12,1,4043.8,60,2,4043.9,309,13
11483,2026-07-02 10:49:50+05:30,4042.5,1,4047.28,662716,140543.0,148675.0,4100.0,4110.0,4016.1,4092.6,23662625,4501.8,3683.4,4440.0,3288.1,4042.5,77,1,4042.0,122,1,4041.7,1,1,4041.6,1,1,4041.5,13,1,4043.4,32,6,4043.5,16,1,4043.6,6,1,4043.7,12,1,4043.8,62,3
11483,2026-07-02 10:49:50+05:30,4042.5,5,4047.28,662716,140543.0,148675.0,4100.0,4110.0,4016.1,4092.6,23662625,4501.8,3683.4,4440.0,3288.1,4042.5,77,1,4042.0,122,1,4041.7,1,1,4041.6,1,1,4041.5,13,1,4043.4,32,6,4043.5,16,1,4043.6,6,1,4043.7,12,1,4043.8,62,3
11483,2026-07-02 10:49:51+05:30,4042.9,4,4047.28,662726,140530.0,148658.0,4100.0,4110.0,4016.1,4092.6,23662625,4501.8,3683.4,4440.0,3288.1,4042.5,71,1,4042.0,122,1,4041.7,1,1,4041.6,1,1,4041.4,32,2,4042.9,2,1,4043.4,21,5,4043.5,16,1,4043.7,29,2,4043.8,72,3
11483,2026-07-02 10:49:51+05:30,4042.9,1,4047.28,662726,140530.0,148658.0,4100.0,4110.0,4016.1,4092.6,23662625,4501.8,3683.4,4440.0,3288.1,4042.5,71,1,4042.0,122,1,4041.7,1,1,4041.6,1,1,4041.4,32,2,4042.9,2,1,4043.4,21,5,4043.5,16,1,4043.7,29,2,4043.8,72,3
11483,2026-07-02 10:49:52+05:30,4042.9,5,4047.28,662735,140513.0,149035.0,4100.0,4110.0,4016.1,4092.6,23662625,4501.8,3683.4,4440.0,3288.1,4042.7,1,1,4042.5,71,1,4042.0,122,1,4041.7,1,1,4041.6,1,1,4042.9,2,1,4043.4,13,3,4043.5,16,1,4043.6,2,1,4043.7,77,3
11483,2026-07-02 10:49:52+05:30,4042.9,1,4047.28,662735,140513.0,149035.0,4100.0,4110.0,4016.1,4092.6,23662625,4501.8,3683.4,4440.0,3288.1,4042.7,1,1,4042.5,71,1,4042.0,122,1,4041.7,1,1,4041.6,1,1,4042.9,2,1,4043.4,13,3,4043.5,16,1,4043.6,2,1,4043.7,77,3
11483,2026-07-02 10:49:53+05:30,4043.0,1,4047.28,662741,140501.0,148693.0,4100.0,4110.0,4016.1,4092.6,23662625,4501.8,3683.4,4440.0,3288.1,4043.0,20,1,4042.7,1,1,4042.5,71,1,4042.0,134,2,4041.7,1,1,4043.4,14,4,4043.5,16,1,4043.7,29,2,4043.8,20,1,4043.9,21,2
11483,2026-07-02 10:49:53+05:30,4044.0,100,4047.28,662741,140501.0,148693.0,4100.0,4110.0,4016.1,4092.6,23662625,4501.8,3683.4,4440.0,3288.1,4043.0,20,1,4042.7,1,1,4042.5,71,1,4042.0,134,2,4041.7,1,1,4043.4,14,4,4043.5,16,1,4043.7,29,2,4043.8,20,1,4043.9,21,2
11483,2026-07-02 10:49:54+05:30,4044.0,1,4047.27,664625,142491.0,146388.0,4100.0,4110.0,4016.1,4092.6,23662625,4501.8,3683.4,4440.0,3288.1,4044.0,399,1,4043.4,3,2,4043.3,18,2,4043.2,29,2,4043.0,62,3,4044.5,29,1,4044.8,203,1,4045.2,7,1,4045.4,12,1,4045.5,12,1
11483,2026-07-02 10:49:54+05:30,4044.0,11,4047.27,664625,142491.0,146388.0,4100.0,4110.0,4016.1,4092.6,23662625,4501.8,3683.4,4440.0,3288.1,4044.0,399,1,4043.4,3,2,4043.3,18,2,4043.2,29,2,4043.0,62,3,4044.5,29,1,4044.8,203,1,4045.2,7,1,4045.4,12,1,4045.5,12,1
11483,2026-07-02 10:49:55+05:30,4044.0,1,4047.27,664638,142636.0,146939.0,4100.0,4110.0,4016.1,4092.6,23662625,4501.8,3683.4,4440.0,3288.1,4044.0,386,1,4043.4,1,1,4043.3,15,1,4043.0,40,2,4042.9,6,1,4044.5,37,2,4044.6,12,1,4044.8,203,1,4044.9,12,1,4045.0,14,1
11483,2026-07-02 10:49:55+05:30,4044.0,1,4047.27,664638,142636.0,146939.0,4100.0,4110.0,4016.1,4092.6,23662625,4501.8,3683.4,4440.0,3288.1,4044.0,386,1,4043.4,1,1,4043.3,15,1,4043.0,40,2,4042.9,6,1,4044.5,37,2,4044.6,12,1,4044.8,203,1,4044.9,12,1,4045.0,14,1
11483,2026-07-02 10:49:56+05:30,4044.0,1,4047.27,664639,142729.0,146999.0,4100.0,4110.0,4016.1,4092.6,23662625,4501.8,3683.4,4440.0,3288.1,4044.0,385,1,4043.4,1,1,4043.3,15,1,4043.0,40,2,4042.9,6,1,4044.5,37,2,4044.6,12,1,4044.8,203,1,4044.9,12,1,4045.0,14,1
11483,2026-07-02 10:49:56+05:30,4044.0,1,4047.27,664639,142729.0,146999.0,4100.0,4110.0,4016.1,4092.6,23662625,4501.8,3683.4,4440.0,3288.1,4044.0,385,1,4043.4,1,1,4043.3,15,1,4043.0,40,2,4042.9,6,1,4044.5,37,2,4044.6,12,1,4044.8,203,1,4044.9,12,1,4045.0,14,1
11483,2026-07-02 10:49:57+05:30,4044.0,1,4047.27,664643,142714.0,146458.0,4100.0,4110.0,4016.1,4092.6,23662625,4501.8,3683.4,4440.0,3288.1,4044.0,384,1,4043.0,40,2,4042.9,2,1,4042.8,40,2,4042.7,12,1,4044.5,46,3,4044.8,203,1,4044.9,12,1,4045.0,14,1,4045.2,85,5
11483,2026-07-02 10:49:57+05:30,4044.5,10,4047.27,664643,142714.0,146458.0,4100.0,4110.0,4016.1,4092.6,23662625,4501.8,3683.4,4440.0,3288.1,4044.0,384,1,4043.0,40,2,4042.9,2,1,4042.8,40,2,4042.7,12,1,4044.5,46,3,4044.8,203,1,4044.9,12,1,4045.0,14,1,4045.2,85,5
11483,2026-07-02 10:49:58+05:30,4044.0,1,4047.27,664654,142713.0,146440.0,4100.0,4110.0,4016.1,4092.6,23662625,4501.8,3683.4,4440.0,3288.1,4044.0,383,1,4043.0,40,2,4042.8,42,3,4042.7,12,1,4042.6,210,3,4044.5,36,3,4044.8,203,1,4044.9,12,1,4045.0,64,2,4045.2,85,5
11483,2026-07-02 10:49:58+05:30,4044.5,7,4047.27,664654,142713.0,146440.0,4100.0,4110.0,4016.1,4092.6,23662625,4501.8,3683.4,4440.0,3288.1,4044.0,383,1,4043.0,40,2,4042.8,42,3,4042.7,12,1,4042.6,210,3,4044.5,36,3,4044.8,203,1,4044.9,12,1,4045.0,64,2,4045.2,85,5
11483,2026-07-02 10:49:59+05:30,4044.0,1,4047.27,664672,142761.0,146523.0,4100.0,4110.0,4016.1,4092.6,23662625,4501.8,3683.4,4440.0,3288.1,4044.0,372,1,4043.1,2,1,4043.0,40,2,4042.8,44,3,4042.7,12,1,4044.5,17,2,4044.8,203,1,4044.9,12,1,4045.0,50,1,4045.2,53,4
11483,2026-07-02 10:49:59+05:30,4044.0,1,4047.27,664672,142761.0,146523.0,4100.0,4110.0,4016.1,4092.6,23662625,4501.8,3683.4,4440.0,3288.1,4044.0,372,1,4043.1,2,1,4043.0,40,2,4042.8,44,3,4042.7,12,1,4044.5,17,2,4044.8,203,1,4044.9,12,1,4045.0,50,1,4045.2,53,4
11483,2026-07-02 10:50:00+05:30,4044.0,1,4047.27,664674,142764.0,146537.0,4100.0,4110.0,4016.1,4092.6,23662625,4501.8,3683.4,4440.0,3288.1,4044.0,370,1,4043.0,60,3,4042.8,51,4,4042.7,12,1,4042.6,210,3,4044.5,17,2,4044.8,203,1,4044.9,12,1,4045.0,50,1,4045.2,86,5
11483,2026-07-02 10:50:00+05:30,4044.0,1,4047.27,664674,142764.0,146537.0,4100.0,4110.0,4016.1,4092.6,23662625,4501.8,3683.4,4440.0,3288.1,4044.0,370,1,4043.0,60,3,4042.8,51,4,4042.7,12,1,4042.6,210,3,4044.5,17,2,4044.8,203,1,4044.9,12,1,4045.0,50,1,4045.2,86,5
11483,2026-07-02 10:50:01+05:30,4044.0,1,4047.27,664793,142784.0,146370.0,4100.0,4110.0,4016.1,4092.6,23662625,4501.8,3683.4,4440.0,3288.1,4044.0,369,1,4043.1,2,1,4043.0,73,4,4042.8,49,3,4042.7,12,1,4044.3,1,1,4044.5,1,1,4044.8,102,1,4044.9,12,1,4045.0,50,1
11483,2026-07-02 10:50:01+05:30,4044.0,50,4047.27,664793,142784.0,146370.0,4100.0,4110.0,4016.1,4092.6,23662625,4501.8,3683.4,4440.0,3288.1,4044.0,369,1,4043.1,2,1,4043.0,73,4,4042.8,49,3,4042.7,12,1,4044.3,1,1,4044.5,1,1,4044.8,102,1,4044.9,12,1,4045.0,50,1
11483,2026-07-02 10:50:02+05:30,4044.3,1,4047.27,664846,142401.0,146377.0,4100.0,4110.0,4016.1,4092.6,23662625,4501.8,3683.4,4440.0,3288.1,4044.1,1,1,4044.0,319,1,4043.1,2,1,4043.0,73,4,4042.8,100,5,4044.3,1,1,4044.5,1,1,4044.8,102,1,4044.9,12,1,4045.0,50,1
11483,2026-07-02 10:50:02+05:30,4044.3,2,4047.27,664846,142401.0,146377.0,4100.0,4110.0,4016.1,4092.6,23662625,4501.8,3683.4,4440.0,3288.1,4044.1,1,1,4044.0,319,1,4043.1,2,1,4043.0,73,4,4042.8,100,5,4044.3,1,1,4044.5,1,1,4044.8,102,1,4044.9,12,1,4045.0,50,1
11483,2026-07-02 10:50:03+05:30,4044.1,1,4047.27,664849,142404.0,146382.0,4100.0,4110.0,4016.1,4092.6,23662625,4501.8,3683.4,4440.0,3288.1,4044.0,340,2,4043.8,11,1,4043.0,73,4,4042.9,2,1,4042.8,87,4,4044.3,2,2,4044.5,1,1,4044.8,102,1,4044.9,12,1,4045.0,50,1
11483,2026-07-02 10:50:03+05:30,4044.8,4,4047.27,664849,142404.0,146382.0,4100.0,4110.0,4016.1,4092.6,23662625,4501.8,3683.4,4440.0,3288.1,4044.0,340,2,4043.8,11,1,4043.0,73,4,4042.9,2,1,4042.8,87,4,4044.3,2,2,4044.5,1,1,4044.8,102,1,4044.9,12,1,4045.0,50,1
11483,2026-07-02 10:50:04+05:30,4044.0,1,4047.27,664887,142329.0,146175.0,4100.0,4110.0,4016.1,4092.6,23662625,4501.8,3683.4,4440.0,3288.1,4044.1,3,1,4044.0,328,2,4043.8,11,1,4043.0,73,4,4042.9,7,1,4044.8,98,1,4044.9,12,1,4045.0,50,1,4045.2,53,4,4045.4,58,3
11483,2026-07-02 10:50:04+05:30,4044.0,1,4047.27,664887,142329.0,146175.0,4100.0,4110.0,4016.1,4092.6,23662625,4501.8,3683.4,4440.0,3288.1,4044.1,3,1,4044.0,328,2,4043.8,11,1,4043.0,73,4,4042.9,7,1,4044.8,98,1,4044.9,12,1,4045.0,50,1,4045.2,53,4,4045.4,58,3
11483,2026-07-02 10:50:05+05:30,4044.1,1,4047.27,664888,141840.0,146275.0,4100.0,4110.0,4016.1,4092.6,23662625,4501.8,3683.4,4440.0,3288.1,4044.1,2,1,4044.0,328,2,4043.8,11,1,4043.0,75,5,4042.9,17,2,4044.8,112,3,4045.0,50,1,4045.2,53,4,4045.4,58,3,4045.5,95,3
11483,2026-07-02 10:50:05+05:30,4044.8,11,4047.27,664888,141840.0,146275.0,4100.0,4110.0,4016.1,4092.6,23662625,4501.8,3683.4,4440.0,3288.1,4044.1,2,1,4044.0,328,2,4043.8,11,1,4043.0,75,5,4042.9,17,2,4044.8,112,3,4045.0,50,1,4045.2,53,4,4045.4,58,3,4045.5,95,3
11483,2026-07-02 10:50:06+05:30,4044.1,1,4047.27,664908,141838.0,146225.0,4100.0,4110.0,4016.1,4092.6,23662625,4501.8,3683.4,4440.0,3288.1,4044.1,1,1,4044.0,328,2,4043.8,11,1,4043.1,2,1,4043.0,73,4,4044.8,93,3,4045.0,50,1,4045.2,53,4,4045.4,58,3,4045.5,61,2
11483,2026-07-02 10:50:06+05:30,4044.8,5,4047.27,664908,141838.0,146225.0,4100.0,4110.0,4016.1,4092.6,23662625,4501.8,3683.4,4440.0,3288.1,4044.1,1,1,4044.0,328,2,4043.8,11,1,4043.1,2,1,4043.0,73,4,4044.8,93,3,4045.0,50,1,4045.2,53,4,4045.4,58,3,4045.5,61,2
11483,2026-07-02 10:50:07+05:30,4044.5,1,4047.27,664941,141696.0,146250.0,4100.0,4110.0,4016.1,4092.6,23662625,4501.8,3683.4,4440.0,3288.1,4044.5,1,1,4044.0,328,2,4043.8,11,1,4043.1,2,1,4043.0,53,3,4044.8,61,3,4045.0,50,1,4045.2,36,3,4045.4,58,3,4045.5,61,2
11483,2026-07-02 10:50:07+05:30,4044.5,1,4047.27,664941,141696.0,146250.0,4100.0,4110.0,4016.1,4092.6,23662625,4501.8,3683.4,4440.0,3288.1,4044.5,1,1,4044.0,328,2,4043.8,11,1,4043.1,2,1,4043.0,53,3,4044.8,61,3,4045.0,50,1,4045.2,36,3,4045.4,58,3,4045.5,61,2
11483,2026-07-02 10:50:08+05:30,4044.5,1,4047.27,664942,142332.0,146231.0,4100.0,4110.0,4016.1,4092.6,23662625,4501.8,3683.4,4440.0,3288.1,4044.5,10,1,4044.0,328,2,4043.8,11,1,4043.5,500,1,4043.1,2,1,4044.8,61,3,4045.0,50,1,4045.2,19,2,4045.4,58,3,4045.5,61,2
11483,2026-07-02 10:50:08+05:30,4044.0,37,4047.27,664942,142332.0,146231.0,4100.0,4110.0,4016.1,4092.6,23662625,4501.8,3683.4,4440.0,3288.1,4044.5,10,1,4044.0,328,2,4043.8,11,1,4043.5,500,1,4043.1,2,1,4044.8,61,3,4045.0,50,1,4045.2,19,2,4045.4,58,3,4045.5,61,2
11483,2026-07-02 10:50:09+05:30,4044.0,1,4047.27,664991,142272.0,146155.0,4100.0,4110.0,4016.1,4092.6,23662625,4501.8,3683.4,4440.0,3288.1,4044.0,290,2,4043.8,11,1,4043.5,519,2,4043.3,24,2,4043.2,60,2,4044.8,1,1,4045.0,50,1,4045.2,19,2,4045.4,19,1,4045.5,12,1
11483,2026-07-02 10:50:09+05:30,4044.0,1,4047.27,664991,142272.0,146155.0,4100.0,4110.0,4016.1,4092.6,23662625,4501.8,3683.4,4440.0,3288.1,4044.0,290,2,4043.8,11,1,4043.5,519,2,4043.3,24,2,4043.2,60,2,4044.8,1,1,4045.0,50,1,4045.2,19,2,4045.4,19,1,4045.5,12,1
11483,2026-07-02 10:50:10+05:30,4044.0,90,4047.27,665082,142191.0,146257.0,4100.0,4110.0,4016.1,4092.6,23662625,4501.8,3683.4,4440.0,3288.1,4044.0,199,2,4043.8,11,1,4043.5,519,2,4043.3,24,2,4043.2,60,2,4044.8,1,1,4045.0,50,1,4045.2,19,2,4045.4,19,1,4045.5,12,1
11483,2026-07-02 10:50:10+05:30,4044.0,90,4047.27,665082,142191.0,146257.0,4100.0,4110.0,4016.1,4092.6,23662625,4501.8,3683.4,4440.0,3288.1,4044.0,199,2,4043.8,11,1,4043.5,519,2,4043.3,24,2,4043.2,60,2,4044.8,1,1,4045.0,50,1,4045.2,19,2,4045.4,19,1,4045.5,12,1
11483,2026-07-02 10:50:11+05:30,4044.0,90,4047.27,665082,142135.0,146451.0,4100.0,4110.0,4016.1,4092.6,23662625,4501.8,3683.4,4440.0,3288.1,4044.0,199,2,4043.8,11,1,4043.5,500,1,4043.3,24,2,4043.2,41,2,4044.4,1,1,4044.8,1,1,4045.0,50,1,4045.2,19,2,4045.4,19,1
11483,2026-07-02 10:50:11+05:30,4044.4,1,4047.27,665082,142135.0,146451.0,4100.0,4110.0,4016.1,4092.6,23662625,4501.8,3683.4,4440.0,3288.1,4044.0,199,2,4043.8,11,1,4043.5,500,1,4043.3,24,2,4043.2,41,2,4044.4,1,1,4044.8,1,1,4045.0,50,1,4045.2,19,2,4045.4,19,1
11483,2026-07-02 10:50:12+05:30,4044.4,1,4047.27,665133,142152.0,146482.0,4100.0,4110.0,4016.1,4092.6,23662625,4501.8,3683.4,4440.0,3288.1,4044.2,1,1,4044.0,169,3,4043.8,11,1,4043.5,500,1,4043.3,24,2,4044.4,1,1,4045.0,50,1,4045.2,7,1,4045.4,19,1,4045.5,89,3
11483,2026-07-02 10:50:13+05:30,4045.9,25,4047.26,665295,142424.0,145443.0,4100.0,4110.0,4016.1,4092.6,23662625,4501.8,3683.4,4440.0,3288.1,4045.0,189,1,4044.2,1,1,4044.1,7,1,4044.0,169,3,4043.9,14,2,4046.0,113,7,4046.1,22,1,4046.2,30,2,4046.3,82,4,4046.4,89,7
11483,2026-07-02 10:50:13+05:30,4045.9,25,4047.26,665295,142424.0,145443.0,4100.0,4110.0,4016.1,4092.6,23662625,4501.8,3683.4,4440.0,3288.1,4045.0,189,1,4044.2,1,1,4044.1,7,1,4044.0,169,3,4043.9,14,2,4046.0,113,7,4046.1,22,1,4046.2,30,2,4046.3,82,4,4046.4,89,7
11483,2026-07-02 10:50:14+05:30,4045.9,25,4047.26,665295,142520.0,145466.0,4100.0,4110.0,4016.1,4092.6,23662625,4501.8,3683.4,4440.0,3288.1,4045.0,189,1,4044.2,1,1,4044.1,7,1,4044.0,199,4,4043.9,23,2,4046.0,115,8,4046.1,22,1,4046.2,30,2,4046.3,82,4,4046.4,89,7
11483,2026-07-02 10:50:15+05:30,4046.0,31,4047.26,665338,142486.0,145456.0,4100.0,4110.0,4016.1,4092.6,23662625,4501.8,3683.4,4440.0,3288.1,4045.0,189,1,4044.2,1,1,4044.1,7,1,4044.0,199,4,4043.9,25,3,4046.0,74,8,4046.1,22,1,4046.2,30,2,4046.3,82,4,4046.4,77,6
11483,2026-07-02 10:50:15+05:30,4046.0,31,4047.26,665338,142486.0,145456.0,4100.0,4110.0,4016.1,4092.6,23662625,4501.8,3683.4,4440.0,3288.1,4045.0,189,1,4044.2,1,1,4044.1,7,1,4044.0,199,4,4043.9,25,3,4046.0,74,8,4046.1,22,1,4046.2,30,2,4046.3,82,4,4046.4,77,6
11483,2026-07-02 10:50:16+05:30,4046.0,4,4047.26,665346,143009.0,145165.0,4100.0,4110.0,4016.1,4092.6,23662625,4501.8,3683.4,4440.0,3288.1,4045.0,189,1,4044.2,69,4,4044.1,7,1,4044.0,233,6,4043.9,23,2,4046.0,66,8,4046.1,22,1,4046.3,84,5,4046.4,77,6,4046.5,49,1
11483,2026-07-02 10:50:16+05:30,4046.0,4,4047.26,665346,143009.0,145165.0,4100.0,4110.0,4016.1,4092.6,23662625,4501.8,3683.4,4440.0,3288.1,4045.0,189,1,4044.2,69,4,4044.1,7,1,4044.0,233,6,4043.9,23,2,4046.0,66,8,4046.1,22,1,4046.3,84,5,4046.4,77,6,4046.5,49,1
11483,2026-07-02 10:50:17+05:30,4046.0,4,4047.26,665350,143083.0,145270.0,4100.0,4110.0,4016.1,4092.6,23662625,4501.8,3683.4,4440.0,3288.1,4045.0,189,1,4044.2,68,3,4044.1,7,1,4044.0,231,5,4043.9,25,3,4046.0,62,8,4046.3,84,5,4046.4,43,4,4046.5,49,1,4046.6,51,2
11483,2026-07-02 10:50:17+05:30,4046.0,1,4047.26,665350,143083.0,145270.0,4100.0,4110.0,4016.1,4092.6,23662625,4501.8,3683.4,4440.0,3288.1,4045.0,189,1,4044.2,68,3,4044.1,7,1,4044.0,231,5,4043.9,25,3,4046.0,62,8,4046.3,84,5,4046.4,43,4,4046.5,49,1,4046.6,51,2
11483,2026-07-02 10:50:18+05:30,4046.0,1,4047.26,665351,143243.0,145203.0,4100.0,4110.0,4016.1,4092.6,23662625,4501.8,3683.4,4440.0,3288.1,4045.0,189,1,4044.3,57,3,4044.2,56,2,4044.1,12,2,4044.0,256,8,4046.0,61,8,4046.3,84,5,4046.4,39,3,4046.5,87,2,4046.6,49,1
11483,2026-07-02 10:50:19+05:30,4046.0,9,4047.26,665362,143242.0,145162.0,4100.0,4110.0,4016.1,4092.6,23662625,4501.8,3683.4,4440.0,3288.1,4045.0,189,1,4044.3,57,3,4044.2,67,3,4044.1,12,2,4044.0,245,7,4046.0,50,7,4046.3,84,5,4046.4,39,3,4046.5,49,1,4046.6,51,2
11483,2026-07-02 10:50:19+05:30,4046.0,9,4047.26,665362,143242.0,145162.0,4100.0,4110.0,4016.1,4092.6,23662625,4501.8,3683.4,4440.0,3288.1,4045.0,189,1,4044.3,57,3,4044.2,67,3,4044.1,12,2,4044.0,245,7,4046.0,50,7,4046.3,84,5,4046.4,39,3,4046.5,49,1,4046.6,51,2
11483,2026-07-02 10:50:20+05:30,4046.0,9,4047.26,665362,143401.0,145146.0,4100.0,4110.0,4016.1,4092.6,23662625,4501.8,3683.4,4440.0,3288.1,4045.0,189,1,4044.3,84,4,4044.2,67,3,4044.1,45,4,4044.0,245,7,4046.0,50,7,4046.3,84,5,4046.4,39,3,4046.5,49,1,4046.6,51,2
11483,2026-07-02 10:50:21+05:30,4046.0,9,4047.26,665362,143455.0,145213.0,4100.0,4110.0,4016.1,4092.6,23662625,4501.8,3683.4,4440.0,3288.1,4045.0,189,1,4044.9,11,1,4044.3,84,4,4044.2,78,3,4044.1,43,3,4045.5,1,1,4046.0,50,7,4046.2,38,1,4046.3,84,5,4046.4,52,4
11483,2026-07-02 10:50:21+05:30,4046.0,5,4047.26,665362,143455.0,145213.0,4100.0,4110.0,4016.1,4092.6,23662625,4501.8,3683.4,4440.0,3288.1,4045.0,189,1,4044.9,11,1,4044.3,84,4,4044.2,78,3,4044.1,43,3,4045.5,1,1,4046.0,50,7,4046.2,38,1,4046.3,84,5,4046.4,52,4
11483,2026-07-02 10:50:22+05:30,4046.0,5,4047.26,665388,143610.0,145270.0,4100.0,4110.0,4016.1,4092.6,23662625,4501.8,3683.4,4440.0,3288.1,4045.2,1,1,4045.0,189,1,4044.9,11,1,4044.7,7,1,4044.6,12,1,4046.0,17,3,4046.3,82,4,4046.4,54,5,4046.5,49,1,4046.6,49,1
11483,2026-07-02 10:50:22+05:30,4046.0,2,4047.26,665388,143610.0,145270.0,4100.0,4110.0,4016.1,4092.6,23662625,4501.8,3683.4,4440.0,3288.1,4045.2,1,1,4045.0,189,1,4044.9,11,1,4044.7,7,1,4044.6,12,1,4046.0,17,3,4046.3,82,4,4046.4,54,5,4046.5,49,1,4046.6,49,1
11483,2026-07-02 10:50:23+05:30,4046.0,38,4047.26,665629,142037.0,143736.0,4100.0,4110.0,4016.1,4092.6,23662625,4501.8,3683.4,4440.0,3288.1,4046.0,29,2,4045.2,1,1,4045.0,13,1,4044.9,35,2,4044.8,24,1,4046.3,52,1,4046.4,16,2,4046.8,6,1,4047.0,150,10,4047.2,12,1
11483,2026-07-02 10:50:23+05:30,4046.0,38,4047.26,665629,142037.0,143736.0,4100.0,4110.0,4016.1,4092.6,23662625,4501.8,3683.4,4440.0,3288.1,4046.0,29,2,4045.2,1,1,4045.0,13,1,4044.9,35,2,4044.8,24,1,4046.3,52,1,4046.4,16,2,4046.8,6,1,4047.0,150,10,4047.2,12,1
11483,2026-07-02 10:50:24+05:30,4046.0,6,4047.26,665687,143495.0,144018.0,4100.0,4110.0,4016.1,4092.6,23662625,4501.8,3683.4,4440.0,3288.1,4046.0,23,2,4045.2,1,1,4045.0,25,1,4044.9,47,3,4044.8,26,2,4046.3,55,2,4046.4,16,2,4046.8,12,1,4046.9,66,1,4047.0,150,10
11483,2026-07-02 10:50:24+05:30,4046.0,6,4047.26,665687,143495.0,144018.0,4100.0,4110.0,4016.1,4092.6,23662625,4501.8,3683.4,4440.0,3288.1,4046.0,23,2,4045.2,1,1,4045.0,25,1,4044.9,47,3,4044.8,26,2,4046.3,55,2,4046.4,16,2,4046.8,12,1,4046.9,66,1,4047.0,150,10
11483,2026-07-02 10:50:25+05:30,4046.0,6,4047.26,665687,143573.0,144000.0,4100.0,4110.0,4016.1,4092.6,23662625,4501.8,3683.4,4440.0,3288.1,4046.0,43,3,4045.2,1,1,4045.0,25,1,4044.9,49,4,4044.8,24,1,4046.3,56,3,4046.4,16,2,4046.9,66,1,4047.0,172,11,4047.3,76,6
11483,2026-07-02 10:50:26+05:30,4046.0,6,4047.26,665687,143573.0,144000.0,4100.0,4110.0,4016.1,4092.6,23662625,4501.8,3683.4,4440.0,3288.1,4046.0,43,3,4045.2,1,1,4045.0,25,1,4044.9,49,4,4044.8,24,1,4046.3,56,3,4046.4,16,2,4046.9,66,1,4047.0,172,11,4047.3,76,6
11483,2026-07-02 10:50:26+05:30,4046.3,4,4047.26,665694,143649.0,143847.0,4100.0,4110.0,4016.1,4092.6,23662625,4501.8,3683.4,4440.0,3288.1,4046.0,66,4,4045.2,1,1,4045.0,37,3,4044.9,75,4,4044.8,62,2,4046.3,49,2,4046.4,16,2,4047.0,172,11,4047.3,76,6,4047.4,79,2
11483,2026-07-02 10:50:26+05:30,4046.3,4,4047.26,665694,143649.0,143847.0,4100.0,4110.0,4016.1,4092.6,23662625,4501.8,3683.4,4440.0,3288.1,4046.0,66,4,4045.2,1,1,4045.0,37,3,4044.9,75,4,4044.8,62,2,4046.3,49,2,4046.4,16,2,4047.0,172,11,4047.3,76,6,4047.4,79,2
11483,2026-07-02 10:50:26+05:30,4046.3,4,4047.26,665694,143649.0,143847.0,4100.0,4110.0,4016.1,4092.6,23662625,4501.8,3683.4,4440.0,3288.1,4046.0,66,4,4045.2,1,1,4045.0,37,3,4044.9,75,4,4044.8,62,2,4046.3,49,2,4046.4,16,2,4047.0,172,11,4047.3,76,6,4047.4,79,2
11483,2026-07-02 10:50:27+05:30,4046.3,4,4047.26,665694,143649.0,143847.0,4100.0,4110.0,4016.1,4092.6,23662625,4501.8,3683.4,4440.0,3288.1,4046.0,66,4,4045.2,1,1,4045.0,37,3,4044.9,75,4,4044.8,62,2,4046.3,49,2,4046.4,16,2,4047.0,172,11,4047.3,76,6,4047.4,79,2
11483,2026-07-02 10:50:27+05:30,4046.3,2,4047.26,665696,143650.0,143850.0,4100.0,4110.0,4016.1,4092.6,23662625,4501.8,3683.4,4440.0,3288.1,4046.0,66,4,4045.0,37,3,4044.9,75,4,4044.8,62,2,4044.7,21,2,4046.3,47,2,4046.4,16,2,4047.0,172,11,4047.3,76,6,4047.4,79,2
11483,2026-07-02 10:50:27+05:30,4046.3,2,4047.26,665696,143650.0,143850.0,4100.0,4110.0,4016.1,4092.6,23662625,4501.8,3683.4,4440.0,3288.1,4046.0,66,4,4045.0,37,3,4044.9,75,4,4044.8,62,2,4044.7,21,2,4046.3,47,2,4046.4,16,2,4047.0,172,11,4047.3,76,6,4047.4,79,2
11483,2026-07-02 10:50:27+05:30,4046.3,2,4047.26,665696,143650.0,143850.0,4100.0,4110.0,4016.1,4092.6,23662625,4501.8,3683.4,4440.0,3288.1,4046.0,66,4,4045.0,37,3,4044.9,75,4,4044.8,62,2,4044.7,21,2,4046.3,47,2,4046.4,16,2,4047.0,172,11,4047.3,76,6,4047.4,79,2
11483,2026-07-02 10:50:28+05:30,4046.3,2,4047.26,665696,143650.0,143850.0,4100.0,4110.0,4016.1,4092.6,23662625,4501.8,3683.4,4440.0,3288.1,4046.0,66,4,4045.0,37,3,4044.9,75,4,4044.8,62,2,4044.7,21,2,4046.3,47,2,4046.4,16,2,4047.0,172,11,4047.3,76,6,4047.4,79,2
11483,2026-07-02 10:50:28+05:30,4046.0,23,4047.26,665762,143578.0,144190.0,4100.0,4110.0,4016.1,4092.6,23662625,4501.8,3683.4,4440.0,3288.1,4045.0,90,7,4044.9,63,3,4044.8,64,3,4044.7,3,1,4044.6,34,2,4046.0,34,1,4046.3,47,2,4046.4,16,2,4046.7,13,1,4046.8,3,1
11483,2026-07-02 10:50:28+05:30,4046.0,8,4047.26,665762,143578.0,144190.0,4100.0,4110.0,4016.1,4092.6,23662625,4501.8,3683.4,4440.0,3288.1,4045.0,90,7,4044.9,63,3,4044.8,64,3,4044.7,3,1,4044.6,34,2,4046.0,34,1,4046.3,47,2,4046.4,16,2,4046.7,13,1,4046.8,3,1
11483,2026-07-02 10:50:29+05:30,4046.0,8,4047.26,665762,143578.0,144190.0,4100.0,4110.0,4016.1,4092.6,23662625,4501.8,3683.4,4440.0,3288.1,4045.0,90,7,4044.9,63,3,4044.8,64,3,4044.7,3,1,4044.6,34,2,4046.0,34,1,4046.3,47,2,4046.4,16,2,4046.7,13,1,4046.8,3,1
11483,2026-07-02 10:50:29+05:30,4046.0,8,4047.26,665770,143799.0,144233.0,4100.0,4110.0,4016.1,4092.6,23662625,4501.8,3683.4,4440.0,3288.1,4045.2,75,6,4045.1,31,4,4045.0,69,6,4044.9,77,4,4044.8,24,1,4046.0,26,1,4046.3,46,1,4046.4,16,2,4046.7,13,1,4046.8,3,1
11483,2026-07-02 10:50:29+05:30,4046.0,8,4047.26,665770,143799.0,144233.0,4100.0,4110.0,4016.1,4092.6,23662625,4501.8,3683.4,4440.0,3288.1,4045.2,75,6,4045.1,31,4,4045.0,69,6,4044.9,77,4,4044.8,24,1,4046.0,26,1,4046.3,46,1,4046.4,16,2,4046.7,13,1,4046.8,3,1
11483,2026-07-02 10:50:30+05:30,4046.0,8,4047.26,665770,143799.0,144233.0,4100.0,4110.0,4016.1,4092.6,23665950,4501.8,3683.4,4440.0,3288.1,4045.2,75,6,4045.1,31,4,4045.0,69,6,4044.9,77,4,4044.8,24,1,4046.0,26,1,4046.3,46,1,4046.4,16,2,4046.7,13,1,4046.8,3,1
11483,2026-07-02 10:50:30+05:30,4045.2,20,4047.26,665790,143722.0,144208.0,4100.0,4110.0,4016.1,4092.6,23665950,4501.8,3683.4,4440.0,3288.1,4045.3,38,4,4045.2,22,3,4045.1,27,3,4045.0,69,6,4044.9,77,4,4046.0,27,2,4046.3,46,1,4046.4,16,2,4046.7,13,1,4046.8,3,1
11483,2026-07-02 10:50:30+05:30,4045.2,20,4047.26,665790,143722.0,144208.0,4100.0,4110.0,4016.1,4092.6,23665950,4501.8,3683.4,4440.0,3288.1,4045.3,38,4,4045.2,22,3,4045.1,27,3,4045.0,69,6,4044.9,77,4,4046.0,27,2,4046.3,46,1,4046.4,16,2,4046.7,13,1,4046.8,3,1
11483,2026-07-02 10:50:30+05:30,4045.2,20,4047.26,665790,143722.0,144208.0,4100.0,4110.0,4016.1,4092.6,23665950,4501.8,3683.4,4440.0,3288.1,4045.3,38,4,4045.2,22,3,4045.1,27,3,4045.0,69,6,4044.9,77,4,4046.0,27,2,4046.3,46,1,4046.4,16,2,4046.7,13,1,4046.8,3,1
11483,2026-07-02 10:50:31+05:30,4045.2,20,4047.26,665790,143722.0,144208.0,4100.0,4110.0,4016.1,4092.6,23665950,4501.8,3683.4,4440.0,3288.1,4045.3,38,4,4045.2,22,3,4045.1,27,3,4045.0,69,6,4044.9,77,4,4046.0,27,2,4046.3,46,1,4046.4,16,2,4046.7,13,1,4046.8,3,1
11483,2026-07-02 10:50:31+05:30,4045.7,8,4047.26,665800,143764.0,144363.0,4100.0,4110.0,4016.1,4092.6,23665950,4501.8,3683.4,4440.0,3288.1,4045.7,14,3,4045.6,6,1,4045.4,10,1,4045.3,12,1,4045.2,19,2,4046.0,28,3,4046.3,46,1,4046.4,16,2,4046.7,13,1,4046.8,3,1
11483,2026-07-02 10:50:31+05:30,4045.7,8,4047.26,665800,143764.0,144363.0,4100.0,4110.0,4016.1,4092.6,23665950,4501.8,3683.4,4440.0,3288.1,4045.7,14,3,4045.6,6,1,4045.4,10,1,4045.3,12,1,4045.2,19,2,4046.0,28,3,4046.3,46,1,4046.4,16,2,4046.7,13,1,4046.8,3,1
11483,2026-07-02 10:50:31+05:30,4045.7,8,4047.26,665800,143764.0,144363.0,4100.0,4110.0,4016.1,4092.6,23665950,4501.8,3683.4,4440.0,3288.1,4045.7,14,3,4045.6,6,1,4045.4,10,1,4045.3,12,1,4045.2,19,2,4046.0,28,3,4046.3,46,1,4046.4,16,2,4046.7,13,1,4046.8,3,1
11483,2026-07-02 10:50:32+05:30,4046.0,1,4047.26,665828,143993.0,143706.0,4100.0,4110.0,4016.1,4092.6,23665950,4501.8,3683.4,4440.0,3288.1,4046.0,71,1,4045.8,34,3,4045.7,26,4,4045.6,6,1,4045.4,21,2,4046.3,46,1,4046.4,16,2,4046.8,3,1,4047.0,150,10,4047.3,42,4
11483,2026-07-02 10:50:32+05:30,4046.0,1,4047.26,665828,143993.0,143706.0,4100.0,4110.0,4016.1,4092.6,23665950,4501.8,3683.4,4440.0,3288.1,4046.0,71,1,4045.8,34,3,4045.7,26,4,4045.6,6,1,4045.4,21,2,4046.3,46,1,4046.4,16,2,4046.8,3,1,4047.0,150,10,4047.3,42,4
11483,2026-07-02 10:50:33+05:30,4045.0,15,4047.26,666015,143018.0,145203.0,4100.0,4110.0,4016.1,4092.6,23665950,4501.8,3683.4,4440.0,3288.1,4045.0,11,1,4044.6,38,1,4044.2,29,1,4044.1,38,3,4044.0,252,8,4046.2,65,5,4046.3,147,3,4046.4,28,3,4046.7,54,4,4046.8,9,2
11483,2026-07-02 10:50:33+05:30,4046.2,1,4047.26,666015,143018.0,145203.0,4100.0,4110.0,4016.1,4092.6,23665950,4501.8,3683.4,4440.0,3288.1,4045.0,11,1,4044.6,38,1,4044.2,29,1,4044.1,38,3,4044.0,252,8,4046.2,65,5,4046.3,147,3,4046.4,28,3,4046.7,54,4,4046.8,9,2
11483,2026-07-02 10:50:34+05:30,4046.1,1,4047.26,666017,143263.0,145493.0,4100.0,4110.0,4016.1,4092.6,23665950,4501.8,3683.4,4440.0,3288.1,4045.1,3,1,4045.0,11,1,4044.6,38,1,4044.1,7,2,4044.0,220,7,4046.1,23,2,4046.2,60,6,4046.3,175,4,4046.4,76,5,4046.6,22,1
11483,2026-07-02 10:50:34+05:30,4046.1,1,4047.26,666017,143263.0,145493.0,4100.0,4110.0,4016.1,4092.6,23665950,4501.8,3683.4,4440.0,3288.1,4045.1,3,1,4045.0,11,1,4044.6,38,1,4044.1,7,2,4044.0,220,7,4046.1,23,2,4046.2,60,6,4046.3,175,4,4046.4,76,5,4046.6,22,1
11483,2026-07-02 10:50:35+05:30,4046.0,1,4047.26,666019,143011.0,146348.0,4100.0,4110.0,4016.1,4092.6,23665950,4501.8,3683.4,4440.0,3288.1,4045.1,3,1,4044.1,44,2,4044.0,256,7,4043.9,13,1,4043.8,47,3,4046.0,151,2,4046.1,65,4,4046.2,559,6,4046.3,153,4,4046.4,76,5
11483,2026-07-02 10:50:35+05:30,4046.0,1,4047.26,666019,143011.0,146348.0,4100.0,4110.0,4016.1,4092.6,23665950,4501.8,3683.4,4440.0,3288.1,4045.1,3,1,4044.1,44,2,4044.0,256,7,4043.9,13,1,4043.8,47,3,4046.0,151,2,4046.1,65,4,4046.2,559,6,4046.3,153,4,4046.4,76,5
11483,2026-07-02 10:50:36+05:30,4046.0,1,4047.26,666020,143224.0,146347.0,4100.0,4110.0,4016.1,4092.6,23665950,4501.8,3683.4,4440.0,3288.1,4045.2,1,1,4045.1,3,1,4044.1,56,3,4044.0,256,7,4043.9,15,2,4046.0,153,3,4046.1,44,3,4046.2,547,5,4046.3,175,4,4046.4,76,5
11483,2026-07-02 10:50:36+05:30,4046.0,1,4047.26,666020,143224.0,146347.0,4100.0,4110.0,4016.1,4092.6,23665950,4501.8,3683.4,4440.0,3288.1,4045.2,1,1,4045.1,3,1,4044.1,56,3,4044.0,256,7,4043.9,15,2,4046.0,153,3,4046.1,44,3,4046.2,547,5,4046.3,175,4,4046.4,76,5
11483,2026-07-02 10:50:37+05:30,4046.0,28,4047.26,666049,143212.0,146104.0,4100.0,4110.0,4016.1,4092.6,23665950,4501.8,3683.4,4440.0,3288.1,4045.2,1,1,4045.0,30,1,4044.1,56,3,4044.0,226,6,4043.9,15,2,4046.0,133,4,4046.1,56,4,4046.2,515,2,4046.3,159,4,4046.4,54,4
11483,2026-07-02 10:50:37+05:30,4046.0,1,4047.26,666049,143212.0,146104.0,4100.0,4110.0,4016.1,4092.6,23665950,4501.8,3683.4,4440.0,3288.1,4045.2,1,1,4045.0,30,1,4044.1,56,3,4044.0,226,6,4043.9,15,2,4046.0,133,4,4046.1,56,4,4046.2,515,2,4046.3,159,4,4046.4,54,4
11483,2026-07-02 10:50:38+05:30,4045.0,1,4047.26,666052,143016.0,146293.0,4100.0,4110.0,4016.1,4092.6,23665950,4501.8,3683.4,4440.0,3288.1,4045.0,29,1,4044.1,44,2,4044.0,213,5,4043.9,39,3,4043.8,47,3,4045.2,1,1,4046.0,132,4,4046.1,44,3,4046.2,515,2,4046.3,158,3
11483,2026-07-02 10:50:38+05:30,4045.0,1,4047.26,666052,143016.0,146293.0,4100.0,4110.0,4016.1,4092.6,23665950,4501.8,3683.4,4440.0,3288.1,4045.0,29,1,4044.1,44,2,4044.0,213,5,4043.9,39,3,4043.8,47,3,4045.2,1,1,4046.0,132,4,4046.1,44,3,4046.2,515,2,4046.3,158,3
11483,2026-07-02 10:50:39+05:30,4045.2,1,4047.26,666053,142995.0,146378.0,4100.0,4110.0,4016.1,4092.6,23665950,4501.8,3683.4,4440.0,3288.1,4045.0,29,1,4044.1,45,3,4044.0,213,5,4043.9,14,2,4043.8,45,2,4046.0,146,5,4046.1,44,3,4046.2,515,2,4046.3,152,3,4046.4,79,6
11483,2026-07-02 10:50:39+05:30,4045.2,1,4047.26,666053,142995.0,146378.0,4100.0,4110.0,4016.1,4092.6,23665950,4501.8,3683.4,4440.0,3288.1,4045.0,29,1,4044.1,45,3,4044.0,213,5,4043.9,14,2,4043.8,45,2,4046.0,146,5,4046.1,44,3,4046.2,515,2,4046.3,152,3,4046.4,79,6
11483,2026-07-02 10:50:40+05:30,4045.0,2,4047.26,666137,142174.0,146668.0,4100.0,4110.0,4016.1,4092.6,23665950,4501.8,3683.4,4440.0,3288.1,4045.0,20,1,4044.1,17,3,4044.0,150,3,4043.8,13,1,4043.6,2,1,4045.2,1,1,4045.9,65,4,4046.0,95,6,4046.1,61,4,4046.2,517,3
11483,2026-07-02 10:50:40+05:30,4045.0,2,4047.26,666137,142174.0,146668.0,4100.0,4110.0,4016.1,4092.6,23665950,4501.8,3683.4,4440.0,3288.1,4045.0,20,1,4044.1,17,3,4044.0,150,3,4043.8,13,1,4043.6,2,1,4045.2,1,1,4045.9,65,4,4046.0,95,6,4046.1,61,4,4046.2,517,3
11483,2026-07-02 10:50:41+05:30,4045.2,1,4047.26,666138,142451.0,146666.0,4100.0,4110.0,4016.1,4092.6,23665950,4501.8,3683.4,4440.0,3288.1,4045.2,3,1,4045.0,20,1,4044.1,16,3,4044.0,150,3,4043.9,2,1,4045.5,2,1,4045.7,7,1,4045.8,12,1,4045.9,53,3,4046.0,87,6
11483,2026-07-02 10:50:41+05:30,4045.2,1,4047.26,666138,142451.0,146666.0,4100.0,4110.0,4016.1,4092.6,23665950,4501.8,3683.4,4440.0,3288.1,4045.2,3,1,4045.0,20,1,4044.1,16,3,4044.0,150,3,4043.9,2,1,4045.5,2,1,4045.7,7,1,4045.8,12,1,4045.9,53,3,4046.0,87,6
11483,2026-07-02 10:50:42+05:30,4045.5,1,4047.26,666139,142453.0,146686.0,4100.0,4110.0,4016.1,4092.6,23665950,4501.8,3683.4,4440.0,3288.1,4045.3,1,1,4045.2,3,1,4045.0,20,1,4044.1,16,3,4044.0,150,3,4045.5,1,1,4045.9,34,2,4046.0,56,3,4046.1,34,2,4046.2,502,2
11483,2026-07-02 10:50:42+05:30,4045.5,1,4047.26,666139,142453.0,146686.0,4100.0,4110.0,4016.1,4092.6,23665950,4501.8,3683.4,4440.0,3288.1,4045.3,1,1,4045.2,3,1,4045.0,20,1,4044.1,16,3,4044.0,150,3,4045.5,1,1,4045.9,34,2,4046.0,56,3,4046.1,34,2,4046.2,502,2
11483,2026-07-02 10:50:43+05:30,4045.5,2,4047.26,666149,142634.0,146765.0,4100.0,4110.0,4016.1,4092.6,23665950,4501.8,3683.4,4440.0,3288.1,4045.3,1,1,4045.0,20,1,4044.1,12,2,4044.0,150,3,4043.9,2,1,4045.5,3,2,4045.9,22,1,4046.0,68,4,4046.1,34,2,4046.2,502,2
11483,2026-07-02 10:50:43+05:30,4045.5,2,4047.26,666149,142634.0,146765.0,4100.0,4110.0,4016.1,4092.6,23665950,4501.8,3683.4,4440.0,3288.1,4045.3,1,1,4045.0,20,1,4044.1,12,2,4044.0,150,3,4043.9,2,1,4045.5,3,2,4045.9,22,1,4046.0,68,4,4046.1,34,2,4046.2,502,2
11483,2026-07-02 10:50:44+05:30,4045.3,1,4047.26,666150,142580.0,146708.0,4100.0,4110.0,4016.1,4092.6,23665950,4501.8,3683.4,4440.0,3288.1,4045.3,1,1,4045.0,20,1,4044.1,1,1,4044.0,150,3,4043.8,13,1,4045.5,24,6,4045.8,23,2,4045.9,23,2,4046.0,72,4,4046.1,57,4
11483,2026-07-02 10:50:44+05:30,4045.3,1,4047.26,666150,142580.0,146708.0,4100.0,4110.0,4016.1,4092.6,23665950,4501.8,3683.4,4440.0,3288.1,4045.3,1,1,4045.0,20,1,4044.1,1,1,4044.0,150,3,4043.8,13,1,4045.5,24,6,4045.8,23,2,4045.9,23,2,4046.0,72,4,4046.1,57,4
11483,2026-07-02 10:50:45+05:30,4045.5,1,4047.26,666155,142427.0,146728.0,4100.0,4110.0,4016.1,4092.6,23665950,4501.8,3683.4,4440.0,3288.1,4045.3,1,1,4045.0,20,1,4044.1,1,1,4044.0,150,3,4043.8,13,1,4045.5,22,4,4045.6,4,1,4045.7,6,1,4045.8,30,3,4045.9,23,2
11483,2026-07-02 10:50:45+05:30,4045.5,2,4047.26,666155,142427.0,146728.0,4100.0,4110.0,4016.1,4092.6,23665950,4501.8,3683.4,4440.0,3288.1,4045.3,1,1,4045.0,20,1,4044.1,1,1,4044.0,150,3,4043.8,13,1,4045.5,22,4,4045.6,4,1,4045.7,6,1,4045.8,30,3,4045.9,23,2
11483,2026-07-02 10:50:46+05:30,4045.5,3,4047.26,666179,142604.0,146734.0,4100.0,4110.0,4016.1,4092.6,23665950,4501.8,3683.4,4440.0,3288.1,4045.3,1,1,4045.0,20,1,4044.1,11,2,4044.0,150,3,4043.8,13,1,4045.5,19,3,4045.8,30,3,4045.9,23,2,4046.0,172,5,4046.1,71,4
11483,2026-07-02 10:50:46+05:30,4045.5,3,4047.26,666179,142604.0,146734.0,4100.0,4110.0,4016.1,4092.6,23665950,4501.8,3683.4,4440.0,3288.1,4045.3,1,1,4045.0,20,1,4044.1,11,2,4044.0,150,3,4043.8,13,1,4045.5,19,3,4045.8,30,3,4045.9,23,2,4046.0,172,5,4046.1,71,4
11483,2026-07-02 10:50:47+05:30,4045.0,1,4047.26,666182,142451.0,146814.0,4100.0,4110.0,4016.1,4092.6,23665950,4501.8,3683.4,4440.0,3288.1,4045.0,19,1,4044.1,11,2,4044.0,150,3,4043.8,13,1,4043.6,41,3,4045.5,19,5,4045.8,30,3,4045.9,23,2,4046.0,172,5,4046.1,71,4
11483,2026-07-02 10:50:47+05:30,4045.0,1,4047.26,666182,142451.0,146814.0,4100.0,4110.0,4016.1,4092.6,23665950,4501.8,3683.4,4440.0,3288.1,4045.0,19,1,4044.1,11,2,4044.0,150,3,4043.8,13,1,4043.6,41,3,4045.5,19,5,4045.8,30,3,4045.9,23,2,4046.0,172,5,4046.1,71,4
11483,2026-07-02 10:50:48+05:30,4045.0,1,4047.26,666182,142634.0,147138.0,4100.0,4110.0,4016.1,4092.6,23665950,4501.8,3683.4,4440.0,3288.1,4045.0,19,1,4044.1,37,4,4044.0,150,3,4043.8,13,1,4043.6,39,2,4045.4,20,1,4045.5,10,3,4045.9,23,2,4046.0,172,5,4046.1,98,6
11483,2026-07-02 10:50:49+05:30,4045.4,20,4047.26,666202,142644.0,146919.0,4100.0,4110.0,4016.1,4092.6,23665950,4501.8,3683.4,4440.0,3288.1,4045.0,19,1,4044.1,27,3,4044.0,150,3,4043.8,13,1,4043.7,10,1,4045.5,1,1,4045.9,22,1,4046.0,156,4,4046.1,45,3,4046.2,500,1
11483,2026-07-02 10:50:49+05:30,4045.4,20,4047.26,666202,142644.0,146919.0,4100.0,4110.0,4016.1,4092.6,23665950,4501.8,3683.4,4440.0,3288.1,4045.0,19,1,4044.1,27,3,4044.0,150,3,4043.8,13,1,4043.7,10,1,4045.5,1,1,4045.9,22,1,4046.0,156,4,4046.1,45,3,4046.2,500,1
11483,2026-07-02 10:50:50+05:30,4045.0,2,4047.26,666298,141922.0,147576.0,4100.0,4110.0,4016.1,4092.6,23665950,4501.8,3683.4,4440.0,3288.1,4044.1,1,1,4044.0,186,5,4043.8,13,1,4043.7,28,3,4043.6,16,1,4044.6,119,1,4045.0,500,1,4045.5,13,1,4045.8,12,1,4045.9,21,1
11483,2026-07-02 10:50:50+05:30,4045.0,2,4047.26,666298,141922.0,147576.0,4100.0,4110.0,4016.1,4092.6,23665950,4501.8,3683.4,4440.0,3288.1,4044.1,1,1,4044.0,186,5,4043.8,13,1,4043.7,28,3,4043.6,16,1,4044.6,119,1,4045.0,500,1,4045.5,13,1,4045.8,12,1,4045.9,21,1
11483,2026-07-02 10:50:51+05:30,4045.0,2,4047.26,666298,141925.0,147667.0,4100.0,4110.0,4016.1,4092.6,23665950,4501.8,3683.4,4440.0,3288.1,4044.1,1,1,4044.0,186,5,4043.8,13,1,4043.7,28,3,4043.6,16,1,4044.6,121,2,4045.0,500,1,4045.5,14,2,4045.8,12,1,4045.9,21,1
11483,2026-07-02 10:50:51+05:30,4044.1,1,4047.26,666298,141925.0,147667.0,4100.0,4110.0,4016.1,4092.6,23665950,4501.8,3683.4,4440.0,3288.1,4044.1,1,1,4044.0,186,5,4043.8,13,1,4043.7,28,3,4043.6,16,1,4044.6,121,2,4045.0,500,1,4045.5,14,2,4045.8,12,1,4045.9,21,1
11483,2026-07-02 10:50:52+05:30,4044.1,1,4047.26,666299,142059.0,147664.0,4100.0,4110.0,4016.1,4092.6,23665950,4501.8,3683.4,4440.0,3288.1,4044.3,1,1,4044.0,186,5,4043.8,13,1,4043.7,28,3,4043.6,16,1,4044.6,121,2,4045.0,500,1,4045.5,14,2,4045.8,12,1,4045.9,21,1
11483,2026-07-02 10:50:53+05:30,4044.6,1,4047.26,666300,141992.0,147471.0,4100.0,4110.0,4016.1,4092.6,23665950,4501.8,3683.4,4440.0,3288.1,4044.3,1,1,4044.1,55,4,4044.0,174,4,4043.9,11,1,4043.8,13,1,4044.6,121,3,4045.0,500,1,4045.5,14,2,4045.8,12,1,4045.9,21,1
11483,2026-07-02 10:50:53+05:30,4044.6,1,4047.26,666300,141992.0,147471.0,4100.0,4110.0,4016.1,4092.6,23665950,4501.8,3683.4,4440.0,3288.1,4044.3,1,1,4044.1,55,4,4044.0,174,4,4043.9,11,1,4043.8,13,1,4044.6,121,3,4045.0,500,1,4045.5,14,2,4045.8,12,1,4045.9,21,1
11483,2026-07-02 10:50:54+05:30,4044.6,9,4047.26,666310,142018.0,147462.0,4100.0,4110.0,4016.1,4092.6,23665950,4501.8,3683.4,4440.0,3288.1,4044.3,1,1,4044.1,55,4,4044.0,174,4,4043.8,13,1,4043.7,30,4,4044.6,111,3,4045.0,500,1,4045.5,14,2,4045.8,12,1,4045.9,21,1
11483,2026-07-02 10:50:54+05:30,4044.6,9,4047.26,666310,142018.0,147462.0,4100.0,4110.0,4016.1,4092.6,23665950,4501.8,3683.4,4440.0,3288.1,4044.3,1,1,4044.1,55,4,4044.0,174,4,4043.8,13,1,4043.7,30,4,4044.6,111,3,4045.0,500,1,4045.5,14,2,4045.8,12,1,4045.9,21,1
11483,2026-07-02 10:50:55+05:30,4044.6,9,4047.26,666310,142122.0,147541.0,4100.0,4110.0,4016.1,4092.6,23665950,4501.8,3683.4,4440.0,3288.1,4044.3,1,1,4044.1,43,3,4044.0,174,4,4043.7,2,1,4043.6,16,1,4044.6,111,3,4045.0,500,1,4045.5,14,2,4045.8,12,1,4045.9,21,1
11483,2026-07-02 10:50:56+05:30,4044.6,8,4047.26,666328,141986.0,147647.0,4100.0,4110.0,4016.1,4092.6,23665950,4501.8,3683.4,4440.0,3288.1,4044.0,150,3,4043.5,500,1,4043.3,67,4,4043.2,42,2,4043.1,2,1,4044.6,103,3,4045.0,500,1,4045.4,5,1,4045.5,13,1,4045.8,50,2
11483,2026-07-02 10:50:56+05:30,4044.6,8,4047.26,666328,141986.0,147647.0,4100.0,4110.0,4016.1,4092.6,23665950,4501.8,3683.4,4440.0,3288.1,4044.0,150,3,4043.5,500,1,4043.3,67,4,4043.2,42,2,4043.1,2,1,4044.6,103,3,4045.0,500,1,4045.4,5,1,4045.5,13,1,4045.8,50,2
11483,2026-07-02 10:50:57+05:30,4044.6,3,4047.26,666332,142007.0,147614.0,4100.0,4110.0,4016.1,4092.6,23665950,4501.8,3683.4,4440.0,3288.1,4044.0,175,5,4043.6,2,1,4043.5,500,1,4043.3,67,4,4043.2,42,2,4044.6,99,3,4045.0,500,1,4045.4,5,1,4045.5,13,1,4045.8,12,1
11483,2026-07-02 10:50:57+05:30,4044.6,3,4047.26,666332,142007.0,147614.0,4100.0,4110.0,4016.1,4092.6,23665950,4501.8,3683.4,4440.0,3288.1,4044.0,175,5,4043.6,2,1,4043.5,500,1,4043.3,67,4,4043.2,42,2,4044.6,99,3,4045.0,500,1,4045.4,5,1,4045.5,13,1,4045.8,12,1
11483,2026-07-02 10:50:58+05:30,4044.0,2,4047.26,666334,142005.0,147613.0,4100.0,4110.0,4016.1,4092.6,23665950,4501.8,3683.4,4440.0,3288.1,4044.0,173,5,4043.6,2,1,4043.5,500,1,4043.3,67,4,4043.2,42,2,4044.6,98,2,4045.0,500,1,4045.4,5,1,4045.5,13,1,4045.8,12,1
11483,2026-07-02 10:50:58+05:30,4044.6,2,4047.26,666334,142005.0,147613.0,4100.0,4110.0,4016.1,4092.6,23665950,4501.8,3683.4,4440.0,3288.1,4044.0,173,5,4043.6,2,1,4043.5,500,1,4043.3,67,4,4043.2,42,2,4044.6,98,2,4045.0,500,1,4045.4,5,1,4045.5,13,1,4045.8,12,1
11483,2026-07-02 10:50:59+05:30,4044.6,2,4047.26,666343,142010.0,147604.0,4100.0,4110.0,4016.1,4092.6,23665950,4501.8,3683.4,4440.0,3288.1,4044.0,171,4,4043.6,4,2,4043.5,500,1,4043.3,67,4,4043.2,42,2,4044.6,89,2,4045.0,500,1,4045.4,5,1,4045.5,13,1,4045.8,12,1
11483,2026-07-02 10:51:00+05:30,4044.6,18,4047.26,666361,141987.0,147597.0,4100.0,4110.0,4016.1,4092.6,23665950,4501.8,3683.4,4440.0,3288.1,4044.0,171,4,4043.6,4,2,4043.5,500,1,4043.3,67,4,4043.2,42,2,4044.6,71,2,4045.0,500,1,4045.4,5,1,4045.5,25,2,4045.8,24,2
11483,2026-07-02 10:51:00+05:30,4044.6,3,4047.26,666361,141987.0,147597.0,4100.0,4110.0,4016.1,4092.6,23665950,4501.8,3683.4,4440.0,3288.1,4044.0,171,4,4043.6,4,2,4043.5,500,1,4043.3,67,4,4043.2,42,2,4044.6,71,2,4045.0,500,1,4045.4,5,1,4045.5,25,2,4045.8,24,2
11483,2026-07-02 10:51:01+05:30,4044.6,3,4047.26,666370,141963.0,147642.0,4100.0,4110.0,4016.1,4092.6,23665950,4501.8,3683.4,4440.0,3288.1,4044.0,171,4,4043.6,4,2,4043.5,500,1,4043.3,67,4,4043.2,42,2,4044.3,1,1,4044.6,62,2,4045.0,500,1,4045.4,5,1,4045.5,25,2
11483,2026-07-02 10:51:01+05:30,4044.3,3,4047.26,666370,141963.0,147642.0,4100.0,4110.0,4016.1,4092.6,23665950,4501.8,3683.4,4440.0,3288.1,4044.0,171,4,4043.6,4,2,4043.5,500,1,4043.3,67,4,4043.2,42,2,4044.3,1,1,4044.6,62,2,4045.0,500,1,4045.4,5,1,4045.5,25,2
11483,2026-07-02 10:51:02+05:30,4044.3,5,4047.26,666378,142139.0,147593.0,4100.0,4110.0,4016.1,4092.6,23665950,4501.8,3683.4,4440.0,3288.1,4044.1,1,1,4044.0,171,4,4043.6,4,2,4043.5,500,1,4043.4,2,1,4044.3,1,1,4044.6,60,1,4045.0,500,1,4045.4,5,1,4045.5,13,1
11483,2026-07-02 10:51:02+05:30,4044.3,5,4047.26,666378,142139.0,147593.0,4100.0,4110.0,4016.1,4092.6,23665950,4501.8,3683.4,4440.0,3288.1,4044.1,1,1,4044.0,171,4,4043.6,4,2,4043.5,500,1,4043.4,2,1,4044.3,1,1,4044.6,60,1,4045.0,500,1,4045.4,5,1,4045.5,13,1
11483,2026-07-02 10:51:03+05:30,4044.3,5,4047.26,666378,142216.0,147676.0,4100.0,4110.0,4016.1,4092.6,23665950,4501.8,3683.4,4440.0,3288.1,4044.1,1,1,4044.0,171,4,4043.6,4,2,4043.5,500,1,4043.4,2,1,4044.3,3,3,4044.6,60,1,4045.0,500,1,4045.4,5,1,4045.5,13,1
11483,2026-07-02 10:51:04+05:30,4044.3,1,4047.26,666379,142272.0,147671.0,4100.0,4110.0,4016.1,4092.6,23665950,4501.8,3683.4,4440.0,3288.1,4044.2,3,1,4044.1,1,1,4044.0,171,4,4043.6,4,2,4043.5,500,1,4044.3,3,3,4044.6,60,1,4045.0,500,1,4045.4,5,1,4045.5,13,1
11483,2026-07-02 10:51:04+05:30,4044.6,2,4047.26,666379,142272.0,147671.0,4100.0,4110.0,4016.1,4092.6,23665950,4501.8,3683.4,4440.0,3288.1,4044.2,3,1,4044.1,1,1,4044.0,171,4,4043.6,4,2,4043.5,500,1,4044.3,3,3,4044.6,60,1,4045.0,500,1,4045.4,5,1,4045.5,13,1
11483,2026-07-02 10:51:05+05:30,4044.0,27,4047.26,666443,142167.0,147788.0,4100.0,4110.0,4016.1,4092.6,23665950,4501.8,3683.4,4440.0,3288.1,4044.0,121,3,4043.6,4,2,4043.5,500,1,4043.3,21,1,4043.1,2,1,4045.0,500,1,4045.5,53,3,4045.7,64,3,4045.8,31,4,4045.9,27,2
11483,2026-07-02 10:51:05+05:30,4044.0,27,4047.26,666443,142167.0,147788.0,4100.0,4110.0,4016.1,4092.6,23665950,4501.8,3683.4,4440.0,3288.1,4044.0,121,3,4043.6,4,2,4043.5,500,1,4043.3,21,1,4043.1,2,1,4045.0,500,1,4045.5,53,3,4045.7,64,3,4045.8,31,4,4045.9,27,2
11483,2026-07-02 10:51:06+05:30,4045.0,7,4047.26,666450,142198.0,147795.0,4100.0,4110.0,4016.1,4092.6,23665950,4501.8,3683.4,4440.0,3288.1,4044.0,121,3,4043.6,12,3,4043.5,500,1,4043.3,21,1,4043.1,2,1,4045.0,505,2,4045.5,53,3,4045.6,38,1,4045.7,26,2,4045.8,31,4
11483,2026-07-02 10:51:06+05:30,4044.0,179,4047.26,666450,142198.0,147795.0,4100.0,4110.0,4016.1,4092.6,23665950,4501.8,3683.4,4440.0,3288.1,4044.0,121,3,4043.6,12,3,4043.5,500,1,4043.3,21,1,4043.1,2,1,4045.0,505,2,4045.5,53,3,4045.6,38,1,4045.7,26,2,4045.8,31,4
11483,2026-07-02 10:51:07+05:30,4045.0,1,4047.26,666751,142476.0,147501.0,4100.0,4110.0,4016.1,4092.6,23665950,4501.8,3683.4,4440.0,3288.1,4044.0,321,1,4043.6,4,2,4043.5,500,1,4043.4,5,1,4043.3,41,2,4045.0,504,2,4045.5,53,3,4045.6,38,1,4045.7,26,2,4045.8,31,4
11483,2026-07-02 10:51:07+05:30,4045.0,1,4047.26,666751,142476.0,147501.0,4100.0,4110.0,4016.1,4092.6,23665950,4501.8,3683.4,4440.0,3288.1,4044.0,321,1,4043.6,4,2,4043.5,500,1,4043.4,5,1,4043.3,41,2,4045.0,504,2,4045.5,53,3,4045.6,38,1,4045.7,26,2,4045.8,31,4
11483,2026-07-02 10:51:08+05:30,4044.0,2,4047.26,666753,142470.0,147501.0,4100.0,4110.0,4016.1,4092.6,23665950,4501.8,3683.4,4440.0,3288.1,4044.0,319,1,4043.6,4,2,4043.5,500,1,4043.3,41,2,4043.1,14,2,4045.0,504,2,4045.5,53,3,4045.6,38,1,4045.7,26,2,4045.8,31,4
11483,2026-07-02 10:51:08+05:30,4044.0,2,4047.26,666753,142470.0,147501.0,4100.0,4110.0,4016.1,4092.6,23665950,4501.8,3683.4,4440.0,3288.1,4044.0,319,1,4043.6,4,2,4043.5,500,1,4043.3,41,2,4043.1,14,2,4045.0,504,2,4045.5,53,3,4045.6,38,1,4045.7,26,2,4045.8,31,4
11483,2026-07-02 10:51:09+05:30,4045.0,3,4047.26,666756,142493.0,147501.0,4100.0,4110.0,4016.1,4092.6,23665950,4501.8,3683.4,4440.0,3288.1,4044.0,319,1,4043.6,23,2,4043.5,502,2,4043.3,41,2,4043.1,14,2,4045.0,501,2,4045.5,53,3,4045.6,38,1,4045.7,26,2,4045.8,31,4
11483,2026-07-02 10:51:09+05:30,4045.0,3,4047.26,666756,142493.0,147501.0,4100.0,4110.0,4016.1,4092.6,23665950,4501.8,3683.4,4440.0,3288.1,4044.0,319,1,4043.6,23,2,4043.5,502,2,4043.3,41,2,4043.1,14,2,4045.0,501,2,4045.5,53,3,4045.6,38,1,4045.7,26,2,4045.8,31,4
11483,2026-07-02 10:51:10+05:30,4045.0,3,4047.26,666756,142309.0,147474.0,4100.0,4110.0,4016.1,4092.6,23665950,4501.8,3683.4,4440.0,3288.1,4044.6,2,1,4044.0,331,2,4043.5,500,1,4043.3,21,1,4043.1,14,2,4045.0,535,5,4045.5,32,2,4045.6,5,1,4045.7,26,2,4045.8,48,5
11483,2026-07-02 10:51:10+05:30,4045.0,1,4047.26,666756,142309.0,147474.0,4100.0,4110.0,4016.1,4092.6,23665950,4501.8,3683.4,4440.0,3288.1,4044.6,2,1,4044.0,331,2,4043.5,500,1,4043.3,21,1,4043.1,14,2,4045.0,535,5,4045.5,32,2,4045.6,5,1,4045.7,26,2,4045.8,48,5
11483,2026-07-02 10:51:11+05:30,4045.0,1,4047.26,666757,142455.0,147434.0,4100.0,4110.0,4016.1,4092.6,23665950,4501.8,3683.4,4440.0,3288.1,4044.6,52,2,4044.0,331,2,4043.5,500,1,4043.3,21,1,4043.1,35,3,4044.8,1,1,4045.0,502,3,4045.2,12,1,4045.5,32,2,4045.6,5,1
11483,2026-07-02 10:51:12+05:30,4045.0,1,4047.26,666757,142518.0,147516.0,4100.0,4110.0,4016.1,4092.6,23665950,4501.8,3683.4,4440.0,3288.1,4044.7,1,1,4044.6,52,2,4044.0,331,2,4043.5,500,1,4043.3,41,2,4044.8,1,1,4045.0,490,2,4045.2,12,1,4045.5,32,2,4045.7,54,3
11483,2026-07-02 10:51:13+05:30,4045.0,7,4047.26,666775,142547.0,147578.0,4100.0,4110.0,4016.1,4092.6,23665950,4501.8,3683.4,4440.0,3288.1,4044.7,1,1,4044.6,52,2,4044.0,331,2,4043.5,500,1,4043.3,41,2,4045.0,484,3,4045.4,12,1,4045.7,94,5,4045.8,48,5,4045.9,21,1
11483,2026-07-02 10:51:13+05:30,4045.0,5,4047.26,666775,142547.0,147578.0,4100.0,4110.0,4016.1,4092.6,23665950,4501.8,3683.4,4440.0,3288.1,4044.7,1,1,4044.6,52,2,4044.0,331,2,4043.5,500,1,4043.3,41,2,4045.0,484,3,4045.4,12,1,4045.7,94,5,4045.8,48,5,4045.9,21,1
11483,2026-07-02 10:51:14+05:30,4045.0,5,4047.26,666780,142565.0,147566.0,4100.0,4110.0,4016.1,4092.6,23665950,4501.8,3683.4,4440.0,3288.1,4044.7,1,1,4044.6,52,2,4044.0,331,2,4043.5,500,1,4043.4,2,1,4045.0,490,4,4045.2,12,1,4045.5,24,2,4045.7,94,5,4045.8,64,6
11483,2026-07-02 10:51:15+05:30,4045.0,4,4047.26,666787,142558.0,147570.0,4100.0,4110.0,4016.1,4092.6,23665950,4501.8,3683.4,4440.0,3288.1,4044.7,1,1,4044.6,52,2,4044.0,331,2,4043.5,500,1,4043.4,20,1,4045.0,486,4,4045.2,12,1,4045.5,24,2,4045.7,94,5,4045.8,64,6
11483,2026-07-02 10:51:15+05:30,4045.0,2,4047.26,666787,142558.0,147570.0,4100.0,4110.0,4016.1,4092.6,23665950,4501.8,3683.4,4440.0,3288.1,4044.7,1,1,4044.6,52,2,4044.0,331,2,4043.5,500,1,4043.4,20,1,4045.0,486,4,4045.2,12,1,4045.5,24,2,4045.7,94,5,4045.8,64,6
11483,2026-07-02 10:51:16+05:30,4044.6,9,4047.26,666804,142741.0,147570.0,4100.0,4110.0,4016.1,4092.6,23665950,4501.8,3683.4,4440.0,3288.1,4044.6,41,1,4044.0,331,2,4043.5,500,1,4043.4,20,1,4043.3,21,1,4045.0,486,5,4045.2,12,1,4045.5,24,2,4045.7,94,5,4045.8,64,6
11483,2026-07-02 10:51:16+05:30,4044.6,9,4047.26,666804,142741.0,147570.0,4100.0,4110.0,4016.1,4092.6,23665950,4501.8,3683.4,4440.0,3288.1,4044.6,41,1,4044.0,331,2,4043.5,500,1,4043.4,20,1,4043.3,21,1,4045.0,486,5,4045.2,12,1,4045.5,24,2,4045.7,94,5,4045.8,64,6
11483,2026-07-02 10:51:17+05:30,4044.6,9,4047.26,666804,142741.0,147571.0,4100.0,4110.0,4016.1,4092.6,23665950,4501.8,3683.4,4440.0,3288.1,4044.6,41,1,4044.0,331,2,4043.5,500,1,4043.4,20,1,4043.3,21,1,4045.0,486,5,4045.2,12,1,4045.5,24,2,4045.7,94,5,4045.8,64,6
11483,2026-07-02 10:51:17+05:30,4045.0,20,4047.26,666804,142741.0,147571.0,4100.0,4110.0,4016.1,4092.6,23665950,4501.8,3683.4,4440.0,3288.1,4044.6,41,1,4044.0,331,2,4043.5,500,1,4043.4,20,1,4043.3,21,1,4045.0,486,5,4045.2,12,1,4045.5,24,2,4045.7,94,5,4045.8,64,6
11483,2026-07-02 10:51:18+05:30,4044.6,1,4047.26,666925,142720.0,147452.0,4100.0,4110.0,4016.1,4092.6,23665950,4501.8,3683.4,4440.0,3288.1,4044.6,40,1,4044.0,331,2,4043.5,500,1,4043.4,22,2,4043.3,41,2,4045.0,465,5,4045.2,12,1,4045.5,24,2,4045.7,94,5,4045.8,64,6
11483,2026-07-02 10:51:18+05:30,4044.6,1,4047.26,666925,142720.0,147452.0,4100.0,4110.0,4016.1,4092.6,23665950,4501.8,3683.4,4440.0,3288.1,4044.6,40,1,4044.0,331,2,4043.5,500,1,4043.4,22,2,4043.3,41,2,4045.0,465,5,4045.2,12,1,4045.5,24,2,4045.7,94,5,4045.8,64,6
11483,2026-07-02 10:51:19+05:30,4045.0,60,4047.26,666985,142737.0,147387.0,4100.0,4110.0,4016.1,4092.6,23665950,4501.8,3683.4,4440.0,3288.1,4044.6,40,1,4044.0,331,2,4043.5,502,2,4043.4,20,1,4043.3,41,2,4045.0,405,5,4045.2,12,1,4045.5,24,2,4045.7,89,4,4045.8,64,6
11483,2026-07-02 10:51:19+05:30,4045.0,1,4047.26,666985,142737.0,147387.0,4100.0,4110.0,4016.1,4092.6,23665950,4501.8,3683.4,4440.0,3288.1,4044.6,40,1,4044.0,331,2,4043.5,502,2,4043.4,20,1,4043.3,41,2,4045.0,405,5,4045.2,12,1,4045.5,24,2,4045.7,89,4,4045.8,64,6
11483,2026-07-02 10:51:21+05:30,4044.8,1,4047.26,666985,142737.0,147387.0,4100.0,4110.0,4016.1,4092.6,23665950,4501.8,3683.4,4440.0,3288.1,4044.6,40,1,4044.0,331,2,4043.5,502,2,4043.4,20,1,4043.3,41,2,4045.0,405,5,4045.2,12,1,4045.5,24,2,4045.7,89,4,4045.8,64,6
11483,2026-07-02 10:51:23+05:30,4044.7,1,4047.26,666990,142624.0,147140.0,4100.0,4110.0,4016.1,4092.6,23665950,4501.8,3683.4,4440.0,3288.1,4044.7,1,1,4044.6,40,1,4044.0,345,3,4043.6,4,2,4043.5,502,2,4044.8,2,2,4045.0,402,4,4045.4,12,1,4045.7,69,3,4045.8,76,5
11483,2026-07-02 10:51:24+05:30,4045.0,1,4047.26,666990,142624.0,147140.0,4100.0,4110.0,4016.1,4092.6,23665950,4501.8,3683.4,4440.0,3288.1,4044.7,1,1,4044.6,40,1,4044.0,345,3,4043.6,4,2,4043.5,502,2,4044.8,2,2,4045.0,402,4,4045.4,12,1,4045.7,69,3,4045.8,76,5
11483,2026-07-02 10:51:26+05:30,4045.0,1,4047.26,666990,142624.0,147140.0,4100.0,4110.0,4016.1,4092.6,23665950,4501.8,3683.4,4440.0,3288.1,4044.7,1,1,4044.6,40,1,4044.0,345,3,4043.6,4,2,4043.5,502,2,4044.8,2,2,4045.0,402,4,4045.4,12,1,4045.7,69,3,4045.8,76,5
11483,2026-07-02 10:51:27+05:30,4045.0,1,4047.26,666990,142624.0,147140.0,4100.0,4110.0,4016.1,4092.6,23665950,4501.8,3683.4,4440.0,3288.1,4044.7,1,1,4044.6,40,1,4044.0,345,3,4043.6,4,2,4043.5,502,2,4044.8,2,2,4045.0,402,4,4045.4,12,1,4045.7,69,3,4045.8,76,5
11483,2026-07-02 10:51:27+05:30,4044.5,15,4047.26,666990,142624.0,147140.0,4100.0,4110.0,4016.1,4092.6,23665950,4501.8,3683.4,4440.0,3288.1,4044.7,1,1,4044.6,40,1,4044.0,345,3,4043.6,4,2,4043.5,502,2,4044.8,2,2,4045.0,402,4,4045.4,12,1,4045.7,69,3,4045.8,76,5
11483,2026-07-02 10:51:27+05:30,4044.5,15,4047.26,666990,142624.0,147140.0,4100.0,4110.0,4016.1,4092.6,23665950,4501.8,3683.4,4440.0,3288.1,4044.7,1,1,4044.6,40,1,4044.0,345,3,4043.6,4,2,4043.5,502,2,4044.8,2,2,4045.0,402,4,4045.4,12,1,4045.7,69,3,4045.8,76,5
11483,2026-07-02 10:51:28+05:30,4044.5,15,4047.26,666990,142624.0,147140.0,4100.0,4110.0,4016.1,4092.6,23665950,4501.8,3683.4,4440.0,3288.1,4044.7,1,1,4044.6,40,1,4044.0,345,3,4043.6,4,2,4043.5,502,2,4044.8,2,2,4045.0,402,4,4045.4,12,1,4045.7,69,3,4045.8,76,5
11483,2026-07-02 10:51:28+05:30,4044.5,5,4047.26,667109,142518.0,148033.0,4100.0,4110.0,4016.1,4092.6,23665950,4501.8,3683.4,4440.0,3288.1,4044.0,339,4,4043.9,12,1,4043.6,16,1,4043.5,520,3,4043.4,16,3,4044.5,427,1,4045.0,386,3,4045.1,4,1,4045.2,12,1,4045.4,20,1
11483,2026-07-02 10:51:29+05:30,4044.5,5,4047.26,667109,142518.0,148033.0,4100.0,4110.0,4016.1,4092.6,23665950,4501.8,3683.4,4440.0,3288.1,4044.0,339,4,4043.9,12,1,4043.6,16,1,4043.5,520,3,4043.4,16,3,4044.5,427,1,4045.0,386,3,4045.1,4,1,4045.2,12,1,4045.4,20,1
11483,2026-07-02 10:51:30+05:30,4044.5,5,4047.26,667109,142518.0,148033.0,4100.0,4110.0,4016.1,4092.6,23665950,4501.8,3683.4,4440.0,3288.1,4044.0,339,4,4043.9,12,1,4043.6,16,1,4043.5,520,3,4043.4,16,3,4044.5,427,1,4045.0,386,3,4045.1,4,1,4045.2,12,1,4045.4,20,1
11483,2026-07-02 10:51:30+05:30,4044.5,5,4047.26,667109,142518.0,148033.0,4100.0,4110.0,4016.1,4092.6,23668750,4501.8,3683.4,4440.0,3288.1,4044.0,339,4,4043.9,12,1,4043.6,16,1,4043.5,520,3,4043.4,16,3,4044.5,427,1,4045.0,386,3,4045.1,4,1,4045.2,12,1,4045.4,20,1
11483,2026-07-02 10:51:30+05:30,4044.5,3,4047.26,667109,142518.0,148033.0,4100.0,4110.0,4016.1,4092.6,23668750,4501.8,3683.4,4440.0,3288.1,4044.0,339,4,4043.9,12,1,4043.6,16,1,4043.5,520,3,4043.4,16,3,4044.5,427,1,4045.0,386,3,4045.1,4,1,4045.2,12,1,4045.4,20,1
11483,2026-07-02 10:51:30+05:30,4044.5,3,4047.26,667109,142518.0,148033.0,4100.0,4110.0,4016.1,4092.6,23668750,4501.8,3683.4,4440.0,3288.1,4044.0,339,4,4043.9,12,1,4043.6,16,1,4043.5,520,3,4043.4,16,3,4044.5,427,1,4045.0,386,3,4045.1,4,1,4045.2,12,1,4045.4,20,1
11483,2026-07-02 10:51:31+05:30,4044.5,3,4047.26,667109,142518.0,148033.0,4100.0,4110.0,4016.1,4092.6,23668750,4501.8,3683.4,4440.0,3288.1,4044.0,339,4,4043.9,12,1,4043.6,16,1,4043.5,520,3,4043.4,16,3,4044.5,427,1,4045.0,386,3,4045.1,4,1,4045.2,12,1,4045.4,20,1
11483,2026-07-02 10:51:32+05:30,4044.5,3,4047.26,667109,142518.0,148033.0,4100.0,4110.0,4016.1,4092.6,23668750,4501.8,3683.4,4440.0,3288.1,4044.0,339,4,4043.9,12,1,4043.6,16,1,4043.5,520,3,4043.4,16,3,4044.5,427,1,4045.0,386,3,4045.1,4,1,4045.2,12,1,4045.4,20,1
11483,2026-07-02 10:51:33+05:30,4044.1,1,4047.26,667165,142527.0,147637.0,4100.0,4110.0,4016.1,4092.6,23668750,4501.8,3683.4,4440.0,3288.1,4044.1,1,1,4044.0,322,5,4043.7,12,1,4043.6,13,1,4043.5,500,1,4044.3,4,3,4044.5,405,2,4044.8,14,1,4044.9,50,1,4045.0,402,4
11483,2026-07-02 10:51:33+05:30,4044.1,1,4047.26,667165,142527.0,147637.0,4100.0,4110.0,4016.1,4092.6,23668750,4501.8,3683.4,4440.0,3288.1,4044.1,1,1,4044.0,322,5,4043.7,12,1,4043.6,13,1,4043.5,500,1,4044.3,4,3,4044.5,405,2,4044.8,14,1,4044.9,50,1,4045.0,402,4
11483,2026-07-02 10:51:36+05:30,4044.7,50,4047.26,667165,142527.0,147637.0,4100.0,4110.0,4016.1,4092.6,23668750,4501.8,3683.4,4440.0,3288.1,4044.1,1,1,4044.0,322,5,4043.7,12,1,4043.6,13,1,4043.5,500,1,4044.3,4,3,4044.5,405,2,4044.8,14,1,4044.9,50,1,4045.0,402,4
11483,2026-07-02 10:51:39+05:30,4044.7,1,4047.26,667657,142908.0,147139.0,4100.0,4110.0,4016.1,4092.6,23668750,4501.8,3683.4,4440.0,3288.1,4044.7,12,1,4044.3,3,1,4044.2,3,1,4044.1,12,1,4044.0,302,5,4044.8,11,1,4045.0,402,4,4045.5,2,1,4045.7,28,1,4045.9,40,3
11483,2026-07-02 10:51:39+05:30,4044.8,1,4047.26,667657,142908.0,147139.0,4100.0,4110.0,4016.1,4092.6,23668750,4501.8,3683.4,4440.0,3288.1,4044.7,12,1,4044.3,3,1,4044.2,3,1,4044.1,12,1,4044.0,302,5,4044.8,11,1,4045.0,402,4,4045.5,2,1,4045.7,28,1,4045.9,40,3
11483,2026-07-02 10:51:42+05:30,4044.9,1,4047.26,667657,142908.0,147139.0,4100.0,4110.0,4016.1,4092.6,23668750,4501.8,3683.4,4440.0,3288.1,4044.7,12,1,4044.3,3,1,4044.2,3,1,4044.1,12,1,4044.0,302,5,4044.8,11,1,4045.0,402,4,4045.5,2,1,4045.7,28,1,4045.9,40,3
11483,2026-07-02 10:51:44+05:30,4044.8,1,4047.26,667719,142996.0,147096.0,4100.0,4110.0,4016.1,4092.6,23668750,4501.8,3683.4,4440.0,3288.1,4044.8,53,3,4044.7,13,2,4044.0,316,8,4043.8,2,1,4043.7,29,2,4045.0,365,3,4045.5,4,2,4045.7,48,2,4045.9,38,2,4046.0,142,9
11483,2026-07-02 10:51:45+05:30,4044.7,3,4047.26,667719,142996.0,147096.0,4100.0,4110.0,4016.1,4092.6,23668750,4501.8,3683.4,4440.0,3288.1,4044.8,53,3,4044.7,13,2,4044.0,316,8,4043.8,2,1,4043.7,29,2,4045.0,365,3,4045.5,4,2,4045.7,48,2,4045.9,38,2,4046.0,142,9
11483,2026-07-02 10:51:48+05:30,4044.9,5,4047.26,667719,142996.0,147096.0,4100.0,4110.0,4016.1,4092.6,23668750,4501.8,3683.4,4440.0,3288.1,4044.8,53,3,4044.7,13,2,4044.0,316,8,4043.8,2,1,4043.7,29,2,4045.0,365,3,4045.5,4,2,4045.7,48,2,4045.9,38,2,4046.0,142,9
11483,2026-07-02 10:51:48+05:30,4044.9,5,4047.25,669065,142915.0,145550.0,4100.0,4110.0,4016.1,4092.6,23668750,4501.8,3683.4,4440.0,3288.1,4044.9,50,6,4044.8,21,3,4044.7,11,2,4044.6,15,2,4044.5,23,4,4045.0,269,2,4045.5,2,1,4045.7,28,1,4045.9,21,1,4046.0,90,5
11483,2026-07-02 10:51:51+05:30,4045.0,1,4047.25,669065,142915.0,145550.0,4100.0,4110.0,4016.1,4092.6,23668750,4501.8,3683.4,4440.0,3288.1,4044.9,50,6,4044.8,21,3,4044.7,11,2,4044.6,15,2,4044.5,23,4,4045.0,269,2,4045.5,2,1,4045.7,28,1,4045.9,21,1,4046.0,90,5
11483,2026-07-02 10:51:53+05:30,4045.0,3,4047.25,669082,142920.0,146623.0,4100.0,4110.0,4016.1,4092.6,23668750,4501.8,3683.4,4440.0,3288.1,4044.9,34,5,4044.8,5,2,4044.7,5,1,4044.6,12,1,4044.5,11,2,4045.0,264,5,4045.5,2,1,4045.7,28,1,4045.9,21,1,4046.0,90,5
11483,2026-07-02 10:51:54+05:30,4044.9,4,4047.25,669082,142920.0,146623.0,4100.0,4110.0,4016.1,4092.6,23668750,4501.8,3683.4,4440.0,3288.1,4044.9,34,5,4044.8,5,2,4044.7,5,1,4044.6,12,1,4044.5,11,2,4045.0,264,5,4045.5,2,1,4045.7,28,1,4045.9,21,1,4046.0,90,5
11483,2026-07-02 10:51:57+05:30,4045.0,50,4047.25,669082,142920.0,146623.0,4100.0,4110.0,4016.1,4092.6,23668750,4501.8,3683.4,4440.0,3288.1,4044.9,34,5,4044.8,5,2,4044.7,5,1,4044.6,12,1,4044.5,11,2,4045.0,264,5,4045.5,2,1,4045.7,28,1,4045.9,21,1,4046.0,90,5
11483,2026-07-02 10:51:58+05:30,4045.0,7,4047.25,669199,143240.0,146434.0,4100.0,4110.0,4016.1,4092.6,23668750,4501.8,3683.4,4440.0,3288.1,4044.9,26,4,4044.8,9,3,4044.7,5,1,4044.6,19,2,4044.5,12,3,4045.0,182,4,4045.5,2,1,4045.7,28,1,4045.9,21,1,4046.0,90,5
11483,2026-07-02 10:52:00+05:30,4045.0,3,4047.25,669199,143240.0,146434.0,4100.0,4110.0,4016.1,4092.6,23668750,4501.8,3683.4,4440.0,3288.1,4044.9,26,4,4044.8,9,3,4044.7,5,1,4044.6,19,2,4044.5,12,3,4045.0,182,4,4045.5,2,1,4045.7,28,1,4045.9,21,1,4046.0,90,5
11483,2026-07-02 10:52:03+05:30,4045.0,455,4047.25,669199,143240.0,146434.0,4100.0,4110.0,4016.1,4092.6,23668750,4501.8,3683.4,4440.0,3288.1,4044.9,26,4,4044.8,9,3,4044.7,5,1,4044.6,19,2,4044.5,12,3,4045.0,182,4,4045.5,2,1,4045.7,28,1,4045.9,21,1,4046.0,90,5
11483,2026-07-02 10:52:04+05:30,4044.9,1,4047.25,669852,143157.0,146301.0,4100.0,4110.0,4016.1,4092.6,23668750,4501.8,3683.4,4440.0,3288.1,4044.9,24,5,4044.8,5,2,4044.7,10,2,4044.6,19,2,4044.5,17,3,4045.0,54,4,4045.5,2,1,4045.7,28,1,4045.9,21,1,4046.0,90,5
11483,2026-07-02 10:52:06+05:30,4045.3,10,4047.25,669852,143157.0,146301.0,4100.0,4110.0,4016.1,4092.6,23668750,4501.8,3683.4,4440.0,3288.1,4044.9,24,5,4044.8,5,2,4044.7,10,2,4044.6,19,2,4044.5,17,3,4045.0,54,4,4045.5,2,1,4045.7,28,1,4045.9,21,1,4046.0,90,5
11483,2026-07-02 10:52:09+05:30,4046.3,1,4047.24,673245,144443.0,144793.0,4100.0,4110.0,4016.1,4092.6,23668750,4501.8,3683.4,4440.0,3288.1,4045.3,39,6,4045.2,67,4,4045.1,87,6,4045.0,43,6,4044.9,74,12,4046.3,26,1,4046.9,23,1,4047.0,135,8,4047.1,4,1,4047.2,42,4
11483,2026-07-02 10:52:09+05:30,4045.3,1,4047.24,673245,144443.0,144793.0,4100.0,4110.0,4016.1,4092.6,23668750,4501.8,3683.4,4440.0,3288.1,4045.3,39,6,4045.2,67,4,4045.1,87,6,4045.0,43,6,4044.9,74,12,4046.3,26,1,4046.9,23,1,4047.0,135,8,4047.1,4,1,4047.2,42,4
11483,2026-07-02 10:52:12+05:30,4045.7,1,4047.24,673245,144443.0,144793.0,4100.0,4110.0,4016.1,4092.6,23668750,4501.8,3683.4,4440.0,3288.1,4045.3,39,6,4045.2,67,4,4045.1,87,6,4045.0,43,6,4044.9,74,12,4046.3,26,1,4046.9,23,1,4047.0,135,8,4047.1,4,1,4047.2,42,4
11483,2026-07-02 10:52:14+05:30,4045.8,2,4047.24,673296,144197.0,145707.0,4100.0,4110.0,4016.1,4092.6,23668750,4501.8,3683.4,4440.0,3288.1,4045.7,1,1,4045.3,17,3,4045.2,29,3,4045.1,57,3,4045.0,18,2,4045.9,1,1,4046.3,25,2,4046.6,2,1,4046.8,27,2,4046.9,55,3
11483,2026-07-02 10:52:15+05:30,4046.3,2,4047.24,673296,144197.0,145707.0,4100.0,4110.0,4016.1,4092.6,23668750,4501.8,3683.4,4440.0,3288.1,4045.7,1,1,4045.3,17,3,4045.2,29,3,4045.1,57,3,4045.0,18,2,4045.9,1,1,4046.3,25,2,4046.6,2,1,4046.8,27,2,4046.9,55,3
11483,2026-07-02 10:52:18+05:30,4045.3,1,4047.24,673296,144197.0,145707.0,4100.0,4110.0,4016.1,4092.6,23668750,4501.8,3683.4,4440.0,3288.1,4045.7,1,1,4045.3,17,3,4045.2,29,3,4045.1,57,3,4045.0,18,2,4045.9,1,1,4046.3,25,2,4046.6,2,1,4046.8,27,2,4046.9,55,3
11483,2026-07-02 10:52:19+05:30,4045.3,1,4047.24,673312,144071.0,145470.0,4100.0,4110.0,4016.1,4092.6,23668750,4501.8,3683.4,4440.0,3288.1,4045.3,11,1,4045.2,19,2,4045.1,18,2,4045.0,18,2,4044.9,15,4,4046.3,16,2,4046.6,52,4,4046.7,16,2,4046.8,103,5,4046.9,20,1
11483,2026-07-02 10:52:21+05:30,4045.3,1,4047.24,673312,144071.0,145470.0,4100.0,4110.0,4016.1,4092.6,23668750,4501.8,3683.4,4440.0,3288.1,4045.3,11,1,4045.2,19,2,4045.1,18,2,4045.0,18,2,4044.9,15,4,4046.3,16,2,4046.6,52,4,4046.7,16,2,4046.8,103,5,4046.9,20,1
11483,2026-07-02 10:52:24+05:30,4046.3,1,4047.24,673346,144206.0,145194.0,4100.0,4110.0,4016.1,4092.6,23668750,4501.8,3683.4,4440.0,3288.1,4045.5,13,1,4045.3,25,3,4045.2,19,2,4045.1,18,2,4045.0,21,3,4046.3,57,3,4046.6,1,1,4046.8,2,1,4046.9,22,2,4047.0,196,12
11483,2026-07-02 10:52:24+05:30,4046.3,1,4047.24,673346,144206.0,145194.0,4100.0,4110.0,4016.1,4092.6,23668750,4501.8,3683.4,4440.0,3288.1,4045.5,13,1,4045.3,25,3,4045.2,19,2,4045.1,18,2,4045.0,21,3,4046.3,57,3,4046.6,1,1,4046.8,2,1,4046.9,22,2,4047.0,196,12
11483,2026-07-02 10:52:26+05:30,4046.3,1,4047.24,673346,144206.0,145194.0,4100.0,4110.0,4016.1,4092.6,23668750,4501.8,3683.4,4440.0,3288.1,4045.5,13,1,4045.3,25,3,4045.2,19,2,4045.1,18,2,4045.0,21,3,4046.3,57,3,4046.6,1,1,4046.8,2,1,4046.9,22,2,4047.0,196,12
11483,2026-07-02 10:52:27+05:30,4046.3,1,4047.24,673346,144206.0,145194.0,4100.0,4110.0,4016.1,4092.6,23668750,4501.8,3683.4,4440.0,3288.1,4045.5,13,1,4045.3,25,3,4045.2,19,2,4045.1,18,2,4045.0,21,3,4046.3,57,3,4046.6,1,1,4046.8,2,1,4046.9,22,2,4047.0,196,12
11483,2026-07-02 10:52:27+05:30,4045.5,1,4047.24,673346,144206.0,145194.0,4100.0,4110.0,4016.1,4092.6,23668750,4501.8,3683.4,4440.0,3288.1,4045.5,13,1,4045.3,25,3,4045.2,19,2,4045.1,18,2,4045.0,21,3,4046.3,57,3,4046.6,1,1,4046.8,2,1,4046.9,22,2,4047.0,196,12
11483,2026-07-02 10:52:27+05:30,4045.5,1,4047.24,673346,144206.0,145194.0,4100.0,4110.0,4016.1,4092.6,23668750,4501.8,3683.4,4440.0,3288.1,4045.5,13,1,4045.3,25,3,4045.2,19,2,4045.1,18,2,4045.0,21,3,4046.3,57,3,4046.6,1,1,4046.8,2,1,4046.9,22,2,4047.0,196,12
11483,2026-07-02 10:52:28+05:30,4045.5,1,4047.24,673346,144206.0,145194.0,4100.0,4110.0,4016.1,4092.6,23668750,4501.8,3683.4,4440.0,3288.1,4045.5,13,1,4045.3,25,3,4045.2,19,2,4045.1,18,2,4045.0,21,3,4046.3,57,3,4046.6,1,1,4046.8,2,1,4046.9,22,2,4047.0,196,12
11483,2026-07-02 10:52:29+05:30,4045.5,3,4047.24,673405,144134.0,145841.0,4100.0,4110.0,4016.1,4092.6,23668750,4501.8,3683.4,4440.0,3288.1,4045.5,4,1,4045.3,25,3,4045.2,19,2,4045.1,18,2,4045.0,151,4,4046.3,533,4,4046.6,5,2,4046.7,12,1,4046.9,46,4,4047.0,189,12
11483,2026-07-02 10:52:29+05:30,4045.5,3,4047.24,673405,144134.0,145841.0,4100.0,4110.0,4016.1,4092.6,23668750,4501.8,3683.4,4440.0,3288.1,4045.5,4,1,4045.3,25,3,4045.2,19,2,4045.1,18,2,4045.0,151,4,4046.3,533,4,4046.6,5,2,4046.7,12,1,4046.9,46,4,4047.0,189,12
11483,2026-07-02 10:52:30+05:30,4045.5,3,4047.24,673405,144134.0,145841.0,4100.0,4110.0,4016.1,4092.6,23668750,4501.8,3683.4,4440.0,3288.1,4045.5,4,1,4045.3,25,3,4045.2,19,2,4045.1,18,2,4045.0,151,4,4046.3,533,4,4046.6,5,2,4046.7,12,1,4046.9,46,4,4047.0,189,12
11483,2026-07-02 10:52:30+05:30,4045.5,3,4047.24,673405,144134.0,145841.0,4100.0,4110.0,4016.1,4092.6,23667525,4501.8,3683.4,4440.0,3288.1,4045.5,4,1,4045.3,25,3,4045.2,19,2,4045.1,18,2,4045.0,151,4,4046.3,533,4,4046.6,5,2,4046.7,12,1,4046.9,46,4,4047.0,189,12
11483,2026-07-02 10:52:30+05:30,4045.9,1,4047.24,673405,144134.0,145841.0,4100.0,4110.0,4016.1,4092.6,23667525,4501.8,3683.4,4440.0,3288.1,4045.5,4,1,4045.3,25,3,4045.2,19,2,4045.1,18,2,4045.0,151,4,4046.3,533,4,4046.6,5,2,4046.7,12,1,4046.9,46,4,4047.0,189,12
11483,2026-07-02 10:52:31+05:30,4045.9,1,4047.24,673405,144134.0,145841.0,4100.0,4110.0,4016.1,4092.6,23667525,4501.8,3683.4,4440.0,3288.1,4045.5,4,1,4045.3,25,3,4045.2,19,2,4045.1,18,2,4045.0,151,4,4046.3,533,4,4046.6,5,2,4046.7,12,1,4046.9,46,4,4047.0,189,12
11483,2026-07-02 10:52:32+05:30,4045.9,1,4047.24,673405,144134.0,145841.0,4100.0,4110.0,4016.1,4092.6,23667525,4501.8,3683.4,4440.0,3288.1,4045.5,4,1,4045.3,25,3,4045.2,19,2,4045.1,18,2,4045.0,151,4,4046.3,533,4,4046.6,5,2,4046.7,12,1,4046.9,46,4,4047.0,189,12
11483,2026-07-02 10:52:33+05:30,4046.0,1,4047.24,673405,144134.0,145841.0,4100.0,4110.0,4016.1,4092.6,23667525,4501.8,3683.4,4440.0,3288.1,4045.5,4,1,4045.3,25,3,4045.2,19,2,4045.1,18,2,4045.0,151,4,4046.3,533,4,4046.6,5,2,4046.7,12,1,4046.9,46,4,4047.0,189,12
11483,2026-07-02 10:52:34+05:30,4046.0,1,4047.24,673643,144094.0,146437.0,4100.0,4110.0,4016.1,4092.6,23667525,4501.8,3683.4,4440.0,3288.1,4045.7,1,1,4045.6,3,1,4045.5,15,1,4045.0,167,2,4044.9,15,2,4046.0,2,2,4046.3,544,5,4046.5,15,1,4046.6,28,3,4046.7,13,1
11483,2026-07-02 10:52:36+05:30,4046.0,1,4047.24,673643,144094.0,146437.0,4100.0,4110.0,4016.1,4092.6,23667525,4501.8,3683.4,4440.0,3288.1,4045.7,1,1,4045.6,3,1,4045.5,15,1,4045.0,167,2,4044.9,15,2,4046.0,2,2,4046.3,544,5,4046.5,15,1,4046.6,28,3,4046.7,13,1
11483,2026-07-02 10:52:39+05:30,4046.3,2,4047.24,673658,144156.0,146425.0,4100.0,4110.0,4016.1,4092.6,23667525,4501.8,3683.4,4440.0,3288.1,4046.0,3,1,4045.5,15,1,4045.0,189,3,4044.9,15,2,4044.8,1,1,4046.3,526,4,4046.4,20,1,4046.5,15,1,4046.6,40,4,4046.7,2,1
11483,2026-07-02 10:52:39+05:30,4046.3,1,4047.24,673658,144156.0,146425.0,4100.0,4110.0,4016.1,4092.6,23667525,4501.8,3683.4,4440.0,3288.1,4046.0,3,1,4045.5,15,1,4045.0,189,3,4044.9,15,2,4044.8,1,1,4046.3,526,4,4046.4,20,1,4046.5,15,1,4046.6,40,4,4046.7,2,1
11483,2026-07-02 10:52:42+05:30,4046.3,153,4047.24,673658,144156.0,146425.0,4100.0,4110.0,4016.1,4092.6,23667525,4501.8,3683.4,4440.0,3288.1,4046.0,3,1,4045.5,15,1,4045.0,189,3,4044.9,15,2,4044.8,1,1,4046.3,526,4,4046.4,20,1,4046.5,15,1,4046.6,40,4,4046.7,2,1
11483,2026-07-02 10:52:44+05:30,4046.3,1,4047.24,673924,144584.0,145681.0,4100.0,4110.0,4016.1,4092.6,23667525,4501.8,3683.4,4440.0,3288.1,4045.6,63,6,4045.5,46,5,4045.4,68,7,4045.3,49,5,4045.2,49,4,4046.3,413,4,4046.5,15,1,4046.6,1,1,4047.0,198,10,4047.2,50,4
11483,2026-07-02 10:52:45+05:30,4046.3,3,4047.24,673924,144584.0,145681.0,4100.0,4110.0,4016.1,4092.6,23667525,4501.8,3683.4,4440.0,3288.1,4045.6,63,6,4045.5,46,5,4045.4,68,7,4045.3,49,5,4045.2,49,4,4046.3,413,4,4046.5,15,1,4046.6,1,1,4047.0,198,10,4047.2,50,4
11483,2026-07-02 10:52:48+05:30,4046.3,1,4047.24,673924,144584.0,145681.0,4100.0,4110.0,4016.1,4092.6,23667525,4501.8,3683.4,4440.0,3288.1,4045.6,63,6,4045.5,46,5,4045.4,68,7,4045.3,49,5,4045.2,49,4,4046.3,413,4,4046.5,15,1,4046.6,1,1,4047.0,198,10,4047.2,50,4
11483,2026-07-02 10:52:50+05:30,4046.3,2,4047.24,673961,144726.0,145548.0,4100.0,4110.0,4016.1,4092.6,23667525,4501.8,3683.4,4440.0,3288.1,4046.0,63,7,4045.9,22,2,4045.8,34,4,4045.7,16,1,4045.6,35,4,4046.3,385,3,4046.5,15,1,4046.6,1,1,4047.0,186,9,4047.2,30,3
11483,2026-07-02 10:52:51+05:30,4046.3,1,4047.24,673961,144726.0,145548.0,4100.0,4110.0,4016.1,4092.6,23667525,4501.8,3683.4,4440.0,3288.1,4046.0,63,7,4045.9,22,2,4045.8,34,4,4045.7,16,1,4045.6,35,4,4046.3,385,3,4046.5,15,1,4046.6,1,1,4047.0,186,9,4047.2,30,3
11483,2026-07-02 10:52:54+05:30,4046.0,8,4047.24,673961,144726.0,145548.0,4100.0,4110.0,4016.1,4092.6,23667525,4501.8,3683.4,4440.0,3288.1,4046.0,63,7,4045.9,22,2,4045.8,34,4,4045.7,16,1,4045.6,35,4,4046.3,385,3,4046.5,15,1,4046.6,1,1,4047.0,186,9,4047.2,30,3
11483,2026-07-02 10:52:55+05:30,4046.0,1,4047.24,674080,144739.0,145624.0,4100.0,4110.0,4016.1,4092.6,23667525,4501.8,3683.4,4440.0,3288.1,4046.0,29,4,4045.9,34,3,4045.8,14,1,4045.7,16,1,4045.6,20,2,4046.3,312,5,4046.5,15,1,4046.6,1,1,4047.0,186,9,4047.2,48,4
11483,2026-07-02 10:52:57+05:30,4046.3,1,4047.24,674080,144739.0,145624.0,4100.0,4110.0,4016.1,4092.6,23667525,4501.8,3683.4,4440.0,3288.1,4046.0,29,4,4045.9,34,3,4045.8,14,1,4045.7,16,1,4045.6,20,2,4046.3,312,5,4046.5,15,1,4046.6,1,1,4047.0,186,9,4047.2,48,4
11483,2026-07-02 10:53:00+05:30,4046.0,1,4047.24,674129,144659.0,145577.0,4100.0,4110.0,4016.1,4092.6,23667525,4501.8,3683.4,4440.0,3288.1,4046.0,13,1,4045.9,11,1,4045.8,14,1,4045.7,16,1,4045.6,16,1,4046.3,274,4,4046.5,15,1,4046.6,1,1,4047.0,186,9,4047.2,42,4
11483,2026-07-02 10:53:00+05:30,4046.3,3,4047.24,674129,144659.0,145577.0,4100.0,4110.0,4016.1,4092.6,23667525,4501.8,3683.4,4440.0,3288.1,4046.0,13,1,4045.9,11,1,4045.8,14,1,4045.7,16,1,4045.6,16,1,4046.3,274,4,4046.5,15,1,4046.6,1,1,4047.0,186,9,4047.2,42,4
11483,2026-07-02 10:53:03+05:30,4046.1,1,4047.24,674129,144659.0,145577.0,4100.0,4110.0,4016.1,4092.6,23667525,4501.8,3683.4,4440.0,3288.1,4046.0,13,1,4045.9,11,1,4045.8,14,1,4045.7,16,1,4045.6,16,1,4046.3,274,4,4046.5,15,1,4046.6,1,1,4047.0,186,9,4047.2,42,4
11483,2026-07-02 10:53:05+05:30,4046.1,1,4047.24,674141,144174.0,145375.0,4100.0,4110.0,4016.1,4092.6,23667525,4501.8,3683.4,4440.0,3288.1,4046.1,1,1,4046.0,11,1,4045.9,11,1,4045.8,14,1,4045.7,16,1,4046.2,3,3,4046.3,321,6,4046.5,15,1,4046.6,1,1,4046.7,11,1
11483,2026-07-02 10:53:06+05:30,4046.0,50,4047.24,674141,144174.0,145375.0,4100.0,4110.0,4016.1,4092.6,23667525,4501.8,3683.4,4440.0,3288.1,4046.1,1,1,4046.0,11,1,4045.9,11,1,4045.8,14,1,4045.7,16,1,4046.2,3,3,4046.3,321,6,4046.5,15,1,4046.6,1,1,4046.7,11,1
11483,2026-07-02 10:53:09+05:30,4046.0,30,4047.24,674141,144174.0,145375.0,4100.0,4110.0,4016.1,4092.6,23667525,4501.8,3683.4,4440.0,3288.1,4046.1,1,1,4046.0,11,1,4045.9,11,1,4045.8,14,1,4045.7,16,1,4046.2,3,3,4046.3,321,6,4046.5,15,1,4046.6,1,1,4046.7,11,1
11483,2026-07-02 10:53:11+05:30,4045.9,4,4047.24,674302,144164.0,146523.0,4100.0,4110.0,4016.1,4092.6,23667525,4501.8,3683.4,4440.0,3288.1,4045.8,14,1,4045.7,16,1,4045.6,16,1,4045.5,14,1,4045.4,12,1,4045.9,2,1,4046.0,496,3,4046.2,6,2,4046.3,309,6,4046.5,15,1
11483,2026-07-02 10:53:12+05:30,4045.8,1,4047.24,674302,144164.0,146523.0,4100.0,4110.0,4016.1,4092.6,23667525,4501.8,3683.4,4440.0,3288.1,4045.8,14,1,4045.7,16,1,4045.6,16,1,4045.5,14,1,4045.4,12,1,4045.9,2,1,4046.0,496,3,4046.2,6,2,4046.3,309,6,4046.5,15,1
11483,2026-07-02 10:53:15+05:30,4046.0,3,4047.24,674302,144164.0,146523.0,4100.0,4110.0,4016.1,4092.6,23667525,4501.8,3683.4,4440.0,3288.1,4045.8,14,1,4045.7,16,1,4045.6,16,1,4045.5,14,1,4045.4,12,1,4045.9,2,1,4046.0,496,3,4046.2,6,2,4046.3,309,6,4046.5,15,1
11483,2026-07-02 10:53:16+05:30,4046.0,1,4047.24,674317,144255.0,145812.0,4100.0,4110.0,4016.1,4092.6,23667525,4501.8,3683.4,4440.0,3288.1,4045.8,14,2,4045.7,16,1,4045.6,16,1,4045.5,14,1,4045.4,12,1,4046.0,546,7,4046.1,10,1,4046.2,80,4,4046.3,309,6,4046.4,20,2
11483,2026-07-02 10:53:18+05:30,4046.0,1,4047.24,674317,144255.0,145812.0,4100.0,4110.0,4016.1,4092.6,23667525,4501.8,3683.4,4440.0,3288.1,4045.8,14,2,4045.7,16,1,4045.6,16,1,4045.5,14,1,4045.4,12,1,4046.0,546,7,4046.1,10,1,4046.2,80,4,4046.3,309,6,4046.4,20,2
11483,2026-07-02 10:53:21+05:30,4045.0,1,4047.24,674317,144255.0,145812.0,4100.0,4110.0,4016.1,4092.6,23667525,4501.8,3683.4,4440.0,3288.1,4045.8,14,2,4045.7,16,1,4045.6,16,1,4045.5,14,1,4045.4,12,1,4046.0,546,7,4046.1,10,1,4046.2,80,4,4046.3,309,6,4046.4,20,2
11483,2026-07-02 10:53:21+05:30,4045.0,1,4047.23,674757,143005.0,146379.0,4100.0,4110.0,4016.1,4092.6,23667525,4501.8,3683.4,4440.0,3288.1,4044.9,7,1,4044.8,15,2,4044.6,1,1,4044.3,33,2,4044.1,41,3,4045.0,18,2,4045.8,1,1,4046.0,550,8,4046.1,17,2,4046.2,58,3
11483,2026-07-02 10:53:24+05:30,4045.0,1,4047.23,674757,143005.0,146379.0,4100.0,4110.0,4016.1,4092.6,23667525,4501.8,3683.4,4440.0,3288.1,4044.9,7,1,4044.8,15,2,4044.6,1,1,4044.3,33,2,4044.1,41,3,4045.0,18,2,4045.8,1,1,4046.0,550,8,4046.1,17,2,4046.2,58,3
11483,2026-07-02 10:53:26+05:30,4045.9,1,4047.23,674878,143659.0,146326.0,4100.0,4110.0,4016.1,4092.6,23667525,4501.8,3683.4,4440.0,3288.1,4044.9,8,2,4044.8,15,2,4044.6,1,1,4044.4,3,1,4044.3,41,3,4045.9,13,1,4046.0,425,5,4046.1,24,1,4046.2,52,2,4046.3,327,7
11483,2026-07-02 10:53:27+05:30,4045.9,1,4047.23,674878,143659.0,146326.0,4100.0,4110.0,4016.1,4092.6,23667525,4501.8,3683.4,4440.0,3288.1,4044.9,8,2,4044.8,15,2,4044.6,1,1,4044.4,3,1,4044.3,41,3,4045.9,13,1,4046.0,425,5,4046.1,24,1,4046.2,52,2,4046.3,327,7
11483,2026-07-02 10:53:27+05:30,4046.0,7,4047.23,674878,143659.0,146326.0,4100.0,4110.0,4016.1,4092.6,23667525,4501.8,3683.4,4440.0,3288.1,4044.9,8,2,4044.8,15,2,4044.6,1,1,4044.4,3,1,4044.3,41,3,4045.9,13,1,4046.0,425,5,4046.1,24,1,4046.2,52,2,4046.3,327,7
11483,2026-07-02 10:53:27+05:30,4046.0,7,4047.23,674878,143659.0,146326.0,4100.0,4110.0,4016.1,4092.6,23667525,4501.8,3683.4,4440.0,3288.1,4044.9,8,2,4044.8,15,2,4044.6,1,1,4044.4,3,1,4044.3,41,3,4045.9,13,1,4046.0,425,5,4046.1,24,1,4046.2,52,2,4046.3,327,7
11483,2026-07-02 10:53:28+05:30,4046.0,7,4047.23,674878,143659.0,146326.0,4100.0,4110.0,4016.1,4092.6,23667525,4501.8,3683.4,4440.0,3288.1,4044.9,8,2,4044.8,15,2,4044.6,1,1,4044.4,3,1,4044.3,41,3,4045.9,13,1,4046.0,425,5,4046.1,24,1,4046.2,52,2,4046.3,327,7
11483,2026-07-02 10:53:29+05:30,4046.0,7,4047.23,674878,143659.0,146326.0,4100.0,4110.0,4016.1,4092.6,23667525,4501.8,3683.4,4440.0,3288.1,4044.9,8,2,4044.8,15,2,4044.6,1,1,4044.4,3,1,4044.3,41,3,4045.9,13,1,4046.0,425,5,4046.1,24,1,4046.2,52,2,4046.3,327,7
11483,2026-07-02 10:53:30+05:30,4046.0,7,4047.23,674878,143659.0,146326.0,4100.0,4110.0,4016.1,4092.6,23667525,4501.8,3683.4,4440.0,3288.1,4044.9,8,2,4044.8,15,2,4044.6,1,1,4044.4,3,1,4044.3,41,3,4045.9,13,1,4046.0,425,5,4046.1,24,1,4046.2,52,2,4046.3,327,7
11483,2026-07-02 10:53:30+05:30,4046.0,7,4047.23,674878,143659.0,146326.0,4100.0,4110.0,4016.1,4092.6,23671025,4501.8,3683.4,4440.0,3288.1,4044.9,8,2,4044.8,15,2,4044.6,1,1,4044.4,3,1,4044.3,41,3,4045.9,13,1,4046.0,425,5,4046.1,24,1,4046.2,52,2,4046.3,327,7
11483,2026-07-02 10:53:30+05:30,4046.0,3,4047.23,674878,143659.0,146326.0,4100.0,4110.0,4016.1,4092.6,23671025,4501.8,3683.4,4440.0,3288.1,4044.9,8,2,4044.8,15,2,4044.6,1,1,4044.4,3,1,4044.3,41,3,4045.9,13,1,4046.0,425,5,4046.1,24,1,4046.2,52,2,4046.3,327,7
11483,2026-07-02 10:53:30+05:30,4046.0,3,4047.23,674878,143659.0,146326.0,4100.0,4110.0,4016.1,4092.6,23671025,4501.8,3683.4,4440.0,3288.1,4044.9,8,2,4044.8,15,2,4044.6,1,1,4044.4,3,1,4044.3,41,3,4045.9,13,1,4046.0,425,5,4046.1,24,1,4046.2,52,2,4046.3,327,7
11483,2026-07-02 10:53:31+05:30,4046.0,3,4047.23,674878,143659.0,146326.0,4100.0,4110.0,4016.1,4092.6,23671025,4501.8,3683.4,4440.0,3288.1,4044.9,8,2,4044.8,15,2,4044.6,1,1,4044.4,3,1,4044.3,41,3,4045.9,13,1,4046.0,425,5,4046.1,24,1,4046.2,52,2,4046.3,327,7
11483,2026-07-02 10:53:31+05:30,4046.0,3,4047.23,674939,143859.0,146308.0,4100.0,4110.0,4016.1,4092.6,23671025,4501.8,3683.4,4440.0,3288.1,4045.0,12,2,4044.9,14,2,4044.8,15,2,4044.6,1,1,4044.4,48,1,4045.5,1,1,4046.0,416,6,4046.2,61,3,4046.3,309,6,4046.5,15,1
11483,2026-07-02 10:53:31+05:30,4046.0,3,4047.23,674939,143859.0,146308.0,4100.0,4110.0,4016.1,4092.6,23671025,4501.8,3683.4,4440.0,3288.1,4045.0,12,2,4044.9,14,2,4044.8,15,2,4044.6,1,1,4044.4,48,1,4045.5,1,1,4046.0,416,6,4046.2,61,3,4046.3,309,6,4046.5,15,1
11483,2026-07-02 10:53:32+05:30,4046.0,3,4047.23,674939,143859.0,146308.0,4100.0,4110.0,4016.1,4092.6,23671025,4501.8,3683.4,4440.0,3288.1,4045.0,12,2,4044.9,14,2,4044.8,15,2,4044.6,1,1,4044.4,48,1,4045.5,1,1,4046.0,416,6,4046.2,61,3,4046.3,309,6,4046.5,15,1
11483,2026-07-02 10:53:33+05:30,4045.2,1,4047.23,674939,143859.0,146308.0,4100.0,4110.0,4016.1,4092.6,23671025,4501.8,3683.4,4440.0,3288.1,4045.0,12,2,4044.9,14,2,4044.8,15,2,4044.6,1,1,4044.4,48,1,4045.5,1,1,4046.0,416,6,4046.2,61,3,4046.3,309,6,4046.5,15,1
11483,2026-07-02 10:53:36+05:30,4045.1,9,4047.23,674951,143699.0,146390.0,4100.0,4110.0,4016.1,4092.6,23671025,4501.8,3683.4,4440.0,3288.1,4045.1,3,1,4045.0,17,3,4044.9,14,2,4044.8,15,2,4044.6,1,1,4045.5,2,2,4046.0,456,7,4046.2,61,3,4046.3,327,7,4046.5,39,2
11483,2026-07-02 10:53:36+05:30,4045.1,9,4047.23,674951,143699.0,146390.0,4100.0,4110.0,4016.1,4092.6,23671025,4501.8,3683.4,4440.0,3288.1,4045.1,3,1,4045.0,17,3,4044.9,14,2,4044.8,15,2,4044.6,1,1,4045.5,2,2,4046.0,456,7,4046.2,61,3,4046.3,327,7,4046.5,39,2
11483,2026-07-02 10:53:39+05:30,4045.5,1,4047.23,674951,143699.0,146390.0,4100.0,4110.0,4016.1,4092.6,23671025,4501.8,3683.4,4440.0,3288.1,4045.1,3,1,4045.0,17,3,4044.9,14,2,4044.8,15,2,4044.6,1,1,4045.5,2,2,4046.0,456,7,4046.2,61,3,4046.3,327,7,4046.5,39,2
11483,2026-07-02 10:53:41+05:30,4045.5,1,4047.23,674998,143652.0,146450.0,4100.0,4110.0,4016.1,4092.6,23671025,4501.8,3683.4,4440.0,3288.1,4045.3,33,2,4044.9,11,1,4044.8,15,2,4044.6,1,1,4044.3,10,1,4045.4,1,1,4045.5,1,1,4046.0,456,7,4046.2,63,4,4046.3,407,8
11483,2026-07-02 10:53:45+05:30,4045.0,3,4047.23,674998,143652.0,146450.0,4100.0,4110.0,4016.1,4092.6,23671025,4501.8,3683.4,4440.0,3288.1,4045.3,33,2,4044.9,11,1,4044.8,15,2,4044.6,1,1,4044.3,10,1,4045.4,1,1,4045.5,1,1,4046.0,456,7,4046.2,63,4,4046.3,407,8
11483,2026-07-02 10:53:46+05:30,4045.0,50,4047.23,675343,142403.0,146658.0,4100.0,4110.0,4016.1,4092.6,23671025,4501.8,3683.4,4440.0,3288.1,4044.4,28,3,4044.3,23,3,4044.2,13,2,4044.1,8,1,4044.0,289,16,4045.0,329,2,4045.4,2,2,4045.8,13,1,4046.0,206,6,4046.1,12,1
11483,2026-07-02 10:53:48+05:30,4045.0,6,4047.23,675343,142403.0,146658.0,4100.0,4110.0,4016.1,4092.6,23671025,4501.8,3683.4,4440.0,3288.1,4044.4,28,3,4044.3,23,3,4044.2,13,2,4044.1,8,1,4044.0,289,16,4045.0,329,2,4045.4,2,2,4045.8,13,1,4046.0,206,6,4046.1,12,1
11483,2026-07-02 10:53:51+05:30,4044.5,1,4047.23,675635,142394.0,146694.0,4100.0,4110.0,4016.1,4092.6,23671025,4501.8,3683.4,4440.0,3288.1,4044.5,21,2,4044.4,18,2,4044.3,58,3,4044.2,27,3,4044.1,23,3,4044.8,1,1,4045.0,319,4,4046.0,206,6,4046.1,12,1,4046.2,66,4
11483,2026-07-02 10:53:51+05:30,4044.5,1,4047.23,675635,142394.0,146694.0,4100.0,4110.0,4016.1,4092.6,23671025,4501.8,3683.4,4440.0,3288.1,4044.5,21,2,4044.4,18,2,4044.3,58,3,4044.2,27,3,4044.1,23,3,4044.8,1,1,4045.0,319,4,4046.0,206,6,4046.1,12,1,4046.2,66,4
11483,2026-07-02 10:53:54+05:30,4044.6,1,4047.23,675635,142394.0,146694.0,4100.0,4110.0,4016.1,4092.6,23671025,4501.8,3683.4,4440.0,3288.1,4044.5,21,2,4044.4,18,2,4044.3,58,3,4044.2,27,3,4044.1,23,3,4044.8,1,1,4045.0,319,4,4046.0,206,6,4046.1,12,1,4046.2,66,4
11483,2026-07-02 10:53:56+05:30,4044.5,8,4047.23,675648,142509.0,146726.0,4100.0,4110.0,4016.1,4092.6,23671025,4501.8,3683.4,4440.0,3288.1,4044.5,27,4,4044.4,11,1,4044.3,48,2,4044.2,27,3,4044.1,44,4,4044.8,3,2,4045.0,331,3,4046.0,219,7,4046.1,12,1,4046.2,61,3
11483,2026-07-02 10:53:57+05:30,4044.5,8,4047.23,675648,142509.0,146726.0,4100.0,4110.0,4016.1,4092.6,23671025,4501.8,3683.4,4440.0,3288.1,4044.5,27,4,4044.4,11,1,4044.3,48,2,4044.2,27,3,4044.1,44,4,4044.8,3,2,4045.0,331,3,4046.0,219,7,4046.1,12,1,4046.2,61,3
11483,2026-07-02 10:54:00+05:30,4045.0,3,4047.23,675648,142509.0,146726.0,4100.0,4110.0,4016.1,4092.6,23671025,4501.8,3683.4,4440.0,3288.1,4044.5,27,4,4044.4,11,1,4044.3,48,2,4044.2,27,3,4044.1,44,4,4044.8,3,2,4045.0,331,3,4046.0,219,7,4046.1,12,1,4046.2,61,3
11483,2026-07-02 10:54:02+05:30,4044.2,1,4047.23,675797,142514.0,146485.0,4100.0,4110.0,4016.1,4092.6,23671025,4501.8,3683.4,4440.0,3288.1,4044.4,1,1,4044.2,29,4,4044.1,39,3,4044.0,584,11,4043.9,19,1,4044.6,1,1,4045.0,294,2,4045.9,3,1,4046.0,106,5,4046.1,12,1
11483,2026-07-02 10:54:03+05:30,4044.2,10,4047.23,675797,142514.0,146485.0,4100.0,4110.0,4016.1,4092.6,23671025,4501.8,3683.4,4440.0,3288.1,4044.4,1,1,4044.2,29,4,4044.1,39,3,4044.0,584,11,4043.9,19,1,4044.6,1,1,4045.0,294,2,4045.9,3,1,4046.0,106,5,4046.1,12,1
11483,2026-07-02 10:54:06+05:30,4044.1,1,4047.23,675797,142514.0,146485.0,4100.0,4110.0,4016.1,4092.6,23671025,4501.8,3683.4,4440.0,3288.1,4044.4,1,1,4044.2,29,4,4044.1,39,3,4044.0,584,11,4043.9,19,1,4044.6,1,1,4045.0,294,2,4045.9,3,1,4046.0,106,5,4046.1,12,1
11483,2026-07-02 10:54:07+05:30,4044.1,1,4047.23,675855,142647.0,147036.0,4100.0,4110.0,4016.1,4092.6,23671025,4501.8,3683.4,4440.0,3288.1,4044.1,4,1,4044.0,609,13,4043.9,11,2,4043.8,20,1,4043.7,12,1,4044.5,13,1,4044.6,3,2,4045.0,294,2,4045.8,13,1,4046.0,106,5
11483,2026-07-02 10:54:09+05:30,4045.0,4,4047.23,675855,142647.0,147036.0,4100.0,4110.0,4016.1,4092.6,23671025,4501.8,3683.4,4440.0,3288.1,4044.1,4,1,4044.0,609,13,4043.9,11,2,4043.8,20,1,4043.7,12,1,4044.5,13,1,4044.6,3,2,4045.0,294,2,4045.8,13,1,4046.0,106,5
11483,2026-07-02 10:54:12+05:30,4045.0,150,4047.23,676063,142816.0,147061.0,4100.0,4110.0,4016.1,4092.6,23671025,4501.8,3683.4,4440.0,3288.1,4044.5,3,1,4044.4,10,2,4044.1,10,1,4044.0,579,10,4043.8,33,3,4044.8,81,1,4044.9,42,1,4045.0,247,4,4045.1,42,1,4045.3,42,1
11483,2026-07-02 10:54:12+05:30,4045.0,150,4047.23,676063,142816.0,147061.0,4100.0,4110.0,4016.1,4092.6,23671025,4501.8,3683.4,4440.0,3288.1,4044.5,3,1,4044.4,10,2,4044.1,10,1,4044.0,579,10,4043.8,33,3,4044.8,81,1,4044.9,42,1,4045.0,247,4,4045.1,42,1,4045.3,42,1
11483,2026-07-02 10:54:15+05:30,4044.6,3,4047.23,676063,142816.0,147061.0,4100.0,4110.0,4016.1,4092.6,23671025,4501.8,3683.4,4440.0,3288.1,4044.5,3,1,4044.4,10,2,4044.1,10,1,4044.0,579,10,4043.8,33,3,4044.8,81,1,4044.9,42,1,4045.0,247,4,4045.1,42,1,4045.3,42,1
11483,2026-07-02 10:54:17+05:30,4044.3,1,4047.23,676100,142841.0,147040.0,4100.0,4110.0,4016.1,4092.6,23671025,4501.8,3683.4,4440.0,3288.1,4044.3,20,2,4044.1,16,3,4044.0,572,9,4043.8,13,2,4043.7,22,2,4044.7,106,2,4044.8,3,2,4044.9,42,1,4045.0,247,4,4045.2,42,1
11483,2026-07-02 10:54:18+05:30,4044.3,1,4047.23,676100,142841.0,147040.0,4100.0,4110.0,4016.1,4092.6,23671025,4501.8,3683.4,4440.0,3288.1,4044.3,20,2,4044.1,16,3,4044.0,572,9,4043.8,13,2,4043.7,22,2,4044.7,106,2,4044.8,3,2,4044.9,42,1,4045.0,247,4,4045.2,42,1
11483,2026-07-02 10:54:21+05:30,4044.1,1,4047.23,676100,142841.0,147040.0,4100.0,4110.0,4016.1,4092.6,23671025,4501.8,3683.4,4440.0,3288.1,4044.3,20,2,4044.1,16,3,4044.0,572,9,4043.8,13,2,4043.7,22,2,4044.7,106,2,4044.8,3,2,4044.9,42,1,4045.0,247,4,4045.2,42,1
11483,2026-07-02 10:54:22+05:30,4044.6,3,4047.23,676440,143348.0,146741.0,4100.0,4110.0,4016.1,4092.6,23671025,4501.8,3683.4,4440.0,3288.1,4044.5,117,6,4044.4,51,2,4044.3,48,3,4044.2,43,2,4044.1,16,2,4045.0,195,5,4045.9,2,1,4046.0,106,6,4046.1,27,2,4046.2,61,3
11483,2026-07-02 10:54:24+05:30,4045.0,1,4047.23,676440,143348.0,146741.0,4100.0,4110.0,4016.1,4092.6,23671025,4501.8,3683.4,4440.0,3288.1,4044.5,117,6,4044.4,51,2,4044.3,48,3,4044.2,43,2,4044.1,16,2,4045.0,195,5,4045.9,2,1,4046.0,106,6,4046.1,27,2,4046.2,61,3
11483,2026-07-02 10:54:27+05:30,4045.0,1,4047.23,676440,143348.0,146741.0,4100.0,4110.0,4016.1,4092.6,23671025,4501.8,3683.4,4440.0,3288.1,4044.5,117,6,4044.4,51,2,4044.3,48,3,4044.2,43,2,4044.1,16,2,4045.0,195,5,4045.9,2,1,4046.0,106,6,4046.1,27,2,4046.2,61,3
11483,2026-07-02 10:54:27+05:30,4045.5,20,4047.23,676440,143348.0,146741.0,4100.0,4110.0,4016.1,4092.6,23671025,4501.8,3683.4,4440.0,3288.1,4044.5,117,6,4044.4,51,2,4044.3,48,3,4044.2,43,2,4044.1,16,2,4045.0,195,5,4045.9,2,1,4046.0,106,6,4046.1,27,2,4046.2,61,3
11483,2026-07-02 10:54:28+05:30,4045.5,20,4047.23,676440,143348.0,146741.0,4100.0,4110.0,4016.1,4092.6,23671025,4501.8,3683.4,4440.0,3288.1,4044.5,117,6,4044.4,51,2,4044.3,48,3,4044.2,43,2,4044.1,16,2,4045.0,195,5,4045.9,2,1,4046.0,106,6,4046.1,27,2,4046.2,61,3
11483,2026-07-02 10:54:28+05:30,4045.5,20,4047.21,681012,144449.0,145907.0,4100.0,4110.0,4016.1,4092.6,23671025,4501.8,3683.4,4440.0,3288.1,4045.5,77,7,4045.4,75,5,4045.3,53,2,4045.2,12,1,4045.1,67,5,4046.0,76,4,4046.1,15,1,4046.2,61,3,4046.3,269,6,4047.0,662,10
11483,2026-07-02 10:54:28+05:30,4045.5,20,4047.21,681012,144449.0,145907.0,4100.0,4110.0,4016.1,4092.6,23671025,4501.8,3683.4,4440.0,3288.1,4045.5,77,7,4045.4,75,5,4045.3,53,2,4045.2,12,1,4045.1,67,5,4046.0,76,4,4046.1,15,1,4046.2,61,3,4046.3,269,6,4047.0,662,10
11483,2026-07-02 10:54:29+05:30,4045.5,20,4047.21,681012,144449.0,145907.0,4100.0,4110.0,4016.1,4092.6,23671025,4501.8,3683.4,4440.0,3288.1,4045.5,77,7,4045.4,75,5,4045.3,53,2,4045.2,12,1,4045.1,67,5,4046.0,76,4,4046.1,15,1,4046.2,61,3,4046.3,269,6,4047.0,662,10
11483,2026-07-02 10:54:30+05:30,4045.5,20,4047.21,681012,144449.0,145907.0,4100.0,4110.0,4016.1,4092.6,23671025,4501.8,3683.4,4440.0,3288.1,4045.5,77,7,4045.4,75,5,4045.3,53,2,4045.2,12,1,4045.1,67,5,4046.0,76,4,4046.1,15,1,4046.2,61,3,4046.3,269,6,4047.0,662,10
11483,2026-07-02 10:54:30+05:30,4046.0,1,4047.21,681012,144449.0,145907.0,4100.0,4110.0,4016.1,4092.6,23671025,4501.8,3683.4,4440.0,3288.1,4045.5,77,7,4045.4,75,5,4045.3,53,2,4045.2,12,1,4045.1,67,5,4046.0,76,4,4046.1,15,1,4046.2,61,3,4046.3,269,6,4047.0,662,10
11483,2026-07-02 10:54:31+05:30,4046.0,1,4047.21,681012,144449.0,145907.0,4100.0,4110.0,4016.1,4092.6,23682925,4501.8,3683.4,4440.0,3288.1,4045.5,77,7,4045.4,75,5,4045.3,53,2,4045.2,12,1,4045.1,67,5,4046.0,76,4,4046.1,15,1,4046.2,61,3,4046.3,269,6,4047.0,662,10
11483,2026-07-02 10:54:32+05:30,4046.0,1,4047.21,681012,144449.0,145907.0,4100.0,4110.0,4016.1,4092.6,23682925,4501.8,3683.4,4440.0,3288.1,4045.5,77,7,4045.4,75,5,4045.3,53,2,4045.2,12,1,4045.1,67,5,4046.0,76,4,4046.1,15,1,4046.2,61,3,4046.3,269,6,4047.0,662,10
11483,2026-07-02 10:54:33+05:30,4045.8,1,4047.21,681012,144449.0,145907.0,4100.0,4110.0,4016.1,4092.6,23682925,4501.8,3683.4,4440.0,3288.1,4045.5,77,7,4045.4,75,5,4045.3,53,2,4045.2,12,1,4045.1,67,5,4046.0,76,4,4046.1,15,1,4046.2,61,3,4046.3,269,6,4047.0,662,10
11483,2026-07-02 10:54:33+05:30,4045.8,1,4047.21,681208,144544.0,146421.0,4100.0,4110.0,4016.1,4092.6,23682925,4501.8,3683.4,4440.0,3288.1,4045.6,69,5,4045.5,42,1,4045.4,16,2,4045.3,52,4,4045.2,12,1,4045.8,2,2,4046.0,69,7,4046.1,15,1,4046.2,61,3,4046.3,269,6
11483,2026-07-02 10:54:36+05:30,4045.8,1,4047.21,681208,144544.0,146421.0,4100.0,4110.0,4016.1,4092.6,23682925,4501.8,3683.4,4440.0,3288.1,4045.6,69,5,4045.5,42,1,4045.4,16,2,4045.3,52,4,4045.2,12,1,4045.8,2,2,4046.0,69,7,4046.1,15,1,4046.2,61,3,4046.3,269,6
11483,2026-07-02 10:54:39+05:30,4046.0,2,4047.21,681239,144379.0,146875.0,4100.0,4110.0,4016.1,4092.6,23682925,4501.8,3683.4,4440.0,3288.1,4045.8,17,2,4045.7,11,1,4045.6,12,1,4045.4,16,2,4045.3,20,2,4046.0,557,6,4046.1,15,1,4046.2,61,3,4046.3,269,6,4046.7,17,2
11483,2026-07-02 10:54:39+05:30,4046.0,1,4047.21,681239,144379.0,146875.0,4100.0,4110.0,4016.1,4092.6,23682925,4501.8,3683.4,4440.0,3288.1,4045.8,17,2,4045.7,11,1,4045.6,12,1,4045.4,16,2,4045.3,20,2,4046.0,557,6,4046.1,15,1,4046.2,61,3,4046.3,269,6,4046.7,17,2
11483,2026-07-02 10:54:42+05:30,4045.9,1,4047.21,681239,144379.0,146875.0,4100.0,4110.0,4016.1,4092.6,23682925,4501.8,3683.4,4440.0,3288.1,4045.8,17,2,4045.7,11,1,4045.6,12,1,4045.4,16,2,4045.3,20,2,4046.0,557,6,4046.1,15,1,4046.2,61,3,4046.3,269,6,4046.7,17,2
11483,2026-07-02 10:54:44+05:30,4045.8,1,4047.21,681404,144412.0,146638.0,4100.0,4110.0,4016.1,4092.6,23682925,4501.8,3683.4,4440.0,3288.1,4045.8,24,3,4045.7,11,1,4045.6,12,1,4045.4,16,2,4045.3,20,2,4045.9,2,2,4046.0,410,3,4046.1,15,1,4046.2,61,3,4046.3,269,6
11483,2026-07-02 10:54:45+05:30,4046.0,4,4047.21,681404,144412.0,146638.0,4100.0,4110.0,4016.1,4092.6,23682925,4501.8,3683.4,4440.0,3288.1,4045.8,24,3,4045.7,11,1,4045.6,12,1,4045.4,16,2,4045.3,20,2,4045.9,2,2,4046.0,410,3,4046.1,15,1,4046.2,61,3,4046.3,269,6
11483,2026-07-02 10:54:48+05:30,4045.9,1,4047.21,681404,144412.0,146638.0,4100.0,4110.0,4016.1,4092.6,23682925,4501.8,3683.4,4440.0,3288.1,4045.8,24,3,4045.7,11,1,4045.6,12,1,4045.4,16,2,4045.3,20,2,4045.9,2,2,4046.0,410,3,4046.1,15,1,4046.2,61,3,4046.3,269,6
11483,2026-07-02 10:54:49+05:30,4045.9,1,4047.21,681678,144271.0,146284.0,4100.0,4110.0,4016.1,4092.6,23682925,4501.8,3683.4,4440.0,3288.1,4045.9,6,2,4045.8,25,3,4045.7,11,1,4045.6,12,1,4045.4,16,2,4046.0,175,4,4046.1,15,1,4046.2,61,3,4046.3,269,6,4046.5,10,1
11483,2026-07-02 10:54:51+05:30,4046.0,4,4047.21,681678,144271.0,146284.0,4100.0,4110.0,4016.1,4092.6,23682925,4501.8,3683.4,4440.0,3288.1,4045.9,6,2,4045.8,25,3,4045.7,11,1,4045.6,12,1,4045.4,16,2,4046.0,175,4,4046.1,15,1,4046.2,61,3,4046.3,269,6,4046.5,10,1
11483,2026-07-02 10:54:54+05:30,4046.0,2,4047.21,681678,144271.0,146284.0,4100.0,4110.0,4016.1,4092.6,23682925,4501.8,3683.4,4440.0,3288.1,4045.9,6,2,4045.8,25,3,4045.7,11,1,4045.6,12,1,4045.4,16,2,4046.0,175,4,4046.1,15,1,4046.2,61,3,4046.3,269,6,4046.5,10,1
11483,2026-07-02 10:54:54+05:30,4045.9,1,4047.21,681700,144281.0,146271.0,4100.0,4110.0,4016.1,4092.6,23682925,4501.8,3683.4,4440.0,3288.1,4045.9,1,1,4045.8,15,2,4045.7,11,1,4045.6,12,1,4045.4,16,2,4046.0,237,9,4046.1,15,1,4046.2,22,3,4046.3,269,6,4046.4,8,1
11483,2026-07-02 10:54:57+05:30,4046.0,20,4047.21,681700,144281.0,146271.0,4100.0,4110.0,4016.1,4092.6,23682925,4501.8,3683.4,4440.0,3288.1,4045.9,1,1,4045.8,15,2,4045.7,11,1,4045.6,12,1,4045.4,16,2,4046.0,237,9,4046.1,15,1,4046.2,22,3,4046.3,269,6,4046.4,8,1
11483,2026-07-02 10:54:59+05:30,4046.0,1,4047.21,681758,144263.0,146320.0,4100.0,4110.0,4016.1,4092.6,23682925,4501.8,3683.4,4440.0,3288.1,4045.7,16,2,4045.6,12,1,4045.4,11,1,4045.3,15,1,4045.1,18,2,4046.0,199,8,4046.1,22,2,4046.2,10,2,4046.3,278,7,4046.5,10,1
11483,2026-07-02 10:55:00+05:30,4046.0,3,4047.21,681758,144263.0,146320.0,4100.0,4110.0,4016.1,4092.6,23682925,4501.8,3683.4,4440.0,3288.1,4045.7,16,2,4045.6,12,1,4045.4,11,1,4045.3,15,1,4045.1,18,2,4046.0,199,8,4046.1,22,2,4046.2,10,2,4046.3,278,7,4046.5,10,1
11483,2026-07-02 10:55:03+05:30,4045.3,11,4047.21,681758,144263.0,146320.0,4100.0,4110.0,4016.1,4092.6,23682925,4501.8,3683.4,4440.0,3288.1,4045.7,16,2,4045.6,12,1,4045.4,11,1,4045.3,15,1,4045.1,18,2,4046.0,199,8,4046.1,22,2,4046.2,10,2,4046.3,278,7,4046.5,10,1
11483,2026-07-02 10:55:05+05:30,4045.8,1,4047.21,681859,144504.0,147196.0,4100.0,4110.0,4016.1,4092.6,23682925,4501.8,3683.4,4440.0,3288.1,4045.3,4,1,4045.1,18,2,4045.0,373,7,4044.9,11,1,4044.5,4,1,4045.8,30,3,4045.9,100,1,4046.0,363,14,4046.1,47,4,4046.2,10,2
11483,2026-07-02 10:55:06+05:30,4045.1,6,4047.21,681859,144504.0,147196.0,4100.0,4110.0,4016.1,4092.6,23682925,4501.8,3683.4,4440.0,3288.1,4045.3,4,1,4045.1,18,2,4045.0,373,7,4044.9,11,1,4044.5,4,1,4045.8,30,3,4045.9,100,1,4046.0,363,14,4046.1,47,4,4046.2,10,2
11483,2026-07-02 10:55:09+05:30,4045.7,2,4047.21,681859,144504.0,147196.0,4100.0,4110.0,4016.1,4092.6,23682925,4501.8,3683.4,4440.0,3288.1,4045.3,4,1,4045.1,18,2,4045.0,373,7,4044.9,11,1,4044.5,4,1,4045.8,30,3,4045.9,100,1,4046.0,363,14,4046.1,47,4,4046.2,10,2
11483,2026-07-02 10:55:10+05:30,4045.7,1,4047.21,681898,144407.0,147445.0,4100.0,4110.0,4016.1,4092.6,23682925,4501.8,3683.4,4440.0,3288.1,4045.3,3,1,4045.1,12,2,4045.0,378,8,4044.9,11,1,4044.5,4,1,4045.7,18,3,4045.8,16,3,4045.9,100,1,4046.0,598,14,4046.1,47,4
11483,2026-07-02 10:55:12+05:30,4045.5,1,4047.21,681898,144407.0,147445.0,4100.0,4110.0,4016.1,4092.6,23682925,4501.8,3683.4,4440.0,3288.1,4045.3,3,1,4045.1,12,2,4045.0,378,8,4044.9,11,1,4044.5,4,1,4045.7,18,3,4045.8,16,3,4045.9,100,1,4046.0,598,14,4046.1,47,4
11483,2026-07-02 10:55:15+05:30,4045.5,1,4047.21,681903,144447.0,148101.0,4100.0,4110.0,4016.1,4092.6,23682925,4501.8,3683.4,4440.0,3288.1,4045.4,1,1,4045.3,33,2,4045.1,12,2,4045.0,379,8,4044.9,11,1,4045.5,25,3,4045.6,3,1,4045.7,2,2,4045.8,19,2,4045.9,100,1
11483,2026-07-02 10:55:15+05:30,4045.5,3,4047.21,681903,144447.0,148101.0,4100.0,4110.0,4016.1,4092.6,23682925,4501.8,3683.4,4440.0,3288.1,4045.4,1,1,4045.3,33,2,4045.1,12,2,4045.0,379,8,4044.9,11,1,4045.5,25,3,4045.6,3,1,4045.7,2,2,4045.8,19,2,4045.9,100,1
11483,2026-07-02 10:55:18+05:30,4045.5,1,4047.21,681903,144447.0,148101.0,4100.0,4110.0,4016.1,4092.6,23682925,4501.8,3683.4,4440.0,3288.1,4045.4,1,1,4045.3,33,2,4045.1,12,2,4045.0,379,8,4044.9,11,1,4045.5,25,3,4045.6,3,1,4045.7,2,2,4045.8,19,2,4045.9,100,1
11483,2026-07-02 10:55:20+05:30,4045.4,1,4047.21,682039,144230.0,148072.0,4100.0,4110.0,4016.1,4092.6,23682925,4501.8,3683.4,4440.0,3288.1,4045.3,14,1,4045.0,379,8,4044.9,11,1,4044.5,4,1,4044.0,576,12,4045.4,81,5,4045.5,81,2,4045.7,3,1,4045.8,21,3,4045.9,11,2
11483,2026-07-02 10:55:21+05:30,4045.1,1,4047.21,682039,144230.0,148072.0,4100.0,4110.0,4016.1,4092.6,23682925,4501.8,3683.4,4440.0,3288.1,4045.3,14,1,4045.0,379,8,4044.9,11,1,4044.5,4,1,4044.0,576,12,4045.4,81,5,4045.5,81,2,4045.7,3,1,4045.8,21,3,4045.9,11,2
11483,2026-07-02 10:55:24+05:30,4045.1,2,4047.21,682039,144230.0,148072.0,4100.0,4110.0,4016.1,4092.6,23682925,4501.8,3683.4,4440.0,3288.1,4045.3,14,1,4045.0,379,8,4044.9,11,1,4044.5,4,1,4044.0,576,12,4045.4,81,5,4045.5,81,2,4045.7,3,1,4045.8,21,3,4045.9,11,2
11483,2026-07-02 10:55:26+05:30,4045.0,1,4047.21,682400,144098.0,148297.0,4100.0,4110.0,4016.1,4092.6,23682925,4501.8,3683.4,4440.0,3288.1,4045.0,359,6,4044.9,11,1,4044.1,2,1,4044.0,579,12,4043.8,61,1,4045.4,52,4,4045.5,83,3,4045.6,13,2,4045.8,34,4,4046.0,601,14
11483,2026-07-02 10:55:27+05:30,4045.0,1,4047.21,682400,144098.0,148297.0,4100.0,4110.0,4016.1,4092.6,23682925,4501.8,3683.4,4440.0,3288.1,4045.0,359,6,4044.9,11,1,4044.1,2,1,4044.0,579,12,4043.8,61,1,4045.4,52,4,4045.5,83,3,4045.6,13,2,4045.8,34,4,4046.0,601,14
11483,2026-07-02 10:55:27+05:30,4045.1,1,4047.21,682400,144098.0,148297.0,4100.0,4110.0,4016.1,4092.6,23682925,4501.8,3683.4,4440.0,3288.1,4045.0,359,6,4044.9,11,1,4044.1,2,1,4044.0,579,12,4043.8,61,1,4045.4,52,4,4045.5,83,3,4045.6,13,2,4045.8,34,4,4046.0,601,14
11483,2026-07-02 10:55:28+05:30,4045.1,1,4047.21,682400,144098.0,148297.0,4100.0,4110.0,4016.1,4092.6,23682925,4501.8,3683.4,4440.0,3288.1,4045.0,359,6,4044.9,11,1,4044.1,2,1,4044.0,579,12,4043.8,61,1,4045.4,52,4,4045.5,83,3,4045.6,13,2,4045.8,34,4,4046.0,601,14
11483,2026-07-02 10:55:29+05:30,4045.1,1,4047.21,682400,144098.0,148297.0,4100.0,4110.0,4016.1,4092.6,23682925,4501.8,3683.4,4440.0,3288.1,4045.0,359,6,4044.9,11,1,4044.1,2,1,4044.0,579,12,4043.8,61,1,4045.4,52,4,4045.5,83,3,4045.6,13,2,4045.8,34,4,4046.0,601,14
11483,2026-07-02 10:55:30+05:30,4045.1,1,4047.21,682400,144098.0,148297.0,4100.0,4110.0,4016.1,4092.6,23682925,4501.8,3683.4,4440.0,3288.1,4045.0,359,6,4044.9,11,1,4044.1,2,1,4044.0,579,12,4043.8,61,1,4045.4,52,4,4045.5,83,3,4045.6,13,2,4045.8,34,4,4046.0,601,14
11483,2026-07-02 10:55:30+05:30,4045.5,3,4047.21,682400,144098.0,148297.0,4100.0,4110.0,4016.1,4092.6,23682925,4501.8,3683.4,4440.0,3288.1,4045.0,359,6,4044.9,11,1,4044.1,2,1,4044.0,579,12,4043.8,61,1,4045.4,52,4,4045.5,83,3,4045.6,13,2,4045.8,34,4,4046.0,601,14
11483,2026-07-02 10:55:31+05:30,4045.5,3,4047.21,682400,144098.0,148297.0,4100.0,4110.0,4016.1,4092.6,23682925,4501.8,3683.4,4440.0,3288.1,4045.0,359,6,4044.9,11,1,4044.1,2,1,4044.0,579,12,4043.8,61,1,4045.4,52,4,4045.5,83,3,4045.6,13,2,4045.8,34,4,4046.0,601,14
11483,2026-07-02 10:55:31+05:30,4045.5,3,4047.21,682484,145333.0,148367.0,4100.0,4110.0,4016.1,4092.6,23682925,4501.8,3683.4,4440.0,3288.1,4045.1,1002,3,4045.0,357,5,4044.9,11,1,4044.8,10,1,4044.1,2,1,4045.3,1,1,4045.5,12,1,4045.6,3,1,4045.8,9,1,4046.0,575,12
11483,2026-07-02 10:55:31+05:30,4045.5,3,4047.21,682484,145333.0,148367.0,4100.0,4110.0,4016.1,4092.6,23687825,4501.8,3683.4,4440.0,3288.1,4045.1,1002,3,4045.0,357,5,4044.9,11,1,4044.8,10,1,4044.1,2,1,4045.3,1,1,4045.5,12,1,4045.6,3,1,4045.8,9,1,4046.0,575,12
11483,2026-07-02 10:55:32+05:30,4045.5,3,4047.21,682484,145333.0,148367.0,4100.0,4110.0,4016.1,4092.6,23687825,4501.8,3683.4,4440.0,3288.1,4045.1,1002,3,4045.0,357,5,4044.9,11,1,4044.8,10,1,4044.1,2,1,4045.3,1,1,4045.5,12,1,4045.6,3,1,4045.8,9,1,4046.0,575,12
11483,2026-07-02 10:55:33+05:30,4045.5,3,4047.21,682484,145333.0,148367.0,4100.0,4110.0,4016.1,4092.6,23687825,4501.8,3683.4,4440.0,3288.1,4045.1,1002,3,4045.0,357,5,4044.9,11,1,4044.8,10,1,4044.1,2,1,4045.3,1,1,4045.5,12,1,4045.6,3,1,4045.8,9,1,4046.0,575,12
11483,2026-07-02 10:55:33+05:30,4045.1,1,4047.21,682484,145333.0,148367.0,4100.0,4110.0,4016.1,4092.6,23687825,4501.8,3683.4,4440.0,3288.1,4045.1,1002,3,4045.0,357,5,4044.9,11,1,4044.8,10,1,4044.1,2,1,4045.3,1,1,4045.5,12,1,4045.6,3,1,4045.8,9,1,4046.0,575,12
11483,2026-07-02 10:55:36+05:30,4045.2,8,4047.21,682567,144948.0,148539.0,4100.0,4110.0,4016.1,4092.6,23687825,4501.8,3683.4,4440.0,3288.1,4045.2,3,1,4045.1,947,3,4045.0,357,5,4044.9,11,1,4044.8,10,1,4045.3,14,2,4045.5,51,3,4045.6,3,1,4045.8,21,2,4046.0,564,13
11483,2026-07-02 10:55:36+05:30,4045.2,1,4047.21,682567,144948.0,148539.0,4100.0,4110.0,4016.1,4092.6,23687825,4501.8,3683.4,4440.0,3288.1,4045.2,3,1,4045.1,947,3,4045.0,357,5,4044.9,11,1,4044.8,10,1,4045.3,14,2,4045.5,51,3,4045.6,3,1,4045.8,21,2,4046.0,564,13
11483,2026-07-02 10:55:39+05:30,4046.0,1,4047.21,682567,144948.0,148539.0,4100.0,4110.0,4016.1,4092.6,23687825,4501.8,3683.4,4440.0,3288.1,4045.2,3,1,4045.1,947,3,4045.0,357,5,4044.9,11,1,4044.8,10,1,4045.3,14,2,4045.5,51,3,4045.6,3,1,4045.8,21,2,4046.0,564,13
11483,2026-07-02 10:55:41+05:30,4045.2,4,4047.21,682766,144721.0,148602.0,4100.0,4110.0,4016.1,4092.6,23687825,4501.8,3683.4,4440.0,3288.1,4045.1,941,2,4045.0,357,5,4044.8,10,1,4044.1,2,1,4044.0,552,9,4045.2,2,1,4045.3,222,3,4045.4,5,1,4045.6,9,1,4045.8,21,2
11483,2026-07-02 10:55:42+05:30,4045.1,3,4047.21,682766,144721.0,148602.0,4100.0,4110.0,4016.1,4092.6,23687825,4501.8,3683.4,4440.0,3288.1,4045.1,941,2,4045.0,357,5,4044.8,10,1,4044.1,2,1,4044.0,552,9,4045.2,2,1,4045.3,222,3,4045.4,5,1,4045.6,9,1,4045.8,21,2
11483,2026-07-02 10:55:45+05:30,4043.6,4,4047.21,682766,144721.0,148602.0,4100.0,4110.0,4016.1,4092.6,23687825,4501.8,3683.4,4440.0,3288.1,4045.1,941,2,4045.0,357,5,4044.8,10,1,4044.1,2,1,4044.0,552,9,4045.2,2,1,4045.3,222,3,4045.4,5,1,4045.6,9,1,4045.8,21,2
11483,2026-07-02 10:55:46+05:30,4044.2,5,4047.18,690838,141278.0,151159.0,4100.0,4110.0,4016.1,4092.6,23687825,4501.8,3683.4,4440.0,3288.1,4043.5,141,1,4043.1,2,1,4043.0,31,2,4042.9,42,3,4042.5,2,1,4044.2,1,1,4044.6,93,5,4044.7,47,2,4044.8,7,1,4044.9,40,3
11483,2026-07-02 10:55:48+05:30,4044.5,1,4047.18,690838,141278.0,151159.0,4100.0,4110.0,4016.1,4092.6,23687825,4501.8,3683.4,4440.0,3288.1,4043.5,141,1,4043.1,2,1,4043.0,31,2,4042.9,42,3,4042.5,2,1,4044.2,1,1,4044.6,93,5,4044.7,47,2,4044.8,7,1,4044.9,40,3
11483,2026-07-02 10:55:51+05:30,4044.0,1,4047.18,690951,141923.0,151174.0,4100.0,4110.0,4016.1,4092.6,23687825,4501.8,3683.4,4440.0,3288.1,4043.5,51,1,4043.1,2,1,4043.0,31,2,4042.9,10,1,4042.7,44,2,4044.0,1,1,4044.5,61,4,4044.6,30,3,4044.7,8,1,4044.9,81,4
11483,2026-07-02 10:55:51+05:30,4044.0,2,4047.18,690951,141923.0,151174.0,4100.0,4110.0,4016.1,4092.6,23687825,4501.8,3683.4,4440.0,3288.1,4043.5,51,1,4043.1,2,1,4043.0,31,2,4042.9,10,1,4042.7,44,2,4044.0,1,1,4044.5,61,4,4044.6,30,3,4044.7,8,1,4044.9,81,4
11483,2026-07-02 10:55:54+05:30,4044.0,1,4047.18,690951,141923.0,151174.0,4100.0,4110.0,4016.1,4092.6,23687825,4501.8,3683.4,4440.0,3288.1,4043.5,51,1,4043.1,2,1,4043.0,31,2,4042.9,10,1,4042.7,44,2,4044.0,1,1,4044.5,61,4,4044.6,30,3,4044.7,8,1,4044.9,81,4
11483,2026-07-02 10:55:56+05:30,4044.0,1,4047.18,690966,141883.0,150879.0,4100.0,4110.0,4016.1,4092.6,23687825,4501.8,3683.4,4440.0,3288.1,4043.5,50,1,4043.1,2,1,4043.0,31,2,4042.9,10,1,4042.4,30,2,4044.0,153,5,4044.1,7,1,4044.3,12,1,4044.4,24,2,4044.5,14,2
11483,2026-07-02 10:55:57+05:30,4043.9,1,4047.18,690966,141883.0,150879.0,4100.0,4110.0,4016.1,4092.6,23687825,4501.8,3683.4,4440.0,3288.1,4043.5,50,1,4043.1,2,1,4043.0,31,2,4042.9,10,1,4042.4,30,2,4044.0,153,5,4044.1,7,1,4044.3,12,1,4044.4,24,2,4044.5,14,2
11483,2026-07-02 10:56:00+05:30,4044.0,3,4047.18,690966,141883.0,150879.0,4100.0,4110.0,4016.1,4092.6,23687825,4501.8,3683.4,4440.0,3288.1,4043.5,50,1,4043.1,2,1,4043.0,31,2,4042.9,10,1,4042.4,30,2,4044.0,153,5,4044.1,7,1,4044.3,12,1,4044.4,24,2,4044.5,14,2
11483,2026-07-02 10:56:01+05:30,4043.8,1,4047.18,691176,141629.0,150974.0,4100.0,4110.0,4016.1,4092.6,23687825,4501.8,3683.4,4440.0,3288.1,4043.5,490,1,4043.1,2,1,4043.0,31,2,4042.9,10,1,4042.4,18,1,4043.8,1,1,4044.0,339,7,4044.1,7,1,4044.3,25,2,4044.4,24,2
11483,2026-07-02 10:56:03+05:30,4043.8,2,4047.18,691176,141629.0,150974.0,4100.0,4110.0,4016.1,4092.6,23687825,4501.8,3683.4,4440.0,3288.1,4043.5,490,1,4043.1,2,1,4043.0,31,2,4042.9,10,1,4042.4,18,1,4043.8,1,1,4044.0,339,7,4044.1,7,1,4044.3,25,2,4044.4,24,2
11483,2026-07-02 10:56:06+05:30,4043.5,59,4047.18,691176,141629.0,150974.0,4100.0,4110.0,4016.1,4092.6,23687825,4501.8,3683.4,4440.0,3288.1,4043.5,490,1,4043.1,2,1,4043.0,31,2,4042.9,10,1,4042.4,18,1,4043.8,1,1,4044.0,339,7,4044.1,7,1,4044.3,25,2,4044.4,24,2
11483,2026-07-02 10:56:07+05:30,4043.5,1,4047.17,691333,142150.0,151432.0,4100.0,4110.0,4016.1,4092.6,23687825,4501.8,3683.4,4440.0,3288.1,4043.5,381,1,4043.1,2,1,4043.0,33,3,4042.9,10,1,4042.5,2,1,4043.8,1,1,4044.0,334,5,4044.3,12,1,4044.5,3,1,4044.6,50,4
11483,2026-07-02 10:56:09+05:30,4043.5,88,4047.17,691333,142150.0,151432.0,4100.0,4110.0,4016.1,4092.6,23687825,4501.8,3683.4,4440.0,3288.1,4043.5,381,1,4043.1,2,1,4043.0,33,3,4042.9,10,1,4042.5,2,1,4043.8,1,1,4044.0,334,5,4044.3,12,1,4044.5,3,1,4044.6,50,4
11483,2026-07-02 10:56:12+05:30,4043.9,1,4047.17,691767,142348.0,150972.0,4100.0,4110.0,4016.1,4092.6,23687825,4501.8,3683.4,4440.0,3288.1,4043.9,1,1,4043.5,311,2,4043.1,2,1,4043.0,33,3,4042.9,30,2,4044.0,171,1,4044.6,12,1,4044.7,14,2,4044.9,44,3,4045.0,176,8
11483,2026-07-02 10:56:12+05:30,4043.9,1,4047.17,691767,142348.0,150972.0,4100.0,4110.0,4016.1,4092.6,23687825,4501.8,3683.4,4440.0,3288.1,4043.9,1,1,4043.5,311,2,4043.1,2,1,4043.0,33,3,4042.9,30,2,4044.0,171,1,4044.6,12,1,4044.7,14,2,4044.9,44,3,4045.0,176,8
11483,2026-07-02 10:56:15+05:30,4045.0,1,4047.17,691767,142348.0,150972.0,4100.0,4110.0,4016.1,4092.6,23687825,4501.8,3683.4,4440.0,3288.1,4043.9,1,1,4043.5,311,2,4043.1,2,1,4043.0,33,3,4042.9,30,2,4044.0,171,1,4044.6,12,1,4044.7,14,2,4044.9,44,3,4045.0,176,8
11483,2026-07-02 10:56:17+05:30,4045.1,3,4047.17,693504,143368.0,147440.0,4100.0,4110.0,4016.1,4092.6,23687825,4501.8,3683.4,4440.0,3288.1,4045.0,511,2,4044.9,42,1,4044.8,42,1,4044.6,42,1,4044.4,2,2,4045.1,46,2,4045.3,200,1,4045.9,11,1,4046.0,597,12,4046.1,46,2
11483,2026-07-02 10:56:18+05:30,4045.0,20,4047.17,693504,143368.0,147440.0,4100.0,4110.0,4016.1,4092.6,23687825,4501.8,3683.4,4440.0,3288.1,4045.0,511,2,4044.9,42,1,4044.8,42,1,4044.6,42,1,4044.4,2,2,4045.1,46,2,4045.3,200,1,4045.9,11,1,4046.0,597,12,4046.1,46,2
11483,2026-07-02 10:56:20+05:30,4045.0,10,4047.17,693742,142946.0,147753.0,4100.0,4110.0,4016.1,4092.6,23687825,4501.8,3683.4,4440.0,3288.1,4045.0,278,1,4044.4,2,2,4044.2,16,1,4044.0,269,1,4043.7,32,2,4045.1,46,4,4045.3,200,1,4045.7,12,1,4045.8,20,2,4045.9,11,1
11483,2026-07-02 10:56:20+05:30,4045.0,2,4047.17,693742,142946.0,147753.0,4100.0,4110.0,4016.1,4092.6,23687825,4501.8,3683.4,4440.0,3288.1,4045.0,278,1,4044.4,2,2,4044.2,16,1,4044.0,269,1,4043.7,32,2,4045.1,46,4,4045.3,200,1,4045.7,12,1,4045.8,20,2,4045.9,11,1
11483,2026-07-02 10:56:21+05:30,4045.0,1,4047.17,693745,142998.0,147768.0,4100.0,4110.0,4016.1,4092.6,23687825,4501.8,3683.4,4440.0,3288.1,4045.0,275,1,4044.4,2,2,4044.2,16,1,4044.0,269,1,4043.8,52,2,4045.1,67,6,4045.3,200,1,4045.6,31,1,4045.7,12,1,4045.8,20,2
11483,2026-07-02 10:56:21+05:30,4045.0,1,4047.17,693745,142998.0,147768.0,4100.0,4110.0,4016.1,4092.6,23687825,4501.8,3683.4,4440.0,3288.1,4045.0,275,1,4044.4,2,2,4044.2,16,1,4044.0,269,1,4043.8,52,2,4045.1,67,6,4045.3,200,1,4045.6,31,1,4045.7,12,1,4045.8,20,2
11483,2026-07-02 10:56:22+05:30,4045.1,1,4047.17,693747,143020.0,148039.0,4100.0,4110.0,4016.1,4092.6,23687825,4501.8,3683.4,4440.0,3288.1,4045.0,275,2,4044.4,2,2,4044.0,269,1,4043.8,52,2,4043.7,51,2,4045.1,154,7,4045.2,42,1,4045.3,242,2,4045.4,42,1,4045.6,73,2
11483,2026-07-02 10:56:22+05:30,4045.1,1,4047.17,693747,143020.0,148039.0,4100.0,4110.0,4016.1,4092.6,23687825,4501.8,3683.4,4440.0,3288.1,4045.0,275,2,4044.4,2,2,4044.0,269,1,4043.8,52,2,4043.7,51,2,4045.1,154,7,4045.2,42,1,4045.3,242,2,4045.4,42,1,4045.6,73,2
11483,2026-07-02 10:56:23+05:30,4045.0,1,4047.17,693748,143013.0,147989.0,4100.0,4110.0,4016.1,4092.6,23687825,4501.8,3683.4,4440.0,3288.1,4045.0,274,2,4044.4,2,2,4044.0,269,1,4043.8,52,2,4043.7,51,2,4045.1,155,8,4045.2,42,1,4045.3,242,2,4045.4,54,2,4045.6,85,3
11483,2026-07-02 10:56:23+05:30,4045.0,1,4047.17,693748,143013.0,147989.0,4100.0,4110.0,4016.1,4092.6,23687825,4501.8,3683.4,4440.0,3288.1,4045.0,274,2,4044.4,2,2,4044.0,269,1,4043.8,52,2,4043.7,51,2,4045.1,155,8,4045.2,42,1,4045.3,242,2,4045.4,54,2,4045.6,85,3
11483,2026-07-02 10:56:24+05:30,4045.1,9,4047.17,693771,142997.0,147990.0,4100.0,4110.0,4016.1,4092.6,23687825,4501.8,3683.4,4440.0,3288.1,4045.0,273,2,4044.4,2,2,4044.0,269,1,4043.8,52,2,4043.7,51,2,4045.1,133,8,4045.2,42,1,4045.3,242,2,4045.4,54,2,4045.6,85,3
11483,2026-07-02 10:56:24+05:30,4045.0,1,4047.17,693771,142997.0,147990.0,4100.0,4110.0,4016.1,4092.6,23687825,4501.8,3683.4,4440.0,3288.1,4045.0,273,2,4044.4,2,2,4044.0,269,1,4043.8,52,2,4043.7,51,2,4045.1,133,8,4045.2,42,1,4045.3,242,2,4045.4,54,2,4045.6,85,3
11483,2026-07-02 10:56:25+05:30,4045.1,3,4047.17,693779,143239.0,148016.0,4100.0,4110.0,4016.1,4092.6,23687825,4501.8,3683.4,4440.0,3288.1,4045.0,271,2,4044.0,269,1,4043.8,24,1,4043.7,25,1,4043.6,147,6,4045.1,127,8,4045.2,42,1,4045.3,242,2,4045.4,54,2,4045.5,9,1
11483,2026-07-02 10:56:25+05:30,4045.1,3,4047.17,693779,143239.0,148016.0,4100.0,4110.0,4016.1,4092.6,23687825,4501.8,3683.4,4440.0,3288.1,4045.0,271,2,4044.0,269,1,4043.8,24,1,4043.7,25,1,4043.6,147,6,4045.1,127,8,4045.2,42,1,4045.3,242,2,4045.4,54,2,4045.5,9,1
11483,2026-07-02 10:56:26+05:30,4045.2,24,4047.17,693779,143239.0,148016.0,4100.0,4110.0,4016.1,4092.6,23687825,4501.8,3683.4,4440.0,3288.1,4045.0,271,2,4044.0,269,1,4043.8,24,1,4043.7,25,1,4043.6,147,6,4045.1,127,8,4045.2,42,1,4045.3,242,2,4045.4,54,2,4045.5,9,1
11483,2026-07-02 10:56:26+05:30,4045.0,1,4047.17,693942,143338.0,147888.0,4100.0,4110.0,4016.1,4092.6,23687825,4501.8,3683.4,4440.0,3288.1,4045.0,259,2,4044.0,269,1,4043.8,24,1,4043.7,25,1,4043.6,147,6,4045.1,81,3,4045.2,18,1,4045.3,259,4,4045.4,42,1,4045.5,9,1
11483,2026-07-02 10:56:27+05:30,4045.0,1,4047.17,693942,143338.0,147888.0,4100.0,4110.0,4016.1,4092.6,23687825,4501.8,3683.4,4440.0,3288.1,4045.0,259,2,4044.0,269,1,4043.8,24,1,4043.7,25,1,4043.6,147,6,4045.1,81,3,4045.2,18,1,4045.3,259,4,4045.4,42,1,4045.5,9,1
11483,2026-07-02 10:56:27+05:30,4045.1,2,4047.17,693944,143318.0,147929.0,4100.0,4110.0,4016.1,4092.6,23687825,4501.8,3683.4,4440.0,3288.1,4045.0,258,1,4044.0,269,1,4043.7,25,1,4043.6,147,6,4043.5,55,3,4045.1,91,4,4045.2,18,1,4045.3,242,2,4045.4,54,2,4045.5,9,1
11483,2026-07-02 10:56:27+05:30,4045.1,2,4047.17,693944,143318.0,147929.0,4100.0,4110.0,4016.1,4092.6,23687825,4501.8,3683.4,4440.0,3288.1,4045.0,258,1,4044.0,269,1,4043.7,25,1,4043.6,147,6,4043.5,55,3,4045.1,91,4,4045.2,18,1,4045.3,242,2,4045.4,54,2,4045.5,9,1
11483,2026-07-02 10:56:28+05:30,4045.1,2,4047.17,693944,143318.0,147929.0,4100.0,4110.0,4016.1,4092.6,23687825,4501.8,3683.4,4440.0,3288.1,4045.0,258,1,4044.0,269,1,4043.7,25,1,4043.6,147,6,4043.5,55,3,4045.1,91,4,4045.2,18,1,4045.3,242,2,4045.4,54,2,4045.5,9,1
11483,2026-07-02 10:56:28+05:30,4045.1,8,4047.17,693944,143318.0,147929.0,4100.0,4110.0,4016.1,4092.6,23687825,4501.8,3683.4,4440.0,3288.1,4045.0,258,1,4044.0,269,1,4043.7,25,1,4043.6,147,6,4043.5,55,3,4045.1,91,4,4045.2,18,1,4045.3,242,2,4045.4,54,2,4045.5,9,1
11483,2026-07-02 10:56:28+05:30,4045.0,1,4047.17,693955,143319.0,147799.0,4100.0,4110.0,4016.1,4092.6,23687825,4501.8,3683.4,4440.0,3288.1,4045.0,255,1,4044.0,269,1,4043.7,25,1,4043.6,135,5,4043.5,55,3,4045.1,83,4,4045.2,18,1,4045.3,242,2,4045.4,54,2,4045.5,9,1
11483,2026-07-02 10:56:29+05:30,4045.0,1,4047.17,693955,143319.0,147799.0,4100.0,4110.0,4016.1,4092.6,23687825,4501.8,3683.4,4440.0,3288.1,4045.0,255,1,4044.0,269,1,4043.7,25,1,4043.6,135,5,4043.5,55,3,4045.1,83,4,4045.2,18,1,4045.3,242,2,4045.4,54,2,4045.5,9,1
11483,2026-07-02 10:56:29+05:30,4045.1,1,4047.17,693955,143319.0,147799.0,4100.0,4110.0,4016.1,4092.6,23687825,4501.8,3683.4,4440.0,3288.1,4045.0,255,1,4044.0,269,1,4043.7,25,1,4043.6,135,5,4043.5,55,3,4045.1,83,4,4045.2,18,1,4045.3,242,2,4045.4,54,2,4045.5,9,1
11483,2026-07-02 10:56:30+05:30,4045.1,1,4047.17,693956,143323.0,147954.0,4100.0,4110.0,4016.1,4092.6,23687825,4501.8,3683.4,4440.0,3288.1,4045.0,255,1,4044.0,269,1,4043.7,25,1,4043.6,123,4,4043.5,53,2,4045.1,84,5,4045.2,18,1,4045.3,247,3,4045.4,54,2,4045.5,9,1
11483,2026-07-02 10:56:30+05:30,4045.1,1,4047.17,693956,143323.0,147954.0,4100.0,4110.0,4016.1,4092.6,23687825,4501.8,3683.4,4440.0,3288.1,4045.0,255,1,4044.0,269,1,4043.7,25,1,4043.6,123,4,4043.5,53,2,4045.1,84,5,4045.2,18,1,4045.3,247,3,4045.4,54,2,4045.5,9,1
11483,2026-07-02 10:56:30+05:30,4045.1,3,4047.17,693956,143323.0,147954.0,4100.0,4110.0,4016.1,4092.6,23687825,4501.8,3683.4,4440.0,3288.1,4045.0,255,1,4044.0,269,1,4043.7,25,1,4043.6,123,4,4043.5,53,2,4045.1,84,5,4045.2,18,1,4045.3,247,3,4045.4,54,2,4045.5,9,1
11483,2026-07-02 10:56:30+05:30,4045.1,3,4047.17,693956,143323.0,147954.0,4100.0,4110.0,4016.1,4092.6,23687825,4501.8,3683.4,4440.0,3288.1,4045.0,255,1,4044.0,269,1,4043.7,25,1,4043.6,123,4,4043.5,53,2,4045.1,84,5,4045.2,18,1,4045.3,247,3,4045.4,54,2,4045.5,9,1
11483,2026-07-02 10:56:31+05:30,4045.1,1,4047.17,693964,143298.0,147999.0,4100.0,4110.0,4016.1,4092.6,23687825,4501.8,3683.4,4440.0,3288.1,4045.0,254,1,4044.0,274,2,4043.7,25,1,4043.6,123,4,4043.5,53,2,4045.1,79,6,4045.2,18,1,4045.3,247,3,4045.4,54,2,4045.5,9,1
11483,2026-07-02 10:56:31+05:30,4045.1,1,4047.17,693964,143298.0,147999.0,4100.0,4110.0,4016.1,4092.6,23687825,4501.8,3683.4,4440.0,3288.1,4045.0,254,1,4044.0,274,2,4043.7,25,1,4043.6,123,4,4043.5,53,2,4045.1,79,6,4045.2,18,1,4045.3,247,3,4045.4,54,2,4045.5,9,1
11483,2026-07-02 10:56:31+05:30,4045.1,1,4047.17,693964,143298.0,147999.0,4100.0,4110.0,4016.1,4092.6,23692375,4501.8,3683.4,4440.0,3288.1,4045.0,254,1,4044.0,274,2,4043.7,25,1,4043.6,123,4,4043.5,53,2,4045.1,79,6,4045.2,18,1,4045.3,247,3,4045.4,54,2,4045.5,9,1
11483,2026-07-02 10:56:31+05:30,4045.0,10,4047.17,693964,143298.0,147999.0,4100.0,4110.0,4016.1,4092.6,23692375,4501.8,3683.4,4440.0,3288.1,4045.0,254,1,4044.0,274,2,4043.7,25,1,4043.6,123,4,4043.5,53,2,4045.1,79,6,4045.2,18,1,4045.3,247,3,4045.4,54,2,4045.5,9,1
11483,2026-07-02 10:56:31+05:30,4045.0,10,4047.17,693964,143298.0,147999.0,4100.0,4110.0,4016.1,4092.6,23692375,4501.8,3683.4,4440.0,3288.1,4045.0,254,1,4044.0,274,2,4043.7,25,1,4043.6,123,4,4043.5,53,2,4045.1,79,6,4045.2,18,1,4045.3,247,3,4045.4,54,2,4045.5,9,1
11483,2026-07-02 10:56:31+05:30,4045.0,10,4047.16,694803,143048.0,148000.0,4100.0,4110.0,4016.1,4092.6,23692375,4501.8,3683.4,4440.0,3288.1,4045.0,158,1,4044.0,274,2,4043.7,6,1,4043.6,74,2,4043.5,53,2,4045.1,78,7,4045.2,50,2,4045.3,247,3,4045.4,61,3,4045.5,9,1
11483,2026-07-02 10:56:32+05:30,4045.0,10,4047.16,694803,143048.0,148000.0,4100.0,4110.0,4016.1,4092.6,23692375,4501.8,3683.4,4440.0,3288.1,4045.0,158,1,4044.0,274,2,4043.7,6,1,4043.6,74,2,4043.5,53,2,4045.1,78,7,4045.2,50,2,4045.3,247,3,4045.4,61,3,4045.5,9,1
11483,2026-07-02 10:56:32+05:30,4045.0,2,4047.16,694803,143048.0,148000.0,4100.0,4110.0,4016.1,4092.6,23692375,4501.8,3683.4,4440.0,3288.1,4045.0,158,1,4044.0,274,2,4043.7,6,1,4043.6,74,2,4043.5,53,2,4045.1,78,7,4045.2,50,2,4045.3,247,3,4045.4,61,3,4045.5,9,1
11483,2026-07-02 10:56:32+05:30,4045.0,2,4047.16,694806,143063.0,148028.0,4100.0,4110.0,4016.1,4092.6,23692375,4501.8,3683.4,4440.0,3288.1,4045.0,157,2,4044.0,274,2,4043.6,74,2,4043.5,53,2,4043.3,13,1,4045.1,114,9,4045.2,18,1,4045.3,247,3,4045.4,54,2,4045.5,37,2
11483,2026-07-02 10:56:33+05:30,4045.0,2,4047.16,694806,143063.0,148028.0,4100.0,4110.0,4016.1,4092.6,23692375,4501.8,3683.4,4440.0,3288.1,4045.0,157,2,4044.0,274,2,4043.6,74,2,4043.5,53,2,4043.3,13,1,4045.1,114,9,4045.2,18,1,4045.3,247,3,4045.4,54,2,4045.5,37,2
11483,2026-07-02 10:56:33+05:30,4045.1,1,4047.16,694806,143063.0,148028.0,4100.0,4110.0,4016.1,4092.6,23692375,4501.8,3683.4,4440.0,3288.1,4045.0,157,2,4044.0,274,2,4043.6,74,2,4043.5,53,2,4043.3,13,1,4045.1,114,9,4045.2,18,1,4045.3,247,3,4045.4,54,2,4045.5,37,2
11483,2026-07-02 10:56:33+05:30,4045.1,1,4047.16,694817,143083.0,148003.0,4100.0,4110.0,4016.1,4092.6,23692375,4501.8,3683.4,4440.0,3288.1,4045.0,147,2,4044.0,274,2,4043.6,74,2,4043.5,53,2,4043.3,13,1,4045.1,114,10,4045.2,18,1,4045.3,247,3,4045.4,54,2,4045.5,9,1
11483,2026-07-02 10:56:34+05:30,4045.2,1,4047.16,694817,143083.0,148003.0,4100.0,4110.0,4016.1,4092.6,23692375,4501.8,3683.4,4440.0,3288.1,4045.0,147,2,4044.0,274,2,4043.6,74,2,4043.5,53,2,4043.3,13,1,4045.1,114,10,4045.2,18,1,4045.3,247,3,4045.4,54,2,4045.5,9,1
11483,2026-07-02 10:56:34+05:30,4045.2,1,4047.16,694941,143471.0,148183.0,4100.0,4110.0,4016.1,4092.6,23692375,4501.8,3683.4,4440.0,3288.1,4045.1,77,1,4045.0,149,3,4044.0,274,2,4043.6,74,2,4043.5,71,3,4045.2,137,5,4045.3,200,1,4045.4,54,2,4045.5,51,2,4045.6,44,2
11483,2026-07-02 10:56:35+05:30,4045.2,1,4047.16,694941,143471.0,148183.0,4100.0,4110.0,4016.1,4092.6,23692375,4501.8,3683.4,4440.0,3288.1,4045.1,77,1,4045.0,149,3,4044.0,274,2,4043.6,74,2,4043.5,71,3,4045.2,137,5,4045.3,200,1,4045.4,54,2,4045.5,51,2,4045.6,44,2
11483,2026-07-02 10:56:35+05:30,4045.2,1,4047.16,694947,143502.0,148185.0,4100.0,4110.0,4016.1,4092.6,23692375,4501.8,3683.4,4440.0,3288.1,4045.1,77,1,4045.0,149,3,4044.0,274,2,4043.6,74,2,4043.5,71,3,4045.2,134,6,4045.3,200,1,4045.4,54,2,4045.5,51,2,4045.6,44,2
11483,2026-07-02 10:56:36+05:30,4045.2,1,4047.16,694947,143502.0,148185.0,4100.0,4110.0,4016.1,4092.6,23692375,4501.8,3683.4,4440.0,3288.1,4045.1,77,1,4045.0,149,3,4044.0,274,2,4043.6,74,2,4043.5,71,3,4045.2,134,6,4045.3,200,1,4045.4,54,2,4045.5,51,2,4045.6,44,2
11483,2026-07-02 10:56:37+05:30,4045.2,3,4047.16,694951,143544.0,148013.0,4100.0,4110.0,4016.1,4092.6,23692375,4501.8,3683.4,4440.0,3288.1,4045.1,77,1,4045.0,208,4,4044.0,274,2,4043.6,74,2,4043.5,71,3,4045.2,38,4,4045.3,201,2,4045.4,12,1,4045.5,9,1,4045.6,44,2
11483,2026-07-02 10:56:37+05:30,4045.2,1,4047.16,694951,143544.0,148013.0,4100.0,4110.0,4016.1,4092.6,23692375,4501.8,3683.4,4440.0,3288.1,4045.1,77,1,4045.0,208,4,4044.0,274,2,4043.6,74,2,4043.5,71,3,4045.2,38,4,4045.3,201,2,4045.4,12,1,4045.5,9,1,4045.6,44,2
11483,2026-07-02 10:56:37+05:30,4045.2,1,4047.16,694952,143550.0,148067.0,4100.0,4110.0,4016.1,4092.6,23692375,4501.8,3683.4,4440.0,3288.1,4045.1,77,1,4045.0,208,4,4044.1,3,1,4044.0,274,2,4043.6,76,3,4045.2,28,3,4045.3,201,2,4045.4,12,1,4045.6,44,2,4045.8,76,3
11483,2026-07-02 10:56:38+05:30,4045.2,1,4047.16,694952,143550.0,148067.0,4100.0,4110.0,4016.1,4092.6,23692375,4501.8,3683.4,4440.0,3288.1,4045.1,77,1,4045.0,208,4,4044.1,3,1,4044.0,274,2,4043.6,76,3,4045.2,28,3,4045.3,201,2,4045.4,12,1,4045.6,44,2,4045.8,76,3
11483,2026-07-02 10:56:39+05:30,4045.3,1,4047.16,695069,143587.0,147984.0,4100.0,4110.0,4016.1,4092.6,23692375,4501.8,3683.4,4440.0,3288.1,4045.1,75,1,4045.0,242,6,4044.1,3,1,4044.0,292,3,4043.7,6,1,4045.3,140,3,4045.6,32,1,4045.8,76,3,4045.9,81,4,4046.0,672,15
11483,2026-07-02 10:56:39+05:30,4045.3,1,4047.16,695069,143587.0,147984.0,4100.0,4110.0,4016.1,4092.6,23692375,4501.8,3683.4,4440.0,3288.1,4045.1,75,1,4045.0,242,6,4044.1,3,1,4044.0,292,3,4043.7,6,1,4045.3,140,3,4045.6,32,1,4045.8,76,3,4045.9,81,4,4046.0,672,15
11483,2026-07-02 10:56:40+05:30,4045.3,1,4047.16,695230,143439.0,147674.0,4100.0,4110.0,4016.1,4092.6,23692375,4501.8,3683.4,4440.0,3288.1,4045.0,159,7,4044.1,3,1,4044.0,292,3,4043.9,10,1,4043.7,6,1,4045.3,142,4,4045.8,64,2,4045.9,11,1,4046.0,659,14,4046.1,138,7
11483,2026-07-02 10:56:40+05:30,4045.3,1,4047.16,695230,143439.0,147674.0,4100.0,4110.0,4016.1,4092.6,23692375,4501.8,3683.4,4440.0,3288.1,4045.0,159,7,4044.1,3,1,4044.0,292,3,4043.9,10,1,4043.7,6,1,4045.3,142,4,4045.8,64,2,4045.9,11,1,4046.0,659,14,4046.1,138,7
11483,2026-07-02 10:56:41+05:30,4045.3,1,4047.16,695232,143293.0,147933.0,4100.0,4110.0,4016.1,4092.6,23692375,4501.8,3683.4,4440.0,3288.1,4045.0,158,7,4044.1,3,1,4044.0,274,2,4043.9,10,1,4043.8,28,1,4045.2,1,1,4045.3,141,4,4045.8,76,3,4045.9,11,1,4046.0,671,15
11483,2026-07-02 10:56:41+05:30,4045.2,1,4047.16,695232,143293.0,147933.0,4100.0,4110.0,4016.1,4092.6,23692375,4501.8,3683.4,4440.0,3288.1,4045.0,158,7,4044.1,3,1,4044.0,274,2,4043.9,10,1,4043.8,28,1,4045.2,1,1,4045.3,141,4,4045.8,76,3,4045.9,11,1,4046.0,671,15
11483,2026-07-02 10:56:42+05:30,4045.2,1,4047.16,695234,143220.0,147921.0,4100.0,4110.0,4016.1,4092.6,23692375,4501.8,3683.4,4440.0,3288.1,4045.1,1,1,4045.0,182,8,4044.0,274,2,4043.9,10,1,4043.8,46,2,4045.2,1,1,4045.3,138,3,4045.6,10,1,4045.7,12,1,4045.8,111,4
11483,2026-07-02 10:56:42+05:30,4045.2,1,4047.16,695234,143220.0,147921.0,4100.0,4110.0,4016.1,4092.6,23692375,4501.8,3683.4,4440.0,3288.1,4045.1,1,1,4045.0,182,8,4044.0,274,2,4043.9,10,1,4043.8,46,2,4045.2,1,1,4045.3,138,3,4045.6,10,1,4045.7,12,1,4045.8,111,4
11483,2026-07-02 10:56:43+05:30,4045.2,1,4047.16,695235,143216.0,147938.0,4100.0,4110.0,4016.1,4092.6,23692375,4501.8,3683.4,4440.0,3288.1,4045.1,1,1,4045.0,182,8,4044.1,1,1,4044.0,274,2,4043.9,10,1,4045.2,18,4,4045.3,113,2,4045.4,12,1,4045.6,22,2,4045.8,111,4
11483,2026-07-02 10:56:43+05:30,4045.2,1,4047.16,695235,143216.0,147938.0,4100.0,4110.0,4016.1,4092.6,23692375,4501.8,3683.4,4440.0,3288.1,4045.1,1,1,4045.0,182,8,4044.1,1,1,4044.0,274,2,4043.9,10,1,4045.2,18,4,4045.3,113,2,4045.4,12,1,4045.6,22,2,4045.8,111,4
11483,2026-07-02 10:56:44+05:30,4045.2,1,4047.16,695738,143306.0,147297.0,4100.0,4110.0,4016.1,4092.6,23692375,4501.8,3683.4,4440.0,3288.1,4045.1,1,1,4045.0,180,7,4044.1,19,2,4044.0,274,2,4043.9,10,1,4045.9,33,1,4046.0,457,12,4046.1,36,2,4046.2,30,2,4046.3,293,8
11483,2026-07-02 10:56:44+05:30,4045.9,1,4047.16,695738,143306.0,147297.0,4100.0,4110.0,4016.1,4092.6,23692375,4501.8,3683.4,4440.0,3288.1,4045.1,1,1,4045.0,180,7,4044.1,19,2,4044.0,274,2,4043.9,10,1,4045.9,33,1,4046.0,457,12,4046.1,36,2,4046.2,30,2,4046.3,293,8
11483,2026-07-02 10:56:45+05:30,4045.9,1,4047.16,695739,143312.0,147456.0,4100.0,4110.0,4016.1,4092.6,23692375,4501.8,3683.4,4440.0,3288.1,4045.1,1,1,4045.0,180,7,4044.1,1,1,4044.0,274,2,4043.9,10,1,4045.9,78,5,4046.0,420,10,4046.1,36,2,4046.2,30,2,4046.3,293,8
11483,2026-07-02 10:56:45+05:30,4045.9,3,4047.16,695739,143312.0,147456.0,4100.0,4110.0,4016.1,4092.6,23692375,4501.8,3683.4,4440.0,3288.1,4045.1,1,1,4045.0,180,7,4044.1,1,1,4044.0,274,2,4043.9,10,1,4045.9,78,5,4046.0,420,10,4046.1,36,2,4046.2,30,2,4046.3,293,8
11483,2026-07-02 10:56:46+05:30,4045.9,7,4047.16,695752,143219.0,147305.0,4100.0,4110.0,4016.1,4092.6,23692375,4501.8,3683.4,4440.0,3288.1,4045.1,1,1,4045.0,180,7,4044.1,1,1,4044.0,274,2,4043.9,10,1,4045.9,65,5,4046.0,420,10,4046.1,36,2,4046.2,30,2,4046.3,293,8
11483,2026-07-02 10:56:46+05:30,4045.9,1,4047.16,695752,143219.0,147305.0,4100.0,4110.0,4016.1,4092.6,23692375,4501.8,3683.4,4440.0,3288.1,4045.1,1,1,4045.0,180,7,4044.1,1,1,4044.0,274,2,4043.9,10,1,4045.9,65,5,4046.0,420,10,4046.1,36,2,4046.2,30,2,4046.3,293,8
11483,2026-07-02 10:56:47+05:30,4045.9,3,4047.16,695756,143265.0,147472.0,4100.0,4110.0,4016.1,4092.6,23692375,4501.8,3683.4,4440.0,3288.1,4045.6,50,1,4045.0,130,6,4044.1,1,1,4044.0,274,2,4043.9,24,3,4045.9,61,5,4046.0,420,10,4046.1,19,1,4046.2,12,1,4046.3,292,7
11483,2026-07-02 10:56:47+05:30,4045.9,1,4047.16,695756,143265.0,147472.0,4100.0,4110.0,4016.1,4092.6,23692375,4501.8,3683.4,4440.0,3288.1,4045.6,50,1,4045.0,130,6,4044.1,1,1,4044.0,274,2,4043.9,24,3,4045.9,61,5,4046.0,420,10,4046.1,19,1,4046.2,12,1,4046.3,292,7
11483,2026-07-02 10:56:48+05:30,4045.6,1,4047.16,695758,143273.0,147707.0,4100.0,4110.0,4016.1,4092.6,23692375,4501.8,3683.4,4440.0,3288.1,4045.6,49,1,4045.0,130,6,4044.1,1,1,4044.0,274,2,4043.9,24,3,4045.9,60,5,4046.0,420,10,4046.1,19,1,4046.2,12,1,4046.3,292,7
11483,2026-07-02 10:56:48+05:30,4045.8,1,4047.16,695758,143273.0,147707.0,4100.0,4110.0,4016.1,4092.6,23692375,4501.8,3683.4,4440.0,3288.1,4045.6,49,1,4045.0,130,6,4044.1,1,1,4044.0,274,2,4043.9,24,3,4045.9,60,5,4046.0,420,10,4046.1,19,1,4046.2,12,1,4046.3,292,7
11483,2026-07-02 10:56:49+05:30,4045.8,19,4047.16,695785,143393.0,148541.0,4100.0,4110.0,4016.1,4092.6,23692375,4501.8,3683.4,4440.0,3288.1,4045.6,47,1,4045.0,130,6,4044.1,1,1,4044.0,274,2,4043.9,24,3,4045.8,75,1,4045.9,46,4,4046.0,420,10,4046.1,19,1,4046.2,61,2
11483,2026-07-02 10:56:49+05:30,4045.8,1,4047.16,695785,143393.0,148541.0,4100.0,4110.0,4016.1,4092.6,23692375,4501.8,3683.4,4440.0,3288.1,4045.6,47,1,4045.0,130,6,4044.1,1,1,4044.0,274,2,4043.9,24,3,4045.8,75,1,4045.9,46,4,4046.0,420,10,4046.1,19,1,4046.2,61,2
11483,2026-07-02 10:56:50+05:30,4045.8,1,4047.16,695786,143393.0,148589.0,4100.0,4110.0,4016.1,4092.6,23692375,4501.8,3683.4,4440.0,3288.1,4045.6,47,1,4045.0,130,6,4044.1,1,1,4044.0,274,2,4043.9,24,3,4045.8,110,4,4045.9,14,1,4046.0,432,11,4046.1,19,1,4046.2,61,2
11483,2026-07-02 10:56:50+05:30,4045.8,1,4047.16,695786,143393.0,148589.0,4100.0,4110.0,4016.1,4092.6,23692375,4501.8,3683.4,4440.0,3288.1,4045.6,47,1,4045.0,130,6,4044.1,1,1,4044.0,274,2,4043.9,24,3,4045.8,110,4,4045.9,14,1,4046.0,432,11,4046.1,19,1,4046.2,61,2
11483,2026-07-02 10:56:51+05:30,4045.0,173,4047.16,696187,142866.0,148902.0,4100.0,4110.0,4016.1,4092.6,23692375,4501.8,3683.4,4440.0,3288.1,4045.0,329,2,4044.1,11,2,4044.0,274,2,4043.9,2,1,4043.8,28,1,4045.7,1,1,4045.8,60,5,4046.0,482,12,4046.2,94,3,4046.3,390,12
11483,2026-07-02 10:56:51+05:30,4045.8,12,4047.16,696187,142866.0,148902.0,4100.0,4110.0,4016.1,4092.6,23692375,4501.8,3683.4,4440.0,3288.1,4045.0,329,2,4044.1,11,2,4044.0,274,2,4043.9,2,1,4043.8,28,1,4045.7,1,1,4045.8,60,5,4046.0,482,12,4046.2,94,3,4046.3,390,12
11483,2026-07-02 10:56:52+05:30,4045.3,1,4047.16,696236,143384.0,148845.0,4100.0,4110.0,4016.1,4092.6,23692375,4501.8,3683.4,4440.0,3288.1,4045.3,1,1,4045.0,326,2,4044.1,31,2,4044.0,276,3,4043.9,30,2,4045.8,12,2,4046.0,482,12,4046.2,94,3,4046.3,351,10,4046.4,114,6
11483,2026-07-02 10:56:52+05:30,4046.0,23,4047.16,696236,143384.0,148845.0,4100.0,4110.0,4016.1,4092.6,23692375,4501.8,3683.4,4440.0,3288.1,4045.3,1,1,4045.0,326,2,4044.1,31,2,4044.0,276,3,4043.9,30,2,4045.8,12,2,4046.0,482,12,4046.2,94,3,4046.3,351,10,4046.4,114,6
11483,2026-07-02 10:56:53+05:30,4045.3,1,4047.16,696287,143296.0,148784.0,4100.0,4110.0,4016.1,4092.6,23692375,4501.8,3683.4,4440.0,3288.1,4045.3,1,1,4045.0,326,2,4044.1,27,1,4044.0,276,3,4043.9,30,2,4046.0,515,14,4046.2,94,3,4046.3,346,9,4046.4,114,6,4046.5,130,7
11483,2026-07-02 10:56:53+05:30,4045.3,1,4047.16,696287,143296.0,148784.0,4100.0,4110.0,4016.1,4092.6,23692375,4501.8,3683.4,4440.0,3288.1,4045.3,1,1,4045.0,326,2,4044.1,27,1,4044.0,276,3,4043.9,30,2,4046.0,515,14,4046.2,94,3,4046.3,346,9,4046.4,114,6,4046.5,130,7
11483,2026-07-02 10:56:54+05:30,4045.3,1,4047.16,696289,142920.0,148922.0,4100.0,4110.0,4016.1,4092.6,23692375,4501.8,3683.4,4440.0,3288.1,4045.0,326,2,4044.0,276,3,4043.9,18,1,4043.7,6,1,4043.6,99,4,4045.8,66,3,4045.9,8,1,4046.0,502,14,4046.1,6,1,4046.2,62,3
11483,2026-07-02 10:56:54+05:30,4045.3,1,4047.16,696289,142920.0,148922.0,4100.0,4110.0,4016.1,4092.6,23692375,4501.8,3683.4,4440.0,3288.1,4045.0,326,2,4044.0,276,3,4043.9,18,1,4043.7,6,1,4043.6,99,4,4045.8,66,3,4045.9,8,1,4046.0,502,14,4046.1,6,1,4046.2,62,3
11483,2026-07-02 10:56:55+05:30,4045.2,1,4047.16,696290,142963.0,148897.0,4100.0,4110.0,4016.1,4092.6,23692375,4501.8,3683.4,4440.0,3288.1,4045.2,1,1,4045.0,326,2,4044.0,274,2,4043.8,2,1,4043.7,6,1,4045.7,34,1,4045.8,38,4,4045.9,8,1,4046.0,490,13,4046.1,25,3
11483,2026-07-02 10:56:55+05:30,4045.2,1,4047.16,696290,142963.0,148897.0,4100.0,4110.0,4016.1,4092.6,23692375,4501.8,3683.4,4440.0,3288.1,4045.2,1,1,4045.0,326,2,4044.0,274,2,4043.8,2,1,4043.7,6,1,4045.7,34,1,4045.8,38,4,4045.9,8,1,4046.0,490,13,4046.1,25,3
11483,2026-07-02 10:56:56+05:30,4045.2,1,4047.16,696291,142964.0,148894.0,4100.0,4110.0,4016.1,4092.6,23692375,4501.8,3683.4,4440.0,3288.1,4045.0,326,2,4044.0,274,2,4043.8,2,1,4043.7,6,1,4043.6,101,5,4045.7,66,4,4045.8,6,2,4045.9,20,2,4046.0,490,13,4046.1,40,4
11483,2026-07-02 10:56:56+05:30,4045.7,5,4047.16,696291,142964.0,148894.0,4100.0,4110.0,4016.1,4092.6,23692375,4501.8,3683.4,4440.0,3288.1,4045.0,326,2,4044.0,274,2,4043.8,2,1,4043.7,6,1,4043.6,101,5,4045.7,66,4,4045.8,6,2,4045.9,20,2,4046.0,490,13,4046.1,40,4
11483,2026-07-02 10:56:57+05:30,4045.0,1,4047.16,696297,142905.0,148955.0,4100.0,4110.0,4016.1,4092.6,23692375,4501.8,3683.4,4440.0,3288.1,4045.0,325,2,4044.0,274,2,4043.8,20,2,4043.7,6,1,4043.6,76,3,4045.2,6,1,4045.7,61,4,4045.8,6,2,4045.9,20,2,4046.0,490,13
11483,2026-07-02 10:56:57+05:30,4045.0,1,4047.16,696297,142905.0,148955.0,4100.0,4110.0,4016.1,4092.6,23692375,4501.8,3683.4,4440.0,3288.1,4045.0,325,2,4044.0,274,2,4043.8,20,2,4043.7,6,1,4043.6,76,3,4045.2,6,1,4045.7,61,4,4045.8,6,2,4045.9,20,2,4046.0,490,13
11483,2026-07-02 10:56:58+05:30,4045.2,6,4047.16,696307,143635.0,147018.0,4100.0,4110.0,4016.1,4092.6,23692375,4501.8,3683.4,4440.0,3288.1,4045.0,351,3,4044.9,12,1,4044.8,7,1,4044.6,23,2,4044.4,31,4,4045.2,1,1,4045.8,5,1,4045.9,8,1,4046.0,446,8,4046.1,12,1
11483,2026-07-02 10:56:58+05:30,4045.7,1,4047.16,696307,143635.0,147018.0,4100.0,4110.0,4016.1,4092.6,23692375,4501.8,3683.4,4440.0,3288.1,4045.0,351,3,4044.9,12,1,4044.8,7,1,4044.6,23,2,4044.4,31,4,4045.2,1,1,4045.8,5,1,4045.9,8,1,4046.0,446,8,4046.1,12,1
11483,2026-07-02 10:56:59+05:30,4045.3,1,4047.16,696315,144534.0,147111.0,4100.0,4110.0,4016.1,4092.6,23692375,4501.8,3683.4,4440.0,3288.1,4045.3,1,1,4045.0,361,4,4044.8,12,1,4044.7,2,1,4044.6,30,2,4045.8,5,1,4046.0,461,9,4046.3,260,5,4046.4,12,1,4046.5,38,3
11483,2026-07-02 10:56:59+05:30,4045.0,8,4047.16,696315,144534.0,147111.0,4100.0,4110.0,4016.1,4092.6,23692375,4501.8,3683.4,4440.0,3288.1,4045.3,1,1,4045.0,361,4,4044.8,12,1,4044.7,2,1,4044.6,30,2,4045.8,5,1,4046.0,461,9,4046.3,260,5,4046.4,12,1,4046.5,38,3
11483,2026-07-02 10:57:00+05:30,4044.0,1,4047.15,698255,142917.0,148441.0,4100.0,4110.0,4016.1,4092.6,23692375,4501.8,3683.4,4440.0,3288.1,4044.0,273,2,4043.5,70,3,4043.4,13,1,4043.3,39,2,4043.2,134,2,4045.0,430,2,4045.4,34,1,4045.5,49,3,4045.6,38,1,4045.7,120,6
11483,2026-07-02 10:57:00+05:30,4044.0,10,4047.15,698255,142917.0,148441.0,4100.0,4110.0,4016.1,4092.6,23692375,4501.8,3683.4,4440.0,3288.1,4044.0,273,2,4043.5,70,3,4043.4,13,1,4043.3,39,2,4043.2,134,2,4045.0,430,2,4045.4,34,1,4045.5,49,3,4045.6,38,1,4045.7,120,6
11483,2026-07-02 10:57:01+05:30,4044.5,1,4047.15,698266,142884.0,148238.0,4100.0,4110.0,4016.1,4092.6,23692375,4501.8,3683.4,4440.0,3288.1,4044.5,2,2,4044.0,263,2,4043.5,52,2,4043.4,62,4,4043.3,39,2,4044.8,1,1,4045.0,439,3,4045.5,25,1,4045.7,120,6,4045.8,56,6
11483,2026-07-02 10:57:01+05:30,4044.5,1,4047.15,698266,142884.0,148238.0,4100.0,4110.0,4016.1,4092.6,23692375,4501.8,3683.4,4440.0,3288.1,4044.5,2,2,4044.0,263,2,4043.5,52,2,4043.4,62,4,4043.3,39,2,4044.8,1,1,4045.0,439,3,4045.5,25,1,4045.7,120,6,4045.8,56,6
11483,2026-07-02 10:57:02+05:30,4044.8,10,4047.15,698277,142893.0,148156.0,4100.0,4110.0,4016.1,4092.6,23692375,4501.8,3683.4,4440.0,3288.1,4044.6,1,1,4044.5,2,2,4044.0,263,2,4043.5,52,2,4043.4,62,4,4045.0,439,3,4045.5,25,1,4045.6,36,1,4045.7,91,5,4045.8,50,5
11483,2026-07-02 10:57:02+05:30,4044.6,1,4047.15,698277,142893.0,148156.0,4100.0,4110.0,4016.1,4092.6,23692375,4501.8,3683.4,4440.0,3288.1,4044.6,1,1,4044.5,2,2,4044.0,263,2,4043.5,52,2,4043.4,62,4,4045.0,439,3,4045.5,25,1,4045.6,36,1,4045.7,91,5,4045.8,50,5
11483,2026-07-02 10:57:03+05:30,4044.5,1,4047.15,698279,142865.0,148313.0,4100.0,4110.0,4016.1,4092.6,23692375,4501.8,3683.4,4440.0,3288.1,4044.5,2,2,4044.0,263,2,4043.5,40,1,4043.4,33,2,4043.3,52,3,4044.9,36,1,4045.0,478,7,4045.2,12,1,4045.3,7,1,4045.4,12,1
11483,2026-07-02 10:57:03+05:30,4044.5,1,4047.15,698279,142865.0,148313.0,4100.0,4110.0,4016.1,4092.6,23692375,4501.8,3683.4,4440.0,3288.1,4044.5,2,2,4044.0,263,2,4043.5,40,1,4043.4,33,2,4043.3,52,3,4044.9,36,1,4045.0,478,7,4045.2,12,1,4045.3,7,1,4045.4,12,1
11483,2026-07-02 10:57:04+05:30,4044.9,16,4047.15,698296,142874.0,148250.0,4100.0,4110.0,4016.1,4092.6,23692375,4501.8,3683.4,4440.0,3288.1,4044.6,2,1,4044.5,2,2,4044.0,263,2,4043.5,40,1,4043.4,33,2,4044.9,58,4,4045.0,431,3,4045.2,12,1,4045.3,7,1,4045.4,26,2
11483,2026-07-02 10:57:04+05:30,4044.9,16,4047.15,698296,142874.0,148250.0,4100.0,4110.0,4016.1,4092.6,23692375,4501.8,3683.4,4440.0,3288.1,4044.6,2,1,4044.5,2,2,4044.0,263,2,4043.5,40,1,4043.4,33,2,4044.9,58,4,4045.0,431,3,4045.2,12,1,4045.3,7,1,4045.4,26,2
11483,2026-07-02 10:57:05+05:30,4044.6,1,4047.15,698297,142933.0,148282.0,4100.0,4110.0,4016.1,4092.6,23692375,4501.8,3683.4,4440.0,3288.1,4044.6,1,1,4044.5,2,2,4044.0,263,2,4043.5,40,1,4043.4,33,2,4044.9,47,4,4045.0,443,4,4045.2,12,1,4045.3,7,1,4045.4,26,2
11483,2026-07-02 10:57:05+05:30,4044.9,3,4047.15,698297,142933.0,148282.0,4100.0,4110.0,4016.1,4092.6,23692375,4501.8,3683.4,4440.0,3288.1,4044.6,1,1,4044.5,2,2,4044.0,263,2,4043.5,40,1,4043.4,33,2,4044.9,47,4,4045.0,443,4,4045.2,12,1,4045.3,7,1,4045.4,26,2
11483,2026-07-02 10:57:06+05:30,4044.9,1,4047.15,698447,142950.0,148182.0,4100.0,4110.0,4016.1,4092.6,23692375,4501.8,3683.4,4440.0,3288.1,4044.9,1,1,4044.6,1,1,4044.5,2,2,4044.1,2,1,4044.0,263,2,4045.0,311,2,4045.3,36,1,4045.5,25,1,4045.6,29,2,4045.7,84,4
11483,2026-07-02 10:57:06+05:30,4044.9,1,4047.15,698447,142950.0,148182.0,4100.0,4110.0,4016.1,4092.6,23692375,4501.8,3683.4,4440.0,3288.1,4044.9,1,1,4044.6,1,1,4044.5,2,2,4044.1,2,1,4044.0,263,2,4045.0,311,2,4045.3,36,1,4045.5,25,1,4045.6,29,2,4045.7,84,4
11483,2026-07-02 10:57:07+05:30,4045.0,18,4047.15,698466,142981.0,148178.0,4100.0,4110.0,4016.1,4092.6,23692375,4501.8,3683.4,4440.0,3288.1,4044.9,1,1,4044.5,2,2,4044.1,2,1,4044.0,263,2,4043.6,7,1,4045.0,325,4,4045.1,40,1,4045.2,12,1,4045.3,36,1,4045.4,12,1
11483,2026-07-02 10:57:07+05:30,4045.0,18,4047.15,698466,142981.0,148178.0,4100.0,4110.0,4016.1,4092.6,23692375,4501.8,3683.4,4440.0,3288.1,4044.9,1,1,4044.5,2,2,4044.1,2,1,4044.0,263,2,4043.6,7,1,4045.0,325,4,4045.1,40,1,4045.2,12,1,4045.3,36,1,4045.4,12,1
11483,2026-07-02 10:57:08+05:30,4044.0,37,4047.15,698518,142855.0,148592.0,4100.0,4110.0,4016.1,4092.6,23692375,4501.8,3683.4,4440.0,3288.1,4044.0,226,2,4043.5,40,1,4043.4,47,4,4043.3,50,2,4043.2,134,2,4045.0,324,3,4045.1,40,1,4045.4,20,1,4045.5,25,1,4045.6,12,1
11483,2026-07-02 10:57:08+05:30,4044.0,37,4047.15,698518,142855.0,148592.0,4100.0,4110.0,4016.1,4092.6,23692375,4501.8,3683.4,4440.0,3288.1,4044.0,226,2,4043.5,40,1,4043.4,47,4,4043.3,50,2,4043.2,134,2,4045.0,324,3,4045.1,40,1,4045.4,20,1,4045.5,25,1,4045.6,12,1
11483,2026-07-02 10:57:09+05:30,4044.0,1,4047.15,698518,142855.0,148592.0,4100.0,4110.0,4016.1,4092.6,23692375,4501.8,3683.4,4440.0,3288.1,4044.0,226,2,4043.5,40,1,4043.4,47,4,4043.3,50,2,4043.2,134,2,4045.0,324,3,4045.1,40,1,4045.4,20,1,4045.5,25,1,4045.6,12,1
11483,2026-07-02 10:57:09+05:30,4044.0,1,4047.15,698521,142887.0,148677.0,4100.0,4110.0,4016.1,4092.6,23692375,4501.8,3683.4,4440.0,3288.1,4044.0,225,2,4043.5,67,3,4043.4,45,3,4043.3,52,3,4043.2,134,2,4045.0,322,3,4045.1,40,1,4045.5,45,2,4045.6,12,1,4045.7,84,4
11483,2026-07-02 10:57:10+05:30,4045.0,13,4047.15,698521,142887.0,148677.0,4100.0,4110.0,4016.1,4092.6,23692375,4501.8,3683.4,4440.0,3288.1,4044.0,225,2,4043.5,67,3,4043.4,45,3,4043.3,52,3,4043.2,134,2,4045.0,322,3,4045.1,40,1,4045.5,45,2,4045.6,12,1,4045.7,84,4
11483,2026-07-02 10:57:11+05:30,4044.0,1,4047.15,698548,142883.0,148786.0,4100.0,4110.0,4016.1,4092.6,23692375,4501.8,3683.4,4440.0,3288.1,4044.0,223,2,4043.5,45,2,4043.4,20,1,4043.3,37,1,4043.2,124,2,4044.5,1,1,4045.0,309,3,4045.1,40,1,4045.5,107,5,4045.7,84,4
11483,2026-07-02 10:57:11+05:30,4044.0,1,4047.15,698548,142883.0,148786.0,4100.0,4110.0,4016.1,4092.6,23692375,4501.8,3683.4,4440.0,3288.1,4044.0,223,2,4043.5,45,2,4043.4,20,1,4043.3,37,1,4043.2,124,2,4044.5,1,1,4045.0,309,3,4045.1,40,1,4045.5,107,5,4045.7,84,4
11483,2026-07-02 10:57:12+05:30,4044.9,5,4047.15,698563,142918.0,148940.0,4100.0,4110.0,4016.1,4092.6,23692375,4501.8,3683.4,4440.0,3288.1,4044.2,1,1,4044.0,223,2,4043.5,45,2,4043.4,20,1,4043.3,38,2,4044.9,85,1,4045.0,302,2,4045.1,40,1,4045.5,107,5,4045.7,85,5
11483,2026-07-02 10:57:12+05:30,4044.9,5,4047.15,698563,142918.0,148940.0,4100.0,4110.0,4016.1,4092.6,23692375,4501.8,3683.4,4440.0,3288.1,4044.2,1,1,4044.0,223,2,4043.5,45,2,4043.4,20,1,4043.3,38,2,4044.9,85,1,4045.0,302,2,4045.1,40,1,4045.5,107,5,4045.7,85,5
11483,2026-07-02 10:57:13+05:30,4044.9,5,4047.15,698563,142889.0,148948.0,4100.0,4110.0,4016.1,4092.6,23692375,4501.8,3683.4,4440.0,3288.1,4044.2,1,1,4044.0,223,2,4043.5,45,2,4043.4,20,1,4043.3,37,1,4044.9,87,2,4045.0,302,2,4045.1,40,1,4045.5,107,5,4045.7,84,4
11483,2026-07-02 10:57:14+05:30,4044.9,5,4047.15,698563,142927.0,149067.0,4100.0,4110.0,4016.1,4092.6,23692375,4501.8,3683.4,4440.0,3288.1,4044.2,1,1,4044.0,223,2,4043.5,45,2,4043.4,20,1,4043.3,37,1,4044.8,75,1,4044.9,113,4,4045.0,277,1,4045.1,68,2,4045.5,87,4
11483,2026-07-02 10:57:14+05:30,4044.2,1,4047.15,698563,142927.0,149067.0,4100.0,4110.0,4016.1,4092.6,23692375,4501.8,3683.4,4440.0,3288.1,4044.2,1,1,4044.0,223,2,4043.5,45,2,4043.4,20,1,4043.3,37,1,4044.8,75,1,4044.9,113,4,4045.0,277,1,4045.1,68,2,4045.5,87,4
11483,2026-07-02 10:57:15+05:30,4044.2,1,4047.15,698564,142933.0,148995.0,4100.0,4110.0,4016.1,4092.6,23692375,4501.8,3683.4,4440.0,3288.1,4044.2,1,1,4044.0,223,2,4043.5,45,2,4043.4,20,1,4043.3,38,2,4044.8,77,2,4044.9,111,3,4045.0,277,1,4045.1,68,2,4045.5,49,3
11483,2026-07-02 10:57:15+05:30,4044.8,1,4047.15,698564,142933.0,148995.0,4100.0,4110.0,4016.1,4092.6,23692375,4501.8,3683.4,4440.0,3288.1,4044.2,1,1,4044.0,223,2,4043.5,45,2,4043.4,20,1,4043.3,38,2,4044.8,77,2,4044.9,111,3,4045.0,277,1,4045.1,68,2,4045.5,49,3
11483,2026-07-02 10:57:16+05:30,4044.8,1,4047.15,698585,143021.0,148920.0,4100.0,4110.0,4016.1,4092.6,23692375,4501.8,3683.4,4440.0,3288.1,4044.7,2,2,4044.2,1,1,4044.0,226,3,4043.6,18,2,4043.5,45,2,4044.8,56,2,4044.9,111,3,4045.0,277,1,4045.1,40,1,4045.7,84,4
11483,2026-07-02 10:57:16+05:30,4044.8,1,4047.15,698585,143021.0,148920.0,4100.0,4110.0,4016.1,4092.6,23692375,4501.8,3683.4,4440.0,3288.1,4044.7,2,2,4044.2,1,1,4044.0,226,3,4043.6,18,2,4043.5,45,2,4044.8,56,2,4044.9,111,3,4045.0,277,1,4045.1,40,1,4045.7,84,4
11483,2026-07-02 10:57:17+05:30,4044.8,3,4047.15,698589,143013.0,148920.0,4100.0,4110.0,4016.1,4092.6,23692375,4501.8,3683.4,4440.0,3288.1,4044.7,2,2,4044.0,226,3,4043.6,18,2,4043.5,45,2,4043.4,32,2,4044.8,75,4,4044.9,86,2,4045.0,277,1,4045.1,40,1,4045.5,12,1
11483,2026-07-02 10:57:17+05:30,4044.8,1,4047.15,698589,143013.0,148920.0,4100.0,4110.0,4016.1,4092.6,23692375,4501.8,3683.4,4440.0,3288.1,4044.7,2,2,4044.0,226,3,4043.6,18,2,4043.5,45,2,4043.4,32,2,4044.8,75,4,4044.9,86,2,4045.0,277,1,4045.1,40,1,4045.5,12,1
11483,2026-07-02 10:57:18+05:30,4044.8,1,4047.15,698590,143014.0,148939.0,4100.0,4110.0,4016.1,4092.6,23692375,4501.8,3683.4,4440.0,3288.1,4044.7,2,2,4044.0,226,3,4043.6,18,2,4043.5,45,2,4043.4,32,2,4044.8,74,4,4044.9,86,2,4045.0,277,1,4045.1,40,1,4045.5,12,1
11483,2026-07-02 10:57:18+05:30,4044.8,1,4047.15,698590,143014.0,148939.0,4100.0,4110.0,4016.1,4092.6,23692375,4501.8,3683.4,4440.0,3288.1,4044.7,2,2,4044.0,226,3,4043.6,18,2,4043.5,45,2,4043.4,32,2,4044.8,74,4,4044.9,86,2,4045.0,277,1,4045.1,40,1,4045.5,12,1
11483,2026-07-02 10:57:19+05:30,4044.8,1,4047.15,698593,143014.0,148989.0,4100.0,4110.0,4016.1,4092.6,23692375,4501.8,3683.4,4440.0,3288.1,4044.7,2,2,4044.0,226,3,4043.6,18,2,4043.5,45,2,4043.4,32,2,4044.8,73,4,4044.9,85,1,4045.0,332,3,4045.1,40,1,4045.5,12,1
11483,2026-07-02 10:57:21+05:30,4044.8,1,4047.15,698593,143014.0,148989.0,4100.0,4110.0,4016.1,4092.6,23692375,4501.8,3683.4,4440.0,3288.1,4044.7,2,2,4044.0,226,3,4043.6,18,2,4043.5,45,2,4043.4,32,2,4044.8,73,4,4044.9,85,1,4045.0,332,3,4045.1,40,1,4045.5,12,1
11483,2026-07-02 10:57:24+05:30,4044.8,1,4047.15,698593,143014.0,148989.0,4100.0,4110.0,4016.1,4092.6,23692375,4501.8,3683.4,4440.0,3288.1,4044.7,2,2,4044.0,226,3,4043.6,18,2,4043.5,45,2,4043.4,32,2,4044.8,73,4,4044.9,85,1,4045.0,332,3,4045.1,40,1,4045.5,12,1
11483,2026-07-02 10:57:25+05:30,4044.8,1,4047.15,698625,142717.0,148650.0,4100.0,4110.0,4016.1,4092.6,23692375,4501.8,3683.4,4440.0,3288.1,4044.7,3,3,4044.0,226,3,4043.6,6,1,4043.5,45,2,4043.3,1,1,4044.8,53,7,4044.9,85,1,4045.0,332,3,4045.1,40,1,4045.2,12,1
11483,2026-07-02 10:57:27+05:30,4044.8,1,4047.15,698625,142717.0,148650.0,4100.0,4110.0,4016.1,4092.6,23692375,4501.8,3683.4,4440.0,3288.1,4044.7,3,3,4044.0,226,3,4043.6,6,1,4043.5,45,2,4043.3,1,1,4044.8,53,7,4044.9,85,1,4045.0,332,3,4045.1,40,1,4045.2,12,1
11483,2026-07-02 10:57:28+05:30,4044.8,1,4047.15,698625,142717.0,148650.0,4100.0,4110.0,4016.1,4092.6,23692375,4501.8,3683.4,4440.0,3288.1,4044.7,3,3,4044.0,226,3,4043.6,6,1,4043.5,45,2,4043.3,1,1,4044.8,53,7,4044.9,85,1,4045.0,332,3,4045.1,40,1,4045.2,12,1
11483,2026-07-02 10:57:29+05:30,4044.8,1,4047.15,698625,142717.0,148650.0,4100.0,4110.0,4016.1,4092.6,23692375,4501.8,3683.4,4440.0,3288.1,4044.7,3,3,4044.0,226,3,4043.6,6,1,4043.5,45,2,4043.3,1,1,4044.8,53,7,4044.9,85,1,4045.0,332,3,4045.1,40,1,4045.2,12,1
11483,2026-07-02 10:57:30+05:30,4044.8,1,4047.15,698686,142747.0,150114.0,4100.0,4110.0,4016.1,4092.6,23692375,4501.8,3683.4,4440.0,3288.1,4044.0,202,3,4043.5,65,3,4043.3,64,2,4043.2,122,1,4043.1,31,3,4044.8,9,2,4044.9,85,1,4045.0,332,3,4045.1,40,1,4045.4,13,2
11483,2026-07-02 10:57:30+05:30,4044.8,1,4047.15,698686,142747.0,150114.0,4100.0,4110.0,4016.1,4092.6,23692375,4501.8,3683.4,4440.0,3288.1,4044.0,202,3,4043.5,65,3,4043.3,64,2,4043.2,122,1,4043.1,31,3,4044.8,9,2,4044.9,85,1,4045.0,332,3,4045.1,40,1,4045.4,13,2
11483,2026-07-02 10:57:30+05:30,4044.8,3,4047.15,698686,142747.0,150114.0,4100.0,4110.0,4016.1,4092.6,23692375,4501.8,3683.4,4440.0,3288.1,4044.0,202,3,4043.5,65,3,4043.3,64,2,4043.2,122,1,4043.1,31,3,4044.8,9,2,4044.9,85,1,4045.0,332,3,4045.1,40,1,4045.4,13,2
11483,2026-07-02 10:57:31+05:30,4044.8,3,4047.15,698686,142747.0,150114.0,4100.0,4110.0,4016.1,4092.6,23692375,4501.8,3683.4,4440.0,3288.1,4044.0,202,3,4043.5,65,3,4043.3,64,2,4043.2,122,1,4043.1,31,3,4044.8,9,2,4044.9,85,1,4045.0,332,3,4045.1,40,1,4045.4,13,2
11483,2026-07-02 10:57:31+05:30,4044.8,3,4047.15,698686,142747.0,150114.0,4100.0,4110.0,4016.1,4092.6,23696225,4501.8,3683.4,4440.0,3288.1,4044.0,202,3,4043.5,65,3,4043.3,64,2,4043.2,122,1,4043.1,31,3,4044.8,9,2,4044.9,85,1,4045.0,332,3,4045.1,40,1,4045.4,13,2
11483,2026-07-02 10:57:32+05:30,4044.8,3,4047.15,698686,142747.0,150114.0,4100.0,4110.0,4016.1,4092.6,23696225,4501.8,3683.4,4440.0,3288.1,4044.0,202,3,4043.5,65,3,4043.3,64,2,4043.2,122,1,4043.1,31,3,4044.8,9,2,4044.9,85,1,4045.0,332,3,4045.1,40,1,4045.4,13,2
11483,2026-07-02 10:57:33+05:30,4044.8,3,4047.15,698686,142747.0,150114.0,4100.0,4110.0,4016.1,4092.6,23696225,4501.8,3683.4,4440.0,3288.1,4044.0,202,3,4043.5,65,3,4043.3,64,2,4043.2,122,1,4043.1,31,3,4044.8,9,2,4044.9,85,1,4045.0,332,3,4045.1,40,1,4045.4,13,2
11483,2026-07-02 10:57:33+05:30,4044.2,1,4047.15,698686,142747.0,150114.0,4100.0,4110.0,4016.1,4092.6,23696225,4501.8,3683.4,4440.0,3288.1,4044.0,202,3,4043.5,65,3,4043.3,64,2,4043.2,122,1,4043.1,31,3,4044.8,9,2,4044.9,85,1,4045.0,332,3,4045.1,40,1,4045.4,13,2
11483,2026-07-02 10:57:35+05:30,4044.2,1,4047.15,698798,142875.0,150182.0,4100.0,4110.0,4016.1,4092.6,23696225,4501.8,3683.4,4440.0,3288.1,4044.5,1,1,4044.1,2,1,4044.0,202,3,4043.5,65,3,4043.4,14,2,4044.8,1,1,4045.0,397,6,4045.1,40,1,4045.2,12,1,4045.4,12,1
11483,2026-07-02 10:57:36+05:30,4044.5,1,4047.15,698798,142875.0,150182.0,4100.0,4110.0,4016.1,4092.6,23696225,4501.8,3683.4,4440.0,3288.1,4044.5,1,1,4044.1,2,1,4044.0,202,3,4043.5,65,3,4043.4,14,2,4044.8,1,1,4045.0,397,6,4045.1,40,1,4045.2,12,1,4045.4,12,1
11483,2026-07-02 10:57:39+05:30,4044.8,1,4047.15,698798,142875.0,150182.0,4100.0,4110.0,4016.1,4092.6,23696225,4501.8,3683.4,4440.0,3288.1,4044.5,1,1,4044.1,2,1,4044.0,202,3,4043.5,65,3,4043.4,14,2,4044.8,1,1,4045.0,397,6,4045.1,40,1,4045.2,12,1,4045.4,12,1
11483,2026-07-02 10:57:40+05:30,4044.8,1,4047.15,698808,142891.0,150261.0,4100.0,4110.0,4016.1,4092.6,23696225,4501.8,3683.4,4440.0,3288.1,4044.8,1,1,4044.5,1,1,4044.2,1,1,4044.0,202,3,4043.5,68,3,4044.9,50,1,4045.0,396,6,4045.1,40,1,4045.2,12,1,4045.4,22,2
11483,2026-07-02 10:57:42+05:30,4044.1,1,4047.15,698808,142891.0,150261.0,4100.0,4110.0,4016.1,4092.6,23696225,4501.8,3683.4,4440.0,3288.1,4044.8,1,1,4044.5,1,1,4044.2,1,1,4044.0,202,3,4043.5,68,3,4044.9,50,1,4045.0,396,6,4045.1,40,1,4045.2,12,1,4045.4,22,2
11483,2026-07-02 10:57:45+05:30,4044.0,1,4047.15,698978,142470.0,150800.0,4100.0,4110.0,4016.1,4092.6,23696225,4501.8,3683.4,4440.0,3288.1,4044.0,110,3,4043.5,45,2,4043.1,31,3,4043.0,35,4,4042.9,81,3,4044.1,15,1,4044.8,20,1,4044.9,93,6,4045.0,371,5,4045.1,45,2
11483,2026-07-02 10:57:45+05:30,4044.0,1,4047.15,698978,142470.0,150800.0,4100.0,4110.0,4016.1,4092.6,23696225,4501.8,3683.4,4440.0,3288.1,4044.0,110,3,4043.5,45,2,4043.1,31,3,4043.0,35,4,4042.9,81,3,4044.1,15,1,4044.8,20,1,4044.9,93,6,4045.0,371,5,4045.1,45,2
11483,2026-07-02 10:57:48+05:30,4044.0,1,4047.15,698978,142470.0,150800.0,4100.0,4110.0,4016.1,4092.6,23696225,4501.8,3683.4,4440.0,3288.1,4044.0,110,3,4043.5,45,2,4043.1,31,3,4043.0,35,4,4042.9,81,3,4044.1,15,1,4044.8,20,1,4044.9,93,6,4045.0,371,5,4045.1,45,2
11483,2026-07-02 10:57:50+05:30,4044.0,1,4047.15,698997,142228.0,151098.0,4100.0,4110.0,4016.1,4092.6,23696225,4501.8,3683.4,4440.0,3288.1,4044.0,104,3,4043.5,45,2,4043.1,20,2,4043.0,35,4,4042.9,31,2,4044.1,20,3,4044.5,57,2,4044.8,32,2,4044.9,117,5,4045.0,384,7
11483,2026-07-02 10:57:51+05:30,4044.0,1,4047.15,698997,142228.0,151098.0,4100.0,4110.0,4016.1,4092.6,23696225,4501.8,3683.4,4440.0,3288.1,4044.0,104,3,4043.5,45,2,4043.1,20,2,4043.0,35,4,4042.9,31,2,4044.1,20,3,4044.5,57,2,4044.8,32,2,4044.9,117,5,4045.0,384,7
11483,2026-07-02 10:57:54+05:30,4044.0,1,4047.15,698997,142228.0,151098.0,4100.0,4110.0,4016.1,4092.6,23696225,4501.8,3683.4,4440.0,3288.1,4044.0,104,3,4043.5,45,2,4043.1,20,2,4043.0,35,4,4042.9,31,2,4044.1,20,3,4044.5,57,2,4044.8,32,2,4044.9,117,5,4045.0,384,7
11483,2026-07-02 10:57:55+05:30,4044.0,25,4047.15,699039,142368.0,150986.0,4100.0,4110.0,4016.1,4092.6,23696225,4501.8,3683.4,4440.0,3288.1,4044.0,76,5,4043.5,45,2,4043.1,20,2,4043.0,35,4,4042.9,10,1,4044.1,19,3,4044.2,12,1,4044.4,12,1,4044.5,45,1,4044.6,12,1
11483,2026-07-02 10:57:57+05:30,4044.0,35,4047.15,699039,142368.0,150986.0,4100.0,4110.0,4016.1,4092.6,23696225,4501.8,3683.4,4440.0,3288.1,4044.0,76,5,4043.5,45,2,4043.1,20,2,4043.0,35,4,4042.9,10,1,4044.1,19,3,4044.2,12,1,4044.4,12,1,4044.5,45,1,4044.6,12,1
11483,2026-07-02 10:58:00+05:30,4044.2,1,4047.15,699291,142537.0,151069.0,4100.0,4110.0,4016.1,4092.6,23696225,4501.8,3683.4,4440.0,3288.1,4044.0,350,1,4043.5,45,2,4043.1,2,1,4043.0,55,5,4042.9,11,2,4044.2,83,5,4044.3,27,3,4044.4,32,4,4044.5,83,4,4044.6,12,1
11483,2026-07-02 10:58:00+05:30,4044.4,1,4047.15,699291,142537.0,151069.0,4100.0,4110.0,4016.1,4092.6,23696225,4501.8,3683.4,4440.0,3288.1,4044.0,350,1,4043.5,45,2,4043.1,2,1,4043.0,55,5,4042.9,11,2,4044.2,83,5,4044.3,27,3,4044.4,32,4,4044.5,83,4,4044.6,12,1
11483,2026-07-02 10:58:03+05:30,4044.1,1,4047.15,699291,142537.0,151069.0,4100.0,4110.0,4016.1,4092.6,23696225,4501.8,3683.4,4440.0,3288.1,4044.0,350,1,4043.5,45,2,4043.1,2,1,4043.0,55,5,4042.9,11,2,4044.2,83,5,4044.3,27,3,4044.4,32,4,4044.5,83,4,4044.6,12,1
11483,2026-07-02 10:58:05+05:30,4043.2,1,4047.14,702123,140334.0,151724.0,4100.0,4110.0,4016.1,4092.6,23696225,4501.8,3683.4,4440.0,3288.1,4043.0,35,4,4042.9,11,2,4042.0,147,3,4041.7,1,1,4041.6,14,2,4043.2,58,4,4043.3,81,1,4043.4,54,2,4043.5,49,2,4043.6,54,2
11483,2026-07-02 10:58:06+05:30,4042.5,3,4047.14,702123,140334.0,151724.0,4100.0,4110.0,4016.1,4092.6,23696225,4501.8,3683.4,4440.0,3288.1,4043.0,35,4,4042.9,11,2,4042.0,147,3,4041.7,1,1,4041.6,14,2,4043.2,58,4,4043.3,81,1,4043.4,54,2,4043.5,49,2,4043.6,54,2
11483,2026-07-02 10:58:09+05:30,4042.2,1,4047.14,702123,140334.0,151724.0,4100.0,4110.0,4016.1,4092.6,23696225,4501.8,3683.4,4440.0,3288.1,4043.0,35,4,4042.9,11,2,4042.0,147,3,4041.7,1,1,4041.6,14,2,4043.2,58,4,4043.3,81,1,4043.4,54,2,4043.5,49,2,4043.6,54,2
11483,2026-07-02 10:58:10+05:30,4042.3,22,4047.14,702254,139789.0,152627.0,4100.0,4110.0,4016.1,4092.6,23696225,4501.8,3683.4,4440.0,3288.1,4042.2,1,1,4042.0,145,4,4041.7,1,1,4041.6,1,1,4041.5,2,1,4042.3,63,2,4042.4,40,1,4042.6,42,1,4042.8,42,1,4042.9,1,1
11483,2026-07-02 10:58:12+05:30,4041.9,1,4047.14,702254,139789.0,152627.0,4100.0,4110.0,4016.1,4092.6,23696225,4501.8,3683.4,4440.0,3288.1,4042.2,1,1,4042.0,145,4,4041.7,1,1,4041.6,1,1,4041.5,2,1,4042.3,63,2,4042.4,40,1,4042.6,42,1,4042.8,42,1,4042.9,1,1
11483,2026-07-02 10:58:15+05:30,4041.9,4,4047.14,702254,139789.0,152627.0,4100.0,4110.0,4016.1,4092.6,23696225,4501.8,3683.4,4440.0,3288.1,4042.2,1,1,4042.0,145,4,4041.7,1,1,4041.6,1,1,4041.5,2,1,4042.3,63,2,4042.4,40,1,4042.6,42,1,4042.8,42,1,4042.9,1,1
11483,2026-07-02 10:58:16+05:30,4041.9,1,4047.11,704650,138612.0,150813.0,4100.0,4110.0,4016.1,4092.6,23696225,4501.8,3683.4,4440.0,3288.1,4041.0,30,4,4040.9,17,1,4040.8,66,3,4040.7,12,1,4040.6,20,2,4041.9,1,1,4042.0,35,1,4042.2,96,1,4042.3,8,1,4042.4,1,1
11483,2026-07-02 10:58:18+05:30,4041.9,1,4047.11,704650,138612.0,150813.0,4100.0,4110.0,4016.1,4092.6,23696225,4501.8,3683.4,4440.0,3288.1,4041.0,30,4,4040.9,17,1,4040.8,66,3,4040.7,12,1,4040.6,20,2,4041.9,1,1,4042.0,35,1,4042.2,96,1,4042.3,8,1,4042.4,1,1
11483,2026-07-02 10:58:21+05:30,4040.0,581,4047.1,706302,137744.0,150042.0,4100.0,4110.0,4016.1,4092.6,23696225,4501.8,3683.4,4440.0,3288.1,4041.2,70,6,4041.1,47,5,4041.0,16,1,4040.8,41,2,4040.7,33,2,4041.9,14,2,4042.0,12,1,4042.2,96,1,4042.5,2,1,4042.6,17,2
11483,2026-07-02 10:58:21+05:30,4041.9,6,4047.1,706302,137744.0,150042.0,4100.0,4110.0,4016.1,4092.6,23696225,4501.8,3683.4,4440.0,3288.1,4041.2,70,6,4041.1,47,5,4041.0,16,1,4040.8,41,2,4040.7,33,2,4041.9,14,2,4042.0,12,1,4042.2,96,1,4042.5,2,1,4042.6,17,2
11483,2026-07-02 10:58:24+05:30,4042.1,1,4047.1,706302,137744.0,150042.0,4100.0,4110.0,4016.1,4092.6,23696225,4501.8,3683.4,4440.0,3288.1,4041.2,70,6,4041.1,47,5,4041.0,16,1,4040.8,41,2,4040.7,33,2,4041.9,14,2,4042.0,12,1,4042.2,96,1,4042.5,2,1,4042.6,17,2
11483,2026-07-02 10:58:26+05:30,4042.2,8,4047.1,706403,139784.0,149608.0,4100.0,4110.0,4016.1,4092.6,23696225,4501.8,3683.4,4440.0,3288.1,4042.1,34,1,4042.0,89,6,4041.9,92,8,4041.7,42,1,4041.6,23,2,4042.2,64,3,4042.6,15,1,4043.4,62,1,4043.5,70,3,4043.6,31,2
11483,2026-07-02 10:58:27+05:30,4042.1,1,4047.1,706403,139784.0,149608.0,4100.0,4110.0,4016.1,4092.6,23696225,4501.8,3683.4,4440.0,3288.1,4042.1,34,1,4042.0,89,6,4041.9,92,8,4041.7,42,1,4041.6,23,2,4042.2,64,3,4042.6,15,1,4043.4,62,1,4043.5,70,3,4043.6,31,2
11483,2026-07-02 10:58:28+05:30,4042.1,1,4047.1,706403,139784.0,149608.0,4100.0,4110.0,4016.1,4092.6,23696225,4501.8,3683.4,4440.0,3288.1,4042.1,34,1,4042.0,89,6,4041.9,92,8,4041.7,42,1,4041.6,23,2,4042.2,64,3,4042.6,15,1,4043.4,62,1,4043.5,70,3,4043.6,31,2
11483,2026-07-02 10:58:29+05:30,4042.1,1,4047.1,706403,139784.0,149608.0,4100.0,4110.0,4016.1,4092.6,23696225,4501.8,3683.4,4440.0,3288.1,4042.1,34,1,4042.0,89,6,4041.9,92,8,4041.7,42,1,4041.6,23,2,4042.2,64,3,4042.6,15,1,4043.4,62,1,4043.5,70,3,4043.6,31,2
11483,2026-07-02 10:58:30+05:30,4042.1,1,4047.1,706403,139784.0,149608.0,4100.0,4110.0,4016.1,4092.6,23696225,4501.8,3683.4,4440.0,3288.1,4042.1,34,1,4042.0,89,6,4041.9,92,8,4041.7,42,1,4041.6,23,2,4042.2,64,3,4042.6,15,1,4043.4,62,1,4043.5,70,3,4043.6,31,2
11483,2026-07-02 10:58:30+05:30,4042.2,3,4047.1,706403,139784.0,149608.0,4100.0,4110.0,4016.1,4092.6,23696225,4501.8,3683.4,4440.0,3288.1,4042.1,34,1,4042.0,89,6,4041.9,92,8,4041.7,42,1,4041.6,23,2,4042.2,64,3,4042.6,15,1,4043.4,62,1,4043.5,70,3,4043.6,31,2
11483,2026-07-02 10:58:31+05:30,4042.2,3,4047.1,706403,139784.0,149608.0,4100.0,4110.0,4016.1,4092.6,23696225,4501.8,3683.4,4440.0,3288.1,4042.1,34,1,4042.0,89,6,4041.9,92,8,4041.7,42,1,4041.6,23,2,4042.2,64,3,4042.6,15,1,4043.4,62,1,4043.5,70,3,4043.6,31,2
11483,2026-07-02 10:58:31+05:30,4042.0,1,4047.1,706486,139810.0,149993.0,4100.0,4110.0,4016.1,4092.6,23696225,4501.8,3683.4,4440.0,3288.1,4042.0,17,3,4041.9,117,7,4041.7,42,1,4041.2,35,4,4041.1,52,6,4042.1,1,1,4042.2,25,3,4042.6,15,1,4043.4,15,5,4043.5,70,3
11483,2026-07-02 10:58:32+05:30,4042.0,1,4047.1,706486,139810.0,149993.0,4100.0,4110.0,4016.1,4092.6,23696225,4501.8,3683.4,4440.0,3288.1,4042.0,17,3,4041.9,117,7,4041.7,42,1,4041.2,35,4,4041.1,52,6,4042.1,1,1,4042.2,25,3,4042.6,15,1,4043.4,15,5,4043.5,70,3
11483,2026-07-02 10:58:32+05:30,4042.0,1,4047.1,706486,139810.0,149993.0,4100.0,4110.0,4016.1,4092.6,23706200,4501.8,3683.4,4440.0,3288.1,4042.0,17,3,4041.9,117,7,4041.7,42,1,4041.2,35,4,4041.1,52,6,4042.1,1,1,4042.2,25,3,4042.6,15,1,4043.4,15,5,4043.5,70,3
11483,2026-07-02 10:58:33+05:30,4042.0,1,4047.1,706486,139810.0,149993.0,4100.0,4110.0,4016.1,4092.6,23706200,4501.8,3683.4,4440.0,3288.1,4042.0,17,3,4041.9,117,7,4041.7,42,1,4041.2,35,4,4041.1,52,6,4042.1,1,1,4042.2,25,3,4042.6,15,1,4043.4,15,5,4043.5,70,3
11483,2026-07-02 10:58:33+05:30,4042.0,1,4047.1,706486,139810.0,149993.0,4100.0,4110.0,4016.1,4092.6,23706200,4501.8,3683.4,4440.0,3288.1,4042.0,17,3,4041.9,117,7,4041.7,42,1,4041.2,35,4,4041.1,52,6,4042.1,1,1,4042.2,25,3,4042.6,15,1,4043.4,15,5,4043.5,70,3
11483,2026-07-02 10:58:34+05:30,4042.0,1,4047.1,706486,139810.0,149993.0,4100.0,4110.0,4016.1,4092.6,23706200,4501.8,3683.4,4440.0,3288.1,4042.0,17,3,4041.9,117,7,4041.7,42,1,4041.2,35,4,4041.1,52,6,4042.1,1,1,4042.2,25,3,4042.6,15,1,4043.4,15,5,4043.5,70,3
11483,2026-07-02 10:58:36+05:30,4041.9,1,4047.1,706486,139810.0,149993.0,4100.0,4110.0,4016.1,4092.6,23706200,4501.8,3683.4,4440.0,3288.1,4042.0,17,3,4041.9,117,7,4041.7,42,1,4041.2,35,4,4041.1,52,6,4042.1,1,1,4042.2,25,3,4042.6,15,1,4043.4,15,5,4043.5,70,3
11483,2026-07-02 10:58:37+05:30,4042.0,2,4047.09,706572,139677.0,149952.0,4100.0,4110.0,4016.1,4092.6,23706200,4501.8,3683.4,4440.0,3288.1,4041.9,101,8,4041.8,42,1,4041.7,42,1,4041.6,12,1,4041.5,51,2,4042.0,69,2,4042.2,18,1,4042.6,15,1,4043.4,17,3,4043.5,70,3
11483,2026-07-02 10:58:39+05:30,4041.9,1,4047.09,706572,139677.0,149952.0,4100.0,4110.0,4016.1,4092.6,23706200,4501.8,3683.4,4440.0,3288.1,4041.9,101,8,4041.8,42,1,4041.7,42,1,4041.6,12,1,4041.5,51,2,4042.0,69,2,4042.2,18,1,4042.6,15,1,4043.4,17,3,4043.5,70,3
11483,2026-07-02 10:58:42+05:30,4041.9,1,4047.09,706712,139338.0,150096.0,4100.0,4110.0,4016.1,4092.6,23706200,4501.8,3683.4,4440.0,3288.1,4041.9,1,1,4041.8,41,1,4041.7,42,1,4041.6,12,1,4041.5,42,1,4042.0,64,5,4042.2,18,1,4042.6,15,1,4043.2,24,4,4043.3,39,1
11483,2026-07-02 10:58:42+05:30,4041.9,1,4047.09,706712,139338.0,150096.0,4100.0,4110.0,4016.1,4092.6,23706200,4501.8,3683.4,4440.0,3288.1,4041.9,1,1,4041.8,41,1,4041.7,42,1,4041.6,12,1,4041.5,42,1,4042.0,64,5,4042.2,18,1,4042.6,15,1,4043.2,24,4,4043.3,39,1
11483,2026-07-02 10:58:45+05:30,4042.3,8,4047.09,706712,139338.0,150096.0,4100.0,4110.0,4016.1,4092.6,23706200,4501.8,3683.4,4440.0,3288.1,4041.9,1,1,4041.8,41,1,4041.7,42,1,4041.6,12,1,4041.5,42,1,4042.0,64,5,4042.2,18,1,4042.6,15,1,4043.2,24,4,4043.3,39,1
11483,2026-07-02 10:58:47+05:30,4042.6,5,4047.09,706841,140173.0,149120.0,4100.0,4110.0,4016.1,4092.6,23706200,4501.8,3683.4,4440.0,3288.1,4042.4,16,4,4042.3,12,1,4042.1,9,1,4042.0,46,5,4041.9,34,5,4042.6,9,1,4043.6,41,4,4043.7,13,1,4043.8,30,2,4043.9,18,1
11483,2026-07-02 10:58:48+05:30,4041.8,2,4047.09,706841,140173.0,149120.0,4100.0,4110.0,4016.1,4092.6,23706200,4501.8,3683.4,4440.0,3288.1,4042.4,16,4,4042.3,12,1,4042.1,9,1,4042.0,46,5,4041.9,34,5,4042.6,9,1,4043.6,41,4,4043.7,13,1,4043.8,30,2,4043.9,18,1
11483,2026-07-02 10:58:51+05:30,4042.3,1,4047.09,706841,140173.0,149120.0,4100.0,4110.0,4016.1,4092.6,23706200,4501.8,3683.4,4440.0,3288.1,4042.4,16,4,4042.3,12,1,4042.1,9,1,4042.0,46,5,4041.9,34,5,4042.6,9,1,4043.6,41,4,4043.7,13,1,4043.8,30,2,4043.9,18,1
11483,2026-07-02 10:58:52+05:30,4042.2,1,4047.09,707180,139868.0,149031.0,4100.0,4110.0,4016.1,4092.6,23706200,4501.8,3683.4,4440.0,3288.1,4042.1,1,1,4042.0,83,7,4041.9,2,1,4041.8,44,5,4041.7,21,2,4042.3,1,1,4042.6,9,2,4043.2,4,2,4043.3,18,1,4043.4,2,1
11483,2026-07-02 10:58:54+05:30,4042.3,2,4047.09,707180,139868.0,149031.0,4100.0,4110.0,4016.1,4092.6,23706200,4501.8,3683.4,4440.0,3288.1,4042.1,1,1,4042.0,83,7,4041.9,2,1,4041.8,44,5,4041.7,21,2,4042.3,1,1,4042.6,9,2,4043.2,4,2,4043.3,18,1,4043.4,2,1
11483,2026-07-02 10:58:57+05:30,4042.6,1,4047.09,707180,139868.0,149031.0,4100.0,4110.0,4016.1,4092.6,23706200,4501.8,3683.4,4440.0,3288.1,4042.1,1,1,4042.0,83,7,4041.9,2,1,4041.8,44,5,4041.7,21,2,4042.3,1,1,4042.6,9,2,4043.2,4,2,4043.3,18,1,4043.4,2,1
11483,2026-07-02 10:58:58+05:30,4042.6,1,4047.09,707212,140169.0,148971.0,4100.0,4110.0,4016.1,4092.6,23706200,4501.8,3683.4,4440.0,3288.1,4042.3,1,1,4042.1,12,1,4042.0,60,5,4041.9,2,1,4041.8,38,5,4042.6,8,1,4043.2,2,1,4043.3,20,2,4043.6,18,1,4043.7,20,3
11483,2026-07-02 10:59:00+05:30,4042.6,1,4047.09,707212,140169.0,148971.0,4100.0,4110.0,4016.1,4092.6,23706200,4501.8,3683.4,4440.0,3288.1,4042.3,1,1,4042.1,12,1,4042.0,60,5,4041.9,2,1,4041.8,38,5,4042.6,8,1,4043.2,2,1,4043.3,20,2,4043.6,18,1,4043.7,20,3
11483,2026-07-02 10:59:03+05:30,4043.9,1,4047.09,707305,140728.0,148147.0,4100.0,4110.0,4016.1,4092.6,23706200,4501.8,3683.4,4440.0,3288.1,4043.2,1,1,4042.8,17,2,4042.7,35,3,4042.6,16,1,4042.5,29,2,4043.9,4,3,4044.0,100,1,4044.3,20,2,4044.4,18,1,4044.5,45,1
11483,2026-07-02 10:59:03+05:30,4043.9,1,4047.09,707305,140728.0,148147.0,4100.0,4110.0,4016.1,4092.6,23706200,4501.8,3683.4,4440.0,3288.1,4043.2,1,1,4042.8,17,2,4042.7,35,3,4042.6,16,1,4042.5,29,2,4043.9,4,3,4044.0,100,1,4044.3,20,2,4044.4,18,1,4044.5,45,1
11483,2026-07-02 10:59:06+05:30,4044.5,1,4047.09,707305,140728.0,148147.0,4100.0,4110.0,4016.1,4092.6,23706200,4501.8,3683.4,4440.0,3288.1,4043.2,1,1,4042.8,17,2,4042.7,35,3,4042.6,16,1,4042.5,29,2,4043.9,4,3,4044.0,100,1,4044.3,20,2,4044.4,18,1,4044.5,45,1
11483,2026-07-02 10:59:09+05:30,4044.5,1,4047.09,707420,142131.0,148240.0,4100.0,4110.0,4016.1,4092.6,23706200,4501.8,3683.4,4440.0,3288.1,4044.0,4,2,4043.9,2,1,4043.3,40,3,4043.1,33,1,4043.0,38,2,4044.5,40,1,4044.8,1,1,4044.9,67,2,4045.0,422,8,4045.1,32,2
11483,2026-07-02 10:59:09+05:30,4044.0,1,4047.09,707420,142131.0,148240.0,4100.0,4110.0,4016.1,4092.6,23706200,4501.8,3683.4,4440.0,3288.1,4044.0,4,2,4043.9,2,1,4043.3,40,3,4043.1,33,1,4043.0,38,2,4044.5,40,1,4044.8,1,1,4044.9,67,2,4045.0,422,8,4045.1,32,2
11483,2026-07-02 10:59:12+05:30,4043.6,1,4047.09,707420,142131.0,148240.0,4100.0,4110.0,4016.1,4092.6,23706200,4501.8,3683.4,4440.0,3288.1,4044.0,4,2,4043.9,2,1,4043.3,40,3,4043.1,33,1,4043.0,38,2,4044.5,40,1,4044.8,1,1,4044.9,67,2,4045.0,422,8,4045.1,32,2
11483,2026-07-02 10:59:14+05:30,4043.6,1,4047.09,707605,141296.0,148277.0,4100.0,4110.0,4016.1,4092.6,23706200,4501.8,3683.4,4440.0,3288.1,4043.6,17,3,4043.3,9,1,4043.0,18,1,4042.9,20,2,4042.8,13,1,4044.0,1,1,4044.8,2,2,4044.9,32,3,4045.0,430,9,4045.1,5,1
11483,2026-07-02 10:59:15+05:30,4044.1,4,4047.09,707605,141296.0,148277.0,4100.0,4110.0,4016.1,4092.6,23706200,4501.8,3683.4,4440.0,3288.1,4043.6,17,3,4043.3,9,1,4043.0,18,1,4042.9,20,2,4042.8,13,1,4044.0,1,1,4044.8,2,2,4044.9,32,3,4045.0,430,9,4045.1,5,1
11483,2026-07-02 10:59:18+05:30,4042.9,3,4047.09,707605,141296.0,148277.0,4100.0,4110.0,4016.1,4092.6,23706200,4501.8,3683.4,4440.0,3288.1,4043.6,17,3,4043.3,9,1,4043.0,18,1,4042.9,20,2,4042.8,13,1,4044.0,1,1,4044.8,2,2,4044.9,32,3,4045.0,430,9,4045.1,5,1
11483,2026-07-02 10:59:19+05:30,4042.9,35,4047.09,707695,139620.0,148713.0,4100.0,4110.0,4016.1,4092.6,23706200,4501.8,3683.4,4440.0,3288.1,4042.5,4,1,4042.3,24,2,4042.2,2,1,4042.0,28,3,4041.9,2,1,4042.9,136,1,4043.6,1,1,4043.7,21,1,4043.8,5,1,4043.9,73,4
11483,2026-07-02 10:59:20+05:30,4042.9,1,4047.09,707698,139618.0,148693.0,4100.0,4110.0,4016.1,4092.6,23706200,4501.8,3683.4,4440.0,3288.1,4042.5,2,1,4042.3,24,2,4042.2,2,1,4042.0,29,4,4041.9,2,1,4042.9,138,2,4043.7,21,1,4043.8,5,1,4043.9,73,4,4044.0,26,3
11483,2026-07-02 10:59:20+05:30,4042.5,1,4047.09,707698,139618.0,148693.0,4100.0,4110.0,4016.1,4092.6,23706200,4501.8,3683.4,4440.0,3288.1,4042.5,2,1,4042.3,24,2,4042.2,2,1,4042.0,29,4,4041.9,2,1,4042.9,138,2,4043.7,21,1,4043.8,5,1,4043.9,73,4,4044.0,26,3
11483,2026-07-02 10:59:21+05:30,4042.7,1,4047.09,707700,139509.0,149336.0,4100.0,4110.0,4016.1,4092.6,23706200,4501.8,3683.4,4440.0,3288.1,4042.5,1,1,4042.3,24,2,4042.2,2,1,4042.0,16,3,4041.9,2,1,4042.7,1,1,4042.9,138,2,4043.7,21,1,4043.8,5,1,4043.9,73,4
11483,2026-07-02 10:59:21+05:30,4042.0,1,4047.09,707700,139509.0,149336.0,4100.0,4110.0,4016.1,4092.6,23706200,4501.8,3683.4,4440.0,3288.1,4042.5,1,1,4042.3,24,2,4042.2,2,1,4042.0,16,3,4041.9,2,1,4042.7,1,1,4042.9,138,2,4043.7,21,1,4043.8,5,1,4043.9,73,4
11483,2026-07-02 10:59:22+05:30,4042.0,2,4047.09,707794,139023.0,149395.0,4100.0,4110.0,4016.1,4092.6,23706200,4501.8,3683.4,4440.0,3288.1,4041.9,29,4,4041.8,16,2,4041.5,15,2,4041.4,37,4,4041.3,44,4,4042.0,199,1,4042.7,2,2,4042.9,135,1,4043.4,202,4,4043.5,32,2
11483,2026-07-02 10:59:22+05:30,4041.9,1,4047.09,707794,139023.0,149395.0,4100.0,4110.0,4016.1,4092.6,23706200,4501.8,3683.4,4440.0,3288.1,4041.9,29,4,4041.8,16,2,4041.5,15,2,4041.4,37,4,4041.3,44,4,4042.0,199,1,4042.7,2,2,4042.9,135,1,4043.4,202,4,4043.5,32,2
11483,2026-07-02 10:59:23+05:30,4041.9,1,4047.09,707795,139134.0,149479.0,4100.0,4110.0,4016.1,4092.6,23706200,4501.8,3683.4,4440.0,3288.1,4041.9,28,3,4041.8,16,2,4041.5,15,2,4041.4,37,4,4041.3,44,4,4042.0,203,3,4042.7,1,1,4042.9,135,1,4043.4,202,4,4043.5,32,2
11483,2026-07-02 10:59:23+05:30,4041.9,1,4047.09,707795,139134.0,149479.0,4100.0,4110.0,4016.1,4092.6,23706200,4501.8,3683.4,4440.0,3288.1,4041.9,28,3,4041.8,16,2,4041.5,15,2,4041.4,37,4,4041.3,44,4,4042.0,203,3,4042.7,1,1,4042.9,135,1,4043.4,202,4,4043.5,32,2
11483,2026-07-02 10:59:24+05:30,4042.0,2,4047.09,707798,139097.0,149459.0,4100.0,4110.0,4016.1,4092.6,23706200,4501.8,3683.4,4440.0,3288.1,4041.9,27,3,4041.8,16,2,4041.5,15,2,4041.4,35,3,4041.3,46,5,4042.0,202,4,4042.7,1,1,4042.9,135,1,4043.4,202,4,4043.5,32,2
11483,2026-07-02 10:59:24+05:30,4041.9,1,4047.09,707798,139097.0,149459.0,4100.0,4110.0,4016.1,4092.6,23706200,4501.8,3683.4,4440.0,3288.1,4041.9,27,3,4041.8,16,2,4041.5,15,2,4041.4,35,3,4041.3,46,5,4042.0,202,4,4042.7,1,1,4042.9,135,1,4043.4,202,4,4043.5,32,2
11483,2026-07-02 10:59:25+05:30,4041.9,1,4047.09,707799,139102.0,149472.0,4100.0,4110.0,4016.1,4092.6,23706200,4501.8,3683.4,4440.0,3288.1,4041.9,26,3,4041.8,16,2,4041.5,15,2,4041.4,35,3,4041.3,46,5,4042.0,202,4,4042.7,1,1,4042.9,135,1,4043.4,202,4,4043.5,32,2
11483,2026-07-02 10:59:25+05:30,4041.9,1,4047.09,707799,139102.0,149472.0,4100.0,4110.0,4016.1,4092.6,23706200,4501.8,3683.4,4440.0,3288.1,4041.9,26,3,4041.8,16,2,4041.5,15,2,4041.4,35,3,4041.3,46,5,4042.0,202,4,4042.7,1,1,4042.9,135,1,4043.4,202,4,4043.5,32,2
11483,2026-07-02 10:59:26+05:30,4041.9,1,4047.09,707819,139154.0,149470.0,4100.0,4110.0,4016.1,4092.6,23706200,4501.8,3683.4,4440.0,3288.1,4041.9,31,3,4041.8,16,2,4041.5,15,2,4041.4,35,3,4041.3,44,4,4042.0,194,4,4042.9,135,1,4043.4,202,4,4043.5,32,2,4043.7,36,3
11483,2026-07-02 10:59:26+05:30,4041.9,1,4047.09,707819,139154.0,149470.0,4100.0,4110.0,4016.1,4092.6,23706200,4501.8,3683.4,4440.0,3288.1,4041.9,31,3,4041.8,16,2,4041.5,15,2,4041.4,35,3,4041.3,44,4,4042.0,194,4,4042.9,135,1,4043.4,202,4,4043.5,32,2,4043.7,36,3
11483,2026-07-02 10:59:27+05:30,4042.0,19,4047.09,707851,139070.0,149202.0,4100.0,4110.0,4016.1,4092.6,23706200,4501.8,3683.4,4440.0,3288.1,4041.9,22,2,4041.8,16,2,4041.7,5,1,4041.5,5,1,4041.4,22,2,4042.0,168,4,4042.9,135,1,4043.1,21,1,4043.3,24,1,4043.4,196,3
11483,2026-07-02 10:59:27+05:30,4041.9,1,4047.09,707851,139070.0,149202.0,4100.0,4110.0,4016.1,4092.6,23706200,4501.8,3683.4,4440.0,3288.1,4041.9,22,2,4041.8,16,2,4041.7,5,1,4041.5,5,1,4041.4,22,2,4042.0,168,4,4042.9,135,1,4043.1,21,1,4043.3,24,1,4043.4,196,3
11483,2026-07-02 10:59:28+05:30,4042.0,50,4047.09,707904,138688.0,149268.0,4100.0,4110.0,4016.1,4092.6,23706200,4501.8,3683.4,4440.0,3288.1,4041.9,19,2,4041.8,16,2,4041.5,5,1,4041.4,22,2,4041.3,25,3,4042.0,117,3,4042.9,135,1,4043.0,4,1,4043.1,41,2,4043.3,30,2
11483,2026-07-02 10:59:28+05:30,4042.0,50,4047.09,707904,138688.0,149268.0,4100.0,4110.0,4016.1,4092.6,23706200,4501.8,3683.4,4440.0,3288.1,4041.9,19,2,4041.8,16,2,4041.5,5,1,4041.4,22,2,4041.3,25,3,4042.0,117,3,4042.9,135,1,4043.0,4,1,4043.1,41,2,4043.3,30,2
11483,2026-07-02 10:59:28+05:30,4042.0,7,4047.09,707904,138688.0,149268.0,4100.0,4110.0,4016.1,4092.6,23706200,4501.8,3683.4,4440.0,3288.1,4041.9,19,2,4041.8,16,2,4041.5,5,1,4041.4,22,2,4041.3,25,3,4042.0,117,3,4042.9,135,1,4043.0,4,1,4043.1,41,2,4043.3,30,2
11483,2026-07-02 10:59:29+05:30,4042.0,7,4047.09,707904,138688.0,149268.0,4100.0,4110.0,4016.1,4092.6,23706200,4501.8,3683.4,4440.0,3288.1,4041.9,19,2,4041.8,16,2,4041.5,5,1,4041.4,22,2,4041.3,25,3,4042.0,117,3,4042.9,135,1,4043.0,4,1,4043.1,41,2,4043.3,30,2
11483,2026-07-02 10:59:29+05:30,4042.0,1,4047.09,707913,139046.0,149275.0,4100.0,4110.0,4016.1,4092.6,23706200,4501.8,3683.4,4440.0,3288.1,4041.9,18,2,4041.8,16,2,4041.5,5,1,4041.4,22,2,4041.3,25,3,4042.0,109,3,4042.9,135,1,4043.1,41,2,4043.2,4,1,4043.3,24,1
11483,2026-07-02 10:59:29+05:30,4042.0,1,4047.09,707913,139046.0,149275.0,4100.0,4110.0,4016.1,4092.6,23706200,4501.8,3683.4,4440.0,3288.1,4041.9,18,2,4041.8,16,2,4041.5,5,1,4041.4,22,2,4041.3,25,3,4042.0,109,3,4042.9,135,1,4043.1,41,2,4043.2,4,1,4043.3,24,1
11483,2026-07-02 10:59:29+05:30,4041.9,1,4047.09,707913,139046.0,149275.0,4100.0,4110.0,4016.1,4092.6,23706200,4501.8,3683.4,4440.0,3288.1,4041.9,18,2,4041.8,16,2,4041.5,5,1,4041.4,22,2,4041.3,25,3,4042.0,109,3,4042.9,135,1,4043.1,41,2,4043.2,4,1,4043.3,24,1
11483,2026-07-02 10:59:30+05:30,4041.9,1,4047.09,707913,139046.0,149275.0,4100.0,4110.0,4016.1,4092.6,23706200,4501.8,3683.4,4440.0,3288.1,4041.9,18,2,4041.8,16,2,4041.5,5,1,4041.4,22,2,4041.3,25,3,4042.0,109,3,4042.9,135,1,4043.1,41,2,4043.2,4,1,4043.3,24,1
11483,2026-07-02 10:59:30+05:30,4042.0,1,4047.09,707916,139043.0,149323.0,4100.0,4110.0,4016.1,4092.6,23706200,4501.8,3683.4,4440.0,3288.1,4041.9,18,3,4041.8,16,2,4041.5,5,1,4041.4,22,2,4041.3,25,3,4042.0,107,3,4042.9,135,1,4043.1,41,2,4043.2,4,1,4043.3,24,1
11483,2026-07-02 10:59:30+05:30,4042.0,1,4047.09,707916,139043.0,149323.0,4100.0,4110.0,4016.1,4092.6,23706200,4501.8,3683.4,4440.0,3288.1,4041.9,18,3,4041.8,16,2,4041.5,5,1,4041.4,22,2,4041.3,25,3,4042.0,107,3,4042.9,135,1,4043.1,41,2,4043.2,4,1,4043.3,24,1
11483,2026-07-02 10:59:30+05:30,4042.0,3,4047.09,707916,139043.0,149323.0,4100.0,4110.0,4016.1,4092.6,23706200,4501.8,3683.4,4440.0,3288.1,4041.9,18,3,4041.8,16,2,4041.5,5,1,4041.4,22,2,4041.3,25,3,4042.0,107,3,4042.9,135,1,4043.1,41,2,4043.2,4,1,4043.3,24,1
11483,2026-07-02 10:59:31+05:30,4042.0,3,4047.09,707916,139043.0,149323.0,4100.0,4110.0,4016.1,4092.6,23706200,4501.8,3683.4,4440.0,3288.1,4041.9,18,3,4041.8,16,2,4041.5,5,1,4041.4,22,2,4041.3,25,3,4042.0,107,3,4042.9,135,1,4043.1,41,2,4043.2,4,1,4043.3,24,1
11483,2026-07-02 10:59:31+05:30,4042.0,3,4047.09,707922,139008.0,149639.0,4100.0,4110.0,4016.1,4092.6,23706200,4501.8,3683.4,4440.0,3288.1,4041.9,1,1,4041.8,16,2,4041.5,5,1,4041.4,22,2,4041.3,25,3,4042.0,603,5,4042.9,135,1,4043.1,41,2,4043.2,6,2,4043.3,24,1
11483,2026-07-02 10:59:31+05:30,4042.0,3,4047.09,707922,139008.0,149639.0,4100.0,4110.0,4016.1,4092.6,23706200,4501.8,3683.4,4440.0,3288.1,4041.9,1,1,4041.8,16,2,4041.5,5,1,4041.4,22,2,4041.3,25,3,4042.0,603,5,4042.9,135,1,4043.1,41,2,4043.2,6,2,4043.3,24,1
11483,2026-07-02 10:59:31+05:30,4041.9,1,4047.09,707922,139008.0,149639.0,4100.0,4110.0,4016.1,4092.6,23706200,4501.8,3683.4,4440.0,3288.1,4041.9,1,1,4041.8,16,2,4041.5,5,1,4041.4,22,2,4041.3,25,3,4042.0,603,5,4042.9,135,1,4043.1,41,2,4043.2,6,2,4043.3,24,1
11483,2026-07-02 10:59:32+05:30,4041.9,1,4047.09,707922,139008.0,149639.0,4100.0,4110.0,4016.1,4092.6,23706200,4501.8,3683.4,4440.0,3288.1,4041.9,1,1,4041.8,16,2,4041.5,5,1,4041.4,22,2,4041.3,25,3,4042.0,603,5,4042.9,135,1,4043.1,41,2,4043.2,6,2,4043.3,24,1
11483,2026-07-02 10:59:32+05:30,4041.9,1,4047.09,707923,138619.0,149659.0,4100.0,4110.0,4016.1,4092.6,23706200,4501.8,3683.4,4440.0,3288.1,4041.9,1,1,4041.8,16,2,4041.5,5,1,4041.4,22,2,4041.3,20,2,4042.0,613,6,4042.9,135,1,4043.1,41,2,4043.2,6,2,4043.3,24,1
11483,2026-07-02 10:59:32+05:30,4041.9,1,4047.09,707923,138619.0,149659.0,4100.0,4110.0,4016.1,4092.6,23712150,4501.8,3683.4,4440.0,3288.1,4041.9,1,1,4041.8,16,2,4041.5,5,1,4041.4,22,2,4041.3,20,2,4042.0,613,6,4042.9,135,1,4043.1,41,2,4043.2,6,2,4043.3,24,1
11483,2026-07-02 10:59:32+05:30,4041.9,1,4047.09,707923,138619.0,149659.0,4100.0,4110.0,4016.1,4092.6,23712150,4501.8,3683.4,4440.0,3288.1,4041.9,1,1,4041.8,16,2,4041.5,5,1,4041.4,22,2,4041.3,20,2,4042.0,613,6,4042.9,135,1,4043.1,41,2,4043.2,6,2,4043.3,24,1
11483,2026-07-02 10:59:33+05:30,4041.9,1,4047.09,707923,138619.0,149659.0,4100.0,4110.0,4016.1,4092.6,23712150,4501.8,3683.4,4440.0,3288.1,4041.9,1,1,4041.8,16,2,4041.5,5,1,4041.4,22,2,4041.3,20,2,4042.0,613,6,4042.9,135,1,4043.1,41,2,4043.2,6,2,4043.3,24,1
11483,2026-07-02 10:59:33+05:30,4041.9,1,4047.09,707944,138619.0,149647.0,4100.0,4110.0,4016.1,4092.6,23712150,4501.8,3683.4,4440.0,3288.1,4041.9,1,1,4041.8,16,2,4041.5,5,1,4041.4,22,2,4041.3,20,2,4042.0,594,7,4042.9,135,1,4043.0,4,1,4043.1,41,2,4043.2,2,1
11483,2026-07-02 10:59:33+05:30,4041.9,1,4047.09,707944,138619.0,149647.0,4100.0,4110.0,4016.1,4092.6,23712150,4501.8,3683.4,4440.0,3288.1,4041.9,1,1,4041.8,16,2,4041.5,5,1,4041.4,22,2,4041.3,20,2,4042.0,594,7,4042.9,135,1,4043.0,4,1,4043.1,41,2,4043.2,2,1
11483,2026-07-02 10:59:33+05:30,4041.9,1,4047.09,707944,138619.0,149647.0,4100.0,4110.0,4016.1,4092.6,23712150,4501.8,3683.4,4440.0,3288.1,4041.9,1,1,4041.8,16,2,4041.5,5,1,4041.4,22,2,4041.3,20,2,4042.0,594,7,4042.9,135,1,4043.0,4,1,4043.1,41,2,4043.2,2,1
11483,2026-07-02 10:59:34+05:30,4041.9,1,4047.09,707944,138619.0,149647.0,4100.0,4110.0,4016.1,4092.6,23712150,4501.8,3683.4,4440.0,3288.1,4041.9,1,1,4041.8,16,2,4041.5,5,1,4041.4,22,2,4041.3,20,2,4042.0,594,7,4042.9,135,1,4043.0,4,1,4043.1,41,2,4043.2,2,1
11483,2026-07-02 10:59:34+05:30,4041.9,1,4047.09,707945,138618.0,149731.0,4100.0,4110.0,4016.1,4092.6,23712150,4501.8,3683.4,4440.0,3288.1,4041.9,1,1,4041.8,16,2,4041.5,5,1,4041.4,22,2,4041.3,20,2,4042.0,594,7,4042.9,135,1,4043.0,4,1,4043.1,41,2,4043.2,2,1
11483,2026-07-02 10:59:34+05:30,4041.9,1,4047.09,707945,138618.0,149731.0,4100.0,4110.0,4016.1,4092.6,23712150,4501.8,3683.4,4440.0,3288.1,4041.9,1,1,4041.8,16,2,4041.5,5,1,4041.4,22,2,4041.3,20,2,4042.0,594,7,4042.9,135,1,4043.0,4,1,4043.1,41,2,4043.2,2,1
11483,2026-07-02 10:59:34+05:30,4041.8,1,4047.09,707945,138618.0,149731.0,4100.0,4110.0,4016.1,4092.6,23712150,4501.8,3683.4,4440.0,3288.1,4041.9,1,1,4041.8,16,2,4041.5,5,1,4041.4,22,2,4041.3,20,2,4042.0,594,7,4042.9,135,1,4043.0,4,1,4043.1,41,2,4043.2,2,1
11483,2026-07-02 10:59:35+05:30,4041.8,1,4047.09,707965,138597.0,149945.0,4100.0,4110.0,4016.1,4092.6,23712150,4501.8,3683.4,4440.0,3288.1,4041.8,15,1,4041.5,5,1,4041.4,22,2,4041.3,20,2,4041.1,67,6,4041.9,181,1,4042.0,594,7,4042.9,135,1,4043.0,4,1,4043.1,41,2
11483,2026-07-02 10:59:35+05:30,4041.1,1,4047.09,707965,138597.0,149945.0,4100.0,4110.0,4016.1,4092.6,23712150,4501.8,3683.4,4440.0,3288.1,4041.8,15,1,4041.5,5,1,4041.4,22,2,4041.3,20,2,4041.1,67,6,4041.9,181,1,4042.0,594,7,4042.9,135,1,4043.0,4,1,4043.1,41,2
11483,2026-07-02 10:59:36+05:30,4041.1,10,4047.08,708102,138415.0,150178.0,4100.0,4110.0,4016.1,4092.6,23712150,4501.8,3683.4,4440.0,3288.1,4041.1,9,2,4040.9,25,2,4040.8,27,1,4040.7,31,2,4040.6,20,1,4041.9,205,3,4042.0,579,3,4042.6,40,2,4042.8,29,2,4042.9,137,2
11483,2026-07-02 10:59:36+05:30,4041.9,3,4047.08,708102,138415.0,150178.0,4100.0,4110.0,4016.1,4092.6,23712150,4501.8,3683.4,4440.0,3288.1,4041.1,9,2,4040.9,25,2,4040.8,27,1,4040.7,31,2,4040.6,20,1,4041.9,205,3,4042.0,579,3,4042.6,40,2,4042.8,29,2,4042.9,137,2
11483,2026-07-02 10:59:37+05:30,4041.9,3,4047.08,708105,138333.0,150235.0,4100.0,4110.0,4016.1,4092.6,23712150,4501.8,3683.4,4440.0,3288.1,4041.1,9,2,4040.9,14,1,4040.8,27,1,4040.7,31,2,4040.6,20,1,4041.9,203,4,4042.0,579,3,4042.6,40,2,4042.8,29,2,4042.9,137,2
11483,2026-07-02 10:59:37+05:30,4041.9,2,4047.08,708105,138333.0,150235.0,4100.0,4110.0,4016.1,4092.6,23712150,4501.8,3683.4,4440.0,3288.1,4041.1,9,2,4040.9,14,1,4040.8,27,1,4040.7,31,2,4040.6,20,1,4041.9,203,4,4042.0,579,3,4042.6,40,2,4042.8,29,2,4042.9,137,2
11483,2026-07-02 10:59:38+05:30,4041.1,1,4047.08,708159,138176.0,150165.0,4100.0,4110.0,4016.1,4092.6,23712150,4501.8,3683.4,4440.0,3288.1,4041.1,4,1,4040.9,14,1,4040.8,27,1,4040.7,31,2,4040.6,20,1,4041.9,150,4,4042.0,578,2,4042.6,20,1,4042.8,49,3,4042.9,137,2
11483,2026-07-02 10:59:38+05:30,4041.1,1,4047.08,708159,138176.0,150165.0,4100.0,4110.0,4016.1,4092.6,23712150,4501.8,3683.4,4440.0,3288.1,4041.1,4,1,4040.9,14,1,4040.8,27,1,4040.7,31,2,4040.6,20,1,4041.9,150,4,4042.0,578,2,4042.6,20,1,4042.8,49,3,4042.9,137,2
11483,2026-07-02 10:59:39+05:30,4041.9,1,4047.08,708160,138193.0,150191.0,4100.0,4110.0,4016.1,4092.6,23712150,4501.8,3683.4,4440.0,3288.1,4041.1,4,1,4040.9,14,1,4040.8,27,1,4040.7,31,2,4040.6,20,1,4041.9,149,4,4042.0,578,2,4042.6,20,1,4042.8,49,3,4042.9,137,2
11483,2026-07-02 10:59:39+05:30,4041.9,1,4047.08,708160,138193.0,150191.0,4100.0,4110.0,4016.1,4092.6,23712150,4501.8,3683.4,4440.0,3288.1,4041.1,4,1,4040.9,14,1,4040.8,27,1,4040.7,31,2,4040.6,20,1,4041.9,149,4,4042.0,578,2,4042.6,20,1,4042.8,49,3,4042.9,137,2
11483,2026-07-02 10:59:40+05:30,4041.9,1,4047.08,708160,138200.0,150140.0,4100.0,4110.0,4016.1,4092.6,23712150,4501.8,3683.4,4440.0,3288.1,4041.1,4,1,4040.9,14,1,4040.8,27,1,4040.7,31,2,4040.6,20,1,4041.9,149,4,4042.0,578,2,4042.6,20,1,4042.8,51,4,4042.9,135,1
11483,2026-07-02 10:59:41+05:30,4041.9,1,4047.08,708160,138569.0,150491.0,4100.0,4110.0,4016.1,4092.6,23712150,4501.8,3683.4,4440.0,3288.1,4041.1,4,1,4041.0,500,1,4040.9,14,1,4040.8,27,1,4040.7,31,2,4041.5,1,1,4041.9,149,4,4042.0,578,2,4042.6,20,1,4042.8,43,2
11483,2026-07-02 10:59:41+05:30,4041.5,3,4047.08,708160,138569.0,150491.0,4100.0,4110.0,4016.1,4092.6,23712150,4501.8,3683.4,4440.0,3288.1,4041.1,4,1,4041.0,500,1,4040.9,14,1,4040.8,27,1,4040.7,31,2,4041.5,1,1,4041.9,149,4,4042.0,578,2,4042.6,20,1,4042.8,43,2
11483,2026-07-02 10:59:42+05:30,4041.5,3,4047.08,708163,138579.0,150486.0,4100.0,4110.0,4016.1,4092.6,23712150,4501.8,3683.4,4440.0,3288.1,4041.3,1,1,4041.1,4,1,4041.0,502,2,4040.9,14,1,4040.8,27,1,4041.5,1,1,4041.9,144,2,4042.0,578,2,4042.6,20,1,4042.8,43,2
11483,2026-07-02 10:59:43+05:30,4041.5,3,4047.08,708163,138473.0,150487.0,4100.0,4110.0,4016.1,4092.6,23712150,4501.8,3683.4,4440.0,3288.1,4041.3,1,1,4041.1,4,1,4041.0,502,2,4040.9,14,1,4040.8,27,1,4041.5,5,3,4041.9,144,2,4042.0,578,2,4042.6,20,1,4042.8,43,2
11483,2026-07-02 10:59:44+05:30,4041.5,3,4047.08,708163,138592.0,150498.0,4100.0,4110.0,4016.1,4092.6,23712150,4501.8,3683.4,4440.0,3288.1,4041.3,1,1,4041.1,9,2,4041.0,502,2,4040.9,14,1,4040.8,27,1,4041.5,7,4,4041.9,144,2,4042.0,578,2,4042.6,20,1,4042.8,43,2
11483,2026-07-02 10:59:44+05:30,4041.5,1,4047.08,708163,138592.0,150498.0,4100.0,4110.0,4016.1,4092.6,23712150,4501.8,3683.4,4440.0,3288.1,4041.3,1,1,4041.1,9,2,4041.0,502,2,4040.9,14,1,4040.8,27,1,4041.5,7,4,4041.9,144,2,4042.0,578,2,4042.6,20,1,4042.8,43,2
11483,2026-07-02 10:59:45+05:30,4041.5,1,4047.08,708164,138592.0,150447.0,4100.0,4110.0,4016.1,4092.6,23712150,4501.8,3683.4,4440.0,3288.1,4041.3,1,1,4041.1,9,2,4041.0,502,2,4040.9,14,1,4040.8,27,1,4041.5,7,4,4041.9,144,2,4042.0,578,2,4042.6,20,1,4042.8,43,2
11483,2026-07-02 10:59:45+05:30,4041.5,1,4047.08,708164,138592.0,150447.0,4100.0,4110.0,4016.1,4092.6,23712150,4501.8,3683.4,4440.0,3288.1,4041.3,1,1,4041.1,9,2,4041.0,502,2,4040.9,14,1,4040.8,27,1,4041.5,7,4,4041.9,144,2,4042.0,578,2,4042.6,20,1,4042.8,43,2
11483,2026-07-02 10:59:46+05:30,4041.5,6,4047.08,708176,138229.0,150673.0,4100.0,4110.0,4016.1,4092.6,23712150,4501.8,3683.4,4440.0,3288.1,4041.5,1,1,4041.3,1,1,4041.1,9,2,4041.0,502,2,4040.9,14,1,4041.9,144,2,4042.0,578,2,4042.2,16,1,4042.4,40,2,4042.5,2,1
11483,2026-07-02 10:59:46+05:30,4041.5,6,4047.08,708176,138229.0,150673.0,4100.0,4110.0,4016.1,4092.6,23712150,4501.8,3683.4,4440.0,3288.1,4041.5,1,1,4041.3,1,1,4041.1,9,2,4041.0,502,2,4040.9,14,1,4041.9,144,2,4042.0,578,2,4042.2,16,1,4042.4,40,2,4042.5,2,1
11483,2026-07-02 10:59:47+05:30,4041.9,100,4047.08,708279,138441.0,150647.0,4100.0,4110.0,4016.1,4092.6,23712150,4501.8,3683.4,4440.0,3288.1,4041.5,1,1,4041.1,9,2,4041.0,502,2,4040.9,14,1,4040.7,31,2,4041.9,86,4,4042.0,578,2,4042.1,11,1,4042.2,16,1,4042.4,20,1
11483,2026-07-02 10:59:47+05:30,4041.9,2,4047.08,708279,138441.0,150647.0,4100.0,4110.0,4016.1,4092.6,23712150,4501.8,3683.4,4440.0,3288.1,4041.5,1,1,4041.1,9,2,4041.0,502,2,4040.9,14,1,4040.7,31,2,4041.9,86,4,4042.0,578,2,4042.1,11,1,4042.2,16,1,4042.4,20,1
11483,2026-07-02 10:59:48+05:30,4041.9,2,4047.08,708281,138783.0,150652.0,4100.0,4110.0,4016.1,4092.6,23712150,4501.8,3683.4,4440.0,3288.1,4041.5,1,1,4041.1,9,2,4041.0,502,2,4040.9,14,1,4040.7,31,2,4041.9,84,4,4042.0,578,2,4042.1,11,1,4042.2,16,1,4042.4,20,1
11483,2026-07-02 10:59:49+05:30,4041.9,12,4047.08,708293,138789.0,150635.0,4100.0,4110.0,4016.1,4092.6,23712150,4501.8,3683.4,4440.0,3288.1,4041.5,1,1,4041.1,9,2,4041.0,502,2,4040.9,14,1,4040.7,31,2,4041.9,72,4,4042.0,578,2,4042.1,11,1,4042.2,16,1,4042.4,20,1
11483,2026-07-02 10:59:49+05:30,4041.9,12,4047.08,708293,138789.0,150635.0,4100.0,4110.0,4016.1,4092.6,23712150,4501.8,3683.4,4440.0,3288.1,4041.5,1,1,4041.1,9,2,4041.0,502,2,4040.9,14,1,4040.7,31,2,4041.9,72,4,4042.0,578,2,4042.1,11,1,4042.2,16,1,4042.4,20,1
11483,2026-07-02 10:59:50+05:30,4041.9,12,4047.08,708293,138881.0,150655.0,4100.0,4110.0,4016.1,4092.6,23712150,4501.8,3683.4,4440.0,3288.1,4041.7,1,1,4041.5,1,1,4041.1,9,2,4041.0,552,3,4040.9,14,1,4041.9,72,4,4042.0,578,2,4042.2,27,2,4042.4,20,1,4042.5,33,3
11483,2026-07-02 10:59:50+05:30,4041.9,12,4047.08,708293,138775.0,150660.0,4100.0,4110.0,4016.1,4092.6,23712150,4501.8,3683.4,4440.0,3288.1,4041.7,1,1,4041.5,1,1,4041.1,9,2,4041.0,552,3,4040.9,14,1,4041.9,72,4,4042.0,578,2,4042.4,20,1,4042.5,35,4,4042.6,36,2
11483,2026-07-02 10:59:51+05:30,4041.1,4,4047.08,708304,138694.0,150489.0,4100.0,4110.0,4016.1,4092.6,23712150,4501.8,3683.4,4440.0,3288.1,4041.1,5,1,4041.0,552,3,4040.9,14,1,4040.7,31,2,4040.5,19,1,4041.8,2,1,4041.9,72,4,4042.0,578,2,4042.4,20,1,4042.5,52,5
11483,2026-07-02 10:59:51+05:30,4041.1,4,4047.08,708304,138694.0,150489.0,4100.0,4110.0,4016.1,4092.6,23712150,4501.8,3683.4,4440.0,3288.1,4041.1,5,1,4041.0,552,3,4040.9,14,1,4040.7,31,2,4040.5,19,1,4041.8,2,1,4041.9,72,4,4042.0,578,2,4042.4,20,1,4042.5,52,5
11483,2026-07-02 10:59:52+05:30,4041.1,2,4047.08,708344,138703.0,150485.0,4100.0,4110.0,4016.1,4092.6,23712150,4501.8,3683.4,4440.0,3288.1,4041.1,3,1,4041.0,552,3,4040.9,14,1,4040.7,47,3,4040.6,13,1,4041.9,44,2,4042.0,578,2,4042.5,33,3,4042.6,20,1,4042.8,90,5
11483,2026-07-02 10:59:52+05:30,4041.1,2,4047.08,708344,138703.0,150485.0,4100.0,4110.0,4016.1,4092.6,23712150,4501.8,3683.4,4440.0,3288.1,4041.1,3,1,4041.0,552,3,4040.9,14,1,4040.7,47,3,4040.6,13,1,4041.9,44,2,4042.0,578,2,4042.5,33,3,4042.6,20,1,4042.8,90,5
11483,2026-07-02 10:59:53+05:30,4041.1,2,4047.08,708344,138703.0,150488.0,4100.0,4110.0,4016.1,4092.6,23712150,4501.8,3683.4,4440.0,3288.1,4041.1,3,1,4041.0,552,3,4040.9,14,1,4040.7,47,3,4040.6,13,1,4041.9,47,4,4042.0,578,2,4042.5,33,3,4042.6,20,1,4042.8,90,5
11483,2026-07-02 10:59:54+05:30,4041.9,1,4047.08,708347,138714.0,150485.0,4100.0,4110.0,4016.1,4092.6,23712150,4501.8,3683.4,4440.0,3288.1,4041.1,3,1,4041.0,552,3,4040.9,14,1,4040.8,11,1,4040.7,31,2,4041.9,44,3,4042.0,578,2,4042.5,33,3,4042.6,20,1,4042.8,90,5
11483,2026-07-02 10:59:54+05:30,4041.9,1,4047.08,708347,138714.0,150485.0,4100.0,4110.0,4016.1,4092.6,23712150,4501.8,3683.4,4440.0,3288.1,4041.1,3,1,4041.0,552,3,4040.9,14,1,4040.8,11,1,4040.7,31,2,4041.9,44,3,4042.0,578,2,4042.5,33,3,4042.6,20,1,4042.8,90,5
11483,2026-07-02 10:59:55+05:30,4041.9,1,4047.08,708347,138714.0,150485.0,4100.0,4110.0,4016.1,4092.6,23712150,4501.8,3683.4,4440.0,3288.1,4041.1,3,1,4041.0,552,3,4040.9,14,1,4040.8,11,1,4040.7,31,2,4041.9,44,3,4042.0,578,2,4042.5,33,3,4042.6,20,1,4042.8,90,5
11483,2026-07-02 10:59:56+05:30,4041.9,1,4047.08,708353,138761.0,150444.0,4100.0,4110.0,4016.1,4092.6,23712150,4501.8,3683.4,4440.0,3288.1,4041.1,27,3,4041.0,552,3,4040.9,14,1,4040.8,11,1,4040.7,31,2,4041.9,38,3,4042.0,578,2,4042.5,20,1,4042.6,20,1,4042.7,2,1
11483,2026-07-02 10:59:57+05:30,4041.9,1,4047.08,708354,138906.0,150615.0,4100.0,4110.0,4016.1,4092.6,23712150,4501.8,3683.4,4440.0,3288.1,4041.8,9,1,4041.1,27,3,4041.0,552,3,4040.9,14,1,4040.8,11,1,4041.9,37,3,4042.0,578,2,4042.5,20,1,4042.6,20,1,4042.7,2,1
11483,2026-07-02 10:59:57+05:30,4041.9,1,4047.08,708354,138906.0,150615.0,4100.0,4110.0,4016.1,4092.6,23712150,4501.8,3683.4,4440.0,3288.1,4041.8,9,1,4041.1,27,3,4041.0,552,3,4040.9,14,1,4040.8,11,1,4041.9,37,3,4042.0,578,2,4042.5,20,1,4042.6,20,1,4042.7,2,1
11483,2026-07-02 10:59:58+05:30,4041.9,1,4047.08,708533,138508.0,150495.0,4100.0,4110.0,4016.1,4092.6,23712150,4501.8,3683.4,4440.0,3288.1,4041.1,26,3,4041.0,411,3,4040.9,14,1,4040.8,11,1,4040.7,31,2,4041.9,35,3,4042.0,578,2,4042.5,22,2,4042.6,11,1,4042.7,16,1
11483,2026-07-02 10:59:58+05:30,4041.9,7,4047.08,708533,138508.0,150495.0,4100.0,4110.0,4016.1,4092.6,23712150,4501.8,3683.4,4440.0,3288.1,4041.1,26,3,4041.0,411,3,4040.9,14,1,4040.8,11,1,4040.7,31,2,4041.9,35,3,4042.0,578,2,4042.5,22,2,4042.6,11,1,4042.7,16,1
11483,2026-07-02 10:59:59+05:30,4041.9,1,4047.08,708545,138276.0,150314.0,4100.0,4110.0,4016.1,4092.6,23712150,4501.8,3683.4,4440.0,3288.1,4041.0,428,4,4040.9,14,1,4040.7,31,2,4040.6,16,1,4040.5,19,1,4041.9,26,3,4042.0,578,2,4042.5,20,1,4042.6,11,1,4042.8,46,3
11483,2026-07-02 10:59:59+05:30,4041.9,1,4047.08,708545,138276.0,150314.0,4100.0,4110.0,4016.1,4092.6,23712150,4501.8,3683.4,4440.0,3288.1,4041.0,428,4,4040.9,14,1,4040.7,31,2,4040.6,16,1,4040.5,19,1,4041.9,26,3,4042.0,578,2,4042.5,20,1,4042.6,11,1,4042.8,46,3
11483,2026-07-02 11:00:00+05:30,4041.9,1,4047.08,708545,138359.0,150781.0,4100.0,4110.0,4016.1,4092.6,23712150,4501.8,3683.4,4440.0,3288.1,4041.2,50,1,4041.0,378,3,4040.9,14,1,4040.7,31,2,4040.5,19,1,4041.9,27,4,4042.0,778,3,4042.5,22,2,4042.6,11,1,4042.7,54,2
11483,2026-07-02 11:00:00+05:30,4042.0,1,4047.08,708545,138359.0,150781.0,4100.0,4110.0,4016.1,4092.6,23712150,4501.8,3683.4,4440.0,3288.1,4041.2,50,1,4041.0,378,3,4040.9,14,1,4040.7,31,2,4040.5,19,1,4041.9,27,4,4042.0,778,3,4042.5,22,2,4042.6,11,1,4042.7,54,2
11483,2026-07-02 11:00:01+05:30,4041.6,6,4047.08,708661,139463.0,150705.0,4100.0,4110.0,4016.1,4092.6,23712150,4501.8,3683.4,4440.0,3288.1,4041.6,20,3,4041.5,8,2,4041.4,63,7,4041.3,48,5,4041.2,67,3,4041.9,1,1,4042.0,991,3,4042.9,135,1,4043.0,2,1,4043.1,20,1
11483,2026-07-02 11:00:01+05:30,4041.9,1,4047.08,708661,139463.0,150705.0,4100.0,4110.0,4016.1,4092.6,23712150,4501.8,3683.4,4440.0,3288.1,4041.6,20,3,4041.5,8,2,4041.4,63,7,4041.3,48,5,4041.2,67,3,4041.9,1,1,4042.0,991,3,4042.9,135,1,4043.0,2,1,4043.1,20,1
11483,2026-07-02 11:00:02+05:30,4041.9,1,4047.08,708662,139427.0,150721.0,4100.0,4110.0,4016.1,4092.6,23712150,4501.8,3683.4,4440.0,3288.1,4041.7,1,1,4041.6,20,3,4041.5,15,3,4041.4,38,5,4041.3,48,5,4041.9,1,1,4042.0,991,3,4042.8,2,1,4042.9,135,1,4043.1,20,1
11483,2026-07-02 11:00:03+05:30,4041.9,1,4047.08,708663,139453.0,151043.0,4100.0,4110.0,4016.1,4092.6,23712150,4501.8,3683.4,4440.0,3288.1,4041.7,1,1,4041.6,15,2,4041.5,8,2,4041.4,25,4,4041.3,24,3,4042.0,991,3,4042.8,20,2,4042.9,135,1,4043.1,22,2,4043.3,21,2
11483,2026-07-02 11:00:03+05:30,4042.0,3,4047.08,708663,139453.0,151043.0,4100.0,4110.0,4016.1,4092.6,23712150,4501.8,3683.4,4440.0,3288.1,4041.7,1,1,4041.6,15,2,4041.5,8,2,4041.4,25,4,4041.3,24,3,4042.0,991,3,4042.8,20,2,4042.9,135,1,4043.1,22,2,4043.3,21,2
11483,2026-07-02 11:00:04+05:30,4042.0,3,4047.08,708666,139453.0,151076.0,4100.0,4110.0,4016.1,4092.6,23712150,4501.8,3683.4,4440.0,3288.1,4041.7,1,1,4041.6,15,2,4041.5,8,2,4041.4,25,4,4041.3,24,3,4042.0,1013,5,4042.8,20,2,4042.9,135,1,4043.1,33,3,4043.3,21,2
11483,2026-07-02 11:00:05+05:30,4042.0,3,4047.08,708666,139489.0,151071.0,4100.0,4110.0,4016.1,4092.6,23712150,4501.8,3683.4,4440.0,3288.1,4041.8,2,1,4041.7,1,1,4041.6,15,2,4041.5,8,2,4041.4,25,4,4042.0,1013,5,4042.8,20,2,4042.9,135,1,4043.1,33,3,4043.3,21,2
11483,2026-07-02 11:00:05+05:30,4041.8,18,4047.08,708666,139489.0,151071.0,4100.0,4110.0,4016.1,4092.6,23712150,4501.8,3683.4,4440.0,3288.1,4041.8,2,1,4041.7,1,1,4041.6,15,2,4041.5,8,2,4041.4,25,4,4042.0,1013,5,4042.8,20,2,4042.9,135,1,4043.1,33,3,4043.3,21,2
11483,2026-07-02 11:00:06+05:30,4042.0,7,4047.08,708692,139180.0,150972.0,4100.0,4110.0,4016.1,4092.6,23712150,4501.8,3683.4,4440.0,3288.1,4041.7,1,1,4041.6,12,1,4041.5,5,1,4041.4,19,2,4041.3,19,2,4042.0,1005,5,4042.2,15,1,4042.6,2,1,4042.7,18,1,4042.8,57,3
11483,2026-07-02 11:00:06+05:30,4042.0,7,4047.08,708692,139180.0,150972.0,4100.0,4110.0,4016.1,4092.6,23712150,4501.8,3683.4,4440.0,3288.1,4041.7,1,1,4041.6,12,1,4041.5,5,1,4041.4,19,2,4041.3,19,2,4042.0,1005,5,4042.2,15,1,4042.6,2,1,4042.7,18,1,4042.8,57,3
11483,2026-07-02 11:00:07+05:30,4042.0,2,4047.08,708694,139306.0,150824.0,4100.0,4110.0,4016.1,4092.6,23712150,4501.8,3683.4,4440.0,3288.1,4041.5,5,1,4041.4,19,2,4041.3,19,2,4041.2,50,1,4041.0,361,2,4042.0,1003,5,4042.2,15,1,4042.4,2,1,4042.5,11,1,4042.7,18,1
11483,2026-07-02 11:00:07+05:30,4042.0,3,4047.08,708694,139306.0,150824.0,4100.0,4110.0,4016.1,4092.6,23712150,4501.8,3683.4,4440.0,3288.1,4041.5,5,1,4041.4,19,2,4041.3,19,2,4041.2,50,1,4041.0,361,2,4042.0,1003,5,4042.2,15,1,4042.4,2,1,4042.5,11,1,4042.7,18,1
11483,2026-07-02 11:00:08+05:30,4042.0,3,4047.08,708797,138875.0,150847.0,4100.0,4110.0,4016.1,4092.6,23712150,4501.8,3683.4,4440.0,3288.1,4041.0,377,4,4040.7,26,2,4040.5,54,3,4040.4,41,2,4040.3,19,2,4042.0,1000,5,4042.2,15,1,4042.4,2,1,4042.5,29,2,4042.7,24,2
11483,2026-07-02 11:00:08+05:30,4042.0,3,4047.08,708797,138875.0,150847.0,4100.0,4110.0,4016.1,4092.6,23712150,4501.8,3683.4,4440.0,3288.1,4041.0,377,4,4040.7,26,2,4040.5,54,3,4040.4,41,2,4040.3,19,2,4042.0,1000,5,4042.2,15,1,4042.4,2,1,4042.5,29,2,4042.7,24,2
11483,2026-07-02 11:00:09+05:30,4042.0,10,4047.08,708813,138854.0,150835.0,4100.0,4110.0,4016.1,4092.6,23712150,4501.8,3683.4,4440.0,3288.1,4041.0,376,4,4040.7,26,2,4040.5,54,3,4040.3,19,2,4040.2,11,1,4042.0,994,5,4042.2,15,1,4042.4,2,1,4042.5,29,2,4042.7,24,2
11483,2026-07-02 11:00:09+05:30,4042.0,10,4047.08,708813,138854.0,150835.0,4100.0,4110.0,4016.1,4092.6,23712150,4501.8,3683.4,4440.0,3288.1,4041.0,376,4,4040.7,26,2,4040.5,54,3,4040.3,19,2,4040.2,11,1,4042.0,994,5,4042.2,15,1,4042.4,2,1,4042.5,29,2,4042.7,24,2
11483,2026-07-02 11:00:10+05:30,4042.0,10,4047.08,708813,138839.0,150856.0,4100.0,4110.0,4016.1,4092.6,23712150,4501.8,3683.4,4440.0,3288.1,4041.2,1,1,4041.0,374,3,4040.7,26,2,4040.5,54,3,4040.3,19,2,4042.0,994,5,4042.2,15,1,4042.4,2,1,4042.5,29,2,4042.7,24,2
11483,2026-07-02 11:00:10+05:30,4041.0,1,4047.08,708813,138839.0,150856.0,4100.0,4110.0,4016.1,4092.6,23712150,4501.8,3683.4,4440.0,3288.1,4041.2,1,1,4041.0,374,3,4040.7,26,2,4040.5,54,3,4040.3,19,2,4042.0,994,5,4042.2,15,1,4042.4,2,1,4042.5,29,2,4042.7,24,2
11483,2026-07-02 11:00:11+05:30,4041.0,1,4047.08,708817,138648.0,150850.0,4100.0,4110.0,4016.1,4092.6,23712150,4501.8,3683.4,4440.0,3288.1,4041.0,372,3,4040.7,26,2,4040.5,54,3,4040.3,19,2,4040.2,11,1,4041.6,1,1,4042.0,993,5,4042.2,15,1,4042.4,2,1,4042.5,29,2
11483,2026-07-02 11:00:11+05:30,4041.6,5,4047.08,708817,138648.0,150850.0,4100.0,4110.0,4016.1,4092.6,23712150,4501.8,3683.4,4440.0,3288.1,4041.0,372,3,4040.7,26,2,4040.5,54,3,4040.3,19,2,4040.2,11,1,4041.6,1,1,4042.0,993,5,4042.2,15,1,4042.4,2,1,4042.5,29,2
11483,2026-07-02 11:00:12+05:30,4041.6,1,4047.08,708824,138606.0,150801.0,4100.0,4110.0,4016.1,4092.6,23712150,4501.8,3683.4,4440.0,3288.1,4041.3,1,1,4041.0,372,3,4040.8,11,1,4040.7,26,2,4040.5,16,2,4041.6,1,1,4042.0,969,4,4042.2,15,1,4042.4,2,1,4042.5,18,1
11483,2026-07-02 11:00:12+05:30,4041.6,1,4047.08,708824,138606.0,150801.0,4100.0,4110.0,4016.1,4092.6,23712150,4501.8,3683.4,4440.0,3288.1,4041.3,1,1,4041.0,372,3,4040.8,11,1,4040.7,26,2,4040.5,16,2,4041.6,1,1,4042.0,969,4,4042.2,15,1,4042.4,2,1,4042.5,18,1
11483,2026-07-02 11:00:13+05:30,4041.6,1,4047.08,708834,138622.0,150811.0,4100.0,4110.0,4016.1,4092.6,23712150,4501.8,3683.4,4440.0,3288.1,4041.0,370,3,4040.8,11,1,4040.7,24,1,4040.5,16,2,4040.4,11,1,4042.0,969,4,4042.2,15,1,4042.4,2,1,4042.5,32,2,4042.7,29,2
11483,2026-07-02 11:00:14+05:30,4041.6,1,4047.08,708834,138654.0,150871.0,4100.0,4110.0,4016.1,4092.6,23712150,4501.8,3683.4,4440.0,3288.1,4041.0,370,3,4040.7,24,1,4040.5,54,3,4040.4,11,1,4040.3,13,1,4042.0,993,6,4042.2,15,1,4042.4,2,1,4042.5,32,2,4042.7,60,3
11483,2026-07-02 11:00:14+05:30,4042.0,1,4047.08,708834,138654.0,150871.0,4100.0,4110.0,4016.1,4092.6,23712150,4501.8,3683.4,4440.0,3288.1,4041.0,370,3,4040.7,24,1,4040.5,54,3,4040.4,11,1,4040.3,13,1,4042.0,993,6,4042.2,15,1,4042.4,2,1,4042.5,32,2,4042.7,60,3
11483,2026-07-02 11:00:15+05:30,4042.0,1,4047.08,708835,138543.0,150764.0,4100.0,4110.0,4016.1,4092.6,23712150,4501.8,3683.4,4440.0,3288.1,4041.0,370,3,4040.7,24,1,4040.5,1,1,4040.4,11,1,4040.2,11,1,4041.1,3,1,4042.0,992,6,4042.2,15,1,4042.4,2,1,4042.5,32,2
11483,2026-07-02 11:00:15+05:30,4042.0,2,4047.08,708835,138543.0,150764.0,4100.0,4110.0,4016.1,4092.6,23712150,4501.8,3683.4,4440.0,3288.1,4041.0,370,3,4040.7,24,1,4040.5,1,1,4040.4,11,1,4040.2,11,1,4041.1,3,1,4042.0,992,6,4042.2,15,1,4042.4,2,1,4042.5,32,2
11483,2026-07-02 11:00:16+05:30,4042.0,2,4047.08,708840,138638.0,150621.0,4100.0,4110.0,4016.1,4092.6,23712150,4501.8,3683.4,4440.0,3288.1,4041.0,370,3,4040.7,24,1,4040.5,39,2,4040.4,11,1,4040.3,24,2,4042.0,967,5,4042.2,15,1,4042.4,2,1,4042.5,32,2,4042.7,28,2
11483,2026-07-02 11:00:17+05:30,4042.0,2,4047.08,708840,138637.0,150631.0,4100.0,4110.0,4016.1,4092.6,23712150,4501.8,3683.4,4440.0,3288.1,4041.0,370,3,4040.7,24,1,4040.5,39,2,4040.3,24,2,4040.2,11,1,4042.0,1015,7,4042.2,15,1,4042.4,2,1,4042.5,32,2,4042.7,34,3
11483,2026-07-02 11:00:18+05:30,4042.0,2,4047.08,708840,138635.0,150716.0,4100.0,4110.0,4016.1,4092.6,23712150,4501.8,3683.4,4440.0,3288.1,4041.0,370,3,4040.7,24,1,4040.5,39,2,4040.3,24,2,4040.2,11,1,4042.0,1015,7,4042.2,15,1,4042.4,2,1,4042.5,32,2,4042.7,28,2
11483,2026-07-02 11:00:18+05:30,4042.0,3,4047.08,708840,138635.0,150716.0,4100.0,4110.0,4016.1,4092.6,23712150,4501.8,3683.4,4440.0,3288.1,4041.0,370,3,4040.7,24,1,4040.5,39,2,4040.3,24,2,4040.2,11,1,4042.0,1015,7,4042.2,15,1,4042.4,2,1,4042.5,32,2,4042.7,28,2
11483,2026-07-02 11:00:19+05:30,4042.0,3,4047.08,708844,138647.0,150707.0,4100.0,4110.0,4016.1,4092.6,23712150,4501.8,3683.4,4440.0,3288.1,4041.0,369,3,4040.7,24,1,4040.5,49,3,4040.3,24,2,4040.2,11,1,4042.0,1011,6,4042.2,15,1,4042.4,2,1,4042.5,32,2,4042.7,28,2
11483,2026-07-02 11:00:22+05:30,4041.0,1,4047.08,708845,138571.0,150942.0,4100.0,4110.0,4016.1,4092.6,23712150,4501.8,3683.4,4440.0,3288.1,4041.2,1,1,4041.0,368,3,4040.8,10,1,4040.7,25,2,4040.5,1,1,4041.5,1,1,4042.0,1011,6,4042.2,17,2,4042.4,2,1,4042.5,18,1
11483,2026-07-02 11:00:22+05:30,4041.0,1,4047.08,708845,138571.0,150942.0,4100.0,4110.0,4016.1,4092.6,23712150,4501.8,3683.4,4440.0,3288.1,4041.2,1,1,4041.0,368,3,4040.8,10,1,4040.7,25,2,4040.5,1,1,4041.5,1,1,4042.0,1011,6,4042.2,17,2,4042.4,2,1,4042.5,18,1
11483,2026-07-02 11:00:25+05:30,4041.5,1,4047.08,708845,138571.0,150942.0,4100.0,4110.0,4016.1,4092.6,23712150,4501.8,3683.4,4440.0,3288.1,4041.2,1,1,4041.0,368,3,4040.8,10,1,4040.7,25,2,4040.5,1,1,4041.5,1,1,4042.0,1011,6,4042.2,17,2,4042.4,2,1,4042.5,18,1
11483,2026-07-02 11:00:27+05:30,4041.9,2,4047.08,708860,139925.0,150638.0,4100.0,4110.0,4016.1,4092.6,23712150,4501.8,3683.4,4440.0,3288.1,4041.8,92,3,4041.7,42,1,4041.6,42,1,4041.5,43,2,4041.3,42,1,4041.9,2,1,4042.0,1003,6,4042.2,17,2,4042.8,18,1,4042.9,137,2
11483,2026-07-02 11:00:28+05:30,4042.0,8,4047.08,708860,139925.0,150638.0,4100.0,4110.0,4016.1,4092.6,23712150,4501.8,3683.4,4440.0,3288.1,4041.8,92,3,4041.7,42,1,4041.6,42,1,4041.5,43,2,4041.3,42,1,4041.9,2,1,4042.0,1003,6,4042.2,17,2,4042.8,18,1,4042.9,137,2
11483,2026-07-02 11:00:29+05:30,4042.0,8,4047.08,708860,139925.0,150638.0,4100.0,4110.0,4016.1,4092.6,23712150,4501.8,3683.4,4440.0,3288.1,4041.8,92,3,4041.7,42,1,4041.6,42,1,4041.5,43,2,4041.3,42,1,4041.9,2,1,4042.0,1003,6,4042.2,17,2,4042.8,18,1,4042.9,137,2
11483,2026-07-02 11:00:30+05:30,4042.0,8,4047.08,708860,139925.0,150638.0,4100.0,4110.0,4016.1,4092.6,23712150,4501.8,3683.4,4440.0,3288.1,4041.8,92,3,4041.7,42,1,4041.6,42,1,4041.5,43,2,4041.3,42,1,4041.9,2,1,4042.0,1003,6,4042.2,17,2,4042.8,18,1,4042.9,137,2
11483,2026-07-02 11:00:31+05:30,4042.0,8,4047.08,708860,139925.0,150638.0,4100.0,4110.0,4016.1,4092.6,23712150,4501.8,3683.4,4440.0,3288.1,4041.8,92,3,4041.7,42,1,4041.6,42,1,4041.5,43,2,4041.3,42,1,4041.9,2,1,4042.0,1003,6,4042.2,17,2,4042.8,18,1,4042.9,137,2
11483,2026-07-02 11:00:31+05:30,4041.8,24,4047.08,708860,139925.0,150638.0,4100.0,4110.0,4016.1,4092.6,23712150,4501.8,3683.4,4440.0,3288.1,4041.8,92,3,4041.7,42,1,4041.6,42,1,4041.5,43,2,4041.3,42,1,4041.9,2,1,4042.0,1003,6,4042.2,17,2,4042.8,18,1,4042.9,137,2
11483,2026-07-02 11:00:32+05:30,4041.8,24,4047.08,708860,139925.0,150638.0,4100.0,4110.0,4016.1,4092.6,23712150,4501.8,3683.4,4440.0,3288.1,4041.8,92,3,4041.7,42,1,4041.6,42,1,4041.5,43,2,4041.3,42,1,4041.9,2,1,4042.0,1003,6,4042.2,17,2,4042.8,18,1,4042.9,137,2
11483,2026-07-02 11:00:32+05:30,4041.8,18,4047.08,709277,139741.0,150412.0,4100.0,4110.0,4016.1,4092.6,23712150,4501.8,3683.4,4440.0,3288.1,4041.7,42,1,4041.5,43,2,4041.0,621,5,4040.9,12,1,4040.7,30,2,4041.8,18,1,4042.0,695,8,4042.2,17,2,4042.8,30,3,4042.9,147,2
11483,2026-07-02 11:00:32+05:30,4041.8,18,4047.08,709277,139741.0,150412.0,4100.0,4110.0,4016.1,4092.6,23712150,4501.8,3683.4,4440.0,3288.1,4041.7,42,1,4041.5,43,2,4041.0,621,5,4040.9,12,1,4040.7,30,2,4041.8,18,1,4042.0,695,8,4042.2,17,2,4042.8,30,3,4042.9,147,2
11483,2026-07-02 11:00:33+05:30,4041.8,18,4047.08,709277,139741.0,150412.0,4100.0,4110.0,4016.1,4092.6,23713900,4501.8,3683.4,4440.0,3288.1,4041.7,42,1,4041.5,43,2,4041.0,621,5,4040.9,12,1,4040.7,30,2,4041.8,18,1,4042.0,695,8,4042.2,17,2,4042.8,30,3,4042.9,147,2
11483,2026-07-02 11:00:34+05:30,4041.8,18,4047.08,709277,139741.0,150412.0,4100.0,4110.0,4016.1,4092.6,23713900,4501.8,3683.4,4440.0,3288.1,4041.7,42,1,4041.5,43,2,4041.0,621,5,4040.9,12,1,4040.7,30,2,4041.8,18,1,4042.0,695,8,4042.2,17,2,4042.8,30,3,4042.9,147,2
11483,2026-07-02 11:00:34+05:30,4041.9,19,4047.08,709277,139741.0,150412.0,4100.0,4110.0,4016.1,4092.6,23713900,4501.8,3683.4,4440.0,3288.1,4041.7,42,1,4041.5,43,2,4041.0,621,5,4040.9,12,1,4040.7,30,2,4041.8,18,1,4042.0,695,8,4042.2,17,2,4042.8,30,3,4042.9,147,2
11483,2026-07-02 11:00:37+05:30,4041.9,1,4047.08,709277,139741.0,150412.0,4100.0,4110.0,4016.1,4092.6,23713900,4501.8,3683.4,4440.0,3288.1,4041.7,42,1,4041.5,43,2,4041.0,621,5,4040.9,12,1,4040.7,30,2,4041.8,18,1,4042.0,695,8,4042.2,17,2,4042.8,30,3,4042.9,147,2
11483,2026-07-02 11:00:38+05:30,4041.9,2,4047.07,709752,139637.0,150085.0,4100.0,4110.0,4016.1,4092.6,23713900,4501.8,3683.4,4440.0,3288.1,4041.9,40,1,4041.8,29,2,4041.7,26,1,4041.5,1,1,4041.4,42,1,4042.0,500,6,4042.2,15,1,4042.6,3,1,4042.7,2,1,4042.8,18,1
11483,2026-07-02 11:00:41+05:30,4042.0,1,4047.07,709752,139637.0,150085.0,4100.0,4110.0,4016.1,4092.6,23713900,4501.8,3683.4,4440.0,3288.1,4041.9,40,1,4041.8,29,2,4041.7,26,1,4041.5,1,1,4041.4,42,1,4042.0,500,6,4042.2,15,1,4042.6,3,1,4042.7,2,1,4042.8,18,1
11483,2026-07-02 11:00:43+05:30,4042.0,1,4047.05,712729,140450.0,149470.0,4100.0,4110.0,4016.1,4092.6,23713900,4501.8,3683.4,4440.0,3288.1,4042.0,492,5,4041.9,1,1,4041.8,50,1,4041.5,1,1,4041.3,12,1,4042.1,7,2,4042.2,83,2,4042.3,42,1,4042.4,42,1,4042.5,42,1
11483,2026-07-02 11:00:45+05:30,4042.0,1,4047.05,712729,140450.0,149470.0,4100.0,4110.0,4016.1,4092.6,23713900,4501.8,3683.4,4440.0,3288.1,4042.0,492,5,4041.9,1,1,4041.8,50,1,4041.5,1,1,4041.3,12,1,4042.1,7,2,4042.2,83,2,4042.3,42,1,4042.4,42,1,4042.5,42,1
11483,2026-07-02 11:00:48+05:30,4042.0,1,4047.05,712825,140191.0,149374.0,4100.0,4110.0,4016.1,4092.6,23713900,4501.8,3683.4,4440.0,3288.1,4042.0,427,3,4041.9,15,1,4041.8,50,1,4041.5,1,1,4041.3,26,2,4042.1,52,2,4042.2,42,1,4042.3,44,2,4042.4,42,1,4042.6,42,1
11483,2026-07-02 11:00:49+05:30,4042.0,1,4047.05,712825,140191.0,149374.0,4100.0,4110.0,4016.1,4092.6,23713900,4501.8,3683.4,4440.0,3288.1,4042.0,427,3,4041.9,15,1,4041.8,50,1,4041.5,1,1,4041.3,26,2,4042.1,52,2,4042.2,42,1,4042.3,44,2,4042.4,42,1,4042.6,42,1
11483,2026-07-02 11:00:53+05:30,4042.1,1,4047.05,712825,140191.0,149374.0,4100.0,4110.0,4016.1,4092.6,23713900,4501.8,3683.4,4440.0,3288.1,4042.0,427,3,4041.9,15,1,4041.8,50,1,4041.5,1,1,4041.3,26,2,4042.1,52,2,4042.2,42,1,4042.3,44,2,4042.4,42,1,4042.6,42,1
11483,2026-07-02 11:00:54+05:30,4042.1,2,4047.05,712840,140256.0,149278.0,4100.0,4110.0,4016.1,4092.6,23713900,4501.8,3683.4,4440.0,3288.1,4042.0,453,6,4041.9,18,2,4041.8,50,1,4041.7,7,1,4041.5,11,2,4042.1,42,4,4042.2,42,1,4042.3,42,1,4042.4,44,2,4042.6,42,1
11483,2026-07-02 11:00:56+05:30,4042.9,1,4047.05,712840,140256.0,149278.0,4100.0,4110.0,4016.1,4092.6,23713900,4501.8,3683.4,4440.0,3288.1,4042.0,453,6,4041.9,18,2,4041.8,50,1,4041.7,7,1,4041.5,11,2,4042.1,42,4,4042.2,42,1,4042.3,42,1,4042.4,44,2,4042.6,42,1
11483,2026-07-02 11:00:59+05:30,4042.9,1,4047.04,713667,140167.0,148381.0,4100.0,4110.0,4016.1,4092.6,23713900,4501.8,3683.4,4440.0,3288.1,4042.0,319,1,4041.9,15,1,4041.8,69,2,4041.6,34,2,4041.5,19,2,4042.9,103,1,4043.2,7,1,4043.3,3,2,4043.4,38,2,4043.5,2,1
11483,2026-07-02 11:00:59+05:30,4042.9,1,4047.04,713667,140167.0,148381.0,4100.0,4110.0,4016.1,4092.6,23713900,4501.8,3683.4,4440.0,3288.1,4042.0,319,1,4041.9,15,1,4041.8,69,2,4041.6,34,2,4041.5,19,2,4042.9,103,1,4043.2,7,1,4043.3,3,2,4043.4,38,2,4043.5,2,1
11483,2026-07-02 11:01:02+05:30,4042.5,2,4047.04,713667,140167.0,148381.0,4100.0,4110.0,4016.1,4092.6,23713900,4501.8,3683.4,4440.0,3288.1,4042.0,319,1,4041.9,15,1,4041.8,69,2,4041.6,34,2,4041.5,19,2,4042.9,103,1,4043.2,7,1,4043.3,3,2,4043.4,38,2,4043.5,2,1
11483,2026-07-02 11:01:04+05:30,4044.0,2,4047.04,713823,141081.0,148225.0,4100.0,4110.0,4016.1,4092.6,23713900,4501.8,3683.4,4440.0,3288.1,4042.5,76,3,4042.4,42,3,4042.3,22,2,4042.1,42,6,4042.0,372,4,4044.0,32,6,4044.1,19,2,4044.3,18,1,4044.4,38,3,4044.5,108,5
11483,2026-07-02 11:01:05+05:30,4044.0,2,4047.04,713823,141081.0,148225.0,4100.0,4110.0,4016.1,4092.6,23713900,4501.8,3683.4,4440.0,3288.1,4042.5,76,3,4042.4,42,3,4042.3,22,2,4042.1,42,6,4042.0,372,4,4044.0,32,6,4044.1,19,2,4044.3,18,1,4044.4,38,3,4044.5,108,5
11483,2026-07-02 11:01:08+05:30,4043.7,7,4047.04,713823,141081.0,148225.0,4100.0,4110.0,4016.1,4092.6,23713900,4501.8,3683.4,4440.0,3288.1,4042.5,76,3,4042.4,42,3,4042.3,22,2,4042.1,42,6,4042.0,372,4,4044.0,32,6,4044.1,19,2,4044.3,18,1,4044.4,38,3,4044.5,108,5
11483,2026-07-02 11:01:09+05:30,4043.6,1,4047.04,713852,141367.0,148117.0,4100.0,4110.0,4016.1,4092.6,23713900,4501.8,3683.4,4440.0,3288.1,4042.9,1,1,4042.1,11,2,4042.0,372,4,4041.9,15,1,4041.8,63,2,4043.5,91,4,4043.6,8,2,4043.7,41,3,4043.8,32,3,4043.9,36,3
11483,2026-07-02 11:01:11+05:30,4043.0,3,4047.04,713852,141367.0,148117.0,4100.0,4110.0,4016.1,4092.6,23713900,4501.8,3683.4,4440.0,3288.1,4042.9,1,1,4042.1,11,2,4042.0,372,4,4041.9,15,1,4041.8,63,2,4043.5,91,4,4043.6,8,2,4043.7,41,3,4043.8,32,3,4043.9,36,3
11483,2026-07-02 11:01:14+05:30,4043.5,2,4047.04,713852,141367.0,148117.0,4100.0,4110.0,4016.1,4092.6,23713900,4501.8,3683.4,4440.0,3288.1,4042.9,1,1,4042.1,11,2,4042.0,372,4,4041.9,15,1,4041.8,63,2,4043.5,91,4,4043.6,8,2,4043.7,41,3,4043.8,32,3,4043.9,36,3
11483,2026-07-02 11:01:15+05:30,4043.5,2,4047.04,714078,142143.0,147781.0,4100.0,4110.0,4016.1,4092.6,23713900,4501.8,3683.4,4440.0,3288.1,4043.5,95,1,4043.0,137,1,4042.9,5,3,4042.1,25,3,4042.0,408,8,4044.0,64,5,4044.3,57,3,4044.4,27,2,4044.5,61,3,4044.6,120,5
11483,2026-07-02 11:01:17+05:30,4044.0,6,4047.04,714078,142143.0,147781.0,4100.0,4110.0,4016.1,4092.6,23713900,4501.8,3683.4,4440.0,3288.1,4043.5,95,1,4043.0,137,1,4042.9,5,3,4042.1,25,3,4042.0,408,8,4044.0,64,5,4044.3,57,3,4044.4,27,2,4044.5,61,3,4044.6,120,5
11483,2026-07-02 11:01:20+05:30,4044.3,15,4047.04,714187,141626.0,147885.0,4100.0,4110.0,4016.1,4092.6,23713900,4501.8,3683.4,4440.0,3288.1,4043.5,94,1,4043.0,137,1,4042.9,4,2,4042.2,2,1,4042.1,13,2,4043.6,1,1,4044.0,92,5,4044.2,40,2,4044.3,16,2,4044.4,36,4
11483,2026-07-02 11:01:20+05:30,4044.3,15,4047.04,714187,141626.0,147885.0,4100.0,4110.0,4016.1,4092.6,23713900,4501.8,3683.4,4440.0,3288.1,4043.5,94,1,4043.0,137,1,4042.9,4,2,4042.2,2,1,4042.1,13,2,4043.6,1,1,4044.0,92,5,4044.2,40,2,4044.3,16,2,4044.4,36,4
11483,2026-07-02 11:01:23+05:30,4044.0,36,4047.04,714187,141626.0,147885.0,4100.0,4110.0,4016.1,4092.6,23713900,4501.8,3683.4,4440.0,3288.1,4043.5,94,1,4043.0,137,1,4042.9,4,2,4042.2,2,1,4042.1,13,2,4043.6,1,1,4044.0,92,5,4044.2,40,2,4044.3,16,2,4044.4,36,4
11483,2026-07-02 11:01:25+05:30,4044.4,1,4047.04,714610,142366.0,145987.0,4100.0,4110.0,4016.1,4092.6,23713900,4501.8,3683.4,4440.0,3288.1,4044.0,239,2,4043.5,10,1,4043.0,184,3,4042.9,4,2,4042.8,64,3,4044.4,6,1,4044.5,1,1,4044.9,72,3,4045.0,249,11,4045.2,46,3
11483,2026-07-02 11:01:26+05:30,4044.4,1,4047.04,714610,142366.0,145987.0,4100.0,4110.0,4016.1,4092.6,23713900,4501.8,3683.4,4440.0,3288.1,4044.0,239,2,4043.5,10,1,4043.0,184,3,4042.9,4,2,4042.8,64,3,4044.4,6,1,4044.5,1,1,4044.9,72,3,4045.0,249,11,4045.2,46,3
11483,2026-07-02 11:01:29+05:30,4044.4,1,4047.04,714610,142366.0,145987.0,4100.0,4110.0,4016.1,4092.6,23713900,4501.8,3683.4,4440.0,3288.1,4044.0,239,2,4043.5,10,1,4043.0,184,3,4042.9,4,2,4042.8,64,3,4044.4,6,1,4044.5,1,1,4044.9,72,3,4045.0,249,11,4045.2,46,3
11483,2026-07-02 11:01:29+05:30,4044.4,4,4047.04,714610,142366.0,145987.0,4100.0,4110.0,4016.1,4092.6,23713900,4501.8,3683.4,4440.0,3288.1,4044.0,239,2,4043.5,10,1,4043.0,184,3,4042.9,4,2,4042.8,64,3,4044.4,6,1,4044.5,1,1,4044.9,72,3,4045.0,249,11,4045.2,46,3
11483,2026-07-02 11:01:30+05:30,4044.4,4,4047.04,714624,142484.0,145878.0,4100.0,4110.0,4016.1,4092.6,23713900,4501.8,3683.4,4440.0,3288.1,4044.0,255,4,4043.5,11,2,4043.0,199,5,4042.9,42,3,4042.8,66,4,4044.4,3,1,4044.5,1,1,4044.9,60,2,4045.0,249,11,4045.2,12,1
11483,2026-07-02 11:01:30+05:30,4044.4,4,4047.04,714624,142484.0,145878.0,4100.0,4110.0,4016.1,4092.6,23713900,4501.8,3683.4,4440.0,3288.1,4044.0,255,4,4043.5,11,2,4043.0,199,5,4042.9,42,3,4042.8,66,4,4044.4,3,1,4044.5,1,1,4044.9,60,2,4045.0,249,11,4045.2,12,1
11483,2026-07-02 11:01:31+05:30,4044.4,4,4047.04,714624,142484.0,145878.0,4100.0,4110.0,4016.1,4092.6,23713900,4501.8,3683.4,4440.0,3288.1,4044.0,255,4,4043.5,11,2,4043.0,199,5,4042.9,42,3,4042.8,66,4,4044.4,3,1,4044.5,1,1,4044.9,60,2,4045.0,249,11,4045.2,12,1
11483,2026-07-02 11:01:32+05:30,4044.4,4,4047.04,714624,142484.0,145878.0,4100.0,4110.0,4016.1,4092.6,23713900,4501.8,3683.4,4440.0,3288.1,4044.0,255,4,4043.5,11,2,4043.0,199,5,4042.9,42,3,4042.8,66,4,4044.4,3,1,4044.5,1,1,4044.9,60,2,4045.0,249,11,4045.2,12,1
11483,2026-07-02 11:01:32+05:30,4044.4,7,4047.04,714624,142484.0,145878.0,4100.0,4110.0,4016.1,4092.6,23713900,4501.8,3683.4,4440.0,3288.1,4044.0,255,4,4043.5,11,2,4043.0,199,5,4042.9,42,3,4042.8,66,4,4044.4,3,1,4044.5,1,1,4044.9,60,2,4045.0,249,11,4045.2,12,1
11483,2026-07-02 11:01:33+05:30,4044.4,7,4047.04,714624,142484.0,145878.0,4100.0,4110.0,4016.1,4092.6,23713375,4501.8,3683.4,4440.0,3288.1,4044.0,255,4,4043.5,11,2,4043.0,199,5,4042.9,42,3,4042.8,66,4,4044.4,3,1,4044.5,1,1,4044.9,60,2,4045.0,249,11,4045.2,12,1
11483,2026-07-02 11:01:34+05:30,4044.4,7,4047.04,714624,142484.0,145878.0,4100.0,4110.0,4016.1,4092.6,23713375,4501.8,3683.4,4440.0,3288.1,4044.0,255,4,4043.5,11,2,4043.0,199,5,4042.9,42,3,4042.8,66,4,4044.4,3,1,4044.5,1,1,4044.9,60,2,4045.0,249,11,4045.2,12,1
11483,2026-07-02 11:01:35+05:30,4044.4,7,4047.04,714624,142484.0,145878.0,4100.0,4110.0,4016.1,4092.6,23713375,4501.8,3683.4,4440.0,3288.1,4044.0,255,4,4043.5,11,2,4043.0,199,5,4042.9,42,3,4042.8,66,4,4044.4,3,1,4044.5,1,1,4044.9,60,2,4045.0,249,11,4045.2,12,1
11483,2026-07-02 11:01:35+05:30,4044.4,7,4047.04,714690,142744.0,145735.0,4100.0,4110.0,4016.1,4092.6,23713375,4501.8,3683.4,4440.0,3288.1,4044.4,3,1,4044.1,2,1,4044.0,258,6,4043.5,11,2,4043.0,210,6,4044.9,31,3,4045.0,249,11,4045.2,12,1,4045.4,20,1,4045.5,46,4
11483,2026-07-02 11:01:38+05:30,4044.0,1,4047.04,714690,142744.0,145735.0,4100.0,4110.0,4016.1,4092.6,23713375,4501.8,3683.4,4440.0,3288.1,4044.4,3,1,4044.1,2,1,4044.0,258,6,4043.5,11,2,4043.0,210,6,4044.9,31,3,4045.0,249,11,4045.2,12,1,4045.4,20,1,4045.5,46,4
11483,2026-07-02 11:01:40+05:30,4044.8,3,4047.04,714722,142809.0,145737.0,4100.0,4110.0,4016.1,4092.6,23713375,4501.8,3683.4,4440.0,3288.1,4044.3,30,1,4044.0,253,6,4043.5,11,2,4043.0,211,5,4042.9,42,3,4044.8,66,4,4044.9,11,2,4045.0,249,11,4045.1,21,1,4045.2,12,1
11483,2026-07-02 11:01:41+05:30,4044.4,8,4047.04,714722,142809.0,145737.0,4100.0,4110.0,4016.1,4092.6,23713375,4501.8,3683.4,4440.0,3288.1,4044.3,30,1,4044.0,253,6,4043.5,11,2,4043.0,211,5,4042.9,42,3,4044.8,66,4,4044.9,11,2,4045.0,249,11,4045.1,21,1,4045.2,12,1
11483,2026-07-02 11:01:44+05:30,4044.0,42,4047.04,714722,142809.0,145737.0,4100.0,4110.0,4016.1,4092.6,23713375,4501.8,3683.4,4440.0,3288.1,4044.3,30,1,4044.0,253,6,4043.5,11,2,4043.0,211,5,4042.9,42,3,4044.8,66,4,4044.9,11,2,4045.0,249,11,4045.1,21,1,4045.2,12,1
11483,2026-07-02 11:01:44+05:30,4044.0,42,4047.04,714807,142944.0,145633.0,4100.0,4110.0,4016.1,4092.6,23713375,4501.8,3683.4,4440.0,3288.1,4044.0,221,7,4043.5,11,2,4043.0,395,5,4042.9,20,3,4042.8,61,3,4044.4,6,3,4044.6,19,1,4044.8,21,2,4044.9,22,2,4045.0,249,11
11483,2026-07-02 11:01:47+05:30,4045.0,4,4047.04,714807,142944.0,145633.0,4100.0,4110.0,4016.1,4092.6,23713375,4501.8,3683.4,4440.0,3288.1,4044.0,221,7,4043.5,11,2,4043.0,395,5,4042.9,20,3,4042.8,61,3,4044.4,6,3,4044.6,19,1,4044.8,21,2,4044.9,22,2,4045.0,249,11
11483,2026-07-02 11:01:49+05:30,4045.0,1,4047.04,714954,142876.0,145864.0,4100.0,4110.0,4016.1,4092.6,23713375,4501.8,3683.4,4440.0,3288.1,4044.0,205,7,4043.5,11,2,4043.0,388,5,4042.9,22,4,4042.8,59,2,4045.0,245,13,4045.1,10,1,4045.3,25,1,4045.4,65,4,4045.5,114,6
11483,2026-07-02 11:01:50+05:30,4045.0,1,4047.04,714954,142876.0,145864.0,4100.0,4110.0,4016.1,4092.6,23713375,4501.8,3683.4,4440.0,3288.1,4044.0,205,7,4043.5,11,2,4043.0,388,5,4042.9,22,4,4042.8,59,2,4045.0,245,13,4045.1,10,1,4045.3,25,1,4045.4,65,4,4045.5,114,6
11483,2026-07-02 11:01:53+05:30,4044.5,1,4047.04,714954,142876.0,145864.0,4100.0,4110.0,4016.1,4092.6,23713375,4501.8,3683.4,4440.0,3288.1,4044.0,205,7,4043.5,11,2,4043.0,388,5,4042.9,22,4,4042.8,59,2,4045.0,245,13,4045.1,10,1,4045.3,25,1,4045.4,65,4,4045.5,114,6
11483,2026-07-02 11:01:54+05:30,4044.5,1,4047.04,714961,142552.0,146023.0,4100.0,4110.0,4016.1,4092.6,23713375,4501.8,3683.4,4440.0,3288.1,4044.0,211,10,4043.6,5,1,4043.5,11,2,4043.0,368,4,4042.9,18,3,4044.5,2,2,4044.8,19,1,4044.9,17,3,4045.0,220,12,4045.1,14,1
11483,2026-07-02 11:01:56+05:30,4044.9,1,4047.04,714961,142552.0,146023.0,4100.0,4110.0,4016.1,4092.6,23713375,4501.8,3683.4,4440.0,3288.1,4044.0,211,10,4043.6,5,1,4043.5,11,2,4043.0,368,4,4042.9,18,3,4044.5,2,2,4044.8,19,1,4044.9,17,3,4045.0,220,12,4045.1,14,1
11483,2026-07-02 11:01:59+05:30,4045.0,79,4047.04,715400,142719.0,145599.0,4100.0,4110.0,4016.1,4092.6,23713375,4501.8,3683.4,4440.0,3288.1,4044.0,211,10,4043.6,5,1,4043.5,11,2,4043.0,368,4,4042.9,8,4,4044.5,1,1,4044.8,187,2,4045.1,26,3,4045.2,16,2,4045.3,50,3
11483,2026-07-02 11:01:59+05:30,4045.0,79,4047.04,715400,142719.0,145599.0,4100.0,4110.0,4016.1,4092.6,23713375,4501.8,3683.4,4440.0,3288.1,4044.0,211,10,4043.6,5,1,4043.5,11,2,4043.0,368,4,4042.9,8,4,4044.5,1,1,4044.8,187,2,4045.1,26,3,4045.2,16,2,4045.3,50,3
11483,2026-07-02 11:02:02+05:30,4044.3,1,4047.04,715400,142719.0,145599.0,4100.0,4110.0,4016.1,4092.6,23713375,4501.8,3683.4,4440.0,3288.1,4044.0,211,10,4043.6,5,1,4043.5,11,2,4043.0,368,4,4042.9,8,4,4044.5,1,1,4044.8,187,2,4045.1,26,3,4045.2,16,2,4045.3,50,3
11483,2026-07-02 11:02:05+05:30,4044.3,1,4047.04,715419,142837.0,145797.0,4100.0,4110.0,4016.1,4092.6,23713375,4501.8,3683.4,4440.0,3288.1,4044.2,1,1,4044.1,3,2,4044.0,224,12,4043.6,5,1,4043.5,12,3,4044.3,2,2,4044.5,12,2,4044.6,12,1,4044.8,350,2,4044.9,12,1
11483,2026-07-02 11:02:05+05:30,4044.3,1,4047.04,715419,142837.0,145797.0,4100.0,4110.0,4016.1,4092.6,23713375,4501.8,3683.4,4440.0,3288.1,4044.2,1,1,4044.1,3,2,4044.0,224,12,4043.6,5,1,4043.5,12,3,4044.3,2,2,4044.5,12,2,4044.6,12,1,4044.8,350,2,4044.9,12,1
11483,2026-07-02 11:02:08+05:30,4044.8,23,4047.04,715419,142837.0,145797.0,4100.0,4110.0,4016.1,4092.6,23713375,4501.8,3683.4,4440.0,3288.1,4044.2,1,1,4044.1,3,2,4044.0,224,12,4043.6,5,1,4043.5,12,3,4044.3,2,2,4044.5,12,2,4044.6,12,1,4044.8,350,2,4044.9,12,1
11483,2026-07-02 11:02:10+05:30,4044.8,1,4047.04,715476,143222.0,145672.0,4100.0,4110.0,4016.1,4092.6,23713375,4501.8,3683.4,4440.0,3288.1,4044.3,2,1,4044.0,224,12,4043.6,5,1,4043.5,12,3,4043.2,3,1,4044.7,52,4,4044.8,139,1,4044.9,11,1,4045.0,76,3,4045.1,3,1
11483,2026-07-02 11:02:12+05:30,4044.1,1,4047.04,715476,143222.0,145672.0,4100.0,4110.0,4016.1,4092.6,23713375,4501.8,3683.4,4440.0,3288.1,4044.3,2,1,4044.0,224,12,4043.6,5,1,4043.5,12,3,4043.2,3,1,4044.7,52,4,4044.8,139,1,4044.9,11,1,4045.0,76,3,4045.1,3,1
11483,2026-07-02 11:02:16+05:30,4043.5,1,4047.03,717922,141636.0,147079.0,4100.0,4110.0,4016.1,4092.6,23713375,4501.8,3683.4,4440.0,3288.1,4043.0,205,2,4042.9,4,2,4042.6,18,1,4042.5,1,1,4042.2,4,2,4043.5,41,1,4043.6,54,2,4043.7,42,1,4043.9,82,4,4044.0,37,5
11483,2026-07-02 11:02:16+05:30,4043.5,5,4047.03,717922,141636.0,147079.0,4100.0,4110.0,4016.1,4092.6,23713375,4501.8,3683.4,4440.0,3288.1,4043.0,205,2,4042.9,4,2,4042.6,18,1,4042.5,1,1,4042.2,4,2,4043.5,41,1,4043.6,54,2,4043.7,42,1,4043.9,82,4,4044.0,37,5
11483,2026-07-02 11:02:19+05:30,4043.0,2,4047.03,717922,141636.0,147079.0,4100.0,4110.0,4016.1,4092.6,23713375,4501.8,3683.4,4440.0,3288.1,4043.0,205,2,4042.9,4,2,4042.6,18,1,4042.5,1,1,4042.2,4,2,4043.5,41,1,4043.6,54,2,4043.7,42,1,4043.9,82,4,4044.0,37,5
11483,2026-07-02 11:02:21+05:30,4043.3,43,4047.03,718018,141980.0,146952.0,4100.0,4110.0,4016.1,4092.6,23713375,4501.8,3683.4,4440.0,3288.1,4043.0,430,2,4042.9,4,2,4042.6,18,1,4042.5,1,1,4042.2,2,1,4043.3,8,1,4043.4,42,1,4043.5,109,5,4043.7,54,2,4043.9,4,1
11483,2026-07-02 11:02:22+05:30,4043.4,12,4047.03,718018,141980.0,146952.0,4100.0,4110.0,4016.1,4092.6,23713375,4501.8,3683.4,4440.0,3288.1,4043.0,430,2,4042.9,4,2,4042.6,18,1,4042.5,1,1,4042.2,2,1,4043.3,8,1,4043.4,42,1,4043.5,109,5,4043.7,54,2,4043.9,4,1
11483,2026-07-02 11:02:25+05:30,4044.0,11,4047.03,718018,141980.0,146952.0,4100.0,4110.0,4016.1,4092.6,23713375,4501.8,3683.4,4440.0,3288.1,4043.0,430,2,4042.9,4,2,4042.6,18,1,4042.5,1,1,4042.2,2,1,4043.3,8,1,4043.4,42,1,4043.5,109,5,4043.7,54,2,4043.9,4,1
11483,2026-07-02 11:02:27+05:30,4044.8,2,4047.03,718071,143130.0,146129.0,4100.0,4110.0,4016.1,4092.6,23713375,4501.8,3683.4,4440.0,3288.1,4044.3,1,1,4044.2,81,1,4044.1,42,1,4044.0,52,2,4043.9,42,1,4044.8,242,4,4044.9,100,1,4045.0,75,2,4045.2,23,2,4045.3,58,2
11483,2026-07-02 11:02:28+05:30,4044.8,8,4047.03,718071,143130.0,146129.0,4100.0,4110.0,4016.1,4092.6,23713375,4501.8,3683.4,4440.0,3288.1,4044.3,1,1,4044.2,81,1,4044.1,42,1,4044.0,52,2,4043.9,42,1,4044.8,242,4,4044.9,100,1,4045.0,75,2,4045.2,23,2,4045.3,58,2
11483,2026-07-02 11:02:29+05:30,4044.8,8,4047.03,718071,143130.0,146129.0,4100.0,4110.0,4016.1,4092.6,23713375,4501.8,3683.4,4440.0,3288.1,4044.3,1,1,4044.2,81,1,4044.1,42,1,4044.0,52,2,4043.9,42,1,4044.8,242,4,4044.9,100,1,4045.0,75,2,4045.2,23,2,4045.3,58,2
11483,2026-07-02 11:02:30+05:30,4044.8,8,4047.03,718071,143130.0,146129.0,4100.0,4110.0,4016.1,4092.6,23713375,4501.8,3683.4,4440.0,3288.1,4044.3,1,1,4044.2,81,1,4044.1,42,1,4044.0,52,2,4043.9,42,1,4044.8,242,4,4044.9,100,1,4045.0,75,2,4045.2,23,2,4045.3,58,2
11483,2026-07-02 11:02:31+05:30,4044.8,8,4047.03,718071,143130.0,146129.0,4100.0,4110.0,4016.1,4092.6,23713375,4501.8,3683.4,4440.0,3288.1,4044.3,1,1,4044.2,81,1,4044.1,42,1,4044.0,52,2,4043.9,42,1,4044.8,242,4,4044.9,100,1,4045.0,75,2,4045.2,23,2,4045.3,58,2
11483,2026-07-02 11:02:31+05:30,4044.8,39,4047.03,718071,143130.0,146129.0,4100.0,4110.0,4016.1,4092.6,23713375,4501.8,3683.4,4440.0,3288.1,4044.3,1,1,4044.2,81,1,4044.1,42,1,4044.0,52,2,4043.9,42,1,4044.8,242,4,4044.9,100,1,4045.0,75,2,4045.2,23,2,4045.3,58,2
11483,2026-07-02 11:02:32+05:30,4044.8,39,4047.03,718187,142551.0,146107.0,4100.0,4110.0,4016.1,4092.6,23713375,4501.8,3683.4,4440.0,3288.1,4044.7,36,2,4044.6,42,1,4044.5,42,1,4044.3,42,1,4044.0,27,2,4044.8,164,5,4044.9,100,1,4045.0,84,3,4045.2,29,3,4045.3,69,3
11483,2026-07-02 11:02:32+05:30,4044.8,39,4047.03,718187,142551.0,146107.0,4100.0,4110.0,4016.1,4092.6,23713375,4501.8,3683.4,4440.0,3288.1,4044.7,36,2,4044.6,42,1,4044.5,42,1,4044.3,42,1,4044.0,27,2,4044.8,164,5,4044.9,100,1,4045.0,84,3,4045.2,29,3,4045.3,69,3
11483,2026-07-02 11:02:33+05:30,4044.8,39,4047.03,718187,142551.0,146107.0,4100.0,4110.0,4016.1,4092.6,23713375,4501.8,3683.4,4440.0,3288.1,4044.7,36,2,4044.6,42,1,4044.5,42,1,4044.3,42,1,4044.0,27,2,4044.8,164,5,4044.9,100,1,4045.0,84,3,4045.2,29,3,4045.3,69,3
11483,2026-07-02 11:02:33+05:30,4044.8,39,4047.03,718187,142551.0,146107.0,4100.0,4110.0,4016.1,4092.6,23714950,4501.8,3683.4,4440.0,3288.1,4044.7,36,2,4044.6,42,1,4044.5,42,1,4044.3,42,1,4044.0,27,2,4044.8,164,5,4044.9,100,1,4045.0,84,3,4045.2,29,3,4045.3,69,3
11483,2026-07-02 11:02:34+05:30,4044.8,39,4047.03,718187,142551.0,146107.0,4100.0,4110.0,4016.1,4092.6,23714950,4501.8,3683.4,4440.0,3288.1,4044.7,36,2,4044.6,42,1,4044.5,42,1,4044.3,42,1,4044.0,27,2,4044.8,164,5,4044.9,100,1,4045.0,84,3,4045.2,29,3,4045.3,69,3
11483,2026-07-02 11:02:34+05:30,4044.7,1,4047.03,718187,142551.0,146107.0,4100.0,4110.0,4016.1,4092.6,23714950,4501.8,3683.4,4440.0,3288.1,4044.7,36,2,4044.6,42,1,4044.5,42,1,4044.3,42,1,4044.0,27,2,4044.8,164,5,4044.9,100,1,4045.0,84,3,4045.2,29,3,4045.3,69,3
11483,2026-07-02 11:02:35+05:30,4044.7,1,4047.03,718187,142551.0,146107.0,4100.0,4110.0,4016.1,4092.6,23714950,4501.8,3683.4,4440.0,3288.1,4044.7,36,2,4044.6,42,1,4044.5,42,1,4044.3,42,1,4044.0,27,2,4044.8,164,5,4044.9,100,1,4045.0,84,3,4045.2,29,3,4045.3,69,3
11483,2026-07-02 11:02:37+05:30,4044.8,3,4047.03,718221,142358.0,145884.0,4100.0,4110.0,4016.1,4092.6,23714950,4501.8,3683.4,4440.0,3288.1,4044.0,10,1,4043.5,3,1,4043.4,2,1,4043.1,4,1,4043.0,438,3,4044.8,164,6,4044.9,112,2,4045.0,84,3,4045.1,20,2,4045.2,23,3
11483,2026-07-02 11:02:37+05:30,4044.8,3,4047.03,718221,142358.0,145884.0,4100.0,4110.0,4016.1,4092.6,23714950,4501.8,3683.4,4440.0,3288.1,4044.0,10,1,4043.5,3,1,4043.4,2,1,4043.1,4,1,4043.0,438,3,4044.8,164,6,4044.9,112,2,4045.0,84,3,4045.1,20,2,4045.2,23,3
11483,2026-07-02 11:02:40+05:30,4044.8,1,4047.03,718221,142358.0,145884.0,4100.0,4110.0,4016.1,4092.6,23714950,4501.8,3683.4,4440.0,3288.1,4044.0,10,1,4043.5,3,1,4043.4,2,1,4043.1,4,1,4043.0,438,3,4044.8,164,6,4044.9,112,2,4045.0,84,3,4045.1,20,2,4045.2,23,3
11483,2026-07-02 11:02:42+05:30,4043.5,1,4047.03,718284,142420.0,145882.0,4100.0,4110.0,4016.1,4092.6,23714950,4501.8,3683.4,4440.0,3288.1,4044.0,1,1,4043.6,19,1,4043.5,2,1,4043.4,4,2,4043.1,8,3,4044.4,1,1,4044.8,111,5,4044.9,100,1,4045.0,76,3,4045.1,18,1
11483,2026-07-02 11:02:43+05:30,4044.8,15,4047.03,718284,142420.0,145882.0,4100.0,4110.0,4016.1,4092.6,23714950,4501.8,3683.4,4440.0,3288.1,4044.0,1,1,4043.6,19,1,4043.5,2,1,4043.4,4,2,4043.1,8,3,4044.4,1,1,4044.8,111,5,4044.9,100,1,4045.0,76,3,4045.1,18,1
11483,2026-07-02 11:02:46+05:30,4044.8,7,4047.03,718284,142420.0,145882.0,4100.0,4110.0,4016.1,4092.6,23714950,4501.8,3683.4,4440.0,3288.1,4044.0,1,1,4043.6,19,1,4043.5,2,1,4043.4,4,2,4043.1,8,3,4044.4,1,1,4044.8,111,5,4044.9,100,1,4045.0,76,3,4045.1,18,1
11483,2026-07-02 11:02:48+05:30,4044.8,3,4047.02,718348,142580.0,145967.0,4100.0,4110.0,4016.1,4092.6,23714950,4501.8,3683.4,4440.0,3288.1,4044.2,2,1,4043.8,13,1,4043.6,19,1,4043.4,4,2,4043.3,12,1,4044.8,105,5,4044.9,100,1,4045.0,26,2,4045.2,18,1,4045.3,62,4
11483,2026-07-02 11:02:49+05:30,4044.8,10,4047.02,718348,142580.0,145967.0,4100.0,4110.0,4016.1,4092.6,23714950,4501.8,3683.4,4440.0,3288.1,4044.2,2,1,4043.8,13,1,4043.6,19,1,4043.4,4,2,4043.3,12,1,4044.8,105,5,4044.9,100,1,4045.0,26,2,4045.2,18,1,4045.3,62,4
11483,2026-07-02 11:02:52+05:30,4044.8,1,4047.02,718348,142580.0,145967.0,4100.0,4110.0,4016.1,4092.6,23714950,4501.8,3683.4,4440.0,3288.1,4044.2,2,1,4043.8,13,1,4043.6,19,1,4043.4,4,2,4043.3,12,1,4044.8,105,5,4044.9,100,1,4045.0,26,2,4045.2,18,1,4045.3,62,4
11483,2026-07-02 11:02:53+05:30,4044.8,1,4047.02,718378,142567.0,146193.0,4100.0,4110.0,4016.1,4092.6,23714950,4501.8,3683.4,4440.0,3288.1,4044.5,1,1,4044.4,10,1,4044.2,13,2,4043.6,31,2,4043.4,13,3,4044.8,65,5,4044.9,100,1,4045.0,26,2,4045.3,209,2,4045.4,20,1
11483,2026-07-02 11:02:55+05:30,4044.8,1,4047.02,718378,142567.0,146193.0,4100.0,4110.0,4016.1,4092.6,23714950,4501.8,3683.4,4440.0,3288.1,4044.5,1,1,4044.4,10,1,4044.2,13,2,4043.6,31,2,4043.4,13,3,4044.8,65,5,4044.9,100,1,4045.0,26,2,4045.3,209,2,4045.4,20,1
11483,2026-07-02 11:02:58+05:30,4044.4,2,4047.02,718391,142539.0,146229.0,4100.0,4110.0,4016.1,4092.6,23714950,4501.8,3683.4,4440.0,3288.1,4044.4,8,1,4044.2,13,2,4043.6,19,1,4043.4,16,3,4043.2,15,2,4044.8,70,4,4044.9,100,1,4045.0,26,2,4045.2,205,3,4045.3,34,1
11483,2026-07-02 11:02:58+05:30,4044.8,2,4047.02,718391,142539.0,146229.0,4100.0,4110.0,4016.1,4092.6,23714950,4501.8,3683.4,4440.0,3288.1,4044.4,8,1,4044.2,13,2,4043.6,19,1,4043.4,16,3,4043.2,15,2,4044.8,70,4,4044.9,100,1,4045.0,26,2,4045.2,205,3,4045.3,34,1
11483,2026-07-02 11:03:02+05:30,4044.2,30,4047.02,718391,142539.0,146229.0,4100.0,4110.0,4016.1,4092.6,23714950,4501.8,3683.4,4440.0,3288.1,4044.4,8,1,4044.2,13,2,4043.6,19,1,4043.4,16,3,4043.2,15,2,4044.8,70,4,4044.9,100,1,4045.0,26,2,4045.2,205,3,4045.3,34,1
11483,2026-07-02 11:03:03+05:30,4044.8,12,4047.02,718508,142579.0,146252.0,4100.0,4110.0,4016.1,4092.6,23714950,4501.8,3683.4,4440.0,3288.1,4044.2,11,1,4044.0,150,1,4043.7,12,1,4043.6,19,1,4043.4,16,3,4044.8,40,6,4044.9,100,1,4045.0,81,3,4045.2,193,2,4045.3,46,2
11483,2026-07-02 11:03:05+05:30,4044.8,1,4047.02,718508,142579.0,146252.0,4100.0,4110.0,4016.1,4092.6,23714950,4501.8,3683.4,4440.0,3288.1,4044.2,11,1,4044.0,150,1,4043.7,12,1,4043.6,19,1,4043.4,16,3,4044.8,40,6,4044.9,100,1,4045.0,81,3,4045.2,193,2,4045.3,46,2
11483,2026-07-02 11:03:08+05:30,4044.8,4,4047.02,718508,142579.0,146252.0,4100.0,4110.0,4016.1,4092.6,23714950,4501.8,3683.4,4440.0,3288.1,4044.2,11,1,4044.0,150,1,4043.7,12,1,4043.6,19,1,4043.4,16,3,4044.8,40,6,4044.9,100,1,4045.0,81,3,4045.2,193,2,4045.3,46,2
11483,2026-07-02 11:03:08+05:30,4044.8,16,4047.02,718574,143541.0,145407.0,4100.0,4110.0,4016.1,4092.6,23714950,4501.8,3683.4,4440.0,3288.1,4044.8,9,1,4044.4,73,5,4044.3,6,2,4044.2,33,3,4044.1,13,1,4044.9,100,1,4045.0,95,4,4045.6,7,1,4045.8,18,2,4045.9,12,1
11483,2026-07-02 11:03:11+05:30,4044.9,10,4047.02,718574,143541.0,145407.0,4100.0,4110.0,4016.1,4092.6,23714950,4501.8,3683.4,4440.0,3288.1,4044.8,9,1,4044.4,73,5,4044.3,6,2,4044.2,33,3,4044.1,13,1,4044.9,100,1,4045.0,95,4,4045.6,7,1,4045.8,18,2,4045.9,12,1
11483,2026-07-02 11:03:13+05:30,4044.8,5,4047.02,719329,144061.0,144848.0,4100.0,4110.0,4016.1,4092.6,23714950,4501.8,3683.4,4440.0,3288.1,4044.8,23,4,4044.7,36,2,4044.6,10,2,4044.5,29,2,4044.4,26,2,4044.9,2,1,4045.0,90,2,4046.0,783,12,4046.1,13,1,4046.2,14,1
11483,2026-07-02 11:03:14+05:30,4044.8,5,4047.02,719329,144061.0,144848.0,4100.0,4110.0,4016.1,4092.6,23714950,4501.8,3683.4,4440.0,3288.1,4044.8,23,4,4044.7,36,2,4044.6,10,2,4044.5,29,2,4044.4,26,2,4044.9,2,1,4045.0,90,2,4046.0,783,12,4046.1,13,1,4046.2,14,1
11483,2026-07-02 11:03:17+05:30,4045.0,2,4047.02,719329,144061.0,144848.0,4100.0,4110.0,4016.1,4092.6,23714950,4501.8,3683.4,4440.0,3288.1,4044.8,23,4,4044.7,36,2,4044.6,10,2,4044.5,29,2,4044.4,26,2,4044.9,2,1,4045.0,90,2,4046.0,783,12,4046.1,13,1,4046.2,14,1
11483,2026-07-02 11:03:19+05:30,4045.0,2,4047.02,719358,144129.0,144941.0,4100.0,4110.0,4016.1,4092.6,23714950,4501.8,3683.4,4440.0,3288.1,4044.8,27,5,4044.7,1,1,4044.6,5,1,4044.5,16,1,4044.4,26,2,4045.0,95,2,4046.0,783,12,4046.1,13,1,4046.2,14,1,4046.3,35,4
11483,2026-07-02 11:03:20+05:30,4045.0,2,4047.02,719358,144129.0,144941.0,4100.0,4110.0,4016.1,4092.6,23714950,4501.8,3683.4,4440.0,3288.1,4044.8,27,5,4044.7,1,1,4044.6,5,1,4044.5,16,1,4044.4,26,2,4045.0,95,2,4046.0,783,12,4046.1,13,1,4046.2,14,1,4046.3,35,4
11483,2026-07-02 11:03:24+05:30,4044.9,1,4047.02,719362,144254.0,144984.0,4100.0,4110.0,4016.1,4092.6,23714950,4501.8,3683.4,4440.0,3288.1,4044.8,75,6,4044.7,1,1,4044.6,5,1,4044.5,25,2,4044.4,26,2,4044.9,1,1,4045.0,116,4,4046.0,779,11,4046.1,13,1,4046.2,25,2
11483,2026-07-02 11:03:26+05:30,4044.9,6,4047.02,719362,144254.0,144984.0,4100.0,4110.0,4016.1,4092.6,23714950,4501.8,3683.4,4440.0,3288.1,4044.8,75,6,4044.7,1,1,4044.6,5,1,4044.5,25,2,4044.4,26,2,4044.9,1,1,4045.0,116,4,4046.0,779,11,4046.1,13,1,4046.2,25,2
11483,2026-07-02 11:03:29+05:30,4045.0,7,4047.02,719362,144254.0,144984.0,4100.0,4110.0,4016.1,4092.6,23714950,4501.8,3683.4,4440.0,3288.1,4044.8,75,6,4044.7,1,1,4044.6,5,1,4044.5,25,2,4044.4,26,2,4044.9,1,1,4045.0,116,4,4046.0,779,11,4046.1,13,1,4046.2,25,2
11483,2026-07-02 11:03:29+05:30,4045.0,7,4047.02,719749,143592.0,145451.0,4100.0,4110.0,4016.1,4092.6,23714950,4501.8,3683.4,4440.0,3288.1,4044.9,1,1,4044.8,33,2,4044.5,16,1,4044.4,19,1,4044.3,32,2,4045.0,87,1,4045.9,6,2,4046.0,700,11,4046.1,33,3,4046.2,19,2
11483,2026-07-02 11:03:30+05:30,4045.0,7,4047.02,719749,143592.0,145451.0,4100.0,4110.0,4016.1,4092.6,23714950,4501.8,3683.4,4440.0,3288.1,4044.9,1,1,4044.8,33,2,4044.5,16,1,4044.4,19,1,4044.3,32,2,4045.0,87,1,4045.9,6,2,4046.0,700,11,4046.1,33,3,4046.2,19,2
11483,2026-07-02 11:03:31+05:30,4045.0,7,4047.02,719749,143592.0,145451.0,4100.0,4110.0,4016.1,4092.6,23714950,4501.8,3683.4,4440.0,3288.1,4044.9,1,1,4044.8,33,2,4044.5,16,1,4044.4,19,1,4044.3,32,2,4045.0,87,1,4045.9,6,2,4046.0,700,11,4046.1,33,3,4046.2,19,2
11483,2026-07-02 11:03:32+05:30,4045.0,32,4047.02,719749,143592.0,145451.0,4100.0,4110.0,4016.1,4092.6,23714950,4501.8,3683.4,4440.0,3288.1,4044.9,1,1,4044.8,33,2,4044.5,16,1,4044.4,19,1,4044.3,32,2,4045.0,87,1,4045.9,6,2,4046.0,700,11,4046.1,33,3,4046.2,19,2
11483,2026-07-02 11:03:32+05:30,4045.0,32,4047.02,719749,143592.0,145451.0,4100.0,4110.0,4016.1,4092.6,23714950,4501.8,3683.4,4440.0,3288.1,4044.9,1,1,4044.8,33,2,4044.5,16,1,4044.4,19,1,4044.3,32,2,4045.0,87,1,4045.9,6,2,4046.0,700,11,4046.1,33,3,4046.2,19,2
11483,2026-07-02 11:03:33+05:30,4045.0,32,4047.02,719749,143592.0,145451.0,4100.0,4110.0,4016.1,4092.6,23714950,4501.8,3683.4,4440.0,3288.1,4044.9,1,1,4044.8,33,2,4044.5,16,1,4044.4,19,1,4044.3,32,2,4045.0,87,1,4045.9,6,2,4046.0,700,11,4046.1,33,3,4046.2,19,2
11483,2026-07-02 11:03:33+05:30,4045.0,32,4047.02,719749,143592.0,145451.0,4100.0,4110.0,4016.1,4092.6,23715475,4501.8,3683.4,4440.0,3288.1,4044.9,1,1,4044.8,33,2,4044.5,16,1,4044.4,19,1,4044.3,32,2,4045.0,87,1,4045.9,6,2,4046.0,700,11,4046.1,33,3,4046.2,19,2
11483,2026-07-02 11:03:34+05:30,4045.0,32,4047.02,719749,143592.0,145451.0,4100.0,4110.0,4016.1,4092.6,23715475,4501.8,3683.4,4440.0,3288.1,4044.9,1,1,4044.8,33,2,4044.5,16,1,4044.4,19,1,4044.3,32,2,4045.0,87,1,4045.9,6,2,4046.0,700,11,4046.1,33,3,4046.2,19,2
11483,2026-07-02 11:03:34+05:30,4045.0,19,4047.02,719910,143194.0,145741.0,4100.0,4110.0,4016.1,4092.6,23715475,4501.8,3683.4,4440.0,3288.1,4044.8,18,2,4044.2,11,1,4044.0,320,5,4043.7,12,1,4043.6,76,3,4045.0,84,3,4045.7,51,4,4045.8,50,4,4045.9,63,2,4046.0,736,14
11483,2026-07-02 11:03:34+05:30,4045.0,19,4047.02,719910,143194.0,145741.0,4100.0,4110.0,4016.1,4092.6,23715475,4501.8,3683.4,4440.0,3288.1,4044.8,18,2,4044.2,11,1,4044.0,320,5,4043.7,12,1,4043.6,76,3,4045.0,84,3,4045.7,51,4,4045.8,50,4,4045.9,63,2,4046.0,736,14
11483,2026-07-02 11:03:35+05:30,4045.0,19,4047.02,719910,143194.0,145741.0,4100.0,4110.0,4016.1,4092.6,23715475,4501.8,3683.4,4440.0,3288.1,4044.8,18,2,4044.2,11,1,4044.0,320,5,4043.7,12,1,4043.6,76,3,4045.0,84,3,4045.7,51,4,4045.8,50,4,4045.9,63,2,4046.0,736,14
11483,2026-07-02 11:03:35+05:30,4045.0,19,4047.02,719910,143194.0,145741.0,4100.0,4110.0,4016.1,4092.6,23715475,4501.8,3683.4,4440.0,3288.1,4044.8,18,2,4044.2,11,1,4044.0,320,5,4043.7,12,1,4043.6,76,3,4045.0,84,3,4045.7,51,4,4045.8,50,4,4045.9,63,2,4046.0,736,14
11483,2026-07-02 11:03:38+05:30,4045.0,3,4047.02,719910,143194.0,145741.0,4100.0,4110.0,4016.1,4092.6,23715475,4501.8,3683.4,4440.0,3288.1,4044.8,18,2,4044.2,11,1,4044.0,320,5,4043.7,12,1,4043.6,76,3,4045.0,84,3,4045.7,51,4,4045.8,50,4,4045.9,63,2,4046.0,736,14
11483,2026-07-02 11:03:39+05:30,4045.0,1,4047.02,719916,143173.0,145807.0,4100.0,4110.0,4016.1,4092.6,23715475,4501.8,3683.4,4440.0,3288.1,4044.8,16,1,4044.2,55,3,4044.0,320,5,4043.7,12,1,4043.6,76,3,4045.0,80,3,4045.7,18,1,4045.8,38,4,4045.9,63,2,4046.0,725,14
11483,2026-07-02 11:03:41+05:30,4045.0,1,4047.02,719916,143173.0,145807.0,4100.0,4110.0,4016.1,4092.6,23715475,4501.8,3683.4,4440.0,3288.1,4044.8,16,1,4044.2,55,3,4044.0,320,5,4043.7,12,1,4043.6,76,3,4045.0,80,3,4045.7,18,1,4045.8,38,4,4045.9,63,2,4046.0,725,14
11483,2026-07-02 11:03:44+05:30,4044.8,4,4047.02,719916,143173.0,145807.0,4100.0,4110.0,4016.1,4092.6,23715475,4501.8,3683.4,4440.0,3288.1,4044.8,16,1,4044.2,55,3,4044.0,320,5,4043.7,12,1,4043.6,76,3,4045.0,80,3,4045.7,18,1,4045.8,38,4,4045.9,63,2,4046.0,725,14
11483,2026-07-02 11:03:44+05:30,4044.8,4,4047.02,719933,143872.0,145595.0,4100.0,4110.0,4016.1,4092.6,23715475,4501.8,3683.4,4440.0,3288.1,4044.8,23,4,4044.3,60,3,4044.2,43,2,4044.1,14,1,4044.0,336,6,4044.9,2,2,4045.0,84,5,4046.0,715,13,4046.1,12,1,4046.2,14,1
11483,2026-07-02 11:03:47+05:30,4045.0,16,4047.02,719933,143872.0,145595.0,4100.0,4110.0,4016.1,4092.6,23715475,4501.8,3683.4,4440.0,3288.1,4044.8,23,4,4044.3,60,3,4044.2,43,2,4044.1,14,1,4044.0,336,6,4044.9,2,2,4045.0,84,5,4046.0,715,13,4046.1,12,1,4046.2,14,1
11483,2026-07-02 11:03:49+05:30,4045.0,1,4047.02,720044,143322.0,145976.0,4100.0,4110.0,4016.1,4092.6,23715475,4501.8,3683.4,4440.0,3288.1,4044.9,1,1,4044.8,5,1,4044.3,35,1,4044.2,43,2,4044.0,320,5,4045.0,148,3,4045.1,12,1,4045.5,33,3,4045.7,16,2,4045.8,30,2
11483,2026-07-02 11:03:50+05:30,4044.3,5,4047.02,720044,143322.0,145976.0,4100.0,4110.0,4016.1,4092.6,23715475,4501.8,3683.4,4440.0,3288.1,4044.9,1,1,4044.8,5,1,4044.3,35,1,4044.2,43,2,4044.0,320,5,4045.0,148,3,4045.1,12,1,4045.5,33,3,4045.7,16,2,4045.8,30,2
11483,2026-07-02 11:03:53+05:30,4044.2,25,4047.02,720044,143322.0,145976.0,4100.0,4110.0,4016.1,4092.6,23715475,4501.8,3683.4,4440.0,3288.1,4044.9,1,1,4044.8,5,1,4044.3,35,1,4044.2,43,2,4044.0,320,5,4045.0,148,3,4045.1,12,1,4045.5,33,3,4045.7,16,2,4045.8,30,2
11483,2026-07-02 11:03:54+05:30,4045.0,48,4047.02,720538,143154.0,145605.0,4100.0,4110.0,4016.1,4092.6,23715475,4501.8,3683.4,4440.0,3288.1,4044.3,80,1,4044.2,43,2,4044.1,42,1,4044.0,362,6,4043.8,42,1,4045.0,46,1,4045.5,19,1,4045.7,26,2,4045.8,42,4,4045.9,65,2
11483,2026-07-02 11:03:56+05:30,4045.0,1,4047.02,720538,143154.0,145605.0,4100.0,4110.0,4016.1,4092.6,23715475,4501.8,3683.4,4440.0,3288.1,4044.3,80,1,4044.2,43,2,4044.1,42,1,4044.0,362,6,4043.8,42,1,4045.0,46,1,4045.5,19,1,4045.7,26,2,4045.8,42,4,4045.9,65,2
11483,2026-07-02 11:03:59+05:30,4044.9,4,4047.02,720538,143154.0,145605.0,4100.0,4110.0,4016.1,4092.6,23715475,4501.8,3683.4,4440.0,3288.1,4044.3,80,1,4044.2,43,2,4044.1,42,1,4044.0,362,6,4043.8,42,1,4045.0,46,1,4045.5,19,1,4045.7,26,2,4045.8,42,4,4045.9,65,2
11483,2026-07-02 11:03:59+05:30,4045.0,10,4047.02,720810,143586.0,145937.0,4100.0,4110.0,4016.1,4092.6,23715475,4501.8,3683.4,4440.0,3288.1,4044.9,23,1,4044.8,42,1,4044.7,42,1,4044.5,42,1,4044.2,1,1,4045.0,76,1,4045.1,46,1,4045.5,19,1,4045.7,12,1,4045.8,44,3
11483,2026-07-02 11:04:02+05:30,4045.0,16,4047.02,720810,143586.0,145937.0,4100.0,4110.0,4016.1,4092.6,23715475,4501.8,3683.4,4440.0,3288.1,4044.9,23,1,4044.8,42,1,4044.7,42,1,4044.5,42,1,4044.2,1,1,4045.0,76,1,4045.1,46,1,4045.5,19,1,4045.7,12,1,4045.8,44,3
11483,2026-07-02 11:04:04+05:30,4045.0,5,4047.02,721233,143424.0,146153.0,4100.0,4110.0,4016.1,4092.6,23715475,4501.8,3683.4,4440.0,3288.1,4044.9,2,2,4044.2,1,1,4044.0,377,6,4043.8,17,2,4043.7,12,1,4045.0,75,3,4045.1,46,1,4045.5,31,2,4045.6,12,1,4045.7,187,2
11483,2026-07-02 11:04:05+05:30,4045.0,21,4047.02,721233,143424.0,146153.0,4100.0,4110.0,4016.1,4092.6,23715475,4501.8,3683.4,4440.0,3288.1,4044.9,2,2,4044.2,1,1,4044.0,377,6,4043.8,17,2,4043.7,12,1,4045.0,75,3,4045.1,46,1,4045.5,31,2,4045.6,12,1,4045.7,187,2
11483,2026-07-02 11:04:08+05:30,4044.6,1,4047.02,721233,143424.0,146153.0,4100.0,4110.0,4016.1,4092.6,23715475,4501.8,3683.4,4440.0,3288.1,4044.9,2,2,4044.2,1,1,4044.0,377,6,4043.8,17,2,4043.7,12,1,4045.0,75,3,4045.1,46,1,4045.5,31,2,4045.6,12,1,4045.7,187,2
11483,2026-07-02 11:04:09+05:30,4044.5,1,4047.02,721396,143386.0,146030.0,4100.0,4110.0,4016.1,4092.6,23715475,4501.8,3683.4,4440.0,3288.1,4044.3,10,1,4044.2,1,1,4044.0,377,6,4043.4,2,1,4043.3,2,1,4044.4,72,1,4044.5,41,1,4044.6,42,1,4044.7,49,2,4044.8,12,1
11483,2026-07-02 11:04:11+05:30,4044.4,1,4047.02,721396,143386.0,146030.0,4100.0,4110.0,4016.1,4092.6,23715475,4501.8,3683.4,4440.0,3288.1,4044.3,10,1,4044.2,1,1,4044.0,377,6,4043.4,2,1,4043.3,2,1,4044.4,72,1,4044.5,41,1,4044.6,42,1,4044.7,49,2,4044.8,12,1
11483,2026-07-02 11:04:14+05:30,4044.3,4,4047.02,721396,143386.0,146030.0,4100.0,4110.0,4016.1,4092.6,23715475,4501.8,3683.4,4440.0,3288.1,4044.3,10,1,4044.2,1,1,4044.0,377,6,4043.4,2,1,4043.3,2,1,4044.4,72,1,4044.5,41,1,4044.6,42,1,4044.7,49,2,4044.8,12,1
11483,2026-07-02 11:04:14+05:30,4044.4,10,4047.02,721412,143383.0,146242.0,4100.0,4110.0,4016.1,4092.6,23715475,4501.8,3683.4,4440.0,3288.1,4044.3,7,2,4044.2,1,1,4044.0,377,6,4043.4,2,1,4043.3,2,1,4044.4,82,5,4044.5,57,3,4044.6,42,1,4044.7,49,2,4044.9,54,2
11483,2026-07-02 11:04:17+05:30,4044.4,1,4047.02,721412,143383.0,146242.0,4100.0,4110.0,4016.1,4092.6,23715475,4501.8,3683.4,4440.0,3288.1,4044.3,7,2,4044.2,1,1,4044.0,377,6,4043.4,2,1,4043.3,2,1,4044.4,82,5,4044.5,57,3,4044.6,42,1,4044.7,49,2,4044.9,54,2
11483,2026-07-02 11:04:20+05:30,4044.4,1,4047.01,722052,143090.0,146104.0,4100.0,4110.0,4016.1,4092.6,23715475,4501.8,3683.4,4440.0,3288.1,4044.0,213,4,4043.7,12,1,4043.5,15,1,4043.4,14,2,4043.3,23,3,4044.4,1,1,4045.0,185,3,4045.4,31,2,4045.5,12,1,4045.6,12,1
11483,2026-07-02 11:04:20+05:30,4044.4,1,4047.01,722052,143090.0,146104.0,4100.0,4110.0,4016.1,4092.6,23715475,4501.8,3683.4,4440.0,3288.1,4044.0,213,4,4043.7,12,1,4043.5,15,1,4043.4,14,2,4043.3,23,3,4044.4,1,1,4045.0,185,3,4045.4,31,2,4045.5,12,1,4045.6,12,1
11483,2026-07-02 11:04:23+05:30,4044.2,2,4047.01,722052,143090.0,146104.0,4100.0,4110.0,4016.1,4092.6,23715475,4501.8,3683.4,4440.0,3288.1,4044.0,213,4,4043.7,12,1,4043.5,15,1,4043.4,14,2,4043.3,23,3,4044.4,1,1,4045.0,185,3,4045.4,31,2,4045.5,12,1,4045.6,12,1
11483,2026-07-02 11:04:25+05:30,4044.2,1,4047.01,722055,143014.0,146188.0,4100.0,4110.0,4016.1,4092.6,23715475,4501.8,3683.4,4440.0,3288.1,4044.1,1,1,4044.0,240,6,4043.8,9,2,4043.7,24,3,4043.6,11,1,4044.2,2,2,4044.4,1,1,4045.0,185,3,4045.4,12,1,4045.5,12,1
11483,2026-07-02 11:04:26+05:30,4044.2,2,4047.01,722055,143014.0,146188.0,4100.0,4110.0,4016.1,4092.6,23715475,4501.8,3683.4,4440.0,3288.1,4044.1,1,1,4044.0,240,6,4043.8,9,2,4043.7,24,3,4043.6,11,1,4044.2,2,2,4044.4,1,1,4045.0,185,3,4045.4,12,1,4045.5,12,1
11483,2026-07-02 11:04:29+05:30,4044.7,5,4047.01,722055,143014.0,146188.0,4100.0,4110.0,4016.1,4092.6,23715475,4501.8,3683.4,4440.0,3288.1,4044.1,1,1,4044.0,240,6,4043.8,9,2,4043.7,24,3,4043.6,11,1,4044.2,2,2,4044.4,1,1,4045.0,185,3,4045.4,12,1,4045.5,12,1
11483,2026-07-02 11:04:29+05:30,4044.7,5,4047.01,722071,143468.0,146098.0,4100.0,4110.0,4016.1,4092.6,23715475,4501.8,3683.4,4440.0,3288.1,4044.7,1,1,4044.4,32,3,4044.2,14,1,4044.1,8,1,4044.0,380,7,4045.0,185,3,4045.8,30,2,4046.0,686,10,4046.1,30,2,4046.2,14,1
11483,2026-07-02 11:04:30+05:30,4044.7,5,4047.01,722071,143468.0,146098.0,4100.0,4110.0,4016.1,4092.6,23715475,4501.8,3683.4,4440.0,3288.1,4044.7,1,1,4044.4,32,3,4044.2,14,1,4044.1,8,1,4044.0,380,7,4045.0,185,3,4045.8,30,2,4046.0,686,10,4046.1,30,2,4046.2,14,1
11483,2026-07-02 11:04:31+05:30,4044.7,5,4047.01,722071,143468.0,146098.0,4100.0,4110.0,4016.1,4092.6,23715475,4501.8,3683.4,4440.0,3288.1,4044.7,1,1,4044.4,32,3,4044.2,14,1,4044.1,8,1,4044.0,380,7,4045.0,185,3,4045.8,30,2,4046.0,686,10,4046.1,30,2,4046.2,14,1
11483,2026-07-02 11:04:32+05:30,4045.0,3,4047.01,722071,143468.0,146098.0,4100.0,4110.0,4016.1,4092.6,23715475,4501.8,3683.4,4440.0,3288.1,4044.7,1,1,4044.4,32,3,4044.2,14,1,4044.1,8,1,4044.0,380,7,4045.0,185,3,4045.8,30,2,4046.0,686,10,4046.1,30,2,4046.2,14,1
11483,2026-07-02 11:04:32+05:30,4045.0,3,4047.01,722071,143468.0,146098.0,4100.0,4110.0,4016.1,4092.6,23715475,4501.8,3683.4,4440.0,3288.1,4044.7,1,1,4044.4,32,3,4044.2,14,1,4044.1,8,1,4044.0,380,7,4045.0,185,3,4045.8,30,2,4046.0,686,10,4046.1,30,2,4046.2,14,1
11483,2026-07-02 11:04:33+05:30,4045.0,3,4047.01,722071,143468.0,146098.0,4100.0,4110.0,4016.1,4092.6,23715475,4501.8,3683.4,4440.0,3288.1,4044.7,1,1,4044.4,32,3,4044.2,14,1,4044.1,8,1,4044.0,380,7,4045.0,185,3,4045.8,30,2,4046.0,686,10,4046.1,30,2,4046.2,14,1
11483,2026-07-02 11:04:34+05:30,4045.0,3,4047.01,722071,143468.0,146098.0,4100.0,4110.0,4016.1,4092.6,23715475,4501.8,3683.4,4440.0,3288.1,4044.7,1,1,4044.4,32,3,4044.2,14,1,4044.1,8,1,4044.0,380,7,4045.0,185,3,4045.8,30,2,4046.0,686,10,4046.1,30,2,4046.2,14,1
11483,2026-07-02 11:04:34+05:30,4045.0,3,4047.01,722071,143468.0,146098.0,4100.0,4110.0,4016.1,4092.6,23716700,4501.8,3683.4,4440.0,3288.1,4044.7,1,1,4044.4,32,3,4044.2,14,1,4044.1,8,1,4044.0,380,7,4045.0,185,3,4045.8,30,2,4046.0,686,10,4046.1,30,2,4046.2,14,1
11483,2026-07-02 11:04:34+05:30,4044.8,1,4047.01,722085,143721.0,146142.0,4100.0,4110.0,4016.1,4092.6,23716700,4501.8,3683.4,4440.0,3288.1,4044.8,3,2,4044.7,12,1,4044.4,10,1,4044.3,13,2,4044.2,14,1,4044.9,1,1,4045.0,188,5,4045.8,30,2,4045.9,50,1,4046.0,686,10
11483,2026-07-02 11:04:34+05:30,4044.8,1,4047.01,722085,143721.0,146142.0,4100.0,4110.0,4016.1,4092.6,23716700,4501.8,3683.4,4440.0,3288.1,4044.8,3,2,4044.7,12,1,4044.4,10,1,4044.3,13,2,4044.2,14,1,4044.9,1,1,4045.0,188,5,4045.8,30,2,4045.9,50,1,4046.0,686,10
11483,2026-07-02 11:04:35+05:30,4044.8,1,4047.01,722085,143721.0,146142.0,4100.0,4110.0,4016.1,4092.6,23716700,4501.8,3683.4,4440.0,3288.1,4044.8,3,2,4044.7,12,1,4044.4,10,1,4044.3,13,2,4044.2,14,1,4044.9,1,1,4045.0,188,5,4045.8,30,2,4045.9,50,1,4046.0,686,10
11483,2026-07-02 11:04:35+05:30,4044.8,1,4047.01,722085,143721.0,146142.0,4100.0,4110.0,4016.1,4092.6,23716700,4501.8,3683.4,4440.0,3288.1,4044.8,3,2,4044.7,12,1,4044.4,10,1,4044.3,13,2,4044.2,14,1,4044.9,1,1,4045.0,188,5,4045.8,30,2,4045.9,50,1,4046.0,686,10
11483,2026-07-02 11:04:36+05:30,4044.8,1,4047.01,722085,143721.0,146142.0,4100.0,4110.0,4016.1,4092.6,23716700,4501.8,3683.4,4440.0,3288.1,4044.8,3,2,4044.7,12,1,4044.4,10,1,4044.3,13,2,4044.2,14,1,4044.9,1,1,4045.0,188,5,4045.8,30,2,4045.9,50,1,4046.0,686,10
11483,2026-07-02 11:04:38+05:30,4045.0,1,4047.01,722085,143721.0,146142.0,4100.0,4110.0,4016.1,4092.6,23716700,4501.8,3683.4,4440.0,3288.1,4044.8,3,2,4044.7,12,1,4044.4,10,1,4044.3,13,2,4044.2,14,1,4044.9,1,1,4045.0,188,5,4045.8,30,2,4045.9,50,1,4046.0,686,10
11483,2026-07-02 11:04:40+05:30,4045.0,19,4047.01,722526,144406.0,145046.0,4100.0,4110.0,4016.1,4092.6,23716700,4501.8,3683.4,4440.0,3288.1,4044.9,23,4,4044.8,7,2,4044.7,22,1,4044.6,31,4,4044.5,29,2,4045.0,25,1,4045.9,40,1,4046.0,686,10,4046.1,12,1,4046.2,14,1
11483,2026-07-02 11:04:41+05:30,4045.0,2,4047.01,722526,144406.0,145046.0,4100.0,4110.0,4016.1,4092.6,23716700,4501.8,3683.4,4440.0,3288.1,4044.9,23,4,4044.8,7,2,4044.7,22,1,4044.6,31,4,4044.5,29,2,4045.0,25,1,4045.9,40,1,4046.0,686,10,4046.1,12,1,4046.2,14,1
11483,2026-07-02 11:04:44+05:30,4045.0,20,4047.01,722526,144406.0,145046.0,4100.0,4110.0,4016.1,4092.6,23716700,4501.8,3683.4,4440.0,3288.1,4044.9,23,4,4044.8,7,2,4044.7,22,1,4044.6,31,4,4044.5,29,2,4045.0,25,1,4045.9,40,1,4046.0,686,10,4046.1,12,1,4046.2,14,1
11483,2026-07-02 11:04:45+05:30,4045.0,5,4047.01,722726,144255.0,145482.0,4100.0,4110.0,4016.1,4092.6,23716700,4501.8,3683.4,4440.0,3288.1,4044.9,12,3,4044.8,3,1,4044.6,33,3,4044.5,75,3,4044.4,51,4,4045.0,17,1,4045.9,40,1,4046.0,686,10,4046.2,43,3,4046.3,17,3
11483,2026-07-02 11:04:47+05:30,4045.0,3,4047.01,722726,144255.0,145482.0,4100.0,4110.0,4016.1,4092.6,23716700,4501.8,3683.4,4440.0,3288.1,4044.9,12,3,4044.8,3,1,4044.6,33,3,4044.5,75,3,4044.4,51,4,4045.0,17,1,4045.9,40,1,4046.0,686,10,4046.2,43,3,4046.3,17,3
11483,2026-07-02 11:04:50+05:30,4045.0,3,4047.01,722726,144255.0,145482.0,4100.0,4110.0,4016.1,4092.6,23716700,4501.8,3683.4,4440.0,3288.1,4044.9,12,3,4044.8,3,1,4044.6,33,3,4044.5,75,3,4044.4,51,4,4045.0,17,1,4045.9,40,1,4046.0,686,10,4046.2,43,3,4046.3,17,3
11483,2026-07-02 11:04:50+05:30,4045.0,50,4046.99,731006,144458.0,142946.0,4100.0,4110.0,4016.1,4092.6,23716700,4501.8,3683.4,4440.0,3288.1,4045.0,13,1,4044.9,212,10,4044.8,10,3,4044.7,13,2,4044.6,61,5,4046.5,19,1,4046.6,3,1,4046.7,3,1,4046.8,3,1,4046.9,21,2
11483,2026-07-02 11:04:53+05:30,4045.0,12,4046.99,731006,144458.0,142946.0,4100.0,4110.0,4016.1,4092.6,23716700,4501.8,3683.4,4440.0,3288.1,4045.0,13,1,4044.9,212,10,4044.8,10,3,4044.7,13,2,4044.6,61,5,4046.5,19,1,4046.6,3,1,4046.7,3,1,4046.8,3,1,4046.9,21,2
11483,2026-07-02 11:04:55+05:30,4045.0,1,4046.97,738611,144140.0,142892.0,4100.0,4110.0,4016.1,4092.6,23716700,4501.8,3683.4,4440.0,3288.1,4044.9,69,9,4044.8,10,3,4044.7,7,2,4044.6,61,5,4044.5,31,2,4045.0,94,1,4046.3,12,1,4046.4,15,2,4046.5,76,3,4046.6,19,3
11483,2026-07-02 11:04:56+05:30,4045.0,22,4046.97,738611,144140.0,142892.0,4100.0,4110.0,4016.1,4092.6,23716700,4501.8,3683.4,4440.0,3288.1,4044.9,69,9,4044.8,10,3,4044.7,7,2,4044.6,61,5,4044.5,31,2,4045.0,94,1,4046.3,12,1,4046.4,15,2,4046.5,76,3,4046.6,19,3
11483,2026-07-02 11:04:59+05:30,4044.7,4,4046.97,738611,144140.0,142892.0,4100.0,4110.0,4016.1,4092.6,23716700,4501.8,3683.4,4440.0,3288.1,4044.9,69,9,4044.8,10,3,4044.7,7,2,4044.6,61,5,4044.5,31,2,4045.0,94,1,4046.3,12,1,4046.4,15,2,4046.5,76,3,4046.6,19,3
11483,2026-07-02 11:05:00+05:30,4045.0,1,4046.97,739759,143952.0,143556.0,4100.0,4110.0,4016.1,4092.6,23716700,4501.8,3683.4,4440.0,3288.1,4044.7,8,1,4044.6,50,5,4044.4,11,2,4044.3,12,1,4044.2,40,2,4045.0,60,1,4045.9,24,2,4046.0,3,1,4046.1,22,2,4046.2,32,3
11483,2026-07-02 11:05:02+05:30,4045.0,1,4046.97,739759,143952.0,143556.0,4100.0,4110.0,4016.1,4092.6,23716700,4501.8,3683.4,4440.0,3288.1,4044.7,8,1,4044.6,50,5,4044.4,11,2,4044.3,12,1,4044.2,40,2,4045.0,60,1,4045.9,24,2,4046.0,3,1,4046.1,22,2,4046.2,32,3
11483,2026-07-02 11:05:05+05:30,4045.0,7,4046.97,739759,143952.0,143556.0,4100.0,4110.0,4016.1,4092.6,23716700,4501.8,3683.4,4440.0,3288.1,4044.7,8,1,4044.6,50,5,4044.4,11,2,4044.3,12,1,4044.2,40,2,4045.0,60,1,4045.9,24,2,4046.0,3,1,4046.1,22,2,4046.2,32,3
11483,2026-07-02 11:05:05+05:30,4045.0,7,4046.95,745414,144597.0,141496.0,4100.0,4110.0,4016.1,4092.6,23716700,4501.8,3683.4,4440.0,3288.1,4044.9,32,6,4044.8,5,2,4044.7,14,1,4044.6,38,4,4044.5,1,1,4045.0,80,2,4046.2,3,1,4046.4,13,2,4046.5,14,2,4046.6,3,1
11483,2026-07-02 11:05:08+05:30,4045.0,12,4046.95,745414,144597.0,141496.0,4100.0,4110.0,4016.1,4092.6,23716700,4501.8,3683.4,4440.0,3288.1,4044.9,32,6,4044.8,5,2,4044.7,14,1,4044.6,38,4,4044.5,1,1,4045.0,80,2,4046.2,3,1,4046.4,13,2,4046.5,14,2,4046.6,3,1
11483,2026-07-02 11:05:10+05:30,4044.6,4,4046.95,746036,143837.0,141933.0,4100.0,4110.0,4016.1,4092.6,23716700,4501.8,3683.4,4440.0,3288.1,4044.6,29,3,4044.3,12,1,4044.2,18,1,4044.1,67,2,4044.0,458,15,4045.0,79,2,4045.9,25,1,4046.1,7,1,4046.2,29,2,4046.3,12,2
11483,2026-07-02 11:05:11+05:30,4045.0,18,4046.95,746036,143837.0,141933.0,4100.0,4110.0,4016.1,4092.6,23716700,4501.8,3683.4,4440.0,3288.1,4044.6,29,3,4044.3,12,1,4044.2,18,1,4044.1,67,2,4044.0,458,15,4045.0,79,2,4045.9,25,1,4046.1,7,1,4046.2,29,2,4046.3,12,2
11483,2026-07-02 11:05:14+05:30,4045.0,1,4046.95,746036,143837.0,141933.0,4100.0,4110.0,4016.1,4092.6,23716700,4501.8,3683.4,4440.0,3288.1,4044.6,29,3,4044.3,12,1,4044.2,18,1,4044.1,67,2,4044.0,458,15,4045.0,79,2,4045.9,25,1,4046.1,7,1,4046.2,29,2,4046.3,12,2
11483,2026-07-02 11:05:15+05:30,4044.1,3,4046.95,746364,144084.0,142173.0,4100.0,4110.0,4016.1,4092.6,23716700,4501.8,3683.4,4440.0,3288.1,4044.7,108,1,4044.0,373,11,4043.8,12,1,4043.6,52,3,4043.5,75,2,4045.0,27,1,4045.6,16,2,4045.7,12,2,4045.8,28,2,4045.9,93,6
11483,2026-07-02 11:05:17+05:30,4045.0,3,4046.95,746364,144084.0,142173.0,4100.0,4110.0,4016.1,4092.6,23716700,4501.8,3683.4,4440.0,3288.1,4044.7,108,1,4044.0,373,11,4043.8,12,1,4043.6,52,3,4043.5,75,2,4045.0,27,1,4045.6,16,2,4045.7,12,2,4045.8,28,2,4045.9,93,6
11483,2026-07-02 11:05:20+05:30,4045.4,12,4046.95,746364,144084.0,142173.0,4100.0,4110.0,4016.1,4092.6,23716700,4501.8,3683.4,4440.0,3288.1,4044.7,108,1,4044.0,373,11,4043.8,12,1,4043.6,52,3,4043.5,75,2,4045.0,27,1,4045.6,16,2,4045.7,12,2,4045.8,28,2,4045.9,93,6
11483,2026-07-02 11:05:20+05:30,4045.4,12,4046.95,746469,144014.0,142276.0,4100.0,4110.0,4016.1,4092.6,23716700,4501.8,3683.4,4440.0,3288.1,4044.7,107,1,4044.6,2,2,4044.0,373,11,4043.6,32,2,4043.5,26,1,4045.0,27,1,4045.4,2,1,4045.5,28,2,4045.6,37,3,4045.7,12,2
11483,2026-07-02 11:05:21+05:30,4045.4,12,4046.95,746469,144024.0,142373.0,4100.0,4110.0,4016.1,4092.6,23716700,4501.8,3683.4,4440.0,3288.1,4044.7,107,1,4044.6,2,2,4044.0,373,11,4043.6,32,2,4043.5,26,1,4044.9,2,2,4045.0,33,3,4045.2,9,1,4045.4,14,2,4045.5,47,3
11483,2026-07-02 11:05:22+05:30,4044.9,1,4046.95,746469,144024.0,142373.0,4100.0,4110.0,4016.1,4092.6,23716700,4501.8,3683.4,4440.0,3288.1,4044.7,107,1,4044.6,2,2,4044.0,373,11,4043.6,32,2,4043.5,26,1,4044.9,2,2,4045.0,33,3,4045.2,9,1,4045.4,14,2,4045.5,47,3
11483,2026-07-02 11:05:22+05:30,4045.0,1,4046.95,746721,144045.0,142275.0,4100.0,4110.0,4016.1,4092.6,23716700,4501.8,3683.4,4440.0,3288.1,4044.8,1,1,4044.7,107,1,4044.6,2,2,4044.0,360,10,4043.9,13,1,4045.0,27,1,4045.4,12,1,4045.5,19,1,4045.6,37,2,4045.7,38,1
11483,2026-07-02 11:05:23+05:30,4045.0,1,4046.95,746721,144045.0,142275.0,4100.0,4110.0,4016.1,4092.6,23716700,4501.8,3683.4,4440.0,3288.1,4044.8,1,1,4044.7,107,1,4044.6,2,2,4044.0,360,10,4043.9,13,1,4045.0,27,1,4045.4,12,1,4045.5,19,1,4045.6,37,2,4045.7,38,1
11483,2026-07-02 11:05:23+05:30,4045.0,1,4046.95,746778,144513.0,142475.0,4100.0,4110.0,4016.1,4092.6,23716700,4501.8,3683.4,4440.0,3288.1,4044.8,1,1,4044.7,107,1,4044.6,2,2,4044.1,48,1,4044.0,374,11,4045.0,28,2,4045.4,9,1,4045.5,24,2,4045.6,37,2,4045.7,80,3
11483,2026-07-02 11:05:24+05:30,4045.0,2,4046.95,746778,144513.0,142475.0,4100.0,4110.0,4016.1,4092.6,23716700,4501.8,3683.4,4440.0,3288.1,4044.8,1,1,4044.7,107,1,4044.6,2,2,4044.1,48,1,4044.0,374,11,4045.0,28,2,4045.4,9,1,4045.5,24,2,4045.6,37,2,4045.7,80,3
11483,2026-07-02 11:05:24+05:30,4045.0,2,4046.95,746780,144147.0,142404.0,4100.0,4110.0,4016.1,4092.6,23716700,4501.8,3683.4,4440.0,3288.1,4044.8,1,1,4044.7,107,1,4044.6,2,2,4044.1,48,1,4044.0,360,10,4045.0,53,4,4045.4,31,3,4045.5,51,5,4045.6,34,2,4045.7,54,2
11483,2026-07-02 11:05:25+05:30,4045.0,1,4046.95,746781,144138.0,142330.0,4100.0,4110.0,4016.1,4092.6,23716700,4501.8,3683.4,4440.0,3288.1,4044.8,1,1,4044.7,107,1,4044.6,2,2,4044.0,360,10,4043.9,13,1,4045.0,52,4,4045.1,5,1,4045.4,31,3,4045.5,51,5,4045.6,34,2
11483,2026-07-02 11:05:26+05:30,4045.0,7,4046.95,746781,144138.0,142330.0,4100.0,4110.0,4016.1,4092.6,23716700,4501.8,3683.4,4440.0,3288.1,4044.8,1,1,4044.7,107,1,4044.6,2,2,4044.0,360,10,4043.9,13,1,4045.0,52,4,4045.1,5,1,4045.4,31,3,4045.5,51,5,4045.6,34,2
11483,2026-07-02 11:05:26+05:30,4045.0,7,4046.95,746794,144136.0,142421.0,4100.0,4110.0,4016.1,4092.6,23716700,4501.8,3683.4,4440.0,3288.1,4044.8,1,1,4044.7,107,1,4044.0,360,10,4043.9,13,1,4043.6,71,3,4045.0,89,5,4045.1,5,1,4045.4,31,3,4045.5,51,5,4045.6,34,2
11483,2026-07-02 11:05:27+05:30,4045.0,2,4046.95,746794,144136.0,142421.0,4100.0,4110.0,4016.1,4092.6,23716700,4501.8,3683.4,4440.0,3288.1,4044.8,1,1,4044.7,107,1,4044.0,360,10,4043.9,13,1,4043.6,71,3,4045.0,89,5,4045.1,5,1,4045.4,31,3,4045.5,51,5,4045.6,34,2
11483,2026-07-02 11:05:27+05:30,4045.0,2,4046.95,746796,144135.0,142453.0,4100.0,4110.0,4016.1,4092.6,23716700,4501.8,3683.4,4440.0,3288.1,4044.7,107,1,4044.0,360,10,4043.9,13,1,4043.6,71,3,4043.5,26,1,4045.0,87,5,4045.1,5,1,4045.4,31,3,4045.5,51,5,4045.6,34,2
11483,2026-07-02 11:05:28+05:30,4045.0,7,4046.95,746796,144135.0,142453.0,4100.0,4110.0,4016.1,4092.6,23716700,4501.8,3683.4,4440.0,3288.1,4044.7,107,1,4044.0,360,10,4043.9,13,1,4043.6,71,3,4043.5,26,1,4045.0,87,5,4045.1,5,1,4045.4,31,3,4045.5,51,5,4045.6,34,2
11483,2026-07-02 11:05:28+05:30,4044.7,2,4046.95,746806,144131.0,142442.0,4100.0,4110.0,4016.1,4092.6,23716700,4501.8,3683.4,4440.0,3288.1,4044.7,104,1,4044.0,360,10,4043.9,13,1,4043.6,71,3,4043.5,26,1,4045.0,79,4,4045.2,9,1,4045.4,31,3,4045.5,39,4,4045.6,34,2
11483,2026-07-02 11:05:29+05:30,4044.7,5,4046.95,746806,144131.0,142442.0,4100.0,4110.0,4016.1,4092.6,23716700,4501.8,3683.4,4440.0,3288.1,4044.7,104,1,4044.0,360,10,4043.9,13,1,4043.6,71,3,4043.5,26,1,4045.0,79,4,4045.2,9,1,4045.4,31,3,4045.5,39,4,4045.6,34,2
11483,2026-07-02 11:05:29+05:30,4044.7,5,4046.95,746818,144126.0,142476.0,4100.0,4110.0,4016.1,4092.6,23716700,4501.8,3683.4,4440.0,3288.1,4044.7,99,1,4044.2,1,1,4044.0,360,10,4043.9,13,1,4043.6,71,3,4045.0,101,4,4045.4,31,3,4045.5,53,5,4045.6,34,2,4045.7,66,3
11483,2026-07-02 11:05:30+05:30,4044.7,5,4046.95,746818,144019.0,142448.0,4100.0,4110.0,4016.1,4092.6,23716700,4501.8,3683.4,4440.0,3288.1,4044.7,99,1,4044.2,1,1,4044.0,360,10,4043.9,13,1,4043.6,71,3,4045.0,102,5,4045.4,31,3,4045.5,53,5,4045.6,34,2,4045.7,66,3
11483,2026-07-02 11:05:30+05:30,4044.7,5,4046.95,746818,144019.0,142448.0,4100.0,4110.0,4016.1,4092.6,23716700,4501.8,3683.4,4440.0,3288.1,4044.7,99,1,4044.2,1,1,4044.0,360,10,4043.9,13,1,4043.6,71,3,4045.0,102,5,4045.4,31,3,4045.5,53,5,4045.6,34,2,4045.7,66,3
11483,2026-07-02 11:05:31+05:30,4045.0,3,4046.95,746818,144019.0,142448.0,4100.0,4110.0,4016.1,4092.6,23716700,4501.8,3683.4,4440.0,3288.1,4044.7,99,1,4044.2,1,1,4044.0,360,10,4043.9,13,1,4043.6,71,3,4045.0,102,5,4045.4,31,3,4045.5,53,5,4045.6,34,2,4045.7,66,3
11483,2026-07-02 11:05:31+05:30,4045.0,3,4046.95,746823,144029.0,142459.0,4100.0,4110.0,4016.1,4092.6,23716700,4501.8,3683.4,4440.0,3288.1,4044.7,99,1,4044.2,6,2,4044.0,360,10,4043.9,13,1,4043.6,71,3,4044.9,1,1,4045.0,97,5,4045.1,7,1,4045.3,12,1,4045.4,31,3
11483,2026-07-02 11:05:31+05:30,4045.0,3,4046.95,746823,144029.0,142459.0,4100.0,4110.0,4016.1,4092.6,23716700,4501.8,3683.4,4440.0,3288.1,4044.7,99,1,4044.2,6,2,4044.0,360,10,4043.9,13,1,4043.6,71,3,4044.9,1,1,4045.0,97,5,4045.1,7,1,4045.3,12,1,4045.4,31,3
11483,2026-07-02 11:05:32+05:30,4045.0,3,4046.95,746823,144324.0,142555.0,4100.0,4110.0,4016.1,4092.6,23716700,4501.8,3683.4,4440.0,3288.1,4044.8,251,2,4044.7,99,1,4044.2,1,1,4044.0,360,10,4043.9,13,1,4044.9,1,1,4045.0,95,3,4045.4,31,3,4045.5,20,3,4045.6,34,2
11483,2026-07-02 11:05:32+05:30,4045.0,3,4046.95,746823,144324.0,142555.0,4100.0,4110.0,4016.1,4092.6,23716700,4501.8,3683.4,4440.0,3288.1,4044.8,251,2,4044.7,99,1,4044.2,1,1,4044.0,360,10,4043.9,13,1,4044.9,1,1,4045.0,95,3,4045.4,31,3,4045.5,20,3,4045.6,34,2
11483,2026-07-02 11:05:33+05:30,4045.0,3,4046.95,746823,144324.0,142555.0,4100.0,4110.0,4016.1,4092.6,23716700,4501.8,3683.4,4440.0,3288.1,4044.8,251,2,4044.7,99,1,4044.2,1,1,4044.0,360,10,4043.9,13,1,4044.9,1,1,4045.0,95,3,4045.4,31,3,4045.5,20,3,4045.6,34,2
11483,2026-07-02 11:05:33+05:30,4045.0,3,4046.95,746823,144269.0,142704.0,4100.0,4110.0,4016.1,4092.6,23716700,4501.8,3683.4,4440.0,3288.1,4044.8,251,2,4044.7,99,1,4044.2,1,1,4044.0,360,10,4043.9,15,2,4044.9,3,3,4045.0,110,4,4045.4,31,3,4045.5,20,3,4045.6,34,2
11483,2026-07-02 11:05:33+05:30,4045.0,3,4046.95,746823,144269.0,142704.0,4100.0,4110.0,4016.1,4092.6,23716700,4501.8,3683.4,4440.0,3288.1,4044.8,251,2,4044.7,99,1,4044.2,1,1,4044.0,360,10,4043.9,15,2,4044.9,3,3,4045.0,110,4,4045.4,31,3,4045.5,20,3,4045.6,34,2
11483,2026-07-02 11:05:34+05:30,4045.0,3,4046.95,746823,144269.0,142704.0,4100.0,4110.0,4016.1,4092.6,23716700,4501.8,3683.4,4440.0,3288.1,4044.8,251,2,4044.7,99,1,4044.2,1,1,4044.0,360,10,4043.9,15,2,4044.9,3,3,4045.0,110,4,4045.4,31,3,4045.5,20,3,4045.6,34,2
11483,2026-07-02 11:05:34+05:30,4044.9,1,4046.95,746823,144269.0,142704.0,4100.0,4110.0,4016.1,4092.6,23716700,4501.8,3683.4,4440.0,3288.1,4044.8,251,2,4044.7,99,1,4044.2,1,1,4044.0,360,10,4043.9,15,2,4044.9,3,3,4045.0,110,4,4045.4,31,3,4045.5,20,3,4045.6,34,2
11483,2026-07-02 11:05:34+05:30,4044.9,1,4046.95,746824,144320.0,142735.0,4100.0,4110.0,4016.1,4092.6,23716700,4501.8,3683.4,4440.0,3288.1,4044.8,251,2,4044.7,99,1,4044.2,1,1,4044.0,360,10,4043.9,15,2,4044.9,3,3,4045.0,110,4,4045.4,31,3,4045.5,20,3,4045.6,36,3
11483,2026-07-02 11:05:34+05:30,4044.9,1,4046.95,746824,144320.0,142735.0,4100.0,4110.0,4016.1,4092.6,23720900,4501.8,3683.4,4440.0,3288.1,4044.8,251,2,4044.7,99,1,4044.2,1,1,4044.0,360,10,4043.9,15,2,4044.9,3,3,4045.0,110,4,4045.4,31,3,4045.5,20,3,4045.6,36,3
11483,2026-07-02 11:05:35+05:30,4044.9,1,4046.95,746824,144320.0,142735.0,4100.0,4110.0,4016.1,4092.6,23720900,4501.8,3683.4,4440.0,3288.1,4044.8,251,2,4044.7,99,1,4044.2,1,1,4044.0,360,10,4043.9,15,2,4044.9,3,3,4045.0,110,4,4045.4,31,3,4045.5,20,3,4045.6,36,3
11483,2026-07-02 11:05:35+05:30,4044.9,1,4046.95,746824,144320.0,142735.0,4100.0,4110.0,4016.1,4092.6,23720900,4501.8,3683.4,4440.0,3288.1,4044.8,251,2,4044.7,99,1,4044.2,1,1,4044.0,360,10,4043.9,15,2,4044.9,3,3,4045.0,110,4,4045.4,31,3,4045.5,20,3,4045.6,36,3
11483,2026-07-02 11:05:35+05:30,4044.9,1,4046.95,746837,144386.0,142757.0,4100.0,4110.0,4016.1,4092.6,23720900,4501.8,3683.4,4440.0,3288.1,4044.9,1,1,4044.8,251,2,4044.7,99,1,4044.2,1,1,4044.0,360,10,4045.0,110,4,4045.4,31,3,4045.5,20,3,4045.6,34,2,4045.7,88,5
11483,2026-07-02 11:05:35+05:30,4044.9,1,4046.95,746837,144386.0,142757.0,4100.0,4110.0,4016.1,4092.6,23720900,4501.8,3683.4,4440.0,3288.1,4044.9,1,1,4044.8,251,2,4044.7,99,1,4044.2,1,1,4044.0,360,10,4045.0,110,4,4045.4,31,3,4045.5,20,3,4045.6,34,2,4045.7,88,5
11483,2026-07-02 11:05:36+05:30,4044.9,1,4046.95,746837,144386.0,142757.0,4100.0,4110.0,4016.1,4092.6,23720900,4501.8,3683.4,4440.0,3288.1,4044.9,1,1,4044.8,251,2,4044.7,99,1,4044.2,1,1,4044.0,360,10,4045.0,110,4,4045.4,31,3,4045.5,20,3,4045.6,34,2,4045.7,88,5
11483,2026-07-02 11:05:36+05:30,4044.9,1,4046.95,746837,144426.0,142731.0,4100.0,4110.0,4016.1,4092.6,23720900,4501.8,3683.4,4440.0,3288.1,4044.9,1,1,4044.8,251,2,4044.7,99,1,4044.2,1,1,4044.0,360,10,4045.0,112,5,4045.4,31,3,4045.5,20,3,4045.6,34,2,4045.7,88,5
11483,2026-07-02 11:05:37+05:30,4045.0,3,4046.95,746837,144426.0,142731.0,4100.0,4110.0,4016.1,4092.6,23720900,4501.8,3683.4,4440.0,3288.1,4044.9,1,1,4044.8,251,2,4044.7,99,1,4044.2,1,1,4044.0,360,10,4045.0,112,5,4045.4,31,3,4045.5,20,3,4045.6,34,2,4045.7,88,5
11483,2026-07-02 11:05:37+05:30,4044.9,1,4046.95,746841,144414.0,142764.0,4100.0,4110.0,4016.1,4092.6,23720900,4501.8,3683.4,4440.0,3288.1,4044.9,2,1,4044.8,250,1,4044.7,99,1,4044.2,1,1,4044.0,360,10,4045.0,109,5,4045.4,31,3,4045.5,20,3,4045.6,34,2,4045.7,88,5
11483,2026-07-02 11:05:38+05:30,4045.0,6,4046.95,746841,144414.0,142764.0,4100.0,4110.0,4016.1,4092.6,23720900,4501.8,3683.4,4440.0,3288.1,4044.9,2,1,4044.8,250,1,4044.7,99,1,4044.2,1,1,4044.0,360,10,4045.0,109,5,4045.4,31,3,4045.5,20,3,4045.6,34,2,4045.7,88,5
11483,2026-07-02 11:05:38+05:30,4045.0,1,4046.95,746853,144400.0,142710.0,4100.0,4110.0,4016.1,4092.6,23720900,4501.8,3683.4,4440.0,3288.1,4044.8,250,1,4044.7,99,1,4044.2,1,1,4044.0,360,10,4043.9,15,2,4045.0,97,5,4045.4,22,2,4045.5,20,3,4045.6,34,2,4045.7,88,5
11483,2026-07-02 11:05:39+05:30,4045.0,1,4046.95,746853,144400.0,142710.0,4100.0,4110.0,4016.1,4092.6,23720900,4501.8,3683.4,4440.0,3288.1,4044.8,250,1,4044.7,99,1,4044.2,1,1,4044.0,360,10,4043.9,15,2,4045.0,97,5,4045.4,22,2,4045.5,20,3,4045.6,34,2,4045.7,88,5
11483,2026-07-02 11:05:39+05:30,4045.0,1,4046.95,746854,144303.0,142716.0,4100.0,4110.0,4016.1,4092.6,23720900,4501.8,3683.4,4440.0,3288.1,4044.8,250,1,4044.7,99,1,4044.2,6,2,4044.0,380,11,4043.9,15,2,4045.0,96,5,4045.4,12,1,4045.5,3,1,4045.6,34,2,4045.7,54,2
11483,2026-07-02 11:05:40+05:30,4045.0,1,4046.95,746855,144429.0,142730.0,4100.0,4110.0,4016.1,4092.6,23720900,4501.8,3683.4,4440.0,3288.1,4044.8,250,1,4044.7,99,1,4044.2,6,2,4044.0,380,11,4043.9,15,2,4045.0,95,4,4045.4,12,1,4045.5,3,1,4045.6,34,2,4045.7,54,2
11483,2026-07-02 11:05:41+05:30,4045.0,1,4046.95,746855,144429.0,142730.0,4100.0,4110.0,4016.1,4092.6,23720900,4501.8,3683.4,4440.0,3288.1,4044.8,250,1,4044.7,99,1,4044.2,6,2,4044.0,380,11,4043.9,15,2,4045.0,95,4,4045.4,12,1,4045.5,3,1,4045.6,34,2,4045.7,54,2
11483,2026-07-02 11:05:41+05:30,4044.9,4,4046.95,746859,144424.0,142774.0,4100.0,4110.0,4016.1,4092.6,23720900,4501.8,3683.4,4440.0,3288.1,4044.8,250,1,4044.7,99,1,4044.2,6,2,4044.0,380,11,4043.9,15,2,4044.9,2,1,4045.0,95,4,4045.4,12,1,4045.5,3,1,4045.6,21,1
11483,2026-07-02 11:05:42+05:30,4044.9,4,4046.95,746859,144424.0,142774.0,4100.0,4110.0,4016.1,4092.6,23720900,4501.8,3683.4,4440.0,3288.1,4044.8,250,1,4044.7,99,1,4044.2,6,2,4044.0,380,11,4043.9,15,2,4044.9,2,1,4045.0,95,4,4045.4,12,1,4045.5,3,1,4045.6,21,1
11483,2026-07-02 11:05:42+05:30,4044.9,4,4046.95,746859,144449.0,142774.0,4100.0,4110.0,4016.1,4092.6,23720900,4501.8,3683.4,4440.0,3288.1,4044.8,251,2,4044.7,99,1,4044.2,6,2,4044.0,380,11,4043.9,17,3,4044.9,3,2,4045.0,93,3,4045.4,12,1,4045.5,3,1,4045.6,21,1
11483,2026-07-02 11:05:43+05:30,4044.9,4,4046.95,746859,144401.0,142802.0,4100.0,4110.0,4016.1,4092.6,23720900,4501.8,3683.4,4440.0,3288.1,4044.8,251,2,4044.7,99,1,4044.2,6,2,4044.0,380,11,4043.9,17,3,4044.9,4,3,4045.0,93,3,4045.4,12,1,4045.5,25,2,4045.6,21,1
11483,2026-07-02 11:05:44+05:30,4044.8,4,4046.95,746859,144401.0,142802.0,4100.0,4110.0,4016.1,4092.6,23720900,4501.8,3683.4,4440.0,3288.1,4044.8,251,2,4044.7,99,1,4044.2,6,2,4044.0,380,11,4043.9,17,3,4044.9,4,3,4045.0,93,3,4045.4,12,1,4045.5,25,2,4045.6,21,1
11483,2026-07-02 11:05:44+05:30,4044.7,5,4046.95,747329,143488.0,143240.0,4100.0,4110.0,4016.1,4092.6,23720900,4501.8,3683.4,4440.0,3288.1,4044.7,3,1,4044.2,1,1,4044.0,355,9,4043.6,12,1,4043.4,4,2,4044.8,68,5,4044.9,30,3,4045.0,131,5,4045.1,7,1,4045.2,12,1
11483,2026-07-02 11:05:45+05:30,4044.7,108,4046.95,747329,143488.0,143240.0,4100.0,4110.0,4016.1,4092.6,23720900,4501.8,3683.4,4440.0,3288.1,4044.7,3,1,4044.2,1,1,4044.0,355,9,4043.6,12,1,4043.4,4,2,4044.8,68,5,4044.9,30,3,4045.0,131,5,4045.1,7,1,4045.2,12,1
11483,2026-07-02 11:05:45+05:30,4044.7,108,4046.95,748093,143220.0,143766.0,4100.0,4110.0,4016.1,4092.6,23720900,4501.8,3683.4,4440.0,3288.1,4044.7,100,1,4044.2,1,1,4044.0,355,9,4043.6,12,1,4043.4,4,2,4044.8,148,7,4044.9,45,2,4045.0,173,6,4045.1,83,3,4045.2,12,1
11483,2026-07-02 11:05:46+05:30,4043.5,7,4046.95,748093,143220.0,143766.0,4100.0,4110.0,4016.1,4092.6,23720900,4501.8,3683.4,4440.0,3288.1,4044.7,100,1,4044.2,1,1,4044.0,355,9,4043.6,12,1,4043.4,4,2,4044.8,148,7,4044.9,45,2,4045.0,173,6,4045.1,83,3,4045.2,12,1
11483,2026-07-02 11:05:46+05:30,4043.5,7,4046.94,749623,140771.0,146662.0,4100.0,4110.0,4016.1,4092.6,23720900,4501.8,3683.4,4440.0,3288.1,4043.0,428,3,4042.9,3,1,4042.5,1,1,4042.1,24,2,4042.0,562,8,4043.3,81,1,4043.4,54,2,4043.5,94,3,4043.6,59,2,4043.7,12,1
11483,2026-07-02 11:05:47+05:30,4043.3,10,4046.94,749623,140771.0,146662.0,4100.0,4110.0,4016.1,4092.6,23720900,4501.8,3683.4,4440.0,3288.1,4043.0,428,3,4042.9,3,1,4042.5,1,1,4042.1,24,2,4042.0,562,8,4043.3,81,1,4043.4,54,2,4043.5,94,3,4043.6,59,2,4043.7,12,1
11483,2026-07-02 11:05:47+05:30,4043.3,10,4046.94,749648,140813.0,146545.0,4100.0,4110.0,4016.1,4092.6,23720900,4501.8,3683.4,4440.0,3288.1,4043.0,413,3,4042.9,3,1,4042.5,1,1,4042.1,24,2,4042.0,562,8,4043.3,107,5,4043.4,42,1,4043.5,83,3,4043.6,10,1,4043.7,54,2
11483,2026-07-02 11:05:48+05:30,4043.3,10,4046.94,749648,140754.0,146608.0,4100.0,4110.0,4016.1,4092.6,23720900,4501.8,3683.4,4440.0,3288.1,4043.0,413,3,4042.9,3,1,4042.5,1,1,4042.1,24,2,4042.0,562,8,4043.2,129,4,4043.3,73,3,4043.4,42,1,4043.5,50,2,4043.6,10,1
11483,2026-07-02 11:05:49+05:30,4043.0,95,4046.94,749648,140754.0,146608.0,4100.0,4110.0,4016.1,4092.6,23720900,4501.8,3683.4,4440.0,3288.1,4043.0,413,3,4042.9,3,1,4042.5,1,1,4042.1,24,2,4042.0,562,8,4043.2,129,4,4043.3,73,3,4043.4,42,1,4043.5,50,2,4043.6,10,1
11483,2026-07-02 11:05:49+05:30,4043.0,95,4046.94,749904,140747.0,146613.0,4100.0,4110.0,4016.1,4092.6,23720900,4501.8,3683.4,4440.0,3288.1,4043.0,357,3,4042.9,3,1,4042.5,1,1,4042.1,24,2,4042.0,562,8,4043.1,117,3,4043.2,50,2,4043.3,65,2,4043.4,54,2,4043.5,8,1
11483,2026-07-02 11:05:50+05:30,4043.0,3,4046.94,749904,140747.0,146613.0,4100.0,4110.0,4016.1,4092.6,23720900,4501.8,3683.4,4440.0,3288.1,4043.0,357,3,4042.9,3,1,4042.5,1,1,4042.1,24,2,4042.0,562,8,4043.1,117,3,4043.2,50,2,4043.3,65,2,4043.4,54,2,4043.5,8,1
11483,2026-07-02 11:05:50+05:30,4043.0,3,4046.94,749907,140744.0,146588.0,4100.0,4110.0,4016.1,4092.6,23720900,4501.8,3683.4,4440.0,3288.1,4043.0,354,3,4042.9,3,1,4042.5,1,1,4042.1,24,2,4042.0,562,8,4043.1,129,4,4043.2,42,1,4043.3,65,2,4043.4,61,3,4043.5,8,1
11483,2026-07-02 11:05:51+05:30,4043.0,34,4046.94,749907,140744.0,146588.0,4100.0,4110.0,4016.1,4092.6,23720900,4501.8,3683.4,4440.0,3288.1,4043.0,354,3,4042.9,3,1,4042.5,1,1,4042.1,24,2,4042.0,562,8,4043.1,129,4,4043.2,42,1,4043.3,65,2,4043.4,61,3,4043.5,8,1
11483,2026-07-02 11:05:51+05:30,4043.0,34,4046.94,750545,140911.0,146653.0,4100.0,4110.0,4016.1,4092.6,23720900,4501.8,3683.4,4440.0,3288.1,4043.0,416,2,4042.9,3,1,4042.5,1,1,4042.1,24,2,4042.0,562,8,4043.1,33,3,4043.4,12,1,4043.5,8,1,4043.6,52,2,4043.7,12,1
11483,2026-07-02 11:05:52+05:30,4043.0,6,4046.94,750545,140911.0,146653.0,4100.0,4110.0,4016.1,4092.6,23720900,4501.8,3683.4,4440.0,3288.1,4043.0,416,2,4042.9,3,1,4042.5,1,1,4042.1,24,2,4042.0,562,8,4043.1,33,3,4043.4,12,1,4043.5,8,1,4043.6,52,2,4043.7,12,1
11483,2026-07-02 11:05:52+05:30,4043.0,6,4046.94,750551,140781.0,147145.0,4100.0,4110.0,4016.1,4092.6,23720900,4501.8,3683.4,4440.0,3288.1,4043.0,411,3,4042.9,3,1,4042.5,1,1,4042.1,24,2,4042.0,553,7,4043.1,33,3,4043.6,51,2,4043.7,29,3,4043.8,13,1,4044.0,49,3
11483,2026-07-02 11:05:53+05:30,4043.1,10,4046.94,750551,140781.0,147145.0,4100.0,4110.0,4016.1,4092.6,23720900,4501.8,3683.4,4440.0,3288.1,4043.0,411,3,4042.9,3,1,4042.5,1,1,4042.1,24,2,4042.0,553,7,4043.1,33,3,4043.6,51,2,4043.7,29,3,4043.8,13,1,4044.0,49,3
11483,2026-07-02 11:05:53+05:30,4043.1,8,4046.94,750597,141040.0,146999.0,4100.0,4110.0,4016.1,4092.6,23720900,4501.8,3683.4,4440.0,3288.1,4043.1,53,1,4043.0,453,4,4042.9,45,2,4042.8,42,1,4042.6,42,1,4043.8,38,1,4043.9,2,1,4044.0,17,1,4044.1,20,2,4044.2,20,2
11483,2026-07-02 11:05:54+05:30,4043.8,1,4046.94,750597,141040.0,146999.0,4100.0,4110.0,4016.1,4092.6,23720900,4501.8,3683.4,4440.0,3288.1,4043.1,53,1,4043.0,453,4,4042.9,45,2,4042.8,42,1,4042.6,42,1,4043.8,38,1,4043.9,2,1,4044.0,17,1,4044.1,20,2,4044.2,20,2
11483,2026-07-02 11:05:54+05:30,4043.8,1,4046.94,750623,141461.0,146954.0,4100.0,4110.0,4016.1,4092.6,23720900,4501.8,3683.4,4440.0,3288.1,4043.4,42,1,4043.3,42,1,4043.0,411,3,4042.9,3,1,4042.8,42,1,4043.8,20,2,4044.0,14,2,4044.1,2,1,4044.3,61,5,4044.4,29,2
11483,2026-07-02 11:05:55+05:30,4043.8,1,4046.94,750623,141841.0,147032.0,4100.0,4110.0,4016.1,4092.6,23720900,4501.8,3683.4,4440.0,3288.1,4043.7,53,1,4043.4,42,1,4043.3,42,1,4043.2,42,1,4043.0,493,5,4043.8,1,1,4044.0,2,1,4044.1,27,1,4044.2,39,1,4044.3,2,1
11483,2026-07-02 11:05:56+05:30,4043.8,1,4046.94,750623,141841.0,147032.0,4100.0,4110.0,4016.1,4092.6,23720900,4501.8,3683.4,4440.0,3288.1,4043.7,53,1,4043.4,42,1,4043.3,42,1,4043.2,42,1,4043.0,493,5,4043.8,1,1,4044.0,2,1,4044.1,27,1,4044.2,39,1,4044.3,2,1
11483,2026-07-02 11:05:56+05:30,4043.8,1,4046.94,750624,141710.0,146789.0,4100.0,4110.0,4016.1,4092.6,23720900,4501.8,3683.4,4440.0,3288.1,4043.6,42,1,4043.5,42,1,4043.4,42,1,4043.2,42,1,4043.0,451,4,4044.0,2,1,4044.1,27,1,4044.2,39,1,4044.3,2,1,4044.4,17,1
11483,2026-07-02 11:05:57+05:30,4044.0,1,4046.94,750624,141710.0,146789.0,4100.0,4110.0,4016.1,4092.6,23720900,4501.8,3683.4,4440.0,3288.1,4043.6,42,1,4043.5,42,1,4043.4,42,1,4043.2,42,1,4043.0,451,4,4044.0,2,1,4044.1,27,1,4044.2,39,1,4044.3,2,1,4044.4,17,1
11483,2026-07-02 11:05:57+05:30,4044.0,1,4046.94,750627,142307.0,146561.0,4100.0,4110.0,4016.1,4092.6,23720900,4501.8,3683.4,4440.0,3288.1,4043.9,53,1,4043.8,42,1,4043.7,42,1,4043.6,42,1,4043.4,42,1,4044.4,3,1,4044.5,2,1,4044.6,40,2,4044.7,22,2,4044.9,30,3
11483,2026-07-02 11:05:58+05:30,4044.0,1,4046.94,750627,142393.0,146918.0,4100.0,4110.0,4016.1,4092.6,23720900,4501.8,3683.4,4440.0,3288.1,4044.1,42,1,4044.0,42,1,4043.9,42,1,4043.7,42,1,4043.4,37,1,4044.4,4,2,4044.5,2,1,4044.6,54,4,4044.7,2,1,4044.9,37,3
11483,2026-07-02 11:05:59+05:30,4044.3,4,4046.94,750627,142393.0,146918.0,4100.0,4110.0,4016.1,4092.6,23720900,4501.8,3683.4,4440.0,3288.1,4044.1,42,1,4044.0,42,1,4043.9,42,1,4043.7,42,1,4043.4,37,1,4044.4,4,2,4044.5,2,1,4044.6,54,4,4044.7,2,1,4044.9,37,3
11483,2026-07-02 11:05:59+05:30,4044.6,42,4046.94,750681,142828.0,146584.0,4100.0,4110.0,4016.1,4092.6,23720900,4501.8,3683.4,4440.0,3288.1,4044.1,42,1,4044.0,42,1,4043.8,44,2,4043.3,12,1,4043.0,464,5,4044.7,80,5,4044.8,19,1,4044.9,41,4,4045.0,130,6,4045.1,52,4
11483,2026-07-02 11:06:00+05:30,4044.3,7,4046.94,750681,142828.0,146584.0,4100.0,4110.0,4016.1,4092.6,23720900,4501.8,3683.4,4440.0,3288.1,4044.1,42,1,4044.0,42,1,4043.8,44,2,4043.3,12,1,4043.0,464,5,4044.7,80,5,4044.8,19,1,4044.9,41,4,4045.0,130,6,4045.1,52,4
11483,2026-07-02 11:06:00+05:30,4044.3,7,4046.93,750816,142045.0,146924.0,4100.0,4110.0,4016.1,4092.6,23720900,4501.8,3683.4,4440.0,3288.1,4043.6,42,1,4043.5,42,1,4043.4,42,1,4043.0,454,5,4042.9,3,1,4044.2,115,7,4044.3,35,4,4044.4,127,9,4044.5,25,3,4044.6,37,4
11483,2026-07-02 11:06:01+05:30,4043.9,10,4046.93,750816,142045.0,146924.0,4100.0,4110.0,4016.1,4092.6,23720900,4501.8,3683.4,4440.0,3288.1,4043.6,42,1,4043.5,42,1,4043.4,42,1,4043.0,454,5,4042.9,3,1,4044.2,115,7,4044.3,35,4,4044.4,127,9,4044.5,25,3,4044.6,37,4
11483,2026-07-02 11:06:01+05:30,4043.9,10,4046.93,750834,142472.0,146840.0,4100.0,4110.0,4016.1,4092.6,23720900,4501.8,3683.4,4440.0,3288.1,4043.9,74,2,4043.8,42,1,4043.6,42,1,4043.0,454,5,4042.9,38,2,4044.2,70,4,4044.4,72,5,4044.5,27,4,4044.6,37,4,4044.7,38,3
11483,2026-07-02 11:06:02+05:30,4043.9,10,4046.93,750834,142571.0,146790.0,4100.0,4110.0,4016.1,4092.6,23720900,4501.8,3683.4,4440.0,3288.1,4044.0,43,2,4043.9,74,2,4043.7,42,1,4043.0,454,5,4042.9,38,2,4044.2,70,4,4044.4,54,3,4044.5,15,3,4044.6,24,3,4044.7,28,2
11483,2026-07-02 11:06:03+05:30,4044.0,1,4046.93,750834,142571.0,146790.0,4100.0,4110.0,4016.1,4092.6,23720900,4501.8,3683.4,4440.0,3288.1,4044.0,43,2,4043.9,74,2,4043.7,42,1,4043.0,454,5,4042.9,38,2,4044.2,70,4,4044.4,54,3,4044.5,15,3,4044.6,24,3,4044.7,28,2
11483,2026-07-02 11:06:03+05:30,4043.9,42,4046.93,750952,142427.0,146813.0,4100.0,4110.0,4016.1,4092.6,23720900,4501.8,3683.4,4440.0,3288.1,4043.7,42,1,4043.0,454,5,4042.9,3,1,4042.7,12,1,4042.6,20,1,4044.0,56,5,4044.1,91,5,4044.2,20,5,4044.3,5,1,4044.4,33,4
11483,2026-07-02 11:06:04+05:30,4043.7,42,4046.93,750952,142427.0,146813.0,4100.0,4110.0,4016.1,4092.6,23720900,4501.8,3683.4,4440.0,3288.1,4043.7,42,1,4043.0,454,5,4042.9,3,1,4042.7,12,1,4042.6,20,1,4044.0,56,5,4044.1,91,5,4044.2,20,5,4044.3,5,1,4044.4,33,4
11483,2026-07-02 11:06:04+05:30,4043.7,42,4046.93,750994,142515.0,147057.0,4100.0,4110.0,4016.1,4092.6,23720900,4501.8,3683.4,4440.0,3288.1,4043.6,42,1,4043.5,42,1,4043.3,42,1,4043.0,454,5,4042.9,3,1,4044.0,70,6,4044.1,11,1,4044.2,15,3,4044.3,27,3,4044.4,28,3
11483,2026-07-02 11:06:05+05:30,4043.9,42,4046.93,750994,142515.0,147057.0,4100.0,4110.0,4016.1,4092.6,23720900,4501.8,3683.4,4440.0,3288.1,4043.6,42,1,4043.5,42,1,4043.3,42,1,4043.0,454,5,4042.9,3,1,4044.0,70,6,4044.1,11,1,4044.2,15,3,4044.3,27,3,4044.4,28,3
11483,2026-07-02 11:06:05+05:30,4043.5,42,4046.93,751181,140914.0,148088.0,4100.0,4110.0,4016.1,4092.6,23720900,4501.8,3683.4,4440.0,3288.1,4043.0,454,5,4042.9,3,1,4042.5,1,1,4042.1,24,2,4042.0,553,7,4043.6,91,5,4043.7,93,4,4043.8,42,4,4043.9,31,3,4044.0,94,10
11483,2026-07-02 11:06:06+05:30,4043.5,5,4046.93,751181,140914.0,148088.0,4100.0,4110.0,4016.1,4092.6,23720900,4501.8,3683.4,4440.0,3288.1,4043.0,454,5,4042.9,3,1,4042.5,1,1,4042.1,24,2,4042.0,553,7,4043.6,91,5,4043.7,93,4,4043.8,42,4,4043.9,31,3,4044.0,94,10
11483,2026-07-02 11:06:06+05:30,4043.5,5,4046.93,751188,141082.0,148162.0,4100.0,4110.0,4016.1,4092.6,23720900,4501.8,3683.4,4440.0,3288.1,4043.2,42,1,4043.1,42,1,4043.0,496,6,4042.9,3,1,4042.8,42,1,4043.5,65,3,4043.6,42,3,4043.8,42,4,4043.9,20,2,4044.0,93,9
11483,2026-07-02 11:06:07+05:30,4043.5,5,4046.93,751188,140915.0,148085.0,4100.0,4110.0,4016.1,4092.6,23720900,4501.8,3683.4,4440.0,3288.1,4043.0,454,5,4042.9,3,1,4042.5,1,1,4042.1,24,2,4042.0,553,7,4043.5,77,6,4043.6,13,1,4043.7,2,1,4043.8,37,3,4043.9,15,1
11483,2026-07-02 11:06:08+05:30,4043.0,1,4046.93,751189,140947.0,148085.0,4100.0,4110.0,4016.1,4092.6,23720900,4501.8,3683.4,4440.0,3288.1,4043.0,453,5,4042.9,3,1,4042.5,1,1,4042.1,24,2,4042.0,553,7,4043.5,78,7,4043.6,13,1,4043.7,2,1,4043.8,37,3,4043.9,15,1
11483,2026-07-02 11:06:09+05:30,4043.5,2,4046.93,751189,140947.0,148085.0,4100.0,4110.0,4016.1,4092.6,23720900,4501.8,3683.4,4440.0,3288.1,4043.0,453,5,4042.9,3,1,4042.5,1,1,4042.1,24,2,4042.0,553,7,4043.5,78,7,4043.6,13,1,4043.7,2,1,4043.8,37,3,4043.9,15,1
11483,2026-07-02 11:06:09+05:30,4043.5,2,4046.93,751191,140922.0,148059.0,4100.0,4110.0,4016.1,4092.6,23720900,4501.8,3683.4,4440.0,3288.1,4043.0,453,5,4042.9,3,1,4042.5,1,1,4042.1,24,2,4042.0,553,7,4043.5,76,7,4043.6,13,1,4043.7,2,1,4043.8,37,3,4043.9,15,1
11483,2026-07-02 11:06:10+05:30,4043.0,30,4046.93,751191,140922.0,148059.0,4100.0,4110.0,4016.1,4092.6,23720900,4501.8,3683.4,4440.0,3288.1,4043.0,453,5,4042.9,3,1,4042.5,1,1,4042.1,24,2,4042.0,553,7,4043.5,76,7,4043.6,13,1,4043.7,2,1,4043.8,37,3,4043.9,15,1
11483,2026-07-02 11:06:10+05:30,4043.0,20,4046.93,751242,140866.0,148075.0,4100.0,4110.0,4016.1,4092.6,23720900,4501.8,3683.4,4440.0,3288.1,4043.0,402,5,4042.9,3,1,4042.5,1,1,4042.1,24,2,4042.0,553,7,4043.5,75,6,4043.6,13,1,4043.8,39,4,4043.9,15,1,4044.0,105,9
11483,2026-07-02 11:06:11+05:30,4043.5,4,4046.93,751242,140866.0,148075.0,4100.0,4110.0,4016.1,4092.6,23720900,4501.8,3683.4,4440.0,3288.1,4043.0,402,5,4042.9,3,1,4042.5,1,1,4042.1,24,2,4042.0,553,7,4043.5,75,6,4043.6,13,1,4043.8,39,4,4043.9,15,1,4044.0,105,9
11483,2026-07-02 11:06:11+05:30,4043.5,4,4046.93,751246,140877.0,148170.0,4100.0,4110.0,4016.1,4092.6,23720900,4501.8,3683.4,4440.0,3288.1,4043.0,402,5,4042.9,3,1,4042.5,1,1,4042.1,62,3,4042.0,553,7,4043.3,1,1,4043.5,62,5,4043.6,23,2,4043.8,39,4,4043.9,15,1
11483,2026-07-02 11:06:12+05:30,4043.1,1,4046.93,751246,140877.0,148170.0,4100.0,4110.0,4016.1,4092.6,23720900,4501.8,3683.4,4440.0,3288.1,4043.0,402,5,4042.9,3,1,4042.5,1,1,4042.1,62,3,4042.0,553,7,4043.3,1,1,4043.5,62,5,4043.6,23,2,4043.8,39,4,4043.9,15,1
11483,2026-07-02 11:06:12+05:30,4043.0,27,4046.93,751279,140763.0,148097.0,4100.0,4110.0,4016.1,4092.6,23720900,4501.8,3683.4,4440.0,3288.1,4043.0,375,5,4042.9,3,1,4042.5,1,1,4042.1,24,2,4042.0,553,7,4043.3,44,4,4043.6,35,3,4043.7,22,2,4043.8,37,3,4043.9,17,2
11483,2026-07-02 11:06:13+05:30,4043.0,27,4046.93,751279,140763.0,148097.0,4100.0,4110.0,4016.1,4092.6,23720900,4501.8,3683.4,4440.0,3288.1,4043.0,375,5,4042.9,3,1,4042.5,1,1,4042.1,24,2,4042.0,553,7,4043.3,44,4,4043.6,35,3,4043.7,22,2,4043.8,37,3,4043.9,17,2
11483,2026-07-02 11:06:13+05:30,4043.0,158,4046.93,751812,140563.0,148027.0,4100.0,4110.0,4016.1,4092.6,23720900,4501.8,3683.4,4440.0,3288.1,4043.0,292,2,4042.9,3,1,4042.5,1,1,4042.1,12,1,4042.0,553,7,4043.3,49,6,4043.4,7,1,4043.6,25,2,4043.7,22,2,4043.8,27,2
11483,2026-07-02 11:06:14+05:30,4043.0,4,4046.93,751812,140563.0,148027.0,4100.0,4110.0,4016.1,4092.6,23720900,4501.8,3683.4,4440.0,3288.1,4043.0,292,2,4042.9,3,1,4042.5,1,1,4042.1,12,1,4042.0,553,7,4043.3,49,6,4043.4,7,1,4043.6,25,2,4043.7,22,2,4043.8,27,2
11483,2026-07-02 11:06:14+05:30,4043.0,4,4046.93,751817,140581.0,148077.0,4100.0,4110.0,4016.1,4092.6,23720900,4501.8,3683.4,4440.0,3288.1,4043.0,287,2,4042.9,3,1,4042.5,1,1,4042.1,12,1,4042.0,553,7,4043.3,53,7,4043.4,7,1,4043.6,39,3,4043.7,22,2,4043.8,27,2
11483,2026-07-02 11:06:15+05:30,4043.3,1,4046.93,751867,140620.0,148087.0,4100.0,4110.0,4016.1,4092.6,23720900,4501.8,3683.4,4440.0,3288.1,4043.0,287,2,4042.9,3,1,4042.5,1,1,4042.1,12,1,4042.0,553,7,4043.3,37,5,4043.4,13,2,4043.5,8,1,4043.6,25,2,4043.7,22,2
11483,2026-07-02 11:06:16+05:30,4043.0,6,4046.93,751867,140620.0,148087.0,4100.0,4110.0,4016.1,4092.6,23720900,4501.8,3683.4,4440.0,3288.1,4043.0,287,2,4042.9,3,1,4042.5,1,1,4042.1,12,1,4042.0,553,7,4043.3,37,5,4043.4,13,2,4043.5,8,1,4043.6,25,2,4043.7,22,2
11483,2026-07-02 11:06:16+05:30,4043.0,6,4046.93,751878,140682.0,148083.0,4100.0,4110.0,4016.1,4092.6,23720900,4501.8,3683.4,4440.0,3288.1,4043.0,281,2,4042.9,3,1,4042.5,1,1,4042.1,12,1,4042.0,553,7,4043.3,28,3,4043.6,35,3,4043.7,22,2,4043.8,27,2,4043.9,15,1
11483,2026-07-02 11:06:17+05:30,4043.0,6,4046.93,751878,140782.0,148053.0,4100.0,4110.0,4016.1,4092.6,23720900,4501.8,3683.4,4440.0,3288.1,4043.0,281,2,4042.9,3,1,4042.5,1,1,4042.1,12,1,4042.0,553,7,4043.3,28,3,4043.6,50,4,4043.7,22,2,4043.8,27,2,4043.9,15,1
11483,2026-07-02 11:06:19+05:30,4043.0,6,4046.93,751878,140804.0,148041.0,4100.0,4110.0,4016.1,4092.6,23720900,4501.8,3683.4,4440.0,3288.1,4043.0,293,3,4042.9,3,1,4042.5,1,1,4042.1,12,1,4042.0,553,7,4043.3,28,3,4043.6,50,4,4043.7,22,2,4043.8,27,2,4043.9,15,1
11483,2026-07-02 11:06:20+05:30,4043.0,6,4046.93,751878,140800.0,148086.0,4100.0,4110.0,4016.1,4092.6,23720900,4501.8,3683.4,4440.0,3288.1,4043.0,293,3,4042.9,3,1,4042.5,1,1,4042.1,12,1,4042.0,553,7,4043.3,28,3,4043.4,7,1,4043.6,50,4,4043.7,22,2,4043.8,27,2
11483,2026-07-02 11:06:21+05:30,4043.0,6,4046.93,751878,140422.0,148010.0,4100.0,4110.0,4016.1,4092.6,23720900,4501.8,3683.4,4440.0,3288.1,4043.0,293,3,4042.9,3,1,4042.5,1,1,4042.1,15,2,4042.0,554,8,4043.2,1,1,4043.3,28,3,4043.6,30,2,4043.7,12,1,4043.9,23,1
11483,2026-07-02 11:06:22+05:30,4043.0,6,4046.93,751878,140423.0,147980.0,4100.0,4110.0,4016.1,4092.6,23720900,4501.8,3683.4,4440.0,3288.1,4043.1,1,1,4043.0,293,3,4042.9,3,1,4042.5,1,1,4042.1,15,2,4043.2,1,1,4043.3,27,2,4043.6,30,2,4043.7,12,1,4044.0,69,6
11483,2026-07-02 11:06:23+05:30,4043.0,3,4046.93,751878,140423.0,147980.0,4100.0,4110.0,4016.1,4092.6,23720900,4501.8,3683.4,4440.0,3288.1,4043.1,1,1,4043.0,293,3,4042.9,3,1,4042.5,1,1,4042.1,15,2,4043.2,1,1,4043.3,27,2,4043.6,30,2,4043.7,12,1,4044.0,69,6
11483,2026-07-02 11:06:23+05:30,4043.0,3,4046.93,751883,140284.0,148107.0,4100.0,4110.0,4016.1,4092.6,23720900,4501.8,3683.4,4440.0,3288.1,4043.0,300,4,4042.9,3,1,4042.6,10,1,4042.5,1,1,4042.4,14,1,4043.2,3,3,4043.3,16,1,4043.6,30,2,4044.0,63,5,4044.1,16,2
11483,2026-07-02 11:06:24+05:30,4043.2,1,4046.93,751883,140284.0,148107.0,4100.0,4110.0,4016.1,4092.6,23720900,4501.8,3683.4,4440.0,3288.1,4043.0,300,4,4042.9,3,1,4042.6,10,1,4042.5,1,1,4042.4,14,1,4043.2,3,3,4043.3,16,1,4043.6,30,2,4044.0,63,5,4044.1,16,2
11483,2026-07-02 11:06:24+05:30,4043.2,1,4046.93,751884,140026.0,148144.0,4100.0,4110.0,4016.1,4092.6,23720900,4501.8,3683.4,4440.0,3288.1,4043.0,300,4,4042.9,3,1,4042.5,1,1,4042.2,9,1,4042.1,37,3,4043.1,9,1,4043.2,15,4,4043.3,16,1,4043.6,30,2,4043.7,12,1
11483,2026-07-02 11:06:25+05:30,4043.2,1,4046.93,751884,140044.0,148040.0,4100.0,4110.0,4016.1,4092.6,23720900,4501.8,3683.4,4440.0,3288.1,4043.0,300,4,4042.9,3,1,4042.5,1,1,4042.2,9,1,4042.1,37,3,4043.1,9,1,4043.2,14,3,4043.3,16,1,4043.6,30,2,4043.7,12,1
11483,2026-07-02 11:06:26+05:30,4043.0,9,4046.93,751884,140044.0,148040.0,4100.0,4110.0,4016.1,4092.6,23720900,4501.8,3683.4,4440.0,3288.1,4043.0,300,4,4042.9,3,1,4042.5,1,1,4042.2,9,1,4042.1,37,3,4043.1,9,1,4043.2,14,3,4043.3,16,1,4043.6,30,2,4043.7,12,1
11483,2026-07-02 11:06:26+05:30,4043.0,9,4046.93,751901,140037.0,148077.0,4100.0,4110.0,4016.1,4092.6,23720900,4501.8,3683.4,4440.0,3288.1,4043.0,292,5,4042.9,3,1,4042.5,1,1,4042.2,9,1,4042.1,37,3,4043.1,2,2,4043.2,1,1,4043.6,30,2,4043.7,12,1,4043.9,18,1
11483,2026-07-02 11:06:28+05:30,4043.1,1,4046.93,751909,140048.0,148077.0,4100.0,4110.0,4016.1,4092.6,23720900,4501.8,3683.4,4440.0,3288.1,4043.0,298,7,4042.9,3,1,4042.5,1,1,4042.2,9,1,4042.1,49,4,4043.5,11,1,4043.6,25,2,4044.0,39,3,4044.1,16,2,4044.2,29,2
11483,2026-07-02 11:06:28+05:30,4043.1,1,4046.93,751909,140048.0,148077.0,4100.0,4110.0,4016.1,4092.6,23720900,4501.8,3683.4,4440.0,3288.1,4043.0,298,7,4042.9,3,1,4042.5,1,1,4042.2,9,1,4042.1,49,4,4043.5,11,1,4043.6,25,2,4044.0,39,3,4044.1,16,2,4044.2,29,2
11483,2026-07-02 11:06:29+05:30,4043.0,5,4046.93,751922,140076.0,148165.0,4100.0,4110.0,4016.1,4092.6,23720900,4501.8,3683.4,4440.0,3288.1,4043.0,293,7,4042.9,3,1,4042.5,1,1,4042.1,49,4,4042.0,597,10,4043.5,32,4,4043.6,13,1,4044.0,39,3,4044.1,16,2,4044.2,29,2
11483,2026-07-02 11:06:29+05:30,4043.0,5,4046.93,751922,140076.0,148165.0,4100.0,4110.0,4016.1,4092.6,23720900,4501.8,3683.4,4440.0,3288.1,4043.0,293,7,4042.9,3,1,4042.5,1,1,4042.1,49,4,4042.0,597,10,4043.5,32,4,4043.6,13,1,4044.0,39,3,4044.1,16,2,4044.2,29,2
11483,2026-07-02 11:06:30+05:30,4043.5,4,4046.93,751922,140076.0,148165.0,4100.0,4110.0,4016.1,4092.6,23720900,4501.8,3683.4,4440.0,3288.1,4043.0,293,7,4042.9,3,1,4042.5,1,1,4042.1,49,4,4042.0,597,10,4043.5,32,4,4043.6,13,1,4044.0,39,3,4044.1,16,2,4044.2,29,2
11483,2026-07-02 11:06:30+05:30,4043.5,4,4046.93,751958,140068.0,148160.0,4100.0,4110.0,4016.1,4092.6,23720900,4501.8,3683.4,4440.0,3288.1,4043.0,293,7,4042.9,3,1,4042.5,1,1,4042.1,46,3,4042.0,556,9,4043.5,40,4,4043.6,34,3,4043.7,9,1,4043.8,13,1,4044.0,100,7
11483,2026-07-02 11:06:30+05:30,4043.5,4,4046.93,751958,140068.0,148160.0,4100.0,4110.0,4016.1,4092.6,23720900,4501.8,3683.4,4440.0,3288.1,4043.0,293,7,4042.9,3,1,4042.5,1,1,4042.1,46,3,4042.0,556,9,4043.5,40,4,4043.6,34,3,4043.7,9,1,4043.8,13,1,4044.0,100,7
11483,2026-07-02 11:06:31+05:30,4043.1,3,4046.93,751958,140068.0,148160.0,4100.0,4110.0,4016.1,4092.6,23720900,4501.8,3683.4,4440.0,3288.1,4043.0,293,7,4042.9,3,1,4042.5,1,1,4042.1,46,3,4042.0,556,9,4043.5,40,4,4043.6,34,3,4043.7,9,1,4043.8,13,1,4044.0,100,7
11483,2026-07-02 11:06:31+05:30,4043.3,4,4046.93,752093,139962.0,148301.0,4100.0,4110.0,4016.1,4092.6,23720900,4501.8,3683.4,4440.0,3288.1,4043.0,367,7,4042.9,3,1,4042.5,1,1,4042.1,24,2,4042.0,556,9,4043.2,11,1,4043.3,19,3,4043.4,28,2,4043.5,17,3,4043.6,23,2
11483,2026-07-02 11:06:31+05:30,4043.3,4,4046.93,752093,139962.0,148301.0,4100.0,4110.0,4016.1,4092.6,23720900,4501.8,3683.4,4440.0,3288.1,4043.0,367,7,4042.9,3,1,4042.5,1,1,4042.1,24,2,4042.0,556,9,4043.2,11,1,4043.3,19,3,4043.4,28,2,4043.5,17,3,4043.6,23,2
11483,2026-07-02 11:06:32+05:30,4043.2,15,4046.93,752093,139962.0,148301.0,4100.0,4110.0,4016.1,4092.6,23720900,4501.8,3683.4,4440.0,3288.1,4043.0,367,7,4042.9,3,1,4042.5,1,1,4042.1,24,2,4042.0,556,9,4043.2,11,1,4043.3,19,3,4043.4,28,2,4043.5,17,3,4043.6,23,2
11483,2026-07-02 11:06:32+05:30,4043.2,15,4046.93,752093,139962.0,148301.0,4100.0,4110.0,4016.1,4092.6,23720900,4501.8,3683.4,4440.0,3288.1,4043.0,367,7,4042.9,3,1,4042.5,1,1,4042.1,24,2,4042.0,556,9,4043.2,11,1,4043.3,19,3,4043.4,28,2,4043.5,17,3,4043.6,23,2
11483,2026-07-02 11:06:32+05:30,4043.2,15,4046.93,752255,140323.0,148308.0,4100.0,4110.0,4016.1,4092.6,23720900,4501.8,3683.4,4440.0,3288.1,4043.1,1,1,4043.0,409,8,4042.9,45,2,4042.7,42,1,4042.5,1,1,4043.2,28,2,4043.3,18,3,4043.4,11,1,4043.5,39,3,4043.6,23,2
11483,2026-07-02 11:06:32+05:30,4043.2,15,4046.93,752255,140323.0,148308.0,4100.0,4110.0,4016.1,4092.6,23720900,4501.8,3683.4,4440.0,3288.1,4043.1,1,1,4043.0,409,8,4042.9,45,2,4042.7,42,1,4042.5,1,1,4043.2,28,2,4043.3,18,3,4043.4,11,1,4043.5,39,3,4043.6,23,2
11483,2026-07-02 11:06:33+05:30,4043.0,3,4046.93,752255,140323.0,148308.0,4100.0,4110.0,4016.1,4092.6,23720900,4501.8,3683.4,4440.0,3288.1,4043.1,1,1,4043.0,409,8,4042.9,45,2,4042.7,42,1,4042.5,1,1,4043.2,28,2,4043.3,18,3,4043.4,11,1,4043.5,39,3,4043.6,23,2
11483,2026-07-02 11:06:33+05:30,4043.0,3,4046.93,752255,140323.0,148308.0,4100.0,4110.0,4016.1,4092.6,23720900,4501.8,3683.4,4440.0,3288.1,4043.0,406,8,4042.9,45,2,4042.7,42,1,4042.5,1,1,4042.1,24,2,4043.3,30,4,4043.4,11,1,4043.5,16,2,4043.6,33,3,4043.7,12,1
11483,2026-07-02 11:06:33+05:30,4043.2,52,4046.93,752342,140519.0,148269.0,4100.0,4110.0,4016.1,4092.6,23720900,4501.8,3683.4,4440.0,3288.1,4043.0,406,8,4042.9,45,2,4042.7,42,1,4042.5,1,1,4042.1,24,2,4043.3,30,4,4043.4,11,1,4043.5,16,2,4043.6,33,3,4043.7,12,1
11483,2026-07-02 11:06:33+05:30,4043.2,52,4046.93,752342,140519.0,148269.0,4100.0,4110.0,4016.1,4092.6,23720900,4501.8,3683.4,4440.0,3288.1,4043.0,406,8,4042.9,45,2,4042.7,42,1,4042.5,1,1,4042.1,24,2,4043.3,30,4,4043.4,11,1,4043.5,16,2,4043.6,33,3,4043.7,12,1
11483,2026-07-02 11:06:34+05:30,4043.2,52,4046.93,752342,140519.0,148269.0,4100.0,4110.0,4016.1,4092.6,23720900,4501.8,3683.4,4440.0,3288.1,4043.0,406,8,4042.9,45,2,4042.7,42,1,4042.5,1,1,4042.1,24,2,4043.3,30,4,4043.4,11,1,4043.5,16,2,4043.6,33,3,4043.7,12,1
11483,2026-07-02 11:06:34+05:30,4043.2,52,4046.93,752342,140519.0,148269.0,4100.0,4110.0,4016.1,4092.6,23720900,4501.8,3683.4,4440.0,3288.1,4043.0,406,8,4042.9,45,2,4042.7,42,1,4042.5,1,1,4042.1,24,2,4043.3,30,4,4043.4,11,1,4043.5,16,2,4043.6,33,3,4043.7,12,1
11483,2026-07-02 11:06:34+05:30,4043.2,52,4046.93,752342,140519.0,148269.0,4100.0,4110.0,4016.1,4092.6,23720900,4501.8,3683.4,4440.0,3288.1,4043.0,406,8,4042.9,45,2,4042.7,42,1,4042.5,1,1,4042.1,24,2,4043.3,30,4,4043.4,11,1,4043.5,16,2,4043.6,33,3,4043.7,12,1
11483,2026-07-02 11:06:34+05:30,4043.2,52,4046.93,752342,140520.0,148264.0,4100.0,4110.0,4016.1,4092.6,23720900,4501.8,3683.4,4440.0,3288.1,4043.2,1,1,4043.1,42,1,4043.0,406,8,4042.9,3,1,4042.8,42,1,4043.3,42,6,4043.4,11,1,4043.5,8,1,4043.6,25,3,4043.7,12,1
11483,2026-07-02 11:06:34+05:30,4043.2,52,4046.93,752342,140520.0,148264.0,4100.0,4110.0,4016.1,4092.6,23720900,4501.8,3683.4,4440.0,3288.1,4043.2,1,1,4043.1,42,1,4043.0,406,8,4042.9,3,1,4042.8,42,1,4043.3,42,6,4043.4,11,1,4043.5,8,1,4043.6,25,3,4043.7,12,1
11483,2026-07-02 11:06:34+05:30,4043.2,52,4046.93,752342,140520.0,148264.0,4100.0,4110.0,4016.1,4092.6,23722300,4501.8,3683.4,4440.0,3288.1,4043.2,1,1,4043.1,42,1,4043.0,406,8,4042.9,3,1,4042.8,42,1,4043.3,42,6,4043.4,11,1,4043.5,8,1,4043.6,25,3,4043.7,12,1
11483,2026-07-02 11:06:35+05:30,4043.2,52,4046.93,752342,140520.0,148264.0,4100.0,4110.0,4016.1,4092.6,23722300,4501.8,3683.4,4440.0,3288.1,4043.2,1,1,4043.1,42,1,4043.0,406,8,4042.9,3,1,4042.8,42,1,4043.3,42,6,4043.4,11,1,4043.5,8,1,4043.6,25,3,4043.7,12,1
11483,2026-07-02 11:06:35+05:30,4043.3,1,4046.93,752342,140520.0,148264.0,4100.0,4110.0,4016.1,4092.6,23722300,4501.8,3683.4,4440.0,3288.1,4043.2,1,1,4043.1,42,1,4043.0,406,8,4042.9,3,1,4042.8,42,1,4043.3,42,6,4043.4,11,1,4043.5,8,1,4043.6,25,3,4043.7,12,1
11483,2026-07-02 11:06:35+05:30,4043.3,1,4046.93,752342,140520.0,148264.0,4100.0,4110.0,4016.1,4092.6,23722300,4501.8,3683.4,4440.0,3288.1,4043.2,1,1,4043.1,42,1,4043.0,406,8,4042.9,3,1,4042.8,42,1,4043.3,42,6,4043.4,11,1,4043.5,8,1,4043.6,25,3,4043.7,12,1
11483,2026-07-02 11:06:35+05:30,4043.3,1,4046.93,752430,140469.0,148321.0,4100.0,4110.0,4016.1,4092.6,23722300,4501.8,3683.4,4440.0,3288.1,4043.3,43,2,4043.2,43,2,4043.1,42,1,4043.0,364,7,4042.9,45,2,4043.4,33,3,4043.5,27,3,4043.6,25,3,4043.7,12,1,4043.8,13,1
11483,2026-07-02 11:06:35+05:30,4043.3,1,4046.93,752430,140469.0,148321.0,4100.0,4110.0,4016.1,4092.6,23722300,4501.8,3683.4,4440.0,3288.1,4043.3,43,2,4043.2,43,2,4043.1,42,1,4043.0,364,7,4042.9,45,2,4043.4,33,3,4043.5,27,3,4043.6,25,3,4043.7,12,1,4043.8,13,1
11483,2026-07-02 11:06:36+05:30,4043.4,5,4046.93,752430,140469.0,148321.0,4100.0,4110.0,4016.1,4092.6,23722300,4501.8,3683.4,4440.0,3288.1,4043.3,43,2,4043.2,43,2,4043.1,42,1,4043.0,364,7,4042.9,45,2,4043.4,33,3,4043.5,27,3,4043.6,25,3,4043.7,12,1,4043.8,13,1
11483,2026-07-02 11:06:36+05:30,4043.4,5,4046.93,752430,140469.0,148321.0,4100.0,4110.0,4016.1,4092.6,23722300,4501.8,3683.4,4440.0,3288.1,4043.3,43,2,4043.2,43,2,4043.1,42,1,4043.0,364,7,4042.9,45,2,4043.4,33,3,4043.5,27,3,4043.6,25,3,4043.7,12,1,4043.8,13,1
11483,2026-07-02 11:06:36+05:30,4043.4,5,4046.93,752600,140614.0,148433.0,4100.0,4110.0,4016.1,4092.6,23722300,4501.8,3683.4,4440.0,3288.1,4043.3,2,1,4043.2,43,2,4043.1,42,1,4043.0,364,7,4042.9,45,2,4043.4,39,4,4043.5,30,4,4043.6,15,2,4043.7,18,2,4043.8,13,1
11483,2026-07-02 11:06:36+05:30,4043.4,5,4046.93,752600,140614.0,148433.0,4100.0,4110.0,4016.1,4092.6,23722300,4501.8,3683.4,4440.0,3288.1,4043.3,2,1,4043.2,43,2,4043.1,42,1,4043.0,364,7,4042.9,45,2,4043.4,39,4,4043.5,30,4,4043.6,15,2,4043.7,18,2,4043.8,13,1
11483,2026-07-02 11:06:37+05:30,4042.9,42,4046.93,752600,140614.0,148433.0,4100.0,4110.0,4016.1,4092.6,23722300,4501.8,3683.4,4440.0,3288.1,4043.3,2,1,4043.2,43,2,4043.1,42,1,4043.0,364,7,4042.9,45,2,4043.4,39,4,4043.5,30,4,4043.6,15,2,4043.7,18,2,4043.8,13,1
11483,2026-07-02 11:06:37+05:30,4042.9,42,4046.91,755520,139016.0,149423.0,4100.0,4110.0,4016.1,4092.6,23722300,4501.8,3683.4,4440.0,3288.1,4042.5,1,1,4042.1,12,1,4042.0,516,7,4041.5,14,2,4041.2,12,1,4043.0,96,6,4043.1,10,3,4043.2,8,2,4043.4,30,2,4043.5,10,2
11483,2026-07-02 11:06:38+05:30,4042.8,1,4046.91,755520,139016.0,149423.0,4100.0,4110.0,4016.1,4092.6,23722300,4501.8,3683.4,4440.0,3288.1,4042.5,1,1,4042.1,12,1,4042.0,516,7,4041.5,14,2,4041.2,12,1,4043.0,96,6,4043.1,10,3,4043.2,8,2,4043.4,30,2,4043.5,10,2
11483,2026-07-02 11:06:38+05:30,4042.8,1,4046.91,755557,139253.0,149735.0,4100.0,4110.0,4016.1,4092.6,23722300,4501.8,3683.4,4440.0,3288.1,4042.5,1,1,4042.1,12,1,4042.0,516,7,4041.5,14,2,4041.3,41,1,4042.8,23,1,4043.0,104,7,4043.1,8,2,4043.2,3,1,4043.3,8,1
11483,2026-07-02 11:06:39+05:30,4042.8,1,4046.91,755557,139253.0,149735.0,4100.0,4110.0,4016.1,4092.6,23722300,4501.8,3683.4,4440.0,3288.1,4042.5,1,1,4042.1,12,1,4042.0,516,7,4041.5,14,2,4041.3,41,1,4042.8,23,1,4043.0,104,7,4043.1,8,2,4043.2,3,1,4043.3,8,1
11483,2026-07-02 11:06:39+05:30,4042.5,2,4046.91,755560,137509.0,149760.0,4100.0,4110.0,4016.1,4092.6,23722300,4501.8,3683.4,4440.0,3288.1,4042.5,1,1,4042.1,12,1,4042.0,516,7,4041.5,14,2,4041.2,12,1,4042.8,65,5,4043.0,26,4,4043.1,20,3,4043.2,3,1,4043.3,8,1
11483,2026-07-02 11:06:40+05:30,4042.5,2,4046.91,755560,137509.0,149760.0,4100.0,4110.0,4016.1,4092.6,23722300,4501.8,3683.4,4440.0,3288.1,4042.5,1,1,4042.1,12,1,4042.0,516,7,4041.5,14,2,4041.2,12,1,4042.8,65,5,4043.0,26,4,4043.1,20,3,4043.2,3,1,4043.3,8,1
11483,2026-07-02 11:06:40+05:30,4042.7,7,4046.91,755567,137437.0,150044.0,4100.0,4110.0,4016.1,4092.6,23722300,4501.8,3683.4,4440.0,3288.1,4042.5,1,1,4042.1,12,1,4042.0,516,7,4041.5,14,2,4041.2,12,1,4042.7,74,1,4042.8,102,5,4042.9,43,2,4043.0,105,6,4043.1,20,3
11483,2026-07-02 11:06:41+05:30,4042.5,8,4046.91,755567,137437.0,150044.0,4100.0,4110.0,4016.1,4092.6,23722300,4501.8,3683.4,4440.0,3288.1,4042.5,1,1,4042.1,12,1,4042.0,516,7,4041.5,14,2,4041.2,12,1,4042.7,74,1,4042.8,102,5,4042.9,43,2,4043.0,105,6,4043.1,20,3
11483,2026-07-02 11:06:41+05:30,4042.5,8,4046.91,755575,137240.0,149723.0,4100.0,4110.0,4016.1,4092.6,23722300,4501.8,3683.4,4440.0,3288.1,4042.1,12,1,4042.0,516,7,4041.5,1,1,4041.1,33,2,4041.0,640,7,4042.2,14,1,4042.3,86,2,4042.6,1,1,4042.7,69,3,4042.8,54,2
11483,2026-07-02 11:06:42+05:30,4042.3,3,4046.91,755575,137240.0,149723.0,4100.0,4110.0,4016.1,4092.6,23722300,4501.8,3683.4,4440.0,3288.1,4042.1,12,1,4042.0,516,7,4041.5,1,1,4041.1,33,2,4041.0,640,7,4042.2,14,1,4042.3,86,2,4042.6,1,1,4042.7,69,3,4042.8,54,2
11483,2026-07-02 11:06:42+05:30,4042.3,3,4046.91,755597,137271.0,149600.0,4100.0,4110.0,4016.1,4092.6,23722300,4501.8,3683.4,4440.0,3288.1,4042.1,11,1,4042.0,516,7,4041.5,1,1,4041.1,33,2,4041.0,640,7,4042.3,144,4,4042.4,42,1,4042.5,42,1,4042.6,19,2,4042.7,50,2
11483,2026-07-02 11:06:43+05:30,4042.0,41,4046.91,755649,137154.0,149636.0,4100.0,4110.0,4016.1,4092.6,23722300,4501.8,3683.4,4440.0,3288.1,4042.0,475,7,4041.5,1,1,4041.1,33,2,4041.0,618,6,4040.9,12,1,4042.3,153,6,4042.4,42,1,4042.5,42,1,4042.6,19,2,4042.7,42,1
11483,2026-07-02 11:06:44+05:30,4042.0,4,4046.91,755649,137154.0,149636.0,4100.0,4110.0,4016.1,4092.6,23722300,4501.8,3683.4,4440.0,3288.1,4042.0,475,7,4041.5,1,1,4041.1,33,2,4041.0,618,6,4040.9,12,1,4042.3,153,6,4042.4,42,1,4042.5,42,1,4042.6,19,2,4042.7,42,1
11483,2026-07-02 11:06:44+05:30,4042.3,15,4046.91,755676,137228.0,149647.0,4100.0,4110.0,4016.1,4092.6,23722300,4501.8,3683.4,4440.0,3288.1,4042.0,470,7,4041.5,1,1,4041.1,33,2,4041.0,640,7,4040.9,12,1,4042.3,131,6,4042.4,42,1,4042.5,42,1,4042.6,1,1,4042.7,42,1
11483,2026-07-02 11:06:45+05:30,4042.0,1,4046.91,755676,137228.0,149647.0,4100.0,4110.0,4016.1,4092.6,23722300,4501.8,3683.4,4440.0,3288.1,4042.0,470,7,4041.5,1,1,4041.1,33,2,4041.0,640,7,4040.9,12,1,4042.3,131,6,4042.4,42,1,4042.5,42,1,4042.6,1,1,4042.7,42,1
11483,2026-07-02 11:06:45+05:30,4042.0,1,4046.91,755678,137084.0,149673.0,4100.0,4110.0,4016.1,4092.6,23722300,4501.8,3683.4,4440.0,3288.1,4042.0,468,7,4041.5,1,1,4041.1,33,2,4041.0,640,7,4040.9,12,1,4042.3,131,6,4042.4,42,1,4042.5,42,1,4042.6,1,1,4042.7,42,1
11483,2026-07-02 11:06:46+05:30,4042.0,10,4046.91,755678,137084.0,149673.0,4100.0,4110.0,4016.1,4092.6,23722300,4501.8,3683.4,4440.0,3288.1,4042.0,468,7,4041.5,1,1,4041.1,33,2,4041.0,640,7,4040.9,12,1,4042.3,131,6,4042.4,42,1,4042.5,42,1,4042.6,1,1,4042.7,42,1
11483,2026-07-02 11:06:46+05:30,4042.0,1,4046.91,755703,137102.0,149568.0,4100.0,4110.0,4016.1,4092.6,23722300,4501.8,3683.4,4440.0,3288.1,4042.0,456,7,4041.5,1,1,4041.1,33,2,4041.0,640,7,4040.9,17,2,4042.3,83,4,4042.4,42,1,4042.5,42,1,4042.7,42,1,4043.0,160,5
11483,2026-07-02 11:06:47+05:30,4042.0,1,4046.91,755703,137102.0,149568.0,4100.0,4110.0,4016.1,4092.6,23722300,4501.8,3683.4,4440.0,3288.1,4042.0,456,7,4041.5,1,1,4041.1,33,2,4041.0,640,7,4040.9,17,2,4042.3,83,4,4042.4,42,1,4042.5,42,1,4042.7,42,1,4043.0,160,5
11483,2026-07-02 11:06:47+05:30,4042.0,5,4046.91,755709,137113.0,149585.0,4100.0,4110.0,4016.1,4092.6,23722300,4501.8,3683.4,4440.0,3288.1,4042.0,450,7,4041.5,1,1,4041.1,33,2,4041.0,640,7,4040.9,17,2,4042.3,83,4,4042.4,42,1,4042.5,42,1,4042.7,42,1,4043.0,160,5
11483,2026-07-02 11:06:48+05:30,4042.0,5,4046.91,755709,137113.0,149585.0,4100.0,4110.0,4016.1,4092.6,23722300,4501.8,3683.4,4440.0,3288.1,4042.0,450,7,4041.5,1,1,4041.1,33,2,4041.0,640,7,4040.9,17,2,4042.3,83,4,4042.4,42,1,4042.5,42,1,4042.7,42,1,4043.0,160,5
11483,2026-07-02 11:06:48+05:30,4042.0,1,4046.91,755711,137080.0,149579.0,4100.0,4110.0,4016.1,4092.6,23722300,4501.8,3683.4,4440.0,3288.1,4042.0,448,7,4041.5,1,1,4041.1,33,2,4041.0,640,7,4040.9,17,2,4042.3,82,3,4042.4,42,1,4042.5,42,1,4042.7,42,1,4043.0,160,5
11483,2026-07-02 11:06:49+05:30,4042.0,20,4046.91,755711,137080.0,149579.0,4100.0,4110.0,4016.1,4092.6,23722300,4501.8,3683.4,4440.0,3288.1,4042.0,448,7,4041.5,1,1,4041.1,33,2,4041.0,640,7,4040.9,17,2,4042.3,82,3,4042.4,42,1,4042.5,42,1,4042.7,42,1,4043.0,160,5
11483,2026-07-02 11:06:49+05:30,4042.0,1,4046.91,755732,137088.0,149405.0,4100.0,4110.0,4016.1,4092.6,23722300,4501.8,3683.4,4440.0,3288.1,4042.0,444,8,4041.5,16,2,4041.4,38,2,4041.2,19,1,4041.1,33,2,4042.3,8,1,4043.0,146,3,4043.1,3,1,4043.3,4,1,4043.4,30,2
11483,2026-07-02 11:06:50+05:30,4042.0,1,4046.91,755732,137088.0,149405.0,4100.0,4110.0,4016.1,4092.6,23722300,4501.8,3683.4,4440.0,3288.1,4042.0,444,8,4041.5,16,2,4041.4,38,2,4041.2,19,1,4041.1,33,2,4042.3,8,1,4043.0,146,3,4043.1,3,1,4043.3,4,1,4043.4,30,2
11483,2026-07-02 11:06:50+05:30,4042.0,1,4046.91,755733,137096.0,149544.0,4100.0,4110.0,4016.1,4092.6,23722300,4501.8,3683.4,4440.0,3288.1,4042.0,426,7,4041.5,1,1,4041.4,38,2,4041.2,39,2,4041.1,33,2,4042.3,8,1,4043.0,146,3,4043.1,3,1,4043.3,4,1,4043.4,30,2
11483,2026-07-02 11:06:51+05:30,4042.0,1,4046.91,755733,137096.0,149544.0,4100.0,4110.0,4016.1,4092.6,23722300,4501.8,3683.4,4440.0,3288.1,4042.0,426,7,4041.5,1,1,4041.4,38,2,4041.2,39,2,4041.1,33,2,4042.3,8,1,4043.0,146,3,4043.1,3,1,4043.3,4,1,4043.4,30,2
11483,2026-07-02 11:06:51+05:30,4043.0,82,4046.91,755934,137376.0,148886.0,4100.0,4110.0,4016.1,4092.6,23722300,4501.8,3683.4,4440.0,3288.1,4042.0,425,7,4041.9,21,1,4041.7,11,1,4041.6,8,1,4041.5,13,2,4043.1,3,1,4043.3,4,1,4043.4,19,2,4043.5,60,2,4043.6,18,2
11483,2026-07-02 11:06:52+05:30,4042.0,336,4046.91,755934,137376.0,148886.0,4100.0,4110.0,4016.1,4092.6,23722300,4501.8,3683.4,4440.0,3288.1,4042.0,425,7,4041.9,21,1,4041.7,11,1,4041.6,8,1,4041.5,13,2,4043.1,3,1,4043.3,4,1,4043.4,19,2,4043.5,60,2,4043.6,18,2
11483,2026-07-02 11:06:52+05:30,4042.0,29,4046.9,756796,137469.0,148455.0,4100.0,4110.0,4016.1,4092.6,23722300,4501.8,3683.4,4440.0,3288.1,4042.1,55,3,4042.0,304,4,4041.8,15,1,4041.6,64,2,4041.5,41,3,4043.1,2,1,4043.3,4,1,4043.6,39,2,4043.8,12,1,4043.9,15,1
11483,2026-07-02 11:06:53+05:30,4042.1,3,4046.9,756796,137469.0,148455.0,4100.0,4110.0,4016.1,4092.6,23722300,4501.8,3683.4,4440.0,3288.1,4042.1,55,3,4042.0,304,4,4041.8,15,1,4041.6,64,2,4041.5,41,3,4043.1,2,1,4043.3,4,1,4043.6,39,2,4043.8,12,1,4043.9,15,1
11483,2026-07-02 11:06:53+05:30,4042.1,1,4046.9,756825,137418.0,148474.0,4100.0,4110.0,4016.1,4092.6,23722300,4501.8,3683.4,4440.0,3288.1,4042.1,26,2,4042.0,304,4,4041.9,22,1,4041.8,39,2,4041.6,64,2,4043.1,4,3,4043.3,4,1,4043.6,39,2,4043.8,12,1,4043.9,15,1
11483,2026-07-02 11:06:54+05:30,4043.1,1,4046.9,756825,137418.0,148474.0,4100.0,4110.0,4016.1,4092.6,23722300,4501.8,3683.4,4440.0,3288.1,4042.1,26,2,4042.0,304,4,4041.9,22,1,4041.8,39,2,4041.6,64,2,4043.1,4,3,4043.3,4,1,4043.6,39,2,4043.8,12,1,4043.9,15,1
11483,2026-07-02 11:06:54+05:30,4042.1,1,4046.9,756829,137571.0,148454.0,4100.0,4110.0,4016.1,4092.6,23722300,4501.8,3683.4,4440.0,3288.1,4042.1,25,2,4042.0,305,5,4041.8,15,1,4041.6,26,1,4041.5,41,3,4043.1,6,3,4043.3,4,1,4043.6,39,2,4043.8,12,1,4043.9,15,1
11483,2026-07-02 11:06:55+05:30,4042.1,1,4046.9,756829,137571.0,148454.0,4100.0,4110.0,4016.1,4092.6,23722300,4501.8,3683.4,4440.0,3288.1,4042.1,25,2,4042.0,305,5,4041.8,15,1,4041.6,26,1,4041.5,41,3,4043.1,6,3,4043.3,4,1,4043.6,39,2,4043.8,12,1,4043.9,15,1
11483,2026-07-02 11:06:55+05:30,4042.1,1,4046.9,756830,137646.0,148237.0,4100.0,4110.0,4016.1,4092.6,23722300,4501.8,3683.4,4440.0,3288.1,4042.2,51,3,4042.1,63,3,4042.0,305,5,4041.9,2,1,4041.8,15,1,4043.1,8,4,4043.3,4,1,4043.6,13,1,4044.0,82,6,4044.1,5,1
11483,2026-07-02 11:06:56+05:30,4042.1,1,4046.9,756830,137646.0,148237.0,4100.0,4110.0,4016.1,4092.6,23722300,4501.8,3683.4,4440.0,3288.1,4042.2,51,3,4042.1,63,3,4042.0,305,5,4041.9,2,1,4041.8,15,1,4043.1,8,4,4043.3,4,1,4043.6,13,1,4044.0,82,6,4044.1,5,1
11483,2026-07-02 11:06:56+05:30,4042.2,1,4046.9,756832,137572.0,148214.0,4100.0,4110.0,4016.1,4092.6,23722300,4501.8,3683.4,4440.0,3288.1,4042.2,23,2,4042.1,60,2,4042.0,305,5,4041.9,2,1,4041.8,15,1,4043.1,7,3,4043.3,4,1,4043.6,13,1,4043.9,8,1,4044.0,82,6
11483,2026-07-02 11:06:57+05:30,4042.2,1,4046.9,756832,137572.0,148214.0,4100.0,4110.0,4016.1,4092.6,23722300,4501.8,3683.4,4440.0,3288.1,4042.2,23,2,4042.1,60,2,4042.0,305,5,4041.9,2,1,4041.8,15,1,4043.1,7,3,4043.3,4,1,4043.6,13,1,4043.9,8,1,4044.0,82,6
11483,2026-07-02 11:06:57+05:30,4042.2,1,4046.9,756833,137579.0,148220.0,4100.0,4110.0,4016.1,4092.6,23722300,4501.8,3683.4,4440.0,3288.1,4042.2,22,2,4042.1,60,2,4042.0,309,6,4041.9,2,1,4041.8,15,1,4043.1,7,3,4043.3,4,1,4043.6,13,1,4043.9,8,1,4044.0,82,6
11483,2026-07-02 11:06:58+05:30,4042.2,1,4046.9,756833,137579.0,148220.0,4100.0,4110.0,4016.1,4092.6,23722300,4501.8,3683.4,4440.0,3288.1,4042.2,22,2,4042.1,60,2,4042.0,309,6,4041.9,2,1,4041.8,15,1,4043.1,7,3,4043.3,4,1,4043.6,13,1,4043.9,8,1,4044.0,82,6
11483,2026-07-02 11:06:58+05:30,4042.2,1,4046.9,756835,137515.0,148352.0,4100.0,4110.0,4016.1,4092.6,23722300,4501.8,3683.4,4440.0,3288.1,4042.2,20,2,4042.1,12,1,4042.0,309,6,4041.9,2,1,4041.8,15,1,4043.1,6,2,4043.3,4,1,4043.6,13,1,4043.7,43,1,4043.8,38,1
11483,2026-07-02 11:06:59+05:30,4042.2,4,4046.9,756835,137515.0,148352.0,4100.0,4110.0,4016.1,4092.6,23722300,4501.8,3683.4,4440.0,3288.1,4042.2,20,2,4042.1,12,1,4042.0,309,6,4041.9,2,1,4041.8,15,1,4043.1,6,2,4043.3,4,1,4043.6,13,1,4043.7,43,1,4043.8,38,1
11483,2026-07-02 11:06:59+05:30,4042.2,1,4046.9,756847,137633.0,148297.0,4100.0,4110.0,4016.1,4092.6,23722300,4501.8,3683.4,4440.0,3288.1,4042.2,15,2,4042.1,12,1,4042.0,309,6,4041.9,2,1,4041.8,15,1,4043.3,3,1,4043.5,33,2,4043.6,35,2,4043.7,50,2,4044.0,84,7
11483,2026-07-02 11:07:00+05:30,4042.2,1,4046.9,756847,137633.0,148297.0,4100.0,4110.0,4016.1,4092.6,23722300,4501.8,3683.4,4440.0,3288.1,4042.2,15,2,4042.1,12,1,4042.0,309,6,4041.9,2,1,4041.8,15,1,4043.3,3,1,4043.5,33,2,4043.6,35,2,4043.7,50,2,4044.0,84,7
11483,2026-07-02 11:07:00+05:30,4042.2,1,4046.9,756849,137636.0,148333.0,4100.0,4110.0,4016.1,4092.6,23722300,4501.8,3683.4,4440.0,3288.1,4042.2,14,2,4042.1,12,1,4042.0,310,7,4041.9,2,1,4041.8,15,1,4043.3,3,2,4043.6,57,3,4043.7,50,2,4043.9,43,1,4044.0,84,7
11483,2026-07-02 11:07:01+05:30,4042.2,1,4046.9,756849,137636.0,148333.0,4100.0,4110.0,4016.1,4092.6,23722300,4501.8,3683.4,4440.0,3288.1,4042.2,14,2,4042.1,12,1,4042.0,310,7,4041.9,2,1,4041.8,15,1,4043.3,3,2,4043.6,57,3,4043.7,50,2,4043.9,43,1,4044.0,84,7
11483,2026-07-02 11:07:01+05:30,4042.1,1,4046.9,756865,137177.0,148217.0,4100.0,4110.0,4016.1,4092.6,23722300,4501.8,3683.4,4440.0,3288.1,4042.1,24,1,4042.0,327,8,4041.9,2,1,4041.8,15,1,4041.6,26,1,4043.0,2,1,4043.3,3,2,4043.6,13,1,4043.9,43,1,4044.0,126,8
11483,2026-07-02 11:07:02+05:30,4042.1,1,4046.9,756865,137177.0,148217.0,4100.0,4110.0,4016.1,4092.6,23722300,4501.8,3683.4,4440.0,3288.1,4042.1,24,1,4042.0,327,8,4041.9,2,1,4041.8,15,1,4041.6,26,1,4043.0,2,1,4043.3,3,2,4043.6,13,1,4043.9,43,1,4044.0,126,8
11483,2026-07-02 11:07:02+05:30,4043.3,2,4046.9,756898,137418.0,148230.0,4100.0,4110.0,4016.1,4092.6,23722300,4501.8,3683.4,4440.0,3288.1,4043.3,27,2,4043.2,7,1,4042.9,12,1,4042.7,16,1,4042.6,17,1,4043.6,13,1,4044.3,27,2,4044.4,16,2,4044.5,13,2,4044.6,52,3
11483,2026-07-02 11:07:03+05:30,4043.3,2,4046.9,756898,137418.0,148230.0,4100.0,4110.0,4016.1,4092.6,23722300,4501.8,3683.4,4440.0,3288.1,4043.3,27,2,4043.2,7,1,4042.9,12,1,4042.7,16,1,4042.6,17,1,4043.6,13,1,4044.3,27,2,4044.4,16,2,4044.5,13,2,4044.6,52,3
11483,2026-07-02 11:07:03+05:30,4043.6,9,4046.9,756908,137630.0,148274.0,4100.0,4110.0,4016.1,4092.6,23722300,4501.8,3683.4,4440.0,3288.1,4043.3,26,2,4042.3,11,2,4042.1,15,2,4042.0,310,7,4041.9,32,2,4043.6,34,5,4043.8,8,1,4043.9,2,1,4044.0,34,3,4044.1,13,1
11483,2026-07-02 11:07:04+05:30,4043.6,9,4046.9,756908,137630.0,148274.0,4100.0,4110.0,4016.1,4092.6,23722300,4501.8,3683.4,4440.0,3288.1,4043.3,26,2,4042.3,11,2,4042.1,15,2,4042.0,310,7,4041.9,32,2,4043.6,34,5,4043.8,8,1,4043.9,2,1,4044.0,34,3,4044.1,13,1
11483,2026-07-02 11:07:04+05:30,4043.4,10,4046.9,756923,137621.0,148339.0,4100.0,4110.0,4016.1,4092.6,23722300,4501.8,3683.4,4440.0,3288.1,4043.4,2,1,4043.3,26,2,4042.3,11,2,4042.1,15,2,4042.0,306,6,4043.6,45,5,4044.0,25,3,4044.1,13,1,4044.2,53,2,4044.3,40,4
11483,2026-07-02 11:07:05+05:30,4043.6,2,4046.9,756923,137621.0,148339.0,4100.0,4110.0,4016.1,4092.6,23722300,4501.8,3683.4,4440.0,3288.1,4043.4,2,1,4043.3,26,2,4042.3,11,2,4042.1,15,2,4042.0,306,6,4043.6,45,5,4044.0,25,3,4044.1,13,1,4044.2,53,2,4044.3,40,4
11483,2026-07-02 11:07:05+05:30,4043.6,3,4046.9,756947,137620.0,148328.0,4100.0,4110.0,4016.1,4092.6,23722300,4501.8,3683.4,4440.0,3288.1,4043.4,1,1,4043.3,26,2,4042.3,11,2,4042.1,15,2,4042.0,306,6,4043.6,22,2,4043.9,2,1,4044.0,23,2,4044.1,13,1,4044.2,53,2
11483,2026-07-02 11:07:06+05:30,4043.6,7,4046.9,756947,137620.0,148328.0,4100.0,4110.0,4016.1,4092.6,23722300,4501.8,3683.4,4440.0,3288.1,4043.4,1,1,4043.3,26,2,4042.3,11,2,4042.1,15,2,4042.0,306,6,4043.6,22,2,4043.9,2,1,4044.0,23,2,4044.1,13,1,4044.2,53,2
11483,2026-07-02 11:07:06+05:30,4043.4,1,4046.9,756955,137616.0,148360.0,4100.0,4110.0,4016.1,4092.6,23722300,4501.8,3683.4,4440.0,3288.1,4043.4,2,1,4043.3,26,2,4042.3,8,1,4042.1,15,2,4042.0,306,6,4043.6,45,4,4043.8,6,1,4043.9,2,1,4044.0,33,3,4044.1,13,1
11483,2026-07-02 11:07:07+05:30,4043.6,5,4046.9,756955,137616.0,148360.0,4100.0,4110.0,4016.1,4092.6,23722300,4501.8,3683.4,4440.0,3288.1,4043.4,2,1,4043.3,26,2,4042.3,8,1,4042.1,15,2,4042.0,306,6,4043.6,45,4,4043.8,6,1,4043.9,2,1,4044.0,33,3,4044.1,13,1
11483,2026-07-02 11:07:07+05:30,4043.3,1,4046.9,756981,137613.0,148380.0,4100.0,4110.0,4016.1,4092.6,23722300,4501.8,3683.4,4440.0,3288.1,4043.3,25,2,4042.3,8,1,4042.1,15,2,4042.0,306,6,4041.9,32,2,4043.6,35,3,4043.9,2,1,4044.0,33,3,4044.1,13,1,4044.2,52,2
11483,2026-07-02 11:07:08+05:30,4043.3,1,4046.9,756981,137613.0,148380.0,4100.0,4110.0,4016.1,4092.6,23722300,4501.8,3683.4,4440.0,3288.1,4043.3,25,2,4042.3,8,1,4042.1,15,2,4042.0,306,6,4041.9,32,2,4043.6,35,3,4043.9,2,1,4044.0,33,3,4044.1,13,1,4044.2,52,2
11483,2026-07-02 11:07:08+05:30,4043.3,1,4046.9,756982,137691.0,148372.0,4100.0,4110.0,4016.1,4092.6,23722300,4501.8,3683.4,4440.0,3288.1,4043.3,24,2,4043.0,40,1,4042.3,8,1,4042.1,15,2,4042.0,289,5,4043.6,41,5,4043.7,13,3,4043.9,2,1,4044.0,33,3,4044.1,13,1
11483,2026-07-02 11:07:09+05:30,4043.6,1,4046.9,756982,137691.0,148372.0,4100.0,4110.0,4016.1,4092.6,23722300,4501.8,3683.4,4440.0,3288.1,4043.3,24,2,4043.0,40,1,4042.3,8,1,4042.1,15,2,4042.0,289,5,4043.6,41,5,4043.7,13,3,4043.9,2,1,4044.0,33,3,4044.1,13,1
11483,2026-07-02 11:07:09+05:30,4043.3,1,4046.9,756984,138170.0,148469.0,4100.0,4110.0,4016.1,4092.6,23722300,4501.8,3683.4,4440.0,3288.1,4043.3,23,2,4043.0,40,1,4042.3,8,1,4042.1,12,1,4042.0,289,5,4043.6,35,4,4043.7,7,2,4043.8,8,1,4043.9,11,2,4044.0,33,3
11483,2026-07-02 11:07:10+05:30,4043.3,1,4046.9,756984,138170.0,148469.0,4100.0,4110.0,4016.1,4092.6,23722300,4501.8,3683.4,4440.0,3288.1,4043.3,23,2,4043.0,40,1,4042.3,8,1,4042.1,12,1,4042.0,289,5,4043.6,35,4,4043.7,7,2,4043.8,8,1,4043.9,11,2,4044.0,33,3
11483,2026-07-02 11:07:10+05:30,4043.3,1,4046.9,756985,138169.0,148528.0,4100.0,4110.0,4016.1,4092.6,23722300,4501.8,3683.4,4440.0,3288.1,4043.3,22,2,4043.0,40,1,4042.3,8,1,4042.1,12,1,4042.0,289,5,4043.6,40,5,4043.7,13,3,4043.8,8,1,4043.9,11,2,4044.0,33,3
11483,2026-07-02 11:07:11+05:30,4043.3,1,4046.9,756985,138169.0,148528.0,4100.0,4110.0,4016.1,4092.6,23722300,4501.8,3683.4,4440.0,3288.1,4043.3,22,2,4043.0,40,1,4042.3,8,1,4042.1,12,1,4042.0,289,5,4043.6,40,5,4043.7,13,3,4043.8,8,1,4043.9,11,2,4044.0,33,3
11483,2026-07-02 11:07:11+05:30,4042.0,84,4046.9,757511,137614.0,148467.0,4100.0,4110.0,4016.1,4092.6,23722300,4501.8,3683.4,4440.0,3288.1,4042.0,205,5,4041.9,2,1,4041.6,50,2,4041.5,13,2,4041.4,30,1,4043.5,40,4,4043.6,26,3,4043.7,65,5,4043.8,25,2,4043.9,17,2
11483,2026-07-02 11:07:12+05:30,4043.3,4,4046.9,757511,137614.0,148467.0,4100.0,4110.0,4016.1,4092.6,23722300,4501.8,3683.4,4440.0,3288.1,4042.0,205,5,4041.9,2,1,4041.6,50,2,4041.5,13,2,4041.4,30,1,4043.5,40,4,4043.6,26,3,4043.7,65,5,4043.8,25,2,4043.9,17,2
11483,2026-07-02 11:07:12+05:30,4042.0,1,4046.9,757516,137623.0,148377.0,4100.0,4110.0,4016.1,4092.6,23722300,4501.8,3683.4,4440.0,3288.1,4042.0,204,5,4041.9,2,1,4041.5,23,2,4041.3,2,1,4041.2,55,3,4043.4,31,2,4043.5,64,5,4043.6,39,2,4043.7,39,5,4043.8,8,1
11483,2026-07-02 11:07:13+05:30,4042.0,1,4046.9,757516,137623.0,148377.0,4100.0,4110.0,4016.1,4092.6,23722300,4501.8,3683.4,4440.0,3288.1,4042.0,204,5,4041.9,2,1,4041.5,23,2,4041.3,2,1,4041.2,55,3,4043.4,31,2,4043.5,64,5,4043.6,39,2,4043.7,39,5,4043.8,8,1
11483,2026-07-02 11:07:13+05:30,4043.4,4,4046.9,757522,137675.0,148410.0,4100.0,4110.0,4016.1,4092.6,23722300,4501.8,3683.4,4440.0,3288.1,4042.0,203,5,4041.9,2,1,4041.5,23,2,4041.3,2,1,4041.2,76,4,4043.4,29,4,4043.5,64,5,4043.6,39,2,4043.7,39,5,4043.8,8,1
11483,2026-07-02 11:07:14+05:30,4042.0,4,4046.9,757522,137675.0,148410.0,4100.0,4110.0,4016.1,4092.6,23722300,4501.8,3683.4,4440.0,3288.1,4042.0,203,5,4041.9,2,1,4041.5,23,2,4041.3,2,1,4041.2,76,4,4043.4,29,4,4043.5,64,5,4043.6,39,2,4043.7,39,5,4043.8,8,1
11483,2026-07-02 11:07:14+05:30,4042.0,1,4046.9,757528,137633.0,148625.0,4100.0,4110.0,4016.1,4092.6,23722300,4501.8,3683.4,4440.0,3288.1,4042.0,198,5,4041.9,2,1,4041.5,1,1,4041.3,2,1,4041.2,55,3,4043.2,10,1,4043.3,39,3,4043.4,105,4,4043.5,69,6,4043.6,15,1
11483,2026-07-02 11:07:15+05:30,4042.0,1,4046.9,757528,137633.0,148625.0,4100.0,4110.0,4016.1,4092.6,23722300,4501.8,3683.4,4440.0,3288.1,4042.0,198,5,4041.9,2,1,4041.5,1,1,4041.3,2,1,4041.2,55,3,4043.2,10,1,4043.3,39,3,4043.4,105,4,4043.5,69,6,4043.6,15,1
11483,2026-07-02 11:07:15+05:30,4043.2,1,4046.9,757529,137831.0,148572.0,4100.0,4110.0,4016.1,4092.6,23722300,4501.8,3683.4,4440.0,3288.1,4042.5,2,2,4042.0,198,5,4041.9,2,1,4041.5,13,2,4041.4,6,1,4043.3,28,2,4043.4,81,3,4043.5,22,3,4043.6,17,2,4043.7,37,4
11483,2026-07-02 11:07:16+05:30,4042.0,5,4046.9,757529,137831.0,148572.0,4100.0,4110.0,4016.1,4092.6,23722300,4501.8,3683.4,4440.0,3288.1,4042.5,2,2,4042.0,198,5,4041.9,2,1,4041.5,13,2,4041.4,6,1,4043.3,28,2,4043.4,81,3,4043.5,22,3,4043.6,17,2,4043.7,37,4
11483,2026-07-02 11:07:16+05:30,4043.3,1,4046.9,757540,137823.0,148576.0,4100.0,4110.0,4016.1,4092.6,23722300,4501.8,3683.4,4440.0,3288.1,4042.0,193,5,4041.9,2,1,4041.5,13,2,4041.4,6,1,4041.3,24,2,4043.3,32,3,4043.4,76,2,4043.5,21,2,4043.6,44,3,4043.7,37,4
11483,2026-07-02 11:07:17+05:30,4043.3,1,4046.9,757540,137823.0,148576.0,4100.0,4110.0,4016.1,4092.6,23722300,4501.8,3683.4,4440.0,3288.1,4042.0,193,5,4041.9,2,1,4041.5,13,2,4041.4,6,1,4041.3,24,2,4043.3,32,3,4043.4,76,2,4043.5,21,2,4043.6,44,3,4043.7,37,4
11483,2026-07-02 11:07:17+05:30,4043.3,1,4046.9,757541,139582.0,148615.0,4100.0,4110.0,4016.1,4092.6,23722300,4501.8,3683.4,4440.0,3288.1,4042.0,198,6,4041.9,2,1,4041.5,1,1,4041.3,24,2,4041.2,55,3,4043.3,131,4,4043.4,76,2,4043.5,58,3,4043.6,45,3,4043.7,37,4
11483,2026-07-02 11:07:18+05:30,4043.3,1,4046.9,757541,139582.0,148615.0,4100.0,4110.0,4016.1,4092.6,23722300,4501.8,3683.4,4440.0,3288.1,4042.0,198,6,4041.9,2,1,4041.5,1,1,4041.3,24,2,4041.2,55,3,4043.3,131,4,4043.4,76,2,4043.5,58,3,4043.6,45,3,4043.7,37,4
11483,2026-07-02 11:07:18+05:30,4043.3,1,4046.9,757545,139559.0,148595.0,4100.0,4110.0,4016.1,4092.6,23722300,4501.8,3683.4,4440.0,3288.1,4042.0,196,6,4041.9,2,1,4041.5,1,1,4041.4,6,1,4041.3,24,2,4043.3,129,4,4043.4,75,1,4043.5,49,3,4043.6,43,2,4043.7,37,4
11483,2026-07-02 11:07:19+05:30,4043.3,1,4046.9,757545,139559.0,148595.0,4100.0,4110.0,4016.1,4092.6,23722300,4501.8,3683.4,4440.0,3288.1,4042.0,196,6,4041.9,2,1,4041.5,1,1,4041.4,6,1,4041.3,24,2,4043.3,129,4,4043.4,75,1,4043.5,49,3,4043.6,43,2,4043.7,37,4
11483,2026-07-02 11:07:20+05:30,4043.3,1,4046.9,757545,139559.0,148595.0,4100.0,4110.0,4016.1,4092.6,23722300,4501.8,3683.4,4440.0,3288.1,4042.0,196,6,4041.9,2,1,4041.5,1,1,4041.4,6,1,4041.3,24,2,4043.3,129,4,4043.4,75,1,4043.5,49,3,4043.6,43,2,4043.7,37,4
11483,2026-07-02 11:07:23+05:30,4042.7,1,4046.9,757545,139559.0,148595.0,4100.0,4110.0,4016.1,4092.6,23722300,4501.8,3683.4,4440.0,3288.1,4042.0,196,6,4041.9,2,1,4041.5,1,1,4041.4,6,1,4041.3,24,2,4043.3,129,4,4043.4,75,1,4043.5,49,3,4043.6,43,2,4043.7,37,4
11483,2026-07-02 11:07:23+05:30,4042.7,1,4046.9,757656,139835.0,148991.0,4100.0,4110.0,4016.1,4092.6,23722300,4501.8,3683.4,4440.0,3288.1,4042.3,1,1,4042.0,599,7,4041.9,2,1,4041.5,1,1,4041.3,22,1,4042.7,2,2,4042.9,12,1,4043.3,121,3,4043.4,87,2,4043.6,20,2
11483,2026-07-02 11:07:26+05:30,4042.4,7,4046.9,757656,139835.0,148991.0,4100.0,4110.0,4016.1,4092.6,23722300,4501.8,3683.4,4440.0,3288.1,4042.3,1,1,4042.0,599,7,4041.9,2,1,4041.5,1,1,4041.3,22,1,4042.7,2,2,4042.9,12,1,4043.3,121,3,4043.4,87,2,4043.6,20,2
11483,2026-07-02 11:07:28+05:30,4042.7,2,4046.9,757938,139489.0,149254.0,4100.0,4110.0,4016.1,4092.6,23722300,4501.8,3683.4,4440.0,3288.1,4042.0,539,7,4041.9,2,1,4041.5,1,1,4041.3,21,1,4041.2,55,3,4042.7,44,2,4042.8,42,1,4042.9,40,1,4043.0,15,1,4043.3,100,1
11483,2026-07-02 11:07:29+05:30,4042.0,5,4046.9,757938,139489.0,149254.0,4100.0,4110.0,4016.1,4092.6,23722300,4501.8,3683.4,4440.0,3288.1,4042.0,539,7,4041.9,2,1,4041.5,1,1,4041.3,21,1,4041.2,55,3,4042.7,44,2,4042.8,42,1,4042.9,40,1,4043.0,15,1,4043.3,100,1
11483,2026-07-02 11:07:31+05:30,4042.0,5,4046.9,757938,139489.0,149254.0,4100.0,4110.0,4016.1,4092.6,23722300,4501.8,3683.4,4440.0,3288.1,4042.0,539,7,4041.9,2,1,4041.5,1,1,4041.3,21,1,4041.2,55,3,4042.7,44,2,4042.8,42,1,4042.9,40,1,4043.0,15,1,4043.3,100,1
11483,2026-07-02 11:07:32+05:30,4042.7,1,4046.9,757938,139489.0,149254.0,4100.0,4110.0,4016.1,4092.6,23722300,4501.8,3683.4,4440.0,3288.1,4042.0,539,7,4041.9,2,1,4041.5,1,1,4041.3,21,1,4041.2,55,3,4042.7,44,2,4042.8,42,1,4042.9,40,1,4043.0,15,1,4043.3,100,1
11483,2026-07-02 11:07:32+05:30,4042.7,1,4046.9,757938,139489.0,149254.0,4100.0,4110.0,4016.1,4092.6,23722300,4501.8,3683.4,4440.0,3288.1,4042.0,539,7,4041.9,2,1,4041.5,1,1,4041.3,21,1,4041.2,55,3,4042.7,44,2,4042.8,42,1,4042.9,40,1,4043.0,15,1,4043.3,100,1
11483,2026-07-02 11:07:33+05:30,4042.7,1,4046.9,757938,139489.0,149254.0,4100.0,4110.0,4016.1,4092.6,23722300,4501.8,3683.4,4440.0,3288.1,4042.0,539,7,4041.9,2,1,4041.5,1,1,4041.3,21,1,4041.2,55,3,4042.7,44,2,4042.8,42,1,4042.9,40,1,4043.0,15,1,4043.3,100,1
11483,2026-07-02 11:07:34+05:30,4043.0,1,4046.9,758208,140174.0,148764.0,4100.0,4110.0,4016.1,4092.6,23722300,4501.8,3683.4,4440.0,3288.1,4042.9,77,1,4042.5,43,2,4042.4,43,2,4042.3,42,1,4042.1,74,3,4043.0,32,2,4043.6,15,1,4043.7,24,2,4043.8,8,1,4043.9,9,1
11483,2026-07-02 11:07:34+05:30,4043.0,1,4046.9,758208,140174.0,148764.0,4100.0,4110.0,4016.1,4092.6,23722300,4501.8,3683.4,4440.0,3288.1,4042.9,77,1,4042.5,43,2,4042.4,43,2,4042.3,42,1,4042.1,74,3,4043.0,32,2,4043.6,15,1,4043.7,24,2,4043.8,8,1,4043.9,9,1
11483,2026-07-02 11:07:35+05:30,4043.0,1,4046.9,758208,140174.0,148764.0,4100.0,4110.0,4016.1,4092.6,23724750,4501.8,3683.4,4440.0,3288.1,4042.9,77,1,4042.5,43,2,4042.4,43,2,4042.3,42,1,4042.1,74,3,4043.0,32,2,4043.6,15,1,4043.7,24,2,4043.8,8,1,4043.9,9,1
11483,2026-07-02 11:07:35+05:30,4043.9,1,4046.9,758208,140174.0,148764.0,4100.0,4110.0,4016.1,4092.6,23724750,4501.8,3683.4,4440.0,3288.1,4042.9,77,1,4042.5,43,2,4042.4,43,2,4042.3,42,1,4042.1,74,3,4043.0,32,2,4043.6,15,1,4043.7,24,2,4043.8,8,1,4043.9,9,1
11483,2026-07-02 11:07:35+05:30,4043.9,1,4046.9,758208,140174.0,148764.0,4100.0,4110.0,4016.1,4092.6,23724750,4501.8,3683.4,4440.0,3288.1,4042.9,77,1,4042.5,43,2,4042.4,43,2,4042.3,42,1,4042.1,74,3,4043.0,32,2,4043.6,15,1,4043.7,24,2,4043.8,8,1,4043.9,9,1
11483,2026-07-02 11:07:36+05:30,4043.9,1,4046.9,758208,140174.0,148764.0,4100.0,4110.0,4016.1,4092.6,23724750,4501.8,3683.4,4440.0,3288.1,4042.9,77,1,4042.5,43,2,4042.4,43,2,4042.3,42,1,4042.1,74,3,4043.0,32,2,4043.6,15,1,4043.7,24,2,4043.8,8,1,4043.9,9,1
11483,2026-07-02 11:07:38+05:30,4043.9,1,4046.9,758208,140174.0,148764.0,4100.0,4110.0,4016.1,4092.6,23724750,4501.8,3683.4,4440.0,3288.1,4042.9,77,1,4042.5,43,2,4042.4,43,2,4042.3,42,1,4042.1,74,3,4043.0,32,2,4043.6,15,1,4043.7,24,2,4043.8,8,1,4043.9,9,1
11483,2026-07-02 11:07:39+05:30,4044.2,2,4046.89,758487,140931.0,147920.0,4100.0,4110.0,4016.1,4092.6,23724750,4501.8,3683.4,4440.0,3288.1,4044.0,18,1,4043.9,41,1,4043.7,42,1,4043.5,77,2,4043.0,2,1,4044.2,38,4,4044.3,19,2,4044.5,29,1,4044.6,61,4,4044.7,36,3
11483,2026-07-02 11:07:41+05:30,4042.8,1,4046.89,758487,140931.0,147920.0,4100.0,4110.0,4016.1,4092.6,23724750,4501.8,3683.4,4440.0,3288.1,4044.0,18,1,4043.9,41,1,4043.7,42,1,4043.5,77,2,4043.0,2,1,4044.2,38,4,4044.3,19,2,4044.5,29,1,4044.6,61,4,4044.7,36,3
11483,2026-07-02 11:07:44+05:30,4043.7,1,4046.89,758487,140931.0,147920.0,4100.0,4110.0,4016.1,4092.6,23724750,4501.8,3683.4,4440.0,3288.1,4044.0,18,1,4043.9,41,1,4043.7,42,1,4043.5,77,2,4043.0,2,1,4044.2,38,4,4044.3,19,2,4044.5,29,1,4044.6,61,4,4044.7,36,3
11483,2026-07-02 11:07:44+05:30,4043.7,1,4046.89,758733,140738.0,147423.0,4100.0,4110.0,4016.1,4092.6,23724750,4501.8,3683.4,4440.0,3288.1,4042.9,20,1,4042.8,41,5,4042.7,22,1,4042.6,41,3,4042.5,33,3,4043.9,17,3,4044.2,1,1,4044.3,14,1,4044.7,55,3,4044.8,69,4
11483,2026-07-02 11:07:47+05:30,4043.3,1,4046.89,758733,140738.0,147423.0,4100.0,4110.0,4016.1,4092.6,23724750,4501.8,3683.4,4440.0,3288.1,4042.9,20,1,4042.8,41,5,4042.7,22,1,4042.6,41,3,4042.5,33,3,4043.9,17,3,4044.2,1,1,4044.3,14,1,4044.7,55,3,4044.8,69,4
11483,2026-07-02 11:07:50+05:30,4042.4,1,4046.89,759015,139999.0,147925.0,4100.0,4110.0,4016.1,4092.6,23724750,4501.8,3683.4,4440.0,3288.1,4042.4,36,1,4042.3,44,3,4042.2,58,2,4042.0,405,6,4041.9,62,3,4043.9,78,6,4044.0,57,4,4044.2,73,3,4044.3,65,5,4044.4,29,1
11483,2026-07-02 11:07:50+05:30,4042.4,1,4046.89,759015,139999.0,147925.0,4100.0,4110.0,4016.1,4092.6,23724750,4501.8,3683.4,4440.0,3288.1,4042.4,36,1,4042.3,44,3,4042.2,58,2,4042.0,405,6,4041.9,62,3,4043.9,78,6,4044.0,57,4,4044.2,73,3,4044.3,65,5,4044.4,29,1
11483,2026-07-02 11:07:53+05:30,4043.2,5,4046.89,759015,139999.0,147925.0,4100.0,4110.0,4016.1,4092.6,23724750,4501.8,3683.4,4440.0,3288.1,4042.4,36,1,4042.3,44,3,4042.2,58,2,4042.0,405,6,4041.9,62,3,4043.9,78,6,4044.0,57,4,4044.2,73,3,4044.3,65,5,4044.4,29,1
11483,2026-07-02 11:07:55+05:30,4043.9,9,4046.89,759161,140934.0,147174.0,4100.0,4110.0,4016.1,4092.6,23724750,4501.8,3683.4,4440.0,3288.1,4043.4,51,3,4043.3,60,4,4043.2,40,3,4043.1,17,2,4042.9,6,2,4044.7,70,6,4044.8,18,4,4044.9,61,2,4045.0,602,7,4045.1,26,1
11483,2026-07-02 11:07:56+05:30,4043.9,9,4046.89,759161,140934.0,147174.0,4100.0,4110.0,4016.1,4092.6,23724750,4501.8,3683.4,4440.0,3288.1,4043.4,51,3,4043.3,60,4,4043.2,40,3,4043.1,17,2,4042.9,6,2,4044.7,70,6,4044.8,18,4,4044.9,61,2,4045.0,602,7,4045.1,26,1
11483,2026-07-02 11:07:59+05:30,4043.0,1,4046.89,759161,140934.0,147174.0,4100.0,4110.0,4016.1,4092.6,23724750,4501.8,3683.4,4440.0,3288.1,4043.4,51,3,4043.3,60,4,4043.2,40,3,4043.1,17,2,4042.9,6,2,4044.7,70,6,4044.8,18,4,4044.9,61,2,4045.0,602,7,4045.1,26,1
11483,2026-07-02 11:08:00+05:30,4044.5,1,4046.89,759175,140994.0,148105.0,4100.0,4110.0,4016.1,4092.6,23724750,4501.8,3683.4,4440.0,3288.1,4043.0,58,4,4042.9,44,4,4042.7,49,3,4042.6,78,6,4042.5,81,6,4044.5,44,2,4044.6,6,1,4044.7,9,2,4044.8,53,4,4044.9,72,4
11483,2026-07-02 11:08:02+05:30,4043.8,1,4046.89,759175,140994.0,148105.0,4100.0,4110.0,4016.1,4092.6,23724750,4501.8,3683.4,4440.0,3288.1,4043.0,58,4,4042.9,44,4,4042.7,49,3,4042.6,78,6,4042.5,81,6,4044.5,44,2,4044.6,6,1,4044.7,9,2,4044.8,53,4,4044.9,72,4
11483,2026-07-02 11:08:05+05:30,4043.4,1,4046.89,759341,141629.0,147647.0,4100.0,4110.0,4016.1,4092.6,23724750,4501.8,3683.4,4440.0,3288.1,4043.4,29,2,4043.3,9,1,4043.2,52,4,4043.1,15,3,4043.0,33,2,4044.5,2,1,4044.9,13,1,4045.0,602,7,4045.1,2,1,4045.2,32,2
11483,2026-07-02 11:08:05+05:30,4043.4,1,4046.89,759341,141629.0,147647.0,4100.0,4110.0,4016.1,4092.6,23724750,4501.8,3683.4,4440.0,3288.1,4043.4,29,2,4043.3,9,1,4043.2,52,4,4043.1,15,3,4043.0,33,2,4044.5,2,1,4044.9,13,1,4045.0,602,7,4045.1,2,1,4045.2,32,2
11483,2026-07-02 11:08:08+05:30,4045.0,21,4046.89,759341,141629.0,147647.0,4100.0,4110.0,4016.1,4092.6,23724750,4501.8,3683.4,4440.0,3288.1,4043.4,29,2,4043.3,9,1,4043.2,52,4,4043.1,15,3,4043.0,33,2,4044.5,2,1,4044.9,13,1,4045.0,602,7,4045.1,2,1,4045.2,32,2
11483,2026-07-02 11:08:10+05:30,4045.0,1,4046.89,759471,141819.0,147215.0,4100.0,4110.0,4016.1,4092.6,23724750,4501.8,3683.4,4440.0,3288.1,4044.5,2,2,4043.5,79,2,4043.4,131,5,4043.3,57,2,4043.2,34,3,4045.0,513,4,4045.3,6,1,4045.4,30,3,4045.5,36,3,4045.7,29,1
11483,2026-07-02 11:08:11+05:30,4044.8,2,4046.89,759471,141819.0,147215.0,4100.0,4110.0,4016.1,4092.6,23724750,4501.8,3683.4,4440.0,3288.1,4044.5,2,2,4043.5,79,2,4043.4,131,5,4043.3,57,2,4043.2,34,3,4045.0,513,4,4045.3,6,1,4045.4,30,3,4045.5,36,3,4045.7,29,1
11483,2026-07-02 11:08:14+05:30,4044.9,4,4046.89,759471,141819.0,147215.0,4100.0,4110.0,4016.1,4092.6,23724750,4501.8,3683.4,4440.0,3288.1,4044.5,2,2,4043.5,79,2,4043.4,131,5,4043.3,57,2,4043.2,34,3,4045.0,513,4,4045.3,6,1,4045.4,30,3,4045.5,36,3,4045.7,29,1
11483,2026-07-02 11:08:15+05:30,4043.6,1,4046.89,759520,141459.0,148126.0,4100.0,4110.0,4016.1,4092.6,23724750,4501.8,3683.4,4440.0,3288.1,4043.1,11,1,4043.0,305,3,4042.9,34,3,4042.8,93,3,4042.6,88,6,4044.3,50,1,4044.4,42,1,4044.5,42,1,4044.6,65,2,4044.8,74,2
11483,2026-07-02 11:08:17+05:30,4043.7,1,4046.89,759520,141459.0,148126.0,4100.0,4110.0,4016.1,4092.6,23724750,4501.8,3683.4,4440.0,3288.1,4043.1,11,1,4043.0,305,3,4042.9,34,3,4042.8,93,3,4042.6,88,6,4044.3,50,1,4044.4,42,1,4044.5,42,1,4044.6,65,2,4044.8,74,2
11483,2026-07-02 11:08:20+05:30,4043.2,1,4046.89,759520,141459.0,148126.0,4100.0,4110.0,4016.1,4092.6,23724750,4501.8,3683.4,4440.0,3288.1,4043.1,11,1,4043.0,305,3,4042.9,34,3,4042.8,93,3,4042.6,88,6,4044.3,50,1,4044.4,42,1,4044.5,42,1,4044.6,65,2,4044.8,74,2
11483,2026-07-02 11:08:20+05:30,4044.2,15,4046.88,762743,141214.0,147910.0,4100.0,4110.0,4016.1,4092.6,23724750,4501.8,3683.4,4440.0,3288.1,4043.2,41,1,4043.0,25,3,4042.9,5,2,4042.7,40,2,4042.6,21,3,4044.2,62,2,4044.9,37,2,4045.0,77,5,4045.1,111,7,4045.2,78,5
11483,2026-07-02 11:08:21+05:30,4043.6,1,4046.88,762743,141214.0,147910.0,4100.0,4110.0,4016.1,4092.6,23724750,4501.8,3683.4,4440.0,3288.1,4043.2,41,1,4043.0,25,3,4042.9,5,2,4042.7,40,2,4042.6,21,3,4044.2,62,2,4044.9,37,2,4045.0,77,5,4045.1,111,7,4045.2,78,5
11483,2026-07-02 11:08:21+05:30,4043.6,1,4046.88,762827,141548.0,147538.0,4100.0,4110.0,4016.1,4092.6,23724750,4501.8,3683.4,4440.0,3288.1,4043.2,71,3,4043.1,20,1,4043.0,19,3,4042.9,17,3,4042.8,2,1,4043.8,1,1,4044.2,8,1,4044.5,5,1,4044.8,20,1,4044.9,73,2
11483,2026-07-02 11:08:22+05:30,4043.5,1,4046.88,762827,141548.0,147538.0,4100.0,4110.0,4016.1,4092.6,23724750,4501.8,3683.4,4440.0,3288.1,4043.2,71,3,4043.1,20,1,4043.0,19,3,4042.9,17,3,4042.8,2,1,4043.8,1,1,4044.2,8,1,4044.5,5,1,4044.8,20,1,4044.9,73,2
11483,2026-07-02 11:08:22+05:30,4043.5,1,4046.88,762831,141550.0,147556.0,4100.0,4110.0,4016.1,4092.6,23724750,4501.8,3683.4,4440.0,3288.1,4043.5,1,1,4043.2,84,4,4043.0,19,3,4042.9,17,3,4042.7,2,1,4043.8,1,1,4044.5,5,1,4044.7,20,1,4044.8,16,1,4044.9,73,2
11483,2026-07-02 11:08:23+05:30,4043.5,1,4046.88,762831,141550.0,147556.0,4100.0,4110.0,4016.1,4092.6,23724750,4501.8,3683.4,4440.0,3288.1,4043.5,1,1,4043.2,84,4,4043.0,19,3,4042.9,17,3,4042.7,2,1,4043.8,1,1,4044.5,5,1,4044.7,20,1,4044.8,16,1,4044.9,73,2
11483,2026-07-02 11:08:23+05:30,4043.5,1,4046.88,762832,141584.0,147560.0,4100.0,4110.0,4016.1,4092.6,23724750,4501.8,3683.4,4440.0,3288.1,4043.3,12,1,4043.2,107,6,4043.0,19,3,4042.9,17,3,4042.7,4,2,4043.8,5,3,4044.5,5,1,4044.7,20,1,4044.8,16,1,4044.9,73,2
11483,2026-07-02 11:08:24+05:30,4043.6,1,4046.88,762832,141584.0,147560.0,4100.0,4110.0,4016.1,4092.6,23724750,4501.8,3683.4,4440.0,3288.1,4043.3,12,1,4043.2,107,6,4043.0,19,3,4042.9,17,3,4042.7,4,2,4043.8,5,3,4044.5,5,1,4044.7,20,1,4044.8,16,1,4044.9,73,2
11483,2026-07-02 11:08:24+05:30,4043.6,1,4046.88,762835,141721.0,147547.0,4100.0,4110.0,4016.1,4092.6,23724750,4501.8,3683.4,4440.0,3288.1,4043.7,12,1,4043.6,3,1,4043.5,42,1,4043.4,42,1,4043.3,54,2,4043.8,7,4,4044.5,5,1,4044.7,20,1,4044.8,16,1,4044.9,17,1
11483,2026-07-02 11:08:25+05:30,4043.8,1,4046.88,762835,141721.0,147547.0,4100.0,4110.0,4016.1,4092.6,23724750,4501.8,3683.4,4440.0,3288.1,4043.7,12,1,4043.6,3,1,4043.5,42,1,4043.4,42,1,4043.3,54,2,4043.8,7,4,4044.5,5,1,4044.7,20,1,4044.8,16,1,4044.9,17,1
11483,2026-07-02 11:08:25+05:30,4043.8,1,4046.88,762851,142084.0,147233.0,4100.0,4110.0,4016.1,4092.6,23724750,4501.8,3683.4,4440.0,3288.1,4043.8,64,2,4043.7,42,1,4043.6,42,1,4043.5,54,2,4043.3,71,2,4044.5,1,1,4044.8,16,1,4044.9,17,1,4045.0,78,3,4045.2,51,3
11483,2026-07-02 11:08:26+05:30,4044.5,1,4046.88,762851,142084.0,147233.0,4100.0,4110.0,4016.1,4092.6,23724750,4501.8,3683.4,4440.0,3288.1,4043.8,64,2,4043.7,42,1,4043.6,42,1,4043.5,54,2,4043.3,71,2,4044.5,1,1,4044.8,16,1,4044.9,17,1,4045.0,78,3,4045.2,51,3
11483,2026-07-02 11:08:26+05:30,4044.5,1,4046.88,762857,142288.0,146767.0,4100.0,4110.0,4016.1,4092.6,23724750,4501.8,3683.4,4440.0,3288.1,4044.5,1,1,4043.8,63,2,4043.7,63,2,4043.6,42,1,4043.5,42,1,4045.0,58,2,4045.5,20,1,4045.7,47,1,4045.8,37,3,4045.9,65,4
11483,2026-07-02 11:08:27+05:30,4044.5,1,4046.88,762857,142288.0,146767.0,4100.0,4110.0,4016.1,4092.6,23724750,4501.8,3683.4,4440.0,3288.1,4044.5,1,1,4043.8,63,2,4043.7,63,2,4043.6,42,1,4043.5,42,1,4045.0,58,2,4045.5,20,1,4045.7,47,1,4045.8,37,3,4045.9,65,4
11483,2026-07-02 11:08:27+05:30,4044.5,1,4046.88,762858,142351.0,146811.0,4100.0,4110.0,4016.1,4092.6,23724750,4501.8,3683.4,4440.0,3288.1,4044.5,1,1,4044.1,42,1,4044.0,42,1,4043.9,42,1,4043.8,63,2,4045.0,59,3,4045.5,20,1,4045.7,47,1,4045.8,37,3,4045.9,65,4
11483,2026-07-02 11:08:28+05:30,4044.7,7,4046.88,762858,142351.0,146811.0,4100.0,4110.0,4016.1,4092.6,23724750,4501.8,3683.4,4440.0,3288.1,4044.5,1,1,4044.1,42,1,4044.0,42,1,4043.9,42,1,4043.8,63,2,4045.0,59,3,4045.5,20,1,4045.7,47,1,4045.8,37,3,4045.9,65,4
11483,2026-07-02 11:08:28+05:30,4044.7,7,4046.88,762867,142139.0,146846.0,4100.0,4110.0,4016.1,4092.6,23724750,4501.8,3683.4,4440.0,3288.1,4044.9,62,1,4044.7,34,1,4044.6,42,1,4044.5,43,2,4044.3,66,2,4045.0,58,3,4045.7,47,1,4045.8,24,2,4045.9,65,4,4046.0,57,4
11483,2026-07-02 11:08:29+05:30,4044.9,1,4046.88,762867,142139.0,146846.0,4100.0,4110.0,4016.1,4092.6,23724750,4501.8,3683.4,4440.0,3288.1,4044.9,62,1,4044.7,34,1,4044.6,42,1,4044.5,43,2,4044.3,66,2,4045.0,58,3,4045.7,47,1,4045.8,24,2,4045.9,65,4,4046.0,57,4
11483,2026-07-02 11:08:29+05:30,4044.9,1,4046.88,762882,142151.0,146773.0,4100.0,4110.0,4016.1,4092.6,23724750,4501.8,3683.4,4440.0,3288.1,4044.9,56,1,4044.8,42,1,4044.7,76,2,4044.5,43,2,4044.3,24,1,4045.0,49,3,4045.8,12,1,4045.9,65,4,4046.0,57,4,4046.1,50,3
11483,2026-07-02 11:08:30+05:30,4045.0,1,4046.88,762953,142354.0,146719.0,4100.0,4110.0,4016.1,4092.6,23724750,4501.8,3683.4,4440.0,3288.1,4044.9,56,1,4044.8,52,2,4044.7,76,2,4044.5,43,2,4044.1,24,1,4045.0,12,2,4045.6,12,1,4045.9,67,2,4046.0,47,4,4046.1,50,3
11483,2026-07-02 11:08:30+05:30,4045.0,1,4046.88,762953,142354.0,146719.0,4100.0,4110.0,4016.1,4092.6,23724750,4501.8,3683.4,4440.0,3288.1,4044.9,56,1,4044.8,52,2,4044.7,76,2,4044.5,43,2,4044.1,24,1,4045.0,12,2,4045.6,12,1,4045.9,67,2,4046.0,47,4,4046.1,50,3
11483,2026-07-02 11:08:31+05:30,4045.0,1,4046.88,762953,142354.0,146719.0,4100.0,4110.0,4016.1,4092.6,23724750,4501.8,3683.4,4440.0,3288.1,4044.9,56,1,4044.8,52,2,4044.7,76,2,4044.5,43,2,4044.1,24,1,4045.0,12,2,4045.6,12,1,4045.9,67,2,4046.0,47,4,4046.1,50,3
11483,2026-07-02 11:08:31+05:30,4045.0,1,4046.88,762965,142426.0,146787.0,4100.0,4110.0,4016.1,4092.6,23724750,4501.8,3683.4,4440.0,3288.1,4044.9,56,1,4044.8,52,2,4044.7,76,2,4044.5,42,1,4044.1,24,1,4045.0,37,2,4045.4,12,1,4045.8,28,2,4045.9,40,2,4046.0,47,4
11483,2026-07-02 11:08:31+05:30,4045.0,1,4046.88,762965,142426.0,146787.0,4100.0,4110.0,4016.1,4092.6,23724750,4501.8,3683.4,4440.0,3288.1,4044.9,56,1,4044.8,52,2,4044.7,76,2,4044.5,42,1,4044.1,24,1,4045.0,37,2,4045.4,12,1,4045.8,28,2,4045.9,40,2,4046.0,47,4
11483,2026-07-02 11:08:32+05:30,4045.0,1,4046.88,762965,142426.0,146787.0,4100.0,4110.0,4016.1,4092.6,23724750,4501.8,3683.4,4440.0,3288.1,4044.9,56,1,4044.8,52,2,4044.7,76,2,4044.5,42,1,4044.1,24,1,4045.0,37,2,4045.4,12,1,4045.8,28,2,4045.9,40,2,4046.0,47,4
11483,2026-07-02 11:08:32+05:30,4045.0,1,4046.88,762976,142415.0,146706.0,4100.0,4110.0,4016.1,4092.6,23724750,4501.8,3683.4,4440.0,3288.1,4044.9,57,2,4044.8,52,2,4044.7,76,2,4044.5,42,1,4044.1,24,1,4045.0,28,3,4045.1,12,1,4045.2,18,1,4045.5,12,1,4045.7,12,1
11483,2026-07-02 11:08:32+05:30,4045.0,1,4046.88,762976,142415.0,146706.0,4100.0,4110.0,4016.1,4092.6,23724750,4501.8,3683.4,4440.0,3288.1,4044.9,57,2,4044.8,52,2,4044.7,76,2,4044.5,42,1,4044.1,24,1,4045.0,28,3,4045.1,12,1,4045.2,18,1,4045.5,12,1,4045.7,12,1
11483,2026-07-02 11:08:33+05:30,4045.0,1,4046.88,762976,142415.0,146706.0,4100.0,4110.0,4016.1,4092.6,23724750,4501.8,3683.4,4440.0,3288.1,4044.9,57,2,4044.8,52,2,4044.7,76,2,4044.5,42,1,4044.1,24,1,4045.0,28,3,4045.1,12,1,4045.2,18,1,4045.5,12,1,4045.7,12,1
11483,2026-07-02 11:08:33+05:30,4045.0,1,4046.88,763057,142445.0,146807.0,4100.0,4110.0,4016.1,4092.6,23724750,4501.8,3683.4,4440.0,3288.1,4044.9,57,2,4044.8,42,1,4044.7,76,2,4044.5,42,1,4044.1,24,1,4045.0,67,4,4045.4,8,1,4045.5,12,1,4045.6,11,1,4045.7,3,1
11483,2026-07-02 11:08:33+05:30,4045.0,1,4046.88,763057,142445.0,146807.0,4100.0,4110.0,4016.1,4092.6,23724750,4501.8,3683.4,4440.0,3288.1,4044.9,57,2,4044.8,42,1,4044.7,76,2,4044.5,42,1,4044.1,24,1,4045.0,67,4,4045.4,8,1,4045.5,12,1,4045.6,11,1,4045.7,3,1
11483,2026-07-02 11:08:34+05:30,4045.0,1,4046.88,763057,142445.0,146807.0,4100.0,4110.0,4016.1,4092.6,23724750,4501.8,3683.4,4440.0,3288.1,4044.9,57,2,4044.8,42,1,4044.7,76,2,4044.5,42,1,4044.1,24,1,4045.0,67,4,4045.4,8,1,4045.5,12,1,4045.6,11,1,4045.7,3,1
11483,2026-07-02 11:08:34+05:30,4045.0,18,4046.88,763115,142174.0,147106.0,4100.0,4110.0,4016.1,4092.6,23724750,4501.8,3683.4,4440.0,3288.1,4044.9,18,2,4044.8,42,1,4044.7,76,2,4044.5,42,1,4043.8,23,1,4045.0,37,4,4045.2,12,1,4045.5,21,2,4045.7,3,1,4045.8,25,2
11483,2026-07-02 11:08:34+05:30,4045.0,18,4046.88,763115,142174.0,147106.0,4100.0,4110.0,4016.1,4092.6,23724750,4501.8,3683.4,4440.0,3288.1,4044.9,18,2,4044.8,42,1,4044.7,76,2,4044.5,42,1,4043.8,23,1,4045.0,37,4,4045.2,12,1,4045.5,21,2,4045.7,3,1,4045.8,25,2
11483,2026-07-02 11:08:35+05:30,4044.9,4,4046.88,763115,142174.0,147106.0,4100.0,4110.0,4016.1,4092.6,23724750,4501.8,3683.4,4440.0,3288.1,4044.9,18,2,4044.8,42,1,4044.7,76,2,4044.5,42,1,4043.8,23,1,4045.0,37,4,4045.2,12,1,4045.5,21,2,4045.7,3,1,4045.8,25,2
11483,2026-07-02 11:08:35+05:30,4044.9,4,4046.88,763115,142174.0,147106.0,4100.0,4110.0,4016.1,4092.6,23724750,4501.8,3683.4,4440.0,3288.1,4044.9,18,2,4044.8,42,1,4044.7,76,2,4044.5,42,1,4043.8,23,1,4045.0,37,4,4045.2,12,1,4045.5,21,2,4045.7,3,1,4045.8,25,2
11483,2026-07-02 11:08:35+05:30,4044.9,4,4046.88,763145,142301.0,147109.0,4100.0,4110.0,4016.1,4092.6,23724750,4501.8,3683.4,4440.0,3288.1,4044.9,14,2,4044.8,42,1,4044.7,76,2,4044.5,42,1,4043.8,23,1,4045.0,51,4,4045.5,9,1,4045.7,3,1,4045.8,25,2,4045.9,71,4
11483,2026-07-02 11:08:35+05:30,4044.9,4,4046.88,763145,142301.0,147109.0,4100.0,4110.0,4016.1,4092.6,23724750,4501.8,3683.4,4440.0,3288.1,4044.9,14,2,4044.8,42,1,4044.7,76,2,4044.5,42,1,4043.8,23,1,4045.0,51,4,4045.5,9,1,4045.7,3,1,4045.8,25,2,4045.9,71,4
11483,2026-07-02 11:08:35+05:30,4044.9,4,4046.88,763145,142301.0,147109.0,4100.0,4110.0,4016.1,4092.6,23727550,4501.8,3683.4,4440.0,3288.1,4044.9,14,2,4044.8,42,1,4044.7,76,2,4044.5,42,1,4043.8,23,1,4045.0,51,4,4045.5,9,1,4045.7,3,1,4045.8,25,2,4045.9,71,4
11483,2026-07-02 11:08:36+05:30,4045.0,1,4046.88,763145,142301.0,147109.0,4100.0,4110.0,4016.1,4092.6,23727550,4501.8,3683.4,4440.0,3288.1,4044.9,14,2,4044.8,42,1,4044.7,76,2,4044.5,42,1,4043.8,23,1,4045.0,51,4,4045.5,9,1,4045.7,3,1,4045.8,25,2,4045.9,71,4
11483,2026-07-02 11:08:36+05:30,4045.0,1,4046.88,763145,142301.0,147109.0,4100.0,4110.0,4016.1,4092.6,23727550,4501.8,3683.4,4440.0,3288.1,4044.9,14,2,4044.8,42,1,4044.7,76,2,4044.5,42,1,4043.8,23,1,4045.0,51,4,4045.5,9,1,4045.7,3,1,4045.8,25,2,4045.9,71,4
11483,2026-07-02 11:08:36+05:30,4045.0,1,4046.88,763148,142496.0,146695.0,4100.0,4110.0,4016.1,4092.6,23727550,4501.8,3683.4,4440.0,3288.1,4044.9,1,1,4044.0,33,1,4043.9,28,4,4043.8,2,1,4043.7,27,2,4045.0,40,2,4045.2,11,1,4045.5,11,1,4045.7,8,2,4045.9,28,2
11483,2026-07-02 11:08:36+05:30,4045.0,1,4046.88,763148,142496.0,146695.0,4100.0,4110.0,4016.1,4092.6,23727550,4501.8,3683.4,4440.0,3288.1,4044.9,1,1,4044.0,33,1,4043.9,28,4,4043.8,2,1,4043.7,27,2,4045.0,40,2,4045.2,11,1,4045.5,11,1,4045.7,8,2,4045.9,28,2
11483,2026-07-02 11:08:37+05:30,4045.0,1,4046.88,763148,142496.0,146695.0,4100.0,4110.0,4016.1,4092.6,23727550,4501.8,3683.4,4440.0,3288.1,4044.9,1,1,4044.0,33,1,4043.9,28,4,4043.8,2,1,4043.7,27,2,4045.0,40,2,4045.2,11,1,4045.5,11,1,4045.7,8,2,4045.9,28,2
11483,2026-07-02 11:08:37+05:30,4045.0,2,4046.88,763148,142496.0,146695.0,4100.0,4110.0,4016.1,4092.6,23727550,4501.8,3683.4,4440.0,3288.1,4044.9,1,1,4044.0,33,1,4043.9,28,4,4043.8,2,1,4043.7,27,2,4045.0,40,2,4045.2,11,1,4045.5,11,1,4045.7,8,2,4045.9,28,2
11483,2026-07-02 11:08:37+05:30,4045.0,2,4046.88,763152,142504.0,146595.0,4100.0,4110.0,4016.1,4092.6,23727550,4501.8,3683.4,4440.0,3288.1,4044.0,2,1,4043.9,20,2,4043.8,2,1,4043.7,2,1,4043.6,100,1,4045.0,48,3,4045.5,11,1,4045.6,5,1,4045.7,8,2,4045.8,12,1
11483,2026-07-02 11:08:37+05:30,4045.0,2,4046.88,763152,142504.0,146595.0,4100.0,4110.0,4016.1,4092.6,23727550,4501.8,3683.4,4440.0,3288.1,4044.0,2,1,4043.9,20,2,4043.8,2,1,4043.7,2,1,4043.6,100,1,4045.0,48,3,4045.5,11,1,4045.6,5,1,4045.7,8,2,4045.8,12,1
11483,2026-07-02 11:08:38+05:30,4045.0,1,4046.88,763152,142504.0,146595.0,4100.0,4110.0,4016.1,4092.6,23727550,4501.8,3683.4,4440.0,3288.1,4044.0,2,1,4043.9,20,2,4043.8,2,1,4043.7,2,1,4043.6,100,1,4045.0,48,3,4045.5,11,1,4045.6,5,1,4045.7,8,2,4045.8,12,1
11483,2026-07-02 11:08:38+05:30,4045.0,1,4046.88,763154,142503.0,146600.0,4100.0,4110.0,4016.1,4092.6,23727550,4501.8,3683.4,4440.0,3288.1,4044.0,1,1,4043.9,20,2,4043.8,2,1,4043.7,2,1,4043.6,100,1,4045.0,47,3,4045.5,11,1,4045.6,5,1,4045.7,8,2,4045.8,12,1
11483,2026-07-02 11:08:39+05:30,4045.9,100,4046.88,763154,142503.0,146600.0,4100.0,4110.0,4016.1,4092.6,23727550,4501.8,3683.4,4440.0,3288.1,4044.0,1,1,4043.9,20,2,4043.8,2,1,4043.7,2,1,4043.6,100,1,4045.0,47,3,4045.5,11,1,4045.6,5,1,4045.7,8,2,4045.8,12,1
11483,2026-07-02 11:08:39+05:30,4045.9,100,4046.88,763375,142750.0,146481.0,4100.0,4110.0,4016.1,4092.6,23727550,4501.8,3683.4,4440.0,3288.1,4044.2,18,1,4044.1,54,4,4044.0,14,3,4043.9,2,1,4043.8,79,3,4045.0,45,2,4045.7,40,3,4045.8,34,1,4045.9,20,2,4046.0,65,5
11483,2026-07-02 11:08:40+05:30,4044.2,1,4046.88,763375,142750.0,146481.0,4100.0,4110.0,4016.1,4092.6,23727550,4501.8,3683.4,4440.0,3288.1,4044.2,18,1,4044.1,54,4,4044.0,14,3,4043.9,2,1,4043.8,79,3,4045.0,45,2,4045.7,40,3,4045.8,34,1,4045.9,20,2,4046.0,65,5
11483,2026-07-02 11:08:40+05:30,4044.2,1,4046.88,763377,142727.0,146498.0,4100.0,4110.0,4016.1,4092.6,23727550,4501.8,3683.4,4440.0,3288.1,4044.9,3,1,4044.2,17,1,4044.1,24,2,4044.0,1,1,4043.9,2,1,4045.0,45,3,4045.7,40,3,4045.8,34,1,4045.9,20,2,4046.0,85,6
11483,2026-07-02 11:08:41+05:30,4044.9,1,4046.88,763377,142727.0,146498.0,4100.0,4110.0,4016.1,4092.6,23727550,4501.8,3683.4,4440.0,3288.1,4044.9,3,1,4044.2,17,1,4044.1,24,2,4044.0,1,1,4043.9,2,1,4045.0,45,3,4045.7,40,3,4045.8,34,1,4045.9,20,2,4046.0,85,6
11483,2026-07-02 11:08:41+05:30,4044.9,1,4046.88,763378,142787.0,146643.0,4100.0,4110.0,4016.1,4092.6,23727550,4501.8,3683.4,4440.0,3288.1,4044.9,2,1,4044.1,14,1,4044.0,1,1,4043.7,25,1,4043.6,123,3,4045.0,74,6,4045.4,7,1,4045.5,11,1,4045.7,29,2,4045.8,65,4
11483,2026-07-02 11:08:42+05:30,4044.9,1,4046.88,763378,142787.0,146643.0,4100.0,4110.0,4016.1,4092.6,23727550,4501.8,3683.4,4440.0,3288.1,4044.9,2,1,4044.1,14,1,4044.0,1,1,4043.7,25,1,4043.6,123,3,4045.0,74,6,4045.4,7,1,4045.5,11,1,4045.7,29,2,4045.8,65,4
11483,2026-07-02 11:08:42+05:30,4045.0,1,4046.88,763380,142813.0,146788.0,4100.0,4110.0,4016.1,4092.6,23727550,4501.8,3683.4,4440.0,3288.1,4044.9,2,2,4044.1,14,1,4044.0,1,1,4043.8,16,1,4043.7,25,1,4045.0,73,6,4045.5,11,1,4045.7,28,2,4045.8,65,4,4045.9,3,1
11483,2026-07-02 11:08:43+05:30,4044.9,1,4046.88,763380,142813.0,146788.0,4100.0,4110.0,4016.1,4092.6,23727550,4501.8,3683.4,4440.0,3288.1,4044.9,2,2,4044.1,14,1,4044.0,1,1,4043.8,16,1,4043.7,25,1,4045.0,73,6,4045.5,11,1,4045.7,28,2,4045.8,65,4,4045.9,3,1
11483,2026-07-02 11:08:43+05:30,4044.9,1,4046.88,763381,142774.0,146715.0,4100.0,4110.0,4016.1,4092.6,23727550,4501.8,3683.4,4440.0,3288.1,4044.9,1,1,4044.0,1,1,4043.8,16,1,4043.7,26,1,4043.6,123,3,4045.0,74,7,4045.1,3,1,4045.3,12,2,4045.5,20,2,4045.7,28,2
11483,2026-07-02 11:08:44+05:30,4043.7,1,4046.88,763381,142774.0,146715.0,4100.0,4110.0,4016.1,4092.6,23727550,4501.8,3683.4,4440.0,3288.1,4044.9,1,1,4044.0,1,1,4043.8,16,1,4043.7,26,1,4043.6,123,3,4045.0,74,7,4045.1,3,1,4045.3,12,2,4045.5,20,2,4045.7,28,2
11483,2026-07-02 11:08:44+05:30,4043.7,1,4046.88,763387,142227.0,146640.0,4100.0,4110.0,4016.1,4092.6,23727550,4501.8,3683.4,4440.0,3288.1,4044.0,250,1,4043.9,16,1,4043.8,2,1,4043.7,29,2,4043.6,100,1,4045.0,74,7,4045.2,18,1,4045.4,21,1,4045.5,11,1,4045.7,77,2
11483,2026-07-02 11:08:45+05:30,4044.1,1,4046.88,763387,142227.0,146640.0,4100.0,4110.0,4016.1,4092.6,23727550,4501.8,3683.4,4440.0,3288.1,4044.0,250,1,4043.9,16,1,4043.8,2,1,4043.7,29,2,4043.6,100,1,4045.0,74,7,4045.2,18,1,4045.4,21,1,4045.5,11,1,4045.7,77,2
11483,2026-07-02 11:08:45+05:30,4044.1,1,4046.88,763388,142401.0,146992.0,4100.0,4110.0,4016.1,4092.6,23727550,4501.8,3683.4,4440.0,3288.1,4044.1,15,1,4044.0,250,1,4043.7,10,1,4043.6,100,1,4043.5,30,1,4045.0,88,8,4045.2,18,1,4045.4,21,1,4045.5,59,2,4045.6,71,2
11483,2026-07-02 11:08:46+05:30,4045.0,7,4046.88,763388,142401.0,146992.0,4100.0,4110.0,4016.1,4092.6,23727550,4501.8,3683.4,4440.0,3288.1,4044.1,15,1,4044.0,250,1,4043.7,10,1,4043.6,100,1,4043.5,30,1,4045.0,88,8,4045.2,18,1,4045.4,21,1,4045.5,59,2,4045.6,71,2
11483,2026-07-02 11:08:46+05:30,4045.0,7,4046.88,763406,142445.0,146803.0,4100.0,4110.0,4016.1,4092.6,23727550,4501.8,3683.4,4440.0,3288.1,4044.0,244,1,4043.7,16,1,4043.6,119,2,4043.5,32,2,4043.4,20,1,4045.0,167,8,4045.2,18,1,4045.3,10,1,4045.4,33,2,4045.5,24,2
11483,2026-07-02 11:08:47+05:30,4044.0,1,4046.88,763406,142445.0,146803.0,4100.0,4110.0,4016.1,4092.6,23727550,4501.8,3683.4,4440.0,3288.1,4044.0,244,1,4043.7,16,1,4043.6,119,2,4043.5,32,2,4043.4,20,1,4045.0,167,8,4045.2,18,1,4045.3,10,1,4045.4,33,2,4045.5,24,2
11483,2026-07-02 11:08:47+05:30,4044.0,1,4046.88,763407,142485.0,146829.0,4100.0,4110.0,4016.1,4092.6,23727550,4501.8,3683.4,4440.0,3288.1,4044.0,243,1,4043.7,18,2,4043.6,100,1,4043.5,30,1,4043.4,20,1,4045.0,169,9,4045.3,10,1,4045.4,33,2,4045.5,24,2,4045.7,36,2
11483,2026-07-02 11:08:48+05:30,4044.0,1,4046.88,763407,142485.0,146829.0,4100.0,4110.0,4016.1,4092.6,23727550,4501.8,3683.4,4440.0,3288.1,4044.0,243,1,4043.7,18,2,4043.6,100,1,4043.5,30,1,4043.4,20,1,4045.0,169,9,4045.3,10,1,4045.4,33,2,4045.5,24,2,4045.7,36,2
11483,2026-07-02 11:08:48+05:30,4044.0,1,4046.88,763409,142503.0,146836.0,4100.0,4110.0,4016.1,4092.6,23727550,4501.8,3683.4,4440.0,3288.1,4044.0,241,1,4043.7,16,1,4043.6,100,1,4043.5,32,2,4043.4,20,1,4045.0,168,8,4045.3,21,2,4045.4,33,2,4045.5,24,2,4045.7,37,3
11483,2026-07-02 11:08:49+05:30,4044.5,1,4046.88,763409,142503.0,146836.0,4100.0,4110.0,4016.1,4092.6,23727550,4501.8,3683.4,4440.0,3288.1,4044.0,241,1,4043.7,16,1,4043.6,100,1,4043.5,32,2,4043.4,20,1,4045.0,168,8,4045.3,21,2,4045.4,33,2,4045.5,24,2,4045.7,37,3
11483,2026-07-02 11:08:49+05:30,4044.5,1,4046.88,763410,142424.0,146810.0,4100.0,4110.0,4016.1,4092.6,23727550,4501.8,3683.4,4440.0,3288.1,4044.0,241,1,4043.6,100,1,4043.3,14,2,4043.2,60,2,4043.0,97,7,4044.9,5,1,4045.0,168,8,4045.3,21,2,4045.4,33,2,4045.5,24,2
11483,2026-07-02 11:08:50+05:30,4044.0,1,4046.88,763410,142424.0,146810.0,4100.0,4110.0,4016.1,4092.6,23727550,4501.8,3683.4,4440.0,3288.1,4044.0,241,1,4043.6,100,1,4043.3,14,2,4043.2,60,2,4043.0,97,7,4044.9,5,1,4045.0,168,8,4045.3,21,2,4045.4,33,2,4045.5,24,2
11483,2026-07-02 11:08:50+05:30,4045.0,32,4046.88,763611,142412.0,146530.0,4100.0,4110.0,4016.1,4092.6,23727550,4501.8,3683.4,4440.0,3288.1,4044.0,240,1,4043.7,2,1,4043.6,100,1,4043.4,30,1,4043.3,14,2,4045.0,13,1,4045.3,32,4,4045.4,16,2,4045.5,9,2,4045.6,46,1
11483,2026-07-02 11:08:51+05:30,4044.0,1,4046.88,763611,142412.0,146530.0,4100.0,4110.0,4016.1,4092.6,23727550,4501.8,3683.4,4440.0,3288.1,4044.0,240,1,4043.7,2,1,4043.6,100,1,4043.4,30,1,4043.3,14,2,4045.0,13,1,4045.3,32,4,4045.4,16,2,4045.5,9,2,4045.6,46,1
11483,2026-07-02 11:08:51+05:30,4044.0,1,4046.88,763612,142188.0,146836.0,4100.0,4110.0,4016.1,4092.6,23727550,4501.8,3683.4,4440.0,3288.1,4044.0,239,1,4043.6,100,1,4043.3,2,1,4043.2,60,2,4043.0,97,7,4044.5,1,1,4045.0,51,5,4045.3,21,3,4045.4,61,3,4045.5,73,5
11483,2026-07-02 11:08:52+05:30,4044.0,1,4046.88,763612,142188.0,146836.0,4100.0,4110.0,4016.1,4092.6,23727550,4501.8,3683.4,4440.0,3288.1,4044.0,239,1,4043.6,100,1,4043.3,2,1,4043.2,60,2,4043.0,97,7,4044.5,1,1,4045.0,51,5,4045.3,21,3,4045.4,61,3,4045.5,73,5
11483,2026-07-02 11:08:52+05:30,4044.5,1,4046.88,763619,142192.0,146795.0,4100.0,4110.0,4016.1,4092.6,23727550,4501.8,3683.4,4440.0,3288.1,4044.2,1,1,4044.0,253,2,4043.6,100,1,4043.4,2,1,4043.3,38,2,4044.5,1,1,4045.0,40,3,4045.3,21,3,4045.4,16,2,4045.5,20,3
11483,2026-07-02 11:08:53+05:30,4044.2,1,4046.88,763619,142192.0,146795.0,4100.0,4110.0,4016.1,4092.6,23727550,4501.8,3683.4,4440.0,3288.1,4044.2,1,1,4044.0,253,2,4043.6,100,1,4043.4,2,1,4043.3,38,2,4044.5,1,1,4045.0,40,3,4045.3,21,3,4045.4,16,2,4045.5,20,3
11483,2026-07-02 11:08:53+05:30,4044.0,3,4046.88,763625,142138.0,147193.0,4100.0,4110.0,4016.1,4092.6,23727550,4501.8,3683.4,4440.0,3288.1,4044.0,350,3,4043.3,2,1,4043.2,36,2,4043.1,22,1,4043.0,128,8,4044.5,20,4,4044.6,10,1,4044.9,10,1,4045.0,28,2,4045.2,10,1
11483,2026-07-02 11:08:54+05:30,4044.5,1,4046.88,763625,142138.0,147193.0,4100.0,4110.0,4016.1,4092.6,23727550,4501.8,3683.4,4440.0,3288.1,4044.0,350,3,4043.3,2,1,4043.2,36,2,4043.1,22,1,4043.0,128,8,4044.5,20,4,4044.6,10,1,4044.9,10,1,4045.0,28,2,4045.2,10,1
11483,2026-07-02 11:08:54+05:30,4044.5,1,4046.88,763626,142148.0,147733.0,4100.0,4110.0,4016.1,4092.6,23727550,4501.8,3683.4,4440.0,3288.1,4044.0,350,3,4043.2,36,2,4043.1,22,1,4043.0,130,9,4042.9,3,1,4044.5,30,5,4044.9,10,1,4045.0,28,2,4045.2,10,1,4045.3,21,3
11483,2026-07-02 11:08:55+05:30,4044.5,1,4046.88,763626,142148.0,147733.0,4100.0,4110.0,4016.1,4092.6,23727550,4501.8,3683.4,4440.0,3288.1,4044.0,350,3,4043.2,36,2,4043.1,22,1,4043.0,130,9,4042.9,3,1,4044.5,30,5,4044.9,10,1,4045.0,28,2,4045.2,10,1,4045.3,21,3
11483,2026-07-02 11:08:55+05:30,4044.5,1,4046.88,763630,141999.0,147770.0,4100.0,4110.0,4016.1,4092.6,23727550,4501.8,3683.4,4440.0,3288.1,4044.0,350,3,4043.2,16,1,4043.1,22,1,4043.0,128,8,4042.7,15,2,4044.5,27,5,4044.8,12,1,4044.9,23,2,4045.0,28,2,4045.2,10,1
11483,2026-07-02 11:08:56+05:30,4044.5,9,4046.88,763630,141999.0,147770.0,4100.0,4110.0,4016.1,4092.6,23727550,4501.8,3683.4,4440.0,3288.1,4044.0,350,3,4043.2,16,1,4043.1,22,1,4043.0,128,8,4042.7,15,2,4044.5,27,5,4044.8,12,1,4044.9,23,2,4045.0,28,2,4045.2,10,1
11483,2026-07-02 11:08:56+05:30,4044.5,9,4046.88,763690,141796.0,147973.0,4100.0,4110.0,4016.1,4092.6,23727550,4501.8,3683.4,4440.0,3288.1,4044.0,350,3,4043.0,87,6,4042.7,13,1,4042.6,3,1,4042.5,14,3,4044.5,49,4,4044.6,65,5,4044.7,47,4,4044.8,22,3,4044.9,36,3
11483,2026-07-02 11:08:57+05:30,4044.4,2,4046.88,763690,141796.0,147973.0,4100.0,4110.0,4016.1,4092.6,23727550,4501.8,3683.4,4440.0,3288.1,4044.0,350,3,4043.0,87,6,4042.7,13,1,4042.6,3,1,4042.5,14,3,4044.5,49,4,4044.6,65,5,4044.7,47,4,4044.8,22,3,4044.9,36,3
11483,2026-07-02 11:08:57+05:30,4044.4,2,4046.88,763693,141810.0,147984.0,4100.0,4110.0,4016.1,4092.6,23727550,4501.8,3683.4,4440.0,3288.1,4044.0,350,3,4043.0,87,6,4042.7,13,1,4042.6,3,1,4042.5,14,3,4044.4,52,5,4044.5,24,3,4044.6,65,5,4044.7,36,3,4044.8,11,2
11483,2026-07-02 11:08:58+05:30,4044.4,1,4046.88,763693,141810.0,147984.0,4100.0,4110.0,4016.1,4092.6,23727550,4501.8,3683.4,4440.0,3288.1,4044.0,350,3,4043.0,87,6,4042.7,13,1,4042.6,3,1,4042.5,14,3,4044.4,52,5,4044.5,24,3,4044.6,65,5,4044.7,36,3,4044.8,11,2
11483,2026-07-02 11:08:58+05:30,4044.0,1,4046.88,763696,141804.0,147946.0,4100.0,4110.0,4016.1,4092.6,23727550,4501.8,3683.4,4440.0,3288.1,4044.0,348,3,4043.0,87,6,4042.7,13,1,4042.6,3,1,4042.5,12,2,4044.4,52,6,4044.5,30,3,4044.6,74,6,4044.7,36,3,4044.8,11,2
11483,2026-07-02 11:08:59+05:30,4044.0,5,4046.88,763696,141804.0,147946.0,4100.0,4110.0,4016.1,4092.6,23727550,4501.8,3683.4,4440.0,3288.1,4044.0,348,3,4043.0,87,6,4042.7,13,1,4042.6,3,1,4042.5,12,2,4044.4,52,6,4044.5,30,3,4044.6,74,6,4044.7,36,3,4044.8,11,2
11483,2026-07-02 11:08:59+05:30,4044.4,1,4046.88,763709,141826.0,147944.0,4100.0,4110.0,4016.1,4092.6,23727550,4501.8,3683.4,4440.0,3288.1,4044.0,343,3,4043.0,87,6,4042.7,13,1,4042.6,3,1,4042.5,12,2,4044.4,44,5,4044.5,23,2,4044.6,43,4,4044.7,46,4,4044.8,23,3
11483,2026-07-02 11:09:00+05:30,4044.4,1,4046.88,763709,141826.0,147944.0,4100.0,4110.0,4016.1,4092.6,23727550,4501.8,3683.4,4440.0,3288.1,4044.0,343,3,4043.0,87,6,4042.7,13,1,4042.6,3,1,4042.5,12,2,4044.4,44,5,4044.5,23,2,4044.6,43,4,4044.7,46,4,4044.8,23,3
11483,2026-07-02 11:09:00+05:30,4044.4,1,4046.88,763710,141815.0,147915.0,4100.0,4110.0,4016.1,4092.6,23727550,4501.8,3683.4,4440.0,3288.1,4044.0,343,3,4043.0,75,5,4042.7,13,1,4042.6,3,1,4042.5,36,4,4044.4,54,6,4044.5,14,1,4044.6,30,3,4044.7,46,4,4044.8,23,3
11483,2026-07-02 11:09:01+05:30,4044.2,5,4046.88,763710,141815.0,147915.0,4100.0,4110.0,4016.1,4092.6,23727550,4501.8,3683.4,4440.0,3288.1,4044.0,343,3,4043.0,75,5,4042.7,13,1,4042.6,3,1,4042.5,36,4,4044.4,54,6,4044.5,14,1,4044.6,30,3,4044.7,46,4,4044.8,23,3
11483,2026-07-02 11:09:01+05:30,4044.2,5,4046.88,763727,141782.0,148026.0,4100.0,4110.0,4016.1,4092.6,23727550,4501.8,3683.4,4440.0,3288.1,4044.0,343,3,4043.0,75,5,4042.7,13,1,4042.6,25,3,4042.5,34,3,4044.2,2,1,4044.4,37,4,4044.5,22,2,4044.6,15,1,4044.7,36,3
11483,2026-07-02 11:09:02+05:30,4044.5,1,4046.88,763727,141782.0,148026.0,4100.0,4110.0,4016.1,4092.6,23727550,4501.8,3683.4,4440.0,3288.1,4044.0,343,3,4043.0,75,5,4042.7,13,1,4042.6,25,3,4042.5,34,3,4044.2,2,1,4044.4,37,4,4044.5,22,2,4044.6,15,1,4044.7,36,3
11483,2026-07-02 11:09:02+05:30,4044.3,2,4046.88,763737,141942.0,147633.0,4100.0,4110.0,4016.1,4092.6,23727550,4501.8,3683.4,4440.0,3288.1,4044.2,75,1,4044.1,42,1,4044.0,385,4,4043.9,42,1,4043.7,42,1,4044.5,13,1,4044.6,30,3,4044.7,21,2,4044.9,10,1,4045.0,25,2
11483,2026-07-02 11:09:03+05:30,4044.5,1,4046.88,763737,141942.0,147633.0,4100.0,4110.0,4016.1,4092.6,23727550,4501.8,3683.4,4440.0,3288.1,4044.2,75,1,4044.1,42,1,4044.0,385,4,4043.9,42,1,4043.7,42,1,4044.5,13,1,4044.6,30,3,4044.7,21,2,4044.9,10,1,4045.0,25,2
11483,2026-07-02 11:09:03+05:30,4044.4,11,4046.88,763749,141874.0,147686.0,4100.0,4110.0,4016.1,4092.6,23727550,4501.8,3683.4,4440.0,3288.1,4044.4,64,1,4044.3,42,1,4044.2,42,1,4044.1,42,1,4044.0,343,3,4044.5,28,4,4044.6,29,3,4044.7,21,2,4044.9,10,1,4045.0,25,2
11483,2026-07-02 11:09:04+05:30,4044.5,1,4046.88,763749,141874.0,147686.0,4100.0,4110.0,4016.1,4092.6,23727550,4501.8,3683.4,4440.0,3288.1,4044.4,64,1,4044.3,42,1,4044.2,42,1,4044.1,42,1,4044.0,343,3,4044.5,28,4,4044.6,29,3,4044.7,21,2,4044.9,10,1,4045.0,25,2
11483,2026-07-02 11:09:04+05:30,4044.5,1,4046.88,763763,141915.0,147445.0,4100.0,4110.0,4016.1,4092.6,23727550,4501.8,3683.4,4440.0,3288.1,4044.5,2,1,4044.4,42,1,4044.3,42,1,4044.2,42,1,4044.0,385,4,4044.6,15,1,4044.7,25,2,4045.0,13,1,4045.1,5,1,4045.2,30,3
11483,2026-07-02 11:09:05+05:30,4044.5,1,4046.88,763763,141915.0,147445.0,4100.0,4110.0,4016.1,4092.6,23727550,4501.8,3683.4,4440.0,3288.1,4044.5,2,1,4044.4,42,1,4044.3,42,1,4044.2,42,1,4044.0,385,4,4044.6,15,1,4044.7,25,2,4045.0,13,1,4045.1,5,1,4045.2,30,3
11483,2026-07-02 11:09:05+05:30,4044.6,14,4046.88,763793,141917.0,147364.0,4100.0,4110.0,4016.1,4092.6,23727550,4501.8,3683.4,4440.0,3288.1,4044.6,35,1,4044.5,44,2,4044.4,42,1,4044.3,42,1,4044.1,42,1,4044.7,16,1,4044.9,9,1,4045.0,13,1,4045.1,5,1,4045.2,12,2
11483,2026-07-02 11:09:06+05:30,4044.7,1,4046.88,763793,141917.0,147364.0,4100.0,4110.0,4016.1,4092.6,23727550,4501.8,3683.4,4440.0,3288.1,4044.6,35,1,4044.5,44,2,4044.4,42,1,4044.3,42,1,4044.1,42,1,4044.7,16,1,4044.9,9,1,4045.0,13,1,4045.1,5,1,4045.2,12,2
11483,2026-07-02 11:09:06+05:30,4044.7,1,4046.88,763810,141976.0,147385.0,4100.0,4110.0,4016.1,4092.6,23727550,4501.8,3683.4,4440.0,3288.1,4044.7,27,1,4044.6,42,1,4044.5,44,2,4044.4,42,1,4044.2,42,1,4044.9,14,1,4045.0,13,1,4045.1,5,1,4045.2,2,1,4045.3,20,2
11483,2026-07-02 11:09:07+05:30,4045.0,1,4046.88,763810,141976.0,147385.0,4100.0,4110.0,4016.1,4092.6,23727550,4501.8,3683.4,4440.0,3288.1,4044.7,27,1,4044.6,42,1,4044.5,44,2,4044.4,42,1,4044.2,42,1,4044.9,14,1,4045.0,13,1,4045.1,5,1,4045.2,2,1,4045.3,20,2
11483,2026-07-02 11:09:07+05:30,4044.5,12,4046.88,764020,141609.0,148099.0,4100.0,4110.0,4016.1,4092.6,23727550,4501.8,3683.4,4440.0,3288.1,4044.0,370,3,4043.0,148,7,4042.8,122,1,4042.7,13,1,4042.6,21,2,4044.5,56,5,4044.6,46,5,4044.7,50,4,4044.8,211,5,4044.9,46,3
11483,2026-07-02 11:09:08+05:30,4044.5,12,4046.88,764020,141609.0,148099.0,4100.0,4110.0,4016.1,4092.6,23727550,4501.8,3683.4,4440.0,3288.1,4044.0,370,3,4043.0,148,7,4042.8,122,1,4042.7,13,1,4042.6,21,2,4044.5,56,5,4044.6,46,5,4044.7,50,4,4044.8,211,5,4044.9,46,3
11483,2026-07-02 11:09:08+05:30,4044.5,1,4046.88,764021,141855.0,147957.0,4100.0,4110.0,4016.1,4092.6,23727550,4501.8,3683.4,4440.0,3288.1,4044.3,42,1,4044.2,42,1,4044.1,42,1,4044.0,328,2,4043.9,42,1,4044.4,11,1,4044.5,50,5,4044.6,28,3,4044.7,23,2,4044.8,199,4
11483,2026-07-02 11:09:09+05:30,4044.5,2,4046.88,764021,141855.0,147957.0,4100.0,4110.0,4016.1,4092.6,23727550,4501.8,3683.4,4440.0,3288.1,4044.3,42,1,4044.2,42,1,4044.1,42,1,4044.0,328,2,4043.9,42,1,4044.4,11,1,4044.5,50,5,4044.6,28,3,4044.7,23,2,4044.8,199,4
11483,2026-07-02 11:09:09+05:30,4044.5,2,4046.88,764037,141891.0,148328.0,4100.0,4110.0,4016.1,4092.6,23727550,4501.8,3683.4,4440.0,3288.1,4044.4,42,1,4044.3,43,2,4044.2,47,2,4044.0,370,3,4043.5,21,1,4044.5,44,4,4044.6,25,2,4044.7,28,3,4044.8,199,4,4044.9,221,4
11483,2026-07-02 11:09:10+05:30,4044.6,1,4046.88,764037,141891.0,148328.0,4100.0,4110.0,4016.1,4092.6,23727550,4501.8,3683.4,4440.0,3288.1,4044.4,42,1,4044.3,43,2,4044.2,47,2,4044.0,370,3,4043.5,21,1,4044.5,44,4,4044.6,25,2,4044.7,28,3,4044.8,199,4,4044.9,221,4
11483,2026-07-02 11:09:10+05:30,4044.6,1,4046.88,764083,141933.0,148008.0,4100.0,4110.0,4016.1,4092.6,23727550,4501.8,3683.4,4440.0,3288.1,4044.5,42,1,4044.4,42,1,4044.3,43,2,4044.2,55,2,4044.1,42,1,4044.6,47,4,4044.7,11,1,4044.8,199,4,4044.9,218,3,4045.0,45,1
11483,2026-07-02 11:09:11+05:30,4044.7,1,4046.88,764083,141933.0,148008.0,4100.0,4110.0,4016.1,4092.6,23727550,4501.8,3683.4,4440.0,3288.1,4044.5,42,1,4044.4,42,1,4044.3,43,2,4044.2,55,2,4044.1,42,1,4044.6,47,4,4044.7,11,1,4044.8,199,4,4044.9,218,3,4045.0,45,1
11483,2026-07-02 11:09:11+05:30,4044.6,1,4046.88,764146,142108.0,147880.0,4100.0,4110.0,4016.1,4092.6,23727550,4501.8,3683.4,4440.0,3288.1,4044.6,44,1,4044.5,42,1,4044.4,42,1,4044.3,43,2,4044.2,55,2,4044.7,10,1,4044.8,204,5,4044.9,218,3,4045.0,45,1,4045.1,5,1
11483,2026-07-02 11:09:12+05:30,4044.7,1,4046.88,764146,142108.0,147880.0,4100.0,4110.0,4016.1,4092.6,23727550,4501.8,3683.4,4440.0,3288.1,4044.6,44,1,4044.5,42,1,4044.4,42,1,4044.3,43,2,4044.2,55,2,4044.7,10,1,4044.8,204,5,4044.9,218,3,4045.0,45,1,4045.1,5,1
11483,2026-07-02 11:09:12+05:30,4044.7,1,4046.88,764351,141806.0,147697.0,4100.0,4110.0,4016.1,4092.6,23727550,4501.8,3683.4,4440.0,3288.1,4044.4,3,1,4044.3,1,1,4044.2,55,2,4044.0,328,2,4043.9,42,1,4044.7,11,1,4044.8,209,6,4044.9,27,2,4045.0,45,1,4045.1,5,1
11483,2026-07-02 11:09:13+05:30,4044.8,1,4046.88,764351,141806.0,147697.0,4100.0,4110.0,4016.1,4092.6,23727550,4501.8,3683.4,4440.0,3288.1,4044.4,3,1,4044.3,1,1,4044.2,55,2,4044.0,328,2,4043.9,42,1,4044.7,11,1,4044.8,209,6,4044.9,27,2,4045.0,45,1,4045.1,5,1
11483,2026-07-02 11:09:13+05:30,4044.8,1,4046.88,764402,141990.0,147736.0,4100.0,4110.0,4016.1,4092.6,23727550,4501.8,3683.4,4440.0,3288.1,4044.7,3,1,4044.6,42,1,4044.5,42,1,4044.4,42,1,4044.3,1,1,4044.8,191,4,4044.9,27,2,4045.0,45,1,4045.1,5,1,4045.2,11,2
11483,2026-07-02 11:09:14+05:30,4044.7,4,4046.88,764402,141990.0,147736.0,4100.0,4110.0,4016.1,4092.6,23727550,4501.8,3683.4,4440.0,3288.1,4044.7,3,1,4044.6,42,1,4044.5,42,1,4044.4,42,1,4044.3,1,1,4044.8,191,4,4044.9,27,2,4045.0,45,1,4045.1,5,1,4045.2,11,2
11483,2026-07-02 11:09:14+05:30,4044.7,17,4046.88,764448,141965.0,147613.0,4100.0,4110.0,4016.1,4092.6,23727550,4501.8,3683.4,4440.0,3288.1,4044.6,42,1,4044.5,42,1,4044.3,43,2,4044.2,55,2,4044.0,328,2,4044.7,41,5,4044.8,168,3,4044.9,21,2,4045.0,45,1,4045.1,5,1
11483,2026-07-02 11:09:15+05:30,4044.7,1,4046.88,764448,141965.0,147613.0,4100.0,4110.0,4016.1,4092.6,23727550,4501.8,3683.4,4440.0,3288.1,4044.6,42,1,4044.5,42,1,4044.3,43,2,4044.2,55,2,4044.0,328,2,4044.7,41,5,4044.8,168,3,4044.9,21,2,4045.0,45,1,4045.1,5,1
11483,2026-07-02 11:09:15+05:30,4044.8,50,4046.88,764539,142346.0,147440.0,4100.0,4110.0,4016.1,4092.6,23727550,4501.8,3683.4,4440.0,3288.1,4044.7,42,1,4044.6,42,1,4044.5,42,1,4044.3,43,2,4044.2,50,1,4044.8,113,2,4044.9,25,2,4045.0,45,1,4045.2,11,2,4045.3,15,1
11483,2026-07-02 11:09:16+05:30,4044.8,1,4046.88,764539,142346.0,147440.0,4100.0,4110.0,4016.1,4092.6,23727550,4501.8,3683.4,4440.0,3288.1,4044.7,42,1,4044.6,42,1,4044.5,42,1,4044.3,43,2,4044.2,50,1,4044.8,113,2,4044.9,25,2,4045.0,45,1,4045.2,11,2,4045.3,15,1
11483,2026-07-02 11:09:16+05:30,4044.8,1,4046.88,764655,142831.0,147163.0,4100.0,4110.0,4016.1,4092.6,23727550,4501.8,3683.4,4440.0,3288.1,4044.8,51,1,4044.7,42,1,4044.6,42,1,4044.5,42,1,4044.3,43,2,4045.0,45,1,4045.2,11,2,4045.3,15,1,4045.4,18,1,4045.5,32,3
11483,2026-07-02 11:09:17+05:30,4045.0,1,4046.88,764655,142831.0,147163.0,4100.0,4110.0,4016.1,4092.6,23727550,4501.8,3683.4,4440.0,3288.1,4044.8,51,1,4044.7,42,1,4044.6,42,1,4044.5,42,1,4044.3,43,2,4045.0,45,1,4045.2,11,2,4045.3,15,1,4045.4,18,1,4045.5,32,3
11483,2026-07-02 11:09:17+05:30,4045.0,10,4046.88,764711,143103.0,146854.0,4100.0,4110.0,4016.1,4092.6,23727550,4501.8,3683.4,4440.0,3288.1,4044.9,42,1,4044.8,43,2,4044.7,42,1,4044.5,42,1,4044.4,2,1,4045.0,37,1,4045.8,62,3,4045.9,20,1,4046.0,45,4,4046.1,24,2
11483,2026-07-02 11:09:18+05:30,4045.0,1,4046.88,764711,143103.0,146854.0,4100.0,4110.0,4016.1,4092.6,23727550,4501.8,3683.4,4440.0,3288.1,4044.9,42,1,4044.8,43,2,4044.7,42,1,4044.5,42,1,4044.4,2,1,4045.0,37,1,4045.8,62,3,4045.9,20,1,4046.0,45,4,4046.1,24,2
11483,2026-07-02 11:09:18+05:30,4045.0,1,4046.88,764712,142310.0,146932.0,4100.0,4110.0,4016.1,4092.6,23727550,4501.8,3683.4,4440.0,3288.1,4044.8,1,1,4044.4,2,1,4044.2,50,1,4044.0,328,2,4043.7,46,3,4045.0,37,2,4045.5,9,1,4045.8,62,3,4045.9,20,1,4046.0,50,5
11483,2026-07-02 11:09:19+05:30,4045.0,1,4046.88,764712,142310.0,146932.0,4100.0,4110.0,4016.1,4092.6,23727550,4501.8,3683.4,4440.0,3288.1,4044.8,1,1,4044.4,2,1,4044.2,50,1,4044.0,328,2,4043.7,46,3,4045.0,37,2,4045.5,9,1,4045.8,62,3,4045.9,20,1,4046.0,50,5
11483,2026-07-02 11:09:19+05:30,4044.9,1,4046.88,764714,142344.0,147381.0,4100.0,4110.0,4016.1,4092.6,23727550,4501.8,3683.4,4440.0,3288.1,4044.8,1,1,4044.4,2,1,4044.2,50,1,4044.0,328,2,4043.8,20,1,4044.9,80,1,4045.0,78,3,4045.1,51,2,4045.2,42,1,4045.4,42,1
11483,2026-07-02 11:09:20+05:30,4044.9,1,4046.88,764714,142344.0,147381.0,4100.0,4110.0,4016.1,4092.6,23727550,4501.8,3683.4,4440.0,3288.1,4044.8,1,1,4044.4,2,1,4044.2,50,1,4044.0,328,2,4043.8,20,1,4044.9,80,1,4045.0,78,3,4045.1,51,2,4045.2,42,1,4045.4,42,1
11483,2026-07-02 11:09:20+05:30,4044.9,1,4046.88,764715,142374.0,147320.0,4100.0,4110.0,4016.1,4092.6,23727550,4501.8,3683.4,4440.0,3288.1,4044.8,1,1,4044.4,2,1,4044.2,50,1,4044.0,328,2,4043.8,20,1,4044.9,80,1,4045.0,100,4,4045.1,42,1,4045.2,42,1,4045.4,42,1
11483,2026-07-02 11:09:21+05:30,4044.9,1,4046.88,764715,142374.0,147320.0,4100.0,4110.0,4016.1,4092.6,23727550,4501.8,3683.4,4440.0,3288.1,4044.8,1,1,4044.4,2,1,4044.2,50,1,4044.0,328,2,4043.8,20,1,4044.9,80,1,4045.0,100,4,4045.1,42,1,4045.2,42,1,4045.4,42,1
11483,2026-07-02 11:09:21+05:30,4044.9,1,4046.88,764716,142346.0,147312.0,4100.0,4110.0,4016.1,4092.6,23727550,4501.8,3683.4,4440.0,3288.1,4044.8,1,1,4044.4,2,1,4044.2,50,1,4044.0,328,2,4043.8,20,1,4044.9,95,3,4045.0,77,2,4045.1,42,1,4045.2,42,1,4045.4,42,1
11483,2026-07-02 11:09:22+05:30,4044.9,1,4046.88,764716,142346.0,147312.0,4100.0,4110.0,4016.1,4092.6,23727550,4501.8,3683.4,4440.0,3288.1,4044.8,1,1,4044.4,2,1,4044.2,50,1,4044.0,328,2,4043.8,20,1,4044.9,95,3,4045.0,77,2,4045.1,42,1,4045.2,42,1,4045.4,42,1
11483,2026-07-02 11:09:22+05:30,4044.9,1,4046.88,764718,142362.0,147313.0,4100.0,4110.0,4016.1,4092.6,23727550,4501.8,3683.4,4440.0,3288.1,4044.8,2,2,4044.4,2,1,4044.2,50,1,4044.0,328,2,4043.8,20,1,4044.9,96,4,4045.0,77,2,4045.1,42,1,4045.2,42,1,4045.4,42,1
11483,2026-07-02 11:09:23+05:30,4044.9,1,4046.88,764719,142617.0,147313.0,4100.0,4110.0,4016.1,4092.6,23727550,4501.8,3683.4,4440.0,3288.1,4044.8,2,2,4044.4,2,1,4044.2,50,1,4044.0,428,3,4043.8,20,1,4044.9,96,5,4045.0,77,2,4045.1,51,2,4045.2,42,1,4045.4,42,1
11483,2026-07-02 11:09:24+05:30,4044.9,1,4046.88,764719,142617.0,147313.0,4100.0,4110.0,4016.1,4092.6,23727550,4501.8,3683.4,4440.0,3288.1,4044.8,2,2,4044.4,2,1,4044.2,50,1,4044.0,428,3,4043.8,20,1,4044.9,96,5,4045.0,77,2,4045.1,51,2,4045.2,42,1,4045.4,42,1
11483,2026-07-02 11:09:24+05:30,4044.9,1,4046.88,764721,142642.0,147311.0,4100.0,4110.0,4016.1,4092.6,23727550,4501.8,3683.4,4440.0,3288.1,4044.8,2,2,4044.4,2,1,4044.2,50,1,4044.0,428,3,4043.8,20,1,4044.9,94,5,4045.0,77,2,4045.1,51,2,4045.2,42,1,4045.4,42,1
11483,2026-07-02 11:09:25+05:30,4044.9,1,4046.88,764721,142642.0,147311.0,4100.0,4110.0,4016.1,4092.6,23727550,4501.8,3683.4,4440.0,3288.1,4044.8,2,2,4044.4,2,1,4044.2,50,1,4044.0,428,3,4043.8,20,1,4044.9,94,5,4045.0,77,2,4045.1,51,2,4045.2,42,1,4045.4,42,1
11483,2026-07-02 11:09:25+05:30,4044.9,1,4046.88,764722,142645.0,147310.0,4100.0,4110.0,4016.1,4092.6,23727550,4501.8,3683.4,4440.0,3288.1,4044.8,2,2,4044.4,2,1,4044.2,50,1,4044.0,428,3,4043.8,20,1,4044.9,93,5,4045.0,77,2,4045.1,51,2,4045.2,42,1,4045.4,42,1
11483,2026-07-02 11:09:26+05:30,4044.9,7,4046.88,764722,142645.0,147310.0,4100.0,4110.0,4016.1,4092.6,23727550,4501.8,3683.4,4440.0,3288.1,4044.8,2,2,4044.4,2,1,4044.2,50,1,4044.0,428,3,4043.8,20,1,4044.9,93,5,4045.0,77,2,4045.1,51,2,4045.2,42,1,4045.4,42,1
11483,2026-07-02 11:09:26+05:30,4044.9,1,4046.88,764738,142653.0,147136.0,4100.0,4110.0,4016.1,4092.6,23727550,4501.8,3683.4,4440.0,3288.1,4044.2,47,1,4044.0,428,3,4043.6,17,1,4043.4,9,2,4043.3,54,4,4044.6,67,1,4044.7,42,1,4044.8,42,1,4044.9,59,4,4045.0,37,2
11483,2026-07-02 11:09:27+05:30,4044.5,1,4046.88,764738,142653.0,147136.0,4100.0,4110.0,4016.1,4092.6,23727550,4501.8,3683.4,4440.0,3288.1,4044.2,47,1,4044.0,428,3,4043.6,17,1,4043.4,9,2,4043.3,54,4,4044.6,67,1,4044.7,42,1,4044.8,42,1,4044.9,59,4,4045.0,37,2
11483,2026-07-02 11:09:27+05:30,4044.5,1,4046.88,764740,142541.0,147236.0,4100.0,4110.0,4016.1,4092.6,23727550,4501.8,3683.4,4440.0,3288.1,4044.2,47,1,4044.0,428,3,4043.6,17,1,4043.4,7,1,4043.3,24,3,4044.4,117,2,4044.5,40,1,4044.6,43,2,4044.7,42,1,4044.9,57,3
11483,2026-07-02 11:09:28+05:30,4044.3,1,4046.88,764740,142541.0,147236.0,4100.0,4110.0,4016.1,4092.6,23727550,4501.8,3683.4,4440.0,3288.1,4044.2,47,1,4044.0,428,3,4043.6,17,1,4043.4,7,1,4043.3,24,3,4044.4,117,2,4044.5,40,1,4044.6,43,2,4044.7,42,1,4044.9,57,3
11483,2026-07-02 11:09:28+05:30,4044.2,2,4046.88,764744,142416.0,147518.0,4100.0,4110.0,4016.1,4092.6,23727550,4501.8,3683.4,4440.0,3288.1,4044.2,45,1,4044.0,428,3,4043.6,17,1,4043.4,9,2,4043.3,20,1,4044.3,49,1,4044.4,4,2,4044.5,82,2,4044.6,42,1,4044.8,42,1
11483,2026-07-02 11:09:29+05:30,4044.2,5,4046.88,764744,142416.0,147518.0,4100.0,4110.0,4016.1,4092.6,23727550,4501.8,3683.4,4440.0,3288.1,4044.2,45,1,4044.0,428,3,4043.6,17,1,4043.4,9,2,4043.3,20,1,4044.3,49,1,4044.4,4,2,4044.5,82,2,4044.6,42,1,4044.8,42,1
11483,2026-07-02 11:09:29+05:30,4044.3,1,4046.88,764758,142362.0,147569.0,4100.0,4110.0,4016.1,4092.6,23727550,4501.8,3683.4,4440.0,3288.1,4044.2,40,1,4044.0,428,3,4043.6,17,1,4043.4,7,1,4043.3,22,2,4044.3,105,3,4044.4,3,1,4044.5,82,2,4044.6,42,1,4044.8,42,1
11483,2026-07-02 11:09:30+05:30,4044.3,1,4046.88,764758,142362.0,147569.0,4100.0,4110.0,4016.1,4092.6,23727550,4501.8,3683.4,4440.0,3288.1,4044.2,40,1,4044.0,428,3,4043.6,17,1,4043.4,7,1,4043.3,22,2,4044.3,105,3,4044.4,3,1,4044.5,82,2,4044.6,42,1,4044.8,42,1
11483,2026-07-02 11:09:30+05:30,4044.0,160,4046.87,764959,142111.0,147850.0,4100.0,4110.0,4016.1,4092.6,23727550,4501.8,3683.4,4440.0,3288.1,4044.0,268,3,4043.6,17,1,4043.3,20,1,4043.2,19,1,4043.1,2,1,4044.3,105,4,4044.4,3,1,4044.5,82,2,4044.6,42,1,4044.8,42,1
11483,2026-07-02 11:09:31+05:30,4044.1,1,4046.87,764959,142111.0,147850.0,4100.0,4110.0,4016.1,4092.6,23727550,4501.8,3683.4,4440.0,3288.1,4044.0,268,3,4043.6,17,1,4043.3,20,1,4043.2,19,1,4043.1,2,1,4044.3,105,4,4044.4,3,1,4044.5,82,2,4044.6,42,1,4044.8,42,1
11483,2026-07-02 11:09:31+05:30,4044.1,1,4046.87,764967,142084.0,147905.0,4100.0,4110.0,4016.1,4092.6,23727550,4501.8,3683.4,4440.0,3288.1,4044.0,268,3,4043.6,17,1,4043.2,19,1,4043.1,2,1,4043.0,170,9,4044.1,44,2,4044.3,83,4,4044.4,45,2,4044.5,40,1,4044.6,42,1
11483,2026-07-02 11:09:31+05:30,4044.1,1,4046.87,764967,142084.0,147905.0,4100.0,4110.0,4016.1,4092.6,23727550,4501.8,3683.4,4440.0,3288.1,4044.0,268,3,4043.6,17,1,4043.2,19,1,4043.1,2,1,4043.0,170,9,4044.1,44,2,4044.3,83,4,4044.4,45,2,4044.5,40,1,4044.6,42,1
11483,2026-07-02 11:09:32+05:30,4044.1,1,4046.87,764967,142084.0,147905.0,4100.0,4110.0,4016.1,4092.6,23727550,4501.8,3683.4,4440.0,3288.1,4044.0,268,3,4043.6,17,1,4043.2,19,1,4043.1,2,1,4043.0,170,9,4044.1,44,2,4044.3,83,4,4044.4,45,2,4044.5,40,1,4044.6,42,1
11483,2026-07-02 11:09:32+05:30,4044.1,1,4046.87,764967,142084.0,147905.0,4100.0,4110.0,4016.1,4092.6,23727550,4501.8,3683.4,4440.0,3288.1,4044.0,268,3,4043.6,17,1,4043.2,19,1,4043.1,2,1,4043.0,170,9,4044.1,44,2,4044.3,83,4,4044.4,45,2,4044.5,40,1,4044.6,42,1
11483,2026-07-02 11:09:32+05:30,4044.1,2,4046.87,764971,141961.0,147765.0,4100.0,4110.0,4016.1,4092.6,23727550,4501.8,3683.4,4440.0,3288.1,4044.0,269,4,4043.6,17,1,4043.1,22,2,4043.0,168,8,4042.8,135,2,4044.1,42,3,4044.2,10,1,4044.3,52,2,4044.4,3,1,4044.9,15,2
11483,2026-07-02 11:09:32+05:30,4044.1,2,4046.87,764971,141961.0,147765.0,4100.0,4110.0,4016.1,4092.6,23727550,4501.8,3683.4,4440.0,3288.1,4044.0,269,4,4043.6,17,1,4043.1,22,2,4043.0,168,8,4042.8,135,2,4044.1,42,3,4044.2,10,1,4044.3,52,2,4044.4,3,1,4044.9,15,2
11483,2026-07-02 11:09:33+05:30,4044.1,1,4046.87,764971,141961.0,147765.0,4100.0,4110.0,4016.1,4092.6,23727550,4501.8,3683.4,4440.0,3288.1,4044.0,269,4,4043.6,17,1,4043.1,22,2,4043.0,168,8,4042.8,135,2,4044.1,42,3,4044.2,10,1,4044.3,52,2,4044.4,3,1,4044.9,15,2
11483,2026-07-02 11:09:33+05:30,4044.1,1,4046.87,764971,141961.0,147765.0,4100.0,4110.0,4016.1,4092.6,23727550,4501.8,3683.4,4440.0,3288.1,4044.0,269,4,4043.6,17,1,4043.1,22,2,4043.0,168,8,4042.8,135,2,4044.1,42,3,4044.2,10,1,4044.3,52,2,4044.4,3,1,4044.9,15,2
11483,2026-07-02 11:09:33+05:30,4044.1,1,4046.87,764972,141964.0,147843.0,4100.0,4110.0,4016.1,4092.6,23727550,4501.8,3683.4,4440.0,3288.1,4044.0,269,4,4043.1,29,2,4043.0,168,8,4042.9,19,1,4042.8,135,2,4044.1,42,4,4044.2,10,1,4044.3,52,2,4044.4,3,1,4044.9,15,2
11483,2026-07-02 11:09:33+05:30,4044.1,1,4046.87,764972,141964.0,147843.0,4100.0,4110.0,4016.1,4092.6,23727550,4501.8,3683.4,4440.0,3288.1,4044.0,269,4,4043.1,29,2,4043.0,168,8,4042.9,19,1,4042.8,135,2,4044.1,42,4,4044.2,10,1,4044.3,52,2,4044.4,3,1,4044.9,15,2
11483,2026-07-02 11:09:34+05:30,4044.1,30,4046.87,764972,141964.0,147843.0,4100.0,4110.0,4016.1,4092.6,23727550,4501.8,3683.4,4440.0,3288.1,4044.0,269,4,4043.1,29,2,4043.0,168,8,4042.9,19,1,4042.8,135,2,4044.1,42,4,4044.2,10,1,4044.3,52,2,4044.4,3,1,4044.9,15,2
11483,2026-07-02 11:09:34+05:30,4044.1,30,4046.87,764972,141964.0,147843.0,4100.0,4110.0,4016.1,4092.6,23727550,4501.8,3683.4,4440.0,3288.1,4044.0,269,4,4043.1,29,2,4043.0,168,8,4042.9,19,1,4042.8,135,2,4044.1,42,4,4044.2,10,1,4044.3,52,2,4044.4,3,1,4044.9,15,2
11483,2026-07-02 11:09:34+05:30,4044.1,8,4046.87,765022,141938.0,147838.0,4100.0,4110.0,4016.1,4092.6,23727550,4501.8,3683.4,4440.0,3288.1,4044.0,269,4,4043.1,2,1,4043.0,168,8,4042.9,19,1,4042.8,135,2,4044.1,44,2,4044.2,10,1,4044.3,52,2,4044.4,3,1,4044.6,9,1
11483,2026-07-02 11:09:34+05:30,4044.1,8,4046.87,765022,141938.0,147838.0,4100.0,4110.0,4016.1,4092.6,23727550,4501.8,3683.4,4440.0,3288.1,4044.0,269,4,4043.1,2,1,4043.0,168,8,4042.9,19,1,4042.8,135,2,4044.1,44,2,4044.2,10,1,4044.3,52,2,4044.4,3,1,4044.6,9,1
11483,2026-07-02 11:09:35+05:30,4044.1,8,4046.87,765022,141938.0,147838.0,4100.0,4110.0,4016.1,4092.6,23727550,4501.8,3683.4,4440.0,3288.1,4044.0,269,4,4043.1,2,1,4043.0,168,8,4042.9,19,1,4042.8,135,2,4044.1,44,2,4044.2,10,1,4044.3,52,2,4044.4,3,1,4044.6,9,1
11483,2026-07-02 11:09:35+05:30,4044.1,8,4046.87,765022,141938.0,147838.0,4100.0,4110.0,4016.1,4092.6,23727550,4501.8,3683.4,4440.0,3288.1,4044.0,269,4,4043.1,2,1,4043.0,168,8,4042.9,19,1,4042.8,135,2,4044.1,44,2,4044.2,10,1,4044.3,52,2,4044.4,3,1,4044.6,9,1
11483,2026-07-02 11:09:35+05:30,4044.1,8,4046.87,765022,141938.0,147838.0,4100.0,4110.0,4016.1,4092.6,23730700,4501.8,3683.4,4440.0,3288.1,4044.0,269,4,4043.1,2,1,4043.0,168,8,4042.9,19,1,4042.8,135,2,4044.1,44,2,4044.2,10,1,4044.3,52,2,4044.4,3,1,4044.6,9,1
11483,2026-07-02 11:09:35+05:30,4044.1,1,4046.87,765023,141939.0,147837.0,4100.0,4110.0,4016.1,4092.6,23730700,4501.8,3683.4,4440.0,3288.1,4044.0,269,4,4043.1,2,1,4043.0,168,8,4042.9,19,1,4042.8,135,2,4044.1,43,2,4044.2,10,1,4044.3,52,2,4044.4,3,1,4044.6,9,1
11483,2026-07-02 11:09:35+05:30,4044.1,1,4046.87,765023,141939.0,147837.0,4100.0,4110.0,4016.1,4092.6,23730700,4501.8,3683.4,4440.0,3288.1,4044.0,269,4,4043.1,2,1,4043.0,168,8,4042.9,19,1,4042.8,135,2,4044.1,43,2,4044.2,10,1,4044.3,52,2,4044.4,3,1,4044.6,9,1
11483,2026-07-02 11:09:36+05:30,4044.1,1,4046.87,765023,141939.0,147837.0,4100.0,4110.0,4016.1,4092.6,23730700,4501.8,3683.4,4440.0,3288.1,4044.0,269,4,4043.1,2,1,4043.0,168,8,4042.9,19,1,4042.8,135,2,4044.1,43,2,4044.2,10,1,4044.3,52,2,4044.4,3,1,4044.6,9,1
11483,2026-07-02 11:09:36+05:30,4044.1,1,4046.87,765023,141939.0,147837.0,4100.0,4110.0,4016.1,4092.6,23730700,4501.8,3683.4,4440.0,3288.1,4044.0,269,4,4043.1,2,1,4043.0,168,8,4042.9,19,1,4042.8,135,2,4044.1,43,2,4044.2,10,1,4044.3,52,2,4044.4,3,1,4044.6,9,1
11483,2026-07-02 11:09:36+05:30,4044.1,1,4046.87,765023,141939.0,147837.0,4100.0,4110.0,4016.1,4092.6,23730700,4501.8,3683.4,4440.0,3288.1,4044.0,269,4,4043.1,2,1,4043.0,168,8,4042.9,19,1,4042.8,135,2,4044.1,43,2,4044.2,10,1,4044.3,52,2,4044.4,3,1,4044.6,9,1
11483,2026-07-02 11:09:36+05:30,4044.1,1,4046.87,765031,141912.0,147864.0,4100.0,4110.0,4016.1,4092.6,23730700,4501.8,3683.4,4440.0,3288.1,4044.0,262,4,4043.1,2,1,4043.0,169,9,4042.8,135,2,4042.7,30,2,4044.1,55,3,4044.2,18,2,4044.3,39,1,4044.4,3,1,4044.6,17,2
11483,2026-07-02 11:09:36+05:30,4044.1,1,4046.87,765031,141912.0,147864.0,4100.0,4110.0,4016.1,4092.6,23730700,4501.8,3683.4,4440.0,3288.1,4044.0,262,4,4043.1,2,1,4043.0,169,9,4042.8,135,2,4042.7,30,2,4044.1,55,3,4044.2,18,2,4044.3,39,1,4044.4,3,1,4044.6,17,2
11483,2026-07-02 11:09:37+05:30,4044.1,3,4046.87,765031,141912.0,147864.0,4100.0,4110.0,4016.1,4092.6,23730700,4501.8,3683.4,4440.0,3288.1,4044.0,262,4,4043.1,2,1,4043.0,169,9,4042.8,135,2,4042.7,30,2,4044.1,55,3,4044.2,18,2,4044.3,39,1,4044.4,3,1,4044.6,17,2
11483,2026-07-02 11:09:37+05:30,4044.1,3,4046.87,765031,141912.0,147864.0,4100.0,4110.0,4016.1,4092.6,23730700,4501.8,3683.4,4440.0,3288.1,4044.0,262,4,4043.1,2,1,4043.0,169,9,4042.8,135,2,4042.7,30,2,4044.1,55,3,4044.2,18,2,4044.3,39,1,4044.4,3,1,4044.6,17,2
11483,2026-07-02 11:09:37+05:30,4044.1,3,4046.87,765064,141962.0,147886.0,4100.0,4110.0,4016.1,4092.6,23730700,4501.8,3683.4,4440.0,3288.1,4044.0,235,3,4043.1,2,1,4043.0,169,9,4042.8,135,2,4042.7,30,2,4044.1,48,3,4044.2,18,2,4044.3,39,1,4044.4,3,1,4044.6,17,2
11483,2026-07-02 11:09:38+05:30,4044.0,1,4046.87,765064,141962.0,147886.0,4100.0,4110.0,4016.1,4092.6,23730700,4501.8,3683.4,4440.0,3288.1,4044.0,235,3,4043.1,2,1,4043.0,169,9,4042.8,135,2,4042.7,30,2,4044.1,48,3,4044.2,18,2,4044.3,39,1,4044.4,3,1,4044.6,17,2
11483,2026-07-02 11:09:38+05:30,4044.0,10,4046.87,765075,141992.0,147857.0,4100.0,4110.0,4016.1,4092.6,23730700,4501.8,3683.4,4440.0,3288.1,4044.0,259,4,4043.1,2,1,4043.0,134,8,4042.8,135,2,4042.7,30,2,4044.1,48,3,4044.2,8,1,4044.3,39,1,4044.4,3,1,4044.6,17,2
11483,2026-07-02 11:09:39+05:30,4044.1,7,4046.87,765075,141992.0,147857.0,4100.0,4110.0,4016.1,4092.6,23730700,4501.8,3683.4,4440.0,3288.1,4044.0,259,4,4043.1,2,1,4043.0,134,8,4042.8,135,2,4042.7,30,2,4044.1,48,3,4044.2,8,1,4044.3,39,1,4044.4,3,1,4044.6,17,2
11483,2026-07-02 11:09:39+05:30,4044.1,5,4046.87,765117,142211.0,147564.0,4100.0,4110.0,4016.1,4092.6,23730700,4501.8,3683.4,4440.0,3288.1,4044.0,483,4,4043.1,2,1,4043.0,134,8,4042.8,135,2,4042.7,30,2,4044.1,19,2,4044.3,39,1,4044.4,3,1,4044.6,8,1,4044.8,14,2
11483,2026-07-02 11:09:40+05:30,4044.0,1,4046.87,765117,142211.0,147564.0,4100.0,4110.0,4016.1,4092.6,23730700,4501.8,3683.4,4440.0,3288.1,4044.0,483,4,4043.1,2,1,4043.0,134,8,4042.8,135,2,4042.7,30,2,4044.1,19,2,4044.3,39,1,4044.4,3,1,4044.6,8,1,4044.8,14,2
11483,2026-07-02 11:09:40+05:30,4044.0,1,4046.87,765118,142209.0,147606.0,4100.0,4110.0,4016.1,4092.6,23730700,4501.8,3683.4,4440.0,3288.1,4044.0,482,4,4043.1,2,1,4043.0,134,8,4042.8,135,2,4042.7,30,2,4044.1,19,2,4044.3,39,1,4044.4,3,1,4044.6,8,1,4044.8,2,1
11483,2026-07-02 11:09:41+05:30,4044.0,1,4046.87,765118,142209.0,147606.0,4100.0,4110.0,4016.1,4092.6,23730700,4501.8,3683.4,4440.0,3288.1,4044.0,482,4,4043.1,2,1,4043.0,134,8,4042.8,135,2,4042.7,30,2,4044.1,19,2,4044.3,39,1,4044.4,3,1,4044.6,8,1,4044.8,2,1
11483,2026-07-02 11:09:41+05:30,4044.1,1,4046.87,765122,142204.0,147720.0,4100.0,4110.0,4016.1,4092.6,23730700,4501.8,3683.4,4440.0,3288.1,4044.0,481,4,4043.1,2,1,4043.0,134,8,4042.8,135,2,4042.7,30,2,4044.1,29,4,4044.3,39,1,4044.4,3,1,4044.8,2,1,4044.9,37,4
11483,2026-07-02 11:09:42+05:30,4044.0,1,4046.87,765122,142204.0,147720.0,4100.0,4110.0,4016.1,4092.6,23730700,4501.8,3683.4,4440.0,3288.1,4044.0,481,4,4043.1,2,1,4043.0,134,8,4042.8,135,2,4042.7,30,2,4044.1,29,4,4044.3,39,1,4044.4,3,1,4044.8,2,1,4044.9,37,4
11483,2026-07-02 11:09:42+05:30,4044.0,1,4046.87,765123,142191.0,147770.0,4100.0,4110.0,4016.1,4092.6,23730700,4501.8,3683.4,4440.0,3288.1,4044.0,481,5,4043.1,2,1,4043.0,134,8,4042.9,19,1,4042.8,135,2,4044.1,17,3,4044.3,51,2,4044.4,3,1,4044.8,2,1,4044.9,24,3
11483,2026-07-02 11:09:43+05:30,4044.0,1,4046.87,765123,142191.0,147770.0,4100.0,4110.0,4016.1,4092.6,23730700,4501.8,3683.4,4440.0,3288.1,4044.0,481,5,4043.1,2,1,4043.0,134,8,4042.9,19,1,4042.8,135,2,4044.1,17,3,4044.3,51,2,4044.4,3,1,4044.8,2,1,4044.9,24,3
11483,2026-07-02 11:09:43+05:30,4044.0,1,4046.87,765912,141821.0,147977.0,4100.0,4110.0,4016.1,4092.6,23730700,4501.8,3683.4,4440.0,3288.1,4044.0,264,3,4043.1,6,1,4043.0,134,8,4042.8,135,2,4042.7,62,3,4044.1,32,5,4044.3,47,2,4044.4,3,1,4044.6,8,1,4044.8,2,1
11483,2026-07-02 11:09:44+05:30,4044.0,4,4046.87,765912,141821.0,147977.0,4100.0,4110.0,4016.1,4092.6,23730700,4501.8,3683.4,4440.0,3288.1,4044.0,264,3,4043.1,6,1,4043.0,134,8,4042.8,135,2,4042.7,62,3,4044.1,32,5,4044.3,47,2,4044.4,3,1,4044.6,8,1,4044.8,2,1
11483,2026-07-02 11:09:44+05:30,4044.0,4,4046.87,765917,141829.0,147986.0,4100.0,4110.0,4016.1,4092.6,23730700,4501.8,3683.4,4440.0,3288.1,4044.0,259,3,4043.1,6,1,4043.0,134,8,4042.8,135,2,4042.7,79,4,4044.1,36,6,4044.3,47,2,4044.4,3,1,4044.6,8,1,4044.8,2,1
11483,2026-07-02 11:09:45+05:30,4044.1,1,4046.87,765917,141829.0,147986.0,4100.0,4110.0,4016.1,4092.6,23730700,4501.8,3683.4,4440.0,3288.1,4044.0,259,3,4043.1,6,1,4043.0,134,8,4042.8,135,2,4042.7,79,4,4044.1,36,6,4044.3,47,2,4044.4,3,1,4044.6,8,1,4044.8,2,1
11483,2026-07-02 11:09:45+05:30,4044.1,1,4046.87,766063,141734.0,147890.0,4100.0,4110.0,4016.1,4092.6,23730700,4501.8,3683.4,4440.0,3288.1,4044.1,4,1,4044.0,258,3,4043.1,6,1,4043.0,134,8,4042.8,122,1,4044.4,2,1,4044.6,8,1,4044.8,2,1,4044.9,24,3,4045.0,40,2
11483,2026-07-02 11:09:46+05:30,4044.1,7,4046.87,766063,141734.0,147890.0,4100.0,4110.0,4016.1,4092.6,23730700,4501.8,3683.4,4440.0,3288.1,4044.1,4,1,4044.0,258,3,4043.1,6,1,4043.0,134,8,4042.8,122,1,4044.4,2,1,4044.6,8,1,4044.8,2,1,4044.9,24,3,4045.0,40,2
11483,2026-07-02 11:09:46+05:30,4044.1,7,4046.87,766081,141659.0,148153.0,4100.0,4110.0,4016.1,4092.6,23730700,4501.8,3683.4,4440.0,3288.1,4044.0,257,3,4043.0,134,8,4042.9,2,1,4042.8,122,1,4042.7,62,3,4044.1,59,1,4044.2,75,2,4044.4,83,5,4044.6,9,1,4044.7,9,1
11483,2026-07-02 11:09:47+05:30,4044.1,1,4046.87,766081,141659.0,148153.0,4100.0,4110.0,4016.1,4092.6,23730700,4501.8,3683.4,4440.0,3288.1,4044.0,257,3,4043.0,134,8,4042.9,2,1,4042.8,122,1,4042.7,62,3,4044.1,59,1,4044.2,75,2,4044.4,83,5,4044.6,9,1,4044.7,9,1
11483,2026-07-02 11:09:47+05:30,4044.0,3,4046.87,766086,141651.0,148150.0,4100.0,4110.0,4016.1,4092.6,23730700,4501.8,3683.4,4440.0,3288.1,4044.0,252,2,4043.0,134,8,4042.9,2,1,4042.8,122,1,4042.7,62,3,4044.1,82,4,4044.2,66,1,4044.4,68,3,4044.6,9,1,4044.7,9,1
11483,2026-07-02 11:09:48+05:30,4044.0,1,4046.87,766086,141651.0,148150.0,4100.0,4110.0,4016.1,4092.6,23730700,4501.8,3683.4,4440.0,3288.1,4044.0,252,2,4043.0,134,8,4042.9,2,1,4042.8,122,1,4042.7,62,3,4044.1,82,4,4044.2,66,1,4044.4,68,3,4044.6,9,1,4044.7,9,1
11483,2026-07-02 11:09:48+05:30,4044.0,3,4046.87,766091,141683.0,148168.0,4100.0,4110.0,4016.1,4092.6,23730700,4501.8,3683.4,4440.0,3288.1,4044.0,282,2,4043.0,134,8,4042.9,2,1,4042.8,122,1,4042.7,62,3,4044.1,83,5,4044.2,69,2,4044.4,68,3,4044.6,9,1,4044.7,9,1
11483,2026-07-02 11:09:49+05:30,4044.0,1,4046.87,766091,141683.0,148168.0,4100.0,4110.0,4016.1,4092.6,23730700,4501.8,3683.4,4440.0,3288.1,4044.0,282,2,4043.0,134,8,4042.9,2,1,4042.8,122,1,4042.7,62,3,4044.1,83,5,4044.2,69,2,4044.4,68,3,4044.6,9,1,4044.7,9,1
11483,2026-07-02 11:09:49+05:30,4044.0,1,4046.87,766093,141694.0,148168.0,4100.0,4110.0,4016.1,4092.6,23730700,4501.8,3683.4,4440.0,3288.1,4044.0,281,2,4043.0,134,8,4042.9,2,1,4042.8,122,1,4042.7,62,3,4044.1,82,5,4044.2,69,2,4044.4,68,3,4044.6,9,1,4044.7,9,1
11483,2026-07-02 11:09:50+05:30,4044.0,1,4046.87,766093,141694.0,148168.0,4100.0,4110.0,4016.1,4092.6,23730700,4501.8,3683.4,4440.0,3288.1,4044.0,281,2,4043.0,134,8,4042.9,2,1,4042.8,122,1,4042.7,62,3,4044.1,82,5,4044.2,69,2,4044.4,68,3,4044.6,9,1,4044.7,9,1
11483,2026-07-02 11:09:50+05:30,4044.0,1,4046.87,766094,141719.0,148212.0,4100.0,4110.0,4016.1,4092.6,23730700,4501.8,3683.4,4440.0,3288.1,4044.0,280,2,4043.0,122,7,4042.9,2,1,4042.8,122,1,4042.7,62,3,4044.1,87,6,4044.2,69,2,4044.4,68,3,4044.6,9,1,4044.7,19,2
11483,2026-07-02 11:09:51+05:30,4044.1,4,4046.87,766094,141719.0,148212.0,4100.0,4110.0,4016.1,4092.6,23730700,4501.8,3683.4,4440.0,3288.1,4044.0,280,2,4043.0,122,7,4042.9,2,1,4042.8,122,1,4042.7,62,3,4044.1,87,6,4044.2,69,2,4044.4,68,3,4044.6,9,1,4044.7,19,2
11483,2026-07-02 11:09:51+05:30,4044.1,65,4046.87,766249,141756.0,148109.0,4100.0,4110.0,4016.1,4092.6,23730700,4501.8,3683.4,4440.0,3288.1,4044.0,279,2,4043.1,2,1,4043.0,252,7,4042.8,122,1,4042.7,62,3,4044.1,37,5,4044.2,66,1,4044.4,68,3,4044.5,7,1,4044.6,9,1
11483,2026-07-02 11:09:52+05:30,4044.0,1,4046.87,766249,141756.0,148109.0,4100.0,4110.0,4016.1,4092.6,23730700,4501.8,3683.4,4440.0,3288.1,4044.0,279,2,4043.1,2,1,4043.0,252,7,4042.8,122,1,4042.7,62,3,4044.1,37,5,4044.2,66,1,4044.4,68,3,4044.5,7,1,4044.6,9,1
11483,2026-07-02 11:09:52+05:30,4044.1,1,4046.87,766256,141901.0,148153.0,4100.0,4110.0,4016.1,4092.6,23730700,4501.8,3683.4,4440.0,3288.1,4044.0,279,3,4043.1,2,1,4043.0,252,7,4042.8,139,2,4042.7,62,3,4044.1,24,5,4044.2,66,1,4044.3,11,1,4044.4,68,3,4044.5,7,1
11483,2026-07-02 11:09:53+05:30,4044.1,1,4046.87,766256,141901.0,148153.0,4100.0,4110.0,4016.1,4092.6,23730700,4501.8,3683.4,4440.0,3288.1,4044.0,279,3,4043.1,2,1,4043.0,252,7,4042.8,139,2,4042.7,62,3,4044.1,24,5,4044.2,66,1,4044.3,11,1,4044.4,68,3,4044.5,7,1
11483,2026-07-02 11:09:53+05:30,4044.1,1,4046.87,766258,141902.0,148143.0,4100.0,4110.0,4016.1,4092.6,23730700,4501.8,3683.4,4440.0,3288.1,4044.0,279,3,4043.1,2,1,4043.0,252,7,4042.8,139,2,4042.7,62,3,4044.1,83,7,4044.3,66,1,4044.4,19,3,4044.5,7,1,4044.6,9,1
11483,2026-07-02 11:09:54+05:30,4044.1,2,4046.87,766258,141902.0,148143.0,4100.0,4110.0,4016.1,4092.6,23730700,4501.8,3683.4,4440.0,3288.1,4044.0,279,3,4043.1,2,1,4043.0,252,7,4042.8,139,2,4042.7,62,3,4044.1,83,7,4044.3,66,1,4044.4,19,3,4044.5,7,1,4044.6,9,1
11483,2026-07-02 11:09:54+05:30,4044.1,2,4046.87,766260,141908.0,148374.0,4100.0,4110.0,4016.1,4092.6,23730700,4501.8,3683.4,4440.0,3288.1,4044.0,279,3,4043.1,2,1,4043.0,252,7,4042.8,139,2,4042.7,62,3,4044.1,82,8,4044.3,66,1,4044.4,19,3,4044.5,7,1,4044.6,9,1
11483,2026-07-02 11:09:55+05:30,4044.1,2,4046.87,766260,141918.0,148342.0,4100.0,4110.0,4016.1,4092.6,23730700,4501.8,3683.4,4440.0,3288.1,4044.0,279,3,4043.1,2,1,4043.0,252,7,4042.8,139,2,4042.7,62,3,4044.1,82,8,4044.3,66,1,4044.4,19,3,4044.5,7,1,4044.6,9,1
11483,2026-07-02 11:09:56+05:30,4044.0,7,4046.87,766260,141918.0,148342.0,4100.0,4110.0,4016.1,4092.6,23730700,4501.8,3683.4,4440.0,3288.1,4044.0,279,3,4043.1,2,1,4043.0,252,7,4042.8,139,2,4042.7,62,3,4044.1,82,8,4044.3,66,1,4044.4,19,3,4044.5,7,1,4044.6,9,1
11483,2026-07-02 11:09:56+05:30,4044.0,7,4046.87,766268,141911.0,148372.0,4100.0,4110.0,4016.1,4092.6,23730700,4501.8,3683.4,4440.0,3288.1,4044.0,271,3,4043.0,252,7,4042.8,141,3,4042.7,62,3,4042.6,59,2,4044.1,91,8,4044.2,3,1,4044.3,70,2,4044.4,19,3,4044.5,7,1
11483,2026-07-02 11:09:57+05:30,4044.1,1,4046.87,766268,141911.0,148372.0,4100.0,4110.0,4016.1,4092.6,23730700,4501.8,3683.4,4440.0,3288.1,4044.0,271,3,4043.0,252,7,4042.8,141,3,4042.7,62,3,4042.6,59,2,4044.1,91,8,4044.2,3,1,4044.3,70,2,4044.4,19,3,4044.5,7,1
11483,2026-07-02 11:09:57+05:30,4044.1,1,4046.87,766272,141910.0,148431.0,4100.0,4110.0,4016.1,4092.6,23730700,4501.8,3683.4,4440.0,3288.1,4044.0,270,2,4043.0,252,7,4042.8,139,2,4042.7,64,4,4042.6,59,2,4044.1,97,9,4044.3,70,2,4044.4,19,3,4044.5,7,1,4044.6,9,1
11483,2026-07-02 11:09:58+05:30,4044.0,14,4046.87,766272,141910.0,148431.0,4100.0,4110.0,4016.1,4092.6,23730700,4501.8,3683.4,4440.0,3288.1,4044.0,270,2,4043.0,252,7,4042.8,139,2,4042.7,64,4,4042.6,59,2,4044.1,97,9,4044.3,70,2,4044.4,19,3,4044.5,7,1,4044.6,9,1
11483,2026-07-02 11:09:58+05:30,4043.0,41,4046.86,768314,139602.0,148874.0,4100.0,4110.0,4016.1,4092.6,23730700,4501.8,3683.4,4440.0,3288.1,4043.0,109,1,4042.5,2,1,4042.2,44,1,4042.1,73,2,4042.0,52,5,4043.9,59,5,4044.0,89,9,4044.1,106,9,4044.2,24,2,4044.3,135,6
11483,2026-07-02 11:09:59+05:30,4043.0,54,4046.86,768314,139602.0,148874.0,4100.0,4110.0,4016.1,4092.6,23730700,4501.8,3683.4,4440.0,3288.1,4043.0,109,1,4042.5,2,1,4042.2,44,1,4042.1,73,2,4042.0,52,5,4043.9,59,5,4044.0,89,9,4044.1,106,9,4044.2,24,2,4044.3,135,6
11483,2026-07-02 11:09:59+05:30,4043.6,5,4046.86,768398,139605.0,149089.0,4100.0,4110.0,4016.1,4092.6,23730700,4501.8,3683.4,4440.0,3288.1,4043.0,38,1,4042.3,2,1,4042.2,44,1,4042.1,12,1,4042.0,52,5,4043.6,45,4,4043.7,32,3,4043.8,60,4,4043.9,40,5,4044.0,156,11
11483,2026-07-02 11:10:00+05:30,4043.4,1,4046.86,768398,139605.0,149089.0,4100.0,4110.0,4016.1,4092.6,23730700,4501.8,3683.4,4440.0,3288.1,4043.0,38,1,4042.3,2,1,4042.2,44,1,4042.1,12,1,4042.0,52,5,4043.6,45,4,4043.7,32,3,4043.8,60,4,4043.9,40,5,4044.0,156,11
11483,2026-07-02 11:10:00+05:30,4043.0,1,4046.86,768459,139570.0,149186.0,4100.0,4110.0,4016.1,4092.6,23730700,4501.8,3683.4,4440.0,3288.1,4043.0,149,1,4042.3,2,1,4042.2,44,1,4042.1,12,1,4042.0,52,5,4043.4,28,2,4043.5,8,2,4043.6,102,5,4043.7,42,4,4043.8,91,3
11483,2026-07-02 11:10:01+05:30,4043.2,1,4046.86,768459,139570.0,149186.0,4100.0,4110.0,4016.1,4092.6,23730700,4501.8,3683.4,4440.0,3288.1,4043.0,149,1,4042.3,2,1,4042.2,44,1,4042.1,12,1,4042.0,52,5,4043.4,28,2,4043.5,8,2,4043.6,102,5,4043.7,42,4,4043.8,91,3
11483,2026-07-02 11:10:01+05:30,4043.2,1,4046.86,768587,139460.0,149181.0,4100.0,4110.0,4016.1,4092.6,23730700,4501.8,3683.4,4440.0,3288.1,4043.0,27,1,4042.3,2,1,4042.2,44,1,4042.1,12,1,4042.0,52,5,4043.2,1,1,4043.3,28,2,4043.4,95,4,4043.5,19,3,4043.6,11,2
11483,2026-07-02 11:10:02+05:30,4043.1,2,4046.86,768587,139460.0,149181.0,4100.0,4110.0,4016.1,4092.6,23730700,4501.8,3683.4,4440.0,3288.1,4043.0,27,1,4042.3,2,1,4042.2,44,1,4042.1,12,1,4042.0,52,5,4043.2,1,1,4043.3,28,2,4043.4,95,4,4043.5,19,3,4043.6,11,2
11483,2026-07-02 11:10:02+05:30,4043.0,25,4046.86,768694,139563.0,149177.0,4100.0,4110.0,4016.1,4092.6,23730700,4501.8,3683.4,4440.0,3288.1,4043.0,125,1,4042.2,46,2,4042.1,12,1,4042.0,52,5,4041.9,2,1,4043.2,100,5,4043.3,11,1,4043.4,29,2,4043.5,68,3,4043.6,9,1
11483,2026-07-02 11:10:03+05:30,4043.1,1,4046.86,768694,139563.0,149177.0,4100.0,4110.0,4016.1,4092.6,23730700,4501.8,3683.4,4440.0,3288.1,4043.0,125,1,4042.2,46,2,4042.1,12,1,4042.0,52,5,4041.9,2,1,4043.2,100,5,4043.3,11,1,4043.4,29,2,4043.5,68,3,4043.6,9,1
11483,2026-07-02 11:10:03+05:30,4043.0,42,4046.86,768947,139429.0,149204.0,4100.0,4110.0,4016.1,4092.6,23730700,4501.8,3683.4,4440.0,3288.1,4043.0,106,1,4042.2,46,2,4042.1,12,1,4042.0,52,5,4041.9,2,1,4043.1,12,1,4043.2,109,8,4043.3,11,1,4043.4,12,1,4043.5,68,3
11483,2026-07-02 11:10:04+05:30,4043.0,2,4046.86,768947,139429.0,149204.0,4100.0,4110.0,4016.1,4092.6,23730700,4501.8,3683.4,4440.0,3288.1,4043.0,106,1,4042.2,46,2,4042.1,12,1,4042.0,52,5,4041.9,2,1,4043.1,12,1,4043.2,109,8,4043.3,11,1,4043.4,12,1,4043.5,68,3
11483,2026-07-02 11:10:04+05:30,4043.1,1,4046.86,769067,139335.0,149223.0,4100.0,4110.0,4016.1,4092.6,23730700,4501.8,3683.4,4440.0,3288.1,4043.0,14,1,4042.2,46,2,4042.1,12,1,4042.0,52,5,4041.9,2,1,4043.1,40,1,4043.2,44,5,4043.3,66,1,4043.4,23,2,4043.5,29,3
11483,2026-07-02 11:10:05+05:30,4043.1,19,4046.86,769067,139335.0,149223.0,4100.0,4110.0,4016.1,4092.6,23730700,4501.8,3683.4,4440.0,3288.1,4043.0,14,1,4042.2,46,2,4042.1,12,1,4042.0,52,5,4041.9,2,1,4043.1,40,1,4043.2,44,5,4043.3,66,1,4043.4,23,2,4043.5,29,3
11483,2026-07-02 11:10:05+05:30,4043.1,19,4046.86,769121,139485.0,149168.0,4100.0,4110.0,4016.1,4092.6,23730700,4501.8,3683.4,4440.0,3288.1,4043.0,150,1,4042.2,46,2,4042.1,12,1,4042.0,90,6,4041.9,2,1,4043.1,58,4,4043.2,2,2,4043.3,66,1,4043.4,23,2,4043.5,8,2
11483,2026-07-02 11:10:06+05:30,4043.0,1,4046.86,769121,139485.0,149168.0,4100.0,4110.0,4016.1,4092.6,23730700,4501.8,3683.4,4440.0,3288.1,4043.0,150,1,4042.2,46,2,4042.1,12,1,4042.0,90,6,4041.9,2,1,4043.1,58,4,4043.2,2,2,4043.3,66,1,4043.4,23,2,4043.5,8,2
11483,2026-07-02 11:10:06+05:30,4043.0,1,4046.86,769138,139533.0,149180.0,4100.0,4110.0,4016.1,4092.6,23730700,4501.8,3683.4,4440.0,3288.1,4043.0,141,1,4042.2,46,2,4042.1,12,1,4042.0,90,6,4041.9,2,1,4043.1,50,4,4043.2,1,1,4043.3,66,1,4043.4,23,2,4043.5,29,3
11483,2026-07-02 11:10:07+05:30,4043.1,1,4046.86,769138,139533.0,149180.0,4100.0,4110.0,4016.1,4092.6,23730700,4501.8,3683.4,4440.0,3288.1,4043.0,141,1,4042.2,46,2,4042.1,12,1,4042.0,90,6,4041.9,2,1,4043.1,50,4,4043.2,1,1,4043.3,66,1,4043.4,23,2,4043.5,29,3
11483,2026-07-02 11:10:07+05:30,4043.1,1,4046.86,769291,139579.0,149044.0,4100.0,4110.0,4016.1,4092.6,23730700,4501.8,3683.4,4440.0,3288.1,4043.0,158,3,4042.2,44,1,4042.1,14,2,4042.0,90,6,4041.9,2,1,4043.1,12,2,4043.2,30,3,4043.3,55,1,4043.4,66,1,4043.5,1,1
11483,2026-07-02 11:10:08+05:30,4043.1,1,4046.86,769291,139579.0,149044.0,4100.0,4110.0,4016.1,4092.6,23730700,4501.8,3683.4,4440.0,3288.1,4043.0,158,3,4042.2,44,1,4042.1,14,2,4042.0,90,6,4041.9,2,1,4043.1,12,2,4043.2,30,3,4043.3,55,1,4043.4,66,1,4043.5,1,1
11483,2026-07-02 11:10:08+05:30,4043.0,1,4046.86,769408,139502.0,149019.0,4100.0,4110.0,4016.1,4092.6,23730700,4501.8,3683.4,4440.0,3288.1,4043.0,74,3,4042.2,44,1,4042.1,14,2,4042.0,90,6,4041.9,2,1,4043.1,94,3,4043.3,55,1,4043.4,78,2,4043.5,1,1,4043.7,31,3
11483,2026-07-02 11:10:09+05:30,4043.1,1,4046.86,769408,139502.0,149019.0,4100.0,4110.0,4016.1,4092.6,23730700,4501.8,3683.4,4440.0,3288.1,4043.0,74,3,4042.2,44,1,4042.1,14,2,4042.0,90,6,4041.9,2,1,4043.1,94,3,4043.3,55,1,4043.4,78,2,4043.5,1,1,4043.7,31,3
11483,2026-07-02 11:10:09+05:30,4043.0,1,4046.86,769411,139537.0,148908.0,4100.0,4110.0,4016.1,4092.6,23730700,4501.8,3683.4,4440.0,3288.1,4043.0,73,3,4042.2,44,1,4042.1,14,2,4042.0,90,6,4041.9,2,1,4043.1,93,4,4043.4,12,1,4043.5,1,1,4043.7,31,3,4043.8,43,3
11483,2026-07-02 11:10:10+05:30,4043.1,2,4046.86,769411,139537.0,148908.0,4100.0,4110.0,4016.1,4092.6,23730700,4501.8,3683.4,4440.0,3288.1,4043.0,73,3,4042.2,44,1,4042.1,14,2,4042.0,90,6,4041.9,2,1,4043.1,93,4,4043.4,12,1,4043.5,1,1,4043.7,31,3,4043.8,43,3
11483,2026-07-02 11:10:10+05:30,4043.0,1,4046.86,769415,139531.0,148900.0,4100.0,4110.0,4016.1,4092.6,23730700,4501.8,3683.4,4440.0,3288.1,4043.0,71,3,4042.2,44,1,4042.1,14,2,4042.0,90,6,4041.9,2,1,4043.1,91,4,4043.4,12,1,4043.5,16,2,4043.7,31,3,4043.8,43,3
11483,2026-07-02 11:10:11+05:30,4043.0,1,4046.86,769415,139531.0,148900.0,4100.0,4110.0,4016.1,4092.6,23730700,4501.8,3683.4,4440.0,3288.1,4043.0,71,3,4042.2,44,1,4042.1,14,2,4042.0,90,6,4041.9,2,1,4043.1,91,4,4043.4,12,1,4043.5,16,2,4043.7,31,3,4043.8,43,3
11483,2026-07-02 11:10:11+05:30,4043.0,1,4046.86,769416,139509.0,148928.0,4100.0,4110.0,4016.1,4092.6,23730700,4501.8,3683.4,4440.0,3288.1,4043.0,70,3,4042.2,44,1,4042.1,14,2,4042.0,90,6,4041.9,2,1,4043.1,92,5,4043.4,12,1,4043.5,16,2,4043.7,31,3,4043.8,64,4
11483,2026-07-02 11:10:12+05:30,4043.1,1,4046.86,769416,139509.0,148928.0,4100.0,4110.0,4016.1,4092.6,23730700,4501.8,3683.4,4440.0,3288.1,4043.0,70,3,4042.2,44,1,4042.1,14,2,4042.0,90,6,4041.9,2,1,4043.1,92,5,4043.4,12,1,4043.5,16,2,4043.7,31,3,4043.8,64,4
11483,2026-07-02 11:10:12+05:30,4043.1,1,4046.86,769419,139530.0,148919.0,4100.0,4110.0,4016.1,4092.6,23730700,4501.8,3683.4,4440.0,3288.1,4043.0,70,4,4042.2,44,1,4042.1,14,2,4042.0,90,6,4041.9,4,2,4043.1,72,4,4043.4,12,1,4043.5,16,2,4043.7,31,3,4043.8,43,3
11483,2026-07-02 11:10:13+05:30,4043.1,6,4046.86,769419,139530.0,148919.0,4100.0,4110.0,4016.1,4092.6,23730700,4501.8,3683.4,4440.0,3288.1,4043.0,70,4,4042.2,44,1,4042.1,14,2,4042.0,90,6,4041.9,4,2,4043.1,72,4,4043.4,12,1,4043.5,16,2,4043.7,31,3,4043.8,43,3
11483,2026-07-02 11:10:13+05:30,4043.0,1,4046.86,769426,139513.0,149017.0,4100.0,4110.0,4016.1,4092.6,23730700,4501.8,3683.4,4440.0,3288.1,4043.0,69,4,4042.2,44,1,4042.1,14,2,4042.0,90,6,4041.9,4,2,4043.1,84,6,4043.4,12,1,4043.5,16,2,4043.7,31,3,4043.8,62,4
11483,2026-07-02 11:10:14+05:30,4043.0,4,4046.86,769426,139513.0,149017.0,4100.0,4110.0,4016.1,4092.6,23730700,4501.8,3683.4,4440.0,3288.1,4043.0,69,4,4042.2,44,1,4042.1,14,2,4042.0,90,6,4041.9,4,2,4043.1,84,6,4043.4,12,1,4043.5,16,2,4043.7,31,3,4043.8,62,4
11483,2026-07-02 11:10:14+05:30,4043.0,21,4046.86,769463,139592.0,149109.0,4100.0,4110.0,4016.1,4092.6,23730700,4501.8,3683.4,4440.0,3288.1,4043.0,182,4,4042.2,44,1,4042.1,14,2,4042.0,92,7,4041.9,2,1,4043.1,84,6,4043.4,12,1,4043.5,16,2,4043.7,31,3,4043.8,62,4
11483,2026-07-02 11:10:15+05:30,4043.1,10,4046.86,769463,139592.0,149109.0,4100.0,4110.0,4016.1,4092.6,23730700,4501.8,3683.4,4440.0,3288.1,4043.0,182,4,4042.2,44,1,4042.1,14,2,4042.0,92,7,4041.9,2,1,4043.1,84,6,4043.4,12,1,4043.5,16,2,4043.7,31,3,4043.8,62,4
11483,2026-07-02 11:10:15+05:30,4043.0,1,4046.86,769474,139641.0,149083.0,4100.0,4110.0,4016.1,4092.6,23730700,4501.8,3683.4,4440.0,3288.1,4043.0,181,4,4042.2,44,1,4042.1,16,3,4042.0,90,6,4041.9,2,1,4043.1,74,6,4043.4,12,1,4043.5,16,2,4043.7,31,3,4043.8,43,3
11483,2026-07-02 11:10:16+05:30,4043.0,2,4046.86,769474,139641.0,149083.0,4100.0,4110.0,4016.1,4092.6,23730700,4501.8,3683.4,4440.0,3288.1,4043.0,181,4,4042.2,44,1,4042.1,16,3,4042.0,90,6,4041.9,2,1,4043.1,74,6,4043.4,12,1,4043.5,16,2,4043.7,31,3,4043.8,43,3
11483,2026-07-02 11:10:16+05:30,4043.0,1,4046.86,769510,139564.0,149108.0,4100.0,4110.0,4016.1,4092.6,23730700,4501.8,3683.4,4440.0,3288.1,4043.0,151,2,4042.2,44,1,4042.1,14,2,4042.0,92,7,4041.9,2,1,4043.1,79,7,4043.4,18,2,4043.5,16,2,4043.7,31,3,4043.8,64,4
11483,2026-07-02 11:10:17+05:30,4043.1,3,4046.86,769510,139564.0,149108.0,4100.0,4110.0,4016.1,4092.6,23730700,4501.8,3683.4,4440.0,3288.1,4043.0,151,2,4042.2,44,1,4042.1,14,2,4042.0,92,7,4041.9,2,1,4043.1,79,7,4043.4,18,2,4043.5,16,2,4043.7,31,3,4043.8,64,4
11483,2026-07-02 11:10:17+05:30,4043.0,1,4046.86,769514,139615.0,149107.0,4100.0,4110.0,4016.1,4092.6,23730700,4501.8,3683.4,4440.0,3288.1,4043.0,159,2,4042.2,44,1,4042.1,14,2,4042.0,92,7,4041.9,24,2,4043.1,76,7,4043.4,18,2,4043.5,16,2,4043.7,31,3,4043.8,43,3
11483,2026-07-02 11:10:18+05:30,4043.0,1,4046.86,769514,139615.0,149107.0,4100.0,4110.0,4016.1,4092.6,23730700,4501.8,3683.4,4440.0,3288.1,4043.0,159,2,4042.2,44,1,4042.1,14,2,4042.0,92,7,4041.9,24,2,4043.1,76,7,4043.4,18,2,4043.5,16,2,4043.7,31,3,4043.8,43,3
11483,2026-07-02 11:10:18+05:30,4043.0,1,4046.86,769516,139589.0,149085.0,4100.0,4110.0,4016.1,4092.6,23730700,4501.8,3683.4,4440.0,3288.1,4043.0,158,3,4042.2,44,1,4042.1,16,3,4042.0,90,6,4041.9,24,2,4043.1,65,5,4043.4,12,1,4043.5,16,2,4043.7,31,3,4043.8,43,3
11483,2026-07-02 11:10:19+05:30,4043.0,1,4046.86,769516,139589.0,149085.0,4100.0,4110.0,4016.1,4092.6,23730700,4501.8,3683.4,4440.0,3288.1,4043.0,158,3,4042.2,44,1,4042.1,16,3,4042.0,90,6,4041.9,24,2,4043.1,65,5,4043.4,12,1,4043.5,16,2,4043.7,31,3,4043.8,43,3
11483,2026-07-02 11:10:19+05:30,4043.0,1,4046.86,769517,139588.0,149091.0,4100.0,4110.0,4016.1,4092.6,23730700,4501.8,3683.4,4440.0,3288.1,4043.0,157,3,4042.2,44,1,4042.1,16,3,4042.0,90,6,4041.9,24,2,4043.1,65,5,4043.4,12,1,4043.5,16,2,4043.7,31,3,4043.8,43,3
11483,2026-07-02 11:10:20+05:30,4043.0,1,4046.86,769517,139588.0,149091.0,4100.0,4110.0,4016.1,4092.6,23730700,4501.8,3683.4,4440.0,3288.1,4043.0,157,3,4042.2,44,1,4042.1,16,3,4042.0,90,6,4041.9,24,2,4043.1,65,5,4043.4,12,1,4043.5,16,2,4043.7,31,3,4043.8,43,3
11483,2026-07-02 11:10:21+05:30,4043.1,5,4046.86,769517,139588.0,149091.0,4100.0,4110.0,4016.1,4092.6,23730700,4501.8,3683.4,4440.0,3288.1,4043.0,157,3,4042.2,44,1,4042.1,16,3,4042.0,90,6,4041.9,24,2,4043.1,65,5,4043.4,12,1,4043.5,16,2,4043.7,31,3,4043.8,43,3
11483,2026-07-02 11:10:24+05:30,4042.0,1,4046.86,769517,139588.0,149091.0,4100.0,4110.0,4016.1,4092.6,23730700,4501.8,3683.4,4440.0,3288.1,4043.0,157,3,4042.2,44,1,4042.1,16,3,4042.0,90,6,4041.9,24,2,4043.1,65,5,4043.4,12,1,4043.5,16,2,4043.7,31,3,4043.8,43,3
11483,2026-07-02 11:10:25+05:30,4042.4,15,4046.85,769844,139124.0,150529.0,4100.0,4110.0,4016.1,4092.6,23730700,4501.8,3683.4,4440.0,3288.1,4042.0,39,2,4041.9,2,1,4041.8,1,1,4041.7,1,1,4041.5,1,1,4042.3,12,1,4042.4,44,5,4042.5,16,3,4042.6,17,2,4042.7,20,2
11483,2026-07-02 11:10:27+05:30,4042.0,26,4046.85,769844,139124.0,150529.0,4100.0,4110.0,4016.1,4092.6,23730700,4501.8,3683.4,4440.0,3288.1,4042.0,39,2,4041.9,2,1,4041.8,1,1,4041.7,1,1,4041.5,1,1,4042.3,12,1,4042.4,44,5,4042.5,16,3,4042.6,17,2,4042.7,20,2
11483,2026-07-02 11:10:29+05:30,4041.0,13,4046.85,770026,138365.0,150418.0,4100.0,4110.0,4016.1,4092.6,23730700,4501.8,3683.4,4440.0,3288.1,4041.0,248,4,4040.6,14,2,4040.5,1,1,4040.4,26,2,4040.3,12,1,4042.0,66,8,4042.2,13,1,4042.3,3,1,4042.4,4,1,4042.5,92,6
11483,2026-07-02 11:10:30+05:30,4041.0,13,4046.85,770026,138365.0,150418.0,4100.0,4110.0,4016.1,4092.6,23730700,4501.8,3683.4,4440.0,3288.1,4041.0,248,4,4040.6,14,2,4040.5,1,1,4040.4,26,2,4040.3,12,1,4042.0,66,8,4042.2,13,1,4042.3,3,1,4042.4,4,1,4042.5,92,6
11483,2026-07-02 11:10:32+05:30,4041.0,13,4046.85,770026,138365.0,150418.0,4100.0,4110.0,4016.1,4092.6,23730700,4501.8,3683.4,4440.0,3288.1,4041.0,248,4,4040.6,14,2,4040.5,1,1,4040.4,26,2,4040.3,12,1,4042.0,66,8,4042.2,13,1,4042.3,3,1,4042.4,4,1,4042.5,92,6
11483,2026-07-02 11:10:33+05:30,4041.0,13,4046.85,770026,138365.0,150418.0,4100.0,4110.0,4016.1,4092.6,23730700,4501.8,3683.4,4440.0,3288.1,4041.0,248,4,4040.6,14,2,4040.5,1,1,4040.4,26,2,4040.3,12,1,4042.0,66,8,4042.2,13,1,4042.3,3,1,4042.4,4,1,4042.5,92,6
11483,2026-07-02 11:10:33+05:30,4041.0,1,4046.85,770026,138365.0,150418.0,4100.0,4110.0,4016.1,4092.6,23730700,4501.8,3683.4,4440.0,3288.1,4041.0,248,4,4040.6,14,2,4040.5,1,1,4040.4,26,2,4040.3,12,1,4042.0,66,8,4042.2,13,1,4042.3,3,1,4042.4,4,1,4042.5,92,6
11483,2026-07-02 11:10:33+05:30,4041.0,1,4046.85,770026,138365.0,150418.0,4100.0,4110.0,4016.1,4092.6,23730700,4501.8,3683.4,4440.0,3288.1,4041.0,248,4,4040.6,14,2,4040.5,1,1,4040.4,26,2,4040.3,12,1,4042.0,66,8,4042.2,13,1,4042.3,3,1,4042.4,4,1,4042.5,92,6
11483,2026-07-02 11:10:34+05:30,4041.0,1,4046.85,770026,138365.0,150418.0,4100.0,4110.0,4016.1,4092.6,23730700,4501.8,3683.4,4440.0,3288.1,4041.0,248,4,4040.6,14,2,4040.5,1,1,4040.4,26,2,4040.3,12,1,4042.0,66,8,4042.2,13,1,4042.3,3,1,4042.4,4,1,4042.5,92,6
11483,2026-07-02 11:10:35+05:30,4041.0,1,4046.85,770026,138365.0,150418.0,4100.0,4110.0,4016.1,4092.6,23730700,4501.8,3683.4,4440.0,3288.1,4041.0,248,4,4040.6,14,2,4040.5,1,1,4040.4,26,2,4040.3,12,1,4042.0,66,8,4042.2,13,1,4042.3,3,1,4042.4,4,1,4042.5,92,6
11483,2026-07-02 11:10:35+05:30,4041.1,1,4046.85,770137,137626.0,150587.0,4100.0,4110.0,4016.1,4092.6,23730700,4501.8,3683.4,4440.0,3288.1,4041.0,169,4,4040.5,1,1,4040.4,26,2,4040.1,2,1,4040.0,688,44,4041.1,34,3,4041.2,1,1,4041.3,9,1,4041.5,8,2,4041.6,18,2
11483,2026-07-02 11:10:35+05:30,4041.1,1,4046.85,770137,137626.0,150587.0,4100.0,4110.0,4016.1,4092.6,23730700,4501.8,3683.4,4440.0,3288.1,4041.0,169,4,4040.5,1,1,4040.4,26,2,4040.1,2,1,4040.0,688,44,4041.1,34,3,4041.2,1,1,4041.3,9,1,4041.5,8,2,4041.6,18,2
11483,2026-07-02 11:10:35+05:30,4041.1,1,4046.85,770137,137626.0,150587.0,4100.0,4110.0,4016.1,4092.6,23731400,4501.8,3683.4,4440.0,3288.1,4041.0,169,4,4040.5,1,1,4040.4,26,2,4040.1,2,1,4040.0,688,44,4041.1,34,3,4041.2,1,1,4041.3,9,1,4041.5,8,2,4041.6,18,2
11483,2026-07-02 11:10:36+05:30,4041.1,1,4046.85,770137,137626.0,150587.0,4100.0,4110.0,4016.1,4092.6,23731400,4501.8,3683.4,4440.0,3288.1,4041.0,169,4,4040.5,1,1,4040.4,26,2,4040.1,2,1,4040.0,688,44,4041.1,34,3,4041.2,1,1,4041.3,9,1,4041.5,8,2,4041.6,18,2
11483,2026-07-02 11:10:36+05:30,4041.1,1,4046.85,770137,137626.0,150587.0,4100.0,4110.0,4016.1,4092.6,23731400,4501.8,3683.4,4440.0,3288.1,4041.0,169,4,4040.5,1,1,4040.4,26,2,4040.1,2,1,4040.0,688,44,4041.1,34,3,4041.2,1,1,4041.3,9,1,4041.5,8,2,4041.6,18,2
11483,2026-07-02 11:10:37+05:30,4041.1,1,4046.85,770137,137626.0,150587.0,4100.0,4110.0,4016.1,4092.6,23731400,4501.8,3683.4,4440.0,3288.1,4041.0,169,4,4040.5,1,1,4040.4,26,2,4040.1,2,1,4040.0,688,44,4041.1,34,3,4041.2,1,1,4041.3,9,1,4041.5,8,2,4041.6,18,2
11483,2026-07-02 11:10:38+05:30,4041.1,16,4046.85,770137,137626.0,150587.0,4100.0,4110.0,4016.1,4092.6,23731400,4501.8,3683.4,4440.0,3288.1,4041.0,169,4,4040.5,1,1,4040.4,26,2,4040.1,2,1,4040.0,688,44,4041.1,34,3,4041.2,1,1,4041.3,9,1,4041.5,8,2,4041.6,18,2
11483,2026-07-02 11:10:40+05:30,4042.0,1,4046.85,770137,137626.0,150587.0,4100.0,4110.0,4016.1,4092.6,23731400,4501.8,3683.4,4440.0,3288.1,4041.0,169,4,4040.5,1,1,4040.4,26,2,4040.1,2,1,4040.0,688,44,4041.1,34,3,4041.2,1,1,4041.3,9,1,4041.5,8,2,4041.6,18,2
11483,2026-07-02 11:10:41+05:30,4041.1,4,4046.85,770171,137680.0,150731.0,4100.0,4110.0,4016.1,4092.6,23731400,4501.8,3683.4,4440.0,3288.1,4041.0,163,4,4040.5,1,1,4040.4,26,2,4040.3,13,1,4040.1,2,1,4041.5,2,1,4042.0,58,7,4042.1,4,1,4042.2,16,1,4042.4,39,2
11483,2026-07-02 11:10:42+05:30,4041.3,1,4046.85,770171,137680.0,150731.0,4100.0,4110.0,4016.1,4092.6,23731400,4501.8,3683.4,4440.0,3288.1,4041.0,163,4,4040.5,1,1,4040.4,26,2,4040.3,13,1,4040.1,2,1,4041.5,2,1,4042.0,58,7,4042.1,4,1,4042.2,16,1,4042.4,39,2
11483,2026-07-02 11:10:44+05:30,4041.2,6,4046.85,770171,137680.0,150731.0,4100.0,4110.0,4016.1,4092.6,23731400,4501.8,3683.4,4440.0,3288.1,4041.0,163,4,4040.5,1,1,4040.4,26,2,4040.3,13,1,4040.1,2,1,4041.5,2,1,4042.0,58,7,4042.1,4,1,4042.2,16,1,4042.4,39,2
11483,2026-07-02 11:10:46+05:30,4041.2,7,4046.85,770209,137569.0,150924.0,4100.0,4110.0,4016.1,4092.6,23731400,4501.8,3683.4,4440.0,3288.1,4041.1,4,1,4041.0,166,6,4040.5,1,1,4040.4,26,2,4040.0,703,44,4041.2,61,1,4041.3,51,3,4041.4,42,1,4041.5,43,2,4041.6,8,1
11483,2026-07-02 11:10:46+05:30,4041.2,7,4046.85,770209,137569.0,150924.0,4100.0,4110.0,4016.1,4092.6,23731400,4501.8,3683.4,4440.0,3288.1,4041.1,4,1,4041.0,166,6,4040.5,1,1,4040.4,26,2,4040.0,703,44,4041.2,61,1,4041.3,51,3,4041.4,42,1,4041.5,43,2,4041.6,8,1
11483,2026-07-02 11:10:48+05:30,4042.0,3,4046.85,770209,137569.0,150924.0,4100.0,4110.0,4016.1,4092.6,23731400,4501.8,3683.4,4440.0,3288.1,4041.1,4,1,4041.0,166,6,4040.5,1,1,4040.4,26,2,4040.0,703,44,4041.2,61,1,4041.3,51,3,4041.4,42,1,4041.5,43,2,4041.6,8,1
11483,2026-07-02 11:10:50+05:30,4041.3,2,4046.85,770209,137569.0,150924.0,4100.0,4110.0,4016.1,4092.6,23731400,4501.8,3683.4,4440.0,3288.1,4041.1,4,1,4041.0,166,6,4040.5,1,1,4040.4,26,2,4040.0,703,44,4041.2,61,1,4041.3,51,3,4041.4,42,1,4041.5,43,2,4041.6,8,1
11483,2026-07-02 11:10:51+05:30,4041.0,1,4046.85,770555,137643.0,150755.0,4100.0,4110.0,4016.1,4092.6,23731400,4501.8,3683.4,4440.0,3288.1,4041.0,158,5,4040.5,1,1,4040.4,26,2,4040.3,12,1,4040.0,703,44,4041.2,23,4,4041.6,28,3,4041.7,17,1,4041.8,21,2,4041.9,9,1
11483,2026-07-02 11:10:52+05:30,4041.0,1,4046.85,770555,137643.0,150755.0,4100.0,4110.0,4016.1,4092.6,23731400,4501.8,3683.4,4440.0,3288.1,4041.0,158,5,4040.5,1,1,4040.4,26,2,4040.3,12,1,4040.0,703,44,4041.2,23,4,4041.6,28,3,4041.7,17,1,4041.8,21,2,4041.9,9,1
11483,2026-07-02 11:10:54+05:30,4041.2,6,4046.85,770555,137643.0,150755.0,4100.0,4110.0,4016.1,4092.6,23731400,4501.8,3683.4,4440.0,3288.1,4041.0,158,5,4040.5,1,1,4040.4,26,2,4040.3,12,1,4040.0,703,44,4041.2,23,4,4041.6,28,3,4041.7,17,1,4041.8,21,2,4041.9,9,1
11483,2026-07-02 11:10:56+05:30,4041.2,1,4046.85,770790,137914.0,150789.0,4100.0,4110.0,4016.1,4092.6,23731400,4501.8,3683.4,4440.0,3288.1,4041.4,42,1,4041.3,42,1,4041.2,42,1,4041.0,199,6,4040.5,18,2,4041.6,1,1,4041.9,19,2,4042.0,45,7,4042.2,25,2,4042.3,2,1
11483,2026-07-02 11:10:56+05:30,4041.6,2,4046.85,770790,137914.0,150789.0,4100.0,4110.0,4016.1,4092.6,23731400,4501.8,3683.4,4440.0,3288.1,4041.4,42,1,4041.3,42,1,4041.2,42,1,4041.0,199,6,4040.5,18,2,4041.6,1,1,4041.9,19,2,4042.0,45,7,4042.2,25,2,4042.3,2,1
11483,2026-07-02 11:10:58+05:30,4041.0,2,4046.85,770790,137914.0,150789.0,4100.0,4110.0,4016.1,4092.6,23731400,4501.8,3683.4,4440.0,3288.1,4041.4,42,1,4041.3,42,1,4041.2,42,1,4041.0,199,6,4040.5,18,2,4041.6,1,1,4041.9,19,2,4042.0,45,7,4042.2,25,2,4042.3,2,1
11483,2026-07-02 11:11:00+05:30,4040.7,1,4046.85,770790,137914.0,150789.0,4100.0,4110.0,4016.1,4092.6,23731400,4501.8,3683.4,4440.0,3288.1,4041.4,42,1,4041.3,42,1,4041.2,42,1,4041.0,199,6,4040.5,18,2,4041.6,1,1,4041.9,19,2,4042.0,45,7,4042.2,25,2,4042.3,2,1
11483,2026-07-02 11:11:00+05:30,4040.9,2,4046.84,771257,137324.0,151889.0,4100.0,4110.0,4016.1,4092.6,23731400,4501.8,3683.4,4440.0,3288.1,4040.7,41,1,4040.6,42,1,4040.5,42,1,4040.4,23,2,4040.3,42,1,4040.9,9,2,4041.0,12,2,4041.1,5,1,4041.2,5,1,4041.3,12,2
11483,2026-07-02 11:11:02+05:30,4041.0,8,4046.84,771257,137324.0,151889.0,4100.0,4110.0,4016.1,4092.6,23731400,4501.8,3683.4,4440.0,3288.1,4040.7,41,1,4040.6,42,1,4040.5,42,1,4040.4,23,2,4040.3,42,1,4040.9,9,2,4041.0,12,2,4041.1,5,1,4041.2,5,1,4041.3,12,2
11483,2026-07-02 11:11:04+05:30,4040.0,18,4046.84,771257,137324.0,151889.0,4100.0,4110.0,4016.1,4092.6,23731400,4501.8,3683.4,4440.0,3288.1,4040.7,41,1,4040.6,42,1,4040.5,42,1,4040.4,23,2,4040.3,42,1,4040.9,9,2,4041.0,12,2,4041.1,5,1,4041.2,5,1,4041.3,12,2
11483,2026-07-02 11:11:05+05:30,4041.2,4,4046.84,771967,136582.0,151803.0,4100.0,4110.0,4016.1,4092.6,23731400,4501.8,3683.4,4440.0,3288.1,4041.2,73,1,4040.9,1,1,4040.8,2,1,4040.0,239,5,4039.9,17,1,4041.4,40,4,4041.8,191,3,4041.9,239,7,4042.0,13,2,4042.1,37,3
11483,2026-07-02 11:11:06+05:30,4041.4,7,4046.84,771967,136582.0,151803.0,4100.0,4110.0,4016.1,4092.6,23731400,4501.8,3683.4,4440.0,3288.1,4041.2,73,1,4040.9,1,1,4040.8,2,1,4040.0,239,5,4039.9,17,1,4041.4,40,4,4041.8,191,3,4041.9,239,7,4042.0,13,2,4042.1,37,3
11483,2026-07-02 11:11:09+05:30,4041.8,1,4046.84,771967,136582.0,151803.0,4100.0,4110.0,4016.1,4092.6,23731400,4501.8,3683.4,4440.0,3288.1,4041.2,73,1,4040.9,1,1,4040.8,2,1,4040.0,239,5,4039.9,17,1,4041.4,40,4,4041.8,191,3,4041.9,239,7,4042.0,13,2,4042.1,37,3
11483,2026-07-02 11:11:10+05:30,4041.8,1,4046.84,772077,136914.0,151459.0,4100.0,4110.0,4016.1,4092.6,23731400,4501.8,3683.4,4440.0,3288.1,4041.4,2,1,4041.0,1,1,4040.9,1,1,4040.2,4,1,4040.1,29,1,4041.8,172,1,4041.9,191,3,4042.0,62,2,4042.1,11,2,4042.2,35,3
11483,2026-07-02 11:11:12+05:30,4041.8,86,4046.84,772077,136914.0,151459.0,4100.0,4110.0,4016.1,4092.6,23731400,4501.8,3683.4,4440.0,3288.1,4041.4,2,1,4041.0,1,1,4040.9,1,1,4040.2,4,1,4040.1,29,1,4041.8,172,1,4041.9,191,3,4042.0,62,2,4042.1,11,2,4042.2,35,3
11483,2026-07-02 11:11:15+05:30,4041.3,1,4046.84,772077,136914.0,151459.0,4100.0,4110.0,4016.1,4092.6,23731400,4501.8,3683.4,4440.0,3288.1,4041.4,2,1,4041.0,1,1,4040.9,1,1,4040.2,4,1,4040.1,29,1,4041.8,172,1,4041.9,191,3,4042.0,62,2,4042.1,11,2,4042.2,35,3
11483,2026-07-02 11:11:15+05:30,4041.3,1,4046.83,773007,136448.0,150996.0,4100.0,4110.0,4016.1,4092.6,23731400,4501.8,3683.4,4440.0,3288.1,4040.2,33,3,4040.1,3,1,4040.0,22,2,4039.9,13,2,4039.8,54,3,4041.3,4,1,4041.4,50,1,4041.7,8,1,4041.8,58,6,4041.9,17,2
11483,2026-07-02 11:11:18+05:30,4043.1,1,4046.83,773007,136448.0,150996.0,4100.0,4110.0,4016.1,4092.6,23731400,4501.8,3683.4,4440.0,3288.1,4040.2,33,3,4040.1,3,1,4040.0,22,2,4039.9,13,2,4039.8,54,3,4041.3,4,1,4041.4,50,1,4041.7,8,1,4041.8,58,6,4041.9,17,2
11483,2026-07-02 11:11:20+05:30,4042.6,1,4046.83,773007,136448.0,150996.0,4100.0,4110.0,4016.1,4092.6,23731400,4501.8,3683.4,4440.0,3288.1,4040.2,33,3,4040.1,3,1,4040.0,22,2,4039.9,13,2,4039.8,54,3,4041.3,4,1,4041.4,50,1,4041.7,8,1,4041.8,58,6,4041.9,17,2
11483,2026-07-02 11:11:20+05:30,4042.6,1,4046.82,774042,139811.0,150062.0,4100.0,4110.0,4016.1,4092.6,23731400,4501.8,3683.4,4440.0,3288.1,4042.0,1190,2,4041.8,1,1,4041.2,1,1,4040.9,95,4,4040.8,5,1,4042.5,63,6,4042.6,3,1,4042.8,41,4,4042.9,31,4,4043.0,105,5
11483,2026-07-02 11:11:21+05:30,4042.0,10,4046.82,774042,139811.0,150062.0,4100.0,4110.0,4016.1,4092.6,23731400,4501.8,3683.4,4440.0,3288.1,4042.0,1190,2,4041.8,1,1,4041.2,1,1,4040.9,95,4,4040.8,5,1,4042.5,63,6,4042.6,3,1,4042.8,41,4,4042.9,31,4,4043.0,105,5
11483,2026-07-02 11:11:21+05:30,4042.1,1,4046.8,777005,140885.0,149954.0,4100.0,4110.0,4016.1,4092.6,23731400,4501.8,3683.4,4440.0,3288.1,4042.0,1750,1,4041.8,1,1,4041.3,2,1,4041.2,1,1,4041.1,16,1,4042.1,18,3,4042.5,1,1,4042.8,14,1,4042.9,4,2,4043.0,55,2
11483,2026-07-02 11:11:22+05:30,4042.1,1,4046.8,777005,140885.0,149954.0,4100.0,4110.0,4016.1,4092.6,23731400,4501.8,3683.4,4440.0,3288.1,4042.0,1750,1,4041.8,1,1,4041.3,2,1,4041.2,1,1,4041.1,16,1,4042.1,18,3,4042.5,1,1,4042.8,14,1,4042.9,4,2,4043.0,55,2
11483,2026-07-02 11:11:22+05:30,4042.1,7,4046.8,777047,140828.0,149940.0,4100.0,4110.0,4016.1,4092.6,23731400,4501.8,3683.4,4440.0,3288.1,4042.0,1720,2,4041.8,1,1,4041.3,22,2,4041.2,1,1,4041.0,20,1,4042.1,15,3,4042.8,14,1,4042.9,4,2,4043.0,55,2,4043.1,65,3
11483,2026-07-02 11:11:23+05:30,4042.0,1,4046.8,777047,140828.0,149940.0,4100.0,4110.0,4016.1,4092.6,23731400,4501.8,3683.4,4440.0,3288.1,4042.0,1720,2,4041.8,1,1,4041.3,22,2,4041.2,1,1,4041.0,20,1,4042.1,15,3,4042.8,14,1,4042.9,4,2,4043.0,55,2,4043.1,65,3
11483,2026-07-02 11:11:23+05:30,4042.0,1,4046.8,777048,140865.0,149952.0,4100.0,4110.0,4016.1,4092.6,23731400,4501.8,3683.4,4440.0,3288.1,4042.0,1719,2,4041.8,1,1,4041.3,22,2,4041.2,1,1,4041.0,32,2,4042.1,23,6,4042.8,14,1,4042.9,4,2,4043.0,1,1,4043.1,16,2
11483,2026-07-02 11:11:24+05:30,4042.1,2,4046.8,777048,140865.0,149952.0,4100.0,4110.0,4016.1,4092.6,23731400,4501.8,3683.4,4440.0,3288.1,4042.0,1719,2,4041.8,1,1,4041.3,22,2,4041.2,1,1,4041.0,32,2,4042.1,23,6,4042.8,14,1,4042.9,4,2,4043.0,1,1,4043.1,16,2
11483,2026-07-02 11:11:24+05:30,4042.1,2,4046.8,777051,141070.0,149946.0,4100.0,4110.0,4016.1,4092.6,23731400,4501.8,3683.4,4440.0,3288.1,4042.0,1718,2,4041.8,1,1,4041.3,22,2,4041.2,1,1,4041.0,32,2,4042.1,21,6,4042.8,14,1,4042.9,4,2,4043.0,1,1,4043.1,16,2
11483,2026-07-02 11:11:25+05:30,4042.0,1,4046.8,777051,141070.0,149946.0,4100.0,4110.0,4016.1,4092.6,23731400,4501.8,3683.4,4440.0,3288.1,4042.0,1718,2,4041.8,1,1,4041.3,22,2,4041.2,1,1,4041.0,32,2,4042.1,21,6,4042.8,14,1,4042.9,4,2,4043.0,1,1,4043.1,16,2
11483,2026-07-02 11:11:25+05:30,4042.0,1,4046.8,777052,141100.0,149912.0,4100.0,4110.0,4016.1,4092.6,23731400,4501.8,3683.4,4440.0,3288.1,4042.0,1717,2,4041.8,1,1,4041.3,22,2,4041.2,1,1,4041.0,32,2,4042.1,21,6,4042.9,4,2,4043.0,1,1,4043.1,16,2,4043.2,54,3
11483,2026-07-02 11:11:26+05:30,4042.1,2,4046.8,777052,141100.0,149912.0,4100.0,4110.0,4016.1,4092.6,23731400,4501.8,3683.4,4440.0,3288.1,4042.0,1717,2,4041.8,1,1,4041.3,22,2,4041.2,1,1,4041.0,32,2,4042.1,21,6,4042.9,4,2,4043.0,1,1,4043.1,16,2,4043.2,54,3
11483,2026-07-02 11:11:26+05:30,4042.1,2,4046.8,777269,140568.0,149945.0,4100.0,4110.0,4016.1,4092.6,23731400,4501.8,3683.4,4440.0,3288.1,4042.0,1507,2,4041.8,1,1,4041.3,27,3,4041.2,1,1,4041.0,32,2,4042.1,13,4,4042.9,4,2,4043.0,1,1,4043.1,53,3,4043.2,54,3
11483,2026-07-02 11:11:27+05:30,4042.0,15,4046.8,777269,140568.0,149945.0,4100.0,4110.0,4016.1,4092.6,23731400,4501.8,3683.4,4440.0,3288.1,4042.0,1507,2,4041.8,1,1,4041.3,27,3,4041.2,1,1,4041.0,32,2,4042.1,13,4,4042.9,4,2,4043.0,1,1,4043.1,53,3,4043.2,54,3
11483,2026-07-02 11:11:27+05:30,4042.0,1,4046.8,777289,140986.0,149842.0,4100.0,4110.0,4016.1,4092.6,23731400,4501.8,3683.4,4440.0,3288.1,4042.0,1488,1,4041.8,1,1,4041.3,27,3,4041.2,1,1,4041.0,40,3,4042.1,13,5,4042.9,4,2,4043.0,1,1,4043.1,53,3,4043.2,33,2
11483,2026-07-02 11:11:28+05:30,4042.0,2,4046.8,777289,140986.0,149842.0,4100.0,4110.0,4016.1,4092.6,23731400,4501.8,3683.4,4440.0,3288.1,4042.0,1488,1,4041.8,1,1,4041.3,27,3,4041.2,1,1,4041.0,40,3,4042.1,13,5,4042.9,4,2,4043.0,1,1,4043.1,53,3,4043.2,33,2
11483,2026-07-02 11:11:28+05:30,4042.0,2,4046.8,777292,140984.0,149913.0,4100.0,4110.0,4016.1,4092.6,23731400,4501.8,3683.4,4440.0,3288.1,4042.0,1485,1,4041.8,2,2,4041.4,2,1,4041.3,25,2,4041.2,1,1,4042.1,12,4,4042.9,4,2,4043.0,22,2,4043.1,53,3,4043.2,33,2
11483,2026-07-02 11:11:29+05:30,4042.0,5,4046.8,777292,140984.0,149913.0,4100.0,4110.0,4016.1,4092.6,23731400,4501.8,3683.4,4440.0,3288.1,4042.0,1485,1,4041.8,2,2,4041.4,2,1,4041.3,25,2,4041.2,1,1,4042.1,12,4,4042.9,4,2,4043.0,22,2,4043.1,53,3,4043.2,33,2
11483,2026-07-02 11:11:29+05:30,4042.0,60,4046.8,777365,141042.0,150153.0,4100.0,4110.0,4016.1,4092.6,23731400,4501.8,3683.4,4440.0,3288.1,4042.0,1419,1,4041.8,2,2,4041.4,2,1,4041.3,25,2,4041.2,1,1,4042.1,6,3,4042.9,1,1,4043.0,85,3,4043.1,65,4,4043.2,33,2
11483,2026-07-02 11:11:30+05:30,4042.1,2,4046.8,777365,141042.0,150153.0,4100.0,4110.0,4016.1,4092.6,23731400,4501.8,3683.4,4440.0,3288.1,4042.0,1419,1,4041.8,2,2,4041.4,2,1,4041.3,25,2,4041.2,1,1,4042.1,6,3,4042.9,1,1,4043.0,85,3,4043.1,65,4,4043.2,33,2
11483,2026-07-02 11:11:30+05:30,4042.1,2,4046.8,777371,141079.0,150059.0,4100.0,4110.0,4016.1,4092.6,23731400,4501.8,3683.4,4440.0,3288.1,4042.0,1418,1,4041.8,2,2,4041.4,2,1,4041.3,25,2,4041.2,1,1,4042.1,2,2,4042.9,1,1,4043.0,85,3,4043.1,65,4,4043.2,44,3
11483,2026-07-02 11:11:31+05:30,4042.1,2,4046.8,777371,141079.0,150059.0,4100.0,4110.0,4016.1,4092.6,23731400,4501.8,3683.4,4440.0,3288.1,4042.0,1418,1,4041.8,2,2,4041.4,2,1,4041.3,25,2,4041.2,1,1,4042.1,2,2,4042.9,1,1,4043.0,85,3,4043.1,65,4,4043.2,44,3
11483,2026-07-02 11:11:31+05:30,4042.0,2,4046.8,777388,141370.0,149902.0,4100.0,4110.0,4016.1,4092.6,23731400,4501.8,3683.4,4440.0,3288.1,4042.0,1415,1,4041.8,2,2,4041.3,2,1,4041.2,1,1,4041.0,20,1,4042.1,8,3,4042.8,22,2,4042.9,1,1,4043.0,83,2,4043.1,3,2
11483,2026-07-02 11:11:32+05:30,4042.0,1,4046.8,777388,141370.0,149902.0,4100.0,4110.0,4016.1,4092.6,23731400,4501.8,3683.4,4440.0,3288.1,4042.0,1415,1,4041.8,2,2,4041.3,2,1,4041.2,1,1,4041.0,20,1,4042.1,8,3,4042.8,22,2,4042.9,1,1,4043.0,83,2,4043.1,3,2
11483,2026-07-02 11:11:32+05:30,4042.0,1,4046.8,777388,141370.0,149902.0,4100.0,4110.0,4016.1,4092.6,23731400,4501.8,3683.4,4440.0,3288.1,4042.0,1415,1,4041.8,2,2,4041.3,2,1,4041.2,1,1,4041.0,20,1,4042.1,8,3,4042.8,22,2,4042.9,1,1,4043.0,83,2,4043.1,3,2
11483,2026-07-02 11:11:32+05:30,4042.0,1,4046.8,777389,141323.0,149919.0,4100.0,4110.0,4016.1,4092.6,23731400,4501.8,3683.4,4440.0,3288.1,4042.0,1415,2,4041.8,2,2,4041.3,2,1,4041.2,15,2,4041.1,12,1,4042.1,8,3,4042.8,22,2,4042.9,1,1,4043.0,83,2,4043.1,3,2
11483,2026-07-02 11:11:32+05:30,4042.0,1,4046.8,777389,141323.0,149919.0,4100.0,4110.0,4016.1,4092.6,23731400,4501.8,3683.4,4440.0,3288.1,4042.0,1415,2,4041.8,2,2,4041.3,2,1,4041.2,15,2,4041.1,12,1,4042.1,8,3,4042.8,22,2,4042.9,1,1,4043.0,83,2,4043.1,3,2
11483,2026-07-02 11:11:33+05:30,4042.0,1,4046.8,777389,141323.0,149919.0,4100.0,4110.0,4016.1,4092.6,23731400,4501.8,3683.4,4440.0,3288.1,4042.0,1415,2,4041.8,2,2,4041.3,2,1,4041.2,15,2,4041.1,12,1,4042.1,8,3,4042.8,22,2,4042.9,1,1,4043.0,83,2,4043.1,3,2
11483,2026-07-02 11:11:33+05:30,4042.0,1,4046.8,777389,141323.0,149919.0,4100.0,4110.0,4016.1,4092.6,23731400,4501.8,3683.4,4440.0,3288.1,4042.0,1415,2,4041.8,2,2,4041.3,2,1,4041.2,15,2,4041.1,12,1,4042.1,8,3,4042.8,22,2,4042.9,1,1,4043.0,83,2,4043.1,3,2
11483,2026-07-02 11:11:33+05:30,4042.0,1,4046.8,777389,141323.0,149919.0,4100.0,4110.0,4016.1,4092.6,23731400,4501.8,3683.4,4440.0,3288.1,4042.0,1415,2,4041.8,2,2,4041.3,2,1,4041.2,15,2,4041.1,12,1,4042.1,8,3,4042.8,22,2,4042.9,1,1,4043.0,83,2,4043.1,3,2
11483,2026-07-02 11:11:33+05:30,4042.0,3,4046.8,777393,141362.0,149911.0,4100.0,4110.0,4016.1,4092.6,23731400,4501.8,3683.4,4440.0,3288.1,4042.0,1411,2,4041.8,2,2,4041.3,2,1,4041.2,1,1,4041.0,27,2,4042.1,9,4,4042.8,22,2,4042.9,1,1,4043.0,83,2,4043.1,3,2
11483,2026-07-02 11:11:34+05:30,4042.0,3,4046.8,777393,141362.0,149911.0,4100.0,4110.0,4016.1,4092.6,23731400,4501.8,3683.4,4440.0,3288.1,4042.0,1411,2,4041.8,2,2,4041.3,2,1,4041.2,1,1,4041.0,27,2,4042.1,9,4,4042.8,22,2,4042.9,1,1,4043.0,83,2,4043.1,3,2
11483,2026-07-02 11:11:34+05:30,4042.0,1,4046.8,777393,141362.0,149911.0,4100.0,4110.0,4016.1,4092.6,23731400,4501.8,3683.4,4440.0,3288.1,4042.0,1411,2,4041.8,2,2,4041.3,2,1,4041.2,1,1,4041.0,27,2,4042.1,9,4,4042.8,22,2,4042.9,1,1,4043.0,83,2,4043.1,3,2
11483,2026-07-02 11:11:34+05:30,4042.0,1,4046.8,777393,141362.0,149911.0,4100.0,4110.0,4016.1,4092.6,23731400,4501.8,3683.4,4440.0,3288.1,4042.0,1411,2,4041.8,2,2,4041.3,2,1,4041.2,1,1,4041.0,27,2,4042.1,9,4,4042.8,22,2,4042.9,1,1,4043.0,83,2,4043.1,3,2
11483,2026-07-02 11:11:34+05:30,4042.1,1,4046.8,777411,141234.0,149749.0,4100.0,4110.0,4016.1,4092.6,23731400,4501.8,3683.4,4440.0,3288.1,4042.1,1,1,4042.0,1423,3,4041.8,2,2,4041.3,22,2,4041.2,13,2,4042.8,22,2,4042.9,1,1,4043.0,63,1,4043.1,3,2,4043.2,18,2
11483,2026-07-02 11:11:35+05:30,4042.1,1,4046.8,777411,141234.0,149749.0,4100.0,4110.0,4016.1,4092.6,23731400,4501.8,3683.4,4440.0,3288.1,4042.1,1,1,4042.0,1423,3,4041.8,2,2,4041.3,22,2,4041.2,13,2,4042.8,22,2,4042.9,1,1,4043.0,63,1,4043.1,3,2,4043.2,18,2
11483,2026-07-02 11:11:35+05:30,4042.1,1,4046.8,777411,141234.0,149749.0,4100.0,4110.0,4016.1,4092.6,23731400,4501.8,3683.4,4440.0,3288.1,4042.1,1,1,4042.0,1423,3,4041.8,2,2,4041.3,22,2,4041.2,13,2,4042.8,22,2,4042.9,1,1,4043.0,63,1,4043.1,3,2,4043.2,18,2
11483,2026-07-02 11:11:35+05:30,4042.1,1,4046.8,777411,141234.0,149749.0,4100.0,4110.0,4016.1,4092.6,23731400,4501.8,3683.4,4440.0,3288.1,4042.1,1,1,4042.0,1423,3,4041.8,2,2,4041.3,22,2,4041.2,13,2,4042.8,22,2,4042.9,1,1,4043.0,63,1,4043.1,3,2,4043.2,18,2
11483,2026-07-02 11:11:35+05:30,4042.1,1,4046.8,777411,141400.0,149889.0,4100.0,4110.0,4016.1,4092.6,23731400,4501.8,3683.4,4440.0,3288.1,4042.1,1,1,4042.0,1423,3,4041.8,2,2,4041.6,2,1,4041.5,50,1,4042.8,23,3,4042.9,1,1,4043.0,63,1,4043.1,3,2,4043.2,18,2
11483,2026-07-02 11:11:35+05:30,4042.1,1,4046.8,777411,141400.0,149889.0,4100.0,4110.0,4016.1,4092.6,23731400,4501.8,3683.4,4440.0,3288.1,4042.1,1,1,4042.0,1423,3,4041.8,2,2,4041.6,2,1,4041.5,50,1,4042.8,23,3,4042.9,1,1,4043.0,63,1,4043.1,3,2,4043.2,18,2
11483,2026-07-02 11:11:36+05:30,4042.1,1,4046.8,777411,141400.0,149889.0,4100.0,4110.0,4016.1,4092.6,23741550,4501.8,3683.4,4440.0,3288.1,4042.1,1,1,4042.0,1423,3,4041.8,2,2,4041.6,2,1,4041.5,50,1,4042.8,23,3,4042.9,1,1,4043.0,63,1,4043.1,3,2,4043.2,18,2
11483,2026-07-02 11:11:36+05:30,4042.1,1,4046.8,777411,141293.0,149865.0,4100.0,4110.0,4016.1,4092.6,23741550,4501.8,3683.4,4440.0,3288.1,4042.1,2,2,4042.0,1423,3,4041.8,2,2,4041.6,2,1,4041.5,50,1,4042.7,12,1,4042.8,35,4,4042.9,1,1,4043.0,63,1,4043.1,3,2
11483,2026-07-02 11:11:36+05:30,4042.1,1,4046.8,777411,141293.0,149865.0,4100.0,4110.0,4016.1,4092.6,23741550,4501.8,3683.4,4440.0,3288.1,4042.1,2,2,4042.0,1423,3,4041.8,2,2,4041.6,2,1,4041.5,50,1,4042.7,12,1,4042.8,35,4,4042.9,1,1,4043.0,63,1,4043.1,3,2
11483,2026-07-02 11:11:37+05:30,4042.1,1,4046.8,777411,141293.0,149865.0,4100.0,4110.0,4016.1,4092.6,23741550,4501.8,3683.4,4440.0,3288.1,4042.1,2,2,4042.0,1423,3,4041.8,2,2,4041.6,2,1,4041.5,50,1,4042.7,12,1,4042.8,35,4,4042.9,1,1,4043.0,63,1,4043.1,3,2
11483,2026-07-02 11:11:37+05:30,4042.7,3,4046.8,777411,141293.0,149865.0,4100.0,4110.0,4016.1,4092.6,23741550,4501.8,3683.4,4440.0,3288.1,4042.1,2,2,4042.0,1423,3,4041.8,2,2,4041.6,2,1,4041.5,50,1,4042.7,12,1,4042.8,35,4,4042.9,1,1,4043.0,63,1,4043.1,3,2
11483,2026-07-02 11:11:37+05:30,4042.7,3,4046.8,777411,141293.0,149865.0,4100.0,4110.0,4016.1,4092.6,23741550,4501.8,3683.4,4440.0,3288.1,4042.1,2,2,4042.0,1423,3,4041.8,2,2,4041.6,2,1,4041.5,50,1,4042.7,12,1,4042.8,35,4,4042.9,1,1,4043.0,63,1,4043.1,3,2
11483,2026-07-02 11:11:37+05:30,4043.0,8,4046.8,777466,141359.0,149707.0,4100.0,4110.0,4016.1,4092.6,23741550,4501.8,3683.4,4440.0,3288.1,4042.1,1,1,4042.0,1422,2,4041.9,2,1,4041.8,2,2,4041.5,50,1,4042.9,9,1,4043.0,67,2,4043.1,3,2,4043.2,18,2,4043.3,10,2
11483,2026-07-02 11:11:37+05:30,4043.0,8,4046.8,777466,141359.0,149707.0,4100.0,4110.0,4016.1,4092.6,23741550,4501.8,3683.4,4440.0,3288.1,4042.1,1,1,4042.0,1422,2,4041.9,2,1,4041.8,2,2,4041.5,50,1,4042.9,9,1,4043.0,67,2,4043.1,3,2,4043.2,18,2,4043.3,10,2
11483,2026-07-02 11:11:38+05:30,4043.0,8,4046.8,777466,141359.0,149707.0,4100.0,4110.0,4016.1,4092.6,23741550,4501.8,3683.4,4440.0,3288.1,4042.1,1,1,4042.0,1422,2,4041.9,2,1,4041.8,2,2,4041.5,50,1,4042.9,9,1,4043.0,67,2,4043.1,3,2,4043.2,18,2,4043.3,10,2
11483,2026-07-02 11:11:38+05:30,4043.0,8,4046.8,777466,141331.0,149768.0,4100.0,4110.0,4016.1,4092.6,23741550,4501.8,3683.4,4440.0,3288.1,4042.1,1,1,4042.0,1422,2,4041.9,2,1,4041.8,2,2,4041.5,50,1,4042.6,18,1,4042.7,12,1,4042.8,5,1,4042.9,36,4,4043.0,67,2
11483,2026-07-02 11:11:39+05:30,4042.6,1,4046.8,777466,141331.0,149768.0,4100.0,4110.0,4016.1,4092.6,23741550,4501.8,3683.4,4440.0,3288.1,4042.1,1,1,4042.0,1422,2,4041.9,2,1,4041.8,2,2,4041.5,50,1,4042.6,18,1,4042.7,12,1,4042.8,5,1,4042.9,36,4,4043.0,67,2
11483,2026-07-02 11:11:39+05:30,4042.6,1,4046.8,777468,141363.0,149778.0,4100.0,4110.0,4016.1,4092.6,23741550,4501.8,3683.4,4440.0,3288.1,4042.1,1,1,4042.0,1422,2,4041.9,2,1,4041.8,2,2,4041.5,50,1,4042.6,16,1,4042.7,12,1,4042.8,5,1,4042.9,23,2,4043.0,55,1
11483,2026-07-02 11:11:40+05:30,4042.6,1,4046.8,777468,141363.0,149778.0,4100.0,4110.0,4016.1,4092.6,23741550,4501.8,3683.4,4440.0,3288.1,4042.1,1,1,4042.0,1422,2,4041.9,2,1,4041.8,2,2,4041.5,50,1,4042.6,16,1,4042.7,12,1,4042.8,5,1,4042.9,23,2,4043.0,55,1
11483,2026-07-02 11:11:40+05:30,4042.6,1,4046.8,777469,141295.0,149952.0,4100.0,4110.0,4016.1,4092.6,23741550,4501.8,3683.4,4440.0,3288.1,4042.1,1,1,4042.0,1424,3,4041.9,2,1,4041.8,2,2,4041.5,50,1,4042.6,31,3,4042.7,12,1,4042.8,5,1,4042.9,9,1,4043.0,55,1
11483,2026-07-02 11:11:41+05:30,4042.6,1,4046.8,777469,141295.0,149952.0,4100.0,4110.0,4016.1,4092.6,23741550,4501.8,3683.4,4440.0,3288.1,4042.1,1,1,4042.0,1424,3,4041.9,2,1,4041.8,2,2,4041.5,50,1,4042.6,31,3,4042.7,12,1,4042.8,5,1,4042.9,9,1,4043.0,55,1
11483,2026-07-02 11:11:41+05:30,4042.6,1,4046.8,777469,141291.0,149944.0,4100.0,4110.0,4016.1,4092.6,23741550,4501.8,3683.4,4440.0,3288.1,4042.1,1,1,4042.0,1424,3,4041.9,2,1,4041.8,2,2,4041.5,50,1,4042.4,1,1,4042.6,31,3,4042.8,5,1,4042.9,9,1,4043.0,55,1
11483,2026-07-02 11:11:42+05:30,4042.2,1,4046.8,777469,141291.0,149944.0,4100.0,4110.0,4016.1,4092.6,23741550,4501.8,3683.4,4440.0,3288.1,4042.1,1,1,4042.0,1424,3,4041.9,2,1,4041.8,2,2,4041.5,50,1,4042.4,1,1,4042.6,31,3,4042.8,5,1,4042.9,9,1,4043.0,55,1
11483,2026-07-02 11:11:42+05:30,4042.2,1,4046.8,777471,141278.0,149953.0,4100.0,4110.0,4016.1,4092.6,23741550,4501.8,3683.4,4440.0,3288.1,4042.2,1,1,4042.1,1,1,4042.0,1424,3,4041.9,2,1,4041.8,2,2,4042.4,1,1,4042.6,30,2,4043.0,55,1,4043.1,1,1,4043.2,18,2
11483,2026-07-02 11:11:43+05:30,4042.4,3,4046.8,777471,141278.0,149953.0,4100.0,4110.0,4016.1,4092.6,23741550,4501.8,3683.4,4440.0,3288.1,4042.2,1,1,4042.1,1,1,4042.0,1424,3,4041.9,2,1,4041.8,2,2,4042.4,1,1,4042.6,30,2,4043.0,55,1,4043.1,1,1,4043.2,18,2
11483,2026-07-02 11:11:43+05:30,4042.4,3,4046.8,777476,141280.0,149963.0,4100.0,4110.0,4016.1,4092.6,23741550,4501.8,3683.4,4440.0,3288.1,4042.2,1,1,4042.1,1,1,4042.0,1424,3,4041.9,2,1,4041.8,2,2,4042.4,2,2,4042.6,30,2,4043.0,55,1,4043.1,1,1,4043.2,18,2
11483,2026-07-02 11:11:44+05:30,4042.0,2,4046.8,777476,141280.0,149963.0,4100.0,4110.0,4016.1,4092.6,23741550,4501.8,3683.4,4440.0,3288.1,4042.2,1,1,4042.1,1,1,4042.0,1424,3,4041.9,2,1,4041.8,2,2,4042.4,2,2,4042.6,30,2,4043.0,55,1,4043.1,1,1,4043.2,18,2
11483,2026-07-02 11:11:44+05:30,4042.0,50,4046.8,777530,141168.0,150029.0,4100.0,4110.0,4016.1,4092.6,23741550,4501.8,3683.4,4440.0,3288.1,4042.0,1372,3,4041.9,2,1,4041.8,2,2,4041.5,50,1,4041.2,1,1,4042.4,3,3,4042.6,30,2,4043.0,56,2,4043.1,1,1,4043.2,18,2
11483,2026-07-02 11:11:45+05:30,4042.0,50,4046.8,777530,141168.0,150029.0,4100.0,4110.0,4016.1,4092.6,23741550,4501.8,3683.4,4440.0,3288.1,4042.0,1372,3,4041.9,2,1,4041.8,2,2,4041.5,50,1,4041.2,1,1,4042.4,3,3,4042.6,30,2,4043.0,56,2,4043.1,1,1,4043.2,18,2
11483,2026-07-02 11:11:45+05:30,4042.4,2,4046.8,777535,141170.0,150128.0,4100.0,4110.0,4016.1,4092.6,23741550,4501.8,3683.4,4440.0,3288.1,4042.0,1372,3,4041.9,2,1,4041.8,2,2,4041.5,50,1,4041.2,1,1,4042.4,13,2,4042.6,30,2,4043.0,56,2,4043.1,1,1,4043.2,18,2
11483,2026-07-02 11:11:46+05:30,4042.4,8,4046.8,777535,141170.0,150128.0,4100.0,4110.0,4016.1,4092.6,23741550,4501.8,3683.4,4440.0,3288.1,4042.0,1372,3,4041.9,2,1,4041.8,2,2,4041.5,50,1,4041.2,1,1,4042.4,13,2,4042.6,30,2,4043.0,56,2,4043.1,1,1,4043.2,18,2
11483,2026-07-02 11:11:46+05:30,4042.4,8,4046.8,777548,141462.0,149637.0,4100.0,4110.0,4016.1,4092.6,23741550,4501.8,3683.4,4440.0,3288.1,4042.0,1367,3,4041.9,2,1,4041.8,2,2,4041.5,50,1,4041.4,12,1,4042.4,5,2,4042.6,15,1,4043.0,56,2,4043.1,1,1,4043.2,18,2
11483,2026-07-02 11:11:47+05:30,4042.4,8,4046.8,777548,141424.0,149829.0,4100.0,4110.0,4016.1,4092.6,23741550,4501.8,3683.4,4440.0,3288.1,4042.0,1367,3,4041.9,2,1,4041.8,2,2,4041.5,50,1,4041.3,12,1,4042.4,5,2,4042.8,15,1,4043.0,56,2,4043.1,1,1,4043.2,18,2
11483,2026-07-02 11:11:48+05:30,4042.4,8,4046.8,777548,141475.0,149791.0,4100.0,4110.0,4016.1,4092.6,23741550,4501.8,3683.4,4440.0,3288.1,4042.0,1384,4,4041.9,14,2,4041.8,2,2,4041.6,12,1,4041.5,85,3,4042.4,5,2,4042.8,15,1,4043.0,56,2,4043.1,1,1,4043.2,18,2
11483,2026-07-02 11:11:49+05:30,4042.0,50,4046.8,777548,141475.0,149791.0,4100.0,4110.0,4016.1,4092.6,23741550,4501.8,3683.4,4440.0,3288.1,4042.0,1384,4,4041.9,14,2,4041.8,2,2,4041.6,12,1,4041.5,85,3,4042.4,5,2,4042.8,15,1,4043.0,56,2,4043.1,1,1,4043.2,18,2
11483,2026-07-02 11:11:49+05:30,4042.0,50,4046.8,777598,141300.0,149832.0,4100.0,4110.0,4016.1,4092.6,23741550,4501.8,3683.4,4440.0,3288.1,4042.0,1335,5,4041.9,14,2,4041.8,1,1,4041.6,12,1,4041.5,85,3,4042.4,5,2,4042.8,15,1,4043.0,66,3,4043.1,1,1,4043.2,18,2
11483,2026-07-02 11:11:50+05:30,4042.0,50,4046.8,777598,141355.0,149829.0,4100.0,4110.0,4016.1,4092.6,23741550,4501.8,3683.4,4440.0,3288.1,4042.0,1335,5,4041.9,14,2,4041.8,1,1,4041.6,12,1,4041.5,85,3,4042.4,5,2,4042.8,15,1,4043.0,66,3,4043.1,1,1,4043.2,18,2
11483,2026-07-02 11:11:51+05:30,4042.0,1,4046.8,777599,141309.0,149864.0,4100.0,4110.0,4016.1,4092.6,23741550,4501.8,3683.4,4440.0,3288.1,4042.0,1334,5,4041.9,14,2,4041.8,1,1,4041.6,12,1,4041.5,85,3,4042.2,1,1,4042.4,5,2,4042.8,15,1,4043.0,66,3,4043.1,1,1
11483,2026-07-02 11:11:52+05:30,4042.0,1,4046.8,777599,141309.0,149864.0,4100.0,4110.0,4016.1,4092.6,23741550,4501.8,3683.4,4440.0,3288.1,4042.0,1334,5,4041.9,14,2,4041.8,1,1,4041.6,12,1,4041.5,85,3,4042.2,1,1,4042.4,5,2,4042.8,15,1,4043.0,66,3,4043.1,1,1
11483,2026-07-02 11:11:52+05:30,4042.0,1,4046.8,777599,141308.0,149843.0,4100.0,4110.0,4016.1,4092.6,23741550,4501.8,3683.4,4440.0,3288.1,4042.1,1,1,4042.0,1334,5,4041.9,14,2,4041.8,1,1,4041.6,12,1,4042.2,1,1,4042.4,4,1,4042.8,15,1,4043.0,66,3,4043.2,18,2
11483,2026-07-02 11:11:53+05:30,4042.0,1,4046.8,777599,141308.0,149880.0,4100.0,4110.0,4016.1,4092.6,23741550,4501.8,3683.4,4440.0,3288.1,4042.1,1,1,4042.0,1346,6,4041.9,2,1,4041.8,1,1,4041.6,12,1,4042.2,3,3,4042.4,4,1,4042.8,15,1,4043.0,66,3,4043.2,40,3
11483,2026-07-02 11:11:54+05:30,4042.2,1,4046.8,777599,141308.0,149880.0,4100.0,4110.0,4016.1,4092.6,23741550,4501.8,3683.4,4440.0,3288.1,4042.1,1,1,4042.0,1346,6,4041.9,2,1,4041.8,1,1,4041.6,12,1,4042.2,3,3,4042.4,4,1,4042.8,15,1,4043.0,66,3,4043.2,40,3
11483,2026-07-02 11:11:54+05:30,4042.1,1,4046.8,777601,141391.0,149880.0,4100.0,4110.0,4016.1,4092.6,23741550,4501.8,3683.4,4440.0,3288.1,4042.1,1,1,4042.0,1446,7,4041.9,2,1,4041.8,1,1,4041.6,12,1,4042.2,3,3,4042.4,4,1,4042.8,15,1,4043.0,66,3,4043.2,40,3
11483,2026-07-02 11:11:55+05:30,4042.1,1,4046.8,777601,141391.0,149880.0,4100.0,4110.0,4016.1,4092.6,23741550,4501.8,3683.4,4440.0,3288.1,4042.1,1,1,4042.0,1446,7,4041.9,2,1,4041.8,1,1,4041.6,12,1,4042.2,3,3,4042.4,4,1,4042.8,15,1,4043.0,66,3,4043.2,40,3
11483,2026-07-02 11:11:55+05:30,4042.1,1,4046.8,777601,141428.0,149854.0,4100.0,4110.0,4016.1,4092.6,23741550,4501.8,3683.4,4440.0,3288.1,4042.1,1,1,4042.0,1446,7,4041.8,1,1,4041.7,6,1,4041.6,12,1,4042.2,3,3,4042.4,4,1,4042.8,15,1,4043.0,66,3,4043.2,40,3
11483,2026-07-02 11:11:56+05:30,4042.4,2,4046.8,777601,141428.0,149854.0,4100.0,4110.0,4016.1,4092.6,23741550,4501.8,3683.4,4440.0,3288.1,4042.1,1,1,4042.0,1446,7,4041.8,1,1,4041.7,6,1,4041.6,12,1,4042.2,3,3,4042.4,4,1,4042.8,15,1,4043.0,66,3,4043.2,40,3
11483,2026-07-02 11:11:56+05:30,4042.8,26,4046.8,777643,141351.0,149700.0,4100.0,4110.0,4016.1,4092.6,23741550,4501.8,3683.4,4440.0,3288.1,4042.1,2,1,4042.0,1439,7,4041.8,1,1,4041.6,12,1,4041.5,85,3,4042.8,18,1,4043.0,66,3,4043.2,5,1,4043.3,3,1,4043.5,53,3
11483,2026-07-02 11:11:57+05:30,4042.8,26,4046.8,777643,141351.0,149700.0,4100.0,4110.0,4016.1,4092.6,23741550,4501.8,3683.4,4440.0,3288.1,4042.1,2,1,4042.0,1439,7,4041.8,1,1,4041.6,12,1,4041.5,85,3,4042.8,18,1,4043.0,66,3,4043.2,5,1,4043.3,3,1,4043.5,53,3
11483,2026-07-02 11:11:57+05:30,4042.8,26,4046.8,777643,141544.0,149680.0,4100.0,4110.0,4016.1,4092.6,23741550,4501.8,3683.4,4440.0,3288.1,4042.0,1412,6,4041.9,6,1,4041.8,1,1,4041.6,12,1,4041.5,50,1,4042.8,19,2,4043.0,66,3,4043.2,5,1,4043.3,3,1,4043.4,22,1
11483,2026-07-02 11:11:58+05:30,4042.8,7,4046.8,777650,141534.0,149719.0,4100.0,4110.0,4016.1,4092.6,23741550,4501.8,3683.4,4440.0,3288.1,4042.0,1412,6,4041.9,6,1,4041.8,1,1,4041.6,12,1,4041.5,50,1,4042.8,12,2,4043.0,66,3,4043.2,5,1,4043.3,3,1,4043.4,22,1
11483,2026-07-02 11:11:59+05:30,4042.8,1,4046.8,777650,141534.0,149719.0,4100.0,4110.0,4016.1,4092.6,23741550,4501.8,3683.4,4440.0,3288.1,4042.0,1412,6,4041.9,6,1,4041.8,1,1,4041.6,12,1,4041.5,50,1,4042.8,12,2,4043.0,66,3,4043.2,5,1,4043.3,3,1,4043.4,22,1
11483,2026-07-02 11:11:59+05:30,4042.8,2,4046.8,777657,141536.0,149731.0,4100.0,4110.0,4016.1,4092.6,23741550,4501.8,3683.4,4440.0,3288.1,4042.0,1408,6,4041.9,6,1,4041.8,1,1,4041.5,50,1,4041.3,50,3,4042.8,19,3,4043.0,66,3,4043.2,5,1,4043.3,3,1,4043.4,22,1
11483,2026-07-02 11:12:00+05:30,4042.8,2,4046.8,777657,141536.0,149731.0,4100.0,4110.0,4016.1,4092.6,23741550,4501.8,3683.4,4440.0,3288.1,4042.0,1408,6,4041.9,6,1,4041.8,1,1,4041.5,50,1,4041.3,50,3,4042.8,19,3,4043.0,66,3,4043.2,5,1,4043.3,3,1,4043.4,22,1
11483,2026-07-02 11:12:00+05:30,4042.7,3,4046.8,777663,141538.0,149854.0,4100.0,4110.0,4016.1,4092.6,23741550,4501.8,3683.4,4440.0,3288.1,4042.0,1408,6,4041.9,6,1,4041.8,1,1,4041.5,50,1,4041.3,52,3,4042.7,6,1,4042.8,31,4,4043.0,66,3,4043.2,5,1,4043.3,3,1
11483,2026-07-02 11:12:01+05:30,4042.7,3,4046.8,777663,141538.0,149854.0,4100.0,4110.0,4016.1,4092.6,23741550,4501.8,3683.4,4440.0,3288.1,4042.0,1408,6,4041.9,6,1,4041.8,1,1,4041.5,50,1,4041.3,52,3,4042.7,6,1,4042.8,31,4,4043.0,66,3,4043.2,5,1,4043.3,3,1
11483,2026-07-02 11:12:01+05:30,4042.7,3,4046.8,777663,141567.0,149826.0,4100.0,4110.0,4016.1,4092.6,23741550,4501.8,3683.4,4440.0,3288.1,4042.1,2,1,4042.0,1408,6,4041.8,1,1,4041.7,12,1,4041.5,50,1,4042.4,1,1,4042.8,18,2,4043.0,66,3,4043.3,20,1,4043.5,17,3
11483,2026-07-02 11:12:02+05:30,4042.7,3,4046.8,777663,141502.0,149827.0,4100.0,4110.0,4016.1,4092.6,23741550,4501.8,3683.4,4440.0,3288.1,4042.2,1,1,4042.1,102,2,4042.0,1320,6,4041.8,1,1,4041.6,12,1,4042.4,2,2,4042.8,43,3,4043.0,66,3,4043.3,20,1,4043.5,17,3
11483,2026-07-02 11:12:03+05:30,4042.7,3,4046.8,777663,141482.0,149789.0,4100.0,4110.0,4016.1,4092.6,23741550,4501.8,3683.4,4440.0,3288.1,4042.2,1,1,4042.1,114,3,4042.0,1308,5,4041.8,1,1,4041.6,12,1,4042.4,3,3,4042.8,43,3,4043.0,66,3,4043.3,20,1,4043.5,17,3
11483,2026-07-02 11:12:04+05:30,4042.7,3,4046.8,777663,141282.0,149974.0,4100.0,4110.0,4016.1,4092.6,23741550,4501.8,3683.4,4440.0,3288.1,4042.3,2,1,4042.2,13,2,4042.1,102,2,4042.0,1308,5,4041.9,12,1,4042.4,3,3,4042.8,43,3,4043.0,66,3,4043.3,20,1,4043.5,17,3
11483,2026-07-02 11:12:06+05:30,4042.7,3,4046.8,777663,141282.0,149857.0,4100.0,4110.0,4016.1,4092.6,23741550,4501.8,3683.4,4440.0,3288.1,4042.3,2,1,4042.2,13,2,4042.1,102,2,4042.0,1308,5,4041.9,12,1,4042.4,3,3,4042.8,43,3,4043.0,66,3,4043.3,20,1,4043.5,17,3
11483,2026-07-02 11:12:06+05:30,4042.4,1,4046.8,777663,141282.0,149857.0,4100.0,4110.0,4016.1,4092.6,23741550,4501.8,3683.4,4440.0,3288.1,4042.3,2,1,4042.2,13,2,4042.1,102,2,4042.0,1308,5,4041.9,12,1,4042.4,3,3,4042.8,43,3,4043.0,66,3,4043.3,20,1,4043.5,17,3
11483,2026-07-02 11:12:07+05:30,4042.4,1,4046.8,777676,141353.0,149422.0,4100.0,4110.0,4016.1,4092.6,23741550,4501.8,3683.4,4440.0,3288.1,4042.4,17,3,4042.3,2,1,4042.2,3,2,4042.1,100,1,4042.0,1308,5,4042.8,43,3,4043.0,66,3,4043.5,14,1,4043.7,15,2,4043.9,67,4
11483,2026-07-02 11:12:07+05:30,4042.8,2,4046.8,777676,141353.0,149422.0,4100.0,4110.0,4016.1,4092.6,23741550,4501.8,3683.4,4440.0,3288.1,4042.4,17,3,4042.3,2,1,4042.2,3,2,4042.1,100,1,4042.0,1308,5,4042.8,43,3,4043.0,66,3,4043.5,14,1,4043.7,15,2,4043.9,67,4
11483,2026-07-02 11:12:08+05:30,4042.0,60,4046.8,777896,141244.0,149404.0,4100.0,4110.0,4016.1,4092.6,23741550,4501.8,3683.4,4440.0,3288.1,4042.0,1277,7,4041.9,1,1,4041.8,20,2,4041.6,55,3,4041.5,50,1,4042.8,52,4,4043.0,66,3,4043.5,14,1,4043.7,35,3,4043.9,67,4
11483,2026-07-02 11:12:08+05:30,4042.0,60,4046.8,777896,141244.0,149404.0,4100.0,4110.0,4016.1,4092.6,23741550,4501.8,3683.4,4440.0,3288.1,4042.0,1277,7,4041.9,1,1,4041.8,20,2,4041.6,55,3,4041.5,50,1,4042.8,52,4,4043.0,66,3,4043.5,14,1,4043.7,35,3,4043.9,67,4
11483,2026-07-02 11:12:09+05:30,4042.8,3,4046.8,777899,141208.0,149402.0,4100.0,4110.0,4016.1,4092.6,23741550,4501.8,3683.4,4440.0,3288.1,4042.1,50,4,4042.0,1248,5,4041.9,1,1,4041.8,20,2,4041.6,55,3,4042.8,49,4,4043.0,66,3,4043.5,14,1,4043.7,35,3,4043.9,67,4
11483,2026-07-02 11:12:09+05:30,4042.8,3,4046.8,777899,141208.0,149402.0,4100.0,4110.0,4016.1,4092.6,23741550,4501.8,3683.4,4440.0,3288.1,4042.1,50,4,4042.0,1248,5,4041.9,1,1,4041.8,20,2,4041.6,55,3,4042.8,49,4,4043.0,66,3,4043.5,14,1,4043.7,35,3,4043.9,67,4
11483,2026-07-02 11:12:10+05:30,4042.8,3,4046.8,777899,141161.0,149385.0,4100.0,4110.0,4016.1,4092.6,23741550,4501.8,3683.4,4440.0,3288.1,4042.1,47,3,4042.0,1249,6,4041.9,1,1,4041.8,20,2,4041.6,75,4,4042.8,49,4,4043.0,66,3,4043.5,14,1,4043.7,15,2,4043.8,49,1
11483,2026-07-02 11:12:11+05:30,4042.8,3,4046.8,777899,141175.0,149780.0,4100.0,4110.0,4016.1,4092.6,23741550,4501.8,3683.4,4440.0,3288.1,4042.1,36,2,4042.0,1249,6,4041.9,1,1,4041.8,1,1,4041.6,55,3,4042.5,1,1,4042.8,49,4,4043.0,66,3,4043.2,5,1,4043.5,14,1
11483,2026-07-02 11:12:12+05:30,4042.8,3,4046.8,777899,141149.0,149787.0,4100.0,4110.0,4016.1,4092.6,23741550,4501.8,3683.4,4440.0,3288.1,4042.3,1,1,4042.1,47,3,4042.0,1249,6,4041.9,13,2,4041.8,1,1,4042.5,1,1,4042.8,50,4,4043.0,66,3,4043.5,14,1,4043.7,15,2
11483,2026-07-02 11:12:13+05:30,4042.0,135,4046.8,777899,141149.0,149787.0,4100.0,4110.0,4016.1,4092.6,23741550,4501.8,3683.4,4440.0,3288.1,4042.3,1,1,4042.1,47,3,4042.0,1249,6,4041.9,13,2,4041.8,1,1,4042.5,1,1,4042.8,50,4,4043.0,66,3,4043.5,14,1,4043.7,15,2
11483,2026-07-02 11:12:13+05:30,4042.0,135,4046.8,778084,140954.0,149668.0,4100.0,4110.0,4016.1,4092.6,23741550,4501.8,3683.4,4440.0,3288.1,4042.0,1130,7,4041.8,1,1,4041.7,4,1,4041.6,31,2,4041.5,50,1,4042.5,2,2,4042.8,50,4,4043.0,66,3,4043.5,14,1,4043.7,35,3
11483,2026-07-02 11:12:14+05:30,4042.0,4,4046.8,778084,140954.0,149668.0,4100.0,4110.0,4016.1,4092.6,23741550,4501.8,3683.4,4440.0,3288.1,4042.0,1130,7,4041.8,1,1,4041.7,4,1,4041.6,31,2,4041.5,50,1,4042.5,2,2,4042.8,50,4,4043.0,66,3,4043.5,14,1,4043.7,35,3
11483,2026-07-02 11:12:14+05:30,4042.0,4,4046.8,778088,141010.0,149672.0,4100.0,4110.0,4016.1,4092.6,23741550,4501.8,3683.4,4440.0,3288.1,4042.0,1126,7,4041.8,1,1,4041.7,1,1,4041.6,12,1,4041.5,50,1,4042.5,3,3,4042.8,50,4,4043.0,66,3,4043.5,16,2,4043.7,35,3
11483,2026-07-02 11:12:15+05:30,4042.8,1,4046.8,778088,141010.0,149672.0,4100.0,4110.0,4016.1,4092.6,23741550,4501.8,3683.4,4440.0,3288.1,4042.0,1126,7,4041.8,1,1,4041.7,1,1,4041.6,12,1,4041.5,50,1,4042.5,3,3,4042.8,50,4,4043.0,66,3,4043.5,16,2,4043.7,35,3
11483,2026-07-02 11:12:15+05:30,4042.5,1,4046.8,778099,141016.0,149385.0,4100.0,4110.0,4016.1,4092.6,23741550,4501.8,3683.4,4440.0,3288.1,4042.0,1126,7,4041.9,12,1,4041.8,1,1,4041.7,1,1,4041.6,12,1,4042.8,44,3,4043.0,66,3,4043.4,4,1,4043.5,16,2,4043.6,38,1
11483,2026-07-02 11:12:16+05:30,4042.8,3,4046.8,778099,141016.0,149385.0,4100.0,4110.0,4016.1,4092.6,23741550,4501.8,3683.4,4440.0,3288.1,4042.0,1126,7,4041.9,12,1,4041.8,1,1,4041.7,1,1,4041.6,12,1,4042.8,44,3,4043.0,66,3,4043.4,4,1,4043.5,16,2,4043.6,38,1
11483,2026-07-02 11:12:16+05:30,4042.8,3,4046.8,778104,141051.0,149494.0,4100.0,4110.0,4016.1,4092.6,23741550,4501.8,3683.4,4440.0,3288.1,4042.0,1110,6,4041.8,1,1,4041.5,50,1,4041.4,1,1,4041.3,20,1,4042.7,11,1,4042.8,63,6,4043.0,66,3,4043.1,5,1,4043.4,24,2
11483,2026-07-02 11:12:17+05:30,4042.8,3,4046.8,778104,141021.0,150101.0,4100.0,4110.0,4016.1,4092.6,23741550,4501.8,3683.4,4440.0,3288.1,4042.0,1110,6,4041.8,1,1,4041.5,50,1,4041.3,20,1,4041.2,1,1,4042.6,50,4,4042.7,23,2,4042.8,63,6,4042.9,4,1,4043.0,79,4
11483,2026-07-02 11:12:18+05:30,4042.5,2,4046.8,778104,141021.0,150101.0,4100.0,4110.0,4016.1,4092.6,23741550,4501.8,3683.4,4440.0,3288.1,4042.0,1110,6,4041.8,1,1,4041.5,50,1,4041.3,20,1,4041.2,1,1,4042.6,50,4,4042.7,23,2,4042.8,63,6,4042.9,4,1,4043.0,79,4
11483,2026-07-02 11:12:18+05:30,4042.5,2,4046.8,778281,140753.0,150071.0,4100.0,4110.0,4016.1,4092.6,23741550,4501.8,3683.4,4440.0,3288.1,4042.0,935,6,4041.8,1,1,4041.5,50,1,4041.2,1,1,4041.1,1,1,4042.5,9,1,4042.6,51,5,4042.7,24,3,4042.8,62,5,4042.9,12,1
11483,2026-07-02 11:12:19+05:30,4042.5,2,4046.8,778281,140768.0,150061.0,4100.0,4110.0,4016.1,4092.6,23741550,4501.8,3683.4,4440.0,3288.1,4042.0,935,6,4041.8,1,1,4041.5,50,1,4041.2,1,1,4041.1,2,2,4042.5,40,3,4042.6,46,4,4042.7,24,3,4042.8,51,4,4042.9,12,1
11483,2026-07-02 11:12:20+05:30,4042.5,2,4046.8,778281,140770.0,149907.0,4100.0,4110.0,4016.1,4092.6,23741550,4501.8,3683.4,4440.0,3288.1,4042.0,935,6,4041.8,1,1,4041.5,50,1,4041.2,2,2,4041.1,1,1,4042.5,32,3,4042.6,35,3,4042.7,24,3,4042.8,51,4,4042.9,12,1
11483,2026-07-02 11:12:21+05:30,4042.3,4,4046.8,778281,140770.0,149907.0,4100.0,4110.0,4016.1,4092.6,23741550,4501.8,3683.4,4440.0,3288.1,4042.0,935,6,4041.8,1,1,4041.5,50,1,4041.2,2,2,4041.1,1,1,4042.5,32,3,4042.6,35,3,4042.7,24,3,4042.8,51,4,4042.9,12,1
11483,2026-07-02 11:12:21+05:30,4042.3,4,4046.8,778285,140768.0,150014.0,4100.0,4110.0,4016.1,4092.6,23741550,4501.8,3683.4,4440.0,3288.1,4042.0,935,6,4041.8,1,1,4041.5,50,1,4041.2,21,2,4041.1,2,2,4042.3,2,1,4042.4,18,1,4042.5,32,3,4042.6,35,3,4042.7,13,2
11483,2026-07-02 11:12:22+05:30,4042.3,1,4046.8,778285,140768.0,150014.0,4100.0,4110.0,4016.1,4092.6,23741550,4501.8,3683.4,4440.0,3288.1,4042.0,935,6,4041.8,1,1,4041.5,50,1,4041.2,21,2,4041.1,2,2,4042.3,2,1,4042.4,18,1,4042.5,32,3,4042.6,35,3,4042.7,13,2
11483,2026-07-02 11:12:22+05:30,4042.0,175,4046.8,778463,139552.0,149382.0,4100.0,4110.0,4016.1,4092.6,23741550,4501.8,3683.4,4440.0,3288.1,4042.0,759,5,4041.8,1,1,4041.5,50,1,4041.2,1,1,4041.1,1,1,4042.2,56,5,4042.3,29,4,4042.4,18,1,4042.5,22,2,4042.6,11,1
11483,2026-07-02 11:12:23+05:30,4042.0,192,4046.8,778463,139552.0,149382.0,4100.0,4110.0,4016.1,4092.6,23741550,4501.8,3683.4,4440.0,3288.1,4042.0,759,5,4041.8,1,1,4041.5,50,1,4041.2,1,1,4041.1,1,1,4042.2,56,5,4042.3,29,4,4042.4,18,1,4042.5,22,2,4042.6,11,1
11483,2026-07-02 11:12:23+05:30,4042.0,175,4046.79,780106,139854.0,149933.0,4100.0,4110.0,4016.1,4092.6,23741550,4501.8,3683.4,4440.0,3288.1,4042.0,879,2,4041.8,1,1,4041.5,50,1,4041.2,1,1,4041.1,1,1,4042.1,37,4,4042.2,44,7,4042.3,29,4,4042.4,24,2,4042.5,22,2
11483,2026-07-02 11:12:24+05:30,4042.1,1,4046.79,780106,139854.0,149933.0,4100.0,4110.0,4016.1,4092.6,23741550,4501.8,3683.4,4440.0,3288.1,4042.0,879,2,4041.8,1,1,4041.5,50,1,4041.2,1,1,4041.1,1,1,4042.1,37,4,4042.2,44,7,4042.3,29,4,4042.4,24,2,4042.5,22,2
11483,2026-07-02 11:12:24+05:30,4042.1,1,4046.79,780117,139908.0,149958.0,4100.0,4110.0,4016.1,4092.6,23741550,4501.8,3683.4,4440.0,3288.1,4042.0,869,2,4041.8,1,1,4041.5,50,1,4041.2,1,1,4041.1,1,1,4042.1,54,6,4042.2,43,6,4042.3,29,4,4042.4,24,2,4042.5,22,2
11483,2026-07-02 11:12:25+05:30,4042.1,2,4046.79,780117,139908.0,149958.0,4100.0,4110.0,4016.1,4092.6,23741550,4501.8,3683.4,4440.0,3288.1,4042.0,869,2,4041.8,1,1,4041.5,50,1,4041.2,1,1,4041.1,1,1,4042.1,54,6,4042.2,43,6,4042.3,29,4,4042.4,24,2,4042.5,22,2
11483,2026-07-02 11:12:25+05:30,4041.1,1,4046.72,791634,137520.0,150794.0,4100.0,4110.0,4016.1,4092.6,23741550,4501.8,3683.4,4440.0,3288.1,4040.2,2,1,4040.1,101,2,4040.0,66,9,4039.7,2,1,4039.6,18,1,4041.2,39,3,4041.3,39,3,4041.4,42,3,4041.5,23,3,4041.6,27,2
11483,2026-07-02 11:12:26+05:30,4041.0,4,4046.72,791634,137520.0,150794.0,4100.0,4110.0,4016.1,4092.6,23741550,4501.8,3683.4,4440.0,3288.1,4040.2,2,1,4040.1,101,2,4040.0,66,9,4039.7,2,1,4039.6,18,1,4041.2,39,3,4041.3,39,3,4041.4,42,3,4041.5,23,3,4041.6,27,2
11483,2026-07-02 11:12:26+05:30,4041.0,4,4046.72,791764,137423.0,151647.0,4100.0,4110.0,4016.1,4092.6,23741550,4501.8,3683.4,4440.0,3288.1,4040.0,47,5,4039.2,12,1,4039.1,18,2,4039.0,475,5,4038.9,18,1,4041.1,24,4,4041.2,33,4,4041.3,25,2,4041.4,44,3,4041.5,102,3
11483,2026-07-02 11:12:27+05:30,4040.9,2,4046.72,791764,137423.0,151647.0,4100.0,4110.0,4016.1,4092.6,23741550,4501.8,3683.4,4440.0,3288.1,4040.0,47,5,4039.2,12,1,4039.1,18,2,4039.0,475,5,4038.9,18,1,4041.1,24,4,4041.2,33,4,4041.3,25,2,4041.4,44,3,4041.5,102,3
11483,2026-07-02 11:12:27+05:30,4040.9,2,4046.72,791766,136986.0,152119.0,4100.0,4110.0,4016.1,4092.6,23741550,4501.8,3683.4,4440.0,3288.1,4040.0,47,5,4039.1,8,1,4039.0,467,5,4038.8,12,1,4038.7,1,1,4040.9,46,5,4041.0,41,4,4041.1,40,6,4041.2,21,3,4041.3,55,4
11483,2026-07-02 11:12:28+05:30,4040.0,2,4046.72,791766,136986.0,152119.0,4100.0,4110.0,4016.1,4092.6,23741550,4501.8,3683.4,4440.0,3288.1,4040.0,47,5,4039.1,8,1,4039.0,467,5,4038.8,12,1,4038.7,1,1,4040.9,46,5,4041.0,41,4,4041.1,40,6,4041.2,21,3,4041.3,55,4
11483,2026-07-02 11:12:28+05:30,4040.0,2,4046.72,791768,137032.0,152147.0,4100.0,4110.0,4016.1,4092.6,23741550,4501.8,3683.4,4440.0,3288.1,4040.0,45,5,4039.1,35,2,4039.0,467,5,4038.8,12,1,4038.7,1,1,4040.9,54,6,4041.0,23,3,4041.1,24,4,4041.2,32,3,4041.3,37,3
11483,2026-07-02 11:12:29+05:30,4040.0,5,4046.72,791768,137032.0,152147.0,4100.0,4110.0,4016.1,4092.6,23741550,4501.8,3683.4,4440.0,3288.1,4040.0,45,5,4039.1,35,2,4039.0,467,5,4038.8,12,1,4038.7,1,1,4040.9,54,6,4041.0,23,3,4041.1,24,4,4041.2,32,3,4041.3,37,3
11483,2026-07-02 11:12:29+05:30,4040.0,5,4046.71,791786,137009.0,152229.0,4100.0,4110.0,4016.1,4092.6,23741550,4501.8,3683.4,4440.0,3288.1,4040.0,23,2,4039.1,35,2,4039.0,467,5,4038.8,12,1,4038.7,1,1,4040.8,55,5,4040.9,50,6,4041.0,49,5,4041.1,44,5,4041.2,31,3
11483,2026-07-02 11:12:30+05:30,4040.8,1,4046.71,791786,137009.0,152229.0,4100.0,4110.0,4016.1,4092.6,23741550,4501.8,3683.4,4440.0,3288.1,4040.0,23,2,4039.1,35,2,4039.0,467,5,4038.8,12,1,4038.7,1,1,4040.8,55,5,4040.9,50,6,4041.0,49,5,4041.1,44,5,4041.2,31,3
11483,2026-07-02 11:12:30+05:30,4040.8,1,4046.71,791788,137029.0,152242.0,4100.0,4110.0,4016.1,4092.6,23741550,4501.8,3683.4,4440.0,3288.1,4040.0,22,2,4039.1,32,2,4039.0,467,5,4038.8,12,1,4038.6,49,3,4040.8,62,6,4040.9,24,4,4041.0,35,4,4041.1,62,6,4041.2,31,3
11483,2026-07-02 11:12:31+05:30,4040.8,3,4046.71,791788,137029.0,152242.0,4100.0,4110.0,4016.1,4092.6,23741550,4501.8,3683.4,4440.0,3288.1,4040.0,22,2,4039.1,32,2,4039.0,467,5,4038.8,12,1,4038.6,49,3,4040.8,62,6,4040.9,24,4,4041.0,35,4,4041.1,62,6,4041.2,31,3
11483,2026-07-02 11:12:31+05:30,4040.4,4,4046.71,791798,137006.0,152390.0,4100.0,4110.0,4016.1,4092.6,23741550,4501.8,3683.4,4440.0,3288.1,4040.0,22,2,4039.1,36,2,4039.0,467,5,4038.8,12,1,4038.6,48,4,4040.4,9,2,4040.8,57,6,4040.9,24,4,4041.0,23,3,4041.1,62,6
11483,2026-07-02 11:12:32+05:30,4040.4,4,4046.71,791798,137006.0,152390.0,4100.0,4110.0,4016.1,4092.6,23741550,4501.8,3683.4,4440.0,3288.1,4040.0,22,2,4039.1,36,2,4039.0,467,5,4038.8,12,1,4038.6,48,4,4040.4,9,2,4040.8,57,6,4040.9,24,4,4041.0,23,3,4041.1,62,6
11483,2026-07-02 11:12:32+05:30,4040.4,4,4046.71,791798,137008.0,152556.0,4100.0,4110.0,4016.1,4092.6,23741550,4501.8,3683.4,4440.0,3288.1,4040.2,1,1,4040.0,22,2,4039.1,36,2,4039.0,467,5,4038.8,12,1,4040.4,17,3,4040.8,49,5,4040.9,22,3,4041.0,23,3,4041.1,44,5
11483,2026-07-02 11:12:32+05:30,4040.4,4,4046.71,791798,137008.0,152556.0,4100.0,4110.0,4016.1,4092.6,23741550,4501.8,3683.4,4440.0,3288.1,4040.2,1,1,4040.0,22,2,4039.1,36,2,4039.0,467,5,4038.8,12,1,4040.4,17,3,4040.8,49,5,4040.9,22,3,4041.0,23,3,4041.1,44,5
11483,2026-07-02 11:12:33+05:30,4040.4,4,4046.71,791798,137008.0,152556.0,4100.0,4110.0,4016.1,4092.6,23741550,4501.8,3683.4,4440.0,3288.1,4040.2,1,1,4040.0,22,2,4039.1,36,2,4039.0,467,5,4038.8,12,1,4040.4,17,3,4040.8,49,5,4040.9,22,3,4041.0,23,3,4041.1,44,5
11483,2026-07-02 11:12:33+05:30,4040.2,2,4046.71,791798,137008.0,152556.0,4100.0,4110.0,4016.1,4092.6,23741550,4501.8,3683.4,4440.0,3288.1,4040.2,1,1,4040.0,22,2,4039.1,36,2,4039.0,467,5,4038.8,12,1,4040.4,17,3,4040.8,49,5,4040.9,22,3,4041.0,23,3,4041.1,44,5
11483,2026-07-02 11:12:33+05:30,4040.2,2,4046.71,791798,137008.0,152556.0,4100.0,4110.0,4016.1,4092.6,23741550,4501.8,3683.4,4440.0,3288.1,4040.2,1,1,4040.0,22,2,4039.1,36,2,4039.0,467,5,4038.8,12,1,4040.4,17,3,4040.8,49,5,4040.9,22,3,4041.0,23,3,4041.1,44,5
11483,2026-07-02 11:12:33+05:30,4040.4,1,4046.71,791801,137042.0,152573.0,4100.0,4110.0,4016.1,4092.6,23741550,4501.8,3683.4,4440.0,3288.1,4040.2,1,1,4040.0,39,3,4039.3,12,1,4039.1,36,2,4039.0,455,4,4040.4,17,4,4040.8,49,5,4040.9,22,3,4041.0,23,3,4041.1,44,5
11483,2026-07-02 11:12:33+05:30,4040.4,1,4046.71,791801,137042.0,152573.0,4100.0,4110.0,4016.1,4092.6,23741550,4501.8,3683.4,4440.0,3288.1,4040.2,1,1,4040.0,39,3,4039.3,12,1,4039.1,36,2,4039.0,455,4,4040.4,17,4,4040.8,49,5,4040.9,22,3,4041.0,23,3,4041.1,44,5
11483,2026-07-02 11:12:34+05:30,4040.0,17,4046.71,791801,137042.0,152573.0,4100.0,4110.0,4016.1,4092.6,23741550,4501.8,3683.4,4440.0,3288.1,4040.2,1,1,4040.0,39,3,4039.3,12,1,4039.1,36,2,4039.0,455,4,4040.4,17,4,4040.8,49,5,4040.9,22,3,4041.0,23,3,4041.1,44,5
11483,2026-07-02 11:12:34+05:30,4040.0,17,4046.71,791841,137153.0,152067.0,4100.0,4110.0,4016.1,4092.6,23741550,4501.8,3683.4,4440.0,3288.1,4039.0,455,4,4038.6,27,2,4038.3,27,2,4038.2,32,2,4038.1,2,1,4040.0,36,4,4040.1,208,4,4040.4,17,4,4040.5,41,2,4040.7,38,1
11483,2026-07-02 11:12:34+05:30,4040.0,17,4046.71,791841,137153.0,152067.0,4100.0,4110.0,4016.1,4092.6,23741550,4501.8,3683.4,4440.0,3288.1,4039.0,455,4,4038.6,27,2,4038.3,27,2,4038.2,32,2,4038.1,2,1,4040.0,36,4,4040.1,208,4,4040.4,17,4,4040.5,41,2,4040.7,38,1
11483,2026-07-02 11:12:35+05:30,4040.0,6,4046.71,791841,137153.0,152067.0,4100.0,4110.0,4016.1,4092.6,23741550,4501.8,3683.4,4440.0,3288.1,4039.0,455,4,4038.6,27,2,4038.3,27,2,4038.2,32,2,4038.1,2,1,4040.0,36,4,4040.1,208,4,4040.4,17,4,4040.5,41,2,4040.7,38,1
11483,2026-07-02 11:12:35+05:30,4040.0,6,4046.71,791841,137153.0,152067.0,4100.0,4110.0,4016.1,4092.6,23741550,4501.8,3683.4,4440.0,3288.1,4039.0,455,4,4038.6,27,2,4038.3,27,2,4038.2,32,2,4038.1,2,1,4040.0,36,4,4040.1,208,4,4040.4,17,4,4040.5,41,2,4040.7,38,1
11483,2026-07-02 11:12:35+05:30,4040.0,6,4046.71,791866,137214.0,152067.0,4100.0,4110.0,4016.1,4092.6,23741550,4501.8,3683.4,4440.0,3288.1,4039.1,2,1,4039.0,467,5,4038.6,27,2,4038.3,27,2,4038.2,41,5,4040.0,19,3,4040.1,195,3,4040.4,9,3,4040.5,41,2,4040.6,38,1
11483,2026-07-02 11:12:35+05:30,4040.0,6,4046.71,791866,137214.0,152067.0,4100.0,4110.0,4016.1,4092.6,23741550,4501.8,3683.4,4440.0,3288.1,4039.1,2,1,4039.0,467,5,4038.6,27,2,4038.3,27,2,4038.2,41,5,4040.0,19,3,4040.1,195,3,4040.4,9,3,4040.5,41,2,4040.6,38,1
11483,2026-07-02 11:12:36+05:30,4040.0,6,4046.71,791866,137214.0,152067.0,4100.0,4110.0,4016.1,4092.6,23741550,4501.8,3683.4,4440.0,3288.1,4039.1,2,1,4039.0,467,5,4038.6,27,2,4038.3,27,2,4038.2,41,5,4040.0,19,3,4040.1,195,3,4040.4,9,3,4040.5,41,2,4040.6,38,1
11483,2026-07-02 11:12:36+05:30,4039.0,1,4046.71,791866,137214.0,152067.0,4100.0,4110.0,4016.1,4092.6,23741550,4501.8,3683.4,4440.0,3288.1,4039.1,2,1,4039.0,467,5,4038.6,27,2,4038.3,27,2,4038.2,41,5,4040.0,19,3,4040.1,195,3,4040.4,9,3,4040.5,41,2,4040.6,38,1
11483,2026-07-02 11:12:36+05:30,4039.0,1,4046.71,791866,137214.0,152067.0,4100.0,4110.0,4016.1,4092.6,23744350,4501.8,3683.4,4440.0,3288.1,4039.1,2,1,4039.0,467,5,4038.6,27,2,4038.3,27,2,4038.2,41,5,4040.0,19,3,4040.1,195,3,4040.4,9,3,4040.5,41,2,4040.6,38,1
11483,2026-07-02 11:12:36+05:30,4039.0,15,4046.71,792135,136822.0,152079.0,4100.0,4110.0,4016.1,4092.6,23744350,4501.8,3683.4,4440.0,3288.1,4039.0,220,5,4038.6,15,1,4038.3,12,1,4038.2,41,2,4038.1,13,3,4040.0,24,4,4040.1,195,3,4040.4,28,3,4040.5,100,4,4040.7,24,1
11483,2026-07-02 11:12:36+05:30,4039.0,15,4046.71,792135,136822.0,152079.0,4100.0,4110.0,4016.1,4092.6,23744350,4501.8,3683.4,4440.0,3288.1,4039.0,220,5,4038.6,15,1,4038.3,12,1,4038.2,41,2,4038.1,13,3,4040.0,24,4,4040.1,195,3,4040.4,28,3,4040.5,100,4,4040.7,24,1
11483,2026-07-02 11:12:37+05:30,4039.0,15,4046.71,792135,136822.0,152079.0,4100.0,4110.0,4016.1,4092.6,23744350,4501.8,3683.4,4440.0,3288.1,4039.0,220,5,4038.6,15,1,4038.3,12,1,4038.2,41,2,4038.1,13,3,4040.0,24,4,4040.1,195,3,4040.4,28,3,4040.5,100,4,4040.7,24,1
11483,2026-07-02 11:12:37+05:30,4039.0,3,4046.71,792135,136822.0,152079.0,4100.0,4110.0,4016.1,4092.6,23744350,4501.8,3683.4,4440.0,3288.1,4039.0,220,5,4038.6,15,1,4038.3,12,1,4038.2,41,2,4038.1,13,3,4040.0,24,4,4040.1,195,3,4040.4,28,3,4040.5,100,4,4040.7,24,1
11483,2026-07-02 11:12:37+05:30,4039.0,3,4046.71,792135,136822.0,152079.0,4100.0,4110.0,4016.1,4092.6,23744350,4501.8,3683.4,4440.0,3288.1,4039.0,220,5,4038.6,15,1,4038.3,12,1,4038.2,41,2,4038.1,13,3,4040.0,24,4,4040.1,195,3,4040.4,28,3,4040.5,100,4,4040.7,24,1
11483,2026-07-02 11:12:37+05:30,4039.0,3,4046.71,792138,136830.0,152100.0,4100.0,4110.0,4016.1,4092.6,23744350,4501.8,3683.4,4440.0,3288.1,4039.0,217,5,4038.6,27,2,4038.4,8,1,4038.3,12,1,4038.2,41,2,4040.0,24,4,4040.1,195,3,4040.4,28,3,4040.5,79,3,4040.7,13,1
11483,2026-07-02 11:12:37+05:30,4039.0,3,4046.71,792138,136830.0,152100.0,4100.0,4110.0,4016.1,4092.6,23744350,4501.8,3683.4,4440.0,3288.1,4039.0,217,5,4038.6,27,2,4038.4,8,1,4038.3,12,1,4038.2,41,2,4040.0,24,4,4040.1,195,3,4040.4,28,3,4040.5,79,3,4040.7,13,1
11483,2026-07-02 11:12:38+05:30,4039.0,3,4046.71,792138,136830.0,152100.0,4100.0,4110.0,4016.1,4092.6,23744350,4501.8,3683.4,4440.0,3288.1,4039.0,217,5,4038.6,27,2,4038.4,8,1,4038.3,12,1,4038.2,41,2,4040.0,24,4,4040.1,195,3,4040.4,28,3,4040.5,79,3,4040.7,13,1
11483,2026-07-02 11:12:38+05:30,4039.0,1,4046.71,792138,136830.0,152100.0,4100.0,4110.0,4016.1,4092.6,23744350,4501.8,3683.4,4440.0,3288.1,4039.0,217,5,4038.6,27,2,4038.4,8,1,4038.3,12,1,4038.2,41,2,4040.0,24,4,4040.1,195,3,4040.4,28,3,4040.5,79,3,4040.7,13,1
11483,2026-07-02 11:12:38+05:30,4039.0,100,4046.71,792671,136273.0,151892.0,4100.0,4110.0,4016.1,4092.6,23744350,4501.8,3683.4,4440.0,3288.1,4039.0,99,4,4038.6,15,1,4038.5,12,1,4038.3,12,1,4038.2,41,2,4040.2,56,5,4040.3,41,5,4040.4,64,8,4040.5,82,5,4040.6,39,2
11483,2026-07-02 11:12:39+05:30,4040.2,11,4046.71,792671,136273.0,151892.0,4100.0,4110.0,4016.1,4092.6,23744350,4501.8,3683.4,4440.0,3288.1,4039.0,99,4,4038.6,15,1,4038.5,12,1,4038.3,12,1,4038.2,41,2,4040.2,56,5,4040.3,41,5,4040.4,64,8,4040.5,82,5,4040.6,39,2
11483,2026-07-02 11:12:39+05:30,4040.0,1,4046.71,792723,136736.0,152275.0,4100.0,4110.0,4016.1,4092.6,23744350,4501.8,3683.4,4440.0,3288.1,4039.0,99,4,4038.2,12,1,4038.1,12,2,4038.0,568,6,4037.9,14,2,4040.0,132,6,4040.2,46,5,4040.3,37,4,4040.4,64,8,4040.5,82,5
11483,2026-07-02 11:12:40+05:30,4040.0,1,4046.71,792723,136736.0,152275.0,4100.0,4110.0,4016.1,4092.6,23744350,4501.8,3683.4,4440.0,3288.1,4039.0,99,4,4038.2,12,1,4038.1,12,2,4038.0,568,6,4037.9,14,2,4040.0,132,6,4040.2,46,5,4040.3,37,4,4040.4,64,8,4040.5,82,5
11483,2026-07-02 11:12:40+05:30,4040.0,1,4046.71,792723,136741.0,152272.0,4100.0,4110.0,4016.1,4092.6,23744350,4501.8,3683.4,4440.0,3288.1,4039.0,99,4,4038.2,12,1,4038.1,12,2,4038.0,580,7,4037.9,14,2,4040.0,132,6,4040.2,40,4,4040.3,37,4,4040.4,64,8,4040.5,82,5
11483,2026-07-02 11:12:41+05:30,4040.0,1,4046.71,792723,136724.0,152750.0,4100.0,4110.0,4016.1,4092.6,23744350,4501.8,3683.4,4440.0,3288.1,4039.0,99,4,4038.2,12,1,4038.1,27,3,4038.0,581,8,4037.9,51,2,4039.5,1,1,4040.0,124,6,4040.2,40,4,4040.3,37,4,4040.4,54,7
11483,2026-07-02 11:12:42+05:30,4040.0,1,4046.71,792723,136724.0,152750.0,4100.0,4110.0,4016.1,4092.6,23744350,4501.8,3683.4,4440.0,3288.1,4039.0,99,4,4038.2,12,1,4038.1,27,3,4038.0,581,8,4037.9,51,2,4039.5,1,1,4040.0,124,6,4040.2,40,4,4040.3,37,4,4040.4,54,7
11483,2026-07-02 11:12:42+05:30,4040.0,1,4046.71,792766,136754.0,152093.0,4100.0,4110.0,4016.1,4092.6,23744350,4501.8,3683.4,4440.0,3288.1,4039.2,1,1,4039.0,99,4,4038.3,12,1,4038.2,12,1,4038.1,27,3,4040.0,91,6,4040.2,22,3,4040.3,37,4,4040.4,42,6,4040.5,44,4
11483,2026-07-02 11:12:43+05:30,4040.0,1,4046.71,792766,136754.0,152131.0,4100.0,4110.0,4016.1,4092.6,23744350,4501.8,3683.4,4440.0,3288.1,4039.2,1,1,4039.0,99,4,4038.3,12,1,4038.2,12,1,4038.1,27,3,4040.0,92,7,4040.2,22,3,4040.3,37,4,4040.4,42,6,4040.5,44,4
11483,2026-07-02 11:12:44+05:30,4039.0,1,4046.71,792766,136754.0,152131.0,4100.0,4110.0,4016.1,4092.6,23744350,4501.8,3683.4,4440.0,3288.1,4039.2,1,1,4039.0,99,4,4038.3,12,1,4038.2,12,1,4038.1,27,3,4040.0,92,7,4040.2,22,3,4040.3,37,4,4040.4,42,6,4040.5,44,4
11483,2026-07-02 11:12:44+05:30,4039.0,1,4046.71,792770,136919.0,152612.0,4100.0,4110.0,4016.1,4092.6,23744350,4501.8,3683.4,4440.0,3288.1,4039.0,102,5,4038.2,12,1,4038.1,10,2,4038.0,580,7,4037.9,13,1,4040.0,605,9,4040.2,40,4,4040.3,49,5,4040.4,42,6,4040.5,82,5
11483,2026-07-02 11:12:45+05:30,4039.0,1,4046.71,792770,136914.0,152631.0,4100.0,4110.0,4016.1,4092.6,23744350,4501.8,3683.4,4440.0,3288.1,4039.0,102,5,4038.2,12,1,4038.1,5,2,4038.0,580,7,4037.9,54,2,4039.9,41,1,4040.0,625,11,4040.2,40,4,4040.3,37,4,4040.4,54,7
11483,2026-07-02 11:12:46+05:30,4039.0,1,4046.71,792770,136914.0,152631.0,4100.0,4110.0,4016.1,4092.6,23744350,4501.8,3683.4,4440.0,3288.1,4039.0,102,5,4038.2,12,1,4038.1,5,2,4038.0,580,7,4037.9,54,2,4039.9,41,1,4040.0,625,11,4040.2,40,4,4040.3,37,4,4040.4,54,7
11483,2026-07-02 11:12:46+05:30,4040.0,5,4046.71,792779,137131.0,152411.0,4100.0,4110.0,4016.1,4092.6,23744350,4501.8,3683.4,4440.0,3288.1,4039.9,1,1,4039.5,2,2,4039.0,101,5,4038.5,12,1,4038.2,12,1,4040.0,553,5,4040.1,20,1,4040.2,22,3,4040.3,30,4,4040.4,42,6
11483,2026-07-02 11:12:47+05:30,4040.0,5,4046.71,792779,137131.0,152411.0,4100.0,4110.0,4016.1,4092.6,23744350,4501.8,3683.4,4440.0,3288.1,4039.9,1,1,4039.5,2,2,4039.0,101,5,4038.5,12,1,4038.2,12,1,4040.0,553,5,4040.1,20,1,4040.2,22,3,4040.3,30,4,4040.4,42,6
11483,2026-07-02 11:12:47+05:30,4040.0,5,4046.71,792779,137131.0,152424.0,4100.0,4110.0,4016.1,4092.6,23744350,4501.8,3683.4,4440.0,3288.1,4039.9,1,1,4039.5,2,2,4039.0,101,5,4038.5,12,1,4038.2,12,1,4040.0,566,6,4040.1,20,1,4040.2,22,3,4040.3,30,4,4040.4,42,6
11483,2026-07-02 11:12:48+05:30,4039.9,1,4046.71,792779,137131.0,152424.0,4100.0,4110.0,4016.1,4092.6,23744350,4501.8,3683.4,4440.0,3288.1,4039.9,1,1,4039.5,2,2,4039.0,101,5,4038.5,12,1,4038.2,12,1,4040.0,566,6,4040.1,20,1,4040.2,22,3,4040.3,30,4,4040.4,42,6
11483,2026-07-02 11:12:48+05:30,4039.9,10,4046.71,792796,137121.0,152426.0,4100.0,4110.0,4016.1,4092.6,23744350,4501.8,3683.4,4440.0,3288.1,4039.5,2,2,4039.0,101,5,4038.5,12,1,4038.3,12,1,4038.2,12,1,4039.9,18,1,4040.0,565,5,4040.1,20,1,4040.2,22,3,4040.3,30,4
11483,2026-07-02 11:12:49+05:30,4039.9,10,4046.71,792796,137121.0,152426.0,4100.0,4110.0,4016.1,4092.6,23744350,4501.8,3683.4,4440.0,3288.1,4039.5,2,2,4039.0,101,5,4038.5,12,1,4038.3,12,1,4038.2,12,1,4039.9,18,1,4040.0,565,5,4040.1,20,1,4040.2,22,3,4040.3,30,4
11483,2026-07-02 11:12:49+05:30,4039.9,10,4046.71,792796,137073.0,152622.0,4100.0,4110.0,4016.1,4092.6,23744350,4501.8,3683.4,4440.0,3288.1,4039.5,2,2,4039.0,101,5,4038.5,12,1,4038.3,12,1,4038.2,12,1,4039.9,18,1,4040.0,582,5,4040.1,20,1,4040.2,22,3,4040.3,30,4
11483,2026-07-02 11:12:50+05:30,4039.9,10,4046.71,792796,136992.0,152702.0,4100.0,4110.0,4016.1,4092.6,23744350,4501.8,3683.4,4440.0,3288.1,4039.5,2,2,4039.0,101,5,4038.3,12,1,4038.2,12,1,4038.1,5,2,4039.9,40,3,4040.0,587,6,4040.2,22,3,4040.3,42,5,4040.4,38,5
11483,2026-07-02 11:12:51+05:30,4039.5,1,4046.71,792796,136992.0,152702.0,4100.0,4110.0,4016.1,4092.6,23744350,4501.8,3683.4,4440.0,3288.1,4039.5,2,2,4039.0,101,5,4038.3,12,1,4038.2,12,1,4038.1,5,2,4039.9,40,3,4040.0,587,6,4040.2,22,3,4040.3,42,5,4040.4,38,5
11483,2026-07-02 11:12:51+05:30,4039.7,1,4046.71,792798,137017.0,152609.0,4100.0,4110.0,4016.1,4092.6,23744350,4501.8,3683.4,4440.0,3288.1,4039.5,2,2,4039.0,101,5,4038.2,12,1,4038.1,35,2,4038.0,580,7,4039.7,1,1,4039.9,45,4,4040.0,599,7,4040.1,8,1,4040.2,22,3
11483,2026-07-02 11:12:52+05:30,4039.7,1,4046.71,792798,137017.0,152609.0,4100.0,4110.0,4016.1,4092.6,23744350,4501.8,3683.4,4440.0,3288.1,4039.5,2,2,4039.0,101,5,4038.2,12,1,4038.1,35,2,4038.0,580,7,4039.7,1,1,4039.9,45,4,4040.0,599,7,4040.1,8,1,4040.2,22,3
11483,2026-07-02 11:12:52+05:30,4039.7,1,4046.71,792798,137005.0,152577.0,4100.0,4110.0,4016.1,4092.6,23744350,4501.8,3683.4,4440.0,3288.1,4039.6,1,1,4039.5,2,2,4039.0,101,5,4038.2,12,1,4038.1,42,3,4039.7,17,3,4039.9,23,2,4040.0,599,7,4040.1,8,1,4040.2,22,3
11483,2026-07-02 11:12:53+05:30,4039.7,1,4046.71,792798,137064.0,152794.0,4100.0,4110.0,4016.1,4092.6,23744350,4501.8,3683.4,4440.0,3288.1,4039.6,1,1,4039.5,2,2,4039.0,101,5,4038.2,17,2,4038.1,33,2,4039.7,23,6,4039.8,18,1,4039.9,6,2,4040.0,604,8,4040.1,8,1
11483,2026-07-02 11:12:54+05:30,4039.7,1,4046.71,792798,137064.0,152794.0,4100.0,4110.0,4016.1,4092.6,23744350,4501.8,3683.4,4440.0,3288.1,4039.6,1,1,4039.5,2,2,4039.0,101,5,4038.2,17,2,4038.1,33,2,4039.7,23,6,4039.8,18,1,4039.9,6,2,4040.0,604,8,4040.1,8,1
11483,2026-07-02 11:12:54+05:30,4039.7,1,4046.71,792800,137078.0,152824.0,4100.0,4110.0,4016.1,4092.6,23744350,4501.8,3683.4,4440.0,3288.1,4039.6,1,1,4039.5,2,2,4039.0,101,5,4038.2,17,2,4038.1,33,2,4039.7,21,5,4039.8,18,1,4039.9,6,2,4040.0,599,7,4040.1,8,1
11483,2026-07-02 11:12:55+05:30,4039.0,91,4046.71,792900,137037.0,152649.0,4100.0,4110.0,4016.1,4092.6,23744350,4501.8,3683.4,4440.0,3288.1,4039.0,10,5,4038.2,26,3,4038.1,2,1,4038.0,598,7,4037.9,25,2,4039.7,21,5,4039.8,18,1,4039.9,6,2,4040.0,599,7,4040.1,8,1
11483,2026-07-02 11:12:56+05:30,4039.0,2,4046.71,792900,137037.0,152649.0,4100.0,4110.0,4016.1,4092.6,23744350,4501.8,3683.4,4440.0,3288.1,4039.0,10,5,4038.2,26,3,4038.1,2,1,4038.0,598,7,4037.9,25,2,4039.7,21,5,4039.8,18,1,4039.9,6,2,4040.0,599,7,4040.1,8,1
11483,2026-07-02 11:12:56+05:30,4039.0,2,4046.71,792908,137012.0,152651.0,4100.0,4110.0,4016.1,4092.6,23744350,4501.8,3683.4,4440.0,3288.1,4039.0,2,1,4038.1,32,3,4038.0,641,8,4037.9,13,1,4037.8,8,1,4039.7,42,7,4039.8,18,1,4039.9,61,3,4040.0,587,6,4040.1,22,3
11483,2026-07-02 11:12:57+05:30,4039.7,1,4046.7,792909,137031.0,152611.0,4100.0,4110.0,4016.1,4092.6,23744350,4501.8,3683.4,4440.0,3288.1,4039.0,2,1,4038.2,6,1,4038.1,27,3,4038.0,641,8,4037.9,13,1,4039.7,20,5,4039.8,18,1,4039.9,61,3,4040.0,592,7,4040.1,22,3
11483,2026-07-02 11:12:58+05:30,4039.0,2,4046.7,792909,137031.0,152611.0,4100.0,4110.0,4016.1,4092.6,23744350,4501.8,3683.4,4440.0,3288.1,4039.0,2,1,4038.2,6,1,4038.1,27,3,4038.0,641,8,4037.9,13,1,4039.7,20,5,4039.8,18,1,4039.9,61,3,4040.0,592,7,4040.1,22,3
11483,2026-07-02 11:12:58+05:30,4039.6,7,4046.7,792918,136419.0,152797.0,4100.0,4110.0,4016.1,4092.6,23744350,4501.8,3683.4,4440.0,3288.1,4038.1,13,3,4038.0,598,7,4037.7,22,2,4037.6,13,1,4037.5,48,2,4039.6,31,1,4039.7,77,6,4039.8,66,2,4039.9,104,4,4040.0,622,9
11483,2026-07-02 11:12:59+05:30,4037.5,4,4046.7,792918,136419.0,152797.0,4100.0,4110.0,4016.1,4092.6,23744350,4501.8,3683.4,4440.0,3288.1,4038.1,13,3,4038.0,598,7,4037.7,22,2,4037.6,13,1,4037.5,48,2,4039.6,31,1,4039.7,77,6,4039.8,66,2,4039.9,104,4,4040.0,622,9
11483,2026-07-02 11:12:59+05:30,4037.5,4,4046.7,793631,136055.0,152666.0,4100.0,4110.0,4016.1,4092.6,23744350,4501.8,3683.4,4440.0,3288.1,4039.0,1,1,4037.7,34,2,4037.6,43,3,4037.5,36,3,4037.4,29,2,4039.3,5,1,4039.4,6,1,4039.5,32,4,4039.6,19,3,4039.7,39,3
11483,2026-07-02 11:13:00+05:30,4037.7,4,4046.7,793631,136055.0,152666.0,4100.0,4110.0,4016.1,4092.6,23744350,4501.8,3683.4,4440.0,3288.1,4039.0,1,1,4037.7,34,2,4037.6,43,3,4037.5,36,3,4037.4,29,2,4039.3,5,1,4039.4,6,1,4039.5,32,4,4039.6,19,3,4039.7,39,3
11483,2026-07-02 11:13:00+05:30,4037.7,4,4046.7,793636,135709.0,152735.0,4100.0,4110.0,4016.1,4092.6,23744350,4501.8,3683.4,4440.0,3288.1,4038.2,10,3,4038.0,12,1,4037.8,24,3,4037.7,20,4,4037.6,16,2,4039.3,15,2,4039.4,15,2,4039.5,15,3,4039.6,54,4,4039.7,20,1
11483,2026-07-02 11:13:01+05:30,4038.8,1,4046.7,793636,135709.0,152735.0,4100.0,4110.0,4016.1,4092.6,23744350,4501.8,3683.4,4440.0,3288.1,4038.2,10,3,4038.0,12,1,4037.8,24,3,4037.7,20,4,4037.6,16,2,4039.3,15,2,4039.4,15,2,4039.5,15,3,4039.6,54,4,4039.7,20,1
11483,2026-07-02 11:13:01+05:30,4038.8,1,4046.7,793638,135831.0,152382.0,4100.0,4110.0,4016.1,4092.6,23744350,4501.8,3683.4,4440.0,3288.1,4038.2,25,5,4038.1,32,1,4037.8,45,4,4037.7,60,6,4037.6,42,4,4038.8,1,1,4039.3,3,2,4039.8,18,1,4039.9,41,2,4040.0,599,4
11483,2026-07-02 11:13:02+05:30,4038.8,1,4046.7,793638,136356.0,152274.0,4100.0,4110.0,4016.1,4092.6,23744350,4501.8,3683.4,4440.0,3288.1,4038.5,1,1,4038.2,25,5,4038.1,32,1,4037.9,4,1,4037.8,45,4,4038.8,1,1,4039.3,1,1,4039.8,18,1,4039.9,5,1,4040.0,621,5
11483,2026-07-02 11:13:03+05:30,4038.8,1,4046.7,793638,136392.0,152282.0,4100.0,4110.0,4016.1,4092.6,23744350,4501.8,3683.4,4440.0,3288.1,4038.5,1,1,4038.2,25,5,4037.9,4,1,4037.8,77,5,4037.7,42,5,4038.8,5,3,4039.3,1,1,4039.8,18,1,4039.9,5,1,4040.0,621,5
11483,2026-07-02 11:13:04+05:30,4038.8,7,4046.7,793638,136392.0,152282.0,4100.0,4110.0,4016.1,4092.6,23744350,4501.8,3683.4,4440.0,3288.1,4038.5,1,1,4038.2,25,5,4037.9,4,1,4037.8,77,5,4037.7,42,5,4038.8,5,3,4039.3,1,1,4039.8,18,1,4039.9,5,1,4040.0,621,5
11483,2026-07-02 11:13:04+05:30,4039.8,9,4046.7,793683,136211.0,151938.0,4100.0,4110.0,4016.1,4092.6,23744350,4501.8,3683.4,4440.0,3288.1,4038.6,2,1,4038.5,1,1,4038.2,13,4,4038.0,8,1,4037.9,28,3,4039.8,31,3,4039.9,28,2,4040.0,627,7,4040.1,33,2,4040.2,26,2
11483,2026-07-02 11:13:05+05:30,4039.8,21,4046.7,793683,136211.0,151938.0,4100.0,4110.0,4016.1,4092.6,23744350,4501.8,3683.4,4440.0,3288.1,4038.6,2,1,4038.5,1,1,4038.2,13,4,4038.0,8,1,4037.9,28,3,4039.8,31,3,4039.9,28,2,4040.0,627,7,4040.1,33,2,4040.2,26,2
11483,2026-07-02 11:13:05+05:30,4039.8,21,4046.7,793743,136276.0,151921.0,4100.0,4110.0,4016.1,4092.6,23744350,4501.8,3683.4,4440.0,3288.1,4038.6,10,2,4038.5,1,1,4038.2,13,4,4038.0,8,1,4037.9,33,4,4039.8,18,1,4039.9,28,2,4040.0,627,7,4040.1,21,1,4040.2,28,3
11483,2026-07-02 11:13:06+05:30,4039.8,8,4046.7,793743,136276.0,151921.0,4100.0,4110.0,4016.1,4092.6,23744350,4501.8,3683.4,4440.0,3288.1,4038.6,10,2,4038.5,1,1,4038.2,13,4,4038.0,8,1,4037.9,33,4,4039.8,18,1,4039.9,28,2,4040.0,627,7,4040.1,21,1,4040.2,28,3
11483,2026-07-02 11:13:07+05:30,4039.8,2,4046.7,793753,136301.0,151914.0,4100.0,4110.0,4016.1,4092.6,23744350,4501.8,3683.4,4440.0,3288.1,4038.6,2,1,4038.2,13,4,4038.0,8,1,4037.9,28,3,4037.8,46,4,4039.8,23,3,4039.9,28,2,4040.0,629,8,4040.1,21,1,4040.2,26,2
11483,2026-07-02 11:13:07+05:30,4039.8,2,4046.7,793753,136301.0,151914.0,4100.0,4110.0,4016.1,4092.6,23744350,4501.8,3683.4,4440.0,3288.1,4038.6,2,1,4038.2,13,4,4038.0,8,1,4037.9,28,3,4037.8,46,4,4039.8,23,3,4039.9,28,2,4040.0,629,8,4040.1,21,1,4040.2,26,2
11483,2026-07-02 11:13:08+05:30,4039.8,9,4046.7,793771,136565.0,151981.0,4100.0,4110.0,4016.1,4092.6,23744350,4501.8,3683.4,4440.0,3288.1,4038.3,19,2,4038.2,13,4,4038.0,39,1,4037.9,70,4,4037.8,58,5,4039.8,27,4,4039.9,2,1,4040.0,627,7,4040.2,4,1,4040.3,107,4
11483,2026-07-02 11:13:08+05:30,4039.8,9,4046.7,793771,136565.0,151981.0,4100.0,4110.0,4016.1,4092.6,23744350,4501.8,3683.4,4440.0,3288.1,4038.3,19,2,4038.2,13,4,4038.0,39,1,4037.9,70,4,4037.8,58,5,4039.8,27,4,4039.9,2,1,4040.0,627,7,4040.2,4,1,4040.3,107,4
11483,2026-07-02 11:13:09+05:30,4039.6,1,4046.7,793772,136035.0,152210.0,4100.0,4110.0,4016.1,4092.6,23744350,4501.8,3683.4,4440.0,3288.1,4038.2,10,3,4037.9,12,1,4037.8,24,3,4037.7,8,3,4037.6,24,3,4039.6,4,1,4039.7,83,5,4039.8,17,3,4039.9,37,2,4040.0,624,8
11483,2026-07-02 11:13:09+05:30,4039.6,1,4046.7,793772,136035.0,152210.0,4100.0,4110.0,4016.1,4092.6,23744350,4501.8,3683.4,4440.0,3288.1,4038.2,10,3,4037.9,12,1,4037.8,24,3,4037.7,8,3,4037.6,24,3,4039.6,4,1,4039.7,83,5,4039.8,17,3,4039.9,37,2,4040.0,624,8
11483,2026-07-02 11:13:10+05:30,4039.7,2,4046.7,793772,136035.0,152210.0,4100.0,4110.0,4016.1,4092.6,23744350,4501.8,3683.4,4440.0,3288.1,4038.2,10,3,4037.9,12,1,4037.8,24,3,4037.7,8,3,4037.6,24,3,4039.6,4,1,4039.7,83,5,4039.8,17,3,4039.9,37,2,4040.0,624,8
11483,2026-07-02 11:13:10+05:30,4039.7,2,4046.7,793797,136607.0,152151.0,4100.0,4110.0,4016.1,4092.6,23744350,4501.8,3683.4,4440.0,3288.1,4038.8,25,1,4038.2,2,2,4037.9,13,1,4037.8,57,3,4037.7,65,5,4039.6,45,5,4039.7,12,1,4039.8,30,3,4039.9,2,1,4040.0,624,8
11483,2026-07-02 11:13:11+05:30,4039.2,4,4046.7,793807,136658.0,152178.0,4100.0,4110.0,4016.1,4092.6,23744350,4501.8,3683.4,4440.0,3288.1,4038.8,25,1,4037.9,65,3,4037.8,79,4,4037.7,65,5,4037.6,52,4,4039.2,2,1,4039.6,15,2,4039.8,30,3,4039.9,2,1,4040.0,624,8
11483,2026-07-02 11:13:11+05:30,4039.2,4,4046.7,793807,136658.0,152178.0,4100.0,4110.0,4016.1,4092.6,23744350,4501.8,3683.4,4440.0,3288.1,4038.8,25,1,4037.9,65,3,4037.8,79,4,4037.7,65,5,4037.6,52,4,4039.2,2,1,4039.6,15,2,4039.8,30,3,4039.9,2,1,4040.0,624,8
11483,2026-07-02 11:13:12+05:30,4039.2,2,4046.7,793807,136658.0,152178.0,4100.0,4110.0,4016.1,4092.6,23744350,4501.8,3683.4,4440.0,3288.1,4038.8,25,1,4037.9,65,3,4037.8,79,4,4037.7,65,5,4037.6,52,4,4039.2,2,1,4039.6,15,2,4039.8,30,3,4039.9,2,1,4040.0,624,8
11483,2026-07-02 11:13:12+05:30,4039.2,2,4046.7,793809,136493.0,152412.0,4100.0,4110.0,4016.1,4092.6,23744350,4501.8,3683.4,4440.0,3288.1,4039.0,1,1,4038.8,25,1,4037.9,13,1,4037.8,15,2,4037.7,26,5,4039.2,3,2,4039.6,14,1,4039.7,2,1,4039.8,530,4,4040.0,132,8
11483,2026-07-02 11:13:13+05:30,4039.2,3,4046.7,793816,136675.0,152508.0,4100.0,4110.0,4016.1,4092.6,23744350,4501.8,3683.4,4440.0,3288.1,4039.2,74,1,4039.1,42,1,4039.0,43,2,4038.8,25,1,4038.5,31,1,4039.8,559,4,4040.0,128,5,4040.1,2,1,4040.2,6,2,4040.3,123,5
11483,2026-07-02 11:13:14+05:30,4039.2,4,4046.7,793816,136675.0,152508.0,4100.0,4110.0,4016.1,4092.6,23744350,4501.8,3683.4,4440.0,3288.1,4039.2,74,1,4039.1,42,1,4039.0,43,2,4038.8,25,1,4038.5,31,1,4039.8,559,4,4040.0,128,5,4040.1,2,1,4040.2,6,2,4040.3,123,5
11483,2026-07-02 11:13:14+05:30,4039.2,4,4046.7,793820,136903.0,152230.0,4100.0,4110.0,4016.1,4092.6,23744350,4501.8,3683.4,4440.0,3288.1,4039.5,42,1,4039.4,42,1,4039.0,1,1,4038.9,42,1,4038.8,25,1,4039.8,551,4,4040.0,128,5,4040.2,6,2,4040.3,75,5,4040.4,17,2
11483,2026-07-02 11:13:15+05:30,4039.2,4,4046.7,793820,137062.0,152049.0,4100.0,4110.0,4016.1,4092.6,23744350,4501.8,3683.4,4440.0,3288.1,4039.7,42,1,4039.6,42,1,4039.5,42,1,4039.2,42,1,4039.0,1,1,4039.8,551,4,4040.0,121,4,4040.2,8,3,4040.3,25,2,4040.4,5,1
11483,2026-07-02 11:13:16+05:30,4039.8,7,4046.7,793820,137062.0,152049.0,4100.0,4110.0,4016.1,4092.6,23744350,4501.8,3683.4,4440.0,3288.1,4039.7,42,1,4039.6,42,1,4039.5,42,1,4039.2,42,1,4039.0,1,1,4039.8,551,4,4040.0,121,4,4040.2,8,3,4040.3,25,2,4040.4,5,1
11483,2026-07-02 11:13:16+05:30,4039.8,7,4046.69,793979,137021.0,151893.0,4100.0,4110.0,4016.1,4092.6,23744350,4501.8,3683.4,4440.0,3288.1,4039.7,44,3,4039.6,42,1,4039.5,42,1,4039.3,42,1,4039.0,1,1,4039.8,392,3,4040.0,131,5,4040.4,6,3,4040.5,26,1,4040.6,38,2
11483,2026-07-02 11:13:17+05:30,4039.8,81,4046.69,793979,137021.0,151893.0,4100.0,4110.0,4016.1,4092.6,23744350,4501.8,3683.4,4440.0,3288.1,4039.7,44,3,4039.6,42,1,4039.5,42,1,4039.3,42,1,4039.0,1,1,4039.8,392,3,4040.0,131,5,4040.4,6,3,4040.5,26,1,4040.6,38,2
11483,2026-07-02 11:13:17+05:30,4039.7,2,4046.69,794194,137072.0,151851.0,4100.0,4110.0,4016.1,4092.6,23744350,4501.8,3683.4,4440.0,3288.1,4039.6,42,1,4039.5,42,1,4039.3,42,1,4038.8,57,2,4038.2,13,1,4039.7,128,1,4039.8,224,3,4040.0,138,6,4040.3,2,1,4040.4,4,2
11483,2026-07-02 11:13:18+05:30,4039.7,81,4046.69,794194,137072.0,151851.0,4100.0,4110.0,4016.1,4092.6,23744350,4501.8,3683.4,4440.0,3288.1,4039.6,42,1,4039.5,42,1,4039.3,42,1,4038.8,57,2,4038.2,13,1,4039.7,128,1,4039.8,224,3,4040.0,138,6,4040.3,2,1,4040.4,4,2
11483,2026-07-02 11:13:18+05:30,4039.7,4,4046.69,794326,137186.0,151735.0,4100.0,4110.0,4016.1,4092.6,23744350,4501.8,3683.4,4440.0,3288.1,4039.7,69,1,4039.6,43,2,4039.5,42,1,4039.4,42,1,4039.2,42,1,4039.8,211,2,4040.0,138,6,4040.4,2,1,4040.5,28,2,4040.6,32,2
11483,2026-07-02 11:13:19+05:30,4039.7,15,4046.69,794326,137186.0,151735.0,4100.0,4110.0,4016.1,4092.6,23744350,4501.8,3683.4,4440.0,3288.1,4039.7,69,1,4039.6,43,2,4039.5,42,1,4039.4,42,1,4039.2,42,1,4039.8,211,2,4040.0,138,6,4040.4,2,1,4040.5,28,2,4040.6,32,2
11483,2026-07-02 11:13:19+05:30,4039.7,15,4046.69,794508,137341.0,151567.0,4100.0,4110.0,4016.1,4092.6,23744350,4501.8,3683.4,4440.0,3288.1,4039.7,96,2,4039.6,43,2,4039.5,42,1,4039.3,42,1,4038.8,78,3,4039.8,49,3,4040.0,138,6,4040.4,2,1,4040.6,2,1,4040.7,41,3
11483,2026-07-02 11:13:20+05:30,4039.8,1,4046.69,794508,137341.0,151567.0,4100.0,4110.0,4016.1,4092.6,23744350,4501.8,3683.4,4440.0,3288.1,4039.7,96,2,4039.6,43,2,4039.5,42,1,4039.3,42,1,4038.8,78,3,4039.8,49,3,4040.0,138,6,4040.4,2,1,4040.6,2,1,4040.7,41,3
11483,2026-07-02 11:13:20+05:30,4039.7,37,4046.69,794791,136961.0,151471.0,4100.0,4110.0,4016.1,4092.6,23744350,4501.8,3683.4,4440.0,3288.1,4039.7,5,1,4039.6,1,1,4039.5,42,1,4039.0,34,2,4038.8,46,2,4040.0,148,7,4040.7,14,1,4040.9,100,5,4041.0,66,4,4041.1,65,3
11483,2026-07-02 11:13:21+05:30,4039.4,42,4046.69,794791,136961.0,151471.0,4100.0,4110.0,4016.1,4092.6,23744350,4501.8,3683.4,4440.0,3288.1,4039.7,5,1,4039.6,1,1,4039.5,42,1,4039.0,34,2,4038.8,46,2,4040.0,148,7,4040.7,14,1,4040.9,100,5,4041.0,66,4,4041.1,65,3
11483,2026-07-02 11:13:22+05:30,4039.1,34,4046.69,794887,136814.0,151624.0,4100.0,4110.0,4016.1,4092.6,23744350,4501.8,3683.4,4440.0,3288.1,4039.0,56,4,4038.9,42,1,4038.8,25,1,4038.1,7,1,4038.0,12,1,4039.1,6,1,4039.3,123,1,4040.0,164,11,4040.1,69,3,4040.3,18,1
11483,2026-07-02 11:13:22+05:30,4039.1,1,4046.69,794887,136814.0,151624.0,4100.0,4110.0,4016.1,4092.6,23744350,4501.8,3683.4,4440.0,3288.1,4039.0,56,4,4038.9,42,1,4038.8,25,1,4038.1,7,1,4038.0,12,1,4039.1,6,1,4039.3,123,1,4040.0,164,11,4040.1,69,3,4040.3,18,1
11483,2026-07-02 11:13:22+05:30,4039.2,1,4046.69,794897,136902.0,151599.0,4100.0,4110.0,4016.1,4092.6,23744350,4501.8,3683.4,4440.0,3288.1,4039.2,41,1,4039.1,42,1,4039.0,56,4,4038.8,67,2,4038.4,12,1,4039.3,121,1,4040.0,159,9,4040.3,2,1,4040.4,13,1,4040.5,24,2
11483,2026-07-02 11:13:23+05:30,4039.2,1,4046.69,794897,136902.0,151599.0,4100.0,4110.0,4016.1,4092.6,23744350,4501.8,3683.4,4440.0,3288.1,4039.2,41,1,4039.1,42,1,4039.0,56,4,4038.8,67,2,4038.4,12,1,4039.3,121,1,4040.0,159,9,4040.3,2,1,4040.4,13,1,4040.5,24,2
11483,2026-07-02 11:13:24+05:30,4039.2,1,4046.69,794898,136635.0,151694.0,4100.0,4110.0,4016.1,4092.6,23744350,4501.8,3683.4,4440.0,3288.1,4039.0,2,2,4038.8,25,1,4038.3,31,1,4038.0,12,1,4037.9,40,2,4039.2,18,1,4039.3,124,3,4039.8,100,1,4039.9,2,1,4040.0,185,11
11483,2026-07-02 11:13:24+05:30,4039.2,1,4046.69,794898,136635.0,151694.0,4100.0,4110.0,4016.1,4092.6,23744350,4501.8,3683.4,4440.0,3288.1,4039.0,2,2,4038.8,25,1,4038.3,31,1,4038.0,12,1,4037.9,40,2,4039.2,18,1,4039.3,124,3,4039.8,100,1,4039.9,2,1,4040.0,185,11
11483,2026-07-02 11:13:25+05:30,4039.2,1,4046.69,794898,136608.0,151903.0,4100.0,4110.0,4016.1,4092.6,23744350,4501.8,3683.4,4440.0,3288.1,4039.0,2,2,4038.8,25,1,4038.3,31,1,4037.9,40,2,4037.8,12,1,4039.1,81,1,4039.2,62,4,4039.3,164,3,4039.4,48,2,4039.6,50,2
11483,2026-07-02 11:13:25+05:30,4039.1,50,4046.69,794898,136608.0,151903.0,4100.0,4110.0,4016.1,4092.6,23744350,4501.8,3683.4,4440.0,3288.1,4039.0,2,2,4038.8,25,1,4038.3,31,1,4037.9,40,2,4037.8,12,1,4039.1,81,1,4039.2,62,4,4039.3,164,3,4039.4,48,2,4039.6,50,2
11483,2026-07-02 11:13:26+05:30,4039.2,7,4046.69,794956,136560.0,151724.0,4100.0,4110.0,4016.1,4092.6,23744350,4501.8,3683.4,4440.0,3288.1,4039.0,2,2,4038.8,25,1,4038.3,31,1,4037.9,40,2,4037.8,12,1,4039.2,53,3,4039.3,164,3,4039.4,42,1,4039.6,50,2,4039.7,10,1
11483,2026-07-02 11:13:26+05:30,4039.2,1,4046.69,794956,136560.0,151724.0,4100.0,4110.0,4016.1,4092.6,23744350,4501.8,3683.4,4440.0,3288.1,4039.0,2,2,4038.8,25,1,4038.3,31,1,4037.9,40,2,4037.8,12,1,4039.2,53,3,4039.3,164,3,4039.4,42,1,4039.6,50,2,4039.7,10,1
11483,2026-07-02 11:13:27+05:30,4037.9,8,4046.68,794993,136035.0,151930.0,4100.0,4110.0,4016.1,4092.6,23744350,4501.8,3683.4,4440.0,3288.1,4037.9,5,1,4037.8,12,1,4037.6,35,3,4037.5,12,2,4037.4,24,1,4039.2,74,6,4039.3,177,5,4039.4,98,4,4039.5,5,2,4039.6,70,2
11483,2026-07-02 11:13:27+05:30,4037.9,8,4046.68,794993,136035.0,151930.0,4100.0,4110.0,4016.1,4092.6,23744350,4501.8,3683.4,4440.0,3288.1,4037.9,5,1,4037.8,12,1,4037.6,35,3,4037.5,12,2,4037.4,24,1,4039.2,74,6,4039.3,177,5,4039.4,98,4,4039.5,5,2,4039.6,70,2
11483,2026-07-02 11:13:28+05:30,4038.5,1,4046.68,794994,135431.0,152154.0,4100.0,4110.0,4016.1,4092.6,23744350,4501.8,3683.4,4440.0,3288.1,4037.5,2,1,4037.4,24,1,4037.1,67,4,4037.0,30,1,4036.8,67,2,4037.9,8,1,4038.0,47,3,4038.1,42,1,4038.2,42,1,4038.3,42,1
11483,2026-07-02 11:13:28+05:30,4038.2,42,4046.68,794994,135431.0,152154.0,4100.0,4110.0,4016.1,4092.6,23744350,4501.8,3683.4,4440.0,3288.1,4037.5,2,1,4037.4,24,1,4037.1,67,4,4037.0,30,1,4036.8,67,2,4037.9,8,1,4038.0,47,3,4038.1,42,1,4038.2,42,1,4038.3,42,1
11483,2026-07-02 11:13:29+05:30,4039.0,5,4046.68,795212,136301.0,151612.0,4100.0,4110.0,4016.1,4092.6,23744350,4501.8,3683.4,4440.0,3288.1,4039.0,1,1,4038.0,11,1,4037.9,27,2,4037.8,68,5,4037.7,40,3,4039.1,75,1,4039.3,121,1,4039.8,116,3,4040.0,157,7,4040.1,2,1
11483,2026-07-02 11:13:29+05:30,4039.0,5,4046.68,795212,136301.0,151612.0,4100.0,4110.0,4016.1,4092.6,23744350,4501.8,3683.4,4440.0,3288.1,4039.0,1,1,4038.0,11,1,4037.9,27,2,4037.8,68,5,4037.7,40,3,4039.1,75,1,4039.3,121,1,4039.8,116,3,4040.0,157,7,4040.1,2,1
11483,2026-07-02 11:13:30+05:30,4039.1,1,4046.68,795216,136635.0,151766.0,4100.0,4110.0,4016.1,4092.6,23744350,4501.8,3683.4,4440.0,3288.1,4039.0,1,1,4038.1,39,2,4038.0,50,2,4037.9,19,1,4037.8,68,5,4039.1,74,1,4039.2,43,2,4039.3,163,2,4039.4,42,1,4039.6,42,1
11483,2026-07-02 11:13:30+05:30,4039.1,1,4046.68,795216,136635.0,151766.0,4100.0,4110.0,4016.1,4092.6,23744350,4501.8,3683.4,4440.0,3288.1,4039.0,1,1,4038.1,39,2,4038.0,50,2,4037.9,19,1,4037.8,68,5,4039.1,74,1,4039.2,43,2,4039.3,163,2,4039.4,42,1,4039.6,42,1
11483,2026-07-02 11:13:31+05:30,4038.7,3,4046.68,795224,136368.0,151901.0,4100.0,4110.0,4016.1,4092.6,23744350,4501.8,3683.4,4440.0,3288.1,4038.2,27,1,4038.1,3,1,4038.0,11,1,4037.8,25,2,4037.7,5,1,4038.7,69,2,4038.8,42,1,4038.9,42,1,4039.0,42,1,4039.1,1,1
11483,2026-07-02 11:13:31+05:30,4038.7,3,4046.68,795224,136368.0,151901.0,4100.0,4110.0,4016.1,4092.6,23744350,4501.8,3683.4,4440.0,3288.1,4038.2,27,1,4038.1,3,1,4038.0,11,1,4037.8,25,2,4037.7,5,1,4038.7,69,2,4038.8,42,1,4038.9,42,1,4039.0,42,1,4039.1,1,1
11483,2026-07-02 11:13:32+05:30,4038.7,3,4046.68,795224,136060.0,151857.0,4100.0,4110.0,4016.1,4092.6,23744350,4501.8,3683.4,4440.0,3288.1,4038.2,1,1,4038.0,11,1,4037.8,13,1,4037.6,37,1,4037.5,9,2,4038.4,42,1,4038.5,42,1,4038.6,42,1,4038.7,1,1,4038.8,42,1
11483,2026-07-02 11:13:32+05:30,4038.2,3,4046.68,795224,136060.0,151857.0,4100.0,4110.0,4016.1,4092.6,23744350,4501.8,3683.4,4440.0,3288.1,4038.2,1,1,4038.0,11,1,4037.8,13,1,4037.6,37,1,4037.5,9,2,4038.4,42,1,4038.5,42,1,4038.6,42,1,4038.7,1,1,4038.8,42,1
11483,2026-07-02 11:13:32+05:30,4038.2,3,4046.68,795224,136060.0,151857.0,4100.0,4110.0,4016.1,4092.6,23744350,4501.8,3683.4,4440.0,3288.1,4038.2,1,1,4038.0,11,1,4037.8,13,1,4037.6,37,1,4037.5,9,2,4038.4,42,1,4038.5,42,1,4038.6,42,1,4038.7,1,1,4038.8,42,1
11483,2026-07-02 11:13:33+05:30,4038.3,1,4046.68,795228,135850.0,151931.0,4100.0,4110.0,4016.1,4092.6,23744350,4501.8,3683.4,4440.0,3288.1,4037.8,13,1,4037.6,37,1,4037.5,2,1,4037.4,24,1,4037.3,22,1,4038.3,41,1,4038.4,43,2,4038.5,42,1,4038.7,43,2,4039.0,25,1
11483,2026-07-02 11:13:33+05:30,4038.3,1,4046.68,795228,135850.0,151931.0,4100.0,4110.0,4016.1,4092.6,23744350,4501.8,3683.4,4440.0,3288.1,4037.8,13,1,4037.6,37,1,4037.5,2,1,4037.4,24,1,4037.3,22,1,4038.3,41,1,4038.4,43,2,4038.5,42,1,4038.7,43,2,4039.0,25,1
11483,2026-07-02 11:13:33+05:30,4038.3,1,4046.68,795228,135850.0,151931.0,4100.0,4110.0,4016.1,4092.6,23744350,4501.8,3683.4,4440.0,3288.1,4037.8,13,1,4037.6,37,1,4037.5,2,1,4037.4,24,1,4037.3,22,1,4038.3,41,1,4038.4,43,2,4038.5,42,1,4038.7,43,2,4039.0,25,1
11483,2026-07-02 11:13:34+05:30,4038.3,1,4046.68,795228,135850.0,151931.0,4100.0,4110.0,4016.1,4092.6,23744350,4501.8,3683.4,4440.0,3288.1,4037.8,13,1,4037.6,37,1,4037.5,2,1,4037.4,24,1,4037.3,22,1,4038.3,41,1,4038.4,43,2,4038.5,42,1,4038.7,43,2,4039.0,25,1
11483,2026-07-02 11:13:34+05:30,4038.3,1,4046.68,795228,135869.0,152401.0,4100.0,4110.0,4016.1,4092.6,23744350,4501.8,3683.4,4440.0,3288.1,4037.9,2,1,4037.5,2,1,4037.0,30,1,4036.8,32,1,4036.7,12,1,4038.1,85,3,4038.2,33,4,4038.3,126,8,4038.4,42,1,4038.5,12,1
11483,2026-07-02 11:13:34+05:30,4038.3,1,4046.68,795228,135869.0,152401.0,4100.0,4110.0,4016.1,4092.6,23744350,4501.8,3683.4,4440.0,3288.1,4037.9,2,1,4037.5,2,1,4037.0,30,1,4036.8,32,1,4036.7,12,1,4038.1,85,3,4038.2,33,4,4038.3,126,8,4038.4,42,1,4038.5,12,1
11483,2026-07-02 11:13:35+05:30,4038.3,1,4046.68,795228,135869.0,152401.0,4100.0,4110.0,4016.1,4092.6,23744350,4501.8,3683.4,4440.0,3288.1,4037.9,2,1,4037.5,2,1,4037.0,30,1,4036.8,32,1,4036.7,12,1,4038.1,85,3,4038.2,33,4,4038.3,126,8,4038.4,42,1,4038.5,12,1
11483,2026-07-02 11:13:35+05:30,4038.0,5,4046.68,795233,135839.0,152415.0,4100.0,4110.0,4016.1,4092.6,23744350,4501.8,3683.4,4440.0,3288.1,4037.9,2,1,4037.5,2,1,4037.0,30,1,4036.8,32,1,4036.7,12,1,4038.0,79,3,4038.1,19,3,4038.2,79,6,4038.3,125,7,4038.4,7,1
11483,2026-07-02 11:13:35+05:30,4038.0,5,4046.68,795233,135839.0,152415.0,4100.0,4110.0,4016.1,4092.6,23744350,4501.8,3683.4,4440.0,3288.1,4037.9,2,1,4037.5,2,1,4037.0,30,1,4036.8,32,1,4036.7,12,1,4038.0,79,3,4038.1,19,3,4038.2,79,6,4038.3,125,7,4038.4,7,1
11483,2026-07-02 11:13:35+05:30,4038.0,5,4046.68,795233,135839.0,152415.0,4100.0,4110.0,4016.1,4092.6,23744350,4501.8,3683.4,4440.0,3288.1,4037.9,2,1,4037.5,2,1,4037.0,30,1,4036.8,32,1,4036.7,12,1,4038.0,79,3,4038.1,19,3,4038.2,79,6,4038.3,125,7,4038.4,7,1
11483,2026-07-02 11:13:36+05:30,4038.0,5,4046.68,795233,135839.0,152415.0,4100.0,4110.0,4016.1,4092.6,23744350,4501.8,3683.4,4440.0,3288.1,4037.9,2,1,4037.5,2,1,4037.0,30,1,4036.8,32,1,4036.7,12,1,4038.0,79,3,4038.1,19,3,4038.2,79,6,4038.3,125,7,4038.4,7,1
11483,2026-07-02 11:13:36+05:30,4038.3,1,4046.68,795505,135921.0,151521.0,4100.0,4110.0,4016.1,4092.6,23744350,4501.8,3683.4,4440.0,3288.1,4038.0,56,5,4037.9,21,2,4037.8,38,2,4037.7,30,3,4037.6,64,2,4039.3,4,2,4039.4,21,2,4039.6,14,1,4039.7,18,1,4039.8,153,5
11483,2026-07-02 11:13:36+05:30,4038.3,1,4046.68,795505,135921.0,151521.0,4100.0,4110.0,4016.1,4092.6,23744350,4501.8,3683.4,4440.0,3288.1,4038.0,56,5,4037.9,21,2,4037.8,38,2,4037.7,30,3,4037.6,64,2,4039.3,4,2,4039.4,21,2,4039.6,14,1,4039.7,18,1,4039.8,153,5
11483,2026-07-02 11:13:36+05:30,4038.3,1,4046.68,795505,135921.0,151521.0,4100.0,4110.0,4016.1,4092.6,23744350,4501.8,3683.4,4440.0,3288.1,4038.0,56,5,4037.9,21,2,4037.8,38,2,4037.7,30,3,4037.6,64,2,4039.3,4,2,4039.4,21,2,4039.6,14,1,4039.7,18,1,4039.8,153,5
11483,2026-07-02 11:13:36+05:30,4038.3,1,4046.68,795505,135921.0,151521.0,4100.0,4110.0,4016.1,4092.6,23746800,4501.8,3683.4,4440.0,3288.1,4038.0,56,5,4037.9,21,2,4037.8,38,2,4037.7,30,3,4037.6,64,2,4039.3,4,2,4039.4,21,2,4039.6,14,1,4039.7,18,1,4039.8,153,5
11483,2026-07-02 11:13:37+05:30,4038.3,1,4046.68,795505,135921.0,151521.0,4100.0,4110.0,4016.1,4092.6,23746800,4501.8,3683.4,4440.0,3288.1,4038.0,56,5,4037.9,21,2,4037.8,38,2,4037.7,30,3,4037.6,64,2,4039.3,4,2,4039.4,21,2,4039.6,14,1,4039.7,18,1,4039.8,153,5
11483,2026-07-02 11:13:37+05:30,4038.3,1,4046.68,795505,136017.0,151568.0,4100.0,4110.0,4016.1,4092.6,23746800,4501.8,3683.4,4440.0,3288.1,4038.2,13,1,4038.1,35,3,4038.0,34,3,4037.9,63,3,4037.8,13,1,4039.3,5,3,4039.4,21,2,4039.6,14,1,4039.7,18,1,4039.8,127,3
11483,2026-07-02 11:13:37+05:30,4038.3,1,4046.68,795505,136017.0,151568.0,4100.0,4110.0,4016.1,4092.6,23746800,4501.8,3683.4,4440.0,3288.1,4038.2,13,1,4038.1,35,3,4038.0,34,3,4037.9,63,3,4037.8,13,1,4039.3,5,3,4039.4,21,2,4039.6,14,1,4039.7,18,1,4039.8,127,3
11483,2026-07-02 11:13:38+05:30,4038.3,1,4046.68,795505,136017.0,151568.0,4100.0,4110.0,4016.1,4092.6,23746800,4501.8,3683.4,4440.0,3288.1,4038.2,13,1,4038.1,35,3,4038.0,34,3,4037.9,63,3,4037.8,13,1,4039.3,5,3,4039.4,21,2,4039.6,14,1,4039.7,18,1,4039.8,127,3
11483,2026-07-02 11:13:38+05:30,4040.0,10,4046.68,795844,138690.0,148935.0,4100.0,4110.0,4016.1,4092.6,23746800,4501.8,3683.4,4440.0,3288.1,4039.9,70,4,4039.8,14,1,4039.7,14,1,4039.6,28,2,4039.5,50,2,4041.0,414,2,4041.4,19,1,4041.5,14,1,4041.6,27,2,4041.7,15,1
11483,2026-07-02 11:13:38+05:30,4040.0,10,4046.68,795844,138690.0,148935.0,4100.0,4110.0,4016.1,4092.6,23746800,4501.8,3683.4,4440.0,3288.1,4039.9,70,4,4039.8,14,1,4039.7,14,1,4039.6,28,2,4039.5,50,2,4041.0,414,2,4041.4,19,1,4041.5,14,1,4041.6,27,2,4041.7,15,1
11483,2026-07-02 11:13:38+05:30,4040.0,10,4046.68,795844,138690.0,148935.0,4100.0,4110.0,4016.1,4092.6,23746800,4501.8,3683.4,4440.0,3288.1,4039.9,70,4,4039.8,14,1,4039.7,14,1,4039.6,28,2,4039.5,50,2,4041.0,414,2,4041.4,19,1,4041.5,14,1,4041.6,27,2,4041.7,15,1
11483,2026-07-02 11:13:39+05:30,4041.0,2,4046.68,795844,138690.0,148935.0,4100.0,4110.0,4016.1,4092.6,23746800,4501.8,3683.4,4440.0,3288.1,4039.9,70,4,4039.8,14,1,4039.7,14,1,4039.6,28,2,4039.5,50,2,4041.0,414,2,4041.4,19,1,4041.5,14,1,4041.6,27,2,4041.7,15,1
11483,2026-07-02 11:13:39+05:30,4041.0,2,4046.68,795846,139001.0,148990.0,4100.0,4110.0,4016.1,4092.6,23746800,4501.8,3683.4,4440.0,3288.1,4040.2,25,1,4040.1,57,4,4040.0,48,3,4039.9,22,2,4039.8,27,2,4041.0,422,3,4041.5,14,1,4041.6,15,1,4041.7,15,1,4041.8,35,3
11483,2026-07-02 11:13:40+05:30,4038.6,9,4046.68,795846,139001.0,148990.0,4100.0,4110.0,4016.1,4092.6,23746800,4501.8,3683.4,4440.0,3288.1,4040.2,25,1,4040.1,57,4,4040.0,48,3,4039.9,22,2,4039.8,27,2,4041.0,422,3,4041.5,14,1,4041.6,15,1,4041.7,15,1,4041.8,35,3
11483,2026-07-02 11:13:40+05:30,4039.4,10,4046.66,797266,137896.0,149841.0,4100.0,4110.0,4016.1,4092.6,23746800,4501.8,3683.4,4440.0,3288.1,4039.4,73,4,4039.3,30,2,4039.2,6,1,4039.1,23,2,4039.0,47,2,4040.9,2,1,4041.0,415,3,4041.3,12,1,4041.5,22,1,4041.6,52,3
11483,2026-07-02 11:13:41+05:30,4039.4,9,4046.66,797266,137896.0,149841.0,4100.0,4110.0,4016.1,4092.6,23746800,4501.8,3683.4,4440.0,3288.1,4039.4,73,4,4039.3,30,2,4039.2,6,1,4039.1,23,2,4039.0,47,2,4040.9,2,1,4041.0,415,3,4041.3,12,1,4041.5,22,1,4041.6,52,3
11483,2026-07-02 11:13:41+05:30,4039.4,9,4046.66,797275,137815.0,149859.0,4100.0,4110.0,4016.1,4092.6,23746800,4501.8,3683.4,4440.0,3288.1,4039.4,28,3,4039.3,30,2,4039.2,6,1,4039.1,23,2,4039.0,47,2,4040.2,1,1,4040.9,2,1,4041.0,405,2,4041.3,12,1,4041.5,22,1
11483,2026-07-02 11:13:42+05:30,4039.4,1,4046.66,797275,137815.0,149859.0,4100.0,4110.0,4016.1,4092.6,23746800,4501.8,3683.4,4440.0,3288.1,4039.4,28,3,4039.3,30,2,4039.2,6,1,4039.1,23,2,4039.0,47,2,4040.2,1,1,4040.9,2,1,4041.0,405,2,4041.3,12,1,4041.5,22,1
11483,2026-07-02 11:13:42+05:30,4039.4,1,4046.66,797276,137765.0,149881.0,4100.0,4110.0,4016.1,4092.6,23746800,4501.8,3683.4,4440.0,3288.1,4039.8,1,1,4039.4,27,3,4039.3,24,1,4039.1,23,2,4039.0,73,3,4040.2,4,2,4040.9,36,3,4041.0,405,2,4041.3,12,1,4041.5,22,1
11483,2026-07-02 11:13:43+05:30,4039.4,1,4046.66,797276,137795.0,149881.0,4100.0,4110.0,4016.1,4092.6,23746800,4501.8,3683.4,4440.0,3288.1,4039.8,1,1,4039.4,13,1,4039.3,36,2,4039.1,23,2,4039.0,73,3,4040.2,5,3,4040.9,36,3,4041.0,405,2,4041.3,12,1,4041.5,22,1
11483,2026-07-02 11:13:44+05:30,4039.4,1,4046.66,797276,137795.0,149881.0,4100.0,4110.0,4016.1,4092.6,23746800,4501.8,3683.4,4440.0,3288.1,4039.8,1,1,4039.4,13,1,4039.3,36,2,4039.1,23,2,4039.0,73,3,4040.2,5,3,4040.9,36,3,4041.0,405,2,4041.3,12,1,4041.5,22,1
11483,2026-07-02 11:13:44+05:30,4039.4,1,4046.66,797280,137776.0,149935.0,4100.0,4110.0,4016.1,4092.6,23746800,4501.8,3683.4,4440.0,3288.1,4039.3,46,3,4038.9,34,2,4038.8,53,2,4038.7,38,2,4038.6,122,6,4040.2,8,4,4040.9,36,3,4041.0,418,3,4041.3,12,1,4041.5,22,1
11483,2026-07-02 11:13:45+05:30,4038.9,10,4046.66,797280,137776.0,149935.0,4100.0,4110.0,4016.1,4092.6,23746800,4501.8,3683.4,4440.0,3288.1,4039.3,46,3,4038.9,34,2,4038.8,53,2,4038.7,38,2,4038.6,122,6,4040.2,8,4,4040.9,36,3,4041.0,418,3,4041.3,12,1,4041.5,22,1
11483,2026-07-02 11:13:45+05:30,4038.9,10,4046.66,797291,137758.0,150748.0,4100.0,4110.0,4016.1,4092.6,23746800,4501.8,3683.4,4440.0,3288.1,4038.9,14,1,4038.8,13,2,4038.7,42,2,4038.6,130,5,4038.5,56,2,4040.2,8,4,4040.8,2,1,4040.9,34,2,4041.0,1242,6,4041.3,12,1
11483,2026-07-02 11:13:46+05:30,4040.2,1,4046.66,797291,137758.0,150748.0,4100.0,4110.0,4016.1,4092.6,23746800,4501.8,3683.4,4440.0,3288.1,4038.9,14,1,4038.8,13,2,4038.7,42,2,4038.6,130,5,4038.5,56,2,4040.2,8,4,4040.8,2,1,4040.9,34,2,4041.0,1242,6,4041.3,12,1
11483,2026-07-02 11:13:46+05:30,4040.2,1,4046.66,797309,137866.0,150753.0,4100.0,4110.0,4016.1,4092.6,23746800,4501.8,3683.4,4440.0,3288.1,4039.4,1,1,4039.0,41,3,4038.9,14,1,4038.8,43,1,4038.7,7,2,4040.2,1,1,4040.8,2,1,4040.9,17,2,4041.0,1227,4,4041.2,30,1
11483,2026-07-02 11:13:47+05:30,4040.8,1,4046.66,797309,137866.0,150753.0,4100.0,4110.0,4016.1,4092.6,23746800,4501.8,3683.4,4440.0,3288.1,4039.4,1,1,4039.0,41,3,4038.9,14,1,4038.8,43,1,4038.7,7,2,4040.2,1,1,4040.8,2,1,4040.9,17,2,4041.0,1227,4,4041.2,30,1
11483,2026-07-02 11:13:47+05:30,4040.8,1,4046.66,797311,137783.0,150861.0,4100.0,4110.0,4016.1,4092.6,23746800,4501.8,3683.4,4440.0,3288.1,4039.4,1,1,4039.0,4,2,4038.9,14,1,4038.7,7,2,4038.6,51,3,4040.2,2,2,4040.4,1,1,4040.5,20,1,4040.8,10,2,4040.9,54,3
11483,2026-07-02 11:13:48+05:30,4040.8,1,4046.66,797311,137797.0,150833.0,4100.0,4110.0,4016.1,4092.6,23746800,4501.8,3683.4,4440.0,3288.1,4039.4,1,1,4039.0,9,3,4038.9,14,1,4038.7,7,2,4038.6,51,3,4040.2,2,2,4040.4,1,1,4040.5,20,1,4040.8,10,2,4040.9,54,3
11483,2026-07-02 11:13:49+05:30,4038.6,40,4046.66,797311,137797.0,150833.0,4100.0,4110.0,4016.1,4092.6,23746800,4501.8,3683.4,4440.0,3288.1,4039.4,1,1,4039.0,9,3,4038.9,14,1,4038.7,7,2,4038.6,51,3,4040.2,2,2,4040.4,1,1,4040.5,20,1,4040.8,10,2,4040.9,54,3
11483,2026-07-02 11:13:49+05:30,4038.6,40,4046.66,797411,137535.0,151025.0,4100.0,4110.0,4016.1,4092.6,23746800,4501.8,3683.4,4440.0,3288.1,4038.7,22,1,4038.6,82,4,4038.5,93,5,4038.3,32,4,4038.2,56,4,4040.2,2,2,4040.3,10,1,4040.4,2,1,4040.5,42,2,4040.7,13,1
11483,2026-07-02 11:13:50+05:30,4039.0,1,4046.66,797411,137535.0,151025.0,4100.0,4110.0,4016.1,4092.6,23746800,4501.8,3683.4,4440.0,3288.1,4038.7,22,1,4038.6,82,4,4038.5,93,5,4038.3,32,4,4038.2,56,4,4040.2,2,2,4040.3,10,1,4040.4,2,1,4040.5,42,2,4040.7,13,1
11483,2026-07-02 11:13:51+05:30,4039.0,1,4046.66,797413,137841.0,150917.0,4100.0,4110.0,4016.1,4092.6,23746800,4501.8,3683.4,4440.0,3288.1,4039.2,28,1,4039.1,24,2,4039.0,80,5,4038.9,28,2,4038.8,40,2,4040.2,1,1,4040.5,20,1,4040.9,8,1,4041.0,1240,5,4041.2,2,1
11483,2026-07-02 11:13:51+05:30,4039.6,1,4046.66,797413,137841.0,150917.0,4100.0,4110.0,4016.1,4092.6,23746800,4501.8,3683.4,4440.0,3288.1,4039.2,28,1,4039.1,24,2,4039.0,80,5,4038.9,28,2,4038.8,40,2,4040.2,1,1,4040.5,20,1,4040.9,8,1,4041.0,1240,5,4041.2,2,1
11483,2026-07-02 11:13:52+05:30,4039.6,1,4046.66,797415,137653.0,150936.0,4100.0,4110.0,4016.1,4092.6,23746800,4501.8,3683.4,4440.0,3288.1,4039.4,1,1,4039.2,46,3,4039.0,12,1,4038.9,27,2,4038.8,43,2,4039.6,1,1,4040.0,60,1,4040.2,1,1,4040.5,20,1,4040.9,28,2
11483,2026-07-02 11:13:53+05:30,4039.6,1,4046.66,797415,137813.0,150932.0,4100.0,4110.0,4016.1,4092.6,23746800,4501.8,3683.4,4440.0,3288.1,4039.4,1,1,4039.2,46,3,4039.0,12,1,4038.9,27,2,4038.8,43,2,4039.6,1,1,4040.0,60,1,4040.5,20,1,4040.7,12,1,4040.9,8,1
11483,2026-07-02 11:13:54+05:30,4039.6,1,4046.66,797415,137794.0,150974.0,4100.0,4110.0,4016.1,4092.6,23746800,4501.8,3683.4,4440.0,3288.1,4039.4,1,1,4039.2,46,3,4039.0,12,1,4038.9,27,2,4038.8,43,2,4039.6,3,3,4040.0,83,3,4040.5,20,1,4040.7,12,1,4041.0,1265,6
11483,2026-07-02 11:13:54+05:30,4039.6,1,4046.66,797415,137794.0,150974.0,4100.0,4110.0,4016.1,4092.6,23746800,4501.8,3683.4,4440.0,3288.1,4039.4,1,1,4039.2,46,3,4039.0,12,1,4038.9,27,2,4038.8,43,2,4039.6,3,3,4040.0,83,3,4040.5,20,1,4040.7,12,1,4041.0,1265,6
11483,2026-07-02 11:13:55+05:30,4039.6,1,4046.66,797417,137941.0,150969.0,4100.0,4110.0,4016.1,4092.6,23746800,4501.8,3683.4,4440.0,3288.1,4039.4,1,1,4039.2,46,3,4039.0,12,1,4038.9,28,3,4038.8,43,2,4039.6,3,3,4040.0,83,3,4040.5,20,1,4040.7,12,1,4041.0,1265,6
11483,2026-07-02 11:13:55+05:30,4039.2,9,4046.66,797705,138104.0,150857.0,4100.0,4110.0,4016.1,4092.6,23746800,4501.8,3683.4,4440.0,3288.1,4039.1,107,6,4039.0,13,2,4038.9,79,5,4038.8,23,2,4038.7,71,4,4039.6,3,3,4040.0,83,3,4040.5,20,1,4040.7,12,1,4041.0,1218,4
11483,2026-07-02 11:13:56+05:30,4039.1,7,4046.66,797705,138104.0,150857.0,4100.0,4110.0,4016.1,4092.6,23746800,4501.8,3683.4,4440.0,3288.1,4039.1,107,6,4039.0,13,2,4038.9,79,5,4038.8,23,2,4038.7,71,4,4039.6,3,3,4040.0,83,3,4040.5,20,1,4040.7,12,1,4041.0,1218,4
11483,2026-07-02 11:13:56+05:30,4039.1,7,4046.66,797712,138144.0,150768.0,4100.0,4110.0,4016.1,4092.6,23746800,4501.8,3683.4,4440.0,3288.1,4039.1,110,7,4039.0,125,4,4038.9,79,5,4038.8,23,2,4038.7,71,4,4039.6,2,2,4040.0,95,3,4040.5,20,1,4040.7,12,1,4041.0,1218,4
11483,2026-07-02 11:13:57+05:30,4039.1,7,4046.66,797712,138145.0,150821.0,4100.0,4110.0,4016.1,4092.6,23746800,4501.8,3683.4,4440.0,3288.1,4039.1,110,7,4039.0,125,4,4038.9,79,5,4038.8,23,2,4038.7,71,4,4039.6,4,3,4040.0,95,3,4040.5,44,2,4040.7,12,1,4041.0,1218,4
11483,2026-07-02 11:13:58+05:30,4039.1,1,4046.66,797712,138145.0,150821.0,4100.0,4110.0,4016.1,4092.6,23746800,4501.8,3683.4,4440.0,3288.1,4039.1,110,7,4039.0,125,4,4038.9,79,5,4038.8,23,2,4038.7,71,4,4039.6,4,3,4040.0,95,3,4040.5,44,2,4040.7,12,1,4041.0,1218,4
11483,2026-07-02 11:13:58+05:30,4040.0,6,4046.66,797725,138201.0,150841.0,4100.0,4110.0,4016.1,4092.6,23746800,4501.8,3683.4,4440.0,3288.1,4039.1,99,6,4039.0,113,3,4038.9,79,5,4038.8,23,2,4038.7,71,4,4040.0,89,3,4040.5,44,2,4040.7,12,1,4041.0,1243,5,4041.1,32,1
11483,2026-07-02 11:13:59+05:30,4039.1,4,4046.66,797725,138201.0,150841.0,4100.0,4110.0,4016.1,4092.6,23746800,4501.8,3683.4,4440.0,3288.1,4039.1,99,6,4039.0,113,3,4038.9,79,5,4038.8,23,2,4038.7,71,4,4040.0,89,3,4040.5,44,2,4040.7,12,1,4041.0,1243,5,4041.1,32,1
11483,2026-07-02 11:13:59+05:30,4040.0,22,4046.66,797752,138399.0,150821.0,4100.0,4110.0,4016.1,4092.6,23746800,4501.8,3683.4,4440.0,3288.1,4039.3,68,4,4039.2,29,2,4039.1,68,3,4039.0,101,2,4038.9,52,3,4040.0,68,4,4040.5,44,2,4040.9,38,2,4041.0,1243,5,4041.2,22,1
11483,2026-07-02 11:14:00+05:30,4039.1,3,4046.66,797752,138399.0,150821.0,4100.0,4110.0,4016.1,4092.6,23746800,4501.8,3683.4,4440.0,3288.1,4039.3,68,4,4039.2,29,2,4039.1,68,3,4039.0,101,2,4038.9,52,3,4040.0,68,4,4040.5,44,2,4040.9,38,2,4041.0,1243,5,4041.2,22,1
11483,2026-07-02 11:14:01+05:30,4039.6,2,4046.66,797863,138344.0,150882.0,4100.0,4110.0,4016.1,4092.6,23746800,4501.8,3683.4,4440.0,3288.1,4039.6,2,2,4039.2,40,2,4039.1,65,3,4039.0,101,2,4038.9,38,2,4040.0,83,5,4040.5,44,2,4040.9,38,2,4041.0,1243,5,4041.2,24,2
11483,2026-07-02 11:14:01+05:30,4039.6,1,4046.66,797863,138344.0,150882.0,4100.0,4110.0,4016.1,4092.6,23746800,4501.8,3683.4,4440.0,3288.1,4039.6,2,2,4039.2,40,2,4039.1,65,3,4039.0,101,2,4038.9,38,2,4040.0,83,5,4040.5,44,2,4040.9,38,2,4041.0,1243,5,4041.2,24,2
11483,2026-07-02 11:14:02+05:30,4039.6,1,4046.66,797869,138293.0,150871.0,4100.0,4110.0,4016.1,4092.6,23746800,4501.8,3683.4,4440.0,3288.1,4039.8,1,1,4039.6,15,3,4039.4,12,1,4039.2,40,2,4039.1,82,4,4040.0,78,5,4040.5,44,2,4040.9,38,2,4041.0,1243,5,4041.2,24,2
11483,2026-07-02 11:14:02+05:30,4039.6,1,4046.66,797869,138293.0,150865.0,4100.0,4110.0,4016.1,4092.6,23746800,4501.8,3683.4,4440.0,3288.1,4039.8,1,1,4039.6,15,3,4039.4,12,1,4039.2,40,2,4039.1,82,4,4040.0,78,5,4040.5,24,1,4040.8,20,1,4040.9,38,2,4041.0,1243,5
11483,2026-07-02 11:14:03+05:30,4039.6,7,4046.66,797869,138293.0,150865.0,4100.0,4110.0,4016.1,4092.6,23746800,4501.8,3683.4,4440.0,3288.1,4039.8,1,1,4039.6,15,3,4039.4,12,1,4039.2,40,2,4039.1,82,4,4040.0,78,5,4040.5,24,1,4040.8,20,1,4040.9,38,2,4041.0,1243,5
11483,2026-07-02 11:14:03+05:30,4039.6,7,4046.66,797879,138305.0,150866.0,4100.0,4110.0,4016.1,4092.6,23746800,4501.8,3683.4,4440.0,3288.1,4039.6,16,3,4039.2,40,2,4039.1,82,4,4039.0,101,2,4038.9,54,3,4040.0,79,6,4040.5,24,1,4040.8,20,1,4040.9,38,2,4041.0,1243,5
11483,2026-07-02 11:14:04+05:30,4039.6,7,4046.66,797879,138320.0,150860.0,4100.0,4110.0,4016.1,4092.6,23746800,4501.8,3683.4,4440.0,3288.1,4039.7,2,1,4039.6,16,3,4039.2,40,2,4039.1,82,4,4039.0,101,2,4040.0,79,6,4040.5,24,1,4040.8,20,1,4040.9,38,2,4041.0,1243,5
11483,2026-07-02 11:14:05+05:30,4040.0,16,4046.66,797895,138397.0,150849.0,4100.0,4110.0,4016.1,4092.6,23746800,4501.8,3683.4,4440.0,3288.1,4039.7,2,1,4039.6,16,3,4039.4,12,1,4039.2,40,2,4039.1,82,4,4040.0,63,6,4040.5,24,1,4040.8,20,1,4040.9,38,2,4041.0,1243,5
11483,2026-07-02 11:14:06+05:30,4040.0,7,4046.66,797895,138397.0,150849.0,4100.0,4110.0,4016.1,4092.6,23746800,4501.8,3683.4,4440.0,3288.1,4039.7,2,1,4039.6,16,3,4039.4,12,1,4039.2,40,2,4039.1,82,4,4040.0,63,6,4040.5,24,1,4040.8,20,1,4040.9,38,2,4041.0,1243,5
11483,2026-07-02 11:14:06+05:30,4039.7,1,4046.66,797903,138357.0,150878.0,4100.0,4110.0,4016.1,4092.6,23746800,4501.8,3683.4,4440.0,3288.1,4039.7,21,3,4039.6,1,1,4039.5,27,1,4039.1,43,2,4039.0,100,1,4040.0,56,6,4040.5,24,1,4040.8,20,1,4040.9,2,1,4041.0,1262,6
11483,2026-07-02 11:14:07+05:30,4040.0,14,4046.66,797903,138357.0,150878.0,4100.0,4110.0,4016.1,4092.6,23746800,4501.8,3683.4,4440.0,3288.1,4039.7,21,3,4039.6,1,1,4039.5,27,1,4039.1,43,2,4039.0,100,1,4040.0,56,6,4040.5,24,1,4040.8,20,1,4040.9,2,1,4041.0,1262,6
11483,2026-07-02 11:14:07+05:30,4040.0,14,4046.66,797920,138337.0,150866.0,4100.0,4110.0,4016.1,4092.6,23746800,4501.8,3683.4,4440.0,3288.1,4039.7,17,2,4039.6,1,1,4039.5,27,1,4039.2,14,1,4039.1,43,2,4040.0,39,5,4040.5,24,1,4040.8,20,1,4040.9,2,1,4041.0,1243,5
11483,2026-07-02 11:14:08+05:30,4039.7,1,4046.66,797920,138337.0,150866.0,4100.0,4110.0,4016.1,4092.6,23746800,4501.8,3683.4,4440.0,3288.1,4039.7,17,2,4039.6,1,1,4039.5,27,1,4039.2,14,1,4039.1,43,2,4040.0,39,5,4040.5,24,1,4040.8,20,1,4040.9,2,1,4041.0,1243,5
11483,2026-07-02 11:14:08+05:30,4039.7,1,4046.66,797921,138541.0,150899.0,4100.0,4110.0,4016.1,4092.6,23746800,4501.8,3683.4,4440.0,3288.1,4039.7,16,2,4039.6,1,1,4039.5,27,1,4039.2,14,1,4039.1,43,2,4040.0,38,4,4040.5,24,1,4040.8,20,1,4040.9,2,1,4041.0,1273,6
11483,2026-07-02 11:14:09+05:30,4039.6,1,4046.66,797921,138541.0,150899.0,4100.0,4110.0,4016.1,4092.6,23746800,4501.8,3683.4,4440.0,3288.1,4039.7,16,2,4039.6,1,1,4039.5,27,1,4039.2,14,1,4039.1,43,2,4040.0,38,4,4040.5,24,1,4040.8,20,1,4040.9,2,1,4041.0,1273,6
11483,2026-07-02 11:14:09+05:30,4039.6,1,4046.66,797939,137855.0,151688.0,4100.0,4110.0,4016.1,4092.6,23746800,4501.8,3683.4,4440.0,3288.1,4039.0,100,1,4038.9,32,1,4038.7,24,2,4038.6,12,1,4038.5,22,1,4039.2,20,1,4039.6,27,1,4040.0,38,4,4040.4,15,2,4040.5,24,1
11483,2026-07-02 11:14:10+05:30,4039.2,1,4046.66,797939,137855.0,151688.0,4100.0,4110.0,4016.1,4092.6,23746800,4501.8,3683.4,4440.0,3288.1,4039.0,100,1,4038.9,32,1,4038.7,24,2,4038.6,12,1,4038.5,22,1,4039.2,20,1,4039.6,27,1,4040.0,38,4,4040.4,15,2,4040.5,24,1
11483,2026-07-02 11:14:10+05:30,4039.2,1,4046.66,797940,137800.0,151693.0,4100.0,4110.0,4016.1,4092.6,23746800,4501.8,3683.4,4440.0,3288.1,4039.0,100,1,4038.9,32,1,4038.7,24,2,4038.6,12,1,4038.5,22,1,4039.2,19,1,4039.6,27,1,4040.0,36,3,4040.4,15,2,4040.5,24,1
11483,2026-07-02 11:14:11+05:30,4039.2,1,4046.66,797940,137800.0,151693.0,4100.0,4110.0,4016.1,4092.6,23746800,4501.8,3683.4,4440.0,3288.1,4039.0,100,1,4038.9,32,1,4038.7,24,2,4038.6,12,1,4038.5,22,1,4039.2,19,1,4039.6,27,1,4040.0,36,3,4040.4,15,2,4040.5,24,1
11483,2026-07-02 11:14:11+05:30,4039.2,1,4046.66,797941,137738.0,151795.0,4100.0,4110.0,4016.1,4092.6,23746800,4501.8,3683.4,4440.0,3288.1,4039.0,100,1,4038.7,2,1,4038.5,22,1,4038.4,24,1,4038.3,9,1,4039.1,1,1,4039.2,19,2,4039.6,27,1,4039.9,30,1,4040.0,61,4
11483,2026-07-02 11:14:12+05:30,4039.2,1,4046.66,797941,137684.0,151741.0,4100.0,4110.0,4016.1,4092.6,23746800,4501.8,3683.4,4440.0,3288.1,4039.0,116,3,4038.7,2,1,4038.6,12,1,4038.5,22,1,4038.4,24,1,4039.1,1,1,4039.2,19,2,4039.6,27,1,4039.9,30,1,4040.0,61,4
11483,2026-07-02 11:14:13+05:30,4039.2,1,4046.66,797941,137708.0,151741.0,4100.0,4110.0,4016.1,4092.6,23746800,4501.8,3683.4,4440.0,3288.1,4039.0,116,3,4038.9,12,1,4038.7,2,1,4038.6,12,1,4038.5,22,1,4039.1,3,3,4039.2,18,1,4039.6,27,1,4039.9,30,1,4040.0,61,4
11483,2026-07-02 11:14:14+05:30,4039.0,4,4046.66,797941,137708.0,151741.0,4100.0,4110.0,4016.1,4092.6,23746800,4501.8,3683.4,4440.0,3288.1,4039.0,116,3,4038.9,12,1,4038.7,2,1,4038.6,12,1,4038.5,22,1,4039.1,3,3,4039.2,18,1,4039.6,27,1,4039.9,30,1,4040.0,61,4
11483,2026-07-02 11:14:14+05:30,4039.1,1,4046.66,797948,137729.0,151814.0,4100.0,4110.0,4016.1,4092.6,23746800,4501.8,3683.4,4440.0,3288.1,4039.0,112,3,4038.9,12,1,4038.7,2,1,4038.6,12,1,4038.5,22,1,4039.1,1,1,4039.2,18,1,4039.6,27,1,4039.9,30,1,4040.0,61,4
11483,2026-07-02 11:14:15+05:30,4039.1,2,4046.66,797948,137729.0,151814.0,4100.0,4110.0,4016.1,4092.6,23746800,4501.8,3683.4,4440.0,3288.1,4039.0,112,3,4038.9,12,1,4038.7,2,1,4038.6,12,1,4038.5,22,1,4039.1,1,1,4039.2,18,1,4039.6,27,1,4039.9,30,1,4040.0,61,4
11483,2026-07-02 11:14:15+05:30,4039.1,3,4046.66,797953,137663.0,151786.0,4100.0,4110.0,4016.1,4092.6,23746800,4501.8,3683.4,4440.0,3288.1,4039.0,112,3,4038.9,12,1,4038.7,2,1,4038.6,12,1,4038.5,22,1,4039.1,1,1,4039.2,18,1,4039.6,27,1,4039.9,30,1,4040.0,36,3
11483,2026-07-02 11:14:16+05:30,4039.2,2,4046.66,797953,137663.0,151786.0,4100.0,4110.0,4016.1,4092.6,23746800,4501.8,3683.4,4440.0,3288.1,4039.0,112,3,4038.9,12,1,4038.7,2,1,4038.6,12,1,4038.5,22,1,4039.1,1,1,4039.2,18,1,4039.6,27,1,4039.9,30,1,4040.0,36,3
11483,2026-07-02 11:14:16+05:30,4039.2,2,4046.66,797959,137904.0,151900.0,4100.0,4110.0,4016.1,4092.6,23746800,4501.8,3683.4,4440.0,3288.1,4039.0,354,5,4038.9,6,1,4038.7,12,2,4038.6,43,2,4038.5,22,1,4039.2,16,1,4039.6,27,1,4039.9,30,1,4040.0,36,3,4040.3,27,1
11483,2026-07-02 11:14:17+05:30,4039.2,4,4046.66,797959,137904.0,151900.0,4100.0,4110.0,4016.1,4092.6,23746800,4501.8,3683.4,4440.0,3288.1,4039.0,354,5,4038.9,6,1,4038.7,12,2,4038.6,43,2,4038.5,22,1,4039.2,16,1,4039.6,27,1,4039.9,30,1,4040.0,36,3,4040.3,27,1
11483,2026-07-02 11:14:17+05:30,4039.2,4,4046.66,797963,137950.0,151933.0,4100.0,4110.0,4016.1,4092.6,23746800,4501.8,3683.4,4440.0,3288.1,4039.0,353,4,4038.7,12,2,4038.6,12,1,4038.5,22,1,4038.4,37,2,4039.2,35,3,4039.6,27,1,4039.9,30,1,4040.0,36,3,4040.3,29,2
11483,2026-07-02 11:14:18+05:30,4039.0,20,4046.66,797963,137950.0,151933.0,4100.0,4110.0,4016.1,4092.6,23746800,4501.8,3683.4,4440.0,3288.1,4039.0,353,4,4038.7,12,2,4038.6,12,1,4038.5,22,1,4038.4,37,2,4039.2,35,3,4039.6,27,1,4039.9,30,1,4040.0,36,3,4040.3,29,2
11483,2026-07-02 11:14:18+05:30,4039.0,20,4046.66,797983,137857.0,151885.0,4100.0,4110.0,4016.1,4092.6,23746800,4501.8,3683.4,4440.0,3288.1,4039.0,333,4,4038.7,2,1,4038.6,12,1,4038.5,22,1,4038.4,37,2,4039.2,35,3,4039.6,27,1,4039.9,30,1,4040.0,16,2,4040.3,27,1
11483,2026-07-02 11:14:19+05:30,4039.0,20,4046.66,797983,137861.0,151905.0,4100.0,4110.0,4016.1,4092.6,23746800,4501.8,3683.4,4440.0,3288.1,4039.0,333,4,4038.7,2,1,4038.6,12,1,4038.5,22,1,4038.4,37,2,4039.2,35,3,4039.6,27,1,4039.9,30,1,4040.0,16,2,4040.3,27,1
11483,2026-07-02 11:14:20+05:30,4039.2,1,4046.66,797983,137861.0,151905.0,4100.0,4110.0,4016.1,4092.6,23746800,4501.8,3683.4,4440.0,3288.1,4039.0,333,4,4038.7,2,1,4038.6,12,1,4038.5,22,1,4038.4,37,2,4039.2,35,3,4039.6,27,1,4039.9,30,1,4040.0,16,2,4040.3,27,1
11483,2026-07-02 11:14:21+05:30,4039.2,5,4046.66,797989,137867.0,151920.0,4100.0,4110.0,4016.1,4092.6,23746800,4501.8,3683.4,4440.0,3288.1,4039.0,333,4,4038.7,2,1,4038.6,12,1,4038.5,22,1,4038.4,37,2,4039.1,1,1,4039.2,29,3,4039.6,27,1,4039.9,30,1,4040.0,16,2
11483,2026-07-02 11:14:21+05:30,4039.2,5,4046.66,797989,137867.0,151920.0,4100.0,4110.0,4016.1,4092.6,23746800,4501.8,3683.4,4440.0,3288.1,4039.0,333,4,4038.7,2,1,4038.6,12,1,4038.5,22,1,4038.4,37,2,4039.1,1,1,4039.2,29,3,4039.6,27,1,4039.9,30,1,4040.0,16,2
11483,2026-07-02 11:14:22+05:30,4039.1,1,4046.66,797991,137757.0,151954.0,4100.0,4110.0,4016.1,4092.6,23746800,4501.8,3683.4,4440.0,3288.1,4039.0,322,4,4038.9,12,1,4038.7,2,1,4038.6,12,1,4038.5,22,1,4039.1,1,1,4039.2,28,2,4039.6,27,1,4039.9,30,1,4040.0,16,2
11483,2026-07-02 11:14:22+05:30,4039.1,1,4046.66,797991,137757.0,151954.0,4100.0,4110.0,4016.1,4092.6,23746800,4501.8,3683.4,4440.0,3288.1,4039.0,322,4,4038.9,12,1,4038.7,2,1,4038.6,12,1,4038.5,22,1,4039.1,1,1,4039.2,28,2,4039.6,27,1,4039.9,30,1,4040.0,16,2
11483,2026-07-02 11:14:23+05:30,4039.1,1,4046.66,797991,137767.0,151980.0,4100.0,4110.0,4016.1,4092.6,23746800,4501.8,3683.4,4440.0,3288.1,4039.0,322,4,4038.9,12,1,4038.7,2,1,4038.6,12,1,4038.5,22,1,4039.1,2,2,4039.2,28,2,4039.6,27,1,4039.9,30,1,4040.0,31,3
11483,2026-07-02 11:14:24+05:30,4039.2,1,4046.65,798195,137600.0,151904.0,4100.0,4110.0,4016.1,4092.6,23746800,4501.8,3683.4,4440.0,3288.1,4039.0,146,4,4038.9,12,1,4038.7,2,1,4038.6,12,1,4038.5,22,1,4039.1,1,1,4039.2,27,2,4039.6,27,1,4039.9,30,1,4040.0,53,4
11483,2026-07-02 11:14:24+05:30,4039.2,1,4046.65,798195,137600.0,151904.0,4100.0,4110.0,4016.1,4092.6,23746800,4501.8,3683.4,4440.0,3288.1,4039.0,146,4,4038.9,12,1,4038.7,2,1,4038.6,12,1,4038.5,22,1,4039.1,1,1,4039.2,27,2,4039.6,27,1,4039.9,30,1,4040.0,53,4
11483,2026-07-02 11:14:25+05:30,4039.2,12,4046.65,798214,137558.0,151854.0,4100.0,4110.0,4016.1,4092.6,23746800,4501.8,3683.4,4440.0,3288.1,4039.1,12,1,4039.0,171,7,4038.9,6,1,4038.7,12,2,4038.6,12,1,4039.2,10,1,4039.6,27,1,4039.9,30,1,4040.0,31,3,4040.4,13,1
11483,2026-07-02 11:14:25+05:30,4039.2,12,4046.65,798214,137558.0,151854.0,4100.0,4110.0,4016.1,4092.6,23746800,4501.8,3683.4,4440.0,3288.1,4039.1,12,1,4039.0,171,7,4038.9,6,1,4038.7,12,2,4038.6,12,1,4039.2,10,1,4039.6,27,1,4039.9,30,1,4040.0,31,3,4040.4,13,1
11483,2026-07-02 11:14:26+05:30,4039.2,8,4046.65,798222,137594.0,151802.0,4100.0,4110.0,4016.1,4092.6,23746800,4501.8,3683.4,4440.0,3288.1,4039.1,12,1,4039.0,171,7,4038.7,12,2,4038.6,12,1,4038.5,35,2,4039.2,3,2,4039.6,27,1,4039.9,30,1,4040.0,31,3,4040.3,25,1
11483,2026-07-02 11:14:26+05:30,4039.2,8,4046.65,798222,137594.0,151802.0,4100.0,4110.0,4016.1,4092.6,23746800,4501.8,3683.4,4440.0,3288.1,4039.1,12,1,4039.0,171,7,4038.7,12,2,4038.6,12,1,4038.5,35,2,4039.2,3,2,4039.6,27,1,4039.9,30,1,4040.0,31,3,4040.3,25,1
11483,2026-07-02 11:14:27+05:30,4039.2,1,4046.65,798225,137589.0,151741.0,4100.0,4110.0,4016.1,4092.6,23746800,4501.8,3683.4,4440.0,3288.1,4039.1,12,1,4039.0,170,6,4038.7,12,2,4038.6,12,1,4038.5,35,2,4039.2,1,1,4039.6,27,1,4039.9,30,1,4040.0,31,3,4040.3,25,1
11483,2026-07-02 11:14:27+05:30,4039.2,1,4046.65,798225,137589.0,151741.0,4100.0,4110.0,4016.1,4092.6,23746800,4501.8,3683.4,4440.0,3288.1,4039.1,12,1,4039.0,170,6,4038.7,12,2,4038.6,12,1,4038.5,35,2,4039.2,1,1,4039.6,27,1,4039.9,30,1,4040.0,31,3,4040.3,25,1
11483,2026-07-02 11:14:28+05:30,4039.2,1,4046.65,798225,137617.0,151750.0,4100.0,4110.0,4016.1,4092.6,23746800,4501.8,3683.4,4440.0,3288.1,4039.1,23,3,4039.0,155,5,4038.7,12,2,4038.6,12,1,4038.5,35,2,4039.2,1,1,4039.6,27,1,4039.9,30,1,4040.0,31,3,4040.3,25,1
11483,2026-07-02 11:14:29+05:30,4039.4,1,4046.65,798260,138060.0,151282.0,4100.0,4110.0,4016.1,4092.6,23746800,4501.8,3683.4,4440.0,3288.1,4039.4,28,3,4039.3,57,4,4039.2,61,4,4039.1,28,3,4039.0,143,4,4039.9,30,1,4040.0,31,3,4040.5,24,1,4040.8,20,1,4040.9,22,1
11483,2026-07-02 11:14:29+05:30,4039.4,1,4046.65,798260,138060.0,151282.0,4100.0,4110.0,4016.1,4092.6,23746800,4501.8,3683.4,4440.0,3288.1,4039.4,28,3,4039.3,57,4,4039.2,61,4,4039.1,28,3,4039.0,143,4,4039.9,30,1,4040.0,31,3,4040.5,24,1,4040.8,20,1,4040.9,22,1
11483,2026-07-02 11:14:30+05:30,4039.9,1,4046.65,798261,138064.0,151283.0,4100.0,4110.0,4016.1,4092.6,23746800,4501.8,3683.4,4440.0,3288.1,4039.4,28,3,4039.3,57,4,4039.2,61,4,4039.1,28,3,4039.0,168,5,4039.9,30,2,4040.0,31,3,4040.5,24,1,4040.8,20,1,4040.9,22,1
11483,2026-07-02 11:14:30+05:30,4039.4,5,4046.65,798261,138064.0,151283.0,4100.0,4110.0,4016.1,4092.6,23746800,4501.8,3683.4,4440.0,3288.1,4039.4,28,3,4039.3,57,4,4039.2,61,4,4039.1,28,3,4039.0,168,5,4039.9,30,2,4040.0,31,3,4040.5,24,1,4040.8,20,1,4040.9,22,1
11483,2026-07-02 11:14:31+05:30,4040.0,15,4046.65,798327,138631.0,150648.0,4100.0,4110.0,4016.1,4092.6,23746800,4501.8,3683.4,4440.0,3288.1,4040.0,110,8,4039.9,19,3,4039.8,51,4,4039.7,40,3,4039.6,56,5,4040.3,1,1,4040.5,24,1,4040.8,20,1,4041.0,1230,4,4041.3,34,2
11483,2026-07-02 11:14:31+05:30,4040.0,15,4046.65,798327,138631.0,150648.0,4100.0,4110.0,4016.1,4092.6,23746800,4501.8,3683.4,4440.0,3288.1,4040.0,110,8,4039.9,19,3,4039.8,51,4,4039.7,40,3,4039.6,56,5,4040.3,1,1,4040.5,24,1,4040.8,20,1,4041.0,1230,4,4041.3,34,2
11483,2026-07-02 11:14:32+05:30,4041.0,1,4046.65,798433,139397.0,150446.0,4100.0,4110.0,4016.1,4092.6,23746800,4501.8,3683.4,4440.0,3288.1,4040.4,1,1,4040.0,106,8,4039.9,19,3,4039.8,47,3,4039.7,40,3,4041.0,1229,4,4041.6,34,2,4041.8,2,1,4041.9,12,1,4042.0,379,6
11483,2026-07-02 11:14:32+05:30,4041.0,1,4046.65,798433,139397.0,150446.0,4100.0,4110.0,4016.1,4092.6,23746800,4501.8,3683.4,4440.0,3288.1,4040.4,1,1,4040.0,106,8,4039.9,19,3,4039.8,47,3,4039.7,40,3,4041.0,1229,4,4041.6,34,2,4041.8,2,1,4041.9,12,1,4042.0,379,6
11483,2026-07-02 11:14:33+05:30,4041.0,77,4046.65,798514,139416.0,149925.0,4100.0,4110.0,4016.1,4092.6,23746800,4501.8,3683.4,4440.0,3288.1,4040.4,94,4,4040.3,68,1,4040.2,80,1,4040.1,17,2,4040.0,55,5,4041.0,1172,4,4041.6,12,1,4041.8,2,1,4041.9,12,1,4042.0,379,6
11483,2026-07-02 11:14:33+05:30,4041.0,77,4046.65,798514,139416.0,149925.0,4100.0,4110.0,4016.1,4092.6,23746800,4501.8,3683.4,4440.0,3288.1,4040.4,94,4,4040.3,68,1,4040.2,80,1,4040.1,17,2,4040.0,55,5,4041.0,1172,4,4041.6,12,1,4041.8,2,1,4041.9,12,1,4042.0,379,6
11483,2026-07-02 11:14:33+05:30,4041.0,77,4046.65,798514,139416.0,149925.0,4100.0,4110.0,4016.1,4092.6,23746800,4501.8,3683.4,4440.0,3288.1,4040.4,94,4,4040.3,68,1,4040.2,80,1,4040.1,17,2,4040.0,55,5,4041.0,1172,4,4041.6,12,1,4041.8,2,1,4041.9,12,1,4042.0,379,6
11483,2026-07-02 11:14:33+05:30,4041.0,77,4046.65,798514,139416.0,149925.0,4100.0,4110.0,4016.1,4092.6,23746800,4501.8,3683.4,4440.0,3288.1,4040.4,94,4,4040.3,68,1,4040.2,80,1,4040.1,17,2,4040.0,55,5,4041.0,1172,4,4041.6,12,1,4041.8,2,1,4041.9,12,1,4042.0,379,6
11483,2026-07-02 11:14:34+05:30,4041.0,77,4046.65,798514,139416.0,149925.0,4100.0,4110.0,4016.1,4092.6,23746800,4501.8,3683.4,4440.0,3288.1,4040.4,94,4,4040.3,68,1,4040.2,80,1,4040.1,17,2,4040.0,55,5,4041.0,1172,4,4041.6,12,1,4041.8,2,1,4041.9,12,1,4042.0,379,6
11483,2026-07-02 11:14:34+05:30,4041.0,77,4046.65,798514,139386.0,149947.0,4100.0,4110.0,4016.1,4092.6,23746800,4501.8,3683.4,4440.0,3288.1,4040.5,2,1,4040.4,94,4,4040.3,68,1,4040.2,80,1,4040.1,17,2,4041.0,1174,6,4041.6,12,1,4041.8,2,1,4041.9,12,1,4042.0,379,6
11483,2026-07-02 11:14:34+05:30,4041.0,77,4046.65,798514,139386.0,149947.0,4100.0,4110.0,4016.1,4092.6,23746800,4501.8,3683.4,4440.0,3288.1,4040.5,2,1,4040.4,94,4,4040.3,68,1,4040.2,80,1,4040.1,17,2,4041.0,1174,6,4041.6,12,1,4041.8,2,1,4041.9,12,1,4042.0,379,6
11483,2026-07-02 11:14:35+05:30,4041.0,77,4046.65,798514,139386.0,149947.0,4100.0,4110.0,4016.1,4092.6,23746800,4501.8,3683.4,4440.0,3288.1,4040.5,2,1,4040.4,94,4,4040.3,68,1,4040.2,80,1,4040.1,17,2,4041.0,1174,6,4041.6,12,1,4041.8,2,1,4041.9,12,1,4042.0,379,6
11483,2026-07-02 11:14:35+05:30,4040.5,20,4046.65,798564,139269.0,150397.0,4100.0,4110.0,4016.1,4092.6,23746800,4501.8,3683.4,4440.0,3288.1,4040.5,60,1,4040.4,83,4,4040.2,68,1,4040.1,12,1,4040.0,19,2,4040.9,25,1,4041.0,1149,5,4041.8,2,1,4041.9,12,1,4042.0,379,6
11483,2026-07-02 11:14:35+05:30,4040.5,20,4046.65,798564,139269.0,150397.0,4100.0,4110.0,4016.1,4092.6,23746800,4501.8,3683.4,4440.0,3288.1,4040.5,60,1,4040.4,83,4,4040.2,68,1,4040.1,12,1,4040.0,19,2,4040.9,25,1,4041.0,1149,5,4041.8,2,1,4041.9,12,1,4042.0,379,6
11483,2026-07-02 11:14:35+05:30,4040.5,20,4046.65,798564,139269.0,150397.0,4100.0,4110.0,4016.1,4092.6,23746800,4501.8,3683.4,4440.0,3288.1,4040.5,60,1,4040.4,83,4,4040.2,68,1,4040.1,12,1,4040.0,19,2,4040.9,25,1,4041.0,1149,5,4041.8,2,1,4041.9,12,1,4042.0,379,6
11483,2026-07-02 11:14:36+05:30,4040.5,20,4046.65,798564,139269.0,150397.0,4100.0,4110.0,4016.1,4092.6,23746800,4501.8,3683.4,4440.0,3288.1,4040.5,60,1,4040.4,83,4,4040.2,68,1,4040.1,12,1,4040.0,19,2,4040.9,25,1,4041.0,1149,5,4041.8,2,1,4041.9,12,1,4042.0,379,6
11483,2026-07-02 11:14:36+05:30,4041.0,57,4046.65,798646,139248.0,150268.0,4100.0,4110.0,4016.1,4092.6,23746800,4501.8,3683.4,4440.0,3288.1,4040.5,60,1,4040.4,71,3,4040.2,68,1,4040.1,12,1,4040.0,19,2,4041.0,1068,4,4041.8,2,1,4041.9,12,1,4042.0,379,6,4042.1,74,3
11483,2026-07-02 11:14:36+05:30,4041.0,57,4046.65,798646,139248.0,150268.0,4100.0,4110.0,4016.1,4092.6,23746800,4501.8,3683.4,4440.0,3288.1,4040.5,60,1,4040.4,71,3,4040.2,68,1,4040.1,12,1,4040.0,19,2,4041.0,1068,4,4041.8,2,1,4041.9,12,1,4042.0,379,6,4042.1,74,3
11483,2026-07-02 11:14:36+05:30,4041.0,57,4046.65,798646,139248.0,150268.0,4100.0,4110.0,4016.1,4092.6,23746800,4501.8,3683.4,4440.0,3288.1,4040.5,60,1,4040.4,71,3,4040.2,68,1,4040.1,12,1,4040.0,19,2,4041.0,1068,4,4041.8,2,1,4041.9,12,1,4042.0,379,6,4042.1,74,3
11483,2026-07-02 11:14:36+05:30,4041.0,57,4046.65,798646,139248.0,150268.0,4100.0,4110.0,4016.1,4092.6,23746800,4501.8,3683.4,4440.0,3288.1,4040.5,60,1,4040.4,71,3,4040.2,68,1,4040.1,12,1,4040.0,19,2,4041.0,1068,4,4041.8,2,1,4041.9,12,1,4042.0,379,6,4042.1,74,3
11483,2026-07-02 11:14:37+05:30,4041.0,2,4046.65,798696,139256.0,150269.0,4100.0,4110.0,4016.1,4092.6,23746800,4501.8,3683.4,4440.0,3288.1,4040.5,59,1,4040.4,70,2,4040.2,68,1,4040.1,12,1,4040.0,19,2,4041.0,1042,4,4041.8,2,1,4041.9,12,1,4042.0,379,6,4042.1,97,4
11483,2026-07-02 11:14:37+05:30,4041.0,2,4046.65,798696,139256.0,150269.0,4100.0,4110.0,4016.1,4092.6,23748375,4501.8,3683.4,4440.0,3288.1,4040.5,59,1,4040.4,70,2,4040.2,68,1,4040.1,12,1,4040.0,19,2,4041.0,1042,4,4041.8,2,1,4041.9,12,1,4042.0,379,6,4042.1,97,4
11483,2026-07-02 11:14:37+05:30,4041.0,2,4046.65,798696,139256.0,150269.0,4100.0,4110.0,4016.1,4092.6,23748375,4501.8,3683.4,4440.0,3288.1,4040.5,59,1,4040.4,70,2,4040.2,68,1,4040.1,12,1,4040.0,19,2,4041.0,1042,4,4041.8,2,1,4041.9,12,1,4042.0,379,6,4042.1,97,4
11483,2026-07-02 11:14:37+05:30,4041.0,2,4046.65,798696,139256.0,150269.0,4100.0,4110.0,4016.1,4092.6,23748375,4501.8,3683.4,4440.0,3288.1,4040.5,59,1,4040.4,70,2,4040.2,68,1,4040.1,12,1,4040.0,19,2,4041.0,1042,4,4041.8,2,1,4041.9,12,1,4042.0,379,6,4042.1,97,4
11483,2026-07-02 11:14:38+05:30,4040.5,10,4046.65,798709,139268.0,150249.0,4100.0,4110.0,4016.1,4092.6,23748375,4501.8,3683.4,4440.0,3288.1,4040.5,46,1,4040.4,82,3,4040.2,68,1,4040.1,12,1,4040.0,42,3,4040.9,50,1,4041.0,1042,4,4041.8,2,1,4041.9,12,1,4042.0,379,6
11483,2026-07-02 11:14:38+05:30,4040.5,10,4046.65,798709,139268.0,150249.0,4100.0,4110.0,4016.1,4092.6,23748375,4501.8,3683.4,4440.0,3288.1,4040.5,46,1,4040.4,82,3,4040.2,68,1,4040.1,12,1,4040.0,42,3,4040.9,50,1,4041.0,1042,4,4041.8,2,1,4041.9,12,1,4042.0,379,6
11483,2026-07-02 11:14:38+05:30,4040.5,1,4046.65,798709,139268.0,150249.0,4100.0,4110.0,4016.1,4092.6,23748375,4501.8,3683.4,4440.0,3288.1,4040.5,46,1,4040.4,82,3,4040.2,68,1,4040.1,12,1,4040.0,42,3,4040.9,50,1,4041.0,1042,4,4041.8,2,1,4041.9,12,1,4042.0,379,6
11483,2026-07-02 11:14:38+05:30,4040.5,1,4046.65,798709,139268.0,150249.0,4100.0,4110.0,4016.1,4092.6,23748375,4501.8,3683.4,4440.0,3288.1,4040.5,46,1,4040.4,82,3,4040.2,68,1,4040.1,12,1,4040.0,42,3,4040.9,50,1,4041.0,1042,4,4041.8,2,1,4041.9,12,1,4042.0,379,6
11483,2026-07-02 11:14:39+05:30,4040.5,200,4046.65,798980,139234.0,150121.0,4100.0,4110.0,4016.1,4092.6,23748375,4501.8,3683.4,4440.0,3288.1,4040.5,33,1,4040.4,70,2,4040.2,68,1,4039.8,30,1,4039.7,12,1,4040.9,1,1,4041.0,997,2,4041.6,2,1,4041.7,22,1,4041.9,12,1
11483,2026-07-02 11:14:39+05:30,4040.5,200,4046.65,798980,139234.0,150121.0,4100.0,4110.0,4016.1,4092.6,23748375,4501.8,3683.4,4440.0,3288.1,4040.5,33,1,4040.4,70,2,4040.2,68,1,4039.8,30,1,4039.7,12,1,4040.9,1,1,4041.0,997,2,4041.6,2,1,4041.7,22,1,4041.9,12,1
11483,2026-07-02 11:14:40+05:30,4041.0,1,4046.65,798982,139234.0,150146.0,4100.0,4110.0,4016.1,4092.6,23748375,4501.8,3683.4,4440.0,3288.1,4040.5,101,2,4040.4,14,1,4040.2,56,1,4039.8,30,1,4039.7,12,1,4040.9,2,1,4041.0,996,2,4041.6,2,1,4041.7,45,2,4041.9,12,1
11483,2026-07-02 11:14:40+05:30,4041.0,1,4046.65,798982,139234.0,150146.0,4100.0,4110.0,4016.1,4092.6,23748375,4501.8,3683.4,4440.0,3288.1,4040.5,101,2,4040.4,14,1,4040.2,56,1,4039.8,30,1,4039.7,12,1,4040.9,2,1,4041.0,996,2,4041.6,2,1,4041.7,45,2,4041.9,12,1
11483,2026-07-02 11:14:41+05:30,4041.0,84,4046.65,798982,139234.0,150146.0,4100.0,4110.0,4016.1,4092.6,23748375,4501.8,3683.4,4440.0,3288.1,4040.5,101,2,4040.4,14,1,4040.2,56,1,4039.8,30,1,4039.7,12,1,4040.9,2,1,4041.0,996,2,4041.6,2,1,4041.7,45,2,4041.9,12,1
11483,2026-07-02 11:14:41+05:30,4041.0,84,4046.65,799068,139290.0,150059.0,4100.0,4110.0,4016.1,4092.6,23748375,4501.8,3683.4,4440.0,3288.1,4040.5,129,3,4040.4,14,1,4040.2,56,1,4039.8,30,1,4039.7,12,1,4040.8,2,1,4040.9,1,1,4041.0,912,2,4041.6,2,1,4041.7,45,2
11483,2026-07-02 11:14:42+05:30,4041.0,84,4046.65,799068,139313.0,149952.0,4100.0,4110.0,4016.1,4092.6,23748375,4501.8,3683.4,4440.0,3288.1,4040.6,1,1,4040.5,129,3,4040.4,14,1,4040.2,56,1,4039.9,12,1,4040.8,2,1,4040.9,1,1,4041.0,912,2,4041.6,2,1,4041.7,22,1
11483,2026-07-02 11:14:43+05:30,4040.8,1,4046.65,799068,139313.0,149952.0,4100.0,4110.0,4016.1,4092.6,23748375,4501.8,3683.4,4440.0,3288.1,4040.6,1,1,4040.5,129,3,4040.4,14,1,4040.2,56,1,4039.9,12,1,4040.8,2,1,4040.9,1,1,4041.0,912,2,4041.6,2,1,4041.7,22,1
11483,2026-07-02 11:14:43+05:30,4040.8,1,4046.65,799069,139388.0,150052.0,4100.0,4110.0,4016.1,4092.6,23748375,4501.8,3683.4,4440.0,3288.1,4040.6,70,3,4040.5,61,2,4040.4,80,2,4040.1,12,1,4039.8,42,2,4040.8,3,3,4041.0,912,2,4041.6,2,1,4041.7,22,1,4041.9,12,1
11483,2026-07-02 11:14:44+05:30,4040.6,3,4046.65,799069,139388.0,150052.0,4100.0,4110.0,4016.1,4092.6,23748375,4501.8,3683.4,4440.0,3288.1,4040.6,70,3,4040.5,61,2,4040.4,80,2,4040.1,12,1,4039.8,42,2,4040.8,3,3,4041.0,912,2,4041.6,2,1,4041.7,22,1,4041.9,12,1
11483,2026-07-02 11:14:44+05:30,4040.6,3,4046.65,799160,139319.0,149668.0,4100.0,4110.0,4016.1,4092.6,23748375,4501.8,3683.4,4440.0,3288.1,4040.6,67,3,4040.5,61,2,4040.4,80,2,4040.3,10,1,4040.1,47,3,4040.8,1,1,4041.0,837,2,4041.6,2,1,4041.7,22,1,4041.9,12,1
11483,2026-07-02 11:14:45+05:30,4041.0,7,4046.65,799160,139319.0,149668.0,4100.0,4110.0,4016.1,4092.6,23748375,4501.8,3683.4,4440.0,3288.1,4040.6,67,3,4040.5,61,2,4040.4,80,2,4040.3,10,1,4040.1,47,3,4040.8,1,1,4041.0,837,2,4041.6,2,1,4041.7,22,1,4041.9,12,1
11483,2026-07-02 11:14:45+05:30,4041.0,7,4046.65,799205,139211.0,150009.0,4100.0,4110.0,4016.1,4092.6,23748375,4501.8,3683.4,4440.0,3288.1,4040.6,54,2,4040.5,61,2,4040.4,98,2,4040.0,4,1,4039.9,22,1,4040.8,1,1,4041.0,793,1,4041.6,6,3,4041.7,22,1,4041.9,12,1
11483,2026-07-02 11:14:46+05:30,4041.0,5,4046.65,799205,139211.0,150009.0,4100.0,4110.0,4016.1,4092.6,23748375,4501.8,3683.4,4440.0,3288.1,4040.6,54,2,4040.5,61,2,4040.4,98,2,4040.0,4,1,4039.9,22,1,4040.8,1,1,4041.0,793,1,4041.6,6,3,4041.7,22,1,4041.9,12,1
11483,2026-07-02 11:14:46+05:30,4041.0,5,4046.65,799266,139108.0,149921.0,4100.0,4110.0,4016.1,4092.6,23748375,4501.8,3683.4,4440.0,3288.1,4040.8,1,1,4040.6,54,2,4040.5,61,2,4040.4,98,2,4040.0,4,1,4041.0,733,1,4041.6,6,3,4041.7,22,1,4041.9,12,1,4042.0,379,6
11483,2026-07-02 11:14:47+05:30,4041.0,2,4046.65,799266,139108.0,149921.0,4100.0,4110.0,4016.1,4092.6,23748375,4501.8,3683.4,4440.0,3288.1,4040.8,1,1,4040.6,54,2,4040.5,61,2,4040.4,98,2,4040.0,4,1,4041.0,733,1,4041.6,6,3,4041.7,22,1,4041.9,12,1,4042.0,379,6
11483,2026-07-02 11:14:47+05:30,4041.0,2,4046.65,799269,139053.0,149938.0,4100.0,4110.0,4016.1,4092.6,23748375,4501.8,3683.4,4440.0,3288.1,4040.8,69,2,4040.7,53,1,4040.5,61,2,4040.4,30,1,4040.0,4,1,4041.0,748,2,4041.6,4,2,4041.7,24,2,4041.9,12,1,4042.0,379,6
11483,2026-07-02 11:14:48+05:30,4040.8,19,4046.65,799269,139053.0,149938.0,4100.0,4110.0,4016.1,4092.6,23748375,4501.8,3683.4,4440.0,3288.1,4040.8,69,2,4040.7,53,1,4040.5,61,2,4040.4,30,1,4040.0,4,1,4041.0,748,2,4041.6,4,2,4041.7,24,2,4041.9,12,1,4042.0,379,6
11483,2026-07-02 11:14:48+05:30,4040.8,19,4046.65,799289,139012.0,149967.0,4100.0,4110.0,4016.1,4092.6,23748375,4501.8,3683.4,4440.0,3288.1,4040.8,50,2,4040.7,53,1,4040.5,61,2,4040.4,30,1,4040.0,4,1,4041.0,748,2,4041.6,4,2,4041.7,24,2,4041.9,12,1,4042.0,379,6
11483,2026-07-02 11:14:49+05:30,4041.0,58,4046.65,799289,139012.0,149967.0,4100.0,4110.0,4016.1,4092.6,23748375,4501.8,3683.4,4440.0,3288.1,4040.8,50,2,4040.7,53,1,4040.5,61,2,4040.4,30,1,4040.0,4,1,4041.0,748,2,4041.6,4,2,4041.7,24,2,4041.9,12,1,4042.0,379,6
11483,2026-07-02 11:14:49+05:30,4041.0,58,4046.65,799347,138941.0,149911.0,4100.0,4110.0,4016.1,4092.6,23748375,4501.8,3683.4,4440.0,3288.1,4040.8,1,1,4040.7,53,1,4040.5,28,1,4040.4,30,1,4040.0,4,1,4041.0,690,2,4041.6,4,2,4041.7,24,2,4041.9,12,1,4042.0,379,6
11483,2026-07-02 11:14:50+05:30,4040.8,1,4046.65,799347,138941.0,149911.0,4100.0,4110.0,4016.1,4092.6,23748375,4501.8,3683.4,4440.0,3288.1,4040.8,1,1,4040.7,53,1,4040.5,28,1,4040.4,30,1,4040.0,4,1,4041.0,690,2,4041.6,4,2,4041.7,24,2,4041.9,12,1,4042.0,379,6
11483,2026-07-02 11:14:50+05:30,4040.8,1,4046.65,799349,138876.0,150150.0,4100.0,4110.0,4016.1,4092.6,23748375,4501.8,3683.4,4440.0,3288.1,4040.8,2,2,4040.5,28,1,4040.4,30,1,4040.0,4,1,4039.9,22,1,4041.0,790,3,4041.6,4,2,4041.7,24,2,4041.8,12,1,4041.9,12,1
11483,2026-07-02 11:14:51+05:30,4040.5,2,4046.65,799349,138876.0,150150.0,4100.0,4110.0,4016.1,4092.6,23748375,4501.8,3683.4,4440.0,3288.1,4040.8,2,2,4040.5,28,1,4040.4,30,1,4040.0,4,1,4039.9,22,1,4041.0,790,3,4041.6,4,2,4041.7,24,2,4041.8,12,1,4041.9,12,1
11483,2026-07-02 11:14:51+05:30,4040.5,2,4046.65,799362,138898.0,150116.0,4100.0,4110.0,4016.1,4092.6,23748375,4501.8,3683.4,4440.0,3288.1,4040.5,26,1,4040.4,30,1,4040.0,5,2,4039.9,22,1,4039.8,30,1,4040.9,2,1,4041.0,788,3,4041.1,2,1,4041.2,11,1,4041.4,49,3
11483,2026-07-02 11:14:52+05:30,4040.5,2,4046.65,799362,138909.0,150129.0,4100.0,4110.0,4016.1,4092.6,23748375,4501.8,3683.4,4440.0,3288.1,4040.7,1,1,4040.5,26,1,4040.4,30,1,4040.0,5,2,4039.9,22,1,4040.9,2,1,4041.0,770,2,4041.3,6,1,4041.4,34,2,4041.5,13,1
11483,2026-07-02 11:14:53+05:30,4040.9,1,4046.65,799362,138909.0,150129.0,4100.0,4110.0,4016.1,4092.6,23748375,4501.8,3683.4,4440.0,3288.1,4040.7,1,1,4040.5,26,1,4040.4,30,1,4040.0,5,2,4039.9,22,1,4040.9,2,1,4041.0,770,2,4041.3,6,1,4041.4,34,2,4041.5,13,1
11483,2026-07-02 11:14:53+05:30,4040.9,1,4046.65,799363,138903.0,150143.0,4100.0,4110.0,4016.1,4092.6,23748375,4501.8,3683.4,4440.0,3288.1,4040.7,1,1,4040.5,26,1,4040.4,30,1,4040.0,5,2,4039.9,22,1,4040.8,1,1,4040.9,3,3,4041.0,771,3,4041.3,6,1,4041.4,34,2
11483,2026-07-02 11:14:54+05:30,4040.8,1,4046.65,799363,138903.0,150143.0,4100.0,4110.0,4016.1,4092.6,23748375,4501.8,3683.4,4440.0,3288.1,4040.7,1,1,4040.5,26,1,4040.4,30,1,4040.0,5,2,4039.9,22,1,4040.8,1,1,4040.9,3,3,4041.0,771,3,4041.3,6,1,4041.4,34,2
11483,2026-07-02 11:14:54+05:30,4040.8,1,4046.65,799364,138904.0,150144.0,4100.0,4110.0,4016.1,4092.6,23748375,4501.8,3683.4,4440.0,3288.1,4040.7,1,1,4040.5,26,1,4040.4,30,1,4040.0,5,2,4039.9,22,1,4040.9,2,2,4041.0,771,3,4041.3,6,1,4041.4,34,2,4041.5,13,1
11483,2026-07-02 11:14:55+05:30,4040.9,1,4046.65,799364,138904.0,150144.0,4100.0,4110.0,4016.1,4092.6,23748375,4501.8,3683.4,4440.0,3288.1,4040.7,1,1,4040.5,26,1,4040.4,30,1,4040.0,5,2,4039.9,22,1,4040.9,2,2,4041.0,771,3,4041.3,6,1,4041.4,34,2,4041.5,13,1
11483,2026-07-02 11:14:55+05:30,4040.9,1,4046.65,799367,138909.0,150146.0,4100.0,4110.0,4016.1,4092.6,23748375,4501.8,3683.4,4440.0,3288.1,4040.7,1,1,4040.5,26,1,4040.4,30,1,4040.0,5,2,4039.9,22,1,4040.9,1,1,4041.0,771,3,4041.3,6,1,4041.4,34,2,4041.5,13,1
11483,2026-07-02 11:14:56+05:30,4040.9,1,4046.65,799367,138909.0,150146.0,4100.0,4110.0,4016.1,4092.6,23748375,4501.8,3683.4,4440.0,3288.1,4040.7,1,1,4040.5,26,1,4040.4,30,1,4040.0,5,2,4039.9,22,1,4040.9,1,1,4041.0,771,3,4041.3,6,1,4041.4,34,2,4041.5,13,1
11483,2026-07-02 11:14:56+05:30,4040.9,1,4046.65,799369,138629.0,150034.0,4100.0,4110.0,4016.1,4092.6,23748375,4501.8,3683.4,4440.0,3288.1,4040.9,42,1,4040.8,42,1,4040.7,43,2,4040.5,68,2,4040.4,30,1,4041.0,771,3,4041.4,6,1,4041.5,13,1,4041.7,38,2,4041.8,2,1
11483,2026-07-02 11:14:57+05:30,4041.0,79,4046.65,799369,138629.0,150034.0,4100.0,4110.0,4016.1,4092.6,23748375,4501.8,3683.4,4440.0,3288.1,4040.9,42,1,4040.8,42,1,4040.7,43,2,4040.5,68,2,4040.4,30,1,4041.0,771,3,4041.4,6,1,4041.5,13,1,4041.7,38,2,4041.8,2,1
11483,2026-07-02 11:14:57+05:30,4041.0,79,4046.64,799451,138637.0,149941.0,4100.0,4110.0,4016.1,4092.6,23748375,4501.8,3683.4,4440.0,3288.1,4040.9,42,1,4040.8,42,1,4040.7,42,1,4040.5,68,2,4040.4,30,1,4041.0,708,4,4041.4,6,1,4041.5,13,1,4041.7,38,2,4041.8,2,1
11483,2026-07-02 11:14:58+05:30,4040.8,38,4046.64,799451,138637.0,149941.0,4100.0,4110.0,4016.1,4092.6,23748375,4501.8,3683.4,4440.0,3288.1,4040.9,42,1,4040.8,42,1,4040.7,42,1,4040.5,68,2,4040.4,30,1,4041.0,708,4,4041.4,6,1,4041.5,13,1,4041.7,38,2,4041.8,2,1
11483,2026-07-02 11:14:58+05:30,4041.0,7,4046.64,799619,138535.0,149876.0,4100.0,4110.0,4016.1,4092.6,23748375,4501.8,3683.4,4440.0,3288.1,4040.8,4,1,4040.7,42,1,4040.5,68,2,4040.4,30,1,4040.1,21,1,4041.0,620,4,4041.4,6,1,4041.5,13,1,4041.6,12,1,4041.7,38,2
11483,2026-07-02 11:14:59+05:30,4041.0,1,4046.64,799619,138535.0,149876.0,4100.0,4110.0,4016.1,4092.6,23748375,4501.8,3683.4,4440.0,3288.1,4040.8,4,1,4040.7,42,1,4040.5,68,2,4040.4,30,1,4040.1,21,1,4041.0,620,4,4041.4,6,1,4041.5,13,1,4041.6,12,1,4041.7,38,2
11483,2026-07-02 11:14:59+05:30,4041.0,1,4046.64,799624,138553.0,149870.0,4100.0,4110.0,4016.1,4092.6,23748375,4501.8,3683.4,4440.0,3288.1,4040.7,42,1,4040.5,68,2,4040.4,30,1,4040.1,21,1,4040.0,5,2,4041.0,619,4,4041.4,6,1,4041.5,13,1,4041.7,38,2,4041.8,2,1
11483,2026-07-02 11:15:00+05:30,4041.0,11,4046.64,799624,138553.0,149870.0,4100.0,4110.0,4016.1,4092.6,23748375,4501.8,3683.4,4440.0,3288.1,4040.7,42,1,4040.5,68,2,4040.4,30,1,4040.1,21,1,4040.0,5,2,4041.0,619,4,4041.4,6,1,4041.5,13,1,4041.7,38,2,4041.8,2,1
11483,2026-07-02 11:15:00+05:30,4041.0,74,4046.64,799716,138560.0,149782.0,4100.0,4110.0,4016.1,4092.6,23748375,4501.8,3683.4,4440.0,3288.1,4040.6,42,1,4040.5,26,1,4040.4,72,2,4040.1,21,1,4040.0,5,2,4041.0,527,4,4041.4,6,1,4041.5,13,1,4041.6,12,1,4041.7,38,2
11483,2026-07-02 11:15:01+05:30,4040.8,10,4046.64,799716,138560.0,149782.0,4100.0,4110.0,4016.1,4092.6,23748375,4501.8,3683.4,4440.0,3288.1,4040.6,42,1,4040.5,26,1,4040.4,72,2,4040.1,21,1,4040.0,5,2,4041.0,527,4,4041.4,6,1,4041.5,13,1,4041.6,12,1,4041.7,38,2
11483,2026-07-02 11:15:01+05:30,4040.9,3,4046.64,799761,138469.0,150069.0,4100.0,4110.0,4016.1,4092.6,23748375,4501.8,3683.4,4440.0,3288.1,4040.9,126,1,4040.7,42,1,4040.6,42,1,4040.5,26,1,4040.4,42,1,4041.0,527,4,4041.2,12,3,4041.3,19,2,4041.4,12,1,4041.5,26,2
11483,2026-07-02 11:15:02+05:30,4040.9,3,4046.64,799761,138469.0,150069.0,4100.0,4110.0,4016.1,4092.6,23748375,4501.8,3683.4,4440.0,3288.1,4040.9,126,1,4040.7,42,1,4040.6,42,1,4040.5,26,1,4040.4,42,1,4041.0,527,4,4041.2,12,3,4041.3,19,2,4041.4,12,1,4041.5,26,2
11483,2026-07-02 11:15:02+05:30,4040.9,3,4046.64,799761,138537.0,150099.0,4100.0,4110.0,4016.1,4092.6,23748375,4501.8,3683.4,4440.0,3288.1,4040.9,168,2,4040.8,43,2,4040.7,42,1,4040.5,68,2,4040.0,6,3,4041.0,527,4,4041.2,17,2,4041.3,2,1,4041.4,8,1,4041.6,12,1
11483,2026-07-02 11:15:03+05:30,4041.0,25,4046.64,799761,138537.0,150099.0,4100.0,4110.0,4016.1,4092.6,23748375,4501.8,3683.4,4440.0,3288.1,4040.9,168,2,4040.8,43,2,4040.7,42,1,4040.5,68,2,4040.0,6,3,4041.0,527,4,4041.2,17,2,4041.3,2,1,4041.4,8,1,4041.6,12,1
11483,2026-07-02 11:15:03+05:30,4041.0,25,4046.64,799786,138435.0,149837.0,4100.0,4110.0,4016.1,4092.6,23748375,4501.8,3683.4,4440.0,3288.1,4040.9,139,2,4040.8,1,1,4040.7,42,1,4040.5,68,2,4040.0,6,3,4041.0,503,5,4041.2,17,2,4041.3,2,1,4041.4,8,1,4041.6,12,1
11483,2026-07-02 11:15:04+05:30,4041.0,18,4046.64,799786,138435.0,149837.0,4100.0,4110.0,4016.1,4092.6,23748375,4501.8,3683.4,4440.0,3288.1,4040.9,139,2,4040.8,1,1,4040.7,42,1,4040.5,68,2,4040.0,6,3,4041.0,503,5,4041.2,17,2,4041.3,2,1,4041.4,8,1,4041.6,12,1
11483,2026-07-02 11:15:04+05:30,4041.0,18,4046.64,799854,138353.0,149807.0,4100.0,4110.0,4016.1,4092.6,23748375,4501.8,3683.4,4440.0,3288.1,4040.9,139,2,4040.8,1,1,4040.5,26,1,4040.0,8,4,4039.8,20,1,4041.0,435,5,4041.6,6,1,4041.7,27,2,4041.8,15,1,4041.9,14,2
11483,2026-07-02 11:15:05+05:30,4041.0,18,4046.64,799854,138404.0,150030.0,4100.0,4110.0,4016.1,4092.6,23748375,4501.8,3683.4,4440.0,3288.1,4040.9,139,2,4040.8,1,1,4040.5,26,1,4040.0,8,4,4039.6,27,2,4041.0,516,6,4041.1,44,2,4041.2,42,1,4041.3,42,1,4041.5,52,2
11483,2026-07-02 11:15:06+05:30,4041.0,7,4046.64,799854,138404.0,150030.0,4100.0,4110.0,4016.1,4092.6,23748375,4501.8,3683.4,4440.0,3288.1,4040.9,139,2,4040.8,1,1,4040.5,26,1,4040.0,8,4,4039.6,27,2,4041.0,516,6,4041.1,44,2,4041.2,42,1,4041.3,42,1,4041.5,52,2
11483,2026-07-02 11:15:06+05:30,4041.0,5,4046.64,799866,138399.0,150021.0,4100.0,4110.0,4016.1,4092.6,23748375,4501.8,3683.4,4440.0,3288.1,4040.9,139,2,4040.8,1,1,4040.5,26,1,4040.0,8,4,4039.6,27,2,4041.0,544,7,4041.1,47,3,4041.2,42,1,4041.3,49,2,4041.5,52,2
11483,2026-07-02 11:15:07+05:30,4041.0,2,4046.64,799866,138399.0,150021.0,4100.0,4110.0,4016.1,4092.6,23748375,4501.8,3683.4,4440.0,3288.1,4040.9,139,2,4040.8,1,1,4040.5,26,1,4040.0,8,4,4039.6,27,2,4041.0,544,7,4041.1,47,3,4041.2,42,1,4041.3,49,2,4041.5,52,2
11483,2026-07-02 11:15:08+05:30,4040.9,5,4046.64,799875,138467.0,150009.0,4100.0,4110.0,4016.1,4092.6,23748375,4501.8,3683.4,4440.0,3288.1,4040.9,134,2,4040.5,26,1,4040.0,8,4,4039.6,27,2,4039.5,26,2,4041.0,540,7,4041.1,47,3,4041.2,57,3,4041.3,49,2,4041.5,52,2
11483,2026-07-02 11:15:08+05:30,4040.9,1,4046.64,799875,138467.0,150009.0,4100.0,4110.0,4016.1,4092.6,23748375,4501.8,3683.4,4440.0,3288.1,4040.9,134,2,4040.5,26,1,4040.0,8,4,4039.6,27,2,4039.5,26,2,4041.0,540,7,4041.1,47,3,4041.2,57,3,4041.3,49,2,4041.5,52,2
11483,2026-07-02 11:15:09+05:30,4041.0,4,4046.64,799880,138469.0,150006.0,4100.0,4110.0,4016.1,4092.6,23748375,4501.8,3683.4,4440.0,3288.1,4040.9,133,2,4040.5,26,1,4040.0,4,3,4039.6,27,2,4039.5,26,2,4041.0,535,6,4041.1,47,3,4041.2,57,3,4041.3,49,2,4041.5,52,2
11483,2026-07-02 11:15:09+05:30,4041.0,2,4046.64,799880,138469.0,150006.0,4100.0,4110.0,4016.1,4092.6,23748375,4501.8,3683.4,4440.0,3288.1,4040.9,133,2,4040.5,26,1,4040.0,4,3,4039.6,27,2,4039.5,26,2,4041.0,535,6,4041.1,47,3,4041.2,57,3,4041.3,49,2,4041.5,52,2
11483,2026-07-02 11:15:10+05:30,4041.0,1,4046.64,799885,138476.0,149989.0,4100.0,4110.0,4016.1,4092.6,23748375,4501.8,3683.4,4440.0,3288.1,4040.9,133,2,4040.5,26,1,4040.0,4,3,4039.6,27,2,4039.5,26,2,4041.0,530,6,4041.1,47,3,4041.2,45,2,4041.3,49,2,4041.5,52,2
11483,2026-07-02 11:15:10+05:30,4041.0,1,4046.64,799885,138476.0,149989.0,4100.0,4110.0,4016.1,4092.6,23748375,4501.8,3683.4,4440.0,3288.1,4040.9,133,2,4040.5,26,1,4040.0,4,3,4039.6,27,2,4039.5,26,2,4041.0,530,6,4041.1,47,3,4041.2,45,2,4041.3,49,2,4041.5,52,2
11483,2026-07-02 11:15:11+05:30,4041.0,1,4046.64,799885,138481.0,149990.0,4100.0,4110.0,4016.1,4092.6,23748375,4501.8,3683.4,4440.0,3288.1,4040.9,133,2,4040.5,26,1,4040.0,4,3,4039.6,27,2,4039.5,26,2,4041.0,531,7,4041.1,47,3,4041.2,45,2,4041.3,49,2,4041.5,52,2
11483,2026-07-02 11:15:11+05:30,4040.9,13,4046.64,799885,138481.0,149990.0,4100.0,4110.0,4016.1,4092.6,23748375,4501.8,3683.4,4440.0,3288.1,4040.9,133,2,4040.5,26,1,4040.0,4,3,4039.6,27,2,4039.5,26,2,4041.0,531,7,4041.1,47,3,4041.2,45,2,4041.3,49,2,4041.5,52,2
11483,2026-07-02 11:15:11+05:30,4040.5,1,4046.64,800019,137952.0,150249.0,4100.0,4110.0,4016.1,4092.6,23748375,4501.8,3683.4,4440.0,3288.1,4040.5,25,1,4040.0,4,3,4039.6,27,2,4039.5,10,1,4039.2,67,3,4040.6,3,1,4040.7,86,3,4040.8,45,2,4040.9,106,5,4041.0,492,7
11483,2026-07-02 11:15:12+05:30,4040.6,3,4046.64,800019,137952.0,150249.0,4100.0,4110.0,4016.1,4092.6,23748375,4501.8,3683.4,4440.0,3288.1,4040.5,25,1,4040.0,4,3,4039.6,27,2,4039.5,10,1,4039.2,67,3,4040.6,3,1,4040.7,86,3,4040.8,45,2,4040.9,106,5,4041.0,492,7
11483,2026-07-02 11:15:12+05:30,4040.5,25,4046.64,800050,137495.0,150412.0,4100.0,4110.0,4016.1,4092.6,23748375,4501.8,3683.4,4440.0,3288.1,4040.0,4,3,4039.6,2,1,4039.2,53,2,4039.1,3,2,4039.0,1,1,4040.2,29,3,4040.3,46,6,4040.4,19,2,4040.5,27,3,4040.6,27,3
11483,2026-07-02 11:15:13+05:30,4040.1,6,4046.64,800050,137495.0,150412.0,4100.0,4110.0,4016.1,4092.6,23748375,4501.8,3683.4,4440.0,3288.1,4040.0,4,3,4039.6,2,1,4039.2,53,2,4039.1,3,2,4039.0,1,1,4040.2,29,3,4040.3,46,6,4040.4,19,2,4040.5,27,3,4040.6,27,3
11483,2026-07-02 11:15:13+05:30,4039.1,1,4046.64,800093,136420.0,152182.0,4100.0,4110.0,4016.1,4092.6,23748375,4501.8,3683.4,4440.0,3288.1,4039.0,1,1,4038.2,26,2,4038.0,79,8,4037.9,4,1,4037.8,13,1,4039.3,194,4,4039.4,6,1,4039.5,8,1,4039.7,12,1,4039.8,17,2
11483,2026-07-02 11:15:14+05:30,4037.6,44,4046.64,800093,136420.0,152182.0,4100.0,4110.0,4016.1,4092.6,23748375,4501.8,3683.4,4440.0,3288.1,4039.0,1,1,4038.2,26,2,4038.0,79,8,4037.9,4,1,4037.8,13,1,4039.3,194,4,4039.4,6,1,4039.5,8,1,4039.7,12,1,4039.8,17,2
11483,2026-07-02 11:15:15+05:30,4038.8,2,4046.64,800318,135789.0,152417.0,4100.0,4110.0,4016.1,4092.6,23748375,4501.8,3683.4,4440.0,3288.1,4037.6,11,1,4037.4,9,1,4037.1,70,2,4036.9,22,1,4036.8,56,3,4038.8,89,2,4038.9,60,2,4039.0,46,2,4039.1,98,4,4039.2,50,3
11483,2026-07-02 11:15:15+05:30,4038.8,1,4046.64,800318,135789.0,152417.0,4100.0,4110.0,4016.1,4092.6,23748375,4501.8,3683.4,4440.0,3288.1,4037.6,11,1,4037.4,9,1,4037.1,70,2,4036.9,22,1,4036.8,56,3,4038.8,89,2,4038.9,60,2,4039.0,46,2,4039.1,98,4,4039.2,50,3
11483,2026-07-02 11:15:16+05:30,4039.3,3,4046.63,800827,137313.0,150794.0,4100.0,4110.0,4016.1,4092.6,23748375,4501.8,3683.4,4440.0,3288.1,4039.3,7,3,4039.2,7,1,4039.1,14,2,4039.0,18,1,4038.9,12,1,4040.0,81,1,4040.1,42,1,4040.2,42,1,4040.3,42,1,4040.5,42,1
11483,2026-07-02 11:15:16+05:30,4039.3,3,4046.63,800827,137313.0,150794.0,4100.0,4110.0,4016.1,4092.6,23748375,4501.8,3683.4,4440.0,3288.1,4039.3,7,3,4039.2,7,1,4039.1,14,2,4039.0,18,1,4038.9,12,1,4040.0,81,1,4040.1,42,1,4040.2,42,1,4040.3,42,1,4040.5,42,1
11483,2026-07-02 11:15:17+05:30,4039.3,3,4046.63,800827,137294.0,151003.0,4100.0,4110.0,4016.1,4092.6,23748375,4501.8,3683.4,4440.0,3288.1,4039.3,2,2,4038.9,12,1,4038.7,8,1,4038.5,11,2,4038.4,38,2,4039.6,81,1,4039.7,42,1,4039.8,42,1,4039.9,42,1,4040.0,2,1
11483,2026-07-02 11:15:18+05:30,4039.3,3,4046.63,800827,137324.0,150610.0,4100.0,4110.0,4016.1,4092.6,23748375,4501.8,3683.4,4440.0,3288.1,4039.3,2,2,4038.9,12,1,4038.7,8,1,4038.6,30,1,4038.5,11,2,4039.6,5,1,4040.4,46,3,4040.7,82,3,4040.8,69,1,4040.9,68,2
11483,2026-07-02 11:15:19+05:30,4039.3,3,4046.63,800827,137443.0,150737.0,4100.0,4110.0,4016.1,4092.6,23748375,4501.8,3683.4,4440.0,3288.1,4039.3,2,2,4038.9,12,1,4038.7,8,1,4038.6,30,1,4038.5,11,2,4039.6,5,1,4039.9,42,1,4040.4,46,3,4040.6,2,1,4040.7,46,3
11483,2026-07-02 11:15:20+05:30,4040.4,31,4046.63,800940,137302.0,150651.0,4100.0,4110.0,4016.1,4092.6,23748375,4501.8,3683.4,4440.0,3288.1,4039.3,2,2,4038.9,12,1,4038.7,8,1,4038.5,12,3,4038.4,38,2,4040.5,48,4,4040.6,57,4,4040.7,58,3,4040.8,63,2,4040.9,53,2
11483,2026-07-02 11:15:20+05:30,4040.4,31,4046.63,800940,137302.0,150651.0,4100.0,4110.0,4016.1,4092.6,23748375,4501.8,3683.4,4440.0,3288.1,4039.3,2,2,4038.9,12,1,4038.7,8,1,4038.5,12,3,4038.4,38,2,4040.5,48,4,4040.6,57,4,4040.7,58,3,4040.8,63,2,4040.9,53,2
11483,2026-07-02 11:15:21+05:30,4037.3,3,4046.62,802056,137494.0,150941.0,4100.0,4110.0,4016.1,4092.6,23748375,4501.8,3683.4,4440.0,3288.1,4038.6,72,4,4038.5,26,2,4038.4,26,1,4038.3,34,2,4038.2,12,1,4039.9,1,1,4040.2,15,1,4040.3,17,2,4040.4,31,3,4040.5,79,6
11483,2026-07-02 11:15:21+05:30,4038.6,3,4046.62,802056,137494.0,150941.0,4100.0,4110.0,4016.1,4092.6,23748375,4501.8,3683.4,4440.0,3288.1,4038.6,72,4,4038.5,26,2,4038.4,26,1,4038.3,34,2,4038.2,12,1,4039.9,1,1,4040.2,15,1,4040.3,17,2,4040.4,31,3,4040.5,79,6
11483,2026-07-02 11:15:22+05:30,4039.2,2,4046.62,802061,137517.0,151011.0,4100.0,4110.0,4016.1,4092.6,23748375,4501.8,3683.4,4440.0,3288.1,4038.6,59,3,4038.5,15,1,4038.4,26,1,4038.3,34,2,4038.2,31,2,4039.9,2,2,4040.2,15,1,4040.3,17,2,4040.4,69,4,4040.5,56,4
11483,2026-07-02 11:15:22+05:30,4039.2,2,4046.62,802061,137517.0,151011.0,4100.0,4110.0,4016.1,4092.6,23748375,4501.8,3683.4,4440.0,3288.1,4038.6,59,3,4038.5,15,1,4038.4,26,1,4038.3,34,2,4038.2,31,2,4039.9,2,2,4040.2,15,1,4040.3,17,2,4040.4,69,4,4040.5,56,4
11483,2026-07-02 11:15:23+05:30,4040.4,2,4046.62,802202,137446.0,150994.0,4100.0,4110.0,4016.1,4092.6,23748375,4501.8,3683.4,4440.0,3288.1,4038.6,59,3,4038.5,15,1,4038.3,34,2,4038.2,12,1,4038.1,37,3,4040.0,31,2,4040.1,47,3,4040.2,12,1,4040.3,28,1,4040.4,64,3
11483,2026-07-02 11:15:23+05:30,4040.4,2,4046.62,802202,137446.0,150994.0,4100.0,4110.0,4016.1,4092.6,23748375,4501.8,3683.4,4440.0,3288.1,4038.6,59,3,4038.5,15,1,4038.3,34,2,4038.2,12,1,4038.1,37,3,4040.0,31,2,4040.1,47,3,4040.2,12,1,4040.3,28,1,4040.4,64,3
11483,2026-07-02 11:15:24+05:30,4038.4,10,4046.62,802213,137075.0,151273.0,4100.0,4110.0,4016.1,4092.6,23748375,4501.8,3683.4,4440.0,3288.1,4038.4,51,1,4038.3,22,2,4038.2,12,1,4038.1,32,2,4038.0,36,3,4039.9,29,3,4040.0,87,7,4040.1,74,5,4040.2,38,1,4040.3,57,2
11483,2026-07-02 11:15:24+05:30,4038.4,10,4046.62,802213,137075.0,151273.0,4100.0,4110.0,4016.1,4092.6,23748375,4501.8,3683.4,4440.0,3288.1,4038.4,51,1,4038.3,22,2,4038.2,12,1,4038.1,32,2,4038.0,36,3,4039.9,29,3,4040.0,87,7,4040.1,74,5,4040.2,38,1,4040.3,57,2
11483,2026-07-02 11:15:25+05:30,4038.4,10,4046.62,802213,137479.0,151280.0,4100.0,4110.0,4016.1,4092.6,23748375,4501.8,3683.4,4440.0,3288.1,4038.6,48,2,4038.4,51,1,4038.3,22,2,4038.2,12,1,4038.1,32,2,4039.9,2,1,4040.0,67,4,4040.1,66,3,4040.2,39,2,4040.3,57,2
11483,2026-07-02 11:15:26+05:30,4039.9,5,4046.62,802220,137122.0,151273.0,4100.0,4110.0,4016.1,4092.6,23748375,4501.8,3683.4,4440.0,3288.1,4038.6,48,2,4038.4,51,1,4038.3,12,1,4038.2,12,1,4038.1,32,2,4039.9,5,1,4040.0,53,4,4040.2,60,4,4040.3,57,2,4040.4,80,4
11483,2026-07-02 11:15:26+05:30,4039.9,5,4046.62,802220,137122.0,151273.0,4100.0,4110.0,4016.1,4092.6,23748375,4501.8,3683.4,4440.0,3288.1,4038.6,48,2,4038.4,51,1,4038.3,12,1,4038.2,12,1,4038.1,32,2,4039.9,5,1,4040.0,53,4,4040.2,60,4,4040.3,57,2,4040.4,80,4
11483,2026-07-02 11:15:27+05:30,4039.9,4,4046.62,802220,137122.0,151273.0,4100.0,4110.0,4016.1,4092.6,23748375,4501.8,3683.4,4440.0,3288.1,4038.6,48,2,4038.4,51,1,4038.3,12,1,4038.2,12,1,4038.1,32,2,4039.9,5,1,4040.0,53,4,4040.2,60,4,4040.3,57,2,4040.4,80,4
11483,2026-07-02 11:15:27+05:30,4039.9,4,4046.62,802224,137108.0,151275.0,4100.0,4110.0,4016.1,4092.6,23748375,4501.8,3683.4,4440.0,3288.1,4038.6,48,2,4038.4,51,1,4038.3,12,1,4038.2,12,1,4038.1,32,2,4039.9,1,1,4040.0,53,4,4040.2,60,4,4040.3,57,2,4040.4,80,4
11483,2026-07-02 11:15:28+05:30,4038.4,2,4046.62,802224,137108.0,151275.0,4100.0,4110.0,4016.1,4092.6,23748375,4501.8,3683.4,4440.0,3288.1,4038.6,48,2,4038.4,51,1,4038.3,12,1,4038.2,12,1,4038.1,32,2,4039.9,1,1,4040.0,53,4,4040.2,60,4,4040.3,57,2,4040.4,80,4
11483,2026-07-02 11:15:28+05:30,4038.4,2,4046.62,802274,136334.0,152076.0,4100.0,4110.0,4016.1,4092.6,23748375,4501.8,3683.4,4440.0,3288.1,4038.2,3,1,4038.1,77,4,4038.0,29,4,4037.9,40,2,4037.8,15,1,4038.6,1,1,4039.5,4,1,4039.6,4,1,4039.7,52,2,4039.8,18,2
11483,2026-07-02 11:15:29+05:30,4039.1,5,4046.62,802274,136334.0,152076.0,4100.0,4110.0,4016.1,4092.6,23748375,4501.8,3683.4,4440.0,3288.1,4038.2,3,1,4038.1,77,4,4038.0,29,4,4037.9,40,2,4037.8,15,1,4038.6,1,1,4039.5,4,1,4039.6,4,1,4039.7,52,2,4039.8,18,2
11483,2026-07-02 11:15:29+05:30,4039.1,5,4046.62,802281,137051.0,151470.0,4100.0,4110.0,4016.1,4092.6,23748375,4501.8,3683.4,4440.0,3288.1,4038.4,48,2,4038.3,30,2,4038.2,6,2,4038.1,77,3,4038.0,40,6,4040.0,70,2,4040.2,9,2,4040.3,48,2,4040.4,68,3,4040.5,30,3
11483,2026-07-02 11:15:30+05:30,4039.1,5,4046.62,802281,136880.0,151530.0,4100.0,4110.0,4016.1,4092.6,23748375,4501.8,3683.4,4440.0,3288.1,4038.3,11,1,4038.2,13,2,4038.1,39,2,4038.0,17,4,4037.9,53,3,4039.9,38,1,4040.0,118,5,4040.1,13,2,4040.2,55,5,4040.3,29,1
11483,2026-07-02 11:15:31+05:30,4039.6,2,4046.62,802281,136880.0,151530.0,4100.0,4110.0,4016.1,4092.6,23748375,4501.8,3683.4,4440.0,3288.1,4038.3,11,1,4038.2,13,2,4038.1,39,2,4038.0,17,4,4037.9,53,3,4039.9,38,1,4040.0,118,5,4040.1,13,2,4040.2,55,5,4040.3,29,1
11483,2026-07-02 11:15:31+05:30,4039.6,2,4046.62,802286,137120.0,151852.0,4100.0,4110.0,4016.1,4092.6,23748375,4501.8,3683.4,4440.0,3288.1,4038.5,22,1,4038.4,3,1,4038.3,22,3,4038.2,13,2,4038.1,61,3,4039.1,1,1,4039.8,5,1,4039.9,39,3,4040.0,118,4,4040.1,23,3
11483,2026-07-02 11:15:32+05:30,4040.0,1,4046.62,802286,137120.0,151852.0,4100.0,4110.0,4016.1,4092.6,23748375,4501.8,3683.4,4440.0,3288.1,4038.5,22,1,4038.4,3,1,4038.3,22,3,4038.2,13,2,4038.1,61,3,4039.1,1,1,4039.8,5,1,4039.9,39,3,4040.0,118,4,4040.1,23,3
11483,2026-07-02 11:15:32+05:30,4040.0,1,4046.62,802336,137128.0,151838.0,4100.0,4110.0,4016.1,4092.6,23748375,4501.8,3683.4,4440.0,3288.1,4038.7,1,1,4038.5,35,3,4038.4,3,1,4038.3,13,2,4038.2,13,2,4039.1,1,1,4040.0,69,2,4040.1,9,1,4040.2,68,4,4040.3,13,2
11483,2026-07-02 11:15:33+05:30,4039.1,1,4046.62,802336,137128.0,151838.0,4100.0,4110.0,4016.1,4092.6,23748375,4501.8,3683.4,4440.0,3288.1,4038.7,1,1,4038.5,35,3,4038.4,3,1,4038.3,13,2,4038.2,13,2,4039.1,1,1,4040.0,69,2,4040.1,9,1,4040.2,68,4,4040.3,13,2
11483,2026-07-02 11:15:33+05:30,4039.1,1,4046.62,802336,137128.0,151838.0,4100.0,4110.0,4016.1,4092.6,23748375,4501.8,3683.4,4440.0,3288.1,4038.7,1,1,4038.5,35,3,4038.4,3,1,4038.3,13,2,4038.2,13,2,4039.1,1,1,4040.0,69,2,4040.1,9,1,4040.2,68,4,4040.3,13,2
11483,2026-07-02 11:15:33+05:30,4039.1,1,4046.62,802337,137185.0,151448.0,4100.0,4110.0,4016.1,4092.6,23748375,4501.8,3683.4,4440.0,3288.1,4039.3,1,1,4038.7,13,2,4038.5,32,2,4038.3,28,2,4038.2,16,2,4040.0,106,5,4040.1,22,2,4040.2,10,3,4040.3,29,2,4040.4,99,6
11483,2026-07-02 11:15:33+05:30,4039.1,1,4046.62,802337,137185.0,151448.0,4100.0,4110.0,4016.1,4092.6,23748375,4501.8,3683.4,4440.0,3288.1,4039.3,1,1,4038.7,13,2,4038.5,32,2,4038.3,28,2,4038.2,16,2,4040.0,106,5,4040.1,22,2,4040.2,10,3,4040.3,29,2,4040.4,99,6
11483,2026-07-02 11:15:34+05:30,4039.1,1,4046.62,802337,137185.0,151448.0,4100.0,4110.0,4016.1,4092.6,23748375,4501.8,3683.4,4440.0,3288.1,4039.3,1,1,4038.7,13,2,4038.5,32,2,4038.3,28,2,4038.2,16,2,4040.0,106,5,4040.1,22,2,4040.2,10,3,4040.3,29,2,4040.4,99,6
11483,2026-07-02 11:15:34+05:30,4039.1,1,4046.62,802337,137189.0,151519.0,4100.0,4110.0,4016.1,4092.6,23748375,4501.8,3683.4,4440.0,3288.1,4039.4,2,1,4039.3,1,1,4038.7,13,2,4038.5,32,2,4038.3,28,2,4040.0,96,5,4040.2,4,1,4040.3,1,1,4040.4,127,7,4040.5,54,4
11483,2026-07-02 11:15:34+05:30,4039.1,1,4046.62,802337,137189.0,151519.0,4100.0,4110.0,4016.1,4092.6,23748375,4501.8,3683.4,4440.0,3288.1,4039.4,2,1,4039.3,1,1,4038.7,13,2,4038.5,32,2,4038.3,28,2,4040.0,96,5,4040.2,4,1,4040.3,1,1,4040.4,127,7,4040.5,54,4
11483,2026-07-02 11:15:35+05:30,4039.1,1,4046.62,802337,137189.0,151519.0,4100.0,4110.0,4016.1,4092.6,23748375,4501.8,3683.4,4440.0,3288.1,4039.4,2,1,4039.3,1,1,4038.7,13,2,4038.5,32,2,4038.3,28,2,4040.0,96,5,4040.2,4,1,4040.3,1,1,4040.4,127,7,4040.5,54,4
11483,2026-07-02 11:15:35+05:30,4039.4,1,4046.62,802337,137189.0,151519.0,4100.0,4110.0,4016.1,4092.6,23748375,4501.8,3683.4,4440.0,3288.1,4039.4,2,1,4039.3,1,1,4038.7,13,2,4038.5,32,2,4038.3,28,2,4040.0,96,5,4040.2,4,1,4040.3,1,1,4040.4,127,7,4040.5,54,4
11483,2026-07-02 11:15:35+05:30,4039.4,1,4046.62,802338,137174.0,151714.0,4100.0,4110.0,4016.1,4092.6,23748375,4501.8,3683.4,4440.0,3288.1,4039.4,1,1,4039.3,1,1,4038.7,1,1,4038.5,32,2,4038.3,10,1,4040.0,290,8,4040.1,1,1,4040.2,17,2,4040.4,133,8,4040.5,48,3
11483,2026-07-02 11:15:35+05:30,4039.4,1,4046.62,802338,137174.0,151714.0,4100.0,4110.0,4016.1,4092.6,23748375,4501.8,3683.4,4440.0,3288.1,4039.4,1,1,4039.3,1,1,4038.7,1,1,4038.5,32,2,4038.3,10,1,4040.0,290,8,4040.1,1,1,4040.2,17,2,4040.4,133,8,4040.5,48,3
11483,2026-07-02 11:15:36+05:30,4040.0,1,4046.62,802338,137174.0,151714.0,4100.0,4110.0,4016.1,4092.6,23748375,4501.8,3683.4,4440.0,3288.1,4039.4,1,1,4039.3,1,1,4038.7,1,1,4038.5,32,2,4038.3,10,1,4040.0,290,8,4040.1,1,1,4040.2,17,2,4040.4,133,8,4040.5,48,3
11483,2026-07-02 11:15:36+05:30,4040.0,1,4046.62,802338,137174.0,151714.0,4100.0,4110.0,4016.1,4092.6,23748375,4501.8,3683.4,4440.0,3288.1,4039.4,1,1,4039.3,1,1,4038.7,1,1,4038.5,32,2,4038.3,10,1,4040.0,290,8,4040.1,1,1,4040.2,17,2,4040.4,133,8,4040.5,48,3
11483,2026-07-02 11:15:36+05:30,4040.0,1,4046.62,802339,137172.0,151802.0,4100.0,4110.0,4016.1,4092.6,23748375,4501.8,3683.4,4440.0,3288.1,4039.4,1,1,4038.7,1,1,4038.5,32,2,4038.3,25,2,4038.2,16,2,4040.0,316,11,4040.1,13,2,4040.2,17,2,4040.4,133,8,4040.5,48,3
11483,2026-07-02 11:15:36+05:30,4040.0,1,4046.62,802339,137172.0,151802.0,4100.0,4110.0,4016.1,4092.6,23748375,4501.8,3683.4,4440.0,3288.1,4039.4,1,1,4038.7,1,1,4038.5,32,2,4038.3,25,2,4038.2,16,2,4040.0,316,11,4040.1,13,2,4040.2,17,2,4040.4,133,8,4040.5,48,3
11483,2026-07-02 11:15:37+05:30,4040.0,1,4046.62,802339,137172.0,151802.0,4100.0,4110.0,4016.1,4092.6,23748375,4501.8,3683.4,4440.0,3288.1,4039.4,1,1,4038.7,1,1,4038.5,32,2,4038.3,25,2,4038.2,16,2,4040.0,316,11,4040.1,13,2,4040.2,17,2,4040.4,133,8,4040.5,48,3
11483,2026-07-02 11:15:37+05:30,4040.0,1,4046.62,802339,137172.0,151802.0,4100.0,4110.0,4016.1,4092.6,23752925,4501.8,3683.4,4440.0,3288.1,4039.4,1,1,4038.7,1,1,4038.5,32,2,4038.3,25,2,4038.2,16,2,4040.0,316,11,4040.1,13,2,4040.2,17,2,4040.4,133,8,4040.5,48,3
11483,2026-07-02 11:15:37+05:30,4040.0,1,4046.62,802339,137172.0,151802.0,4100.0,4110.0,4016.1,4092.6,23752925,4501.8,3683.4,4440.0,3288.1,4039.4,1,1,4038.7,1,1,4038.5,32,2,4038.3,25,2,4038.2,16,2,4040.0,316,11,4040.1,13,2,4040.2,17,2,4040.4,133,8,4040.5,48,3
11483,2026-07-02 11:15:37+05:30,4040.0,1,4046.62,802339,137172.0,151802.0,4100.0,4110.0,4016.1,4092.6,23752925,4501.8,3683.4,4440.0,3288.1,4039.4,1,1,4038.7,1,1,4038.5,32,2,4038.3,25,2,4038.2,16,2,4040.0,316,11,4040.1,13,2,4040.2,17,2,4040.4,133,8,4040.5,48,3
11483,2026-07-02 11:15:37+05:30,4040.0,1,4046.62,802368,137171.0,151704.0,4100.0,4110.0,4016.1,4092.6,23752925,4501.8,3683.4,4440.0,3288.1,4039.1,1,1,4038.5,32,2,4038.3,25,2,4038.2,16,2,4038.1,39,2,4040.0,265,8,4040.1,11,2,4040.2,31,3,4040.3,15,1,4040.4,121,7
11483,2026-07-02 11:15:37+05:30,4040.0,1,4046.62,802368,137171.0,151704.0,4100.0,4110.0,4016.1,4092.6,23752925,4501.8,3683.4,4440.0,3288.1,4039.1,1,1,4038.5,32,2,4038.3,25,2,4038.2,16,2,4038.1,39,2,4040.0,265,8,4040.1,11,2,4040.2,31,3,4040.3,15,1,4040.4,121,7
11483,2026-07-02 11:15:38+05:30,4040.0,1,4046.62,802368,137171.0,151704.0,4100.0,4110.0,4016.1,4092.6,23752925,4501.8,3683.4,4440.0,3288.1,4039.1,1,1,4038.5,32,2,4038.3,25,2,4038.2,16,2,4038.1,39,2,4040.0,265,8,4040.1,11,2,4040.2,31,3,4040.3,15,1,4040.4,121,7
11483,2026-07-02 11:15:38+05:30,4039.1,1,4046.62,802368,137171.0,151704.0,4100.0,4110.0,4016.1,4092.6,23752925,4501.8,3683.4,4440.0,3288.1,4039.1,1,1,4038.5,32,2,4038.3,25,2,4038.2,16,2,4038.1,39,2,4040.0,265,8,4040.1,11,2,4040.2,31,3,4040.3,15,1,4040.4,121,7
11483,2026-07-02 11:15:38+05:30,4039.1,1,4046.62,802368,137171.0,151704.0,4100.0,4110.0,4016.1,4092.6,23752925,4501.8,3683.4,4440.0,3288.1,4039.1,1,1,4038.5,32,2,4038.3,25,2,4038.2,16,2,4038.1,39,2,4040.0,265,8,4040.1,11,2,4040.2,31,3,4040.3,15,1,4040.4,121,7
11483,2026-07-02 11:15:38+05:30,4038.2,1,4046.62,802370,136649.0,152129.0,4100.0,4110.0,4016.1,4092.6,23752925,4501.8,3683.4,4440.0,3288.1,4038.2,2,1,4038.1,39,2,4038.0,6,3,4037.9,40,2,4037.7,12,1,4039.1,1,1,4039.8,77,3,4039.9,223,2,4040.0,92,6,4040.1,23,2
11483,2026-07-02 11:15:39+05:30,4038.2,1,4046.62,802370,136649.0,152129.0,4100.0,4110.0,4016.1,4092.6,23752925,4501.8,3683.4,4440.0,3288.1,4038.2,2,1,4038.1,39,2,4038.0,6,3,4037.9,40,2,4037.7,12,1,4039.1,1,1,4039.8,77,3,4039.9,223,2,4040.0,92,6,4040.1,23,2
11483,2026-07-02 11:15:39+05:30,4039.8,1,4046.62,802370,136649.0,152129.0,4100.0,4110.0,4016.1,4092.6,23752925,4501.8,3683.4,4440.0,3288.1,4038.2,2,1,4038.1,39,2,4038.0,6,3,4037.9,40,2,4037.7,12,1,4039.1,1,1,4039.8,77,3,4039.9,223,2,4040.0,92,6,4040.1,23,2
11483,2026-07-02 11:15:39+05:30,4039.8,5,4046.62,802377,137252.0,151755.0,4100.0,4110.0,4016.1,4092.6,23752925,4501.8,3683.4,4440.0,3288.1,4038.6,2,1,4038.5,17,2,4038.4,28,2,4038.3,62,4,4038.2,24,2,4039.8,1,1,4039.9,175,1,4040.0,53,2,4040.1,10,1,4040.2,18,2
11483,2026-07-02 11:15:40+05:30,4039.8,5,4046.62,802377,137252.0,151755.0,4100.0,4110.0,4016.1,4092.6,23752925,4501.8,3683.4,4440.0,3288.1,4038.6,2,1,4038.5,17,2,4038.4,28,2,4038.3,62,4,4038.2,24,2,4039.8,1,1,4039.9,175,1,4040.0,53,2,4040.1,10,1,4040.2,18,2
11483,2026-07-02 11:15:40+05:30,4039.8,5,4046.62,802377,136857.0,151934.0,4100.0,4110.0,4016.1,4092.6,23752925,4501.8,3683.4,4440.0,3288.1,4038.5,15,1,4038.4,7,1,4038.3,24,3,4038.2,2,1,4038.1,39,2,4039.8,2,2,4039.9,186,3,4040.0,118,5,4040.1,18,1,4040.2,38,5
11483,2026-07-02 11:15:41+05:30,4039.8,5,4046.62,802377,136905.0,152233.0,4100.0,4110.0,4016.1,4092.6,23752925,4501.8,3683.4,4440.0,3288.1,4039.1,4,1,4038.5,15,1,4038.4,7,1,4038.3,24,3,4038.2,2,1,4039.2,2,1,4039.8,2,2,4039.9,185,2,4040.0,62,4,4040.1,31,2
11483,2026-07-02 11:15:42+05:30,4039.2,1,4046.62,802553,136563.0,152263.0,4100.0,4110.0,4016.1,4092.6,23752925,4501.8,3683.4,4440.0,3288.1,4038.5,5,1,4038.4,46,4,4038.3,10,2,4038.2,10,2,4038.1,42,3,4039.2,1,1,4039.8,12,1,4039.9,180,2,4040.0,40,2,4040.1,31,2
11483,2026-07-02 11:15:43+05:30,4038.4,5,4046.62,802553,136563.0,152263.0,4100.0,4110.0,4016.1,4092.6,23752925,4501.8,3683.4,4440.0,3288.1,4038.5,5,1,4038.4,46,4,4038.3,10,2,4038.2,10,2,4038.1,42,3,4039.2,1,1,4039.8,12,1,4039.9,180,2,4040.0,40,2,4040.1,31,2
11483,2026-07-02 11:15:43+05:30,4038.4,5,4046.62,802558,136641.0,152282.0,4100.0,4110.0,4016.1,4092.6,23752925,4501.8,3683.4,4440.0,3288.1,4039.1,5,1,4038.4,15,2,4038.3,10,2,4038.2,15,3,4038.1,42,3,4039.2,3,3,4039.6,100,1,4039.9,181,3,4040.0,39,1,4040.1,31,2
11483,2026-07-02 11:15:44+05:30,4039.1,4,4046.62,802558,136641.0,152282.0,4100.0,4110.0,4016.1,4092.6,23752925,4501.8,3683.4,4440.0,3288.1,4039.1,5,1,4038.4,15,2,4038.3,10,2,4038.2,15,3,4038.1,42,3,4039.2,3,3,4039.6,100,1,4039.9,181,3,4040.0,39,1,4040.1,31,2
11483,2026-07-02 11:15:44+05:30,4039.1,4,4046.62,802562,136732.0,152265.0,4100.0,4110.0,4016.1,4092.6,23752925,4501.8,3683.4,4440.0,3288.1,4039.1,1,1,4038.4,15,2,4038.3,10,2,4038.2,10,2,4038.1,42,3,4039.2,3,3,4039.6,100,1,4039.8,175,1,4039.9,6,2,4040.0,39,1
11483,2026-07-02 11:15:45+05:30,4039.2,1,4046.62,802562,136732.0,152265.0,4100.0,4110.0,4016.1,4092.6,23752925,4501.8,3683.4,4440.0,3288.1,4039.1,1,1,4038.4,15,2,4038.3,10,2,4038.2,10,2,4038.1,42,3,4039.2,3,3,4039.6,100,1,4039.8,175,1,4039.9,6,2,4040.0,39,1
11483,2026-07-02 11:15:45+05:30,4039.2,2,4046.62,802574,137587.0,151538.0,4100.0,4110.0,4016.1,4092.6,23752925,4501.8,3683.4,4440.0,3288.1,4039.3,40,3,4039.1,11,3,4038.9,14,1,4038.8,16,2,4038.7,37,3,4039.6,100,1,4039.8,175,1,4040.0,51,2,4040.2,4,1,4040.4,25,2
11483,2026-07-02 11:15:46+05:30,4039.6,7,4046.62,802574,137587.0,151538.0,4100.0,4110.0,4016.1,4092.6,23752925,4501.8,3683.4,4440.0,3288.1,4039.3,40,3,4039.1,11,3,4038.9,14,1,4038.8,16,2,4038.7,37,3,4039.6,100,1,4039.8,175,1,4040.0,51,2,4040.2,4,1,4040.4,25,2
11483,2026-07-02 11:15:46+05:30,4039.0,49,4046.61,802688,137358.0,151437.0,4100.0,4110.0,4016.1,4092.6,23752925,4501.8,3683.4,4440.0,3288.1,4039.0,19,1,4038.9,35,3,4038.8,31,3,4038.6,17,2,4038.5,4,1,4039.6,88,2,4039.8,175,1,4040.0,51,2,4040.2,4,1,4040.4,54,3
11483,2026-07-02 11:15:47+05:30,4039.6,5,4046.61,802688,137358.0,151437.0,4100.0,4110.0,4016.1,4092.6,23752925,4501.8,3683.4,4440.0,3288.1,4039.0,19,1,4038.9,35,3,4038.8,31,3,4038.6,17,2,4038.5,4,1,4039.6,88,2,4039.8,175,1,4040.0,51,2,4040.2,4,1,4040.4,54,3
11483,2026-07-02 11:15:47+05:30,4039.6,4,4046.61,802697,137583.0,151279.0,4100.0,4110.0,4016.1,4092.6,23752925,4501.8,3683.4,4440.0,3288.1,4039.2,44,5,4039.1,27,3,4039.0,40,4,4038.9,19,2,4038.8,27,2,4039.6,79,2,4040.0,51,2,4040.2,4,1,4040.4,20,1,4040.5,10,1
11483,2026-07-02 11:15:48+05:30,4039.6,2,4046.61,802697,137583.0,151279.0,4100.0,4110.0,4016.1,4092.6,23752925,4501.8,3683.4,4440.0,3288.1,4039.2,44,5,4039.1,27,3,4039.0,40,4,4038.9,19,2,4038.8,27,2,4039.6,79,2,4040.0,51,2,4040.2,4,1,4040.4,20,1,4040.5,10,1
11483,2026-07-02 11:15:48+05:30,4039.6,2,4046.61,802776,138008.0,150942.0,4100.0,4110.0,4016.1,4092.6,23752925,4501.8,3683.4,4440.0,3288.1,4039.5,48,5,4039.4,14,2,4039.3,22,3,4039.2,37,4,4039.1,25,3,4040.0,51,2,4040.2,4,1,4040.4,20,1,4040.5,10,1,4040.9,10,1
11483,2026-07-02 11:15:49+05:30,4039.6,2,4046.61,802776,138059.0,150776.0,4100.0,4110.0,4016.1,4092.6,23752925,4501.8,3683.4,4440.0,3288.1,4039.5,48,5,4039.4,14,2,4039.3,8,2,4039.2,37,4,4039.1,25,3,4040.0,52,3,4040.2,4,1,4040.4,20,1,4040.5,10,1,4040.9,10,1
11483,2026-07-02 11:15:50+05:30,4040.0,4,4046.61,802776,138059.0,150776.0,4100.0,4110.0,4016.1,4092.6,23752925,4501.8,3683.4,4440.0,3288.1,4039.5,48,5,4039.4,14,2,4039.3,8,2,4039.2,37,4,4039.1,25,3,4040.0,52,3,4040.2,4,1,4040.4,20,1,4040.5,10,1,4040.9,10,1
11483,2026-07-02 11:15:50+05:30,4040.0,4,4046.61,802780,138198.0,150831.0,4100.0,4110.0,4016.1,4092.6,23752925,4501.8,3683.4,4440.0,3288.1,4039.6,24,4,4039.5,28,3,4039.4,15,3,4039.3,8,2,4039.2,37,4,4040.0,48,3,4040.2,4,1,4040.4,20,1,4040.5,10,1,4040.9,10,1
11483,2026-07-02 11:15:51+05:30,4039.8,1,4046.61,802781,138227.0,150781.0,4100.0,4110.0,4016.1,4092.6,23752925,4501.8,3683.4,4440.0,3288.1,4039.6,39,5,4039.5,8,2,4039.4,15,3,4039.3,8,2,4039.2,37,4,4039.8,1,1,4040.0,48,3,4040.2,4,1,4040.4,20,1,4040.5,10,1
11483,2026-07-02 11:15:52+05:30,4039.9,1,4046.61,802781,138227.0,150781.0,4100.0,4110.0,4016.1,4092.6,23752925,4501.8,3683.4,4440.0,3288.1,4039.6,39,5,4039.5,8,2,4039.4,15,3,4039.3,8,2,4039.2,37,4,4039.8,1,1,4040.0,48,3,4040.2,4,1,4040.4,20,1,4040.5,10,1
11483,2026-07-02 11:15:52+05:30,4039.9,1,4046.61,802838,138423.0,150277.0,4100.0,4110.0,4016.1,4092.6,23752925,4501.8,3683.4,4440.0,3288.1,4039.9,22,4,4039.7,7,3,4039.6,12,3,4039.5,22,3,4039.4,29,4,4040.2,4,1,4040.4,20,1,4040.5,10,1,4040.9,10,1,4041.0,330,3
11483,2026-07-02 11:15:53+05:30,4039.9,1,4046.61,802838,138427.0,150270.0,4100.0,4110.0,4016.1,4092.6,23752925,4501.8,3683.4,4440.0,3288.1,4039.9,25,5,4039.7,7,3,4039.6,12,3,4039.5,22,3,4039.4,29,4,4040.2,6,3,4040.4,20,1,4040.5,10,1,4040.9,10,1,4041.0,330,3
11483,2026-07-02 11:15:54+05:30,4039.9,10,4046.61,802838,138427.0,150270.0,4100.0,4110.0,4016.1,4092.6,23752925,4501.8,3683.4,4440.0,3288.1,4039.9,25,5,4039.7,7,3,4039.6,12,3,4039.5,22,3,4039.4,29,4,4040.2,6,3,4040.4,20,1,4040.5,10,1,4040.9,10,1,4041.0,330,3
11483,2026-07-02 11:15:54+05:30,4039.9,10,4046.61,802852,137668.0,150164.0,4100.0,4110.0,4016.1,4092.6,23752925,4501.8,3683.4,4440.0,3288.1,4039.6,2,1,4039.5,17,2,4039.3,19,3,4039.2,52,6,4039.1,23,3,4039.9,163,1,4040.0,10,1,4040.2,4,3,4040.3,4,2,4040.4,20,1
11483,2026-07-02 11:15:55+05:30,4039.9,75,4046.61,802852,137668.0,150164.0,4100.0,4110.0,4016.1,4092.6,23752925,4501.8,3683.4,4440.0,3288.1,4039.6,2,1,4039.5,17,2,4039.3,19,3,4039.2,52,6,4039.1,23,3,4039.9,163,1,4040.0,10,1,4040.2,4,3,4040.3,4,2,4040.4,20,1
11483,2026-07-02 11:15:55+05:30,4039.9,75,4046.61,802927,138029.0,150110.0,4100.0,4110.0,4016.1,4092.6,23752925,4501.8,3683.4,4440.0,3288.1,4039.7,24,3,4039.6,12,3,4039.5,23,2,4039.4,4,1,4039.3,19,3,4039.9,91,2,4040.0,10,1,4040.2,3,2,4040.3,2,1,4040.4,20,1
11483,2026-07-02 11:15:56+05:30,4039.9,22,4046.61,802949,137868.0,150306.0,4100.0,4110.0,4016.1,4092.6,23752925,4501.8,3683.4,4440.0,3288.1,4039.7,16,2,4039.6,5,1,4039.5,24,3,4039.3,8,2,4039.2,34,5,4039.9,69,2,4040.0,10,1,4040.2,3,2,4040.4,20,1,4040.9,10,1
11483,2026-07-02 11:15:57+05:30,4039.9,22,4046.61,802949,137868.0,150306.0,4100.0,4110.0,4016.1,4092.6,23752925,4501.8,3683.4,4440.0,3288.1,4039.7,16,2,4039.6,5,1,4039.5,24,3,4039.3,8,2,4039.2,34,5,4039.9,69,2,4040.0,10,1,4040.2,3,2,4040.4,20,1,4040.9,10,1
11483,2026-07-02 11:15:57+05:30,4039.5,11,4046.61,802989,138006.0,150329.0,4100.0,4110.0,4016.1,4092.6,23752925,4501.8,3683.4,4440.0,3288.1,4039.8,2,1,4039.5,30,3,4039.3,8,2,4039.2,34,5,4039.1,41,4,4039.9,69,2,4040.0,10,1,4040.2,3,2,4040.4,20,1,4040.9,10,1
11483,2026-07-02 11:15:58+05:30,4039.9,1,4046.61,802989,138006.0,150329.0,4100.0,4110.0,4016.1,4092.6,23752925,4501.8,3683.4,4440.0,3288.1,4039.8,2,1,4039.5,30,3,4039.3,8,2,4039.2,34,5,4039.1,41,4,4039.9,69,2,4040.0,10,1,4040.2,3,2,4040.4,20,1,4040.9,10,1
11483,2026-07-02 11:15:58+05:30,4039.9,7,4046.61,802999,138097.0,150336.0,4100.0,4110.0,4016.1,4092.6,23752925,4501.8,3683.4,4440.0,3288.1,4039.6,7,1,4039.5,30,3,4039.3,8,2,4039.2,34,5,4039.1,41,4,4039.9,61,2,4040.0,10,1,4040.2,2,1,4040.4,20,1,4040.9,10,1
11483,2026-07-02 11:15:59+05:30,4039.6,4,4046.61,802999,138097.0,150336.0,4100.0,4110.0,4016.1,4092.6,23752925,4501.8,3683.4,4440.0,3288.1,4039.6,7,1,4039.5,30,3,4039.3,8,2,4039.2,34,5,4039.1,41,4,4039.9,61,2,4040.0,10,1,4040.2,2,1,4040.4,20,1,4040.9,10,1
11483,2026-07-02 11:15:59+05:30,4039.6,4,4046.61,803003,138090.0,150368.0,4100.0,4110.0,4016.1,4092.6,23752925,4501.8,3683.4,4440.0,3288.1,4039.5,30,3,4039.3,8,2,4039.2,34,5,4039.1,41,4,4039.0,47,5,4039.9,61,2,4040.0,10,1,4040.2,2,1,4040.4,20,1,4040.9,21,2
11483,2026-07-02 11:16:00+05:30,4039.9,22,4046.61,803003,138090.0,150368.0,4100.0,4110.0,4016.1,4092.6,23752925,4501.8,3683.4,4440.0,3288.1,4039.5,30,3,4039.3,8,2,4039.2,34,5,4039.1,41,4,4039.0,47,5,4039.9,61,2,4040.0,10,1,4040.2,2,1,4040.4,20,1,4040.9,21,2
11483,2026-07-02 11:16:00+05:30,4039.9,3,4046.61,803032,138070.0,150272.0,4100.0,4110.0,4016.1,4092.6,23752925,4501.8,3683.4,4440.0,3288.1,4039.6,24,4,4039.5,1,1,4039.3,8,2,4039.2,34,5,4039.1,23,3,4039.9,34,2,4040.0,10,1,4040.2,2,1,4040.4,20,1,4040.9,10,1
11483,2026-07-02 11:16:01+05:30,4039.9,3,4046.61,803032,138070.0,150272.0,4100.0,4110.0,4016.1,4092.6,23752925,4501.8,3683.4,4440.0,3288.1,4039.6,24,4,4039.5,1,1,4039.3,8,2,4039.2,34,5,4039.1,23,3,4039.9,34,2,4040.0,10,1,4040.2,2,1,4040.4,20,1,4040.9,10,1
11483,2026-07-02 11:16:01+05:30,4039.9,3,4046.61,803045,138088.0,150349.0,4100.0,4110.0,4016.1,4092.6,23752925,4501.8,3683.4,4440.0,3288.1,4039.5,41,3,4039.3,8,2,4039.2,21,4,4039.1,23,3,4039.0,62,6,4039.9,31,2,4040.0,10,1,4040.2,2,1,4040.4,20,1,4040.9,27,2
11483,2026-07-02 11:16:02+05:30,4039.9,3,4046.61,803045,138088.0,150349.0,4100.0,4110.0,4016.1,4092.6,23752925,4501.8,3683.4,4440.0,3288.1,4039.5,41,3,4039.3,8,2,4039.2,21,4,4039.1,23,3,4039.0,62,6,4039.9,31,2,4040.0,10,1,4040.2,2,1,4040.4,20,1,4040.9,27,2
11483,2026-07-02 11:16:02+05:30,4039.9,3,4046.61,803045,138098.0,150334.0,4100.0,4110.0,4016.1,4092.6,23752925,4501.8,3683.4,4440.0,3288.1,4039.7,18,4,4039.5,1,1,4039.3,8,2,4039.2,21,4,4039.1,38,4,4039.9,31,2,4040.0,10,1,4040.2,2,1,4040.4,20,1,4040.9,10,1
11483,2026-07-02 11:16:03+05:30,4039.9,2,4046.61,803045,138098.0,150334.0,4100.0,4110.0,4016.1,4092.6,23752925,4501.8,3683.4,4440.0,3288.1,4039.7,18,4,4039.5,1,1,4039.3,8,2,4039.2,21,4,4039.1,38,4,4039.9,31,2,4040.0,10,1,4040.2,2,1,4040.4,20,1,4040.9,10,1
11483,2026-07-02 11:16:04+05:30,4039.9,22,4046.61,803070,138058.0,150330.0,4100.0,4110.0,4016.1,4092.6,23752925,4501.8,3683.4,4440.0,3288.1,4039.7,17,3,4039.5,1,1,4039.3,8,2,4039.2,21,4,4039.1,25,4,4039.9,8,3,4040.0,10,1,4040.2,2,1,4040.4,20,1,4040.9,10,1
11483,2026-07-02 11:16:04+05:30,4040.2,7,4046.61,803070,138058.0,150330.0,4100.0,4110.0,4016.1,4092.6,23752925,4501.8,3683.4,4440.0,3288.1,4039.7,17,3,4039.5,1,1,4039.3,8,2,4039.2,21,4,4039.1,25,4,4039.9,8,3,4040.0,10,1,4040.2,2,1,4040.4,20,1,4040.9,10,1
11483,2026-07-02 11:16:05+05:30,4040.2,7,4046.61,803095,138184.0,150303.0,4100.0,4110.0,4016.1,4092.6,23752925,4501.8,3683.4,4440.0,3288.1,4039.8,2,1,4039.7,17,3,4039.5,1,1,4039.3,8,2,4039.2,21,4,4039.9,2,2,4040.2,3,1,4040.4,20,1,4040.9,10,1,4041.0,290,2
11483,2026-07-02 11:16:06+05:30,4039.9,1,4046.61,803098,138266.0,150267.0,4100.0,4110.0,4016.1,4092.6,23752925,4501.8,3683.4,4440.0,3288.1,4039.9,1,1,4039.8,2,1,4039.7,17,3,4039.5,1,1,4039.3,8,2,4040.2,3,1,4040.4,20,1,4040.9,10,1,4041.0,290,2,4041.1,17,1
11483,2026-07-02 11:16:06+05:30,4040.2,1,4046.61,803098,138266.0,150267.0,4100.0,4110.0,4016.1,4092.6,23752925,4501.8,3683.4,4440.0,3288.1,4039.9,1,1,4039.8,2,1,4039.7,17,3,4039.5,1,1,4039.3,8,2,4040.2,3,1,4040.4,20,1,4040.9,10,1,4041.0,290,2,4041.1,17,1
11483,2026-07-02 11:16:07+05:30,4040.2,1,4046.61,803100,138263.0,150272.0,4100.0,4110.0,4016.1,4092.6,23752925,4501.8,3683.4,4440.0,3288.1,4039.9,1,1,4039.8,2,1,4039.7,16,2,4039.5,1,1,4039.3,8,2,4040.2,2,2,4040.4,20,1,4040.9,10,1,4041.0,290,2,4041.1,17,1
11483,2026-07-02 11:16:07+05:30,4040.2,1,4046.61,803100,138263.0,150272.0,4100.0,4110.0,4016.1,4092.6,23752925,4501.8,3683.4,4440.0,3288.1,4039.9,1,1,4039.8,2,1,4039.7,16,2,4039.5,1,1,4039.3,8,2,4040.2,2,2,4040.4,20,1,4040.9,10,1,4041.0,290,2,4041.1,17,1
11483,2026-07-02 11:16:08+05:30,4040.2,1,4046.61,803126,138591.0,150277.0,4100.0,4110.0,4016.1,4092.6,23752925,4501.8,3683.4,4440.0,3288.1,4040.2,1,1,4039.9,1,1,4039.7,16,2,4039.5,1,1,4039.4,5,1,4040.9,7,1,4041.0,290,2,4041.3,22,1,4041.4,21,2,4041.6,35,2
11483,2026-07-02 11:16:08+05:30,4040.2,1,4046.61,803126,138591.0,150277.0,4100.0,4110.0,4016.1,4092.6,23752925,4501.8,3683.4,4440.0,3288.1,4040.2,1,1,4039.9,1,1,4039.7,16,2,4039.5,1,1,4039.4,5,1,4040.9,7,1,4041.0,290,2,4041.3,22,1,4041.4,21,2,4041.6,35,2
11483,2026-07-02 11:16:09+05:30,4040.9,1,4046.61,803127,138600.0,150303.0,4100.0,4110.0,4016.1,4092.6,23752925,4501.8,3683.4,4440.0,3288.1,4040.2,1,1,4039.9,11,2,4039.7,16,2,4039.5,1,1,4039.4,5,1,4040.9,7,2,4041.0,290,2,4041.3,22,1,4041.4,21,2,4041.6,36,3
11483,2026-07-02 11:16:09+05:30,4040.9,1,4046.61,803127,138600.0,150303.0,4100.0,4110.0,4016.1,4092.6,23752925,4501.8,3683.4,4440.0,3288.1,4040.2,1,1,4039.9,11,2,4039.7,16,2,4039.5,1,1,4039.4,5,1,4040.9,7,2,4041.0,290,2,4041.3,22,1,4041.4,21,2,4041.6,36,3
11483,2026-07-02 11:16:10+05:30,4040.9,1,4046.61,803127,138279.0,150303.0,4100.0,4110.0,4016.1,4092.6,23752925,4501.8,3683.4,4440.0,3288.1,4040.2,1,1,4039.9,11,2,4039.7,8,1,4039.5,1,1,4039.4,5,1,4040.9,7,2,4041.0,290,2,4041.3,22,1,4041.4,21,2,4041.5,1,1
11483,2026-07-02 11:16:10+05:30,4040.9,8,4046.61,803127,138279.0,150303.0,4100.0,4110.0,4016.1,4092.6,23752925,4501.8,3683.4,4440.0,3288.1,4040.2,1,1,4039.9,11,2,4039.7,8,1,4039.5,1,1,4039.4,5,1,4040.9,7,2,4041.0,290,2,4041.3,22,1,4041.4,21,2,4041.5,1,1
11483,2026-07-02 11:16:11+05:30,4040.4,5,4046.61,803147,138179.0,150052.0,4100.0,4110.0,4016.1,4092.6,23752925,4501.8,3683.4,4440.0,3288.1,4039.9,10,1,4039.3,8,2,4039.2,8,2,4039.1,24,4,4039.0,44,4,4040.4,1,1,4040.9,2,1,4041.0,290,2,4041.1,1,1,4041.2,42,2
11483,2026-07-02 11:16:11+05:30,4040.4,5,4046.61,803147,138179.0,150052.0,4100.0,4110.0,4016.1,4092.6,23752925,4501.8,3683.4,4440.0,3288.1,4039.9,10,1,4039.3,8,2,4039.2,8,2,4039.1,24,4,4039.0,44,4,4040.4,1,1,4040.9,2,1,4041.0,290,2,4041.1,1,1,4041.2,42,2
11483,2026-07-02 11:16:12+05:30,4040.9,15,4046.61,803171,138167.0,150253.0,4100.0,4110.0,4016.1,4092.6,23752925,4501.8,3683.4,4440.0,3288.1,4040.1,1,1,4039.9,10,1,4039.3,8,2,4039.2,8,2,4039.1,37,5,4040.9,10,1,4041.0,290,2,4041.2,76,4,4041.3,45,3,4041.4,10,2
11483,2026-07-02 11:16:12+05:30,4040.9,15,4046.61,803171,138167.0,150253.0,4100.0,4110.0,4016.1,4092.6,23752925,4501.8,3683.4,4440.0,3288.1,4040.1,1,1,4039.9,10,1,4039.3,8,2,4039.2,8,2,4039.1,37,5,4040.9,10,1,4041.0,290,2,4041.2,76,4,4041.3,45,3,4041.4,10,2
11483,2026-07-02 11:16:13+05:30,4040.9,1,4046.61,803172,138135.0,150278.0,4100.0,4110.0,4016.1,4092.6,23752925,4501.8,3683.4,4440.0,3288.1,4040.1,1,1,4039.9,10,1,4039.3,8,2,4039.2,8,2,4039.1,9,3,4040.9,11,3,4041.0,290,2,4041.2,76,4,4041.3,45,3,4041.4,10,2
11483,2026-07-02 11:16:13+05:30,4040.9,1,4046.61,803172,138135.0,150278.0,4100.0,4110.0,4016.1,4092.6,23752925,4501.8,3683.4,4440.0,3288.1,4040.1,1,1,4039.9,10,1,4039.3,8,2,4039.2,8,2,4039.1,9,3,4040.9,11,3,4041.0,290,2,4041.2,76,4,4041.3,45,3,4041.4,10,2
11483,2026-07-02 11:16:14+05:30,4039.2,2,4046.61,803201,138091.0,150182.0,4100.0,4110.0,4016.1,4092.6,23752925,4501.8,3683.4,4440.0,3288.1,4039.4,20,3,4039.3,10,1,4039.2,21,2,4039.1,9,3,4039.0,29,3,4040.9,19,4,4041.0,290,2,4041.1,25,1,4041.2,65,4,4041.3,19,2
11483,2026-07-02 11:16:14+05:30,4039.2,2,4046.61,803201,138091.0,150182.0,4100.0,4110.0,4016.1,4092.6,23752925,4501.8,3683.4,4440.0,3288.1,4039.4,20,3,4039.3,10,1,4039.2,21,2,4039.1,9,3,4039.0,29,3,4040.9,19,4,4041.0,290,2,4041.1,25,1,4041.2,65,4,4041.3,19,2
11483,2026-07-02 11:16:15+05:30,4040.9,1,4046.61,803201,138091.0,150182.0,4100.0,4110.0,4016.1,4092.6,23752925,4501.8,3683.4,4440.0,3288.1,4039.4,20,3,4039.3,10,1,4039.2,21,2,4039.1,9,3,4039.0,29,3,4040.9,19,4,4041.0,290,2,4041.1,25,1,4041.2,65,4,4041.3,19,2
11483,2026-07-02 11:16:15+05:30,4040.9,1,4046.61,803202,138329.0,149920.0,4100.0,4110.0,4016.1,4092.6,23752925,4501.8,3683.4,4440.0,3288.1,4040.0,10,1,4039.4,32,4,4039.3,10,1,4039.2,9,1,4039.1,11,4,4040.9,10,3,4041.0,290,2,4041.3,13,1,4041.4,4,1,4041.5,27,1
11483,2026-07-02 11:16:16+05:30,4040.9,3,4046.61,803202,138329.0,149920.0,4100.0,4110.0,4016.1,4092.6,23752925,4501.8,3683.4,4440.0,3288.1,4040.0,10,1,4039.4,32,4,4039.3,10,1,4039.2,9,1,4039.1,11,4,4040.9,10,3,4041.0,290,2,4041.3,13,1,4041.4,4,1,4041.5,27,1
11483,2026-07-02 11:16:16+05:30,4040.9,20,4046.61,803232,138335.0,150130.0,4100.0,4110.0,4016.1,4092.6,23752925,4501.8,3683.4,4440.0,3288.1,4040.0,10,1,4039.4,32,4,4039.3,10,1,4039.2,9,1,4039.1,11,4,4040.9,10,1,4041.0,290,2,4041.3,33,2,4041.4,4,1,4041.5,33,2
11483,2026-07-02 11:16:17+05:30,4040.9,20,4046.61,803232,138335.0,150130.0,4100.0,4110.0,4016.1,4092.6,23752925,4501.8,3683.4,4440.0,3288.1,4040.0,10,1,4039.4,32,4,4039.3,10,1,4039.2,9,1,4039.1,11,4,4040.9,10,1,4041.0,290,2,4041.3,33,2,4041.4,4,1,4041.5,33,2
11483,2026-07-02 11:16:17+05:30,4040.9,20,4046.61,803232,138345.0,150130.0,4100.0,4110.0,4016.1,4092.6,23752925,4501.8,3683.4,4440.0,3288.1,4040.0,10,1,4039.4,32,4,4039.3,10,1,4039.2,9,1,4039.1,11,4,4040.9,10,1,4041.0,290,2,4041.3,33,2,4041.4,4,1,4041.5,33,2
11483,2026-07-02 11:16:18+05:30,4040.9,20,4046.61,803232,138330.0,150266.0,4100.0,4110.0,4016.1,4092.6,23752925,4501.8,3683.4,4440.0,3288.1,4040.0,10,1,4039.4,32,4,4039.2,9,1,4039.1,9,3,4039.0,48,5,4040.8,175,1,4040.9,11,2,4041.0,290,2,4041.2,6,1,4041.3,33,2
11483,2026-07-02 11:16:19+05:30,4040.8,1,4046.61,803232,138330.0,150266.0,4100.0,4110.0,4016.1,4092.6,23752925,4501.8,3683.4,4440.0,3288.1,4040.0,10,1,4039.4,32,4,4039.2,9,1,4039.1,9,3,4039.0,48,5,4040.8,175,1,4040.9,11,2,4041.0,290,2,4041.2,6,1,4041.3,33,2
11483,2026-07-02 11:16:19+05:30,4040.8,1,4046.61,803234,138326.0,150222.0,4100.0,4110.0,4016.1,4092.6,23752925,4501.8,3683.4,4440.0,3288.1,4040.0,9,1,4039.4,20,3,4039.2,9,1,4039.1,24,4,4039.0,34,4,4040.8,177,2,4040.9,30,3,4041.0,290,2,4041.2,26,2,4041.3,33,2
11483,2026-07-02 11:16:20+05:30,4040.8,2,4046.61,803234,138326.0,150222.0,4100.0,4110.0,4016.1,4092.6,23752925,4501.8,3683.4,4440.0,3288.1,4040.0,9,1,4039.4,20,3,4039.2,9,1,4039.1,24,4,4039.0,34,4,4040.8,177,2,4040.9,30,3,4041.0,290,2,4041.2,26,2,4041.3,33,2
11483,2026-07-02 11:16:20+05:30,4040.8,2,4046.61,803237,138327.0,150213.0,4100.0,4110.0,4016.1,4092.6,23752925,4501.8,3683.4,4440.0,3288.1,4040.0,9,1,4039.4,20,3,4039.2,9,1,4039.1,24,4,4039.0,34,4,4040.8,175,3,4040.9,15,2,4041.0,290,2,4041.2,26,2,4041.3,33,2
11483,2026-07-02 11:16:21+05:30,4040.8,2,4046.61,803237,138338.0,150270.0,4100.0,4110.0,4016.1,4092.6,23752925,4501.8,3683.4,4440.0,3288.1,4040.0,22,3,4039.4,12,2,4039.3,12,1,4039.2,9,1,4039.1,24,4,4040.4,1,1,4040.8,175,3,4040.9,15,2,4041.0,290,2,4041.2,20,1
11483,2026-07-02 11:16:22+05:30,4040.8,2,4046.61,803237,138355.0,150299.0,4100.0,4110.0,4016.1,4092.6,23752925,4501.8,3683.4,4440.0,3288.1,4040.2,1,1,4040.0,22,3,4039.4,12,2,4039.3,12,1,4039.2,9,1,4040.4,1,1,4040.8,171,1,4040.9,55,3,4041.0,290,2,4041.2,20,1
11483,2026-07-02 11:16:23+05:30,4040.8,2,4046.61,803237,138460.0,150311.0,4100.0,4110.0,4016.1,4092.6,23752925,4501.8,3683.4,4440.0,3288.1,4040.2,11,3,4040.0,14,2,4039.7,12,1,4039.4,12,2,4039.3,14,1,4040.4,3,3,4040.8,171,1,4040.9,55,3,4041.0,290,2,4041.2,20,1
11483,2026-07-02 11:16:24+05:30,4040.4,1,4046.61,803237,138460.0,150311.0,4100.0,4110.0,4016.1,4092.6,23752925,4501.8,3683.4,4440.0,3288.1,4040.2,11,3,4040.0,14,2,4039.7,12,1,4039.4,12,2,4039.3,14,1,4040.4,3,3,4040.8,171,1,4040.9,55,3,4041.0,290,2,4041.2,20,1
11483,2026-07-02 11:16:24+05:30,4040.4,1,4046.61,803240,138489.0,150316.0,4100.0,4110.0,4016.1,4092.6,23752925,4501.8,3683.4,4440.0,3288.1,4040.2,4,2,4040.0,14,2,4039.4,12,2,4039.3,14,1,4039.2,21,2,4040.4,3,3,4040.8,171,1,4040.9,55,3,4041.0,290,2,4041.2,20,1
11483,2026-07-02 11:16:25+05:30,4040.4,1,4046.61,803243,138489.0,150320.0,4100.0,4110.0,4016.1,4092.6,23752925,4501.8,3683.4,4440.0,3288.1,4040.2,4,2,4040.0,14,2,4039.4,12,2,4039.3,14,1,4039.2,21,2,4040.4,1,1,4040.8,171,1,4040.9,55,3,4041.0,290,2,4041.2,20,1
11483,2026-07-02 11:16:25+05:30,4040.4,1,4046.61,803243,138489.0,150320.0,4100.0,4110.0,4016.1,4092.6,23752925,4501.8,3683.4,4440.0,3288.1,4040.2,4,2,4040.0,14,2,4039.4,12,2,4039.3,14,1,4039.2,21,2,4040.4,1,1,4040.8,171,1,4040.9,55,3,4041.0,290,2,4041.2,20,1
11483,2026-07-02 11:16:26+05:30,4040.4,1,4046.61,803252,138468.0,150341.0,4100.0,4110.0,4016.1,4092.6,23752925,4501.8,3683.4,4440.0,3288.1,4040.4,1,1,4040.0,11,2,4039.4,12,2,4039.2,9,1,4039.1,24,4,4040.8,171,1,4040.9,55,3,4041.0,290,2,4041.2,26,2,4041.3,33,2
11483,2026-07-02 11:16:26+05:30,4040.4,1,4046.61,803252,138468.0,150341.0,4100.0,4110.0,4016.1,4092.6,23752925,4501.8,3683.4,4440.0,3288.1,4040.4,1,1,4040.0,11,2,4039.4,12,2,4039.2,9,1,4039.1,24,4,4040.8,171,1,4040.9,55,3,4041.0,290,2,4041.2,26,2,4041.3,33,2
11483,2026-07-02 11:16:27+05:30,4040.8,100,4046.61,803252,138468.0,150341.0,4100.0,4110.0,4016.1,4092.6,23752925,4501.8,3683.4,4440.0,3288.1,4040.4,1,1,4040.0,11,2,4039.4,12,2,4039.2,9,1,4039.1,24,4,4040.8,171,1,4040.9,55,3,4041.0,290,2,4041.2,26,2,4041.3,33,2
11483,2026-07-02 11:16:27+05:30,4040.8,100,4046.61,803352,138478.0,150129.0,4100.0,4110.0,4016.1,4092.6,23752925,4501.8,3683.4,4440.0,3288.1,4040.4,1,1,4040.0,11,2,4039.4,12,2,4039.2,9,1,4039.1,24,4,4040.8,81,3,4040.9,55,3,4041.0,290,2,4041.2,27,3,4041.3,20,1
11483,2026-07-02 11:16:28+05:30,4040.8,1,4046.61,803353,138478.0,150118.0,4100.0,4110.0,4016.1,4092.6,23752925,4501.8,3683.4,4440.0,3288.1,4040.5,5,1,4040.4,1,1,4040.0,11,2,4039.4,12,2,4039.2,9,1,4040.8,71,2,4040.9,62,4,4041.0,290,2,4041.2,21,2,4041.3,26,2
11483,2026-07-02 11:16:28+05:30,4040.8,1,4046.61,803353,138478.0,150118.0,4100.0,4110.0,4016.1,4092.6,23752925,4501.8,3683.4,4440.0,3288.1,4040.5,5,1,4040.4,1,1,4040.0,11,2,4039.4,12,2,4039.2,9,1,4040.8,71,2,4040.9,62,4,4041.0,290,2,4041.2,21,2,4041.3,26,2
11483,2026-07-02 11:16:29+05:30,4040.8,10,4046.61,803439,138406.0,149952.0,4100.0,4110.0,4016.1,4092.6,23752925,4501.8,3683.4,4440.0,3288.1,4039.4,10,2,4039.2,27,1,4039.1,35,4,4039.0,29,3,4038.9,19,2,4040.8,52,2,4040.9,55,3,4041.0,290,2,4041.2,21,2,4041.3,39,3
11483,2026-07-02 11:16:29+05:30,4040.8,10,4046.61,803439,138406.0,149952.0,4100.0,4110.0,4016.1,4092.6,23752925,4501.8,3683.4,4440.0,3288.1,4039.4,10,2,4039.2,27,1,4039.1,35,4,4039.0,29,3,4038.9,19,2,4040.8,52,2,4040.9,55,3,4041.0,290,2,4041.2,21,2,4041.3,39,3
11483,2026-07-02 11:16:30+05:30,4040.9,25,4046.61,803566,138356.0,149862.0,4100.0,4110.0,4016.1,4092.6,23752925,4501.8,3683.4,4440.0,3288.1,4039.5,24,3,4039.4,8,2,4039.3,53,3,4039.2,14,1,4039.1,22,2,4040.8,1,1,4040.9,5,1,4041.0,290,2,4041.2,20,1,4041.3,33,2
11483,2026-07-02 11:16:30+05:30,4040.9,25,4046.61,803566,138356.0,149862.0,4100.0,4110.0,4016.1,4092.6,23752925,4501.8,3683.4,4440.0,3288.1,4039.5,24,3,4039.4,8,2,4039.3,53,3,4039.2,14,1,4039.1,22,2,4040.8,1,1,4040.9,5,1,4041.0,290,2,4041.2,20,1,4041.3,33,2
11483,2026-07-02 11:16:31+05:30,4040.2,4,4046.61,803577,138299.0,149966.0,4100.0,4110.0,4016.1,4092.6,23752925,4501.8,3683.4,4440.0,3288.1,4039.2,3,1,4039.1,31,3,4039.0,55,4,4038.9,31,3,4038.8,55,4,4040.2,2,1,4040.8,1,1,4040.9,48,2,4041.0,302,3,4041.2,20,1
11483,2026-07-02 11:16:31+05:30,4040.2,1,4046.61,803577,138299.0,149966.0,4100.0,4110.0,4016.1,4092.6,23752925,4501.8,3683.4,4440.0,3288.1,4039.2,3,1,4039.1,31,3,4039.0,55,4,4038.9,31,3,4038.8,55,4,4040.2,2,1,4040.8,1,1,4040.9,48,2,4041.0,302,3,4041.2,20,1
11483,2026-07-02 11:16:32+05:30,4040.2,2,4046.61,803580,138240.0,149991.0,4100.0,4110.0,4016.1,4092.6,23752925,4501.8,3683.4,4440.0,3288.1,4039.7,1,1,4039.2,3,1,4039.1,31,3,4039.0,55,4,4038.9,16,2,4040.2,2,1,4040.8,1,1,4040.9,48,2,4041.0,322,4,4041.2,20,1
11483,2026-07-02 11:16:32+05:30,4040.2,2,4046.61,803580,138240.0,149991.0,4100.0,4110.0,4016.1,4092.6,23752925,4501.8,3683.4,4440.0,3288.1,4039.7,1,1,4039.2,3,1,4039.1,31,3,4039.0,55,4,4038.9,16,2,4040.2,2,1,4040.8,1,1,4040.9,48,2,4041.0,322,4,4041.2,20,1
11483,2026-07-02 11:16:33+05:30,4040.2,2,4046.61,803585,138197.0,149971.0,4100.0,4110.0,4016.1,4092.6,23752925,4501.8,3683.4,4440.0,3288.1,4039.7,1,1,4039.2,10,2,4039.1,39,3,4039.0,22,2,4038.9,16,2,4040.8,2,2,4040.9,5,1,4041.0,290,2,4041.2,73,4,4041.3,19,2
11483,2026-07-02 11:16:33+05:30,4040.2,2,4046.61,803585,138197.0,149971.0,4100.0,4110.0,4016.1,4092.6,23752925,4501.8,3683.4,4440.0,3288.1,4039.7,1,1,4039.2,10,2,4039.1,39,3,4039.0,22,2,4038.9,16,2,4040.8,2,2,4040.9,5,1,4041.0,290,2,4041.2,73,4,4041.3,19,2
11483,2026-07-02 11:16:33+05:30,4040.2,2,4046.61,803585,138197.0,149971.0,4100.0,4110.0,4016.1,4092.6,23752925,4501.8,3683.4,4440.0,3288.1,4039.7,1,1,4039.2,10,2,4039.1,39,3,4039.0,22,2,4038.9,16,2,4040.8,2,2,4040.9,5,1,4041.0,290,2,4041.2,73,4,4041.3,19,2
11483,2026-07-02 11:16:34+05:30,4040.2,2,4046.61,803585,138197.0,149971.0,4100.0,4110.0,4016.1,4092.6,23752925,4501.8,3683.4,4440.0,3288.1,4039.7,1,1,4039.2,10,2,4039.1,39,3,4039.0,22,2,4038.9,16,2,4040.8,2,2,4040.9,5,1,4041.0,290,2,4041.2,73,4,4041.3,19,2
11483,2026-07-02 11:16:34+05:30,4039.7,3,4046.61,803588,138057.0,150262.0,4100.0,4110.0,4016.1,4092.6,23752925,4501.8,3683.4,4440.0,3288.1,4039.1,6,1,4039.0,22,2,4038.9,3,1,4038.7,35,2,4038.6,17,3,4039.7,2,1,4040.7,13,1,4040.8,3,3,4040.9,53,2,4041.0,302,3
11483,2026-07-02 11:16:34+05:30,4039.7,3,4046.61,803588,138057.0,150262.0,4100.0,4110.0,4016.1,4092.6,23752925,4501.8,3683.4,4440.0,3288.1,4039.1,6,1,4039.0,22,2,4038.9,3,1,4038.7,35,2,4038.6,17,3,4039.7,2,1,4040.7,13,1,4040.8,3,3,4040.9,53,2,4041.0,302,3
11483,2026-07-02 11:16:34+05:30,4039.7,3,4046.61,803588,138057.0,150262.0,4100.0,4110.0,4016.1,4092.6,23752925,4501.8,3683.4,4440.0,3288.1,4039.1,6,1,4039.0,22,2,4038.9,3,1,4038.7,35,2,4038.6,17,3,4039.7,2,1,4040.7,13,1,4040.8,3,3,4040.9,53,2,4041.0,302,3
11483,2026-07-02 11:16:35+05:30,4039.7,3,4046.61,803588,138057.0,150262.0,4100.0,4110.0,4016.1,4092.6,23752925,4501.8,3683.4,4440.0,3288.1,4039.1,6,1,4039.0,22,2,4038.9,3,1,4038.7,35,2,4038.6,17,3,4039.7,2,1,4040.7,13,1,4040.8,3,3,4040.9,53,2,4041.0,302,3
11483,2026-07-02 11:16:35+05:30,4039.7,3,4046.61,803588,138058.0,150477.0,4100.0,4110.0,4016.1,4092.6,23752925,4501.8,3683.4,4440.0,3288.1,4039.2,2,1,4039.0,19,1,4038.9,3,1,4038.7,18,1,4038.6,12,1,4039.7,2,1,4040.0,20,2,4040.7,13,1,4040.8,69,5,4040.9,73,3
11483,2026-07-02 11:16:35+05:30,4039.7,3,4046.61,803588,138058.0,150477.0,4100.0,4110.0,4016.1,4092.6,23752925,4501.8,3683.4,4440.0,3288.1,4039.2,2,1,4039.0,19,1,4038.9,3,1,4038.7,18,1,4038.6,12,1,4039.7,2,1,4040.0,20,2,4040.7,13,1,4040.8,69,5,4040.9,73,3
11483,2026-07-02 11:16:36+05:30,4039.7,3,4046.61,803588,138058.0,150477.0,4100.0,4110.0,4016.1,4092.6,23752925,4501.8,3683.4,4440.0,3288.1,4039.2,2,1,4039.0,19,1,4038.9,3,1,4038.7,18,1,4038.6,12,1,4039.7,2,1,4040.0,20,2,4040.7,13,1,4040.8,69,5,4040.9,73,3
11483,2026-07-02 11:16:36+05:30,4039.7,17,4046.61,803608,138043.0,150884.0,4100.0,4110.0,4016.1,4092.6,23752925,4501.8,3683.4,4440.0,3288.1,4039.2,2,1,4039.0,19,1,4038.7,18,1,4038.5,28,3,4038.4,33,4,4039.7,5,1,4040.0,20,2,4040.7,13,1,4040.8,79,4,4040.9,73,3
11483,2026-07-02 11:16:36+05:30,4039.7,17,4046.61,803608,138043.0,150884.0,4100.0,4110.0,4016.1,4092.6,23752925,4501.8,3683.4,4440.0,3288.1,4039.2,2,1,4039.0,19,1,4038.7,18,1,4038.5,28,3,4038.4,33,4,4039.7,5,1,4040.0,20,2,4040.7,13,1,4040.8,79,4,4040.9,73,3
11483,2026-07-02 11:16:36+05:30,4039.7,17,4046.61,803608,138043.0,150884.0,4100.0,4110.0,4016.1,4092.6,23752925,4501.8,3683.4,4440.0,3288.1,4039.2,2,1,4039.0,19,1,4038.7,18,1,4038.5,28,3,4038.4,33,4,4039.7,5,1,4040.0,20,2,4040.7,13,1,4040.8,79,4,4040.9,73,3
11483,2026-07-02 11:16:37+05:30,4039.7,17,4046.61,803608,138043.0,150884.0,4100.0,4110.0,4016.1,4092.6,23752925,4501.8,3683.4,4440.0,3288.1,4039.2,2,1,4039.0,19,1,4038.7,18,1,4038.5,28,3,4038.4,33,4,4039.7,5,1,4040.0,20,2,4040.7,13,1,4040.8,79,4,4040.9,73,3
11483,2026-07-02 11:16:37+05:30,4039.7,17,4046.61,803608,138054.0,150860.0,4100.0,4110.0,4016.1,4092.6,23752925,4501.8,3683.4,4440.0,3288.1,4039.2,2,1,4038.6,6,1,4038.5,44,3,4038.4,31,3,4038.3,16,3,4039.7,105,2,4040.0,20,2,4040.7,19,2,4040.8,2,2,4040.9,25,2
11483,2026-07-02 11:16:37+05:30,4039.7,17,4046.61,803608,138054.0,150860.0,4100.0,4110.0,4016.1,4092.6,23752925,4501.8,3683.4,4440.0,3288.1,4039.2,2,1,4038.6,6,1,4038.5,44,3,4038.4,31,3,4038.3,16,3,4039.7,105,2,4040.0,20,2,4040.7,19,2,4040.8,2,2,4040.9,25,2
11483,2026-07-02 11:16:37+05:30,4039.7,13,4046.61,803608,138054.0,150860.0,4100.0,4110.0,4016.1,4092.6,23752925,4501.8,3683.4,4440.0,3288.1,4039.2,2,1,4038.6,6,1,4038.5,44,3,4038.4,31,3,4038.3,16,3,4039.7,105,2,4040.0,20,2,4040.7,19,2,4040.8,2,2,4040.9,25,2
11483,2026-07-02 11:16:37+05:30,4039.7,13,4046.61,803608,138054.0,150860.0,4100.0,4110.0,4016.1,4092.6,23755725,4501.8,3683.4,4440.0,3288.1,4039.2,2,1,4038.6,6,1,4038.5,44,3,4038.4,31,3,4038.3,16,3,4039.7,105,2,4040.0,20,2,4040.7,19,2,4040.8,2,2,4040.9,25,2
11483,2026-07-02 11:16:38+05:30,4039.7,13,4046.61,803626,138193.0,150934.0,4100.0,4110.0,4016.1,4092.6,23755725,4501.8,3683.4,4440.0,3288.1,4038.9,23,3,4038.8,6,1,4038.7,59,3,4038.6,24,2,4038.5,38,1,4039.7,94,3,4040.0,20,2,4040.4,13,1,4040.7,13,1,4040.8,2,2
11483,2026-07-02 11:16:38+05:30,4039.7,13,4046.61,803626,138193.0,150934.0,4100.0,4110.0,4016.1,4092.6,23755725,4501.8,3683.4,4440.0,3288.1,4038.9,23,3,4038.8,6,1,4038.7,59,3,4038.6,24,2,4038.5,38,1,4039.7,94,3,4040.0,20,2,4040.4,13,1,4040.7,13,1,4040.8,2,2
11483,2026-07-02 11:16:38+05:30,4038.9,1,4046.61,803626,138193.0,150934.0,4100.0,4110.0,4016.1,4092.6,23755725,4501.8,3683.4,4440.0,3288.1,4038.9,23,3,4038.8,6,1,4038.7,59,3,4038.6,24,2,4038.5,38,1,4039.7,94,3,4040.0,20,2,4040.4,13,1,4040.7,13,1,4040.8,2,2
11483,2026-07-02 11:16:38+05:30,4038.9,1,4046.61,803626,138193.0,150934.0,4100.0,4110.0,4016.1,4092.6,23755725,4501.8,3683.4,4440.0,3288.1,4038.9,23,3,4038.8,6,1,4038.7,59,3,4038.6,24,2,4038.5,38,1,4039.7,94,3,4040.0,20,2,4040.4,13,1,4040.7,13,1,4040.8,2,2
11483,2026-07-02 11:16:39+05:30,4039.6,3,4046.61,803647,138107.0,150927.0,4100.0,4110.0,4016.1,4092.6,23755725,4501.8,3683.4,4440.0,3288.1,4039.0,20,3,4038.9,27,3,4038.8,35,4,4038.7,57,2,4038.6,50,3,4039.6,1,1,4039.7,89,2,4040.4,13,1,4040.7,13,1,4040.8,1,1
11483,2026-07-02 11:16:39+05:30,4039.6,3,4046.61,803647,138107.0,150927.0,4100.0,4110.0,4016.1,4092.6,23755725,4501.8,3683.4,4440.0,3288.1,4039.0,20,3,4038.9,27,3,4038.8,35,4,4038.7,57,2,4038.6,50,3,4039.6,1,1,4039.7,89,2,4040.4,13,1,4040.7,13,1,4040.8,1,1
11483,2026-07-02 11:16:39+05:30,4039.0,1,4046.61,803647,138107.0,150927.0,4100.0,4110.0,4016.1,4092.6,23755725,4501.8,3683.4,4440.0,3288.1,4039.0,20,3,4038.9,27,3,4038.8,35,4,4038.7,57,2,4038.6,50,3,4039.6,1,1,4039.7,89,2,4040.4,13,1,4040.7,13,1,4040.8,1,1
11483,2026-07-02 11:16:39+05:30,4039.0,1,4046.61,803649,138093.0,150931.0,4100.0,4110.0,4016.1,4092.6,23755725,4501.8,3683.4,4440.0,3288.1,4039.0,15,2,4038.9,8,1,4038.8,35,4,4038.7,57,2,4038.6,50,3,4039.6,1,1,4039.7,87,1,4040.4,13,1,4040.7,13,1,4040.8,1,1
11483,2026-07-02 11:16:40+05:30,4039.0,1,4046.61,803649,138087.0,150935.0,4100.0,4110.0,4016.1,4092.6,23755725,4501.8,3683.4,4440.0,3288.1,4039.0,15,2,4038.9,8,1,4038.8,20,2,4038.7,59,3,4038.6,33,2,4039.6,1,1,4039.7,87,1,4040.7,13,1,4040.8,1,1,4040.9,82,4
11483,2026-07-02 11:16:41+05:30,4039.0,1,4046.61,803649,138007.0,150879.0,4100.0,4110.0,4016.1,4092.6,23755725,4501.8,3683.4,4440.0,3288.1,4038.7,42,1,4038.6,36,4,4038.5,40,2,4038.4,10,1,4038.3,29,2,4039.3,1,1,4039.6,1,1,4039.7,87,1,4040.4,33,2,4040.7,13,1
11483,2026-07-02 11:16:42+05:30,4039.3,1,4046.61,803649,138007.0,150879.0,4100.0,4110.0,4016.1,4092.6,23755725,4501.8,3683.4,4440.0,3288.1,4038.7,42,1,4038.6,36,4,4038.5,40,2,4038.4,10,1,4038.3,29,2,4039.3,1,1,4039.6,1,1,4039.7,87,1,4040.4,33,2,4040.7,13,1
11483,2026-07-02 11:16:42+05:30,4039.3,1,4046.61,803650,138019.0,150886.0,4100.0,4110.0,4016.1,4092.6,23755725,4501.8,3683.4,4440.0,3288.1,4039.0,1,1,4038.7,42,1,4038.6,24,3,4038.5,40,2,4038.4,10,1,4039.3,1,1,4039.6,1,1,4039.7,87,1,4040.4,33,2,4040.7,25,2
11483,2026-07-02 11:16:43+05:30,4039.3,1,4046.61,803651,138003.0,150897.0,4100.0,4110.0,4016.1,4092.6,23755725,4501.8,3683.4,4440.0,3288.1,4039.0,1,1,4038.7,42,1,4038.6,24,3,4038.5,38,1,4038.4,12,2,4039.3,2,2,4039.6,1,1,4039.7,87,1,4040.4,33,2,4040.7,25,2
11483,2026-07-02 11:16:44+05:30,4039.2,4,4046.61,803651,138003.0,150897.0,4100.0,4110.0,4016.1,4092.6,23755725,4501.8,3683.4,4440.0,3288.1,4039.0,1,1,4038.7,42,1,4038.6,24,3,4038.5,38,1,4038.4,12,2,4039.3,2,2,4039.6,1,1,4039.7,87,1,4040.4,33,2,4040.7,25,2
11483,2026-07-02 11:16:44+05:30,4039.7,10,4046.61,803675,138114.0,150946.0,4100.0,4110.0,4016.1,4092.6,23755725,4501.8,3683.4,4440.0,3288.1,4039.2,42,1,4039.1,42,1,4039.0,43,2,4038.8,2,1,4038.7,84,2,4039.7,77,1,4040.0,17,2,4040.7,42,2,4040.8,13,2,4040.9,92,4
11483,2026-07-02 11:16:45+05:30,4039.7,10,4046.61,803675,138114.0,150946.0,4100.0,4110.0,4016.1,4092.6,23755725,4501.8,3683.4,4440.0,3288.1,4039.2,42,1,4039.1,42,1,4039.0,43,2,4038.8,2,1,4038.7,84,2,4039.7,77,1,4040.0,17,2,4040.7,42,2,4040.8,13,2,4040.9,92,4
11483,2026-07-02 11:16:45+05:30,4039.7,3,4046.61,803680,138202.0,151114.0,4100.0,4110.0,4016.1,4092.6,23755725,4501.8,3683.4,4440.0,3288.1,4039.5,31,1,4039.4,42,1,4039.3,42,1,4039.2,42,1,4039.0,1,1,4039.7,73,2,4040.0,17,2,4040.7,42,2,4040.8,1,1,4040.9,41,3
11483,2026-07-02 11:16:46+05:30,4039.7,31,4046.61,803680,138202.0,151114.0,4100.0,4110.0,4016.1,4092.6,23755725,4501.8,3683.4,4440.0,3288.1,4039.5,31,1,4039.4,42,1,4039.3,42,1,4039.2,42,1,4039.0,1,1,4039.7,73,2,4040.0,17,2,4040.7,42,2,4040.8,1,1,4040.9,41,3
11483,2026-07-02 11:16:46+05:30,4039.7,31,4046.61,803718,138305.0,150796.0,4100.0,4110.0,4016.1,4092.6,23755725,4501.8,3683.4,4440.0,3288.1,4039.6,42,1,4039.5,42,1,4039.4,42,1,4039.2,42,1,4039.0,1,1,4039.7,35,2,4040.0,17,2,4040.7,29,1,4040.8,1,1,4040.9,41,3
11483,2026-07-02 11:16:47+05:30,4040.0,3,4046.61,803718,138305.0,150796.0,4100.0,4110.0,4016.1,4092.6,23755725,4501.8,3683.4,4440.0,3288.1,4039.6,42,1,4039.5,42,1,4039.4,42,1,4039.2,42,1,4039.0,1,1,4039.7,35,2,4040.0,17,2,4040.7,29,1,4040.8,1,1,4040.9,41,3
11483,2026-07-02 11:16:47+05:30,4040.0,5,4046.61,803794,138264.0,150583.0,4100.0,4110.0,4016.1,4092.6,23755725,4501.8,3683.4,4440.0,3288.1,4040.0,11,1,4039.8,65,2,4039.7,42,1,4039.6,12,1,4039.5,42,1,4040.7,51,3,4040.8,30,4,4040.9,68,5,4041.0,292,3,4041.1,2,1
11483,2026-07-02 11:16:48+05:30,4040.0,5,4046.61,803794,138264.0,150583.0,4100.0,4110.0,4016.1,4092.6,23755725,4501.8,3683.4,4440.0,3288.1,4040.0,11,1,4039.8,65,2,4039.7,42,1,4039.6,12,1,4039.5,42,1,4040.7,51,3,4040.8,30,4,4040.9,68,5,4041.0,292,3,4041.1,2,1
11483,2026-07-02 11:16:48+05:30,4040.2,2,4046.61,803796,138589.0,150092.0,4100.0,4110.0,4016.1,4092.6,23755725,4501.8,3683.4,4440.0,3288.1,4040.5,9,1,4040.2,82,2,4040.0,42,1,4039.8,35,2,4039.2,2,1,4040.7,23,3,4040.8,6,2,4040.9,5,1,4041.0,290,2,4041.2,20,1
11483,2026-07-02 11:16:49+05:30,4040.2,2,4046.61,803796,138589.0,150092.0,4100.0,4110.0,4016.1,4092.6,23755725,4501.8,3683.4,4440.0,3288.1,4040.5,9,1,4040.2,82,2,4040.0,42,1,4039.8,35,2,4039.2,2,1,4040.7,23,3,4040.8,6,2,4040.9,5,1,4041.0,290,2,4041.2,20,1
11483,2026-07-02 11:16:49+05:30,4040.6,9,4046.61,803805,139024.0,150129.0,4100.0,4110.0,4016.1,4092.6,23755725,4501.8,3683.4,4440.0,3288.1,4040.3,42,1,4040.2,40,1,4040.1,42,1,4039.8,23,1,4039.7,10,1,4040.6,11,1,4040.7,18,2,4040.8,1,1,4040.9,5,1,4041.0,290,2
11483,2026-07-02 11:16:50+05:30,4040.5,5,4046.61,803805,139024.0,150129.0,4100.0,4110.0,4016.1,4092.6,23755725,4501.8,3683.4,4440.0,3288.1,4040.3,42,1,4040.2,40,1,4040.1,42,1,4039.8,23,1,4039.7,10,1,4040.6,11,1,4040.7,18,2,4040.8,1,1,4040.9,5,1,4041.0,290,2
11483,2026-07-02 11:16:50+05:30,4040.5,5,4046.61,803810,138951.0,150111.0,4100.0,4110.0,4016.1,4092.6,23755725,4501.8,3683.4,4440.0,3288.1,4040.5,76,1,4040.2,82,2,4040.0,42,1,4039.8,23,1,4039.7,10,1,4040.6,12,2,4040.7,17,1,4040.8,1,1,4040.9,12,2,4041.0,290,2
11483,2026-07-02 11:16:51+05:30,4040.5,5,4046.61,803810,138156.0,150281.0,4100.0,4110.0,4016.1,4092.6,23755725,4501.8,3683.4,4440.0,3288.1,4039.7,10,1,4038.8,2,1,4038.7,42,1,4038.6,8,1,4038.5,63,3,4040.2,85,5,4040.3,29,3,4040.4,21,3,4040.5,44,4,4040.6,20,6
11483,2026-07-02 11:16:52+05:30,4039.7,10,4046.61,803810,138156.0,150281.0,4100.0,4110.0,4016.1,4092.6,23755725,4501.8,3683.4,4440.0,3288.1,4039.7,10,1,4038.8,2,1,4038.7,42,1,4038.6,8,1,4038.5,63,3,4040.2,85,5,4040.3,29,3,4040.4,21,3,4040.5,44,4,4040.6,20,6
11483,2026-07-02 11:16:52+05:30,4039.7,10,4046.6,803823,136929.0,151431.0,4100.0,4110.0,4016.1,4092.6,23755725,4501.8,3683.4,4440.0,3288.1,4038.1,16,1,4038.0,115,4,4037.9,39,2,4037.7,32,1,4037.6,62,4,4039.6,102,4,4039.7,77,4,4039.8,39,5,4039.9,66,4,4040.0,150,7
11483,2026-07-02 11:16:53+05:30,4038.8,1,4046.6,803825,136406.0,151926.0,4100.0,4110.0,4016.1,4092.6,23755725,4501.8,3683.4,4440.0,3288.1,4038.0,115,4,4037.7,2,1,4037.6,30,2,4037.4,38,2,4037.3,56,4,4038.8,36,2,4038.9,99,3,4039.0,42,1,4039.1,42,1,4039.2,60,2
11483,2026-07-02 11:16:54+05:30,4038.0,1,4046.6,803825,136406.0,151926.0,4100.0,4110.0,4016.1,4092.6,23755725,4501.8,3683.4,4440.0,3288.1,4038.0,115,4,4037.7,2,1,4037.6,30,2,4037.4,38,2,4037.3,56,4,4038.8,36,2,4038.9,99,3,4039.0,42,1,4039.1,42,1,4039.2,60,2
11483,2026-07-02 11:16:54+05:30,4038.0,1,4046.6,803827,136283.0,152503.0,4100.0,4110.0,4016.1,4092.6,23755725,4501.8,3683.4,4440.0,3288.1,4038.0,112,2,4037.7,4,2,4037.6,30,2,4037.4,38,2,4037.3,10,1,4038.4,28,1,4038.5,81,1,4038.6,42,1,4038.7,42,1,4038.8,49,2
11483,2026-07-02 11:16:55+05:30,4038.0,1,4046.6,803827,136215.0,152479.0,4100.0,4110.0,4016.1,4092.6,23755725,4501.8,3683.4,4440.0,3288.1,4038.0,112,2,4037.7,4,2,4037.6,30,2,4037.4,38,2,4037.3,10,1,4038.1,28,1,4038.2,81,1,4038.3,42,1,4038.4,43,2,4038.5,42,1
11483,2026-07-02 11:16:56+05:30,4038.0,10,4046.6,803827,136215.0,152479.0,4100.0,4110.0,4016.1,4092.6,23755725,4501.8,3683.4,4440.0,3288.1,4038.0,112,2,4037.7,4,2,4037.6,30,2,4037.4,38,2,4037.3,10,1,4038.1,28,1,4038.2,81,1,4038.3,42,1,4038.4,43,2,4038.5,42,1
11483,2026-07-02 11:16:56+05:30,4038.1,2,4046.6,803859,136189.0,152407.0,4100.0,4110.0,4016.1,4092.6,23755725,4501.8,3683.4,4440.0,3288.1,4038.0,92,1,4037.7,4,2,4037.6,20,1,4037.4,38,2,4037.3,10,1,4038.1,97,2,4038.2,42,1,4038.3,42,1,4038.4,43,2,4038.6,42,1
11483,2026-07-02 11:16:57+05:30,4038.1,2,4046.6,803859,136189.0,152407.0,4100.0,4110.0,4016.1,4092.6,23755725,4501.8,3683.4,4440.0,3288.1,4038.0,92,1,4037.7,4,2,4037.6,20,1,4037.4,38,2,4037.3,10,1,4038.1,97,2,4038.2,42,1,4038.3,42,1,4038.4,43,2,4038.6,42,1
11483,2026-07-02 11:16:57+05:30,4038.1,2,4046.6,803859,136161.0,152414.0,4100.0,4110.0,4016.1,4092.6,23755725,4501.8,3683.4,4440.0,3288.1,4038.0,92,1,4037.7,4,2,4037.6,20,1,4037.4,38,2,4037.3,10,1,4038.1,104,4,4038.2,42,1,4038.3,42,1,4038.4,42,1,4038.6,42,1
11483,2026-07-02 11:16:58+05:30,4038.0,2,4046.6,803859,136161.0,152414.0,4100.0,4110.0,4016.1,4092.6,23755725,4501.8,3683.4,4440.0,3288.1,4038.0,92,1,4037.7,4,2,4037.6,20,1,4037.4,38,2,4037.3,10,1,4038.1,104,4,4038.2,42,1,4038.3,42,1,4038.4,42,1,4038.6,42,1
11483,2026-07-02 11:16:58+05:30,4038.1,9,4046.6,803886,136165.0,152375.0,4100.0,4110.0,4016.1,4092.6,23755725,4501.8,3683.4,4440.0,3288.1,4038.0,90,1,4037.7,4,2,4037.6,20,1,4037.4,38,2,4037.3,10,1,4038.1,80,4,4038.2,42,1,4038.3,42,1,4038.4,42,1,4038.6,42,1
11483,2026-07-02 11:16:59+05:30,4038.0,4,4046.6,803886,136165.0,152375.0,4100.0,4110.0,4016.1,4092.6,23755725,4501.8,3683.4,4440.0,3288.1,4038.0,90,1,4037.7,4,2,4037.6,20,1,4037.4,38,2,4037.3,10,1,4038.1,80,4,4038.2,42,1,4038.3,42,1,4038.4,42,1,4038.6,42,1
11483,2026-07-02 11:16:59+05:30,4038.0,4,4046.6,803897,135933.0,152483.0,4100.0,4110.0,4016.1,4092.6,23755725,4501.8,3683.4,4440.0,3288.1,4038.0,86,1,4037.7,4,2,4037.6,20,1,4037.4,28,1,4037.3,10,1,4038.1,73,4,4038.2,42,1,4038.3,42,1,4038.4,42,1,4038.6,42,1
11483,2026-07-02 11:17:00+05:30,4038.0,4,4046.6,803897,135975.0,152452.0,4100.0,4110.0,4016.1,4092.6,23755725,4501.8,3683.4,4440.0,3288.1,4038.0,86,1,4037.7,4,2,4037.6,20,1,4037.4,28,1,4037.1,36,2,4038.1,73,4,4038.2,42,1,4038.3,42,1,4038.4,42,1,4038.6,52,2
11483,2026-07-02 11:17:01+05:30,4038.1,3,4046.6,803897,135975.0,152452.0,4100.0,4110.0,4016.1,4092.6,23755725,4501.8,3683.4,4440.0,3288.1,4038.0,86,1,4037.7,4,2,4037.6,20,1,4037.4,28,1,4037.1,36,2,4038.1,73,4,4038.2,42,1,4038.3,42,1,4038.4,42,1,4038.6,52,2
11483,2026-07-02 11:17:01+05:30,4038.1,3,4046.6,803902,135975.0,152458.0,4100.0,4110.0,4016.1,4092.6,23755725,4501.8,3683.4,4440.0,3288.1,4038.0,86,1,4037.7,2,1,4037.6,22,2,4037.4,28,1,4037.1,36,2,4038.1,69,5,4038.2,42,1,4038.3,42,1,4038.4,42,1,4038.6,42,1
11483,2026-07-02 11:17:02+05:30,4038.1,3,4046.6,803902,135982.0,152481.0,4100.0,4110.0,4016.1,4092.6,23755725,4501.8,3683.4,4440.0,3288.1,4038.0,89,3,4037.7,2,1,4037.6,22,2,4037.4,28,1,4037.1,29,1,4038.1,69,5,4038.2,42,1,4038.3,42,1,4038.4,42,1,4038.6,42,1
11483,2026-07-02 11:17:03+05:30,4038.0,1,4046.6,803902,135982.0,152481.0,4100.0,4110.0,4016.1,4092.6,23755725,4501.8,3683.4,4440.0,3288.1,4038.0,89,3,4037.7,2,1,4037.6,22,2,4037.4,28,1,4037.1,29,1,4038.1,69,5,4038.2,42,1,4038.3,42,1,4038.4,42,1,4038.6,42,1
11483,2026-07-02 11:17:03+05:30,4038.0,1,4046.6,803903,136052.0,151504.0,4100.0,4110.0,4016.1,4092.6,23755725,4501.8,3683.4,4440.0,3288.1,4038.0,88,3,4037.7,2,1,4037.6,22,2,4037.5,5,1,4037.4,28,1,4038.1,10,5,4038.8,7,1,4038.9,5,1,4039.0,11,1,4039.2,18,1
11483,2026-07-02 11:17:04+05:30,4038.1,9,4046.6,803903,136052.0,151504.0,4100.0,4110.0,4016.1,4092.6,23755725,4501.8,3683.4,4440.0,3288.1,4038.0,88,3,4037.7,2,1,4037.6,22,2,4037.5,5,1,4037.4,28,1,4038.1,10,5,4038.8,7,1,4038.9,5,1,4039.0,11,1,4039.2,18,1
11483,2026-07-02 11:17:04+05:30,4038.1,9,4046.6,803922,136694.0,150961.0,4100.0,4110.0,4016.1,4092.6,23755725,4501.8,3683.4,4440.0,3288.1,4038.0,109,6,4037.9,7,1,4037.8,2,1,4037.7,45,2,4037.6,45,4,4039.3,17,2,4039.5,33,1,4039.6,15,2,4039.7,37,3,4039.8,14,3
11483,2026-07-02 11:17:05+05:30,4038.1,9,4046.6,803922,136713.0,151342.0,4100.0,4110.0,4016.1,4092.6,23755725,4501.8,3683.4,4440.0,3288.1,4038.1,1,1,4038.0,111,7,4037.9,18,2,4037.8,33,1,4037.7,12,1,4039.3,3,1,4039.5,33,1,4039.6,15,2,4039.7,27,2,4039.8,14,3
11483,2026-07-02 11:17:06+05:30,4038.0,9,4046.6,803922,136713.0,151342.0,4100.0,4110.0,4016.1,4092.6,23755725,4501.8,3683.4,4440.0,3288.1,4038.1,1,1,4038.0,111,7,4037.9,18,2,4037.8,33,1,4037.7,12,1,4039.3,3,1,4039.5,33,1,4039.6,15,2,4039.7,27,2,4039.8,14,3
11483,2026-07-02 11:17:06+05:30,4038.0,9,4046.6,804029,136298.0,151546.0,4100.0,4110.0,4016.1,4092.6,23755725,4501.8,3683.4,4440.0,3288.1,4038.0,6,2,4037.6,32,2,4037.5,2,1,4037.4,32,3,4037.3,12,1,4039.2,37,4,4039.3,48,5,4039.4,60,6,4039.5,69,5,4039.6,46,4
11483,2026-07-02 11:17:07+05:30,4039.2,1,4046.6,804029,136298.0,151546.0,4100.0,4110.0,4016.1,4092.6,23755725,4501.8,3683.4,4440.0,3288.1,4038.0,6,2,4037.6,32,2,4037.5,2,1,4037.4,32,3,4037.3,12,1,4039.2,37,4,4039.3,48,5,4039.4,60,6,4039.5,69,5,4039.6,46,4
11483,2026-07-02 11:17:07+05:30,4039.2,1,4046.6,804030,136476.0,151521.0,4100.0,4110.0,4016.1,4092.6,23755725,4501.8,3683.4,4440.0,3288.1,4038.1,1,1,4038.0,5,1,4037.6,32,2,4037.5,14,3,4037.4,30,2,4039.2,23,4,4039.3,34,4,4039.4,60,6,4039.5,69,5,4039.6,46,4
11483,2026-07-02 11:17:08+05:30,4039.4,1,4046.6,804105,136561.0,151510.0,4100.0,4110.0,4016.1,4092.6,23755725,4501.8,3683.4,4440.0,3288.1,4038.1,1,1,4038.0,5,1,4037.7,5,1,4037.6,32,2,4037.5,14,3,4039.3,29,4,4039.4,19,2,4039.5,69,5,4039.6,40,3,4039.7,60,4
11483,2026-07-02 11:17:09+05:30,4039.2,1,4046.6,804105,136561.0,151510.0,4100.0,4110.0,4016.1,4092.6,23755725,4501.8,3683.4,4440.0,3288.1,4038.1,1,1,4038.0,5,1,4037.7,5,1,4037.6,32,2,4037.5,14,3,4039.3,29,4,4039.4,19,2,4039.5,69,5,4039.6,40,3,4039.7,60,4
11483,2026-07-02 11:17:09+05:30,4039.2,1,4046.6,804106,136575.0,151543.0,4100.0,4110.0,4016.1,4092.6,23755725,4501.8,3683.4,4440.0,3288.1,4038.1,1,1,4038.0,5,1,4037.6,32,2,4037.5,12,2,4037.4,32,3,4039.2,17,3,4039.3,30,5,4039.4,31,3,4039.5,80,6,4039.6,40,3
11483,2026-07-02 11:17:10+05:30,4039.2,1,4046.6,804106,136586.0,151544.0,4100.0,4110.0,4016.1,4092.6,23755725,4501.8,3683.4,4440.0,3288.1,4038.1,1,1,4038.0,5,1,4037.6,32,2,4037.5,12,2,4037.4,43,4,4039.2,17,3,4039.3,29,4,4039.4,31,3,4039.5,80,6,4039.6,40,3
11483,2026-07-02 11:17:11+05:30,4039.2,1,4046.6,804106,136457.0,151678.0,4100.0,4110.0,4016.1,4092.6,23755725,4501.8,3683.4,4440.0,3288.1,4038.1,1,1,4038.0,5,1,4037.6,22,2,4037.5,10,1,4037.4,30,2,4038.7,7,2,4039.2,18,4,4039.3,29,4,4039.4,57,4,4039.5,80,6
11483,2026-07-02 11:17:12+05:30,4039.2,1,4046.6,804106,136463.0,151640.0,4100.0,4110.0,4016.1,4092.6,23755725,4501.8,3683.4,4440.0,3288.1,4038.4,1,1,4038.1,1,1,4038.0,5,1,4037.6,22,2,4037.5,10,1,4038.7,7,2,4039.2,18,4,4039.3,29,4,4039.4,57,4,4039.5,47,5
11483,2026-07-02 11:17:13+05:30,4038.7,1,4046.6,804106,136463.0,151640.0,4100.0,4110.0,4016.1,4092.6,23755725,4501.8,3683.4,4440.0,3288.1,4038.4,1,1,4038.1,1,1,4038.0,5,1,4037.6,22,2,4037.5,10,1,4038.7,7,2,4039.2,18,4,4039.3,29,4,4039.4,57,4,4039.5,47,5
11483,2026-07-02 11:17:13+05:30,4038.7,1,4046.6,804107,136469.0,151610.0,4100.0,4110.0,4016.1,4092.6,23755725,4501.8,3683.4,4440.0,3288.1,4038.4,1,1,4038.1,1,1,4038.0,5,1,4037.6,20,1,4037.5,12,2,4038.7,9,4,4038.9,8,1,4039.0,12,1,4039.2,17,3,4039.3,29,4
11483,2026-07-02 11:17:14+05:30,4038.4,4,4046.6,804107,136469.0,151610.0,4100.0,4110.0,4016.1,4092.6,23755725,4501.8,3683.4,4440.0,3288.1,4038.4,1,1,4038.1,1,1,4038.0,5,1,4037.6,20,1,4037.5,12,2,4038.7,9,4,4038.9,8,1,4039.0,12,1,4039.2,17,3,4039.3,29,4
11483,2026-07-02 11:17:14+05:30,4038.4,4,4046.6,804111,136477.0,151639.0,4100.0,4110.0,4016.1,4092.6,23755725,4501.8,3683.4,4440.0,3288.1,4038.1,1,1,4038.0,5,1,4037.6,20,1,4037.5,10,1,4037.4,32,3,4038.7,9,4,4038.9,8,1,4039.0,12,1,4039.2,17,3,4039.3,39,5
11483,2026-07-02 11:17:15+05:30,4038.7,1,4046.6,804111,136477.0,151639.0,4100.0,4110.0,4016.1,4092.6,23755725,4501.8,3683.4,4440.0,3288.1,4038.1,1,1,4038.0,5,1,4037.6,20,1,4037.5,10,1,4037.4,32,3,4038.7,9,4,4038.9,8,1,4039.0,12,1,4039.2,17,3,4039.3,39,5
11483,2026-07-02 11:17:15+05:30,4038.7,1,4046.6,804112,136442.0,151641.0,4100.0,4110.0,4016.1,4092.6,23755725,4501.8,3683.4,4440.0,3288.1,4038.1,1,1,4038.0,5,1,4037.6,20,1,4037.5,10,1,4037.4,32,3,4038.6,19,1,4038.7,8,4,4038.9,8,1,4039.0,12,1,4039.2,17,3
11483,2026-07-02 11:17:16+05:30,4037.6,8,4046.6,804112,136442.0,151641.0,4100.0,4110.0,4016.1,4092.6,23755725,4501.8,3683.4,4440.0,3288.1,4038.1,1,1,4038.0,5,1,4037.6,20,1,4037.5,10,1,4037.4,32,3,4038.6,19,1,4038.7,8,4,4038.9,8,1,4039.0,12,1,4039.2,17,3
11483,2026-07-02 11:17:16+05:30,4037.6,8,4046.6,804128,136347.0,151961.0,4100.0,4110.0,4016.1,4092.6,23755725,4501.8,3683.4,4440.0,3288.1,4037.6,12,1,4037.5,10,1,4037.2,4,2,4037.1,31,2,4037.0,212,2,4038.6,25,3,4038.7,6,2,4038.9,20,2,4039.0,15,1,4039.1,54,3
11483,2026-07-02 11:17:17+05:30,4038.6,3,4046.6,804128,136347.0,151961.0,4100.0,4110.0,4016.1,4092.6,23755725,4501.8,3683.4,4440.0,3288.1,4037.6,12,1,4037.5,10,1,4037.2,4,2,4037.1,31,2,4037.0,212,2,4038.6,25,3,4038.7,6,2,4038.9,20,2,4039.0,15,1,4039.1,54,3
11483,2026-07-02 11:17:17+05:30,4038.5,20,4046.6,804151,136250.0,152121.0,4100.0,4110.0,4016.1,4092.6,23755725,4501.8,3683.4,4440.0,3288.1,4037.6,12,1,4037.5,10,1,4037.2,4,2,4037.1,31,2,4037.0,212,2,4038.5,15,2,4038.6,17,4,4038.7,6,2,4038.9,20,2,4039.0,15,1
11483,2026-07-02 11:17:18+05:30,4037.6,2,4046.6,804151,136250.0,152121.0,4100.0,4110.0,4016.1,4092.6,23755725,4501.8,3683.4,4440.0,3288.1,4037.6,12,1,4037.5,10,1,4037.2,4,2,4037.1,31,2,4037.0,212,2,4038.5,15,2,4038.6,17,4,4038.7,6,2,4038.9,20,2,4039.0,15,1
11483,2026-07-02 11:17:18+05:30,4037.6,2,4046.6,804158,136255.0,152100.0,4100.0,4110.0,4016.1,4092.6,23755725,4501.8,3683.4,4440.0,3288.1,4037.6,10,1,4037.5,10,1,4037.2,4,2,4037.1,31,2,4037.0,212,2,4038.5,13,3,4038.6,16,3,4038.7,5,1,4038.9,20,2,4039.0,15,1
11483,2026-07-02 11:17:19+05:30,4037.6,2,4046.6,804158,136280.0,152097.0,4100.0,4110.0,4016.1,4092.6,23755725,4501.8,3683.4,4440.0,3288.1,4037.6,10,1,4037.5,10,1,4037.2,4,2,4037.1,31,2,4037.0,212,2,4038.5,14,4,4038.6,16,3,4038.7,5,1,4038.9,20,2,4039.0,15,1
11483,2026-07-02 11:17:20+05:30,4038.5,1,4046.6,804158,136280.0,152097.0,4100.0,4110.0,4016.1,4092.6,23755725,4501.8,3683.4,4440.0,3288.1,4037.6,10,1,4037.5,10,1,4037.2,4,2,4037.1,31,2,4037.0,212,2,4038.5,14,4,4038.6,16,3,4038.7,5,1,4038.9,20,2,4039.0,15,1
11483,2026-07-02 11:17:20+05:30,4038.5,1,4046.6,804159,136272.0,152739.0,4100.0,4110.0,4016.1,4092.6,23755725,4501.8,3683.4,4440.0,3288.1,4037.6,10,1,4037.5,10,1,4037.2,4,2,4037.1,31,2,4037.0,212,2,4038.5,13,4,4038.6,16,3,4038.7,5,1,4038.9,20,2,4039.0,15,1
11483,2026-07-02 11:17:21+05:30,4038.0,1,4046.6,804159,136272.0,152739.0,4100.0,4110.0,4016.1,4092.6,23755725,4501.8,3683.4,4440.0,3288.1,4037.6,10,1,4037.5,10,1,4037.2,4,2,4037.1,31,2,4037.0,212,2,4038.5,13,4,4038.6,16,3,4038.7,5,1,4038.9,20,2,4039.0,15,1
11483,2026-07-02 11:17:21+05:30,4038.0,1,4046.6,804163,135836.0,153284.0,4100.0,4110.0,4016.1,4092.6,23755725,4501.8,3683.4,4440.0,3288.1,4037.5,10,1,4037.1,29,1,4037.0,214,3,4036.9,2,1,4036.8,29,1,4038.0,12,2,4038.1,2,1,4038.3,13,1,4038.5,22,4,4038.6,16,3
11483,2026-07-02 11:17:22+05:30,4038.0,1,4046.6,804163,135975.0,153301.0,4100.0,4110.0,4016.1,4092.6,23755725,4501.8,3683.4,4440.0,3288.1,4037.7,1,1,4037.5,10,1,4037.1,31,2,4037.0,214,3,4036.9,2,1,4038.0,6,2,4038.1,2,1,4038.3,13,1,4038.5,21,3,4038.6,16,3
11483,2026-07-02 11:17:23+05:30,4038.0,2,4046.6,804163,135975.0,153301.0,4100.0,4110.0,4016.1,4092.6,23755725,4501.8,3683.4,4440.0,3288.1,4037.7,1,1,4037.5,10,1,4037.1,31,2,4037.0,214,3,4036.9,2,1,4038.0,6,2,4038.1,2,1,4038.3,13,1,4038.5,21,3,4038.6,16,3
11483,2026-07-02 11:17:23+05:30,4037.5,4,4046.6,804177,135201.0,153915.0,4100.0,4110.0,4016.1,4092.6,23755725,4501.8,3683.4,4440.0,3288.1,4037.0,200,1,4036.4,13,1,4036.1,21,2,4036.0,181,8,4035.9,31,1,4037.6,12,2,4037.7,19,3,4037.8,24,3,4037.9,11,2,4038.0,55,8
11483,2026-07-02 11:17:24+05:30,4037.6,3,4046.6,804177,135201.0,153915.0,4100.0,4110.0,4016.1,4092.6,23755725,4501.8,3683.4,4440.0,3288.1,4037.0,200,1,4036.4,13,1,4036.1,21,2,4036.0,181,8,4035.9,31,1,4037.6,12,2,4037.7,19,3,4037.8,24,3,4037.9,11,2,4038.0,55,8
11483,2026-07-02 11:17:24+05:30,4037.0,2,4046.6,804182,135405.0,153822.0,4100.0,4110.0,4016.1,4092.6,23755725,4501.8,3683.4,4440.0,3288.1,4037.0,198,1,4036.4,13,1,4036.1,21,2,4036.0,181,8,4035.9,40,2,4037.6,3,1,4037.7,19,3,4037.8,12,2,4037.9,11,2,4038.0,54,7
11483,2026-07-02 11:17:25+05:30,4037.7,4,4046.6,804182,135405.0,153822.0,4100.0,4110.0,4016.1,4092.6,23755725,4501.8,3683.4,4440.0,3288.1,4037.0,198,1,4036.4,13,1,4036.1,21,2,4036.0,181,8,4035.9,40,2,4037.6,3,1,4037.7,19,3,4037.8,12,2,4037.9,11,2,4038.0,54,7
11483,2026-07-02 11:17:25+05:30,4037.7,4,4046.6,804190,135524.0,153875.0,4100.0,4110.0,4016.1,4092.6,23755725,4501.8,3683.4,4440.0,3288.1,4037.0,198,1,4036.4,13,1,4036.1,31,3,4036.0,181,8,4035.9,31,1,4037.7,22,2,4037.8,12,2,4037.9,23,3,4038.0,54,7,4038.1,20,2
11483,2026-07-02 11:17:26+05:30,4037.7,5,4046.6,804190,135524.0,153875.0,4100.0,4110.0,4016.1,4092.6,23755725,4501.8,3683.4,4440.0,3288.1,4037.0,198,1,4036.4,13,1,4036.1,31,3,4036.0,181,8,4035.9,31,1,4037.7,22,2,4037.8,12,2,4037.9,23,3,4038.0,54,7,4038.1,20,2
11483,2026-07-02 11:17:26+05:30,4037.7,2,4046.6,804211,135865.0,153979.0,4100.0,4110.0,4016.1,4092.6,23755725,4501.8,3683.4,4440.0,3288.1,4037.0,187,1,4036.4,13,1,4036.1,31,3,4036.0,181,8,4035.9,31,1,4037.7,14,3,4037.8,12,2,4037.9,11,2,4038.0,54,7,4038.1,18,1
11483,2026-07-02 11:17:27+05:30,4038.5,3,4046.6,804211,135865.0,153979.0,4100.0,4110.0,4016.1,4092.6,23755725,4501.8,3683.4,4440.0,3288.1,4037.0,187,1,4036.4,13,1,4036.1,31,3,4036.0,181,8,4035.9,31,1,4037.7,14,3,4037.8,12,2,4037.9,11,2,4038.0,54,7,4038.1,18,1
11483,2026-07-02 11:17:27+05:30,4038.5,3,4046.6,804324,136139.0,153343.0,4100.0,4110.0,4016.1,4092.6,23755725,4501.8,3683.4,4440.0,3288.1,4037.1,32,3,4037.0,187,1,4036.9,2,1,4036.8,15,1,4036.7,13,1,4038.3,28,3,4038.5,40,3,4038.6,10,2,4038.7,5,1,4038.8,23,1
11483,2026-07-02 11:17:28+05:30,4037.7,2,4046.6,804324,136139.0,153343.0,4100.0,4110.0,4016.1,4092.6,23755725,4501.8,3683.4,4440.0,3288.1,4037.1,32,3,4037.0,187,1,4036.9,2,1,4036.8,15,1,4036.7,13,1,4038.3,28,3,4038.5,40,3,4038.6,10,2,4038.7,5,1,4038.8,23,1
11483,2026-07-02 11:17:28+05:30,4037.7,7,4046.6,804333,136014.0,153852.0,4100.0,4110.0,4016.1,4092.6,23755725,4501.8,3683.4,4440.0,3288.1,4037.1,20,2,4037.0,189,2,4036.8,15,1,4036.6,9,1,4036.5,2,1,4037.7,1,1,4038.0,17,2,4038.3,20,4,4038.5,40,3,4038.6,10,2
11483,2026-07-02 11:17:29+05:30,4037.1,5,4046.6,804333,136014.0,153852.0,4100.0,4110.0,4016.1,4092.6,23755725,4501.8,3683.4,4440.0,3288.1,4037.1,20,2,4037.0,189,2,4036.8,15,1,4036.6,9,1,4036.5,2,1,4037.7,1,1,4038.0,17,2,4038.3,20,4,4038.5,40,3,4038.6,10,2
11483,2026-07-02 11:17:30+05:30,4037.0,5,4046.6,804345,136035.0,153845.0,4100.0,4110.0,4016.1,4092.6,23755725,4501.8,3683.4,4440.0,3288.1,4037.0,197,3,4036.8,15,1,4036.5,16,1,4036.4,42,3,4036.3,24,2,4037.7,2,2,4038.0,17,2,4038.2,2,1,4038.3,19,3,4038.5,16,2
11483,2026-07-02 11:17:30+05:30,4037.0,5,4046.6,804345,136035.0,153845.0,4100.0,4110.0,4016.1,4092.6,23755725,4501.8,3683.4,4440.0,3288.1,4037.0,197,3,4036.8,15,1,4036.5,16,1,4036.4,42,3,4036.3,24,2,4037.7,2,2,4038.0,17,2,4038.2,2,1,4038.3,19,3,4038.5,16,2
11483,2026-07-02 11:17:31+05:30,4037.7,1,4046.6,804407,135730.0,153869.0,4100.0,4110.0,4016.1,4092.6,23755725,4501.8,3683.4,4440.0,3288.1,4037.0,154,4,4036.5,12,1,4036.4,2,1,4036.3,12,1,4036.2,46,3,4037.4,1,1,4037.7,3,1,4038.0,17,2,4038.3,39,4,4038.5,40,3
11483,2026-07-02 11:17:31+05:30,4037.7,1,4046.6,804407,135730.0,153869.0,4100.0,4110.0,4016.1,4092.6,23755725,4501.8,3683.4,4440.0,3288.1,4037.0,154,4,4036.5,12,1,4036.4,2,1,4036.3,12,1,4036.2,46,3,4037.4,1,1,4037.7,3,1,4038.0,17,2,4038.3,39,4,4038.5,40,3
11483,2026-07-02 11:17:32+05:30,4037.4,1,4046.6,804409,135564.0,153808.0,4100.0,4110.0,4016.1,4092.6,23755725,4501.8,3683.4,4440.0,3288.1,4037.2,1,1,4037.0,154,4,4036.7,11,1,4036.5,14,2,4036.4,16,1,4037.4,1,1,4037.7,3,1,4038.0,17,2,4038.3,61,4,4038.5,16,2
11483,2026-07-02 11:17:32+05:30,4037.4,4,4046.6,804409,135564.0,153808.0,4100.0,4110.0,4016.1,4092.6,23755725,4501.8,3683.4,4440.0,3288.1,4037.2,1,1,4037.0,154,4,4036.7,11,1,4036.5,14,2,4036.4,16,1,4037.4,1,1,4037.7,3,1,4038.0,17,2,4038.3,61,4,4038.5,16,2
11483,2026-07-02 11:17:33+05:30,4037.4,4,4046.6,804413,135577.0,153823.0,4100.0,4110.0,4016.1,4092.6,23755725,4501.8,3683.4,4440.0,3288.1,4037.2,1,1,4037.0,142,3,4036.5,12,1,4036.4,2,1,4036.3,5,1,4037.4,1,1,4037.7,3,1,4038.0,17,2,4038.2,5,1,4038.3,61,4
11483,2026-07-02 11:17:34+05:30,4037.4,4,4046.6,804413,135577.0,153823.0,4100.0,4110.0,4016.1,4092.6,23755725,4501.8,3683.4,4440.0,3288.1,4037.2,1,1,4037.0,142,3,4036.5,12,1,4036.4,2,1,4036.3,5,1,4037.4,1,1,4037.7,3,1,4038.0,17,2,4038.2,5,1,4038.3,61,4
11483,2026-07-02 11:17:34+05:30,4037.4,4,4046.6,804413,135554.0,153816.0,4100.0,4110.0,4016.1,4092.6,23755725,4501.8,3683.4,4440.0,3288.1,4037.2,1,1,4037.0,154,4,4036.7,11,1,4036.5,12,1,4036.4,18,2,4037.4,2,2,4037.7,3,1,4038.0,17,2,4038.2,5,1,4038.3,61,4
11483,2026-07-02 11:17:34+05:30,4037.4,4,4046.6,804413,135554.0,153816.0,4100.0,4110.0,4016.1,4092.6,23755725,4501.8,3683.4,4440.0,3288.1,4037.2,1,1,4037.0,154,4,4036.7,11,1,4036.5,12,1,4036.4,18,2,4037.4,2,2,4037.7,3,1,4038.0,17,2,4038.2,5,1,4038.3,61,4
11483,2026-07-02 11:17:35+05:30,4037.4,4,4046.6,804413,135554.0,153816.0,4100.0,4110.0,4016.1,4092.6,23755725,4501.8,3683.4,4440.0,3288.1,4037.2,1,1,4037.0,154,4,4036.7,11,1,4036.5,12,1,4036.4,18,2,4037.4,2,2,4037.7,3,1,4038.0,17,2,4038.2,5,1,4038.3,61,4
11483,2026-07-02 11:17:35+05:30,4038.0,6,4046.6,804413,135554.0,153816.0,4100.0,4110.0,4016.1,4092.6,23755725,4501.8,3683.4,4440.0,3288.1,4037.2,1,1,4037.0,154,4,4036.7,11,1,4036.5,12,1,4036.4,18,2,4037.4,2,2,4037.7,3,1,4038.0,17,2,4038.2,5,1,4038.3,61,4
11483,2026-07-02 11:17:35+05:30,4038.0,6,4046.6,804444,136620.0,153191.0,4100.0,4110.0,4016.1,4092.6,23755725,4501.8,3683.4,4440.0,3288.1,4038.0,470,1,4037.3,33,4,4037.2,1,1,4037.1,2,1,4037.0,154,4,4038.3,23,1,4038.5,14,1,4038.6,5,1,4038.7,5,1,4038.8,23,1
11483,2026-07-02 11:17:35+05:30,4038.0,6,4046.6,804444,136620.0,153191.0,4100.0,4110.0,4016.1,4092.6,23755725,4501.8,3683.4,4440.0,3288.1,4038.0,470,1,4037.3,33,4,4037.2,1,1,4037.1,2,1,4037.0,154,4,4038.3,23,1,4038.5,14,1,4038.6,5,1,4038.7,5,1,4038.8,23,1
11483,2026-07-02 11:17:36+05:30,4038.0,6,4046.6,804444,136620.0,153191.0,4100.0,4110.0,4016.1,4092.6,23755725,4501.8,3683.4,4440.0,3288.1,4038.0,470,1,4037.3,33,4,4037.2,1,1,4037.1,2,1,4037.0,154,4,4038.3,23,1,4038.5,14,1,4038.6,5,1,4038.7,5,1,4038.8,23,1
11483,2026-07-02 11:17:36+05:30,4038.0,89,4046.6,804444,136620.0,153191.0,4100.0,4110.0,4016.1,4092.6,23755725,4501.8,3683.4,4440.0,3288.1,4038.0,470,1,4037.3,33,4,4037.2,1,1,4037.1,2,1,4037.0,154,4,4038.3,23,1,4038.5,14,1,4038.6,5,1,4038.7,5,1,4038.8,23,1
11483,2026-07-02 11:17:36+05:30,4038.0,89,4046.6,804533,136536.0,153228.0,4100.0,4110.0,4016.1,4092.6,23755725,4501.8,3683.4,4440.0,3288.1,4038.0,381,1,4037.3,31,3,4037.2,1,1,4037.0,154,4,4036.8,12,1,4038.3,23,1,4038.5,14,1,4038.6,5,1,4038.7,5,1,4038.8,23,1
11483,2026-07-02 11:17:36+05:30,4038.0,89,4046.6,804533,136536.0,153228.0,4100.0,4110.0,4016.1,4092.6,23755725,4501.8,3683.4,4440.0,3288.1,4038.0,381,1,4037.3,31,3,4037.2,1,1,4037.0,154,4,4036.8,12,1,4038.3,23,1,4038.5,14,1,4038.6,5,1,4038.7,5,1,4038.8,23,1
11483,2026-07-02 11:17:37+05:30,4038.0,89,4046.6,804533,136536.0,153228.0,4100.0,4110.0,4016.1,4092.6,23755725,4501.8,3683.4,4440.0,3288.1,4038.0,381,1,4037.3,31,3,4037.2,1,1,4037.0,154,4,4036.8,12,1,4038.3,23,1,4038.5,14,1,4038.6,5,1,4038.7,5,1,4038.8,23,1
11483,2026-07-02 11:17:37+05:30,4038.3,19,4046.6,804533,136536.0,153228.0,4100.0,4110.0,4016.1,4092.6,23755725,4501.8,3683.4,4440.0,3288.1,4038.0,381,1,4037.3,31,3,4037.2,1,1,4037.0,154,4,4036.8,12,1,4038.3,23,1,4038.5,14,1,4038.6,5,1,4038.7,5,1,4038.8,23,1
11483,2026-07-02 11:17:37+05:30,4038.3,19,4046.6,804533,136536.0,153228.0,4100.0,4110.0,4016.1,4092.6,23755725,4501.8,3683.4,4440.0,3288.1,4038.0,381,1,4037.3,31,3,4037.2,1,1,4037.0,154,4,4036.8,12,1,4038.3,23,1,4038.5,14,1,4038.6,5,1,4038.7,5,1,4038.8,23,1
11483,2026-07-02 11:17:37+05:30,4038.3,19,4046.6,804555,136545.0,153244.0,4100.0,4110.0,4016.1,4092.6,23755725,4501.8,3683.4,4440.0,3288.1,4038.0,381,1,4037.3,12,1,4037.1,2,1,4037.0,154,4,4036.9,25,2,4038.3,3,3,4038.5,14,1,4038.6,5,1,4038.7,5,1,4038.8,23,1
11483,2026-07-02 11:17:37+05:30,4038.3,19,4046.6,804555,136545.0,153244.0,4100.0,4110.0,4016.1,4092.6,23757650,4501.8,3683.4,4440.0,3288.1,4038.0,381,1,4037.3,12,1,4037.1,2,1,4037.0,154,4,4036.9,25,2,4038.3,3,3,4038.5,14,1,4038.6,5,1,4038.7,5,1,4038.8,23,1
11483,2026-07-02 11:17:38+05:30,4038.3,19,4046.6,804555,136545.0,153244.0,4100.0,4110.0,4016.1,4092.6,23757650,4501.8,3683.4,4440.0,3288.1,4038.0,381,1,4037.3,12,1,4037.1,2,1,4037.0,154,4,4036.9,25,2,4038.3,3,3,4038.5,14,1,4038.6,5,1,4038.7,5,1,4038.8,23,1
11483,2026-07-02 11:17:38+05:30,4038.0,1,4046.6,804555,136545.0,153244.0,4100.0,4110.0,4016.1,4092.6,23757650,4501.8,3683.4,4440.0,3288.1,4038.0,381,1,4037.3,12,1,4037.1,2,1,4037.0,154,4,4036.9,25,2,4038.3,3,3,4038.5,14,1,4038.6,5,1,4038.7,5,1,4038.8,23,1
11483,2026-07-02 11:17:38+05:30,4038.0,1,4046.6,804556,136545.0,153165.0,4100.0,4110.0,4016.1,4092.6,23757650,4501.8,3683.4,4440.0,3288.1,4038.0,380,1,4037.3,12,1,4037.1,3,2,4037.0,156,5,4036.9,23,1,4038.3,3,3,4038.5,14,1,4038.6,5,1,4038.7,5,1,4038.8,23,1
11483,2026-07-02 11:17:38+05:30,4038.0,1,4046.6,804556,136545.0,153165.0,4100.0,4110.0,4016.1,4092.6,23757650,4501.8,3683.4,4440.0,3288.1,4038.0,380,1,4037.3,12,1,4037.1,3,2,4037.0,156,5,4036.9,23,1,4038.3,3,3,4038.5,14,1,4038.6,5,1,4038.7,5,1,4038.8,23,1
11483,2026-07-02 11:17:39+05:30,4038.0,1,4046.6,804556,136545.0,153165.0,4100.0,4110.0,4016.1,4092.6,23757650,4501.8,3683.4,4440.0,3288.1,4038.0,380,1,4037.3,12,1,4037.1,3,2,4037.0,156,5,4036.9,23,1,4038.3,3,3,4038.5,14,1,4038.6,5,1,4038.7,5,1,4038.8,23,1
11483,2026-07-02 11:17:39+05:30,4038.3,1,4046.6,804556,136545.0,153165.0,4100.0,4110.0,4016.1,4092.6,23757650,4501.8,3683.4,4440.0,3288.1,4038.0,380,1,4037.3,12,1,4037.1,3,2,4037.0,156,5,4036.9,23,1,4038.3,3,3,4038.5,14,1,4038.6,5,1,4038.7,5,1,4038.8,23,1
11483,2026-07-02 11:17:39+05:30,4038.3,3,4046.6,804562,136537.0,153068.0,4100.0,4110.0,4016.1,4092.6,23757650,4501.8,3683.4,4440.0,3288.1,4038.0,380,1,4037.3,12,1,4037.1,3,2,4037.0,157,6,4036.9,23,1,4038.3,20,1,4038.5,14,1,4038.6,5,1,4038.7,5,1,4038.8,23,1
11483,2026-07-02 11:17:39+05:30,4038.3,3,4046.6,804562,136537.0,153068.0,4100.0,4110.0,4016.1,4092.6,23757650,4501.8,3683.4,4440.0,3288.1,4038.0,380,1,4037.3,12,1,4037.1,3,2,4037.0,157,6,4036.9,23,1,4038.3,20,1,4038.5,14,1,4038.6,5,1,4038.7,5,1,4038.8,23,1
11483,2026-07-02 11:17:40+05:30,4038.3,3,4046.6,804562,136537.0,153068.0,4100.0,4110.0,4016.1,4092.6,23757650,4501.8,3683.4,4440.0,3288.1,4038.0,380,1,4037.3,12,1,4037.1,3,2,4037.0,157,6,4036.9,23,1,4038.3,20,1,4038.5,14,1,4038.6,5,1,4038.7,5,1,4038.8,23,1
11483,2026-07-02 11:17:40+05:30,4038.3,3,4046.6,804562,136423.0,152688.0,4100.0,4110.0,4016.1,4092.6,23757650,4501.8,3683.4,4440.0,3288.1,4038.0,380,1,4037.2,14,2,4037.1,1,1,4037.0,155,5,4036.9,35,2,4038.3,26,2,4038.5,14,1,4038.6,5,1,4038.7,5,1,4038.8,23,1
11483,2026-07-02 11:17:41+05:30,4038.3,1,4046.6,804562,136423.0,152688.0,4100.0,4110.0,4016.1,4092.6,23757650,4501.8,3683.4,4440.0,3288.1,4038.0,380,1,4037.2,14,2,4037.1,1,1,4037.0,155,5,4036.9,35,2,4038.3,26,2,4038.5,14,1,4038.6,5,1,4038.7,5,1,4038.8,23,1
11483,2026-07-02 11:17:41+05:30,4038.3,1,4046.6,804563,136502.0,152714.0,4100.0,4110.0,4016.1,4092.6,23757650,4501.8,3683.4,4440.0,3288.1,4038.0,380,1,4037.2,18,3,4037.1,1,1,4037.0,155,5,4036.9,35,2,4038.2,1,1,4038.3,25,2,4038.5,14,1,4038.6,5,1,4038.7,5,1
11483,2026-07-02 11:17:42+05:30,4038.3,1,4046.6,804563,136612.0,152726.0,4100.0,4110.0,4016.1,4092.6,23757650,4501.8,3683.4,4440.0,3288.1,4038.1,1,1,4038.0,380,1,4037.2,18,3,4037.1,1,1,4037.0,155,5,4038.2,1,1,4038.3,25,2,4038.5,14,1,4038.6,5,1,4038.7,5,1
11483,2026-07-02 11:17:43+05:30,4038.2,1,4046.6,804563,136612.0,152726.0,4100.0,4110.0,4016.1,4092.6,23757650,4501.8,3683.4,4440.0,3288.1,4038.1,1,1,4038.0,380,1,4037.2,18,3,4037.1,1,1,4037.0,155,5,4038.2,1,1,4038.3,25,2,4038.5,14,1,4038.6,5,1,4038.7,5,1
11483,2026-07-02 11:17:43+05:30,4038.2,1,4046.6,804566,136607.0,152730.0,4100.0,4110.0,4016.1,4092.6,23757650,4501.8,3683.4,4440.0,3288.1,4038.1,1,1,4038.0,380,1,4037.4,10,1,4037.2,18,3,4037.1,1,1,4038.2,1,1,4038.3,25,2,4038.5,14,1,4038.6,5,1,4038.7,5,1
11483,2026-07-02 11:17:44+05:30,4038.0,4,4046.6,804566,136607.0,152730.0,4100.0,4110.0,4016.1,4092.6,23757650,4501.8,3683.4,4440.0,3288.1,4038.1,1,1,4038.0,380,1,4037.4,10,1,4037.2,18,3,4037.1,1,1,4038.2,1,1,4038.3,25,2,4038.5,14,1,4038.6,5,1,4038.7,5,1
11483,2026-07-02 11:17:44+05:30,4038.0,4,4046.6,804582,136418.0,152791.0,4100.0,4110.0,4016.1,4092.6,23757650,4501.8,3683.4,4440.0,3288.1,4038.0,376,1,4037.4,10,1,4037.1,9,2,4037.0,143,4,4036.9,23,1,4038.3,24,2,4038.5,14,1,4038.6,5,1,4038.7,5,1,4038.8,23,1
11483,2026-07-02 11:17:45+05:30,4038.0,129,4046.6,804582,136418.0,152791.0,4100.0,4110.0,4016.1,4092.6,23757650,4501.8,3683.4,4440.0,3288.1,4038.0,376,1,4037.4,10,1,4037.1,9,2,4037.0,143,4,4036.9,23,1,4038.3,24,2,4038.5,14,1,4038.6,5,1,4038.7,5,1,4038.8,23,1
11483,2026-07-02 11:17:45+05:30,4038.0,129,4046.59,804958,135144.0,153924.0,4100.0,4110.0,4016.1,4092.6,23757650,4501.8,3683.4,4440.0,3288.1,4037.4,10,1,4037.1,1,1,4037.0,130,3,4036.1,33,3,4036.0,181,8,4037.7,175,1,4038.0,41,5,4038.2,51,5,4038.3,38,5,4038.4,6,1
11483,2026-07-02 11:17:46+05:30,4037.7,7,4046.59,804958,135144.0,153924.0,4100.0,4110.0,4016.1,4092.6,23757650,4501.8,3683.4,4440.0,3288.1,4037.4,10,1,4037.1,1,1,4037.0,130,3,4036.1,33,3,4036.0,181,8,4037.7,175,1,4038.0,41,5,4038.2,51,5,4038.3,38,5,4038.4,6,1
11483,2026-07-02 11:17:46+05:30,4037.7,7,4046.59,804970,135539.0,154065.0,4100.0,4110.0,4016.1,4092.6,23757650,4501.8,3683.4,4440.0,3288.1,4037.4,10,1,4037.1,1,1,4037.0,130,3,4036.1,33,3,4036.0,201,10,4037.7,166,2,4038.0,40,4,4038.2,32,4,4038.3,37,4,4038.4,32,2
11483,2026-07-02 11:17:47+05:30,4037.7,2,4046.59,804970,135539.0,154065.0,4100.0,4110.0,4016.1,4092.6,23757650,4501.8,3683.4,4440.0,3288.1,4037.4,10,1,4037.1,1,1,4037.0,130,3,4036.1,33,3,4036.0,201,10,4037.7,166,2,4038.0,40,4,4038.2,32,4,4038.3,37,4,4038.4,32,2
11483,2026-07-02 11:17:47+05:30,4037.7,2,4046.59,804973,135434.0,153926.0,4100.0,4110.0,4016.1,4092.6,23757650,4501.8,3683.4,4440.0,3288.1,4037.4,9,1,4037.1,1,1,4037.0,130,3,4036.1,33,3,4036.0,201,10,4037.7,165,3,4038.0,25,3,4038.2,32,4,4038.3,37,4,4038.4,20,1
11483,2026-07-02 11:17:48+05:30,4037.7,2,4046.59,804973,135435.0,153956.0,4100.0,4110.0,4016.1,4092.6,23757650,4501.8,3683.4,4440.0,3288.1,4037.5,1,1,4037.4,9,1,4037.1,1,1,4037.0,130,3,4036.1,33,3,4037.7,165,3,4038.0,25,3,4038.2,32,4,4038.3,37,4,4038.4,20,1
11483,2026-07-02 11:17:49+05:30,4037.7,2,4046.59,804973,135469.0,153977.0,4100.0,4110.0,4016.1,4092.6,23757650,4501.8,3683.4,4440.0,3288.1,4037.5,1,1,4037.4,9,1,4037.1,1,1,4037.0,130,3,4036.1,33,3,4037.7,165,3,4038.0,25,3,4038.2,32,4,4038.3,37,4,4038.4,20,1
11483,2026-07-02 11:17:50+05:30,4037.7,25,4046.59,805002,135545.0,153950.0,4100.0,4110.0,4016.1,4092.6,23757650,4501.8,3683.4,4440.0,3288.1,4037.5,1,1,4037.4,9,1,4037.1,1,1,4037.0,133,4,4036.1,33,3,4037.7,136,3,4038.0,25,3,4038.2,31,3,4038.3,36,3,4038.4,20,1
11483,2026-07-02 11:17:50+05:30,4037.7,25,4046.59,805002,135545.0,153950.0,4100.0,4110.0,4016.1,4092.6,23757650,4501.8,3683.4,4440.0,3288.1,4037.5,1,1,4037.4,9,1,4037.1,1,1,4037.0,133,4,4036.1,33,3,4037.7,136,3,4038.0,25,3,4038.2,31,3,4038.3,36,3,4038.4,20,1
11483,2026-07-02 11:17:51+05:30,4037.7,1,4046.59,805002,135545.0,153950.0,4100.0,4110.0,4016.1,4092.6,23757650,4501.8,3683.4,4440.0,3288.1,4037.4,9,1,4037.1,1,1,4037.0,133,4,4036.8,8,1,4036.4,12,1,4037.6,1,1,4037.7,106,3,4038.0,19,2,4038.2,31,3,4038.3,36,3
11483,2026-07-02 11:17:51+05:30,4037.7,1,4046.59,805032,135541.0,153857.0,4100.0,4110.0,4016.1,4092.6,23757650,4501.8,3683.4,4440.0,3288.1,4037.4,9,1,4037.1,1,1,4037.0,133,4,4036.8,8,1,4036.4,12,1,4037.6,1,1,4037.7,106,3,4038.0,19,2,4038.2,31,3,4038.3,36,3
11483,2026-07-02 11:17:52+05:30,4037.7,1,4046.59,805032,135702.0,153811.0,4100.0,4110.0,4016.1,4092.6,23757650,4501.8,3683.4,4440.0,3288.1,4037.5,1,1,4037.4,9,1,4037.1,1,1,4037.0,133,4,4036.8,8,1,4037.6,1,1,4037.7,102,1,4038.0,19,2,4038.2,31,3,4038.3,36,3
11483,2026-07-02 11:17:53+05:30,4037.7,1,4046.59,805032,135502.0,153787.0,4100.0,4110.0,4016.1,4092.6,23757650,4501.8,3683.4,4440.0,3288.1,4037.5,1,1,4037.4,9,1,4037.1,1,1,4037.0,133,4,4036.4,2,1,4037.6,3,3,4037.7,102,1,4038.0,18,2,4038.2,21,2,4038.3,36,3
11483,2026-07-02 11:17:54+05:30,4037.6,1,4046.59,805033,135641.0,153789.0,4100.0,4110.0,4016.1,4092.6,23757650,4501.8,3683.4,4440.0,3288.1,4037.5,1,1,4037.4,9,1,4037.1,1,1,4037.0,133,4,4036.6,2,1,4037.6,3,3,4037.7,102,1,4038.0,18,2,4038.2,21,2,4038.3,36,3
11483,2026-07-02 11:17:54+05:30,4037.6,1,4046.59,805033,135641.0,153789.0,4100.0,4110.0,4016.1,4092.6,23757650,4501.8,3683.4,4440.0,3288.1,4037.5,1,1,4037.4,9,1,4037.1,1,1,4037.0,133,4,4036.6,2,1,4037.6,3,3,4037.7,102,1,4038.0,18,2,4038.2,21,2,4038.3,36,3
11483,2026-07-02 11:17:55+05:30,4037.6,1,4046.59,805033,135662.0,153784.0,4100.0,4110.0,4016.1,4092.6,23757650,4501.8,3683.4,4440.0,3288.1,4037.5,1,1,4037.4,9,1,4037.1,1,1,4037.0,136,5,4036.7,12,1,4037.6,3,3,4037.7,102,1,4038.0,18,2,4038.2,21,2,4038.3,36,3
11483,2026-07-02 11:17:56+05:30,4037.4,3,4046.59,805045,135646.0,153823.0,4100.0,4110.0,4016.1,4092.6,23757650,4501.8,3683.4,4440.0,3288.1,4037.1,1,1,4037.0,136,5,4036.3,22,1,4036.2,12,1,4036.1,47,3,4037.6,2,2,4037.7,102,1,4038.0,18,2,4038.2,23,3,4038.3,36,3
11483,2026-07-02 11:17:56+05:30,4037.4,3,4046.59,805045,135646.0,153823.0,4100.0,4110.0,4016.1,4092.6,23757650,4501.8,3683.4,4440.0,3288.1,4037.1,1,1,4037.0,136,5,4036.3,22,1,4036.2,12,1,4036.1,47,3,4037.6,2,2,4037.7,102,1,4038.0,18,2,4038.2,23,3,4038.3,36,3
11483,2026-07-02 11:17:57+05:30,4037.7,27,4046.59,805075,135652.0,153786.0,4100.0,4110.0,4016.1,4092.6,23757650,4501.8,3683.4,4440.0,3288.1,4037.1,1,1,4037.0,136,5,4036.4,2,1,4036.3,22,1,4036.2,12,1,4037.6,1,1,4037.7,75,1,4038.0,18,2,4038.2,23,3,4038.3,36,3
11483,2026-07-02 11:17:57+05:30,4037.7,27,4046.59,805075,135652.0,153786.0,4100.0,4110.0,4016.1,4092.6,23757650,4501.8,3683.4,4440.0,3288.1,4037.1,1,1,4037.0,136,5,4036.4,2,1,4036.3,22,1,4036.2,12,1,4037.6,1,1,4037.7,75,1,4038.0,18,2,4038.2,23,3,4038.3,36,3
11483,2026-07-02 11:17:58+05:30,4037.7,27,4046.59,805075,135657.0,153841.0,4100.0,4110.0,4016.1,4092.6,23757650,4501.8,3683.4,4440.0,3288.1,4037.1,1,1,4037.0,136,5,4036.4,2,1,4036.3,22,1,4036.2,12,1,4037.6,1,1,4037.7,135,2,4038.0,18,2,4038.2,23,3,4038.3,36,3
11483,2026-07-02 11:17:59+05:30,4037.0,3,4046.59,805087,135489.0,153829.0,4100.0,4110.0,4016.1,4092.6,23757650,4501.8,3683.4,4440.0,3288.1,4037.0,149,6,4036.3,9,2,4036.2,25,2,4036.1,67,4,4036.0,59,7,4037.7,128,2,4038.0,108,3,4038.2,23,3,4038.3,36,3,4038.4,9,1
11483,2026-07-02 11:17:59+05:30,4037.0,3,4046.59,805087,135489.0,153829.0,4100.0,4110.0,4016.1,4092.6,23757650,4501.8,3683.4,4440.0,3288.1,4037.0,149,6,4036.3,9,2,4036.2,25,2,4036.1,67,4,4036.0,59,7,4037.7,128,2,4038.0,108,3,4038.2,23,3,4038.3,36,3,4038.4,9,1
11483,2026-07-02 11:18:00+05:30,4037.0,1,4046.59,805088,135488.0,153735.0,4100.0,4110.0,4016.1,4092.6,23757650,4501.8,3683.4,4440.0,3288.1,4037.0,148,6,4036.2,13,1,4036.1,49,4,4036.0,68,8,4035.9,43,2,4037.7,131,3,4038.0,129,5,4038.2,23,3,4038.3,56,4,4038.4,9,1
11483,2026-07-02 11:18:00+05:30,4037.0,68,4046.59,805088,135488.0,153735.0,4100.0,4110.0,4016.1,4092.6,23757650,4501.8,3683.4,4440.0,3288.1,4037.0,148,6,4036.2,13,1,4036.1,49,4,4036.0,68,8,4035.9,43,2,4037.7,131,3,4038.0,129,5,4038.2,23,3,4038.3,56,4,4038.4,9,1
11483,2026-07-02 11:18:01+05:30,4038.0,1,4046.59,805220,135705.0,153555.0,4100.0,4110.0,4016.1,4092.6,23757650,4501.8,3683.4,4440.0,3288.1,4037.5,2,2,4037.0,90,7,4036.5,12,1,4036.4,13,1,4036.3,2,1,4037.6,1,1,4037.7,3,1,4038.0,112,4,4038.2,23,3,4038.3,36,3
11483,2026-07-02 11:18:01+05:30,4038.0,1,4046.59,805220,135705.0,153555.0,4100.0,4110.0,4016.1,4092.6,23757650,4501.8,3683.4,4440.0,3288.1,4037.5,2,2,4037.0,90,7,4036.5,12,1,4036.4,13,1,4036.3,2,1,4037.6,1,1,4037.7,3,1,4038.0,112,4,4038.2,23,3,4038.3,36,3
11483,2026-07-02 11:18:02+05:30,4037.0,8,4046.59,805234,135548.0,153566.0,4100.0,4110.0,4016.1,4092.6,23757650,4501.8,3683.4,4440.0,3288.1,4037.3,1,1,4037.0,82,7,4036.5,12,1,4036.3,2,1,4036.2,17,2,4037.6,1,1,4037.7,3,1,4038.0,112,4,4038.2,21,2,4038.3,44,4
11483,2026-07-02 11:18:02+05:30,4037.0,8,4046.59,805234,135548.0,153566.0,4100.0,4110.0,4016.1,4092.6,23757650,4501.8,3683.4,4440.0,3288.1,4037.3,1,1,4037.0,82,7,4036.5,12,1,4036.3,2,1,4036.2,17,2,4037.6,1,1,4037.7,3,1,4038.0,112,4,4038.2,21,2,4038.3,44,4
11483,2026-07-02 11:18:03+05:30,4037.0,8,4046.59,805234,135548.0,153514.0,4100.0,4110.0,4016.1,4092.6,23757650,4501.8,3683.4,4440.0,3288.1,4037.3,1,1,4037.0,82,7,4036.5,12,1,4036.3,2,1,4036.2,17,2,4037.6,3,3,4038.0,112,4,4038.2,21,2,4038.3,44,4,4038.5,39,3
11483,2026-07-02 11:18:04+05:30,4037.0,8,4046.59,805234,135558.0,153514.0,4100.0,4110.0,4016.1,4092.6,23757650,4501.8,3683.4,4440.0,3288.1,4037.3,1,1,4037.0,87,8,4036.5,12,1,4036.3,2,1,4036.2,17,2,4037.6,3,3,4038.0,112,4,4038.2,21,2,4038.3,44,4,4038.5,39,3
11483,2026-07-02 11:18:05+05:30,4037.6,1,4046.59,805235,135561.0,153515.0,4100.0,4110.0,4016.1,4092.6,23757650,4501.8,3683.4,4440.0,3288.1,4037.4,2,1,4037.3,1,1,4037.0,87,8,4036.5,12,1,4036.3,2,1,4037.6,3,3,4038.0,112,4,4038.2,21,2,4038.3,44,4,4038.5,39,3
11483,2026-07-02 11:18:05+05:30,4037.6,1,4046.59,805235,135561.0,153515.0,4100.0,4110.0,4016.1,4092.6,23757650,4501.8,3683.4,4440.0,3288.1,4037.4,2,1,4037.3,1,1,4037.0,87,8,4036.5,12,1,4036.3,2,1,4037.6,3,3,4038.0,112,4,4038.2,21,2,4038.3,44,4,4038.5,39,3
11483,2026-07-02 11:18:06+05:30,4037.6,1,4046.59,805271,135654.0,153506.0,4100.0,4110.0,4016.1,4092.6,23757650,4501.8,3683.4,4440.0,3288.1,4037.6,1,1,4037.4,2,1,4037.3,1,1,4037.0,87,8,4036.5,14,2,4038.0,107,4,4038.2,21,2,4038.3,36,3,4038.5,37,3,4038.6,30,2
11483,2026-07-02 11:18:06+05:30,4037.6,1,4046.59,805271,135654.0,153506.0,4100.0,4110.0,4016.1,4092.6,23757650,4501.8,3683.4,4440.0,3288.1,4037.6,1,1,4037.4,2,1,4037.3,1,1,4037.0,87,8,4036.5,14,2,4038.0,107,4,4038.2,21,2,4038.3,36,3,4038.5,37,3,4038.6,30,2
11483,2026-07-02 11:18:07+05:30,4037.0,2,4046.59,805371,135603.0,153543.0,4100.0,4110.0,4016.1,4092.6,23757650,4501.8,3683.4,4440.0,3288.1,4037.0,22,3,4036.5,12,1,4036.4,13,1,4036.3,2,1,4036.2,17,2,4038.0,109,5,4038.2,21,2,4038.3,36,3,4038.5,72,5,4038.6,30,2
11483,2026-07-02 11:18:07+05:30,4037.0,2,4046.59,805371,135603.0,153543.0,4100.0,4110.0,4016.1,4092.6,23757650,4501.8,3683.4,4440.0,3288.1,4037.0,22,3,4036.5,12,1,4036.4,13,1,4036.3,2,1,4036.2,17,2,4038.0,109,5,4038.2,21,2,4038.3,36,3,4038.5,72,5,4038.6,30,2
11483,2026-07-02 11:18:08+05:30,4037.0,2,4046.59,805371,135670.0,153547.0,4100.0,4110.0,4016.1,4092.6,23757650,4501.8,3683.4,4440.0,3288.1,4037.0,22,3,4036.9,12,1,4036.6,2,1,4036.5,12,1,4036.4,42,2,4038.0,109,5,4038.2,21,2,4038.3,36,3,4038.5,66,4,4038.6,36,3
11483,2026-07-02 11:18:09+05:30,4038.0,2,4046.59,805373,135665.0,153538.0,4100.0,4110.0,4016.1,4092.6,23757650,4501.8,3683.4,4440.0,3288.1,4037.0,22,3,4036.9,12,1,4036.6,2,1,4036.5,12,1,4036.4,42,2,4038.0,107,5,4038.2,21,2,4038.3,36,3,4038.5,66,4,4038.6,36,3
11483,2026-07-02 11:18:09+05:30,4038.0,2,4046.59,805373,135665.0,153538.0,4100.0,4110.0,4016.1,4092.6,23757650,4501.8,3683.4,4440.0,3288.1,4037.0,22,3,4036.9,12,1,4036.6,2,1,4036.5,12,1,4036.4,42,2,4038.0,107,5,4038.2,21,2,4038.3,36,3,4038.5,66,4,4038.6,36,3
11483,2026-07-02 11:18:10+05:30,4038.0,2,4046.59,805373,135647.0,153544.0,4100.0,4110.0,4016.1,4092.6,23757650,4501.8,3683.4,4440.0,3288.1,4037.0,22,3,4036.9,12,1,4036.6,2,1,4036.5,12,1,4036.4,29,1,4038.0,107,5,4038.2,21,2,4038.3,36,3,4038.5,66,4,4038.6,36,3
11483,2026-07-02 11:18:11+05:30,4037.5,4,4046.59,805382,135535.0,153615.0,4100.0,4110.0,4016.1,4092.6,23757650,4501.8,3683.4,4440.0,3288.1,4037.0,22,3,4036.5,12,1,4036.4,18,1,4036.3,2,1,4036.2,69,4,4037.5,2,1,4038.0,102,5,4038.2,21,2,4038.3,36,3,4038.5,43,4
11483,2026-07-02 11:18:11+05:30,4037.5,4,4046.59,805382,135535.0,153615.0,4100.0,4110.0,4016.1,4092.6,23757650,4501.8,3683.4,4440.0,3288.1,4037.0,22,3,4036.5,12,1,4036.4,18,1,4036.3,2,1,4036.2,69,4,4037.5,2,1,4038.0,102,5,4038.2,21,2,4038.3,36,3,4038.5,43,4
11483,2026-07-02 11:18:12+05:30,4037.0,3,4046.59,805389,135516.0,153936.0,4100.0,4110.0,4016.1,4092.6,23757650,4501.8,3683.4,4440.0,3288.1,4037.0,19,3,4036.5,12,1,4036.4,18,1,4036.3,2,1,4036.2,61,3,4037.5,3,2,4038.0,100,4,4038.2,21,2,4038.3,38,4,4038.4,8,1
11483,2026-07-02 11:18:12+05:30,4037.0,3,4046.59,805389,135516.0,153936.0,4100.0,4110.0,4016.1,4092.6,23757650,4501.8,3683.4,4440.0,3288.1,4037.0,19,3,4036.5,12,1,4036.4,18,1,4036.3,2,1,4036.2,61,3,4037.5,3,2,4038.0,100,4,4038.2,21,2,4038.3,38,4,4038.4,8,1
11483,2026-07-02 11:18:13+05:30,4037.0,5,4046.59,805394,135523.0,154011.0,4100.0,4110.0,4016.1,4092.6,23757650,4501.8,3683.4,4440.0,3288.1,4037.0,14,2,4036.5,12,1,4036.4,18,1,4036.3,2,1,4036.2,33,2,4037.5,4,3,4038.0,100,4,4038.2,21,2,4038.3,38,4,4038.4,8,1
11483,2026-07-02 11:18:13+05:30,4037.0,5,4046.59,805394,135523.0,154011.0,4100.0,4110.0,4016.1,4092.6,23757650,4501.8,3683.4,4440.0,3288.1,4037.0,14,2,4036.5,12,1,4036.4,18,1,4036.3,2,1,4036.2,33,2,4037.5,4,3,4038.0,100,4,4038.2,21,2,4038.3,38,4,4038.4,8,1
11483,2026-07-02 11:18:14+05:30,4036.1,1,4046.59,805498,135490.0,153854.0,4100.0,4110.0,4016.1,4092.6,23757650,4501.8,3683.4,4440.0,3288.1,4036.5,58,5,4036.4,23,3,4036.3,47,3,4036.2,36,5,4036.1,42,3,4037.5,1,1,4038.0,59,4,4038.2,39,3,4038.3,54,5,4038.4,8,1
11483,2026-07-02 11:18:14+05:30,4036.1,1,4046.59,805498,135490.0,153854.0,4100.0,4110.0,4016.1,4092.6,23757650,4501.8,3683.4,4440.0,3288.1,4036.5,58,5,4036.4,23,3,4036.3,47,3,4036.2,36,5,4036.1,42,3,4037.5,1,1,4038.0,59,4,4038.2,39,3,4038.3,54,5,4038.4,8,1
11483,2026-07-02 11:18:15+05:30,4036.1,1,4046.59,805498,135822.0,153789.0,4100.0,4110.0,4016.1,4092.6,23757650,4501.8,3683.4,4440.0,3288.1,4037.0,2,1,4036.5,58,5,4036.4,23,3,4036.3,47,3,4036.2,44,6,4037.5,1,1,4038.0,59,4,4038.2,39,3,4038.3,54,5,4038.4,8,1
11483,2026-07-02 11:18:16+05:30,4036.1,1,4046.59,805498,135912.0,153911.0,4100.0,4110.0,4016.1,4092.6,23757650,4501.8,3683.4,4440.0,3288.1,4037.0,2,1,4036.6,2,2,4036.5,58,5,4036.4,11,2,4036.3,47,3,4037.5,1,1,4038.0,59,4,4038.2,39,3,4038.3,54,5,4038.4,8,1
11483,2026-07-02 11:18:17+05:30,4038.0,9,4046.59,805548,135957.0,153926.0,4100.0,4110.0,4016.1,4092.6,23757650,4501.8,3683.4,4440.0,3288.1,4037.0,2,1,4036.6,2,2,4036.5,58,5,4036.4,11,2,4036.3,49,4,4037.5,18,2,4038.0,10,2,4038.2,21,2,4038.3,36,3,4038.5,41,3
11483,2026-07-02 11:18:17+05:30,4038.0,9,4046.59,805548,135957.0,153926.0,4100.0,4110.0,4016.1,4092.6,23757650,4501.8,3683.4,4440.0,3288.1,4037.0,2,1,4036.6,2,2,4036.5,58,5,4036.4,11,2,4036.3,49,4,4037.5,18,2,4038.0,10,2,4038.2,21,2,4038.3,36,3,4038.5,41,3
11483,2026-07-02 11:18:18+05:30,4036.7,49,4046.59,805599,135337.0,153501.0,4100.0,4110.0,4016.1,4092.6,23757650,4501.8,3683.4,4440.0,3288.1,4037.0,12,1,4036.9,21,3,4036.8,4,2,4036.7,4,2,4036.6,20,5,4037.5,18,2,4038.3,18,1,4038.5,23,2,4038.6,38,2,4038.7,17,2
11483,2026-07-02 11:18:18+05:30,4036.7,49,4046.59,805599,135337.0,153501.0,4100.0,4110.0,4016.1,4092.6,23757650,4501.8,3683.4,4440.0,3288.1,4037.0,12,1,4036.9,21,3,4036.8,4,2,4036.7,4,2,4036.6,20,5,4037.5,18,2,4038.3,18,1,4038.5,23,2,4038.6,38,2,4038.7,17,2
11483,2026-07-02 11:18:19+05:30,4037.5,14,4046.59,805599,135337.0,153501.0,4100.0,4110.0,4016.1,4092.6,23757650,4501.8,3683.4,4440.0,3288.1,4037.0,12,1,4036.9,21,3,4036.8,4,2,4036.7,4,2,4036.6,20,5,4037.5,18,2,4038.3,18,1,4038.5,23,2,4038.6,38,2,4038.7,17,2
11483,2026-07-02 11:18:19+05:30,4037.5,14,4046.59,805613,135776.0,153509.0,4100.0,4110.0,4016.1,4092.6,23757650,4501.8,3683.4,4440.0,3288.1,4037.1,12,1,4037.0,10,1,4036.9,3,1,4036.8,4,2,4036.7,12,3,4037.5,4,2,4038.3,18,1,4038.5,5,1,4038.6,13,1,4038.7,17,2
11483,2026-07-02 11:18:20+05:30,4037.5,14,4046.59,805613,135532.0,153516.0,4100.0,4110.0,4016.1,4092.6,23757650,4501.8,3683.4,4440.0,3288.1,4036.8,24,2,4036.7,3,1,4036.6,6,4,4036.5,51,4,4036.4,11,2,4037.5,4,2,4038.2,5,1,4038.3,18,1,4038.5,18,1,4038.6,13,1
11483,2026-07-02 11:18:21+05:30,4035.3,8,4046.59,805613,135532.0,153516.0,4100.0,4110.0,4016.1,4092.6,23757650,4501.8,3683.4,4440.0,3288.1,4036.8,24,2,4036.7,3,1,4036.6,6,4,4036.5,51,4,4036.4,11,2,4037.5,4,2,4038.2,5,1,4038.3,18,1,4038.5,18,1,4038.6,13,1
11483,2026-07-02 11:18:21+05:30,4035.3,8,4046.58,806353,135321.0,153215.0,4100.0,4110.0,4016.1,4092.6,23757650,4501.8,3683.4,4440.0,3288.1,4036.3,32,1,4036.2,33,2,4036.1,29,3,4036.0,71,5,4035.9,24,2,4037.1,1,1,4037.5,4,2,4037.9,18,1,4038.0,15,2,4038.1,28,2
11483,2026-07-02 11:18:22+05:30,4036.3,24,4046.58,806353,135321.0,153215.0,4100.0,4110.0,4016.1,4092.6,23757650,4501.8,3683.4,4440.0,3288.1,4036.3,32,1,4036.2,33,2,4036.1,29,3,4036.0,71,5,4035.9,24,2,4037.1,1,1,4037.5,4,2,4037.9,18,1,4038.0,15,2,4038.1,28,2
11483,2026-07-02 11:18:22+05:30,4036.3,24,4046.58,806377,135497.0,153166.0,4100.0,4110.0,4016.1,4092.6,23757650,4501.8,3683.4,4440.0,3288.1,4036.7,1,1,4036.3,20,2,4036.2,29,2,4036.1,13,2,4036.0,63,4,4037.1,1,1,4037.5,3,1,4037.9,18,1,4038.0,2,1,4038.1,1,1
11483,2026-07-02 11:18:23+05:30,4037.1,2,4046.58,806377,135497.0,153166.0,4100.0,4110.0,4016.1,4092.6,23757650,4501.8,3683.4,4440.0,3288.1,4036.7,1,1,4036.3,20,2,4036.2,29,2,4036.1,13,2,4036.0,63,4,4037.1,1,1,4037.5,3,1,4037.9,18,1,4038.0,2,1,4038.1,1,1
11483,2026-07-02 11:18:23+05:30,4037.1,2,4046.58,806382,135386.0,152929.0,4100.0,4110.0,4016.1,4092.6,23757650,4501.8,3683.4,4440.0,3288.1,4036.7,1,1,4036.3,33,3,4036.2,29,2,4036.1,13,2,4036.0,63,4,4037.1,3,3,4037.5,3,1,4038.1,10,2,4038.2,49,3,4038.3,30,2
11483,2026-07-02 11:18:24+05:30,4037.1,5,4046.58,806382,135386.0,152929.0,4100.0,4110.0,4016.1,4092.6,23757650,4501.8,3683.4,4440.0,3288.1,4036.7,1,1,4036.3,33,3,4036.2,29,2,4036.1,13,2,4036.0,63,4,4037.1,3,3,4037.5,3,1,4038.1,10,2,4038.2,49,3,4038.3,30,2
11483,2026-07-02 11:18:24+05:30,4037.1,5,4046.58,806393,135501.0,152939.0,4100.0,4110.0,4016.1,4092.6,23757650,4501.8,3683.4,4440.0,3288.1,4036.7,1,1,4036.3,20,2,4036.2,21,1,4036.1,29,3,4036.0,63,4,4037.5,3,1,4038.1,10,2,4038.2,31,2,4038.3,30,2,4038.5,18,1
11483,2026-07-02 11:18:25+05:30,4037.1,5,4046.58,806393,135537.0,152947.0,4100.0,4110.0,4016.1,4092.6,23757650,4501.8,3683.4,4440.0,3288.1,4036.7,1,1,4036.3,20,2,4036.2,21,1,4036.1,29,3,4036.0,85,5,4037.5,4,2,4038.2,5,1,4038.3,30,2,4038.4,2,1,4038.5,20,2
11483,2026-07-02 11:18:26+05:30,4037.5,7,4046.57,806428,135698.0,153225.0,4100.0,4110.0,4016.1,4092.6,23757650,4501.8,3683.4,4440.0,3288.1,4036.7,21,3,4036.4,12,1,4036.3,22,2,4036.2,35,2,4036.1,29,3,4037.5,8,2,4038.2,5,1,4038.3,30,2,4038.4,2,1,4038.6,28,3
11483,2026-07-02 11:18:26+05:30,4037.5,7,4046.57,806428,135698.0,153225.0,4100.0,4110.0,4016.1,4092.6,23757650,4501.8,3683.4,4440.0,3288.1,4036.7,21,3,4036.4,12,1,4036.3,22,2,4036.2,35,2,4036.1,29,3,4037.5,8,2,4038.2,5,1,4038.3,30,2,4038.4,2,1,4038.6,28,3
11483,2026-07-02 11:18:27+05:30,4037.0,2,4046.57,806428,135698.0,153225.0,4100.0,4110.0,4016.1,4092.6,23757650,4501.8,3683.4,4440.0,3288.1,4036.7,21,3,4036.4,12,1,4036.3,22,2,4036.2,35,2,4036.1,29,3,4037.5,8,2,4038.2,5,1,4038.3,30,2,4038.4,2,1,4038.6,28,3
11483,2026-07-02 11:18:27+05:30,4037.0,3,4046.57,806433,135694.0,153259.0,4100.0,4110.0,4016.1,4092.6,23757650,4501.8,3683.4,4440.0,3288.1,4036.1,22,3,4036.0,59,4,4035.9,24,2,4035.8,36,2,4035.7,44,4,4037.0,5,1,4037.5,8,2,4037.9,2,1,4038.0,13,1,4038.2,23,2
11483,2026-07-02 11:18:28+05:30,4037.0,2,4046.57,806435,135579.0,153272.0,4100.0,4110.0,4016.1,4092.6,23757650,4501.8,3683.4,4440.0,3288.1,4036.1,22,3,4036.0,59,4,4035.9,24,2,4035.8,36,2,4035.7,36,3,4037.0,4,2,4037.5,7,1,4037.9,2,1,4038.0,13,1,4038.2,25,3
11483,2026-07-02 11:18:28+05:30,4037.0,2,4046.57,806435,135579.0,153272.0,4100.0,4110.0,4016.1,4092.6,23757650,4501.8,3683.4,4440.0,3288.1,4036.1,22,3,4036.0,59,4,4035.9,24,2,4035.8,36,2,4035.7,36,3,4037.0,4,2,4037.5,7,1,4037.9,2,1,4038.0,13,1,4038.2,25,3
11483,2026-07-02 11:18:29+05:30,4036.1,4,4046.57,806435,135579.0,153272.0,4100.0,4110.0,4016.1,4092.6,23757650,4501.8,3683.4,4440.0,3288.1,4036.1,22,3,4036.0,59,4,4035.9,24,2,4035.8,36,2,4035.7,36,3,4037.0,4,2,4037.5,7,1,4037.9,2,1,4038.0,13,1,4038.2,25,3
11483,2026-07-02 11:18:29+05:30,4037.0,1,4046.57,806449,135579.0,153257.0,4100.0,4110.0,4016.1,4092.6,23757650,4501.8,3683.4,4440.0,3288.1,4036.1,17,2,4036.0,70,6,4035.8,57,3,4035.7,21,2,4035.6,17,2,4037.5,3,1,4037.8,10,1,4037.9,27,1,4038.0,13,1,4038.1,4,2
11483,2026-07-02 11:18:30+05:30,4036.1,2,4046.57,806449,135579.0,153257.0,4100.0,4110.0,4016.1,4092.6,23757650,4501.8,3683.4,4440.0,3288.1,4036.1,7,1,4036.0,54,3,4035.8,36,2,4035.7,13,1,4035.5,13,1,4037.4,8,1,4037.5,34,5,4037.6,51,3,4037.7,3,2,4037.8,19,2
11483,2026-07-02 11:18:30+05:30,4036.1,2,4046.57,806459,135418.0,153410.0,4100.0,4110.0,4016.1,4092.6,23757650,4501.8,3683.4,4440.0,3288.1,4036.1,7,1,4036.0,54,3,4035.8,36,2,4035.7,13,1,4035.5,13,1,4037.4,8,1,4037.5,34,5,4037.6,51,3,4037.7,3,2,4037.8,19,2
11483,2026-07-02 11:18:31+05:30,4036.1,1,4046.57,806459,135418.0,153410.0,4100.0,4110.0,4016.1,4092.6,23757650,4501.8,3683.4,4440.0,3288.1,4037.0,50,1,4036.6,2,2,4036.1,6,1,4036.0,57,3,4035.8,26,1,4037.1,82,2,4037.2,42,1,4037.3,42,1,4037.4,42,1,4037.5,22,4
11483,2026-07-02 11:18:31+05:30,4036.1,1,4046.57,806460,135550.0,153602.0,4100.0,4110.0,4016.1,4092.6,23757650,4501.8,3683.4,4440.0,3288.1,4037.0,50,1,4036.6,2,2,4036.1,6,1,4036.0,57,3,4035.8,26,1,4037.1,82,2,4037.2,42,1,4037.3,42,1,4037.4,42,1,4037.5,22,4
11483,2026-07-02 11:18:32+05:30,4037.0,24,4046.57,806460,135550.0,153602.0,4100.0,4110.0,4016.1,4092.6,23757650,4501.8,3683.4,4440.0,3288.1,4037.0,27,2,4036.6,2,2,4036.1,6,1,4036.0,64,4,4035.8,34,2,4037.1,80,3,4037.2,42,1,4037.3,42,1,4037.4,42,1,4037.5,21,3
11483,2026-07-02 11:18:32+05:30,4037.0,24,4046.57,806487,135534.0,153624.0,4100.0,4110.0,4016.1,4092.6,23757650,4501.8,3683.4,4440.0,3288.1,4037.0,27,2,4036.6,2,2,4036.1,6,1,4036.0,64,4,4035.8,34,2,4037.1,80,3,4037.2,42,1,4037.3,42,1,4037.4,42,1,4037.5,21,3
11483,2026-07-02 11:18:33+05:30,4037.0,24,4046.57,806487,135538.0,153624.0,4100.0,4110.0,4016.1,4092.6,23757650,4501.8,3683.4,4440.0,3288.1,4037.0,27,2,4036.6,2,2,4036.1,6,1,4036.0,64,4,4035.8,34,2,4037.1,81,4,4037.2,42,1,4037.3,42,1,4037.4,42,1,4037.5,21,3
11483,2026-07-02 11:18:34+05:30,4037.0,10,4046.57,806497,135637.0,153622.0,4100.0,4110.0,4016.1,4092.6,23757650,4501.8,3683.4,4440.0,3288.1,4037.0,17,2,4036.6,2,2,4036.1,6,1,4036.0,64,4,4035.8,34,2,4037.1,81,4,4037.2,42,1,4037.3,42,1,4037.4,42,1,4037.5,21,3
11483,2026-07-02 11:18:34+05:30,4037.0,10,4046.57,806497,135637.0,153622.0,4100.0,4110.0,4016.1,4092.6,23757650,4501.8,3683.4,4440.0,3288.1,4037.0,17,2,4036.6,2,2,4036.1,6,1,4036.0,64,4,4035.8,34,2,4037.1,81,4,4037.2,42,1,4037.3,42,1,4037.4,42,1,4037.5,21,3
11483,2026-07-02 11:18:34+05:30,4037.0,10,4046.57,806497,135637.0,153622.0,4100.0,4110.0,4016.1,4092.6,23757650,4501.8,3683.4,4440.0,3288.1,4037.0,17,2,4036.6,2,2,4036.1,6,1,4036.0,64,4,4035.8,34,2,4037.1,81,4,4037.2,42,1,4037.3,42,1,4037.4,42,1,4037.5,21,3
11483,2026-07-02 11:18:35+05:30,4037.0,10,4046.57,806497,135637.0,153622.0,4100.0,4110.0,4016.1,4092.6,23757650,4501.8,3683.4,4440.0,3288.1,4037.0,17,2,4036.6,2,2,4036.1,6,1,4036.0,64,4,4035.8,34,2,4037.1,81,4,4037.2,42,1,4037.3,42,1,4037.4,42,1,4037.5,21,3
11483,2026-07-02 11:18:35+05:30,4037.1,5,4046.57,806540,135648.0,153562.0,4100.0,4110.0,4016.1,4092.6,23757650,4501.8,3683.4,4440.0,3288.1,4037.0,17,2,4036.6,2,2,4036.1,6,1,4036.0,64,4,4035.8,34,2,4037.1,38,4,4037.2,42,1,4037.3,42,1,4037.4,42,1,4037.5,21,3
11483,2026-07-02 11:18:35+05:30,4037.1,5,4046.57,806540,135648.0,153562.0,4100.0,4110.0,4016.1,4092.6,23757650,4501.8,3683.4,4440.0,3288.1,4037.0,17,2,4036.6,2,2,4036.1,6,1,4036.0,64,4,4035.8,34,2,4037.1,38,4,4037.2,42,1,4037.3,42,1,4037.4,42,1,4037.5,21,3
11483,2026-07-02 11:18:35+05:30,4037.1,5,4046.57,806540,135648.0,153562.0,4100.0,4110.0,4016.1,4092.6,23757650,4501.8,3683.4,4440.0,3288.1,4037.0,17,2,4036.6,2,2,4036.1,6,1,4036.0,64,4,4035.8,34,2,4037.1,38,4,4037.2,42,1,4037.3,42,1,4037.4,42,1,4037.5,21,3
11483,2026-07-02 11:18:36+05:30,4037.1,5,4046.57,806540,135648.0,153562.0,4100.0,4110.0,4016.1,4092.6,23757650,4501.8,3683.4,4440.0,3288.1,4037.0,17,2,4036.6,2,2,4036.1,6,1,4036.0,64,4,4035.8,34,2,4037.1,38,4,4037.2,42,1,4037.3,42,1,4037.4,42,1,4037.5,21,3
11483,2026-07-02 11:18:36+05:30,4037.0,10,4046.57,806540,135648.0,153562.0,4100.0,4110.0,4016.1,4092.6,23757650,4501.8,3683.4,4440.0,3288.1,4037.0,17,2,4036.6,2,2,4036.1,6,1,4036.0,64,4,4035.8,34,2,4037.1,38,4,4037.2,42,1,4037.3,42,1,4037.4,42,1,4037.5,21,3
11483,2026-07-02 11:18:36+05:30,4037.0,10,4046.57,806550,135635.0,153613.0,4100.0,4110.0,4016.1,4092.6,23757650,4501.8,3683.4,4440.0,3288.1,4037.0,7,2,4036.6,2,2,4036.1,6,1,4036.0,64,4,4035.8,34,2,4037.1,37,3,4037.2,42,1,4037.3,42,1,4037.4,42,1,4037.5,13,2
11483,2026-07-02 11:18:36+05:30,4037.0,10,4046.57,806550,135635.0,153613.0,4100.0,4110.0,4016.1,4092.6,23757650,4501.8,3683.4,4440.0,3288.1,4037.0,7,2,4036.6,2,2,4036.1,6,1,4036.0,64,4,4035.8,34,2,4037.1,37,3,4037.2,42,1,4037.3,42,1,4037.4,42,1,4037.5,13,2
11483,2026-07-02 11:18:37+05:30,4037.0,10,4046.57,806550,135635.0,153613.0,4100.0,4110.0,4016.1,4092.6,23757650,4501.8,3683.4,4440.0,3288.1,4037.0,7,2,4036.6,2,2,4036.1,6,1,4036.0,64,4,4035.8,34,2,4037.1,37,3,4037.2,42,1,4037.3,42,1,4037.4,42,1,4037.5,13,2
11483,2026-07-02 11:18:37+05:30,4037.1,3,4046.57,806550,135635.0,153613.0,4100.0,4110.0,4016.1,4092.6,23757650,4501.8,3683.4,4440.0,3288.1,4037.0,7,2,4036.6,2,2,4036.1,6,1,4036.0,64,4,4035.8,34,2,4037.1,37,3,4037.2,42,1,4037.3,42,1,4037.4,42,1,4037.5,13,2
11483,2026-07-02 11:18:37+05:30,4037.1,3,4046.57,806557,135632.0,153610.0,4100.0,4110.0,4016.1,4092.6,23757650,4501.8,3683.4,4440.0,3288.1,4037.0,6,1,4036.6,2,2,4036.1,6,1,4036.0,64,4,4035.8,34,2,4037.1,30,3,4037.2,42,1,4037.3,42,1,4037.4,42,1,4037.5,13,2
11483,2026-07-02 11:18:37+05:30,4037.1,3,4046.57,806557,135632.0,153610.0,4100.0,4110.0,4016.1,4092.6,23757650,4501.8,3683.4,4440.0,3288.1,4037.0,6,1,4036.6,2,2,4036.1,6,1,4036.0,64,4,4035.8,34,2,4037.1,30,3,4037.2,42,1,4037.3,42,1,4037.4,42,1,4037.5,13,2
11483,2026-07-02 11:18:38+05:30,4037.1,3,4046.57,806557,135632.0,153610.0,4100.0,4110.0,4016.1,4092.6,23757650,4501.8,3683.4,4440.0,3288.1,4037.0,6,1,4036.6,2,2,4036.1,6,1,4036.0,64,4,4035.8,34,2,4037.1,30,3,4037.2,42,1,4037.3,42,1,4037.4,42,1,4037.5,13,2
11483,2026-07-02 11:18:38+05:30,4037.9,4,4046.57,806602,135593.0,153403.0,4100.0,4110.0,4016.1,4092.6,23757650,4501.8,3683.4,4440.0,3288.1,4037.0,6,1,4036.6,2,2,4036.1,6,1,4036.0,25,1,4035.8,64,5,4037.1,1,1,4037.9,2,1,4038.0,14,1,4038.1,2,1,4038.2,46,2
11483,2026-07-02 11:18:38+05:30,4037.9,4,4046.57,806602,135593.0,153403.0,4100.0,4110.0,4016.1,4092.6,23757650,4501.8,3683.4,4440.0,3288.1,4037.0,6,1,4036.6,2,2,4036.1,6,1,4036.0,25,1,4035.8,64,5,4037.1,1,1,4037.9,2,1,4038.0,14,1,4038.1,2,1,4038.2,46,2
11483,2026-07-02 11:18:38+05:30,4037.9,4,4046.57,806602,135593.0,153403.0,4100.0,4110.0,4016.1,4092.6,23757650,4501.8,3683.4,4440.0,3288.1,4037.0,6,1,4036.6,2,2,4036.1,6,1,4036.0,25,1,4035.8,64,5,4037.1,1,1,4037.9,2,1,4038.0,14,1,4038.1,2,1,4038.2,46,2
11483,2026-07-02 11:18:38+05:30,4037.9,4,4046.57,806602,135593.0,153403.0,4100.0,4110.0,4016.1,4092.6,23757650,4501.8,3683.4,4440.0,3288.1,4037.0,6,1,4036.6,2,2,4036.1,6,1,4036.0,25,1,4035.8,64,5,4037.1,1,1,4037.9,2,1,4038.0,14,1,4038.1,2,1,4038.2,46,2
11483,2026-07-02 11:18:39+05:30,4037.9,4,4046.57,806602,135593.0,153403.0,4100.0,4110.0,4016.1,4092.6,23757650,4501.8,3683.4,4440.0,3288.1,4037.0,6,1,4036.6,2,2,4036.1,6,1,4036.0,25,1,4035.8,64,5,4037.1,1,1,4037.9,2,1,4038.0,14,1,4038.1,2,1,4038.2,46,2
11483,2026-07-02 11:18:39+05:30,4037.1,1,4046.57,806604,136447.0,153387.0,4100.0,4110.0,4016.1,4092.6,23757650,4501.8,3683.4,4440.0,3288.1,4037.1,80,2,4037.0,57,3,4036.9,42,1,4036.8,42,1,4036.6,44,3,4038.3,18,1,4038.5,41,2,4038.6,31,2,4038.7,43,3,4038.8,20,1
11483,2026-07-02 11:18:39+05:30,4037.1,1,4046.57,806604,136447.0,153387.0,4100.0,4110.0,4016.1,4092.6,23757650,4501.8,3683.4,4440.0,3288.1,4037.1,80,2,4037.0,57,3,4036.9,42,1,4036.8,42,1,4036.6,44,3,4038.3,18,1,4038.5,41,2,4038.6,31,2,4038.7,43,3,4038.8,20,1
11483,2026-07-02 11:18:39+05:30,4037.1,1,4046.57,806604,136447.0,153387.0,4100.0,4110.0,4016.1,4092.6,23757650,4501.8,3683.4,4440.0,3288.1,4037.1,80,2,4037.0,57,3,4036.9,42,1,4036.8,42,1,4036.6,44,3,4038.3,18,1,4038.5,41,2,4038.6,31,2,4038.7,43,3,4038.8,20,1
11483,2026-07-02 11:18:40+05:30,4037.1,1,4046.57,806604,136794.0,152820.0,4100.0,4110.0,4016.1,4092.6,23757650,4501.8,3683.4,4440.0,3288.1,4037.8,79,1,4037.7,42,1,4037.6,42,1,4037.5,42,1,4037.4,9,1,4038.3,19,2,4038.7,55,3,4038.8,15,1,4038.9,27,2,4039.0,56,3
11483,2026-07-02 11:18:41+05:30,4038.0,5,4046.57,806624,136636.0,152711.0,4100.0,4110.0,4016.1,4092.6,23757650,4501.8,3683.4,4440.0,3288.1,4038.0,27,1,4037.9,42,1,4037.8,42,1,4037.6,42,1,4037.2,9,1,4038.3,14,2,4038.7,41,2,4038.9,34,3,4039.0,68,4,4039.1,5,1
11483,2026-07-02 11:18:41+05:30,4038.0,5,4046.57,806624,136636.0,152711.0,4100.0,4110.0,4016.1,4092.6,23757650,4501.8,3683.4,4440.0,3288.1,4038.0,27,1,4037.9,42,1,4037.8,42,1,4037.6,42,1,4037.2,9,1,4038.3,14,2,4038.7,41,2,4038.9,34,3,4039.0,68,4,4039.1,5,1
11483,2026-07-02 11:18:42+05:30,4038.3,1,4046.57,806625,136866.0,152546.0,4100.0,4110.0,4016.1,4092.6,23757650,4501.8,3683.4,4440.0,3288.1,4038.2,1,1,4038.1,79,1,4038.0,69,2,4037.9,42,1,4037.7,42,1,4038.3,13,2,4038.7,15,1,4038.9,4,1,4039.0,56,3,4039.1,5,1
11483,2026-07-02 11:18:42+05:30,4038.3,1,4046.57,806625,136866.0,152546.0,4100.0,4110.0,4016.1,4092.6,23757650,4501.8,3683.4,4440.0,3288.1,4038.2,1,1,4038.1,79,1,4038.0,69,2,4037.9,42,1,4037.7,42,1,4038.3,13,2,4038.7,15,1,4038.9,4,1,4039.0,56,3,4039.1,5,1
11483,2026-07-02 11:18:43+05:30,4038.1,21,4046.57,806649,136802.0,152689.0,4100.0,4110.0,4016.1,4092.6,23757650,4501.8,3683.4,4440.0,3288.1,4038.1,100,2,4038.0,69,2,4037.8,42,1,4037.2,9,1,4037.0,7,2,4038.3,14,3,4038.4,47,1,4038.7,15,1,4038.9,4,1,4039.0,56,3
11483,2026-07-02 11:18:43+05:30,4038.1,21,4046.57,806649,136802.0,152689.0,4100.0,4110.0,4016.1,4092.6,23757650,4501.8,3683.4,4440.0,3288.1,4038.1,100,2,4038.0,69,2,4037.8,42,1,4037.2,9,1,4037.0,7,2,4038.3,14,3,4038.4,47,1,4038.7,15,1,4038.9,4,1,4039.0,56,3
11483,2026-07-02 11:18:44+05:30,4038.1,4,4046.57,806653,136778.0,152730.0,4100.0,4110.0,4016.1,4092.6,23757650,4501.8,3683.4,4440.0,3288.1,4038.1,96,2,4038.0,69,2,4037.8,42,1,4037.2,9,1,4037.0,7,2,4038.3,14,3,4038.4,47,1,4038.6,7,1,4038.7,27,2,4038.9,4,1
11483,2026-07-02 11:18:44+05:30,4038.1,4,4046.57,806653,136778.0,152730.0,4100.0,4110.0,4016.1,4092.6,23757650,4501.8,3683.4,4440.0,3288.1,4038.1,96,2,4038.0,69,2,4037.8,42,1,4037.2,9,1,4037.0,7,2,4038.3,14,3,4038.4,47,1,4038.6,7,1,4038.7,27,2,4038.9,4,1
11483,2026-07-02 11:18:45+05:30,4038.1,4,4046.57,806653,136813.0,152811.0,4100.0,4110.0,4016.1,4092.6,23757650,4501.8,3683.4,4440.0,3288.1,4038.1,96,2,4038.0,69,2,4037.8,42,1,4037.2,9,1,4037.0,6,1,4038.3,29,5,4038.4,47,1,4038.6,19,2,4038.7,15,1,4038.8,10,1
11483,2026-07-02 11:18:46+05:30,4038.3,1,4046.57,806653,136813.0,152811.0,4100.0,4110.0,4016.1,4092.6,23757650,4501.8,3683.4,4440.0,3288.1,4038.1,96,2,4038.0,69,2,4037.8,42,1,4037.2,9,1,4037.0,6,1,4038.3,29,5,4038.4,47,1,4038.6,19,2,4038.7,15,1,4038.8,10,1
11483,2026-07-02 11:18:46+05:30,4038.3,1,4046.57,806667,136817.0,152725.0,4100.0,4110.0,4016.1,4092.6,23757650,4501.8,3683.4,4440.0,3288.1,4038.1,96,2,4038.0,69,2,4037.8,42,1,4037.2,9,1,4037.0,6,1,4038.3,24,2,4038.4,47,1,4038.6,7,1,4038.7,15,1,4038.8,12,1
11483,2026-07-02 11:18:47+05:30,4038.3,1,4046.57,806667,136827.0,152730.0,4100.0,4110.0,4016.1,4092.6,23757650,4501.8,3683.4,4440.0,3288.1,4038.1,96,2,4038.0,69,2,4037.8,42,1,4037.2,9,1,4037.0,6,1,4038.3,24,2,4038.4,47,1,4038.6,7,1,4038.7,15,1,4038.8,12,1
11483,2026-07-02 11:18:48+05:30,4038.3,1,4046.57,806667,136827.0,152750.0,4100.0,4110.0,4016.1,4092.6,23757650,4501.8,3683.4,4440.0,3288.1,4038.1,96,2,4038.0,69,2,4037.8,42,1,4037.2,9,1,4037.0,6,1,4038.3,24,2,4038.4,47,1,4038.6,7,1,4038.7,15,1,4038.8,12,1
11483,2026-07-02 11:18:49+05:30,4038.3,1,4046.57,806667,136777.0,152763.0,4100.0,4110.0,4016.1,4092.6,23757650,4501.8,3683.4,4440.0,3288.1,4038.1,96,2,4038.0,69,2,4037.8,42,1,4037.0,6,1,4036.7,12,1,4038.3,39,4,4038.4,47,1,4038.5,6,1,4038.6,26,3,4038.7,15,1
11483,2026-07-02 11:18:50+05:30,4038.3,5,4046.57,806667,136777.0,152763.0,4100.0,4110.0,4016.1,4092.6,23757650,4501.8,3683.4,4440.0,3288.1,4038.1,96,2,4038.0,69,2,4037.8,42,1,4037.0,6,1,4036.7,12,1,4038.3,39,4,4038.4,47,1,4038.5,6,1,4038.6,26,3,4038.7,15,1
11483,2026-07-02 11:18:50+05:30,4038.3,1,4046.57,806673,137050.0,152741.0,4100.0,4110.0,4016.1,4092.6,23757650,4501.8,3683.4,4440.0,3288.1,4038.1,96,2,4038.0,69,2,4037.8,42,1,4037.0,6,1,4036.9,9,1,4038.3,33,4,4038.4,47,1,4038.5,6,1,4038.6,26,3,4038.7,15,1
11483,2026-07-02 11:18:51+05:30,4037.8,5,4046.57,806673,137050.0,152741.0,4100.0,4110.0,4016.1,4092.6,23757650,4501.8,3683.4,4440.0,3288.1,4038.1,96,2,4038.0,69,2,4037.8,42,1,4037.0,6,1,4036.9,9,1,4038.3,33,4,4038.4,47,1,4038.5,6,1,4038.6,26,3,4038.7,15,1
11483,2026-07-02 11:18:51+05:30,4037.8,5,4046.57,806880,135720.0,154100.0,4100.0,4110.0,4016.1,4092.6,23757650,4501.8,3683.4,4440.0,3288.1,4037.0,6,1,4036.5,1,1,4036.1,26,2,4036.0,26,2,4035.9,8,1,4037.6,20,2,4037.7,22,3,4037.8,32,4,4037.9,72,8,4038.0,97,9
11483,2026-07-02 11:18:52+05:30,4037.8,5,4046.57,806880,135791.0,153862.0,4100.0,4110.0,4016.1,4092.6,23757650,4501.8,3683.4,4440.0,3288.1,4037.3,1,1,4037.0,6,1,4036.5,9,2,4036.2,5,1,4036.1,26,2,4037.7,7,1,4037.8,5,1,4037.9,42,4,4038.0,77,8,4038.1,65,4
11483,2026-07-02 11:18:53+05:30,4037.8,5,4046.57,806880,135791.0,153850.0,4100.0,4110.0,4016.1,4092.6,23757650,4501.8,3683.4,4440.0,3288.1,4037.3,1,1,4037.0,6,1,4036.5,9,2,4036.2,5,1,4036.1,26,2,4037.7,9,3,4037.8,5,1,4037.9,30,3,4038.0,65,7,4038.1,53,3
11483,2026-07-02 11:18:54+05:30,4037.7,1,4046.57,806880,135791.0,153850.0,4100.0,4110.0,4016.1,4092.6,23757650,4501.8,3683.4,4440.0,3288.1,4037.3,1,1,4037.0,6,1,4036.5,9,2,4036.2,5,1,4036.1,26,2,4037.7,9,3,4037.8,5,1,4037.9,30,3,4038.0,65,7,4038.1,53,3
11483,2026-07-02 11:18:54+05:30,4037.7,1,4046.57,806905,135939.0,153820.0,4100.0,4110.0,4016.1,4092.6,23757650,4501.8,3683.4,4440.0,3288.1,4037.7,1,1,4037.3,1,1,4037.0,6,1,4036.5,8,1,4036.2,5,1,4037.9,69,4,4038.0,65,7,4038.1,53,3,4038.2,35,6,4038.3,48,5
11483,2026-07-02 11:18:55+05:30,4035.4,11,4046.57,807101,135286.0,154424.0,4100.0,4110.0,4016.1,4092.6,23757650,4501.8,3683.4,4440.0,3288.1,4036.0,3,1,4035.9,26,2,4035.8,43,3,4035.6,36,2,4035.4,11,1,4037.5,32,4,4037.6,34,3,4037.7,33,3,4037.8,49,5,4037.9,86,5
11483,2026-07-02 11:18:55+05:30,4035.4,11,4046.57,807101,135286.0,154424.0,4100.0,4110.0,4016.1,4092.6,23757650,4501.8,3683.4,4440.0,3288.1,4036.0,3,1,4035.9,26,2,4035.8,43,3,4035.6,36,2,4035.4,11,1,4037.5,32,4,4037.6,34,3,4037.7,33,3,4037.8,49,5,4037.9,86,5
11483,2026-07-02 11:18:56+05:30,4035.9,4,4046.57,807101,135286.0,154424.0,4100.0,4110.0,4016.1,4092.6,23757650,4501.8,3683.4,4440.0,3288.1,4036.0,3,1,4035.9,26,2,4035.8,43,3,4035.6,36,2,4035.4,11,1,4037.5,32,4,4037.6,34,3,4037.7,33,3,4037.8,49,5,4037.9,86,5
11483,2026-07-02 11:18:56+05:30,4035.9,4,4046.57,807112,135564.0,154217.0,4100.0,4110.0,4016.1,4092.6,23757650,4501.8,3683.4,4440.0,3288.1,4036.2,12,2,4036.1,27,3,4036.0,29,3,4035.9,30,4,4035.8,43,3,4037.3,41,1,4037.9,1,1,4038.0,27,2,4038.1,53,3,4038.2,28,4
11483,2026-07-02 11:18:57+05:30,4035.9,4,4046.57,807112,135564.0,154260.0,4100.0,4110.0,4016.1,4092.6,23757650,4501.8,3683.4,4440.0,3288.1,4036.2,12,2,4036.1,27,3,4036.0,29,3,4035.9,30,4,4035.8,43,3,4037.3,42,2,4037.9,1,1,4038.0,27,2,4038.1,58,4,4038.2,28,4
11483,2026-07-02 11:18:58+05:30,4037.3,1,4046.57,807193,135563.0,154162.0,4100.0,4110.0,4016.1,4092.6,23757650,4501.8,3683.4,4440.0,3288.1,4036.1,37,4,4036.0,15,2,4035.9,3,1,4035.8,64,4,4035.7,37,3,4037.3,2,2,4037.9,28,2,4038.0,46,4,4038.1,53,3,4038.2,34,5
11483,2026-07-02 11:18:58+05:30,4037.3,1,4046.57,807193,135563.0,154162.0,4100.0,4110.0,4016.1,4092.6,23757650,4501.8,3683.4,4440.0,3288.1,4036.1,37,4,4036.0,15,2,4035.9,3,1,4035.8,64,4,4035.7,37,3,4037.3,2,2,4037.9,28,2,4038.0,46,4,4038.1,53,3,4038.2,34,5
11483,2026-07-02 11:18:59+05:30,4035.0,17,4046.57,807193,135563.0,154162.0,4100.0,4110.0,4016.1,4092.6,23757650,4501.8,3683.4,4440.0,3288.1,4036.1,37,4,4036.0,15,2,4035.9,3,1,4035.8,64,4,4035.7,37,3,4037.3,2,2,4037.9,28,2,4038.0,46,4,4038.1,53,3,4038.2,34,5
11483,2026-07-02 11:18:59+05:30,4035.0,17,4046.56,807924,134747.0,154684.0,4100.0,4110.0,4016.1,4092.6,23757650,4501.8,3683.4,4440.0,3288.1,4035.8,12,1,4035.7,23,1,4035.6,34,2,4035.4,12,1,4035.2,13,1,4037.3,24,4,4037.4,21,3,4037.5,41,6,4037.6,34,4,4037.7,67,6
11483,2026-07-02 11:19:00+05:30,4035.0,17,4046.56,807924,134738.0,154694.0,4100.0,4110.0,4016.1,4092.6,23757650,4501.8,3683.4,4440.0,3288.1,4035.8,12,1,4035.6,34,2,4035.4,24,2,4035.2,13,1,4035.1,29,2,4037.3,27,6,4037.4,31,4,4037.5,79,7,4037.6,34,4,4037.7,67,6
11483,2026-07-02 11:19:01+05:30,4036.5,3,4046.56,807929,134485.0,155345.0,4100.0,4110.0,4016.1,4092.6,23757650,4501.8,3683.4,4440.0,3288.1,4035.6,34,2,4035.5,2,2,4035.4,12,1,4035.2,13,1,4035.1,29,2,4036.5,23,3,4037.1,54,5,4037.2,53,6,4037.3,46,7,4037.4,44,5
11483,2026-07-02 11:19:01+05:30,4036.5,3,4046.56,807929,134485.0,155345.0,4100.0,4110.0,4016.1,4092.6,23757650,4501.8,3683.4,4440.0,3288.1,4035.6,34,2,4035.5,2,2,4035.4,12,1,4035.2,13,1,4035.1,29,2,4036.5,23,3,4037.1,54,5,4037.2,53,6,4037.3,46,7,4037.4,44,5
11483,2026-07-02 11:19:02+05:30,4036.5,3,4046.56,807929,134485.0,155396.0,4100.0,4110.0,4016.1,4092.6,23757650,4501.8,3683.4,4440.0,3288.1,4036.0,3,2,4035.6,11,1,4035.5,2,2,4035.4,12,1,4035.2,13,1,4036.5,23,3,4037.1,54,5,4037.2,53,6,4037.3,43,5,4037.4,44,5
11483,2026-07-02 11:19:03+05:30,4036.5,3,4046.56,807929,134485.0,155369.0,4100.0,4110.0,4016.1,4092.6,23757650,4501.8,3683.4,4440.0,3288.1,4036.0,3,2,4035.6,11,1,4035.5,2,2,4035.4,12,1,4035.2,13,1,4036.5,27,5,4037.1,54,5,4037.2,53,6,4037.3,43,5,4037.4,44,5
11483,2026-07-02 11:19:04+05:30,4037.0,7,4046.55,808083,134682.0,154873.0,4100.0,4110.0,4016.1,4092.6,23757650,4501.8,3683.4,4440.0,3288.1,4036.0,3,2,4035.6,11,1,4035.5,2,2,4035.4,12,1,4035.2,13,1,4037.0,32,5,4037.1,37,5,4037.2,35,5,4037.3,54,5,4037.4,43,5
11483,2026-07-02 11:19:04+05:30,4037.0,7,4046.55,808083,134682.0,154873.0,4100.0,4110.0,4016.1,4092.6,23757650,4501.8,3683.4,4440.0,3288.1,4036.0,3,2,4035.6,11,1,4035.5,2,2,4035.4,12,1,4035.2,13,1,4037.0,32,5,4037.1,37,5,4037.2,35,5,4037.3,54,5,4037.4,43,5
11483,2026-07-02 11:19:05+05:30,4037.0,7,4046.55,808083,134687.0,154925.0,4100.0,4110.0,4016.1,4092.6,23757650,4501.8,3683.4,4440.0,3288.1,4036.1,2,1,4036.0,3,2,4035.6,11,1,4035.5,2,2,4035.4,12,1,4037.0,34,6,4037.1,27,4,4037.2,57,6,4037.3,64,6,4037.4,43,5
11483,2026-07-02 11:19:06+05:30,4037.0,2,4046.55,808090,134711.0,154921.0,4100.0,4110.0,4016.1,4092.6,23757650,4501.8,3683.4,4440.0,3288.1,4036.1,2,1,4036.0,3,2,4035.6,11,1,4035.5,2,2,4035.4,12,1,4037.0,29,5,4037.1,27,4,4037.2,57,6,4037.3,64,6,4037.4,43,5
11483,2026-07-02 11:19:06+05:30,4037.0,2,4046.55,808090,134711.0,154921.0,4100.0,4110.0,4016.1,4092.6,23757650,4501.8,3683.4,4440.0,3288.1,4036.1,2,1,4036.0,3,2,4035.6,11,1,4035.5,2,2,4035.4,12,1,4037.0,29,5,4037.1,27,4,4037.2,57,6,4037.3,64,6,4037.4,43,5
11483,2026-07-02 11:19:07+05:30,4037.1,1,4046.55,808122,134452.0,154945.0,4100.0,4110.0,4016.1,4092.6,23757650,4501.8,3683.4,4440.0,3288.1,4036.1,2,1,4036.0,2,1,4035.6,11,1,4035.5,2,2,4035.4,12,1,4036.9,28,3,4037.0,58,5,4037.1,35,4,4037.2,57,6,4037.3,48,5
11483,2026-07-02 11:19:07+05:30,4036.9,1,4046.55,808122,134452.0,154945.0,4100.0,4110.0,4016.1,4092.6,23757650,4501.8,3683.4,4440.0,3288.1,4036.1,2,1,4036.0,2,1,4035.6,11,1,4035.5,2,2,4035.4,12,1,4036.9,28,3,4037.0,58,5,4037.1,35,4,4037.2,57,6,4037.3,48,5
11483,2026-07-02 11:19:08+05:30,4035.5,2,4046.55,808159,134146.0,154982.0,4100.0,4110.0,4016.1,4092.6,23757650,4501.8,3683.4,4440.0,3288.1,4035.2,13,1,4035.1,19,1,4035.0,1054,40,4034.9,24,2,4034.8,12,1,4036.8,19,3,4036.9,52,6,4037.0,53,5,4037.1,42,6,4037.2,43,4
11483,2026-07-02 11:19:08+05:30,4035.5,2,4046.55,808159,134146.0,154982.0,4100.0,4110.0,4016.1,4092.6,23757650,4501.8,3683.4,4440.0,3288.1,4035.2,13,1,4035.1,19,1,4035.0,1054,40,4034.9,24,2,4034.8,12,1,4036.8,19,3,4036.9,52,6,4037.0,53,5,4037.1,42,6,4037.2,43,4
11483,2026-07-02 11:19:08+05:30,4035.5,2,4046.55,808159,134149.0,154960.0,4100.0,4110.0,4016.1,4092.6,23757650,4501.8,3683.4,4440.0,3288.1,4035.2,13,1,4035.1,19,1,4035.0,1056,42,4034.9,24,2,4034.8,12,1,4036.8,19,3,4036.9,52,6,4037.0,53,5,4037.1,36,5,4037.2,43,4
11483,2026-07-02 11:19:09+05:30,4036.8,2,4046.55,808159,134149.0,154960.0,4100.0,4110.0,4016.1,4092.6,23757650,4501.8,3683.4,4440.0,3288.1,4035.2,13,1,4035.1,19,1,4035.0,1056,42,4034.9,24,2,4034.8,12,1,4036.8,19,3,4036.9,52,6,4037.0,53,5,4037.1,36,5,4037.2,43,4
11483,2026-07-02 11:19:09+05:30,4036.8,2,4046.55,808163,134147.0,154754.0,4100.0,4110.0,4016.1,4092.6,23757650,4501.8,3683.4,4440.0,3288.1,4035.2,13,1,4035.1,19,1,4035.0,1061,43,4034.9,18,2,4034.8,12,1,4036.8,16,4,4036.9,51,5,4037.0,53,5,4037.1,36,5,4037.2,43,4
11483,2026-07-02 11:19:10+05:30,4036.8,2,4046.55,808163,134147.0,154754.0,4100.0,4110.0,4016.1,4092.6,23757650,4501.8,3683.4,4440.0,3288.1,4035.2,13,1,4035.1,19,1,4035.0,1061,43,4034.9,18,2,4034.8,12,1,4036.8,16,4,4036.9,51,5,4037.0,53,5,4037.1,36,5,4037.2,43,4
11483,2026-07-02 11:19:10+05:30,4036.8,2,4046.55,808163,134319.0,155120.0,4100.0,4110.0,4016.1,4092.6,23757650,4501.8,3683.4,4440.0,3288.1,4036.5,20,1,4035.3,5,1,4035.2,38,3,4035.0,1053,42,4034.9,24,2,4036.6,19,2,4036.7,22,2,4036.8,14,4,4036.9,14,2,4037.0,311,3
11483,2026-07-02 11:19:11+05:30,4036.5,10,4046.55,808163,134319.0,155120.0,4100.0,4110.0,4016.1,4092.6,23757650,4501.8,3683.4,4440.0,3288.1,4036.5,20,1,4035.3,5,1,4035.2,38,3,4035.0,1053,42,4034.9,24,2,4036.6,19,2,4036.7,22,2,4036.8,14,4,4036.9,14,2,4037.0,311,3
11483,2026-07-02 11:19:11+05:30,4036.0,6,4046.55,808287,134093.0,154680.0,4100.0,4110.0,4016.1,4092.6,23757650,4501.8,3683.4,4440.0,3288.1,4035.4,13,1,4035.3,41,3,4035.2,35,3,4035.0,1073,44,4034.9,18,2,4036.8,2,2,4037.0,329,2,4037.1,12,1,4037.2,25,2,4037.3,22,2
11483,2026-07-02 11:19:12+05:30,4036.5,1,4046.55,808287,134093.0,154680.0,4100.0,4110.0,4016.1,4092.6,23757650,4501.8,3683.4,4440.0,3288.1,4035.4,13,1,4035.3,41,3,4035.2,35,3,4035.0,1073,44,4034.9,18,2,4036.8,2,2,4037.0,329,2,4037.1,12,1,4037.2,25,2,4037.3,22,2
11483,2026-07-02 11:19:12+05:30,4036.8,1,4046.55,808289,134549.0,154511.0,4100.0,4110.0,4016.1,4092.6,23757650,4501.8,3683.4,4440.0,3288.1,4036.5,1,1,4035.4,22,2,4035.3,10,1,4035.2,23,2,4035.1,22,1,4036.8,1,1,4037.0,329,2,4037.1,30,1,4037.2,22,1,4037.3,3,1
11483,2026-07-02 11:19:13+05:30,4036.8,1,4046.55,808289,134549.0,154511.0,4100.0,4110.0,4016.1,4092.6,23757650,4501.8,3683.4,4440.0,3288.1,4036.5,1,1,4035.4,22,2,4035.3,10,1,4035.2,23,2,4035.1,22,1,4036.8,1,1,4037.0,329,2,4037.1,30,1,4037.2,22,1,4037.3,3,1
11483,2026-07-02 11:19:13+05:30,4036.8,1,4046.55,808289,134630.0,154502.0,4100.0,4110.0,4016.1,4092.6,23757650,4501.8,3683.4,4440.0,3288.1,4036.5,1,1,4035.4,53,3,4035.3,10,1,4035.2,23,2,4035.1,22,1,4036.8,2,2,4037.0,329,2,4037.1,30,1,4037.2,22,1,4037.4,27,3
11483,2026-07-02 11:19:14+05:30,4035.4,1,4046.55,808289,134630.0,154502.0,4100.0,4110.0,4016.1,4092.6,23757650,4501.8,3683.4,4440.0,3288.1,4036.5,1,1,4035.4,53,3,4035.3,10,1,4035.2,23,2,4035.1,22,1,4036.8,2,2,4037.0,329,2,4037.1,30,1,4037.2,22,1,4037.4,27,3
11483,2026-07-02 11:19:14+05:30,4035.7,1,4046.55,808295,134688.0,154501.0,4100.0,4110.0,4016.1,4092.6,23757650,4501.8,3683.4,4440.0,3288.1,4035.7,44,4,4035.6,54,4,4035.5,46,3,4035.4,33,2,4035.3,55,3,4036.8,1,1,4037.0,329,2,4037.1,30,1,4037.2,22,1,4037.4,15,2
11483,2026-07-02 11:19:15+05:30,4036.8,1,4046.55,808295,134688.0,154501.0,4100.0,4110.0,4016.1,4092.6,23757650,4501.8,3683.4,4440.0,3288.1,4035.7,44,4,4035.6,54,4,4035.5,46,3,4035.4,33,2,4035.3,55,3,4036.8,1,1,4037.0,329,2,4037.1,30,1,4037.2,22,1,4037.4,15,2
11483,2026-07-02 11:19:15+05:30,4036.8,1,4046.55,808298,134493.0,154563.0,4100.0,4110.0,4016.1,4092.6,23757650,4501.8,3683.4,4440.0,3288.1,4035.7,25,2,4035.6,45,3,4035.5,23,2,4035.4,32,2,4035.3,82,4,4037.0,329,2,4037.1,30,1,4037.2,22,1,4037.3,5,1,4037.4,15,2
11483,2026-07-02 11:19:16+05:30,4037.0,50,4046.55,808298,134493.0,154563.0,4100.0,4110.0,4016.1,4092.6,23757650,4501.8,3683.4,4440.0,3288.1,4035.7,25,2,4035.6,45,3,4035.5,23,2,4035.4,32,2,4035.3,82,4,4037.0,329,2,4037.1,30,1,4037.2,22,1,4037.3,5,1,4037.4,15,2
11483,2026-07-02 11:19:16+05:30,4037.0,50,4046.55,808353,134960.0,154573.0,4100.0,4110.0,4016.1,4092.6,23757650,4501.8,3683.4,4440.0,3288.1,4035.8,10,1,4035.6,13,1,4035.5,23,2,4035.4,18,2,4035.3,42,2,4037.0,282,3,4037.1,32,2,4037.2,22,1,4037.3,5,1,4037.4,37,3
11483,2026-07-02 11:19:17+05:30,4037.0,5,4046.55,808353,134960.0,154573.0,4100.0,4110.0,4016.1,4092.6,23757650,4501.8,3683.4,4440.0,3288.1,4035.8,10,1,4035.6,13,1,4035.5,23,2,4035.4,18,2,4035.3,42,2,4037.0,282,3,4037.1,32,2,4037.2,22,1,4037.3,5,1,4037.4,37,3
11483,2026-07-02 11:19:17+05:30,4037.0,5,4046.55,808363,134448.0,154602.0,4100.0,4110.0,4016.1,4092.6,23757650,4501.8,3683.4,4440.0,3288.1,4035.2,33,3,4035.1,4,1,4035.0,1022,41,4034.8,33,1,4034.7,50,2,4036.9,68,5,4037.0,294,5,4037.1,32,2,4037.2,46,3,4037.3,27,2
11483,2026-07-02 11:19:18+05:30,4037.0,5,4046.55,808363,134664.0,154597.0,4100.0,4110.0,4016.1,4092.6,23757650,4501.8,3683.4,4440.0,3288.1,4035.6,23,2,4035.5,23,2,4035.4,26,2,4035.3,13,1,4035.2,54,4,4036.9,21,3,4037.0,269,3,4037.1,30,1,4037.2,40,2,4037.3,27,2
11483,2026-07-02 11:19:19+05:30,4037.0,5,4046.55,808363,134349.0,154984.0,4100.0,4110.0,4016.1,4092.6,23757650,4501.8,3683.4,4440.0,3288.1,4035.5,1,1,4035.2,21,2,4035.0,1030,42,4034.8,43,2,4034.7,29,1,4036.5,15,3,4036.8,34,2,4036.9,48,4,4037.0,290,5,4037.1,55,3
11483,2026-07-02 11:19:20+05:30,4036.5,1,4046.55,808363,134349.0,154984.0,4100.0,4110.0,4016.1,4092.6,23757650,4501.8,3683.4,4440.0,3288.1,4035.5,1,1,4035.2,21,2,4035.0,1030,42,4034.8,43,2,4034.7,29,1,4036.5,15,3,4036.8,34,2,4036.9,48,4,4037.0,290,5,4037.1,55,3
11483,2026-07-02 11:19:20+05:30,4036.5,1,4046.55,808364,134391.0,154914.0,4100.0,4110.0,4016.1,4092.6,23757650,4501.8,3683.4,4440.0,3288.1,4035.5,1,1,4035.2,21,2,4035.0,1040,43,4034.9,24,1,4034.8,45,2,4036.5,11,2,4036.8,20,1,4036.9,20,2,4037.0,288,4,4037.1,43,2
11483,2026-07-02 11:19:21+05:30,4036.0,5,4046.55,808364,134391.0,154914.0,4100.0,4110.0,4016.1,4092.6,23757650,4501.8,3683.4,4440.0,3288.1,4035.5,1,1,4035.2,21,2,4035.0,1040,43,4034.9,24,1,4034.8,45,2,4036.5,11,2,4036.8,20,1,4036.9,20,2,4037.0,288,4,4037.1,43,2
11483,2026-07-02 11:19:21+05:30,4036.0,5,4046.55,808370,134362.0,154931.0,4100.0,4110.0,4016.1,4092.6,23757650,4501.8,3683.4,4440.0,3288.1,4035.5,1,1,4035.2,21,2,4035.0,1032,42,4034.8,45,2,4034.7,46,2,4036.0,6,2,4036.5,12,3,4036.8,20,1,4036.9,29,3,4037.0,269,3
11483,2026-07-02 11:19:22+05:30,4036.0,5,4046.55,808370,135003.0,154869.0,4100.0,4110.0,4016.1,4092.6,23757650,4501.8,3683.4,4440.0,3288.1,4035.8,230,1,4035.7,1,1,4035.5,1,1,4035.2,33,3,4035.0,1032,42,4036.0,2,2,4036.5,11,2,4036.8,20,1,4036.9,20,2,4037.0,278,4
11483,2026-07-02 11:19:23+05:30,4037.0,16,4046.55,808445,135331.0,154559.0,4100.0,4110.0,4016.1,4092.6,23757650,4501.8,3683.4,4440.0,3288.1,4035.8,230,1,4035.7,1,1,4035.5,1,1,4035.2,41,3,4035.0,841,42,4036.9,27,3,4037.0,253,3,4037.1,30,1,4037.2,22,1,4037.3,63,4
11483,2026-07-02 11:19:24+05:30,4036.9,1,4046.55,808445,135331.0,154559.0,4100.0,4110.0,4016.1,4092.6,23757650,4501.8,3683.4,4440.0,3288.1,4035.8,230,1,4035.7,1,1,4035.5,1,1,4035.2,41,3,4035.0,841,42,4036.9,27,3,4037.0,253,3,4037.1,30,1,4037.2,22,1,4037.3,63,4
11483,2026-07-02 11:19:24+05:30,4036.9,1,4046.55,808446,135379.0,154562.0,4100.0,4110.0,4016.1,4092.6,23757650,4501.8,3683.4,4440.0,3288.1,4035.8,230,1,4035.7,1,1,4035.5,1,1,4035.2,41,3,4035.0,846,43,4036.9,28,5,4037.0,253,3,4037.1,30,1,4037.2,22,1,4037.3,63,4
11483,2026-07-02 11:19:25+05:30,4036.0,1,4046.55,808447,135117.0,154945.0,4100.0,4110.0,4016.1,4092.6,23757650,4501.8,3683.4,4440.0,3288.1,4036.0,1,1,4035.8,230,1,4035.7,1,1,4035.5,1,1,4035.2,31,2,4036.6,35,4,4036.7,16,2,4036.8,20,3,4036.9,56,7,4037.0,253,3
11483,2026-07-02 11:19:26+05:30,4036.6,7,4046.55,808447,135117.0,154945.0,4100.0,4110.0,4016.1,4092.6,23757650,4501.8,3683.4,4440.0,3288.1,4036.0,1,1,4035.8,230,1,4035.7,1,1,4035.5,1,1,4035.2,31,2,4036.6,35,4,4036.7,16,2,4036.8,20,3,4036.9,56,7,4037.0,253,3
11483,2026-07-02 11:19:26+05:30,4036.0,1,4046.55,808455,135130.0,154975.0,4100.0,4110.0,4016.1,4092.6,23757650,4501.8,3683.4,4440.0,3288.1,4035.8,230,1,4035.7,1,1,4035.5,1,1,4035.2,31,2,4035.0,832,41,4036.5,21,3,4036.6,17,4,4036.7,3,1,4036.8,82,5,4036.9,55,6
11483,2026-07-02 11:19:27+05:30,4036.5,2,4046.55,808455,135130.0,154975.0,4100.0,4110.0,4016.1,4092.6,23757650,4501.8,3683.4,4440.0,3288.1,4035.8,230,1,4035.7,1,1,4035.5,1,1,4035.2,31,2,4035.0,832,41,4036.5,21,3,4036.6,17,4,4036.7,3,1,4036.8,82,5,4036.9,55,6
11483,2026-07-02 11:19:27+05:30,4036.5,3,4046.55,808468,135133.0,154931.0,4100.0,4110.0,4016.1,4092.6,23757650,4501.8,3683.4,4440.0,3288.1,4035.8,229,1,4035.5,2,2,4035.2,31,2,4035.0,832,41,4034.9,12,1,4036.5,25,4,4036.6,17,4,4036.7,3,1,4036.8,32,4,4036.9,55,6
11483,2026-07-02 11:19:28+05:30,4036.5,3,4046.55,808468,135133.0,154931.0,4100.0,4110.0,4016.1,4092.6,23757650,4501.8,3683.4,4440.0,3288.1,4035.8,229,1,4035.5,2,2,4035.2,31,2,4035.0,832,41,4034.9,12,1,4036.5,25,4,4036.6,17,4,4036.7,3,1,4036.8,32,4,4036.9,55,6
11483,2026-07-02 11:19:28+05:30,4036.5,7,4046.55,808476,135133.0,154906.0,4100.0,4110.0,4016.1,4092.6,23757650,4501.8,3683.4,4440.0,3288.1,4035.8,228,1,4035.5,2,2,4035.2,31,2,4035.0,832,41,4034.9,12,1,4036.5,6,4,4036.6,10,2,4036.7,3,1,4036.8,32,4,4036.9,55,6
11483,2026-07-02 11:19:29+05:30,4035.8,5,4046.55,808476,135133.0,154906.0,4100.0,4110.0,4016.1,4092.6,23757650,4501.8,3683.4,4440.0,3288.1,4035.8,228,1,4035.5,2,2,4035.2,31,2,4035.0,832,41,4034.9,12,1,4036.5,6,4,4036.6,10,2,4036.7,3,1,4036.8,32,4,4036.9,55,6
11483,2026-07-02 11:19:29+05:30,4035.8,1,4046.55,808492,135135.0,154953.0,4100.0,4110.0,4016.1,4092.6,23757650,4501.8,3683.4,4440.0,3288.1,4035.8,222,1,4035.5,2,2,4035.2,31,2,4035.0,832,41,4034.9,12,1,4036.7,1,1,4036.8,32,4,4036.9,55,6,4037.0,283,4,4037.1,12,1
11483,2026-07-02 11:19:30+05:30,4035.8,1,4046.55,808492,135135.0,154953.0,4100.0,4110.0,4016.1,4092.6,23757650,4501.8,3683.4,4440.0,3288.1,4035.8,222,1,4035.5,2,2,4035.2,31,2,4035.0,832,41,4034.9,12,1,4036.7,1,1,4036.8,32,4,4036.9,55,6,4037.0,283,4,4037.1,12,1
11483,2026-07-02 11:19:30+05:30,4035.8,1,4046.55,808493,135237.0,154999.0,4100.0,4110.0,4016.1,4092.6,23757650,4501.8,3683.4,4440.0,3288.1,4036.3,2,2,4035.8,221,1,4035.5,2,2,4035.2,31,2,4035.0,832,41,4036.7,28,6,4036.8,21,4,4036.9,55,6,4037.0,283,4,4037.1,14,2
11483,2026-07-02 11:19:31+05:30,4036.3,2,4046.55,808493,135237.0,154999.0,4100.0,4110.0,4016.1,4092.6,23757650,4501.8,3683.4,4440.0,3288.1,4036.3,2,2,4035.8,221,1,4035.5,2,2,4035.2,31,2,4035.0,832,41,4036.7,28,6,4036.8,21,4,4036.9,55,6,4037.0,283,4,4037.1,14,2
11483,2026-07-02 11:19:31+05:30,4036.1,124,4046.55,808627,134590.0,159844.0,4100.0,4110.0,4016.1,4092.6,23757650,4501.8,3683.4,4440.0,3288.1,4035.8,221,1,4035.5,2,2,4035.2,31,2,4035.0,832,41,4034.7,29,1,4036.0,4876,1,4036.7,18,4,4036.8,20,3,4036.9,51,6,4037.0,293,5
11483,2026-07-02 11:19:32+05:30,4036.0,3,4046.55,808627,134590.0,159844.0,4100.0,4110.0,4016.1,4092.6,23757650,4501.8,3683.4,4440.0,3288.1,4035.8,221,1,4035.5,2,2,4035.2,31,2,4035.0,832,41,4034.7,29,1,4036.0,4876,1,4036.7,18,4,4036.8,20,3,4036.9,51,6,4037.0,293,5
11483,2026-07-02 11:19:32+05:30,4035.8,193,4046.54,808823,134126.0,159995.0,4100.0,4110.0,4016.1,4092.6,23757650,4501.8,3683.4,4440.0,3288.1,4035.8,28,1,4035.5,2,2,4035.2,20,1,4035.0,832,41,4034.7,29,1,4036.0,4912,4,4036.1,30,1,4036.3,32,3,4036.4,11,2,4036.5,24,3
11483,2026-07-02 11:19:33+05:30,4035.8,193,4046.54,808823,134126.0,159995.0,4100.0,4110.0,4016.1,4092.6,23757650,4501.8,3683.4,4440.0,3288.1,4035.8,28,1,4035.5,2,2,4035.2,20,1,4035.0,832,41,4034.7,29,1,4036.0,4912,4,4036.1,30,1,4036.3,32,3,4036.4,11,2,4036.5,24,3
11483,2026-07-02 11:19:33+05:30,4036.0,1,4046.54,808824,134121.0,159969.0,4100.0,4110.0,4016.1,4092.6,23757650,4501.8,3683.4,4440.0,3288.1,4035.8,28,1,4035.5,2,2,4035.2,20,1,4035.0,857,42,4034.7,29,1,4036.0,4912,5,4036.1,30,1,4036.3,32,3,4036.4,11,2,4036.5,24,3
11483,2026-07-02 11:19:34+05:30,4036.0,1,4046.54,808824,134121.0,159969.0,4100.0,4110.0,4016.1,4092.6,23757650,4501.8,3683.4,4440.0,3288.1,4035.8,28,1,4035.5,2,2,4035.2,20,1,4035.0,857,42,4034.7,29,1,4036.0,4912,5,4036.1,30,1,4036.3,32,3,4036.4,11,2,4036.5,24,3
11483,2026-07-02 11:19:34+05:30,4036.0,1,4046.54,808824,134121.0,159969.0,4100.0,4110.0,4016.1,4092.6,23757650,4501.8,3683.4,4440.0,3288.1,4035.8,28,1,4035.5,2,2,4035.2,20,1,4035.0,857,42,4034.7,29,1,4036.0,4912,5,4036.1,30,1,4036.3,32,3,4036.4,11,2,4036.5,24,3
11483,2026-07-02 11:19:34+05:30,4036.0,1,4046.54,808824,133937.0,160274.0,4100.0,4110.0,4016.1,4092.6,23757650,4501.8,3683.4,4440.0,3288.1,4035.9,2,1,4035.8,28,1,4035.5,2,2,4035.2,20,1,4035.0,857,42,4036.0,4931,7,4036.1,30,1,4036.2,2,1,4036.3,32,3,4036.4,11,2
11483,2026-07-02 11:19:35+05:30,4036.0,1,4046.54,808824,133937.0,160274.0,4100.0,4110.0,4016.1,4092.6,23757650,4501.8,3683.4,4440.0,3288.1,4035.9,2,1,4035.8,28,1,4035.5,2,2,4035.2,20,1,4035.0,857,42,4036.0,4931,7,4036.1,30,1,4036.2,2,1,4036.3,32,3,4036.4,11,2
11483,2026-07-02 11:19:35+05:30,4036.0,1,4046.54,808824,133932.0,160275.0,4100.0,4110.0,4016.1,4092.6,23757650,4501.8,3683.4,4440.0,3288.1,4035.9,2,1,4035.8,28,1,4035.5,2,2,4035.2,20,1,4035.0,857,42,4036.0,4919,6,4036.1,30,1,4036.2,14,2,4036.3,25,2,4036.4,11,2
11483,2026-07-02 11:19:35+05:30,4036.0,1,4046.54,808824,133932.0,160275.0,4100.0,4110.0,4016.1,4092.6,23757650,4501.8,3683.4,4440.0,3288.1,4035.9,2,1,4035.8,28,1,4035.5,2,2,4035.2,20,1,4035.0,857,42,4036.0,4919,6,4036.1,30,1,4036.2,14,2,4036.3,25,2,4036.4,11,2
11483,2026-07-02 11:19:36+05:30,4036.0,1,4046.54,808824,133932.0,160275.0,4100.0,4110.0,4016.1,4092.6,23757650,4501.8,3683.4,4440.0,3288.1,4035.9,2,1,4035.8,28,1,4035.5,2,2,4035.2,20,1,4035.0,857,42,4036.0,4919,6,4036.1,30,1,4036.2,14,2,4036.3,25,2,4036.4,11,2
11483,2026-07-02 11:19:36+05:30,4036.0,1,4046.54,808824,133938.0,160279.0,4100.0,4110.0,4016.1,4092.6,23757650,4501.8,3683.4,4440.0,3288.1,4035.9,2,1,4035.8,28,1,4035.5,2,2,4035.2,20,1,4035.0,857,42,4036.0,4919,6,4036.1,30,1,4036.2,14,2,4036.3,25,2,4036.4,11,2
11483,2026-07-02 11:19:36+05:30,4036.0,1,4046.54,808824,133938.0,160279.0,4100.0,4110.0,4016.1,4092.6,23757650,4501.8,3683.4,4440.0,3288.1,4035.9,2,1,4035.8,28,1,4035.5,2,2,4035.2,20,1,4035.0,857,42,4036.0,4919,6,4036.1,30,1,4036.2,14,2,4036.3,25,2,4036.4,11,2
11483,2026-07-02 11:19:37+05:30,4036.0,1,4046.54,808824,133938.0,160279.0,4100.0,4110.0,4016.1,4092.6,23757650,4501.8,3683.4,4440.0,3288.1,4035.9,2,1,4035.8,28,1,4035.5,2,2,4035.2,20,1,4035.0,857,42,4036.0,4919,6,4036.1,30,1,4036.2,14,2,4036.3,25,2,4036.4,11,2
11483,2026-07-02 11:19:37+05:30,4036.0,1,4046.54,808824,133938.0,160279.0,4100.0,4110.0,4016.1,4092.6,23757650,4501.8,3683.4,4440.0,3288.1,4035.9,2,1,4035.8,28,1,4035.5,2,2,4035.2,20,1,4035.0,857,42,4036.0,4919,6,4036.1,30,1,4036.2,14,2,4036.3,25,2,4036.4,11,2
11483,2026-07-02 11:19:37+05:30,4036.0,1,4046.54,808845,134267.0,160249.0,4100.0,4110.0,4016.1,4092.6,23757650,4501.8,3683.4,4440.0,3288.1,4035.8,28,1,4035.5,2,2,4035.3,2,1,4035.2,20,1,4035.0,857,42,4036.0,4898,6,4036.1,30,1,4036.2,12,1,4036.3,7,1,4036.4,13,3
11483,2026-07-02 11:19:37+05:30,4036.0,1,4046.54,808845,134267.0,160249.0,4100.0,4110.0,4016.1,4092.6,23757650,4501.8,3683.4,4440.0,3288.1,4035.8,28,1,4035.5,2,2,4035.3,2,1,4035.2,20,1,4035.0,857,42,4036.0,4898,6,4036.1,30,1,4036.2,12,1,4036.3,7,1,4036.4,13,3
11483,2026-07-02 11:19:38+05:30,4036.0,1,4046.54,808845,134267.0,160249.0,4100.0,4110.0,4016.1,4092.6,23757650,4501.8,3683.4,4440.0,3288.1,4035.8,28,1,4035.5,2,2,4035.3,2,1,4035.2,20,1,4035.0,857,42,4036.0,4898,6,4036.1,30,1,4036.2,12,1,4036.3,7,1,4036.4,13,3
11483,2026-07-02 11:19:38+05:30,4036.0,1,4046.54,808845,134267.0,160249.0,4100.0,4110.0,4016.1,4092.6,23759925,4501.8,3683.4,4440.0,3288.1,4035.8,28,1,4035.5,2,2,4035.3,2,1,4035.2,20,1,4035.0,857,42,4036.0,4898,6,4036.1,30,1,4036.2,12,1,4036.3,7,1,4036.4,13,3
11483,2026-07-02 11:19:38+05:30,4036.0,7,4046.54,808845,134267.0,160249.0,4100.0,4110.0,4016.1,4092.6,23759925,4501.8,3683.4,4440.0,3288.1,4035.8,28,1,4035.5,2,2,4035.3,2,1,4035.2,20,1,4035.0,857,42,4036.0,4898,6,4036.1,30,1,4036.2,12,1,4036.3,7,1,4036.4,13,3
11483,2026-07-02 11:19:38+05:30,4036.0,7,4046.54,808845,134267.0,160249.0,4100.0,4110.0,4016.1,4092.6,23759925,4501.8,3683.4,4440.0,3288.1,4035.8,28,1,4035.5,2,2,4035.3,2,1,4035.2,20,1,4035.0,857,42,4036.0,4898,6,4036.1,30,1,4036.2,12,1,4036.3,7,1,4036.4,13,3
11483,2026-07-02 11:19:38+05:30,4036.0,1,4046.54,808854,134273.0,160244.0,4100.0,4110.0,4016.1,4092.6,23759925,4501.8,3683.4,4440.0,3288.1,4035.8,27,1,4035.5,2,2,4035.2,20,1,4035.0,857,42,4034.7,38,2,4036.0,4889,5,4036.1,30,1,4036.2,12,1,4036.3,9,2,4036.4,11,2
11483,2026-07-02 11:19:38+05:30,4036.0,1,4046.54,808854,134273.0,160244.0,4100.0,4110.0,4016.1,4092.6,23759925,4501.8,3683.4,4440.0,3288.1,4035.8,27,1,4035.5,2,2,4035.2,20,1,4035.0,857,42,4034.7,38,2,4036.0,4889,5,4036.1,30,1,4036.2,12,1,4036.3,9,2,4036.4,11,2
11483,2026-07-02 11:19:39+05:30,4036.0,1,4046.54,808854,134273.0,160244.0,4100.0,4110.0,4016.1,4092.6,23759925,4501.8,3683.4,4440.0,3288.1,4035.8,27,1,4035.5,2,2,4035.2,20,1,4035.0,857,42,4034.7,38,2,4036.0,4889,5,4036.1,30,1,4036.2,12,1,4036.3,9,2,4036.4,11,2
11483,2026-07-02 11:19:39+05:30,4036.0,40,4046.54,808854,134273.0,160244.0,4100.0,4110.0,4016.1,4092.6,23759925,4501.8,3683.4,4440.0,3288.1,4035.8,27,1,4035.5,2,2,4035.2,20,1,4035.0,857,42,4034.7,38,2,4036.0,4889,5,4036.1,30,1,4036.2,12,1,4036.3,9,2,4036.4,11,2
11483,2026-07-02 11:19:39+05:30,4036.0,40,4046.54,808854,134273.0,160244.0,4100.0,4110.0,4016.1,4092.6,23759925,4501.8,3683.4,4440.0,3288.1,4035.8,27,1,4035.5,2,2,4035.2,20,1,4035.0,857,42,4034.7,38,2,4036.0,4889,5,4036.1,30,1,4036.2,12,1,4036.3,9,2,4036.4,11,2
11483,2026-07-02 11:19:39+05:30,4036.0,40,4046.54,808896,134731.0,160179.0,4100.0,4110.0,4016.1,4092.6,23759925,4501.8,3683.4,4440.0,3288.1,4035.8,27,1,4035.5,2,2,4035.2,20,1,4035.0,857,42,4034.7,38,2,4036.0,4847,5,4036.1,30,1,4036.3,9,2,4036.4,9,1,4036.5,26,4
11483,2026-07-02 11:19:39+05:30,4036.0,40,4046.54,808896,134731.0,160179.0,4100.0,4110.0,4016.1,4092.6,23759925,4501.8,3683.4,4440.0,3288.1,4035.8,27,1,4035.5,2,2,4035.2,20,1,4035.0,857,42,4034.7,38,2,4036.0,4847,5,4036.1,30,1,4036.3,9,2,4036.4,9,1,4036.5,26,4
11483,2026-07-02 11:19:40+05:30,4036.0,40,4046.54,808896,134731.0,160179.0,4100.0,4110.0,4016.1,4092.6,23759925,4501.8,3683.4,4440.0,3288.1,4035.8,27,1,4035.5,2,2,4035.2,20,1,4035.0,857,42,4034.7,38,2,4036.0,4847,5,4036.1,30,1,4036.3,9,2,4036.4,9,1,4036.5,26,4
11483,2026-07-02 11:19:40+05:30,4036.0,40,4046.54,808896,134669.0,160183.0,4100.0,4110.0,4016.1,4092.6,23759925,4501.8,3683.4,4440.0,3288.1,4035.8,27,1,4035.5,2,2,4035.3,25,1,4035.2,20,1,4035.0,857,42,4036.0,4849,5,4036.1,32,2,4036.2,2,1,4036.3,7,1,4036.4,14,2
11483,2026-07-02 11:19:41+05:30,4035.8,13,4046.54,808896,134669.0,160183.0,4100.0,4110.0,4016.1,4092.6,23759925,4501.8,3683.4,4440.0,3288.1,4035.8,27,1,4035.5,2,2,4035.3,25,1,4035.2,20,1,4035.0,857,42,4036.0,4849,5,4036.1,32,2,4036.2,2,1,4036.3,7,1,4036.4,14,2
11483,2026-07-02 11:19:41+05:30,4035.8,13,4046.54,808910,134593.0,160262.0,4100.0,4110.0,4016.1,4092.6,23759925,4501.8,3683.4,4440.0,3288.1,4035.8,13,1,4035.5,2,2,4035.3,25,1,4035.2,20,1,4035.0,857,42,4035.9,1,1,4036.0,4874,8,4036.1,32,2,4036.2,2,1,4036.3,16,2
11483,2026-07-02 11:19:42+05:30,4035.8,13,4046.54,808910,134603.0,160231.0,4100.0,4110.0,4016.1,4092.6,23759925,4501.8,3683.4,4440.0,3288.1,4035.8,14,2,4035.5,2,2,4035.3,25,1,4035.2,20,1,4035.0,857,42,4035.9,1,1,4036.0,4850,7,4036.1,32,2,4036.3,9,2,4036.4,18,1
11483,2026-07-02 11:19:43+05:30,4035.9,2,4046.54,808910,134603.0,160231.0,4100.0,4110.0,4016.1,4092.6,23759925,4501.8,3683.4,4440.0,3288.1,4035.8,14,2,4035.5,2,2,4035.3,25,1,4035.2,20,1,4035.0,857,42,4035.9,1,1,4036.0,4850,7,4036.1,32,2,4036.3,9,2,4036.4,18,1
11483,2026-07-02 11:19:43+05:30,4035.9,2,4046.54,808913,134593.0,160214.0,4100.0,4110.0,4016.1,4092.6,23759925,4501.8,3683.4,4440.0,3288.1,4035.8,14,2,4035.5,2,2,4035.3,25,1,4035.2,20,1,4035.0,857,42,4035.9,3,3,4036.0,4838,6,4036.1,44,3,4036.3,9,2,4036.4,18,1
11483,2026-07-02 11:19:44+05:30,4035.8,4,4046.54,808913,134593.0,160214.0,4100.0,4110.0,4016.1,4092.6,23759925,4501.8,3683.4,4440.0,3288.1,4035.8,14,2,4035.5,2,2,4035.3,25,1,4035.2,20,1,4035.0,857,42,4035.9,3,3,4036.0,4838,6,4036.1,44,3,4036.3,9,2,4036.4,18,1
11483,2026-07-02 11:19:44+05:30,4035.8,4,4046.54,808917,134591.0,160239.0,4100.0,4110.0,4016.1,4092.6,23759925,4501.8,3683.4,4440.0,3288.1,4035.8,10,2,4035.5,2,2,4035.3,25,1,4035.2,20,1,4035.0,857,42,4035.9,26,4,4036.0,4838,6,4036.1,42,2,4036.3,11,3,4036.4,18,1
11483,2026-07-02 11:19:45+05:30,4035.9,1,4046.54,808917,134591.0,160239.0,4100.0,4110.0,4016.1,4092.6,23759925,4501.8,3683.4,4440.0,3288.1,4035.8,10,2,4035.5,2,2,4035.3,25,1,4035.2,20,1,4035.0,857,42,4035.9,26,4,4036.0,4838,6,4036.1,42,2,4036.3,11,3,4036.4,18,1
11483,2026-07-02 11:19:45+05:30,4039.7,30,4046.44,817902,138418.0,149412.0,4100.0,4110.0,4016.1,4092.6,23759925,4501.8,3683.4,4440.0,3288.1,4039.2,96,4,4039.0,23,3,4038.9,31,3,4038.8,22,3,4038.7,32,2,4039.7,30,1,4040.0,785,6,4040.4,12,1,4040.6,5,1,4040.7,12,1
11483,2026-07-02 11:19:46+05:30,4039.7,7,4046.44,817902,138418.0,149412.0,4100.0,4110.0,4016.1,4092.6,23759925,4501.8,3683.4,4440.0,3288.1,4039.2,96,4,4039.0,23,3,4038.9,31,3,4038.8,22,3,4038.7,32,2,4039.7,30,1,4040.0,785,6,4040.4,12,1,4040.6,5,1,4040.7,12,1
11483,2026-07-02 11:19:46+05:30,4039.1,15,4046.44,818017,138922.0,151526.0,4100.0,4110.0,4016.1,4092.6,23759925,4501.8,3683.4,4440.0,3288.1,4039.1,56,3,4038.8,10,1,4038.7,16,1,4038.6,84,3,4038.5,2,1,4039.7,26,2,4040.0,785,6,4040.4,30,2,4040.6,5,1,4040.7,21,2
11483,2026-07-02 11:19:47+05:30,4039.7,3,4046.44,818017,138922.0,151526.0,4100.0,4110.0,4016.1,4092.6,23759925,4501.8,3683.4,4440.0,3288.1,4039.1,56,3,4038.8,10,1,4038.7,16,1,4038.6,84,3,4038.5,2,1,4039.7,26,2,4040.0,785,6,4040.4,30,2,4040.6,5,1,4040.7,21,2
11483,2026-07-02 11:19:47+05:30,4039.3,1,4046.44,818021,139101.0,151701.0,4100.0,4110.0,4016.1,4092.6,23759925,4501.8,3683.4,4440.0,3288.1,4039.3,37,1,4039.2,33,3,4038.9,14,2,4038.8,10,1,4038.7,32,2,4039.7,23,2,4040.0,785,6,4040.4,30,2,4040.6,5,1,4040.7,12,1
11483,2026-07-02 11:19:48+05:30,4039.3,1,4046.44,818021,139101.0,151701.0,4100.0,4110.0,4016.1,4092.6,23759925,4501.8,3683.4,4440.0,3288.1,4039.3,37,1,4039.2,33,3,4038.9,14,2,4038.8,10,1,4038.7,32,2,4039.7,23,2,4040.0,785,6,4040.4,30,2,4040.6,5,1,4040.7,12,1
11483,2026-07-02 11:19:48+05:30,4039.3,1,4046.44,818021,139448.0,151063.0,4100.0,4110.0,4016.1,4092.6,23759925,4501.8,3683.4,4440.0,3288.1,4039.6,55,1,4039.5,28,3,4039.4,51,2,4039.3,24,1,4039.2,20,2,4039.7,23,2,4040.0,785,6,4040.4,12,1,4040.6,5,1,4040.7,12,1
11483,2026-07-02 11:19:49+05:30,4040.0,38,4046.44,818021,139448.0,151063.0,4100.0,4110.0,4016.1,4092.6,23759925,4501.8,3683.4,4440.0,3288.1,4039.6,55,1,4039.5,28,3,4039.4,51,2,4039.3,24,1,4039.2,20,2,4039.7,23,2,4040.0,785,6,4040.4,12,1,4040.6,5,1,4040.7,12,1
11483,2026-07-02 11:19:49+05:30,4040.0,38,4046.43,818099,139433.0,151245.0,4100.0,4110.0,4016.1,4092.6,23759925,4501.8,3683.4,4440.0,3288.1,4039.5,25,3,4039.4,37,1,4039.2,20,2,4039.0,16,1,4038.9,39,3,4040.0,766,7,4040.4,12,1,4040.6,5,1,4040.7,12,1,4040.8,91,3
11483,2026-07-02 11:19:50+05:30,4040.0,38,4046.43,818099,139416.0,151269.0,4100.0,4110.0,4016.1,4092.6,23759925,4501.8,3683.4,4440.0,3288.1,4039.5,22,2,4039.2,20,2,4039.1,14,1,4039.0,16,1,4038.9,39,3,4040.0,785,8,4040.4,12,1,4040.6,5,1,4040.7,12,1,4040.8,91,3
11483,2026-07-02 11:19:51+05:30,4039.7,4,4046.43,818099,139416.0,151269.0,4100.0,4110.0,4016.1,4092.6,23759925,4501.8,3683.4,4440.0,3288.1,4039.5,22,2,4039.2,20,2,4039.1,14,1,4039.0,16,1,4038.9,39,3,4040.0,785,8,4040.4,12,1,4040.6,5,1,4040.7,12,1,4040.8,91,3
11483,2026-07-02 11:19:51+05:30,4039.8,1,4046.43,818104,138214.0,151805.0,4100.0,4110.0,4016.1,4092.6,23759925,4501.8,3683.4,4440.0,3288.1,4038.8,10,1,4038.6,55,1,4038.5,12,1,4038.4,29,1,4038.3,45,2,4039.8,1,1,4040.0,785,8,4040.1,13,1,4040.3,7,1,4040.4,12,1
11483,2026-07-02 11:19:52+05:30,4039.8,1,4046.43,818104,138214.0,151805.0,4100.0,4110.0,4016.1,4092.6,23759925,4501.8,3683.4,4440.0,3288.1,4038.8,10,1,4038.6,55,1,4038.5,12,1,4038.4,29,1,4038.3,45,2,4039.8,1,1,4040.0,785,8,4040.1,13,1,4040.3,7,1,4040.4,12,1
11483,2026-07-02 11:19:52+05:30,4038.6,22,4046.43,818139,138604.0,151664.0,4100.0,4110.0,4016.1,4092.6,23759925,4501.8,3683.4,4440.0,3288.1,4038.6,47,3,4038.4,41,2,4038.3,27,1,4038.2,57,2,4038.1,26,1,4039.8,1,1,4040.0,766,7,4040.4,12,1,4040.6,51,3,4040.7,54,4
11483,2026-07-02 11:19:53+05:30,4039.8,1,4046.43,818139,138604.0,151664.0,4100.0,4110.0,4016.1,4092.6,23759925,4501.8,3683.4,4440.0,3288.1,4038.6,47,3,4038.4,41,2,4038.3,27,1,4038.2,57,2,4038.1,26,1,4039.8,1,1,4040.0,766,7,4040.4,12,1,4040.6,51,3,4040.7,54,4
11483,2026-07-02 11:19:53+05:30,4039.8,1,4046.43,818141,138619.0,152084.0,4100.0,4110.0,4016.1,4092.6,23759925,4501.8,3683.4,4440.0,3288.1,4038.6,47,3,4038.4,41,2,4038.3,27,1,4038.2,57,2,4038.1,41,2,4039.8,3,2,4040.0,766,7,4040.1,13,1,4040.3,38,1,4040.4,12,1
11483,2026-07-02 11:19:54+05:30,4039.8,1,4046.43,818141,138619.0,152084.0,4100.0,4110.0,4016.1,4092.6,23759925,4501.8,3683.4,4440.0,3288.1,4038.6,47,3,4038.4,41,2,4038.3,27,1,4038.2,57,2,4038.1,41,2,4039.8,3,2,4040.0,766,7,4040.1,13,1,4040.3,38,1,4040.4,12,1
11483,2026-07-02 11:19:54+05:30,4039.8,1,4046.43,818142,138744.0,151663.0,4100.0,4110.0,4016.1,4092.6,23759925,4501.8,3683.4,4440.0,3288.1,4038.6,64,5,4038.4,31,2,4038.3,101,4,4038.2,57,2,4038.1,53,2,4039.8,3,3,4040.0,766,7,4040.1,13,1,4040.4,12,1,4040.6,23,2
11483,2026-07-02 11:19:55+05:30,4039.8,1,4046.43,818142,138761.0,151703.0,4100.0,4110.0,4016.1,4092.6,23759925,4501.8,3683.4,4440.0,3288.1,4038.6,64,5,4038.4,48,3,4038.3,101,4,4038.2,57,2,4038.1,53,2,4039.8,4,4,4040.0,766,7,4040.1,13,1,4040.4,12,1,4040.6,23,2
11483,2026-07-02 11:19:56+05:30,4038.7,2,4046.43,818142,138761.0,151703.0,4100.0,4110.0,4016.1,4092.6,23759925,4501.8,3683.4,4440.0,3288.1,4038.6,64,5,4038.4,48,3,4038.3,101,4,4038.2,57,2,4038.1,53,2,4039.8,4,4,4040.0,766,7,4040.1,13,1,4040.4,12,1,4040.6,23,2
11483,2026-07-02 11:19:56+05:30,4038.7,2,4046.43,818154,138741.0,151992.0,4100.0,4110.0,4016.1,4092.6,23759925,4501.8,3683.4,4440.0,3288.1,4038.7,19,3,4038.6,41,3,4038.4,48,3,4038.3,101,4,4038.2,57,2,4039.8,1,1,4040.0,766,7,4040.1,13,1,4040.4,12,1,4040.6,23,2
11483,2026-07-02 11:19:57+05:30,4038.7,2,4046.43,818154,138805.0,151950.0,4100.0,4110.0,4016.1,4092.6,23759925,4501.8,3683.4,4440.0,3288.1,4038.7,19,3,4038.6,41,3,4038.4,31,2,4038.3,101,4,4038.2,57,2,4039.8,1,1,4040.0,766,7,4040.1,13,1,4040.4,12,1,4040.6,23,2
11483,2026-07-02 11:19:58+05:30,4040.0,7,4046.43,818171,138596.0,151938.0,4100.0,4110.0,4016.1,4092.6,23759925,4501.8,3683.4,4440.0,3288.1,4038.8,15,2,4038.6,8,2,4038.5,38,1,4038.4,29,1,4038.3,36,2,4040.0,759,7,4040.4,13,1,4040.5,7,1,4040.6,28,3,4040.7,17,2
11483,2026-07-02 11:19:59+05:30,4038.8,5,4046.43,818171,138596.0,151938.0,4100.0,4110.0,4016.1,4092.6,23759925,4501.8,3683.4,4440.0,3288.1,4038.8,15,2,4038.6,8,2,4038.5,38,1,4038.4,29,1,4038.3,36,2,4040.0,759,7,4040.4,13,1,4040.5,7,1,4040.6,28,3,4040.7,17,2
11483,2026-07-02 11:19:59+05:30,4038.8,5,4046.43,818176,138956.0,151965.0,4100.0,4110.0,4016.1,4092.6,23759925,4501.8,3683.4,4440.0,3288.1,4038.8,10,2,4038.6,32,3,4038.5,38,1,4038.4,29,1,4038.3,38,3,4040.0,777,8,4040.4,13,1,4040.5,7,1,4040.6,28,3,4040.7,23,3
11483,2026-07-02 11:20:00+05:30,4038.8,5,4046.43,818176,138990.0,151960.0,4100.0,4110.0,4016.1,4092.6,23759925,4501.8,3683.4,4440.0,3288.1,4038.8,13,3,4038.6,32,3,4038.5,38,1,4038.4,62,3,4038.3,36,2,4040.0,777,8,4040.4,13,1,4040.5,7,1,4040.6,28,3,4040.7,17,2
11483,2026-07-02 11:20:01+05:30,4038.8,5,4046.43,818176,139622.0,152098.0,4100.0,4110.0,4016.1,4092.6,23759925,4501.8,3683.4,4440.0,3288.1,4039.3,9,3,4039.2,12,1,4038.9,12,1,4038.8,3,1,4038.7,20,1,4039.7,1,1,4040.0,777,8,4040.4,13,1,4040.6,28,3,4040.7,17,2
11483,2026-07-02 11:20:02+05:30,4038.8,5,4046.43,818176,139664.0,152053.0,4100.0,4110.0,4016.1,4092.6,23759925,4501.8,3683.4,4440.0,3288.1,4039.5,17,4,4039.3,2,2,4039.2,24,2,4038.9,12,1,4038.8,3,1,4039.7,1,1,4040.0,759,7,4040.4,13,1,4040.6,28,3,4040.7,17,2
11483,2026-07-02 11:20:03+05:30,4039.5,1,4046.43,818177,139540.0,152088.0,4100.0,4110.0,4016.1,4092.6,23759925,4501.8,3683.4,4440.0,3288.1,4039.5,9,3,4039.3,2,2,4038.9,12,1,4038.8,3,1,4038.7,23,2,4039.7,3,3,4040.0,759,7,4040.4,13,1,4040.6,28,3,4040.7,17,2
11483,2026-07-02 11:20:04+05:30,4039.5,1,4046.43,818177,139540.0,152088.0,4100.0,4110.0,4016.1,4092.6,23759925,4501.8,3683.4,4440.0,3288.1,4039.5,9,3,4039.3,2,2,4038.9,12,1,4038.8,3,1,4038.7,23,2,4039.7,3,3,4040.0,759,7,4040.4,13,1,4040.6,28,3,4040.7,17,2
11483,2026-07-02 11:20:04+05:30,4039.5,1,4046.43,818177,139455.0,152015.0,4100.0,4110.0,4016.1,4092.6,23759925,4501.8,3683.4,4440.0,3288.1,4039.6,2,1,4039.5,9,3,4039.3,2,2,4039.2,30,1,4038.8,3,1,4039.7,3,3,4040.0,759,7,4040.4,13,1,4040.6,28,3,4040.7,17,2
11483,2026-07-02 11:20:05+05:30,4039.7,1,4046.43,818178,139480.0,151663.0,4100.0,4110.0,4016.1,4092.6,23759925,4501.8,3683.4,4440.0,3288.1,4039.6,2,1,4039.5,8,2,4039.3,2,2,4039.2,30,1,4038.7,3,1,4039.7,3,3,4040.0,759,7,4040.4,13,1,4040.6,28,3,4040.7,17,2
11483,2026-07-02 11:20:06+05:30,4039.7,1,4046.43,818178,139480.0,151663.0,4100.0,4110.0,4016.1,4092.6,23759925,4501.8,3683.4,4440.0,3288.1,4039.6,2,1,4039.5,8,2,4039.3,2,2,4039.2,30,1,4038.7,3,1,4039.7,3,3,4040.0,759,7,4040.4,13,1,4040.6,28,3,4040.7,17,2
11483,2026-07-02 11:20:06+05:30,4039.7,1,4046.43,818199,139607.0,151435.0,4100.0,4110.0,4016.1,4092.6,23759925,4501.8,3683.4,4440.0,3288.1,4039.7,1,1,4039.5,1,1,4039.3,2,2,4039.2,30,1,4038.7,3,1,4040.0,759,7,4040.2,13,1,4040.3,12,1,4040.4,13,1,4040.5,31,2
11483,2026-07-02 11:20:07+05:30,4040.0,1,4046.43,818199,139607.0,151435.0,4100.0,4110.0,4016.1,4092.6,23759925,4501.8,3683.4,4440.0,3288.1,4039.7,1,1,4039.5,1,1,4039.3,2,2,4039.2,30,1,4038.7,3,1,4040.0,759,7,4040.2,13,1,4040.3,12,1,4040.4,13,1,4040.5,31,2
11483,2026-07-02 11:20:07+05:30,4040.0,1,4046.43,818208,139606.0,151303.0,4100.0,4110.0,4016.1,4092.6,23759925,4501.8,3683.4,4440.0,3288.1,4039.7,1,1,4039.3,2,2,4039.2,30,1,4038.7,3,1,4038.6,9,1,4040.0,768,8,4040.2,13,1,4040.3,12,1,4040.4,13,1,4040.5,31,2
11483,2026-07-02 11:20:08+05:30,4040.0,1,4046.43,818208,139606.0,151303.0,4100.0,4110.0,4016.1,4092.6,23759925,4501.8,3683.4,4440.0,3288.1,4039.7,1,1,4039.3,2,2,4039.2,30,1,4038.7,3,1,4038.6,9,1,4040.0,768,8,4040.2,13,1,4040.3,12,1,4040.4,13,1,4040.5,31,2
11483,2026-07-02 11:20:08+05:30,4040.0,1,4046.43,818209,139679.0,151362.0,4100.0,4110.0,4016.1,4092.6,23759925,4501.8,3683.4,4440.0,3288.1,4039.7,1,1,4039.3,4,3,4039.2,32,2,4038.7,15,2,4038.6,9,1,4040.0,767,8,4040.6,31,4,4040.7,17,2,4040.8,91,3,4040.9,29,3
11483,2026-07-02 11:20:09+05:30,4040.0,1,4046.43,818209,139679.0,151362.0,4100.0,4110.0,4016.1,4092.6,23759925,4501.8,3683.4,4440.0,3288.1,4039.7,1,1,4039.3,4,3,4039.2,32,2,4038.7,15,2,4038.6,9,1,4040.0,767,8,4040.6,31,4,4040.7,17,2,4040.8,91,3,4040.9,29,3
11483,2026-07-02 11:20:09+05:30,4040.0,1,4046.43,818216,139944.0,151349.0,4100.0,4110.0,4016.1,4092.6,23759925,4501.8,3683.4,4440.0,3288.1,4039.7,1,1,4039.3,26,3,4039.2,34,3,4039.1,12,1,4038.7,3,1,4040.0,760,8,4040.6,8,2,4040.7,17,2,4040.8,91,3,4040.9,29,3
11483,2026-07-02 11:20:10+05:30,4039.7,1,4046.43,818216,139944.0,151349.0,4100.0,4110.0,4016.1,4092.6,23759925,4501.8,3683.4,4440.0,3288.1,4039.7,1,1,4039.3,26,3,4039.2,34,3,4039.1,12,1,4038.7,3,1,4040.0,760,8,4040.6,8,2,4040.7,17,2,4040.8,91,3,4040.9,29,3
11483,2026-07-02 11:20:10+05:30,4040.0,1,4046.43,818226,139970.0,151368.0,4100.0,4110.0,4016.1,4092.6,23759925,4501.8,3683.4,4440.0,3288.1,4039.7,1,1,4039.3,48,5,4039.2,45,3,4039.1,15,1,4038.9,12,1,4040.0,751,8,4040.6,5,1,4040.7,17,2,4040.8,91,3,4040.9,29,3
11483,2026-07-02 11:20:11+05:30,4039.9,1,4046.43,818226,139970.0,151368.0,4100.0,4110.0,4016.1,4092.6,23759925,4501.8,3683.4,4440.0,3288.1,4039.7,1,1,4039.3,48,5,4039.2,45,3,4039.1,15,1,4038.9,12,1,4040.0,751,8,4040.6,5,1,4040.7,17,2,4040.8,91,3,4040.9,29,3
11483,2026-07-02 11:20:11+05:30,4039.9,1,4046.43,818238,140060.0,151368.0,4100.0,4110.0,4016.1,4092.6,23759925,4501.8,3683.4,4440.0,3288.1,4039.3,34,2,4039.2,30,1,4039.0,14,2,4038.8,2,1,4038.7,22,2,4039.9,1,1,4040.0,745,8,4040.6,5,1,4040.7,17,2,4040.8,91,3
11483,2026-07-02 11:20:12+05:30,4039.9,1,4046.43,818238,140060.0,151368.0,4100.0,4110.0,4016.1,4092.6,23759925,4501.8,3683.4,4440.0,3288.1,4039.3,34,2,4039.2,30,1,4039.0,14,2,4038.8,2,1,4038.7,22,2,4039.9,1,1,4040.0,745,8,4040.6,5,1,4040.7,17,2,4040.8,91,3
11483,2026-07-02 11:20:12+05:30,4039.9,1,4046.43,818239,140185.0,151321.0,4100.0,4110.0,4016.1,4092.6,23759925,4501.8,3683.4,4440.0,3288.1,4039.6,1,1,4039.3,34,2,4039.2,30,1,4039.0,14,2,4038.8,2,1,4039.9,2,2,4040.0,727,7,4040.6,5,1,4040.7,17,2,4040.8,91,3
11483,2026-07-02 11:20:13+05:30,4039.9,1,4046.43,818239,140185.0,151321.0,4100.0,4110.0,4016.1,4092.6,23759925,4501.8,3683.4,4440.0,3288.1,4039.6,1,1,4039.3,34,2,4039.2,30,1,4039.0,14,2,4038.8,2,1,4039.9,2,2,4040.0,727,7,4040.6,5,1,4040.7,17,2,4040.8,91,3
11483,2026-07-02 11:20:13+05:30,4039.9,1,4046.43,818240,140657.0,151348.0,4100.0,4110.0,4016.1,4092.6,23759925,4501.8,3683.4,4440.0,3288.1,4039.6,1,1,4039.3,34,2,4039.2,30,1,4039.0,14,2,4038.8,22,2,4039.9,2,2,4040.0,727,7,4040.6,5,1,4040.7,17,2,4040.8,116,4
11483,2026-07-02 11:20:14+05:30,4039.9,1,4046.43,818240,140657.0,151348.0,4100.0,4110.0,4016.1,4092.6,23759925,4501.8,3683.4,4440.0,3288.1,4039.6,1,1,4039.3,34,2,4039.2,30,1,4039.0,14,2,4038.8,22,2,4039.9,2,2,4040.0,727,7,4040.6,5,1,4040.7,17,2,4040.8,116,4
11483,2026-07-02 11:20:14+05:30,4039.9,1,4046.43,818246,140657.0,151656.0,4100.0,4110.0,4016.1,4092.6,23759925,4501.8,3683.4,4440.0,3288.1,4039.3,34,2,4039.2,30,1,4039.0,14,2,4038.8,2,1,4038.7,43,4,4039.9,2,2,4040.0,727,7,4040.6,5,1,4040.7,42,3,4040.8,91,3
11483,2026-07-02 11:20:15+05:30,4039.9,1,4046.43,818246,140657.0,151656.0,4100.0,4110.0,4016.1,4092.6,23759925,4501.8,3683.4,4440.0,3288.1,4039.3,34,2,4039.2,30,1,4039.0,14,2,4038.8,2,1,4038.7,43,4,4039.9,2,2,4040.0,727,7,4040.6,5,1,4040.7,42,3,4040.8,91,3
11483,2026-07-02 11:20:15+05:30,4040.0,3,4046.43,818253,140631.0,151594.0,4100.0,4110.0,4016.1,4092.6,23759925,4501.8,3683.4,4440.0,3288.1,4039.3,34,2,4039.2,30,1,4039.0,14,2,4038.8,2,1,4038.7,43,4,4040.0,723,7,4040.6,5,1,4040.7,42,3,4040.8,91,3,4040.9,29,3
11483,2026-07-02 11:20:16+05:30,4039.3,1,4046.43,818253,140631.0,151594.0,4100.0,4110.0,4016.1,4092.6,23759925,4501.8,3683.4,4440.0,3288.1,4039.3,34,2,4039.2,30,1,4039.0,14,2,4038.8,2,1,4038.7,43,4,4040.0,723,7,4040.6,5,1,4040.7,42,3,4040.8,91,3,4040.9,29,3
11483,2026-07-02 11:20:16+05:30,4040.0,1,4046.43,818255,140601.0,151636.0,4100.0,4110.0,4016.1,4092.6,23759925,4501.8,3683.4,4440.0,3288.1,4039.3,2,1,4039.2,30,1,4038.8,4,2,4038.7,15,2,4038.6,23,2,4040.0,739,8,4040.6,53,3,4040.7,42,3,4040.8,157,5,4040.9,29,3
11483,2026-07-02 11:20:17+05:30,4040.0,1,4046.43,818255,140601.0,151636.0,4100.0,4110.0,4016.1,4092.6,23759925,4501.8,3683.4,4440.0,3288.1,4039.3,2,1,4039.2,30,1,4038.8,4,2,4038.7,15,2,4038.6,23,2,4040.0,739,8,4040.6,53,3,4040.7,42,3,4040.8,157,5,4040.9,29,3
11483,2026-07-02 11:20:17+05:30,4040.0,1,4046.43,818256,140628.0,151645.0,4100.0,4110.0,4016.1,4092.6,23759925,4501.8,3683.4,4440.0,3288.1,4039.3,2,1,4039.2,30,1,4038.8,4,2,4038.7,15,2,4038.6,21,1,4040.0,738,8,4040.6,53,3,4040.7,42,3,4040.8,157,5,4040.9,29,3
11483,2026-07-02 11:20:18+05:30,4040.0,40,4046.43,818256,140628.0,151645.0,4100.0,4110.0,4016.1,4092.6,23759925,4501.8,3683.4,4440.0,3288.1,4039.3,2,1,4039.2,30,1,4038.8,4,2,4038.7,15,2,4038.6,21,1,4040.0,738,8,4040.6,53,3,4040.7,42,3,4040.8,157,5,4040.9,29,3
11483,2026-07-02 11:20:19+05:30,4040.0,1,4046.43,818322,140608.0,151624.0,4100.0,4110.0,4016.1,4092.6,23759925,4501.8,3683.4,4440.0,3288.1,4039.3,2,1,4039.2,30,1,4038.8,4,2,4038.7,15,2,4038.6,39,2,4040.0,672,8,4040.6,53,3,4040.7,17,2,4040.8,157,5,4040.9,54,4
11483,2026-07-02 11:20:19+05:30,4040.0,1,4046.43,818322,140608.0,151624.0,4100.0,4110.0,4016.1,4092.6,23759925,4501.8,3683.4,4440.0,3288.1,4039.3,2,1,4039.2,30,1,4038.8,4,2,4038.7,15,2,4038.6,39,2,4040.0,672,8,4040.6,53,3,4040.7,17,2,4040.8,157,5,4040.9,54,4
11483,2026-07-02 11:20:20+05:30,4040.0,1,4046.43,818323,140414.0,151290.0,4100.0,4110.0,4016.1,4092.6,23759925,4501.8,3683.4,4440.0,3288.1,4039.3,2,1,4039.2,20,1,4038.8,4,2,4038.7,3,1,4038.5,53,1,4040.0,671,8,4040.6,55,4,4040.7,17,2,4040.8,157,5,4040.9,41,4
11483,2026-07-02 11:20:20+05:30,4039.3,1,4046.43,818323,140414.0,151290.0,4100.0,4110.0,4016.1,4092.6,23759925,4501.8,3683.4,4440.0,3288.1,4039.3,2,1,4039.2,20,1,4038.8,4,2,4038.7,3,1,4038.5,53,1,4040.0,671,8,4040.6,55,4,4040.7,17,2,4040.8,157,5,4040.9,41,4
11483,2026-07-02 11:20:21+05:30,4040.0,1,4046.43,818327,140379.0,151517.0,4100.0,4110.0,4016.1,4092.6,23759925,4501.8,3683.4,4440.0,3288.1,4039.3,1,1,4039.2,20,1,4038.8,4,2,4038.7,23,2,4038.5,53,1,4039.7,1,1,4040.0,668,8,4040.6,55,4,4040.7,17,2,4040.8,157,5
11483,2026-07-02 11:20:21+05:30,4039.3,1,4046.43,818327,140379.0,151517.0,4100.0,4110.0,4016.1,4092.6,23759925,4501.8,3683.4,4440.0,3288.1,4039.3,1,1,4039.2,20,1,4038.8,4,2,4038.7,23,2,4038.5,53,1,4039.7,1,1,4040.0,668,8,4040.6,55,4,4040.7,17,2,4040.8,157,5
11483,2026-07-02 11:20:22+05:30,4038.7,23,4046.43,818383,140402.0,151427.0,4100.0,4110.0,4016.1,4092.6,23759925,4501.8,3683.4,4440.0,3288.1,4039.4,1,1,4038.6,70,5,4038.5,48,4,4038.4,54,3,4038.3,70,4,4039.7,1,1,4040.0,651,7,4040.4,12,1,4040.6,53,3,4040.7,17,2
11483,2026-07-02 11:20:22+05:30,4039.4,1,4046.43,818383,140402.0,151427.0,4100.0,4110.0,4016.1,4092.6,23759925,4501.8,3683.4,4440.0,3288.1,4039.4,1,1,4038.6,70,5,4038.5,48,4,4038.4,54,3,4038.3,70,4,4039.7,1,1,4040.0,651,7,4040.4,12,1,4040.6,53,3,4040.7,17,2
11483,2026-07-02 11:20:23+05:30,4039.4,1,4046.43,818384,140475.0,151563.0,4100.0,4110.0,4016.1,4092.6,23759925,4501.8,3683.4,4440.0,3288.1,4039.4,1,1,4038.7,34,1,4038.6,40,4,4038.5,61,4,4038.4,29,1,4039.7,2,2,4040.0,751,8,4040.4,17,2,4040.6,76,4,4040.7,12,1
11483,2026-07-02 11:20:23+05:30,4039.4,1,4046.43,818384,140475.0,151563.0,4100.0,4110.0,4016.1,4092.6,23759925,4501.8,3683.4,4440.0,3288.1,4039.4,1,1,4038.7,34,1,4038.6,40,4,4038.5,61,4,4038.4,29,1,4039.7,2,2,4040.0,751,8,4040.4,17,2,4040.6,76,4,4040.7,12,1
11483,2026-07-02 11:20:23+05:30,4039.4,1,4046.43,818385,139979.0,151674.0,4100.0,4110.0,4016.1,4092.6,23759925,4501.8,3683.4,4440.0,3288.1,4038.6,40,4,4038.5,30,2,4038.4,31,2,4038.3,57,3,4038.2,57,2,4039.7,3,3,4040.0,774,9,4040.1,13,1,4040.4,17,2,4040.5,5,1
11483,2026-07-02 11:20:24+05:30,4038.6,1,4046.43,818385,139979.0,151674.0,4100.0,4110.0,4016.1,4092.6,23759925,4501.8,3683.4,4440.0,3288.1,4038.6,40,4,4038.5,30,2,4038.4,31,2,4038.3,57,3,4038.2,57,2,4039.7,3,3,4040.0,774,9,4040.1,13,1,4040.4,17,2,4040.5,5,1
11483,2026-07-02 11:20:24+05:30,4038.6,1,4046.43,818388,140038.0,151664.0,4100.0,4110.0,4016.1,4092.6,23759925,4501.8,3683.4,4440.0,3288.1,4038.6,36,3,4038.5,30,2,4038.4,31,2,4038.3,57,3,4038.2,57,2,4039.7,3,3,4040.0,776,10,4040.1,13,1,4040.4,17,2,4040.6,65,4
11483,2026-07-02 11:20:25+05:30,4038.6,1,4046.43,818388,140038.0,151664.0,4100.0,4110.0,4016.1,4092.6,23759925,4501.8,3683.4,4440.0,3288.1,4038.6,36,3,4038.5,30,2,4038.4,31,2,4038.3,57,3,4038.2,57,2,4039.7,3,3,4040.0,776,10,4040.1,13,1,4040.4,17,2,4040.6,65,4
11483,2026-07-02 11:20:26+05:30,4039.7,4,4046.43,818400,139409.0,151866.0,4100.0,4110.0,4016.1,4092.6,23759925,4501.8,3683.4,4440.0,3288.1,4038.4,29,1,4038.2,57,2,4038.0,1068,4,4037.7,5,1,4037.6,63,2,4039.9,20,2,4040.0,765,10,4040.1,28,1,4040.2,13,2,4040.3,33,2
11483,2026-07-02 11:20:26+05:30,4038.2,1,4046.43,818400,139409.0,151866.0,4100.0,4110.0,4016.1,4092.6,23759925,4501.8,3683.4,4440.0,3288.1,4038.4,29,1,4038.2,57,2,4038.0,1068,4,4037.7,5,1,4037.6,63,2,4039.9,20,2,4040.0,765,10,4040.1,28,1,4040.2,13,2,4040.3,33,2
11483,2026-07-02 11:20:26+05:30,4038.0,41,4046.43,818503,138965.0,152399.0,4100.0,4110.0,4016.1,4092.6,23759925,4501.8,3683.4,4440.0,3288.1,4038.0,1004,2,4037.4,34,2,4037.3,38,3,4037.2,36,2,4037.1,51,3,4039.5,49,2,4039.6,23,1,4039.7,121,3,4039.8,12,1,4039.9,107,5
11483,2026-07-02 11:20:27+05:30,4038.0,1,4046.43,818503,138965.0,152399.0,4100.0,4110.0,4016.1,4092.6,23759925,4501.8,3683.4,4440.0,3288.1,4038.0,1004,2,4037.4,34,2,4037.3,38,3,4037.2,36,2,4037.1,51,3,4039.5,49,2,4039.6,23,1,4039.7,121,3,4039.8,12,1,4039.9,107,5
11483,2026-07-02 11:20:28+05:30,4038.0,1,4046.43,818587,138810.0,152527.0,4100.0,4110.0,4016.1,4092.6,23759925,4501.8,3683.4,4440.0,3288.1,4038.0,944,2,4037.4,32,1,4037.3,20,1,4037.2,7,2,4037.1,12,1,4039.4,3,1,4039.5,134,4,4039.6,104,2,4039.7,99,2,4039.8,24,2
11483,2026-07-02 11:20:28+05:30,4038.0,1,4046.43,818587,138810.0,152527.0,4100.0,4110.0,4016.1,4092.6,23759925,4501.8,3683.4,4440.0,3288.1,4038.0,944,2,4037.4,32,1,4037.3,20,1,4037.2,7,2,4037.1,12,1,4039.4,3,1,4039.5,134,4,4039.6,104,2,4039.7,99,2,4039.8,24,2
11483,2026-07-02 11:20:29+05:30,4038.0,5,4046.43,818601,138786.0,152641.0,4100.0,4110.0,4016.1,4092.6,23759925,4501.8,3683.4,4440.0,3288.1,4038.0,944,3,4037.3,20,1,4037.2,5,1,4037.1,2,1,4037.0,134,2,4039.3,17,2,4039.4,98,4,4039.5,128,3,4039.6,5,1,4039.7,170,4
11483,2026-07-02 11:20:29+05:30,4038.0,1,4046.43,818601,138786.0,152641.0,4100.0,4110.0,4016.1,4092.6,23759925,4501.8,3683.4,4440.0,3288.1,4038.0,944,3,4037.3,20,1,4037.2,5,1,4037.1,2,1,4037.0,134,2,4039.3,17,2,4039.4,98,4,4039.5,128,3,4039.6,5,1,4039.7,170,4
11483,2026-07-02 11:20:30+05:30,4038.0,1,4046.43,818602,138592.0,152705.0,4100.0,4110.0,4016.1,4092.6,23759925,4501.8,3683.4,4440.0,3288.1,4038.0,937,2,4037.0,157,3,4036.9,34,3,4036.8,55,2,4036.7,46,3,4039.2,22,3,4039.3,77,1,4039.4,108,3,4039.5,59,3,4039.6,76,2
11483,2026-07-02 11:20:31+05:30,4038.6,10,4046.43,818612,139005.0,152428.0,4100.0,4110.0,4016.1,4092.6,23759925,4501.8,3683.4,4440.0,3288.1,4038.5,2,2,4038.1,44,1,4038.0,944,3,4037.3,2,1,4037.2,32,2,4039.2,77,3,4039.3,81,1,4039.4,2,1,4039.5,82,2,4039.6,5,1
11483,2026-07-02 11:20:31+05:30,4038.6,10,4046.43,818612,139005.0,152428.0,4100.0,4110.0,4016.1,4092.6,23759925,4501.8,3683.4,4440.0,3288.1,4038.5,2,2,4038.1,44,1,4038.0,944,3,4037.3,2,1,4037.2,32,2,4039.2,77,3,4039.3,81,1,4039.4,2,1,4039.5,82,2,4039.6,5,1
11483,2026-07-02 11:20:32+05:30,4039.2,2,4046.43,818671,139151.0,152392.0,4100.0,4110.0,4016.1,4092.6,23759925,4501.8,3683.4,4440.0,3288.1,4038.6,1,1,4038.0,958,4,4037.3,2,1,4037.2,20,1,4037.0,157,3,4039.2,93,5,4039.3,93,2,4039.4,2,1,4039.5,82,2,4039.6,5,1
11483,2026-07-02 11:20:32+05:30,4039.2,2,4046.43,818671,139151.0,152392.0,4100.0,4110.0,4016.1,4092.6,23759925,4501.8,3683.4,4440.0,3288.1,4038.6,1,1,4038.0,958,4,4037.3,2,1,4037.2,20,1,4037.0,157,3,4039.2,93,5,4039.3,93,2,4039.4,2,1,4039.5,82,2,4039.6,5,1
11483,2026-07-02 11:20:33+05:30,4039.2,41,4046.43,818771,139191.0,152483.0,4100.0,4110.0,4016.1,4092.6,23759925,4501.8,3683.4,4440.0,3288.1,4038.0,896,4,4037.3,20,1,4037.1,2,1,4037.0,157,3,4036.9,20,1,4039.2,31,2,4039.3,91,2,4039.4,42,3,4039.5,156,5,4039.6,5,1
11483,2026-07-02 11:20:33+05:30,4038.0,3,4046.43,818771,139191.0,152483.0,4100.0,4110.0,4016.1,4092.6,23759925,4501.8,3683.4,4440.0,3288.1,4038.0,896,4,4037.3,20,1,4037.1,2,1,4037.0,157,3,4036.9,20,1,4039.2,31,2,4039.3,91,2,4039.4,42,3,4039.5,156,5,4039.6,5,1
11483,2026-07-02 11:20:34+05:30,4038.0,5,4046.43,818811,139155.0,152536.0,4100.0,4110.0,4016.1,4092.6,23759925,4501.8,3683.4,4440.0,3288.1,4038.1,2,1,4038.0,858,3,4037.3,20,1,4037.1,2,1,4037.0,157,3,4039.2,30,3,4039.3,91,2,4039.4,42,3,4039.5,156,5,4039.6,5,1
11483,2026-07-02 11:20:34+05:30,4038.1,3,4046.43,818811,139155.0,152536.0,4100.0,4110.0,4016.1,4092.6,23759925,4501.8,3683.4,4440.0,3288.1,4038.1,2,1,4038.0,858,3,4037.3,20,1,4037.1,2,1,4037.0,157,3,4039.2,30,3,4039.3,91,2,4039.4,42,3,4039.5,156,5,4039.6,5,1
11483,2026-07-02 11:20:34+05:30,4038.1,3,4046.43,818811,139155.0,152536.0,4100.0,4110.0,4016.1,4092.6,23759925,4501.8,3683.4,4440.0,3288.1,4038.1,2,1,4038.0,858,3,4037.3,20,1,4037.1,2,1,4037.0,157,3,4039.2,30,3,4039.3,91,2,4039.4,42,3,4039.5,156,5,4039.6,5,1
11483,2026-07-02 11:20:35+05:30,4038.8,5,4046.43,818872,139074.0,152442.0,4100.0,4110.0,4016.1,4092.6,23759925,4501.8,3683.4,4440.0,3288.1,4038.0,813,2,4037.3,20,1,4037.0,140,3,4036.9,20,1,4036.8,67,3,4039.2,35,4,4039.3,91,2,4039.4,30,2,4039.5,82,2,4039.6,5,1
11483,2026-07-02 11:20:35+05:30,4038.8,5,4046.43,818872,139074.0,152442.0,4100.0,4110.0,4016.1,4092.6,23759925,4501.8,3683.4,4440.0,3288.1,4038.0,813,2,4037.3,20,1,4037.0,140,3,4036.9,20,1,4036.8,67,3,4039.2,35,4,4039.3,91,2,4039.4,30,2,4039.5,82,2,4039.6,5,1
11483,2026-07-02 11:20:35+05:30,4039.2,5,4046.43,818872,139074.0,152442.0,4100.0,4110.0,4016.1,4092.6,23759925,4501.8,3683.4,4440.0,3288.1,4038.0,813,2,4037.3,20,1,4037.0,140,3,4036.9,20,1,4036.8,67,3,4039.2,35,4,4039.3,91,2,4039.4,30,2,4039.5,82,2,4039.6,5,1
11483,2026-07-02 11:20:35+05:30,4039.2,5,4046.43,818872,139074.0,152442.0,4100.0,4110.0,4016.1,4092.6,23759925,4501.8,3683.4,4440.0,3288.1,4038.0,813,2,4037.3,20,1,4037.0,140,3,4036.9,20,1,4036.8,67,3,4039.2,35,4,4039.3,91,2,4039.4,30,2,4039.5,82,2,4039.6,5,1
11483,2026-07-02 11:20:36+05:30,4038.0,62,4046.43,818999,138990.0,152529.0,4100.0,4110.0,4016.1,4092.6,23759925,4501.8,3683.4,4440.0,3288.1,4038.0,691,2,4037.3,20,1,4037.0,157,3,4036.9,22,2,4036.8,73,4,4039.2,30,4,4039.3,91,2,4039.4,30,2,4039.5,94,3,4039.6,28,2
11483,2026-07-02 11:20:36+05:30,4038.0,62,4046.43,818999,138990.0,152529.0,4100.0,4110.0,4016.1,4092.6,23759925,4501.8,3683.4,4440.0,3288.1,4038.0,691,2,4037.3,20,1,4037.0,157,3,4036.9,22,2,4036.8,73,4,4039.2,30,4,4039.3,91,2,4039.4,30,2,4039.5,94,3,4039.6,28,2
11483,2026-07-02 11:20:36+05:30,4039.2,20,4046.43,818999,138990.0,152529.0,4100.0,4110.0,4016.1,4092.6,23759925,4501.8,3683.4,4440.0,3288.1,4038.0,691,2,4037.3,20,1,4037.0,157,3,4036.9,22,2,4036.8,73,4,4039.2,30,4,4039.3,91,2,4039.4,30,2,4039.5,94,3,4039.6,28,2
11483,2026-07-02 11:20:36+05:30,4039.2,20,4046.43,818999,138990.0,152529.0,4100.0,4110.0,4016.1,4092.6,23759925,4501.8,3683.4,4440.0,3288.1,4038.0,691,2,4037.3,20,1,4037.0,157,3,4036.9,22,2,4036.8,73,4,4039.2,30,4,4039.3,91,2,4039.4,30,2,4039.5,94,3,4039.6,28,2
11483,2026-07-02 11:20:37+05:30,4038.0,71,4046.42,819153,138809.0,152870.0,4100.0,4110.0,4016.1,4092.6,23759925,4501.8,3683.4,4440.0,3288.1,4038.0,570,3,4037.0,134,2,4036.9,22,2,4036.8,67,3,4036.7,46,3,4039.0,3,1,4039.1,53,3,4039.2,48,5,4039.3,123,3,4039.4,85,4
11483,2026-07-02 11:20:37+05:30,4038.0,71,4046.42,819153,138809.0,152870.0,4100.0,4110.0,4016.1,4092.6,23759925,4501.8,3683.4,4440.0,3288.1,4038.0,570,3,4037.0,134,2,4036.9,22,2,4036.8,67,3,4036.7,46,3,4039.0,3,1,4039.1,53,3,4039.2,48,5,4039.3,123,3,4039.4,85,4
11483,2026-07-02 11:20:37+05:30,4038.0,71,4046.42,819153,138809.0,152870.0,4100.0,4110.0,4016.1,4092.6,23759925,4501.8,3683.4,4440.0,3288.1,4038.0,570,3,4037.0,134,2,4036.9,22,2,4036.8,67,3,4036.7,46,3,4039.0,3,1,4039.1,53,3,4039.2,48,5,4039.3,123,3,4039.4,85,4
11483,2026-07-02 11:20:37+05:30,4038.0,71,4046.42,819153,138809.0,152870.0,4100.0,4110.0,4016.1,4092.6,23759925,4501.8,3683.4,4440.0,3288.1,4038.0,570,3,4037.0,134,2,4036.9,22,2,4036.8,67,3,4036.7,46,3,4039.0,3,1,4039.1,53,3,4039.2,48,5,4039.3,123,3,4039.4,85,4
11483,2026-07-02 11:20:38+05:30,4038.0,71,4046.42,819153,138809.0,152870.0,4100.0,4110.0,4016.1,4092.6,23759925,4501.8,3683.4,4440.0,3288.1,4038.0,570,3,4037.0,134,2,4036.9,22,2,4036.8,67,3,4036.7,46,3,4039.0,3,1,4039.1,53,3,4039.2,48,5,4039.3,123,3,4039.4,85,4
11483,2026-07-02 11:20:38+05:30,4038.0,83,4046.42,819236,138758.0,152949.0,4100.0,4110.0,4016.1,4092.6,23759925,4501.8,3683.4,4440.0,3288.1,4038.0,487,3,4037.1,2,1,4037.0,134,2,4036.8,67,3,4036.7,40,2,4039.0,77,1,4039.1,14,2,4039.2,127,4,4039.3,84,4,4039.4,85,4
11483,2026-07-02 11:20:38+05:30,4038.0,83,4046.42,819236,138758.0,152949.0,4100.0,4110.0,4016.1,4092.6,23759925,4501.8,3683.4,4440.0,3288.1,4038.0,487,3,4037.1,2,1,4037.0,134,2,4036.8,67,3,4036.7,40,2,4039.0,77,1,4039.1,14,2,4039.2,127,4,4039.3,84,4,4039.4,85,4
11483,2026-07-02 11:20:38+05:30,4038.0,2,4046.42,819236,138758.0,152949.0,4100.0,4110.0,4016.1,4092.6,23759925,4501.8,3683.4,4440.0,3288.1,4038.0,487,3,4037.1,2,1,4037.0,134,2,4036.8,67,3,4036.7,40,2,4039.0,77,1,4039.1,14,2,4039.2,127,4,4039.3,84,4,4039.4,85,4
11483,2026-07-02 11:20:38+05:30,4038.0,2,4046.42,819236,138758.0,152949.0,4100.0,4110.0,4016.1,4092.6,23762375,4501.8,3683.4,4440.0,3288.1,4038.0,487,3,4037.1,2,1,4037.0,134,2,4036.8,67,3,4036.7,40,2,4039.0,77,1,4039.1,14,2,4039.2,127,4,4039.3,84,4,4039.4,85,4
11483,2026-07-02 11:20:39+05:30,4038.0,2,4046.42,819236,138758.0,152949.0,4100.0,4110.0,4016.1,4092.6,23762375,4501.8,3683.4,4440.0,3288.1,4038.0,487,3,4037.1,2,1,4037.0,134,2,4036.8,67,3,4036.7,40,2,4039.0,77,1,4039.1,14,2,4039.2,127,4,4039.3,84,4,4039.4,85,4
11483,2026-07-02 11:20:39+05:30,4039.0,1,4046.42,819239,138823.0,152929.0,4100.0,4110.0,4016.1,4092.6,23762375,4501.8,3683.4,4440.0,3288.1,4038.0,485,3,4037.1,2,1,4037.0,154,3,4036.9,5,1,4036.8,67,3,4039.0,77,2,4039.1,14,2,4039.2,126,3,4039.3,10,1,4039.4,50,3
11483,2026-07-02 11:20:39+05:30,4039.0,1,4046.42,819239,138823.0,152929.0,4100.0,4110.0,4016.1,4092.6,23762375,4501.8,3683.4,4440.0,3288.1,4038.0,485,3,4037.1,2,1,4037.0,154,3,4036.9,5,1,4036.8,67,3,4039.0,77,2,4039.1,14,2,4039.2,126,3,4039.3,10,1,4039.4,50,3
11483,2026-07-02 11:20:39+05:30,4039.0,1,4046.42,819239,138823.0,152929.0,4100.0,4110.0,4016.1,4092.6,23762375,4501.8,3683.4,4440.0,3288.1,4038.0,485,3,4037.1,2,1,4037.0,154,3,4036.9,5,1,4036.8,67,3,4039.0,77,2,4039.1,14,2,4039.2,126,3,4039.3,10,1,4039.4,50,3
11483,2026-07-02 11:20:39+05:30,4039.0,1,4046.42,819239,138823.0,152929.0,4100.0,4110.0,4016.1,4092.6,23762375,4501.8,3683.4,4440.0,3288.1,4038.0,485,3,4037.1,2,1,4037.0,154,3,4036.9,5,1,4036.8,67,3,4039.0,77,2,4039.1,14,2,4039.2,126,3,4039.3,10,1,4039.4,50,3
11483,2026-07-02 11:20:40+05:30,4038.0,60,4046.42,819299,138758.0,152937.0,4100.0,4110.0,4016.1,4092.6,23762375,4501.8,3683.4,4440.0,3288.1,4038.0,425,3,4037.2,12,1,4037.1,25,2,4037.0,142,2,4036.9,5,1,4039.0,77,2,4039.1,14,2,4039.2,138,4,4039.3,10,1,4039.4,50,3
11483,2026-07-02 11:20:40+05:30,4038.0,60,4046.42,819299,138758.0,152937.0,4100.0,4110.0,4016.1,4092.6,23762375,4501.8,3683.4,4440.0,3288.1,4038.0,425,3,4037.2,12,1,4037.1,25,2,4037.0,142,2,4036.9,5,1,4039.0,77,2,4039.1,14,2,4039.2,138,4,4039.3,10,1,4039.4,50,3
11483,2026-07-02 11:20:40+05:30,4038.0,60,4046.42,819299,138758.0,152937.0,4100.0,4110.0,4016.1,4092.6,23762375,4501.8,3683.4,4440.0,3288.1,4038.0,425,3,4037.2,12,1,4037.1,25,2,4037.0,142,2,4036.9,5,1,4039.0,77,2,4039.1,14,2,4039.2,138,4,4039.3,10,1,4039.4,50,3
11483,2026-07-02 11:20:40+05:30,4038.0,60,4046.42,819299,138758.0,152937.0,4100.0,4110.0,4016.1,4092.6,23762375,4501.8,3683.4,4440.0,3288.1,4038.0,425,3,4037.2,12,1,4037.1,25,2,4037.0,142,2,4036.9,5,1,4039.0,77,2,4039.1,14,2,4039.2,138,4,4039.3,10,1,4039.4,50,3
11483,2026-07-02 11:20:41+05:30,4038.0,86,4046.42,819385,138580.0,152829.0,4100.0,4110.0,4016.1,4092.6,23762375,4501.8,3683.4,4440.0,3288.1,4038.0,356,4,4037.6,12,1,4037.2,2,1,4037.1,35,2,4037.0,180,3,4038.5,2,1,4039.0,77,2,4039.1,14,2,4039.2,138,4,4039.4,50,3
11483,2026-07-02 11:20:41+05:30,4038.5,1,4046.42,819385,138580.0,152829.0,4100.0,4110.0,4016.1,4092.6,23762375,4501.8,3683.4,4440.0,3288.1,4038.0,356,4,4037.6,12,1,4037.2,2,1,4037.1,35,2,4037.0,180,3,4038.5,2,1,4039.0,77,2,4039.1,14,2,4039.2,138,4,4039.4,50,3
11483,2026-07-02 11:20:42+05:30,4038.0,57,4046.42,819446,138565.0,152884.0,4100.0,4110.0,4016.1,4092.6,23762375,4501.8,3683.4,4440.0,3288.1,4038.2,1,1,4038.0,282,3,4037.2,27,2,4037.1,35,2,4037.0,152,3,4038.5,82,2,4038.6,76,1,4038.7,1,1,4039.0,1,1,4039.1,13,1
11483,2026-07-02 11:20:42+05:30,4038.0,57,4046.42,819446,138565.0,152884.0,4100.0,4110.0,4016.1,4092.6,23762375,4501.8,3683.4,4440.0,3288.1,4038.2,1,1,4038.0,282,3,4037.2,27,2,4037.1,35,2,4037.0,152,3,4038.5,82,2,4038.6,76,1,4038.7,1,1,4039.0,1,1,4039.1,13,1
11483,2026-07-02 11:20:43+05:30,4038.0,1,4046.42,819531,138483.0,152894.0,4100.0,4110.0,4016.1,4092.6,23762375,4501.8,3683.4,4440.0,3288.1,4038.1,1,1,4038.0,200,3,4037.2,25,1,4037.1,37,3,4037.0,152,3,4038.5,84,3,4038.6,76,1,4038.7,1,1,4039.0,1,1,4039.1,13,1
11483,2026-07-02 11:20:43+05:30,4038.0,14,4046.42,819531,138483.0,152894.0,4100.0,4110.0,4016.1,4092.6,23762375,4501.8,3683.4,4440.0,3288.1,4038.1,1,1,4038.0,200,3,4037.2,25,1,4037.1,37,3,4037.0,152,3,4038.5,84,3,4038.6,76,1,4038.7,1,1,4039.0,1,1,4039.1,13,1
11483,2026-07-02 11:20:44+05:30,4038.0,4,4046.42,819550,138551.0,152896.0,4100.0,4110.0,4016.1,4092.6,23762375,4501.8,3683.4,4440.0,3288.1,4038.0,299,5,4037.5,12,1,4037.3,20,1,4037.2,5,1,4037.1,23,2,4038.5,86,5,4038.6,76,1,4038.7,1,1,4039.0,6,2,4039.1,13,1
11483,2026-07-02 11:20:44+05:30,4038.0,1,4046.42,819550,138551.0,152896.0,4100.0,4110.0,4016.1,4092.6,23762375,4501.8,3683.4,4440.0,3288.1,4038.0,299,5,4037.5,12,1,4037.3,20,1,4037.2,5,1,4037.1,23,2,4038.5,86,5,4038.6,76,1,4038.7,1,1,4039.0,6,2,4039.1,13,1
11483,2026-07-02 11:20:45+05:30,4038.5,62,4046.42,819701,138532.0,152956.0,4100.0,4110.0,4016.1,4092.6,23762375,4501.8,3683.4,4440.0,3288.1,4038.0,281,4,4037.0,152,3,4036.8,90,5,4036.7,33,2,4036.6,81,2,4038.1,10,1,4038.5,21,2,4038.6,76,1,4038.7,1,1,4038.9,12,1
11483,2026-07-02 11:20:45+05:30,4038.5,62,4046.42,819701,138532.0,152956.0,4100.0,4110.0,4016.1,4092.6,23762375,4501.8,3683.4,4440.0,3288.1,4038.0,281,4,4037.0,152,3,4036.8,90,5,4036.7,33,2,4036.6,81,2,4038.1,10,1,4038.5,21,2,4038.6,76,1,4038.7,1,1,4038.9,12,1
11483,2026-07-02 11:20:45+05:30,4038.1,3,4046.41,820648,138262.0,153377.0,4100.0,4110.0,4016.1,4092.6,23762375,4501.8,3683.4,4440.0,3288.1,4038.0,194,1,4037.0,132,2,4036.8,24,1,4036.6,82,2,4036.5,24,1,4038.1,26,3,4038.2,76,1,4038.3,1,1,4038.4,10,1,4038.5,15,2
11483,2026-07-02 11:20:46+05:30,4038.0,27,4046.41,820648,138262.0,153377.0,4100.0,4110.0,4016.1,4092.6,23762375,4501.8,3683.4,4440.0,3288.1,4038.0,194,1,4037.0,132,2,4036.8,24,1,4036.6,82,2,4036.5,24,1,4038.1,26,3,4038.2,76,1,4038.3,1,1,4038.4,10,1,4038.5,15,2
11483,2026-07-02 11:20:46+05:30,4038.0,4,4046.41,820694,138238.0,153525.0,4100.0,4110.0,4016.1,4092.6,23762375,4501.8,3683.4,4440.0,3288.1,4038.0,160,2,4037.0,132,2,4036.8,24,1,4036.7,5,1,4036.6,61,1,4038.1,25,2,4038.2,76,1,4038.3,1,1,4038.4,10,1,4038.5,3,1
11483,2026-07-02 11:20:47+05:30,4038.0,35,4046.41,820694,138238.0,153525.0,4100.0,4110.0,4016.1,4092.6,23762375,4501.8,3683.4,4440.0,3288.1,4038.0,160,2,4037.0,132,2,4036.8,24,1,4036.7,5,1,4036.6,61,1,4038.1,25,2,4038.2,76,1,4038.3,1,1,4038.4,10,1,4038.5,3,1
11483,2026-07-02 11:20:47+05:30,4038.0,35,4046.41,820729,138178.0,153353.0,4100.0,4110.0,4016.1,4092.6,23762375,4501.8,3683.4,4440.0,3288.1,4038.0,125,2,4037.0,10,1,4036.8,24,1,4036.7,25,2,4036.6,61,1,4038.1,26,3,4038.2,76,1,4038.3,1,1,4038.4,10,1,4038.5,3,1
11483,2026-07-02 11:20:48+05:30,4038.0,35,4046.41,820729,138193.0,153519.0,4100.0,4110.0,4016.1,4092.6,23762375,4501.8,3683.4,4440.0,3288.1,4038.0,125,2,4037.0,10,1,4036.8,24,1,4036.7,25,2,4036.6,73,2,4038.1,26,3,4038.2,76,1,4038.3,1,1,4038.8,32,2,4038.9,34,2
11483,2026-07-02 11:20:49+05:30,4038.0,35,4046.41,820729,138194.0,153315.0,4100.0,4110.0,4016.1,4092.6,23762375,4501.8,3683.4,4440.0,3288.1,4038.0,125,2,4037.0,10,1,4036.8,24,1,4036.7,25,2,4036.6,75,3,4038.1,26,3,4038.2,76,1,4038.3,16,2,4038.8,32,2,4038.9,34,2
11483,2026-07-02 11:20:50+05:30,4038.0,35,4046.41,820729,138176.0,153588.0,4100.0,4110.0,4016.1,4092.6,23762375,4501.8,3683.4,4440.0,3288.1,4038.0,125,2,4037.0,10,1,4036.8,24,1,4036.7,25,2,4036.6,63,2,4038.1,26,3,4038.2,76,1,4038.3,16,2,4038.8,32,2,4038.9,34,2
11483,2026-07-02 11:20:51+05:30,4038.0,35,4046.41,820729,138187.0,153589.0,4100.0,4110.0,4016.1,4092.6,23762375,4501.8,3683.4,4440.0,3288.1,4038.0,125,2,4037.0,10,1,4036.8,24,1,4036.7,25,2,4036.6,63,2,4038.1,27,4,4038.2,76,1,4038.3,16,2,4038.8,32,2,4038.9,34,2
11483,2026-07-02 11:20:52+05:30,4038.1,1,4046.41,820729,138187.0,153589.0,4100.0,4110.0,4016.1,4092.6,23762375,4501.8,3683.4,4440.0,3288.1,4038.0,125,2,4037.0,10,1,4036.8,24,1,4036.7,25,2,4036.6,63,2,4038.1,27,4,4038.2,76,1,4038.3,16,2,4038.8,32,2,4038.9,34,2
11483,2026-07-02 11:20:52+05:30,4038.1,1,4046.41,820730,138217.0,153615.0,4100.0,4110.0,4016.1,4092.6,23762375,4501.8,3683.4,4440.0,3288.1,4038.0,126,3,4037.0,10,1,4036.8,24,1,4036.7,25,2,4036.6,63,2,4038.1,8,3,4038.2,76,1,4038.3,16,2,4038.4,18,1,4038.8,32,2
11483,2026-07-02 11:20:53+05:30,4038.0,73,4046.41,820730,138217.0,153615.0,4100.0,4110.0,4016.1,4092.6,23762375,4501.8,3683.4,4440.0,3288.1,4038.0,126,3,4037.0,10,1,4036.8,24,1,4036.7,25,2,4036.6,63,2,4038.1,8,3,4038.2,76,1,4038.3,16,2,4038.4,18,1,4038.8,32,2
11483,2026-07-02 11:20:53+05:30,4038.0,73,4046.41,820803,138142.0,153607.0,4100.0,4110.0,4016.1,4092.6,23762375,4501.8,3683.4,4440.0,3288.1,4038.0,53,3,4037.0,10,1,4036.8,24,1,4036.7,25,2,4036.6,63,2,4038.1,9,4,4038.2,19,2,4038.3,15,1,4038.4,86,2,4038.8,32,2
11483,2026-07-02 11:20:54+05:30,4038.1,1,4046.41,820803,138142.0,153607.0,4100.0,4110.0,4016.1,4092.6,23762375,4501.8,3683.4,4440.0,3288.1,4038.0,53,3,4037.0,10,1,4036.8,24,1,4036.7,25,2,4036.6,63,2,4038.1,9,4,4038.2,19,2,4038.3,15,1,4038.4,86,2,4038.8,32,2
11483,2026-07-02 11:20:54+05:30,4038.1,1,4046.41,820832,138080.0,153656.0,4100.0,4110.0,4016.1,4092.6,23762375,4501.8,3683.4,4440.0,3288.1,4038.0,27,3,4037.0,10,1,4036.8,24,1,4036.7,5,1,4036.5,44,2,4038.1,83,6,4038.3,16,2,4038.4,40,3,4038.8,20,1,4038.9,24,2
11483,2026-07-02 11:20:55+05:30,4038.1,3,4046.41,820832,138080.0,153656.0,4100.0,4110.0,4016.1,4092.6,23762375,4501.8,3683.4,4440.0,3288.1,4038.0,27,3,4037.0,10,1,4036.8,24,1,4036.7,5,1,4036.5,44,2,4038.1,83,6,4038.3,16,2,4038.4,40,3,4038.8,20,1,4038.9,24,2
11483,2026-07-02 11:20:55+05:30,4038.1,3,4046.41,820866,138912.0,153737.0,4100.0,4110.0,4016.1,4092.6,23762375,4501.8,3683.4,4440.0,3288.1,4038.0,852,2,4037.1,2,1,4037.0,10,1,4036.8,24,1,4036.5,227,4,4038.1,80,5,4038.3,16,2,4038.4,18,1,4038.5,12,1,4038.7,48,1
11483,2026-07-02 11:20:56+05:30,4038.0,10,4046.41,820866,138912.0,153737.0,4100.0,4110.0,4016.1,4092.6,23762375,4501.8,3683.4,4440.0,3288.1,4038.0,852,2,4037.1,2,1,4037.0,10,1,4036.8,24,1,4036.5,227,4,4038.1,80,5,4038.3,16,2,4038.4,18,1,4038.5,12,1,4038.7,48,1
11483,2026-07-02 11:20:56+05:30,4038.0,10,4046.41,820876,138738.0,153584.0,4100.0,4110.0,4016.1,4092.6,23762375,4501.8,3683.4,4440.0,3288.1,4038.0,842,2,4037.1,2,1,4037.0,10,1,4036.8,44,2,4036.5,227,4,4038.1,79,4,4038.3,16,2,4038.4,18,1,4038.7,48,1,4038.8,20,1
11483,2026-07-02 11:20:57+05:30,4038.1,1,4046.41,820876,138738.0,153584.0,4100.0,4110.0,4016.1,4092.6,23762375,4501.8,3683.4,4440.0,3288.1,4038.0,842,2,4037.1,2,1,4037.0,10,1,4036.8,44,2,4036.5,227,4,4038.1,79,4,4038.3,16,2,4038.4,18,1,4038.7,48,1,4038.8,20,1
11483,2026-07-02 11:20:57+05:30,4038.1,1,4046.41,820878,138734.0,153350.0,4100.0,4110.0,4016.1,4092.6,23762375,4501.8,3683.4,4440.0,3288.1,4038.0,841,1,4037.1,2,1,4037.0,10,1,4036.8,44,2,4036.7,6,1,4038.1,3,3,4038.3,15,1,4038.9,17,2,4039.0,24,1,4039.1,107,5
11483,2026-07-02 11:20:58+05:30,4038.0,1,4046.41,820878,138734.0,153350.0,4100.0,4110.0,4016.1,4092.6,23762375,4501.8,3683.4,4440.0,3288.1,4038.0,841,1,4037.1,2,1,4037.0,10,1,4036.8,44,2,4036.7,6,1,4038.1,3,3,4038.3,15,1,4038.9,17,2,4039.0,24,1,4039.1,107,5
11483,2026-07-02 11:20:58+05:30,4038.5,7,4046.41,820986,138783.0,159386.0,4100.0,4110.0,4016.1,4092.6,23762375,4501.8,3683.4,4440.0,3288.1,4038.0,840,1,4037.0,10,1,4036.8,24,1,4036.6,2,1,4036.5,207,3,4038.5,6010,5,4038.6,13,1,4038.8,20,1,4038.9,49,4,4039.0,24,1
11483,2026-07-02 11:20:59+05:30,4038.0,4,4046.41,820986,138783.0,159386.0,4100.0,4110.0,4016.1,4092.6,23762375,4501.8,3683.4,4440.0,3288.1,4038.0,840,1,4037.0,10,1,4036.8,24,1,4036.6,2,1,4036.5,207,3,4038.5,6010,5,4038.6,13,1,4038.8,20,1,4038.9,49,4,4039.0,24,1
11483,2026-07-02 11:20:59+05:30,4038.0,4,4046.41,820990,138754.0,159713.0,4100.0,4110.0,4016.1,4092.6,23762375,4501.8,3683.4,4440.0,3288.1,4038.0,836,1,4037.0,10,1,4036.8,24,1,4036.6,2,1,4036.5,207,3,4038.5,6046,7,4038.6,28,2,4038.7,17,1,4038.8,20,1,4038.9,49,4
11483,2026-07-02 11:21:00+05:30,4038.0,4,4046.41,820990,138769.0,159870.0,4100.0,4110.0,4016.1,4092.6,23762375,4501.8,3683.4,4440.0,3288.1,4038.0,836,1,4037.0,10,1,4036.8,24,1,4036.6,2,1,4036.5,207,3,4038.5,6046,7,4038.6,28,2,4038.7,17,1,4038.8,20,1,4038.9,49,4
11483,2026-07-02 11:21:01+05:30,4038.5,5,4046.41,820990,138769.0,159870.0,4100.0,4110.0,4016.1,4092.6,23762375,4501.8,3683.4,4440.0,3288.1,4038.0,836,1,4037.0,10,1,4036.8,24,1,4036.6,2,1,4036.5,207,3,4038.5,6046,7,4038.6,28,2,4038.7,17,1,4038.8,20,1,4038.9,49,4
11483,2026-07-02 11:21:01+05:30,4038.0,6,4046.41,821007,138819.0,159782.0,4100.0,4110.0,4016.1,4092.6,23762375,4501.8,3683.4,4440.0,3288.1,4038.0,830,1,4037.0,10,1,4036.8,24,1,4036.6,2,1,4036.5,207,3,4038.3,1,1,4038.5,6035,7,4038.6,28,2,4038.7,17,1,4038.8,20,1
11483,2026-07-02 11:21:02+05:30,4038.0,6,4046.41,821007,138819.0,159782.0,4100.0,4110.0,4016.1,4092.6,23762375,4501.8,3683.4,4440.0,3288.1,4038.0,830,1,4037.0,10,1,4036.8,24,1,4036.6,2,1,4036.5,207,3,4038.3,1,1,4038.5,6035,7,4038.6,28,2,4038.7,17,1,4038.8,20,1
11483,2026-07-02 11:21:02+05:30,4038.0,6,4046.41,821007,138835.0,159929.0,4100.0,4110.0,4016.1,4092.6,23762375,4501.8,3683.4,4440.0,3288.1,4038.1,1,1,4038.0,830,1,4037.0,10,1,4036.9,2,1,4036.8,24,1,4038.3,1,1,4038.5,6011,6,4038.6,28,2,4038.7,17,1,4038.8,20,1
11483,2026-07-02 11:21:03+05:30,4038.3,1,4046.41,821007,138835.0,159929.0,4100.0,4110.0,4016.1,4092.6,23762375,4501.8,3683.4,4440.0,3288.1,4038.1,1,1,4038.0,830,1,4037.0,10,1,4036.9,2,1,4036.8,24,1,4038.3,1,1,4038.5,6011,6,4038.6,28,2,4038.7,17,1,4038.8,20,1
11483,2026-07-02 11:21:03+05:30,4038.3,1,4046.41,821008,138800.0,159799.0,4100.0,4110.0,4016.1,4092.6,23762375,4501.8,3683.4,4440.0,3288.1,4038.1,1,1,4038.0,830,1,4037.0,10,1,4036.8,24,1,4036.6,2,1,4038.3,45,5,4038.5,5968,4,4038.6,40,3,4038.7,17,1,4038.8,20,1
11483,2026-07-02 11:21:04+05:30,4038.2,2,4046.41,821008,138800.0,159799.0,4100.0,4110.0,4016.1,4092.6,23762375,4501.8,3683.4,4440.0,3288.1,4038.1,1,1,4038.0,830,1,4037.0,10,1,4036.8,24,1,4036.6,2,1,4038.3,45,5,4038.5,5968,4,4038.6,40,3,4038.7,17,1,4038.8,20,1
11483,2026-07-02 11:21:04+05:30,4038.2,2,4046.4,821058,138744.0,159875.0,4100.0,4110.0,4016.1,4092.6,23762375,4501.8,3683.4,4440.0,3288.1,4038.2,2,1,4038.1,1,1,4038.0,792,1,4037.0,31,2,4036.8,24,1,4038.3,56,6,4038.5,5971,5,4038.6,40,3,4038.7,17,1,4038.8,20,1
11483,2026-07-02 11:21:05+05:30,4038.3,14,4046.4,821058,138744.0,159875.0,4100.0,4110.0,4016.1,4092.6,23762375,4501.8,3683.4,4440.0,3288.1,4038.2,2,1,4038.1,1,1,4038.0,792,1,4037.0,31,2,4036.8,24,1,4038.3,56,6,4038.5,5971,5,4038.6,40,3,4038.7,17,1,4038.8,20,1
11483,2026-07-02 11:21:05+05:30,4038.3,14,4046.4,821073,138735.0,159732.0,4100.0,4110.0,4016.1,4092.6,23762375,4501.8,3683.4,4440.0,3288.1,4038.2,2,1,4038.1,1,1,4038.0,792,1,4037.0,31,2,4036.8,24,1,4038.3,42,6,4038.5,5959,4,4038.6,40,3,4038.7,17,1,4038.8,20,1
11483,2026-07-02 11:21:06+05:30,4038.3,7,4046.4,821073,138735.0,159732.0,4100.0,4110.0,4016.1,4092.6,23762375,4501.8,3683.4,4440.0,3288.1,4038.2,2,1,4038.1,1,1,4038.0,792,1,4037.0,31,2,4036.8,24,1,4038.3,42,6,4038.5,5959,4,4038.6,40,3,4038.7,17,1,4038.8,20,1
11483,2026-07-02 11:21:06+05:30,4038.3,7,4046.4,821089,138807.0,159734.0,4100.0,4110.0,4016.1,4092.6,23762375,4501.8,3683.4,4440.0,3288.1,4038.0,792,1,4037.0,31,2,4036.8,24,1,4036.5,207,3,4036.3,2,1,4038.3,34,5,4038.5,5959,4,4038.6,40,3,4038.7,17,1,4038.8,20,1
11483,2026-07-02 11:21:07+05:30,4038.1,23,4046.4,821089,138807.0,159734.0,4100.0,4110.0,4016.1,4092.6,23762375,4501.8,3683.4,4440.0,3288.1,4038.0,792,1,4037.0,31,2,4036.8,24,1,4036.5,207,3,4036.3,2,1,4038.3,34,5,4038.5,5959,4,4038.6,40,3,4038.7,17,1,4038.8,20,1
11483,2026-07-02 11:21:07+05:30,4038.1,23,4046.4,821862,137769.0,160026.0,4100.0,4110.0,4016.1,4092.6,23762375,4501.8,3683.4,4440.0,3288.1,4038.0,79,1,4037.0,10,1,4036.5,61,1,4036.2,5,1,4036.1,13,1,4038.1,59,4,4038.2,23,3,4038.3,25,5,4038.4,10,1,4038.5,5971,5
11483,2026-07-02 11:21:08+05:30,4038.0,1,4046.4,821862,137769.0,160026.0,4100.0,4110.0,4016.1,4092.6,23762375,4501.8,3683.4,4440.0,3288.1,4038.0,79,1,4037.0,10,1,4036.5,61,1,4036.2,5,1,4036.1,13,1,4038.1,59,4,4038.2,23,3,4038.3,25,5,4038.4,10,1,4038.5,5971,5
11483,2026-07-02 11:21:08+05:30,4038.0,1,4046.4,821863,137822.0,160040.0,4100.0,4110.0,4016.1,4092.6,23762375,4501.8,3683.4,4440.0,3288.1,4038.0,78,1,4037.0,10,1,4036.5,61,1,4036.2,5,1,4036.1,13,1,4038.1,66,5,4038.2,23,3,4038.3,23,3,4038.4,10,1,4038.5,5971,5
11483,2026-07-02 11:21:09+05:30,4038.1,2,4046.4,821863,137822.0,160040.0,4100.0,4110.0,4016.1,4092.6,23762375,4501.8,3683.4,4440.0,3288.1,4038.0,78,1,4037.0,10,1,4036.5,61,1,4036.2,5,1,4036.1,13,1,4038.1,66,5,4038.2,23,3,4038.3,23,3,4038.4,10,1,4038.5,5971,5
11483,2026-07-02 11:21:09+05:30,4038.1,2,4046.4,821865,137855.0,160039.0,4100.0,4110.0,4016.1,4092.6,23762375,4501.8,3683.4,4440.0,3288.1,4038.0,78,1,4037.0,10,1,4036.5,61,1,4036.2,5,1,4036.1,13,1,4038.1,65,6,4038.2,23,3,4038.3,23,3,4038.4,10,1,4038.5,5971,5
11483,2026-07-02 11:21:10+05:30,4038.1,2,4046.4,821865,137849.0,160042.0,4100.0,4110.0,4016.1,4092.6,23762375,4501.8,3683.4,4440.0,3288.1,4038.0,78,1,4037.0,10,1,4036.5,61,1,4036.2,5,1,4036.1,13,1,4038.1,65,6,4038.2,23,3,4038.3,23,3,4038.4,10,1,4038.5,5971,5
11483,2026-07-02 11:21:11+05:30,4038.1,4,4046.4,821865,137849.0,160042.0,4100.0,4110.0,4016.1,4092.6,23762375,4501.8,3683.4,4440.0,3288.1,4038.0,78,1,4037.0,10,1,4036.5,61,1,4036.2,5,1,4036.1,13,1,4038.1,65,6,4038.2,23,3,4038.3,23,3,4038.4,10,1,4038.5,5971,5
11483,2026-07-02 11:21:11+05:30,4038.1,4,4046.4,821969,138556.0,159832.0,4100.0,4110.0,4016.1,4092.6,23762375,4501.8,3683.4,4440.0,3288.1,4038.0,855,1,4037.0,10,1,4036.6,2,1,4036.5,183,2,4036.2,5,1,4038.1,50,6,4038.2,23,3,4038.3,28,3,4038.4,10,1,4038.5,5971,5
11483,2026-07-02 11:21:12+05:30,4038.0,10,4046.4,821969,138556.0,159832.0,4100.0,4110.0,4016.1,4092.6,23762375,4501.8,3683.4,4440.0,3288.1,4038.0,855,1,4037.0,10,1,4036.6,2,1,4036.5,183,2,4036.2,5,1,4038.1,50,6,4038.2,23,3,4038.3,28,3,4038.4,10,1,4038.5,5971,5
11483,2026-07-02 11:21:12+05:30,4038.0,10,4046.4,821981,138611.0,159838.0,4100.0,4110.0,4016.1,4092.6,23762375,4501.8,3683.4,4440.0,3288.1,4038.0,844,2,4037.0,10,1,4036.5,183,2,4036.3,2,1,4036.2,5,1,4038.1,50,6,4038.2,23,3,4038.3,28,3,4038.4,10,1,4038.5,5971,5
11483,2026-07-02 11:21:13+05:30,4038.1,6,4046.4,821981,138611.0,159838.0,4100.0,4110.0,4016.1,4092.6,23762375,4501.8,3683.4,4440.0,3288.1,4038.0,844,2,4037.0,10,1,4036.5,183,2,4036.3,2,1,4036.2,5,1,4038.1,50,6,4038.2,23,3,4038.3,28,3,4038.4,10,1,4038.5,5971,5
11483,2026-07-02 11:21:13+05:30,4038.1,6,4046.4,822006,138594.0,159864.0,4100.0,4110.0,4016.1,4092.6,23762375,4501.8,3683.4,4440.0,3288.1,4038.0,844,2,4037.0,10,1,4036.5,183,2,4036.2,2,1,4036.1,66,4,4038.1,79,7,4038.2,65,4,4038.3,70,4,4038.4,52,2,4038.5,5971,5
11483,2026-07-02 11:21:14+05:30,4038.0,4,4046.4,822006,138594.0,159864.0,4100.0,4110.0,4016.1,4092.6,23762375,4501.8,3683.4,4440.0,3288.1,4038.0,844,2,4037.0,10,1,4036.5,183,2,4036.2,2,1,4036.1,66,4,4038.1,79,7,4038.2,65,4,4038.3,70,4,4038.4,52,2,4038.5,5971,5
11483,2026-07-02 11:21:14+05:30,4038.0,4,4046.4,822010,138595.0,159891.0,4100.0,4110.0,4016.1,4092.6,23762375,4501.8,3683.4,4440.0,3288.1,4038.0,840,2,4037.0,10,1,4036.5,183,2,4036.2,2,1,4036.1,66,4,4038.1,79,7,4038.2,65,4,4038.3,70,4,4038.4,52,2,4038.5,5971,5
11483,2026-07-02 11:21:15+05:30,4038.0,4,4046.4,822010,138598.0,159966.0,4100.0,4110.0,4016.1,4092.6,23762375,4501.8,3683.4,4440.0,3288.1,4038.0,840,2,4037.0,10,1,4036.5,183,2,4036.2,2,1,4036.1,66,4,4038.1,79,7,4038.2,65,4,4038.3,70,4,4038.4,52,2,4038.5,5971,5
11483,2026-07-02 11:21:16+05:30,4038.0,8,4046.4,822010,138598.0,159966.0,4100.0,4110.0,4016.1,4092.6,23762375,4501.8,3683.4,4440.0,3288.1,4038.0,840,2,4037.0,10,1,4036.5,183,2,4036.2,2,1,4036.1,66,4,4038.1,79,7,4038.2,65,4,4038.3,70,4,4038.4,52,2,4038.5,5971,5
11483,2026-07-02 11:21:16+05:30,4038.0,8,4046.4,822023,138587.0,159888.0,4100.0,4110.0,4016.1,4092.6,23762375,4501.8,3683.4,4440.0,3288.1,4038.0,837,3,4037.0,10,1,4036.5,183,2,4036.2,2,1,4036.1,66,4,4038.1,44,5,4038.2,65,4,4038.3,88,4,4038.4,52,2,4038.5,5959,4
11483,2026-07-02 11:21:17+05:30,4038.0,1,4046.4,822023,138587.0,159888.0,4100.0,4110.0,4016.1,4092.6,23762375,4501.8,3683.4,4440.0,3288.1,4038.0,837,3,4037.0,10,1,4036.5,183,2,4036.2,2,1,4036.1,66,4,4038.1,44,5,4038.2,65,4,4038.3,88,4,4038.4,52,2,4038.5,5959,4
11483,2026-07-02 11:21:17+05:30,4038.0,1,4046.39,822031,138620.0,159376.0,4100.0,4110.0,4016.1,4092.6,23762375,4501.8,3683.4,4440.0,3288.1,4038.0,835,2,4037.1,2,1,4037.0,10,1,4036.8,20,1,4036.7,5,1,4038.1,30,3,4038.2,42,1,4038.3,83,3,4038.4,52,2,4038.5,5943,2
11483,2026-07-02 11:21:18+05:30,4038.0,1,4046.39,822031,138620.0,159376.0,4100.0,4110.0,4016.1,4092.6,23762375,4501.8,3683.4,4440.0,3288.1,4038.0,835,2,4037.1,2,1,4037.0,10,1,4036.8,20,1,4036.7,5,1,4038.1,30,3,4038.2,42,1,4038.3,83,3,4038.4,52,2,4038.5,5943,2
11483,2026-07-02 11:21:18+05:30,4038.0,1,4046.39,822032,138619.0,159403.0,4100.0,4110.0,4016.1,4092.6,23762375,4501.8,3683.4,4440.0,3288.1,4038.0,834,2,4037.1,2,1,4037.0,10,1,4036.8,20,1,4036.7,5,1,4038.1,29,2,4038.2,42,1,4038.3,83,3,4038.4,52,2,4038.5,5955,3
11483,2026-07-02 11:21:19+05:30,4038.0,1,4046.39,822032,138652.0,159355.0,4100.0,4110.0,4016.1,4092.6,23762375,4501.8,3683.4,4440.0,3288.1,4038.0,834,2,4037.0,34,2,4036.9,2,1,4036.8,20,1,4036.7,17,2,4038.1,29,2,4038.2,42,1,4038.3,83,3,4038.4,52,2,4038.5,5943,2
11483,2026-07-02 11:21:20+05:30,4038.0,1,4046.39,822032,138666.0,159327.0,4100.0,4110.0,4016.1,4092.6,23762375,4501.8,3683.4,4440.0,3288.1,4038.0,844,3,4037.0,10,1,4036.9,2,1,4036.8,20,1,4036.7,17,2,4038.1,1,1,4038.2,42,1,4038.3,83,3,4038.4,52,2,4038.5,5973,3
11483,2026-07-02 11:21:21+05:30,4038.0,1,4046.39,822032,138735.0,159187.0,4100.0,4110.0,4016.1,4092.6,23762375,4501.8,3683.4,4440.0,3288.1,4038.0,844,3,4037.1,26,2,4037.0,45,2,4036.9,75,1,4036.8,20,1,4038.1,2,2,4038.3,11,1,4038.5,5973,3,4038.6,13,1,4038.9,29,3
11483,2026-07-02 11:21:22+05:30,4038.1,10,4046.39,822032,138735.0,159187.0,4100.0,4110.0,4016.1,4092.6,23762375,4501.8,3683.4,4440.0,3288.1,4038.0,844,3,4037.1,26,2,4037.0,45,2,4036.9,75,1,4036.8,20,1,4038.1,2,2,4038.3,11,1,4038.5,5973,3,4038.6,13,1,4038.9,29,3
11483,2026-07-02 11:21:22+05:30,4038.1,10,4046.39,822043,139215.0,159214.0,4100.0,4110.0,4016.1,4092.6,23762375,4501.8,3683.4,4440.0,3288.1,4038.1,64,1,4038.0,947,6,4037.9,42,1,4037.8,42,1,4037.6,42,1,4038.5,5961,2,4038.9,17,2,4039.1,16,1,4039.2,32,2,4039.4,47,2
11483,2026-07-02 11:21:23+05:30,4038.5,32,4046.39,822043,139215.0,159214.0,4100.0,4110.0,4016.1,4092.6,23762375,4501.8,3683.4,4440.0,3288.1,4038.1,64,1,4038.0,947,6,4037.9,42,1,4037.8,42,1,4037.6,42,1,4038.5,5961,2,4038.9,17,2,4039.1,16,1,4039.2,32,2,4039.4,47,2
11483,2026-07-02 11:21:23+05:30,4038.5,81,4046.39,822156,139443.0,159108.0,4100.0,4110.0,4016.1,4092.6,23762375,4501.8,3683.4,4440.0,3288.1,4038.3,42,1,4038.2,42,1,4038.1,80,4,4038.0,847,5,4037.9,162,3,4038.5,5873,4,4038.9,12,1,4039.1,16,1,4039.2,12,1,4039.5,53,4
11483,2026-07-02 11:21:24+05:30,4038.5,1,4046.39,822156,139443.0,159108.0,4100.0,4110.0,4016.1,4092.6,23762375,4501.8,3683.4,4440.0,3288.1,4038.3,42,1,4038.2,42,1,4038.1,80,4,4038.0,847,5,4037.9,162,3,4038.5,5873,4,4038.9,12,1,4039.1,16,1,4039.2,12,1,4039.5,53,4
11483,2026-07-02 11:21:24+05:30,4038.4,42,4046.39,822263,139340.0,159280.0,4100.0,4110.0,4016.1,4092.6,23762375,4501.8,3683.4,4440.0,3288.1,4038.3,126,2,4038.2,102,2,4038.1,70,2,4038.0,889,6,4037.5,19,1,4038.5,5808,4,4038.6,12,1,4038.8,16,1,4038.9,24,2,4039.1,42,2
11483,2026-07-02 11:21:25+05:30,4038.5,39,4046.39,822263,139340.0,159280.0,4100.0,4110.0,4016.1,4092.6,23762375,4501.8,3683.4,4440.0,3288.1,4038.3,126,2,4038.2,102,2,4038.1,70,2,4038.0,889,6,4037.5,19,1,4038.5,5808,4,4038.6,12,1,4038.8,16,1,4038.9,24,2,4039.1,42,2
11483,2026-07-02 11:21:25+05:30,4038.5,76,4046.39,822383,139393.0,159186.0,4100.0,4110.0,4016.1,4092.6,23762375,4501.8,3683.4,4440.0,3288.1,4038.3,121,2,4038.2,102,2,4038.1,70,2,4038.0,893,7,4037.5,19,1,4038.5,5693,4,4038.9,24,2,4039.1,42,2,4039.2,24,2,4039.3,50,2
11483,2026-07-02 11:21:26+05:30,4038.5,81,4046.39,822383,139393.0,159186.0,4100.0,4110.0,4016.1,4092.6,23762375,4501.8,3683.4,4440.0,3288.1,4038.3,121,2,4038.2,102,2,4038.1,70,2,4038.0,893,7,4037.5,19,1,4038.5,5693,4,4038.9,24,2,4039.1,42,2,4039.2,24,2,4039.3,50,2
11483,2026-07-02 11:21:26+05:30,4038.3,1,4046.39,822581,139454.0,158845.0,4100.0,4110.0,4016.1,4092.6,23762375,4501.8,3683.4,4440.0,3288.1,4038.3,120,2,4038.2,104,3,4038.1,70,2,4038.0,893,7,4037.5,19,1,4038.5,5496,4,4038.9,12,1,4039.1,16,1,4039.2,24,2,4039.3,30,1
11483,2026-07-02 11:21:27+05:30,4038.5,67,4046.39,822581,139454.0,158845.0,4100.0,4110.0,4016.1,4092.6,23762375,4501.8,3683.4,4440.0,3288.1,4038.3,120,2,4038.2,104,3,4038.1,70,2,4038.0,893,7,4037.5,19,1,4038.5,5496,4,4038.9,12,1,4039.1,16,1,4039.2,24,2,4039.3,30,1
11483,2026-07-02 11:21:27+05:30,4038.5,70,4046.39,822887,139403.0,158565.0,4100.0,4110.0,4016.1,4092.6,23762375,4501.8,3683.4,4440.0,3288.1,4038.3,115,2,4038.2,104,3,4038.1,70,2,4038.0,894,7,4037.5,19,1,4038.5,5196,5,4038.9,12,1,4039.1,16,1,4039.2,12,1,4039.4,12,1
11483,2026-07-02 11:21:28+05:30,4038.5,81,4046.39,822887,139403.0,158565.0,4100.0,4110.0,4016.1,4092.6,23762375,4501.8,3683.4,4440.0,3288.1,4038.3,115,2,4038.2,104,3,4038.1,70,2,4038.0,894,7,4037.5,19,1,4038.5,5196,5,4038.9,12,1,4039.1,16,1,4039.2,12,1,4039.4,12,1
11483,2026-07-02 11:21:28+05:30,4038.5,7,4046.39,823058,139358.0,158517.0,4100.0,4110.0,4016.1,4092.6,23762375,4501.8,3683.4,4440.0,3288.1,4038.3,114,3,4038.2,104,3,4038.1,70,2,4038.0,899,8,4037.5,19,1,4038.5,5056,5,4038.9,12,1,4039.1,16,1,4039.2,12,1,4039.4,12,1
11483,2026-07-02 11:21:29+05:30,4038.5,81,4046.39,823058,139358.0,158517.0,4100.0,4110.0,4016.1,4092.6,23762375,4501.8,3683.4,4440.0,3288.1,4038.3,114,3,4038.2,104,3,4038.1,70,2,4038.0,899,8,4037.5,19,1,4038.5,5056,5,4038.9,12,1,4039.1,16,1,4039.2,12,1,4039.4,12,1
11483,2026-07-02 11:21:29+05:30,4038.5,81,4046.38,823145,139359.0,158436.0,4100.0,4110.0,4016.1,4092.6,23762375,4501.8,3683.4,4440.0,3288.1,4038.3,108,3,4038.2,104,3,4038.1,70,2,4038.0,899,8,4037.4,32,2,4038.5,4975,5,4038.9,12,1,4039.1,16,1,4039.2,12,1,4039.4,12,1
11483,2026-07-02 11:21:30+05:30,4038.5,81,4046.38,823145,139359.0,158436.0,4100.0,4110.0,4016.1,4092.6,23762375,4501.8,3683.4,4440.0,3288.1,4038.3,108,3,4038.2,104,3,4038.1,70,2,4038.0,899,8,4037.4,32,2,4038.5,4975,5,4038.9,12,1,4039.1,16,1,4039.2,12,1,4039.4,12,1
11483,2026-07-02 11:21:30+05:30,4038.5,3,4046.38,823234,139458.0,158305.0,4100.0,4110.0,4016.1,4092.6,23762375,4501.8,3683.4,4440.0,3288.1,4038.3,105,3,4038.2,104,3,4038.1,77,3,4038.0,899,8,4037.7,12,1,4038.5,4888,4,4039.1,16,1,4039.2,12,1,4039.5,71,5,4039.6,52,3
11483,2026-07-02 11:21:31+05:30,4038.4,7,4046.38,823234,139458.0,158305.0,4100.0,4110.0,4016.1,4092.6,23762375,4501.8,3683.4,4440.0,3288.1,4038.3,105,3,4038.2,104,3,4038.1,77,3,4038.0,899,8,4037.7,12,1,4038.5,4888,4,4039.1,16,1,4039.2,12,1,4039.5,71,5,4039.6,52,3
11483,2026-07-02 11:21:31+05:30,4038.4,15,4046.38,823342,139314.0,158225.0,4100.0,4110.0,4016.1,4092.6,23762375,4501.8,3683.4,4440.0,3288.1,4038.4,59,1,4038.3,62,2,4038.2,104,3,4038.1,119,4,4038.0,857,7,4038.5,4807,4,4039.0,200,1,4039.1,16,1,4039.2,12,1,4039.5,71,5
11483,2026-07-02 11:21:32+05:30,4038.5,18,4046.38,823342,139314.0,158225.0,4100.0,4110.0,4016.1,4092.6,23762375,4501.8,3683.4,4440.0,3288.1,4038.4,59,1,4038.3,62,2,4038.2,104,3,4038.1,119,4,4038.0,857,7,4038.5,4807,4,4039.0,200,1,4039.1,16,1,4039.2,12,1,4039.5,71,5
11483,2026-07-02 11:21:32+05:30,4038.5,18,4046.38,823766,139186.0,158098.0,4100.0,4110.0,4016.1,4092.6,23762375,4501.8,3683.4,4440.0,3288.1,4038.4,5,1,4038.3,103,3,4038.2,44,2,4038.1,78,3,4038.0,899,8,4038.5,4616,4,4039.0,200,1,4039.1,16,1,4039.2,12,1,4039.4,5,1
11483,2026-07-02 11:21:33+05:30,4038.5,60,4046.38,823766,139186.0,158098.0,4100.0,4110.0,4016.1,4092.6,23762375,4501.8,3683.4,4440.0,3288.1,4038.4,5,1,4038.3,103,3,4038.2,44,2,4038.1,78,3,4038.0,899,8,4038.5,4616,4,4039.0,200,1,4039.1,16,1,4039.2,12,1,4039.4,5,1
11483,2026-07-02 11:21:33+05:30,4038.5,81,4046.38,824031,139189.0,157819.0,4100.0,4110.0,4016.1,4092.6,23762375,4501.8,3683.4,4440.0,3288.1,4038.4,62,2,4038.3,43,2,4038.2,44,2,4038.1,77,3,4038.0,899,8,4038.5,4356,5,4039.0,200,1,4039.1,16,1,4039.2,12,1,4039.4,5,1
11483,2026-07-02 11:21:34+05:30,4038.5,19,4046.38,824031,139189.0,157819.0,4100.0,4110.0,4016.1,4092.6,23762375,4501.8,3683.4,4440.0,3288.1,4038.4,62,2,4038.3,43,2,4038.2,44,2,4038.1,77,3,4038.0,899,8,4038.5,4356,5,4039.0,200,1,4039.1,16,1,4039.2,12,1,4039.4,5,1
11483,2026-07-02 11:21:34+05:30,4038.5,81,4046.37,824215,139199.0,157683.0,4100.0,4110.0,4016.1,4092.6,23762375,4501.8,3683.4,4440.0,3288.1,4038.4,80,2,4038.3,43,2,4038.2,44,2,4038.1,77,3,4038.0,899,8,4038.5,4175,5,4039.0,200,1,4039.1,16,1,4039.2,24,2,4039.4,5,1
11483,2026-07-02 11:21:35+05:30,4038.5,81,4046.37,824215,139199.0,157683.0,4100.0,4110.0,4016.1,4092.6,23762375,4501.8,3683.4,4440.0,3288.1,4038.4,80,2,4038.3,43,2,4038.2,44,2,4038.1,77,3,4038.0,899,8,4038.5,4175,5,4039.0,200,1,4039.1,16,1,4039.2,24,2,4039.4,5,1
11483,2026-07-02 11:21:35+05:30,4038.4,2,4046.37,824215,139199.0,157683.0,4100.0,4110.0,4016.1,4092.6,23762375,4501.8,3683.4,4440.0,3288.1,4038.4,80,2,4038.3,43,2,4038.2,44,2,4038.1,77,3,4038.0,899,8,4038.5,4175,5,4039.0,200,1,4039.1,16,1,4039.2,24,2,4039.4,5,1
11483,2026-07-02 11:21:35+05:30,4038.4,2,4046.37,824215,139199.0,157683.0,4100.0,4110.0,4016.1,4092.6,23762375,4501.8,3683.4,4440.0,3288.1,4038.4,80,2,4038.3,43,2,4038.2,44,2,4038.1,77,3,4038.0,899,8,4038.5,4175,5,4039.0,200,1,4039.1,16,1,4039.2,24,2,4039.4,5,1
11483,2026-07-02 11:21:35+05:30,4038.5,81,4046.37,824379,139190.0,157460.0,4100.0,4110.0,4016.1,4092.6,23762375,4501.8,3683.4,4440.0,3288.1,4038.4,78,2,4038.3,43,2,4038.2,44,2,4038.1,77,3,4038.0,899,8,4038.5,4038,6,4039.0,200,1,4039.1,16,1,4039.2,24,2,4039.3,29,1
11483,2026-07-02 11:21:36+05:30,4038.5,81,4046.37,824379,139190.0,157460.0,4100.0,4110.0,4016.1,4092.6,23762375,4501.8,3683.4,4440.0,3288.1,4038.4,78,2,4038.3,43,2,4038.2,44,2,4038.1,77,3,4038.0,899,8,4038.5,4038,6,4039.0,200,1,4039.1,16,1,4039.2,24,2,4039.3,29,1
11483,2026-07-02 11:21:36+05:30,4038.5,81,4046.37,824379,139190.0,157460.0,4100.0,4110.0,4016.1,4092.6,23762375,4501.8,3683.4,4440.0,3288.1,4038.4,78,2,4038.3,43,2,4038.2,44,2,4038.1,77,3,4038.0,899,8,4038.5,4038,6,4039.0,200,1,4039.1,16,1,4039.2,24,2,4039.3,29,1
11483,2026-07-02 11:21:36+05:30,4038.5,81,4046.37,824379,139190.0,157460.0,4100.0,4110.0,4016.1,4092.6,23762375,4501.8,3683.4,4440.0,3288.1,4038.4,78,2,4038.3,43,2,4038.2,44,2,4038.1,77,3,4038.0,899,8,4038.5,4038,6,4039.0,200,1,4039.1,16,1,4039.2,24,2,4039.3,29,1
11483,2026-07-02 11:21:36+05:30,4038.5,2,4046.37,824656,139114.0,157174.0,4100.0,4110.0,4016.1,4092.6,23762375,4501.8,3683.4,4440.0,3288.1,4038.4,56,2,4038.3,43,2,4038.2,44,2,4038.1,77,3,4038.0,899,8,4038.5,3783,6,4038.6,40,2,4038.9,12,1,4039.0,219,2,4039.1,39,2
11483,2026-07-02 11:21:37+05:30,4038.5,2,4046.37,824656,139114.0,157174.0,4100.0,4110.0,4016.1,4092.6,23762375,4501.8,3683.4,4440.0,3288.1,4038.4,56,2,4038.3,43,2,4038.2,44,2,4038.1,77,3,4038.0,899,8,4038.5,3783,6,4038.6,40,2,4038.9,12,1,4039.0,219,2,4039.1,39,2
11483,2026-07-02 11:21:37+05:30,4038.4,20,4046.37,824656,139114.0,157174.0,4100.0,4110.0,4016.1,4092.6,23762375,4501.8,3683.4,4440.0,3288.1,4038.4,56,2,4038.3,43,2,4038.2,44,2,4038.1,77,3,4038.0,899,8,4038.5,3783,6,4038.6,40,2,4038.9,12,1,4039.0,219,2,4039.1,39,2
11483,2026-07-02 11:21:37+05:30,4038.4,20,4046.37,824656,139114.0,157174.0,4100.0,4110.0,4016.1,4092.6,23762375,4501.8,3683.4,4440.0,3288.1,4038.4,56,2,4038.3,43,2,4038.2,44,2,4038.1,77,3,4038.0,899,8,4038.5,3783,6,4038.6,40,2,4038.9,12,1,4039.0,219,2,4039.1,39,2
11483,2026-07-02 11:21:37+05:30,4038.5,81,4046.37,824840,139088.0,157019.0,4100.0,4110.0,4016.1,4092.6,23762375,4501.8,3683.4,4440.0,3288.1,4038.4,34,2,4038.3,43,2,4038.2,44,2,4038.1,77,3,4038.0,899,8,4038.5,3673,7,4038.6,40,2,4038.7,10,1,4038.9,12,1,4039.0,219,2
11483,2026-07-02 11:21:38+05:30,4038.5,81,4046.37,824840,139088.0,157019.0,4100.0,4110.0,4016.1,4092.6,23762375,4501.8,3683.4,4440.0,3288.1,4038.4,34,2,4038.3,43,2,4038.2,44,2,4038.1,77,3,4038.0,899,8,4038.5,3673,7,4038.6,40,2,4038.7,10,1,4038.9,12,1,4039.0,219,2
11483,2026-07-02 11:21:38+05:30,4038.5,81,4046.37,824840,139088.0,157019.0,4100.0,4110.0,4016.1,4092.6,23762375,4501.8,3683.4,4440.0,3288.1,4038.4,34,2,4038.3,43,2,4038.2,44,2,4038.1,77,3,4038.0,899,8,4038.5,3673,7,4038.6,40,2,4038.7,10,1,4038.9,12,1,4039.0,219,2
11483,2026-07-02 11:21:38+05:30,4038.5,81,4046.37,824840,139088.0,157019.0,4100.0,4110.0,4016.1,4092.6,23762375,4501.8,3683.4,4440.0,3288.1,4038.4,34,2,4038.3,43,2,4038.2,44,2,4038.1,77,3,4038.0,899,8,4038.5,3673,7,4038.6,40,2,4038.7,10,1,4038.9,12,1,4039.0,219,2
11483,2026-07-02 11:21:38+05:30,4038.4,20,4046.36,825207,139138.0,156538.0,4100.0,4110.0,4016.1,4092.6,23762375,4501.8,3683.4,4440.0,3288.1,4038.4,84,1,4038.3,43,2,4038.2,44,2,4038.1,77,3,4038.0,899,8,4038.5,3472,8,4038.6,12,1,4038.7,10,1,4038.9,28,2,4039.0,219,2
11483,2026-07-02 11:21:39+05:30,4038.4,20,4046.36,825207,139138.0,156538.0,4100.0,4110.0,4016.1,4092.6,23758875,4501.8,3683.4,4440.0,3288.1,4038.4,84,1,4038.3,43,2,4038.2,44,2,4038.1,77,3,4038.0,899,8,4038.5,3472,8,4038.6,12,1,4038.7,10,1,4038.9,28,2,4039.0,219,2
11483,2026-07-02 11:21:39+05:30,4038.4,4,4046.36,825207,139138.0,156538.0,4100.0,4110.0,4016.1,4092.6,23758875,4501.8,3683.4,4440.0,3288.1,4038.4,84,1,4038.3,43,2,4038.2,44,2,4038.1,77,3,4038.0,899,8,4038.5,3472,8,4038.6,12,1,4038.7,10,1,4038.9,28,2,4039.0,219,2
11483,2026-07-02 11:21:39+05:30,4038.4,4,4046.36,825207,139138.0,156538.0,4100.0,4110.0,4016.1,4092.6,23758875,4501.8,3683.4,4440.0,3288.1,4038.4,84,1,4038.3,43,2,4038.2,44,2,4038.1,77,3,4038.0,899,8,4038.5,3472,8,4038.6,12,1,4038.7,10,1,4038.9,28,2,4039.0,219,2
11483,2026-07-02 11:21:39+05:30,4038.4,4,4046.36,825293,139060.0,156497.0,4100.0,4110.0,4016.1,4092.6,23758875,4501.8,3683.4,4440.0,3288.1,4038.4,80,1,4038.3,43,2,4038.2,44,2,4038.1,17,2,4038.0,899,8,4038.5,3360,6,4038.6,40,2,4038.7,10,1,4038.8,3,1,4038.9,22,2
11483,2026-07-02 11:21:40+05:30,4038.4,4,4046.36,825293,139060.0,156497.0,4100.0,4110.0,4016.1,4092.6,23758875,4501.8,3683.4,4440.0,3288.1,4038.4,80,1,4038.3,43,2,4038.2,44,2,4038.1,17,2,4038.0,899,8,4038.5,3360,6,4038.6,40,2,4038.7,10,1,4038.8,3,1,4038.9,22,2
11483,2026-07-02 11:21:40+05:30,4038.5,20,4046.36,825293,139060.0,156497.0,4100.0,4110.0,4016.1,4092.6,23758875,4501.8,3683.4,4440.0,3288.1,4038.4,80,1,4038.3,43,2,4038.2,44,2,4038.1,17,2,4038.0,899,8,4038.5,3360,6,4038.6,40,2,4038.7,10,1,4038.8,3,1,4038.9,22,2
11483,2026-07-02 11:21:40+05:30,4038.5,20,4046.36,825293,139060.0,156497.0,4100.0,4110.0,4016.1,4092.6,23758875,4501.8,3683.4,4440.0,3288.1,4038.4,80,1,4038.3,43,2,4038.2,44,2,4038.1,17,2,4038.0,899,8,4038.5,3360,6,4038.6,40,2,4038.7,10,1,4038.8,3,1,4038.9,22,2
11483,2026-07-02 11:21:40+05:30,4038.5,20,4046.36,825515,139025.0,156291.0,4100.0,4110.0,4016.1,4092.6,23758875,4501.8,3683.4,4440.0,3288.1,4038.4,40,1,4038.3,43,2,4038.2,42,1,4038.1,17,2,4038.0,899,8,4038.5,3178,6,4038.6,27,1,4038.7,10,1,4038.8,3,1,4038.9,12,1
11483,2026-07-02 11:21:41+05:30,4038.5,81,4046.36,825515,139025.0,156291.0,4100.0,4110.0,4016.1,4092.6,23758875,4501.8,3683.4,4440.0,3288.1,4038.4,40,1,4038.3,43,2,4038.2,42,1,4038.1,17,2,4038.0,899,8,4038.5,3178,6,4038.6,27,1,4038.7,10,1,4038.8,3,1,4038.9,12,1
11483,2026-07-02 11:21:41+05:30,4038.5,81,4046.36,825679,138938.0,156276.0,4100.0,4110.0,4016.1,4092.6,23758875,4501.8,3683.4,4440.0,3288.1,4038.4,38,1,4038.3,1,1,4038.1,17,2,4038.0,857,7,4037.2,50,1,4038.5,3044,8,4038.7,10,1,4038.8,3,1,4038.9,12,1,4039.0,219,2
11483,2026-07-02 11:21:42+05:30,4038.4,12,4046.36,825679,138938.0,156276.0,4100.0,4110.0,4016.1,4092.6,23758875,4501.8,3683.4,4440.0,3288.1,4038.4,38,1,4038.3,1,1,4038.1,17,2,4038.0,857,7,4037.2,50,1,4038.5,3044,8,4038.7,10,1,4038.8,3,1,4038.9,12,1,4039.0,219,2
11483,2026-07-02 11:21:42+05:30,4038.4,12,4046.36,825713,138871.0,156468.0,4100.0,4110.0,4016.1,4092.6,23758875,4501.8,3683.4,4440.0,3288.1,4038.4,5,2,4038.3,1,1,4038.1,17,2,4038.0,857,7,4037.2,50,1,4038.5,3044,8,4038.6,86,2,4038.7,61,2,4038.8,3,1,4038.9,12,1
11483,2026-07-02 11:21:43+05:30,4038.4,12,4046.36,825713,138876.0,156472.0,4100.0,4110.0,4016.1,4092.6,23758875,4501.8,3683.4,4440.0,3288.1,4038.4,5,2,4038.3,1,1,4038.1,17,2,4038.0,857,7,4037.2,50,1,4038.5,3057,10,4038.6,74,1,4038.7,61,2,4038.8,3,1,4038.9,12,1
11483,2026-07-02 11:21:44+05:30,4038.4,4,4046.36,825713,138876.0,156472.0,4100.0,4110.0,4016.1,4092.6,23758875,4501.8,3683.4,4440.0,3288.1,4038.4,5,2,4038.3,1,1,4038.1,17,2,4038.0,857,7,4037.2,50,1,4038.5,3057,10,4038.6,74,1,4038.7,61,2,4038.8,3,1,4038.9,12,1
11483,2026-07-02 11:21:44+05:30,4038.4,4,4046.36,825717,138927.0,156573.0,4100.0,4110.0,4016.1,4092.6,23758875,4501.8,3683.4,4440.0,3288.1,4038.4,12,2,4038.3,1,1,4038.1,17,2,4038.0,857,7,4037.1,24,1,4038.5,3018,8,4038.6,113,3,4038.7,51,1,4038.8,3,1,4038.9,12,1
11483,2026-07-02 11:21:45+05:30,4038.5,1,4046.36,825717,138927.0,156573.0,4100.0,4110.0,4016.1,4092.6,23758875,4501.8,3683.4,4440.0,3288.1,4038.4,12,2,4038.3,1,1,4038.1,17,2,4038.0,857,7,4037.1,24,1,4038.5,3018,8,4038.6,113,3,4038.7,51,1,4038.8,3,1,4038.9,12,1
11483,2026-07-02 11:21:45+05:30,4038.5,4,4046.36,825726,138977.0,156709.0,4100.0,4110.0,4016.1,4092.6,23758875,4501.8,3683.4,4440.0,3288.1,4038.4,12,2,4038.3,1,1,4038.1,17,2,4038.0,857,7,4037.1,58,4,4038.5,3009,8,4038.6,74,1,4038.7,51,1,4039.0,200,1,4039.1,16,1
11483,2026-07-02 11:21:46+05:30,4038.5,7,4046.36,825726,138977.0,156709.0,4100.0,4110.0,4016.1,4092.6,23758875,4501.8,3683.4,4440.0,3288.1,4038.4,12,2,4038.3,1,1,4038.1,17,2,4038.0,857,7,4037.1,58,4,4038.5,3009,8,4038.6,74,1,4038.7,51,1,4039.0,200,1,4039.1,16,1
11483,2026-07-02 11:21:46+05:30,4038.5,7,4046.36,825744,139002.0,156742.0,4100.0,4110.0,4016.1,4092.6,23758875,4501.8,3683.4,4440.0,3288.1,4038.4,3,2,4038.3,1,1,4038.1,10,1,4038.0,857,7,4037.4,12,1,4038.5,3000,7,4038.6,74,1,4038.7,51,1,4039.0,200,1,4039.1,16,1
11483,2026-07-02 11:21:47+05:30,4038.5,2,4046.36,825744,139002.0,156742.0,4100.0,4110.0,4016.1,4092.6,23758875,4501.8,3683.4,4440.0,3288.1,4038.4,3,2,4038.3,1,1,4038.1,10,1,4038.0,857,7,4037.4,12,1,4038.5,3000,7,4038.6,74,1,4038.7,51,1,4039.0,200,1,4039.1,16,1
11483,2026-07-02 11:21:47+05:30,4038.4,2,4046.36,825748,138772.0,156741.0,4100.0,4110.0,4016.1,4092.6,23758875,4501.8,3683.4,4440.0,3288.1,4038.3,1,1,4038.1,10,1,4038.0,628,7,4037.4,12,1,4037.1,58,4,4038.5,2998,7,4038.6,74,1,4038.7,51,1,4039.0,200,1,4039.1,16,1
11483,2026-07-02 11:21:48+05:30,4038.3,1,4046.36,825748,138772.0,156741.0,4100.0,4110.0,4016.1,4092.6,23758875,4501.8,3683.4,4440.0,3288.1,4038.3,1,1,4038.1,10,1,4038.0,628,7,4037.4,12,1,4037.1,58,4,4038.5,2998,7,4038.6,74,1,4038.7,51,1,4039.0,200,1,4039.1,16,1
11483,2026-07-02 11:21:48+05:30,4038.0,318,4046.33,828793,138199.0,156973.0,4100.0,4110.0,4016.1,4092.6,23758875,4501.8,3683.4,4440.0,3288.1,4038.0,30,1,4037.0,10,1,4036.4,12,1,4036.2,13,1,4036.1,29,2,4038.3,53,6,4038.4,76,5,4038.5,2999,10,4038.6,109,3,4038.7,51,1
11483,2026-07-02 11:21:49+05:30,4038.0,31,4046.33,828793,138199.0,156973.0,4100.0,4110.0,4016.1,4092.6,23758875,4501.8,3683.4,4440.0,3288.1,4038.0,30,1,4037.0,10,1,4036.4,12,1,4036.2,13,1,4036.1,29,2,4038.3,53,6,4038.4,76,5,4038.5,2999,10,4038.6,109,3,4038.7,51,1
11483,2026-07-02 11:21:49+05:30,4038.3,2,4046.33,828826,139152.0,156914.0,4100.0,4110.0,4016.1,4092.6,23758875,4501.8,3683.4,4440.0,3288.1,4038.0,600,1,4037.0,10,1,4036.5,203,3,4036.4,48,3,4036.2,35,3,4038.3,34,5,4038.4,22,2,4038.5,2970,8,4038.6,109,3,4038.7,56,2
11483,2026-07-02 11:21:50+05:30,4038.3,2,4046.33,828826,139152.0,156914.0,4100.0,4110.0,4016.1,4092.6,23758875,4501.8,3683.4,4440.0,3288.1,4038.0,600,1,4037.0,10,1,4036.5,203,3,4036.4,48,3,4036.2,35,3,4038.3,34,5,4038.4,22,2,4038.5,2970,8,4038.6,109,3,4038.7,56,2
11483,2026-07-02 11:21:51+05:30,4038.0,8,4046.33,828834,139154.0,157167.0,4100.0,4110.0,4016.1,4092.6,23758875,4501.8,3683.4,4440.0,3288.1,4038.0,592,1,4037.0,10,1,4036.5,183,2,4036.4,48,3,4036.2,33,2,4038.2,28,4,4038.3,46,6,4038.4,37,3,4038.5,2970,8,4038.6,109,3
11483,2026-07-02 11:21:51+05:30,4038.0,10,4046.33,828834,139154.0,157167.0,4100.0,4110.0,4016.1,4092.6,23758875,4501.8,3683.4,4440.0,3288.1,4038.0,592,1,4037.0,10,1,4036.5,183,2,4036.4,48,3,4036.2,33,2,4038.2,28,4,4038.3,46,6,4038.4,37,3,4038.5,2970,8,4038.6,109,3
11483,2026-07-02 11:21:51+05:30,4038.0,10,4046.33,828844,139023.0,157388.0,4100.0,4110.0,4016.1,4092.6,23758875,4501.8,3683.4,4440.0,3288.1,4038.0,582,1,4037.0,10,1,4036.5,183,2,4036.4,12,1,4036.2,33,2,4038.1,92,6,4038.2,33,5,4038.3,56,5,4038.4,37,3,4038.5,2988,9
11483,2026-07-02 11:21:53+05:30,4038.0,10,4046.33,828844,139104.0,157316.0,4100.0,4110.0,4016.1,4092.6,23758875,4501.8,3683.4,4440.0,3288.1,4038.0,583,2,4037.0,10,1,4036.5,183,2,4036.4,12,1,4036.3,30,1,4038.1,100,7,4038.2,33,5,4038.3,26,4,4038.4,37,3,4038.5,2936,8
11483,2026-07-02 11:21:53+05:30,4038.0,222,4046.33,828844,139104.0,157316.0,4100.0,4110.0,4016.1,4092.6,23758875,4501.8,3683.4,4440.0,3288.1,4038.0,583,2,4037.0,10,1,4036.5,183,2,4036.4,12,1,4036.3,30,1,4038.1,100,7,4038.2,33,5,4038.3,26,4,4038.4,37,3,4038.5,2936,8
11483,2026-07-02 11:21:54+05:30,4038.1,2,4046.32,829243,138216.0,157431.0,4100.0,4110.0,4016.1,4092.6,23758875,4501.8,3683.4,4440.0,3288.1,4038.0,186,2,4037.0,10,1,4036.6,6,1,4036.5,183,2,4036.4,12,1,4038.1,99,8,4038.2,133,6,4038.3,26,4,4038.4,57,5,4038.5,2936,8
11483,2026-07-02 11:21:54+05:30,4038.0,144,4046.32,829243,138216.0,157431.0,4100.0,4110.0,4016.1,4092.6,23758875,4501.8,3683.4,4440.0,3288.1,4038.0,186,2,4037.0,10,1,4036.6,6,1,4036.5,183,2,4036.4,12,1,4038.1,99,8,4038.2,133,6,4038.3,26,4,4038.4,57,5,4038.5,2936,8
11483,2026-07-02 11:21:55+05:30,4038.0,175,4046.32,829771,138308.0,157521.0,4100.0,4110.0,4016.1,4092.6,23758875,4501.8,3683.4,4440.0,3288.1,4038.0,264,3,4037.0,10,1,4036.6,6,1,4036.5,183,2,4036.4,12,1,4038.1,59,6,4038.2,118,4,4038.3,26,4,4038.4,90,5,4038.5,2936,8
11483,2026-07-02 11:21:55+05:30,4038.0,92,4046.32,829771,138308.0,157521.0,4100.0,4110.0,4016.1,4092.6,23758875,4501.8,3683.4,4440.0,3288.1,4038.0,264,3,4037.0,10,1,4036.6,6,1,4036.5,183,2,4036.4,12,1,4038.1,59,6,4038.2,118,4,4038.3,26,4,4038.4,90,5,4038.5,2936,8
11483,2026-07-02 11:21:56+05:30,4038.0,10,4046.32,830137,138890.0,157600.0,4100.0,4110.0,4016.1,4092.6,23758875,4501.8,3683.4,4440.0,3288.1,4038.0,499,2,4037.0,10,1,4036.6,6,1,4036.5,183,2,4036.4,12,1,4038.1,47,6,4038.2,117,3,4038.3,20,3,4038.4,83,3,4038.5,2911,6
11483,2026-07-02 11:21:56+05:30,4038.0,3,4046.32,830137,138890.0,157600.0,4100.0,4110.0,4016.1,4092.6,23758875,4501.8,3683.4,4440.0,3288.1,4038.0,499,2,4037.0,10,1,4036.6,6,1,4036.5,183,2,4036.4,12,1,4038.1,47,6,4038.2,117,3,4038.3,20,3,4038.4,83,3,4038.5,2911,6
11483,2026-07-02 11:21:57+05:30,4038.1,1,4046.31,830316,138757.0,157945.0,4100.0,4110.0,4016.1,4092.6,23758875,4501.8,3683.4,4440.0,3288.1,4038.0,320,1,4037.0,10,1,4036.5,213,3,4036.4,12,1,4036.2,12,1,4038.1,46,6,4038.2,117,3,4038.3,20,3,4038.4,88,4,4038.5,2911,6
11483,2026-07-02 11:21:57+05:30,4038.0,175,4046.31,830316,138757.0,157945.0,4100.0,4110.0,4016.1,4092.6,23758875,4501.8,3683.4,4440.0,3288.1,4038.0,320,1,4037.0,10,1,4036.5,213,3,4036.4,12,1,4036.2,12,1,4038.1,46,6,4038.2,117,3,4038.3,20,3,4038.4,88,4,4038.5,2911,6
11483,2026-07-02 11:21:58+05:30,4038.1,15,4046.31,830508,138593.0,157447.0,4100.0,4110.0,4016.1,4092.6,23758875,4501.8,3683.4,4440.0,3288.1,4038.0,143,1,4037.0,10,1,4036.6,57,2,4036.5,183,2,4036.4,12,1,4038.1,31,6,4038.2,117,3,4038.3,25,4,4038.4,35,2,4038.5,2911,6
11483,2026-07-02 11:21:58+05:30,4038.0,2,4046.31,830508,138593.0,157447.0,4100.0,4110.0,4016.1,4092.6,23758875,4501.8,3683.4,4440.0,3288.1,4038.0,143,1,4037.0,10,1,4036.6,57,2,4036.5,183,2,4036.4,12,1,4038.1,31,6,4038.2,117,3,4038.3,25,4,4038.4,35,2,4038.5,2911,6
11483,2026-07-02 11:21:59+05:30,4038.0,175,4046.31,830873,138561.0,157533.0,4100.0,4110.0,4016.1,4092.6,23758875,4501.8,3683.4,4440.0,3288.1,4038.0,421,1,4037.0,10,1,4036.5,183,2,4036.4,12,1,4036.3,12,1,4038.1,23,4,4038.2,117,3,4038.3,32,4,4038.4,83,3,4038.5,2911,6
11483,2026-07-02 11:21:59+05:30,4038.0,4,4046.31,830873,138561.0,157533.0,4100.0,4110.0,4016.1,4092.6,23758875,4501.8,3683.4,4440.0,3288.1,4038.0,421,1,4037.0,10,1,4036.5,183,2,4036.4,12,1,4036.3,12,1,4038.1,23,4,4038.2,117,3,4038.3,32,4,4038.4,83,3,4038.5,2911,6
11483,2026-07-02 11:22:00+05:30,4038.0,495,4046.3,831873,138117.0,158122.0,4100.0,4110.0,4016.1,4092.6,23758875,4501.8,3683.4,4440.0,3288.1,4037.0,10,1,4036.2,33,1,4036.1,39,1,4036.0,58,4,4035.9,9,1,4037.9,103,5,4038.0,56,6,4038.1,55,5,4038.2,115,5,4038.3,55,6
11483,2026-07-02 11:22:00+05:30,4037.0,2,4046.3,831873,138117.0,158122.0,4100.0,4110.0,4016.1,4092.6,23758875,4501.8,3683.4,4440.0,3288.1,4037.0,10,1,4036.2,33,1,4036.1,39,1,4036.0,58,4,4035.9,9,1,4037.9,103,5,4038.0,56,6,4038.1,55,5,4038.2,115,5,4038.3,55,6
11483,2026-07-02 11:22:01+05:30,4037.5,3,4046.3,831881,137566.0,158805.0,4100.0,4110.0,4016.1,4092.6,23758875,4501.8,3683.4,4440.0,3288.1,4037.0,8,1,4036.0,45,4,4035.9,9,1,4035.8,9,1,4035.7,2,1,4037.6,83,6,4037.7,55,5,4037.8,7,1,4037.9,66,5,4038.0,67,7
11483,2026-07-02 11:22:01+05:30,4037.5,3,4046.3,831881,137566.0,158805.0,4100.0,4110.0,4016.1,4092.6,23758875,4501.8,3683.4,4440.0,3288.1,4037.0,8,1,4036.0,45,4,4035.9,9,1,4035.8,9,1,4035.7,2,1,4037.6,83,6,4037.7,55,5,4037.8,7,1,4037.9,66,5,4038.0,67,7
11483,2026-07-02 11:22:02+05:30,4037.6,5,4046.3,832064,137810.0,158291.0,4100.0,4110.0,4016.1,4092.6,23758875,4501.8,3683.4,4440.0,3288.1,4036.6,29,2,4036.5,38,2,4036.4,42,2,4036.3,62,3,4036.2,50,5,4037.6,16,2,4037.7,1,1,4037.9,12,1,4038.0,49,5,4038.1,47,3
11483,2026-07-02 11:22:02+05:30,4036.6,1,4046.3,832064,137810.0,158291.0,4100.0,4110.0,4016.1,4092.6,23758875,4501.8,3683.4,4440.0,3288.1,4036.6,29,2,4036.5,38,2,4036.4,42,2,4036.3,62,3,4036.2,50,5,4037.6,16,2,4037.7,1,1,4037.9,12,1,4038.0,49,5,4038.1,47,3
11483,2026-07-02 11:22:03+05:30,4037.6,2,4046.3,832110,137785.0,158695.0,4100.0,4110.0,4016.1,4092.6,23758875,4501.8,3683.4,4440.0,3288.1,4036.3,23,2,4036.2,1,1,4036.1,93,3,4036.0,78,8,4035.9,23,2,4037.6,2,1,4037.7,1,1,4037.9,12,1,4038.0,49,5,4038.1,94,4
11483,2026-07-02 11:22:03+05:30,4037.6,2,4046.3,832110,137785.0,158695.0,4100.0,4110.0,4016.1,4092.6,23758875,4501.8,3683.4,4440.0,3288.1,4036.3,23,2,4036.2,1,1,4036.1,93,3,4036.0,78,8,4035.9,23,2,4037.6,2,1,4037.7,1,1,4037.9,12,1,4038.0,49,5,4038.1,94,4
11483,2026-07-02 11:22:04+05:30,4037.6,2,4046.3,832110,137809.0,158817.0,4100.0,4110.0,4016.1,4092.6,23758875,4501.8,3683.4,4440.0,3288.1,4036.3,12,1,4036.2,1,1,4036.0,19,3,4035.8,9,1,4035.7,16,2,4037.5,79,3,4037.6,71,5,4037.7,1,1,4037.8,45,2,4037.9,41,2
11483,2026-07-02 11:22:05+05:30,4036.4,4,4046.3,832114,137667.0,159406.0,4100.0,4110.0,4016.1,4092.6,23758875,4501.8,3683.4,4440.0,3288.1,4036.4,2,1,4036.3,12,1,4036.2,1,1,4036.0,19,3,4035.8,9,1,4037.4,20,2,4037.5,5,1,4037.6,90,6,4037.7,23,3,4037.8,88,3
11483,2026-07-02 11:22:05+05:30,4036.3,12,4046.3,832114,137667.0,159406.0,4100.0,4110.0,4016.1,4092.6,23758875,4501.8,3683.4,4440.0,3288.1,4036.4,2,1,4036.3,12,1,4036.2,1,1,4036.0,19,3,4035.8,9,1,4037.4,20,2,4037.5,5,1,4037.6,90,6,4037.7,23,3,4037.8,88,3
11483,2026-07-02 11:22:06+05:30,4036.3,7,4046.29,832157,137144.0,160142.0,4100.0,4110.0,4016.1,4092.6,23758875,4501.8,3683.4,4440.0,3288.1,4036.0,20,3,4035.8,9,1,4035.7,2,1,4035.5,36,2,4035.4,5,1,4036.3,167,4,4037.1,14,2,4037.2,35,4,4037.3,24,2,4037.4,61,6
11483,2026-07-02 11:22:06+05:30,4036.3,7,4046.29,832157,137144.0,160142.0,4100.0,4110.0,4016.1,4092.6,23758875,4501.8,3683.4,4440.0,3288.1,4036.0,20,3,4035.8,9,1,4035.7,2,1,4035.5,36,2,4035.4,5,1,4036.3,167,4,4037.1,14,2,4037.2,35,4,4037.3,24,2,4037.4,61,6
11483,2026-07-02 11:22:07+05:30,4036.3,7,4046.29,832157,137188.0,160130.0,4100.0,4110.0,4016.1,4092.6,23758875,4501.8,3683.4,4440.0,3288.1,4036.0,20,3,4035.8,9,1,4035.7,2,1,4035.5,48,3,4035.4,5,1,4036.3,170,5,4037.1,14,2,4037.2,35,4,4037.3,24,2,4037.4,60,5
11483,2026-07-02 11:22:08+05:30,4036.3,1,4046.29,832158,137298.0,160154.0,4100.0,4110.0,4016.1,4092.6,23758875,4501.8,3683.4,4440.0,3288.1,4036.0,20,3,4035.8,9,1,4035.7,2,1,4035.5,48,3,4035.4,5,1,4036.3,170,6,4037.1,27,3,4037.2,35,4,4037.3,24,2,4037.4,53,4
11483,2026-07-02 11:22:08+05:30,4036.0,1,4046.29,832158,137298.0,160154.0,4100.0,4110.0,4016.1,4092.6,23758875,4501.8,3683.4,4440.0,3288.1,4036.0,20,3,4035.8,9,1,4035.7,2,1,4035.5,48,3,4035.4,5,1,4036.3,170,6,4037.1,27,3,4037.2,35,4,4037.3,24,2,4037.4,53,4
11483,2026-07-02 11:22:09+05:30,4036.3,1,4046.29,832161,137298.0,160192.0,4100.0,4110.0,4016.1,4092.6,23758875,4501.8,3683.4,4440.0,3288.1,4036.0,18,3,4035.8,9,1,4035.7,2,1,4035.5,48,3,4035.4,5,1,4036.3,169,6,4037.1,27,3,4037.2,35,4,4037.3,24,2,4037.4,53,4
11483,2026-07-02 11:22:09+05:30,4036.3,1,4046.29,832161,137298.0,160192.0,4100.0,4110.0,4016.1,4092.6,23758875,4501.8,3683.4,4440.0,3288.1,4036.0,18,3,4035.8,9,1,4035.7,2,1,4035.5,48,3,4035.4,5,1,4036.3,169,6,4037.1,27,3,4037.2,35,4,4037.3,24,2,4037.4,53,4
11483,2026-07-02 11:22:10+05:30,4036.3,2,4046.29,832173,137359.0,160194.0,4100.0,4110.0,4016.1,4092.6,23758875,4501.8,3683.4,4440.0,3288.1,4036.0,18,3,4035.8,21,2,4035.7,2,1,4035.5,36,2,4035.4,5,1,4036.3,157,6,4037.1,14,2,4037.2,35,4,4037.3,56,3,4037.4,53,4
11483,2026-07-02 11:22:10+05:30,4036.3,2,4046.29,832173,137359.0,160194.0,4100.0,4110.0,4016.1,4092.6,23758875,4501.8,3683.4,4440.0,3288.1,4036.0,18,3,4035.8,21,2,4035.7,2,1,4035.5,36,2,4035.4,5,1,4036.3,157,6,4037.1,14,2,4037.2,35,4,4037.3,56,3,4037.4,53,4
11483,2026-07-02 11:22:11+05:30,4036.0,1,4046.29,832174,137366.0,160214.0,4100.0,4110.0,4016.1,4092.6,23758875,4501.8,3683.4,4440.0,3288.1,4036.0,8,2,4035.8,9,1,4035.7,2,1,4035.5,1,1,4035.4,5,1,4036.2,25,4,4036.3,157,6,4037.1,14,2,4037.2,35,4,4037.3,56,3
11483,2026-07-02 11:22:11+05:30,4036.3,66,4046.29,832174,137366.0,160214.0,4100.0,4110.0,4016.1,4092.6,23758875,4501.8,3683.4,4440.0,3288.1,4036.0,8,2,4035.8,9,1,4035.7,2,1,4035.5,1,1,4035.4,5,1,4036.2,25,4,4036.3,157,6,4037.1,14,2,4037.2,35,4,4037.3,56,3
11483,2026-07-02 11:22:12+05:30,4036.3,66,4046.29,832274,137327.0,160151.0,4100.0,4110.0,4016.1,4092.6,23758875,4501.8,3683.4,4440.0,3288.1,4036.1,1,1,4036.0,18,4,4035.8,9,1,4035.7,2,1,4035.6,12,1,4036.3,87,4,4037.1,14,2,4037.2,35,4,4037.3,56,3,4037.4,53,4
11483,2026-07-02 11:22:12+05:30,4036.0,9,4046.29,832274,137327.0,160151.0,4100.0,4110.0,4016.1,4092.6,23758875,4501.8,3683.4,4440.0,3288.1,4036.1,1,1,4036.0,18,4,4035.8,9,1,4035.7,2,1,4035.6,12,1,4036.3,87,4,4037.1,14,2,4037.2,35,4,4037.3,56,3,4037.4,53,4
11483,2026-07-02 11:22:13+05:30,4036.0,2,4046.29,832298,136782.0,160198.0,4100.0,4110.0,4016.1,4092.6,23758875,4501.8,3683.4,4440.0,3288.1,4035.8,9,1,4035.7,2,1,4035.5,1,1,4035.4,5,1,4035.3,25,1,4036.0,2809,4,4036.3,90,5,4036.8,13,1,4037.0,30,1,4037.1,34,3
11483,2026-07-02 11:22:13+05:30,4036.0,2,4046.29,832298,136782.0,160198.0,4100.0,4110.0,4016.1,4092.6,23758875,4501.8,3683.4,4440.0,3288.1,4035.8,9,1,4035.7,2,1,4035.5,1,1,4035.4,5,1,4035.3,25,1,4036.0,2809,4,4036.3,90,5,4036.8,13,1,4037.0,30,1,4037.1,34,3
11483,2026-07-02 11:22:14+05:30,4035.8,4,4046.29,832302,136783.0,160215.0,4100.0,4110.0,4016.1,4092.6,23758875,4501.8,3683.4,4440.0,3288.1,4035.8,5,1,4035.7,2,1,4035.5,1,1,4035.4,5,1,4035.3,25,1,4036.0,2835,7,4036.3,87,4,4036.6,12,1,4036.8,68,3,4037.0,30,1
11483,2026-07-02 11:22:14+05:30,4036.0,1,4046.29,832302,136783.0,160215.0,4100.0,4110.0,4016.1,4092.6,23758875,4501.8,3683.4,4440.0,3288.1,4035.8,5,1,4035.7,2,1,4035.5,1,1,4035.4,5,1,4035.3,25,1,4036.0,2835,7,4036.3,87,4,4036.6,12,1,4036.8,68,3,4037.0,30,1
11483,2026-07-02 11:22:15+05:30,4036.0,1,4046.29,832304,136826.0,160217.0,4100.0,4110.0,4016.1,4092.6,23758875,4501.8,3683.4,4440.0,3288.1,4035.8,5,1,4035.7,2,1,4035.5,1,1,4035.4,5,1,4035.3,25,1,4036.0,2833,7,4036.3,87,4,4036.8,68,3,4037.0,30,1,4037.1,46,4
11483,2026-07-02 11:22:15+05:30,4036.0,20,4046.29,832304,136826.0,160217.0,4100.0,4110.0,4016.1,4092.6,23758875,4501.8,3683.4,4440.0,3288.1,4035.8,5,1,4035.7,2,1,4035.5,1,1,4035.4,5,1,4035.3,25,1,4036.0,2833,7,4036.3,87,4,4036.8,68,3,4037.0,30,1,4037.1,46,4
11483,2026-07-02 11:22:16+05:30,4036.0,3,4046.29,832329,136846.0,160137.0,4100.0,4110.0,4016.1,4092.6,23758875,4501.8,3683.4,4440.0,3288.1,4035.8,5,1,4035.7,2,1,4035.5,1,1,4035.4,5,1,4035.3,25,1,4036.0,2808,7,4036.3,87,4,4036.8,68,3,4037.0,30,1,4037.1,46,4
11483,2026-07-02 11:22:16+05:30,4035.8,1,4046.29,832329,136846.0,160137.0,4100.0,4110.0,4016.1,4092.6,23758875,4501.8,3683.4,4440.0,3288.1,4035.8,5,1,4035.7,2,1,4035.5,1,1,4035.4,5,1,4035.3,25,1,4036.0,2808,7,4036.3,87,4,4036.8,68,3,4037.0,30,1,4037.1,46,4
11483,2026-07-02 11:22:16+05:30,4035.8,1,4046.29,832330,136490.0,160217.0,4100.0,4110.0,4016.1,4092.6,23758875,4501.8,3683.4,4440.0,3288.1,4035.8,4,1,4035.7,2,1,4035.5,1,1,4035.4,5,1,4035.3,25,1,4036.0,2807,6,4036.3,87,4,4036.8,68,3,4037.0,30,1,4037.1,46,4
11483,2026-07-02 11:22:18+05:30,4035.8,1,4046.29,832330,137197.0,160160.0,4100.0,4110.0,4016.1,4092.6,23758875,4501.8,3683.4,4440.0,3288.1,4035.9,1,1,4035.8,4,1,4035.7,2,1,4035.5,1,1,4035.4,5,1,4036.0,2802,5,4036.3,87,4,4036.8,68,3,4037.0,30,1,4037.1,46,4
11483,2026-07-02 11:22:18+05:30,4036.0,9,4046.29,832330,137197.0,160160.0,4100.0,4110.0,4016.1,4092.6,23758875,4501.8,3683.4,4440.0,3288.1,4035.9,1,1,4035.8,4,1,4035.7,2,1,4035.5,1,1,4035.4,5,1,4036.0,2802,5,4036.3,87,4,4036.8,68,3,4037.0,30,1,4037.1,46,4
11483,2026-07-02 11:22:19+05:30,4035.4,3,4046.29,832362,136928.0,159847.0,4100.0,4110.0,4016.1,4092.6,23758875,4501.8,3683.4,4440.0,3288.1,4035.4,2,1,4035.3,25,1,4035.2,20,1,4035.0,889,47,4034.7,53,3,4036.0,2788,5,4036.3,87,4,4036.8,33,2,4037.0,30,1,4037.1,46,4
11483,2026-07-02 11:22:19+05:30,4035.4,3,4046.29,832362,136928.0,159847.0,4100.0,4110.0,4016.1,4092.6,23758875,4501.8,3683.4,4440.0,3288.1,4035.4,2,1,4035.3,25,1,4035.2,20,1,4035.0,889,47,4034.7,53,3,4036.0,2788,5,4036.3,87,4,4036.8,33,2,4037.0,30,1,4037.1,46,4
11483,2026-07-02 11:22:20+05:30,4035.0,10,4046.29,832362,136928.0,159847.0,4100.0,4110.0,4016.1,4092.6,23758875,4501.8,3683.4,4440.0,3288.1,4035.4,2,1,4035.3,25,1,4035.2,20,1,4035.0,889,47,4034.7,53,3,4036.0,2788,5,4036.3,87,4,4036.8,33,2,4037.0,30,1,4037.1,46,4
11483,2026-07-02 11:22:20+05:30,4036.0,28,4046.29,832470,136345.0,159857.0,4100.0,4110.0,4016.1,4092.6,23758875,4501.8,3683.4,4440.0,3288.1,4035.0,833,40,4034.4,36,2,4034.3,13,1,4034.2,63,3,4034.1,73,3,4036.0,2764,6,4036.3,44,4,4036.5,7,1,4036.6,5,1,4036.8,33,2
11483,2026-07-02 11:22:21+05:30,4035.5,1,4046.29,832470,136345.0,159857.0,4100.0,4110.0,4016.1,4092.6,23758875,4501.8,3683.4,4440.0,3288.1,4035.0,833,40,4034.4,36,2,4034.3,13,1,4034.2,63,3,4034.1,73,3,4036.0,2764,6,4036.3,44,4,4036.5,7,1,4036.6,5,1,4036.8,33,2
11483,2026-07-02 11:22:21+05:30,4035.5,1,4046.29,832475,135602.0,159215.0,4100.0,4110.0,4016.1,4092.6,23758875,4501.8,3683.4,4440.0,3288.1,4035.0,876,43,4034.7,24,2,4034.6,10,1,4034.5,47,2,4034.4,63,4,4035.5,1,1,4035.9,11,1,4036.0,2774,5,4036.3,19,2,4036.5,7,1
11483,2026-07-02 11:22:22+05:30,4035.5,1,4046.29,832475,135732.0,159195.0,4100.0,4110.0,4016.1,4092.6,23758875,4501.8,3683.4,4440.0,3288.1,4035.2,1,1,4035.0,876,43,4034.7,24,2,4034.6,10,1,4034.5,47,2,4035.5,1,1,4035.9,11,1,4036.0,2750,4,4036.3,19,2,4036.5,27,2
11483,2026-07-02 11:22:23+05:30,4035.9,2,4046.29,832487,135894.0,159242.0,4100.0,4110.0,4016.1,4092.6,23758875,4501.8,3683.4,4440.0,3288.1,4035.2,9,2,4035.0,861,42,4034.7,12,1,4034.6,10,1,4034.5,24,1,4035.9,90,3,4036.0,2750,4,4036.3,19,2,4036.5,27,2,4036.7,38,1
11483,2026-07-02 11:22:23+05:30,4035.9,2,4046.29,832487,135894.0,159242.0,4100.0,4110.0,4016.1,4092.6,23758875,4501.8,3683.4,4440.0,3288.1,4035.2,9,2,4035.0,861,42,4034.7,12,1,4034.6,10,1,4034.5,24,1,4035.9,90,3,4036.0,2750,4,4036.3,19,2,4036.5,27,2,4036.7,38,1
11483,2026-07-02 11:22:24+05:30,4035.9,1,4046.29,832488,135909.0,159587.0,4100.0,4110.0,4016.1,4092.6,23758875,4501.8,3683.4,4440.0,3288.1,4035.2,9,2,4035.0,849,41,4034.4,61,3,4034.3,14,2,4034.2,91,4,4035.9,91,4,4036.0,2853,6,4036.3,19,2,4036.5,27,2,4036.7,38,1
11483,2026-07-02 11:22:24+05:30,4035.9,1,4046.29,832488,135909.0,159587.0,4100.0,4110.0,4016.1,4092.6,23758875,4501.8,3683.4,4440.0,3288.1,4035.2,9,2,4035.0,849,41,4034.4,61,3,4034.3,14,2,4034.2,91,4,4035.9,91,4,4036.0,2853,6,4036.3,19,2,4036.5,27,2,4036.7,38,1
11483,2026-07-02 11:22:25+05:30,4035.9,1,4046.29,832488,135921.0,159587.0,4100.0,4110.0,4016.1,4092.6,23758875,4501.8,3683.4,4440.0,3288.1,4035.2,9,2,4035.0,849,41,4034.7,12,1,4034.4,63,4,4034.3,12,1,4035.9,91,4,4036.0,2853,6,4036.3,19,2,4036.5,27,2,4036.7,38,1
11483,2026-07-02 11:22:26+05:30,4035.9,1,4046.29,832496,135916.0,159581.0,4100.0,4110.0,4016.1,4092.6,23758875,4501.8,3683.4,4440.0,3288.1,4035.2,9,2,4035.0,849,41,4034.7,12,1,4034.4,63,4,4034.3,12,1,4035.9,83,3,4036.0,2853,6,4036.3,19,2,4036.5,27,2,4036.7,38,1
11483,2026-07-02 11:22:26+05:30,4035.9,1,4046.29,832496,135916.0,159581.0,4100.0,4110.0,4016.1,4092.6,23758875,4501.8,3683.4,4440.0,3288.1,4035.2,9,2,4035.0,849,41,4034.7,12,1,4034.4,63,4,4034.3,12,1,4035.9,83,3,4036.0,2853,6,4036.3,19,2,4036.5,27,2,4036.7,38,1
11483,2026-07-02 11:22:27+05:30,4035.0,25,4046.29,832523,135886.0,159634.0,4100.0,4110.0,4016.1,4092.6,23758875,4501.8,3683.4,4440.0,3288.1,4035.0,824,41,4034.5,12,1,4034.4,24,1,4034.2,65,4,4034.1,61,3,4035.9,81,3,4036.0,2853,6,4036.2,5,1,4036.3,19,2,4036.5,65,3
11483,2026-07-02 11:22:27+05:30,4035.0,25,4046.29,832523,135886.0,159634.0,4100.0,4110.0,4016.1,4092.6,23758875,4501.8,3683.4,4440.0,3288.1,4035.0,824,41,4034.5,12,1,4034.4,24,1,4034.2,65,4,4034.1,61,3,4035.9,81,3,4036.0,2853,6,4036.2,5,1,4036.3,19,2,4036.5,65,3
11483,2026-07-02 11:22:28+05:30,4035.0,2,4046.29,832525,135758.0,159702.0,4100.0,4110.0,4016.1,4092.6,23758875,4501.8,3683.4,4440.0,3288.1,4035.0,842,42,4034.4,36,2,4034.2,63,3,4034.1,20,3,4034.0,349,9,4035.9,80,2,4036.0,2858,7,4036.3,19,2,4036.5,58,2,4036.8,62,3
11483,2026-07-02 11:22:28+05:30,4035.0,2,4046.29,832525,135758.0,159702.0,4100.0,4110.0,4016.1,4092.6,23758875,4501.8,3683.4,4440.0,3288.1,4035.0,842,42,4034.4,36,2,4034.2,63,3,4034.1,20,3,4034.0,349,9,4035.9,80,2,4036.0,2858,7,4036.3,19,2,4036.5,58,2,4036.8,62,3
11483,2026-07-02 11:22:29+05:30,4035.9,25,4046.29,832563,135763.0,159691.0,4100.0,4110.0,4016.1,4092.6,23758875,4501.8,3683.4,4440.0,3288.1,4035.0,837,42,4034.4,36,2,4034.2,63,3,4034.1,40,4,4034.0,349,9,4035.9,47,2,4036.0,2858,7,4036.3,19,2,4036.5,58,2,4036.8,62,3
11483,2026-07-02 11:22:29+05:30,4035.9,25,4046.29,832563,135763.0,159691.0,4100.0,4110.0,4016.1,4092.6,23758875,4501.8,3683.4,4440.0,3288.1,4035.0,837,42,4034.4,36,2,4034.2,63,3,4034.1,40,4,4034.0,349,9,4035.9,47,2,4036.0,2858,7,4036.3,19,2,4036.5,58,2,4036.8,62,3
11483,2026-07-02 11:22:30+05:30,4035.9,2,4046.29,832563,135763.0,159691.0,4100.0,4110.0,4016.1,4092.6,23758875,4501.8,3683.4,4440.0,3288.1,4035.0,837,42,4034.4,36,2,4034.2,63,3,4034.1,40,4,4034.0,349,9,4035.9,47,2,4036.0,2858,7,4036.3,19,2,4036.5,58,2,4036.8,62,3
11483,2026-07-02 11:22:30+05:30,4035.9,2,4046.29,832566,135763.0,159689.0,4100.0,4110.0,4016.1,4092.6,23758875,4501.8,3683.4,4440.0,3288.1,4035.0,836,42,4034.4,36,2,4034.2,63,3,4034.1,20,3,4034.0,349,9,4035.9,45,2,4036.0,2858,7,4036.3,19,2,4036.5,58,2,4036.8,62,3
11483,2026-07-02 11:22:31+05:30,4035.9,10,4046.29,832566,135763.0,159689.0,4100.0,4110.0,4016.1,4092.6,23758875,4501.8,3683.4,4440.0,3288.1,4035.0,836,42,4034.4,36,2,4034.2,63,3,4034.1,20,3,4034.0,349,9,4035.9,45,2,4036.0,2858,7,4036.3,19,2,4036.5,58,2,4036.8,62,3
11483,2026-07-02 11:22:31+05:30,4035.9,10,4046.29,832592,135870.0,159637.0,4100.0,4110.0,4016.1,4092.6,23758875,4501.8,3683.4,4440.0,3288.1,4035.0,868,44,4034.7,32,2,4034.6,6,1,4034.5,23,1,4034.4,74,3,4035.9,29,2,4036.0,2858,7,4036.3,19,2,4036.5,70,3,4036.8,33,2
11483,2026-07-02 11:22:32+05:30,4036.0,106,4046.29,832592,135870.0,159637.0,4100.0,4110.0,4016.1,4092.6,23758875,4501.8,3683.4,4440.0,3288.1,4035.0,868,44,4034.7,32,2,4034.6,6,1,4034.5,23,1,4034.4,74,3,4035.9,29,2,4036.0,2858,7,4036.3,19,2,4036.5,70,3,4036.8,33,2
11483,2026-07-02 11:22:32+05:30,4036.0,106,4046.29,832727,135809.0,158992.0,4100.0,4110.0,4016.1,4092.6,23758875,4501.8,3683.4,4440.0,3288.1,4035.5,5,1,4035.4,1,1,4035.0,856,43,4034.4,101,5,4034.3,18,2,4035.9,127,2,4036.0,2781,6,4036.3,19,2,4036.4,16,1,4036.5,20,1
11483,2026-07-02 11:22:33+05:30,4035.2,50,4046.29,832727,135809.0,158992.0,4100.0,4110.0,4016.1,4092.6,23758875,4501.8,3683.4,4440.0,3288.1,4035.5,5,1,4035.4,1,1,4035.0,856,43,4034.4,101,5,4034.3,18,2,4035.9,127,2,4036.0,2781,6,4036.3,19,2,4036.4,16,1,4036.5,20,1
11483,2026-07-02 11:22:33+05:30,4035.2,50,4046.29,832785,135819.0,159218.0,4100.0,4110.0,4016.1,4092.6,23758875,4501.8,3683.4,4440.0,3288.1,4035.1,10,1,4035.0,856,43,4034.8,11,1,4034.4,24,1,4034.3,12,1,4035.2,118,2,4035.9,156,4,4036.0,2784,7,4036.2,12,1,4036.3,19,2
11483,2026-07-02 11:22:34+05:30,4035.2,18,4046.29,832785,135819.0,159218.0,4100.0,4110.0,4016.1,4092.6,23758875,4501.8,3683.4,4440.0,3288.1,4035.1,10,1,4035.0,856,43,4034.8,11,1,4034.4,24,1,4034.3,12,1,4035.2,118,2,4035.9,156,4,4036.0,2784,7,4036.2,12,1,4036.3,19,2
11483,2026-07-02 11:22:34+05:30,4035.2,18,4046.29,832803,135525.0,159171.0,4100.0,4110.0,4016.1,4092.6,23758875,4501.8,3683.4,4440.0,3288.1,4035.1,10,1,4035.0,856,43,4034.8,11,1,4034.4,24,1,4034.3,14,2,4035.2,101,3,4035.9,131,2,4036.0,2784,7,4036.2,32,2,4036.3,46,3
11483,2026-07-02 11:22:35+05:30,4035.2,2,4046.29,832803,135525.0,159171.0,4100.0,4110.0,4016.1,4092.6,23758875,4501.8,3683.4,4440.0,3288.1,4035.1,10,1,4035.0,856,43,4034.8,11,1,4034.4,24,1,4034.3,14,2,4035.2,101,3,4035.9,131,2,4036.0,2784,7,4036.2,32,2,4036.3,46,3
11483,2026-07-02 11:22:35+05:30,4035.2,2,4046.29,832803,135525.0,159171.0,4100.0,4110.0,4016.1,4092.6,23758875,4501.8,3683.4,4440.0,3288.1,4035.1,10,1,4035.0,856,43,4034.8,11,1,4034.4,24,1,4034.3,14,2,4035.2,101,3,4035.9,131,2,4036.0,2784,7,4036.2,32,2,4036.3,46,3
11483,2026-07-02 11:22:35+05:30,4035.9,4,4046.28,832910,136151.0,158432.0,4100.0,4110.0,4016.1,4092.6,23758875,4501.8,3683.4,4440.0,3288.1,4035.5,111,3,4035.4,10,1,4035.3,17,3,4035.2,19,2,4035.1,78,5,4035.9,122,1,4036.0,2763,4,4036.7,61,1,4036.8,33,2,4037.1,32,2
11483,2026-07-02 11:22:35+05:30,4035.9,4,4046.28,832910,136151.0,158432.0,4100.0,4110.0,4016.1,4092.6,23758875,4501.8,3683.4,4440.0,3288.1,4035.5,111,3,4035.4,10,1,4035.3,17,3,4035.2,19,2,4035.1,78,5,4035.9,122,1,4036.0,2763,4,4036.7,61,1,4036.8,33,2,4037.1,32,2
11483,2026-07-02 11:22:36+05:30,4035.9,4,4046.28,832910,136151.0,158432.0,4100.0,4110.0,4016.1,4092.6,23758875,4501.8,3683.4,4440.0,3288.1,4035.5,111,3,4035.4,10,1,4035.3,17,3,4035.2,19,2,4035.1,78,5,4035.9,122,1,4036.0,2763,4,4036.7,61,1,4036.8,33,2,4037.1,32,2
11483,2026-07-02 11:22:36+05:30,4035.9,4,4046.28,832910,136151.0,158432.0,4100.0,4110.0,4016.1,4092.6,23758875,4501.8,3683.4,4440.0,3288.1,4035.5,111,3,4035.4,10,1,4035.3,17,3,4035.2,19,2,4035.1,78,5,4035.9,122,1,4036.0,2763,4,4036.7,61,1,4036.8,33,2,4037.1,32,2
11483,2026-07-02 11:22:36+05:30,4035.9,4,4046.28,832910,136493.0,158498.0,4100.0,4110.0,4016.1,4092.6,23758875,4501.8,3683.4,4440.0,3288.1,4035.5,99,2,4035.4,10,1,4035.3,14,2,4035.2,16,1,4035.1,62,3,4035.9,125,2,4036.0,2774,5,4036.7,61,1,4036.8,33,2,4037.1,32,2
11483,2026-07-02 11:22:36+05:30,4035.9,4,4046.28,832910,136493.0,158498.0,4100.0,4110.0,4016.1,4092.6,23758875,4501.8,3683.4,4440.0,3288.1,4035.5,99,2,4035.4,10,1,4035.3,14,2,4035.2,16,1,4035.1,62,3,4035.9,125,2,4036.0,2774,5,4036.7,61,1,4036.8,33,2,4037.1,32,2
11483,2026-07-02 11:22:37+05:30,4035.9,3,4046.28,832910,136493.0,158498.0,4100.0,4110.0,4016.1,4092.6,23758875,4501.8,3683.4,4440.0,3288.1,4035.5,99,2,4035.4,10,1,4035.3,14,2,4035.2,16,1,4035.1,62,3,4035.9,125,2,4036.0,2774,5,4036.7,61,1,4036.8,33,2,4037.1,32,2
11483,2026-07-02 11:22:37+05:30,4035.9,3,4046.28,832910,136493.0,158498.0,4100.0,4110.0,4016.1,4092.6,23758875,4501.8,3683.4,4440.0,3288.1,4035.5,99,2,4035.4,10,1,4035.3,14,2,4035.2,16,1,4035.1,62,3,4035.9,125,2,4036.0,2774,5,4036.7,61,1,4036.8,33,2,4037.1,32,2
11483,2026-07-02 11:22:37+05:30,4035.9,3,4046.28,832913,136500.0,158502.0,4100.0,4110.0,4016.1,4092.6,23758875,4501.8,3683.4,4440.0,3288.1,4035.5,99,2,4035.4,10,1,4035.3,14,2,4035.2,16,1,4035.1,62,3,4035.9,122,2,4036.0,2774,5,4036.7,61,1,4036.8,33,2,4037.1,32,2
11483,2026-07-02 11:22:37+05:30,4035.9,3,4046.28,832913,136500.0,158502.0,4100.0,4110.0,4016.1,4092.6,23758875,4501.8,3683.4,4440.0,3288.1,4035.5,99,2,4035.4,10,1,4035.3,14,2,4035.2,16,1,4035.1,62,3,4035.9,122,2,4036.0,2774,5,4036.7,61,1,4036.8,33,2,4037.1,32,2
11483,2026-07-02 11:22:38+05:30,4035.9,45,4046.28,832913,136500.0,158502.0,4100.0,4110.0,4016.1,4092.6,23758875,4501.8,3683.4,4440.0,3288.1,4035.5,99,2,4035.4,10,1,4035.3,14,2,4035.2,16,1,4035.1,62,3,4035.9,122,2,4036.0,2774,5,4036.7,61,1,4036.8,33,2,4037.1,32,2
11483,2026-07-02 11:22:38+05:30,4035.9,45,4046.28,832913,136500.0,158502.0,4100.0,4110.0,4016.1,4092.6,23758875,4501.8,3683.4,4440.0,3288.1,4035.5,99,2,4035.4,10,1,4035.3,14,2,4035.2,16,1,4035.1,62,3,4035.9,122,2,4036.0,2774,5,4036.7,61,1,4036.8,33,2,4037.1,32,2
11483,2026-07-02 11:22:38+05:30,4035.7,1,4046.28,833099,136212.0,158697.0,4100.0,4110.0,4016.1,4092.6,23758875,4501.8,3683.4,4440.0,3288.1,4035.1,33,4,4035.0,840,42,4034.7,32,2,4034.6,72,2,4034.5,61,2,4035.7,80,1,4035.8,42,1,4035.9,119,3,4036.0,2820,7,4036.2,42,1
11483,2026-07-02 11:22:39+05:30,4035.7,1,4046.28,833099,136212.0,158697.0,4100.0,4110.0,4016.1,4092.6,23758875,4501.8,3683.4,4440.0,3288.1,4035.1,33,4,4035.0,840,42,4034.7,32,2,4034.6,72,2,4034.5,61,2,4035.7,80,1,4035.8,42,1,4035.9,119,3,4036.0,2820,7,4036.2,42,1
11483,2026-07-02 11:22:39+05:30,4035.5,3,4046.28,833099,136212.0,158697.0,4100.0,4110.0,4016.1,4092.6,23758875,4501.8,3683.4,4440.0,3288.1,4035.1,33,4,4035.0,840,42,4034.7,32,2,4034.6,72,2,4034.5,61,2,4035.7,80,1,4035.8,42,1,4035.9,119,3,4036.0,2820,7,4036.2,42,1
11483,2026-07-02 11:22:39+05:30,4035.5,3,4046.28,833099,136212.0,158697.0,4100.0,4110.0,4016.1,4092.6,23764475,4501.8,3683.4,4440.0,3288.1,4035.1,33,4,4035.0,840,42,4034.7,32,2,4034.6,72,2,4034.5,61,2,4035.7,80,1,4035.8,42,1,4035.9,119,3,4036.0,2820,7,4036.2,42,1
11483,2026-07-02 11:22:39+05:30,4035.5,3,4046.28,833102,136321.0,158650.0,4100.0,4110.0,4016.1,4092.6,23764475,4501.8,3683.4,4440.0,3288.1,4035.1,21,3,4035.0,843,43,4034.8,11,1,4034.7,83,1,4034.6,22,1,4035.3,77,1,4035.5,39,1,4035.6,42,1,4035.7,45,2,4035.9,116,2
11483,2026-07-02 11:22:40+05:30,4035.5,3,4046.28,833102,136321.0,158650.0,4100.0,4110.0,4016.1,4092.6,23764475,4501.8,3683.4,4440.0,3288.1,4035.1,21,3,4035.0,843,43,4034.8,11,1,4034.7,83,1,4034.6,22,1,4035.3,77,1,4035.5,39,1,4035.6,42,1,4035.7,45,2,4035.9,116,2
11483,2026-07-02 11:22:41+05:30,4035.5,3,4046.28,833102,136271.0,158657.0,4100.0,4110.0,4016.1,4092.6,23764475,4501.8,3683.4,4440.0,3288.1,4035.1,22,3,4035.0,880,43,4034.5,83,1,4034.4,24,1,4034.2,123,6,4035.3,78,2,4035.5,81,2,4035.6,42,1,4035.8,42,1,4035.9,74,1
11483,2026-07-02 11:22:41+05:30,4035.5,3,4046.28,833102,136271.0,158657.0,4100.0,4110.0,4016.1,4092.6,23764475,4501.8,3683.4,4440.0,3288.1,4035.1,22,3,4035.0,880,43,4034.5,83,1,4034.4,24,1,4034.2,123,6,4035.3,78,2,4035.5,81,2,4035.6,42,1,4035.8,42,1,4035.9,74,1
11483,2026-07-02 11:22:41+05:30,4035.2,1,4046.28,833102,136271.0,158657.0,4100.0,4110.0,4016.1,4092.6,23764475,4501.8,3683.4,4440.0,3288.1,4035.1,22,3,4035.0,880,43,4034.5,83,1,4034.4,24,1,4034.2,123,6,4035.3,78,2,4035.5,81,2,4035.6,42,1,4035.8,42,1,4035.9,74,1
11483,2026-07-02 11:22:42+05:30,4035.2,1,4046.28,833103,136221.0,158623.0,4100.0,4110.0,4016.1,4092.6,23764475,4501.8,3683.4,4440.0,3288.1,4035.1,16,3,4035.0,883,44,4034.8,11,1,4034.4,24,1,4034.2,102,5,4035.3,4,2,4035.4,42,1,4035.5,81,2,4035.7,42,1,4035.9,74,1
11483,2026-07-02 11:22:42+05:30,4035.4,9,4046.28,833103,136221.0,158623.0,4100.0,4110.0,4016.1,4092.6,23764475,4501.8,3683.4,4440.0,3288.1,4035.1,16,3,4035.0,883,44,4034.8,11,1,4034.4,24,1,4034.2,102,5,4035.3,4,2,4035.4,42,1,4035.5,81,2,4035.7,42,1,4035.9,74,1
11483,2026-07-02 11:22:43+05:30,4035.4,1,4046.28,833127,136249.0,158829.0,4100.0,4110.0,4016.1,4092.6,23764475,4501.8,3683.4,4440.0,3288.1,4035.1,8,2,4035.0,883,44,4034.8,11,1,4034.4,36,2,4034.2,102,5,4035.3,66,1,4035.4,33,2,4035.5,39,1,4035.6,42,1,4035.8,42,1
11483,2026-07-02 11:22:43+05:30,4035.3,1,4046.28,833127,136249.0,158829.0,4100.0,4110.0,4016.1,4092.6,23764475,4501.8,3683.4,4440.0,3288.1,4035.1,8,2,4035.0,883,44,4034.8,11,1,4034.4,36,2,4034.2,102,5,4035.3,66,1,4035.4,33,2,4035.5,39,1,4035.6,42,1,4035.8,42,1
11483,2026-07-02 11:22:44+05:30,4035.1,4,4046.28,833133,136264.0,158855.0,4100.0,4110.0,4016.1,4092.6,23764475,4501.8,3683.4,4440.0,3288.1,4035.1,16,3,4035.0,884,45,4034.4,36,2,4034.2,128,6,4034.1,118,4,4035.2,66,1,4035.3,69,1,4035.4,63,3,4035.5,81,2,4035.7,42,1
11483,2026-07-02 11:22:44+05:30,4035.3,2,4046.28,833133,136264.0,158855.0,4100.0,4110.0,4016.1,4092.6,23764475,4501.8,3683.4,4440.0,3288.1,4035.1,16,3,4035.0,884,45,4034.4,36,2,4034.2,128,6,4034.1,118,4,4035.2,66,1,4035.3,69,1,4035.4,63,3,4035.5,81,2,4035.7,42,1
11483,2026-07-02 11:22:45+05:30,4035.3,2,4046.28,833136,136252.0,158650.0,4100.0,4110.0,4016.1,4092.6,23764475,4501.8,3683.4,4440.0,3288.1,4035.2,12,1,4035.1,4,2,4035.0,884,45,4034.8,12,1,4034.4,24,1,4035.3,67,1,4035.4,31,2,4036.0,2804,8,4036.2,20,1,4036.4,51,1
11483,2026-07-02 11:22:46+05:30,4035.3,1,4046.28,833150,136318.0,158681.0,4100.0,4110.0,4016.1,4092.6,23764475,4501.8,3683.4,4440.0,3288.1,4035.2,12,1,4035.1,16,3,4035.0,896,46,4034.4,24,1,4034.2,128,6,4035.3,54,2,4035.4,31,2,4036.0,2800,7,4036.4,77,2,4036.5,61,4
11483,2026-07-02 11:22:46+05:30,4035.3,3,4046.28,833150,136318.0,158681.0,4100.0,4110.0,4016.1,4092.6,23764475,4501.8,3683.4,4440.0,3288.1,4035.2,12,1,4035.1,16,3,4035.0,896,46,4034.4,24,1,4034.2,128,6,4035.3,54,2,4035.4,31,2,4036.0,2800,7,4036.4,77,2,4036.5,61,4
11483,2026-07-02 11:22:47+05:30,4035.3,3,4046.28,833157,136374.0,158601.0,4100.0,4110.0,4016.1,4092.6,23764475,4501.8,3683.4,4440.0,3288.1,4035.2,11,1,4035.1,3,1,4035.0,896,46,4034.8,12,1,4034.4,36,2,4035.3,48,2,4035.4,31,2,4036.0,2800,7,4036.4,77,2,4036.5,61,4
11483,2026-07-02 11:22:47+05:30,4035.3,3,4046.28,833157,136374.0,158601.0,4100.0,4110.0,4016.1,4092.6,23764475,4501.8,3683.4,4440.0,3288.1,4035.2,11,1,4035.1,3,1,4035.0,896,46,4034.8,12,1,4034.4,36,2,4035.3,48,2,4035.4,31,2,4036.0,2800,7,4036.4,77,2,4036.5,61,4
11483,2026-07-02 11:22:48+05:30,4035.0,35,4046.26,834455,135244.0,157465.0,4100.0,4110.0,4016.1,4092.6,23764475,4501.8,3683.4,4440.0,3288.1,4034.8,58,2,4034.7,12,1,4034.4,36,2,4034.2,31,3,4034.1,112,4,4035.0,1392,1,4035.3,37,1,4035.4,31,2,4036.0,194,5,4036.4,26,1
11483,2026-07-02 11:22:48+05:30,4035.6,1,4046.26,834455,135244.0,157465.0,4100.0,4110.0,4016.1,4092.6,23764475,4501.8,3683.4,4440.0,3288.1,4034.8,58,2,4034.7,12,1,4034.4,36,2,4034.2,31,3,4034.1,112,4,4035.0,1392,1,4035.3,37,1,4035.4,31,2,4036.0,194,5,4036.4,26,1
11483,2026-07-02 11:22:49+05:30,4035.9,81,4046.24,836238,136234.0,155621.0,4100.0,4110.0,4016.1,4092.6,23764475,4501.8,3683.4,4440.0,3288.1,4035.8,42,1,4035.7,54,2,4035.6,98,3,4035.4,42,1,4035.3,17,2,4036.0,174,4,4036.5,17,1,4036.7,5,1,4037.0,5,1,4037.1,20,1
11483,2026-07-02 11:22:49+05:30,4035.9,81,4046.24,836238,136234.0,155621.0,4100.0,4110.0,4016.1,4092.6,23764475,4501.8,3683.4,4440.0,3288.1,4035.8,42,1,4035.7,54,2,4035.6,98,3,4035.4,42,1,4035.3,17,2,4036.0,174,4,4036.5,17,1,4036.7,5,1,4037.0,5,1,4037.1,20,1
11483,2026-07-02 11:22:50+05:30,4035.8,3,4046.24,836322,136338.0,155496.0,4100.0,4110.0,4016.1,4092.6,23764475,4501.8,3683.4,4440.0,3288.1,4035.8,180,4,4035.7,54,2,4035.6,16,1,4035.5,42,1,4035.3,17,2,4036.0,114,5,4036.5,17,1,4037.0,5,1,4037.2,30,2,4037.3,80,2
11483,2026-07-02 11:22:50+05:30,4036.0,17,4046.24,836322,136338.0,155496.0,4100.0,4110.0,4016.1,4092.6,23764475,4501.8,3683.4,4440.0,3288.1,4035.8,180,4,4035.7,54,2,4035.6,16,1,4035.5,42,1,4035.3,17,2,4036.0,114,5,4036.5,17,1,4037.0,5,1,4037.2,30,2,4037.3,80,2
11483,2026-07-02 11:22:51+05:30,4036.0,26,4046.24,836585,136235.0,155319.0,4100.0,4110.0,4016.1,4092.6,23764475,4501.8,3683.4,4440.0,3288.1,4035.8,110,3,4035.7,42,1,4035.6,16,1,4035.5,42,1,4035.3,17,2,4035.9,1,1,4036.0,16,2,4036.5,17,1,4037.1,5,1,4037.2,30,2
11483,2026-07-02 11:22:51+05:30,4035.9,1,4046.24,836585,136235.0,155319.0,4100.0,4110.0,4016.1,4092.6,23764475,4501.8,3683.4,4440.0,3288.1,4035.8,110,3,4035.7,42,1,4035.6,16,1,4035.5,42,1,4035.3,17,2,4035.9,1,1,4036.0,16,2,4036.5,17,1,4037.1,5,1,4037.2,30,2
11483,2026-07-02 11:22:52+05:30,4035.9,1,4046.24,836589,136095.0,155467.0,4100.0,4110.0,4016.1,4092.6,23764475,4501.8,3683.4,4440.0,3288.1,4035.8,153,5,4035.6,58,2,4035.4,42,1,4035.3,5,1,4035.2,26,3,4035.9,1,1,4036.0,41,3,4036.5,17,1,4037.1,5,1,4037.2,42,3
11483,2026-07-02 11:22:53+05:30,4036.0,3,4046.24,836599,136472.0,155461.0,4100.0,4110.0,4016.1,4092.6,23764475,4501.8,3683.4,4440.0,3288.1,4035.9,42,1,4035.8,111,4,4035.6,58,2,4035.4,42,1,4035.3,19,3,4036.0,38,3,4036.5,17,1,4037.1,5,1,4037.2,30,2,4037.3,19,1
11483,2026-07-02 11:22:53+05:30,4036.0,3,4046.24,836599,136472.0,155461.0,4100.0,4110.0,4016.1,4092.6,23764475,4501.8,3683.4,4440.0,3288.1,4035.9,42,1,4035.8,111,4,4035.6,58,2,4035.4,42,1,4035.3,19,3,4036.0,38,3,4036.5,17,1,4037.1,5,1,4037.2,30,2,4037.3,19,1
11483,2026-07-02 11:22:54+05:30,4036.0,1,4046.24,836600,136308.0,155451.0,4100.0,4110.0,4016.1,4092.6,23764475,4501.8,3683.4,4440.0,3288.1,4035.9,42,1,4035.8,28,3,4035.7,42,1,4035.6,16,1,4035.5,42,1,4036.0,38,4,4036.1,58,1,4036.5,17,1,4037.1,5,1,4037.2,30,2
11483,2026-07-02 11:22:54+05:30,4035.8,8,4046.24,836600,136308.0,155451.0,4100.0,4110.0,4016.1,4092.6,23764475,4501.8,3683.4,4440.0,3288.1,4035.9,42,1,4035.8,28,3,4035.7,42,1,4035.6,16,1,4035.5,42,1,4036.0,38,4,4036.1,58,1,4036.5,17,1,4037.1,5,1,4037.2,30,2
11483,2026-07-02 11:22:55+05:30,4036.0,2,4046.24,836653,136267.0,155480.0,4100.0,4110.0,4016.1,4092.6,23764475,4501.8,3683.4,4440.0,3288.1,4035.8,3,2,4035.7,42,1,4035.6,16,1,4035.5,42,1,4035.3,5,1,4036.0,36,4,4036.1,58,1,4036.5,17,1,4037.1,17,2,4037.2,30,2
11483,2026-07-02 11:22:55+05:30,4036.0,2,4046.24,836653,136267.0,155480.0,4100.0,4110.0,4016.1,4092.6,23764475,4501.8,3683.4,4440.0,3288.1,4035.8,3,2,4035.7,42,1,4035.6,16,1,4035.5,42,1,4035.3,5,1,4036.0,36,4,4036.1,58,1,4036.5,17,1,4037.1,17,2,4037.2,30,2
11483,2026-07-02 11:22:56+05:30,4035.9,2,4046.24,836655,136253.0,155445.0,4100.0,4110.0,4016.1,4092.6,23764475,4501.8,3683.4,4440.0,3288.1,4035.8,3,2,4035.6,58,2,4035.4,42,1,4035.3,5,1,4035.2,24,2,4035.9,51,1,4036.0,36,4,4036.1,6,1,4036.5,17,1,4037.1,17,2
11483,2026-07-02 11:22:56+05:30,4035.9,10,4046.24,836655,136253.0,155445.0,4100.0,4110.0,4016.1,4092.6,23764475,4501.8,3683.4,4440.0,3288.1,4035.8,3,2,4035.6,58,2,4035.4,42,1,4035.3,5,1,4035.2,24,2,4035.9,51,1,4036.0,36,4,4036.1,6,1,4036.5,17,1,4037.1,17,2
11483,2026-07-02 11:22:57+05:30,4035.9,3,4046.24,836668,136310.0,155438.0,4100.0,4110.0,4016.1,4092.6,23764475,4501.8,3683.4,4440.0,3288.1,4035.8,56,3,4035.6,58,2,4035.4,42,1,4035.3,5,1,4035.2,29,3,4035.9,39,2,4036.0,36,4,4036.1,6,1,4036.5,17,1,4037.1,17,2
11483,2026-07-02 11:22:57+05:30,4035.9,3,4046.24,836668,136310.0,155438.0,4100.0,4110.0,4016.1,4092.6,23764475,4501.8,3683.4,4440.0,3288.1,4035.8,56,3,4035.6,58,2,4035.4,42,1,4035.3,5,1,4035.2,29,3,4035.9,39,2,4036.0,36,4,4036.1,6,1,4036.5,17,1,4037.1,17,2
11483,2026-07-02 11:22:58+05:30,4035.9,2,4046.24,836670,136347.0,155438.0,4100.0,4110.0,4016.1,4092.6,23764475,4501.8,3683.4,4440.0,3288.1,4035.8,56,3,4035.6,70,3,4035.4,42,1,4035.3,17,2,4035.2,31,4,4035.9,37,2,4036.0,36,4,4036.1,6,1,4036.5,17,1,4037.1,5,1
11483,2026-07-02 11:22:58+05:30,4035.8,2,4046.24,836670,136347.0,155438.0,4100.0,4110.0,4016.1,4092.6,23764475,4501.8,3683.4,4440.0,3288.1,4035.8,56,3,4035.6,70,3,4035.4,42,1,4035.3,17,2,4035.2,31,4,4035.9,37,2,4036.0,36,4,4036.1,6,1,4036.5,17,1,4037.1,5,1
11483,2026-07-02 11:22:59+05:30,4035.8,4,4046.23,836683,136329.0,155332.0,4100.0,4110.0,4016.1,4092.6,23764475,4501.8,3683.4,4440.0,3288.1,4035.8,62,3,4035.6,58,2,4035.4,42,1,4035.3,27,3,4035.2,36,5,4035.9,30,2,4036.0,35,3,4036.1,6,1,4036.5,17,1,4037.1,5,1
11483,2026-07-02 11:22:59+05:30,4035.9,5,4046.23,836683,136329.0,155332.0,4100.0,4110.0,4016.1,4092.6,23764475,4501.8,3683.4,4440.0,3288.1,4035.8,62,3,4035.6,58,2,4035.4,42,1,4035.3,27,3,4035.2,36,5,4035.9,30,2,4036.0,35,3,4036.1,6,1,4036.5,17,1,4037.1,5,1
11483,2026-07-02 11:23:00+05:30,4035.9,10,4046.23,836702,136296.0,155348.0,4100.0,4110.0,4016.1,4092.6,23764475,4501.8,3683.4,4440.0,3288.1,4035.8,34,1,4035.6,58,2,4035.4,42,1,4035.3,17,2,4035.2,36,5,4035.9,16,3,4036.0,35,3,4036.1,6,1,4036.5,17,1,4037.1,5,1
11483,2026-07-02 11:23:00+05:30,4035.9,10,4046.23,836702,136296.0,155348.0,4100.0,4110.0,4016.1,4092.6,23764475,4501.8,3683.4,4440.0,3288.1,4035.8,34,1,4035.6,58,2,4035.4,42,1,4035.3,17,2,4035.2,36,5,4035.9,16,3,4036.0,35,3,4036.1,6,1,4036.5,17,1,4037.1,5,1
11483,2026-07-02 11:23:01+05:30,4036.0,10,4046.23,836833,136912.0,155258.0,4100.0,4110.0,4016.1,4092.6,23764475,4501.8,3683.4,4440.0,3288.1,4036.0,394,3,4035.9,12,1,4035.8,34,1,4035.6,147,4,4035.5,12,2,4036.1,1,1,4036.5,17,1,4037.1,5,1,4037.2,10,1,4037.3,19,1
11483,2026-07-02 11:23:01+05:30,4036.5,3,4046.23,836833,136912.0,155258.0,4100.0,4110.0,4016.1,4092.6,23764475,4501.8,3683.4,4440.0,3288.1,4036.0,394,3,4035.9,12,1,4035.8,34,1,4035.6,147,4,4035.5,12,2,4036.1,1,1,4036.5,17,1,4037.1,5,1,4037.2,10,1,4037.3,19,1
11483,2026-07-02 11:23:02+05:30,4036.1,32,4046.23,836943,137176.0,154948.0,4100.0,4110.0,4016.1,4092.6,23764475,4501.8,3683.4,4440.0,3288.1,4036.1,10,1,4036.0,394,3,4035.9,54,2,4035.8,34,1,4035.6,107,4,4036.5,14,1,4037.3,19,1,4037.4,16,1,4037.6,75,2,4037.7,29,2
11483,2026-07-02 11:23:02+05:30,4036.1,32,4046.23,836943,137176.0,154948.0,4100.0,4110.0,4016.1,4092.6,23764475,4501.8,3683.4,4440.0,3288.1,4036.1,10,1,4036.0,394,3,4035.9,54,2,4035.8,34,1,4035.6,107,4,4036.5,14,1,4037.3,19,1,4037.4,16,1,4037.6,75,2,4037.7,29,2
11483,2026-07-02 11:23:03+05:30,4036.5,1,4046.23,836944,137099.0,154957.0,4100.0,4110.0,4016.1,4092.6,23764475,4501.8,3683.4,4440.0,3288.1,4036.1,10,1,4036.0,394,3,4035.9,54,2,4035.8,34,1,4035.6,30,3,4036.5,15,3,4037.3,19,1,4037.4,16,1,4037.5,6,1,4037.6,75,2
11483,2026-07-02 11:23:03+05:30,4036.5,1,4046.23,836944,137099.0,154957.0,4100.0,4110.0,4016.1,4092.6,23764475,4501.8,3683.4,4440.0,3288.1,4036.1,10,1,4036.0,394,3,4035.9,54,2,4035.8,34,1,4035.6,30,3,4036.5,15,3,4037.3,19,1,4037.4,16,1,4037.5,6,1,4037.6,75,2
11483,2026-07-02 11:23:04+05:30,4036.5,1,4046.23,836944,137106.0,155187.0,4100.0,4110.0,4016.1,4092.6,23764475,4501.8,3683.4,4440.0,3288.1,4036.2,2,1,4036.1,10,1,4036.0,411,4,4035.9,42,1,4035.8,34,1,4036.5,15,3,4037.3,19,1,4037.4,16,1,4037.5,6,1,4037.6,75,2
11483,2026-07-02 11:23:05+05:30,4036.5,1,4046.23,836944,137158.0,155488.0,4100.0,4110.0,4016.1,4092.6,23764475,4501.8,3683.4,4440.0,3288.1,4036.2,2,1,4036.0,407,3,4035.6,30,3,4035.5,107,3,4035.4,29,1,4036.5,15,3,4037.3,19,1,4037.4,16,1,4037.5,6,1,4037.6,75,2
11483,2026-07-02 11:23:06+05:30,4036.5,7,4046.23,836944,137158.0,155488.0,4100.0,4110.0,4016.1,4092.6,23764475,4501.8,3683.4,4440.0,3288.1,4036.2,2,1,4036.0,407,3,4035.6,30,3,4035.5,107,3,4035.4,29,1,4036.5,15,3,4037.3,19,1,4037.4,16,1,4037.5,6,1,4037.6,75,2
11483,2026-07-02 11:23:06+05:30,4036.5,7,4046.23,836951,137155.0,155554.0,4100.0,4110.0,4016.1,4092.6,23764475,4501.8,3683.4,4440.0,3288.1,4036.2,2,1,4036.0,407,3,4035.6,18,2,4035.5,107,3,4035.4,29,1,4036.5,8,3,4037.3,19,1,4037.4,16,1,4037.5,6,1,4037.6,75,2
11483,2026-07-02 11:23:07+05:30,4036.5,10,4046.23,836951,137155.0,155554.0,4100.0,4110.0,4016.1,4092.6,23764475,4501.8,3683.4,4440.0,3288.1,4036.2,2,1,4036.0,407,3,4035.6,18,2,4035.5,107,3,4035.4,29,1,4036.5,8,3,4037.3,19,1,4037.4,16,1,4037.5,6,1,4037.6,75,2
11483,2026-07-02 11:23:07+05:30,4036.5,10,4046.23,836969,137184.0,155022.0,4100.0,4110.0,4016.1,4092.6,23764475,4501.8,3683.4,4440.0,3288.1,4036.0,407,3,4035.6,18,2,4035.5,107,3,4035.4,29,1,4035.3,67,3,4036.5,7,1,4037.3,19,1,4037.4,16,1,4037.6,75,2,4037.7,41,3
11483,2026-07-02 11:23:08+05:30,4036.5,10,4046.23,836969,137232.0,155043.0,4100.0,4110.0,4016.1,4092.6,23764475,4501.8,3683.4,4440.0,3288.1,4036.0,407,3,4035.6,18,2,4035.5,97,2,4035.4,29,1,4035.3,67,3,4036.5,8,2,4037.3,19,1,4037.4,16,1,4037.6,75,2,4037.7,41,3
11483,2026-07-02 11:23:09+05:30,4036.5,1,4046.23,836969,137232.0,155043.0,4100.0,4110.0,4016.1,4092.6,23764475,4501.8,3683.4,4440.0,3288.1,4036.0,407,3,4035.6,18,2,4035.5,97,2,4035.4,29,1,4035.3,67,3,4036.5,8,2,4037.3,19,1,4037.4,16,1,4037.6,75,2,4037.7,41,3
11483,2026-07-02 11:23:09+05:30,4036.5,1,4046.23,836970,137239.0,155415.0,4100.0,4110.0,4016.1,4092.6,23764475,4501.8,3683.4,4440.0,3288.1,4036.0,396,3,4035.6,16,1,4035.5,97,2,4035.4,2,1,4035.3,5,1,4036.5,7,2,4037.3,19,1,4037.4,28,2,4037.5,49,1,4037.6,75,2
11483,2026-07-02 11:23:10+05:30,4036.0,10,4046.23,836970,137239.0,155415.0,4100.0,4110.0,4016.1,4092.6,23764475,4501.8,3683.4,4440.0,3288.1,4036.0,396,3,4035.6,16,1,4035.5,97,2,4035.4,2,1,4035.3,5,1,4036.5,7,2,4037.3,19,1,4037.4,28,2,4037.5,49,1,4037.6,75,2
11483,2026-07-02 11:23:10+05:30,4036.0,10,4046.23,836980,137238.0,155417.0,4100.0,4110.0,4016.1,4092.6,23764475,4501.8,3683.4,4440.0,3288.1,4036.0,402,4,4035.6,18,2,4035.5,97,2,4035.3,17,2,4035.2,162,8,4036.5,7,2,4037.3,19,1,4037.4,28,2,4037.5,49,1,4037.6,75,2
11483,2026-07-02 11:23:11+05:30,4036.3,4,4046.23,836980,137238.0,155417.0,4100.0,4110.0,4016.1,4092.6,23764475,4501.8,3683.4,4440.0,3288.1,4036.0,402,4,4035.6,18,2,4035.5,97,2,4035.3,17,2,4035.2,162,8,4036.5,7,2,4037.3,19,1,4037.4,28,2,4037.5,49,1,4037.6,75,2
11483,2026-07-02 11:23:11+05:30,4036.3,3,4046.23,836993,137180.0,155449.0,4100.0,4110.0,4016.1,4092.6,23764475,4501.8,3683.4,4440.0,3288.1,4036.0,402,4,4035.6,16,1,4035.5,77,1,4035.4,2,1,4035.3,5,1,4036.3,2,1,4036.5,18,2,4037.3,19,1,4037.4,41,3,4037.5,73,2
11483,2026-07-02 11:23:12+05:30,4036.3,3,4046.23,836993,137180.0,155449.0,4100.0,4110.0,4016.1,4092.6,23764475,4501.8,3683.4,4440.0,3288.1,4036.0,402,4,4035.6,16,1,4035.5,77,1,4035.4,2,1,4035.3,5,1,4036.3,2,1,4036.5,18,2,4037.3,19,1,4037.4,41,3,4037.5,73,2
11483,2026-07-02 11:23:12+05:30,4036.3,3,4046.23,836993,137114.0,155604.0,4100.0,4110.0,4016.1,4092.6,23764475,4501.8,3683.4,4440.0,3288.1,4036.1,1,1,4036.0,386,3,4035.6,16,1,4035.4,2,1,4035.3,5,1,4036.2,20,1,4036.3,2,1,4036.5,17,1,4036.8,12,1,4037.0,30,1
11483,2026-07-02 11:23:13+05:30,4036.0,171,4046.23,836993,137114.0,155604.0,4100.0,4110.0,4016.1,4092.6,23764475,4501.8,3683.4,4440.0,3288.1,4036.1,1,1,4036.0,386,3,4035.6,16,1,4035.4,2,1,4035.3,5,1,4036.2,20,1,4036.3,2,1,4036.5,17,1,4036.8,12,1,4037.0,30,1
11483,2026-07-02 11:23:13+05:30,4036.0,171,4046.23,837168,136112.0,155624.0,4100.0,4110.0,4016.1,4092.6,23764475,4501.8,3683.4,4440.0,3288.1,4036.0,215,3,4035.2,5,1,4035.0,115,3,4034.9,12,1,4034.8,24,1,4036.2,78,7,4036.3,2,1,4036.4,14,1,4036.5,48,3,4036.6,41,3
11483,2026-07-02 11:23:14+05:30,4036.0,4,4046.23,837168,136112.0,155624.0,4100.0,4110.0,4016.1,4092.6,23764475,4501.8,3683.4,4440.0,3288.1,4036.0,215,3,4035.2,5,1,4035.0,115,3,4034.9,12,1,4034.8,24,1,4036.2,78,7,4036.3,2,1,4036.4,14,1,4036.5,48,3,4036.6,41,3
11483,2026-07-02 11:23:14+05:30,4036.0,4,4046.23,837197,136122.0,155615.0,4100.0,4110.0,4016.1,4092.6,23764475,4501.8,3683.4,4440.0,3288.1,4036.0,211,3,4035.2,5,1,4035.0,115,3,4034.9,12,1,4034.8,24,1,4036.2,51,5,4036.3,2,1,4036.4,29,2,4036.5,48,3,4036.6,41,3
11483,2026-07-02 11:23:15+05:30,4036.0,20,4046.23,837197,136122.0,155615.0,4100.0,4110.0,4016.1,4092.6,23764475,4501.8,3683.4,4440.0,3288.1,4036.0,211,3,4035.2,5,1,4035.0,115,3,4034.9,12,1,4034.8,24,1,4036.2,51,5,4036.3,2,1,4036.4,29,2,4036.5,48,3,4036.6,41,3
11483,2026-07-02 11:23:15+05:30,4036.0,20,4046.23,837217,136190.0,155677.0,4100.0,4110.0,4016.1,4092.6,23764475,4501.8,3683.4,4440.0,3288.1,4036.0,291,4,4035.2,5,1,4035.0,115,3,4034.9,12,1,4034.8,24,1,4036.2,54,6,4036.3,2,1,4036.4,29,2,4036.5,48,3,4036.6,41,3
11483,2026-07-02 11:23:16+05:30,4036.2,1,4046.23,837217,136190.0,155677.0,4100.0,4110.0,4016.1,4092.6,23764475,4501.8,3683.4,4440.0,3288.1,4036.0,291,4,4035.2,5,1,4035.0,115,3,4034.9,12,1,4034.8,24,1,4036.2,54,6,4036.3,2,1,4036.4,29,2,4036.5,48,3,4036.6,41,3
11483,2026-07-02 11:23:16+05:30,4036.2,1,4046.23,837230,136557.0,155653.0,4100.0,4110.0,4016.1,4092.6,23764475,4501.8,3683.4,4440.0,3288.1,4036.0,287,4,4035.2,5,1,4035.0,115,3,4034.9,12,1,4034.8,24,1,4036.2,57,6,4036.4,14,1,4036.5,29,2,4036.6,41,3,4036.7,32,2
11483,2026-07-02 11:23:17+05:30,4036.2,5,4046.23,837230,136557.0,155653.0,4100.0,4110.0,4016.1,4092.6,23764475,4501.8,3683.4,4440.0,3288.1,4036.0,287,4,4035.2,5,1,4035.0,115,3,4034.9,12,1,4034.8,24,1,4036.2,57,6,4036.4,14,1,4036.5,29,2,4036.6,41,3,4036.7,32,2
11483,2026-07-02 11:23:17+05:30,4036.2,5,4046.23,837235,136557.0,155650.0,4100.0,4110.0,4016.1,4092.6,23764475,4501.8,3683.4,4440.0,3288.1,4036.0,287,4,4035.2,5,1,4035.0,115,3,4034.9,12,1,4034.8,24,1,4036.2,52,6,4036.4,14,1,4036.5,29,2,4036.6,41,3,4036.7,32,2
11483,2026-07-02 11:23:18+05:30,4036.1,10,4046.23,837235,136557.0,155650.0,4100.0,4110.0,4016.1,4092.6,23764475,4501.8,3683.4,4440.0,3288.1,4036.0,287,4,4035.2,5,1,4035.0,115,3,4034.9,12,1,4034.8,24,1,4036.2,52,6,4036.4,14,1,4036.5,29,2,4036.6,41,3,4036.7,32,2
11483,2026-07-02 11:23:18+05:30,4036.1,10,4046.21,838956,135692.0,155793.0,4100.0,4110.0,4016.1,4092.6,23764475,4501.8,3683.4,4440.0,3288.1,4036.0,500,1,4035.2,5,1,4035.0,115,3,4034.9,12,1,4034.8,44,2,4036.1,53,4,4036.2,20,3,4036.4,14,1,4036.5,29,2,4036.6,22,2
11483,2026-07-02 11:23:19+05:30,4036.0,3,4046.21,838956,135692.0,155793.0,4100.0,4110.0,4016.1,4092.6,23764475,4501.8,3683.4,4440.0,3288.1,4036.0,500,1,4035.2,5,1,4035.0,115,3,4034.9,12,1,4034.8,44,2,4036.1,53,4,4036.2,20,3,4036.4,14,1,4036.5,29,2,4036.6,22,2
11483,2026-07-02 11:23:19+05:30,4036.0,3,4046.21,838959,135714.0,155804.0,4100.0,4110.0,4016.1,4092.6,23764475,4501.8,3683.4,4440.0,3288.1,4036.0,497,1,4035.2,5,1,4035.0,115,3,4034.9,12,1,4034.8,24,1,4036.1,60,5,4036.2,19,2,4036.4,14,1,4036.5,29,2,4036.6,22,2
11483,2026-07-02 11:23:20+05:30,4036.0,757,4046.21,838959,135714.0,155804.0,4100.0,4110.0,4016.1,4092.6,23764475,4501.8,3683.4,4440.0,3288.1,4036.0,497,1,4035.2,5,1,4035.0,115,3,4034.9,12,1,4034.8,24,1,4036.1,60,5,4036.2,19,2,4036.4,14,1,4036.5,29,2,4036.6,22,2
11483,2026-07-02 11:23:20+05:30,4036.0,757,4046.2,839718,136313.0,155752.0,4100.0,4110.0,4016.1,4092.6,23764475,4501.8,3683.4,4440.0,3288.1,4036.0,500,1,4035.2,5,1,4035.0,115,3,4034.9,2,1,4034.8,24,1,4036.1,73,7,4036.2,7,1,4036.3,30,1,4036.4,14,1,4036.5,29,2
11483,2026-07-02 11:23:21+05:30,4036.0,757,4046.2,839718,136361.0,155798.0,4100.0,4110.0,4016.1,4092.6,23764475,4501.8,3683.4,4440.0,3288.1,4036.0,512,2,4035.2,5,1,4035.0,115,3,4034.9,2,1,4034.8,24,1,4036.1,70,8,4036.2,19,2,4036.3,30,1,4036.4,14,1,4036.5,29,2
11483,2026-07-02 11:23:22+05:30,4036.0,8,4046.2,839718,136361.0,155798.0,4100.0,4110.0,4016.1,4092.6,23764475,4501.8,3683.4,4440.0,3288.1,4036.0,512,2,4035.2,5,1,4035.0,115,3,4034.9,2,1,4034.8,24,1,4036.1,70,8,4036.2,19,2,4036.3,30,1,4036.4,14,1,4036.5,29,2
11483,2026-07-02 11:23:22+05:30,4036.0,8,4046.2,839726,136335.0,155825.0,4100.0,4110.0,4016.1,4092.6,23764475,4501.8,3683.4,4440.0,3288.1,4036.0,505,3,4035.2,5,1,4035.1,10,1,4035.0,115,3,4034.8,24,1,4036.1,70,8,4036.2,19,2,4036.3,30,1,4036.4,14,1,4036.5,29,2
11483,2026-07-02 11:23:23+05:30,4036.1,7,4046.2,839726,136335.0,155825.0,4100.0,4110.0,4016.1,4092.6,23764475,4501.8,3683.4,4440.0,3288.1,4036.0,505,3,4035.2,5,1,4035.1,10,1,4035.0,115,3,4034.8,24,1,4036.1,70,8,4036.2,19,2,4036.3,30,1,4036.4,14,1,4036.5,29,2
11483,2026-07-02 11:23:23+05:30,4036.1,7,4046.2,839736,136259.0,155825.0,4100.0,4110.0,4016.1,4092.6,23764475,4501.8,3683.4,4440.0,3288.1,4036.0,505,3,4035.2,5,1,4035.1,10,1,4035.0,117,4,4034.8,44,2,4036.1,82,10,4036.2,12,1,4036.3,30,1,4036.4,14,1,4036.5,29,2
11483,2026-07-02 11:23:24+05:30,4036.1,2,4046.2,839736,136259.0,155825.0,4100.0,4110.0,4016.1,4092.6,23764475,4501.8,3683.4,4440.0,3288.1,4036.0,505,3,4035.2,5,1,4035.1,10,1,4035.0,117,4,4034.8,44,2,4036.1,82,10,4036.2,12,1,4036.3,30,1,4036.4,14,1,4036.5,29,2
11483,2026-07-02 11:23:24+05:30,4036.1,2,4046.2,839738,136612.0,155805.0,4100.0,4110.0,4016.1,4092.6,23764475,4501.8,3683.4,4440.0,3288.1,4036.0,505,3,4035.2,5,1,4035.1,10,1,4035.0,117,4,4034.8,44,2,4036.1,80,10,4036.2,12,1,4036.4,14,1,4036.5,29,2,4036.6,22,2
11483,2026-07-02 11:23:25+05:30,4036.7,23,4046.2,839738,136612.0,155805.0,4100.0,4110.0,4016.1,4092.6,23764475,4501.8,3683.4,4440.0,3288.1,4036.0,505,3,4035.2,5,1,4035.1,10,1,4035.0,117,4,4034.8,44,2,4036.1,80,10,4036.2,12,1,4036.4,14,1,4036.5,29,2,4036.6,22,2
11483,2026-07-02 11:23:25+05:30,4036.7,23,4046.2,839938,137112.0,155859.0,4100.0,4110.0,4016.1,4092.6,23764475,4501.8,3683.4,4440.0,3288.1,4036.0,505,3,4035.5,4,1,4035.2,5,1,4035.1,12,2,4035.0,117,4,4036.1,75,7,4036.2,19,2,4036.4,16,2,4036.5,36,4,4036.6,20,2
11483,2026-07-02 11:23:26+05:30,4036.1,4,4046.2,839938,137112.0,155859.0,4100.0,4110.0,4016.1,4092.6,23764475,4501.8,3683.4,4440.0,3288.1,4036.0,505,3,4035.5,4,1,4035.2,5,1,4035.1,12,2,4035.0,117,4,4036.1,75,7,4036.2,19,2,4036.4,16,2,4036.5,36,4,4036.6,20,2
11483,2026-07-02 11:23:26+05:30,4036.1,2,4046.2,839947,137135.0,155847.0,4100.0,4110.0,4016.1,4092.6,23764475,4501.8,3683.4,4440.0,3288.1,4036.0,505,3,4035.5,4,1,4035.2,5,1,4035.1,12,2,4035.0,117,4,4036.1,61,6,4036.2,31,3,4036.3,10,1,4036.4,16,2,4036.5,36,4
11483,2026-07-02 11:23:27+05:30,4036.1,2,4046.2,839947,137135.0,155847.0,4100.0,4110.0,4016.1,4092.6,23764475,4501.8,3683.4,4440.0,3288.1,4036.0,505,3,4035.5,4,1,4035.2,5,1,4035.1,12,2,4035.0,117,4,4036.1,61,6,4036.2,31,3,4036.3,10,1,4036.4,16,2,4036.5,36,4
11483,2026-07-02 11:23:27+05:30,4036.1,2,4046.2,839951,136997.0,155708.0,4100.0,4110.0,4016.1,4092.6,23764475,4501.8,3683.4,4440.0,3288.1,4036.0,504,2,4035.5,4,1,4035.2,5,1,4035.1,12,2,4035.0,117,4,4036.1,57,6,4036.2,31,3,4036.3,10,1,4036.4,16,2,4036.5,36,4
11483,2026-07-02 11:23:28+05:30,4036.1,1,4046.2,839951,136997.0,155708.0,4100.0,4110.0,4016.1,4092.6,23764475,4501.8,3683.4,4440.0,3288.1,4036.0,504,2,4035.5,4,1,4035.2,5,1,4035.1,12,2,4035.0,117,4,4036.1,57,6,4036.2,31,3,4036.3,10,1,4036.4,16,2,4036.5,36,4
11483,2026-07-02 11:23:28+05:30,4036.1,3,4046.2,839959,136998.0,155661.0,4100.0,4110.0,4016.1,4092.6,23764475,4501.8,3683.4,4440.0,3288.1,4036.0,504,2,4035.5,4,1,4035.2,5,1,4035.1,12,2,4035.0,117,4,4036.1,62,5,4036.2,31,3,4036.3,10,1,4036.4,19,3,4036.5,36,4
11483,2026-07-02 11:23:29+05:30,4036.0,5,4046.2,839959,136998.0,155661.0,4100.0,4110.0,4016.1,4092.6,23764475,4501.8,3683.4,4440.0,3288.1,4036.0,504,2,4035.5,4,1,4035.2,5,1,4035.1,12,2,4035.0,117,4,4036.1,62,5,4036.2,31,3,4036.3,10,1,4036.4,19,3,4036.5,36,4
11483,2026-07-02 11:23:29+05:30,4036.0,175,4046.19,840314,136034.0,155733.0,4100.0,4110.0,4016.1,4092.6,23764475,4501.8,3683.4,4440.0,3288.1,4036.0,149,2,4035.5,4,1,4035.2,5,1,4035.1,10,1,4035.0,117,4,4036.1,61,5,4036.2,19,2,4036.3,10,1,4036.4,19,3,4036.5,36,4
11483,2026-07-02 11:23:30+05:30,4036.0,175,4046.19,840314,136034.0,155733.0,4100.0,4110.0,4016.1,4092.6,23764475,4501.8,3683.4,4440.0,3288.1,4036.0,149,2,4035.5,4,1,4035.2,5,1,4035.1,10,1,4035.0,117,4,4036.1,61,5,4036.2,19,2,4036.3,10,1,4036.4,19,3,4036.5,36,4
11483,2026-07-02 11:23:30+05:30,4036.1,3,4046.19,840326,136282.0,155982.0,4100.0,4110.0,4016.1,4092.6,23764475,4501.8,3683.4,4440.0,3288.1,4036.0,143,2,4035.5,4,1,4035.2,5,1,4035.1,12,2,4035.0,117,4,4036.1,17,2,4036.2,58,3,4036.3,15,1,4036.4,16,2,4036.5,36,4
11483,2026-07-02 11:23:31+05:30,4036.1,3,4046.19,840326,136282.0,155982.0,4100.0,4110.0,4016.1,4092.6,23764475,4501.8,3683.4,4440.0,3288.1,4036.0,143,2,4035.5,4,1,4035.2,5,1,4035.1,12,2,4035.0,117,4,4036.1,17,2,4036.2,58,3,4036.3,15,1,4036.4,16,2,4036.5,36,4
11483,2026-07-02 11:23:31+05:30,4036.1,3,4046.19,840326,136303.0,155987.0,4100.0,4110.0,4016.1,4092.6,23764475,4501.8,3683.4,4440.0,3288.1,4036.0,143,2,4035.5,4,1,4035.2,5,1,4035.1,12,2,4035.0,117,4,4036.1,19,4,4036.2,58,3,4036.3,15,1,4036.4,16,2,4036.5,36,4
11483,2026-07-02 11:23:32+05:30,4036.0,175,4046.19,840326,136303.0,155987.0,4100.0,4110.0,4016.1,4092.6,23764475,4501.8,3683.4,4440.0,3288.1,4036.0,143,2,4035.5,4,1,4035.2,5,1,4035.1,12,2,4035.0,117,4,4036.1,19,4,4036.2,58,3,4036.3,15,1,4036.4,16,2,4036.5,36,4
11483,2026-07-02 11:23:32+05:30,4036.0,5,4046.19,840686,136222.0,156041.0,4100.0,4110.0,4016.1,4092.6,23764475,4501.8,3683.4,4440.0,3288.1,4036.0,285,2,4035.5,4,1,4035.3,2,1,4035.2,5,1,4035.1,10,1,4036.1,19,4,4036.2,53,2,4036.3,15,1,4036.4,11,1,4036.5,22,2
11483,2026-07-02 11:23:33+05:30,4036.0,5,4046.19,840686,136222.0,156041.0,4100.0,4110.0,4016.1,4092.6,23764475,4501.8,3683.4,4440.0,3288.1,4036.0,285,2,4035.5,4,1,4035.3,2,1,4035.2,5,1,4035.1,10,1,4036.1,19,4,4036.2,53,2,4036.3,15,1,4036.4,11,1,4036.5,22,2
11483,2026-07-02 11:23:33+05:30,4036.0,5,4046.19,840686,136223.0,156046.0,4100.0,4110.0,4016.1,4092.6,23764475,4501.8,3683.4,4440.0,3288.1,4036.0,286,3,4035.5,4,1,4035.3,2,1,4035.2,5,1,4035.1,10,1,4036.1,20,5,4036.2,53,2,4036.3,15,1,4036.4,11,1,4036.5,22,2
11483,2026-07-02 11:23:34+05:30,4036.1,1,4046.19,840686,136223.0,156046.0,4100.0,4110.0,4016.1,4092.6,23764475,4501.8,3683.4,4440.0,3288.1,4036.0,286,3,4035.5,4,1,4035.3,2,1,4035.2,5,1,4035.1,10,1,4036.1,20,5,4036.2,53,2,4036.3,15,1,4036.4,11,1,4036.5,22,2
11483,2026-07-02 11:23:34+05:30,4036.0,1,4046.19,840723,136612.0,156028.0,4100.0,4110.0,4016.1,4092.6,23764475,4501.8,3683.4,4440.0,3288.1,4036.0,450,4,4035.6,2,1,4035.5,4,1,4035.2,5,1,4035.1,10,1,4036.1,2,2,4036.2,14,1,4036.3,15,1,4036.4,11,1,4036.5,22,2
11483,2026-07-02 11:23:35+05:30,4036.0,1,4046.19,840723,136612.0,156028.0,4100.0,4110.0,4016.1,4092.6,23764475,4501.8,3683.4,4440.0,3288.1,4036.0,450,4,4035.6,2,1,4035.5,4,1,4035.2,5,1,4035.1,10,1,4036.1,2,2,4036.2,14,1,4036.3,15,1,4036.4,11,1,4036.5,22,2
11483,2026-07-02 11:23:35+05:30,4036.0,1,4046.19,840723,136611.0,156065.0,4100.0,4110.0,4016.1,4092.6,23764475,4501.8,3683.4,4440.0,3288.1,4036.0,450,4,4035.6,2,1,4035.5,4,1,4035.2,5,1,4035.1,10,1,4036.1,15,3,4036.2,14,1,4036.3,15,1,4036.4,11,1,4036.5,22,2
11483,2026-07-02 11:23:35+05:30,4036.0,1,4046.19,840723,136611.0,156065.0,4100.0,4110.0,4016.1,4092.6,23764475,4501.8,3683.4,4440.0,3288.1,4036.0,450,4,4035.6,2,1,4035.5,4,1,4035.2,5,1,4035.1,10,1,4036.1,15,3,4036.2,14,1,4036.3,15,1,4036.4,11,1,4036.5,22,2
11483,2026-07-02 11:23:36+05:30,4036.0,1,4046.19,840723,136611.0,156065.0,4100.0,4110.0,4016.1,4092.6,23764475,4501.8,3683.4,4440.0,3288.1,4036.0,450,4,4035.6,2,1,4035.5,4,1,4035.2,5,1,4035.1,10,1,4036.1,15,3,4036.2,14,1,4036.3,15,1,4036.4,11,1,4036.5,22,2
11483,2026-07-02 11:23:36+05:30,4036.0,8,4046.19,840723,136611.0,156065.0,4100.0,4110.0,4016.1,4092.6,23764475,4501.8,3683.4,4440.0,3288.1,4036.0,450,4,4035.6,2,1,4035.5,4,1,4035.2,5,1,4035.1,10,1,4036.1,15,3,4036.2,14,1,4036.3,15,1,4036.4,11,1,4036.5,22,2
11483,2026-07-02 11:23:36+05:30,4036.0,8,4046.19,840723,136611.0,156065.0,4100.0,4110.0,4016.1,4092.6,23764475,4501.8,3683.4,4440.0,3288.1,4036.0,450,4,4035.6,2,1,4035.5,4,1,4035.2,5,1,4035.1,10,1,4036.1,15,3,4036.2,14,1,4036.3,15,1,4036.4,11,1,4036.5,22,2
11483,2026-07-02 11:23:36+05:30,4036.0,8,4046.19,840731,136954.0,156070.0,4100.0,4110.0,4016.1,4092.6,23764475,4501.8,3683.4,4440.0,3288.1,4036.0,442,4,4035.5,4,1,4035.3,6,1,4035.2,5,1,4035.1,10,1,4036.1,14,2,4036.2,14,1,4036.3,15,1,4036.4,11,1,4036.5,22,2
11483,2026-07-02 11:23:37+05:30,4036.0,8,4046.19,840731,136954.0,156070.0,4100.0,4110.0,4016.1,4092.6,23764475,4501.8,3683.4,4440.0,3288.1,4036.0,442,4,4035.5,4,1,4035.3,6,1,4035.2,5,1,4035.1,10,1,4036.1,14,2,4036.2,14,1,4036.3,15,1,4036.4,11,1,4036.5,22,2
11483,2026-07-02 11:23:37+05:30,4036.1,1,4046.19,840731,136954.0,156070.0,4100.0,4110.0,4016.1,4092.6,23764475,4501.8,3683.4,4440.0,3288.1,4036.0,442,4,4035.5,4,1,4035.3,6,1,4035.2,5,1,4035.1,10,1,4036.1,14,2,4036.2,14,1,4036.3,15,1,4036.4,11,1,4036.5,22,2
11483,2026-07-02 11:23:37+05:30,4036.1,1,4046.19,840731,136954.0,156070.0,4100.0,4110.0,4016.1,4092.6,23764475,4501.8,3683.4,4440.0,3288.1,4036.0,442,4,4035.5,4,1,4035.3,6,1,4035.2,5,1,4035.1,10,1,4036.1,14,2,4036.2,14,1,4036.3,15,1,4036.4,11,1,4036.5,22,2
11483,2026-07-02 11:23:37+05:30,4036.1,1,4046.19,840733,137001.0,156076.0,4100.0,4110.0,4016.1,4092.6,23764475,4501.8,3683.4,4440.0,3288.1,4036.0,441,3,4035.5,4,1,4035.3,6,1,4035.2,5,1,4035.1,10,1,4036.1,18,3,4036.2,14,1,4036.3,15,1,4036.4,11,1,4036.5,34,3
11483,2026-07-02 11:23:38+05:30,4036.1,1,4046.19,840733,137001.0,156076.0,4100.0,4110.0,4016.1,4092.6,23764475,4501.8,3683.4,4440.0,3288.1,4036.0,441,3,4035.5,4,1,4035.3,6,1,4035.2,5,1,4035.1,10,1,4036.1,18,3,4036.2,14,1,4036.3,15,1,4036.4,11,1,4036.5,34,3
11483,2026-07-02 11:23:38+05:30,4036.0,1,4046.19,840734,137004.0,156077.0,4100.0,4110.0,4016.1,4092.6,23764475,4501.8,3683.4,4440.0,3288.1,4036.0,440,3,4035.6,2,1,4035.5,4,1,4035.2,5,1,4035.1,30,2,4036.1,18,3,4036.2,14,1,4036.3,15,1,4036.4,11,1,4036.5,22,2
11483,2026-07-02 11:23:38+05:30,4036.0,1,4046.19,840734,137004.0,156077.0,4100.0,4110.0,4016.1,4092.6,23764475,4501.8,3683.4,4440.0,3288.1,4036.0,440,3,4035.6,2,1,4035.5,4,1,4035.2,5,1,4035.1,30,2,4036.1,18,3,4036.2,14,1,4036.3,15,1,4036.4,11,1,4036.5,22,2
11483,2026-07-02 11:23:39+05:30,4036.0,1,4046.19,840734,137004.0,156077.0,4100.0,4110.0,4016.1,4092.6,23764475,4501.8,3683.4,4440.0,3288.1,4036.0,440,3,4035.6,2,1,4035.5,4,1,4035.2,5,1,4035.1,30,2,4036.1,18,3,4036.2,14,1,4036.3,15,1,4036.4,11,1,4036.5,22,2
11483,2026-07-02 11:23:39+05:30,4036.1,1,4046.19,840734,137004.0,156077.0,4100.0,4110.0,4016.1,4092.6,23764475,4501.8,3683.4,4440.0,3288.1,4036.0,440,3,4035.6,2,1,4035.5,4,1,4035.2,5,1,4035.1,30,2,4036.1,18,3,4036.2,14,1,4036.3,15,1,4036.4,11,1,4036.5,22,2
11483,2026-07-02 11:23:39+05:30,4036.1,1,4046.19,840734,137004.0,156077.0,4100.0,4110.0,4016.1,4092.6,23764475,4501.8,3683.4,4440.0,3288.1,4036.0,440,3,4035.6,2,1,4035.5,4,1,4035.2,5,1,4035.1,30,2,4036.1,18,3,4036.2,14,1,4036.3,15,1,4036.4,11,1,4036.5,22,2
11483,2026-07-02 11:23:39+05:30,4036.1,1,4046.19,840736,137080.0,156170.0,4100.0,4110.0,4016.1,4092.6,23764475,4501.8,3683.4,4440.0,3288.1,4036.0,440,3,4035.6,2,1,4035.5,4,1,4035.2,5,1,4035.1,47,3,4036.1,16,3,4036.2,14,1,4036.3,15,1,4036.4,11,1,4036.5,22,2
11483,2026-07-02 11:23:39+05:30,4036.1,1,4046.19,840736,137080.0,156170.0,4100.0,4110.0,4016.1,4092.6,23765175,4501.8,3683.4,4440.0,3288.1,4036.0,440,3,4035.6,2,1,4035.5,4,1,4035.2,5,1,4035.1,47,3,4036.1,16,3,4036.2,14,1,4036.3,15,1,4036.4,11,1,4036.5,22,2
11483,2026-07-02 11:23:40+05:30,4036.1,1,4046.19,840736,137080.0,156170.0,4100.0,4110.0,4016.1,4092.6,23765175,4501.8,3683.4,4440.0,3288.1,4036.0,440,3,4035.6,2,1,4035.5,4,1,4035.2,5,1,4035.1,47,3,4036.1,16,3,4036.2,14,1,4036.3,15,1,4036.4,11,1,4036.5,22,2
11483,2026-07-02 11:23:40+05:30,4036.1,1,4046.19,840736,137100.0,156224.0,4100.0,4110.0,4016.1,4092.6,23765175,4501.8,3683.4,4440.0,3288.1,4036.0,440,3,4035.6,2,1,4035.5,4,1,4035.2,5,1,4035.1,47,3,4036.1,16,3,4036.2,14,1,4036.3,15,1,4036.4,11,1,4036.5,22,2
11483,2026-07-02 11:23:41+05:30,4036.1,1,4046.19,840736,137100.0,156224.0,4100.0,4110.0,4016.1,4092.6,23765175,4501.8,3683.4,4440.0,3288.1,4036.0,440,3,4035.6,2,1,4035.5,4,1,4035.2,5,1,4035.1,47,3,4036.1,16,3,4036.2,14,1,4036.3,15,1,4036.4,11,1,4036.5,22,2
11483,2026-07-02 11:23:41+05:30,4036.1,1,4046.19,840736,137074.0,156290.0,4100.0,4110.0,4016.1,4092.6,23765175,4501.8,3683.4,4440.0,3288.1,4036.0,440,3,4035.6,2,1,4035.5,4,1,4035.2,5,1,4035.1,47,3,4036.1,17,4,4036.2,14,1,4036.3,15,1,4036.4,11,1,4036.5,22,2
11483,2026-07-02 11:23:42+05:30,4036.1,10,4046.19,840736,137074.0,156290.0,4100.0,4110.0,4016.1,4092.6,23765175,4501.8,3683.4,4440.0,3288.1,4036.0,440,3,4035.6,2,1,4035.5,4,1,4035.2,5,1,4035.1,47,3,4036.1,17,4,4036.2,14,1,4036.3,15,1,4036.4,11,1,4036.5,22,2
11483,2026-07-02 11:23:42+05:30,4036.0,1,4046.19,840747,137147.0,156288.0,4100.0,4110.0,4016.1,4092.6,23765175,4501.8,3683.4,4440.0,3288.1,4036.0,440,4,4035.6,2,1,4035.5,4,1,4035.2,17,2,4035.1,47,3,4036.1,7,3,4036.2,14,1,4036.3,15,1,4036.4,11,1,4036.5,22,2
11483,2026-07-02 11:23:43+05:30,4036.1,9,4046.19,840747,137147.0,156288.0,4100.0,4110.0,4016.1,4092.6,23765175,4501.8,3683.4,4440.0,3288.1,4036.0,440,4,4035.6,2,1,4035.5,4,1,4035.2,17,2,4035.1,47,3,4036.1,7,3,4036.2,14,1,4036.3,15,1,4036.4,11,1,4036.5,22,2
11483,2026-07-02 11:23:43+05:30,4036.1,9,4046.19,840762,137133.0,156286.0,4100.0,4110.0,4016.1,4092.6,23765175,4501.8,3683.4,4440.0,3288.1,4036.0,440,4,4035.6,6,1,4035.5,4,1,4035.2,17,2,4035.1,47,3,4036.1,20,4,4036.2,14,1,4036.3,15,1,4036.4,11,1,4036.5,22,2
11483,2026-07-02 11:23:44+05:30,4036.0,4,4046.19,840762,137133.0,156286.0,4100.0,4110.0,4016.1,4092.6,23765175,4501.8,3683.4,4440.0,3288.1,4036.0,440,4,4035.6,6,1,4035.5,4,1,4035.2,17,2,4035.1,47,3,4036.1,20,4,4036.2,14,1,4036.3,15,1,4036.4,11,1,4036.5,22,2
11483,2026-07-02 11:23:44+05:30,4036.0,4,4046.19,840766,137134.0,155415.0,4100.0,4110.0,4016.1,4092.6,23765175,4501.8,3683.4,4440.0,3288.1,4036.0,436,4,4035.6,6,1,4035.5,4,1,4035.2,17,2,4035.1,47,3,4036.1,20,4,4036.2,14,1,4036.3,15,1,4036.4,11,1,4036.5,22,2
11483,2026-07-02 11:23:45+05:30,4036.1,2,4046.19,840771,137184.0,156285.0,4100.0,4110.0,4016.1,4092.6,23765175,4501.8,3683.4,4440.0,3288.1,4036.0,436,4,4035.6,6,1,4035.5,4,1,4035.2,17,2,4035.1,47,3,4036.1,16,2,4036.2,14,1,4036.3,15,1,4036.4,11,1,4036.5,22,2
11483,2026-07-02 11:23:46+05:30,4036.1,1,4046.19,840771,137184.0,156285.0,4100.0,4110.0,4016.1,4092.6,23765175,4501.8,3683.4,4440.0,3288.1,4036.0,436,4,4035.6,6,1,4035.5,4,1,4035.2,17,2,4035.1,47,3,4036.1,16,2,4036.2,14,1,4036.3,15,1,4036.4,11,1,4036.5,22,2
11483,2026-07-02 11:23:46+05:30,4036.1,1,4046.18,840798,137186.0,156256.0,4100.0,4110.0,4016.1,4092.6,23765175,4501.8,3683.4,4440.0,3288.1,4036.1,15,1,4036.0,426,4,4035.6,6,1,4035.5,4,1,4035.2,17,2,4036.2,14,1,4036.3,15,1,4036.4,11,1,4036.5,22,2,4036.6,50,3
11483,2026-07-02 11:23:47+05:30,4036.2,3,4046.18,840798,137186.0,156256.0,4100.0,4110.0,4016.1,4092.6,23765175,4501.8,3683.4,4440.0,3288.1,4036.1,15,1,4036.0,426,4,4035.6,6,1,4035.5,4,1,4035.2,17,2,4036.2,14,1,4036.3,15,1,4036.4,11,1,4036.5,22,2,4036.6,50,3
11483,2026-07-02 11:23:47+05:30,4036.2,3,4046.18,840801,137185.0,156235.0,4100.0,4110.0,4016.1,4092.6,23765175,4501.8,3683.4,4440.0,3288.1,4036.1,15,1,4036.0,425,3,4035.6,6,1,4035.5,4,1,4035.2,17,2,4036.2,12,2,4036.3,15,1,4036.4,11,1,4036.5,22,2,4036.6,50,3
11483,2026-07-02 11:23:48+05:30,4036.2,3,4046.18,840801,137006.0,156010.0,4100.0,4110.0,4016.1,4092.6,23765175,4501.8,3683.4,4440.0,3288.1,4036.1,15,1,4036.0,439,4,4035.5,4,1,4035.3,6,1,4035.2,17,2,4036.2,12,2,4036.3,15,1,4036.4,11,1,4036.5,22,2,4036.6,50,3
11483,2026-07-02 11:23:49+05:30,4036.2,3,4046.18,840801,137006.0,156020.0,4100.0,4110.0,4016.1,4092.6,23765175,4501.8,3683.4,4440.0,3288.1,4036.1,15,1,4036.0,439,4,4035.5,4,1,4035.3,6,1,4035.2,5,1,4036.2,12,2,4036.3,15,1,4036.4,11,1,4036.5,22,2,4036.6,50,3
11483,2026-07-02 11:23:50+05:30,4036.2,1,4046.18,840801,137006.0,156020.0,4100.0,4110.0,4016.1,4092.6,23765175,4501.8,3683.4,4440.0,3288.1,4036.1,15,1,4036.0,439,4,4035.5,4,1,4035.3,6,1,4035.2,5,1,4036.2,12,2,4036.3,15,1,4036.4,11,1,4036.5,22,2,4036.6,50,3
11483,2026-07-02 11:23:50+05:30,4036.3,5,4046.18,840819,137103.0,156004.0,4100.0,4110.0,4016.1,4092.6,23765175,4501.8,3683.4,4440.0,3288.1,4036.2,12,1,4036.1,15,1,4036.0,439,4,4035.6,2,1,4035.5,4,1,4036.3,10,1,4036.4,11,1,4036.5,15,1,4036.6,50,3,4036.7,22,2
11483,2026-07-02 11:23:51+05:30,4036.3,5,4046.18,840819,137103.0,156004.0,4100.0,4110.0,4016.1,4092.6,23765175,4501.8,3683.4,4440.0,3288.1,4036.2,12,1,4036.1,15,1,4036.0,439,4,4035.6,2,1,4035.5,4,1,4036.3,10,1,4036.4,11,1,4036.5,15,1,4036.6,50,3,4036.7,22,2
11483,2026-07-02 11:23:51+05:30,4036.3,5,4046.18,840819,137122.0,155944.0,4100.0,4110.0,4016.1,4092.6,23765175,4501.8,3683.4,4440.0,3288.1,4036.2,12,1,4036.1,15,1,4036.0,439,4,4035.5,4,1,4035.3,2,1,4036.3,50,5,4036.4,23,2,4036.5,15,1,4036.6,75,5,4036.7,22,2
11483,2026-07-02 11:23:52+05:30,4036.2,1,4046.18,840819,137122.0,155944.0,4100.0,4110.0,4016.1,4092.6,23765175,4501.8,3683.4,4440.0,3288.1,4036.2,12,1,4036.1,15,1,4036.0,439,4,4035.5,4,1,4035.3,2,1,4036.3,50,5,4036.4,23,2,4036.5,15,1,4036.6,75,5,4036.7,22,2
11483,2026-07-02 11:23:52+05:30,4036.2,1,4046.18,840821,137118.0,155989.0,4100.0,4110.0,4016.1,4092.6,23765175,4501.8,3683.4,4440.0,3288.1,4036.2,12,2,4036.1,15,1,4036.0,439,4,4035.5,4,1,4035.3,2,1,4036.3,14,4,4036.4,11,1,4036.5,15,1,4036.6,50,3,4036.7,34,3
11483,2026-07-02 11:23:53+05:30,4036.2,1,4046.18,840821,137118.0,155989.0,4100.0,4110.0,4016.1,4092.6,23765175,4501.8,3683.4,4440.0,3288.1,4036.2,12,2,4036.1,15,1,4036.0,439,4,4035.5,4,1,4035.3,2,1,4036.3,14,4,4036.4,11,1,4036.5,15,1,4036.6,50,3,4036.7,34,3
11483,2026-07-02 11:23:53+05:30,4036.2,1,4046.18,840822,137106.0,155990.0,4100.0,4110.0,4016.1,4092.6,23765175,4501.8,3683.4,4440.0,3288.1,4036.2,11,2,4036.1,15,1,4036.0,439,4,4035.5,4,1,4035.3,2,1,4036.3,15,5,4036.4,11,1,4036.5,15,1,4036.6,50,3,4036.7,34,3
11483,2026-07-02 11:23:54+05:30,4036.2,1,4046.18,840822,137106.0,155990.0,4100.0,4110.0,4016.1,4092.6,23765175,4501.8,3683.4,4440.0,3288.1,4036.2,11,2,4036.1,15,1,4036.0,439,4,4035.5,4,1,4035.3,2,1,4036.3,15,5,4036.4,11,1,4036.5,15,1,4036.6,50,3,4036.7,34,3
11483,2026-07-02 11:23:54+05:30,4036.2,1,4046.18,840824,137105.0,155989.0,4100.0,4110.0,4016.1,4092.6,23765175,4501.8,3683.4,4440.0,3288.1,4036.2,10,2,4036.1,15,1,4036.0,439,4,4035.5,4,1,4035.3,2,1,4036.3,14,5,4036.4,11,1,4036.5,15,1,4036.6,50,3,4036.7,34,3
11483,2026-07-02 11:23:55+05:30,4036.1,10,4046.18,840824,137105.0,155989.0,4100.0,4110.0,4016.1,4092.6,23765175,4501.8,3683.4,4440.0,3288.1,4036.2,10,2,4036.1,15,1,4036.0,439,4,4035.5,4,1,4035.3,2,1,4036.3,14,5,4036.4,11,1,4036.5,15,1,4036.6,50,3,4036.7,34,3
11483,2026-07-02 11:23:55+05:30,4036.1,10,4046.18,840847,137035.0,156016.0,4100.0,4110.0,4016.1,4092.6,23765175,4501.8,3683.4,4440.0,3288.1,4036.1,5,1,4036.0,439,4,4035.5,4,1,4035.2,5,1,4035.1,12,2,4036.3,70,8,4036.4,18,2,4036.5,15,1,4036.6,75,5,4036.7,40,3
11483,2026-07-02 11:23:56+05:30,4036.3,1,4046.18,840847,137035.0,156016.0,4100.0,4110.0,4016.1,4092.6,23765175,4501.8,3683.4,4440.0,3288.1,4036.1,5,1,4036.0,439,4,4035.5,4,1,4035.2,5,1,4035.1,12,2,4036.3,70,8,4036.4,18,2,4036.5,15,1,4036.6,75,5,4036.7,40,3
11483,2026-07-02 11:23:56+05:30,4036.3,1,4046.18,840858,137169.0,156152.0,4100.0,4110.0,4016.1,4092.6,23765175,4501.8,3683.4,4440.0,3288.1,4036.0,434,4,4035.5,4,1,4035.2,7,2,4035.1,30,2,4035.0,122,5,4036.3,34,6,4036.4,11,1,4036.5,15,1,4036.6,75,5,4036.7,63,4
11483,2026-07-02 11:23:57+05:30,4036.3,1,4046.18,840858,137175.0,156152.0,4100.0,4110.0,4016.1,4092.6,23765175,4501.8,3683.4,4440.0,3288.1,4036.0,434,4,4035.5,4,1,4035.2,7,2,4035.1,30,2,4035.0,122,5,4036.3,22,5,4036.4,23,2,4036.5,15,1,4036.6,75,5,4036.7,63,4
11483,2026-07-02 11:23:58+05:30,4036.0,3,4046.18,840858,137175.0,156152.0,4100.0,4110.0,4016.1,4092.6,23765175,4501.8,3683.4,4440.0,3288.1,4036.0,434,4,4035.5,4,1,4035.2,7,2,4035.1,30,2,4035.0,122,5,4036.3,22,5,4036.4,23,2,4036.5,15,1,4036.6,75,5,4036.7,63,4
11483,2026-07-02 11:23:58+05:30,4036.3,1,4046.18,840868,137221.0,156262.0,4100.0,4110.0,4016.1,4092.6,23765175,4501.8,3683.4,4440.0,3288.1,4036.0,431,4,4035.5,4,1,4035.2,7,2,4035.1,30,2,4035.0,122,5,4036.3,29,3,4036.4,23,2,4036.5,15,1,4036.6,62,4,4036.7,40,3
11483,2026-07-02 11:23:59+05:30,4036.0,4,4046.18,840868,137221.0,156262.0,4100.0,4110.0,4016.1,4092.6,23765175,4501.8,3683.4,4440.0,3288.1,4036.0,431,4,4035.5,4,1,4035.2,7,2,4035.1,30,2,4035.0,122,5,4036.3,29,3,4036.4,23,2,4036.5,15,1,4036.6,62,4,4036.7,40,3
11483,2026-07-02 11:23:59+05:30,4036.0,4,4046.18,840872,137217.0,156267.0,4100.0,4110.0,4016.1,4092.6,23765175,4501.8,3683.4,4440.0,3288.1,4036.0,427,4,4035.5,4,1,4035.2,7,2,4035.1,30,2,4035.0,122,5,4036.3,30,4,4036.4,23,2,4036.5,15,1,4036.6,62,4,4036.7,40,3
11483,2026-07-02 11:24:00+05:30,4036.3,4,4046.18,840884,137240.0,156156.0,4100.0,4110.0,4016.1,4092.6,23765175,4501.8,3683.4,4440.0,3288.1,4036.0,427,4,4035.5,4,1,4035.2,7,2,4035.1,10,1,4035.0,122,5,4036.3,34,5,4036.4,11,1,4036.5,31,2,4036.6,62,4,4036.7,63,4
11483,2026-07-02 11:24:01+05:30,4036.2,3,4046.18,840884,137240.0,156156.0,4100.0,4110.0,4016.1,4092.6,23765175,4501.8,3683.4,4440.0,3288.1,4036.0,427,4,4035.5,4,1,4035.2,7,2,4035.1,10,1,4035.0,122,5,4036.3,34,5,4036.4,11,1,4036.5,31,2,4036.6,62,4,4036.7,63,4
11483,2026-07-02 11:24:01+05:30,4036.2,3,4046.18,840892,137158.0,156106.0,4100.0,4110.0,4016.1,4092.6,23765175,4501.8,3683.4,4440.0,3288.1,4036.0,425,4,4035.5,4,1,4035.2,5,1,4035.1,12,2,4035.0,122,5,4036.2,61,5,4036.3,21,4,4036.4,23,2,4036.5,31,2,4036.6,62,4
11483,2026-07-02 11:24:02+05:30,4036.0,1,4046.18,840892,137158.0,156106.0,4100.0,4110.0,4016.1,4092.6,23765175,4501.8,3683.4,4440.0,3288.1,4036.0,425,4,4035.5,4,1,4035.2,5,1,4035.1,12,2,4035.0,122,5,4036.2,61,5,4036.3,21,4,4036.4,23,2,4036.5,31,2,4036.6,62,4
11483,2026-07-02 11:24:02+05:30,4036.0,1,4046.18,840893,137168.0,156102.0,4100.0,4110.0,4016.1,4092.6,23765175,4501.8,3683.4,4440.0,3288.1,4036.1,1,1,4036.0,424,4,4035.5,4,1,4035.2,7,2,4035.1,10,1,4036.2,30,5,4036.3,27,4,4036.4,23,2,4036.5,31,2,4036.6,62,4
11483,2026-07-02 11:24:03+05:30,4036.1,2,4046.18,840893,137168.0,156102.0,4100.0,4110.0,4016.1,4092.6,23765175,4501.8,3683.4,4440.0,3288.1,4036.1,1,1,4036.0,424,4,4035.5,4,1,4035.2,7,2,4035.1,10,1,4036.2,30,5,4036.3,27,4,4036.4,23,2,4036.5,31,2,4036.6,62,4
11483,2026-07-02 11:24:03+05:30,4036.0,23,4046.18,840918,137140.0,156143.0,4100.0,4110.0,4016.1,4092.6,23765175,4501.8,3683.4,4440.0,3288.1,4036.0,401,4,4035.5,4,1,4035.2,5,1,4035.1,10,1,4035.0,122,5,4036.2,51,6,4036.3,27,4,4036.4,23,2,4036.5,31,2,4036.6,62,4
11483,2026-07-02 11:24:04+05:30,4036.0,3,4046.18,840918,137140.0,156143.0,4100.0,4110.0,4016.1,4092.6,23765175,4501.8,3683.4,4440.0,3288.1,4036.0,401,4,4035.5,4,1,4035.2,5,1,4035.1,10,1,4035.0,122,5,4036.2,51,6,4036.3,27,4,4036.4,23,2,4036.5,31,2,4036.6,62,4
11483,2026-07-02 11:24:04+05:30,4036.0,3,4046.16,842655,135615.0,156516.0,4100.0,4110.0,4016.1,4092.6,23765175,4501.8,3683.4,4440.0,3288.1,4035.5,4,1,4035.2,5,1,4035.1,10,1,4035.0,122,5,4034.8,24,1,4036.0,79,6,4036.1,19,4,4036.2,32,7,4036.3,100,7,4036.4,40,4
11483,2026-07-02 11:24:05+05:30,4035.5,1,4046.16,842655,135615.0,156516.0,4100.0,4110.0,4016.1,4092.6,23765175,4501.8,3683.4,4440.0,3288.1,4035.5,4,1,4035.2,5,1,4035.1,10,1,4035.0,122,5,4034.8,24,1,4036.0,79,6,4036.1,19,4,4036.2,32,7,4036.3,100,7,4036.4,40,4
11483,2026-07-02 11:24:05+05:30,4035.5,1,4046.16,842669,135568.0,156805.0,4100.0,4110.0,4016.1,4092.6,23765175,4501.8,3683.4,4440.0,3288.1,4035.2,1,1,4035.1,10,1,4035.0,122,5,4034.2,2,2,4034.1,61,1,4035.4,70,4,4035.5,25,3,4035.6,12,1,4035.7,16,1,4035.8,12,1
11483,2026-07-02 11:24:06+05:30,4035.1,8,4046.16,842669,135568.0,156805.0,4100.0,4110.0,4016.1,4092.6,23765175,4501.8,3683.4,4440.0,3288.1,4035.2,1,1,4035.1,10,1,4035.0,122,5,4034.2,2,2,4034.1,61,1,4035.4,70,4,4035.5,25,3,4035.6,12,1,4035.7,16,1,4035.8,12,1
11483,2026-07-02 11:24:06+05:30,4035.1,8,4046.16,842902,134633.0,157411.0,4100.0,4110.0,4016.1,4092.6,23765175,4501.8,3683.4,4440.0,3288.1,4034.0,185,4,4033.9,100,1,4033.8,11,2,4033.6,23,1,4033.4,22,2,4035.0,42,4,4035.1,34,4,4035.2,55,6,4035.4,51,3,4035.5,63,4
11483,2026-07-02 11:24:07+05:30,4033.8,2,4046.16,842902,134633.0,157411.0,4100.0,4110.0,4016.1,4092.6,23765175,4501.8,3683.4,4440.0,3288.1,4034.0,185,4,4033.9,100,1,4033.8,11,2,4033.6,23,1,4033.4,22,2,4035.0,42,4,4035.1,34,4,4035.2,55,6,4035.4,51,3,4035.5,63,4
11483,2026-07-02 11:24:07+05:30,4033.8,1,4046.15,843225,133858.0,157860.0,4100.0,4110.0,4016.1,4092.6,23765175,4501.8,3683.4,4440.0,3288.1,4033.2,100,1,4033.0,318,5,4032.8,2,1,4032.7,2,1,4032.6,20,1,4033.8,68,1,4034.0,25,4,4034.2,13,2,4034.3,81,4,4034.4,55,5
11483,2026-07-02 11:24:08+05:30,4033.2,3,4046.15,843225,133858.0,157860.0,4100.0,4110.0,4016.1,4092.6,23765175,4501.8,3683.4,4440.0,3288.1,4033.2,100,1,4033.0,318,5,4032.8,2,1,4032.7,2,1,4032.6,20,1,4033.8,68,1,4034.0,25,4,4034.2,13,2,4034.3,81,4,4034.4,55,5
11483,2026-07-02 11:24:08+05:30,4033.2,3,4046.15,843268,133890.0,157903.0,4100.0,4110.0,4016.1,4092.6,23765175,4501.8,3683.4,4440.0,3288.1,4033.2,58,1,4033.0,318,5,4032.8,2,1,4032.7,2,1,4032.6,20,1,4033.3,6,1,4033.4,1,1,4033.7,5,1,4033.8,68,1,4033.9,12,1
11483,2026-07-02 11:24:09+05:30,4033.2,1,4046.15,843268,133890.0,157903.0,4100.0,4110.0,4016.1,4092.6,23765175,4501.8,3683.4,4440.0,3288.1,4033.2,58,1,4033.0,318,5,4032.8,2,1,4032.7,2,1,4032.6,20,1,4033.3,6,1,4033.4,1,1,4033.7,5,1,4033.8,68,1,4033.9,12,1
11483,2026-07-02 11:24:09+05:30,4033.2,1,4046.15,843792,133171.0,158595.0,4100.0,4110.0,4016.1,4092.6,23765175,4501.8,3683.4,4440.0,3288.1,4032.0,704,22,4031.9,17,2,4031.5,6,1,4031.4,62,3,4031.3,23,3,4033.2,1,1,4033.3,38,4,4033.4,18,2,4033.5,38,1,4033.6,5,1
11483,2026-07-02 11:24:10+05:30,4033.2,1,4046.15,843792,133171.0,158595.0,4100.0,4110.0,4016.1,4092.6,23765175,4501.8,3683.4,4440.0,3288.1,4032.0,704,22,4031.9,17,2,4031.5,6,1,4031.4,62,3,4031.3,23,3,4033.2,1,1,4033.3,38,4,4033.4,18,2,4033.5,38,1,4033.6,5,1
11483,2026-07-02 11:24:11+05:30,4033.2,1,4046.14,843857,133265.0,158671.0,4100.0,4110.0,4016.1,4092.6,23765175,4501.8,3683.4,4440.0,3288.1,4032.0,641,19,4031.9,5,1,4031.7,12,1,4031.5,6,1,4031.4,62,3,4033.2,52,4,4033.3,28,3,4033.4,1,1,4033.5,56,2,4033.6,5,1
11483,2026-07-02 11:24:11+05:30,4032.0,8,4046.14,843857,133265.0,158671.0,4100.0,4110.0,4016.1,4092.6,23765175,4501.8,3683.4,4440.0,3288.1,4032.0,641,19,4031.9,5,1,4031.7,12,1,4031.5,6,1,4031.4,62,3,4033.2,52,4,4033.3,28,3,4033.4,1,1,4033.5,56,2,4033.6,5,1
11483,2026-07-02 11:24:11+05:30,4032.6,1,4046.14,843866,133256.0,158726.0,4100.0,4110.0,4016.1,4092.6,23765175,4501.8,3683.4,4440.0,3288.1,4032.0,633,19,4031.9,5,1,4031.5,6,1,4031.4,20,1,4031.3,17,2,4032.6,7,2,4033.2,76,6,4033.3,28,3,4033.4,1,1,4033.5,50,2
11483,2026-07-02 11:24:12+05:30,4032.6,1,4046.14,843866,133256.0,158726.0,4100.0,4110.0,4016.1,4092.6,23765175,4501.8,3683.4,4440.0,3288.1,4032.0,633,19,4031.9,5,1,4031.5,6,1,4031.4,20,1,4031.3,17,2,4032.6,7,2,4033.2,76,6,4033.3,28,3,4033.4,1,1,4033.5,50,2
11483,2026-07-02 11:24:12+05:30,4032.6,1,4046.14,843868,133294.0,158202.0,4100.0,4110.0,4016.1,4092.6,23765175,4501.8,3683.4,4440.0,3288.1,4032.3,1,1,4032.0,632,19,4031.9,5,1,4031.5,6,1,4031.4,20,1,4032.6,9,3,4033.2,82,5,4033.3,28,3,4033.4,1,1,4033.5,12,1
11483,2026-07-02 11:24:13+05:30,4032.6,1,4046.14,843868,133294.0,158202.0,4100.0,4110.0,4016.1,4092.6,23765175,4501.8,3683.4,4440.0,3288.1,4032.3,1,1,4032.0,632,19,4031.9,5,1,4031.5,6,1,4031.4,20,1,4032.6,9,3,4033.2,82,5,4033.3,28,3,4033.4,1,1,4033.5,12,1
11483,2026-07-02 11:24:13+05:30,4032.6,1,4046.14,843874,133265.0,158197.0,4100.0,4110.0,4016.1,4092.6,23765175,4501.8,3683.4,4440.0,3288.1,4032.3,1,1,4032.0,632,19,4031.9,5,1,4031.5,6,1,4031.4,20,1,4032.6,8,4,4033.0,43,1,4033.2,82,5,4033.3,27,2,4033.4,1,1
11483,2026-07-02 11:24:14+05:30,4032.3,4,4046.14,843874,133265.0,158197.0,4100.0,4110.0,4016.1,4092.6,23765175,4501.8,3683.4,4440.0,3288.1,4032.3,1,1,4032.0,632,19,4031.9,5,1,4031.5,6,1,4031.4,20,1,4032.6,8,4,4033.0,43,1,4033.2,82,5,4033.3,27,2,4033.4,1,1
11483,2026-07-02 11:24:14+05:30,4032.3,4,4046.14,843881,133091.0,158598.0,4100.0,4110.0,4016.1,4092.6,23765175,4501.8,3683.4,4440.0,3288.1,4032.0,632,19,4031.9,5,1,4031.3,17,2,4031.1,15,3,4031.0,321,15,4032.6,11,6,4033.0,72,3,4033.1,58,3,4033.2,84,4,4033.3,56,3
11483,2026-07-02 11:24:15+05:30,4032.6,1,4046.14,843881,133091.0,158598.0,4100.0,4110.0,4016.1,4092.6,23765175,4501.8,3683.4,4440.0,3288.1,4032.0,632,19,4031.9,5,1,4031.3,17,2,4031.1,15,3,4031.0,321,15,4032.6,11,6,4033.0,72,3,4033.1,58,3,4033.2,84,4,4033.3,56,3
11483,2026-07-02 11:24:15+05:30,4032.6,1,4046.14,843909,133157.0,158818.0,4100.0,4110.0,4016.1,4092.6,23765175,4501.8,3683.4,4440.0,3288.1,4032.6,1,1,4032.0,631,18,4031.9,5,1,4031.6,13,1,4031.5,12,1,4033.0,52,4,4033.1,5,1,4033.2,40,2,4033.3,56,3,4033.4,45,3
11483,2026-07-02 11:24:16+05:30,4032.6,1,4046.14,843909,133157.0,158818.0,4100.0,4110.0,4016.1,4092.6,23765175,4501.8,3683.4,4440.0,3288.1,4032.6,1,1,4032.0,631,18,4031.9,5,1,4031.6,13,1,4031.5,12,1,4033.0,52,4,4033.1,5,1,4033.2,40,2,4033.3,56,3,4033.4,45,3
11483,2026-07-02 11:24:16+05:30,4033.0,1,4046.14,843920,133206.0,158592.0,4100.0,4110.0,4016.1,4092.6,23765175,4501.8,3683.4,4440.0,3288.1,4032.6,1,1,4032.0,631,18,4031.9,5,1,4031.6,13,1,4031.3,57,4,4033.0,46,5,4033.1,5,1,4033.2,6,1,4033.3,36,2,4033.4,45,3
11483,2026-07-02 11:24:17+05:30,4033.0,1,4046.14,843920,133206.0,158592.0,4100.0,4110.0,4016.1,4092.6,23765175,4501.8,3683.4,4440.0,3288.1,4032.6,1,1,4032.0,631,18,4031.9,5,1,4031.6,13,1,4031.3,57,4,4033.0,46,5,4033.1,5,1,4033.2,6,1,4033.3,36,2,4033.4,45,3
11483,2026-07-02 11:24:17+05:30,4033.0,1,4046.14,843924,133212.0,158611.0,4100.0,4110.0,4016.1,4092.6,23765175,4501.8,3683.4,4440.0,3288.1,4032.6,25,1,4032.0,631,18,4031.9,5,1,4031.6,24,2,4031.4,2,1,4033.0,43,5,4033.1,5,1,4033.2,6,1,4033.3,7,1,4033.4,17,2
11483,2026-07-02 11:24:18+05:30,4033.0,1,4046.14,843924,133212.0,158611.0,4100.0,4110.0,4016.1,4092.6,23765175,4501.8,3683.4,4440.0,3288.1,4032.6,25,1,4032.0,631,18,4031.9,5,1,4031.6,24,2,4031.4,2,1,4033.0,43,5,4033.1,5,1,4033.2,6,1,4033.3,7,1,4033.4,17,2
11483,2026-07-02 11:24:18+05:30,4033.0,1,4046.14,843925,133199.0,158618.0,4100.0,4110.0,4016.1,4092.6,23765175,4501.8,3683.4,4440.0,3288.1,4032.6,25,1,4032.0,632,19,4031.9,5,1,4031.6,24,2,4031.4,2,1,4033.0,42,5,4033.1,5,1,4033.2,6,1,4033.3,7,1,4033.4,17,2
11483,2026-07-02 11:24:19+05:30,4033.0,1,4046.14,843925,133199.0,158618.0,4100.0,4110.0,4016.1,4092.6,23765175,4501.8,3683.4,4440.0,3288.1,4032.6,25,1,4032.0,632,19,4031.9,5,1,4031.6,24,2,4031.4,2,1,4033.0,42,5,4033.1,5,1,4033.2,6,1,4033.3,7,1,4033.4,17,2
11483,2026-07-02 11:24:19+05:30,4033.0,1,4046.14,843927,133228.0,158637.0,4100.0,4110.0,4016.1,4092.6,23765175,4501.8,3683.4,4440.0,3288.1,4032.6,24,1,4032.0,632,19,4031.9,5,1,4031.6,24,2,4031.4,2,1,4033.0,41,5,4033.1,5,1,4033.2,6,1,4033.3,7,1,4033.4,17,2
11483,2026-07-02 11:24:22+05:30,4032.0,1,4046.14,843927,133228.0,158637.0,4100.0,4110.0,4016.1,4092.6,23765175,4501.8,3683.4,4440.0,3288.1,4032.6,24,1,4032.0,632,19,4031.9,5,1,4031.6,24,2,4031.4,2,1,4033.0,41,5,4033.1,5,1,4033.2,6,1,4033.3,7,1,4033.4,17,2
11483,2026-07-02 11:24:25+05:30,4032.6,1,4046.14,844119,132972.0,158614.0,4100.0,4110.0,4016.1,4092.6,23765175,4501.8,3683.4,4440.0,3288.1,4032.3,10,1,4032.0,489,6,4031.9,5,1,4031.3,5,1,4031.2,32,2,4032.6,7,2,4032.8,23,4,4033.0,65,7,4033.2,6,1,4033.3,7,1
11483,2026-07-02 11:24:25+05:30,4032.3,10,4046.14,844119,132972.0,158614.0,4100.0,4110.0,4016.1,4092.6,23765175,4501.8,3683.4,4440.0,3288.1,4032.3,10,1,4032.0,489,6,4031.9,5,1,4031.3,5,1,4031.2,32,2,4032.6,7,2,4032.8,23,4,4033.0,65,7,4033.2,6,1,4033.3,7,1
11483,2026-07-02 11:24:28+05:30,4032.0,2,4046.14,844119,132972.0,158614.0,4100.0,4110.0,4016.1,4092.6,23765175,4501.8,3683.4,4440.0,3288.1,4032.3,10,1,4032.0,489,6,4031.9,5,1,4031.3,5,1,4031.2,32,2,4032.6,7,2,4032.8,23,4,4033.0,65,7,4033.2,6,1,4033.3,7,1
11483,2026-07-02 11:24:30+05:30,4032.3,9,4046.07,849154,133793.0,155222.0,4100.0,4110.0,4016.1,4092.6,23765175,4501.8,3683.4,4440.0,3288.1,4033.6,26,1,4032.9,3,1,4032.7,6,1,4032.6,30,2,4032.5,68,4,4035.4,124,6,4035.5,85,3,4035.6,88,5,4035.7,110,4,4035.8,135,4
11483,2026-07-02 11:24:31+05:30,4033.6,3,4046.07,849154,133793.0,155222.0,4100.0,4110.0,4016.1,4092.6,23765175,4501.8,3683.4,4440.0,3288.1,4033.6,26,1,4032.9,3,1,4032.7,6,1,4032.6,30,2,4032.5,68,4,4035.4,124,6,4035.5,85,3,4035.6,88,5,4035.7,110,4,4035.8,135,4
11483,2026-07-02 11:24:34+05:30,4033.6,17,4046.07,849154,133793.0,155222.0,4100.0,4110.0,4016.1,4092.6,23765175,4501.8,3683.4,4440.0,3288.1,4033.6,26,1,4032.9,3,1,4032.7,6,1,4032.6,30,2,4032.5,68,4,4035.4,124,6,4035.5,85,3,4035.6,88,5,4035.7,110,4,4035.8,135,4
11483,2026-07-02 11:24:35+05:30,4033.2,20,4046.07,849482,135289.0,157127.0,4100.0,4110.0,4016.1,4092.6,23765175,4501.8,3683.4,4440.0,3288.1,4032.6,69,1,4032.1,25,1,4032.0,446,6,4031.9,5,1,4031.6,33,2,4033.2,60,3,4033.3,13,2,4033.4,34,3,4033.5,20,3,4033.6,53,4
11483,2026-07-02 11:24:36+05:30,4033.2,20,4046.07,849482,135289.0,157127.0,4100.0,4110.0,4016.1,4092.6,23765175,4501.8,3683.4,4440.0,3288.1,4032.6,69,1,4032.1,25,1,4032.0,446,6,4031.9,5,1,4031.6,33,2,4033.2,60,3,4033.3,13,2,4033.4,34,3,4033.5,20,3,4033.6,53,4
11483,2026-07-02 11:24:37+05:30,4033.2,20,4046.07,849482,135289.0,157127.0,4100.0,4110.0,4016.1,4092.6,23765175,4501.8,3683.4,4440.0,3288.1,4032.6,69,1,4032.1,25,1,4032.0,446,6,4031.9,5,1,4031.6,33,2,4033.2,60,3,4033.3,13,2,4033.4,34,3,4033.5,20,3,4033.6,53,4
11483,2026-07-02 11:24:37+05:30,4035.7,10,4046.07,849482,135289.0,157127.0,4100.0,4110.0,4016.1,4092.6,23765175,4501.8,3683.4,4440.0,3288.1,4032.6,69,1,4032.1,25,1,4032.0,446,6,4031.9,5,1,4031.6,33,2,4033.2,60,3,4033.3,13,2,4033.4,34,3,4033.5,20,3,4033.6,53,4
11483,2026-07-02 11:24:37+05:30,4035.7,10,4046.07,849482,135289.0,157127.0,4100.0,4110.0,4016.1,4092.6,23765175,4501.8,3683.4,4440.0,3288.1,4032.6,69,1,4032.1,25,1,4032.0,446,6,4031.9,5,1,4031.6,33,2,4033.2,60,3,4033.3,13,2,4033.4,34,3,4033.5,20,3,4033.6,53,4
11483,2026-07-02 11:24:38+05:30,4035.7,10,4046.07,849482,135289.0,157127.0,4100.0,4110.0,4016.1,4092.6,23765175,4501.8,3683.4,4440.0,3288.1,4032.6,69,1,4032.1,25,1,4032.0,446,6,4031.9,5,1,4031.6,33,2,4033.2,60,3,4033.3,13,2,4033.4,34,3,4033.5,20,3,4033.6,53,4
11483,2026-07-02 11:24:39+05:30,4035.7,10,4046.07,849482,135289.0,157127.0,4100.0,4110.0,4016.1,4092.6,23765175,4501.8,3683.4,4440.0,3288.1,4032.6,69,1,4032.1,25,1,4032.0,446,6,4031.9,5,1,4031.6,33,2,4033.2,60,3,4033.3,13,2,4033.4,34,3,4033.5,20,3,4033.6,53,4
11483,2026-07-02 11:24:39+05:30,4035.7,10,4046.07,849482,135289.0,157127.0,4100.0,4110.0,4016.1,4092.6,23806650,4501.8,3683.4,4440.0,3288.1,4032.6,69,1,4032.1,25,1,4032.0,446,6,4031.9,5,1,4031.6,33,2,4033.2,60,3,4033.3,13,2,4033.4,34,3,4033.5,20,3,4033.6,53,4
11483,2026-07-02 11:24:40+05:30,4035.7,10,4046.07,849482,135289.0,157127.0,4100.0,4110.0,4016.1,4092.6,23806650,4501.8,3683.4,4440.0,3288.1,4032.6,69,1,4032.1,25,1,4032.0,446,6,4031.9,5,1,4031.6,33,2,4033.2,60,3,4033.3,13,2,4033.4,34,3,4033.5,20,3,4033.6,53,4
11483,2026-07-02 11:24:40+05:30,4033.3,1,4046.07,849482,135289.0,157127.0,4100.0,4110.0,4016.1,4092.6,23806650,4501.8,3683.4,4440.0,3288.1,4032.6,69,1,4032.1,25,1,4032.0,446,6,4031.9,5,1,4031.6,33,2,4033.2,60,3,4033.3,13,2,4033.4,34,3,4033.5,20,3,4033.6,53,4
11483,2026-07-02 11:24:40+05:30,4033.3,1,4046.07,849482,135289.0,157127.0,4100.0,4110.0,4016.1,4092.6,23806650,4501.8,3683.4,4440.0,3288.1,4032.6,69,1,4032.1,25,1,4032.0,446,6,4031.9,5,1,4031.6,33,2,4033.2,60,3,4033.3,13,2,4033.4,34,3,4033.5,20,3,4033.6,53,4
11483,2026-07-02 11:24:40+05:30,4033.3,1,4046.01,853587,136004.0,156383.0,4100.0,4110.0,4016.1,4092.6,23806650,4501.8,3683.4,4440.0,3288.1,4033.3,71,5,4033.2,2,1,4033.0,39,3,4032.7,20,2,4032.6,61,4,4033.5,19,1,4033.6,2,1,4034.5,57,3,4034.6,82,2,4034.7,19,2
11483,2026-07-02 11:24:40+05:30,4033.3,1,4046.01,853587,136004.0,156383.0,4100.0,4110.0,4016.1,4092.6,23806650,4501.8,3683.4,4440.0,3288.1,4033.3,71,5,4033.2,2,1,4033.0,39,3,4032.7,20,2,4032.6,61,4,4033.5,19,1,4033.6,2,1,4034.5,57,3,4034.6,82,2,4034.7,19,2
11483,2026-07-02 11:24:41+05:30,4033.3,1,4046.01,853587,136004.0,156383.0,4100.0,4110.0,4016.1,4092.6,23806650,4501.8,3683.4,4440.0,3288.1,4033.3,71,5,4033.2,2,1,4033.0,39,3,4032.7,20,2,4032.6,61,4,4033.5,19,1,4033.6,2,1,4034.5,57,3,4034.6,82,2,4034.7,19,2
11483,2026-07-02 11:24:43+05:30,4033.3,1,4046.01,853587,136004.0,156383.0,4100.0,4110.0,4016.1,4092.6,23806650,4501.8,3683.4,4440.0,3288.1,4033.3,71,5,4033.2,2,1,4033.0,39,3,4032.7,20,2,4032.6,61,4,4033.5,19,1,4033.6,2,1,4034.5,57,3,4034.6,82,2,4034.7,19,2
11483,2026-07-02 11:24:45+05:30,4033.3,1,4045.99,854692,136465.0,156357.0,4100.0,4110.0,4016.1,4092.6,23806650,4501.8,3683.4,4440.0,3288.1,4033.0,56,5,4032.7,6,1,4032.6,24,1,4032.3,101,4,4032.1,34,2,4033.2,20,1,4033.3,11,1,4034.0,14,1,4034.3,39,2,4034.4,81,3
11483,2026-07-02 11:24:46+05:30,4032.9,7,4045.99,854692,136465.0,156357.0,4100.0,4110.0,4016.1,4092.6,23806650,4501.8,3683.4,4440.0,3288.1,4033.0,56,5,4032.7,6,1,4032.6,24,1,4032.3,101,4,4032.1,34,2,4033.2,20,1,4033.3,11,1,4034.0,14,1,4034.3,39,2,4034.4,81,3
11483,2026-07-02 11:24:49+05:30,4032.3,1,4045.99,854692,136465.0,156357.0,4100.0,4110.0,4016.1,4092.6,23806650,4501.8,3683.4,4440.0,3288.1,4033.0,56,5,4032.7,6,1,4032.6,24,1,4032.3,101,4,4032.1,34,2,4033.2,20,1,4033.3,11,1,4034.0,14,1,4034.3,39,2,4034.4,81,3
11483,2026-07-02 11:24:50+05:30,4032.8,1,4045.99,854796,135930.0,156361.0,4100.0,4110.0,4016.1,4092.6,23806650,4501.8,3683.4,4440.0,3288.1,4032.8,108,4,4032.7,10,1,4032.6,73,3,4032.5,62,3,4032.4,75,3,4033.0,1,1,4033.2,8,1,4033.3,11,1,4034.0,19,2,4034.4,26,2
11483,2026-07-02 11:24:52+05:30,4032.6,1,4045.99,854796,135930.0,156361.0,4100.0,4110.0,4016.1,4092.6,23806650,4501.8,3683.4,4440.0,3288.1,4032.8,108,4,4032.7,10,1,4032.6,73,3,4032.5,62,3,4032.4,75,3,4033.0,1,1,4033.2,8,1,4033.3,11,1,4034.0,19,2,4034.4,26,2
11483,2026-07-02 11:24:55+05:30,4032.3,5,4045.99,854796,135930.0,156361.0,4100.0,4110.0,4016.1,4092.6,23806650,4501.8,3683.4,4440.0,3288.1,4032.8,108,4,4032.7,10,1,4032.6,73,3,4032.5,62,3,4032.4,75,3,4033.0,1,1,4033.2,8,1,4033.3,11,1,4034.0,19,2,4034.4,26,2
11483,2026-07-02 11:24:55+05:30,4032.3,5,4045.99,854909,135581.0,156707.0,4100.0,4110.0,4016.1,4092.6,23806650,4501.8,3683.4,4440.0,3288.1,4032.3,4,1,4032.1,1,1,4032.0,478,8,4031.9,5,1,4031.7,12,1,4032.5,50,1,4032.7,1,1,4032.9,2,1,4033.0,4,2,4033.3,11,1
11483,2026-07-02 11:24:58+05:30,4032.2,25,4045.99,854909,135581.0,156707.0,4100.0,4110.0,4016.1,4092.6,23806650,4501.8,3683.4,4440.0,3288.1,4032.3,4,1,4032.1,1,1,4032.0,478,8,4031.9,5,1,4031.7,12,1,4032.5,50,1,4032.7,1,1,4032.9,2,1,4033.0,4,2,4033.3,11,1
11483,2026-07-02 11:25:00+05:30,4033.0,1,4045.99,854997,136437.0,155669.0,4100.0,4110.0,4016.1,4092.6,23806650,4501.8,3683.4,4440.0,3288.1,4032.8,60,4,4032.7,28,4,4032.6,20,2,4032.5,26,3,4032.4,34,3,4033.0,14,1,4033.3,11,1,4034.4,13,1,4034.6,11,2,4034.7,32,2
11483,2026-07-02 11:25:01+05:30,4033.3,2,4045.99,854997,136437.0,155669.0,4100.0,4110.0,4016.1,4092.6,23806650,4501.8,3683.4,4440.0,3288.1,4032.8,60,4,4032.7,28,4,4032.6,20,2,4032.5,26,3,4032.4,34,3,4033.0,14,1,4033.3,11,1,4034.4,13,1,4034.6,11,2,4034.7,32,2
11483,2026-07-02 11:25:04+05:30,4034.4,3,4045.99,854997,136437.0,155669.0,4100.0,4110.0,4016.1,4092.6,23806650,4501.8,3683.4,4440.0,3288.1,4032.8,60,4,4032.7,28,4,4032.6,20,2,4032.5,26,3,4032.4,34,3,4033.0,14,1,4033.3,11,1,4034.4,13,1,4034.6,11,2,4034.7,32,2
11483,2026-07-02 11:25:05+05:30,4034.4,3,4045.99,855236,137890.0,154856.0,4100.0,4110.0,4016.1,4092.6,23806650,4501.8,3683.4,4440.0,3288.1,4033.3,2,1,4032.9,2,1,4032.7,12,3,4032.6,63,3,4032.5,58,5,4034.4,1,1,4034.6,8,1,4034.7,82,3,4035.0,141,4,4035.1,22,1
11483,2026-07-02 11:25:07+05:30,4034.4,3,4045.99,855236,137890.0,154856.0,4100.0,4110.0,4016.1,4092.6,23806650,4501.8,3683.4,4440.0,3288.1,4033.3,2,1,4032.9,2,1,4032.7,12,3,4032.6,63,3,4032.5,58,5,4034.4,1,1,4034.6,8,1,4034.7,82,3,4035.0,141,4,4035.1,22,1
11483,2026-07-02 11:25:10+05:30,4033.3,10,4045.99,855285,137187.0,155744.0,4100.0,4110.0,4016.1,4092.6,23806650,4501.8,3683.4,4440.0,3288.1,4033.0,2,1,4032.5,25,1,4032.4,14,1,4032.3,77,2,4032.2,46,3,4033.5,83,2,4033.6,42,1,4033.8,42,1,4034.0,39,3,4034.2,30,1
11483,2026-07-02 11:25:10+05:30,4033.0,2,4045.99,855285,137187.0,155744.0,4100.0,4110.0,4016.1,4092.6,23806650,4501.8,3683.4,4440.0,3288.1,4033.0,2,1,4032.5,25,1,4032.4,14,1,4032.3,77,2,4032.2,46,3,4033.5,83,2,4033.6,42,1,4033.8,42,1,4034.0,39,3,4034.2,30,1
11483,2026-07-02 11:25:15+05:30,4033.2,66,4045.98,855377,137024.0,156012.0,4100.0,4110.0,4016.1,4092.6,23806650,4501.8,3683.4,4440.0,3288.1,4033.1,42,1,4033.0,47,2,4032.9,42,1,4032.7,42,1,4032.5,57,3,4033.3,39,1,4033.5,2,1,4033.7,22,2,4034.1,33,1,4034.3,51,2
11483,2026-07-02 11:25:16+05:30,4033.3,2,4045.98,855377,137024.0,156012.0,4100.0,4110.0,4016.1,4092.6,23806650,4501.8,3683.4,4440.0,3288.1,4033.1,42,1,4033.0,47,2,4032.9,42,1,4032.7,42,1,4032.5,57,3,4033.3,39,1,4033.5,2,1,4033.7,22,2,4034.1,33,1,4034.3,51,2
11483,2026-07-02 11:25:19+05:30,4034.1,2,4045.98,855377,137024.0,156012.0,4100.0,4110.0,4016.1,4092.6,23806650,4501.8,3683.4,4440.0,3288.1,4033.1,42,1,4033.0,47,2,4032.9,42,1,4032.7,42,1,4032.5,57,3,4033.3,39,1,4033.5,2,1,4033.7,22,2,4034.1,33,1,4034.3,51,2
11483,2026-07-02 11:25:20+05:30,4033.6,17,4045.98,855786,137414.0,155639.0,4100.0,4110.0,4016.1,4092.6,23806650,4501.8,3683.4,4440.0,3288.1,4033.6,9,1,4033.5,1,1,4033.4,42,1,4033.3,31,1,4033.1,31,1,4034.1,2,1,4034.2,4,1,4034.3,5,1,4034.4,4,1,4034.5,87,5
11483,2026-07-02 11:25:20+05:30,4033.4,15,4045.98,855786,137414.0,155639.0,4100.0,4110.0,4016.1,4092.6,23806650,4501.8,3683.4,4440.0,3288.1,4033.6,9,1,4033.5,1,1,4033.4,42,1,4033.3,31,1,4033.1,31,1,4034.1,2,1,4034.2,4,1,4034.3,5,1,4034.4,4,1,4034.5,87,5
11483,2026-07-02 11:25:21+05:30,4033.4,15,4045.98,855811,137349.0,155777.0,4100.0,4110.0,4016.1,4092.6,23806650,4501.8,3683.4,4440.0,3288.1,4033.4,27,1,4033.3,31,1,4033.1,31,1,4033.0,86,3,4032.5,57,3,4033.6,5,1,4033.9,1,1,4034.1,8,2,4034.2,9,2,4034.3,5,1
11483,2026-07-02 11:25:21+05:30,4033.4,3,4045.98,855811,137349.0,155777.0,4100.0,4110.0,4016.1,4092.6,23806650,4501.8,3683.4,4440.0,3288.1,4033.4,27,1,4033.3,31,1,4033.1,31,1,4033.0,86,3,4032.5,57,3,4033.6,5,1,4033.9,1,1,4034.1,8,2,4034.2,9,2,4034.3,5,1
11483,2026-07-02 11:25:22+05:30,4033.4,3,4045.98,855814,137394.0,155686.0,4100.0,4110.0,4016.1,4092.6,23806650,4501.8,3683.4,4440.0,3288.1,4033.5,1,1,4033.4,24,1,4033.3,73,2,4033.1,31,1,4033.0,86,3,4033.6,5,1,4033.9,1,1,4034.1,2,1,4034.2,9,2,4034.3,5,1
11483,2026-07-02 11:25:23+05:30,4033.4,3,4045.98,855814,137399.0,155696.0,4100.0,4110.0,4016.1,4092.6,23806650,4501.8,3683.4,4440.0,3288.1,4033.5,1,1,4033.4,24,1,4033.3,73,2,4033.1,31,1,4033.0,86,3,4033.6,12,3,4033.9,1,1,4034.1,2,1,4034.2,9,2,4034.3,5,1
11483,2026-07-02 11:25:24+05:30,4033.6,1,4045.98,855815,137412.0,155665.0,4100.0,4110.0,4016.1,4092.6,23806650,4501.8,3683.4,4440.0,3288.1,4033.5,1,1,4033.4,24,1,4033.3,83,3,4033.1,31,1,4033.0,86,3,4033.6,11,3,4033.9,1,1,4034.0,15,1,4034.1,2,1,4034.2,9,2
11483,2026-07-02 11:25:24+05:30,4033.6,1,4045.98,855815,137412.0,155665.0,4100.0,4110.0,4016.1,4092.6,23806650,4501.8,3683.4,4440.0,3288.1,4033.5,1,1,4033.4,24,1,4033.3,83,3,4033.1,31,1,4033.0,86,3,4033.6,11,3,4033.9,1,1,4034.0,15,1,4034.1,2,1,4034.2,9,2
11483,2026-07-02 11:25:25+05:30,4033.6,1,4045.98,855815,137419.0,155666.0,4100.0,4110.0,4016.1,4092.6,23806650,4501.8,3683.4,4440.0,3288.1,4033.5,1,1,4033.4,24,1,4033.3,85,4,4033.1,31,1,4033.0,86,3,4033.6,11,3,4033.9,1,1,4034.0,15,1,4034.1,2,1,4034.2,9,2
11483,2026-07-02 11:25:26+05:30,4033.6,4,4045.98,855833,137444.0,155644.0,4100.0,4110.0,4016.1,4092.6,23806650,4501.8,3683.4,4440.0,3288.1,4033.4,16,1,4033.3,85,4,4033.1,31,1,4033.0,86,3,4032.5,57,3,4033.6,8,3,4033.9,1,1,4034.0,15,1,4034.1,2,1,4034.2,9,2
11483,2026-07-02 11:25:26+05:30,4033.4,2,4045.98,855833,137444.0,155644.0,4100.0,4110.0,4016.1,4092.6,23806650,4501.8,3683.4,4440.0,3288.1,4033.4,16,1,4033.3,85,4,4033.1,31,1,4033.0,86,3,4032.5,57,3,4033.6,8,3,4033.9,1,1,4034.0,15,1,4034.1,2,1,4034.2,9,2
11483,2026-07-02 11:25:27+05:30,4033.6,16,4045.98,855860,137441.0,155454.0,4100.0,4110.0,4016.1,4092.6,23806650,4501.8,3683.4,4440.0,3288.1,4033.4,14,1,4033.3,85,4,4033.1,31,1,4033.0,86,3,4032.5,79,4,4033.6,5,1,4033.9,1,1,4034.0,15,1,4034.2,5,1,4034.5,58,4
11483,2026-07-02 11:25:27+05:30,4033.4,4,4045.98,855860,137441.0,155454.0,4100.0,4110.0,4016.1,4092.6,23806650,4501.8,3683.4,4440.0,3288.1,4033.4,14,1,4033.3,85,4,4033.1,31,1,4033.0,86,3,4032.5,79,4,4033.6,5,1,4033.9,1,1,4034.0,15,1,4034.2,5,1,4034.5,58,4
11483,2026-07-02 11:25:28+05:30,4033.4,4,4045.98,855864,137531.0,155413.0,4100.0,4110.0,4016.1,4092.6,23806650,4501.8,3683.4,4440.0,3288.1,4033.4,35,2,4033.3,85,4,4033.1,31,1,4033.0,86,3,4032.6,3,1,4033.6,6,2,4033.9,1,1,4034.0,15,1,4034.5,20,1,4034.6,20,1
11483,2026-07-02 11:25:29+05:30,4033.4,6,4045.98,855877,137526.0,155439.0,4100.0,4110.0,4016.1,4092.6,23806650,4501.8,3683.4,4440.0,3288.1,4033.4,29,2,4033.3,85,4,4033.1,31,1,4033.0,86,3,4032.6,3,1,4033.6,4,1,4033.9,1,1,4034.0,15,1,4034.5,20,1,4034.6,20,1
11483,2026-07-02 11:25:29+05:30,4033.4,2,4045.98,855877,137526.0,155439.0,4100.0,4110.0,4016.1,4092.6,23806650,4501.8,3683.4,4440.0,3288.1,4033.4,29,2,4033.3,85,4,4033.1,31,1,4033.0,86,3,4032.6,3,1,4033.6,4,1,4033.9,1,1,4034.0,15,1,4034.5,20,1,4034.6,20,1
11483,2026-07-02 11:25:30+05:30,4033.4,2,4045.98,855879,137447.0,155599.0,4100.0,4110.0,4016.1,4092.6,23806650,4501.8,3683.4,4440.0,3288.1,4033.4,25,1,4033.3,12,2,4033.0,86,3,4032.6,3,1,4032.5,79,4,4033.6,5,2,4033.9,1,1,4034.0,15,1,4034.5,20,1,4034.6,32,2
11483,2026-07-02 11:25:31+05:30,4033.5,1,4045.98,855906,137420.0,155321.0,4100.0,4110.0,4016.1,4092.6,23806650,4501.8,3683.4,4440.0,3288.1,4033.4,5,1,4033.3,12,2,4033.0,86,3,4032.6,3,1,4032.5,79,4,4033.5,1,1,4033.6,3,1,4033.9,1,1,4034.0,15,1,4034.5,20,1
11483,2026-07-02 11:25:31+05:30,4033.4,3,4045.98,855906,137420.0,155321.0,4100.0,4110.0,4016.1,4092.6,23806650,4501.8,3683.4,4440.0,3288.1,4033.4,5,1,4033.3,12,2,4033.0,86,3,4032.6,3,1,4032.5,79,4,4033.5,1,1,4033.6,3,1,4033.9,1,1,4034.0,15,1,4034.5,20,1
11483,2026-07-02 11:25:32+05:30,4033.0,65,4045.97,856074,136704.0,156273.0,4100.0,4110.0,4016.1,4092.6,23806650,4501.8,3683.4,4440.0,3288.1,4032.7,1,1,4032.5,57,3,4032.2,5,1,4032.1,23,1,4032.0,569,13,4033.0,10,1,4033.5,2,2,4033.6,3,1,4033.8,6,1,4033.9,1,1
11483,2026-07-02 11:25:32+05:30,4032.7,1,4045.97,856074,136704.0,156273.0,4100.0,4110.0,4016.1,4092.6,23806650,4501.8,3683.4,4440.0,3288.1,4032.7,1,1,4032.5,57,3,4032.2,5,1,4032.1,23,1,4032.0,569,13,4033.0,10,1,4033.5,2,2,4033.6,3,1,4033.8,6,1,4033.9,1,1
11483,2026-07-02 11:25:33+05:30,4032.0,158,4045.97,856333,136003.0,156432.0,4100.0,4110.0,4016.1,4092.6,23806650,4501.8,3683.4,4440.0,3288.1,4032.0,435,14,4031.9,17,2,4031.8,15,1,4031.7,20,2,4031.6,36,2,4032.7,2,2,4033.0,10,1,4033.5,1,1,4033.6,3,1,4033.7,18,1
11483,2026-07-02 11:25:33+05:30,4032.0,3,4045.97,856333,136003.0,156432.0,4100.0,4110.0,4016.1,4092.6,23806650,4501.8,3683.4,4440.0,3288.1,4032.0,435,14,4031.9,17,2,4031.8,15,1,4031.7,20,2,4031.6,36,2,4032.7,2,2,4033.0,10,1,4033.5,1,1,4033.6,3,1,4033.7,18,1
11483,2026-07-02 11:25:34+05:30,4032.0,3,4045.97,856367,135947.0,156499.0,4100.0,4110.0,4016.1,4092.6,23806650,4501.8,3683.4,4440.0,3288.1,4032.0,401,14,4031.9,17,2,4031.8,15,1,4031.7,17,1,4031.6,39,3,4032.7,5,3,4033.0,10,1,4033.5,1,1,4033.6,3,1,4033.7,18,1
11483,2026-07-02 11:25:34+05:30,4032.0,20,4045.97,856367,135947.0,156499.0,4100.0,4110.0,4016.1,4092.6,23806650,4501.8,3683.4,4440.0,3288.1,4032.0,401,14,4031.9,17,2,4031.8,15,1,4031.7,17,1,4031.6,39,3,4032.7,5,3,4033.0,10,1,4033.5,1,1,4033.6,3,1,4033.7,18,1
11483,2026-07-02 11:25:35+05:30,4032.0,20,4045.97,856395,135921.0,156570.0,4100.0,4110.0,4016.1,4092.6,23806650,4501.8,3683.4,4440.0,3288.1,4032.1,2,1,4032.0,377,14,4031.9,5,1,4031.5,22,1,4031.4,15,2,4032.6,19,1,4032.7,4,3,4033.0,10,1,4033.5,1,1,4033.6,3,1
11483,2026-07-02 11:25:35+05:30,4032.1,14,4045.97,856395,135921.0,156570.0,4100.0,4110.0,4016.1,4092.6,23806650,4501.8,3683.4,4440.0,3288.1,4032.1,2,1,4032.0,377,14,4031.9,5,1,4031.5,22,1,4031.4,15,2,4032.6,19,1,4032.7,4,3,4033.0,10,1,4033.5,1,1,4033.6,3,1
11483,2026-07-02 11:25:36+05:30,4032.0,9,4045.97,856423,135753.0,156822.0,4100.0,4110.0,4016.1,4092.6,23806650,4501.8,3683.4,4440.0,3288.1,4032.0,367,13,4031.9,5,1,4031.5,12,1,4031.3,32,3,4031.2,49,2,4032.1,4,1,4032.5,39,1,4032.6,1,1,4032.7,3,2,4033.0,10,1
11483,2026-07-02 11:25:36+05:30,4032.0,9,4045.97,856423,135753.0,156822.0,4100.0,4110.0,4016.1,4092.6,23806650,4501.8,3683.4,4440.0,3288.1,4032.0,367,13,4031.9,5,1,4031.5,12,1,4031.3,32,3,4031.2,49,2,4032.1,4,1,4032.5,39,1,4032.6,1,1,4032.7,3,2,4033.0,10,1
11483,2026-07-02 11:25:36+05:30,4032.0,3,4045.97,856423,135753.0,156822.0,4100.0,4110.0,4016.1,4092.6,23806650,4501.8,3683.4,4440.0,3288.1,4032.0,367,13,4031.9,5,1,4031.5,12,1,4031.3,32,3,4031.2,49,2,4032.1,4,1,4032.5,39,1,4032.6,1,1,4032.7,3,2,4033.0,10,1
11483,2026-07-02 11:25:36+05:30,4032.0,3,4045.97,856423,135753.0,156822.0,4100.0,4110.0,4016.1,4092.6,23806650,4501.8,3683.4,4440.0,3288.1,4032.0,367,13,4031.9,5,1,4031.5,12,1,4031.3,32,3,4031.2,49,2,4032.1,4,1,4032.5,39,1,4032.6,1,1,4032.7,3,2,4033.0,10,1
11483,2026-07-02 11:25:37+05:30,4032.0,3,4045.97,856426,135774.0,156868.0,4100.0,4110.0,4016.1,4092.6,23806650,4501.8,3683.4,4440.0,3288.1,4032.0,364,13,4031.9,17,2,4031.4,15,2,4031.3,29,2,4031.2,49,2,4032.1,5,2,4032.5,39,1,4032.7,3,2,4033.0,10,1,4033.3,43,1
11483,2026-07-02 11:25:37+05:30,4032.0,3,4045.97,856426,135774.0,156868.0,4100.0,4110.0,4016.1,4092.6,23806650,4501.8,3683.4,4440.0,3288.1,4032.0,364,13,4031.9,17,2,4031.4,15,2,4031.3,29,2,4031.2,49,2,4032.1,5,2,4032.5,39,1,4032.7,3,2,4033.0,10,1,4033.3,43,1
11483,2026-07-02 11:25:38+05:30,4032.0,1,4045.97,856427,135716.0,156880.0,4100.0,4110.0,4016.1,4092.6,23806650,4501.8,3683.4,4440.0,3288.1,4032.0,339,12,4031.9,5,1,4031.3,8,2,4031.2,25,1,4031.1,176,6,4032.1,6,3,4032.5,39,1,4032.7,2,1,4033.0,10,1,4033.2,24,1
11483,2026-07-02 11:25:38+05:30,4032.0,1,4045.97,856427,135716.0,156880.0,4100.0,4110.0,4016.1,4092.6,23806650,4501.8,3683.4,4440.0,3288.1,4032.0,339,12,4031.9,5,1,4031.3,8,2,4031.2,25,1,4031.1,176,6,4032.1,6,3,4032.5,39,1,4032.7,2,1,4033.0,10,1,4033.2,24,1
11483,2026-07-02 11:25:38+05:30,4032.0,1,4045.97,856427,135716.0,156880.0,4100.0,4110.0,4016.1,4092.6,23806650,4501.8,3683.4,4440.0,3288.1,4032.0,339,12,4031.9,5,1,4031.3,8,2,4031.2,25,1,4031.1,176,6,4032.1,6,3,4032.5,39,1,4032.7,2,1,4033.0,10,1,4033.2,24,1
11483,2026-07-02 11:25:38+05:30,4032.0,1,4045.97,856427,135716.0,156880.0,4100.0,4110.0,4016.1,4092.6,23806650,4501.8,3683.4,4440.0,3288.1,4032.0,339,12,4031.9,5,1,4031.3,8,2,4031.2,25,1,4031.1,176,6,4032.1,6,3,4032.5,39,1,4032.7,2,1,4033.0,10,1,4033.2,24,1
11483,2026-07-02 11:25:39+05:30,4032.0,1,4045.97,856427,135716.0,156880.0,4100.0,4110.0,4016.1,4092.6,23806650,4501.8,3683.4,4440.0,3288.1,4032.0,339,12,4031.9,5,1,4031.3,8,2,4031.2,25,1,4031.1,176,6,4032.1,6,3,4032.5,39,1,4032.7,2,1,4033.0,10,1,4033.2,24,1
11483,2026-07-02 11:25:39+05:30,4032.1,1,4045.97,856433,135736.0,156844.0,4100.0,4110.0,4016.1,4092.6,23806650,4501.8,3683.4,4440.0,3288.1,4032.0,362,13,4031.9,5,1,4031.4,3,1,4031.3,5,1,4031.2,37,2,4032.1,1,1,4032.5,39,1,4032.7,2,1,4033.0,10,1,4033.3,43,1
11483,2026-07-02 11:25:39+05:30,4032.1,1,4045.97,856433,135736.0,156844.0,4100.0,4110.0,4016.1,4092.6,23806650,4501.8,3683.4,4440.0,3288.1,4032.0,362,13,4031.9,5,1,4031.4,3,1,4031.3,5,1,4031.2,37,2,4032.1,1,1,4032.5,39,1,4032.7,2,1,4033.0,10,1,4033.3,43,1
11483,2026-07-02 11:25:39+05:30,4032.0,15,4045.97,856433,135736.0,156844.0,4100.0,4110.0,4016.1,4092.6,23806650,4501.8,3683.4,4440.0,3288.1,4032.0,362,13,4031.9,5,1,4031.4,3,1,4031.3,5,1,4031.2,37,2,4032.1,1,1,4032.5,39,1,4032.7,2,1,4033.0,10,1,4033.3,43,1
11483,2026-07-02 11:25:39+05:30,4032.0,15,4045.97,856433,135736.0,156844.0,4100.0,4110.0,4016.1,4092.6,23806650,4501.8,3683.4,4440.0,3288.1,4032.0,362,13,4031.9,5,1,4031.4,3,1,4031.3,5,1,4031.2,37,2,4032.1,1,1,4032.5,39,1,4032.7,2,1,4033.0,10,1,4033.3,43,1
11483,2026-07-02 11:25:40+05:30,4032.0,15,4045.97,856433,135736.0,156844.0,4100.0,4110.0,4016.1,4092.6,23809275,4501.8,3683.4,4440.0,3288.1,4032.0,362,13,4031.9,5,1,4031.4,3,1,4031.3,5,1,4031.2,37,2,4032.1,1,1,4032.5,39,1,4032.7,2,1,4033.0,10,1,4033.3,43,1
11483,2026-07-02 11:25:40+05:30,4032.0,39,4045.97,856514,135747.0,156849.0,4100.0,4110.0,4016.1,4092.6,23809275,4501.8,3683.4,4440.0,3288.1,4032.0,281,13,4031.9,5,1,4031.4,3,1,4031.3,5,1,4031.2,37,2,4032.1,1,1,4032.7,2,1,4033.0,10,1,4033.2,22,1,4033.3,43,1
11483,2026-07-02 11:25:40+05:30,4032.0,39,4045.97,856514,135747.0,156849.0,4100.0,4110.0,4016.1,4092.6,23809275,4501.8,3683.4,4440.0,3288.1,4032.0,281,13,4031.9,5,1,4031.4,3,1,4031.3,5,1,4031.2,37,2,4032.1,1,1,4032.7,2,1,4033.0,10,1,4033.2,22,1,4033.3,43,1
11483,2026-07-02 11:25:40+05:30,4032.0,9,4045.97,856514,135747.0,156849.0,4100.0,4110.0,4016.1,4092.6,23809275,4501.8,3683.4,4440.0,3288.1,4032.0,281,13,4031.9,5,1,4031.4,3,1,4031.3,5,1,4031.2,37,2,4032.1,1,1,4032.7,2,1,4033.0,10,1,4033.2,22,1,4033.3,43,1
11483,2026-07-02 11:25:40+05:30,4032.0,9,4045.97,856514,135747.0,156849.0,4100.0,4110.0,4016.1,4092.6,23809275,4501.8,3683.4,4440.0,3288.1,4032.0,281,13,4031.9,5,1,4031.4,3,1,4031.3,5,1,4031.2,37,2,4032.1,1,1,4032.7,2,1,4033.0,10,1,4033.2,22,1,4033.3,43,1
11483,2026-07-02 11:25:41+05:30,4032.0,9,4045.97,856514,135747.0,156849.0,4100.0,4110.0,4016.1,4092.6,23809275,4501.8,3683.4,4440.0,3288.1,4032.0,281,13,4031.9,5,1,4031.4,3,1,4031.3,5,1,4031.2,37,2,4032.1,1,1,4032.7,2,1,4033.0,10,1,4033.2,22,1,4033.3,43,1
11483,2026-07-02 11:25:41+05:30,4033.8,12,4045.96,856723,135867.0,156538.0,4100.0,4110.0,4016.1,4092.6,23809275,4501.8,3683.4,4440.0,3288.1,4032.1,4,1,4032.0,253,13,4031.9,5,1,4031.4,25,2,4031.3,18,2,4032.6,2,1,4033.2,3,1,4033.5,43,3,4033.6,25,1,4033.7,30,1
11483,2026-07-02 11:25:41+05:30,4033.8,12,4045.96,856723,135867.0,156538.0,4100.0,4110.0,4016.1,4092.6,23809275,4501.8,3683.4,4440.0,3288.1,4032.1,4,1,4032.0,253,13,4031.9,5,1,4031.4,25,2,4031.3,18,2,4032.6,2,1,4033.2,3,1,4033.5,43,3,4033.6,25,1,4033.7,30,1
11483,2026-07-02 11:25:41+05:30,4032.6,2,4045.96,856723,135867.0,156538.0,4100.0,4110.0,4016.1,4092.6,23809275,4501.8,3683.4,4440.0,3288.1,4032.1,4,1,4032.0,253,13,4031.9,5,1,4031.4,25,2,4031.3,18,2,4032.6,2,1,4033.2,3,1,4033.5,43,3,4033.6,25,1,4033.7,30,1
11483,2026-07-02 11:25:41+05:30,4032.6,2,4045.96,856723,135867.0,156538.0,4100.0,4110.0,4016.1,4092.6,23809275,4501.8,3683.4,4440.0,3288.1,4032.1,4,1,4032.0,253,13,4031.9,5,1,4031.4,25,2,4031.3,18,2,4032.6,2,1,4033.2,3,1,4033.5,43,3,4033.6,25,1,4033.7,30,1
11483,2026-07-02 11:25:42+05:30,4032.1,1,4045.96,856754,136024.0,156442.0,4100.0,4110.0,4016.1,4092.6,23809275,4501.8,3683.4,4440.0,3288.1,4032.1,14,1,4032.0,289,15,4031.9,5,1,4031.7,12,1,4031.6,3,1,4032.6,5,2,4033.5,61,2,4033.6,6,1,4033.7,35,2,4033.8,87,4
11483,2026-07-02 11:25:42+05:30,4032.1,1,4045.96,856754,136024.0,156442.0,4100.0,4110.0,4016.1,4092.6,23809275,4501.8,3683.4,4440.0,3288.1,4032.1,14,1,4032.0,289,15,4031.9,5,1,4031.7,12,1,4031.6,3,1,4032.6,5,2,4033.5,61,2,4033.6,6,1,4033.7,35,2,4033.8,87,4
11483,2026-07-02 11:25:43+05:30,4032.1,1,4045.96,856759,136014.0,156471.0,4100.0,4110.0,4016.1,4092.6,23809275,4501.8,3683.4,4440.0,3288.1,4032.1,9,1,4032.0,277,14,4031.9,5,1,4031.7,12,1,4031.6,3,1,4032.6,6,3,4033.5,61,2,4033.6,6,1,4033.7,35,2,4033.8,100,5
11483,2026-07-02 11:25:44+05:30,4032.1,4,4045.96,856763,136022.0,156442.0,4100.0,4110.0,4016.1,4092.6,23809275,4501.8,3683.4,4440.0,3288.1,4032.1,5,1,4032.0,277,14,4031.9,5,1,4031.5,3,1,4031.4,22,1,4032.6,6,3,4033.5,61,2,4033.6,6,1,4033.7,35,2,4033.8,100,5
11483,2026-07-02 11:25:44+05:30,4032.6,1,4045.96,856763,136022.0,156442.0,4100.0,4110.0,4016.1,4092.6,23809275,4501.8,3683.4,4440.0,3288.1,4032.1,5,1,4032.0,277,14,4031.9,5,1,4031.5,3,1,4031.4,22,1,4032.6,6,3,4033.5,61,2,4033.6,6,1,4033.7,35,2,4033.8,100,5
11483,2026-07-02 11:25:45+05:30,4032.6,1,4045.96,856767,135857.0,156428.0,4100.0,4110.0,4016.1,4092.6,23809275,4501.8,3683.4,4440.0,3288.1,4032.0,292,15,4031.9,17,2,4031.7,14,1,4031.5,20,2,4031.4,34,2,4032.6,3,2,4033.5,61,2,4033.6,6,1,4033.7,35,2,4033.8,112,6
11483,2026-07-02 11:25:45+05:30,4032.6,1,4045.96,856767,135857.0,156428.0,4100.0,4110.0,4016.1,4092.6,23809275,4501.8,3683.4,4440.0,3288.1,4032.0,292,15,4031.9,17,2,4031.7,14,1,4031.5,20,2,4031.4,34,2,4032.6,3,2,4033.5,61,2,4033.6,6,1,4033.7,35,2,4033.8,112,6
11483,2026-07-02 11:25:46+05:30,4032.1,4,4045.96,856779,136655.0,156097.0,4100.0,4110.0,4016.1,4092.6,23809275,4501.8,3683.4,4440.0,3288.1,4032.6,1,1,4032.2,3,1,4032.1,38,2,4032.0,282,14,4031.9,17,2,4033.6,12,1,4033.7,47,3,4033.8,41,2,4033.9,1,1,4034.0,87,3
11483,2026-07-02 11:25:46+05:30,4033.6,1,4045.96,856779,136655.0,156097.0,4100.0,4110.0,4016.1,4092.6,23809275,4501.8,3683.4,4440.0,3288.1,4032.6,1,1,4032.2,3,1,4032.1,38,2,4032.0,282,14,4031.9,17,2,4033.6,12,1,4033.7,47,3,4033.8,41,2,4033.9,1,1,4034.0,87,3
11483,2026-07-02 11:25:47+05:30,4033.6,1,4045.96,856790,136318.0,156005.0,4100.0,4110.0,4016.1,4092.6,23809275,4501.8,3683.4,4440.0,3288.1,4032.1,33,2,4032.0,253,13,4031.9,32,3,4031.8,20,1,4031.7,12,1,4033.6,27,3,4033.7,94,4,4033.8,41,2,4033.9,35,3,4034.0,99,6
11483,2026-07-02 11:25:47+05:30,4032.1,1,4045.96,856790,136318.0,156005.0,4100.0,4110.0,4016.1,4092.6,23809275,4501.8,3683.4,4440.0,3288.1,4032.1,33,2,4032.0,253,13,4031.9,32,3,4031.8,20,1,4031.7,12,1,4033.6,27,3,4033.7,94,4,4033.8,41,2,4033.9,35,3,4034.0,99,6
11483,2026-07-02 11:25:48+05:30,4033.6,1,4045.96,856796,136320.0,155999.0,4100.0,4110.0,4016.1,4092.6,23809275,4501.8,3683.4,4440.0,3288.1,4032.1,29,2,4032.0,253,13,4031.9,32,3,4031.6,12,1,4031.5,10,1,4033.6,79,5,4033.7,94,4,4033.8,99,4,4033.9,22,3,4034.0,111,7
11483,2026-07-02 11:25:48+05:30,4033.6,1,4045.96,856796,136320.0,155999.0,4100.0,4110.0,4016.1,4092.6,23809275,4501.8,3683.4,4440.0,3288.1,4032.1,29,2,4032.0,253,13,4031.9,32,3,4031.6,12,1,4031.5,10,1,4033.6,79,5,4033.7,94,4,4033.8,99,4,4033.9,22,3,4034.0,111,7
11483,2026-07-02 11:25:49+05:30,4032.1,1,4045.96,856798,136269.0,156142.0,4100.0,4110.0,4016.1,4092.6,23809275,4501.8,3683.4,4440.0,3288.1,4032.1,5,1,4032.0,253,13,4031.9,5,1,4031.6,12,1,4031.4,22,1,4033.4,66,4,4033.5,71,4,4033.6,119,7,4033.7,101,5,4033.8,82,4
11483,2026-07-02 11:25:49+05:30,4033.3,1,4045.96,856798,136269.0,156142.0,4100.0,4110.0,4016.1,4092.6,23809275,4501.8,3683.4,4440.0,3288.1,4032.1,5,1,4032.0,253,13,4031.9,5,1,4031.6,12,1,4031.4,22,1,4033.4,66,4,4033.5,71,4,4033.6,119,7,4033.7,101,5,4033.8,82,4
11483,2026-07-02 11:25:50+05:30,4033.3,1,4045.96,856800,136301.0,156453.0,4100.0,4110.0,4016.1,4092.6,23809275,4501.8,3683.4,4440.0,3288.1,4032.1,4,1,4032.0,258,14,4031.9,5,1,4031.6,12,1,4031.4,22,1,4033.3,26,3,4033.4,55,4,4033.5,72,5,4033.6,106,5,4033.7,89,4
11483,2026-07-02 11:25:51+05:30,4032.8,1,4045.96,856803,136395.0,156448.0,4100.0,4110.0,4016.1,4092.6,23809275,4501.8,3683.4,4440.0,3288.1,4032.2,7,1,4032.1,4,1,4032.0,358,15,4031.9,5,1,4031.8,29,1,4032.8,1,1,4033.3,12,1,4033.4,3,1,4033.5,24,4,4033.6,45,2
11483,2026-07-02 11:25:51+05:30,4032.8,1,4045.96,856803,136395.0,156448.0,4100.0,4110.0,4016.1,4092.6,23809275,4501.8,3683.4,4440.0,3288.1,4032.2,7,1,4032.1,4,1,4032.0,358,15,4031.9,5,1,4031.8,29,1,4032.8,1,1,4033.3,12,1,4033.4,3,1,4033.5,24,4,4033.6,45,2
11483,2026-07-02 11:25:52+05:30,4032.8,1,4045.96,856805,136399.0,156480.0,4100.0,4110.0,4016.1,4092.6,23809275,4501.8,3683.4,4440.0,3288.1,4032.5,1,1,4032.2,7,1,4032.1,4,1,4032.0,358,15,4031.9,5,1,4032.8,1,1,4033.3,12,1,4033.4,3,1,4033.5,12,3,4033.6,110,3
11483,2026-07-02 11:25:52+05:30,4032.8,1,4045.96,856805,136399.0,156480.0,4100.0,4110.0,4016.1,4092.6,23809275,4501.8,3683.4,4440.0,3288.1,4032.5,1,1,4032.2,7,1,4032.1,4,1,4032.0,358,15,4031.9,5,1,4032.8,1,1,4033.3,12,1,4033.4,3,1,4033.5,12,3,4033.6,110,3
11483,2026-07-02 11:25:53+05:30,4032.8,1,4045.96,856808,136407.0,156531.0,4100.0,4110.0,4016.1,4092.6,23809275,4501.8,3683.4,4440.0,3288.1,4032.5,1,1,4032.2,7,1,4032.1,4,1,4032.0,358,15,4031.9,5,1,4032.8,2,2,4033.5,12,3,4033.6,110,3,4033.7,89,4,4033.8,82,4
11483,2026-07-02 11:25:53+05:30,4032.8,1,4045.96,856808,136407.0,156531.0,4100.0,4110.0,4016.1,4092.6,23809275,4501.8,3683.4,4440.0,3288.1,4032.5,1,1,4032.2,7,1,4032.1,4,1,4032.0,358,15,4031.9,5,1,4032.8,2,2,4033.5,12,3,4033.6,110,3,4033.7,89,4,4033.8,82,4
11483,2026-07-02 11:25:54+05:30,4032.8,1,4045.96,856811,136407.0,156734.0,4100.0,4110.0,4016.1,4092.6,23809275,4501.8,3683.4,4440.0,3288.1,4032.5,1,1,4032.2,7,1,4032.1,4,1,4032.0,358,15,4031.9,5,1,4032.8,2,2,4033.5,12,3,4033.6,110,3,4033.7,89,4,4033.8,82,4
11483,2026-07-02 11:25:54+05:30,4032.8,1,4045.96,856811,136407.0,156734.0,4100.0,4110.0,4016.1,4092.6,23809275,4501.8,3683.4,4440.0,3288.1,4032.5,1,1,4032.2,7,1,4032.1,4,1,4032.0,358,15,4031.9,5,1,4032.8,2,2,4033.5,12,3,4033.6,110,3,4033.7,89,4,4033.8,82,4
11483,2026-07-02 11:25:55+05:30,4032.8,4,4045.96,856818,136872.0,156672.0,4100.0,4110.0,4016.1,4092.6,23809275,4501.8,3683.4,4440.0,3288.1,4033.0,1,1,4032.5,1,1,4032.2,7,1,4032.1,8,2,4032.0,358,15,4033.4,15,2,4033.5,4,2,4033.6,94,2,4033.7,42,3,4033.8,107,5
11483,2026-07-02 11:25:55+05:30,4033.4,1,4045.96,856818,136872.0,156672.0,4100.0,4110.0,4016.1,4092.6,23809275,4501.8,3683.4,4440.0,3288.1,4033.0,1,1,4032.5,1,1,4032.2,7,1,4032.1,8,2,4032.0,358,15,4033.4,15,2,4033.5,4,2,4033.6,94,2,4033.7,42,3,4033.8,107,5
11483,2026-07-02 11:25:56+05:30,4032.1,11,4045.96,856844,136429.0,156567.0,4100.0,4110.0,4016.1,4092.6,23809275,4501.8,3683.4,4440.0,3288.1,4032.0,381,16,4031.9,5,1,4031.6,38,2,4031.5,3,1,4031.4,22,1,4033.4,15,3,4033.5,4,2,4033.6,94,2,4033.7,35,2,4033.8,107,5
11483,2026-07-02 11:25:56+05:30,4033.4,1,4045.96,856844,136429.0,156567.0,4100.0,4110.0,4016.1,4092.6,23809275,4501.8,3683.4,4440.0,3288.1,4032.0,381,16,4031.9,5,1,4031.6,38,2,4031.5,3,1,4031.4,22,1,4033.4,15,3,4033.5,4,2,4033.6,94,2,4033.7,35,2,4033.8,107,5
11483,2026-07-02 11:25:57+05:30,4033.4,1,4045.96,856848,136426.0,156579.0,4100.0,4110.0,4016.1,4092.6,23809275,4501.8,3683.4,4440.0,3288.1,4032.0,378,16,4031.9,5,1,4031.6,12,1,4031.5,3,1,4031.4,33,2,4033.4,11,2,4033.5,4,2,4033.6,94,2,4033.7,35,2,4033.8,133,6
11483,2026-07-02 11:25:57+05:30,4032.0,1,4045.96,856848,136426.0,156579.0,4100.0,4110.0,4016.1,4092.6,23809275,4501.8,3683.4,4440.0,3288.1,4032.0,378,16,4031.9,5,1,4031.6,12,1,4031.5,3,1,4031.4,33,2,4033.4,11,2,4033.5,4,2,4033.6,94,2,4033.7,35,2,4033.8,133,6
11483,2026-07-02 11:25:58+05:30,4032.0,1,4045.96,856851,136424.0,156578.0,4100.0,4110.0,4016.1,4092.6,23809275,4501.8,3683.4,4440.0,3288.1,4032.0,376,16,4031.9,5,1,4031.7,6,1,4031.6,12,1,4031.5,15,2,4033.4,10,2,4033.5,1,1,4033.6,94,2,4033.7,35,2,4033.8,133,6
11483,2026-07-02 11:25:58+05:30,4032.0,1,4045.96,856851,136424.0,156578.0,4100.0,4110.0,4016.1,4092.6,23809275,4501.8,3683.4,4440.0,3288.1,4032.0,376,16,4031.9,5,1,4031.7,6,1,4031.6,12,1,4031.5,15,2,4033.4,10,2,4033.5,1,1,4033.6,94,2,4033.7,35,2,4033.8,133,6
11483,2026-07-02 11:25:59+05:30,4032.0,1,4045.96,856864,136435.0,156539.0,4100.0,4110.0,4016.1,4092.6,23809275,4501.8,3683.4,4440.0,3288.1,4032.0,371,16,4031.9,5,1,4031.7,9,2,4031.6,12,1,4031.5,12,1,4033.4,2,2,4033.5,1,1,4033.6,94,2,4033.7,35,2,4033.8,107,5
11483,2026-07-02 11:25:59+05:30,4032.0,2,4045.96,856864,136435.0,156539.0,4100.0,4110.0,4016.1,4092.6,23809275,4501.8,3683.4,4440.0,3288.1,4032.0,371,16,4031.9,5,1,4031.7,9,2,4031.6,12,1,4031.5,12,1,4033.4,2,2,4033.5,1,1,4033.6,94,2,4033.7,35,2,4033.8,107,5
11483,2026-07-02 11:26:00+05:30,4032.0,1,4045.96,856867,136501.0,156593.0,4100.0,4110.0,4016.1,4092.6,23809275,4501.8,3683.4,4440.0,3288.1,4032.0,371,17,4031.9,39,3,4031.8,3,1,4031.7,16,1,4031.6,12,1,4033.4,8,3,4033.6,94,2,4033.7,35,2,4033.8,66,3,4033.9,50,4
11483,2026-07-02 11:26:00+05:30,4032.0,1,4045.96,856867,136501.0,156593.0,4100.0,4110.0,4016.1,4092.6,23809275,4501.8,3683.4,4440.0,3288.1,4032.0,371,17,4031.9,39,3,4031.8,3,1,4031.7,16,1,4031.6,12,1,4033.4,8,3,4033.6,94,2,4033.7,35,2,4033.8,66,3,4033.9,50,4
11483,2026-07-02 11:26:01+05:30,4033.0,1,4045.96,856868,137474.0,156512.0,4100.0,4110.0,4016.1,4092.6,23809275,4501.8,3683.4,4440.0,3288.1,4033.0,314,1,4032.5,2,2,4032.4,6,1,4032.3,17,1,4032.2,32,3,4033.2,1,1,4033.4,7,2,4033.6,65,1,4033.8,11,1,4033.9,6,2
11483,2026-07-02 11:26:01+05:30,4033.0,1,4045.96,856868,137474.0,156512.0,4100.0,4110.0,4016.1,4092.6,23809275,4501.8,3683.4,4440.0,3288.1,4033.0,314,1,4032.5,2,2,4032.4,6,1,4032.3,17,1,4032.2,32,3,4033.2,1,1,4033.4,7,2,4033.6,65,1,4033.8,11,1,4033.9,6,2
11483,2026-07-02 11:26:02+05:30,4033.0,1,4045.96,856872,137629.0,156449.0,4100.0,4110.0,4016.1,4092.6,23809275,4501.8,3683.4,4440.0,3288.1,4033.1,1,1,4033.0,312,1,4032.8,1,1,4032.5,2,2,4032.4,6,1,4033.2,1,1,4033.6,65,1,4033.8,11,1,4033.9,6,2,4034.0,21,2
11483,2026-07-02 11:26:02+05:30,4033.1,1,4045.96,856872,137629.0,156449.0,4100.0,4110.0,4016.1,4092.6,23809275,4501.8,3683.4,4440.0,3288.1,4033.1,1,1,4033.0,312,1,4032.8,1,1,4032.5,2,2,4032.4,6,1,4033.2,1,1,4033.6,65,1,4033.8,11,1,4033.9,6,2,4034.0,21,2
11483,2026-07-02 11:26:03+05:30,4033.1,1,4045.96,857000,137911.0,155769.0,4100.0,4110.0,4016.1,4092.6,23809275,4501.8,3683.4,4440.0,3288.1,4033.0,312,1,4032.8,1,1,4032.5,14,3,4032.4,22,1,4032.3,3,1,4034.2,6,1,4034.3,29,3,4034.4,48,5,4034.6,5,1,4034.7,32,2
11483,2026-07-02 11:26:03+05:30,4033.0,5,4045.96,857000,137911.0,155769.0,4100.0,4110.0,4016.1,4092.6,23809275,4501.8,3683.4,4440.0,3288.1,4033.0,312,1,4032.8,1,1,4032.5,14,3,4032.4,22,1,4032.3,3,1,4034.2,6,1,4034.3,29,3,4034.4,48,5,4034.6,5,1,4034.7,32,2
11483,2026-07-02 11:26:04+05:30,4033.0,1,4045.96,857034,137773.0,156100.0,4100.0,4110.0,4016.1,4092.6,23809275,4501.8,3683.4,4440.0,3288.1,4033.1,2,1,4033.0,278,1,4032.8,1,1,4032.5,2,2,4032.2,3,1,4033.2,1,1,4034.0,10,2,4034.2,15,5,4034.3,17,2,4034.4,48,5
11483,2026-07-02 11:26:04+05:30,4033.2,1,4045.96,857034,137773.0,156100.0,4100.0,4110.0,4016.1,4092.6,23809275,4501.8,3683.4,4440.0,3288.1,4033.1,2,1,4033.0,278,1,4032.8,1,1,4032.5,2,2,4032.2,3,1,4033.2,1,1,4034.0,10,2,4034.2,15,5,4034.3,17,2,4034.4,48,5
11483,2026-07-02 11:26:05+05:30,4033.0,1,4045.96,857056,137850.0,155841.0,4100.0,4110.0,4016.1,4092.6,23809275,4501.8,3683.4,4440.0,3288.1,4033.0,277,1,4032.8,1,1,4032.5,2,2,4032.2,15,2,4032.1,24,2,4034.0,21,3,4034.2,12,4,4034.3,17,2,4034.4,36,4,4034.5,56,2
11483,2026-07-02 11:26:05+05:30,4034.0,1,4045.96,857056,137850.0,155841.0,4100.0,4110.0,4016.1,4092.6,23809275,4501.8,3683.4,4440.0,3288.1,4033.0,277,1,4032.8,1,1,4032.5,2,2,4032.2,15,2,4032.1,24,2,4034.0,21,3,4034.2,12,4,4034.3,17,2,4034.4,36,4,4034.5,56,2
11483,2026-07-02 11:26:06+05:30,4034.0,6,4045.96,857075,137802.0,155786.0,4100.0,4110.0,4016.1,4092.6,23809275,4501.8,3683.4,4440.0,3288.1,4033.0,273,1,4032.8,1,1,4032.5,2,2,4032.2,15,2,4032.1,32,2,4034.0,28,5,4034.2,11,3,4034.3,5,1,4034.4,48,5,4034.5,34,1
11483,2026-07-02 11:26:06+05:30,4034.0,4,4045.96,857075,137802.0,155786.0,4100.0,4110.0,4016.1,4092.6,23809275,4501.8,3683.4,4440.0,3288.1,4033.0,273,1,4032.8,1,1,4032.5,2,2,4032.2,15,2,4032.1,32,2,4034.0,28,5,4034.2,11,3,4034.3,5,1,4034.4,48,5,4034.5,34,1
11483,2026-07-02 11:26:07+05:30,4033.0,1,4045.96,857093,137779.0,155771.0,4100.0,4110.0,4016.1,4092.6,23809275,4501.8,3683.4,4440.0,3288.1,4033.0,270,1,4032.8,6,2,4032.5,2,2,4032.2,15,2,4032.1,24,2,4034.0,42,5,4034.2,40,4,4034.3,32,3,4034.4,60,5,4034.5,34,1
11483,2026-07-02 11:26:07+05:30,4033.0,2,4045.96,857093,137779.0,155771.0,4100.0,4110.0,4016.1,4092.6,23809275,4501.8,3683.4,4440.0,3288.1,4033.0,270,1,4032.8,6,2,4032.5,2,2,4032.2,15,2,4032.1,24,2,4034.0,42,5,4034.2,40,4,4034.3,32,3,4034.4,60,5,4034.5,34,1
11483,2026-07-02 11:26:08+05:30,4034.0,1,4045.96,857096,137846.0,155636.0,4100.0,4110.0,4016.1,4092.6,23809275,4501.8,3683.4,4440.0,3288.1,4033.1,10,1,4033.0,268,1,4032.8,6,2,4032.5,2,2,4032.2,36,2,4034.0,21,4,4034.2,11,3,4034.3,20,2,4034.4,54,5,4034.5,34,1
11483,2026-07-02 11:26:08+05:30,4033.1,1,4045.96,857096,137846.0,155636.0,4100.0,4110.0,4016.1,4092.6,23809275,4501.8,3683.4,4440.0,3288.1,4033.1,10,1,4033.0,268,1,4032.8,6,2,4032.5,2,2,4032.2,36,2,4034.0,21,4,4034.2,11,3,4034.3,20,2,4034.4,54,5,4034.5,34,1
11483,2026-07-02 11:26:08+05:30,4033.1,1,4045.96,857099,137717.0,155754.0,4100.0,4110.0,4016.1,4092.6,23809275,4501.8,3683.4,4440.0,3288.1,4033.1,7,1,4033.0,268,1,4032.8,6,2,4032.5,2,2,4032.2,12,1,4034.0,23,4,4034.2,15,3,4034.3,31,3,4034.4,75,5,4034.5,34,1
11483,2026-07-02 11:26:09+05:30,4033.1,1,4045.96,857099,137717.0,155754.0,4100.0,4110.0,4016.1,4092.6,23809275,4501.8,3683.4,4440.0,3288.1,4033.1,7,1,4033.0,268,1,4032.8,6,2,4032.5,2,2,4032.2,12,1,4034.0,23,4,4034.2,15,3,4034.3,31,3,4034.4,75,5,4034.5,34,1
11483,2026-07-02 11:26:09+05:30,4033.1,1,4045.96,857102,137738.0,155691.0,4100.0,4110.0,4016.1,4092.6,23809275,4501.8,3683.4,4440.0,3288.1,4033.1,6,1,4033.0,268,1,4032.8,6,2,4032.5,2,2,4032.3,24,1,4034.0,21,4,4034.2,15,3,4034.3,20,2,4034.4,51,4,4034.5,34,1
11483,2026-07-02 11:26:10+05:30,4033.1,1,4045.96,857102,137738.0,155691.0,4100.0,4110.0,4016.1,4092.6,23809275,4501.8,3683.4,4440.0,3288.1,4033.1,6,1,4033.0,268,1,4032.8,6,2,4032.5,2,2,4032.3,24,1,4034.0,21,4,4034.2,15,3,4034.3,20,2,4034.4,51,4,4034.5,34,1
11483,2026-07-02 11:26:10+05:30,4034.0,3,4045.96,857109,138222.0,155757.0,4100.0,4110.0,4016.1,4092.6,23809275,4501.8,3683.4,4440.0,3288.1,4033.1,4,1,4033.0,268,1,4032.8,6,2,4032.2,12,1,4032.1,25,2,4034.0,23,4,4034.2,15,3,4034.3,31,3,4034.4,51,4,4034.5,34,1
11483,2026-07-02 11:26:11+05:30,4033.1,9,4045.96,857109,138222.0,155757.0,4100.0,4110.0,4016.1,4092.6,23809275,4501.8,3683.4,4440.0,3288.1,4033.1,4,1,4033.0,268,1,4032.8,6,2,4032.2,12,1,4032.1,25,2,4034.0,23,4,4034.2,15,3,4034.3,31,3,4034.4,51,4,4034.5,34,1
11483,2026-07-02 11:26:11+05:30,4033.1,9,4045.96,857120,138185.0,155800.0,4100.0,4110.0,4016.1,4092.6,23809275,4501.8,3683.4,4440.0,3288.1,4033.1,10,1,4033.0,293,2,4032.8,6,2,4032.2,12,1,4032.1,23,2,4033.6,1,1,4034.0,45,6,4034.2,15,3,4034.3,20,2,4034.4,62,5
11483,2026-07-02 11:26:12+05:30,4034.0,4,4045.96,857120,138185.0,155800.0,4100.0,4110.0,4016.1,4092.6,23809275,4501.8,3683.4,4440.0,3288.1,4033.1,10,1,4033.0,293,2,4032.8,6,2,4032.2,12,1,4032.1,23,2,4033.6,1,1,4034.0,45,6,4034.2,15,3,4034.3,20,2,4034.4,62,5
11483,2026-07-02 11:26:12+05:30,4034.0,4,4045.96,857152,138095.0,155798.0,4100.0,4110.0,4016.1,4092.6,23809275,4501.8,3683.4,4440.0,3288.1,4033.3,1,1,4033.1,9,1,4033.0,293,2,4032.8,6,2,4032.2,12,1,4033.6,1,1,4033.9,51,4,4034.0,46,5,4034.1,22,1,4034.2,15,3
11483,2026-07-02 11:26:13+05:30,4033.1,1,4045.96,857152,138095.0,155798.0,4100.0,4110.0,4016.1,4092.6,23809275,4501.8,3683.4,4440.0,3288.1,4033.3,1,1,4033.1,9,1,4033.0,293,2,4032.8,6,2,4032.2,12,1,4033.6,1,1,4033.9,51,4,4034.0,46,5,4034.1,22,1,4034.2,15,3
11483,2026-07-02 11:26:13+05:30,4033.1,1,4045.96,857156,138104.0,156220.0,4100.0,4110.0,4016.1,4092.6,23809275,4501.8,3683.4,4440.0,3288.1,4033.1,8,1,4033.0,294,3,4032.8,6,2,4032.1,1,1,4032.0,430,19,4033.3,1,1,4033.6,13,3,4033.9,28,2,4034.0,34,4,4034.1,33,2
11483,2026-07-02 11:26:14+05:30,4033.1,1,4045.96,857156,138104.0,156220.0,4100.0,4110.0,4016.1,4092.6,23809275,4501.8,3683.4,4440.0,3288.1,4033.1,8,1,4033.0,294,3,4032.8,6,2,4032.1,1,1,4032.0,430,19,4033.3,1,1,4033.6,13,3,4033.9,28,2,4034.0,34,4,4034.1,33,2
11483,2026-07-02 11:26:14+05:30,4033.1,1,4045.96,857162,138082.0,156372.0,4100.0,4110.0,4016.1,4092.6,23809275,4501.8,3683.4,4440.0,3288.1,4033.1,2,1,4033.0,294,3,4032.8,6,2,4032.5,7,1,4032.1,1,1,4033.3,1,1,4033.6,12,2,4033.8,21,1,4033.9,52,3,4034.0,34,4
11483,2026-07-02 11:26:15+05:30,4033.3,1,4045.96,857162,138082.0,156372.0,4100.0,4110.0,4016.1,4092.6,23809275,4501.8,3683.4,4440.0,3288.1,4033.1,2,1,4033.0,294,3,4032.8,6,2,4032.5,7,1,4032.1,1,1,4033.3,1,1,4033.6,12,2,4033.8,21,1,4033.9,52,3,4034.0,34,4
11483,2026-07-02 11:26:15+05:30,4033.3,1,4045.96,857164,138096.0,156288.0,4100.0,4110.0,4016.1,4092.6,23809275,4501.8,3683.4,4440.0,3288.1,4033.1,2,1,4033.0,294,3,4032.8,6,2,4032.5,7,1,4032.1,1,1,4033.6,40,5,4033.8,21,1,4033.9,52,3,4034.0,35,5,4034.1,33,2
11483,2026-07-02 11:26:16+05:30,4033.6,4,4045.96,857164,138096.0,156288.0,4100.0,4110.0,4016.1,4092.6,23809275,4501.8,3683.4,4440.0,3288.1,4033.1,2,1,4033.0,294,3,4032.8,6,2,4032.5,7,1,4032.1,1,1,4033.6,40,5,4033.8,21,1,4033.9,52,3,4034.0,35,5,4034.1,33,2
11483,2026-07-02 11:26:16+05:30,4033.6,4,4045.96,857172,138091.0,156277.0,4100.0,4110.0,4016.1,4092.6,23809275,4501.8,3683.4,4440.0,3288.1,4033.1,51,2,4033.0,294,3,4032.8,6,2,4032.5,8,2,4032.1,1,1,4033.6,34,5,4033.8,21,1,4033.9,52,3,4034.0,35,5,4034.1,33,2
11483,2026-07-02 11:26:17+05:30,4033.5,1,4045.96,857172,138091.0,156277.0,4100.0,4110.0,4016.1,4092.6,23809275,4501.8,3683.4,4440.0,3288.1,4033.1,51,2,4033.0,294,3,4032.8,6,2,4032.5,8,2,4032.1,1,1,4033.6,34,5,4033.8,21,1,4033.9,52,3,4034.0,35,5,4034.1,33,2
11483,2026-07-02 11:26:17+05:30,4033.5,1,4045.96,857174,138041.0,156532.0,4100.0,4110.0,4016.1,4092.6,23809275,4501.8,3683.4,4440.0,3288.1,4033.1,60,2,4033.0,294,3,4032.8,6,2,4032.5,8,2,4032.1,1,1,4033.5,25,4,4033.6,39,5,4033.8,66,3,4033.9,52,3,4034.0,35,5
11483,2026-07-02 11:26:18+05:30,4033.5,1,4045.96,857175,138039.0,156521.0,4100.0,4110.0,4016.1,4092.6,23809275,4501.8,3683.4,4440.0,3288.1,4033.1,60,2,4033.0,294,3,4032.8,6,2,4032.5,8,2,4032.1,1,1,4033.5,32,5,4033.6,38,4,4033.7,18,1,4033.8,31,2,4033.9,52,3
11483,2026-07-02 11:26:18+05:30,4033.5,1,4045.96,857175,138039.0,156521.0,4100.0,4110.0,4016.1,4092.6,23809275,4501.8,3683.4,4440.0,3288.1,4033.1,60,2,4033.0,294,3,4032.8,6,2,4032.5,8,2,4032.1,1,1,4033.5,32,5,4033.6,38,4,4033.7,18,1,4033.8,31,2,4033.9,52,3
11483,2026-07-02 11:26:19+05:30,4033.5,1,4045.96,857177,138162.0,156395.0,4100.0,4110.0,4016.1,4092.6,23809275,4501.8,3683.4,4440.0,3288.1,4033.1,60,2,4033.0,294,3,4032.8,6,2,4032.5,8,2,4032.1,1,1,4033.5,10,2,4033.6,8,1,4033.8,31,2,4033.9,52,3,4034.0,62,6
11483,2026-07-02 11:26:19+05:30,4033.1,1,4045.96,857177,138162.0,156395.0,4100.0,4110.0,4016.1,4092.6,23809275,4501.8,3683.4,4440.0,3288.1,4033.1,60,2,4033.0,294,3,4032.8,6,2,4032.5,8,2,4032.1,1,1,4033.5,10,2,4033.6,8,1,4033.8,31,2,4033.9,52,3,4034.0,62,6
11483,2026-07-02 11:26:20+05:30,4033.7,2,4045.96,857182,138150.0,156438.0,4100.0,4110.0,4016.1,4092.6,23809275,4501.8,3683.4,4440.0,3288.1,4033.1,59,2,4033.0,294,3,4032.8,6,2,4032.5,8,2,4032.1,1,1,4033.5,25,4,4033.7,19,3,4033.8,10,1,4033.9,28,2,4034.0,62,6
11483,2026-07-02 11:26:20+05:30,4033.7,2,4045.96,857182,138150.0,156438.0,4100.0,4110.0,4016.1,4092.6,23809275,4501.8,3683.4,4440.0,3288.1,4033.1,59,2,4033.0,294,3,4032.8,6,2,4032.5,8,2,4032.1,1,1,4033.5,25,4,4033.7,19,3,4033.8,10,1,4033.9,28,2,4034.0,62,6
11483,2026-07-02 11:26:21+05:30,4033.3,10,4045.96,857193,138286.0,155776.0,4100.0,4110.0,4016.1,4092.6,23809275,4501.8,3683.4,4440.0,3288.1,4033.1,59,2,4033.0,294,3,4032.8,6,2,4032.6,5,1,4032.5,8,2,4033.7,1,1,4034.0,29,3,4034.1,63,3,4034.2,39,2,4034.3,84,4
11483,2026-07-02 11:26:21+05:30,4033.1,2,4045.96,857193,138286.0,155776.0,4100.0,4110.0,4016.1,4092.6,23809275,4501.8,3683.4,4440.0,3288.1,4033.1,59,2,4033.0,294,3,4032.8,6,2,4032.6,5,1,4032.5,8,2,4033.7,1,1,4034.0,29,3,4034.1,63,3,4034.2,39,2,4034.3,84,4
11483,2026-07-02 11:26:22+05:30,4033.7,1,4045.96,857197,138544.0,155984.0,4100.0,4110.0,4016.1,4092.6,23809275,4501.8,3683.4,4440.0,3288.1,4033.3,1,1,4033.1,57,2,4033.0,294,3,4032.8,6,2,4032.6,5,1,4034.0,29,3,4034.2,6,1,4034.3,84,4,4034.4,83,5,4034.5,70,2
11483,2026-07-02 11:26:22+05:30,4033.7,1,4045.96,857197,138544.0,155984.0,4100.0,4110.0,4016.1,4092.6,23809275,4501.8,3683.4,4440.0,3288.1,4033.3,1,1,4033.1,57,2,4033.0,294,3,4032.8,6,2,4032.6,5,1,4034.0,29,3,4034.2,6,1,4034.3,84,4,4034.4,83,5,4034.5,70,2
11483,2026-07-02 11:26:23+05:30,4033.0,53,4045.95,857373,138337.0,156054.0,4100.0,4110.0,4016.1,4092.6,23809275,4501.8,3683.4,4440.0,3288.1,4033.0,241,3,4032.8,6,2,4032.5,8,2,4032.2,12,1,4032.1,3,2,4033.8,12,1,4033.9,3,1,4034.0,80,10,4034.2,28,2,4034.3,106,5
11483,2026-07-02 11:26:23+05:30,4033.0,22,4045.95,857373,138337.0,156054.0,4100.0,4110.0,4016.1,4092.6,23809275,4501.8,3683.4,4440.0,3288.1,4033.0,241,3,4032.8,6,2,4032.5,8,2,4032.2,12,1,4032.1,3,2,4033.8,12,1,4033.9,3,1,4034.0,80,10,4034.2,28,2,4034.3,106,5
11483,2026-07-02 11:26:24+05:30,4033.8,2,4045.95,857398,138364.0,156103.0,4100.0,4110.0,4016.1,4092.6,23809275,4501.8,3683.4,4440.0,3288.1,4033.1,30,1,4033.0,219,3,4032.8,6,2,4032.5,8,2,4032.2,12,1,4033.8,36,4,4033.9,35,2,4034.0,71,10,4034.1,38,2,4034.2,6,1
11483,2026-07-02 11:26:24+05:30,4033.1,3,4045.95,857398,138364.0,156103.0,4100.0,4110.0,4016.1,4092.6,23809275,4501.8,3683.4,4440.0,3288.1,4033.1,30,1,4033.0,219,3,4032.8,6,2,4032.5,8,2,4032.2,12,1,4033.8,36,4,4033.9,35,2,4034.0,71,10,4034.1,38,2,4034.2,6,1
11483,2026-07-02 11:26:25+05:30,4033.8,1,4045.95,857403,138381.0,156085.0,4100.0,4110.0,4016.1,4092.6,23809275,4501.8,3683.4,4440.0,3288.1,4033.1,27,1,4033.0,219,3,4032.8,6,2,4032.5,8,2,4032.2,32,2,4033.8,34,4,4033.9,35,2,4034.0,70,9,4034.1,38,2,4034.2,6,1
11483,2026-07-02 11:26:25+05:30,4033.8,1,4045.95,857403,138381.0,156085.0,4100.0,4110.0,4016.1,4092.6,23809275,4501.8,3683.4,4440.0,3288.1,4033.1,27,1,4033.0,219,3,4032.8,6,2,4032.5,8,2,4032.2,32,2,4033.8,34,4,4033.9,35,2,4034.0,70,9,4034.1,38,2,4034.2,6,1
11483,2026-07-02 11:26:26+05:30,4033.1,1,4045.95,857412,138511.0,155784.0,4100.0,4110.0,4016.1,4092.6,23809275,4501.8,3683.4,4440.0,3288.1,4033.1,26,1,4033.0,219,3,4032.8,6,2,4032.5,8,2,4032.3,3,1,4033.8,11,2,4034.0,55,7,4034.1,38,2,4034.2,6,1,4034.3,84,4
11483,2026-07-02 11:26:26+05:30,4033.1,1,4045.95,857412,138511.0,155784.0,4100.0,4110.0,4016.1,4092.6,23809275,4501.8,3683.4,4440.0,3288.1,4033.1,26,1,4033.0,219,3,4032.8,6,2,4032.5,8,2,4032.3,3,1,4033.8,11,2,4034.0,55,7,4034.1,38,2,4034.2,6,1,4034.3,84,4
11483,2026-07-02 11:26:27+05:30,4033.8,1,4045.95,857414,138536.0,155837.0,4100.0,4110.0,4016.1,4092.6,23809275,4501.8,3683.4,4440.0,3288.1,4033.1,25,1,4033.0,219,3,4032.8,6,2,4032.5,8,2,4032.3,3,1,4033.8,1,1,4034.0,36,6,4034.1,10,1,4034.2,6,1,4034.3,84,4
11483,2026-07-02 11:26:27+05:30,4033.8,1,4045.95,857414,138536.0,155837.0,4100.0,4110.0,4016.1,4092.6,23809275,4501.8,3683.4,4440.0,3288.1,4033.1,25,1,4033.0,219,3,4032.8,6,2,4032.5,8,2,4032.3,3,1,4033.8,1,1,4034.0,36,6,4034.1,10,1,4034.2,6,1,4034.3,84,4
11483,2026-07-02 11:26:28+05:30,4034.0,1,4045.95,857418,138555.0,155842.0,4100.0,4110.0,4016.1,4092.6,23809275,4501.8,3683.4,4440.0,3288.1,4033.1,23,1,4033.0,219,3,4032.8,6,2,4032.5,8,2,4032.3,3,1,4033.8,1,1,4034.0,37,6,4034.1,10,1,4034.2,6,1,4034.3,84,4
11483,2026-07-02 11:26:28+05:30,4033.1,1,4045.95,857418,138555.0,155842.0,4100.0,4110.0,4016.1,4092.6,23809275,4501.8,3683.4,4440.0,3288.1,4033.1,23,1,4033.0,219,3,4032.8,6,2,4032.5,8,2,4032.3,3,1,4033.8,1,1,4034.0,37,6,4034.1,10,1,4034.2,6,1,4034.3,84,4
11483,2026-07-02 11:26:29+05:30,4033.1,5,4045.95,857433,138535.0,155804.0,4100.0,4110.0,4016.1,4092.6,23809275,4501.8,3683.4,4440.0,3288.1,4033.1,17,1,4033.0,219,3,4032.8,6,2,4032.5,8,2,4032.3,3,1,4034.0,22,4,4034.2,6,1,4034.3,56,3,4034.4,83,5,4034.5,41,2
11483,2026-07-02 11:26:29+05:30,4033.1,2,4045.95,857433,138535.0,155804.0,4100.0,4110.0,4016.1,4092.6,23809275,4501.8,3683.4,4440.0,3288.1,4033.1,17,1,4033.0,219,3,4032.8,6,2,4032.5,8,2,4032.3,3,1,4034.0,22,4,4034.2,6,1,4034.3,56,3,4034.4,83,5,4034.5,41,2
11483,2026-07-02 11:26:30+05:30,4034.0,2,4045.95,857438,138595.0,155740.0,4100.0,4110.0,4016.1,4092.6,23809275,4501.8,3683.4,4440.0,3288.1,4033.1,15,1,4033.0,219,3,4032.8,6,2,4032.5,8,2,4032.3,25,2,4034.0,32,7,4034.2,6,1,4034.3,20,2,4034.4,44,4,4034.5,5,1
11483,2026-07-02 11:26:30+05:30,4034.0,2,4045.95,857438,138595.0,155740.0,4100.0,4110.0,4016.1,4092.6,23809275,4501.8,3683.4,4440.0,3288.1,4033.1,15,1,4033.0,219,3,4032.8,6,2,4032.5,8,2,4032.3,25,2,4034.0,32,7,4034.2,6,1,4034.3,20,2,4034.4,44,4,4034.5,5,1
11483,2026-07-02 11:26:31+05:30,4033.6,4,4045.95,857623,138315.0,155829.0,4100.0,4110.0,4016.1,4092.6,23809275,4501.8,3683.4,4440.0,3288.1,4033.0,59,3,4032.8,6,2,4032.5,8,2,4032.3,16,2,4032.2,22,1,4033.1,1,1,4033.6,2,1,4034.0,45,7,4034.2,6,1,4034.3,25,3
11483,2026-07-02 11:26:31+05:30,4033.6,4,4045.95,857623,138315.0,155829.0,4100.0,4110.0,4016.1,4092.6,23809275,4501.8,3683.4,4440.0,3288.1,4033.0,59,3,4032.8,6,2,4032.5,8,2,4032.3,16,2,4032.2,22,1,4033.1,1,1,4033.6,2,1,4034.0,45,7,4034.2,6,1,4034.3,25,3
11483,2026-07-02 11:26:32+05:30,4033.1,1,4045.95,857646,138275.0,155882.0,4100.0,4110.0,4016.1,4092.6,23809275,4501.8,3683.4,4440.0,3288.1,4033.3,1,1,4033.0,37,3,4032.8,6,2,4032.5,8,2,4032.4,4,1,4033.6,2,1,4034.0,44,6,4034.2,6,1,4034.3,25,3,4034.4,44,4
11483,2026-07-02 11:26:32+05:30,4033.1,1,4045.95,857646,138275.0,155882.0,4100.0,4110.0,4016.1,4092.6,23809275,4501.8,3683.4,4440.0,3288.1,4033.3,1,1,4033.0,37,3,4032.8,6,2,4032.5,8,2,4032.4,4,1,4033.6,2,1,4034.0,44,6,4034.2,6,1,4034.3,25,3,4034.4,44,4
11483,2026-07-02 11:26:33+05:30,4033.6,1,4045.95,857650,138294.0,155946.0,4100.0,4110.0,4016.1,4092.6,23809275,4501.8,3683.4,4440.0,3288.1,4033.0,38,4,4032.8,6,2,4032.5,7,1,4032.2,36,4,4032.1,51,2,4033.6,3,3,4034.0,44,6,4034.2,6,1,4034.3,25,3,4034.4,63,5
11483,2026-07-02 11:26:33+05:30,4033.6,1,4045.95,857650,138294.0,155946.0,4100.0,4110.0,4016.1,4092.6,23809275,4501.8,3683.4,4440.0,3288.1,4033.0,38,4,4032.8,6,2,4032.5,7,1,4032.2,36,4,4032.1,51,2,4033.6,3,3,4034.0,44,6,4034.2,6,1,4034.3,25,3,4034.4,63,5
11483,2026-07-02 11:26:34+05:30,4033.6,1,4045.95,857652,139227.0,155869.0,4100.0,4110.0,4016.1,4092.6,23809275,4501.8,3683.4,4440.0,3288.1,4033.1,3,2,4033.0,38,4,4032.8,5,1,4032.5,7,1,4032.3,3,1,4033.6,3,2,4034.0,35,5,4034.2,6,1,4034.3,25,3,4034.4,44,4
11483,2026-07-02 11:26:34+05:30,4033.1,1,4045.95,857652,139227.0,155869.0,4100.0,4110.0,4016.1,4092.6,23809275,4501.8,3683.4,4440.0,3288.1,4033.1,3,2,4033.0,38,4,4032.8,5,1,4032.5,7,1,4032.3,3,1,4033.6,3,2,4034.0,35,5,4034.2,6,1,4034.3,25,3,4034.4,44,4
11483,2026-07-02 11:26:35+05:30,4033.6,1,4045.95,857655,139236.0,155888.0,4100.0,4110.0,4016.1,4092.6,23809275,4501.8,3683.4,4440.0,3288.1,4033.1,11,2,4033.0,38,4,4032.8,5,1,4032.5,7,1,4032.3,3,1,4033.6,3,2,4034.0,35,5,4034.2,6,1,4034.3,25,3,4034.4,44,4
11483,2026-07-02 11:26:35+05:30,4033.6,1,4045.95,857655,139236.0,155888.0,4100.0,4110.0,4016.1,4092.6,23809275,4501.8,3683.4,4440.0,3288.1,4033.1,11,2,4033.0,38,4,4032.8,5,1,4032.5,7,1,4032.3,3,1,4033.6,3,2,4034.0,35,5,4034.2,6,1,4034.3,25,3,4034.4,44,4
11483,2026-07-02 11:26:36+05:30,4033.1,2,4045.95,857784,139536.0,155750.0,4100.0,4110.0,4016.1,4092.6,23809275,4501.8,3683.4,4440.0,3288.1,4033.1,14,2,4033.0,40,5,4032.8,5,1,4032.7,4,1,4032.6,1,1,4034.2,21,2,4034.3,12,1,4034.4,45,4,4034.6,40,2,4034.7,32,2
11483,2026-07-02 11:26:36+05:30,4033.1,3,4045.95,857784,139536.0,155750.0,4100.0,4110.0,4016.1,4092.6,23809275,4501.8,3683.4,4440.0,3288.1,4033.1,14,2,4033.0,40,5,4032.8,5,1,4032.7,4,1,4032.6,1,1,4034.2,21,2,4034.3,12,1,4034.4,45,4,4034.6,40,2,4034.7,32,2
11483,2026-07-02 11:26:36+05:30,4033.1,3,4045.95,857784,139536.0,155750.0,4100.0,4110.0,4016.1,4092.6,23809275,4501.8,3683.4,4440.0,3288.1,4033.1,14,2,4033.0,40,5,4032.8,5,1,4032.7,4,1,4032.6,1,1,4034.2,21,2,4034.3,12,1,4034.4,45,4,4034.6,40,2,4034.7,32,2
11483,2026-07-02 11:26:37+05:30,4033.1,3,4045.95,857784,139536.0,155750.0,4100.0,4110.0,4016.1,4092.6,23809275,4501.8,3683.4,4440.0,3288.1,4033.1,14,2,4033.0,40,5,4032.8,5,1,4032.7,4,1,4032.6,1,1,4034.2,21,2,4034.3,12,1,4034.4,45,4,4034.6,40,2,4034.7,32,2
11483,2026-07-02 11:26:37+05:30,4034.1,10,4045.95,857861,139461.0,155872.0,4100.0,4110.0,4016.1,4092.6,23809275,4501.8,3683.4,4440.0,3288.1,4033.0,89,6,4032.8,5,1,4032.5,7,1,4032.3,4,2,4032.2,35,2,4034.0,36,4,4034.1,30,4,4034.2,55,5,4034.3,12,1,4034.4,73,6
11483,2026-07-02 11:26:37+05:30,4034.0,6,4045.95,857861,139461.0,155872.0,4100.0,4110.0,4016.1,4092.6,23809275,4501.8,3683.4,4440.0,3288.1,4033.0,89,6,4032.8,5,1,4032.5,7,1,4032.3,4,2,4032.2,35,2,4034.0,36,4,4034.1,30,4,4034.2,55,5,4034.3,12,1,4034.4,73,6
11483,2026-07-02 11:26:37+05:30,4034.0,6,4045.95,857861,139461.0,155872.0,4100.0,4110.0,4016.1,4092.6,23809275,4501.8,3683.4,4440.0,3288.1,4033.0,89,6,4032.8,5,1,4032.5,7,1,4032.3,4,2,4032.2,35,2,4034.0,36,4,4034.1,30,4,4034.2,55,5,4034.3,12,1,4034.4,73,6
11483,2026-07-02 11:26:38+05:30,4034.0,6,4045.95,857861,139461.0,155872.0,4100.0,4110.0,4016.1,4092.6,23809275,4501.8,3683.4,4440.0,3288.1,4033.0,89,6,4032.8,5,1,4032.5,7,1,4032.3,4,2,4032.2,35,2,4034.0,36,4,4034.1,30,4,4034.2,55,5,4034.3,12,1,4034.4,73,6
11483,2026-07-02 11:26:38+05:30,4033.1,1,4045.95,857884,139448.0,155851.0,4100.0,4110.0,4016.1,4092.6,23809275,4501.8,3683.4,4440.0,3288.1,4033.0,75,5,4032.8,5,1,4032.5,7,1,4032.3,1,1,4032.2,38,3,4034.0,41,5,4034.1,30,4,4034.2,55,5,4034.3,31,2,4034.4,54,5
11483,2026-07-02 11:26:38+05:30,4033.0,2,4045.95,857884,139448.0,155851.0,4100.0,4110.0,4016.1,4092.6,23809275,4501.8,3683.4,4440.0,3288.1,4033.0,75,5,4032.8,5,1,4032.5,7,1,4032.3,1,1,4032.2,38,3,4034.0,41,5,4034.1,30,4,4034.2,55,5,4034.3,31,2,4034.4,54,5
11483,2026-07-02 11:26:38+05:30,4033.0,2,4045.95,857884,139448.0,155851.0,4100.0,4110.0,4016.1,4092.6,23809275,4501.8,3683.4,4440.0,3288.1,4033.0,75,5,4032.8,5,1,4032.5,7,1,4032.3,1,1,4032.2,38,3,4034.0,41,5,4034.1,30,4,4034.2,55,5,4034.3,31,2,4034.4,54,5
11483,2026-07-02 11:26:39+05:30,4034.0,1,4045.95,857889,139460.0,155856.0,4100.0,4110.0,4016.1,4092.6,23809275,4501.8,3683.4,4440.0,3288.1,4033.0,73,5,4032.8,5,1,4032.5,7,1,4032.3,4,2,4032.2,35,2,4034.0,18,4,4034.1,30,4,4034.2,25,3,4034.3,12,1,4034.4,43,3
11483,2026-07-02 11:26:39+05:30,4034.0,1,4045.95,857889,139460.0,155856.0,4100.0,4110.0,4016.1,4092.6,23809275,4501.8,3683.4,4440.0,3288.1,4033.0,73,5,4032.8,5,1,4032.5,7,1,4032.3,4,2,4032.2,35,2,4034.0,18,4,4034.1,30,4,4034.2,25,3,4034.3,12,1,4034.4,43,3
11483,2026-07-02 11:26:39+05:30,4033.0,1,4045.95,857889,139460.0,155856.0,4100.0,4110.0,4016.1,4092.6,23809275,4501.8,3683.4,4440.0,3288.1,4033.0,73,5,4032.8,5,1,4032.5,7,1,4032.3,4,2,4032.2,35,2,4034.0,18,4,4034.1,30,4,4034.2,25,3,4034.3,12,1,4034.4,43,3
11483,2026-07-02 11:26:39+05:30,4033.0,1,4045.95,857889,139460.0,155856.0,4100.0,4110.0,4016.1,4092.6,23809275,4501.8,3683.4,4440.0,3288.1,4033.0,73,5,4032.8,5,1,4032.5,7,1,4032.3,4,2,4032.2,35,2,4034.0,18,4,4034.1,30,4,4034.2,25,3,4034.3,12,1,4034.4,43,3
11483,2026-07-02 11:26:40+05:30,4033.0,1,4045.95,857889,139460.0,155856.0,4100.0,4110.0,4016.1,4092.6,23809275,4501.8,3683.4,4440.0,3288.1,4033.0,73,5,4032.8,5,1,4032.5,7,1,4032.3,4,2,4032.2,35,2,4034.0,18,4,4034.1,30,4,4034.2,25,3,4034.3,12,1,4034.4,43,3
11483,2026-07-02 11:26:40+05:30,4034.0,1,4045.95,857892,139493.0,155881.0,4100.0,4110.0,4016.1,4092.6,23809275,4501.8,3683.4,4440.0,3288.1,4033.0,92,6,4032.8,5,1,4032.5,7,1,4032.4,3,1,4032.3,1,1,4034.0,16,4,4034.1,26,3,4034.2,25,3,4034.3,12,1,4034.4,43,3
11483,2026-07-02 11:26:40+05:30,4034.0,1,4045.95,857892,139493.0,155881.0,4100.0,4110.0,4016.1,4092.6,23820125,4501.8,3683.4,4440.0,3288.1,4033.0,92,6,4032.8,5,1,4032.5,7,1,4032.4,3,1,4032.3,1,1,4034.0,16,4,4034.1,26,3,4034.2,25,3,4034.3,12,1,4034.4,43,3
11483,2026-07-02 11:26:40+05:30,4033.0,1,4045.95,857892,139493.0,155881.0,4100.0,4110.0,4016.1,4092.6,23820125,4501.8,3683.4,4440.0,3288.1,4033.0,92,6,4032.8,5,1,4032.5,7,1,4032.4,3,1,4032.3,1,1,4034.0,16,4,4034.1,26,3,4034.2,25,3,4034.3,12,1,4034.4,43,3
11483,2026-07-02 11:26:40+05:30,4033.0,1,4045.95,857892,139493.0,155881.0,4100.0,4110.0,4016.1,4092.6,23820125,4501.8,3683.4,4440.0,3288.1,4033.0,92,6,4032.8,5,1,4032.5,7,1,4032.4,3,1,4032.3,1,1,4034.0,16,4,4034.1,26,3,4034.2,25,3,4034.3,12,1,4034.4,43,3
11483,2026-07-02 11:26:41+05:30,4033.0,1,4045.95,857892,139493.0,155881.0,4100.0,4110.0,4016.1,4092.6,23820125,4501.8,3683.4,4440.0,3288.1,4033.0,92,6,4032.8,5,1,4032.5,7,1,4032.4,3,1,4032.3,1,1,4034.0,16,4,4034.1,26,3,4034.2,25,3,4034.3,12,1,4034.4,43,3
11483,2026-07-02 11:26:41+05:30,4032.8,1,4045.95,857991,138788.0,156861.0,4100.0,4110.0,4016.1,4092.6,23820125,4501.8,3683.4,4440.0,3288.1,4032.5,7,1,4032.1,62,3,4032.0,439,19,4031.9,27,2,4031.7,25,3,4032.8,77,1,4033.5,1,1,4033.9,50,1,4034.0,67,6,4034.1,86,5
11483,2026-07-02 11:26:41+05:30,4032.8,1,4045.95,857991,138788.0,156861.0,4100.0,4110.0,4016.1,4092.6,23820125,4501.8,3683.4,4440.0,3288.1,4032.5,7,1,4032.1,62,3,4032.0,439,19,4031.9,27,2,4031.7,25,3,4032.8,77,1,4033.5,1,1,4033.9,50,1,4034.0,67,6,4034.1,86,5
11483,2026-07-02 11:26:41+05:30,4032.1,4,4045.95,857991,138788.0,156861.0,4100.0,4110.0,4016.1,4092.6,23820125,4501.8,3683.4,4440.0,3288.1,4032.5,7,1,4032.1,62,3,4032.0,439,19,4031.9,27,2,4031.7,25,3,4032.8,77,1,4033.5,1,1,4033.9,50,1,4034.0,67,6,4034.1,86,5
11483,2026-07-02 11:26:41+05:30,4032.1,4,4045.95,857991,138788.0,156861.0,4100.0,4110.0,4016.1,4092.6,23820125,4501.8,3683.4,4440.0,3288.1,4032.5,7,1,4032.1,62,3,4032.0,439,19,4031.9,27,2,4031.7,25,3,4032.8,77,1,4033.5,1,1,4033.9,50,1,4034.0,67,6,4034.1,86,5
11483,2026-07-02 11:26:42+05:30,4032.8,9,4045.94,858017,138234.0,156890.0,4100.0,4110.0,4016.1,4092.6,23820125,4501.8,3683.4,4440.0,3288.1,4032.1,65,2,4032.0,403,17,4031.9,5,1,4031.8,38,2,4031.6,7,3,4032.8,69,2,4033.5,1,1,4033.7,18,1,4033.8,12,1,4033.9,50,1
11483,2026-07-02 11:26:42+05:30,4032.8,9,4045.94,858017,138234.0,156890.0,4100.0,4110.0,4016.1,4092.6,23820125,4501.8,3683.4,4440.0,3288.1,4032.1,65,2,4032.0,403,17,4031.9,5,1,4031.8,38,2,4031.6,7,3,4032.8,69,2,4033.5,1,1,4033.7,18,1,4033.8,12,1,4033.9,50,1
11483,2026-07-02 11:26:42+05:30,4032.1,3,4045.94,858017,138234.0,156890.0,4100.0,4110.0,4016.1,4092.6,23820125,4501.8,3683.4,4440.0,3288.1,4032.1,65,2,4032.0,403,17,4031.9,5,1,4031.8,38,2,4031.6,7,3,4032.8,69,2,4033.5,1,1,4033.7,18,1,4033.8,12,1,4033.9,50,1
11483,2026-07-02 11:26:43+05:30,4032.8,1,4045.94,858023,138226.0,156875.0,4100.0,4110.0,4016.1,4092.6,23820125,4501.8,3683.4,4440.0,3288.1,4032.1,62,2,4032.0,403,17,4031.9,5,1,4031.8,46,3,4031.7,3,1,4032.8,66,2,4033.5,1,1,4033.7,18,1,4033.8,12,1,4033.9,50,1
11483,2026-07-02 11:26:43+05:30,4032.8,20,4045.94,858023,138226.0,156875.0,4100.0,4110.0,4016.1,4092.6,23820125,4501.8,3683.4,4440.0,3288.1,4032.1,62,2,4032.0,403,17,4031.9,5,1,4031.8,46,3,4031.7,3,1,4032.8,66,2,4033.5,1,1,4033.7,18,1,4033.8,12,1,4033.9,50,1
11483,2026-07-02 11:26:44+05:30,4032.1,4,4045.94,858051,138188.0,156869.0,4100.0,4110.0,4016.1,4092.6,23820125,4501.8,3683.4,4440.0,3288.1,4032.1,57,2,4032.0,403,17,4031.9,5,1,4031.8,38,2,4031.6,3,1,4032.8,44,3,4033.5,1,1,4033.7,18,1,4033.8,12,1,4033.9,50,1
11483,2026-07-02 11:26:44+05:30,4032.1,3,4045.94,858051,138188.0,156869.0,4100.0,4110.0,4016.1,4092.6,23820125,4501.8,3683.4,4440.0,3288.1,4032.1,57,2,4032.0,403,17,4031.9,5,1,4031.8,38,2,4031.6,3,1,4032.8,44,3,4033.5,1,1,4033.7,18,1,4033.8,12,1,4033.9,50,1
11483,2026-07-02 11:26:45+05:30,4032.8,1,4045.94,858056,138209.0,156867.0,4100.0,4110.0,4016.1,4092.6,23820125,4501.8,3683.4,4440.0,3288.1,4032.1,54,2,4032.0,403,17,4031.9,5,1,4031.8,38,2,4031.6,3,1,4032.8,42,3,4033.5,1,1,4033.7,18,1,4033.8,12,1,4033.9,50,1
11483,2026-07-02 11:26:45+05:30,4032.1,15,4045.94,858056,138209.0,156867.0,4100.0,4110.0,4016.1,4092.6,23820125,4501.8,3683.4,4440.0,3288.1,4032.1,54,2,4032.0,403,17,4031.9,5,1,4031.8,38,2,4031.6,3,1,4032.8,42,3,4033.5,1,1,4033.7,18,1,4033.8,12,1,4033.9,50,1
11483,2026-07-02 11:26:46+05:30,4032.8,8,4045.94,858099,138295.0,156824.0,4100.0,4110.0,4016.1,4092.6,23820125,4501.8,3683.4,4440.0,3288.1,4032.1,33,2,4032.0,403,17,4031.9,5,1,4031.8,38,2,4031.6,3,1,4032.8,25,3,4033.7,47,2,4033.8,12,1,4033.9,50,1,4034.0,62,6
11483,2026-07-02 11:26:46+05:30,4032.1,5,4045.94,858099,138295.0,156824.0,4100.0,4110.0,4016.1,4092.6,23820125,4501.8,3683.4,4440.0,3288.1,4032.1,33,2,4032.0,403,17,4031.9,5,1,4031.8,38,2,4031.6,3,1,4032.8,25,3,4033.7,47,2,4033.8,12,1,4033.9,50,1,4034.0,62,6
11483,2026-07-02 11:26:47+05:30,4032.8,5,4045.94,858111,138301.0,156816.0,4100.0,4110.0,4016.1,4092.6,23820125,4501.8,3683.4,4440.0,3288.1,4032.5,1,1,4032.2,10,1,4032.1,28,2,4032.0,403,17,4031.9,5,1,4032.8,18,3,4033.8,30,2,4033.9,50,1,4034.0,40,6,4034.1,67,5
11483,2026-07-02 11:26:47+05:30,4033.8,13,4045.94,858111,138301.0,156816.0,4100.0,4110.0,4016.1,4092.6,23820125,4501.8,3683.4,4440.0,3288.1,4032.5,1,1,4032.2,10,1,4032.1,28,2,4032.0,403,17,4031.9,5,1,4032.8,18,3,4033.8,30,2,4033.9,50,1,4034.0,40,6,4034.1,67,5
11483,2026-07-02 11:26:48+05:30,4032.8,1,4045.94,858169,138513.0,156360.0,4100.0,4110.0,4016.1,4092.6,23820125,4501.8,3683.4,4440.0,3288.1,4032.2,10,1,4032.1,46,3,4032.0,406,18,4031.9,5,1,4031.8,45,3,4033.8,23,2,4033.9,50,1,4034.0,32,5,4034.1,64,4,4034.2,28,3
11483,2026-07-02 11:26:48+05:30,4032.2,7,4045.94,858169,138513.0,156360.0,4100.0,4110.0,4016.1,4092.6,23820125,4501.8,3683.4,4440.0,3288.1,4032.2,10,1,4032.1,46,3,4032.0,406,18,4031.9,5,1,4031.8,45,3,4033.8,23,2,4033.9,50,1,4034.0,32,5,4034.1,64,4,4034.2,28,3
11483,2026-07-02 11:26:48+05:30,4033.7,1,4045.94,858177,139068.0,156562.0,4100.0,4110.0,4016.1,4092.6,23820125,4501.8,3683.4,4440.0,3288.1,4033.0,2,1,4032.2,5,2,4032.1,71,4,4032.0,406,18,4031.9,18,2,4033.7,11,1,4033.8,24,3,4033.9,50,1,4034.0,32,5,4034.1,59,4
11483,2026-07-02 11:26:49+05:30,4032.2,14,4045.94,858177,139068.0,156562.0,4100.0,4110.0,4016.1,4092.6,23820125,4501.8,3683.4,4440.0,3288.1,4033.0,2,1,4032.2,5,2,4032.1,71,4,4032.0,406,18,4031.9,18,2,4033.7,11,1,4033.8,24,3,4033.9,50,1,4034.0,32,5,4034.1,59,4
11483,2026-07-02 11:26:49+05:30,4033.7,1,4045.94,858202,138989.0,156263.0,4100.0,4110.0,4016.1,4092.6,23820125,4501.8,3683.4,4440.0,3288.1,4032.3,19,1,4032.2,108,6,4032.1,95,6,4032.0,417,18,4031.9,5,1,4033.8,25,1,4033.9,50,1,4034.0,15,3,4034.1,59,4,4034.2,21,2
11483,2026-07-02 11:26:50+05:30,4033.9,2,4045.94,858202,138989.0,156263.0,4100.0,4110.0,4016.1,4092.6,23820125,4501.8,3683.4,4440.0,3288.1,4032.3,19,1,4032.2,108,6,4032.1,95,6,4032.0,417,18,4031.9,5,1,4033.8,25,1,4033.9,50,1,4034.0,15,3,4034.1,59,4,4034.2,21,2
11483,2026-07-02 11:26:50+05:30,4033.9,2,4045.94,858233,138880.0,156428.0,4100.0,4110.0,4016.1,4092.6,23820125,4501.8,3683.4,4440.0,3288.1,4032.2,60,5,4032.1,77,5,4032.0,417,18,4031.9,23,2,4031.8,22,1,4034.0,44,5,4034.1,59,4,4034.2,21,2,4034.3,98,4,4034.4,89,6
11483,2026-07-02 11:26:51+05:30,4033.9,1,4045.94,858233,138880.0,156428.0,4100.0,4110.0,4016.1,4092.6,23820125,4501.8,3683.4,4440.0,3288.1,4032.2,60,5,4032.1,77,5,4032.0,417,18,4031.9,23,2,4031.8,22,1,4034.0,44,5,4034.1,59,4,4034.2,21,2,4034.3,98,4,4034.4,89,6
11483,2026-07-02 11:26:51+05:30,4033.0,1,4045.94,858240,138581.0,156790.0,4100.0,4110.0,4016.1,4092.6,23820125,4501.8,3683.4,4440.0,3288.1,4032.2,32,3,4032.1,52,3,4032.0,421,19,4031.9,5,1,4031.8,22,1,4033.0,1,1,4033.9,19,1,4034.0,30,5,4034.1,65,4,4034.2,21,2
11483,2026-07-02 11:26:52+05:30,4033.9,1,4045.94,858240,138581.0,156790.0,4100.0,4110.0,4016.1,4092.6,23820125,4501.8,3683.4,4440.0,3288.1,4032.2,32,3,4032.1,52,3,4032.0,421,19,4031.9,5,1,4031.8,22,1,4033.0,1,1,4033.9,19,1,4034.0,30,5,4034.1,65,4,4034.2,21,2
11483,2026-07-02 11:26:52+05:30,4033.9,1,4045.94,858269,139133.0,156896.0,4100.0,4110.0,4016.1,4092.6,23820125,4501.8,3683.4,4440.0,3288.1,4032.6,1,1,4032.2,21,2,4032.1,52,3,4032.0,403,17,4031.9,5,1,4033.7,8,1,4033.8,27,3,4033.9,15,2,4034.0,29,4,4034.1,107,6
11483,2026-07-02 11:26:53+05:30,4032.6,1,4045.94,858269,139133.0,156896.0,4100.0,4110.0,4016.1,4092.6,23820125,4501.8,3683.4,4440.0,3288.1,4032.6,1,1,4032.2,21,2,4032.1,52,3,4032.0,403,17,4031.9,5,1,4033.7,8,1,4033.8,27,3,4033.9,15,2,4034.0,29,4,4034.1,107,6
11483,2026-07-02 11:26:53+05:30,4032.6,1,4045.94,858273,138465.0,157371.0,4100.0,4110.0,4016.1,4092.6,23820125,4501.8,3683.4,4440.0,3288.1,4032.2,5,1,4032.1,52,3,4032.0,403,17,4031.9,5,1,4031.6,3,1,4033.4,8,1,4033.5,38,4,4033.6,31,2,4033.7,28,3,4033.8,27,3
11483,2026-07-02 11:26:54+05:30,4033.0,80,4045.94,858273,138465.0,157371.0,4100.0,4110.0,4016.1,4092.6,23820125,4501.8,3683.4,4440.0,3288.1,4032.2,5,1,4032.1,52,3,4032.0,403,17,4031.9,5,1,4031.6,3,1,4033.4,8,1,4033.5,38,4,4033.6,31,2,4033.7,28,3,4033.8,27,3
11483,2026-07-02 11:26:54+05:30,4032.0,28,4045.94,858535,137425.0,157682.0,4100.0,4110.0,4016.1,4092.6,23820125,4501.8,3683.4,4440.0,3288.1,4032.0,350,13,4031.9,5,1,4031.3,6,2,4031.2,25,1,4031.1,160,4,4032.5,31,4,4032.6,27,3,4032.7,21,3,4032.8,47,6,4032.9,46,5
11483,2026-07-02 11:26:55+05:30,4032.0,1,4045.94,858535,137425.0,157682.0,4100.0,4110.0,4016.1,4092.6,23820125,4501.8,3683.4,4440.0,3288.1,4032.0,350,13,4031.9,5,1,4031.3,6,2,4031.2,25,1,4031.1,160,4,4032.5,31,4,4032.6,27,3,4032.7,21,3,4032.8,47,6,4032.9,46,5
11483,2026-07-02 11:26:55+05:30,4032.1,1,4045.94,858581,136962.0,158114.0,4100.0,4110.0,4016.1,4092.6,23820125,4501.8,3683.4,4440.0,3288.1,4032.0,306,13,4031.9,5,1,4031.3,6,2,4031.2,25,1,4031.1,160,4,4032.1,16,2,4032.2,23,3,4032.3,37,5,4032.4,21,3,4032.5,27,5
11483,2026-07-02 11:26:56+05:30,4032.1,5,4045.94,858581,136962.0,158114.0,4100.0,4110.0,4016.1,4092.6,23820125,4501.8,3683.4,4440.0,3288.1,4032.0,306,13,4031.9,5,1,4031.3,6,2,4031.2,25,1,4031.1,160,4,4032.1,16,2,4032.2,23,3,4032.3,37,5,4032.4,21,3,4032.5,27,5
11483,2026-07-02 11:26:56+05:30,4032.0,1,4045.94,858595,137086.0,158160.0,4100.0,4110.0,4016.1,4092.6,23820125,4501.8,3683.4,4440.0,3288.1,4032.0,299,13,4031.9,5,1,4031.3,6,2,4031.2,25,1,4031.1,160,4,4032.1,9,2,4032.2,23,3,4032.3,37,5,4032.4,21,3,4032.5,26,4
11483,2026-07-02 11:26:57+05:30,4032.1,4,4045.94,858595,137086.0,158160.0,4100.0,4110.0,4016.1,4092.6,23820125,4501.8,3683.4,4440.0,3288.1,4032.0,299,13,4031.9,5,1,4031.3,6,2,4031.2,25,1,4031.1,160,4,4032.1,9,2,4032.2,23,3,4032.3,37,5,4032.4,21,3,4032.5,26,4
11483,2026-07-02 11:26:57+05:30,4032.0,27,4045.93,859010,136262.0,158224.0,4100.0,4110.0,4016.1,4092.6,23820125,4501.8,3683.4,4440.0,3288.1,4032.0,15,2,4031.9,5,1,4031.3,6,2,4031.2,25,1,4031.1,11,2,4032.1,18,3,4032.2,23,3,4032.3,46,6,4032.4,33,4,4032.5,27,5
11483,2026-07-02 11:26:58+05:30,4032.0,2,4045.93,859010,136262.0,158224.0,4100.0,4110.0,4016.1,4092.6,23820125,4501.8,3683.4,4440.0,3288.1,4032.0,15,2,4031.9,5,1,4031.3,6,2,4031.2,25,1,4031.1,11,2,4032.1,18,3,4032.2,23,3,4032.3,46,6,4032.4,33,4,4032.5,27,5
11483,2026-07-02 11:26:58+05:30,4032.0,2,4045.93,859062,136557.0,158123.0,4100.0,4110.0,4016.1,4092.6,23820125,4501.8,3683.4,4440.0,3288.1,4032.0,37,2,4031.9,5,1,4031.3,6,2,4031.2,25,1,4031.1,11,2,4032.1,10,3,4032.2,23,3,4032.3,46,6,4032.4,33,4,4032.5,24,4
11483,2026-07-02 11:26:59+05:30,4032.2,3,4045.93,859062,136557.0,158123.0,4100.0,4110.0,4016.1,4092.6,23820125,4501.8,3683.4,4440.0,3288.1,4032.0,37,2,4031.9,5,1,4031.3,6,2,4031.2,25,1,4031.1,11,2,4032.1,10,3,4032.2,23,3,4032.3,46,6,4032.4,33,4,4032.5,24,4
11483,2026-07-02 11:26:59+05:30,4032.2,3,4045.93,859091,136712.0,158173.0,4100.0,4110.0,4016.1,4092.6,23820125,4501.8,3683.4,4440.0,3288.1,4032.0,35,2,4031.9,5,1,4031.3,6,2,4031.2,25,1,4031.1,11,2,4032.1,5,2,4032.2,19,3,4032.3,37,5,4032.4,33,4,4032.5,24,4
11483,2026-07-02 11:27:00+05:30,4032.0,1,4045.93,859091,136712.0,158173.0,4100.0,4110.0,4016.1,4092.6,23820125,4501.8,3683.4,4440.0,3288.1,4032.0,35,2,4031.9,5,1,4031.3,6,2,4031.2,25,1,4031.1,11,2,4032.1,5,2,4032.2,19,3,4032.3,37,5,4032.4,33,4,4032.5,24,4
11483,2026-07-02 11:27:00+05:30,4032.2,2,4045.92,859277,136641.0,158111.0,4100.0,4110.0,4016.1,4092.6,23820125,4501.8,3683.4,4440.0,3288.1,4032.0,27,2,4031.9,5,1,4031.3,6,2,4031.2,25,1,4031.1,13,3,4032.2,3,1,4032.3,23,3,4032.4,15,2,4032.5,16,3,4032.6,49,4
11483,2026-07-02 11:27:01+05:30,4032.1,1,4045.92,859277,136641.0,158111.0,4100.0,4110.0,4016.1,4092.6,23820125,4501.8,3683.4,4440.0,3288.1,4032.0,27,2,4031.9,5,1,4031.3,6,2,4031.2,25,1,4031.1,13,3,4032.2,3,1,4032.3,23,3,4032.4,15,2,4032.5,16,3,4032.6,49,4
11483,2026-07-02 11:27:01+05:30,4032.1,1,4045.92,859302,136560.0,157937.0,4100.0,4110.0,4016.1,4092.6,23820125,4501.8,3683.4,4440.0,3288.1,4032.0,3,1,4031.9,5,1,4031.3,6,2,4031.2,25,1,4031.1,11,2,4032.1,1,1,4032.2,4,2,4032.3,23,3,4032.4,15,2,4032.5,15,2
11483,2026-07-02 11:27:02+05:30,4032.0,2,4045.92,859302,136560.0,157937.0,4100.0,4110.0,4016.1,4092.6,23820125,4501.8,3683.4,4440.0,3288.1,4032.0,3,1,4031.9,5,1,4031.3,6,2,4031.2,25,1,4031.1,11,2,4032.1,1,1,4032.2,4,2,4032.3,23,3,4032.4,15,2,4032.5,15,2
11483,2026-07-02 11:27:02+05:30,4032.0,2,4045.92,859308,136551.0,157954.0,4100.0,4110.0,4016.1,4092.6,23820125,4501.8,3683.4,4440.0,3288.1,4031.9,4,1,4031.3,6,2,4031.2,25,1,4031.1,11,2,4031.0,306,21,4032.0,45,3,4032.1,5,2,4032.2,3,1,4032.3,23,3,4032.4,15,2
11483,2026-07-02 11:27:03+05:30,4032.7,14,4045.92,859308,136551.0,157954.0,4100.0,4110.0,4016.1,4092.6,23820125,4501.8,3683.4,4440.0,3288.1,4031.9,4,1,4031.3,6,2,4031.2,25,1,4031.1,11,2,4031.0,306,21,4032.0,45,3,4032.1,5,2,4032.2,3,1,4032.3,23,3,4032.4,15,2
11483,2026-07-02 11:27:03+05:30,4032.6,2,4045.92,859562,135778.0,157598.0,4100.0,4110.0,4016.1,4092.6,23820125,4501.8,3683.4,4440.0,3288.1,4031.2,46,5,4031.1,22,3,4031.0,355,24,4030.9,5,1,4030.8,37,2,4032.6,20,3,4032.7,10,2,4032.8,22,3,4032.9,39,4,4033.0,59,4
11483,2026-07-02 11:27:04+05:30,4032.0,1,4045.92,859562,135778.0,157598.0,4100.0,4110.0,4016.1,4092.6,23820125,4501.8,3683.4,4440.0,3288.1,4031.2,46,5,4031.1,22,3,4031.0,355,24,4030.9,5,1,4030.8,37,2,4032.6,20,3,4032.7,10,2,4032.8,22,3,4032.9,39,4,4033.0,59,4
11483,2026-07-02 11:27:04+05:30,4032.0,4,4045.92,859656,135780.0,157738.0,4100.0,4110.0,4016.1,4092.6,23820125,4501.8,3683.4,4440.0,3288.1,4031.3,1,1,4031.1,26,3,4031.0,306,21,4030.9,5,1,4030.8,3,1,4032.0,38,3,4032.7,66,3,4032.8,65,3,4032.9,60,6,4033.0,41,3
11483,2026-07-02 11:27:05+05:30,4031.3,12,4045.92,859656,135780.0,157738.0,4100.0,4110.0,4016.1,4092.6,23820125,4501.8,3683.4,4440.0,3288.1,4031.3,1,1,4031.1,26,3,4031.0,306,21,4030.9,5,1,4030.8,3,1,4032.0,38,3,4032.7,66,3,4032.8,65,3,4032.9,60,6,4033.0,41,3
11483,2026-07-02 11:27:05+05:30,4031.3,1,4045.92,859669,135803.0,158136.0,4100.0,4110.0,4016.1,4092.6,23820125,4501.8,3683.4,4440.0,3288.1,4031.3,1,1,4031.1,26,3,4031.0,306,21,4030.9,5,1,4030.7,1,1,4032.0,446,6,4032.2,10,1,4032.3,8,1,4032.5,4,1,4032.6,53,2
11483,2026-07-02 11:27:06+05:30,4032.0,7,4045.92,859669,135803.0,158136.0,4100.0,4110.0,4016.1,4092.6,23820125,4501.8,3683.4,4440.0,3288.1,4031.3,1,1,4031.1,26,3,4031.0,306,21,4030.9,5,1,4030.7,1,1,4032.0,446,6,4032.2,10,1,4032.3,8,1,4032.5,4,1,4032.6,53,2
11483,2026-07-02 11:27:06+05:30,4031.3,1,4045.92,859700,135840.0,158069.0,4100.0,4110.0,4016.1,4092.6,23820125,4501.8,3683.4,4440.0,3288.1,4031.3,1,1,4031.1,26,3,4031.0,306,21,4030.9,5,1,4030.7,1,1,4032.0,426,6,4032.2,10,1,4032.3,8,1,4032.5,4,1,4032.6,8,1
11483,2026-07-02 11:27:07+05:30,4031.1,1,4045.92,859700,135840.0,158069.0,4100.0,4110.0,4016.1,4092.6,23820125,4501.8,3683.4,4440.0,3288.1,4031.3,1,1,4031.1,26,3,4031.0,306,21,4030.9,5,1,4030.7,1,1,4032.0,426,6,4032.2,10,1,4032.3,8,1,4032.5,4,1,4032.6,8,1
11483,2026-07-02 11:27:07+05:30,4031.3,1,4045.92,859709,136056.0,158580.0,4100.0,4110.0,4016.1,4092.6,23820125,4501.8,3683.4,4440.0,3288.1,4031.1,8,1,4031.0,306,21,4030.9,5,1,4030.7,1,1,4030.6,100,1,4031.3,1,1,4032.0,426,6,4032.2,10,1,4032.5,4,1,4032.6,13,1
11483,2026-07-02 11:27:08+05:30,4031.1,1,4045.92,859709,136056.0,158580.0,4100.0,4110.0,4016.1,4092.6,23820125,4501.8,3683.4,4440.0,3288.1,4031.1,8,1,4031.0,306,21,4030.9,5,1,4030.7,1,1,4030.6,100,1,4031.3,1,1,4032.0,426,6,4032.2,10,1,4032.5,4,1,4032.6,13,1
11483,2026-07-02 11:27:09+05:30,4031.3,1,4045.92,859713,136091.0,158554.0,4100.0,4110.0,4016.1,4092.6,23820125,4501.8,3683.4,4440.0,3288.1,4031.1,6,1,4031.0,356,22,4030.9,5,1,4030.7,1,1,4030.6,100,1,4031.3,2,2,4032.0,416,4,4032.2,10,1,4032.5,4,1,4032.6,33,2
11483,2026-07-02 11:27:09+05:30,4032.0,28,4045.92,859713,136091.0,158554.0,4100.0,4110.0,4016.1,4092.6,23820125,4501.8,3683.4,4440.0,3288.1,4031.1,6,1,4031.0,356,22,4030.9,5,1,4030.7,1,1,4030.6,100,1,4031.3,2,2,4032.0,416,4,4032.2,10,1,4032.5,4,1,4032.6,33,2
11483,2026-07-02 11:27:09+05:30,4031.1,1,4045.92,859767,136262.0,158461.0,4100.0,4110.0,4016.1,4092.6,23820125,4501.8,3683.4,4440.0,3288.1,4031.1,5,1,4031.0,521,23,4030.9,5,1,4030.7,1,1,4030.6,100,1,4031.3,1,1,4032.0,390,4,4032.2,10,1,4032.5,4,1,4032.6,13,1
11483,2026-07-02 11:27:10+05:30,4031.1,5,4045.92,859767,136262.0,158461.0,4100.0,4110.0,4016.1,4092.6,23820125,4501.8,3683.4,4440.0,3288.1,4031.1,5,1,4031.0,521,23,4030.9,5,1,4030.7,1,1,4030.6,100,1,4031.3,1,1,4032.0,390,4,4032.2,10,1,4032.5,4,1,4032.6,13,1
11483,2026-07-02 11:27:10+05:30,4031.0,1,4045.92,859778,135998.0,158506.0,4100.0,4110.0,4016.1,4092.6,23820125,4501.8,3683.4,4440.0,3288.1,4031.0,542,24,4030.9,5,1,4030.7,1,1,4030.6,100,1,4030.5,20,1,4031.3,62,1,4032.0,390,4,4032.2,10,1,4032.5,4,1,4032.6,13,1
11483,2026-07-02 11:27:11+05:30,4031.0,10,4045.92,859778,135998.0,158506.0,4100.0,4110.0,4016.1,4092.6,23820125,4501.8,3683.4,4440.0,3288.1,4031.0,542,24,4030.9,5,1,4030.7,1,1,4030.6,100,1,4030.5,20,1,4031.3,62,1,4032.0,390,4,4032.2,10,1,4032.5,4,1,4032.6,13,1
11483,2026-07-02 11:27:11+05:30,4031.0,1,4045.92,859803,135962.0,158495.0,4100.0,4110.0,4016.1,4092.6,23820125,4501.8,3683.4,4440.0,3288.1,4031.0,495,19,4030.9,5,1,4030.8,22,1,4030.7,1,1,4030.6,100,1,4031.1,1,1,4031.3,63,2,4032.0,390,4,4032.2,10,1,4032.5,27,2
11483,2026-07-02 11:27:12+05:30,4031.0,1,4045.92,859803,135962.0,158495.0,4100.0,4110.0,4016.1,4092.6,23820125,4501.8,3683.4,4440.0,3288.1,4031.0,495,19,4030.9,5,1,4030.8,22,1,4030.7,1,1,4030.6,100,1,4031.1,1,1,4031.3,63,2,4032.0,390,4,4032.2,10,1,4032.5,27,2
11483,2026-07-02 11:27:13+05:30,4031.0,1,4045.92,859828,136042.0,158457.0,4100.0,4110.0,4016.1,4092.6,23820125,4501.8,3683.4,4440.0,3288.1,4031.0,493,18,4030.9,5,1,4030.7,1,1,4030.6,100,1,4030.5,20,1,4031.1,1,1,4031.3,62,1,4031.9,64,1,4032.0,390,4,4032.2,10,1
11483,2026-07-02 11:27:13+05:30,4031.3,39,4045.92,859828,136042.0,158457.0,4100.0,4110.0,4016.1,4092.6,23820125,4501.8,3683.4,4440.0,3288.1,4031.0,493,18,4030.9,5,1,4030.7,1,1,4030.6,100,1,4030.5,20,1,4031.1,1,1,4031.3,62,1,4031.9,64,1,4032.0,390,4,4032.2,10,1
11483,2026-07-02 11:27:14+05:30,4031.0,4,4045.91,859886,136055.0,158474.0,4100.0,4110.0,4016.1,4092.6,23820125,4501.8,3683.4,4440.0,3288.1,4031.0,463,16,4030.9,5,1,4030.8,22,1,4030.7,1,1,4030.6,100,1,4031.1,1,1,4031.3,23,1,4032.0,390,4,4032.2,10,1,4032.5,11,2
11483,2026-07-02 11:27:14+05:30,4032.0,5,4045.91,859886,136055.0,158474.0,4100.0,4110.0,4016.1,4092.6,23820125,4501.8,3683.4,4440.0,3288.1,4031.0,463,16,4030.9,5,1,4030.8,22,1,4030.7,1,1,4030.6,100,1,4031.1,1,1,4031.3,23,1,4032.0,390,4,4032.2,10,1,4032.5,11,2
11483,2026-07-02 11:27:15+05:30,4032.0,4,4045.91,859929,136728.0,158460.0,4100.0,4110.0,4016.1,4092.6,23820125,4501.8,3683.4,4440.0,3288.1,4031.1,1,1,4031.0,478,16,4030.9,5,1,4030.7,1,1,4030.6,100,1,4032.0,381,4,4032.1,29,1,4032.2,40,3,4032.3,7,1,4032.5,29,1
11483,2026-07-02 11:27:15+05:30,4032.0,23,4045.91,859929,136728.0,158460.0,4100.0,4110.0,4016.1,4092.6,23820125,4501.8,3683.4,4440.0,3288.1,4031.1,1,1,4031.0,478,16,4030.9,5,1,4030.7,1,1,4030.6,100,1,4032.0,381,4,4032.1,29,1,4032.2,40,3,4032.3,7,1,4032.5,29,1
11483,2026-07-02 11:27:16+05:30,4031.0,1,4045.91,859963,136684.0,158418.0,4100.0,4110.0,4016.1,4092.6,23820125,4501.8,3683.4,4440.0,3288.1,4031.0,511,18,4030.9,5,1,4030.7,1,1,4030.6,100,1,4030.5,23,2,4032.0,362,5,4032.1,29,1,4032.2,39,2,4032.5,54,3,4032.6,32,2
11483,2026-07-02 11:27:16+05:30,4031.0,5,4045.91,859963,136684.0,158418.0,4100.0,4110.0,4016.1,4092.6,23820125,4501.8,3683.4,4440.0,3288.1,4031.0,511,18,4030.9,5,1,4030.7,1,1,4030.6,100,1,4030.5,23,2,4032.0,362,5,4032.1,29,1,4032.2,39,2,4032.5,54,3,4032.6,32,2
11483,2026-07-02 11:27:17+05:30,4032.0,4,4045.91,859973,136654.0,158545.0,4100.0,4110.0,4016.1,4092.6,23820125,4501.8,3683.4,4440.0,3288.1,4031.0,504,17,4030.9,5,1,4030.7,1,1,4030.6,100,1,4030.5,20,1,4032.0,358,5,4032.2,39,2,4032.4,40,1,4032.5,54,3,4032.6,78,3
11483,2026-07-02 11:27:17+05:30,4031.0,1,4045.91,859973,136654.0,158545.0,4100.0,4110.0,4016.1,4092.6,23820125,4501.8,3683.4,4440.0,3288.1,4031.0,504,17,4030.9,5,1,4030.7,1,1,4030.6,100,1,4030.5,20,1,4032.0,358,5,4032.2,39,2,4032.4,40,1,4032.5,54,3,4032.6,78,3
11483,2026-07-02 11:27:17+05:30,4031.0,1,4045.91,859992,136731.0,158598.0,4100.0,4110.0,4016.1,4092.6,23820125,4501.8,3683.4,4440.0,3288.1,4031.0,485,14,4030.9,5,1,4030.7,1,1,4030.6,103,2,4030.5,20,1,4032.0,358,5,4032.2,10,1,4032.4,40,1,4032.5,29,1,4032.6,78,3
11483,2026-07-02 11:27:18+05:30,4031.0,2,4045.91,859992,136731.0,158598.0,4100.0,4110.0,4016.1,4092.6,23820125,4501.8,3683.4,4440.0,3288.1,4031.0,485,14,4030.9,5,1,4030.7,1,1,4030.6,103,2,4030.5,20,1,4032.0,358,5,4032.2,10,1,4032.4,40,1,4032.5,29,1,4032.6,78,3
11483,2026-07-02 11:27:18+05:30,4031.0,1,4045.91,860050,136545.0,158532.0,4100.0,4110.0,4016.1,4092.6,23820125,4501.8,3683.4,4440.0,3288.1,4031.0,317,13,4030.9,5,1,4030.7,1,1,4030.6,120,2,4030.5,20,1,4032.0,303,5,4032.2,10,1,4032.4,40,1,4032.5,35,2,4032.6,76,3
11483,2026-07-02 11:27:19+05:30,4032.0,7,4045.91,860050,136545.0,158532.0,4100.0,4110.0,4016.1,4092.6,23820125,4501.8,3683.4,4440.0,3288.1,4031.0,317,13,4030.9,5,1,4030.7,1,1,4030.6,120,2,4030.5,20,1,4032.0,303,5,4032.2,10,1,4032.4,40,1,4032.5,35,2,4032.6,76,3
11483,2026-07-02 11:27:19+05:30,4031.0,1,4045.91,860067,136567.0,158602.0,4100.0,4110.0,4016.1,4092.6,23820125,4501.8,3683.4,4440.0,3288.1,4031.0,309,14,4030.9,5,1,4030.7,1,1,4030.6,105,2,4030.5,20,1,4032.0,295,5,4032.2,11,2,4032.4,40,1,4032.5,58,3,4032.6,76,3
11483,2026-07-02 11:27:20+05:30,4031.0,2,4045.91,860067,136567.0,158602.0,4100.0,4110.0,4016.1,4092.6,23820125,4501.8,3683.4,4440.0,3288.1,4031.0,309,14,4030.9,5,1,4030.7,1,1,4030.6,105,2,4030.5,20,1,4032.0,295,5,4032.2,11,2,4032.4,40,1,4032.5,58,3,4032.6,76,3
11483,2026-07-02 11:27:20+05:30,4032.0,1,4045.91,860070,136570.0,158601.0,4100.0,4110.0,4016.1,4092.6,23820125,4501.8,3683.4,4440.0,3288.1,4031.0,307,14,4030.9,5,1,4030.7,1,1,4030.6,105,2,4030.5,20,1,4032.0,294,5,4032.2,11,2,4032.4,40,1,4032.5,58,3,4032.6,76,3
11483,2026-07-02 11:27:21+05:30,4031.5,4,4045.91,860070,136570.0,158601.0,4100.0,4110.0,4016.1,4092.6,23820125,4501.8,3683.4,4440.0,3288.1,4031.0,307,14,4030.9,5,1,4030.7,1,1,4030.6,105,2,4030.5,20,1,4032.0,294,5,4032.2,11,2,4032.4,40,1,4032.5,58,3,4032.6,76,3
11483,2026-07-02 11:27:22+05:30,4031.0,1,4045.91,860089,136620.0,158561.0,4100.0,4110.0,4016.1,4092.6,23820125,4501.8,3683.4,4440.0,3288.1,4031.2,1,1,4031.0,294,14,4030.9,5,1,4030.7,1,1,4030.6,105,2,4031.5,2,1,4032.0,294,5,4032.2,11,2,4032.4,57,2,4032.5,35,2
11483,2026-07-02 11:27:22+05:30,4032.0,25,4045.91,860089,136620.0,158561.0,4100.0,4110.0,4016.1,4092.6,23820125,4501.8,3683.4,4440.0,3288.1,4031.2,1,1,4031.0,294,14,4030.9,5,1,4030.7,1,1,4030.6,105,2,4031.5,2,1,4032.0,294,5,4032.2,11,2,4032.4,57,2,4032.5,35,2
11483,2026-07-02 11:27:23+05:30,4032.0,1,4045.91,860122,136652.0,158584.0,4100.0,4110.0,4016.1,4092.6,23820125,4501.8,3683.4,4440.0,3288.1,4031.0,294,14,4030.9,5,1,4030.7,1,1,4030.6,105,2,4030.5,37,2,4032.0,259,4,4032.2,11,2,4032.4,57,2,4032.5,65,3,4032.6,58,2
11483,2026-07-02 11:27:23+05:30,4031.0,4,4045.91,860122,136652.0,158584.0,4100.0,4110.0,4016.1,4092.6,23820125,4501.8,3683.4,4440.0,3288.1,4031.0,294,14,4030.9,5,1,4030.7,1,1,4030.6,105,2,4030.5,37,2,4032.0,259,4,4032.2,11,2,4032.4,57,2,4032.5,65,3,4032.6,58,2
11483,2026-07-02 11:27:24+05:30,4032.0,1,4045.91,860128,136582.0,158600.0,4100.0,4110.0,4016.1,4092.6,23820125,4501.8,3683.4,4440.0,3288.1,4031.0,290,14,4030.9,5,1,4030.7,1,1,4030.6,105,2,4030.5,20,1,4032.0,315,7,4032.2,11,2,4032.4,40,1,4032.5,35,2,4032.6,88,3
11483,2026-07-02 11:27:24+05:30,4032.0,1,4045.91,860128,136582.0,158600.0,4100.0,4110.0,4016.1,4092.6,23820125,4501.8,3683.4,4440.0,3288.1,4031.0,290,14,4030.9,5,1,4030.7,1,1,4030.6,105,2,4030.5,20,1,4032.0,315,7,4032.2,11,2,4032.4,40,1,4032.5,35,2,4032.6,88,3
11483,2026-07-02 11:27:25+05:30,4031.0,1,4045.91,860182,136415.0,158542.0,4100.0,4110.0,4016.1,4092.6,23820125,4501.8,3683.4,4440.0,3288.1,4031.0,288,14,4030.9,5,1,4030.7,1,1,4030.6,105,2,4030.5,20,1,4032.0,274,9,4032.4,40,1,4032.5,65,3,4032.6,58,2,4032.7,22,3
11483,2026-07-02 11:27:25+05:30,4031.0,6,4045.91,860182,136415.0,158542.0,4100.0,4110.0,4016.1,4092.6,23820125,4501.8,3683.4,4440.0,3288.1,4031.0,288,14,4030.9,5,1,4030.7,1,1,4030.6,105,2,4030.5,20,1,4032.0,274,9,4032.4,40,1,4032.5,65,3,4032.6,58,2,4032.7,22,3
11483,2026-07-02 11:27:26+05:30,4032.0,10,4045.91,860212,136615.0,158142.0,4100.0,4110.0,4016.1,4092.6,23820125,4501.8,3683.4,4440.0,3288.1,4031.0,282,14,4030.9,5,1,4030.7,1,1,4030.6,105,2,4030.5,20,1,4032.0,250,9,4032.1,6,1,4032.4,40,1,4032.5,46,2,4032.6,64,3
11483,2026-07-02 11:27:26+05:30,4031.0,4,4045.91,860212,136615.0,158142.0,4100.0,4110.0,4016.1,4092.6,23820125,4501.8,3683.4,4440.0,3288.1,4031.0,282,14,4030.9,5,1,4030.7,1,1,4030.6,105,2,4030.5,20,1,4032.0,250,9,4032.1,6,1,4032.4,40,1,4032.5,46,2,4032.6,64,3
11483,2026-07-02 11:27:27+05:30,4032.0,5,4045.91,860227,136713.0,158101.0,4100.0,4110.0,4016.1,4092.6,23820125,4501.8,3683.4,4440.0,3288.1,4031.0,256,13,4030.9,5,1,4030.8,21,1,4030.7,1,1,4030.6,128,4,4032.0,234,8,4032.6,12,1,4032.7,5,2,4032.8,83,4,4032.9,127,6
11483,2026-07-02 11:27:27+05:30,4031.0,2,4045.91,860227,136713.0,158101.0,4100.0,4110.0,4016.1,4092.6,23820125,4501.8,3683.4,4440.0,3288.1,4031.0,256,13,4030.9,5,1,4030.8,21,1,4030.7,1,1,4030.6,128,4,4032.0,234,8,4032.6,12,1,4032.7,5,2,4032.8,83,4,4032.9,127,6
11483,2026-07-02 11:27:28+05:30,4031.5,2,4045.91,860236,136697.0,158064.0,4100.0,4110.0,4016.1,4092.6,23820125,4501.8,3683.4,4440.0,3288.1,4031.5,23,1,4031.0,285,15,4030.9,15,2,4030.8,27,2,4030.7,1,1,4032.0,228,7,4032.6,12,1,4032.7,5,2,4032.8,83,4,4032.9,147,7
11483,2026-07-02 11:27:28+05:30,4031.5,1,4045.91,860236,136697.0,158064.0,4100.0,4110.0,4016.1,4092.6,23820125,4501.8,3683.4,4440.0,3288.1,4031.5,23,1,4031.0,285,15,4030.9,15,2,4030.8,27,2,4030.7,1,1,4032.0,228,7,4032.6,12,1,4032.7,5,2,4032.8,83,4,4032.9,147,7
11483,2026-07-02 11:27:29+05:30,4031.0,3,4045.91,860381,136506.0,158501.0,4100.0,4110.0,4016.1,4092.6,23820125,4501.8,3683.4,4440.0,3288.1,4031.0,163,9,4030.9,15,2,4030.7,1,1,4030.6,171,6,4030.5,50,3,4031.5,1,1,4032.0,224,8,4032.6,12,1,4032.7,66,2,4032.8,83,4
11483,2026-07-02 11:27:29+05:30,4031.0,15,4045.91,860381,136506.0,158501.0,4100.0,4110.0,4016.1,4092.6,23820125,4501.8,3683.4,4440.0,3288.1,4031.0,163,9,4030.9,15,2,4030.7,1,1,4030.6,171,6,4030.5,50,3,4031.5,1,1,4032.0,224,8,4032.6,12,1,4032.7,66,2,4032.8,83,4
11483,2026-07-02 11:27:30+05:30,4031.0,1,4045.91,860400,136470.0,158441.0,4100.0,4110.0,4016.1,4092.6,23820125,4501.8,3683.4,4440.0,3288.1,4031.0,145,8,4030.9,15,2,4030.7,1,1,4030.6,105,2,4030.5,20,1,4031.5,1,1,4032.0,217,6,4032.6,12,1,4032.7,4,1,4032.8,86,5
11483,2026-07-02 11:27:30+05:30,4031.0,2,4045.91,860400,136470.0,158441.0,4100.0,4110.0,4016.1,4092.6,23820125,4501.8,3683.4,4440.0,3288.1,4031.0,145,8,4030.9,15,2,4030.7,1,1,4030.6,105,2,4030.5,20,1,4031.5,1,1,4032.0,217,6,4032.6,12,1,4032.7,4,1,4032.8,86,5
11483,2026-07-02 11:27:31+05:30,4031.5,2,4045.91,860408,136244.0,158489.0,4100.0,4110.0,4016.1,4092.6,23820125,4501.8,3683.4,4440.0,3288.1,4031.1,29,1,4031.0,134,8,4030.9,15,2,4030.7,1,1,4030.6,105,2,4031.3,1,1,4031.5,1,1,4032.0,217,6,4032.3,5,1,4032.6,39,4
11483,2026-07-02 11:27:31+05:30,4031.1,1,4045.91,860408,136244.0,158489.0,4100.0,4110.0,4016.1,4092.6,23820125,4501.8,3683.4,4440.0,3288.1,4031.1,29,1,4031.0,134,8,4030.9,15,2,4030.7,1,1,4030.6,105,2,4031.3,1,1,4031.5,1,1,4032.0,217,6,4032.3,5,1,4032.6,39,4
11483,2026-07-02 11:27:32+05:30,4031.3,1,4045.91,860413,136223.0,158457.0,4100.0,4110.0,4016.1,4092.6,23820125,4501.8,3683.4,4440.0,3288.1,4031.2,1,1,4031.1,28,1,4031.0,134,8,4030.9,15,2,4030.7,1,1,4031.3,1,1,4031.5,1,1,4032.0,219,7,4032.3,5,1,4032.6,39,4
11483,2026-07-02 11:27:32+05:30,4031.2,1,4045.91,860413,136223.0,158457.0,4100.0,4110.0,4016.1,4092.6,23820125,4501.8,3683.4,4440.0,3288.1,4031.2,1,1,4031.1,28,1,4031.0,134,8,4030.9,15,2,4030.7,1,1,4031.3,1,1,4031.5,1,1,4032.0,219,7,4032.3,5,1,4032.6,39,4
11483,2026-07-02 11:27:33+05:30,4031.2,2,4045.91,860418,136178.0,158492.0,4100.0,4110.0,4016.1,4092.6,23820125,4501.8,3683.4,4440.0,3288.1,4031.1,28,1,4031.0,144,9,4030.9,5,1,4030.7,1,1,4030.6,105,2,4031.2,13,1,4031.3,2,2,4031.5,1,1,4032.0,219,7,4032.3,17,2
11483,2026-07-02 11:27:33+05:30,4031.1,1,4045.91,860418,136178.0,158492.0,4100.0,4110.0,4016.1,4092.6,23820125,4501.8,3683.4,4440.0,3288.1,4031.1,28,1,4031.0,144,9,4030.9,5,1,4030.7,1,1,4030.6,105,2,4031.2,13,1,4031.3,2,2,4031.5,1,1,4032.0,219,7,4032.3,17,2
11483,2026-07-02 11:27:34+05:30,4031.2,1,4045.91,860418,136178.0,158492.0,4100.0,4110.0,4016.1,4092.6,23820125,4501.8,3683.4,4440.0,3288.1,4031.1,28,1,4031.0,144,9,4030.9,5,1,4030.7,1,1,4030.6,105,2,4031.2,13,1,4031.3,2,2,4031.5,1,1,4032.0,219,7,4032.3,17,2
11483,2026-07-02 11:27:34+05:30,4031.2,1,4045.91,860435,136343.0,158490.0,4100.0,4110.0,4016.1,4092.6,23820125,4501.8,3683.4,4440.0,3288.1,4031.2,2,1,4031.1,26,1,4031.0,144,9,4030.9,5,1,4030.7,1,1,4031.3,2,2,4031.5,1,1,4032.0,219,7,4032.3,22,3,4032.6,39,4
11483,2026-07-02 11:27:35+05:30,4031.1,1,4045.91,860435,136343.0,158490.0,4100.0,4110.0,4016.1,4092.6,23820125,4501.8,3683.4,4440.0,3288.1,4031.2,2,1,4031.1,26,1,4031.0,144,9,4030.9,5,1,4030.7,1,1,4031.3,2,2,4031.5,1,1,4032.0,219,7,4032.3,22,3,4032.6,39,4
11483,2026-07-02 11:27:35+05:30,4031.1,1,4045.91,860472,136207.0,158393.0,4100.0,4110.0,4016.1,4092.6,23820125,4501.8,3683.4,4440.0,3288.1,4031.1,4,1,4031.0,159,10,4030.9,5,1,4030.7,1,1,4030.6,105,2,4031.3,1,1,4032.0,244,8,4032.1,29,1,4032.3,17,2,4032.4,45,2
11483,2026-07-02 11:27:36+05:30,4031.0,1,4045.91,860472,136207.0,158393.0,4100.0,4110.0,4016.1,4092.6,23820125,4501.8,3683.4,4440.0,3288.1,4031.1,4,1,4031.0,159,10,4030.9,5,1,4030.7,1,1,4030.6,105,2,4031.3,1,1,4032.0,244,8,4032.1,29,1,4032.3,17,2,4032.4,45,2
11483,2026-07-02 11:27:36+05:30,4031.0,1,4045.9,860482,136249.0,158054.0,4100.0,4110.0,4016.1,4092.6,23820125,4501.8,3683.4,4440.0,3288.1,4031.0,158,10,4030.9,5,1,4030.7,1,1,4030.6,105,2,4030.5,20,1,4032.0,215,7,4032.1,29,1,4032.3,5,1,4032.4,83,3,4032.6,70,5
11483,2026-07-02 11:27:37+05:30,4031.0,1,4045.9,860482,136249.0,158054.0,4100.0,4110.0,4016.1,4092.6,23820125,4501.8,3683.4,4440.0,3288.1,4031.0,158,10,4030.9,5,1,4030.7,1,1,4030.6,105,2,4030.5,20,1,4032.0,215,7,4032.1,29,1,4032.3,5,1,4032.4,83,3,4032.6,70,5
11483,2026-07-02 11:27:37+05:30,4031.0,1,4045.9,860482,136249.0,158054.0,4100.0,4110.0,4016.1,4092.6,23820125,4501.8,3683.4,4440.0,3288.1,4031.0,158,10,4030.9,5,1,4030.7,1,1,4030.6,105,2,4030.5,20,1,4032.0,215,7,4032.1,29,1,4032.3,5,1,4032.4,83,3,4032.6,70,5
11483,2026-07-02 11:27:37+05:30,4031.0,1,4045.9,860482,136249.0,158054.0,4100.0,4110.0,4016.1,4092.6,23820125,4501.8,3683.4,4440.0,3288.1,4031.0,154,10,4030.9,5,1,4030.7,1,1,4030.6,105,2,4030.5,41,3,4032.0,220,8,4032.2,5,1,4032.4,38,1,4032.6,79,4,4032.7,4,1
11483,2026-07-02 11:27:37+05:30,4031.0,1,4045.9,860486,136348.0,157873.0,4100.0,4110.0,4016.1,4092.6,23820125,4501.8,3683.4,4440.0,3288.1,4031.0,154,10,4030.9,5,1,4030.7,1,1,4030.6,105,2,4030.5,41,3,4032.0,220,8,4032.2,5,1,4032.4,38,1,4032.6,79,4,4032.7,4,1
11483,2026-07-02 11:27:38+05:30,4031.0,1,4045.9,860486,136348.0,157873.0,4100.0,4110.0,4016.1,4092.6,23820125,4501.8,3683.4,4440.0,3288.1,4031.0,154,10,4030.9,5,1,4030.7,1,1,4030.6,105,2,4030.5,41,3,4032.0,220,8,4032.2,5,1,4032.4,38,1,4032.6,79,4,4032.7,4,1
11483,2026-07-02 11:27:38+05:30,4031.0,1,4045.9,860486,136348.0,157873.0,4100.0,4110.0,4016.1,4092.6,23820125,4501.8,3683.4,4440.0,3288.1,4031.0,154,10,4030.9,5,1,4030.7,1,1,4030.6,105,2,4030.5,41,3,4032.0,220,8,4032.2,5,1,4032.4,38,1,4032.6,79,4,4032.7,4,1
11483,2026-07-02 11:27:38+05:30,4031.0,1,4045.9,860486,136348.0,157873.0,4100.0,4110.0,4016.1,4092.6,23820125,4501.8,3683.4,4440.0,3288.1,4031.0,154,10,4030.9,5,1,4030.7,1,1,4030.6,105,2,4030.5,41,3,4032.0,220,8,4032.2,5,1,4032.4,38,1,4032.6,79,4,4032.7,4,1
11483,2026-07-02 11:27:38+05:30,4031.0,1,4045.9,860500,135990.0,158497.0,4100.0,4110.0,4016.1,4092.6,23820125,4501.8,3683.4,4440.0,3288.1,4031.0,152,10,4030.9,5,1,4030.7,1,1,4030.6,105,2,4030.5,20,1,4031.1,113,1,4032.0,220,8,4032.2,5,1,4032.3,13,1,4032.4,54,2
11483,2026-07-02 11:27:39+05:30,4031.0,1,4045.9,860500,135990.0,158497.0,4100.0,4110.0,4016.1,4092.6,23820125,4501.8,3683.4,4440.0,3288.1,4031.0,152,10,4030.9,5,1,4030.7,1,1,4030.6,105,2,4030.5,20,1,4031.1,113,1,4032.0,220,8,4032.2,5,1,4032.3,13,1,4032.4,54,2
11483,2026-07-02 11:27:39+05:30,4031.0,1,4045.9,860500,135990.0,158497.0,4100.0,4110.0,4016.1,4092.6,23820125,4501.8,3683.4,4440.0,3288.1,4031.0,152,10,4030.9,5,1,4030.7,1,1,4030.6,105,2,4030.5,20,1,4031.1,113,1,4032.0,220,8,4032.2,5,1,4032.3,13,1,4032.4,54,2
11483,2026-07-02 11:27:39+05:30,4031.0,1,4045.9,860500,135990.0,158497.0,4100.0,4110.0,4016.1,4092.6,23820125,4501.8,3683.4,4440.0,3288.1,4031.0,152,10,4030.9,5,1,4030.7,1,1,4030.6,105,2,4030.5,20,1,4031.1,113,1,4032.0,220,8,4032.2,5,1,4032.3,13,1,4032.4,54,2
11483,2026-07-02 11:27:39+05:30,4031.0,1,4045.9,860513,135971.0,158426.0,4100.0,4110.0,4016.1,4092.6,23820125,4501.8,3683.4,4440.0,3288.1,4031.0,150,10,4030.9,5,1,4030.7,1,1,4030.6,105,2,4030.5,20,1,4031.1,104,2,4032.0,215,7,4032.2,5,1,4032.3,13,1,4032.4,54,2
11483,2026-07-02 11:27:40+05:30,4031.0,1,4045.9,860513,135971.0,158426.0,4100.0,4110.0,4016.1,4092.6,23820125,4501.8,3683.4,4440.0,3288.1,4031.0,150,10,4030.9,5,1,4030.7,1,1,4030.6,105,2,4030.5,20,1,4031.1,104,2,4032.0,215,7,4032.2,5,1,4032.3,13,1,4032.4,54,2
11483,2026-07-02 11:27:40+05:30,4031.0,1,4045.9,860513,135971.0,158426.0,4100.0,4110.0,4016.1,4092.6,23820125,4501.8,3683.4,4440.0,3288.1,4031.0,150,10,4030.9,5,1,4030.7,1,1,4030.6,105,2,4030.5,20,1,4031.1,104,2,4032.0,215,7,4032.2,5,1,4032.3,13,1,4032.4,54,2
11483,2026-07-02 11:27:40+05:30,4031.0,1,4045.9,860513,135971.0,158426.0,4100.0,4110.0,4016.1,4092.6,23830800,4501.8,3683.4,4440.0,3288.1,4031.0,150,10,4030.9,5,1,4030.7,1,1,4030.6,105,2,4030.5,20,1,4031.1,104,2,4032.0,215,7,4032.2,5,1,4032.3,13,1,4032.4,54,2
11483,2026-07-02 11:27:40+05:30,4031.0,1,4045.9,860516,135990.0,158426.0,4100.0,4110.0,4016.1,4092.6,23830800,4501.8,3683.4,4440.0,3288.1,4031.0,147,10,4030.9,5,1,4030.7,1,1,4030.6,105,2,4030.5,25,2,4031.1,104,2,4032.0,215,7,4032.2,5,1,4032.3,13,1,4032.4,54,2
11483,2026-07-02 11:27:41+05:30,4031.0,1,4045.9,860516,135990.0,158426.0,4100.0,4110.0,4016.1,4092.6,23830800,4501.8,3683.4,4440.0,3288.1,4031.0,147,10,4030.9,5,1,4030.7,1,1,4030.6,105,2,4030.5,25,2,4031.1,104,2,4032.0,215,7,4032.2,5,1,4032.3,13,1,4032.4,54,2
11483,2026-07-02 11:27:41+05:30,4031.0,4,4045.9,860516,135990.0,158426.0,4100.0,4110.0,4016.1,4092.6,23830800,4501.8,3683.4,4440.0,3288.1,4031.0,147,10,4030.9,5,1,4030.7,1,1,4030.6,105,2,4030.5,25,2,4031.1,104,2,4032.0,215,7,4032.2,5,1,4032.3,13,1,4032.4,54,2
11483,2026-07-02 11:27:41+05:30,4031.0,4,4045.9,860516,135990.0,158426.0,4100.0,4110.0,4016.1,4092.6,23830800,4501.8,3683.4,4440.0,3288.1,4031.0,147,10,4030.9,5,1,4030.7,1,1,4030.6,105,2,4030.5,25,2,4031.1,104,2,4032.0,215,7,4032.2,5,1,4032.3,13,1,4032.4,54,2
11483,2026-07-02 11:27:41+05:30,4031.0,4,4045.9,860521,136157.0,158423.0,4100.0,4110.0,4016.1,4092.6,23830800,4501.8,3683.4,4440.0,3288.1,4031.0,142,10,4030.9,5,1,4030.7,1,1,4030.6,105,2,4030.5,25,2,4031.1,105,3,4032.0,215,7,4032.2,5,1,4032.3,13,1,4032.4,54,2
11483,2026-07-02 11:27:42+05:30,4031.0,4,4045.9,860521,136157.0,158423.0,4100.0,4110.0,4016.1,4092.6,23830800,4501.8,3683.4,4440.0,3288.1,4031.0,142,10,4030.9,5,1,4030.7,1,1,4030.6,105,2,4030.5,25,2,4031.1,105,3,4032.0,215,7,4032.2,5,1,4032.3,13,1,4032.4,54,2
11483,2026-07-02 11:27:42+05:30,4031.0,1,4045.9,860521,136157.0,158423.0,4100.0,4110.0,4016.1,4092.6,23830800,4501.8,3683.4,4440.0,3288.1,4031.0,142,10,4030.9,5,1,4030.7,1,1,4030.6,105,2,4030.5,25,2,4031.1,105,3,4032.0,215,7,4032.2,5,1,4032.3,13,1,4032.4,54,2
11483,2026-07-02 11:27:42+05:30,4031.0,1,4045.9,860521,136157.0,158423.0,4100.0,4110.0,4016.1,4092.6,23830800,4501.8,3683.4,4440.0,3288.1,4031.0,142,10,4030.9,5,1,4030.7,1,1,4030.6,105,2,4030.5,25,2,4031.1,105,3,4032.0,215,7,4032.2,5,1,4032.3,13,1,4032.4,54,2
11483,2026-07-02 11:27:42+05:30,4031.0,1,4045.9,860525,136253.0,158428.0,4100.0,4110.0,4016.1,4092.6,23830800,4501.8,3683.4,4440.0,3288.1,4031.0,139,11,4030.9,10,2,4030.8,5,1,4030.7,1,1,4030.6,105,2,4031.1,105,3,4032.0,215,7,4032.2,5,1,4032.3,13,1,4032.4,54,2
11483,2026-07-02 11:27:43+05:30,4031.0,1,4045.9,860525,136253.0,158428.0,4100.0,4110.0,4016.1,4092.6,23830800,4501.8,3683.4,4440.0,3288.1,4031.0,139,11,4030.9,10,2,4030.8,5,1,4030.7,1,1,4030.6,105,2,4031.1,105,3,4032.0,215,7,4032.2,5,1,4032.3,13,1,4032.4,54,2
11483,2026-07-02 11:27:43+05:30,4031.0,2,4045.9,860528,136038.0,158437.0,4100.0,4110.0,4016.1,4092.6,23830800,4501.8,3683.4,4440.0,3288.1,4031.0,136,11,4030.9,10,2,4030.7,1,1,4030.6,105,2,4030.5,20,1,4031.1,106,4,4032.0,215,7,4032.2,5,1,4032.3,13,1,4032.4,16,1
11483,2026-07-02 11:27:44+05:30,4031.1,28,4045.9,860528,136038.0,158437.0,4100.0,4110.0,4016.1,4092.6,23830800,4501.8,3683.4,4440.0,3288.1,4031.0,136,11,4030.9,10,2,4030.7,1,1,4030.6,105,2,4030.5,20,1,4031.1,106,4,4032.0,215,7,4032.2,5,1,4032.3,13,1,4032.4,16,1
11483,2026-07-02 11:27:44+05:30,4031.1,9,4045.9,860649,136409.0,157915.0,4100.0,4110.0,4016.1,4092.6,23830800,4501.8,3683.4,4440.0,3288.1,4031.1,24,1,4031.0,130,11,4030.9,10,2,4030.7,1,1,4030.6,105,2,4032.0,215,7,4032.2,5,1,4032.3,1,1,4032.4,16,1,4032.6,78,3
11483,2026-07-02 11:27:45+05:30,4031.1,1,4045.9,860649,136409.0,157915.0,4100.0,4110.0,4016.1,4092.6,23830800,4501.8,3683.4,4440.0,3288.1,4031.1,24,1,4031.0,130,11,4030.9,10,2,4030.7,1,1,4030.6,105,2,4032.0,215,7,4032.2,5,1,4032.3,1,1,4032.4,16,1,4032.6,78,3
11483,2026-07-02 11:27:46+05:30,4032.0,7,4045.9,860673,136845.0,157690.0,4100.0,4110.0,4016.1,4092.6,23830800,4501.8,3683.4,4440.0,3288.1,4031.6,16,3,4031.2,29,2,4031.1,27,3,4031.0,108,10,4030.9,10,2,4032.0,206,7,4032.7,4,1,4032.8,31,3,4032.9,111,5,4033.0,97,3
11483,2026-07-02 11:27:46+05:30,4031.6,1,4045.9,860673,136845.0,157690.0,4100.0,4110.0,4016.1,4092.6,23830800,4501.8,3683.4,4440.0,3288.1,4031.6,16,3,4031.2,29,2,4031.1,27,3,4031.0,108,10,4030.9,10,2,4032.0,206,7,4032.7,4,1,4032.8,31,3,4032.9,111,5,4033.0,97,3
11483,2026-07-02 11:27:47+05:30,4032.0,3,4045.9,860679,136811.0,157784.0,4100.0,4110.0,4016.1,4092.6,23830800,4501.8,3683.4,4440.0,3288.1,4031.6,15,3,4031.1,27,3,4031.0,109,10,4030.9,10,2,4030.8,5,1,4032.0,203,7,4032.7,4,1,4032.8,31,3,4032.9,125,6,4033.0,97,3
11483,2026-07-02 11:27:47+05:30,4031.6,1,4045.9,860679,136811.0,157784.0,4100.0,4110.0,4016.1,4092.6,23830800,4501.8,3683.4,4440.0,3288.1,4031.6,15,3,4031.1,27,3,4031.0,109,10,4030.9,10,2,4030.8,5,1,4032.0,203,7,4032.7,4,1,4032.8,31,3,4032.9,125,6,4033.0,97,3
11483,2026-07-02 11:27:48+05:30,4031.6,1,4045.9,860680,136655.0,157842.0,4100.0,4110.0,4016.1,4092.6,23830800,4501.8,3683.4,4440.0,3288.1,4031.6,14,3,4031.1,27,3,4031.0,59,9,4030.9,10,2,4030.7,15,2,4032.0,208,8,4032.5,15,2,4032.7,44,4,4032.8,31,3,4032.9,120,5
11483,2026-07-02 11:27:49+05:30,4032.0,3,4045.9,860683,136658.0,157888.0,4100.0,4110.0,4016.1,4092.6,23830800,4501.8,3683.4,4440.0,3288.1,4031.6,14,3,4031.1,27,3,4031.0,59,9,4030.9,10,2,4030.7,15,2,4032.0,205,8,4032.5,15,2,4032.7,44,4,4032.8,31,3,4032.9,122,6
11483,2026-07-02 11:27:49+05:30,4032.0,3,4045.9,860683,136658.0,157888.0,4100.0,4110.0,4016.1,4092.6,23830800,4501.8,3683.4,4440.0,3288.1,4031.6,14,3,4031.1,27,3,4031.0,59,9,4030.9,10,2,4030.7,15,2,4032.0,205,8,4032.5,15,2,4032.7,44,4,4032.8,31,3,4032.9,122,6
11483,2026-07-02 11:27:50+05:30,4032.0,3,4045.9,860683,136606.0,157894.0,4100.0,4110.0,4016.1,4092.6,23830800,4501.8,3683.4,4440.0,3288.1,4031.6,14,3,4031.1,27,3,4031.0,59,9,4030.9,10,2,4030.7,15,2,4032.0,205,8,4032.5,15,2,4032.7,44,4,4032.8,31,3,4032.9,122,6
11483,2026-07-02 11:27:51+05:30,4032.0,3,4045.9,860683,136632.0,157826.0,4100.0,4110.0,4016.1,4092.6,23830800,4501.8,3683.4,4440.0,3288.1,4031.6,14,3,4031.1,27,3,4031.0,74,10,4030.9,10,2,4030.7,15,2,4031.8,1,1,4032.0,205,8,4032.5,15,2,4032.6,12,1,4032.7,39,3
11483,2026-07-02 11:27:51+05:30,4032.0,15,4045.9,860683,136632.0,157826.0,4100.0,4110.0,4016.1,4092.6,23830800,4501.8,3683.4,4440.0,3288.1,4031.6,14,3,4031.1,27,3,4031.0,74,10,4030.9,10,2,4030.7,15,2,4031.8,1,1,4032.0,205,8,4032.5,15,2,4032.6,12,1,4032.7,39,3
11483,2026-07-02 11:27:52+05:30,4032.0,15,4045.9,860710,136667.0,157802.0,4100.0,4110.0,4016.1,4092.6,23830800,4501.8,3683.4,4440.0,3288.1,4031.8,1,1,4031.6,16,3,4031.1,27,3,4031.0,74,10,4030.9,10,2,4032.0,185,7,4032.5,15,2,4032.6,12,1,4032.7,39,3,4032.8,31,3
11483,2026-07-02 11:27:52+05:30,4031.8,1,4045.9,860710,136667.0,157802.0,4100.0,4110.0,4016.1,4092.6,23830800,4501.8,3683.4,4440.0,3288.1,4031.8,1,1,4031.6,16,3,4031.1,27,3,4031.0,74,10,4030.9,10,2,4032.0,185,7,4032.5,15,2,4032.6,12,1,4032.7,39,3,4032.8,31,3
11483,2026-07-02 11:27:53+05:30,4031.6,2,4045.9,860734,136455.0,158035.0,4100.0,4110.0,4016.1,4092.6,23830800,4501.8,3683.4,4440.0,3288.1,4031.1,24,2,4031.0,74,10,4030.9,14,3,4030.7,1,1,4030.6,105,2,4031.6,11,2,4032.0,189,8,4032.3,12,1,4032.5,15,2,4032.6,12,1
11483,2026-07-02 11:27:53+05:30,4031.1,3,4045.9,860734,136455.0,158035.0,4100.0,4110.0,4016.1,4092.6,23830800,4501.8,3683.4,4440.0,3288.1,4031.1,24,2,4031.0,74,10,4030.9,14,3,4030.7,1,1,4030.6,105,2,4031.6,11,2,4032.0,189,8,4032.3,12,1,4032.5,15,2,4032.6,12,1
11483,2026-07-02 11:27:54+05:30,4031.6,3,4045.9,860734,136455.0,158035.0,4100.0,4110.0,4016.1,4092.6,23830800,4501.8,3683.4,4440.0,3288.1,4031.1,24,2,4031.0,74,10,4030.9,14,3,4030.7,1,1,4030.6,105,2,4031.6,11,2,4032.0,189,8,4032.3,12,1,4032.5,15,2,4032.6,12,1
11483,2026-07-02 11:27:54+05:30,4031.6,3,4045.9,860740,136450.0,158053.0,4100.0,4110.0,4016.1,4092.6,23830800,4501.8,3683.4,4440.0,3288.1,4031.1,21,2,4031.0,74,10,4030.9,10,2,4030.7,1,1,4030.6,105,2,4031.6,8,2,4032.0,185,7,4032.3,12,1,4032.5,15,2,4032.6,32,2
11483,2026-07-02 11:27:55+05:30,4031.1,1,4045.9,860740,136450.0,158053.0,4100.0,4110.0,4016.1,4092.6,23830800,4501.8,3683.4,4440.0,3288.1,4031.1,21,2,4031.0,74,10,4030.9,10,2,4030.7,1,1,4030.6,105,2,4031.6,8,2,4032.0,185,7,4032.3,12,1,4032.5,15,2,4032.6,32,2
11483,2026-07-02 11:27:55+05:30,4031.1,1,4045.9,860744,136473.0,158132.0,4100.0,4110.0,4016.1,4092.6,23830800,4501.8,3683.4,4440.0,3288.1,4031.1,19,2,4031.0,72,9,4030.9,10,2,4030.7,1,1,4030.6,105,2,4031.6,7,3,4031.9,49,2,4032.0,175,6,4032.3,25,2,4032.5,16,3
11483,2026-07-02 11:27:56+05:30,4031.1,1,4045.9,860744,136473.0,158132.0,4100.0,4110.0,4016.1,4092.6,23830800,4501.8,3683.4,4440.0,3288.1,4031.1,19,2,4031.0,72,9,4030.9,10,2,4030.7,1,1,4030.6,105,2,4031.6,7,3,4031.9,49,2,4032.0,175,6,4032.3,25,2,4032.5,16,3
11483,2026-07-02 11:27:56+05:30,4031.1,1,4045.9,860745,136519.0,158356.0,4100.0,4110.0,4016.1,4092.6,23830800,4501.8,3683.4,4440.0,3288.1,4031.1,18,2,4031.0,72,9,4030.9,10,2,4030.7,1,1,4030.6,105,2,4031.4,81,1,4031.5,42,1,4031.6,49,4,4031.7,42,1,4031.9,91,3
11483,2026-07-02 11:27:57+05:30,4031.0,5,4045.9,860745,136519.0,158356.0,4100.0,4110.0,4016.1,4092.6,23830800,4501.8,3683.4,4440.0,3288.1,4031.1,18,2,4031.0,72,9,4030.9,10,2,4030.7,1,1,4030.6,105,2,4031.4,81,1,4031.5,42,1,4031.6,49,4,4031.7,42,1,4031.9,91,3
11483,2026-07-02 11:27:57+05:30,4031.5,6,4045.9,860835,136469.0,158093.0,4100.0,4110.0,4016.1,4092.6,23830800,4501.8,3683.4,4440.0,3288.1,4031.0,75,5,4030.9,10,2,4030.7,1,1,4030.6,105,2,4030.5,20,1,4031.5,36,1,4031.6,48,3,4031.8,42,1,4031.9,49,2,4032.0,175,6
11483,2026-07-02 11:27:58+05:30,4031.0,1,4045.9,860835,136469.0,158093.0,4100.0,4110.0,4016.1,4092.6,23830800,4501.8,3683.4,4440.0,3288.1,4031.0,75,5,4030.9,10,2,4030.7,1,1,4030.6,105,2,4030.5,20,1,4031.5,36,1,4031.6,48,3,4031.8,42,1,4031.9,49,2,4032.0,175,6
11483,2026-07-02 11:27:58+05:30,4031.5,7,4045.9,860856,136454.0,158094.0,4100.0,4110.0,4016.1,4092.6,23830800,4501.8,3683.4,4440.0,3288.1,4031.0,61,5,4030.9,10,2,4030.7,1,1,4030.6,105,2,4030.5,20,1,4031.5,72,3,4031.6,5,1,4031.7,42,1,4031.9,49,2,4032.0,175,6
11483,2026-07-02 11:27:59+05:30,4031.0,1,4045.9,860856,136454.0,158094.0,4100.0,4110.0,4016.1,4092.6,23830800,4501.8,3683.4,4440.0,3288.1,4031.0,61,5,4030.9,10,2,4030.7,1,1,4030.6,105,2,4030.5,20,1,4031.5,72,3,4031.6,5,1,4031.7,42,1,4031.9,49,2,4032.0,175,6
11483,2026-07-02 11:27:59+05:30,4031.0,1,4045.9,860866,136470.0,158170.0,4100.0,4110.0,4016.1,4092.6,23830800,4501.8,3683.4,4440.0,3288.1,4031.0,53,4,4030.9,10,2,4030.7,1,1,4030.6,105,2,4030.5,20,1,4031.3,26,1,4031.4,42,1,4031.5,28,2,4031.6,47,2,4031.8,42,1
11483,2026-07-02 11:28:00+05:30,4031.0,1,4045.9,860866,136470.0,158170.0,4100.0,4110.0,4016.1,4092.6,23830800,4501.8,3683.4,4440.0,3288.1,4031.0,53,4,4030.9,10,2,4030.7,1,1,4030.6,105,2,4030.5,20,1,4031.3,26,1,4031.4,42,1,4031.5,28,2,4031.6,47,2,4031.8,42,1
11483,2026-07-02 11:28:01+05:30,4031.3,3,4045.9,860883,136465.0,158234.0,4100.0,4110.0,4016.1,4092.6,23830800,4501.8,3683.4,4440.0,3288.1,4031.1,1,1,4031.0,51,4,4030.9,10,2,4030.7,1,1,4030.6,105,2,4031.2,1,1,4031.3,53,2,4031.5,69,2,4031.6,5,1,4031.7,42,1
11483,2026-07-02 11:28:01+05:30,4031.0,1,4045.9,860883,136465.0,158234.0,4100.0,4110.0,4016.1,4092.6,23830800,4501.8,3683.4,4440.0,3288.1,4031.1,1,1,4031.0,51,4,4030.9,10,2,4030.7,1,1,4030.6,105,2,4031.2,1,1,4031.3,53,2,4031.5,69,2,4031.6,5,1,4031.7,42,1
11483,2026-07-02 11:28:02+05:30,4031.2,20,4045.9,860917,136433.0,158207.0,4100.0,4110.0,4016.1,4092.6,23830800,4501.8,3683.4,4440.0,3288.1,4031.1,1,1,4031.0,51,4,4030.9,10,2,4030.7,1,1,4030.6,105,2,4031.2,14,2,4031.3,11,1,4031.4,42,1,4031.5,27,1,4031.6,47,2
11483,2026-07-02 11:28:02+05:30,4031.0,1,4045.9,860917,136433.0,158207.0,4100.0,4110.0,4016.1,4092.6,23830800,4501.8,3683.4,4440.0,3288.1,4031.1,1,1,4031.0,51,4,4030.9,10,2,4030.7,1,1,4030.6,105,2,4031.2,14,2,4031.3,11,1,4031.4,42,1,4031.5,27,1,4031.6,47,2
11483,2026-07-02 11:28:03+05:30,4031.1,1,4045.9,860921,136276.0,158357.0,4100.0,4110.0,4016.1,4092.6,23830800,4501.8,3683.4,4440.0,3288.1,4031.0,49,4,4030.9,10,2,4030.7,1,1,4030.6,105,2,4030.5,20,1,4031.1,63,3,4031.2,15,3,4031.3,11,1,4031.4,42,1,4031.5,27,1
11483,2026-07-02 11:28:03+05:30,4031.0,1,4045.9,860921,136276.0,158357.0,4100.0,4110.0,4016.1,4092.6,23830800,4501.8,3683.4,4440.0,3288.1,4031.0,49,4,4030.9,10,2,4030.7,1,1,4030.6,105,2,4030.5,20,1,4031.1,63,3,4031.2,15,3,4031.3,11,1,4031.4,42,1,4031.5,27,1
11483,2026-07-02 11:28:04+05:30,4031.0,1,4045.9,860923,136282.0,158350.0,4100.0,4110.0,4016.1,4092.6,23830800,4501.8,3683.4,4440.0,3288.1,4031.0,47,4,4030.9,10,2,4030.7,1,1,4030.6,105,2,4030.5,20,1,4031.1,64,4,4031.2,14,2,4031.3,11,1,4031.4,42,1,4031.5,27,1
11483,2026-07-02 11:28:04+05:30,4031.1,3,4045.9,860923,136282.0,158350.0,4100.0,4110.0,4016.1,4092.6,23830800,4501.8,3683.4,4440.0,3288.1,4031.0,47,4,4030.9,10,2,4030.7,1,1,4030.6,105,2,4030.5,20,1,4031.1,64,4,4031.2,14,2,4031.3,11,1,4031.4,42,1,4031.5,27,1
11483,2026-07-02 11:28:05+05:30,4031.1,3,4045.9,860994,135652.0,157848.0,4100.0,4110.0,4016.1,4092.6,23830800,4501.8,3683.4,4440.0,3288.1,4030.9,25,3,4030.7,1,1,4030.6,105,2,4030.5,20,1,4030.3,12,1,4031.0,1,1,4031.1,41,4,4031.2,14,2,4031.3,11,1,4031.4,42,1
11483,2026-07-02 11:28:05+05:30,4031.0,24,4045.9,860994,135652.0,157848.0,4100.0,4110.0,4016.1,4092.6,23830800,4501.8,3683.4,4440.0,3288.1,4030.9,25,3,4030.7,1,1,4030.6,105,2,4030.5,20,1,4030.3,12,1,4031.0,1,1,4031.1,41,4,4031.2,14,2,4031.3,11,1,4031.4,42,1
11483,2026-07-02 11:28:06+05:30,4030.9,7,4045.9,861055,135768.0,157886.0,4100.0,4110.0,4016.1,4092.6,23830800,4501.8,3683.4,4440.0,3288.1,4031.0,1,1,4030.7,1,1,4030.6,105,2,4030.5,20,1,4030.3,12,1,4031.1,83,3,4031.2,13,1,4031.3,11,1,4031.4,42,1,4031.5,27,1
11483,2026-07-02 11:28:06+05:30,4031.0,8,4045.9,861055,135768.0,157886.0,4100.0,4110.0,4016.1,4092.6,23830800,4501.8,3683.4,4440.0,3288.1,4031.0,1,1,4030.7,1,1,4030.6,105,2,4030.5,20,1,4030.3,12,1,4031.1,83,3,4031.2,13,1,4031.3,11,1,4031.4,42,1,4031.5,27,1
11483,2026-07-02 11:28:07+05:30,4031.1,1,4045.89,861065,135753.0,157726.0,4100.0,4110.0,4016.1,4092.6,23830800,4501.8,3683.4,4440.0,3288.1,4030.7,1,1,4030.6,105,2,4030.5,20,1,4030.3,12,1,4030.2,37,3,4031.1,2,1,4031.3,11,1,4031.6,5,1,4031.8,13,1,4031.9,49,2
11483,2026-07-02 11:28:07+05:30,4030.7,1,4045.89,861065,135753.0,157726.0,4100.0,4110.0,4016.1,4092.6,23830800,4501.8,3683.4,4440.0,3288.1,4030.7,1,1,4030.6,105,2,4030.5,20,1,4030.3,12,1,4030.2,37,3,4031.1,2,1,4031.3,11,1,4031.6,5,1,4031.8,13,1,4031.9,49,2
11483,2026-07-02 11:28:08+05:30,4030.7,1,4045.89,861066,135836.0,157691.0,4100.0,4110.0,4016.1,4092.6,23830800,4501.8,3683.4,4440.0,3288.1,4030.6,127,3,4030.5,20,1,4030.3,16,2,4030.2,37,3,4030.1,4,2,4031.0,10,1,4031.1,2,1,4031.3,11,1,4031.6,5,1,4031.8,13,1
11483,2026-07-02 11:28:09+05:30,4031.0,1,4045.89,861077,136156.0,157731.0,4100.0,4110.0,4016.1,4092.6,23830800,4501.8,3683.4,4440.0,3288.1,4030.8,61,2,4030.7,42,1,4030.6,147,3,4030.5,24,2,4030.4,42,1,4031.0,9,1,4031.3,11,1,4031.6,5,1,4031.9,39,1,4032.0,170,5
11483,2026-07-02 11:28:09+05:30,4031.0,1,4045.89,861077,136156.0,157731.0,4100.0,4110.0,4016.1,4092.6,23830800,4501.8,3683.4,4440.0,3288.1,4030.8,61,2,4030.7,42,1,4030.6,147,3,4030.5,24,2,4030.4,42,1,4031.0,9,1,4031.3,11,1,4031.6,5,1,4031.9,39,1,4032.0,170,5
11483,2026-07-02 11:28:10+05:30,4031.0,1,4045.89,861088,136861.0,157719.0,4100.0,4110.0,4016.1,4092.6,23830800,4501.8,3683.4,4440.0,3288.1,4031.0,105,5,4030.8,83,2,4030.7,42,1,4030.6,105,2,4030.5,98,5,4031.3,11,1,4031.6,5,1,4031.9,39,1,4032.0,170,5,4032.3,12,1
11483,2026-07-02 11:28:10+05:30,4031.3,1,4045.89,861088,136861.0,157719.0,4100.0,4110.0,4016.1,4092.6,23830800,4501.8,3683.4,4440.0,3288.1,4031.0,105,5,4030.8,83,2,4030.7,42,1,4030.6,105,2,4030.5,98,5,4031.3,11,1,4031.6,5,1,4031.9,39,1,4032.0,170,5,4032.3,12,1
11483,2026-07-02 11:28:11+05:30,4031.3,1,4045.89,861090,136816.0,157986.0,4100.0,4110.0,4016.1,4092.6,23830800,4501.8,3683.4,4440.0,3288.1,4031.0,143,5,4030.9,42,1,4030.8,45,2,4030.7,42,1,4030.6,105,2,4031.2,2,1,4031.3,11,2,4031.6,5,1,4031.9,39,1,4032.0,170,5
11483,2026-07-02 11:28:11+05:30,4031.0,1,4045.89,861090,136816.0,157986.0,4100.0,4110.0,4016.1,4092.6,23830800,4501.8,3683.4,4440.0,3288.1,4031.0,143,5,4030.9,42,1,4030.8,45,2,4030.7,42,1,4030.6,105,2,4031.2,2,1,4031.3,11,2,4031.6,5,1,4031.9,39,1,4032.0,170,5
11483,2026-07-02 11:28:12+05:30,4031.2,1,4045.89,861092,136916.0,157990.0,4100.0,4110.0,4016.1,4092.6,23830800,4501.8,3683.4,4440.0,3288.1,4031.1,22,4,4031.0,129,5,4030.9,42,1,4030.8,51,3,4030.7,42,1,4031.2,1,1,4031.3,10,1,4031.6,5,1,4031.9,39,1,4032.0,170,5
11483,2026-07-02 11:28:12+05:30,4031.2,1,4045.89,861092,136916.0,157990.0,4100.0,4110.0,4016.1,4092.6,23830800,4501.8,3683.4,4440.0,3288.1,4031.1,22,4,4031.0,129,5,4030.9,42,1,4030.8,51,3,4030.7,42,1,4031.2,1,1,4031.3,10,1,4031.6,5,1,4031.9,39,1,4032.0,170,5
11483,2026-07-02 11:28:13+05:30,4031.3,4,4045.89,861127,136890.0,158023.0,4100.0,4110.0,4016.1,4092.6,23830800,4501.8,3683.4,4440.0,3288.1,4031.2,41,3,4031.1,1,1,4031.0,122,3,4030.9,42,1,4030.8,51,3,4031.3,7,2,4031.6,5,1,4031.9,39,1,4032.0,170,5,4032.3,12,1
11483,2026-07-02 11:28:13+05:30,4031.2,4,4045.89,861127,136890.0,158023.0,4100.0,4110.0,4016.1,4092.6,23830800,4501.8,3683.4,4440.0,3288.1,4031.2,41,3,4031.1,1,1,4031.0,122,3,4030.9,42,1,4030.8,51,3,4031.3,7,2,4031.6,5,1,4031.9,39,1,4032.0,170,5,4032.3,12,1
11483,2026-07-02 11:28:14+05:30,4031.3,1,4045.89,861127,136890.0,158023.0,4100.0,4110.0,4016.1,4092.6,23830800,4501.8,3683.4,4440.0,3288.1,4031.2,41,3,4031.1,1,1,4031.0,122,3,4030.9,42,1,4030.8,51,3,4031.3,7,2,4031.6,5,1,4031.9,39,1,4032.0,170,5,4032.3,12,1
11483,2026-07-02 11:28:14+05:30,4031.3,1,4045.89,861137,136896.0,158029.0,4100.0,4110.0,4016.1,4092.6,23830800,4501.8,3683.4,4440.0,3288.1,4031.2,32,3,4031.1,43,2,4031.0,122,3,4030.8,93,4,4030.7,8,1,4031.3,7,3,4031.6,5,1,4031.9,39,1,4032.0,170,5,4032.3,12,1
11483,2026-07-02 11:28:15+05:30,4031.6,1,4045.89,861137,136896.0,158029.0,4100.0,4110.0,4016.1,4092.6,23830800,4501.8,3683.4,4440.0,3288.1,4031.2,32,3,4031.1,43,2,4031.0,122,3,4030.8,93,4,4030.7,8,1,4031.3,7,3,4031.6,5,1,4031.9,39,1,4032.0,170,5,4032.3,12,1
11483,2026-07-02 11:28:15+05:30,4031.6,1,4045.89,861150,137104.0,157638.0,4100.0,4110.0,4016.1,4092.6,23830800,4501.8,3683.4,4440.0,3288.1,4031.4,49,5,4031.3,59,4,4031.2,166,5,4031.1,13,3,4031.0,150,6,4032.0,170,5,4032.5,10,1,4032.7,36,2,4032.8,31,3,4032.9,106,4
11483,2026-07-02 11:28:16+05:30,4031.4,1,4045.89,861150,137104.0,157638.0,4100.0,4110.0,4016.1,4092.6,23830800,4501.8,3683.4,4440.0,3288.1,4031.4,49,5,4031.3,59,4,4031.2,166,5,4031.1,13,3,4031.0,150,6,4032.0,170,5,4032.5,10,1,4032.7,36,2,4032.8,31,3,4032.9,106,4
11483,2026-07-02 11:28:16+05:30,4031.4,1,4045.89,861182,137274.0,157396.0,4100.0,4110.0,4016.1,4092.6,23830800,4501.8,3683.4,4440.0,3288.1,4031.7,47,4,4031.6,45,2,4031.5,55,3,4031.4,7,2,4031.3,62,4,4032.0,162,5,4032.5,10,1,4032.7,36,2,4032.8,31,3,4032.9,106,4
11483,2026-07-02 11:28:17+05:30,4031.7,2,4045.89,861182,137274.0,157396.0,4100.0,4110.0,4016.1,4092.6,23830800,4501.8,3683.4,4440.0,3288.1,4031.7,47,4,4031.6,45,2,4031.5,55,3,4031.4,7,2,4031.3,62,4,4032.0,162,5,4032.5,10,1,4032.7,36,2,4032.8,31,3,4032.9,106,4
11483,2026-07-02 11:28:17+05:30,4031.7,2,4045.89,861191,137339.0,157411.0,4100.0,4110.0,4016.1,4092.6,23830800,4501.8,3683.4,4440.0,3288.1,4031.7,77,3,4031.6,42,1,4031.5,13,2,4031.4,49,3,4031.3,3,1,4032.0,158,5,4032.5,10,1,4032.7,36,2,4032.8,31,3,4032.9,106,4
11483,2026-07-02 11:28:18+05:30,4031.7,1,4045.89,861191,137339.0,157411.0,4100.0,4110.0,4016.1,4092.6,23830800,4501.8,3683.4,4440.0,3288.1,4031.7,77,3,4031.6,42,1,4031.5,13,2,4031.4,49,3,4031.3,3,1,4032.0,158,5,4032.5,10,1,4032.7,36,2,4032.8,31,3,4032.9,106,4
11483,2026-07-02 11:28:18+05:30,4031.7,1,4045.89,861192,137245.0,157465.0,4100.0,4110.0,4016.1,4092.6,23830800,4501.8,3683.4,4440.0,3288.1,4031.7,59,2,4031.6,42,1,4031.5,10,1,4031.4,42,1,4031.3,3,1,4032.0,158,5,4032.5,10,1,4032.7,36,2,4032.8,31,3,4032.9,106,4
11483,2026-07-02 11:28:19+05:30,4031.7,1,4045.89,861192,137267.0,157455.0,4100.0,4110.0,4016.1,4092.6,23830800,4501.8,3683.4,4440.0,3288.1,4031.7,59,2,4031.6,42,1,4031.5,10,1,4031.4,42,1,4031.3,3,1,4032.0,158,5,4032.5,10,1,4032.7,36,2,4032.8,31,3,4032.9,106,4
11483,2026-07-02 11:28:22+05:30,4031.7,12,4045.89,861204,137312.0,157632.0,4100.0,4110.0,4016.1,4092.6,23830800,4501.8,3683.4,4440.0,3288.1,4031.8,1,1,4031.7,47,2,4031.6,42,1,4031.4,42,1,4031.3,3,1,4031.9,1,1,4032.0,159,6,4032.5,10,1,4032.7,36,2,4032.8,31,3
11483,2026-07-02 11:28:22+05:30,4031.8,2,4045.89,861204,137312.0,157632.0,4100.0,4110.0,4016.1,4092.6,23830800,4501.8,3683.4,4440.0,3288.1,4031.8,1,1,4031.7,47,2,4031.6,42,1,4031.4,42,1,4031.3,3,1,4031.9,1,1,4032.0,159,6,4032.5,10,1,4032.7,36,2,4032.8,31,3
11483,2026-07-02 11:28:25+05:30,4031.9,1,4045.89,861204,137312.0,157632.0,4100.0,4110.0,4016.1,4092.6,23830800,4501.8,3683.4,4440.0,3288.1,4031.8,1,1,4031.7,47,2,4031.6,42,1,4031.4,42,1,4031.3,3,1,4031.9,1,1,4032.0,159,6,4032.5,10,1,4032.7,36,2,4032.8,31,3
11483,2026-07-02 11:28:27+05:30,4032.0,11,4045.89,861321,136998.0,157447.0,4100.0,4110.0,4016.1,4092.6,23830800,4501.8,3683.4,4440.0,3288.1,4031.9,1,1,4031.2,11,2,4031.0,86,4,4030.8,11,1,4030.7,6,2,4032.0,77,6,4032.5,14,2,4032.7,56,3,4032.8,45,5,4032.9,135,6
11483,2026-07-02 11:28:28+05:30,4032.0,1,4045.89,861321,136998.0,157447.0,4100.0,4110.0,4016.1,4092.6,23830800,4501.8,3683.4,4440.0,3288.1,4031.9,1,1,4031.2,11,2,4031.0,86,4,4030.8,11,1,4030.7,6,2,4032.0,77,6,4032.5,14,2,4032.7,56,3,4032.8,45,5,4032.9,135,6
11483,2026-07-02 11:28:31+05:30,4032.0,3,4045.89,861321,136998.0,157447.0,4100.0,4110.0,4016.1,4092.6,23830800,4501.8,3683.4,4440.0,3288.1,4031.9,1,1,4031.2,11,2,4031.0,86,4,4030.8,11,1,4030.7,6,2,4032.0,77,6,4032.5,14,2,4032.7,56,3,4032.8,45,5,4032.9,135,6
11483,2026-07-02 11:28:31+05:30,4032.0,3,4045.89,861551,137224.0,156881.0,4100.0,4110.0,4016.1,4092.6,23830800,4501.8,3683.4,4440.0,3288.1,4032.0,93,3,4031.7,2,1,4031.6,45,1,4031.2,11,2,4031.0,104,4,4032.2,17,4,4032.4,39,2,4032.5,45,4,4032.6,53,4,4032.7,68,5
11483,2026-07-02 11:28:34+05:30,4031.2,18,4045.89,861551,137224.0,156881.0,4100.0,4110.0,4016.1,4092.6,23830800,4501.8,3683.4,4440.0,3288.1,4032.0,93,3,4031.7,2,1,4031.6,45,1,4031.2,11,2,4031.0,104,4,4032.2,17,4,4032.4,39,2,4032.5,45,4,4032.6,53,4,4032.7,68,5
11483,2026-07-02 11:28:36+05:30,4031.0,175,4045.87,862269,135312.0,158363.0,4100.0,4110.0,4016.1,4092.6,23830800,4501.8,3683.4,4440.0,3288.1,4031.0,70,1,4030.7,5,1,4030.6,120,3,4030.5,32,2,4030.2,11,2,4031.2,99,3,4031.4,10,2,4031.5,13,1,4031.7,23,2,4031.8,50,2
11483,2026-07-02 11:28:37+05:30,4031.0,175,4045.87,862269,135312.0,158363.0,4100.0,4110.0,4016.1,4092.6,23830800,4501.8,3683.4,4440.0,3288.1,4031.0,70,1,4030.7,5,1,4030.6,120,3,4030.5,32,2,4030.2,11,2,4031.2,99,3,4031.4,10,2,4031.5,13,1,4031.7,23,2,4031.8,50,2
11483,2026-07-02 11:28:37+05:30,4031.0,87,4045.87,862269,135312.0,158363.0,4100.0,4110.0,4016.1,4092.6,23830800,4501.8,3683.4,4440.0,3288.1,4031.0,70,1,4030.7,5,1,4030.6,120,3,4030.5,32,2,4030.2,11,2,4031.2,99,3,4031.4,10,2,4031.5,13,1,4031.7,23,2,4031.8,50,2
11483,2026-07-02 11:28:37+05:30,4031.0,87,4045.87,862269,135312.0,158363.0,4100.0,4110.0,4016.1,4092.6,23830800,4501.8,3683.4,4440.0,3288.1,4031.0,70,1,4030.7,5,1,4030.6,120,3,4030.5,32,2,4030.2,11,2,4031.2,99,3,4031.4,10,2,4031.5,13,1,4031.7,23,2,4031.8,50,2
11483,2026-07-02 11:28:38+05:30,4031.0,87,4045.87,862269,135312.0,158363.0,4100.0,4110.0,4016.1,4092.6,23830800,4501.8,3683.4,4440.0,3288.1,4031.0,70,1,4030.7,5,1,4030.6,120,3,4030.5,32,2,4030.2,11,2,4031.2,99,3,4031.4,10,2,4031.5,13,1,4031.7,23,2,4031.8,50,2
11483,2026-07-02 11:28:39+05:30,4031.0,87,4045.87,862269,135312.0,158363.0,4100.0,4110.0,4016.1,4092.6,23830800,4501.8,3683.4,4440.0,3288.1,4031.0,70,1,4030.7,5,1,4030.6,120,3,4030.5,32,2,4030.2,11,2,4031.2,99,3,4031.4,10,2,4031.5,13,1,4031.7,23,2,4031.8,50,2
11483,2026-07-02 11:28:40+05:30,4031.0,87,4045.87,862269,135312.0,158363.0,4100.0,4110.0,4016.1,4092.6,23830800,4501.8,3683.4,4440.0,3288.1,4031.0,70,1,4030.7,5,1,4030.6,120,3,4030.5,32,2,4030.2,11,2,4031.2,99,3,4031.4,10,2,4031.5,13,1,4031.7,23,2,4031.8,50,2
11483,2026-07-02 11:28:40+05:30,4030.0,12,4045.87,862269,135312.0,158363.0,4100.0,4110.0,4016.1,4092.6,23830800,4501.8,3683.4,4440.0,3288.1,4031.0,70,1,4030.7,5,1,4030.6,120,3,4030.5,32,2,4030.2,11,2,4031.2,99,3,4031.4,10,2,4031.5,13,1,4031.7,23,2,4031.8,50,2
11483,2026-07-02 11:28:40+05:30,4030.0,12,4045.87,862269,135312.0,158363.0,4100.0,4110.0,4016.1,4092.6,23830800,4501.8,3683.4,4440.0,3288.1,4031.0,70,1,4030.7,5,1,4030.6,120,3,4030.5,32,2,4030.2,11,2,4031.2,99,3,4031.4,10,2,4031.5,13,1,4031.7,23,2,4031.8,50,2
11483,2026-07-02 11:28:41+05:30,4030.0,12,4045.87,862269,135312.0,158363.0,4100.0,4110.0,4016.1,4092.6,23853200,4501.8,3683.4,4440.0,3288.1,4031.0,70,1,4030.7,5,1,4030.6,120,3,4030.5,32,2,4030.2,11,2,4031.2,99,3,4031.4,10,2,4031.5,13,1,4031.7,23,2,4031.8,50,2
11483,2026-07-02 11:28:41+05:30,4030.0,5,4045.84,864435,133097.0,157772.0,4100.0,4110.0,4016.1,4092.6,23853200,4501.8,3683.4,4440.0,3288.1,4030.0,221,15,4029.8,21,1,4029.6,86,5,4029.5,1,1,4029.3,31,2,4031.1,1,1,4031.2,39,2,4031.6,75,2,4031.7,33,3,4031.8,48,2
11483,2026-07-02 11:28:41+05:30,4030.0,5,4045.84,864435,133097.0,157772.0,4100.0,4110.0,4016.1,4092.6,23853200,4501.8,3683.4,4440.0,3288.1,4030.0,221,15,4029.8,21,1,4029.6,86,5,4029.5,1,1,4029.3,31,2,4031.1,1,1,4031.2,39,2,4031.6,75,2,4031.7,33,3,4031.8,48,2
11483,2026-07-02 11:28:42+05:30,4030.0,5,4045.84,864435,133097.0,157772.0,4100.0,4110.0,4016.1,4092.6,23853200,4501.8,3683.4,4440.0,3288.1,4030.0,221,15,4029.8,21,1,4029.6,86,5,4029.5,1,1,4029.3,31,2,4031.1,1,1,4031.2,39,2,4031.6,75,2,4031.7,33,3,4031.8,48,2
11483,2026-07-02 11:28:43+05:30,4030.0,3,4045.84,864435,133097.0,157772.0,4100.0,4110.0,4016.1,4092.6,23853200,4501.8,3683.4,4440.0,3288.1,4030.0,221,15,4029.8,21,1,4029.6,86,5,4029.5,1,1,4029.3,31,2,4031.1,1,1,4031.2,39,2,4031.6,75,2,4031.7,33,3,4031.8,48,2
11483,2026-07-02 11:28:45+05:30,4030.0,1,4045.84,864435,133097.0,157772.0,4100.0,4110.0,4016.1,4092.6,23853200,4501.8,3683.4,4440.0,3288.1,4030.0,221,15,4029.8,21,1,4029.6,86,5,4029.5,1,1,4029.3,31,2,4031.1,1,1,4031.2,39,2,4031.6,75,2,4031.7,33,3,4031.8,48,2
11483,2026-07-02 11:28:45+05:30,4029.6,1,4045.83,864685,133089.0,157314.0,4100.0,4110.0,4016.1,4092.6,23853200,4501.8,3683.4,4440.0,3288.1,4029.6,60,6,4029.5,14,2,4029.4,27,4,4029.3,26,4,4029.2,34,4,4030.0,13,2,4031.1,16,3,4031.2,38,1,4031.4,33,2,4031.5,12,1
11483,2026-07-02 11:28:47+05:30,4030.0,4,4045.83,864685,133089.0,157314.0,4100.0,4110.0,4016.1,4092.6,23853200,4501.8,3683.4,4440.0,3288.1,4029.6,60,6,4029.5,14,2,4029.4,27,4,4029.3,26,4,4029.2,34,4,4030.0,13,2,4031.1,16,3,4031.2,38,1,4031.4,33,2,4031.5,12,1
11483,2026-07-02 11:28:50+05:30,4030.0,20,4045.82,864994,133759.0,158025.0,4100.0,4110.0,4016.1,4092.6,23853200,4501.8,3683.4,4440.0,3288.1,4030.0,180,1,4029.2,28,2,4029.0,311,12,4028.9,12,1,4028.8,24,3,4030.5,11,1,4030.6,6,2,4030.7,8,3,4030.8,12,2,4030.9,42,2
11483,2026-07-02 11:28:50+05:30,4030.0,37,4045.82,864994,133759.0,158025.0,4100.0,4110.0,4016.1,4092.6,23853200,4501.8,3683.4,4440.0,3288.1,4030.0,180,1,4029.2,28,2,4029.0,311,12,4028.9,12,1,4028.8,24,3,4030.5,11,1,4030.6,6,2,4030.7,8,3,4030.8,12,2,4030.9,42,2
11483,2026-07-02 11:28:53+05:30,4030.0,1,4045.82,864994,133759.0,158025.0,4100.0,4110.0,4016.1,4092.6,23853200,4501.8,3683.4,4440.0,3288.1,4030.0,180,1,4029.2,28,2,4029.0,311,12,4028.9,12,1,4028.8,24,3,4030.5,11,1,4030.6,6,2,4030.7,8,3,4030.8,12,2,4030.9,42,2
11483,2026-07-02 11:28:55+05:30,4030.1,10,4045.82,864994,133759.0,158025.0,4100.0,4110.0,4016.1,4092.6,23853200,4501.8,3683.4,4440.0,3288.1,4030.0,180,1,4029.2,28,2,4029.0,311,12,4028.9,12,1,4028.8,24,3,4030.5,11,1,4030.6,6,2,4030.7,8,3,4030.8,12,2,4030.9,42,2
11483,2026-07-02 11:28:55+05:30,4030.1,10,4045.82,865083,133939.0,158214.0,4100.0,4110.0,4016.1,4092.6,23853200,4501.8,3683.4,4440.0,3288.1,4030.0,105,1,4029.6,1,1,4029.2,16,1,4029.1,2,1,4029.0,296,11,4030.2,43,2,4030.3,42,1,4030.4,52,3,4030.5,6,1,4030.6,42,1
11483,2026-07-02 11:28:57+05:30,4030.0,1,4045.82,865083,133939.0,158214.0,4100.0,4110.0,4016.1,4092.6,23853200,4501.8,3683.4,4440.0,3288.1,4030.0,105,1,4029.6,1,1,4029.2,16,1,4029.1,2,1,4029.0,296,11,4030.2,43,2,4030.3,42,1,4030.4,52,3,4030.5,6,1,4030.6,42,1
11483,2026-07-02 11:29:00+05:30,4030.0,1,4045.82,865141,133955.0,158260.0,4100.0,4110.0,4016.1,4092.6,23853200,4501.8,3683.4,4440.0,3288.1,4030.0,82,3,4029.6,1,1,4029.1,2,1,4029.0,292,10,4028.9,29,2,4030.1,60,1,4030.2,42,2,4030.3,42,1,4030.4,42,1,4030.6,42,1
11483,2026-07-02 11:29:00+05:30,4030.0,7,4045.82,865141,133955.0,158260.0,4100.0,4110.0,4016.1,4092.6,23853200,4501.8,3683.4,4440.0,3288.1,4030.0,82,3,4029.6,1,1,4029.1,2,1,4029.0,292,10,4028.9,29,2,4030.1,60,1,4030.2,42,2,4030.3,42,1,4030.4,42,1,4030.6,42,1
11483,2026-07-02 11:29:03+05:30,4030.2,1,4045.82,865141,133955.0,158260.0,4100.0,4110.0,4016.1,4092.6,23853200,4501.8,3683.4,4440.0,3288.1,4030.0,82,3,4029.6,1,1,4029.1,2,1,4029.0,292,10,4028.9,29,2,4030.1,60,1,4030.2,42,2,4030.3,42,1,4030.4,42,1,4030.6,42,1
11483,2026-07-02 11:29:05+05:30,4031.1,10,4045.82,865542,135960.0,156905.0,4100.0,4110.0,4016.1,4092.6,23853200,4501.8,3683.4,4440.0,3288.1,4031.0,42,1,4030.9,42,1,4030.8,58,2,4030.6,42,1,4030.2,30,3,4031.8,27,1,4032.0,5,1,4032.1,5,1,4032.5,15,1,4032.6,78,4
11483,2026-07-02 11:29:06+05:30,4031.0,6,4045.82,865542,135960.0,156905.0,4100.0,4110.0,4016.1,4092.6,23853200,4501.8,3683.4,4440.0,3288.1,4031.0,42,1,4030.9,42,1,4030.8,58,2,4030.6,42,1,4030.2,30,3,4031.8,27,1,4032.0,5,1,4032.1,5,1,4032.5,15,1,4032.6,78,4
11483,2026-07-02 11:29:09+05:30,4031.6,5,4045.82,865542,135960.0,156905.0,4100.0,4110.0,4016.1,4092.6,23853200,4501.8,3683.4,4440.0,3288.1,4031.0,42,1,4030.9,42,1,4030.8,58,2,4030.6,42,1,4030.2,30,3,4031.8,27,1,4032.0,5,1,4032.1,5,1,4032.5,15,1,4032.6,78,4
11483,2026-07-02 11:29:10+05:30,4031.6,1,4045.81,865736,136180.0,157045.0,4100.0,4110.0,4016.1,4092.6,23853200,4501.8,3683.4,4440.0,3288.1,4031.6,36,1,4031.5,120,3,4031.2,42,1,4031.0,1,1,4030.8,14,1,4031.7,127,1,4031.8,11,2,4032.5,15,1,4032.7,36,2,4032.8,3,1
11483,2026-07-02 11:29:12+05:30,4031.6,3,4045.81,865736,136180.0,157045.0,4100.0,4110.0,4016.1,4092.6,23853200,4501.8,3683.4,4440.0,3288.1,4031.6,36,1,4031.5,120,3,4031.2,42,1,4031.0,1,1,4030.8,14,1,4031.7,127,1,4031.8,11,2,4032.5,15,1,4032.7,36,2,4032.8,3,1
11483,2026-07-02 11:29:15+05:30,4031.8,1,4045.81,865923,136562.0,156516.0,4100.0,4110.0,4016.1,4092.6,23853200,4501.8,3683.4,4440.0,3288.1,4032.0,81,1,4031.6,18,1,4031.5,1,1,4031.2,20,1,4031.1,16,1,4032.5,15,1,4032.7,16,1,4033.0,24,1,4033.3,3,1,4033.4,47,3
11483,2026-07-02 11:29:15+05:30,4032.0,22,4045.81,865923,136562.0,156516.0,4100.0,4110.0,4016.1,4092.6,23853200,4501.8,3683.4,4440.0,3288.1,4032.0,81,1,4031.6,18,1,4031.5,1,1,4031.2,20,1,4031.1,16,1,4032.5,15,1,4032.7,16,1,4033.0,24,1,4033.3,3,1,4033.4,47,3
11483,2026-07-02 11:29:18+05:30,4032.0,130,4045.81,865923,136562.0,156516.0,4100.0,4110.0,4016.1,4092.6,23853200,4501.8,3683.4,4440.0,3288.1,4032.0,81,1,4031.6,18,1,4031.5,1,1,4031.2,20,1,4031.1,16,1,4032.5,15,1,4032.7,16,1,4033.0,24,1,4033.3,3,1,4033.4,47,3
11483,2026-07-02 11:29:20+05:30,4032.5,10,4045.81,866110,136945.0,156203.0,4100.0,4110.0,4016.1,4092.6,23853200,4501.8,3683.4,4440.0,3288.1,4032.0,90,1,4031.7,53,3,4031.6,49,3,4031.5,15,1,4031.4,45,3,4032.7,16,1,4033.4,19,1,4033.5,46,3,4033.7,46,2,4033.8,36,3
11483,2026-07-02 11:29:20+05:30,4032.0,23,4045.81,866110,136945.0,156203.0,4100.0,4110.0,4016.1,4092.6,23853200,4501.8,3683.4,4440.0,3288.1,4032.0,90,1,4031.7,53,3,4031.6,49,3,4031.5,15,1,4031.4,45,3,4032.7,16,1,4033.4,19,1,4033.5,46,3,4033.7,46,2,4033.8,36,3
11483,2026-07-02 11:29:21+05:30,4032.0,1,4045.8,866236,136972.0,156283.0,4100.0,4110.0,4016.1,4092.6,23853200,4501.8,3683.4,4440.0,3288.1,4032.0,64,1,4031.7,45,2,4031.6,45,3,4031.5,15,1,4031.3,38,2,4032.6,1,1,4033.2,45,2,4033.3,24,2,4033.4,30,2,4033.5,72,2
11483,2026-07-02 11:29:21+05:30,4032.6,3,4045.8,866236,136972.0,156283.0,4100.0,4110.0,4016.1,4092.6,23853200,4501.8,3683.4,4440.0,3288.1,4032.0,64,1,4031.7,45,2,4031.6,45,3,4031.5,15,1,4031.3,38,2,4032.6,1,1,4033.2,45,2,4033.3,24,2,4033.4,30,2,4033.5,72,2
11483,2026-07-02 11:29:22+05:30,4032.6,1,4045.8,866260,137093.0,156220.0,4100.0,4110.0,4016.1,4092.6,23853200,4501.8,3683.4,4440.0,3288.1,4032.3,1,1,4032.0,49,1,4031.7,45,2,4031.6,45,3,4031.5,43,3,4032.6,1,1,4033.2,45,2,4033.3,14,1,4033.4,18,1,4033.5,27,2
11483,2026-07-02 11:29:22+05:30,4032.3,2,4045.8,866260,137093.0,156220.0,4100.0,4110.0,4016.1,4092.6,23853200,4501.8,3683.4,4440.0,3288.1,4032.3,1,1,4032.0,49,1,4031.7,45,2,4031.6,45,3,4031.5,43,3,4032.6,1,1,4033.2,45,2,4033.3,14,1,4033.4,18,1,4033.5,27,2
11483,2026-07-02 11:29:23+05:30,4032.3,2,4045.8,866262,137076.0,155276.0,4100.0,4110.0,4016.1,4092.6,23853200,4501.8,3683.4,4440.0,3288.1,4032.0,49,1,4031.7,59,3,4031.6,45,3,4031.5,60,4,4031.3,38,2,4032.3,2,2,4032.6,1,1,4033.2,45,2,4033.3,14,1,4033.4,18,1
11483,2026-07-02 11:29:24+05:30,4032.3,1,4045.8,866264,137084.0,156154.0,4100.0,4110.0,4016.1,4092.6,23853200,4501.8,3683.4,4440.0,3288.1,4032.0,49,1,4031.8,25,1,4031.7,54,3,4031.6,45,3,4031.5,60,4,4032.3,2,2,4032.6,1,1,4033.2,45,2,4033.3,14,1,4033.4,18,1
11483,2026-07-02 11:29:24+05:30,4032.3,1,4045.8,866264,137084.0,156154.0,4100.0,4110.0,4016.1,4092.6,23853200,4501.8,3683.4,4440.0,3288.1,4032.0,49,1,4031.8,25,1,4031.7,54,3,4031.6,45,3,4031.5,60,4,4032.3,2,2,4032.6,1,1,4033.2,45,2,4033.3,14,1,4033.4,18,1
11483,2026-07-02 11:29:25+05:30,4033.2,8,4045.8,866276,137460.0,155582.0,4100.0,4110.0,4016.1,4092.6,23853200,4501.8,3683.4,4440.0,3288.1,4032.1,16,1,4032.0,115,6,4031.9,6,1,4031.8,33,2,4031.7,53,3,4033.5,14,1,4033.6,35,2,4033.7,28,2,4033.8,33,2,4033.9,25,3
11483,2026-07-02 11:29:25+05:30,4033.5,2,4045.8,866276,137460.0,155582.0,4100.0,4110.0,4016.1,4092.6,23853200,4501.8,3683.4,4440.0,3288.1,4032.1,16,1,4032.0,115,6,4031.9,6,1,4031.8,33,2,4031.7,53,3,4033.5,14,1,4033.6,35,2,4033.7,28,2,4033.8,33,2,4033.9,25,3
11483,2026-07-02 11:29:26+05:30,4033.4,8,4045.8,866288,137443.0,156011.0,4100.0,4110.0,4016.1,4092.6,23853200,4501.8,3683.4,4440.0,3288.1,4032.0,99,3,4031.8,25,1,4031.7,9,1,4031.6,27,2,4031.5,17,1,4033.4,6,1,4033.5,38,4,4033.6,54,2,4033.7,31,3,4033.8,33,2
11483,2026-07-02 11:29:26+05:30,4032.0,1,4045.8,866288,137443.0,156011.0,4100.0,4110.0,4016.1,4092.6,23853200,4501.8,3683.4,4440.0,3288.1,4032.0,99,3,4031.8,25,1,4031.7,9,1,4031.6,27,2,4031.5,17,1,4033.4,6,1,4033.5,38,4,4033.6,54,2,4033.7,31,3,4033.8,33,2
11483,2026-07-02 11:29:27+05:30,4032.0,1,4045.8,866289,137478.0,156572.0,4100.0,4110.0,4016.1,4092.6,23853200,4501.8,3683.4,4440.0,3288.1,4032.0,98,3,4031.8,25,1,4031.6,10,1,4031.3,20,1,4031.2,30,1,4032.9,14,2,4033.0,66,2,4033.2,34,3,4033.3,44,4,4033.4,7,2
11483,2026-07-02 11:29:28+05:30,4032.7,1,4045.8,866465,136730.0,156247.0,4100.0,4110.0,4016.1,4092.6,23853200,4501.8,3683.4,4440.0,3288.1,4032.0,13,1,4031.8,25,1,4031.6,10,1,4031.1,100,1,4031.0,72,4,4032.7,70,3,4032.8,14,2,4032.9,33,5,4033.0,8,2,4033.1,9,2
11483,2026-07-02 11:29:28+05:30,4032.0,21,4045.8,866465,136730.0,156247.0,4100.0,4110.0,4016.1,4092.6,23853200,4501.8,3683.4,4440.0,3288.1,4032.0,13,1,4031.8,25,1,4031.6,10,1,4031.1,100,1,4031.0,72,4,4032.7,70,3,4032.8,14,2,4032.9,33,5,4033.0,8,2,4033.1,9,2
11483,2026-07-02 11:29:29+05:30,4032.0,5,4045.8,866498,137107.0,156164.0,4100.0,4110.0,4016.1,4092.6,23853200,4501.8,3683.4,4440.0,3288.1,4032.3,5,1,4032.0,85,1,4031.8,25,1,4031.6,10,1,4031.1,100,1,4032.7,70,3,4032.8,14,2,4032.9,14,2,4033.0,8,2,4033.1,12,3
11483,2026-07-02 11:29:29+05:30,4032.3,1,4045.8,866498,137107.0,156164.0,4100.0,4110.0,4016.1,4092.6,23853200,4501.8,3683.4,4440.0,3288.1,4032.3,5,1,4032.0,85,1,4031.8,25,1,4031.6,10,1,4031.1,100,1,4032.7,70,3,4032.8,14,2,4032.9,14,2,4033.0,8,2,4033.1,12,3
11483,2026-07-02 11:29:30+05:30,4032.3,1,4045.8,866503,137066.0,156311.0,4100.0,4110.0,4016.1,4092.6,23853200,4501.8,3683.4,4440.0,3288.1,4032.0,85,1,4031.8,25,1,4031.6,10,1,4031.1,100,1,4031.0,92,5,4032.3,56,2,4032.6,1,1,4032.7,12,3,4032.8,29,4,4032.9,14,2
11483,2026-07-02 11:29:30+05:30,4032.0,1,4045.8,866503,137066.0,156311.0,4100.0,4110.0,4016.1,4092.6,23853200,4501.8,3683.4,4440.0,3288.1,4032.0,85,1,4031.8,25,1,4031.6,10,1,4031.1,100,1,4031.0,92,5,4032.3,56,2,4032.6,1,1,4032.7,12,3,4032.8,29,4,4032.9,14,2
11483,2026-07-02 11:29:31+05:30,4031.8,175,4045.79,867103,136583.0,156725.0,4100.0,4110.0,4016.1,4092.6,23853200,4501.8,3683.4,4440.0,3288.1,4031.8,25,1,4031.6,10,1,4031.1,100,1,4031.0,42,3,4030.4,75,2,4032.0,32,3,4032.1,27,3,4032.2,73,4,4032.3,22,4,4032.4,19,2
11483,2026-07-02 11:29:31+05:30,4032.0,1,4045.79,867103,136583.0,156725.0,4100.0,4110.0,4016.1,4092.6,23853200,4501.8,3683.4,4440.0,3288.1,4031.8,25,1,4031.6,10,1,4031.1,100,1,4031.0,42,3,4030.4,75,2,4032.0,32,3,4032.1,27,3,4032.2,73,4,4032.3,22,4,4032.4,19,2
11483,2026-07-02 11:29:32+05:30,4032.0,1,4045.79,867176,136815.0,156549.0,4100.0,4110.0,4016.1,4092.6,23853200,4501.8,3683.4,4440.0,3288.1,4031.9,1,1,4031.8,3,1,4031.6,10,1,4031.1,100,1,4031.0,42,3,4032.0,15,2,4032.1,11,1,4032.2,53,2,4032.3,1,1,4032.5,12,1
11483,2026-07-02 11:29:32+05:30,4031.8,1,4045.79,867176,136815.0,156549.0,4100.0,4110.0,4016.1,4092.6,23853200,4501.8,3683.4,4440.0,3288.1,4031.9,1,1,4031.8,3,1,4031.6,10,1,4031.1,100,1,4031.0,42,3,4032.0,15,2,4032.1,11,1,4032.2,53,2,4032.3,1,1,4032.5,12,1
11483,2026-07-02 11:29:33+05:30,4031.9,5,4045.79,867185,136810.0,156579.0,4100.0,4110.0,4016.1,4092.6,23853200,4501.8,3683.4,4440.0,3288.1,4031.8,2,1,4031.6,10,1,4031.1,100,1,4031.0,42,3,4030.5,15,1,4031.9,1,1,4032.0,22,3,4032.1,11,1,4032.2,53,2,4032.5,12,1
11483,2026-07-02 11:29:33+05:30,4031.8,1,4045.79,867185,136810.0,156579.0,4100.0,4110.0,4016.1,4092.6,23853200,4501.8,3683.4,4440.0,3288.1,4031.8,2,1,4031.6,10,1,4031.1,100,1,4031.0,42,3,4030.5,15,1,4031.9,1,1,4032.0,22,3,4032.1,11,1,4032.2,53,2,4032.5,12,1
11483,2026-07-02 11:29:34+05:30,4031.9,3,4045.79,867191,136812.0,156618.0,4100.0,4110.0,4016.1,4092.6,23853200,4501.8,3683.4,4440.0,3288.1,4031.9,2,1,4031.8,1,1,4031.6,10,1,4031.1,100,1,4031.0,42,3,4032.0,14,1,4032.1,11,1,4032.2,53,2,4032.6,4,2,4032.7,14,3
11483,2026-07-02 11:29:34+05:30,4031.9,1,4045.79,867191,136812.0,156618.0,4100.0,4110.0,4016.1,4092.6,23853200,4501.8,3683.4,4440.0,3288.1,4031.9,2,1,4031.8,1,1,4031.6,10,1,4031.1,100,1,4031.0,42,3,4032.0,14,1,4032.1,11,1,4032.2,53,2,4032.6,4,2,4032.7,14,3
11483,2026-07-02 11:29:35+05:30,4031.9,1,4045.79,867192,136799.0,156629.0,4100.0,4110.0,4016.1,4092.6,23853200,4501.8,3683.4,4440.0,3288.1,4031.9,1,1,4031.8,1,1,4031.6,10,1,4031.1,100,1,4031.0,42,3,4032.0,19,2,4032.1,11,1,4032.2,53,2,4032.6,4,2,4032.7,14,3
11483,2026-07-02 11:29:36+05:30,4032.0,1,4045.79,867192,136799.0,156629.0,4100.0,4110.0,4016.1,4092.6,23853200,4501.8,3683.4,4440.0,3288.1,4031.9,1,1,4031.8,1,1,4031.6,10,1,4031.1,100,1,4031.0,42,3,4032.0,19,2,4032.1,11,1,4032.2,53,2,4032.6,4,2,4032.7,14,3
11483,2026-07-02 11:29:36+05:30,4032.0,1,4045.79,867222,136958.0,156520.0,4100.0,4110.0,4016.1,4092.6,23853200,4501.8,3683.4,4440.0,3288.1,4032.0,55,1,4031.9,1,1,4031.8,1,1,4031.6,10,1,4031.1,100,1,4032.1,11,1,4032.2,52,1,4032.6,9,2,4032.7,14,3,4032.8,36,4
11483,2026-07-02 11:29:37+05:30,4032.2,40,4045.79,867222,136958.0,156520.0,4100.0,4110.0,4016.1,4092.6,23853200,4501.8,3683.4,4440.0,3288.1,4032.0,55,1,4031.9,1,1,4031.8,1,1,4031.6,10,1,4031.1,100,1,4032.1,11,1,4032.2,52,1,4032.6,9,2,4032.7,14,3,4032.8,36,4
11483,2026-07-02 11:29:37+05:30,4032.2,40,4045.79,867222,136958.0,156520.0,4100.0,4110.0,4016.1,4092.6,23853200,4501.8,3683.4,4440.0,3288.1,4032.0,55,1,4031.9,1,1,4031.8,1,1,4031.6,10,1,4031.1,100,1,4032.1,11,1,4032.2,52,1,4032.6,9,2,4032.7,14,3,4032.8,36,4
11483,2026-07-02 11:29:37+05:30,4032.2,40,4045.79,867278,137129.0,156539.0,4100.0,4110.0,4016.1,4092.6,23853200,4501.8,3683.4,4440.0,3288.1,4032.0,91,3,4031.8,1,1,4031.6,10,1,4031.1,100,1,4031.0,42,3,4032.2,23,2,4032.6,9,2,4032.7,14,3,4032.8,36,4,4032.9,29,5
11483,2026-07-02 11:29:38+05:30,4032.2,40,4045.79,867278,137129.0,156539.0,4100.0,4110.0,4016.1,4092.6,23853200,4501.8,3683.4,4440.0,3288.1,4032.0,91,3,4031.8,1,1,4031.6,10,1,4031.1,100,1,4031.0,42,3,4032.2,23,2,4032.6,9,2,4032.7,14,3,4032.8,36,4,4032.9,29,5
11483,2026-07-02 11:29:38+05:30,4032.0,7,4045.79,867278,137129.0,156539.0,4100.0,4110.0,4016.1,4092.6,23853200,4501.8,3683.4,4440.0,3288.1,4032.0,91,3,4031.8,1,1,4031.6,10,1,4031.1,100,1,4031.0,42,3,4032.2,23,2,4032.6,9,2,4032.7,14,3,4032.8,36,4,4032.9,29,5
11483,2026-07-02 11:29:38+05:30,4032.0,7,4045.79,867285,137128.0,156511.0,4100.0,4110.0,4016.1,4092.6,23853200,4501.8,3683.4,4440.0,3288.1,4032.0,86,4,4031.8,1,1,4031.6,10,1,4031.1,100,1,4031.0,42,3,4032.2,24,3,4032.6,1,1,4032.7,14,3,4032.8,36,4,4032.9,29,5
11483,2026-07-02 11:29:38+05:30,4032.0,7,4045.79,867285,137128.0,156511.0,4100.0,4110.0,4016.1,4092.6,23853200,4501.8,3683.4,4440.0,3288.1,4032.0,86,4,4031.8,1,1,4031.6,10,1,4031.1,100,1,4031.0,42,3,4032.2,24,3,4032.6,1,1,4032.7,14,3,4032.8,36,4,4032.9,29,5
11483,2026-07-02 11:29:39+05:30,4032.0,7,4045.79,867285,137128.0,156511.0,4100.0,4110.0,4016.1,4092.6,23853200,4501.8,3683.4,4440.0,3288.1,4032.0,86,4,4031.8,1,1,4031.6,10,1,4031.1,100,1,4031.0,42,3,4032.2,24,3,4032.6,1,1,4032.7,14,3,4032.8,36,4,4032.9,29,5
11483,2026-07-02 11:29:39+05:30,4032.2,2,4045.79,867285,137128.0,156511.0,4100.0,4110.0,4016.1,4092.6,23853200,4501.8,3683.4,4440.0,3288.1,4032.0,86,4,4031.8,1,1,4031.6,10,1,4031.1,100,1,4031.0,42,3,4032.2,24,3,4032.6,1,1,4032.7,14,3,4032.8,36,4,4032.9,29,5
11483,2026-07-02 11:29:39+05:30,4032.2,2,4045.79,867287,137195.0,156548.0,4100.0,4110.0,4016.1,4092.6,23853200,4501.8,3683.4,4440.0,3288.1,4032.0,86,4,4031.8,1,1,4031.6,10,1,4031.4,12,1,4031.2,14,1,4032.2,22,3,4032.7,11,2,4032.8,12,2,4032.9,16,3,4033.0,17,2
11483,2026-07-02 11:29:39+05:30,4032.2,2,4045.79,867287,137195.0,156548.0,4100.0,4110.0,4016.1,4092.6,23853200,4501.8,3683.4,4440.0,3288.1,4032.0,86,4,4031.8,1,1,4031.6,10,1,4031.4,12,1,4031.2,14,1,4032.2,22,3,4032.7,11,2,4032.8,12,2,4032.9,16,3,4033.0,17,2
11483,2026-07-02 11:29:40+05:30,4032.2,2,4045.79,867287,137195.0,156548.0,4100.0,4110.0,4016.1,4092.6,23853200,4501.8,3683.4,4440.0,3288.1,4032.0,86,4,4031.8,1,1,4031.6,10,1,4031.4,12,1,4031.2,14,1,4032.2,22,3,4032.7,11,2,4032.8,12,2,4032.9,16,3,4033.0,17,2
11483,2026-07-02 11:29:40+05:30,4032.2,1,4045.79,867287,137195.0,156548.0,4100.0,4110.0,4016.1,4092.6,23853200,4501.8,3683.4,4440.0,3288.1,4032.0,86,4,4031.8,1,1,4031.6,10,1,4031.4,12,1,4031.2,14,1,4032.2,22,3,4032.7,11,2,4032.8,12,2,4032.9,16,3,4033.0,17,2
11483,2026-07-02 11:29:40+05:30,4032.2,1,4045.79,867287,137195.0,156548.0,4100.0,4110.0,4016.1,4092.6,23853200,4501.8,3683.4,4440.0,3288.1,4032.0,86,4,4031.8,1,1,4031.6,10,1,4031.4,12,1,4031.2,14,1,4032.2,22,3,4032.7,11,2,4032.8,12,2,4032.9,16,3,4033.0,17,2
11483,2026-07-02 11:29:40+05:30,4032.2,1,4045.79,867315,137180.0,156596.0,4100.0,4110.0,4016.1,4092.6,23853200,4501.8,3683.4,4440.0,3288.1,4032.0,80,4,4031.8,1,1,4031.6,10,1,4031.2,14,1,4031.1,120,2,4032.2,52,2,4032.7,11,2,4032.8,12,2,4032.9,16,3,4033.0,2,1
11483,2026-07-02 11:29:40+05:30,4032.2,1,4045.79,867315,137180.0,156596.0,4100.0,4110.0,4016.1,4092.6,23853200,4501.8,3683.4,4440.0,3288.1,4032.0,80,4,4031.8,1,1,4031.6,10,1,4031.2,14,1,4031.1,120,2,4032.2,52,2,4032.7,11,2,4032.8,12,2,4032.9,16,3,4033.0,2,1
11483,2026-07-02 11:29:41+05:30,4032.2,1,4045.79,867315,137180.0,156596.0,4100.0,4110.0,4016.1,4092.6,23853200,4501.8,3683.4,4440.0,3288.1,4032.0,80,4,4031.8,1,1,4031.6,10,1,4031.2,14,1,4031.1,120,2,4032.2,52,2,4032.7,11,2,4032.8,12,2,4032.9,16,3,4033.0,2,1
11483,2026-07-02 11:29:41+05:30,4032.2,1,4045.79,867315,137180.0,156596.0,4100.0,4110.0,4016.1,4092.6,23860550,4501.8,3683.4,4440.0,3288.1,4032.0,80,4,4031.8,1,1,4031.6,10,1,4031.2,14,1,4031.1,120,2,4032.2,52,2,4032.7,11,2,4032.8,12,2,4032.9,16,3,4033.0,2,1
11483,2026-07-02 11:29:41+05:30,4032.0,3,4045.79,867315,137180.0,156596.0,4100.0,4110.0,4016.1,4092.6,23860550,4501.8,3683.4,4440.0,3288.1,4032.0,80,4,4031.8,1,1,4031.6,10,1,4031.2,14,1,4031.1,120,2,4032.2,52,2,4032.7,11,2,4032.8,12,2,4032.9,16,3,4033.0,2,1
11483,2026-07-02 11:29:41+05:30,4032.0,3,4045.79,867315,137180.0,156596.0,4100.0,4110.0,4016.1,4092.6,23860550,4501.8,3683.4,4440.0,3288.1,4032.0,80,4,4031.8,1,1,4031.6,10,1,4031.2,14,1,4031.1,120,2,4032.2,52,2,4032.7,11,2,4032.8,12,2,4032.9,16,3,4033.0,2,1
11483,2026-07-02 11:29:41+05:30,4032.0,3,4045.79,867318,137177.0,156614.0,4100.0,4110.0,4016.1,4092.6,23860550,4501.8,3683.4,4440.0,3288.1,4032.0,77,4,4031.8,1,1,4031.6,10,1,4031.2,14,1,4031.1,120,2,4032.1,1,1,4032.2,52,2,4032.7,11,2,4032.8,12,2,4032.9,16,3
11483,2026-07-02 11:29:41+05:30,4032.0,3,4045.79,867318,137177.0,156614.0,4100.0,4110.0,4016.1,4092.6,23860550,4501.8,3683.4,4440.0,3288.1,4032.0,77,4,4031.8,1,1,4031.6,10,1,4031.2,14,1,4031.1,120,2,4032.1,1,1,4032.2,52,2,4032.7,11,2,4032.8,12,2,4032.9,16,3
11483,2026-07-02 11:29:42+05:30,4032.0,3,4045.79,867318,137177.0,156614.0,4100.0,4110.0,4016.1,4092.6,23860550,4501.8,3683.4,4440.0,3288.1,4032.0,77,4,4031.8,1,1,4031.6,10,1,4031.2,14,1,4031.1,120,2,4032.1,1,1,4032.2,52,2,4032.7,11,2,4032.8,12,2,4032.9,16,3
11483,2026-07-02 11:29:42+05:30,4032.1,2,4045.79,867318,137177.0,156614.0,4100.0,4110.0,4016.1,4092.6,23860550,4501.8,3683.4,4440.0,3288.1,4032.0,77,4,4031.8,1,1,4031.6,10,1,4031.2,14,1,4031.1,120,2,4032.1,1,1,4032.2,52,2,4032.7,11,2,4032.8,12,2,4032.9,16,3
11483,2026-07-02 11:29:42+05:30,4032.1,2,4045.79,867318,137177.0,156614.0,4100.0,4110.0,4016.1,4092.6,23860550,4501.8,3683.4,4440.0,3288.1,4032.0,77,4,4031.8,1,1,4031.6,10,1,4031.2,14,1,4031.1,120,2,4032.1,1,1,4032.2,52,2,4032.7,11,2,4032.8,12,2,4032.9,16,3
11483,2026-07-02 11:29:42+05:30,4032.1,2,4045.79,867320,137191.0,156567.0,4100.0,4110.0,4016.1,4092.6,23860550,4501.8,3683.4,4440.0,3288.1,4032.0,76,4,4031.8,1,1,4031.6,10,1,4031.2,14,1,4031.1,100,1,4032.1,1,1,4032.2,51,1,4032.7,11,2,4032.8,12,2,4032.9,16,3
11483,2026-07-02 11:29:43+05:30,4032.1,2,4045.79,867320,137191.0,156567.0,4100.0,4110.0,4016.1,4092.6,23860550,4501.8,3683.4,4440.0,3288.1,4032.0,76,4,4031.8,1,1,4031.6,10,1,4031.2,14,1,4031.1,100,1,4032.1,1,1,4032.2,51,1,4032.7,11,2,4032.8,12,2,4032.9,16,3
11483,2026-07-02 11:29:43+05:30,4032.1,1,4045.79,867320,137191.0,156567.0,4100.0,4110.0,4016.1,4092.6,23860550,4501.8,3683.4,4440.0,3288.1,4032.0,76,4,4031.8,1,1,4031.6,10,1,4031.2,14,1,4031.1,100,1,4032.1,1,1,4032.2,51,1,4032.7,11,2,4032.8,12,2,4032.9,16,3
11483,2026-07-02 11:29:43+05:30,4032.1,1,4045.79,867322,137185.0,156576.0,4100.0,4110.0,4016.1,4092.6,23860550,4501.8,3683.4,4440.0,3288.1,4032.0,75,4,4031.9,10,1,4031.8,1,1,4031.6,10,1,4031.1,100,1,4032.1,3,3,4032.2,51,1,4032.7,11,2,4032.8,12,2,4032.9,24,4
11483,2026-07-02 11:29:44+05:30,4032.2,1,4045.79,867322,137185.0,156576.0,4100.0,4110.0,4016.1,4092.6,23860550,4501.8,3683.4,4440.0,3288.1,4032.0,75,4,4031.9,10,1,4031.8,1,1,4031.6,10,1,4031.1,100,1,4032.1,3,3,4032.2,51,1,4032.7,11,2,4032.8,12,2,4032.9,24,4
11483,2026-07-02 11:29:44+05:30,4032.2,1,4045.79,867387,137432.0,156140.0,4100.0,4110.0,4016.1,4092.6,23860550,4501.8,3683.4,4440.0,3288.1,4032.2,57,3,4032.0,51,3,4031.9,10,1,4031.8,1,1,4031.6,10,1,4032.7,14,2,4032.8,14,2,4032.9,11,2,4033.0,21,2,4033.1,26,2
11483,2026-07-02 11:29:45+05:30,4032.2,8,4045.79,867387,137432.0,156140.0,4100.0,4110.0,4016.1,4092.6,23860550,4501.8,3683.4,4440.0,3288.1,4032.2,57,3,4032.0,51,3,4031.9,10,1,4031.8,1,1,4031.6,10,1,4032.7,14,2,4032.8,14,2,4032.9,11,2,4033.0,21,2,4033.1,26,2
11483,2026-07-02 11:29:45+05:30,4032.7,1,4045.79,867396,137760.0,156089.0,4100.0,4110.0,4016.1,4092.6,23860550,4501.8,3683.4,4440.0,3288.1,4032.7,2,2,4032.2,49,3,4032.1,100,1,4032.0,51,3,4031.9,10,1,4033.1,34,2,4033.2,22,1,4033.3,2,1,4033.4,32,2,4033.5,8,1
11483,2026-07-02 11:29:46+05:30,4033.1,7,4045.79,867396,137760.0,156089.0,4100.0,4110.0,4016.1,4092.6,23860550,4501.8,3683.4,4440.0,3288.1,4032.7,2,2,4032.2,49,3,4032.1,100,1,4032.0,51,3,4031.9,10,1,4033.1,34,2,4033.2,22,1,4033.3,2,1,4033.4,32,2,4033.5,8,1
11483,2026-07-02 11:29:46+05:30,4033.1,7,4045.79,867404,137794.0,156103.0,4100.0,4110.0,4016.1,4092.6,23860550,4501.8,3683.4,4440.0,3288.1,4032.7,1,1,4032.2,49,3,4032.1,110,2,4032.0,51,3,4031.9,10,1,4033.0,11,1,4033.1,28,3,4033.2,22,1,4033.3,2,1,4033.4,32,2
11483,2026-07-02 11:29:47+05:30,4033.0,3,4045.79,867404,137794.0,156103.0,4100.0,4110.0,4016.1,4092.6,23860550,4501.8,3683.4,4440.0,3288.1,4032.7,1,1,4032.2,49,3,4032.1,110,2,4032.0,51,3,4031.9,10,1,4033.0,11,1,4033.1,28,3,4033.2,22,1,4033.3,2,1,4033.4,32,2
11483,2026-07-02 11:29:47+05:30,4032.7,1,4045.79,867409,137870.0,155954.0,4100.0,4110.0,4016.1,4092.6,23860550,4501.8,3683.4,4440.0,3288.1,4032.7,1,1,4032.2,49,3,4032.1,110,2,4032.0,50,2,4031.9,10,1,4033.3,2,1,4033.4,32,2,4033.6,40,2,4033.7,10,1,4033.8,79,3
11483,2026-07-02 11:29:48+05:30,4032.7,1,4045.79,867409,137870.0,155954.0,4100.0,4110.0,4016.1,4092.6,23860550,4501.8,3683.4,4440.0,3288.1,4032.7,1,1,4032.2,49,3,4032.1,110,2,4032.0,50,2,4031.9,10,1,4033.3,2,1,4033.4,32,2,4033.6,40,2,4033.7,10,1,4033.8,79,3
11483,2026-07-02 11:29:48+05:30,4032.7,15,4045.78,867437,137766.0,156033.0,4100.0,4110.0,4016.1,4092.6,23860550,4501.8,3683.4,4440.0,3288.1,4032.2,49,3,4032.1,110,2,4032.0,50,2,4031.9,10,1,4031.8,1,1,4032.6,147,1,4033.3,17,4,4033.5,16,2,4033.6,58,3,4033.7,35,2
11483,2026-07-02 11:29:49+05:30,4032.6,1,4045.78,867437,137766.0,156033.0,4100.0,4110.0,4016.1,4092.6,23860550,4501.8,3683.4,4440.0,3288.1,4032.2,49,3,4032.1,110,2,4032.0,50,2,4031.9,10,1,4031.8,1,1,4032.6,147,1,4033.3,17,4,4033.5,16,2,4033.6,58,3,4033.7,35,2
11483,2026-07-02 11:29:49+05:30,4032.6,1,4045.78,867542,137708.0,155985.0,4100.0,4110.0,4016.1,4092.6,23860550,4501.8,3683.4,4440.0,3288.1,4032.2,45,3,4032.1,10,1,4032.0,50,2,4031.9,10,1,4031.8,1,1,4032.6,48,2,4033.3,16,3,4033.4,21,2,4033.5,36,3,4033.6,40,2
11483,2026-07-02 11:29:50+05:30,4032.2,12,4045.78,867542,137708.0,155985.0,4100.0,4110.0,4016.1,4092.6,23860550,4501.8,3683.4,4440.0,3288.1,4032.2,45,3,4032.1,10,1,4032.0,50,2,4031.9,10,1,4031.8,1,1,4032.6,48,2,4033.3,16,3,4033.4,21,2,4033.5,36,3,4033.6,40,2
11483,2026-07-02 11:29:50+05:30,4032.2,12,4045.78,867554,137696.0,155962.0,4100.0,4110.0,4016.1,4092.6,23860550,4501.8,3683.4,4440.0,3288.1,4032.2,33,3,4032.1,10,1,4032.0,50,2,4031.9,10,1,4031.8,1,1,4032.6,48,2,4033.3,16,3,4033.4,24,3,4033.5,69,3,4033.6,40,2
11483,2026-07-02 11:29:51+05:30,4032.2,1,4045.78,867554,137696.0,155962.0,4100.0,4110.0,4016.1,4092.6,23860550,4501.8,3683.4,4440.0,3288.1,4032.2,33,3,4032.1,10,1,4032.0,50,2,4031.9,10,1,4031.8,1,1,4032.6,48,2,4033.3,16,3,4033.4,24,3,4033.5,69,3,4033.6,40,2
11483,2026-07-02 11:29:51+05:30,4032.2,1,4045.78,867557,137091.0,156200.0,4100.0,4110.0,4016.1,4092.6,23860550,4501.8,3683.4,4440.0,3288.1,4032.2,30,3,4032.1,10,1,4032.0,50,2,4031.9,10,1,4031.8,1,1,4032.4,7,2,4032.6,48,2,4033.0,8,1,4033.1,3,1,4033.2,55,2
11483,2026-07-02 11:29:52+05:30,4032.4,2,4045.78,867557,137091.0,156200.0,4100.0,4110.0,4016.1,4092.6,23860550,4501.8,3683.4,4440.0,3288.1,4032.2,30,3,4032.1,10,1,4032.0,50,2,4031.9,10,1,4031.8,1,1,4032.4,7,2,4032.6,48,2,4033.0,8,1,4033.1,3,1,4033.2,55,2
11483,2026-07-02 11:29:52+05:30,4032.4,2,4045.78,867561,137215.0,156166.0,4100.0,4110.0,4016.1,4092.6,23860550,4501.8,3683.4,4440.0,3288.1,4032.3,1,1,4032.2,30,3,4032.1,10,1,4032.0,50,2,4031.9,10,1,4032.4,5,2,4032.6,46,1,4033.0,8,1,4033.1,3,1,4033.2,55,2
11483,2026-07-02 11:29:53+05:30,4032.4,2,4045.78,867563,137212.0,156197.0,4100.0,4110.0,4016.1,4092.6,23860550,4501.8,3683.4,4440.0,3288.1,4032.3,1,1,4032.2,30,3,4032.1,10,1,4032.0,50,2,4031.9,10,1,4032.4,6,5,4032.6,46,1,4032.7,8,1,4033.1,23,2,4033.2,63,3
11483,2026-07-02 11:29:54+05:30,4033.2,1,4045.78,867563,137212.0,156197.0,4100.0,4110.0,4016.1,4092.6,23860550,4501.8,3683.4,4440.0,3288.1,4032.3,1,1,4032.2,30,3,4032.1,10,1,4032.0,50,2,4031.9,10,1,4032.4,6,5,4032.6,46,1,4032.7,8,1,4033.1,23,2,4033.2,63,3
11483,2026-07-02 11:29:54+05:30,4033.2,1,4045.78,867665,137129.0,156085.0,4100.0,4110.0,4016.1,4092.6,23860550,4501.8,3683.4,4440.0,3288.1,4032.3,1,1,4032.2,30,3,4032.1,10,1,4032.0,50,2,4031.9,10,1,4032.4,1,1,4033.0,23,3,4033.1,13,1,4033.2,13,1,4033.3,55,5
11483,2026-07-02 11:29:55+05:30,4032.3,2,4045.78,867665,137129.0,156085.0,4100.0,4110.0,4016.1,4092.6,23860550,4501.8,3683.4,4440.0,3288.1,4032.3,1,1,4032.2,30,3,4032.1,10,1,4032.0,50,2,4031.9,10,1,4032.4,1,1,4033.0,23,3,4033.1,13,1,4033.2,13,1,4033.3,55,5
11483,2026-07-02 11:29:55+05:30,4032.3,2,4045.78,867667,137128.0,156095.0,4100.0,4110.0,4016.1,4092.6,23860550,4501.8,3683.4,4440.0,3288.1,4032.2,30,3,4032.1,10,1,4032.0,50,2,4031.9,10,1,4031.8,1,1,4032.3,2,1,4032.4,1,1,4033.0,23,3,4033.1,13,1,4033.2,26,2
11483,2026-07-02 11:29:56+05:30,4032.2,3,4045.78,867667,137128.0,156095.0,4100.0,4110.0,4016.1,4092.6,23860550,4501.8,3683.4,4440.0,3288.1,4032.2,30,3,4032.1,10,1,4032.0,50,2,4031.9,10,1,4031.8,1,1,4032.3,2,1,4032.4,1,1,4033.0,23,3,4033.1,13,1,4033.2,26,2
11483,2026-07-02 11:29:56+05:30,4032.2,3,4045.78,867670,137131.0,156083.0,4100.0,4110.0,4016.1,4092.6,23860550,4501.8,3683.4,4440.0,3288.1,4032.2,27,3,4032.1,10,1,4032.0,50,2,4031.9,10,1,4031.8,1,1,4032.3,3,2,4033.0,23,3,4033.1,13,1,4033.2,26,2,4033.3,55,5
11483,2026-07-02 11:29:57+05:30,4032.0,14,4045.78,867670,137131.0,156083.0,4100.0,4110.0,4016.1,4092.6,23860550,4501.8,3683.4,4440.0,3288.1,4032.2,27,3,4032.1,10,1,4032.0,50,2,4031.9,10,1,4031.8,1,1,4032.3,3,2,4033.0,23,3,4033.1,13,1,4033.2,26,2,4033.3,55,5
11483,2026-07-02 11:29:57+05:30,4032.0,14,4045.78,867721,137270.0,156215.0,4100.0,4110.0,4016.1,4092.6,23860550,4501.8,3683.4,4440.0,3288.1,4032.0,53,3,4031.9,10,1,4031.8,1,1,4031.6,11,2,4031.2,53,2,4032.3,8,3,4033.0,23,3,4033.1,13,1,4033.2,52,3,4033.3,55,5
11483,2026-07-02 11:29:58+05:30,4032.0,6,4045.78,867721,137270.0,156215.0,4100.0,4110.0,4016.1,4092.6,23860550,4501.8,3683.4,4440.0,3288.1,4032.0,53,3,4031.9,10,1,4031.8,1,1,4031.6,11,2,4031.2,53,2,4032.3,8,3,4033.0,23,3,4033.1,13,1,4033.2,52,3,4033.3,55,5
11483,2026-07-02 11:29:58+05:30,4032.3,3,4045.78,867734,137253.0,156227.0,4100.0,4110.0,4016.1,4092.6,23860550,4501.8,3683.4,4440.0,3288.1,4032.0,47,3,4031.9,10,1,4031.8,1,1,4031.6,11,2,4031.2,50,1,4032.3,4,2,4032.7,8,1,4033.0,23,3,4033.1,13,1,4033.2,78,5
11483,2026-07-02 11:29:59+05:30,4032.3,6,4045.78,867734,137253.0,156227.0,4100.0,4110.0,4016.1,4092.6,23860550,4501.8,3683.4,4440.0,3288.1,4032.0,47,3,4031.9,10,1,4031.8,1,1,4031.6,11,2,4031.2,50,1,4032.3,4,2,4032.7,8,1,4033.0,23,3,4033.1,13,1,4033.2,78,5
11483,2026-07-02 11:29:59+05:30,4032.3,6,4045.78,867749,137220.0,156300.0,4100.0,4110.0,4016.1,4092.6,23860550,4501.8,3683.4,4440.0,3288.1,4032.0,43,3,4031.9,10,1,4031.8,1,1,4031.6,11,2,4031.2,50,1,4032.7,14,1,4032.8,21,2,4032.9,33,2,4033.0,29,3,4033.1,13,1
11483,2026-07-02 11:30:00+05:30,4032.7,10,4045.78,867749,137220.0,156300.0,4100.0,4110.0,4016.1,4092.6,23860550,4501.8,3683.4,4440.0,3288.1,4032.0,43,3,4031.9,10,1,4031.8,1,1,4031.6,11,2,4031.2,50,1,4032.7,14,1,4032.8,21,2,4032.9,33,2,4033.0,29,3,4033.1,13,1
11483,2026-07-02 11:30:00+05:30,4032.8,1,4045.78,867768,137261.0,156292.0,4100.0,4110.0,4016.1,4092.6,23860550,4501.8,3683.4,4440.0,3288.1,4032.2,17,1,4032.0,73,3,4031.9,10,1,4031.8,1,1,4031.6,11,2,4032.9,21,2,4033.0,29,3,4033.1,13,1,4033.2,39,3,4033.3,30,3
11483,2026-07-02 11:30:01+05:30,4032.5,3,4045.78,867768,137261.0,156292.0,4100.0,4110.0,4016.1,4092.6,23860550,4501.8,3683.4,4440.0,3288.1,4032.2,17,1,4032.0,73,3,4031.9,10,1,4031.8,1,1,4031.6,11,2,4032.9,21,2,4033.0,29,3,4033.1,13,1,4033.2,39,3,4033.3,30,3
11483,2026-07-02 11:30:01+05:30,4032.5,3,4045.78,867774,137596.0,156173.0,4100.0,4110.0,4016.1,4092.6,23860550,4501.8,3683.4,4440.0,3288.1,4032.3,1,1,4032.2,15,1,4032.0,73,3,4031.9,10,1,4031.8,1,1,4032.5,2,1,4032.9,21,3,4033.0,17,2,4033.1,13,1,4033.2,39,3
11483,2026-07-02 11:30:02+05:30,4032.5,2,4045.78,867774,137596.0,156173.0,4100.0,4110.0,4016.1,4092.6,23860550,4501.8,3683.4,4440.0,3288.1,4032.3,1,1,4032.2,15,1,4032.0,73,3,4031.9,10,1,4031.8,1,1,4032.5,2,1,4032.9,21,3,4033.0,17,2,4033.1,13,1,4033.2,39,3
11483,2026-07-02 11:30:02+05:30,4032.5,2,4045.78,867783,137674.0,156183.0,4100.0,4110.0,4016.1,4092.6,23860550,4501.8,3683.4,4440.0,3288.1,4032.3,1,1,4032.2,15,1,4032.0,73,3,4031.9,10,1,4031.8,1,1,4033.0,17,2,4033.1,13,1,4033.2,39,3,4033.3,5,2,4033.4,29,2
11483,2026-07-02 11:30:03+05:30,4032.3,1,4045.78,867783,137674.0,156183.0,4100.0,4110.0,4016.1,4092.6,23860550,4501.8,3683.4,4440.0,3288.1,4032.3,1,1,4032.2,15,1,4032.0,73,3,4031.9,10,1,4031.8,1,1,4033.0,17,2,4033.1,13,1,4033.2,39,3,4033.3,5,2,4033.4,29,2
11483,2026-07-02 11:30:03+05:30,4032.3,1,4045.78,867787,137693.0,156362.0,4100.0,4110.0,4016.1,4092.6,23860550,4501.8,3683.4,4440.0,3288.1,4032.2,15,1,4032.0,73,3,4031.9,10,1,4031.8,1,1,4031.6,11,2,4033.0,19,4,4033.1,13,1,4033.2,39,3,4033.3,5,2,4033.4,29,2
11483,2026-07-02 11:30:04+05:30,4032.2,1,4045.78,867787,137693.0,156362.0,4100.0,4110.0,4016.1,4092.6,23860550,4501.8,3683.4,4440.0,3288.1,4032.2,15,1,4032.0,73,3,4031.9,10,1,4031.8,1,1,4031.6,11,2,4033.0,19,4,4033.1,13,1,4033.2,39,3,4033.3,5,2,4033.4,29,2
11483,2026-07-02 11:30:04+05:30,4032.2,1,4045.78,867788,137685.0,156481.0,4100.0,4110.0,4016.1,4092.6,23860550,4501.8,3683.4,4440.0,3288.1,4032.3,2,1,4032.2,14,1,4032.0,73,3,4031.9,10,1,4031.8,1,1,4033.0,25,5,4033.1,13,1,4033.2,31,2,4033.3,5,2,4033.4,29,2
11483,2026-07-02 11:30:05+05:30,4032.2,1,4045.78,867788,137791.0,156401.0,4100.0,4110.0,4016.1,4092.6,23860550,4501.8,3683.4,4440.0,3288.1,4032.3,2,1,4032.2,14,1,4032.0,118,4,4031.9,10,1,4031.8,1,1,4033.0,25,5,4033.1,13,1,4033.2,31,2,4033.3,2,1,4033.4,27,1
11483,2026-07-02 11:30:06+05:30,4033.0,1,4045.78,867788,137791.0,156401.0,4100.0,4110.0,4016.1,4092.6,23860550,4501.8,3683.4,4440.0,3288.1,4032.3,2,1,4032.2,14,1,4032.0,118,4,4031.9,10,1,4031.8,1,1,4033.0,25,5,4033.1,13,1,4033.2,31,2,4033.3,2,1,4033.4,27,1
11483,2026-07-02 11:30:06+05:30,4033.0,1,4045.78,867801,137788.0,156354.0,4100.0,4110.0,4016.1,4092.6,23860550,4501.8,3683.4,4440.0,3288.1,4032.3,2,1,4032.2,14,1,4032.0,118,4,4031.9,10,1,4031.8,14,2,4033.0,6,3,4033.1,13,1,4033.2,31,2,4033.3,2,1,4033.4,27,1
11483,2026-07-02 11:30:07+05:30,4033.0,3,4045.78,867801,137788.0,156354.0,4100.0,4110.0,4016.1,4092.6,23860550,4501.8,3683.4,4440.0,3288.1,4032.3,2,1,4032.2,14,1,4032.0,118,4,4031.9,10,1,4031.8,14,2,4033.0,6,3,4033.1,13,1,4033.2,31,2,4033.3,2,1,4033.4,27,1
11483,2026-07-02 11:30:07+05:30,4033.0,3,4045.78,867821,137744.0,156180.0,4100.0,4110.0,4016.1,4092.6,23860550,4501.8,3683.4,4440.0,3288.1,4032.5,12,1,4032.2,14,1,4032.0,208,5,4031.9,10,1,4031.8,1,1,4033.0,46,4,4033.1,56,4,4033.2,50,5,4033.3,20,3,4033.5,32,4
11483,2026-07-02 11:30:08+05:30,4033.0,3,4045.78,867821,137744.0,156180.0,4100.0,4110.0,4016.1,4092.6,23860550,4501.8,3683.4,4440.0,3288.1,4032.5,12,1,4032.2,14,1,4032.0,208,5,4031.9,10,1,4031.8,1,1,4033.0,46,4,4033.1,56,4,4033.2,50,5,4033.3,20,3,4033.5,32,4
11483,2026-07-02 11:30:08+05:30,4033.0,3,4045.78,867828,137726.0,156247.0,4100.0,4110.0,4016.1,4092.6,23860550,4501.8,3683.4,4440.0,3288.1,4032.5,9,1,4032.2,14,1,4032.0,208,5,4031.9,10,1,4031.8,1,1,4033.0,42,4,4033.1,49,3,4033.2,50,5,4033.3,7,2,4033.5,32,4
11483,2026-07-02 11:30:09+05:30,4032.5,4,4045.78,867828,137726.0,156247.0,4100.0,4110.0,4016.1,4092.6,23860550,4501.8,3683.4,4440.0,3288.1,4032.5,9,1,4032.2,14,1,4032.0,208,5,4031.9,10,1,4031.8,1,1,4033.0,42,4,4033.1,49,3,4033.2,50,5,4033.3,7,2,4033.5,32,4
11483,2026-07-02 11:30:09+05:30,4032.5,4,4045.78,868045,137770.0,156236.0,4100.0,4110.0,4016.1,4092.6,23860550,4501.8,3683.4,4440.0,3288.1,4032.5,4,1,4032.2,14,1,4032.0,208,5,4031.9,10,1,4031.8,1,1,4032.8,28,3,4032.9,138,5,4033.0,1,1,4033.1,45,4,4033.2,44,4
11483,2026-07-02 11:30:10+05:30,4032.2,1,4045.78,868045,137770.0,156236.0,4100.0,4110.0,4016.1,4092.6,23860550,4501.8,3683.4,4440.0,3288.1,4032.5,4,1,4032.2,14,1,4032.0,208,5,4031.9,10,1,4031.8,1,1,4032.8,28,3,4032.9,138,5,4033.0,1,1,4033.1,45,4,4033.2,44,4
11483,2026-07-02 11:30:10+05:30,4032.2,1,4045.78,868051,137768.0,156233.0,4100.0,4110.0,4016.1,4092.6,23860550,4501.8,3683.4,4440.0,3288.1,4032.2,13,1,4032.0,208,5,4031.9,10,1,4031.8,1,1,4031.6,11,2,4032.5,24,4,4032.6,7,1,4032.8,21,2,4032.9,132,5,4033.0,1,1
11483,2026-07-02 11:30:11+05:30,4032.4,1,4045.78,868051,137768.0,156233.0,4100.0,4110.0,4016.1,4092.6,23860550,4501.8,3683.4,4440.0,3288.1,4032.2,13,1,4032.0,208,5,4031.9,10,1,4031.8,1,1,4031.6,11,2,4032.5,24,4,4032.6,7,1,4032.8,21,2,4032.9,132,5,4033.0,1,1
11483,2026-07-02 11:30:11+05:30,4032.4,5,4045.78,868069,137804.0,156320.0,4100.0,4110.0,4016.1,4092.6,23860550,4501.8,3683.4,4440.0,3288.1,4032.2,12,1,4032.0,208,5,4031.9,10,1,4031.8,1,1,4031.6,11,2,4032.4,21,4,4032.5,25,5,4032.6,7,1,4032.8,21,2,4032.9,132,5
11483,2026-07-02 11:30:12+05:30,4032.4,1,4045.78,868069,137804.0,156320.0,4100.0,4110.0,4016.1,4092.6,23860550,4501.8,3683.4,4440.0,3288.1,4032.2,12,1,4032.0,208,5,4031.9,10,1,4031.8,1,1,4031.6,11,2,4032.4,21,4,4032.5,25,5,4032.6,7,1,4032.8,21,2,4032.9,132,5
11483,2026-07-02 11:30:12+05:30,4032.4,1,4045.78,868076,137929.0,156343.0,4100.0,4110.0,4016.1,4092.6,23860550,4501.8,3683.4,4440.0,3288.1,4032.3,1,1,4032.2,10,1,4032.0,208,5,4031.9,10,1,4031.8,1,1,4032.4,22,3,4032.5,24,4,4032.6,7,1,4032.8,21,2,4032.9,132,5
11483,2026-07-02 11:30:13+05:30,4032.4,1,4045.78,868076,137929.0,156343.0,4100.0,4110.0,4016.1,4092.6,23860550,4501.8,3683.4,4440.0,3288.1,4032.3,1,1,4032.2,10,1,4032.0,208,5,4031.9,10,1,4031.8,1,1,4032.4,22,3,4032.5,24,4,4032.6,7,1,4032.8,21,2,4032.9,132,5
11483,2026-07-02 11:30:13+05:30,4032.4,2,4045.78,868085,138141.0,156246.0,4100.0,4110.0,4016.1,4092.6,23860550,4501.8,3683.4,4440.0,3288.1,4032.3,1,1,4032.2,11,2,4032.0,208,5,4031.9,10,1,4031.8,1,1,4032.4,17,5,4032.5,24,4,4032.8,21,2,4032.9,16,2,4033.1,32,3
11483,2026-07-02 11:30:14+05:30,4032.2,1,4045.78,868085,138141.0,156246.0,4100.0,4110.0,4016.1,4092.6,23860550,4501.8,3683.4,4440.0,3288.1,4032.3,1,1,4032.2,11,2,4032.0,208,5,4031.9,10,1,4031.8,1,1,4032.4,17,5,4032.5,24,4,4032.8,21,2,4032.9,16,2,4033.1,32,3
11483,2026-07-02 11:30:14+05:30,4032.0,1,4045.77,868132,138142.0,156300.0,4100.0,4110.0,4016.1,4092.6,23860550,4501.8,3683.4,4440.0,3288.1,4032.0,210,5,4031.9,10,1,4031.8,1,1,4031.7,60,1,4031.6,11,2,4032.4,20,3,4032.5,20,3,4032.7,32,1,4032.8,21,2,4032.9,16,2
11483,2026-07-02 11:30:15+05:30,4032.4,1,4045.77,868132,138142.0,156300.0,4100.0,4110.0,4016.1,4092.6,23860550,4501.8,3683.4,4440.0,3288.1,4032.0,210,5,4031.9,10,1,4031.8,1,1,4031.7,60,1,4031.6,11,2,4032.4,20,3,4032.5,20,3,4032.7,32,1,4032.8,21,2,4032.9,16,2
11483,2026-07-02 11:30:15+05:30,4032.4,3,4045.77,868144,138421.0,156319.0,4100.0,4110.0,4016.1,4092.6,23860550,4501.8,3683.4,4440.0,3288.1,4032.0,289,5,4031.9,10,1,4031.8,1,1,4031.7,60,1,4031.6,11,2,4032.4,15,3,4032.5,20,3,4032.7,32,1,4032.8,21,2,4032.9,16,2
11483,2026-07-02 11:30:16+05:30,4032.4,1,4045.77,868144,138421.0,156319.0,4100.0,4110.0,4016.1,4092.6,23860550,4501.8,3683.4,4440.0,3288.1,4032.0,289,5,4031.9,10,1,4031.8,1,1,4031.7,60,1,4031.6,11,2,4032.4,15,3,4032.5,20,3,4032.7,32,1,4032.8,21,2,4032.9,16,2
11483,2026-07-02 11:30:16+05:30,4032.4,1,4045.77,868170,138182.0,156293.0,4100.0,4110.0,4016.1,4092.6,23860550,4501.8,3683.4,4440.0,3288.1,4032.4,7,1,4032.0,287,5,4031.9,10,1,4031.8,1,1,4031.7,60,1,4032.5,19,3,4032.7,32,1,4032.8,21,2,4032.9,16,2,4033.1,38,4
11483,2026-07-02 11:30:17+05:30,4032.5,1,4045.77,868170,138182.0,156293.0,4100.0,4110.0,4016.1,4092.6,23860550,4501.8,3683.4,4440.0,3288.1,4032.4,7,1,4032.0,287,5,4031.9,10,1,4031.8,1,1,4031.7,60,1,4032.5,19,3,4032.7,32,1,4032.8,21,2,4032.9,16,2,4033.1,38,4
11483,2026-07-02 11:30:17+05:30,4032.5,1,4045.77,868175,138193.0,156284.0,4100.0,4110.0,4016.1,4092.6,23860550,4501.8,3683.4,4440.0,3288.1,4032.4,4,1,4032.0,287,5,4031.9,10,1,4031.8,1,1,4031.7,60,1,4032.5,33,5,4032.7,32,1,4032.8,21,2,4032.9,16,2,4033.1,38,4
11483,2026-07-02 11:30:18+05:30,4032.5,1,4045.77,868175,138193.0,156284.0,4100.0,4110.0,4016.1,4092.6,23860550,4501.8,3683.4,4440.0,3288.1,4032.4,4,1,4032.0,287,5,4031.9,10,1,4031.8,1,1,4031.7,60,1,4032.5,33,5,4032.7,32,1,4032.8,21,2,4032.9,16,2,4033.1,38,4
11483,2026-07-02 11:30:18+05:30,4032.5,1,4045.77,868177,138240.0,156298.0,4100.0,4110.0,4016.1,4092.6,23860550,4501.8,3683.4,4440.0,3288.1,4032.4,3,1,4032.0,287,5,4031.9,10,1,4031.8,1,1,4031.7,60,1,4032.5,32,5,4032.7,32,1,4032.8,21,2,4032.9,16,2,4033.1,38,4
11483,2026-07-02 11:30:19+05:30,4032.5,1,4045.77,868177,138240.0,156298.0,4100.0,4110.0,4016.1,4092.6,23860550,4501.8,3683.4,4440.0,3288.1,4032.4,3,1,4032.0,287,5,4031.9,10,1,4031.8,1,1,4031.7,60,1,4032.5,32,5,4032.7,32,1,4032.8,21,2,4032.9,16,2,4033.1,38,4
11483,2026-07-02 11:30:20+05:30,4032.5,1,4045.77,868185,138300.0,156302.0,4100.0,4110.0,4016.1,4092.6,23860550,4501.8,3683.4,4440.0,3288.1,4032.4,3,1,4032.2,5,1,4032.0,287,5,4031.9,60,2,4031.8,3,2,4032.5,24,4,4032.7,32,1,4032.8,21,2,4032.9,16,2,4033.1,38,4
11483,2026-07-02 11:30:21+05:30,4032.7,1,4045.77,868185,138300.0,156302.0,4100.0,4110.0,4016.1,4092.6,23860550,4501.8,3683.4,4440.0,3288.1,4032.4,3,1,4032.2,5,1,4032.0,287,5,4031.9,60,2,4031.8,3,2,4032.5,24,4,4032.7,32,1,4032.8,21,2,4032.9,16,2,4033.1,38,4
11483,2026-07-02 11:30:24+05:30,4032.2,1,4045.77,868185,138300.0,156302.0,4100.0,4110.0,4016.1,4092.6,23860550,4501.8,3683.4,4440.0,3288.1,4032.4,3,1,4032.2,5,1,4032.0,287,5,4031.9,60,2,4031.8,3,2,4032.5,24,4,4032.7,32,1,4032.8,21,2,4032.9,16,2,4033.1,38,4
11483,2026-07-02 11:30:25+05:30,4032.2,1,4045.77,868376,138244.0,156717.0,4100.0,4110.0,4016.1,4092.6,23860550,4501.8,3683.4,4440.0,3288.1,4032.0,285,5,4031.9,60,2,4031.8,1,1,4031.7,60,1,4031.6,11,2,4032.2,157,3,4032.4,1,1,4032.7,2,2,4032.8,21,2,4032.9,16,2
11483,2026-07-02 11:30:27+05:30,4032.2,1,4045.77,868376,138244.0,156717.0,4100.0,4110.0,4016.1,4092.6,23860550,4501.8,3683.4,4440.0,3288.1,4032.0,285,5,4031.9,60,2,4031.8,1,1,4031.7,60,1,4031.6,11,2,4032.2,157,3,4032.4,1,1,4032.7,2,2,4032.8,21,2,4032.9,16,2
11483,2026-07-02 11:30:30+05:30,4032.2,1,4045.77,868428,138367.0,156304.0,4100.0,4110.0,4016.1,4092.6,23860550,4501.8,3683.4,4440.0,3288.1,4032.0,209,4,4031.9,60,2,4031.8,1,1,4031.7,60,1,4031.6,10,1,4032.2,128,2,4032.4,1,1,4032.5,2,1,4032.7,1,1,4032.8,21,2
11483,2026-07-02 11:30:30+05:30,4032.0,6,4045.77,868428,138367.0,156304.0,4100.0,4110.0,4016.1,4092.6,23860550,4501.8,3683.4,4440.0,3288.1,4032.0,209,4,4031.9,60,2,4031.8,1,1,4031.7,60,1,4031.6,10,1,4032.2,128,2,4032.4,1,1,4032.5,2,1,4032.7,1,1,4032.8,21,2
11483,2026-07-02 11:30:33+05:30,4032.8,1,4045.77,868428,138367.0,156304.0,4100.0,4110.0,4016.1,4092.6,23860550,4501.8,3683.4,4440.0,3288.1,4032.0,209,4,4031.9,60,2,4031.8,1,1,4031.7,60,1,4031.6,10,1,4032.2,128,2,4032.4,1,1,4032.5,2,1,4032.7,1,1,4032.8,21,2
11483,2026-07-02 11:30:35+05:30,4033.7,2,4045.77,868586,139489.0,155008.0,4100.0,4110.0,4016.1,4092.6,23860550,4501.8,3683.4,4440.0,3288.1,4032.8,46,4,4032.7,15,1,4032.6,26,2,4032.5,64,5,4032.4,31,4,4033.7,2,1,4033.9,15,1,4034.3,5,1,4034.4,13,1,4034.6,29,2
11483,2026-07-02 11:30:36+05:30,4032.3,70,4045.77,868586,139489.0,155008.0,4100.0,4110.0,4016.1,4092.6,23860550,4501.8,3683.4,4440.0,3288.1,4032.8,46,4,4032.7,15,1,4032.6,26,2,4032.5,64,5,4032.4,31,4,4033.7,2,1,4033.9,15,1,4034.3,5,1,4034.4,13,1,4034.6,29,2
11483,2026-07-02 11:30:37+05:30,4032.3,70,4045.77,868586,139489.0,155008.0,4100.0,4110.0,4016.1,4092.6,23860550,4501.8,3683.4,4440.0,3288.1,4032.8,46,4,4032.7,15,1,4032.6,26,2,4032.5,64,5,4032.4,31,4,4033.7,2,1,4033.9,15,1,4034.3,5,1,4034.4,13,1,4034.6,29,2
11483,2026-07-02 11:30:38+05:30,4032.3,70,4045.77,868586,139489.0,155008.0,4100.0,4110.0,4016.1,4092.6,23860550,4501.8,3683.4,4440.0,3288.1,4032.8,46,4,4032.7,15,1,4032.6,26,2,4032.5,64,5,4032.4,31,4,4033.7,2,1,4033.9,15,1,4034.3,5,1,4034.4,13,1,4034.6,29,2
11483,2026-07-02 11:30:39+05:30,4032.3,70,4045.77,868586,139489.0,155008.0,4100.0,4110.0,4016.1,4092.6,23860550,4501.8,3683.4,4440.0,3288.1,4032.8,46,4,4032.7,15,1,4032.6,26,2,4032.5,64,5,4032.4,31,4,4033.7,2,1,4033.9,15,1,4034.3,5,1,4034.4,13,1,4034.6,29,2
11483,2026-07-02 11:30:39+05:30,4033.6,1,4045.77,868586,139489.0,155008.0,4100.0,4110.0,4016.1,4092.6,23860550,4501.8,3683.4,4440.0,3288.1,4032.8,46,4,4032.7,15,1,4032.6,26,2,4032.5,64,5,4032.4,31,4,4033.7,2,1,4033.9,15,1,4034.3,5,1,4034.4,13,1,4034.6,29,2
11483,2026-07-02 11:30:39+05:30,4033.6,1,4045.77,868586,139489.0,155008.0,4100.0,4110.0,4016.1,4092.6,23860550,4501.8,3683.4,4440.0,3288.1,4032.8,46,4,4032.7,15,1,4032.6,26,2,4032.5,64,5,4032.4,31,4,4033.7,2,1,4033.9,15,1,4034.3,5,1,4034.4,13,1,4034.6,29,2
11483,2026-07-02 11:30:40+05:30,4033.6,1,4045.76,869333,139078.0,155170.0,4100.0,4110.0,4016.1,4092.6,23860550,4501.8,3683.4,4440.0,3288.1,4032.2,34,2,4032.1,38,2,4032.0,221,8,4031.9,112,5,4031.8,69,5,4033.6,11,2,4033.7,113,3,4033.8,144,2,4033.9,15,1,4034.0,19,2
11483,2026-07-02 11:30:40+05:30,4033.6,1,4045.76,869333,139078.0,155170.0,4100.0,4110.0,4016.1,4092.6,23860550,4501.8,3683.4,4440.0,3288.1,4032.2,34,2,4032.1,38,2,4032.0,221,8,4031.9,112,5,4031.8,69,5,4033.6,11,2,4033.7,113,3,4033.8,144,2,4033.9,15,1,4034.0,19,2
11483,2026-07-02 11:30:41+05:30,4033.6,1,4045.76,869333,139078.0,155170.0,4100.0,4110.0,4016.1,4092.6,23860550,4501.8,3683.4,4440.0,3288.1,4032.2,34,2,4032.1,38,2,4032.0,221,8,4031.9,112,5,4031.8,69,5,4033.6,11,2,4033.7,113,3,4033.8,144,2,4033.9,15,1,4034.0,19,2
11483,2026-07-02 11:30:41+05:30,4033.6,1,4045.76,869333,139078.0,155170.0,4100.0,4110.0,4016.1,4092.6,23876475,4501.8,3683.4,4440.0,3288.1,4032.2,34,2,4032.1,38,2,4032.0,221,8,4031.9,112,5,4031.8,69,5,4033.6,11,2,4033.7,113,3,4033.8,144,2,4033.9,15,1,4034.0,19,2
11483,2026-07-02 11:30:42+05:30,4033.6,1,4045.76,869333,139078.0,155170.0,4100.0,4110.0,4016.1,4092.6,23876475,4501.8,3683.4,4440.0,3288.1,4032.2,34,2,4032.1,38,2,4032.0,221,8,4031.9,112,5,4031.8,69,5,4033.6,11,2,4033.7,113,3,4033.8,144,2,4033.9,15,1,4034.0,19,2
11483,2026-07-02 11:30:42+05:30,4032.6,1,4045.76,869333,139078.0,155170.0,4100.0,4110.0,4016.1,4092.6,23876475,4501.8,3683.4,4440.0,3288.1,4032.2,34,2,4032.1,38,2,4032.0,221,8,4031.9,112,5,4031.8,69,5,4033.6,11,2,4033.7,113,3,4033.8,144,2,4033.9,15,1,4034.0,19,2
11483,2026-07-02 11:30:42+05:30,4032.6,1,4045.76,869333,139078.0,155170.0,4100.0,4110.0,4016.1,4092.6,23876475,4501.8,3683.4,4440.0,3288.1,4032.2,34,2,4032.1,38,2,4032.0,221,8,4031.9,112,5,4031.8,69,5,4033.6,11,2,4033.7,113,3,4033.8,144,2,4033.9,15,1,4034.0,19,2
11483,2026-07-02 11:30:43+05:30,4032.6,1,4045.76,869333,139078.0,155170.0,4100.0,4110.0,4016.1,4092.6,23876475,4501.8,3683.4,4440.0,3288.1,4032.2,34,2,4032.1,38,2,4032.0,221,8,4031.9,112,5,4031.8,69,5,4033.6,11,2,4033.7,113,3,4033.8,144,2,4033.9,15,1,4034.0,19,2
11483,2026-07-02 11:30:44+05:30,4032.3,2,4045.76,869333,139078.0,155170.0,4100.0,4110.0,4016.1,4092.6,23876475,4501.8,3683.4,4440.0,3288.1,4032.2,34,2,4032.1,38,2,4032.0,221,8,4031.9,112,5,4031.8,69,5,4033.6,11,2,4033.7,113,3,4033.8,144,2,4033.9,15,1,4034.0,19,2
11483,2026-07-02 11:30:44+05:30,4032.3,2,4045.75,869441,138868.0,155661.0,4100.0,4110.0,4016.1,4092.6,23876475,4501.8,3683.4,4440.0,3288.1,4032.1,17,1,4032.0,238,8,4031.9,78,3,4031.8,41,2,4031.7,90,4,4032.9,3,2,4033.5,18,1,4033.6,77,2,4033.7,111,5,4033.8,12,1
11483,2026-07-02 11:30:46+05:30,4032.9,7,4045.75,869441,138868.0,155661.0,4100.0,4110.0,4016.1,4092.6,23876475,4501.8,3683.4,4440.0,3288.1,4032.1,17,1,4032.0,238,8,4031.9,78,3,4031.8,41,2,4031.7,90,4,4032.9,3,2,4033.5,18,1,4033.6,77,2,4033.7,111,5,4033.8,12,1
11483,2026-07-02 11:30:49+05:30,4032.0,42,4045.75,869620,139435.0,155641.0,4100.0,4110.0,4016.1,4092.6,23876475,4501.8,3683.4,4440.0,3288.1,4032.0,160,5,4031.9,60,2,4031.8,41,2,4031.7,77,2,4031.6,56,3,4032.8,1,1,4032.9,72,2,4033.0,53,1,4033.1,68,1,4033.5,19,1
11483,2026-07-02 11:30:49+05:30,4032.0,22,4045.75,869620,139435.0,155641.0,4100.0,4110.0,4016.1,4092.6,23876475,4501.8,3683.4,4440.0,3288.1,4032.0,160,5,4031.9,60,2,4031.8,41,2,4031.7,77,2,4031.6,56,3,4032.8,1,1,4032.9,72,2,4033.0,53,1,4033.1,68,1,4033.5,19,1
11483,2026-07-02 11:30:52+05:30,4032.0,25,4045.75,869620,139435.0,155641.0,4100.0,4110.0,4016.1,4092.6,23876475,4501.8,3683.4,4440.0,3288.1,4032.0,160,5,4031.9,60,2,4031.8,41,2,4031.7,77,2,4031.6,56,3,4032.8,1,1,4032.9,72,2,4033.0,53,1,4033.1,68,1,4033.5,19,1
11483,2026-07-02 11:30:54+05:30,4032.4,1,4045.75,869895,138319.0,156197.0,4100.0,4110.0,4016.1,4092.6,23876475,4501.8,3683.4,4440.0,3288.1,4032.0,169,3,4031.9,60,2,4031.8,41,2,4031.7,60,1,4031.6,10,1,4032.4,2,2,4032.8,71,4,4033.0,71,1,4033.1,58,2,4033.3,3,1
11483,2026-07-02 11:30:55+05:30,4032.0,1,4045.75,869895,138319.0,156197.0,4100.0,4110.0,4016.1,4092.6,23876475,4501.8,3683.4,4440.0,3288.1,4032.0,169,3,4031.9,60,2,4031.8,41,2,4031.7,60,1,4031.6,10,1,4032.4,2,2,4032.8,71,4,4033.0,71,1,4033.1,58,2,4033.3,3,1
11483,2026-07-02 11:30:58+05:30,4032.0,27,4045.75,869895,138319.0,156197.0,4100.0,4110.0,4016.1,4092.6,23876475,4501.8,3683.4,4440.0,3288.1,4032.0,169,3,4031.9,60,2,4031.8,41,2,4031.7,60,1,4031.6,10,1,4032.4,2,2,4032.8,71,4,4033.0,71,1,4033.1,58,2,4033.3,3,1
11483,2026-07-02 11:30:59+05:30,4032.4,1,4045.75,870032,138395.0,156626.0,4100.0,4110.0,4016.1,4092.6,23876475,4501.8,3683.4,4440.0,3288.1,4032.2,3,1,4032.0,225,4,4031.9,60,2,4031.8,41,2,4031.7,60,1,4032.4,47,1,4032.5,71,1,4032.6,68,1,4032.8,3,3,4033.0,180,2
11483,2026-07-02 11:31:01+05:30,4032.2,2,4045.75,870032,138395.0,156626.0,4100.0,4110.0,4016.1,4092.6,23876475,4501.8,3683.4,4440.0,3288.1,4032.2,3,1,4032.0,225,4,4031.9,60,2,4031.8,41,2,4031.7,60,1,4032.4,47,1,4032.5,71,1,4032.6,68,1,4032.8,3,3,4033.0,180,2
11483,2026-07-02 11:31:03+05:30,4032.2,1,4045.74,870273,138438.0,156414.0,4100.0,4110.0,4016.1,4092.6,23876475,4501.8,3683.4,4440.0,3288.1,4032.0,226,7,4031.9,60,2,4031.8,41,2,4031.7,60,1,4031.6,10,1,4032.2,1,1,4032.4,37,3,4032.5,71,1,4032.6,68,1,4032.7,36,1
11483,2026-07-02 11:31:04+05:30,4032.4,23,4045.74,870273,138438.0,156414.0,4100.0,4110.0,4016.1,4092.6,23876475,4501.8,3683.4,4440.0,3288.1,4032.0,226,7,4031.9,60,2,4031.8,41,2,4031.7,60,1,4031.6,10,1,4032.2,1,1,4032.4,37,3,4032.5,71,1,4032.6,68,1,4032.7,36,1
11483,2026-07-02 11:31:06+05:30,4032.2,2,4045.74,870273,138438.0,156414.0,4100.0,4110.0,4016.1,4092.6,23876475,4501.8,3683.4,4440.0,3288.1,4032.0,226,7,4031.9,60,2,4031.8,41,2,4031.7,60,1,4031.6,10,1,4032.2,1,1,4032.4,37,3,4032.5,71,1,4032.6,68,1,4032.7,36,1
11483,2026-07-02 11:31:08+05:30,4032.2,1,4045.74,870273,138438.0,156414.0,4100.0,4110.0,4016.1,4092.6,23876475,4501.8,3683.4,4440.0,3288.1,4032.0,226,7,4031.9,60,2,4031.8,41,2,4031.7,60,1,4031.6,10,1,4032.2,1,1,4032.4,37,3,4032.5,71,1,4032.6,68,1,4032.7,36,1
11483,2026-07-02 11:31:08+05:30,4032.2,1,4045.74,870500,138762.0,156409.0,4100.0,4110.0,4016.1,4092.6,23876475,4501.8,3683.4,4440.0,3288.1,4032.0,299,8,4031.9,60,2,4031.8,41,2,4031.7,60,1,4031.6,10,1,4032.2,26,1,4032.3,12,1,4032.4,74,4,4032.7,36,1,4032.8,2,2
11483,2026-07-02 11:31:10+05:30,4032.2,10,4045.74,870500,138762.0,156409.0,4100.0,4110.0,4016.1,4092.6,23876475,4501.8,3683.4,4440.0,3288.1,4032.0,299,8,4031.9,60,2,4031.8,41,2,4031.7,60,1,4031.6,10,1,4032.2,26,1,4032.3,12,1,4032.4,74,4,4032.7,36,1,4032.8,2,2
11483,2026-07-02 11:31:12+05:30,4032.1,3,4045.74,870500,138762.0,156409.0,4100.0,4110.0,4016.1,4092.6,23876475,4501.8,3683.4,4440.0,3288.1,4032.0,299,8,4031.9,60,2,4031.8,41,2,4031.7,60,1,4031.6,10,1,4032.2,26,1,4032.3,12,1,4032.4,74,4,4032.7,36,1,4032.8,2,2
11483,2026-07-02 11:31:14+05:30,4032.0,4,4045.73,871210,138367.0,156643.0,4100.0,4110.0,4016.1,4092.6,23876475,4501.8,3683.4,4440.0,3288.1,4032.0,246,4,4031.9,60,2,4031.8,41,2,4031.7,60,1,4031.6,10,1,4032.1,88,4,4032.2,107,2,4032.3,60,3,4032.4,120,7,4032.5,10,1
11483,2026-07-02 11:31:14+05:30,4032.0,20,4045.73,871210,138367.0,156643.0,4100.0,4110.0,4016.1,4092.6,23876475,4501.8,3683.4,4440.0,3288.1,4032.0,246,4,4031.9,60,2,4031.8,41,2,4031.7,60,1,4031.6,10,1,4032.1,88,4,4032.2,107,2,4032.3,60,3,4032.4,120,7,4032.5,10,1
11483,2026-07-02 11:31:16+05:30,4032.0,6,4045.73,871210,138367.0,156643.0,4100.0,4110.0,4016.1,4092.6,23876475,4501.8,3683.4,4440.0,3288.1,4032.0,246,4,4031.9,60,2,4031.8,41,2,4031.7,60,1,4031.6,10,1,4032.1,88,4,4032.2,107,2,4032.3,60,3,4032.4,120,7,4032.5,10,1
11483,2026-07-02 11:31:18+05:30,4032.1,20,4045.73,871210,138367.0,156643.0,4100.0,4110.0,4016.1,4092.6,23876475,4501.8,3683.4,4440.0,3288.1,4032.0,246,4,4031.9,60,2,4031.8,41,2,4031.7,60,1,4031.6,10,1,4032.1,88,4,4032.2,107,2,4032.3,60,3,4032.4,120,7,4032.5,10,1
11483,2026-07-02 11:31:19+05:30,4032.1,19,4045.72,871521,138826.0,156766.0,4100.0,4110.0,4016.1,4092.6,23876475,4501.8,3683.4,4440.0,3288.1,4032.0,266,4,4031.9,60,2,4031.8,41,2,4031.7,60,1,4031.6,10,1,4032.1,114,3,4032.2,42,1,4032.3,107,2,4032.4,59,6,4032.6,42,1
11483,2026-07-02 11:31:20+05:30,4032.0,3,4045.72,871521,138826.0,156766.0,4100.0,4110.0,4016.1,4092.6,23876475,4501.8,3683.4,4440.0,3288.1,4032.0,266,4,4031.9,60,2,4031.8,41,2,4031.7,60,1,4031.6,10,1,4032.1,114,3,4032.2,42,1,4032.3,107,2,4032.4,59,6,4032.6,42,1
11483,2026-07-02 11:31:22+05:30,4032.0,16,4045.72,871521,138826.0,156766.0,4100.0,4110.0,4016.1,4092.6,23876475,4501.8,3683.4,4440.0,3288.1,4032.0,266,4,4031.9,60,2,4031.8,41,2,4031.7,60,1,4031.6,10,1,4032.1,114,3,4032.2,42,1,4032.3,107,2,4032.4,59,6,4032.6,42,1
11483,2026-07-02 11:31:24+05:30,4032.1,1,4045.72,871521,138826.0,156766.0,4100.0,4110.0,4016.1,4092.6,23876475,4501.8,3683.4,4440.0,3288.1,4032.0,266,4,4031.9,60,2,4031.8,41,2,4031.7,60,1,4031.6,10,1,4032.1,114,3,4032.2,42,1,4032.3,107,2,4032.4,59,6,4032.6,42,1
11483,2026-07-02 11:31:24+05:30,4032.1,1,4045.72,871653,139285.0,156120.0,4100.0,4110.0,4016.1,4092.6,23876475,4501.8,3683.4,4440.0,3288.1,4032.1,79,1,4032.0,312,7,4031.9,102,3,4031.8,83,3,4031.7,60,1,4032.4,2,2,4032.7,36,1,4032.8,4,3,4033.1,13,1,4033.2,37,3
11483,2026-07-02 11:31:26+05:30,4032.4,4,4045.72,871653,139285.0,156120.0,4100.0,4110.0,4016.1,4092.6,23876475,4501.8,3683.4,4440.0,3288.1,4032.1,79,1,4032.0,312,7,4031.9,102,3,4031.8,83,3,4031.7,60,1,4032.4,2,2,4032.7,36,1,4032.8,4,3,4033.1,13,1,4033.2,37,3
11483,2026-07-02 11:31:28+05:30,4032.7,54,4045.72,871653,139285.0,156120.0,4100.0,4110.0,4016.1,4092.6,23876475,4501.8,3683.4,4440.0,3288.1,4032.1,79,1,4032.0,312,7,4031.9,102,3,4031.8,83,3,4031.7,60,1,4032.4,2,2,4032.7,36,1,4032.8,4,3,4033.1,13,1,4033.2,37,3
11483,2026-07-02 11:31:29+05:30,4032.7,14,4045.72,871817,139899.0,156303.0,4100.0,4110.0,4016.1,4092.6,23876475,4501.8,3683.4,4440.0,3288.1,4032.7,10,1,4032.6,37,1,4032.5,42,1,4032.4,61,3,4032.2,73,2,4032.8,5,4,4033.2,2,1,4033.3,5,2,4033.4,3,1,4033.5,19,1
11483,2026-07-02 11:31:30+05:30,4032.0,148,4045.72,871817,139899.0,156303.0,4100.0,4110.0,4016.1,4092.6,23876475,4501.8,3683.4,4440.0,3288.1,4032.7,10,1,4032.6,37,1,4032.5,42,1,4032.4,61,3,4032.2,73,2,4032.8,5,4,4033.2,2,1,4033.3,5,2,4033.4,3,1,4033.5,19,1
11483,2026-07-02 11:31:32+05:30,4032.7,1,4045.72,871817,139899.0,156303.0,4100.0,4110.0,4016.1,4092.6,23876475,4501.8,3683.4,4440.0,3288.1,4032.7,10,1,4032.6,37,1,4032.5,42,1,4032.4,61,3,4032.2,73,2,4032.8,5,4,4033.2,2,1,4033.3,5,2,4033.4,3,1,4033.5,19,1
11483,2026-07-02 11:31:34+05:30,4032.8,1,4045.7,872679,139158.0,156709.0,4100.0,4110.0,4016.1,4092.6,23876475,4501.8,3683.4,4440.0,3288.1,4032.7,8,1,4032.6,42,1,4032.5,42,1,4032.3,1,1,4032.2,74,2,4032.8,22,4,4033.2,7,2,4033.3,2,1,4033.4,7,2,4033.5,44,3
11483,2026-07-02 11:31:34+05:30,4032.7,18,4045.7,872679,139158.0,156709.0,4100.0,4110.0,4016.1,4092.6,23876475,4501.8,3683.4,4440.0,3288.1,4032.7,8,1,4032.6,42,1,4032.5,42,1,4032.3,1,1,4032.2,74,2,4032.8,22,4,4033.2,7,2,4033.3,2,1,4033.4,7,2,4033.5,44,3
11483,2026-07-02 11:31:36+05:30,4032.8,1,4045.7,872679,139158.0,156709.0,4100.0,4110.0,4016.1,4092.6,23876475,4501.8,3683.4,4440.0,3288.1,4032.7,8,1,4032.6,42,1,4032.5,42,1,4032.3,1,1,4032.2,74,2,4032.8,22,4,4033.2,7,2,4033.3,2,1,4033.4,7,2,4033.5,44,3
11483,2026-07-02 11:31:38+05:30,4032.8,1,4045.7,872679,139158.0,156709.0,4100.0,4110.0,4016.1,4092.6,23876475,4501.8,3683.4,4440.0,3288.1,4032.7,8,1,4032.6,42,1,4032.5,42,1,4032.3,1,1,4032.2,74,2,4032.8,22,4,4033.2,7,2,4033.3,2,1,4033.4,7,2,4033.5,44,3
11483,2026-07-02 11:31:39+05:30,4032.8,1,4045.7,872679,139158.0,156709.0,4100.0,4110.0,4016.1,4092.6,23876475,4501.8,3683.4,4440.0,3288.1,4032.7,8,1,4032.6,42,1,4032.5,42,1,4032.3,1,1,4032.2,74,2,4032.8,22,4,4033.2,7,2,4033.3,2,1,4033.4,7,2,4033.5,44,3
11483,2026-07-02 11:31:39+05:30,4032.8,2,4045.69,873381,138711.0,156710.0,4100.0,4110.0,4016.1,4092.6,23876475,4501.8,3683.4,4440.0,3288.1,4032.0,216,3,4031.9,60,2,4031.8,41,2,4031.7,60,1,4031.6,10,1,4032.8,22,4,4033.2,7,2,4033.3,2,1,4033.4,142,5,4033.5,80,5
11483,2026-07-02 11:31:39+05:30,4032.8,2,4045.69,873381,138711.0,156710.0,4100.0,4110.0,4016.1,4092.6,23876475,4501.8,3683.4,4440.0,3288.1,4032.0,216,3,4031.9,60,2,4031.8,41,2,4031.7,60,1,4031.6,10,1,4032.8,22,4,4033.2,7,2,4033.3,2,1,4033.4,142,5,4033.5,80,5
11483,2026-07-02 11:31:39+05:30,4032.0,6,4045.69,873381,138711.0,156710.0,4100.0,4110.0,4016.1,4092.6,23876475,4501.8,3683.4,4440.0,3288.1,4032.0,216,3,4031.9,60,2,4031.8,41,2,4031.7,60,1,4031.6,10,1,4032.8,22,4,4033.2,7,2,4033.3,2,1,4033.4,142,5,4033.5,80,5
11483,2026-07-02 11:31:40+05:30,4032.0,6,4045.69,873381,138711.0,156710.0,4100.0,4110.0,4016.1,4092.6,23876475,4501.8,3683.4,4440.0,3288.1,4032.0,216,3,4031.9,60,2,4031.8,41,2,4031.7,60,1,4031.6,10,1,4032.8,22,4,4033.2,7,2,4033.3,2,1,4033.4,142,5,4033.5,80,5
11483,2026-07-02 11:31:41+05:30,4032.0,6,4045.69,873381,138711.0,156710.0,4100.0,4110.0,4016.1,4092.6,23876475,4501.8,3683.4,4440.0,3288.1,4032.0,216,3,4031.9,60,2,4031.8,41,2,4031.7,60,1,4031.6,10,1,4032.8,22,4,4033.2,7,2,4033.3,2,1,4033.4,142,5,4033.5,80,5
11483,2026-07-02 11:31:42+05:30,4032.0,6,4045.69,873381,138711.0,156710.0,4100.0,4110.0,4016.1,4092.6,23896075,4501.8,3683.4,4440.0,3288.1,4032.0,216,3,4031.9,60,2,4031.8,41,2,4031.7,60,1,4031.6,10,1,4032.8,22,4,4033.2,7,2,4033.3,2,1,4033.4,142,5,4033.5,80,5
11483,2026-07-02 11:31:42+05:30,4032.4,1,4045.69,873381,138711.0,156710.0,4100.0,4110.0,4016.1,4092.6,23896075,4501.8,3683.4,4440.0,3288.1,4032.0,216,3,4031.9,60,2,4031.8,41,2,4031.7,60,1,4031.6,10,1,4032.8,22,4,4033.2,7,2,4033.3,2,1,4033.4,142,5,4033.5,80,5
11483,2026-07-02 11:31:42+05:30,4032.4,1,4045.69,873381,138711.0,156710.0,4100.0,4110.0,4016.1,4092.6,23896075,4501.8,3683.4,4440.0,3288.1,4032.0,216,3,4031.9,60,2,4031.8,41,2,4031.7,60,1,4031.6,10,1,4032.8,22,4,4033.2,7,2,4033.3,2,1,4033.4,142,5,4033.5,80,5
11483,2026-07-02 11:31:43+05:30,4032.4,1,4045.69,873381,138711.0,156710.0,4100.0,4110.0,4016.1,4092.6,23896075,4501.8,3683.4,4440.0,3288.1,4032.0,216,3,4031.9,60,2,4031.8,41,2,4031.7,60,1,4031.6,10,1,4032.8,22,4,4033.2,7,2,4033.3,2,1,4033.4,142,5,4033.5,80,5
11483,2026-07-02 11:31:43+05:30,4032.4,1,4045.69,873481,138921.0,156776.0,4100.0,4110.0,4016.1,4092.6,23896075,4501.8,3683.4,4440.0,3288.1,4032.2,1,1,4032.0,167,5,4031.9,60,2,4031.8,41,2,4031.7,60,1,4032.4,5,3,4032.8,22,5,4033.2,20,3,4033.3,50,2,4033.4,142,5
11483,2026-07-02 11:31:44+05:30,4032.4,1,4045.69,873481,138921.0,156776.0,4100.0,4110.0,4016.1,4092.6,23896075,4501.8,3683.4,4440.0,3288.1,4032.2,1,1,4032.0,167,5,4031.9,60,2,4031.8,41,2,4031.7,60,1,4032.4,5,3,4032.8,22,5,4033.2,20,3,4033.3,50,2,4033.4,142,5
11483,2026-07-02 11:31:45+05:30,4032.2,1,4045.69,873481,138921.0,156776.0,4100.0,4110.0,4016.1,4092.6,23896075,4501.8,3683.4,4440.0,3288.1,4032.2,1,1,4032.0,167,5,4031.9,60,2,4031.8,41,2,4031.7,60,1,4032.4,5,3,4032.8,22,5,4033.2,20,3,4033.3,50,2,4033.4,142,5
11483,2026-07-02 11:31:48+05:30,4032.8,1,4045.69,873481,138921.0,156776.0,4100.0,4110.0,4016.1,4092.6,23896075,4501.8,3683.4,4440.0,3288.1,4032.2,1,1,4032.0,167,5,4031.9,60,2,4031.8,41,2,4031.7,60,1,4032.4,5,3,4032.8,22,5,4033.2,20,3,4033.3,50,2,4033.4,142,5
11483,2026-07-02 11:31:48+05:30,4032.8,1,4045.69,873521,139019.0,156512.0,4100.0,4110.0,4016.1,4092.6,23896075,4501.8,3683.4,4440.0,3288.1,4032.1,5,1,4032.0,254,6,4031.9,60,2,4031.8,41,2,4031.7,60,1,4032.8,12,3,4033.2,7,2,4033.3,2,1,4033.4,27,3,4033.5,43,4
11483,2026-07-02 11:31:51+05:30,4032.0,1,4045.69,873521,139019.0,156512.0,4100.0,4110.0,4016.1,4092.6,23896075,4501.8,3683.4,4440.0,3288.1,4032.1,5,1,4032.0,254,6,4031.9,60,2,4031.8,41,2,4031.7,60,1,4032.8,12,3,4033.2,7,2,4033.3,2,1,4033.4,27,3,4033.5,43,4
11483,2026-07-02 11:31:53+05:30,4032.2,1,4045.69,873549,138979.0,156543.0,4100.0,4110.0,4016.1,4092.6,23896075,4501.8,3683.4,4440.0,3288.1,4032.2,1,1,4032.0,271,9,4031.9,60,2,4031.8,40,1,4031.7,60,1,4032.4,2,2,4032.8,12,4,4032.9,5,1,4033.2,2,1,4033.3,2,1
11483,2026-07-02 11:31:54+05:30,4032.0,1,4045.69,873549,138979.0,156543.0,4100.0,4110.0,4016.1,4092.6,23896075,4501.8,3683.4,4440.0,3288.1,4032.2,1,1,4032.0,271,9,4031.9,60,2,4031.8,40,1,4031.7,60,1,4032.4,2,2,4032.8,12,4,4032.9,5,1,4033.2,2,1,4033.3,2,1
11483,2026-07-02 11:31:56+05:30,4032.0,1,4045.69,873549,138979.0,156543.0,4100.0,4110.0,4016.1,4092.6,23896075,4501.8,3683.4,4440.0,3288.1,4032.2,1,1,4032.0,271,9,4031.9,60,2,4031.8,40,1,4031.7,60,1,4032.4,2,2,4032.8,12,4,4032.9,5,1,4033.2,2,1,4033.3,2,1
11483,2026-07-02 11:31:58+05:30,4032.0,1,4045.69,873762,139578.0,156824.0,4100.0,4110.0,4016.1,4092.6,23896075,4501.8,3683.4,4440.0,3288.1,4032.0,332,9,4031.9,60,2,4031.8,40,1,4031.7,60,1,4031.6,10,1,4033.2,20,2,4033.3,34,3,4033.4,54,7,4033.5,92,6,4033.6,2,1
11483,2026-07-02 11:31:58+05:30,4032.0,1,4045.69,873762,139578.0,156824.0,4100.0,4110.0,4016.1,4092.6,23896075,4501.8,3683.4,4440.0,3288.1,4032.0,332,9,4031.9,60,2,4031.8,40,1,4031.7,60,1,4031.6,10,1,4033.2,20,2,4033.3,34,3,4033.4,54,7,4033.5,92,6,4033.6,2,1
11483,2026-07-02 11:32:00+05:30,4032.1,1,4045.69,873762,139578.0,156824.0,4100.0,4110.0,4016.1,4092.6,23896075,4501.8,3683.4,4440.0,3288.1,4032.0,332,9,4031.9,60,2,4031.8,40,1,4031.7,60,1,4031.6,10,1,4033.2,20,2,4033.3,34,3,4033.4,54,7,4033.5,92,6,4033.6,2,1
11483,2026-07-02 11:32:02+05:30,4032.6,4,4045.69,873829,139529.0,156993.0,4100.0,4110.0,4016.1,4092.6,23896075,4501.8,3683.4,4440.0,3288.1,4032.0,290,9,4031.9,60,2,4031.8,40,1,4031.7,60,1,4031.6,10,1,4032.6,31,5,4032.8,44,5,4032.9,44,5,4033.0,35,4,4033.1,9,1
11483,2026-07-02 11:32:02+05:30,4032.0,8,4045.69,873829,139529.0,156993.0,4100.0,4110.0,4016.1,4092.6,23896075,4501.8,3683.4,4440.0,3288.1,4032.0,290,9,4031.9,60,2,4031.8,40,1,4031.7,60,1,4031.6,10,1,4032.6,31,5,4032.8,44,5,4032.9,44,5,4033.0,35,4,4033.1,9,1
11483,2026-07-02 11:32:04+05:30,4032.0,1,4045.69,873829,139529.0,156993.0,4100.0,4110.0,4016.1,4092.6,23896075,4501.8,3683.4,4440.0,3288.1,4032.0,290,9,4031.9,60,2,4031.8,40,1,4031.7,60,1,4031.6,10,1,4032.6,31,5,4032.8,44,5,4032.9,44,5,4033.0,35,4,4033.1,9,1
11483,2026-07-02 11:32:06+05:30,4032.0,1,4045.69,873829,139529.0,156993.0,4100.0,4110.0,4016.1,4092.6,23896075,4501.8,3683.4,4440.0,3288.1,4032.0,290,9,4031.9,60,2,4031.8,40,1,4031.7,60,1,4031.6,10,1,4032.6,31,5,4032.8,44,5,4032.9,44,5,4033.0,35,4,4033.1,9,1
11483,2026-07-02 11:32:07+05:30,4032.5,1,4045.68,874187,139059.0,157024.0,4100.0,4110.0,4016.1,4092.6,23896075,4501.8,3683.4,4440.0,3288.1,4032.0,229,3,4031.9,60,2,4031.8,40,1,4031.7,60,1,4031.6,10,1,4032.5,13,3,4032.6,30,5,4032.8,31,4,4032.9,44,5,4033.0,35,4
11483,2026-07-02 11:32:08+05:30,4032.0,1,4045.68,874187,139059.0,157024.0,4100.0,4110.0,4016.1,4092.6,23896075,4501.8,3683.4,4440.0,3288.1,4032.0,229,3,4031.9,60,2,4031.8,40,1,4031.7,60,1,4031.6,10,1,4032.5,13,3,4032.6,30,5,4032.8,31,4,4032.9,44,5,4033.0,35,4
11483,2026-07-02 11:32:11+05:30,4032.0,1,4045.68,874187,139059.0,157024.0,4100.0,4110.0,4016.1,4092.6,23896075,4501.8,3683.4,4440.0,3288.1,4032.0,229,3,4031.9,60,2,4031.8,40,1,4031.7,60,1,4031.6,10,1,4032.5,13,3,4032.6,30,5,4032.8,31,4,4032.9,44,5,4033.0,35,4
11483,2026-07-02 11:32:11+05:30,4032.0,1,4045.68,874264,139247.0,156960.0,4100.0,4110.0,4016.1,4092.6,23896075,4501.8,3683.4,4440.0,3288.1,4032.0,254,4,4031.9,60,2,4031.8,40,1,4031.7,60,1,4031.6,10,1,4032.3,1,1,4032.5,9,3,4032.6,28,3,4032.8,31,4,4032.9,35,4
11483,2026-07-02 11:32:14+05:30,4032.0,1,4045.68,874264,139247.0,156960.0,4100.0,4110.0,4016.1,4092.6,23896075,4501.8,3683.4,4440.0,3288.1,4032.0,254,4,4031.9,60,2,4031.8,40,1,4031.7,60,1,4031.6,10,1,4032.3,1,1,4032.5,9,3,4032.6,28,3,4032.8,31,4,4032.9,35,4
11483,2026-07-02 11:32:16+05:30,4032.0,3,4045.68,874295,139737.0,156718.0,4100.0,4110.0,4016.1,4092.6,23896075,4501.8,3683.4,4440.0,3288.1,4032.3,1,1,4032.0,293,10,4031.9,60,2,4031.8,40,1,4031.7,60,1,4032.6,23,2,4032.8,26,3,4032.9,23,2,4033.0,5,1,4033.2,26,3
11483,2026-07-02 11:32:17+05:30,4032.0,5,4045.68,874295,139737.0,156718.0,4100.0,4110.0,4016.1,4092.6,23896075,4501.8,3683.4,4440.0,3288.1,4032.3,1,1,4032.0,293,10,4031.9,60,2,4031.8,40,1,4031.7,60,1,4032.6,23,2,4032.8,26,3,4032.9,23,2,4033.0,5,1,4033.2,26,3
11483,2026-07-02 11:32:20+05:30,4032.5,20,4045.68,874295,139737.0,156718.0,4100.0,4110.0,4016.1,4092.6,23896075,4501.8,3683.4,4440.0,3288.1,4032.3,1,1,4032.0,293,10,4031.9,60,2,4031.8,40,1,4031.7,60,1,4032.6,23,2,4032.8,26,3,4032.9,23,2,4033.0,5,1,4033.2,26,3
11483,2026-07-02 11:32:21+05:30,4032.2,2,4045.68,874349,139611.0,156714.0,4100.0,4110.0,4016.1,4092.6,23896075,4501.8,3683.4,4440.0,3288.1,4032.0,301,11,4031.9,60,2,4031.8,40,1,4031.7,60,1,4031.6,10,1,4032.2,10,3,4032.3,23,4,4032.6,26,3,4032.8,33,4,4032.9,28,3
11483,2026-07-02 11:32:23+05:30,4032.2,1,4045.68,874349,139611.0,156714.0,4100.0,4110.0,4016.1,4092.6,23896075,4501.8,3683.4,4440.0,3288.1,4032.0,301,11,4031.9,60,2,4031.8,40,1,4031.7,60,1,4031.6,10,1,4032.2,10,3,4032.3,23,4,4032.6,26,3,4032.8,33,4,4032.9,28,3
11483,2026-07-02 11:32:26+05:30,4032.0,117,4045.67,874849,138501.0,156782.0,4100.0,4110.0,4016.1,4092.6,23896075,4501.8,3683.4,4440.0,3288.1,4032.0,248,4,4031.9,60,2,4031.8,40,1,4031.7,60,1,4031.6,10,1,4032.2,15,4,4032.3,31,5,4032.4,8,1,4032.5,13,2,4032.6,44,5
11483,2026-07-02 11:32:26+05:30,4032.0,17,4045.67,874849,138501.0,156782.0,4100.0,4110.0,4016.1,4092.6,23896075,4501.8,3683.4,4440.0,3288.1,4032.0,248,4,4031.9,60,2,4031.8,40,1,4031.7,60,1,4031.6,10,1,4032.2,15,4,4032.3,31,5,4032.4,8,1,4032.5,13,2,4032.6,44,5
11483,2026-07-02 11:32:28+05:30,4032.0,1,4045.67,874849,138501.0,156782.0,4100.0,4110.0,4016.1,4092.6,23896075,4501.8,3683.4,4440.0,3288.1,4032.0,248,4,4031.9,60,2,4031.8,40,1,4031.7,60,1,4031.6,10,1,4032.2,15,4,4032.3,31,5,4032.4,8,1,4032.5,13,2,4032.6,44,5
11483,2026-07-02 11:32:30+05:30,4032.1,7,4045.66,875331,138887.0,157184.0,4100.0,4110.0,4016.1,4092.6,23896075,4501.8,3683.4,4440.0,3288.1,4032.0,577,7,4031.9,60,2,4031.8,40,1,4031.7,60,1,4031.6,10,1,4032.1,34,4,4032.2,13,3,4032.3,23,4,4032.6,32,4,4032.7,209,4
11483,2026-07-02 11:32:30+05:30,4032.0,5,4045.66,875331,138887.0,157184.0,4100.0,4110.0,4016.1,4092.6,23896075,4501.8,3683.4,4440.0,3288.1,4032.0,577,7,4031.9,60,2,4031.8,40,1,4031.7,60,1,4031.6,10,1,4032.1,34,4,4032.2,13,3,4032.3,23,4,4032.6,32,4,4032.7,209,4
11483,2026-07-02 11:32:32+05:30,4032.1,3,4045.66,875331,138887.0,157184.0,4100.0,4110.0,4016.1,4092.6,23896075,4501.8,3683.4,4440.0,3288.1,4032.0,577,7,4031.9,60,2,4031.8,40,1,4031.7,60,1,4031.6,10,1,4032.1,34,4,4032.2,13,3,4032.3,23,4,4032.6,32,4,4032.7,209,4
11483,2026-07-02 11:32:35+05:30,4032.1,1,4045.66,875420,138882.0,157176.0,4100.0,4110.0,4016.1,4092.6,23896075,4501.8,3683.4,4440.0,3288.1,4032.0,518,9,4031.9,60,2,4031.8,40,1,4031.7,60,1,4031.6,10,1,4032.1,26,5,4032.2,10,2,4032.3,23,4,4032.6,32,4,4032.7,209,4
11483,2026-07-02 11:32:35+05:30,4032.0,1,4045.66,875420,138882.0,157176.0,4100.0,4110.0,4016.1,4092.6,23896075,4501.8,3683.4,4440.0,3288.1,4032.0,518,9,4031.9,60,2,4031.8,40,1,4031.7,60,1,4031.6,10,1,4032.1,26,5,4032.2,10,2,4032.3,23,4,4032.6,32,4,4032.7,209,4
11483,2026-07-02 11:32:38+05:30,4032.0,1,4045.66,875420,138882.0,157176.0,4100.0,4110.0,4016.1,4092.6,23896075,4501.8,3683.4,4440.0,3288.1,4032.0,518,9,4031.9,60,2,4031.8,40,1,4031.7,60,1,4031.6,10,1,4032.1,26,5,4032.2,10,2,4032.3,23,4,4032.6,32,4,4032.7,209,4
11483,2026-07-02 11:32:38+05:30,4029.0,9,4045.66,875420,138882.0,157176.0,4100.0,4110.0,4016.1,4092.6,23896075,4501.8,3683.4,4440.0,3288.1,4032.0,518,9,4031.9,60,2,4031.8,40,1,4031.7,60,1,4031.6,10,1,4032.1,26,5,4032.2,10,2,4032.3,23,4,4032.6,32,4,4032.7,209,4
11483,2026-07-02 11:32:38+05:30,4029.0,9,4045.66,875420,138882.0,157176.0,4100.0,4110.0,4016.1,4092.6,23896075,4501.8,3683.4,4440.0,3288.1,4032.0,518,9,4031.9,60,2,4031.8,40,1,4031.7,60,1,4031.6,10,1,4032.1,26,5,4032.2,10,2,4032.3,23,4,4032.6,32,4,4032.7,209,4
11483,2026-07-02 11:32:39+05:30,4029.0,9,4045.66,875420,138882.0,157176.0,4100.0,4110.0,4016.1,4092.6,23896075,4501.8,3683.4,4440.0,3288.1,4032.0,518,9,4031.9,60,2,4031.8,40,1,4031.7,60,1,4031.6,10,1,4032.1,26,5,4032.2,10,2,4032.3,23,4,4032.6,32,4,4032.7,209,4
11483,2026-07-02 11:32:40+05:30,4028.3,1,4045.47,886956,133631.0,160794.0,4100.0,4110.0,4016.1,4092.6,23896075,4501.8,3683.4,4440.0,3288.1,4028.2,5,1,4028.1,13,4,4028.0,257,21,4027.8,18,1,4027.5,13,2,4028.8,12,2,4029.1,10,1,4029.2,24,2,4029.3,15,2,4029.4,5,1
11483,2026-07-02 11:32:40+05:30,4028.3,1,4045.47,886956,133631.0,160794.0,4100.0,4110.0,4016.1,4092.6,23896075,4501.8,3683.4,4440.0,3288.1,4028.2,5,1,4028.1,13,4,4028.0,257,21,4027.8,18,1,4027.5,13,2,4028.8,12,2,4029.1,10,1,4029.2,24,2,4029.3,15,2,4029.4,5,1
11483,2026-07-02 11:32:41+05:30,4028.3,1,4045.47,886956,133631.0,160794.0,4100.0,4110.0,4016.1,4092.6,23896075,4501.8,3683.4,4440.0,3288.1,4028.2,5,1,4028.1,13,4,4028.0,257,21,4027.8,18,1,4027.5,13,2,4028.8,12,2,4029.1,10,1,4029.2,24,2,4029.3,15,2,4029.4,5,1
11483,2026-07-02 11:32:41+05:30,4028.0,16,4045.47,886956,133631.0,160794.0,4100.0,4110.0,4016.1,4092.6,23896075,4501.8,3683.4,4440.0,3288.1,4028.2,5,1,4028.1,13,4,4028.0,257,21,4027.8,18,1,4027.5,13,2,4028.8,12,2,4029.1,10,1,4029.2,24,2,4029.3,15,2,4029.4,5,1
11483,2026-07-02 11:32:41+05:30,4028.0,16,4045.47,886956,133631.0,160794.0,4100.0,4110.0,4016.1,4092.6,23896075,4501.8,3683.4,4440.0,3288.1,4028.2,5,1,4028.1,13,4,4028.0,257,21,4027.8,18,1,4027.5,13,2,4028.8,12,2,4029.1,10,1,4029.2,24,2,4029.3,15,2,4029.4,5,1
11483,2026-07-02 11:32:42+05:30,4028.0,16,4045.47,886956,133631.0,160794.0,4100.0,4110.0,4016.1,4092.6,23896075,4501.8,3683.4,4440.0,3288.1,4028.2,5,1,4028.1,13,4,4028.0,257,21,4027.8,18,1,4027.5,13,2,4028.8,12,2,4029.1,10,1,4029.2,24,2,4029.3,15,2,4029.4,5,1
11483,2026-07-02 11:32:42+05:30,4028.0,16,4045.47,886956,133631.0,160794.0,4100.0,4110.0,4016.1,4092.6,23920400,4501.8,3683.4,4440.0,3288.1,4028.2,5,1,4028.1,13,4,4028.0,257,21,4027.8,18,1,4027.5,13,2,4028.8,12,2,4029.1,10,1,4029.2,24,2,4029.3,15,2,4029.4,5,1
11483,2026-07-02 11:32:43+05:30,4028.0,16,4045.47,886956,133631.0,160794.0,4100.0,4110.0,4016.1,4092.6,23920400,4501.8,3683.4,4440.0,3288.1,4028.2,5,1,4028.1,13,4,4028.0,257,21,4027.8,18,1,4027.5,13,2,4028.8,12,2,4029.1,10,1,4029.2,24,2,4029.3,15,2,4029.4,5,1
11483,2026-07-02 11:32:43+05:30,4028.1,1,4045.47,886956,133631.0,160794.0,4100.0,4110.0,4016.1,4092.6,23920400,4501.8,3683.4,4440.0,3288.1,4028.2,5,1,4028.1,13,4,4028.0,257,21,4027.8,18,1,4027.5,13,2,4028.8,12,2,4029.1,10,1,4029.2,24,2,4029.3,15,2,4029.4,5,1
11483,2026-07-02 11:32:43+05:30,4028.1,1,4045.47,886956,133631.0,160794.0,4100.0,4110.0,4016.1,4092.6,23920400,4501.8,3683.4,4440.0,3288.1,4028.2,5,1,4028.1,13,4,4028.0,257,21,4027.8,18,1,4027.5,13,2,4028.8,12,2,4029.1,10,1,4029.2,24,2,4029.3,15,2,4029.4,5,1
11483,2026-07-02 11:32:44+05:30,4028.1,1,4045.47,886956,133631.0,160794.0,4100.0,4110.0,4016.1,4092.6,23920400,4501.8,3683.4,4440.0,3288.1,4028.2,5,1,4028.1,13,4,4028.0,257,21,4027.8,18,1,4027.5,13,2,4028.8,12,2,4029.1,10,1,4029.2,24,2,4029.3,15,2,4029.4,5,1
11483,2026-07-02 11:32:44+05:30,4028.0,3,4045.47,887218,133358.0,160491.0,4100.0,4110.0,4016.1,4092.6,23920400,4501.8,3683.4,4440.0,3288.1,4028.0,105,5,4027.8,18,1,4027.5,1,1,4027.2,21,1,4027.0,52,10,4028.1,19,2,4028.2,138,3,4028.6,175,1,4028.7,5,2,4028.8,18,4
11483,2026-07-02 11:32:45+05:30,4028.0,2,4045.47,887218,133358.0,160491.0,4100.0,4110.0,4016.1,4092.6,23920400,4501.8,3683.4,4440.0,3288.1,4028.0,105,5,4027.8,18,1,4027.5,1,1,4027.2,21,1,4027.0,52,10,4028.1,19,2,4028.2,138,3,4028.6,175,1,4028.7,5,2,4028.8,18,4
11483,2026-07-02 11:32:47+05:30,4027.0,1,4045.47,887218,133358.0,160491.0,4100.0,4110.0,4016.1,4092.6,23920400,4501.8,3683.4,4440.0,3288.1,4028.0,105,5,4027.8,18,1,4027.5,1,1,4027.2,21,1,4027.0,52,10,4028.1,19,2,4028.2,138,3,4028.6,175,1,4028.7,5,2,4028.8,18,4
11483,2026-07-02 11:32:49+05:30,4027.0,1,4045.46,887430,132838.0,159916.0,4100.0,4110.0,4016.1,4092.6,23920400,4501.8,3683.4,4440.0,3288.1,4026.8,5,1,4026.6,122,2,4026.5,40,1,4026.3,22,1,4026.1,83,7,4027.0,62,1,4027.8,15,2,4027.9,58,2,4028.0,120,8,4028.1,460,10
11483,2026-07-02 11:32:50+05:30,4026.6,1,4045.46,887430,132838.0,159916.0,4100.0,4110.0,4016.1,4092.6,23920400,4501.8,3683.4,4440.0,3288.1,4026.8,5,1,4026.6,122,2,4026.5,40,1,4026.3,22,1,4026.1,83,7,4027.0,62,1,4027.8,15,2,4027.9,58,2,4028.0,120,8,4028.1,460,10
11483,2026-07-02 11:32:53+05:30,4026.8,1,4045.46,887430,132838.0,159916.0,4100.0,4110.0,4016.1,4092.6,23920400,4501.8,3683.4,4440.0,3288.1,4026.8,5,1,4026.6,122,2,4026.5,40,1,4026.3,22,1,4026.1,83,7,4027.0,62,1,4027.8,15,2,4027.9,58,2,4028.0,120,8,4028.1,460,10
11483,2026-07-02 11:32:54+05:30,4026.8,1,4045.46,887651,132965.0,159556.0,4100.0,4110.0,4016.1,4092.6,23920400,4501.8,3683.4,4440.0,3288.1,4026.1,56,4,4026.0,381,13,4025.9,5,1,4025.8,8,3,4025.7,2,1,4026.8,2,1,4027.0,70,2,4027.4,17,2,4027.5,18,1,4027.6,19,1
11483,2026-07-02 11:32:56+05:30,4026.6,1,4045.46,887651,132965.0,159556.0,4100.0,4110.0,4016.1,4092.6,23920400,4501.8,3683.4,4440.0,3288.1,4026.1,56,4,4026.0,381,13,4025.9,5,1,4025.8,8,3,4025.7,2,1,4026.8,2,1,4027.0,70,2,4027.4,17,2,4027.5,18,1,4027.6,19,1
11483,2026-07-02 11:32:58+05:30,4027.0,1,4045.46,887819,133346.0,159086.0,4100.0,4110.0,4016.1,4092.6,23920400,4501.8,3683.4,4440.0,3288.1,4027.0,1,1,4026.8,1,1,4026.6,7,1,4026.2,7,1,4026.1,24,5,4027.6,65,4,4027.7,7,1,4027.8,40,4,4027.9,45,2,4028.0,69,7
11483,2026-07-02 11:32:59+05:30,4026.6,1,4045.46,887819,133346.0,159086.0,4100.0,4110.0,4016.1,4092.6,23920400,4501.8,3683.4,4440.0,3288.1,4027.0,1,1,4026.8,1,1,4026.6,7,1,4026.2,7,1,4026.1,24,5,4027.6,65,4,4027.7,7,1,4027.8,40,4,4027.9,45,2,4028.0,69,7
11483,2026-07-02 11:33:02+05:30,4026.2,1,4045.46,887819,133346.0,159086.0,4100.0,4110.0,4016.1,4092.6,23920400,4501.8,3683.4,4440.0,3288.1,4027.0,1,1,4026.8,1,1,4026.6,7,1,4026.2,7,1,4026.1,24,5,4027.6,65,4,4027.7,7,1,4027.8,40,4,4027.9,45,2,4028.0,69,7
11483,2026-07-02 11:33:02+05:30,4026.2,1,4045.45,887911,134287.0,159197.0,4100.0,4110.0,4016.1,4092.6,23920400,4501.8,3683.4,4440.0,3288.1,4026.2,1,1,4026.0,339,13,4025.9,5,1,4025.8,6,2,4025.7,4,2,4026.4,1,1,4026.6,46,1,4026.8,12,1,4027.0,3,1,4027.2,12,1
11483,2026-07-02 11:33:05+05:30,4026.0,100,4045.45,887911,134287.0,159197.0,4100.0,4110.0,4016.1,4092.6,23920400,4501.8,3683.4,4440.0,3288.1,4026.2,1,1,4026.0,339,13,4025.9,5,1,4025.8,6,2,4025.7,4,2,4026.4,1,1,4026.6,46,1,4026.8,12,1,4027.0,3,1,4027.2,12,1
11483,2026-07-02 11:33:07+05:30,4026.5,1,4045.45,888170,134096.0,159478.0,4100.0,4110.0,4016.1,4092.6,23920400,4501.8,3683.4,4440.0,3288.1,4026.4,4,1,4026.2,5,2,4026.0,218,14,4025.9,5,1,4025.8,6,2,4026.5,1,1,4026.6,147,3,4026.9,12,1,4027.0,16,3,4027.1,35,2
11483,2026-07-02 11:33:08+05:30,4026.4,1,4045.45,888170,134096.0,159478.0,4100.0,4110.0,4016.1,4092.6,23920400,4501.8,3683.4,4440.0,3288.1,4026.4,4,1,4026.2,5,2,4026.0,218,14,4025.9,5,1,4025.8,6,2,4026.5,1,1,4026.6,147,3,4026.9,12,1,4027.0,16,3,4027.1,35,2
11483,2026-07-02 11:33:11+05:30,4026.3,1,4045.45,888170,134096.0,159478.0,4100.0,4110.0,4016.1,4092.6,23920400,4501.8,3683.4,4440.0,3288.1,4026.4,4,1,4026.2,5,2,4026.0,218,14,4025.9,5,1,4025.8,6,2,4026.5,1,1,4026.6,147,3,4026.9,12,1,4027.0,16,3,4027.1,35,2
11483,2026-07-02 11:33:12+05:30,4026.2,1,4045.44,888312,134659.0,159202.0,4100.0,4110.0,4016.1,4092.6,23920400,4501.8,3683.4,4440.0,3288.1,4026.1,1,1,4026.0,646,12,4025.9,5,1,4025.8,18,3,4025.6,28,3,4026.3,44,2,4026.4,181,7,4026.5,45,2,4026.6,146,2,4026.7,42,1
11483,2026-07-02 11:33:14+05:30,4026.0,4,4045.44,888312,134659.0,159202.0,4100.0,4110.0,4016.1,4092.6,23920400,4501.8,3683.4,4440.0,3288.1,4026.1,1,1,4026.0,646,12,4025.9,5,1,4025.8,18,3,4025.6,28,3,4026.3,44,2,4026.4,181,7,4026.5,45,2,4026.6,146,2,4026.7,42,1
11483,2026-07-02 11:33:17+05:30,4026.4,1,4045.44,888610,134831.0,158958.0,4100.0,4110.0,4016.1,4092.6,23920400,4501.8,3683.4,4440.0,3288.1,4026.0,633,12,4025.9,5,1,4025.8,6,2,4025.7,2,1,4025.6,24,1,4026.4,147,5,4026.6,146,2,4027.0,4,2,4027.1,14,1,4027.2,20,1
11483,2026-07-02 11:33:17+05:30,4026.4,2,4045.44,888610,134831.0,158958.0,4100.0,4110.0,4016.1,4092.6,23920400,4501.8,3683.4,4440.0,3288.1,4026.0,633,12,4025.9,5,1,4025.8,6,2,4025.7,2,1,4025.6,24,1,4026.4,147,5,4026.6,146,2,4027.0,4,2,4027.1,14,1,4027.2,20,1
11483,2026-07-02 11:33:20+05:30,4026.4,22,4045.43,888790,135211.0,158936.0,4100.0,4110.0,4016.1,4092.6,23920400,4501.8,3683.4,4440.0,3288.1,4026.2,81,3,4026.1,42,1,4026.0,585,9,4025.9,47,2,4025.8,18,3,4026.4,119,6,4026.6,146,2,4027.0,4,2,4027.3,24,1,4027.4,67,3
11483,2026-07-02 11:33:20+05:30,4026.4,20,4045.43,888790,135211.0,158936.0,4100.0,4110.0,4016.1,4092.6,23920400,4501.8,3683.4,4440.0,3288.1,4026.2,81,3,4026.1,42,1,4026.0,585,9,4025.9,47,2,4025.8,18,3,4026.4,119,6,4026.6,146,2,4027.0,4,2,4027.3,24,1,4027.4,67,3
11483,2026-07-02 11:33:21+05:30,4026.3,1,4045.43,888895,135149.0,158884.0,4100.0,4110.0,4016.1,4092.6,23920400,4501.8,3683.4,4440.0,3288.1,4026.2,39,1,4026.1,42,1,4026.0,585,9,4025.9,47,2,4025.8,6,2,4026.3,1,1,4026.4,42,7,4026.6,146,2,4027.0,4,2,4027.3,24,1
11483,2026-07-02 11:33:21+05:30,4026.4,77,4045.43,888895,135149.0,158884.0,4100.0,4110.0,4016.1,4092.6,23920400,4501.8,3683.4,4440.0,3288.1,4026.2,39,1,4026.1,42,1,4026.0,585,9,4025.9,47,2,4025.8,6,2,4026.3,1,1,4026.4,42,7,4026.6,146,2,4027.0,4,2,4027.3,24,1
11483,2026-07-02 11:33:22+05:30,4026.4,1,4045.43,889038,135187.0,158908.0,4100.0,4110.0,4016.1,4092.6,23920400,4501.8,3683.4,4440.0,3288.1,4026.2,119,3,4026.1,115,2,4026.0,644,10,4025.9,47,2,4025.8,6,2,4026.4,70,5,4026.6,146,2,4027.0,4,2,4027.3,27,2,4027.4,52,3
11483,2026-07-02 11:33:22+05:30,4026.4,25,4045.43,889038,135187.0,158908.0,4100.0,4110.0,4016.1,4092.6,23920400,4501.8,3683.4,4440.0,3288.1,4026.2,119,3,4026.1,115,2,4026.0,644,10,4025.9,47,2,4025.8,6,2,4026.4,70,5,4026.6,146,2,4027.0,4,2,4027.3,27,2,4027.4,52,3
11483,2026-07-02 11:33:23+05:30,4026.4,1,4045.43,889150,135030.0,159004.0,4100.0,4110.0,4016.1,4092.6,23920400,4501.8,3683.4,4440.0,3288.1,4026.3,42,1,4026.2,12,1,4026.1,73,1,4026.0,688,12,4025.9,5,1,4026.4,50,6,4026.6,146,2,4026.9,5,1,4027.0,4,2,4027.3,27,2
11483,2026-07-02 11:33:23+05:30,4026.3,14,4045.43,889150,135030.0,159004.0,4100.0,4110.0,4016.1,4092.6,23920400,4501.8,3683.4,4440.0,3288.1,4026.3,42,1,4026.2,12,1,4026.1,73,1,4026.0,688,12,4025.9,5,1,4026.4,50,6,4026.6,146,2,4026.9,5,1,4027.0,4,2,4027.3,27,2
11483,2026-07-02 11:33:24+05:30,4026.4,60,4045.42,889276,134990.0,159115.0,4100.0,4110.0,4016.1,4092.6,23920400,4501.8,3683.4,4440.0,3288.1,4026.3,87,2,4026.2,73,1,4026.1,42,1,4026.0,599,11,4025.9,47,2,4026.4,86,6,4026.6,146,2,4026.9,5,1,4027.0,4,2,4027.3,27,2
11483,2026-07-02 11:33:24+05:30,4026.4,55,4045.42,889276,134990.0,159115.0,4100.0,4110.0,4016.1,4092.6,23920400,4501.8,3683.4,4440.0,3288.1,4026.3,87,2,4026.2,73,1,4026.1,42,1,4026.0,599,11,4025.9,47,2,4026.4,86,6,4026.6,146,2,4026.9,5,1,4027.0,4,2,4027.3,27,2
11483,2026-07-02 11:33:25+05:30,4026.4,5,4045.42,889696,134421.0,159099.0,4100.0,4110.0,4016.1,4092.6,23920400,4501.8,3683.4,4440.0,3288.1,4026.3,23,1,4026.2,74,1,4026.1,42,1,4026.0,599,11,4025.9,47,2,4026.4,52,11,4026.5,6,1,4026.6,154,3,4026.8,9,1,4026.9,14,2
11483,2026-07-02 11:33:25+05:30,4026.4,1,4045.42,889696,134421.0,159099.0,4100.0,4110.0,4016.1,4092.6,23920400,4501.8,3683.4,4440.0,3288.1,4026.3,23,1,4026.2,74,1,4026.1,42,1,4026.0,599,11,4025.9,47,2,4026.4,52,11,4026.5,6,1,4026.6,154,3,4026.8,9,1,4026.9,14,2
11483,2026-07-02 11:33:26+05:30,4026.4,8,4045.41,889900,135095.0,159155.0,4100.0,4110.0,4016.1,4092.6,23920400,4501.8,3683.4,4440.0,3288.1,4026.3,71,1,4026.2,74,1,4026.0,642,13,4025.9,5,1,4025.8,48,3,4026.4,36,7,4026.6,146,2,4026.9,2,1,4027.0,22,4,4027.1,33,2
11483,2026-07-02 11:33:26+05:30,4026.4,10,4045.41,889900,135095.0,159155.0,4100.0,4110.0,4016.1,4092.6,23920400,4501.8,3683.4,4440.0,3288.1,4026.3,71,1,4026.2,74,1,4026.0,642,13,4025.9,5,1,4025.8,48,3,4026.4,36,7,4026.6,146,2,4026.9,2,1,4027.0,22,4,4027.1,33,2
11483,2026-07-02 11:33:26+05:30,4026.4,10,4045.41,889951,134968.0,159165.0,4100.0,4110.0,4016.1,4092.6,23920400,4501.8,3683.4,4440.0,3288.1,4026.3,42,1,4026.2,116,2,4026.0,642,13,4025.9,5,1,4025.8,48,3,4026.4,28,8,4026.6,158,4,4026.9,33,2,4027.0,22,4,4027.1,22,2
11483,2026-07-02 11:33:27+05:30,4026.3,175,4045.41,889951,134968.0,159165.0,4100.0,4110.0,4016.1,4092.6,23920400,4501.8,3683.4,4440.0,3288.1,4026.3,42,1,4026.2,116,2,4026.0,642,13,4025.9,5,1,4025.8,48,3,4026.4,28,8,4026.6,158,4,4026.9,33,2,4027.0,22,4,4027.1,22,2
11483,2026-07-02 11:33:28+05:30,4026.4,1,4045.4,890308,135208.0,159166.0,4100.0,4110.0,4016.1,4092.6,23920400,4501.8,3683.4,4440.0,3288.1,4026.3,21,1,4026.2,106,2,4026.1,42,1,4026.0,588,11,4025.9,47,2,4026.4,48,6,4026.6,107,2,4026.9,2,1,4027.0,9,3,4027.1,22,2
11483,2026-07-02 11:33:28+05:30,4026.3,3,4045.4,890308,135208.0,159166.0,4100.0,4110.0,4016.1,4092.6,23920400,4501.8,3683.4,4440.0,3288.1,4026.3,21,1,4026.2,106,2,4026.1,42,1,4026.0,588,11,4025.9,47,2,4026.4,48,6,4026.6,107,2,4026.9,2,1,4027.0,9,3,4027.1,22,2
11483,2026-07-02 11:33:29+05:30,4026.3,43,4045.4,890511,135100.0,159196.0,4100.0,4110.0,4016.1,4092.6,23920400,4501.8,3683.4,4440.0,3288.1,4026.2,77,1,4026.1,22,1,4026.0,694,13,4025.9,88,2,4025.8,48,3,4026.3,18,1,4026.4,51,7,4026.6,100,1,4026.7,175,1,4026.8,2,1
11483,2026-07-02 11:33:29+05:30,4026.3,1,4045.4,890511,135100.0,159196.0,4100.0,4110.0,4016.1,4092.6,23920400,4501.8,3683.4,4440.0,3288.1,4026.2,77,1,4026.1,22,1,4026.0,694,13,4025.9,88,2,4025.8,48,3,4026.3,18,1,4026.4,51,7,4026.6,100,1,4026.7,175,1,4026.8,2,1
11483,2026-07-02 11:33:30+05:30,4026.2,1,4045.4,890600,135229.0,159374.0,4100.0,4110.0,4016.1,4092.6,23920400,4501.8,3683.4,4440.0,3288.1,4026.2,156,3,4026.1,22,1,4026.0,630,12,4025.9,88,2,4025.8,48,3,4026.3,22,2,4026.4,46,4,4026.6,100,1,4026.7,175,1,4026.8,2,1
11483,2026-07-02 11:33:30+05:30,4026.3,55,4045.4,890600,135229.0,159374.0,4100.0,4110.0,4016.1,4092.6,23920400,4501.8,3683.4,4440.0,3288.1,4026.2,156,3,4026.1,22,1,4026.0,630,12,4025.9,88,2,4025.8,48,3,4026.3,22,2,4026.4,46,4,4026.6,100,1,4026.7,175,1,4026.8,2,1
11483,2026-07-02 11:33:31+05:30,4026.2,2,4045.39,890981,135266.0,159371.0,4100.0,4110.0,4016.1,4092.6,23920400,4501.8,3683.4,4440.0,3288.1,4026.2,137,4,4026.1,22,1,4026.0,630,12,4025.9,88,2,4025.8,48,3,4026.4,97,3,4026.6,100,1,4026.7,207,2,4026.8,2,1,4026.9,177,2
11483,2026-07-02 11:33:31+05:30,4026.4,1,4045.39,890981,135266.0,159371.0,4100.0,4110.0,4016.1,4092.6,23920400,4501.8,3683.4,4440.0,3288.1,4026.2,137,4,4026.1,22,1,4026.0,630,12,4025.9,88,2,4025.8,48,3,4026.4,97,3,4026.6,100,1,4026.7,207,2,4026.8,2,1,4026.9,177,2
11483,2026-07-02 11:33:32+05:30,4026.4,47,4045.38,891192,135266.0,159547.0,4100.0,4110.0,4016.1,4092.6,23920400,4501.8,3683.4,4440.0,3288.1,4026.3,80,5,4026.2,70,2,4026.1,147,3,4026.0,588,11,4025.9,130,3,4026.4,271,5,4026.6,275,2,4026.8,2,1,4026.9,2,1,4027.0,1,1
11483,2026-07-02 11:33:32+05:30,4026.4,1,4045.38,891192,135266.0,159547.0,4100.0,4110.0,4016.1,4092.6,23920400,4501.8,3683.4,4440.0,3288.1,4026.3,80,5,4026.2,70,2,4026.1,147,3,4026.0,588,11,4025.9,130,3,4026.4,271,5,4026.6,275,2,4026.8,2,1,4026.9,2,1,4027.0,1,1
11483,2026-07-02 11:33:33+05:30,4026.3,1,4045.38,891401,135190.0,159650.0,4100.0,4110.0,4016.1,4092.6,23920400,4501.8,3683.4,4440.0,3288.1,4026.3,81,1,4026.2,47,1,4026.1,64,2,4026.0,671,12,4025.9,47,2,4026.4,273,7,4026.5,15,1,4026.6,342,3,4026.8,2,1,4026.9,2,1
11483,2026-07-02 11:33:33+05:30,4026.3,25,4045.38,891401,135190.0,159650.0,4100.0,4110.0,4016.1,4092.6,23920400,4501.8,3683.4,4440.0,3288.1,4026.3,81,1,4026.2,47,1,4026.1,64,2,4026.0,671,12,4025.9,47,2,4026.4,273,7,4026.5,15,1,4026.6,342,3,4026.8,2,1,4026.9,2,1
11483,2026-07-02 11:33:34+05:30,4026.3,1,4045.37,891617,135191.0,159658.0,4100.0,4110.0,4016.1,4092.6,23920400,4501.8,3683.4,4440.0,3288.1,4026.3,82,1,4026.2,47,1,4026.1,64,2,4026.0,671,12,4025.9,47,2,4026.4,183,7,4026.5,15,1,4026.6,342,3,4026.8,2,1,4026.9,2,1
11483,2026-07-02 11:33:34+05:30,4026.3,26,4045.37,891617,135191.0,159658.0,4100.0,4110.0,4016.1,4092.6,23920400,4501.8,3683.4,4440.0,3288.1,4026.3,82,1,4026.2,47,1,4026.1,64,2,4026.0,671,12,4025.9,47,2,4026.4,183,7,4026.5,15,1,4026.6,342,3,4026.8,2,1,4026.9,2,1
11483,2026-07-02 11:33:35+05:30,4026.2,1,4045.37,891979,135113.0,159455.0,4100.0,4110.0,4016.1,4092.6,23920400,4501.8,3683.4,4440.0,3288.1,4026.2,105,4,4026.1,71,1,4026.0,743,15,4025.9,5,1,4025.8,48,3,4026.4,177,7,4026.5,78,2,4026.6,167,2,4026.8,2,1,4026.9,177,2
11483,2026-07-02 11:33:35+05:30,4026.3,3,4045.37,891979,135113.0,159455.0,4100.0,4110.0,4016.1,4092.6,23920400,4501.8,3683.4,4440.0,3288.1,4026.2,105,4,4026.1,71,1,4026.0,743,15,4025.9,5,1,4025.8,48,3,4026.4,177,7,4026.5,78,2,4026.6,167,2,4026.8,2,1,4026.9,177,2
11483,2026-07-02 11:33:36+05:30,4026.2,1,4045.36,892086,135095.0,159479.0,4100.0,4110.0,4016.1,4092.6,23920400,4501.8,3683.4,4440.0,3288.1,4026.2,118,5,4026.1,126,4,4026.0,707,14,4025.9,53,3,4025.8,18,3,4026.3,37,2,4026.4,152,7,4026.5,15,1,4026.6,167,2,4026.8,2,1
11483,2026-07-02 11:33:36+05:30,4026.2,1,4045.36,892086,135095.0,159479.0,4100.0,4110.0,4016.1,4092.6,23920400,4501.8,3683.4,4440.0,3288.1,4026.2,118,5,4026.1,126,4,4026.0,707,14,4025.9,53,3,4025.8,18,3,4026.3,37,2,4026.4,152,7,4026.5,15,1,4026.6,167,2,4026.8,2,1
11483,2026-07-02 11:33:37+05:30,4026.3,6,4045.36,892319,135107.0,159776.0,4100.0,4110.0,4016.1,4092.6,23920400,4501.8,3683.4,4440.0,3288.1,4026.3,36,2,4026.2,83,2,4026.1,123,3,4026.0,753,16,4025.9,12,2,4026.4,144,5,4026.5,190,2,4026.6,167,2,4026.7,175,1,4026.8,2,1
11483,2026-07-02 11:33:37+05:30,4026.3,7,4045.36,892319,135107.0,159776.0,4100.0,4110.0,4016.1,4092.6,23920400,4501.8,3683.4,4440.0,3288.1,4026.3,36,2,4026.2,83,2,4026.1,123,3,4026.0,753,16,4025.9,12,2,4026.4,144,5,4026.5,190,2,4026.6,167,2,4026.7,175,1,4026.8,2,1
11483,2026-07-02 11:33:38+05:30,4026.3,1,4045.36,892445,135027.0,159561.0,4100.0,4110.0,4016.1,4092.6,23920400,4501.8,3683.4,4440.0,3288.1,4026.3,158,4,4026.2,116,3,4026.1,52,2,4026.0,704,16,4025.9,47,2,4026.4,57,6,4026.5,15,1,4026.6,167,2,4026.7,350,2,4026.8,2,1
11483,2026-07-02 11:33:38+05:30,4026.3,15,4045.36,892445,135027.0,159561.0,4100.0,4110.0,4016.1,4092.6,23920400,4501.8,3683.4,4440.0,3288.1,4026.3,158,4,4026.2,116,3,4026.1,52,2,4026.0,704,16,4025.9,47,2,4026.4,57,6,4026.5,15,1,4026.6,167,2,4026.7,350,2,4026.8,2,1
11483,2026-07-02 11:33:38+05:30,4026.3,15,4045.36,892445,135027.0,159561.0,4100.0,4110.0,4016.1,4092.6,23920400,4501.8,3683.4,4440.0,3288.1,4026.3,158,4,4026.2,116,3,4026.1,52,2,4026.0,704,16,4025.9,47,2,4026.4,57,6,4026.5,15,1,4026.6,167,2,4026.7,350,2,4026.8,2,1
11483,2026-07-02 11:33:39+05:30,4026.3,15,4045.36,892445,135027.0,159561.0,4100.0,4110.0,4016.1,4092.6,23920400,4501.8,3683.4,4440.0,3288.1,4026.3,158,4,4026.2,116,3,4026.1,52,2,4026.0,704,16,4025.9,47,2,4026.4,57,6,4026.5,15,1,4026.6,167,2,4026.7,350,2,4026.8,2,1
11483,2026-07-02 11:33:39+05:30,4026.3,1,4045.36,892465,134856.0,159553.0,4100.0,4110.0,4016.1,4092.6,23920400,4501.8,3683.4,4440.0,3288.1,4026.3,115,3,4026.2,74,2,4026.1,14,2,4026.0,633,15,4025.9,76,2,4026.4,55,6,4026.5,15,1,4026.6,167,2,4026.7,350,2,4026.8,2,1
11483,2026-07-02 11:33:39+05:30,4026.3,1,4045.36,892465,134856.0,159553.0,4100.0,4110.0,4016.1,4092.6,23920400,4501.8,3683.4,4440.0,3288.1,4026.3,115,3,4026.2,74,2,4026.1,14,2,4026.0,633,15,4025.9,76,2,4026.4,55,6,4026.5,15,1,4026.6,167,2,4026.7,350,2,4026.8,2,1
11483,2026-07-02 11:33:39+05:30,4026.3,3,4045.36,892465,134856.0,159553.0,4100.0,4110.0,4016.1,4092.6,23920400,4501.8,3683.4,4440.0,3288.1,4026.3,115,3,4026.2,74,2,4026.1,14,2,4026.0,633,15,4025.9,76,2,4026.4,55,6,4026.5,15,1,4026.6,167,2,4026.7,350,2,4026.8,2,1
11483,2026-07-02 11:33:40+05:30,4026.3,3,4045.36,892465,134856.0,159553.0,4100.0,4110.0,4016.1,4092.6,23920400,4501.8,3683.4,4440.0,3288.1,4026.3,115,3,4026.2,74,2,4026.1,14,2,4026.0,633,15,4025.9,76,2,4026.4,55,6,4026.5,15,1,4026.6,167,2,4026.7,350,2,4026.8,2,1
11483,2026-07-02 11:33:40+05:30,4026.3,11,4045.35,892828,135029.0,158978.0,4100.0,4110.0,4016.1,4092.6,23920400,4501.8,3683.4,4440.0,3288.1,4026.2,182,6,4026.1,14,2,4026.0,633,15,4025.9,76,2,4025.8,18,3,4026.3,45,3,4026.4,11,4,4026.5,15,1,4026.6,167,2,4027.0,1,1
11483,2026-07-02 11:33:40+05:30,4026.3,11,4045.35,892828,135029.0,158978.0,4100.0,4110.0,4016.1,4092.6,23920400,4501.8,3683.4,4440.0,3288.1,4026.2,182,6,4026.1,14,2,4026.0,633,15,4025.9,76,2,4025.8,18,3,4026.3,45,3,4026.4,11,4,4026.5,15,1,4026.6,167,2,4027.0,1,1
11483,2026-07-02 11:33:40+05:30,4026.2,43,4045.35,892828,135029.0,158978.0,4100.0,4110.0,4016.1,4092.6,23920400,4501.8,3683.4,4440.0,3288.1,4026.2,182,6,4026.1,14,2,4026.0,633,15,4025.9,76,2,4025.8,18,3,4026.3,45,3,4026.4,11,4,4026.5,15,1,4026.6,167,2,4027.0,1,1
11483,2026-07-02 11:33:41+05:30,4026.2,43,4045.35,892828,135029.0,158978.0,4100.0,4110.0,4016.1,4092.6,23920400,4501.8,3683.4,4440.0,3288.1,4026.2,182,6,4026.1,14,2,4026.0,633,15,4025.9,76,2,4025.8,18,3,4026.3,45,3,4026.4,11,4,4026.5,15,1,4026.6,167,2,4027.0,1,1
11483,2026-07-02 11:33:41+05:30,4026.5,11,4045.34,893361,135276.0,158778.0,4100.0,4110.0,4016.1,4092.6,23920400,4501.8,3683.4,4440.0,3288.1,4026.4,96,5,4026.3,36,4,4026.2,65,5,4026.1,47,3,4026.0,633,15,4026.5,4,1,4026.6,167,2,4027.0,1,1,4027.5,175,1,4027.6,175,1
11483,2026-07-02 11:33:41+05:30,4026.4,1,4045.34,893361,135276.0,158778.0,4100.0,4110.0,4016.1,4092.6,23920400,4501.8,3683.4,4440.0,3288.1,4026.4,96,5,4026.3,36,4,4026.2,65,5,4026.1,47,3,4026.0,633,15,4026.5,4,1,4026.6,167,2,4027.0,1,1,4027.5,175,1,4027.6,175,1
11483,2026-07-02 11:33:41+05:30,4026.4,1,4045.34,893361,135276.0,158778.0,4100.0,4110.0,4016.1,4092.6,23920400,4501.8,3683.4,4440.0,3288.1,4026.4,96,5,4026.3,36,4,4026.2,65,5,4026.1,47,3,4026.0,633,15,4026.5,4,1,4026.6,167,2,4027.0,1,1,4027.5,175,1,4027.6,175,1
11483,2026-07-02 11:33:42+05:30,4026.4,1,4045.34,893361,135276.0,158778.0,4100.0,4110.0,4016.1,4092.6,23920400,4501.8,3683.4,4440.0,3288.1,4026.4,96,5,4026.3,36,4,4026.2,65,5,4026.1,47,3,4026.0,633,15,4026.5,4,1,4026.6,167,2,4027.0,1,1,4027.5,175,1,4027.6,175,1
11483,2026-07-02 11:33:42+05:30,4026.5,2,4045.33,893608,135403.0,158840.0,4100.0,4110.0,4016.1,4092.6,23920400,4501.8,3683.4,4440.0,3288.1,4026.4,27,3,4026.3,76,5,4026.2,64,6,4026.1,91,6,4026.0,601,13,4026.5,18,2,4026.6,167,2,4027.0,1,1,4027.5,175,1,4027.6,180,2
11483,2026-07-02 11:33:42+05:30,4026.4,1,4045.33,893608,135403.0,158840.0,4100.0,4110.0,4016.1,4092.6,23920400,4501.8,3683.4,4440.0,3288.1,4026.4,27,3,4026.3,76,5,4026.2,64,6,4026.1,91,6,4026.0,601,13,4026.5,18,2,4026.6,167,2,4027.0,1,1,4027.5,175,1,4027.6,180,2
11483,2026-07-02 11:33:42+05:30,4026.4,1,4045.33,893608,135403.0,158840.0,4100.0,4110.0,4016.1,4092.6,23937200,4501.8,3683.4,4440.0,3288.1,4026.4,27,3,4026.3,76,5,4026.2,64,6,4026.1,91,6,4026.0,601,13,4026.5,18,2,4026.6,167,2,4027.0,1,1,4027.5,175,1,4027.6,180,2
11483,2026-07-02 11:33:43+05:30,4026.4,1,4045.33,893608,135403.0,158840.0,4100.0,4110.0,4016.1,4092.6,23937200,4501.8,3683.4,4440.0,3288.1,4026.4,27,3,4026.3,76,5,4026.2,64,6,4026.1,91,6,4026.0,601,13,4026.5,18,2,4026.6,167,2,4027.0,1,1,4027.5,175,1,4027.6,180,2
11483,2026-07-02 11:33:43+05:30,4026.4,1,4045.33,893638,135193.0,158618.0,4100.0,4110.0,4016.1,4092.6,23937200,4501.8,3683.4,4440.0,3288.1,4026.2,34,4,4026.1,47,4,4026.0,600,13,4025.9,76,2,4025.8,18,3,4026.4,1,1,4026.5,24,4,4026.6,167,2,4027.0,1,1,4027.4,54,2
11483,2026-07-02 11:33:43+05:30,4026.2,4,4045.33,893638,135193.0,158618.0,4100.0,4110.0,4016.1,4092.6,23937200,4501.8,3683.4,4440.0,3288.1,4026.2,34,4,4026.1,47,4,4026.0,600,13,4025.9,76,2,4025.8,18,3,4026.4,1,1,4026.5,24,4,4026.6,167,2,4027.0,1,1,4027.4,54,2
11483,2026-07-02 11:33:43+05:30,4026.2,4,4045.33,893638,135193.0,158618.0,4100.0,4110.0,4016.1,4092.6,23937200,4501.8,3683.4,4440.0,3288.1,4026.2,34,4,4026.1,47,4,4026.0,600,13,4025.9,76,2,4025.8,18,3,4026.4,1,1,4026.5,24,4,4026.6,167,2,4027.0,1,1,4027.4,54,2
11483,2026-07-02 11:33:44+05:30,4026.2,4,4045.33,893638,135193.0,158618.0,4100.0,4110.0,4016.1,4092.6,23937200,4501.8,3683.4,4440.0,3288.1,4026.2,34,4,4026.1,47,4,4026.0,600,13,4025.9,76,2,4025.8,18,3,4026.4,1,1,4026.5,24,4,4026.6,167,2,4027.0,1,1,4027.4,54,2
11483,2026-07-02 11:33:44+05:30,4026.5,9,4045.33,893656,135290.0,158614.0,4100.0,4110.0,4016.1,4092.6,23937200,4501.8,3683.4,4440.0,3288.1,4026.2,30,4,4026.1,47,4,4026.0,600,13,4025.9,76,2,4025.8,18,3,4026.5,7,2,4026.6,167,2,4027.0,1,1,4027.3,34,1,4027.4,20,1
11483,2026-07-02 11:33:44+05:30,4026.5,9,4045.33,893656,135290.0,158614.0,4100.0,4110.0,4016.1,4092.6,23937200,4501.8,3683.4,4440.0,3288.1,4026.2,30,4,4026.1,47,4,4026.0,600,13,4025.9,76,2,4025.8,18,3,4026.5,7,2,4026.6,167,2,4027.0,1,1,4027.3,34,1,4027.4,20,1
11483,2026-07-02 11:33:44+05:30,4026.2,2,4045.33,893656,135290.0,158614.0,4100.0,4110.0,4016.1,4092.6,23937200,4501.8,3683.4,4440.0,3288.1,4026.2,30,4,4026.1,47,4,4026.0,600,13,4025.9,76,2,4025.8,18,3,4026.5,7,2,4026.6,167,2,4027.0,1,1,4027.3,34,1,4027.4,20,1
11483,2026-07-02 11:33:45+05:30,4026.2,45,4045.33,893758,135340.0,158474.0,4100.0,4110.0,4016.1,4092.6,23937200,4501.8,3683.4,4440.0,3288.1,4026.2,8,1,4026.1,36,4,4026.0,572,12,4025.9,106,3,4025.8,24,4,4026.5,15,3,4026.6,167,2,4027.0,1,1,4027.4,20,1,4027.7,35,2
11483,2026-07-02 11:33:45+05:30,4026.2,1,4045.33,893758,135340.0,158474.0,4100.0,4110.0,4016.1,4092.6,23937200,4501.8,3683.4,4440.0,3288.1,4026.2,8,1,4026.1,36,4,4026.0,572,12,4025.9,106,3,4025.8,24,4,4026.5,15,3,4026.6,167,2,4027.0,1,1,4027.4,20,1,4027.7,35,2
11483,2026-07-02 11:33:46+05:30,4026.6,1,4045.32,894058,135732.0,157793.0,4100.0,4110.0,4016.1,4092.6,23937200,4501.8,3683.4,4440.0,3288.1,4026.5,99,5,4026.4,56,3,4026.3,8,2,4026.2,42,4,4026.1,24,3,4026.6,55,1,4027.0,1,1,4027.7,15,1,4028.1,188,3,4028.4,80,4
11483,2026-07-02 11:33:46+05:30,4026.6,1,4045.32,894058,135732.0,157793.0,4100.0,4110.0,4016.1,4092.6,23937200,4501.8,3683.4,4440.0,3288.1,4026.5,99,5,4026.4,56,3,4026.3,8,2,4026.2,42,4,4026.1,24,3,4026.6,55,1,4027.0,1,1,4027.7,15,1,4028.1,188,3,4028.4,80,4
11483,2026-07-02 11:33:47+05:30,4026.5,12,4045.32,894070,135617.0,157890.0,4100.0,4110.0,4016.1,4092.6,23937200,4501.8,3683.4,4440.0,3288.1,4026.4,87,4,4026.3,5,1,4026.2,16,2,4026.1,18,2,4026.0,581,12,4026.5,4,1,4026.6,56,2,4027.0,1,1,4027.7,38,3,4028.0,68,2
11483,2026-07-02 11:33:47+05:30,4026.4,2,4045.32,894070,135617.0,157890.0,4100.0,4110.0,4016.1,4092.6,23937200,4501.8,3683.4,4440.0,3288.1,4026.4,87,4,4026.3,5,1,4026.2,16,2,4026.1,18,2,4026.0,581,12,4026.5,4,1,4026.6,56,2,4027.0,1,1,4027.7,38,3,4028.0,68,2
11483,2026-07-02 11:33:48+05:30,4026.4,2,4045.32,894072,135615.0,157917.0,4100.0,4110.0,4016.1,4092.6,23937200,4501.8,3683.4,4440.0,3288.1,4026.4,85,4,4026.3,5,1,4026.2,20,3,4026.1,18,2,4026.0,581,12,4026.5,7,2,4026.6,55,1,4027.0,1,1,4027.7,38,3,4028.0,68,2
11483,2026-07-02 11:33:48+05:30,4026.5,1,4045.32,894072,135615.0,157917.0,4100.0,4110.0,4016.1,4092.6,23937200,4501.8,3683.4,4440.0,3288.1,4026.4,85,4,4026.3,5,1,4026.2,20,3,4026.1,18,2,4026.0,581,12,4026.5,7,2,4026.6,55,1,4027.0,1,1,4027.7,38,3,4028.0,68,2
11483,2026-07-02 11:33:49+05:30,4026.5,1,4045.32,894079,135697.0,157315.0,4100.0,4110.0,4016.1,4092.6,23937200,4501.8,3683.4,4440.0,3288.1,4026.4,70,2,4026.3,5,1,4026.1,10,1,4026.0,563,10,4025.9,76,2,4026.5,5,2,4026.6,55,1,4027.0,1,1,4027.3,36,3,4027.7,58,4
11483,2026-07-02 11:33:49+05:30,4026.4,1,4045.32,894079,135697.0,157315.0,4100.0,4110.0,4016.1,4092.6,23937200,4501.8,3683.4,4440.0,3288.1,4026.4,70,2,4026.3,5,1,4026.1,10,1,4026.0,563,10,4025.9,76,2,4026.5,5,2,4026.6,55,1,4027.0,1,1,4027.3,36,3,4027.7,58,4
11483,2026-07-02 11:33:50+05:30,4026.0,7,4045.32,894294,135506.0,157776.0,4100.0,4110.0,4016.1,4092.6,23937200,4501.8,3683.4,4440.0,3288.1,4026.0,476,6,4025.9,76,2,4025.8,6,2,4025.6,37,2,4025.5,75,4,4026.5,1,1,4026.6,46,1,4027.0,6,2,4027.3,36,3,4027.6,42,1
11483,2026-07-02 11:33:50+05:30,4026.0,26,4045.32,894294,135506.0,157776.0,4100.0,4110.0,4016.1,4092.6,23937200,4501.8,3683.4,4440.0,3288.1,4026.0,476,6,4025.9,76,2,4025.8,6,2,4025.6,37,2,4025.5,75,4,4026.5,1,1,4026.6,46,1,4027.0,6,2,4027.3,36,3,4027.6,42,1
11483,2026-07-02 11:33:51+05:30,4026.0,100,4045.31,894420,135286.0,157511.0,4100.0,4110.0,4016.1,4092.6,23937200,4501.8,3683.4,4440.0,3288.1,4026.0,351,7,4025.9,5,1,4025.8,6,2,4025.6,37,2,4025.5,75,4,4026.5,2,2,4026.6,46,1,4027.0,6,2,4027.3,36,3,4027.6,45,2
11483,2026-07-02 11:33:51+05:30,4026.5,1,4045.31,894420,135286.0,157511.0,4100.0,4110.0,4016.1,4092.6,23937200,4501.8,3683.4,4440.0,3288.1,4026.0,351,7,4025.9,5,1,4025.8,6,2,4025.6,37,2,4025.5,75,4,4026.5,2,2,4026.6,46,1,4027.0,6,2,4027.3,36,3,4027.6,45,2
11483,2026-07-02 11:33:52+05:30,4026.5,1,4045.31,894437,135278.0,157584.0,4100.0,4110.0,4016.1,4092.6,23937200,4501.8,3683.4,4440.0,3288.1,4026.2,4,2,4026.0,313,6,4025.9,5,1,4025.8,6,2,4025.6,24,1,4026.5,3,2,4026.6,46,1,4026.7,5,1,4027.0,6,2,4027.3,56,4
11483,2026-07-02 11:33:52+05:30,4026.2,2,4045.31,894437,135278.0,157584.0,4100.0,4110.0,4016.1,4092.6,23937200,4501.8,3683.4,4440.0,3288.1,4026.2,4,2,4026.0,313,6,4025.9,5,1,4025.8,6,2,4025.6,24,1,4026.5,3,2,4026.6,46,1,4026.7,5,1,4027.0,6,2,4027.3,56,4
11483,2026-07-02 11:33:53+05:30,4027.3,25,4045.31,894539,135184.0,158098.0,4100.0,4110.0,4016.1,4092.6,23937200,4501.8,3683.4,4440.0,3288.1,4026.2,2,2,4026.0,313,6,4025.9,5,1,4025.8,6,2,4025.6,24,1,4026.5,100,1,4027.1,36,4,4027.2,55,4,4027.3,52,3,4027.4,70,4
11483,2026-07-02 11:33:53+05:30,4026.2,1,4045.31,894539,135184.0,158098.0,4100.0,4110.0,4016.1,4092.6,23937200,4501.8,3683.4,4440.0,3288.1,4026.2,2,2,4026.0,313,6,4025.9,5,1,4025.8,6,2,4025.6,24,1,4026.5,100,1,4027.1,36,4,4027.2,55,4,4027.3,52,3,4027.4,70,4
11483,2026-07-02 11:33:54+05:30,4026.2,2,4045.31,894545,135112.0,158128.0,4100.0,4110.0,4016.1,4092.6,23937200,4501.8,3683.4,4440.0,3288.1,4026.0,313,6,4025.9,5,1,4025.8,6,2,4025.6,24,1,4025.5,60,3,4026.2,2,1,4026.5,103,3,4026.7,7,1,4027.0,12,1,4027.1,44,4
11483,2026-07-02 11:33:54+05:30,4026.0,1,4045.31,894545,135112.0,158128.0,4100.0,4110.0,4016.1,4092.6,23937200,4501.8,3683.4,4440.0,3288.1,4026.0,313,6,4025.9,5,1,4025.8,6,2,4025.6,24,1,4025.5,60,3,4026.2,2,1,4026.5,103,3,4026.7,7,1,4027.0,12,1,4027.1,44,4
11483,2026-07-02 11:33:55+05:30,4026.2,1,4045.31,894548,135118.0,158119.0,4100.0,4110.0,4016.1,4092.6,23937200,4501.8,3683.4,4440.0,3288.1,4026.0,311,6,4025.9,5,1,4025.8,6,2,4025.6,24,1,4025.5,60,3,4026.2,2,2,4026.5,101,2,4026.7,7,1,4027.0,12,1,4027.1,44,4
11483,2026-07-02 11:33:55+05:30,4026.2,1,4045.31,894548,135118.0,158119.0,4100.0,4110.0,4016.1,4092.6,23937200,4501.8,3683.4,4440.0,3288.1,4026.0,311,6,4025.9,5,1,4025.8,6,2,4025.6,24,1,4025.5,60,3,4026.2,2,2,4026.5,101,2,4026.7,7,1,4027.0,12,1,4027.1,44,4
11483,2026-07-02 11:33:56+05:30,4026.2,1,4045.31,894548,135112.0,158119.0,4100.0,4110.0,4016.1,4092.6,23937200,4501.8,3683.4,4440.0,3288.1,4026.0,311,6,4025.9,5,1,4025.8,6,2,4025.6,24,1,4025.5,60,3,4026.2,2,2,4026.5,101,2,4026.7,7,1,4027.0,12,1,4027.1,44,4
11483,2026-07-02 11:33:57+05:30,4026.2,1,4045.31,894548,135216.0,158144.0,4100.0,4110.0,4016.1,4092.6,23937200,4501.8,3683.4,4440.0,3288.1,4026.0,312,7,4025.9,5,1,4025.8,6,2,4025.6,24,1,4025.5,60,3,4026.2,2,2,4026.5,101,2,4026.7,7,1,4027.0,12,1,4027.1,26,3
11483,2026-07-02 11:33:58+05:30,4026.0,3,4045.31,894551,135213.0,158154.0,4100.0,4110.0,4016.1,4092.6,23937200,4501.8,3683.4,4440.0,3288.1,4026.0,309,7,4025.9,5,1,4025.8,6,2,4025.6,24,1,4025.5,60,3,4026.2,2,2,4026.5,101,2,4026.7,7,1,4027.0,12,1,4027.1,70,3
11483,2026-07-02 11:33:58+05:30,4026.5,1,4045.31,894551,135213.0,158154.0,4100.0,4110.0,4016.1,4092.6,23937200,4501.8,3683.4,4440.0,3288.1,4026.0,309,7,4025.9,5,1,4025.8,6,2,4025.6,24,1,4025.5,60,3,4026.2,2,2,4026.5,101,2,4026.7,7,1,4027.0,12,1,4027.1,70,3
11483,2026-07-02 11:33:59+05:30,4026.0,41,4045.31,894668,135213.0,158385.0,4100.0,4110.0,4016.1,4092.6,23937200,4501.8,3683.4,4440.0,3288.1,4026.2,1,1,4026.0,252,8,4025.9,5,1,4025.8,6,2,4025.6,24,1,4026.5,101,3,4026.7,200,3,4026.9,17,1,4027.0,65,3,4027.1,88,4
11483,2026-07-02 11:33:59+05:30,4026.0,79,4045.31,894668,135213.0,158385.0,4100.0,4110.0,4016.1,4092.6,23937200,4501.8,3683.4,4440.0,3288.1,4026.2,1,1,4026.0,252,8,4025.9,5,1,4025.8,6,2,4025.6,24,1,4026.5,101,3,4026.7,200,3,4026.9,17,1,4027.0,65,3,4027.1,88,4
11483,2026-07-02 11:34:00+05:30,4026.2,2,4045.31,894792,135103.0,158461.0,4100.0,4110.0,4016.1,4092.6,23937200,4501.8,3683.4,4440.0,3288.1,4026.0,131,8,4025.9,5,1,4025.8,6,2,4025.6,24,1,4025.5,10,2,4026.2,2,1,4026.5,103,4,4026.7,175,1,4027.0,53,2,4027.1,88,4
11483,2026-07-02 11:34:00+05:30,4026.0,222,4045.31,894792,135103.0,158461.0,4100.0,4110.0,4016.1,4092.6,23937200,4501.8,3683.4,4440.0,3288.1,4026.0,131,8,4025.9,5,1,4025.8,6,2,4025.6,24,1,4025.5,10,2,4026.2,2,1,4026.5,103,4,4026.7,175,1,4027.0,53,2,4027.1,88,4
11483,2026-07-02 11:34:01+05:30,4026.0,130,4045.29,895576,134832.0,158423.0,4100.0,4110.0,4016.1,4092.6,23937200,4501.8,3683.4,4440.0,3288.1,4026.0,382,2,4025.9,5,1,4025.8,6,2,4025.6,24,1,4025.5,10,2,4026.1,2,1,4026.2,14,2,4026.4,25,3,4026.5,101,3,4026.6,14,2
11483,2026-07-02 11:34:01+05:30,4026.0,87,4045.29,895576,134832.0,158423.0,4100.0,4110.0,4016.1,4092.6,23937200,4501.8,3683.4,4440.0,3288.1,4026.0,382,2,4025.9,5,1,4025.8,6,2,4025.6,24,1,4025.5,10,2,4026.1,2,1,4026.2,14,2,4026.4,25,3,4026.5,101,3,4026.6,14,2
11483,2026-07-02 11:34:02+05:30,4026.3,3,4045.28,895806,134977.0,158523.0,4100.0,4110.0,4016.1,4092.6,23937200,4501.8,3683.4,4440.0,3288.1,4026.0,173,3,4025.9,5,1,4025.8,6,2,4025.6,24,1,4025.5,10,2,4026.5,101,3,4026.6,3,1,4026.7,177,2,4026.8,30,3,4026.9,2,1
11483,2026-07-02 11:34:02+05:30,4026.0,78,4045.28,895806,134977.0,158523.0,4100.0,4110.0,4016.1,4092.6,23937200,4501.8,3683.4,4440.0,3288.1,4026.0,173,3,4025.9,5,1,4025.8,6,2,4025.6,24,1,4025.5,10,2,4026.5,101,3,4026.6,3,1,4026.7,177,2,4026.8,30,3,4026.9,2,1
11483,2026-07-02 11:34:03+05:30,4026.5,10,4045.28,896003,134819.0,158920.0,4100.0,4110.0,4016.1,4092.6,23937200,4501.8,3683.4,4440.0,3288.1,4026.0,499,3,4025.9,5,1,4025.8,6,2,4025.6,24,1,4025.5,10,2,4026.4,175,1,4026.5,114,6,4026.6,3,1,4026.7,2,1,4026.8,380,5
11483,2026-07-02 11:34:03+05:30,4026.0,72,4045.28,896003,134819.0,158920.0,4100.0,4110.0,4016.1,4092.6,23937200,4501.8,3683.4,4440.0,3288.1,4026.0,499,3,4025.9,5,1,4025.8,6,2,4025.6,24,1,4025.5,10,2,4026.4,175,1,4026.5,114,6,4026.6,3,1,4026.7,2,1,4026.8,380,5
11483,2026-07-02 11:34:04+05:30,4026.0,69,4045.27,896687,134373.0,158945.0,4100.0,4110.0,4016.1,4092.6,23937200,4501.8,3683.4,4440.0,3288.1,4026.1,2,1,4026.0,327,2,4025.9,5,1,4025.8,6,2,4025.6,24,1,4026.2,192,3,4026.3,176,2,4026.4,14,2,4026.5,161,7,4026.6,38,4
11483,2026-07-02 11:34:04+05:30,4026.1,2,4045.27,896687,134373.0,158945.0,4100.0,4110.0,4016.1,4092.6,23937200,4501.8,3683.4,4440.0,3288.1,4026.1,2,1,4026.0,327,2,4025.9,5,1,4025.8,6,2,4025.6,24,1,4026.2,192,3,4026.3,176,2,4026.4,14,2,4026.5,161,7,4026.6,38,4
11483,2026-07-02 11:34:05+05:30,4025.0,36,4045.21,899376,133494.0,158881.0,4100.0,4110.0,4016.1,4092.6,23937200,4501.8,3683.4,4440.0,3288.1,4025.0,2465,120,4024.5,6,1,4024.4,10,1,4024.2,1,1,4024.1,13,2,4025.5,32,3,4025.6,15,2,4025.7,33,3,4025.8,243,6,4025.9,31,4
11483,2026-07-02 11:34:05+05:30,4025.0,58,4045.21,899376,133494.0,158881.0,4100.0,4110.0,4016.1,4092.6,23937200,4501.8,3683.4,4440.0,3288.1,4025.0,2465,120,4024.5,6,1,4024.4,10,1,4024.2,1,1,4024.1,13,2,4025.5,32,3,4025.6,15,2,4025.7,33,3,4025.8,243,6,4025.9,31,4
11483,2026-07-02 11:34:06+05:30,4025.0,5,4045.19,900039,133007.0,158454.0,4100.0,4110.0,4016.1,4092.6,23937200,4501.8,3683.4,4440.0,3288.1,4025.0,1861,69,4024.5,6,1,4024.4,10,1,4024.2,1,1,4024.1,33,3,4025.4,17,3,4025.5,15,4,4025.6,27,3,4025.7,35,4,4025.8,239,7
11483,2026-07-02 11:34:06+05:30,4025.0,4,4045.19,900039,133007.0,158454.0,4100.0,4110.0,4016.1,4092.6,23937200,4501.8,3683.4,4440.0,3288.1,4025.0,1861,69,4024.5,6,1,4024.4,10,1,4024.2,1,1,4024.1,33,3,4025.4,17,3,4025.5,15,4,4025.6,27,3,4025.7,35,4,4025.8,239,7
11483,2026-07-02 11:34:07+05:30,4025.0,1,4045.15,901900,130870.0,159111.0,4100.0,4110.0,4016.1,4092.6,23937200,4501.8,3683.4,4440.0,3288.1,4024.5,6,1,4024.4,10,1,4024.2,1,1,4024.1,13,2,4024.0,526,9,4024.7,16,2,4024.8,13,2,4025.0,39,4,4025.1,16,1,4025.2,79,6
11483,2026-07-02 11:34:07+05:30,4024.5,2,4045.15,901900,130870.0,159111.0,4100.0,4110.0,4016.1,4092.6,23937200,4501.8,3683.4,4440.0,3288.1,4024.5,6,1,4024.4,10,1,4024.2,1,1,4024.1,13,2,4024.0,526,9,4024.7,16,2,4024.8,13,2,4025.0,39,4,4025.1,16,1,4025.2,79,6
11483,2026-07-02 11:34:08+05:30,4023.0,25,4045.13,902595,129309.0,159582.0,4100.0,4110.0,4016.1,4092.6,23937200,4501.8,3683.4,4440.0,3288.1,4023.0,169,6,4022.8,9,3,4022.6,1,1,4022.5,10,1,4022.4,6,2,4023.8,186,3,4023.9,186,2,4024.0,76,6,4024.1,53,4,4024.2,30,3
11483,2026-07-02 11:34:08+05:30,4023.0,1,4045.13,902595,129309.0,159582.0,4100.0,4110.0,4016.1,4092.6,23937200,4501.8,3683.4,4440.0,3288.1,4023.0,169,6,4022.8,9,3,4022.6,1,1,4022.5,10,1,4022.4,6,2,4023.8,186,3,4023.9,186,2,4024.0,76,6,4024.1,53,4,4024.2,30,3
11483,2026-07-02 11:34:09+05:30,4022.2,6,4045.12,903005,129428.0,158641.0,4100.0,4110.0,4016.1,4092.6,23937200,4501.8,3683.4,4440.0,3288.1,4022.2,7,1,4022.1,27,3,4022.0,469,12,4021.9,31,2,4021.8,12,1,4023.7,25,4,4023.8,13,2,4023.9,5,1,4024.0,16,2,4024.1,49,3
11483,2026-07-02 11:34:09+05:30,4022.2,10,4045.12,903005,129428.0,158641.0,4100.0,4110.0,4016.1,4092.6,23937200,4501.8,3683.4,4440.0,3288.1,4022.2,7,1,4022.1,27,3,4022.0,469,12,4021.9,31,2,4021.8,12,1,4023.7,25,4,4023.8,13,2,4023.9,5,1,4024.0,16,2,4024.1,49,3
11483,2026-07-02 11:34:10+05:30,4023.6,1,4045.12,903061,129928.0,158141.0,4100.0,4110.0,4016.1,4092.6,23937200,4501.8,3683.4,4440.0,3288.1,4022.3,67,5,4022.2,89,6,4022.1,87,5,4022.0,535,15,4021.9,9,2,4023.6,18,1,4023.7,3,2,4023.9,5,1,4024.2,5,1,4024.3,16,3
11483,2026-07-02 11:34:10+05:30,4022.3,7,4045.12,903061,129928.0,158141.0,4100.0,4110.0,4016.1,4092.6,23937200,4501.8,3683.4,4440.0,3288.1,4022.3,67,5,4022.2,89,6,4022.1,87,5,4022.0,535,15,4021.9,9,2,4023.6,18,1,4023.7,3,2,4023.9,5,1,4024.2,5,1,4024.3,16,3
11483,2026-07-02 11:34:11+05:30,4022.3,7,4045.12,903068,129715.0,159046.0,4100.0,4110.0,4016.1,4092.6,23937200,4501.8,3683.4,4440.0,3288.1,4022.3,48,4,4022.2,71,4,4022.1,40,2,4022.0,497,14,4021.9,9,2,4023.0,1,1,4023.6,25,3,4023.7,1,1,4023.8,7,1,4023.9,5,1
11483,2026-07-02 11:34:11+05:30,4022.3,1,4045.12,903068,129715.0,159046.0,4100.0,4110.0,4016.1,4092.6,23937200,4501.8,3683.4,4440.0,3288.1,4022.3,48,4,4022.2,71,4,4022.1,40,2,4022.0,497,14,4021.9,9,2,4023.0,1,1,4023.6,25,3,4023.7,1,1,4023.8,7,1,4023.9,5,1
11483,2026-07-02 11:34:12+05:30,4023.6,16,4045.12,903095,130454.0,158423.0,4100.0,4110.0,4016.1,4092.6,23937200,4501.8,3683.4,4440.0,3288.1,4022.6,1,1,4022.3,23,2,4022.2,39,2,4022.1,18,2,4022.0,483,13,4023.5,16,1,4023.6,9,3,4023.7,1,1,4023.9,5,1,4024.0,7,1
11483,2026-07-02 11:34:12+05:30,4023.5,1,4045.12,903095,130454.0,158423.0,4100.0,4110.0,4016.1,4092.6,23937200,4501.8,3683.4,4440.0,3288.1,4022.6,1,1,4022.3,23,2,4022.2,39,2,4022.1,18,2,4022.0,483,13,4023.5,16,1,4023.6,9,3,4023.7,1,1,4023.9,5,1,4024.0,7,1
11483,2026-07-02 11:34:13+05:30,4022.0,115,4045.12,903296,129510.0,158346.0,4100.0,4110.0,4016.1,4092.6,23937200,4501.8,3683.4,4440.0,3288.1,4022.0,464,18,4021.9,34,3,4021.8,25,2,4021.7,5,1,4021.6,71,5,4023.5,23,3,4023.6,13,3,4023.7,1,1,4023.9,26,3,4024.0,5,1
11483,2026-07-02 11:34:13+05:30,4022.0,2,4045.12,903296,129510.0,158346.0,4100.0,4110.0,4016.1,4092.6,23937200,4501.8,3683.4,4440.0,3288.1,4022.0,464,18,4021.9,34,3,4021.8,25,2,4021.7,5,1,4021.6,71,5,4023.5,23,3,4023.6,13,3,4023.7,1,1,4023.9,26,3,4024.0,5,1
11483,2026-07-02 11:34:14+05:30,4022.0,4,4045.12,903326,130049.0,158427.0,4100.0,4110.0,4016.1,4092.6,23937200,4501.8,3683.4,4440.0,3288.1,4023.0,2,1,4022.3,5,1,4022.1,1,1,4022.0,379,16,4021.9,18,2,4023.5,32,4,4023.6,3,2,4023.7,1,1,4023.8,48,1,4023.9,55,5
11483,2026-07-02 11:34:14+05:30,4023.0,2,4045.12,903326,130049.0,158427.0,4100.0,4110.0,4016.1,4092.6,23937200,4501.8,3683.4,4440.0,3288.1,4023.0,2,1,4022.3,5,1,4022.1,1,1,4022.0,379,16,4021.9,18,2,4023.5,32,4,4023.6,3,2,4023.7,1,1,4023.8,48,1,4023.9,55,5
11483,2026-07-02 11:34:15+05:30,4023.0,1,4045.12,903330,129746.0,158558.0,4100.0,4110.0,4016.1,4092.6,23937200,4501.8,3683.4,4440.0,3288.1,4022.3,20,3,4022.1,1,1,4022.0,379,16,4021.9,5,1,4021.7,5,1,4023.4,7,1,4023.5,32,4,4023.6,3,2,4023.7,1,1,4023.8,48,1
11483,2026-07-02 11:34:15+05:30,4023.0,1,4045.12,903330,129746.0,158558.0,4100.0,4110.0,4016.1,4092.6,23937200,4501.8,3683.4,4440.0,3288.1,4022.3,20,3,4022.1,1,1,4022.0,379,16,4021.9,5,1,4021.7,5,1,4023.4,7,1,4023.5,32,4,4023.6,3,2,4023.7,1,1,4023.8,48,1
11483,2026-07-02 11:34:16+05:30,4023.4,3,4045.12,903335,129804.0,158599.0,4100.0,4110.0,4016.1,4092.6,23937200,4501.8,3683.4,4440.0,3288.1,4022.3,20,3,4022.0,379,16,4021.9,5,1,4021.7,5,1,4021.6,126,6,4023.4,2,1,4023.5,24,2,4023.6,3,2,4023.7,1,1,4023.9,58,4
11483,2026-07-02 11:34:16+05:30,4022.0,36,4045.12,903335,129804.0,158599.0,4100.0,4110.0,4016.1,4092.6,23937200,4501.8,3683.4,4440.0,3288.1,4022.3,20,3,4022.0,379,16,4021.9,5,1,4021.7,5,1,4021.6,126,6,4023.4,2,1,4023.5,24,2,4023.6,3,2,4023.7,1,1,4023.9,58,4
11483,2026-07-02 11:34:17+05:30,4023.9,13,4045.11,903586,129650.0,158601.0,4100.0,4110.0,4016.1,4092.6,23937200,4501.8,3683.4,4440.0,3288.1,4022.1,17,2,4022.0,306,14,4021.9,18,2,4021.7,54,2,4021.6,76,5,4023.8,56,3,4023.9,94,5,4024.0,74,4,4024.1,3,1,4024.2,53,3
11483,2026-07-02 11:34:17+05:30,4022.1,7,4045.11,903586,129650.0,158601.0,4100.0,4110.0,4016.1,4092.6,23937200,4501.8,3683.4,4440.0,3288.1,4022.1,17,2,4022.0,306,14,4021.9,18,2,4021.7,54,2,4021.6,76,5,4023.8,56,3,4023.9,94,5,4024.0,74,4,4024.1,3,1,4024.2,53,3
11483,2026-07-02 11:34:18+05:30,4023.8,1,4045.11,903617,129873.0,158434.0,4100.0,4110.0,4016.1,4092.6,23937200,4501.8,3683.4,4440.0,3288.1,4022.1,49,4,4022.0,372,17,4021.9,23,3,4021.8,4,1,4021.7,17,2,4023.8,5,2,4023.9,47,3,4024.0,55,2,4024.2,41,2,4024.3,47,2
11483,2026-07-02 11:34:18+05:30,4022.1,4,4045.11,903617,129873.0,158434.0,4100.0,4110.0,4016.1,4092.6,23937200,4501.8,3683.4,4440.0,3288.1,4022.1,49,4,4022.0,372,17,4021.9,23,3,4021.8,4,1,4021.7,17,2,4023.8,5,2,4023.9,47,3,4024.0,55,2,4024.2,41,2,4024.3,47,2
11483,2026-07-02 11:34:19+05:30,4022.1,4,4045.11,903621,130262.0,158211.0,4100.0,4110.0,4016.1,4092.6,23937200,4501.8,3683.4,4440.0,3288.1,4022.4,56,3,4022.3,105,4,4022.2,42,3,4022.1,29,3,4022.0,423,17,4023.8,5,2,4024.0,55,2,4024.2,41,2,4024.4,214,3,4024.5,94,4
11483,2026-07-02 11:34:20+05:30,4022.2,7,4045.1,903796,130828.0,157551.0,4100.0,4110.0,4016.1,4092.6,23937200,4501.8,3683.4,4440.0,3288.1,4022.5,81,4,4022.4,30,3,4022.3,86,5,4022.2,13,3,4022.1,81,5,4023.8,5,2,4023.9,2,1,4024.0,80,3,4024.1,10,1,4024.2,25,2
11483,2026-07-02 11:34:20+05:30,4022.5,21,4045.1,903796,130828.0,157551.0,4100.0,4110.0,4016.1,4092.6,23937200,4501.8,3683.4,4440.0,3288.1,4022.5,81,4,4022.4,30,3,4022.3,86,5,4022.2,13,3,4022.1,81,5,4023.8,5,2,4023.9,2,1,4024.0,80,3,4024.1,10,1,4024.2,25,2
11483,2026-07-02 11:34:21+05:30,4023.0,5,4045.1,903836,130834.0,157976.0,4100.0,4110.0,4016.1,4092.6,23937200,4501.8,3683.4,4440.0,3288.1,4023.0,5,1,4022.5,45,3,4022.4,30,3,4022.3,53,4,4022.2,26,4,4023.6,1,1,4023.8,5,2,4024.0,80,3,4024.2,25,2,4024.3,37,3
11483,2026-07-02 11:34:21+05:30,4023.0,5,4045.1,903836,130834.0,157976.0,4100.0,4110.0,4016.1,4092.6,23937200,4501.8,3683.4,4440.0,3288.1,4023.0,5,1,4022.5,45,3,4022.4,30,3,4022.3,53,4,4022.2,26,4,4023.6,1,1,4023.8,5,2,4024.0,80,3,4024.2,25,2,4024.3,37,3
11483,2026-07-02 11:34:22+05:30,4023.8,2,4045.1,903844,131248.0,157978.0,4100.0,4110.0,4016.1,4092.6,23937200,4501.8,3683.4,4440.0,3288.1,4023.2,1,1,4022.7,55,2,4022.6,118,3,4022.5,9,3,4022.4,30,3,4023.8,1,1,4023.9,2,1,4024.0,86,4,4024.2,25,2,4024.3,7,2
11483,2026-07-02 11:34:22+05:30,4023.2,1,4045.1,903844,131248.0,157978.0,4100.0,4110.0,4016.1,4092.6,23937200,4501.8,3683.4,4440.0,3288.1,4023.2,1,1,4022.7,55,2,4022.6,118,3,4022.5,9,3,4022.4,30,3,4023.8,1,1,4023.9,2,1,4024.0,86,4,4024.2,25,2,4024.3,7,2
11483,2026-07-02 11:34:23+05:30,4023.2,1,4045.1,903847,131092.0,158235.0,4100.0,4110.0,4016.1,4092.6,23937200,4501.8,3683.4,4440.0,3288.1,4022.6,100,1,4022.4,22,1,4022.3,16,2,4022.2,14,4,4022.1,94,4,4023.0,89,2,4023.8,4,2,4023.9,2,1,4024.0,97,5,4024.2,25,2
11483,2026-07-02 11:34:24+05:30,4024.0,44,4045.1,903992,131155.0,157388.0,4100.0,4110.0,4016.1,4092.6,23937200,4501.8,3683.4,4440.0,3288.1,4023.0,1,1,4022.6,100,1,4022.5,33,1,4022.4,31,2,4022.3,13,1,4024.0,48,4,4024.2,8,3,4024.3,19,3,4024.4,193,3,4024.5,64,4
11483,2026-07-02 11:34:24+05:30,4023.0,1,4045.1,903992,131155.0,157388.0,4100.0,4110.0,4016.1,4092.6,23937200,4501.8,3683.4,4440.0,3288.1,4023.0,1,1,4022.6,100,1,4022.5,33,1,4022.4,31,2,4022.3,13,1,4024.0,48,4,4024.2,8,3,4024.3,19,3,4024.4,193,3,4024.5,64,4
11483,2026-07-02 11:34:25+05:30,4023.8,6,4045.1,904115,131346.0,157602.0,4100.0,4110.0,4016.1,4092.6,23937200,4501.8,3683.4,4440.0,3288.1,4023.8,14,1,4022.6,100,1,4022.5,13,1,4022.4,22,1,4022.3,23,2,4024.0,54,6,4024.2,20,4,4024.3,7,2,4024.4,238,5,4024.5,76,5
11483,2026-07-02 11:34:25+05:30,4024.0,4,4045.1,904115,131346.0,157602.0,4100.0,4110.0,4016.1,4092.6,23937200,4501.8,3683.4,4440.0,3288.1,4023.8,14,1,4022.6,100,1,4022.5,13,1,4022.4,22,1,4022.3,23,2,4024.0,54,6,4024.2,20,4,4024.3,7,2,4024.4,238,5,4024.5,76,5
11483,2026-07-02 11:34:26+05:30,4024.0,7,4045.1,904147,131406.0,157513.0,4100.0,4110.0,4016.1,4092.6,23937200,4501.8,3683.4,4440.0,3288.1,4023.8,30,1,4022.6,100,1,4022.5,13,1,4022.4,22,1,4022.3,23,2,4024.0,38,6,4024.2,20,4,4024.3,7,2,4024.4,193,3,4024.5,76,5
11483,2026-07-02 11:34:26+05:30,4023.8,160,4045.1,904147,131406.0,157513.0,4100.0,4110.0,4016.1,4092.6,23937200,4501.8,3683.4,4440.0,3288.1,4023.8,30,1,4022.6,100,1,4022.5,13,1,4022.4,22,1,4022.3,23,2,4024.0,38,6,4024.2,20,4,4024.3,7,2,4024.4,193,3,4024.5,76,5
11483,2026-07-02 11:34:27+05:30,4023.0,25,4045.09,904340,131110.0,157891.0,4100.0,4110.0,4016.1,4092.6,23937200,4501.8,3683.4,4440.0,3288.1,4022.6,121,2,4022.4,22,1,4022.3,13,1,4022.2,14,4,4022.1,69,3,4023.0,75,1,4024.0,46,7,4024.2,15,3,4024.3,2,1,4024.4,81,5
11483,2026-07-02 11:34:27+05:30,4022.6,24,4045.09,904340,131110.0,157891.0,4100.0,4110.0,4016.1,4092.6,23937200,4501.8,3683.4,4440.0,3288.1,4022.6,121,2,4022.4,22,1,4022.3,13,1,4022.2,14,4,4022.1,69,3,4023.0,75,1,4024.0,46,7,4024.2,15,3,4024.3,2,1,4024.4,81,5
11483,2026-07-02 11:34:28+05:30,4023.0,35,4045.09,904414,131003.0,158317.0,4100.0,4110.0,4016.1,4092.6,23937200,4501.8,3683.4,4440.0,3288.1,4022.6,97,2,4022.3,13,1,4022.2,9,3,4022.1,19,2,4022.0,435,20,4023.0,42,2,4024.0,40,5,4024.2,35,4,4024.3,2,1,4024.4,241,5
11483,2026-07-02 11:34:28+05:30,4023.0,8,4045.09,904414,131003.0,158317.0,4100.0,4110.0,4016.1,4092.6,23937200,4501.8,3683.4,4440.0,3288.1,4022.6,97,2,4022.3,13,1,4022.2,9,3,4022.1,19,2,4022.0,435,20,4023.0,42,2,4024.0,40,5,4024.2,35,4,4024.3,2,1,4024.4,241,5
11483,2026-07-02 11:34:29+05:30,4023.0,1,4045.09,904487,131138.0,158415.0,4100.0,4110.0,4016.1,4092.6,23937200,4501.8,3683.4,4440.0,3288.1,4022.6,38,2,4022.3,13,1,4022.2,9,3,4022.1,19,2,4022.0,633,20,4023.0,40,4,4024.0,40,5,4024.1,9,1,4024.2,35,4,4024.3,2,1
11483,2026-07-02 11:34:29+05:30,4022.6,1,4045.09,904487,131138.0,158415.0,4100.0,4110.0,4016.1,4092.6,23937200,4501.8,3683.4,4440.0,3288.1,4022.6,38,2,4022.3,13,1,4022.2,9,3,4022.1,19,2,4022.0,633,20,4023.0,40,4,4024.0,40,5,4024.1,9,1,4024.2,35,4,4024.3,2,1
11483,2026-07-02 11:34:30+05:30,4022.6,2,4045.09,904523,131147.0,158470.0,4100.0,4110.0,4016.1,4092.6,23937200,4501.8,3683.4,4440.0,3288.1,4022.6,26,2,4022.3,13,1,4022.2,9,3,4022.1,19,2,4022.0,633,20,4023.0,16,4,4024.0,90,6,4024.1,9,1,4024.2,35,4,4024.3,50,2
11483,2026-07-02 11:34:30+05:30,4022.6,5,4045.09,904523,131147.0,158470.0,4100.0,4110.0,4016.1,4092.6,23937200,4501.8,3683.4,4440.0,3288.1,4022.6,26,2,4022.3,13,1,4022.2,9,3,4022.1,19,2,4022.0,633,20,4023.0,16,4,4024.0,90,6,4024.1,9,1,4024.2,35,4,4024.3,50,2
11483,2026-07-02 11:34:31+05:30,4023.0,1,4045.09,904569,131094.0,158446.0,4100.0,4110.0,4016.1,4092.6,23937200,4501.8,3683.4,4440.0,3288.1,4022.6,5,1,4022.4,21,1,4022.3,13,1,4022.2,9,3,4022.1,31,3,4023.0,4,2,4024.0,77,5,4024.1,9,1,4024.2,23,3,4024.3,2,1
11483,2026-07-02 11:34:31+05:30,4022.6,5,4045.09,904569,131094.0,158446.0,4100.0,4110.0,4016.1,4092.6,23937200,4501.8,3683.4,4440.0,3288.1,4022.6,5,1,4022.4,21,1,4022.3,13,1,4022.2,9,3,4022.1,31,3,4023.0,4,2,4024.0,77,5,4024.1,9,1,4024.2,23,3,4024.3,2,1
11483,2026-07-02 11:34:32+05:30,4022.8,1,4045.09,904575,131086.0,158408.0,4100.0,4110.0,4016.1,4092.6,23937200,4501.8,3683.4,4440.0,3288.1,4022.8,1,1,4022.6,5,1,4022.4,33,2,4022.3,13,1,4022.2,9,3,4023.0,3,1,4024.0,77,5,4024.1,9,1,4024.2,23,3,4024.3,2,1
11483,2026-07-02 11:34:32+05:30,4022.8,1,4045.09,904575,131086.0,158408.0,4100.0,4110.0,4016.1,4092.6,23937200,4501.8,3683.4,4440.0,3288.1,4022.8,1,1,4022.6,5,1,4022.4,33,2,4022.3,13,1,4022.2,9,3,4023.0,3,1,4024.0,77,5,4024.1,9,1,4024.2,23,3,4024.3,2,1
11483,2026-07-02 11:34:33+05:30,4024.0,2,4045.09,904592,131229.0,158089.0,4100.0,4110.0,4016.1,4092.6,23937200,4501.8,3683.4,4440.0,3288.1,4023.0,7,1,4022.8,1,1,4022.6,5,1,4022.4,21,1,4022.3,13,1,4024.0,90,6,4024.2,23,3,4024.3,2,1,4024.4,196,4,4024.5,117,6
11483,2026-07-02 11:34:33+05:30,4024.0,1,4045.09,904592,131229.0,158089.0,4100.0,4110.0,4016.1,4092.6,23937200,4501.8,3683.4,4440.0,3288.1,4023.0,7,1,4022.8,1,1,4022.6,5,1,4022.4,21,1,4022.3,13,1,4024.0,90,6,4024.2,23,3,4024.3,2,1,4024.4,196,4,4024.5,117,6
11483,2026-07-02 11:34:34+05:30,4023.0,12,4045.08,904631,131438.0,158258.0,4100.0,4110.0,4016.1,4092.6,23937200,4501.8,3683.4,4440.0,3288.1,4022.8,1,1,4022.6,17,3,4022.5,7,1,4022.4,42,3,4022.3,13,1,4023.0,9,1,4024.0,80,6,4024.2,2,1,4024.3,5,2,4024.4,193,3
11483,2026-07-02 11:34:34+05:30,4022.8,1,4045.08,904631,131438.0,158258.0,4100.0,4110.0,4016.1,4092.6,23937200,4501.8,3683.4,4440.0,3288.1,4022.8,1,1,4022.6,17,3,4022.5,7,1,4022.4,42,3,4022.3,13,1,4023.0,9,1,4024.0,80,6,4024.2,2,1,4024.3,5,2,4024.4,193,3
11483,2026-07-02 11:34:35+05:30,4022.8,1,4045.08,904735,131302.0,157943.0,4100.0,4110.0,4016.1,4092.6,23937200,4501.8,3683.4,4440.0,3288.1,4023.0,13,1,4022.6,19,2,4022.4,8,1,4022.3,13,1,4022.2,30,5,4024.0,38,5,4024.2,22,2,4024.3,5,2,4024.4,218,4,4024.5,144,8
11483,2026-07-02 11:34:35+05:30,4023.0,12,4045.08,904735,131302.0,157943.0,4100.0,4110.0,4016.1,4092.6,23937200,4501.8,3683.4,4440.0,3288.1,4023.0,13,1,4022.6,19,2,4022.4,8,1,4022.3,13,1,4022.2,30,5,4024.0,38,5,4024.2,22,2,4024.3,5,2,4024.4,218,4,4024.5,144,8
11483,2026-07-02 11:34:36+05:30,4023.0,12,4045.08,904747,131307.0,158041.0,4100.0,4110.0,4016.1,4092.6,23937200,4501.8,3683.4,4440.0,3288.1,4023.0,1,1,4022.6,19,2,4022.4,8,1,4022.3,13,1,4022.2,30,5,4024.0,40,6,4024.2,22,2,4024.3,53,3,4024.4,218,4,4024.5,184,9
11483,2026-07-02 11:34:36+05:30,4024.0,1,4045.08,904747,131307.0,158041.0,4100.0,4110.0,4016.1,4092.6,23937200,4501.8,3683.4,4440.0,3288.1,4023.0,1,1,4022.6,19,2,4022.4,8,1,4022.3,13,1,4022.2,30,5,4024.0,40,6,4024.2,22,2,4024.3,53,3,4024.4,218,4,4024.5,184,9
11483,2026-07-02 11:34:37+05:30,4023.0,8,4045.08,904891,131373.0,158007.0,4100.0,4110.0,4016.1,4092.6,23937200,4501.8,3683.4,4440.0,3288.1,4023.0,7,1,4022.6,19,2,4022.3,13,1,4022.2,22,4,4022.1,119,3,4024.1,13,1,4024.2,66,5,4024.3,53,3,4024.4,218,4,4024.5,183,9
11483,2026-07-02 11:34:37+05:30,4023.0,7,4045.08,904891,131373.0,158007.0,4100.0,4110.0,4016.1,4092.6,23937200,4501.8,3683.4,4440.0,3288.1,4023.0,7,1,4022.6,19,2,4022.3,13,1,4022.2,22,4,4022.1,119,3,4024.1,13,1,4024.2,66,5,4024.3,53,3,4024.4,218,4,4024.5,183,9
11483,2026-07-02 11:34:38+05:30,4023.0,7,4045.08,904898,131313.0,158729.0,4100.0,4110.0,4016.1,4092.6,23937200,4501.8,3683.4,4440.0,3288.1,4022.6,5,1,4022.2,6,2,4022.1,114,2,4022.0,526,18,4021.9,25,2,4023.0,15,3,4023.6,81,1,4023.7,42,1,4023.8,54,2,4023.9,42,1
11483,2026-07-02 11:34:38+05:30,4022.6,1,4045.08,904898,131313.0,158729.0,4100.0,4110.0,4016.1,4092.6,23937200,4501.8,3683.4,4440.0,3288.1,4022.6,5,1,4022.2,6,2,4022.1,114,2,4022.0,526,18,4021.9,25,2,4023.0,15,3,4023.6,81,1,4023.7,42,1,4023.8,54,2,4023.9,42,1
11483,2026-07-02 11:34:39+05:30,4022.6,1,4045.08,904898,131313.0,158729.0,4100.0,4110.0,4016.1,4092.6,23937200,4501.8,3683.4,4440.0,3288.1,4022.6,5,1,4022.2,6,2,4022.1,114,2,4022.0,526,18,4021.9,25,2,4023.0,15,3,4023.6,81,1,4023.7,42,1,4023.8,54,2,4023.9,42,1
11483,2026-07-02 11:34:39+05:30,4022.8,15,4045.08,904918,131370.0,158616.0,4100.0,4110.0,4016.1,4092.6,23937200,4501.8,3683.4,4440.0,3288.1,4022.6,4,2,4022.2,1,1,4022.1,100,1,4022.0,526,18,4021.9,5,1,4022.8,42,1,4022.9,42,1,4023.0,14,3,4023.1,42,1,4023.3,82,3
11483,2026-07-02 11:34:39+05:30,4022.8,15,4045.08,904918,131370.0,158616.0,4100.0,4110.0,4016.1,4092.6,23937200,4501.8,3683.4,4440.0,3288.1,4022.6,4,2,4022.2,1,1,4022.1,100,1,4022.0,526,18,4021.9,5,1,4022.8,42,1,4022.9,42,1,4023.0,14,3,4023.1,42,1,4023.3,82,3
11483,2026-07-02 11:34:39+05:30,4022.6,1,4045.08,904918,131370.0,158616.0,4100.0,4110.0,4016.1,4092.6,23937200,4501.8,3683.4,4440.0,3288.1,4022.6,4,2,4022.2,1,1,4022.1,100,1,4022.0,526,18,4021.9,5,1,4022.8,42,1,4022.9,42,1,4023.0,14,3,4023.1,42,1,4023.3,82,3
11483,2026-07-02 11:34:40+05:30,4022.6,1,4045.08,904918,131370.0,158616.0,4100.0,4110.0,4016.1,4092.6,23937200,4501.8,3683.4,4440.0,3288.1,4022.6,4,2,4022.2,1,1,4022.1,100,1,4022.0,526,18,4021.9,5,1,4022.8,42,1,4022.9,42,1,4023.0,14,3,4023.1,42,1,4023.3,82,3
11483,2026-07-02 11:34:40+05:30,4022.7,3,4045.08,904924,131262.0,158557.0,4100.0,4110.0,4016.1,4092.6,23937200,4501.8,3683.4,4440.0,3288.1,4022.6,6,2,4022.2,1,1,4022.1,100,1,4022.0,526,18,4021.9,5,1,4022.8,43,2,4022.9,42,1,4023.0,56,4,4023.2,42,1,4023.3,2,1
11483,2026-07-02 11:34:40+05:30,4022.7,3,4045.08,904924,131262.0,158557.0,4100.0,4110.0,4016.1,4092.6,23937200,4501.8,3683.4,4440.0,3288.1,4022.6,6,2,4022.2,1,1,4022.1,100,1,4022.0,526,18,4021.9,5,1,4022.8,43,2,4022.9,42,1,4023.0,56,4,4023.2,42,1,4023.3,2,1
11483,2026-07-02 11:34:40+05:30,4022.9,42,4045.08,904924,131262.0,158557.0,4100.0,4110.0,4016.1,4092.6,23937200,4501.8,3683.4,4440.0,3288.1,4022.6,6,2,4022.2,1,1,4022.1,100,1,4022.0,526,18,4021.9,5,1,4022.8,43,2,4022.9,42,1,4023.0,56,4,4023.2,42,1,4023.3,2,1
11483,2026-07-02 11:34:41+05:30,4022.9,42,4045.08,904924,131262.0,158557.0,4100.0,4110.0,4016.1,4092.6,23937200,4501.8,3683.4,4440.0,3288.1,4022.6,6,2,4022.2,1,1,4022.1,100,1,4022.0,526,18,4021.9,5,1,4022.8,43,2,4022.9,42,1,4023.0,56,4,4023.2,42,1,4023.3,2,1
11483,2026-07-02 11:34:41+05:30,4023.0,2,4045.07,905075,131324.0,158366.0,4100.0,4110.0,4016.1,4092.6,23937200,4501.8,3683.4,4440.0,3288.1,4022.9,30,1,4022.6,5,1,4022.2,1,1,4022.1,100,1,4022.0,526,18,4023.0,91,5,4023.3,44,2,4023.5,42,1,4023.6,12,1,4023.7,14,1
11483,2026-07-02 11:34:41+05:30,4023.0,2,4045.07,905075,131324.0,158366.0,4100.0,4110.0,4016.1,4092.6,23937200,4501.8,3683.4,4440.0,3288.1,4022.9,30,1,4022.6,5,1,4022.2,1,1,4022.1,100,1,4022.0,526,18,4023.0,91,5,4023.3,44,2,4023.5,42,1,4023.6,12,1,4023.7,14,1
11483,2026-07-02 11:34:41+05:30,4022.9,10,4045.07,905075,131324.0,158366.0,4100.0,4110.0,4016.1,4092.6,23937200,4501.8,3683.4,4440.0,3288.1,4022.9,30,1,4022.6,5,1,4022.2,1,1,4022.1,100,1,4022.0,526,18,4023.0,91,5,4023.3,44,2,4023.5,42,1,4023.6,12,1,4023.7,14,1
11483,2026-07-02 11:34:42+05:30,4022.9,10,4045.07,905075,131324.0,158366.0,4100.0,4110.0,4016.1,4092.6,23937200,4501.8,3683.4,4440.0,3288.1,4022.9,30,1,4022.6,5,1,4022.2,1,1,4022.1,100,1,4022.0,526,18,4023.0,91,5,4023.3,44,2,4023.5,42,1,4023.6,12,1,4023.7,14,1
11483,2026-07-02 11:34:42+05:30,4022.9,10,4045.07,905103,131352.0,158439.0,4100.0,4110.0,4016.1,4092.6,23937200,4501.8,3683.4,4440.0,3288.1,4022.9,3,2,4022.8,50,1,4022.6,5,1,4022.2,1,1,4022.1,100,1,4023.0,93,6,4023.1,42,1,4023.2,42,1,4023.3,44,2,4023.5,53,2
11483,2026-07-02 11:34:42+05:30,4022.9,10,4045.07,905103,131352.0,158439.0,4100.0,4110.0,4016.1,4092.6,23937200,4501.8,3683.4,4440.0,3288.1,4022.9,3,2,4022.8,50,1,4022.6,5,1,4022.2,1,1,4022.1,100,1,4023.0,93,6,4023.1,42,1,4023.2,42,1,4023.3,44,2,4023.5,53,2
11483,2026-07-02 11:34:42+05:30,4022.9,1,4045.07,905103,131352.0,158439.0,4100.0,4110.0,4016.1,4092.6,23937200,4501.8,3683.4,4440.0,3288.1,4022.9,3,2,4022.8,50,1,4022.6,5,1,4022.2,1,1,4022.1,100,1,4023.0,93,6,4023.1,42,1,4023.2,42,1,4023.3,44,2,4023.5,53,2
11483,2026-07-02 11:34:42+05:30,4022.9,1,4045.07,905103,131352.0,158439.0,4100.0,4110.0,4016.1,4092.6,23937200,4501.8,3683.4,4440.0,3288.1,4022.9,3,2,4022.8,50,1,4022.6,5,1,4022.2,1,1,4022.1,100,1,4023.0,93,6,4023.1,42,1,4023.2,42,1,4023.3,44,2,4023.5,53,2
11483,2026-07-02 11:34:43+05:30,4022.9,1,4045.07,905103,131352.0,158439.0,4100.0,4110.0,4016.1,4092.6,23960125,4501.8,3683.4,4440.0,3288.1,4022.9,3,2,4022.8,50,1,4022.6,5,1,4022.2,1,1,4022.1,100,1,4023.0,93,6,4023.1,42,1,4023.2,42,1,4023.3,44,2,4023.5,53,2
11483,2026-07-02 11:34:43+05:30,4023.0,1,4045.07,905126,131375.0,158465.0,4100.0,4110.0,4016.1,4092.6,23960125,4501.8,3683.4,4440.0,3288.1,4022.9,21,2,4022.8,50,1,4022.6,5,1,4022.2,1,1,4022.1,100,1,4023.0,107,6,4023.1,42,1,4023.2,42,1,4023.3,56,3,4023.5,53,2
11483,2026-07-02 11:34:43+05:30,4023.0,1,4045.07,905126,131375.0,158465.0,4100.0,4110.0,4016.1,4092.6,23960125,4501.8,3683.4,4440.0,3288.1,4022.9,21,2,4022.8,50,1,4022.6,5,1,4022.2,1,1,4022.1,100,1,4023.0,107,6,4023.1,42,1,4023.2,42,1,4023.3,56,3,4023.5,53,2
11483,2026-07-02 11:34:43+05:30,4022.9,3,4045.07,905126,131375.0,158465.0,4100.0,4110.0,4016.1,4092.6,23960125,4501.8,3683.4,4440.0,3288.1,4022.9,21,2,4022.8,50,1,4022.6,5,1,4022.2,1,1,4022.1,100,1,4023.0,107,6,4023.1,42,1,4023.2,42,1,4023.3,56,3,4023.5,53,2
11483,2026-07-02 11:34:43+05:30,4022.9,3,4045.07,905126,131375.0,158465.0,4100.0,4110.0,4016.1,4092.6,23960125,4501.8,3683.4,4440.0,3288.1,4022.9,21,2,4022.8,50,1,4022.6,5,1,4022.2,1,1,4022.1,100,1,4023.0,107,6,4023.1,42,1,4023.2,42,1,4023.3,56,3,4023.5,53,2
11483,2026-07-02 11:34:44+05:30,4022.9,3,4045.07,905126,131375.0,158465.0,4100.0,4110.0,4016.1,4092.6,23960125,4501.8,3683.4,4440.0,3288.1,4022.9,21,2,4022.8,50,1,4022.6,5,1,4022.2,1,1,4022.1,100,1,4023.0,107,6,4023.1,42,1,4023.2,42,1,4023.3,56,3,4023.5,53,2
11483,2026-07-02 11:34:44+05:30,4023.0,18,4045.07,905234,131409.0,158495.0,4100.0,4110.0,4016.1,4092.6,23960125,4501.8,3683.4,4440.0,3288.1,4022.9,14,2,4022.6,25,2,4022.2,1,1,4022.1,100,1,4022.0,506,17,4023.0,90,5,4023.1,42,1,4023.2,42,1,4023.3,42,1,4023.5,65,3
11483,2026-07-02 11:34:44+05:30,4023.0,18,4045.07,905234,131409.0,158495.0,4100.0,4110.0,4016.1,4092.6,23960125,4501.8,3683.4,4440.0,3288.1,4022.9,14,2,4022.6,25,2,4022.2,1,1,4022.1,100,1,4022.0,506,17,4023.0,90,5,4023.1,42,1,4023.2,42,1,4023.3,42,1,4023.5,65,3
11483,2026-07-02 11:34:44+05:30,4022.9,13,4045.07,905234,131409.0,158495.0,4100.0,4110.0,4016.1,4092.6,23960125,4501.8,3683.4,4440.0,3288.1,4022.9,14,2,4022.6,25,2,4022.2,1,1,4022.1,100,1,4022.0,506,17,4023.0,90,5,4023.1,42,1,4023.2,42,1,4023.3,42,1,4023.5,65,3
11483,2026-07-02 11:34:44+05:30,4022.9,13,4045.07,905234,131409.0,158495.0,4100.0,4110.0,4016.1,4092.6,23960125,4501.8,3683.4,4440.0,3288.1,4022.9,14,2,4022.6,25,2,4022.2,1,1,4022.1,100,1,4022.0,506,17,4023.0,90,5,4023.1,42,1,4023.2,42,1,4023.3,42,1,4023.5,65,3
11483,2026-07-02 11:34:45+05:30,4023.0,1,4045.07,905249,131443.0,158284.0,4100.0,4110.0,4016.1,4092.6,23960125,4501.8,3683.4,4440.0,3288.1,4022.9,31,2,4022.6,27,3,4022.2,1,1,4022.1,100,1,4022.0,506,17,4023.0,109,6,4023.3,7,1,4023.5,23,2,4023.6,13,1,4023.7,19,2
11483,2026-07-02 11:34:45+05:30,4022.9,1,4045.07,905249,131443.0,158284.0,4100.0,4110.0,4016.1,4092.6,23960125,4501.8,3683.4,4440.0,3288.1,4022.9,31,2,4022.6,27,3,4022.2,1,1,4022.1,100,1,4022.0,506,17,4023.0,109,6,4023.3,7,1,4023.5,23,2,4023.6,13,1,4023.7,19,2
11483,2026-07-02 11:34:46+05:30,4023.0,81,4045.07,905366,131629.0,158269.0,4100.0,4110.0,4016.1,4092.6,23960125,4501.8,3683.4,4440.0,3288.1,4022.9,64,3,4022.8,42,1,4022.7,42,1,4022.6,27,3,4022.5,42,1,4023.0,28,4,4023.7,5,1,4023.9,36,3,4024.0,133,5,4024.1,13,1
11483,2026-07-02 11:34:46+05:30,4022.9,14,4045.07,905366,131629.0,158269.0,4100.0,4110.0,4016.1,4092.6,23960125,4501.8,3683.4,4440.0,3288.1,4022.9,64,3,4022.8,42,1,4022.7,42,1,4022.6,27,3,4022.5,42,1,4023.0,28,4,4023.7,5,1,4023.9,36,3,4024.0,133,5,4024.1,13,1
11483,2026-07-02 11:34:47+05:30,4023.0,29,4045.06,905463,131709.0,158111.0,4100.0,4110.0,4016.1,4092.6,23960125,4501.8,3683.4,4440.0,3288.1,4022.9,49,2,4022.8,42,1,4022.7,42,1,4022.6,27,3,4022.5,42,1,4023.0,23,1,4023.7,5,1,4023.9,2,1,4024.0,113,4,4024.1,13,1
11483,2026-07-02 11:34:47+05:30,4023.0,1,4045.06,905463,131709.0,158111.0,4100.0,4110.0,4016.1,4092.6,23960125,4501.8,3683.4,4440.0,3288.1,4022.9,49,2,4022.8,42,1,4022.7,42,1,4022.6,27,3,4022.5,42,1,4023.0,23,1,4023.7,5,1,4023.9,2,1,4024.0,113,4,4024.1,13,1
11483,2026-07-02 11:34:48+05:30,4023.0,1,4045.06,905730,131643.0,158091.0,4100.0,4110.0,4016.1,4092.6,23960125,4501.8,3683.4,4440.0,3288.1,4022.7,16,1,4022.6,27,3,4022.5,42,1,4022.2,21,2,4022.1,100,1,4023.0,18,1,4023.7,5,1,4023.9,47,3,4024.0,113,4,4024.1,16,2
11483,2026-07-02 11:34:48+05:30,4023.0,2,4045.06,905730,131643.0,158091.0,4100.0,4110.0,4016.1,4092.6,23960125,4501.8,3683.4,4440.0,3288.1,4022.7,16,1,4022.6,27,3,4022.5,42,1,4022.2,21,2,4022.1,100,1,4023.0,18,1,4023.7,5,1,4023.9,47,3,4024.0,113,4,4024.1,16,2
11483,2026-07-02 11:34:49+05:30,4023.8,8,4045.06,905810,131535.0,158051.0,4100.0,4110.0,4016.1,4092.6,23960125,4501.8,3683.4,4440.0,3288.1,4022.6,41,4,4022.4,42,1,4022.3,7,1,4022.2,1,1,4022.1,100,1,4023.9,14,2,4024.0,113,4,4024.1,45,3,4024.2,67,4,4024.4,251,4
11483,2026-07-02 11:34:49+05:30,4022.6,5,4045.06,905810,131535.0,158051.0,4100.0,4110.0,4016.1,4092.6,23960125,4501.8,3683.4,4440.0,3288.1,4022.6,41,4,4022.4,42,1,4022.3,7,1,4022.2,1,1,4022.1,100,1,4023.9,14,2,4024.0,113,4,4024.1,45,3,4024.2,67,4,4024.4,251,4
11483,2026-07-02 11:34:50+05:30,4023.2,1,4045.06,905822,131800.0,157931.0,4100.0,4110.0,4016.1,4092.6,23960125,4501.8,3683.4,4440.0,3288.1,4023.2,41,1,4023.1,42,1,4023.0,57,3,4022.8,5,1,4022.6,36,4,4023.9,2,2,4024.0,93,3,4024.2,12,1,4024.3,20,1,4024.4,190,2
11483,2026-07-02 11:34:50+05:30,4023.2,1,4045.06,905822,131800.0,157931.0,4100.0,4110.0,4016.1,4092.6,23960125,4501.8,3683.4,4440.0,3288.1,4023.2,41,1,4023.1,42,1,4023.0,57,3,4022.8,5,1,4022.6,36,4,4023.9,2,2,4024.0,93,3,4024.2,12,1,4024.3,20,1,4024.4,190,2
11483,2026-07-02 11:34:51+05:30,4023.6,4,4045.06,905833,131828.0,157857.0,4100.0,4110.0,4016.1,4092.6,23960125,4501.8,3683.4,4440.0,3288.1,4023.4,42,1,4023.2,40,1,4023.0,57,3,4022.8,47,2,4022.6,36,4,4023.6,2,1,4023.9,3,2,4024.0,94,4,4024.2,12,1,4024.4,190,2
11483,2026-07-02 11:34:51+05:30,4023.4,2,4045.06,905833,131828.0,157857.0,4100.0,4110.0,4016.1,4092.6,23960125,4501.8,3683.4,4440.0,3288.1,4023.4,42,1,4023.2,40,1,4023.0,57,3,4022.8,47,2,4022.6,36,4,4023.6,2,1,4023.9,3,2,4024.0,94,4,4024.2,12,1,4024.4,190,2
11483,2026-07-02 11:34:52+05:30,4023.6,1,4045.06,905836,131878.0,157835.0,4100.0,4110.0,4016.1,4092.6,23960125,4501.8,3683.4,4440.0,3288.1,4023.5,1,1,4023.4,40,1,4023.3,42,1,4023.2,40,1,4023.1,42,1,4023.6,2,2,4024.0,106,5,4024.1,11,1,4024.2,182,3,4024.3,17,2
11483,2026-07-02 11:34:52+05:30,4023.4,19,4045.06,905836,131878.0,157835.0,4100.0,4110.0,4016.1,4092.6,23960125,4501.8,3683.4,4440.0,3288.1,4023.5,1,1,4023.4,40,1,4023.3,42,1,4023.2,40,1,4023.1,42,1,4023.6,2,2,4024.0,106,5,4024.1,11,1,4024.2,182,3,4024.3,17,2
11483,2026-07-02 11:34:53+05:30,4024.0,10,4045.05,905909,131916.0,157492.0,4100.0,4110.0,4016.1,4092.6,23960125,4501.8,3683.4,4440.0,3288.1,4023.4,21,1,4023.3,42,1,4023.2,40,1,4023.1,42,1,4023.0,25,3,4024.0,113,6,4024.1,199,3,4024.2,7,2,4024.3,17,2,4024.4,33,2
11483,2026-07-02 11:34:53+05:30,4024.0,10,4045.05,905909,131916.0,157492.0,4100.0,4110.0,4016.1,4092.6,23960125,4501.8,3683.4,4440.0,3288.1,4023.4,21,1,4023.3,42,1,4023.2,40,1,4023.1,42,1,4023.0,25,3,4024.0,113,6,4024.1,199,3,4024.2,7,2,4024.3,17,2,4024.4,33,2
11483,2026-07-02 11:34:54+05:30,4024.0,2,4045.05,905933,131913.0,157704.0,4100.0,4110.0,4016.1,4092.6,23960125,4501.8,3683.4,4440.0,3288.1,4023.6,1,1,4023.5,42,1,4023.4,12,1,4023.3,42,1,4023.2,40,1,4024.0,96,7,4024.1,195,3,4024.2,25,4,4024.3,31,2,4024.4,51,3
11483,2026-07-02 11:34:54+05:30,4023.6,1,4045.05,905933,131913.0,157704.0,4100.0,4110.0,4016.1,4092.6,23960125,4501.8,3683.4,4440.0,3288.1,4023.6,1,1,4023.5,42,1,4023.4,12,1,4023.3,42,1,4023.2,40,1,4024.0,96,7,4024.1,195,3,4024.2,25,4,4024.3,31,2,4024.4,51,3
11483,2026-07-02 11:34:55+05:30,4023.6,1,4045.05,905936,131848.0,157867.0,4100.0,4110.0,4016.1,4092.6,23960125,4501.8,3683.4,4440.0,3288.1,4023.6,42,1,4023.4,55,3,4023.2,40,1,4023.0,80,5,4022.9,20,1,4024.0,89,6,4024.1,197,3,4024.2,23,4,4024.3,29,2,4024.4,51,3
11483,2026-07-02 11:34:55+05:30,4024.0,10,4045.05,905936,131848.0,157867.0,4100.0,4110.0,4016.1,4092.6,23960125,4501.8,3683.4,4440.0,3288.1,4023.6,42,1,4023.4,55,3,4023.2,40,1,4023.0,80,5,4022.9,20,1,4024.0,89,6,4024.1,197,3,4024.2,23,4,4024.3,29,2,4024.4,51,3
11483,2026-07-02 11:34:56+05:30,4024.0,1,4045.05,905949,131819.0,157794.0,4100.0,4110.0,4016.1,4092.6,23960125,4501.8,3683.4,4440.0,3288.1,4023.6,42,2,4023.4,55,3,4023.2,40,1,4023.0,80,5,4022.9,20,1,4024.0,78,7,4024.1,186,2,4024.3,32,3,4024.4,51,3,4024.5,257,6
11483,2026-07-02 11:34:56+05:30,4022.6,5,4045.05,905949,131819.0,157794.0,4100.0,4110.0,4016.1,4092.6,23960125,4501.8,3683.4,4440.0,3288.1,4023.6,42,2,4023.4,55,3,4023.2,40,1,4023.0,80,5,4022.9,20,1,4024.0,78,7,4024.1,186,2,4024.3,32,3,4024.4,51,3,4024.5,257,6
11483,2026-07-02 11:34:57+05:30,4023.4,1,4045.05,906232,131066.0,158564.0,4100.0,4110.0,4016.1,4092.6,23960125,4501.8,3683.4,4440.0,3288.1,4023.2,5,1,4022.6,10,2,4022.5,100,1,4022.2,1,1,4022.0,555,24,4023.4,119,6,4023.5,11,2,4023.6,12,2,4023.8,189,3,4023.9,25,2
11483,2026-07-02 11:34:57+05:30,4023.1,14,4045.05,906232,131066.0,158564.0,4100.0,4110.0,4016.1,4092.6,23960125,4501.8,3683.4,4440.0,3288.1,4023.2,5,1,4022.6,10,2,4022.5,100,1,4022.2,1,1,4022.0,555,24,4023.4,119,6,4023.5,11,2,4023.6,12,2,4023.8,189,3,4023.9,25,2
11483,2026-07-02 11:34:58+05:30,4023.2,1,4045.04,906336,131558.0,158424.0,4100.0,4110.0,4016.1,4092.6,23960125,4501.8,3683.4,4440.0,3288.1,4023.1,28,1,4023.0,7,1,4022.7,42,1,4022.6,10,2,4022.5,100,1,4023.2,1,1,4023.4,38,5,4023.5,5,1,4023.6,106,3,4023.7,177,2
11483,2026-07-02 11:34:58+05:30,4023.4,7,4045.04,906336,131558.0,158424.0,4100.0,4110.0,4016.1,4092.6,23960125,4501.8,3683.4,4440.0,3288.1,4023.1,28,1,4023.0,7,1,4022.7,42,1,4022.6,10,2,4022.5,100,1,4023.2,1,1,4023.4,38,5,4023.5,5,1,4023.6,106,3,4023.7,177,2
11483,2026-07-02 11:34:59+05:30,4023.2,1,4045.04,906363,131577.0,158459.0,4100.0,4110.0,4016.1,4092.6,23960125,4501.8,3683.4,4440.0,3288.1,4023.2,36,1,4023.1,58,2,4023.0,7,1,4022.8,42,1,4022.6,10,2,4023.4,29,5,4023.5,5,1,4023.6,101,2,4023.7,177,2,4023.8,186,2
11483,2026-07-02 11:34:59+05:30,4023.2,3,4045.04,906363,131577.0,158459.0,4100.0,4110.0,4016.1,4092.6,23960125,4501.8,3683.4,4440.0,3288.1,4023.2,36,1,4023.1,58,2,4023.0,7,1,4022.8,42,1,4022.6,10,2,4023.4,29,5,4023.5,5,1,4023.6,101,2,4023.7,177,2,4023.8,186,2
11483,2026-07-02 11:35:00+05:30,4023.2,1,4045.04,906367,131553.0,158673.0,4100.0,4110.0,4016.1,4092.6,23960125,4501.8,3683.4,4440.0,3288.1,4023.2,74,2,4023.1,16,1,4023.0,7,1,4022.9,42,1,4022.6,10,2,4023.4,29,5,4023.6,113,4,4023.7,175,1,4023.8,175,1,4023.9,40,4
11483,2026-07-02 11:35:00+05:30,4023.0,7,4045.04,906367,131553.0,158673.0,4100.0,4110.0,4016.1,4092.6,23960125,4501.8,3683.4,4440.0,3288.1,4023.2,74,2,4023.1,16,1,4023.0,7,1,4022.9,42,1,4022.6,10,2,4023.4,29,5,4023.6,113,4,4023.7,175,1,4023.8,175,1,4023.9,40,4
11483,2026-07-02 11:35:01+05:30,4023.4,2,4045.04,906459,131514.0,158501.0,4100.0,4110.0,4016.1,4092.6,23960125,4501.8,3683.4,4440.0,3288.1,4022.6,9,2,4022.5,100,1,4022.2,1,1,4022.0,891,25,4021.9,5,1,4023.4,1,1,4023.6,119,5,4023.7,189,2,4023.8,175,1,4023.9,40,4
11483,2026-07-02 11:35:01+05:30,4022.6,1,4045.04,906459,131514.0,158501.0,4100.0,4110.0,4016.1,4092.6,23960125,4501.8,3683.4,4440.0,3288.1,4022.6,9,2,4022.5,100,1,4022.2,1,1,4022.0,891,25,4021.9,5,1,4023.4,1,1,4023.6,119,5,4023.7,189,2,4023.8,175,1,4023.9,40,4
11483,2026-07-02 11:35:02+05:30,4022.6,1,4045.04,906487,131541.0,158378.0,4100.0,4110.0,4016.1,4092.6,23960125,4501.8,3683.4,4440.0,3288.1,4023.0,101,2,4022.6,4,1,4022.5,100,1,4022.2,1,1,4022.0,916,26,4023.4,21,4,4023.5,14,2,4023.6,118,5,4023.7,200,3,4023.8,197,2
11483,2026-07-02 11:35:02+05:30,4023.0,1,4045.04,906487,131541.0,158378.0,4100.0,4110.0,4016.1,4092.6,23960125,4501.8,3683.4,4440.0,3288.1,4023.0,101,2,4022.6,4,1,4022.5,100,1,4022.2,1,1,4022.0,916,26,4023.4,21,4,4023.5,14,2,4023.6,118,5,4023.7,200,3,4023.8,197,2
11483,2026-07-02 11:35:03+05:30,4023.4,1,4045.04,906493,131550.0,158391.0,4100.0,4110.0,4016.1,4092.6,23960125,4501.8,3683.4,4440.0,3288.1,4023.0,96,2,4022.6,4,1,4022.5,100,1,4022.2,1,1,4022.0,916,26,4023.4,23,6,4023.5,45,3,4023.6,118,5,4023.7,200,3,4023.8,197,2
11483,2026-07-02 11:35:03+05:30,4022.0,86,4045.04,906493,131550.0,158391.0,4100.0,4110.0,4016.1,4092.6,23960125,4501.8,3683.4,4440.0,3288.1,4023.0,96,2,4022.6,4,1,4022.5,100,1,4022.2,1,1,4022.0,916,26,4023.4,23,6,4023.5,45,3,4023.6,118,5,4023.7,200,3,4023.8,197,2
11483,2026-07-02 11:35:04+05:30,4023.1,2,4045.03,906926,130876.0,158590.0,4100.0,4110.0,4016.1,4092.6,23960125,4501.8,3683.4,4440.0,3288.1,4023.1,2,1,4022.0,709,22,4021.9,5,1,4021.8,5,1,4021.7,5,1,4023.2,19,2,4023.3,4,1,4023.4,65,6,4023.5,86,5,4023.6,169,8
11483,2026-07-02 11:35:04+05:30,4023.0,60,4045.03,906926,130876.0,158590.0,4100.0,4110.0,4016.1,4092.6,23960125,4501.8,3683.4,4440.0,3288.1,4023.1,2,1,4022.0,709,22,4021.9,5,1,4021.8,5,1,4021.7,5,1,4023.2,19,2,4023.3,4,1,4023.4,65,6,4023.5,86,5,4023.6,169,8
11483,2026-07-02 11:35:05+05:30,4023.1,2,4045.03,906992,130307.0,158394.0,4100.0,4110.0,4016.1,4092.6,23960125,4501.8,3683.4,4440.0,3288.1,4022.0,708,22,4021.9,5,1,4021.8,5,1,4021.7,5,1,4021.6,21,2,4023.1,19,3,4023.2,24,4,4023.3,4,1,4023.4,17,5,4023.5,80,5
11483,2026-07-02 11:35:05+05:30,4022.0,8,4045.03,906992,130307.0,158394.0,4100.0,4110.0,4016.1,4092.6,23960125,4501.8,3683.4,4440.0,3288.1,4022.0,708,22,4021.9,5,1,4021.8,5,1,4021.7,5,1,4021.6,21,2,4023.1,19,3,4023.2,24,4,4023.3,4,1,4023.4,17,5,4023.5,80,5
11483,2026-07-02 11:35:06+05:30,4023.0,1,4045.03,907009,130296.0,158453.0,4100.0,4110.0,4016.1,4092.6,23960125,4501.8,3683.4,4440.0,3288.1,4022.0,699,22,4021.9,5,1,4021.8,5,1,4021.7,5,1,4021.6,21,2,4023.0,17,2,4023.1,9,3,4023.2,120,4,4023.3,16,2,4023.4,17,5
11483,2026-07-02 11:35:06+05:30,4022.0,2,4045.03,907009,130296.0,158453.0,4100.0,4110.0,4016.1,4092.6,23960125,4501.8,3683.4,4440.0,3288.1,4022.0,699,22,4021.9,5,1,4021.8,5,1,4021.7,5,1,4021.6,21,2,4023.0,17,2,4023.1,9,3,4023.2,120,4,4023.3,16,2,4023.4,17,5
11483,2026-07-02 11:35:07+05:30,4023.0,1,4045.03,907043,130994.0,158581.0,4100.0,4110.0,4016.1,4092.6,23960125,4501.8,3683.4,4440.0,3288.1,4022.6,150,2,4022.0,686,20,4021.9,5,1,4021.8,5,1,4021.7,5,1,4023.0,17,2,4023.1,7,2,4023.2,133,4,4023.3,16,2,4023.4,17,5
11483,2026-07-02 11:35:07+05:30,4022.6,5,4045.03,907043,130994.0,158581.0,4100.0,4110.0,4016.1,4092.6,23960125,4501.8,3683.4,4440.0,3288.1,4022.6,150,2,4022.0,686,20,4021.9,5,1,4021.8,5,1,4021.7,5,1,4023.0,17,2,4023.1,7,2,4023.2,133,4,4023.3,16,2,4023.4,17,5
11483,2026-07-02 11:35:08+05:30,4023.0,1,4045.03,907053,131039.0,158544.0,4100.0,4110.0,4016.1,4092.6,23960125,4501.8,3683.4,4440.0,3288.1,4022.6,144,2,4022.0,736,21,4021.9,5,1,4021.8,5,1,4021.7,5,1,4023.0,13,2,4023.1,7,2,4023.2,133,4,4023.3,16,2,4023.4,16,4
11483,2026-07-02 11:35:08+05:30,4022.6,1,4045.03,907053,131039.0,158544.0,4100.0,4110.0,4016.1,4092.6,23960125,4501.8,3683.4,4440.0,3288.1,4022.6,144,2,4022.0,736,21,4021.9,5,1,4021.8,5,1,4021.7,5,1,4023.0,13,2,4023.1,7,2,4023.2,133,4,4023.3,16,2,4023.4,16,4
11483,2026-07-02 11:35:09+05:30,4022.0,8,4045.02,907226,129719.0,158699.0,4100.0,4110.0,4016.1,4092.6,23960125,4501.8,3683.4,4440.0,3288.1,4022.0,708,19,4021.9,5,1,4021.8,5,1,4021.7,5,1,4021.6,21,2,4022.3,18,2,4022.4,13,2,4022.5,12,2,4022.6,27,4,4022.7,25,2
11483,2026-07-02 11:35:09+05:30,4022.0,10,4045.02,907226,129719.0,158699.0,4100.0,4110.0,4016.1,4092.6,23960125,4501.8,3683.4,4440.0,3288.1,4022.0,708,19,4021.9,5,1,4021.8,5,1,4021.7,5,1,4021.6,21,2,4022.3,18,2,4022.4,13,2,4022.5,12,2,4022.6,27,4,4022.7,25,2
11483,2026-07-02 11:35:10+05:30,4022.0,1,4044.99,908548,128515.0,159330.0,4100.0,4110.0,4016.1,4092.6,23960125,4501.8,3683.4,4440.0,3288.1,4020.9,14,2,4020.8,21,4,4020.7,16,1,4020.6,52,2,4020.5,25,4,4022.0,6,2,4022.1,12,2,4022.2,7,1,4022.3,13,3,4022.4,48,3
11483,2026-07-02 11:35:10+05:30,4020.9,1,4044.99,908548,128515.0,159330.0,4100.0,4110.0,4016.1,4092.6,23960125,4501.8,3683.4,4440.0,3288.1,4020.9,14,2,4020.8,21,4,4020.7,16,1,4020.6,52,2,4020.5,25,4,4022.0,6,2,4022.1,12,2,4022.2,7,1,4022.3,13,3,4022.4,48,3
11483,2026-07-02 11:35:11+05:30,4020.0,1,4044.86,913349,121630.0,158134.0,4100.0,4110.0,4016.1,4092.6,23960125,4501.8,3683.4,4440.0,3288.1,4020.0,81,4,4019.7,4,1,4019.5,31,3,4019.2,50,1,4019.1,51,2,4020.1,218,5,4020.2,70,6,4020.3,5,1,4020.4,187,3,4020.5,12,2
11483,2026-07-02 11:35:11+05:30,4020.0,42,4044.86,913349,121630.0,158134.0,4100.0,4110.0,4016.1,4092.6,23960125,4501.8,3683.4,4440.0,3288.1,4020.0,81,4,4019.7,4,1,4019.5,31,3,4019.2,50,1,4019.1,51,2,4020.1,218,5,4020.2,70,6,4020.3,5,1,4020.4,187,3,4020.5,12,2
11483,2026-07-02 11:35:12+05:30,4018.0,4,4044.82,914770,121523.0,158794.0,4100.0,4110.0,4016.1,4092.6,23960125,4501.8,3683.4,4440.0,3288.1,4018.0,246,1,4017.6,2,1,4017.5,55,2,4017.2,4,2,4017.1,123,4,4018.9,212,4,4019.0,46,4,4019.1,31,2,4019.2,27,3,4019.3,202,4
11483,2026-07-02 11:35:12+05:30,4018.9,61,4044.82,914770,121523.0,158794.0,4100.0,4110.0,4016.1,4092.6,23960125,4501.8,3683.4,4440.0,3288.1,4018.0,246,1,4017.6,2,1,4017.5,55,2,4017.2,4,2,4017.1,123,4,4018.9,212,4,4019.0,46,4,4019.1,31,2,4019.2,27,3,4019.3,202,4
11483,2026-07-02 11:35:13+05:30,4018.0,1,4044.8,915165,118890.0,159077.0,4100.0,4110.0,4016.1,4092.6,23960125,4501.8,3683.4,4440.0,3288.1,4017.6,2,1,4017.5,55,2,4017.2,4,2,4017.1,111,3,4017.0,1138,49,4018.0,198,4,4018.1,5,1,4018.2,111,4,4018.3,23,2,4018.4,21,4
11483,2026-07-02 11:35:13+05:30,4017.0,5,4044.8,915165,118890.0,159077.0,4100.0,4110.0,4016.1,4092.6,23960125,4501.8,3683.4,4440.0,3288.1,4017.6,2,1,4017.5,55,2,4017.2,4,2,4017.1,111,3,4017.0,1138,49,4018.0,198,4,4018.1,5,1,4018.2,111,4,4018.3,23,2,4018.4,21,4
11483,2026-07-02 11:35:14+05:30,4017.6,1,4044.8,915368,120993.0,158136.0,4100.0,4110.0,4016.1,4092.6,23960125,4501.8,3683.4,4440.0,3288.1,4017.0,1133,49,4016.8,19,1,4016.7,1,1,4016.6,10,1,4016.5,1133,8,4017.6,17,3,4017.8,30,3,4017.9,12,1,4018.0,200,4,4018.1,43,2
11483,2026-07-02 11:35:14+05:30,4017.6,25,4044.8,915368,120993.0,158136.0,4100.0,4110.0,4016.1,4092.6,23960125,4501.8,3683.4,4440.0,3288.1,4017.0,1133,49,4016.8,19,1,4016.7,1,1,4016.6,10,1,4016.5,1133,8,4017.6,17,3,4017.8,30,3,4017.9,12,1,4018.0,200,4,4018.1,43,2
11483,2026-07-02 11:35:15+05:30,4017.6,8,4044.8,915470,121093.0,158115.0,4100.0,4110.0,4016.1,4092.6,23960125,4501.8,3683.4,4440.0,3288.1,4017.0,1107,49,4016.8,19,1,4016.7,1,1,4016.6,10,1,4016.5,1133,8,4017.8,30,3,4017.9,12,1,4018.0,200,4,4018.1,43,2,4018.2,46,4
11483,2026-07-02 11:35:15+05:30,4017.0,13,4044.8,915470,121093.0,158115.0,4100.0,4110.0,4016.1,4092.6,23960125,4501.8,3683.4,4440.0,3288.1,4017.0,1107,49,4016.8,19,1,4016.7,1,1,4016.6,10,1,4016.5,1133,8,4017.8,30,3,4017.9,12,1,4018.0,200,4,4018.1,43,2,4018.2,46,4
11483,2026-07-02 11:35:16+05:30,4017.6,1,4044.79,915671,121210.0,158454.0,4100.0,4110.0,4016.1,4092.6,23960125,4501.8,3683.4,4440.0,3288.1,4017.6,4,1,4017.0,918,50,4016.8,19,1,4016.7,1,1,4016.6,10,1,4017.8,18,3,4017.9,12,1,4018.0,193,3,4018.1,5,1,4018.2,36,3
11483,2026-07-02 11:35:16+05:30,4017.8,1,4044.79,915671,121210.0,158454.0,4100.0,4110.0,4016.1,4092.6,23960125,4501.8,3683.4,4440.0,3288.1,4017.6,4,1,4017.0,918,50,4016.8,19,1,4016.7,1,1,4016.6,10,1,4017.8,18,3,4017.9,12,1,4018.0,193,3,4018.1,5,1,4018.2,36,3
11483,2026-07-02 11:35:17+05:30,4017.8,1,4044.79,915696,121272.0,158666.0,4100.0,4110.0,4016.1,4092.6,23960125,4501.8,3683.4,4440.0,3288.1,4017.6,5,1,4017.0,918,50,4016.8,19,1,4016.7,1,1,4016.6,10,1,4017.8,33,6,4018.0,200,4,4018.1,5,1,4018.2,36,3,4018.3,70,4
11483,2026-07-02 11:35:17+05:30,4017.6,3,4044.79,915696,121272.0,158666.0,4100.0,4110.0,4016.1,4092.6,23960125,4501.8,3683.4,4440.0,3288.1,4017.6,5,1,4017.0,918,50,4016.8,19,1,4016.7,1,1,4016.6,10,1,4017.8,33,6,4018.0,200,4,4018.1,5,1,4018.2,36,3,4018.3,70,4
11483,2026-07-02 11:35:18+05:30,4017.6,1,4044.79,915706,121557.0,158574.0,4100.0,4110.0,4016.1,4092.6,23960125,4501.8,3683.4,4440.0,3288.1,4017.6,2,1,4017.0,918,50,4016.8,19,1,4016.7,1,1,4016.6,10,1,4017.7,174,1,4017.8,41,8,4018.0,221,6,4018.1,14,2,4018.2,36,3
11483,2026-07-02 11:35:18+05:30,4017.7,1,4044.79,915706,121557.0,158574.0,4100.0,4110.0,4016.1,4092.6,23960125,4501.8,3683.4,4440.0,3288.1,4017.6,2,1,4017.0,918,50,4016.8,19,1,4016.7,1,1,4016.6,10,1,4017.7,174,1,4017.8,41,8,4018.0,221,6,4018.1,14,2,4018.2,36,3
11483,2026-07-02 11:35:19+05:30,4017.7,33,4044.79,915746,121637.0,158535.0,4100.0,4110.0,4016.1,4092.6,23960125,4501.8,3683.4,4440.0,3288.1,4017.6,4,1,4017.0,918,50,4016.8,19,1,4016.7,1,1,4016.6,10,1,4017.7,175,4,4017.8,25,4,4018.0,221,6,4018.1,14,2,4018.2,36,3
11483,2026-07-02 11:35:19+05:30,4017.0,1,4044.79,915746,121637.0,158535.0,4100.0,4110.0,4016.1,4092.6,23960125,4501.8,3683.4,4440.0,3288.1,4017.6,4,1,4017.0,918,50,4016.8,19,1,4016.7,1,1,4016.6,10,1,4017.7,175,4,4017.8,25,4,4018.0,221,6,4018.1,14,2,4018.2,36,3
11483,2026-07-02 11:35:20+05:30,4017.4,5,4044.78,915815,121475.0,158854.0,4100.0,4110.0,4016.1,4092.6,23960125,4501.8,3683.4,4440.0,3288.1,4017.0,917,50,4016.8,19,1,4016.7,1,1,4016.6,10,1,4016.5,1133,8,4017.4,102,4,4017.7,28,3,4017.8,9,2,4017.9,12,1,4018.0,221,6
11483,2026-07-02 11:35:20+05:30,4017.0,8,4044.78,915815,121475.0,158854.0,4100.0,4110.0,4016.1,4092.6,23960125,4501.8,3683.4,4440.0,3288.1,4017.0,917,50,4016.8,19,1,4016.7,1,1,4016.6,10,1,4016.5,1133,8,4017.4,102,4,4017.7,28,3,4017.8,9,2,4017.9,12,1,4018.0,221,6
11483,2026-07-02 11:35:21+05:30,4017.4,1,4044.78,915937,121570.0,159432.0,4100.0,4110.0,4016.1,4092.6,23960125,4501.8,3683.4,4440.0,3288.1,4017.0,910,51,4016.8,19,1,4016.7,1,1,4016.6,10,1,4016.5,1133,8,4017.4,19,3,4017.6,86,2,4017.8,6,1,4017.9,12,1,4018.0,222,6
11483,2026-07-02 11:35:21+05:30,4017.4,1,4044.78,915937,121570.0,159432.0,4100.0,4110.0,4016.1,4092.6,23960125,4501.8,3683.4,4440.0,3288.1,4017.0,910,51,4016.8,19,1,4016.7,1,1,4016.6,10,1,4016.5,1133,8,4017.4,19,3,4017.6,86,2,4017.8,6,1,4017.9,12,1,4018.0,222,6
11483,2026-07-02 11:35:22+05:30,4017.0,1,4044.78,915955,121556.0,159885.0,4100.0,4110.0,4016.1,4092.6,23960125,4501.8,3683.4,4440.0,3288.1,4017.2,1,1,4017.0,893,51,4016.8,19,1,4016.7,1,1,4016.6,10,1,4017.4,40,6,4017.6,7,1,4017.7,74,1,4017.8,10,1,4017.9,12,1
11483,2026-07-02 11:35:22+05:30,4017.1,1,4044.78,915955,121556.0,159885.0,4100.0,4110.0,4016.1,4092.6,23960125,4501.8,3683.4,4440.0,3288.1,4017.2,1,1,4017.0,893,51,4016.8,19,1,4016.7,1,1,4016.6,10,1,4017.4,40,6,4017.6,7,1,4017.7,74,1,4017.8,10,1,4017.9,12,1
11483,2026-07-02 11:35:23+05:30,4017.4,8,4044.78,915967,121495.0,160038.0,4100.0,4110.0,4016.1,4092.6,23960125,4501.8,3683.4,4440.0,3288.1,4017.0,894,53,4016.8,19,1,4016.7,1,1,4016.6,10,1,4016.5,1134,9,4017.1,83,3,4017.4,11,4,4017.6,12,1,4017.9,187,2,4018.0,248,7
11483,2026-07-02 11:35:23+05:30,4017.0,1,4044.78,915967,121495.0,160038.0,4100.0,4110.0,4016.1,4092.6,23960125,4501.8,3683.4,4440.0,3288.1,4017.0,894,53,4016.8,19,1,4016.7,1,1,4016.6,10,1,4016.5,1134,9,4017.1,83,3,4017.4,11,4,4017.6,12,1,4017.9,187,2,4018.0,248,7
11483,2026-07-02 11:35:24+05:30,4017.6,1,4044.78,916025,121741.0,159815.0,4100.0,4110.0,4016.1,4092.6,23960125,4501.8,3683.4,4440.0,3288.1,4017.1,1,1,4017.0,892,53,4016.8,19,1,4016.7,1,1,4016.6,10,1,4017.6,73,3,4017.9,12,1,4018.0,215,5,4018.1,5,1,4018.2,58,4
11483,2026-07-02 11:35:24+05:30,4017.0,1,4044.78,916025,121741.0,159815.0,4100.0,4110.0,4016.1,4092.6,23960125,4501.8,3683.4,4440.0,3288.1,4017.1,1,1,4017.0,892,53,4016.8,19,1,4016.7,1,1,4016.6,10,1,4017.6,73,3,4017.9,12,1,4018.0,215,5,4018.1,5,1,4018.2,58,4
11483,2026-07-02 11:35:25+05:30,4017.0,1,4044.78,916033,121829.0,159698.0,4100.0,4110.0,4016.1,4092.6,23960125,4501.8,3683.4,4440.0,3288.1,4017.0,896,54,4016.8,19,1,4016.7,1,1,4016.6,10,1,4016.5,1134,9,4017.6,74,4,4017.9,12,1,4018.0,183,2,4018.2,106,4,4018.3,75,3
11483,2026-07-02 11:35:25+05:30,4018.0,24,4044.78,916033,121829.0,159698.0,4100.0,4110.0,4016.1,4092.6,23960125,4501.8,3683.4,4440.0,3288.1,4017.0,896,54,4016.8,19,1,4016.7,1,1,4016.6,10,1,4016.5,1134,9,4017.6,74,4,4017.9,12,1,4018.0,183,2,4018.2,106,4,4018.3,75,3
11483,2026-07-02 11:35:26+05:30,4018.0,1,4044.77,916306,121922.0,159831.0,4100.0,4110.0,4016.1,4092.6,23960125,4501.8,3683.4,4440.0,3288.1,4017.5,25,1,4017.0,882,54,4016.8,19,1,4016.7,1,1,4016.6,10,1,4018.0,177,5,4018.2,19,1,4018.3,223,2,4018.5,12,1,4018.6,23,2
11483,2026-07-02 11:35:26+05:30,4017.0,1,4044.77,916306,121922.0,159831.0,4100.0,4110.0,4016.1,4092.6,23960125,4501.8,3683.4,4440.0,3288.1,4017.5,25,1,4017.0,882,54,4016.8,19,1,4016.7,1,1,4016.6,10,1,4018.0,177,5,4018.2,19,1,4018.3,223,2,4018.5,12,1,4018.6,23,2
11483,2026-07-02 11:35:27+05:30,4017.0,2,4044.77,916334,121917.0,159757.0,4100.0,4110.0,4016.1,4092.6,23960125,4501.8,3683.4,4440.0,3288.1,4017.1,1,1,4017.0,880,55,4016.8,19,1,4016.7,1,1,4016.6,10,1,4017.5,5,2,4018.0,168,4,4018.2,33,3,4018.3,101,2,4018.5,44,2
11483,2026-07-02 11:35:27+05:30,4017.6,13,4044.77,916334,121917.0,159757.0,4100.0,4110.0,4016.1,4092.6,23960125,4501.8,3683.4,4440.0,3288.1,4017.1,1,1,4017.0,880,55,4016.8,19,1,4016.7,1,1,4016.6,10,1,4017.5,5,2,4018.0,168,4,4018.2,33,3,4018.3,101,2,4018.5,44,2
11483,2026-07-02 11:35:28+05:30,4017.6,13,4044.77,916360,121999.0,159648.0,4100.0,4110.0,4016.1,4092.6,23960125,4501.8,3683.4,4440.0,3288.1,4017.4,2,1,4017.0,908,58,4016.8,19,1,4016.7,1,1,4016.6,10,1,4017.6,55,1,4018.0,185,6,4018.2,196,3,4018.3,197,2,4018.6,26,3
11483,2026-07-02 11:35:28+05:30,4017.3,8,4044.77,916360,121999.0,159648.0,4100.0,4110.0,4016.1,4092.6,23960125,4501.8,3683.4,4440.0,3288.1,4017.4,2,1,4017.0,908,58,4016.8,19,1,4016.7,1,1,4016.6,10,1,4017.6,55,1,4018.0,185,6,4018.2,196,3,4018.3,197,2,4018.6,26,3
11483,2026-07-02 11:35:29+05:30,4017.0,112,4044.76,916692,121679.0,159478.0,4100.0,4110.0,4016.1,4092.6,23960125,4501.8,3683.4,4440.0,3288.1,4017.0,593,50,4016.8,19,1,4016.7,1,1,4016.6,10,1,4016.5,1134,9,4017.3,47,1,4017.4,1,1,4017.5,5,1,4017.6,2,1,4018.0,40,4
11483,2026-07-02 11:35:29+05:30,4017.3,1,4044.76,916692,121679.0,159478.0,4100.0,4110.0,4016.1,4092.6,23960125,4501.8,3683.4,4440.0,3288.1,4017.0,593,50,4016.8,19,1,4016.7,1,1,4016.6,10,1,4016.5,1134,9,4017.3,47,1,4017.4,1,1,4017.5,5,1,4017.6,2,1,4018.0,40,4
11483,2026-07-02 11:35:30+05:30,4017.3,30,4044.76,916764,121657.0,159282.0,4100.0,4110.0,4016.1,4092.6,23960125,4501.8,3683.4,4440.0,3288.1,4017.0,552,50,4016.8,19,1,4016.7,1,1,4016.6,10,1,4016.5,1134,9,4017.3,20,2,4017.4,1,1,4017.5,5,1,4017.6,2,1,4018.0,40,4
11483,2026-07-02 11:35:30+05:30,4017.3,2,4044.76,916764,121657.0,159282.0,4100.0,4110.0,4016.1,4092.6,23960125,4501.8,3683.4,4440.0,3288.1,4017.0,552,50,4016.8,19,1,4016.7,1,1,4016.6,10,1,4016.5,1134,9,4017.3,20,2,4017.4,1,1,4017.5,5,1,4017.6,2,1,4018.0,40,4
11483,2026-07-02 11:35:31+05:30,4017.8,3,4044.75,916986,121540.0,159294.0,4100.0,4110.0,4016.1,4092.6,23960125,4501.8,3683.4,4440.0,3288.1,4017.0,388,44,4016.8,19,1,4016.7,1,1,4016.6,10,1,4016.5,1172,10,4017.2,1,1,4018.0,213,5,4018.1,10,1,4018.2,194,2,4018.3,24,2
11483,2026-07-02 11:35:31+05:30,4017.4,1,4044.75,916986,121540.0,159294.0,4100.0,4110.0,4016.1,4092.6,23960125,4501.8,3683.4,4440.0,3288.1,4017.0,388,44,4016.8,19,1,4016.7,1,1,4016.6,10,1,4016.5,1172,10,4017.2,1,1,4018.0,213,5,4018.1,10,1,4018.2,194,2,4018.3,24,2
11483,2026-07-02 11:35:32+05:30,4018.0,1,4044.75,917040,121809.0,159229.0,4100.0,4110.0,4016.1,4092.6,23960125,4501.8,3683.4,4440.0,3288.1,4017.4,4,1,4017.3,20,1,4017.1,1,1,4017.0,387,44,4016.8,19,1,4018.0,212,5,4018.1,175,1,4018.2,19,1,4018.3,24,2,4018.5,3,1
11483,2026-07-02 11:35:32+05:30,4018.0,4,4044.75,917040,121809.0,159229.0,4100.0,4110.0,4016.1,4092.6,23960125,4501.8,3683.4,4440.0,3288.1,4017.4,4,1,4017.3,20,1,4017.1,1,1,4017.0,387,44,4016.8,19,1,4018.0,212,5,4018.1,175,1,4018.2,19,1,4018.3,24,2,4018.5,3,1
11483,2026-07-02 11:35:33+05:30,4018.8,25,4044.73,917606,121877.0,158490.0,4100.0,4110.0,4016.1,4092.6,23960125,4501.8,3683.4,4440.0,3288.1,4017.3,19,1,4017.1,1,1,4017.0,392,45,4016.8,19,1,4016.7,1,1,4018.1,32,3,4018.2,210,4,4018.3,69,6,4018.5,54,4,4018.6,35,3
11483,2026-07-02 11:35:33+05:30,4017.1,1,4044.73,917606,121877.0,158490.0,4100.0,4110.0,4016.1,4092.6,23960125,4501.8,3683.4,4440.0,3288.1,4017.3,19,1,4017.1,1,1,4017.0,392,45,4016.8,19,1,4016.7,1,1,4018.1,32,3,4018.2,210,4,4018.3,69,6,4018.5,54,4,4018.6,35,3
11483,2026-07-02 11:35:33+05:30,4017.1,1,4044.73,917626,121984.0,158763.0,4100.0,4110.0,4016.1,4092.6,23960125,4501.8,3683.4,4440.0,3288.1,4017.1,1,1,4017.0,592,46,4016.8,19,1,4016.7,1,1,4016.6,10,1,4017.3,8,2,4018.0,81,4,4018.1,131,6,4018.2,222,5,4018.3,62,5
11483,2026-07-02 11:35:34+05:30,4017.0,1,4044.73,917626,121984.0,158763.0,4100.0,4110.0,4016.1,4092.6,23960125,4501.8,3683.4,4440.0,3288.1,4017.1,1,1,4017.0,592,46,4016.8,19,1,4016.7,1,1,4016.6,10,1,4017.3,8,2,4018.0,81,4,4018.1,131,6,4018.2,222,5,4018.3,62,5
11483,2026-07-02 11:35:34+05:30,4017.0,1,4044.73,917652,122220.0,158766.0,4100.0,4110.0,4016.1,4092.6,23960125,4501.8,3683.4,4440.0,3288.1,4017.0,612,47,4016.8,19,1,4016.7,1,1,4016.6,10,1,4016.5,1136,10,4017.1,1,1,4017.3,8,2,4018.0,81,4,4018.1,131,6,4018.2,35,3
11483,2026-07-02 11:35:35+05:30,4017.0,1,4044.73,917652,122220.0,158766.0,4100.0,4110.0,4016.1,4092.6,23960125,4501.8,3683.4,4440.0,3288.1,4017.0,612,47,4016.8,19,1,4016.7,1,1,4016.6,10,1,4016.5,1136,10,4017.1,1,1,4017.3,8,2,4018.0,81,4,4018.1,131,6,4018.2,35,3
11483,2026-07-02 11:35:35+05:30,4017.0,1,4044.73,917673,122178.0,158725.0,4100.0,4110.0,4016.1,4092.6,23960125,4501.8,3683.4,4440.0,3288.1,4017.0,613,48,4016.8,19,1,4016.7,1,1,4016.6,10,1,4016.5,1136,10,4017.1,7,2,4017.3,8,2,4018.0,81,4,4018.1,130,5,4018.2,35,3
11483,2026-07-02 11:35:36+05:30,4018.0,80,4044.73,917673,122178.0,158725.0,4100.0,4110.0,4016.1,4092.6,23960125,4501.8,3683.4,4440.0,3288.1,4017.0,613,48,4016.8,19,1,4016.7,1,1,4016.6,10,1,4016.5,1136,10,4017.1,7,2,4017.3,8,2,4018.0,81,4,4018.1,130,5,4018.2,35,3
11483,2026-07-02 11:35:36+05:30,4018.0,80,4044.72,917900,122286.0,158947.0,4100.0,4110.0,4016.1,4092.6,23960125,4501.8,3683.4,4440.0,3288.1,4017.4,10,1,4017.0,590,50,4016.8,19,1,4016.7,1,1,4016.6,23,2,4017.5,95,1,4018.0,36,3,4018.1,14,1,4018.2,13,1,4018.3,191,2
11483,2026-07-02 11:35:37+05:30,4017.0,1,4044.72,917900,122286.0,158947.0,4100.0,4110.0,4016.1,4092.6,23960125,4501.8,3683.4,4440.0,3288.1,4017.4,10,1,4017.0,590,50,4016.8,19,1,4016.7,1,1,4016.6,23,2,4017.5,95,1,4018.0,36,3,4018.1,14,1,4018.2,13,1,4018.3,191,2
11483,2026-07-02 11:35:37+05:30,4017.0,1,4044.72,917924,122221.0,158954.0,4100.0,4110.0,4016.1,4092.6,23960125,4501.8,3683.4,4440.0,3288.1,4017.0,588,50,4016.8,19,1,4016.7,1,1,4016.6,10,1,4016.5,1134,9,4017.4,3,1,4017.5,97,2,4018.0,36,3,4018.1,14,1,4018.2,35,2
11483,2026-07-02 11:35:38+05:30,4017.3,1,4044.72,917924,122221.0,158954.0,4100.0,4110.0,4016.1,4092.6,23960125,4501.8,3683.4,4440.0,3288.1,4017.0,588,50,4016.8,19,1,4016.7,1,1,4016.6,10,1,4016.5,1134,9,4017.4,3,1,4017.5,97,2,4018.0,36,3,4018.1,14,1,4018.2,35,2
11483,2026-07-02 11:35:38+05:30,4017.3,1,4044.72,917928,122789.0,159224.0,4100.0,4110.0,4016.1,4092.6,23960125,4501.8,3683.4,4440.0,3288.1,4017.3,49,1,4017.0,906,53,4016.8,19,1,4016.7,1,1,4016.6,10,1,4017.4,3,1,4017.5,95,1,4018.0,36,3,4018.1,14,1,4018.2,35,2
11483,2026-07-02 11:35:39+05:30,4017.3,1,4044.72,917928,122789.0,159224.0,4100.0,4110.0,4016.1,4092.6,23960125,4501.8,3683.4,4440.0,3288.1,4017.3,49,1,4017.0,906,53,4016.8,19,1,4016.7,1,1,4016.6,10,1,4017.4,3,1,4017.5,95,1,4018.0,36,3,4018.1,14,1,4018.2,35,2
11483,2026-07-02 11:35:39+05:30,4017.5,94,4044.72,917928,122789.0,159224.0,4100.0,4110.0,4016.1,4092.6,23960125,4501.8,3683.4,4440.0,3288.1,4017.3,49,1,4017.0,906,53,4016.8,19,1,4016.7,1,1,4016.6,10,1,4017.4,3,1,4017.5,95,1,4018.0,36,3,4018.1,14,1,4018.2,35,2
11483,2026-07-02 11:35:39+05:30,4017.5,1,4044.72,918032,122829.0,158965.0,4100.0,4110.0,4016.1,4092.6,23960125,4501.8,3683.4,4440.0,3288.1,4017.3,62,2,4017.1,47,2,4017.0,925,56,4016.8,19,1,4016.7,23,3,4018.0,36,3,4018.1,14,1,4018.2,188,2,4018.3,16,1,4018.5,14,1
11483,2026-07-02 11:35:39+05:30,4017.5,1,4044.72,918032,122829.0,158965.0,4100.0,4110.0,4016.1,4092.6,23960125,4501.8,3683.4,4440.0,3288.1,4017.3,62,2,4017.1,47,2,4017.0,925,56,4016.8,19,1,4016.7,23,3,4018.0,36,3,4018.1,14,1,4018.2,188,2,4018.3,16,1,4018.5,14,1
11483,2026-07-02 11:35:40+05:30,4017.5,1,4044.72,918032,122829.0,158965.0,4100.0,4110.0,4016.1,4092.6,23960125,4501.8,3683.4,4440.0,3288.1,4017.3,62,2,4017.1,47,2,4017.0,925,56,4016.8,19,1,4016.7,23,3,4018.0,36,3,4018.1,14,1,4018.2,188,2,4018.3,16,1,4018.5,14,1
11483,2026-07-02 11:35:40+05:30,4017.3,5,4044.72,918032,122829.0,158965.0,4100.0,4110.0,4016.1,4092.6,23960125,4501.8,3683.4,4440.0,3288.1,4017.3,62,2,4017.1,47,2,4017.0,925,56,4016.8,19,1,4016.7,23,3,4018.0,36,3,4018.1,14,1,4018.2,188,2,4018.3,16,1,4018.5,14,1
11483,2026-07-02 11:35:40+05:30,4017.3,5,4044.72,918032,122829.0,158965.0,4100.0,4110.0,4016.1,4092.6,23960125,4501.8,3683.4,4440.0,3288.1,4017.3,62,2,4017.1,47,2,4017.0,925,56,4016.8,19,1,4016.7,23,3,4018.0,36,3,4018.1,14,1,4018.2,188,2,4018.3,16,1,4018.5,14,1
11483,2026-07-02 11:35:40+05:30,4017.3,4,4044.71,918197,123317.0,158473.0,4100.0,4110.0,4016.1,4092.6,23960125,4501.8,3683.4,4440.0,3288.1,4017.4,72,4,4017.3,29,3,4017.2,20,2,4017.1,35,5,4017.0,918,59,4018.0,1,1,4018.2,175,1,4018.8,25,1,4018.9,22,1,4019.1,26,1
11483,2026-07-02 11:35:41+05:30,4017.3,4,4044.71,918197,123317.0,158473.0,4100.0,4110.0,4016.1,4092.6,23960125,4501.8,3683.4,4440.0,3288.1,4017.4,72,4,4017.3,29,3,4017.2,20,2,4017.1,35,5,4017.0,918,59,4018.0,1,1,4018.2,175,1,4018.8,25,1,4018.9,22,1,4019.1,26,1
11483,2026-07-02 11:35:41+05:30,4017.4,11,4044.71,918357,123356.0,158488.0,4100.0,4110.0,4016.1,4092.6,23960125,4501.8,3683.4,4440.0,3288.1,4017.3,64,4,4017.2,50,3,4017.1,27,4,4017.0,918,59,4016.9,81,3,4018.0,2,1,4018.2,165,1,4018.8,25,1,4018.9,22,1,4019.0,2,1
11483,2026-07-02 11:35:41+05:30,4017.3,18,4044.71,918357,123356.0,158488.0,4100.0,4110.0,4016.1,4092.6,23960125,4501.8,3683.4,4440.0,3288.1,4017.3,64,4,4017.2,50,3,4017.1,27,4,4017.0,918,59,4016.9,81,3,4018.0,2,1,4018.2,165,1,4018.8,25,1,4018.9,22,1,4019.0,2,1
11483,2026-07-02 11:35:41+05:30,4017.3,18,4044.71,918357,123356.0,158488.0,4100.0,4110.0,4016.1,4092.6,23960125,4501.8,3683.4,4440.0,3288.1,4017.3,64,4,4017.2,50,3,4017.1,27,4,4017.0,918,59,4016.9,81,3,4018.0,2,1,4018.2,165,1,4018.8,25,1,4018.9,22,1,4019.0,2,1
11483,2026-07-02 11:35:42+05:30,4017.3,18,4044.71,918357,123356.0,158488.0,4100.0,4110.0,4016.1,4092.6,23960125,4501.8,3683.4,4440.0,3288.1,4017.3,64,4,4017.2,50,3,4017.1,27,4,4017.0,918,59,4016.9,81,3,4018.0,2,1,4018.2,165,1,4018.8,25,1,4018.9,22,1,4019.0,2,1
11483,2026-07-02 11:35:42+05:30,4019.2,2,4044.69,918957,125146.0,157033.0,4100.0,4110.0,4016.1,4092.6,23960125,4501.8,3683.4,4440.0,3288.1,4018.0,97,6,4017.9,39,2,4017.8,10,1,4017.7,74,4,4017.6,30,3,4019.2,1,1,4019.3,4,1,4019.4,15,1,4019.5,37,1,4019.7,2,1
11483,2026-07-02 11:35:42+05:30,4018.0,11,4044.69,918957,125146.0,157033.0,4100.0,4110.0,4016.1,4092.6,23960125,4501.8,3683.4,4440.0,3288.1,4018.0,97,6,4017.9,39,2,4017.8,10,1,4017.7,74,4,4017.6,30,3,4019.2,1,1,4019.3,4,1,4019.4,15,1,4019.5,37,1,4019.7,2,1
11483,2026-07-02 11:35:42+05:30,4018.0,11,4044.69,918957,125146.0,157033.0,4100.0,4110.0,4016.1,4092.6,23960125,4501.8,3683.4,4440.0,3288.1,4018.0,97,6,4017.9,39,2,4017.8,10,1,4017.7,74,4,4017.6,30,3,4019.2,1,1,4019.3,4,1,4019.4,15,1,4019.5,37,1,4019.7,2,1
11483,2026-07-02 11:35:43+05:30,4018.0,11,4044.69,918957,125146.0,157033.0,4100.0,4110.0,4016.1,4092.6,23960125,4501.8,3683.4,4440.0,3288.1,4018.0,97,6,4017.9,39,2,4017.8,10,1,4017.7,74,4,4017.6,30,3,4019.2,1,1,4019.3,4,1,4019.4,15,1,4019.5,37,1,4019.7,2,1
11483,2026-07-02 11:35:43+05:30,4018.0,11,4044.69,918957,125146.0,157033.0,4100.0,4110.0,4016.1,4092.6,23983225,4501.8,3683.4,4440.0,3288.1,4018.0,97,6,4017.9,39,2,4017.8,10,1,4017.7,74,4,4017.6,30,3,4019.2,1,1,4019.3,4,1,4019.4,15,1,4019.5,37,1,4019.7,2,1
11483,2026-07-02 11:35:43+05:30,4019.2,1,4044.69,919034,125704.0,157117.0,4100.0,4110.0,4016.1,4092.6,23983225,4501.8,3683.4,4440.0,3288.1,4018.2,76,5,4018.1,24,2,4018.0,53,4,4017.9,30,2,4017.8,12,2,4019.2,4,2,4019.4,15,1,4019.5,37,1,4019.7,2,1,4019.9,24,1
11483,2026-07-02 11:35:43+05:30,4018.2,10,4044.69,919034,125704.0,157117.0,4100.0,4110.0,4016.1,4092.6,23983225,4501.8,3683.4,4440.0,3288.1,4018.2,76,5,4018.1,24,2,4018.0,53,4,4017.9,30,2,4017.8,12,2,4019.2,4,2,4019.4,15,1,4019.5,37,1,4019.7,2,1,4019.9,24,1
11483,2026-07-02 11:35:43+05:30,4018.2,10,4044.69,919034,125704.0,157117.0,4100.0,4110.0,4016.1,4092.6,23983225,4501.8,3683.4,4440.0,3288.1,4018.2,76,5,4018.1,24,2,4018.0,53,4,4017.9,30,2,4017.8,12,2,4019.2,4,2,4019.4,15,1,4019.5,37,1,4019.7,2,1,4019.9,24,1
11483,2026-07-02 11:35:44+05:30,4018.2,10,4044.69,919034,125704.0,157117.0,4100.0,4110.0,4016.1,4092.6,23983225,4501.8,3683.4,4440.0,3288.1,4018.2,76,5,4018.1,24,2,4018.0,53,4,4017.9,30,2,4017.8,12,2,4019.2,4,2,4019.4,15,1,4019.5,37,1,4019.7,2,1,4019.9,24,1
11483,2026-07-02 11:35:44+05:30,4018.2,4,4044.69,919050,126882.0,157270.0,4100.0,4110.0,4016.1,4092.6,23983225,4501.8,3683.4,4440.0,3288.1,4018.2,36,2,4018.0,10,1,4017.7,106,4,4017.6,54,5,4017.5,8,2,4019.2,25,4,4019.4,15,1,4019.5,37,1,4019.6,5,1,4019.7,20,2
11483,2026-07-02 11:35:44+05:30,4019.2,1,4044.69,919050,126882.0,157270.0,4100.0,4110.0,4016.1,4092.6,23983225,4501.8,3683.4,4440.0,3288.1,4018.2,36,2,4018.0,10,1,4017.7,106,4,4017.6,54,5,4017.5,8,2,4019.2,25,4,4019.4,15,1,4019.5,37,1,4019.6,5,1,4019.7,20,2
11483,2026-07-02 11:35:44+05:30,4019.2,1,4044.69,919050,126882.0,157270.0,4100.0,4110.0,4016.1,4092.6,23983225,4501.8,3683.4,4440.0,3288.1,4018.2,36,2,4018.0,10,1,4017.7,106,4,4017.6,54,5,4017.5,8,2,4019.2,25,4,4019.4,15,1,4019.5,37,1,4019.6,5,1,4019.7,20,2
11483,2026-07-02 11:35:45+05:30,4019.2,1,4044.69,919050,126882.0,157270.0,4100.0,4110.0,4016.1,4092.6,23983225,4501.8,3683.4,4440.0,3288.1,4018.2,36,2,4018.0,10,1,4017.7,106,4,4017.6,54,5,4017.5,8,2,4019.2,25,4,4019.4,15,1,4019.5,37,1,4019.6,5,1,4019.7,20,2
11483,2026-07-02 11:35:45+05:30,4019.7,37,4044.69,919180,126776.0,157104.0,4100.0,4110.0,4016.1,4092.6,23983225,4501.8,3683.4,4440.0,3288.1,4018.2,33,2,4018.1,32,1,4018.0,11,2,4017.9,10,1,4017.8,48,1,4019.2,1,1,4019.6,18,1,4019.7,18,1,4019.8,22,1,4019.9,24,1
11483,2026-07-02 11:35:45+05:30,4019.6,2,4044.69,919180,126776.0,157104.0,4100.0,4110.0,4016.1,4092.6,23983225,4501.8,3683.4,4440.0,3288.1,4018.2,33,2,4018.1,32,1,4018.0,11,2,4017.9,10,1,4017.8,48,1,4019.2,1,1,4019.6,18,1,4019.7,18,1,4019.8,22,1,4019.9,24,1
11483,2026-07-02 11:35:46+05:30,4019.6,5,4044.68,919241,127444.0,157043.0,4100.0,4110.0,4016.1,4092.6,23983225,4501.8,3683.4,4440.0,3288.1,4018.7,1,1,4018.2,17,2,4018.0,11,2,4017.9,80,3,4017.8,29,2,4019.2,1,1,4019.6,14,1,4019.9,36,2,4020.0,341,5,4020.1,22,1
11483,2026-07-02 11:35:46+05:30,4018.7,1,4044.68,919241,127444.0,157043.0,4100.0,4110.0,4016.1,4092.6,23983225,4501.8,3683.4,4440.0,3288.1,4018.7,1,1,4018.2,17,2,4018.0,11,2,4017.9,80,3,4017.8,29,2,4019.2,1,1,4019.6,14,1,4019.9,36,2,4020.0,341,5,4020.1,22,1
11483,2026-07-02 11:35:47+05:30,4018.3,10,4044.68,919284,127611.0,157333.0,4100.0,4110.0,4016.1,4092.6,23983225,4501.8,3683.4,4440.0,3288.1,4019.2,5,1,4018.3,25,1,4018.2,24,2,4018.1,92,4,4018.0,223,5,4019.6,1,1,4019.8,10,1,4019.9,36,2,4020.0,341,5,4020.1,22,1
11483,2026-07-02 11:35:47+05:30,4019.2,5,4044.68,919284,127611.0,157333.0,4100.0,4110.0,4016.1,4092.6,23983225,4501.8,3683.4,4440.0,3288.1,4019.2,5,1,4018.3,25,1,4018.2,24,2,4018.1,92,4,4018.0,223,5,4019.6,1,1,4019.8,10,1,4019.9,36,2,4020.0,341,5,4020.1,22,1
11483,2026-07-02 11:35:48+05:30,4019.2,1,4044.68,919299,127699.0,156911.0,4100.0,4110.0,4016.1,4092.6,23983225,4501.8,3683.4,4440.0,3288.1,4019.2,4,1,4018.3,73,2,4018.2,94,4,4018.1,94,5,4018.0,236,7,4019.9,12,1,4020.0,41,4,4020.2,6,1,4020.4,25,2,4020.5,2,2
11483,2026-07-02 11:35:48+05:30,4019.2,1,4044.68,919299,127699.0,156911.0,4100.0,4110.0,4016.1,4092.6,23983225,4501.8,3683.4,4440.0,3288.1,4019.2,4,1,4018.3,73,2,4018.2,94,4,4018.1,94,5,4018.0,236,7,4019.9,12,1,4020.0,41,4,4020.2,6,1,4020.4,25,2,4020.5,2,2
11483,2026-07-02 11:35:49+05:30,4019.9,1,4044.68,919301,127676.0,156913.0,4100.0,4110.0,4016.1,4092.6,23983225,4501.8,3683.4,4440.0,3288.1,4019.2,4,2,4018.3,73,2,4018.2,94,4,4018.1,94,5,4018.0,236,7,4019.9,12,2,4020.0,41,4,4020.2,6,1,4020.4,25,2,4020.5,2,2
11483,2026-07-02 11:35:49+05:30,4019.9,88,4044.68,919301,127676.0,156913.0,4100.0,4110.0,4016.1,4092.6,23983225,4501.8,3683.4,4440.0,3288.1,4019.2,4,2,4018.3,73,2,4018.2,94,4,4018.1,94,5,4018.0,236,7,4019.9,12,2,4020.0,41,4,4020.2,6,1,4020.4,25,2,4020.5,2,2
11483,2026-07-02 11:35:50+05:30,4018.2,6,4044.67,919822,127382.0,156459.0,4100.0,4110.0,4016.1,4092.6,23983225,4501.8,3683.4,4440.0,3288.1,4018.4,32,3,4018.3,61,3,4018.2,28,2,4018.1,28,1,4018.0,223,6,4020.0,194,3,4020.1,39,3,4020.2,22,2,4020.3,25,4,4020.4,43,4
11483,2026-07-02 11:35:50+05:30,4018.4,16,4044.67,919822,127382.0,156459.0,4100.0,4110.0,4016.1,4092.6,23983225,4501.8,3683.4,4440.0,3288.1,4018.4,32,3,4018.3,61,3,4018.2,28,2,4018.1,28,1,4018.0,223,6,4020.0,194,3,4020.1,39,3,4020.2,22,2,4020.3,25,4,4020.4,43,4
11483,2026-07-02 11:35:51+05:30,4020.0,1,4044.67,919897,127354.0,156619.0,4100.0,4110.0,4016.1,4092.6,23983225,4501.8,3683.4,4440.0,3288.1,4018.5,97,6,4018.4,22,2,4018.3,64,6,4018.2,53,4,4018.1,11,2,4020.0,176,2,4020.3,5,1,4020.4,31,3,4020.5,2,2,4020.6,15,1
11483,2026-07-02 11:35:51+05:30,4018.5,9,4044.67,919897,127354.0,156619.0,4100.0,4110.0,4016.1,4092.6,23983225,4501.8,3683.4,4440.0,3288.1,4018.5,97,6,4018.4,22,2,4018.3,64,6,4018.2,53,4,4018.1,11,2,4020.0,176,2,4020.3,5,1,4020.4,31,3,4020.5,2,2,4020.6,15,1
11483,2026-07-02 11:35:52+05:30,4019.2,1,4044.67,919908,128125.0,156513.0,4100.0,4110.0,4016.1,4092.6,23983225,4501.8,3683.4,4440.0,3288.1,4019.6,25,1,4019.2,1,1,4019.1,10,1,4019.0,12,1,4018.6,56,4,4020.0,176,3,4020.4,3,1,4020.5,2,2,4020.6,15,1,4020.8,100,2
11483,2026-07-02 11:35:52+05:30,4019.6,1,4044.67,919908,128125.0,156513.0,4100.0,4110.0,4016.1,4092.6,23983225,4501.8,3683.4,4440.0,3288.1,4019.6,25,1,4019.2,1,1,4019.1,10,1,4019.0,12,1,4018.6,56,4,4020.0,176,3,4020.4,3,1,4020.5,2,2,4020.6,15,1,4020.8,100,2
11483,2026-07-02 11:35:53+05:30,4020.0,10,4044.67,919920,129346.0,156289.0,4100.0,4110.0,4016.1,4092.6,23983225,4501.8,3683.4,4440.0,3288.1,4019.6,24,1,4019.2,24,3,4019.1,23,2,4018.8,12,1,4018.6,114,7,4020.0,185,5,4020.4,3,1,4020.5,2,2,4020.6,15,1,4020.8,22,1
11483,2026-07-02 11:35:53+05:30,4019.6,1,4044.67,919920,129346.0,156289.0,4100.0,4110.0,4016.1,4092.6,23983225,4501.8,3683.4,4440.0,3288.1,4019.6,24,1,4019.2,24,3,4019.1,23,2,4018.8,12,1,4018.6,114,7,4020.0,185,5,4020.4,3,1,4020.5,2,2,4020.6,15,1,4020.8,22,1
11483,2026-07-02 11:35:54+05:30,4020.0,1,4044.66,919940,129355.0,156303.0,4100.0,4110.0,4016.1,4092.6,23983225,4501.8,3683.4,4440.0,3288.1,4019.6,22,1,4019.2,25,4,4019.1,23,2,4018.8,12,1,4018.6,80,6,4020.0,167,5,4020.4,3,1,4020.5,2,2,4020.6,15,1,4020.8,22,1
11483,2026-07-02 11:35:54+05:30,4019.6,2,4044.66,919940,129355.0,156303.0,4100.0,4110.0,4016.1,4092.6,23983225,4501.8,3683.4,4440.0,3288.1,4019.6,22,1,4019.2,25,4,4019.1,23,2,4018.8,12,1,4018.6,80,6,4020.0,167,5,4020.4,3,1,4020.5,2,2,4020.6,15,1,4020.8,22,1
11483,2026-07-02 11:35:55+05:30,4020.0,10,4044.66,919940,129355.0,156303.0,4100.0,4110.0,4016.1,4092.6,23983225,4501.8,3683.4,4440.0,3288.1,4019.6,22,1,4019.2,25,4,4019.1,23,2,4018.8,12,1,4018.6,80,6,4020.0,167,5,4020.4,3,1,4020.5,2,2,4020.6,15,1,4020.8,22,1
11483,2026-07-02 11:35:55+05:30,4019.6,2,4044.66,919955,129367.0,156375.0,4100.0,4110.0,4016.1,4092.6,23983225,4501.8,3683.4,4440.0,3288.1,4019.6,18,1,4019.2,2,2,4018.6,47,3,4018.5,74,6,4018.4,22,2,4020.0,186,7,4020.4,3,1,4020.5,2,2,4020.6,44,3,4020.8,42,2
11483,2026-07-02 11:35:56+05:30,4019.6,2,4044.66,919955,129367.0,156375.0,4100.0,4110.0,4016.1,4092.6,23983225,4501.8,3683.4,4440.0,3288.1,4019.6,18,1,4019.2,2,2,4018.6,47,3,4018.5,74,6,4018.4,22,2,4020.0,186,7,4020.4,3,1,4020.5,2,2,4020.6,44,3,4020.8,42,2
11483,2026-07-02 11:35:56+05:30,4020.0,5,4044.66,919962,129517.0,156293.0,4100.0,4110.0,4016.1,4092.6,23983225,4501.8,3683.4,4440.0,3288.1,4019.7,2,1,4019.6,16,1,4019.2,2,2,4018.6,27,2,4018.5,58,3,4020.0,192,8,4020.2,12,1,4020.4,15,2,4020.5,7,3,4020.6,42,3
11483,2026-07-02 11:35:57+05:30,4020.0,1,4044.66,919962,129517.0,156293.0,4100.0,4110.0,4016.1,4092.6,23983225,4501.8,3683.4,4440.0,3288.1,4019.7,2,1,4019.6,16,1,4019.2,2,2,4018.6,27,2,4018.5,58,3,4020.0,192,8,4020.2,12,1,4020.4,15,2,4020.5,7,3,4020.6,42,3
11483,2026-07-02 11:35:57+05:30,4020.0,1,4044.66,919971,129623.0,156466.0,4100.0,4110.0,4016.1,4092.6,23983225,4501.8,3683.4,4440.0,3288.1,4019.6,16,1,4019.2,1,1,4019.0,20,2,4018.6,15,1,4018.5,270,5,4020.0,184,8,4020.4,8,2,4020.5,2,2,4020.6,42,3,4020.8,24,2
11483,2026-07-02 11:35:58+05:30,4020.4,7,4044.66,919971,129623.0,156466.0,4100.0,4110.0,4016.1,4092.6,23983225,4501.8,3683.4,4440.0,3288.1,4019.6,16,1,4019.2,1,1,4019.0,20,2,4018.6,15,1,4018.5,270,5,4020.0,184,8,4020.4,8,2,4020.5,2,2,4020.6,42,3,4020.8,24,2
11483,2026-07-02 11:35:58+05:30,4020.4,7,4044.66,920165,129940.0,155575.0,4100.0,4110.0,4016.1,4092.6,23983225,4501.8,3683.4,4440.0,3288.1,4020.0,101,1,4019.9,2,1,4019.7,10,1,4019.6,13,1,4019.5,25,2,4020.4,3,1,4020.5,2,2,4020.6,15,1,4021.0,26,2,4021.5,2,1
11483,2026-07-02 11:35:59+05:30,4020.0,4,4044.66,920165,129940.0,155575.0,4100.0,4110.0,4016.1,4092.6,23983225,4501.8,3683.4,4440.0,3288.1,4020.0,101,1,4019.9,2,1,4019.7,10,1,4019.6,13,1,4019.5,25,2,4020.4,3,1,4020.5,2,2,4020.6,15,1,4021.0,26,2,4021.5,2,1
11483,2026-07-02 11:35:59+05:30,4020.0,4,4044.66,920192,130087.0,155631.0,4100.0,4110.0,4016.1,4092.6,23983225,4501.8,3683.4,4440.0,3288.1,4020.0,74,1,4019.9,2,1,4019.6,13,1,4019.5,13,1,4019.4,14,1,4020.4,4,2,4020.5,2,2,4020.6,15,1,4021.0,26,2,4021.5,2,1
11483,2026-07-02 11:36:00+05:30,4020.5,2,4044.66,920192,130087.0,155631.0,4100.0,4110.0,4016.1,4092.6,23983225,4501.8,3683.4,4440.0,3288.1,4020.0,74,1,4019.9,2,1,4019.6,13,1,4019.5,13,1,4019.4,14,1,4020.4,4,2,4020.5,2,2,4020.6,15,1,4021.0,26,2,4021.5,2,1
11483,2026-07-02 11:36:00+05:30,4020.5,1,4044.66,920205,130163.0,155617.0,4100.0,4110.0,4016.1,4092.6,23983225,4501.8,3683.4,4440.0,3288.1,4020.0,71,1,4019.9,2,1,4019.6,13,1,4019.4,14,1,4019.3,35,2,4020.5,1,1,4020.6,15,1,4021.0,26,2,4021.5,50,2,4021.6,87,5
11483,2026-07-02 11:36:01+05:30,4020.2,8,4044.66,920205,130163.0,155617.0,4100.0,4110.0,4016.1,4092.6,23983225,4501.8,3683.4,4440.0,3288.1,4020.0,71,1,4019.9,2,1,4019.6,13,1,4019.4,14,1,4019.3,35,2,4020.5,1,1,4020.6,15,1,4021.0,26,2,4021.5,50,2,4021.6,87,5
11483,2026-07-02 11:36:01+05:30,4020.2,8,4044.66,920268,130141.0,155636.0,4100.0,4110.0,4016.1,4092.6,23983225,4501.8,3683.4,4440.0,3288.1,4020.0,29,3,4019.9,2,1,4019.6,13,1,4019.3,24,1,4019.2,18,2,4020.5,2,2,4020.6,15,1,4021.0,26,2,4021.1,12,1,4021.4,48,1
11483,2026-07-02 11:36:02+05:30,4020.5,1,4044.66,920268,130141.0,155636.0,4100.0,4110.0,4016.1,4092.6,23983225,4501.8,3683.4,4440.0,3288.1,4020.0,29,3,4019.9,2,1,4019.6,13,1,4019.3,24,1,4019.2,18,2,4020.5,2,2,4020.6,15,1,4021.0,26,2,4021.1,12,1,4021.4,48,1
11483,2026-07-02 11:36:02+05:30,4020.5,1,4044.66,920278,129826.0,155314.0,4100.0,4110.0,4016.1,4092.6,23983225,4501.8,3683.4,4440.0,3288.1,4020.2,1,1,4020.0,234,5,4019.9,2,1,4019.6,13,1,4019.3,2,1,4020.5,2,2,4020.6,15,1,4021.0,26,2,4021.2,29,2,4021.4,20,1
11483,2026-07-02 11:36:03+05:30,4021.4,2,4044.66,920278,129826.0,155314.0,4100.0,4110.0,4016.1,4092.6,23983225,4501.8,3683.4,4440.0,3288.1,4020.2,1,1,4020.0,234,5,4019.9,2,1,4019.6,13,1,4019.3,2,1,4020.5,2,2,4020.6,15,1,4021.0,26,2,4021.2,29,2,4021.4,20,1
11483,2026-07-02 11:36:03+05:30,4021.1,11,4044.65,920400,129747.0,155242.0,4100.0,4110.0,4016.1,4092.6,23983225,4501.8,3683.4,4440.0,3288.1,4020.0,239,6,4019.9,32,2,4019.6,37,2,4019.3,6,1,4019.2,42,3,4021.1,26,2,4021.2,20,1,4021.4,30,2,4021.5,40,3,4021.6,53,3
11483,2026-07-02 11:36:04+05:30,4020.0,5,4044.65,920400,129747.0,155242.0,4100.0,4110.0,4016.1,4092.6,23983225,4501.8,3683.4,4440.0,3288.1,4020.0,239,6,4019.9,32,2,4019.6,37,2,4019.3,6,1,4019.2,42,3,4021.1,26,2,4021.2,20,1,4021.4,30,2,4021.5,40,3,4021.6,53,3
11483,2026-07-02 11:36:04+05:30,4020.9,3,4044.65,920682,129688.0,155286.0,4100.0,4110.0,4016.1,4092.6,23983225,4501.8,3683.4,4440.0,3288.1,4020.0,218,4,4019.9,34,3,4019.6,13,1,4019.2,42,3,4019.1,2,1,4020.9,26,2,4021.0,16,2,4021.1,33,3,4021.2,57,5,4021.3,26,3
11483,2026-07-02 11:36:05+05:30,4017.6,1,4044.65,920682,129688.0,155286.0,4100.0,4110.0,4016.1,4092.6,23983225,4501.8,3683.4,4440.0,3288.1,4020.0,218,4,4019.9,34,3,4019.6,13,1,4019.2,42,3,4019.1,2,1,4020.9,26,2,4021.0,16,2,4021.1,33,3,4021.2,57,5,4021.3,26,3
11483,2026-07-02 11:36:05+05:30,4017.6,1,4044.62,921699,125165.0,158893.0,4100.0,4110.0,4016.1,4092.6,23983225,4501.8,3683.4,4440.0,3288.1,4017.5,25,1,4017.4,840,4,4017.2,25,1,4017.1,35,2,4017.0,770,59,4017.6,163,1,4017.7,100,1,4017.9,6,1,4018.0,14,2,4018.1,5,1
11483,2026-07-02 11:36:06+05:30,4017.0,1,4044.62,921699,125165.0,158893.0,4100.0,4110.0,4016.1,4092.6,23983225,4501.8,3683.4,4440.0,3288.1,4017.5,25,1,4017.4,840,4,4017.2,25,1,4017.1,35,2,4017.0,770,59,4017.6,163,1,4017.7,100,1,4017.9,6,1,4018.0,14,2,4018.1,5,1
11483,2026-07-02 11:36:06+05:30,4017.0,1,4044.58,922808,124147.0,158639.0,4100.0,4110.0,4016.1,4092.6,23983225,4501.8,3683.4,4440.0,3288.1,4017.0,697,51,4016.8,19,1,4016.7,1,1,4016.6,10,1,4016.5,1134,9,4017.5,5,1,4017.6,26,4,4017.7,100,1,4017.8,37,2,4017.9,21,2
11483,2026-07-02 11:36:07+05:30,4015.1,50,4044.58,922808,124147.0,158639.0,4100.0,4110.0,4016.1,4092.6,23983225,4501.8,3683.4,4440.0,3288.1,4017.0,697,51,4016.8,19,1,4016.7,1,1,4016.6,10,1,4016.5,1134,9,4017.5,5,1,4017.6,26,4,4017.7,100,1,4017.8,37,2,4017.9,21,2
11483,2026-07-02 11:36:07+05:30,4015.1,10,4044.44,927621,118845.0,161200.0,4100.0,4110.0,4015.0,4092.6,23983225,4501.8,3683.4,4440.0,3288.1,4015.0,2956,89,4014.9,17,3,4014.8,1,1,4014.5,3,1,4014.4,1,1,4015.1,65,1,4015.2,8,2,4015.5,6,1,4015.6,10,1,4015.8,36,3
11483,2026-07-02 11:36:08+05:30,4015.0,35,4044.44,927621,118845.0,161200.0,4100.0,4110.0,4015.0,4092.6,23983225,4501.8,3683.4,4440.0,3288.1,4015.0,2956,89,4014.9,17,3,4014.8,1,1,4014.5,3,1,4014.4,1,1,4015.1,65,1,4015.2,8,2,4015.5,6,1,4015.6,10,1,4015.8,36,3
11483,2026-07-02 11:36:08+05:30,4015.2,1,4044.41,928399,119186.0,160357.0,4100.0,4110.0,4015.0,4092.6,23983225,4501.8,3683.4,4440.0,3288.1,4015.1,67,5,4015.0,2290,37,4014.9,32,4,4014.8,1,1,4014.7,47,2,4016.0,8,2,4016.1,7,1,4016.5,48,4,4016.6,6,1,4017.0,1,1
11483,2026-07-02 11:36:09+05:30,4015.0,50,4044.41,928399,119186.0,160357.0,4100.0,4110.0,4015.0,4092.6,23983225,4501.8,3683.4,4440.0,3288.1,4015.1,67,5,4015.0,2290,37,4014.9,32,4,4014.8,1,1,4014.7,47,2,4016.0,8,2,4016.1,7,1,4016.5,48,4,4016.6,6,1,4017.0,1,1
11483,2026-07-02 11:36:09+05:30,4016.0,1,4044.4,928661,120232.0,160152.0,4100.0,4110.0,4015.0,4092.6,23983225,4501.8,3683.4,4440.0,3288.1,4015.0,2147,38,4014.9,58,5,4014.8,1,1,4014.6,32,2,4014.5,27,2,4016.0,4,1,4016.5,8,1,4016.6,9,1,4016.7,28,1,4016.9,24,1
11483,2026-07-02 11:36:10+05:30,4016.0,2,4044.4,928661,120232.0,160152.0,4100.0,4110.0,4015.0,4092.6,23983225,4501.8,3683.4,4440.0,3288.1,4015.0,2147,38,4014.9,58,5,4014.8,1,1,4014.6,32,2,4014.5,27,2,4016.0,4,1,4016.5,8,1,4016.6,9,1,4016.7,28,1,4016.9,24,1
11483,2026-07-02 11:36:10+05:30,4016.7,6,4044.4,928761,120195.0,159752.0,4100.0,4110.0,4015.0,4092.6,23983225,4501.8,3683.4,4440.0,3288.1,4016.0,43,1,4015.2,5,1,4015.1,3,1,4015.0,2068,38,4014.9,17,3,4016.8,22,2,4016.9,12,1,4017.0,13,2,4017.3,74,4,4017.4,36,2
11483,2026-07-02 11:36:11+05:30,4016.0,12,4044.4,928761,120195.0,159752.0,4100.0,4110.0,4015.0,4092.6,23983225,4501.8,3683.4,4440.0,3288.1,4016.0,43,1,4015.2,5,1,4015.1,3,1,4015.0,2068,38,4014.9,17,3,4016.8,22,2,4016.9,12,1,4017.0,13,2,4017.3,74,4,4017.4,36,2
11483,2026-07-02 11:36:11+05:30,4016.3,1,4044.4,928774,119618.0,160262.0,4100.0,4110.0,4015.0,4092.6,23983225,4501.8,3683.4,4440.0,3288.1,4016.0,31,1,4015.2,5,1,4015.1,5,2,4015.0,2056,37,4014.9,17,3,4016.3,38,3,4016.4,216,6,4016.5,175,1,4016.7,26,3,4016.8,62,4
11483,2026-07-02 11:36:12+05:30,4015.0,145,4044.4,928774,119618.0,160262.0,4100.0,4110.0,4015.0,4092.6,23983225,4501.8,3683.4,4440.0,3288.1,4016.0,31,1,4015.2,5,1,4015.1,5,2,4015.0,2056,37,4014.9,17,3,4016.3,38,3,4016.4,216,6,4016.5,175,1,4016.7,26,3,4016.8,62,4
11483,2026-07-02 11:36:12+05:30,4015.6,1,4044.35,930185,117938.0,160343.0,4100.0,4110.0,4015.0,4092.6,23983225,4501.8,3683.4,4440.0,3288.1,4015.0,749,35,4014.9,17,3,4014.8,1,1,4014.5,3,1,4014.4,1,1,4015.6,16,1,4015.7,12,1,4015.8,12,1,4015.9,5,1,4016.0,6,2
11483,2026-07-02 11:36:13+05:30,4015.4,1,4044.35,930185,117938.0,160343.0,4100.0,4110.0,4015.0,4092.6,23983225,4501.8,3683.4,4440.0,3288.1,4015.0,749,35,4014.9,17,3,4014.8,1,1,4014.5,3,1,4014.4,1,1,4015.6,16,1,4015.7,12,1,4015.8,12,1,4015.9,5,1,4016.0,6,2
11483,2026-07-02 11:36:13+05:30,4015.4,1,4044.35,930369,118078.0,160555.0,4100.0,4110.0,4015.0,4092.6,23983225,4501.8,3683.4,4440.0,3288.1,4015.0,592,24,4014.9,17,3,4014.8,1,1,4014.5,3,1,4014.4,2,2,4015.4,14,1,4015.5,6,1,4015.6,9,3,4015.9,5,1,4016.0,20,3
11483,2026-07-02 11:36:14+05:30,4015.3,1,4044.35,930369,118078.0,160555.0,4100.0,4110.0,4015.0,4092.6,23983225,4501.8,3683.4,4440.0,3288.1,4015.0,592,24,4014.9,17,3,4014.8,1,1,4014.5,3,1,4014.4,2,2,4015.4,14,1,4015.5,6,1,4015.6,9,3,4015.9,5,1,4016.0,20,3
11483,2026-07-02 11:36:14+05:30,4015.0,1,4044.34,930599,118054.0,160568.0,4100.0,4110.0,4015.0,4092.6,23983225,4501.8,3683.4,4440.0,3288.1,4015.0,374,16,4014.9,17,3,4014.8,1,1,4014.5,3,1,4014.4,2,2,4015.4,9,2,4015.6,2,2,4015.8,10,1,4015.9,29,2,4016.0,36,4
11483,2026-07-02 11:36:15+05:30,4015.4,3,4044.34,930599,118054.0,160568.0,4100.0,4110.0,4015.0,4092.6,23983225,4501.8,3683.4,4440.0,3288.1,4015.0,374,16,4014.9,17,3,4014.8,1,1,4014.5,3,1,4014.4,2,2,4015.4,9,2,4015.6,2,2,4015.8,10,1,4015.9,29,2,4016.0,36,4
11483,2026-07-02 11:36:15+05:30,4015.4,3,4044.34,930644,118174.0,160519.0,4100.0,4110.0,4015.0,4092.6,23983225,4501.8,3683.4,4440.0,3288.1,4015.1,75,2,4015.0,350,13,4014.9,17,3,4014.8,1,1,4014.5,3,1,4015.6,16,2,4015.9,5,1,4016.0,20,3,4016.2,10,1,4016.3,50,2
11483,2026-07-02 11:36:16+05:30,4016.9,4,4044.34,930644,118174.0,160519.0,4100.0,4110.0,4015.0,4092.6,23983225,4501.8,3683.4,4440.0,3288.1,4015.1,75,2,4015.0,350,13,4014.9,17,3,4014.8,1,1,4014.5,3,1,4015.6,16,2,4015.9,5,1,4016.0,20,3,4016.2,10,1,4016.3,50,2
11483,2026-07-02 11:36:16+05:30,4016.9,4,4044.34,930677,119617.0,159409.0,4100.0,4110.0,4015.0,4092.6,23983225,4501.8,3683.4,4440.0,3288.1,4016.0,50,1,4015.8,14,1,4015.5,76,3,4015.4,90,2,4015.3,42,1,4016.9,1,1,4017.0,6,2,4017.5,34,2,4017.6,60,3,4017.7,100,1
11483,2026-07-02 11:36:17+05:30,4016.0,32,4044.34,930677,119617.0,159409.0,4100.0,4110.0,4015.0,4092.6,23983225,4501.8,3683.4,4440.0,3288.1,4016.0,50,1,4015.8,14,1,4015.5,76,3,4015.4,90,2,4015.3,42,1,4016.9,1,1,4017.0,6,2,4017.5,34,2,4017.6,60,3,4017.7,100,1
11483,2026-07-02 11:36:17+05:30,4016.0,32,4044.33,930916,119683.0,158950.0,4100.0,4110.0,4015.0,4092.6,23983225,4501.8,3683.4,4440.0,3288.1,4016.5,36,1,4016.0,60,2,4015.6,12,1,4015.4,41,2,4015.3,5,1,4016.8,5,1,4016.9,1,1,4017.0,1,1,4017.4,38,2,4017.5,30,2
11483,2026-07-02 11:36:18+05:30,4017.0,14,4044.33,930916,119683.0,158950.0,4100.0,4110.0,4015.0,4092.6,23983225,4501.8,3683.4,4440.0,3288.1,4016.5,36,1,4016.0,60,2,4015.6,12,1,4015.4,41,2,4015.3,5,1,4016.8,5,1,4016.9,1,1,4017.0,1,1,4017.4,38,2,4017.5,30,2
11483,2026-07-02 11:36:18+05:30,4017.0,14,4044.33,931026,120512.0,159197.0,4100.0,4110.0,4015.0,4092.6,23983225,4501.8,3683.4,4440.0,3288.1,4016.4,36,1,4016.3,42,1,4016.2,42,1,4016.1,42,1,4016.0,18,1,4017.0,1,1,4017.5,53,3,4017.6,26,1,4017.7,142,2,4017.8,47,2
11483,2026-07-02 11:36:19+05:30,4016.7,14,4044.33,931026,120512.0,159197.0,4100.0,4110.0,4015.0,4092.6,23983225,4501.8,3683.4,4440.0,3288.1,4016.4,36,1,4016.3,42,1,4016.2,42,1,4016.1,42,1,4016.0,18,1,4017.0,1,1,4017.5,53,3,4017.6,26,1,4017.7,142,2,4017.8,47,2
11483,2026-07-02 11:36:19+05:30,4016.7,14,4044.33,931040,119752.0,158771.0,4100.0,4110.0,4015.0,4092.6,23983225,4501.8,3683.4,4440.0,3288.1,4016.9,22,1,4016.7,70,2,4016.6,42,1,4016.4,42,1,4016.0,18,1,4017.0,10,3,4017.4,175,1,4017.6,14,2,4017.7,102,2,4017.8,27,2
11483,2026-07-02 11:36:20+05:30,4015.5,55,4044.32,931323,119067.0,159731.0,4100.0,4110.0,4015.0,4092.6,23983225,4501.8,3683.4,4440.0,3288.1,4015.5,39,2,4015.4,11,1,4015.3,68,3,4015.2,50,2,4015.1,176,4,4016.9,22,3,4017.0,11,2,4017.1,48,4,4017.2,11,2,4017.3,38,2
11483,2026-07-02 11:36:20+05:30,4015.5,10,4044.32,931323,119067.0,159731.0,4100.0,4110.0,4015.0,4092.6,23983225,4501.8,3683.4,4440.0,3288.1,4015.5,39,2,4015.4,11,1,4015.3,68,3,4015.2,50,2,4015.1,176,4,4016.9,22,3,4017.0,11,2,4017.1,48,4,4017.2,11,2,4017.3,38,2
11483,2026-07-02 11:36:21+05:30,4016.6,10,4044.32,931367,120528.0,159573.0,4100.0,4110.0,4015.0,4092.6,23983225,4501.8,3683.4,4440.0,3288.1,4016.7,5,1,4016.5,42,1,4016.4,42,1,4016.3,42,1,4016.1,42,1,4016.8,18,2,4016.9,19,3,4017.0,1,1,4017.1,5,1,4017.6,20,2
11483,2026-07-02 11:36:21+05:30,4016.6,10,4044.32,931367,120528.0,159573.0,4100.0,4110.0,4015.0,4092.6,23983225,4501.8,3683.4,4440.0,3288.1,4016.7,5,1,4016.5,42,1,4016.4,42,1,4016.3,42,1,4016.1,42,1,4016.8,18,2,4016.9,19,3,4017.0,1,1,4017.1,5,1,4017.6,20,2
11483,2026-07-02 11:36:22+05:30,4016.8,1,4044.32,931409,120464.0,158270.0,4100.0,4110.0,4015.0,4092.6,23983225,4501.8,3683.4,4440.0,3288.1,4016.7,86,7,4016.6,42,1,4016.5,46,2,4016.4,66,3,4016.3,49,2,4018.4,14,3,4018.6,204,3,4018.8,13,1,4018.9,6,1,4019.0,94,4
11483,2026-07-02 11:36:22+05:30,4016.8,1,4044.32,931409,120464.0,158270.0,4100.0,4110.0,4015.0,4092.6,23983225,4501.8,3683.4,4440.0,3288.1,4016.7,86,7,4016.6,42,1,4016.5,46,2,4016.4,66,3,4016.3,49,2,4018.4,14,3,4018.6,204,3,4018.8,13,1,4018.9,6,1,4019.0,94,4
11483,2026-07-02 11:36:23+05:30,4018.4,1,4044.32,931416,120278.0,158672.0,4100.0,4110.0,4015.0,4092.6,23983225,4501.8,3683.4,4440.0,3288.1,4017.0,1,1,4016.7,6,2,4016.2,33,2,4016.1,51,3,4016.0,50,1,4018.0,34,5,4018.1,43,4,4018.2,37,4,4018.3,72,5,4018.4,59,6
11483,2026-07-02 11:36:23+05:30,4018.4,1,4044.32,931416,120278.0,158672.0,4100.0,4110.0,4015.0,4092.6,23983225,4501.8,3683.4,4440.0,3288.1,4017.0,1,1,4016.7,6,2,4016.2,33,2,4016.1,51,3,4016.0,50,1,4018.0,34,5,4018.1,43,4,4018.2,37,4,4018.3,72,5,4018.4,59,6
11483,2026-07-02 11:36:24+05:30,4017.6,5,4044.31,931597,120453.0,158768.0,4100.0,4110.0,4015.0,4092.6,23983225,4501.8,3683.4,4440.0,3288.1,4017.0,1,1,4016.9,20,1,4016.7,6,2,4016.2,33,2,4016.1,51,3,4017.6,30,2,4017.7,42,1,4017.8,42,1,4017.9,6,1,4018.0,67,4
11483,2026-07-02 11:36:24+05:30,4017.0,1,4044.31,931597,120453.0,158768.0,4100.0,4110.0,4015.0,4092.6,23983225,4501.8,3683.4,4440.0,3288.1,4017.0,1,1,4016.9,20,1,4016.7,6,2,4016.2,33,2,4016.1,51,3,4017.6,30,2,4017.7,42,1,4017.8,42,1,4017.9,6,1,4018.0,67,4
11483,2026-07-02 11:36:25+05:30,4016.9,8,4044.31,931628,120588.0,158932.0,4100.0,4110.0,4015.0,4092.6,23983225,4501.8,3683.4,4440.0,3288.1,4016.9,79,3,4016.7,10,3,4016.6,12,1,4016.2,33,2,4016.1,75,4,4017.3,51,1,4017.5,42,1,4017.6,73,4,4017.8,42,1,4018.0,23,3
11483,2026-07-02 11:36:25+05:30,4016.9,4,4044.31,931628,120588.0,158932.0,4100.0,4110.0,4015.0,4092.6,23983225,4501.8,3683.4,4440.0,3288.1,4016.9,79,3,4016.7,10,3,4016.6,12,1,4016.2,33,2,4016.1,75,4,4017.3,51,1,4017.5,42,1,4017.6,73,4,4017.8,42,1,4018.0,23,3
11483,2026-07-02 11:36:26+05:30,4017.3,7,4044.31,931639,120820.0,158830.0,4100.0,4110.0,4015.0,4092.6,23983225,4501.8,3683.4,4440.0,3288.1,4016.9,75,3,4016.7,6,2,4016.4,13,1,4016.3,14,1,4016.2,33,2,4017.3,87,3,4017.4,60,2,4017.6,53,2,4018.0,21,2,4018.1,60,5
11483,2026-07-02 11:36:26+05:30,4017.3,2,4044.31,931639,120820.0,158830.0,4100.0,4110.0,4015.0,4092.6,23983225,4501.8,3683.4,4440.0,3288.1,4016.9,75,3,4016.7,6,2,4016.4,13,1,4016.3,14,1,4016.2,33,2,4017.3,87,3,4017.4,60,2,4017.6,53,2,4018.0,21,2,4018.1,60,5
11483,2026-07-02 11:36:27+05:30,4016.9,4,4044.31,931655,121039.0,158836.0,4100.0,4110.0,4015.0,4092.6,23983225,4501.8,3683.4,4440.0,3288.1,4016.9,63,2,4016.7,5,1,4016.4,13,1,4016.3,14,1,4016.2,33,2,4017.3,85,4,4017.4,60,2,4017.6,53,2,4018.0,23,3,4018.1,58,4
11483,2026-07-02 11:36:27+05:30,4016.9,2,4044.31,931655,121039.0,158836.0,4100.0,4110.0,4015.0,4092.6,23983225,4501.8,3683.4,4440.0,3288.1,4016.9,63,2,4016.7,5,1,4016.4,13,1,4016.3,14,1,4016.2,33,2,4017.3,85,4,4017.4,60,2,4017.6,53,2,4018.0,23,3,4018.1,58,4
11483,2026-07-02 11:36:28+05:30,4017.3,3,4044.31,931712,121158.0,158790.0,4100.0,4110.0,4015.0,4092.6,23983225,4501.8,3683.4,4440.0,3288.1,4016.9,59,2,4016.7,5,1,4016.6,1,1,4016.4,25,2,4016.3,14,1,4017.3,32,2,4017.4,60,2,4017.6,53,2,4018.0,23,3,4018.1,58,4
11483,2026-07-02 11:36:28+05:30,4017.3,8,4044.31,931712,121158.0,158790.0,4100.0,4110.0,4015.0,4092.6,23983225,4501.8,3683.4,4440.0,3288.1,4016.9,59,2,4016.7,5,1,4016.6,1,1,4016.4,25,2,4016.3,14,1,4017.3,32,2,4017.4,60,2,4017.6,53,2,4018.0,23,3,4018.1,58,4
11483,2026-07-02 11:36:29+05:30,4017.4,35,4044.3,932010,121152.0,158678.0,4100.0,4110.0,4015.0,4092.6,23983225,4501.8,3683.4,4440.0,3288.1,4016.5,98,7,4016.4,40,4,4016.3,48,5,4016.2,74,5,4016.1,116,7,4017.6,67,3,4018.0,21,2,4018.1,21,2,4018.2,21,2,4018.3,23,3
11483,2026-07-02 11:36:29+05:30,4016.5,9,4044.3,932010,121152.0,158678.0,4100.0,4110.0,4015.0,4092.6,23983225,4501.8,3683.4,4440.0,3288.1,4016.5,98,7,4016.4,40,4,4016.3,48,5,4016.2,74,5,4016.1,116,7,4017.6,67,3,4018.0,21,2,4018.1,21,2,4018.2,21,2,4018.3,23,3
11483,2026-07-02 11:36:30+05:30,4017.6,1,4044.3,932052,121536.0,158680.0,4100.0,4110.0,4015.0,4092.6,23983225,4501.8,3683.4,4440.0,3288.1,4017.4,3,1,4016.6,58,6,4016.5,71,5,4016.4,22,3,4016.3,48,5,4017.6,68,4,4018.0,21,2,4018.1,21,2,4018.2,21,2,4018.3,19,2
11483,2026-07-02 11:36:30+05:30,4017.4,3,4044.3,932052,121536.0,158680.0,4100.0,4110.0,4015.0,4092.6,23983225,4501.8,3683.4,4440.0,3288.1,4017.4,3,1,4016.6,58,6,4016.5,71,5,4016.4,22,3,4016.3,48,5,4017.6,68,4,4018.0,21,2,4018.1,21,2,4018.2,21,2,4018.3,19,2
11483,2026-07-02 11:36:31+05:30,4017.2,3,4044.3,932105,121623.0,158657.0,4100.0,4110.0,4015.0,4092.6,23983225,4501.8,3683.4,4440.0,3288.1,4017.0,11,1,4016.7,42,5,4016.6,10,2,4016.5,37,3,4016.4,22,3,4017.2,141,1,4017.4,1,1,4017.6,12,2,4018.0,63,3,4018.1,21,2
11483,2026-07-02 11:36:31+05:30,4017.0,6,4044.3,932105,121623.0,158657.0,4100.0,4110.0,4015.0,4092.6,23983225,4501.8,3683.4,4440.0,3288.1,4017.0,11,1,4016.7,42,5,4016.6,10,2,4016.5,37,3,4016.4,22,3,4017.2,141,1,4017.4,1,1,4017.6,12,2,4018.0,63,3,4018.1,21,2
11483,2026-07-02 11:36:32+05:30,4019.1,1,4044.29,932393,123271.0,157420.0,4100.0,4110.0,4015.0,4092.6,23983225,4501.8,3683.4,4440.0,3288.1,4017.6,119,6,4017.5,45,3,4017.4,40,3,4017.3,24,2,4017.2,15,2,4019.1,9,1,4019.4,22,2,4019.9,53,4,4020.0,358,7,4020.1,104,2
11483,2026-07-02 11:36:32+05:30,4019.1,1,4044.29,932393,123271.0,157420.0,4100.0,4110.0,4015.0,4092.6,23983225,4501.8,3683.4,4440.0,3288.1,4017.6,119,6,4017.5,45,3,4017.4,40,3,4017.3,24,2,4017.2,15,2,4019.1,9,1,4019.4,22,2,4019.9,53,4,4020.0,358,7,4020.1,104,2
11483,2026-07-02 11:36:33+05:30,4019.1,1,4044.29,932429,123104.0,157905.0,4100.0,4110.0,4015.0,4092.6,23983225,4501.8,3683.4,4440.0,3288.1,4017.7,40,2,4017.3,52,3,4017.1,4,2,4017.0,83,6,4016.9,58,4,4018.4,42,1,4018.5,42,1,4018.6,42,1,4018.8,42,1,4018.9,51,1
11483,2026-07-02 11:36:33+05:30,4017.7,4,4044.29,932429,123104.0,157905.0,4100.0,4110.0,4015.0,4092.6,23983225,4501.8,3683.4,4440.0,3288.1,4017.7,40,2,4017.3,52,3,4017.1,4,2,4017.0,83,6,4016.9,58,4,4018.4,42,1,4018.5,42,1,4018.6,42,1,4018.8,42,1,4018.9,51,1
11483,2026-07-02 11:36:34+05:30,4016.9,2,4044.28,932783,122766.0,158578.0,4100.0,4110.0,4015.0,4092.6,23983225,4501.8,3683.4,4440.0,3288.1,4017.8,2,1,4016.8,85,6,4016.7,39,3,4016.6,23,3,4016.5,64,4,4018.1,42,1,4018.2,63,3,4018.3,42,1,4018.4,2,1,4018.5,42,1
11483,2026-07-02 11:36:34+05:30,4017.8,3,4044.28,932783,122766.0,158578.0,4100.0,4110.0,4015.0,4092.6,23983225,4501.8,3683.4,4440.0,3288.1,4017.8,2,1,4016.8,85,6,4016.7,39,3,4016.6,23,3,4016.5,64,4,4018.1,42,1,4018.2,63,3,4018.3,42,1,4018.4,2,1,4018.5,42,1
11483,2026-07-02 11:36:35+05:30,4017.7,6,4044.27,933105,122674.0,158721.0,4100.0,4110.0,4015.0,4092.6,23983225,4501.8,3683.4,4440.0,3288.1,4017.0,78,6,4016.9,15,2,4016.8,39,4,4016.7,50,5,4016.6,62,4,4017.7,20,1,4017.8,2,1,4017.9,42,1,4018.0,7,1,4018.1,11,2
11483,2026-07-02 11:36:35+05:30,4017.0,2,4044.27,933105,122674.0,158721.0,4100.0,4110.0,4015.0,4092.6,23983225,4501.8,3683.4,4440.0,3288.1,4017.0,78,6,4016.9,15,2,4016.8,39,4,4016.7,50,5,4016.6,62,4,4017.7,20,1,4017.8,2,1,4017.9,42,1,4018.0,7,1,4018.1,11,2
11483,2026-07-02 11:36:36+05:30,4018.0,5,4044.27,933194,122912.0,158656.0,4100.0,4110.0,4015.0,4092.6,23983225,4501.8,3683.4,4440.0,3288.1,4017.5,1,1,4017.3,27,4,4017.2,7,1,4017.0,46,4,4016.9,15,2,4018.0,2,1,4018.1,48,2,4018.2,7,1,4019.1,45,4,4019.3,68,2
11483,2026-07-02 11:36:36+05:30,4017.5,1,4044.27,933194,122912.0,158656.0,4100.0,4110.0,4015.0,4092.6,23983225,4501.8,3683.4,4440.0,3288.1,4017.5,1,1,4017.3,27,4,4017.2,7,1,4017.0,46,4,4016.9,15,2,4018.0,2,1,4018.1,48,2,4018.2,7,1,4019.1,45,4,4019.3,68,2
11483,2026-07-02 11:36:37+05:30,4017.5,1,4044.27,933195,122614.0,158881.0,4100.0,4110.0,4015.0,4092.6,23983225,4501.8,3683.4,4440.0,3288.1,4017.3,33,4,4017.2,7,1,4017.0,56,5,4016.9,13,1,4016.8,23,3,4017.5,43,2,4017.6,42,1,4017.7,42,1,4017.9,42,1,4018.0,8,2
11483,2026-07-02 11:36:37+05:30,4017.5,1,4044.27,933195,122614.0,158881.0,4100.0,4110.0,4015.0,4092.6,23983225,4501.8,3683.4,4440.0,3288.1,4017.3,33,4,4017.2,7,1,4017.0,56,5,4016.9,13,1,4016.8,23,3,4017.5,43,2,4017.6,42,1,4017.7,42,1,4017.9,42,1,4018.0,8,2
11483,2026-07-02 11:36:38+05:30,4017.3,1,4044.27,933204,122718.0,158464.0,4100.0,4110.0,4015.0,4092.6,23983225,4501.8,3683.4,4440.0,3288.1,4017.3,32,5,4017.2,7,1,4017.1,6,1,4017.0,56,5,4016.9,13,1,4017.5,3,2,4018.0,2,1,4018.1,6,1,4018.2,7,1,4018.8,28,2
11483,2026-07-02 11:36:38+05:30,4017.3,1,4044.27,933204,122718.0,158464.0,4100.0,4110.0,4015.0,4092.6,23983225,4501.8,3683.4,4440.0,3288.1,4017.3,32,5,4017.2,7,1,4017.1,6,1,4017.0,56,5,4016.9,13,1,4017.5,3,2,4018.0,2,1,4018.1,6,1,4018.2,7,1,4018.8,28,2
11483,2026-07-02 11:36:39+05:30,4018.4,1,4044.26,933245,124436.0,157078.0,4100.0,4110.0,4015.0,4092.6,23983225,4501.8,3683.4,4440.0,3288.1,4018.5,66,4,4018.4,78,5,4018.3,79,4,4018.2,58,4,4018.1,43,2,4019.9,24,1,4020.0,373,6,4020.3,24,3,4020.4,3,1,4020.5,2,2
11483,2026-07-02 11:36:39+05:30,4018.4,1,4044.26,933245,124436.0,157078.0,4100.0,4110.0,4015.0,4092.6,23983225,4501.8,3683.4,4440.0,3288.1,4018.5,66,4,4018.4,78,5,4018.3,79,4,4018.2,58,4,4018.1,43,2,4019.9,24,1,4020.0,373,6,4020.3,24,3,4020.4,3,1,4020.5,2,2
11483,2026-07-02 11:36:39+05:30,4019.9,1,4044.26,933245,124436.0,157078.0,4100.0,4110.0,4015.0,4092.6,23983225,4501.8,3683.4,4440.0,3288.1,4018.5,66,4,4018.4,78,5,4018.3,79,4,4018.2,58,4,4018.1,43,2,4019.9,24,1,4020.0,373,6,4020.3,24,3,4020.4,3,1,4020.5,2,2
11483,2026-07-02 11:36:40+05:30,4019.9,1,4044.26,933245,124436.0,157078.0,4100.0,4110.0,4015.0,4092.6,23983225,4501.8,3683.4,4440.0,3288.1,4018.5,66,4,4018.4,78,5,4018.3,79,4,4018.2,58,4,4018.1,43,2,4019.9,24,1,4020.0,373,6,4020.3,24,3,4020.4,3,1,4020.5,2,2
11483,2026-07-02 11:36:40+05:30,4019.9,1,4044.26,933251,124676.0,157971.0,4100.0,4110.0,4015.0,4092.6,23983225,4501.8,3683.4,4440.0,3288.1,4018.6,24,2,4018.4,51,3,4018.3,65,3,4018.2,68,4,4018.1,43,2,4019.7,60,1,4019.9,34,2,4020.0,389,8,4020.3,21,2,4020.5,7,3
11483,2026-07-02 11:36:40+05:30,4018.6,1,4044.26,933251,124676.0,157971.0,4100.0,4110.0,4015.0,4092.6,23983225,4501.8,3683.4,4440.0,3288.1,4018.6,24,2,4018.4,51,3,4018.3,65,3,4018.2,68,4,4018.1,43,2,4019.7,60,1,4019.9,34,2,4020.0,389,8,4020.3,21,2,4020.5,7,3
11483,2026-07-02 11:36:41+05:30,4018.6,1,4044.26,933251,124676.0,157971.0,4100.0,4110.0,4015.0,4092.6,23983225,4501.8,3683.4,4440.0,3288.1,4018.6,24,2,4018.4,51,3,4018.3,65,3,4018.2,68,4,4018.1,43,2,4019.7,60,1,4019.9,34,2,4020.0,389,8,4020.3,21,2,4020.5,7,3
11483,2026-07-02 11:36:41+05:30,4019.2,5,4044.26,933260,124217.0,157904.0,4100.0,4110.0,4015.0,4092.6,23983225,4501.8,3683.4,4440.0,3288.1,4018.6,33,4,4018.5,10,1,4018.4,22,2,4018.3,67,4,4018.2,68,4,4019.2,1,1,4019.9,33,1,4020.0,389,8,4020.3,21,2,4020.5,2,2
11483,2026-07-02 11:36:41+05:30,4018.6,1,4044.26,933260,124217.0,157904.0,4100.0,4110.0,4015.0,4092.6,23983225,4501.8,3683.4,4440.0,3288.1,4018.6,33,4,4018.5,10,1,4018.4,22,2,4018.3,67,4,4018.2,68,4,4019.2,1,1,4019.9,33,1,4020.0,389,8,4020.3,21,2,4020.5,2,2
11483,2026-07-02 11:36:42+05:30,4018.6,1,4044.26,933260,124217.0,157904.0,4100.0,4110.0,4015.0,4092.6,23983225,4501.8,3683.4,4440.0,3288.1,4018.6,33,4,4018.5,10,1,4018.4,22,2,4018.3,67,4,4018.2,68,4,4019.2,1,1,4019.9,33,1,4020.0,389,8,4020.3,21,2,4020.5,2,2
11483,2026-07-02 11:36:42+05:30,4020.0,88,4044.26,933385,123949.0,157860.0,4100.0,4110.0,4015.0,4092.6,23983225,4501.8,3683.4,4440.0,3288.1,4019.2,1,1,4018.9,1,1,4018.6,22,2,4018.4,28,2,4018.3,67,4,4020.0,312,9,4020.3,9,1,4020.5,2,2,4020.6,13,1,4020.7,65,4
11483,2026-07-02 11:36:42+05:30,4019.2,1,4044.26,933385,123949.0,157860.0,4100.0,4110.0,4015.0,4092.6,23983225,4501.8,3683.4,4440.0,3288.1,4019.2,1,1,4018.9,1,1,4018.6,22,2,4018.4,28,2,4018.3,67,4,4020.0,312,9,4020.3,9,1,4020.5,2,2,4020.6,13,1,4020.7,65,4
11483,2026-07-02 11:36:42+05:30,4019.2,1,4044.26,933385,123949.0,157860.0,4100.0,4110.0,4015.0,4092.6,23983225,4501.8,3683.4,4440.0,3288.1,4019.2,1,1,4018.9,1,1,4018.6,22,2,4018.4,28,2,4018.3,67,4,4020.0,312,9,4020.3,9,1,4020.5,2,2,4020.6,13,1,4020.7,65,4
11483,2026-07-02 11:36:43+05:30,4019.2,1,4044.26,933385,123949.0,157860.0,4100.0,4110.0,4015.0,4092.6,23983225,4501.8,3683.4,4440.0,3288.1,4019.2,1,1,4018.9,1,1,4018.6,22,2,4018.4,28,2,4018.3,67,4,4020.0,312,9,4020.3,9,1,4020.5,2,2,4020.6,13,1,4020.7,65,4
11483,2026-07-02 11:36:43+05:30,4019.2,1,4044.26,933385,123949.0,157860.0,4100.0,4110.0,4015.0,4092.6,24020675,4501.8,3683.4,4440.0,3288.1,4019.2,1,1,4018.9,1,1,4018.6,22,2,4018.4,28,2,4018.3,67,4,4020.0,312,9,4020.3,9,1,4020.5,2,2,4020.6,13,1,4020.7,65,4
11483,2026-07-02 11:36:43+05:30,4018.6,8,4044.26,933418,124030.0,157985.0,4100.0,4110.0,4015.0,4092.6,24020675,4501.8,3683.4,4440.0,3288.1,4018.3,2,1,4018.0,48,2,4017.9,12,1,4017.8,60,3,4017.7,47,3,4019.2,3,2,4019.6,18,2,4019.7,22,1,4019.8,23,1,4019.9,21,1
11483,2026-07-02 11:36:43+05:30,4018.3,4,4044.26,933418,124030.0,157985.0,4100.0,4110.0,4015.0,4092.6,24020675,4501.8,3683.4,4440.0,3288.1,4018.3,2,1,4018.0,48,2,4017.9,12,1,4017.8,60,3,4017.7,47,3,4019.2,3,2,4019.6,18,2,4019.7,22,1,4019.8,23,1,4019.9,21,1
11483,2026-07-02 11:36:43+05:30,4018.3,4,4044.26,933418,124030.0,157985.0,4100.0,4110.0,4015.0,4092.6,24020675,4501.8,3683.4,4440.0,3288.1,4018.3,2,1,4018.0,48,2,4017.9,12,1,4017.8,60,3,4017.7,47,3,4019.2,3,2,4019.6,18,2,4019.7,22,1,4019.8,23,1,4019.9,21,1
11483,2026-07-02 11:36:44+05:30,4018.3,4,4044.26,933418,124030.0,157985.0,4100.0,4110.0,4015.0,4092.6,24020675,4501.8,3683.4,4440.0,3288.1,4018.3,2,1,4018.0,48,2,4017.9,12,1,4017.8,60,3,4017.7,47,3,4019.2,3,2,4019.6,18,2,4019.7,22,1,4019.8,23,1,4019.9,21,1
11483,2026-07-02 11:36:44+05:30,4019.6,12,4044.26,933494,123658.0,158301.0,4100.0,4110.0,4015.0,4092.6,24020675,4501.8,3683.4,4440.0,3288.1,4018.0,36,2,4017.9,12,1,4017.8,9,1,4017.7,38,2,4017.6,24,3,4019.4,14,1,4019.5,5,1,4019.6,34,2,4019.7,34,2,4019.8,23,1
11483,2026-07-02 11:36:44+05:30,4019.6,12,4044.26,933494,123658.0,158301.0,4100.0,4110.0,4015.0,4092.6,24020675,4501.8,3683.4,4440.0,3288.1,4018.0,36,2,4017.9,12,1,4017.8,9,1,4017.7,38,2,4017.6,24,3,4019.4,14,1,4019.5,5,1,4019.6,34,2,4019.7,34,2,4019.8,23,1
11483,2026-07-02 11:36:44+05:30,4018.0,9,4044.26,933494,123658.0,158301.0,4100.0,4110.0,4015.0,4092.6,24020675,4501.8,3683.4,4440.0,3288.1,4018.0,36,2,4017.9,12,1,4017.8,9,1,4017.7,38,2,4017.6,24,3,4019.4,14,1,4019.5,5,1,4019.6,34,2,4019.7,34,2,4019.8,23,1
11483,2026-07-02 11:36:45+05:30,4018.0,9,4044.26,933494,123658.0,158301.0,4100.0,4110.0,4015.0,4092.6,24020675,4501.8,3683.4,4440.0,3288.1,4018.0,36,2,4017.9,12,1,4017.8,9,1,4017.7,38,2,4017.6,24,3,4019.4,14,1,4019.5,5,1,4019.6,34,2,4019.7,34,2,4019.8,23,1
11483,2026-07-02 11:36:45+05:30,4017.5,1,4044.26,933531,123029.0,160354.0,4100.0,4110.0,4015.0,4092.6,24020675,4501.8,3683.4,4440.0,3288.1,4017.5,24,1,4017.3,32,2,4017.1,2,1,4017.0,44,5,4016.9,13,1,4018.0,170,4,4019.1,18,2,4019.2,30,2,4019.3,27,3,4019.4,143,9
11483,2026-07-02 11:36:45+05:30,4018.0,3,4044.26,933531,123029.0,160354.0,4100.0,4110.0,4015.0,4092.6,24020675,4501.8,3683.4,4440.0,3288.1,4017.5,24,1,4017.3,32,2,4017.1,2,1,4017.0,44,5,4016.9,13,1,4018.0,170,4,4019.1,18,2,4019.2,30,2,4019.3,27,3,4019.4,143,9
11483,2026-07-02 11:36:46+05:30,4018.0,7,4044.26,933548,122705.0,160285.0,4100.0,4110.0,4015.0,4092.6,24020675,4501.8,3683.4,4440.0,3288.1,4017.5,20,1,4017.3,32,2,4017.1,12,2,4017.0,44,5,4016.9,37,2,4018.0,158,5,4019.1,18,2,4019.2,32,3,4019.3,25,2,4019.4,135,7
11483,2026-07-02 11:36:46+05:30,4018.0,2,4044.26,933548,122705.0,160285.0,4100.0,4110.0,4015.0,4092.6,24020675,4501.8,3683.4,4440.0,3288.1,4017.5,20,1,4017.3,32,2,4017.1,12,2,4017.0,44,5,4016.9,37,2,4018.0,158,5,4019.1,18,2,4019.2,32,3,4019.3,25,2,4019.4,135,7
11483,2026-07-02 11:36:47+05:30,4018.0,2,4044.26,933555,122710.0,160284.0,4100.0,4110.0,4015.0,4092.6,24020675,4501.8,3683.4,4440.0,3288.1,4017.5,17,1,4017.3,32,2,4017.1,12,2,4017.0,44,5,4016.9,37,2,4018.0,157,7,4019.1,31,3,4019.2,30,2,4019.3,5,1,4019.4,124,7
11483,2026-07-02 11:36:47+05:30,4018.0,2,4044.26,933555,122710.0,160284.0,4100.0,4110.0,4015.0,4092.6,24020675,4501.8,3683.4,4440.0,3288.1,4017.5,17,1,4017.3,32,2,4017.1,12,2,4017.0,44,5,4016.9,37,2,4018.0,157,7,4019.1,31,3,4019.2,30,2,4019.3,5,1,4019.4,124,7
11483,2026-07-02 11:36:48+05:30,4017.5,3,4044.26,933570,122207.0,160680.0,4100.0,4110.0,4015.0,4092.6,24020675,4501.8,3683.4,4440.0,3288.1,4017.5,13,1,4017.3,20,1,4017.1,10,1,4017.0,20,2,4016.8,7,1,4018.0,161,8,4018.7,9,3,4018.8,48,1,4018.9,82,3,4019.0,84,3
11483,2026-07-02 11:36:48+05:30,4017.5,2,4044.26,933570,122207.0,160680.0,4100.0,4110.0,4015.0,4092.6,24020675,4501.8,3683.4,4440.0,3288.1,4017.5,13,1,4017.3,20,1,4017.1,10,1,4017.0,20,2,4016.8,7,1,4018.0,161,8,4018.7,9,3,4018.8,48,1,4018.9,82,3,4019.0,84,3
11483,2026-07-02 11:36:49+05:30,4018.0,50,4044.25,933623,122291.0,160634.0,4100.0,4110.0,4015.0,4092.6,24020675,4501.8,3683.4,4440.0,3288.1,4017.5,10,1,4017.3,20,1,4017.1,10,1,4017.0,21,3,4016.7,12,1,4018.0,112,9,4018.4,15,1,4018.5,15,2,4018.6,20,2,4018.7,7,2
11483,2026-07-02 11:36:49+05:30,4018.0,1,4044.25,933623,122291.0,160634.0,4100.0,4110.0,4015.0,4092.6,24020675,4501.8,3683.4,4440.0,3288.1,4017.5,10,1,4017.3,20,1,4017.1,10,1,4017.0,21,3,4016.7,12,1,4018.0,112,9,4018.4,15,1,4018.5,15,2,4018.6,20,2,4018.7,7,2
11483,2026-07-02 11:36:50+05:30,4017.5,1,4044.25,933632,122313.0,160635.0,4100.0,4110.0,4015.0,4092.6,24020675,4501.8,3683.4,4440.0,3288.1,4017.5,2,1,4017.3,20,1,4017.1,10,1,4017.0,21,3,4016.7,12,1,4018.0,110,8,4018.4,15,1,4018.5,15,2,4018.6,20,2,4018.7,7,2
11483,2026-07-02 11:36:50+05:30,4017.5,1,4044.25,933632,122313.0,160635.0,4100.0,4110.0,4015.0,4092.6,24020675,4501.8,3683.4,4440.0,3288.1,4017.5,2,1,4017.3,20,1,4017.1,10,1,4017.0,21,3,4016.7,12,1,4018.0,110,8,4018.4,15,1,4018.5,15,2,4018.6,20,2,4018.7,7,2
11483,2026-07-02 11:36:51+05:30,4018.0,10,4044.25,933644,122025.0,160751.0,4100.0,4110.0,4015.0,4092.6,24020675,4501.8,3683.4,4440.0,3288.1,4017.5,15,1,4017.3,20,1,4017.1,10,1,4017.0,21,3,4016.5,9,1,4017.8,1,1,4018.0,100,8,4018.4,15,1,4018.5,10,1,4018.6,20,2
11483,2026-07-02 11:36:51+05:30,4017.5,1,4044.25,933644,122025.0,160751.0,4100.0,4110.0,4015.0,4092.6,24020675,4501.8,3683.4,4440.0,3288.1,4017.5,15,1,4017.3,20,1,4017.1,10,1,4017.0,21,3,4016.5,9,1,4017.8,1,1,4018.0,100,8,4018.4,15,1,4018.5,10,1,4018.6,20,2
11483,2026-07-02 11:36:52+05:30,4018.0,10,4044.25,933746,122273.0,160246.0,4100.0,4110.0,4015.0,4092.6,24020675,4501.8,3683.4,4440.0,3288.1,4017.6,1,1,4017.5,14,1,4017.3,20,1,4017.1,10,1,4017.0,21,3,4018.0,9,2,4018.5,32,2,4018.6,20,2,4018.7,23,3,4018.8,20,1
11483,2026-07-02 11:36:52+05:30,4017.6,3,4044.25,933746,122273.0,160246.0,4100.0,4110.0,4015.0,4092.6,24020675,4501.8,3683.4,4440.0,3288.1,4017.6,1,1,4017.5,14,1,4017.3,20,1,4017.1,10,1,4017.0,21,3,4018.0,9,2,4018.5,32,2,4018.6,20,2,4018.7,23,3,4018.8,20,1
11483,2026-07-02 11:36:53+05:30,4016.5,7,4044.24,933944,122073.0,160821.0,4100.0,4110.0,4015.0,4092.6,24020675,4501.8,3683.4,4440.0,3288.1,4016.5,65,5,4016.4,23,3,4016.3,14,1,4016.2,20,2,4016.1,182,6,4018.0,19,3,4018.5,48,3,4018.6,39,1,4018.7,10,1,4018.8,12,1
11483,2026-07-02 11:36:53+05:30,4016.1,16,4044.24,933944,122073.0,160821.0,4100.0,4110.0,4015.0,4092.6,24020675,4501.8,3683.4,4440.0,3288.1,4016.5,65,5,4016.4,23,3,4016.3,14,1,4016.2,20,2,4016.1,182,6,4018.0,19,3,4018.5,48,3,4018.6,39,1,4018.7,10,1,4018.8,12,1
11483,2026-07-02 11:36:54+05:30,4018.0,2,4044.24,934175,122001.0,160706.0,4100.0,4110.0,4015.0,4092.6,24020675,4501.8,3683.4,4440.0,3288.1,4016.6,10,1,4016.5,55,4,4016.4,34,2,4016.2,40,2,4016.1,114,4,4018.0,2,1,4018.3,48,4,4018.4,41,3,4018.5,26,3,4018.7,10,1
11483,2026-07-02 11:36:54+05:30,4016.6,10,4044.24,934175,122001.0,160706.0,4100.0,4110.0,4015.0,4092.6,24020675,4501.8,3683.4,4440.0,3288.1,4016.6,10,1,4016.5,55,4,4016.4,34,2,4016.2,40,2,4016.1,114,4,4018.0,2,1,4018.3,48,4,4018.4,41,3,4018.5,26,3,4018.7,10,1
11483,2026-07-02 11:36:55+05:30,4018.0,2,4044.24,934214,122088.0,160516.0,4100.0,4110.0,4015.0,4092.6,24020675,4501.8,3683.4,4440.0,3288.1,4017.5,2,1,4016.6,105,8,4016.5,31,3,4016.4,4,2,4016.3,25,2,4018.0,3,1,4018.3,6,1,4018.4,25,3,4018.5,17,2,4018.8,57,3
11483,2026-07-02 11:36:55+05:30,4017.5,4,4044.24,934214,122088.0,160516.0,4100.0,4110.0,4015.0,4092.6,24020675,4501.8,3683.4,4440.0,3288.1,4017.5,2,1,4016.6,105,8,4016.5,31,3,4016.4,4,2,4016.3,25,2,4018.0,3,1,4018.3,6,1,4018.4,25,3,4018.5,17,2,4018.8,57,3
11483,2026-07-02 11:36:56+05:30,4017.5,10,4044.24,934228,121879.0,160638.0,4100.0,4110.0,4015.0,4092.6,24020675,4501.8,3683.4,4440.0,3288.1,4017.0,1,1,4016.6,24,3,4016.5,5,1,4016.4,1,1,4016.2,30,2,4017.5,2,1,4018.0,20,4,4018.3,6,1,4018.4,25,3,4018.5,41,3
11483,2026-07-02 11:36:56+05:30,4017.0,1,4044.24,934228,121879.0,160638.0,4100.0,4110.0,4015.0,4092.6,24020675,4501.8,3683.4,4440.0,3288.1,4017.0,1,1,4016.6,24,3,4016.5,5,1,4016.4,1,1,4016.2,30,2,4017.5,2,1,4018.0,20,4,4018.3,6,1,4018.4,25,3,4018.5,41,3
11483,2026-07-02 11:36:57+05:30,4018.0,1,4044.23,934286,121949.0,160835.0,4100.0,4110.0,4015.0,4092.6,24020675,4501.8,3683.4,4440.0,3288.1,4016.6,24,3,4016.5,30,2,4016.4,1,1,4016.2,30,2,4016.1,160,5,4018.0,12,2,4018.1,19,1,4018.2,13,1,4018.3,36,4,4018.4,44,4
11483,2026-07-02 11:36:57+05:30,4018.0,1,4044.23,934286,121949.0,160835.0,4100.0,4110.0,4015.0,4092.6,24020675,4501.8,3683.4,4440.0,3288.1,4016.6,24,3,4016.5,30,2,4016.4,1,1,4016.2,30,2,4016.1,160,5,4018.0,12,2,4018.1,19,1,4018.2,13,1,4018.3,36,4,4018.4,44,4
11483,2026-07-02 11:36:58+05:30,4018.0,1,4044.23,934295,122864.0,160894.0,4100.0,4110.0,4015.0,4092.6,24020675,4501.8,3683.4,4440.0,3288.1,4017.0,10,1,4016.6,13,1,4016.5,30,2,4016.4,1,1,4016.2,30,2,4018.0,26,4,4018.1,19,1,4018.2,15,2,4018.3,80,6,4018.4,19,2
11483,2026-07-02 11:36:58+05:30,4018.0,4,4044.23,934295,122864.0,160894.0,4100.0,4110.0,4015.0,4092.6,24020675,4501.8,3683.4,4440.0,3288.1,4017.0,10,1,4016.6,13,1,4016.5,30,2,4016.4,1,1,4016.2,30,2,4018.0,26,4,4018.1,19,1,4018.2,15,2,4018.3,80,6,4018.4,19,2
11483,2026-07-02 11:36:59+05:30,4017.0,4,4044.23,934308,122916.0,160910.0,4100.0,4110.0,4015.0,4092.6,24020675,4501.8,3683.4,4440.0,3288.1,4017.5,2,1,4017.0,5,1,4016.6,13,1,4016.5,30,2,4016.2,32,3,4018.0,35,5,4018.1,21,2,4018.2,13,1,4018.3,36,4,4018.4,19,2
11483,2026-07-02 11:36:59+05:30,4017.5,2,4044.23,934308,122916.0,160910.0,4100.0,4110.0,4015.0,4092.6,24020675,4501.8,3683.4,4440.0,3288.1,4017.5,2,1,4017.0,5,1,4016.6,13,1,4016.5,30,2,4016.2,32,3,4018.0,35,5,4018.1,21,2,4018.2,13,1,4018.3,36,4,4018.4,19,2
11483,2026-07-02 11:37:00+05:30,4017.5,2,4044.23,934310,122970.0,160957.0,4100.0,4110.0,4015.0,4092.6,24020675,4501.8,3683.4,4440.0,3288.1,4017.0,5,1,4016.6,13,1,4016.5,31,3,4016.2,2,1,4016.1,60,4,4017.5,1,1,4018.0,32,4,4018.1,21,2,4018.2,13,1,4018.3,36,4
11483,2026-07-02 11:37:00+05:30,4017.5,1,4044.23,934310,122970.0,160957.0,4100.0,4110.0,4015.0,4092.6,24020675,4501.8,3683.4,4440.0,3288.1,4017.0,5,1,4016.6,13,1,4016.5,31,3,4016.2,2,1,4016.1,60,4,4017.5,1,1,4018.0,32,4,4018.1,21,2,4018.2,13,1,4018.3,36,4
11483,2026-07-02 11:37:01+05:30,4017.3,10,4044.23,934329,123037.0,161017.0,4100.0,4110.0,4015.0,4092.6,24020675,4501.8,3683.4,4440.0,3288.1,4017.6,15,1,4017.0,66,3,4016.6,1,1,4016.5,6,2,4016.2,2,1,4018.0,29,3,4018.1,27,1,4018.2,15,2,4018.3,47,5,4018.4,19,2
11483,2026-07-02 11:37:01+05:30,4017.6,7,4044.23,934329,123037.0,161017.0,4100.0,4110.0,4015.0,4092.6,24020675,4501.8,3683.4,4440.0,3288.1,4017.6,15,1,4017.0,66,3,4016.6,1,1,4016.5,6,2,4016.2,2,1,4018.0,29,3,4018.1,27,1,4018.2,15,2,4018.3,47,5,4018.4,19,2
11483,2026-07-02 11:37:02+05:30,4018.0,1,4044.23,934371,122995.0,160856.0,4100.0,4110.0,4015.0,4092.6,24020675,4501.8,3683.4,4440.0,3288.1,4017.6,3,1,4017.5,1,1,4017.1,1,1,4017.0,66,3,4016.6,1,1,4018.0,15,2,4018.1,35,2,4018.2,16,3,4018.3,47,5,4018.4,31,3
11483,2026-07-02 11:37:02+05:30,4018.0,2,4044.23,934371,122995.0,160856.0,4100.0,4110.0,4015.0,4092.6,24020675,4501.8,3683.4,4440.0,3288.1,4017.6,3,1,4017.5,1,1,4017.1,1,1,4017.0,66,3,4016.6,1,1,4018.0,15,2,4018.1,35,2,4018.2,16,3,4018.3,47,5,4018.4,31,3
11483,2026-07-02 11:37:03+05:30,4018.0,2,4044.23,934379,123048.0,160900.0,4100.0,4110.0,4015.0,4092.6,24020675,4501.8,3683.4,4440.0,3288.1,4017.5,3,2,4017.1,1,1,4017.0,66,3,4016.6,1,1,4016.5,6,2,4018.0,30,4,4018.1,35,2,4018.2,15,2,4018.3,47,5,4018.4,19,2
11483,2026-07-02 11:37:03+05:30,4017.5,1,4044.23,934379,123048.0,160900.0,4100.0,4110.0,4015.0,4092.6,24020675,4501.8,3683.4,4440.0,3288.1,4017.5,3,2,4017.1,1,1,4017.0,66,3,4016.6,1,1,4016.5,6,2,4018.0,30,4,4018.1,35,2,4018.2,15,2,4018.3,47,5,4018.4,19,2
11483,2026-07-02 11:37:04+05:30,4017.5,1,4044.23,934380,123056.0,160944.0,4100.0,4110.0,4015.0,4092.6,24020675,4501.8,3683.4,4440.0,3288.1,4017.6,2,1,4017.5,2,1,4017.1,1,1,4017.0,66,3,4016.6,1,1,4018.0,31,5,4018.1,35,2,4018.2,15,2,4018.3,47,5,4018.4,19,2
11483,2026-07-02 11:37:05+05:30,4018.0,2,4044.23,934382,123070.0,160893.0,4100.0,4110.0,4015.0,4092.6,24020675,4501.8,3683.4,4440.0,3288.1,4017.6,2,1,4017.5,7,2,4017.1,1,1,4017.0,66,3,4016.6,1,1,4018.0,29,5,4018.1,27,1,4018.3,33,4,4018.4,29,3,4018.5,39,2
11483,2026-07-02 11:37:05+05:30,4017.6,1,4044.23,934382,123070.0,160893.0,4100.0,4110.0,4015.0,4092.6,24020675,4501.8,3683.4,4440.0,3288.1,4017.6,2,1,4017.5,7,2,4017.1,1,1,4017.0,66,3,4016.6,1,1,4018.0,29,5,4018.1,27,1,4018.3,33,4,4018.4,29,3,4018.5,39,2
11483,2026-07-02 11:37:06+05:30,4018.0,7,4044.23,934395,123134.0,160781.0,4100.0,4110.0,4015.0,4092.6,24020675,4501.8,3683.4,4440.0,3288.1,4017.6,2,1,4017.5,57,3,4017.3,1,1,4017.1,1,1,4017.0,181,6,4018.0,19,4,4018.1,27,1,4018.3,20,2,4018.4,29,3,4018.8,26,2
11483,2026-07-02 11:37:06+05:30,4017.6,2,4044.23,934395,123134.0,160781.0,4100.0,4110.0,4015.0,4092.6,24020675,4501.8,3683.4,4440.0,3288.1,4017.6,2,1,4017.5,57,3,4017.3,1,1,4017.1,1,1,4017.0,181,6,4018.0,19,4,4018.1,27,1,4018.3,20,2,4018.4,29,3,4018.8,26,2
11483,2026-07-02 11:37:07+05:30,4018.0,9,4044.23,934412,123586.0,160778.0,4100.0,4110.0,4015.0,4092.6,24020675,4501.8,3683.4,4440.0,3288.1,4017.6,33,3,4017.5,64,4,4017.4,17,2,4017.3,13,2,4017.2,11,1,4018.0,2,2,4018.1,27,1,4018.3,20,2,4018.4,29,3,4019.0,212,1
11483,2026-07-02 11:37:07+05:30,4017.6,2,4044.23,934412,123586.0,160778.0,4100.0,4110.0,4015.0,4092.6,24020675,4501.8,3683.4,4440.0,3288.1,4017.6,33,3,4017.5,64,4,4017.4,17,2,4017.3,13,2,4017.2,11,1,4018.0,2,2,4018.1,27,1,4018.3,20,2,4018.4,29,3,4019.0,212,1
11483,2026-07-02 11:37:08+05:30,4018.0,1,4044.23,934416,124147.0,160564.0,4100.0,4110.0,4015.0,4092.6,24020675,4501.8,3683.4,4440.0,3288.1,4018.0,4,1,4017.6,31,3,4017.5,64,4,4017.3,23,3,4017.2,22,2,4018.1,27,1,4018.3,20,2,4018.4,29,3,4018.8,5,1,4019.0,212,1
11483,2026-07-02 11:37:08+05:30,4018.0,1,4044.23,934416,124147.0,160564.0,4100.0,4110.0,4015.0,4092.6,24020675,4501.8,3683.4,4440.0,3288.1,4018.0,4,1,4017.6,31,3,4017.5,64,4,4017.3,23,3,4017.2,22,2,4018.1,27,1,4018.3,20,2,4018.4,29,3,4018.8,5,1,4019.0,212,1
11483,2026-07-02 11:37:09+05:30,4018.1,5,4044.23,934436,124281.0,160546.0,4100.0,4110.0,4015.0,4092.6,24020675,4501.8,3683.4,4440.0,3288.1,4018.0,1,1,4017.5,103,8,4017.4,10,1,4017.3,22,3,4017.2,11,1,4018.1,22,2,4018.3,20,2,4018.4,29,3,4018.8,5,1,4018.9,29,2
11483,2026-07-02 11:37:09+05:30,4018.0,1,4044.23,934436,124281.0,160546.0,4100.0,4110.0,4015.0,4092.6,24020675,4501.8,3683.4,4440.0,3288.1,4018.0,1,1,4017.5,103,8,4017.4,10,1,4017.3,22,3,4017.2,11,1,4018.1,22,2,4018.3,20,2,4018.4,29,3,4018.8,5,1,4018.9,29,2
11483,2026-07-02 11:37:10+05:30,4018.0,1,4044.23,934437,123950.0,160712.0,4100.0,4110.0,4015.0,4092.6,24020675,4501.8,3683.4,4440.0,3288.1,4017.5,103,8,4017.4,10,1,4017.3,22,3,4017.2,11,1,4017.1,29,3,4018.0,1,1,4018.1,22,2,4018.3,20,2,4018.4,29,3,4018.8,24,2
11483,2026-07-02 11:37:10+05:30,4018.0,1,4044.23,934437,123950.0,160712.0,4100.0,4110.0,4015.0,4092.6,24020675,4501.8,3683.4,4440.0,3288.1,4017.5,103,8,4017.4,10,1,4017.3,22,3,4017.2,11,1,4017.1,29,3,4018.0,1,1,4018.1,22,2,4018.3,20,2,4018.4,29,3,4018.8,24,2
11483,2026-07-02 11:37:11+05:30,4018.0,1,4044.23,934450,124338.0,160536.0,4100.0,4110.0,4015.0,4092.6,24020675,4501.8,3683.4,4440.0,3288.1,4018.0,11,1,4017.5,89,7,4017.4,30,2,4017.3,22,3,4017.2,11,1,4018.1,21,1,4018.4,29,3,4018.9,24,1,4019.0,212,1,4019.1,12,1
11483,2026-07-02 11:37:11+05:30,4018.0,1,4044.23,934450,124338.0,160536.0,4100.0,4110.0,4015.0,4092.6,24020675,4501.8,3683.4,4440.0,3288.1,4018.0,11,1,4017.5,89,7,4017.4,30,2,4017.3,22,3,4017.2,11,1,4018.1,21,1,4018.4,29,3,4018.9,24,1,4019.0,212,1,4019.1,12,1
11483,2026-07-02 11:37:12+05:30,4018.1,1,4044.23,934473,124671.0,160280.0,4100.0,4110.0,4015.0,4092.6,24020675,4501.8,3683.4,4440.0,3288.1,4018.0,46,7,4017.9,3,1,4017.8,8,2,4017.6,21,4,4017.5,161,6,4018.1,27,1,4018.4,29,3,4019.0,212,1,4019.1,12,1,4019.2,12,2
11483,2026-07-02 11:37:12+05:30,4018.0,3,4044.23,934473,124671.0,160280.0,4100.0,4110.0,4015.0,4092.6,24020675,4501.8,3683.4,4440.0,3288.1,4018.0,46,7,4017.9,3,1,4017.8,8,2,4017.6,21,4,4017.5,161,6,4018.1,27,1,4018.4,29,3,4019.0,212,1,4019.1,12,1,4019.2,12,2
11483,2026-07-02 11:37:13+05:30,4018.0,1,4044.23,934507,125213.0,159445.0,4100.0,4110.0,4015.0,4092.6,24020675,4501.8,3683.4,4440.0,3288.1,4018.0,45,9,4017.9,3,1,4017.8,8,2,4017.6,22,5,4017.5,161,6,4018.1,26,2,4018.4,19,2,4019.0,212,1,4019.2,12,2,4019.3,41,3
11483,2026-07-02 11:37:13+05:30,4018.0,4,4044.23,934507,125213.0,159445.0,4100.0,4110.0,4015.0,4092.6,24020675,4501.8,3683.4,4440.0,3288.1,4018.0,45,9,4017.9,3,1,4017.8,8,2,4017.6,22,5,4017.5,161,6,4018.1,26,2,4018.4,19,2,4019.0,212,1,4019.2,12,2,4019.3,41,3
11483,2026-07-02 11:37:14+05:30,4019.0,11,4044.23,934582,125527.0,159043.0,4100.0,4110.0,4015.0,4092.6,24020675,4501.8,3683.4,4440.0,3288.1,4018.1,19,1,4018.0,49,7,4017.9,15,1,4017.8,16,1,4017.6,29,7,4019.0,201,1,4019.2,6,1,4019.3,37,2,4019.4,1,1,4019.6,24,1
11483,2026-07-02 11:37:14+05:30,4018.1,9,4044.23,934582,125527.0,159043.0,4100.0,4110.0,4015.0,4092.6,24020675,4501.8,3683.4,4440.0,3288.1,4018.1,19,1,4018.0,49,7,4017.9,15,1,4017.8,16,1,4017.6,29,7,4019.0,201,1,4019.2,6,1,4019.3,37,2,4019.4,1,1,4019.6,24,1
11483,2026-07-02 11:37:15+05:30,4018.1,9,4044.23,934591,125877.0,159028.0,4100.0,4110.0,4015.0,4092.6,24020675,4501.8,3683.4,4440.0,3288.1,4018.1,10,1,4018.0,55,9,4017.9,15,1,4017.8,16,1,4017.6,51,8,4019.0,206,2,4019.2,6,1,4019.3,15,1,4019.4,1,1,4019.6,24,1
11483,2026-07-02 11:37:15+05:30,4018.1,1,4044.23,934591,125877.0,159028.0,4100.0,4110.0,4015.0,4092.6,24020675,4501.8,3683.4,4440.0,3288.1,4018.1,10,1,4018.0,55,9,4017.9,15,1,4017.8,16,1,4017.6,51,8,4019.0,206,2,4019.2,6,1,4019.3,15,1,4019.4,1,1,4019.6,24,1
11483,2026-07-02 11:37:16+05:30,4018.1,1,4044.23,934592,125877.0,159050.0,4100.0,4110.0,4015.0,4092.6,24020675,4501.8,3683.4,4440.0,3288.1,4018.6,12,3,4018.5,12,1,4018.2,14,1,4018.1,25,2,4018.0,45,9,4019.0,206,2,4019.2,6,1,4019.3,15,1,4019.4,1,1,4019.7,124,1
11483,2026-07-02 11:37:17+05:30,4019.0,4,4044.23,934596,125931.0,158900.0,4100.0,4110.0,4015.0,4092.6,24020675,4501.8,3683.4,4440.0,3288.1,4018.6,12,3,4018.5,12,1,4018.2,14,1,4018.1,25,2,4018.0,45,9,4019.0,202,2,4019.2,6,1,4019.3,15,1,4019.4,1,1,4019.7,124,1
11483,2026-07-02 11:37:17+05:30,4019.0,4,4044.23,934596,125931.0,158900.0,4100.0,4110.0,4015.0,4092.6,24020675,4501.8,3683.4,4440.0,3288.1,4018.6,12,3,4018.5,12,1,4018.2,14,1,4018.1,25,2,4018.0,45,9,4019.0,202,2,4019.2,6,1,4019.3,15,1,4019.4,1,1,4019.7,124,1
11483,2026-07-02 11:37:18+05:30,4019.0,4,4044.23,934596,126053.0,158921.0,4100.0,4110.0,4015.0,4092.6,24020675,4501.8,3683.4,4440.0,3288.1,4018.6,12,3,4018.5,12,1,4018.2,14,1,4018.1,9,1,4018.0,148,11,4019.0,202,2,4019.2,6,1,4019.3,15,1,4019.4,1,1,4019.7,124,1
11483,2026-07-02 11:37:19+05:30,4018.0,3,4044.22,934706,126245.0,158882.0,4100.0,4110.0,4015.0,4092.6,24020675,4501.8,3683.4,4440.0,3288.1,4018.3,14,1,4018.2,63,5,4018.1,36,3,4018.0,193,5,4017.9,27,2,4019.0,192,2,4019.2,6,1,4019.3,15,1,4019.4,1,1,4019.7,124,1
11483,2026-07-02 11:37:19+05:30,4018.3,13,4044.22,934706,126245.0,158882.0,4100.0,4110.0,4015.0,4092.6,24020675,4501.8,3683.4,4440.0,3288.1,4018.3,14,1,4018.2,63,5,4018.1,36,3,4018.0,193,5,4017.9,27,2,4019.0,192,2,4019.2,6,1,4019.3,15,1,4019.4,1,1,4019.7,124,1
11483,2026-07-02 11:37:20+05:30,4019.0,3,4044.22,934706,126245.0,158882.0,4100.0,4110.0,4015.0,4092.6,24020675,4501.8,3683.4,4440.0,3288.1,4018.3,14,1,4018.2,63,5,4018.1,36,3,4018.0,193,5,4017.9,27,2,4019.0,192,2,4019.2,6,1,4019.3,15,1,4019.4,1,1,4019.7,124,1
11483,2026-07-02 11:37:20+05:30,4019.0,3,4044.22,934732,126266.0,158880.0,4100.0,4110.0,4015.0,4092.6,24020675,4501.8,3683.4,4440.0,3288.1,4018.3,1,1,4018.2,49,4,4018.1,36,3,4018.0,193,5,4017.9,27,2,4019.0,179,2,4019.2,6,1,4019.3,15,1,4019.4,1,1,4019.7,124,1
11483,2026-07-02 11:37:21+05:30,4018.7,4,4044.22,934732,126266.0,158880.0,4100.0,4110.0,4015.0,4092.6,24020675,4501.8,3683.4,4440.0,3288.1,4018.3,1,1,4018.2,49,4,4018.1,36,3,4018.0,193,5,4017.9,27,2,4019.0,179,2,4019.2,6,1,4019.3,15,1,4019.4,1,1,4019.7,124,1
11483,2026-07-02 11:37:21+05:30,4019.0,93,4044.22,934840,126332.0,158665.0,4100.0,4110.0,4015.0,4092.6,24020675,4501.8,3683.4,4440.0,3288.1,4018.3,15,1,4018.2,34,3,4018.1,36,3,4018.0,176,5,4017.9,27,2,4019.0,86,2,4019.3,15,1,4019.4,1,1,4020.0,184,9,4020.2,62,1
11483,2026-07-02 11:37:22+05:30,4018.2,2,4044.22,934840,126332.0,158665.0,4100.0,4110.0,4015.0,4092.6,24020675,4501.8,3683.4,4440.0,3288.1,4018.3,15,1,4018.2,34,3,4018.1,36,3,4018.0,176,5,4017.9,27,2,4019.0,86,2,4019.3,15,1,4019.4,1,1,4020.0,184,9,4020.2,62,1
11483,2026-07-02 11:37:22+05:30,4018.2,2,4044.22,934857,126421.0,158733.0,4100.0,4110.0,4015.0,4092.6,24020675,4501.8,3683.4,4440.0,3288.1,4018.5,1,1,4018.2,32,3,4018.1,46,4,4018.0,176,5,4017.9,27,2,4019.0,86,2,4019.3,15,1,4019.4,1,1,4020.0,184,9,4020.1,2,1
11483,2026-07-02 11:37:23+05:30,4019.0,1,4044.22,934857,126421.0,158733.0,4100.0,4110.0,4015.0,4092.6,24020675,4501.8,3683.4,4440.0,3288.1,4018.5,1,1,4018.2,32,3,4018.1,46,4,4018.0,176,5,4017.9,27,2,4019.0,86,2,4019.3,15,1,4019.4,1,1,4020.0,184,9,4020.1,2,1
11483,2026-07-02 11:37:23+05:30,4019.0,1,4044.22,934890,126692.0,158722.0,4100.0,4110.0,4015.0,4092.6,24020675,4501.8,3683.4,4440.0,3288.1,4018.5,24,1,4018.4,34,3,4018.3,34,3,4018.2,28,3,4018.1,46,4,4019.0,56,3,4019.3,15,1,4019.4,1,1,4020.0,159,8,4020.2,64,2
11483,2026-07-02 11:37:24+05:30,4019.0,1,4044.22,934890,126692.0,158722.0,4100.0,4110.0,4015.0,4092.6,24020675,4501.8,3683.4,4440.0,3288.1,4018.5,24,1,4018.4,34,3,4018.3,34,3,4018.2,28,3,4018.1,46,4,4019.0,56,3,4019.3,15,1,4019.4,1,1,4020.0,159,8,4020.2,64,2
11483,2026-07-02 11:37:24+05:30,4019.0,1,4044.22,934897,126597.0,158799.0,4100.0,4110.0,4015.0,4092.6,24020675,4501.8,3683.4,4440.0,3288.1,4018.2,32,2,4018.1,34,3,4018.0,193,8,4017.9,27,2,4017.8,57,3,4019.0,53,3,4019.3,30,2,4019.4,1,1,4019.8,5,1,4019.9,27,2
11483,2026-07-02 11:37:25+05:30,4018.5,1,4044.22,934897,126597.0,158799.0,4100.0,4110.0,4015.0,4092.6,24020675,4501.8,3683.4,4440.0,3288.1,4018.2,32,2,4018.1,34,3,4018.0,193,8,4017.9,27,2,4017.8,57,3,4019.0,53,3,4019.3,30,2,4019.4,1,1,4019.8,5,1,4019.9,27,2
11483,2026-07-02 11:37:25+05:30,4018.5,1,4044.22,934898,126749.0,158785.0,4100.0,4110.0,4015.0,4092.6,24020675,4501.8,3683.4,4440.0,3288.1,4018.5,96,1,4018.3,24,2,4018.2,41,3,4018.1,34,3,4018.0,106,8,4019.0,53,3,4019.3,30,2,4019.4,1,1,4019.8,5,1,4020.0,199,10
11483,2026-07-02 11:37:26+05:30,4019.0,8,4044.22,934898,126749.0,158785.0,4100.0,4110.0,4015.0,4092.6,24020675,4501.8,3683.4,4440.0,3288.1,4018.5,96,1,4018.3,24,2,4018.2,41,3,4018.1,34,3,4018.0,106,8,4019.0,53,3,4019.3,30,2,4019.4,1,1,4019.8,5,1,4020.0,199,10
11483,2026-07-02 11:37:26+05:30,4019.0,8,4044.22,934906,126595.0,158743.0,4100.0,4110.0,4015.0,4092.6,24020675,4501.8,3683.4,4440.0,3288.1,4018.8,10,1,4018.5,96,1,4018.3,24,2,4018.2,41,3,4018.1,44,4,4019.0,45,3,4019.3,30,2,4019.4,1,1,4019.8,5,1,4020.0,161,8
11483,2026-07-02 11:37:27+05:30,4020.0,42,4044.22,934906,126595.0,158743.0,4100.0,4110.0,4015.0,4092.6,24020675,4501.8,3683.4,4440.0,3288.1,4018.8,10,1,4018.5,96,1,4018.3,24,2,4018.2,41,3,4018.1,44,4,4019.0,45,3,4019.3,30,2,4019.4,1,1,4019.8,5,1,4020.0,161,8
11483,2026-07-02 11:37:27+05:30,4020.0,42,4044.21,935112,126737.0,158663.0,4100.0,4110.0,4015.0,4092.6,24020675,4501.8,3683.4,4440.0,3288.1,4018.8,7,1,4018.5,96,1,4018.3,12,1,4018.2,30,2,4018.1,44,4,4019.0,1,1,4019.9,43,2,4020.0,96,6,4020.1,7,1,4020.2,12,2
11483,2026-07-02 11:37:28+05:30,4019.6,1,4044.21,935112,126737.0,158663.0,4100.0,4110.0,4015.0,4092.6,24020675,4501.8,3683.4,4440.0,3288.1,4018.8,7,1,4018.5,96,1,4018.3,12,1,4018.2,30,2,4018.1,44,4,4019.0,1,1,4019.9,43,2,4020.0,96,6,4020.1,7,1,4020.2,12,2
11483,2026-07-02 11:37:28+05:30,4019.0,1,4044.2,935627,126842.0,158779.0,4100.0,4110.0,4015.0,4092.6,24020675,4501.8,3683.4,4440.0,3288.1,4019.0,8,1,4018.5,96,1,4018.3,5,1,4018.2,25,2,4018.1,35,3,4019.7,10,1,4019.8,41,3,4019.9,22,1,4020.0,53,5,4020.1,49,4
11483,2026-07-02 11:37:29+05:30,4019.0,2,4044.2,935627,126842.0,158779.0,4100.0,4110.0,4015.0,4092.6,24020675,4501.8,3683.4,4440.0,3288.1,4019.0,8,1,4018.5,96,1,4018.3,5,1,4018.2,25,2,4018.1,35,3,4019.7,10,1,4019.8,41,3,4019.9,22,1,4020.0,53,5,4020.1,49,4
11483,2026-07-02 11:37:29+05:30,4019.0,2,4044.2,935637,126750.0,158864.0,4100.0,4110.0,4015.0,4092.6,24020675,4501.8,3683.4,4440.0,3288.1,4018.5,96,1,4018.2,25,2,4018.1,35,3,4018.0,122,8,4017.9,15,1,4019.0,6,2,4019.7,28,4,4019.8,41,3,4019.9,22,1,4020.0,77,6
11483,2026-07-02 11:37:30+05:30,4019.0,4,4044.2,935637,126750.0,158864.0,4100.0,4110.0,4015.0,4092.6,24020675,4501.8,3683.4,4440.0,3288.1,4018.5,96,1,4018.2,25,2,4018.1,35,3,4018.0,122,8,4017.9,15,1,4019.0,6,2,4019.7,28,4,4019.8,41,3,4019.9,22,1,4020.0,77,6
11483,2026-07-02 11:37:30+05:30,4019.0,4,4044.2,935650,126634.0,158952.0,4100.0,4110.0,4015.0,4092.6,24020675,4501.8,3683.4,4440.0,3288.1,4018.5,95,1,4018.2,25,2,4018.1,20,2,4018.0,176,10,4017.6,6,2,4019.0,2,2,4019.4,5,1,4019.7,13,2,4019.8,41,3,4019.9,69,2
11483,2026-07-02 11:37:31+05:30,4018.8,10,4044.2,935650,126634.0,158952.0,4100.0,4110.0,4015.0,4092.6,24020675,4501.8,3683.4,4440.0,3288.1,4018.5,95,1,4018.2,25,2,4018.1,20,2,4018.0,176,10,4017.6,6,2,4019.0,2,2,4019.4,5,1,4019.7,13,2,4019.8,41,3,4019.9,69,2
11483,2026-07-02 11:37:31+05:30,4018.8,10,4044.19,935773,126819.0,158893.0,4100.0,4110.0,4015.0,4092.6,24020675,4501.8,3683.4,4440.0,3288.1,4019.0,15,1,4018.5,92,1,4018.2,49,3,4018.1,20,2,4018.0,176,10,4019.8,13,2,4019.9,32,3,4020.0,41,4,4020.1,49,4,4020.2,110,7
11483,2026-07-02 11:37:32+05:30,4020.2,17,4044.19,935773,126819.0,158893.0,4100.0,4110.0,4015.0,4092.6,24020675,4501.8,3683.4,4440.0,3288.1,4019.0,15,1,4018.5,92,1,4018.2,49,3,4018.1,20,2,4018.0,176,10,4019.8,13,2,4019.9,32,3,4020.0,41,4,4020.1,49,4,4020.2,110,7
11483,2026-07-02 11:37:32+05:30,4020.2,17,4044.19,936113,126883.0,158401.0,4100.0,4110.0,4015.0,4092.6,24020675,4501.8,3683.4,4440.0,3288.1,4019.0,1,1,4018.6,16,2,4018.5,292,2,4018.2,25,2,4018.1,44,3,4020.1,51,5,4020.2,33,2,4020.3,53,4,4020.4,61,4,4020.5,56,4
11483,2026-07-02 11:37:33+05:30,4019.0,1,4044.19,936140,126802.0,158887.0,4100.0,4110.0,4015.0,4092.6,24020675,4501.8,3683.4,4440.0,3288.1,4018.5,280,2,4018.2,25,2,4018.1,22,3,4018.0,176,10,4017.9,24,1,4019.0,17,5,4019.9,75,3,4020.0,102,5,4020.1,42,5,4020.2,70,5
11483,2026-07-02 11:37:33+05:30,4019.0,1,4044.19,936140,126802.0,158887.0,4100.0,4110.0,4015.0,4092.6,24020675,4501.8,3683.4,4440.0,3288.1,4018.5,280,2,4018.2,25,2,4018.1,22,3,4018.0,176,10,4017.9,24,1,4019.0,17,5,4019.9,75,3,4020.0,102,5,4020.1,42,5,4020.2,70,5
11483,2026-07-02 11:37:34+05:30,4019.0,1,4044.19,936145,126848.0,158951.0,4100.0,4110.0,4015.0,4092.6,24020675,4501.8,3683.4,4440.0,3288.1,4018.6,2,1,4018.5,297,3,4018.3,17,2,4018.2,36,3,4018.1,34,4,4019.0,15,5,4020.0,102,5,4020.1,30,3,4020.2,33,2,4020.3,68,5
11483,2026-07-02 11:37:34+05:30,4018.6,1,4044.19,936145,126848.0,158951.0,4100.0,4110.0,4015.0,4092.6,24020675,4501.8,3683.4,4440.0,3288.1,4018.6,2,1,4018.5,297,3,4018.3,17,2,4018.2,36,3,4018.1,34,4,4019.0,15,5,4020.0,102,5,4020.1,30,3,4020.2,33,2,4020.3,68,5
11483,2026-07-02 11:37:35+05:30,4019.0,31,4044.18,936196,126989.0,158632.0,4100.0,4110.0,4015.0,4092.6,24020675,4501.8,3683.4,4440.0,3288.1,4019.0,13,3,4018.6,2,1,4018.5,297,3,4018.3,5,1,4018.2,36,3,4020.0,30,3,4020.1,30,3,4020.2,33,2,4020.3,32,3,4020.4,37,3
11483,2026-07-02 11:37:35+05:30,4019.0,3,4044.18,936196,126989.0,158632.0,4100.0,4110.0,4015.0,4092.6,24020675,4501.8,3683.4,4440.0,3288.1,4019.0,13,3,4018.6,2,1,4018.5,297,3,4018.3,5,1,4018.2,36,3,4020.0,30,3,4020.1,30,3,4020.2,33,2,4020.3,32,3,4020.4,37,3
11483,2026-07-02 11:37:36+05:30,4018.5,25,4044.18,936319,126996.0,158718.0,4100.0,4110.0,4015.0,4092.6,24020675,4501.8,3683.4,4440.0,3288.1,4019.0,20,1,4018.5,313,5,4018.3,40,3,4018.2,52,3,4018.1,35,3,4020.0,31,4,4020.1,31,4,4020.2,34,3,4020.3,33,4,4020.4,38,4
11483,2026-07-02 11:37:36+05:30,4019.0,15,4044.18,936319,126996.0,158718.0,4100.0,4110.0,4015.0,4092.6,24020675,4501.8,3683.4,4440.0,3288.1,4019.0,20,1,4018.5,313,5,4018.3,40,3,4018.2,52,3,4018.1,35,3,4020.0,31,4,4020.1,31,4,4020.2,34,3,4020.3,33,4,4020.4,38,4
11483,2026-07-02 11:37:37+05:30,4020.0,10,4044.18,936345,127062.0,158668.0,4100.0,4110.0,4015.0,4092.6,24020675,4501.8,3683.4,4440.0,3288.1,4019.1,1,1,4019.0,6,2,4018.5,290,4,4018.3,55,3,4018.2,25,2,4020.0,21,5,4020.1,31,4,4020.2,34,3,4020.3,33,4,4020.4,38,4
11483,2026-07-02 11:37:37+05:30,4019.1,1,4044.18,936345,127062.0,158668.0,4100.0,4110.0,4015.0,4092.6,24020675,4501.8,3683.4,4440.0,3288.1,4019.1,1,1,4019.0,6,2,4018.5,290,4,4018.3,55,3,4018.2,25,2,4020.0,21,5,4020.1,31,4,4020.2,34,3,4020.3,33,4,4020.4,38,4
11483,2026-07-02 11:37:38+05:30,4018.5,47,4044.17,936524,126938.0,158576.0,4100.0,4110.0,4015.0,4092.6,24020675,4501.8,3683.4,4440.0,3288.1,4018.5,173,2,4018.3,28,3,4018.2,37,3,4018.1,34,3,4018.0,206,13,4019.1,1,1,4019.9,1,1,4020.0,25,6,4020.1,16,2,4020.2,19,2
11483,2026-07-02 11:37:38+05:30,4018.5,21,4044.17,936524,126938.0,158576.0,4100.0,4110.0,4015.0,4092.6,24020675,4501.8,3683.4,4440.0,3288.1,4018.5,173,2,4018.3,28,3,4018.2,37,3,4018.1,34,3,4018.0,206,13,4019.1,1,1,4019.9,1,1,4020.0,25,6,4020.1,16,2,4020.2,19,2
11483,2026-07-02 11:37:39+05:30,4020.0,5,4044.17,936557,126878.0,158529.0,4100.0,4110.0,4015.0,4092.6,24020675,4501.8,3683.4,4440.0,3288.1,4019.0,2,1,4018.5,152,2,4018.3,33,3,4018.2,49,4,4018.1,58,4,4020.0,36,7,4020.1,16,2,4020.2,19,2,4020.3,44,4,4020.4,46,4
11483,2026-07-02 11:37:39+05:30,4019.8,1,4044.17,936557,126878.0,158529.0,4100.0,4110.0,4015.0,4092.6,24020675,4501.8,3683.4,4440.0,3288.1,4019.0,2,1,4018.5,152,2,4018.3,33,3,4018.2,49,4,4018.1,58,4,4020.0,36,7,4020.1,16,2,4020.2,19,2,4020.3,44,4,4020.4,46,4
11483,2026-07-02 11:37:39+05:30,4019.8,1,4044.17,936557,126878.0,158529.0,4100.0,4110.0,4015.0,4092.6,24020675,4501.8,3683.4,4440.0,3288.1,4019.0,2,1,4018.5,152,2,4018.3,33,3,4018.2,49,4,4018.1,58,4,4020.0,36,7,4020.1,16,2,4020.2,19,2,4020.3,44,4,4020.4,46,4
11483,2026-07-02 11:37:40+05:30,4019.8,1,4044.17,936557,126878.0,158529.0,4100.0,4110.0,4015.0,4092.6,24020675,4501.8,3683.4,4440.0,3288.1,4019.0,2,1,4018.5,152,2,4018.3,33,3,4018.2,49,4,4018.1,58,4,4020.0,36,7,4020.1,16,2,4020.2,19,2,4020.3,44,4,4020.4,46,4
11483,2026-07-02 11:37:40+05:30,4020.2,7,4044.17,936681,126933.0,158415.0,4100.0,4110.0,4015.0,4092.6,24020675,4501.8,3683.4,4440.0,3288.1,4019.0,26,3,4018.7,2,1,4018.5,152,2,4018.3,5,1,4018.2,49,3,4020.2,33,3,4020.3,20,3,4020.4,23,3,4020.5,51,5,4020.6,35,5
11483,2026-07-02 11:37:40+05:30,4019.0,10,4044.17,936681,126933.0,158415.0,4100.0,4110.0,4015.0,4092.6,24020675,4501.8,3683.4,4440.0,3288.1,4019.0,26,3,4018.7,2,1,4018.5,152,2,4018.3,5,1,4018.2,49,3,4020.2,33,3,4020.3,20,3,4020.4,23,3,4020.5,51,5,4020.6,35,5
11483,2026-07-02 11:37:40+05:30,4019.0,10,4044.17,936681,126933.0,158415.0,4100.0,4110.0,4015.0,4092.6,24020675,4501.8,3683.4,4440.0,3288.1,4019.0,26,3,4018.7,2,1,4018.5,152,2,4018.3,5,1,4018.2,49,3,4020.2,33,3,4020.3,20,3,4020.4,23,3,4020.5,51,5,4020.6,35,5
11483,2026-07-02 11:37:41+05:30,4019.0,10,4044.17,936681,126933.0,158415.0,4100.0,4110.0,4015.0,4092.6,24020675,4501.8,3683.4,4440.0,3288.1,4019.0,26,3,4018.7,2,1,4018.5,152,2,4018.3,5,1,4018.2,49,3,4020.2,33,3,4020.3,20,3,4020.4,23,3,4020.5,51,5,4020.6,35,5
11483,2026-07-02 11:37:41+05:30,4019.0,10,4044.17,936696,127092.0,158373.0,4100.0,4110.0,4015.0,4092.6,24020675,4501.8,3683.4,4440.0,3288.1,4019.0,61,2,4018.7,2,1,4018.5,157,3,4018.3,20,2,4018.2,25,2,4019.4,2,1,4020.0,21,2,4020.2,17,3,4020.3,20,3,4020.4,23,3
11483,2026-07-02 11:37:41+05:30,4019.0,2,4044.17,936696,127092.0,158373.0,4100.0,4110.0,4015.0,4092.6,24020675,4501.8,3683.4,4440.0,3288.1,4019.0,61,2,4018.7,2,1,4018.5,157,3,4018.3,20,2,4018.2,25,2,4019.4,2,1,4020.0,21,2,4020.2,17,3,4020.3,20,3,4020.4,23,3
11483,2026-07-02 11:37:41+05:30,4019.0,2,4044.17,936696,127092.0,158373.0,4100.0,4110.0,4015.0,4092.6,24020675,4501.8,3683.4,4440.0,3288.1,4019.0,61,2,4018.7,2,1,4018.5,157,3,4018.3,20,2,4018.2,25,2,4019.4,2,1,4020.0,21,2,4020.2,17,3,4020.3,20,3,4020.4,23,3
11483,2026-07-02 11:37:42+05:30,4019.0,2,4044.17,936696,127092.0,158373.0,4100.0,4110.0,4015.0,4092.6,24020675,4501.8,3683.4,4440.0,3288.1,4019.0,61,2,4018.7,2,1,4018.5,157,3,4018.3,20,2,4018.2,25,2,4019.4,2,1,4020.0,21,2,4020.2,17,3,4020.3,20,3,4020.4,23,3
11483,2026-07-02 11:37:42+05:30,4019.4,8,4044.17,936718,126870.0,158330.0,4100.0,4110.0,4015.0,4092.6,24020675,4501.8,3683.4,4440.0,3288.1,4019.0,44,1,4018.7,2,1,4018.5,163,5,4018.3,5,1,4018.2,25,2,4019.4,10,2,4020.0,5,1,4020.2,32,4,4020.3,22,4,4020.4,49,5
11483,2026-07-02 11:37:42+05:30,4019.0,3,4044.17,936718,126870.0,158330.0,4100.0,4110.0,4015.0,4092.6,24020675,4501.8,3683.4,4440.0,3288.1,4019.0,44,1,4018.7,2,1,4018.5,163,5,4018.3,5,1,4018.2,25,2,4019.4,10,2,4020.0,5,1,4020.2,32,4,4020.3,22,4,4020.4,49,5
11483,2026-07-02 11:37:42+05:30,4019.0,3,4044.17,936718,126870.0,158330.0,4100.0,4110.0,4015.0,4092.6,24020675,4501.8,3683.4,4440.0,3288.1,4019.0,44,1,4018.7,2,1,4018.5,163,5,4018.3,5,1,4018.2,25,2,4019.4,10,2,4020.0,5,1,4020.2,32,4,4020.3,22,4,4020.4,49,5
11483,2026-07-02 11:37:43+05:30,4019.0,3,4044.17,936718,126870.0,158330.0,4100.0,4110.0,4015.0,4092.6,24020675,4501.8,3683.4,4440.0,3288.1,4019.0,44,1,4018.7,2,1,4018.5,163,5,4018.3,5,1,4018.2,25,2,4019.4,10,2,4020.0,5,1,4020.2,32,4,4020.3,22,4,4020.4,49,5
11483,2026-07-02 11:37:43+05:30,4019.3,1,4044.17,936723,126898.0,158520.0,4100.0,4110.0,4015.0,4092.6,24020675,4501.8,3683.4,4440.0,3288.1,4019.0,41,1,4018.7,2,1,4018.5,163,5,4018.3,5,1,4018.2,25,2,4019.3,174,2,4019.4,12,3,4020.0,17,2,4020.2,32,4,4020.3,47,6
11483,2026-07-02 11:37:43+05:30,4019.0,41,4044.17,936723,126898.0,158520.0,4100.0,4110.0,4015.0,4092.6,24020675,4501.8,3683.4,4440.0,3288.1,4019.0,41,1,4018.7,2,1,4018.5,163,5,4018.3,5,1,4018.2,25,2,4019.3,174,2,4019.4,12,3,4020.0,17,2,4020.2,32,4,4020.3,47,6
11483,2026-07-02 11:37:43+05:30,4019.0,41,4044.17,936723,126898.0,158520.0,4100.0,4110.0,4015.0,4092.6,24036600,4501.8,3683.4,4440.0,3288.1,4019.0,41,1,4018.7,2,1,4018.5,163,5,4018.3,5,1,4018.2,25,2,4019.3,174,2,4019.4,12,3,4020.0,17,2,4020.2,32,4,4020.3,47,6
11483,2026-07-02 11:37:44+05:30,4019.0,41,4044.17,936723,126898.0,158520.0,4100.0,4110.0,4015.0,4092.6,24036600,4501.8,3683.4,4440.0,3288.1,4019.0,41,1,4018.7,2,1,4018.5,163,5,4018.3,5,1,4018.2,25,2,4019.3,174,2,4019.4,12,3,4020.0,17,2,4020.2,32,4,4020.3,47,6
11483,2026-07-02 11:37:44+05:30,4019.4,7,4044.16,937260,126597.0,157946.0,4100.0,4110.0,4015.0,4092.6,24036600,4501.8,3683.4,4440.0,3288.1,4019.0,51,3,4018.5,161,5,4018.4,12,1,4018.3,5,1,4018.2,53,5,4020.0,20,2,4020.2,30,3,4020.3,20,3,4020.4,23,3,4020.5,25,4
11483,2026-07-02 11:37:44+05:30,4019.4,7,4044.16,937260,126597.0,157946.0,4100.0,4110.0,4015.0,4092.6,24036600,4501.8,3683.4,4440.0,3288.1,4019.0,51,3,4018.5,161,5,4018.4,12,1,4018.3,5,1,4018.2,53,5,4020.0,20,2,4020.2,30,3,4020.3,20,3,4020.4,23,3,4020.5,25,4
11483,2026-07-02 11:37:44+05:30,4019.0,13,4044.16,937260,126597.0,157946.0,4100.0,4110.0,4015.0,4092.6,24036600,4501.8,3683.4,4440.0,3288.1,4019.0,51,3,4018.5,161,5,4018.4,12,1,4018.3,5,1,4018.2,53,5,4020.0,20,2,4020.2,30,3,4020.3,20,3,4020.4,23,3,4020.5,25,4
11483,2026-07-02 11:37:44+05:30,4019.0,13,4044.16,937260,126597.0,157946.0,4100.0,4110.0,4015.0,4092.6,24036600,4501.8,3683.4,4440.0,3288.1,4019.0,51,3,4018.5,161,5,4018.4,12,1,4018.3,5,1,4018.2,53,5,4020.0,20,2,4020.2,30,3,4020.3,20,3,4020.4,23,3,4020.5,25,4
11483,2026-07-02 11:37:45+05:30,4019.0,13,4044.16,937260,126597.0,157946.0,4100.0,4110.0,4015.0,4092.6,24036600,4501.8,3683.4,4440.0,3288.1,4019.0,51,3,4018.5,161,5,4018.4,12,1,4018.3,5,1,4018.2,53,5,4020.0,20,2,4020.2,30,3,4020.3,20,3,4020.4,23,3,4020.5,25,4
11483,2026-07-02 11:37:45+05:30,4019.0,1,4044.15,937330,127281.0,157738.0,4100.0,4110.0,4015.0,4092.6,24036600,4501.8,3683.4,4440.0,3288.1,4018.9,62,4,4018.8,10,1,4018.7,17,2,4018.6,25,5,4018.5,169,8,4019.0,1,1,4020.0,20,2,4020.2,15,1,4020.3,12,1,4020.6,12,1
11483,2026-07-02 11:37:45+05:30,4019.0,1,4044.15,937330,127281.0,157738.0,4100.0,4110.0,4015.0,4092.6,24036600,4501.8,3683.4,4440.0,3288.1,4018.9,62,4,4018.8,10,1,4018.7,17,2,4018.6,25,5,4018.5,169,8,4019.0,1,1,4020.0,20,2,4020.2,15,1,4020.3,12,1,4020.6,12,1
11483,2026-07-02 11:37:45+05:30,4019.0,1,4044.15,937330,127281.0,157738.0,4100.0,4110.0,4015.0,4092.6,24036600,4501.8,3683.4,4440.0,3288.1,4018.9,62,4,4018.8,10,1,4018.7,17,2,4018.6,25,5,4018.5,169,8,4019.0,1,1,4020.0,20,2,4020.2,15,1,4020.3,12,1,4020.6,12,1
11483,2026-07-02 11:37:46+05:30,4019.5,25,4044.15,937364,127651.0,157607.0,4100.0,4110.0,4015.0,4092.6,24036600,4501.8,3683.4,4440.0,3288.1,4019.5,4,1,4019.4,12,3,4019.1,50,1,4019.0,3,2,4018.8,6,1,4020.2,30,2,4020.7,28,3,4020.8,83,3,4020.9,41,6,4021.0,352,3
11483,2026-07-02 11:37:46+05:30,4019.5,4,4044.15,937364,127651.0,157607.0,4100.0,4110.0,4015.0,4092.6,24036600,4501.8,3683.4,4440.0,3288.1,4019.5,4,1,4019.4,12,3,4019.1,50,1,4019.0,3,2,4018.8,6,1,4020.2,30,2,4020.7,28,3,4020.8,83,3,4020.9,41,6,4021.0,352,3
11483,2026-07-02 11:37:47+05:30,4019.5,4,4044.15,937368,127506.0,157674.0,4100.0,4110.0,4015.0,4092.6,24036600,4501.8,3683.4,4440.0,3288.1,4019.4,12,3,4019.1,50,1,4019.0,3,2,4018.7,1,1,4018.6,7,2,4020.2,43,4,4020.7,30,4,4020.8,109,3,4020.9,62,6,4021.0,364,4
11483,2026-07-02 11:37:47+05:30,4019.1,12,4044.15,937368,127506.0,157674.0,4100.0,4110.0,4015.0,4092.6,24036600,4501.8,3683.4,4440.0,3288.1,4019.4,12,3,4019.1,50,1,4019.0,3,2,4018.7,1,1,4018.6,7,2,4020.2,43,4,4020.7,30,4,4020.8,109,3,4020.9,62,6,4021.0,364,4
11483,2026-07-02 11:37:48+05:30,4020.2,1,4044.15,937445,127404.0,157730.0,4100.0,4110.0,4015.0,4092.6,24036600,4501.8,3683.4,4440.0,3288.1,4019.1,38,1,4019.0,24,3,4018.7,1,1,4018.6,35,3,4018.5,153,6,4020.2,25,3,4020.6,61,2,4020.7,78,5,4020.8,109,3,4020.9,39,5
11483,2026-07-02 11:37:48+05:30,4019.1,9,4044.15,937445,127404.0,157730.0,4100.0,4110.0,4015.0,4092.6,24036600,4501.8,3683.4,4440.0,3288.1,4019.1,38,1,4019.0,24,3,4018.7,1,1,4018.6,35,3,4018.5,153,6,4020.2,25,3,4020.6,61,2,4020.7,78,5,4020.8,109,3,4020.9,39,5
11483,2026-07-02 11:37:49+05:30,4019.1,9,4044.15,937454,126974.0,157813.0,4100.0,4110.0,4015.0,4092.6,24036600,4501.8,3683.4,4440.0,3288.1,4019.1,29,1,4019.0,24,3,4018.7,1,1,4018.6,2,1,4018.5,146,5,4020.1,29,2,4020.2,23,3,4020.6,69,4,4020.7,111,6,4020.8,109,3
11483,2026-07-02 11:37:49+05:30,4019.1,1,4044.15,937454,126974.0,157813.0,4100.0,4110.0,4015.0,4092.6,24036600,4501.8,3683.4,4440.0,3288.1,4019.1,29,1,4019.0,24,3,4018.7,1,1,4018.6,2,1,4018.5,146,5,4020.1,29,2,4020.2,23,3,4020.6,69,4,4020.7,111,6,4020.8,109,3
11483,2026-07-02 11:37:50+05:30,4020.1,3,4044.15,937458,127004.0,157726.0,4100.0,4110.0,4015.0,4092.6,24036600,4501.8,3683.4,4440.0,3288.1,4019.1,28,1,4019.0,24,3,4018.7,1,1,4018.6,2,1,4018.5,146,5,4020.1,26,2,4020.2,22,2,4020.6,69,4,4020.7,76,4,4020.8,109,3
11483,2026-07-02 11:37:50+05:30,4019.1,1,4044.15,937458,127004.0,157726.0,4100.0,4110.0,4015.0,4092.6,24036600,4501.8,3683.4,4440.0,3288.1,4019.1,28,1,4019.0,24,3,4018.7,1,1,4018.6,2,1,4018.5,146,5,4020.1,26,2,4020.2,22,2,4020.6,69,4,4020.7,76,4,4020.8,109,3
11483,2026-07-02 11:37:51+05:30,4020.1,4,4044.15,937466,127041.0,157633.0,4100.0,4110.0,4015.0,4092.6,24036600,4501.8,3683.4,4440.0,3288.1,4019.1,42,3,4019.0,53,3,4018.8,6,1,4018.7,1,1,4018.6,26,2,4020.1,38,4,4020.2,22,2,4020.6,19,2,4020.7,28,3,4020.8,83,3
11483,2026-07-02 11:37:51+05:30,4019.1,1,4044.15,937466,127041.0,157633.0,4100.0,4110.0,4015.0,4092.6,24036600,4501.8,3683.4,4440.0,3288.1,4019.1,42,3,4019.0,53,3,4018.8,6,1,4018.7,1,1,4018.6,26,2,4020.1,38,4,4020.2,22,2,4020.6,19,2,4020.7,28,3,4020.8,83,3
11483,2026-07-02 11:37:52+05:30,4020.0,6,4044.15,937497,127540.0,157639.0,4100.0,4110.0,4015.0,4092.6,24036600,4501.8,3683.4,4440.0,3288.1,4019.6,1,1,4019.1,43,4,4019.0,53,3,4018.7,1,1,4018.6,14,2,4020.0,14,1,4020.1,38,4,4020.2,7,1,4020.6,6,1,4020.7,28,3
11483,2026-07-02 11:37:52+05:30,4019.6,3,4044.15,937497,127540.0,157639.0,4100.0,4110.0,4015.0,4092.6,24036600,4501.8,3683.4,4440.0,3288.1,4019.6,1,1,4019.1,43,4,4019.0,53,3,4018.7,1,1,4018.6,14,2,4020.0,14,1,4020.1,38,4,4020.2,7,1,4020.6,6,1,4020.7,28,3
11483,2026-07-02 11:37:53+05:30,4019.6,3,4044.15,937500,127233.0,157863.0,4100.0,4110.0,4015.0,4092.6,24036600,4501.8,3683.4,4440.0,3288.1,4019.1,43,4,4019.0,153,4,4018.7,1,1,4018.6,2,1,4018.5,146,5,4019.6,1,1,4019.9,1,1,4020.0,36,4,4020.1,212,4,4020.2,7,1
11483,2026-07-02 11:37:54+05:30,4020.0,1,4044.15,937508,126951.0,157336.0,4100.0,4110.0,4015.0,4092.6,24036600,4501.8,3683.4,4440.0,3288.1,4019.2,19,1,4019.1,54,5,4019.0,167,5,4018.9,30,2,4018.8,17,2,4020.0,31,3,4020.1,18,2,4020.2,182,2,4020.6,19,2,4020.7,1,1
11483,2026-07-02 11:37:54+05:30,4019.2,1,4044.15,937508,126951.0,157336.0,4100.0,4110.0,4015.0,4092.6,24036600,4501.8,3683.4,4440.0,3288.1,4019.2,19,1,4019.1,54,5,4019.0,167,5,4018.9,30,2,4018.8,17,2,4020.0,31,3,4020.1,18,2,4020.2,182,2,4020.6,19,2,4020.7,1,1
11483,2026-07-02 11:37:55+05:30,4019.2,1,4044.15,937509,127052.0,157917.0,4100.0,4110.0,4015.0,4092.6,24036600,4501.8,3683.4,4440.0,3288.1,4019.2,18,1,4019.1,54,5,4019.0,267,6,4018.9,30,2,4018.8,17,2,4019.9,175,1,4020.0,33,4,4020.1,18,2,4020.2,182,2,4020.6,19,2
11483,2026-07-02 11:37:56+05:30,4019.2,1,4044.15,937509,127162.0,157934.0,4100.0,4110.0,4015.0,4092.6,24036600,4501.8,3683.4,4440.0,3288.1,4019.1,43,4,4019.0,267,6,4018.9,30,2,4018.8,11,1,4018.7,31,2,4019.9,177,2,4020.0,17,2,4020.1,7,1,4020.2,182,2,4020.6,19,2
11483,2026-07-02 11:37:56+05:30,4020.6,3,4044.15,937509,127162.0,157934.0,4100.0,4110.0,4015.0,4092.6,24036600,4501.8,3683.4,4440.0,3288.1,4019.1,43,4,4019.0,267,6,4018.9,30,2,4018.8,11,1,4018.7,31,2,4019.9,177,2,4020.0,17,2,4020.1,7,1,4020.2,182,2,4020.6,19,2
11483,2026-07-02 11:37:57+05:30,4019.1,5,4044.14,938024,127251.0,157553.0,4100.0,4110.0,4015.0,4092.6,24036600,4501.8,3683.4,4440.0,3288.1,4019.1,46,4,4019.0,251,4,4018.7,26,2,4018.6,52,2,4018.5,181,7,4020.2,6,1,4020.3,172,2,4020.6,13,2,4020.7,1,1,4020.8,30,1
11483,2026-07-02 11:37:57+05:30,4019.1,7,4044.14,938024,127251.0,157553.0,4100.0,4110.0,4015.0,4092.6,24036600,4501.8,3683.4,4440.0,3288.1,4019.1,46,4,4019.0,251,4,4018.7,26,2,4018.6,52,2,4018.5,181,7,4020.2,6,1,4020.3,172,2,4020.6,13,2,4020.7,1,1,4020.8,30,1
11483,2026-07-02 11:37:58+05:30,4020.9,1,4044.13,938112,128010.0,156938.0,4100.0,4110.0,4015.0,4092.6,24036600,4501.8,3683.4,4440.0,3288.1,4020.1,39,3,4020.0,15,2,4019.9,45,4,4019.8,18,3,4019.7,32,4,4020.9,3,2,4021.0,350,2,4021.5,177,2,4021.8,12,1,4021.9,24,1
11483,2026-07-02 11:37:58+05:30,4021.0,1,4044.13,938112,128010.0,156938.0,4100.0,4110.0,4015.0,4092.6,24036600,4501.8,3683.4,4440.0,3288.1,4020.1,39,3,4020.0,15,2,4019.9,45,4,4019.8,18,3,4019.7,32,4,4020.9,3,2,4021.0,350,2,4021.5,177,2,4021.8,12,1,4021.9,24,1
11483,2026-07-02 11:37:59+05:30,4021.0,1,4044.13,938136,128071.0,156778.0,4100.0,4110.0,4015.0,4092.6,24036600,4501.8,3683.4,4440.0,3288.1,4020.3,4,1,4020.2,41,5,4020.1,32,4,4020.0,15,2,4019.9,24,3,4021.0,348,2,4021.5,12,1,4021.8,12,1,4021.9,24,1,4022.0,22,4
11483,2026-07-02 11:37:59+05:30,4020.3,3,4044.13,938136,128071.0,156778.0,4100.0,4110.0,4015.0,4092.6,24036600,4501.8,3683.4,4440.0,3288.1,4020.3,4,1,4020.2,41,5,4020.1,32,4,4020.0,15,2,4019.9,24,3,4021.0,348,2,4021.5,12,1,4021.8,12,1,4021.9,24,1,4022.0,22,4
11483,2026-07-02 11:38:00+05:30,4020.3,3,4044.13,938139,128180.0,156839.0,4100.0,4110.0,4015.0,4092.6,24036600,4501.8,3683.4,4440.0,3288.1,4020.6,1,1,4020.5,35,4,4020.4,37,4,4020.3,32,4,4020.2,29,3,4021.0,356,3,4021.8,12,1,4022.0,35,5,4022.1,15,2,4022.2,140,2
11483,2026-07-02 11:38:00+05:30,4021.0,3,4044.13,938139,128180.0,156839.0,4100.0,4110.0,4015.0,4092.6,24036600,4501.8,3683.4,4440.0,3288.1,4020.6,1,1,4020.5,35,4,4020.4,37,4,4020.3,32,4,4020.2,29,3,4021.0,356,3,4021.8,12,1,4022.0,35,5,4022.1,15,2,4022.2,140,2
11483,2026-07-02 11:38:01+05:30,4020.4,3,4044.13,938182,128234.0,156855.0,4100.0,4110.0,4015.0,4092.6,24036600,4501.8,3683.4,4440.0,3288.1,4020.4,35,4,4020.3,22,3,4020.2,35,4,4020.1,68,4,4020.0,66,5,4021.0,352,4,4021.8,12,1,4022.0,59,6,4022.1,15,2,4022.2,140,2
11483,2026-07-02 11:38:01+05:30,4020.4,5,4044.13,938182,128234.0,156855.0,4100.0,4110.0,4015.0,4092.6,24036600,4501.8,3683.4,4440.0,3288.1,4020.4,35,4,4020.3,22,3,4020.2,35,4,4020.1,68,4,4020.0,66,5,4021.0,352,4,4021.8,12,1,4022.0,59,6,4022.1,15,2,4022.2,140,2
11483,2026-07-02 11:38:02+05:30,4020.4,5,4044.13,938187,128363.0,156220.0,4100.0,4110.0,4015.0,4092.6,24036600,4501.8,3683.4,4440.0,3288.1,4020.7,34,5,4020.6,16,1,4020.5,15,3,4020.4,17,4,4020.3,35,4,4021.0,352,4,4021.8,12,1,4022.0,35,5,4022.1,15,2,4022.2,62,1
11483,2026-07-02 11:38:03+05:30,4021.0,7,4044.12,938547,129177.0,156829.0,4100.0,4110.0,4015.0,4092.6,24036600,4501.8,3683.4,4440.0,3288.1,4021.2,5,1,4021.1,60,5,4021.0,14,1,4020.8,52,5,4020.7,34,5,4022.0,2,2,4022.1,2,1,4022.7,13,1,4022.8,33,1,4023.0,67,4
11483,2026-07-02 11:38:03+05:30,4021.2,5,4044.12,938547,129177.0,156829.0,4100.0,4110.0,4015.0,4092.6,24036600,4501.8,3683.4,4440.0,3288.1,4021.2,5,1,4021.1,60,5,4021.0,14,1,4020.8,52,5,4020.7,34,5,4022.0,2,2,4022.1,2,1,4022.7,13,1,4022.8,33,1,4023.0,67,4
11483,2026-07-02 11:38:04+05:30,4021.2,5,4044.12,938552,129334.0,157704.0,4100.0,4110.0,4015.0,4092.6,24036600,4501.8,3683.4,4440.0,3288.1,4021.1,23,2,4020.8,25,4,4020.7,41,5,4020.6,26,4,4020.5,43,6,4021.2,5,1,4022.0,3,3,4022.1,2,1,4022.4,12,1,4022.7,13,1
11483,2026-07-02 11:38:04+05:30,4021.2,1,4044.12,938552,129334.0,157704.0,4100.0,4110.0,4015.0,4092.6,24036600,4501.8,3683.4,4440.0,3288.1,4021.1,23,2,4020.8,25,4,4020.7,41,5,4020.6,26,4,4020.5,43,6,4021.2,5,1,4022.0,3,3,4022.1,2,1,4022.4,12,1,4022.7,13,1
11483,2026-07-02 11:38:05+05:30,4021.2,1,4044.12,938574,129373.0,157679.0,4100.0,4110.0,4015.0,4092.6,24036600,4501.8,3683.4,4440.0,3288.1,4020.9,53,6,4020.8,14,4,4020.7,21,4,4020.6,26,4,4020.5,18,5,4021.2,3,1,4022.0,2,2,4022.1,2,1,4022.4,12,1,4022.5,8,1
11483,2026-07-02 11:38:05+05:30,4020.9,3,4044.12,938574,129373.0,157679.0,4100.0,4110.0,4015.0,4092.6,24036600,4501.8,3683.4,4440.0,3288.1,4020.9,53,6,4020.8,14,4,4020.7,21,4,4020.6,26,4,4020.5,18,5,4021.2,3,1,4022.0,2,2,4022.1,2,1,4022.4,12,1,4022.5,8,1
11483,2026-07-02 11:38:06+05:30,4021.2,3,4044.12,938584,129419.0,157817.0,4100.0,4110.0,4015.0,4092.6,24036600,4501.8,3683.4,4440.0,3288.1,4021.0,22,2,4020.9,4,1,4020.8,14,4,4020.7,21,4,4020.6,76,5,4021.2,2,1,4022.0,2,2,4022.1,2,1,4022.4,12,1,4022.7,13,1
11483,2026-07-02 11:38:06+05:30,4021.0,1,4044.12,938584,129419.0,157817.0,4100.0,4110.0,4015.0,4092.6,24036600,4501.8,3683.4,4440.0,3288.1,4021.0,22,2,4020.9,4,1,4020.8,14,4,4020.7,21,4,4020.6,76,5,4021.2,2,1,4022.0,2,2,4022.1,2,1,4022.4,12,1,4022.7,13,1
11483,2026-07-02 11:38:07+05:30,4021.2,2,4044.12,938587,129409.0,157842.0,4100.0,4110.0,4015.0,4092.6,24036600,4501.8,3683.4,4440.0,3288.1,4021.0,22,3,4020.8,1,1,4020.7,20,3,4020.6,76,5,4020.5,18,5,4021.2,6,2,4022.0,2,2,4022.1,2,1,4022.4,12,1,4022.7,13,1
11483,2026-07-02 11:38:07+05:30,4021.0,8,4044.12,938587,129409.0,157842.0,4100.0,4110.0,4015.0,4092.6,24036600,4501.8,3683.4,4440.0,3288.1,4021.0,22,3,4020.8,1,1,4020.7,20,3,4020.6,76,5,4020.5,18,5,4021.2,6,2,4022.0,2,2,4022.1,2,1,4022.4,12,1,4022.7,13,1
11483,2026-07-02 11:38:08+05:30,4021.0,8,4044.12,938595,129518.0,156982.0,4100.0,4110.0,4015.0,4092.6,24036600,4501.8,3683.4,4440.0,3288.1,4021.0,19,4,4020.8,1,1,4020.7,20,3,4020.6,76,5,4020.5,18,5,4021.2,6,2,4022.0,2,2,4022.1,2,1,4022.4,12,1,4022.7,13,1
11483,2026-07-02 11:38:08+05:30,4021.0,1,4044.12,938595,129518.0,156982.0,4100.0,4110.0,4015.0,4092.6,24036600,4501.8,3683.4,4440.0,3288.1,4021.0,19,4,4020.8,1,1,4020.7,20,3,4020.6,76,5,4020.5,18,5,4021.2,6,2,4022.0,2,2,4022.1,2,1,4022.4,12,1,4022.7,13,1
11483,2026-07-02 11:38:09+05:30,4021.2,1,4044.12,938597,129590.0,157814.0,4100.0,4110.0,4015.0,4092.6,24036600,4501.8,3683.4,4440.0,3288.1,4021.0,118,5,4020.8,1,1,4020.7,20,3,4020.6,78,6,4020.5,16,4,4021.2,5,1,4022.0,2,2,4022.1,2,1,4022.4,12,1,4022.6,8,1
11483,2026-07-02 11:38:09+05:30,4021.2,1,4044.12,938597,129590.0,157814.0,4100.0,4110.0,4015.0,4092.6,24036600,4501.8,3683.4,4440.0,3288.1,4021.0,118,5,4020.8,1,1,4020.7,20,3,4020.6,78,6,4020.5,16,4,4021.2,5,1,4022.0,2,2,4022.1,2,1,4022.4,12,1,4022.6,8,1
11483,2026-07-02 11:38:10+05:30,4021.2,2,4044.12,938599,129589.0,157874.0,4100.0,4110.0,4015.0,4092.6,24036600,4501.8,3683.4,4440.0,3288.1,4021.0,118,5,4020.8,1,1,4020.7,20,3,4020.6,78,6,4020.5,16,4,4021.2,4,2,4022.0,2,2,4022.1,2,1,4022.4,12,1,4022.6,8,1
11483,2026-07-02 11:38:10+05:30,4021.2,1,4044.12,938599,129589.0,157874.0,4100.0,4110.0,4015.0,4092.6,24036600,4501.8,3683.4,4440.0,3288.1,4021.0,118,5,4020.8,1,1,4020.7,20,3,4020.6,78,6,4020.5,16,4,4021.2,4,2,4022.0,2,2,4022.1,2,1,4022.4,12,1,4022.6,8,1
11483,2026-07-02 11:38:11+05:30,4021.0,3,4044.12,938626,129725.0,157688.0,4100.0,4110.0,4015.0,4092.6,24036600,4501.8,3683.4,4440.0,3288.1,4021.1,10,1,4021.0,97,1,4020.9,11,1,4020.8,1,1,4020.7,17,4,4021.2,2,1,4022.0,9,3,4022.1,2,1,4022.4,12,1,4022.6,9,1
11483,2026-07-02 11:38:11+05:30,4021.1,3,4044.12,938626,129725.0,157688.0,4100.0,4110.0,4015.0,4092.6,24036600,4501.8,3683.4,4440.0,3288.1,4021.1,10,1,4021.0,97,1,4020.9,11,1,4020.8,1,1,4020.7,17,4,4021.2,2,1,4022.0,9,3,4022.1,2,1,4022.4,12,1,4022.6,9,1
11483,2026-07-02 11:38:12+05:30,4021.1,3,4044.12,938629,129727.0,157699.0,4100.0,4110.0,4015.0,4092.6,24036600,4501.8,3683.4,4440.0,3288.1,4021.1,18,3,4021.0,97,1,4020.9,11,1,4020.8,1,1,4020.7,17,4,4021.2,3,2,4022.0,9,3,4022.1,2,1,4022.4,12,1,4022.6,9,1
11483,2026-07-02 11:38:13+05:30,4021.1,3,4044.12,938629,129802.0,157639.0,4100.0,4110.0,4015.0,4092.6,24036600,4501.8,3683.4,4440.0,3288.1,4021.1,18,3,4021.0,97,1,4020.8,1,1,4020.7,15,3,4020.6,83,5,4021.2,4,3,4022.0,9,3,4022.1,2,1,4022.4,21,2,4022.7,13,1
11483,2026-07-02 11:38:13+05:30,4021.2,1,4044.12,938629,129802.0,157639.0,4100.0,4110.0,4015.0,4092.6,24036600,4501.8,3683.4,4440.0,3288.1,4021.1,18,3,4021.0,97,1,4020.8,1,1,4020.7,15,3,4020.6,83,5,4021.2,4,3,4022.0,9,3,4022.1,2,1,4022.4,21,2,4022.7,13,1
11483,2026-07-02 11:38:14+05:30,4021.1,3,4044.12,938637,129704.0,157785.0,4100.0,4110.0,4015.0,4092.6,24036600,4501.8,3683.4,4440.0,3288.1,4021.1,11,2,4021.0,97,1,4020.8,1,1,4020.7,5,2,4020.6,76,3,4021.2,3,3,4022.0,9,3,4022.1,2,1,4022.4,21,2,4022.7,13,1
11483,2026-07-02 11:38:14+05:30,4021.1,1,4044.12,938637,129704.0,157785.0,4100.0,4110.0,4015.0,4092.6,24036600,4501.8,3683.4,4440.0,3288.1,4021.1,11,2,4021.0,97,1,4020.8,1,1,4020.7,5,2,4020.6,76,3,4021.2,3,3,4022.0,9,3,4022.1,2,1,4022.4,21,2,4022.7,13,1
11483,2026-07-02 11:38:15+05:30,4021.2,1,4044.12,938639,129778.0,157820.0,4100.0,4110.0,4015.0,4092.6,24036600,4501.8,3683.4,4440.0,3288.1,4021.1,11,2,4021.0,97,1,4020.8,1,1,4020.7,5,2,4020.6,87,4,4021.2,2,2,4022.0,23,4,4022.1,2,1,4022.4,21,2,4022.7,13,1
11483,2026-07-02 11:38:15+05:30,4022.0,1,4044.12,938639,129778.0,157820.0,4100.0,4110.0,4015.0,4092.6,24036600,4501.8,3683.4,4440.0,3288.1,4021.1,11,2,4021.0,97,1,4020.8,1,1,4020.7,5,2,4020.6,87,4,4021.2,2,2,4022.0,23,4,4022.1,2,1,4022.4,21,2,4022.7,13,1
11483,2026-07-02 11:38:16+05:30,4022.0,1,4044.11,939146,130103.0,157139.0,4100.0,4110.0,4015.0,4092.6,24036600,4501.8,3683.4,4440.0,3288.1,4021.1,13,3,4021.0,107,2,4020.7,2,1,4020.6,73,2,4020.5,29,3,4022.0,28,3,4022.1,22,2,4022.4,21,2,4022.6,11,1,4022.7,66,4
11483,2026-07-02 11:38:16+05:30,4021.1,2,4044.11,939146,130103.0,157139.0,4100.0,4110.0,4015.0,4092.6,24036600,4501.8,3683.4,4440.0,3288.1,4021.1,13,3,4021.0,107,2,4020.7,2,1,4020.6,73,2,4020.5,29,3,4022.0,28,3,4022.1,22,2,4022.4,21,2,4022.6,11,1,4022.7,66,4
11483,2026-07-02 11:38:17+05:30,4021.1,1,4044.11,939165,129778.0,157566.0,4100.0,4110.0,4015.0,4092.6,24036600,4501.8,3683.4,4440.0,3288.1,4021.0,126,3,4020.6,57,2,4020.5,29,3,4020.4,38,6,4020.3,103,2,4021.1,7,2,4022.0,29,4,4022.1,22,2,4022.4,55,4,4022.6,11,1
11483,2026-07-02 11:38:17+05:30,4021.0,2,4044.11,939165,129778.0,157566.0,4100.0,4110.0,4015.0,4092.6,24036600,4501.8,3683.4,4440.0,3288.1,4021.0,126,3,4020.6,57,2,4020.5,29,3,4020.4,38,6,4020.3,103,2,4021.1,7,2,4022.0,29,4,4022.1,22,2,4022.4,55,4,4022.6,11,1
11483,2026-07-02 11:38:18+05:30,4021.0,2,4044.11,939167,129766.0,157600.0,4100.0,4110.0,4015.0,4092.6,24036600,4501.8,3683.4,4440.0,3288.1,4021.0,124,3,4020.6,57,2,4020.5,29,3,4020.4,38,6,4020.3,103,2,4021.1,7,2,4022.0,28,3,4022.1,22,2,4022.4,55,4,4022.6,11,1
11483,2026-07-02 11:38:18+05:30,4021.0,1,4044.11,939167,129766.0,157600.0,4100.0,4110.0,4015.0,4092.6,24036600,4501.8,3683.4,4440.0,3288.1,4021.0,124,3,4020.6,57,2,4020.5,29,3,4020.4,38,6,4020.3,103,2,4021.1,7,2,4022.0,28,3,4022.1,22,2,4022.4,55,4,4022.6,11,1
11483,2026-07-02 11:38:19+05:30,4021.0,1,4044.11,939195,129617.0,157592.0,4100.0,4110.0,4015.0,4092.6,24036600,4501.8,3683.4,4440.0,3288.1,4021.0,141,4,4020.6,57,2,4020.5,7,2,4020.4,18,4,4020.3,103,2,4021.1,4,2,4022.0,28,3,4022.1,22,2,4022.3,5,1,4022.4,34,3
11483,2026-07-02 11:38:19+05:30,4021.1,1,4044.11,939195,129617.0,157592.0,4100.0,4110.0,4015.0,4092.6,24036600,4501.8,3683.4,4440.0,3288.1,4021.0,141,4,4020.6,57,2,4020.5,7,2,4020.4,18,4,4020.3,103,2,4021.1,4,2,4022.0,28,3,4022.1,22,2,4022.3,5,1,4022.4,34,3
11483,2026-07-02 11:38:20+05:30,4021.1,1,4044.11,939199,129934.0,157582.0,4100.0,4110.0,4015.0,4092.6,24036600,4501.8,3683.4,4440.0,3288.1,4021.0,138,4,4020.6,50,1,4020.5,2,1,4020.4,15,3,4020.3,111,2,4021.1,5,4,4022.0,28,3,4022.1,22,2,4022.3,5,1,4022.4,34,3
11483,2026-07-02 11:38:21+05:30,4021.1,8,4044.11,939219,129855.0,157350.0,4100.0,4110.0,4015.0,4092.6,24036600,4501.8,3683.4,4440.0,3288.1,4021.0,148,5,4020.6,50,1,4020.5,24,2,4020.4,1,1,4020.3,100,1,4021.1,4,1,4022.0,15,2,4022.1,29,3,4022.3,11,1,4022.4,54,4
11483,2026-07-02 11:38:21+05:30,4022.0,1,4044.11,939219,129855.0,157350.0,4100.0,4110.0,4015.0,4092.6,24036600,4501.8,3683.4,4440.0,3288.1,4021.0,148,5,4020.6,50,1,4020.5,24,2,4020.4,1,1,4020.3,100,1,4021.1,4,1,4022.0,15,2,4022.1,29,3,4022.3,11,1,4022.4,54,4
11483,2026-07-02 11:38:22+05:30,4022.0,7,4044.11,939235,129736.0,157121.0,4100.0,4110.0,4015.0,4092.6,24036600,4501.8,3683.4,4440.0,3288.1,4021.1,1,1,4021.0,146,6,4020.6,50,1,4020.5,2,1,4020.4,24,1,4022.0,10,3,4022.1,22,2,4022.4,41,3,4022.6,11,1,4022.7,102,7
11483,2026-07-02 11:38:22+05:30,4021.1,1,4044.11,939235,129736.0,157121.0,4100.0,4110.0,4015.0,4092.6,24036600,4501.8,3683.4,4440.0,3288.1,4021.1,1,1,4021.0,146,6,4020.6,50,1,4020.5,2,1,4020.4,24,1,4022.0,10,3,4022.1,22,2,4022.4,41,3,4022.6,11,1,4022.7,102,7
11483,2026-07-02 11:38:23+05:30,4021.1,1,4044.11,939237,129664.0,157040.0,4100.0,4110.0,4015.0,4092.6,24036600,4501.8,3683.4,4440.0,3288.1,4021.1,19,1,4021.0,127,5,4020.6,50,1,4020.3,100,1,4020.1,2,1,4021.6,35,4,4021.7,17,3,4021.8,3,1,4021.9,3,1,4022.0,33,7
11483,2026-07-02 11:38:23+05:30,4021.1,10,4044.11,939237,129664.0,157040.0,4100.0,4110.0,4015.0,4092.6,24036600,4501.8,3683.4,4440.0,3288.1,4021.1,19,1,4021.0,127,5,4020.6,50,1,4020.3,100,1,4020.1,2,1,4021.6,35,4,4021.7,17,3,4021.8,3,1,4021.9,3,1,4022.0,33,7
11483,2026-07-02 11:38:24+05:30,4021.7,3,4044.11,939280,129901.0,157201.0,4100.0,4110.0,4015.0,4092.6,24036600,4501.8,3683.4,4440.0,3288.1,4021.1,11,2,4021.0,287,8,4020.4,2,1,4020.3,100,1,4020.0,204,13,4021.8,29,3,4021.9,3,1,4022.0,32,6,4022.1,63,5,4022.4,74,5
11483,2026-07-02 11:38:24+05:30,4022.1,12,4044.11,939280,129901.0,157201.0,4100.0,4110.0,4015.0,4092.6,24036600,4501.8,3683.4,4440.0,3288.1,4021.1,11,2,4021.0,287,8,4020.4,2,1,4020.3,100,1,4020.0,204,13,4021.8,29,3,4021.9,3,1,4022.0,32,6,4022.1,63,5,4022.4,74,5
11483,2026-07-02 11:38:25+05:30,4021.6,10,4044.1,939396,129931.0,157569.0,4100.0,4110.0,4015.0,4092.6,24036600,4501.8,3683.4,4440.0,3288.1,4021.1,23,3,4021.0,277,7,4020.4,2,1,4020.3,100,1,4020.0,181,12,4021.6,14,2,4021.8,7,1,4022.0,58,4,4022.1,43,4,4022.4,52,4
11483,2026-07-02 11:38:25+05:30,4021.1,9,4044.1,939396,129931.0,157569.0,4100.0,4110.0,4015.0,4092.6,24036600,4501.8,3683.4,4440.0,3288.1,4021.1,23,3,4021.0,277,7,4020.4,2,1,4020.3,100,1,4020.0,181,12,4021.6,14,2,4021.8,7,1,4022.0,58,4,4022.1,43,4,4022.4,52,4
11483,2026-07-02 11:38:26+05:30,4021.0,42,4044.1,939605,128981.0,157763.0,4100.0,4110.0,4015.0,4092.6,24036600,4501.8,3683.4,4440.0,3288.1,4021.0,199,4,4020.3,100,1,4020.1,2,1,4020.0,181,12,4019.7,5,1,4021.4,9,1,4021.5,17,2,4021.6,5,1,4021.7,1,1,4021.8,18,2
11483,2026-07-02 11:38:26+05:30,4021.0,25,4044.1,939605,128981.0,157763.0,4100.0,4110.0,4015.0,4092.6,24036600,4501.8,3683.4,4440.0,3288.1,4021.0,199,4,4020.3,100,1,4020.1,2,1,4020.0,181,12,4019.7,5,1,4021.4,9,1,4021.5,17,2,4021.6,5,1,4021.7,1,1,4021.8,18,2
11483,2026-07-02 11:38:27+05:30,4021.9,10,4044.09,939721,129522.0,157378.0,4100.0,4110.0,4015.0,4092.6,24036600,4501.8,3683.4,4440.0,3288.1,4021.0,173,3,4020.4,2,1,4020.3,100,1,4020.0,181,12,4019.8,26,2,4021.9,5,1,4022.0,62,8,4022.1,37,4,4022.2,18,1,4022.3,50,1
11483,2026-07-02 11:38:27+05:30,4021.0,14,4044.09,939721,129522.0,157378.0,4100.0,4110.0,4015.0,4092.6,24036600,4501.8,3683.4,4440.0,3288.1,4021.0,173,3,4020.4,2,1,4020.3,100,1,4020.0,181,12,4019.8,26,2,4021.9,5,1,4022.0,62,8,4022.1,37,4,4022.2,18,1,4022.3,50,1
11483,2026-07-02 11:38:28+05:30,4021.9,8,4044.09,939796,129559.0,157278.0,4100.0,4110.0,4015.0,4092.6,24036600,4501.8,3683.4,4440.0,3288.1,4021.0,163,5,4020.4,25,2,4020.3,100,1,4020.0,181,12,4019.8,26,2,4021.9,15,1,4022.0,37,4,4022.1,37,4,4022.2,18,1,4022.3,50,1
11483,2026-07-02 11:38:28+05:30,4021.0,9,4044.09,939796,129559.0,157278.0,4100.0,4110.0,4015.0,4092.6,24036600,4501.8,3683.4,4440.0,3288.1,4021.0,163,5,4020.4,25,2,4020.3,100,1,4020.0,181,12,4019.8,26,2,4021.9,15,1,4022.0,37,4,4022.1,37,4,4022.2,18,1,4022.3,50,1
11483,2026-07-02 11:38:29+05:30,4022.0,5,4044.09,939831,130059.0,157237.0,4100.0,4110.0,4015.0,4092.6,24036600,4501.8,3683.4,4440.0,3288.1,4021.0,170,6,4020.4,25,2,4020.3,100,1,4020.0,201,12,4019.8,26,2,4022.0,32,4,4022.1,37,4,4022.2,18,1,4022.3,50,1,4022.4,158,8
11483,2026-07-02 11:38:29+05:30,4021.0,4,4044.09,939831,130059.0,157237.0,4100.0,4110.0,4015.0,4092.6,24036600,4501.8,3683.4,4440.0,3288.1,4021.0,170,6,4020.4,25,2,4020.3,100,1,4020.0,201,12,4019.8,26,2,4022.0,32,4,4022.1,37,4,4022.2,18,1,4022.3,50,1,4022.4,158,8
11483,2026-07-02 11:38:30+05:30,4021.0,6,4044.09,940033,130289.0,157451.0,4100.0,4110.0,4015.0,4092.6,24036600,4501.8,3683.4,4440.0,3288.1,4021.1,94,1,4020.4,2,1,4020.3,100,1,4020.0,201,12,4019.8,26,2,4021.9,3,1,4022.0,41,6,4022.1,48,5,4022.2,18,1,4022.3,68,2
11483,2026-07-02 11:38:30+05:30,4021.1,25,4044.09,940033,130289.0,157451.0,4100.0,4110.0,4015.0,4092.6,24036600,4501.8,3683.4,4440.0,3288.1,4021.1,94,1,4020.4,2,1,4020.3,100,1,4020.0,201,12,4019.8,26,2,4021.9,3,1,4022.0,41,6,4022.1,48,5,4022.2,18,1,4022.3,68,2
11483,2026-07-02 11:38:31+05:30,4021.9,1,4044.09,940059,130578.0,157688.0,4100.0,4110.0,4015.0,4092.6,24036600,4501.8,3683.4,4440.0,3288.1,4021.5,2,2,4021.1,69,1,4020.4,2,1,4020.3,100,1,4020.1,17,1,4021.9,2,1,4022.0,12,4,4022.1,45,4,4022.2,18,1,4022.3,68,2
11483,2026-07-02 11:38:31+05:30,4021.9,1,4044.09,940059,130578.0,157688.0,4100.0,4110.0,4015.0,4092.6,24036600,4501.8,3683.4,4440.0,3288.1,4021.5,2,2,4021.1,69,1,4020.4,2,1,4020.3,100,1,4020.1,17,1,4021.9,2,1,4022.0,12,4,4022.1,45,4,4022.2,18,1,4022.3,68,2
11483,2026-07-02 11:38:32+05:30,4020.7,100,4044.08,940243,129181.0,158682.0,4100.0,4110.0,4015.0,4092.6,24036600,4501.8,3683.4,4440.0,3288.1,4020.0,226,13,4019.8,2,1,4019.5,10,1,4019.4,11,1,4019.2,10,1,4021.0,78,6,4021.1,24,3,4021.2,24,4,4021.4,16,1,4021.5,38,3
11483,2026-07-02 11:38:32+05:30,4020.9,4,4044.08,940243,129181.0,158682.0,4100.0,4110.0,4015.0,4092.6,24036600,4501.8,3683.4,4440.0,3288.1,4020.0,226,13,4019.8,2,1,4019.5,10,1,4019.4,11,1,4019.2,10,1,4021.0,78,6,4021.1,24,3,4021.2,24,4,4021.4,16,1,4021.5,38,3
11483,2026-07-02 11:38:33+05:30,4020.0,2,4044.08,940381,129053.0,158763.0,4100.0,4110.0,4015.0,4092.6,24036600,4501.8,3683.4,4440.0,3288.1,4020.0,98,3,4019.8,2,1,4019.5,10,1,4019.4,11,1,4019.2,10,1,4020.9,68,4,4021.0,29,5,4021.1,36,4,4021.2,35,5,4021.4,16,1
11483,2026-07-02 11:38:33+05:30,4020.0,16,4044.08,940381,129053.0,158763.0,4100.0,4110.0,4015.0,4092.6,24036600,4501.8,3683.4,4440.0,3288.1,4020.0,98,3,4019.8,2,1,4019.5,10,1,4019.4,11,1,4019.2,10,1,4020.9,68,4,4021.0,29,5,4021.1,36,4,4021.2,35,5,4021.4,16,1
11483,2026-07-02 11:38:34+05:30,4020.9,5,4044.08,940381,129053.0,158763.0,4100.0,4110.0,4015.0,4092.6,24036600,4501.8,3683.4,4440.0,3288.1,4020.0,98,3,4019.8,2,1,4019.5,10,1,4019.4,11,1,4019.2,10,1,4020.9,68,4,4021.0,29,5,4021.1,36,4,4021.2,35,5,4021.4,16,1
11483,2026-07-02 11:38:34+05:30,4020.9,5,4044.08,940409,129291.0,158688.0,4100.0,4110.0,4015.0,4092.6,24036600,4501.8,3683.4,4440.0,3288.1,4020.1,2,1,4020.0,76,3,4019.8,2,1,4019.5,10,1,4019.4,11,1,4020.9,31,5,4021.0,28,4,4021.1,24,3,4021.2,35,5,4021.4,16,1
11483,2026-07-02 11:38:35+05:30,4020.1,2,4044.07,940925,129098.0,158607.0,4100.0,4110.0,4015.0,4092.6,24036600,4501.8,3683.4,4440.0,3288.1,4020.1,2,1,4020.0,76,3,4019.8,2,1,4019.5,12,2,4019.4,11,1,4021.3,26,3,4021.4,37,3,4021.5,6,1,4021.6,36,4,4021.7,39,3
11483,2026-07-02 11:38:35+05:30,4020.1,38,4044.07,940925,129098.0,158607.0,4100.0,4110.0,4015.0,4092.6,24036600,4501.8,3683.4,4440.0,3288.1,4020.1,2,1,4020.0,76,3,4019.8,2,1,4019.5,12,2,4019.4,11,1,4021.3,26,3,4021.4,37,3,4021.5,6,1,4021.6,36,4,4021.7,39,3
11483,2026-07-02 11:38:36+05:30,4021.0,21,4044.07,940925,129098.0,158607.0,4100.0,4110.0,4015.0,4092.6,24036600,4501.8,3683.4,4440.0,3288.1,4020.1,2,1,4020.0,76,3,4019.8,2,1,4019.5,12,2,4019.4,11,1,4021.3,26,3,4021.4,37,3,4021.5,6,1,4021.6,36,4,4021.7,39,3
11483,2026-07-02 11:38:36+05:30,4021.0,21,4044.06,941043,129107.0,158592.0,4100.0,4110.0,4015.0,4092.6,24036600,4501.8,3683.4,4440.0,3288.1,4020.0,76,3,4019.8,2,1,4019.5,10,1,4019.4,11,1,4019.3,13,2,4021.1,14,1,4021.2,12,1,4021.3,19,3,4021.4,42,4,4021.5,12,1
11483,2026-07-02 11:38:37+05:30,4021.1,1,4044.06,941059,129182.0,158645.0,4100.0,4110.0,4015.0,4092.6,24036600,4501.8,3683.4,4440.0,3288.1,4020.0,61,3,4019.8,2,1,4019.5,10,1,4019.4,13,2,4019.3,20,2,4021.1,14,2,4021.2,12,1,4021.3,19,3,4021.4,42,4,4021.5,12,1
11483,2026-07-02 11:38:37+05:30,4020.0,2,4044.06,941059,129182.0,158645.0,4100.0,4110.0,4015.0,4092.6,24036600,4501.8,3683.4,4440.0,3288.1,4020.0,61,3,4019.8,2,1,4019.5,10,1,4019.4,13,2,4019.3,20,2,4021.1,14,2,4021.2,12,1,4021.3,19,3,4021.4,42,4,4021.5,12,1
11483,2026-07-02 11:38:38+05:30,4020.0,5,4044.05,941377,126867.0,160329.0,4100.0,4110.0,4015.0,4092.6,24036600,4501.8,3683.4,4440.0,3288.1,4019.0,50,4,4018.5,146,5,4018.3,5,1,4018.2,6,2,4018.1,82,4,4020.0,61,6,4020.1,29,3,4020.3,42,4,4020.5,48,1,4020.6,69,4
11483,2026-07-02 11:38:38+05:30,4019.0,2,4044.05,941377,126867.0,160329.0,4100.0,4110.0,4015.0,4092.6,24036600,4501.8,3683.4,4440.0,3288.1,4019.0,50,4,4018.5,146,5,4018.3,5,1,4018.2,6,2,4018.1,82,4,4020.0,61,6,4020.1,29,3,4020.3,42,4,4020.5,48,1,4020.6,69,4
11483,2026-07-02 11:38:39+05:30,4019.0,1,4044.05,941422,126891.0,160280.0,4100.0,4110.0,4015.0,4092.6,24036600,4501.8,3683.4,4440.0,3288.1,4019.0,6,1,4018.5,146,5,4018.3,5,1,4018.2,6,2,4018.1,80,3,4019.9,5,1,4020.0,41,5,4020.1,28,2,4020.2,29,2,4020.5,118,4
11483,2026-07-02 11:38:39+05:30,4019.0,5,4044.05,941422,126891.0,160280.0,4100.0,4110.0,4015.0,4092.6,24036600,4501.8,3683.4,4440.0,3288.1,4019.0,6,1,4018.5,146,5,4018.3,5,1,4018.2,6,2,4018.1,80,3,4019.9,5,1,4020.0,41,5,4020.1,28,2,4020.2,29,2,4020.5,118,4
11483,2026-07-02 11:38:40+05:30,4019.0,5,4044.05,941422,126891.0,160280.0,4100.0,4110.0,4015.0,4092.6,24036600,4501.8,3683.4,4440.0,3288.1,4019.0,6,1,4018.5,146,5,4018.3,5,1,4018.2,6,2,4018.1,80,3,4019.9,5,1,4020.0,41,5,4020.1,28,2,4020.2,29,2,4020.5,118,4
11483,2026-07-02 11:38:40+05:30,4020.0,1,4044.05,941429,126938.0,160355.0,4100.0,4110.0,4015.0,4092.6,24036600,4501.8,3683.4,4440.0,3288.1,4019.0,1,1,4018.5,146,5,4018.3,5,1,4018.2,6,2,4018.1,109,4,4020.0,51,6,4020.1,28,2,4020.3,12,1,4020.4,48,1,4020.5,92,3
11483,2026-07-02 11:38:40+05:30,4019.0,1,4044.05,941429,126938.0,160355.0,4100.0,4110.0,4015.0,4092.6,24036600,4501.8,3683.4,4440.0,3288.1,4019.0,1,1,4018.5,146,5,4018.3,5,1,4018.2,6,2,4018.1,109,4,4020.0,51,6,4020.1,28,2,4020.3,12,1,4020.4,48,1,4020.5,92,3
11483,2026-07-02 11:38:41+05:30,4019.0,1,4044.05,941429,126938.0,160355.0,4100.0,4110.0,4015.0,4092.6,24036600,4501.8,3683.4,4440.0,3288.1,4019.0,1,1,4018.5,146,5,4018.3,5,1,4018.2,6,2,4018.1,109,4,4020.0,51,6,4020.1,28,2,4020.3,12,1,4020.4,48,1,4020.5,92,3
11483,2026-07-02 11:38:41+05:30,4019.0,1,4044.05,941430,126915.0,160406.0,4100.0,4110.0,4015.0,4092.6,24036600,4501.8,3683.4,4440.0,3288.1,4019.0,9,1,4018.5,164,6,4018.3,5,1,4018.2,6,2,4018.1,49,3,4020.0,74,8,4020.1,28,2,4020.3,12,1,4020.4,48,1,4020.5,99,3
11483,2026-07-02 11:38:42+05:30,4019.0,1,4044.05,941430,126915.0,160406.0,4100.0,4110.0,4015.0,4092.6,24036600,4501.8,3683.4,4440.0,3288.1,4019.0,9,1,4018.5,164,6,4018.3,5,1,4018.2,6,2,4018.1,49,3,4020.0,74,8,4020.1,28,2,4020.3,12,1,4020.4,48,1,4020.5,99,3
11483,2026-07-02 11:38:42+05:30,4019.0,1,4044.05,941430,127573.0,160183.0,4100.0,4110.0,4015.0,4092.6,24036600,4501.8,3683.4,4440.0,3288.1,4019.5,1,1,4019.0,9,1,4018.6,31,1,4018.5,164,6,4018.3,5,1,4020.0,24,4,4020.1,28,2,4020.3,12,1,4020.5,22,1,4020.6,83,3
11483,2026-07-02 11:38:43+05:30,4019.0,1,4044.05,941430,127573.0,160183.0,4100.0,4110.0,4015.0,4092.6,24036600,4501.8,3683.4,4440.0,3288.1,4019.5,1,1,4019.0,9,1,4018.6,31,1,4018.5,164,6,4018.3,5,1,4020.0,24,4,4020.1,28,2,4020.3,12,1,4020.5,22,1,4020.6,83,3
11483,2026-07-02 11:38:43+05:30,4020.0,8,4044.05,941465,127581.0,160048.0,4100.0,4110.0,4015.0,4092.6,24036600,4501.8,3683.4,4440.0,3288.1,4019.5,1,1,4019.0,24,2,4018.7,24,1,4018.6,77,2,4018.5,164,6,4020.0,13,2,4020.1,14,1,4020.5,62,4,4020.6,24,1,4020.7,64,4
11483,2026-07-02 11:38:43+05:30,4020.0,8,4044.05,941465,127581.0,160048.0,4100.0,4110.0,4015.0,4092.6,24036600,4501.8,3683.4,4440.0,3288.1,4019.5,1,1,4019.0,24,2,4018.7,24,1,4018.6,77,2,4018.5,164,6,4020.0,13,2,4020.1,14,1,4020.5,62,4,4020.6,24,1,4020.7,64,4
11483,2026-07-02 11:38:43+05:30,4019.5,3,4044.05,941465,127581.0,160048.0,4100.0,4110.0,4015.0,4092.6,24036600,4501.8,3683.4,4440.0,3288.1,4019.5,1,1,4019.0,24,2,4018.7,24,1,4018.6,77,2,4018.5,164,6,4020.0,13,2,4020.1,14,1,4020.5,62,4,4020.6,24,1,4020.7,64,4
11483,2026-07-02 11:38:44+05:30,4019.5,3,4044.05,941465,127581.0,160048.0,4100.0,4110.0,4015.0,4092.6,24051650,4501.8,3683.4,4440.0,3288.1,4019.5,1,1,4019.0,24,2,4018.7,24,1,4018.6,77,2,4018.5,164,6,4020.0,13,2,4020.1,14,1,4020.5,62,4,4020.6,24,1,4020.7,64,4
11483,2026-07-02 11:38:44+05:30,4019.0,9,4043.98,944616,126105.0,158053.0,4100.0,4110.0,4015.0,4092.6,24051650,4501.8,3683.4,4440.0,3288.1,4019.0,23,2,4018.9,20,2,4018.8,34,2,4018.7,31,2,4018.5,172,8,4020.0,41,3,4020.1,15,1,4020.3,14,1,4020.4,14,1,4020.5,17,1
11483,2026-07-02 11:38:44+05:30,4018.6,3,4043.98,944616,126105.0,158053.0,4100.0,4110.0,4015.0,4092.6,24051650,4501.8,3683.4,4440.0,3288.1,4019.0,23,2,4018.9,20,2,4018.8,34,2,4018.7,31,2,4018.5,172,8,4020.0,41,3,4020.1,15,1,4020.3,14,1,4020.4,14,1,4020.5,17,1
11483,2026-07-02 11:38:45+05:30,4018.6,3,4043.98,944616,126105.0,158053.0,4100.0,4110.0,4015.0,4092.6,24051650,4501.8,3683.4,4440.0,3288.1,4019.0,23,2,4018.9,20,2,4018.8,34,2,4018.7,31,2,4018.5,172,8,4020.0,41,3,4020.1,15,1,4020.3,14,1,4020.4,14,1,4020.5,17,1
11483,2026-07-02 11:38:45+05:30,4019.0,1,4043.97,944693,126316.0,159035.0,4100.0,4110.0,4015.0,4092.6,24051650,4501.8,3683.4,4440.0,3288.1,4018.5,167,7,4018.3,14,2,4018.2,41,4,4018.1,34,4,4018.0,616,15,4019.0,30,2,4019.9,5,1,4020.0,36,4,4020.1,15,1,4020.3,14,1
11483,2026-07-02 11:38:45+05:30,4019.0,3,4043.97,944693,126316.0,159035.0,4100.0,4110.0,4015.0,4092.6,24051650,4501.8,3683.4,4440.0,3288.1,4018.5,167,7,4018.3,14,2,4018.2,41,4,4018.1,34,4,4018.0,616,15,4019.0,30,2,4019.9,5,1,4020.0,36,4,4020.1,15,1,4020.3,14,1
11483,2026-07-02 11:38:46+05:30,4019.0,3,4043.97,944693,126316.0,159035.0,4100.0,4110.0,4015.0,4092.6,24051650,4501.8,3683.4,4440.0,3288.1,4018.5,167,7,4018.3,14,2,4018.2,41,4,4018.1,34,4,4018.0,616,15,4019.0,30,2,4019.9,5,1,4020.0,36,4,4020.1,15,1,4020.3,14,1
11483,2026-07-02 11:38:46+05:30,4018.0,100,4043.96,945309,123163.0,158622.0,4100.0,4110.0,4015.0,4092.6,24051650,4501.8,3683.4,4440.0,3288.1,4018.0,205,3,4017.6,101,2,4017.5,201,3,4017.3,27,3,4017.2,6,2,4018.9,6,1,4019.0,48,5,4019.4,80,2,4019.5,21,1,4019.6,176,2
11483,2026-07-02 11:38:46+05:30,4018.0,78,4043.96,945309,123163.0,158622.0,4100.0,4110.0,4015.0,4092.6,24051650,4501.8,3683.4,4440.0,3288.1,4018.0,205,3,4017.6,101,2,4017.5,201,3,4017.3,27,3,4017.2,6,2,4018.9,6,1,4019.0,48,5,4019.4,80,2,4019.5,21,1,4019.6,176,2
11483,2026-07-02 11:38:47+05:30,4017.3,43,4043.93,946109,122438.0,160291.0,4100.0,4110.0,4015.0,4092.6,24051650,4501.8,3683.4,4440.0,3288.1,4017.0,228,7,4016.7,2,1,4016.5,15,3,4016.3,5,1,4016.1,11,2,4017.4,5,1,4017.5,17,2,4017.7,5,1,4017.8,16,2,4017.9,22,2
11483,2026-07-02 11:38:47+05:30,4017.0,1,4043.93,946109,122438.0,160291.0,4100.0,4110.0,4015.0,4092.6,24051650,4501.8,3683.4,4440.0,3288.1,4017.0,228,7,4016.7,2,1,4016.5,15,3,4016.3,5,1,4016.1,11,2,4017.4,5,1,4017.5,17,2,4017.7,5,1,4017.8,16,2,4017.9,22,2
11483,2026-07-02 11:38:48+05:30,4017.0,1,4043.93,946214,122847.0,160420.0,4100.0,4110.0,4015.0,4092.6,24051650,4501.8,3683.4,4440.0,3288.1,4017.0,123,6,4016.7,2,1,4016.5,15,3,4016.3,5,1,4016.2,28,2,4017.7,5,1,4017.8,5,1,4018.0,22,3,4018.1,5,1,4018.2,29,1
11483,2026-07-02 11:38:48+05:30,4017.0,1,4043.93,946214,122847.0,160420.0,4100.0,4110.0,4015.0,4092.6,24051650,4501.8,3683.4,4440.0,3288.1,4017.0,123,6,4016.7,2,1,4016.5,15,3,4016.3,5,1,4016.2,28,2,4017.7,5,1,4017.8,5,1,4018.0,22,3,4018.1,5,1,4018.2,29,1
11483,2026-07-02 11:38:49+05:30,4018.6,106,4043.92,946732,123064.0,160120.0,4100.0,4110.0,4015.0,4092.6,24051650,4501.8,3683.4,4440.0,3288.1,4017.0,109,6,4016.7,2,1,4016.6,2,1,4016.5,15,3,4016.3,5,1,4018.0,25,2,4018.1,14,1,4018.2,13,1,4018.3,12,1,4018.4,14,1
11483,2026-07-02 11:38:49+05:30,4018.0,1,4043.92,946732,123064.0,160120.0,4100.0,4110.0,4015.0,4092.6,24051650,4501.8,3683.4,4440.0,3288.1,4017.0,109,6,4016.7,2,1,4016.6,2,1,4016.5,15,3,4016.3,5,1,4018.0,25,2,4018.1,14,1,4018.2,13,1,4018.3,12,1,4018.4,14,1
11483,2026-07-02 11:38:50+05:30,4018.0,1,4043.91,946804,123302.0,160337.0,4100.0,4110.0,4015.0,4092.6,24051650,4501.8,3683.4,4440.0,3288.1,4017.0,47,2,4016.7,19,2,4016.5,35,4,4016.4,2,1,4016.3,5,1,4018.0,31,3,4018.1,19,2,4018.2,13,1,4018.3,12,1,4018.4,14,1
11483,2026-07-02 11:38:50+05:30,4017.0,8,4043.91,946804,123302.0,160337.0,4100.0,4110.0,4015.0,4092.6,24051650,4501.8,3683.4,4440.0,3288.1,4017.0,47,2,4016.7,19,2,4016.5,35,4,4016.4,2,1,4016.3,5,1,4018.0,31,3,4018.1,19,2,4018.2,13,1,4018.3,12,1,4018.4,14,1
11483,2026-07-02 11:38:51+05:30,4018.0,9,4043.91,946837,123454.0,160169.0,4100.0,4110.0,4015.0,4092.6,24051650,4501.8,3683.4,4440.0,3288.1,4017.3,1,1,4017.0,39,2,4016.7,13,2,4016.6,14,2,4016.5,35,4,4018.0,10,2,4018.1,19,2,4018.2,13,1,4018.3,12,1,4018.4,14,1
11483,2026-07-02 11:38:51+05:30,4017.3,1,4043.91,946837,123454.0,160169.0,4100.0,4110.0,4015.0,4092.6,24051650,4501.8,3683.4,4440.0,3288.1,4017.3,1,1,4017.0,39,2,4016.7,13,2,4016.6,14,2,4016.5,35,4,4018.0,10,2,4018.1,19,2,4018.2,13,1,4018.3,12,1,4018.4,14,1
11483,2026-07-02 11:38:52+05:30,4017.7,1,4043.91,947025,123203.0,160526.0,4100.0,4110.0,4015.0,4092.6,24051650,4501.8,3683.4,4440.0,3288.1,4017.1,25,1,4016.3,50,4,4016.2,10,2,4016.1,109,5,4016.0,388,13,4017.9,80,2,4018.0,22,4,4018.1,20,3,4018.2,18,2,4018.3,12,1
11483,2026-07-02 11:38:52+05:30,4017.1,23,4043.91,947025,123203.0,160526.0,4100.0,4110.0,4015.0,4092.6,24051650,4501.8,3683.4,4440.0,3288.1,4017.1,25,1,4016.3,50,4,4016.2,10,2,4016.1,109,5,4016.0,388,13,4017.9,80,2,4018.0,22,4,4018.1,20,3,4018.2,18,2,4018.3,12,1
11483,2026-07-02 11:38:53+05:30,4017.1,23,4043.91,947048,123305.0,160370.0,4100.0,4110.0,4015.0,4092.6,24051650,4501.8,3683.4,4440.0,3288.1,4017.1,2,1,4017.0,40,1,4016.8,12,1,4016.4,27,3,4016.3,35,2,4017.9,82,3,4018.0,18,3,4018.1,14,1,4018.2,18,2,4018.3,12,1
11483,2026-07-02 11:38:53+05:30,4017.1,2,4043.91,947048,123305.0,160370.0,4100.0,4110.0,4015.0,4092.6,24051650,4501.8,3683.4,4440.0,3288.1,4017.1,2,1,4017.0,40,1,4016.8,12,1,4016.4,27,3,4016.3,35,2,4017.9,82,3,4018.0,18,3,4018.1,14,1,4018.2,18,2,4018.3,12,1
11483,2026-07-02 11:38:54+05:30,4017.1,1,4043.91,947051,122952.0,160534.0,4100.0,4110.0,4015.0,4092.6,24051650,4501.8,3683.4,4440.0,3288.1,4017.0,40,1,4016.6,12,1,4016.5,2,1,4016.4,9,1,4016.3,35,2,4017.9,84,5,4018.0,11,1,4018.1,14,1,4018.2,18,2,4018.3,12,1
11483,2026-07-02 11:38:54+05:30,4017.9,60,4043.91,947051,122952.0,160534.0,4100.0,4110.0,4015.0,4092.6,24051650,4501.8,3683.4,4440.0,3288.1,4017.0,40,1,4016.6,12,1,4016.5,2,1,4016.4,9,1,4016.3,35,2,4017.9,84,5,4018.0,11,1,4018.1,14,1,4018.2,18,2,4018.3,12,1
11483,2026-07-02 11:38:55+05:30,4017.9,4,4043.91,947115,123426.0,160366.0,4100.0,4110.0,4015.0,4092.6,24051650,4501.8,3683.4,4440.0,3288.1,4017.1,1,1,4017.0,52,2,4016.8,14,1,4016.7,60,3,4016.5,6,1,4017.9,20,5,4018.0,11,1,4018.1,14,1,4018.2,24,3,4018.3,12,1
11483,2026-07-02 11:38:55+05:30,4017.1,5,4043.91,947115,123426.0,160366.0,4100.0,4110.0,4015.0,4092.6,24051650,4501.8,3683.4,4440.0,3288.1,4017.1,1,1,4017.0,52,2,4016.8,14,1,4016.7,60,3,4016.5,6,1,4017.9,20,5,4018.0,11,1,4018.1,14,1,4018.2,24,3,4018.3,12,1
11483,2026-07-02 11:38:56+05:30,4018.0,5,4043.9,947226,123202.0,160314.0,4100.0,4110.0,4015.0,4092.6,24051650,4501.8,3683.4,4440.0,3288.1,4017.0,50,2,4016.4,21,2,4016.3,21,1,4016.2,61,4,4016.1,78,6,4018.0,23,2,4018.1,15,1,4018.2,6,1,4018.3,12,1,4018.4,26,2
11483,2026-07-02 11:38:56+05:30,4017.0,13,4043.9,947226,123202.0,160314.0,4100.0,4110.0,4015.0,4092.6,24051650,4501.8,3683.4,4440.0,3288.1,4017.0,50,2,4016.4,21,2,4016.3,21,1,4016.2,61,4,4016.1,78,6,4018.0,23,2,4018.1,15,1,4018.2,6,1,4018.3,12,1,4018.4,26,2
11483,2026-07-02 11:38:57+05:30,4017.0,13,4043.9,947239,123321.0,160325.0,4100.0,4110.0,4015.0,4092.6,24051650,4501.8,3683.4,4440.0,3288.1,4017.0,37,2,4016.4,21,2,4016.3,23,2,4016.2,99,4,4016.1,78,6,4018.0,24,3,4018.1,15,1,4018.2,6,1,4018.3,12,1,4018.4,26,2
11483,2026-07-02 11:38:57+05:30,4018.0,1,4043.9,947239,123321.0,160325.0,4100.0,4110.0,4015.0,4092.6,24051650,4501.8,3683.4,4440.0,3288.1,4017.0,37,2,4016.4,21,2,4016.3,23,2,4016.2,99,4,4016.1,78,6,4018.0,24,3,4018.1,15,1,4018.2,6,1,4018.3,12,1,4018.4,26,2
11483,2026-07-02 11:38:58+05:30,4018.0,1,4043.9,947242,123260.0,162193.0,4100.0,4110.0,4015.0,4092.6,24051650,4501.8,3683.4,4440.0,3288.1,4017.0,47,3,4016.4,12,1,4016.2,74,3,4016.1,56,6,4016.0,418,14,4017.4,175,1,4018.0,102,5,4018.1,15,1,4018.2,6,1,4018.3,12,1
11483,2026-07-02 11:38:58+05:30,4017.4,7,4043.9,947242,123260.0,162193.0,4100.0,4110.0,4015.0,4092.6,24051650,4501.8,3683.4,4440.0,3288.1,4017.0,47,3,4016.4,12,1,4016.2,74,3,4016.1,56,6,4016.0,418,14,4017.4,175,1,4018.0,102,5,4018.1,15,1,4018.2,6,1,4018.3,12,1
11483,2026-07-02 11:38:59+05:30,4017.4,5,4043.9,947302,123450.0,162136.0,4100.0,4110.0,4015.0,4092.6,24051650,4501.8,3683.4,4440.0,3288.1,4017.1,25,1,4017.0,96,1,4016.8,12,1,4016.4,12,1,4016.2,23,3,4017.4,161,2,4018.0,101,4,4018.1,15,1,4018.2,6,1,4018.3,12,1
11483,2026-07-02 11:38:59+05:30,4017.1,14,4043.9,947302,123450.0,162136.0,4100.0,4110.0,4015.0,4092.6,24051650,4501.8,3683.4,4440.0,3288.1,4017.1,25,1,4017.0,96,1,4016.8,12,1,4016.4,12,1,4016.2,23,3,4017.4,161,2,4018.0,101,4,4018.1,15,1,4018.2,6,1,4018.3,12,1
11483,2026-07-02 11:39:00+05:30,4017.1,14,4043.9,947324,123569.0,162091.0,4100.0,4110.0,4015.0,4092.6,24051650,4501.8,3683.4,4440.0,3288.1,4017.1,122,3,4017.0,396,2,4016.8,12,1,4016.4,12,1,4016.3,26,2,4017.4,160,2,4018.0,100,3,4018.1,15,1,4018.2,6,1,4018.3,12,1
11483,2026-07-02 11:39:00+05:30,4017.4,3,4043.9,947324,123569.0,162091.0,4100.0,4110.0,4015.0,4092.6,24051650,4501.8,3683.4,4440.0,3288.1,4017.1,122,3,4017.0,396,2,4016.8,12,1,4016.4,12,1,4016.3,26,2,4017.4,160,2,4018.0,100,3,4018.1,15,1,4018.2,6,1,4018.3,12,1
11483,2026-07-02 11:39:01+05:30,4017.4,5,4043.9,947353,123559.0,161585.0,4100.0,4110.0,4015.0,4092.6,24051650,4501.8,3683.4,4440.0,3288.1,4017.1,119,3,4017.0,396,2,4016.8,12,1,4016.5,2,1,4016.4,12,1,4017.4,134,2,4018.0,107,4,4018.1,15,1,4018.2,6,1,4018.3,12,1
11483,2026-07-02 11:39:01+05:30,4017.4,4,4043.9,947353,123559.0,161585.0,4100.0,4110.0,4015.0,4092.6,24051650,4501.8,3683.4,4440.0,3288.1,4017.1,119,3,4017.0,396,2,4016.8,12,1,4016.5,2,1,4016.4,12,1,4017.4,134,2,4018.0,107,4,4018.1,15,1,4018.2,6,1,4018.3,12,1
11483,2026-07-02 11:39:02+05:30,4017.4,4,4043.9,947365,123587.0,161614.0,4100.0,4110.0,4015.0,4092.6,24051650,4501.8,3683.4,4440.0,3288.1,4017.2,68,3,4017.1,110,2,4017.0,396,2,4016.7,30,3,4016.6,11,1,4017.4,3,1,4017.7,175,1,4018.0,107,4,4018.1,15,1,4018.2,6,1
11483,2026-07-02 11:39:02+05:30,4017.2,1,4043.9,947365,123587.0,161614.0,4100.0,4110.0,4015.0,4092.6,24051650,4501.8,3683.4,4440.0,3288.1,4017.2,68,3,4017.1,110,2,4017.0,396,2,4016.7,30,3,4016.6,11,1,4017.4,3,1,4017.7,175,1,4018.0,107,4,4018.1,15,1,4018.2,6,1
11483,2026-07-02 11:39:03+05:30,4017.2,1,4043.9,947379,123911.0,161830.0,4100.0,4110.0,4015.0,4092.6,24051650,4501.8,3683.4,4440.0,3288.1,4017.2,65,3,4017.1,113,3,4017.0,531,4,4016.7,30,3,4016.6,11,1,4017.4,169,3,4017.7,175,1,4018.0,107,4,4018.1,15,1,4018.2,6,1
11483,2026-07-02 11:39:03+05:30,4017.4,3,4043.9,947379,123911.0,161830.0,4100.0,4110.0,4015.0,4092.6,24051650,4501.8,3683.4,4440.0,3288.1,4017.2,65,3,4017.1,113,3,4017.0,531,4,4016.7,30,3,4016.6,11,1,4017.4,169,3,4017.7,175,1,4018.0,107,4,4018.1,15,1,4018.2,6,1
11483,2026-07-02 11:39:04+05:30,4017.4,3,4043.9,947396,124192.0,161322.0,4100.0,4110.0,4015.0,4092.6,24051650,4501.8,3683.4,4440.0,3288.1,4017.6,44,1,4017.5,19,1,4017.2,15,2,4017.1,113,3,4017.0,661,6,4017.9,175,1,4018.0,78,1,4018.4,8,2,4018.5,5,1,4018.7,5,1
11483,2026-07-02 11:39:04+05:30,4017.7,16,4043.9,947396,124192.0,161322.0,4100.0,4110.0,4015.0,4092.6,24051650,4501.8,3683.4,4440.0,3288.1,4017.6,44,1,4017.5,19,1,4017.2,15,2,4017.1,113,3,4017.0,661,6,4017.9,175,1,4018.0,78,1,4018.4,8,2,4018.5,5,1,4018.7,5,1
11483,2026-07-02 11:39:05+05:30,4017.5,5,4043.9,947438,124404.0,161252.0,4100.0,4110.0,4015.0,4092.6,24051650,4501.8,3683.4,4440.0,3288.1,4017.2,15,2,4017.1,101,2,4017.0,1067,9,4016.7,32,4,4016.6,11,1,4017.5,170,1,4017.6,1,1,4017.7,140,1,4017.9,4,1,4018.0,90,2
11483,2026-07-02 11:39:05+05:30,4017.4,44,4043.9,947438,124404.0,161252.0,4100.0,4110.0,4015.0,4092.6,24051650,4501.8,3683.4,4440.0,3288.1,4017.2,15,2,4017.1,101,2,4017.0,1067,9,4016.7,32,4,4016.6,11,1,4017.5,170,1,4017.6,1,1,4017.7,140,1,4017.9,4,1,4018.0,90,2
11483,2026-07-02 11:39:06+05:30,4017.4,61,4043.89,947560,124540.0,161198.0,4100.0,4110.0,4015.0,4092.6,24051650,4501.8,3683.4,4440.0,3288.1,4017.3,35,1,4017.2,1,1,4017.1,101,2,4017.0,1091,11,4016.7,32,4,4017.4,289,2,4017.6,2,2,4018.0,12,1,4018.4,39,3,4018.5,5,1
11483,2026-07-02 11:39:06+05:30,4017.3,2,4043.89,947560,124540.0,161198.0,4100.0,4110.0,4015.0,4092.6,24051650,4501.8,3683.4,4440.0,3288.1,4017.3,35,1,4017.2,1,1,4017.1,101,2,4017.0,1091,11,4016.7,32,4,4017.4,289,2,4017.6,2,2,4018.0,12,1,4018.4,39,3,4018.5,5,1
11483,2026-07-02 11:39:07+05:30,4017.4,1,4043.89,947577,124552.0,161015.0,4100.0,4110.0,4015.0,4092.6,24051650,4501.8,3683.4,4440.0,3288.1,4017.3,19,1,4017.1,101,2,4017.0,1092,12,4016.8,2,1,4016.7,30,3,4017.4,295,3,4017.6,2,2,4018.0,12,1,4018.4,39,3,4018.5,5,1
11483,2026-07-02 11:39:07+05:30,4017.3,2,4043.89,947577,124552.0,161015.0,4100.0,4110.0,4015.0,4092.6,24051650,4501.8,3683.4,4440.0,3288.1,4017.3,19,1,4017.1,101,2,4017.0,1092,12,4016.8,2,1,4016.7,30,3,4017.4,295,3,4017.6,2,2,4018.0,12,1,4018.4,39,3,4018.5,5,1
11483,2026-07-02 11:39:08+05:30,4017.4,1,4043.89,947638,124624.0,160952.0,4100.0,4110.0,4015.0,4092.6,24051650,4501.8,3683.4,4440.0,3288.1,4017.3,15,1,4017.2,3,1,4017.1,101,2,4017.0,1099,14,4016.8,14,2,4017.4,238,3,4017.6,2,2,4018.0,19,2,4018.4,39,3,4018.5,5,1
11483,2026-07-02 11:39:08+05:30,4016.5,8,4043.89,947638,124624.0,160952.0,4100.0,4110.0,4015.0,4092.6,24051650,4501.8,3683.4,4440.0,3288.1,4017.3,15,1,4017.2,3,1,4017.1,101,2,4017.0,1099,14,4016.8,14,2,4017.4,238,3,4017.6,2,2,4018.0,19,2,4018.4,39,3,4018.5,5,1
11483,2026-07-02 11:39:09+05:30,4017.0,23,4043.84,949480,121623.0,162496.0,4100.0,4110.0,4015.0,4092.6,24051650,4501.8,3683.4,4440.0,3288.1,4015.6,84,3,4015.5,40,2,4015.4,30,2,4015.3,116,4,4015.2,56,4,4017.0,152,1,4017.1,5,1,4017.2,5,1,4017.3,239,4,4017.4,30,2
11483,2026-07-02 11:39:09+05:30,4015.6,17,4043.84,949480,121623.0,162496.0,4100.0,4110.0,4015.0,4092.6,24051650,4501.8,3683.4,4440.0,3288.1,4015.6,84,3,4015.5,40,2,4015.4,30,2,4015.3,116,4,4015.2,56,4,4017.0,152,1,4017.1,5,1,4017.2,5,1,4017.3,239,4,4017.4,30,2
11483,2026-07-02 11:39:10+05:30,4015.6,17,4043.83,949766,121181.0,161482.0,4100.0,4110.0,4015.0,4092.6,24051650,4501.8,3683.4,4440.0,3288.1,4015.8,15,1,4015.7,17,2,4015.6,56,6,4015.5,110,8,4015.4,59,5,4017.0,153,2,4017.1,5,1,4017.2,5,1,4017.3,8,2,4017.5,8,1
11483,2026-07-02 11:39:10+05:30,4017.0,1,4043.83,949766,121181.0,161482.0,4100.0,4110.0,4015.0,4092.6,24051650,4501.8,3683.4,4440.0,3288.1,4015.8,15,1,4015.7,17,2,4015.6,56,6,4015.5,110,8,4015.4,59,5,4017.0,153,2,4017.1,5,1,4017.2,5,1,4017.3,8,2,4017.5,8,1
11483,2026-07-02 11:39:11+05:30,4017.0,5,4043.83,949809,122141.0,161037.0,4100.0,4110.0,4015.0,4092.6,24051650,4501.8,3683.4,4440.0,3288.1,4016.0,35,3,4015.9,50,3,4015.8,29,3,4015.7,1,1,4015.6,50,5,4017.0,154,3,4017.2,5,1,4017.3,8,2,4017.6,1,1,4017.9,13,1
11483,2026-07-02 11:39:11+05:30,4016.0,1,4043.83,949809,122141.0,161037.0,4100.0,4110.0,4015.0,4092.6,24051650,4501.8,3683.4,4440.0,3288.1,4016.0,35,3,4015.9,50,3,4015.8,29,3,4015.7,1,1,4015.6,50,5,4017.0,154,3,4017.2,5,1,4017.3,8,2,4017.6,1,1,4017.9,13,1
11483,2026-07-02 11:39:12+05:30,4016.0,1,4043.83,949815,122379.0,161069.0,4100.0,4110.0,4015.0,4092.6,24051650,4501.8,3683.4,4440.0,3288.1,4016.5,52,5,4016.3,16,2,4016.2,20,2,4016.1,42,3,4016.0,5,1,4017.0,154,3,4017.3,3,1,4017.6,1,1,4018.1,30,2,4018.2,13,1
11483,2026-07-02 11:39:13+05:30,4016.0,1,4043.83,949815,122495.0,160963.0,4100.0,4110.0,4015.0,4092.6,24051650,4501.8,3683.4,4440.0,3288.1,4016.5,58,6,4016.4,8,1,4016.3,36,3,4016.2,20,2,4016.1,15,3,4017.0,155,4,4017.3,3,1,4017.6,1,1,4018.1,30,2,4018.2,13,1
11483,2026-07-02 11:39:14+05:30,4016.5,3,4043.83,949819,122472.0,161045.0,4100.0,4110.0,4015.0,4092.6,24051650,4501.8,3683.4,4440.0,3288.1,4016.5,49,5,4016.3,9,1,4016.2,20,2,4016.1,26,4,4016.0,25,2,4017.0,155,4,4017.3,3,1,4017.6,1,1,4018.0,78,1,4018.1,30,2
11483,2026-07-02 11:39:14+05:30,4016.5,2,4043.83,949819,122472.0,161045.0,4100.0,4110.0,4015.0,4092.6,24051650,4501.8,3683.4,4440.0,3288.1,4016.5,49,5,4016.3,9,1,4016.2,20,2,4016.1,26,4,4016.0,25,2,4017.0,155,4,4017.3,3,1,4017.6,1,1,4018.0,78,1,4018.1,30,2
11483,2026-07-02 11:39:15+05:30,4015.9,4,4043.82,949987,129471.0,161065.0,4100.0,4110.0,4015.0,4092.6,24051650,4501.8,3683.4,4440.0,3288.1,4016.0,45,5,4015.9,3,1,4015.8,16,1,4015.7,1,1,4015.6,36,6,4016.5,39,2,4017.0,55,4,4017.3,3,1,4017.4,5,1,4017.5,16,1
11483,2026-07-02 11:39:15+05:30,4016.4,3,4043.82,949987,129471.0,161065.0,4100.0,4110.0,4015.0,4092.6,24051650,4501.8,3683.4,4440.0,3288.1,4016.0,45,5,4015.9,3,1,4015.8,16,1,4015.7,1,1,4015.6,36,6,4016.5,39,2,4017.0,55,4,4017.3,3,1,4017.4,5,1,4017.5,16,1
11483,2026-07-02 11:39:16+05:30,4016.4,1,4043.82,950016,128546.0,161385.0,4100.0,4110.0,4015.0,4092.6,24051650,4501.8,3683.4,4440.0,3288.1,4015.6,25,4,4015.4,23,2,4015.3,79,3,4015.2,25,1,4015.1,38,4,4016.4,168,1,4016.5,47,3,4016.9,2,1,4017.0,55,4,4017.2,2,1
11483,2026-07-02 11:39:16+05:30,4015.6,4,4043.82,950016,128546.0,161385.0,4100.0,4110.0,4015.0,4092.6,24051650,4501.8,3683.4,4440.0,3288.1,4015.6,25,4,4015.4,23,2,4015.3,79,3,4015.2,25,1,4015.1,38,4,4016.4,168,1,4016.5,47,3,4016.9,2,1,4017.0,55,4,4017.2,2,1
11483,2026-07-02 11:39:17+05:30,4016.5,10,4043.82,950030,129335.0,161018.0,4100.0,4110.0,4015.0,4092.6,24051650,4501.8,3683.4,4440.0,3288.1,4016.1,17,2,4016.0,33,1,4015.9,24,2,4015.8,48,3,4015.7,3,1,4016.5,29,2,4017.0,55,4,4017.3,3,1,4017.4,5,1,4017.5,2,1
11483,2026-07-02 11:39:17+05:30,4016.4,99,4043.82,950030,129335.0,161018.0,4100.0,4110.0,4015.0,4092.6,24051650,4501.8,3683.4,4440.0,3288.1,4016.1,17,2,4016.0,33,1,4015.9,24,2,4015.8,48,3,4015.7,3,1,4016.5,29,2,4017.0,55,4,4017.3,3,1,4017.4,5,1,4017.5,2,1
11483,2026-07-02 11:39:18+05:30,4015.9,2,4043.81,950407,128534.0,161700.0,4100.0,4110.0,4015.0,4092.6,24051650,4501.8,3683.4,4440.0,3288.1,4016.0,1,1,4015.3,59,6,4015.2,53,4,4015.1,78,5,4015.0,945,66,4016.1,2,2,4016.2,175,1,4016.4,175,1,4016.5,11,3,4016.6,78,1
11483,2026-07-02 11:39:18+05:30,4016.0,1,4043.81,950407,128534.0,161700.0,4100.0,4110.0,4015.0,4092.6,24051650,4501.8,3683.4,4440.0,3288.1,4016.0,1,1,4015.3,59,6,4015.2,53,4,4015.1,78,5,4015.0,945,66,4016.1,2,2,4016.2,175,1,4016.4,175,1,4016.5,11,3,4016.6,78,1
11483,2026-07-02 11:39:19+05:30,4015.9,28,4043.81,950436,128615.0,162021.0,4100.0,4110.0,4015.0,4092.6,24051650,4501.8,3683.4,4440.0,3288.1,4015.4,29,1,4015.3,36,3,4015.2,16,2,4015.1,40,4,4015.0,950,67,4015.8,175,1,4016.0,38,4,4016.1,2,2,4016.5,11,3,4016.6,78,1
11483,2026-07-02 11:39:19+05:30,4015.8,100,4043.81,950436,128615.0,162021.0,4100.0,4110.0,4015.0,4092.6,24051650,4501.8,3683.4,4440.0,3288.1,4015.4,29,1,4015.3,36,3,4015.2,16,2,4015.1,40,4,4015.0,950,67,4015.8,175,1,4016.0,38,4,4016.1,2,2,4016.5,11,3,4016.6,78,1
11483,2026-07-02 11:39:20+05:30,4015.1,16,4043.8,950839,128602.0,161994.0,4100.0,4110.0,4015.0,4092.6,24051650,4501.8,3683.4,4440.0,3288.1,4015.1,25,2,4015.0,861,65,4014.9,28,4,4014.8,1,1,4014.7,22,1,4015.9,175,1,4016.0,45,4,4016.1,2,2,4016.4,7,1,4016.5,5,3
11483,2026-07-02 11:39:20+05:30,4015.1,3,4043.8,950839,128602.0,161994.0,4100.0,4110.0,4015.0,4092.6,24051650,4501.8,3683.4,4440.0,3288.1,4015.1,25,2,4015.0,861,65,4014.9,28,4,4014.8,1,1,4014.7,22,1,4015.9,175,1,4016.0,45,4,4016.1,2,2,4016.4,7,1,4016.5,5,3
11483,2026-07-02 11:39:21+05:30,4015.9,40,4043.79,951137,128540.0,161597.0,4100.0,4110.0,4015.0,4092.6,24051650,4501.8,3683.4,4440.0,3288.1,4015.1,52,5,4015.0,697,58,4014.9,32,5,4014.8,1,1,4014.7,33,1,4015.9,139,2,4016.0,20,3,4016.1,2,2,4016.5,5,3,4016.6,78,1
11483,2026-07-02 11:39:21+05:30,4015.9,25,4043.79,951137,128540.0,161597.0,4100.0,4110.0,4015.0,4092.6,24051650,4501.8,3683.4,4440.0,3288.1,4015.1,52,5,4015.0,697,58,4014.9,32,5,4014.8,1,1,4014.7,33,1,4015.9,139,2,4016.0,20,3,4016.1,2,2,4016.5,5,3,4016.6,78,1
11483,2026-07-02 11:39:22+05:30,4015.9,1,4043.79,951199,128718.0,161749.0,4100.0,4110.0,4015.0,4092.6,24051650,4501.8,3683.4,4440.0,3288.1,4015.6,5,1,4015.5,58,4,4015.4,6,1,4015.3,16,2,4015.2,74,4,4015.9,116,3,4016.0,180,2,4016.1,2,2,4016.4,5,1,4016.5,5,3
11483,2026-07-02 11:39:22+05:30,4015.6,5,4043.79,951199,128718.0,161749.0,4100.0,4110.0,4015.0,4092.6,24051650,4501.8,3683.4,4440.0,3288.1,4015.6,5,1,4015.5,58,4,4015.4,6,1,4015.3,16,2,4015.2,74,4,4015.9,116,3,4016.0,180,2,4016.1,2,2,4016.4,5,1,4016.5,5,3
11483,2026-07-02 11:39:23+05:30,4015.9,28,4043.79,951240,128837.0,161667.0,4100.0,4110.0,4015.0,4092.6,24051650,4501.8,3683.4,4440.0,3288.1,4015.5,58,4,4015.3,8,1,4015.2,47,4,4015.1,14,4,4015.0,696,57,4015.9,86,4,4016.0,181,3,4016.1,1,1,4016.4,5,1,4016.5,5,3
11483,2026-07-02 11:39:23+05:30,4015.5,5,4043.79,951240,128837.0,161667.0,4100.0,4110.0,4015.0,4092.6,24051650,4501.8,3683.4,4440.0,3288.1,4015.5,58,4,4015.3,8,1,4015.2,47,4,4015.1,14,4,4015.0,696,57,4015.9,86,4,4016.0,181,3,4016.1,1,1,4016.4,5,1,4016.5,5,3
11483,2026-07-02 11:39:24+05:30,4016.0,54,4043.78,951390,129052.0,161537.0,4100.0,4110.0,4015.0,4092.6,24051650,4501.8,3683.4,4440.0,3288.1,4015.9,1,1,4015.5,59,5,4015.3,8,1,4015.2,49,5,4015.1,50,4,4016.0,127,3,4016.1,1,1,4016.5,5,3,4016.8,6,1,4017.0,48,2
11483,2026-07-02 11:39:24+05:30,4015.9,1,4043.78,951390,129052.0,161537.0,4100.0,4110.0,4015.0,4092.6,24051650,4501.8,3683.4,4440.0,3288.1,4015.9,1,1,4015.5,59,5,4015.3,8,1,4015.2,49,5,4015.1,50,4,4016.0,127,3,4016.1,1,1,4016.5,5,3,4016.8,6,1,4017.0,48,2
11483,2026-07-02 11:39:25+05:30,4015.9,1,4043.78,951392,129094.0,161248.0,4100.0,4110.0,4015.0,4092.6,24051650,4501.8,3683.4,4440.0,3288.1,4015.8,54,1,4015.7,35,3,4015.6,9,3,4015.5,59,5,4015.4,2,1,4015.9,2,1,4016.0,8,2,4016.1,1,1,4016.5,22,3,4016.8,6,1
11483,2026-07-02 11:39:25+05:30,4015.9,3,4043.78,951392,129094.0,161248.0,4100.0,4110.0,4015.0,4092.6,24051650,4501.8,3683.4,4440.0,3288.1,4015.8,54,1,4015.7,35,3,4015.6,9,3,4015.5,59,5,4015.4,2,1,4015.9,2,1,4016.0,8,2,4016.1,1,1,4016.5,22,3,4016.8,6,1
11483,2026-07-02 11:39:26+05:30,4015.9,1,4043.78,951405,129150.0,161624.0,4100.0,4110.0,4015.0,4092.6,24051650,4501.8,3683.4,4440.0,3288.1,4015.8,71,3,4015.7,25,2,4015.6,5,2,4015.5,35,3,4015.3,10,2,4015.9,166,2,4016.0,7,3,4016.1,1,1,4016.5,22,3,4016.8,6,1
11483,2026-07-02 11:39:26+05:30,4015.9,52,4043.78,951405,129150.0,161624.0,4100.0,4110.0,4015.0,4092.6,24051650,4501.8,3683.4,4440.0,3288.1,4015.8,71,3,4015.7,25,2,4015.6,5,2,4015.5,35,3,4015.3,10,2,4015.9,166,2,4016.0,7,3,4016.1,1,1,4016.5,22,3,4016.8,6,1
11483,2026-07-02 11:39:27+05:30,4015.9,1,4043.78,951488,129227.0,161690.0,4100.0,4110.0,4015.0,4092.6,24051650,4501.8,3683.4,4440.0,3288.1,4015.8,17,2,4015.7,25,2,4015.6,5,2,4015.5,34,2,4015.3,8,1,4015.9,112,1,4016.0,181,3,4016.1,1,1,4016.5,22,3,4016.8,6,1
11483,2026-07-02 11:39:27+05:30,4016.5,7,4043.78,951488,129227.0,161690.0,4100.0,4110.0,4015.0,4092.6,24051650,4501.8,3683.4,4440.0,3288.1,4015.8,17,2,4015.7,25,2,4015.6,5,2,4015.5,34,2,4015.3,8,1,4015.9,112,1,4016.0,181,3,4016.1,1,1,4016.5,22,3,4016.8,6,1
11483,2026-07-02 11:39:28+05:30,4016.5,7,4043.77,951834,131521.0,160984.0,4100.0,4110.0,4015.0,4092.6,24051650,4501.8,3683.4,4440.0,3288.1,4016.4,30,3,4016.3,34,4,4016.2,17,4,4016.1,57,5,4016.0,13,2,4016.5,50,2,4017.0,46,1,4017.3,3,1,4017.6,1,1,4017.9,12,1
11483,2026-07-02 11:39:28+05:30,4016.5,5,4043.77,951834,131521.0,160984.0,4100.0,4110.0,4015.0,4092.6,24051650,4501.8,3683.4,4440.0,3288.1,4016.4,30,3,4016.3,34,4,4016.2,17,4,4016.1,57,5,4016.0,13,2,4016.5,50,2,4017.0,46,1,4017.3,3,1,4017.6,1,1,4017.9,12,1
11483,2026-07-02 11:39:29+05:30,4016.3,5,4043.77,951892,131418.0,160993.0,4100.0,4110.0,4015.0,4092.6,24051650,4501.8,3683.4,4440.0,3288.1,4016.3,41,5,4016.2,7,2,4016.1,30,2,4016.0,13,2,4015.9,30,5,4016.5,58,3,4017.0,46,1,4017.3,3,1,4017.6,1,1,4017.9,28,2
11483,2026-07-02 11:39:29+05:30,4016.3,7,4043.77,951892,131418.0,160993.0,4100.0,4110.0,4015.0,4092.6,24051650,4501.8,3683.4,4440.0,3288.1,4016.3,41,5,4016.2,7,2,4016.1,30,2,4016.0,13,2,4015.9,30,5,4016.5,58,3,4017.0,46,1,4017.3,3,1,4017.6,1,1,4017.9,28,2
11483,2026-07-02 11:39:30+05:30,4016.3,2,4043.77,951901,131758.0,161025.0,4100.0,4110.0,4015.0,4092.6,24051650,4501.8,3683.4,4440.0,3288.1,4016.3,32,5,4016.2,8,2,4016.1,30,2,4016.0,29,4,4015.9,31,6,4016.5,58,3,4017.0,46,1,4017.3,3,1,4017.6,1,1,4017.9,33,3
11483,2026-07-02 11:39:30+05:30,4016.5,3,4043.77,951901,131758.0,161025.0,4100.0,4110.0,4015.0,4092.6,24051650,4501.8,3683.4,4440.0,3288.1,4016.3,32,5,4016.2,8,2,4016.1,30,2,4016.0,29,4,4015.9,31,6,4016.5,58,3,4017.0,46,1,4017.3,3,1,4017.6,1,1,4017.9,33,3
11483,2026-07-02 11:39:31+05:30,4016.5,3,4043.77,951907,131759.0,161018.0,4100.0,4110.0,4015.0,4092.6,24051650,4501.8,3683.4,4440.0,3288.1,4016.3,31,5,4016.2,8,2,4016.1,30,2,4016.0,29,4,4015.9,31,6,4016.5,53,3,4017.0,46,1,4017.3,3,1,4017.6,1,1,4017.9,17,2
11483,2026-07-02 11:39:31+05:30,4016.3,1,4043.77,951907,131759.0,161018.0,4100.0,4110.0,4015.0,4092.6,24051650,4501.8,3683.4,4440.0,3288.1,4016.3,31,5,4016.2,8,2,4016.1,30,2,4016.0,29,4,4015.9,31,6,4016.5,53,3,4017.0,46,1,4017.3,3,1,4017.6,1,1,4017.9,17,2
11483,2026-07-02 11:39:32+05:30,4016.5,2,4043.77,951911,131735.0,161031.0,4100.0,4110.0,4015.0,4092.6,24051650,4501.8,3683.4,4440.0,3288.1,4016.4,1,1,4016.3,29,5,4016.2,8,2,4016.1,30,2,4016.0,29,4,4016.5,51,3,4017.0,46,1,4017.3,3,1,4017.6,1,1,4017.9,34,3
11483,2026-07-02 11:39:32+05:30,4016.3,10,4043.77,951911,131735.0,161031.0,4100.0,4110.0,4015.0,4092.6,24051650,4501.8,3683.4,4440.0,3288.1,4016.4,1,1,4016.3,29,5,4016.2,8,2,4016.1,30,2,4016.0,29,4,4016.5,51,3,4017.0,46,1,4017.3,3,1,4017.6,1,1,4017.9,34,3
11483,2026-07-02 11:39:33+05:30,4016.3,10,4043.77,951938,131814.0,161113.0,4100.0,4110.0,4015.0,4092.6,24051650,4501.8,3683.4,4440.0,3288.1,4016.3,29,3,4016.2,10,3,4016.1,30,2,4016.0,29,4,4015.9,31,6,4016.5,50,3,4017.0,108,2,4017.3,3,1,4017.6,1,1,4017.9,17,2
11483,2026-07-02 11:39:33+05:30,4016.5,5,4043.77,951938,131814.0,161113.0,4100.0,4110.0,4015.0,4092.6,24051650,4501.8,3683.4,4440.0,3288.1,4016.3,29,3,4016.2,10,3,4016.1,30,2,4016.0,29,4,4015.9,31,6,4016.5,50,3,4017.0,108,2,4017.3,3,1,4017.6,1,1,4017.9,17,2
11483,2026-07-02 11:39:34+05:30,4016.4,18,4043.77,951964,131922.0,161190.0,4100.0,4110.0,4015.0,4092.6,24051650,4501.8,3683.4,4440.0,3288.1,4016.3,37,3,4016.2,4,1,4016.1,25,1,4016.0,61,5,4015.9,81,7,4016.4,28,1,4016.5,46,4,4017.0,62,1,4017.3,3,1,4017.6,1,1
11483,2026-07-02 11:39:34+05:30,4016.5,6,4043.77,951964,131922.0,161190.0,4100.0,4110.0,4015.0,4092.6,24051650,4501.8,3683.4,4440.0,3288.1,4016.3,37,3,4016.2,4,1,4016.1,25,1,4016.0,61,5,4015.9,81,7,4016.4,28,1,4016.5,46,4,4017.0,62,1,4017.3,3,1,4017.6,1,1
11483,2026-07-02 11:39:35+05:30,4016.5,6,4043.76,952004,132006.0,161233.0,4100.0,4110.0,4015.0,4092.6,24051650,4501.8,3683.4,4440.0,3288.1,4016.3,32,3,4016.2,9,3,4016.1,25,1,4016.0,59,4,4015.9,81,7,4016.5,39,3,4017.0,62,1,4017.3,3,1,4017.8,28,1,4017.9,17,2
11483,2026-07-02 11:39:35+05:30,4017.0,5,4043.76,952004,132006.0,161233.0,4100.0,4110.0,4015.0,4092.6,24051650,4501.8,3683.4,4440.0,3288.1,4016.3,32,3,4016.2,9,3,4016.1,25,1,4016.0,59,4,4015.9,81,7,4016.5,39,3,4017.0,62,1,4017.3,3,1,4017.8,28,1,4017.9,17,2
11483,2026-07-02 11:39:36+05:30,4016.5,1,4043.76,952280,131946.0,160199.0,4100.0,4110.0,4015.0,4092.6,24051650,4501.8,3683.4,4440.0,3288.1,4016.5,43,6,4016.4,8,1,4016.3,69,3,4016.2,72,5,4016.1,94,5,4017.0,42,1,4017.3,3,1,4018.4,6,1,4018.5,18,2,4018.7,16,1
11483,2026-07-02 11:39:36+05:30,4016.5,2,4043.76,952280,131946.0,160199.0,4100.0,4110.0,4015.0,4092.6,24051650,4501.8,3683.4,4440.0,3288.1,4016.5,43,6,4016.4,8,1,4016.3,69,3,4016.2,72,5,4016.1,94,5,4017.0,42,1,4017.3,3,1,4018.4,6,1,4018.5,18,2,4018.7,16,1
11483,2026-07-02 11:39:37+05:30,4016.5,2,4043.76,952313,132105.0,160334.0,4100.0,4110.0,4015.0,4092.6,24051650,4501.8,3683.4,4440.0,3288.1,4016.6,43,6,4016.5,41,4,4016.4,36,3,4016.3,75,4,4016.2,66,4,4017.0,43,2,4017.3,3,1,4018.5,42,3,4018.8,50,3,4018.9,104,2
11483,2026-07-02 11:39:37+05:30,4015.6,23,4043.76,952313,132105.0,160334.0,4100.0,4110.0,4015.0,4092.6,24051650,4501.8,3683.4,4440.0,3288.1,4016.6,43,6,4016.5,41,4,4016.4,36,3,4016.3,75,4,4016.2,66,4,4017.0,43,2,4017.3,3,1,4018.5,42,3,4018.8,50,3,4018.9,104,2
11483,2026-07-02 11:39:38+05:30,4015.6,23,4043.73,953028,132111.0,160472.0,4100.0,4110.0,4015.0,4092.6,24051650,4501.8,3683.4,4440.0,3288.1,4016.5,50,1,4016.2,33,4,4016.1,64,4,4016.0,66,4,4015.9,118,6,4017.0,45,3,4017.3,3,1,4018.2,13,1,4018.5,42,3,4018.7,40,1
11483,2026-07-02 11:39:38+05:30,4016.0,47,4043.73,953028,132111.0,160472.0,4100.0,4110.0,4015.0,4092.6,24051650,4501.8,3683.4,4440.0,3288.1,4016.5,50,1,4016.2,33,4,4016.1,64,4,4016.0,66,4,4015.9,118,6,4017.0,45,3,4017.3,3,1,4018.2,13,1,4018.5,42,3,4018.7,40,1
11483,2026-07-02 11:39:39+05:30,4016.5,1,4043.73,953231,130653.0,161098.0,4100.0,4110.0,4015.0,4092.6,24051650,4501.8,3683.4,4440.0,3288.1,4016.0,59,4,4015.9,37,4,4015.8,43,4,4015.7,33,3,4015.6,39,3,4016.5,59,3,4017.0,50,4,4017.3,3,1,4017.8,6,1,4017.9,13,1
11483,2026-07-02 11:39:39+05:30,4016.0,6,4043.73,953231,130653.0,161098.0,4100.0,4110.0,4015.0,4092.6,24051650,4501.8,3683.4,4440.0,3288.1,4016.0,59,4,4015.9,37,4,4015.8,43,4,4015.7,33,3,4015.6,39,3,4016.5,59,3,4017.0,50,4,4017.3,3,1,4017.8,6,1,4017.9,13,1
11483,2026-07-02 11:39:40+05:30,4016.0,6,4043.73,953283,130730.0,160925.0,4100.0,4110.0,4015.0,4092.6,24051650,4501.8,3683.4,4440.0,3288.1,4015.9,37,3,4015.8,40,3,4015.7,55,4,4015.6,41,4,4015.5,75,5,4016.5,62,4,4017.0,142,2,4017.8,6,1,4017.9,13,1,4018.2,99,3
11483,2026-07-02 11:39:40+05:30,4016.0,6,4043.73,953283,130730.0,160925.0,4100.0,4110.0,4015.0,4092.6,24051650,4501.8,3683.4,4440.0,3288.1,4015.9,37,3,4015.8,40,3,4015.7,55,4,4015.6,41,4,4015.5,75,5,4016.5,62,4,4017.0,142,2,4017.8,6,1,4017.9,13,1,4018.2,99,3
11483,2026-07-02 11:39:40+05:30,4016.0,3,4043.73,953283,130730.0,160925.0,4100.0,4110.0,4015.0,4092.6,24051650,4501.8,3683.4,4440.0,3288.1,4015.9,37,3,4015.8,40,3,4015.7,55,4,4015.6,41,4,4015.5,75,5,4016.5,62,4,4017.0,142,2,4017.8,6,1,4017.9,13,1,4018.2,99,3
11483,2026-07-02 11:39:41+05:30,4016.0,3,4043.73,953283,130730.0,160925.0,4100.0,4110.0,4015.0,4092.6,24051650,4501.8,3683.4,4440.0,3288.1,4015.9,37,3,4015.8,40,3,4015.7,55,4,4015.6,41,4,4015.5,75,5,4016.5,62,4,4017.0,142,2,4017.8,6,1,4017.9,13,1,4018.2,99,3
11483,2026-07-02 11:39:41+05:30,4016.5,10,4043.66,955454,128000.0,161710.0,4100.0,4110.0,4015.0,4092.6,24051650,4501.8,3683.4,4440.0,3288.1,4015.0,24,3,4014.9,17,3,4014.8,1,1,4014.7,13,1,4014.5,37,3,4016.5,34,5,4016.7,24,1,4016.8,66,2,4016.9,63,3,4017.0,142,2
11483,2026-07-02 11:39:41+05:30,4016.5,10,4043.66,955454,128000.0,161710.0,4100.0,4110.0,4015.0,4092.6,24051650,4501.8,3683.4,4440.0,3288.1,4015.0,24,3,4014.9,17,3,4014.8,1,1,4014.7,13,1,4014.5,37,3,4016.5,34,5,4016.7,24,1,4016.8,66,2,4016.9,63,3,4017.0,142,2
11483,2026-07-02 11:39:41+05:30,4015.0,1,4043.66,955454,128000.0,161710.0,4100.0,4110.0,4015.0,4092.6,24051650,4501.8,3683.4,4440.0,3288.1,4015.0,24,3,4014.9,17,3,4014.8,1,1,4014.7,13,1,4014.5,37,3,4016.5,34,5,4016.7,24,1,4016.8,66,2,4016.9,63,3,4017.0,142,2
11483,2026-07-02 11:39:42+05:30,4016.2,38,4043.65,955801,127849.0,161914.0,4100.0,4110.0,4014.8,4092.6,24051650,4501.8,3683.4,4440.0,3288.1,4014.7,1,1,4014.5,3,1,4014.4,24,3,4014.3,28,3,4014.2,13,2,4016.0,26,3,4016.1,22,2,4016.2,17,1,4016.4,65,3,4016.5,84,9
11483,2026-07-02 11:39:42+05:30,4016.2,38,4043.65,955801,127849.0,161914.0,4100.0,4110.0,4014.8,4092.6,24051650,4501.8,3683.4,4440.0,3288.1,4014.7,1,1,4014.5,3,1,4014.4,24,3,4014.3,28,3,4014.2,13,2,4016.0,26,3,4016.1,22,2,4016.2,17,1,4016.4,65,3,4016.5,84,9
11483,2026-07-02 11:39:42+05:30,4014.7,6,4043.65,955801,127849.0,161914.0,4100.0,4110.0,4014.8,4092.6,24051650,4501.8,3683.4,4440.0,3288.1,4014.7,1,1,4014.5,3,1,4014.4,24,3,4014.3,28,3,4014.2,13,2,4016.0,26,3,4016.1,22,2,4016.2,17,1,4016.4,65,3,4016.5,84,9
11483,2026-07-02 11:39:43+05:30,4014.7,6,4043.65,955801,127849.0,161914.0,4100.0,4110.0,4014.8,4092.6,24051650,4501.8,3683.4,4440.0,3288.1,4014.7,1,1,4014.5,3,1,4014.4,24,3,4014.3,28,3,4014.2,13,2,4016.0,26,3,4016.1,22,2,4016.2,17,1,4016.4,65,3,4016.5,84,9
11483,2026-07-02 11:39:43+05:30,4014.7,3,4043.64,956061,127058.0,161618.0,4100.0,4110.0,4014.0,4092.6,24051650,4501.8,3683.4,4440.0,3288.1,4014.0,165,13,4013.9,6,1,4013.8,71,3,4013.7,84,3,4013.6,72,2,4015.7,10,1,4015.8,23,3,4015.9,7,1,4016.0,26,3,4016.1,12,1
11483,2026-07-02 11:39:43+05:30,4014.7,3,4043.64,956061,127058.0,161618.0,4100.0,4110.0,4014.0,4092.6,24051650,4501.8,3683.4,4440.0,3288.1,4014.0,165,13,4013.9,6,1,4013.8,71,3,4013.7,84,3,4013.6,72,2,4015.7,10,1,4015.8,23,3,4015.9,7,1,4016.0,26,3,4016.1,12,1
11483,2026-07-02 11:39:43+05:30,4014.0,4,4043.64,956061,127058.0,161618.0,4100.0,4110.0,4014.0,4092.6,24051650,4501.8,3683.4,4440.0,3288.1,4014.0,165,13,4013.9,6,1,4013.8,71,3,4013.7,84,3,4013.6,72,2,4015.7,10,1,4015.8,23,3,4015.9,7,1,4016.0,26,3,4016.1,12,1
11483,2026-07-02 11:39:44+05:30,4014.0,4,4043.64,956061,127058.0,161618.0,4100.0,4110.0,4014.0,4092.6,24051650,4501.8,3683.4,4440.0,3288.1,4014.0,165,13,4013.9,6,1,4013.8,71,3,4013.7,84,3,4013.6,72,2,4015.7,10,1,4015.8,23,3,4015.9,7,1,4016.0,26,3,4016.1,12,1
11483,2026-07-02 11:39:44+05:30,4015.0,9,4043.64,956212,126758.0,162238.0,4100.0,4110.0,4014.0,4092.6,24051650,4501.8,3683.4,4440.0,3288.1,4014.0,25,4,4013.8,12,1,4013.7,17,1,4013.6,48,1,4013.5,64,3,4015.3,7,1,4015.4,25,2,4015.5,13,2,4015.6,10,2,4015.7,19,4
11483,2026-07-02 11:39:44+05:30,4015.0,9,4043.64,956212,126758.0,162238.0,4100.0,4110.0,4014.0,4092.6,24051650,4501.8,3683.4,4440.0,3288.1,4014.0,25,4,4013.8,12,1,4013.7,17,1,4013.6,48,1,4013.5,64,3,4015.3,7,1,4015.4,25,2,4015.5,13,2,4015.6,10,2,4015.7,19,4
11483,2026-07-02 11:39:44+05:30,4015.0,9,4043.64,956212,126758.0,162238.0,4100.0,4110.0,4014.0,4092.6,24062500,4501.8,3683.4,4440.0,3288.1,4014.0,25,4,4013.8,12,1,4013.7,17,1,4013.6,48,1,4013.5,64,3,4015.3,7,1,4015.4,25,2,4015.5,13,2,4015.6,10,2,4015.7,19,4
11483,2026-07-02 11:39:44+05:30,4015.4,2,4043.64,956212,126758.0,162238.0,4100.0,4110.0,4014.0,4092.6,24062500,4501.8,3683.4,4440.0,3288.1,4014.0,25,4,4013.8,12,1,4013.7,17,1,4013.6,48,1,4013.5,64,3,4015.3,7,1,4015.4,25,2,4015.5,13,2,4015.6,10,2,4015.7,19,4
11483,2026-07-02 11:39:45+05:30,4015.4,2,4043.64,956212,126758.0,162238.0,4100.0,4110.0,4014.0,4092.6,24062500,4501.8,3683.4,4440.0,3288.1,4014.0,25,4,4013.8,12,1,4013.7,17,1,4013.6,48,1,4013.5,64,3,4015.3,7,1,4015.4,25,2,4015.5,13,2,4015.6,10,2,4015.7,19,4
11483,2026-07-02 11:39:45+05:30,4015.6,7,4043.64,956261,127317.0,162092.0,4100.0,4110.0,4014.0,4092.6,24062500,4501.8,3683.4,4440.0,3288.1,4015.0,3,2,4014.7,3,1,4014.1,13,1,4014.0,4,2,4013.9,18,1,4015.6,10,1,4015.7,29,5,4015.8,13,2,4015.9,7,1,4016.0,79,7
11483,2026-07-02 11:39:45+05:30,4015.6,7,4043.64,956261,127317.0,162092.0,4100.0,4110.0,4014.0,4092.6,24062500,4501.8,3683.4,4440.0,3288.1,4015.0,3,2,4014.7,3,1,4014.1,13,1,4014.0,4,2,4013.9,18,1,4015.6,10,1,4015.7,29,5,4015.8,13,2,4015.9,7,1,4016.0,79,7
11483,2026-07-02 11:39:45+05:30,4015.4,4,4043.64,956261,127317.0,162092.0,4100.0,4110.0,4014.0,4092.6,24062500,4501.8,3683.4,4440.0,3288.1,4015.0,3,2,4014.7,3,1,4014.1,13,1,4014.0,4,2,4013.9,18,1,4015.6,10,1,4015.7,29,5,4015.8,13,2,4015.9,7,1,4016.0,79,7
11483,2026-07-02 11:39:45+05:30,4015.4,4,4043.64,956261,127317.0,162092.0,4100.0,4110.0,4014.0,4092.6,24062500,4501.8,3683.4,4440.0,3288.1,4015.0,3,2,4014.7,3,1,4014.1,13,1,4014.0,4,2,4013.9,18,1,4015.6,10,1,4015.7,29,5,4015.8,13,2,4015.9,7,1,4016.0,79,7
11483,2026-07-02 11:39:46+05:30,4015.4,4,4043.64,956281,127231.0,162134.0,4100.0,4110.0,4014.0,4092.6,24062500,4501.8,3683.4,4440.0,3288.1,4015.4,1,1,4014.7,3,1,4014.1,12,1,4014.0,4,2,4013.9,11,1,4015.5,10,1,4015.6,4,2,4015.7,24,4,4015.8,19,2,4015.9,7,1
11483,2026-07-02 11:39:46+05:30,4015.4,4,4043.64,956281,127231.0,162134.0,4100.0,4110.0,4014.0,4092.6,24062500,4501.8,3683.4,4440.0,3288.1,4015.4,1,1,4014.7,3,1,4014.1,12,1,4014.0,4,2,4013.9,11,1,4015.5,10,1,4015.6,4,2,4015.7,24,4,4015.8,19,2,4015.9,7,1
11483,2026-07-02 11:39:46+05:30,4016.4,150,4043.64,956281,127231.0,162134.0,4100.0,4110.0,4014.0,4092.6,24062500,4501.8,3683.4,4440.0,3288.1,4015.4,1,1,4014.7,3,1,4014.1,12,1,4014.0,4,2,4013.9,11,1,4015.5,10,1,4015.6,4,2,4015.7,24,4,4015.8,19,2,4015.9,7,1
11483,2026-07-02 11:39:47+05:30,4016.3,12,4043.56,958799,126769.0,160811.0,4100.0,4110.0,4012.5,4092.6,24062500,4501.8,3683.4,4440.0,3288.1,4014.4,300,1,4014.3,15,1,4014.2,3,1,4013.9,1,1,4013.8,10,1,4016.1,42,4,4016.2,37,3,4016.3,72,4,4016.4,54,6,4016.5,77,9
11483,2026-07-02 11:39:47+05:30,4013.7,10,4043.56,958799,126769.0,160811.0,4100.0,4110.0,4012.5,4092.6,24062500,4501.8,3683.4,4440.0,3288.1,4014.4,300,1,4014.3,15,1,4014.2,3,1,4013.9,1,1,4013.8,10,1,4016.1,42,4,4016.2,37,3,4016.3,72,4,4016.4,54,6,4016.5,77,9
11483,2026-07-02 11:39:48+05:30,4014.4,7,4043.55,959121,128929.0,162063.0,4100.0,4110.0,4012.5,4092.6,24062500,4501.8,3683.4,4440.0,3288.1,4013.8,13,2,4013.7,3,1,4013.6,17,1,4013.5,23,2,4013.4,24,2,4014.4,1,1,4015.9,87,2,4016.0,118,4,4016.1,65,7,4016.2,37,3
11483,2026-07-02 11:39:48+05:30,4013.8,1,4043.55,959121,128929.0,162063.0,4100.0,4110.0,4012.5,4092.6,24062500,4501.8,3683.4,4440.0,3288.1,4013.8,13,2,4013.7,3,1,4013.6,17,1,4013.5,23,2,4013.4,24,2,4014.4,1,1,4015.9,87,2,4016.0,118,4,4016.1,65,7,4016.2,37,3
11483,2026-07-02 11:39:49+05:30,4012.5,11,4043.53,959565,129378.0,162164.0,4100.0,4110.0,4012.5,4092.6,24062500,4501.8,3683.4,4440.0,3288.1,4013.3,22,4,4013.2,17,3,4013.1,49,4,4013.0,45,4,4012.9,34,4,4013.8,2,1,4014.4,8,1,4014.7,5,1,4015.4,24,1,4015.5,30,1
11483,2026-07-02 11:39:49+05:30,4014.3,1,4043.53,959565,129378.0,162164.0,4100.0,4110.0,4012.5,4092.6,24062500,4501.8,3683.4,4440.0,3288.1,4013.3,22,4,4013.2,17,3,4013.1,49,4,4013.0,45,4,4012.9,34,4,4013.8,2,1,4014.4,8,1,4014.7,5,1,4015.4,24,1,4015.5,30,1
11483,2026-07-02 11:39:50+05:30,4014.3,1,4043.47,961667,128606.0,161934.0,4100.0,4110.0,4012.0,4092.6,24062500,4501.8,3683.4,4440.0,3288.1,4013.1,73,6,4013.0,32,2,4012.9,54,3,4012.8,32,2,4012.4,1,1,4014.3,18,1,4014.4,8,1,4015.4,76,3,4015.5,43,2,4015.6,95,4
11483,2026-07-02 11:39:50+05:30,4014.3,1,4043.47,961667,128606.0,161934.0,4100.0,4110.0,4012.0,4092.6,24062500,4501.8,3683.4,4440.0,3288.1,4013.1,73,6,4013.0,32,2,4012.9,54,3,4012.8,32,2,4012.4,1,1,4014.3,18,1,4014.4,8,1,4015.4,76,3,4015.5,43,2,4015.6,95,4
11483,2026-07-02 11:39:51+05:30,4014.3,1,4043.45,962212,128920.0,164941.0,4100.0,4110.0,4012.0,4092.6,24062500,4501.8,3683.4,4440.0,3288.1,4013.1,78,7,4012.9,96,6,4012.8,68,5,4012.7,98,6,4012.6,13,1,4014.3,7,1,4014.4,8,1,4015.3,12,2,4015.4,26,2,4015.6,111,2
11483,2026-07-02 11:39:51+05:30,4014.3,1,4043.45,962212,128920.0,164941.0,4100.0,4110.0,4012.0,4092.6,24062500,4501.8,3683.4,4440.0,3288.1,4013.1,78,7,4012.9,96,6,4012.8,68,5,4012.7,98,6,4012.6,13,1,4014.3,7,1,4014.4,8,1,4015.3,12,2,4015.4,26,2,4015.6,111,2
11483,2026-07-02 11:39:51+05:30,4014.3,1,4043.45,962320,128624.0,164670.0,4100.0,4110.0,4012.0,4092.6,24062500,4501.8,3683.4,4440.0,3288.1,4013.2,12,1,4013.1,32,4,4013.0,28,3,4012.9,40,3,4012.8,6,2,4014.3,24,2,4014.4,8,1,4015.0,6,1,4015.1,34,2,4015.2,37,1
11483,2026-07-02 11:39:52+05:30,4013.2,8,4043.45,962320,128624.0,164670.0,4100.0,4110.0,4012.0,4092.6,24062500,4501.8,3683.4,4440.0,3288.1,4013.2,12,1,4013.1,32,4,4013.0,28,3,4012.9,40,3,4012.8,6,2,4014.3,24,2,4014.4,8,1,4015.0,6,1,4015.1,34,2,4015.2,37,1
11483,2026-07-02 11:39:52+05:30,4013.2,8,4043.44,962445,128999.0,164640.0,4100.0,4110.0,4012.0,4092.6,24062500,4501.8,3683.4,4440.0,3288.1,4013.1,28,2,4012.9,31,3,4012.8,44,3,4012.7,36,3,4012.6,18,2,4014.3,1,1,4015.0,115,3,4015.1,3,1,4015.4,50,1,4015.5,57,2
11483,2026-07-02 11:39:53+05:30,4014.2,2,4043.44,962445,128999.0,164640.0,4100.0,4110.0,4012.0,4092.6,24062500,4501.8,3683.4,4440.0,3288.1,4013.1,28,2,4012.9,31,3,4012.8,44,3,4012.7,36,3,4012.6,18,2,4014.3,1,1,4015.0,115,3,4015.1,3,1,4015.4,50,1,4015.5,57,2
11483,2026-07-02 11:39:53+05:30,4014.2,2,4043.38,964492,127905.0,165275.0,4100.0,4110.0,4012.0,4092.6,24062500,4501.8,3683.4,4440.0,3288.1,4013.0,11,1,4012.5,13,2,4012.0,111,9,4011.9,19,1,4011.8,72,2,4013.1,1,1,4013.8,15,1,4013.9,15,1,4014.0,13,1,4014.1,13,1
11483,2026-07-02 11:39:54+05:30,4012.8,1,4043.38,964492,127905.0,165275.0,4100.0,4110.0,4012.0,4092.6,24062500,4501.8,3683.4,4440.0,3288.1,4013.0,11,1,4012.5,13,2,4012.0,111,9,4011.9,19,1,4011.8,72,2,4013.1,1,1,4013.8,15,1,4013.9,15,1,4014.0,13,1,4014.1,13,1
11483,2026-07-02 11:39:54+05:30,4012.8,1,4043.37,964546,127634.0,165690.0,4100.0,4110.0,4012.0,4092.6,24062500,4501.8,3683.4,4440.0,3288.1,4012.5,1,1,4012.4,12,1,4012.0,86,7,4011.9,14,1,4011.8,72,2,4013.0,25,2,4013.1,1,1,4013.7,5,1,4013.8,30,2,4013.9,15,1
11483,2026-07-02 11:39:55+05:30,4013.0,1,4043.37,964546,127634.0,165690.0,4100.0,4110.0,4012.0,4092.6,24062500,4501.8,3683.4,4440.0,3288.1,4012.5,1,1,4012.4,12,1,4012.0,86,7,4011.9,14,1,4011.8,72,2,4013.0,25,2,4013.1,1,1,4013.7,5,1,4013.8,30,2,4013.9,15,1
11483,2026-07-02 11:39:55+05:30,4013.0,1,4043.37,964556,127569.0,165628.0,4100.0,4110.0,4012.0,4092.6,24062500,4501.8,3683.4,4440.0,3288.1,4012.0,64,6,4011.8,50,1,4011.7,31,5,4011.6,76,6,4011.5,54,6,4013.0,37,3,4013.1,1,1,4013.7,5,1,4013.8,15,1,4013.9,15,1
11483,2026-07-02 11:39:56+05:30,4012.0,6,4043.37,964556,127569.0,165628.0,4100.0,4110.0,4012.0,4092.6,24062500,4501.8,3683.4,4440.0,3288.1,4012.0,64,6,4011.8,50,1,4011.7,31,5,4011.6,76,6,4011.5,54,6,4013.0,37,3,4013.1,1,1,4013.7,5,1,4013.8,15,1,4013.9,15,1
11483,2026-07-02 11:39:56+05:30,4012.0,6,4043.37,964570,127521.0,165695.0,4100.0,4110.0,4012.0,4092.6,24062500,4501.8,3683.4,4440.0,3288.1,4012.0,24,3,4011.8,50,1,4011.7,31,5,4011.6,58,4,4011.5,54,6,4013.0,24,3,4013.1,1,1,4013.7,73,3,4013.8,77,3,4013.9,68,3
11483,2026-07-02 11:39:57+05:30,4012.0,1,4043.37,964583,127565.0,165626.0,4100.0,4110.0,4012.0,4092.6,24062500,4501.8,3683.4,4440.0,3288.1,4012.0,21,3,4011.8,50,1,4011.7,31,5,4011.6,58,4,4011.5,32,5,4013.0,13,2,4013.1,1,1,4013.7,5,1,4013.8,39,2,4013.9,68,3
11483,2026-07-02 11:39:57+05:30,4012.0,2,4043.37,964583,127565.0,165626.0,4100.0,4110.0,4012.0,4092.6,24062500,4501.8,3683.4,4440.0,3288.1,4012.0,21,3,4011.8,50,1,4011.7,31,5,4011.6,58,4,4011.5,32,5,4013.0,13,2,4013.1,1,1,4013.7,5,1,4013.8,39,2,4013.9,68,3
11483,2026-07-02 11:39:58+05:30,4013.0,1,4043.37,964620,127617.0,165647.0,4100.0,4110.0,4012.0,4092.6,24062500,4501.8,3683.4,4440.0,3288.1,4012.0,17,3,4011.8,50,1,4011.7,31,5,4011.6,76,6,4011.5,32,5,4013.0,7,2,4013.1,1,1,4013.7,42,1,4013.8,39,2,4013.9,36,2
11483,2026-07-02 11:39:58+05:30,4012.0,3,4043.37,964620,127617.0,165647.0,4100.0,4110.0,4012.0,4092.6,24062500,4501.8,3683.4,4440.0,3288.1,4012.0,17,3,4011.8,50,1,4011.7,31,5,4011.6,76,6,4011.5,32,5,4013.0,7,2,4013.1,1,1,4013.7,42,1,4013.8,39,2,4013.9,36,2
11483,2026-07-02 11:39:59+05:30,4012.1,5,4043.37,964715,127849.0,165359.0,4100.0,4110.0,4012.0,4092.6,24062500,4501.8,3683.4,4440.0,3288.1,4012.1,12,1,4012.0,185,8,4011.9,14,1,4011.8,52,2,4011.7,47,6,4013.0,27,2,4013.1,1,1,4014.0,13,1,4014.1,39,3,4014.2,44,3
11483,2026-07-02 11:39:59+05:30,4012.1,11,4043.37,964715,127849.0,165359.0,4100.0,4110.0,4012.0,4092.6,24062500,4501.8,3683.4,4440.0,3288.1,4012.1,12,1,4012.0,185,8,4011.9,14,1,4011.8,52,2,4011.7,47,6,4013.0,27,2,4013.1,1,1,4014.0,13,1,4014.1,39,3,4014.2,44,3
11483,2026-07-02 11:40:00+05:30,4012.0,1,4043.37,964730,128090.0,165645.0,4100.0,4110.0,4012.0,4092.6,24062500,4501.8,3683.4,4440.0,3288.1,4012.5,11,3,4012.4,7,1,4012.1,17,1,4012.0,175,8,4011.9,24,2,4013.0,27,2,4013.1,1,1,4014.0,13,1,4014.1,39,3,4014.2,44,3
11483,2026-07-02 11:40:00+05:30,4012.5,1,4043.37,964730,128090.0,165645.0,4100.0,4110.0,4012.0,4092.6,24062500,4501.8,3683.4,4440.0,3288.1,4012.5,11,3,4012.4,7,1,4012.1,17,1,4012.0,175,8,4011.9,24,2,4013.0,27,2,4013.1,1,1,4014.0,13,1,4014.1,39,3,4014.2,44,3
11483,2026-07-02 11:40:01+05:30,4013.0,10,4043.37,964730,128090.0,165645.0,4100.0,4110.0,4012.0,4092.6,24062500,4501.8,3683.4,4440.0,3288.1,4012.5,11,3,4012.4,7,1,4012.1,17,1,4012.0,175,8,4011.9,24,2,4013.0,27,2,4013.1,1,1,4014.0,13,1,4014.1,39,3,4014.2,44,3
11483,2026-07-02 11:40:01+05:30,4013.0,10,4043.36,964865,128109.0,165475.0,4100.0,4110.0,4012.0,4092.6,24062500,4501.8,3683.4,4440.0,3288.1,4012.3,10,1,4012.2,24,3,4012.1,27,1,4012.0,226,13,4011.9,26,2,4013.0,17,2,4013.1,1,1,4014.0,13,1,4014.1,41,3,4014.2,14,2
11483,2026-07-02 11:40:02+05:30,4014.4,2,4043.36,964865,128109.0,165475.0,4100.0,4110.0,4012.0,4092.6,24062500,4501.8,3683.4,4440.0,3288.1,4012.3,10,1,4012.2,24,3,4012.1,27,1,4012.0,226,13,4011.9,26,2,4013.0,17,2,4013.1,1,1,4014.0,13,1,4014.1,41,3,4014.2,14,2
11483,2026-07-02 11:40:02+05:30,4014.4,2,4043.36,965116,129883.0,164697.0,4100.0,4110.0,4012.0,4092.6,24062500,4501.8,3683.4,4440.0,3288.1,4013.3,45,4,4013.2,25,3,4013.1,44,3,4013.0,47,6,4012.9,80,7,4014.4,2,1,4014.5,2,1,4014.7,4,2,4014.8,24,1,4015.1,3,1
11483,2026-07-02 11:40:03+05:30,4013.3,9,4043.36,965146,129925.0,164690.0,4100.0,4110.0,4012.0,4092.6,24062500,4501.8,3683.4,4440.0,3288.1,4013.3,15,2,4013.2,25,3,4013.1,44,3,4013.0,57,7,4012.9,80,7,4014.4,3,2,4014.5,2,1,4014.7,2,1,4014.8,26,2,4015.1,3,1
11483,2026-07-02 11:40:03+05:30,4013.3,9,4043.36,965146,129925.0,164690.0,4100.0,4110.0,4012.0,4092.6,24062500,4501.8,3683.4,4440.0,3288.1,4013.3,15,2,4013.2,25,3,4013.1,44,3,4013.0,57,7,4012.9,80,7,4014.4,3,2,4014.5,2,1,4014.7,2,1,4014.8,26,2,4015.1,3,1
11483,2026-07-02 11:40:04+05:30,4013.3,1,4043.36,965150,130235.0,164717.0,4100.0,4110.0,4012.0,4092.6,24062500,4501.8,3683.4,4440.0,3288.1,4013.4,40,5,4013.3,35,3,4013.2,25,3,4013.1,34,3,4013.0,57,7,4014.4,3,2,4014.5,2,1,4014.7,2,1,4014.8,24,1,4015.1,5,2
11483,2026-07-02 11:40:04+05:30,4013.3,1,4043.36,965150,130235.0,164717.0,4100.0,4110.0,4012.0,4092.6,24062500,4501.8,3683.4,4440.0,3288.1,4013.4,40,5,4013.3,35,3,4013.2,25,3,4013.1,34,3,4013.0,57,7,4014.4,3,2,4014.5,2,1,4014.7,2,1,4014.8,24,1,4015.1,5,2
11483,2026-07-02 11:40:05+05:30,4013.4,4,4043.35,965181,130318.0,164487.0,4100.0,4110.0,4012.0,4092.6,24062500,4501.8,3683.4,4440.0,3288.1,4013.4,8,2,4013.3,16,2,4013.2,25,3,4013.1,34,3,4013.0,52,6,4014.7,18,1,4014.8,1,1,4014.9,22,2,4015.0,17,2,4015.1,6,3
11483,2026-07-02 11:40:05+05:30,4014.4,1,4043.35,965181,130318.0,164487.0,4100.0,4110.0,4012.0,4092.6,24062500,4501.8,3683.4,4440.0,3288.1,4013.4,8,2,4013.3,16,2,4013.2,25,3,4013.1,34,3,4013.0,52,6,4014.7,18,1,4014.8,1,1,4014.9,22,2,4015.0,17,2,4015.1,6,3
11483,2026-07-02 11:40:06+05:30,4014.6,7,4043.35,965193,129864.0,164604.0,4100.0,4110.0,4012.0,4092.6,24062500,4501.8,3683.4,4440.0,3288.1,4013.4,2,1,4013.0,25,3,4012.9,12,1,4012.6,41,3,4012.5,11,2,4014.4,24,1,4014.5,24,1,4014.6,59,3,4014.7,22,3,4014.8,21,2
11483,2026-07-02 11:40:06+05:30,4013.4,2,4043.35,965193,129864.0,164604.0,4100.0,4110.0,4012.0,4092.6,24062500,4501.8,3683.4,4440.0,3288.1,4013.4,2,1,4013.0,25,3,4012.9,12,1,4012.6,41,3,4012.5,11,2,4014.4,24,1,4014.5,24,1,4014.6,59,3,4014.7,22,3,4014.8,21,2
11483,2026-07-02 11:40:07+05:30,4013.2,25,4043.35,965244,130267.0,164519.0,4100.0,4110.0,4012.0,4092.6,24062500,4501.8,3683.4,4440.0,3288.1,4014.0,91,5,4013.6,31,4,4013.5,18,2,4013.4,28,3,4013.3,35,3,4015.1,40,2,4015.2,26,2,4015.5,2,1,4015.6,26,1,4015.7,26,2
11483,2026-07-02 11:40:07+05:30,4014.0,6,4043.35,965244,130267.0,164519.0,4100.0,4110.0,4012.0,4092.6,24062500,4501.8,3683.4,4440.0,3288.1,4014.0,91,5,4013.6,31,4,4013.5,18,2,4013.4,28,3,4013.3,35,3,4015.1,40,2,4015.2,26,2,4015.5,2,1,4015.6,26,1,4015.7,26,2
11483,2026-07-02 11:40:08+05:30,4013.6,4,4043.35,965344,130658.0,164424.0,4100.0,4110.0,4012.0,4092.6,24062500,4501.8,3683.4,4440.0,3288.1,4013.7,31,3,4013.6,20,3,4013.5,45,5,4013.4,19,2,4013.3,35,3,4015.0,6,1,4015.1,4,2,4015.2,24,1,4015.5,4,2,4015.6,26,1
11483,2026-07-02 11:40:08+05:30,4013.7,12,4043.35,965344,130658.0,164424.0,4100.0,4110.0,4012.0,4092.6,24062500,4501.8,3683.4,4440.0,3288.1,4013.7,31,3,4013.6,20,3,4013.5,45,5,4013.4,19,2,4013.3,35,3,4015.0,6,1,4015.1,4,2,4015.2,24,1,4015.5,4,2,4015.6,26,1
11483,2026-07-02 11:40:09+05:30,4015.8,8,4043.34,965619,130794.0,163990.0,4100.0,4110.0,4012.0,4092.6,24062500,4501.8,3683.4,4440.0,3288.1,4013.8,12,1,4013.7,16,2,4013.6,5,1,4013.5,33,4,4013.4,19,2,4015.5,46,3,4015.6,45,2,4015.7,44,2,4015.8,95,7,4015.9,62,2
11483,2026-07-02 11:40:09+05:30,4013.8,12,4043.34,965619,130794.0,163990.0,4100.0,4110.0,4012.0,4092.6,24062500,4501.8,3683.4,4440.0,3288.1,4013.8,12,1,4013.7,16,2,4013.6,5,1,4013.5,33,4,4013.4,19,2,4015.5,46,3,4015.6,45,2,4015.7,44,2,4015.8,95,7,4015.9,62,2
11483,2026-07-02 11:40:10+05:30,4013.4,1,4043.34,965632,130008.0,164894.0,4100.0,4110.0,4012.0,4092.6,24062500,4501.8,3683.4,4440.0,3288.1,4013.3,17,3,4013.1,9,1,4013.0,61,6,4012.9,11,1,4012.7,19,2,4013.8,4,1,4015.0,36,2,4015.1,50,1,4015.2,100,3,4015.3,124,3
11483,2026-07-02 11:40:10+05:30,4013.8,3,4043.34,965632,130008.0,164894.0,4100.0,4110.0,4012.0,4092.6,24062500,4501.8,3683.4,4440.0,3288.1,4013.3,17,3,4013.1,9,1,4013.0,61,6,4012.9,11,1,4012.7,19,2,4013.8,4,1,4015.0,36,2,4015.1,50,1,4015.2,100,3,4015.3,124,3
11483,2026-07-02 11:40:11+05:30,4013.8,3,4043.34,965636,130048.0,164977.0,4100.0,4110.0,4012.0,4092.6,24062500,4501.8,3683.4,4440.0,3288.1,4013.2,27,2,4013.0,48,5,4012.9,11,1,4012.8,12,1,4012.7,19,2,4013.8,1,1,4014.8,4,1,4014.9,80,2,4015.0,59,4,4015.1,50,1
11483,2026-07-02 11:40:11+05:30,4013.2,1,4043.34,965636,130048.0,164977.0,4100.0,4110.0,4012.0,4092.6,24062500,4501.8,3683.4,4440.0,3288.1,4013.2,27,2,4013.0,48,5,4012.9,11,1,4012.8,12,1,4012.7,19,2,4013.8,1,1,4014.8,4,1,4014.9,80,2,4015.0,59,4,4015.1,50,1
11483,2026-07-02 11:40:12+05:30,4013.2,1,4043.34,965637,130089.0,165045.0,4100.0,4110.0,4012.0,4092.6,24062500,4501.8,3683.4,4440.0,3288.1,4013.5,1,1,4013.2,26,2,4013.0,38,4,4012.9,11,1,4012.8,12,1,4013.8,1,1,4014.7,5,1,4014.8,24,2,4014.9,80,2,4015.0,85,5
11483,2026-07-02 11:40:13+05:30,4013.8,1,4043.34,965743,130534.0,164974.0,4100.0,4110.0,4012.0,4092.6,24062500,4501.8,3683.4,4440.0,3288.1,4013.5,1,1,4013.3,2,1,4013.2,26,2,4013.0,39,5,4012.9,12,1,4014.8,23,3,4014.9,75,4,4015.0,81,5,4015.1,69,3,4015.2,103,5
11483,2026-07-02 11:40:13+05:30,4013.8,1,4043.34,965743,130534.0,164974.0,4100.0,4110.0,4012.0,4092.6,24062500,4501.8,3683.4,4440.0,3288.1,4013.5,1,1,4013.3,2,1,4013.2,26,2,4013.0,39,5,4012.9,12,1,4014.8,23,3,4014.9,75,4,4015.0,81,5,4015.1,69,3,4015.2,103,5
11483,2026-07-02 11:40:14+05:30,4014.8,1,4043.34,965761,131406.0,164783.0,4100.0,4110.0,4012.0,4092.6,24062500,4501.8,3683.4,4440.0,3288.1,4013.7,41,4,4013.6,34,3,4013.5,48,4,4013.4,108,8,4013.3,48,4,4014.9,49,1,4015.0,25,1,4015.3,26,1,4015.4,129,2,4015.5,14,2
11483,2026-07-02 11:40:14+05:30,4014.8,1,4043.34,965761,131406.0,164783.0,4100.0,4110.0,4012.0,4092.6,24062500,4501.8,3683.4,4440.0,3288.1,4013.7,41,4,4013.6,34,3,4013.5,48,4,4013.4,108,8,4013.3,48,4,4014.9,49,1,4015.0,25,1,4015.3,26,1,4015.4,129,2,4015.5,14,2
11483,2026-07-02 11:40:15+05:30,4014.9,3,4043.34,965793,132141.0,164646.0,4100.0,4110.0,4012.0,4092.6,24062500,4501.8,3683.4,4440.0,3288.1,4014.4,1,1,4014.0,8,1,4013.9,9,1,4013.8,8,2,4013.7,27,3,4014.9,19,1,4015.0,25,1,4015.3,26,1,4015.4,100,1,4015.5,14,2
11483,2026-07-02 11:40:15+05:30,4014.4,1,4043.34,965793,132141.0,164646.0,4100.0,4110.0,4012.0,4092.6,24062500,4501.8,3683.4,4440.0,3288.1,4014.4,1,1,4014.0,8,1,4013.9,9,1,4013.8,8,2,4013.7,27,3,4014.9,19,1,4015.0,25,1,4015.3,26,1,4015.4,100,1,4015.5,14,2
11483,2026-07-02 11:40:16+05:30,4014.4,1,4043.34,965794,132074.0,164747.0,4100.0,4110.0,4012.0,4092.6,24062500,4501.8,3683.4,4440.0,3288.1,4013.9,9,1,4013.8,8,2,4013.7,21,2,4013.5,20,1,4013.4,60,5,4014.4,1,1,4014.9,19,1,4015.0,25,1,4015.3,26,1,4015.4,100,1
11483,2026-07-02 11:40:17+05:30,4014.4,1,4043.34,965794,132098.0,164747.0,4100.0,4110.0,4012.0,4092.6,24062500,4501.8,3683.4,4440.0,3288.1,4013.9,9,1,4013.8,8,2,4013.7,21,2,4013.5,20,1,4013.4,60,5,4014.4,1,1,4014.9,19,1,4015.0,25,1,4015.3,26,1,4015.4,102,2
11483,2026-07-02 11:40:18+05:30,4014.4,1,4043.34,965794,132063.0,164744.0,4100.0,4110.0,4012.0,4092.6,24062500,4501.8,3683.4,4440.0,3288.1,4013.9,9,1,4013.8,8,2,4013.7,29,3,4013.5,20,1,4013.4,59,5,4014.4,1,1,4014.9,19,1,4015.0,25,1,4015.3,28,2,4015.4,100,1
11483,2026-07-02 11:40:18+05:30,4014.9,7,4043.34,965794,132063.0,164744.0,4100.0,4110.0,4012.0,4092.6,24062500,4501.8,3683.4,4440.0,3288.1,4013.9,9,1,4013.8,8,2,4013.7,29,3,4013.5,20,1,4013.4,59,5,4014.4,1,1,4014.9,19,1,4015.0,25,1,4015.3,28,2,4015.4,100,1
11483,2026-07-02 11:40:19+05:30,4014.9,1,4043.34,965805,132028.0,164705.0,4100.0,4110.0,4012.0,4092.6,24062500,4501.8,3683.4,4440.0,3288.1,4013.9,9,1,4013.8,21,3,4013.7,21,2,4013.5,63,3,4013.4,47,4,4014.9,11,1,4015.0,25,1,4015.3,28,2,4015.4,100,1,4015.5,14,2
11483,2026-07-02 11:40:19+05:30,4013.8,1,4043.34,965805,132028.0,164705.0,4100.0,4110.0,4012.0,4092.6,24062500,4501.8,3683.4,4440.0,3288.1,4013.9,9,1,4013.8,21,3,4013.7,21,2,4013.5,63,3,4013.4,47,4,4014.9,11,1,4015.0,25,1,4015.3,28,2,4015.4,100,1,4015.5,14,2
11483,2026-07-02 11:40:20+05:30,4014.9,10,4043.34,965830,132643.0,164799.0,4100.0,4110.0,4012.0,4092.6,24062500,4501.8,3683.4,4440.0,3288.1,4014.4,1,1,4013.9,9,1,4013.8,12,2,4013.7,10,1,4013.5,37,2,4014.9,2,2,4015.0,26,2,4015.3,2,1,4015.4,100,1,4015.5,12,1
11483,2026-07-02 11:40:20+05:30,4014.4,2,4043.34,965830,132643.0,164799.0,4100.0,4110.0,4012.0,4092.6,24062500,4501.8,3683.4,4440.0,3288.1,4014.4,1,1,4013.9,9,1,4013.8,12,2,4013.7,10,1,4013.5,37,2,4014.9,2,2,4015.0,26,2,4015.3,2,1,4015.4,100,1,4015.5,12,1
11483,2026-07-02 11:40:21+05:30,4014.9,6,4043.33,965883,132203.0,164226.0,4100.0,4110.0,4012.0,4092.6,24062500,4501.8,3683.4,4440.0,3288.1,4014.1,12,1,4014.0,50,1,4013.9,20,1,4013.8,135,4,4013.7,10,1,4014.4,1,1,4014.9,5,2,4015.0,26,2,4015.3,2,1,4015.4,124,2
11483,2026-07-02 11:40:21+05:30,4014.1,6,4043.33,965883,132203.0,164226.0,4100.0,4110.0,4012.0,4092.6,24062500,4501.8,3683.4,4440.0,3288.1,4014.1,12,1,4014.0,50,1,4013.9,20,1,4013.8,135,4,4013.7,10,1,4014.4,1,1,4014.9,5,2,4015.0,26,2,4015.3,2,1,4015.4,124,2
11483,2026-07-02 11:40:22+05:30,4014.9,5,4043.33,965902,132266.0,164089.0,4100.0,4110.0,4012.0,4092.6,24062500,4501.8,3683.4,4440.0,3288.1,4014.1,6,1,4014.0,67,3,4013.9,20,1,4013.8,145,4,4013.7,30,3,4014.9,6,2,4015.0,25,1,4015.4,100,1,4015.6,26,1,4015.8,13,1
11483,2026-07-02 11:40:22+05:30,4014.9,1,4043.33,965902,132266.0,164089.0,4100.0,4110.0,4012.0,4092.6,24062500,4501.8,3683.4,4440.0,3288.1,4014.1,6,1,4014.0,67,3,4013.9,20,1,4013.8,145,4,4013.7,30,3,4014.9,6,2,4015.0,25,1,4015.4,100,1,4015.6,26,1,4015.8,13,1
11483,2026-07-02 11:40:23+05:30,4014.9,1,4043.33,965908,132219.0,164133.0,4100.0,4110.0,4012.0,4092.6,24062500,4501.8,3683.4,4440.0,3288.1,4014.1,3,1,4014.0,55,2,4013.9,20,1,4013.8,123,3,4013.7,18,2,4014.9,4,3,4015.0,25,1,4015.3,17,2,4015.4,162,3,4015.6,26,1
11483,2026-07-02 11:40:23+05:30,4014.9,5,4043.33,965908,132219.0,164133.0,4100.0,4110.0,4012.0,4092.6,24062500,4501.8,3683.4,4440.0,3288.1,4014.1,3,1,4014.0,55,2,4013.9,20,1,4013.8,123,3,4013.7,18,2,4014.9,4,3,4015.0,25,1,4015.3,17,2,4015.4,162,3,4015.6,26,1
11483,2026-07-02 11:40:24+05:30,4014.4,2,4043.33,965925,131844.0,163937.0,4100.0,4110.0,4012.0,4092.6,24062500,4501.8,3683.4,4440.0,3288.1,4014.1,22,3,4014.0,185,4,4013.9,32,3,4013.8,122,2,4013.7,32,3,4014.4,3,1,4014.9,6,3,4015.0,25,1,4015.3,17,2,4015.4,162,3
11483,2026-07-02 11:40:24+05:30,4014.1,2,4043.33,965925,131844.0,163937.0,4100.0,4110.0,4012.0,4092.6,24062500,4501.8,3683.4,4440.0,3288.1,4014.1,22,3,4014.0,185,4,4013.9,32,3,4013.8,122,2,4013.7,32,3,4014.4,3,1,4014.9,6,3,4015.0,25,1,4015.3,17,2,4015.4,162,3
11483,2026-07-02 11:40:25+05:30,4015.3,2,4043.33,966030,132825.0,163693.0,4100.0,4110.0,4012.0,4092.6,24062500,4501.8,3683.4,4440.0,3288.1,4014.4,12,2,4014.1,13,2,4014.0,180,3,4013.9,43,3,4013.8,149,4,4015.3,2,1,4015.4,162,3,4015.8,1,1,4016.0,43,3,4016.1,5,1
11483,2026-07-02 11:40:25+05:30,4014.4,10,4043.33,966030,132825.0,163693.0,4100.0,4110.0,4012.0,4092.6,24062500,4501.8,3683.4,4440.0,3288.1,4014.4,12,2,4014.1,13,2,4014.0,180,3,4013.9,43,3,4013.8,149,4,4015.3,2,1,4015.4,162,3,4015.8,1,1,4016.0,43,3,4016.1,5,1
11483,2026-07-02 11:40:26+05:30,4014.4,7,4043.33,966061,132703.0,164048.0,4100.0,4110.0,4012.0,4092.6,24062500,4501.8,3683.4,4440.0,3288.1,4014.4,3,2,4014.1,1,1,4014.0,180,3,4013.9,20,1,4013.8,174,5,4015.3,2,1,4015.4,62,2,4015.8,1,1,4016.0,45,4,4016.1,5,1
11483,2026-07-02 11:40:26+05:30,4014.1,83,4043.33,966061,132703.0,164048.0,4100.0,4110.0,4012.0,4092.6,24062500,4501.8,3683.4,4440.0,3288.1,4014.4,3,2,4014.1,1,1,4014.0,180,3,4013.9,20,1,4013.8,174,5,4015.3,2,1,4015.4,62,2,4015.8,1,1,4016.0,45,4,4016.1,5,1
11483,2026-07-02 11:40:27+05:30,4014.1,83,4043.33,966165,132554.0,164114.0,4100.0,4110.0,4012.0,4092.6,24062500,4501.8,3683.4,4440.0,3288.1,4014.4,1,1,4014.1,58,3,4014.0,204,5,4013.9,22,2,4013.8,152,4,4015.3,2,1,4015.4,62,2,4015.8,1,1,4015.9,2,1,4016.0,26,1
11483,2026-07-02 11:40:27+05:30,4014.4,1,4043.33,966165,132554.0,164114.0,4100.0,4110.0,4012.0,4092.6,24062500,4501.8,3683.4,4440.0,3288.1,4014.4,1,1,4014.1,58,3,4014.0,204,5,4013.9,22,2,4013.8,152,4,4015.3,2,1,4015.4,62,2,4015.8,1,1,4015.9,2,1,4016.0,26,1
11483,2026-07-02 11:40:28+05:30,4014.4,2,4043.33,966168,132014.0,163965.0,4100.0,4110.0,4012.0,4092.6,24062500,4501.8,3683.4,4440.0,3288.1,4014.1,39,4,4014.0,194,5,4013.9,28,3,4013.8,134,4,4013.7,23,2,4014.4,2,1,4015.3,2,1,4015.4,62,2,4015.8,1,1,4015.9,2,1
11483,2026-07-02 11:40:28+05:30,4015.4,8,4043.33,966168,132014.0,163965.0,4100.0,4110.0,4012.0,4092.6,24062500,4501.8,3683.4,4440.0,3288.1,4014.1,39,4,4014.0,194,5,4013.9,28,3,4013.8,134,4,4013.7,23,2,4014.4,2,1,4015.3,2,1,4015.4,62,2,4015.8,1,1,4015.9,2,1
11483,2026-07-02 11:40:29+05:30,4015.4,15,4043.32,966225,132735.0,163731.0,4100.0,4110.0,4012.0,4092.6,24062500,4501.8,3683.4,4440.0,3288.1,4014.2,11,2,4014.1,14,2,4014.0,224,7,4013.9,52,5,4013.8,334,5,4015.4,26,2,4015.8,1,1,4016.1,5,1,4016.2,2,1,4016.3,36,2
11483,2026-07-02 11:40:29+05:30,4014.1,1,4043.32,966225,132735.0,163731.0,4100.0,4110.0,4012.0,4092.6,24062500,4501.8,3683.4,4440.0,3288.1,4014.2,11,2,4014.1,14,2,4014.0,224,7,4013.9,52,5,4013.8,334,5,4015.4,26,2,4015.8,1,1,4016.1,5,1,4016.2,2,1,4016.3,36,2
11483,2026-07-02 11:40:30+05:30,4014.4,2,4043.32,966243,133275.0,163031.0,4100.0,4110.0,4012.0,4092.6,24062500,4501.8,3683.4,4440.0,3288.1,4014.4,98,1,4014.2,20,1,4014.1,47,4,4014.0,195,6,4013.9,48,4,4015.4,26,2,4015.8,1,1,4016.2,1,1,4016.3,39,2,4016.4,49,3
11483,2026-07-02 11:40:30+05:30,4014.9,1,4043.32,966243,133275.0,163031.0,4100.0,4110.0,4012.0,4092.6,24062500,4501.8,3683.4,4440.0,3288.1,4014.4,98,1,4014.2,20,1,4014.1,47,4,4014.0,195,6,4013.9,48,4,4015.4,26,2,4015.8,1,1,4016.2,1,1,4016.3,39,2,4016.4,49,3
11483,2026-07-02 11:40:31+05:30,4015.4,1,4043.32,966252,133415.0,163222.0,4100.0,4110.0,4012.0,4092.6,24062500,4501.8,3683.4,4440.0,3288.1,4014.9,10,3,4014.4,100,2,4014.2,20,1,4014.1,43,4,4014.0,191,6,4015.4,21,2,4015.8,1,1,4016.3,39,2,4016.4,51,4,4016.5,73,5
11483,2026-07-02 11:40:31+05:30,4014.9,1,4043.32,966252,133415.0,163222.0,4100.0,4110.0,4012.0,4092.6,24062500,4501.8,3683.4,4440.0,3288.1,4014.9,10,3,4014.4,100,2,4014.2,20,1,4014.1,43,4,4014.0,191,6,4015.4,21,2,4015.8,1,1,4016.3,39,2,4016.4,51,4,4016.5,73,5
11483,2026-07-02 11:40:32+05:30,4014.4,21,4043.32,966286,133723.0,162984.0,4100.0,4110.0,4012.0,4092.6,24062500,4501.8,3683.4,4440.0,3288.1,4015.1,1,1,4015.0,10,1,4014.4,95,3,4014.2,41,2,4014.1,23,2,4015.4,21,2,4015.8,1,1,4016.0,19,2,4016.1,2,1,4016.2,26,1
11483,2026-07-02 11:40:32+05:30,4015.1,3,4043.32,966286,133723.0,162984.0,4100.0,4110.0,4012.0,4092.6,24062500,4501.8,3683.4,4440.0,3288.1,4015.1,1,1,4015.0,10,1,4014.4,95,3,4014.2,41,2,4014.1,23,2,4015.4,21,2,4015.8,1,1,4016.0,19,2,4016.1,2,1,4016.2,26,1
11483,2026-07-02 11:40:33+05:30,4015.4,2,4043.32,966294,133826.0,163382.0,4100.0,4110.0,4012.0,4092.6,24062500,4501.8,3683.4,4440.0,3288.1,4015.0,35,2,4014.4,79,2,4014.2,41,2,4014.1,23,2,4014.0,198,6,4015.4,19,2,4015.8,1,1,4016.0,19,2,4016.1,2,1,4016.2,26,1
11483,2026-07-02 11:40:33+05:30,4015.4,6,4043.32,966294,133826.0,163382.0,4100.0,4110.0,4012.0,4092.6,24062500,4501.8,3683.4,4440.0,3288.1,4015.0,35,2,4014.4,79,2,4014.2,41,2,4014.1,23,2,4014.0,198,6,4015.4,19,2,4015.8,1,1,4016.0,19,2,4016.1,2,1,4016.2,26,1
11483,2026-07-02 11:40:34+05:30,4015.4,1,4043.32,966315,134141.0,162948.0,4100.0,4110.0,4012.0,4092.6,24062500,4501.8,3683.4,4440.0,3288.1,4015.1,28,4,4015.0,39,3,4014.9,12,2,4014.7,8,1,4014.6,56,4,4015.4,61,2,4015.8,1,1,4016.0,19,2,4016.5,42,2,4016.8,3,2
11483,2026-07-02 11:40:34+05:30,4015.4,2,4043.32,966315,134141.0,162948.0,4100.0,4110.0,4012.0,4092.6,24062500,4501.8,3683.4,4440.0,3288.1,4015.1,28,4,4015.0,39,3,4014.9,12,2,4014.7,8,1,4014.6,56,4,4015.4,61,2,4015.8,1,1,4016.0,19,2,4016.5,42,2,4016.8,3,2
11483,2026-07-02 11:40:35+05:30,4015.4,2,4043.32,966320,134360.0,162997.0,4100.0,4110.0,4012.0,4092.6,24062500,4501.8,3683.4,4440.0,3288.1,4015.1,29,5,4015.0,113,4,4014.9,12,2,4014.7,8,1,4014.6,31,3,4015.4,60,3,4015.8,1,1,4016.0,19,2,4016.5,42,2,4016.8,3,2
11483,2026-07-02 11:40:36+05:30,4015.8,1,4043.32,966517,135096.0,162499.0,4100.0,4110.0,4012.0,4092.6,24062500,4501.8,3683.4,4440.0,3288.1,4015.6,26,3,4015.5,41,5,4015.4,6,2,4015.3,21,3,4015.2,48,7,4016.5,16,1,4017.0,134,3,4017.3,28,2,4017.6,15,2,4017.7,28,2
11483,2026-07-02 11:40:36+05:30,4015.6,8,4043.32,966517,135096.0,162499.0,4100.0,4110.0,4012.0,4092.6,24062500,4501.8,3683.4,4440.0,3288.1,4015.6,26,3,4015.5,41,5,4015.4,6,2,4015.3,21,3,4015.2,48,7,4016.5,16,1,4017.0,134,3,4017.3,28,2,4017.6,15,2,4017.7,28,2
11483,2026-07-02 11:40:37+05:30,4015.6,8,4043.31,966541,135510.0,162180.0,4100.0,4110.0,4012.0,4092.6,24062500,4501.8,3683.4,4440.0,3288.1,4015.7,76,6,4015.6,22,2,4015.5,27,4,4015.4,25,3,4015.3,21,3,4016.5,17,2,4017.0,134,3,4017.3,28,2,4017.4,1,1,4017.6,15,2
11483,2026-07-02 11:40:37+05:30,4015.7,3,4043.31,966541,135510.0,162180.0,4100.0,4110.0,4012.0,4092.6,24062500,4501.8,3683.4,4440.0,3288.1,4015.7,76,6,4015.6,22,2,4015.5,27,4,4015.4,25,3,4015.3,21,3,4016.5,17,2,4017.0,134,3,4017.3,28,2,4017.4,1,1,4017.6,15,2
11483,2026-07-02 11:40:38+05:30,4015.7,3,4043.31,966544,134972.0,162197.0,4100.0,4110.0,4012.0,4092.6,24062500,4501.8,3683.4,4440.0,3288.1,4015.8,10,1,4015.7,64,5,4015.6,4,1,4015.5,27,4,4015.4,35,4,4016.5,17,2,4017.0,134,3,4017.3,28,2,4017.4,1,1,4017.5,2,1
11483,2026-07-02 11:40:39+05:30,4016.5,1,4043.31,966547,134973.0,162143.0,4100.0,4110.0,4012.0,4092.6,24062500,4501.8,3683.4,4440.0,3288.1,4015.8,41,6,4015.7,40,3,4015.6,4,1,4015.5,42,5,4015.4,15,3,4016.5,14,2,4017.0,134,3,4017.3,28,2,4017.4,1,1,4017.5,2,1
11483,2026-07-02 11:40:39+05:30,4016.5,2,4043.31,966547,134973.0,162143.0,4100.0,4110.0,4012.0,4092.6,24062500,4501.8,3683.4,4440.0,3288.1,4015.8,41,6,4015.7,40,3,4015.6,4,1,4015.5,42,5,4015.4,15,3,4016.5,14,2,4017.0,134,3,4017.3,28,2,4017.4,1,1,4017.5,2,1
11483,2026-07-02 11:40:40+05:30,4015.8,5,4043.31,966590,134958.0,162177.0,4100.0,4110.0,4012.0,4092.6,24062500,4501.8,3683.4,4440.0,3288.1,4015.7,13,1,4015.6,28,2,4015.5,42,5,4015.4,15,3,4015.3,56,5,4016.5,12,2,4017.0,134,3,4017.3,28,2,4017.4,1,1,4017.5,2,1
11483,2026-07-02 11:40:40+05:30,4017.0,14,4043.31,966590,134958.0,162177.0,4100.0,4110.0,4012.0,4092.6,24062500,4501.8,3683.4,4440.0,3288.1,4015.7,13,1,4015.6,28,2,4015.5,42,5,4015.4,15,3,4015.3,56,5,4016.5,12,2,4017.0,134,3,4017.3,28,2,4017.4,1,1,4017.5,2,1
11483,2026-07-02 11:40:40+05:30,4017.0,14,4043.31,966590,134958.0,162177.0,4100.0,4110.0,4012.0,4092.6,24062500,4501.8,3683.4,4440.0,3288.1,4015.7,13,1,4015.6,28,2,4015.5,42,5,4015.4,15,3,4015.3,56,5,4016.5,12,2,4017.0,134,3,4017.3,28,2,4017.4,1,1,4017.5,2,1
11483,2026-07-02 11:40:41+05:30,4017.0,14,4043.31,966590,134958.0,162177.0,4100.0,4110.0,4012.0,4092.6,24062500,4501.8,3683.4,4440.0,3288.1,4015.7,13,1,4015.6,28,2,4015.5,42,5,4015.4,15,3,4015.3,56,5,4016.5,12,2,4017.0,134,3,4017.3,28,2,4017.4,1,1,4017.5,2,1
11483,2026-07-02 11:40:41+05:30,4017.0,14,4043.31,966621,135704.0,161879.0,4100.0,4110.0,4012.0,4092.6,24062500,4501.8,3683.4,4440.0,3288.1,4016.5,4,1,4016.1,18,2,4016.0,114,3,4015.9,30,3,4015.8,47,5,4017.0,120,3,4017.3,2,1,4017.4,1,1,4017.7,26,1,4017.9,2,1
11483,2026-07-02 11:40:41+05:30,4017.0,14,4043.31,966621,135704.0,161879.0,4100.0,4110.0,4012.0,4092.6,24062500,4501.8,3683.4,4440.0,3288.1,4016.5,4,1,4016.1,18,2,4016.0,114,3,4015.9,30,3,4015.8,47,5,4017.0,120,3,4017.3,2,1,4017.4,1,1,4017.7,26,1,4017.9,2,1
11483,2026-07-02 11:40:41+05:30,4016.5,3,4043.31,966621,135704.0,161879.0,4100.0,4110.0,4012.0,4092.6,24062500,4501.8,3683.4,4440.0,3288.1,4016.5,4,1,4016.1,18,2,4016.0,114,3,4015.9,30,3,4015.8,47,5,4017.0,120,3,4017.3,2,1,4017.4,1,1,4017.7,26,1,4017.9,2,1
11483,2026-07-02 11:40:42+05:30,4016.5,3,4043.31,966621,135704.0,161879.0,4100.0,4110.0,4012.0,4092.6,24062500,4501.8,3683.4,4440.0,3288.1,4016.5,4,1,4016.1,18,2,4016.0,114,3,4015.9,30,3,4015.8,47,5,4017.0,120,3,4017.3,2,1,4017.4,1,1,4017.7,26,1,4017.9,2,1
11483,2026-07-02 11:40:42+05:30,4016.5,3,4043.31,966624,135808.0,161900.0,4100.0,4110.0,4012.0,4092.6,24062500,4501.8,3683.4,4440.0,3288.1,4016.7,1,1,4016.5,7,2,4016.3,17,2,4016.2,9,1,4016.1,16,2,4017.0,120,3,4017.3,2,1,4017.4,1,1,4018.0,15,4,4018.1,26,1
11483,2026-07-02 11:40:42+05:30,4016.5,3,4043.31,966624,135808.0,161900.0,4100.0,4110.0,4012.0,4092.6,24062500,4501.8,3683.4,4440.0,3288.1,4016.7,1,1,4016.5,7,2,4016.3,17,2,4016.2,9,1,4016.1,16,2,4017.0,120,3,4017.3,2,1,4017.4,1,1,4018.0,15,4,4018.1,26,1
11483,2026-07-02 11:40:42+05:30,4016.7,1,4043.31,966624,135808.0,161900.0,4100.0,4110.0,4012.0,4092.6,24062500,4501.8,3683.4,4440.0,3288.1,4016.7,1,1,4016.5,7,2,4016.3,17,2,4016.2,9,1,4016.1,16,2,4017.0,120,3,4017.3,2,1,4017.4,1,1,4018.0,15,4,4018.1,26,1
11483,2026-07-02 11:40:43+05:30,4016.7,1,4043.31,966624,135808.0,161900.0,4100.0,4110.0,4012.0,4092.6,24062500,4501.8,3683.4,4440.0,3288.1,4016.7,1,1,4016.5,7,2,4016.3,17,2,4016.2,9,1,4016.1,16,2,4017.0,120,3,4017.3,2,1,4017.4,1,1,4018.0,15,4,4018.1,26,1
11483,2026-07-02 11:40:43+05:30,4016.7,1,4043.31,966625,135814.0,162194.0,4100.0,4110.0,4012.0,4092.6,24062500,4501.8,3683.4,4440.0,3288.1,4016.7,1,1,4016.5,15,3,4016.3,8,1,4016.2,9,1,4016.1,16,2,4017.0,121,4,4017.3,2,1,4017.4,1,1,4018.0,17,5,4018.1,26,1
11483,2026-07-02 11:40:43+05:30,4016.7,1,4043.31,966625,135814.0,162194.0,4100.0,4110.0,4012.0,4092.6,24062500,4501.8,3683.4,4440.0,3288.1,4016.7,1,1,4016.5,15,3,4016.3,8,1,4016.2,9,1,4016.1,16,2,4017.0,121,4,4017.3,2,1,4017.4,1,1,4018.0,17,5,4018.1,26,1
11483,2026-07-02 11:40:44+05:30,4016.7,1,4043.31,966625,135814.0,162194.0,4100.0,4110.0,4012.0,4092.6,24062500,4501.8,3683.4,4440.0,3288.1,4016.7,1,1,4016.5,15,3,4016.3,8,1,4016.2,9,1,4016.1,16,2,4017.0,121,4,4017.3,2,1,4017.4,1,1,4018.0,17,5,4018.1,26,1
11483,2026-07-02 11:40:44+05:30,4016.5,1,4043.31,966629,135620.0,162247.0,4100.0,4110.0,4012.0,4092.6,24062500,4501.8,3683.4,4440.0,3288.1,4016.1,37,3,4016.0,112,2,4015.9,27,2,4015.8,34,4,4015.7,23,3,4016.5,5,1,4017.0,121,4,4017.3,2,1,4017.4,1,1,4017.9,2,1
11483,2026-07-02 11:40:44+05:30,4016.5,1,4043.31,966629,135620.0,162247.0,4100.0,4110.0,4012.0,4092.6,24062500,4501.8,3683.4,4440.0,3288.1,4016.1,37,3,4016.0,112,2,4015.9,27,2,4015.8,34,4,4015.7,23,3,4016.5,5,1,4017.0,121,4,4017.3,2,1,4017.4,1,1,4017.9,2,1
11483,2026-07-02 11:40:44+05:30,4016.5,1,4043.31,966629,135620.0,162247.0,4100.0,4110.0,4012.0,4092.6,24075975,4501.8,3683.4,4440.0,3288.1,4016.1,37,3,4016.0,112,2,4015.9,27,2,4015.8,34,4,4015.7,23,3,4016.5,5,1,4017.0,121,4,4017.3,2,1,4017.4,1,1,4017.9,2,1
11483,2026-07-02 11:40:44+05:30,4016.1,5,4043.31,966629,135620.0,162247.0,4100.0,4110.0,4012.0,4092.6,24075975,4501.8,3683.4,4440.0,3288.1,4016.1,37,3,4016.0,112,2,4015.9,27,2,4015.8,34,4,4015.7,23,3,4016.5,5,1,4017.0,121,4,4017.3,2,1,4017.4,1,1,4017.9,2,1
11483,2026-07-02 11:40:45+05:30,4016.1,5,4043.31,966629,135620.0,162247.0,4100.0,4110.0,4012.0,4092.6,24075975,4501.8,3683.4,4440.0,3288.1,4016.1,37,3,4016.0,112,2,4015.9,27,2,4015.8,34,4,4015.7,23,3,4016.5,5,1,4017.0,121,4,4017.3,2,1,4017.4,1,1,4017.9,2,1
11483,2026-07-02 11:40:45+05:30,4016.1,5,4043.31,966635,135402.0,162772.0,4100.0,4110.0,4012.0,4092.6,24075975,4501.8,3683.4,4440.0,3288.1,4016.0,100,1,4015.8,7,1,4015.6,16,2,4015.5,26,3,4015.4,14,2,4016.5,4,1,4017.0,121,4,4017.2,5,1,4017.3,4,2,4017.4,1,1
11483,2026-07-02 11:40:45+05:30,4016.1,5,4043.31,966635,135402.0,162772.0,4100.0,4110.0,4012.0,4092.6,24075975,4501.8,3683.4,4440.0,3288.1,4016.0,100,1,4015.8,7,1,4015.6,16,2,4015.5,26,3,4015.4,14,2,4016.5,4,1,4017.0,121,4,4017.2,5,1,4017.3,4,2,4017.4,1,1
11483,2026-07-02 11:40:45+05:30,4016.5,2,4043.31,966635,135402.0,162772.0,4100.0,4110.0,4012.0,4092.6,24075975,4501.8,3683.4,4440.0,3288.1,4016.0,100,1,4015.8,7,1,4015.6,16,2,4015.5,26,3,4015.4,14,2,4016.5,4,1,4017.0,121,4,4017.2,5,1,4017.3,4,2,4017.4,1,1
11483,2026-07-02 11:40:45+05:30,4016.5,2,4043.31,966635,135402.0,162772.0,4100.0,4110.0,4012.0,4092.6,24075975,4501.8,3683.4,4440.0,3288.1,4016.0,100,1,4015.8,7,1,4015.6,16,2,4015.5,26,3,4015.4,14,2,4016.5,4,1,4017.0,121,4,4017.2,5,1,4017.3,4,2,4017.4,1,1
11483,2026-07-02 11:40:46+05:30,4016.5,2,4043.31,966635,135402.0,162772.0,4100.0,4110.0,4012.0,4092.6,24075975,4501.8,3683.4,4440.0,3288.1,4016.0,100,1,4015.8,7,1,4015.6,16,2,4015.5,26,3,4015.4,14,2,4016.5,4,1,4017.0,121,4,4017.2,5,1,4017.3,4,2,4017.4,1,1
11483,2026-07-02 11:40:46+05:30,4016.5,2,4043.31,966640,135988.0,162743.0,4100.0,4110.0,4012.0,4092.6,24075975,4501.8,3683.4,4440.0,3288.1,4016.5,15,4,4016.0,99,1,4015.6,12,1,4015.5,22,2,4015.4,27,3,4016.9,100,1,4017.0,121,4,4017.3,4,2,4017.4,1,1,4017.7,6,1
11483,2026-07-02 11:40:46+05:30,4016.5,2,4043.31,966640,135988.0,162743.0,4100.0,4110.0,4012.0,4092.6,24075975,4501.8,3683.4,4440.0,3288.1,4016.5,15,4,4016.0,99,1,4015.6,12,1,4015.5,22,2,4015.4,27,3,4016.9,100,1,4017.0,121,4,4017.3,4,2,4017.4,1,1,4017.7,6,1
11483,2026-07-02 11:40:46+05:30,4016.0,99,4043.31,966640,135988.0,162743.0,4100.0,4110.0,4012.0,4092.6,24075975,4501.8,3683.4,4440.0,3288.1,4016.5,15,4,4016.0,99,1,4015.6,12,1,4015.5,22,2,4015.4,27,3,4016.9,100,1,4017.0,121,4,4017.3,4,2,4017.4,1,1,4017.7,6,1
11483,2026-07-02 11:40:47+05:30,4016.0,99,4043.31,966764,135009.0,163038.0,4100.0,4110.0,4012.0,4092.6,24075975,4501.8,3683.4,4440.0,3288.1,4015.5,44,5,4015.4,14,2,4015.3,7,2,4015.2,32,5,4015.1,40,4,4016.0,31,1,4016.9,117,2,4017.0,121,4,4017.2,2,1,4017.3,2,1
11483,2026-07-02 11:40:47+05:30,4015.5,3,4043.31,966764,135009.0,163038.0,4100.0,4110.0,4012.0,4092.6,24075975,4501.8,3683.4,4440.0,3288.1,4015.5,44,5,4015.4,14,2,4015.3,7,2,4015.2,32,5,4015.1,40,4,4016.0,31,1,4016.9,117,2,4017.0,121,4,4017.2,2,1,4017.3,2,1
11483,2026-07-02 11:40:48+05:30,4015.5,1,4043.31,966780,134989.0,162925.0,4100.0,4110.0,4012.0,4092.6,24075975,4501.8,3683.4,4440.0,3288.1,4015.5,13,2,4015.4,14,2,4015.3,6,1,4015.2,32,5,4015.1,21,3,4016.0,31,1,4016.9,119,3,4017.0,120,3,4017.3,2,1,4017.4,27,2
11483,2026-07-02 11:40:48+05:30,4016.0,11,4043.31,966780,134989.0,162925.0,4100.0,4110.0,4012.0,4092.6,24075975,4501.8,3683.4,4440.0,3288.1,4015.5,13,2,4015.4,14,2,4015.3,6,1,4015.2,32,5,4015.1,21,3,4016.0,31,1,4016.9,119,3,4017.0,120,3,4017.3,2,1,4017.4,27,2
11483,2026-07-02 11:40:49+05:30,4016.0,5,4043.31,966799,134954.0,162794.0,4100.0,4110.0,4012.0,4092.6,24075975,4501.8,3683.4,4440.0,3288.1,4015.4,9,1,4015.2,24,3,4015.1,21,3,4015.0,167,10,4014.9,35,6,4016.0,15,1,4016.9,98,2,4017.0,120,3,4017.1,30,2,4017.3,2,1
11483,2026-07-02 11:40:49+05:30,4015.4,5,4043.31,966799,134954.0,162794.0,4100.0,4110.0,4012.0,4092.6,24075975,4501.8,3683.4,4440.0,3288.1,4015.4,9,1,4015.2,24,3,4015.1,21,3,4015.0,167,10,4014.9,35,6,4016.0,15,1,4016.9,98,2,4017.0,120,3,4017.1,30,2,4017.3,2,1
11483,2026-07-02 11:40:50+05:30,4016.0,1,4043.31,966817,134962.0,162795.0,4100.0,4110.0,4012.0,4092.6,24075975,4501.8,3683.4,4440.0,3288.1,4015.4,2,1,4015.2,24,3,4015.1,21,3,4015.0,168,11,4014.9,28,4,4016.0,4,1,4016.9,98,2,4017.0,120,3,4017.1,30,2,4017.3,2,1
11483,2026-07-02 11:40:50+05:30,4015.4,2,4043.31,966817,134962.0,162795.0,4100.0,4110.0,4012.0,4092.6,24075975,4501.8,3683.4,4440.0,3288.1,4015.4,2,1,4015.2,24,3,4015.1,21,3,4015.0,168,11,4014.9,28,4,4016.0,4,1,4016.9,98,2,4017.0,120,3,4017.1,30,2,4017.3,2,1
11483,2026-07-02 11:40:51+05:30,4016.9,2,4043.31,966825,135143.0,162730.0,4100.0,4110.0,4012.0,4092.6,24075975,4501.8,3683.4,4440.0,3288.1,4015.3,27,2,4015.2,46,5,4015.1,40,4,4015.0,186,12,4014.9,28,4,4016.8,19,1,4016.9,106,3,4017.0,120,3,4017.1,26,1,4017.2,28,1
11483,2026-07-02 11:40:51+05:30,4016.9,6,4043.31,966825,135143.0,162730.0,4100.0,4110.0,4012.0,4092.6,24075975,4501.8,3683.4,4440.0,3288.1,4015.3,27,2,4015.2,46,5,4015.1,40,4,4015.0,186,12,4014.9,28,4,4016.8,19,1,4016.9,106,3,4017.0,120,3,4017.1,26,1,4017.2,28,1
11483,2026-07-02 11:40:52+05:30,4016.9,74,4043.3,966925,135551.0,162502.0,4100.0,4110.0,4012.0,4092.6,24075975,4501.8,3683.4,4440.0,3288.1,4016.0,10,1,4015.6,6,2,4015.5,36,3,4015.4,38,6,4015.3,26,2,4016.9,14,1,4017.0,120,3,4017.3,2,1,4017.4,29,3,4017.5,28,1
11483,2026-07-02 11:40:52+05:30,4016.0,10,4043.3,966925,135551.0,162502.0,4100.0,4110.0,4012.0,4092.6,24075975,4501.8,3683.4,4440.0,3288.1,4016.0,10,1,4015.6,6,2,4015.5,36,3,4015.4,38,6,4015.3,26,2,4016.9,14,1,4017.0,120,3,4017.3,2,1,4017.4,29,3,4017.5,28,1
11483,2026-07-02 11:40:53+05:30,4016.0,10,4043.3,966935,134997.0,162726.0,4100.0,4110.0,4012.0,4092.6,24075975,4501.8,3683.4,4440.0,3288.1,4015.6,20,4,4015.5,6,2,4015.4,14,3,4015.3,42,4,4015.2,31,4,4016.0,3,2,4016.9,14,1,4017.0,120,3,4017.3,4,2,4017.4,27,2
11483,2026-07-02 11:40:53+05:30,4016.9,6,4043.3,966935,134997.0,162726.0,4100.0,4110.0,4012.0,4092.6,24075975,4501.8,3683.4,4440.0,3288.1,4015.6,20,4,4015.5,6,2,4015.4,14,3,4015.3,42,4,4015.2,31,4,4016.0,3,2,4016.9,14,1,4017.0,120,3,4017.3,4,2,4017.4,27,2
11483,2026-07-02 11:40:54+05:30,4016.9,1,4043.3,966947,135571.0,162529.0,4100.0,4110.0,4012.0,4092.6,24075975,4501.8,3683.4,4440.0,3288.1,4016.0,50,1,4015.7,15,2,4015.6,12,3,4015.5,6,2,4015.4,39,5,4016.9,7,1,4017.0,120,3,4017.3,2,1,4017.4,27,2,4017.5,33,2
11483,2026-07-02 11:40:54+05:30,4016.0,5,4043.3,966947,135571.0,162529.0,4100.0,4110.0,4012.0,4092.6,24075975,4501.8,3683.4,4440.0,3288.1,4016.0,50,1,4015.7,15,2,4015.6,12,3,4015.5,6,2,4015.4,39,5,4016.9,7,1,4017.0,120,3,4017.3,2,1,4017.4,27,2,4017.5,33,2
11483,2026-07-02 11:40:55+05:30,4016.0,5,4043.3,966955,135600.0,162711.0,4100.0,4110.0,4012.0,4092.6,24075975,4501.8,3683.4,4440.0,3288.1,4016.0,43,1,4015.7,10,1,4015.6,12,3,4015.5,6,2,4015.4,14,3,4016.9,6,1,4017.0,120,3,4017.2,4,1,4017.3,2,1,4017.4,27,2
11483,2026-07-02 11:40:55+05:30,4016.9,1,4043.3,966955,135600.0,162711.0,4100.0,4110.0,4012.0,4092.6,24075975,4501.8,3683.4,4440.0,3288.1,4016.0,43,1,4015.7,10,1,4015.6,12,3,4015.5,6,2,4015.4,14,3,4016.9,6,1,4017.0,120,3,4017.2,4,1,4017.3,2,1,4017.4,27,2
11483,2026-07-02 11:40:56+05:30,4016.9,1,4043.3,966957,135611.0,162730.0,4100.0,4110.0,4012.0,4092.6,24075975,4501.8,3683.4,4440.0,3288.1,4016.0,56,3,4015.6,12,3,4015.5,6,2,4015.4,14,3,4015.3,57,6,4016.9,5,1,4017.0,120,3,4017.3,2,1,4017.4,27,2,4017.5,33,2
11483,2026-07-02 11:40:56+05:30,4016.9,1,4043.3,966957,135611.0,162730.0,4100.0,4110.0,4012.0,4092.6,24075975,4501.8,3683.4,4440.0,3288.1,4016.0,56,3,4015.6,12,3,4015.5,6,2,4015.4,14,3,4015.3,57,6,4016.9,5,1,4017.0,120,3,4017.3,2,1,4017.4,27,2,4017.5,33,2
11483,2026-07-02 11:40:57+05:30,4016.9,2,4043.3,966971,135887.0,160111.0,4100.0,4110.0,4012.0,4092.6,24075975,4501.8,3683.4,4440.0,3288.1,4016.7,25,1,4016.5,4,1,4016.0,56,3,4015.6,11,2,4015.5,6,2,4016.9,71,1,4017.0,115,3,4017.3,2,1,4017.4,1,1,4017.7,6,1
11483,2026-07-02 11:40:57+05:30,4017.0,79,4043.3,966971,135887.0,160111.0,4100.0,4110.0,4012.0,4092.6,24075975,4501.8,3683.4,4440.0,3288.1,4016.7,25,1,4016.5,4,1,4016.0,56,3,4015.6,11,2,4015.5,6,2,4016.9,71,1,4017.0,115,3,4017.3,2,1,4017.4,1,1,4017.7,6,1
11483,2026-07-02 11:40:58+05:30,4017.0,79,4043.3,967122,136064.0,159907.0,4100.0,4110.0,4012.0,4092.6,24075975,4501.8,3683.4,4440.0,3288.1,4016.7,24,1,4016.5,4,1,4016.0,56,3,4015.6,11,2,4015.5,6,2,4017.0,36,3,4017.3,2,1,4017.4,1,1,4017.8,45,2,4017.9,20,2
11483,2026-07-02 11:40:58+05:30,4017.0,10,4043.3,967122,136064.0,159907.0,4100.0,4110.0,4012.0,4092.6,24075975,4501.8,3683.4,4440.0,3288.1,4016.7,24,1,4016.5,4,1,4016.0,56,3,4015.6,11,2,4015.5,6,2,4017.0,36,3,4017.3,2,1,4017.4,1,1,4017.8,45,2,4017.9,20,2
11483,2026-07-02 11:40:59+05:30,4017.4,1,4043.3,967197,135736.0,158823.0,4100.0,4110.0,4012.0,4092.6,24075975,4501.8,3683.4,4440.0,3288.1,4017.2,18,2,4017.1,5,1,4017.0,52,4,4016.9,25,3,4016.8,30,4,4017.4,1,1,4018.0,28,4,4018.2,1,1,4018.3,1,1,4018.8,13,1
11483,2026-07-02 11:40:59+05:30,4017.0,5,4043.3,967197,135736.0,158823.0,4100.0,4110.0,4012.0,4092.6,24075975,4501.8,3683.4,4440.0,3288.1,4017.2,18,2,4017.1,5,1,4017.0,52,4,4016.9,25,3,4016.8,30,4,4017.4,1,1,4018.0,28,4,4018.2,1,1,4018.3,1,1,4018.8,13,1
11483,2026-07-02 11:41:00+05:30,4017.0,1,4043.3,967213,135485.0,158898.0,4100.0,4110.0,4012.0,4092.6,24075975,4501.8,3683.4,4440.0,3288.1,4016.7,36,3,4016.5,4,1,4016.3,3,1,4016.2,15,2,4016.1,2,1,4017.4,1,1,4018.0,40,4,4018.1,22,2,4018.2,1,1,4018.3,32,3
11483,2026-07-02 11:41:00+05:30,4017.2,1,4043.3,967213,135485.0,158898.0,4100.0,4110.0,4012.0,4092.6,24075975,4501.8,3683.4,4440.0,3288.1,4016.7,36,3,4016.5,4,1,4016.3,3,1,4016.2,15,2,4016.1,2,1,4017.4,1,1,4018.0,40,4,4018.1,22,2,4018.2,1,1,4018.3,32,3
11483,2026-07-02 11:41:01+05:30,4017.2,1,4043.3,967218,135100.0,159354.0,4100.0,4110.0,4012.0,4092.6,24075975,4501.8,3683.4,4440.0,3288.1,4017.2,2,2,4016.9,9,1,4016.7,34,2,4016.5,4,1,4016.2,13,1,4017.9,14,3,4018.0,40,5,4018.2,20,3,4018.3,22,4,4018.4,29,2
11483,2026-07-02 11:41:01+05:30,4017.2,2,4043.3,967218,135100.0,159354.0,4100.0,4110.0,4012.0,4092.6,24075975,4501.8,3683.4,4440.0,3288.1,4017.2,2,2,4016.9,9,1,4016.7,34,2,4016.5,4,1,4016.2,13,1,4017.9,14,3,4018.0,40,5,4018.2,20,3,4018.3,22,4,4018.4,29,2
11483,2026-07-02 11:41:02+05:30,4017.2,2,4043.3,967221,135224.0,159375.0,4100.0,4110.0,4012.0,4092.6,24075975,4501.8,3683.4,4440.0,3288.1,4017.5,1,1,4017.2,1,1,4016.9,9,1,4016.7,34,2,4016.5,4,1,4017.9,12,2,4018.0,40,5,4018.1,6,1,4018.2,20,3,4018.3,4,3
11483,2026-07-02 11:41:02+05:30,4016.9,5,4043.3,967221,135224.0,159375.0,4100.0,4110.0,4012.0,4092.6,24075975,4501.8,3683.4,4440.0,3288.1,4017.5,1,1,4017.2,1,1,4016.9,9,1,4016.7,34,2,4016.5,4,1,4017.9,12,2,4018.0,40,5,4018.1,6,1,4018.2,20,3,4018.3,4,3
11483,2026-07-02 11:41:03+05:30,4016.9,5,4043.3,967229,135371.0,159484.0,4100.0,4110.0,4012.0,4092.6,24075975,4501.8,3683.4,4440.0,3288.1,4016.9,4,1,4016.7,34,2,4016.5,4,1,4016.3,16,1,4016.2,99,2,4017.9,13,3,4018.0,93,6,4018.1,6,1,4018.2,20,3,4018.3,19,3
11483,2026-07-02 11:41:03+05:30,4016.9,1,4043.3,967229,135371.0,159484.0,4100.0,4110.0,4012.0,4092.6,24075975,4501.8,3683.4,4440.0,3288.1,4016.9,4,1,4016.7,34,2,4016.5,4,1,4016.3,16,1,4016.2,99,2,4017.9,13,3,4018.0,93,6,4018.1,6,1,4018.2,20,3,4018.3,19,3
11483,2026-07-02 11:41:04+05:30,4017.8,5,4043.3,967240,135443.0,159548.0,4100.0,4110.0,4012.0,4092.6,24075975,4501.8,3683.4,4440.0,3288.1,4017.0,2,1,4016.9,3,1,4016.7,34,2,4016.5,4,1,4016.2,86,1,4017.8,32,3,4017.9,42,6,4018.0,171,7,4018.1,4,1,4018.2,39,4
11483,2026-07-02 11:41:04+05:30,4017.0,1,4043.3,967240,135443.0,159548.0,4100.0,4110.0,4012.0,4092.6,24075975,4501.8,3683.4,4440.0,3288.1,4017.0,2,1,4016.9,3,1,4016.7,34,2,4016.5,4,1,4016.2,86,1,4017.8,32,3,4017.9,42,6,4018.0,171,7,4018.1,4,1,4018.2,39,4
11483,2026-07-02 11:41:05+05:30,4017.0,12,4043.29,967263,135412.0,159545.0,4100.0,4110.0,4012.0,4092.6,24075975,4501.8,3683.4,4440.0,3288.1,4016.9,3,1,4016.7,34,2,4016.5,4,1,4016.2,86,1,4016.0,97,7,4017.0,8,1,4017.7,41,6,4017.8,29,2,4017.9,11,2,4018.0,131,7
11483,2026-07-02 11:41:05+05:30,4017.7,2,4043.29,967263,135412.0,159545.0,4100.0,4110.0,4012.0,4092.6,24075975,4501.8,3683.4,4440.0,3288.1,4016.9,3,1,4016.7,34,2,4016.5,4,1,4016.2,86,1,4016.0,97,7,4017.0,8,1,4017.7,41,6,4017.8,29,2,4017.9,11,2,4018.0,131,7
11483,2026-07-02 11:41:06+05:30,4017.7,6,4043.29,967283,135360.0,159412.0,4100.0,4110.0,4012.0,4092.6,24075975,4501.8,3683.4,4440.0,3288.1,4017.0,34,1,4016.7,24,1,4016.5,4,1,4016.2,86,1,4016.0,41,7,4017.7,27,3,4017.8,2,1,4017.9,11,2,4018.0,131,7,4018.1,4,1
11483,2026-07-02 11:41:06+05:30,4017.0,2,4043.29,967283,135360.0,159412.0,4100.0,4110.0,4012.0,4092.6,24075975,4501.8,3683.4,4440.0,3288.1,4017.0,34,1,4016.7,24,1,4016.5,4,1,4016.2,86,1,4016.0,41,7,4017.7,27,3,4017.8,2,1,4017.9,11,2,4018.0,131,7,4018.1,4,1
11483,2026-07-02 11:41:07+05:30,4017.0,2,4043.29,967285,135518.0,159439.0,4100.0,4110.0,4012.0,4092.6,24075975,4501.8,3683.4,4440.0,3288.1,4017.0,32,1,4016.7,24,1,4016.5,4,1,4016.2,86,1,4016.0,41,7,4017.7,11,1,4017.8,2,1,4017.9,11,2,4018.0,131,7,4018.2,27,3
11483,2026-07-02 11:41:07+05:30,4018.0,10,4043.29,967285,135518.0,159439.0,4100.0,4110.0,4012.0,4092.6,24075975,4501.8,3683.4,4440.0,3288.1,4017.0,32,1,4016.7,24,1,4016.5,4,1,4016.2,86,1,4016.0,41,7,4017.7,11,1,4017.8,2,1,4017.9,11,2,4018.0,131,7,4018.2,27,3
11483,2026-07-02 11:41:08+05:30,4017.4,9,4043.29,967378,135667.0,159369.0,4100.0,4110.0,4012.0,4092.6,24075975,4501.8,3683.4,4440.0,3288.1,4017.4,4,1,4017.0,32,1,4016.7,24,1,4016.5,4,1,4016.4,18,1,4018.0,77,3,4018.1,12,1,4018.2,19,2,4018.3,39,5,4018.4,58,3
11483,2026-07-02 11:41:08+05:30,4017.4,11,4043.29,967378,135667.0,159369.0,4100.0,4110.0,4012.0,4092.6,24075975,4501.8,3683.4,4440.0,3288.1,4017.4,4,1,4017.0,32,1,4016.7,24,1,4016.5,4,1,4016.4,18,1,4018.0,77,3,4018.1,12,1,4018.2,19,2,4018.3,39,5,4018.4,58,3
11483,2026-07-02 11:41:09+05:30,4018.0,1,4043.29,967390,135735.0,159370.0,4100.0,4110.0,4012.0,4092.6,24075975,4501.8,3683.4,4440.0,3288.1,4017.4,20,1,4017.0,57,2,4016.7,24,1,4016.5,4,1,4016.4,18,1,4018.0,76,3,4018.2,19,2,4018.3,37,4,4018.4,58,3,4018.5,14,2
11483,2026-07-02 11:41:09+05:30,4017.4,5,4043.29,967390,135735.0,159370.0,4100.0,4110.0,4012.0,4092.6,24075975,4501.8,3683.4,4440.0,3288.1,4017.4,20,1,4017.0,57,2,4016.7,24,1,4016.5,4,1,4016.4,18,1,4018.0,76,3,4018.2,19,2,4018.3,37,4,4018.4,58,3,4018.5,14,2
11483,2026-07-02 11:41:10+05:30,4017.4,5,4043.29,967400,135766.0,159445.0,4100.0,4110.0,4012.0,4092.6,24075975,4501.8,3683.4,4440.0,3288.1,4017.4,10,1,4017.0,57,2,4016.7,24,1,4016.5,4,1,4016.4,18,1,4017.9,31,4,4018.0,101,5,4018.1,56,1,4018.2,19,2,4018.3,28,4
11483,2026-07-02 11:41:10+05:30,4018.0,56,4043.29,967400,135766.0,159445.0,4100.0,4110.0,4012.0,4092.6,24075975,4501.8,3683.4,4440.0,3288.1,4017.4,10,1,4017.0,57,2,4016.7,24,1,4016.5,4,1,4016.4,18,1,4017.9,31,4,4018.0,101,5,4018.1,56,1,4018.2,19,2,4018.3,28,4
11483,2026-07-02 11:41:11+05:30,4018.0,1,4043.29,967489,135811.0,159415.0,4100.0,4110.0,4012.0,4092.6,24075975,4501.8,3683.4,4440.0,3288.1,4017.4,9,1,4017.0,57,2,4016.7,24,1,4016.5,4,1,4016.4,18,1,4018.0,32,4,4018.1,56,1,4018.2,19,2,4018.3,26,3,4018.4,40,3
11483,2026-07-02 11:41:11+05:30,4018.0,4,4043.29,967489,135811.0,159415.0,4100.0,4110.0,4012.0,4092.6,24075975,4501.8,3683.4,4440.0,3288.1,4017.4,9,1,4017.0,57,2,4016.7,24,1,4016.5,4,1,4016.4,18,1,4018.0,32,4,4018.1,56,1,4018.2,19,2,4018.3,26,3,4018.4,40,3
11483,2026-07-02 11:41:12+05:30,4018.0,4,4043.29,967524,135911.0,159326.0,4100.0,4110.0,4012.0,4092.6,24075975,4501.8,3683.4,4440.0,3288.1,4017.7,1,1,4017.4,20,1,4017.0,58,3,4016.7,24,1,4016.5,22,2,4018.0,39,5,4018.1,66,2,4018.2,19,2,4018.3,26,3,4018.4,40,3
11483,2026-07-02 11:41:12+05:30,4017.7,4,4043.29,967524,135911.0,159326.0,4100.0,4110.0,4012.0,4092.6,24075975,4501.8,3683.4,4440.0,3288.1,4017.7,1,1,4017.4,20,1,4017.0,58,3,4016.7,24,1,4016.5,22,2,4018.0,39,5,4018.1,66,2,4018.2,19,2,4018.3,26,3,4018.4,40,3
11483,2026-07-02 11:41:13+05:30,4017.9,10,4043.29,967538,136661.0,159498.0,4100.0,4110.0,4012.0,4092.6,24075975,4501.8,3683.4,4440.0,3288.1,4017.7,200,1,4017.4,20,1,4017.0,109,5,4016.7,24,1,4016.5,22,2,4017.9,166,2,4018.0,5,1,4018.1,56,1,4018.2,34,3,4018.3,25,2
11483,2026-07-02 11:41:13+05:30,4017.9,2,4043.29,967538,136661.0,159498.0,4100.0,4110.0,4012.0,4092.6,24075975,4501.8,3683.4,4440.0,3288.1,4017.7,200,1,4017.4,20,1,4017.0,109,5,4016.7,24,1,4016.5,22,2,4017.9,166,2,4018.0,5,1,4018.1,56,1,4018.2,34,3,4018.3,25,2
11483,2026-07-02 11:41:14+05:30,4017.7,4,4043.28,967646,136803.0,159459.0,4100.0,4110.0,4012.0,4092.6,24075975,4501.8,3683.4,4440.0,3288.1,4017.7,194,1,4017.4,20,1,4017.2,10,1,4017.0,109,5,4016.7,24,1,4017.9,64,2,4018.0,5,1,4018.1,56,1,4018.2,16,2,4018.3,25,2
11483,2026-07-02 11:41:14+05:30,4017.7,1,4043.28,967646,136803.0,159459.0,4100.0,4110.0,4012.0,4092.6,24075975,4501.8,3683.4,4440.0,3288.1,4017.7,194,1,4017.4,20,1,4017.2,10,1,4017.0,109,5,4016.7,24,1,4017.9,64,2,4018.0,5,1,4018.1,56,1,4018.2,16,2,4018.3,25,2
11483,2026-07-02 11:41:15+05:30,4017.9,9,4043.28,967670,136870.0,159535.0,4100.0,4110.0,4012.0,4092.6,24075975,4501.8,3683.4,4440.0,3288.1,4017.7,180,1,4017.4,20,1,4017.2,10,1,4017.0,109,5,4016.7,24,1,4017.9,54,1,4018.0,5,1,4018.1,56,1,4018.2,16,2,4018.3,25,2
11483,2026-07-02 11:41:15+05:30,4017.9,3,4043.28,967670,136870.0,159535.0,4100.0,4110.0,4012.0,4092.6,24075975,4501.8,3683.4,4440.0,3288.1,4017.7,180,1,4017.4,20,1,4017.2,10,1,4017.0,109,5,4016.7,24,1,4017.9,54,1,4018.0,5,1,4018.1,56,1,4018.2,16,2,4018.3,25,2
11483,2026-07-02 11:41:16+05:30,4017.9,2,4043.28,967788,136886.0,159524.0,4100.0,4110.0,4012.0,4092.6,24075975,4501.8,3683.4,4440.0,3288.1,4017.7,175,1,4017.4,20,1,4017.2,10,1,4017.0,109,5,4016.7,44,2,4017.9,162,1,4018.0,19,2,4018.1,32,3,4018.2,16,2,4018.3,25,2
11483,2026-07-02 11:41:16+05:30,4017.7,14,4043.28,967788,136886.0,159524.0,4100.0,4110.0,4012.0,4092.6,24075975,4501.8,3683.4,4440.0,3288.1,4017.7,175,1,4017.4,20,1,4017.2,10,1,4017.0,109,5,4016.7,44,2,4017.9,162,1,4018.0,19,2,4018.1,32,3,4018.2,16,2,4018.3,25,2
11483,2026-07-02 11:41:17+05:30,4017.7,14,4043.28,967802,136779.0,159336.0,4100.0,4110.0,4012.0,4092.6,24075975,4501.8,3683.4,4440.0,3288.1,4017.8,13,1,4017.7,161,1,4017.4,20,1,4017.2,10,1,4017.0,111,6,4018.0,19,2,4018.1,15,1,4018.2,16,2,4018.3,36,3,4018.4,31,2
11483,2026-07-02 11:41:17+05:30,4017.8,2,4043.28,967802,136779.0,159336.0,4100.0,4110.0,4012.0,4092.6,24075975,4501.8,3683.4,4440.0,3288.1,4017.8,13,1,4017.7,161,1,4017.4,20,1,4017.2,10,1,4017.0,111,6,4018.0,19,2,4018.1,15,1,4018.2,16,2,4018.3,36,3,4018.4,31,2
11483,2026-07-02 11:41:18+05:30,4017.8,3,4043.28,967807,136592.0,159321.0,4100.0,4110.0,4012.0,4092.6,24075975,4501.8,3683.4,4440.0,3288.1,4017.8,8,1,4017.7,161,1,4017.4,20,1,4017.2,10,1,4017.0,111,6,4018.0,19,2,4018.1,15,1,4018.2,16,2,4018.3,25,2,4018.4,31,2
11483,2026-07-02 11:41:18+05:30,4017.8,3,4043.28,967807,136592.0,159321.0,4100.0,4110.0,4012.0,4092.6,24075975,4501.8,3683.4,4440.0,3288.1,4017.8,8,1,4017.7,161,1,4017.4,20,1,4017.2,10,1,4017.0,111,6,4018.0,19,2,4018.1,15,1,4018.2,16,2,4018.3,25,2,4018.4,31,2
11483,2026-07-02 11:41:19+05:30,4017.9,10,4043.28,967900,136629.0,159399.0,4100.0,4110.0,4012.0,4092.6,24075975,4501.8,3683.4,4440.0,3288.1,4017.8,30,1,4017.7,162,2,4017.4,20,1,4017.2,10,1,4017.0,135,7,4017.9,90,1,4018.0,11,2,4018.1,15,1,4018.2,16,2,4018.3,1,1
11483,2026-07-02 11:41:19+05:30,4017.8,18,4043.28,967900,136629.0,159399.0,4100.0,4110.0,4012.0,4092.6,24075975,4501.8,3683.4,4440.0,3288.1,4017.8,30,1,4017.7,162,2,4017.4,20,1,4017.2,10,1,4017.0,135,7,4017.9,90,1,4018.0,11,2,4018.1,15,1,4018.2,16,2,4018.3,1,1
11483,2026-07-02 11:41:20+05:30,4017.7,10,4043.27,968040,136486.0,158867.0,4100.0,4110.0,4012.0,4092.6,24075975,4501.8,3683.4,4440.0,3288.1,4017.7,152,2,4017.4,20,1,4017.2,10,1,4017.0,111,6,4016.7,52,3,4018.0,1,1,4018.1,15,1,4018.2,16,2,4018.3,1,1,4018.4,21,1
11483,2026-07-02 11:41:20+05:30,4017.7,16,4043.27,968040,136486.0,158867.0,4100.0,4110.0,4012.0,4092.6,24075975,4501.8,3683.4,4440.0,3288.1,4017.7,152,2,4017.4,20,1,4017.2,10,1,4017.0,111,6,4016.7,52,3,4018.0,1,1,4018.1,15,1,4018.2,16,2,4018.3,1,1,4018.4,21,1
11483,2026-07-02 11:41:21+05:30,4018.1,4,4043.27,968061,136585.0,158795.0,4100.0,4110.0,4012.0,4092.6,24075975,4501.8,3683.4,4440.0,3288.1,4017.7,136,2,4017.4,20,1,4017.2,10,1,4017.0,111,6,4016.7,52,3,4018.1,11,1,4018.2,16,2,4018.3,1,1,4018.4,31,2,4018.8,25,1
11483,2026-07-02 11:41:21+05:30,4017.7,3,4043.27,968061,136585.0,158795.0,4100.0,4110.0,4012.0,4092.6,24075975,4501.8,3683.4,4440.0,3288.1,4017.7,136,2,4017.4,20,1,4017.2,10,1,4017.0,111,6,4016.7,52,3,4018.1,11,1,4018.2,16,2,4018.3,1,1,4018.4,31,2,4018.8,25,1
11483,2026-07-02 11:41:22+05:30,4018.1,2,4043.27,968066,136693.0,158754.0,4100.0,4110.0,4012.0,4092.6,24075975,4501.8,3683.4,4440.0,3288.1,4017.9,1,1,4017.7,133,2,4017.4,20,1,4017.2,10,1,4017.0,115,7,4018.1,9,1,4018.2,16,2,4018.3,1,1,4018.4,31,2,4018.8,25,1
11483,2026-07-02 11:41:22+05:30,4017.9,1,4043.27,968066,136693.0,158754.0,4100.0,4110.0,4012.0,4092.6,24075975,4501.8,3683.4,4440.0,3288.1,4017.9,1,1,4017.7,133,2,4017.4,20,1,4017.2,10,1,4017.0,115,7,4018.1,9,1,4018.2,16,2,4018.3,1,1,4018.4,31,2,4018.8,25,1
11483,2026-07-02 11:41:23+05:30,4018.0,5,4043.27,968066,136693.0,158754.0,4100.0,4110.0,4012.0,4092.6,24075975,4501.8,3683.4,4440.0,3288.1,4017.9,1,1,4017.7,133,2,4017.4,20,1,4017.2,10,1,4017.0,115,7,4018.1,9,1,4018.2,16,2,4018.3,1,1,4018.4,31,2,4018.8,25,1
11483,2026-07-02 11:41:24+05:30,4018.1,2,4043.27,968074,136902.0,158796.0,4100.0,4110.0,4012.0,4092.6,24075975,4501.8,3683.4,4440.0,3288.1,4017.9,1,1,4017.7,133,2,4017.4,20,1,4017.2,10,1,4017.0,115,7,4018.1,9,3,4018.2,16,2,4018.3,1,1,4018.4,31,2,4018.8,44,2
11483,2026-07-02 11:41:24+05:30,4018.1,2,4043.27,968074,136902.0,158796.0,4100.0,4110.0,4012.0,4092.6,24075975,4501.8,3683.4,4440.0,3288.1,4017.9,1,1,4017.7,133,2,4017.4,20,1,4017.2,10,1,4017.0,115,7,4018.1,9,3,4018.2,16,2,4018.3,1,1,4018.4,31,2,4018.8,44,2
11483,2026-07-02 11:41:25+05:30,4018.1,2,4043.27,968074,136898.0,158765.0,4100.0,4110.0,4012.0,4092.6,24075975,4501.8,3683.4,4440.0,3288.1,4018.0,32,1,4017.9,1,1,4017.7,133,2,4017.4,20,1,4017.2,10,1,4018.1,9,3,4018.2,16,2,4018.3,1,1,4018.4,31,2,4018.8,25,1
11483,2026-07-02 11:41:25+05:30,4019.1,2,4043.27,968074,136898.0,158765.0,4100.0,4110.0,4012.0,4092.6,24075975,4501.8,3683.4,4440.0,3288.1,4018.0,32,1,4017.9,1,1,4017.7,133,2,4017.4,20,1,4017.2,10,1,4018.1,9,3,4018.2,16,2,4018.3,1,1,4018.4,31,2,4018.8,25,1
11483,2026-07-02 11:41:26+05:30,4019.1,2,4043.27,968239,137658.0,158842.0,4100.0,4110.0,4012.0,4092.6,24075975,4501.8,3683.4,4440.0,3288.1,4018.1,1,1,4018.0,32,1,4017.9,1,1,4017.7,170,3,4017.2,33,2,4019.1,12,2,4019.2,16,1,4019.4,38,2,4019.5,49,2,4019.6,20,2
11483,2026-07-02 11:41:26+05:30,4018.1,7,4043.27,968239,137658.0,158842.0,4100.0,4110.0,4012.0,4092.6,24075975,4501.8,3683.4,4440.0,3288.1,4018.1,1,1,4018.0,32,1,4017.9,1,1,4017.7,170,3,4017.2,33,2,4019.1,12,2,4019.2,16,1,4019.4,38,2,4019.5,49,2,4019.6,20,2
11483,2026-07-02 11:41:27+05:30,4018.1,1,4043.27,968247,137321.0,159328.0,4100.0,4110.0,4012.0,4092.6,24075975,4501.8,3683.4,4440.0,3288.1,4018.0,32,1,4017.7,135,3,4017.4,8,1,4017.2,33,2,4017.1,12,2,4018.1,1,1,4019.1,12,2,4019.4,50,3,4019.5,21,1,4019.6,42,3
11483,2026-07-02 11:41:27+05:30,4018.1,1,4043.27,968247,137321.0,159328.0,4100.0,4110.0,4012.0,4092.6,24075975,4501.8,3683.4,4440.0,3288.1,4018.0,32,1,4017.7,135,3,4017.4,8,1,4017.2,33,2,4017.1,12,2,4018.1,1,1,4019.1,12,2,4019.4,50,3,4019.5,21,1,4019.6,42,3
11483,2026-07-02 11:41:28+05:30,4017.9,8,4043.27,968309,137212.0,158833.0,4100.0,4110.0,4012.0,4092.6,24075975,4501.8,3683.4,4440.0,3288.1,4017.9,17,3,4017.8,14,2,4017.7,135,3,4017.6,6,1,4017.4,8,1,4018.1,2,1,4019.1,12,2,4019.3,2,1,4019.4,50,3,4019.7,63,3
11483,2026-07-02 11:41:28+05:30,4018.1,7,4043.27,968309,137212.0,158833.0,4100.0,4110.0,4012.0,4092.6,24075975,4501.8,3683.4,4440.0,3288.1,4017.9,17,3,4017.8,14,2,4017.7,135,3,4017.6,6,1,4017.4,8,1,4018.1,2,1,4019.1,12,2,4019.3,2,1,4019.4,50,3,4019.7,63,3
11483,2026-07-02 11:41:29+05:30,4017.8,5,4043.27,968329,137151.0,159071.0,4100.0,4110.0,4012.0,4092.6,24075975,4501.8,3683.4,4440.0,3288.1,4017.8,20,2,4017.7,135,3,4017.4,16,2,4017.3,9,1,4017.2,10,1,4018.1,2,1,4019.1,12,2,4019.2,5,1,4019.3,2,1,4019.4,27,2
11483,2026-07-02 11:41:29+05:30,4017.8,9,4043.27,968329,137151.0,159071.0,4100.0,4110.0,4012.0,4092.6,24075975,4501.8,3683.4,4440.0,3288.1,4017.8,20,2,4017.7,135,3,4017.4,16,2,4017.3,9,1,4017.2,10,1,4018.1,2,1,4019.1,12,2,4019.2,5,1,4019.3,2,1,4019.4,27,2
11483,2026-07-02 11:41:30+05:30,4017.8,9,4043.27,968348,137014.0,159083.0,4100.0,4110.0,4012.0,4092.6,24075975,4501.8,3683.4,4440.0,3288.1,4017.7,149,4,4017.3,2,1,4017.2,11,2,4017.0,134,9,4016.9,14,1,4018.1,2,1,4018.8,5,1,4019.1,12,2,4019.2,5,1,4019.3,2,1
11483,2026-07-02 11:41:30+05:30,4018.1,2,4043.27,968348,137014.0,159083.0,4100.0,4110.0,4012.0,4092.6,24075975,4501.8,3683.4,4440.0,3288.1,4017.7,149,4,4017.3,2,1,4017.2,11,2,4017.0,134,9,4016.9,14,1,4018.1,2,1,4018.8,5,1,4019.1,12,2,4019.2,5,1,4019.3,2,1
11483,2026-07-02 11:41:31+05:30,4018.1,2,4043.27,968354,137304.0,158728.0,4100.0,4110.0,4012.0,4092.6,24075975,4501.8,3683.4,4440.0,3288.1,4018.2,1,1,4018.1,4,1,4017.7,147,4,4017.6,5,1,4017.2,11,2,4019.1,23,3,4019.2,14,1,4019.3,4,2,4019.4,26,2,4019.5,18,1
11483,2026-07-02 11:41:31+05:30,4018.2,1,4043.27,968354,137304.0,158728.0,4100.0,4110.0,4012.0,4092.6,24075975,4501.8,3683.4,4440.0,3288.1,4018.2,1,1,4018.1,4,1,4017.7,147,4,4017.6,5,1,4017.2,11,2,4019.1,23,3,4019.2,14,1,4019.3,4,2,4019.4,26,2,4019.5,18,1
11483,2026-07-02 11:41:32+05:30,4018.2,1,4043.27,968355,137427.0,158743.0,4100.0,4110.0,4012.0,4092.6,24075975,4501.8,3683.4,4440.0,3288.1,4018.6,1,1,4018.1,4,1,4018.0,11,1,4017.7,147,4,4017.6,5,1,4019.1,1,1,4019.3,2,1,4019.4,15,1,4019.6,6,1,4019.7,62,3
11483,2026-07-02 11:41:32+05:30,4018.0,8,4043.27,968355,137427.0,158743.0,4100.0,4110.0,4012.0,4092.6,24075975,4501.8,3683.4,4440.0,3288.1,4018.6,1,1,4018.1,4,1,4018.0,11,1,4017.7,147,4,4017.6,5,1,4019.1,1,1,4019.3,2,1,4019.4,15,1,4019.6,6,1,4019.7,62,3
11483,2026-07-02 11:41:33+05:30,4019.6,3,4043.26,968433,136725.0,158733.0,4100.0,4110.0,4012.0,4092.6,24075975,4501.8,3683.4,4440.0,3288.1,4018.0,12,3,4017.8,1,1,4017.7,134,4,4017.6,5,1,4017.2,18,3,4019.4,24,1,4019.5,32,3,4019.6,44,4,4019.7,76,3,4019.8,80,3
11483,2026-07-02 11:41:33+05:30,4018.0,6,4043.26,968433,136725.0,158733.0,4100.0,4110.0,4012.0,4092.6,24075975,4501.8,3683.4,4440.0,3288.1,4018.0,12,3,4017.8,1,1,4017.7,134,4,4017.6,5,1,4017.2,18,3,4019.4,24,1,4019.5,32,3,4019.6,44,4,4019.7,76,3,4019.8,80,3
11483,2026-07-02 11:41:34+05:30,4019.4,7,4043.26,968450,136683.0,158738.0,4100.0,4110.0,4012.0,4092.6,24075975,4501.8,3683.4,4440.0,3288.1,4018.0,3,2,4017.8,1,1,4017.7,134,4,4017.2,18,3,4017.1,59,5,4019.4,29,3,4019.5,56,5,4019.6,11,1,4019.7,93,5,4019.8,80,3
11483,2026-07-02 11:41:34+05:30,4019.5,2,4043.26,968450,136683.0,158738.0,4100.0,4110.0,4012.0,4092.6,24075975,4501.8,3683.4,4440.0,3288.1,4018.0,3,2,4017.8,1,1,4017.7,134,4,4017.2,18,3,4017.1,59,5,4019.4,29,3,4019.5,56,5,4019.6,11,1,4019.7,93,5,4019.8,80,3
11483,2026-07-02 11:41:35+05:30,4019.5,2,4043.26,968552,136717.0,158566.0,4100.0,4110.0,4012.0,4092.6,24075975,4501.8,3683.4,4440.0,3288.1,4018.1,2,1,4018.0,7,2,4017.9,13,1,4017.8,39,2,4017.7,134,4,4019.4,27,3,4019.6,11,1,4019.7,137,5,4019.8,75,2,4019.9,105,3
11483,2026-07-02 11:41:35+05:30,4018.1,12,4043.26,968552,136717.0,158566.0,4100.0,4110.0,4012.0,4092.6,24075975,4501.8,3683.4,4440.0,3288.1,4018.1,2,1,4018.0,7,2,4017.9,13,1,4017.8,39,2,4017.7,134,4,4019.4,27,3,4019.6,11,1,4019.7,137,5,4019.8,75,2,4019.9,105,3
11483,2026-07-02 11:41:36+05:30,4018.1,12,4043.26,968564,137450.0,158297.0,4100.0,4110.0,4012.0,4092.6,24075975,4501.8,3683.4,4440.0,3288.1,4018.1,261,6,4018.0,511,4,4017.9,2,1,4017.8,10,2,4017.7,157,7,4018.6,1,1,4019.7,41,2,4019.8,75,2,4019.9,50,1,4020.0,195,12
11483,2026-07-02 11:41:36+05:30,4018.1,1,4043.26,968564,137450.0,158297.0,4100.0,4110.0,4012.0,4092.6,24075975,4501.8,3683.4,4440.0,3288.1,4018.1,261,6,4018.0,511,4,4017.9,2,1,4017.8,10,2,4017.7,157,7,4018.6,1,1,4019.7,41,2,4019.8,75,2,4019.9,50,1,4020.0,195,12
11483,2026-07-02 11:41:36+05:30,4018.1,1,4043.26,968565,136892.0,158469.0,4100.0,4110.0,4012.0,4092.6,24075975,4501.8,3683.4,4440.0,3288.1,4018.3,4,1,4018.2,23,4,4018.1,252,5,4018.0,511,4,4017.9,15,2,4018.6,1,1,4019.7,15,2,4019.8,25,1,4020.0,108,9,4020.2,81,3
11483,2026-07-02 11:41:37+05:30,4018.6,1,4043.26,968565,136892.0,158469.0,4100.0,4110.0,4012.0,4092.6,24075975,4501.8,3683.4,4440.0,3288.1,4018.3,4,1,4018.2,23,4,4018.1,252,5,4018.0,511,4,4017.9,15,2,4018.6,1,1,4019.7,15,2,4019.8,25,1,4020.0,108,9,4020.2,81,3
11483,2026-07-02 11:41:37+05:30,4018.6,1,4043.26,968566,137410.0,158945.0,4100.0,4110.0,4012.0,4092.6,24075975,4501.8,3683.4,4440.0,3288.1,4018.6,2,1,4018.2,14,3,4018.1,251,4,4018.0,514,5,4017.9,39,3,4019.0,175,1,4019.8,25,1,4019.9,6,1,4020.0,108,9,4020.3,39,2
11483,2026-07-02 11:41:38+05:30,4018.6,1,4043.26,968566,137410.0,158945.0,4100.0,4110.0,4012.0,4092.6,24075975,4501.8,3683.4,4440.0,3288.1,4018.6,2,1,4018.2,14,3,4018.1,251,4,4018.0,514,5,4017.9,39,3,4019.0,175,1,4019.8,25,1,4019.9,6,1,4020.0,108,9,4020.3,39,2
11483,2026-07-02 11:41:38+05:30,4018.6,1,4043.26,968567,138546.0,158958.0,4100.0,4110.0,4012.0,4092.6,24075975,4501.8,3683.4,4440.0,3288.1,4018.6,1,1,4018.2,34,5,4018.1,253,5,4018.0,931,6,4017.9,39,3,4019.0,175,1,4019.8,25,1,4019.9,6,1,4020.0,108,9,4020.2,6,1
11483,2026-07-02 11:41:39+05:30,4019.0,10,4043.26,968567,138546.0,158958.0,4100.0,4110.0,4012.0,4092.6,24075975,4501.8,3683.4,4440.0,3288.1,4018.6,1,1,4018.2,34,5,4018.1,253,5,4018.0,931,6,4017.9,39,3,4019.0,175,1,4019.8,25,1,4019.9,6,1,4020.0,108,9,4020.2,6,1
11483,2026-07-02 11:41:39+05:30,4019.0,10,4043.26,968578,138509.0,158955.0,4100.0,4110.0,4012.0,4092.6,24075975,4501.8,3683.4,4440.0,3288.1,4018.6,1,1,4018.2,34,5,4018.1,253,5,4018.0,931,6,4017.9,39,3,4019.0,164,1,4019.8,25,1,4019.9,6,1,4020.0,108,9,4020.2,6,1
11483,2026-07-02 11:41:40+05:30,4019.0,100,4043.26,968578,138509.0,158955.0,4100.0,4110.0,4012.0,4092.6,24075975,4501.8,3683.4,4440.0,3288.1,4018.6,1,1,4018.2,34,5,4018.1,253,5,4018.0,931,6,4017.9,39,3,4019.0,164,1,4019.8,25,1,4019.9,6,1,4020.0,108,9,4020.2,6,1
11483,2026-07-02 11:41:40+05:30,4019.0,100,4043.26,968681,138584.0,158871.0,4100.0,4110.0,4012.0,4092.6,24075975,4501.8,3683.4,4440.0,3288.1,4018.4,31,4,4018.3,8,3,4018.2,4,1,4018.1,253,5,4018.0,931,6,4019.0,62,1,4019.8,25,1,4020.0,108,9,4020.3,67,3,4020.5,50,1
11483,2026-07-02 11:41:41+05:30,4019.0,100,4043.26,968681,138584.0,158871.0,4100.0,4110.0,4012.0,4092.6,24075975,4501.8,3683.4,4440.0,3288.1,4018.4,31,4,4018.3,8,3,4018.2,4,1,4018.1,253,5,4018.0,931,6,4019.0,62,1,4019.8,25,1,4020.0,108,9,4020.3,67,3,4020.5,50,1
11483,2026-07-02 11:41:41+05:30,4018.4,6,4043.26,968722,138759.0,158854.0,4100.0,4110.0,4012.0,4092.6,24075975,4501.8,3683.4,4440.0,3288.1,4018.5,4,1,4018.4,20,4,4018.3,15,3,4018.2,20,3,4018.1,273,6,4019.0,61,1,4019.8,25,1,4020.0,97,8,4020.3,67,3,4020.5,50,1
11483,2026-07-02 11:41:41+05:30,4018.5,1,4043.26,968722,138759.0,158854.0,4100.0,4110.0,4012.0,4092.6,24075975,4501.8,3683.4,4440.0,3288.1,4018.5,4,1,4018.4,20,4,4018.3,15,3,4018.2,20,3,4018.1,273,6,4019.0,61,1,4019.8,25,1,4020.0,97,8,4020.3,67,3,4020.5,50,1
11483,2026-07-02 11:41:41+05:30,4018.5,1,4043.26,968722,138759.0,158854.0,4100.0,4110.0,4012.0,4092.6,24075975,4501.8,3683.4,4440.0,3288.1,4018.5,4,1,4018.4,20,4,4018.3,15,3,4018.2,20,3,4018.1,273,6,4019.0,61,1,4019.8,25,1,4020.0,97,8,4020.3,67,3,4020.5,50,1
11483,2026-07-02 11:41:42+05:30,4018.5,1,4043.26,968722,138759.0,158854.0,4100.0,4110.0,4012.0,4092.6,24075975,4501.8,3683.4,4440.0,3288.1,4018.5,4,1,4018.4,20,4,4018.3,15,3,4018.2,20,3,4018.1,273,6,4019.0,61,1,4019.8,25,1,4020.0,97,8,4020.3,67,3,4020.5,50,1
11483,2026-07-02 11:41:42+05:30,4019.0,35,4043.26,968763,138867.0,158736.0,4100.0,4110.0,4012.0,4092.6,24075975,4501.8,3683.4,4440.0,3288.1,4018.8,19,3,4018.7,11,4,4018.5,51,4,4018.4,64,5,4018.3,17,4,4019.0,26,1,4019.8,25,1,4020.0,84,7,4020.3,39,2,4020.5,50,1
11483,2026-07-02 11:41:42+05:30,4018.8,2,4043.26,968763,138867.0,158736.0,4100.0,4110.0,4012.0,4092.6,24075975,4501.8,3683.4,4440.0,3288.1,4018.8,19,3,4018.7,11,4,4018.5,51,4,4018.4,64,5,4018.3,17,4,4019.0,26,1,4019.8,25,1,4020.0,84,7,4020.3,39,2,4020.5,50,1
11483,2026-07-02 11:41:42+05:30,4018.8,2,4043.26,968763,138867.0,158736.0,4100.0,4110.0,4012.0,4092.6,24075975,4501.8,3683.4,4440.0,3288.1,4018.8,19,3,4018.7,11,4,4018.5,51,4,4018.4,64,5,4018.3,17,4,4019.0,26,1,4019.8,25,1,4020.0,84,7,4020.3,39,2,4020.5,50,1
11483,2026-07-02 11:41:43+05:30,4018.8,2,4043.26,968763,138867.0,158736.0,4100.0,4110.0,4012.0,4092.6,24075975,4501.8,3683.4,4440.0,3288.1,4018.8,19,3,4018.7,11,4,4018.5,51,4,4018.4,64,5,4018.3,17,4,4019.0,26,1,4019.8,25,1,4020.0,84,7,4020.3,39,2,4020.5,50,1
11483,2026-07-02 11:41:43+05:30,4019.0,1,4043.26,968793,138773.0,158624.0,4100.0,4110.0,4012.0,4092.6,24075975,4501.8,3683.4,4440.0,3288.1,4018.8,14,2,4018.7,11,4,4018.5,51,4,4018.4,38,4,4018.3,17,4,4019.0,2,2,4019.8,25,1,4020.0,84,7,4020.3,13,1,4020.5,50,1
11483,2026-07-02 11:41:43+05:30,4018.8,3,4043.26,968793,138773.0,158624.0,4100.0,4110.0,4012.0,4092.6,24075975,4501.8,3683.4,4440.0,3288.1,4018.8,14,2,4018.7,11,4,4018.5,51,4,4018.4,38,4,4018.3,17,4,4019.0,2,2,4019.8,25,1,4020.0,84,7,4020.3,13,1,4020.5,50,1
11483,2026-07-02 11:41:44+05:30,4018.8,3,4043.26,968793,138773.0,158624.0,4100.0,4110.0,4012.0,4092.6,24075975,4501.8,3683.4,4440.0,3288.1,4018.8,14,2,4018.7,11,4,4018.5,51,4,4018.4,38,4,4018.3,17,4,4019.0,2,2,4019.8,25,1,4020.0,84,7,4020.3,13,1,4020.5,50,1
11483,2026-07-02 11:41:44+05:30,4018.8,1,4043.25,968800,138899.0,158763.0,4100.0,4110.0,4012.0,4092.6,24075975,4501.8,3683.4,4440.0,3288.1,4018.7,9,2,4018.3,8,3,4018.2,14,2,4018.1,282,7,4018.0,977,9,4018.8,1,1,4019.0,2,2,4019.8,25,1,4020.0,99,8,4020.2,6,1
11483,2026-07-02 11:41:44+05:30,4018.7,1,4043.25,968800,138899.0,158763.0,4100.0,4110.0,4012.0,4092.6,24075975,4501.8,3683.4,4440.0,3288.1,4018.7,9,2,4018.3,8,3,4018.2,14,2,4018.1,282,7,4018.0,977,9,4018.8,1,1,4019.0,2,2,4019.8,25,1,4020.0,99,8,4020.2,6,1
11483,2026-07-02 11:41:45+05:30,4018.7,1,4043.25,968800,138899.0,158763.0,4100.0,4110.0,4012.0,4092.6,24083325,4501.8,3683.4,4440.0,3288.1,4018.7,9,2,4018.3,8,3,4018.2,14,2,4018.1,282,7,4018.0,977,9,4018.8,1,1,4019.0,2,2,4019.8,25,1,4020.0,99,8,4020.2,6,1
11483,2026-07-02 11:41:45+05:30,4019.8,2,4043.25,968818,139216.0,158776.0,4100.0,4110.0,4012.0,4092.6,24083325,4501.8,3683.4,4440.0,3288.1,4018.7,9,2,4018.3,55,5,4018.2,4,1,4018.1,273,6,4018.0,984,8,4019.8,11,1,4020.0,87,7,4020.2,6,1,4020.3,39,2,4020.5,56,2
11483,2026-07-02 11:41:45+05:30,4018.7,2,4043.25,968818,139216.0,158776.0,4100.0,4110.0,4012.0,4092.6,24083325,4501.8,3683.4,4440.0,3288.1,4018.7,9,2,4018.3,55,5,4018.2,4,1,4018.1,273,6,4018.0,984,8,4019.8,11,1,4020.0,87,7,4020.2,6,1,4020.3,39,2,4020.5,56,2
11483,2026-07-02 11:41:45+05:30,4018.7,2,4043.25,968818,139216.0,158776.0,4100.0,4110.0,4012.0,4092.6,24083325,4501.8,3683.4,4440.0,3288.1,4018.7,9,2,4018.3,55,5,4018.2,4,1,4018.1,273,6,4018.0,984,8,4019.8,11,1,4020.0,87,7,4020.2,6,1,4020.3,39,2,4020.5,56,2
11483,2026-07-02 11:41:46+05:30,4018.7,2,4043.25,968818,139216.0,158776.0,4100.0,4110.0,4012.0,4092.6,24083325,4501.8,3683.4,4440.0,3288.1,4018.7,9,2,4018.3,55,5,4018.2,4,1,4018.1,273,6,4018.0,984,8,4019.8,11,1,4020.0,87,7,4020.2,6,1,4020.3,39,2,4020.5,56,2
11483,2026-07-02 11:41:46+05:30,4019.8,5,4043.25,969004,139996.0,157800.0,4100.0,4110.0,4012.0,4092.6,24083325,4501.8,3683.4,4440.0,3288.1,4019.8,2,2,4019.0,2,1,4018.7,7,2,4018.4,6,1,4018.3,18,4,4020.3,25,3,4020.4,3,1,4020.5,50,1,4020.6,36,3,4020.7,19,2
11483,2026-07-02 11:41:46+05:30,4019.8,2,4043.25,969004,139996.0,157800.0,4100.0,4110.0,4012.0,4092.6,24083325,4501.8,3683.4,4440.0,3288.1,4019.8,2,2,4019.0,2,1,4018.7,7,2,4018.4,6,1,4018.3,18,4,4020.3,25,3,4020.4,3,1,4020.5,50,1,4020.6,36,3,4020.7,19,2
11483,2026-07-02 11:41:46+05:30,4019.8,2,4043.25,969004,139996.0,157800.0,4100.0,4110.0,4012.0,4092.6,24083325,4501.8,3683.4,4440.0,3288.1,4019.8,2,2,4019.0,2,1,4018.7,7,2,4018.4,6,1,4018.3,18,4,4020.3,25,3,4020.4,3,1,4020.5,50,1,4020.6,36,3,4020.7,19,2
11483,2026-07-02 11:41:47+05:30,4020.0,10,4043.25,969048,138743.0,157944.0,4100.0,4110.0,4012.0,4092.6,24083325,4501.8,3683.4,4440.0,3288.1,4019.0,2516,3,4018.4,2,1,4018.3,6,2,4018.2,4,1,4018.1,273,6,4020.3,16,2,4020.4,19,1,4020.5,50,1,4020.6,86,4,4020.7,18,2
11483,2026-07-02 11:41:47+05:30,4019.0,3,4043.25,969048,138743.0,157944.0,4100.0,4110.0,4012.0,4092.6,24083325,4501.8,3683.4,4440.0,3288.1,4019.0,2516,3,4018.4,2,1,4018.3,6,2,4018.2,4,1,4018.1,273,6,4020.3,16,2,4020.4,19,1,4020.5,50,1,4020.6,86,4,4020.7,18,2
11483,2026-07-02 11:41:48+05:30,4019.0,1,4043.25,969054,138836.0,157902.0,4100.0,4110.0,4012.0,4092.6,24083325,4501.8,3683.4,4440.0,3288.1,4019.0,2540,3,4018.8,30,1,4018.7,10,1,4018.4,2,1,4018.3,6,2,4020.3,9,2,4020.5,50,1,4020.6,41,2,4020.8,24,2,4020.9,79,5
11483,2026-07-02 11:41:48+05:30,4019.0,1,4043.25,969054,138836.0,157902.0,4100.0,4110.0,4012.0,4092.6,24083325,4501.8,3683.4,4440.0,3288.1,4019.0,2540,3,4018.8,30,1,4018.7,10,1,4018.4,2,1,4018.3,6,2,4020.3,9,2,4020.5,50,1,4020.6,41,2,4020.8,24,2,4020.9,79,5
11483,2026-07-02 11:41:49+05:30,4019.0,1,4043.25,969055,139226.0,157817.0,4100.0,4110.0,4012.0,4092.6,24083325,4501.8,3683.4,4440.0,3288.1,4019.8,1,1,4019.1,14,1,4019.0,2540,4,4018.8,30,1,4018.7,10,1,4020.3,23,4,4020.5,50,1,4020.6,51,3,4020.8,29,2,4020.9,15,1
11483,2026-07-02 11:41:50+05:30,4019.8,1,4043.25,969106,139316.0,157903.0,4100.0,4110.0,4012.0,4092.6,24083325,4501.8,3683.4,4440.0,3288.1,4019.0,2545,5,4018.8,66,3,4018.6,2,1,4018.5,26,1,4018.3,6,2,4020.4,13,3,4020.5,59,5,4020.6,15,1,4020.8,14,1,4020.9,30,3
11483,2026-07-02 11:41:50+05:30,4020.3,1,4043.25,969106,139316.0,157903.0,4100.0,4110.0,4012.0,4092.6,24083325,4501.8,3683.4,4440.0,3288.1,4019.0,2545,5,4018.8,66,3,4018.6,2,1,4018.5,26,1,4018.3,6,2,4020.4,13,3,4020.5,59,5,4020.6,15,1,4020.8,14,1,4020.9,30,3
11483,2026-07-02 11:41:51+05:30,4019.0,12,4043.25,969125,139315.0,157868.0,4100.0,4110.0,4012.0,4092.6,24083325,4501.8,3683.4,4440.0,3288.1,4019.0,2648,7,4018.8,40,2,4018.6,2,1,4018.5,26,1,4018.3,6,2,4020.2,26,4,4020.3,13,3,4020.4,21,3,4020.5,49,3,4020.6,25,2
11483,2026-07-02 11:41:51+05:30,4020.8,1,4043.25,969125,139315.0,157868.0,4100.0,4110.0,4012.0,4092.6,24083325,4501.8,3683.4,4440.0,3288.1,4019.0,2648,7,4018.8,40,2,4018.6,2,1,4018.5,26,1,4018.3,6,2,4020.2,26,4,4020.3,13,3,4020.4,21,3,4020.5,49,3,4020.6,25,2
11483,2026-07-02 11:41:52+05:30,4019.6,2,4043.24,969306,139507.0,157800.0,4100.0,4110.0,4012.0,4092.6,24083325,4501.8,3683.4,4440.0,3288.1,4019.6,1,1,4019.0,2682,7,4018.8,30,1,4018.4,2,1,4018.3,19,3,4020.3,16,3,4020.4,10,2,4020.5,9,2,4020.6,25,3,4020.7,10,1
11483,2026-07-02 11:41:52+05:30,4019.6,1,4043.24,969306,139507.0,157800.0,4100.0,4110.0,4012.0,4092.6,24083325,4501.8,3683.4,4440.0,3288.1,4019.6,1,1,4019.0,2682,7,4018.8,30,1,4018.4,2,1,4018.3,19,3,4020.3,16,3,4020.4,10,2,4020.5,9,2,4020.6,25,3,4020.7,10,1
11483,2026-07-02 11:41:53+05:30,4019.6,1,4043.24,969307,139180.0,158237.0,4100.0,4110.0,4012.0,4092.6,24083325,4501.8,3683.4,4440.0,3288.1,4019.0,2683,8,4018.8,15,1,4018.4,2,1,4018.3,6,2,4018.2,30,2,4019.6,2,1,4020.0,17,3,4020.3,17,4,4020.4,10,2,4020.5,9,2
11483,2026-07-02 11:41:54+05:30,4019.6,2,4043.24,969309,139405.0,158178.0,4100.0,4110.0,4012.0,4092.6,24083325,4501.8,3683.4,4440.0,3288.1,4019.0,2683,8,4018.8,15,1,4018.3,3,1,4018.2,30,2,4018.1,275,7,4019.6,3,1,4020.0,14,2,4020.3,7,3,4020.4,15,3,4020.5,59,3
11483,2026-07-02 11:41:54+05:30,4019.6,2,4043.24,969309,139405.0,158178.0,4100.0,4110.0,4012.0,4092.6,24083325,4501.8,3683.4,4440.0,3288.1,4019.0,2683,8,4018.8,15,1,4018.3,3,1,4018.2,30,2,4018.1,275,7,4019.6,3,1,4020.0,14,2,4020.3,7,3,4020.4,15,3,4020.5,59,3
11483,2026-07-02 11:41:55+05:30,4020.9,21,4043.24,969309,139405.0,158178.0,4100.0,4110.0,4012.0,4092.6,24083325,4501.8,3683.4,4440.0,3288.1,4019.0,2683,8,4018.8,15,1,4018.3,3,1,4018.2,30,2,4018.1,275,7,4019.6,3,1,4020.0,14,2,4020.3,7,3,4020.4,15,3,4020.5,59,3
11483,2026-07-02 11:41:55+05:30,4020.9,21,4043.23,969732,139047.0,157867.0,4100.0,4110.0,4012.0,4092.6,24083325,4501.8,3683.4,4440.0,3288.1,4019.0,2702,10,4018.8,15,1,4018.4,2,1,4018.3,3,1,4018.2,30,2,4020.2,9,2,4020.3,22,3,4020.5,35,1,4020.6,62,4,4020.7,7,1
11483,2026-07-02 11:41:56+05:30,4019.8,2,4043.23,969732,139047.0,157867.0,4100.0,4110.0,4012.0,4092.6,24083325,4501.8,3683.4,4440.0,3288.1,4019.0,2702,10,4018.8,15,1,4018.4,2,1,4018.3,3,1,4018.2,30,2,4020.2,9,2,4020.3,22,3,4020.5,35,1,4020.6,62,4,4020.7,7,1
11483,2026-07-02 11:41:56+05:30,4019.8,2,4043.23,969801,138923.0,158340.0,4100.0,4110.0,4012.0,4092.6,24083325,4501.8,3683.4,4440.0,3288.1,4019.0,2647,10,4018.8,15,1,4018.3,3,1,4018.2,32,3,4018.1,273,6,4020.0,23,3,4020.1,11,3,4020.2,22,3,4020.3,50,5,4020.5,35,1
11483,2026-07-02 11:41:57+05:30,4019.7,50,4043.23,969801,138923.0,158340.0,4100.0,4110.0,4012.0,4092.6,24083325,4501.8,3683.4,4440.0,3288.1,4019.0,2647,10,4018.8,15,1,4018.3,3,1,4018.2,32,3,4018.1,273,6,4020.0,23,3,4020.1,11,3,4020.2,22,3,4020.3,50,5,4020.5,35,1
11483,2026-07-02 11:41:57+05:30,4020.0,1,4043.23,969861,139349.0,158295.0,4100.0,4110.0,4012.0,4092.6,24083325,4501.8,3683.4,4440.0,3288.1,4019.0,2588,9,4018.8,15,1,4018.2,30,2,4018.1,275,7,4018.0,1304,11,4020.0,22,3,4020.1,11,3,4020.2,27,4,4020.3,27,5,4020.5,97,3
11483,2026-07-02 11:41:58+05:30,4019.0,1,4043.23,969861,139349.0,158295.0,4100.0,4110.0,4012.0,4092.6,24083325,4501.8,3683.4,4440.0,3288.1,4019.0,2588,9,4018.8,15,1,4018.2,30,2,4018.1,275,7,4018.0,1304,11,4020.0,22,3,4020.1,11,3,4020.2,27,4,4020.3,27,5,4020.5,97,3
11483,2026-07-02 11:41:58+05:30,4019.0,1,4043.23,969879,139162.0,158352.0,4100.0,4110.0,4012.0,4092.6,24083325,4501.8,3683.4,4440.0,3288.1,4019.0,2592,10,4018.8,15,1,4018.3,2,1,4018.2,30,2,4018.1,267,5,4020.0,14,3,4020.1,11,3,4020.2,22,3,4020.3,13,3,4020.5,35,1
11483,2026-07-02 11:41:59+05:30,4020.0,1,4043.23,969888,138827.0,158405.0,4100.0,4110.0,4012.0,4092.6,24083325,4501.8,3683.4,4440.0,3288.1,4019.0,2584,10,4018.8,15,1,4018.3,12,1,4018.2,4,1,4018.1,269,6,4020.0,13,3,4020.1,11,3,4020.2,22,3,4020.3,13,3,4020.5,35,1
11483,2026-07-02 11:41:59+05:30,4019.0,1,4043.23,969888,138827.0,158405.0,4100.0,4110.0,4012.0,4092.6,24083325,4501.8,3683.4,4440.0,3288.1,4019.0,2584,10,4018.8,15,1,4018.3,12,1,4018.2,4,1,4018.1,269,6,4020.0,13,3,4020.1,11,3,4020.2,22,3,4020.3,13,3,4020.5,35,1
11483,2026-07-02 11:42:00+05:30,4020.3,3,4043.23,969921,139391.0,157939.0,4100.0,4110.0,4012.0,4092.6,24083325,4501.8,3683.4,4440.0,3288.1,4019.0,2683,11,4018.8,15,1,4018.7,16,1,4018.6,20,2,4018.5,45,2,4020.3,20,2,4020.6,34,2,4020.7,7,1,4020.8,58,3,4020.9,126,6
11483,2026-07-02 11:42:00+05:30,4019.0,4,4043.23,969921,139391.0,157939.0,4100.0,4110.0,4012.0,4092.6,24083325,4501.8,3683.4,4440.0,3288.1,4019.0,2683,11,4018.8,15,1,4018.7,16,1,4018.6,20,2,4018.5,45,2,4020.3,20,2,4020.6,34,2,4020.7,7,1,4020.8,58,3,4020.9,126,6
11483,2026-07-02 11:42:01+05:30,4019.0,4,4043.23,969925,139502.0,157916.0,4100.0,4110.0,4012.0,4092.6,24083325,4501.8,3683.4,4440.0,3288.1,4019.1,50,1,4019.0,2680,12,4018.8,15,1,4018.6,20,2,4018.5,26,1,4020.3,20,2,4020.6,5,1,4020.7,7,1,4020.8,96,4,4020.9,83,4
11483,2026-07-02 11:42:01+05:30,4020.0,2,4043.23,969925,139502.0,157916.0,4100.0,4110.0,4012.0,4092.6,24083325,4501.8,3683.4,4440.0,3288.1,4019.1,50,1,4019.0,2680,12,4018.8,15,1,4018.6,20,2,4018.5,26,1,4020.3,20,2,4020.6,5,1,4020.7,7,1,4020.8,96,4,4020.9,83,4
11483,2026-07-02 11:42:02+05:30,4020.6,2,4043.23,969959,139583.0,158211.0,4100.0,4110.0,4012.0,4092.6,24083325,4501.8,3683.4,4440.0,3288.1,4019.1,42,1,4019.0,2682,13,4018.8,15,1,4018.6,42,2,4018.3,33,2,4020.5,25,4,4020.6,27,4,4020.7,84,4,4020.8,55,3,4020.9,129,6
11483,2026-07-02 11:42:02+05:30,4019.1,4,4043.23,969959,139583.0,158211.0,4100.0,4110.0,4012.0,4092.6,24083325,4501.8,3683.4,4440.0,3288.1,4019.1,42,1,4019.0,2682,13,4018.8,15,1,4018.6,42,2,4018.3,33,2,4020.5,25,4,4020.6,27,4,4020.7,84,4,4020.8,55,3,4020.9,129,6
11483,2026-07-02 11:42:03+05:30,4020.9,4,4043.22,970280,138979.0,154845.0,4100.0,4110.0,4012.0,4092.6,24083325,4501.8,3683.4,4440.0,3288.1,4019.9,38,3,4019.8,45,3,4019.7,50,3,4019.6,27,3,4019.5,55,3,4021.5,60,1,4021.6,11,1,4021.7,42,2,4021.8,24,3,4022.0,97,5
11483,2026-07-02 11:42:03+05:30,4020.0,7,4043.22,970280,138979.0,154845.0,4100.0,4110.0,4012.0,4092.6,24083325,4501.8,3683.4,4440.0,3288.1,4019.9,38,3,4019.8,45,3,4019.7,50,3,4019.6,27,3,4019.5,55,3,4021.5,60,1,4021.6,11,1,4021.7,42,2,4021.8,24,3,4022.0,97,5
11483,2026-07-02 11:42:04+05:30,4021.5,20,4043.22,970280,138979.0,154845.0,4100.0,4110.0,4012.0,4092.6,24083325,4501.8,3683.4,4440.0,3288.1,4019.9,38,3,4019.8,45,3,4019.7,50,3,4019.6,27,3,4019.5,55,3,4021.5,60,1,4021.6,11,1,4021.7,42,2,4021.8,24,3,4022.0,97,5
11483,2026-07-02 11:42:05+05:30,4021.8,7,4043.22,970347,140291.0,155901.0,4100.0,4110.0,4012.0,4092.6,24083325,4501.8,3683.4,4440.0,3288.1,4020.6,6,1,4020.5,44,4,4020.4,21,2,4020.3,36,2,4020.2,10,1,4021.8,8,1,4022.0,83,4,4022.4,12,1,4022.7,98,3,4022.9,84,4
11483,2026-07-02 11:42:05+05:30,4020.6,6,4043.22,970347,140291.0,155901.0,4100.0,4110.0,4012.0,4092.6,24083325,4501.8,3683.4,4440.0,3288.1,4020.6,6,1,4020.5,44,4,4020.4,21,2,4020.3,36,2,4020.2,10,1,4021.8,8,1,4022.0,83,4,4022.4,12,1,4022.7,98,3,4022.9,84,4
11483,2026-07-02 11:42:06+05:30,4021.8,2,4043.22,970382,139268.0,155865.0,4100.0,4110.0,4012.0,4092.6,24083325,4501.8,3683.4,4440.0,3288.1,4020.5,49,2,4020.4,13,2,4020.3,30,2,4020.2,9,2,4020.1,50,2,4022.0,72,4,4022.5,38,1,4022.6,12,2,4022.7,44,2,4022.9,54,2
11483,2026-07-02 11:42:06+05:30,4022.0,3,4043.22,970382,139268.0,155865.0,4100.0,4110.0,4012.0,4092.6,24083325,4501.8,3683.4,4440.0,3288.1,4020.5,49,2,4020.4,13,2,4020.3,30,2,4020.2,9,2,4020.1,50,2,4022.0,72,4,4022.5,38,1,4022.6,12,2,4022.7,44,2,4022.9,54,2
11483,2026-07-02 11:42:07+05:30,4022.0,3,4043.22,970390,139258.0,155884.0,4100.0,4110.0,4012.0,4092.6,24083325,4501.8,3683.4,4440.0,3288.1,4020.5,11,1,4020.4,10,1,4020.3,24,1,4020.2,3,1,4020.1,50,2,4022.0,69,4,4022.2,109,5,4022.3,20,1,4022.4,29,2,4022.6,35,3
11483,2026-07-02 11:42:07+05:30,4022.2,14,4043.22,970390,139258.0,155884.0,4100.0,4110.0,4012.0,4092.6,24083325,4501.8,3683.4,4440.0,3288.1,4020.5,11,1,4020.4,10,1,4020.3,24,1,4020.2,3,1,4020.1,50,2,4022.0,69,4,4022.2,109,5,4022.3,20,1,4022.4,29,2,4022.6,35,3
11483,2026-07-02 11:42:08+05:30,4019.6,7,4043.21,970703,139067.0,156038.0,4100.0,4110.0,4012.0,4092.6,24083325,4501.8,3683.4,4440.0,3288.1,4020.1,53,3,4020.0,10,1,4019.9,8,1,4019.8,39,1,4019.7,32,2,4021.8,4,1,4021.9,117,6,4022.0,53,5,4022.1,53,6,4022.2,34,3
11483,2026-07-02 11:42:08+05:30,4020.1,2,4043.21,970703,139067.0,156038.0,4100.0,4110.0,4012.0,4092.6,24083325,4501.8,3683.4,4440.0,3288.1,4020.1,53,3,4020.0,10,1,4019.9,8,1,4019.8,39,1,4019.7,32,2,4021.8,4,1,4021.9,117,6,4022.0,53,5,4022.1,53,6,4022.2,34,3
11483,2026-07-02 11:42:09+05:30,4021.5,2,4043.21,970744,139052.0,156457.0,4100.0,4110.0,4012.0,4092.6,24083325,4501.8,3683.4,4440.0,3288.1,4020.1,14,2,4020.0,2,1,4019.8,39,1,4019.7,32,2,4019.6,32,3,4021.5,2,1,4021.6,42,3,4021.7,47,3,4021.8,14,3,4021.9,27,2
11483,2026-07-02 11:42:09+05:30,4021.3,8,4043.21,970744,139052.0,156457.0,4100.0,4110.0,4012.0,4092.6,24083325,4501.8,3683.4,4440.0,3288.1,4020.1,14,2,4020.0,2,1,4019.8,39,1,4019.7,32,2,4019.6,32,3,4021.5,2,1,4021.6,42,3,4021.7,47,3,4021.8,14,3,4021.9,27,2
11483,2026-07-02 11:42:10+05:30,4019.8,9,4043.21,970801,138965.0,156656.0,4100.0,4110.0,4012.0,4092.6,24083325,4501.8,3683.4,4440.0,3288.1,4019.8,30,1,4019.4,39,1,4019.3,68,3,4019.2,4,2,4019.1,27,3,4021.2,8,1,4021.3,8,1,4021.4,25,1,4021.5,22,2,4021.6,64,3
11483,2026-07-02 11:42:10+05:30,4019.8,7,4043.21,970801,138965.0,156656.0,4100.0,4110.0,4012.0,4092.6,24083325,4501.8,3683.4,4440.0,3288.1,4019.8,30,1,4019.4,39,1,4019.3,68,3,4019.2,4,2,4019.1,27,3,4021.2,8,1,4021.3,8,1,4021.4,25,1,4021.5,22,2,4021.6,64,3
11483,2026-07-02 11:42:11+05:30,4019.8,7,4043.21,970808,139043.0,156647.0,4100.0,4110.0,4012.0,4092.6,24083325,4501.8,3683.4,4440.0,3288.1,4020.0,2,1,4019.8,84,3,4019.7,8,1,4019.6,69,5,4019.5,31,4,4021.0,5,1,4021.5,8,1,4021.6,57,2,4021.7,6,3,4021.8,8,1
11483,2026-07-02 11:42:11+05:30,4020.9,10,4043.21,970808,139043.0,156647.0,4100.0,4110.0,4012.0,4092.6,24083325,4501.8,3683.4,4440.0,3288.1,4020.0,2,1,4019.8,84,3,4019.7,8,1,4019.6,69,5,4019.5,31,4,4021.0,5,1,4021.5,8,1,4021.6,57,2,4021.7,6,3,4021.8,8,1
11483,2026-07-02 11:42:12+05:30,4020.5,3,4043.21,970823,138432.0,157089.0,4100.0,4110.0,4012.0,4092.6,24083325,4501.8,3683.4,4440.0,3288.1,4020.0,41,3,4019.6,3,1,4019.5,3,1,4019.4,11,2,4019.3,19,1,4020.1,9,2,4021.0,10,2,4021.5,16,3,4021.6,73,3,4021.7,53,3
11483,2026-07-02 11:42:12+05:30,4021.0,6,4043.21,970823,138432.0,157089.0,4100.0,4110.0,4012.0,4092.6,24083325,4501.8,3683.4,4440.0,3288.1,4020.0,41,3,4019.6,3,1,4019.5,3,1,4019.4,11,2,4019.3,19,1,4020.1,9,2,4021.0,10,2,4021.5,16,3,4021.6,73,3,4021.7,53,3
11483,2026-07-02 11:42:13+05:30,4021.0,6,4043.21,970850,138829.0,156739.0,4100.0,4110.0,4012.0,4092.6,24083325,4501.8,3683.4,4440.0,3288.1,4020.0,59,3,4019.5,16,3,4019.4,5,2,4019.3,44,3,4019.2,13,2,4021.2,6,1,4021.3,17,3,4021.4,10,2,4021.5,45,3,4021.6,49,1
11483,2026-07-02 11:42:13+05:30,4021.2,1,4043.21,970850,138829.0,156739.0,4100.0,4110.0,4012.0,4092.6,24083325,4501.8,3683.4,4440.0,3288.1,4020.0,59,3,4019.5,16,3,4019.4,5,2,4019.3,44,3,4019.2,13,2,4021.2,6,1,4021.3,17,3,4021.4,10,2,4021.5,45,3,4021.6,49,1
11483,2026-07-02 11:42:14+05:30,4020.0,4,4043.21,970858,138801.0,156961.0,4100.0,4110.0,4012.0,4092.6,24083325,4501.8,3683.4,4440.0,3288.1,4020.0,52,3,4019.5,7,1,4019.3,19,1,4019.2,13,2,4019.1,25,5,4021.0,5,1,4021.1,18,3,4021.2,29,5,4021.3,72,4,4021.4,30,4
11483,2026-07-02 11:42:14+05:30,4021.2,1,4043.21,970858,138801.0,156961.0,4100.0,4110.0,4012.0,4092.6,24083325,4501.8,3683.4,4440.0,3288.1,4020.0,52,3,4019.5,7,1,4019.3,19,1,4019.2,13,2,4019.1,25,5,4021.0,5,1,4021.1,18,3,4021.2,29,5,4021.3,72,4,4021.4,30,4
11483,2026-07-02 11:42:15+05:30,4021.2,1,4043.21,970888,138846.0,156962.0,4100.0,4110.0,4012.0,4092.6,24083325,4501.8,3683.4,4440.0,3288.1,4020.0,51,3,4019.8,2,1,4019.5,7,1,4019.3,20,2,4019.2,13,2,4021.2,66,5,4021.3,6,1,4021.4,25,2,4021.5,5,2,4021.6,55,2
11483,2026-07-02 11:42:15+05:30,4021.2,3,4043.21,970888,138846.0,156962.0,4100.0,4110.0,4012.0,4092.6,24083325,4501.8,3683.4,4440.0,3288.1,4020.0,51,3,4019.8,2,1,4019.5,7,1,4019.3,20,2,4019.2,13,2,4021.2,66,5,4021.3,6,1,4021.4,25,2,4021.5,5,2,4021.6,55,2
11483,2026-07-02 11:42:16+05:30,4021.2,3,4043.21,970898,138843.0,156924.0,4100.0,4110.0,4012.0,4092.6,24083325,4501.8,3683.4,4440.0,3288.1,4020.0,47,3,4019.8,2,1,4019.7,9,1,4019.6,12,3,4019.5,7,1,4021.2,12,3,4021.3,6,1,4021.4,7,1,4021.6,49,1,4021.7,27,2
11483,2026-07-02 11:42:16+05:30,4020.0,1,4043.21,970898,138843.0,156924.0,4100.0,4110.0,4012.0,4092.6,24083325,4501.8,3683.4,4440.0,3288.1,4020.0,47,3,4019.8,2,1,4019.7,9,1,4019.6,12,3,4019.5,7,1,4021.2,12,3,4021.3,6,1,4021.4,7,1,4021.6,49,1,4021.7,27,2
11483,2026-07-02 11:42:17+05:30,4021.2,4,4043.21,970909,138849.0,156971.0,4100.0,4110.0,4012.0,4092.6,24083325,4501.8,3683.4,4440.0,3288.1,4020.0,46,3,4019.8,3,2,4019.7,9,1,4019.6,12,3,4019.5,7,1,4021.2,3,2,4021.3,6,1,4021.4,7,1,4021.6,49,1,4021.7,27,2
11483,2026-07-02 11:42:17+05:30,4020.0,1,4043.21,970909,138849.0,156971.0,4100.0,4110.0,4012.0,4092.6,24083325,4501.8,3683.4,4440.0,3288.1,4020.0,46,3,4019.8,3,2,4019.7,9,1,4019.6,12,3,4019.5,7,1,4021.2,3,2,4021.3,6,1,4021.4,7,1,4021.6,49,1,4021.7,27,2
11483,2026-07-02 11:42:18+05:30,4020.0,1,4043.2,970971,138947.0,157482.0,4100.0,4110.0,4012.0,4092.6,24083325,4501.8,3683.4,4440.0,3288.1,4020.0,144,4,4019.8,3,2,4019.6,5,1,4019.5,7,1,4019.4,10,2,4021.0,560,1,4021.4,40,1,4021.6,13,3,4021.7,65,3,4021.8,21,2
11483,2026-07-02 11:42:18+05:30,4021.0,2,4043.2,970971,138947.0,157482.0,4100.0,4110.0,4012.0,4092.6,24083325,4501.8,3683.4,4440.0,3288.1,4020.0,144,4,4019.8,3,2,4019.6,5,1,4019.5,7,1,4019.4,10,2,4021.0,560,1,4021.4,40,1,4021.6,13,3,4021.7,65,3,4021.8,21,2
11483,2026-07-02 11:42:19+05:30,4021.0,3,4043.2,970990,138991.0,157478.0,4100.0,4110.0,4012.0,4092.6,24083325,4501.8,3683.4,4440.0,3288.1,4020.0,356,5,4019.8,12,3,4019.6,10,2,4019.5,46,3,4019.4,29,2,4021.0,554,1,4021.6,5,1,4021.7,33,3,4021.8,23,3,4021.9,15,2
11483,2026-07-02 11:42:19+05:30,4021.0,2,4043.2,970990,138991.0,157478.0,4100.0,4110.0,4012.0,4092.6,24083325,4501.8,3683.4,4440.0,3288.1,4020.0,356,5,4019.8,12,3,4019.6,10,2,4019.5,46,3,4019.4,29,2,4021.0,554,1,4021.6,5,1,4021.7,33,3,4021.8,23,3,4021.9,15,2
11483,2026-07-02 11:42:20+05:30,4021.0,2,4043.2,970994,138838.0,157527.0,4100.0,4110.0,4012.0,4092.6,24083325,4501.8,3683.4,4440.0,3288.1,4020.0,359,5,4019.8,3,2,4019.7,5,1,4019.6,5,1,4019.3,20,2,4021.0,552,1,4021.5,65,4,4021.6,5,1,4021.7,42,4,4021.8,21,2
11483,2026-07-02 11:42:20+05:30,4021.0,2,4043.2,970994,138838.0,157527.0,4100.0,4110.0,4012.0,4092.6,24083325,4501.8,3683.4,4440.0,3288.1,4020.0,359,5,4019.8,3,2,4019.7,5,1,4019.6,5,1,4019.3,20,2,4021.0,552,1,4021.5,65,4,4021.6,5,1,4021.7,42,4,4021.8,21,2
11483,2026-07-02 11:42:21+05:30,4021.0,2,4043.2,970997,139130.0,157490.0,4100.0,4110.0,4012.0,4092.6,24083325,4501.8,3683.4,4440.0,3288.1,4020.0,568,7,4019.8,3,2,4019.7,5,1,4019.6,5,1,4019.4,1,1,4021.0,550,1,4021.5,5,1,4021.6,7,2,4021.7,33,3,4021.8,21,2
11483,2026-07-02 11:42:21+05:30,4020.0,4,4043.2,970997,139130.0,157490.0,4100.0,4110.0,4012.0,4092.6,24083325,4501.8,3683.4,4440.0,3288.1,4020.0,568,7,4019.8,3,2,4019.7,5,1,4019.6,5,1,4019.4,1,1,4021.0,550,1,4021.5,5,1,4021.6,7,2,4021.7,33,3,4021.8,21,2
11483,2026-07-02 11:42:22+05:30,4020.0,4,4043.2,971028,139126.0,157455.0,4100.0,4110.0,4012.0,4092.6,24083325,4501.8,3683.4,4440.0,3288.1,4020.5,1,1,4020.0,564,7,4019.8,3,2,4019.7,5,1,4019.6,5,1,4021.0,523,1,4021.5,39,2,4021.6,7,2,4021.7,27,2,4021.8,21,2
11483,2026-07-02 11:42:22+05:30,4020.5,1,4043.2,971028,139126.0,157455.0,4100.0,4110.0,4012.0,4092.6,24083325,4501.8,3683.4,4440.0,3288.1,4020.5,1,1,4020.0,564,7,4019.8,3,2,4019.7,5,1,4019.6,5,1,4021.0,523,1,4021.5,39,2,4021.6,7,2,4021.7,27,2,4021.8,21,2
11483,2026-07-02 11:42:23+05:30,4020.5,1,4043.2,971031,139042.0,157480.0,4100.0,4110.0,4012.0,4092.6,24083325,4501.8,3683.4,4440.0,3288.1,4020.0,589,8,4019.8,3,2,4019.6,5,1,4019.5,8,1,4019.4,1,1,4020.5,1,1,4021.0,529,2,4021.5,2,1,4021.6,5,1,4021.7,27,2
11483,2026-07-02 11:42:23+05:30,4020.0,3,4043.2,971031,139042.0,157480.0,4100.0,4110.0,4012.0,4092.6,24083325,4501.8,3683.4,4440.0,3288.1,4020.0,589,8,4019.8,3,2,4019.6,5,1,4019.5,8,1,4019.4,1,1,4020.5,1,1,4021.0,529,2,4021.5,2,1,4021.6,5,1,4021.7,27,2
11483,2026-07-02 11:42:24+05:30,4020.5,1,4043.2,971035,139173.0,157640.0,4100.0,4110.0,4012.0,4092.6,24083325,4501.8,3683.4,4440.0,3288.1,4020.0,588,9,4019.8,3,2,4019.6,5,1,4019.2,3,1,4019.1,40,3,4020.5,1,1,4021.0,529,2,4021.3,22,2,4021.5,60,3,4021.6,13,2
11483,2026-07-02 11:42:24+05:30,4020.5,1,4043.2,971035,139173.0,157640.0,4100.0,4110.0,4012.0,4092.6,24083325,4501.8,3683.4,4440.0,3288.1,4020.0,588,9,4019.8,3,2,4019.6,5,1,4019.2,3,1,4019.1,40,3,4020.5,1,1,4021.0,529,2,4021.3,22,2,4021.5,60,3,4021.6,13,2
11483,2026-07-02 11:42:25+05:30,4020.5,1,4043.2,971037,139189.0,157678.0,4100.0,4110.0,4012.0,4092.6,24083325,4501.8,3683.4,4440.0,3288.1,4020.0,601,9,4019.8,3,2,4019.6,5,1,4019.2,3,1,4019.1,40,3,4020.5,1,1,4021.0,529,2,4021.2,10,1,4021.3,5,1,4021.5,60,3
11483,2026-07-02 11:42:25+05:30,4020.5,1,4043.2,971037,139189.0,157678.0,4100.0,4110.0,4012.0,4092.6,24083325,4501.8,3683.4,4440.0,3288.1,4020.0,601,9,4019.8,3,2,4019.6,5,1,4019.2,3,1,4019.1,40,3,4020.5,1,1,4021.0,529,2,4021.2,10,1,4021.3,5,1,4021.5,60,3
11483,2026-07-02 11:42:26+05:30,4020.5,1,4043.2,971038,139188.0,157680.0,4100.0,4110.0,4012.0,4092.6,24083325,4501.8,3683.4,4440.0,3288.1,4020.0,602,10,4019.8,3,2,4019.6,5,1,4019.2,3,1,4019.1,40,3,4021.0,529,2,4021.2,10,1,4021.3,5,1,4021.5,60,3,4021.6,13,2
11483,2026-07-02 11:42:26+05:30,4021.0,4,4043.2,971038,139188.0,157680.0,4100.0,4110.0,4012.0,4092.6,24083325,4501.8,3683.4,4440.0,3288.1,4020.0,602,10,4019.8,3,2,4019.6,5,1,4019.2,3,1,4019.1,40,3,4021.0,529,2,4021.2,10,1,4021.3,5,1,4021.5,60,3,4021.6,13,2
11483,2026-07-02 11:42:27+05:30,4021.0,4,4043.2,971069,139297.0,157652.0,4100.0,4110.0,4012.0,4092.6,24083325,4501.8,3683.4,4440.0,3288.1,4020.0,584,10,4019.8,3,2,4019.7,5,1,4019.6,5,1,4019.2,11,2,4021.0,516,2,4021.2,10,1,4021.3,5,1,4021.5,2,1,4021.6,5,1
11483,2026-07-02 11:42:27+05:30,4021.0,2,4043.2,971069,139297.0,157652.0,4100.0,4110.0,4012.0,4092.6,24083325,4501.8,3683.4,4440.0,3288.1,4020.0,584,10,4019.8,3,2,4019.7,5,1,4019.6,5,1,4019.2,11,2,4021.0,516,2,4021.2,10,1,4021.3,5,1,4021.5,2,1,4021.6,5,1
11483,2026-07-02 11:42:27+05:30,4021.0,2,4043.2,971085,139296.0,157570.0,4100.0,4110.0,4012.0,4092.6,24083325,4501.8,3683.4,4440.0,3288.1,4020.0,570,9,4019.8,3,2,4019.7,5,1,4019.6,13,2,4019.3,1,1,4021.0,514,2,4021.2,10,1,4021.3,5,1,4021.5,2,1,4021.6,5,1
11483,2026-07-02 11:42:28+05:30,4021.0,8,4043.2,971085,139296.0,157570.0,4100.0,4110.0,4012.0,4092.6,24083325,4501.8,3683.4,4440.0,3288.1,4020.0,570,9,4019.8,3,2,4019.7,5,1,4019.6,13,2,4019.3,1,1,4021.0,514,2,4021.2,10,1,4021.3,5,1,4021.5,2,1,4021.6,5,1
11483,2026-07-02 11:42:28+05:30,4021.0,8,4043.2,971100,139379.0,157551.0,4100.0,4110.0,4012.0,4092.6,24083325,4501.8,3683.4,4440.0,3288.1,4020.0,563,9,4019.8,3,2,4019.7,8,1,4019.6,19,2,4019.5,38,1,4021.0,506,2,4021.2,10,1,4021.6,5,1,4021.7,26,2,4021.8,27,3
11483,2026-07-02 11:42:29+05:30,4020.0,5,4043.2,971100,139379.0,157551.0,4100.0,4110.0,4012.0,4092.6,24083325,4501.8,3683.4,4440.0,3288.1,4020.0,563,9,4019.8,3,2,4019.7,8,1,4019.6,19,2,4019.5,38,1,4021.0,506,2,4021.2,10,1,4021.6,5,1,4021.7,26,2,4021.8,27,3
11483,2026-07-02 11:42:30+05:30,4020.0,5,4043.2,971107,139486.0,157509.0,4100.0,4110.0,4012.0,4092.6,24083325,4501.8,3683.4,4440.0,3288.1,4020.5,2,1,4020.0,596,10,4019.8,3,2,4019.7,8,1,4019.6,20,3,4021.0,506,2,4021.2,10,1,4021.6,5,1,4021.7,24,1,4021.8,8,1
11483,2026-07-02 11:42:30+05:30,4021.0,3,4043.2,971107,139486.0,157509.0,4100.0,4110.0,4012.0,4092.6,24083325,4501.8,3683.4,4440.0,3288.1,4020.5,2,1,4020.0,596,10,4019.8,3,2,4019.7,8,1,4019.6,20,3,4021.0,506,2,4021.2,10,1,4021.6,5,1,4021.7,24,1,4021.8,8,1
11483,2026-07-02 11:42:31+05:30,4021.0,3,4043.2,971111,139623.0,157498.0,4100.0,4110.0,4012.0,4092.6,24083325,4501.8,3683.4,4440.0,3288.1,4020.5,10,4,4020.0,596,10,4019.8,3,2,4019.7,8,1,4019.6,20,3,4021.0,503,2,4021.2,10,1,4021.6,5,1,4021.7,24,1,4021.8,10,2
11483,2026-07-02 11:42:31+05:30,4021.0,25,4043.2,971111,139623.0,157498.0,4100.0,4110.0,4012.0,4092.6,24083325,4501.8,3683.4,4440.0,3288.1,4020.5,10,4,4020.0,596,10,4019.8,3,2,4019.7,8,1,4019.6,20,3,4021.0,503,2,4021.2,10,1,4021.6,5,1,4021.7,24,1,4021.8,10,2
11483,2026-07-02 11:42:32+05:30,4021.0,25,4043.2,971138,139633.0,157441.0,4100.0,4110.0,4012.0,4092.6,24083325,4501.8,3683.4,4440.0,3288.1,4020.7,1,1,4020.5,10,4,4020.2,100,1,4020.0,598,12,4019.8,2,1,4021.0,476,2,4021.2,10,1,4021.6,5,1,4021.8,8,1,4021.9,39,4
11483,2026-07-02 11:42:32+05:30,4020.7,3,4043.2,971138,139633.0,157441.0,4100.0,4110.0,4012.0,4092.6,24083325,4501.8,3683.4,4440.0,3288.1,4020.7,1,1,4020.5,10,4,4020.2,100,1,4020.0,598,12,4019.8,2,1,4021.0,476,2,4021.2,10,1,4021.6,5,1,4021.8,8,1,4021.9,39,4
11483,2026-07-02 11:42:33+05:30,4020.7,3,4043.2,971141,139702.0,157598.0,4100.0,4110.0,4012.0,4092.6,24083325,4501.8,3683.4,4440.0,3288.1,4020.5,10,4,4020.2,100,1,4020.0,601,13,4019.8,2,1,4019.7,9,2,4020.7,1,1,4021.0,476,2,4021.2,10,1,4021.6,5,1,4021.8,8,1
11483,2026-07-02 11:42:33+05:30,4020.7,1,4043.2,971141,139702.0,157598.0,4100.0,4110.0,4012.0,4092.6,24083325,4501.8,3683.4,4440.0,3288.1,4020.5,10,4,4020.2,100,1,4020.0,601,13,4019.8,2,1,4019.7,9,2,4020.7,1,1,4021.0,476,2,4021.2,10,1,4021.6,5,1,4021.8,8,1
11483,2026-07-02 11:42:34+05:30,4020.7,1,4043.2,971157,139702.0,157586.0,4100.0,4110.0,4012.0,4092.6,24083325,4501.8,3683.4,4440.0,3288.1,4020.5,9,3,4020.2,100,1,4020.0,601,13,4019.8,2,1,4019.7,9,2,4021.0,462,2,4021.2,10,1,4021.6,5,1,4021.8,8,1,4021.9,37,3
11483,2026-07-02 11:42:34+05:30,4021.0,1,4043.2,971157,139702.0,157586.0,4100.0,4110.0,4012.0,4092.6,24083325,4501.8,3683.4,4440.0,3288.1,4020.5,9,3,4020.2,100,1,4020.0,601,13,4019.8,2,1,4019.7,9,2,4021.0,462,2,4021.2,10,1,4021.6,5,1,4021.8,8,1,4021.9,37,3
11483,2026-07-02 11:42:35+05:30,4021.0,1,4043.2,971160,140058.0,158753.0,4100.0,4110.0,4012.0,4092.6,24083325,4501.8,3683.4,4440.0,3288.1,4020.6,2,1,4020.5,8,2,4020.2,100,1,4020.0,604,14,4019.8,3,2,4021.0,461,2,4021.2,10,1,4021.6,5,1,4021.8,8,1,4021.9,37,3
11483,2026-07-02 11:42:35+05:30,4021.0,16,4043.2,971160,140058.0,158753.0,4100.0,4110.0,4012.0,4092.6,24083325,4501.8,3683.4,4440.0,3288.1,4020.6,2,1,4020.5,8,2,4020.2,100,1,4020.0,604,14,4019.8,3,2,4021.0,461,2,4021.2,10,1,4021.6,5,1,4021.8,8,1,4021.9,37,3
11483,2026-07-02 11:42:36+05:30,4021.0,16,4043.2,971176,140080.0,158737.0,4100.0,4110.0,4012.0,4092.6,24083325,4501.8,3683.4,4440.0,3288.1,4020.6,2,1,4020.5,8,2,4020.2,100,1,4020.0,604,14,4019.8,23,3,4021.0,445,2,4021.2,10,1,4021.6,5,1,4021.8,8,1,4021.9,31,2
11483,2026-07-02 11:42:36+05:30,4021.0,4,4043.2,971176,140080.0,158737.0,4100.0,4110.0,4012.0,4092.6,24083325,4501.8,3683.4,4440.0,3288.1,4020.6,2,1,4020.5,8,2,4020.2,100,1,4020.0,604,14,4019.8,23,3,4021.0,445,2,4021.2,10,1,4021.6,5,1,4021.8,8,1,4021.9,31,2
11483,2026-07-02 11:42:37+05:30,4021.0,4,4043.2,971182,140069.0,158774.0,4100.0,4110.0,4012.0,4092.6,24083325,4501.8,3683.4,4440.0,3288.1,4020.6,2,1,4020.5,9,3,4020.2,100,1,4020.0,604,14,4019.8,2,1,4021.0,441,2,4021.2,10,1,4021.6,5,1,4021.7,2,1,4021.8,43,2
11483,2026-07-02 11:42:37+05:30,4021.0,1,4043.2,971182,140069.0,158774.0,4100.0,4110.0,4012.0,4092.6,24083325,4501.8,3683.4,4440.0,3288.1,4020.6,2,1,4020.5,9,3,4020.2,100,1,4020.0,604,14,4019.8,2,1,4021.0,441,2,4021.2,10,1,4021.6,5,1,4021.7,2,1,4021.8,43,2
11483,2026-07-02 11:42:37+05:30,4021.0,1,4043.2,971199,140094.0,158742.0,4100.0,4110.0,4012.0,4092.6,24083325,4501.8,3683.4,4440.0,3288.1,4020.5,2,2,4020.2,100,1,4020.0,604,14,4019.8,2,1,4019.7,20,1,4021.0,425,2,4021.2,10,1,4021.4,12,1,4021.5,7,1,4021.6,5,1
11483,2026-07-02 11:42:38+05:30,4020.5,1,4043.2,971199,140094.0,158742.0,4100.0,4110.0,4012.0,4092.6,24083325,4501.8,3683.4,4440.0,3288.1,4020.5,2,2,4020.2,100,1,4020.0,604,14,4019.8,2,1,4019.7,20,1,4021.0,425,2,4021.2,10,1,4021.4,12,1,4021.5,7,1,4021.6,5,1
11483,2026-07-02 11:42:38+05:30,4020.5,1,4043.2,971201,139691.0,158839.0,4100.0,4110.0,4012.0,4092.6,24083325,4501.8,3683.4,4440.0,3288.1,4020.2,100,1,4020.0,604,14,4019.8,2,1,4019.6,29,2,4019.3,31,3,4021.0,430,3,4021.2,10,1,4021.5,7,1,4021.6,5,1,4021.7,62,4
11483,2026-07-02 11:42:39+05:30,4021.0,1,4043.2,971201,139691.0,158839.0,4100.0,4110.0,4012.0,4092.6,24083325,4501.8,3683.4,4440.0,3288.1,4020.2,100,1,4020.0,604,14,4019.8,2,1,4019.6,29,2,4019.3,31,3,4021.0,430,3,4021.2,10,1,4021.5,7,1,4021.6,5,1,4021.7,62,4
11483,2026-07-02 11:42:39+05:30,4021.0,1,4043.2,971203,139685.0,158844.0,4100.0,4110.0,4012.0,4092.6,24083325,4501.8,3683.4,4440.0,3288.1,4020.2,99,1,4020.0,634,15,4019.8,2,1,4019.6,29,2,4019.4,1,1,4021.0,439,4,4021.2,10,1,4021.5,7,1,4021.6,5,1,4021.7,53,3
11483,2026-07-02 11:42:40+05:30,4021.0,10,4043.2,971203,139685.0,158844.0,4100.0,4110.0,4012.0,4092.6,24083325,4501.8,3683.4,4440.0,3288.1,4020.2,99,1,4020.0,634,15,4019.8,2,1,4019.6,29,2,4019.4,1,1,4021.0,439,4,4021.2,10,1,4021.5,7,1,4021.6,5,1,4021.7,53,3
11483,2026-07-02 11:42:40+05:30,4021.0,10,4043.2,971238,139763.0,158758.0,4100.0,4110.0,4012.0,4092.6,24083325,4501.8,3683.4,4440.0,3288.1,4020.5,20,1,4020.2,74,1,4020.0,634,15,4019.8,2,1,4019.6,5,1,4021.0,429,4,4021.2,10,1,4021.5,7,1,4021.6,5,1,4021.7,53,3
11483,2026-07-02 11:42:41+05:30,4021.0,10,4043.2,971238,139763.0,158758.0,4100.0,4110.0,4012.0,4092.6,24083325,4501.8,3683.4,4440.0,3288.1,4020.5,20,1,4020.2,74,1,4020.0,634,15,4019.8,2,1,4019.6,5,1,4021.0,429,4,4021.2,10,1,4021.5,7,1,4021.6,5,1,4021.7,53,3
11483,2026-07-02 11:42:41+05:30,4021.0,1,4043.2,971238,139763.0,158758.0,4100.0,4110.0,4012.0,4092.6,24083325,4501.8,3683.4,4440.0,3288.1,4020.5,20,1,4020.2,74,1,4020.0,634,15,4019.8,2,1,4019.6,5,1,4021.0,429,4,4021.2,10,1,4021.5,7,1,4021.6,5,1,4021.7,53,3
11483,2026-07-02 11:42:41+05:30,4021.0,1,4043.2,971243,139816.0,158756.0,4100.0,4110.0,4012.0,4092.6,24083325,4501.8,3683.4,4440.0,3288.1,4020.5,16,1,4020.2,74,1,4020.0,638,17,4019.8,2,1,4019.6,5,1,4021.0,434,6,4021.1,7,1,4021.2,20,2,4021.5,7,1,4021.6,5,1
11483,2026-07-02 11:42:42+05:30,4021.0,1,4043.2,971243,139816.0,158756.0,4100.0,4110.0,4012.0,4092.6,24083325,4501.8,3683.4,4440.0,3288.1,4020.5,16,1,4020.2,74,1,4020.0,638,17,4019.8,2,1,4019.6,5,1,4021.0,434,6,4021.1,7,1,4021.2,20,2,4021.5,7,1,4021.6,5,1
11483,2026-07-02 11:42:42+05:30,4020.7,1,4043.19,971445,139949.0,158522.0,4100.0,4110.0,4012.0,4092.6,24083325,4501.8,3683.4,4440.0,3288.1,4020.7,1,1,4020.5,15,1,4020.2,74,1,4020.0,658,18,4019.8,2,1,4021.0,234,6,4021.2,10,1,4021.3,8,1,4021.5,7,1,4021.6,5,1
11483,2026-07-02 11:42:42+05:30,4020.7,2,4043.19,971445,139949.0,158522.0,4100.0,4110.0,4012.0,4092.6,24083325,4501.8,3683.4,4440.0,3288.1,4020.7,1,1,4020.5,15,1,4020.2,74,1,4020.0,658,18,4019.8,2,1,4021.0,234,6,4021.2,10,1,4021.3,8,1,4021.5,7,1,4021.6,5,1
11483,2026-07-02 11:42:43+05:30,4020.7,2,4043.19,971445,139949.0,158522.0,4100.0,4110.0,4012.0,4092.6,24083325,4501.8,3683.4,4440.0,3288.1,4020.7,1,1,4020.5,15,1,4020.2,74,1,4020.0,658,18,4019.8,2,1,4021.0,234,6,4021.2,10,1,4021.3,8,1,4021.5,7,1,4021.6,5,1
11483,2026-07-02 11:42:43+05:30,4020.7,1,4043.19,971445,139949.0,158522.0,4100.0,4110.0,4012.0,4092.6,24083325,4501.8,3683.4,4440.0,3288.1,4020.7,1,1,4020.5,15,1,4020.2,74,1,4020.0,658,18,4019.8,2,1,4021.0,234,6,4021.2,10,1,4021.3,8,1,4021.5,7,1,4021.6,5,1
11483,2026-07-02 11:42:43+05:30,4020.7,1,4043.19,971458,139973.0,158625.0,4100.0,4110.0,4012.0,4092.6,24083325,4501.8,3683.4,4440.0,3288.1,4020.5,15,1,4020.3,15,1,4020.2,74,1,4020.0,673,20,4019.8,2,1,4020.7,3,2,4021.0,334,7,4021.2,10,1,4021.3,8,1,4021.5,7,1
11483,2026-07-02 11:42:44+05:30,4020.7,1,4043.19,971458,139973.0,158625.0,4100.0,4110.0,4012.0,4092.6,24083325,4501.8,3683.4,4440.0,3288.1,4020.5,15,1,4020.3,15,1,4020.2,74,1,4020.0,673,20,4019.8,2,1,4020.7,3,2,4021.0,334,7,4021.2,10,1,4021.3,8,1,4021.5,7,1
11483,2026-07-02 11:42:44+05:30,4020.5,2,4043.19,971458,139973.0,158625.0,4100.0,4110.0,4012.0,4092.6,24083325,4501.8,3683.4,4440.0,3288.1,4020.5,15,1,4020.3,15,1,4020.2,74,1,4020.0,673,20,4019.8,2,1,4020.7,3,2,4021.0,334,7,4021.2,10,1,4021.3,8,1,4021.5,7,1
11483,2026-07-02 11:42:44+05:30,4020.5,2,4043.19,971465,139990.0,158625.0,4100.0,4110.0,4012.0,4092.6,24083325,4501.8,3683.4,4440.0,3288.1,4020.5,8,1,4020.3,15,1,4020.2,74,1,4020.0,673,20,4019.8,2,1,4020.7,3,2,4021.0,334,7,4021.2,10,1,4021.3,8,1,4021.5,7,1
11483,2026-07-02 11:42:45+05:30,4020.5,2,4043.19,971465,139990.0,158625.0,4100.0,4110.0,4012.0,4092.6,24083325,4501.8,3683.4,4440.0,3288.1,4020.5,8,1,4020.3,15,1,4020.2,74,1,4020.0,673,20,4019.8,2,1,4020.7,3,2,4021.0,334,7,4021.2,10,1,4021.3,8,1,4021.5,7,1
11483,2026-07-02 11:42:45+05:30,4020.5,2,4043.19,971465,139990.0,158625.0,4100.0,4110.0,4012.0,4092.6,24097150,4501.8,3683.4,4440.0,3288.1,4020.5,8,1,4020.3,15,1,4020.2,74,1,4020.0,673,20,4019.8,2,1,4020.7,3,2,4021.0,334,7,4021.2,10,1,4021.3,8,1,4021.5,7,1
11483,2026-07-02 11:42:45+05:30,4020.7,3,4043.19,971465,139990.0,158625.0,4100.0,4110.0,4012.0,4092.6,24097150,4501.8,3683.4,4440.0,3288.1,4020.5,8,1,4020.3,15,1,4020.2,74,1,4020.0,673,20,4019.8,2,1,4020.7,3,2,4021.0,334,7,4021.2,10,1,4021.3,8,1,4021.5,7,1
11483,2026-07-02 11:42:45+05:30,4020.7,3,4043.19,971473,139985.0,158678.0,4100.0,4110.0,4012.0,4092.6,24097150,4501.8,3683.4,4440.0,3288.1,4020.5,8,1,4020.3,15,1,4020.2,74,1,4020.0,673,20,4019.8,2,1,4020.7,3,1,4021.0,334,7,4021.2,10,1,4021.3,8,1,4021.5,7,1
11483,2026-07-02 11:42:46+05:30,4020.7,3,4043.19,971473,139985.0,158678.0,4100.0,4110.0,4012.0,4092.6,24097150,4501.8,3683.4,4440.0,3288.1,4020.5,8,1,4020.3,15,1,4020.2,74,1,4020.0,673,20,4019.8,2,1,4020.7,3,1,4021.0,334,7,4021.2,10,1,4021.3,8,1,4021.5,7,1
11483,2026-07-02 11:42:46+05:30,4021.0,1,4043.19,971479,140025.0,158719.0,4100.0,4110.0,4012.0,4092.6,24097150,4501.8,3683.4,4440.0,3288.1,4020.7,1,1,4020.5,7,1,4020.2,74,1,4020.0,673,20,4019.8,2,1,4021.0,333,7,4021.1,8,1,4021.2,10,1,4021.3,8,1,4021.5,7,1
11483,2026-07-02 11:42:46+05:30,4021.0,5,4043.19,971479,140025.0,158719.0,4100.0,4110.0,4012.0,4092.6,24097150,4501.8,3683.4,4440.0,3288.1,4020.7,1,1,4020.5,7,1,4020.2,74,1,4020.0,673,20,4019.8,2,1,4021.0,333,7,4021.1,8,1,4021.2,10,1,4021.3,8,1,4021.5,7,1
11483,2026-07-02 11:42:47+05:30,4021.0,5,4043.19,971479,140025.0,158719.0,4100.0,4110.0,4012.0,4092.6,24097150,4501.8,3683.4,4440.0,3288.1,4020.7,1,1,4020.5,7,1,4020.2,74,1,4020.0,673,20,4019.8,2,1,4021.0,333,7,4021.1,8,1,4021.2,10,1,4021.3,8,1,4021.5,7,1
11483,2026-07-02 11:42:47+05:30,4021.0,50,4043.19,971541,140044.0,158673.0,4100.0,4110.0,4012.0,4092.6,24097150,4501.8,3683.4,4440.0,3288.1,4020.7,1,1,4020.5,7,1,4020.2,74,1,4020.0,683,21,4019.8,2,1,4021.0,272,7,4021.1,8,1,4021.2,10,1,4021.3,8,1,4021.5,7,1
11483,2026-07-02 11:42:47+05:30,4020.7,2,4043.19,971541,140044.0,158673.0,4100.0,4110.0,4012.0,4092.6,24097150,4501.8,3683.4,4440.0,3288.1,4020.7,1,1,4020.5,7,1,4020.2,74,1,4020.0,683,21,4019.8,2,1,4021.0,272,7,4021.1,8,1,4021.2,10,1,4021.3,8,1,4021.5,7,1
11483,2026-07-02 11:42:48+05:30,4021.0,4,4043.19,971553,140108.0,158660.0,4100.0,4110.0,4012.0,4092.6,24097150,4501.8,3683.4,4440.0,3288.1,4020.5,7,1,4020.3,15,1,4020.2,74,1,4020.0,683,21,4019.8,2,1,4021.0,268,7,4021.1,8,1,4021.2,10,1,4021.6,5,1,4021.7,16,1
11483,2026-07-02 11:42:48+05:30,4020.5,1,4043.19,971553,140108.0,158660.0,4100.0,4110.0,4012.0,4092.6,24097150,4501.8,3683.4,4440.0,3288.1,4020.5,7,1,4020.3,15,1,4020.2,74,1,4020.0,683,21,4019.8,2,1,4021.0,268,7,4021.1,8,1,4021.2,10,1,4021.6,5,1,4021.7,16,1
11483,2026-07-02 11:42:49+05:30,4020.5,1,4043.19,971554,140543.0,158609.0,4100.0,4110.0,4012.0,4092.6,24097150,4501.8,3683.4,4440.0,3288.1,4020.5,7,2,4020.4,1,1,4020.3,15,1,4020.2,74,1,4020.0,1183,22,4021.0,268,7,4021.1,8,1,4021.2,10,1,4021.6,5,1,4021.7,16,1
11483,2026-07-02 11:42:51+05:30,4021.0,50,4043.19,971604,140671.0,158463.0,4100.0,4110.0,4012.0,4092.6,24097150,4501.8,3683.4,4440.0,3288.1,4020.5,17,4,4020.4,1,1,4020.3,15,1,4020.2,74,1,4020.0,1191,23,4021.0,218,7,4021.1,8,1,4021.2,10,1,4021.6,5,1,4021.7,16,1
11483,2026-07-02 11:42:51+05:30,4021.0,10,4043.19,971604,140671.0,158463.0,4100.0,4110.0,4012.0,4092.6,24097150,4501.8,3683.4,4440.0,3288.1,4020.5,17,4,4020.4,1,1,4020.3,15,1,4020.2,74,1,4020.0,1191,23,4021.0,218,7,4021.1,8,1,4021.2,10,1,4021.6,5,1,4021.7,16,1
11483,2026-07-02 11:42:51+05:30,4021.0,10,4043.19,971630,140684.0,158538.0,4100.0,4110.0,4012.0,4092.6,24097150,4501.8,3683.4,4440.0,3288.1,4020.3,32,4,4020.2,76,2,4020.0,1198,24,4019.9,33,3,4019.8,13,3,4020.5,1,1,4021.0,203,6,4021.1,8,1,4021.8,8,1,4021.9,26,1
11483,2026-07-02 11:42:52+05:30,4020.4,1,4043.19,971630,140684.0,158538.0,4100.0,4110.0,4012.0,4092.6,24097150,4501.8,3683.4,4440.0,3288.1,4020.3,32,4,4020.2,76,2,4020.0,1198,24,4019.9,33,3,4019.8,13,3,4020.5,1,1,4021.0,203,6,4021.1,8,1,4021.8,8,1,4021.9,26,1
11483,2026-07-02 11:42:52+05:30,4020.4,1,4043.19,971634,140629.0,158540.0,4100.0,4110.0,4012.0,4092.6,24097150,4501.8,3683.4,4440.0,3288.1,4020.4,1,1,4020.3,29,3,4020.2,74,1,4020.0,1198,24,4019.9,9,2,4020.5,1,1,4021.0,203,6,4021.1,8,1,4021.8,8,1,4021.9,26,1
11483,2026-07-02 11:42:53+05:30,4020.3,5,4043.19,971655,140550.0,158552.0,4100.0,4110.0,4012.0,4092.6,24097150,4501.8,3683.4,4440.0,3288.1,4020.2,90,3,4020.0,1177,22,4019.9,8,1,4019.8,13,3,4019.7,7,1,4020.4,1,1,4020.5,2,2,4021.0,203,6,4021.1,8,1,4021.6,5,1
11483,2026-07-02 11:42:53+05:30,4020.2,2,4043.19,971655,140550.0,158552.0,4100.0,4110.0,4012.0,4092.6,24097150,4501.8,3683.4,4440.0,3288.1,4020.2,90,3,4020.0,1177,22,4019.9,8,1,4019.8,13,3,4019.7,7,1,4020.4,1,1,4020.5,2,2,4021.0,203,6,4021.1,8,1,4021.6,5,1
11483,2026-07-02 11:42:54+05:30,4021.0,5,4043.19,971655,140550.0,158552.0,4100.0,4110.0,4012.0,4092.6,24097150,4501.8,3683.4,4440.0,3288.1,4020.2,90,3,4020.0,1177,22,4019.9,8,1,4019.8,13,3,4019.7,7,1,4020.4,1,1,4020.5,2,2,4021.0,203,6,4021.1,8,1,4021.6,5,1
11483,2026-07-02 11:42:54+05:30,4021.0,5,4043.18,971893,141677.0,157745.0,4100.0,4110.0,4012.0,4092.6,24097150,4501.8,3683.4,4440.0,3288.1,4020.9,40,4,4020.8,6,1,4020.7,20,2,4020.6,16,3,4020.5,53,3,4021.1,8,1,4022.0,101,4,4022.2,17,2,4022.3,8,1,4022.4,13,1
11483,2026-07-02 11:42:55+05:30,4021.1,1,4043.18,971893,141677.0,157745.0,4100.0,4110.0,4012.0,4092.6,24097150,4501.8,3683.4,4440.0,3288.1,4020.9,40,4,4020.8,6,1,4020.7,20,2,4020.6,16,3,4020.5,53,3,4021.1,8,1,4022.0,101,4,4022.2,17,2,4022.3,8,1,4022.4,13,1
11483,2026-07-02 11:42:56+05:30,4021.1,1,4043.18,971934,141618.0,157474.0,4100.0,4110.0,4012.0,4092.6,24097150,4501.8,3683.4,4440.0,3288.1,4021.1,24,1,4021.0,9,2,4020.9,23,1,4020.8,6,1,4020.7,47,4,4022.0,101,4,4022.2,17,2,4022.3,8,1,4022.5,17,1,4022.7,110,5
11483,2026-07-02 11:42:56+05:30,4021.1,4,4043.18,971934,141618.0,157474.0,4100.0,4110.0,4012.0,4092.6,24097150,4501.8,3683.4,4440.0,3288.1,4021.1,24,1,4021.0,9,2,4020.9,23,1,4020.8,6,1,4020.7,47,4,4022.0,101,4,4022.2,17,2,4022.3,8,1,4022.5,17,1,4022.7,110,5
11483,2026-07-02 11:42:57+05:30,4021.1,4,4043.18,971942,141575.0,157435.0,4100.0,4110.0,4012.0,4092.6,24097150,4501.8,3683.4,4440.0,3288.1,4021.1,16,1,4021.0,9,2,4020.9,23,1,4020.8,6,1,4020.7,47,4,4022.0,101,4,4022.2,17,2,4022.3,8,1,4022.5,17,1,4022.7,110,5
11483,2026-07-02 11:42:57+05:30,4022.0,33,4043.18,971942,141575.0,157435.0,4100.0,4110.0,4012.0,4092.6,24097150,4501.8,3683.4,4440.0,3288.1,4021.1,16,1,4021.0,9,2,4020.9,23,1,4020.8,6,1,4020.7,47,4,4022.0,101,4,4022.2,17,2,4022.3,8,1,4022.5,17,1,4022.7,110,5
11483,2026-07-02 11:42:57+05:30,4022.0,33,4043.18,971996,142285.0,156727.0,4100.0,4110.0,4012.0,4092.6,24097150,4501.8,3683.4,4440.0,3288.1,4021.1,44,5,4021.0,2,1,4020.9,23,1,4020.8,38,3,4020.7,30,3,4022.0,48,3,4022.2,17,2,4022.3,8,1,4022.7,11,2,4023.0,30,3
11483,2026-07-02 11:42:58+05:30,4020.8,1,4043.18,971996,142285.0,156727.0,4100.0,4110.0,4012.0,4092.6,24097150,4501.8,3683.4,4440.0,3288.1,4021.1,44,5,4021.0,2,1,4020.9,23,1,4020.8,38,3,4020.7,30,3,4022.0,48,3,4022.2,17,2,4022.3,8,1,4022.7,11,2,4023.0,30,3
11483,2026-07-02 11:42:58+05:30,4020.8,1,4043.18,972065,142265.0,156904.0,4100.0,4110.0,4012.0,4092.6,24097150,4501.8,3683.4,4440.0,3288.1,4021.0,39,3,4020.9,6,1,4020.8,5,1,4020.7,30,3,4020.6,39,5,4022.0,41,3,4022.2,17,2,4022.3,8,1,4022.7,11,2,4022.8,24,1
11483,2026-07-02 11:42:59+05:30,4022.0,26,4043.18,972065,142265.0,156904.0,4100.0,4110.0,4012.0,4092.6,24097150,4501.8,3683.4,4440.0,3288.1,4021.0,39,3,4020.9,6,1,4020.8,5,1,4020.7,30,3,4020.6,39,5,4022.0,41,3,4022.2,17,2,4022.3,8,1,4022.7,11,2,4022.8,24,1
11483,2026-07-02 11:42:59+05:30,4022.0,26,4043.18,972113,142175.0,156887.0,4100.0,4110.0,4012.0,4092.6,24097150,4501.8,3683.4,4440.0,3288.1,4021.0,26,2,4020.8,5,1,4020.7,30,3,4020.6,22,4,4020.5,52,4,4022.0,9,2,4022.2,17,2,4022.3,8,1,4022.6,4,1,4022.7,23,3
11483,2026-07-02 11:43:00+05:30,4021.0,6,4043.18,972119,142310.0,156894.0,4100.0,4110.0,4012.0,4092.6,24097150,4501.8,3683.4,4440.0,3288.1,4021.5,2,2,4021.0,35,3,4020.8,5,1,4020.7,30,3,4020.6,22,4,4022.0,9,2,4022.2,17,2,4022.3,8,1,4022.7,29,2,4022.8,24,1
11483,2026-07-02 11:43:00+05:30,4021.5,1,4043.18,972119,142310.0,156894.0,4100.0,4110.0,4012.0,4092.6,24097150,4501.8,3683.4,4440.0,3288.1,4021.5,2,2,4021.0,35,3,4020.8,5,1,4020.7,30,3,4020.6,22,4,4022.0,9,2,4022.2,17,2,4022.3,8,1,4022.7,29,2,4022.8,24,1
11483,2026-07-02 11:43:01+05:30,4021.5,1,4043.18,972120,142421.0,156920.0,4100.0,4110.0,4012.0,4092.6,24097150,4501.8,3683.4,4440.0,3288.1,4021.5,9,3,4021.0,25,2,4020.8,5,1,4020.7,30,3,4020.6,22,4,4022.0,9,2,4022.2,17,2,4022.3,8,1,4022.7,29,2,4022.8,24,1
11483,2026-07-02 11:43:02+05:30,4021.5,7,4043.18,972120,142421.0,156920.0,4100.0,4110.0,4012.0,4092.6,24097150,4501.8,3683.4,4440.0,3288.1,4021.5,9,3,4021.0,25,2,4020.8,5,1,4020.7,30,3,4020.6,22,4,4022.0,9,2,4022.2,17,2,4022.3,8,1,4022.7,29,2,4022.8,24,1
11483,2026-07-02 11:43:02+05:30,4021.5,7,4043.18,972131,142441.0,156730.0,4100.0,4110.0,4012.0,4092.6,24097150,4501.8,3683.4,4440.0,3288.1,4021.5,1,1,4021.0,47,4,4020.8,9,2,4020.7,30,3,4020.6,28,5,4022.0,9,2,4022.2,17,2,4022.3,8,1,4022.7,29,2,4022.8,24,1
11483,2026-07-02 11:43:03+05:30,4022.0,1,4043.18,972133,142453.0,156750.0,4100.0,4110.0,4012.0,4092.6,24097150,4501.8,3683.4,4440.0,3288.1,4021.5,1,1,4021.0,60,5,4020.9,14,1,4020.8,26,3,4020.7,30,3,4022.0,9,3,4022.2,17,2,4022.3,8,1,4022.7,6,1,4022.8,24,1
11483,2026-07-02 11:43:03+05:30,4022.0,1,4043.18,972133,142453.0,156750.0,4100.0,4110.0,4012.0,4092.6,24097150,4501.8,3683.4,4440.0,3288.1,4021.5,1,1,4021.0,60,5,4020.9,14,1,4020.8,26,3,4020.7,30,3,4022.0,9,3,4022.2,17,2,4022.3,8,1,4022.7,6,1,4022.8,24,1
11483,2026-07-02 11:43:04+05:30,4022.0,1,4043.18,972147,142272.0,156978.0,4100.0,4110.0,4012.0,4092.6,24097150,4501.8,3683.4,4440.0,3288.1,4021.6,2,1,4021.5,8,2,4021.0,38,3,4020.9,21,2,4020.8,9,2,4022.1,175,1,4022.2,14,2,4022.3,8,1,4022.8,14,3,4022.9,4,1
11483,2026-07-02 11:43:04+05:30,4021.6,1,4043.18,972147,142272.0,156978.0,4100.0,4110.0,4012.0,4092.6,24097150,4501.8,3683.4,4440.0,3288.1,4021.6,2,1,4021.5,8,2,4021.0,38,3,4020.9,21,2,4020.8,9,2,4022.1,175,1,4022.2,14,2,4022.3,8,1,4022.8,14,3,4022.9,4,1
11483,2026-07-02 11:43:05+05:30,4022.2,2,4043.18,972153,142277.0,156682.0,4100.0,4110.0,4012.0,4092.6,24097150,4501.8,3683.4,4440.0,3288.1,4021.6,2,1,4021.5,8,2,4021.0,38,3,4020.9,14,1,4020.8,9,2,4022.2,11,2,4022.3,8,1,4022.8,6,1,4022.9,4,1,4023.0,40,3
11483,2026-07-02 11:43:05+05:30,4021.6,1,4043.18,972153,142277.0,156682.0,4100.0,4110.0,4012.0,4092.6,24097150,4501.8,3683.4,4440.0,3288.1,4021.6,2,1,4021.5,8,2,4021.0,38,3,4020.9,14,1,4020.8,9,2,4022.2,11,2,4022.3,8,1,4022.8,6,1,4022.9,4,1,4023.0,40,3
11483,2026-07-02 11:43:06+05:30,4022.8,23,4043.18,972153,142277.0,156682.0,4100.0,4110.0,4012.0,4092.6,24097150,4501.8,3683.4,4440.0,3288.1,4021.6,2,1,4021.5,8,2,4021.0,38,3,4020.9,14,1,4020.8,9,2,4022.2,11,2,4022.3,8,1,4022.8,6,1,4022.9,4,1,4023.0,40,3
11483,2026-07-02 11:43:06+05:30,4022.8,23,4043.18,972217,142257.0,156552.0,4100.0,4110.0,4012.0,4092.6,24097150,4501.8,3683.4,4440.0,3288.1,4021.6,1,1,4021.5,8,2,4021.1,36,1,4021.0,38,3,4020.9,14,1,4023.0,38,6,4023.1,112,4,4023.2,43,4,4023.3,45,3,4023.4,14,2
11483,2026-07-02 11:43:07+05:30,4022.9,2,4043.18,972217,142257.0,156552.0,4100.0,4110.0,4012.0,4092.6,24097150,4501.8,3683.4,4440.0,3288.1,4021.6,1,1,4021.5,8,2,4021.1,36,1,4021.0,38,3,4020.9,14,1,4023.0,38,6,4023.1,112,4,4023.2,43,4,4023.3,45,3,4023.4,14,2
11483,2026-07-02 11:43:07+05:30,4022.9,2,4043.18,972231,142288.0,156630.0,4100.0,4110.0,4012.0,4092.6,24097150,4501.8,3683.4,4440.0,3288.1,4022.0,30,1,4021.5,8,2,4021.1,37,2,4021.0,25,2,4020.8,7,2,4022.9,48,2,4023.0,18,4,4023.2,43,4,4023.3,12,2,4023.4,23,2
11483,2026-07-02 11:43:08+05:30,4022.0,3,4043.18,972231,142288.0,156630.0,4100.0,4110.0,4012.0,4092.6,24097150,4501.8,3683.4,4440.0,3288.1,4022.0,30,1,4021.5,8,2,4021.1,37,2,4021.0,25,2,4020.8,7,2,4022.9,48,2,4023.0,18,4,4023.2,43,4,4023.3,12,2,4023.4,23,2
11483,2026-07-02 11:43:08+05:30,4022.0,3,4043.18,972237,142216.0,156758.0,4100.0,4110.0,4012.0,4092.6,24097150,4501.8,3683.4,4440.0,3288.1,4022.0,40,3,4021.5,8,2,4021.1,37,2,4021.0,25,2,4020.8,5,1,4022.8,184,3,4022.9,35,2,4023.0,48,4,4023.1,6,1,4023.2,65,4
11483,2026-07-02 11:43:09+05:30,4021.8,7,4043.18,972237,142216.0,156758.0,4100.0,4110.0,4012.0,4092.6,24097150,4501.8,3683.4,4440.0,3288.1,4022.0,40,3,4021.5,8,2,4021.1,37,2,4021.0,25,2,4020.8,5,1,4022.8,184,3,4022.9,35,2,4023.0,48,4,4023.1,6,1,4023.2,65,4
11483,2026-07-02 11:43:09+05:30,4021.8,7,4043.17,972297,142330.0,157188.0,4100.0,4110.0,4012.0,4092.6,24097150,4501.8,3683.4,4440.0,3288.1,4021.6,49,1,4021.1,32,1,4021.0,24,2,4020.8,6,1,4020.7,20,2,4022.0,21,3,4022.8,50,3,4022.9,22,1,4023.0,66,6,4023.1,18,1
11483,2026-07-02 11:43:10+05:30,4021.6,8,4043.17,972305,142328.0,157211.0,4100.0,4110.0,4012.0,4092.6,24097150,4501.8,3683.4,4440.0,3288.1,4021.6,41,1,4021.1,32,1,4021.0,24,2,4020.8,6,1,4020.7,20,2,4022.0,21,3,4022.8,50,3,4022.9,22,1,4023.0,83,7,4023.1,18,1
11483,2026-07-02 11:43:10+05:30,4021.6,1,4043.17,972305,142328.0,157211.0,4100.0,4110.0,4012.0,4092.6,24097150,4501.8,3683.4,4440.0,3288.1,4021.6,41,1,4021.1,32,1,4021.0,24,2,4020.8,6,1,4020.7,20,2,4022.0,21,3,4022.8,50,3,4022.9,22,1,4023.0,83,7,4023.1,18,1
11483,2026-07-02 11:43:11+05:30,4021.6,3,4043.17,972313,142319.0,157264.0,4100.0,4110.0,4012.0,4092.6,24097150,4501.8,3683.4,4440.0,3288.1,4021.6,37,1,4021.1,32,1,4021.0,24,2,4020.8,6,1,4020.7,20,2,4022.0,21,3,4022.8,50,3,4022.9,22,1,4023.0,83,7,4023.1,18,1
11483,2026-07-02 11:43:11+05:30,4021.6,1,4043.17,972313,142319.0,157264.0,4100.0,4110.0,4012.0,4092.6,24097150,4501.8,3683.4,4440.0,3288.1,4021.6,37,1,4021.1,32,1,4021.0,24,2,4020.8,6,1,4020.7,20,2,4022.0,21,3,4022.8,50,3,4022.9,22,1,4023.0,83,7,4023.1,18,1
11483,2026-07-02 11:43:12+05:30,4023.0,10,4043.17,972366,142223.0,157067.0,4100.0,4110.0,4012.0,4092.6,24097150,4501.8,3683.4,4440.0,3288.1,4022.0,164,1,4021.8,1,1,4021.3,4,1,4021.2,43,1,4021.1,32,1,4022.9,175,1,4023.0,11,2,4023.2,41,3,4023.3,5,1,4023.4,2,1
11483,2026-07-02 11:43:12+05:30,4022.0,6,4043.17,972366,142223.0,157067.0,4100.0,4110.0,4012.0,4092.6,24097150,4501.8,3683.4,4440.0,3288.1,4022.0,164,1,4021.8,1,1,4021.3,4,1,4021.2,43,1,4021.1,32,1,4022.9,175,1,4023.0,11,2,4023.2,41,3,4023.3,5,1,4023.4,2,1
11483,2026-07-02 11:43:13+05:30,4022.0,6,4043.17,972372,142315.0,157061.0,4100.0,4110.0,4012.0,4092.6,24097150,4501.8,3683.4,4440.0,3288.1,4022.0,173,3,4021.8,1,1,4021.3,4,1,4021.2,43,1,4021.1,32,1,4022.8,178,2,4022.9,1,1,4023.0,8,1,4023.2,41,3,4023.3,5,1
11483,2026-07-02 11:43:13+05:30,4022.0,13,4043.17,972372,142315.0,157061.0,4100.0,4110.0,4012.0,4092.6,24097150,4501.8,3683.4,4440.0,3288.1,4022.0,173,3,4021.8,1,1,4021.3,4,1,4021.2,43,1,4021.1,32,1,4022.8,178,2,4022.9,1,1,4023.0,8,1,4023.2,41,3,4023.3,5,1
11483,2026-07-02 11:43:14+05:30,4021.9,10,4043.17,972585,142032.0,157104.0,4100.0,4110.0,4012.0,4092.6,24097150,4501.8,3683.4,4440.0,3288.1,4021.6,1,1,4021.3,3,1,4021.1,32,1,4021.0,15,1,4020.7,20,2,4021.9,143,1,4022.0,3,2,4022.6,14,3,4022.7,2,1,4022.8,18,2
11483,2026-07-02 11:43:14+05:30,4021.6,1,4043.17,972585,142032.0,157104.0,4100.0,4110.0,4012.0,4092.6,24097150,4501.8,3683.4,4440.0,3288.1,4021.6,1,1,4021.3,3,1,4021.1,32,1,4021.0,15,1,4020.7,20,2,4021.9,143,1,4022.0,3,2,4022.6,14,3,4022.7,2,1,4022.8,18,2
11483,2026-07-02 11:43:15+05:30,4021.6,3,4043.17,972591,142172.0,157176.0,4100.0,4110.0,4012.0,4092.6,24097150,4501.8,3683.4,4440.0,3288.1,4021.4,32,1,4021.3,3,1,4021.1,32,1,4021.0,15,1,4020.8,7,1,4021.6,3,1,4022.0,3,2,4022.6,8,2,4022.8,18,2,4022.9,25,2
11483,2026-07-02 11:43:15+05:30,4021.6,10,4043.17,972591,142172.0,157176.0,4100.0,4110.0,4012.0,4092.6,24097150,4501.8,3683.4,4440.0,3288.1,4021.4,32,1,4021.3,3,1,4021.1,32,1,4021.0,15,1,4020.8,7,1,4021.6,3,1,4022.0,3,2,4022.6,8,2,4022.8,18,2,4022.9,25,2
11483,2026-07-02 11:43:16+05:30,4022.6,5,4043.17,972628,142306.0,156790.0,4100.0,4110.0,4012.0,4092.6,24097150,4501.8,3683.4,4440.0,3288.1,4022.2,1,1,4021.4,30,1,4021.3,3,1,4021.2,2,1,4021.1,32,1,4022.7,26,1,4022.8,33,3,4022.9,3,2,4023.0,8,1,4023.1,21,1
11483,2026-07-02 11:43:16+05:30,4022.3,5,4043.17,972628,142306.0,156790.0,4100.0,4110.0,4012.0,4092.6,24097150,4501.8,3683.4,4440.0,3288.1,4022.2,1,1,4021.4,30,1,4021.3,3,1,4021.2,2,1,4021.1,32,1,4022.7,26,1,4022.8,33,3,4022.9,3,2,4023.0,8,1,4023.1,21,1
11483,2026-07-02 11:43:17+05:30,4022.3,5,4043.17,972633,142435.0,156890.0,4100.0,4110.0,4012.0,4092.6,24097150,4501.8,3683.4,4440.0,3288.1,4022.3,25,1,4022.2,1,1,4021.4,4,1,4021.3,3,1,4021.2,2,1,4022.7,26,1,4022.8,46,3,4022.9,3,2,4023.0,8,1,4023.1,21,1
11483,2026-07-02 11:43:18+05:30,4022.8,16,4043.17,972678,142682.0,157021.0,4100.0,4110.0,4012.0,4092.6,24097150,4501.8,3683.4,4440.0,3288.1,4022.2,1,1,4021.3,3,1,4021.2,2,1,4021.1,32,1,4021.0,81,3,4022.6,182,3,4022.7,6,1,4022.8,34,3,4022.9,15,2,4023.0,19,2
11483,2026-07-02 11:43:18+05:30,4022.2,1,4043.17,972678,142682.0,157021.0,4100.0,4110.0,4012.0,4092.6,24097150,4501.8,3683.4,4440.0,3288.1,4022.2,1,1,4021.3,3,1,4021.2,2,1,4021.1,32,1,4021.0,81,3,4022.6,182,3,4022.7,6,1,4022.8,34,3,4022.9,15,2,4023.0,19,2
11483,2026-07-02 11:43:19+05:30,4020.8,6,4043.16,972755,142337.0,157045.0,4100.0,4110.0,4012.0,4092.6,24097150,4501.8,3683.4,4440.0,3288.1,4021.1,16,2,4021.0,6,1,4020.9,38,2,4020.8,9,2,4020.7,63,4,4022.2,1,1,4022.4,5,1,4022.8,30,3,4023.0,22,3,4023.1,21,1
11483,2026-07-02 11:43:19+05:30,4021.1,9,4043.16,972755,142337.0,157045.0,4100.0,4110.0,4012.0,4092.6,24097150,4501.8,3683.4,4440.0,3288.1,4021.1,16,2,4021.0,6,1,4020.9,38,2,4020.8,9,2,4020.7,63,4,4022.2,1,1,4022.4,5,1,4022.8,30,3,4023.0,22,3,4023.1,21,1
11483,2026-07-02 11:43:20+05:30,4021.1,1,4043.16,972755,142337.0,157045.0,4100.0,4110.0,4012.0,4092.6,24097150,4501.8,3683.4,4440.0,3288.1,4021.1,16,2,4021.0,6,1,4020.9,38,2,4020.8,9,2,4020.7,63,4,4022.2,1,1,4022.4,5,1,4022.8,30,3,4023.0,22,3,4023.1,21,1
11483,2026-07-02 11:43:21+05:30,4022.0,98,4043.16,972880,141904.0,157554.0,4100.0,4110.0,4012.0,4092.6,24097150,4501.8,3683.4,4440.0,3288.1,4020.9,46,2,4020.7,21,3,4020.6,15,3,4020.5,61,4,4020.4,31,3,4022.4,40,4,4022.5,13,3,4022.7,10,2,4022.8,93,5,4022.9,205,3
11483,2026-07-02 11:43:21+05:30,4020.9,15,4043.16,972880,141904.0,157554.0,4100.0,4110.0,4012.0,4092.6,24097150,4501.8,3683.4,4440.0,3288.1,4020.9,46,2,4020.7,21,3,4020.6,15,3,4020.5,61,4,4020.4,31,3,4022.4,40,4,4022.5,13,3,4022.7,10,2,4022.8,93,5,4022.9,205,3
11483,2026-07-02 11:43:22+05:30,4021.6,1,4043.16,972897,142133.0,157424.0,4100.0,4110.0,4012.0,4092.6,24097150,4501.8,3683.4,4440.0,3288.1,4021.6,3,1,4020.9,31,2,4020.7,17,1,4020.6,40,7,4020.5,61,4,4022.3,22,1,4022.4,3,2,4022.5,12,2,4022.6,5,1,4022.7,15,1
11483,2026-07-02 11:43:22+05:30,4021.6,2,4043.16,972897,142133.0,157424.0,4100.0,4110.0,4012.0,4092.6,24097150,4501.8,3683.4,4440.0,3288.1,4021.6,3,1,4020.9,31,2,4020.7,17,1,4020.6,40,7,4020.5,61,4,4022.3,22,1,4022.4,3,2,4022.5,12,2,4022.6,5,1,4022.7,15,1
11483,2026-07-02 11:43:23+05:30,4021.6,2,4043.16,972899,142262.0,157750.0,4100.0,4110.0,4012.0,4092.6,24097150,4501.8,3683.4,4440.0,3288.1,4022.0,15,1,4021.6,1,1,4020.9,14,1,4020.8,4,1,4020.7,30,2,4022.1,176,2,4022.2,5,2,4022.3,22,1,4022.5,7,1,4022.7,21,2
11483,2026-07-02 11:43:23+05:30,4021.3,3,4043.16,972899,142262.0,157750.0,4100.0,4110.0,4012.0,4092.6,24097150,4501.8,3683.4,4440.0,3288.1,4022.0,15,1,4021.6,1,1,4020.9,14,1,4020.8,4,1,4020.7,30,2,4022.1,176,2,4022.2,5,2,4022.3,22,1,4022.5,7,1,4022.7,21,2
11483,2026-07-02 11:43:24+05:30,4021.3,1,4043.16,972919,140783.0,157300.0,4100.0,4110.0,4012.0,4092.6,24097150,4501.8,3683.4,4440.0,3288.1,4021.0,6,1,4020.9,16,3,4020.8,45,4,4020.7,24,3,4020.6,49,4,4022.1,1,1,4022.2,2,1,4022.6,15,1,4022.7,12,1,4022.8,55,4
11483,2026-07-02 11:43:24+05:30,4021.1,3,4043.16,972919,140783.0,157300.0,4100.0,4110.0,4012.0,4092.6,24097150,4501.8,3683.4,4440.0,3288.1,4021.0,6,1,4020.9,16,3,4020.8,45,4,4020.7,24,3,4020.6,49,4,4022.1,1,1,4022.2,2,1,4022.6,15,1,4022.7,12,1,4022.8,55,4
11483,2026-07-02 11:43:25+05:30,4021.1,3,4043.16,972922,142270.0,157317.0,4100.0,4110.0,4012.0,4092.6,24097150,4501.8,3683.4,4440.0,3288.1,4021.1,38,4,4021.0,19,3,4020.9,6,1,4020.8,17,3,4020.7,26,3,4022.1,1,1,4022.2,2,1,4022.6,15,1,4022.7,12,1,4022.8,55,4
11483,2026-07-02 11:43:25+05:30,4022.1,1,4043.16,972922,142270.0,157317.0,4100.0,4110.0,4012.0,4092.6,24097150,4501.8,3683.4,4440.0,3288.1,4021.1,38,4,4021.0,19,3,4020.9,6,1,4020.8,17,3,4020.7,26,3,4022.1,1,1,4022.2,2,1,4022.6,15,1,4022.7,12,1,4022.8,55,4
11483,2026-07-02 11:43:26+05:30,4021.3,166,4043.16,973122,143145.0,156374.0,4100.0,4110.0,4012.0,4092.6,24097150,4501.8,3683.4,4440.0,3288.1,4021.6,22,3,4021.5,6,1,4021.3,17,2,4021.2,74,6,4021.1,53,3,4022.7,175,1,4022.8,11,1,4023.0,8,1,4023.2,13,1,4023.3,12,1
11483,2026-07-02 11:43:26+05:30,4022.0,1,4043.16,973122,143145.0,156374.0,4100.0,4110.0,4012.0,4092.6,24097150,4501.8,3683.4,4440.0,3288.1,4021.6,22,3,4021.5,6,1,4021.3,17,2,4021.2,74,6,4021.1,53,3,4022.7,175,1,4022.8,11,1,4023.0,8,1,4023.2,13,1,4023.3,12,1
11483,2026-07-02 11:43:27+05:30,4022.0,1,4043.16,973147,143608.0,156507.0,4100.0,4110.0,4012.0,4092.6,24097150,4501.8,3683.4,4440.0,3288.1,4022.0,1,1,4021.5,2,1,4021.4,41,3,4021.3,65,5,4021.2,36,3,4022.8,11,1,4023.0,8,1,4023.2,18,2,4023.3,17,1,4023.5,9,2
11483,2026-07-02 11:43:27+05:30,4022.0,1,4043.16,973147,143608.0,156507.0,4100.0,4110.0,4012.0,4092.6,24097150,4501.8,3683.4,4440.0,3288.1,4022.0,1,1,4021.5,2,1,4021.4,41,3,4021.3,65,5,4021.2,36,3,4022.8,11,1,4023.0,8,1,4023.2,18,2,4023.3,17,1,4023.5,9,2
11483,2026-07-02 11:43:28+05:30,4022.0,1,4043.16,973148,143098.0,157138.0,4100.0,4110.0,4012.0,4092.6,24097150,4501.8,3683.4,4440.0,3288.1,4021.2,24,2,4021.1,6,1,4021.0,207,2,4020.9,9,3,4020.7,48,3,4022.0,1,1,4022.8,43,3,4022.9,3,1,4023.0,22,3,4023.1,5,1
11483,2026-07-02 11:43:28+05:30,4022.5,5,4043.16,973148,143098.0,157138.0,4100.0,4110.0,4012.0,4092.6,24097150,4501.8,3683.4,4440.0,3288.1,4021.2,24,2,4021.1,6,1,4021.0,207,2,4020.9,9,3,4020.7,48,3,4022.0,1,1,4022.8,43,3,4022.9,3,1,4023.0,22,3,4023.1,5,1
11483,2026-07-02 11:43:29+05:30,4021.0,128,4043.15,973335,142484.0,157477.0,4100.0,4110.0,4012.0,4092.6,24097150,4501.8,3683.4,4440.0,3288.1,4021.0,72,1,4020.9,1,1,4020.7,24,2,4020.6,27,4,4020.5,77,6,4022.6,36,3,4022.7,59,7,4022.8,66,6,4022.9,35,3,4023.0,58,4
11483,2026-07-02 11:43:29+05:30,4021.0,23,4043.15,973335,142484.0,157477.0,4100.0,4110.0,4012.0,4092.6,24097150,4501.8,3683.4,4440.0,3288.1,4021.0,72,1,4020.9,1,1,4020.7,24,2,4020.6,27,4,4020.5,77,6,4022.6,36,3,4022.7,59,7,4022.8,66,6,4022.9,35,3,4023.0,58,4
11483,2026-07-02 11:43:30+05:30,4022.5,6,4043.15,973392,142448.0,157362.0,4100.0,4110.0,4012.0,4092.6,24097150,4501.8,3683.4,4440.0,3288.1,4021.0,33,1,4020.9,1,1,4020.7,24,2,4020.6,25,4,4020.5,71,5,4022.5,23,2,4022.6,39,4,4022.7,59,7,4022.8,103,8,4022.9,5,1
11483,2026-07-02 11:43:30+05:30,4020.5,39,4043.15,973392,142448.0,157362.0,4100.0,4110.0,4012.0,4092.6,24097150,4501.8,3683.4,4440.0,3288.1,4021.0,33,1,4020.9,1,1,4020.7,24,2,4020.6,25,4,4020.5,71,5,4022.5,23,2,4022.6,39,4,4022.7,59,7,4022.8,103,8,4022.9,5,1
11483,2026-07-02 11:43:31+05:30,4022.5,1,4043.13,974080,142466.0,157327.0,4100.0,4110.0,4012.0,4092.6,24097150,4501.8,3683.4,4440.0,3288.1,4022.0,5,1,4021.2,44,1,4021.1,3,1,4021.0,2,2,4020.9,22,1,4022.5,28,2,4022.6,27,2,4022.7,27,2,4022.8,27,3,4022.9,5,1
11483,2026-07-02 11:43:31+05:30,4022.0,5,4043.13,974080,142466.0,157327.0,4100.0,4110.0,4012.0,4092.6,24097150,4501.8,3683.4,4440.0,3288.1,4022.0,5,1,4021.2,44,1,4021.1,3,1,4021.0,2,2,4020.9,22,1,4022.5,28,2,4022.6,27,2,4022.7,27,2,4022.8,27,3,4022.9,5,1
11483,2026-07-02 11:43:32+05:30,4022.0,5,4043.13,974085,142534.0,157467.0,4100.0,4110.0,4012.0,4092.6,24097150,4501.8,3683.4,4440.0,3288.1,4021.6,1,1,4021.2,15,2,4021.1,41,3,4021.0,21,4,4020.9,44,3,4022.0,17,2,4022.5,28,2,4022.6,42,3,4022.7,27,2,4022.8,27,3
11483,2026-07-02 11:43:32+05:30,4022.0,2,4043.13,974085,142534.0,157467.0,4100.0,4110.0,4012.0,4092.6,24097150,4501.8,3683.4,4440.0,3288.1,4021.6,1,1,4021.2,15,2,4021.1,41,3,4021.0,21,4,4020.9,44,3,4022.0,17,2,4022.5,28,2,4022.6,42,3,4022.7,27,2,4022.8,27,3
11483,2026-07-02 11:43:33+05:30,4022.0,2,4043.13,974088,142595.0,157506.0,4100.0,4110.0,4012.0,4092.6,24097150,4501.8,3683.4,4440.0,3288.1,4021.6,1,1,4021.2,26,3,4021.1,42,3,4021.0,22,5,4020.9,58,4,4022.0,16,3,4022.5,28,2,4022.6,42,3,4022.7,27,2,4022.8,27,3
11483,2026-07-02 11:43:34+05:30,4022.0,2,4043.13,974088,142922.0,157383.0,4100.0,4110.0,4012.0,4092.6,24097150,4501.8,3683.4,4440.0,3288.1,4021.7,28,4,4021.6,6,2,4021.5,6,1,4021.4,7,1,4021.3,13,3,4022.0,3,2,4022.5,13,1,4022.6,29,2,4022.7,14,1,4022.8,27,3
11483,2026-07-02 11:43:35+05:30,4021.9,1,4043.13,974089,143070.0,157562.0,4100.0,4110.0,4012.0,4092.6,24097150,4501.8,3683.4,4440.0,3288.1,4021.7,28,4,4021.6,1,1,4021.3,20,4,4021.2,31,5,4021.1,57,4,4021.9,174,1,4022.0,3,2,4022.5,13,1,4022.6,29,2,4022.7,14,1
11483,2026-07-02 11:43:35+05:30,4021.9,12,4043.13,974089,143070.0,157562.0,4100.0,4110.0,4012.0,4092.6,24097150,4501.8,3683.4,4440.0,3288.1,4021.7,28,4,4021.6,1,1,4021.3,20,4,4021.2,31,5,4021.1,57,4,4021.9,174,1,4022.0,3,2,4022.5,13,1,4022.6,29,2,4022.7,14,1
11483,2026-07-02 11:43:36+05:30,4022.0,73,4043.13,974177,143532.0,156993.0,4100.0,4110.0,4012.0,4092.6,24097150,4501.8,3683.4,4440.0,3288.1,4022.4,224,1,4021.8,42,4,4021.7,20,3,4021.6,10,4,4021.5,14,2,4022.6,15,1,4022.8,13,2,4023.0,108,2,4023.2,13,1,4023.3,22,1
11483,2026-07-02 11:43:36+05:30,4022.5,2,4043.13,974177,143532.0,156993.0,4100.0,4110.0,4012.0,4092.6,24097150,4501.8,3683.4,4440.0,3288.1,4022.4,224,1,4021.8,42,4,4021.7,20,3,4021.6,10,4,4021.5,14,2,4022.6,15,1,4022.8,13,2,4023.0,108,2,4023.2,13,1,4023.3,22,1
11483,2026-07-02 11:43:37+05:30,4022.6,18,4043.13,974210,144246.0,156920.0,4100.0,4110.0,4012.0,4092.6,24097150,4501.8,3683.4,4440.0,3288.1,4022.4,224,1,4021.8,21,3,4021.7,27,2,4021.6,31,3,4021.5,19,4,4022.8,11,1,4023.0,108,2,4023.2,13,1,4023.5,9,2,4023.6,13,1
11483,2026-07-02 11:43:37+05:30,4022.4,4,4043.13,974210,144246.0,156920.0,4100.0,4110.0,4012.0,4092.6,24097150,4501.8,3683.4,4440.0,3288.1,4022.4,224,1,4021.8,21,3,4021.7,27,2,4021.6,31,3,4021.5,19,4,4022.8,11,1,4023.0,108,2,4023.2,13,1,4023.5,9,2,4023.6,13,1
11483,2026-07-02 11:43:38+05:30,4024.0,7,4043.12,974644,144516.0,156746.0,4100.0,4110.0,4012.0,4092.6,24097150,4501.8,3683.4,4440.0,3288.1,4022.4,244,3,4021.9,26,2,4021.8,19,2,4021.7,19,1,4021.6,29,2,4023.9,16,2,4024.0,29,3,4024.1,27,1,4024.2,17,2,4024.3,69,3
11483,2026-07-02 11:43:38+05:30,4023.9,1,4043.12,974644,144516.0,156746.0,4100.0,4110.0,4012.0,4092.6,24097150,4501.8,3683.4,4440.0,3288.1,4022.4,244,3,4021.9,26,2,4021.8,19,2,4021.7,19,1,4021.6,29,2,4023.9,16,2,4024.0,29,3,4024.1,27,1,4024.2,17,2,4024.3,69,3
11483,2026-07-02 11:43:39+05:30,4023.9,3,4043.12,974700,145238.0,156718.0,4100.0,4110.0,4012.0,4092.6,24097150,4501.8,3683.4,4440.0,3288.1,4022.4,182,2,4021.9,24,1,4021.7,5,2,4021.6,24,1,4021.5,17,2,4023.7,3,1,4023.8,25,3,4023.9,3,1,4024.0,36,5,4024.1,27,1
11483,2026-07-02 11:43:39+05:30,4022.4,7,4043.12,974700,145238.0,156718.0,4100.0,4110.0,4012.0,4092.6,24097150,4501.8,3683.4,4440.0,3288.1,4022.4,182,2,4021.9,24,1,4021.7,5,2,4021.6,24,1,4021.5,17,2,4023.7,3,1,4023.8,25,3,4023.9,3,1,4024.0,36,5,4024.1,27,1
11483,2026-07-02 11:43:40+05:30,4023.8,1,4043.12,974708,145283.0,156719.0,4100.0,4110.0,4012.0,4092.6,24097150,4501.8,3683.4,4440.0,3288.1,4022.4,175,2,4022.2,18,1,4022.1,3,1,4022.0,16,1,4021.9,32,2,4023.7,64,1,4023.8,15,2,4023.9,3,1,4024.0,36,5,4024.1,27,1
11483,2026-07-02 11:43:40+05:30,4023.7,3,4043.12,974708,145283.0,156719.0,4100.0,4110.0,4012.0,4092.6,24097150,4501.8,3683.4,4440.0,3288.1,4022.4,175,2,4022.2,18,1,4022.1,3,1,4022.0,16,1,4021.9,32,2,4023.7,64,1,4023.8,15,2,4023.9,3,1,4024.0,36,5,4024.1,27,1
11483,2026-07-02 11:43:41+05:30,4023.7,3,4043.12,974708,145283.0,156719.0,4100.0,4110.0,4012.0,4092.6,24097150,4501.8,3683.4,4440.0,3288.1,4022.4,175,2,4022.2,18,1,4022.1,3,1,4022.0,16,1,4021.9,32,2,4023.7,64,1,4023.8,15,2,4023.9,3,1,4024.0,36,5,4024.1,27,1
11483,2026-07-02 11:43:41+05:30,4023.7,13,4043.12,974737,145407.0,156599.0,4100.0,4110.0,4012.0,4092.6,24097150,4501.8,3683.4,4440.0,3288.1,4023.0,5,1,4022.5,33,2,4022.4,175,2,4022.2,18,1,4022.1,30,3,4023.7,36,2,4023.9,3,1,4024.0,34,4,4024.2,17,2,4024.4,51,2
11483,2026-07-02 11:43:41+05:30,4023.0,4,4043.12,974737,145407.0,156599.0,4100.0,4110.0,4012.0,4092.6,24097150,4501.8,3683.4,4440.0,3288.1,4023.0,5,1,4022.5,33,2,4022.4,175,2,4022.2,18,1,4022.1,30,3,4023.7,36,2,4023.9,3,1,4024.0,34,4,4024.2,17,2,4024.4,51,2
11483,2026-07-02 11:43:42+05:30,4023.0,4,4043.12,974737,145407.0,156599.0,4100.0,4110.0,4012.0,4092.6,24097150,4501.8,3683.4,4440.0,3288.1,4023.0,5,1,4022.5,33,2,4022.4,175,2,4022.2,18,1,4022.1,30,3,4023.7,36,2,4023.9,3,1,4024.0,34,4,4024.2,17,2,4024.4,51,2
11483,2026-07-02 11:43:42+05:30,4023.0,4,4043.12,974741,144923.0,156555.0,4100.0,4110.0,4012.0,4092.6,24097150,4501.8,3683.4,4440.0,3288.1,4023.3,1,1,4023.0,1,1,4022.5,33,2,4022.4,175,2,4022.2,20,2,4023.7,36,2,4023.9,3,1,4024.0,29,3,4024.2,5,1,4024.4,51,2
11483,2026-07-02 11:43:42+05:30,4023.0,4,4043.12,974741,144923.0,156555.0,4100.0,4110.0,4012.0,4092.6,24097150,4501.8,3683.4,4440.0,3288.1,4023.3,1,1,4023.0,1,1,4022.5,33,2,4022.4,175,2,4022.2,20,2,4023.7,36,2,4023.9,3,1,4024.0,29,3,4024.2,5,1,4024.4,51,2
11483,2026-07-02 11:43:43+05:30,4023.0,4,4043.12,974741,144923.0,156555.0,4100.0,4110.0,4012.0,4092.6,24097150,4501.8,3683.4,4440.0,3288.1,4023.3,1,1,4023.0,1,1,4022.5,33,2,4022.4,175,2,4022.2,20,2,4023.7,36,2,4023.9,3,1,4024.0,29,3,4024.2,5,1,4024.4,51,2
11483,2026-07-02 11:43:43+05:30,4023.0,1,4043.12,974746,144588.0,154891.0,4100.0,4110.0,4012.0,4092.6,24097150,4501.8,3683.4,4440.0,3288.1,4022.5,14,2,4022.4,161,1,4022.2,32,2,4022.1,6,1,4022.0,16,1,4023.0,7,1,4023.3,1,1,4023.7,36,3,4024.0,8,1,4024.2,17,2
11483,2026-07-02 11:43:43+05:30,4023.0,1,4043.12,974746,144588.0,154891.0,4100.0,4110.0,4012.0,4092.6,24097150,4501.8,3683.4,4440.0,3288.1,4022.5,14,2,4022.4,161,1,4022.2,32,2,4022.1,6,1,4022.0,16,1,4023.0,7,1,4023.3,1,1,4023.7,36,3,4024.0,8,1,4024.2,17,2
11483,2026-07-02 11:43:43+05:30,4023.0,1,4043.12,974746,144588.0,154891.0,4100.0,4110.0,4012.0,4092.6,24097150,4501.8,3683.4,4440.0,3288.1,4022.5,14,2,4022.4,161,1,4022.2,32,2,4022.1,6,1,4022.0,16,1,4023.0,7,1,4023.3,1,1,4023.7,36,3,4024.0,8,1,4024.2,17,2
11483,2026-07-02 11:43:44+05:30,4023.0,1,4043.12,974746,144588.0,154891.0,4100.0,4110.0,4012.0,4092.6,24097150,4501.8,3683.4,4440.0,3288.1,4022.5,14,2,4022.4,161,1,4022.2,32,2,4022.1,6,1,4022.0,16,1,4023.0,7,1,4023.3,1,1,4023.7,36,3,4024.0,8,1,4024.2,17,2
11483,2026-07-02 11:43:44+05:30,4022.4,2,4043.12,974752,144483.0,155075.0,4100.0,4110.0,4012.0,4092.6,24097150,4501.8,3683.4,4440.0,3288.1,4022.4,173,2,4022.1,2,1,4022.0,16,1,4021.9,24,1,4021.8,21,2,4023.0,7,1,4023.3,2,2,4023.7,1,1,4023.9,12,1,4024.0,8,1
11483,2026-07-02 11:43:44+05:30,4022.4,2,4043.12,974752,144483.0,155075.0,4100.0,4110.0,4012.0,4092.6,24097150,4501.8,3683.4,4440.0,3288.1,4022.4,173,2,4022.1,2,1,4022.0,16,1,4021.9,24,1,4021.8,21,2,4023.0,7,1,4023.3,2,2,4023.7,1,1,4023.9,12,1,4024.0,8,1
11483,2026-07-02 11:43:44+05:30,4023.0,1,4043.12,974752,144483.0,155075.0,4100.0,4110.0,4012.0,4092.6,24097150,4501.8,3683.4,4440.0,3288.1,4022.4,173,2,4022.1,2,1,4022.0,16,1,4021.9,24,1,4021.8,21,2,4023.0,7,1,4023.3,2,2,4023.7,1,1,4023.9,12,1,4024.0,8,1
11483,2026-07-02 11:43:45+05:30,4023.0,1,4043.12,974752,144483.0,155075.0,4100.0,4110.0,4012.0,4092.6,24097150,4501.8,3683.4,4440.0,3288.1,4022.4,173,2,4022.1,2,1,4022.0,16,1,4021.9,24,1,4021.8,21,2,4023.0,7,1,4023.3,2,2,4023.7,1,1,4023.9,12,1,4024.0,8,1
11483,2026-07-02 11:43:45+05:30,4023.0,1,4043.12,974752,144483.0,155075.0,4100.0,4110.0,4012.0,4092.6,24117975,4501.8,3683.4,4440.0,3288.1,4022.4,173,2,4022.1,2,1,4022.0,16,1,4021.9,24,1,4021.8,21,2,4023.0,7,1,4023.3,2,2,4023.7,1,1,4023.9,12,1,4024.0,8,1
11483,2026-07-02 11:43:45+05:30,4023.0,1,4043.12,974754,144742.0,155071.0,4100.0,4110.0,4012.0,4092.6,24117975,4501.8,3683.4,4440.0,3288.1,4022.4,172,2,4022.2,8,1,4022.0,2,1,4021.9,41,2,4021.8,21,2,4023.0,6,1,4023.3,2,2,4023.7,1,1,4023.9,12,1,4024.0,8,1
11483,2026-07-02 11:43:45+05:30,4023.0,1,4043.12,974754,144742.0,155071.0,4100.0,4110.0,4012.0,4092.6,24117975,4501.8,3683.4,4440.0,3288.1,4022.4,172,2,4022.2,8,1,4022.0,2,1,4021.9,41,2,4021.8,21,2,4023.0,6,1,4023.3,2,2,4023.7,1,1,4023.9,12,1,4024.0,8,1
11483,2026-07-02 11:43:45+05:30,4023.0,3,4043.12,974754,144742.0,155071.0,4100.0,4110.0,4012.0,4092.6,24117975,4501.8,3683.4,4440.0,3288.1,4022.4,172,2,4022.2,8,1,4022.0,2,1,4021.9,41,2,4021.8,21,2,4023.0,6,1,4023.3,2,2,4023.7,1,1,4023.9,12,1,4024.0,8,1
11483,2026-07-02 11:43:46+05:30,4023.0,3,4043.12,974754,144742.0,155071.0,4100.0,4110.0,4012.0,4092.6,24117975,4501.8,3683.4,4440.0,3288.1,4022.4,172,2,4022.2,8,1,4022.0,2,1,4021.9,41,2,4021.8,21,2,4023.0,6,1,4023.3,2,2,4023.7,1,1,4023.9,12,1,4024.0,8,1
11483,2026-07-02 11:43:46+05:30,4023.0,1,4043.12,974760,144944.0,155106.0,4100.0,4110.0,4012.0,4092.6,24117975,4501.8,3683.4,4440.0,3288.1,4023.0,1,1,4022.4,172,2,4022.2,8,1,4022.0,2,1,4021.9,41,2,4023.3,2,2,4023.7,1,1,4024.0,8,1,4024.2,17,2,4024.3,13,1
11483,2026-07-02 11:43:46+05:30,4023.0,1,4043.12,974760,144944.0,155106.0,4100.0,4110.0,4012.0,4092.6,24117975,4501.8,3683.4,4440.0,3288.1,4023.0,1,1,4022.4,172,2,4022.2,8,1,4022.0,2,1,4021.9,41,2,4023.3,2,2,4023.7,1,1,4024.0,8,1,4024.2,17,2,4024.3,13,1
11483,2026-07-02 11:43:47+05:30,4023.0,1,4043.12,974760,144944.0,155106.0,4100.0,4110.0,4012.0,4092.6,24117975,4501.8,3683.4,4440.0,3288.1,4023.0,1,1,4022.4,172,2,4022.2,8,1,4022.0,2,1,4021.9,41,2,4023.3,2,2,4023.7,1,1,4024.0,8,1,4024.2,17,2,4024.3,13,1
11483,2026-07-02 11:43:47+05:30,4023.0,1,4043.12,974762,144903.0,155093.0,4100.0,4110.0,4012.0,4092.6,24117975,4501.8,3683.4,4440.0,3288.1,4023.0,1,1,4022.4,172,2,4022.2,32,2,4022.0,113,2,4021.9,41,2,4023.3,1,1,4023.7,1,1,4024.0,8,1,4024.2,17,2,4024.3,13,1
11483,2026-07-02 11:43:47+05:30,4023.0,1,4043.12,974762,144903.0,155093.0,4100.0,4110.0,4012.0,4092.6,24117975,4501.8,3683.4,4440.0,3288.1,4023.0,1,1,4022.4,172,2,4022.2,32,2,4022.0,113,2,4021.9,41,2,4023.3,1,1,4023.7,1,1,4024.0,8,1,4024.2,17,2,4024.3,13,1
11483,2026-07-02 11:43:48+05:30,4023.0,1,4043.12,974763,144903.0,155081.0,4100.0,4110.0,4012.0,4092.6,24117975,4501.8,3683.4,4440.0,3288.1,4023.0,1,1,4022.4,172,2,4022.2,32,2,4022.0,113,2,4021.9,41,2,4023.3,1,1,4024.0,8,1,4024.2,17,2,4024.3,13,1,4024.5,16,4
11483,2026-07-02 11:43:48+05:30,4023.0,1,4043.12,974763,144903.0,155081.0,4100.0,4110.0,4012.0,4092.6,24117975,4501.8,3683.4,4440.0,3288.1,4023.0,1,1,4022.4,172,2,4022.2,32,2,4022.0,113,2,4021.9,41,2,4023.3,1,1,4024.0,8,1,4024.2,17,2,4024.3,13,1,4024.5,16,4
11483,2026-07-02 11:43:49+05:30,4024.2,1,4043.12,974775,145236.0,154610.0,4100.0,4110.0,4012.0,4092.6,24117975,4501.8,3683.4,4440.0,3288.1,4023.0,1,1,4022.5,59,4,4022.4,209,3,4022.2,8,1,4022.0,116,2,4024.2,7,2,4024.3,13,1,4024.5,2,2,4024.6,22,2,4024.7,24,1
11483,2026-07-02 11:43:49+05:30,4023.0,2,4043.12,974775,145236.0,154610.0,4100.0,4110.0,4012.0,4092.6,24117975,4501.8,3683.4,4440.0,3288.1,4023.0,1,1,4022.5,59,4,4022.4,209,3,4022.2,8,1,4022.0,116,2,4024.2,7,2,4024.3,13,1,4024.5,2,2,4024.6,22,2,4024.7,24,1
11483,2026-07-02 11:43:50+05:30,4024.0,222,4043.12,975003,147175.0,154499.0,4100.0,4110.0,4012.0,4092.6,24117975,4501.8,3683.4,4440.0,3288.1,4024.0,1526,1,4023.7,502,2,4023.0,26,2,4022.9,27,3,4022.8,3,1,4024.2,18,2,4024.5,2,2,4024.9,50,1,4025.0,371,11,4025.1,12,1
11483,2026-07-02 11:43:50+05:30,4024.0,27,4043.12,975003,147175.0,154499.0,4100.0,4110.0,4012.0,4092.6,24117975,4501.8,3683.4,4440.0,3288.1,4024.0,1526,1,4023.7,502,2,4023.0,26,2,4022.9,27,3,4022.8,3,1,4024.2,18,2,4024.5,2,2,4024.9,50,1,4025.0,371,11,4025.1,12,1
11483,2026-07-02 11:43:51+05:30,4024.2,1,4043.12,975031,147090.0,154503.0,4100.0,4110.0,4012.0,4092.6,24117975,4501.8,3683.4,4440.0,3288.1,4024.0,1499,1,4023.8,5,1,4023.7,502,2,4023.0,26,2,4022.9,27,3,4024.2,17,2,4024.5,2,2,4024.9,50,1,4025.0,371,11,4025.1,12,1
11483,2026-07-02 11:43:51+05:30,4024.0,7,4043.12,975031,147090.0,154503.0,4100.0,4110.0,4012.0,4092.6,24117975,4501.8,3683.4,4440.0,3288.1,4024.0,1499,1,4023.8,5,1,4023.7,502,2,4023.0,26,2,4022.9,27,3,4024.2,17,2,4024.5,2,2,4024.9,50,1,4025.0,371,11,4025.1,12,1
11483,2026-07-02 11:43:52+05:30,4024.0,7,4043.12,975042,146755.0,154513.0,4100.0,4110.0,4012.0,4092.6,24117975,4501.8,3683.4,4440.0,3288.1,4024.1,1,1,4024.0,1488,1,4023.8,5,1,4023.7,502,2,4023.0,26,2,4024.2,17,2,4024.5,2,2,4024.9,50,1,4025.0,371,11,4025.1,12,1
11483,2026-07-02 11:43:52+05:30,4024.1,1,4043.12,975042,146755.0,154513.0,4100.0,4110.0,4012.0,4092.6,24117975,4501.8,3683.4,4440.0,3288.1,4024.1,1,1,4024.0,1488,1,4023.8,5,1,4023.7,502,2,4023.0,26,2,4024.2,17,2,4024.5,2,2,4024.9,50,1,4025.0,371,11,4025.1,12,1
11483,2026-07-02 11:43:53+05:30,4024.5,1,4043.11,975065,146814.0,154520.0,4100.0,4110.0,4012.0,4092.6,24117975,4501.8,3683.4,4440.0,3288.1,4024.1,1,1,4024.0,1488,1,4023.8,5,1,4023.7,502,2,4023.4,16,1,4024.5,1,1,4024.9,50,1,4025.0,371,11,4025.3,26,1,4025.4,21,2
11483,2026-07-02 11:43:54+05:30,4024.1,1,4043.11,975065,146814.0,154520.0,4100.0,4110.0,4012.0,4092.6,24117975,4501.8,3683.4,4440.0,3288.1,4024.1,1,1,4024.0,1488,1,4023.8,5,1,4023.7,502,2,4023.4,16,1,4024.5,1,1,4024.9,50,1,4025.0,371,11,4025.3,26,1,4025.4,21,2
11483,2026-07-02 11:43:54+05:30,4024.1,2,4043.11,975091,146818.0,154633.0,4100.0,4110.0,4012.0,4092.6,24117975,4501.8,3683.4,4440.0,3288.1,4024.0,1468,1,4023.8,5,1,4023.7,502,2,4023.4,16,1,4023.2,2,1,4024.1,10,1,4024.5,101,2,4024.9,58,2,4025.0,371,11,4025.3,26,1
11483,2026-07-02 11:43:54+05:30,4024.0,3,4043.11,975091,146818.0,154633.0,4100.0,4110.0,4012.0,4092.6,24117975,4501.8,3683.4,4440.0,3288.1,4024.0,1468,1,4023.8,5,1,4023.7,502,2,4023.4,16,1,4023.2,2,1,4024.1,10,1,4024.5,101,2,4024.9,58,2,4025.0,371,11,4025.3,26,1
11483,2026-07-02 11:43:55+05:30,4024.1,10,4043.11,975104,147674.0,154626.0,4100.0,4110.0,4012.0,4092.6,24117975,4501.8,3683.4,4440.0,3288.1,4024.1,71,1,4024.0,1507,2,4023.9,42,1,4023.8,47,2,4023.7,502,2,4024.5,101,2,4024.9,50,1,4025.0,371,11,4025.3,26,1,4025.4,21,2
11483,2026-07-02 11:43:55+05:30,4024.5,9,4043.11,975104,147674.0,154626.0,4100.0,4110.0,4012.0,4092.6,24117975,4501.8,3683.4,4440.0,3288.1,4024.1,71,1,4024.0,1507,2,4023.9,42,1,4023.8,47,2,4023.7,502,2,4024.5,101,2,4024.9,50,1,4025.0,371,11,4025.3,26,1,4025.4,21,2
11483,2026-07-02 11:43:56+05:30,4024.5,9,4043.11,975115,147629.0,154643.0,4100.0,4110.0,4012.0,4092.6,24117975,4501.8,3683.4,4440.0,3288.1,4024.0,1522,4,4023.9,42,1,4023.8,47,2,4023.7,502,2,4023.6,58,2,4024.5,92,2,4024.9,50,1,4025.0,271,10,4025.3,26,1,4025.4,21,2
11483,2026-07-02 11:43:56+05:30,4024.0,2,4043.11,975115,147629.0,154643.0,4100.0,4110.0,4012.0,4092.6,24117975,4501.8,3683.4,4440.0,3288.1,4024.0,1522,4,4023.9,42,1,4023.8,47,2,4023.7,502,2,4023.6,58,2,4024.5,92,2,4024.9,50,1,4025.0,271,10,4025.3,26,1,4025.4,21,2
11483,2026-07-02 11:43:57+05:30,4024.0,30,4043.11,975147,147719.0,154729.0,4100.0,4110.0,4012.0,4092.6,24117975,4501.8,3683.4,4440.0,3288.1,4024.3,126,3,4024.2,42,1,4024.1,42,1,4024.0,1434,2,4023.9,42,1,4024.5,92,2,4024.9,50,1,4025.0,271,10,4025.4,13,1,4025.5,1,1
11483,2026-07-02 11:43:57+05:30,4024.5,3,4043.11,975147,147719.0,154729.0,4100.0,4110.0,4012.0,4092.6,24117975,4501.8,3683.4,4440.0,3288.1,4024.3,126,3,4024.2,42,1,4024.1,42,1,4024.0,1434,2,4023.9,42,1,4024.5,92,2,4024.9,50,1,4025.0,271,10,4025.4,13,1,4025.5,1,1
11483,2026-07-02 11:43:58+05:30,4024.5,70,4043.11,975248,147658.0,154653.0,4100.0,4110.0,4012.0,4092.6,24117975,4501.8,3683.4,4440.0,3288.1,4024.3,70,3,4024.2,42,1,4024.0,1476,3,4023.8,5,1,4023.7,518,3,4024.5,19,2,4024.9,50,1,4025.0,271,10,4025.4,13,1,4025.5,1,1
11483,2026-07-02 11:43:58+05:30,4024.5,7,4043.11,975248,147658.0,154653.0,4100.0,4110.0,4012.0,4092.6,24117975,4501.8,3683.4,4440.0,3288.1,4024.3,70,3,4024.2,42,1,4024.0,1476,3,4023.8,5,1,4023.7,518,3,4024.5,19,2,4024.9,50,1,4025.0,271,10,4025.4,13,1,4025.5,1,1
11483,2026-07-02 11:43:59+05:30,4024.0,18,4043.11,975385,147380.0,154758.0,4100.0,4110.0,4012.0,4092.6,24117975,4501.8,3683.4,4440.0,3288.1,4024.0,1416,2,4023.8,47,2,4023.7,532,3,4023.1,4,1,4023.0,54,6,4024.5,12,2,4024.8,7,1,4024.9,62,2,4025.0,271,10,4025.1,7,1
11483,2026-07-02 11:43:59+05:30,4024.2,16,4043.11,975385,147380.0,154758.0,4100.0,4110.0,4012.0,4092.6,24117975,4501.8,3683.4,4440.0,3288.1,4024.0,1416,2,4023.8,47,2,4023.7,532,3,4023.1,4,1,4023.0,54,6,4024.5,12,2,4024.8,7,1,4024.9,62,2,4025.0,271,10,4025.1,7,1
11483,2026-07-02 11:44:00+05:30,4024.2,16,4043.11,975401,147477.0,154600.0,4100.0,4110.0,4012.0,4092.6,24117975,4501.8,3683.4,4440.0,3288.1,4024.2,68,2,4024.1,42,1,4024.0,1416,2,4023.9,42,1,4023.8,5,1,4024.5,12,2,4024.9,50,1,4025.0,279,11,4025.2,16,1,4025.3,5,1
11483,2026-07-02 11:44:00+05:30,4024.5,3,4043.11,975401,147477.0,154600.0,4100.0,4110.0,4012.0,4092.6,24117975,4501.8,3683.4,4440.0,3288.1,4024.2,68,2,4024.1,42,1,4024.0,1416,2,4023.9,42,1,4023.8,5,1,4024.5,12,2,4024.9,50,1,4025.0,279,11,4025.2,16,1,4025.3,5,1
11483,2026-07-02 11:44:01+05:30,4024.5,6,4043.11,975414,147415.0,154618.0,4100.0,4110.0,4012.0,4092.6,24117975,4501.8,3683.4,4440.0,3288.1,4024.0,1416,2,4023.8,5,1,4023.7,532,3,4023.5,16,1,4023.1,32,2,4024.5,1,1,4024.9,50,1,4025.0,279,11,4025.2,16,1,4025.3,5,1
11483,2026-07-02 11:44:01+05:30,4024.0,50,4043.11,975414,147415.0,154618.0,4100.0,4110.0,4012.0,4092.6,24117975,4501.8,3683.4,4440.0,3288.1,4024.0,1416,2,4023.8,5,1,4023.7,532,3,4023.5,16,1,4023.1,32,2,4024.5,1,1,4024.9,50,1,4025.0,279,11,4025.2,16,1,4025.3,5,1
11483,2026-07-02 11:44:02+05:30,4024.0,50,4043.11,975466,147211.0,154851.0,4100.0,4110.0,4012.0,4092.6,24117975,4501.8,3683.4,4440.0,3288.1,4024.2,1,1,4024.0,1374,3,4023.8,5,1,4023.7,532,3,4023.0,689,6,4024.4,81,1,4024.5,44,3,4024.6,49,2,4024.7,48,2,4024.9,42,1
11483,2026-07-02 11:44:02+05:30,4024.4,1,4043.11,975466,147211.0,154851.0,4100.0,4110.0,4012.0,4092.6,24117975,4501.8,3683.4,4440.0,3288.1,4024.2,1,1,4024.0,1374,3,4023.8,5,1,4023.7,532,3,4023.0,689,6,4024.4,81,1,4024.5,44,3,4024.6,49,2,4024.7,48,2,4024.9,42,1
11483,2026-07-02 11:44:03+05:30,4024.4,1,4043.11,975473,147212.0,154745.0,4100.0,4110.0,4012.0,4092.6,24117975,4501.8,3683.4,4440.0,3288.1,4024.0,1374,3,4023.8,5,1,4023.7,532,3,4023.1,2,1,4023.0,705,7,4024.4,42,1,4024.5,45,4,4024.6,7,1,4024.7,42,1,4024.9,54,2
11483,2026-07-02 11:44:03+05:30,4024.3,1,4043.11,975473,147212.0,154745.0,4100.0,4110.0,4012.0,4092.6,24117975,4501.8,3683.4,4440.0,3288.1,4024.0,1374,3,4023.8,5,1,4023.7,532,3,4023.1,2,1,4023.0,705,7,4024.4,42,1,4024.5,45,4,4024.6,7,1,4024.7,42,1,4024.9,54,2
11483,2026-07-02 11:44:04+05:30,4024.2,1,4043.11,975517,147220.0,154889.0,4100.0,4110.0,4012.0,4092.6,24117975,4501.8,3683.4,4440.0,3288.1,4024.1,11,2,4024.0,1373,3,4023.8,5,1,4023.7,532,3,4023.0,689,6,4024.2,95,2,4024.3,42,1,4024.4,42,1,4024.5,45,4,4024.6,7,1
11483,2026-07-02 11:44:04+05:30,4024.1,5,4043.11,975517,147220.0,154889.0,4100.0,4110.0,4012.0,4092.6,24117975,4501.8,3683.4,4440.0,3288.1,4024.1,11,2,4024.0,1373,3,4023.8,5,1,4023.7,532,3,4023.0,689,6,4024.2,95,2,4024.3,42,1,4024.4,42,1,4024.5,45,4,4024.6,7,1
11483,2026-07-02 11:44:05+05:30,4024.3,30,4043.1,975647,147125.0,154774.0,4100.0,4110.0,4012.0,4092.6,24117975,4501.8,3683.4,4440.0,3288.1,4024.1,6,2,4024.0,1373,3,4023.8,5,1,4023.7,532,3,4023.0,700,6,4024.3,12,1,4024.4,42,1,4024.5,48,5,4024.6,7,1,4024.7,42,1
11483,2026-07-02 11:44:05+05:30,4024.1,12,4043.1,975647,147125.0,154774.0,4100.0,4110.0,4012.0,4092.6,24117975,4501.8,3683.4,4440.0,3288.1,4024.1,6,2,4024.0,1373,3,4023.8,5,1,4023.7,532,3,4023.0,700,6,4024.3,12,1,4024.4,42,1,4024.5,48,5,4024.6,7,1,4024.7,42,1
11483,2026-07-02 11:44:06+05:30,4024.2,9,4043.1,975679,147178.0,154827.0,4100.0,4110.0,4012.0,4092.6,24117975,4501.8,3683.4,4440.0,3288.1,4024.1,2,1,4024.0,1423,4,4023.8,5,1,4023.7,532,3,4023.0,700,6,4024.2,52,2,4024.3,12,1,4024.4,42,1,4024.5,48,5,4024.6,7,1
11483,2026-07-02 11:44:06+05:30,4024.1,4,4043.1,975679,147178.0,154827.0,4100.0,4110.0,4012.0,4092.6,24117975,4501.8,3683.4,4440.0,3288.1,4024.1,2,1,4024.0,1423,4,4023.8,5,1,4023.7,532,3,4023.0,700,6,4024.2,52,2,4024.3,12,1,4024.4,42,1,4024.5,48,5,4024.6,7,1
11483,2026-07-02 11:44:07+05:30,4024.2,3,4043.1,975687,147329.0,154999.0,4100.0,4110.0,4012.0,4092.6,24117975,4501.8,3683.4,4440.0,3288.1,4024.0,1439,6,4023.8,5,1,4023.7,532,3,4023.1,34,3,4023.0,700,6,4024.2,48,2,4024.3,12,1,4024.4,42,1,4024.5,48,5,4024.7,42,1
11483,2026-07-02 11:44:07+05:30,4024.3,2,4043.1,975687,147329.0,154999.0,4100.0,4110.0,4012.0,4092.6,24117975,4501.8,3683.4,4440.0,3288.1,4024.0,1439,6,4023.8,5,1,4023.7,532,3,4023.1,34,3,4023.0,700,6,4024.2,48,2,4024.3,12,1,4024.4,42,1,4024.5,48,5,4024.7,42,1
11483,2026-07-02 11:44:08+05:30,4024.0,1,4043.1,975764,147398.0,154885.0,4100.0,4110.0,4012.0,4092.6,24117975,4501.8,3683.4,4440.0,3288.1,4024.0,1412,6,4023.8,5,1,4023.7,532,3,4023.5,2,1,4023.4,2,1,4024.3,52,2,4024.4,42,1,4024.5,5,3,4024.6,42,1,4024.8,10,1
11483,2026-07-02 11:44:08+05:30,4024.2,1,4043.1,975764,147398.0,154885.0,4100.0,4110.0,4012.0,4092.6,24117975,4501.8,3683.4,4440.0,3288.1,4024.0,1412,6,4023.8,5,1,4023.7,532,3,4023.5,2,1,4023.4,2,1,4024.3,52,2,4024.4,42,1,4024.5,5,3,4024.6,42,1,4024.8,10,1
11483,2026-07-02 11:44:09+05:30,4024.2,1,4043.09,976305,147868.0,154372.0,4100.0,4110.0,4012.0,4092.6,24117975,4501.8,3683.4,4440.0,3288.1,4024.0,1443,7,4023.8,5,1,4023.7,32,2,4023.4,6,3,4023.3,3,1,4024.2,119,2,4024.3,42,1,4024.4,42,1,4024.6,50,2,4024.8,10,1
11483,2026-07-02 11:44:09+05:30,4024.0,3,4043.09,976305,147868.0,154372.0,4100.0,4110.0,4012.0,4092.6,24117975,4501.8,3683.4,4440.0,3288.1,4024.0,1443,7,4023.8,5,1,4023.7,32,2,4023.4,6,3,4023.3,3,1,4024.2,119,2,4024.3,42,1,4024.4,42,1,4024.6,50,2,4024.8,10,1
11483,2026-07-02 11:44:10+05:30,4024.2,3,4043.09,976376,147765.0,154438.0,4100.0,4110.0,4012.0,4092.6,24117975,4501.8,3683.4,4440.0,3288.1,4024.0,1375,7,4023.8,5,1,4023.7,32,2,4023.2,2,1,4023.1,4,2,4024.2,127,4,4024.3,42,1,4024.4,42,1,4024.5,14,2,4024.6,50,2
11483,2026-07-02 11:44:10+05:30,4023.0,1,4043.09,976376,147765.0,154438.0,4100.0,4110.0,4012.0,4092.6,24117975,4501.8,3683.4,4440.0,3288.1,4024.0,1375,7,4023.8,5,1,4023.7,32,2,4023.2,2,1,4023.1,4,2,4024.2,127,4,4024.3,42,1,4024.4,42,1,4024.5,14,2,4024.6,50,2
11483,2026-07-02 11:44:11+05:30,4023.8,10,4043.06,977809,145072.0,154743.0,4100.0,4110.0,4012.0,4092.6,24117975,4501.8,3683.4,4440.0,3288.1,4023.0,659,4,4022.5,25,1,4022.4,162,3,4022.1,2,1,4022.0,116,2,4024.0,20,3,4024.1,30,3,4024.2,122,4,4024.3,58,2,4024.4,46,2
11483,2026-07-02 11:44:11+05:30,4023.0,163,4043.06,977809,145072.0,154743.0,4100.0,4110.0,4012.0,4092.6,24117975,4501.8,3683.4,4440.0,3288.1,4023.0,659,4,4022.5,25,1,4022.4,162,3,4022.1,2,1,4022.0,116,2,4024.0,20,3,4024.1,30,3,4024.2,122,4,4024.3,58,2,4024.4,46,2
11483,2026-07-02 11:44:12+05:30,4023.9,12,4043.05,978203,145016.0,156270.0,4100.0,4110.0,4012.0,4092.6,24117975,4501.8,3683.4,4440.0,3288.1,4023.0,476,1,4022.5,25,1,4022.4,158,1,4022.1,4,1,4022.0,5,1,4023.7,42,1,4023.8,22,2,4023.9,12,1,4024.0,1643,3,4024.1,25,2
11483,2026-07-02 11:44:12+05:30,4023.0,47,4043.05,978203,145016.0,156270.0,4100.0,4110.0,4012.0,4092.6,24117975,4501.8,3683.4,4440.0,3288.1,4023.0,476,1,4022.5,25,1,4022.4,158,1,4022.1,4,1,4022.0,5,1,4023.7,42,1,4023.8,22,2,4023.9,12,1,4024.0,1643,3,4024.1,25,2
11483,2026-07-02 11:44:13+05:30,4023.0,47,4043.05,978250,144966.0,158200.0,4100.0,4110.0,4012.0,4092.6,24117975,4501.8,3683.4,4440.0,3288.1,4023.0,429,1,4022.5,25,1,4022.4,158,1,4022.0,5,1,4021.8,4,2,4023.3,42,1,4023.4,65,4,4023.5,42,1,4023.6,24,2,4023.8,27,2
11483,2026-07-02 11:44:13+05:30,4023.9,12,4043.05,978250,144966.0,158200.0,4100.0,4110.0,4012.0,4092.6,24117975,4501.8,3683.4,4440.0,3288.1,4023.0,429,1,4022.5,25,1,4022.4,158,1,4022.0,5,1,4021.8,4,2,4023.3,42,1,4023.4,65,4,4023.5,42,1,4023.6,24,2,4023.8,27,2
11483,2026-07-02 11:44:14+05:30,4023.6,10,4043.05,978520,145182.0,157959.0,4100.0,4110.0,4012.0,4092.6,24117975,4501.8,3683.4,4440.0,3288.1,4023.0,419,1,4022.5,25,1,4022.4,158,1,4022.1,4,2,4022.0,27,2,4023.6,16,1,4023.7,25,2,4023.8,17,1,4023.9,42,2,4024.0,1643,3
11483,2026-07-02 11:44:14+05:30,4023.0,33,4043.05,978520,145182.0,157959.0,4100.0,4110.0,4012.0,4092.6,24117975,4501.8,3683.4,4440.0,3288.1,4023.0,419,1,4022.5,25,1,4022.4,158,1,4022.1,4,2,4022.0,27,2,4023.6,16,1,4023.7,25,2,4023.8,17,1,4023.9,42,2,4024.0,1643,3
11483,2026-07-02 11:44:15+05:30,4023.0,33,4043.05,978553,144513.0,158268.0,4100.0,4110.0,4012.0,4092.6,24117975,4501.8,3683.4,4440.0,3288.1,4023.0,386,1,4022.5,25,1,4022.4,158,1,4022.1,4,2,4022.0,5,1,4023.2,16,1,4023.3,58,3,4023.4,54,2,4023.5,42,1,4023.6,52,4
11483,2026-07-02 11:44:15+05:30,4023.2,4,4043.05,978553,144513.0,158268.0,4100.0,4110.0,4012.0,4092.6,24117975,4501.8,3683.4,4440.0,3288.1,4023.0,386,1,4022.5,25,1,4022.4,158,1,4022.1,4,2,4022.0,5,1,4023.2,16,1,4023.3,58,3,4023.4,54,2,4023.5,42,1,4023.6,52,4
11483,2026-07-02 11:44:16+05:30,4023.2,2,4043.05,978565,144508.0,158725.0,4100.0,4110.0,4012.0,4092.6,24117975,4501.8,3683.4,4440.0,3288.1,4023.0,383,1,4022.5,25,1,4022.4,158,1,4022.0,5,1,4021.8,4,2,4023.2,61,3,4023.3,46,2,4023.4,69,3,4023.6,52,4,4023.7,13,1
11483,2026-07-02 11:44:16+05:30,4023.0,2,4043.05,978565,144508.0,158725.0,4100.0,4110.0,4012.0,4092.6,24117975,4501.8,3683.4,4440.0,3288.1,4023.0,383,1,4022.5,25,1,4022.4,158,1,4022.0,5,1,4021.8,4,2,4023.2,61,3,4023.3,46,2,4023.4,69,3,4023.6,52,4,4023.7,13,1
11483,2026-07-02 11:44:17+05:30,4023.0,125,4043.04,978948,143366.0,158687.0,4100.0,4110.0,4012.0,4092.6,24117975,4501.8,3683.4,4440.0,3288.1,4022.5,25,1,4022.4,158,1,4022.0,5,1,4021.5,2,1,4021.4,124,1,4023.0,18,2,4023.2,8,2,4023.3,15,2,4023.4,77,3,4023.5,50,1
11483,2026-07-02 11:44:17+05:30,4022.5,2,4043.04,978948,143366.0,158687.0,4100.0,4110.0,4012.0,4092.6,24117975,4501.8,3683.4,4440.0,3288.1,4022.5,25,1,4022.4,158,1,4022.0,5,1,4021.5,2,1,4021.4,124,1,4023.0,18,2,4023.2,8,2,4023.3,15,2,4023.4,77,3,4023.5,50,1
11483,2026-07-02 11:44:18+05:30,4022.9,12,4043.03,979358,138295.0,159501.0,4100.0,4110.0,4012.0,4092.6,24117975,4501.8,3683.4,4440.0,3288.1,4021.4,37,3,4021.3,18,2,4021.2,34,3,4021.1,16,2,4021.0,18,3,4022.9,27,1,4023.1,18,3,4023.2,12,2,4023.3,36,3,4023.4,38,4
11483,2026-07-02 11:44:18+05:30,4022.7,1,4043.03,979358,138295.0,159501.0,4100.0,4110.0,4012.0,4092.6,24117975,4501.8,3683.4,4440.0,3288.1,4021.4,37,3,4021.3,18,2,4021.2,34,3,4021.1,16,2,4021.0,18,3,4022.9,27,1,4023.1,18,3,4023.2,12,2,4023.3,36,3,4023.4,38,4
11483,2026-07-02 11:44:19+05:30,4021.2,10,4043.03,979419,138172.0,159595.0,4100.0,4110.0,4012.0,4092.6,24117975,4501.8,3683.4,4440.0,3288.1,4021.2,17,2,4021.1,27,3,4021.0,3,1,4020.9,100,6,4020.8,3,1,4022.8,16,1,4022.9,13,1,4023.0,4,1,4023.1,48,3,4023.2,12,2
11483,2026-07-02 11:44:19+05:30,4021.2,6,4043.03,979419,138172.0,159595.0,4100.0,4110.0,4012.0,4092.6,24117975,4501.8,3683.4,4440.0,3288.1,4021.2,17,2,4021.1,27,3,4021.0,3,1,4020.9,100,6,4020.8,3,1,4022.8,16,1,4022.9,13,1,4023.0,4,1,4023.1,48,3,4023.2,12,2
11483,2026-07-02 11:44:20+05:30,4021.4,3,4043.03,979445,138150.0,159687.0,4100.0,4110.0,4012.0,4092.6,24117975,4501.8,3683.4,4440.0,3288.1,4021.4,30,2,4021.3,16,2,4021.2,5,2,4021.1,15,2,4021.0,14,3,4023.0,26,2,4023.1,37,2,4023.2,78,5,4023.3,23,2,4023.4,37,3
11483,2026-07-02 11:44:20+05:30,4023.6,2,4043.03,979445,138150.0,159687.0,4100.0,4110.0,4012.0,4092.6,24117975,4501.8,3683.4,4440.0,3288.1,4021.4,30,2,4021.3,16,2,4021.2,5,2,4021.1,15,2,4021.0,14,3,4023.0,26,2,4023.1,37,2,4023.2,78,5,4023.3,23,2,4023.4,37,3
11483,2026-07-02 11:44:21+05:30,4023.6,2,4043.02,979795,138373.0,159042.0,4100.0,4110.0,4012.0,4092.6,24117975,4501.8,3683.4,4440.0,3288.1,4022.0,16,1,4021.9,11,1,4021.7,15,1,4021.6,15,1,4021.5,29,3,4023.5,113,4,4023.6,93,4,4023.7,71,3,4023.8,44,5,4023.9,93,8
11483,2026-07-02 11:44:21+05:30,4022.0,2,4043.02,979795,138373.0,159042.0,4100.0,4110.0,4012.0,4092.6,24117975,4501.8,3683.4,4440.0,3288.1,4022.0,16,1,4021.9,11,1,4021.7,15,1,4021.6,15,1,4021.5,29,3,4023.5,113,4,4023.6,93,4,4023.7,71,3,4023.8,44,5,4023.9,93,8
11483,2026-07-02 11:44:22+05:30,4022.0,2,4043.02,979817,138144.0,159902.0,4100.0,4110.0,4012.0,4092.6,24117975,4501.8,3683.4,4440.0,3288.1,4021.5,29,2,4021.4,3,1,4021.3,3,1,4021.2,3,1,4021.1,3,1,4022.0,5,1,4022.9,15,1,4023.0,5,1,4023.1,12,1,4023.3,64,4
11483,2026-07-02 11:44:22+05:30,4022.9,7,4043.02,979817,138144.0,159902.0,4100.0,4110.0,4012.0,4092.6,24117975,4501.8,3683.4,4440.0,3288.1,4021.5,29,2,4021.4,3,1,4021.3,3,1,4021.2,3,1,4021.1,3,1,4022.0,5,1,4022.9,15,1,4023.0,5,1,4023.1,12,1,4023.3,64,4
11483,2026-07-02 11:44:23+05:30,4022.9,6,4043.02,979852,138622.0,159507.0,4100.0,4110.0,4012.0,4092.6,24117975,4501.8,3683.4,4440.0,3288.1,4022.0,1,1,4021.5,37,3,4021.4,3,1,4021.3,3,1,4021.2,3,1,4022.9,3,2,4023.1,2,1,4023.2,38,1,4023.3,2,1,4023.4,13,2
11483,2026-07-02 11:44:23+05:30,4021.6,1,4043.02,979852,138622.0,159507.0,4100.0,4110.0,4012.0,4092.6,24117975,4501.8,3683.4,4440.0,3288.1,4022.0,1,1,4021.5,37,3,4021.4,3,1,4021.3,3,1,4021.2,3,1,4022.9,3,2,4023.1,2,1,4023.2,38,1,4023.3,2,1,4023.4,13,2
11483,2026-07-02 11:44:24+05:30,4022.0,2,4043.02,979861,138556.0,159797.0,4100.0,4110.0,4012.0,4092.6,24117975,4501.8,3683.4,4440.0,3288.1,4021.6,34,4,4021.5,18,2,4021.4,3,1,4021.3,3,1,4021.2,27,3,4022.9,16,2,4023.1,38,1,4023.2,48,1,4023.3,32,4,4023.4,70,2
11483,2026-07-02 11:44:24+05:30,4022.9,1,4043.02,979861,138556.0,159797.0,4100.0,4110.0,4012.0,4092.6,24117975,4501.8,3683.4,4440.0,3288.1,4021.6,34,4,4021.5,18,2,4021.4,3,1,4021.3,3,1,4021.2,27,3,4022.9,16,2,4023.1,38,1,4023.2,48,1,4023.3,32,4,4023.4,70,2
11483,2026-07-02 11:44:25+05:30,4022.7,1,4043.02,979865,138702.0,159309.0,4100.0,4110.0,4012.0,4092.6,24117975,4501.8,3683.4,4440.0,3288.1,4021.7,15,1,4021.6,18,4,4021.5,18,2,4021.4,3,1,4021.3,3,1,4022.9,15,2,4023.3,4,2,4023.4,48,1,4023.5,75,3,4023.6,84,3
11483,2026-07-02 11:44:25+05:30,4021.0,3,4043.02,979865,138702.0,159309.0,4100.0,4110.0,4012.0,4092.6,24117975,4501.8,3683.4,4440.0,3288.1,4021.7,15,1,4021.6,18,4,4021.5,18,2,4021.4,3,1,4021.3,3,1,4022.9,15,2,4023.3,4,2,4023.4,48,1,4023.5,75,3,4023.6,84,3
11483,2026-07-02 11:44:26+05:30,4022.9,8,4043.02,979973,138918.0,159496.0,4100.0,4110.0,4012.0,4092.6,24117975,4501.8,3683.4,4440.0,3288.1,4021.7,41,4,4021.6,46,4,4021.4,50,2,4021.3,65,3,4021.2,72,4,4022.9,7,2,4023.5,65,3,4023.6,102,5,4023.7,87,4,4023.8,19,2
11483,2026-07-02 11:44:26+05:30,4021.7,13,4043.02,979973,138918.0,159496.0,4100.0,4110.0,4012.0,4092.6,24117975,4501.8,3683.4,4440.0,3288.1,4021.7,41,4,4021.6,46,4,4021.4,50,2,4021.3,65,3,4021.2,72,4,4022.9,7,2,4023.5,65,3,4023.6,102,5,4023.7,87,4,4023.8,19,2
11483,2026-07-02 11:44:27+05:30,4021.7,13,4043.02,979986,138888.0,159494.0,4100.0,4110.0,4012.0,4092.6,24117975,4501.8,3683.4,4440.0,3288.1,4021.7,28,3,4021.6,13,2,4021.4,12,1,4021.3,43,2,4021.2,72,4,4022.9,8,3,4023.4,38,1,4023.5,67,4,4023.6,100,4,4023.7,49,3
11483,2026-07-02 11:44:27+05:30,4021.7,2,4043.02,979986,138888.0,159494.0,4100.0,4110.0,4012.0,4092.6,24117975,4501.8,3683.4,4440.0,3288.1,4021.7,28,3,4021.6,13,2,4021.4,12,1,4021.3,43,2,4021.2,72,4,4022.9,8,3,4023.4,38,1,4023.5,67,4,4023.6,100,4,4023.7,49,3
11483,2026-07-02 11:44:28+05:30,4022.0,1,4043.02,979989,138919.0,159548.0,4100.0,4110.0,4012.0,4092.6,24117975,4501.8,3683.4,4440.0,3288.1,4021.6,11,1,4021.5,18,1,4021.3,43,2,4021.2,49,2,4021.1,74,4,4022.9,7,2,4023.3,44,4,4023.4,60,2,4023.5,63,2,4023.6,97,4
11483,2026-07-02 11:44:28+05:30,4022.9,2,4043.02,979989,138919.0,159548.0,4100.0,4110.0,4012.0,4092.6,24117975,4501.8,3683.4,4440.0,3288.1,4021.6,11,1,4021.5,18,1,4021.3,43,2,4021.2,49,2,4021.1,74,4,4022.9,7,2,4023.3,44,4,4023.4,60,2,4023.5,63,2,4023.6,97,4
11483,2026-07-02 11:44:29+05:30,4022.9,25,4043.02,980029,138891.0,159581.0,4100.0,4110.0,4012.0,4092.6,24117975,4501.8,3683.4,4440.0,3288.1,4021.6,16,1,4021.3,43,2,4021.2,49,2,4021.1,73,3,4021.0,40,3,4022.9,15,1,4023.0,2,1,4023.1,48,2,4023.2,2,1,4023.3,50,2
11483,2026-07-02 11:44:29+05:30,4021.6,5,4043.02,980029,138891.0,159581.0,4100.0,4110.0,4012.0,4092.6,24117975,4501.8,3683.4,4440.0,3288.1,4021.6,16,1,4021.3,43,2,4021.2,49,2,4021.1,73,3,4021.0,40,3,4022.9,15,1,4023.0,2,1,4023.1,48,2,4023.2,2,1,4023.3,50,2
11483,2026-07-02 11:44:30+05:30,4021.6,5,4043.02,980034,138897.0,159677.0,4100.0,4110.0,4012.0,4092.6,24117975,4501.8,3683.4,4440.0,3288.1,4021.6,22,2,4021.3,43,2,4021.2,49,2,4021.1,73,3,4021.0,40,3,4022.9,15,1,4023.0,2,1,4023.1,48,2,4023.2,2,1,4023.3,50,2
11483,2026-07-02 11:44:30+05:30,4022.9,3,4043.02,980034,138897.0,159677.0,4100.0,4110.0,4012.0,4092.6,24117975,4501.8,3683.4,4440.0,3288.1,4021.6,22,2,4021.3,43,2,4021.2,49,2,4021.1,73,3,4021.0,40,3,4022.9,15,1,4023.0,2,1,4023.1,48,2,4023.2,2,1,4023.3,50,2
11483,2026-07-02 11:44:31+05:30,4022.9,3,4043.02,980042,138989.0,159619.0,4100.0,4110.0,4012.0,4092.6,24117975,4501.8,3683.4,4440.0,3288.1,4021.7,100,1,4021.6,21,2,4021.3,19,1,4021.2,72,4,4021.1,14,1,4022.9,24,3,4023.2,38,1,4023.3,41,2,4023.4,58,4,4023.5,63,2
11483,2026-07-02 11:44:31+05:30,4022.9,5,4043.02,980042,138989.0,159619.0,4100.0,4110.0,4012.0,4092.6,24117975,4501.8,3683.4,4440.0,3288.1,4021.7,100,1,4021.6,21,2,4021.3,19,1,4021.2,72,4,4021.1,14,1,4022.9,24,3,4023.2,38,1,4023.3,41,2,4023.4,58,4,4023.5,63,2
11483,2026-07-02 11:44:32+05:30,4022.9,5,4043.02,980048,139090.0,159477.0,4100.0,4110.0,4012.0,4092.6,24117975,4501.8,3683.4,4440.0,3288.1,4022.3,1,1,4021.7,116,2,4021.3,52,3,4021.2,50,3,4021.1,14,1,4022.9,19,3,4023.3,3,2,4023.4,36,3,4023.5,63,2,4023.6,19,3
11483,2026-07-02 11:44:32+05:30,4023.3,4,4043.02,980048,139090.0,159477.0,4100.0,4110.0,4012.0,4092.6,24117975,4501.8,3683.4,4440.0,3288.1,4022.3,1,1,4021.7,116,2,4021.3,52,3,4021.2,50,3,4021.1,14,1,4022.9,19,3,4023.3,3,2,4023.4,36,3,4023.5,63,2,4023.6,19,3
11483,2026-07-02 11:44:33+05:30,4023.3,4,4043.01,980076,138919.0,159625.0,4100.0,4110.0,4012.0,4092.6,24117975,4501.8,3683.4,4440.0,3288.1,4022.3,1,1,4021.7,116,2,4021.3,19,1,4021.2,39,1,4021.1,15,2,4022.8,1,1,4023.1,186,2,4023.2,3,1,4023.3,11,4,4023.4,3,1
11483,2026-07-02 11:44:33+05:30,4021.7,10,4043.01,980076,138919.0,159625.0,4100.0,4110.0,4012.0,4092.6,24117975,4501.8,3683.4,4440.0,3288.1,4022.3,1,1,4021.7,116,2,4021.3,19,1,4021.2,39,1,4021.1,15,2,4022.8,1,1,4023.1,186,2,4023.2,3,1,4023.3,11,4,4023.4,3,1
11483,2026-07-02 11:44:34+05:30,4021.7,10,4043.01,980091,138667.0,159713.0,4100.0,4110.0,4012.0,4092.6,24117975,4501.8,3683.4,4440.0,3288.1,4021.8,1,1,4021.7,89,1,4021.2,39,1,4021.0,41,4,4020.9,101,4,4022.8,12,2,4023.0,2,1,4023.2,91,4,4023.3,32,5,4023.4,47,3
11483,2026-07-02 11:44:34+05:30,4021.8,1,4043.01,980091,138667.0,159713.0,4100.0,4110.0,4012.0,4092.6,24117975,4501.8,3683.4,4440.0,3288.1,4021.8,1,1,4021.7,89,1,4021.2,39,1,4021.0,41,4,4020.9,101,4,4022.8,12,2,4023.0,2,1,4023.2,91,4,4023.3,32,5,4023.4,47,3
11483,2026-07-02 11:44:35+05:30,4021.8,1,4043.01,980093,138800.0,159675.0,4100.0,4110.0,4012.0,4092.6,24117975,4501.8,3683.4,4440.0,3288.1,4021.9,1,1,4021.7,89,1,4021.2,70,3,4021.1,16,2,4021.0,42,5,4022.8,1,1,4023.2,38,1,4023.3,8,3,4023.4,3,1,4023.5,63,2
11483,2026-07-02 11:44:36+05:30,4021.9,13,4043.01,980106,138823.0,159728.0,4100.0,4110.0,4012.0,4092.6,24117975,4501.8,3683.4,4440.0,3288.1,4021.9,2,1,4021.7,89,1,4021.2,39,1,4021.1,11,1,4021.0,41,4,4022.8,7,2,4023.1,13,2,4023.2,41,3,4023.3,17,3,4023.4,25,2
11483,2026-07-02 11:44:36+05:30,4021.9,1,4043.01,980106,138823.0,159728.0,4100.0,4110.0,4012.0,4092.6,24117975,4501.8,3683.4,4440.0,3288.1,4021.9,2,1,4021.7,89,1,4021.2,39,1,4021.1,11,1,4021.0,41,4,4022.8,7,2,4023.1,13,2,4023.2,41,3,4023.3,17,3,4023.4,25,2
11483,2026-07-02 11:44:37+05:30,4021.9,1,4043.01,980107,138920.0,159799.0,4100.0,4110.0,4012.0,4092.6,24117975,4501.8,3683.4,4440.0,3288.1,4021.9,1,1,4021.7,89,1,4021.2,39,1,4021.1,11,1,4021.0,68,6,4022.8,7,2,4023.1,2,1,4023.2,39,2,4023.3,8,3,4023.4,73,3
11483,2026-07-02 11:44:37+05:30,4022.8,1,4043.01,980107,138920.0,159799.0,4100.0,4110.0,4012.0,4092.6,24117975,4501.8,3683.4,4440.0,3288.1,4021.9,1,1,4021.7,89,1,4021.2,39,1,4021.1,11,1,4021.0,68,6,4022.8,7,2,4023.1,2,1,4023.2,39,2,4023.3,8,3,4023.4,73,3
11483,2026-07-02 11:44:38+05:30,4022.8,1,4043.01,980110,138913.0,159937.0,4100.0,4110.0,4012.0,4092.6,24117975,4501.8,3683.4,4440.0,3288.1,4021.9,2,1,4021.7,89,1,4021.3,5,1,4021.2,39,1,4021.1,11,1,4022.8,180,2,4023.2,39,2,4023.3,6,2,4023.4,73,3,4023.5,65,3
11483,2026-07-02 11:44:39+05:30,4022.8,96,4043.01,980211,138954.0,159846.0,4100.0,4110.0,4012.0,4092.6,24117975,4501.8,3683.4,4440.0,3288.1,4021.9,2,1,4021.7,89,1,4021.3,5,1,4021.2,39,1,4021.1,11,1,4022.8,79,1,4023.0,61,1,4023.2,39,2,4023.3,31,3,4023.4,27,3
11483,2026-07-02 11:44:39+05:30,4021.9,2,4043.01,980211,138954.0,159846.0,4100.0,4110.0,4012.0,4092.6,24117975,4501.8,3683.4,4440.0,3288.1,4021.9,2,1,4021.7,89,1,4021.3,5,1,4021.2,39,1,4021.1,11,1,4022.8,79,1,4023.0,61,1,4023.2,39,2,4023.3,31,3,4023.4,27,3
11483,2026-07-02 11:44:40+05:30,4021.9,2,4043.01,980223,139418.0,159135.0,4100.0,4110.0,4012.0,4092.6,24117975,4501.8,3683.4,4440.0,3288.1,4022.0,33,1,4021.9,58,4,4021.8,25,3,4021.7,118,5,4021.6,4,1,4022.8,79,1,4023.0,61,1,4023.3,25,1,4023.8,17,1,4023.9,18,2
11483,2026-07-02 11:44:40+05:30,4022.0,2,4043.01,980223,139418.0,159135.0,4100.0,4110.0,4012.0,4092.6,24117975,4501.8,3683.4,4440.0,3288.1,4022.0,33,1,4021.9,58,4,4021.8,25,3,4021.7,118,5,4021.6,4,1,4022.8,79,1,4023.0,61,1,4023.3,25,1,4023.8,17,1,4023.9,18,2
11483,2026-07-02 11:44:41+05:30,4022.0,2,4043.01,980225,139424.0,159163.0,4100.0,4110.0,4012.0,4092.6,24117975,4501.8,3683.4,4440.0,3288.1,4022.0,31,1,4021.9,58,4,4021.8,25,3,4021.7,118,5,4021.6,4,1,4022.8,79,1,4023.0,61,1,4023.3,25,1,4023.8,17,1,4023.9,18,2
11483,2026-07-02 11:44:41+05:30,4022.0,2,4043.01,980225,139424.0,159163.0,4100.0,4110.0,4012.0,4092.6,24117975,4501.8,3683.4,4440.0,3288.1,4022.0,31,1,4021.9,58,4,4021.8,25,3,4021.7,118,5,4021.6,4,1,4022.8,79,1,4023.0,61,1,4023.3,25,1,4023.8,17,1,4023.9,18,2
11483,2026-07-02 11:44:41+05:30,4022.0,12,4043.01,980225,139424.0,159163.0,4100.0,4110.0,4012.0,4092.6,24117975,4501.8,3683.4,4440.0,3288.1,4022.0,31,1,4021.9,58,4,4021.8,25,3,4021.7,118,5,4021.6,4,1,4022.8,79,1,4023.0,61,1,4023.3,25,1,4023.8,17,1,4023.9,18,2
11483,2026-07-02 11:44:42+05:30,4022.0,12,4043.01,980241,140333.0,158750.0,4100.0,4110.0,4012.0,4092.6,24117975,4501.8,3683.4,4440.0,3288.1,4022.4,1,1,4022.0,2949,7,4021.9,38,4,4021.8,47,4,4021.7,96,4,4022.8,77,1,4023.0,61,1,4023.3,25,1,4023.8,17,1,4023.9,5,1
11483,2026-07-02 11:44:42+05:30,4022.0,12,4043.01,980241,140333.0,158750.0,4100.0,4110.0,4012.0,4092.6,24117975,4501.8,3683.4,4440.0,3288.1,4022.4,1,1,4022.0,2949,7,4021.9,38,4,4021.8,47,4,4021.7,96,4,4022.8,77,1,4023.0,61,1,4023.3,25,1,4023.8,17,1,4023.9,5,1
11483,2026-07-02 11:44:42+05:30,4022.8,2,4043.01,980241,140333.0,158750.0,4100.0,4110.0,4012.0,4092.6,24117975,4501.8,3683.4,4440.0,3288.1,4022.4,1,1,4022.0,2949,7,4021.9,38,4,4021.8,47,4,4021.7,96,4,4022.8,77,1,4023.0,61,1,4023.3,25,1,4023.8,17,1,4023.9,5,1
11483,2026-07-02 11:44:43+05:30,4022.8,2,4043.01,980249,140306.0,158772.0,4100.0,4110.0,4012.0,4092.6,24117975,4501.8,3683.4,4440.0,3288.1,4022.4,1,1,4022.0,2966,8,4021.9,26,3,4021.8,23,2,4021.7,96,4,4022.8,72,2,4023.0,61,1,4023.3,25,1,4023.8,17,1,4023.9,5,1
11483,2026-07-02 11:44:43+05:30,4022.8,2,4043.01,980249,140306.0,158772.0,4100.0,4110.0,4012.0,4092.6,24117975,4501.8,3683.4,4440.0,3288.1,4022.4,1,1,4022.0,2966,8,4021.9,26,3,4021.8,23,2,4021.7,96,4,4022.8,72,2,4023.0,61,1,4023.3,25,1,4023.8,17,1,4023.9,5,1
11483,2026-07-02 11:44:43+05:30,4023.0,18,4043.01,980249,140306.0,158772.0,4100.0,4110.0,4012.0,4092.6,24117975,4501.8,3683.4,4440.0,3288.1,4022.4,1,1,4022.0,2966,8,4021.9,26,3,4021.8,23,2,4021.7,96,4,4022.8,72,2,4023.0,61,1,4023.3,25,1,4023.8,17,1,4023.9,5,1
11483,2026-07-02 11:44:44+05:30,4023.3,7,4043.01,980323,164402.0,158833.0,4100.0,4110.0,4012.0,4092.6,24117975,4501.8,3683.4,4440.0,3288.1,4022.2,19,1,4022.1,63,4,4022.0,2924,6,4021.9,45,4,4021.8,61,3,4023.3,18,1,4023.9,47,2,4024.0,1630,1,4024.1,25,2,4024.2,16,2
11483,2026-07-02 11:44:44+05:30,4023.3,7,4043.01,980323,164402.0,158833.0,4100.0,4110.0,4012.0,4092.6,24117975,4501.8,3683.4,4440.0,3288.1,4022.2,19,1,4022.1,63,4,4022.0,2924,6,4021.9,45,4,4021.8,61,3,4023.3,18,1,4023.9,47,2,4024.0,1630,1,4024.1,25,2,4024.2,16,2
11483,2026-07-02 11:44:44+05:30,4022.2,9,4043.01,980323,164402.0,158833.0,4100.0,4110.0,4012.0,4092.6,24117975,4501.8,3683.4,4440.0,3288.1,4022.2,19,1,4022.1,63,4,4022.0,2924,6,4021.9,45,4,4021.8,61,3,4023.3,18,1,4023.9,47,2,4024.0,1630,1,4024.1,25,2,4024.2,16,2
11483,2026-07-02 11:44:45+05:30,4022.2,9,4043.01,980323,164402.0,158833.0,4100.0,4110.0,4012.0,4092.6,24117975,4501.8,3683.4,4440.0,3288.1,4022.2,19,1,4022.1,63,4,4022.0,2924,6,4021.9,45,4,4021.8,61,3,4023.3,18,1,4023.9,47,2,4024.0,1630,1,4024.1,25,2,4024.2,16,2
11483,2026-07-02 11:44:45+05:30,4022.2,9,4043.01,980332,164923.0,158745.0,4100.0,4110.0,4012.0,4092.6,24117975,4501.8,3683.4,4440.0,3288.1,4022.7,1,1,4022.2,17,1,4022.1,51,3,4022.0,2911,5,4021.9,45,4,4023.3,18,1,4023.9,5,1,4024.0,1630,1,4024.1,25,2,4024.2,16,2
11483,2026-07-02 11:44:45+05:30,4022.2,9,4043.01,980332,164923.0,158745.0,4100.0,4110.0,4012.0,4092.6,24117975,4501.8,3683.4,4440.0,3288.1,4022.7,1,1,4022.2,17,1,4022.1,51,3,4022.0,2911,5,4021.9,45,4,4023.3,18,1,4023.9,5,1,4024.0,1630,1,4024.1,25,2,4024.2,16,2
11483,2026-07-02 11:44:45+05:30,4022.2,9,4043.01,980332,164923.0,158745.0,4100.0,4110.0,4012.0,4092.6,24128125,4501.8,3683.4,4440.0,3288.1,4022.7,1,1,4022.2,17,1,4022.1,51,3,4022.0,2911,5,4021.9,45,4,4023.3,18,1,4023.9,5,1,4024.0,1630,1,4024.1,25,2,4024.2,16,2
11483,2026-07-02 11:44:45+05:30,4023.2,3,4043.01,980332,164923.0,158745.0,4100.0,4110.0,4012.0,4092.6,24128125,4501.8,3683.4,4440.0,3288.1,4022.7,1,1,4022.2,17,1,4022.1,51,3,4022.0,2911,5,4021.9,45,4,4023.3,18,1,4023.9,5,1,4024.0,1630,1,4024.1,25,2,4024.2,16,2
11483,2026-07-02 11:44:46+05:30,4023.2,3,4043.01,980332,164923.0,158745.0,4100.0,4110.0,4012.0,4092.6,24128125,4501.8,3683.4,4440.0,3288.1,4022.7,1,1,4022.2,17,1,4022.1,51,3,4022.0,2911,5,4021.9,45,4,4023.3,18,1,4023.9,5,1,4024.0,1630,1,4024.1,25,2,4024.2,16,2
11483,2026-07-02 11:44:46+05:30,4023.3,5,4043.01,980350,165721.0,158807.0,4100.0,4110.0,4012.0,4092.6,24128125,4501.8,3683.4,4440.0,3288.1,4022.2,9,1,4022.1,49,4,4022.0,2910,4,4021.9,13,1,4021.8,71,4,4023.3,6,1,4023.9,24,1,4024.0,1664,3,4024.1,25,2,4024.2,10,3
11483,2026-07-02 11:44:46+05:30,4023.3,5,4043.01,980350,165721.0,158807.0,4100.0,4110.0,4012.0,4092.6,24128125,4501.8,3683.4,4440.0,3288.1,4022.2,9,1,4022.1,49,4,4022.0,2910,4,4021.9,13,1,4021.8,71,4,4023.3,6,1,4023.9,24,1,4024.0,1664,3,4024.1,25,2,4024.2,10,3
11483,2026-07-02 11:44:46+05:30,4022.2,1,4043.01,980350,165721.0,158807.0,4100.0,4110.0,4012.0,4092.6,24128125,4501.8,3683.4,4440.0,3288.1,4022.2,9,1,4022.1,49,4,4022.0,2910,4,4021.9,13,1,4021.8,71,4,4023.3,6,1,4023.9,24,1,4024.0,1664,3,4024.1,25,2,4024.2,10,3
11483,2026-07-02 11:44:47+05:30,4022.2,1,4043.01,980350,165721.0,158807.0,4100.0,4110.0,4012.0,4092.6,24128125,4501.8,3683.4,4440.0,3288.1,4022.2,9,1,4022.1,49,4,4022.0,2910,4,4021.9,13,1,4021.8,71,4,4023.3,6,1,4023.9,24,1,4024.0,1664,3,4024.1,25,2,4024.2,10,3
11483,2026-07-02 11:44:47+05:30,4022.1,3,4043.01,980362,164198.0,158875.0,4100.0,4110.0,4012.0,4092.6,24128125,4501.8,3683.4,4440.0,3288.1,4022.2,12,1,4022.1,36,3,4022.0,2899,3,4021.9,10,1,4021.8,87,3,4023.3,6,1,4024.0,1664,3,4024.1,25,2,4024.2,22,4,4024.3,25,2
11483,2026-07-02 11:44:47+05:30,4022.1,3,4043.01,980362,164198.0,158875.0,4100.0,4110.0,4012.0,4092.6,24128125,4501.8,3683.4,4440.0,3288.1,4022.2,12,1,4022.1,36,3,4022.0,2899,3,4021.9,10,1,4021.8,87,3,4023.3,6,1,4024.0,1664,3,4024.1,25,2,4024.2,22,4,4024.3,25,2
11483,2026-07-02 11:44:47+05:30,4023.3,1,4043.01,980362,164198.0,158875.0,4100.0,4110.0,4012.0,4092.6,24128125,4501.8,3683.4,4440.0,3288.1,4022.2,12,1,4022.1,36,3,4022.0,2899,3,4021.9,10,1,4021.8,87,3,4023.3,6,1,4024.0,1664,3,4024.1,25,2,4024.2,22,4,4024.3,25,2
11483,2026-07-02 11:44:48+05:30,4023.3,1,4043.01,980365,164581.0,158668.0,4100.0,4110.0,4012.0,4092.6,24128125,4501.8,3683.4,4440.0,3288.1,4022.4,11,1,4022.3,68,5,4022.2,85,5,4022.1,23,2,4022.0,2909,4,4023.3,5,1,4024.0,1630,1,4024.1,25,2,4024.2,20,3,4024.3,25,2
11483,2026-07-02 11:44:48+05:30,4023.3,1,4043.01,980365,164581.0,158668.0,4100.0,4110.0,4012.0,4092.6,24128125,4501.8,3683.4,4440.0,3288.1,4022.4,11,1,4022.3,68,5,4022.2,85,5,4022.1,23,2,4022.0,2909,4,4023.3,5,1,4024.0,1630,1,4024.1,25,2,4024.2,20,3,4024.3,25,2
11483,2026-07-02 11:44:49+05:30,4024.0,6,4043.01,980376,164415.0,158258.0,4100.0,4110.0,4012.0,4092.6,24128125,4501.8,3683.4,4440.0,3288.1,4022.5,12,1,4022.4,48,4,4022.3,67,5,4022.2,74,5,4022.1,33,2,4023.9,9,1,4024.0,1627,2,4024.1,25,2,4024.2,8,2,4024.3,25,2
11483,2026-07-02 11:44:49+05:30,4023.9,1,4043.01,980376,164415.0,158258.0,4100.0,4110.0,4012.0,4092.6,24128125,4501.8,3683.4,4440.0,3288.1,4022.5,12,1,4022.4,48,4,4022.3,67,5,4022.2,74,5,4022.1,33,2,4023.9,9,1,4024.0,1627,2,4024.1,25,2,4024.2,8,2,4024.3,25,2
11483,2026-07-02 11:44:50+05:30,4023.9,1,4043.01,980379,164509.0,158263.0,4100.0,4110.0,4012.0,4092.6,24128125,4501.8,3683.4,4440.0,3288.1,4022.5,10,1,4022.4,48,4,4022.3,67,5,4022.2,74,5,4022.1,22,1,4023.9,8,1,4024.0,1627,2,4024.1,25,2,4024.2,8,2,4024.3,25,2
11483,2026-07-02 11:44:50+05:30,4023.9,1,4043.01,980379,164509.0,158263.0,4100.0,4110.0,4012.0,4092.6,24128125,4501.8,3683.4,4440.0,3288.1,4022.5,10,1,4022.4,48,4,4022.3,67,5,4022.2,74,5,4022.1,22,1,4023.9,8,1,4024.0,1627,2,4024.1,25,2,4024.2,8,2,4024.3,25,2
11483,2026-07-02 11:44:51+05:30,4023.9,1,4043.01,980380,164739.0,157960.0,4100.0,4110.0,4012.0,4092.6,24128125,4501.8,3683.4,4440.0,3288.1,4023.3,4,1,4022.4,15,1,4022.3,44,3,4022.2,51,3,4022.1,23,2,4024.0,1627,2,4024.1,3,1,4024.2,8,2,4024.3,25,2,4024.4,22,1
11483,2026-07-02 11:44:51+05:30,4024.0,1,4043.01,980380,164739.0,157960.0,4100.0,4110.0,4012.0,4092.6,24128125,4501.8,3683.4,4440.0,3288.1,4023.3,4,1,4022.4,15,1,4022.3,44,3,4022.2,51,3,4022.1,23,2,4024.0,1627,2,4024.1,3,1,4024.2,8,2,4024.3,25,2,4024.4,22,1
11483,2026-07-02 11:44:52+05:30,4024.0,2,4043.01,980383,164790.0,158035.0,4100.0,4110.0,4012.0,4092.6,24128125,4501.8,3683.4,4440.0,3288.1,4023.6,1,1,4023.3,4,1,4023.0,1,1,4022.4,40,2,4022.3,44,3,4024.0,1621,1,4024.3,20,1,4024.5,177,3,4024.6,25,3,4024.7,9,1
11483,2026-07-02 11:44:52+05:30,4024.0,50,4043.01,980383,164790.0,158035.0,4100.0,4110.0,4012.0,4092.6,24128125,4501.8,3683.4,4440.0,3288.1,4023.6,1,1,4023.3,4,1,4023.0,1,1,4022.4,40,2,4022.3,44,3,4024.0,1621,1,4024.3,20,1,4024.5,177,3,4024.6,25,3,4024.7,9,1
11483,2026-07-02 11:44:53+05:30,4024.0,4,4043.01,980439,163584.0,157985.0,4100.0,4110.0,4012.0,4092.6,24128125,4501.8,3683.4,4440.0,3288.1,4023.6,1,1,4023.0,1,1,4022.4,40,2,4022.3,34,2,4022.2,52,4,4024.0,1567,2,4024.3,20,1,4024.5,177,3,4024.6,25,3,4024.7,9,1
11483,2026-07-02 11:44:53+05:30,4023.6,1,4043.01,980439,163584.0,157985.0,4100.0,4110.0,4012.0,4092.6,24128125,4501.8,3683.4,4440.0,3288.1,4023.6,1,1,4023.0,1,1,4022.4,40,2,4022.3,34,2,4022.2,52,4,4024.0,1567,2,4024.3,20,1,4024.5,177,3,4024.6,25,3,4024.7,9,1
11483,2026-07-02 11:44:54+05:30,4023.6,1,4043.01,980443,163507.0,157921.0,4100.0,4110.0,4012.0,4092.6,24128125,4501.8,3683.4,4440.0,3288.1,4023.0,1,1,4022.4,15,1,4022.3,34,2,4022.2,61,5,4022.1,1,1,4023.6,1,1,4024.0,1579,3,4024.3,20,1,4024.5,38,5,4024.6,23,2
11483,2026-07-02 11:44:54+05:30,4024.0,1,4043.01,980443,163507.0,157921.0,4100.0,4110.0,4012.0,4092.6,24128125,4501.8,3683.4,4440.0,3288.1,4023.0,1,1,4022.4,15,1,4022.3,34,2,4022.2,61,5,4022.1,1,1,4023.6,1,1,4024.0,1579,3,4024.3,20,1,4024.5,38,5,4024.6,23,2
11483,2026-07-02 11:44:55+05:30,4024.0,1,4043.0,980558,163588.0,157723.0,4100.0,4110.0,4012.0,4092.6,24128125,4501.8,3683.4,4440.0,3288.1,4022.9,73,3,4022.8,23,2,4022.6,29,2,4022.5,48,2,4022.4,10,1,4024.0,1468,3,4024.3,20,1,4024.5,4,3,4024.6,15,1,4024.8,69,4
11483,2026-07-02 11:44:55+05:30,4024.0,1,4043.0,980558,163588.0,157723.0,4100.0,4110.0,4012.0,4092.6,24128125,4501.8,3683.4,4440.0,3288.1,4022.9,73,3,4022.8,23,2,4022.6,29,2,4022.5,48,2,4022.4,10,1,4024.0,1468,3,4024.3,20,1,4024.5,4,3,4024.6,15,1,4024.8,69,4
11483,2026-07-02 11:44:56+05:30,4024.0,1,4043.0,980575,163675.0,157693.0,4100.0,4110.0,4012.0,4092.6,24128125,4501.8,3683.4,4440.0,3288.1,4023.1,62,2,4023.0,32,3,4022.9,29,2,4022.7,9,1,4022.5,48,2,4024.0,1465,3,4024.3,20,1,4024.4,2,1,4024.5,2,2,4024.6,15,1
11483,2026-07-02 11:44:56+05:30,4024.0,1,4043.0,980575,163675.0,157693.0,4100.0,4110.0,4012.0,4092.6,24128125,4501.8,3683.4,4440.0,3288.1,4023.1,62,2,4023.0,32,3,4022.9,29,2,4022.7,9,1,4022.5,48,2,4024.0,1465,3,4024.3,20,1,4024.4,2,1,4024.5,2,2,4024.6,15,1
11483,2026-07-02 11:44:57+05:30,4023.2,1,4043.0,980579,163826.0,157690.0,4100.0,4110.0,4012.0,4092.6,24128125,4501.8,3683.4,4440.0,3288.1,4023.2,11,1,4023.1,72,3,4023.0,46,4,4022.9,11,1,4022.7,9,1,4024.0,1464,3,4024.3,20,1,4024.4,2,1,4024.5,2,2,4024.6,15,1
11483,2026-07-02 11:44:57+05:30,4023.2,1,4043.0,980579,163826.0,157690.0,4100.0,4110.0,4012.0,4092.6,24128125,4501.8,3683.4,4440.0,3288.1,4023.2,11,1,4023.1,72,3,4023.0,46,4,4022.9,11,1,4022.7,9,1,4024.0,1464,3,4024.3,20,1,4024.4,2,1,4024.5,2,2,4024.6,15,1
11483,2026-07-02 11:44:58+05:30,4023.2,2,4043.0,980596,163846.0,157750.0,4100.0,4110.0,4012.0,4092.6,24128125,4501.8,3683.4,4440.0,3288.1,4023.2,8,1,4023.1,95,5,4023.0,46,4,4022.9,11,1,4022.7,9,1,4024.0,1449,2,4024.3,20,1,4024.4,2,1,4024.5,2,2,4024.6,15,1
11483,2026-07-02 11:44:58+05:30,4024.0,1,4043.0,980596,163846.0,157750.0,4100.0,4110.0,4012.0,4092.6,24128125,4501.8,3683.4,4440.0,3288.1,4023.2,8,1,4023.1,95,5,4023.0,46,4,4022.9,11,1,4022.7,9,1,4024.0,1449,2,4024.3,20,1,4024.4,2,1,4024.5,2,2,4024.6,15,1
11483,2026-07-02 11:44:59+05:30,4023.3,4,4043.0,980610,164040.0,157711.0,4100.0,4110.0,4012.0,4092.6,24128125,4501.8,3683.4,4440.0,3288.1,4023.4,12,1,4023.3,87,5,4023.2,23,3,4023.1,35,3,4023.0,55,4,4024.0,1429,1,4024.3,20,1,4024.5,4,3,4024.6,15,1,4024.8,25,1
11483,2026-07-02 11:44:59+05:30,4024.0,1,4043.0,980610,164040.0,157711.0,4100.0,4110.0,4012.0,4092.6,24128125,4501.8,3683.4,4440.0,3288.1,4023.4,12,1,4023.3,87,5,4023.2,23,3,4023.1,35,3,4023.0,55,4,4024.0,1429,1,4024.3,20,1,4024.5,4,3,4024.6,15,1,4024.8,25,1
11483,2026-07-02 11:45:00+05:30,4024.0,1,4043.0,980612,164024.0,157717.0,4100.0,4110.0,4012.0,4092.6,24128125,4501.8,3683.4,4440.0,3288.1,4023.4,11,1,4023.3,51,5,4023.2,23,3,4023.1,35,3,4023.0,41,3,4024.0,1428,1,4024.3,20,1,4024.4,2,1,4024.5,2,2,4024.6,15,1
11483,2026-07-02 11:45:00+05:30,4024.0,1,4043.0,980612,164024.0,157717.0,4100.0,4110.0,4012.0,4092.6,24128125,4501.8,3683.4,4440.0,3288.1,4023.4,11,1,4023.3,51,5,4023.2,23,3,4023.1,35,3,4023.0,41,3,4024.0,1428,1,4024.3,20,1,4024.4,2,1,4024.5,2,2,4024.6,15,1
11483,2026-07-02 11:45:01+05:30,4024.0,1,4043.0,980620,164011.0,157709.0,4100.0,4110.0,4012.0,4092.6,24128125,4501.8,3683.4,4440.0,3288.1,4023.4,10,1,4023.3,42,4,4023.2,23,3,4023.1,35,3,4023.0,23,2,4024.0,1421,1,4024.3,20,1,4024.4,2,1,4024.5,2,2,4024.6,15,1
11483,2026-07-02 11:45:01+05:30,4024.0,1,4043.0,980620,164011.0,157709.0,4100.0,4110.0,4012.0,4092.6,24128125,4501.8,3683.4,4440.0,3288.1,4023.4,10,1,4023.3,42,4,4023.2,23,3,4023.1,35,3,4023.0,23,2,4024.0,1421,1,4024.3,20,1,4024.4,2,1,4024.5,2,2,4024.6,15,1
11483,2026-07-02 11:45:02+05:30,4024.0,75,4043.0,980697,165077.0,157909.0,4100.0,4110.0,4012.0,4092.6,24128125,4501.8,3683.4,4440.0,3288.1,4023.7,1,1,4023.3,30,3,4023.2,17,2,4023.1,23,2,4023.0,14,1,4024.0,1345,1,4024.3,20,1,4024.4,2,1,4024.5,177,3,4024.6,15,1
11483,2026-07-02 11:45:02+05:30,4023.7,1,4043.0,980697,165077.0,157909.0,4100.0,4110.0,4012.0,4092.6,24128125,4501.8,3683.4,4440.0,3288.1,4023.7,1,1,4023.3,30,3,4023.2,17,2,4023.1,23,2,4023.0,14,1,4024.0,1345,1,4024.3,20,1,4024.4,2,1,4024.5,177,3,4024.6,15,1
11483,2026-07-02 11:45:03+05:30,4022.2,10,4042.99,981117,164058.0,157812.0,4100.0,4110.0,4012.0,4092.6,24128125,4501.8,3683.4,4440.0,3288.1,4022.9,42,4,4022.8,63,2,4022.7,71,5,4022.6,44,3,4022.5,50,3,4023.7,1,1,4024.0,1445,2,4024.3,20,1,4024.4,2,1,4024.5,2,2
11483,2026-07-02 11:45:03+05:30,4022.9,10,4042.99,981190,164076.0,157945.0,4100.0,4110.0,4012.0,4092.6,24128125,4501.8,3683.4,4440.0,3288.1,4022.9,65,3,4022.8,13,1,4022.7,55,5,4022.6,32,2,4022.5,84,5,4023.7,2,2,4024.0,1495,3,4024.3,20,1,4024.4,2,1,4024.5,2,2
11483,2026-07-02 11:45:03+05:30,4022.9,8,4042.99,981190,164076.0,157945.0,4100.0,4110.0,4012.0,4092.6,24128125,4501.8,3683.4,4440.0,3288.1,4022.9,65,3,4022.8,13,1,4022.7,55,5,4022.6,32,2,4022.5,84,5,4023.7,2,2,4024.0,1495,3,4024.3,20,1,4024.4,2,1,4024.5,2,2
11483,2026-07-02 11:45:04+05:30,4023.0,1,4042.99,981235,164078.0,157910.0,4100.0,4110.0,4012.0,4092.6,24128125,4501.8,3683.4,4440.0,3288.1,4023.0,26,3,4022.9,12,1,4022.7,34,3,4022.6,32,2,4022.5,88,4,4024.0,1467,3,4024.3,20,1,4024.4,2,1,4024.5,2,2,4024.6,15,1
11483,2026-07-02 11:45:04+05:30,4023.0,5,4042.99,981235,164078.0,157910.0,4100.0,4110.0,4012.0,4092.6,24128125,4501.8,3683.4,4440.0,3288.1,4023.0,26,3,4022.9,12,1,4022.7,34,3,4022.6,32,2,4022.5,88,4,4024.0,1467,3,4024.3,20,1,4024.4,2,1,4024.5,2,2,4024.6,15,1
11483,2026-07-02 11:45:05+05:30,4022.9,1,4042.99,981427,164115.0,158096.0,4100.0,4110.0,4012.0,4092.6,24128125,4501.8,3683.4,4440.0,3288.1,4022.9,36,3,4022.8,55,5,4022.7,59,5,4022.6,32,2,4022.5,47,3,4024.0,1455,3,4024.3,20,1,4024.4,2,1,4024.5,2,2,4024.6,37,2
11483,2026-07-02 11:45:05+05:30,4022.9,1,4042.99,981427,164115.0,158096.0,4100.0,4110.0,4012.0,4092.6,24128125,4501.8,3683.4,4440.0,3288.1,4022.9,36,3,4022.8,55,5,4022.7,59,5,4022.6,32,2,4022.5,47,3,4024.0,1455,3,4024.3,20,1,4024.4,2,1,4024.5,2,2,4024.6,37,2
11483,2026-07-02 11:45:06+05:30,4022.9,1,4042.99,981460,164128.0,158190.0,4100.0,4110.0,4012.0,4092.6,24128125,4501.8,3683.4,4440.0,3288.1,4022.9,20,2,4022.8,46,4,4022.7,59,5,4022.6,20,1,4022.5,47,3,4024.0,1548,4,4024.3,20,1,4024.4,2,1,4024.5,2,2,4024.6,37,2
11483,2026-07-02 11:45:06+05:30,4022.9,4,4042.99,981460,164128.0,158190.0,4100.0,4110.0,4012.0,4092.6,24128125,4501.8,3683.4,4440.0,3288.1,4022.9,20,2,4022.8,46,4,4022.7,59,5,4022.6,20,1,4022.5,47,3,4024.0,1548,4,4024.3,20,1,4024.4,2,1,4024.5,2,2,4024.6,37,2
11483,2026-07-02 11:45:07+05:30,4023.0,1,4042.99,981479,164064.0,158191.0,4100.0,4110.0,4012.0,4092.6,24128125,4501.8,3683.4,4440.0,3288.1,4023.0,27,3,4022.9,2,1,4022.8,46,4,4022.7,36,3,4022.6,20,1,4024.0,1534,4,4024.3,20,1,4024.4,2,1,4024.5,2,2,4024.6,37,2
11483,2026-07-02 11:45:07+05:30,4023.0,1,4042.99,981479,164064.0,158191.0,4100.0,4110.0,4012.0,4092.6,24128125,4501.8,3683.4,4440.0,3288.1,4023.0,27,3,4022.9,2,1,4022.8,46,4,4022.7,36,3,4022.6,20,1,4024.0,1534,4,4024.3,20,1,4024.4,2,1,4024.5,2,2,4024.6,37,2
11483,2026-07-02 11:45:08+05:30,4023.1,1,4042.99,981483,164163.0,158116.0,4100.0,4110.0,4012.0,4092.6,24128125,4501.8,3683.4,4440.0,3288.1,4023.1,11,1,4023.0,50,4,4022.9,18,2,4022.8,46,4,4022.7,36,3,4023.9,30,1,4024.0,1534,4,4024.3,20,1,4024.4,2,1,4024.5,2,2
11483,2026-07-02 11:45:08+05:30,4023.1,1,4042.99,981483,164163.0,158116.0,4100.0,4110.0,4012.0,4092.6,24128125,4501.8,3683.4,4440.0,3288.1,4023.1,11,1,4023.0,50,4,4022.9,18,2,4022.8,46,4,4022.7,36,3,4023.9,30,1,4024.0,1534,4,4024.3,20,1,4024.4,2,1,4024.5,2,2
11483,2026-07-02 11:45:09+05:30,4023.1,1,4042.99,981486,164272.0,158108.0,4100.0,4110.0,4012.0,4092.6,24128125,4501.8,3683.4,4440.0,3288.1,4023.1,11,1,4023.0,128,5,4022.9,31,4,4022.8,29,3,4022.7,36,3,4023.9,29,2,4024.0,1534,4,4024.2,2,1,4024.3,20,1,4024.5,2,2
11483,2026-07-02 11:45:09+05:30,4023.1,1,4042.99,981486,164272.0,158108.0,4100.0,4110.0,4012.0,4092.6,24128125,4501.8,3683.4,4440.0,3288.1,4023.1,11,1,4023.0,128,5,4022.9,31,4,4022.8,29,3,4022.7,36,3,4023.9,29,2,4024.0,1534,4,4024.2,2,1,4024.3,20,1,4024.5,2,2
11483,2026-07-02 11:45:10+05:30,4023.1,1,4042.99,981488,164262.0,158451.0,4100.0,4110.0,4012.0,4092.6,24128125,4501.8,3683.4,4440.0,3288.1,4023.1,11,1,4023.0,114,4,4022.9,1,1,4022.8,29,3,4022.7,36,3,4023.9,29,2,4024.0,1534,4,4024.2,2,1,4024.3,20,1,4024.4,5,1
11483,2026-07-02 11:45:10+05:30,4023.1,1,4042.99,981488,164262.0,158451.0,4100.0,4110.0,4012.0,4092.6,24128125,4501.8,3683.4,4440.0,3288.1,4023.1,11,1,4023.0,114,4,4022.9,1,1,4022.8,29,3,4022.7,36,3,4023.9,29,2,4024.0,1534,4,4024.2,2,1,4024.3,20,1,4024.4,5,1
11483,2026-07-02 11:45:11+05:30,4023.9,1,4042.99,981497,164260.0,158558.0,4100.0,4110.0,4012.0,4092.6,24128125,4501.8,3683.4,4440.0,3288.1,4023.0,114,4,4022.9,1,1,4022.8,37,4,4022.7,36,3,4022.6,37,2,4023.9,28,2,4024.0,1566,5,4024.2,2,1,4024.3,20,1,4024.4,5,1
11483,2026-07-02 11:45:11+05:30,4023.0,1,4042.99,981497,164260.0,158558.0,4100.0,4110.0,4012.0,4092.6,24128125,4501.8,3683.4,4440.0,3288.1,4023.0,114,4,4022.9,1,1,4022.8,37,4,4022.7,36,3,4022.6,37,2,4023.9,28,2,4024.0,1566,5,4024.2,2,1,4024.3,20,1,4024.4,5,1
11483,2026-07-02 11:45:12+05:30,4022.0,1,4042.98,981876,162929.0,159747.0,4100.0,4110.0,4012.0,4092.6,24128125,4501.8,3683.4,4440.0,3288.1,4022.0,2647,4,4021.7,90,2,4021.2,39,1,4021.0,576,6,4020.9,125,3,4022.7,150,1,4023.0,18,3,4023.1,9,3,4023.2,24,2,4023.3,31,2
11483,2026-07-02 11:45:12+05:30,4022.0,46,4042.98,981876,162929.0,159747.0,4100.0,4110.0,4012.0,4092.6,24128125,4501.8,3683.4,4440.0,3288.1,4022.0,2647,4,4021.7,90,2,4021.2,39,1,4021.0,576,6,4020.9,125,3,4022.7,150,1,4023.0,18,3,4023.1,9,3,4023.2,24,2,4023.3,31,2
11483,2026-07-02 11:45:13+05:30,4022.7,2,4042.98,981924,162844.0,159805.0,4100.0,4110.0,4012.0,4092.6,24128125,4501.8,3683.4,4440.0,3288.1,4022.1,27,1,4022.0,2603,5,4021.7,90,2,4021.0,576,6,4020.9,125,3,4022.6,184,2,4022.7,14,3,4023.0,9,1,4023.1,11,3,4023.2,42,3
11483,2026-07-02 11:45:13+05:30,4022.5,50,4042.98,981924,162844.0,159805.0,4100.0,4110.0,4012.0,4092.6,24128125,4501.8,3683.4,4440.0,3288.1,4022.1,27,1,4022.0,2603,5,4021.7,90,2,4021.0,576,6,4020.9,125,3,4022.6,184,2,4022.7,14,3,4023.0,9,1,4023.1,11,3,4023.2,42,3
11483,2026-07-02 11:45:14+05:30,4022.0,109,4042.97,982110,160476.0,160058.0,4100.0,4110.0,4012.0,4092.6,24128125,4501.8,3683.4,4440.0,3288.1,4022.0,2494,5,4021.7,90,2,4021.1,4,1,4021.0,577,7,4020.9,125,3,4022.7,197,4,4023.0,9,1,4023.1,9,3,4023.2,24,2,4023.3,31,2
11483,2026-07-02 11:45:14+05:30,4022.0,1,4042.97,982110,160476.0,160058.0,4100.0,4110.0,4012.0,4092.6,24128125,4501.8,3683.4,4440.0,3288.1,4022.0,2494,5,4021.7,90,2,4021.1,4,1,4021.0,577,7,4020.9,125,3,4022.7,197,4,4023.0,9,1,4023.1,9,3,4023.2,24,2,4023.3,31,2
11483,2026-07-02 11:45:15+05:30,4022.5,2,4042.97,982137,160553.0,160160.0,4100.0,4110.0,4012.0,4092.6,24128125,4501.8,3683.4,4440.0,3288.1,4022.5,1,1,4022.0,2470,5,4021.7,90,2,4021.1,10,1,4021.0,576,6,4022.7,184,2,4022.8,5,1,4023.0,14,2,4023.1,9,3,4023.2,24,2
11483,2026-07-02 11:45:15+05:30,4022.5,3,4042.97,982137,160553.0,160160.0,4100.0,4110.0,4012.0,4092.6,24128125,4501.8,3683.4,4440.0,3288.1,4022.5,1,1,4022.0,2470,5,4021.7,90,2,4021.1,10,1,4021.0,576,6,4022.7,184,2,4022.8,5,1,4023.0,14,2,4023.1,9,3,4023.2,24,2
11483,2026-07-02 11:45:16+05:30,4022.0,1,4042.97,982141,160393.0,160358.0,4100.0,4110.0,4012.0,4092.6,24128125,4501.8,3683.4,4440.0,3288.1,4022.0,2469,5,4021.7,90,2,4021.0,594,7,4020.9,66,3,4020.8,127,2,4022.5,1,1,4022.6,14,2,4022.7,187,2,4023.0,9,1,4023.1,4,2
11483,2026-07-02 11:45:16+05:30,4022.0,1,4042.97,982141,160393.0,160358.0,4100.0,4110.0,4012.0,4092.6,24128125,4501.8,3683.4,4440.0,3288.1,4022.0,2469,5,4021.7,90,2,4021.0,594,7,4020.9,66,3,4020.8,127,2,4022.5,1,1,4022.6,14,2,4022.7,187,2,4023.0,9,1,4023.1,4,2
11483,2026-07-02 11:45:17+05:30,4022.0,16,4042.97,982160,160389.0,160414.0,4100.0,4110.0,4012.0,4092.6,24128125,4501.8,3683.4,4440.0,3288.1,4022.0,2452,5,4021.7,90,2,4021.0,594,7,4020.9,62,1,4020.8,124,1,4022.5,20,3,4022.6,17,3,4022.7,204,4,4022.8,14,1,4023.0,9,1
11483,2026-07-02 11:45:17+05:30,4022.0,1,4042.97,982160,160389.0,160414.0,4100.0,4110.0,4012.0,4092.6,24128125,4501.8,3683.4,4440.0,3288.1,4022.0,2452,5,4021.7,90,2,4021.0,594,7,4020.9,62,1,4020.8,124,1,4022.5,20,3,4022.6,17,3,4022.7,204,4,4022.8,14,1,4023.0,9,1
11483,2026-07-02 11:45:18+05:30,4022.0,136,4042.97,982339,160269.0,160374.0,4100.0,4110.0,4012.0,4092.6,24128125,4501.8,3683.4,4440.0,3288.1,4022.1,1,1,4022.0,2273,4,4021.7,90,2,4021.1,1,1,4021.0,616,8,4022.6,14,2,4022.7,200,4,4022.8,15,1,4023.0,9,1,4023.1,4,2
11483,2026-07-02 11:45:18+05:30,4022.0,1,4042.97,982339,160269.0,160374.0,4100.0,4110.0,4012.0,4092.6,24128125,4501.8,3683.4,4440.0,3288.1,4022.1,1,1,4022.0,2273,4,4021.7,90,2,4021.1,1,1,4021.0,616,8,4022.6,14,2,4022.7,200,4,4022.8,15,1,4023.0,9,1,4023.1,4,2
11483,2026-07-02 11:45:19+05:30,4022.1,1,4042.97,982342,160280.0,160573.0,4100.0,4110.0,4012.0,4092.6,24128125,4501.8,3683.4,4440.0,3288.1,4022.0,2282,5,4021.7,90,2,4021.1,1,1,4021.0,604,7,4020.9,73,2,4022.1,1,1,4022.6,14,2,4022.7,180,2,4022.8,15,1,4023.1,4,2
11483,2026-07-02 11:45:19+05:30,4022.0,1,4042.97,982342,160280.0,160573.0,4100.0,4110.0,4012.0,4092.6,24128125,4501.8,3683.4,4440.0,3288.1,4022.0,2282,5,4021.7,90,2,4021.1,1,1,4021.0,604,7,4020.9,73,2,4022.1,1,1,4022.6,14,2,4022.7,180,2,4022.8,15,1,4023.1,4,2
11483,2026-07-02 11:45:20+05:30,4022.8,10,4042.97,982409,140448.0,160055.0,4100.0,4110.0,4012.0,4092.6,24128125,4501.8,3683.4,4440.0,3288.1,4022.0,2294,7,4021.7,90,2,4021.3,1,1,4021.2,38,1,4021.1,22,2,4022.8,5,1,4023.5,56,3,4023.6,231,4,4023.7,83,3,4023.8,73,4
11483,2026-07-02 11:45:20+05:30,4022.0,1,4042.97,982409,140448.0,160055.0,4100.0,4110.0,4012.0,4092.6,24128125,4501.8,3683.4,4440.0,3288.1,4022.0,2294,7,4021.7,90,2,4021.3,1,1,4021.2,38,1,4021.1,22,2,4022.8,5,1,4023.5,56,3,4023.6,231,4,4023.7,83,3,4023.8,73,4
11483,2026-07-02 11:45:21+05:30,4022.1,1,4042.97,982420,140649.0,159760.0,4100.0,4110.0,4012.0,4092.6,24128125,4501.8,3683.4,4440.0,3288.1,4022.1,21,1,4022.0,2345,8,4021.7,108,3,4021.6,17,1,4021.5,1,1,4022.8,4,1,4023.5,30,2,4023.6,19,1,4023.7,33,2,4023.8,73,4
11483,2026-07-02 11:45:21+05:30,4022.1,1,4042.97,982420,140649.0,159760.0,4100.0,4110.0,4012.0,4092.6,24128125,4501.8,3683.4,4440.0,3288.1,4022.1,21,1,4022.0,2345,8,4021.7,108,3,4021.6,17,1,4021.5,1,1,4022.8,4,1,4023.5,30,2,4023.6,19,1,4023.7,33,2,4023.8,73,4
11483,2026-07-02 11:45:22+05:30,4022.5,1,4042.97,982420,140649.0,159760.0,4100.0,4110.0,4012.0,4092.6,24128125,4501.8,3683.4,4440.0,3288.1,4022.1,21,1,4022.0,2345,8,4021.7,108,3,4021.6,17,1,4021.5,1,1,4022.8,4,1,4023.5,30,2,4023.6,19,1,4023.7,33,2,4023.8,73,4
11483,2026-07-02 11:45:23+05:30,4022.5,1,4042.97,982422,141112.0,159779.0,4100.0,4110.0,4012.0,4092.6,24128125,4501.8,3683.4,4440.0,3288.1,4022.5,19,1,4022.4,1,1,4022.0,2345,8,4021.7,108,3,4021.6,17,1,4022.8,4,1,4023.5,38,3,4023.6,19,1,4023.7,33,2,4023.8,73,4
11483,2026-07-02 11:45:23+05:30,4022.5,1,4042.97,982459,140642.0,159968.0,4100.0,4110.0,4012.0,4092.6,24128125,4501.8,3683.4,4440.0,3288.1,4022.5,17,1,4022.4,1,1,4022.0,2333,8,4021.7,90,2,4021.5,18,1,4022.8,9,1,4023.2,22,4,4023.5,46,2,4023.6,27,2,4023.7,81,3
11483,2026-07-02 11:45:23+05:30,4022.5,4,4042.97,982459,140642.0,159968.0,4100.0,4110.0,4012.0,4092.6,24128125,4501.8,3683.4,4440.0,3288.1,4022.5,17,1,4022.4,1,1,4022.0,2333,8,4021.7,90,2,4021.5,18,1,4022.8,9,1,4023.2,22,4,4023.5,46,2,4023.6,27,2,4023.7,81,3
11483,2026-07-02 11:45:24+05:30,4022.5,1,4042.97,982467,140539.0,160000.0,4100.0,4110.0,4012.0,4092.6,24128125,4501.8,3683.4,4440.0,3288.1,4022.5,12,1,4022.4,1,1,4022.0,2333,8,4021.8,11,1,4021.7,90,2,4022.8,20,4,4023.2,13,2,4023.3,8,1,4023.5,46,2,4023.6,27,2
11483,2026-07-02 11:45:24+05:30,4022.5,1,4042.97,982467,140539.0,160000.0,4100.0,4110.0,4012.0,4092.6,24128125,4501.8,3683.4,4440.0,3288.1,4022.5,12,1,4022.4,1,1,4022.0,2333,8,4021.8,11,1,4021.7,90,2,4022.8,20,4,4023.2,13,2,4023.3,8,1,4023.5,46,2,4023.6,27,2
11483,2026-07-02 11:45:25+05:30,4022.8,2,4042.97,982477,140520.0,159971.0,4100.0,4110.0,4012.0,4092.6,24128125,4501.8,3683.4,4440.0,3288.1,4022.5,11,1,4022.4,1,1,4022.0,2333,8,4021.8,11,1,4021.7,90,2,4022.8,16,4,4023.2,13,2,4023.3,8,1,4023.5,46,2,4023.6,27,2
11483,2026-07-02 11:45:25+05:30,4022.5,1,4042.97,982477,140520.0,159971.0,4100.0,4110.0,4012.0,4092.6,24128125,4501.8,3683.4,4440.0,3288.1,4022.5,11,1,4022.4,1,1,4022.0,2333,8,4021.8,11,1,4021.7,90,2,4022.8,16,4,4023.2,13,2,4023.3,8,1,4023.5,46,2,4023.6,27,2
11483,2026-07-02 11:45:26+05:30,4022.8,11,4042.96,982707,140173.0,159805.0,4100.0,4110.0,4012.0,4092.6,24128125,4501.8,3683.4,4440.0,3288.1,4022.0,2563,10,4021.8,11,1,4021.7,90,2,4021.4,5,1,4021.3,18,1,4022.4,164,1,4023.5,26,4,4023.6,2,1,4023.7,42,2,4023.8,174,4
11483,2026-07-02 11:45:27+05:30,4022.0,1,4042.96,982707,140173.0,159805.0,4100.0,4110.0,4012.0,4092.6,24128125,4501.8,3683.4,4440.0,3288.1,4022.0,2563,10,4021.8,11,1,4021.7,90,2,4021.4,5,1,4021.3,18,1,4022.4,164,1,4023.5,26,4,4023.6,2,1,4023.7,42,2,4023.8,174,4
11483,2026-07-02 11:45:27+05:30,4022.0,1,4042.95,983088,139673.0,159812.0,4100.0,4110.0,4012.0,4092.6,24128125,4501.8,3683.4,4440.0,3288.1,4022.0,2210,11,4021.8,11,1,4021.7,90,2,4021.4,1,1,4021.3,12,1,4023.3,47,4,4023.4,175,1,4023.5,11,2,4023.6,8,1,4023.7,42,2
11483,2026-07-02 11:45:28+05:30,4022.0,46,4042.95,983088,139673.0,159812.0,4100.0,4110.0,4012.0,4092.6,24128125,4501.8,3683.4,4440.0,3288.1,4022.0,2210,11,4021.8,11,1,4021.7,90,2,4021.4,1,1,4021.3,12,1,4023.3,47,4,4023.4,175,1,4023.5,11,2,4023.6,8,1,4023.7,42,2
11483,2026-07-02 11:45:28+05:30,4023.3,2,4042.95,983141,139748.0,159956.0,4100.0,4110.0,4012.0,4092.6,24128125,4501.8,3683.4,4440.0,3288.1,4022.0,2151,10,4021.8,11,1,4021.7,90,2,4021.4,1,1,4021.3,12,1,4023.3,42,5,4023.4,181,3,4023.5,33,3,4023.6,26,2,4023.7,4,1
11483,2026-07-02 11:45:29+05:30,4022.0,5,4042.95,983141,139748.0,159956.0,4100.0,4110.0,4012.0,4092.6,24128125,4501.8,3683.4,4440.0,3288.1,4022.0,2151,10,4021.8,11,1,4021.7,90,2,4021.4,1,1,4021.3,12,1,4023.3,42,5,4023.4,181,3,4023.5,33,3,4023.6,26,2,4023.7,4,1
11483,2026-07-02 11:45:29+05:30,4022.0,1,4042.95,983177,139549.0,160134.0,4100.0,4110.0,4012.0,4092.6,24128125,4501.8,3683.4,4440.0,3288.1,4022.0,2115,10,4021.8,11,1,4021.7,90,2,4021.1,1,1,4021.0,603,9,4022.9,24,1,4023.0,28,3,4023.1,15,2,4023.2,23,3,4023.3,62,6
11483,2026-07-02 11:45:30+05:30,4022.0,4,4042.95,983177,139549.0,160134.0,4100.0,4110.0,4012.0,4092.6,24128125,4501.8,3683.4,4440.0,3288.1,4022.0,2115,10,4021.8,11,1,4021.7,90,2,4021.1,1,1,4021.0,603,9,4022.9,24,1,4023.0,28,3,4023.1,15,2,4023.2,23,3,4023.3,62,6
11483,2026-07-02 11:45:30+05:30,4022.1,1,4042.95,983182,140115.0,160040.0,4100.0,4110.0,4012.0,4092.6,24128125,4501.8,3683.4,4440.0,3288.1,4022.5,2,2,4022.1,10,1,4022.0,2121,11,4021.8,29,2,4021.7,90,2,4022.9,1,1,4023.1,12,1,4023.2,2,1,4023.3,28,2,4023.4,28,2
11483,2026-07-02 11:45:31+05:30,4022.5,1,4042.95,983182,140115.0,160040.0,4100.0,4110.0,4012.0,4092.6,24128125,4501.8,3683.4,4440.0,3288.1,4022.5,2,2,4022.1,10,1,4022.0,2121,11,4021.8,29,2,4021.7,90,2,4022.9,1,1,4023.1,12,1,4023.2,2,1,4023.3,28,2,4023.4,28,2
11483,2026-07-02 11:45:31+05:30,4022.5,1,4042.95,983185,140209.0,160033.0,4100.0,4110.0,4012.0,4092.6,24128125,4501.8,3683.4,4440.0,3288.1,4022.5,2,2,4022.1,10,1,4022.0,2121,11,4021.8,29,2,4021.7,90,2,4023.4,16,2,4023.7,4,1,4023.8,51,3,4023.9,87,4,4024.0,1700,11
11483,2026-07-02 11:45:32+05:30,4022.5,1,4042.95,983185,140209.0,160033.0,4100.0,4110.0,4012.0,4092.6,24128125,4501.8,3683.4,4440.0,3288.1,4022.5,2,2,4022.1,10,1,4022.0,2121,11,4021.8,29,2,4021.7,90,2,4023.4,16,2,4023.7,4,1,4023.8,51,3,4023.9,87,4,4024.0,1700,11
11483,2026-07-02 11:45:32+05:30,4023.1,10,4042.95,983392,140860.0,159262.0,4100.0,4110.0,4012.0,4092.6,24128125,4501.8,3683.4,4440.0,3288.1,4023.1,32,1,4022.9,43,2,4022.5,2,2,4022.1,10,1,4022.0,2122,12,4023.8,46,5,4023.9,28,2,4024.0,1605,9,4024.1,17,1,4024.2,10,2
11483,2026-07-02 11:45:33+05:30,4023.1,1,4042.95,983392,140860.0,159262.0,4100.0,4110.0,4012.0,4092.6,24128125,4501.8,3683.4,4440.0,3288.1,4023.1,32,1,4022.9,43,2,4022.5,2,2,4022.1,10,1,4022.0,2122,12,4023.8,46,5,4023.9,28,2,4024.0,1605,9,4024.1,17,1,4024.2,10,2
11483,2026-07-02 11:45:33+05:30,4022.1,1,4042.94,983663,140626.0,159681.0,4100.0,4110.0,4012.0,4092.6,24128125,4501.8,3683.4,4440.0,3288.1,4022.1,37,1,4022.0,2054,14,4021.9,17,1,4021.8,1,1,4021.7,132,4,4023.5,16,2,4023.6,23,3,4023.8,61,6,4023.9,42,4,4024.0,1604,9
11483,2026-07-02 11:45:34+05:30,4022.1,32,4042.94,983663,140626.0,159681.0,4100.0,4110.0,4012.0,4092.6,24128125,4501.8,3683.4,4440.0,3288.1,4022.1,37,1,4022.0,2054,14,4021.9,17,1,4021.8,1,1,4021.7,132,4,4023.5,16,2,4023.6,23,3,4023.8,61,6,4023.9,42,4,4024.0,1604,9
11483,2026-07-02 11:45:34+05:30,4022.6,1,4042.94,983698,140799.0,159657.0,4100.0,4110.0,4012.0,4092.6,24128125,4501.8,3683.4,4440.0,3288.1,4022.6,41,1,4022.2,2,1,4022.0,2056,14,4021.8,1,1,4021.7,134,5,4023.5,6,2,4023.6,11,1,4023.7,32,2,4023.8,36,4,4023.9,15,3
11483,2026-07-02 11:45:35+05:30,4022.6,5,4042.94,983698,140799.0,159657.0,4100.0,4110.0,4012.0,4092.6,24128125,4501.8,3683.4,4440.0,3288.1,4022.6,41,1,4022.2,2,1,4022.0,2056,14,4021.8,1,1,4021.7,134,5,4023.5,6,2,4023.6,11,1,4023.7,32,2,4023.8,36,4,4023.9,15,3
11483,2026-07-02 11:45:35+05:30,4022.6,5,4042.94,983703,140893.0,159696.0,4100.0,4110.0,4012.0,4092.6,24128125,4501.8,3683.4,4440.0,3288.1,4023.0,42,1,4022.9,42,1,4022.6,78,2,4022.2,2,1,4022.0,2034,13,4023.5,7,1,4023.6,46,4,4023.7,32,2,4023.8,21,2,4023.9,15,4
11483,2026-07-02 11:45:36+05:30,4023.1,42,4042.94,983703,140893.0,159696.0,4100.0,4110.0,4012.0,4092.6,24128125,4501.8,3683.4,4440.0,3288.1,4023.0,42,1,4022.9,42,1,4022.6,78,2,4022.2,2,1,4022.0,2034,13,4023.5,7,1,4023.6,46,4,4023.7,32,2,4023.8,21,2,4023.9,15,4
11483,2026-07-02 11:45:36+05:30,4022.8,1,4042.94,983791,140527.0,160214.0,4100.0,4110.0,4012.0,4092.6,24128125,4501.8,3683.4,4440.0,3288.1,4022.8,38,1,4022.6,36,1,4022.2,2,1,4022.0,2034,13,4021.7,112,3,4023.0,92,1,4023.5,30,3,4023.6,38,3,4023.7,32,2,4023.8,21,2
11483,2026-07-02 11:45:37+05:30,4022.9,11,4042.94,983791,140527.0,160214.0,4100.0,4110.0,4012.0,4092.6,24128125,4501.8,3683.4,4440.0,3288.1,4022.8,38,1,4022.6,36,1,4022.2,2,1,4022.0,2034,13,4021.7,112,3,4023.0,92,1,4023.5,30,3,4023.6,38,3,4023.7,32,2,4023.8,21,2
11483,2026-07-02 11:45:37+05:30,4023.0,18,4042.94,983846,140574.0,160141.0,4100.0,4110.0,4012.0,4092.6,24128125,4501.8,3683.4,4440.0,3288.1,4022.9,5,1,4022.8,80,2,4022.6,36,1,4022.5,1,1,4022.0,2034,13,4023.0,74,1,4023.5,30,3,4023.6,29,2,4023.7,32,2,4023.8,21,2
11483,2026-07-02 11:45:38+05:30,4022.8,1,4042.94,983846,140574.0,160141.0,4100.0,4110.0,4012.0,4092.6,24128125,4501.8,3683.4,4440.0,3288.1,4022.9,5,1,4022.8,80,2,4022.6,36,1,4022.5,1,1,4022.0,2034,13,4023.0,74,1,4023.5,30,3,4023.6,29,2,4023.7,32,2,4023.8,21,2
11483,2026-07-02 11:45:38+05:30,4022.8,1,4042.94,983854,140712.0,160226.0,4100.0,4110.0,4012.0,4092.6,24128125,4501.8,3683.4,4440.0,3288.1,4022.8,77,2,4022.7,42,1,4022.6,36,1,4022.5,1,1,4022.0,2034,13,4022.9,2,2,4023.0,74,1,4023.5,30,3,4023.6,29,2,4023.7,32,2
11483,2026-07-02 11:45:39+05:30,4022.8,1,4042.94,983854,140712.0,160226.0,4100.0,4110.0,4012.0,4092.6,24128125,4501.8,3683.4,4440.0,3288.1,4022.8,77,2,4022.7,42,1,4022.6,36,1,4022.5,1,1,4022.0,2034,13,4022.9,2,2,4023.0,74,1,4023.5,30,3,4023.6,29,2,4023.7,32,2
11483,2026-07-02 11:45:39+05:30,4022.9,1,4042.94,983857,140722.0,160417.0,4100.0,4110.0,4012.0,4092.6,24128125,4501.8,3683.4,4440.0,3288.1,4022.5,1,1,4022.0,2034,13,4021.7,130,4,4021.5,11,4,4021.4,22,1,4022.9,1,1,4023.0,74,1,4023.5,7,1,4023.6,29,2,4023.7,32,2
11483,2026-07-02 11:45:40+05:30,4022.5,1,4042.94,983857,140722.0,160417.0,4100.0,4110.0,4012.0,4092.6,24128125,4501.8,3683.4,4440.0,3288.1,4022.5,1,1,4022.0,2034,13,4021.7,130,4,4021.5,11,4,4021.4,22,1,4022.9,1,1,4023.0,74,1,4023.5,7,1,4023.6,29,2,4023.7,32,2
11483,2026-07-02 11:45:40+05:30,4023.0,20,4042.94,983903,140125.0,160694.0,4100.0,4110.0,4012.0,4092.6,24128125,4501.8,3683.4,4440.0,3288.1,4022.0,2034,13,4021.7,90,2,4021.5,4,2,4021.4,22,1,4021.3,31,2,4022.5,81,1,4022.6,42,1,4022.7,42,1,4022.8,42,1,4023.0,72,2
11483,2026-07-02 11:45:41+05:30,4022.0,6,4042.94,983903,140125.0,160694.0,4100.0,4110.0,4012.0,4092.6,24128125,4501.8,3683.4,4440.0,3288.1,4022.0,2034,13,4021.7,90,2,4021.5,4,2,4021.4,22,1,4021.3,31,2,4022.5,81,1,4022.6,42,1,4022.7,42,1,4022.8,42,1,4023.0,72,2
11483,2026-07-02 11:45:41+05:30,4022.0,1,4042.94,983920,140221.0,160673.0,4100.0,4110.0,4012.0,4092.6,24128125,4501.8,3683.4,4440.0,3288.1,4022.0,2016,13,4021.7,90,2,4021.5,4,2,4021.4,22,1,4021.3,31,2,4022.5,42,1,4022.6,80,2,4022.8,42,1,4023.0,30,1,4023.1,8,1
11483,2026-07-02 11:45:42+05:30,4022.0,2,4042.94,983920,140221.0,160673.0,4100.0,4110.0,4012.0,4092.6,24128125,4501.8,3683.4,4440.0,3288.1,4022.0,2016,13,4021.7,90,2,4021.5,4,2,4021.4,22,1,4021.3,31,2,4022.5,42,1,4022.6,80,2,4022.8,42,1,4023.0,30,1,4023.1,8,1
11483,2026-07-02 11:45:42+05:30,4022.0,2,4042.94,983920,140221.0,160673.0,4100.0,4110.0,4012.0,4092.6,24128125,4501.8,3683.4,4440.0,3288.1,4022.0,2016,13,4021.7,90,2,4021.5,4,2,4021.4,22,1,4021.3,31,2,4022.5,42,1,4022.6,80,2,4022.8,42,1,4023.0,30,1,4023.1,8,1
11483,2026-07-02 11:45:42+05:30,4022.0,1,4042.93,984098,139377.0,160585.0,4100.0,4110.0,4012.0,4092.6,24128125,4501.8,3683.4,4440.0,3288.1,4022.0,1841,13,4021.7,90,2,4021.0,595,7,4020.9,91,3,4020.8,150,2,4022.3,72,1,4022.5,50,2,4022.6,80,2,4022.8,42,1,4023.0,40,3
11483,2026-07-02 11:45:43+05:30,4022.0,22,4042.93,984098,139377.0,160585.0,4100.0,4110.0,4012.0,4092.6,24128125,4501.8,3683.4,4440.0,3288.1,4022.0,1841,13,4021.7,90,2,4021.0,595,7,4020.9,91,3,4020.8,150,2,4022.3,72,1,4022.5,50,2,4022.6,80,2,4022.8,42,1,4023.0,40,3
11483,2026-07-02 11:45:43+05:30,4022.0,22,4042.93,984098,139377.0,160585.0,4100.0,4110.0,4012.0,4092.6,24128125,4501.8,3683.4,4440.0,3288.1,4022.0,1841,13,4021.7,90,2,4021.0,595,7,4020.9,91,3,4020.8,150,2,4022.3,72,1,4022.5,50,2,4022.6,80,2,4022.8,42,1,4023.0,40,3
11483,2026-07-02 11:45:43+05:30,4022.5,1,4042.93,984122,139243.0,160840.0,4100.0,4110.0,4012.0,4092.6,24128125,4501.8,3683.4,4440.0,3288.1,4022.0,1819,13,4021.7,90,2,4021.5,500,1,4021.1,1,1,4021.0,117,7,4022.3,72,1,4022.5,83,2,4022.6,38,1,4022.7,50,2,4023.0,40,3
11483,2026-07-02 11:45:44+05:30,4022.0,4,4042.93,984122,139243.0,160840.0,4100.0,4110.0,4012.0,4092.6,24128125,4501.8,3683.4,4440.0,3288.1,4022.0,1819,13,4021.7,90,2,4021.5,500,1,4021.1,1,1,4021.0,117,7,4022.3,72,1,4022.5,83,2,4022.6,38,1,4022.7,50,2,4023.0,40,3
11483,2026-07-02 11:45:44+05:30,4022.0,4,4042.93,984122,139243.0,160840.0,4100.0,4110.0,4012.0,4092.6,24128125,4501.8,3683.4,4440.0,3288.1,4022.0,1819,13,4021.7,90,2,4021.5,500,1,4021.1,1,1,4021.0,117,7,4022.3,72,1,4022.5,83,2,4022.6,38,1,4022.7,50,2,4023.0,40,3
11483,2026-07-02 11:45:44+05:30,4022.3,1,4042.93,984130,139378.0,160878.0,4100.0,4110.0,4012.0,4092.6,24128125,4501.8,3683.4,4440.0,3288.1,4022.1,1,1,4022.0,1811,12,4021.7,90,2,4021.5,500,1,4021.2,18,1,4022.2,71,1,4022.5,91,3,4022.6,38,1,4022.7,42,1,4023.0,40,3
11483,2026-07-02 11:45:45+05:30,4022.1,1,4042.93,984130,139378.0,160878.0,4100.0,4110.0,4012.0,4092.6,24128125,4501.8,3683.4,4440.0,3288.1,4022.1,1,1,4022.0,1811,12,4021.7,90,2,4021.5,500,1,4021.2,18,1,4022.2,71,1,4022.5,91,3,4022.6,38,1,4022.7,42,1,4023.0,40,3
11483,2026-07-02 11:45:45+05:30,4022.1,1,4042.93,984130,139378.0,160878.0,4100.0,4110.0,4012.0,4092.6,24128125,4501.8,3683.4,4440.0,3288.1,4022.1,1,1,4022.0,1811,12,4021.7,90,2,4021.5,500,1,4021.2,18,1,4022.2,71,1,4022.5,91,3,4022.6,38,1,4022.7,42,1,4023.0,40,3
11483,2026-07-02 11:45:45+05:30,4022.1,3,4042.93,984155,139291.0,160947.0,4100.0,4110.0,4012.0,4092.6,24128125,4501.8,3683.4,4440.0,3288.1,4022.0,1799,12,4021.7,90,2,4021.5,500,1,4021.0,99,6,4020.9,108,3,4022.1,59,1,4022.3,1,1,4022.4,42,1,4022.5,49,2,4022.6,80,2
11483,2026-07-02 11:45:45+05:30,4022.1,3,4042.93,984155,139291.0,160947.0,4100.0,4110.0,4012.0,4092.6,24128125,4501.8,3683.4,4440.0,3288.1,4022.0,1799,12,4021.7,90,2,4021.5,500,1,4021.0,99,6,4020.9,108,3,4022.1,59,1,4022.3,1,1,4022.4,42,1,4022.5,49,2,4022.6,80,2
11483,2026-07-02 11:45:46+05:30,4022.0,3,4042.93,984155,139291.0,160947.0,4100.0,4110.0,4012.0,4092.6,24128125,4501.8,3683.4,4440.0,3288.1,4022.0,1799,12,4021.7,90,2,4021.5,500,1,4021.0,99,6,4020.9,108,3,4022.1,59,1,4022.3,1,1,4022.4,42,1,4022.5,49,2,4022.6,80,2
11483,2026-07-02 11:45:46+05:30,4022.0,3,4042.93,984155,139291.0,160947.0,4100.0,4110.0,4012.0,4092.6,24164350,4501.8,3683.4,4440.0,3288.1,4022.0,1799,12,4021.7,90,2,4021.5,500,1,4021.0,99,6,4020.9,108,3,4022.1,59,1,4022.3,1,1,4022.4,42,1,4022.5,49,2,4022.6,80,2
11483,2026-07-02 11:45:46+05:30,4022.1,2,4042.93,984202,139601.0,160966.0,4100.0,4110.0,4012.0,4092.6,24164350,4501.8,3683.4,4440.0,3288.1,4022.0,2014,13,4021.7,90,2,4021.5,500,1,4021.0,99,6,4020.9,108,3,4022.1,45,1,4022.3,1,1,4022.4,42,1,4022.5,41,1,4022.6,80,2
11483,2026-07-02 11:45:47+05:30,4022.0,5,4042.93,984202,139601.0,160966.0,4100.0,4110.0,4012.0,4092.6,24164350,4501.8,3683.4,4440.0,3288.1,4022.0,2014,13,4021.7,90,2,4021.5,500,1,4021.0,99,6,4020.9,108,3,4022.1,45,1,4022.3,1,1,4022.4,42,1,4022.5,41,1,4022.6,80,2
11483,2026-07-02 11:45:47+05:30,4022.0,5,4042.93,984202,139601.0,160966.0,4100.0,4110.0,4012.0,4092.6,24164350,4501.8,3683.4,4440.0,3288.1,4022.0,2014,13,4021.7,90,2,4021.5,500,1,4021.0,99,6,4020.9,108,3,4022.1,45,1,4022.3,1,1,4022.4,42,1,4022.5,41,1,4022.6,80,2
11483,2026-07-02 11:45:47+05:30,4022.1,1,4042.93,984210,139595.0,160964.0,4100.0,4110.0,4012.0,4092.6,24164350,4501.8,3683.4,4440.0,3288.1,4022.0,2008,13,4021.7,90,2,4021.5,500,1,4021.0,99,6,4020.9,109,4,4022.1,43,1,4022.3,1,1,4022.4,42,1,4022.5,41,1,4022.6,80,2
11483,2026-07-02 11:45:48+05:30,4022.0,1,4042.93,984210,139595.0,160964.0,4100.0,4110.0,4012.0,4092.6,24164350,4501.8,3683.4,4440.0,3288.1,4022.0,2008,13,4021.7,90,2,4021.5,500,1,4021.0,99,6,4020.9,109,4,4022.1,43,1,4022.3,1,1,4022.4,42,1,4022.5,41,1,4022.6,80,2
11483,2026-07-02 11:45:48+05:30,4022.0,1,4042.93,984210,139595.0,160964.0,4100.0,4110.0,4012.0,4092.6,24164350,4501.8,3683.4,4440.0,3288.1,4022.0,2008,13,4021.7,90,2,4021.5,500,1,4021.0,99,6,4020.9,109,4,4022.1,43,1,4022.3,1,1,4022.4,42,1,4022.5,41,1,4022.6,80,2
11483,2026-07-02 11:45:48+05:30,4022.1,1,4042.93,984212,139668.0,160698.0,4100.0,4110.0,4012.0,4092.6,24164350,4501.8,3683.4,4440.0,3288.1,4022.0,2009,14,4021.8,13,1,4021.7,90,2,4021.5,500,1,4021.2,2,1,4022.1,42,1,4022.3,1,1,4022.4,42,1,4022.5,41,1,4022.6,80,2
11483,2026-07-02 11:45:49+05:30,4022.4,32,4042.93,984212,139668.0,160698.0,4100.0,4110.0,4012.0,4092.6,24164350,4501.8,3683.4,4440.0,3288.1,4022.0,2009,14,4021.8,13,1,4021.7,90,2,4021.5,500,1,4021.2,2,1,4022.1,42,1,4022.3,1,1,4022.4,42,1,4022.5,41,1,4022.6,80,2
11483,2026-07-02 11:45:49+05:30,4022.4,1,4042.93,984288,139700.0,160701.0,4100.0,4110.0,4012.0,4092.6,24164350,4501.8,3683.4,4440.0,3288.1,4022.0,2010,15,4021.8,13,1,4021.7,90,2,4021.5,500,1,4021.2,2,1,4022.4,9,1,4022.5,41,1,4022.6,38,1,4022.7,42,1,4022.9,69,2
11483,2026-07-02 11:45:50+05:30,4022.0,9,4042.93,984288,139700.0,160701.0,4100.0,4110.0,4012.0,4092.6,24164350,4501.8,3683.4,4440.0,3288.1,4022.0,2010,15,4021.8,13,1,4021.7,90,2,4021.5,500,1,4021.2,2,1,4022.4,9,1,4022.5,41,1,4022.6,38,1,4022.7,42,1,4022.9,69,2
11483,2026-07-02 11:45:50+05:30,4022.4,1,4042.93,984298,139692.0,160686.0,4100.0,4110.0,4012.0,4092.6,24164350,4501.8,3683.4,4440.0,3288.1,4022.0,2002,16,4021.8,13,1,4021.7,90,2,4021.5,500,1,4021.2,2,1,4022.4,8,1,4022.5,41,1,4022.6,38,1,4022.7,42,1,4022.9,69,2
11483,2026-07-02 11:45:51+05:30,4022.1,1,4042.93,984298,139692.0,160686.0,4100.0,4110.0,4012.0,4092.6,24164350,4501.8,3683.4,4440.0,3288.1,4022.0,2002,16,4021.8,13,1,4021.7,90,2,4021.5,500,1,4021.2,2,1,4022.4,8,1,4022.5,41,1,4022.6,38,1,4022.7,42,1,4022.9,69,2
11483,2026-07-02 11:45:51+05:30,4022.4,1,4042.93,984351,139767.0,160770.0,4100.0,4110.0,4012.0,4092.6,24164350,4501.8,3683.4,4440.0,3288.1,4022.1,29,2,4022.0,1941,15,4021.8,13,1,4021.7,90,2,4021.5,500,1,4022.4,7,1,4022.5,41,1,4022.6,38,1,4022.8,42,1,4022.9,74,3
11483,2026-07-02 11:45:52+05:30,4022.1,6,4042.93,984351,139767.0,160770.0,4100.0,4110.0,4012.0,4092.6,24164350,4501.8,3683.4,4440.0,3288.1,4022.1,29,2,4022.0,1941,15,4021.8,13,1,4021.7,90,2,4021.5,500,1,4022.4,7,1,4022.5,41,1,4022.6,38,1,4022.8,42,1,4022.9,74,3
11483,2026-07-02 11:45:52+05:30,4022.4,1,4042.92,984768,138698.0,160979.0,4100.0,4110.0,4012.0,4092.6,24164350,4501.8,3683.4,4440.0,3288.1,4022.0,1561,15,4021.7,90,2,4021.5,500,1,4021.3,17,1,4021.2,2,1,4022.4,2,1,4022.5,42,2,4022.6,43,2,4022.7,42,1,4022.9,69,2
11483,2026-07-02 11:45:53+05:30,4022.0,175,4042.92,984768,138698.0,160979.0,4100.0,4110.0,4012.0,4092.6,24164350,4501.8,3683.4,4440.0,3288.1,4022.0,1561,15,4021.7,90,2,4021.5,500,1,4021.3,17,1,4021.2,2,1,4022.4,2,1,4022.5,42,2,4022.6,43,2,4022.7,42,1,4022.9,69,2
11483,2026-07-02 11:45:53+05:30,4022.4,1,4042.91,985169,139106.0,161058.0,4100.0,4110.0,4012.0,4092.6,24164350,4501.8,3683.4,4440.0,3288.1,4022.0,1161,15,4021.7,90,2,4021.5,501,2,4021.2,7,4,4021.1,20,1,4022.4,2,2,4022.5,42,2,4022.6,38,1,4022.7,42,1,4022.9,77,3
11483,2026-07-02 11:45:54+05:30,4022.4,1,4042.91,985169,139106.0,161058.0,4100.0,4110.0,4012.0,4092.6,24164350,4501.8,3683.4,4440.0,3288.1,4022.0,1161,15,4021.7,90,2,4021.5,501,2,4021.2,7,4,4021.1,20,1,4022.4,2,2,4022.5,42,2,4022.6,38,1,4022.7,42,1,4022.9,77,3
11483,2026-07-02 11:45:54+05:30,4022.0,99,4042.88,986432,137211.0,159591.0,4100.0,4110.0,4012.0,4092.6,24164350,4501.8,3683.4,4440.0,3288.1,4021.7,90,2,4021.5,501,2,4021.2,2,1,4021.0,64,4,4020.9,22,1,4022.0,72,1,4022.8,32,2,4022.9,74,3,4023.0,2,1,4023.1,52,2
11483,2026-07-02 11:45:55+05:30,4021.7,5,4042.88,986432,137211.0,159591.0,4100.0,4110.0,4012.0,4092.6,24164350,4501.8,3683.4,4440.0,3288.1,4021.7,90,2,4021.5,501,2,4021.2,2,1,4021.0,64,4,4020.9,22,1,4022.0,72,1,4022.8,32,2,4022.9,74,3,4023.0,2,1,4023.1,52,2
11483,2026-07-02 11:45:55+05:30,4021.7,1,4042.88,986535,137030.0,160017.0,4100.0,4110.0,4012.0,4092.6,24164350,4501.8,3683.4,4440.0,3288.1,4021.5,501,2,4021.2,2,1,4021.0,64,4,4020.7,46,2,4020.6,80,5,4021.7,2,1,4022.0,72,1,4022.8,80,3,4022.9,74,3,4023.0,112,4
11483,2026-07-02 11:45:56+05:30,4021.5,12,4042.88,986535,137030.0,160017.0,4100.0,4110.0,4012.0,4092.6,24164350,4501.8,3683.4,4440.0,3288.1,4021.5,501,2,4021.2,2,1,4021.0,64,4,4020.7,46,2,4020.6,80,5,4021.7,2,1,4022.0,72,1,4022.8,80,3,4022.9,74,3,4023.0,112,4
11483,2026-07-02 11:45:56+05:30,4021.7,1,4042.88,986549,137008.0,159762.0,4100.0,4110.0,4012.0,4092.6,24164350,4501.8,3683.4,4440.0,3288.1,4021.5,488,2,4021.2,2,1,4021.0,64,4,4020.7,26,1,4020.6,48,2,4021.7,1,1,4022.0,72,1,4022.8,80,3,4022.9,76,4,4023.0,136,6
11483,2026-07-02 11:45:57+05:30,4022.0,2,4042.88,986549,137008.0,159762.0,4100.0,4110.0,4012.0,4092.6,24164350,4501.8,3683.4,4440.0,3288.1,4021.5,488,2,4021.2,2,1,4021.0,64,4,4020.7,26,1,4020.6,48,2,4021.7,1,1,4022.0,72,1,4022.8,80,3,4022.9,76,4,4023.0,136,6
11483,2026-07-02 11:45:57+05:30,4021.5,1,4042.88,986603,136945.0,160070.0,4100.0,4110.0,4012.0,4092.6,24164350,4501.8,3683.4,4440.0,3288.1,4021.5,486,2,4021.2,2,1,4021.0,64,4,4020.6,37,2,4020.5,4,2,4021.9,174,1,4022.0,69,1,4022.6,175,1,4022.7,53,5,4022.8,152,5
11483,2026-07-02 11:45:58+05:30,4021.5,6,4042.88,986603,136945.0,160070.0,4100.0,4110.0,4012.0,4092.6,24164350,4501.8,3683.4,4440.0,3288.1,4021.5,486,2,4021.2,2,1,4021.0,64,4,4020.6,37,2,4020.5,4,2,4021.9,174,1,4022.0,69,1,4022.6,175,1,4022.7,53,5,4022.8,152,5
11483,2026-07-02 11:45:58+05:30,4021.9,7,4042.88,986693,136871.0,159976.0,4100.0,4110.0,4012.0,4092.6,24164350,4501.8,3683.4,4440.0,3288.1,4021.5,412,2,4021.2,2,1,4021.0,64,4,4020.6,37,2,4020.5,4,2,4021.9,158,1,4022.0,69,1,4022.6,175,1,4022.7,40,3,4022.8,154,6
11483,2026-07-02 11:45:59+05:30,4021.5,4,4042.88,986693,136871.0,159976.0,4100.0,4110.0,4012.0,4092.6,24164350,4501.8,3683.4,4440.0,3288.1,4021.5,412,2,4021.2,2,1,4021.0,64,4,4020.6,37,2,4020.5,4,2,4021.9,158,1,4022.0,69,1,4022.6,175,1,4022.7,40,3,4022.8,154,6
11483,2026-07-02 11:45:59+05:30,4021.9,1,4042.88,986710,136857.0,159975.0,4100.0,4110.0,4012.0,4092.6,24164350,4501.8,3683.4,4440.0,3288.1,4021.5,397,2,4021.2,2,1,4021.0,64,4,4020.6,39,3,4020.5,2,1,4021.9,157,2,4022.0,69,1,4022.6,175,1,4022.7,40,3,4022.8,154,6
11483,2026-07-02 11:46:00+05:30,4021.5,2,4042.88,986710,136857.0,159975.0,4100.0,4110.0,4012.0,4092.6,24164350,4501.8,3683.4,4440.0,3288.1,4021.5,397,2,4021.2,2,1,4021.0,64,4,4020.6,39,3,4020.5,2,1,4021.9,157,2,4022.0,69,1,4022.6,175,1,4022.7,40,3,4022.8,154,6
11483,2026-07-02 11:46:00+05:30,4022.0,24,4042.88,986748,137514.0,159420.0,4100.0,4110.0,4012.0,4092.6,24164350,4501.8,3683.4,4440.0,3288.1,4021.5,416,5,4021.4,16,2,4021.2,24,4,4021.1,24,2,4021.0,39,3,4022.0,45,1,4022.9,1,1,4023.0,2,1,4023.2,10,1,4023.3,35,2
11483,2026-07-02 11:46:01+05:30,4021.5,5,4042.88,986748,137514.0,159420.0,4100.0,4110.0,4012.0,4092.6,24164350,4501.8,3683.4,4440.0,3288.1,4021.5,416,5,4021.4,16,2,4021.2,24,4,4021.1,24,2,4021.0,39,3,4022.0,45,1,4022.9,1,1,4023.0,2,1,4023.2,10,1,4023.3,35,2
11483,2026-07-02 11:46:01+05:30,4021.5,1,4042.87,986759,137444.0,159634.0,4100.0,4110.0,4012.0,4092.6,24164350,4501.8,3683.4,4440.0,3288.1,4021.5,394,3,4021.2,12,2,4021.1,13,2,4021.0,39,3,4020.9,32,2,4022.0,40,1,4022.9,11,3,4023.0,2,1,4023.2,166,2,4023.3,35,2
11483,2026-07-02 11:46:02+05:30,4021.5,1,4042.87,986759,137444.0,159634.0,4100.0,4110.0,4012.0,4092.6,24164350,4501.8,3683.4,4440.0,3288.1,4021.5,394,3,4021.2,12,2,4021.1,13,2,4021.0,39,3,4020.9,32,2,4022.0,40,1,4022.9,11,3,4023.0,2,1,4023.2,166,2,4023.3,35,2
11483,2026-07-02 11:46:02+05:30,4022.0,2,4042.87,986762,137463.0,159555.0,4100.0,4110.0,4012.0,4092.6,24164350,4501.8,3683.4,4440.0,3288.1,4021.7,1,1,4021.5,403,4,4021.2,12,2,4021.1,13,2,4021.0,39,3,4022.0,38,1,4022.9,1,1,4023.0,15,2,4023.1,48,1,4023.2,58,2
11483,2026-07-02 11:46:03+05:30,4021.7,1,4042.87,986762,137463.0,159555.0,4100.0,4110.0,4012.0,4092.6,24164350,4501.8,3683.4,4440.0,3288.1,4021.7,1,1,4021.5,403,4,4021.2,12,2,4021.1,13,2,4021.0,39,3,4022.0,38,1,4022.9,1,1,4023.0,15,2,4023.1,48,1,4023.2,58,2
11483,2026-07-02 11:46:03+05:30,4022.0,25,4042.87,986788,137471.0,159561.0,4100.0,4110.0,4012.0,4092.6,24164350,4501.8,3683.4,4440.0,3288.1,4021.7,31,4,4021.5,385,3,4021.4,9,1,4021.3,11,1,4021.2,13,3,4022.0,14,2,4022.9,1,1,4023.0,15,2,4023.1,48,1,4023.2,58,2
11483,2026-07-02 11:46:04+05:30,4021.7,2,4042.87,986788,137471.0,159561.0,4100.0,4110.0,4012.0,4092.6,24164350,4501.8,3683.4,4440.0,3288.1,4021.7,31,4,4021.5,385,3,4021.4,9,1,4021.3,11,1,4021.2,13,3,4022.0,14,2,4022.9,1,1,4023.0,15,2,4023.1,48,1,4023.2,58,2
11483,2026-07-02 11:46:04+05:30,4021.7,2,4042.87,986791,137414.0,159556.0,4100.0,4110.0,4012.0,4092.6,24164350,4501.8,3683.4,4440.0,3288.1,4021.8,2,1,4021.7,28,3,4021.5,385,3,4021.4,9,1,4021.3,11,1,4022.0,14,2,4022.9,1,1,4023.0,15,2,4023.1,48,1,4023.2,58,2
11483,2026-07-02 11:46:05+05:30,4022.0,10,4042.87,986791,137414.0,159556.0,4100.0,4110.0,4012.0,4092.6,24164350,4501.8,3683.4,4440.0,3288.1,4021.8,2,1,4021.7,28,3,4021.5,385,3,4021.4,9,1,4021.3,11,1,4022.0,14,2,4022.9,1,1,4023.0,15,2,4023.1,48,1,4023.2,58,2
11483,2026-07-02 11:46:05+05:30,4022.0,1,4042.87,986805,137482.0,158880.0,4100.0,4110.0,4012.0,4092.6,24164350,4501.8,3683.4,4440.0,3288.1,4022.1,21,1,4021.8,2,1,4021.7,28,3,4021.6,1,1,4021.5,386,4,4022.9,1,1,4023.0,2,1,4023.4,12,1,4023.5,7,1,4023.6,28,2
11483,2026-07-02 11:46:06+05:30,4022.9,5,4042.87,986805,137482.0,158880.0,4100.0,4110.0,4012.0,4092.6,24164350,4501.8,3683.4,4440.0,3288.1,4022.1,21,1,4021.8,2,1,4021.7,28,3,4021.6,1,1,4021.5,386,4,4022.9,1,1,4023.0,2,1,4023.4,12,1,4023.5,7,1,4023.6,28,2
11483,2026-07-02 11:46:06+05:30,4021.5,277,4042.87,987177,137105.0,158617.0,4100.0,4110.0,4012.0,4092.6,24164350,4501.8,3683.4,4440.0,3288.1,4021.5,119,5,4021.4,41,1,4021.3,15,2,4021.2,2,1,4021.1,12,1,4023.1,20,2,4023.2,24,1,4023.3,41,2,4023.4,74,3,4023.5,84,5
11483,2026-07-02 11:46:07+05:30,4021.5,44,4042.87,987177,137105.0,158617.0,4100.0,4110.0,4012.0,4092.6,24164350,4501.8,3683.4,4440.0,3288.1,4021.5,119,5,4021.4,41,1,4021.3,15,2,4021.2,2,1,4021.1,12,1,4023.1,20,2,4023.2,24,1,4023.3,41,2,4023.4,74,3,4023.5,84,5
11483,2026-07-02 11:46:07+05:30,4021.5,44,4042.86,987221,137170.0,158581.0,4100.0,4110.0,4012.0,4092.6,24164350,4501.8,3683.4,4440.0,3288.1,4022.0,50,1,4021.7,10,1,4021.6,5,1,4021.5,75,5,4021.4,41,1,4023.1,20,2,4023.2,24,1,4023.3,19,1,4023.4,74,3,4023.5,84,5
11483,2026-07-02 11:46:08+05:30,4022.0,6,4042.86,987221,137170.0,158581.0,4100.0,4110.0,4012.0,4092.6,24164350,4501.8,3683.4,4440.0,3288.1,4022.0,50,1,4021.7,10,1,4021.6,5,1,4021.5,75,5,4021.4,41,1,4023.1,20,2,4023.2,24,1,4023.3,19,1,4023.4,74,3,4023.5,84,5
11483,2026-07-02 11:46:08+05:30,4022.0,6,4042.86,987227,137537.0,158357.0,4100.0,4110.0,4012.0,4092.6,24164350,4501.8,3683.4,4440.0,3288.1,4022.0,60,3,4021.7,10,1,4021.6,15,2,4021.5,75,5,4021.4,41,1,4023.4,26,2,4023.5,17,2,4023.6,41,3,4023.8,66,5,4023.9,93,6
11483,2026-07-02 11:46:09+05:30,4023.3,1,4042.86,987227,137537.0,158357.0,4100.0,4110.0,4012.0,4092.6,24164350,4501.8,3683.4,4440.0,3288.1,4022.0,60,3,4021.7,10,1,4021.6,15,2,4021.5,75,5,4021.4,41,1,4023.4,26,2,4023.5,17,2,4023.6,41,3,4023.8,66,5,4023.9,93,6
11483,2026-07-02 11:46:09+05:30,4023.3,1,4042.86,987228,137614.0,158607.0,4100.0,4110.0,4012.0,4092.6,24164350,4501.8,3683.4,4440.0,3288.1,4022.0,45,2,4021.7,10,1,4021.5,101,6,4021.4,72,2,4021.3,30,1,4023.2,156,1,4023.4,11,2,4023.5,54,2,4023.6,5,1,4023.7,72,3
11483,2026-07-02 11:46:10+05:30,4023.2,1,4042.86,987229,137660.0,158593.0,4100.0,4110.0,4012.0,4092.6,24164350,4501.8,3683.4,4440.0,3288.1,4022.0,45,2,4021.7,10,1,4021.5,123,7,4021.4,72,2,4021.3,30,1,4023.2,155,1,4023.4,11,2,4023.5,54,2,4023.6,5,1,4023.7,72,3
11483,2026-07-02 11:46:11+05:30,4022.0,1,4042.86,987229,137660.0,158593.0,4100.0,4110.0,4012.0,4092.6,24164350,4501.8,3683.4,4440.0,3288.1,4022.0,45,2,4021.7,10,1,4021.5,123,7,4021.4,72,2,4021.3,30,1,4023.2,155,1,4023.4,11,2,4023.5,54,2,4023.6,5,1,4023.7,72,3
11483,2026-07-02 11:46:11+05:30,4023.2,3,4042.86,987233,137663.0,158438.0,4100.0,4110.0,4012.0,4092.6,24164350,4501.8,3683.4,4440.0,3288.1,4022.0,63,5,4021.7,10,1,4021.5,123,7,4021.4,72,2,4021.3,31,2,4023.2,152,1,4023.4,1,1,4023.5,16,1,4023.7,24,2,4023.8,14,1
11483,2026-07-02 11:46:12+05:30,4023.2,3,4042.86,987233,137663.0,158438.0,4100.0,4110.0,4012.0,4092.6,24164350,4501.8,3683.4,4440.0,3288.1,4022.0,63,5,4021.7,10,1,4021.5,123,7,4021.4,72,2,4021.3,31,2,4023.2,152,1,4023.4,1,1,4023.5,16,1,4023.7,24,2,4023.8,14,1
11483,2026-07-02 11:46:12+05:30,4023.2,3,4042.86,987233,137984.0,158452.0,4100.0,4110.0,4012.0,4092.6,24164350,4501.8,3683.4,4440.0,3288.1,4022.6,1,1,4022.0,63,5,4021.7,10,1,4021.5,124,8,4021.4,72,2,4023.2,152,1,4023.4,1,1,4023.5,16,1,4023.7,22,1,4023.8,16,2
11483,2026-07-02 11:46:13+05:30,4023.2,3,4042.86,987233,137991.0,158453.0,4100.0,4110.0,4012.0,4092.6,24164350,4501.8,3683.4,4440.0,3288.1,4022.6,1,1,4022.0,63,5,4021.7,10,1,4021.5,124,8,4021.4,72,2,4023.2,153,2,4023.4,1,1,4023.5,16,1,4023.7,24,2,4023.8,14,1
11483,2026-07-02 11:46:14+05:30,4022.6,4,4042.86,987233,137991.0,158453.0,4100.0,4110.0,4012.0,4092.6,24164350,4501.8,3683.4,4440.0,3288.1,4022.6,1,1,4022.0,63,5,4021.7,10,1,4021.5,124,8,4021.4,72,2,4023.2,153,2,4023.4,1,1,4023.5,16,1,4023.7,24,2,4023.8,14,1
11483,2026-07-02 11:46:14+05:30,4022.6,4,4042.86,987237,138117.0,158214.0,4100.0,4110.0,4012.0,4092.6,24164350,4501.8,3683.4,4440.0,3288.1,4022.1,37,3,4022.0,65,6,4021.9,10,1,4021.7,48,2,4021.6,1,1,4023.2,1,1,4023.5,16,1,4023.8,14,1,4023.9,38,4,4024.0,245,7
11483,2026-07-02 11:46:15+05:30,4022.1,1,4042.86,987237,138117.0,158214.0,4100.0,4110.0,4012.0,4092.6,24164350,4501.8,3683.4,4440.0,3288.1,4022.1,37,3,4022.0,65,6,4021.9,10,1,4021.7,48,2,4021.6,1,1,4023.2,1,1,4023.5,16,1,4023.8,14,1,4023.9,38,4,4024.0,245,7
11483,2026-07-02 11:46:15+05:30,4023.2,1,4042.86,987239,137740.0,158450.0,4100.0,4110.0,4012.0,4092.6,24164350,4501.8,3683.4,4440.0,3288.1,4022.6,2,2,4022.1,15,1,4022.0,47,4,4021.7,10,1,4021.5,133,9,4023.2,152,1,4023.5,16,1,4023.6,6,1,4023.7,22,1,4023.8,24,2
11483,2026-07-02 11:46:16+05:30,4023.2,1,4042.86,987239,137740.0,158450.0,4100.0,4110.0,4012.0,4092.6,24164350,4501.8,3683.4,4440.0,3288.1,4022.6,2,2,4022.1,15,1,4022.0,47,4,4021.7,10,1,4021.5,133,9,4023.2,152,1,4023.5,16,1,4023.6,6,1,4023.7,22,1,4023.8,24,2
11483,2026-07-02 11:46:16+05:30,4023.2,1,4042.86,987241,138085.0,158452.0,4100.0,4110.0,4012.0,4092.6,24164350,4501.8,3683.4,4440.0,3288.1,4022.6,2,2,4022.1,31,2,4022.0,47,4,4021.7,10,1,4021.5,112,8,4023.2,150,1,4023.5,16,1,4023.6,6,1,4023.7,22,1,4023.8,14,1
11483,2026-07-02 11:46:17+05:30,4023.2,1,4042.86,987241,138085.0,158452.0,4100.0,4110.0,4012.0,4092.6,24164350,4501.8,3683.4,4440.0,3288.1,4022.6,2,2,4022.1,31,2,4022.0,47,4,4021.7,10,1,4021.5,112,8,4023.2,150,1,4023.5,16,1,4023.6,6,1,4023.7,22,1,4023.8,14,1
11483,2026-07-02 11:46:17+05:30,4023.2,50,4042.86,987291,138171.0,157702.0,4100.0,4110.0,4012.0,4092.6,24164350,4501.8,3683.4,4440.0,3288.1,4022.6,20,4,4022.1,31,2,4022.0,103,6,4021.9,38,1,4021.8,10,1,4023.4,100,1,4023.5,16,1,4023.8,14,1,4023.9,16,2,4024.0,267,8
11483,2026-07-02 11:46:18+05:30,4022.0,19,4042.86,987291,138171.0,157702.0,4100.0,4110.0,4012.0,4092.6,24164350,4501.8,3683.4,4440.0,3288.1,4022.6,20,4,4022.1,31,2,4022.0,103,6,4021.9,38,1,4021.8,10,1,4023.4,100,1,4023.5,16,1,4023.8,14,1,4023.9,16,2,4024.0,267,8
11483,2026-07-02 11:46:18+05:30,4022.0,19,4042.86,987397,138360.0,157229.0,4100.0,4110.0,4012.0,4092.6,24164350,4501.8,3683.4,4440.0,3288.1,4022.3,28,3,4022.2,49,4,4022.1,34,3,4022.0,122,7,4021.9,25,1,4023.5,16,1,4023.9,16,2,4024.0,267,8,4024.1,2,1,4024.2,18,2
11483,2026-07-02 11:46:19+05:30,4022.3,10,4042.86,987397,138360.0,157229.0,4100.0,4110.0,4012.0,4092.6,24164350,4501.8,3683.4,4440.0,3288.1,4022.3,28,3,4022.2,49,4,4022.1,34,3,4022.0,122,7,4021.9,25,1,4023.5,16,1,4023.9,16,2,4024.0,267,8,4024.1,2,1,4024.2,18,2
11483,2026-07-02 11:46:19+05:30,4022.3,10,4042.86,987410,138401.0,157177.0,4100.0,4110.0,4012.0,4092.6,24164350,4501.8,3683.4,4440.0,3288.1,4023.2,10,1,4022.3,40,3,4022.2,49,4,4022.1,49,4,4022.0,84,6,4023.5,17,2,4023.9,16,2,4024.0,245,7,4024.3,20,1,4024.4,22,1
11483,2026-07-02 11:46:20+05:30,4023.2,1,4042.86,987410,138401.0,157177.0,4100.0,4110.0,4012.0,4092.6,24164350,4501.8,3683.4,4440.0,3288.1,4023.2,10,1,4022.3,40,3,4022.2,49,4,4022.1,49,4,4022.0,84,6,4023.5,17,2,4023.9,16,2,4024.0,245,7,4024.3,20,1,4024.4,22,1
11483,2026-07-02 11:46:20+05:30,4023.2,1,4042.86,987421,138340.0,157826.0,4100.0,4110.0,4012.0,4092.6,24164350,4501.8,3683.4,4440.0,3288.1,4022.3,22,3,4022.2,10,2,4022.1,41,3,4022.0,105,8,4021.9,47,3,4023.2,165,1,4023.5,17,2,4023.9,191,3,4024.0,267,8,4024.2,20,3
11483,2026-07-02 11:46:21+05:30,4022.3,2,4042.86,987421,138340.0,157826.0,4100.0,4110.0,4012.0,4092.6,24164350,4501.8,3683.4,4440.0,3288.1,4022.3,22,3,4022.2,10,2,4022.1,41,3,4022.0,105,8,4021.9,47,3,4023.2,165,1,4023.5,17,2,4023.9,191,3,4024.0,267,8,4024.2,20,3
11483,2026-07-02 11:46:21+05:30,4022.3,1,4042.86,987424,138358.0,157851.0,4100.0,4110.0,4012.0,4092.6,24164350,4501.8,3683.4,4440.0,3288.1,4022.3,22,4,4022.2,3,1,4022.1,51,4,4022.0,105,8,4021.9,47,3,4023.2,165,1,4023.5,17,2,4023.9,191,3,4024.0,267,8,4024.2,14,2
11483,2026-07-02 11:46:22+05:30,4022.3,1,4042.86,987424,138358.0,157851.0,4100.0,4110.0,4012.0,4092.6,24164350,4501.8,3683.4,4440.0,3288.1,4022.3,22,4,4022.2,3,1,4022.1,51,4,4022.0,105,8,4021.9,47,3,4023.2,165,1,4023.5,17,2,4023.9,191,3,4024.0,267,8,4024.2,14,2
11483,2026-07-02 11:46:23+05:30,4023.2,38,4042.86,987464,138508.0,157922.0,4100.0,4110.0,4012.0,4092.6,24164350,4501.8,3683.4,4440.0,3288.1,4022.7,1,1,4022.3,22,4,4022.2,4,2,4022.1,51,4,4022.0,105,8,4023.2,126,1,4023.5,17,2,4023.9,191,3,4024.0,267,8,4024.2,14,2
11483,2026-07-02 11:46:23+05:30,4022.7,1,4042.86,987464,138508.0,157922.0,4100.0,4110.0,4012.0,4092.6,24164350,4501.8,3683.4,4440.0,3288.1,4022.7,1,1,4022.3,22,4,4022.2,4,2,4022.1,51,4,4022.0,105,8,4023.2,126,1,4023.5,17,2,4023.9,191,3,4024.0,267,8,4024.2,14,2
11483,2026-07-02 11:46:24+05:30,4023.2,1,4042.86,987470,139353.0,157288.0,4100.0,4110.0,4012.0,4092.6,24164350,4501.8,3683.4,4440.0,3288.1,4022.9,31,4,4022.8,10,3,4022.7,16,2,4022.6,66,4,4022.5,72,4,4023.2,1,1,4023.5,17,2,4023.9,16,2,4024.0,221,5,4024.3,20,1
11483,2026-07-02 11:46:24+05:30,4023.2,1,4042.86,987470,139353.0,157288.0,4100.0,4110.0,4012.0,4092.6,24164350,4501.8,3683.4,4440.0,3288.1,4022.9,31,4,4022.8,10,3,4022.7,16,2,4022.6,66,4,4022.5,72,4,4023.2,1,1,4023.5,17,2,4023.9,16,2,4024.0,221,5,4024.3,20,1
11483,2026-07-02 11:46:25+05:30,4023.5,1,4042.86,987473,139463.0,157463.0,4100.0,4110.0,4012.0,4092.6,24164350,4501.8,3683.4,4440.0,3288.1,4022.9,23,2,4022.8,3,1,4022.7,8,1,4022.6,80,5,4022.5,87,5,4023.5,16,2,4023.9,16,2,4024.0,221,5,4024.3,20,1,4024.5,14,3
11483,2026-07-02 11:46:25+05:30,4023.5,1,4042.86,987473,139463.0,157463.0,4100.0,4110.0,4012.0,4092.6,24164350,4501.8,3683.4,4440.0,3288.1,4022.9,23,2,4022.8,3,1,4022.7,8,1,4022.6,80,5,4022.5,87,5,4023.5,16,2,4023.9,16,2,4024.0,221,5,4024.3,20,1,4024.5,14,3
11483,2026-07-02 11:46:26+05:30,4023.5,5,4042.86,987479,139461.0,157467.0,4100.0,4110.0,4012.0,4092.6,24164350,4501.8,3683.4,4440.0,3288.1,4022.9,23,2,4022.7,8,1,4022.6,80,5,4022.5,87,5,4022.4,45,5,4023.5,10,2,4023.9,16,2,4024.0,221,5,4024.3,20,1,4024.5,14,3
11483,2026-07-02 11:46:26+05:30,4022.9,1,4042.86,987479,139461.0,157467.0,4100.0,4110.0,4012.0,4092.6,24164350,4501.8,3683.4,4440.0,3288.1,4022.9,23,2,4022.7,8,1,4022.6,80,5,4022.5,87,5,4022.4,45,5,4023.5,10,2,4023.9,16,2,4024.0,221,5,4024.3,20,1,4024.5,14,3
11483,2026-07-02 11:46:27+05:30,4023.5,1,4042.86,987488,139462.0,157438.0,4100.0,4110.0,4012.0,4092.6,24164350,4501.8,3683.4,4440.0,3288.1,4022.9,22,2,4022.7,8,1,4022.6,80,5,4022.5,87,5,4022.4,45,5,4023.5,2,2,4023.9,16,2,4024.0,221,5,4024.3,20,1,4024.5,14,3
11483,2026-07-02 11:46:27+05:30,4022.9,1,4042.86,987488,139462.0,157438.0,4100.0,4110.0,4012.0,4092.6,24164350,4501.8,3683.4,4440.0,3288.1,4022.9,22,2,4022.7,8,1,4022.6,80,5,4022.5,87,5,4022.4,45,5,4023.5,2,2,4023.9,16,2,4024.0,221,5,4024.3,20,1,4024.5,14,3
11483,2026-07-02 11:46:28+05:30,4023.2,2,4042.86,987502,139426.0,157074.0,4100.0,4110.0,4012.0,4092.6,24164350,4501.8,3683.4,4440.0,3288.1,4023.2,8,1,4022.9,21,2,4022.7,8,1,4022.6,51,3,4022.5,87,5,4023.5,35,1,4023.9,16,2,4024.0,221,5,4024.3,39,2,4024.5,36,4
11483,2026-07-02 11:46:28+05:30,4023.2,2,4042.86,987502,139426.0,157074.0,4100.0,4110.0,4012.0,4092.6,24164350,4501.8,3683.4,4440.0,3288.1,4023.2,8,1,4022.9,21,2,4022.7,8,1,4022.6,51,3,4022.5,87,5,4023.5,35,1,4023.9,16,2,4024.0,221,5,4024.3,39,2,4024.5,36,4
11483,2026-07-02 11:46:28+05:30,4023.5,8,4042.86,987523,139391.0,157050.0,4100.0,4110.0,4012.0,4092.6,24164350,4501.8,3683.4,4440.0,3288.1,4023.2,29,3,4022.8,9,1,4022.7,8,1,4022.6,51,3,4022.5,87,5,4023.5,16,1,4023.9,16,2,4024.0,221,5,4024.3,20,1,4024.5,36,4
11483,2026-07-02 11:46:29+05:30,4023.2,2,4042.86,987523,139391.0,157050.0,4100.0,4110.0,4012.0,4092.6,24164350,4501.8,3683.4,4440.0,3288.1,4023.2,29,3,4022.8,9,1,4022.7,8,1,4022.6,51,3,4022.5,87,5,4023.5,16,1,4023.9,16,2,4024.0,221,5,4024.3,20,1,4024.5,36,4
11483,2026-07-02 11:46:29+05:30,4023.5,1,4042.86,987532,139384.0,157056.0,4100.0,4110.0,4012.0,4092.6,24164350,4501.8,3683.4,4440.0,3288.1,4023.2,21,2,4022.8,9,1,4022.7,8,1,4022.6,51,3,4022.5,87,5,4023.5,15,1,4023.9,16,2,4024.0,221,5,4024.3,20,1,4024.5,36,4
11483,2026-07-02 11:46:30+05:30,4023.2,1,4042.86,987532,139384.0,157056.0,4100.0,4110.0,4012.0,4092.6,24164350,4501.8,3683.4,4440.0,3288.1,4023.2,21,2,4022.8,9,1,4022.7,8,1,4022.6,51,3,4022.5,87,5,4023.5,15,1,4023.9,16,2,4024.0,221,5,4024.3,20,1,4024.5,36,4
11483,2026-07-02 11:46:30+05:30,4023.5,4,4042.86,987541,139394.0,157053.0,4100.0,4110.0,4012.0,4092.6,24164350,4501.8,3683.4,4440.0,3288.1,4023.2,20,2,4022.8,9,1,4022.7,8,1,4022.6,51,3,4022.5,87,5,4023.5,8,2,4023.9,16,2,4024.0,221,5,4024.3,20,1,4024.5,36,4
11483,2026-07-02 11:46:31+05:30,4022.8,3,4042.86,987541,139394.0,157053.0,4100.0,4110.0,4012.0,4092.6,24164350,4501.8,3683.4,4440.0,3288.1,4023.2,20,2,4022.8,9,1,4022.7,8,1,4022.6,51,3,4022.5,87,5,4023.5,8,2,4023.9,16,2,4024.0,221,5,4024.3,20,1,4024.5,36,4
11483,2026-07-02 11:46:31+05:30,4023.5,1,4042.86,987570,140001.0,156827.0,4100.0,4110.0,4012.0,4092.6,24164350,4501.8,3683.4,4440.0,3288.1,4023.0,100,1,4022.8,33,4,4022.7,42,3,4022.6,39,3,4022.5,75,5,4023.5,3,2,4023.9,16,2,4024.0,221,5,4024.3,20,1,4024.5,2,2
11483,2026-07-02 11:46:32+05:30,4023.0,4,4042.86,987570,140001.0,156827.0,4100.0,4110.0,4012.0,4092.6,24164350,4501.8,3683.4,4440.0,3288.1,4023.0,100,1,4022.8,33,4,4022.7,42,3,4022.6,39,3,4022.5,75,5,4023.5,3,2,4023.9,16,2,4024.0,221,5,4024.3,20,1,4024.5,2,2
11483,2026-07-02 11:46:32+05:30,4023.5,9,4042.86,987586,139842.0,156935.0,4100.0,4110.0,4012.0,4092.6,24164350,4501.8,3683.4,4440.0,3288.1,4023.2,22,3,4023.1,6,1,4023.0,96,1,4022.8,43,4,4022.7,50,4,4023.5,35,1,4023.9,16,2,4024.0,221,5,4024.3,20,1,4024.5,2,2
11483,2026-07-02 11:46:33+05:30,4023.5,50,4042.86,987586,139842.0,156935.0,4100.0,4110.0,4012.0,4092.6,24164350,4501.8,3683.4,4440.0,3288.1,4023.2,22,3,4023.1,6,1,4023.0,96,1,4022.8,43,4,4022.7,50,4,4023.5,35,1,4023.9,16,2,4024.0,221,5,4024.3,20,1,4024.5,2,2
11483,2026-07-02 11:46:33+05:30,4023.9,1,4042.86,987641,140126.0,156724.0,4100.0,4110.0,4012.0,4092.6,24164350,4501.8,3683.4,4440.0,3288.1,4023.5,299,1,4023.2,14,2,4023.0,104,2,4022.8,43,4,4022.7,50,4,4023.9,15,2,4024.0,221,5,4024.3,20,1,4024.6,145,3,4024.7,3,2
11483,2026-07-02 11:46:34+05:30,4023.5,1,4042.86,987641,140126.0,156724.0,4100.0,4110.0,4012.0,4092.6,24164350,4501.8,3683.4,4440.0,3288.1,4023.5,299,1,4023.2,14,2,4023.0,104,2,4022.8,43,4,4022.7,50,4,4023.9,15,2,4024.0,221,5,4024.3,20,1,4024.6,145,3,4024.7,3,2
11483,2026-07-02 11:46:34+05:30,4023.5,1,4042.86,987649,140115.0,156725.0,4100.0,4110.0,4012.0,4092.6,24164350,4501.8,3683.4,4440.0,3288.1,4023.6,2,1,4023.5,291,1,4023.2,14,2,4023.0,104,2,4022.8,43,4,4023.9,15,2,4024.0,221,5,4024.3,20,1,4024.6,145,3,4024.7,3,2
11483,2026-07-02 11:46:35+05:30,4023.6,1,4042.86,987649,140115.0,156725.0,4100.0,4110.0,4012.0,4092.6,24164350,4501.8,3683.4,4440.0,3288.1,4023.6,2,1,4023.5,291,1,4023.2,14,2,4023.0,104,2,4022.8,43,4,4023.9,15,2,4024.0,221,5,4024.3,20,1,4024.6,145,3,4024.7,3,2
11483,2026-07-02 11:46:35+05:30,4023.6,1,4042.86,987652,140133.0,156732.0,4100.0,4110.0,4012.0,4092.6,24164350,4501.8,3683.4,4440.0,3288.1,4023.6,1,1,4023.5,295,2,4023.2,14,2,4023.0,104,2,4022.8,43,4,4023.9,15,2,4024.0,221,5,4024.3,20,1,4024.6,145,3,4024.7,3,2
11483,2026-07-02 11:46:36+05:30,4024.0,5,4042.86,987652,140133.0,156732.0,4100.0,4110.0,4012.0,4092.6,24164350,4501.8,3683.4,4440.0,3288.1,4023.6,1,1,4023.5,295,2,4023.2,14,2,4023.0,104,2,4022.8,43,4,4023.9,15,2,4024.0,221,5,4024.3,20,1,4024.6,145,3,4024.7,3,2
11483,2026-07-02 11:46:37+05:30,4024.0,2,4042.86,987680,140180.0,156756.0,4100.0,4110.0,4012.0,4092.6,24164350,4501.8,3683.4,4440.0,3288.1,4023.9,2,1,4023.5,308,3,4023.0,104,2,4022.8,43,4,4022.7,51,5,4024.0,214,5,4024.3,20,1,4024.6,145,3,4024.7,3,2,4024.8,124,1
11483,2026-07-02 11:46:37+05:30,4023.9,4,4042.86,987680,140180.0,156756.0,4100.0,4110.0,4012.0,4092.6,24164350,4501.8,3683.4,4440.0,3288.1,4023.9,2,1,4023.5,308,3,4023.0,104,2,4022.8,43,4,4022.7,51,5,4024.0,214,5,4024.3,20,1,4024.6,145,3,4024.7,3,2,4024.8,124,1
11483,2026-07-02 11:46:38+05:30,4023.9,1,4042.86,987685,140172.0,156760.0,4100.0,4110.0,4012.0,4092.6,24164350,4501.8,3683.4,4440.0,3288.1,4023.9,1,1,4023.5,308,3,4023.0,96,1,4022.8,43,4,4022.7,51,5,4024.0,214,5,4024.3,20,1,4024.6,145,3,4024.7,3,2,4024.8,124,1
11483,2026-07-02 11:46:38+05:30,4023.9,1,4042.86,987685,140172.0,156760.0,4100.0,4110.0,4012.0,4092.6,24164350,4501.8,3683.4,4440.0,3288.1,4023.9,1,1,4023.5,308,3,4023.0,96,1,4022.8,43,4,4022.7,51,5,4024.0,214,5,4024.3,20,1,4024.6,145,3,4024.7,3,2,4024.8,124,1
11483,2026-07-02 11:46:38+05:30,4026.0,3,4042.84,988486,139929.0,153470.0,4100.0,4110.0,4012.0,4092.6,24164350,4501.8,3683.4,4440.0,3288.1,4025.0,4,1,4024.6,9,1,4024.5,4,1,4024.3,19,2,4024.2,64,2,4025.9,39,1,4026.0,25,2,4026.1,17,1,4026.2,36,3,4026.3,72,6
11483,2026-07-02 11:46:39+05:30,4025.0,2,4042.84,988486,139929.0,153470.0,4100.0,4110.0,4012.0,4092.6,24164350,4501.8,3683.4,4440.0,3288.1,4025.0,4,1,4024.6,9,1,4024.5,4,1,4024.3,19,2,4024.2,64,2,4025.9,39,1,4026.0,25,2,4026.1,17,1,4026.2,36,3,4026.3,72,6
11483,2026-07-02 11:46:39+05:30,4025.0,2,4042.84,988493,139677.0,153955.0,4100.0,4110.0,4012.0,4092.6,24164350,4501.8,3683.4,4440.0,3288.1,4024.6,8,1,4024.3,1,1,4024.2,19,1,4024.1,21,1,4024.0,81,5,4025.0,5,2,4025.9,55,2,4026.0,28,3,4026.1,17,1,4026.2,36,3
11483,2026-07-02 11:46:40+05:30,4025.0,2,4042.84,988493,139677.0,153955.0,4100.0,4110.0,4012.0,4092.6,24164350,4501.8,3683.4,4440.0,3288.1,4024.6,8,1,4024.3,1,1,4024.2,19,1,4024.1,21,1,4024.0,81,5,4025.0,5,2,4025.9,55,2,4026.0,28,3,4026.1,17,1,4026.2,36,3
11483,2026-07-02 11:46:41+05:30,4024.7,1,4042.84,988493,139677.0,153955.0,4100.0,4110.0,4012.0,4092.6,24164350,4501.8,3683.4,4440.0,3288.1,4024.6,8,1,4024.3,1,1,4024.2,19,1,4024.1,21,1,4024.0,81,5,4025.0,5,2,4025.9,55,2,4026.0,28,3,4026.1,17,1,4026.2,36,3
11483,2026-07-02 11:46:41+05:30,4024.7,1,4042.84,988503,139705.0,153819.0,4100.0,4110.0,4012.0,4092.6,24164350,4501.8,3683.4,4440.0,3288.1,4024.7,47,1,4024.6,7,1,4024.3,1,1,4024.2,19,1,4024.1,21,1,4025.0,9,2,4025.9,48,2,4026.0,28,3,4026.1,17,1,4026.2,54,4
11483,2026-07-02 11:46:42+05:30,4024.7,1,4042.84,988503,139705.0,153819.0,4100.0,4110.0,4012.0,4092.6,24164350,4501.8,3683.4,4440.0,3288.1,4024.7,47,1,4024.6,7,1,4024.3,1,1,4024.2,19,1,4024.1,21,1,4025.0,9,2,4025.9,48,2,4026.0,28,3,4026.1,17,1,4026.2,54,4
11483,2026-07-02 11:46:42+05:30,4024.7,1,4042.84,988505,139694.0,153859.0,4100.0,4110.0,4012.0,4092.6,24164350,4501.8,3683.4,4440.0,3288.1,4024.9,45,1,4024.8,1,1,4024.6,7,1,4024.3,1,1,4024.2,19,1,4025.0,9,2,4025.9,39,1,4026.0,28,3,4026.1,17,1,4026.2,54,4
11483,2026-07-02 11:46:42+05:30,4024.7,1,4042.84,988505,139694.0,153859.0,4100.0,4110.0,4012.0,4092.6,24164350,4501.8,3683.4,4440.0,3288.1,4024.9,45,1,4024.8,1,1,4024.6,7,1,4024.3,1,1,4024.2,19,1,4025.0,9,2,4025.9,39,1,4026.0,28,3,4026.1,17,1,4026.2,54,4
11483,2026-07-02 11:46:43+05:30,4025.1,1,4042.84,988505,139694.0,153859.0,4100.0,4110.0,4012.0,4092.6,24164350,4501.8,3683.4,4440.0,3288.1,4024.9,45,1,4024.8,1,1,4024.6,7,1,4024.3,1,1,4024.2,19,1,4025.0,9,2,4025.9,39,1,4026.0,28,3,4026.1,17,1,4026.2,54,4
11483,2026-07-02 11:46:43+05:30,4026.0,2,4042.84,988597,139946.0,153862.0,4100.0,4110.0,4012.0,4092.6,24164350,4501.8,3683.4,4440.0,3288.1,4025.1,43,1,4025.0,12,1,4024.8,1,1,4024.6,7,1,4024.4,2,1,4026.0,45,2,4026.1,17,1,4026.2,8,1,4026.3,16,1,4026.4,37,3
11483,2026-07-02 11:46:43+05:30,4026.0,2,4042.84,988597,139946.0,153862.0,4100.0,4110.0,4012.0,4092.6,24164350,4501.8,3683.4,4440.0,3288.1,4025.1,43,1,4025.0,12,1,4024.8,1,1,4024.6,7,1,4024.4,2,1,4026.0,45,2,4026.1,17,1,4026.2,8,1,4026.3,16,1,4026.4,37,3
11483,2026-07-02 11:46:44+05:30,4025.1,5,4042.84,988597,139946.0,153862.0,4100.0,4110.0,4012.0,4092.6,24164350,4501.8,3683.4,4440.0,3288.1,4025.1,43,1,4025.0,12,1,4024.8,1,1,4024.6,7,1,4024.4,2,1,4026.0,45,2,4026.1,17,1,4026.2,8,1,4026.3,16,1,4026.4,37,3
11483,2026-07-02 11:46:44+05:30,4025.1,5,4042.84,988614,140049.0,154033.0,4100.0,4110.0,4012.0,4092.6,24164350,4501.8,3683.4,4440.0,3288.1,4025.1,26,1,4025.0,12,1,4024.8,1,1,4024.6,7,1,4024.3,1,1,4025.5,12,1,4025.6,77,3,4025.7,22,2,4025.8,47,3,4025.9,12,1
11483,2026-07-02 11:46:44+05:30,4025.1,5,4042.84,988614,140049.0,154033.0,4100.0,4110.0,4012.0,4092.6,24164350,4501.8,3683.4,4440.0,3288.1,4025.1,26,1,4025.0,12,1,4024.8,1,1,4024.6,7,1,4024.3,1,1,4025.5,12,1,4025.6,77,3,4025.7,22,2,4025.8,47,3,4025.9,12,1
11483,2026-07-02 11:46:45+05:30,4025.9,1,4042.84,988614,140049.0,154033.0,4100.0,4110.0,4012.0,4092.6,24164350,4501.8,3683.4,4440.0,3288.1,4025.1,26,1,4025.0,12,1,4024.8,1,1,4024.6,7,1,4024.3,1,1,4025.5,12,1,4025.6,77,3,4025.7,22,2,4025.8,47,3,4025.9,12,1
11483,2026-07-02 11:46:45+05:30,4025.9,1,4042.84,988652,140649.0,153674.0,4100.0,4110.0,4012.0,4092.6,24164350,4501.8,3683.4,4440.0,3288.1,4025.9,23,1,4025.8,76,1,4025.7,42,1,4025.6,42,1,4025.1,42,1,4026.1,3,1,4026.2,8,1,4026.3,25,2,4026.4,23,2,4026.5,16,1
11483,2026-07-02 11:46:45+05:30,4025.9,1,4042.84,988652,140649.0,153674.0,4100.0,4110.0,4012.0,4092.6,24164350,4501.8,3683.4,4440.0,3288.1,4025.9,23,1,4025.8,76,1,4025.7,42,1,4025.6,42,1,4025.1,42,1,4026.1,3,1,4026.2,8,1,4026.3,25,2,4026.4,23,2,4026.5,16,1
11483,2026-07-02 11:46:46+05:30,4026.3,7,4042.84,988652,140649.0,153674.0,4100.0,4110.0,4012.0,4092.6,24164350,4501.8,3683.4,4440.0,3288.1,4025.9,23,1,4025.8,76,1,4025.7,42,1,4025.6,42,1,4025.1,42,1,4026.1,3,1,4026.2,8,1,4026.3,25,2,4026.4,23,2,4026.5,16,1
11483,2026-07-02 11:46:46+05:30,4026.3,7,4042.84,988749,140740.0,153299.0,4100.0,4110.0,4012.0,4092.6,24164350,4501.8,3683.4,4440.0,3288.1,4026.1,14,1,4026.0,42,1,4025.9,42,1,4025.5,42,1,4025.3,42,1,4026.3,4,1,4026.4,23,2,4026.5,6,1,4026.6,33,3,4026.7,27,1
11483,2026-07-02 11:46:46+05:30,4026.3,7,4042.84,988749,140740.0,153299.0,4100.0,4110.0,4012.0,4092.6,24164350,4501.8,3683.4,4440.0,3288.1,4026.1,14,1,4026.0,42,1,4025.9,42,1,4025.5,42,1,4025.3,42,1,4026.3,4,1,4026.4,23,2,4026.5,6,1,4026.6,33,3,4026.7,27,1
11483,2026-07-02 11:46:46+05:30,4026.3,7,4042.84,988749,140740.0,153299.0,4100.0,4110.0,4012.0,4092.6,24203200,4501.8,3683.4,4440.0,3288.1,4026.1,14,1,4026.0,42,1,4025.9,42,1,4025.5,42,1,4025.3,42,1,4026.3,4,1,4026.4,23,2,4026.5,6,1,4026.6,33,3,4026.7,27,1
11483,2026-07-02 11:46:47+05:30,4026.2,1,4042.84,988749,140740.0,153299.0,4100.0,4110.0,4012.0,4092.6,24203200,4501.8,3683.4,4440.0,3288.1,4026.1,14,1,4026.0,42,1,4025.9,42,1,4025.5,42,1,4025.3,42,1,4026.3,4,1,4026.4,23,2,4026.5,6,1,4026.6,33,3,4026.7,27,1
11483,2026-07-02 11:46:47+05:30,4026.2,1,4042.84,988765,141267.0,153111.0,4100.0,4110.0,4012.0,4092.6,24203200,4501.8,3683.4,4440.0,3288.1,4026.2,43,2,4026.1,44,2,4025.6,42,1,4025.4,42,1,4025.2,40,2,4026.8,29,2,4026.9,13,1,4027.0,28,4,4027.1,15,1,4027.2,44,3
11483,2026-07-02 11:46:47+05:30,4026.2,1,4042.84,988765,141267.0,153111.0,4100.0,4110.0,4012.0,4092.6,24203200,4501.8,3683.4,4440.0,3288.1,4026.2,43,2,4026.1,44,2,4025.6,42,1,4025.4,42,1,4025.2,40,2,4026.8,29,2,4026.9,13,1,4027.0,28,4,4027.1,15,1,4027.2,44,3
11483,2026-07-02 11:46:48+05:30,4025.0,1,4042.84,988765,141267.0,153111.0,4100.0,4110.0,4012.0,4092.6,24203200,4501.8,3683.4,4440.0,3288.1,4026.2,43,2,4026.1,44,2,4025.6,42,1,4025.4,42,1,4025.2,40,2,4026.8,29,2,4026.9,13,1,4027.0,28,4,4027.1,15,1,4027.2,44,3
11483,2026-07-02 11:46:48+05:30,4025.9,11,4042.83,988962,138921.0,154302.0,4100.0,4110.0,4012.0,4092.6,24203200,4501.8,3683.4,4440.0,3288.1,4025.0,11,1,4024.6,7,1,4024.0,76,5,4023.7,28,2,4023.6,22,1,4025.7,11,1,4025.8,40,4,4025.9,15,1,4026.0,72,7,4026.1,57,2
11483,2026-07-02 11:46:48+05:30,4025.9,11,4042.83,988962,138921.0,154302.0,4100.0,4110.0,4012.0,4092.6,24203200,4501.8,3683.4,4440.0,3288.1,4025.0,11,1,4024.6,7,1,4024.0,76,5,4023.7,28,2,4023.6,22,1,4025.7,11,1,4025.8,40,4,4025.9,15,1,4026.0,72,7,4026.1,57,2
11483,2026-07-02 11:46:49+05:30,4025.7,17,4042.83,988962,138921.0,154302.0,4100.0,4110.0,4012.0,4092.6,24203200,4501.8,3683.4,4440.0,3288.1,4025.0,11,1,4024.6,7,1,4024.0,76,5,4023.7,28,2,4023.6,22,1,4025.7,11,1,4025.8,40,4,4025.9,15,1,4026.0,72,7,4026.1,57,2
11483,2026-07-02 11:46:49+05:30,4024.6,1,4042.83,989014,139181.0,154499.0,4100.0,4110.0,4012.0,4092.6,24203200,4501.8,3683.4,4440.0,3288.1,4025.1,42,1,4025.0,42,1,4024.9,42,1,4024.7,42,1,4024.6,6,1,4026.0,59,5,4026.1,12,1,4026.2,15,1,4026.3,96,5,4026.4,123,6
11483,2026-07-02 11:46:50+05:30,4025.5,1,4042.83,989014,139181.0,154499.0,4100.0,4110.0,4012.0,4092.6,24203200,4501.8,3683.4,4440.0,3288.1,4025.1,42,1,4025.0,42,1,4024.9,42,1,4024.7,42,1,4024.6,6,1,4026.0,59,5,4026.1,12,1,4026.2,15,1,4026.3,96,5,4026.4,123,6
11483,2026-07-02 11:46:50+05:30,4025.5,1,4042.83,989026,139025.0,154707.0,4100.0,4110.0,4012.0,4092.6,24203200,4501.8,3683.4,4440.0,3288.1,4024.6,6,1,4024.1,56,2,4024.0,84,4,4023.7,14,2,4023.6,22,1,4025.9,29,3,4026.0,49,4,4026.1,1,1,4026.2,1,1,4026.3,94,5
11483,2026-07-02 11:46:51+05:30,4025.7,1,4042.83,989026,139025.0,154707.0,4100.0,4110.0,4012.0,4092.6,24203200,4501.8,3683.4,4440.0,3288.1,4024.6,6,1,4024.1,56,2,4024.0,84,4,4023.7,14,2,4023.6,22,1,4025.9,29,3,4026.0,49,4,4026.1,1,1,4026.2,1,1,4026.3,94,5
11483,2026-07-02 11:46:51+05:30,4025.7,1,4042.83,989028,138979.0,154999.0,4100.0,4110.0,4012.0,4092.6,24203200,4501.8,3683.4,4440.0,3288.1,4024.6,5,1,4024.0,62,3,4023.6,53,2,4023.5,295,2,4023.4,13,1,4025.7,45,3,4025.8,32,3,4025.9,52,4,4026.0,59,6,4026.1,38,1
11483,2026-07-02 11:46:52+05:30,4025.1,3,4042.83,989028,138979.0,154999.0,4100.0,4110.0,4012.0,4092.6,24203200,4501.8,3683.4,4440.0,3288.1,4024.6,5,1,4024.0,62,3,4023.6,53,2,4023.5,295,2,4023.4,13,1,4025.7,45,3,4025.8,32,3,4025.9,52,4,4026.0,59,6,4026.1,38,1
11483,2026-07-02 11:46:52+05:30,4025.1,3,4042.83,989033,138855.0,155086.0,4100.0,4110.0,4012.0,4092.6,24203200,4501.8,3683.4,4440.0,3288.1,4024.6,4,1,4024.0,31,2,4023.6,28,1,4023.5,295,2,4023.4,13,1,4025.2,37,1,4025.3,50,2,4025.4,42,1,4025.5,42,1,4025.6,1,1
11483,2026-07-02 11:46:53+05:30,4025.2,1,4042.83,989033,138855.0,155086.0,4100.0,4110.0,4012.0,4092.6,24203200,4501.8,3683.4,4440.0,3288.1,4024.6,4,1,4024.0,31,2,4023.6,28,1,4023.5,295,2,4023.4,13,1,4025.2,37,1,4025.3,50,2,4025.4,42,1,4025.5,42,1,4025.6,1,1
11483,2026-07-02 11:46:53+05:30,4025.2,1,4042.83,989044,138810.0,155262.0,4100.0,4110.0,4012.0,4092.6,24203200,4501.8,3683.4,4440.0,3288.1,4024.6,4,1,4024.0,31,2,4023.6,28,1,4023.5,295,2,4023.2,43,2,4025.0,42,1,4025.1,50,2,4025.2,43,2,4025.3,11,1,4025.4,50,2
11483,2026-07-02 11:46:54+05:30,4024.8,1,4042.83,989044,138810.0,155262.0,4100.0,4110.0,4012.0,4092.6,24203200,4501.8,3683.4,4440.0,3288.1,4024.6,4,1,4024.0,31,2,4023.6,28,1,4023.5,295,2,4023.2,43,2,4025.0,42,1,4025.1,50,2,4025.2,43,2,4025.3,11,1,4025.4,50,2
11483,2026-07-02 11:46:54+05:30,4024.8,1,4042.83,989049,138529.0,155610.0,4100.0,4110.0,4012.0,4092.6,24203200,4501.8,3683.4,4440.0,3288.1,4024.6,2,1,4024.0,31,2,4023.5,295,2,4023.2,22,1,4023.1,19,2,4024.8,23,1,4024.9,50,2,4025.0,42,1,4025.1,42,1,4025.2,1,1
11483,2026-07-02 11:46:55+05:30,4024.0,10,4042.83,989049,138529.0,155610.0,4100.0,4110.0,4012.0,4092.6,24203200,4501.8,3683.4,4440.0,3288.1,4024.6,2,1,4024.0,31,2,4023.5,295,2,4023.2,22,1,4023.1,19,2,4024.8,23,1,4024.9,50,2,4025.0,42,1,4025.1,42,1,4025.2,1,1
11483,2026-07-02 11:46:55+05:30,4024.0,10,4042.83,989063,138587.0,155658.0,4100.0,4110.0,4012.0,4092.6,24203200,4501.8,3683.4,4440.0,3288.1,4024.0,20,1,4023.5,295,2,4023.3,22,1,4023.1,6,1,4023.0,141,2,4024.9,91,3,4025.0,42,1,4025.2,43,2,4025.3,11,1,4025.4,83,5
11483,2026-07-02 11:46:56+05:30,4024.5,1,4042.83,989063,138587.0,155658.0,4100.0,4110.0,4012.0,4092.6,24203200,4501.8,3683.4,4440.0,3288.1,4024.0,20,1,4023.5,295,2,4023.3,22,1,4023.1,6,1,4023.0,141,2,4024.9,91,3,4025.0,42,1,4025.2,43,2,4025.3,11,1,4025.4,83,5
11483,2026-07-02 11:46:56+05:30,4024.5,5,4042.83,989070,138525.0,155513.0,4100.0,4110.0,4012.0,4092.6,24203200,4501.8,3683.4,4440.0,3288.1,4024.0,19,1,4023.5,295,2,4023.0,141,2,4022.8,67,5,4022.7,2,1,4024.5,16,1,4024.7,50,2,4024.8,68,3,4024.9,41,1,4025.0,59,2
11483,2026-07-02 11:46:57+05:30,4024.5,1,4042.83,989070,138525.0,155513.0,4100.0,4110.0,4012.0,4092.6,24203200,4501.8,3683.4,4440.0,3288.1,4024.0,19,1,4023.5,295,2,4023.0,141,2,4022.8,67,5,4022.7,2,1,4024.5,16,1,4024.7,50,2,4024.8,68,3,4024.9,41,1,4025.0,59,2
11483,2026-07-02 11:46:57+05:30,4024.5,1,4042.83,989075,138614.0,155569.0,4100.0,4110.0,4012.0,4092.6,24203200,4501.8,3683.4,4440.0,3288.1,4024.0,18,1,4023.5,295,2,4023.0,141,2,4022.8,49,4,4022.7,2,1,4024.5,42,1,4024.6,49,2,4024.8,68,3,4024.9,41,1,4025.0,85,3
11483,2026-07-02 11:46:58+05:30,4024.3,1,4042.83,989075,138614.0,155569.0,4100.0,4110.0,4012.0,4092.6,24203200,4501.8,3683.4,4440.0,3288.1,4024.0,18,1,4023.5,295,2,4023.0,141,2,4022.8,49,4,4022.7,2,1,4024.5,42,1,4024.6,49,2,4024.8,68,3,4024.9,41,1,4025.0,85,3
11483,2026-07-02 11:46:58+05:30,4024.0,2,4042.83,989080,138615.0,155524.0,4100.0,4110.0,4012.0,4092.6,24203200,4501.8,3683.4,4440.0,3288.1,4024.0,15,1,4023.5,295,2,4023.0,141,2,4022.8,49,4,4022.7,2,1,4024.3,11,1,4024.5,48,2,4024.6,42,1,4024.8,125,5,4024.9,91,2
11483,2026-07-02 11:46:59+05:30,4024.0,4,4042.83,989080,138615.0,155524.0,4100.0,4110.0,4012.0,4092.6,24203200,4501.8,3683.4,4440.0,3288.1,4024.0,15,1,4023.5,295,2,4023.0,141,2,4022.8,49,4,4022.7,2,1,4024.3,11,1,4024.5,48,2,4024.6,42,1,4024.8,125,5,4024.9,91,2
11483,2026-07-02 11:46:59+05:30,4024.0,4,4042.83,989194,138900.0,155461.0,4100.0,4110.0,4012.0,4092.6,24203200,4501.8,3683.4,4440.0,3288.1,4024.0,10,1,4023.6,2,1,4023.5,295,2,4023.0,47,2,4022.9,2,1,4024.5,36,1,4024.6,7,1,4024.7,42,1,4024.8,13,1,4024.9,91,2
11483,2026-07-02 11:47:00+05:30,4024.5,1,4042.83,989194,138900.0,155461.0,4100.0,4110.0,4012.0,4092.6,24203200,4501.8,3683.4,4440.0,3288.1,4024.0,10,1,4023.6,2,1,4023.5,295,2,4023.0,47,2,4022.9,2,1,4024.5,36,1,4024.6,7,1,4024.7,42,1,4024.8,13,1,4024.9,91,2
11483,2026-07-02 11:47:00+05:30,4024.2,1,4042.83,989237,138641.0,155940.0,4100.0,4110.0,4012.0,4092.6,24203200,4501.8,3683.4,4440.0,3288.1,4023.5,294,3,4023.1,22,1,4023.0,85,3,4022.9,2,1,4022.8,25,2,4024.2,41,1,4024.5,55,2,4024.6,7,1,4024.9,59,2,4025.0,67,2
11483,2026-07-02 11:47:01+05:30,4024.2,1,4042.83,989237,138641.0,155940.0,4100.0,4110.0,4012.0,4092.6,24203200,4501.8,3683.4,4440.0,3288.1,4023.5,294,3,4023.1,22,1,4023.0,85,3,4022.9,2,1,4022.8,25,2,4024.2,41,1,4024.5,55,2,4024.6,7,1,4024.9,59,2,4025.0,67,2
11483,2026-07-02 11:47:01+05:30,4023.5,10,4042.83,989259,138596.0,155960.0,4100.0,4110.0,4012.0,4092.6,24203200,4501.8,3683.4,4440.0,3288.1,4023.5,277,2,4023.2,2,1,4023.1,24,2,4023.0,47,2,4022.9,2,1,4024.2,34,1,4024.4,42,1,4024.5,13,1,4024.6,7,1,4024.8,50,1
11483,2026-07-02 11:47:02+05:30,4024.2,1,4042.83,989259,138596.0,155960.0,4100.0,4110.0,4012.0,4092.6,24203200,4501.8,3683.4,4440.0,3288.1,4023.5,277,2,4023.2,2,1,4023.1,24,2,4023.0,47,2,4022.9,2,1,4024.2,34,1,4024.4,42,1,4024.5,13,1,4024.6,7,1,4024.8,50,1
11483,2026-07-02 11:47:02+05:30,4024.2,1,4042.83,989263,139125.0,155896.0,4100.0,4110.0,4012.0,4092.6,24203200,4501.8,3683.4,4440.0,3288.1,4024.0,100,1,4023.8,1,1,4023.5,274,2,4023.2,4,2,4023.1,22,1,4024.2,33,1,4024.4,42,1,4024.5,13,1,4024.6,7,1,4024.8,50,1
11483,2026-07-02 11:47:03+05:30,4024.2,1,4042.83,989263,139125.0,155896.0,4100.0,4110.0,4012.0,4092.6,24203200,4501.8,3683.4,4440.0,3288.1,4024.0,100,1,4023.8,1,1,4023.5,274,2,4023.2,4,2,4023.1,22,1,4024.2,33,1,4024.4,42,1,4024.5,13,1,4024.6,7,1,4024.8,50,1
11483,2026-07-02 11:47:03+05:30,4024.2,1,4042.83,989264,139092.0,155952.0,4100.0,4110.0,4012.0,4092.6,24203200,4501.8,3683.4,4440.0,3288.1,4024.0,100,1,4023.8,1,1,4023.5,274,2,4023.4,40,1,4023.3,2,1,4024.2,32,1,4024.4,16,1,4024.5,13,1,4024.6,42,1,4024.7,7,1
11483,2026-07-02 11:47:04+05:30,4024.2,1,4042.83,989264,139092.0,155952.0,4100.0,4110.0,4012.0,4092.6,24203200,4501.8,3683.4,4440.0,3288.1,4024.0,100,1,4023.8,1,1,4023.5,274,2,4023.4,40,1,4023.3,2,1,4024.2,32,1,4024.4,16,1,4024.5,13,1,4024.6,42,1,4024.7,7,1
11483,2026-07-02 11:47:04+05:30,4024.2,1,4042.83,989267,138747.0,155967.0,4100.0,4110.0,4012.0,4092.6,24203200,4501.8,3683.4,4440.0,3288.1,4024.1,2,1,4024.0,100,1,4023.8,1,1,4023.5,274,2,4023.4,40,1,4024.2,30,2,4024.4,16,1,4024.5,20,2,4024.6,42,1,4024.8,33,3
11483,2026-07-02 11:47:05+05:30,4024.2,1,4042.83,989267,138747.0,155967.0,4100.0,4110.0,4012.0,4092.6,24203200,4501.8,3683.4,4440.0,3288.1,4024.1,2,1,4024.0,100,1,4023.8,1,1,4023.5,274,2,4023.4,40,1,4024.2,30,2,4024.4,16,1,4024.5,20,2,4024.6,42,1,4024.8,33,3
11483,2026-07-02 11:47:05+05:30,4024.2,1,4042.83,989299,138698.0,155931.0,4100.0,4110.0,4012.0,4092.6,24203200,4501.8,3683.4,4440.0,3288.1,4024.0,87,1,4023.8,1,1,4023.5,274,2,4023.4,40,1,4023.1,22,1,4024.2,29,2,4024.4,16,1,4024.5,20,2,4024.6,10,1,4024.7,42,1
11483,2026-07-02 11:47:06+05:30,4024.2,1,4042.83,989299,138698.0,155931.0,4100.0,4110.0,4012.0,4092.6,24203200,4501.8,3683.4,4440.0,3288.1,4024.0,87,1,4023.8,1,1,4023.5,274,2,4023.4,40,1,4023.1,22,1,4024.2,29,2,4024.4,16,1,4024.5,20,2,4024.6,10,1,4024.7,42,1
11483,2026-07-02 11:47:06+05:30,4024.2,1,4042.83,989314,138703.0,155854.0,4100.0,4110.0,4012.0,4092.6,24203200,4501.8,3683.4,4440.0,3288.1,4024.2,1,1,4024.0,83,1,4023.8,1,1,4023.5,274,2,4023.4,40,1,4024.4,16,1,4024.5,7,1,4024.6,10,1,4024.8,20,2,4024.9,16,2
11483,2026-07-02 11:47:06+05:30,4024.2,1,4042.83,989318,138708.0,155802.0,4100.0,4110.0,4012.0,4092.6,24203200,4501.8,3683.4,4440.0,3288.1,4024.2,1,1,4024.0,83,1,4023.8,1,1,4023.5,274,2,4023.4,40,1,4024.4,15,1,4024.5,7,1,4024.6,10,1,4024.8,7,1,4024.9,1,1
11483,2026-07-02 11:47:07+05:30,4024.4,2,4042.83,989318,138708.0,155802.0,4100.0,4110.0,4012.0,4092.6,24203200,4501.8,3683.4,4440.0,3288.1,4024.2,1,1,4024.0,83,1,4023.8,1,1,4023.5,274,2,4023.4,40,1,4024.4,15,1,4024.5,7,1,4024.6,10,1,4024.8,7,1,4024.9,1,1
11483,2026-07-02 11:47:07+05:30,4022.7,1,4042.81,990075,136005.0,157898.0,4100.0,4110.0,4012.0,4092.6,24203200,4501.8,3683.4,4440.0,3288.1,4022.1,2,1,4022.0,556,3,4021.8,10,1,4021.7,71,3,4021.6,1,1,4022.7,181,2,4023.1,28,2,4023.2,11,1,4023.3,20,2,4023.5,13,1
11483,2026-07-02 11:47:08+05:30,4022.0,113,4042.81,990075,136005.0,157898.0,4100.0,4110.0,4012.0,4092.6,24203200,4501.8,3683.4,4440.0,3288.1,4022.1,2,1,4022.0,556,3,4021.8,10,1,4021.7,71,3,4021.6,1,1,4022.7,181,2,4023.1,28,2,4023.2,11,1,4023.3,20,2,4023.5,13,1
11483,2026-07-02 11:47:08+05:30,4022.1,1,4042.8,990634,135334.0,158332.0,4100.0,4110.0,4012.0,4092.6,24203200,4501.8,3683.4,4440.0,3288.1,4021.8,10,1,4021.7,71,3,4021.6,1,1,4021.5,57,3,4021.2,2,1,4022.1,24,2,4022.6,9,1,4022.7,17,2,4023.0,71,3,4023.1,63,4
11483,2026-07-02 11:47:09+05:30,4021.8,2,4042.8,990634,135334.0,158332.0,4100.0,4110.0,4012.0,4092.6,24203200,4501.8,3683.4,4440.0,3288.1,4021.8,10,1,4021.7,71,3,4021.6,1,1,4021.5,57,3,4021.2,2,1,4022.1,24,2,4022.6,9,1,4022.7,17,2,4023.0,71,3,4023.1,63,4
11483,2026-07-02 11:47:09+05:30,4021.8,1,4042.8,990824,135541.0,158595.0,4100.0,4110.0,4012.0,4092.6,24203200,4501.8,3683.4,4440.0,3288.1,4021.0,64,5,4020.9,14,1,4020.8,4,2,4020.7,1,1,4020.6,38,2,4021.8,3,2,4022.1,24,2,4022.7,17,2,4022.8,4,1,4022.9,39,2
11483,2026-07-02 11:47:10+05:30,4021.0,22,4042.8,990824,135541.0,158595.0,4100.0,4110.0,4012.0,4092.6,24203200,4501.8,3683.4,4440.0,3288.1,4021.0,64,5,4020.9,14,1,4020.8,4,2,4020.7,1,1,4020.6,38,2,4021.8,3,2,4022.1,24,2,4022.7,17,2,4022.8,4,1,4022.9,39,2
11483,2026-07-02 11:47:10+05:30,4021.0,1,4042.79,990853,136025.0,158588.0,4100.0,4110.0,4012.0,4092.6,24203200,4501.8,3683.4,4440.0,3288.1,4020.9,12,1,4020.8,17,2,4020.7,17,2,4020.6,57,4,4020.5,33,2,4021.8,2,2,4022.1,24,2,4022.7,17,2,4022.8,4,1,4022.9,39,2
11483,2026-07-02 11:47:11+05:30,4020.9,3,4042.79,990853,136025.0,158588.0,4100.0,4110.0,4012.0,4092.6,24203200,4501.8,3683.4,4440.0,3288.1,4020.9,12,1,4020.8,17,2,4020.7,17,2,4020.6,57,4,4020.5,33,2,4021.8,2,2,4022.1,24,2,4022.7,17,2,4022.8,4,1,4022.9,39,2
11483,2026-07-02 11:47:11+05:30,4020.9,3,4042.79,990857,136012.0,158696.0,4100.0,4110.0,4012.0,4092.6,24203200,4501.8,3683.4,4440.0,3288.1,4021.0,22,2,4020.9,27,3,4020.8,20,3,4020.7,1,1,4020.6,49,4,4021.8,8,2,4022.1,7,1,4022.4,5,1,4022.7,17,2,4022.8,4,1
11483,2026-07-02 11:47:12+05:30,4021.8,1,4042.79,990857,136012.0,158696.0,4100.0,4110.0,4012.0,4092.6,24203200,4501.8,3683.4,4440.0,3288.1,4021.0,22,2,4020.9,27,3,4020.8,20,3,4020.7,1,1,4020.6,49,4,4021.8,8,2,4022.1,7,1,4022.4,5,1,4022.7,17,2,4022.8,4,1
11483,2026-07-02 11:47:12+05:30,4022.6,16,4042.79,991071,135592.0,158605.0,4100.0,4110.0,4012.0,4092.6,24203200,4501.8,3683.4,4440.0,3288.1,4021.4,1,1,4020.8,2,1,4020.7,42,2,4020.6,20,1,4020.5,9,1,4022.4,9,1,4022.5,17,2,4022.6,10,2,4022.7,17,2,4022.8,88,3
11483,2026-07-02 11:47:13+05:30,4021.4,4,4042.79,991071,135592.0,158605.0,4100.0,4110.0,4012.0,4092.6,24203200,4501.8,3683.4,4440.0,3288.1,4021.4,1,1,4020.8,2,1,4020.7,42,2,4020.6,20,1,4020.5,9,1,4022.4,9,1,4022.5,17,2,4022.6,10,2,4022.7,17,2,4022.8,88,3
11483,2026-07-02 11:47:13+05:30,4022.4,4,4042.79,991125,135458.0,158652.0,4100.0,4110.0,4012.0,4092.6,24203200,4501.8,3683.4,4440.0,3288.1,4021.0,1,1,4020.9,1,1,4020.8,2,1,4020.7,11,2,4020.6,32,2,4022.1,16,2,4022.2,23,2,4022.3,15,2,4022.4,24,3,4022.5,59,5
11483,2026-07-02 11:47:14+05:30,4020.8,1,4042.79,991125,135458.0,158652.0,4100.0,4110.0,4012.0,4092.6,24203200,4501.8,3683.4,4440.0,3288.1,4021.0,1,1,4020.9,1,1,4020.8,2,1,4020.7,11,2,4020.6,32,2,4022.1,16,2,4022.2,23,2,4022.3,15,2,4022.4,24,3,4022.5,59,5
11483,2026-07-02 11:47:14+05:30,4020.9,3,4042.79,991139,135455.0,157800.0,4100.0,4110.0,4012.0,4092.6,24203200,4501.8,3683.4,4440.0,3288.1,4020.9,51,4,4020.8,34,3,4020.7,78,4,4020.6,74,5,4020.5,30,3,4022.3,8,1,4022.4,1,1,4022.5,9,1,4022.7,5,1,4023.0,4,1
11483,2026-07-02 11:47:15+05:30,4020.9,2,4042.79,991139,135455.0,157800.0,4100.0,4110.0,4012.0,4092.6,24203200,4501.8,3683.4,4440.0,3288.1,4020.9,51,4,4020.8,34,3,4020.7,78,4,4020.6,74,5,4020.5,30,3,4022.3,8,1,4022.4,1,1,4022.5,9,1,4022.7,5,1,4023.0,4,1
11483,2026-07-02 11:47:15+05:30,4020.9,2,4042.79,991141,136752.0,157550.0,4100.0,4110.0,4012.0,4092.6,24203200,4501.8,3683.4,4440.0,3288.1,4021.5,10,1,4021.4,5,3,4021.3,34,4,4021.2,3,1,4021.1,22,3,4022.4,1,1,4022.7,5,1,4023.3,14,2,4023.4,31,1,4023.5,59,1
11483,2026-07-02 11:47:16+05:30,4020.9,2,4042.79,991141,136793.0,157524.0,4100.0,4110.0,4012.0,4092.6,24203200,4501.8,3683.4,4440.0,3288.1,4021.5,23,2,4021.4,5,3,4021.3,21,3,4021.2,3,1,4021.1,47,4,4022.4,1,1,4022.7,5,1,4023.4,31,1,4023.6,56,4,4023.7,74,2
11483,2026-07-02 11:47:17+05:30,4020.9,2,4042.79,991141,136829.0,157524.0,4100.0,4110.0,4012.0,4092.6,24203200,4501.8,3683.4,4440.0,3288.1,4021.5,35,4,4021.4,20,4,4021.3,21,3,4021.2,33,4,4021.1,38,3,4022.4,1,1,4022.7,5,1,4023.4,31,1,4023.6,56,4,4023.7,32,1
11483,2026-07-02 11:47:18+05:30,4021.5,2,4042.79,991143,136813.0,157643.0,4100.0,4110.0,4012.0,4092.6,24203200,4501.8,3683.4,4440.0,3288.1,4021.5,21,2,4021.4,2,2,4021.3,10,1,4021.2,3,1,4021.1,38,3,4022.6,8,1,4022.7,5,1,4023.2,9,1,4023.3,50,1,4023.4,63,3
11483,2026-07-02 11:47:19+05:30,4021.5,2,4042.79,991143,136813.0,157643.0,4100.0,4110.0,4012.0,4092.6,24203200,4501.8,3683.4,4440.0,3288.1,4021.5,21,2,4021.4,2,2,4021.3,10,1,4021.2,3,1,4021.1,38,3,4022.6,8,1,4022.7,5,1,4023.2,9,1,4023.3,50,1,4023.4,63,3
11483,2026-07-02 11:47:19+05:30,4022.6,1,4042.79,991145,136863.0,157874.0,4100.0,4110.0,4012.0,4092.6,24203200,4501.8,3683.4,4440.0,3288.1,4021.5,21,2,4021.4,2,2,4021.3,10,1,4021.2,3,1,4021.1,107,5,4022.6,6,1,4022.7,5,1,4023.1,12,2,4023.2,35,2,4023.3,110,3
11483,2026-07-02 11:47:20+05:30,4022.6,1,4042.79,991145,136863.0,157874.0,4100.0,4110.0,4012.0,4092.6,24203200,4501.8,3683.4,4440.0,3288.1,4021.5,21,2,4021.4,2,2,4021.3,10,1,4021.2,3,1,4021.1,107,5,4022.6,6,1,4022.7,5,1,4023.1,12,2,4023.2,35,2,4023.3,110,3
11483,2026-07-02 11:47:20+05:30,4022.6,1,4042.79,991145,136815.0,157116.0,4100.0,4110.0,4012.0,4092.6,24203200,4501.8,3683.4,4440.0,3288.1,4021.8,47,3,4021.5,21,2,4021.4,2,2,4021.3,10,1,4021.2,3,1,4023.0,10,2,4023.2,10,2,4023.3,42,3,4023.4,61,2,4023.5,175,1
11483,2026-07-02 11:47:21+05:30,4022.6,4,4042.79,991149,136957.0,157696.0,4100.0,4110.0,4012.0,4092.6,24203200,4501.8,3683.4,4440.0,3288.1,4021.8,38,2,4021.5,21,2,4021.4,2,2,4021.3,10,1,4021.2,3,1,4022.6,171,1,4023.0,15,2,4023.1,7,1,4023.2,50,3,4023.3,242,5
11483,2026-07-02 11:47:22+05:30,4021.8,1,4042.79,991149,136957.0,157696.0,4100.0,4110.0,4012.0,4092.6,24203200,4501.8,3683.4,4440.0,3288.1,4021.8,38,2,4021.5,21,2,4021.4,2,2,4021.3,10,1,4021.2,3,1,4022.6,171,1,4023.0,15,2,4023.1,7,1,4023.2,50,3,4023.3,242,5
11483,2026-07-02 11:47:22+05:30,4021.8,1,4042.79,991150,136815.0,157674.0,4100.0,4110.0,4012.0,4092.6,24203200,4501.8,3683.4,4440.0,3288.1,4022.2,1,1,4021.8,37,2,4021.5,21,2,4021.4,2,2,4021.3,10,1,4022.6,171,1,4023.0,15,2,4023.1,7,1,4023.2,49,2,4023.3,209,5
11483,2026-07-02 11:47:23+05:30,4021.8,1,4042.79,991150,136826.0,157768.0,4100.0,4110.0,4012.0,4092.6,24203200,4501.8,3683.4,4440.0,3288.1,4022.2,1,1,4022.0,20,1,4021.8,37,2,4021.5,21,2,4021.4,2,2,4022.6,172,2,4023.0,15,2,4023.1,7,1,4023.2,49,2,4023.3,209,5
11483,2026-07-02 11:47:24+05:30,4022.6,2,4042.79,991150,136826.0,157768.0,4100.0,4110.0,4012.0,4092.6,24203200,4501.8,3683.4,4440.0,3288.1,4022.2,1,1,4022.0,20,1,4021.8,37,2,4021.5,21,2,4021.4,2,2,4022.6,172,2,4023.0,15,2,4023.1,7,1,4023.2,49,2,4023.3,209,5
11483,2026-07-02 11:47:24+05:30,4022.6,2,4042.79,991154,136815.0,157796.0,4100.0,4110.0,4012.0,4092.6,24203200,4501.8,3683.4,4440.0,3288.1,4022.2,1,1,4022.0,20,1,4021.8,37,2,4021.5,21,2,4021.4,2,2,4022.6,168,2,4023.0,15,2,4023.1,7,1,4023.2,49,2,4023.3,209,5
11483,2026-07-02 11:47:25+05:30,4022.6,50,4042.79,991154,136815.0,157796.0,4100.0,4110.0,4012.0,4092.6,24203200,4501.8,3683.4,4440.0,3288.1,4022.2,1,1,4022.0,20,1,4021.8,37,2,4021.5,21,2,4021.4,2,2,4022.6,168,2,4023.0,15,2,4023.1,7,1,4023.2,49,2,4023.3,209,5
11483,2026-07-02 11:47:25+05:30,4022.6,50,4042.79,991229,136770.0,157726.0,4100.0,4110.0,4012.0,4092.6,24203200,4501.8,3683.4,4440.0,3288.1,4021.8,34,2,4021.5,21,2,4021.4,2,2,4021.3,19,2,4021.2,3,1,4022.6,118,2,4023.0,15,2,4023.1,7,1,4023.2,49,2,4023.3,209,5
11483,2026-07-02 11:47:26+05:30,4022.6,7,4042.79,991229,136770.0,157726.0,4100.0,4110.0,4012.0,4092.6,24203200,4501.8,3683.4,4440.0,3288.1,4021.8,34,2,4021.5,21,2,4021.4,2,2,4021.3,19,2,4021.2,3,1,4022.6,118,2,4023.0,15,2,4023.1,7,1,4023.2,49,2,4023.3,209,5
11483,2026-07-02 11:47:26+05:30,4022.5,1,4042.79,991252,136696.0,157490.0,4100.0,4110.0,4012.0,4092.6,24203200,4501.8,3683.4,4440.0,3288.1,4021.8,25,2,4021.5,21,2,4021.3,10,1,4021.2,3,1,4021.1,39,3,4022.5,103,1,4022.6,1,1,4022.9,2,1,4023.0,15,2,4023.1,7,1
11483,2026-07-02 11:47:27+05:30,4021.8,3,4042.79,991252,136696.0,157490.0,4100.0,4110.0,4012.0,4092.6,24203200,4501.8,3683.4,4440.0,3288.1,4021.8,25,2,4021.5,21,2,4021.3,10,1,4021.2,3,1,4021.1,39,3,4022.5,103,1,4022.6,1,1,4022.9,2,1,4023.0,15,2,4023.1,7,1
11483,2026-07-02 11:47:27+05:30,4022.5,1,4042.79,991256,136703.0,157537.0,4100.0,4110.0,4012.0,4092.6,24203200,4501.8,3683.4,4440.0,3288.1,4021.8,22,2,4021.5,21,2,4021.3,10,1,4021.2,5,2,4021.1,57,4,4022.5,102,1,4022.6,1,1,4022.9,1,1,4023.0,6,1,4023.1,7,1
11483,2026-07-02 11:47:28+05:30,4021.8,1,4042.79,991256,136703.0,157537.0,4100.0,4110.0,4012.0,4092.6,24203200,4501.8,3683.4,4440.0,3288.1,4021.8,22,2,4021.5,21,2,4021.3,10,1,4021.2,5,2,4021.1,57,4,4022.5,102,1,4022.6,1,1,4022.9,1,1,4023.0,6,1,4023.1,7,1
11483,2026-07-02 11:47:28+05:30,4021.5,1,4042.78,991435,136766.0,157601.0,4100.0,4110.0,4012.0,4092.6,24203200,4501.8,3683.4,4440.0,3288.1,4021.9,43,5,4021.8,15,3,4021.7,35,5,4021.6,22,3,4021.5,46,4,4022.5,101,1,4023.2,1,1,4023.4,34,3,4023.6,35,2,4023.7,48,1
11483,2026-07-02 11:47:29+05:30,4022.4,3,4042.78,991435,136766.0,157601.0,4100.0,4110.0,4012.0,4092.6,24203200,4501.8,3683.4,4440.0,3288.1,4021.9,43,5,4021.8,15,3,4021.7,35,5,4021.6,22,3,4021.5,46,4,4022.5,101,1,4023.2,1,1,4023.4,34,3,4023.6,35,2,4023.7,48,1
11483,2026-07-02 11:47:29+05:30,4022.4,9,4042.78,991551,137358.0,157239.0,4100.0,4110.0,4012.0,4092.6,24203200,4501.8,3683.4,4440.0,3288.1,4022.4,34,5,4022.3,57,6,4022.2,51,3,4022.1,47,4,4022.0,17,3,4023.9,2,1,4024.0,197,2,4024.1,7,2,4024.2,66,4,4024.3,181,2
11483,2026-07-02 11:47:30+05:30,4022.4,4,4042.78,991551,137358.0,157239.0,4100.0,4110.0,4012.0,4092.6,24203200,4501.8,3683.4,4440.0,3288.1,4022.4,34,5,4022.3,57,6,4022.2,51,3,4022.1,47,4,4022.0,17,3,4023.9,2,1,4024.0,197,2,4024.1,7,2,4024.2,66,4,4024.3,181,2
11483,2026-07-02 11:47:30+05:30,4022.4,4,4042.78,991586,137991.0,155055.0,4100.0,4110.0,4012.0,4092.6,24203200,4501.8,3683.4,4440.0,3288.1,4022.6,36,4,4022.5,40,5,4022.4,69,4,4022.3,73,6,4022.2,10,3,4023.9,1,1,4024.0,175,1,4024.2,11,1,4024.4,13,1,4024.5,14,2
11483,2026-07-02 11:47:31+05:30,4022.6,1,4042.78,991586,137991.0,155055.0,4100.0,4110.0,4012.0,4092.6,24203200,4501.8,3683.4,4440.0,3288.1,4022.6,36,4,4022.5,40,5,4022.4,69,4,4022.3,73,6,4022.2,10,3,4023.9,1,1,4024.0,175,1,4024.2,11,1,4024.4,13,1,4024.5,14,2
11483,2026-07-02 11:47:31+05:30,4022.6,1,4042.78,991590,137698.0,157072.0,4100.0,4110.0,4012.0,4092.6,24203200,4501.8,3683.4,4440.0,3288.1,4022.9,15,3,4022.5,5,1,4022.4,20,2,4022.3,3,1,4022.2,10,3,4023.8,6,1,4023.9,12,4,4024.0,190,2,4024.1,1,1,4024.2,19,2
11483,2026-07-02 11:47:32+05:30,4022.9,1,4042.78,991590,137698.0,157072.0,4100.0,4110.0,4012.0,4092.6,24203200,4501.8,3683.4,4440.0,3288.1,4022.9,15,3,4022.5,5,1,4022.4,20,2,4022.3,3,1,4022.2,10,3,4023.8,6,1,4023.9,12,4,4024.0,190,2,4024.1,1,1,4024.2,19,2
11483,2026-07-02 11:47:32+05:30,4021.4,55,4042.77,991812,136979.0,157332.0,4100.0,4110.0,4012.0,4092.6,24203200,4501.8,3683.4,4440.0,3288.1,4022.1,13,1,4021.7,15,1,4021.6,32,1,4021.5,48,3,4021.4,29,1,4023.7,9,2,4023.8,14,3,4023.9,72,6,4024.0,230,5,4024.1,8,1
11483,2026-07-02 11:47:33+05:30,4022.1,3,4042.77,991812,136979.0,157332.0,4100.0,4110.0,4012.0,4092.6,24203200,4501.8,3683.4,4440.0,3288.1,4022.1,13,1,4021.7,15,1,4021.6,32,1,4021.5,48,3,4021.4,29,1,4023.7,9,2,4023.8,14,3,4023.9,72,6,4024.0,230,5,4024.1,8,1
11483,2026-07-02 11:47:33+05:30,4022.1,3,4042.77,991831,136959.0,157969.0,4100.0,4110.0,4012.0,4092.6,24203200,4501.8,3683.4,4440.0,3288.1,4021.8,12,1,4021.7,41,2,4021.6,23,3,4021.5,9,1,4021.3,49,3,4022.1,3,1,4023.5,25,1,4023.6,86,3,4023.7,50,3,4023.8,35,4
11483,2026-07-02 11:47:34+05:30,4021.8,3,4042.77,991831,136959.0,157969.0,4100.0,4110.0,4012.0,4092.6,24203200,4501.8,3683.4,4440.0,3288.1,4021.8,12,1,4021.7,41,2,4021.6,23,3,4021.5,9,1,4021.3,49,3,4022.1,3,1,4023.5,25,1,4023.6,86,3,4023.7,50,3,4023.8,35,4
11483,2026-07-02 11:47:34+05:30,4022.2,1,4042.77,991842,137491.0,157266.0,4100.0,4110.0,4012.0,4092.6,24203200,4501.8,3683.4,4440.0,3288.1,4022.2,31,1,4022.1,40,4,4022.0,18,1,4021.9,17,4,4021.8,23,2,4023.6,6,1,4023.7,1,1,4023.9,178,3,4024.0,8,1,4024.2,60,4
11483,2026-07-02 11:47:35+05:30,4023.6,4,4042.77,991842,137491.0,157266.0,4100.0,4110.0,4012.0,4092.6,24203200,4501.8,3683.4,4440.0,3288.1,4022.2,31,1,4022.1,40,4,4022.0,18,1,4021.9,17,4,4021.8,23,2,4023.6,6,1,4023.7,1,1,4023.9,178,3,4024.0,8,1,4024.2,60,4
11483,2026-07-02 11:47:35+05:30,4023.7,1,4042.77,991848,138396.0,156937.0,4100.0,4110.0,4012.0,4092.6,24203200,4501.8,3683.4,4440.0,3288.1,4022.6,26,2,4022.4,32,1,4022.3,17,1,4022.2,12,2,4022.1,5,1,4023.9,176,2,4024.0,3,1,4024.2,11,1,4024.4,13,1,4024.5,19,3
11483,2026-07-02 11:47:36+05:30,4022.6,1,4042.77,991848,138396.0,156937.0,4100.0,4110.0,4012.0,4092.6,24203200,4501.8,3683.4,4440.0,3288.1,4022.6,26,2,4022.4,32,1,4022.3,17,1,4022.2,12,2,4022.1,5,1,4023.9,176,2,4024.0,3,1,4024.2,11,1,4024.4,13,1,4024.5,19,3
11483,2026-07-02 11:47:36+05:30,4022.6,1,4042.77,991849,138218.0,157282.0,4100.0,4110.0,4012.0,4092.6,24203200,4501.8,3683.4,4440.0,3288.1,4022.6,13,1,4022.1,18,2,4022.0,18,1,4021.9,4,2,4021.8,14,1,4023.8,40,5,4023.9,177,3,4024.0,4,2,4024.1,23,1,4024.2,106,5
11483,2026-07-02 11:47:37+05:30,4023.6,5,4042.77,991867,137724.0,157421.0,4100.0,4110.0,4012.0,4092.6,24203200,4501.8,3683.4,4440.0,3288.1,4022.1,31,3,4021.9,2,1,4021.7,29,1,4021.6,23,2,4021.4,45,3,4023.6,21,3,4023.7,176,2,4023.8,32,4,4023.9,35,5,4024.0,3,1
11483,2026-07-02 11:47:38+05:30,4022.1,2,4042.77,991867,137724.0,157421.0,4100.0,4110.0,4012.0,4092.6,24203200,4501.8,3683.4,4440.0,3288.1,4022.1,31,3,4021.9,2,1,4021.7,29,1,4021.6,23,2,4021.4,45,3,4023.6,21,3,4023.7,176,2,4023.8,32,4,4023.9,35,5,4024.0,3,1
11483,2026-07-02 11:47:38+05:30,4023.7,9,4042.77,991879,138164.0,157481.0,4100.0,4110.0,4012.0,4092.6,24203200,4501.8,3683.4,4440.0,3288.1,4022.1,15,2,4022.0,37,3,4021.9,49,3,4021.8,28,2,4021.7,45,2,4023.7,166,1,4023.8,15,2,4024.0,3,1,4024.1,9,2,4024.2,45,3
11483,2026-07-02 11:47:39+05:30,4023.7,1,4042.77,991879,138164.0,157481.0,4100.0,4110.0,4012.0,4092.6,24203200,4501.8,3683.4,4440.0,3288.1,4022.1,15,2,4022.0,37,3,4021.9,49,3,4021.8,28,2,4021.7,45,2,4023.7,166,1,4023.8,15,2,4024.0,3,1,4024.1,9,2,4024.2,45,3
11483,2026-07-02 11:47:39+05:30,4023.7,1,4042.77,991882,138180.0,157483.0,4100.0,4110.0,4012.0,4092.6,24203200,4501.8,3683.4,4440.0,3288.1,4022.1,14,2,4022.0,37,3,4021.9,49,3,4021.8,26,1,4021.7,47,3,4023.7,164,1,4023.8,15,2,4024.0,3,1,4024.1,9,2,4024.2,45,3
11483,2026-07-02 11:47:40+05:30,4022.1,1,4042.77,991882,138180.0,157483.0,4100.0,4110.0,4012.0,4092.6,24203200,4501.8,3683.4,4440.0,3288.1,4022.1,14,2,4022.0,37,3,4021.9,49,3,4021.8,26,1,4021.7,47,3,4023.7,164,1,4023.8,15,2,4024.0,3,1,4024.1,9,2,4024.2,45,3
11483,2026-07-02 11:47:40+05:30,4022.1,1,4042.77,991883,138839.0,157486.0,4100.0,4110.0,4012.0,4092.6,24203200,4501.8,3683.4,4440.0,3288.1,4022.1,22,2,4022.0,44,2,4021.9,66,4,4021.8,26,1,4021.7,47,3,4023.7,164,1,4023.8,15,2,4024.0,3,1,4024.1,9,2,4024.2,45,3
11483,2026-07-02 11:47:41+05:30,4023.6,7,4042.77,991883,138839.0,157486.0,4100.0,4110.0,4012.0,4092.6,24203200,4501.8,3683.4,4440.0,3288.1,4022.1,22,2,4022.0,44,2,4021.9,66,4,4021.8,26,1,4021.7,47,3,4023.7,164,1,4023.8,15,2,4024.0,3,1,4024.1,9,2,4024.2,45,3
11483,2026-07-02 11:47:41+05:30,4023.6,7,4042.77,991893,138477.0,157768.0,4100.0,4110.0,4012.0,4092.6,24203200,4501.8,3683.4,4440.0,3288.1,4022.1,12,1,4022.0,34,1,4021.9,2,1,4021.7,29,1,4021.6,1,1,4023.2,14,3,4023.3,6,2,4023.4,13,2,4023.5,29,4,4023.6,13,3
11483,2026-07-02 11:47:42+05:30,4022.1,1,4042.77,991893,138477.0,157768.0,4100.0,4110.0,4012.0,4092.6,24203200,4501.8,3683.4,4440.0,3288.1,4022.1,12,1,4022.0,34,1,4021.9,2,1,4021.7,29,1,4021.6,1,1,4023.2,14,3,4023.3,6,2,4023.4,13,2,4023.5,29,4,4023.6,13,3
11483,2026-07-02 11:47:42+05:30,4022.1,1,4042.77,991894,138795.0,157946.0,4100.0,4110.0,4012.0,4092.6,24203200,4501.8,3683.4,4440.0,3288.1,4022.7,1,1,4022.1,11,1,4022.0,34,1,4021.9,2,1,4021.6,1,1,4023.1,14,3,4023.2,14,3,4023.3,6,2,4023.4,13,2,4023.5,29,4
11483,2026-07-02 11:47:42+05:30,4022.1,1,4042.77,991894,138795.0,157946.0,4100.0,4110.0,4012.0,4092.6,24203200,4501.8,3683.4,4440.0,3288.1,4022.7,1,1,4022.1,11,1,4022.0,34,1,4021.9,2,1,4021.6,1,1,4023.1,14,3,4023.2,14,3,4023.3,6,2,4023.4,13,2,4023.5,29,4
11483,2026-07-02 11:47:43+05:30,4022.1,1,4042.77,991894,138795.0,157946.0,4100.0,4110.0,4012.0,4092.6,24203200,4501.8,3683.4,4440.0,3288.1,4022.7,1,1,4022.1,11,1,4022.0,34,1,4021.9,2,1,4021.6,1,1,4023.1,14,3,4023.2,14,3,4023.3,6,2,4023.4,13,2,4023.5,29,4
11483,2026-07-02 11:47:43+05:30,4022.1,1,4042.77,991894,138825.0,158116.0,4100.0,4110.0,4012.0,4092.6,24203200,4501.8,3683.4,4440.0,3288.1,4022.7,1,1,4022.1,11,1,4022.0,34,1,4021.9,2,1,4021.6,1,1,4023.2,18,4,4023.3,7,3,4023.4,13,2,4023.5,29,4,4023.6,53,4
11483,2026-07-02 11:47:44+05:30,4022.1,1,4042.77,991894,138825.0,158116.0,4100.0,4110.0,4012.0,4092.6,24203200,4501.8,3683.4,4440.0,3288.1,4022.7,1,1,4022.1,11,1,4022.0,34,1,4021.9,2,1,4021.6,1,1,4023.2,18,4,4023.3,7,3,4023.4,13,2,4023.5,29,4,4023.6,53,4
11483,2026-07-02 11:47:44+05:30,4022.1,1,4042.77,991894,138825.0,158116.0,4100.0,4110.0,4012.0,4092.6,24203200,4501.8,3683.4,4440.0,3288.1,4022.7,1,1,4022.1,11,1,4022.0,34,1,4021.9,2,1,4021.6,1,1,4023.2,18,4,4023.3,7,3,4023.4,13,2,4023.5,29,4,4023.6,53,4
11483,2026-07-02 11:47:44+05:30,4022.1,1,4042.77,991898,138454.0,158162.0,4100.0,4110.0,4012.0,4092.6,24203200,4501.8,3683.4,4440.0,3288.1,4022.1,10,1,4022.0,34,1,4021.9,2,1,4021.6,1,1,4021.4,16,1,4023.2,14,3,4023.3,7,3,4023.4,13,2,4023.5,28,3,4023.6,99,6
11483,2026-07-02 11:47:45+05:30,4022.1,1,4042.77,991898,138454.0,158162.0,4100.0,4110.0,4012.0,4092.6,24203200,4501.8,3683.4,4440.0,3288.1,4022.1,10,1,4022.0,34,1,4021.9,2,1,4021.6,1,1,4021.4,16,1,4023.2,14,3,4023.3,7,3,4023.4,13,2,4023.5,28,3,4023.6,99,6
11483,2026-07-02 11:47:45+05:30,4022.1,1,4042.77,991898,138454.0,158162.0,4100.0,4110.0,4012.0,4092.6,24203200,4501.8,3683.4,4440.0,3288.1,4022.1,10,1,4022.0,34,1,4021.9,2,1,4021.6,1,1,4021.4,16,1,4023.2,14,3,4023.3,7,3,4023.4,13,2,4023.5,28,3,4023.6,99,6
11483,2026-07-02 11:47:45+05:30,4023.5,4,4042.77,992052,138261.0,158091.0,4100.0,4110.0,4012.0,4092.6,24203200,4501.8,3683.4,4440.0,3288.1,4022.0,31,1,4021.9,2,1,4021.6,1,1,4021.3,22,2,4021.2,30,2,4023.3,4,2,4023.4,3,1,4023.5,51,4,4023.6,15,3,4023.7,165,2
11483,2026-07-02 11:47:45+05:30,4023.5,4,4042.77,992052,138261.0,158091.0,4100.0,4110.0,4012.0,4092.6,24203200,4501.8,3683.4,4440.0,3288.1,4022.0,31,1,4021.9,2,1,4021.6,1,1,4021.3,22,2,4021.2,30,2,4023.3,4,2,4023.4,3,1,4023.5,51,4,4023.6,15,3,4023.7,165,2
11483,2026-07-02 11:47:46+05:30,4023.2,1,4042.77,992052,138261.0,158091.0,4100.0,4110.0,4012.0,4092.6,24203200,4501.8,3683.4,4440.0,3288.1,4022.0,31,1,4021.9,2,1,4021.6,1,1,4021.3,22,2,4021.2,30,2,4023.3,4,2,4023.4,3,1,4023.5,51,4,4023.6,15,3,4023.7,165,2
11483,2026-07-02 11:47:46+05:30,4023.2,1,4042.77,992052,138261.0,158091.0,4100.0,4110.0,4012.0,4092.6,24203200,4501.8,3683.4,4440.0,3288.1,4022.0,31,1,4021.9,2,1,4021.6,1,1,4021.3,22,2,4021.2,30,2,4023.3,4,2,4023.4,3,1,4023.5,51,4,4023.6,15,3,4023.7,165,2
11483,2026-07-02 11:47:46+05:30,4023.2,1,4042.77,992082,139115.0,158175.0,4100.0,4110.0,4012.0,4092.6,24203200,4501.8,3683.4,4440.0,3288.1,4022.0,13,1,4021.9,39,3,4021.8,800,1,4021.7,2,1,4021.6,23,2,4023.5,175,1,4023.6,13,3,4023.7,164,1,4023.8,49,4,4023.9,42,3
11483,2026-07-02 11:47:46+05:30,4023.2,1,4042.77,992082,139115.0,158175.0,4100.0,4110.0,4012.0,4092.6,24220350,4501.8,3683.4,4440.0,3288.1,4022.0,13,1,4021.9,39,3,4021.8,800,1,4021.7,2,1,4021.6,23,2,4023.5,175,1,4023.6,13,3,4023.7,164,1,4023.8,49,4,4023.9,42,3
11483,2026-07-02 11:47:47+05:30,4022.0,4,4042.77,992082,139115.0,158175.0,4100.0,4110.0,4012.0,4092.6,24220350,4501.8,3683.4,4440.0,3288.1,4022.0,13,1,4021.9,39,3,4021.8,800,1,4021.7,2,1,4021.6,23,2,4023.5,175,1,4023.6,13,3,4023.7,164,1,4023.8,49,4,4023.9,42,3
11483,2026-07-02 11:47:47+05:30,4022.0,4,4042.77,992082,139115.0,158175.0,4100.0,4110.0,4012.0,4092.6,24220350,4501.8,3683.4,4440.0,3288.1,4022.0,13,1,4021.9,39,3,4021.8,800,1,4021.7,2,1,4021.6,23,2,4023.5,175,1,4023.6,13,3,4023.7,164,1,4023.8,49,4,4023.9,42,3
11483,2026-07-02 11:47:47+05:30,4022.0,4,4042.77,992086,139155.0,158194.0,4100.0,4110.0,4012.0,4092.6,24220350,4501.8,3683.4,4440.0,3288.1,4022.0,9,1,4021.9,23,2,4021.8,800,1,4021.7,18,2,4021.6,23,2,4023.0,164,1,4023.5,175,1,4023.6,13,3,4023.8,49,4,4023.9,42,3
11483,2026-07-02 11:47:47+05:30,4022.0,4,4042.77,992086,139155.0,158194.0,4100.0,4110.0,4012.0,4092.6,24220350,4501.8,3683.4,4440.0,3288.1,4022.0,9,1,4021.9,23,2,4021.8,800,1,4021.7,18,2,4021.6,23,2,4023.0,164,1,4023.5,175,1,4023.6,13,3,4023.8,49,4,4023.9,42,3
11483,2026-07-02 11:47:48+05:30,4022.0,4,4042.77,992086,139155.0,158194.0,4100.0,4110.0,4012.0,4092.6,24220350,4501.8,3683.4,4440.0,3288.1,4022.0,9,1,4021.9,23,2,4021.8,800,1,4021.7,18,2,4021.6,23,2,4023.0,164,1,4023.5,175,1,4023.6,13,3,4023.8,49,4,4023.9,42,3
11483,2026-07-02 11:47:48+05:30,4023.0,25,4042.77,992111,139120.0,158195.0,4100.0,4110.0,4012.0,4092.6,24220350,4501.8,3683.4,4440.0,3288.1,4022.0,9,1,4021.9,23,2,4021.8,800,1,4021.7,2,1,4021.6,23,2,4023.0,139,1,4023.5,183,2,4023.6,13,3,4023.8,49,4,4023.9,20,2
11483,2026-07-02 11:47:49+05:30,4023.0,3,4042.77,992111,139120.0,158195.0,4100.0,4110.0,4012.0,4092.6,24220350,4501.8,3683.4,4440.0,3288.1,4022.0,9,1,4021.9,23,2,4021.8,800,1,4021.7,2,1,4021.6,23,2,4023.0,139,1,4023.5,183,2,4023.6,13,3,4023.8,49,4,4023.9,20,2
11483,2026-07-02 11:47:49+05:30,4023.0,3,4042.77,992117,138692.0,158094.0,4100.0,4110.0,4012.0,4092.6,24220350,4501.8,3683.4,4440.0,3288.1,4022.0,6,1,4021.9,2,1,4021.8,803,2,4021.7,2,1,4021.6,1,1,4022.1,1,1,4023.0,136,1,4023.5,175,1,4023.6,26,4,4023.8,49,4
11483,2026-07-02 11:47:50+05:30,4022.0,1,4042.77,992117,138692.0,158094.0,4100.0,4110.0,4012.0,4092.6,24220350,4501.8,3683.4,4440.0,3288.1,4022.0,6,1,4021.9,2,1,4021.8,803,2,4021.7,2,1,4021.6,1,1,4022.1,1,1,4023.0,136,1,4023.5,175,1,4023.6,26,4,4023.8,49,4
11483,2026-07-02 11:47:50+05:30,4022.0,1,4042.77,992118,138762.0,158264.0,4100.0,4110.0,4012.0,4092.6,24220350,4501.8,3683.4,4440.0,3288.1,4022.0,31,3,4021.9,2,1,4021.8,803,2,4021.7,2,1,4021.6,1,1,4022.1,1,1,4023.0,136,1,4023.5,175,1,4023.6,26,4,4023.8,49,4
11483,2026-07-02 11:47:51+05:30,4022.1,1,4042.77,992118,138762.0,158264.0,4100.0,4110.0,4012.0,4092.6,24220350,4501.8,3683.4,4440.0,3288.1,4022.0,31,3,4021.9,2,1,4021.8,803,2,4021.7,2,1,4021.6,1,1,4022.1,1,1,4023.0,136,1,4023.5,175,1,4023.6,26,4,4023.8,49,4
11483,2026-07-02 11:47:51+05:30,4022.1,1,4042.77,992120,138777.0,158122.0,4100.0,4110.0,4012.0,4092.6,24220350,4501.8,3683.4,4440.0,3288.1,4022.1,4,2,4022.0,30,3,4021.9,2,1,4021.8,803,2,4021.7,2,1,4023.0,136,1,4023.5,183,2,4023.6,13,3,4023.7,35,1,4023.8,41,3
11483,2026-07-02 11:47:52+05:30,4023.0,113,4042.77,992233,139365.0,157911.0,4100.0,4110.0,4012.0,4092.6,24220350,4501.8,3683.4,4440.0,3288.1,4022.5,1,1,4022.1,4,2,4022.0,30,3,4021.9,20,2,4021.8,803,2,4023.0,23,1,4023.5,183,2,4023.6,13,3,4023.8,41,3,4023.9,217,4
11483,2026-07-02 11:47:53+05:30,4022.5,1,4042.77,992233,139365.0,157911.0,4100.0,4110.0,4012.0,4092.6,24220350,4501.8,3683.4,4440.0,3288.1,4022.5,1,1,4022.1,4,2,4022.0,30,3,4021.9,20,2,4021.8,803,2,4023.0,23,1,4023.5,183,2,4023.6,13,3,4023.8,41,3,4023.9,217,4
11483,2026-07-02 11:47:53+05:30,4022.5,1,4042.77,992238,139336.0,158018.0,4100.0,4110.0,4012.0,4092.6,24220350,4501.8,3683.4,4440.0,3288.1,4022.1,16,3,4022.0,28,3,4021.9,2,1,4021.8,803,2,4021.7,2,1,4022.5,3,2,4023.0,23,1,4023.5,175,1,4023.6,21,4,4023.8,56,4
11483,2026-07-02 11:47:54+05:30,4022.5,1,4042.77,992238,139336.0,158018.0,4100.0,4110.0,4012.0,4092.6,24220350,4501.8,3683.4,4440.0,3288.1,4022.1,16,3,4022.0,28,3,4021.9,2,1,4021.8,803,2,4021.7,2,1,4022.5,3,2,4023.0,23,1,4023.5,175,1,4023.6,21,4,4023.8,56,4
11483,2026-07-02 11:47:54+05:30,4022.5,1,4042.77,992241,138987.0,158029.0,4100.0,4110.0,4012.0,4092.6,24220350,4501.8,3683.4,4440.0,3288.1,4022.1,2,1,4022.0,28,3,4021.9,2,1,4021.8,803,2,4021.7,2,1,4022.5,3,2,4023.0,23,1,4023.2,8,1,4023.5,175,1,4023.6,21,4
11483,2026-07-02 11:47:55+05:30,4022.5,1,4042.77,992241,138987.0,158029.0,4100.0,4110.0,4012.0,4092.6,24220350,4501.8,3683.4,4440.0,3288.1,4022.1,2,1,4022.0,28,3,4021.9,2,1,4021.8,803,2,4021.7,2,1,4022.5,3,2,4023.0,23,1,4023.2,8,1,4023.5,175,1,4023.6,21,4
11483,2026-07-02 11:47:55+05:30,4022.5,1,4042.77,992241,138996.0,158041.0,4100.0,4110.0,4012.0,4092.6,24220350,4501.8,3683.4,4440.0,3288.1,4022.1,2,1,4022.0,28,3,4021.9,2,1,4021.8,803,2,4021.7,2,1,4022.5,3,2,4023.0,23,1,4023.2,8,1,4023.5,175,1,4023.6,33,5
11483,2026-07-02 11:47:56+05:30,4022.5,1,4042.77,992241,138970.0,157907.0,4100.0,4110.0,4012.0,4092.6,24220350,4501.8,3683.4,4440.0,3288.1,4022.1,2,1,4022.0,28,3,4021.9,4,2,4021.8,803,2,4021.6,1,1,4022.5,3,2,4023.0,23,1,4023.2,8,1,4023.5,175,1,4023.6,28,4
11483,2026-07-02 11:47:57+05:30,4022.5,1,4042.77,992241,138984.0,157918.0,4100.0,4110.0,4012.0,4092.6,24220350,4501.8,3683.4,4440.0,3288.1,4022.1,2,1,4022.0,31,4,4021.9,4,2,4021.8,803,2,4021.6,1,1,4022.5,3,2,4023.0,23,1,4023.2,8,1,4023.5,175,1,4023.6,28,4
11483,2026-07-02 11:47:58+05:30,4023.0,5,4042.77,992241,138984.0,157918.0,4100.0,4110.0,4012.0,4092.6,24220350,4501.8,3683.4,4440.0,3288.1,4022.1,2,1,4022.0,31,4,4021.9,4,2,4021.8,803,2,4021.6,1,1,4022.5,3,2,4023.0,23,1,4023.2,8,1,4023.5,175,1,4023.6,28,4
11483,2026-07-02 11:47:58+05:30,4023.0,5,4042.77,992255,139287.0,158259.0,4100.0,4110.0,4012.0,4092.6,24220350,4501.8,3683.4,4440.0,3288.1,4022.6,1,1,4022.1,2,1,4022.0,17,3,4021.9,8,2,4021.8,803,2,4023.0,18,1,4023.2,25,2,4023.4,48,1,4023.5,216,4,4023.6,32,4
11483,2026-07-02 11:47:59+05:30,4022.0,2,4042.77,992255,139287.0,158259.0,4100.0,4110.0,4012.0,4092.6,24220350,4501.8,3683.4,4440.0,3288.1,4022.6,1,1,4022.1,2,1,4022.0,17,3,4021.9,8,2,4021.8,803,2,4023.0,18,1,4023.2,25,2,4023.4,48,1,4023.5,216,4,4023.6,32,4
11483,2026-07-02 11:47:59+05:30,4022.0,2,4042.77,992267,138798.0,158409.0,4100.0,4110.0,4012.0,4092.6,24220350,4501.8,3683.4,4440.0,3288.1,4022.0,15,3,4021.9,2,1,4021.8,803,2,4021.6,1,1,4021.4,2,1,4023.0,25,3,4023.2,17,1,4023.3,13,2,4023.4,48,1,4023.5,211,3
11483,2026-07-02 11:48:00+05:30,4022.0,1,4042.77,992267,138798.0,158409.0,4100.0,4110.0,4012.0,4092.6,24220350,4501.8,3683.4,4440.0,3288.1,4022.0,15,3,4021.9,2,1,4021.8,803,2,4021.6,1,1,4021.4,2,1,4023.0,25,3,4023.2,17,1,4023.3,13,2,4023.4,48,1,4023.5,211,3
11483,2026-07-02 11:48:00+05:30,4022.0,1,4042.77,992268,139296.0,158351.0,4100.0,4110.0,4012.0,4092.6,24220350,4501.8,3683.4,4440.0,3288.1,4022.5,1,1,4022.0,14,3,4021.9,22,2,4021.8,823,3,4021.6,1,1,4023.0,17,2,4023.3,13,2,4023.4,48,1,4023.5,211,3,4023.6,32,4
11483,2026-07-02 11:48:01+05:30,4022.5,1,4042.77,992268,139296.0,158351.0,4100.0,4110.0,4012.0,4092.6,24220350,4501.8,3683.4,4440.0,3288.1,4022.5,1,1,4022.0,14,3,4021.9,22,2,4021.8,823,3,4021.6,1,1,4023.0,17,2,4023.3,13,2,4023.4,48,1,4023.5,211,3,4023.6,32,4
11483,2026-07-02 11:48:01+05:30,4022.5,1,4042.76,992298,139331.0,158245.0,4100.0,4110.0,4012.0,4092.6,24220350,4501.8,3683.4,4440.0,3288.1,4022.5,2,2,4022.0,78,5,4021.9,16,2,4021.8,823,3,4021.6,1,1,4023.5,183,2,4023.6,8,2,4023.8,62,4,4023.9,217,4,4024.0,116,9
11483,2026-07-02 11:48:02+05:30,4022.0,1,4042.76,992298,139331.0,158245.0,4100.0,4110.0,4012.0,4092.6,24220350,4501.8,3683.4,4440.0,3288.1,4022.5,2,2,4022.0,78,5,4021.9,16,2,4021.8,823,3,4021.6,1,1,4023.5,183,2,4023.6,8,2,4023.8,62,4,4023.9,217,4,4024.0,116,9
11483,2026-07-02 11:48:02+05:30,4022.0,1,4042.76,992306,139379.0,158586.0,4100.0,4110.0,4012.0,4092.6,24220350,4501.8,3683.4,4440.0,3288.1,4023.0,1,1,4022.1,10,1,4022.0,74,4,4021.9,2,1,4021.8,823,3,4023.5,183,2,4023.6,8,2,4023.7,48,1,4023.8,62,4,4023.9,205,3
11483,2026-07-02 11:48:03+05:30,4023.4,1,4042.76,992306,139379.0,158586.0,4100.0,4110.0,4012.0,4092.6,24220350,4501.8,3683.4,4440.0,3288.1,4023.0,1,1,4022.1,10,1,4022.0,74,4,4021.9,2,1,4021.8,823,3,4023.5,183,2,4023.6,8,2,4023.7,48,1,4023.8,62,4,4023.9,205,3
11483,2026-07-02 11:48:03+05:30,4023.4,1,4042.76,992321,138524.0,159146.0,4100.0,4110.0,4012.0,4092.6,24220350,4501.8,3683.4,4440.0,3288.1,4022.0,74,4,4021.9,2,1,4021.8,823,3,4021.6,1,1,4021.3,34,3,4023.2,174,1,4023.4,8,2,4023.5,175,1,4023.6,51,4,4023.7,48,1
11483,2026-07-02 11:48:04+05:30,4023.0,1,4042.76,992321,138524.0,159146.0,4100.0,4110.0,4012.0,4092.6,24220350,4501.8,3683.4,4440.0,3288.1,4022.0,74,4,4021.9,2,1,4021.8,823,3,4021.6,1,1,4021.3,34,3,4023.2,174,1,4023.4,8,2,4023.5,175,1,4023.6,51,4,4023.7,48,1
11483,2026-07-02 11:48:04+05:30,4022.7,1,4042.76,992326,138738.0,159059.0,4100.0,4110.0,4012.0,4092.6,24220350,4501.8,3683.4,4440.0,3288.1,4022.1,2,1,4022.0,60,3,4021.9,2,1,4021.8,823,3,4021.6,1,1,4022.7,172,1,4023.3,55,2,4023.4,190,3,4023.5,218,3,4023.6,32,5
11483,2026-07-02 11:48:05+05:30,4022.7,5,4042.76,992326,138738.0,159059.0,4100.0,4110.0,4012.0,4092.6,24220350,4501.8,3683.4,4440.0,3288.1,4022.1,2,1,4022.0,60,3,4021.9,2,1,4021.8,823,3,4021.6,1,1,4022.7,172,1,4023.3,55,2,4023.4,190,3,4023.5,218,3,4023.6,32,5
11483,2026-07-02 11:48:05+05:30,4022.7,1,4042.76,992332,138778.0,159063.0,4100.0,4110.0,4012.0,4092.6,24220350,4501.8,3683.4,4440.0,3288.1,4022.1,2,1,4022.0,60,3,4021.9,2,1,4021.8,823,3,4021.6,1,1,4022.7,166,1,4023.3,55,2,4023.4,176,2,4023.5,218,3,4023.6,46,6
11483,2026-07-02 11:48:06+05:30,4022.7,25,4042.76,992332,138778.0,159063.0,4100.0,4110.0,4012.0,4092.6,24220350,4501.8,3683.4,4440.0,3288.1,4022.1,2,1,4022.0,60,3,4021.9,2,1,4021.8,823,3,4021.6,1,1,4022.7,166,1,4023.3,55,2,4023.4,176,2,4023.5,218,3,4023.6,46,6
11483,2026-07-02 11:48:06+05:30,4022.7,7,4042.76,992366,138791.0,158986.0,4100.0,4110.0,4012.0,4092.6,24220350,4501.8,3683.4,4440.0,3288.1,4022.1,1,1,4022.0,60,3,4021.9,2,1,4021.8,823,3,4021.6,1,1,4022.7,133,1,4023.3,55,2,4023.4,176,2,4023.5,218,3,4023.6,32,5
11483,2026-07-02 11:48:07+05:30,4022.1,4,4042.76,992366,138791.0,158986.0,4100.0,4110.0,4012.0,4092.6,24220350,4501.8,3683.4,4440.0,3288.1,4022.1,1,1,4022.0,60,3,4021.9,2,1,4021.8,823,3,4021.6,1,1,4022.7,133,1,4023.3,55,2,4023.4,176,2,4023.5,218,3,4023.6,32,5
11483,2026-07-02 11:48:07+05:30,4022.7,1,4042.76,992385,138790.0,158910.0,4100.0,4110.0,4012.0,4092.6,24220350,4501.8,3683.4,4440.0,3288.1,4022.0,73,5,4021.9,2,1,4021.8,823,3,4021.6,1,1,4021.5,14,1,4022.7,118,1,4023.3,55,2,4023.4,176,2,4023.5,218,3,4023.6,32,5
11483,2026-07-02 11:48:08+05:30,4022.0,3,4042.76,992385,138790.0,158910.0,4100.0,4110.0,4012.0,4092.6,24220350,4501.8,3683.4,4440.0,3288.1,4022.0,73,5,4021.9,2,1,4021.8,823,3,4021.6,1,1,4021.5,14,1,4022.7,118,1,4023.3,55,2,4023.4,176,2,4023.5,218,3,4023.6,32,5
11483,2026-07-02 11:48:08+05:30,4022.0,1,4042.76,992390,138876.0,158878.0,4100.0,4110.0,4012.0,4092.6,24220350,4501.8,3683.4,4440.0,3288.1,4022.0,71,6,4021.9,2,1,4021.8,823,3,4021.6,1,1,4021.5,14,1,4022.7,117,1,4023.3,55,2,4023.4,175,1,4023.5,180,2,4023.6,32,5
11483,2026-07-02 11:48:09+05:30,4022.7,2,4042.76,992390,138876.0,158878.0,4100.0,4110.0,4012.0,4092.6,24220350,4501.8,3683.4,4440.0,3288.1,4022.0,71,6,4021.9,2,1,4021.8,823,3,4021.6,1,1,4021.5,14,1,4022.7,117,1,4023.3,55,2,4023.4,175,1,4023.5,180,2,4023.6,32,5
11483,2026-07-02 11:48:09+05:30,4022.7,1,4042.76,992574,138627.0,158701.0,4100.0,4110.0,4012.0,4092.6,24220350,4501.8,3683.4,4440.0,3288.1,4021.8,730,4,4021.6,1,1,4021.3,12,2,4021.1,26,3,4021.0,953,6,4022.7,111,1,4023.3,7,1,4023.4,175,1,4023.5,240,4,4023.6,46,6
11483,2026-07-02 11:48:10+05:30,4022.0,1,4042.76,992574,138627.0,158701.0,4100.0,4110.0,4012.0,4092.6,24220350,4501.8,3683.4,4440.0,3288.1,4021.8,730,4,4021.6,1,1,4021.3,12,2,4021.1,26,3,4021.0,953,6,4022.7,111,1,4023.3,7,1,4023.4,175,1,4023.5,240,4,4023.6,46,6
11483,2026-07-02 11:48:10+05:30,4023.3,30,4042.76,992631,138671.0,158408.0,4100.0,4110.0,4012.0,4092.6,24220350,4501.8,3683.4,4440.0,3288.1,4022.2,32,4,4022.1,11,2,4022.0,21,4,4021.9,31,3,4021.8,716,4,4023.3,78,1,4023.4,175,1,4023.5,175,1,4023.6,8,2,4023.7,2,1
11483,2026-07-02 11:48:11+05:30,4023.3,1,4042.76,992631,138671.0,158408.0,4100.0,4110.0,4012.0,4092.6,24220350,4501.8,3683.4,4440.0,3288.1,4022.2,32,4,4022.1,11,2,4022.0,21,4,4021.9,31,3,4021.8,716,4,4023.3,78,1,4023.4,175,1,4023.5,175,1,4023.6,8,2,4023.7,2,1
11483,2026-07-02 11:48:11+05:30,4023.3,1,4042.75,992817,139340.0,158415.0,4100.0,4110.0,4012.0,4092.6,24220350,4501.8,3683.4,4440.0,3288.1,4022.7,4,1,4022.6,38,5,4022.5,53,2,4022.4,11,2,4022.3,53,3,4023.3,76,1,4023.5,175,1,4023.6,86,3,4023.9,2,1,4024.0,51,5
11483,2026-07-02 11:48:12+05:30,4023.3,76,4042.75,992817,139340.0,158415.0,4100.0,4110.0,4012.0,4092.6,24220350,4501.8,3683.4,4440.0,3288.1,4022.7,4,1,4022.6,38,5,4022.5,53,2,4022.4,11,2,4022.3,53,3,4023.3,76,1,4023.5,175,1,4023.6,86,3,4023.9,2,1,4024.0,51,5
11483,2026-07-02 11:48:12+05:30,4023.5,71,4042.75,992987,139812.0,157189.0,4100.0,4110.0,4012.0,4092.6,24220350,4501.8,3683.4,4440.0,3288.1,4023.4,3,1,4023.3,45,2,4023.2,12,1,4023.1,53,2,4023.0,20,3,4023.5,103,1,4023.6,6,1,4024.0,13,2,4024.5,14,2,4024.6,72,2
11483,2026-07-02 11:48:13+05:30,4023.5,68,4042.75,992987,139812.0,157189.0,4100.0,4110.0,4012.0,4092.6,24220350,4501.8,3683.4,4440.0,3288.1,4023.4,3,1,4023.3,45,2,4023.2,12,1,4023.1,53,2,4023.0,20,3,4023.5,103,1,4023.6,6,1,4024.0,13,2,4024.5,14,2,4024.6,72,2
11483,2026-07-02 11:48:13+05:30,4023.5,1,4042.75,993078,139872.0,157195.0,4100.0,4110.0,4012.0,4092.6,24220350,4501.8,3683.4,4440.0,3288.1,4023.4,29,1,4023.3,12,1,4023.2,42,1,4023.0,42,1,4022.9,3,2,4023.5,34,2,4023.6,6,1,4024.0,13,2,4024.5,14,2,4024.6,10,1
11483,2026-07-02 11:48:14+05:30,4023.5,4,4042.75,993078,139872.0,157195.0,4100.0,4110.0,4012.0,4092.6,24220350,4501.8,3683.4,4440.0,3288.1,4023.4,29,1,4023.3,12,1,4023.2,42,1,4023.0,42,1,4022.9,3,2,4023.5,34,2,4023.6,6,1,4024.0,13,2,4024.5,14,2,4024.6,10,1
11483,2026-07-02 11:48:14+05:30,4023.6,1,4042.75,993143,139805.0,157377.0,4100.0,4110.0,4012.0,4092.6,24220350,4501.8,3683.4,4440.0,3288.1,4023.5,43,1,4023.4,4,1,4023.3,54,2,4023.1,42,1,4023.0,11,2,4023.6,4,1,4024.0,13,2,4024.5,1,1,4024.6,10,1,4024.8,25,3
11483,2026-07-02 11:48:15+05:30,4024.0,1,4042.75,993143,139805.0,157377.0,4100.0,4110.0,4012.0,4092.6,24220350,4501.8,3683.4,4440.0,3288.1,4023.5,43,1,4023.4,4,1,4023.3,54,2,4023.1,42,1,4023.0,11,2,4023.6,4,1,4024.0,13,2,4024.5,1,1,4024.6,10,1,4024.8,25,3
11483,2026-07-02 11:48:15+05:30,4024.0,1,4042.75,993173,139976.0,157429.0,4100.0,4110.0,4012.0,4092.6,24220350,4501.8,3683.4,4440.0,3288.1,4023.5,89,3,4023.4,4,1,4023.3,42,1,4023.0,11,2,4022.9,14,2,4024.0,9,1,4024.5,1,1,4024.6,10,1,4024.8,18,2,4025.0,45,2
11483,2026-07-02 11:48:16+05:30,4024.0,3,4042.75,993173,139976.0,157429.0,4100.0,4110.0,4012.0,4092.6,24220350,4501.8,3683.4,4440.0,3288.1,4023.5,89,3,4023.4,4,1,4023.3,42,1,4023.0,11,2,4022.9,14,2,4024.0,9,1,4024.5,1,1,4024.6,10,1,4024.8,18,2,4025.0,45,2
11483,2026-07-02 11:48:16+05:30,4024.0,3,4042.75,993184,140009.0,157389.0,4100.0,4110.0,4012.0,4092.6,24220350,4501.8,3683.4,4440.0,3288.1,4023.5,86,3,4023.4,4,1,4023.3,42,1,4023.1,2,1,4023.0,9,1,4024.0,1,1,4024.5,1,1,4024.6,10,1,4024.8,18,2,4025.0,45,2
11483,2026-07-02 11:48:17+05:30,4024.6,4,4042.75,993184,140009.0,157389.0,4100.0,4110.0,4012.0,4092.6,24220350,4501.8,3683.4,4440.0,3288.1,4023.5,86,3,4023.4,4,1,4023.3,42,1,4023.1,2,1,4023.0,9,1,4024.0,1,1,4024.5,1,1,4024.6,10,1,4024.8,18,2,4025.0,45,2
11483,2026-07-02 11:48:17+05:30,4024.6,1,4042.75,993200,140653.0,157200.0,4100.0,4110.0,4012.0,4092.6,24220350,4501.8,3683.4,4440.0,3288.1,4023.8,42,1,4023.6,55,2,4023.5,42,2,4023.4,4,1,4023.1,40,2,4024.6,5,1,4024.8,6,1,4025.0,45,2,4025.1,14,2,4025.3,7,1
11483,2026-07-02 11:48:18+05:30,4024.8,19,4042.75,993200,140653.0,157200.0,4100.0,4110.0,4012.0,4092.6,24220350,4501.8,3683.4,4440.0,3288.1,4023.8,42,1,4023.6,55,2,4023.5,42,2,4023.4,4,1,4023.1,40,2,4024.6,5,1,4024.8,6,1,4025.0,45,2,4025.1,14,2,4025.3,7,1
11483,2026-07-02 11:48:18+05:30,4024.8,1,4042.75,993228,140901.0,156956.0,4100.0,4110.0,4012.0,4092.6,24220350,4501.8,3683.4,4440.0,3288.1,4024.0,94,3,4023.5,39,2,4023.4,4,1,4023.2,29,3,4023.1,38,1,4025.0,68,4,4025.1,2,1,4025.3,21,1,4025.4,19,2,4025.6,27,1
11483,2026-07-02 11:48:19+05:30,4024.0,3,4042.75,993228,140901.0,156956.0,4100.0,4110.0,4012.0,4092.6,24220350,4501.8,3683.4,4440.0,3288.1,4024.0,94,3,4023.5,39,2,4023.4,4,1,4023.2,29,3,4023.1,38,1,4025.0,68,4,4025.1,2,1,4025.3,21,1,4025.4,19,2,4025.6,27,1
11483,2026-07-02 11:48:19+05:30,4025.0,1,4042.75,993232,140505.0,157012.0,4100.0,4110.0,4012.0,4092.6,24220350,4501.8,3683.4,4440.0,3288.1,4023.5,85,4,4023.4,35,3,4023.3,13,1,4023.1,2,1,4023.0,9,1,4025.0,51,3,4025.1,2,1,4025.3,1,1,4025.4,50,3,4025.6,29,1
11483,2026-07-02 11:48:20+05:30,4023.5,1,4042.75,993232,140505.0,157012.0,4100.0,4110.0,4012.0,4092.6,24220350,4501.8,3683.4,4440.0,3288.1,4023.5,85,4,4023.4,35,3,4023.3,13,1,4023.1,2,1,4023.0,9,1,4025.0,51,3,4025.1,2,1,4025.3,1,1,4025.4,50,3,4025.6,29,1
11483,2026-07-02 11:48:20+05:30,4024.9,1,4042.75,993234,140431.0,157048.0,4100.0,4110.0,4012.0,4092.6,24220350,4501.8,3683.4,4440.0,3288.1,4023.6,12,1,4023.5,38,1,4023.4,10,1,4023.0,309,2,4022.9,22,1,4024.9,10,3,4025.0,57,3,4025.1,2,1,4025.3,1,1,4025.4,63,4
11483,2026-07-02 11:48:21+05:30,4025.0,39,4042.75,993234,140431.0,157048.0,4100.0,4110.0,4012.0,4092.6,24220350,4501.8,3683.4,4440.0,3288.1,4023.6,12,1,4023.5,38,1,4023.4,10,1,4023.0,309,2,4022.9,22,1,4024.9,10,3,4025.0,57,3,4025.1,2,1,4025.3,1,1,4025.4,63,4
11483,2026-07-02 11:48:21+05:30,4024.3,1,4042.75,993285,140725.0,157212.0,4100.0,4110.0,4012.0,4092.6,24220350,4501.8,3683.4,4440.0,3288.1,4023.0,309,2,4022.7,16,3,4022.6,22,1,4022.4,27,5,4022.3,33,3,4023.6,1,1,4024.1,54,2,4024.3,101,2,4024.4,42,1,4024.5,63,3
11483,2026-07-02 11:48:22+05:30,4023.4,1,4042.75,993285,140725.0,157212.0,4100.0,4110.0,4012.0,4092.6,24220350,4501.8,3683.4,4440.0,3288.1,4023.0,309,2,4022.7,16,3,4022.6,22,1,4022.4,27,5,4022.3,33,3,4023.6,1,1,4024.1,54,2,4024.3,101,2,4024.4,42,1,4024.5,63,3
11483,2026-07-02 11:48:22+05:30,4023.8,1,4042.75,993297,139775.0,157837.0,4100.0,4110.0,4012.0,4092.6,24220350,4501.8,3683.4,4440.0,3288.1,4023.0,302,2,4022.4,8,1,4022.3,8,1,4022.2,8,1,4022.1,73,3,4023.8,41,1,4023.9,49,2,4024.0,77,4,4024.1,52,2,4024.2,49,2
11483,2026-07-02 11:48:23+05:30,4024.0,27,4042.75,993297,139775.0,157837.0,4100.0,4110.0,4012.0,4092.6,24220350,4501.8,3683.4,4440.0,3288.1,4023.0,302,2,4022.4,8,1,4022.3,8,1,4022.2,8,1,4022.1,73,3,4023.8,41,1,4023.9,49,2,4024.0,77,4,4024.1,52,2,4024.2,49,2
11483,2026-07-02 11:48:23+05:30,4023.4,1,4042.74,993445,139816.0,157511.0,4100.0,4110.0,4012.0,4092.6,24220350,4501.8,3683.4,4440.0,3288.1,4023.0,300,1,4022.3,8,1,4022.2,8,1,4022.1,70,2,4022.0,20,5,4023.3,42,1,4023.4,128,4,4023.9,49,2,4024.0,34,3,4024.1,5,1
11483,2026-07-02 11:48:24+05:30,4023.0,1,4042.74,993445,139816.0,157511.0,4100.0,4110.0,4012.0,4092.6,24220350,4501.8,3683.4,4440.0,3288.1,4023.0,300,1,4022.3,8,1,4022.2,8,1,4022.1,70,2,4022.0,20,5,4023.3,42,1,4023.4,128,4,4023.9,49,2,4024.0,34,3,4024.1,5,1
11483,2026-07-02 11:48:24+05:30,4023.0,1,4042.74,993465,139882.0,157769.0,4100.0,4110.0,4012.0,4092.6,24220350,4501.8,3683.4,4440.0,3288.1,4023.0,281,1,4022.2,8,1,4022.1,70,2,4022.0,17,4,4021.9,37,3,4023.3,41,1,4023.4,128,4,4023.7,53,2,4023.9,7,1,4024.0,50,4
11483,2026-07-02 11:48:25+05:30,4023.0,1,4042.74,993465,139882.0,157769.0,4100.0,4110.0,4012.0,4092.6,24220350,4501.8,3683.4,4440.0,3288.1,4023.0,281,1,4022.2,8,1,4022.1,70,2,4022.0,17,4,4021.9,37,3,4023.3,41,1,4023.4,128,4,4023.7,53,2,4023.9,7,1,4024.0,50,4
11483,2026-07-02 11:48:25+05:30,4023.0,1,4042.74,993474,139980.0,157613.0,4100.0,4110.0,4012.0,4092.6,24220350,4501.8,3683.4,4440.0,3288.1,4023.0,277,1,4022.1,70,2,4022.0,17,4,4021.9,58,4,4021.8,695,3,4023.3,36,1,4023.4,128,4,4023.7,42,1,4023.9,7,1,4024.0,50,4
11483,2026-07-02 11:48:26+05:30,4023.0,50,4042.74,993474,139980.0,157613.0,4100.0,4110.0,4012.0,4092.6,24220350,4501.8,3683.4,4440.0,3288.1,4023.0,277,1,4022.1,70,2,4022.0,17,4,4021.9,58,4,4021.8,695,3,4023.3,36,1,4023.4,128,4,4023.7,42,1,4023.9,7,1,4024.0,50,4
11483,2026-07-02 11:48:26+05:30,4023.3,1,4042.74,993535,139930.0,157984.0,4100.0,4110.0,4012.0,4092.6,24220350,4501.8,3683.4,4440.0,3288.1,4023.0,225,1,4022.1,84,3,4022.0,21,5,4021.9,22,1,4021.8,697,4,4023.3,27,1,4023.4,128,4,4023.7,42,1,4023.9,7,1,4024.0,64,5
11483,2026-07-02 11:48:27+05:30,4023.0,50,4042.74,993535,139930.0,157984.0,4100.0,4110.0,4012.0,4092.6,24220350,4501.8,3683.4,4440.0,3288.1,4023.0,225,1,4022.1,84,3,4022.0,21,5,4021.9,22,1,4021.8,697,4,4023.3,27,1,4023.4,128,4,4023.7,42,1,4023.9,7,1,4024.0,64,5
11483,2026-07-02 11:48:27+05:30,4023.0,1,4042.74,993593,139827.0,158028.0,4100.0,4110.0,4012.0,4092.6,24220350,4501.8,3683.4,4440.0,3288.1,4023.0,167,1,4022.1,84,3,4022.0,21,5,4021.9,22,1,4021.8,695,3,4023.3,27,1,4023.4,128,4,4023.7,42,1,4023.9,7,1,4024.0,64,5
11483,2026-07-02 11:48:28+05:30,4023.0,1,4042.74,993593,139827.0,158028.0,4100.0,4110.0,4012.0,4092.6,24220350,4501.8,3683.4,4440.0,3288.1,4023.0,167,1,4022.1,84,3,4022.0,21,5,4021.9,22,1,4021.8,695,3,4023.3,27,1,4023.4,128,4,4023.7,42,1,4023.9,7,1,4024.0,64,5
11483,2026-07-02 11:48:28+05:30,4023.3,2,4042.74,993608,139803.0,158118.0,4100.0,4110.0,4012.0,4092.6,24220350,4501.8,3683.4,4440.0,3288.1,4023.0,154,1,4022.1,84,3,4022.0,21,5,4021.8,695,3,4021.7,11,2,4023.3,25,1,4023.4,127,3,4023.7,42,1,4023.9,7,1,4024.0,64,5
11483,2026-07-02 11:48:29+05:30,4023.0,5,4042.74,993608,139803.0,158118.0,4100.0,4110.0,4012.0,4092.6,24220350,4501.8,3683.4,4440.0,3288.1,4023.0,154,1,4022.1,84,3,4022.0,21,5,4021.8,695,3,4021.7,11,2,4023.3,25,1,4023.4,127,3,4023.7,42,1,4023.9,7,1,4024.0,64,5
11483,2026-07-02 11:48:29+05:30,4023.0,1,4042.74,993635,139755.0,158147.0,4100.0,4110.0,4012.0,4092.6,24220350,4501.8,3683.4,4440.0,3288.1,4023.0,135,1,4022.1,62,1,4022.0,21,5,4021.8,709,4,4021.7,9,1,4023.3,24,3,4023.4,120,2,4023.5,8,1,4023.6,6,1,4023.7,42,1
11483,2026-07-02 11:48:30+05:30,4022.1,44,4042.74,993635,139755.0,158147.0,4100.0,4110.0,4012.0,4092.6,24220350,4501.8,3683.4,4440.0,3288.1,4023.0,135,1,4022.1,62,1,4022.0,21,5,4021.8,709,4,4021.7,9,1,4023.3,24,3,4023.4,120,2,4023.5,8,1,4023.6,6,1,4023.7,42,1
11483,2026-07-02 11:48:30+05:30,4023.0,7,4042.73,993864,139446.0,158429.0,4100.0,4110.0,4012.0,4092.6,24220350,4501.8,3683.4,4440.0,3288.1,4023.0,1,1,4022.0,16,3,4021.8,695,3,4021.6,1,1,4021.4,14,1,4023.2,52,3,4023.3,19,3,4023.4,85,2,4023.5,17,2,4023.6,11,2
11483,2026-07-02 11:48:31+05:30,4023.0,3,4042.73,993864,139446.0,158429.0,4100.0,4110.0,4012.0,4092.6,24220350,4501.8,3683.4,4440.0,3288.1,4023.0,1,1,4022.0,16,3,4021.8,695,3,4021.6,1,1,4021.4,14,1,4023.2,52,3,4023.3,19,3,4023.4,85,2,4023.5,17,2,4023.6,11,2
11483,2026-07-02 11:48:31+05:30,4022.0,1,4042.73,993871,138759.0,158423.0,4100.0,4110.0,4012.0,4092.6,24220350,4501.8,3683.4,4440.0,3288.1,4022.0,27,4,4021.8,695,3,4021.6,1,1,4021.4,2,1,4021.3,12,2,4022.7,42,1,4023.0,51,3,4023.3,25,4,4023.4,78,1,4023.5,22,2
11483,2026-07-02 11:48:32+05:30,4023.0,21,4042.73,993871,138759.0,158423.0,4100.0,4110.0,4012.0,4092.6,24220350,4501.8,3683.4,4440.0,3288.1,4022.0,27,4,4021.8,695,3,4021.6,1,1,4021.4,2,1,4021.3,12,2,4022.7,42,1,4023.0,51,3,4023.3,25,4,4023.4,78,1,4023.5,22,2
11483,2026-07-02 11:48:32+05:30,4023.3,1,4042.73,993985,139777.0,158193.0,4100.0,4110.0,4012.0,4092.6,24220350,4501.8,3683.4,4440.0,3288.1,4023.2,1,1,4023.1,239,1,4022.0,26,3,4021.9,2,1,4021.8,695,3,4023.3,18,3,4023.4,78,1,4023.9,71,3,4024.0,98,5,4024.1,50,1
11483,2026-07-02 11:48:33+05:30,4023.2,2,4042.73,993985,139777.0,158193.0,4100.0,4110.0,4012.0,4092.6,24220350,4501.8,3683.4,4440.0,3288.1,4023.2,1,1,4023.1,239,1,4022.0,26,3,4021.9,2,1,4021.8,695,3,4023.3,18,3,4023.4,78,1,4023.9,71,3,4024.0,98,5,4024.1,50,1
11483,2026-07-02 11:48:33+05:30,4023.1,1,4042.73,993988,139809.0,158304.0,4100.0,4110.0,4012.0,4092.6,24220350,4501.8,3683.4,4440.0,3288.1,4023.1,238,1,4022.0,48,4,4021.9,2,1,4021.8,695,3,4021.7,3,1,4023.2,3,2,4023.3,18,3,4023.4,120,2,4023.5,6,1,4023.7,42,1
11483,2026-07-02 11:48:34+05:30,4023.1,1,4042.73,993988,139809.0,158304.0,4100.0,4110.0,4012.0,4092.6,24220350,4501.8,3683.4,4440.0,3288.1,4023.1,238,1,4022.0,48,4,4021.9,2,1,4021.8,695,3,4021.7,3,1,4023.2,3,2,4023.3,18,3,4023.4,120,2,4023.5,6,1,4023.7,42,1
11483,2026-07-02 11:48:34+05:30,4023.2,10,4042.73,994009,139753.0,158254.0,4100.0,4110.0,4012.0,4092.6,24220350,4501.8,3683.4,4440.0,3288.1,4023.1,236,1,4022.1,2,1,4022.0,26,3,4021.8,695,3,4021.7,3,1,4023.3,24,4,4023.4,120,2,4023.6,6,1,4023.7,52,2,4023.9,77,3
11483,2026-07-02 11:48:35+05:30,4023.1,1,4042.73,994009,139753.0,158254.0,4100.0,4110.0,4012.0,4092.6,24220350,4501.8,3683.4,4440.0,3288.1,4023.1,236,1,4022.1,2,1,4022.0,26,3,4021.8,695,3,4021.7,3,1,4023.3,24,4,4023.4,120,2,4023.6,6,1,4023.7,52,2,4023.9,77,3
11483,2026-07-02 11:48:35+05:30,4023.1,1,4042.73,994013,139672.0,157854.0,4100.0,4110.0,4012.0,4092.6,24220350,4501.8,3683.4,4440.0,3288.1,4023.1,232,1,4023.0,5,1,4022.1,2,1,4022.0,26,3,4021.9,26,3,4023.3,2,2,4023.6,6,1,4023.9,27,2,4024.0,33,3,4024.2,87,4
11483,2026-07-02 11:48:36+05:30,4023.3,1,4042.73,994013,139672.0,157854.0,4100.0,4110.0,4012.0,4092.6,24220350,4501.8,3683.4,4440.0,3288.1,4023.1,232,1,4023.0,5,1,4022.1,2,1,4022.0,26,3,4021.9,26,3,4023.3,2,2,4023.6,6,1,4023.9,27,2,4024.0,33,3,4024.2,87,4
11483,2026-07-02 11:48:36+05:30,4023.1,1,4042.73,994017,139664.0,157994.0,4100.0,4110.0,4012.0,4092.6,24220350,4501.8,3683.4,4440.0,3288.1,4023.1,230,1,4023.0,5,1,4022.1,2,1,4022.0,26,3,4021.9,26,3,4023.3,1,1,4023.6,6,1,4023.8,175,1,4023.9,27,2,4024.0,33,3
11483,2026-07-02 11:48:37+05:30,4023.1,1,4042.73,994017,139664.0,157994.0,4100.0,4110.0,4012.0,4092.6,24220350,4501.8,3683.4,4440.0,3288.1,4023.1,230,1,4023.0,5,1,4022.1,2,1,4022.0,26,3,4021.9,26,3,4023.3,1,1,4023.6,6,1,4023.8,175,1,4023.9,27,2,4024.0,33,3
11483,2026-07-02 11:48:37+05:30,4023.1,1,4042.73,994018,139663.0,157996.0,4100.0,4110.0,4012.0,4092.6,24220350,4501.8,3683.4,4440.0,3288.1,4023.1,229,1,4023.0,5,1,4022.1,2,1,4022.0,26,3,4021.9,26,3,4023.3,1,1,4023.6,6,1,4023.8,175,1,4023.9,27,2,4024.0,33,3
11483,2026-07-02 11:48:38+05:30,4023.1,1,4042.73,994018,139663.0,157996.0,4100.0,4110.0,4012.0,4092.6,24220350,4501.8,3683.4,4440.0,3288.1,4023.1,229,1,4023.0,5,1,4022.1,2,1,4022.0,26,3,4021.9,26,3,4023.3,1,1,4023.6,6,1,4023.8,175,1,4023.9,27,2,4024.0,33,3
11483,2026-07-02 11:48:38+05:30,4023.1,1,4042.73,994020,139678.0,158002.0,4100.0,4110.0,4012.0,4092.6,24220350,4501.8,3683.4,4440.0,3288.1,4023.1,227,1,4023.0,5,1,4022.0,22,2,4021.9,12,1,4021.8,695,3,4023.3,1,1,4023.6,89,3,4023.7,10,1,4023.9,46,4,4024.0,65,6
11483,2026-07-02 11:48:39+05:30,4023.3,1,4042.73,994020,139678.0,158002.0,4100.0,4110.0,4012.0,4092.6,24220350,4501.8,3683.4,4440.0,3288.1,4023.1,227,1,4023.0,5,1,4022.0,22,2,4021.9,12,1,4021.8,695,3,4023.3,1,1,4023.6,89,3,4023.7,10,1,4023.9,46,4,4024.0,65,6
11483,2026-07-02 11:48:39+05:30,4023.1,58,4042.73,994081,138974.0,157990.0,4100.0,4110.0,4012.0,4092.6,24220350,4501.8,3683.4,4440.0,3288.1,4023.1,196,2,4023.0,5,1,4022.0,22,2,4021.9,2,1,4021.8,23,2,4023.3,1,1,4023.6,84,2,4023.9,27,2,4024.0,58,6,4024.1,52,2
11483,2026-07-02 11:48:40+05:30,4023.3,5,4042.73,994081,138974.0,157990.0,4100.0,4110.0,4012.0,4092.6,24220350,4501.8,3683.4,4440.0,3288.1,4023.1,196,2,4023.0,5,1,4022.0,22,2,4021.9,2,1,4021.8,23,2,4023.3,1,1,4023.6,84,2,4023.9,27,2,4024.0,58,6,4024.1,52,2
11483,2026-07-02 11:48:40+05:30,4023.1,1,4042.73,994094,139034.0,158168.0,4100.0,4110.0,4012.0,4092.6,24220350,4501.8,3683.4,4440.0,3288.1,4023.1,189,3,4023.0,5,1,4022.1,2,1,4022.0,22,2,4021.9,22,1,4023.6,78,1,4023.9,101,3,4024.0,43,5,4024.1,2,1,4024.2,37,3
11483,2026-07-02 11:48:41+05:30,4023.6,50,4042.73,994094,139034.0,158168.0,4100.0,4110.0,4012.0,4092.6,24220350,4501.8,3683.4,4440.0,3288.1,4023.1,189,3,4023.0,5,1,4022.1,2,1,4022.0,22,2,4021.9,22,1,4023.6,78,1,4023.9,101,3,4024.0,43,5,4024.1,2,1,4024.2,37,3
11483,2026-07-02 11:48:41+05:30,4022.2,1,4042.72,994468,138254.0,157953.0,4100.0,4110.0,4012.0,4092.6,24220350,4501.8,3683.4,4440.0,3288.1,4022.2,11,1,4022.0,3,1,4021.9,11,1,4021.8,3,1,4021.6,60,3,4023.6,27,3,4023.8,97,3,4023.9,113,4,4024.0,54,7,4024.1,8,2
11483,2026-07-02 11:48:42+05:30,4022.2,5,4042.72,994468,138254.0,157953.0,4100.0,4110.0,4012.0,4092.6,24220350,4501.8,3683.4,4440.0,3288.1,4022.2,11,1,4022.0,3,1,4021.9,11,1,4021.8,3,1,4021.6,60,3,4023.6,27,3,4023.8,97,3,4023.9,113,4,4024.0,54,7,4024.1,8,2
11483,2026-07-02 11:48:42+05:30,4021.9,1,4042.72,994497,137992.0,158383.0,4100.0,4110.0,4012.0,4092.6,24220350,4501.8,3683.4,4440.0,3288.1,4021.9,1,1,4021.7,12,1,4021.6,10,1,4021.5,13,2,4021.4,26,3,4022.2,8,3,4023.4,13,1,4023.5,31,1,4023.6,40,4,4023.7,39,1
11483,2026-07-02 11:48:43+05:30,4021.9,2,4042.72,994497,137992.0,158383.0,4100.0,4110.0,4012.0,4092.6,24220350,4501.8,3683.4,4440.0,3288.1,4021.9,1,1,4021.7,12,1,4021.6,10,1,4021.5,13,2,4021.4,26,3,4022.2,8,3,4023.4,13,1,4023.5,31,1,4023.6,40,4,4023.7,39,1
11483,2026-07-02 11:48:43+05:30,4021.9,2,4042.72,994497,137992.0,158383.0,4100.0,4110.0,4012.0,4092.6,24220350,4501.8,3683.4,4440.0,3288.1,4021.9,1,1,4021.7,12,1,4021.6,10,1,4021.5,13,2,4021.4,26,3,4022.2,8,3,4023.4,13,1,4023.5,31,1,4023.6,40,4,4023.7,39,1
11483,2026-07-02 11:48:43+05:30,4021.3,1,4042.72,994500,138332.0,158714.0,4100.0,4110.0,4012.0,4092.6,24220350,4501.8,3683.4,4440.0,3288.1,4021.3,51,5,4021.2,24,5,4021.1,34,4,4021.0,646,5,4020.9,11,2,4021.9,3,3,4022.2,6,2,4023.3,13,1,4023.4,76,3,4023.5,53,2
11483,2026-07-02 11:48:43+05:30,4021.3,1,4042.72,994500,138332.0,158714.0,4100.0,4110.0,4012.0,4092.6,24220350,4501.8,3683.4,4440.0,3288.1,4021.3,51,5,4021.2,24,5,4021.1,34,4,4021.0,646,5,4020.9,11,2,4021.9,3,3,4022.2,6,2,4023.3,13,1,4023.4,76,3,4023.5,53,2
11483,2026-07-02 11:48:44+05:30,4022.2,8,4042.72,994500,138332.0,158714.0,4100.0,4110.0,4012.0,4092.6,24220350,4501.8,3683.4,4440.0,3288.1,4021.3,51,5,4021.2,24,5,4021.1,34,4,4021.0,646,5,4020.9,11,2,4021.9,3,3,4022.2,6,2,4023.3,13,1,4023.4,76,3,4023.5,53,2
11483,2026-07-02 11:48:44+05:30,4021.6,1,4042.72,994529,137944.0,158383.0,4100.0,4110.0,4012.0,4092.6,24220350,4501.8,3683.4,4440.0,3288.1,4021.6,24,3,4021.5,24,3,4021.4,19,3,4021.3,10,3,4021.2,18,3,4022.2,5,1,4023.3,13,1,4023.5,3,1,4023.6,33,3,4023.7,16,2
11483,2026-07-02 11:48:44+05:30,4021.6,1,4042.72,994529,137944.0,158383.0,4100.0,4110.0,4012.0,4092.6,24220350,4501.8,3683.4,4440.0,3288.1,4021.6,24,3,4021.5,24,3,4021.4,19,3,4021.3,10,3,4021.2,18,3,4022.2,5,1,4023.3,13,1,4023.5,3,1,4023.6,33,3,4023.7,16,2
11483,2026-07-02 11:48:45+05:30,4022.2,1,4042.72,994529,137944.0,158383.0,4100.0,4110.0,4012.0,4092.6,24220350,4501.8,3683.4,4440.0,3288.1,4021.6,24,3,4021.5,24,3,4021.4,19,3,4021.3,10,3,4021.2,18,3,4022.2,5,1,4023.3,13,1,4023.5,3,1,4023.6,33,3,4023.7,16,2
11483,2026-07-02 11:48:45+05:30,4021.7,1,4042.72,994554,137631.0,159417.0,4100.0,4110.0,4012.0,4092.6,24220350,4501.8,3683.4,4440.0,3288.1,4021.7,11,1,4021.5,14,2,4021.4,7,2,4021.3,9,2,4021.2,3,1,4023.2,54,3,4023.3,74,2,4023.4,260,4,4023.5,40,3,4023.6,142,9
11483,2026-07-02 11:48:45+05:30,4021.7,1,4042.72,994554,137631.0,159417.0,4100.0,4110.0,4012.0,4092.6,24220350,4501.8,3683.4,4440.0,3288.1,4021.7,11,1,4021.5,14,2,4021.4,7,2,4021.3,9,2,4021.2,3,1,4023.2,54,3,4023.3,74,2,4023.4,260,4,4023.5,40,3,4023.6,142,9
11483,2026-07-02 11:48:46+05:30,4023.1,5,4042.72,994554,137631.0,159417.0,4100.0,4110.0,4012.0,4092.6,24220350,4501.8,3683.4,4440.0,3288.1,4021.7,11,1,4021.5,14,2,4021.4,7,2,4021.3,9,2,4021.2,3,1,4023.2,54,3,4023.3,74,2,4023.4,260,4,4023.5,40,3,4023.6,142,9
11483,2026-07-02 11:48:46+05:30,4023.1,5,4042.72,994554,137631.0,159417.0,4100.0,4110.0,4012.0,4092.6,24220350,4501.8,3683.4,4440.0,3288.1,4021.7,11,1,4021.5,14,2,4021.4,7,2,4021.3,9,2,4021.2,3,1,4023.2,54,3,4023.3,74,2,4023.4,260,4,4023.5,40,3,4023.6,142,9
11483,2026-07-02 11:48:46+05:30,4023.3,1,4042.72,994575,137884.0,159315.0,4100.0,4110.0,4012.0,4092.6,24220350,4501.8,3683.4,4440.0,3288.1,4022.2,2,2,4021.7,8,1,4021.4,3,1,4021.3,9,2,4021.2,3,1,4023.3,15,4,4023.4,213,4,4023.5,40,3,4023.6,118,6,4023.7,40,2
11483,2026-07-02 11:48:46+05:30,4023.3,1,4042.72,994575,137884.0,159315.0,4100.0,4110.0,4012.0,4092.6,24220350,4501.8,3683.4,4440.0,3288.1,4022.2,2,2,4021.7,8,1,4021.4,3,1,4021.3,9,2,4021.2,3,1,4023.3,15,4,4023.4,213,4,4023.5,40,3,4023.6,118,6,4023.7,40,2
11483,2026-07-02 11:48:46+05:30,4023.3,1,4042.72,994575,137884.0,159315.0,4100.0,4110.0,4012.0,4092.6,24231550,4501.8,3683.4,4440.0,3288.1,4022.2,2,2,4021.7,8,1,4021.4,3,1,4021.3,9,2,4021.2,3,1,4023.3,15,4,4023.4,213,4,4023.5,40,3,4023.6,118,6,4023.7,40,2
11483,2026-07-02 11:48:47+05:30,4022.2,2,4042.72,994575,137884.0,159315.0,4100.0,4110.0,4012.0,4092.6,24231550,4501.8,3683.4,4440.0,3288.1,4022.2,2,2,4021.7,8,1,4021.4,3,1,4021.3,9,2,4021.2,3,1,4023.3,15,4,4023.4,213,4,4023.5,40,3,4023.6,118,6,4023.7,40,2
11483,2026-07-02 11:48:47+05:30,4022.2,2,4042.72,994575,137884.0,159315.0,4100.0,4110.0,4012.0,4092.6,24231550,4501.8,3683.4,4440.0,3288.1,4022.2,2,2,4021.7,8,1,4021.4,3,1,4021.3,9,2,4021.2,3,1,4023.3,15,4,4023.4,213,4,4023.5,40,3,4023.6,118,6,4023.7,40,2
11483,2026-07-02 11:48:47+05:30,4022.2,2,4042.72,994578,137715.0,159375.0,4100.0,4110.0,4012.0,4092.6,24231550,4501.8,3683.4,4440.0,3288.1,4021.7,8,1,4021.4,3,1,4021.3,9,2,4021.2,3,1,4021.1,26,3,4023.2,11,2,4023.3,52,3,4023.4,213,4,4023.5,86,5,4023.6,135,8
11483,2026-07-02 11:48:47+05:30,4022.2,2,4042.72,994578,137715.0,159375.0,4100.0,4110.0,4012.0,4092.6,24231550,4501.8,3683.4,4440.0,3288.1,4021.7,8,1,4021.4,3,1,4021.3,9,2,4021.2,3,1,4021.1,26,3,4023.2,11,2,4023.3,52,3,4023.4,213,4,4023.5,86,5,4023.6,135,8
11483,2026-07-02 11:48:48+05:30,4022.2,2,4042.72,994578,137715.0,159375.0,4100.0,4110.0,4012.0,4092.6,24231550,4501.8,3683.4,4440.0,3288.1,4021.7,8,1,4021.4,3,1,4021.3,9,2,4021.2,3,1,4021.1,26,3,4023.2,11,2,4023.3,52,3,4023.4,213,4,4023.5,86,5,4023.6,135,8
11483,2026-07-02 11:48:48+05:30,4022.2,2,4042.72,994578,137713.0,159370.0,4100.0,4110.0,4012.0,4092.6,24231550,4501.8,3683.4,4440.0,3288.1,4021.7,8,1,4021.4,3,1,4021.3,9,2,4021.2,3,1,4021.1,26,3,4023.2,11,2,4023.3,49,2,4023.4,213,4,4023.5,86,5,4023.6,135,8
11483,2026-07-02 11:48:48+05:30,4022.2,2,4042.72,994578,137713.0,159370.0,4100.0,4110.0,4012.0,4092.6,24231550,4501.8,3683.4,4440.0,3288.1,4021.7,8,1,4021.4,3,1,4021.3,9,2,4021.2,3,1,4021.1,26,3,4023.2,11,2,4023.3,49,2,4023.4,213,4,4023.5,86,5,4023.6,135,8
11483,2026-07-02 11:48:49+05:30,4023.1,43,4042.72,994578,137713.0,159370.0,4100.0,4110.0,4012.0,4092.6,24231550,4501.8,3683.4,4440.0,3288.1,4021.7,8,1,4021.4,3,1,4021.3,9,2,4021.2,3,1,4021.1,26,3,4023.2,11,2,4023.3,49,2,4023.4,213,4,4023.5,86,5,4023.6,135,8
11483,2026-07-02 11:48:49+05:30,4023.1,43,4042.72,994621,137758.0,159239.0,4100.0,4110.0,4012.0,4092.6,24231550,4501.8,3683.4,4440.0,3288.1,4021.7,8,1,4021.4,6,2,4021.3,9,2,4021.2,3,1,4021.1,48,4,4023.1,132,1,4023.2,6,1,4023.3,49,2,4023.4,200,3,4023.5,86,5
11483,2026-07-02 11:48:50+05:30,4021.7,5,4042.72,994621,137758.0,159239.0,4100.0,4110.0,4012.0,4092.6,24231550,4501.8,3683.4,4440.0,3288.1,4021.7,8,1,4021.4,6,2,4021.3,9,2,4021.2,3,1,4021.1,48,4,4023.1,132,1,4023.2,6,1,4023.3,49,2,4023.4,200,3,4023.5,86,5
11483,2026-07-02 11:48:50+05:30,4021.7,5,4042.72,994626,138372.0,159242.0,4100.0,4110.0,4012.0,4092.6,24231550,4501.8,3683.4,4440.0,3288.1,4022.2,67,4,4021.4,3,1,4021.3,9,2,4021.2,3,1,4021.1,53,5,4022.7,132,1,4023.2,6,1,4023.3,49,2,4023.4,202,4,4023.5,38,2
11483,2026-07-02 11:48:51+05:30,4022.2,1,4042.72,994626,138372.0,159242.0,4100.0,4110.0,4012.0,4092.6,24231550,4501.8,3683.4,4440.0,3288.1,4022.2,67,4,4021.4,3,1,4021.3,9,2,4021.2,3,1,4021.1,53,5,4022.7,132,1,4023.2,6,1,4023.3,49,2,4023.4,202,4,4023.5,38,2
11483,2026-07-02 11:48:51+05:30,4022.2,1,4042.72,994627,138371.0,159256.0,4100.0,4110.0,4012.0,4092.6,24231550,4501.8,3683.4,4440.0,3288.1,4022.2,66,4,4022.0,5,1,4021.4,3,1,4021.3,9,2,4021.2,3,1,4022.7,132,1,4023.3,49,2,4023.4,202,4,4023.5,38,2,4023.6,130,7
11483,2026-07-02 11:48:52+05:30,4022.7,1,4042.72,994627,138371.0,159256.0,4100.0,4110.0,4012.0,4092.6,24231550,4501.8,3683.4,4440.0,3288.1,4022.2,66,4,4022.0,5,1,4021.4,3,1,4021.3,9,2,4021.2,3,1,4022.7,132,1,4023.3,49,2,4023.4,202,4,4023.5,38,2,4023.6,130,7
11483,2026-07-02 11:48:52+05:30,4022.7,1,4042.72,994628,138476.0,159184.0,4100.0,4110.0,4012.0,4092.6,24231550,4501.8,3683.4,4440.0,3288.1,4022.4,1,1,4022.2,66,4,4022.0,5,1,4021.4,3,1,4021.3,9,2,4022.7,131,1,4023.3,1,1,4023.4,202,4,4023.5,38,2,4023.6,92,6
11483,2026-07-02 11:48:53+05:30,4022.7,1,4042.72,994628,138476.0,159318.0,4100.0,4110.0,4012.0,4092.6,24231550,4501.8,3683.4,4440.0,3288.1,4022.4,1,1,4022.2,66,4,4022.0,6,2,4021.4,9,2,4021.3,9,2,4022.7,131,1,4023.3,1,1,4023.4,200,3,4023.5,24,2,4023.6,62,5
11483,2026-07-02 11:48:54+05:30,4022.7,3,4042.72,994628,138476.0,159318.0,4100.0,4110.0,4012.0,4092.6,24231550,4501.8,3683.4,4440.0,3288.1,4022.4,1,1,4022.2,66,4,4022.0,6,2,4021.4,9,2,4021.3,9,2,4022.7,131,1,4023.3,1,1,4023.4,200,3,4023.5,24,2,4023.6,62,5
11483,2026-07-02 11:48:54+05:30,4022.7,3,4042.72,994631,138472.0,159288.0,4100.0,4110.0,4012.0,4092.6,24231550,4501.8,3683.4,4440.0,3288.1,4022.4,1,1,4022.2,66,4,4022.0,6,2,4021.4,9,2,4021.3,9,2,4022.7,129,2,4023.0,60,1,4023.3,1,1,4023.4,200,3,4023.5,24,2
11483,2026-07-02 11:48:55+05:30,4022.4,1,4042.72,994631,138472.0,159288.0,4100.0,4110.0,4012.0,4092.6,24231550,4501.8,3683.4,4440.0,3288.1,4022.4,1,1,4022.2,66,4,4022.0,6,2,4021.4,9,2,4021.3,9,2,4022.7,129,2,4023.0,60,1,4023.3,1,1,4023.4,200,3,4023.5,24,2
11483,2026-07-02 11:48:55+05:30,4022.4,1,4042.72,994632,138419.0,159288.0,4100.0,4110.0,4012.0,4092.6,24231550,4501.8,3683.4,4440.0,3288.1,4022.4,1,1,4022.2,66,4,4022.0,6,2,4021.3,9,2,4021.2,3,1,4022.7,129,2,4023.0,60,1,4023.2,6,1,4023.3,1,1,4023.4,200,3
11483,2026-07-02 11:48:56+05:30,4022.7,1,4042.72,994632,138419.0,159288.0,4100.0,4110.0,4012.0,4092.6,24231550,4501.8,3683.4,4440.0,3288.1,4022.4,1,1,4022.2,66,4,4022.0,6,2,4021.3,9,2,4021.2,3,1,4022.7,129,2,4023.0,60,1,4023.2,6,1,4023.3,1,1,4023.4,200,3
11483,2026-07-02 11:48:56+05:30,4022.7,1,4042.72,994635,138478.0,159271.0,4100.0,4110.0,4012.0,4092.6,24231550,4501.8,3683.4,4440.0,3288.1,4022.4,1,1,4022.2,66,4,4022.0,20,3,4021.3,16,4,4021.2,3,1,4022.7,127,2,4023.0,60,1,4023.3,1,1,4023.4,200,3,4023.5,22,1
11483,2026-07-02 11:48:57+05:30,4022.7,1,4042.72,994635,138478.0,159271.0,4100.0,4110.0,4012.0,4092.6,24231550,4501.8,3683.4,4440.0,3288.1,4022.4,1,1,4022.2,66,4,4022.0,20,3,4021.3,16,4,4021.2,3,1,4022.7,127,2,4023.0,60,1,4023.3,1,1,4023.4,200,3,4023.5,22,1
11483,2026-07-02 11:48:57+05:30,4022.7,1,4042.72,994637,138536.0,159199.0,4100.0,4110.0,4012.0,4092.6,24231550,4501.8,3683.4,4440.0,3288.1,4022.2,76,5,4022.0,20,3,4021.8,25,2,4021.7,32,3,4021.5,41,2,4022.7,126,2,4023.0,60,1,4023.3,1,1,4023.4,175,1,4023.6,26,2
11483,2026-07-02 11:48:58+05:30,4022.7,1,4042.72,994637,138561.0,159215.0,4100.0,4110.0,4012.0,4092.6,24231550,4501.8,3683.4,4440.0,3288.1,4022.2,76,5,4022.0,20,3,4021.8,12,1,4021.7,26,2,4021.6,6,1,4022.7,126,2,4023.0,60,1,4023.3,1,1,4023.4,175,1,4023.6,26,2
11483,2026-07-02 11:48:59+05:30,4022.2,2,4042.72,994637,138561.0,159215.0,4100.0,4110.0,4012.0,4092.6,24231550,4501.8,3683.4,4440.0,3288.1,4022.2,76,5,4022.0,20,3,4021.8,12,1,4021.7,26,2,4021.6,6,1,4022.7,126,2,4023.0,60,1,4023.3,1,1,4023.4,175,1,4023.6,26,2
11483,2026-07-02 11:48:59+05:30,4022.2,2,4042.72,994653,138501.0,158990.0,4100.0,4110.0,4012.0,4092.6,24231550,4501.8,3683.4,4440.0,3288.1,4022.2,69,3,4022.0,20,3,4021.8,12,1,4021.7,13,1,4021.6,6,1,4022.7,116,1,4023.0,60,1,4023.3,1,1,4023.5,2,1,4023.6,26,2
11483,2026-07-02 11:49:00+05:30,4022.2,2,4042.72,994653,138501.0,158990.0,4100.0,4110.0,4012.0,4092.6,24231550,4501.8,3683.4,4440.0,3288.1,4022.2,69,3,4022.0,20,3,4021.8,12,1,4021.7,13,1,4021.6,6,1,4022.7,116,1,4023.0,60,1,4023.3,1,1,4023.5,2,1,4023.6,26,2
11483,2026-07-02 11:49:00+05:30,4022.2,2,4042.72,994655,138113.0,159019.0,4100.0,4110.0,4012.0,4092.6,24231550,4501.8,3683.4,4440.0,3288.1,4022.2,50,1,4022.0,20,3,4021.3,28,3,4021.2,4,2,4021.1,48,5,4022.7,116,1,4023.0,60,1,4023.3,1,1,4023.5,30,3,4023.6,28,3
11483,2026-07-02 11:49:01+05:30,4022.7,3,4042.72,994655,138113.0,159019.0,4100.0,4110.0,4012.0,4092.6,24231550,4501.8,3683.4,4440.0,3288.1,4022.2,50,1,4022.0,20,3,4021.3,28,3,4021.2,4,2,4021.1,48,5,4022.7,116,1,4023.0,60,1,4023.3,1,1,4023.5,30,3,4023.6,28,3
11483,2026-07-02 11:49:01+05:30,4022.7,5,4042.72,994665,138178.0,159604.0,4100.0,4110.0,4012.0,4092.6,24231550,4501.8,3683.4,4440.0,3288.1,4022.2,50,1,4022.0,25,4,4021.4,1,1,4021.3,54,5,4021.2,5,2,4022.9,106,1,4023.0,60,1,4023.3,1,1,4023.5,22,1,4023.6,14,1
11483,2026-07-02 11:49:02+05:30,4022.2,2,4042.72,994674,138129.0,159992.0,4100.0,4110.0,4012.0,4092.6,24231550,4501.8,3683.4,4440.0,3288.1,4022.5,1,1,4022.2,41,1,4022.0,25,4,4021.4,3,2,4021.3,48,4,4022.9,106,1,4023.0,60,1,4023.3,1,1,4023.5,22,1,4023.6,14,1
11483,2026-07-02 11:49:02+05:30,4022.5,1,4042.72,994674,138129.0,159992.0,4100.0,4110.0,4012.0,4092.6,24231550,4501.8,3683.4,4440.0,3288.1,4022.5,1,1,4022.2,41,1,4022.0,25,4,4021.4,3,2,4021.3,48,4,4022.9,106,1,4023.0,60,1,4023.3,1,1,4023.5,22,1,4023.6,14,1
11483,2026-07-02 11:49:02+05:30,4022.5,1,4042.72,994675,138584.0,159978.0,4100.0,4110.0,4012.0,4092.6,24231550,4501.8,3683.4,4440.0,3288.1,4022.5,1,1,4022.2,41,1,4022.0,50,5,4021.8,3,1,4021.7,5,1,4022.9,106,1,4023.0,60,1,4023.3,1,1,4023.6,14,1,4023.7,1,1
11483,2026-07-02 11:49:03+05:30,4022.8,5,4042.72,994680,138463.0,160646.0,4100.0,4110.0,4012.0,4092.6,24231550,4501.8,3683.4,4440.0,3288.1,4022.7,2,1,4022.5,1,1,4022.2,41,1,4022.0,50,5,4021.8,3,1,4022.8,101,1,4022.9,2,2,4023.0,60,1,4023.3,1,1,4023.6,14,1
11483,2026-07-02 11:49:04+05:30,4022.7,1,4042.72,994680,138463.0,160646.0,4100.0,4110.0,4012.0,4092.6,24231550,4501.8,3683.4,4440.0,3288.1,4022.7,2,1,4022.5,1,1,4022.2,41,1,4022.0,50,5,4021.8,3,1,4022.8,101,1,4022.9,2,2,4023.0,60,1,4023.3,1,1,4023.6,14,1
11483,2026-07-02 11:49:04+05:30,4022.8,18,4042.72,994699,138536.0,160635.0,4100.0,4110.0,4012.0,4092.6,24231550,4501.8,3683.4,4440.0,3288.1,4022.7,1,1,4022.5,1,1,4022.2,41,1,4022.0,50,5,4021.8,3,1,4022.8,83,1,4022.9,2,2,4023.0,60,1,4023.3,1,1,4023.6,14,1
11483,2026-07-02 11:49:05+05:30,4022.7,1,4042.72,994699,138536.0,160635.0,4100.0,4110.0,4012.0,4092.6,24231550,4501.8,3683.4,4440.0,3288.1,4022.7,1,1,4022.5,1,1,4022.2,41,1,4022.0,50,5,4021.8,3,1,4022.8,83,1,4022.9,2,2,4023.0,60,1,4023.3,1,1,4023.6,14,1
11483,2026-07-02 11:49:05+05:30,4022.6,1,4042.72,994706,138886.0,160452.0,4100.0,4110.0,4012.0,4092.6,24231550,4501.8,3683.4,4440.0,3288.1,4022.2,37,1,4022.0,58,6,4021.9,9,1,4021.8,12,1,4021.7,5,1,4022.6,82,1,4022.7,1,1,4022.9,2,2,4023.0,60,1,4023.3,1,1
11483,2026-07-02 11:49:06+05:30,4022.6,7,4042.72,994706,138886.0,160452.0,4100.0,4110.0,4012.0,4092.6,24231550,4501.8,3683.4,4440.0,3288.1,4022.2,37,1,4022.0,58,6,4021.9,9,1,4021.8,12,1,4021.7,5,1,4022.6,82,1,4022.7,1,1,4022.9,2,2,4023.0,60,1,4023.3,1,1
11483,2026-07-02 11:49:06+05:30,4022.2,1,4042.72,994715,138917.0,160552.0,4100.0,4110.0,4012.0,4092.6,24231550,4501.8,3683.4,4440.0,3288.1,4022.2,35,1,4022.0,63,7,4021.9,9,1,4021.8,12,1,4021.5,33,3,4022.6,75,1,4022.7,1,1,4022.9,1,1,4023.0,60,1,4023.3,1,1
11483,2026-07-02 11:49:07+05:30,4022.2,1,4042.72,994715,138917.0,160552.0,4100.0,4110.0,4012.0,4092.6,24231550,4501.8,3683.4,4440.0,3288.1,4022.2,35,1,4022.0,63,7,4021.9,9,1,4021.8,12,1,4021.5,33,3,4022.6,75,1,4022.7,1,1,4022.9,1,1,4023.0,60,1,4023.3,1,1
11483,2026-07-02 11:49:07+05:30,4023.0,37,4042.71,994853,139735.0,159857.0,4100.0,4110.0,4012.0,4092.6,24231550,4501.8,3683.4,4440.0,3288.1,4022.8,72,7,4022.7,19,3,4022.6,60,4,4022.5,29,5,4022.4,37,6,4023.3,1,1,4023.9,94,2,4024.0,14,1,4024.2,12,1,4024.5,17,2
11483,2026-07-02 11:49:08+05:30,4022.9,1,4042.71,994853,139735.0,159857.0,4100.0,4110.0,4012.0,4092.6,24231550,4501.8,3683.4,4440.0,3288.1,4022.8,72,7,4022.7,19,3,4022.6,60,4,4022.5,29,5,4022.4,37,6,4023.3,1,1,4023.9,94,2,4024.0,14,1,4024.2,12,1,4024.5,17,2
11483,2026-07-02 11:49:08+05:30,4023.3,1,4042.71,994874,139755.0,159392.0,4100.0,4110.0,4012.0,4092.6,24231550,4501.8,3683.4,4440.0,3288.1,4023.2,43,5,4023.1,21,5,4023.0,12,3,4022.9,10,2,4022.8,18,3,4023.3,1,1,4023.9,94,2,4024.5,17,2,4024.6,62,1,4024.8,13,1
11483,2026-07-02 11:49:09+05:30,4023.3,1,4042.71,994874,139755.0,159392.0,4100.0,4110.0,4012.0,4092.6,24231550,4501.8,3683.4,4440.0,3288.1,4023.2,43,5,4023.1,21,5,4023.0,12,3,4022.9,10,2,4022.8,18,3,4023.3,1,1,4023.9,94,2,4024.5,17,2,4024.6,62,1,4024.8,13,1
11483,2026-07-02 11:49:09+05:30,4023.9,1,4042.71,994880,139903.0,159109.0,4100.0,4110.0,4012.0,4092.6,24231550,4501.8,3683.4,4440.0,3288.1,4023.3,25,4,4023.2,24,3,4023.1,11,3,4023.0,29,5,4022.9,10,2,4023.9,152,4,4024.5,5,1,4024.6,62,1,4024.8,13,1,4024.9,230,1
11483,2026-07-02 11:49:10+05:30,4023.3,1,4042.71,994880,139903.0,159109.0,4100.0,4110.0,4012.0,4092.6,24231550,4501.8,3683.4,4440.0,3288.1,4023.3,25,4,4023.2,24,3,4023.1,11,3,4023.0,29,5,4022.9,10,2,4023.9,152,4,4024.5,5,1,4024.6,62,1,4024.8,13,1,4024.9,230,1
11483,2026-07-02 11:49:10+05:30,4023.2,5,4042.71,995039,139723.0,159082.0,4100.0,4110.0,4012.0,4092.6,24231550,4501.8,3683.4,4440.0,3288.1,4023.2,8,1,4023.1,62,6,4023.0,4,1,4022.9,10,2,4022.8,18,3,4023.9,149,4,4024.5,5,1,4024.6,62,1,4024.8,13,1,4024.9,230,1
11483,2026-07-02 11:49:11+05:30,4023.2,2,4042.71,995039,139723.0,159082.0,4100.0,4110.0,4012.0,4092.6,24231550,4501.8,3683.4,4440.0,3288.1,4023.2,8,1,4023.1,62,6,4023.0,4,1,4022.9,10,2,4022.8,18,3,4023.9,149,4,4024.5,5,1,4024.6,62,1,4024.8,13,1,4024.9,230,1
11483,2026-07-02 11:49:11+05:30,4023.2,9,4042.71,995157,139699.0,158934.0,4100.0,4110.0,4012.0,4092.6,24231550,4501.8,3683.4,4440.0,3288.1,4023.1,40,7,4023.0,4,1,4022.9,11,3,4022.8,33,5,4022.7,24,4,4023.9,91,3,4024.5,5,1,4024.8,13,1,4024.9,230,1,4025.0,25,2
11483,2026-07-02 11:49:12+05:30,4023.2,1,4042.71,995157,139699.0,158934.0,4100.0,4110.0,4012.0,4092.6,24231550,4501.8,3683.4,4440.0,3288.1,4023.1,40,7,4023.0,4,1,4022.9,11,3,4022.8,33,5,4022.7,24,4,4023.9,91,3,4024.5,5,1,4024.8,13,1,4024.9,230,1,4025.0,25,2
11483,2026-07-02 11:49:12+05:30,4023.9,1,4042.71,995173,139778.0,159096.0,4100.0,4110.0,4012.0,4092.6,24231550,4501.8,3683.4,4440.0,3288.1,4023.5,1,1,4023.2,11,1,4023.0,4,1,4022.9,6,2,4022.8,14,3,4023.9,91,4,4024.5,5,1,4024.7,22,2,4024.8,13,1,4024.9,230,1
11483,2026-07-02 11:49:13+05:30,4023.9,5,4042.71,995173,139778.0,159096.0,4100.0,4110.0,4012.0,4092.6,24231550,4501.8,3683.4,4440.0,3288.1,4023.5,1,1,4023.2,11,1,4023.0,4,1,4022.9,6,2,4022.8,14,3,4023.9,91,4,4024.5,5,1,4024.7,22,2,4024.8,13,1,4024.9,230,1
11483,2026-07-02 11:49:13+05:30,4023.9,1,4042.71,995190,139649.0,159369.0,4100.0,4110.0,4012.0,4092.6,24231550,4501.8,3683.4,4440.0,3288.1,4022.8,25,3,4022.7,35,4,4022.6,12,2,4022.5,37,7,4022.4,65,5,4023.9,86,5,4024.4,2,1,4024.5,5,1,4024.7,25,2,4024.8,13,1
11483,2026-07-02 11:49:14+05:30,4022.0,5,4042.71,995190,139649.0,159369.0,4100.0,4110.0,4012.0,4092.6,24231550,4501.8,3683.4,4440.0,3288.1,4022.8,25,3,4022.7,35,4,4022.6,12,2,4022.5,37,7,4022.4,65,5,4023.9,86,5,4024.4,2,1,4024.5,5,1,4024.7,25,2,4024.8,13,1
11483,2026-07-02 11:49:14+05:30,4022.8,1,4042.71,995294,138908.0,159978.0,4100.0,4110.0,4012.0,4092.6,24231550,4501.8,3683.4,4440.0,3288.1,4022.6,4,1,4022.5,28,5,4022.4,15,3,4022.3,16,3,4022.2,24,3,4022.8,1,1,4023.9,98,6,4024.2,12,1,4024.4,22,2,4024.5,17,2
11483,2026-07-02 11:49:15+05:30,4022.6,5,4042.71,995294,138908.0,159978.0,4100.0,4110.0,4012.0,4092.6,24231550,4501.8,3683.4,4440.0,3288.1,4022.6,4,1,4022.5,28,5,4022.4,15,3,4022.3,16,3,4022.2,24,3,4022.8,1,1,4023.9,98,6,4024.2,12,1,4024.4,22,2,4024.5,17,2
11483,2026-07-02 11:49:15+05:30,4022.8,1,4042.7,995309,139359.0,159574.0,4100.0,4110.0,4012.0,4092.6,24231550,4501.8,3683.4,4440.0,3288.1,4022.6,38,4,4022.5,21,5,4022.4,12,2,4022.3,44,3,4022.2,24,3,4023.9,86,5,4024.3,34,1,4024.4,22,2,4024.5,17,2,4024.7,45,3
11483,2026-07-02 11:49:16+05:30,4023.3,1,4042.7,995309,139359.0,159574.0,4100.0,4110.0,4012.0,4092.6,24231550,4501.8,3683.4,4440.0,3288.1,4022.6,38,4,4022.5,21,5,4022.4,12,2,4022.3,44,3,4022.2,24,3,4023.9,86,5,4024.3,34,1,4024.4,22,2,4024.5,17,2,4024.7,45,3
11483,2026-07-02 11:49:16+05:30,4023.9,1,4042.7,995325,139457.0,159672.0,4100.0,4110.0,4012.0,4092.6,24231550,4501.8,3683.4,4440.0,3288.1,4022.6,26,3,4022.5,21,4,4022.4,7,1,4022.3,44,3,4022.2,29,4,4023.9,85,5,4024.3,6,2,4024.4,22,2,4024.5,17,2,4024.7,55,4
11483,2026-07-02 11:49:17+05:30,4023.9,1,4042.7,995325,139457.0,159672.0,4100.0,4110.0,4012.0,4092.6,24231550,4501.8,3683.4,4440.0,3288.1,4022.6,26,3,4022.5,21,4,4022.4,7,1,4022.3,44,3,4022.2,29,4,4023.9,85,5,4024.3,6,2,4024.4,22,2,4024.5,17,2,4024.7,55,4
11483,2026-07-02 11:49:17+05:30,4023.9,1,4042.7,995330,139444.0,159686.0,4100.0,4110.0,4012.0,4092.6,24231550,4501.8,3683.4,4440.0,3288.1,4022.6,24,3,4022.5,13,2,4022.4,41,2,4022.3,21,3,4022.2,29,4,4023.9,82,5,4024.3,6,2,4024.4,22,2,4024.5,17,2,4024.7,52,3
11483,2026-07-02 11:49:18+05:30,4022.6,1,4042.7,995330,139444.0,159686.0,4100.0,4110.0,4012.0,4092.6,24231550,4501.8,3683.4,4440.0,3288.1,4022.6,24,3,4022.5,13,2,4022.4,41,2,4022.3,21,3,4022.2,29,4,4023.9,82,5,4024.3,6,2,4024.4,22,2,4024.5,17,2,4024.7,52,3
11483,2026-07-02 11:49:18+05:30,4023.9,1,4042.7,995333,139454.0,159662.0,4100.0,4110.0,4012.0,4092.6,24231550,4501.8,3683.4,4440.0,3288.1,4022.5,27,3,4022.4,34,1,4022.3,7,1,4022.2,24,3,4022.1,12,3,4023.9,80,4,4024.2,2,1,4024.3,6,2,4024.4,23,2,4024.5,17,2
11483,2026-07-02 11:49:19+05:30,4022.5,1,4042.7,995333,139454.0,159662.0,4100.0,4110.0,4012.0,4092.6,24231550,4501.8,3683.4,4440.0,3288.1,4022.5,27,3,4022.4,34,1,4022.3,7,1,4022.2,24,3,4022.1,12,3,4023.9,80,4,4024.2,2,1,4024.3,6,2,4024.4,23,2,4024.5,17,2
11483,2026-07-02 11:49:19+05:30,4023.9,1,4042.7,995674,139235.0,159834.0,4100.0,4110.0,4012.0,4092.6,24231550,4501.8,3683.4,4440.0,3288.1,4022.5,11,1,4022.1,1,1,4022.0,31,3,4021.8,12,1,4021.7,25,1,4023.9,14,3,4024.0,137,8,4024.1,45,4,4024.2,144,6,4024.3,62,3
11483,2026-07-02 11:49:20+05:30,4022.5,1,4042.7,995674,139235.0,159834.0,4100.0,4110.0,4012.0,4092.6,24231550,4501.8,3683.4,4440.0,3288.1,4022.5,11,1,4022.1,1,1,4022.0,31,3,4021.8,12,1,4021.7,25,1,4023.9,14,3,4024.0,137,8,4024.1,45,4,4024.2,144,6,4024.3,62,3
11483,2026-07-02 11:49:20+05:30,4022.5,10,4042.7,995712,138246.0,160393.0,4100.0,4110.0,4012.0,4092.6,24231550,4501.8,3683.4,4440.0,3288.1,4022.0,37,3,4021.7,19,3,4021.6,1,1,4021.5,50,2,4021.4,38,3,4022.5,4,1,4023.7,21,1,4023.8,47,3,4023.9,44,6,4024.0,76,3
11483,2026-07-02 11:49:21+05:30,4022.5,1,4042.7,995712,138246.0,160393.0,4100.0,4110.0,4012.0,4092.6,24231550,4501.8,3683.4,4440.0,3288.1,4022.0,37,3,4021.7,19,3,4021.6,1,1,4021.5,50,2,4021.4,38,3,4022.5,4,1,4023.7,21,1,4023.8,47,3,4023.9,44,6,4024.0,76,3
11483,2026-07-02 11:49:21+05:30,4022.5,1,4042.7,995721,138190.0,160455.0,4100.0,4110.0,4012.0,4092.6,24231550,4501.8,3683.4,4440.0,3288.1,4022.0,33,3,4021.4,20,3,4021.3,40,4,4021.2,7,2,4021.1,43,3,4022.5,3,1,4023.7,94,3,4023.8,76,4,4023.9,44,6,4024.0,78,4
11483,2026-07-02 11:49:22+05:30,4022.0,1,4042.7,995721,138190.0,160455.0,4100.0,4110.0,4012.0,4092.6,24231550,4501.8,3683.4,4440.0,3288.1,4022.0,33,3,4021.4,20,3,4021.3,40,4,4021.2,7,2,4021.1,43,3,4022.5,3,1,4023.7,94,3,4023.8,76,4,4023.9,44,6,4024.0,78,4
11483,2026-07-02 11:49:22+05:30,4022.5,5,4042.7,995730,138265.0,159938.0,4100.0,4110.0,4012.0,4092.6,24231550,4501.8,3683.4,4440.0,3288.1,4022.2,1,1,4022.0,32,3,4021.7,11,1,4021.5,2,1,4021.4,28,2,4023.5,7,1,4023.6,12,3,4023.7,64,3,4023.8,28,3,4023.9,54,5
11483,2026-07-02 11:49:23+05:30,4022.2,2,4042.7,995730,138265.0,159938.0,4100.0,4110.0,4012.0,4092.6,24231550,4501.8,3683.4,4440.0,3288.1,4022.2,1,1,4022.0,32,3,4021.7,11,1,4021.5,2,1,4021.4,28,2,4023.5,7,1,4023.6,12,3,4023.7,64,3,4023.8,28,3,4023.9,54,5
11483,2026-07-02 11:49:23+05:30,4023.5,1,4042.7,995733,138226.0,159782.0,4100.0,4110.0,4012.0,4092.6,24231550,4501.8,3683.4,4440.0,3288.1,4022.0,32,3,4021.7,5,2,4021.6,6,2,4021.5,45,1,4021.4,16,1,4023.5,29,2,4023.6,2,2,4023.7,20,1,4023.8,27,2,4023.9,36,4
11483,2026-07-02 11:49:24+05:30,4023.5,1,4042.7,995733,138226.0,159782.0,4100.0,4110.0,4012.0,4092.6,24231550,4501.8,3683.4,4440.0,3288.1,4022.0,32,3,4021.7,5,2,4021.6,6,2,4021.5,45,1,4021.4,16,1,4023.5,29,2,4023.6,2,2,4023.7,20,1,4023.8,27,2,4023.9,36,4
11483,2026-07-02 11:49:24+05:30,4023.9,1,4042.7,995755,139060.0,159907.0,4100.0,4110.0,4012.0,4092.6,24231550,4501.8,3683.4,4440.0,3288.1,4022.6,50,1,4022.2,30,3,4022.1,32,5,4022.0,36,5,4021.9,22,3,4024.0,87,4,4024.1,68,5,4024.2,89,4,4024.3,12,2,4024.4,61,4
11483,2026-07-02 11:49:25+05:30,4024.0,1,4042.7,995755,139060.0,159907.0,4100.0,4110.0,4012.0,4092.6,24231550,4501.8,3683.4,4440.0,3288.1,4022.6,50,1,4022.2,30,3,4022.1,32,5,4022.0,36,5,4021.9,22,3,4024.0,87,4,4024.1,68,5,4024.2,89,4,4024.3,12,2,4024.4,61,4
11483,2026-07-02 11:49:25+05:30,4023.9,1,4042.7,995784,139082.0,159935.0,4100.0,4110.0,4012.0,4092.6,24231550,4501.8,3683.4,4440.0,3288.1,4022.6,47,1,4022.2,30,3,4022.1,32,5,4022.0,37,6,4021.9,22,3,4024.0,87,5,4024.1,66,4,4024.2,91,5,4024.3,28,3,4024.4,61,4
11483,2026-07-02 11:49:26+05:30,4024.0,2,4042.7,995784,139082.0,159935.0,4100.0,4110.0,4012.0,4092.6,24231550,4501.8,3683.4,4440.0,3288.1,4022.6,47,1,4022.2,30,3,4022.1,32,5,4022.0,37,6,4021.9,22,3,4024.0,87,5,4024.1,66,4,4024.2,91,5,4024.3,28,3,4024.4,61,4
11483,2026-07-02 11:49:26+05:30,4023.9,175,4042.69,996343,139986.0,158749.0,4100.0,4110.0,4012.0,4092.6,24231550,4501.8,3683.4,4440.0,3288.1,4023.9,254,1,4022.7,2,1,4022.6,43,1,4022.5,15,2,4022.4,186,2,4024.0,20,4,4024.2,6,1,4024.3,1,1,4024.5,11,2,4024.7,16,1
11483,2026-07-02 11:49:27+05:30,4023.9,67,4042.69,996343,139986.0,158749.0,4100.0,4110.0,4012.0,4092.6,24231550,4501.8,3683.4,4440.0,3288.1,4023.9,254,1,4022.7,2,1,4022.6,43,1,4022.5,15,2,4022.4,186,2,4024.0,20,4,4024.2,6,1,4024.3,1,1,4024.5,11,2,4024.7,16,1
11483,2026-07-02 11:49:27+05:30,4023.9,12,4042.68,996611,139708.0,159591.0,4100.0,4110.0,4012.0,4092.6,24231550,4501.8,3683.4,4440.0,3288.1,4023.5,1,1,4022.6,72,3,4022.4,3,1,4022.3,23,1,4022.2,3,1,4023.9,150,2,4024.0,19,3,4024.3,1,1,4024.5,7,2,4024.6,20,1
11483,2026-07-02 11:49:28+05:30,4022.0,14,4042.68,996611,139708.0,159591.0,4100.0,4110.0,4012.0,4092.6,24231550,4501.8,3683.4,4440.0,3288.1,4023.5,1,1,4022.6,72,3,4022.4,3,1,4022.3,23,1,4022.2,3,1,4023.9,150,2,4024.0,19,3,4024.3,1,1,4024.5,7,2,4024.6,20,1
11483,2026-07-02 11:49:28+05:30,4023.5,3,4042.68,996768,139624.0,159531.0,4100.0,4110.0,4012.0,4092.6,24231550,4501.8,3683.4,4440.0,3288.1,4022.6,65,5,4022.5,20,3,4022.4,22,2,4022.3,6,1,4022.2,64,3,4023.5,1,1,4024.0,19,3,4024.1,5,1,4024.3,1,1,4024.5,17,2
11483,2026-07-02 11:49:29+05:30,4022.6,1,4042.68,996768,139624.0,159531.0,4100.0,4110.0,4012.0,4092.6,24231550,4501.8,3683.4,4440.0,3288.1,4022.6,65,5,4022.5,20,3,4022.4,22,2,4022.3,6,1,4022.2,64,3,4023.5,1,1,4024.0,19,3,4024.1,5,1,4024.3,1,1,4024.5,17,2
11483,2026-07-02 11:49:29+05:30,4023.5,1,4042.68,996806,139347.0,159678.0,4100.0,4110.0,4012.0,4092.6,24231550,4501.8,3683.4,4440.0,3288.1,4022.5,12,2,4022.4,10,1,4022.3,11,2,4022.2,45,3,4022.1,35,4,4023.5,4,1,4024.0,28,4,4024.1,5,1,4024.3,1,1,4024.4,33,3
11483,2026-07-02 11:49:30+05:30,4022.5,3,4042.68,996806,139347.0,159678.0,4100.0,4110.0,4012.0,4092.6,24231550,4501.8,3683.4,4440.0,3288.1,4022.5,12,2,4022.4,10,1,4022.3,11,2,4022.2,45,3,4022.1,35,4,4023.5,4,1,4024.0,28,4,4024.1,5,1,4024.3,1,1,4024.4,33,3
11483,2026-07-02 11:49:30+05:30,4022.5,3,4042.68,996810,139601.0,159731.0,4100.0,4110.0,4012.0,4092.6,24231550,4501.8,3683.4,4440.0,3288.1,4023.0,13,3,4022.5,1,1,4022.3,11,2,4022.2,12,1,4022.1,33,3,4023.5,5,2,4024.0,249,4,4024.1,5,1,4024.3,1,1,4024.4,21,2
11483,2026-07-02 11:49:31+05:30,4023.0,1,4042.68,996810,139601.0,159731.0,4100.0,4110.0,4012.0,4092.6,24231550,4501.8,3683.4,4440.0,3288.1,4023.0,13,3,4022.5,1,1,4022.3,11,2,4022.2,12,1,4022.1,33,3,4023.5,5,2,4024.0,249,4,4024.1,5,1,4024.3,1,1,4024.4,21,2
11483,2026-07-02 11:49:31+05:30,4023.0,1,4042.68,996811,139609.0,159726.0,4100.0,4110.0,4012.0,4092.6,24231550,4501.8,3683.4,4440.0,3288.1,4023.0,13,3,4022.5,1,1,4022.3,11,2,4022.2,12,1,4022.1,33,3,4023.5,5,2,4024.0,249,4,4024.1,5,1,4024.3,2,2,4024.4,20,1
11483,2026-07-02 11:49:32+05:30,4023.2,1,4042.68,996812,139690.0,160254.0,4100.0,4110.0,4012.0,4092.6,24231550,4501.8,3683.4,4440.0,3288.1,4023.2,1,1,4023.0,13,3,4022.5,1,1,4022.3,11,2,4022.2,27,2,4023.5,5,2,4024.0,249,4,4024.1,5,1,4024.3,1,1,4024.4,21,2
11483,2026-07-02 11:49:33+05:30,4023.2,1,4042.68,996812,139690.0,160254.0,4100.0,4110.0,4012.0,4092.6,24231550,4501.8,3683.4,4440.0,3288.1,4023.2,1,1,4023.0,13,3,4022.5,1,1,4022.3,11,2,4022.2,27,2,4023.5,5,2,4024.0,249,4,4024.1,5,1,4024.3,1,1,4024.4,21,2
11483,2026-07-02 11:49:33+05:30,4023.2,1,4042.68,996813,139664.0,160269.0,4100.0,4110.0,4012.0,4092.6,24231550,4501.8,3683.4,4440.0,3288.1,4023.2,1,1,4023.0,13,3,4022.5,1,1,4022.3,11,2,4022.2,27,2,4023.5,6,3,4024.0,249,4,4024.1,5,1,4024.3,1,1,4024.4,21,2
11483,2026-07-02 11:49:34+05:30,4023.2,1,4042.68,996813,139664.0,160269.0,4100.0,4110.0,4012.0,4092.6,24231550,4501.8,3683.4,4440.0,3288.1,4023.2,1,1,4023.0,13,3,4022.5,1,1,4022.3,11,2,4022.2,27,2,4023.5,6,3,4024.0,249,4,4024.1,5,1,4024.3,1,1,4024.4,21,2
11483,2026-07-02 11:49:34+05:30,4023.3,1,4042.68,996814,139703.0,160080.0,4100.0,4110.0,4012.0,4092.6,24231550,4501.8,3683.4,4440.0,3288.1,4023.3,1,1,4023.2,1,1,4023.0,38,4,4022.5,15,2,4022.3,4,1,4023.5,6,3,4024.0,249,4,4024.3,1,1,4024.4,20,1,4024.5,46,5
11483,2026-07-02 11:49:35+05:30,4023.3,1,4042.68,996814,139703.0,160080.0,4100.0,4110.0,4012.0,4092.6,24231550,4501.8,3683.4,4440.0,3288.1,4023.3,1,1,4023.2,1,1,4023.0,38,4,4022.5,15,2,4022.3,4,1,4023.5,6,3,4024.0,249,4,4024.3,1,1,4024.4,20,1,4024.5,46,5
11483,2026-07-02 11:49:35+05:30,4023.3,1,4042.68,996816,139814.0,160091.0,4100.0,4110.0,4012.0,4092.6,24231550,4501.8,3683.4,4440.0,3288.1,4023.3,1,1,4023.2,1,1,4023.0,38,4,4022.5,1,1,4022.3,4,1,4023.5,6,3,4024.0,249,4,4024.3,1,1,4024.4,20,1,4024.5,46,5
11483,2026-07-02 11:49:36+05:30,4023.3,1,4042.68,996816,139814.0,160091.0,4100.0,4110.0,4012.0,4092.6,24231550,4501.8,3683.4,4440.0,3288.1,4023.3,1,1,4023.2,1,1,4023.0,38,4,4022.5,1,1,4022.3,4,1,4023.5,6,3,4024.0,249,4,4024.3,1,1,4024.4,20,1,4024.5,46,5
11483,2026-07-02 11:49:36+05:30,4023.3,1,4042.68,996833,139606.0,159207.0,4100.0,4110.0,4012.0,4092.6,24231550,4501.8,3683.4,4440.0,3288.1,4023.3,2,1,4023.2,1,1,4023.0,38,4,4022.5,1,1,4022.3,23,1,4023.5,4,1,4024.0,241,4,4024.3,1,1,4024.4,18,1,4024.5,11,2
11483,2026-07-02 11:49:37+05:30,4023.5,1,4042.68,996833,139606.0,159207.0,4100.0,4110.0,4012.0,4092.6,24231550,4501.8,3683.4,4440.0,3288.1,4023.3,2,1,4023.2,1,1,4023.0,38,4,4022.5,1,1,4022.3,23,1,4023.5,4,1,4024.0,241,4,4024.3,1,1,4024.4,18,1,4024.5,11,2
11483,2026-07-02 11:49:37+05:30,4023.5,1,4042.68,996846,139811.0,159356.0,4100.0,4110.0,4012.0,4092.6,24231550,4501.8,3683.4,4440.0,3288.1,4023.5,1,1,4023.0,38,4,4022.5,1,1,4022.3,23,1,4022.2,33,2,4024.0,255,5,4024.2,12,1,4024.3,1,1,4024.4,2,1,4024.5,26,3
11483,2026-07-02 11:49:38+05:30,4023.5,2,4042.68,996846,139811.0,159356.0,4100.0,4110.0,4012.0,4092.6,24231550,4501.8,3683.4,4440.0,3288.1,4023.5,1,1,4023.0,38,4,4022.5,1,1,4022.3,23,1,4022.2,33,2,4024.0,255,5,4024.2,12,1,4024.3,1,1,4024.4,2,1,4024.5,26,3
11483,2026-07-02 11:49:38+05:30,4023.0,1,4042.68,996849,139972.0,159382.0,4100.0,4110.0,4012.0,4092.6,24231550,4501.8,3683.4,4440.0,3288.1,4023.0,38,4,4022.5,1,1,4022.3,23,1,4022.2,33,2,4022.1,28,3,4024.0,255,5,4024.2,12,1,4024.3,1,1,4024.4,2,1,4024.5,50,4
11483,2026-07-02 11:49:39+05:30,4024.0,1,4042.68,996849,139972.0,159382.0,4100.0,4110.0,4012.0,4092.6,24231550,4501.8,3683.4,4440.0,3288.1,4023.0,38,4,4022.5,1,1,4022.3,23,1,4022.2,33,2,4022.1,28,3,4024.0,255,5,4024.2,12,1,4024.3,1,1,4024.4,2,1,4024.5,50,4
11483,2026-07-02 11:49:39+05:30,4023.0,1,4042.68,996852,139966.0,159416.0,4100.0,4110.0,4012.0,4092.6,24231550,4501.8,3683.4,4440.0,3288.1,4023.2,1,1,4023.0,27,3,4022.5,1,1,4022.3,23,1,4022.2,33,2,4023.9,14,2,4024.0,248,4,4024.1,15,1,4024.2,54,4,4024.3,2,2
11483,2026-07-02 11:49:40+05:30,4023.2,1,4042.68,996852,139966.0,159416.0,4100.0,4110.0,4012.0,4092.6,24231550,4501.8,3683.4,4440.0,3288.1,4023.2,1,1,4023.0,27,3,4022.5,1,1,4022.3,23,1,4022.2,33,2,4023.9,14,2,4024.0,248,4,4024.1,15,1,4024.2,54,4,4024.3,2,2
11483,2026-07-02 11:49:40+05:30,4023.3,1,4042.68,996855,139924.0,159545.0,4100.0,4110.0,4012.0,4092.6,24231550,4501.8,3683.4,4440.0,3288.1,4023.3,1,1,4023.0,24,1,4022.5,1,1,4022.3,23,1,4022.2,33,2,4023.7,9,2,4023.8,9,2,4023.9,17,2,4024.0,248,4,4024.1,1,1
11483,2026-07-02 11:49:41+05:30,4023.3,1,4042.68,996855,139924.0,159545.0,4100.0,4110.0,4012.0,4092.6,24231550,4501.8,3683.4,4440.0,3288.1,4023.3,1,1,4023.0,24,1,4022.5,1,1,4022.3,23,1,4022.2,33,2,4023.7,9,2,4023.8,9,2,4023.9,17,2,4024.0,248,4,4024.1,1,1
11483,2026-07-02 11:49:41+05:30,4023.3,1,4042.68,996856,139945.0,159657.0,4100.0,4110.0,4012.0,4092.6,24231550,4501.8,3683.4,4440.0,3288.1,4023.3,1,1,4023.0,24,1,4022.5,1,1,4022.3,23,1,4022.2,33,2,4023.7,14,1,4023.8,26,3,4023.9,3,1,4024.0,248,4,4024.1,1,1
11483,2026-07-02 11:49:42+05:30,4023.3,1,4042.68,996856,139945.0,159657.0,4100.0,4110.0,4012.0,4092.6,24231550,4501.8,3683.4,4440.0,3288.1,4023.3,1,1,4023.0,24,1,4022.5,1,1,4022.3,23,1,4022.2,33,2,4023.7,14,1,4023.8,26,3,4023.9,3,1,4024.0,248,4,4024.1,1,1
11483,2026-07-02 11:49:42+05:30,4023.5,1,4042.68,996858,139847.0,159687.0,4100.0,4110.0,4012.0,4092.6,24231550,4501.8,3683.4,4440.0,3288.1,4023.5,1,1,4023.3,1,1,4023.0,24,1,4022.5,1,1,4022.3,23,1,4023.7,14,1,4023.8,26,3,4023.9,3,1,4024.0,248,4,4024.1,1,1
11483,2026-07-02 11:49:43+05:30,4023.5,1,4042.68,996858,139847.0,159687.0,4100.0,4110.0,4012.0,4092.6,24231550,4501.8,3683.4,4440.0,3288.1,4023.5,1,1,4023.3,1,1,4023.0,24,1,4022.5,1,1,4022.3,23,1,4023.7,14,1,4023.8,26,3,4023.9,3,1,4024.0,248,4,4024.1,1,1
11483,2026-07-02 11:49:43+05:30,4023.5,1,4042.68,996858,139847.0,159687.0,4100.0,4110.0,4012.0,4092.6,24231550,4501.8,3683.4,4440.0,3288.1,4023.5,1,1,4023.3,1,1,4023.0,24,1,4022.5,1,1,4022.3,23,1,4023.7,14,1,4023.8,26,3,4023.9,3,1,4024.0,248,4,4024.1,1,1
11483,2026-07-02 11:49:43+05:30,4023.5,1,4042.68,996861,139967.0,159694.0,4100.0,4110.0,4012.0,4092.6,24231550,4501.8,3683.4,4440.0,3288.1,4023.3,1,1,4023.0,24,1,4022.5,1,1,4022.3,23,1,4022.2,33,2,4023.7,19,3,4023.8,20,2,4024.0,248,4,4024.2,34,4,4024.3,1,1
11483,2026-07-02 11:49:44+05:30,4023.0,3,4042.68,996861,139967.0,159694.0,4100.0,4110.0,4012.0,4092.6,24231550,4501.8,3683.4,4440.0,3288.1,4023.3,1,1,4023.0,24,1,4022.5,1,1,4022.3,23,1,4022.2,33,2,4023.7,19,3,4023.8,20,2,4024.0,248,4,4024.2,34,4,4024.3,1,1
11483,2026-07-02 11:49:44+05:30,4023.0,3,4042.68,996861,139967.0,159694.0,4100.0,4110.0,4012.0,4092.6,24231550,4501.8,3683.4,4440.0,3288.1,4023.3,1,1,4023.0,24,1,4022.5,1,1,4022.3,23,1,4022.2,33,2,4023.7,19,3,4023.8,20,2,4024.0,248,4,4024.2,34,4,4024.3,1,1
11483,2026-07-02 11:49:44+05:30,4023.0,1,4042.68,996866,139948.0,159493.0,4100.0,4110.0,4012.0,4092.6,24231550,4501.8,3683.4,4440.0,3288.1,4023.3,20,1,4022.5,1,1,4022.3,23,1,4022.2,33,2,4022.1,8,1,4023.7,19,3,4023.8,14,1,4024.0,248,4,4024.2,34,4,4024.3,1,1
11483,2026-07-02 11:49:45+05:30,4023.3,1,4042.68,996866,139948.0,159493.0,4100.0,4110.0,4012.0,4092.6,24231550,4501.8,3683.4,4440.0,3288.1,4023.3,20,1,4022.5,1,1,4022.3,23,1,4022.2,33,2,4022.1,8,1,4023.7,19,3,4023.8,14,1,4024.0,248,4,4024.2,34,4,4024.3,1,1
11483,2026-07-02 11:49:45+05:30,4023.3,1,4042.68,996866,139948.0,159493.0,4100.0,4110.0,4012.0,4092.6,24231550,4501.8,3683.4,4440.0,3288.1,4023.3,20,1,4022.5,1,1,4022.3,23,1,4022.2,33,2,4022.1,8,1,4023.7,19,3,4023.8,14,1,4024.0,248,4,4024.2,34,4,4024.3,1,1
11483,2026-07-02 11:49:45+05:30,4023.7,3,4042.67,997075,139768.0,159582.0,4100.0,4110.0,4012.0,4092.6,24231550,4501.8,3683.4,4440.0,3288.1,4023.3,18,1,4022.5,1,1,4022.2,15,1,4022.0,29,6,4021.9,17,2,4023.7,45,5,4023.8,3,1,4023.9,15,2,4024.0,91,5,4024.1,1,1
11483,2026-07-02 11:49:46+05:30,4023.7,1,4042.67,997075,139768.0,159582.0,4100.0,4110.0,4012.0,4092.6,24231550,4501.8,3683.4,4440.0,3288.1,4023.3,18,1,4022.5,1,1,4022.2,15,1,4022.0,29,6,4021.9,17,2,4023.7,45,5,4023.8,3,1,4023.9,15,2,4024.0,91,5,4024.1,1,1
11483,2026-07-02 11:49:46+05:30,4023.7,1,4042.67,997075,139768.0,159582.0,4100.0,4110.0,4012.0,4092.6,24231550,4501.8,3683.4,4440.0,3288.1,4023.3,18,1,4022.5,1,1,4022.2,15,1,4022.0,29,6,4021.9,17,2,4023.7,45,5,4023.8,3,1,4023.9,15,2,4024.0,91,5,4024.1,1,1
11483,2026-07-02 11:49:46+05:30,4022.5,1,4042.67,997112,139672.0,160196.0,4100.0,4110.0,4012.0,4092.6,24231550,4501.8,3683.4,4440.0,3288.1,4022.2,15,1,4022.0,29,6,4021.6,22,2,4021.5,45,1,4021.3,23,4,4023.3,13,3,4023.4,14,3,4023.5,4,2,4023.6,6,1,4023.7,82,6
11483,2026-07-02 11:49:46+05:30,4022.5,1,4042.67,997112,139672.0,160196.0,4100.0,4110.0,4012.0,4092.6,24231550,4501.8,3683.4,4440.0,3288.1,4022.2,15,1,4022.0,29,6,4021.6,22,2,4021.5,45,1,4021.3,23,4,4023.3,13,3,4023.4,14,3,4023.5,4,2,4023.6,6,1,4023.7,82,6
11483,2026-07-02 11:49:47+05:30,4023.3,1,4042.67,997112,139672.0,160196.0,4100.0,4110.0,4012.0,4092.6,24231550,4501.8,3683.4,4440.0,3288.1,4022.2,15,1,4022.0,29,6,4021.6,22,2,4021.5,45,1,4021.3,23,4,4023.3,13,3,4023.4,14,3,4023.5,4,2,4023.6,6,1,4023.7,82,6
11483,2026-07-02 11:49:47+05:30,4023.3,1,4042.67,997112,139672.0,160196.0,4100.0,4110.0,4012.0,4092.6,24236275,4501.8,3683.4,4440.0,3288.1,4022.2,15,1,4022.0,29,6,4021.6,22,2,4021.5,45,1,4021.3,23,4,4023.3,13,3,4023.4,14,3,4023.5,4,2,4023.6,6,1,4023.7,82,6
11483,2026-07-02 11:49:47+05:30,4022.2,1,4042.67,997128,139986.0,160137.0,4100.0,4110.0,4012.0,4092.6,24236275,4501.8,3683.4,4440.0,3288.1,4022.2,4,1,4022.0,29,6,4021.6,22,2,4021.5,45,1,4021.3,23,4,4023.2,12,1,4023.3,8,2,4023.4,21,3,4023.5,9,3,4023.6,6,1
11483,2026-07-02 11:49:48+05:30,4022.2,2,4042.67,997128,139986.0,160137.0,4100.0,4110.0,4012.0,4092.6,24236275,4501.8,3683.4,4440.0,3288.1,4022.2,4,1,4022.0,29,6,4021.6,22,2,4021.5,45,1,4021.3,23,4,4023.2,12,1,4023.3,8,2,4023.4,21,3,4023.5,9,3,4023.6,6,1
11483,2026-07-02 11:49:48+05:30,4022.2,2,4042.67,997128,139986.0,160137.0,4100.0,4110.0,4012.0,4092.6,24236275,4501.8,3683.4,4440.0,3288.1,4022.2,4,1,4022.0,29,6,4021.6,22,2,4021.5,45,1,4021.3,23,4,4023.2,12,1,4023.3,8,2,4023.4,21,3,4023.5,9,3,4023.6,6,1
11483,2026-07-02 11:49:48+05:30,4022.2,1,4042.67,997206,139232.0,160137.0,4100.0,4110.0,4012.0,4092.6,24236275,4501.8,3683.4,4440.0,3288.1,4022.2,1,1,4022.0,29,6,4021.5,20,1,4021.4,4,2,4021.3,21,3,4023.5,14,3,4023.6,16,3,4023.7,70,5,4023.8,25,2,4023.9,22,4
11483,2026-07-02 11:49:49+05:30,4022.2,1,4042.67,997206,139232.0,160137.0,4100.0,4110.0,4012.0,4092.6,24236275,4501.8,3683.4,4440.0,3288.1,4022.2,1,1,4022.0,29,6,4021.5,20,1,4021.4,4,2,4021.3,21,3,4023.5,14,3,4023.6,16,3,4023.7,70,5,4023.8,25,2,4023.9,22,4
11483,2026-07-02 11:49:49+05:30,4022.2,1,4042.67,997206,139232.0,160137.0,4100.0,4110.0,4012.0,4092.6,24236275,4501.8,3683.4,4440.0,3288.1,4022.2,1,1,4022.0,29,6,4021.5,20,1,4021.4,4,2,4021.3,21,3,4023.5,14,3,4023.6,16,3,4023.7,70,5,4023.8,25,2,4023.9,22,4
11483,2026-07-02 11:49:49+05:30,4022.0,1,4042.67,997209,138755.0,160292.0,4100.0,4110.0,4012.0,4092.6,24236275,4501.8,3683.4,4440.0,3288.1,4022.0,39,7,4021.5,20,1,4021.4,4,2,4021.3,9,2,4021.2,20,1,4022.2,2,2,4023.3,6,1,4023.5,88,5,4023.6,61,4,4023.7,46,4
11483,2026-07-02 11:49:50+05:30,4022.0,1,4042.67,997209,138755.0,160292.0,4100.0,4110.0,4012.0,4092.6,24236275,4501.8,3683.4,4440.0,3288.1,4022.0,39,7,4021.5,20,1,4021.4,4,2,4021.3,9,2,4021.2,20,1,4022.2,2,2,4023.3,6,1,4023.5,88,5,4023.6,61,4,4023.7,46,4
11483,2026-07-02 11:49:50+05:30,4022.0,1,4042.67,997211,138759.0,160297.0,4100.0,4110.0,4012.0,4092.6,24236275,4501.8,3683.4,4440.0,3288.1,4022.0,37,6,4021.4,4,2,4021.3,9,2,4021.2,20,1,4021.1,45,4,4022.2,2,2,4023.3,6,1,4023.5,88,5,4023.6,61,4,4023.7,66,5
11483,2026-07-02 11:49:51+05:30,4022.0,1,4042.67,997211,138759.0,160297.0,4100.0,4110.0,4012.0,4092.6,24236275,4501.8,3683.4,4440.0,3288.1,4022.0,37,6,4021.4,4,2,4021.3,9,2,4021.2,20,1,4021.1,45,4,4022.2,2,2,4023.3,6,1,4023.5,88,5,4023.6,61,4,4023.7,66,5
11483,2026-07-02 11:49:51+05:30,4022.0,1,4042.67,997236,138987.0,160310.0,4100.0,4110.0,4012.0,4092.6,24236275,4501.8,3683.4,4440.0,3288.1,4022.0,36,6,4021.5,22,2,4021.4,2,1,4021.3,59,4,4021.2,20,1,4023.4,22,3,4023.5,13,3,4023.6,26,2,4023.7,46,4,4023.8,25,2
11483,2026-07-02 11:49:52+05:30,4022.0,3,4042.67,997236,138987.0,160310.0,4100.0,4110.0,4012.0,4092.6,24236275,4501.8,3683.4,4440.0,3288.1,4022.0,36,6,4021.5,22,2,4021.4,2,1,4021.3,59,4,4021.2,20,1,4023.4,22,3,4023.5,13,3,4023.6,26,2,4023.7,46,4,4023.8,25,2
11483,2026-07-02 11:49:52+05:30,4022.1,1,4042.67,997240,139122.0,160336.0,4100.0,4110.0,4012.0,4092.6,24236275,4501.8,3683.4,4440.0,3288.1,4022.1,1,1,4022.0,40,6,4021.5,2,1,4021.4,2,1,4021.3,59,4,4023.4,19,2,4023.5,4,2,4023.6,26,2,4023.7,58,5,4023.8,25,2
11483,2026-07-02 11:49:53+05:30,4022.1,1,4042.67,997240,139122.0,160336.0,4100.0,4110.0,4012.0,4092.6,24236275,4501.8,3683.4,4440.0,3288.1,4022.1,1,1,4022.0,40,6,4021.5,2,1,4021.4,2,1,4021.3,59,4,4023.4,19,2,4023.5,4,2,4023.6,26,2,4023.7,58,5,4023.8,25,2
11483,2026-07-02 11:49:53+05:30,4022.1,1,4042.67,997243,139197.0,160321.0,4100.0,4110.0,4012.0,4092.6,24236275,4501.8,3683.4,4440.0,3288.1,4022.0,90,7,4021.7,13,2,4021.6,2,1,4021.5,22,2,4021.3,72,5,4023.4,18,2,4023.5,4,2,4023.6,26,2,4023.7,46,4,4023.8,25,2
11483,2026-07-02 11:49:54+05:30,4023.4,1,4042.67,997243,139197.0,160321.0,4100.0,4110.0,4012.0,4092.6,24236275,4501.8,3683.4,4440.0,3288.1,4022.0,90,7,4021.7,13,2,4021.6,2,1,4021.5,22,2,4021.3,72,5,4023.4,18,2,4023.5,4,2,4023.6,26,2,4023.7,46,4,4023.8,25,2
11483,2026-07-02 11:49:54+05:30,4022.0,1,4042.67,997263,139008.0,160364.0,4100.0,4110.0,4012.0,4092.6,24236275,4501.8,3683.4,4440.0,3288.1,4022.0,71,4,4021.3,35,5,4021.2,20,1,4021.1,43,3,4021.0,789,14,4023.4,18,3,4023.5,3,1,4023.6,26,2,4023.7,46,4,4023.8,25,2
11483,2026-07-02 11:49:55+05:30,4022.0,3,4042.67,997263,139008.0,160364.0,4100.0,4110.0,4012.0,4092.6,24236275,4501.8,3683.4,4440.0,3288.1,4022.0,71,4,4021.3,35,5,4021.2,20,1,4021.1,43,3,4021.0,789,14,4023.4,18,3,4023.5,3,1,4023.6,26,2,4023.7,46,4,4023.8,25,2
11483,2026-07-02 11:49:55+05:30,4022.0,1,4042.67,997267,139008.0,160425.0,4100.0,4110.0,4012.0,4092.6,24236275,4501.8,3683.4,4440.0,3288.1,4022.0,67,3,4021.3,35,5,4021.2,22,2,4021.1,43,3,4021.0,787,13,4023.4,21,4,4023.5,3,1,4023.6,26,2,4023.7,46,4,4023.8,25,2
11483,2026-07-02 11:49:56+05:30,4023.4,1,4042.67,997267,139008.0,160425.0,4100.0,4110.0,4012.0,4092.6,24236275,4501.8,3683.4,4440.0,3288.1,4022.0,67,3,4021.3,35,5,4021.2,22,2,4021.1,43,3,4021.0,787,13,4023.4,21,4,4023.5,3,1,4023.6,26,2,4023.7,46,4,4023.8,25,2
11483,2026-07-02 11:49:56+05:30,4022.0,1,4042.67,997269,139186.0,160436.0,4100.0,4110.0,4012.0,4092.6,24236275,4501.8,3683.4,4440.0,3288.1,4022.0,68,4,4021.6,10,1,4021.5,49,3,4021.4,41,2,4021.3,62,6,4023.4,10,1,4023.6,3,1,4023.7,39,3,4023.8,25,2,4023.9,52,5
11483,2026-07-02 11:49:57+05:30,4022.0,1,4042.67,997269,139186.0,160436.0,4100.0,4110.0,4012.0,4092.6,24236275,4501.8,3683.4,4440.0,3288.1,4022.0,68,4,4021.6,10,1,4021.5,49,3,4021.4,41,2,4021.3,62,6,4023.4,10,1,4023.6,3,1,4023.7,39,3,4023.8,25,2,4023.9,52,5
11483,2026-07-02 11:49:57+05:30,4022.0,1,4042.67,997271,139180.0,160468.0,4100.0,4110.0,4012.0,4092.6,24236275,4501.8,3683.4,4440.0,3288.1,4022.0,66,4,4021.8,10,1,4021.7,32,2,4021.6,2,1,4021.5,20,1,4023.4,10,1,4023.7,19,2,4023.8,3,1,4023.9,52,5,4024.0,123,7
11483,2026-07-02 11:49:58+05:30,4022.0,1,4042.67,997271,139180.0,160468.0,4100.0,4110.0,4012.0,4092.6,24236275,4501.8,3683.4,4440.0,3288.1,4022.0,66,4,4021.8,10,1,4021.7,32,2,4021.6,2,1,4021.5,20,1,4023.4,10,1,4023.7,19,2,4023.8,3,1,4023.9,52,5,4024.0,123,7
11483,2026-07-02 11:49:58+05:30,4022.2,1,4042.67,997272,139810.0,160427.0,4100.0,4110.0,4012.0,4092.6,24236275,4501.8,3683.4,4440.0,3288.1,4022.2,174,1,4022.0,78,5,4021.9,23,1,4021.8,30,2,4021.6,2,1,4023.4,10,1,4023.7,16,1,4023.8,3,1,4023.9,40,4,4024.0,103,6
11483,2026-07-02 11:49:59+05:30,4022.2,4,4042.67,997272,139810.0,160427.0,4100.0,4110.0,4012.0,4092.6,24236275,4501.8,3683.4,4440.0,3288.1,4022.2,174,1,4022.0,78,5,4021.9,23,1,4021.8,30,2,4021.6,2,1,4023.4,10,1,4023.7,16,1,4023.8,3,1,4023.9,40,4,4024.0,103,6
11483,2026-07-02 11:49:59+05:30,4023.4,1,4042.67,997284,139995.0,160439.0,4100.0,4110.0,4012.0,4092.6,24236275,4501.8,3683.4,4440.0,3288.1,4022.2,170,1,4022.0,83,6,4021.9,25,2,4021.8,31,3,4021.6,9,1,4023.4,2,1,4023.7,16,1,4023.8,3,1,4023.9,40,4,4024.0,103,6
11483,2026-07-02 11:50:00+05:30,4022.2,1,4042.67,997284,139995.0,160439.0,4100.0,4110.0,4012.0,4092.6,24236275,4501.8,3683.4,4440.0,3288.1,4022.2,170,1,4022.0,83,6,4021.9,25,2,4021.8,31,3,4021.6,9,1,4023.4,2,1,4023.7,16,1,4023.8,3,1,4023.9,40,4,4024.0,103,6
11483,2026-07-02 11:50:00+05:30,4022.2,1,4042.67,997292,140038.0,160458.0,4100.0,4110.0,4012.0,4092.6,24236275,4501.8,3683.4,4440.0,3288.1,4022.2,166,1,4022.0,78,7,4021.9,23,1,4021.8,30,2,4021.7,12,1,4023.7,14,1,4023.8,8,2,4023.9,34,3,4024.0,103,6,4024.1,42,3
11483,2026-07-02 11:50:01+05:30,4022.2,1,4042.67,997292,140038.0,160458.0,4100.0,4110.0,4012.0,4092.6,24236275,4501.8,3683.4,4440.0,3288.1,4022.2,166,1,4022.0,78,7,4021.9,23,1,4021.8,30,2,4021.7,12,1,4023.7,14,1,4023.8,8,2,4023.9,34,3,4024.0,103,6,4024.1,42,3
11483,2026-07-02 11:50:01+05:30,4023.7,2,4042.67,997296,140037.0,160501.0,4100.0,4110.0,4012.0,4092.6,24236275,4501.8,3683.4,4440.0,3288.1,4022.7,2,2,4022.2,165,1,4022.1,1,1,4022.0,76,6,4021.9,2,1,4023.7,12,1,4023.8,8,2,4023.9,34,3,4024.0,103,6,4024.1,42,3
11483,2026-07-02 11:50:02+05:30,4023.2,1,4042.67,997296,140037.0,160501.0,4100.0,4110.0,4012.0,4092.6,24236275,4501.8,3683.4,4440.0,3288.1,4022.7,2,2,4022.2,165,1,4022.1,1,1,4022.0,76,6,4021.9,2,1,4023.7,12,1,4023.8,8,2,4023.9,34,3,4024.0,103,6,4024.1,42,3
11483,2026-07-02 11:50:02+05:30,4022.7,1,4042.67,997301,139878.0,160063.0,4100.0,4110.0,4012.0,4092.6,24236275,4501.8,3683.4,4440.0,3288.1,4022.7,11,2,4022.2,165,1,4022.1,1,1,4022.0,81,6,4021.9,33,2,4023.7,12,1,4023.8,5,1,4023.9,31,2,4024.0,101,6,4024.1,42,3
11483,2026-07-02 11:50:03+05:30,4022.7,1,4042.67,997301,139878.0,160063.0,4100.0,4110.0,4012.0,4092.6,24236275,4501.8,3683.4,4440.0,3288.1,4022.7,11,2,4022.2,165,1,4022.1,1,1,4022.0,81,6,4021.9,33,2,4023.7,12,1,4023.8,5,1,4023.9,31,2,4024.0,101,6,4024.1,42,3
11483,2026-07-02 11:50:03+05:30,4022.7,1,4042.67,997304,139852.0,160063.0,4100.0,4110.0,4012.0,4092.6,24236275,4501.8,3683.4,4440.0,3288.1,4022.7,8,2,4022.2,165,1,4022.1,1,1,4022.0,82,7,4021.9,33,2,4023.7,12,1,4023.8,5,1,4023.9,31,2,4024.0,101,6,4024.1,42,3
11483,2026-07-02 11:50:04+05:30,4022.7,1,4042.67,997304,139852.0,160063.0,4100.0,4110.0,4012.0,4092.6,24236275,4501.8,3683.4,4440.0,3288.1,4022.7,8,2,4022.2,165,1,4022.1,1,1,4022.0,82,7,4021.9,33,2,4023.7,12,1,4023.8,5,1,4023.9,31,2,4024.0,101,6,4024.1,42,3
11483,2026-07-02 11:50:04+05:30,4022.8,1,4042.67,997317,139965.0,160121.0,4100.0,4110.0,4012.0,4092.6,24236275,4501.8,3683.4,4440.0,3288.1,4022.8,1,1,4022.2,162,1,4022.1,1,1,4022.0,75,7,4021.9,5,1,4023.7,12,1,4023.8,21,2,4023.9,31,2,4024.0,101,6,4024.1,63,4
11483,2026-07-02 11:50:05+05:30,4022.8,1,4042.67,997317,139965.0,160121.0,4100.0,4110.0,4012.0,4092.6,24236275,4501.8,3683.4,4440.0,3288.1,4022.8,1,1,4022.2,162,1,4022.1,1,1,4022.0,75,7,4021.9,5,1,4023.7,12,1,4023.8,21,2,4023.9,31,2,4024.0,101,6,4024.1,63,4
11483,2026-07-02 11:50:05+05:30,4022.8,1,4042.67,997346,139979.0,160526.0,4100.0,4110.0,4012.0,4092.6,24236275,4501.8,3683.4,4440.0,3288.1,4022.8,1,1,4022.2,162,1,4022.1,1,1,4022.0,70,6,4021.9,5,1,4023.0,50,1,4023.9,36,3,4024.0,102,7,4024.1,63,4,4024.2,67,5
11483,2026-07-02 11:50:06+05:30,4023.0,7,4042.67,997346,139979.0,160526.0,4100.0,4110.0,4012.0,4092.6,24236275,4501.8,3683.4,4440.0,3288.1,4022.8,1,1,4022.2,162,1,4022.1,1,1,4022.0,70,6,4021.9,5,1,4023.0,50,1,4023.9,36,3,4024.0,102,7,4024.1,63,4,4024.2,67,5
11483,2026-07-02 11:50:06+05:30,4023.0,5,4042.67,997372,139904.0,160478.0,4100.0,4110.0,4012.0,4092.6,24236275,4501.8,3683.4,4440.0,3288.1,4022.8,1,1,4022.2,162,1,4022.1,1,1,4022.0,81,8,4021.9,5,1,4023.0,28,1,4023.9,36,3,4024.0,101,6,4024.1,64,5,4024.2,79,6
11483,2026-07-02 11:50:07+05:30,4022.8,3,4042.67,997372,139904.0,160478.0,4100.0,4110.0,4012.0,4092.6,24236275,4501.8,3683.4,4440.0,3288.1,4022.8,1,1,4022.2,162,1,4022.1,1,1,4022.0,81,8,4021.9,5,1,4023.0,28,1,4023.9,36,3,4024.0,101,6,4024.1,64,5,4024.2,79,6
11483,2026-07-02 11:50:07+05:30,4022.2,1,4042.67,997382,139889.0,160616.0,4100.0,4110.0,4012.0,4092.6,24236275,4501.8,3683.4,4440.0,3288.1,4022.2,161,1,4022.1,1,1,4022.0,103,10,4021.9,5,1,4021.7,2,1,4022.8,1,1,4023.0,22,1,4023.4,5,1,4023.9,49,4,4024.0,102,7
11483,2026-07-02 11:50:08+05:30,4022.2,2,4042.67,997382,139889.0,160616.0,4100.0,4110.0,4012.0,4092.6,24236275,4501.8,3683.4,4440.0,3288.1,4022.2,161,1,4022.1,1,1,4022.0,103,10,4021.9,5,1,4021.7,2,1,4022.8,1,1,4023.0,22,1,4023.4,5,1,4023.9,49,4,4024.0,102,7
11483,2026-07-02 11:50:08+05:30,4022.2,1,4042.67,997385,140047.0,160611.0,4100.0,4110.0,4012.0,4092.6,24236275,4501.8,3683.4,4440.0,3288.1,4022.2,158,1,4022.1,1,1,4022.0,103,10,4021.9,5,1,4021.7,2,1,4022.8,1,1,4023.0,22,1,4023.4,5,1,4023.9,44,4,4024.0,102,7
11483,2026-07-02 11:50:09+05:30,4023.0,1,4042.67,997385,140047.0,160611.0,4100.0,4110.0,4012.0,4092.6,24236275,4501.8,3683.4,4440.0,3288.1,4022.2,158,1,4022.1,1,1,4022.0,103,10,4021.9,5,1,4021.7,2,1,4022.8,1,1,4023.0,22,1,4023.4,5,1,4023.9,44,4,4024.0,102,7
11483,2026-07-02 11:50:09+05:30,4022.2,1,4042.67,997388,140073.0,160312.0,4100.0,4110.0,4012.0,4092.6,24236275,4501.8,3683.4,4440.0,3288.1,4022.2,157,1,4022.1,1,1,4022.0,103,10,4021.9,5,1,4021.7,2,1,4023.0,21,1,4023.4,5,1,4023.9,36,3,4024.0,102,7,4024.1,83,5
11483,2026-07-02 11:50:10+05:30,4022.2,1,4042.67,997388,140073.0,160312.0,4100.0,4110.0,4012.0,4092.6,24236275,4501.8,3683.4,4440.0,3288.1,4022.2,157,1,4022.1,1,1,4022.0,103,10,4021.9,5,1,4021.7,2,1,4023.0,21,1,4023.4,5,1,4023.9,36,3,4024.0,102,7,4024.1,83,5
11483,2026-07-02 11:50:11+05:30,4022.2,1,4042.66,997394,140117.0,160156.0,4100.0,4110.0,4012.0,4092.6,24236275,4501.8,3683.4,4440.0,3288.1,4022.2,151,1,4022.1,1,1,4022.0,103,10,4021.9,5,1,4021.6,11,2,4023.0,21,1,4023.4,5,1,4023.9,36,3,4024.0,102,7,4024.1,83,5
11483,2026-07-02 11:50:11+05:30,4022.2,1,4042.66,997394,140117.0,160156.0,4100.0,4110.0,4012.0,4092.6,24236275,4501.8,3683.4,4440.0,3288.1,4022.2,151,1,4022.1,1,1,4022.0,103,10,4021.9,5,1,4021.6,11,2,4023.0,21,1,4023.4,5,1,4023.9,36,3,4024.0,102,7,4024.1,83,5
11483,2026-07-02 11:50:12+05:30,4022.2,1,4042.66,997396,140154.0,160147.0,4100.0,4110.0,4012.0,4092.6,24236275,4501.8,3683.4,4440.0,3288.1,4022.6,1,1,4022.2,149,1,4022.1,1,1,4022.0,104,11,4021.9,5,1,4023.0,21,1,4023.9,36,3,4024.0,102,7,4024.1,106,6,4024.2,79,6
11483,2026-07-02 11:50:12+05:30,4022.2,1,4042.66,997396,140154.0,160147.0,4100.0,4110.0,4012.0,4092.6,24236275,4501.8,3683.4,4440.0,3288.1,4022.6,1,1,4022.2,149,1,4022.1,1,1,4022.0,104,11,4021.9,5,1,4023.0,21,1,4023.9,36,3,4024.0,102,7,4024.1,106,6,4024.2,79,6
11483,2026-07-02 11:50:12+05:30,4022.6,1,4042.66,997399,139925.0,160128.0,4100.0,4110.0,4012.0,4092.6,24236275,4501.8,3683.4,4440.0,3288.1,4022.6,12,2,4022.2,149,1,4022.1,1,1,4022.0,104,11,4021.9,5,1,4023.0,19,1,4023.1,1,1,4023.9,36,3,4024.0,101,6,4024.1,84,6
11483,2026-07-02 11:50:13+05:30,4022.6,1,4042.66,997399,139925.0,160128.0,4100.0,4110.0,4012.0,4092.6,24236275,4501.8,3683.4,4440.0,3288.1,4022.6,12,2,4022.2,149,1,4022.1,1,1,4022.0,104,11,4021.9,5,1,4023.0,19,1,4023.1,1,1,4023.9,36,3,4024.0,101,6,4024.1,84,6
11483,2026-07-02 11:50:14+05:30,4022.6,4,4042.66,997405,140264.0,160172.0,4100.0,4110.0,4012.0,4092.6,24236275,4501.8,3683.4,4440.0,3288.1,4022.6,8,3,4022.2,149,1,4022.1,1,1,4022.0,104,11,4021.9,5,1,4022.8,5,1,4023.0,19,1,4023.1,1,1,4023.9,36,3,4024.0,101,6
11483,2026-07-02 11:50:14+05:30,4022.6,1,4042.66,997405,140264.0,160172.0,4100.0,4110.0,4012.0,4092.6,24236275,4501.8,3683.4,4440.0,3288.1,4022.6,8,3,4022.2,149,1,4022.1,1,1,4022.0,104,11,4021.9,5,1,4022.8,5,1,4023.0,19,1,4023.1,1,1,4023.9,36,3,4024.0,101,6
11483,2026-07-02 11:50:15+05:30,4022.8,1,4042.66,997409,140245.0,160141.0,4100.0,4110.0,4012.0,4092.6,24236275,4501.8,3683.4,4440.0,3288.1,4022.6,12,2,4022.2,149,1,4022.1,1,1,4022.0,104,11,4021.9,5,1,4022.8,3,1,4023.0,19,1,4023.1,1,1,4023.9,36,3,4024.0,101,6
11483,2026-07-02 11:50:15+05:30,4022.8,1,4042.66,997409,140245.0,160141.0,4100.0,4110.0,4012.0,4092.6,24236275,4501.8,3683.4,4440.0,3288.1,4022.6,12,2,4022.2,149,1,4022.1,1,1,4022.0,104,11,4021.9,5,1,4022.8,3,1,4023.0,19,1,4023.1,1,1,4023.9,36,3,4024.0,101,6
11483,2026-07-02 11:50:16+05:30,4023.0,3,4042.66,997418,140327.0,160153.0,4100.0,4110.0,4012.0,4092.6,24236275,4501.8,3683.4,4440.0,3288.1,4022.2,149,1,4022.1,1,1,4022.0,104,11,4021.9,5,1,4021.7,10,1,4023.0,14,1,4023.1,1,1,4023.9,36,3,4024.0,102,7,4024.1,63,4
11483,2026-07-02 11:50:16+05:30,4022.2,2,4042.66,997418,140327.0,160153.0,4100.0,4110.0,4012.0,4092.6,24236275,4501.8,3683.4,4440.0,3288.1,4022.2,149,1,4022.1,1,1,4022.0,104,11,4021.9,5,1,4021.7,10,1,4023.0,14,1,4023.1,1,1,4023.9,36,3,4024.0,102,7,4024.1,63,4
11483,2026-07-02 11:50:16+05:30,4023.0,1,4042.66,997421,140045.0,160139.0,4100.0,4110.0,4012.0,4092.6,24236275,4501.8,3683.4,4440.0,3288.1,4022.8,1,1,4022.2,147,1,4022.1,1,1,4022.0,104,11,4021.9,5,1,4023.0,13,1,4023.1,5,2,4023.6,4,1,4023.9,36,3,4024.0,102,7
11483,2026-07-02 11:50:17+05:30,4023.0,1,4042.66,997421,140045.0,160139.0,4100.0,4110.0,4012.0,4092.6,24236275,4501.8,3683.4,4440.0,3288.1,4022.8,1,1,4022.2,147,1,4022.1,1,1,4022.0,104,11,4021.9,5,1,4023.0,13,1,4023.1,5,2,4023.6,4,1,4023.9,36,3,4024.0,102,7
11483,2026-07-02 11:50:18+05:30,4023.1,1,4042.66,997435,140488.0,159493.0,4100.0,4110.0,4012.0,4092.6,24236275,4501.8,3683.4,4440.0,3288.1,4023.0,68,1,4022.9,42,1,4022.8,43,2,4022.7,52,2,4022.5,42,1,4023.9,17,2,4024.0,74,4,4024.1,42,3,4024.2,44,4,4024.3,20,2
11483,2026-07-02 11:50:18+05:30,4023.0,2,4042.66,997435,140488.0,159493.0,4100.0,4110.0,4012.0,4092.6,24236275,4501.8,3683.4,4440.0,3288.1,4023.0,68,1,4022.9,42,1,4022.8,43,2,4022.7,52,2,4022.5,42,1,4023.9,17,2,4024.0,74,4,4024.1,42,3,4024.2,44,4,4024.3,20,2
11483,2026-07-02 11:50:19+05:30,4022.5,1,4042.66,997607,138406.0,160527.0,4100.0,4110.0,4012.0,4092.6,24236275,4501.8,3683.4,4440.0,3288.1,4022.2,148,2,4022.1,1,1,4022.0,114,12,4021.9,5,1,4021.4,62,1,4022.5,193,4,4022.6,16,2,4022.7,5,1,4022.8,10,2,4022.9,11,1
11483,2026-07-02 11:50:19+05:30,4022.2,20,4042.66,997607,138406.0,160527.0,4100.0,4110.0,4012.0,4092.6,24236275,4501.8,3683.4,4440.0,3288.1,4022.2,148,2,4022.1,1,1,4022.0,114,12,4021.9,5,1,4021.4,62,1,4022.5,193,4,4022.6,16,2,4022.7,5,1,4022.8,10,2,4022.9,11,1
11483,2026-07-02 11:50:20+05:30,4022.5,5,4042.66,997607,138406.0,160527.0,4100.0,4110.0,4012.0,4092.6,24236275,4501.8,3683.4,4440.0,3288.1,4022.2,148,2,4022.1,1,1,4022.0,114,12,4021.9,5,1,4021.4,62,1,4022.5,193,4,4022.6,16,2,4022.7,5,1,4022.8,10,2,4022.9,11,1
11483,2026-07-02 11:50:20+05:30,4022.5,5,4042.66,997635,138599.0,160557.0,4100.0,4110.0,4012.0,4092.6,24236275,4501.8,3683.4,4440.0,3288.1,4022.4,60,1,4022.2,128,2,4022.1,43,2,4022.0,114,12,4021.9,47,2,4022.5,185,4,4022.6,11,1,4022.7,5,1,4022.8,5,1,4022.9,11,1
11483,2026-07-02 11:50:21+05:30,4021.0,34,4042.66,997635,138599.0,160557.0,4100.0,4110.0,4012.0,4092.6,24236275,4501.8,3683.4,4440.0,3288.1,4022.4,60,1,4022.2,128,2,4022.1,43,2,4022.0,114,12,4021.9,47,2,4022.5,185,4,4022.6,11,1,4022.7,5,1,4022.8,5,1,4022.9,11,1
11483,2026-07-02 11:50:21+05:30,4021.0,34,4042.65,998247,137856.0,161706.0,4100.0,4110.0,4012.0,4092.6,24236275,4501.8,3683.4,4440.0,3288.1,4021.4,50,1,4021.0,624,9,4020.9,11,1,4020.8,23,1,4020.7,33,4,4021.7,160,1,4021.8,98,1,4022.0,15,2,4022.5,5,1,4022.6,15,1
11483,2026-07-02 11:50:22+05:30,4021.7,1,4042.65,998247,137856.0,161706.0,4100.0,4110.0,4012.0,4092.6,24236275,4501.8,3683.4,4440.0,3288.1,4021.4,50,1,4021.0,624,9,4020.9,11,1,4020.8,23,1,4020.7,33,4,4021.7,160,1,4021.8,98,1,4022.0,15,2,4022.5,5,1,4022.6,15,1
11483,2026-07-02 11:50:22+05:30,4021.7,1,4042.65,998331,137979.0,161722.0,4100.0,4110.0,4012.0,4092.6,24236275,4501.8,3683.4,4440.0,3288.1,4021.6,58,1,4021.5,6,2,4021.4,11,1,4021.3,52,3,4021.2,11,2,4021.7,149,1,4021.8,98,1,4022.0,11,1,4022.2,7,1,4022.5,5,1
11483,2026-07-02 11:50:23+05:30,4021.8,1,4042.65,998331,137979.0,161722.0,4100.0,4110.0,4012.0,4092.6,24236275,4501.8,3683.4,4440.0,3288.1,4021.6,58,1,4021.5,6,2,4021.4,11,1,4021.3,52,3,4021.2,11,2,4021.7,149,1,4021.8,98,1,4022.0,11,1,4022.2,7,1,4022.5,5,1
11483,2026-07-02 11:50:23+05:30,4021.8,1,4042.64,998492,138057.0,161370.0,4100.0,4110.0,4012.0,4092.6,24236275,4501.8,3683.4,4440.0,3288.1,4021.6,47,1,4021.5,42,1,4021.4,31,4,4021.3,49,3,4021.2,6,1,4021.8,97,1,4022.2,7,1,4022.6,15,1,4023.0,63,4,4023.1,29,2
11483,2026-07-02 11:50:24+05:30,4022.6,10,4042.64,998492,138057.0,161370.0,4100.0,4110.0,4012.0,4092.6,24236275,4501.8,3683.4,4440.0,3288.1,4021.6,47,1,4021.5,42,1,4021.4,31,4,4021.3,49,3,4021.2,6,1,4021.8,97,1,4022.2,7,1,4022.6,15,1,4023.0,63,4,4023.1,29,2
11483,2026-07-02 11:50:24+05:30,4022.6,10,4042.63,999154,138268.0,160126.0,4100.0,4110.0,4012.0,4092.6,24236275,4501.8,3683.4,4440.0,3288.1,4021.7,57,6,4021.6,20,4,4021.5,51,2,4021.4,11,1,4021.3,67,3,4022.6,9,2,4023.0,1,1,4023.5,10,1,4023.6,13,1,4023.7,8,1
11483,2026-07-02 11:50:25+05:30,4022.6,1,4042.63,999154,138268.0,160126.0,4100.0,4110.0,4012.0,4092.6,24236275,4501.8,3683.4,4440.0,3288.1,4021.7,57,6,4021.6,20,4,4021.5,51,2,4021.4,11,1,4021.3,67,3,4022.6,9,2,4023.0,1,1,4023.5,10,1,4023.6,13,1,4023.7,8,1
11483,2026-07-02 11:50:25+05:30,4022.6,1,4042.63,999236,138185.0,160321.0,4100.0,4110.0,4012.0,4092.6,24236275,4501.8,3683.4,4440.0,3288.1,4021.7,49,5,4021.6,5,3,4021.5,9,1,4021.4,25,2,4021.3,5,1,4022.6,3,1,4023.0,1,1,4023.5,10,1,4023.6,13,1,4023.7,8,1
11483,2026-07-02 11:50:26+05:30,4022.6,7,4042.63,999236,138185.0,160321.0,4100.0,4110.0,4012.0,4092.6,24236275,4501.8,3683.4,4440.0,3288.1,4021.7,49,5,4021.6,5,3,4021.5,9,1,4021.4,25,2,4021.3,5,1,4022.6,3,1,4023.0,1,1,4023.5,10,1,4023.6,13,1,4023.7,8,1
11483,2026-07-02 11:50:26+05:30,4022.6,7,4042.63,999281,138494.0,160387.0,4100.0,4110.0,4012.0,4092.6,24236275,4501.8,3683.4,4440.0,3288.1,4022.0,1,1,4021.7,37,4,4021.6,12,1,4021.4,2,1,4021.3,21,2,4022.6,7,1,4023.0,1,1,4023.5,10,1,4023.6,33,2,4023.7,8,1
11483,2026-07-02 11:50:27+05:30,4022.0,1,4042.63,999281,138494.0,160387.0,4100.0,4110.0,4012.0,4092.6,24236275,4501.8,3683.4,4440.0,3288.1,4022.0,1,1,4021.7,37,4,4021.6,12,1,4021.4,2,1,4021.3,21,2,4022.6,7,1,4023.0,1,1,4023.5,10,1,4023.6,33,2,4023.7,8,1
11483,2026-07-02 11:50:27+05:30,4022.0,1,4042.63,999284,138593.0,160657.0,4100.0,4110.0,4012.0,4092.6,24236275,4501.8,3683.4,4440.0,3288.1,4021.7,27,3,4021.3,22,3,4021.2,16,2,4021.1,71,4,4021.0,718,11,4022.0,1,1,4022.6,7,1,4023.0,1,1,4023.5,10,1,4023.6,33,2
11483,2026-07-02 11:50:28+05:30,4022.0,1,4042.63,999284,138497.0,161381.0,4100.0,4110.0,4012.0,4092.6,24236275,4501.8,3683.4,4440.0,3288.1,4021.0,688,9,4020.8,35,2,4020.7,63,6,4020.6,38,3,4020.5,25,2,4021.7,1,1,4021.9,81,1,4022.0,43,2,4022.1,42,1,4022.2,42,1
11483,2026-07-02 11:50:29+05:30,4021.0,5,4042.63,999284,138497.0,161381.0,4100.0,4110.0,4012.0,4092.6,24236275,4501.8,3683.4,4440.0,3288.1,4021.0,688,9,4020.8,35,2,4020.7,63,6,4020.6,38,3,4020.5,25,2,4021.7,1,1,4021.9,81,1,4022.0,43,2,4022.1,42,1,4022.2,42,1
11483,2026-07-02 11:50:29+05:30,4021.0,5,4042.63,999297,138457.0,161698.0,4100.0,4110.0,4012.0,4092.6,24236275,4501.8,3683.4,4440.0,3288.1,4021.0,683,9,4020.7,26,3,4020.6,20,1,4020.5,19,2,4020.4,37,2,4021.5,42,1,4021.6,42,1,4021.7,42,1,4021.9,116,2,4022.0,1,1
11483,2026-07-02 11:50:30+05:30,4021.0,1,4042.63,999298,138422.0,161671.0,4100.0,4110.0,4012.0,4092.6,24236275,4501.8,3683.4,4440.0,3288.1,4021.0,692,10,4020.8,8,1,4020.7,2,2,4020.6,22,2,4020.5,17,1,4021.4,42,1,4021.5,42,1,4021.6,42,1,4021.8,42,1,4022.0,1,1
11483,2026-07-02 11:50:30+05:30,4021.0,1,4042.63,999298,138422.0,161671.0,4100.0,4110.0,4012.0,4092.6,24236275,4501.8,3683.4,4440.0,3288.1,4021.0,692,10,4020.8,8,1,4020.7,2,2,4020.6,22,2,4020.5,17,1,4021.4,42,1,4021.5,42,1,4021.6,42,1,4021.8,42,1,4022.0,1,1
11483,2026-07-02 11:50:31+05:30,4021.2,3,4042.63,999303,138124.0,161808.0,4100.0,4110.0,4012.0,4092.6,24236275,4501.8,3683.4,4440.0,3288.1,4021.0,692,10,4020.7,2,2,4020.6,20,1,4020.5,2,1,4020.4,35,3,4021.2,37,1,4021.3,43,2,4021.4,42,1,4021.6,77,2,4022.0,14,2
11483,2026-07-02 11:50:31+05:30,4021.2,3,4042.63,999303,138124.0,161808.0,4100.0,4110.0,4012.0,4092.6,24236275,4501.8,3683.4,4440.0,3288.1,4021.0,692,10,4020.7,2,2,4020.6,20,1,4020.5,2,1,4020.4,35,3,4021.2,37,1,4021.3,43,2,4021.4,42,1,4021.6,77,2,4022.0,14,2
11483,2026-07-02 11:50:32+05:30,4021.1,5,4042.62,999318,138141.0,161891.0,4100.0,4110.0,4012.0,4092.6,24236275,4501.8,3683.4,4440.0,3288.1,4021.0,692,11,4020.7,2,2,4020.6,20,1,4020.4,26,3,4020.3,90,1,4021.1,64,1,4021.2,28,1,4021.3,43,2,4021.4,42,1,4021.6,77,2
11483,2026-07-02 11:50:32+05:30,4021.0,2,4042.62,999318,138141.0,161891.0,4100.0,4110.0,4012.0,4092.6,24236275,4501.8,3683.4,4440.0,3288.1,4021.0,692,11,4020.7,2,2,4020.6,20,1,4020.4,26,3,4020.3,90,1,4021.1,64,1,4021.2,28,1,4021.3,43,2,4021.4,42,1,4021.6,77,2
11483,2026-07-02 11:50:33+05:30,4022.9,2,4042.6,1000322,139139.0,160254.0,4100.0,4110.0,4012.0,4092.6,24236275,4501.8,3683.4,4440.0,3288.1,4021.7,55,6,4021.4,71,4,4021.3,20,1,4021.2,14,2,4021.1,70,2,4022.9,81,1,4023.5,10,1,4023.7,21,2,4023.8,48,4,4023.9,93,5
11483,2026-07-02 11:50:33+05:30,4022.9,2,4042.6,1000322,139139.0,160254.0,4100.0,4110.0,4012.0,4092.6,24236275,4501.8,3683.4,4440.0,3288.1,4021.7,55,6,4021.4,71,4,4021.3,20,1,4021.2,14,2,4021.1,70,2,4022.9,81,1,4023.5,10,1,4023.7,21,2,4023.8,48,4,4023.9,93,5
11483,2026-07-02 11:50:34+05:30,4021.7,1,4042.6,1000323,139175.0,161299.0,4100.0,4110.0,4012.0,4092.6,24236275,4501.8,3683.4,4440.0,3288.1,4021.3,20,2,4021.1,2,1,4021.0,683,11,4020.9,37,3,4020.8,10,1,4021.6,42,1,4021.7,53,2,4021.8,42,1,4022.0,42,1,4022.8,13,1
11483,2026-07-02 11:50:34+05:30,4021.6,1,4042.6,1000323,139175.0,161299.0,4100.0,4110.0,4012.0,4092.6,24236275,4501.8,3683.4,4440.0,3288.1,4021.3,20,2,4021.1,2,1,4021.0,683,11,4020.9,37,3,4020.8,10,1,4021.6,42,1,4021.7,53,2,4021.8,42,1,4022.0,42,1,4022.8,13,1
11483,2026-07-02 11:50:35+05:30,4021.6,3,4042.6,1000323,139175.0,161299.0,4100.0,4110.0,4012.0,4092.6,24236275,4501.8,3683.4,4440.0,3288.1,4021.3,20,2,4021.1,2,1,4021.0,683,11,4020.9,37,3,4020.8,10,1,4021.6,42,1,4021.7,53,2,4021.8,42,1,4022.0,42,1,4022.8,13,1
11483,2026-07-02 11:50:35+05:30,4021.6,3,4042.6,1000328,139107.0,161282.0,4100.0,4110.0,4012.0,4092.6,24236275,4501.8,3683.4,4440.0,3288.1,4021.4,2,1,4021.3,24,3,4021.2,5,1,4021.1,6,1,4021.0,610,11,4021.6,37,1,4021.7,53,2,4021.8,42,1,4022.0,42,1,4022.9,81,1
11483,2026-07-02 11:50:36+05:30,4021.6,10,4042.6,1000339,138710.0,161456.0,4100.0,4110.0,4012.0,4092.6,24236275,4501.8,3683.4,4440.0,3288.1,4021.4,24,4,4021.3,4,1,4021.2,5,1,4021.1,38,3,4021.0,624,12,4021.6,28,2,4021.7,53,2,4021.8,42,1,4022.0,42,1,4022.9,81,1
11483,2026-07-02 11:50:36+05:30,4021.7,12,4042.6,1000339,138710.0,161456.0,4100.0,4110.0,4012.0,4092.6,24236275,4501.8,3683.4,4440.0,3288.1,4021.4,24,4,4021.3,4,1,4021.2,5,1,4021.1,38,3,4021.0,624,12,4021.6,28,2,4021.7,53,2,4021.8,42,1,4022.0,42,1,4022.9,81,1
11483,2026-07-02 11:50:37+05:30,4021.7,3,4042.6,1000437,139295.0,161068.0,4100.0,4110.0,4012.0,4092.6,24236275,4501.8,3683.4,4440.0,3288.1,4021.6,13,2,4021.5,19,3,4021.4,16,4,4021.3,6,2,4021.2,13,2,4021.7,9,1,4022.0,42,1,4022.2,42,1,4022.9,81,1,4023.0,68,1
11483,2026-07-02 11:50:37+05:30,4021.6,12,4042.6,1000437,139295.0,161068.0,4100.0,4110.0,4012.0,4092.6,24236275,4501.8,3683.4,4440.0,3288.1,4021.6,13,2,4021.5,19,3,4021.4,16,4,4021.3,6,2,4021.2,13,2,4021.7,9,1,4022.0,42,1,4022.2,42,1,4022.9,81,1,4023.0,68,1
11483,2026-07-02 11:50:37+05:30,4021.7,8,4042.6,1000466,139143.0,161267.0,4100.0,4110.0,4012.0,4092.6,24236275,4501.8,3683.4,4440.0,3288.1,4021.4,23,3,4021.3,4,1,4021.2,5,1,4021.1,38,3,4021.0,623,11,4021.7,46,2,4021.8,42,1,4021.9,42,1,4022.1,42,1,4022.7,13,1
11483,2026-07-02 11:50:38+05:30,4021.4,3,4042.6,1000466,139143.0,161267.0,4100.0,4110.0,4012.0,4092.6,24236275,4501.8,3683.4,4440.0,3288.1,4021.4,23,3,4021.3,4,1,4021.2,5,1,4021.1,38,3,4021.0,623,11,4021.7,46,2,4021.8,42,1,4021.9,42,1,4022.1,42,1,4022.7,13,1
11483,2026-07-02 11:50:38+05:30,4021.4,3,4042.6,1000469,139147.0,161269.0,4100.0,4110.0,4012.0,4092.6,24236275,4501.8,3683.4,4440.0,3288.1,4021.4,24,3,4021.1,38,3,4021.0,623,11,4020.9,8,1,4020.7,5,3,4021.7,46,2,4021.8,42,1,4021.9,42,1,4022.1,42,1,4022.7,13,1
11483,2026-07-02 11:50:39+05:30,4021.7,2,4042.6,1000469,139147.0,161269.0,4100.0,4110.0,4012.0,4092.6,24236275,4501.8,3683.4,4440.0,3288.1,4021.4,24,3,4021.1,38,3,4021.0,623,11,4020.9,8,1,4020.7,5,3,4021.7,46,2,4021.8,42,1,4021.9,42,1,4022.1,42,1,4022.7,13,1
11483,2026-07-02 11:50:39+05:30,4021.7,1,4042.6,1000473,139311.0,161281.0,4100.0,4110.0,4012.0,4092.6,24236275,4501.8,3683.4,4440.0,3288.1,4021.4,19,2,4021.1,32,2,4021.0,620,11,4020.9,8,1,4020.7,30,5,4021.7,43,2,4021.8,42,1,4021.9,42,1,4022.1,42,1,4022.7,13,1
11483,2026-07-02 11:50:40+05:30,4021.7,1,4042.6,1000473,139311.0,161281.0,4100.0,4110.0,4012.0,4092.6,24236275,4501.8,3683.4,4440.0,3288.1,4021.4,19,2,4021.1,32,2,4021.0,620,11,4020.9,8,1,4020.7,30,5,4021.7,43,2,4021.8,42,1,4021.9,42,1,4022.1,42,1,4022.7,13,1
11483,2026-07-02 11:50:40+05:30,4021.7,1,4042.6,1000474,139314.0,161281.0,4100.0,4110.0,4012.0,4092.6,24236275,4501.8,3683.4,4440.0,3288.1,4021.6,1,1,4021.4,19,2,4021.1,32,2,4021.0,620,11,4020.9,8,1,4021.7,42,2,4021.9,42,1,4022.0,42,1,4022.2,42,1,4022.9,81,1
11483,2026-07-02 11:50:41+05:30,4021.7,1,4042.6,1000474,139314.0,161281.0,4100.0,4110.0,4012.0,4092.6,24236275,4501.8,3683.4,4440.0,3288.1,4021.6,1,1,4021.4,19,2,4021.1,32,2,4021.0,620,11,4020.9,8,1,4021.7,42,2,4021.9,42,1,4022.0,42,1,4022.2,42,1,4022.9,81,1
11483,2026-07-02 11:50:41+05:30,4021.7,1,4042.6,1000479,139410.0,161276.0,4100.0,4110.0,4012.0,4092.6,24236275,4501.8,3683.4,4440.0,3288.1,4021.6,1,1,4021.4,19,2,4021.1,32,2,4021.0,620,11,4020.9,8,1,4021.7,37,2,4021.9,42,1,4022.0,42,1,4022.2,42,1,4022.9,81,1
11483,2026-07-02 11:50:42+05:30,4021.7,8,4042.6,1000479,139410.0,161276.0,4100.0,4110.0,4012.0,4092.6,24236275,4501.8,3683.4,4440.0,3288.1,4021.6,1,1,4021.4,19,2,4021.1,32,2,4021.0,620,11,4020.9,8,1,4021.7,37,2,4021.9,42,1,4022.0,42,1,4022.2,42,1,4022.9,81,1
11483,2026-07-02 11:50:42+05:30,4021.7,8,4042.6,1000488,139393.0,161354.0,4100.0,4110.0,4012.0,4092.6,24236275,4501.8,3683.4,4440.0,3288.1,4021.6,1,1,4021.4,19,2,4021.1,44,5,4021.0,618,10,4020.9,8,1,4021.7,212,2,4022.9,94,2,4023.0,68,1,4023.2,191,3,4023.3,33,2
11483,2026-07-02 11:50:43+05:30,4021.6,1,4042.6,1000488,139393.0,161354.0,4100.0,4110.0,4012.0,4092.6,24236275,4501.8,3683.4,4440.0,3288.1,4021.6,1,1,4021.4,19,2,4021.1,44,5,4021.0,618,10,4020.9,8,1,4021.7,212,2,4022.9,94,2,4023.0,68,1,4023.2,191,3,4023.3,33,2
11483,2026-07-02 11:50:43+05:30,4021.6,1,4042.6,1000488,139393.0,161354.0,4100.0,4110.0,4012.0,4092.6,24236275,4501.8,3683.4,4440.0,3288.1,4021.6,1,1,4021.4,19,2,4021.1,44,5,4021.0,618,10,4020.9,8,1,4021.7,212,2,4022.9,94,2,4023.0,68,1,4023.2,191,3,4023.3,33,2
11483,2026-07-02 11:50:43+05:30,4021.7,1,4042.6,1000490,139394.0,161391.0,4100.0,4110.0,4012.0,4092.6,24236275,4501.8,3683.4,4440.0,3288.1,4021.6,1,1,4021.4,19,2,4021.1,44,5,4021.0,618,10,4020.9,8,1,4021.7,211,2,4022.9,94,2,4023.0,68,1,4023.2,191,3,4023.3,33,2
11483,2026-07-02 11:50:44+05:30,4021.4,2,4042.6,1000490,139394.0,161391.0,4100.0,4110.0,4012.0,4092.6,24236275,4501.8,3683.4,4440.0,3288.1,4021.6,1,1,4021.4,19,2,4021.1,44,5,4021.0,618,10,4020.9,8,1,4021.7,211,2,4022.9,94,2,4023.0,68,1,4023.2,191,3,4023.3,33,2
11483,2026-07-02 11:50:44+05:30,4021.4,2,4042.6,1000490,139394.0,161391.0,4100.0,4110.0,4012.0,4092.6,24236275,4501.8,3683.4,4440.0,3288.1,4021.6,1,1,4021.4,19,2,4021.1,44,5,4021.0,618,10,4020.9,8,1,4021.7,211,2,4022.9,94,2,4023.0,68,1,4023.2,191,3,4023.3,33,2
11483,2026-07-02 11:50:44+05:30,4021.4,2,4042.6,1000494,139404.0,161391.0,4100.0,4110.0,4012.0,4092.6,24236275,4501.8,3683.4,4440.0,3288.1,4021.4,17,2,4021.1,44,5,4021.0,618,10,4020.9,8,1,4020.7,34,6,4021.7,211,2,4022.9,94,2,4023.0,68,1,4023.2,191,3,4023.3,33,2
11483,2026-07-02 11:50:45+05:30,4021.4,2,4042.6,1000494,139404.0,161391.0,4100.0,4110.0,4012.0,4092.6,24236275,4501.8,3683.4,4440.0,3288.1,4021.4,17,2,4021.1,44,5,4021.0,618,10,4020.9,8,1,4020.7,34,6,4021.7,211,2,4022.9,94,2,4023.0,68,1,4023.2,191,3,4023.3,33,2
11483,2026-07-02 11:50:45+05:30,4021.4,1,4042.6,1000494,139404.0,161391.0,4100.0,4110.0,4012.0,4092.6,24236275,4501.8,3683.4,4440.0,3288.1,4021.4,17,2,4021.1,44,5,4021.0,618,10,4020.9,8,1,4020.7,34,6,4021.7,211,2,4022.9,94,2,4023.0,68,1,4023.2,191,3,4023.3,33,2
11483,2026-07-02 11:50:45+05:30,4021.4,1,4042.6,1000494,139404.0,161391.0,4100.0,4110.0,4012.0,4092.6,24236275,4501.8,3683.4,4440.0,3288.1,4021.4,17,2,4021.1,44,5,4021.0,618,10,4020.9,8,1,4020.7,34,6,4021.7,211,2,4022.9,94,2,4023.0,68,1,4023.2,191,3,4023.3,33,2
11483,2026-07-02 11:50:45+05:30,4021.7,3,4042.6,1000500,139403.0,161326.0,4100.0,4110.0,4012.0,4092.6,24236275,4501.8,3683.4,4440.0,3288.1,4021.4,16,2,4021.1,44,5,4021.0,618,10,4020.9,8,1,4020.7,34,6,4021.7,206,2,4022.9,94,2,4023.0,68,1,4023.2,191,3,4023.3,33,2
11483,2026-07-02 11:50:46+05:30,4021.7,3,4042.6,1000500,139403.0,161326.0,4100.0,4110.0,4012.0,4092.6,24236275,4501.8,3683.4,4440.0,3288.1,4021.4,16,2,4021.1,44,5,4021.0,618,10,4020.9,8,1,4020.7,34,6,4021.7,206,2,4022.9,94,2,4023.0,68,1,4023.2,191,3,4023.3,33,2
11483,2026-07-02 11:50:46+05:30,4021.7,1,4042.6,1000500,139403.0,161326.0,4100.0,4110.0,4012.0,4092.6,24236275,4501.8,3683.4,4440.0,3288.1,4021.4,16,2,4021.1,44,5,4021.0,618,10,4020.9,8,1,4020.7,34,6,4021.7,206,2,4022.9,94,2,4023.0,68,1,4023.2,191,3,4023.3,33,2
11483,2026-07-02 11:50:46+05:30,4021.7,1,4042.6,1000500,139403.0,161326.0,4100.0,4110.0,4012.0,4092.6,24236275,4501.8,3683.4,4440.0,3288.1,4021.4,16,2,4021.1,44,5,4021.0,618,10,4020.9,8,1,4020.7,34,6,4021.7,206,2,4022.9,94,2,4023.0,68,1,4023.2,191,3,4023.3,33,2
11483,2026-07-02 11:50:46+05:30,4021.7,71,4042.6,1000777,139442.0,160016.0,4100.0,4110.0,4012.0,4092.6,24236275,4501.8,3683.4,4440.0,3288.1,4022.0,50,1,4021.7,2,1,4021.6,15,1,4021.5,25,4,4021.4,46,2,4022.9,81,1,4023.0,68,1,4023.4,8,1,4023.5,12,2,4023.7,8,1
11483,2026-07-02 11:50:46+05:30,4021.7,71,4042.6,1000777,139442.0,160016.0,4100.0,4110.0,4012.0,4092.6,24236275,4501.8,3683.4,4440.0,3288.1,4022.0,50,1,4021.7,2,1,4021.6,15,1,4021.5,25,4,4021.4,46,2,4022.9,81,1,4023.0,68,1,4023.4,8,1,4023.5,12,2,4023.7,8,1
11483,2026-07-02 11:50:47+05:30,4022.0,1,4042.6,1000777,139442.0,160016.0,4100.0,4110.0,4012.0,4092.6,24236275,4501.8,3683.4,4440.0,3288.1,4022.0,50,1,4021.7,2,1,4021.6,15,1,4021.5,25,4,4021.4,46,2,4022.9,81,1,4023.0,68,1,4023.4,8,1,4023.5,12,2,4023.7,8,1
11483,2026-07-02 11:50:47+05:30,4022.0,1,4042.6,1000777,139442.0,160016.0,4100.0,4110.0,4012.0,4092.6,24236275,4501.8,3683.4,4440.0,3288.1,4022.0,50,1,4021.7,2,1,4021.6,15,1,4021.5,25,4,4021.4,46,2,4022.9,81,1,4023.0,68,1,4023.4,8,1,4023.5,12,2,4023.7,8,1
11483,2026-07-02 11:50:47+05:30,4022.0,1,4042.6,1000777,139442.0,160016.0,4100.0,4110.0,4012.0,4092.6,24248350,4501.8,3683.4,4440.0,3288.1,4022.0,50,1,4021.7,2,1,4021.6,15,1,4021.5,25,4,4021.4,46,2,4022.9,81,1,4023.0,68,1,4023.4,8,1,4023.5,12,2,4023.7,8,1
11483,2026-07-02 11:50:47+05:30,4022.0,81,4042.59,1000893,139533.0,160225.0,4100.0,4110.0,4012.0,4092.6,24248350,4501.8,3683.4,4440.0,3288.1,4022.0,50,1,4021.7,1,1,4021.6,32,3,4021.5,45,3,4021.4,12,1,4023.0,68,1,4023.3,21,2,4023.4,31,2,4023.5,37,3,4023.7,30,3
11483,2026-07-02 11:50:47+05:30,4022.0,81,4042.59,1000893,139533.0,160225.0,4100.0,4110.0,4012.0,4092.6,24248350,4501.8,3683.4,4440.0,3288.1,4022.0,50,1,4021.7,1,1,4021.6,32,3,4021.5,45,3,4021.4,12,1,4023.0,68,1,4023.3,21,2,4023.4,31,2,4023.5,37,3,4023.7,30,3
11483,2026-07-02 11:50:48+05:30,4022.0,14,4042.59,1000893,139533.0,160225.0,4100.0,4110.0,4012.0,4092.6,24248350,4501.8,3683.4,4440.0,3288.1,4022.0,50,1,4021.7,1,1,4021.6,32,3,4021.5,45,3,4021.4,12,1,4023.0,68,1,4023.3,21,2,4023.4,31,2,4023.5,37,3,4023.7,30,3
11483,2026-07-02 11:50:48+05:30,4022.0,14,4042.59,1000893,139533.0,160225.0,4100.0,4110.0,4012.0,4092.6,24248350,4501.8,3683.4,4440.0,3288.1,4022.0,50,1,4021.7,1,1,4021.6,32,3,4021.5,45,3,4021.4,12,1,4023.0,68,1,4023.3,21,2,4023.4,31,2,4023.5,37,3,4023.7,30,3
11483,2026-07-02 11:50:48+05:30,4023.0,10,4042.59,1000923,139436.0,160291.0,4100.0,4110.0,4012.0,4092.6,24248350,4501.8,3683.4,4440.0,3288.1,4022.0,30,1,4021.7,1,1,4021.6,17,2,4021.5,45,3,4021.4,12,1,4022.9,25,1,4023.0,61,2,4023.3,10,1,4023.4,31,2,4023.5,37,3
11483,2026-07-02 11:50:49+05:30,4022.0,3,4042.59,1000923,139436.0,160291.0,4100.0,4110.0,4012.0,4092.6,24248350,4501.8,3683.4,4440.0,3288.1,4022.0,30,1,4021.7,1,1,4021.6,17,2,4021.5,45,3,4021.4,12,1,4022.9,25,1,4023.0,61,2,4023.3,10,1,4023.4,31,2,4023.5,37,3
11483,2026-07-02 11:50:49+05:30,4022.0,3,4042.59,1000923,139436.0,160291.0,4100.0,4110.0,4012.0,4092.6,24248350,4501.8,3683.4,4440.0,3288.1,4022.0,30,1,4021.7,1,1,4021.6,17,2,4021.5,45,3,4021.4,12,1,4022.9,25,1,4023.0,61,2,4023.3,10,1,4023.4,31,2,4023.5,37,3
11483,2026-07-02 11:50:49+05:30,4022.0,3,4042.59,1000926,139465.0,160264.0,4100.0,4110.0,4012.0,4092.6,24248350,4501.8,3683.4,4440.0,3288.1,4022.0,44,3,4021.7,3,2,4021.6,15,1,4021.5,55,4,4021.3,27,2,4022.9,25,1,4023.0,61,2,4023.4,8,1,4023.5,35,4,4023.7,28,2
11483,2026-07-02 11:50:50+05:30,4022.9,1,4042.59,1000926,139465.0,160264.0,4100.0,4110.0,4012.0,4092.6,24248350,4501.8,3683.4,4440.0,3288.1,4022.0,44,3,4021.7,3,2,4021.6,15,1,4021.5,55,4,4021.3,27,2,4022.9,25,1,4023.0,61,2,4023.4,8,1,4023.5,35,4,4023.7,28,2
11483,2026-07-02 11:50:50+05:30,4022.0,64,4042.59,1001045,139503.0,160198.0,4100.0,4110.0,4012.0,4092.6,24248350,4501.8,3683.4,4440.0,3288.1,4021.7,1,1,4021.6,13,2,4021.5,13,3,4021.4,8,1,4021.2,7,1,4022.0,68,1,4022.9,14,1,4023.0,61,2,4023.3,3,1,4023.4,28,2
11483,2026-07-02 11:50:51+05:30,4021.7,1,4042.59,1001045,139503.0,160198.0,4100.0,4110.0,4012.0,4092.6,24248350,4501.8,3683.4,4440.0,3288.1,4021.7,1,1,4021.6,13,2,4021.5,13,3,4021.4,8,1,4021.2,7,1,4022.0,68,1,4022.9,14,1,4023.0,61,2,4023.3,3,1,4023.4,28,2
11483,2026-07-02 11:50:51+05:30,4021.7,12,4042.59,1001059,139433.0,160336.0,4100.0,4110.0,4012.0,4092.6,24248350,4501.8,3683.4,4440.0,3288.1,4021.6,27,4,4021.5,11,2,4021.4,8,1,4021.2,7,1,4021.1,45,4,4022.0,68,1,4022.9,14,1,4023.0,61,2,4023.3,16,2,4023.4,28,2
11483,2026-07-02 11:50:52+05:30,4021.6,2,4042.59,1001059,139433.0,160336.0,4100.0,4110.0,4012.0,4092.6,24248350,4501.8,3683.4,4440.0,3288.1,4021.6,27,4,4021.5,11,2,4021.4,8,1,4021.2,7,1,4021.1,45,4,4022.0,68,1,4022.9,14,1,4023.0,61,2,4023.3,16,2,4023.4,28,2
11483,2026-07-02 11:50:52+05:30,4022.0,1,4042.59,1001063,139428.0,160339.0,4100.0,4110.0,4012.0,4092.6,24248350,4501.8,3683.4,4440.0,3288.1,4021.6,26,5,4021.5,11,2,4021.4,8,1,4021.2,7,1,4021.1,45,4,4022.0,66,1,4022.9,14,1,4023.0,61,2,4023.3,16,2,4023.4,28,2
11483,2026-07-02 11:50:53+05:30,4022.0,1,4042.59,1001063,139428.0,160339.0,4100.0,4110.0,4012.0,4092.6,24248350,4501.8,3683.4,4440.0,3288.1,4021.6,26,5,4021.5,11,2,4021.4,8,1,4021.2,7,1,4021.1,45,4,4022.0,66,1,4022.9,14,1,4023.0,61,2,4023.3,16,2,4023.4,28,2
11483,2026-07-02 11:50:53+05:30,4021.6,10,4042.59,1001084,139476.0,160202.0,4100.0,4110.0,4012.0,4092.6,24248350,4501.8,3683.4,4440.0,3288.1,4021.6,1,1,4021.5,30,3,4021.4,8,1,4021.2,7,1,4021.1,45,4,4022.0,66,1,4022.9,14,1,4023.0,61,2,4023.3,16,2,4023.4,28,2
11483,2026-07-02 11:50:54+05:30,4022.0,1,4042.59,1001084,139476.0,160202.0,4100.0,4110.0,4012.0,4092.6,24248350,4501.8,3683.4,4440.0,3288.1,4021.6,1,1,4021.5,30,3,4021.4,8,1,4021.2,7,1,4021.1,45,4,4022.0,66,1,4022.9,14,1,4023.0,61,2,4023.3,16,2,4023.4,28,2
11483,2026-07-02 11:50:54+05:30,4022.0,1,4042.59,1001090,139511.0,160344.0,4100.0,4110.0,4012.0,4092.6,24248350,4501.8,3683.4,4440.0,3288.1,4021.6,31,3,4021.5,23,2,4021.4,8,1,4021.2,7,1,4021.1,59,5,4022.0,63,1,4022.9,14,1,4023.0,61,2,4023.3,13,1,4023.4,28,2
11483,2026-07-02 11:50:55+05:30,4022.0,1,4042.59,1001090,139511.0,160344.0,4100.0,4110.0,4012.0,4092.6,24248350,4501.8,3683.4,4440.0,3288.1,4021.6,31,3,4021.5,23,2,4021.4,8,1,4021.2,7,1,4021.1,59,5,4022.0,63,1,4022.9,14,1,4023.0,61,2,4023.3,13,1,4023.4,28,2
11483,2026-07-02 11:50:55+05:30,4022.0,1,4042.59,1001092,139609.0,160452.0,4100.0,4110.0,4012.0,4092.6,24248350,4501.8,3683.4,4440.0,3288.1,4021.6,31,3,4021.5,23,2,4021.4,8,1,4021.2,9,2,4021.1,59,5,4022.0,61,1,4022.9,14,1,4023.0,61,2,4023.3,13,1,4023.4,28,2
11483,2026-07-02 11:50:56+05:30,4021.6,1,4042.59,1001092,139609.0,160452.0,4100.0,4110.0,4012.0,4092.6,24248350,4501.8,3683.4,4440.0,3288.1,4021.6,31,3,4021.5,23,2,4021.4,8,1,4021.2,9,2,4021.1,59,5,4022.0,61,1,4022.9,14,1,4023.0,61,2,4023.3,13,1,4023.4,28,2
11483,2026-07-02 11:50:56+05:30,4022.0,1,4042.59,1001095,139713.0,160448.0,4100.0,4110.0,4012.0,4092.6,24248350,4501.8,3683.4,4440.0,3288.1,4021.7,12,1,4021.6,30,3,4021.5,23,2,4021.4,8,1,4021.3,2,1,4022.0,59,1,4022.9,14,1,4023.0,61,2,4023.3,13,1,4023.4,28,2
11483,2026-07-02 11:50:57+05:30,4022.0,1,4042.59,1001095,139713.0,160448.0,4100.0,4110.0,4012.0,4092.6,24248350,4501.8,3683.4,4440.0,3288.1,4021.7,12,1,4021.6,30,3,4021.5,23,2,4021.4,8,1,4021.3,2,1,4022.0,59,1,4022.9,14,1,4023.0,61,2,4023.3,13,1,4023.4,28,2
11483,2026-07-02 11:50:57+05:30,4021.6,3,4042.59,1001107,139859.0,160442.0,4100.0,4110.0,4012.0,4092.6,24248350,4501.8,3683.4,4440.0,3288.1,4021.6,28,3,4021.5,25,3,4021.4,8,1,4021.2,21,2,4021.1,20,3,4022.0,57,1,4022.9,14,1,4023.0,61,2,4023.3,13,1,4023.4,28,2
11483,2026-07-02 11:50:58+05:30,4021.6,2,4042.59,1001107,139859.0,160442.0,4100.0,4110.0,4012.0,4092.6,24248350,4501.8,3683.4,4440.0,3288.1,4021.6,28,3,4021.5,25,3,4021.4,8,1,4021.2,21,2,4021.1,20,3,4022.0,57,1,4022.9,14,1,4023.0,61,2,4023.3,13,1,4023.4,28,2
11483,2026-07-02 11:50:58+05:30,4022.0,7,4042.59,1001128,139908.0,160270.0,4100.0,4110.0,4012.0,4092.6,24248350,4501.8,3683.4,4440.0,3288.1,4021.8,31,3,4021.7,17,2,4021.6,15,2,4021.5,30,3,4021.4,8,1,4022.0,38,1,4022.9,14,1,4023.0,61,2,4023.3,13,1,4023.4,28,2
11483,2026-07-02 11:50:59+05:30,4021.8,4,4042.59,1001128,139908.0,160270.0,4100.0,4110.0,4012.0,4092.6,24248350,4501.8,3683.4,4440.0,3288.1,4021.8,31,3,4021.7,17,2,4021.6,15,2,4021.5,30,3,4021.4,8,1,4022.0,38,1,4022.9,14,1,4023.0,61,2,4023.3,13,1,4023.4,28,2
11483,2026-07-02 11:50:59+05:30,4021.8,1,4042.59,1001137,139930.0,160323.0,4100.0,4110.0,4012.0,4092.6,24248350,4501.8,3683.4,4440.0,3288.1,4021.8,24,3,4021.7,17,2,4021.6,15,2,4021.5,36,4,4021.4,16,2,4022.0,36,1,4022.9,14,1,4023.0,61,2,4023.3,13,1,4023.4,28,2
11483,2026-07-02 11:51:00+05:30,4021.8,1,4042.59,1001137,139930.0,160323.0,4100.0,4110.0,4012.0,4092.6,24248350,4501.8,3683.4,4440.0,3288.1,4021.8,24,3,4021.7,17,2,4021.6,15,2,4021.5,36,4,4021.4,16,2,4022.0,36,1,4022.9,14,1,4023.0,61,2,4023.3,13,1,4023.4,28,2
11483,2026-07-02 11:51:00+05:30,4022.0,4,4042.59,1001147,139667.0,159930.0,4100.0,4110.0,4012.0,4092.6,24248350,4501.8,3683.4,4440.0,3288.1,4021.8,18,2,4021.7,25,4,4021.6,14,2,4021.5,38,5,4021.4,16,2,4022.0,47,2,4022.9,14,1,4023.0,61,2,4023.4,22,2,4023.5,10,1
11483,2026-07-02 11:51:01+05:30,4021.8,1,4042.59,1001147,139667.0,159930.0,4100.0,4110.0,4012.0,4092.6,24248350,4501.8,3683.4,4440.0,3288.1,4021.8,18,2,4021.7,25,4,4021.6,14,2,4021.5,38,5,4021.4,16,2,4022.0,47,2,4022.9,14,1,4023.0,61,2,4023.4,22,2,4023.5,10,1
11483,2026-07-02 11:51:01+05:30,4022.9,1,4042.59,1001196,140381.0,159741.0,4100.0,4110.0,4012.0,4092.6,24248350,4501.8,3683.4,4440.0,3288.1,4022.1,34,4,4022.0,8,1,4021.9,42,3,4021.8,20,2,4021.7,22,3,4022.9,13,1,4023.0,61,2,4023.4,8,1,4023.7,8,1,4023.8,2,1
11483,2026-07-02 11:51:02+05:30,4022.1,4,4042.59,1001196,140381.0,159741.0,4100.0,4110.0,4012.0,4092.6,24248350,4501.8,3683.4,4440.0,3288.1,4022.1,34,4,4022.0,8,1,4021.9,42,3,4021.8,20,2,4021.7,22,3,4022.9,13,1,4023.0,61,2,4023.4,8,1,4023.7,8,1,4023.8,2,1
11483,2026-07-02 11:51:02+05:30,4022.9,1,4042.59,1001206,140784.0,159755.0,4100.0,4110.0,4012.0,4092.6,24248350,4501.8,3683.4,4440.0,3288.1,4022.1,26,3,4022.0,10,2,4021.9,43,4,4021.8,34,3,4021.7,22,3,4022.9,11,1,4023.0,61,2,4023.4,8,1,4023.7,8,1,4023.8,2,1
11483,2026-07-02 11:51:03+05:30,4023.0,24,4042.59,1001206,140784.0,159755.0,4100.0,4110.0,4012.0,4092.6,24248350,4501.8,3683.4,4440.0,3288.1,4022.1,26,3,4022.0,10,2,4021.9,43,4,4021.8,34,3,4021.7,22,3,4022.9,11,1,4023.0,61,2,4023.4,8,1,4023.7,8,1,4023.8,2,1
11483,2026-07-02 11:51:03+05:30,4023.0,1,4042.59,1001251,140786.0,159703.0,4100.0,4110.0,4012.0,4092.6,24248350,4501.8,3683.4,4440.0,3288.1,4022.1,30,4,4022.0,14,2,4021.9,43,4,4021.8,20,2,4021.7,22,3,4023.0,28,2,4023.4,8,1,4023.7,8,1,4023.8,2,1,4023.9,12,1
11483,2026-07-02 11:51:04+05:30,4023.0,1,4042.59,1001251,140786.0,159703.0,4100.0,4110.0,4012.0,4092.6,24248350,4501.8,3683.4,4440.0,3288.1,4022.1,30,4,4022.0,14,2,4021.9,43,4,4021.8,20,2,4021.7,22,3,4023.0,28,2,4023.4,8,1,4023.7,8,1,4023.8,2,1,4023.9,12,1
11483,2026-07-02 11:51:04+05:30,4023.0,1,4042.59,1001260,141040.0,159636.0,4100.0,4110.0,4012.0,4092.6,24248350,4501.8,3683.4,4440.0,3288.1,4022.6,5,1,4022.5,48,5,4022.4,32,5,4022.3,5,1,4022.2,17,3,4023.0,25,2,4023.4,8,1,4023.8,2,1,4024.0,32,5,4024.2,12,1
11483,2026-07-02 11:51:05+05:30,4023.0,1,4042.59,1001260,141040.0,159636.0,4100.0,4110.0,4012.0,4092.6,24248350,4501.8,3683.4,4440.0,3288.1,4022.6,5,1,4022.5,48,5,4022.4,32,5,4022.3,5,1,4022.2,17,3,4023.0,25,2,4023.4,8,1,4023.8,2,1,4024.0,32,5,4024.2,12,1
11483,2026-07-02 11:51:05+05:30,4023.0,1,4042.59,1001270,141045.0,159623.0,4100.0,4110.0,4012.0,4092.6,24248350,4501.8,3683.4,4440.0,3288.1,4022.6,4,1,4022.5,37,5,4022.4,30,4,4022.3,18,2,4022.2,17,3,4023.0,16,2,4023.4,8,1,4023.8,2,1,4024.0,32,5,4024.2,12,1
11483,2026-07-02 11:51:06+05:30,4023.0,8,4042.59,1001270,141045.0,159623.0,4100.0,4110.0,4012.0,4092.6,24248350,4501.8,3683.4,4440.0,3288.1,4022.6,4,1,4022.5,37,5,4022.4,30,4,4022.3,18,2,4022.2,17,3,4023.0,16,2,4023.4,8,1,4023.8,2,1,4024.0,32,5,4024.2,12,1
11483,2026-07-02 11:51:06+05:30,4023.0,1,4042.58,1001296,140985.0,159638.0,4100.0,4110.0,4012.0,4092.6,24248350,4501.8,3683.4,4440.0,3288.1,4022.5,16,2,4022.4,32,5,4022.3,14,2,4022.2,17,3,4022.1,34,4,4023.0,6,2,4023.4,8,1,4023.8,2,1,4024.0,43,6,4024.2,12,1
11483,2026-07-02 11:51:07+05:30,4023.0,2,4042.58,1001296,140985.0,159638.0,4100.0,4110.0,4012.0,4092.6,24248350,4501.8,3683.4,4440.0,3288.1,4022.5,16,2,4022.4,32,5,4022.3,14,2,4022.2,17,3,4022.1,34,4,4023.0,6,2,4023.4,8,1,4023.8,2,1,4024.0,43,6,4024.2,12,1
11483,2026-07-02 11:51:07+05:30,4023.4,1,4042.58,1001307,141224.0,159658.0,4100.0,4110.0,4012.0,4092.6,24248350,4501.8,3683.4,4440.0,3288.1,4023.0,2,1,4022.5,10,1,4022.4,24,4,4022.3,14,2,4022.2,15,2,4023.4,7,1,4023.8,2,1,4024.0,32,5,4024.3,14,2,4024.5,17,2
11483,2026-07-02 11:51:08+05:30,4023.0,1,4042.58,1001307,141224.0,159658.0,4100.0,4110.0,4012.0,4092.6,24248350,4501.8,3683.4,4440.0,3288.1,4023.0,2,1,4022.5,10,1,4022.4,24,4,4022.3,14,2,4022.2,15,2,4023.4,7,1,4023.8,2,1,4024.0,32,5,4024.3,14,2,4024.5,17,2
11483,2026-07-02 11:51:08+05:30,4022.0,17,4042.58,1001465,141228.0,159460.0,4100.0,4110.0,4012.0,4092.6,24248350,4501.8,3683.4,4440.0,3288.1,4022.3,9,1,4022.2,39,4,4022.1,75,3,4022.0,112,3,4021.9,80,4,4023.4,6,1,4023.8,2,1,4024.0,32,5,4024.3,1,1,4024.5,17,2
11483,2026-07-02 11:51:09+05:30,4023.4,2,4042.58,1001465,141228.0,159460.0,4100.0,4110.0,4012.0,4092.6,24248350,4501.8,3683.4,4440.0,3288.1,4022.3,9,1,4022.2,39,4,4022.1,75,3,4022.0,112,3,4021.9,80,4,4023.4,6,1,4023.8,2,1,4024.0,32,5,4024.3,1,1,4024.5,17,2
11483,2026-07-02 11:51:09+05:30,4023.4,1,4042.58,1001489,140949.0,159779.0,4100.0,4110.0,4012.0,4092.6,24248350,4501.8,3683.4,4440.0,3288.1,4022.3,16,2,4022.2,29,3,4022.1,35,4,4022.0,139,6,4021.9,67,3,4023.4,1,1,4023.8,2,1,4024.0,32,5,4024.3,1,1,4024.5,17,2
11483,2026-07-02 11:51:10+05:30,4023.8,3,4042.58,1001489,140949.0,159779.0,4100.0,4110.0,4012.0,4092.6,24248350,4501.8,3683.4,4440.0,3288.1,4022.3,16,2,4022.2,29,3,4022.1,35,4,4022.0,139,6,4021.9,67,3,4023.4,1,1,4023.8,2,1,4024.0,32,5,4024.3,1,1,4024.5,17,2
11483,2026-07-02 11:51:10+05:30,4023.8,3,4042.58,1001496,141382.0,159675.0,4100.0,4110.0,4012.0,4092.6,24248350,4501.8,3683.4,4440.0,3288.1,4023.0,15,3,4022.7,3,1,4022.4,2,2,4022.3,35,3,4022.2,28,2,4023.8,2,1,4024.0,32,5,4024.3,1,1,4024.5,5,1,4024.7,26,2
11483,2026-07-02 11:51:11+05:30,4023.0,1,4042.58,1001496,141382.0,159675.0,4100.0,4110.0,4012.0,4092.6,24248350,4501.8,3683.4,4440.0,3288.1,4023.0,15,3,4022.7,3,1,4022.4,2,2,4022.3,35,3,4022.2,28,2,4023.8,2,1,4024.0,32,5,4024.3,1,1,4024.5,5,1,4024.7,26,2
11483,2026-07-02 11:51:11+05:30,4023.0,1,4042.58,1001498,141393.0,159701.0,4100.0,4110.0,4012.0,4092.6,24248350,4501.8,3683.4,4440.0,3288.1,4023.0,14,3,4022.7,3,1,4022.4,2,2,4022.3,35,3,4022.2,28,2,4023.8,2,1,4024.0,32,5,4024.3,1,1,4024.5,5,1,4024.7,56,3
11483,2026-07-02 11:51:12+05:30,4023.0,1,4042.58,1001498,141393.0,159701.0,4100.0,4110.0,4012.0,4092.6,24248350,4501.8,3683.4,4440.0,3288.1,4023.0,14,3,4022.7,3,1,4022.4,2,2,4022.3,35,3,4022.2,28,2,4023.8,2,1,4024.0,32,5,4024.3,1,1,4024.5,5,1,4024.7,56,3
11483,2026-07-02 11:51:12+05:30,4023.4,1,4042.58,1001502,141492.0,159374.0,4100.0,4110.0,4012.0,4092.6,24248350,4501.8,3683.4,4440.0,3288.1,4023.4,1,1,4023.0,14,3,4022.8,3,1,4022.7,3,1,4022.4,2,2,4023.8,1,1,4024.0,32,5,4024.3,1,1,4024.5,5,1,4024.7,26,2
11483,2026-07-02 11:51:13+05:30,4024.0,1,4042.58,1001502,141492.0,159374.0,4100.0,4110.0,4012.0,4092.6,24248350,4501.8,3683.4,4440.0,3288.1,4023.4,1,1,4023.0,14,3,4022.8,3,1,4022.7,3,1,4022.4,2,2,4023.8,1,1,4024.0,32,5,4024.3,1,1,4024.5,5,1,4024.7,26,2
11483,2026-07-02 11:51:13+05:30,4023.4,1,4042.58,1001511,141592.0,159308.0,4100.0,4110.0,4012.0,4092.6,24248350,4501.8,3683.4,4440.0,3288.1,4023.0,14,3,4022.7,3,1,4022.6,3,1,4022.5,25,2,4022.4,1,1,4024.0,27,4,4024.3,1,1,4024.5,5,1,4024.7,26,2,4024.8,106,5
11483,2026-07-02 11:51:14+05:30,4023.0,2,4042.58,1001511,141592.0,159308.0,4100.0,4110.0,4012.0,4092.6,24248350,4501.8,3683.4,4440.0,3288.1,4023.0,14,3,4022.7,3,1,4022.6,3,1,4022.5,25,2,4022.4,1,1,4024.0,27,4,4024.3,1,1,4024.5,5,1,4024.7,26,2,4024.8,106,5
11483,2026-07-02 11:51:14+05:30,4023.0,1,4042.58,1001518,141351.0,159470.0,4100.0,4110.0,4012.0,4092.6,24248350,4501.8,3683.4,4440.0,3288.1,4023.0,109,2,4022.7,3,1,4022.6,3,1,4022.5,26,3,4022.4,1,1,4024.0,27,4,4024.3,1,1,4024.4,6,1,4024.5,5,1,4024.6,10,1
11483,2026-07-02 11:51:15+05:30,4023.0,1,4042.58,1001518,141351.0,159470.0,4100.0,4110.0,4012.0,4092.6,24248350,4501.8,3683.4,4440.0,3288.1,4023.0,109,2,4022.7,3,1,4022.6,3,1,4022.5,26,3,4022.4,1,1,4024.0,27,4,4024.3,1,1,4024.4,6,1,4024.5,5,1,4024.6,10,1
11483,2026-07-02 11:51:15+05:30,4023.0,1,4042.58,1001519,141746.0,159482.0,4100.0,4110.0,4012.0,4092.6,24248350,4501.8,3683.4,4440.0,3288.1,4023.0,109,3,4022.7,3,1,4022.6,3,1,4022.5,26,3,4022.4,1,1,4024.0,30,5,4024.2,6,1,4024.3,1,1,4024.5,11,2,4024.6,10,1
11483,2026-07-02 11:51:16+05:30,4024.0,1,4042.58,1001519,141746.0,159482.0,4100.0,4110.0,4012.0,4092.6,24248350,4501.8,3683.4,4440.0,3288.1,4023.0,109,3,4022.7,3,1,4022.6,3,1,4022.5,26,3,4022.4,1,1,4024.0,30,5,4024.2,6,1,4024.3,1,1,4024.5,11,2,4024.6,10,1
11483,2026-07-02 11:51:16+05:30,4023.0,1,4042.58,1001527,141280.0,159497.0,4100.0,4110.0,4012.0,4092.6,24248350,4501.8,3683.4,4440.0,3288.1,4023.0,97,2,4022.7,3,1,4022.0,111,4,4021.9,31,2,4021.7,9,2,4023.5,19,3,4023.6,14,2,4023.7,17,3,4023.8,11,3,4023.9,25,4
11483,2026-07-02 11:51:17+05:30,4023.4,10,4042.58,1001527,141280.0,159497.0,4100.0,4110.0,4012.0,4092.6,24248350,4501.8,3683.4,4440.0,3288.1,4023.0,97,2,4022.7,3,1,4022.0,111,4,4021.9,31,2,4021.7,9,2,4023.5,19,3,4023.6,14,2,4023.7,17,3,4023.8,11,3,4023.9,25,4
11483,2026-07-02 11:51:17+05:30,4023.0,1,4042.58,1001553,141315.0,159499.0,4100.0,4110.0,4012.0,4092.6,24248350,4501.8,3683.4,4440.0,3288.1,4023.0,95,2,4022.7,3,1,4022.0,111,4,4021.9,31,2,4021.7,9,2,4023.3,11,3,4023.4,9,3,4023.5,10,2,4023.6,32,4,4023.7,17,3
11483,2026-07-02 11:51:18+05:30,4023.0,3,4042.58,1001553,141315.0,159499.0,4100.0,4110.0,4012.0,4092.6,24248350,4501.8,3683.4,4440.0,3288.1,4023.0,95,2,4022.7,3,1,4022.0,111,4,4021.9,31,2,4021.7,9,2,4023.3,11,3,4023.4,9,3,4023.5,10,2,4023.6,32,4,4023.7,17,3
11483,2026-07-02 11:51:18+05:30,4023.0,1,4042.58,1001567,141345.0,159502.0,4100.0,4110.0,4012.0,4092.6,24248350,4501.8,3683.4,4440.0,3288.1,4023.0,106,3,4022.7,3,1,4022.0,111,4,4021.9,31,2,4021.7,9,2,4023.3,11,3,4023.4,9,3,4023.5,10,2,4023.6,42,5,4023.7,17,3
11483,2026-07-02 11:51:19+05:30,4023.5,2,4042.58,1001567,141345.0,159502.0,4100.0,4110.0,4012.0,4092.6,24248350,4501.8,3683.4,4440.0,3288.1,4023.0,106,3,4022.7,3,1,4022.0,111,4,4021.9,31,2,4021.7,9,2,4023.3,11,3,4023.4,9,3,4023.5,10,2,4023.6,42,5,4023.7,17,3
11483,2026-07-02 11:51:19+05:30,4023.3,1,4042.58,1001592,141375.0,159447.0,4100.0,4110.0,4012.0,4092.6,24248350,4501.8,3683.4,4440.0,3288.1,4023.0,104,3,4022.7,3,1,4022.1,48,1,4022.0,111,4,4021.9,31,2,4023.4,18,4,4023.5,8,2,4023.6,24,3,4023.7,17,3,4023.8,11,3
11483,2026-07-02 11:51:20+05:30,4023.0,3,4042.58,1001592,141375.0,159447.0,4100.0,4110.0,4012.0,4092.6,24248350,4501.8,3683.4,4440.0,3288.1,4023.0,104,3,4022.7,3,1,4022.1,48,1,4022.0,111,4,4021.9,31,2,4023.4,18,4,4023.5,8,2,4023.6,24,3,4023.7,17,3,4023.8,11,3
11483,2026-07-02 11:51:20+05:30,4023.0,13,4042.58,1001608,141456.0,159449.0,4100.0,4110.0,4012.0,4092.6,24248350,4501.8,3683.4,4440.0,3288.1,4023.0,88,3,4022.7,3,1,4022.1,48,1,4022.0,111,4,4021.9,51,3,4023.4,12,3,4023.5,8,2,4023.6,24,3,4023.7,17,3,4023.8,11,3
11483,2026-07-02 11:51:21+05:30,4023.0,1,4042.58,1001608,141456.0,159449.0,4100.0,4110.0,4012.0,4092.6,24248350,4501.8,3683.4,4440.0,3288.1,4023.0,88,3,4022.7,3,1,4022.1,48,1,4022.0,111,4,4021.9,51,3,4023.4,12,3,4023.5,8,2,4023.6,24,3,4023.7,17,3,4023.8,11,3
11483,2026-07-02 11:51:21+05:30,4023.0,1,4042.58,1001622,141364.0,159522.0,4100.0,4110.0,4012.0,4092.6,24248350,4501.8,3683.4,4440.0,3288.1,4023.0,84,3,4022.7,3,1,4022.0,111,4,4021.9,51,3,4021.7,8,1,4023.4,18,6,4023.5,8,2,4023.6,39,4,4023.7,17,3,4023.8,11,3
11483,2026-07-02 11:51:22+05:30,4023.2,1,4042.58,1001622,141364.0,159522.0,4100.0,4110.0,4012.0,4092.6,24248350,4501.8,3683.4,4440.0,3288.1,4023.0,84,3,4022.7,3,1,4022.0,111,4,4021.9,51,3,4021.7,8,1,4023.4,18,6,4023.5,8,2,4023.6,39,4,4023.7,17,3,4023.8,11,3
11483,2026-07-02 11:51:22+05:30,4023.2,1,4042.58,1001626,141364.0,159497.0,4100.0,4110.0,4012.0,4092.6,24248350,4501.8,3683.4,4440.0,3288.1,4023.0,82,3,4022.7,3,1,4022.0,111,4,4021.9,64,4,4021.7,8,1,4023.4,9,3,4023.5,8,2,4023.6,39,4,4023.7,17,3,4023.8,11,3
11483,2026-07-02 11:51:23+05:30,4023.0,1,4042.58,1001626,141364.0,159497.0,4100.0,4110.0,4012.0,4092.6,24248350,4501.8,3683.4,4440.0,3288.1,4023.0,82,3,4022.7,3,1,4022.0,111,4,4021.9,64,4,4021.7,8,1,4023.4,9,3,4023.5,8,2,4023.6,39,4,4023.7,17,3,4023.8,11,3
11483,2026-07-02 11:51:23+05:30,4023.4,1,4042.58,1001631,141446.0,159500.0,4100.0,4110.0,4012.0,4092.6,24248350,4501.8,3683.4,4440.0,3288.1,4023.0,80,3,4022.7,3,1,4022.1,48,1,4022.0,111,4,4021.9,64,4,4023.4,9,3,4023.5,8,2,4023.6,39,4,4023.7,17,3,4023.8,11,3
11483,2026-07-02 11:51:24+05:30,4023.4,3,4042.58,1001631,141446.0,159500.0,4100.0,4110.0,4012.0,4092.6,24248350,4501.8,3683.4,4440.0,3288.1,4023.0,80,3,4022.7,3,1,4022.1,48,1,4022.0,111,4,4021.9,64,4,4023.4,9,3,4023.5,8,2,4023.6,39,4,4023.7,17,3,4023.8,11,3
11483,2026-07-02 11:51:24+05:30,4023.4,1,4042.58,1001641,141544.0,159441.0,4100.0,4110.0,4012.0,4092.6,24248350,4501.8,3683.4,4440.0,3288.1,4023.4,4,1,4023.0,80,3,4022.7,3,1,4022.1,48,1,4022.0,112,5,4023.6,33,4,4023.7,6,2,4023.8,6,2,4023.9,8,2,4024.0,53,7
11483,2026-07-02 11:51:25+05:30,4023.6,1,4042.58,1001641,141544.0,159441.0,4100.0,4110.0,4012.0,4092.6,24248350,4501.8,3683.4,4440.0,3288.1,4023.4,4,1,4023.0,80,3,4022.7,3,1,4022.1,48,1,4022.0,112,5,4023.6,33,4,4023.7,6,2,4023.8,6,2,4023.9,8,2,4024.0,53,7
11483,2026-07-02 11:51:25+05:30,4023.4,1,4042.58,1001669,141545.0,159445.0,4100.0,4110.0,4012.0,4092.6,24248350,4501.8,3683.4,4440.0,3288.1,4023.4,1,1,4023.0,80,3,4022.7,3,1,4022.2,1,1,4022.1,48,1,4023.6,11,3,4023.7,6,2,4023.8,6,2,4023.9,8,2,4024.0,53,7
11483,2026-07-02 11:51:26+05:30,4023.4,2,4042.58,1001669,141545.0,159445.0,4100.0,4110.0,4012.0,4092.6,24248350,4501.8,3683.4,4440.0,3288.1,4023.4,1,1,4023.0,80,3,4022.7,3,1,4022.2,1,1,4022.1,48,1,4023.6,11,3,4023.7,6,2,4023.8,6,2,4023.9,8,2,4024.0,53,7
11483,2026-07-02 11:51:26+05:30,4023.4,1,4042.58,1001677,141481.0,159427.0,4100.0,4110.0,4012.0,4092.6,24248350,4501.8,3683.4,4440.0,3288.1,4023.2,3,1,4023.0,83,4,4022.7,3,1,4022.2,14,2,4022.1,48,1,4023.6,11,3,4023.7,6,2,4023.8,6,2,4023.9,8,2,4024.0,40,6
11483,2026-07-02 11:51:27+05:30,4023.2,1,4042.58,1001677,141481.0,159427.0,4100.0,4110.0,4012.0,4092.6,24248350,4501.8,3683.4,4440.0,3288.1,4023.2,3,1,4023.0,83,4,4022.7,3,1,4022.2,14,2,4022.1,48,1,4023.6,11,3,4023.7,6,2,4023.8,6,2,4023.9,8,2,4024.0,40,6
11483,2026-07-02 11:51:27+05:30,4023.2,1,4042.58,1001679,141318.0,159095.0,4100.0,4110.0,4012.0,4092.6,24248350,4501.8,3683.4,4440.0,3288.1,4023.2,1,1,4023.0,113,5,4022.7,3,1,4022.2,13,1,4022.1,1,1,4023.6,8,2,4023.7,3,1,4023.8,3,1,4023.9,8,2,4024.0,40,6
11483,2026-07-02 11:51:28+05:30,4023.0,62,4042.58,1001679,141318.0,159095.0,4100.0,4110.0,4012.0,4092.6,24248350,4501.8,3683.4,4440.0,3288.1,4023.2,1,1,4023.0,113,5,4022.7,3,1,4022.2,13,1,4022.1,1,1,4023.6,8,2,4023.7,3,1,4023.8,3,1,4023.9,8,2,4024.0,40,6
11483,2026-07-02 11:51:28+05:30,4023.6,1,4042.57,1001857,141320.0,158970.0,4100.0,4110.0,4012.0,4092.6,24248350,4501.8,3683.4,4440.0,3288.1,4023.0,37,1,4022.7,3,1,4022.1,48,1,4022.0,153,7,4021.9,31,2,4023.6,7,2,4023.7,13,1,4023.9,8,2,4024.0,25,5,4024.1,11,1
11483,2026-07-02 11:51:29+05:30,4023.0,5,4042.57,1001857,141320.0,158970.0,4100.0,4110.0,4012.0,4092.6,24248350,4501.8,3683.4,4440.0,3288.1,4023.0,37,1,4022.7,3,1,4022.1,48,1,4022.0,153,7,4021.9,31,2,4023.6,7,2,4023.7,13,1,4023.9,8,2,4024.0,25,5,4024.1,11,1
11483,2026-07-02 11:51:29+05:30,4023.3,1,4042.57,1001891,141419.0,159011.0,4100.0,4110.0,4012.0,4092.6,24248350,4501.8,3683.4,4440.0,3288.1,4023.0,11,1,4022.7,3,1,4022.1,48,1,4022.0,192,8,4021.9,31,2,4023.6,2,1,4023.7,18,2,4023.9,3,1,4024.0,17,4,4024.1,11,1
11483,2026-07-02 11:51:30+05:30,4023.9,3,4042.57,1001891,141419.0,159011.0,4100.0,4110.0,4012.0,4092.6,24248350,4501.8,3683.4,4440.0,3288.1,4023.0,11,1,4022.7,3,1,4022.1,48,1,4022.0,192,8,4021.9,31,2,4023.6,2,1,4023.7,18,2,4023.9,3,1,4024.0,17,4,4024.1,11,1
11483,2026-07-02 11:51:30+05:30,4023.0,1,4042.57,1001919,141412.0,159246.0,4100.0,4110.0,4012.0,4092.6,24248350,4501.8,3683.4,4440.0,3288.1,4023.0,7,2,4022.7,3,1,4022.1,48,1,4022.0,180,7,4021.9,31,2,4023.6,27,5,4023.7,6,1,4023.8,20,3,4023.9,44,4,4024.0,28,5
11483,2026-07-02 11:51:31+05:30,4023.5,4,4042.57,1001919,141412.0,159246.0,4100.0,4110.0,4012.0,4092.6,24248350,4501.8,3683.4,4440.0,3288.1,4023.0,7,2,4022.7,3,1,4022.1,48,1,4022.0,180,7,4021.9,31,2,4023.6,27,5,4023.7,6,1,4023.8,20,3,4023.9,44,4,4024.0,28,5
11483,2026-07-02 11:51:31+05:30,4023.5,4,4042.57,1002039,141319.0,159251.0,4100.0,4110.0,4012.0,4092.6,24248350,4501.8,3683.4,4440.0,3288.1,4023.0,1,1,4022.7,3,1,4022.0,170,7,4021.9,51,3,4021.7,8,1,4023.5,6,2,4023.6,7,2,4023.7,6,1,4023.8,8,2,4023.9,32,3
11483,2026-07-02 11:51:32+05:30,4023.0,14,4042.57,1002039,141319.0,159251.0,4100.0,4110.0,4012.0,4092.6,24248350,4501.8,3683.4,4440.0,3288.1,4023.0,1,1,4022.7,3,1,4022.0,170,7,4021.9,51,3,4021.7,8,1,4023.5,6,2,4023.6,7,2,4023.7,6,1,4023.8,8,2,4023.9,32,3
11483,2026-07-02 11:51:32+05:30,4023.2,1,4042.57,1002054,141421.0,159263.0,4100.0,4110.0,4012.0,4092.6,24248350,4501.8,3683.4,4440.0,3288.1,4023.2,1,1,4023.0,100,1,4022.7,3,1,4022.0,170,7,4021.9,51,3,4023.6,1,1,4023.8,6,1,4023.9,13,2,4024.0,39,6,4024.1,17,3
11483,2026-07-02 11:51:33+05:30,4023.2,2,4042.57,1002054,141421.0,159263.0,4100.0,4110.0,4012.0,4092.6,24248350,4501.8,3683.4,4440.0,3288.1,4023.2,1,1,4023.0,100,1,4022.7,3,1,4022.0,170,7,4021.9,51,3,4023.6,1,1,4023.8,6,1,4023.9,13,2,4024.0,39,6,4024.1,17,3
11483,2026-07-02 11:51:33+05:30,4023.0,1,4042.57,1002058,141414.0,159262.0,4100.0,4110.0,4012.0,4092.6,24248350,4501.8,3683.4,4440.0,3288.1,4023.0,99,1,4022.7,3,1,4022.0,170,7,4021.9,51,3,4021.8,1,1,4023.8,6,1,4023.9,13,2,4024.0,39,6,4024.1,17,3,4024.2,36,4
11483,2026-07-02 11:51:34+05:30,4023.8,1,4042.57,1002058,141414.0,159262.0,4100.0,4110.0,4012.0,4092.6,24248350,4501.8,3683.4,4440.0,3288.1,4023.0,99,1,4022.7,3,1,4022.0,170,7,4021.9,51,3,4021.8,1,1,4023.8,6,1,4023.9,13,2,4024.0,39,6,4024.1,17,3,4024.2,36,4
11483,2026-07-02 11:51:34+05:30,4023.1,3,4042.57,1002130,141363.0,158901.0,4100.0,4110.0,4012.0,4092.6,24248350,4501.8,3683.4,4440.0,3288.1,4023.1,2,1,4023.0,108,2,4022.7,3,1,4022.0,170,7,4021.9,51,3,4023.8,17,2,4023.9,33,3,4024.0,8,3,4024.1,12,2,4024.2,24,3
11483,2026-07-02 11:51:35+05:30,4023.1,8,4042.57,1002130,141363.0,158901.0,4100.0,4110.0,4012.0,4092.6,24248350,4501.8,3683.4,4440.0,3288.1,4023.1,2,1,4023.0,108,2,4022.7,3,1,4022.0,170,7,4021.9,51,3,4023.8,17,2,4023.9,33,3,4024.0,8,3,4024.1,12,2,4024.2,24,3
11483,2026-07-02 11:51:35+05:30,4023.1,1,4042.57,1002141,141395.0,159206.0,4100.0,4110.0,4012.0,4092.6,24248350,4501.8,3683.4,4440.0,3288.1,4023.1,1,1,4023.0,109,3,4022.7,3,1,4022.0,170,7,4021.9,51,3,4023.7,10,1,4023.8,5,1,4023.9,26,2,4024.0,8,3,4024.1,12,2
11483,2026-07-02 11:51:36+05:30,4023.0,12,4042.57,1002141,141395.0,159206.0,4100.0,4110.0,4012.0,4092.6,24248350,4501.8,3683.4,4440.0,3288.1,4023.1,1,1,4023.0,109,3,4022.7,3,1,4022.0,170,7,4021.9,51,3,4023.7,10,1,4023.8,5,1,4023.9,26,2,4024.0,8,3,4024.1,12,2
11483,2026-07-02 11:51:36+05:30,4023.0,12,4042.57,1002158,141489.0,159231.0,4100.0,4110.0,4012.0,4092.6,24248350,4501.8,3683.4,4440.0,3288.1,4023.2,2,1,4023.0,107,4,4022.7,3,1,4022.0,160,6,4021.9,63,4,4023.7,10,1,4023.8,5,1,4023.9,12,1,4024.0,8,3,4024.1,12,2
11483,2026-07-02 11:51:37+05:30,4023.2,2,4042.57,1002158,141489.0,159231.0,4100.0,4110.0,4012.0,4092.6,24248350,4501.8,3683.4,4440.0,3288.1,4023.2,2,1,4023.0,107,4,4022.7,3,1,4022.0,160,6,4021.9,63,4,4023.7,10,1,4023.8,5,1,4023.9,12,1,4024.0,8,3,4024.1,12,2
11483,2026-07-02 11:51:37+05:30,4023.0,11,4042.57,1002171,141476.0,159235.0,4100.0,4110.0,4012.0,4092.6,24248350,4501.8,3683.4,4440.0,3288.1,4023.0,96,4,4022.7,3,1,4022.0,160,6,4021.9,63,4,4021.7,10,2,4023.7,10,1,4023.8,5,1,4023.9,12,1,4024.0,8,3,4024.1,12,2
11483,2026-07-02 11:51:38+05:30,4023.0,2,4042.57,1002171,141476.0,159235.0,4100.0,4110.0,4012.0,4092.6,24248350,4501.8,3683.4,4440.0,3288.1,4023.0,96,4,4022.7,3,1,4022.0,160,6,4021.9,63,4,4021.7,10,2,4023.7,10,1,4023.8,5,1,4023.9,12,1,4024.0,8,3,4024.1,12,2
11483,2026-07-02 11:51:38+05:30,4023.0,2,4042.57,1002173,141481.0,159217.0,4100.0,4110.0,4012.0,4092.6,24248350,4501.8,3683.4,4440.0,3288.1,4023.0,94,4,4022.7,3,1,4022.0,160,6,4021.9,63,4,4021.7,10,2,4023.7,10,1,4023.8,5,1,4023.9,12,1,4024.0,8,3,4024.1,12,2
11483,2026-07-02 11:51:39+05:30,4023.7,1,4042.57,1002173,141481.0,159217.0,4100.0,4110.0,4012.0,4092.6,24248350,4501.8,3683.4,4440.0,3288.1,4023.0,94,4,4022.7,3,1,4022.0,160,6,4021.9,63,4,4021.7,10,2,4023.7,10,1,4023.8,5,1,4023.9,12,1,4024.0,8,3,4024.1,12,2
11483,2026-07-02 11:51:39+05:30,4023.0,81,4042.56,1002349,141279.0,159133.0,4100.0,4110.0,4012.0,4092.6,24248350,4501.8,3683.4,4440.0,3288.1,4023.0,19,1,4022.7,3,1,4022.0,160,6,4021.9,31,2,4021.8,1,1,4023.6,12,1,4023.7,5,1,4023.9,12,1,4024.0,8,3,4024.1,18,3
11483,2026-07-02 11:51:40+05:30,4023.0,21,4042.56,1002349,141279.0,159133.0,4100.0,4110.0,4012.0,4092.6,24248350,4501.8,3683.4,4440.0,3288.1,4023.0,19,1,4022.7,3,1,4022.0,160,6,4021.9,31,2,4021.8,1,1,4023.6,12,1,4023.7,5,1,4023.9,12,1,4024.0,8,3,4024.1,18,3
11483,2026-07-02 11:51:40+05:30,4023.0,175,4042.56,1002545,141288.0,159159.0,4100.0,4110.0,4012.0,4092.6,24248350,4501.8,3683.4,4440.0,3288.1,4023.0,100,1,4022.7,3,1,4022.0,160,6,4021.9,31,2,4021.7,9,2,4023.7,12,1,4023.8,5,1,4023.9,12,1,4024.0,20,4,4024.1,17,3
11483,2026-07-02 11:51:41+05:30,4023.0,23,4042.56,1002545,141288.0,159159.0,4100.0,4110.0,4012.0,4092.6,24248350,4501.8,3683.4,4440.0,3288.1,4023.0,100,1,4022.7,3,1,4022.0,160,6,4021.9,31,2,4021.7,9,2,4023.7,12,1,4023.8,5,1,4023.9,12,1,4024.0,20,4,4024.1,17,3
11483,2026-07-02 11:51:41+05:30,4023.0,23,4042.56,1002568,141304.0,159144.0,4100.0,4110.0,4012.0,4092.6,24248350,4501.8,3683.4,4440.0,3288.1,4023.0,77,1,4022.7,3,1,4022.0,160,6,4021.9,31,2,4021.7,23,4,4023.7,12,1,4023.8,5,1,4023.9,12,1,4024.0,20,4,4024.1,17,3
11483,2026-07-02 11:51:42+05:30,4023.0,1,4042.56,1002568,141304.0,159144.0,4100.0,4110.0,4012.0,4092.6,24248350,4501.8,3683.4,4440.0,3288.1,4023.0,77,1,4022.7,3,1,4022.0,160,6,4021.9,31,2,4021.7,23,4,4023.7,12,1,4023.8,5,1,4023.9,12,1,4024.0,20,4,4024.1,17,3
11483,2026-07-02 11:51:42+05:30,4023.0,1,4042.56,1002572,141354.0,159073.0,4100.0,4110.0,4012.0,4092.6,24248350,4501.8,3683.4,4440.0,3288.1,4023.3,1,1,4023.0,73,1,4022.7,3,1,4022.0,160,6,4021.9,31,2,4023.7,12,1,4023.8,5,1,4023.9,12,1,4024.0,20,4,4024.1,6,2
11483,2026-07-02 11:51:43+05:30,4023.3,1,4042.56,1002572,141354.0,159073.0,4100.0,4110.0,4012.0,4092.6,24248350,4501.8,3683.4,4440.0,3288.1,4023.3,1,1,4023.0,73,1,4022.7,3,1,4022.0,160,6,4021.9,31,2,4023.7,12,1,4023.8,5,1,4023.9,12,1,4024.0,20,4,4024.1,6,2
11483,2026-07-02 11:51:43+05:30,4023.3,1,4042.56,1002573,141359.0,159263.0,4100.0,4110.0,4012.0,4092.6,24248350,4501.8,3683.4,4440.0,3288.1,4023.3,1,1,4023.0,73,1,4022.7,3,1,4022.0,160,6,4021.9,31,2,4023.7,12,1,4023.8,5,1,4023.9,12,1,4024.0,20,4,4024.1,8,3
11483,2026-07-02 11:51:43+05:30,4023.3,1,4042.56,1002573,141359.0,159263.0,4100.0,4110.0,4012.0,4092.6,24248350,4501.8,3683.4,4440.0,3288.1,4023.3,1,1,4023.0,73,1,4022.7,3,1,4022.0,160,6,4021.9,31,2,4023.7,12,1,4023.8,5,1,4023.9,12,1,4024.0,20,4,4024.1,8,3
11483,2026-07-02 11:51:44+05:30,4023.0,4,4042.56,1002573,141359.0,159263.0,4100.0,4110.0,4012.0,4092.6,24248350,4501.8,3683.4,4440.0,3288.1,4023.3,1,1,4023.0,73,1,4022.7,3,1,4022.0,160,6,4021.9,31,2,4023.7,12,1,4023.8,5,1,4023.9,12,1,4024.0,20,4,4024.1,8,3
11483,2026-07-02 11:51:44+05:30,4023.0,4,4042.56,1002573,141359.0,159263.0,4100.0,4110.0,4012.0,4092.6,24248350,4501.8,3683.4,4440.0,3288.1,4023.3,1,1,4023.0,73,1,4022.7,3,1,4022.0,160,6,4021.9,31,2,4023.7,12,1,4023.8,5,1,4023.9,12,1,4024.0,20,4,4024.1,8,3
11483,2026-07-02 11:51:44+05:30,4023.0,4,4042.56,1002592,141341.0,159260.0,4100.0,4110.0,4012.0,4092.6,24248350,4501.8,3683.4,4440.0,3288.1,4023.0,56,1,4022.7,3,1,4022.0,160,6,4021.9,51,3,4021.7,27,4,4023.7,12,1,4023.8,5,1,4023.9,12,1,4024.0,20,4,4024.1,8,3
11483,2026-07-02 11:51:44+05:30,4023.0,4,4042.56,1002592,141341.0,159260.0,4100.0,4110.0,4012.0,4092.6,24248350,4501.8,3683.4,4440.0,3288.1,4023.0,56,1,4022.7,3,1,4022.0,160,6,4021.9,51,3,4021.7,27,4,4023.7,12,1,4023.8,5,1,4023.9,12,1,4024.0,20,4,4024.1,8,3
11483,2026-07-02 11:51:45+05:30,4023.0,200,4042.56,1002592,141341.0,159260.0,4100.0,4110.0,4012.0,4092.6,24248350,4501.8,3683.4,4440.0,3288.1,4023.0,56,1,4022.7,3,1,4022.0,160,6,4021.9,51,3,4021.7,27,4,4023.7,12,1,4023.8,5,1,4023.9,12,1,4024.0,20,4,4024.1,8,3
11483,2026-07-02 11:51:45+05:30,4023.0,200,4042.56,1002592,141341.0,159260.0,4100.0,4110.0,4012.0,4092.6,24248350,4501.8,3683.4,4440.0,3288.1,4023.0,56,1,4022.7,3,1,4022.0,160,6,4021.9,51,3,4021.7,27,4,4023.7,12,1,4023.8,5,1,4023.9,12,1,4024.0,20,4,4024.1,8,3
11483,2026-07-02 11:51:45+05:30,4023.0,200,4042.56,1002794,141278.0,159474.0,4100.0,4110.0,4012.0,4092.6,24248350,4501.8,3683.4,4440.0,3288.1,4023.0,64,1,4022.7,3,1,4022.0,160,6,4021.9,31,2,4021.8,12,1,4023.5,17,2,4023.6,6,1,4023.7,11,1,4023.9,18,2,4024.0,20,4
11483,2026-07-02 11:51:45+05:30,4023.0,200,4042.56,1002794,141278.0,159474.0,4100.0,4110.0,4012.0,4092.6,24248350,4501.8,3683.4,4440.0,3288.1,4023.0,64,1,4022.7,3,1,4022.0,160,6,4021.9,31,2,4021.8,12,1,4023.5,17,2,4023.6,6,1,4023.7,11,1,4023.9,18,2,4024.0,20,4
11483,2026-07-02 11:51:46+05:30,4023.9,7,4042.56,1002794,141278.0,159474.0,4100.0,4110.0,4012.0,4092.6,24248350,4501.8,3683.4,4440.0,3288.1,4023.0,64,1,4022.7,3,1,4022.0,160,6,4021.9,31,2,4021.8,12,1,4023.5,17,2,4023.6,6,1,4023.7,11,1,4023.9,18,2,4024.0,20,4
11483,2026-07-02 11:51:46+05:30,4023.9,7,4042.56,1002794,141278.0,159474.0,4100.0,4110.0,4012.0,4092.6,24248350,4501.8,3683.4,4440.0,3288.1,4023.0,64,1,4022.7,3,1,4022.0,160,6,4021.9,31,2,4021.8,12,1,4023.5,17,2,4023.6,6,1,4023.7,11,1,4023.9,18,2,4024.0,20,4
11483,2026-07-02 11:51:46+05:30,4023.9,7,4042.55,1002841,141462.0,158900.0,4100.0,4110.0,4012.0,4092.6,24248350,4501.8,3683.4,4440.0,3288.1,4023.0,250,3,4022.7,3,1,4022.5,47,1,4022.0,161,7,4021.9,51,3,4023.9,5,1,4024.0,20,4,4024.1,6,2,4024.2,6,1,4024.3,14,3
11483,2026-07-02 11:51:46+05:30,4023.9,7,4042.55,1002841,141462.0,158900.0,4100.0,4110.0,4012.0,4092.6,24248350,4501.8,3683.4,4440.0,3288.1,4023.0,250,3,4022.7,3,1,4022.5,47,1,4022.0,161,7,4021.9,51,3,4023.9,5,1,4024.0,20,4,4024.1,6,2,4024.2,6,1,4024.3,14,3
11483,2026-07-02 11:51:47+05:30,4023.9,7,4042.55,1002841,141462.0,158900.0,4100.0,4110.0,4012.0,4092.6,24248350,4501.8,3683.4,4440.0,3288.1,4023.0,250,3,4022.7,3,1,4022.5,47,1,4022.0,161,7,4021.9,51,3,4023.9,5,1,4024.0,20,4,4024.1,6,2,4024.2,6,1,4024.3,14,3
11483,2026-07-02 11:51:47+05:30,4023.0,6,4042.55,1002841,141462.0,158900.0,4100.0,4110.0,4012.0,4092.6,24248350,4501.8,3683.4,4440.0,3288.1,4023.0,250,3,4022.7,3,1,4022.5,47,1,4022.0,161,7,4021.9,51,3,4023.9,5,1,4024.0,20,4,4024.1,6,2,4024.2,6,1,4024.3,14,3
11483,2026-07-02 11:51:47+05:30,4023.0,6,4042.55,1002841,141462.0,158900.0,4100.0,4110.0,4012.0,4092.6,24248350,4501.8,3683.4,4440.0,3288.1,4023.0,250,3,4022.7,3,1,4022.5,47,1,4022.0,161,7,4021.9,51,3,4023.9,5,1,4024.0,20,4,4024.1,6,2,4024.2,6,1,4024.3,14,3
11483,2026-07-02 11:51:47+05:30,4023.0,6,4042.55,1002847,141456.0,158905.0,4100.0,4110.0,4012.0,4092.6,24248350,4501.8,3683.4,4440.0,3288.1,4023.0,244,3,4022.7,3,1,4022.5,47,1,4022.0,161,7,4021.9,51,3,4023.9,5,1,4024.0,20,4,4024.1,6,2,4024.2,6,1,4024.3,14,3
11483,2026-07-02 11:51:47+05:30,4023.0,6,4042.55,1002847,141456.0,158905.0,4100.0,4110.0,4012.0,4092.6,24248350,4501.8,3683.4,4440.0,3288.1,4023.0,244,3,4022.7,3,1,4022.5,47,1,4022.0,161,7,4021.9,51,3,4023.9,5,1,4024.0,20,4,4024.1,6,2,4024.2,6,1,4024.3,14,3
11483,2026-07-02 11:51:47+05:30,4023.0,6,4042.55,1002847,141456.0,158905.0,4100.0,4110.0,4012.0,4092.6,24249750,4501.8,3683.4,4440.0,3288.1,4023.0,244,3,4022.7,3,1,4022.5,47,1,4022.0,161,7,4021.9,51,3,4023.9,5,1,4024.0,20,4,4024.1,6,2,4024.2,6,1,4024.3,14,3
11483,2026-07-02 11:51:48+05:30,4023.9,1,4042.55,1002847,141456.0,158905.0,4100.0,4110.0,4012.0,4092.6,24249750,4501.8,3683.4,4440.0,3288.1,4023.0,244,3,4022.7,3,1,4022.5,47,1,4022.0,161,7,4021.9,51,3,4023.9,5,1,4024.0,20,4,4024.1,6,2,4024.2,6,1,4024.3,14,3
11483,2026-07-02 11:51:48+05:30,4023.9,1,4042.55,1002847,141456.0,158905.0,4100.0,4110.0,4012.0,4092.6,24249750,4501.8,3683.4,4440.0,3288.1,4023.0,244,3,4022.7,3,1,4022.5,47,1,4022.0,161,7,4021.9,51,3,4023.9,5,1,4024.0,20,4,4024.1,6,2,4024.2,6,1,4024.3,14,3
11483,2026-07-02 11:51:48+05:30,4023.9,1,4042.55,1002849,141460.0,158914.0,4100.0,4110.0,4012.0,4092.6,24249750,4501.8,3683.4,4440.0,3288.1,4023.0,243,3,4022.7,3,1,4022.5,47,1,4022.0,161,7,4021.9,51,3,4023.9,4,1,4024.0,20,4,4024.1,6,2,4024.2,6,1,4024.3,14,3
11483,2026-07-02 11:51:48+05:30,4023.9,1,4042.55,1002849,141460.0,158914.0,4100.0,4110.0,4012.0,4092.6,24249750,4501.8,3683.4,4440.0,3288.1,4023.0,243,3,4022.7,3,1,4022.5,47,1,4022.0,161,7,4021.9,51,3,4023.9,4,1,4024.0,20,4,4024.1,6,2,4024.2,6,1,4024.3,14,3
11483,2026-07-02 11:51:49+05:30,4023.9,1,4042.55,1002849,141460.0,158914.0,4100.0,4110.0,4012.0,4092.6,24249750,4501.8,3683.4,4440.0,3288.1,4023.0,243,3,4022.7,3,1,4022.5,47,1,4022.0,161,7,4021.9,51,3,4023.9,4,1,4024.0,20,4,4024.1,6,2,4024.2,6,1,4024.3,14,3
11483,2026-07-02 11:51:49+05:30,4024.0,2,4042.55,1002871,141319.0,159258.0,4100.0,4110.0,4012.0,4092.6,24249750,4501.8,3683.4,4440.0,3288.1,4023.0,243,3,4022.7,3,1,4022.0,161,7,4021.9,53,4,4021.8,12,1,4023.6,12,1,4023.7,15,2,4023.8,27,2,4023.9,12,1,4024.0,18,4
11483,2026-07-02 11:51:49+05:30,4024.0,2,4042.55,1002871,141319.0,159258.0,4100.0,4110.0,4012.0,4092.6,24249750,4501.8,3683.4,4440.0,3288.1,4023.0,243,3,4022.7,3,1,4022.0,161,7,4021.9,53,4,4021.8,12,1,4023.6,12,1,4023.7,15,2,4023.8,27,2,4023.9,12,1,4024.0,18,4
11483,2026-07-02 11:51:50+05:30,4023.0,1,4042.55,1002871,141319.0,159258.0,4100.0,4110.0,4012.0,4092.6,24249750,4501.8,3683.4,4440.0,3288.1,4023.0,243,3,4022.7,3,1,4022.0,161,7,4021.9,53,4,4021.8,12,1,4023.6,12,1,4023.7,15,2,4023.8,27,2,4023.9,12,1,4024.0,18,4
11483,2026-07-02 11:51:50+05:30,4023.0,1,4042.55,1002875,141335.0,159258.0,4100.0,4110.0,4012.0,4092.6,24249750,4501.8,3683.4,4440.0,3288.1,4023.0,229,2,4022.7,3,1,4022.0,162,7,4021.9,32,3,4021.8,12,1,4023.6,12,1,4023.7,15,2,4023.8,27,2,4023.9,12,1,4024.0,18,4
11483,2026-07-02 11:51:51+05:30,4023.3,1,4042.55,1002876,141412.0,159534.0,4100.0,4110.0,4012.0,4092.6,24249750,4501.8,3683.4,4440.0,3288.1,4023.0,229,2,4022.7,3,1,4022.0,162,7,4021.9,19,1,4021.7,8,1,4023.3,16,2,4023.5,7,1,4023.6,18,3,4023.7,10,1,4023.8,39,3
11483,2026-07-02 11:51:52+05:30,4023.3,1,4042.55,1002876,141412.0,159534.0,4100.0,4110.0,4012.0,4092.6,24249750,4501.8,3683.4,4440.0,3288.1,4023.0,229,2,4022.7,3,1,4022.0,162,7,4021.9,19,1,4021.7,8,1,4023.3,16,2,4023.5,7,1,4023.6,18,3,4023.7,10,1,4023.8,39,3
11483,2026-07-02 11:51:52+05:30,4023.3,1,4042.55,1002876,141511.0,158849.0,4100.0,4110.0,4012.0,4092.6,24249750,4501.8,3683.4,4440.0,3288.1,4023.1,1,1,4023.0,235,3,4022.7,3,1,4022.4,31,2,4022.1,1,1,4023.9,30,3,4024.0,30,5,4024.1,6,2,4024.2,73,3,4024.3,64,4
11483,2026-07-02 11:51:53+05:30,4023.3,1,4042.55,1002876,141512.0,159162.0,4100.0,4110.0,4012.0,4092.6,24249750,4501.8,3683.4,4440.0,3288.1,4023.1,1,1,4023.0,235,3,4022.7,3,1,4022.4,31,2,4022.1,1,1,4023.9,30,3,4024.0,30,5,4024.1,6,2,4024.2,73,3,4024.3,64,4
11483,2026-07-02 11:51:54+05:30,4023.9,2,4042.55,1002876,141512.0,159162.0,4100.0,4110.0,4012.0,4092.6,24249750,4501.8,3683.4,4440.0,3288.1,4023.1,1,1,4023.0,235,3,4022.7,3,1,4022.4,31,2,4022.1,1,1,4023.9,30,3,4024.0,30,5,4024.1,6,2,4024.2,73,3,4024.3,64,4
11483,2026-07-02 11:51:54+05:30,4023.9,2,4042.55,1002905,141471.0,159157.0,4100.0,4110.0,4012.0,4092.6,24249750,4501.8,3683.4,4440.0,3288.1,4023.1,1,1,4023.0,235,3,4022.7,3,1,4022.4,31,2,4022.1,1,1,4024.0,48,7,4024.1,1,1,4024.2,17,1,4024.3,14,3,4024.4,76,3
11483,2026-07-02 11:51:55+05:30,4023.9,9,4042.55,1002905,141471.0,159157.0,4100.0,4110.0,4012.0,4092.6,24249750,4501.8,3683.4,4440.0,3288.1,4023.1,1,1,4023.0,235,3,4022.7,3,1,4022.4,31,2,4022.1,1,1,4024.0,48,7,4024.1,1,1,4024.2,17,1,4024.3,14,3,4024.4,76,3
11483,2026-07-02 11:51:55+05:30,4023.9,9,4042.55,1002918,141161.0,159168.0,4100.0,4110.0,4012.0,4092.6,24249750,4501.8,3683.4,4440.0,3288.1,4023.0,245,4,4022.7,3,1,4022.1,3,2,4022.0,162,7,4021.9,52,3,4023.9,34,2,4024.0,57,7,4024.1,12,1,4024.2,22,2,4024.3,14,3
11483,2026-07-02 11:51:56+05:30,4023.0,1,4042.55,1002918,141161.0,159168.0,4100.0,4110.0,4012.0,4092.6,24249750,4501.8,3683.4,4440.0,3288.1,4023.0,245,4,4022.7,3,1,4022.1,3,2,4022.0,162,7,4021.9,52,3,4023.9,34,2,4024.0,57,7,4024.1,12,1,4024.2,22,2,4024.3,14,3
11483,2026-07-02 11:51:56+05:30,4023.0,1,4042.55,1002920,141277.0,159264.0,4100.0,4110.0,4012.0,4092.6,24249750,4501.8,3683.4,4440.0,3288.1,4023.0,247,6,4022.7,3,1,4022.1,3,2,4022.0,162,7,4021.9,57,4,4023.9,34,2,4024.0,57,7,4024.2,22,2,4024.3,14,3,4024.4,26,2
11483,2026-07-02 11:51:57+05:30,4023.0,1,4042.55,1002920,141277.0,159264.0,4100.0,4110.0,4012.0,4092.6,24249750,4501.8,3683.4,4440.0,3288.1,4023.0,247,6,4022.7,3,1,4022.1,3,2,4022.0,162,7,4021.9,57,4,4023.9,34,2,4024.0,57,7,4024.2,22,2,4024.3,14,3,4024.4,26,2
11483,2026-07-02 11:51:57+05:30,4023.0,1,4042.55,1002922,141273.0,159264.0,4100.0,4110.0,4012.0,4092.6,24249750,4501.8,3683.4,4440.0,3288.1,4023.0,245,6,4022.7,3,1,4022.1,3,2,4022.0,162,7,4021.9,57,4,4023.9,34,2,4024.0,57,7,4024.2,22,2,4024.3,14,3,4024.4,26,2
11483,2026-07-02 11:51:58+05:30,4023.0,1,4042.55,1002922,141273.0,159264.0,4100.0,4110.0,4012.0,4092.6,24249750,4501.8,3683.4,4440.0,3288.1,4023.0,245,6,4022.7,3,1,4022.1,3,2,4022.0,162,7,4021.9,57,4,4023.9,34,2,4024.0,57,7,4024.2,22,2,4024.3,14,3,4024.4,26,2
11483,2026-07-02 11:51:58+05:30,4023.0,1,4042.55,1002924,141283.0,159272.0,4100.0,4110.0,4012.0,4092.6,24249750,4501.8,3683.4,4440.0,3288.1,4023.0,254,7,4022.7,3,1,4022.1,3,2,4022.0,163,8,4021.9,57,4,4023.9,33,2,4024.0,57,7,4024.2,22,2,4024.3,14,3,4024.4,26,2
11483,2026-07-02 11:51:59+05:30,4023.0,4,4042.55,1002924,141283.0,159272.0,4100.0,4110.0,4012.0,4092.6,24249750,4501.8,3683.4,4440.0,3288.1,4023.0,254,7,4022.7,3,1,4022.1,3,2,4022.0,163,8,4021.9,57,4,4023.9,33,2,4024.0,57,7,4024.2,22,2,4024.3,14,3,4024.4,26,2
11483,2026-07-02 11:51:59+05:30,4023.0,4,4042.55,1003111,140837.0,157432.0,4100.0,4110.0,4012.0,4092.6,24249750,4501.8,3683.4,4440.0,3288.1,4023.0,74,6,4022.8,12,2,4022.7,20,2,4022.6,4,2,4022.5,21,1,4024.0,6,3,4024.3,2,2,4024.5,5,1,4024.7,56,1,4024.8,83,4
11483,2026-07-02 11:52:00+05:30,4023.0,1,4042.55,1003111,140837.0,157432.0,4100.0,4110.0,4012.0,4092.6,24249750,4501.8,3683.4,4440.0,3288.1,4023.0,74,6,4022.8,12,2,4022.7,20,2,4022.6,4,2,4022.5,21,1,4024.0,6,3,4024.3,2,2,4024.5,5,1,4024.7,56,1,4024.8,83,4
11483,2026-07-02 11:52:00+05:30,4023.0,1,4042.55,1003145,140874.0,157446.0,4100.0,4110.0,4012.0,4092.6,24249750,4501.8,3683.4,4440.0,3288.1,4023.0,64,8,4022.8,45,4,4022.7,37,4,4022.6,3,1,4022.5,18,1,4024.3,12,2,4024.5,5,1,4024.8,83,4,4025.0,78,6,4025.1,21,4
11483,2026-07-02 11:52:01+05:30,4023.5,1,4042.55,1003145,140874.0,157446.0,4100.0,4110.0,4012.0,4092.6,24249750,4501.8,3683.4,4440.0,3288.1,4023.0,64,8,4022.8,45,4,4022.7,37,4,4022.6,3,1,4022.5,18,1,4024.3,12,2,4024.5,5,1,4024.8,83,4,4025.0,78,6,4025.1,21,4
11483,2026-07-02 11:52:01+05:30,4023.5,1,4042.55,1003156,140887.0,157439.0,4100.0,4110.0,4012.0,4092.6,24249750,4501.8,3683.4,4440.0,3288.1,4023.5,18,4,4023.0,61,9,4022.8,46,5,4022.7,41,4,4022.6,3,1,4024.5,5,1,4024.8,65,2,4025.0,78,6,4025.1,43,5,4025.3,34,1
11483,2026-07-02 11:52:02+05:30,4023.5,1,4042.55,1003156,140887.0,157439.0,4100.0,4110.0,4012.0,4092.6,24249750,4501.8,3683.4,4440.0,3288.1,4023.5,18,4,4023.0,61,9,4022.8,46,5,4022.7,41,4,4022.6,3,1,4024.5,5,1,4024.8,65,2,4025.0,78,6,4025.1,43,5,4025.3,34,1
11483,2026-07-02 11:52:02+05:30,4024.1,1,4042.55,1003160,141318.0,157224.0,4100.0,4110.0,4012.0,4092.6,24249750,4501.8,3683.4,4440.0,3288.1,4024.1,1,1,4023.5,10,3,4023.2,10,1,4023.1,42,2,4023.0,61,9,4024.7,24,1,4024.8,65,2,4025.0,78,6,4025.1,3,2,4025.3,34,1
11483,2026-07-02 11:52:03+05:30,4024.1,1,4042.55,1003161,141318.0,157263.0,4100.0,4110.0,4012.0,4092.6,24249750,4501.8,3683.4,4440.0,3288.1,4023.5,10,3,4023.2,10,1,4023.1,42,2,4023.0,61,9,4022.8,17,4,4024.7,26,2,4024.8,65,2,4025.0,78,6,4025.1,3,2,4025.2,22,1
11483,2026-07-02 11:52:03+05:30,4024.1,1,4042.55,1003161,141318.0,157263.0,4100.0,4110.0,4012.0,4092.6,24249750,4501.8,3683.4,4440.0,3288.1,4023.5,10,3,4023.2,10,1,4023.1,42,2,4023.0,61,9,4022.8,17,4,4024.7,26,2,4024.8,65,2,4025.0,78,6,4025.1,3,2,4025.2,22,1
11483,2026-07-02 11:52:04+05:30,4023.5,1,4042.55,1003162,141530.0,157240.0,4100.0,4110.0,4012.0,4092.6,24249750,4501.8,3683.4,4440.0,3288.1,4023.5,9,3,4023.2,10,1,4023.1,42,2,4023.0,82,10,4022.9,1,1,4024.7,24,1,4024.8,65,2,4025.0,78,6,4025.1,3,2,4025.2,22,1
11483,2026-07-02 11:52:04+05:30,4023.5,1,4042.55,1003162,141530.0,157240.0,4100.0,4110.0,4012.0,4092.6,24249750,4501.8,3683.4,4440.0,3288.1,4023.5,9,3,4023.2,10,1,4023.1,42,2,4023.0,82,10,4022.9,1,1,4024.7,24,1,4024.8,65,2,4025.0,78,6,4025.1,3,2,4025.2,22,1
11483,2026-07-02 11:52:05+05:30,4023.6,1,4042.55,1003162,141530.0,157240.0,4100.0,4110.0,4012.0,4092.6,24249750,4501.8,3683.4,4440.0,3288.1,4023.5,9,3,4023.2,10,1,4023.1,42,2,4023.0,82,10,4022.9,1,1,4024.7,24,1,4024.8,65,2,4025.0,78,6,4025.1,3,2,4025.2,22,1
11483,2026-07-02 11:52:05+05:30,4023.6,1,4042.55,1003164,141767.0,157258.0,4100.0,4110.0,4012.0,4092.6,24249750,4501.8,3683.4,4440.0,3288.1,4023.6,1,1,4023.5,8,3,4023.2,43,2,4023.1,42,2,4023.0,82,10,4024.0,5,1,4024.7,24,1,4024.8,65,2,4025.0,71,6,4025.1,3,2
11483,2026-07-02 11:52:06+05:30,4024.0,1,4042.55,1003164,141767.0,157258.0,4100.0,4110.0,4012.0,4092.6,24249750,4501.8,3683.4,4440.0,3288.1,4023.6,1,1,4023.5,8,3,4023.2,43,2,4023.1,42,2,4023.0,82,10,4024.0,5,1,4024.7,24,1,4024.8,65,2,4025.0,71,6,4025.1,3,2
11483,2026-07-02 11:52:06+05:30,4024.0,1,4042.55,1003197,141546.0,157315.0,4100.0,4110.0,4012.0,4092.6,24249750,4501.8,3683.4,4440.0,3288.1,4024.0,1,1,4023.6,1,1,4023.5,8,3,4023.0,69,9,4022.7,20,2,4024.4,25,2,4024.5,11,1,4024.6,5,1,4024.7,17,3,4024.8,65,2
11483,2026-07-02 11:52:07+05:30,4024.0,1,4042.55,1003202,141617.0,157302.0,4100.0,4110.0,4012.0,4092.6,24249750,4501.8,3683.4,4440.0,3288.1,4023.6,1,1,4023.5,8,3,4023.0,69,9,4022.9,11,1,4022.7,40,3,4024.4,13,1,4024.5,11,1,4024.7,17,3,4024.8,65,2,4024.9,2,1
11483,2026-07-02 11:52:07+05:30,4023.6,1,4042.55,1003202,141617.0,157302.0,4100.0,4110.0,4012.0,4092.6,24249750,4501.8,3683.4,4440.0,3288.1,4023.6,1,1,4023.5,8,3,4023.0,69,9,4022.9,11,1,4022.7,40,3,4024.4,13,1,4024.5,11,1,4024.7,17,3,4024.8,65,2,4024.9,2,1
11483,2026-07-02 11:52:08+05:30,4025.0,16,4042.55,1003202,141617.0,157302.0,4100.0,4110.0,4012.0,4092.6,24249750,4501.8,3683.4,4440.0,3288.1,4023.6,1,1,4023.5,8,3,4023.0,69,9,4022.9,11,1,4022.7,40,3,4024.4,13,1,4024.5,11,1,4024.7,17,3,4024.8,65,2,4024.9,2,1
11483,2026-07-02 11:52:08+05:30,4025.0,16,4042.54,1003404,141854.0,157431.0,4100.0,4110.0,4012.0,4092.6,24249750,4501.8,3683.4,4440.0,3288.1,4023.5,8,3,4023.2,1,1,4023.1,48,1,4023.0,87,10,4022.8,2,1,4024.4,1,1,4024.8,11,1,4024.9,25,2,4025.0,8,2,4025.1,8,3
11483,2026-07-02 11:52:09+05:30,4023.5,1,4042.54,1003404,141854.0,157431.0,4100.0,4110.0,4012.0,4092.6,24249750,4501.8,3683.4,4440.0,3288.1,4023.5,8,3,4023.2,1,1,4023.1,48,1,4023.0,87,10,4022.8,2,1,4024.4,1,1,4024.8,11,1,4024.9,25,2,4025.0,8,2,4025.1,8,3
11483,2026-07-02 11:52:09+05:30,4023.5,1,4042.54,1003414,141929.0,157731.0,4100.0,4110.0,4012.0,4092.6,24249750,4501.8,3683.4,4440.0,3288.1,4023.4,6,1,4023.3,36,5,4023.2,5,2,4023.1,7,2,4023.0,159,12,4023.5,2,1,4024.4,1,1,4024.8,11,1,4024.9,12,1,4025.0,53,2
11483,2026-07-02 11:52:10+05:30,4023.5,1,4042.54,1003414,141929.0,157731.0,4100.0,4110.0,4012.0,4092.6,24249750,4501.8,3683.4,4440.0,3288.1,4023.4,6,1,4023.3,36,5,4023.2,5,2,4023.1,7,2,4023.0,159,12,4023.5,2,1,4024.4,1,1,4024.8,11,1,4024.9,12,1,4025.0,53,2
11483,2026-07-02 11:52:10+05:30,4023.5,1,4042.54,1003417,141966.0,157609.0,4100.0,4110.0,4012.0,4092.6,24249750,4501.8,3683.4,4440.0,3288.1,4023.4,5,1,4023.3,36,5,4023.2,5,2,4023.1,7,2,4023.0,159,12,4023.5,3,1,4024.4,1,1,4024.8,11,1,4024.9,12,1,4025.0,64,3
11483,2026-07-02 11:52:11+05:30,4023.2,62,4042.54,1003417,141966.0,157609.0,4100.0,4110.0,4012.0,4092.6,24249750,4501.8,3683.4,4440.0,3288.1,4023.4,5,1,4023.3,36,5,4023.2,5,2,4023.1,7,2,4023.0,159,12,4023.5,3,1,4024.4,1,1,4024.8,11,1,4024.9,12,1,4025.0,64,3
11483,2026-07-02 11:52:11+05:30,4023.2,62,4042.54,1003607,141688.0,156737.0,4100.0,4110.0,4012.0,4092.6,24249750,4501.8,3683.4,4440.0,3288.1,4023.4,3,1,4023.3,44,5,4023.2,23,2,4023.1,54,4,4023.0,223,16,4024.9,18,2,4025.0,71,3,4025.1,3,2,4025.4,32,3,4025.5,11,3
11483,2026-07-02 11:52:12+05:30,4023.4,10,4042.54,1003607,141688.0,156737.0,4100.0,4110.0,4012.0,4092.6,24249750,4501.8,3683.4,4440.0,3288.1,4023.4,3,1,4023.3,44,5,4023.2,23,2,4023.1,54,4,4023.0,223,16,4024.9,18,2,4025.0,71,3,4025.1,3,2,4025.4,32,3,4025.5,11,3
11483,2026-07-02 11:52:12+05:30,4023.4,10,4042.54,1003626,141806.0,157232.0,4100.0,4110.0,4012.0,4092.6,24249750,4501.8,3683.4,4440.0,3288.1,4023.3,25,5,4023.2,39,3,4023.1,32,3,4023.0,227,15,4022.9,7,1,4023.4,3,1,4024.9,39,2,4025.0,52,2,4025.1,16,3,4025.4,38,3
11483,2026-07-02 11:52:13+05:30,4024.8,1,4042.54,1003626,141806.0,157232.0,4100.0,4110.0,4012.0,4092.6,24249750,4501.8,3683.4,4440.0,3288.1,4023.3,25,5,4023.2,39,3,4023.1,32,3,4023.0,227,15,4022.9,7,1,4023.4,3,1,4024.9,39,2,4025.0,52,2,4025.1,16,3,4025.4,38,3
11483,2026-07-02 11:52:13+05:30,4024.8,1,4042.54,1003694,142299.0,157104.0,4100.0,4110.0,4012.0,4092.6,24249750,4501.8,3683.4,4440.0,3288.1,4023.3,11,2,4023.2,27,2,4023.1,25,2,4023.0,189,12,4022.9,58,3,4024.7,13,2,4024.8,27,3,4024.9,64,3,4025.0,44,3,4025.1,8,3
11483,2026-07-02 11:52:14+05:30,4023.2,1,4042.54,1003694,142299.0,157104.0,4100.0,4110.0,4012.0,4092.6,24249750,4501.8,3683.4,4440.0,3288.1,4023.3,11,2,4023.2,27,2,4023.1,25,2,4023.0,189,12,4022.9,58,3,4024.7,13,2,4024.8,27,3,4024.9,64,3,4025.0,44,3,4025.1,8,3
11483,2026-07-02 11:52:14+05:30,4023.2,1,4042.54,1003731,141932.0,157278.0,4100.0,4110.0,4012.0,4092.6,24249750,4501.8,3683.4,4440.0,3288.1,4023.0,193,14,4022.9,19,3,4022.8,34,3,4022.7,9,2,4022.6,17,1,4023.2,1,1,4024.8,65,4,4024.9,35,1,4025.0,32,2,4025.1,16,3
11483,2026-07-02 11:52:15+05:30,4023.0,1,4042.54,1003731,141932.0,157278.0,4100.0,4110.0,4012.0,4092.6,24249750,4501.8,3683.4,4440.0,3288.1,4023.0,193,14,4022.9,19,3,4022.8,34,3,4022.7,9,2,4022.6,17,1,4023.2,1,1,4024.8,65,4,4024.9,35,1,4025.0,32,2,4025.1,16,3
11483,2026-07-02 11:52:15+05:30,4023.0,1,4042.54,1003739,141817.0,157339.0,4100.0,4110.0,4012.0,4092.6,24249750,4501.8,3683.4,4440.0,3288.1,4023.0,187,14,4022.9,17,2,4022.8,16,3,4022.7,9,2,4022.6,17,1,4023.2,1,1,4024.7,45,2,4024.8,60,4,4024.9,35,1,4025.0,43,3
11483,2026-07-02 11:52:16+05:30,4023.2,1,4042.54,1003739,141817.0,157339.0,4100.0,4110.0,4012.0,4092.6,24249750,4501.8,3683.4,4440.0,3288.1,4023.0,187,14,4022.9,17,2,4022.8,16,3,4022.7,9,2,4022.6,17,1,4023.2,1,1,4024.7,45,2,4024.8,60,4,4024.9,35,1,4025.0,43,3
11483,2026-07-02 11:52:16+05:30,4023.2,1,4042.54,1003741,142447.0,157214.0,4100.0,4110.0,4012.0,4092.6,24249750,4501.8,3683.4,4440.0,3288.1,4023.5,11,3,4023.1,5,2,4023.0,187,13,4022.9,85,4,4022.8,32,2,4024.7,11,1,4024.8,2,1,4024.9,35,1,4025.0,32,2,4025.1,3,2
11483,2026-07-02 11:52:17+05:30,4023.2,1,4042.54,1003796,141974.0,157967.0,4100.0,4110.0,4012.0,4092.6,24249750,4501.8,3683.4,4440.0,3288.1,4023.0,472,13,4022.7,9,2,4022.6,15,2,4022.5,27,2,4022.4,2,1,4023.2,120,1,4024.5,40,4,4024.6,7,1,4024.7,82,4,4024.8,164,5
11483,2026-07-02 11:52:17+05:30,4023.0,7,4042.54,1003796,141974.0,157967.0,4100.0,4110.0,4012.0,4092.6,24249750,4501.8,3683.4,4440.0,3288.1,4023.0,472,13,4022.7,9,2,4022.6,15,2,4022.5,27,2,4022.4,2,1,4023.2,120,1,4024.5,40,4,4024.6,7,1,4024.7,82,4,4024.8,164,5
11483,2026-07-02 11:52:18+05:30,4023.2,1,4042.54,1003796,141974.0,157967.0,4100.0,4110.0,4012.0,4092.6,24249750,4501.8,3683.4,4440.0,3288.1,4023.0,472,13,4022.7,9,2,4022.6,15,2,4022.5,27,2,4022.4,2,1,4023.2,120,1,4024.5,40,4,4024.6,7,1,4024.7,82,4,4024.8,164,5
11483,2026-07-02 11:52:18+05:30,4023.2,1,4042.54,1003805,141919.0,158031.0,4100.0,4110.0,4012.0,4092.6,24249750,4501.8,3683.4,4440.0,3288.1,4023.0,466,14,4022.9,4,1,4022.8,5,1,4022.7,9,2,4022.6,17,3,4023.2,118,1,4024.5,40,4,4024.6,7,1,4024.7,82,4,4024.8,164,5
11483,2026-07-02 11:52:19+05:30,4023.2,1,4042.54,1003805,141919.0,158031.0,4100.0,4110.0,4012.0,4092.6,24249750,4501.8,3683.4,4440.0,3288.1,4023.0,466,14,4022.9,4,1,4022.8,5,1,4022.7,9,2,4022.6,17,3,4023.2,118,1,4024.5,40,4,4024.6,7,1,4024.7,82,4,4024.8,164,5
11483,2026-07-02 11:52:19+05:30,4023.2,1,4042.54,1003808,141926.0,158029.0,4100.0,4110.0,4012.0,4092.6,24249750,4501.8,3683.4,4440.0,3288.1,4023.0,467,15,4022.9,9,2,4022.8,5,1,4022.7,11,3,4022.6,15,2,4023.2,116,1,4024.5,22,2,4024.6,7,1,4024.7,80,3,4024.8,175,6
11483,2026-07-02 11:52:20+05:30,4023.2,1,4042.54,1003808,141926.0,158029.0,4100.0,4110.0,4012.0,4092.6,24249750,4501.8,3683.4,4440.0,3288.1,4023.0,467,15,4022.9,9,2,4022.8,5,1,4022.7,11,3,4022.6,15,2,4023.2,116,1,4024.5,22,2,4024.6,7,1,4024.7,80,3,4024.8,175,6
11483,2026-07-02 11:52:20+05:30,4023.2,1,4042.54,1003814,141933.0,157859.0,4100.0,4110.0,4012.0,4092.6,24249750,4501.8,3683.4,4440.0,3288.1,4023.0,461,13,4022.8,5,1,4022.7,9,2,4022.6,15,2,4022.5,22,2,4023.2,114,1,4024.5,22,2,4024.6,7,1,4024.7,80,3,4024.8,173,5
11483,2026-07-02 11:52:21+05:30,4023.2,4,4042.54,1003814,141933.0,157859.0,4100.0,4110.0,4012.0,4092.6,24249750,4501.8,3683.4,4440.0,3288.1,4023.0,461,13,4022.8,5,1,4022.7,9,2,4022.6,15,2,4022.5,22,2,4023.2,114,1,4024.5,22,2,4024.6,7,1,4024.7,80,3,4024.8,173,5
11483,2026-07-02 11:52:21+05:30,4023.2,4,4042.54,1003836,141934.0,158012.0,4100.0,4110.0,4012.0,4092.6,24249750,4501.8,3683.4,4440.0,3288.1,4023.0,460,13,4022.8,5,1,4022.7,11,3,4022.6,15,2,4022.5,22,2,4023.2,94,2,4024.5,22,2,4024.6,3,1,4024.7,80,3,4024.8,38,3
11483,2026-07-02 11:52:22+05:30,4023.0,1,4042.54,1003836,141934.0,158012.0,4100.0,4110.0,4012.0,4092.6,24249750,4501.8,3683.4,4440.0,3288.1,4023.0,460,13,4022.8,5,1,4022.7,11,3,4022.6,15,2,4022.5,22,2,4023.2,94,2,4024.5,22,2,4024.6,3,1,4024.7,80,3,4024.8,38,3
11483,2026-07-02 11:52:22+05:30,4023.0,2,4042.53,1003933,141875.0,157797.0,4100.0,4110.0,4012.0,4092.6,24249750,4501.8,3683.4,4440.0,3288.1,4023.0,418,6,4022.9,5,1,4022.8,5,1,4022.7,9,2,4022.6,7,1,4023.2,50,2,4024.4,6,2,4024.5,22,2,4024.6,3,1,4024.7,85,4
11483,2026-07-02 11:52:23+05:30,4023.0,1,4042.53,1003933,141875.0,157797.0,4100.0,4110.0,4012.0,4092.6,24249750,4501.8,3683.4,4440.0,3288.1,4023.0,418,6,4022.9,5,1,4022.8,5,1,4022.7,9,2,4022.6,7,1,4023.2,50,2,4024.4,6,2,4024.5,22,2,4024.6,3,1,4024.7,85,4
11483,2026-07-02 11:52:23+05:30,4023.2,1,4042.53,1003952,141862.0,157782.0,4100.0,4110.0,4012.0,4092.6,24249750,4501.8,3683.4,4440.0,3288.1,4023.0,400,6,4022.9,5,1,4022.8,7,2,4022.7,9,2,4022.6,7,1,4023.2,49,2,4024.4,6,2,4024.5,22,2,4024.6,3,1,4024.7,85,4
11483,2026-07-02 11:52:24+05:30,4023.2,2,4042.53,1003952,141862.0,157782.0,4100.0,4110.0,4012.0,4092.6,24249750,4501.8,3683.4,4440.0,3288.1,4023.0,400,6,4022.9,5,1,4022.8,7,2,4022.7,9,2,4022.6,7,1,4023.2,49,2,4024.4,6,2,4024.5,22,2,4024.6,3,1,4024.7,85,4
11483,2026-07-02 11:52:24+05:30,4023.2,2,4042.53,1003959,141908.0,157967.0,4100.0,4110.0,4012.0,4092.6,24249750,4501.8,3683.4,4440.0,3288.1,4023.0,396,6,4022.9,5,1,4022.8,5,1,4022.7,3,1,4022.6,7,1,4023.2,46,2,4024.4,13,3,4024.5,22,2,4024.7,85,4,4024.8,48,4
11483,2026-07-02 11:52:25+05:30,4023.0,1,4042.53,1003959,141908.0,157967.0,4100.0,4110.0,4012.0,4092.6,24249750,4501.8,3683.4,4440.0,3288.1,4023.0,396,6,4022.9,5,1,4022.8,5,1,4022.7,3,1,4022.6,7,1,4023.2,46,2,4024.4,13,3,4024.5,22,2,4024.7,85,4,4024.8,48,4
11483,2026-07-02 11:52:25+05:30,4023.0,1,4042.53,1003962,141908.0,157968.0,4100.0,4110.0,4012.0,4092.6,24249750,4501.8,3683.4,4440.0,3288.1,4023.0,400,7,4022.8,10,2,4022.7,3,1,4022.6,7,1,4022.5,19,3,4023.2,45,2,4024.4,13,3,4024.5,22,2,4024.7,90,5,4024.8,48,4
11483,2026-07-02 11:52:26+05:30,4024.4,1,4042.53,1003962,141908.0,157968.0,4100.0,4110.0,4012.0,4092.6,24249750,4501.8,3683.4,4440.0,3288.1,4023.0,400,7,4022.8,10,2,4022.7,3,1,4022.6,7,1,4022.5,19,3,4023.2,45,2,4024.4,13,3,4024.5,22,2,4024.7,90,5,4024.8,48,4
11483,2026-07-02 11:52:26+05:30,4024.4,1,4042.53,1004023,141876.0,157378.0,4100.0,4110.0,4012.0,4092.6,24249750,4501.8,3683.4,4440.0,3288.1,4023.2,137,3,4023.1,42,1,4023.0,443,8,4022.9,42,1,4022.8,13,1,4024.6,25,2,4024.7,34,3,4024.8,10,1,4024.9,41,3,4025.0,32,2
11483,2026-07-02 11:52:27+05:30,4023.2,1,4042.53,1004023,141876.0,157378.0,4100.0,4110.0,4012.0,4092.6,24249750,4501.8,3683.4,4440.0,3288.1,4023.2,137,3,4023.1,42,1,4023.0,443,8,4022.9,42,1,4022.8,13,1,4024.6,25,2,4024.7,34,3,4024.8,10,1,4024.9,41,3,4025.0,32,2
11483,2026-07-02 11:52:27+05:30,4023.2,1,4042.53,1004031,141789.0,157406.0,4100.0,4110.0,4012.0,4092.6,24249750,4501.8,3683.4,4440.0,3288.1,4023.2,129,3,4023.1,42,1,4023.0,443,8,4022.9,42,1,4022.8,13,1,4024.6,25,2,4024.7,34,3,4024.8,10,1,4024.9,52,4,4025.0,32,2
11483,2026-07-02 11:52:28+05:30,4023.2,1,4042.53,1004031,141789.0,157406.0,4100.0,4110.0,4012.0,4092.6,24249750,4501.8,3683.4,4440.0,3288.1,4023.2,129,3,4023.1,42,1,4023.0,443,8,4022.9,42,1,4022.8,13,1,4024.6,25,2,4024.7,34,3,4024.8,10,1,4024.9,52,4,4025.0,32,2
11483,2026-07-02 11:52:28+05:30,4023.2,1,4042.53,1004202,141796.0,157675.0,4100.0,4110.0,4012.0,4092.6,24249750,4501.8,3683.4,4440.0,3288.1,4023.2,126,3,4023.0,517,9,4022.7,52,2,4022.6,7,1,4022.5,20,2,4023.7,52,1,4024.0,12,1,4024.3,6,2,4024.6,23,4,4024.7,28,2
11483,2026-07-02 11:52:29+05:30,4023.4,1,4042.53,1004202,141796.0,157675.0,4100.0,4110.0,4012.0,4092.6,24249750,4501.8,3683.4,4440.0,3288.1,4023.2,126,3,4023.0,517,9,4022.7,52,2,4022.6,7,1,4022.5,20,2,4023.7,52,1,4024.0,12,1,4024.3,6,2,4024.6,23,4,4024.7,28,2
11483,2026-07-02 11:52:29+05:30,4024.0,6,4042.53,1004286,141740.0,158504.0,4100.0,4110.0,4012.0,4092.6,24249750,4501.8,3683.4,4440.0,3288.1,4023.4,67,3,4023.3,42,1,4023.2,117,2,4023.1,42,1,4023.0,517,9,4024.0,6,1,4024.4,5,1,4024.6,16,2,4024.7,9,2,4024.8,11,2
11483,2026-07-02 11:52:30+05:30,4023.5,1,4042.53,1004286,141740.0,158504.0,4100.0,4110.0,4012.0,4092.6,24249750,4501.8,3683.4,4440.0,3288.1,4023.4,67,3,4023.3,42,1,4023.2,117,2,4023.1,42,1,4023.0,517,9,4024.0,6,1,4024.4,5,1,4024.6,16,2,4024.7,9,2,4024.8,11,2
11483,2026-07-02 11:52:30+05:30,4024.0,1,4042.53,1004340,141760.0,158622.0,4100.0,4110.0,4012.0,4092.6,24249750,4501.8,3683.4,4440.0,3288.1,4023.5,37,1,4023.4,25,2,4023.3,42,1,4023.2,117,2,4023.0,517,9,4024.2,15,1,4024.5,44,2,4024.6,55,3,4024.7,7,1,4024.8,2,1
11483,2026-07-02 11:52:31+05:30,4023.5,1,4042.53,1004340,141760.0,158622.0,4100.0,4110.0,4012.0,4092.6,24249750,4501.8,3683.4,4440.0,3288.1,4023.5,37,1,4023.4,25,2,4023.3,42,1,4023.2,117,2,4023.0,517,9,4024.2,15,1,4024.5,44,2,4024.6,55,3,4024.7,7,1,4024.8,2,1
11483,2026-07-02 11:52:31+05:30,4023.7,1,4042.53,1004396,141822.0,158809.0,4100.0,4110.0,4012.0,4092.6,24249750,4501.8,3683.4,4440.0,3288.1,4023.5,30,1,4023.4,67,3,4023.2,123,3,4023.0,511,8,4022.5,21,2,4023.7,126,1,4024.0,12,1,4024.2,15,1,4024.5,5,1,4024.6,61,3
11483,2026-07-02 11:52:32+05:30,4023.6,1,4042.53,1004396,141822.0,158809.0,4100.0,4110.0,4012.0,4092.6,24249750,4501.8,3683.4,4440.0,3288.1,4023.5,30,1,4023.4,67,3,4023.2,123,3,4023.0,511,8,4022.5,21,2,4023.7,126,1,4024.0,12,1,4024.2,15,1,4024.5,5,1,4024.6,61,3
11483,2026-07-02 11:52:32+05:30,4023.5,3,4042.52,1004409,141781.0,159089.0,4100.0,4110.0,4012.0,4092.6,24249750,4501.8,3683.4,4440.0,3288.1,4023.2,115,3,4023.0,511,8,4022.6,2,1,4022.5,19,1,4022.4,74,5,4023.7,126,1,4024.0,14,1,4024.2,15,1,4024.5,5,1,4024.6,50,2
11483,2026-07-02 11:52:33+05:30,4023.2,1,4042.52,1004409,141781.0,159089.0,4100.0,4110.0,4012.0,4092.6,24249750,4501.8,3683.4,4440.0,3288.1,4023.2,115,3,4023.0,511,8,4022.6,2,1,4022.5,19,1,4022.4,74,5,4023.7,126,1,4024.0,14,1,4024.2,15,1,4024.5,5,1,4024.6,50,2
11483,2026-07-02 11:52:33+05:30,4023.2,1,4042.52,1004412,141853.0,159099.0,4100.0,4110.0,4012.0,4092.6,24249750,4501.8,3683.4,4440.0,3288.1,4023.2,112,3,4023.0,561,9,4022.6,2,1,4022.5,24,2,4022.4,74,5,4023.7,126,1,4024.0,14,1,4024.2,15,1,4024.5,5,1,4024.6,50,2
11483,2026-07-02 11:52:34+05:30,4023.2,1,4042.52,1004412,141853.0,159099.0,4100.0,4110.0,4012.0,4092.6,24249750,4501.8,3683.4,4440.0,3288.1,4023.2,112,3,4023.0,561,9,4022.6,2,1,4022.5,24,2,4022.4,74,5,4023.7,126,1,4024.0,14,1,4024.2,15,1,4024.5,5,1,4024.6,50,2
11483,2026-07-02 11:52:34+05:30,4023.2,1,4042.52,1004413,141832.0,159066.0,4100.0,4110.0,4012.0,4092.6,24249750,4501.8,3683.4,4440.0,3288.1,4023.3,2,1,4023.2,111,3,4023.1,8,1,4023.0,563,10,4022.9,5,1,4023.7,126,1,4024.0,14,1,4024.2,15,1,4024.6,50,2,4024.7,7,1
11483,2026-07-02 11:52:35+05:30,4023.3,1,4042.52,1004413,141832.0,159066.0,4100.0,4110.0,4012.0,4092.6,24249750,4501.8,3683.4,4440.0,3288.1,4023.3,2,1,4023.2,111,3,4023.1,8,1,4023.0,563,10,4022.9,5,1,4023.7,126,1,4024.0,14,1,4024.2,15,1,4024.6,50,2,4024.7,7,1
11483,2026-07-02 11:52:35+05:30,4023.3,1,4042.52,1004416,141729.0,159340.0,4100.0,4110.0,4012.0,4092.6,24249750,4501.8,3683.4,4440.0,3288.1,4023.3,1,1,4023.2,111,3,4023.0,566,10,4022.8,12,1,4022.6,6,1,4023.5,50,1,4023.6,42,1,4023.7,168,2,4023.8,42,1,4024.0,56,2
11483,2026-07-02 11:52:36+05:30,4023.3,1,4042.52,1004416,141729.0,159340.0,4100.0,4110.0,4012.0,4092.6,24249750,4501.8,3683.4,4440.0,3288.1,4023.3,1,1,4023.2,111,3,4023.0,566,10,4022.8,12,1,4022.6,6,1,4023.5,50,1,4023.6,42,1,4023.7,168,2,4023.8,42,1,4024.0,56,2
11483,2026-07-02 11:52:36+05:30,4023.3,1,4042.52,1004418,141745.0,159300.0,4100.0,4110.0,4012.0,4092.6,24249750,4501.8,3683.4,4440.0,3288.1,4023.3,1,1,4023.2,111,3,4023.0,566,10,4022.8,12,1,4022.6,6,1,4023.5,43,2,4023.6,42,1,4023.7,168,2,4023.9,42,1,4024.0,14,1
11483,2026-07-02 11:52:37+05:30,4023.3,6,4042.52,1004418,141745.0,159300.0,4100.0,4110.0,4012.0,4092.6,24249750,4501.8,3683.4,4440.0,3288.1,4023.3,1,1,4023.2,111,3,4023.0,566,10,4022.8,12,1,4022.6,6,1,4023.5,43,2,4023.6,42,1,4023.7,168,2,4023.9,42,1,4024.0,14,1
11483,2026-07-02 11:52:37+05:30,4023.4,10,4042.52,1004436,142048.0,159384.0,4100.0,4110.0,4012.0,4092.6,24249750,4501.8,3683.4,4440.0,3288.1,4023.2,111,3,4023.0,566,10,4022.6,6,1,4022.5,34,2,4022.4,9,1,4023.4,38,1,4023.5,43,2,4023.6,42,1,4023.7,168,2,4023.9,42,1
11483,2026-07-02 11:52:38+05:30,4023.2,2,4042.52,1004436,142048.0,159384.0,4100.0,4110.0,4012.0,4092.6,24249750,4501.8,3683.4,4440.0,3288.1,4023.2,111,3,4023.0,566,10,4022.6,6,1,4022.5,34,2,4022.4,9,1,4023.4,38,1,4023.5,43,2,4023.6,42,1,4023.7,168,2,4023.9,42,1
11483,2026-07-02 11:52:38+05:30,4023.4,5,4042.52,1004443,142124.0,159302.0,4100.0,4110.0,4012.0,4092.6,24249750,4501.8,3683.4,4440.0,3288.1,4023.2,109,3,4023.0,566,10,4022.6,10,2,4022.5,34,2,4022.4,9,1,4023.4,37,1,4023.5,43,2,4023.6,42,1,4023.7,126,1,4023.8,42,1
11483,2026-07-02 11:52:39+05:30,4023.4,1,4042.52,1004443,142124.0,159302.0,4100.0,4110.0,4012.0,4092.6,24249750,4501.8,3683.4,4440.0,3288.1,4023.2,109,3,4023.0,566,10,4022.6,10,2,4022.5,34,2,4022.4,9,1,4023.4,37,1,4023.5,43,2,4023.6,42,1,4023.7,126,1,4023.8,42,1
11483,2026-07-02 11:52:39+05:30,4023.2,25,4042.52,1004473,142104.0,159336.0,4100.0,4110.0,4012.0,4092.6,24249750,4501.8,3683.4,4440.0,3288.1,4023.2,83,3,4023.0,566,10,4022.6,10,2,4022.5,34,2,4022.4,9,1,4023.4,71,2,4023.5,43,2,4023.6,42,1,4023.7,126,1,4023.8,42,1
11483,2026-07-02 11:52:40+05:30,4023.2,4,4042.52,1004473,142104.0,159336.0,4100.0,4110.0,4012.0,4092.6,24249750,4501.8,3683.4,4440.0,3288.1,4023.2,83,3,4023.0,566,10,4022.6,10,2,4022.5,34,2,4022.4,9,1,4023.4,71,2,4023.5,43,2,4023.6,42,1,4023.7,126,1,4023.8,42,1
11483,2026-07-02 11:52:40+05:30,4023.4,5,4042.52,1004482,141904.0,159635.0,4100.0,4110.0,4012.0,4092.6,24249750,4501.8,3683.4,4440.0,3288.1,4023.2,79,3,4023.0,566,10,4022.6,6,1,4022.5,34,2,4022.4,29,2,4023.4,66,2,4023.5,43,2,4023.6,96,2,4023.7,126,1,4023.8,42,1
11483,2026-07-02 11:52:41+05:30,4023.2,1,4042.52,1004482,141904.0,159635.0,4100.0,4110.0,4012.0,4092.6,24249750,4501.8,3683.4,4440.0,3288.1,4023.2,79,3,4023.0,566,10,4022.6,6,1,4022.5,34,2,4022.4,29,2,4023.4,66,2,4023.5,43,2,4023.6,96,2,4023.7,126,1,4023.8,42,1
11483,2026-07-02 11:52:41+05:30,4023.4,3,4042.51,1004973,141264.0,159946.0,4100.0,4110.0,4012.0,4092.6,24249750,4501.8,3683.4,4440.0,3288.1,4023.0,158,4,4022.5,15,1,4022.2,2,1,4022.0,249,11,4021.9,34,3,4023.4,122,4,4023.5,43,2,4023.6,54,1,4023.7,168,2,4024.2,26,3
11483,2026-07-02 11:52:42+05:30,4023.0,59,4042.51,1004973,141264.0,159946.0,4100.0,4110.0,4012.0,4092.6,24249750,4501.8,3683.4,4440.0,3288.1,4023.0,158,4,4022.5,15,1,4022.2,2,1,4022.0,249,11,4021.9,34,3,4023.4,122,4,4023.5,43,2,4023.6,54,1,4023.7,168,2,4024.2,26,3
11483,2026-07-02 11:52:42+05:30,4023.4,1,4042.51,1005034,141224.0,159742.0,4100.0,4110.0,4012.0,4092.6,24249750,4501.8,3683.4,4440.0,3288.1,4023.2,1,1,4023.0,99,4,4022.5,15,1,4022.1,2,1,4022.0,125,10,4023.4,78,3,4023.5,43,2,4023.6,96,2,4023.7,126,1,4023.8,47,2
11483,2026-07-02 11:52:43+05:30,4023.2,3,4042.51,1005034,141224.0,159742.0,4100.0,4110.0,4012.0,4092.6,24249750,4501.8,3683.4,4440.0,3288.1,4023.2,1,1,4023.0,99,4,4022.5,15,1,4022.1,2,1,4022.0,125,10,4023.4,78,3,4023.5,43,2,4023.6,96,2,4023.7,126,1,4023.8,47,2
11483,2026-07-02 11:52:43+05:30,4023.2,1,4042.51,1005038,141212.0,159793.0,4100.0,4110.0,4012.0,4092.6,24249750,4501.8,3683.4,4440.0,3288.1,4023.0,99,4,4022.5,15,1,4022.1,2,1,4022.0,125,10,4021.9,52,3,4023.2,19,2,4023.3,42,1,4023.4,102,3,4023.5,1,1,4023.6,96,2
11483,2026-07-02 11:52:44+05:30,4023.0,2,4042.51,1005038,141212.0,159793.0,4100.0,4110.0,4012.0,4092.6,24249750,4501.8,3683.4,4440.0,3288.1,4023.0,99,4,4022.5,15,1,4022.1,2,1,4022.0,125,10,4021.9,52,3,4023.2,19,2,4023.3,42,1,4023.4,102,3,4023.5,1,1,4023.6,96,2
11483,2026-07-02 11:52:44+05:30,4023.0,2,4042.51,1005038,141212.0,159793.0,4100.0,4110.0,4012.0,4092.6,24249750,4501.8,3683.4,4440.0,3288.1,4023.0,99,4,4022.5,15,1,4022.1,2,1,4022.0,125,10,4021.9,52,3,4023.2,19,2,4023.3,42,1,4023.4,102,3,4023.5,1,1,4023.6,96,2
11483,2026-07-02 11:52:44+05:30,4023.0,3,4042.51,1005049,141194.0,159802.0,4100.0,4110.0,4012.0,4092.6,24249750,4501.8,3683.4,4440.0,3288.1,4023.0,98,5,4022.5,15,1,4022.0,127,11,4021.9,32,2,4021.7,95,4,4023.2,18,2,4023.3,42,1,4023.4,102,3,4023.5,1,1,4023.6,96,2
11483,2026-07-02 11:52:45+05:30,4023.0,1,4042.51,1005049,141194.0,159802.0,4100.0,4110.0,4012.0,4092.6,24249750,4501.8,3683.4,4440.0,3288.1,4023.0,98,5,4022.5,15,1,4022.0,127,11,4021.9,32,2,4021.7,95,4,4023.2,18,2,4023.3,42,1,4023.4,102,3,4023.5,1,1,4023.6,96,2
11483,2026-07-02 11:52:45+05:30,4023.0,1,4042.51,1005049,141194.0,159802.0,4100.0,4110.0,4012.0,4092.6,24249750,4501.8,3683.4,4440.0,3288.1,4023.0,98,5,4022.5,15,1,4022.0,127,11,4021.9,32,2,4021.7,95,4,4023.2,18,2,4023.3,42,1,4023.4,102,3,4023.5,1,1,4023.6,96,2
11483,2026-07-02 11:52:45+05:30,4022.5,6,4042.51,1005179,141053.0,159775.0,4100.0,4110.0,4012.0,4092.6,24249750,4501.8,3683.4,4440.0,3288.1,4022.5,9,1,4022.0,117,10,4021.9,39,2,4021.7,8,1,4021.6,317,15,4023.2,17,2,4023.3,42,1,4023.4,102,3,4023.5,1,1,4023.6,96,2
11483,2026-07-02 11:52:46+05:30,4022.5,7,4042.51,1005179,141053.0,159775.0,4100.0,4110.0,4012.0,4092.6,24249750,4501.8,3683.4,4440.0,3288.1,4022.5,9,1,4022.0,117,10,4021.9,39,2,4021.7,8,1,4021.6,317,15,4023.2,17,2,4023.3,42,1,4023.4,102,3,4023.5,1,1,4023.6,96,2
11483,2026-07-02 11:52:46+05:30,4022.5,7,4042.51,1005179,141053.0,159775.0,4100.0,4110.0,4012.0,4092.6,24249750,4501.8,3683.4,4440.0,3288.1,4022.5,9,1,4022.0,117,10,4021.9,39,2,4021.7,8,1,4021.6,317,15,4023.2,17,2,4023.3,42,1,4023.4,102,3,4023.5,1,1,4023.6,96,2
11483,2026-07-02 11:52:46+05:30,4022.5,1,4042.51,1005201,140627.0,160279.0,4100.0,4110.0,4012.0,4092.6,24249750,4501.8,3683.4,4440.0,3288.1,4022.1,13,3,4022.0,115,9,4021.7,13,2,4021.6,23,11,4021.5,57,4,4022.5,51,5,4022.6,42,1,4022.8,42,1,4023.2,1,1,4023.3,1,1
11483,2026-07-02 11:52:47+05:30,4022.1,1,4042.51,1005201,140627.0,160279.0,4100.0,4110.0,4012.0,4092.6,24249750,4501.8,3683.4,4440.0,3288.1,4022.1,13,3,4022.0,115,9,4021.7,13,2,4021.6,23,11,4021.5,57,4,4022.5,51,5,4022.6,42,1,4022.8,42,1,4023.2,1,1,4023.3,1,1
11483,2026-07-02 11:52:47+05:30,4022.1,1,4042.51,1005201,140627.0,160279.0,4100.0,4110.0,4012.0,4092.6,24249750,4501.8,3683.4,4440.0,3288.1,4022.1,13,3,4022.0,115,9,4021.7,13,2,4021.6,23,11,4021.5,57,4,4022.5,51,5,4022.6,42,1,4022.8,42,1,4023.2,1,1,4023.3,1,1
11483,2026-07-02 11:52:47+05:30,4023.2,3,4042.51,1005223,141742.0,159599.0,4100.0,4110.0,4012.0,4092.6,24249750,4501.8,3683.4,4440.0,3288.1,4023.4,89,1,4022.2,2,1,4022.1,3,1,4022.0,149,12,4021.9,62,1,4023.5,1,1,4023.6,54,1,4023.9,13,1,4024.2,18,1,4024.3,40,2
11483,2026-07-02 11:52:47+05:30,4023.2,3,4042.51,1005223,141742.0,159599.0,4100.0,4110.0,4012.0,4092.6,24249750,4501.8,3683.4,4440.0,3288.1,4023.4,89,1,4022.2,2,1,4022.1,3,1,4022.0,149,12,4021.9,62,1,4023.5,1,1,4023.6,54,1,4023.9,13,1,4024.2,18,1,4024.3,40,2
11483,2026-07-02 11:52:48+05:30,4023.2,3,4042.51,1005223,141742.0,159599.0,4100.0,4110.0,4012.0,4092.6,24259375,4501.8,3683.4,4440.0,3288.1,4023.4,89,1,4022.2,2,1,4022.1,3,1,4022.0,149,12,4021.9,62,1,4023.5,1,1,4023.6,54,1,4023.9,13,1,4024.2,18,1,4024.3,40,2
11483,2026-07-02 11:52:48+05:30,4023.4,2,4042.51,1005223,141742.0,159599.0,4100.0,4110.0,4012.0,4092.6,24259375,4501.8,3683.4,4440.0,3288.1,4023.4,89,1,4022.2,2,1,4022.1,3,1,4022.0,149,12,4021.9,62,1,4023.5,1,1,4023.6,54,1,4023.9,13,1,4024.2,18,1,4024.3,40,2
11483,2026-07-02 11:52:48+05:30,4023.4,2,4042.51,1005223,141742.0,159599.0,4100.0,4110.0,4012.0,4092.6,24259375,4501.8,3683.4,4440.0,3288.1,4023.4,89,1,4022.2,2,1,4022.1,3,1,4022.0,149,12,4021.9,62,1,4023.5,1,1,4023.6,54,1,4023.9,13,1,4024.2,18,1,4024.3,40,2
11483,2026-07-02 11:52:48+05:30,4023.5,1,4042.51,1005231,141749.0,159772.0,4100.0,4110.0,4012.0,4092.6,24259375,4501.8,3683.4,4440.0,3288.1,4023.4,82,1,4022.2,2,1,4022.1,3,1,4022.0,149,12,4021.9,74,2,4023.5,1,1,4023.6,54,1,4023.9,13,1,4024.3,40,2,4024.4,5,1
11483,2026-07-02 11:52:49+05:30,4023.5,1,4042.51,1005231,141749.0,159772.0,4100.0,4110.0,4012.0,4092.6,24259375,4501.8,3683.4,4440.0,3288.1,4023.4,82,1,4022.2,2,1,4022.1,3,1,4022.0,149,12,4021.9,74,2,4023.5,1,1,4023.6,54,1,4023.9,13,1,4024.3,40,2,4024.4,5,1
11483,2026-07-02 11:52:49+05:30,4022.0,65,4042.51,1005231,141749.0,159772.0,4100.0,4110.0,4012.0,4092.6,24259375,4501.8,3683.4,4440.0,3288.1,4023.4,82,1,4022.2,2,1,4022.1,3,1,4022.0,149,12,4021.9,74,2,4023.5,1,1,4023.6,54,1,4023.9,13,1,4024.3,40,2,4024.4,5,1
11483,2026-07-02 11:52:49+05:30,4022.0,65,4042.51,1005231,141749.0,159772.0,4100.0,4110.0,4012.0,4092.6,24259375,4501.8,3683.4,4440.0,3288.1,4023.4,82,1,4022.2,2,1,4022.1,3,1,4022.0,149,12,4021.9,74,2,4023.5,1,1,4023.6,54,1,4023.9,13,1,4024.3,40,2,4024.4,5,1
11483,2026-07-02 11:52:49+05:30,4023.4,1,4042.5,1005560,141270.0,159731.0,4100.0,4110.0,4012.0,4092.6,24259375,4501.8,3683.4,4440.0,3288.1,4022.2,18,3,4022.1,27,3,4022.0,55,3,4021.9,25,3,4021.8,8,2,4023.4,2,2,4023.5,1,1,4023.6,54,1,4023.9,13,1,4024.2,1,1
11483,2026-07-02 11:52:49+05:30,4023.4,1,4042.5,1005560,141270.0,159731.0,4100.0,4110.0,4012.0,4092.6,24259375,4501.8,3683.4,4440.0,3288.1,4022.2,18,3,4022.1,27,3,4022.0,55,3,4021.9,25,3,4021.8,8,2,4023.4,2,2,4023.5,1,1,4023.6,54,1,4023.9,13,1,4024.2,1,1
11483,2026-07-02 11:52:50+05:30,4022.2,9,4042.5,1005560,141270.0,159731.0,4100.0,4110.0,4012.0,4092.6,24259375,4501.8,3683.4,4440.0,3288.1,4022.2,18,3,4022.1,27,3,4022.0,55,3,4021.9,25,3,4021.8,8,2,4023.4,2,2,4023.5,1,1,4023.6,54,1,4023.9,13,1,4024.2,1,1
11483,2026-07-02 11:52:50+05:30,4022.2,3,4042.5,1005593,140843.0,159545.0,4100.0,4110.0,4012.0,4092.6,24259375,4501.8,3683.4,4440.0,3288.1,4022.1,15,3,4022.0,25,5,4021.9,4,1,4021.8,7,2,4021.7,66,4,4022.2,2,2,4023.4,2,2,4023.5,1,1,4023.6,54,1,4024.2,33,2
11483,2026-07-02 11:52:51+05:30,4022.1,2,4042.5,1005593,140843.0,159545.0,4100.0,4110.0,4012.0,4092.6,24259375,4501.8,3683.4,4440.0,3288.1,4022.1,15,3,4022.0,25,5,4021.9,4,1,4021.8,7,2,4021.7,66,4,4022.2,2,2,4023.4,2,2,4023.5,1,1,4023.6,54,1,4024.2,33,2
11483,2026-07-02 11:52:51+05:30,4022.2,3,4042.5,1005611,141502.0,159464.0,4100.0,4110.0,4012.0,4092.6,24259375,4501.8,3683.4,4440.0,3288.1,4022.2,40,4,4022.1,16,3,4022.0,47,6,4021.9,60,4,4021.8,12,3,4023.4,1,1,4023.5,1,1,4023.6,54,1,4024.5,52,3,4024.6,11,1
11483,2026-07-02 11:52:52+05:30,4022.8,2,4042.5,1005611,141502.0,159464.0,4100.0,4110.0,4012.0,4092.6,24259375,4501.8,3683.4,4440.0,3288.1,4022.2,40,4,4022.1,16,3,4022.0,47,6,4021.9,60,4,4021.8,12,3,4023.4,1,1,4023.5,1,1,4023.6,54,1,4024.5,52,3,4024.6,11,1
11483,2026-07-02 11:52:52+05:30,4023.4,1,4042.5,1005616,141601.0,159526.0,4100.0,4110.0,4012.0,4092.6,24259375,4501.8,3683.4,4440.0,3288.1,4022.8,1,1,4022.3,20,3,4022.2,23,2,4022.1,16,3,4022.0,47,6,4023.4,1,1,4023.5,1,1,4023.6,54,1,4024.4,34,1,4024.5,39,2
11483,2026-07-02 11:52:53+05:30,4022.3,1,4042.5,1005616,141601.0,159526.0,4100.0,4110.0,4012.0,4092.6,24259375,4501.8,3683.4,4440.0,3288.1,4022.8,1,1,4022.3,20,3,4022.2,23,2,4022.1,16,3,4022.0,47,6,4023.4,1,1,4023.5,1,1,4023.6,54,1,4024.4,34,1,4024.5,39,2
11483,2026-07-02 11:52:53+05:30,4022.3,1,4042.5,1005618,141404.0,159606.0,4100.0,4110.0,4012.0,4092.6,24259375,4501.8,3683.4,4440.0,3288.1,4022.3,22,3,4022.2,25,2,4022.0,31,6,4021.9,14,2,4021.8,12,3,4022.8,2,2,4023.4,2,2,4023.5,1,1,4023.6,54,1,4024.5,52,3
11483,2026-07-02 11:52:54+05:30,4022.8,1,4042.5,1005618,141404.0,159606.0,4100.0,4110.0,4012.0,4092.6,24259375,4501.8,3683.4,4440.0,3288.1,4022.3,22,3,4022.2,25,2,4022.0,31,6,4021.9,14,2,4021.8,12,3,4022.8,2,2,4023.4,2,2,4023.5,1,1,4023.6,54,1,4024.5,52,3
11483,2026-07-02 11:52:54+05:30,4022.3,1,4042.5,1005625,141417.0,159619.0,4100.0,4110.0,4012.0,4092.6,24259375,4501.8,3683.4,4440.0,3288.1,4022.3,21,3,4022.2,25,2,4022.0,31,6,4021.9,14,2,4021.8,12,3,4022.8,2,2,4023.4,2,2,4023.5,1,1,4023.6,54,1,4024.5,52,3
11483,2026-07-02 11:52:55+05:30,4022.8,1,4042.5,1005625,141417.0,159619.0,4100.0,4110.0,4012.0,4092.6,24259375,4501.8,3683.4,4440.0,3288.1,4022.3,21,3,4022.2,25,2,4022.0,31,6,4021.9,14,2,4021.8,12,3,4022.8,2,2,4023.4,2,2,4023.5,1,1,4023.6,54,1,4024.5,52,3
11483,2026-07-02 11:52:56+05:30,4022.4,2,4042.5,1005636,141661.0,159482.0,4100.0,4110.0,4012.0,4092.6,24259375,4501.8,3683.4,4440.0,3288.1,4022.4,27,4,4022.3,25,3,4022.2,15,1,4022.1,34,4,4022.0,30,5,4023.4,2,2,4023.5,1,1,4023.6,54,1,4024.5,52,3,4024.6,40,3
11483,2026-07-02 11:52:56+05:30,4022.1,1,4042.5,1005636,141661.0,159482.0,4100.0,4110.0,4012.0,4092.6,24259375,4501.8,3683.4,4440.0,3288.1,4022.4,27,4,4022.3,25,3,4022.2,15,1,4022.1,34,4,4022.0,30,5,4023.4,2,2,4023.5,1,1,4023.6,54,1,4024.5,52,3,4024.6,40,3
11483,2026-07-02 11:52:57+05:30,4022.8,2,4042.5,1005642,141899.0,159424.0,4100.0,4110.0,4012.0,4092.6,24259375,4501.8,3683.4,4440.0,3288.1,4022.8,23,1,4022.2,20,4,4022.1,35,4,4022.0,85,9,4021.9,58,4,4023.4,1,1,4023.5,1,1,4023.6,54,1,4024.5,39,2,4024.6,30,3
11483,2026-07-02 11:52:57+05:30,4022.8,1,4042.5,1005642,141899.0,159424.0,4100.0,4110.0,4012.0,4092.6,24259375,4501.8,3683.4,4440.0,3288.1,4022.8,23,1,4022.2,20,4,4022.1,35,4,4022.0,85,9,4021.9,58,4,4023.4,1,1,4023.5,1,1,4023.6,54,1,4024.5,39,2,4024.6,30,3
11483,2026-07-02 11:52:58+05:30,4023.6,41,4042.5,1005696,142049.0,159212.0,4100.0,4110.0,4012.0,4092.6,24259375,4501.8,3683.4,4440.0,3288.1,4022.8,19,1,4022.3,23,1,4022.2,54,7,4022.1,66,4,4022.0,85,9,4023.6,13,1,4024.4,49,2,4024.5,58,2,4024.6,13,2,4024.7,31,3
11483,2026-07-02 11:52:58+05:30,4022.8,1,4042.5,1005696,142049.0,159212.0,4100.0,4110.0,4012.0,4092.6,24259375,4501.8,3683.4,4440.0,3288.1,4022.8,19,1,4022.3,23,1,4022.2,54,7,4022.1,66,4,4022.0,85,9,4023.6,13,1,4024.4,49,2,4024.5,58,2,4024.6,13,2,4024.7,31,3
11483,2026-07-02 11:52:58+05:30,4023.6,7,4042.5,1005715,141996.0,159338.0,4100.0,4110.0,4012.0,4092.6,24259375,4501.8,3683.4,4440.0,3288.1,4022.8,7,1,4022.3,23,1,4022.2,54,7,4022.1,66,4,4022.0,85,9,4023.6,7,2,4024.4,49,2,4024.5,58,2,4024.6,25,3,4024.7,31,3
11483,2026-07-02 11:52:59+05:30,4022.3,1,4042.5,1005715,141996.0,159338.0,4100.0,4110.0,4012.0,4092.6,24259375,4501.8,3683.4,4440.0,3288.1,4022.8,7,1,4022.3,23,1,4022.2,54,7,4022.1,66,4,4022.0,85,9,4023.6,7,2,4024.4,49,2,4024.5,58,2,4024.6,25,3,4024.7,31,3
11483,2026-07-02 11:52:59+05:30,4022.2,1,4042.5,1005724,141636.0,159373.0,4100.0,4110.0,4012.0,4092.6,24259375,4501.8,3683.4,4440.0,3288.1,4022.2,12,2,4022.1,17,1,4022.0,60,5,4021.9,15,3,4021.8,30,3,4022.8,2,2,4023.6,7,2,4024.2,5,1,4024.3,38,1,4024.4,49,2
11483,2026-07-02 11:53:00+05:30,4022.8,1,4042.5,1005724,141636.0,159373.0,4100.0,4110.0,4012.0,4092.6,24259375,4501.8,3683.4,4440.0,3288.1,4022.2,12,2,4022.1,17,1,4022.0,60,5,4021.9,15,3,4021.8,30,3,4022.8,2,2,4023.6,7,2,4024.2,5,1,4024.3,38,1,4024.4,49,2
11483,2026-07-02 11:53:00+05:30,4023.3,1,4042.5,1005744,141857.0,159803.0,4100.0,4110.0,4012.0,4092.6,24259375,4501.8,3683.4,4440.0,3288.1,4023.3,2,2,4022.4,5,1,4022.2,12,1,4022.0,59,4,4021.9,12,1,4023.5,8,1,4023.6,50,2,4023.8,10,1,4024.0,161,2,4024.1,12,1
11483,2026-07-02 11:53:01+05:30,4023.3,1,4042.5,1005744,141857.0,159803.0,4100.0,4110.0,4012.0,4092.6,24259375,4501.8,3683.4,4440.0,3288.1,4023.3,2,2,4022.4,5,1,4022.2,12,1,4022.0,59,4,4021.9,12,1,4023.5,8,1,4023.6,50,2,4023.8,10,1,4024.0,161,2,4024.1,12,1
11483,2026-07-02 11:53:01+05:30,4023.6,13,4042.5,1005768,141861.0,159910.0,4100.0,4110.0,4012.0,4092.6,24259375,4501.8,3683.4,4440.0,3288.1,4023.3,1,1,4022.4,5,1,4022.2,12,1,4022.0,60,5,4021.9,12,1,4023.6,37,2,4023.8,10,1,4024.0,150,1,4024.2,20,1,4024.3,4,1
11483,2026-07-02 11:53:02+05:30,4022.1,9,4042.5,1005768,141861.0,159910.0,4100.0,4110.0,4012.0,4092.6,24259375,4501.8,3683.4,4440.0,3288.1,4023.3,1,1,4022.4,5,1,4022.2,12,1,4022.0,60,5,4021.9,12,1,4023.6,37,2,4023.8,10,1,4024.0,150,1,4024.2,20,1,4024.3,4,1
11483,2026-07-02 11:53:02+05:30,4022.1,1,4042.5,1005786,141698.0,160125.0,4100.0,4110.0,4012.0,4092.6,24259375,4501.8,3683.4,4440.0,3288.1,4022.2,44,5,4022.1,40,4,4022.0,51,4,4021.9,20,2,4021.8,47,4,4023.6,37,2,4024.0,163,2,4024.3,4,1,4024.4,99,2,4024.5,121,6
11483,2026-07-02 11:53:03+05:30,4022.2,1,4042.5,1005786,141698.0,160125.0,4100.0,4110.0,4012.0,4092.6,24259375,4501.8,3683.4,4440.0,3288.1,4022.2,44,5,4022.1,40,4,4022.0,51,4,4021.9,20,2,4021.8,47,4,4023.6,37,2,4024.0,163,2,4024.3,4,1,4024.4,99,2,4024.5,121,6
11483,2026-07-02 11:53:03+05:30,4025.0,31,4042.48,1006792,142319.0,158784.0,4100.0,4110.0,4012.0,4092.6,24259375,4501.8,3683.4,4440.0,3288.1,4022.7,22,3,4022.6,62,4,4022.5,63,3,4022.4,28,3,4022.3,72,5,4024.3,13,2,4024.4,15,1,4024.6,72,2,4024.7,56,2,4024.8,60,3
11483,2026-07-02 11:53:04+05:30,4023.6,1,4042.48,1006792,142319.0,158784.0,4100.0,4110.0,4012.0,4092.6,24259375,4501.8,3683.4,4440.0,3288.1,4022.7,22,3,4022.6,62,4,4022.5,63,3,4022.4,28,3,4022.3,72,5,4024.3,13,2,4024.4,15,1,4024.6,72,2,4024.7,56,2,4024.8,60,3
11483,2026-07-02 11:53:04+05:30,4022.8,1,4042.48,1006914,142044.0,158642.0,4100.0,4110.0,4012.0,4092.6,24259375,4501.8,3683.4,4440.0,3288.1,4022.8,17,3,4022.7,54,4,4022.6,10,2,4022.5,56,4,4022.4,52,3,4024.2,26,1,4024.3,3,1,4024.4,15,1,4024.6,15,1,4024.8,9,1
11483,2026-07-02 11:53:05+05:30,4022.8,1,4042.48,1006914,142044.0,158642.0,4100.0,4110.0,4012.0,4092.6,24259375,4501.8,3683.4,4440.0,3288.1,4022.8,17,3,4022.7,54,4,4022.6,10,2,4022.5,56,4,4022.4,52,3,4024.2,26,1,4024.3,3,1,4024.4,15,1,4024.6,15,1,4024.8,9,1
11483,2026-07-02 11:53:05+05:30,4022.8,1,4042.48,1006930,141864.0,158863.0,4100.0,4110.0,4012.0,4092.6,24259375,4501.8,3683.4,4440.0,3288.1,4022.8,13,3,4022.7,18,2,4022.5,38,3,4022.4,47,3,4022.3,50,3,4024.1,14,2,4024.2,26,1,4024.3,3,1,4024.4,41,2,4024.6,32,3
11483,2026-07-02 11:53:06+05:30,4024.1,7,4042.48,1006930,141864.0,158863.0,4100.0,4110.0,4012.0,4092.6,24259375,4501.8,3683.4,4440.0,3288.1,4022.8,13,3,4022.7,18,2,4022.5,38,3,4022.4,47,3,4022.3,50,3,4024.1,14,2,4024.2,26,1,4024.3,3,1,4024.4,41,2,4024.6,32,3
11483,2026-07-02 11:53:06+05:30,4024.1,7,4042.48,1006939,141869.0,158859.0,4100.0,4110.0,4012.0,4092.6,24259375,4501.8,3683.4,4440.0,3288.1,4022.8,11,3,4022.7,18,2,4022.5,38,3,4022.4,47,3,4022.3,50,3,4024.1,4,1,4024.2,26,1,4024.3,3,1,4024.4,41,2,4024.6,32,3
11483,2026-07-02 11:53:07+05:30,4024.1,4,4042.48,1006939,141869.0,158859.0,4100.0,4110.0,4012.0,4092.6,24259375,4501.8,3683.4,4440.0,3288.1,4022.8,11,3,4022.7,18,2,4022.5,38,3,4022.4,47,3,4022.3,50,3,4024.1,4,1,4024.2,26,1,4024.3,3,1,4024.4,41,2,4024.6,32,3
11483,2026-07-02 11:53:07+05:30,4024.1,4,4042.48,1006944,142420.0,158860.0,4100.0,4110.0,4012.0,4092.6,24259375,4501.8,3683.4,4440.0,3288.1,4024.1,2,1,4023.1,13,1,4023.0,1,1,4022.9,87,2,4022.8,46,5,4024.2,1,1,4024.5,3,1,4024.6,18,2,4024.8,19,2,4025.0,29,2
11483,2026-07-02 11:53:08+05:30,4024.1,1,4042.48,1006944,142420.0,158860.0,4100.0,4110.0,4012.0,4092.6,24259375,4501.8,3683.4,4440.0,3288.1,4024.1,2,1,4023.1,13,1,4023.0,1,1,4022.9,87,2,4022.8,46,5,4024.2,1,1,4024.5,3,1,4024.6,18,2,4024.8,19,2,4025.0,29,2
11483,2026-07-02 11:53:08+05:30,4024.1,1,4042.48,1006947,142160.0,158845.0,4100.0,4110.0,4012.0,4092.6,24259375,4501.8,3683.4,4440.0,3288.1,4024.1,1,1,4023.1,13,1,4022.8,31,4,4022.7,8,1,4022.6,32,1,4024.2,1,1,4024.5,9,2,4024.6,18,2,4024.7,6,1,4024.8,19,2
11483,2026-07-02 11:53:09+05:30,4024.2,1,4042.48,1006947,142160.0,158845.0,4100.0,4110.0,4012.0,4092.6,24259375,4501.8,3683.4,4440.0,3288.1,4024.1,1,1,4023.1,13,1,4022.8,31,4,4022.7,8,1,4022.6,32,1,4024.2,1,1,4024.5,9,2,4024.6,18,2,4024.7,6,1,4024.8,19,2
11483,2026-07-02 11:53:09+05:30,4024.2,1,4042.48,1006949,142170.0,158846.0,4100.0,4110.0,4012.0,4092.6,24259375,4501.8,3683.4,4440.0,3288.1,4024.1,2,1,4023.1,13,1,4022.8,20,3,4022.7,8,1,4022.6,32,1,4024.2,1,1,4024.5,15,3,4024.6,18,2,4024.8,25,3,4024.9,2,1
11483,2026-07-02 11:53:10+05:30,4024.2,3,4042.48,1006949,142170.0,158846.0,4100.0,4110.0,4012.0,4092.6,24259375,4501.8,3683.4,4440.0,3288.1,4024.1,2,1,4023.1,13,1,4022.8,20,3,4022.7,8,1,4022.6,32,1,4024.2,1,1,4024.5,15,3,4024.6,18,2,4024.8,25,3,4024.9,2,1
11483,2026-07-02 11:53:10+05:30,4024.2,3,4042.48,1006956,142388.0,158731.0,4100.0,4110.0,4012.0,4092.6,24259375,4501.8,3683.4,4440.0,3288.1,4024.2,3,2,4022.9,45,2,4022.8,60,4,4022.7,8,1,4022.6,1,1,4024.6,3,1,4024.8,25,3,4025.0,29,2,4025.1,39,6,4025.2,28,1
11483,2026-07-02 11:53:11+05:30,4024.2,1,4042.48,1006956,142388.0,158731.0,4100.0,4110.0,4012.0,4092.6,24259375,4501.8,3683.4,4440.0,3288.1,4024.2,3,2,4022.9,45,2,4022.8,60,4,4022.7,8,1,4022.6,1,1,4024.6,3,1,4024.8,25,3,4025.0,29,2,4025.1,39,6,4025.2,28,1
11483,2026-07-02 11:53:11+05:30,4024.5,1,4042.48,1006966,142360.0,158927.0,4100.0,4110.0,4012.0,4092.6,24259375,4501.8,3683.4,4440.0,3288.1,4023.0,23,1,4022.9,19,2,4022.8,1,1,4022.7,8,1,4022.5,67,3,4024.5,15,2,4024.6,19,2,4024.8,25,3,4024.9,5,2,4025.0,29,2
11483,2026-07-02 11:53:12+05:30,4024.4,4,4042.48,1006966,142360.0,158927.0,4100.0,4110.0,4012.0,4092.6,24259375,4501.8,3683.4,4440.0,3288.1,4023.0,23,1,4022.9,19,2,4022.8,1,1,4022.7,8,1,4022.5,67,3,4024.5,15,2,4024.6,19,2,4024.8,25,3,4024.9,5,2,4025.0,29,2
11483,2026-07-02 11:53:12+05:30,4024.4,4,4042.48,1006971,142155.0,158891.0,4100.0,4110.0,4012.0,4092.6,24259375,4501.8,3683.4,4440.0,3288.1,4022.9,9,1,4022.8,34,3,4022.7,8,1,4022.5,52,3,4022.4,47,2,4024.5,24,4,4024.6,38,4,4024.7,4,1,4024.8,25,3,4024.9,2,1
11483,2026-07-02 11:53:13+05:30,4024.5,3,4042.48,1006971,142155.0,158891.0,4100.0,4110.0,4012.0,4092.6,24259375,4501.8,3683.4,4440.0,3288.1,4022.9,9,1,4022.8,34,3,4022.7,8,1,4022.5,52,3,4022.4,47,2,4024.5,24,4,4024.6,38,4,4024.7,4,1,4024.8,25,3,4024.9,2,1
11483,2026-07-02 11:53:13+05:30,4022.9,2,4042.48,1006984,142123.0,158934.0,4100.0,4110.0,4012.0,4092.6,24259375,4501.8,3683.4,4440.0,3288.1,4022.9,6,1,4022.8,34,3,4022.7,8,1,4022.5,21,2,4022.4,47,2,4024.4,23,2,4024.5,29,3,4024.6,38,4,4024.7,4,1,4024.8,25,3
11483,2026-07-02 11:53:14+05:30,4022.9,4,4042.48,1006984,142123.0,158934.0,4100.0,4110.0,4012.0,4092.6,24259375,4501.8,3683.4,4440.0,3288.1,4022.9,6,1,4022.8,34,3,4022.7,8,1,4022.5,21,2,4022.4,47,2,4024.4,23,2,4024.5,29,3,4024.6,38,4,4024.7,4,1,4024.8,25,3
11483,2026-07-02 11:53:14+05:30,4024.1,1,4042.48,1006990,142096.0,159023.0,4100.0,4110.0,4012.0,4092.6,24259375,4501.8,3683.4,4440.0,3288.1,4023.0,5,1,4022.9,1,1,4022.8,24,2,4022.5,12,1,4022.4,47,2,4024.1,8,1,4024.2,38,3,4024.3,25,2,4024.4,14,1,4024.5,44,4
11483,2026-07-02 11:53:15+05:30,4023.0,1,4042.48,1006990,142096.0,159023.0,4100.0,4110.0,4012.0,4092.6,24259375,4501.8,3683.4,4440.0,3288.1,4023.0,5,1,4022.9,1,1,4022.8,24,2,4022.5,12,1,4022.4,47,2,4024.1,8,1,4024.2,38,3,4024.3,25,2,4024.4,14,1,4024.5,44,4
11483,2026-07-02 11:53:15+05:30,4023.0,1,4042.48,1006991,142234.0,158931.0,4100.0,4110.0,4012.0,4092.6,24259375,4501.8,3683.4,4440.0,3288.1,4023.9,1,1,4023.0,4,1,4022.9,1,1,4022.8,24,2,4022.6,29,1,4024.1,7,1,4024.2,13,2,4024.5,15,3,4024.6,29,3,4024.7,4,1
11483,2026-07-02 11:53:16+05:30,4023.9,1,4042.48,1006991,142234.0,158931.0,4100.0,4110.0,4012.0,4092.6,24259375,4501.8,3683.4,4440.0,3288.1,4023.9,1,1,4023.0,4,1,4022.9,1,1,4022.8,24,2,4022.6,29,1,4024.1,7,1,4024.2,13,2,4024.5,15,3,4024.6,29,3,4024.7,4,1
11483,2026-07-02 11:53:16+05:30,4024.5,5,4042.48,1006997,142476.0,158920.0,4100.0,4110.0,4012.0,4092.6,24259375,4501.8,3683.4,4440.0,3288.1,4023.5,11,3,4023.0,15,2,4022.8,55,4,4022.6,38,2,4022.5,49,2,4024.5,10,3,4024.6,19,2,4024.7,4,1,4024.8,16,2,4024.9,2,1
11483,2026-07-02 11:53:17+05:30,4023.5,1,4042.48,1006997,142476.0,158920.0,4100.0,4110.0,4012.0,4092.6,24259375,4501.8,3683.4,4440.0,3288.1,4023.5,11,3,4023.0,15,2,4022.8,55,4,4022.6,38,2,4022.5,49,2,4024.5,10,3,4024.6,19,2,4024.7,4,1,4024.8,16,2,4024.9,2,1
11483,2026-07-02 11:53:17+05:30,4023.5,1,4042.48,1006998,142535.0,158920.0,4100.0,4110.0,4012.0,4092.6,24259375,4501.8,3683.4,4440.0,3288.1,4023.5,11,3,4023.0,15,2,4022.8,55,4,4022.6,44,3,4022.5,49,2,4024.5,18,4,4024.6,19,2,4024.7,4,1,4024.8,16,2,4024.9,2,1
11483,2026-07-02 11:53:18+05:30,4024.0,1,4042.48,1006999,142352.0,158770.0,4100.0,4110.0,4012.0,4092.6,24259375,4501.8,3683.4,4440.0,3288.1,4023.5,11,3,4023.0,4,1,4022.8,37,3,4022.5,12,1,4022.4,60,3,4024.0,7,1,4024.5,18,4,4024.6,19,2,4024.7,183,4,4024.8,18,3
11483,2026-07-02 11:53:19+05:30,4024.0,1,4042.48,1006999,142352.0,158770.0,4100.0,4110.0,4012.0,4092.6,24259375,4501.8,3683.4,4440.0,3288.1,4023.5,11,3,4023.0,4,1,4022.8,37,3,4022.5,12,1,4022.4,60,3,4024.0,7,1,4024.5,18,4,4024.6,19,2,4024.7,183,4,4024.8,18,3
11483,2026-07-02 11:53:19+05:30,4024.0,1,4042.48,1006999,142359.0,158824.0,4100.0,4110.0,4012.0,4092.6,24259375,4501.8,3683.4,4440.0,3288.1,4023.5,11,3,4023.0,4,1,4022.8,37,3,4022.5,12,1,4022.4,60,3,4024.0,7,1,4024.5,18,4,4024.6,66,3,4024.7,183,4,4024.8,18,3
11483,2026-07-02 11:53:20+05:30,4022.8,5,4042.48,1006999,142359.0,158824.0,4100.0,4110.0,4012.0,4092.6,24259375,4501.8,3683.4,4440.0,3288.1,4023.5,11,3,4023.0,4,1,4022.8,37,3,4022.5,12,1,4022.4,60,3,4024.0,7,1,4024.5,18,4,4024.6,66,3,4024.7,183,4,4024.8,18,3
11483,2026-07-02 11:53:20+05:30,4022.8,5,4042.48,1007026,142376.0,158761.0,4100.0,4110.0,4012.0,4092.6,24259375,4501.8,3683.4,4440.0,3288.1,4022.8,22,3,4022.7,19,3,4022.6,45,5,4022.5,26,2,4022.4,53,3,4024.0,6,1,4024.5,17,3,4024.6,56,3,4024.7,183,4,4024.8,18,3
11483,2026-07-02 11:53:21+05:30,4023.5,4,4042.48,1007026,142376.0,158761.0,4100.0,4110.0,4012.0,4092.6,24259375,4501.8,3683.4,4440.0,3288.1,4022.8,22,3,4022.7,19,3,4022.6,45,5,4022.5,26,2,4022.4,53,3,4024.0,6,1,4024.5,17,3,4024.6,56,3,4024.7,183,4,4024.8,18,3
11483,2026-07-02 11:53:21+05:30,4023.5,4,4042.48,1007033,142488.0,159147.0,4100.0,4110.0,4012.0,4092.6,24259375,4501.8,3683.4,4440.0,3288.1,4023.0,33,4,4022.9,4,2,4022.8,10,2,4022.7,19,3,4022.6,34,4,4023.5,1,1,4024.0,6,1,4024.5,9,2,4024.6,53,2,4024.7,179,3
11483,2026-07-02 11:53:22+05:30,4023.0,1,4042.48,1007033,142488.0,159147.0,4100.0,4110.0,4012.0,4092.6,24259375,4501.8,3683.4,4440.0,3288.1,4023.0,33,4,4022.9,4,2,4022.8,10,2,4022.7,19,3,4022.6,34,4,4023.5,1,1,4024.0,6,1,4024.5,9,2,4024.6,53,2,4024.7,179,3
11483,2026-07-02 11:53:22+05:30,4023.0,1,4042.48,1007034,142443.0,159218.0,4100.0,4110.0,4012.0,4092.6,24259375,4501.8,3683.4,4440.0,3288.1,4023.2,1,1,4023.0,32,4,4022.9,4,2,4022.8,3,1,4022.7,19,3,4023.5,1,1,4024.0,6,1,4024.5,9,2,4024.6,18,2,4024.7,177,2
11483,2026-07-02 11:53:23+05:30,4024.7,10,4042.48,1007034,142443.0,159218.0,4100.0,4110.0,4012.0,4092.6,24259375,4501.8,3683.4,4440.0,3288.1,4023.2,1,1,4023.0,32,4,4022.9,4,2,4022.8,3,1,4022.7,19,3,4023.5,1,1,4024.0,6,1,4024.5,9,2,4024.6,18,2,4024.7,177,2
11483,2026-07-02 11:53:23+05:30,4024.7,10,4042.47,1007084,142640.0,158656.0,4100.0,4110.0,4012.0,4092.6,24259375,4501.8,3683.4,4440.0,3288.1,4023.3,10,1,4023.2,1,1,4023.0,12,2,4022.9,4,2,4022.8,84,6,4024.8,20,2,4024.9,57,2,4025.0,61,4,4025.1,54,8,4025.2,43,4
11483,2026-07-02 11:53:24+05:30,4024.6,2,4042.47,1007084,142640.0,158656.0,4100.0,4110.0,4012.0,4092.6,24259375,4501.8,3683.4,4440.0,3288.1,4023.3,10,1,4023.2,1,1,4023.0,12,2,4022.9,4,2,4022.8,84,6,4024.8,20,2,4024.9,57,2,4025.0,61,4,4025.1,54,8,4025.2,43,4
11483,2026-07-02 11:53:24+05:30,4024.6,2,4042.47,1007094,142606.0,158774.0,4100.0,4110.0,4012.0,4092.6,24259375,4501.8,3683.4,4440.0,3288.1,4023.3,2,1,4023.2,1,1,4023.0,9,1,4022.8,49,2,4022.6,23,4,4024.4,13,3,4024.5,14,3,4024.6,13,3,4024.7,3,1,4024.8,48,5
11483,2026-07-02 11:53:25+05:30,4023.3,2,4042.47,1007094,142606.0,158774.0,4100.0,4110.0,4012.0,4092.6,24259375,4501.8,3683.4,4440.0,3288.1,4023.3,2,1,4023.2,1,1,4023.0,9,1,4022.8,49,2,4022.6,23,4,4024.4,13,3,4024.5,14,3,4024.6,13,3,4024.7,3,1,4024.8,48,5
11483,2026-07-02 11:53:25+05:30,4023.3,2,4042.47,1007096,142834.0,159054.0,4100.0,4110.0,4012.0,4092.6,24259375,4501.8,3683.4,4440.0,3288.1,4023.2,1,1,4023.0,68,3,4022.8,49,2,4022.6,21,3,4022.5,15,2,4024.4,4,1,4024.5,17,3,4024.6,52,4,4024.7,258,4,4024.8,26,3
11483,2026-07-02 11:53:26+05:30,4024.3,7,4042.47,1007096,142834.0,159054.0,4100.0,4110.0,4012.0,4092.6,24259375,4501.8,3683.4,4440.0,3288.1,4023.2,1,1,4023.0,68,3,4022.8,49,2,4022.6,21,3,4022.5,15,2,4024.4,4,1,4024.5,17,3,4024.6,52,4,4024.7,258,4,4024.8,26,3
11483,2026-07-02 11:53:26+05:30,4024.3,7,4042.47,1007103,142734.0,159019.0,4100.0,4110.0,4012.0,4092.6,24259375,4501.8,3683.4,4440.0,3288.1,4023.2,1,1,4023.0,68,3,4022.8,49,2,4022.7,2,1,4022.6,13,2,4024.2,52,1,4024.5,10,2,4024.7,11,2,4024.8,27,4,4024.9,37,2
11483,2026-07-02 11:53:27+05:30,4024.2,1,4042.47,1007103,142734.0,159019.0,4100.0,4110.0,4012.0,4092.6,24259375,4501.8,3683.4,4440.0,3288.1,4023.2,1,1,4023.0,68,3,4022.8,49,2,4022.7,2,1,4022.6,13,2,4024.2,52,1,4024.5,10,2,4024.7,11,2,4024.8,27,4,4024.9,37,2
11483,2026-07-02 11:53:27+05:30,4022.8,22,4042.47,1007195,142576.0,159074.0,4100.0,4110.0,4012.0,4092.6,24259375,4501.8,3683.4,4440.0,3288.1,4022.6,27,4,4022.5,15,2,4022.4,5,1,4022.3,36,3,4022.2,39,4,4024.2,68,4,4024.5,31,3,4024.6,1,1,4024.7,18,2,4024.8,44,4
11483,2026-07-02 11:53:28+05:30,4024.2,10,4042.47,1007195,142576.0,159074.0,4100.0,4110.0,4012.0,4092.6,24259375,4501.8,3683.4,4440.0,3288.1,4022.6,27,4,4022.5,15,2,4022.4,5,1,4022.3,36,3,4022.2,39,4,4024.2,68,4,4024.5,31,3,4024.6,1,1,4024.7,18,2,4024.8,44,4
11483,2026-07-02 11:53:28+05:30,4022.2,27,4042.47,1007308,142676.0,159139.0,4100.0,4110.0,4012.0,4092.6,24259375,4501.8,3683.4,4440.0,3288.1,4022.6,7,1,4022.5,28,2,4022.4,52,4,4022.3,50,5,4022.2,16,3,4024.1,15,1,4024.2,60,4,4024.3,20,1,4024.4,2,1,4024.5,10,2
11483,2026-07-02 11:53:29+05:30,4022.7,5,4042.47,1007308,142676.0,159139.0,4100.0,4110.0,4012.0,4092.6,24259375,4501.8,3683.4,4440.0,3288.1,4022.6,7,1,4022.5,28,2,4022.4,52,4,4022.3,50,5,4022.2,16,3,4024.1,15,1,4024.2,60,4,4024.3,20,1,4024.4,2,1,4024.5,10,2
11483,2026-07-02 11:53:29+05:30,4022.6,13,4042.47,1007423,142321.0,159159.0,4100.0,4110.0,4012.0,4092.6,24259375,4501.8,3683.4,4440.0,3288.1,4022.7,7,1,4022.6,29,3,4022.5,25,3,4022.4,45,4,4022.3,18,4,4024.1,8,1,4024.2,40,2,4024.3,20,1,4024.4,2,1,4024.5,4,1
11483,2026-07-02 11:53:30+05:30,4024.0,142,4042.47,1007423,142321.0,159159.0,4100.0,4110.0,4012.0,4092.6,24259375,4501.8,3683.4,4440.0,3288.1,4022.7,7,1,4022.6,29,3,4022.5,25,3,4022.4,45,4,4022.3,18,4,4024.1,8,1,4024.2,40,2,4024.3,20,1,4024.4,2,1,4024.5,4,1
11483,2026-07-02 11:53:30+05:30,4024.0,142,4042.46,1007579,142709.0,159228.0,4100.0,4110.0,4012.0,4092.6,24259375,4501.8,3683.4,4440.0,3288.1,4022.8,7,1,4022.7,12,2,4022.6,59,3,4022.5,68,6,4022.4,46,5,4024.1,46,1,4024.2,2,2,4024.4,2,1,4024.5,4,1,4024.6,25,2
11483,2026-07-02 11:53:31+05:30,4022.8,1,4042.46,1007579,142709.0,159228.0,4100.0,4110.0,4012.0,4092.6,24259375,4501.8,3683.4,4440.0,3288.1,4022.8,7,1,4022.7,12,2,4022.6,59,3,4022.5,68,6,4022.4,46,5,4024.1,46,1,4024.2,2,2,4024.4,2,1,4024.5,4,1,4024.6,25,2
11483,2026-07-02 11:53:31+05:30,4022.8,1,4042.46,1007593,141964.0,159554.0,4100.0,4110.0,4012.0,4092.6,24259375,4501.8,3683.4,4440.0,3288.1,4022.6,12,2,4022.5,25,3,4022.4,25,3,4022.3,12,2,4022.2,42,4,4022.8,1,1,4024.1,1,1,4024.2,1,1,4024.5,4,1,4024.6,61,1
11483,2026-07-02 11:53:32+05:30,4022.6,1,4042.46,1007593,141964.0,159554.0,4100.0,4110.0,4012.0,4092.6,24259375,4501.8,3683.4,4440.0,3288.1,4022.6,12,2,4022.5,25,3,4022.4,25,3,4022.3,12,2,4022.2,42,4,4022.8,1,1,4024.1,1,1,4024.2,1,1,4024.5,4,1,4024.6,61,1
11483,2026-07-02 11:53:32+05:30,4022.6,1,4042.46,1007594,141914.0,159628.0,4100.0,4110.0,4012.0,4092.6,24259375,4501.8,3683.4,4440.0,3288.1,4022.7,18,4,4022.6,3,2,4022.5,25,3,4022.4,25,3,4022.3,14,3,4022.8,1,1,4023.9,5,1,4024.1,1,1,4024.2,1,1,4024.5,4,1
11483,2026-07-02 11:53:33+05:30,4024.6,1,4042.46,1007594,141914.0,159628.0,4100.0,4110.0,4012.0,4092.6,24259375,4501.8,3683.4,4440.0,3288.1,4022.7,18,4,4022.6,3,2,4022.5,25,3,4022.4,25,3,4022.3,14,3,4022.8,1,1,4023.9,5,1,4024.1,1,1,4024.2,1,1,4024.5,4,1
11483,2026-07-02 11:53:33+05:30,4024.6,1,4042.46,1007612,142580.0,159354.0,4100.0,4110.0,4012.0,4092.6,24259375,4501.8,3683.4,4440.0,3288.1,4022.7,20,3,4022.6,3,2,4022.5,27,3,4022.4,22,3,4022.3,25,3,4024.3,31,2,4024.4,24,3,4024.6,38,2,4024.7,18,2,4024.8,40,5
11483,2026-07-02 11:53:34+05:30,4022.7,1,4042.46,1007612,142580.0,159354.0,4100.0,4110.0,4012.0,4092.6,24259375,4501.8,3683.4,4440.0,3288.1,4022.7,20,3,4022.6,3,2,4022.5,27,3,4022.4,22,3,4022.3,25,3,4024.3,31,2,4024.4,24,3,4024.6,38,2,4024.7,18,2,4024.8,40,5
11483,2026-07-02 11:53:34+05:30,4022.7,1,4042.46,1007614,142433.0,159388.0,4100.0,4110.0,4012.0,4092.6,24259375,4501.8,3683.4,4440.0,3288.1,4022.8,2,1,4022.7,19,3,4022.6,3,2,4022.5,27,3,4022.4,22,3,4024.0,10,1,4024.3,31,2,4024.4,24,3,4024.6,26,1,4024.7,18,2
11483,2026-07-02 11:53:35+05:30,4022.7,1,4042.46,1007614,142424.0,159377.0,4100.0,4110.0,4012.0,4092.6,24259375,4501.8,3683.4,4440.0,3288.1,4022.8,2,1,4022.7,19,3,4022.6,3,2,4022.5,27,3,4022.4,22,3,4024.0,10,1,4024.3,31,2,4024.4,47,4,4024.6,26,1,4024.7,25,4
11483,2026-07-02 11:53:36+05:30,4022.7,4,4042.46,1007614,142424.0,159377.0,4100.0,4110.0,4012.0,4092.6,24259375,4501.8,3683.4,4440.0,3288.1,4022.8,2,1,4022.7,19,3,4022.6,3,2,4022.5,27,3,4022.4,22,3,4024.0,10,1,4024.3,31,2,4024.4,47,4,4024.6,26,1,4024.7,25,4
11483,2026-07-02 11:53:36+05:30,4022.7,4,4042.46,1007646,142377.0,159413.0,4100.0,4110.0,4012.0,4092.6,24259375,4501.8,3683.4,4440.0,3288.1,4022.7,5,2,4022.5,15,2,4022.4,3,1,4022.3,61,2,4022.2,16,2,4024.2,39,3,4024.3,29,2,4024.4,37,3,4024.5,4,2,4024.6,31,2
11483,2026-07-02 11:53:37+05:30,4024.2,2,4042.46,1007646,142377.0,159413.0,4100.0,4110.0,4012.0,4092.6,24259375,4501.8,3683.4,4440.0,3288.1,4022.7,5,2,4022.5,15,2,4022.4,3,1,4022.3,61,2,4022.2,16,2,4024.2,39,3,4024.3,29,2,4024.4,37,3,4024.5,4,2,4024.6,31,2
11483,2026-07-02 11:53:37+05:30,4024.2,2,4042.46,1007653,142461.0,159392.0,4100.0,4110.0,4012.0,4092.6,24259375,4501.8,3683.4,4440.0,3288.1,4022.7,29,2,4022.6,75,5,4022.5,45,4,4022.4,9,2,4022.3,5,2,4024.3,29,2,4024.4,31,2,4024.6,31,2,4024.7,18,2,4024.8,59,6
11483,2026-07-02 11:53:38+05:30,4022.8,1,4042.46,1007653,142461.0,159392.0,4100.0,4110.0,4012.0,4092.6,24259375,4501.8,3683.4,4440.0,3288.1,4022.7,29,2,4022.6,75,5,4022.5,45,4,4022.4,9,2,4022.3,5,2,4024.3,29,2,4024.4,31,2,4024.6,31,2,4024.7,18,2,4024.8,59,6
11483,2026-07-02 11:53:38+05:30,4022.8,1,4042.46,1007654,142337.0,159750.0,4100.0,4110.0,4012.0,4092.6,24259375,4501.8,3683.4,4440.0,3288.1,4022.8,38,3,4022.7,48,3,4022.6,21,3,4022.5,15,2,4022.4,31,5,4024.3,29,2,4024.4,31,2,4024.6,31,2,4024.7,18,2,4024.8,58,5
11483,2026-07-02 11:53:39+05:30,4024.3,1,4042.46,1007654,142337.0,159750.0,4100.0,4110.0,4012.0,4092.6,24259375,4501.8,3683.4,4440.0,3288.1,4022.8,38,3,4022.7,48,3,4022.6,21,3,4022.5,15,2,4022.4,31,5,4024.3,29,2,4024.4,31,2,4024.6,31,2,4024.7,18,2,4024.8,58,5
11483,2026-07-02 11:53:39+05:30,4024.3,1,4042.46,1007705,142323.0,159751.0,4100.0,4110.0,4012.0,4092.6,24259375,4501.8,3683.4,4440.0,3288.1,4022.7,38,3,4022.6,3,1,4022.5,15,2,4022.4,19,4,4022.3,3,1,4024.3,28,2,4024.4,31,2,4024.5,19,1,4024.6,31,2,4024.7,18,2
11483,2026-07-02 11:53:40+05:30,4024.3,1,4042.46,1007705,142323.0,159751.0,4100.0,4110.0,4012.0,4092.6,24259375,4501.8,3683.4,4440.0,3288.1,4022.7,38,3,4022.6,3,1,4022.5,15,2,4022.4,19,4,4022.3,3,1,4024.3,28,2,4024.4,31,2,4024.5,19,1,4024.6,31,2,4024.7,18,2
11483,2026-07-02 11:53:40+05:30,4024.3,1,4042.46,1007712,142322.0,159778.0,4100.0,4110.0,4012.0,4092.6,24259375,4501.8,3683.4,4440.0,3288.1,4022.7,13,2,4022.6,3,1,4022.5,35,3,4022.4,11,3,4022.3,3,1,4024.3,28,3,4024.4,37,3,4024.5,19,1,4024.6,37,3,4024.7,19,3
11483,2026-07-02 11:53:41+05:30,4024.3,2,4042.46,1007712,142322.0,159778.0,4100.0,4110.0,4012.0,4092.6,24259375,4501.8,3683.4,4440.0,3288.1,4022.7,13,2,4022.6,3,1,4022.5,35,3,4022.4,11,3,4022.3,3,1,4024.3,28,3,4024.4,37,3,4024.5,19,1,4024.6,37,3,4024.7,19,3
11483,2026-07-02 11:53:41+05:30,4024.3,2,4042.46,1007715,142489.0,159744.0,4100.0,4110.0,4012.0,4092.6,24259375,4501.8,3683.4,4440.0,3288.1,4022.8,13,3,4022.7,18,4,4022.6,33,3,4022.5,35,3,4022.4,32,4,4024.3,43,4,4024.4,31,2,4024.6,26,1,4024.7,23,3,4024.8,34,3
11483,2026-07-02 11:53:42+05:30,4024.3,10,4042.46,1007715,142489.0,159744.0,4100.0,4110.0,4012.0,4092.6,24259375,4501.8,3683.4,4440.0,3288.1,4022.8,13,3,4022.7,18,4,4022.6,33,3,4022.5,35,3,4022.4,32,4,4024.3,43,4,4024.4,31,2,4024.6,26,1,4024.7,23,3,4024.8,34,3
11483,2026-07-02 11:53:42+05:30,4024.3,10,4042.46,1007726,142571.0,159744.0,4100.0,4110.0,4012.0,4092.6,24259375,4501.8,3683.4,4440.0,3288.1,4023.5,1,1,4022.8,58,4,4022.7,24,4,4022.6,33,3,4022.5,35,3,4024.3,15,3,4024.4,31,2,4024.6,26,1,4024.7,23,3,4024.8,34,3
11483,2026-07-02 11:53:43+05:30,4023.5,1,4042.46,1007726,142571.0,159744.0,4100.0,4110.0,4012.0,4092.6,24259375,4501.8,3683.4,4440.0,3288.1,4023.5,1,1,4022.8,58,4,4022.7,24,4,4022.6,33,3,4022.5,35,3,4024.3,15,3,4024.4,31,2,4024.6,26,1,4024.7,23,3,4024.8,34,3
11483,2026-07-02 11:53:43+05:30,4023.5,1,4042.46,1007730,142551.0,159805.0,4100.0,4110.0,4012.0,4092.6,24259375,4501.8,3683.4,4440.0,3288.1,4022.8,9,1,4022.7,6,2,4022.6,34,3,4022.5,35,3,4022.4,25,2,4024.3,18,3,4024.4,37,3,4024.6,44,3,4024.7,29,4,4024.8,34,3
11483,2026-07-02 11:53:44+05:30,4024.3,4,4042.46,1007730,142551.0,159805.0,4100.0,4110.0,4012.0,4092.6,24259375,4501.8,3683.4,4440.0,3288.1,4022.8,9,1,4022.7,6,2,4022.6,34,3,4022.5,35,3,4022.4,25,2,4024.3,18,3,4024.4,37,3,4024.6,44,3,4024.7,29,4,4024.8,34,3
11483,2026-07-02 11:53:44+05:30,4024.3,4,4042.46,1007753,142553.0,159593.0,4100.0,4110.0,4012.0,4092.6,24259375,4501.8,3683.4,4440.0,3288.1,4024.3,30,3,4023.1,13,1,4022.9,34,1,4022.8,60,5,4022.7,3,1,4024.4,23,1,4024.7,15,1,4024.8,10,1,4025.0,42,3,4025.1,21,5
11483,2026-07-02 11:53:44+05:30,4024.3,4,4042.46,1007753,142553.0,159593.0,4100.0,4110.0,4012.0,4092.6,24259375,4501.8,3683.4,4440.0,3288.1,4024.3,30,3,4023.1,13,1,4022.9,34,1,4022.8,60,5,4022.7,3,1,4024.4,23,1,4024.7,15,1,4024.8,10,1,4025.0,42,3,4025.1,21,5
11483,2026-07-02 11:53:45+05:30,4024.3,4,4042.46,1007753,142553.0,159593.0,4100.0,4110.0,4012.0,4092.6,24259375,4501.8,3683.4,4440.0,3288.1,4024.3,30,3,4023.1,13,1,4022.9,34,1,4022.8,60,5,4022.7,3,1,4024.4,23,1,4024.7,15,1,4024.8,10,1,4025.0,42,3,4025.1,21,5
11483,2026-07-02 11:53:45+05:30,4024.4,29,4042.46,1007753,142553.0,159593.0,4100.0,4110.0,4012.0,4092.6,24259375,4501.8,3683.4,4440.0,3288.1,4024.3,30,3,4023.1,13,1,4022.9,34,1,4022.8,60,5,4022.7,3,1,4024.4,23,1,4024.7,15,1,4024.8,10,1,4025.0,42,3,4025.1,21,5
11483,2026-07-02 11:53:45+05:30,4024.4,29,4042.46,1007785,142560.0,159415.0,4100.0,4110.0,4012.0,4092.6,24259375,4501.8,3683.4,4440.0,3288.1,4024.3,52,4,4023.1,13,1,4022.9,34,1,4022.8,60,5,4022.7,3,1,4024.4,23,1,4024.7,20,2,4024.8,10,1,4025.0,42,3,4025.1,196,6
11483,2026-07-02 11:53:45+05:30,4024.4,29,4042.46,1007785,142560.0,159415.0,4100.0,4110.0,4012.0,4092.6,24259375,4501.8,3683.4,4440.0,3288.1,4024.3,52,4,4023.1,13,1,4022.9,34,1,4022.8,60,5,4022.7,3,1,4024.4,23,1,4024.7,20,2,4024.8,10,1,4025.0,42,3,4025.1,196,6
11483,2026-07-02 11:53:46+05:30,4024.4,8,4042.46,1007785,142560.0,159415.0,4100.0,4110.0,4012.0,4092.6,24259375,4501.8,3683.4,4440.0,3288.1,4024.3,52,4,4023.1,13,1,4022.9,34,1,4022.8,60,5,4022.7,3,1,4024.4,23,1,4024.7,20,2,4024.8,10,1,4025.0,42,3,4025.1,196,6
11483,2026-07-02 11:53:46+05:30,4024.4,8,4042.46,1007802,142888.0,159374.0,4100.0,4110.0,4012.0,4092.6,24259375,4501.8,3683.4,4440.0,3288.1,4024.3,56,5,4023.1,13,1,4023.0,60,1,4022.9,34,1,4022.8,52,4,4024.4,10,1,4024.7,20,2,4024.8,10,1,4025.0,42,3,4025.1,196,6
11483,2026-07-02 11:53:46+05:30,4024.4,8,4042.46,1007802,142888.0,159374.0,4100.0,4110.0,4012.0,4092.6,24259375,4501.8,3683.4,4440.0,3288.1,4024.3,56,5,4023.1,13,1,4023.0,60,1,4022.9,34,1,4022.8,52,4,4024.4,10,1,4024.7,20,2,4024.8,10,1,4025.0,42,3,4025.1,196,6
11483,2026-07-02 11:53:47+05:30,4024.4,1,4042.46,1007802,142888.0,159374.0,4100.0,4110.0,4012.0,4092.6,24259375,4501.8,3683.4,4440.0,3288.1,4024.3,56,5,4023.1,13,1,4023.0,60,1,4022.9,34,1,4022.8,52,4,4024.4,10,1,4024.7,20,2,4024.8,10,1,4025.0,42,3,4025.1,196,6
11483,2026-07-02 11:53:47+05:30,4024.4,1,4042.46,1007811,142902.0,159351.0,4100.0,4110.0,4012.0,4092.6,24259375,4501.8,3683.4,4440.0,3288.1,4024.3,62,4,4023.1,13,1,4023.0,60,1,4022.9,34,1,4022.8,54,5,4024.4,3,1,4024.7,15,1,4024.8,10,1,4025.0,42,3,4025.1,190,5
11483,2026-07-02 11:53:47+05:30,4024.4,1,4042.46,1007811,142902.0,159351.0,4100.0,4110.0,4012.0,4092.6,24259375,4501.8,3683.4,4440.0,3288.1,4024.3,62,4,4023.1,13,1,4023.0,60,1,4022.9,34,1,4022.8,54,5,4024.4,3,1,4024.7,15,1,4024.8,10,1,4025.0,42,3,4025.1,190,5
11483,2026-07-02 11:53:48+05:30,4024.4,1,4042.46,1007811,142902.0,159351.0,4100.0,4110.0,4012.0,4092.6,24259375,4501.8,3683.4,4440.0,3288.1,4024.3,62,4,4023.1,13,1,4023.0,60,1,4022.9,34,1,4022.8,54,5,4024.4,3,1,4024.7,15,1,4024.8,10,1,4025.0,42,3,4025.1,190,5
11483,2026-07-02 11:53:48+05:30,4024.3,10,4042.46,1007811,142902.0,159351.0,4100.0,4110.0,4012.0,4092.6,24259375,4501.8,3683.4,4440.0,3288.1,4024.3,62,4,4023.1,13,1,4023.0,60,1,4022.9,34,1,4022.8,54,5,4024.4,3,1,4024.7,15,1,4024.8,10,1,4025.0,42,3,4025.1,190,5
11483,2026-07-02 11:53:48+05:30,4024.3,10,4042.46,1007873,142504.0,159480.0,4100.0,4110.0,4012.0,4092.6,24259375,4501.8,3683.4,4440.0,3288.1,4023.0,60,1,4022.8,11,2,4022.7,68,3,4022.6,50,4,4022.5,81,5,4023.9,114,1,4024.4,3,1,4024.7,20,2,4024.8,10,1,4024.9,1,1
11483,2026-07-02 11:53:48+05:30,4024.3,10,4042.46,1007873,142504.0,159480.0,4100.0,4110.0,4012.0,4092.6,24264625,4501.8,3683.4,4440.0,3288.1,4023.0,60,1,4022.8,11,2,4022.7,68,3,4022.6,50,4,4022.5,81,5,4023.9,114,1,4024.4,3,1,4024.7,20,2,4024.8,10,1,4024.9,1,1
11483,2026-07-02 11:53:49+05:30,4023.0,8,4042.46,1007873,142504.0,159480.0,4100.0,4110.0,4012.0,4092.6,24264625,4501.8,3683.4,4440.0,3288.1,4023.0,60,1,4022.8,11,2,4022.7,68,3,4022.6,50,4,4022.5,81,5,4023.9,114,1,4024.4,3,1,4024.7,20,2,4024.8,10,1,4024.9,1,1
11483,2026-07-02 11:53:49+05:30,4023.0,8,4042.46,1007881,142462.0,159678.0,4100.0,4110.0,4012.0,4092.6,24264625,4501.8,3683.4,4440.0,3288.1,4023.0,52,1,4022.8,11,2,4022.7,68,3,4022.6,23,2,4022.5,35,3,4023.9,114,1,4024.4,8,2,4024.7,15,1,4024.8,15,2,4024.9,7,2
11483,2026-07-02 11:53:49+05:30,4023.0,8,4042.46,1007881,142462.0,159678.0,4100.0,4110.0,4012.0,4092.6,24264625,4501.8,3683.4,4440.0,3288.1,4023.0,52,1,4022.8,11,2,4022.7,68,3,4022.6,23,2,4022.5,35,3,4023.9,114,1,4024.4,8,2,4024.7,15,1,4024.8,15,2,4024.9,7,2
11483,2026-07-02 11:53:50+05:30,4023.9,1,4042.46,1007881,142462.0,159678.0,4100.0,4110.0,4012.0,4092.6,24264625,4501.8,3683.4,4440.0,3288.1,4023.0,52,1,4022.8,11,2,4022.7,68,3,4022.6,23,2,4022.5,35,3,4023.9,114,1,4024.4,8,2,4024.7,15,1,4024.8,15,2,4024.9,7,2
11483,2026-07-02 11:53:50+05:30,4023.9,1,4042.46,1007881,142462.0,159678.0,4100.0,4110.0,4012.0,4092.6,24264625,4501.8,3683.4,4440.0,3288.1,4023.0,52,1,4022.8,11,2,4022.7,68,3,4022.6,23,2,4022.5,35,3,4023.9,114,1,4024.4,8,2,4024.7,15,1,4024.8,15,2,4024.9,7,2
11483,2026-07-02 11:53:50+05:30,4023.9,1,4042.46,1007950,142319.0,159761.0,4100.0,4110.0,4012.0,4092.6,24264625,4501.8,3683.4,4440.0,3288.1,4022.7,71,3,4022.6,23,2,4022.5,35,3,4022.4,60,4,4022.3,37,5,4023.9,113,1,4024.3,5,1,4024.4,8,2,4024.7,34,3,4024.8,15,2
11483,2026-07-02 11:53:51+05:30,4022.7,8,4042.46,1007950,142319.0,159761.0,4100.0,4110.0,4012.0,4092.6,24264625,4501.8,3683.4,4440.0,3288.1,4022.7,71,3,4022.6,23,2,4022.5,35,3,4022.4,60,4,4022.3,37,5,4023.9,113,1,4024.3,5,1,4024.4,8,2,4024.7,34,3,4024.8,15,2
11483,2026-07-02 11:53:51+05:30,4022.7,8,4042.46,1007958,142297.0,159772.0,4100.0,4110.0,4012.0,4092.6,24264625,4501.8,3683.4,4440.0,3288.1,4022.7,63,3,4022.6,23,2,4022.5,23,2,4022.4,60,4,4022.3,37,5,4023.9,113,1,4024.3,5,1,4024.4,9,3,4024.7,34,3,4024.8,15,2
11483,2026-07-02 11:53:52+05:30,4022.8,3,4042.46,1007958,142297.0,159772.0,4100.0,4110.0,4012.0,4092.6,24264625,4501.8,3683.4,4440.0,3288.1,4022.7,63,3,4022.6,23,2,4022.5,23,2,4022.4,60,4,4022.3,37,5,4023.9,113,1,4024.3,5,1,4024.4,9,3,4024.7,34,3,4024.8,15,2
11483,2026-07-02 11:53:52+05:30,4022.8,3,4042.46,1007962,142292.0,159895.0,4100.0,4110.0,4012.0,4092.6,24264625,4501.8,3683.4,4440.0,3288.1,4023.4,1,1,4022.9,4,1,4022.8,62,2,4022.7,54,2,4022.6,34,3,4023.9,113,1,4024.3,5,1,4024.4,4,2,4024.7,34,3,4024.8,10,1
11483,2026-07-02 11:53:53+05:30,4022.8,3,4042.46,1007962,142239.0,160092.0,4100.0,4110.0,4012.0,4092.6,24264625,4501.8,3683.4,4440.0,3288.1,4023.4,1,1,4022.9,4,1,4022.8,8,1,4022.7,54,2,4022.6,34,3,4023.9,113,1,4024.3,5,1,4024.4,4,2,4024.6,1,1,4024.7,38,3
11483,2026-07-02 11:53:54+05:30,4023.9,1,4042.46,1007962,142239.0,160092.0,4100.0,4110.0,4012.0,4092.6,24264625,4501.8,3683.4,4440.0,3288.1,4023.4,1,1,4022.9,4,1,4022.8,8,1,4022.7,54,2,4022.6,34,3,4023.9,113,1,4024.3,5,1,4024.4,4,2,4024.6,1,1,4024.7,38,3
11483,2026-07-02 11:53:54+05:30,4023.9,1,4042.46,1007963,142287.0,160073.0,4100.0,4110.0,4012.0,4092.6,24264625,4501.8,3683.4,4440.0,3288.1,4023.4,1,1,4022.8,40,2,4022.7,54,2,4022.6,34,3,4022.5,35,3,4023.9,112,1,4024.3,5,1,4024.4,4,2,4024.6,5,1,4024.7,21,3
11483,2026-07-02 11:53:55+05:30,4023.4,1,4042.46,1007963,142287.0,160073.0,4100.0,4110.0,4012.0,4092.6,24264625,4501.8,3683.4,4440.0,3288.1,4023.4,1,1,4022.8,40,2,4022.7,54,2,4022.6,34,3,4022.5,35,3,4023.9,112,1,4024.3,5,1,4024.4,4,2,4024.6,5,1,4024.7,21,3
11483,2026-07-02 11:53:55+05:30,4023.4,1,4042.46,1007964,142293.0,159963.0,4100.0,4110.0,4012.0,4092.6,24264625,4501.8,3683.4,4440.0,3288.1,4023.4,1,1,4022.8,33,4,4022.7,54,2,4022.6,34,3,4022.5,35,3,4023.9,112,1,4024.3,5,1,4024.4,4,2,4024.6,5,1,4024.7,21,3
11483,2026-07-02 11:53:56+05:30,4023.4,1,4042.46,1007964,142281.0,159720.0,4100.0,4110.0,4012.0,4092.6,24264625,4501.8,3683.4,4440.0,3288.1,4023.4,1,1,4022.8,21,3,4022.7,54,2,4022.6,34,3,4022.5,35,3,4023.9,112,1,4024.2,175,1,4024.3,5,1,4024.4,4,2,4024.6,1,1
11483,2026-07-02 11:53:56+05:30,4023.4,1,4042.46,1007964,142324.0,159722.0,4100.0,4110.0,4012.0,4092.6,24264625,4501.8,3683.4,4440.0,3288.1,4023.4,1,1,4022.8,30,4,4022.7,54,2,4022.6,34,3,4022.5,35,3,4023.9,112,1,4024.2,175,1,4024.3,5,1,4024.4,4,2,4024.6,1,1
11483,2026-07-02 11:53:57+05:30,4022.8,3,4042.46,1007964,142324.0,159722.0,4100.0,4110.0,4012.0,4092.6,24264625,4501.8,3683.4,4440.0,3288.1,4023.4,1,1,4022.8,30,4,4022.7,54,2,4022.6,34,3,4022.5,35,3,4023.9,112,1,4024.2,175,1,4024.3,5,1,4024.4,4,2,4024.6,1,1
11483,2026-07-02 11:53:57+05:30,4022.8,3,4042.46,1007983,142368.0,160083.0,4100.0,4110.0,4012.0,4092.6,24264625,4501.8,3683.4,4440.0,3288.1,4022.8,6,1,4022.7,54,2,4022.6,39,3,4022.5,35,3,4022.4,25,2,4023.9,109,1,4024.1,10,1,4024.2,175,1,4024.3,10,2,4024.4,4,2
11483,2026-07-02 11:53:58+05:30,4023.9,4,4042.46,1007983,142368.0,160083.0,4100.0,4110.0,4012.0,4092.6,24264625,4501.8,3683.4,4440.0,3288.1,4022.8,6,1,4022.7,54,2,4022.6,39,3,4022.5,35,3,4022.4,25,2,4023.9,109,1,4024.1,10,1,4024.2,175,1,4024.3,10,2,4024.4,4,2
11483,2026-07-02 11:53:58+05:30,4023.9,7,4042.46,1007996,142359.0,160081.0,4100.0,4110.0,4012.0,4092.6,24264625,4501.8,3683.4,4440.0,3288.1,4022.8,4,1,4022.7,54,2,4022.6,39,3,4022.5,23,2,4022.4,25,2,4023.9,98,1,4024.2,175,1,4024.3,10,2,4024.4,5,3,4024.5,18,1
11483,2026-07-02 11:53:59+05:30,4022.8,4,4042.46,1007996,142359.0,160081.0,4100.0,4110.0,4012.0,4092.6,24264625,4501.8,3683.4,4440.0,3288.1,4022.8,4,1,4022.7,54,2,4022.6,39,3,4022.5,23,2,4022.4,25,2,4023.9,98,1,4024.2,175,1,4024.3,10,2,4024.4,5,3,4024.5,18,1
11483,2026-07-02 11:53:59+05:30,4023.9,2,4042.46,1008005,142367.0,160048.0,4100.0,4110.0,4012.0,4092.6,24264625,4501.8,3683.4,4440.0,3288.1,4022.8,9,1,4022.7,54,2,4022.6,23,2,4022.5,23,2,4022.4,25,2,4023.9,95,1,4024.2,175,1,4024.3,10,2,4024.4,5,3,4024.5,18,1
11483,2026-07-02 11:54:00+05:30,4022.8,1,4042.46,1008005,142367.0,160048.0,4100.0,4110.0,4012.0,4092.6,24264625,4501.8,3683.4,4440.0,3288.1,4022.8,9,1,4022.7,54,2,4022.6,23,2,4022.5,23,2,4022.4,25,2,4023.9,95,1,4024.2,175,1,4024.3,10,2,4024.4,5,3,4024.5,18,1
11483,2026-07-02 11:54:00+05:30,4022.8,1,4042.46,1008006,142412.0,160079.0,4100.0,4110.0,4012.0,4092.6,24264625,4501.8,3683.4,4440.0,3288.1,4023.3,10,3,4022.8,8,1,4022.7,54,2,4022.6,3,1,4022.5,23,2,4023.9,95,1,4024.2,175,1,4024.3,5,1,4024.4,4,2,4024.6,1,1
11483,2026-07-02 11:54:01+05:30,4023.9,5,4042.46,1008006,142412.0,160079.0,4100.0,4110.0,4012.0,4092.6,24264625,4501.8,3683.4,4440.0,3288.1,4023.3,10,3,4022.8,8,1,4022.7,54,2,4022.6,3,1,4022.5,23,2,4023.9,95,1,4024.2,175,1,4024.3,5,1,4024.4,4,2,4024.6,1,1
11483,2026-07-02 11:54:01+05:30,4023.9,10,4042.46,1008021,142416.0,160045.0,4100.0,4110.0,4012.0,4092.6,24264625,4501.8,3683.4,4440.0,3288.1,4023.3,10,3,4022.8,8,1,4022.7,54,2,4022.6,3,1,4022.5,23,2,4023.9,80,1,4024.2,175,1,4024.3,5,1,4024.4,4,2,4024.6,1,1
11483,2026-07-02 11:54:02+05:30,4023.3,1,4042.46,1008021,142416.0,160045.0,4100.0,4110.0,4012.0,4092.6,24264625,4501.8,3683.4,4440.0,3288.1,4023.3,10,3,4022.8,8,1,4022.7,54,2,4022.6,3,1,4022.5,23,2,4023.9,80,1,4024.2,175,1,4024.3,5,1,4024.4,4,2,4024.6,1,1
11483,2026-07-02 11:54:02+05:30,4022.8,32,4042.46,1008074,142425.0,160109.0,4100.0,4110.0,4012.0,4092.6,24264625,4501.8,3683.4,4440.0,3288.1,4022.8,16,3,4022.7,54,2,4022.6,14,2,4022.5,23,2,4022.4,27,3,4023.9,80,1,4024.2,175,1,4024.3,5,1,4024.4,9,3,4024.6,1,1
11483,2026-07-02 11:54:03+05:30,4022.6,13,4042.46,1008074,142425.0,160109.0,4100.0,4110.0,4012.0,4092.6,24264625,4501.8,3683.4,4440.0,3288.1,4022.8,16,3,4022.7,54,2,4022.6,14,2,4022.5,23,2,4022.4,27,3,4023.9,80,1,4024.2,175,1,4024.3,5,1,4024.4,9,3,4024.6,1,1
11483,2026-07-02 11:54:03+05:30,4024.2,83,4042.45,1008273,142572.0,159573.0,4100.0,4110.0,4012.0,4092.6,24264625,4501.8,3683.4,4440.0,3288.1,4023.1,83,1,4023.0,10,1,4022.9,12,1,4022.8,10,1,4022.7,37,3,4024.3,5,1,4024.4,28,2,4024.5,5,1,4024.7,28,2,4024.8,22,4
11483,2026-07-02 11:54:04+05:30,4024.7,1,4042.45,1008273,142572.0,159573.0,4100.0,4110.0,4012.0,4092.6,24264625,4501.8,3683.4,4440.0,3288.1,4023.1,83,1,4023.0,10,1,4022.9,12,1,4022.8,10,1,4022.7,37,3,4024.3,5,1,4024.4,28,2,4024.5,5,1,4024.7,28,2,4024.8,22,4
11483,2026-07-02 11:54:04+05:30,4024.7,1,4042.45,1008356,142384.0,159715.0,4100.0,4110.0,4012.0,4092.6,24264625,4501.8,3683.4,4440.0,3288.1,4023.2,2,1,4022.9,12,1,4022.7,27,2,4022.5,46,4,4022.4,51,2,4024.4,175,1,4024.5,14,2,4024.6,3,1,4024.7,40,3,4024.8,21,4
11483,2026-07-02 11:54:05+05:30,4023.2,10,4042.45,1008356,142384.0,159715.0,4100.0,4110.0,4012.0,4092.6,24264625,4501.8,3683.4,4440.0,3288.1,4023.2,2,1,4022.9,12,1,4022.7,27,2,4022.5,46,4,4022.4,51,2,4024.4,175,1,4024.5,14,2,4024.6,3,1,4024.7,40,3,4024.8,21,4
11483,2026-07-02 11:54:05+05:30,4023.2,10,4042.45,1008366,142564.0,159723.0,4100.0,4110.0,4012.0,4092.6,24264625,4501.8,3683.4,4440.0,3288.1,4023.2,2,1,4022.9,12,1,4022.7,27,2,4022.5,46,4,4022.4,51,2,4024.4,175,1,4024.5,14,2,4024.6,3,1,4024.7,40,3,4024.8,21,4
11483,2026-07-02 11:54:06+05:30,4024.3,7,4042.45,1008366,142564.0,159723.0,4100.0,4110.0,4012.0,4092.6,24264625,4501.8,3683.4,4440.0,3288.1,4023.2,2,1,4022.9,12,1,4022.7,27,2,4022.5,46,4,4022.4,51,2,4024.4,175,1,4024.5,14,2,4024.6,3,1,4024.7,40,3,4024.8,21,4
11483,2026-07-02 11:54:06+05:30,4024.3,7,4042.45,1008376,142180.0,159588.0,4100.0,4110.0,4012.0,4092.6,24264625,4501.8,3683.4,4440.0,3288.1,4023.3,2,1,4023.2,1,1,4022.8,5,1,4022.7,8,1,4022.5,45,4,4024.3,37,4,4024.4,23,2,4024.5,5,1,4024.6,4,2,4024.7,32,2
11483,2026-07-02 11:54:07+05:30,4024.3,1,4042.45,1008376,142180.0,159588.0,4100.0,4110.0,4012.0,4092.6,24264625,4501.8,3683.4,4440.0,3288.1,4023.3,2,1,4023.2,1,1,4022.8,5,1,4022.7,8,1,4022.5,45,4,4024.3,37,4,4024.4,23,2,4024.5,5,1,4024.6,4,2,4024.7,32,2
11483,2026-07-02 11:54:07+05:30,4024.3,1,4042.45,1008381,142293.0,159417.0,4100.0,4110.0,4012.0,4092.6,24264625,4501.8,3683.4,4440.0,3288.1,4024.4,1,1,4024.3,1,1,4023.1,13,1,4022.9,35,2,4022.8,18,2,4024.5,14,3,4024.6,3,1,4024.7,14,1,4024.8,36,3,4024.9,23,2
11483,2026-07-02 11:54:08+05:30,4024.3,3,4042.45,1008381,142293.0,159417.0,4100.0,4110.0,4012.0,4092.6,24264625,4501.8,3683.4,4440.0,3288.1,4024.4,1,1,4024.3,1,1,4023.1,13,1,4022.9,35,2,4022.8,18,2,4024.5,14,3,4024.6,3,1,4024.7,14,1,4024.8,36,3,4024.9,23,2
11483,2026-07-02 11:54:08+05:30,4024.3,3,4042.45,1008385,142421.0,159990.0,4100.0,4110.0,4012.0,4092.6,24264625,4501.8,3683.4,4440.0,3288.1,4022.9,3,1,4022.8,13,2,4022.6,22,1,4022.5,33,3,4022.4,3,1,4023.9,1,1,4024.0,19,2,4024.3,40,4,4024.4,8,1,4024.5,15,4
11483,2026-07-02 11:54:09+05:30,4024.0,2,4042.45,1008385,142421.0,159990.0,4100.0,4110.0,4012.0,4092.6,24264625,4501.8,3683.4,4440.0,3288.1,4022.9,3,1,4022.8,13,2,4022.6,22,1,4022.5,33,3,4022.4,3,1,4023.9,1,1,4024.0,19,2,4024.3,40,4,4024.4,8,1,4024.5,15,4
11483,2026-07-02 11:54:09+05:30,4024.4,3,4042.43,1009391,142031.0,159497.0,4100.0,4110.0,4012.0,4092.6,24264625,4501.8,3683.4,4440.0,3288.1,4023.3,1,1,4022.9,17,2,4022.8,5,1,4022.6,2,1,4022.5,48,5,4024.2,190,2,4024.3,11,1,4024.4,11,1,4024.5,11,1,4024.6,23,2
11483,2026-07-02 11:54:10+05:30,4022.8,7,4042.43,1009391,142031.0,159497.0,4100.0,4110.0,4012.0,4092.6,24264625,4501.8,3683.4,4440.0,3288.1,4023.3,1,1,4022.9,17,2,4022.8,5,1,4022.6,2,1,4022.5,48,5,4024.2,190,2,4024.3,11,1,4024.4,11,1,4024.5,11,1,4024.6,23,2
11483,2026-07-02 11:54:10+05:30,4022.8,7,4042.43,1009417,142281.0,160081.0,4100.0,4110.0,4012.0,4092.6,24264625,4501.8,3683.4,4440.0,3288.1,4022.8,17,2,4022.5,43,4,4022.4,13,2,4022.3,14,2,4022.2,70,3,4023.3,12,1,4023.6,175,1,4024.5,23,2,4024.6,16,1,4024.7,37,3
11483,2026-07-02 11:54:11+05:30,4022.8,3,4042.43,1009417,142281.0,160081.0,4100.0,4110.0,4012.0,4092.6,24264625,4501.8,3683.4,4440.0,3288.1,4022.8,17,2,4022.5,43,4,4022.4,13,2,4022.3,14,2,4022.2,70,3,4023.3,12,1,4023.6,175,1,4024.5,23,2,4024.6,16,1,4024.7,37,3
11483,2026-07-02 11:54:11+05:30,4022.9,1,4042.43,1009421,142325.0,160211.0,4100.0,4110.0,4012.0,4092.6,24264625,4501.8,3683.4,4440.0,3288.1,4022.9,8,1,4022.8,23,3,4022.5,43,4,4022.4,13,2,4022.3,14,2,4023.3,12,1,4023.5,14,1,4023.6,204,2,4024.5,23,2,4024.6,16,1
11483,2026-07-02 11:54:12+05:30,4022.9,1,4042.43,1009421,142325.0,160211.0,4100.0,4110.0,4012.0,4092.6,24264625,4501.8,3683.4,4440.0,3288.1,4022.9,8,1,4022.8,23,3,4022.5,43,4,4022.4,13,2,4022.3,14,2,4023.3,12,1,4023.5,14,1,4023.6,204,2,4024.5,23,2,4024.6,16,1
11483,2026-07-02 11:54:12+05:30,4023.3,10,4042.43,1009432,141404.0,160260.0,4100.0,4110.0,4012.0,4092.6,24264625,4501.8,3683.4,4440.0,3288.1,4023.1,1,1,4022.8,14,2,4022.5,43,4,4022.4,13,2,4022.3,26,3,4023.3,2,1,4023.5,14,1,4023.6,204,2,4024.5,23,2,4024.6,16,1
11483,2026-07-02 11:54:13+05:30,4023.1,1,4042.43,1009432,141404.0,160260.0,4100.0,4110.0,4012.0,4092.6,24264625,4501.8,3683.4,4440.0,3288.1,4023.1,1,1,4022.8,14,2,4022.5,43,4,4022.4,13,2,4022.3,26,3,4023.3,2,1,4023.5,14,1,4023.6,204,2,4024.5,23,2,4024.6,16,1
11483,2026-07-02 11:54:13+05:30,4023.1,1,4042.43,1009433,141363.0,160265.0,4100.0,4110.0,4012.0,4092.6,24264625,4501.8,3683.4,4440.0,3288.1,4023.1,1,1,4022.8,14,2,4022.5,43,4,4022.4,13,2,4022.3,26,3,4023.3,2,1,4023.5,14,1,4023.6,204,2,4024.5,23,2,4024.6,16,1
11483,2026-07-02 11:54:14+05:30,4022.8,2,4042.43,1009433,141363.0,160265.0,4100.0,4110.0,4012.0,4092.6,24264625,4501.8,3683.4,4440.0,3288.1,4023.1,1,1,4022.8,14,2,4022.5,43,4,4022.4,13,2,4022.3,26,3,4023.3,2,1,4023.5,14,1,4023.6,204,2,4024.5,23,2,4024.6,16,1
11483,2026-07-02 11:54:14+05:30,4022.8,2,4042.43,1009438,141344.0,160265.0,4100.0,4110.0,4012.0,4092.6,24264625,4501.8,3683.4,4440.0,3288.1,4022.8,12,2,4022.5,43,4,4022.4,13,2,4022.3,26,3,4022.2,21,2,4023.3,2,1,4023.5,14,1,4023.6,204,2,4024.0,14,1,4024.5,23,2
11483,2026-07-02 11:54:15+05:30,4022.8,1,4042.43,1009438,141344.0,160265.0,4100.0,4110.0,4012.0,4092.6,24264625,4501.8,3683.4,4440.0,3288.1,4022.8,12,2,4022.5,43,4,4022.4,13,2,4022.3,26,3,4022.2,21,2,4023.3,2,1,4023.5,14,1,4023.6,204,2,4024.0,14,1,4024.5,23,2
11483,2026-07-02 11:54:15+05:30,4023.3,1,4042.43,1009450,141430.0,160327.0,4100.0,4110.0,4012.0,4092.6,24264625,4501.8,3683.4,4440.0,3288.1,4022.7,20,2,4022.6,9,1,4022.5,31,3,4022.4,13,2,4022.3,14,2,4023.3,12,1,4023.5,14,1,4023.6,204,2,4024.0,14,1,4024.5,36,3
11483,2026-07-02 11:54:16+05:30,4023.3,3,4042.43,1009450,141430.0,160327.0,4100.0,4110.0,4012.0,4092.6,24264625,4501.8,3683.4,4440.0,3288.1,4022.7,20,2,4022.6,9,1,4022.5,31,3,4022.4,13,2,4022.3,14,2,4023.3,12,1,4023.5,14,1,4023.6,204,2,4024.0,14,1,4024.5,36,3
11483,2026-07-02 11:54:16+05:30,4023.3,3,4042.43,1009456,141612.0,160101.0,4100.0,4110.0,4012.0,4092.6,24264625,4501.8,3683.4,4440.0,3288.1,4023.2,7,1,4023.1,29,4,4023.0,3,1,4022.9,11,1,4022.8,12,2,4023.3,7,1,4023.5,14,1,4023.6,204,2,4024.5,11,1,4024.6,28,2
11483,2026-07-02 11:54:17+05:30,4023.2,1,4042.43,1009456,141612.0,160101.0,4100.0,4110.0,4012.0,4092.6,24264625,4501.8,3683.4,4440.0,3288.1,4023.2,7,1,4023.1,29,4,4023.0,3,1,4022.9,11,1,4022.8,12,2,4023.3,7,1,4023.5,14,1,4023.6,204,2,4024.5,11,1,4024.6,28,2
11483,2026-07-02 11:54:17+05:30,4023.6,142,4042.43,1009707,141409.0,159459.0,4100.0,4110.0,4012.0,4092.6,24264625,4501.8,3683.4,4440.0,3288.1,4023.4,9,1,4023.3,15,2,4023.2,28,1,4023.1,35,5,4023.0,3,1,4023.6,62,2,4024.5,11,1,4024.6,16,1,4024.7,12,1,4024.8,12,1
11483,2026-07-02 11:54:18+05:30,4023.3,11,4042.43,1009707,141409.0,159459.0,4100.0,4110.0,4012.0,4092.6,24264625,4501.8,3683.4,4440.0,3288.1,4023.4,9,1,4023.3,15,2,4023.2,28,1,4023.1,35,5,4023.0,3,1,4023.6,62,2,4024.5,11,1,4024.6,16,1,4024.7,12,1,4024.8,12,1
11483,2026-07-02 11:54:18+05:30,4023.6,47,4042.42,1009817,142650.0,159420.0,4100.0,4110.0,4012.0,4092.6,24264625,4501.8,3683.4,4440.0,3288.1,4023.5,42,1,4023.4,44,2,4023.3,42,1,4023.1,62,4,4022.9,19,2,4023.6,29,1,4024.0,25,2,4024.5,11,1,4024.6,16,1,4024.7,12,1
11483,2026-07-02 11:54:19+05:30,4023.6,2,4042.42,1009817,142650.0,159420.0,4100.0,4110.0,4012.0,4092.6,24264625,4501.8,3683.4,4440.0,3288.1,4023.5,42,1,4023.4,44,2,4023.3,42,1,4023.1,62,4,4022.9,19,2,4023.6,29,1,4024.0,25,2,4024.5,11,1,4024.6,16,1,4024.7,12,1
11483,2026-07-02 11:54:19+05:30,4023.5,1,4042.42,1009914,142361.0,159554.0,4100.0,4110.0,4012.0,4092.6,24264625,4501.8,3683.4,4440.0,3288.1,4023.5,28,1,4023.4,44,2,4023.3,42,1,4023.1,55,3,4022.9,29,3,4023.6,142,1,4024.0,25,2,4024.5,11,1,4024.6,16,1,4024.7,12,1
11483,2026-07-02 11:54:20+05:30,4023.6,1,4042.42,1009914,142361.0,159554.0,4100.0,4110.0,4012.0,4092.6,24264625,4501.8,3683.4,4440.0,3288.1,4023.5,28,1,4023.4,44,2,4023.3,42,1,4023.1,55,3,4022.9,29,3,4023.6,142,1,4024.0,25,2,4024.5,11,1,4024.6,16,1,4024.7,12,1
11483,2026-07-02 11:54:20+05:30,4023.6,1,4042.42,1009927,142411.0,159765.0,4100.0,4110.0,4012.0,4092.6,24264625,4501.8,3683.4,4440.0,3288.1,4023.5,16,1,4023.4,42,1,4023.3,42,1,4023.1,59,3,4022.9,10,1,4023.6,316,2,4024.0,25,2,4024.5,16,2,4024.6,16,1,4024.7,14,2
11483,2026-07-02 11:54:21+05:30,4023.5,1,4042.42,1009927,142411.0,159765.0,4100.0,4110.0,4012.0,4092.6,24264625,4501.8,3683.4,4440.0,3288.1,4023.5,16,1,4023.4,42,1,4023.3,42,1,4023.1,59,3,4022.9,10,1,4023.6,316,2,4024.0,25,2,4024.5,16,2,4024.6,16,1,4024.7,14,2
11483,2026-07-02 11:54:21+05:30,4023.6,141,4042.42,1010069,143070.0,159030.0,4100.0,4110.0,4012.0,4092.6,24264625,4501.8,3683.4,4440.0,3288.1,4023.6,59,5,4023.5,16,2,4023.4,48,4,4023.3,64,4,4023.2,22,2,4024.6,175,1,4024.7,12,1,4024.8,12,1,4024.9,11,1,4025.0,17,1
11483,2026-07-02 11:54:22+05:30,4023.6,2,4042.42,1010069,143070.0,159030.0,4100.0,4110.0,4012.0,4092.6,24264625,4501.8,3683.4,4440.0,3288.1,4023.6,59,5,4023.5,16,2,4023.4,48,4,4023.3,64,4,4023.2,22,2,4024.6,175,1,4024.7,12,1,4024.8,12,1,4024.9,11,1,4025.0,17,1
11483,2026-07-02 11:54:22+05:30,4024.4,42,4042.42,1010174,143933.0,158635.0,4100.0,4110.0,4012.0,4092.6,24264625,4501.8,3683.4,4440.0,3288.1,4024.3,42,1,4024.1,42,1,4023.8,10,1,4023.6,43,4,4023.5,19,4,4024.4,308,2,4025.3,11,1,4025.4,14,1,4025.7,35,2,4025.8,89,3
11483,2026-07-02 11:54:23+05:30,4024.3,12,4042.42,1010174,143933.0,158635.0,4100.0,4110.0,4012.0,4092.6,24264625,4501.8,3683.4,4440.0,3288.1,4024.3,42,1,4024.1,42,1,4023.8,10,1,4023.6,43,4,4023.5,19,4,4024.4,308,2,4025.3,11,1,4025.4,14,1,4025.7,35,2,4025.8,89,3
11483,2026-07-02 11:54:23+05:30,4024.4,167,4042.41,1010486,144144.0,158266.0,4100.0,4110.0,4012.0,4092.6,24264625,4501.8,3683.4,4440.0,3288.1,4024.3,30,1,4024.2,42,1,4024.1,3,1,4023.9,56,4,4023.8,10,1,4024.4,8,1,4025.3,11,1,4025.4,14,1,4025.7,23,1,4025.8,58,2
11483,2026-07-02 11:54:24+05:30,4024.3,1,4042.41,1010486,144144.0,158266.0,4100.0,4110.0,4012.0,4092.6,24264625,4501.8,3683.4,4440.0,3288.1,4024.3,30,1,4024.2,42,1,4024.1,3,1,4023.9,56,4,4023.8,10,1,4024.4,8,1,4025.3,11,1,4025.4,14,1,4025.7,23,1,4025.8,58,2
11483,2026-07-02 11:54:24+05:30,4025.9,35,4042.41,1010775,144489.0,157902.0,4100.0,4110.0,4012.0,4092.6,24264625,4501.8,3683.4,4440.0,3288.1,4024.3,19,1,4024.2,69,4,4024.1,2,1,4024.0,10,1,4023.8,54,2,4025.7,11,2,4025.8,3,1,4025.9,28,4,4026.0,27,3,4026.1,24,1
11483,2026-07-02 11:54:25+05:30,4024.3,16,4042.41,1010775,144489.0,157902.0,4100.0,4110.0,4012.0,4092.6,24264625,4501.8,3683.4,4440.0,3288.1,4024.3,19,1,4024.2,69,4,4024.1,2,1,4024.0,10,1,4023.8,54,2,4025.7,11,2,4025.8,3,1,4025.9,28,4,4026.0,27,3,4026.1,24,1
11483,2026-07-02 11:54:26+05:30,4024.3,16,4042.41,1010810,144437.0,158178.0,4100.0,4110.0,4012.0,4092.6,24264625,4501.8,3683.4,4440.0,3288.1,4024.8,42,1,4024.6,42,1,4024.2,44,2,4024.0,2,1,4023.9,3,1,4025.4,66,1,4025.5,11,3,4025.6,3,1,4025.7,24,2,4025.8,178,2
11483,2026-07-02 11:54:26+05:30,4025.4,7,4042.41,1010810,144437.0,158178.0,4100.0,4110.0,4012.0,4092.6,24264625,4501.8,3683.4,4440.0,3288.1,4024.8,42,1,4024.6,42,1,4024.2,44,2,4024.0,2,1,4023.9,3,1,4025.4,66,1,4025.5,11,3,4025.6,3,1,4025.7,24,2,4025.8,178,2
11483,2026-07-02 11:54:27+05:30,4025.4,2,4042.41,1010824,144452.0,158174.0,4100.0,4110.0,4012.0,4092.6,24264625,4501.8,3683.4,4440.0,3288.1,4024.8,37,1,4024.7,42,1,4024.2,44,2,4024.0,2,1,4023.9,8,2,4025.4,57,1,4025.5,11,3,4025.6,3,1,4025.7,24,2,4025.8,178,2
11483,2026-07-02 11:54:27+05:30,4024.8,1,4042.41,1010824,144452.0,158174.0,4100.0,4110.0,4012.0,4092.6,24264625,4501.8,3683.4,4440.0,3288.1,4024.8,37,1,4024.7,42,1,4024.2,44,2,4024.0,2,1,4023.9,8,2,4025.4,57,1,4025.5,11,3,4025.6,3,1,4025.7,24,2,4025.8,178,2
11483,2026-07-02 11:54:28+05:30,4024.8,1,4042.41,1010825,144502.0,158217.0,4100.0,4110.0,4012.0,4092.6,24264625,4501.8,3683.4,4440.0,3288.1,4024.8,36,1,4024.6,42,1,4024.2,44,2,4024.0,20,2,4023.9,8,2,4025.2,5,1,4025.4,57,1,4025.5,11,3,4025.6,3,1,4025.7,24,2
11483,2026-07-02 11:54:28+05:30,4024.8,1,4042.41,1010825,144502.0,158217.0,4100.0,4110.0,4012.0,4092.6,24264625,4501.8,3683.4,4440.0,3288.1,4024.8,36,1,4024.6,42,1,4024.2,44,2,4024.0,20,2,4023.9,8,2,4025.2,5,1,4025.4,57,1,4025.5,11,3,4025.6,3,1,4025.7,24,2
11483,2026-07-02 11:54:29+05:30,4024.8,5,4042.41,1010840,144508.0,158208.0,4100.0,4110.0,4012.0,4092.6,24264625,4501.8,3683.4,4440.0,3288.1,4024.8,29,1,4024.6,42,1,4024.2,44,2,4024.0,30,3,4023.9,8,2,4025.4,54,1,4025.5,10,2,4025.6,3,1,4025.7,24,2,4025.8,178,2
11483,2026-07-02 11:54:29+05:30,4024.8,1,4042.41,1010840,144508.0,158208.0,4100.0,4110.0,4012.0,4092.6,24264625,4501.8,3683.4,4440.0,3288.1,4024.8,29,1,4024.6,42,1,4024.2,44,2,4024.0,30,3,4023.9,8,2,4025.4,54,1,4025.5,10,2,4025.6,3,1,4025.7,24,2,4025.8,178,2
11483,2026-07-02 11:54:30+05:30,4023.9,2,4042.4,1010991,144127.0,158675.0,4100.0,4110.0,4012.0,4092.6,24264625,4501.8,3683.4,4440.0,3288.1,4024.0,13,1,4023.9,5,1,4023.7,1,1,4023.6,14,2,4023.5,15,1,4025.4,54,1,4025.5,10,2,4025.6,3,1,4025.7,24,2,4025.8,178,2
11483,2026-07-02 11:54:30+05:30,4024.0,13,4042.4,1010991,144127.0,158675.0,4100.0,4110.0,4012.0,4092.6,24264625,4501.8,3683.4,4440.0,3288.1,4024.0,13,1,4023.9,5,1,4023.7,1,1,4023.6,14,2,4023.5,15,1,4025.4,54,1,4025.5,10,2,4025.6,3,1,4025.7,24,2,4025.8,178,2
11483,2026-07-02 11:54:30+05:30,4025.2,3,4042.4,1011020,143920.0,158706.0,4100.0,4110.0,4012.0,4092.6,24264625,4501.8,3683.4,4440.0,3288.1,4024.5,2,2,4023.9,5,1,4023.6,12,1,4023.5,6,1,4023.4,15,2,4025.1,23,3,4025.2,15,2,4025.3,22,3,4025.4,77,4,4025.5,3,1
11483,2026-07-02 11:54:31+05:30,4025.1,1,4042.4,1011020,143920.0,158706.0,4100.0,4110.0,4012.0,4092.6,24264625,4501.8,3683.4,4440.0,3288.1,4024.5,2,2,4023.9,5,1,4023.6,12,1,4023.5,6,1,4023.4,15,2,4025.1,23,3,4025.2,15,2,4025.3,22,3,4025.4,77,4,4025.5,3,1
11483,2026-07-02 11:54:32+05:30,4024.5,1,4042.4,1011026,143552.0,159560.0,4100.0,4110.0,4012.0,4092.6,24264625,4501.8,3683.4,4440.0,3288.1,4023.9,5,1,4023.6,12,1,4023.1,31,2,4023.0,52,2,4022.9,62,3,4024.7,38,4,4024.8,109,3,4024.9,56,2,4025.0,273,3,4025.1,47,5
11483,2026-07-02 11:54:32+05:30,4023.9,1,4042.4,1011026,143552.0,159560.0,4100.0,4110.0,4012.0,4092.6,24264625,4501.8,3683.4,4440.0,3288.1,4023.9,5,1,4023.6,12,1,4023.1,31,2,4023.0,52,2,4022.9,62,3,4024.7,38,4,4024.8,109,3,4024.9,56,2,4025.0,273,3,4025.1,47,5
11483,2026-07-02 11:54:33+05:30,4023.9,1,4042.4,1011030,143614.0,159638.0,4100.0,4110.0,4012.0,4092.6,24264625,4501.8,3683.4,4440.0,3288.1,4023.9,4,1,4023.6,12,1,4023.1,31,2,4023.0,52,2,4022.9,53,3,4024.7,88,4,4024.8,109,3,4024.9,56,2,4025.0,221,3,4025.1,89,6
11483,2026-07-02 11:54:33+05:30,4024.4,10,4042.4,1011040,143653.0,159322.0,4100.0,4110.0,4012.0,4092.6,24264625,4501.8,3683.4,4440.0,3288.1,4023.9,4,1,4023.6,12,1,4023.1,20,2,4023.0,52,2,4022.9,71,4,4024.3,42,1,4024.4,32,1,4024.6,42,1,4024.7,68,2,4024.8,57,2
11483,2026-07-02 11:54:34+05:30,4023.9,1,4042.4,1011040,143653.0,159322.0,4100.0,4110.0,4012.0,4092.6,24264625,4501.8,3683.4,4440.0,3288.1,4023.9,4,1,4023.6,12,1,4023.1,20,2,4023.0,52,2,4022.9,71,4,4024.3,42,1,4024.4,32,1,4024.6,42,1,4024.7,68,2,4024.8,57,2
11483,2026-07-02 11:54:34+05:30,4023.9,1,4042.4,1011041,143723.0,159503.0,4100.0,4110.0,4012.0,4092.6,24264625,4501.8,3683.4,4440.0,3288.1,4024.0,2,1,4023.9,3,1,4023.6,12,1,4023.1,49,2,4023.0,50,1,4024.1,71,1,4024.3,42,1,4024.4,74,2,4024.6,42,1,4025.0,175,1
11483,2026-07-02 11:54:35+05:30,4024.0,1,4042.4,1011041,143723.0,159503.0,4100.0,4110.0,4012.0,4092.6,24264625,4501.8,3683.4,4440.0,3288.1,4024.0,2,1,4023.9,3,1,4023.6,12,1,4023.1,49,2,4023.0,50,1,4024.1,71,1,4024.3,42,1,4024.4,74,2,4024.6,42,1,4025.0,175,1
11483,2026-07-02 11:54:35+05:30,4024.0,1,4042.4,1011042,143949.0,159439.0,4100.0,4110.0,4012.0,4092.6,24264625,4501.8,3683.4,4440.0,3288.1,4024.0,1,1,4023.9,3,1,4023.7,2,1,4023.6,12,1,4023.2,44,2,4024.3,42,1,4024.4,74,2,4024.6,42,1,4025.0,175,1,4025.1,31,3
11483,2026-07-02 11:54:37+05:30,4024.0,1,4042.4,1011045,143678.0,159462.0,4100.0,4110.0,4012.0,4092.6,24264625,4501.8,3683.4,4440.0,3288.1,4024.0,2,1,4023.9,3,1,4023.2,2,1,4023.1,18,1,4023.0,50,1,4024.2,71,1,4024.4,88,4,4024.5,42,1,4024.7,52,2,4024.8,183,2
11483,2026-07-02 11:54:37+05:30,4024.2,15,4042.4,1011045,143678.0,159462.0,4100.0,4110.0,4012.0,4092.6,24264625,4501.8,3683.4,4440.0,3288.1,4024.0,2,1,4023.9,3,1,4023.2,2,1,4023.1,18,1,4023.0,50,1,4024.2,71,1,4024.4,88,4,4024.5,42,1,4024.7,52,2,4024.8,183,2
11483,2026-07-02 11:54:38+05:30,4024.2,15,4042.4,1011060,143432.0,159623.0,4100.0,4110.0,4012.0,4092.6,24264625,4501.8,3683.4,4440.0,3288.1,4023.9,3,1,4023.4,40,1,4023.0,50,1,4022.9,24,2,4022.8,15,2,4024.1,56,1,4024.3,50,2,4024.4,81,3,4024.6,42,1,4024.7,10,1
11483,2026-07-02 11:54:38+05:30,4023.9,2,4042.4,1011060,143432.0,159623.0,4100.0,4110.0,4012.0,4092.6,24264625,4501.8,3683.4,4440.0,3288.1,4023.9,3,1,4023.4,40,1,4023.0,50,1,4022.9,24,2,4022.8,15,2,4024.1,56,1,4024.3,50,2,4024.4,81,3,4024.6,42,1,4024.7,10,1
11483,2026-07-02 11:54:39+05:30,4024.0,1,4042.4,1011063,143407.0,159472.0,4100.0,4110.0,4012.0,4092.6,24264625,4501.8,3683.4,4440.0,3288.1,4023.9,1,1,4023.4,40,1,4023.0,50,1,4022.9,24,2,4022.8,15,2,4024.1,11,2,4024.3,217,2,4024.4,88,4,4024.5,8,1,4024.6,42,1
11483,2026-07-02 11:54:39+05:30,4023.9,1,4042.4,1011063,143407.0,159472.0,4100.0,4110.0,4012.0,4092.6,24264625,4501.8,3683.4,4440.0,3288.1,4023.9,1,1,4023.4,40,1,4023.0,50,1,4022.9,24,2,4022.8,15,2,4024.1,11,2,4024.3,217,2,4024.4,88,4,4024.5,8,1,4024.6,42,1
11483,2026-07-02 11:54:40+05:30,4023.9,1,4042.4,1011064,143246.0,159560.0,4100.0,4110.0,4012.0,4092.6,24264625,4501.8,3683.4,4440.0,3288.1,4023.4,40,1,4023.0,50,1,4022.9,10,1,4022.8,3,1,4022.7,11,1,4024.2,69,3,4024.3,217,2,4024.4,39,2,4024.5,50,2,4024.7,33,4
11483,2026-07-02 11:54:40+05:30,4023.4,1,4042.4,1011064,143246.0,159560.0,4100.0,4110.0,4012.0,4092.6,24264625,4501.8,3683.4,4440.0,3288.1,4023.4,40,1,4023.0,50,1,4022.9,10,1,4022.8,3,1,4022.7,11,1,4024.2,69,3,4024.3,217,2,4024.4,39,2,4024.5,50,2,4024.7,33,4
11483,2026-07-02 11:54:41+05:30,4023.4,1,4042.4,1011065,143251.0,159753.0,4100.0,4110.0,4012.0,4092.6,24264625,4501.8,3683.4,4440.0,3288.1,4023.4,39,1,4023.0,50,1,4022.9,10,1,4022.8,3,1,4022.7,11,1,4023.8,42,1,4023.9,50,2,4024.0,8,1,4024.1,42,1,4024.2,27,2
11483,2026-07-02 11:54:42+05:30,4023.7,1,4042.4,1011076,143286.0,159718.0,4100.0,4110.0,4012.0,4092.6,24264625,4501.8,3683.4,4440.0,3288.1,4023.5,1,1,4023.4,39,1,4023.0,50,1,4022.8,3,1,4022.7,11,1,4023.7,31,1,4023.8,42,1,4023.9,8,1,4024.0,50,2,4024.2,8,1
11483,2026-07-02 11:54:42+05:30,4023.5,1,4042.4,1011076,143286.0,159718.0,4100.0,4110.0,4012.0,4092.6,24264625,4501.8,3683.4,4440.0,3288.1,4023.5,1,1,4023.4,39,1,4023.0,50,1,4022.8,3,1,4022.7,11,1,4023.7,31,1,4023.8,42,1,4023.9,8,1,4024.0,50,2,4024.2,8,1
11483,2026-07-02 11:54:43+05:30,4023.5,1,4042.4,1011077,143242.0,160125.0,4100.0,4110.0,4012.0,4092.6,24264625,4501.8,3683.4,4440.0,3288.1,4023.5,1,1,4023.4,39,1,4023.0,60,2,4022.8,3,1,4022.7,11,1,4023.6,45,1,4023.7,31,1,4023.9,50,2,4024.0,8,1,4024.1,42,1
11483,2026-07-02 11:54:44+05:30,4023.4,2,4042.4,1011081,143262.0,160035.0,4100.0,4110.0,4012.0,4092.6,24264625,4501.8,3683.4,4440.0,3288.1,4023.4,37,1,4023.0,60,2,4022.8,3,1,4022.7,11,1,4022.5,45,6,4023.7,31,1,4023.9,50,2,4024.1,42,1,4024.2,8,1,4024.3,175,1
11483,2026-07-02 11:54:44+05:30,4023.7,9,4042.4,1011081,143262.0,160035.0,4100.0,4110.0,4012.0,4092.6,24264625,4501.8,3683.4,4440.0,3288.1,4023.4,37,1,4023.0,60,2,4022.8,3,1,4022.7,11,1,4022.5,45,6,4023.7,31,1,4023.9,50,2,4024.1,42,1,4024.2,8,1,4024.3,175,1
11483,2026-07-02 11:54:44+05:30,4023.7,9,4042.4,1011081,143262.0,160035.0,4100.0,4110.0,4012.0,4092.6,24264625,4501.8,3683.4,4440.0,3288.1,4023.4,37,1,4023.0,60,2,4022.8,3,1,4022.7,11,1,4022.5,45,6,4023.7,31,1,4023.9,50,2,4024.1,42,1,4024.2,8,1,4024.3,175,1
11483,2026-07-02 11:54:45+05:30,4023.4,5,4042.4,1011112,143328.0,160043.0,4100.0,4110.0,4012.0,4092.6,24264625,4501.8,3683.4,4440.0,3288.1,4023.4,15,1,4023.0,60,2,4022.8,3,1,4022.7,11,1,4022.5,27,5,4023.6,45,1,4023.7,22,1,4023.9,50,2,4024.0,8,1,4024.1,42,1
11483,2026-07-02 11:54:45+05:30,4023.4,3,4042.4,1011112,143328.0,160043.0,4100.0,4110.0,4012.0,4092.6,24264625,4501.8,3683.4,4440.0,3288.1,4023.4,15,1,4023.0,60,2,4022.8,3,1,4022.7,11,1,4022.5,27,5,4023.6,45,1,4023.7,22,1,4023.9,50,2,4024.0,8,1,4024.1,42,1
11483,2026-07-02 11:54:45+05:30,4023.4,3,4042.4,1011112,143328.0,160043.0,4100.0,4110.0,4012.0,4092.6,24264625,4501.8,3683.4,4440.0,3288.1,4023.4,15,1,4023.0,60,2,4022.8,3,1,4022.7,11,1,4022.5,27,5,4023.6,45,1,4023.7,22,1,4023.9,50,2,4024.0,8,1,4024.1,42,1
11483,2026-07-02 11:54:46+05:30,4023.6,3,4042.4,1011121,143316.0,160041.0,4100.0,4110.0,4012.0,4092.6,24264625,4501.8,3683.4,4440.0,3288.1,4023.4,12,1,4023.0,60,2,4022.8,3,1,4022.7,11,1,4022.5,23,3,4023.6,39,1,4023.7,22,1,4023.8,42,1,4023.9,8,1,4024.0,50,2
11483,2026-07-02 11:54:46+05:30,4023.6,3,4042.4,1011121,143316.0,160041.0,4100.0,4110.0,4012.0,4092.6,24264625,4501.8,3683.4,4440.0,3288.1,4023.4,12,1,4023.0,60,2,4022.8,3,1,4022.7,11,1,4022.5,23,3,4023.6,39,1,4023.7,22,1,4023.8,42,1,4023.9,8,1,4024.0,50,2
11483,2026-07-02 11:54:46+05:30,4023.6,7,4042.4,1011121,143316.0,160041.0,4100.0,4110.0,4012.0,4092.6,24264625,4501.8,3683.4,4440.0,3288.1,4023.4,12,1,4023.0,60,2,4022.8,3,1,4022.7,11,1,4022.5,23,3,4023.6,39,1,4023.7,22,1,4023.8,42,1,4023.9,8,1,4024.0,50,2
11483,2026-07-02 11:54:46+05:30,4023.6,7,4042.4,1011121,143316.0,160041.0,4100.0,4110.0,4012.0,4092.6,24264625,4501.8,3683.4,4440.0,3288.1,4023.4,12,1,4023.0,60,2,4022.8,3,1,4022.7,11,1,4022.5,23,3,4023.6,39,1,4023.7,22,1,4023.8,42,1,4023.9,8,1,4024.0,50,2
11483,2026-07-02 11:54:47+05:30,4023.4,2,4042.4,1011191,143387.0,159869.0,4100.0,4110.0,4012.0,4092.6,24264625,4501.8,3683.4,4440.0,3288.1,4023.4,9,1,4023.0,60,2,4022.8,3,1,4022.7,11,1,4022.5,41,4,4023.8,36,1,4023.9,8,1,4024.0,8,1,4024.1,42,1,4024.2,8,1
11483,2026-07-02 11:54:47+05:30,4023.8,1,4042.4,1011191,143387.0,159869.0,4100.0,4110.0,4012.0,4092.6,24264625,4501.8,3683.4,4440.0,3288.1,4023.4,9,1,4023.0,60,2,4022.8,3,1,4022.7,11,1,4022.5,41,4,4023.8,36,1,4023.9,8,1,4024.0,8,1,4024.1,42,1,4024.2,8,1
11483,2026-07-02 11:54:47+05:30,4023.8,1,4042.4,1011191,143387.0,159869.0,4100.0,4110.0,4012.0,4092.6,24264625,4501.8,3683.4,4440.0,3288.1,4023.4,9,1,4023.0,60,2,4022.8,3,1,4022.7,11,1,4022.5,41,4,4023.8,36,1,4023.9,8,1,4024.0,8,1,4024.1,42,1,4024.2,8,1
11483,2026-07-02 11:54:48+05:30,4023.8,1,4042.4,1011200,143374.0,159870.0,4100.0,4110.0,4012.0,4092.6,24264625,4501.8,3683.4,4440.0,3288.1,4023.6,1,1,4023.4,1,1,4023.0,60,2,4022.8,3,1,4022.7,11,1,4023.8,43,2,4023.9,42,1,4024.0,8,1,4024.2,50,2,4024.3,175,1
11483,2026-07-02 11:54:48+05:30,4023.8,1,4042.4,1011200,143374.0,159870.0,4100.0,4110.0,4012.0,4092.6,24264625,4501.8,3683.4,4440.0,3288.1,4023.6,1,1,4023.4,1,1,4023.0,60,2,4022.8,3,1,4022.7,11,1,4023.8,43,2,4023.9,42,1,4024.0,8,1,4024.2,50,2,4024.3,175,1
11483,2026-07-02 11:54:48+05:30,4023.6,1,4042.4,1011200,143374.0,159870.0,4100.0,4110.0,4012.0,4092.6,24264625,4501.8,3683.4,4440.0,3288.1,4023.6,1,1,4023.4,1,1,4023.0,60,2,4022.8,3,1,4022.7,11,1,4023.8,43,2,4023.9,42,1,4024.0,8,1,4024.2,50,2,4024.3,175,1
11483,2026-07-02 11:54:48+05:30,4023.6,1,4042.4,1011200,143374.0,159870.0,4100.0,4110.0,4012.0,4092.6,24264625,4501.8,3683.4,4440.0,3288.1,4023.6,1,1,4023.4,1,1,4023.0,60,2,4022.8,3,1,4022.7,11,1,4023.8,43,2,4023.9,42,1,4024.0,8,1,4024.2,50,2,4024.3,175,1
11483,2026-07-02 11:54:48+05:30,4023.8,10,4042.4,1011211,143359.0,159871.0,4100.0,4110.0,4012.0,4092.6,24264625,4501.8,3683.4,4440.0,3288.1,4023.4,1,1,4023.0,60,2,4022.8,3,1,4022.7,11,1,4022.5,41,4,4023.8,67,2,4023.9,8,1,4024.0,8,1,4024.1,42,1,4024.2,8,1
11483,2026-07-02 11:54:49+05:30,4023.8,10,4042.4,1011211,143359.0,159871.0,4100.0,4110.0,4012.0,4092.6,24285100,4501.8,3683.4,4440.0,3288.1,4023.4,1,1,4023.0,60,2,4022.8,3,1,4022.7,11,1,4022.5,41,4,4023.8,67,2,4023.9,8,1,4024.0,8,1,4024.1,42,1,4024.2,8,1
11483,2026-07-02 11:54:49+05:30,4023.4,1,4042.4,1011211,143359.0,159871.0,4100.0,4110.0,4012.0,4092.6,24285100,4501.8,3683.4,4440.0,3288.1,4023.4,1,1,4023.0,60,2,4022.8,3,1,4022.7,11,1,4022.5,41,4,4023.8,67,2,4023.9,8,1,4024.0,8,1,4024.1,42,1,4024.2,8,1
11483,2026-07-02 11:54:49+05:30,4023.4,1,4042.4,1011211,143359.0,159871.0,4100.0,4110.0,4012.0,4092.6,24285100,4501.8,3683.4,4440.0,3288.1,4023.4,1,1,4023.0,60,2,4022.8,3,1,4022.7,11,1,4022.5,41,4,4023.8,67,2,4023.9,8,1,4024.0,8,1,4024.1,42,1,4024.2,8,1
11483,2026-07-02 11:54:49+05:30,4023.4,1,4042.4,1011212,143087.0,160074.0,4100.0,4110.0,4012.0,4092.6,24285100,4501.8,3683.4,4440.0,3288.1,4023.0,60,2,4022.8,3,1,4022.7,11,1,4022.5,23,3,4022.4,20,1,4023.4,50,3,4023.5,7,1,4023.7,61,2,4023.8,25,1,4023.9,7,1
11483,2026-07-02 11:54:49+05:30,4023.4,1,4042.4,1011212,143087.0,160074.0,4100.0,4110.0,4012.0,4092.6,24285100,4501.8,3683.4,4440.0,3288.1,4023.0,60,2,4022.8,3,1,4022.7,11,1,4022.5,23,3,4022.4,20,1,4023.4,50,3,4023.5,7,1,4023.7,61,2,4023.8,25,1,4023.9,7,1
11483,2026-07-02 11:54:50+05:30,4023.4,1,4042.4,1011212,143087.0,160074.0,4100.0,4110.0,4012.0,4092.6,24285100,4501.8,3683.4,4440.0,3288.1,4023.0,60,2,4022.8,3,1,4022.7,11,1,4022.5,23,3,4022.4,20,1,4023.4,50,3,4023.5,7,1,4023.7,61,2,4023.8,25,1,4023.9,7,1
11483,2026-07-02 11:54:50+05:30,4023.4,1,4042.4,1011214,143107.0,160093.0,4100.0,4110.0,4012.0,4092.6,24285100,4501.8,3683.4,4440.0,3288.1,4023.0,60,2,4022.8,3,1,4022.7,11,1,4022.5,23,3,4022.4,20,1,4023.4,49,3,4023.5,7,1,4023.7,61,2,4023.8,36,2,4023.9,20,2
11483,2026-07-02 11:54:50+05:30,4023.4,1,4042.4,1011214,143107.0,160093.0,4100.0,4110.0,4012.0,4092.6,24285100,4501.8,3683.4,4440.0,3288.1,4023.0,60,2,4022.8,3,1,4022.7,11,1,4022.5,23,3,4022.4,20,1,4023.4,49,3,4023.5,7,1,4023.7,61,2,4023.8,36,2,4023.9,20,2
11483,2026-07-02 11:54:51+05:30,4023.4,4,4042.4,1011214,143107.0,160093.0,4100.0,4110.0,4012.0,4092.6,24285100,4501.8,3683.4,4440.0,3288.1,4023.0,60,2,4022.8,3,1,4022.7,11,1,4022.5,23,3,4022.4,20,1,4023.4,49,3,4023.5,7,1,4023.7,61,2,4023.8,36,2,4023.9,20,2
11483,2026-07-02 11:54:51+05:30,4023.4,4,4042.4,1011218,143125.0,160037.0,4100.0,4110.0,4012.0,4092.6,24285100,4501.8,3683.4,4440.0,3288.1,4023.0,71,3,4022.8,3,1,4022.7,11,1,4022.6,2,1,4022.5,23,3,4023.4,38,2,4023.7,42,1,4023.8,25,1,4024.1,5,1,4024.2,17,1
11483,2026-07-02 11:54:52+05:30,4023.0,1,4042.4,1011218,143125.0,160037.0,4100.0,4110.0,4012.0,4092.6,24285100,4501.8,3683.4,4440.0,3288.1,4023.0,71,3,4022.8,3,1,4022.7,11,1,4022.6,2,1,4022.5,23,3,4023.4,38,2,4023.7,42,1,4023.8,25,1,4024.1,5,1,4024.2,17,1
11483,2026-07-02 11:54:52+05:30,4023.4,3,4042.4,1011259,143463.0,159914.0,4100.0,4110.0,4012.0,4092.6,24285100,4501.8,3683.4,4440.0,3288.1,4023.2,22,3,4023.0,59,2,4022.9,3,1,4022.8,21,3,4022.7,52,6,4023.8,67,2,4024.3,175,1,4024.4,32,1,4024.8,12,1,4024.9,21,1
11483,2026-07-02 11:54:53+05:30,4023.2,4,4042.4,1011259,143463.0,159914.0,4100.0,4110.0,4012.0,4092.6,24285100,4501.8,3683.4,4440.0,3288.1,4023.2,22,3,4023.0,59,2,4022.9,3,1,4022.8,21,3,4022.7,52,6,4023.8,67,2,4024.3,175,1,4024.4,32,1,4024.8,12,1,4024.9,21,1
11483,2026-07-02 11:54:53+05:30,4023.2,4,4042.4,1011264,143728.0,159905.0,4100.0,4110.0,4012.0,4092.6,24285100,4501.8,3683.4,4440.0,3288.1,4023.4,2,1,4023.2,18,3,4023.1,7,1,4023.0,61,3,4022.9,5,2,4023.7,42,1,4023.8,25,1,4024.0,42,1,4024.3,175,1,4024.4,32,1
11483,2026-07-02 11:54:54+05:30,4023.8,25,4042.4,1011314,143591.0,159916.0,4100.0,4110.0,4012.0,4092.6,24285100,4501.8,3683.4,4440.0,3288.1,4023.7,1,1,4023.4,2,1,4023.2,18,3,4023.0,59,2,4022.9,7,3,4023.8,17,1,4024.3,217,2,4024.4,32,1,4025.0,17,2,4025.1,78,6
11483,2026-07-02 11:54:55+05:30,4023.7,2,4042.4,1011314,143591.0,159916.0,4100.0,4110.0,4012.0,4092.6,24285100,4501.8,3683.4,4440.0,3288.1,4023.7,1,1,4023.4,2,1,4023.2,18,3,4023.0,59,2,4022.9,7,3,4023.8,17,1,4024.3,217,2,4024.4,32,1,4025.0,17,2,4025.1,78,6
11483,2026-07-02 11:54:56+05:30,4023.8,1,4042.4,1011321,143601.0,159886.0,4100.0,4110.0,4012.0,4092.6,24285100,4501.8,3683.4,4440.0,3288.1,4023.4,2,1,4023.2,24,4,4023.0,60,3,4022.9,7,3,4022.8,21,3,4023.8,16,1,4023.9,42,1,4024.1,42,1,4024.3,175,1,4024.4,32,1
11483,2026-07-02 11:54:56+05:30,4023.4,1,4042.4,1011321,143601.0,159886.0,4100.0,4110.0,4012.0,4092.6,24285100,4501.8,3683.4,4440.0,3288.1,4023.4,2,1,4023.2,24,4,4023.0,60,3,4022.9,7,3,4022.8,21,3,4023.8,16,1,4023.9,42,1,4024.1,42,1,4024.3,175,1,4024.4,32,1
11483,2026-07-02 11:54:57+05:30,4024.6,2,4042.4,1011324,143732.0,159355.0,4100.0,4110.0,4012.0,4092.6,24285100,4501.8,3683.4,4440.0,3288.1,4023.4,1,1,4023.2,17,2,4023.1,3,1,4023.0,60,3,4022.9,4,2,4024.6,173,1,4024.7,19,1,4024.9,30,1,4025.0,23,2,4025.1,66,5
11483,2026-07-02 11:54:57+05:30,4023.4,1,4042.4,1011324,143732.0,159355.0,4100.0,4110.0,4012.0,4092.6,24285100,4501.8,3683.4,4440.0,3288.1,4023.4,1,1,4023.2,17,2,4023.1,3,1,4023.0,60,3,4022.9,4,2,4024.6,173,1,4024.7,19,1,4024.9,30,1,4025.0,23,2,4025.1,66,5
11483,2026-07-02 11:54:58+05:30,4023.4,1,4042.4,1011325,143776.0,158900.0,4100.0,4110.0,4012.0,4092.6,24285100,4501.8,3683.4,4440.0,3288.1,4023.3,8,2,4023.2,11,1,4023.0,72,4,4022.9,6,3,4022.8,46,5,4024.8,19,1,4024.9,30,1,4025.0,5,1,4025.1,66,5,4025.2,15,2
11483,2026-07-02 11:54:59+05:30,4023.4,2,4042.4,1011325,143776.0,158900.0,4100.0,4110.0,4012.0,4092.6,24285100,4501.8,3683.4,4440.0,3288.1,4023.3,8,2,4023.2,11,1,4023.0,72,4,4022.9,6,3,4022.8,46,5,4024.8,19,1,4024.9,30,1,4025.0,5,1,4025.1,66,5,4025.2,15,2
11483,2026-07-02 11:54:59+05:30,4022.7,3,4042.39,1011518,143600.0,159336.0,4100.0,4110.0,4012.0,4092.6,24285100,4501.8,3683.4,4440.0,3288.1,4023.1,47,4,4023.0,12,1,4022.8,11,1,4022.7,44,3,4022.6,79,3,4024.6,175,1,4024.7,30,2,4024.8,30,1,4024.9,7,1,4025.0,5,1
11483,2026-07-02 11:55:00+05:30,4023.1,9,4042.39,1011518,143600.0,159336.0,4100.0,4110.0,4012.0,4092.6,24285100,4501.8,3683.4,4440.0,3288.1,4023.1,47,4,4023.0,12,1,4022.8,11,1,4022.7,44,3,4022.6,79,3,4024.6,175,1,4024.7,30,2,4024.8,30,1,4024.9,7,1,4025.0,5,1
11483,2026-07-02 11:55:00+05:30,4023.1,9,4042.39,1011541,143606.0,159358.0,4100.0,4110.0,4012.0,4092.6,24285100,4501.8,3683.4,4440.0,3288.1,4023.4,25,1,4023.1,24,3,4023.0,12,1,4022.9,3,1,4022.8,11,1,4024.6,175,1,4024.7,11,1,4024.8,30,1,4024.9,7,1,4025.0,5,1
11483,2026-07-02 11:55:01+05:30,4024.6,3,4042.39,1011541,143606.0,159358.0,4100.0,4110.0,4012.0,4092.6,24285100,4501.8,3683.4,4440.0,3288.1,4023.4,25,1,4023.1,24,3,4023.0,12,1,4022.9,3,1,4022.8,11,1,4024.6,175,1,4024.7,11,1,4024.8,30,1,4024.9,7,1,4025.0,5,1
11483,2026-07-02 11:55:01+05:30,4024.6,3,4042.39,1011547,143656.0,159361.0,4100.0,4110.0,4012.0,4092.6,24285100,4501.8,3683.4,4440.0,3288.1,4023.6,2,2,4023.4,47,2,4023.1,24,3,4023.0,12,1,4022.9,3,1,4024.6,172,1,4024.7,11,1,4024.8,30,1,4024.9,7,1,4025.0,5,1
11483,2026-07-02 11:55:02+05:30,4024.3,49,4042.39,1011547,143656.0,159361.0,4100.0,4110.0,4012.0,4092.6,24285100,4501.8,3683.4,4440.0,3288.1,4023.6,2,2,4023.4,47,2,4023.1,24,3,4023.0,12,1,4022.9,3,1,4024.6,172,1,4024.7,11,1,4024.8,30,1,4024.9,7,1,4025.0,5,1
11483,2026-07-02 11:55:02+05:30,4024.3,49,4042.39,1011639,143789.0,159005.0,4100.0,4110.0,4012.0,4092.6,24285100,4501.8,3683.4,4440.0,3288.1,4024.1,1,1,4023.6,13,3,4023.5,3,1,4023.4,47,2,4023.1,3,1,4024.3,88,1,4024.8,183,2,4025.0,8,2,4025.1,8,1,4025.2,2,1
11483,2026-07-02 11:55:03+05:30,4024.1,2,4042.39,1011639,143789.0,159005.0,4100.0,4110.0,4012.0,4092.6,24285100,4501.8,3683.4,4440.0,3288.1,4024.1,1,1,4023.6,13,3,4023.5,3,1,4023.4,47,2,4023.1,3,1,4024.3,88,1,4024.8,183,2,4025.0,8,2,4025.1,8,1,4025.2,2,1
11483,2026-07-02 11:55:03+05:30,4024.1,2,4042.39,1011641,143464.0,159113.0,4100.0,4110.0,4012.0,4092.6,24285100,4501.8,3683.4,4440.0,3288.1,4023.6,2,2,4023.4,47,2,4023.1,3,1,4023.0,23,2,4022.8,74,3,4024.1,2,1,4024.3,88,1,4024.8,183,2,4024.9,2,1,4025.0,8,2
11483,2026-07-02 11:55:04+05:30,4024.1,1,4042.39,1011641,143464.0,159113.0,4100.0,4110.0,4012.0,4092.6,24285100,4501.8,3683.4,4440.0,3288.1,4023.6,2,2,4023.4,47,2,4023.1,3,1,4023.0,23,2,4022.8,74,3,4024.1,2,1,4024.3,88,1,4024.8,183,2,4024.9,2,1,4025.0,8,2
11483,2026-07-02 11:55:04+05:30,4024.1,1,4042.39,1011644,143559.0,159096.0,4100.0,4110.0,4012.0,4092.6,24285100,4501.8,3683.4,4440.0,3288.1,4023.7,2,1,4023.6,13,3,4023.4,47,2,4023.1,3,1,4023.0,23,2,4024.1,2,1,4024.3,88,1,4024.8,183,2,4024.9,2,1,4025.0,8,2
11483,2026-07-02 11:55:05+05:30,4024.1,1,4042.39,1011644,143567.0,159134.0,4100.0,4110.0,4012.0,4092.6,24285100,4501.8,3683.4,4440.0,3288.1,4023.7,2,1,4023.6,13,3,4023.4,47,2,4023.1,3,1,4023.0,23,2,4024.1,2,1,4024.3,88,1,4024.7,15,1,4024.8,183,2,4024.9,2,1
11483,2026-07-02 11:55:06+05:30,4024.1,7,4042.39,1011644,143567.0,159134.0,4100.0,4110.0,4012.0,4092.6,24285100,4501.8,3683.4,4440.0,3288.1,4023.7,2,1,4023.6,13,3,4023.4,47,2,4023.1,3,1,4023.0,23,2,4024.1,2,1,4024.3,88,1,4024.7,15,1,4024.8,183,2,4024.9,2,1
11483,2026-07-02 11:55:06+05:30,4024.1,7,4042.39,1011651,143933.0,159114.0,4100.0,4110.0,4012.0,4092.6,24285100,4501.8,3683.4,4440.0,3288.1,4024.1,1,1,4023.8,1,1,4023.7,2,1,4023.6,13,3,4023.4,47,2,4024.3,88,1,4024.7,15,1,4024.8,175,1,4024.9,2,1,4025.0,5,1
11483,2026-07-02 11:55:07+05:30,4024.1,1,4042.39,1011651,143933.0,159114.0,4100.0,4110.0,4012.0,4092.6,24285100,4501.8,3683.4,4440.0,3288.1,4024.1,1,1,4023.8,1,1,4023.7,2,1,4023.6,13,3,4023.4,47,2,4024.3,88,1,4024.7,15,1,4024.8,175,1,4024.9,2,1,4025.0,5,1
11483,2026-07-02 11:55:07+05:30,4024.3,18,4042.39,1011670,143929.0,159083.0,4100.0,4110.0,4012.0,4092.6,24285100,4501.8,3683.4,4440.0,3288.1,4023.8,1,1,4023.6,13,3,4023.4,47,2,4023.1,21,2,4023.0,28,4,4024.3,70,1,4024.7,15,1,4024.8,175,1,4025.0,5,1,4025.2,2,1
11483,2026-07-02 11:55:08+05:30,4023.8,1,4042.39,1011670,143929.0,159083.0,4100.0,4110.0,4012.0,4092.6,24285100,4501.8,3683.4,4440.0,3288.1,4023.8,1,1,4023.6,13,3,4023.4,47,2,4023.1,21,2,4023.0,28,4,4024.3,70,1,4024.7,15,1,4024.8,175,1,4025.0,5,1,4025.2,2,1
11483,2026-07-02 11:55:08+05:30,4023.8,1,4042.39,1011671,143674.0,159221.0,4100.0,4110.0,4012.0,4092.6,24285100,4501.8,3683.4,4440.0,3288.1,4023.6,13,3,4023.4,57,3,4023.3,11,1,4023.2,14,2,4023.1,21,2,4023.8,1,1,4024.3,70,1,4024.7,15,1,4024.8,175,1,4024.9,2,1
11483,2026-07-02 11:55:09+05:30,4024.3,1,4042.39,1011671,143674.0,159221.0,4100.0,4110.0,4012.0,4092.6,24285100,4501.8,3683.4,4440.0,3288.1,4023.6,13,3,4023.4,57,3,4023.3,11,1,4023.2,14,2,4023.1,21,2,4023.8,1,1,4024.3,70,1,4024.7,15,1,4024.8,175,1,4024.9,2,1
11483,2026-07-02 11:55:09+05:30,4024.3,1,4042.39,1011673,144240.0,159132.0,4100.0,4110.0,4012.0,4092.6,24285100,4501.8,3683.4,4440.0,3288.1,4024.1,10,1,4023.6,13,3,4023.4,62,3,4023.3,11,1,4023.1,38,3,4024.3,69,1,4024.7,15,1,4024.8,175,1,4025.0,5,1,4025.2,2,1
11483,2026-07-02 11:55:10+05:30,4024.3,1,4042.39,1011673,144262.0,159132.0,4100.0,4110.0,4012.0,4092.6,24285100,4501.8,3683.4,4440.0,3288.1,4024.1,10,1,4023.6,13,3,4023.4,62,3,4023.3,11,1,4023.1,38,3,4024.3,69,1,4024.7,15,1,4024.8,175,1,4025.0,5,1,4025.2,2,1
11483,2026-07-02 11:55:11+05:30,4024.1,1,4042.39,1011673,144262.0,159132.0,4100.0,4110.0,4012.0,4092.6,24285100,4501.8,3683.4,4440.0,3288.1,4024.1,10,1,4023.6,13,3,4023.4,62,3,4023.3,11,1,4023.1,38,3,4024.3,69,1,4024.7,15,1,4024.8,175,1,4025.0,5,1,4025.2,2,1
11483,2026-07-02 11:55:11+05:30,4024.1,1,4042.39,1011682,144271.0,159132.0,4100.0,4110.0,4012.0,4092.6,24285100,4501.8,3683.4,4440.0,3288.1,4024.1,9,1,4023.6,11,1,4023.4,62,3,4023.3,11,1,4023.1,50,4,4024.3,61,1,4024.7,15,1,4024.8,175,1,4024.9,2,1,4025.0,5,1
11483,2026-07-02 11:55:12+05:30,4024.1,2,4042.39,1011682,144271.0,159132.0,4100.0,4110.0,4012.0,4092.6,24285100,4501.8,3683.4,4440.0,3288.1,4024.1,9,1,4023.6,11,1,4023.4,62,3,4023.3,11,1,4023.1,50,4,4024.3,61,1,4024.7,15,1,4024.8,175,1,4024.9,2,1,4025.0,5,1
11483,2026-07-02 11:55:12+05:30,4024.1,2,4042.39,1011684,144266.0,159223.0,4100.0,4110.0,4012.0,4092.6,24285100,4501.8,3683.4,4440.0,3288.1,4024.2,1,1,4024.1,7,1,4023.6,11,1,4023.4,62,3,4023.3,11,1,4024.3,62,2,4024.7,15,1,4024.8,175,1,4024.9,2,1,4025.0,5,1
11483,2026-07-02 11:55:13+05:30,4024.3,10,4042.39,1011684,144266.0,159223.0,4100.0,4110.0,4012.0,4092.6,24285100,4501.8,3683.4,4440.0,3288.1,4024.2,1,1,4024.1,7,1,4023.6,11,1,4023.4,62,3,4023.3,11,1,4024.3,62,2,4024.7,15,1,4024.8,175,1,4024.9,2,1,4025.0,5,1
11483,2026-07-02 11:55:13+05:30,4024.3,10,4042.39,1011694,144273.0,158927.0,4100.0,4110.0,4012.0,4092.6,24285100,4501.8,3683.4,4440.0,3288.1,4024.2,1,1,4024.1,7,1,4024.0,4,1,4023.6,11,1,4023.4,62,3,4024.3,52,2,4024.4,175,1,4024.7,15,1,4024.9,2,1,4025.0,5,1
11483,2026-07-02 11:55:14+05:30,4024.1,1,4042.39,1011694,144273.0,158927.0,4100.0,4110.0,4012.0,4092.6,24285100,4501.8,3683.4,4440.0,3288.1,4024.2,1,1,4024.1,7,1,4024.0,4,1,4023.6,11,1,4023.4,62,3,4024.3,52,2,4024.4,175,1,4024.7,15,1,4024.9,2,1,4025.0,5,1
11483,2026-07-02 11:55:14+05:30,4024.1,1,4042.39,1011700,144267.0,159182.0,4100.0,4110.0,4012.0,4092.6,24285100,4501.8,3683.4,4440.0,3288.1,4024.1,5,1,4024.0,4,1,4023.6,11,1,4023.4,62,3,4023.3,11,1,4024.3,51,1,4024.4,175,1,4024.7,15,1,4024.9,2,1,4025.0,5,1
11483,2026-07-02 11:55:15+05:30,4023.4,6,4042.39,1011700,144267.0,159182.0,4100.0,4110.0,4012.0,4092.6,24285100,4501.8,3683.4,4440.0,3288.1,4024.1,5,1,4024.0,4,1,4023.6,11,1,4023.4,62,3,4023.3,11,1,4024.3,51,1,4024.4,175,1,4024.7,15,1,4024.9,2,1,4025.0,5,1
11483,2026-07-02 11:55:15+05:30,4024.3,3,4042.39,1011729,143797.0,159185.0,4100.0,4110.0,4012.0,4092.6,24285100,4501.8,3683.4,4440.0,3288.1,4023.4,67,4,4023.1,38,3,4023.0,15,2,4022.9,19,1,4022.8,133,6,4024.3,48,1,4024.4,175,1,4024.7,17,2,4024.8,3,1,4024.9,2,1
11483,2026-07-02 11:55:16+05:30,4024.3,1,4042.39,1011729,143797.0,159185.0,4100.0,4110.0,4012.0,4092.6,24285100,4501.8,3683.4,4440.0,3288.1,4023.4,67,4,4023.1,38,3,4023.0,15,2,4022.9,19,1,4022.8,133,6,4024.3,48,1,4024.4,175,1,4024.7,17,2,4024.8,3,1,4024.9,2,1
11483,2026-07-02 11:55:16+05:30,4024.3,1,4042.39,1011738,143763.0,159186.0,4100.0,4110.0,4012.0,4092.6,24285100,4501.8,3683.4,4440.0,3288.1,4024.1,5,1,4023.4,64,4,4023.1,38,3,4023.0,15,2,4022.9,19,1,4024.3,42,1,4024.4,175,1,4024.7,17,2,4024.9,2,1,4025.0,5,1
11483,2026-07-02 11:55:17+05:30,4023.4,25,4042.39,1011738,143763.0,159186.0,4100.0,4110.0,4012.0,4092.6,24285100,4501.8,3683.4,4440.0,3288.1,4024.1,5,1,4023.4,64,4,4023.1,38,3,4023.0,15,2,4022.9,19,1,4024.3,42,1,4024.4,175,1,4024.7,17,2,4024.9,2,1,4025.0,5,1
11483,2026-07-02 11:55:17+05:30,4023.4,25,4042.39,1011781,143580.0,159235.0,4100.0,4110.0,4012.0,4092.6,24285100,4501.8,3683.4,4440.0,3288.1,4023.4,26,2,4023.1,38,3,4023.0,15,2,4022.9,16,1,4022.8,42,3,4024.4,175,1,4024.5,19,1,4024.6,10,1,4024.7,24,3,4024.9,2,1
11483,2026-07-02 11:55:18+05:30,4023.4,5,4042.39,1011781,143580.0,159235.0,4100.0,4110.0,4012.0,4092.6,24285100,4501.8,3683.4,4440.0,3288.1,4023.4,26,2,4023.1,38,3,4023.0,15,2,4022.9,16,1,4022.8,42,3,4024.4,175,1,4024.5,19,1,4024.6,10,1,4024.7,24,3,4024.9,2,1
11483,2026-07-02 11:55:18+05:30,4023.4,5,4042.39,1011786,143556.0,159299.0,4100.0,4110.0,4012.0,4092.6,24285100,4501.8,3683.4,4440.0,3288.1,4023.4,21,2,4023.1,35,2,4023.0,15,2,4022.8,42,3,4022.7,71,3,4024.4,175,1,4024.5,19,1,4024.6,10,1,4024.7,35,4,4024.9,2,1
11483,2026-07-02 11:55:19+05:30,4023.4,1,4042.39,1011786,143556.0,159299.0,4100.0,4110.0,4012.0,4092.6,24285100,4501.8,3683.4,4440.0,3288.1,4023.4,21,2,4023.1,35,2,4023.0,15,2,4022.8,42,3,4022.7,71,3,4024.4,175,1,4024.5,19,1,4024.6,10,1,4024.7,35,4,4024.9,2,1
11483,2026-07-02 11:55:19+05:30,4024.4,1,4042.39,1011788,143645.0,159116.0,4100.0,4110.0,4012.0,4092.6,24285100,4501.8,3683.4,4440.0,3288.1,4023.5,1,1,4023.4,20,2,4023.1,35,2,4023.0,20,3,4022.8,42,3,4024.7,24,3,4024.9,2,1,4025.0,46,3,4025.1,7,1,4025.2,5,1
11483,2026-07-02 11:55:20+05:30,4024.3,20,4042.39,1011788,143645.0,159116.0,4100.0,4110.0,4012.0,4092.6,24285100,4501.8,3683.4,4440.0,3288.1,4023.5,1,1,4023.4,20,2,4023.1,35,2,4023.0,20,3,4022.8,42,3,4024.7,24,3,4024.9,2,1,4025.0,46,3,4025.1,7,1,4025.2,5,1
11483,2026-07-02 11:55:20+05:30,4024.0,29,4042.39,1011838,143584.0,159181.0,4100.0,4110.0,4012.0,4092.6,24285100,4501.8,3683.4,4440.0,3288.1,4023.4,20,2,4023.1,17,1,4023.0,8,2,4022.9,12,1,4022.8,24,2,4024.0,125,1,4024.4,175,1,4024.6,19,1,4024.7,24,3,4024.8,3,1
11483,2026-07-02 11:55:21+05:30,4023.4,6,4042.39,1011838,143584.0,159181.0,4100.0,4110.0,4012.0,4092.6,24285100,4501.8,3683.4,4440.0,3288.1,4023.4,20,2,4023.1,17,1,4023.0,8,2,4022.9,12,1,4022.8,24,2,4024.0,125,1,4024.4,175,1,4024.6,19,1,4024.7,24,3,4024.8,3,1
11483,2026-07-02 11:55:21+05:30,4023.4,6,4042.39,1011844,143855.0,159364.0,4100.0,4110.0,4012.0,4092.6,24285100,4501.8,3683.4,4440.0,3288.1,4023.7,100,1,4023.4,14,2,4023.1,17,1,4023.0,8,2,4022.9,12,1,4024.0,125,1,4024.6,309,2,4024.7,22,2,4024.8,180,3,4024.9,9,1
11483,2026-07-02 11:55:22+05:30,4023.7,1,4042.39,1011844,143855.0,159364.0,4100.0,4110.0,4012.0,4092.6,24285100,4501.8,3683.4,4440.0,3288.1,4023.7,100,1,4023.4,14,2,4023.1,17,1,4023.0,8,2,4022.9,12,1,4024.0,125,1,4024.6,309,2,4024.7,22,2,4024.8,180,3,4024.9,9,1
11483,2026-07-02 11:55:22+05:30,4023.7,1,4042.39,1011845,143859.0,159394.0,4100.0,4110.0,4012.0,4092.6,24285100,4501.8,3683.4,4440.0,3288.1,4023.8,1,1,4023.7,99,1,4023.4,14,2,4023.1,17,1,4023.0,26,3,4024.0,125,1,4024.6,309,2,4024.7,24,3,4024.8,178,2,4024.9,9,1
11483,2026-07-02 11:55:23+05:30,4024.0,5,4042.39,1011845,143859.0,159394.0,4100.0,4110.0,4012.0,4092.6,24285100,4501.8,3683.4,4440.0,3288.1,4023.8,1,1,4023.7,99,1,4023.4,14,2,4023.1,17,1,4023.0,26,3,4024.0,125,1,4024.6,309,2,4024.7,24,3,4024.8,178,2,4024.9,9,1
11483,2026-07-02 11:55:23+05:30,4024.0,5,4042.39,1011850,143869.0,159372.0,4100.0,4110.0,4012.0,4092.6,24285100,4501.8,3683.4,4440.0,3288.1,4023.8,1,1,4023.7,99,1,4023.4,24,3,4023.1,17,1,4023.0,26,3,4024.0,120,1,4024.6,290,1,4024.7,17,2,4024.8,178,2,4024.9,9,1
11483,2026-07-02 11:55:24+05:30,4024.0,1,4042.39,1011850,143869.0,159372.0,4100.0,4110.0,4012.0,4092.6,24285100,4501.8,3683.4,4440.0,3288.1,4023.8,1,1,4023.7,99,1,4023.4,24,3,4023.1,17,1,4023.0,26,3,4024.0,120,1,4024.6,290,1,4024.7,17,2,4024.8,178,2,4024.9,9,1
11483,2026-07-02 11:55:24+05:30,4024.0,1,4042.39,1011852,143887.0,159371.0,4100.0,4110.0,4012.0,4092.6,24285100,4501.8,3683.4,4440.0,3288.1,4023.8,1,1,4023.7,99,1,4023.4,24,3,4023.1,17,1,4023.0,26,3,4024.0,119,1,4024.6,290,1,4024.7,17,2,4024.8,178,2,4024.9,9,1
11483,2026-07-02 11:55:25+05:30,4024.0,1,4042.39,1011852,143763.0,159376.0,4100.0,4110.0,4012.0,4092.6,24285100,4501.8,3683.4,4440.0,3288.1,4023.8,1,1,4023.7,99,1,4023.4,24,3,4023.1,17,1,4023.0,61,4,4024.0,119,1,4024.3,175,1,4024.5,2,1,4024.6,290,1,4024.7,22,2
11483,2026-07-02 11:55:26+05:30,4024.0,7,4042.39,1011852,143763.0,159376.0,4100.0,4110.0,4012.0,4092.6,24285100,4501.8,3683.4,4440.0,3288.1,4023.8,1,1,4023.7,99,1,4023.4,24,3,4023.1,17,1,4023.0,61,4,4024.0,119,1,4024.3,175,1,4024.5,2,1,4024.6,290,1,4024.7,22,2
11483,2026-07-02 11:55:26+05:30,4024.0,7,4042.39,1011859,143826.0,159353.0,4100.0,4110.0,4012.0,4092.6,24285100,4501.8,3683.4,4440.0,3288.1,4023.8,1,1,4023.7,99,1,4023.4,24,3,4023.1,17,1,4023.0,61,4,4024.0,112,1,4024.3,182,2,4024.4,9,1,4024.5,2,1,4024.6,290,1
11483,2026-07-02 11:55:27+05:30,4023.8,1,4042.39,1011859,143826.0,159353.0,4100.0,4110.0,4012.0,4092.6,24285100,4501.8,3683.4,4440.0,3288.1,4023.8,1,1,4023.7,99,1,4023.4,24,3,4023.1,17,1,4023.0,61,4,4024.0,112,1,4024.3,182,2,4024.4,9,1,4024.5,2,1,4024.6,290,1
11483,2026-07-02 11:55:27+05:30,4023.8,1,4042.39,1011860,143718.0,159369.0,4100.0,4110.0,4012.0,4092.6,24285100,4501.8,3683.4,4440.0,3288.1,4023.7,99,1,4023.4,24,3,4023.1,17,1,4023.0,43,3,4022.9,12,1,4024.0,112,1,4024.3,182,2,4024.4,9,1,4024.5,2,1,4024.6,290,1
11483,2026-07-02 11:55:28+05:30,4023.8,1,4042.39,1011860,143788.0,159349.0,4100.0,4110.0,4012.0,4092.6,24285100,4501.8,3683.4,4440.0,3288.1,4023.7,99,1,4023.4,24,3,4023.1,17,1,4023.0,43,3,4022.8,24,2,4024.0,112,1,4024.3,182,2,4024.4,26,2,4024.5,2,1,4024.6,290,1
11483,2026-07-02 11:55:29+05:30,4023.7,5,4042.39,1011860,143788.0,159349.0,4100.0,4110.0,4012.0,4092.6,24285100,4501.8,3683.4,4440.0,3288.1,4023.7,99,1,4023.4,24,3,4023.1,17,1,4023.0,43,3,4022.8,24,2,4024.0,112,1,4024.3,182,2,4024.4,26,2,4024.5,2,1,4024.6,290,1
11483,2026-07-02 11:55:29+05:30,4023.7,5,4042.39,1011872,143735.0,159348.0,4100.0,4110.0,4012.0,4092.6,24285100,4501.8,3683.4,4440.0,3288.1,4023.7,94,1,4023.4,24,3,4023.1,17,1,4023.0,43,3,4022.8,24,2,4024.0,105,1,4024.3,182,2,4024.4,26,2,4024.5,2,1,4024.6,290,1
11483,2026-07-02 11:55:30+05:30,4023.7,1,4042.39,1011872,143735.0,159348.0,4100.0,4110.0,4012.0,4092.6,24285100,4501.8,3683.4,4440.0,3288.1,4023.7,94,1,4023.4,24,3,4023.1,17,1,4023.0,43,3,4022.8,24,2,4024.0,105,1,4024.3,182,2,4024.4,26,2,4024.5,2,1,4024.6,290,1
11483,2026-07-02 11:55:30+05:30,4023.7,1,4042.39,1011873,143811.0,159353.0,4100.0,4110.0,4012.0,4092.6,24285100,4501.8,3683.4,4440.0,3288.1,4023.7,93,1,4023.4,24,3,4023.1,17,1,4023.0,43,3,4022.8,24,2,4024.0,106,2,4024.3,182,2,4024.4,26,2,4024.5,2,1,4024.6,290,1
11483,2026-07-02 11:55:31+05:30,4024.0,4,4042.39,1011873,143811.0,159353.0,4100.0,4110.0,4012.0,4092.6,24285100,4501.8,3683.4,4440.0,3288.1,4023.7,93,1,4023.4,24,3,4023.1,17,1,4023.0,43,3,4022.8,24,2,4024.0,106,2,4024.3,182,2,4024.4,26,2,4024.5,2,1,4024.6,290,1
11483,2026-07-02 11:55:31+05:30,4024.0,4,4042.39,1011880,143828.0,159350.0,4100.0,4110.0,4012.0,4092.6,24285100,4501.8,3683.4,4440.0,3288.1,4023.7,93,1,4023.4,24,3,4023.1,17,1,4023.0,43,3,4022.8,24,2,4024.0,99,2,4024.3,182,2,4024.4,26,2,4024.5,2,1,4024.6,290,1
11483,2026-07-02 11:55:32+05:30,4024.3,81,4042.39,1011880,143828.0,159350.0,4100.0,4110.0,4012.0,4092.6,24285100,4501.8,3683.4,4440.0,3288.1,4023.7,93,1,4023.4,24,3,4023.1,17,1,4023.0,43,3,4022.8,24,2,4024.0,99,2,4024.3,182,2,4024.4,26,2,4024.5,2,1,4024.6,290,1
11483,2026-07-02 11:55:32+05:30,4024.3,81,4042.38,1012061,144311.0,159075.0,4100.0,4110.0,4012.0,4092.6,24285100,4501.8,3683.4,4440.0,3288.1,4023.9,81,1,4023.8,1,1,4023.7,92,1,4023.4,24,3,4023.1,27,2,4024.4,17,1,4024.6,290,1,4024.7,15,1,4024.9,9,1,4025.0,15,2
11483,2026-07-02 11:55:33+05:30,4023.9,22,4042.38,1012061,144311.0,159075.0,4100.0,4110.0,4012.0,4092.6,24285100,4501.8,3683.4,4440.0,3288.1,4023.9,81,1,4023.8,1,1,4023.7,92,1,4023.4,24,3,4023.1,27,2,4024.4,17,1,4024.6,290,1,4024.7,15,1,4024.9,9,1,4025.0,15,2
11483,2026-07-02 11:55:33+05:30,4023.9,22,4042.38,1012083,144276.0,159105.0,4100.0,4110.0,4012.0,4092.6,24285100,4501.8,3683.4,4440.0,3288.1,4023.9,59,1,4023.8,1,1,4023.7,92,1,4023.4,24,3,4023.1,27,2,4024.4,17,1,4024.6,290,1,4024.7,15,1,4025.0,17,3,4025.1,8,2
11483,2026-07-02 11:55:34+05:30,4024.4,1,4042.38,1012083,144276.0,159105.0,4100.0,4110.0,4012.0,4092.6,24285100,4501.8,3683.4,4440.0,3288.1,4023.9,59,1,4023.8,1,1,4023.7,92,1,4023.4,24,3,4023.1,27,2,4024.4,17,1,4024.6,290,1,4024.7,15,1,4025.0,17,3,4025.1,8,2
11483,2026-07-02 11:55:34+05:30,4024.1,1,4042.38,1012145,143877.0,159400.0,4100.0,4110.0,4012.0,4092.6,24285100,4501.8,3683.4,4440.0,3288.1,4024.0,2,1,4023.8,1,1,4023.7,92,1,4023.4,24,3,4023.1,27,2,4024.1,293,2,4024.4,15,1,4024.5,50,1,4024.6,290,1,4024.7,32,3
11483,2026-07-02 11:55:35+05:30,4024.0,7,4042.38,1012145,143877.0,159400.0,4100.0,4110.0,4012.0,4092.6,24285100,4501.8,3683.4,4440.0,3288.1,4024.0,2,1,4023.8,1,1,4023.7,92,1,4023.4,24,3,4023.1,27,2,4024.1,293,2,4024.4,15,1,4024.5,50,1,4024.6,290,1,4024.7,32,3
11483,2026-07-02 11:55:35+05:30,4024.1,1,4042.38,1012153,144008.0,159438.0,4100.0,4110.0,4012.0,4092.6,24285100,4501.8,3683.4,4440.0,3288.1,4024.0,2,1,4023.8,1,1,4023.7,92,1,4023.4,24,3,4023.1,27,2,4024.1,292,2,4024.4,15,1,4024.5,50,1,4024.6,292,2,4024.7,32,3
11483,2026-07-02 11:55:36+05:30,4024.0,1,4042.38,1012153,144008.0,159438.0,4100.0,4110.0,4012.0,4092.6,24285100,4501.8,3683.4,4440.0,3288.1,4024.0,2,1,4023.8,1,1,4023.7,92,1,4023.4,24,3,4023.1,27,2,4024.1,292,2,4024.4,15,1,4024.5,50,1,4024.6,292,2,4024.7,32,3
11483,2026-07-02 11:55:36+05:30,4024.0,1,4042.38,1012154,144016.0,159439.0,4100.0,4110.0,4012.0,4092.6,24285100,4501.8,3683.4,4440.0,3288.1,4024.0,1,1,4023.8,11,2,4023.7,92,1,4023.4,24,3,4023.1,27,2,4024.1,292,2,4024.4,15,1,4024.5,50,1,4024.6,292,2,4024.7,32,3
11483,2026-07-02 11:55:37+05:30,4024.1,3,4042.38,1012154,144016.0,159439.0,4100.0,4110.0,4012.0,4092.6,24285100,4501.8,3683.4,4440.0,3288.1,4024.0,1,1,4023.8,11,2,4023.7,92,1,4023.4,24,3,4023.1,27,2,4024.1,292,2,4024.4,15,1,4024.5,50,1,4024.6,292,2,4024.7,32,3
11483,2026-07-02 11:55:37+05:30,4024.1,10,4042.38,1012167,144114.0,159425.0,4100.0,4110.0,4012.0,4092.6,24285100,4501.8,3683.4,4440.0,3288.1,4023.8,10,1,4023.7,92,1,4023.4,24,3,4023.1,27,2,4023.0,87,6,4024.1,279,2,4024.4,15,1,4024.5,50,1,4024.6,290,1,4024.7,15,1
11483,2026-07-02 11:55:38+05:30,4023.8,8,4042.38,1012167,144114.0,159425.0,4100.0,4110.0,4012.0,4092.6,24285100,4501.8,3683.4,4440.0,3288.1,4023.8,10,1,4023.7,92,1,4023.4,24,3,4023.1,27,2,4023.0,87,6,4024.1,279,2,4024.4,15,1,4024.5,50,1,4024.6,290,1,4024.7,15,1
11483,2026-07-02 11:55:38+05:30,4023.8,8,4042.38,1012177,143641.0,159348.0,4100.0,4110.0,4012.0,4092.6,24285100,4501.8,3683.4,4440.0,3288.1,4023.8,8,1,4023.7,92,1,4023.4,24,3,4023.1,27,2,4023.0,78,5,4024.1,104,1,4024.4,15,1,4024.5,52,2,4024.6,290,1,4024.7,21,2
11483,2026-07-02 11:55:39+05:30,4023.8,2,4042.38,1012177,143641.0,159348.0,4100.0,4110.0,4012.0,4092.6,24285100,4501.8,3683.4,4440.0,3288.1,4023.8,8,1,4023.7,92,1,4023.4,24,3,4023.1,27,2,4023.0,78,5,4024.1,104,1,4024.4,15,1,4024.5,52,2,4024.6,290,1,4024.7,21,2
11483,2026-07-02 11:55:39+05:30,4023.7,18,4042.37,1012570,142476.0,158766.0,4100.0,4110.0,4012.0,4092.6,24285100,4501.8,3683.4,4440.0,3288.1,4023.7,64,1,4023.4,13,2,4023.1,10,1,4023.0,78,5,4022.7,20,1,4023.8,350,3,4024.0,30,3,4024.1,125,3,4024.2,9,2,4024.3,9,1
11483,2026-07-02 11:55:40+05:30,4023.7,1,4042.37,1012570,142476.0,158766.0,4100.0,4110.0,4012.0,4092.6,24285100,4501.8,3683.4,4440.0,3288.1,4023.7,64,1,4023.4,13,2,4023.1,10,1,4023.0,78,5,4022.7,20,1,4023.8,350,3,4024.0,30,3,4024.1,125,3,4024.2,9,2,4024.3,9,1
11483,2026-07-02 11:55:40+05:30,4023.8,3,4042.37,1012626,143130.0,159858.0,4100.0,4110.0,4012.0,4092.6,24285100,4501.8,3683.4,4440.0,3288.1,4023.7,14,1,4023.4,13,2,4023.1,10,1,4023.0,81,6,4022.7,20,1,4023.8,337,2,4024.0,37,4,4024.1,130,4,4024.2,6,1,4024.3,9,1
11483,2026-07-02 11:55:41+05:30,4023.8,4,4042.37,1012626,143130.0,159858.0,4100.0,4110.0,4012.0,4092.6,24285100,4501.8,3683.4,4440.0,3288.1,4023.7,14,1,4023.4,13,2,4023.1,10,1,4023.0,81,6,4022.7,20,1,4023.8,337,2,4024.0,37,4,4024.1,130,4,4024.2,6,1,4024.3,9,1
11483,2026-07-02 11:55:41+05:30,4023.8,4,4042.37,1012637,143137.0,160081.0,4100.0,4110.0,4012.0,4092.6,24285100,4501.8,3683.4,4440.0,3288.1,4023.7,7,1,4023.4,13,2,4023.1,10,1,4023.0,81,6,4022.7,20,1,4023.8,333,2,4024.0,37,4,4024.1,130,4,4024.2,6,1,4024.3,9,1
11483,2026-07-02 11:55:42+05:30,4023.7,1,4042.37,1012637,143137.0,160081.0,4100.0,4110.0,4012.0,4092.6,24285100,4501.8,3683.4,4440.0,3288.1,4023.7,7,1,4023.4,13,2,4023.1,10,1,4023.0,81,6,4022.7,20,1,4023.8,333,2,4024.0,37,4,4024.1,130,4,4024.2,6,1,4024.3,9,1
11483,2026-07-02 11:55:42+05:30,4023.7,1,4042.37,1012638,143163.0,160083.0,4100.0,4110.0,4012.0,4092.6,24285100,4501.8,3683.4,4440.0,3288.1,4023.7,7,2,4023.5,11,1,4023.4,13,2,4023.0,81,6,4022.7,20,1,4023.8,333,2,4024.0,37,4,4024.1,130,4,4024.2,6,1,4024.3,9,1
11483,2026-07-02 11:55:43+05:30,4023.0,22,4042.37,1012796,142923.0,160107.0,4100.0,4110.0,4012.0,4092.6,24285100,4501.8,3683.4,4440.0,3288.1,4023.0,51,4,4022.7,20,1,4022.5,34,4,4022.4,20,1,4022.3,18,1,4023.8,19,1,4023.9,182,2,4024.0,26,2,4024.1,136,5,4024.2,7,1
11483,2026-07-02 11:55:44+05:30,4023.0,4,4042.37,1012796,142923.0,160107.0,4100.0,4110.0,4012.0,4092.6,24285100,4501.8,3683.4,4440.0,3288.1,4023.0,51,4,4022.7,20,1,4022.5,34,4,4022.4,20,1,4022.3,18,1,4023.8,19,1,4023.9,182,2,4024.0,26,2,4024.1,136,5,4024.2,7,1
11483,2026-07-02 11:55:44+05:30,4023.0,4,4042.37,1012819,142913.0,160524.0,4100.0,4110.0,4012.0,4092.6,24285100,4501.8,3683.4,4440.0,3288.1,4023.0,28,2,4022.7,20,1,4022.5,34,4,4022.4,20,1,4022.2,96,3,4023.8,19,1,4023.9,182,2,4024.0,28,3,4024.1,130,4,4024.2,7,1
11483,2026-07-02 11:55:45+05:30,4023.0,4,4042.37,1012819,142913.0,160524.0,4100.0,4110.0,4012.0,4092.6,24285100,4501.8,3683.4,4440.0,3288.1,4023.0,28,2,4022.7,20,1,4022.5,34,4,4022.4,20,1,4022.2,96,3,4023.8,19,1,4023.9,182,2,4024.0,28,3,4024.1,130,4,4024.2,7,1
11483,2026-07-02 11:55:45+05:30,4023.0,3,4042.37,1012819,142913.0,160524.0,4100.0,4110.0,4012.0,4092.6,24285100,4501.8,3683.4,4440.0,3288.1,4023.0,28,2,4022.7,20,1,4022.5,34,4,4022.4,20,1,4022.2,96,3,4023.8,19,1,4023.9,182,2,4024.0,28,3,4024.1,130,4,4024.2,7,1
11483,2026-07-02 11:55:45+05:30,4023.0,3,4042.37,1012822,142794.0,160507.0,4100.0,4110.0,4012.0,4092.6,24285100,4501.8,3683.4,4440.0,3288.1,4023.0,25,2,4022.7,20,1,4022.5,34,4,4022.4,20,1,4022.2,96,3,4023.9,182,2,4024.0,26,2,4024.1,132,5,4024.2,7,1,4024.3,9,1
11483,2026-07-02 11:55:45+05:30,4023.0,3,4042.37,1012822,142794.0,160507.0,4100.0,4110.0,4012.0,4092.6,24285100,4501.8,3683.4,4440.0,3288.1,4023.0,25,2,4022.7,20,1,4022.5,34,4,4022.4,20,1,4022.2,96,3,4023.9,182,2,4024.0,26,2,4024.1,132,5,4024.2,7,1,4024.3,9,1
11483,2026-07-02 11:55:46+05:30,4023.9,7,4042.37,1012822,142794.0,160507.0,4100.0,4110.0,4012.0,4092.6,24285100,4501.8,3683.4,4440.0,3288.1,4023.0,25,2,4022.7,20,1,4022.5,34,4,4022.4,20,1,4022.2,96,3,4023.9,182,2,4024.0,26,2,4024.1,132,5,4024.2,7,1,4024.3,9,1
11483,2026-07-02 11:55:46+05:30,4023.9,7,4042.37,1012822,142794.0,160507.0,4100.0,4110.0,4012.0,4092.6,24285100,4501.8,3683.4,4440.0,3288.1,4023.0,25,2,4022.7,20,1,4022.5,34,4,4022.4,20,1,4022.2,96,3,4023.9,182,2,4024.0,26,2,4024.1,132,5,4024.2,7,1,4024.3,9,1
11483,2026-07-02 11:55:46+05:30,4023.9,7,4042.37,1012830,142951.0,159750.0,4100.0,4110.0,4012.0,4092.6,24285100,4501.8,3683.4,4440.0,3288.1,4023.6,7,1,4023.5,2,2,4023.0,24,2,4022.7,20,1,4022.6,2,1,4024.0,26,2,4024.1,125,3,4024.2,7,1,4024.3,11,2,4024.4,15,1
11483,2026-07-02 11:55:46+05:30,4023.9,7,4042.37,1012830,142951.0,159750.0,4100.0,4110.0,4012.0,4092.6,24285100,4501.8,3683.4,4440.0,3288.1,4023.6,7,1,4023.5,2,2,4023.0,24,2,4022.7,20,1,4022.6,2,1,4024.0,26,2,4024.1,125,3,4024.2,7,1,4024.3,11,2,4024.4,15,1
11483,2026-07-02 11:55:47+05:30,4023.9,7,4042.37,1012830,142951.0,159750.0,4100.0,4110.0,4012.0,4092.6,24285100,4501.8,3683.4,4440.0,3288.1,4023.6,7,1,4023.5,2,2,4023.0,24,2,4022.7,20,1,4022.6,2,1,4024.0,26,2,4024.1,125,3,4024.2,7,1,4024.3,11,2,4024.4,15,1
11483,2026-07-02 11:55:47+05:30,4023.9,7,4042.37,1012830,142959.0,159753.0,4100.0,4110.0,4012.0,4092.6,24285100,4501.8,3683.4,4440.0,3288.1,4023.6,7,1,4023.5,2,2,4023.0,24,2,4022.7,20,1,4022.6,2,1,4024.0,26,2,4024.1,125,3,4024.2,7,1,4024.3,11,2,4024.4,15,1
11483,2026-07-02 11:55:47+05:30,4023.9,7,4042.37,1012830,142959.0,159753.0,4100.0,4110.0,4012.0,4092.6,24285100,4501.8,3683.4,4440.0,3288.1,4023.6,7,1,4023.5,2,2,4023.0,24,2,4022.7,20,1,4022.6,2,1,4024.0,26,2,4024.1,125,3,4024.2,7,1,4024.3,11,2,4024.4,15,1
11483,2026-07-02 11:55:48+05:30,4023.9,7,4042.37,1012830,142959.0,159753.0,4100.0,4110.0,4012.0,4092.6,24285100,4501.8,3683.4,4440.0,3288.1,4023.6,7,1,4023.5,2,2,4023.0,24,2,4022.7,20,1,4022.6,2,1,4024.0,26,2,4024.1,125,3,4024.2,7,1,4024.3,11,2,4024.4,15,1
11483,2026-07-02 11:55:48+05:30,4024.0,6,4042.37,1012830,142959.0,159753.0,4100.0,4110.0,4012.0,4092.6,24285100,4501.8,3683.4,4440.0,3288.1,4023.6,7,1,4023.5,2,2,4023.0,24,2,4022.7,20,1,4022.6,2,1,4024.0,26,2,4024.1,125,3,4024.2,7,1,4024.3,11,2,4024.4,15,1
11483,2026-07-02 11:55:48+05:30,4024.0,6,4042.37,1012830,142959.0,159753.0,4100.0,4110.0,4012.0,4092.6,24285100,4501.8,3683.4,4440.0,3288.1,4023.6,7,1,4023.5,2,2,4023.0,24,2,4022.7,20,1,4022.6,2,1,4024.0,26,2,4024.1,125,3,4024.2,7,1,4024.3,11,2,4024.4,15,1
11483,2026-07-02 11:55:48+05:30,4024.0,6,4042.37,1012850,143044.0,159732.0,4100.0,4110.0,4012.0,4092.6,24285100,4501.8,3683.4,4440.0,3288.1,4023.6,7,1,4023.5,2,2,4023.0,24,2,4022.7,20,1,4022.6,2,1,4024.0,6,1,4024.1,125,3,4024.2,7,1,4024.3,11,2,4024.4,15,1
11483,2026-07-02 11:55:48+05:30,4024.0,6,4042.37,1012850,143044.0,159732.0,4100.0,4110.0,4012.0,4092.6,24285100,4501.8,3683.4,4440.0,3288.1,4023.6,7,1,4023.5,2,2,4023.0,24,2,4022.7,20,1,4022.6,2,1,4024.0,6,1,4024.1,125,3,4024.2,7,1,4024.3,11,2,4024.4,15,1
11483,2026-07-02 11:55:48+05:30,4024.0,6,4042.37,1012850,143044.0,159732.0,4100.0,4110.0,4012.0,4092.6,24290875,4501.8,3683.4,4440.0,3288.1,4023.6,7,1,4023.5,2,2,4023.0,24,2,4022.7,20,1,4022.6,2,1,4024.0,6,1,4024.1,125,3,4024.2,7,1,4024.3,11,2,4024.4,15,1
11483,2026-07-02 11:55:49+05:30,4023.6,3,4042.37,1012850,143044.0,159732.0,4100.0,4110.0,4012.0,4092.6,24290875,4501.8,3683.4,4440.0,3288.1,4023.6,7,1,4023.5,2,2,4023.0,24,2,4022.7,20,1,4022.6,2,1,4024.0,6,1,4024.1,125,3,4024.2,7,1,4024.3,11,2,4024.4,15,1
11483,2026-07-02 11:55:49+05:30,4023.6,3,4042.37,1012850,143044.0,159732.0,4100.0,4110.0,4012.0,4092.6,24290875,4501.8,3683.4,4440.0,3288.1,4023.6,7,1,4023.5,2,2,4023.0,24,2,4022.7,20,1,4022.6,2,1,4024.0,6,1,4024.1,125,3,4024.2,7,1,4024.3,11,2,4024.4,15,1
11483,2026-07-02 11:55:49+05:30,4022.8,29,4042.37,1012950,144183.0,159604.0,4100.0,4110.0,4012.0,4092.6,24290875,4501.8,3683.4,4440.0,3288.1,4023.1,57,4,4023.0,57,2,4022.9,48,2,4022.8,31,3,4022.7,34,2,4024.4,15,1,4024.5,50,1,4024.6,290,1,4024.7,15,1,4024.8,7,1
11483,2026-07-02 11:55:49+05:30,4022.8,29,4042.37,1012950,144183.0,159604.0,4100.0,4110.0,4012.0,4092.6,24290875,4501.8,3683.4,4440.0,3288.1,4023.1,57,4,4023.0,57,2,4022.9,48,2,4022.8,31,3,4022.7,34,2,4024.4,15,1,4024.5,50,1,4024.6,290,1,4024.7,15,1,4024.8,7,1
11483,2026-07-02 11:55:50+05:30,4022.8,29,4042.37,1012950,144183.0,159604.0,4100.0,4110.0,4012.0,4092.6,24290875,4501.8,3683.4,4440.0,3288.1,4023.1,57,4,4023.0,57,2,4022.9,48,2,4022.8,31,3,4022.7,34,2,4024.4,15,1,4024.5,50,1,4024.6,290,1,4024.7,15,1,4024.8,7,1
11483,2026-07-02 11:55:50+05:30,4023.1,8,4042.37,1012950,144183.0,159604.0,4100.0,4110.0,4012.0,4092.6,24290875,4501.8,3683.4,4440.0,3288.1,4023.1,57,4,4023.0,57,2,4022.9,48,2,4022.8,31,3,4022.7,34,2,4024.4,15,1,4024.5,50,1,4024.6,290,1,4024.7,15,1,4024.8,7,1
11483,2026-07-02 11:55:50+05:30,4023.1,8,4042.37,1012950,144183.0,159604.0,4100.0,4110.0,4012.0,4092.6,24290875,4501.8,3683.4,4440.0,3288.1,4023.1,57,4,4023.0,57,2,4022.9,48,2,4022.8,31,3,4022.7,34,2,4024.4,15,1,4024.5,50,1,4024.6,290,1,4024.7,15,1,4024.8,7,1
11483,2026-07-02 11:55:50+05:30,4023.1,8,4042.37,1012962,144283.0,159504.0,4100.0,4110.0,4012.0,4092.6,24290875,4501.8,3683.4,4440.0,3288.1,4024.0,100,1,4023.7,50,1,4023.2,23,1,4023.1,53,5,4023.0,40,3,4024.4,15,1,4024.5,50,1,4024.6,290,1,4024.7,15,1,4025.0,27,3
11483,2026-07-02 11:55:50+05:30,4023.1,8,4042.37,1012962,144283.0,159504.0,4100.0,4110.0,4012.0,4092.6,24290875,4501.8,3683.4,4440.0,3288.1,4024.0,100,1,4023.7,50,1,4023.2,23,1,4023.1,53,5,4023.0,40,3,4024.4,15,1,4024.5,50,1,4024.6,290,1,4024.7,15,1,4025.0,27,3
11483,2026-07-02 11:55:51+05:30,4024.0,1,4042.37,1012962,144283.0,159504.0,4100.0,4110.0,4012.0,4092.6,24290875,4501.8,3683.4,4440.0,3288.1,4024.0,100,1,4023.7,50,1,4023.2,23,1,4023.1,53,5,4023.0,40,3,4024.4,15,1,4024.5,50,1,4024.6,290,1,4024.7,15,1,4025.0,27,3
11483,2026-07-02 11:55:51+05:30,4024.0,1,4042.37,1012963,144233.0,159510.0,4100.0,4110.0,4012.0,4092.6,24290875,4501.8,3683.4,4440.0,3288.1,4024.0,99,1,4023.7,50,1,4023.2,23,1,4023.1,53,5,4023.0,30,2,4024.4,15,1,4024.5,118,2,4024.6,290,1,4024.7,15,1,4025.0,20,2
11483,2026-07-02 11:55:52+05:30,4024.0,8,4042.37,1012963,144233.0,159510.0,4100.0,4110.0,4012.0,4092.6,24290875,4501.8,3683.4,4440.0,3288.1,4024.0,99,1,4023.7,50,1,4023.2,23,1,4023.1,53,5,4023.0,30,2,4024.4,15,1,4024.5,118,2,4024.6,290,1,4024.7,15,1,4025.0,20,2
11483,2026-07-02 11:55:52+05:30,4024.0,8,4042.37,1012972,144565.0,159505.0,4100.0,4110.0,4012.0,4092.6,24290875,4501.8,3683.4,4440.0,3288.1,4024.2,1,1,4024.0,91,1,4023.7,50,1,4023.2,23,1,4023.1,53,5,4024.4,14,1,4024.5,118,2,4024.6,290,1,4024.7,15,1,4025.0,20,2
11483,2026-07-02 11:55:53+05:30,4024.2,2,4042.37,1012972,144565.0,159505.0,4100.0,4110.0,4012.0,4092.6,24290875,4501.8,3683.4,4440.0,3288.1,4024.2,1,1,4024.0,91,1,4023.7,50,1,4023.2,23,1,4023.1,53,5,4024.4,14,1,4024.5,118,2,4024.6,290,1,4024.7,15,1,4025.0,20,2
11483,2026-07-02 11:55:53+05:30,4024.2,2,4042.37,1012974,144576.0,159513.0,4100.0,4110.0,4012.0,4092.6,24290875,4501.8,3683.4,4440.0,3288.1,4024.2,1,1,4024.0,101,2,4023.7,50,1,4023.2,23,1,4023.1,53,5,4024.4,14,1,4024.5,118,2,4024.6,290,1,4024.7,15,1,4025.0,20,2
11483,2026-07-02 11:55:54+05:30,4024.4,2,4042.37,1012974,144576.0,159513.0,4100.0,4110.0,4012.0,4092.6,24290875,4501.8,3683.4,4440.0,3288.1,4024.2,1,1,4024.0,101,2,4023.7,50,1,4023.2,23,1,4023.1,53,5,4024.4,14,1,4024.5,118,2,4024.6,290,1,4024.7,15,1,4025.0,20,2
11483,2026-07-02 11:55:54+05:30,4024.4,2,4042.36,1013100,144528.0,159495.0,4100.0,4110.0,4012.0,4092.6,24290875,4501.8,3683.4,4440.0,3288.1,4024.0,10,1,4023.7,50,1,4023.2,48,2,4023.1,53,5,4023.0,30,2,4024.4,11,1,4024.5,57,2,4024.6,305,2,4024.7,15,1,4025.0,27,3
11483,2026-07-02 11:55:55+05:30,4024.0,1,4042.36,1013100,144528.0,159495.0,4100.0,4110.0,4012.0,4092.6,24290875,4501.8,3683.4,4440.0,3288.1,4024.0,10,1,4023.7,50,1,4023.2,48,2,4023.1,53,5,4023.0,30,2,4024.4,11,1,4024.5,57,2,4024.6,305,2,4024.7,15,1,4025.0,27,3
11483,2026-07-02 11:55:55+05:30,4024.0,1,4042.36,1013117,144516.0,159511.0,4100.0,4110.0,4012.0,4092.6,24290875,4501.8,3683.4,4440.0,3288.1,4024.0,8,1,4023.7,50,1,4023.2,48,2,4023.1,43,4,4023.0,30,2,4024.4,11,1,4024.5,57,2,4024.6,305,2,4024.7,15,1,4025.0,27,3
11483,2026-07-02 11:55:56+05:30,4024.0,2,4042.36,1013117,144516.0,159511.0,4100.0,4110.0,4012.0,4092.6,24290875,4501.8,3683.4,4440.0,3288.1,4024.0,8,1,4023.7,50,1,4023.2,48,2,4023.1,43,4,4023.0,30,2,4024.4,11,1,4024.5,57,2,4024.6,305,2,4024.7,15,1,4025.0,27,3
11483,2026-07-02 11:55:56+05:30,4024.0,2,4042.36,1013119,144532.0,159501.0,4100.0,4110.0,4012.0,4092.6,24290875,4501.8,3683.4,4440.0,3288.1,4024.0,6,1,4023.7,50,1,4023.2,48,2,4023.1,43,4,4023.0,30,2,4024.4,11,1,4024.5,57,2,4024.6,305,2,4024.7,15,1,4025.0,27,3
11483,2026-07-02 11:55:57+05:30,4024.0,1,4042.36,1013119,144532.0,159501.0,4100.0,4110.0,4012.0,4092.6,24290875,4501.8,3683.4,4440.0,3288.1,4024.0,6,1,4023.7,50,1,4023.2,48,2,4023.1,43,4,4023.0,30,2,4024.4,11,1,4024.5,57,2,4024.6,305,2,4024.7,15,1,4025.0,27,3
11483,2026-07-02 11:55:57+05:30,4025.3,3,4042.36,1013607,145141.0,158019.0,4100.0,4110.0,4012.0,4092.6,24290875,4501.8,3683.4,4440.0,3288.1,4024.2,100,5,4024.1,7,1,4024.0,69,5,4023.9,15,2,4023.8,30,3,4025.6,4,1,4025.8,228,3,4025.9,15,1,4026.0,67,3,4026.2,4,2
11483,2026-07-02 11:55:58+05:30,4024.2,12,4042.36,1013607,145141.0,158019.0,4100.0,4110.0,4012.0,4092.6,24290875,4501.8,3683.4,4440.0,3288.1,4024.2,100,5,4024.1,7,1,4024.0,69,5,4023.9,15,2,4023.8,30,3,4025.6,4,1,4025.8,228,3,4025.9,15,1,4026.0,67,3,4026.2,4,2
11483,2026-07-02 11:55:58+05:30,4024.2,12,4042.36,1013647,144682.0,158865.0,4100.0,4110.0,4012.0,4092.6,24290875,4501.8,3683.4,4440.0,3288.1,4024.0,28,5,4023.9,10,2,4023.8,13,2,4023.7,70,4,4023.6,10,2,4024.2,6,1,4024.9,81,1,4025.0,42,1,4025.1,42,1,4025.2,42,1
11483,2026-07-02 11:55:59+05:30,4024.0,3,4042.36,1013647,144682.0,158865.0,4100.0,4110.0,4012.0,4092.6,24290875,4501.8,3683.4,4440.0,3288.1,4024.0,28,5,4023.9,10,2,4023.8,13,2,4023.7,70,4,4023.6,10,2,4024.2,6,1,4024.9,81,1,4025.0,42,1,4025.1,42,1,4025.2,42,1
11483,2026-07-02 11:55:59+05:30,4024.2,1,4042.35,1013753,144744.0,158972.0,4100.0,4110.0,4012.0,4092.6,24290875,4501.8,3683.4,4440.0,3288.1,4024.0,32,3,4023.9,15,2,4023.8,9,1,4023.7,68,4,4023.6,10,2,4024.2,121,3,4024.3,42,1,4024.4,42,1,4024.6,42,1,4025.4,10,1
11483,2026-07-02 11:56:00+05:30,4024.2,1,4042.35,1013753,144744.0,158972.0,4100.0,4110.0,4012.0,4092.6,24290875,4501.8,3683.4,4440.0,3288.1,4024.0,32,3,4023.9,15,2,4023.8,9,1,4023.7,68,4,4023.6,10,2,4024.2,121,3,4024.3,42,1,4024.4,42,1,4024.6,42,1,4025.4,10,1
11483,2026-07-02 11:56:00+05:30,4024.2,1,4042.35,1013767,144787.0,158984.0,4100.0,4110.0,4012.0,4092.6,24290875,4501.8,3683.4,4440.0,3288.1,4024.0,31,3,4023.9,7,1,4023.8,9,1,4023.7,76,5,4023.6,2,1,4024.2,120,3,4024.3,42,1,4024.4,42,1,4024.6,42,1,4025.4,10,1
11483,2026-07-02 11:56:01+05:30,4024.2,3,4042.35,1013767,144787.0,158984.0,4100.0,4110.0,4012.0,4092.6,24290875,4501.8,3683.4,4440.0,3288.1,4024.0,31,3,4023.9,7,1,4023.8,9,1,4023.7,76,5,4023.6,2,1,4024.2,120,3,4024.3,42,1,4024.4,42,1,4024.6,42,1,4025.4,10,1
11483,2026-07-02 11:56:01+05:30,4024.0,2,4042.35,1013778,144846.0,158980.0,4100.0,4110.0,4012.0,4092.6,24290875,4501.8,3683.4,4440.0,3288.1,4024.0,35,3,4023.9,7,1,4023.8,9,1,4023.7,68,4,4023.6,2,1,4024.2,115,3,4024.3,42,1,4024.4,42,1,4024.6,42,1,4025.4,10,1
11483,2026-07-02 11:56:02+05:30,4024.0,5,4042.35,1013778,144846.0,158980.0,4100.0,4110.0,4012.0,4092.6,24290875,4501.8,3683.4,4440.0,3288.1,4024.0,35,3,4023.9,7,1,4023.8,9,1,4023.7,68,4,4023.6,2,1,4024.2,115,3,4024.3,42,1,4024.4,42,1,4024.6,42,1,4025.4,10,1
11483,2026-07-02 11:56:02+05:30,4024.0,3,4042.35,1013804,144579.0,158990.0,4100.0,4110.0,4012.0,4092.6,24290875,4501.8,3683.4,4440.0,3288.1,4024.0,14,2,4023.7,50,1,4023.4,40,3,4023.3,37,2,4023.2,21,2,4024.2,112,3,4024.3,42,1,4024.4,42,1,4024.6,42,1,4025.2,8,1
11483,2026-07-02 11:56:03+05:30,4024.0,1,4042.35,1013804,144579.0,158990.0,4100.0,4110.0,4012.0,4092.6,24290875,4501.8,3683.4,4440.0,3288.1,4024.0,14,2,4023.7,50,1,4023.4,40,3,4023.3,37,2,4023.2,21,2,4024.2,112,3,4024.3,42,1,4024.4,42,1,4024.6,42,1,4025.2,8,1
11483,2026-07-02 11:56:03+05:30,4024.0,1,4042.35,1013809,144125.0,158991.0,4100.0,4110.0,4012.0,4092.6,24290875,4501.8,3683.4,4440.0,3288.1,4024.0,21,3,4023.7,50,1,4023.4,40,3,4023.3,37,2,4023.2,21,2,4024.2,112,3,4024.3,42,1,4024.4,42,1,4024.6,42,1,4025.3,2,1
11483,2026-07-02 11:56:04+05:30,4024.0,3,4042.35,1013809,144125.0,158991.0,4100.0,4110.0,4012.0,4092.6,24290875,4501.8,3683.4,4440.0,3288.1,4024.0,21,3,4023.7,50,1,4023.4,40,3,4023.3,37,2,4023.2,21,2,4024.2,112,3,4024.3,42,1,4024.4,42,1,4024.6,42,1,4025.3,2,1
11483,2026-07-02 11:56:04+05:30,4024.0,2,4042.35,1013814,144129.0,158989.0,4100.0,4110.0,4012.0,4092.6,24290875,4501.8,3683.4,4440.0,3288.1,4024.1,2,1,4024.0,17,4,4023.7,50,1,4023.4,40,3,4023.3,37,2,4024.2,112,3,4024.3,42,1,4024.4,42,1,4024.6,42,1,4025.3,2,1
11483,2026-07-02 11:56:05+05:30,4024.1,10,4042.35,1013814,144129.0,158989.0,4100.0,4110.0,4012.0,4092.6,24290875,4501.8,3683.4,4440.0,3288.1,4024.1,2,1,4024.0,17,4,4023.7,50,1,4023.4,40,3,4023.3,37,2,4024.2,112,3,4024.3,42,1,4024.4,42,1,4024.6,42,1,4025.3,2,1
11483,2026-07-02 11:56:05+05:30,4024.1,2,4042.35,1013830,144113.0,159111.0,4100.0,4110.0,4012.0,4092.6,24290875,4501.8,3683.4,4440.0,3288.1,4024.1,2,1,4024.0,17,4,4023.7,50,1,4023.4,40,3,4023.3,37,2,4024.2,112,3,4024.4,42,1,4024.5,42,1,4024.7,42,1,4025.3,2,1
11483,2026-07-02 11:56:06+05:30,4024.0,1,4042.35,1013830,144113.0,159111.0,4100.0,4110.0,4012.0,4092.6,24290875,4501.8,3683.4,4440.0,3288.1,4024.1,2,1,4024.0,17,4,4023.7,50,1,4023.4,40,3,4023.3,37,2,4024.2,112,3,4024.4,42,1,4024.5,42,1,4024.7,42,1,4025.3,2,1
11483,2026-07-02 11:56:06+05:30,4024.0,1,4042.35,1014025,143458.0,159319.0,4100.0,4110.0,4012.0,4092.6,24290875,4501.8,3683.4,4440.0,3288.1,4023.7,50,1,4023.2,10,1,4023.1,12,1,4023.0,32,3,4022.8,12,1,4024.0,126,1,4024.1,9,2,4024.4,16,1,4024.5,52,3,4024.6,3,1
11483,2026-07-02 11:56:07+05:30,4023.7,2,4042.35,1014025,143458.0,159319.0,4100.0,4110.0,4012.0,4092.6,24290875,4501.8,3683.4,4440.0,3288.1,4023.7,50,1,4023.2,10,1,4023.1,12,1,4023.0,32,3,4022.8,12,1,4024.0,126,1,4024.1,9,2,4024.4,16,1,4024.5,52,3,4024.6,3,1
11483,2026-07-02 11:56:07+05:30,4024.0,1,4042.35,1014052,143440.0,159252.0,4100.0,4110.0,4012.0,4092.6,24290875,4501.8,3683.4,4440.0,3288.1,4023.7,24,1,4023.2,10,1,4023.1,12,1,4023.0,32,3,4022.8,12,1,4024.0,125,1,4024.1,9,2,4024.5,10,2,4024.6,17,2,4024.8,183,2
11483,2026-07-02 11:56:08+05:30,4024.0,10,4042.35,1014052,143440.0,159252.0,4100.0,4110.0,4012.0,4092.6,24290875,4501.8,3683.4,4440.0,3288.1,4023.7,24,1,4023.2,10,1,4023.1,12,1,4023.0,32,3,4022.8,12,1,4024.0,125,1,4024.1,9,2,4024.5,10,2,4024.6,17,2,4024.8,183,2
11483,2026-07-02 11:56:08+05:30,4024.0,10,4042.35,1014070,143437.0,159250.0,4100.0,4110.0,4012.0,4092.6,24290875,4501.8,3683.4,4440.0,3288.1,4023.7,16,1,4023.2,10,1,4023.1,12,1,4023.0,32,3,4022.8,12,1,4024.0,115,1,4024.1,9,2,4024.5,10,2,4024.6,17,2,4024.8,183,2
11483,2026-07-02 11:56:09+05:30,4024.0,1,4042.35,1014070,143437.0,159250.0,4100.0,4110.0,4012.0,4092.6,24290875,4501.8,3683.4,4440.0,3288.1,4023.7,16,1,4023.2,10,1,4023.1,12,1,4023.0,32,3,4022.8,12,1,4024.0,115,1,4024.1,9,2,4024.5,10,2,4024.6,17,2,4024.8,183,2
11483,2026-07-02 11:56:09+05:30,4023.9,2,4042.35,1014078,143825.0,159305.0,4100.0,4110.0,4012.0,4092.6,24290875,4501.8,3683.4,4440.0,3288.1,4023.8,42,1,4023.7,56,2,4023.6,42,1,4023.4,42,1,4023.2,10,1,4024.0,138,2,4024.1,1,1,4024.7,9,2,4024.8,175,1,4024.9,18,1
11483,2026-07-02 11:56:10+05:30,4024.0,77,4042.35,1014078,143825.0,159305.0,4100.0,4110.0,4012.0,4092.6,24290875,4501.8,3683.4,4440.0,3288.1,4023.8,42,1,4023.7,56,2,4023.6,42,1,4023.4,42,1,4023.2,10,1,4024.0,138,2,4024.1,1,1,4024.7,9,2,4024.8,175,1,4024.9,18,1
11483,2026-07-02 11:56:10+05:30,4024.0,77,4042.35,1014160,143871.0,159233.0,4100.0,4110.0,4012.0,4092.6,24290875,4501.8,3683.4,4440.0,3288.1,4023.8,90,3,4023.7,56,2,4023.5,42,1,4023.2,10,1,4023.1,12,1,4024.0,61,2,4024.1,1,1,4024.7,7,1,4024.8,177,2,4024.9,18,1
11483,2026-07-02 11:56:11+05:30,4024.0,1,4042.35,1014160,143871.0,159233.0,4100.0,4110.0,4012.0,4092.6,24290875,4501.8,3683.4,4440.0,3288.1,4023.8,90,3,4023.7,56,2,4023.5,42,1,4023.2,10,1,4023.1,12,1,4024.0,61,2,4024.1,1,1,4024.7,7,1,4024.8,177,2,4024.9,18,1
11483,2026-07-02 11:56:11+05:30,4023.8,3,4042.35,1014194,143856.0,159214.0,4100.0,4110.0,4012.0,4092.6,24290875,4501.8,3683.4,4440.0,3288.1,4023.8,75,3,4023.7,56,2,4023.5,42,1,4023.2,10,1,4023.1,12,1,4024.0,42,2,4024.1,1,1,4024.7,7,1,4024.8,177,2,4024.9,18,1
11483,2026-07-02 11:56:12+05:30,4024.0,18,4042.35,1014194,143856.0,159214.0,4100.0,4110.0,4012.0,4092.6,24290875,4501.8,3683.4,4440.0,3288.1,4023.8,75,3,4023.7,56,2,4023.5,42,1,4023.2,10,1,4023.1,12,1,4024.0,42,2,4024.1,1,1,4024.7,7,1,4024.8,177,2,4024.9,18,1
11483,2026-07-02 11:56:12+05:30,4024.0,18,4042.34,1014235,143926.0,159180.0,4100.0,4110.0,4012.0,4092.6,24290875,4501.8,3683.4,4440.0,3288.1,4023.9,1,1,4023.8,69,3,4023.7,56,2,4023.5,42,1,4023.2,10,1,4024.0,7,1,4024.1,1,1,4024.7,7,1,4024.8,175,1,4024.9,2,1
11483,2026-07-02 11:56:13+05:30,4023.9,4,4042.34,1014235,143926.0,159180.0,4100.0,4110.0,4012.0,4092.6,24290875,4501.8,3683.4,4440.0,3288.1,4023.9,1,1,4023.8,69,3,4023.7,56,2,4023.5,42,1,4023.2,10,1,4024.0,7,1,4024.1,1,1,4024.7,7,1,4024.8,175,1,4024.9,2,1
11483,2026-07-02 11:56:13+05:30,4023.9,4,4042.34,1014239,143914.0,159227.0,4100.0,4110.0,4012.0,4092.6,24290875,4501.8,3683.4,4440.0,3288.1,4023.8,58,2,4023.7,56,2,4023.6,11,1,4023.5,42,1,4023.2,10,1,4023.9,3,3,4024.0,7,1,4024.1,1,1,4024.7,7,1,4024.8,175,1
11483,2026-07-02 11:56:14+05:30,4023.8,4,4042.34,1014239,143914.0,159227.0,4100.0,4110.0,4012.0,4092.6,24290875,4501.8,3683.4,4440.0,3288.1,4023.8,58,2,4023.7,56,2,4023.6,11,1,4023.5,42,1,4023.2,10,1,4023.9,3,3,4024.0,7,1,4024.1,1,1,4024.7,7,1,4024.8,175,1
11483,2026-07-02 11:56:14+05:30,4023.8,2,4042.34,1014254,143899.0,159202.0,4100.0,4110.0,4012.0,4092.6,24290875,4501.8,3683.4,4440.0,3288.1,4023.8,1,1,4023.7,56,2,4023.6,53,2,4023.4,42,1,4023.2,10,1,4023.9,3,3,4024.0,7,1,4024.1,1,1,4024.7,7,1,4024.8,175,1
11483,2026-07-02 11:56:15+05:30,4023.8,2,4042.34,1014254,143899.0,159202.0,4100.0,4110.0,4012.0,4092.6,24290875,4501.8,3683.4,4440.0,3288.1,4023.8,1,1,4023.7,56,2,4023.6,53,2,4023.4,42,1,4023.2,10,1,4023.9,3,3,4024.0,7,1,4024.1,1,1,4024.7,7,1,4024.8,175,1
11483,2026-07-02 11:56:15+05:30,4024.0,7,4042.34,1014270,143907.0,159214.0,4100.0,4110.0,4012.0,4092.6,24290875,4501.8,3683.4,4440.0,3288.1,4023.8,14,3,4023.7,56,2,4023.6,42,1,4023.4,47,2,4023.2,18,2,4024.1,1,1,4024.8,175,1,4025.1,19,2,4025.2,2,1,4025.3,2,1
11483,2026-07-02 11:56:16+05:30,4023.8,5,4042.34,1014270,143907.0,159214.0,4100.0,4110.0,4012.0,4092.6,24290875,4501.8,3683.4,4440.0,3288.1,4023.8,14,3,4023.7,56,2,4023.6,42,1,4023.4,47,2,4023.2,18,2,4024.1,1,1,4024.8,175,1,4025.1,19,2,4025.2,2,1,4025.3,2,1
11483,2026-07-02 11:56:16+05:30,4023.8,5,4042.34,1014337,143256.0,159649.0,4100.0,4110.0,4012.0,4092.6,24290875,4501.8,3683.4,4440.0,3288.1,4023.7,66,3,4023.5,42,1,4023.3,42,1,4023.2,10,1,4023.0,20,2,4023.8,295,3,4024.1,1,1,4024.8,2,1,4024.9,5,1,4025.1,37,3
11483,2026-07-02 11:56:17+05:30,4023.7,2,4042.34,1014337,143256.0,159649.0,4100.0,4110.0,4012.0,4092.6,24290875,4501.8,3683.4,4440.0,3288.1,4023.7,66,3,4023.5,42,1,4023.3,42,1,4023.2,10,1,4023.0,20,2,4023.8,295,3,4024.1,1,1,4024.8,2,1,4024.9,5,1,4025.1,37,3
11483,2026-07-02 11:56:17+05:30,4023.7,2,4042.34,1014347,143343.0,159683.0,4100.0,4110.0,4012.0,4092.6,24290875,4501.8,3683.4,4440.0,3288.1,4023.7,56,3,4023.6,42,1,4023.5,42,1,4023.3,42,1,4023.2,10,1,4023.8,295,3,4024.1,1,1,4024.8,2,1,4024.9,5,1,4025.1,37,3
11483,2026-07-02 11:56:18+05:30,4023.7,1,4042.34,1014347,143343.0,159683.0,4100.0,4110.0,4012.0,4092.6,24290875,4501.8,3683.4,4440.0,3288.1,4023.7,56,3,4023.6,42,1,4023.5,42,1,4023.3,42,1,4023.2,10,1,4023.8,295,3,4024.1,1,1,4024.8,2,1,4024.9,5,1,4025.1,37,3
11483,2026-07-02 11:56:18+05:30,4023.7,1,4042.34,1014348,143292.0,159597.0,4100.0,4110.0,4012.0,4092.6,24290875,4501.8,3683.4,4440.0,3288.1,4023.7,55,3,4023.6,42,1,4023.5,42,1,4023.3,42,1,4023.2,10,1,4023.8,295,3,4023.9,10,1,4024.1,1,1,4024.8,2,1,4024.9,5,1
11483,2026-07-02 11:56:19+05:30,4023.8,10,4042.34,1014348,143292.0,159597.0,4100.0,4110.0,4012.0,4092.6,24290875,4501.8,3683.4,4440.0,3288.1,4023.7,55,3,4023.6,42,1,4023.5,42,1,4023.3,42,1,4023.2,10,1,4023.8,295,3,4023.9,10,1,4024.1,1,1,4024.8,2,1,4024.9,5,1
11483,2026-07-02 11:56:19+05:30,4023.8,10,4042.34,1014360,143240.0,159598.0,4100.0,4110.0,4012.0,4092.6,24290875,4501.8,3683.4,4440.0,3288.1,4023.7,45,2,4023.6,42,1,4023.5,42,1,4023.3,42,1,4023.2,10,1,4023.8,283,3,4023.9,10,1,4024.1,1,1,4024.6,2,1,4024.7,7,1
11483,2026-07-02 11:56:20+05:30,4023.7,2,4042.34,1014360,143240.0,159598.0,4100.0,4110.0,4012.0,4092.6,24290875,4501.8,3683.4,4440.0,3288.1,4023.7,45,2,4023.6,42,1,4023.5,42,1,4023.3,42,1,4023.2,10,1,4023.8,283,3,4023.9,10,1,4024.1,1,1,4024.6,2,1,4024.7,7,1
11483,2026-07-02 11:56:21+05:30,4023.8,16,4042.34,1014360,143240.0,159598.0,4100.0,4110.0,4012.0,4092.6,24290875,4501.8,3683.4,4440.0,3288.1,4023.7,45,2,4023.6,42,1,4023.5,42,1,4023.3,42,1,4023.2,10,1,4023.8,283,3,4023.9,10,1,4024.1,1,1,4024.6,2,1,4024.7,7,1
11483,2026-07-02 11:56:23+05:30,4023.6,3,4042.34,1014360,143240.0,159598.0,4100.0,4110.0,4012.0,4092.6,24290875,4501.8,3683.4,4440.0,3288.1,4023.7,45,2,4023.6,42,1,4023.5,42,1,4023.3,42,1,4023.2,10,1,4023.8,283,3,4023.9,10,1,4024.1,1,1,4024.6,2,1,4024.7,7,1
11483,2026-07-02 11:56:24+05:30,4023.8,10,4042.34,1014616,143537.0,159345.0,4100.0,4110.0,4012.0,4092.6,24290875,4501.8,3683.4,4440.0,3288.1,4023.6,82,4,4023.5,20,1,4023.3,42,1,4023.2,24,3,4023.1,8,1,4023.8,42,2,4023.9,10,1,4024.1,1,1,4024.8,5,1,4024.9,5,1
11483,2026-07-02 11:56:25+05:30,4025.5,170,4042.34,1014616,143537.0,159345.0,4100.0,4110.0,4012.0,4092.6,24290875,4501.8,3683.4,4440.0,3288.1,4023.6,82,4,4023.5,20,1,4023.3,42,1,4023.2,24,3,4023.1,8,1,4023.8,42,2,4023.9,10,1,4024.1,1,1,4024.8,5,1,4024.9,5,1
11483,2026-07-02 11:56:27+05:30,4025.2,1,4042.34,1014616,143537.0,159345.0,4100.0,4110.0,4012.0,4092.6,24290875,4501.8,3683.4,4440.0,3288.1,4023.6,82,4,4023.5,20,1,4023.3,42,1,4023.2,24,3,4023.1,8,1,4023.8,42,2,4023.9,10,1,4024.1,1,1,4024.8,5,1,4024.9,5,1
11483,2026-07-02 11:56:29+05:30,4025.1,5,4042.34,1014616,143537.0,159345.0,4100.0,4110.0,4012.0,4092.6,24290875,4501.8,3683.4,4440.0,3288.1,4023.6,82,4,4023.5,20,1,4023.3,42,1,4023.2,24,3,4023.1,8,1,4023.8,42,2,4023.9,10,1,4024.1,1,1,4024.8,5,1,4024.9,5,1
11483,2026-07-02 11:56:29+05:30,4025.1,5,4042.32,1015525,145952.0,157654.0,4100.0,4110.0,4012.0,4092.6,24290875,4501.8,3683.4,4440.0,3288.1,4025.1,5,1,4025.0,21,3,4024.9,61,3,4024.8,54,3,4024.7,5,1,4025.6,1,1,4025.8,17,2,4025.9,15,1,4026.0,55,2,4026.2,2,1
11483,2026-07-02 11:56:31+05:30,4025.1,4,4042.32,1015525,145952.0,157654.0,4100.0,4110.0,4012.0,4092.6,24290875,4501.8,3683.4,4440.0,3288.1,4025.1,5,1,4025.0,21,3,4024.9,61,3,4024.8,54,3,4024.7,5,1,4025.6,1,1,4025.8,17,2,4025.9,15,1,4026.0,55,2,4026.2,2,1
11483,2026-07-02 11:56:33+05:30,4024.6,9,4042.32,1015525,145952.0,157654.0,4100.0,4110.0,4012.0,4092.6,24290875,4501.8,3683.4,4440.0,3288.1,4025.1,5,1,4025.0,21,3,4024.9,61,3,4024.8,54,3,4024.7,5,1,4025.6,1,1,4025.8,17,2,4025.9,15,1,4026.0,55,2,4026.2,2,1
11483,2026-07-02 11:56:34+05:30,4025.1,1,4042.32,1015752,145682.0,158209.0,4100.0,4110.0,4012.0,4092.6,24290875,4501.8,3683.4,4440.0,3288.1,4024.0,1738,6,4023.9,137,8,4023.8,91,8,4023.7,40,5,4023.6,76,5,4025.1,184,2,4025.6,2,2,4025.7,2,1,4025.8,15,1,4025.9,23,2
11483,2026-07-02 11:56:35+05:30,4025.1,17,4042.32,1015752,145682.0,158209.0,4100.0,4110.0,4012.0,4092.6,24290875,4501.8,3683.4,4440.0,3288.1,4024.0,1738,6,4023.9,137,8,4023.8,91,8,4023.7,40,5,4023.6,76,5,4025.1,184,2,4025.6,2,2,4025.7,2,1,4025.8,15,1,4025.9,23,2
11483,2026-07-02 11:56:37+05:30,4024.0,1,4042.32,1015752,145682.0,158209.0,4100.0,4110.0,4012.0,4092.6,24290875,4501.8,3683.4,4440.0,3288.1,4024.0,1738,6,4023.9,137,8,4023.8,91,8,4023.7,40,5,4023.6,76,5,4025.1,184,2,4025.6,2,2,4025.7,2,1,4025.8,15,1,4025.9,23,2
11483,2026-07-02 11:56:38+05:30,4025.1,10,4042.31,1016165,144979.0,158457.0,4100.0,4110.0,4012.0,4092.6,24290875,4501.8,3683.4,4440.0,3288.1,4024.2,39,4,4024.1,15,1,4024.0,1594,7,4023.9,26,4,4023.8,34,3,4024.5,1,1,4024.6,175,1,4025.1,5,2,4025.4,2,1,4025.5,50,1
11483,2026-07-02 11:56:39+05:30,4024.2,1,4042.31,1016165,144979.0,158457.0,4100.0,4110.0,4012.0,4092.6,24290875,4501.8,3683.4,4440.0,3288.1,4024.2,39,4,4024.1,15,1,4024.0,1594,7,4023.9,26,4,4023.8,34,3,4024.5,1,1,4024.6,175,1,4025.1,5,2,4025.4,2,1,4025.5,50,1
11483,2026-07-02 11:56:41+05:30,4024.1,1,4042.31,1016165,144979.0,158457.0,4100.0,4110.0,4012.0,4092.6,24290875,4501.8,3683.4,4440.0,3288.1,4024.2,39,4,4024.1,15,1,4024.0,1594,7,4023.9,26,4,4023.8,34,3,4024.5,1,1,4024.6,175,1,4025.1,5,2,4025.4,2,1,4025.5,50,1
11483,2026-07-02 11:56:43+05:30,4024.1,17,4042.31,1016165,144979.0,158457.0,4100.0,4110.0,4012.0,4092.6,24290875,4501.8,3683.4,4440.0,3288.1,4024.2,39,4,4024.1,15,1,4024.0,1594,7,4023.9,26,4,4023.8,34,3,4024.5,1,1,4024.6,175,1,4025.1,5,2,4025.4,2,1,4025.5,50,1
11483,2026-07-02 11:56:44+05:30,4024.0,4,4042.31,1016381,145074.0,158302.0,4100.0,4110.0,4012.0,4092.6,24290875,4501.8,3683.4,4440.0,3288.1,4024.0,1595,7,4023.9,12,2,4023.8,38,5,4023.7,25,4,4023.6,74,5,4025.0,165,1,4025.1,16,4,4025.5,50,1,4025.6,1,1,4025.7,2,1
11483,2026-07-02 11:56:45+05:30,4025.1,2,4042.31,1016381,145074.0,158302.0,4100.0,4110.0,4012.0,4092.6,24290875,4501.8,3683.4,4440.0,3288.1,4024.0,1595,7,4023.9,12,2,4023.8,38,5,4023.7,25,4,4023.6,74,5,4025.0,165,1,4025.1,16,4,4025.5,50,1,4025.6,1,1,4025.7,2,1
11483,2026-07-02 11:56:45+05:30,4025.1,2,4042.31,1016381,145074.0,158302.0,4100.0,4110.0,4012.0,4092.6,24290875,4501.8,3683.4,4440.0,3288.1,4024.0,1595,7,4023.9,12,2,4023.8,38,5,4023.7,25,4,4023.6,74,5,4025.0,165,1,4025.1,16,4,4025.5,50,1,4025.6,1,1,4025.7,2,1
11483,2026-07-02 11:56:46+05:30,4025.1,2,4042.31,1016381,145074.0,158302.0,4100.0,4110.0,4012.0,4092.6,24290875,4501.8,3683.4,4440.0,3288.1,4024.0,1595,7,4023.9,12,2,4023.8,38,5,4023.7,25,4,4023.6,74,5,4025.0,165,1,4025.1,16,4,4025.5,50,1,4025.6,1,1,4025.7,2,1
11483,2026-07-02 11:56:47+05:30,4025.5,3,4042.31,1016381,145074.0,158302.0,4100.0,4110.0,4012.0,4092.6,24290875,4501.8,3683.4,4440.0,3288.1,4024.0,1595,7,4023.9,12,2,4023.8,38,5,4023.7,25,4,4023.6,74,5,4025.0,165,1,4025.1,16,4,4025.5,50,1,4025.6,1,1,4025.7,2,1
11483,2026-07-02 11:56:47+05:30,4025.5,3,4042.31,1016381,145074.0,158302.0,4100.0,4110.0,4012.0,4092.6,24290875,4501.8,3683.4,4440.0,3288.1,4024.0,1595,7,4023.9,12,2,4023.8,38,5,4023.7,25,4,4023.6,74,5,4025.0,165,1,4025.1,16,4,4025.5,50,1,4025.6,1,1,4025.7,2,1
11483,2026-07-02 11:56:48+05:30,4025.5,3,4042.31,1016381,145074.0,158302.0,4100.0,4110.0,4012.0,4092.6,24290875,4501.8,3683.4,4440.0,3288.1,4024.0,1595,7,4023.9,12,2,4023.8,38,5,4023.7,25,4,4023.6,74,5,4025.0,165,1,4025.1,16,4,4025.5,50,1,4025.6,1,1,4025.7,2,1
11483,2026-07-02 11:56:48+05:30,4025.0,175,4042.3,1016817,145415.0,157828.0,4100.0,4110.0,4012.0,4092.6,24290875,4501.8,3683.4,4440.0,3288.1,4025.0,1175,1,4024.3,2,1,4024.2,24,2,4024.0,115,9,4023.9,76,6,4025.5,38,1,4025.6,1,1,4025.8,15,1,4025.9,15,1,4026.0,55,2
11483,2026-07-02 11:56:48+05:30,4025.0,175,4042.3,1016817,145415.0,157828.0,4100.0,4110.0,4012.0,4092.6,24290875,4501.8,3683.4,4440.0,3288.1,4025.0,1175,1,4024.3,2,1,4024.2,24,2,4024.0,115,9,4023.9,76,6,4025.5,38,1,4025.6,1,1,4025.8,15,1,4025.9,15,1,4026.0,55,2
11483,2026-07-02 11:56:49+05:30,4025.0,175,4042.3,1016817,145415.0,157828.0,4100.0,4110.0,4012.0,4092.6,24290875,4501.8,3683.4,4440.0,3288.1,4025.0,1175,1,4024.3,2,1,4024.2,24,2,4024.0,115,9,4023.9,76,6,4025.5,38,1,4025.6,1,1,4025.8,15,1,4025.9,15,1,4026.0,55,2
11483,2026-07-02 11:56:49+05:30,4025.0,175,4042.3,1016817,145415.0,157828.0,4100.0,4110.0,4012.0,4092.6,24311700,4501.8,3683.4,4440.0,3288.1,4025.0,1175,1,4024.3,2,1,4024.2,24,2,4024.0,115,9,4023.9,76,6,4025.5,38,1,4025.6,1,1,4025.8,15,1,4025.9,15,1,4026.0,55,2
11483,2026-07-02 11:56:50+05:30,4025.0,25,4042.3,1016817,145415.0,157828.0,4100.0,4110.0,4012.0,4092.6,24311700,4501.8,3683.4,4440.0,3288.1,4025.0,1175,1,4024.3,2,1,4024.2,24,2,4024.0,115,9,4023.9,76,6,4025.5,38,1,4025.6,1,1,4025.8,15,1,4025.9,15,1,4026.0,55,2
11483,2026-07-02 11:56:50+05:30,4025.0,25,4042.3,1016817,145415.0,157828.0,4100.0,4110.0,4012.0,4092.6,24311700,4501.8,3683.4,4440.0,3288.1,4025.0,1175,1,4024.3,2,1,4024.2,24,2,4024.0,115,9,4023.9,76,6,4025.5,38,1,4025.6,1,1,4025.8,15,1,4025.9,15,1,4026.0,55,2
11483,2026-07-02 11:56:51+05:30,4025.0,25,4042.3,1016817,145415.0,157828.0,4100.0,4110.0,4012.0,4092.6,24311700,4501.8,3683.4,4440.0,3288.1,4025.0,1175,1,4024.3,2,1,4024.2,24,2,4024.0,115,9,4023.9,76,6,4025.5,38,1,4025.6,1,1,4025.8,15,1,4025.9,15,1,4026.0,55,2
11483,2026-07-02 11:56:53+05:30,4025.4,1,4042.3,1016817,145415.0,157828.0,4100.0,4110.0,4012.0,4092.6,24311700,4501.8,3683.4,4440.0,3288.1,4025.0,1175,1,4024.3,2,1,4024.2,24,2,4024.0,115,9,4023.9,76,6,4025.5,38,1,4025.6,1,1,4025.8,15,1,4025.9,15,1,4026.0,55,2
11483,2026-07-02 11:56:53+05:30,4025.4,1,4042.29,1017132,145581.0,157475.0,4100.0,4110.0,4012.0,4092.6,24311700,4501.8,3683.4,4440.0,3288.1,4025.1,3,1,4025.0,930,3,4024.1,2,1,4024.0,81,6,4023.9,25,2,4025.4,17,1,4025.5,37,2,4025.6,1,1,4025.8,27,2,4025.9,15,1
11483,2026-07-02 11:56:56+05:30,4025.5,1,4042.29,1017132,145581.0,157475.0,4100.0,4110.0,4012.0,4092.6,24311700,4501.8,3683.4,4440.0,3288.1,4025.1,3,1,4025.0,930,3,4024.1,2,1,4024.0,81,6,4023.9,25,2,4025.4,17,1,4025.5,37,2,4025.6,1,1,4025.8,27,2,4025.9,15,1
11483,2026-07-02 11:56:58+05:30,4025.0,64,4042.27,1018676,145184.0,156951.0,4100.0,4110.0,4012.0,4092.6,24311700,4501.8,3683.4,4440.0,3288.1,4025.0,855,3,4024.4,6,1,4024.3,12,1,4024.1,40,1,4024.0,33,4,4026.1,74,9,4026.2,49,4,4026.3,64,1,4026.4,20,1,4026.5,44,2
11483,2026-07-02 11:56:59+05:30,4026.0,9,4042.27,1018676,145184.0,156951.0,4100.0,4110.0,4012.0,4092.6,24311700,4501.8,3683.4,4440.0,3288.1,4025.0,855,3,4024.4,6,1,4024.3,12,1,4024.1,40,1,4024.0,33,4,4026.1,74,9,4026.2,49,4,4026.3,64,1,4026.4,20,1,4026.5,44,2
11483,2026-07-02 11:57:02+05:30,4026.2,9,4042.27,1018676,145184.0,156951.0,4100.0,4110.0,4012.0,4092.6,24311700,4501.8,3683.4,4440.0,3288.1,4025.0,855,3,4024.4,6,1,4024.3,12,1,4024.1,40,1,4024.0,33,4,4026.1,74,9,4026.2,49,4,4026.3,64,1,4026.4,20,1,4026.5,44,2
11483,2026-07-02 11:57:03+05:30,4026.2,9,4042.26,1019121,144671.0,157543.0,4100.0,4110.0,4012.0,4092.6,24311700,4501.8,3683.4,4440.0,3288.1,4025.2,1,1,4025.0,22,2,4024.5,43,2,4024.3,35,1,4024.2,45,2,4025.4,1,1,4026.0,44,4,4026.1,34,3,4026.2,40,5,4026.3,76,2
11483,2026-07-02 11:57:05+05:30,4025.2,18,4042.26,1019121,144671.0,157543.0,4100.0,4110.0,4012.0,4092.6,24311700,4501.8,3683.4,4440.0,3288.1,4025.2,1,1,4025.0,22,2,4024.5,43,2,4024.3,35,1,4024.2,45,2,4025.4,1,1,4026.0,44,4,4026.1,34,3,4026.2,40,5,4026.3,76,2
11483,2026-07-02 11:57:08+05:30,4024.5,25,4042.26,1019450,142689.0,158410.0,4100.0,4110.0,4012.0,4092.6,24311700,4501.8,3683.4,4440.0,3288.1,4024.1,25,1,4024.0,20,2,4023.8,9,2,4023.4,22,1,4023.2,35,2,4024.5,13,1,4025.1,12,1,4025.2,11,1,4025.3,34,3,4025.4,91,5
11483,2026-07-02 11:57:08+05:30,4024.1,25,4042.26,1019450,142689.0,158410.0,4100.0,4110.0,4012.0,4092.6,24311700,4501.8,3683.4,4440.0,3288.1,4024.1,25,1,4024.0,20,2,4023.8,9,2,4023.4,22,1,4023.2,35,2,4024.5,13,1,4025.1,12,1,4025.2,11,1,4025.3,34,3,4025.4,91,5
11483,2026-07-02 11:57:11+05:30,4024.7,12,4042.26,1019450,142689.0,158410.0,4100.0,4110.0,4012.0,4092.6,24311700,4501.8,3683.4,4440.0,3288.1,4024.1,25,1,4024.0,20,2,4023.8,9,2,4023.4,22,1,4023.2,35,2,4024.5,13,1,4025.1,12,1,4025.2,11,1,4025.3,34,3,4025.4,91,5
11483,2026-07-02 11:57:13+05:30,4026.0,2,4042.25,1019739,144635.0,157627.0,4100.0,4110.0,4012.0,4092.6,24311700,4501.8,3683.4,4440.0,3288.1,4025.6,1,1,4025.2,1,1,4024.6,4,1,4024.5,57,1,4024.4,21,2,4026.0,29,4,4026.1,31,2,4026.2,24,2,4026.3,64,1,4026.6,31,2
11483,2026-07-02 11:57:14+05:30,4024.5,11,4042.25,1019739,144635.0,157627.0,4100.0,4110.0,4012.0,4092.6,24311700,4501.8,3683.4,4440.0,3288.1,4025.6,1,1,4025.2,1,1,4024.6,4,1,4024.5,57,1,4024.4,21,2,4026.0,29,4,4026.1,31,2,4026.2,24,2,4026.3,64,1,4026.6,31,2
11483,2026-07-02 11:57:17+05:30,4026.6,3,4042.25,1019739,144635.0,157627.0,4100.0,4110.0,4012.0,4092.6,24311700,4501.8,3683.4,4440.0,3288.1,4025.6,1,1,4025.2,1,1,4024.6,4,1,4024.5,57,1,4024.4,21,2,4026.0,29,4,4026.1,31,2,4026.2,24,2,4026.3,64,1,4026.6,31,2
11483,2026-07-02 11:57:19+05:30,4025.7,1,4042.25,1019998,145530.0,156473.0,4100.0,4110.0,4012.0,4092.6,24311700,4501.8,3683.4,4440.0,3288.1,4025.8,82,2,4025.7,77,5,4025.6,110,6,4025.5,97,4,4025.4,95,2,4027.3,45,1,4027.4,5,1,4027.8,26,3,4027.9,76,3,4028.0,107,8
11483,2026-07-02 11:57:20+05:30,4026.8,4,4042.25,1019998,145530.0,156473.0,4100.0,4110.0,4012.0,4092.6,24311700,4501.8,3683.4,4440.0,3288.1,4025.8,82,2,4025.7,77,5,4025.6,110,6,4025.5,97,4,4025.4,95,2,4027.3,45,1,4027.4,5,1,4027.8,26,3,4027.9,76,3,4028.0,107,8
11483,2026-07-02 11:57:20+05:30,4026.2,4,4042.24,1020402,144901.0,157644.0,4100.0,4110.0,4012.0,4092.6,24311700,4501.8,3683.4,4440.0,3288.1,4025.7,54,1,4025.6,33,1,4025.4,80,1,4025.2,70,1,4025.0,19,2,4026.2,38,3,4026.3,20,2,4026.5,4,1,4026.6,26,2,4026.7,12,1
11483,2026-07-02 11:57:21+05:30,4026.2,4,4042.24,1020402,144901.0,157644.0,4100.0,4110.0,4012.0,4092.6,24311700,4501.8,3683.4,4440.0,3288.1,4025.7,54,1,4025.6,33,1,4025.4,80,1,4025.2,70,1,4025.0,19,2,4026.2,38,3,4026.3,20,2,4026.5,4,1,4026.6,26,2,4026.7,12,1
11483,2026-07-02 11:57:21+05:30,4026.6,1,4042.24,1020536,145232.0,157587.0,4100.0,4110.0,4012.0,4092.6,24311700,4501.8,3683.4,4440.0,3288.1,4025.8,80,1,4025.7,5,1,4025.6,33,1,4025.2,70,1,4025.0,11,2,4026.7,199,3,4026.8,2,1,4026.9,40,3,4027.0,16,2,4027.1,31,4
11483,2026-07-02 11:57:22+05:30,4026.7,38,4042.24,1020536,145232.0,157587.0,4100.0,4110.0,4012.0,4092.6,24311700,4501.8,3683.4,4440.0,3288.1,4025.8,80,1,4025.7,5,1,4025.6,33,1,4025.2,70,1,4025.0,11,2,4026.7,199,3,4026.8,2,1,4026.9,40,3,4027.0,16,2,4027.1,31,4
11483,2026-07-02 11:57:22+05:30,4026.7,42,4042.24,1020784,145465.0,157211.0,4100.0,4110.0,4012.0,4092.6,24311700,4501.8,3683.4,4440.0,3288.1,4025.9,42,1,4025.8,80,1,4025.7,5,1,4025.6,33,1,4025.3,22,2,4026.7,13,1,4026.8,11,1,4026.9,11,1,4027.1,19,2,4027.2,21,1
11483,2026-07-02 11:57:23+05:30,4025.9,1,4042.24,1020784,145465.0,157211.0,4100.0,4110.0,4012.0,4092.6,24311700,4501.8,3683.4,4440.0,3288.1,4025.9,42,1,4025.8,80,1,4025.7,5,1,4025.6,33,1,4025.3,22,2,4026.7,13,1,4026.8,11,1,4026.9,11,1,4027.1,19,2,4027.2,21,1
11483,2026-07-02 11:57:23+05:30,4027.2,1,4042.23,1020881,145537.0,157138.0,4100.0,4110.0,4012.0,4092.6,24311700,4501.8,3683.4,4440.0,3288.1,4025.9,17,2,4025.7,41,2,4025.6,113,2,4025.4,38,1,4025.3,43,3,4027.2,13,1,4027.3,58,3,4027.5,26,1,4027.6,20,1,4027.7,38,1
11483,2026-07-02 11:57:24+05:30,4026.9,1,4042.23,1020881,145537.0,157138.0,4100.0,4110.0,4012.0,4092.6,24311700,4501.8,3683.4,4440.0,3288.1,4025.9,17,2,4025.7,41,2,4025.6,113,2,4025.4,38,1,4025.3,43,3,4027.2,13,1,4027.3,58,3,4027.5,26,1,4027.6,20,1,4027.7,38,1
11483,2026-07-02 11:57:24+05:30,4026.9,79,4042.23,1021010,145584.0,157567.0,4100.0,4110.0,4012.0,4092.6,24311700,4501.8,3683.4,4440.0,3288.1,4025.9,5,1,4025.7,25,1,4025.6,113,2,4025.4,7,1,4025.3,21,2,4026.0,25,1,4026.9,58,1,4027.2,13,1,4027.3,46,2,4027.5,38,2
11483,2026-07-02 11:57:25+05:30,4025.9,58,4042.23,1021010,145584.0,157567.0,4100.0,4110.0,4012.0,4092.6,24311700,4501.8,3683.4,4440.0,3288.1,4025.9,5,1,4025.7,25,1,4025.6,113,2,4025.4,7,1,4025.3,21,2,4026.0,25,1,4026.9,58,1,4027.2,13,1,4027.3,46,2,4027.5,38,2
11483,2026-07-02 11:57:25+05:30,4027.2,2,4042.23,1021111,145334.0,157018.0,4100.0,4110.0,4012.0,4092.6,24311700,4501.8,3683.4,4440.0,3288.1,4025.8,6,1,4025.7,105,2,4025.5,4,1,4025.4,48,3,4025.3,30,2,4027.0,11,1,4027.1,59,1,4027.2,11,1,4027.3,46,2,4027.5,26,1
11483,2026-07-02 11:57:26+05:30,4027.0,7,4042.23,1021111,145334.0,157018.0,4100.0,4110.0,4012.0,4092.6,24311700,4501.8,3683.4,4440.0,3288.1,4025.8,6,1,4025.7,105,2,4025.5,4,1,4025.4,48,3,4025.3,30,2,4027.0,11,1,4027.1,59,1,4027.2,11,1,4027.3,46,2,4027.5,26,1
11483,2026-07-02 11:57:27+05:30,4027.3,27,4042.23,1021274,145635.0,157136.0,4100.0,4110.0,4012.0,4092.6,24311700,4501.8,3683.4,4440.0,3288.1,4026.0,58,1,4025.9,64,1,4025.8,80,1,4025.7,25,1,4025.4,22,3,4027.2,12,1,4027.3,31,3,4027.4,12,1,4027.5,42,2,4027.6,5,1
11483,2026-07-02 11:57:27+05:30,4026.0,19,4042.23,1021274,145635.0,157136.0,4100.0,4110.0,4012.0,4092.6,24311700,4501.8,3683.4,4440.0,3288.1,4026.0,58,1,4025.9,64,1,4025.8,80,1,4025.7,25,1,4025.4,22,3,4027.2,12,1,4027.3,31,3,4027.4,12,1,4027.5,42,2,4027.6,5,1
11483,2026-07-02 11:57:28+05:30,4027.1,21,4042.22,1021587,145875.0,156582.0,4100.0,4110.0,4012.0,4092.6,24311700,4501.8,3683.4,4440.0,3288.1,4026.0,64,1,4025.8,70,1,4025.7,57,2,4025.3,72,4,4025.2,73,2,4027.2,64,4,4027.3,1,1,4027.4,18,1,4027.5,71,4,4027.7,178,2
11483,2026-07-02 11:57:28+05:30,4026.0,38,4042.22,1021587,145875.0,156582.0,4100.0,4110.0,4012.0,4092.6,24311700,4501.8,3683.4,4440.0,3288.1,4026.0,64,1,4025.8,70,1,4025.7,57,2,4025.3,72,4,4025.2,73,2,4027.2,64,4,4027.3,1,1,4027.4,18,1,4027.5,71,4,4027.7,178,2
11483,2026-07-02 11:57:29+05:30,4027.5,8,4042.22,1021928,146886.0,157020.0,4100.0,4110.0,4012.0,4092.6,24311700,4501.8,3683.4,4440.0,3288.1,4026.0,38,1,4025.9,81,2,4025.8,73,2,4025.7,142,5,4025.6,17,2,4027.2,1,1,4027.5,11,1,4027.7,11,1,4027.8,37,3,4027.9,88,2
11483,2026-07-02 11:57:29+05:30,4026.0,3,4042.22,1021928,146886.0,157020.0,4100.0,4110.0,4012.0,4092.6,24311700,4501.8,3683.4,4440.0,3288.1,4026.0,38,1,4025.9,81,2,4025.8,73,2,4025.7,142,5,4025.6,17,2,4027.2,1,1,4027.5,11,1,4027.7,11,1,4027.8,37,3,4027.9,88,2
11483,2026-07-02 11:57:30+05:30,4025.9,117,4042.22,1022086,145701.0,157478.0,4100.0,4110.0,4012.0,4092.6,24311700,4501.8,3683.4,4440.0,3288.1,4025.8,70,1,4025.7,128,3,4025.4,4,1,4025.2,72,2,4025.1,50,1,4025.9,58,1,4026.0,1,1,4027.2,1,1,4027.3,16,2,4027.4,5,1
11483,2026-07-02 11:57:30+05:30,4025.9,11,4042.22,1022086,145701.0,157478.0,4100.0,4110.0,4012.0,4092.6,24311700,4501.8,3683.4,4440.0,3288.1,4025.8,70,1,4025.7,128,3,4025.4,4,1,4025.2,72,2,4025.1,50,1,4025.9,58,1,4026.0,1,1,4027.2,1,1,4027.3,16,2,4027.4,5,1
11483,2026-07-02 11:57:31+05:30,4025.9,10,4042.21,1022322,145409.0,157771.0,4100.0,4110.0,4012.0,4092.6,24311700,4501.8,3683.4,4440.0,3288.1,4025.8,30,1,4025.7,57,2,4025.2,70,1,4025.0,39,4,4024.9,24,2,4025.9,30,3,4026.0,1,1,4026.8,5,1,4026.9,12,1,4027.2,13,2
11483,2026-07-02 11:57:31+05:30,4025.7,1,4042.21,1022322,145409.0,157771.0,4100.0,4110.0,4012.0,4092.6,24311700,4501.8,3683.4,4440.0,3288.1,4025.8,30,1,4025.7,57,2,4025.2,70,1,4025.0,39,4,4024.9,24,2,4025.9,30,3,4026.0,1,1,4026.8,5,1,4026.9,12,1,4027.2,13,2
11483,2026-07-02 11:57:32+05:30,4027.3,1,4042.21,1022414,145554.0,157176.0,4100.0,4110.0,4012.0,4092.6,24311700,4501.8,3683.4,4440.0,3288.1,4026.1,2,1,4026.0,8,2,4025.9,4,1,4025.8,1,1,4025.7,31,1,4027.3,35,1,4027.4,16,2,4027.5,70,3,4027.7,12,2,4027.8,58,4
11483,2026-07-02 11:57:32+05:30,4026.1,2,4042.21,1022414,145554.0,157176.0,4100.0,4110.0,4012.0,4092.6,24311700,4501.8,3683.4,4440.0,3288.1,4026.1,2,1,4026.0,8,2,4025.9,4,1,4025.8,1,1,4025.7,31,1,4027.3,35,1,4027.4,16,2,4027.5,70,3,4027.7,12,2,4027.8,58,4
11483,2026-07-02 11:57:33+05:30,4026.1,1,4042.21,1022414,145554.0,157176.0,4100.0,4110.0,4012.0,4092.6,24311700,4501.8,3683.4,4440.0,3288.1,4026.1,2,1,4026.0,8,2,4025.9,4,1,4025.8,1,1,4025.7,31,1,4027.3,35,1,4027.4,16,2,4027.5,70,3,4027.7,12,2,4027.8,58,4
11483,2026-07-02 11:57:33+05:30,4026.1,1,4042.21,1022417,145496.0,157890.0,4100.0,4110.0,4012.0,4092.6,24311700,4501.8,3683.4,4440.0,3288.1,4026.0,26,3,4025.8,1,1,4025.7,31,1,4025.3,3,1,4025.2,88,2,4026.1,1,1,4027.3,35,1,4027.4,36,3,4027.5,44,3,4027.7,58,3
11483,2026-07-02 11:57:34+05:30,4026.1,1,4042.21,1022417,145496.0,157890.0,4100.0,4110.0,4012.0,4092.6,24311700,4501.8,3683.4,4440.0,3288.1,4026.0,26,3,4025.8,1,1,4025.7,31,1,4025.3,3,1,4025.2,88,2,4026.1,1,1,4027.3,35,1,4027.4,36,3,4027.5,44,3,4027.7,58,3
11483,2026-07-02 11:57:34+05:30,4026.1,1,4042.21,1022418,145455.0,157856.0,4100.0,4110.0,4012.0,4092.6,24311700,4501.8,3683.4,4440.0,3288.1,4026.0,26,3,4025.8,1,1,4025.7,31,1,4025.2,102,4,4025.1,13,2,4026.1,2,1,4027.2,33,1,4027.3,135,2,4027.4,16,2,4027.5,44,3
11483,2026-07-02 11:57:35+05:30,4026.1,11,4042.21,1022418,145455.0,157856.0,4100.0,4110.0,4012.0,4092.6,24311700,4501.8,3683.4,4440.0,3288.1,4026.0,26,3,4025.8,1,1,4025.7,31,1,4025.2,102,4,4025.1,13,2,4026.1,2,1,4027.2,33,1,4027.3,135,2,4027.4,16,2,4027.5,44,3
11483,2026-07-02 11:57:35+05:30,4026.1,1,4042.21,1022463,145499.0,157943.0,4100.0,4110.0,4012.0,4092.6,24311700,4501.8,3683.4,4440.0,3288.1,4026.0,35,4,4025.8,1,1,4025.7,31,1,4025.2,70,1,4025.1,20,2,4026.1,65,1,4026.4,83,1,4027.1,75,3,4027.2,31,1,4027.3,110,2
11483,2026-07-02 11:57:36+05:30,4026.0,1,4042.21,1022463,145499.0,157943.0,4100.0,4110.0,4012.0,4092.6,24311700,4501.8,3683.4,4440.0,3288.1,4026.0,35,4,4025.8,1,1,4025.7,31,1,4025.2,70,1,4025.1,20,2,4026.1,65,1,4026.4,83,1,4027.1,75,3,4027.2,31,1,4027.3,110,2
11483,2026-07-02 11:57:36+05:30,4026.0,1,4042.21,1022468,145519.0,157972.0,4100.0,4110.0,4012.0,4092.6,24311700,4501.8,3683.4,4440.0,3288.1,4026.0,30,3,4025.8,1,1,4025.7,31,1,4025.2,70,1,4025.1,20,2,4026.1,65,1,4026.4,83,1,4027.1,75,3,4027.3,110,2,4027.4,72,2
11483,2026-07-02 11:57:37+05:30,4025.2,2,4042.21,1022468,145519.0,157972.0,4100.0,4110.0,4012.0,4092.6,24311700,4501.8,3683.4,4440.0,3288.1,4026.0,30,3,4025.8,1,1,4025.7,31,1,4025.2,70,1,4025.1,20,2,4026.1,65,1,4026.4,83,1,4027.1,75,3,4027.3,110,2,4027.4,72,2
11483,2026-07-02 11:57:37+05:30,4025.2,2,4042.21,1022534,144825.0,158260.0,4100.0,4110.0,4012.0,4092.6,24311700,4501.8,3683.4,4440.0,3288.1,4025.2,68,1,4025.0,31,4,4024.8,68,2,4024.7,73,3,4024.6,88,2,4026.1,65,1,4026.4,83,1,4026.6,5,1,4026.7,12,1,4027.0,38,1
11483,2026-07-02 11:57:38+05:30,4026.0,6,4042.21,1022534,144825.0,158260.0,4100.0,4110.0,4012.0,4092.6,24311700,4501.8,3683.4,4440.0,3288.1,4025.2,68,1,4025.0,31,4,4024.8,68,2,4024.7,73,3,4024.6,88,2,4026.1,65,1,4026.4,83,1,4026.6,5,1,4026.7,12,1,4027.0,38,1
11483,2026-07-02 11:57:38+05:30,4026.0,6,4042.21,1022627,144768.0,158218.0,4100.0,4110.0,4012.0,4092.6,24311700,4501.8,3683.4,4440.0,3288.1,4025.0,16,2,4024.6,38,1,4024.4,67,2,4024.3,33,3,4024.2,47,4,4026.0,69,2,4026.1,65,1,4026.3,12,1,4026.4,103,2,4026.6,35,3
11483,2026-07-02 11:57:39+05:30,4026.0,2,4042.21,1022627,144768.0,158218.0,4100.0,4110.0,4012.0,4092.6,24311700,4501.8,3683.4,4440.0,3288.1,4025.0,16,2,4024.6,38,1,4024.4,67,2,4024.3,33,3,4024.2,47,4,4026.0,69,2,4026.1,65,1,4026.3,12,1,4026.4,103,2,4026.6,35,3
11483,2026-07-02 11:57:39+05:30,4026.0,1,4042.21,1022716,144973.0,158214.0,4100.0,4110.0,4012.0,4092.6,24311700,4501.8,3683.4,4440.0,3288.1,4024.8,14,1,4024.7,35,3,4024.6,55,4,4024.5,67,4,4024.4,25,3,4026.0,134,3,4026.1,83,1,4026.2,65,1,4026.4,5,1,4026.7,26,1
11483,2026-07-02 11:57:40+05:30,4025.9,1,4042.21,1022716,144973.0,158214.0,4100.0,4110.0,4012.0,4092.6,24311700,4501.8,3683.4,4440.0,3288.1,4024.8,14,1,4024.7,35,3,4024.6,55,4,4024.5,67,4,4024.4,25,3,4026.0,134,3,4026.1,83,1,4026.2,65,1,4026.4,5,1,4026.7,26,1
11483,2026-07-02 11:57:40+05:30,4025.9,1,4042.21,1022727,144962.0,158374.0,4100.0,4110.0,4012.0,4092.6,24311700,4501.8,3683.4,4440.0,3288.1,4024.7,32,2,4024.6,55,4,4024.5,55,3,4024.4,85,4,4024.3,86,6,4025.9,99,1,4026.0,135,4,4026.1,83,1,4026.2,65,1,4026.4,5,1
11483,2026-07-02 11:57:41+05:30,4025.9,8,4042.21,1022727,144962.0,158374.0,4100.0,4110.0,4012.0,4092.6,24311700,4501.8,3683.4,4440.0,3288.1,4024.7,32,2,4024.6,55,4,4024.5,55,3,4024.4,85,4,4024.3,86,6,4025.9,99,1,4026.0,135,4,4026.1,83,1,4026.2,65,1,4026.4,5,1
11483,2026-07-02 11:57:41+05:30,4025.9,8,4042.2,1022784,144838.0,158172.0,4100.0,4110.0,4012.0,4092.6,24311700,4501.8,3683.4,4440.0,3288.1,4024.8,2,1,4024.7,21,3,4024.6,65,5,4024.5,55,3,4024.4,25,3,4025.9,156,2,4026.0,150,4,4026.2,68,1,4026.4,5,1,4026.8,15,2
11483,2026-07-02 11:57:42+05:30,4024.8,1,4042.2,1022784,144838.0,158172.0,4100.0,4110.0,4012.0,4092.6,24311700,4501.8,3683.4,4440.0,3288.1,4024.8,2,1,4024.7,21,3,4024.6,65,5,4024.5,55,3,4024.4,25,3,4025.9,156,2,4026.0,150,4,4026.2,68,1,4026.4,5,1,4026.8,15,2
11483,2026-07-02 11:57:42+05:30,4024.8,1,4042.2,1022788,144243.0,158788.0,4100.0,4110.0,4012.0,4092.6,24311700,4501.8,3683.4,4440.0,3288.1,4024.7,1,1,4024.4,7,2,4024.3,10,1,4024.2,77,4,4024.1,83,4,4024.8,1,1,4025.8,48,1,4025.9,231,3,4026.0,150,4,4026.1,4,1
11483,2026-07-02 11:57:43+05:30,4024.4,2,4042.2,1022788,144243.0,158788.0,4100.0,4110.0,4012.0,4092.6,24311700,4501.8,3683.4,4440.0,3288.1,4024.7,1,1,4024.4,7,2,4024.3,10,1,4024.2,77,4,4024.1,83,4,4024.8,1,1,4025.8,48,1,4025.9,231,3,4026.0,150,4,4026.1,4,1
11483,2026-07-02 11:57:43+05:30,4024.4,2,4042.2,1022843,144162.0,158953.0,4100.0,4110.0,4012.0,4092.6,24311700,4501.8,3683.4,4440.0,3288.1,4024.2,17,1,4024.1,36,3,4024.0,481,5,4023.9,40,3,4023.8,13,2,4024.8,69,2,4024.9,65,1,4025.0,83,1,4025.8,48,1,4025.9,166,2
11483,2026-07-02 11:57:44+05:30,4024.8,16,4042.2,1022843,144162.0,158953.0,4100.0,4110.0,4012.0,4092.6,24311700,4501.8,3683.4,4440.0,3288.1,4024.2,17,1,4024.1,36,3,4024.0,481,5,4023.9,40,3,4023.8,13,2,4024.8,69,2,4024.9,65,1,4025.0,83,1,4025.8,48,1,4025.9,166,2
11483,2026-07-02 11:57:44+05:30,4024.8,16,4042.2,1022944,143805.0,159002.0,4100.0,4110.0,4012.0,4092.6,24311700,4501.8,3683.4,4440.0,3288.1,4024.0,452,3,4023.9,33,3,4023.8,18,3,4023.7,74,2,4023.6,82,4,4024.8,52,2,4024.9,121,2,4025.0,83,1,4025.9,171,3,4026.0,79,4
11483,2026-07-02 11:57:45+05:30,4024.0,59,4042.2,1022944,143805.0,159002.0,4100.0,4110.0,4012.0,4092.6,24311700,4501.8,3683.4,4440.0,3288.1,4024.0,452,3,4023.9,33,3,4023.8,18,3,4023.7,74,2,4023.6,82,4,4024.8,52,2,4024.9,121,2,4025.0,83,1,4025.9,171,3,4026.0,79,4
11483,2026-07-02 11:57:45+05:30,4024.0,59,4042.2,1023016,143749.0,159017.0,4100.0,4110.0,4012.0,4092.6,24311700,4501.8,3683.4,4440.0,3288.1,4024.0,381,3,4023.9,21,2,4023.8,18,3,4023.7,74,2,4023.6,80,3,4024.8,51,2,4024.9,121,2,4025.0,83,1,4025.9,171,3,4026.0,79,4
11483,2026-07-02 11:57:45+05:30,4024.0,59,4042.2,1023016,143749.0,159017.0,4100.0,4110.0,4012.0,4092.6,24311700,4501.8,3683.4,4440.0,3288.1,4024.0,381,3,4023.9,21,2,4023.8,18,3,4023.7,74,2,4023.6,80,3,4024.8,51,2,4024.9,121,2,4025.0,83,1,4025.9,171,3,4026.0,79,4
11483,2026-07-02 11:57:46+05:30,4024.0,59,4042.2,1023016,143749.0,159017.0,4100.0,4110.0,4012.0,4092.6,24311700,4501.8,3683.4,4440.0,3288.1,4024.0,381,3,4023.9,21,2,4023.8,18,3,4023.7,74,2,4023.6,80,3,4024.8,51,2,4024.9,121,2,4025.0,83,1,4025.9,171,3,4026.0,79,4
11483,2026-07-02 11:57:46+05:30,4025.0,277,4042.2,1023016,143749.0,159017.0,4100.0,4110.0,4012.0,4092.6,24311700,4501.8,3683.4,4440.0,3288.1,4024.0,381,3,4023.9,21,2,4023.8,18,3,4023.7,74,2,4023.6,80,3,4024.8,51,2,4024.9,121,2,4025.0,83,1,4025.9,171,3,4026.0,79,4
11483,2026-07-02 11:57:46+05:30,4025.0,277,4042.18,1024001,144828.0,158113.0,4100.0,4110.0,4012.0,4092.6,24311700,4501.8,3683.4,4440.0,3288.1,4025.0,300,1,4024.5,37,6,4024.4,4,1,4024.3,38,1,4024.2,33,2,4025.9,171,3,4026.0,67,3,4026.4,5,1,4026.5,24,1,4026.7,202,2
11483,2026-07-02 11:57:46+05:30,4025.0,277,4042.18,1024001,144828.0,158113.0,4100.0,4110.0,4012.0,4092.6,24311700,4501.8,3683.4,4440.0,3288.1,4025.0,300,1,4024.5,37,6,4024.4,4,1,4024.3,38,1,4024.2,33,2,4025.9,171,3,4026.0,67,3,4026.4,5,1,4026.5,24,1,4026.7,202,2
11483,2026-07-02 11:57:47+05:30,4025.0,277,4042.18,1024001,144828.0,158113.0,4100.0,4110.0,4012.0,4092.6,24311700,4501.8,3683.4,4440.0,3288.1,4025.0,300,1,4024.5,37,6,4024.4,4,1,4024.3,38,1,4024.2,33,2,4025.9,171,3,4026.0,67,3,4026.4,5,1,4026.5,24,1,4026.7,202,2
11483,2026-07-02 11:57:47+05:30,4025.1,6,4042.18,1024001,144828.0,158113.0,4100.0,4110.0,4012.0,4092.6,24311700,4501.8,3683.4,4440.0,3288.1,4025.0,300,1,4024.5,37,6,4024.4,4,1,4024.3,38,1,4024.2,33,2,4025.9,171,3,4026.0,67,3,4026.4,5,1,4026.5,24,1,4026.7,202,2
11483,2026-07-02 11:57:47+05:30,4025.1,6,4042.17,1024824,144902.0,158623.0,4100.0,4110.0,4012.0,4092.6,24311700,4501.8,3683.4,4440.0,3288.1,4025.0,302,3,4024.9,54,2,4024.8,42,1,4024.6,42,1,4024.5,38,5,4025.1,73,1,4025.9,171,3,4026.0,137,4,4026.1,68,1,4026.5,19,1
11483,2026-07-02 11:57:47+05:30,4025.1,6,4042.17,1024824,144902.0,158623.0,4100.0,4110.0,4012.0,4092.6,24311700,4501.8,3683.4,4440.0,3288.1,4025.0,302,3,4024.9,54,2,4024.8,42,1,4024.6,42,1,4024.5,38,5,4025.1,73,1,4025.9,171,3,4026.0,137,4,4026.1,68,1,4026.5,19,1
11483,2026-07-02 11:57:48+05:30,4025.1,6,4042.17,1024824,144902.0,158623.0,4100.0,4110.0,4012.0,4092.6,24311700,4501.8,3683.4,4440.0,3288.1,4025.0,302,3,4024.9,54,2,4024.8,42,1,4024.6,42,1,4024.5,38,5,4025.1,73,1,4025.9,171,3,4026.0,137,4,4026.1,68,1,4026.5,19,1
11483,2026-07-02 11:57:48+05:30,4025.0,18,4042.17,1024824,144902.0,158623.0,4100.0,4110.0,4012.0,4092.6,24311700,4501.8,3683.4,4440.0,3288.1,4025.0,302,3,4024.9,54,2,4024.8,42,1,4024.6,42,1,4024.5,38,5,4025.1,73,1,4025.9,171,3,4026.0,137,4,4026.1,68,1,4026.5,19,1
11483,2026-07-02 11:57:48+05:30,4025.0,18,4042.17,1025102,144666.0,158442.0,4100.0,4110.0,4012.0,4092.6,24311700,4501.8,3683.4,4440.0,3288.1,4025.0,87,2,4024.9,42,1,4024.8,60,2,4024.6,42,1,4024.5,30,5,4025.1,79,1,4025.9,171,3,4026.0,312,5,4026.1,68,1,4026.5,21,2
11483,2026-07-02 11:57:48+05:30,4025.0,18,4042.17,1025102,144666.0,158442.0,4100.0,4110.0,4012.0,4092.6,24311700,4501.8,3683.4,4440.0,3288.1,4025.0,87,2,4024.9,42,1,4024.8,60,2,4024.6,42,1,4024.5,30,5,4025.1,79,1,4025.9,171,3,4026.0,312,5,4026.1,68,1,4026.5,21,2
11483,2026-07-02 11:57:49+05:30,4025.0,18,4042.17,1025102,144666.0,158442.0,4100.0,4110.0,4012.0,4092.6,24311700,4501.8,3683.4,4440.0,3288.1,4025.0,87,2,4024.9,42,1,4024.8,60,2,4024.6,42,1,4024.5,30,5,4025.1,79,1,4025.9,171,3,4026.0,312,5,4026.1,68,1,4026.5,21,2
11483,2026-07-02 11:57:49+05:30,4025.9,2,4042.17,1025102,144666.0,158442.0,4100.0,4110.0,4012.0,4092.6,24311700,4501.8,3683.4,4440.0,3288.1,4025.0,87,2,4024.9,42,1,4024.8,60,2,4024.6,42,1,4024.5,30,5,4025.1,79,1,4025.9,171,3,4026.0,312,5,4026.1,68,1,4026.5,21,2
11483,2026-07-02 11:57:49+05:30,4025.9,2,4042.17,1025102,144666.0,158442.0,4100.0,4110.0,4012.0,4092.6,24311700,4501.8,3683.4,4440.0,3288.1,4025.0,87,2,4024.9,42,1,4024.8,60,2,4024.6,42,1,4024.5,30,5,4025.1,79,1,4025.9,171,3,4026.0,312,5,4026.1,68,1,4026.5,21,2
11483,2026-07-02 11:57:49+05:30,4025.9,2,4042.16,1025235,144628.0,158547.0,4100.0,4110.0,4012.0,4092.6,24311700,4501.8,3683.4,4440.0,3288.1,4025.4,42,1,4025.1,81,1,4025.0,12,1,4024.9,42,1,4024.8,60,2,4025.9,169,3,4026.0,312,5,4026.1,68,1,4026.4,5,1,4026.5,5,2
11483,2026-07-02 11:57:49+05:30,4025.9,2,4042.16,1025235,144628.0,158547.0,4100.0,4110.0,4012.0,4092.6,24338650,4501.8,3683.4,4440.0,3288.1,4025.4,42,1,4025.1,81,1,4025.0,12,1,4024.9,42,1,4024.8,60,2,4025.9,169,3,4026.0,312,5,4026.1,68,1,4026.4,5,1,4026.5,5,2
11483,2026-07-02 11:57:50+05:30,4025.9,2,4042.16,1025235,144628.0,158547.0,4100.0,4110.0,4012.0,4092.6,24338650,4501.8,3683.4,4440.0,3288.1,4025.4,42,1,4025.1,81,1,4025.0,12,1,4024.9,42,1,4024.8,60,2,4025.9,169,3,4026.0,312,5,4026.1,68,1,4026.4,5,1,4026.5,5,2
11483,2026-07-02 11:57:50+05:30,4025.4,16,4042.16,1025235,144628.0,158547.0,4100.0,4110.0,4012.0,4092.6,24338650,4501.8,3683.4,4440.0,3288.1,4025.4,42,1,4025.1,81,1,4025.0,12,1,4024.9,42,1,4024.8,60,2,4025.9,169,3,4026.0,312,5,4026.1,68,1,4026.4,5,1,4026.5,5,2
11483,2026-07-02 11:57:50+05:30,4025.4,16,4042.16,1025251,144621.0,158718.0,4100.0,4110.0,4012.0,4092.6,24338650,4501.8,3683.4,4440.0,3288.1,4025.7,81,1,4025.4,26,1,4025.3,42,1,4025.2,42,1,4025.0,54,2,4025.9,169,3,4026.0,312,5,4026.1,68,1,4026.4,5,1,4026.6,6,2
11483,2026-07-02 11:57:50+05:30,4025.4,16,4042.16,1025251,144621.0,158718.0,4100.0,4110.0,4012.0,4092.6,24338650,4501.8,3683.4,4440.0,3288.1,4025.7,81,1,4025.4,26,1,4025.3,42,1,4025.2,42,1,4025.0,54,2,4025.9,169,3,4026.0,312,5,4026.1,68,1,4026.4,5,1,4026.6,6,2
11483,2026-07-02 11:57:51+05:30,4025.4,16,4042.16,1025251,144621.0,158718.0,4100.0,4110.0,4012.0,4092.6,24338650,4501.8,3683.4,4440.0,3288.1,4025.7,81,1,4025.4,26,1,4025.3,42,1,4025.2,42,1,4025.0,54,2,4025.9,169,3,4026.0,312,5,4026.1,68,1,4026.4,5,1,4026.6,6,2
11483,2026-07-02 11:57:51+05:30,4025.7,2,4042.16,1025251,144621.0,158718.0,4100.0,4110.0,4012.0,4092.6,24338650,4501.8,3683.4,4440.0,3288.1,4025.7,81,1,4025.4,26,1,4025.3,42,1,4025.2,42,1,4025.0,54,2,4025.9,169,3,4026.0,312,5,4026.1,68,1,4026.4,5,1,4026.6,6,2
11483,2026-07-02 11:57:51+05:30,4025.7,2,4042.16,1025253,144599.0,158721.0,4100.0,4110.0,4012.0,4092.6,24338650,4501.8,3683.4,4440.0,3288.1,4025.7,121,2,4025.6,42,1,4025.4,68,2,4025.0,12,1,4024.9,12,1,4025.9,169,3,4026.0,312,5,4026.1,68,1,4026.6,4,1,4026.7,3,1
11483,2026-07-02 11:57:51+05:30,4025.7,2,4042.16,1025253,144599.0,158721.0,4100.0,4110.0,4012.0,4092.6,24338650,4501.8,3683.4,4440.0,3288.1,4025.7,121,2,4025.6,42,1,4025.4,68,2,4025.0,12,1,4024.9,12,1,4025.9,169,3,4026.0,312,5,4026.1,68,1,4026.6,4,1,4026.7,3,1
11483,2026-07-02 11:57:52+05:30,4025.9,4,4042.16,1025253,144599.0,158721.0,4100.0,4110.0,4012.0,4092.6,24338650,4501.8,3683.4,4440.0,3288.1,4025.7,121,2,4025.6,42,1,4025.4,68,2,4025.0,12,1,4024.9,12,1,4025.9,169,3,4026.0,312,5,4026.1,68,1,4026.6,4,1,4026.7,3,1
11483,2026-07-02 11:57:52+05:30,4025.9,4,4042.16,1025257,144698.0,158632.0,4100.0,4110.0,4012.0,4092.6,24338650,4501.8,3683.4,4440.0,3288.1,4025.8,1,1,4025.7,121,2,4025.6,42,1,4025.4,68,2,4025.0,12,1,4025.9,165,3,4026.0,312,5,4026.1,68,1,4026.6,4,1,4026.8,3,1
11483,2026-07-02 11:57:53+05:30,4025.7,73,4042.16,1025257,144698.0,158632.0,4100.0,4110.0,4012.0,4092.6,24338650,4501.8,3683.4,4440.0,3288.1,4025.8,1,1,4025.7,121,2,4025.6,42,1,4025.4,68,2,4025.0,12,1,4025.9,165,3,4026.0,312,5,4026.1,68,1,4026.6,4,1,4026.8,3,1
11483,2026-07-02 11:57:53+05:30,4025.7,73,4042.16,1025333,144966.0,158565.0,4100.0,4110.0,4012.0,4092.6,24338650,4501.8,3683.4,4440.0,3288.1,4025.7,48,2,4025.6,42,1,4025.4,68,2,4025.0,12,1,4024.9,12,1,4025.9,90,2,4026.0,312,5,4026.1,68,1,4026.6,4,1,4026.8,3,1
11483,2026-07-02 11:57:54+05:30,4025.9,2,4042.16,1025333,144966.0,158565.0,4100.0,4110.0,4012.0,4092.6,24338650,4501.8,3683.4,4440.0,3288.1,4025.7,48,2,4025.6,42,1,4025.4,68,2,4025.0,12,1,4024.9,12,1,4025.9,90,2,4026.0,312,5,4026.1,68,1,4026.6,4,1,4026.8,3,1
11483,2026-07-02 11:57:54+05:30,4025.9,2,4042.16,1025365,145035.0,158651.0,4100.0,4110.0,4012.0,4092.6,24338650,4501.8,3683.4,4440.0,3288.1,4025.7,39,1,4025.6,42,1,4025.4,68,2,4025.0,23,2,4024.9,24,2,4025.9,67,2,4026.0,312,5,4026.1,68,1,4026.9,3,2,4027.0,52,3
11483,2026-07-02 11:57:55+05:30,4025.7,5,4042.16,1025409,144918.0,158131.0,4100.0,4110.0,4012.0,4092.6,24338650,4501.8,3683.4,4440.0,3288.1,4025.7,40,1,4025.6,42,1,4025.4,68,2,4025.0,23,2,4024.9,12,1,4025.9,67,2,4026.0,137,4,4026.1,68,1,4026.9,1,1,4027.0,24,1
11483,2026-07-02 11:57:55+05:30,4025.7,5,4042.16,1025409,144918.0,158131.0,4100.0,4110.0,4012.0,4092.6,24338650,4501.8,3683.4,4440.0,3288.1,4025.7,40,1,4025.6,42,1,4025.4,68,2,4025.0,23,2,4024.9,12,1,4025.9,67,2,4026.0,137,4,4026.1,68,1,4026.9,1,1,4027.0,24,1
11483,2026-07-02 11:57:56+05:30,4025.9,4,4042.16,1025421,145054.0,158253.0,4100.0,4110.0,4012.0,4092.6,24338650,4501.8,3683.4,4440.0,3288.1,4025.7,35,1,4025.6,42,1,4025.4,68,2,4025.0,23,2,4024.9,24,1,4025.9,60,2,4026.0,137,4,4026.1,68,1,4026.8,5,1,4026.9,25,2
11483,2026-07-02 11:57:56+05:30,4025.7,2,4042.16,1025421,145054.0,158253.0,4100.0,4110.0,4012.0,4092.6,24338650,4501.8,3683.4,4440.0,3288.1,4025.7,35,1,4025.6,42,1,4025.4,68,2,4025.0,23,2,4024.9,24,1,4025.9,60,2,4026.0,137,4,4026.1,68,1,4026.8,5,1,4026.9,25,2
11483,2026-07-02 11:57:57+05:30,4025.7,2,4042.16,1025423,145026.0,158928.0,4100.0,4110.0,4012.0,4092.6,24338650,4501.8,3683.4,4440.0,3288.1,4025.7,33,1,4025.6,42,1,4025.4,68,2,4025.0,23,2,4024.8,41,3,4025.9,60,2,4026.0,137,4,4026.1,68,1,4026.8,12,1,4026.9,30,3
11483,2026-07-02 11:57:58+05:30,4025.9,36,4042.16,1025461,145179.0,158797.0,4100.0,4110.0,4012.0,4092.6,24338650,4501.8,3683.4,4440.0,3288.1,4025.7,139,2,4025.1,12,1,4025.0,23,2,4024.8,77,5,4024.7,15,2,4025.9,22,2,4026.0,67,3,4026.9,30,3,4027.1,48,2,4027.2,85,4
11483,2026-07-02 11:57:58+05:30,4025.7,5,4042.16,1025461,145179.0,158797.0,4100.0,4110.0,4012.0,4092.6,24338650,4501.8,3683.4,4440.0,3288.1,4025.7,139,2,4025.1,12,1,4025.0,23,2,4024.8,77,5,4024.7,15,2,4025.9,22,2,4026.0,67,3,4026.9,30,3,4027.1,48,2,4027.2,85,4
11483,2026-07-02 11:57:59+05:30,4025.8,50,4042.16,1025528,145052.0,158802.0,4100.0,4110.0,4012.0,4092.6,24338650,4501.8,3683.4,4440.0,3288.1,4025.7,129,2,4025.0,12,1,4024.8,65,4,4024.7,12,1,4024.6,19,2,4025.8,24,1,4025.9,64,3,4026.0,109,4,4026.1,42,1,4026.3,42,1
11483,2026-07-02 11:57:59+05:30,4025.7,8,4042.16,1025528,145052.0,158802.0,4100.0,4110.0,4012.0,4092.6,24338650,4501.8,3683.4,4440.0,3288.1,4025.7,129,2,4025.0,12,1,4024.8,65,4,4024.7,12,1,4024.6,19,2,4025.8,24,1,4025.9,64,3,4026.0,109,4,4026.1,42,1,4026.3,42,1
11483,2026-07-02 11:58:00+05:30,4025.8,1,4042.16,1025537,145347.0,158825.0,4100.0,4110.0,4012.0,4092.6,24338650,4501.8,3683.4,4440.0,3288.1,4025.7,121,2,4025.2,8,1,4025.0,22,2,4024.9,12,1,4024.8,65,4,4025.8,23,1,4025.9,64,3,4026.0,109,4,4026.1,42,1,4026.3,42,1
11483,2026-07-02 11:58:00+05:30,4025.7,3,4042.16,1025537,145347.0,158825.0,4100.0,4110.0,4012.0,4092.6,24338650,4501.8,3683.4,4440.0,3288.1,4025.7,121,2,4025.2,8,1,4025.0,22,2,4024.9,12,1,4024.8,65,4,4025.8,23,1,4025.9,64,3,4026.0,109,4,4026.1,42,1,4026.3,42,1
11483,2026-07-02 11:58:01+05:30,4026.0,8,4042.16,1025537,145347.0,158825.0,4100.0,4110.0,4012.0,4092.6,24338650,4501.8,3683.4,4440.0,3288.1,4025.7,121,2,4025.2,8,1,4025.0,22,2,4024.9,12,1,4024.8,65,4,4025.8,23,1,4025.9,64,3,4026.0,109,4,4026.1,42,1,4026.3,42,1
11483,2026-07-02 11:58:01+05:30,4026.0,8,4042.16,1025714,145571.0,158913.0,4100.0,4110.0,4012.0,4092.6,24338650,4501.8,3683.4,4440.0,3288.1,4025.7,104,2,4025.0,22,2,4024.9,11,1,4024.8,80,6,4024.7,65,2,4025.9,39,1,4026.0,80,3,4026.1,42,1,4026.3,42,1,4026.7,175,1
11483,2026-07-02 11:58:02+05:30,4025.7,21,4042.16,1025714,145571.0,158913.0,4100.0,4110.0,4012.0,4092.6,24338650,4501.8,3683.4,4440.0,3288.1,4025.7,104,2,4025.0,22,2,4024.9,11,1,4024.8,80,6,4024.7,65,2,4025.9,39,1,4026.0,80,3,4026.1,42,1,4026.3,42,1,4026.7,175,1
11483,2026-07-02 11:58:02+05:30,4025.7,21,4042.15,1025735,145579.0,158854.0,4100.0,4110.0,4012.0,4092.6,24338650,4501.8,3683.4,4440.0,3288.1,4025.8,1,1,4025.7,83,2,4025.0,22,2,4024.9,43,2,4024.8,80,6,4026.0,38,2,4026.1,42,1,4026.2,42,1,4026.4,42,1,4026.7,175,1
11483,2026-07-02 11:58:03+05:30,4025.9,99,4042.15,1025735,145579.0,158854.0,4100.0,4110.0,4012.0,4092.6,24338650,4501.8,3683.4,4440.0,3288.1,4025.8,1,1,4025.7,83,2,4025.0,22,2,4024.9,43,2,4024.8,80,6,4026.0,38,2,4026.1,42,1,4026.2,42,1,4026.4,42,1,4026.7,175,1
11483,2026-07-02 11:58:03+05:30,4025.9,10,4042.15,1025872,145299.0,158659.0,4100.0,4110.0,4012.0,4092.6,24338650,4501.8,3683.4,4440.0,3288.1,4025.8,74,1,4025.7,133,3,4025.0,12,1,4024.9,11,1,4024.8,23,2,4025.9,29,1,4026.0,80,3,4026.1,42,1,4026.2,42,1,4026.4,42,1
11483,2026-07-02 11:58:04+05:30,4025.9,1,4042.15,1025872,145299.0,158659.0,4100.0,4110.0,4012.0,4092.6,24338650,4501.8,3683.4,4440.0,3288.1,4025.8,74,1,4025.7,133,3,4025.0,12,1,4024.9,11,1,4024.8,23,2,4025.9,29,1,4026.0,80,3,4026.1,42,1,4026.2,42,1,4026.4,42,1
11483,2026-07-02 11:58:04+05:30,4025.9,18,4042.15,1026036,145250.0,158557.0,4100.0,4110.0,4012.0,4092.6,24338650,4501.8,3683.4,4440.0,3288.1,4025.8,1,1,4025.7,133,3,4025.0,12,1,4024.9,11,1,4024.8,23,2,4025.9,22,1,4026.0,2,2,4026.1,42,1,4026.2,42,1,4026.4,42,1
11483,2026-07-02 11:58:05+05:30,4025.8,1,4042.15,1026036,145250.0,158557.0,4100.0,4110.0,4012.0,4092.6,24338650,4501.8,3683.4,4440.0,3288.1,4025.8,1,1,4025.7,133,3,4025.0,12,1,4024.9,11,1,4024.8,23,2,4025.9,22,1,4026.0,2,2,4026.1,42,1,4026.2,42,1,4026.4,42,1
11483,2026-07-02 11:58:05+05:30,4025.8,1,4042.15,1026037,144878.0,158749.0,4100.0,4110.0,4012.0,4092.6,24338650,4501.8,3683.4,4440.0,3288.1,4025.7,133,3,4025.0,12,1,4024.9,11,1,4024.8,23,2,4024.7,43,3,4025.8,24,3,4025.9,175,1,4026.0,44,3,4026.1,42,1,4026.3,42,1
11483,2026-07-02 11:58:06+05:30,4025.8,6,4042.15,1026037,144878.0,158749.0,4100.0,4110.0,4012.0,4092.6,24338650,4501.8,3683.4,4440.0,3288.1,4025.7,133,3,4025.0,12,1,4024.9,11,1,4024.8,23,2,4024.7,43,3,4025.8,24,3,4025.9,175,1,4026.0,44,3,4026.1,42,1,4026.3,42,1
11483,2026-07-02 11:58:06+05:30,4025.8,6,4042.15,1026044,145023.0,158685.0,4100.0,4110.0,4012.0,4092.6,24338650,4501.8,3683.4,4440.0,3288.1,4025.7,133,3,4025.0,129,2,4024.9,11,1,4024.8,23,2,4024.7,43,3,4025.8,19,3,4025.9,175,1,4026.0,44,3,4026.1,42,1,4026.3,42,1
11483,2026-07-02 11:58:07+05:30,4025.7,1,4042.15,1026044,145023.0,158685.0,4100.0,4110.0,4012.0,4092.6,24338650,4501.8,3683.4,4440.0,3288.1,4025.7,133,3,4025.0,129,2,4024.9,11,1,4024.8,23,2,4024.7,43,3,4025.8,19,3,4025.9,175,1,4026.0,44,3,4026.1,42,1,4026.3,42,1
11483,2026-07-02 11:58:07+05:30,4025.7,10,4042.15,1026187,145148.0,158775.0,4100.0,4110.0,4012.0,4092.6,24338650,4501.8,3683.4,4440.0,3288.1,4025.0,130,3,4024.8,23,2,4024.7,13,1,4024.6,281,3,4024.5,16,1,4025.7,34,1,4025.8,19,3,4026.0,44,3,4026.1,42,1,4026.3,42,1
11483,2026-07-02 11:58:08+05:30,4025.0,34,4042.15,1026187,145148.0,158775.0,4100.0,4110.0,4012.0,4092.6,24338650,4501.8,3683.4,4440.0,3288.1,4025.0,130,3,4024.8,23,2,4024.7,13,1,4024.6,281,3,4024.5,16,1,4025.7,34,1,4025.8,19,3,4026.0,44,3,4026.1,42,1,4026.3,42,1
11483,2026-07-02 11:58:08+05:30,4025.0,34,4042.15,1026238,145613.0,158934.0,4100.0,4110.0,4012.0,4092.6,24338650,4501.8,3683.4,4440.0,3288.1,4025.0,674,3,4024.8,23,2,4024.7,13,1,4024.6,263,2,4024.5,16,1,4025.2,16,1,4025.4,42,1,4025.5,42,1,4025.7,42,1,4025.8,3,2
11483,2026-07-02 11:58:09+05:30,4025.3,1,4042.15,1026238,145613.0,158934.0,4100.0,4110.0,4012.0,4092.6,24338650,4501.8,3683.4,4440.0,3288.1,4025.0,674,3,4024.8,23,2,4024.7,13,1,4024.6,263,2,4024.5,16,1,4025.2,16,1,4025.4,42,1,4025.5,42,1,4025.7,42,1,4025.8,3,2
11483,2026-07-02 11:58:09+05:30,4025.3,1,4042.15,1026245,145608.0,158979.0,4100.0,4110.0,4012.0,4092.6,24338650,4501.8,3683.4,4440.0,3288.1,4025.0,668,3,4024.8,23,2,4024.7,13,1,4024.6,263,2,4024.5,16,1,4025.2,15,1,4025.3,41,1,4025.5,42,1,4025.7,42,1,4025.8,3,2
11483,2026-07-02 11:58:10+05:30,4025.0,1,4042.15,1026245,145608.0,158979.0,4100.0,4110.0,4012.0,4092.6,24338650,4501.8,3683.4,4440.0,3288.1,4025.0,668,3,4024.8,23,2,4024.7,13,1,4024.6,263,2,4024.5,16,1,4025.2,15,1,4025.3,41,1,4025.5,42,1,4025.7,42,1,4025.8,3,2
11483,2026-07-02 11:58:10+05:30,4025.0,1,4042.15,1026246,145581.0,158984.0,4100.0,4110.0,4012.0,4092.6,24338650,4501.8,3683.4,4440.0,3288.1,4025.0,667,3,4024.8,23,2,4024.6,250,1,4024.5,16,1,4024.4,268,3,4025.2,15,1,4025.3,41,1,4025.5,42,1,4025.7,42,1,4025.8,3,2
11483,2026-07-02 11:58:11+05:30,4025.2,1,4042.15,1026247,145671.0,159045.0,4100.0,4110.0,4012.0,4092.6,24338650,4501.8,3683.4,4440.0,3288.1,4025.2,3,1,4025.0,667,3,4024.8,23,2,4024.6,250,1,4024.5,16,1,4025.3,56,2,4025.6,42,1,4025.8,45,3,4025.9,175,1,4026.0,17,3
11483,2026-07-02 11:58:12+05:30,4025.2,1,4042.15,1026247,145671.0,159045.0,4100.0,4110.0,4012.0,4092.6,24338650,4501.8,3683.4,4440.0,3288.1,4025.2,3,1,4025.0,667,3,4024.8,23,2,4024.6,250,1,4024.5,16,1,4025.3,56,2,4025.6,42,1,4025.8,45,3,4025.9,175,1,4026.0,17,3
11483,2026-07-02 11:58:12+05:30,4025.3,1,4042.15,1026248,145764.0,159006.0,4100.0,4110.0,4012.0,4092.6,24338650,4501.8,3683.4,4440.0,3288.1,4025.2,4,2,4025.0,667,3,4024.8,23,2,4024.6,250,1,4024.5,16,1,4025.3,55,2,4025.6,42,1,4025.8,45,3,4025.9,175,1,4026.0,17,3
11483,2026-07-02 11:58:13+05:30,4025.3,3,4042.15,1026248,145764.0,159006.0,4100.0,4110.0,4012.0,4092.6,24338650,4501.8,3683.4,4440.0,3288.1,4025.2,4,2,4025.0,667,3,4024.8,23,2,4024.6,250,1,4024.5,16,1,4025.3,55,2,4025.6,42,1,4025.8,45,3,4025.9,175,1,4026.0,17,3
11483,2026-07-02 11:58:13+05:30,4025.3,11,4042.15,1026262,145990.0,158994.0,4100.0,4110.0,4012.0,4092.6,24338650,4501.8,3683.4,4440.0,3288.1,4025.2,2,2,4025.0,667,3,4024.8,23,2,4024.7,230,1,4024.6,250,1,4025.3,41,2,4025.6,42,1,4025.8,45,3,4025.9,175,1,4026.0,17,3
11483,2026-07-02 11:58:14+05:30,4025.0,1,4042.15,1026262,145990.0,158994.0,4100.0,4110.0,4012.0,4092.6,24338650,4501.8,3683.4,4440.0,3288.1,4025.2,2,2,4025.0,667,3,4024.8,23,2,4024.7,230,1,4024.6,250,1,4025.3,41,2,4025.6,42,1,4025.8,45,3,4025.9,175,1,4026.0,17,3
11483,2026-07-02 11:58:14+05:30,4025.0,31,4042.15,1026299,146201.0,159403.0,4100.0,4110.0,4012.0,4092.6,24338650,4501.8,3683.4,4440.0,3288.1,4025.0,636,4,4024.8,5,1,4024.7,230,1,4024.6,250,1,4024.5,16,1,4025.2,81,1,4025.3,41,2,4025.5,42,1,4025.7,42,1,4025.8,3,2
11483,2026-07-02 11:58:15+05:30,4025.0,4,4042.15,1026299,146201.0,159403.0,4100.0,4110.0,4012.0,4092.6,24338650,4501.8,3683.4,4440.0,3288.1,4025.0,636,4,4024.8,5,1,4024.7,230,1,4024.6,250,1,4024.5,16,1,4025.2,81,1,4025.3,41,2,4025.5,42,1,4025.7,42,1,4025.8,3,2
11483,2026-07-02 11:58:15+05:30,4025.2,1,4042.15,1026304,146150.0,159277.0,4100.0,4110.0,4012.0,4092.6,24338650,4501.8,3683.4,4440.0,3288.1,4025.0,632,4,4024.8,5,1,4024.7,230,1,4024.6,250,1,4024.4,252,2,4025.2,81,1,4025.3,41,2,4025.4,42,1,4025.6,42,1,4025.8,178,3
11483,2026-07-02 11:58:16+05:30,4025.2,3,4042.15,1026304,146150.0,159277.0,4100.0,4110.0,4012.0,4092.6,24338650,4501.8,3683.4,4440.0,3288.1,4025.0,632,4,4024.8,5,1,4024.7,230,1,4024.6,250,1,4024.4,252,2,4025.2,81,1,4025.3,41,2,4025.4,42,1,4025.6,42,1,4025.8,178,3
11483,2026-07-02 11:58:16+05:30,4025.3,1,4042.15,1026313,146130.0,158946.0,4100.0,4110.0,4012.0,4092.6,24338650,4501.8,3683.4,4440.0,3288.1,4025.0,632,5,4024.8,5,1,4024.7,230,1,4024.6,250,1,4024.4,252,2,4025.3,12,1,4025.8,178,3,4026.0,30,4,4026.2,22,1,4026.5,12,1
11483,2026-07-02 11:58:17+05:30,4025.0,1,4042.15,1026313,146130.0,158946.0,4100.0,4110.0,4012.0,4092.6,24338650,4501.8,3683.4,4440.0,3288.1,4025.0,632,5,4024.8,5,1,4024.7,230,1,4024.6,250,1,4024.4,252,2,4025.3,12,1,4025.8,178,3,4026.0,30,4,4026.2,22,1,4026.5,12,1
11483,2026-07-02 11:58:17+05:30,4025.0,141,4042.14,1026489,145928.0,159016.0,4100.0,4110.0,4012.0,4092.6,24338650,4501.8,3683.4,4440.0,3288.1,4025.0,456,3,4024.8,5,1,4024.7,230,1,4024.6,250,1,4024.4,264,3,4025.3,12,1,4025.8,177,2,4026.0,17,3,4026.2,22,1,4026.8,57,2
11483,2026-07-02 11:58:18+05:30,4025.0,21,4042.14,1026489,145928.0,159016.0,4100.0,4110.0,4012.0,4092.6,24338650,4501.8,3683.4,4440.0,3288.1,4025.0,456,3,4024.8,5,1,4024.7,230,1,4024.6,250,1,4024.4,264,3,4025.3,12,1,4025.8,177,2,4026.0,17,3,4026.2,22,1,4026.8,57,2
11483,2026-07-02 11:58:19+05:30,4025.8,91,4042.14,1026615,146166.0,158410.0,4100.0,4110.0,4012.0,4092.6,24338650,4501.8,3683.4,4440.0,3288.1,4025.1,91,1,4025.0,466,5,4024.9,6,1,4024.8,8,2,4024.7,264,3,4025.8,2,1,4026.0,2,2,4026.7,5,1,4026.8,17,1,4026.9,6,2
11483,2026-07-02 11:58:19+05:30,4025.1,15,4042.14,1026615,146166.0,158410.0,4100.0,4110.0,4012.0,4092.6,24338650,4501.8,3683.4,4440.0,3288.1,4025.1,91,1,4025.0,466,5,4024.9,6,1,4024.8,8,2,4024.7,264,3,4025.8,2,1,4026.0,2,2,4026.7,5,1,4026.8,17,1,4026.9,6,2
11483,2026-07-02 11:58:20+05:30,4025.3,50,4042.14,1026680,146021.0,158716.0,4100.0,4110.0,4012.0,4092.6,24338650,4501.8,3683.4,4440.0,3288.1,4025.3,26,1,4025.2,15,1,4025.0,454,4,4024.8,17,2,4024.7,242,2,4025.8,2,1,4026.0,2,2,4026.6,5,1,4026.9,8,3,4027.0,69,3
11483,2026-07-02 11:58:20+05:30,4025.3,8,4042.14,1026680,146021.0,158716.0,4100.0,4110.0,4012.0,4092.6,24338650,4501.8,3683.4,4440.0,3288.1,4025.3,26,1,4025.2,15,1,4025.0,454,4,4024.8,17,2,4024.7,242,2,4025.8,2,1,4026.0,2,2,4026.6,5,1,4026.9,8,3,4027.0,69,3
11483,2026-07-02 11:58:21+05:30,4025.8,1,4042.14,1026689,146013.0,158721.0,4100.0,4110.0,4012.0,4092.6,24338650,4501.8,3683.4,4440.0,3288.1,4025.3,18,1,4025.2,15,1,4025.0,454,4,4024.8,5,1,4024.7,242,2,4025.8,1,1,4026.0,2,2,4026.6,5,1,4026.8,12,1,4026.9,8,3
11483,2026-07-02 11:58:21+05:30,4025.3,1,4042.14,1026689,146013.0,158721.0,4100.0,4110.0,4012.0,4092.6,24338650,4501.8,3683.4,4440.0,3288.1,4025.3,18,1,4025.2,15,1,4025.0,454,4,4024.8,5,1,4024.7,242,2,4025.8,1,1,4026.0,2,2,4026.6,5,1,4026.8,12,1,4026.9,8,3
11483,2026-07-02 11:58:22+05:30,4026.0,1,4042.14,1026707,146100.0,159016.0,4100.0,4110.0,4012.0,4092.6,24338650,4501.8,3683.4,4440.0,3288.1,4025.5,1,1,4025.2,15,1,4025.0,454,4,4024.8,5,1,4024.7,242,2,4025.9,175,1,4026.0,1,1,4026.5,12,1,4026.6,5,1,4026.7,19,1
11483,2026-07-02 11:58:22+05:30,4025.5,2,4042.14,1026707,146100.0,159016.0,4100.0,4110.0,4012.0,4092.6,24338650,4501.8,3683.4,4440.0,3288.1,4025.5,1,1,4025.2,15,1,4025.0,454,4,4024.8,5,1,4024.7,242,2,4025.9,175,1,4026.0,1,1,4026.5,12,1,4026.6,5,1,4026.7,19,1
11483,2026-07-02 11:58:23+05:30,4025.9,12,4042.14,1026707,146100.0,159016.0,4100.0,4110.0,4012.0,4092.6,24338650,4501.8,3683.4,4440.0,3288.1,4025.5,1,1,4025.2,15,1,4025.0,454,4,4024.8,5,1,4024.7,242,2,4025.9,175,1,4026.0,1,1,4026.5,12,1,4026.6,5,1,4026.7,19,1
11483,2026-07-02 11:58:23+05:30,4025.9,12,4042.14,1026721,146075.0,159068.0,4100.0,4110.0,4012.0,4092.6,24338650,4501.8,3683.4,4440.0,3288.1,4025.3,1,1,4025.2,15,1,4025.0,454,4,4024.8,5,1,4024.7,230,1,4025.9,163,1,4026.0,1,1,4026.5,12,1,4026.6,5,1,4026.7,19,1
11483,2026-07-02 11:58:24+05:30,4025.9,1,4042.14,1026721,146075.0,159068.0,4100.0,4110.0,4012.0,4092.6,24338650,4501.8,3683.4,4440.0,3288.1,4025.3,1,1,4025.2,15,1,4025.0,454,4,4024.8,5,1,4024.7,230,1,4025.9,163,1,4026.0,1,1,4026.5,12,1,4026.6,5,1,4026.7,19,1
11483,2026-07-02 11:58:24+05:30,4025.9,1,4042.14,1026735,146097.0,159371.0,4100.0,4110.0,4012.0,4092.6,24338650,4501.8,3683.4,4440.0,3288.1,4025.2,15,1,4025.0,435,3,4024.8,5,1,4024.7,230,1,4024.6,250,1,4025.7,22,1,4025.8,187,2,4025.9,3,1,4026.0,27,2,4026.2,37,2
11483,2026-07-02 11:58:25+05:30,4025.2,2,4042.14,1026735,146097.0,159371.0,4100.0,4110.0,4012.0,4092.6,24338650,4501.8,3683.4,4440.0,3288.1,4025.2,15,1,4025.0,435,3,4024.8,5,1,4024.7,230,1,4024.6,250,1,4025.7,22,1,4025.8,187,2,4025.9,3,1,4026.0,27,2,4026.2,37,2
11483,2026-07-02 11:58:25+05:30,4025.2,2,4042.14,1026737,146096.0,159376.0,4100.0,4110.0,4012.0,4092.6,24338650,4501.8,3683.4,4440.0,3288.1,4025.2,13,1,4025.0,435,3,4024.8,5,1,4024.7,230,1,4024.6,250,1,4025.7,22,1,4025.8,187,2,4025.9,3,1,4026.0,27,2,4026.2,37,2
11483,2026-07-02 11:58:26+05:30,4025.8,2,4042.14,1026737,146096.0,159376.0,4100.0,4110.0,4012.0,4092.6,24338650,4501.8,3683.4,4440.0,3288.1,4025.2,13,1,4025.0,435,3,4024.8,5,1,4024.7,230,1,4024.6,250,1,4025.7,22,1,4025.8,187,2,4025.9,3,1,4026.0,27,2,4026.2,37,2
11483,2026-07-02 11:58:26+05:30,4025.8,2,4042.14,1026739,146394.0,159000.0,4100.0,4110.0,4012.0,4092.6,24338650,4501.8,3683.4,4440.0,3288.1,4025.9,2,1,4025.8,1,1,4025.2,13,1,4025.0,435,3,4024.8,5,1,4026.3,22,1,4026.4,85,5,4026.5,56,5,4026.6,18,3,4026.7,16,2
11483,2026-07-02 11:58:27+05:30,4025.8,2,4042.14,1026739,146488.0,159002.0,4100.0,4110.0,4012.0,4092.6,24338650,4501.8,3683.4,4440.0,3288.1,4025.9,2,1,4025.8,1,1,4025.2,13,1,4025.1,17,1,4025.0,435,3,4026.3,22,1,4026.4,82,4,4026.5,39,3,4026.6,18,3,4026.7,16,2
11483,2026-07-02 11:58:28+05:30,4025.8,2,4042.14,1026739,146539.0,158753.0,4100.0,4110.0,4012.0,4092.6,24338650,4501.8,3683.4,4440.0,3288.1,4025.9,3,2,4025.8,1,1,4025.2,13,1,4025.1,50,1,4025.0,450,4,4026.3,22,1,4026.4,82,4,4026.5,41,4,4026.6,8,2,4026.7,16,2
11483,2026-07-02 11:58:29+05:30,4025.5,19,4042.14,1026739,146539.0,158753.0,4100.0,4110.0,4012.0,4092.6,24338650,4501.8,3683.4,4440.0,3288.1,4025.9,3,2,4025.8,1,1,4025.2,13,1,4025.1,50,1,4025.0,450,4,4026.3,22,1,4026.4,82,4,4026.5,41,4,4026.6,8,2,4026.7,16,2
11483,2026-07-02 11:58:29+05:30,4025.5,19,4042.14,1026781,145892.0,159048.0,4100.0,4110.0,4012.0,4092.6,24338650,4501.8,3683.4,4440.0,3288.1,4025.3,19,1,4025.2,16,2,4025.0,480,5,4024.8,5,1,4024.7,260,3,4026.0,16,1,4026.3,14,1,4026.4,93,4,4026.5,36,2,4026.6,3,1
11483,2026-07-02 11:58:30+05:30,4025.3,5,4042.14,1026781,145892.0,159048.0,4100.0,4110.0,4012.0,4092.6,24338650,4501.8,3683.4,4440.0,3288.1,4025.3,19,1,4025.2,16,2,4025.0,480,5,4024.8,5,1,4024.7,260,3,4026.0,16,1,4026.3,14,1,4026.4,93,4,4026.5,36,2,4026.6,3,1
11483,2026-07-02 11:58:30+05:30,4025.3,5,4042.14,1026786,145897.0,159058.0,4100.0,4110.0,4012.0,4092.6,24338650,4501.8,3683.4,4440.0,3288.1,4025.3,24,2,4025.2,16,2,4025.0,480,5,4024.8,5,1,4024.7,260,3,4026.0,17,2,4026.3,14,1,4026.4,93,4,4026.5,36,2,4026.6,3,1
11483,2026-07-02 11:58:31+05:30,4026.0,1,4042.14,1026786,145897.0,159058.0,4100.0,4110.0,4012.0,4092.6,24338650,4501.8,3683.4,4440.0,3288.1,4025.3,24,2,4025.2,16,2,4025.0,480,5,4024.8,5,1,4024.7,260,3,4026.0,17,2,4026.3,14,1,4026.4,93,4,4026.5,36,2,4026.6,3,1
11483,2026-07-02 11:58:31+05:30,4026.0,1,4042.14,1026788,146332.0,158766.0,4100.0,4110.0,4012.0,4092.6,24338650,4501.8,3683.4,4440.0,3288.1,4025.9,13,1,4025.8,4,3,4025.3,11,2,4025.2,16,2,4025.0,510,6,4026.4,37,2,4026.5,36,2,4026.7,7,2,4026.8,39,1,4026.9,40,2
11483,2026-07-02 11:58:32+05:30,4026.0,1,4042.14,1026788,146378.0,158830.0,4100.0,4110.0,4012.0,4092.6,24338650,4501.8,3683.4,4440.0,3288.1,4025.9,14,2,4025.8,4,3,4025.3,11,2,4025.2,16,2,4025.1,45,1,4026.4,15,1,4026.5,36,2,4026.7,7,2,4026.8,39,1,4026.9,40,2
11483,2026-07-02 11:58:33+05:30,4026.0,1,4042.14,1026788,146887.0,158613.0,4100.0,4110.0,4012.0,4092.6,24338650,4501.8,3683.4,4440.0,3288.1,4025.9,14,2,4025.8,4,3,4025.3,11,2,4025.2,64,3,4025.1,18,1,4026.7,20,1,4026.8,37,3,4026.9,1,1,4027.0,18,2,4027.1,86,4
11483,2026-07-02 11:58:34+05:30,4026.0,1,4042.14,1026788,146912.0,158621.0,4100.0,4110.0,4012.0,4092.6,24338650,4501.8,3683.4,4440.0,3288.1,4025.9,14,2,4025.8,4,3,4025.3,12,3,4025.2,83,4,4025.1,21,2,4026.7,20,1,4026.8,37,3,4026.9,1,1,4027.0,18,2,4027.1,86,4
11483,2026-07-02 11:58:35+05:30,4026.0,7,4042.14,1026788,146912.0,158621.0,4100.0,4110.0,4012.0,4092.6,24338650,4501.8,3683.4,4440.0,3288.1,4025.9,14,2,4025.8,4,3,4025.3,12,3,4025.2,83,4,4025.1,21,2,4026.7,20,1,4026.8,37,3,4026.9,1,1,4027.0,18,2,4027.1,86,4
11483,2026-07-02 11:58:35+05:30,4026.0,7,4042.14,1026809,146861.0,158808.0,4100.0,4110.0,4012.0,4092.6,24338650,4501.8,3683.4,4440.0,3288.1,4026.0,2,1,4025.9,3,2,4025.8,4,3,4025.3,12,3,4025.2,16,2,4026.6,20,1,4026.7,24,4,4026.8,202,3,4026.9,17,2,4027.0,18,2
11483,2026-07-02 11:58:36+05:30,4026.0,3,4042.14,1026809,146861.0,158808.0,4100.0,4110.0,4012.0,4092.6,24338650,4501.8,3683.4,4440.0,3288.1,4026.0,2,1,4025.9,3,2,4025.8,4,3,4025.3,12,3,4025.2,16,2,4026.6,20,1,4026.7,24,4,4026.8,202,3,4026.9,17,2,4027.0,18,2
11483,2026-07-02 11:58:36+05:30,4026.0,3,4042.14,1026812,146862.0,158897.0,4100.0,4110.0,4012.0,4092.6,24338650,4501.8,3683.4,4440.0,3288.1,4026.0,2,1,4025.9,3,2,4025.8,4,3,4025.3,12,3,4025.2,16,2,4026.6,20,1,4026.7,15,2,4026.8,217,4,4026.9,17,2,4027.0,18,2
11483,2026-07-02 11:58:37+05:30,4026.5,3,4042.14,1026812,146862.0,158897.0,4100.0,4110.0,4012.0,4092.6,24338650,4501.8,3683.4,4440.0,3288.1,4026.0,2,1,4025.9,3,2,4025.8,4,3,4025.3,12,3,4025.2,16,2,4026.6,20,1,4026.7,15,2,4026.8,217,4,4026.9,17,2,4027.0,18,2
11483,2026-07-02 11:58:37+05:30,4026.5,3,4042.14,1026815,146831.0,158930.0,4100.0,4110.0,4012.0,4092.6,24338650,4501.8,3683.4,4440.0,3288.1,4026.0,2,1,4025.9,2,1,4025.8,4,3,4025.3,12,3,4025.2,16,2,4026.5,17,1,4026.6,35,3,4026.7,7,1,4026.8,217,4,4026.9,29,3
11483,2026-07-02 11:58:38+05:30,4026.4,10,4042.14,1026815,146831.0,158930.0,4100.0,4110.0,4012.0,4092.6,24338650,4501.8,3683.4,4440.0,3288.1,4026.0,2,1,4025.9,2,1,4025.8,4,3,4025.3,12,3,4025.2,16,2,4026.5,17,1,4026.6,35,3,4026.7,7,1,4026.8,217,4,4026.9,29,3
11483,2026-07-02 11:58:38+05:30,4026.4,10,4042.14,1026833,146894.0,158848.0,4100.0,4110.0,4012.0,4092.6,24338650,4501.8,3683.4,4440.0,3288.1,4025.9,2,1,4025.8,4,3,4025.3,12,3,4025.2,16,2,4025.1,27,1,4026.4,2,1,4026.5,38,4,4026.6,33,3,4026.7,7,1,4026.8,200,3
11483,2026-07-02 11:58:39+05:30,4026.5,2,4042.14,1026833,146894.0,158848.0,4100.0,4110.0,4012.0,4092.6,24338650,4501.8,3683.4,4440.0,3288.1,4025.9,2,1,4025.8,4,3,4025.3,12,3,4025.2,16,2,4025.1,27,1,4026.4,2,1,4026.5,38,4,4026.6,33,3,4026.7,7,1,4026.8,200,3
11483,2026-07-02 11:58:39+05:30,4026.5,2,4042.14,1026888,147146.0,158721.0,4100.0,4110.0,4012.0,4092.6,24338650,4501.8,3683.4,4440.0,3288.1,4025.8,4,3,4025.3,12,3,4025.2,16,2,4025.1,20,1,4025.0,520,7,4026.5,13,2,4026.6,43,3,4026.7,15,1,4026.8,200,3,4026.9,29,3
11483,2026-07-02 11:58:40+05:30,4025.8,1,4042.14,1026888,147146.0,158721.0,4100.0,4110.0,4012.0,4092.6,24338650,4501.8,3683.4,4440.0,3288.1,4025.8,4,3,4025.3,12,3,4025.2,16,2,4025.1,20,1,4025.0,520,7,4026.5,13,2,4026.6,43,3,4026.7,15,1,4026.8,200,3,4026.9,29,3
11483,2026-07-02 11:58:40+05:30,4025.8,1,4042.14,1026894,147247.0,158815.0,4100.0,4110.0,4012.0,4092.6,24338650,4501.8,3683.4,4440.0,3288.1,4026.0,150,1,4025.8,2,2,4025.3,12,3,4025.2,16,2,4025.1,20,1,4026.5,13,2,4026.6,18,1,4026.8,200,3,4026.9,29,3,4027.0,18,2
11483,2026-07-02 11:58:41+05:30,4026.5,1,4042.14,1026894,147247.0,158815.0,4100.0,4110.0,4012.0,4092.6,24338650,4501.8,3683.4,4440.0,3288.1,4026.0,150,1,4025.8,2,2,4025.3,12,3,4025.2,16,2,4025.1,20,1,4026.5,13,2,4026.6,18,1,4026.8,200,3,4026.9,29,3,4027.0,18,2
11483,2026-07-02 11:58:41+05:30,4026.5,1,4042.14,1026899,147264.0,158824.0,4100.0,4110.0,4012.0,4092.6,24338650,4501.8,3683.4,4440.0,3288.1,4026.0,199,2,4025.3,30,4,4025.2,16,2,4025.1,3,1,4025.0,538,8,4026.5,17,2,4026.6,18,1,4026.8,200,3,4026.9,29,3,4027.0,18,2
11483,2026-07-02 11:58:42+05:30,4026.0,1,4042.14,1026899,147264.0,158824.0,4100.0,4110.0,4012.0,4092.6,24338650,4501.8,3683.4,4440.0,3288.1,4026.0,199,2,4025.3,30,4,4025.2,16,2,4025.1,3,1,4025.0,538,8,4026.5,17,2,4026.6,18,1,4026.8,200,3,4026.9,29,3,4027.0,18,2
11483,2026-07-02 11:58:42+05:30,4026.0,1,4042.14,1026900,147240.0,158843.0,4100.0,4110.0,4012.0,4092.6,24338650,4501.8,3683.4,4440.0,3288.1,4026.2,1,1,4026.0,198,2,4025.3,12,3,4025.2,16,2,4025.1,3,1,4026.5,29,2,4026.6,29,2,4026.8,200,3,4026.9,31,4,4027.0,18,2
11483,2026-07-02 11:58:43+05:30,4026.0,12,4042.14,1026900,147240.0,158843.0,4100.0,4110.0,4012.0,4092.6,24338650,4501.8,3683.4,4440.0,3288.1,4026.2,1,1,4026.0,198,2,4025.3,12,3,4025.2,16,2,4025.1,3,1,4026.5,29,2,4026.6,29,2,4026.8,200,3,4026.9,31,4,4027.0,18,2
11483,2026-07-02 11:58:43+05:30,4026.0,12,4042.14,1026915,147308.0,158770.0,4100.0,4110.0,4012.0,4092.6,24338650,4501.8,3683.4,4440.0,3288.1,4026.0,186,2,4025.3,12,3,4025.2,16,2,4025.1,39,2,4025.0,537,8,4026.5,29,2,4026.6,29,2,4026.8,200,3,4026.9,31,4,4027.0,18,2
11483,2026-07-02 11:58:44+05:30,4025.2,3,4042.14,1026915,147308.0,158770.0,4100.0,4110.0,4012.0,4092.6,24338650,4501.8,3683.4,4440.0,3288.1,4026.0,186,2,4025.3,12,3,4025.2,16,2,4025.1,39,2,4025.0,537,8,4026.5,29,2,4026.6,29,2,4026.8,200,3,4026.9,31,4,4027.0,18,2
11483,2026-07-02 11:58:44+05:30,4026.0,2,4042.13,1027131,144495.0,159150.0,4100.0,4110.0,4012.0,4092.6,24338650,4501.8,3683.4,4440.0,3288.1,4025.0,489,5,4024.8,5,1,4024.7,230,1,4024.6,250,1,4024.4,264,3,4026.0,47,5,4026.2,10,1,4026.3,27,2,4026.4,16,1,4026.5,94,7
11483,2026-07-02 11:58:45+05:30,4025.0,26,4042.13,1027131,144495.0,159150.0,4100.0,4110.0,4012.0,4092.6,24338650,4501.8,3683.4,4440.0,3288.1,4025.0,489,5,4024.8,5,1,4024.7,230,1,4024.6,250,1,4024.4,264,3,4026.0,47,5,4026.2,10,1,4026.3,27,2,4026.4,16,1,4026.5,94,7
11483,2026-07-02 11:58:45+05:30,4025.8,4,4042.13,1027167,144531.0,159102.0,4100.0,4110.0,4012.0,4092.6,24338650,4501.8,3683.4,4440.0,3288.1,4025.9,16,1,4025.8,1,1,4025.0,463,5,4024.8,5,1,4024.7,243,2,4026.0,50,7,4026.2,17,3,4026.3,27,2,4026.4,16,1,4026.5,39,5
11483,2026-07-02 11:58:46+05:30,4025.8,4,4042.13,1027167,144531.0,159102.0,4100.0,4110.0,4012.0,4092.6,24338650,4501.8,3683.4,4440.0,3288.1,4025.9,16,1,4025.8,1,1,4025.0,463,5,4024.8,5,1,4024.7,243,2,4026.0,50,7,4026.2,17,3,4026.3,27,2,4026.4,16,1,4026.5,39,5
11483,2026-07-02 11:58:46+05:30,4025.9,7,4042.13,1027167,144531.0,159102.0,4100.0,4110.0,4012.0,4092.6,24338650,4501.8,3683.4,4440.0,3288.1,4025.9,16,1,4025.8,1,1,4025.0,463,5,4024.8,5,1,4024.7,243,2,4026.0,50,7,4026.2,17,3,4026.3,27,2,4026.4,16,1,4026.5,39,5
11483,2026-07-02 11:58:46+05:30,4025.9,7,4042.13,1027167,144531.0,159102.0,4100.0,4110.0,4012.0,4092.6,24338650,4501.8,3683.4,4440.0,3288.1,4025.9,16,1,4025.8,1,1,4025.0,463,5,4024.8,5,1,4024.7,243,2,4026.0,50,7,4026.2,17,3,4026.3,27,2,4026.4,16,1,4026.5,39,5
11483,2026-07-02 11:58:46+05:30,4025.9,7,4042.13,1027196,144525.0,158922.0,4100.0,4110.0,4012.0,4092.6,24338650,4501.8,3683.4,4440.0,3288.1,4025.1,1,1,4025.0,463,5,4024.8,22,2,4024.7,230,1,4024.6,268,2,4026.0,26,4,4026.3,16,1,4026.4,16,1,4026.5,38,4,4026.6,17,1
11483,2026-07-02 11:58:47+05:30,4025.9,7,4042.13,1027196,144525.0,158922.0,4100.0,4110.0,4012.0,4092.6,24338650,4501.8,3683.4,4440.0,3288.1,4025.1,1,1,4025.0,463,5,4024.8,22,2,4024.7,230,1,4024.6,268,2,4026.0,26,4,4026.3,16,1,4026.4,16,1,4026.5,38,4,4026.6,17,1
11483,2026-07-02 11:58:47+05:30,4025.0,175,4042.13,1027196,144525.0,158922.0,4100.0,4110.0,4012.0,4092.6,24338650,4501.8,3683.4,4440.0,3288.1,4025.1,1,1,4025.0,463,5,4024.8,22,2,4024.7,230,1,4024.6,268,2,4026.0,26,4,4026.3,16,1,4026.4,16,1,4026.5,38,4,4026.6,17,1
11483,2026-07-02 11:58:47+05:30,4025.0,175,4042.13,1027196,144525.0,158922.0,4100.0,4110.0,4012.0,4092.6,24338650,4501.8,3683.4,4440.0,3288.1,4025.1,1,1,4025.0,463,5,4024.8,22,2,4024.7,230,1,4024.6,268,2,4026.0,26,4,4026.3,16,1,4026.4,16,1,4026.5,38,4,4026.6,17,1
11483,2026-07-02 11:58:47+05:30,4025.0,175,4042.13,1027373,144642.0,159204.0,4100.0,4110.0,4012.0,4092.6,24338650,4501.8,3683.4,4440.0,3288.1,4025.0,288,5,4024.8,25,3,4024.7,230,1,4024.6,268,2,4024.5,12,1,4025.1,1,1,4026.0,14,3,4026.5,39,4,4026.6,34,2,4026.7,78,2
11483,2026-07-02 11:58:48+05:30,4025.0,175,4042.13,1027373,144642.0,159204.0,4100.0,4110.0,4012.0,4092.6,24338650,4501.8,3683.4,4440.0,3288.1,4025.0,288,5,4024.8,25,3,4024.7,230,1,4024.6,268,2,4024.5,12,1,4025.1,1,1,4026.0,14,3,4026.5,39,4,4026.6,34,2,4026.7,78,2
11483,2026-07-02 11:58:48+05:30,4025.0,21,4042.13,1027373,144642.0,159204.0,4100.0,4110.0,4012.0,4092.6,24338650,4501.8,3683.4,4440.0,3288.1,4025.0,288,5,4024.8,25,3,4024.7,230,1,4024.6,268,2,4024.5,12,1,4025.1,1,1,4026.0,14,3,4026.5,39,4,4026.6,34,2,4026.7,78,2
11483,2026-07-02 11:58:48+05:30,4025.0,21,4042.13,1027373,144642.0,159204.0,4100.0,4110.0,4012.0,4092.6,24338650,4501.8,3683.4,4440.0,3288.1,4025.0,288,5,4024.8,25,3,4024.7,230,1,4024.6,268,2,4024.5,12,1,4025.1,1,1,4026.0,14,3,4026.5,39,4,4026.6,34,2,4026.7,78,2
11483,2026-07-02 11:58:48+05:30,4026.0,9,4042.13,1027404,144876.0,158801.0,4100.0,4110.0,4012.0,4092.6,24338650,4501.8,3683.4,4440.0,3288.1,4025.0,285,6,4024.8,41,4,4024.7,233,2,4024.6,268,2,4024.5,50,2,4026.0,5,3,4026.3,21,1,4026.5,54,6,4026.6,192,2,4026.7,22,1
11483,2026-07-02 11:58:49+05:30,4026.0,9,4042.13,1027404,144876.0,158801.0,4100.0,4110.0,4012.0,4092.6,24338650,4501.8,3683.4,4440.0,3288.1,4025.0,285,6,4024.8,41,4,4024.7,233,2,4024.6,268,2,4024.5,50,2,4026.0,5,3,4026.3,21,1,4026.5,54,6,4026.6,192,2,4026.7,22,1
11483,2026-07-02 11:58:49+05:30,4026.6,10,4042.13,1027404,144876.0,158801.0,4100.0,4110.0,4012.0,4092.6,24338650,4501.8,3683.4,4440.0,3288.1,4025.0,285,6,4024.8,41,4,4024.7,233,2,4024.6,268,2,4024.5,50,2,4026.0,5,3,4026.3,21,1,4026.5,54,6,4026.6,192,2,4026.7,22,1
11483,2026-07-02 11:58:49+05:30,4026.6,10,4042.13,1027404,144876.0,158801.0,4100.0,4110.0,4012.0,4092.6,24338650,4501.8,3683.4,4440.0,3288.1,4025.0,285,6,4024.8,41,4,4024.7,233,2,4024.6,268,2,4024.5,50,2,4026.0,5,3,4026.3,21,1,4026.5,54,6,4026.6,192,2,4026.7,22,1
11483,2026-07-02 11:58:49+05:30,4026.6,10,4042.13,1027508,145231.0,158788.0,4100.0,4110.0,4012.0,4092.6,24338650,4501.8,3683.4,4440.0,3288.1,4025.0,280,6,4024.9,11,2,4024.8,43,2,4024.7,259,3,4024.6,268,2,4026.3,7,1,4026.5,7,1,4026.6,21,3,4026.7,197,2,4026.8,53,4
11483,2026-07-02 11:58:49+05:30,4026.6,10,4042.13,1027508,145231.0,158788.0,4100.0,4110.0,4012.0,4092.6,24354750,4501.8,3683.4,4440.0,3288.1,4025.0,280,6,4024.9,11,2,4024.8,43,2,4024.7,259,3,4024.6,268,2,4026.3,7,1,4026.5,7,1,4026.6,21,3,4026.7,197,2,4026.8,53,4
11483,2026-07-02 11:58:50+05:30,4025.0,13,4042.13,1027508,145231.0,158788.0,4100.0,4110.0,4012.0,4092.6,24354750,4501.8,3683.4,4440.0,3288.1,4025.0,280,6,4024.9,11,2,4024.8,43,2,4024.7,259,3,4024.6,268,2,4026.3,7,1,4026.5,7,1,4026.6,21,3,4026.7,197,2,4026.8,53,4
11483,2026-07-02 11:58:50+05:30,4025.0,13,4042.13,1027508,145231.0,158788.0,4100.0,4110.0,4012.0,4092.6,24354750,4501.8,3683.4,4440.0,3288.1,4025.0,280,6,4024.9,11,2,4024.8,43,2,4024.7,259,3,4024.6,268,2,4026.3,7,1,4026.5,7,1,4026.6,21,3,4026.7,197,2,4026.8,53,4
11483,2026-07-02 11:58:50+05:30,4025.0,13,4042.13,1027521,145439.0,158569.0,4100.0,4110.0,4012.0,4092.6,24354750,4501.8,3683.4,4440.0,3288.1,4026.0,50,1,4025.3,13,1,4025.1,28,1,4025.0,279,7,4024.9,11,2,4026.8,205,4,4026.9,20,3,4027.0,21,2,4027.1,48,2,4027.2,35,4
11483,2026-07-02 11:58:50+05:30,4025.0,13,4042.13,1027521,145439.0,158569.0,4100.0,4110.0,4012.0,4092.6,24354750,4501.8,3683.4,4440.0,3288.1,4026.0,50,1,4025.3,13,1,4025.1,28,1,4025.0,279,7,4024.9,11,2,4026.8,205,4,4026.9,20,3,4027.0,21,2,4027.1,48,2,4027.2,35,4
11483,2026-07-02 11:58:51+05:30,4025.0,13,4042.13,1027521,145439.0,158569.0,4100.0,4110.0,4012.0,4092.6,24354750,4501.8,3683.4,4440.0,3288.1,4026.0,50,1,4025.3,13,1,4025.1,28,1,4025.0,279,7,4024.9,11,2,4026.8,205,4,4026.9,20,3,4027.0,21,2,4027.1,48,2,4027.2,35,4
11483,2026-07-02 11:58:51+05:30,4026.0,1,4042.13,1027521,145439.0,158569.0,4100.0,4110.0,4012.0,4092.6,24354750,4501.8,3683.4,4440.0,3288.1,4026.0,50,1,4025.3,13,1,4025.1,28,1,4025.0,279,7,4024.9,11,2,4026.8,205,4,4026.9,20,3,4027.0,21,2,4027.1,48,2,4027.2,35,4
11483,2026-07-02 11:58:51+05:30,4026.0,1,4042.13,1027521,145439.0,158569.0,4100.0,4110.0,4012.0,4092.6,24354750,4501.8,3683.4,4440.0,3288.1,4026.0,50,1,4025.3,13,1,4025.1,28,1,4025.0,279,7,4024.9,11,2,4026.8,205,4,4026.9,20,3,4027.0,21,2,4027.1,48,2,4027.2,35,4
11483,2026-07-02 11:58:51+05:30,4026.0,1,4042.13,1027523,145577.0,158610.0,4100.0,4110.0,4012.0,4092.6,24354750,4501.8,3683.4,4440.0,3288.1,4026.0,48,1,4025.3,13,1,4025.1,31,2,4025.0,429,8,4024.9,25,2,4026.7,7,1,4026.8,205,4,4026.9,14,3,4027.0,31,3,4027.1,48,2
11483,2026-07-02 11:58:51+05:30,4026.0,1,4042.13,1027523,145577.0,158610.0,4100.0,4110.0,4012.0,4092.6,24354750,4501.8,3683.4,4440.0,3288.1,4026.0,48,1,4025.3,13,1,4025.1,31,2,4025.0,429,8,4024.9,25,2,4026.7,7,1,4026.8,205,4,4026.9,14,3,4027.0,31,3,4027.1,48,2
11483,2026-07-02 11:58:52+05:30,4026.0,48,4042.13,1027575,145647.0,158451.0,4100.0,4110.0,4012.0,4092.6,24354750,4501.8,3683.4,4440.0,3288.1,4025.1,68,6,4025.0,451,10,4024.9,8,1,4024.8,32,3,4024.7,254,3,4025.9,19,1,4026.8,191,3,4026.9,18,2,4027.0,31,3,4027.1,48,2
11483,2026-07-02 11:58:53+05:30,4025.1,7,4042.13,1027575,145647.0,158451.0,4100.0,4110.0,4012.0,4092.6,24354750,4501.8,3683.4,4440.0,3288.1,4025.1,68,6,4025.0,451,10,4024.9,8,1,4024.8,32,3,4024.7,254,3,4025.9,19,1,4026.8,191,3,4026.9,18,2,4027.0,31,3,4027.1,48,2
11483,2026-07-02 11:58:53+05:30,4025.1,7,4042.13,1027582,145657.0,158458.0,4100.0,4110.0,4012.0,4092.6,24354750,4501.8,3683.4,4440.0,3288.1,4025.1,64,7,4025.0,448,9,4024.9,8,1,4024.8,32,3,4024.7,254,3,4025.9,19,1,4026.8,191,3,4026.9,18,2,4027.0,31,3,4027.1,48,2
11483,2026-07-02 11:58:54+05:30,4025.9,1,4042.13,1027582,145657.0,158458.0,4100.0,4110.0,4012.0,4092.6,24354750,4501.8,3683.4,4440.0,3288.1,4025.1,64,7,4025.0,448,9,4024.9,8,1,4024.8,32,3,4024.7,254,3,4025.9,19,1,4026.8,191,3,4026.9,18,2,4027.0,31,3,4027.1,48,2
11483,2026-07-02 11:58:54+05:30,4025.9,5,4042.13,1027588,145705.0,158450.0,4100.0,4110.0,4012.0,4092.6,24354750,4501.8,3683.4,4440.0,3288.1,4025.1,64,7,4025.0,454,10,4024.9,8,1,4024.8,32,3,4024.7,254,3,4025.9,13,1,4026.0,1,1,4026.8,191,3,4026.9,18,2,4027.0,31,3
11483,2026-07-02 11:58:55+05:30,4025.9,18,4042.13,1027588,145705.0,158450.0,4100.0,4110.0,4012.0,4092.6,24354750,4501.8,3683.4,4440.0,3288.1,4025.1,64,7,4025.0,454,10,4024.9,8,1,4024.8,32,3,4024.7,254,3,4025.9,13,1,4026.0,1,1,4026.8,191,3,4026.9,18,2,4027.0,31,3
11483,2026-07-02 11:58:55+05:30,4025.9,18,4042.12,1027607,145756.0,158587.0,4100.0,4110.0,4012.0,4092.6,24354750,4501.8,3683.4,4440.0,3288.1,4025.2,41,4,4025.1,83,6,4025.0,454,10,4024.9,22,2,4024.8,32,3,4025.9,19,1,4026.0,1,1,4026.8,191,3,4026.9,1,1,4027.0,31,3
11483,2026-07-02 11:58:56+05:30,4025.2,2,4042.12,1027607,145756.0,158587.0,4100.0,4110.0,4012.0,4092.6,24354750,4501.8,3683.4,4440.0,3288.1,4025.2,41,4,4025.1,83,6,4025.0,454,10,4024.9,22,2,4024.8,32,3,4025.9,19,1,4026.0,1,1,4026.8,191,3,4026.9,1,1,4027.0,31,3
11483,2026-07-02 11:58:56+05:30,4025.2,2,4042.12,1027609,145743.0,158549.0,4100.0,4110.0,4012.0,4092.6,24354750,4501.8,3683.4,4440.0,3288.1,4025.2,55,6,4025.1,35,5,4025.0,454,10,4024.9,22,2,4024.8,32,3,4025.9,19,1,4026.0,1,1,4026.8,191,3,4026.9,1,1,4027.0,31,3
11483,2026-07-02 11:58:57+05:30,4025.2,1,4042.12,1027609,145743.0,158549.0,4100.0,4110.0,4012.0,4092.6,24354750,4501.8,3683.4,4440.0,3288.1,4025.2,55,6,4025.1,35,5,4025.0,454,10,4024.9,22,2,4024.8,32,3,4025.9,19,1,4026.0,1,1,4026.8,191,3,4026.9,1,1,4027.0,31,3
11483,2026-07-02 11:58:57+05:30,4025.2,1,4042.12,1027610,145796.0,158660.0,4100.0,4110.0,4012.0,4092.6,24354750,4501.8,3683.4,4440.0,3288.1,4025.3,32,4,4025.2,27,4,4025.1,35,5,4025.0,474,11,4024.9,22,2,4025.9,19,1,4026.0,1,1,4026.8,191,3,4026.9,1,1,4027.0,31,3
11483,2026-07-02 11:58:58+05:30,4025.9,10,4042.12,1027610,145796.0,158660.0,4100.0,4110.0,4012.0,4092.6,24354750,4501.8,3683.4,4440.0,3288.1,4025.3,32,4,4025.2,27,4,4025.1,35,5,4025.0,474,11,4024.9,22,2,4025.9,19,1,4026.0,1,1,4026.8,191,3,4026.9,1,1,4027.0,31,3
11483,2026-07-02 11:58:58+05:30,4025.9,10,4042.12,1027622,145538.0,158244.0,4100.0,4110.0,4012.0,4092.6,24354750,4501.8,3683.4,4440.0,3288.1,4025.5,44,4,4025.4,31,4,4025.3,14,3,4025.2,44,6,4025.1,60,6,4025.9,7,1,4026.0,1,1,4026.8,16,2,4026.9,1,1,4027.0,11,2
11483,2026-07-02 11:58:59+05:30,4025.6,1,4042.12,1027622,145538.0,158244.0,4100.0,4110.0,4012.0,4092.6,24354750,4501.8,3683.4,4440.0,3288.1,4025.5,44,4,4025.4,31,4,4025.3,14,3,4025.2,44,6,4025.1,60,6,4025.9,7,1,4026.0,1,1,4026.8,16,2,4026.9,1,1,4027.0,11,2
11483,2026-07-02 11:58:59+05:30,4025.6,1,4042.12,1027639,145613.0,158259.0,4100.0,4110.0,4012.0,4092.6,24354750,4501.8,3683.4,4440.0,3288.1,4025.6,30,4,4025.5,22,3,4025.4,31,4,4025.3,5,2,4025.2,44,6,4025.9,14,1,4026.0,1,1,4026.8,16,2,4026.9,1,1,4027.0,11,2
11483,2026-07-02 11:59:00+05:30,4025.6,1,4042.12,1027639,145613.0,158259.0,4100.0,4110.0,4012.0,4092.6,24354750,4501.8,3683.4,4440.0,3288.1,4025.6,30,4,4025.5,22,3,4025.4,31,4,4025.3,5,2,4025.2,44,6,4025.9,14,1,4026.0,1,1,4026.8,16,2,4026.9,1,1,4027.0,11,2
11483,2026-07-02 11:59:00+05:30,4025.9,1,4042.12,1027643,145596.0,158632.0,4100.0,4110.0,4012.0,4092.6,24354750,4501.8,3683.4,4440.0,3288.1,4025.7,30,4,4025.6,17,2,4025.5,22,3,4025.4,41,5,4025.3,5,2,4025.9,13,1,4026.0,1,1,4026.8,16,2,4026.9,1,1,4027.0,261,3
11483,2026-07-02 11:59:01+05:30,4025.8,5,4042.12,1027643,145596.0,158632.0,4100.0,4110.0,4012.0,4092.6,24354750,4501.8,3683.4,4440.0,3288.1,4025.7,30,4,4025.6,17,2,4025.5,22,3,4025.4,41,5,4025.3,5,2,4025.9,13,1,4026.0,1,1,4026.8,16,2,4026.9,1,1,4027.0,261,3
11483,2026-07-02 11:59:01+05:30,4025.8,5,4042.12,1027653,145543.0,158986.0,4100.0,4110.0,4012.0,4092.6,24354750,4501.8,3683.4,4440.0,3288.1,4025.4,53,4,4025.1,43,5,4025.0,525,13,4024.9,39,3,4024.8,82,4,4025.9,56,3,4026.0,43,2,4026.1,42,1,4026.3,42,1,4026.8,16,2
11483,2026-07-02 11:59:02+05:30,4025.4,1,4042.12,1027653,145543.0,158986.0,4100.0,4110.0,4012.0,4092.6,24354750,4501.8,3683.4,4440.0,3288.1,4025.4,53,4,4025.1,43,5,4025.0,525,13,4024.9,39,3,4024.8,82,4,4025.9,56,3,4026.0,43,2,4026.1,42,1,4026.3,42,1,4026.8,16,2
11483,2026-07-02 11:59:02+05:30,4025.4,1,4042.12,1027654,145536.0,159258.0,4100.0,4110.0,4012.0,4092.6,24354750,4501.8,3683.4,4440.0,3288.1,4025.5,1,1,4025.4,26,2,4025.1,43,5,4025.0,523,12,4024.9,22,2,4025.7,114,2,4025.8,42,1,4025.9,56,3,4026.0,1,1,4026.1,42,1
11483,2026-07-02 11:59:03+05:30,4025.6,1,4042.12,1027654,145536.0,159258.0,4100.0,4110.0,4012.0,4092.6,24354750,4501.8,3683.4,4440.0,3288.1,4025.5,1,1,4025.4,26,2,4025.1,43,5,4025.0,523,12,4024.9,22,2,4025.7,114,2,4025.8,42,1,4025.9,56,3,4026.0,1,1,4026.1,42,1
11483,2026-07-02 11:59:03+05:30,4025.6,1,4042.12,1027655,145443.0,159246.0,4100.0,4110.0,4012.0,4092.6,24354750,4501.8,3683.4,4440.0,3288.1,4025.5,1,1,4025.4,29,3,4025.1,26,3,4025.0,532,13,4024.9,22,2,4025.6,71,1,4025.7,42,1,4025.8,42,1,4025.9,56,3,4026.0,1,1
11483,2026-07-02 11:59:04+05:30,4025.5,1,4042.12,1027655,145443.0,159246.0,4100.0,4110.0,4012.0,4092.6,24354750,4501.8,3683.4,4440.0,3288.1,4025.5,1,1,4025.4,29,3,4025.1,26,3,4025.0,532,13,4024.9,22,2,4025.6,71,1,4025.7,42,1,4025.8,42,1,4025.9,56,3,4026.0,1,1
11483,2026-07-02 11:59:04+05:30,4025.6,18,4042.12,1027674,145510.0,158996.0,4100.0,4110.0,4012.0,4092.6,24354750,4501.8,3683.4,4440.0,3288.1,4025.5,1,1,4025.4,26,2,4025.3,4,1,4025.1,15,2,4025.0,523,12,4025.7,42,1,4025.8,42,1,4025.9,55,2,4026.0,1,1,4026.1,42,1
11483,2026-07-02 11:59:05+05:30,4025.5,1,4042.12,1027674,145510.0,158996.0,4100.0,4110.0,4012.0,4092.6,24354750,4501.8,3683.4,4440.0,3288.1,4025.5,1,1,4025.4,26,2,4025.3,4,1,4025.1,15,2,4025.0,523,12,4025.7,42,1,4025.8,42,1,4025.9,55,2,4026.0,1,1,4026.1,42,1
11483,2026-07-02 11:59:05+05:30,4025.5,1,4042.12,1027675,145241.0,159165.0,4100.0,4110.0,4012.0,4092.6,24354750,4501.8,3683.4,4440.0,3288.1,4025.1,29,3,4025.0,524,13,4024.9,6,1,4024.8,23,3,4024.7,262,4,4025.3,53,1,4025.4,42,1,4025.5,43,2,4025.6,42,1,4025.8,42,1
11483,2026-07-02 11:59:06+05:30,4025.3,8,4042.12,1027675,145241.0,159165.0,4100.0,4110.0,4012.0,4092.6,24354750,4501.8,3683.4,4440.0,3288.1,4025.1,29,3,4025.0,524,13,4024.9,6,1,4024.8,23,3,4024.7,262,4,4025.3,53,1,4025.4,42,1,4025.5,43,2,4025.6,42,1,4025.8,42,1
11483,2026-07-02 11:59:06+05:30,4025.3,20,4042.12,1027708,145295.0,159175.0,4100.0,4110.0,4012.0,4092.6,24354750,4501.8,3683.4,4440.0,3288.1,4025.1,26,2,4025.0,520,12,4024.8,16,2,4024.7,241,2,4024.6,281,3,4025.2,45,1,4025.3,9,1,4025.4,42,1,4025.5,43,2,4025.7,42,1
11483,2026-07-02 11:59:07+05:30,4025.1,4,4042.12,1027708,145295.0,159175.0,4100.0,4110.0,4012.0,4092.6,24354750,4501.8,3683.4,4440.0,3288.1,4025.1,26,2,4025.0,520,12,4024.8,16,2,4024.7,241,2,4024.6,281,3,4025.2,45,1,4025.3,9,1,4025.4,42,1,4025.5,43,2,4025.7,42,1
11483,2026-07-02 11:59:07+05:30,4025.2,10,4042.12,1027722,145205.0,159443.0,4100.0,4110.0,4012.0,4092.6,24354750,4501.8,3683.4,4440.0,3288.1,4025.0,535,13,4024.8,5,1,4024.7,230,1,4024.6,268,2,4024.5,34,2,4025.2,35,1,4025.3,9,1,4025.4,42,1,4025.5,43,2,4025.7,42,1
11483,2026-07-02 11:59:08+05:30,4025.2,25,4042.12,1027722,145205.0,159443.0,4100.0,4110.0,4012.0,4092.6,24354750,4501.8,3683.4,4440.0,3288.1,4025.0,535,13,4024.8,5,1,4024.7,230,1,4024.6,268,2,4024.5,34,2,4025.2,35,1,4025.3,9,1,4025.4,42,1,4025.5,43,2,4025.7,42,1
11483,2026-07-02 11:59:08+05:30,4025.2,25,4042.12,1027748,145200.0,159432.0,4100.0,4110.0,4012.0,4092.6,24354750,4501.8,3683.4,4440.0,3288.1,4025.0,534,13,4024.8,5,1,4024.7,230,1,4024.6,268,2,4024.5,34,2,4025.2,10,1,4025.3,51,2,4025.4,42,1,4025.5,1,1,4025.6,42,1
11483,2026-07-02 11:59:09+05:30,4025.2,4,4042.12,1027748,145200.0,159432.0,4100.0,4110.0,4012.0,4092.6,24354750,4501.8,3683.4,4440.0,3288.1,4025.0,534,13,4024.8,5,1,4024.7,230,1,4024.6,268,2,4024.5,34,2,4025.2,10,1,4025.3,51,2,4025.4,42,1,4025.5,1,1,4025.6,42,1
11483,2026-07-02 11:59:09+05:30,4025.3,3,4042.12,1027782,145557.0,159401.0,4100.0,4110.0,4012.0,4092.6,24354750,4501.8,3683.4,4440.0,3288.1,4025.2,50,1,4025.0,520,13,4024.9,10,1,4024.8,5,1,4024.7,230,1,4025.3,48,2,4025.4,42,1,4025.5,1,1,4025.6,42,1,4025.9,38,2
11483,2026-07-02 11:59:10+05:30,4025.2,4,4042.12,1027782,145557.0,159401.0,4100.0,4110.0,4012.0,4092.6,24354750,4501.8,3683.4,4440.0,3288.1,4025.2,50,1,4025.0,520,13,4024.9,10,1,4024.8,5,1,4024.7,230,1,4025.3,48,2,4025.4,42,1,4025.5,1,1,4025.6,42,1,4025.9,38,2
11483,2026-07-02 11:59:10+05:30,4025.2,1,4042.12,1027787,145555.0,159433.0,4100.0,4110.0,4012.0,4092.6,24354750,4501.8,3683.4,4440.0,3288.1,4025.2,62,3,4025.0,505,12,4024.9,10,1,4024.8,5,1,4024.7,230,1,4025.3,7,2,4025.5,43,2,4025.6,42,1,4025.8,42,1,4025.9,38,2
11483,2026-07-02 11:59:11+05:30,4025.5,2,4042.12,1027787,145555.0,159433.0,4100.0,4110.0,4012.0,4092.6,24354750,4501.8,3683.4,4440.0,3288.1,4025.2,62,3,4025.0,505,12,4024.9,10,1,4024.8,5,1,4024.7,230,1,4025.3,7,2,4025.5,43,2,4025.6,42,1,4025.8,42,1,4025.9,38,2
11483,2026-07-02 11:59:11+05:30,4025.5,2,4042.12,1027790,145813.0,158933.0,4100.0,4110.0,4012.0,4092.6,24354750,4501.8,3683.4,4440.0,3288.1,4025.6,7,1,4025.2,71,4,4025.0,515,13,4024.9,18,1,4024.8,14,2,4025.9,38,2,4026.0,1,1,4026.4,175,1,4026.6,100,1,4026.8,32,3
11483,2026-07-02 11:59:12+05:30,4025.6,1,4042.12,1027790,145813.0,158933.0,4100.0,4110.0,4012.0,4092.6,24354750,4501.8,3683.4,4440.0,3288.1,4025.6,7,1,4025.2,71,4,4025.0,515,13,4024.9,18,1,4024.8,14,2,4025.9,38,2,4026.0,1,1,4026.4,175,1,4026.6,100,1,4026.8,32,3
11483,2026-07-02 11:59:12+05:30,4025.6,1,4042.12,1027791,145903.0,159065.0,4100.0,4110.0,4012.0,4092.6,24354750,4501.8,3683.4,4440.0,3288.1,4025.7,1,1,4025.6,6,1,4025.2,71,4,4025.0,515,13,4024.9,18,1,4025.9,38,2,4026.0,1,1,4026.4,175,1,4026.6,100,1,4026.8,32,3
11483,2026-07-02 11:59:13+05:30,4025.6,1,4042.12,1027791,146087.0,159064.0,4100.0,4110.0,4012.0,4092.6,24354750,4501.8,3683.4,4440.0,3288.1,4025.7,57,3,4025.6,57,3,4025.5,42,1,4025.3,42,1,4025.2,47,2,4025.9,38,2,4026.0,1,1,4026.4,175,1,4026.6,100,1,4026.8,16,2
11483,2026-07-02 11:59:14+05:30,4025.9,43,4042.12,1027791,146087.0,159064.0,4100.0,4110.0,4012.0,4092.6,24354750,4501.8,3683.4,4440.0,3288.1,4025.7,57,3,4025.6,57,3,4025.5,42,1,4025.3,42,1,4025.2,47,2,4025.9,38,2,4026.0,1,1,4026.4,175,1,4026.6,100,1,4026.8,16,2
11483,2026-07-02 11:59:14+05:30,4025.9,43,4042.12,1027876,146472.0,159016.0,4100.0,4110.0,4012.0,4092.6,24354750,4501.8,3683.4,4440.0,3288.1,4025.8,38,1,4025.7,57,3,4025.6,48,2,4025.4,42,1,4025.2,65,3,4025.9,18,1,4026.0,1,1,4026.4,175,1,4026.6,100,1,4026.8,16,2
11483,2026-07-02 11:59:15+05:30,4025.8,10,4042.12,1027876,146472.0,159016.0,4100.0,4110.0,4012.0,4092.6,24354750,4501.8,3683.4,4440.0,3288.1,4025.8,38,1,4025.7,57,3,4025.6,48,2,4025.4,42,1,4025.2,65,3,4025.9,18,1,4026.0,1,1,4026.4,175,1,4026.6,100,1,4026.8,16,2
11483,2026-07-02 11:59:15+05:30,4025.8,10,4042.12,1027886,146580.0,158851.0,4100.0,4110.0,4012.0,4092.6,24354750,4501.8,3683.4,4440.0,3288.1,4025.8,28,1,4025.7,57,3,4025.6,48,2,4025.4,51,2,4025.2,47,2,4025.9,18,1,4026.0,1,1,4026.4,175,1,4026.6,100,1,4026.8,16,2
11483,2026-07-02 11:59:16+05:30,4025.9,3,4042.12,1027886,146580.0,158851.0,4100.0,4110.0,4012.0,4092.6,24354750,4501.8,3683.4,4440.0,3288.1,4025.8,28,1,4025.7,57,3,4025.6,48,2,4025.4,51,2,4025.2,47,2,4025.9,18,1,4026.0,1,1,4026.4,175,1,4026.6,100,1,4026.8,16,2
11483,2026-07-02 11:59:16+05:30,4025.9,3,4042.12,1027893,146581.0,158845.0,4100.0,4110.0,4012.0,4092.6,24354750,4501.8,3683.4,4440.0,3288.1,4025.8,27,1,4025.7,57,3,4025.6,48,2,4025.4,51,2,4025.2,47,2,4025.9,12,1,4026.0,1,1,4026.4,175,1,4026.6,100,1,4026.8,16,2
11483,2026-07-02 11:59:17+05:30,4025.9,4,4042.12,1027893,146581.0,158845.0,4100.0,4110.0,4012.0,4092.6,24354750,4501.8,3683.4,4440.0,3288.1,4025.8,27,1,4025.7,57,3,4025.6,48,2,4025.4,51,2,4025.2,47,2,4025.9,12,1,4026.0,1,1,4026.4,175,1,4026.6,100,1,4026.8,16,2
11483,2026-07-02 11:59:17+05:30,4025.9,4,4042.12,1027898,147109.0,158844.0,4100.0,4110.0,4012.0,4092.6,24354750,4501.8,3683.4,4440.0,3288.1,4025.8,26,1,4025.7,56,2,4025.6,48,2,4025.4,51,2,4025.2,47,2,4025.9,8,1,4026.0,1,1,4026.4,175,1,4026.6,100,1,4026.8,16,2
11483,2026-07-02 11:59:18+05:30,4025.8,2,4042.12,1027898,147109.0,158844.0,4100.0,4110.0,4012.0,4092.6,24354750,4501.8,3683.4,4440.0,3288.1,4025.8,26,1,4025.7,56,2,4025.6,48,2,4025.4,51,2,4025.2,47,2,4025.9,8,1,4026.0,1,1,4026.4,175,1,4026.6,100,1,4026.8,16,2
11483,2026-07-02 11:59:18+05:30,4025.8,2,4042.12,1027901,147101.0,158858.0,4100.0,4110.0,4012.0,4092.6,24354750,4501.8,3683.4,4440.0,3288.1,4025.8,23,1,4025.7,56,2,4025.6,48,2,4025.4,51,2,4025.2,47,2,4025.9,8,1,4026.0,1,1,4026.4,175,1,4026.6,100,1,4026.8,16,2
11483,2026-07-02 11:59:19+05:30,4025.8,2,4042.12,1027901,147071.0,158769.0,4100.0,4110.0,4012.0,4092.6,24354750,4501.8,3683.4,4440.0,3288.1,4025.8,23,1,4025.7,56,2,4025.6,48,2,4025.4,51,2,4025.2,47,2,4025.9,8,1,4026.0,1,1,4026.4,175,1,4026.6,100,1,4026.8,16,2
11483,2026-07-02 11:59:20+05:30,4025.8,6,4042.12,1027901,147071.0,158769.0,4100.0,4110.0,4012.0,4092.6,24354750,4501.8,3683.4,4440.0,3288.1,4025.8,23,1,4025.7,56,2,4025.6,48,2,4025.4,51,2,4025.2,47,2,4025.9,8,1,4026.0,1,1,4026.4,175,1,4026.6,100,1,4026.8,16,2
11483,2026-07-02 11:59:23+05:30,4025.9,1,4042.12,1027901,147071.0,158769.0,4100.0,4110.0,4012.0,4092.6,24354750,4501.8,3683.4,4440.0,3288.1,4025.8,23,1,4025.7,56,2,4025.6,48,2,4025.4,51,2,4025.2,47,2,4025.9,8,1,4026.0,1,1,4026.4,175,1,4026.6,100,1,4026.8,16,2
11483,2026-07-02 11:59:24+05:30,4026.4,18,4042.12,1027939,146599.0,158337.0,4100.0,4110.0,4012.0,4092.6,24354750,4501.8,3683.4,4440.0,3288.1,4025.9,18,1,4025.8,13,2,4025.7,42,1,4025.6,48,2,4025.5,1,1,4026.5,15,1,4026.6,100,1,4026.8,1,1,4026.9,1,1,4027.0,266,4
11483,2026-07-02 11:59:26+05:30,4026.4,7,4042.12,1027939,146599.0,158337.0,4100.0,4110.0,4012.0,4092.6,24354750,4501.8,3683.4,4440.0,3288.1,4025.9,18,1,4025.8,13,2,4025.7,42,1,4025.6,48,2,4025.5,1,1,4026.5,15,1,4026.6,100,1,4026.8,1,1,4026.9,1,1,4027.0,266,4
11483,2026-07-02 11:59:29+05:30,4026.2,13,4042.12,1028163,146352.0,158776.0,4100.0,4110.0,4012.0,4092.6,24354750,4501.8,3683.4,4440.0,3288.1,4026.2,14,1,4026.1,42,1,4025.9,18,1,4025.8,12,1,4025.6,6,1,4026.5,1,1,4026.6,117,4,4026.8,34,2,4026.9,34,4,4027.0,268,5
11483,2026-07-02 11:59:29+05:30,4026.1,42,4042.12,1028163,146352.0,158776.0,4100.0,4110.0,4012.0,4092.6,24354750,4501.8,3683.4,4440.0,3288.1,4026.2,14,1,4026.1,42,1,4025.9,18,1,4025.8,12,1,4025.6,6,1,4026.5,1,1,4026.6,117,4,4026.8,34,2,4026.9,34,4,4027.0,268,5
11483,2026-07-02 11:59:32+05:30,4025.6,3,4042.12,1028163,146352.0,158776.0,4100.0,4110.0,4012.0,4092.6,24354750,4501.8,3683.4,4440.0,3288.1,4026.2,14,1,4026.1,42,1,4025.9,18,1,4025.8,12,1,4025.6,6,1,4026.5,1,1,4026.6,117,4,4026.8,34,2,4026.9,34,4,4027.0,268,5
11483,2026-07-02 11:59:33+05:30,4026.2,1,4042.11,1028422,146202.0,158311.0,4100.0,4110.0,4012.0,4092.6,24354750,4501.8,3683.4,4440.0,3288.1,4025.5,3,1,4025.4,21,2,4025.3,27,2,4025.2,185,4,4025.1,34,4,4026.2,3,2,4026.5,1,1,4026.6,100,1,4026.8,51,3,4026.9,1,1
11483,2026-07-02 11:59:35+05:30,4026.1,1,4042.11,1028422,146202.0,158311.0,4100.0,4110.0,4012.0,4092.6,24354750,4501.8,3683.4,4440.0,3288.1,4025.5,3,1,4025.4,21,2,4025.3,27,2,4025.2,185,4,4025.1,34,4,4026.2,3,2,4026.5,1,1,4026.6,100,1,4026.8,51,3,4026.9,1,1
11483,2026-07-02 11:59:37+05:30,4025.9,2,4042.11,1028422,146202.0,158311.0,4100.0,4110.0,4012.0,4092.6,24354750,4501.8,3683.4,4440.0,3288.1,4025.5,3,1,4025.4,21,2,4025.3,27,2,4025.2,185,4,4025.1,34,4,4026.2,3,2,4026.5,1,1,4026.6,100,1,4026.8,51,3,4026.9,1,1
11483,2026-07-02 11:59:38+05:30,4026.0,1,4042.11,1028478,145728.0,159421.0,4100.0,4110.0,4012.0,4092.6,24354750,4501.8,3683.4,4440.0,3288.1,4026.0,21,2,4025.2,167,2,4025.1,25,3,4025.0,1041,19,4024.8,27,3,4026.2,3,3,4026.4,3,1,4026.5,38,3,4026.6,102,2,4026.8,40,4
11483,2026-07-02 11:59:39+05:30,4026.2,1,4042.11,1028478,145728.0,159421.0,4100.0,4110.0,4012.0,4092.6,24354750,4501.8,3683.4,4440.0,3288.1,4026.0,21,2,4025.2,167,2,4025.1,25,3,4025.0,1041,19,4024.8,27,3,4026.2,3,3,4026.4,3,1,4026.5,38,3,4026.6,102,2,4026.8,40,4
11483,2026-07-02 11:59:43+05:30,4026.5,1,4042.11,1028513,146363.0,159210.0,4100.0,4110.0,4012.0,4092.6,24354750,4501.8,3683.4,4440.0,3288.1,4026.2,1,1,4026.0,14,1,4025.5,5,1,4025.3,24,1,4025.2,171,3,4026.5,24,5,4026.6,102,2,4026.7,11,1,4026.8,35,3,4026.9,101,5
11483,2026-07-02 11:59:43+05:30,4026.2,3,4042.11,1028513,146363.0,159210.0,4100.0,4110.0,4012.0,4092.6,24354750,4501.8,3683.4,4440.0,3288.1,4026.2,1,1,4026.0,14,1,4025.5,5,1,4025.3,24,1,4025.2,171,3,4026.5,24,5,4026.6,102,2,4026.7,11,1,4026.8,35,3,4026.9,101,5
11483,2026-07-02 11:59:45+05:30,4026.0,4,4042.11,1028513,146363.0,159210.0,4100.0,4110.0,4012.0,4092.6,24354750,4501.8,3683.4,4440.0,3288.1,4026.2,1,1,4026.0,14,1,4025.5,5,1,4025.3,24,1,4025.2,171,3,4026.5,24,5,4026.6,102,2,4026.7,11,1,4026.8,35,3,4026.9,101,5
11483,2026-07-02 11:59:46+05:30,4026.0,4,4042.11,1028513,146363.0,159210.0,4100.0,4110.0,4012.0,4092.6,24354750,4501.8,3683.4,4440.0,3288.1,4026.2,1,1,4026.0,14,1,4025.5,5,1,4025.3,24,1,4025.2,171,3,4026.5,24,5,4026.6,102,2,4026.7,11,1,4026.8,35,3,4026.9,101,5
11483,2026-07-02 11:59:47+05:30,4026.0,4,4042.11,1028513,146363.0,159210.0,4100.0,4110.0,4012.0,4092.6,24354750,4501.8,3683.4,4440.0,3288.1,4026.2,1,1,4026.0,14,1,4025.5,5,1,4025.3,24,1,4025.2,171,3,4026.5,24,5,4026.6,102,2,4026.7,11,1,4026.8,35,3,4026.9,101,5
11483,2026-07-02 11:59:47+05:30,4026.5,1,4042.11,1028513,146363.0,159210.0,4100.0,4110.0,4012.0,4092.6,24354750,4501.8,3683.4,4440.0,3288.1,4026.2,1,1,4026.0,14,1,4025.5,5,1,4025.3,24,1,4025.2,171,3,4026.5,24,5,4026.6,102,2,4026.7,11,1,4026.8,35,3,4026.9,101,5
11483,2026-07-02 11:59:47+05:30,4026.0,9,4042.11,1028543,145183.0,159071.0,4100.0,4110.0,4012.0,4092.6,24354750,4501.8,3683.4,4440.0,3288.1,4025.6,9,1,4025.5,5,1,4025.2,204,4,4025.1,25,3,4025.0,408,18,4026.5,34,7,4026.6,117,3,4026.7,27,2,4026.8,50,4,4026.9,117,6
11483,2026-07-02 11:59:47+05:30,4026.0,9,4042.11,1028543,145183.0,159071.0,4100.0,4110.0,4012.0,4092.6,24354750,4501.8,3683.4,4440.0,3288.1,4025.6,9,1,4025.5,5,1,4025.2,204,4,4025.1,25,3,4025.0,408,18,4026.5,34,7,4026.6,117,3,4026.7,27,2,4026.8,50,4,4026.9,117,6
11483,2026-07-02 11:59:48+05:30,4026.0,9,4042.11,1028543,145183.0,159071.0,4100.0,4110.0,4012.0,4092.6,24354750,4501.8,3683.4,4440.0,3288.1,4025.6,9,1,4025.5,5,1,4025.2,204,4,4025.1,25,3,4025.0,408,18,4026.5,34,7,4026.6,117,3,4026.7,27,2,4026.8,50,4,4026.9,117,6
11483,2026-07-02 11:59:49+05:30,4026.0,9,4042.11,1028543,145183.0,159071.0,4100.0,4110.0,4012.0,4092.6,24354750,4501.8,3683.4,4440.0,3288.1,4025.6,9,1,4025.5,5,1,4025.2,204,4,4025.1,25,3,4025.0,408,18,4026.5,34,7,4026.6,117,3,4026.7,27,2,4026.8,50,4,4026.9,117,6
11483,2026-07-02 11:59:49+05:30,4026.5,3,4042.11,1028543,145183.0,159071.0,4100.0,4110.0,4012.0,4092.6,24354750,4501.8,3683.4,4440.0,3288.1,4025.6,9,1,4025.5,5,1,4025.2,204,4,4025.1,25,3,4025.0,408,18,4026.5,34,7,4026.6,117,3,4026.7,27,2,4026.8,50,4,4026.9,117,6
11483,2026-07-02 11:59:49+05:30,4026.5,3,4042.11,1028543,145183.0,159071.0,4100.0,4110.0,4012.0,4092.6,24354750,4501.8,3683.4,4440.0,3288.1,4025.6,9,1,4025.5,5,1,4025.2,204,4,4025.1,25,3,4025.0,408,18,4026.5,34,7,4026.6,117,3,4026.7,27,2,4026.8,50,4,4026.9,117,6
11483,2026-07-02 11:59:50+05:30,4026.5,3,4042.11,1028543,145183.0,159071.0,4100.0,4110.0,4012.0,4092.6,24369100,4501.8,3683.4,4440.0,3288.1,4025.6,9,1,4025.5,5,1,4025.2,204,4,4025.1,25,3,4025.0,408,18,4026.5,34,7,4026.6,117,3,4026.7,27,2,4026.8,50,4,4026.9,117,6
11483,2026-07-02 11:59:51+05:30,4026.5,3,4042.11,1028543,145183.0,159071.0,4100.0,4110.0,4012.0,4092.6,24369100,4501.8,3683.4,4440.0,3288.1,4025.6,9,1,4025.5,5,1,4025.2,204,4,4025.1,25,3,4025.0,408,18,4026.5,34,7,4026.6,117,3,4026.7,27,2,4026.8,50,4,4026.9,117,6
11483,2026-07-02 11:59:51+05:30,4026.6,3,4042.11,1028543,145183.0,159071.0,4100.0,4110.0,4012.0,4092.6,24369100,4501.8,3683.4,4440.0,3288.1,4025.6,9,1,4025.5,5,1,4025.2,204,4,4025.1,25,3,4025.0,408,18,4026.5,34,7,4026.6,117,3,4026.7,27,2,4026.8,50,4,4026.9,117,6
11483,2026-07-02 11:59:51+05:30,4026.6,3,4042.11,1028543,145183.0,159071.0,4100.0,4110.0,4012.0,4092.6,24369100,4501.8,3683.4,4440.0,3288.1,4025.6,9,1,4025.5,5,1,4025.2,204,4,4025.1,25,3,4025.0,408,18,4026.5,34,7,4026.6,117,3,4026.7,27,2,4026.8,50,4,4026.9,117,6
11483,2026-07-02 11:59:52+05:30,4026.3,3,4042.11,1028855,145208.0,159201.0,4100.0,4110.0,4012.0,4092.6,24369100,4501.8,3683.4,4440.0,3288.1,4026.1,3,1,4026.0,52,3,4025.5,5,1,4025.4,6,1,4025.3,7,1,4026.7,27,4,4026.8,46,5,4026.9,87,3,4027.0,266,4,4027.1,57,2
11483,2026-07-02 11:59:52+05:30,4026.3,3,4042.11,1028855,145208.0,159201.0,4100.0,4110.0,4012.0,4092.6,24369100,4501.8,3683.4,4440.0,3288.1,4026.1,3,1,4026.0,52,3,4025.5,5,1,4025.4,6,1,4025.3,7,1,4026.7,27,4,4026.8,46,5,4026.9,87,3,4027.0,266,4,4027.1,57,2
11483,2026-07-02 11:59:54+05:30,4026.0,1,4042.11,1028855,145208.0,159201.0,4100.0,4110.0,4012.0,4092.6,24369100,4501.8,3683.4,4440.0,3288.1,4026.1,3,1,4026.0,52,3,4025.5,5,1,4025.4,6,1,4025.3,7,1,4026.7,27,4,4026.8,46,5,4026.9,87,3,4027.0,266,4,4027.1,57,2
11483,2026-07-02 11:59:56+05:30,4025.2,8,4042.11,1028855,145208.0,159201.0,4100.0,4110.0,4012.0,4092.6,24369100,4501.8,3683.4,4440.0,3288.1,4026.1,3,1,4026.0,52,3,4025.5,5,1,4025.4,6,1,4025.3,7,1,4026.7,27,4,4026.8,46,5,4026.9,87,3,4027.0,266,4,4027.1,57,2
11483,2026-07-02 11:59:57+05:30,4026.6,11,4042.1,1029138,144477.0,159517.0,4100.0,4110.0,4012.0,4092.6,24369100,4501.8,3683.4,4440.0,3288.1,4025.2,60,4,4025.1,12,2,4025.0,400,16,4024.8,17,2,4024.7,13,1,4026.5,175,1,4026.6,174,2,4026.7,58,4,4026.8,45,4,4026.9,96,4
11483,2026-07-02 11:59:58+05:30,4025.2,20,4042.1,1029138,144477.0,159517.0,4100.0,4110.0,4012.0,4092.6,24369100,4501.8,3683.4,4440.0,3288.1,4025.2,60,4,4025.1,12,2,4025.0,400,16,4024.8,17,2,4024.7,13,1,4026.5,175,1,4026.6,174,2,4026.7,58,4,4026.8,45,4,4026.9,96,4
11483,2026-07-02 12:00:00+05:30,4026.0,11,4042.1,1029138,144477.0,159517.0,4100.0,4110.0,4012.0,4092.6,24369100,4501.8,3683.4,4440.0,3288.1,4025.2,60,4,4025.1,12,2,4025.0,400,16,4024.8,17,2,4024.7,13,1,4026.5,175,1,4026.6,174,2,4026.7,58,4,4026.8,45,4,4026.9,96,4
11483,2026-07-02 12:00:02+05:30,4026.6,1,4042.1,1029248,145508.0,159378.0,4100.0,4110.0,4012.0,4092.6,24369100,4501.8,3683.4,4440.0,3288.1,4026.3,20,1,4026.2,1,1,4025.9,242,1,4025.2,16,3,4025.1,12,2,4026.6,163,2,4026.7,8,1,4026.8,35,3,4026.9,76,2,4027.0,296,5
11483,2026-07-02 12:00:03+05:30,4025.9,91,4042.1,1029248,145508.0,159378.0,4100.0,4110.0,4012.0,4092.6,24369100,4501.8,3683.4,4440.0,3288.1,4026.3,20,1,4026.2,1,1,4025.9,242,1,4025.2,16,3,4025.1,12,2,4026.6,163,2,4026.7,8,1,4026.8,35,3,4026.9,76,2,4027.0,296,5
11483,2026-07-02 12:00:06+05:30,4026.6,7,4042.1,1029248,145508.0,159378.0,4100.0,4110.0,4012.0,4092.6,24369100,4501.8,3683.4,4440.0,3288.1,4026.3,20,1,4026.2,1,1,4025.9,242,1,4025.2,16,3,4025.1,12,2,4026.6,163,2,4026.7,8,1,4026.8,35,3,4026.9,76,2,4027.0,296,5
11483,2026-07-02 12:00:07+05:30,4026.6,1,4042.1,1029426,145823.0,159554.0,4100.0,4110.0,4012.0,4092.6,24369100,4501.8,3683.4,4440.0,3288.1,4026.0,36,1,4025.9,151,1,4025.3,10,1,4025.2,10,2,4025.1,26,4,4026.6,137,2,4026.8,35,3,4026.9,76,2,4027.0,266,4,4027.1,43,1
11483,2026-07-02 12:00:08+05:30,4026.5,1,4042.1,1029426,145823.0,159554.0,4100.0,4110.0,4012.0,4092.6,24369100,4501.8,3683.4,4440.0,3288.1,4026.0,36,1,4025.9,151,1,4025.3,10,1,4025.2,10,2,4025.1,26,4,4026.6,137,2,4026.8,35,3,4026.9,76,2,4027.0,266,4,4027.1,43,1
11483,2026-07-02 12:00:10+05:30,4026.0,2,4042.1,1029426,145823.0,159554.0,4100.0,4110.0,4012.0,4092.6,24369100,4501.8,3683.4,4440.0,3288.1,4026.0,36,1,4025.9,151,1,4025.3,10,1,4025.2,10,2,4025.1,26,4,4026.6,137,2,4026.8,35,3,4026.9,76,2,4027.0,266,4,4027.1,43,1
11483,2026-07-02 12:00:12+05:30,4026.0,1,4042.1,1029426,145823.0,159554.0,4100.0,4110.0,4012.0,4092.6,24369100,4501.8,3683.4,4440.0,3288.1,4026.0,36,1,4025.9,151,1,4025.3,10,1,4025.2,10,2,4025.1,26,4,4026.6,137,2,4026.8,35,3,4026.9,76,2,4027.0,266,4,4027.1,43,1
11483,2026-07-02 12:00:12+05:30,4026.0,1,4042.09,1029531,145951.0,159188.0,4100.0,4110.0,4012.0,4092.6,24369100,4501.8,3683.4,4440.0,3288.1,4026.4,2,1,4026.3,1,1,4025.9,149,1,4025.3,12,2,4025.2,31,3,4026.6,74,2,4026.8,35,3,4026.9,76,2,4027.0,266,4,4027.1,43,1
11483,2026-07-02 12:00:14+05:30,4026.1,1,4042.09,1029531,145951.0,159188.0,4100.0,4110.0,4012.0,4092.6,24369100,4501.8,3683.4,4440.0,3288.1,4026.4,2,1,4026.3,1,1,4025.9,149,1,4025.3,12,2,4025.2,31,3,4026.6,74,2,4026.8,35,3,4026.9,76,2,4027.0,266,4,4027.1,43,1
11483,2026-07-02 12:00:17+05:30,4025.9,88,4042.09,1029531,145951.0,159188.0,4100.0,4110.0,4012.0,4092.6,24369100,4501.8,3683.4,4440.0,3288.1,4026.4,2,1,4026.3,1,1,4025.9,149,1,4025.3,12,2,4025.2,31,3,4026.6,74,2,4026.8,35,3,4026.9,76,2,4027.0,266,4,4027.1,43,1
11483,2026-07-02 12:00:17+05:30,4026.8,50,4042.09,1029845,145043.0,159336.0,4100.0,4110.0,4012.0,4092.6,24369100,4501.8,3683.4,4440.0,3288.1,4025.4,88,1,4025.3,10,1,4025.2,10,2,4025.1,23,3,4025.0,511,19,4026.8,27,1,4026.9,155,3,4027.0,295,5,4027.1,7,2,4027.2,24,4
11483,2026-07-02 12:00:20+05:30,4026.1,1,4042.09,1029845,145043.0,159336.0,4100.0,4110.0,4012.0,4092.6,24369100,4501.8,3683.4,4440.0,3288.1,4025.4,88,1,4025.3,10,1,4025.2,10,2,4025.1,23,3,4025.0,511,19,4026.8,27,1,4026.9,155,3,4027.0,295,5,4027.1,7,2,4027.2,24,4
11483,2026-07-02 12:00:22+05:30,4026.2,1,4042.09,1029961,145410.0,159628.0,4100.0,4110.0,4012.0,4092.6,24369100,4501.8,3683.4,4440.0,3288.1,4025.9,2,1,4025.8,1,1,4025.3,24,3,4025.2,10,2,4025.1,49,5,4026.2,143,1,4026.8,5,1,4026.9,155,3,4027.0,325,6,4027.2,29,6
11483,2026-07-02 12:00:23+05:30,4025.8,1,4042.09,1029961,145410.0,159628.0,4100.0,4110.0,4012.0,4092.6,24369100,4501.8,3683.4,4440.0,3288.1,4025.9,2,1,4025.8,1,1,4025.3,24,3,4025.2,10,2,4025.1,49,5,4026.2,143,1,4026.8,5,1,4026.9,155,3,4027.0,325,6,4027.2,29,6
11483,2026-07-02 12:00:26+05:30,4026.2,8,4042.09,1029961,145410.0,159628.0,4100.0,4110.0,4012.0,4092.6,24369100,4501.8,3683.4,4440.0,3288.1,4025.9,2,1,4025.8,1,1,4025.3,24,3,4025.2,10,2,4025.1,49,5,4026.2,143,1,4026.8,5,1,4026.9,155,3,4027.0,325,6,4027.2,29,6
11483,2026-07-02 12:00:26+05:30,4026.2,8,4042.09,1030038,145036.0,159900.0,4100.0,4110.0,4012.0,4092.6,24369100,4501.8,3683.4,4440.0,3288.1,4025.4,1,1,4025.3,16,3,4025.2,10,2,4025.1,25,3,4025.0,533,20,4025.9,19,1,4026.2,95,2,4026.5,5,1,4026.6,37,3,4026.8,75,3
11483,2026-07-02 12:00:29+05:30,4025.8,10,4042.09,1030038,145036.0,159900.0,4100.0,4110.0,4012.0,4092.6,24369100,4501.8,3683.4,4440.0,3288.1,4025.4,1,1,4025.3,16,3,4025.2,10,2,4025.1,25,3,4025.0,533,20,4025.9,19,1,4026.2,95,2,4026.5,5,1,4026.6,37,3,4026.8,75,3
11483,2026-07-02 12:00:31+05:30,4025.9,1,4042.08,1030327,144985.0,159652.0,4100.0,4110.0,4012.0,4092.6,24369100,4501.8,3683.4,4440.0,3288.1,4025.4,3,1,4025.2,10,2,4025.1,25,3,4025.0,536,21,4024.8,16,2,4025.9,13,1,4026.0,1,1,4026.2,95,2,4026.6,10,1,4026.8,66,3
11483,2026-07-02 12:00:32+05:30,4025.4,3,4042.08,1030327,144985.0,159652.0,4100.0,4110.0,4012.0,4092.6,24369100,4501.8,3683.4,4440.0,3288.1,4025.4,3,1,4025.2,10,2,4025.1,25,3,4025.0,536,21,4024.8,16,2,4025.9,13,1,4026.0,1,1,4026.2,95,2,4026.6,10,1,4026.8,66,3
11483,2026-07-02 12:00:35+05:30,4025.4,1,4042.08,1030327,144985.0,159652.0,4100.0,4110.0,4012.0,4092.6,24369100,4501.8,3683.4,4440.0,3288.1,4025.4,3,1,4025.2,10,2,4025.1,25,3,4025.0,536,21,4024.8,16,2,4025.9,13,1,4026.0,1,1,4026.2,95,2,4026.6,10,1,4026.8,66,3
11483,2026-07-02 12:00:36+05:30,4025.9,3,4042.08,1030366,145041.0,159517.0,4100.0,4110.0,4012.0,4092.6,24369100,4501.8,3683.4,4440.0,3288.1,4025.5,81,1,4025.4,69,1,4025.2,22,3,4025.1,25,3,4025.0,536,21,4025.9,10,1,4026.2,1,1,4026.6,17,2,4026.7,5,1,4026.8,78,4
11483,2026-07-02 12:00:38+05:30,4025.9,72,4042.08,1030366,145041.0,159517.0,4100.0,4110.0,4012.0,4092.6,24369100,4501.8,3683.4,4440.0,3288.1,4025.5,81,1,4025.4,69,1,4025.2,22,3,4025.1,25,3,4025.0,536,21,4025.9,10,1,4026.2,1,1,4026.6,17,2,4026.7,5,1,4026.8,78,4
11483,2026-07-02 12:00:41+05:30,4025.9,4,4042.08,1030366,145041.0,159517.0,4100.0,4110.0,4012.0,4092.6,24369100,4501.8,3683.4,4440.0,3288.1,4025.5,81,1,4025.4,69,1,4025.2,22,3,4025.1,25,3,4025.0,536,21,4025.9,10,1,4026.2,1,1,4026.6,17,2,4026.7,5,1,4026.8,78,4
11483,2026-07-02 12:00:41+05:30,4025.9,4,4042.08,1030508,144999.0,159865.0,4100.0,4110.0,4012.0,4092.6,24369100,4501.8,3683.4,4440.0,3288.1,4025.4,60,2,4025.2,22,3,4025.1,25,3,4025.0,505,20,4024.8,35,2,4025.9,131,2,4026.2,1,1,4026.6,15,2,4026.7,16,2,4026.8,55,3
11483,2026-07-02 12:00:44+05:30,4025.4,3,4042.08,1030508,144999.0,159865.0,4100.0,4110.0,4012.0,4092.6,24369100,4501.8,3683.4,4440.0,3288.1,4025.4,60,2,4025.2,22,3,4025.1,25,3,4025.0,505,20,4024.8,35,2,4025.9,131,2,4026.2,1,1,4026.6,15,2,4026.7,16,2,4026.8,55,3
11483,2026-07-02 12:00:46+05:30,4025.4,3,4042.08,1030508,144999.0,159865.0,4100.0,4110.0,4012.0,4092.6,24369100,4501.8,3683.4,4440.0,3288.1,4025.4,60,2,4025.2,22,3,4025.1,25,3,4025.0,505,20,4024.8,35,2,4025.9,131,2,4026.2,1,1,4026.6,15,2,4026.7,16,2,4026.8,55,3
11483,2026-07-02 12:00:47+05:30,4026.0,1,4042.07,1031023,145694.0,159635.0,4100.0,4110.0,4012.0,4092.6,24369100,4501.8,3683.4,4440.0,3288.1,4026.0,1,1,4025.9,27,1,4025.7,8,1,4025.4,101,6,4025.2,25,3,4026.2,1,1,4026.8,5,1,4026.9,169,4,4027.0,285,4,4027.2,16,3
11483,2026-07-02 12:00:47+05:30,4026.0,3,4042.07,1031023,145694.0,159635.0,4100.0,4110.0,4012.0,4092.6,24369100,4501.8,3683.4,4440.0,3288.1,4026.0,1,1,4025.9,27,1,4025.7,8,1,4025.4,101,6,4025.2,25,3,4026.2,1,1,4026.8,5,1,4026.9,169,4,4027.0,285,4,4027.2,16,3
11483,2026-07-02 12:00:47+05:30,4026.0,3,4042.07,1031023,145694.0,159635.0,4100.0,4110.0,4012.0,4092.6,24369100,4501.8,3683.4,4440.0,3288.1,4026.0,1,1,4025.9,27,1,4025.7,8,1,4025.4,101,6,4025.2,25,3,4026.2,1,1,4026.8,5,1,4026.9,169,4,4027.0,285,4,4027.2,16,3
11483,2026-07-02 12:00:48+05:30,4026.0,3,4042.07,1031023,145694.0,159635.0,4100.0,4110.0,4012.0,4092.6,24369100,4501.8,3683.4,4440.0,3288.1,4026.0,1,1,4025.9,27,1,4025.7,8,1,4025.4,101,6,4025.2,25,3,4026.2,1,1,4026.8,5,1,4026.9,169,4,4027.0,285,4,4027.2,16,3
11483,2026-07-02 12:00:49+05:30,4026.0,3,4042.07,1031023,145694.0,159635.0,4100.0,4110.0,4012.0,4092.6,24369100,4501.8,3683.4,4440.0,3288.1,4026.0,1,1,4025.9,27,1,4025.7,8,1,4025.4,101,6,4025.2,25,3,4026.2,1,1,4026.8,5,1,4026.9,169,4,4027.0,285,4,4027.2,16,3
11483,2026-07-02 12:00:50+05:30,4026.0,3,4042.07,1031023,145694.0,159635.0,4100.0,4110.0,4012.0,4092.6,24369100,4501.8,3683.4,4440.0,3288.1,4026.0,1,1,4025.9,27,1,4025.7,8,1,4025.4,101,6,4025.2,25,3,4026.2,1,1,4026.8,5,1,4026.9,169,4,4027.0,285,4,4027.2,16,3
11483,2026-07-02 12:00:50+05:30,4025.9,1,4042.07,1031023,145694.0,159635.0,4100.0,4110.0,4012.0,4092.6,24369100,4501.8,3683.4,4440.0,3288.1,4026.0,1,1,4025.9,27,1,4025.7,8,1,4025.4,101,6,4025.2,25,3,4026.2,1,1,4026.8,5,1,4026.9,169,4,4027.0,285,4,4027.2,16,3
11483,2026-07-02 12:00:50+05:30,4025.9,1,4042.07,1031023,145694.0,159635.0,4100.0,4110.0,4012.0,4092.6,24374175,4501.8,3683.4,4440.0,3288.1,4026.0,1,1,4025.9,27,1,4025.7,8,1,4025.4,101,6,4025.2,25,3,4026.2,1,1,4026.8,5,1,4026.9,169,4,4027.0,285,4,4027.2,16,3
11483,2026-07-02 12:00:51+05:30,4025.9,1,4042.07,1031023,145694.0,159635.0,4100.0,4110.0,4012.0,4092.6,24374175,4501.8,3683.4,4440.0,3288.1,4026.0,1,1,4025.9,27,1,4025.7,8,1,4025.4,101,6,4025.2,25,3,4026.2,1,1,4026.8,5,1,4026.9,169,4,4027.0,285,4,4027.2,16,3
11483,2026-07-02 12:00:52+05:30,4025.9,1,4042.07,1031023,145694.0,159635.0,4100.0,4110.0,4012.0,4092.6,24374175,4501.8,3683.4,4440.0,3288.1,4026.0,1,1,4025.9,27,1,4025.7,8,1,4025.4,101,6,4025.2,25,3,4026.2,1,1,4026.8,5,1,4026.9,169,4,4027.0,285,4,4027.2,16,3
11483,2026-07-02 12:00:52+05:30,4025.9,1,4042.07,1031040,145916.0,159441.0,4100.0,4110.0,4012.0,4092.6,24374175,4501.8,3683.4,4440.0,3288.1,4025.9,37,3,4025.7,8,1,4025.6,6,1,4025.4,89,5,4025.2,25,3,4026.0,3,2,4026.2,1,1,4026.8,5,1,4026.9,169,4,4027.0,285,4
11483,2026-07-02 12:00:52+05:30,4025.9,1,4042.07,1031040,145916.0,159441.0,4100.0,4110.0,4012.0,4092.6,24374175,4501.8,3683.4,4440.0,3288.1,4025.9,37,3,4025.7,8,1,4025.6,6,1,4025.4,89,5,4025.2,25,3,4026.0,3,2,4026.2,1,1,4026.8,5,1,4026.9,169,4,4027.0,285,4
11483,2026-07-02 12:00:53+05:30,4025.9,1,4042.07,1031040,145916.0,159441.0,4100.0,4110.0,4012.0,4092.6,24374175,4501.8,3683.4,4440.0,3288.1,4025.9,37,3,4025.7,8,1,4025.6,6,1,4025.4,89,5,4025.2,25,3,4026.0,3,2,4026.2,1,1,4026.8,5,1,4026.9,169,4,4027.0,285,4
11483,2026-07-02 12:00:56+05:30,4026.0,6,4042.07,1031040,145916.0,159441.0,4100.0,4110.0,4012.0,4092.6,24374175,4501.8,3683.4,4440.0,3288.1,4025.9,37,3,4025.7,8,1,4025.6,6,1,4025.4,89,5,4025.2,25,3,4026.0,3,2,4026.2,1,1,4026.8,5,1,4026.9,169,4,4027.0,285,4
11483,2026-07-02 12:00:57+05:30,4026.0,1,4042.07,1031129,147270.0,158662.0,4100.0,4110.0,4012.0,4092.6,24374175,4501.8,3683.4,4440.0,3288.1,4026.0,953,5,4025.9,24,2,4025.8,12,2,4025.7,15,2,4025.6,20,2,4026.9,169,4,4027.0,285,4,4027.2,4,2,4027.5,11,1,4027.6,5,1
11483,2026-07-02 12:00:59+05:30,4026.0,4,4042.07,1031129,147270.0,158662.0,4100.0,4110.0,4012.0,4092.6,24374175,4501.8,3683.4,4440.0,3288.1,4026.0,953,5,4025.9,24,2,4025.8,12,2,4025.7,15,2,4025.6,20,2,4026.9,169,4,4027.0,285,4,4027.2,4,2,4027.5,11,1,4027.6,5,1
11483,2026-07-02 12:01:01+05:30,4026.9,12,4042.07,1031129,147270.0,158662.0,4100.0,4110.0,4012.0,4092.6,24374175,4501.8,3683.4,4440.0,3288.1,4026.0,953,5,4025.9,24,2,4025.8,12,2,4025.7,15,2,4025.6,20,2,4026.9,169,4,4027.0,285,4,4027.2,4,2,4027.5,11,1,4027.6,5,1
11483,2026-07-02 12:01:02+05:30,4026.9,9,4042.07,1031270,147169.0,158505.0,4100.0,4110.0,4012.0,4092.6,24374175,4501.8,3683.4,4440.0,3288.1,4026.5,7,2,4026.3,7,1,4026.0,945,5,4025.9,24,2,4025.8,32,3,4026.9,73,3,4027.0,285,4,4027.2,4,2,4027.5,41,2,4027.6,5,1
11483,2026-07-02 12:01:03+05:30,4026.0,1,4042.07,1031270,147169.0,158505.0,4100.0,4110.0,4012.0,4092.6,24374175,4501.8,3683.4,4440.0,3288.1,4026.5,7,2,4026.3,7,1,4026.0,945,5,4025.9,24,2,4025.8,32,3,4026.9,73,3,4027.0,285,4,4027.2,4,2,4027.5,41,2,4027.6,5,1
11483,2026-07-02 12:01:05+05:30,4026.9,22,4042.07,1031270,147169.0,158505.0,4100.0,4110.0,4012.0,4092.6,24374175,4501.8,3683.4,4440.0,3288.1,4026.5,7,2,4026.3,7,1,4026.0,945,5,4025.9,24,2,4025.8,32,3,4026.9,73,3,4027.0,285,4,4027.2,4,2,4027.5,41,2,4027.6,5,1
11483,2026-07-02 12:01:07+05:30,4026.9,1,4042.07,1031270,147169.0,158505.0,4100.0,4110.0,4012.0,4092.6,24374175,4501.8,3683.4,4440.0,3288.1,4026.5,7,2,4026.3,7,1,4026.0,945,5,4025.9,24,2,4025.8,32,3,4026.9,73,3,4027.0,285,4,4027.2,4,2,4027.5,41,2,4027.6,5,1
11483,2026-07-02 12:01:08+05:30,4027.0,2,4042.07,1031367,147142.0,158466.0,4100.0,4110.0,4012.0,4092.6,24374175,4501.8,3683.4,4440.0,3288.1,4026.0,914,2,4025.9,20,1,4025.8,16,2,4025.7,42,3,4025.6,44,3,4027.0,253,2,4027.1,15,1,4027.2,4,2,4027.5,16,2,4027.7,11,1
11483,2026-07-02 12:01:09+05:30,4026.0,1,4042.07,1031367,147142.0,158466.0,4100.0,4110.0,4012.0,4092.6,24374175,4501.8,3683.4,4440.0,3288.1,4026.0,914,2,4025.9,20,1,4025.8,16,2,4025.7,42,3,4025.6,44,3,4027.0,253,2,4027.1,15,1,4027.2,4,2,4027.5,16,2,4027.7,11,1
11483,2026-07-02 12:01:11+05:30,4027.0,1,4042.07,1031367,147142.0,158466.0,4100.0,4110.0,4012.0,4092.6,24374175,4501.8,3683.4,4440.0,3288.1,4026.0,914,2,4025.9,20,1,4025.8,16,2,4025.7,42,3,4025.6,44,3,4027.0,253,2,4027.1,15,1,4027.2,4,2,4027.5,16,2,4027.7,11,1
11483,2026-07-02 12:01:13+05:30,4027.9,1,4042.07,1031367,147142.0,158466.0,4100.0,4110.0,4012.0,4092.6,24374175,4501.8,3683.4,4440.0,3288.1,4026.0,914,2,4025.9,20,1,4025.8,16,2,4025.7,42,3,4025.6,44,3,4027.0,253,2,4027.1,15,1,4027.2,4,2,4027.5,16,2,4027.7,11,1
11483,2026-07-02 12:01:13+05:30,4026.9,1,4042.05,1032131,147346.0,157661.0,4100.0,4110.0,4012.0,4092.6,24374175,4501.8,3683.4,4440.0,3288.1,4026.9,1,1,4026.4,48,2,4026.1,56,1,4026.0,754,3,4025.9,20,1,4027.9,57,2,4028.0,702,4,4028.1,14,2,4028.2,51,3,4028.3,15,1
11483,2026-07-02 12:01:15+05:30,4026.0,307,4042.05,1032131,147346.0,157661.0,4100.0,4110.0,4012.0,4092.6,24374175,4501.8,3683.4,4440.0,3288.1,4026.9,1,1,4026.4,48,2,4026.1,56,1,4026.0,754,3,4025.9,20,1,4027.9,57,2,4028.0,702,4,4028.1,14,2,4028.2,51,3,4028.3,15,1
11483,2026-07-02 12:01:17+05:30,4026.9,1,4042.05,1032131,147346.0,157661.0,4100.0,4110.0,4012.0,4092.6,24374175,4501.8,3683.4,4440.0,3288.1,4026.9,1,1,4026.4,48,2,4026.1,56,1,4026.0,754,3,4025.9,20,1,4027.9,57,2,4028.0,702,4,4028.1,14,2,4028.2,51,3,4028.3,15,1
11483,2026-07-02 12:01:18+05:30,4026.9,1,4042.05,1032647,146975.0,158264.0,4100.0,4110.0,4012.0,4092.6,24374175,4501.8,3683.4,4440.0,3288.1,4026.5,15,3,4026.4,18,2,4026.1,12,2,4026.0,475,5,4025.9,37,2,4026.9,9,1,4027.9,61,2,4028.0,688,4,4028.1,19,3,4028.2,28,1
11483,2026-07-02 12:01:19+05:30,4026.5,5,4042.05,1032647,146975.0,158264.0,4100.0,4110.0,4012.0,4092.6,24374175,4501.8,3683.4,4440.0,3288.1,4026.5,15,3,4026.4,18,2,4026.1,12,2,4026.0,475,5,4025.9,37,2,4026.9,9,1,4027.9,61,2,4028.0,688,4,4028.1,19,3,4028.2,28,1
11483,2026-07-02 12:01:21+05:30,4026.5,1,4042.05,1032647,146975.0,158264.0,4100.0,4110.0,4012.0,4092.6,24374175,4501.8,3683.4,4440.0,3288.1,4026.5,15,3,4026.4,18,2,4026.1,12,2,4026.0,475,5,4025.9,37,2,4026.9,9,1,4027.9,61,2,4028.0,688,4,4028.1,19,3,4028.2,28,1
11483,2026-07-02 12:01:22+05:30,4026.5,1,4042.05,1032687,146661.0,158472.0,4100.0,4110.0,4012.0,4092.6,24374175,4501.8,3683.4,4440.0,3288.1,4026.3,33,5,4026.2,8,1,4026.1,22,3,4026.0,424,3,4025.9,125,3,4026.5,7,1,4026.8,2,1,4026.9,9,1,4027.7,48,1,4027.8,235,3
11483,2026-07-02 12:01:23+05:30,4026.3,4,4042.05,1032687,146661.0,158472.0,4100.0,4110.0,4012.0,4092.6,24374175,4501.8,3683.4,4440.0,3288.1,4026.3,33,5,4026.2,8,1,4026.1,22,3,4026.0,424,3,4025.9,125,3,4026.5,7,1,4026.8,2,1,4026.9,9,1,4027.7,48,1,4027.8,235,3
11483,2026-07-02 12:01:25+05:30,4026.5,1,4042.05,1032687,146661.0,158472.0,4100.0,4110.0,4012.0,4092.6,24374175,4501.8,3683.4,4440.0,3288.1,4026.3,33,5,4026.2,8,1,4026.1,22,3,4026.0,424,3,4025.9,125,3,4026.5,7,1,4026.8,2,1,4026.9,9,1,4027.7,48,1,4027.8,235,3
11483,2026-07-02 12:01:27+05:30,4026.9,1,4042.05,1032687,146661.0,158472.0,4100.0,4110.0,4012.0,4092.6,24374175,4501.8,3683.4,4440.0,3288.1,4026.3,33,5,4026.2,8,1,4026.1,22,3,4026.0,424,3,4025.9,125,3,4026.5,7,1,4026.8,2,1,4026.9,9,1,4027.7,48,1,4027.8,235,3
11483,2026-07-02 12:01:27+05:30,4026.5,5,4042.05,1032734,146554.0,158470.0,4100.0,4110.0,4012.0,4092.6,24374175,4501.8,3683.4,4440.0,3288.1,4026.5,5,1,4026.0,407,1,4025.9,125,3,4025.8,3,1,4025.6,13,1,4026.9,20,2,4027.2,1,1,4027.3,175,1,4027.5,2,1,4027.6,28,1
11483,2026-07-02 12:01:29+05:30,4026.9,4,4042.05,1032734,146554.0,158470.0,4100.0,4110.0,4012.0,4092.6,24374175,4501.8,3683.4,4440.0,3288.1,4026.5,5,1,4026.0,407,1,4025.9,125,3,4025.8,3,1,4025.6,13,1,4026.9,20,2,4027.2,1,1,4027.3,175,1,4027.5,2,1,4027.6,28,1
11483,2026-07-02 12:01:31+05:30,4026.9,48,4042.05,1032734,146554.0,158470.0,4100.0,4110.0,4012.0,4092.6,24374175,4501.8,3683.4,4440.0,3288.1,4026.5,5,1,4026.0,407,1,4025.9,125,3,4025.8,3,1,4025.6,13,1,4026.9,20,2,4027.2,1,1,4027.3,175,1,4027.5,2,1,4027.6,28,1
11483,2026-07-02 12:01:32+05:30,4026.8,8,4042.04,1032855,146174.0,158557.0,4100.0,4110.0,4012.0,4092.6,24374175,4501.8,3683.4,4440.0,3288.1,4026.6,1,1,4026.0,402,1,4025.9,125,3,4025.6,3,1,4025.5,1,1,4026.8,11,1,4026.9,2,1,4027.0,46,1,4027.1,9,1,4027.3,175,1
11483,2026-07-02 12:01:33+05:30,4026.6,1,4042.04,1032855,146174.0,158557.0,4100.0,4110.0,4012.0,4092.6,24374175,4501.8,3683.4,4440.0,3288.1,4026.6,1,1,4026.0,402,1,4025.9,125,3,4025.6,3,1,4025.5,1,1,4026.8,11,1,4026.9,2,1,4027.0,46,1,4027.1,9,1,4027.3,175,1
11483,2026-07-02 12:01:35+05:30,4026.7,1,4042.04,1032855,146174.0,158557.0,4100.0,4110.0,4012.0,4092.6,24374175,4501.8,3683.4,4440.0,3288.1,4026.6,1,1,4026.0,402,1,4025.9,125,3,4025.6,3,1,4025.5,1,1,4026.8,11,1,4026.9,2,1,4027.0,46,1,4027.1,9,1,4027.3,175,1
11483,2026-07-02 12:01:36+05:30,4026.7,1,4042.04,1033268,145738.0,158206.0,4100.0,4110.0,4012.0,4092.6,24374175,4501.8,3683.4,4440.0,3288.1,4026.7,1,1,4026.0,8,1,4025.9,125,3,4025.6,3,1,4025.5,59,2,4027.4,32,1,4027.5,183,2,4027.6,11,2,4027.7,78,4,4027.8,11,2
11483,2026-07-02 12:01:37+05:30,4026.7,13,4042.04,1033268,145738.0,158206.0,4100.0,4110.0,4012.0,4092.6,24374175,4501.8,3683.4,4440.0,3288.1,4026.7,1,1,4026.0,8,1,4025.9,125,3,4025.6,3,1,4025.5,59,2,4027.4,32,1,4027.5,183,2,4027.6,11,2,4027.7,78,4,4027.8,11,2
11483,2026-07-02 12:01:39+05:30,4027.6,2,4042.04,1033268,145738.0,158206.0,4100.0,4110.0,4012.0,4092.6,24374175,4501.8,3683.4,4440.0,3288.1,4026.7,1,1,4026.0,8,1,4025.9,125,3,4025.6,3,1,4025.5,59,2,4027.4,32,1,4027.5,183,2,4027.6,11,2,4027.7,78,4,4027.8,11,2
11483,2026-07-02 12:01:41+05:30,4026.5,3,4042.04,1033268,145738.0,158206.0,4100.0,4110.0,4012.0,4092.6,24374175,4501.8,3683.4,4440.0,3288.1,4026.7,1,1,4026.0,8,1,4025.9,125,3,4025.6,3,1,4025.5,59,2,4027.4,32,1,4027.5,183,2,4027.6,11,2,4027.7,78,4,4027.8,11,2
11483,2026-07-02 12:01:41+05:30,4026.5,3,4042.03,1033541,145830.0,158175.0,4100.0,4110.0,4012.0,4092.6,24374175,4501.8,3683.4,4440.0,3288.1,4026.5,9,1,4026.1,49,1,4026.0,27,2,4025.9,125,3,4025.6,15,2,4027.5,16,2,4027.6,19,2,4027.7,73,4,4027.8,266,5,4027.9,26,3
11483,2026-07-02 12:01:43+05:30,4026.2,1,4042.03,1033541,145830.0,158175.0,4100.0,4110.0,4012.0,4092.6,24374175,4501.8,3683.4,4440.0,3288.1,4026.5,9,1,4026.1,49,1,4026.0,27,2,4025.9,125,3,4025.6,15,2,4027.5,16,2,4027.6,19,2,4027.7,73,4,4027.8,266,5,4027.9,26,3
11483,2026-07-02 12:01:45+05:30,4026.0,1,4042.03,1033541,145830.0,158175.0,4100.0,4110.0,4012.0,4092.6,24374175,4501.8,3683.4,4440.0,3288.1,4026.5,9,1,4026.1,49,1,4026.0,27,2,4025.9,125,3,4025.6,15,2,4027.5,16,2,4027.6,19,2,4027.7,73,4,4027.8,266,5,4027.9,26,3
11483,2026-07-02 12:01:46+05:30,4026.5,1,4042.03,1033574,145671.0,158835.0,4100.0,4110.0,4012.0,4092.6,24374175,4501.8,3683.4,4440.0,3288.1,4026.0,21,2,4025.9,125,3,4025.5,1,1,4025.4,107,6,4025.3,50,1,4026.5,5,2,4027.1,5,1,4027.4,83,4,4027.5,112,6,4027.6,67,3
11483,2026-07-02 12:01:46+05:30,4026.5,1,4042.03,1033574,145671.0,158835.0,4100.0,4110.0,4012.0,4092.6,24374175,4501.8,3683.4,4440.0,3288.1,4026.0,21,2,4025.9,125,3,4025.5,1,1,4025.4,107,6,4025.3,50,1,4026.5,5,2,4027.1,5,1,4027.4,83,4,4027.5,112,6,4027.6,67,3
11483,2026-07-02 12:01:47+05:30,4026.5,1,4042.03,1033574,145671.0,158835.0,4100.0,4110.0,4012.0,4092.6,24374175,4501.8,3683.4,4440.0,3288.1,4026.0,21,2,4025.9,125,3,4025.5,1,1,4025.4,107,6,4025.3,50,1,4026.5,5,2,4027.1,5,1,4027.4,83,4,4027.5,112,6,4027.6,67,3
11483,2026-07-02 12:01:47+05:30,4026.0,1,4042.03,1033574,145671.0,158835.0,4100.0,4110.0,4012.0,4092.6,24374175,4501.8,3683.4,4440.0,3288.1,4026.0,21,2,4025.9,125,3,4025.5,1,1,4025.4,107,6,4025.3,50,1,4026.5,5,2,4027.1,5,1,4027.4,83,4,4027.5,112,6,4027.6,67,3
11483,2026-07-02 12:01:47+05:30,4026.0,1,4042.03,1033574,145671.0,158835.0,4100.0,4110.0,4012.0,4092.6,24374175,4501.8,3683.4,4440.0,3288.1,4026.0,21,2,4025.9,125,3,4025.5,1,1,4025.4,107,6,4025.3,50,1,4026.5,5,2,4027.1,5,1,4027.4,83,4,4027.5,112,6,4027.6,67,3
11483,2026-07-02 12:01:48+05:30,4026.0,1,4042.03,1033574,145671.0,158835.0,4100.0,4110.0,4012.0,4092.6,24374175,4501.8,3683.4,4440.0,3288.1,4026.0,21,2,4025.9,125,3,4025.5,1,1,4025.4,107,6,4025.3,50,1,4026.5,5,2,4027.1,5,1,4027.4,83,4,4027.5,112,6,4027.6,67,3
11483,2026-07-02 12:01:49+05:30,4026.0,1,4042.03,1033574,145671.0,158835.0,4100.0,4110.0,4012.0,4092.6,24374175,4501.8,3683.4,4440.0,3288.1,4026.0,21,2,4025.9,125,3,4025.5,1,1,4025.4,107,6,4025.3,50,1,4026.5,5,2,4027.1,5,1,4027.4,83,4,4027.5,112,6,4027.6,67,3
11483,2026-07-02 12:01:49+05:30,4026.0,1,4042.03,1033574,145671.0,158835.0,4100.0,4110.0,4012.0,4092.6,24374175,4501.8,3683.4,4440.0,3288.1,4026.0,21,2,4025.9,125,3,4025.5,1,1,4025.4,107,6,4025.3,50,1,4026.5,5,2,4027.1,5,1,4027.4,83,4,4027.5,112,6,4027.6,67,3
11483,2026-07-02 12:01:50+05:30,4026.0,1,4042.03,1033574,145671.0,158835.0,4100.0,4110.0,4012.0,4092.6,24374175,4501.8,3683.4,4440.0,3288.1,4026.0,21,2,4025.9,125,3,4025.5,1,1,4025.4,107,6,4025.3,50,1,4026.5,5,2,4027.1,5,1,4027.4,83,4,4027.5,112,6,4027.6,67,3
11483,2026-07-02 12:01:51+05:30,4026.0,1,4042.03,1033610,145927.0,158089.0,4100.0,4110.0,4012.0,4092.6,24374175,4501.8,3683.4,4440.0,3288.1,4026.0,25,3,4025.9,125,3,4025.6,3,1,4025.5,60,3,4025.4,76,4,4027.5,54,4,4027.6,16,1,4027.7,12,1,4027.8,275,5,4027.9,23,3
11483,2026-07-02 12:01:51+05:30,4026.0,1,4042.03,1033610,145927.0,158089.0,4100.0,4110.0,4012.0,4092.6,24386250,4501.8,3683.4,4440.0,3288.1,4026.0,25,3,4025.9,125,3,4025.6,3,1,4025.5,60,3,4025.4,76,4,4027.5,54,4,4027.6,16,1,4027.7,12,1,4027.8,275,5,4027.9,23,3
11483,2026-07-02 12:01:51+05:30,4026.0,4,4042.03,1033610,145927.0,158089.0,4100.0,4110.0,4012.0,4092.6,24386250,4501.8,3683.4,4440.0,3288.1,4026.0,25,3,4025.9,125,3,4025.6,3,1,4025.5,60,3,4025.4,76,4,4027.5,54,4,4027.6,16,1,4027.7,12,1,4027.8,275,5,4027.9,23,3
11483,2026-07-02 12:01:51+05:30,4026.0,4,4042.03,1033610,145927.0,158089.0,4100.0,4110.0,4012.0,4092.6,24386250,4501.8,3683.4,4440.0,3288.1,4026.0,25,3,4025.9,125,3,4025.6,3,1,4025.5,60,3,4025.4,76,4,4027.5,54,4,4027.6,16,1,4027.7,12,1,4027.8,275,5,4027.9,23,3
11483,2026-07-02 12:01:52+05:30,4026.0,4,4042.03,1033610,145927.0,158089.0,4100.0,4110.0,4012.0,4092.6,24386250,4501.8,3683.4,4440.0,3288.1,4026.0,25,3,4025.9,125,3,4025.6,3,1,4025.5,60,3,4025.4,76,4,4027.5,54,4,4027.6,16,1,4027.7,12,1,4027.8,275,5,4027.9,23,3
11483,2026-07-02 12:01:53+05:30,4026.7,1,4042.03,1033610,145927.0,158089.0,4100.0,4110.0,4012.0,4092.6,24386250,4501.8,3683.4,4440.0,3288.1,4026.0,25,3,4025.9,125,3,4025.6,3,1,4025.5,60,3,4025.4,76,4,4027.5,54,4,4027.6,16,1,4027.7,12,1,4027.8,275,5,4027.9,23,3
11483,2026-07-02 12:01:53+05:30,4026.7,1,4042.03,1033610,145927.0,158089.0,4100.0,4110.0,4012.0,4092.6,24386250,4501.8,3683.4,4440.0,3288.1,4026.0,25,3,4025.9,125,3,4025.6,3,1,4025.5,60,3,4025.4,76,4,4027.5,54,4,4027.6,16,1,4027.7,12,1,4027.8,275,5,4027.9,23,3
11483,2026-07-02 12:01:55+05:30,4027.3,1,4042.03,1033610,145927.0,158089.0,4100.0,4110.0,4012.0,4092.6,24386250,4501.8,3683.4,4440.0,3288.1,4026.0,25,3,4025.9,125,3,4025.6,3,1,4025.5,60,3,4025.4,76,4,4027.5,54,4,4027.6,16,1,4027.7,12,1,4027.8,275,5,4027.9,23,3
11483,2026-07-02 12:01:55+05:30,4027.3,1,4042.03,1033626,145903.0,158026.0,4100.0,4110.0,4012.0,4092.6,24386250,4501.8,3683.4,4440.0,3288.1,4026.5,2,1,4026.0,21,3,4025.9,125,3,4025.6,13,1,4025.5,3,2,4027.3,11,1,4027.4,24,2,4027.5,22,2,4027.6,29,4,4027.7,89,2
11483,2026-07-02 12:01:57+05:30,4026.5,1,4042.03,1033626,145903.0,158026.0,4100.0,4110.0,4012.0,4092.6,24386250,4501.8,3683.4,4440.0,3288.1,4026.5,2,1,4026.0,21,3,4025.9,125,3,4025.6,13,1,4025.5,3,2,4027.3,11,1,4027.4,24,2,4027.5,22,2,4027.6,29,4,4027.7,89,2
11483,2026-07-02 12:01:59+05:30,4026.5,4,4042.03,1033626,145903.0,158026.0,4100.0,4110.0,4012.0,4092.6,24386250,4501.8,3683.4,4440.0,3288.1,4026.5,2,1,4026.0,21,3,4025.9,125,3,4025.6,13,1,4025.5,3,2,4027.3,11,1,4027.4,24,2,4027.5,22,2,4027.6,29,4,4027.7,89,2
11483,2026-07-02 12:02:00+05:30,4027.4,3,4042.03,1033647,145858.0,158191.0,4100.0,4110.0,4012.0,4092.6,24386250,4501.8,3683.4,4440.0,3288.1,4026.1,9,1,4026.0,32,3,4025.9,125,3,4025.6,30,2,4025.5,1,1,4027.4,56,2,4027.6,62,4,4027.7,111,4,4027.8,314,4,4027.9,17,2
11483,2026-07-02 12:02:01+05:30,4026.1,1,4042.03,1033647,145858.0,158191.0,4100.0,4110.0,4012.0,4092.6,24386250,4501.8,3683.4,4440.0,3288.1,4026.1,9,1,4026.0,32,3,4025.9,125,3,4025.6,30,2,4025.5,1,1,4027.4,56,2,4027.6,62,4,4027.7,111,4,4027.8,314,4,4027.9,17,2
11483,2026-07-02 12:02:03+05:30,4026.7,1,4042.03,1033647,145858.0,158191.0,4100.0,4110.0,4012.0,4092.6,24386250,4501.8,3683.4,4440.0,3288.1,4026.1,9,1,4026.0,32,3,4025.9,125,3,4025.6,30,2,4025.5,1,1,4027.4,56,2,4027.6,62,4,4027.7,111,4,4027.8,314,4,4027.9,17,2
11483,2026-07-02 12:02:05+05:30,4026.0,85,4042.03,1033647,145858.0,158191.0,4100.0,4110.0,4012.0,4092.6,24386250,4501.8,3683.4,4440.0,3288.1,4026.1,9,1,4026.0,32,3,4025.9,125,3,4025.6,30,2,4025.5,1,1,4027.4,56,2,4027.6,62,4,4027.7,111,4,4027.8,314,4,4027.9,17,2
11483,2026-07-02 12:02:05+05:30,4026.0,85,4042.03,1033883,145919.0,158200.0,4100.0,4110.0,4012.0,4092.6,24386250,4501.8,3683.4,4440.0,3288.1,4026.5,151,1,4026.3,11,1,4026.2,2,1,4026.1,13,2,4026.0,22,2,4027.2,44,2,4027.4,3,1,4027.6,17,2,4027.7,89,2,4027.8,311,3
11483,2026-07-02 12:02:07+05:30,4027.2,18,4042.03,1033883,145919.0,158200.0,4100.0,4110.0,4012.0,4092.6,24386250,4501.8,3683.4,4440.0,3288.1,4026.5,151,1,4026.3,11,1,4026.2,2,1,4026.1,13,2,4026.0,22,2,4027.2,44,2,4027.4,3,1,4027.6,17,2,4027.7,89,2,4027.8,311,3
11483,2026-07-02 12:02:09+05:30,4027.2,1,4042.03,1033883,145919.0,158200.0,4100.0,4110.0,4012.0,4092.6,24386250,4501.8,3683.4,4440.0,3288.1,4026.5,151,1,4026.3,11,1,4026.2,2,1,4026.1,13,2,4026.0,22,2,4027.2,44,2,4027.4,3,1,4027.6,17,2,4027.7,89,2,4027.8,311,3
11483,2026-07-02 12:02:10+05:30,4026.5,9,4042.03,1033958,145984.0,158058.0,4100.0,4110.0,4012.0,4092.6,24386250,4501.8,3683.4,4440.0,3288.1,4026.5,113,1,4026.3,11,1,4026.1,3,1,4026.0,23,3,4025.9,153,4,4027.2,11,1,4027.4,3,1,4027.6,17,2,4027.7,77,1,4027.8,136,2
11483,2026-07-02 12:02:11+05:30,4026.5,9,4042.03,1033958,145984.0,158058.0,4100.0,4110.0,4012.0,4092.6,24386250,4501.8,3683.4,4440.0,3288.1,4026.5,113,1,4026.3,11,1,4026.1,3,1,4026.0,23,3,4025.9,153,4,4027.2,11,1,4027.4,3,1,4027.6,17,2,4027.7,77,1,4027.8,136,2
11483,2026-07-02 12:02:13+05:30,4026.5,8,4042.03,1033958,145984.0,158058.0,4100.0,4110.0,4012.0,4092.6,24386250,4501.8,3683.4,4440.0,3288.1,4026.5,113,1,4026.3,11,1,4026.1,3,1,4026.0,23,3,4025.9,153,4,4027.2,11,1,4027.4,3,1,4027.6,17,2,4027.7,77,1,4027.8,136,2
11483,2026-07-02 12:02:15+05:30,4026.7,1,4042.03,1033958,145984.0,158058.0,4100.0,4110.0,4012.0,4092.6,24386250,4501.8,3683.4,4440.0,3288.1,4026.5,113,1,4026.3,11,1,4026.1,3,1,4026.0,23,3,4025.9,153,4,4027.2,11,1,4027.4,3,1,4027.6,17,2,4027.7,77,1,4027.8,136,2
11483,2026-07-02 12:02:15+05:30,4026.7,1,4042.03,1034038,146188.0,158451.0,4100.0,4110.0,4012.0,4092.6,24386250,4501.8,3683.4,4440.0,3288.1,4026.5,203,3,4026.1,178,2,4026.0,109,8,4025.9,166,5,4025.8,35,2,4027.6,17,2,4027.7,77,1,4027.8,136,2,4027.9,14,1,4028.0,680,5
11483,2026-07-02 12:02:17+05:30,4027.2,4,4042.03,1034038,146188.0,158451.0,4100.0,4110.0,4012.0,4092.6,24386250,4501.8,3683.4,4440.0,3288.1,4026.5,203,3,4026.1,178,2,4026.0,109,8,4025.9,166,5,4025.8,35,2,4027.6,17,2,4027.7,77,1,4027.8,136,2,4027.9,14,1,4028.0,680,5
11483,2026-07-02 12:02:19+05:30,4026.5,92,4042.03,1034038,146188.0,158451.0,4100.0,4110.0,4012.0,4092.6,24386250,4501.8,3683.4,4440.0,3288.1,4026.5,203,3,4026.1,178,2,4026.0,109,8,4025.9,166,5,4025.8,35,2,4027.6,17,2,4027.7,77,1,4027.8,136,2,4027.9,14,1,4028.0,680,5
11483,2026-07-02 12:02:20+05:30,4026.5,92,4042.02,1034229,145566.0,158372.0,4100.0,4110.0,4012.0,4092.6,24386250,4501.8,3683.4,4440.0,3288.1,4026.5,69,3,4026.1,178,2,4026.0,85,7,4025.9,138,4,4025.7,44,3,4026.7,170,1,4027.6,17,2,4027.7,85,2,4027.8,149,3,4027.9,14,1
11483,2026-07-02 12:02:21+05:30,4026.7,4,4042.02,1034229,145566.0,158372.0,4100.0,4110.0,4012.0,4092.6,24386250,4501.8,3683.4,4440.0,3288.1,4026.5,69,3,4026.1,178,2,4026.0,85,7,4025.9,138,4,4025.7,44,3,4026.7,170,1,4027.6,17,2,4027.7,85,2,4027.8,149,3,4027.9,14,1
11483,2026-07-02 12:02:25+05:30,4027.7,5,4042.02,1034373,145562.0,158406.0,4100.0,4110.0,4012.0,4092.6,24386250,4501.8,3683.4,4440.0,3288.1,4026.6,12,2,4026.5,35,1,4026.2,2,1,4026.1,178,2,4026.0,78,6,4027.7,41,2,4027.8,136,2,4027.9,14,1,4028.0,640,4,4028.1,61,4
11483,2026-07-02 12:02:25+05:30,4026.6,1,4042.02,1034373,145562.0,158406.0,4100.0,4110.0,4012.0,4092.6,24386250,4501.8,3683.4,4440.0,3288.1,4026.6,12,2,4026.5,35,1,4026.2,2,1,4026.1,178,2,4026.0,78,6,4027.7,41,2,4027.8,136,2,4027.9,14,1,4028.0,640,4,4028.1,61,4
11483,2026-07-02 12:02:27+05:30,4027.7,1,4042.02,1034373,145562.0,158406.0,4100.0,4110.0,4012.0,4092.6,24386250,4501.8,3683.4,4440.0,3288.1,4026.6,12,2,4026.5,35,1,4026.2,2,1,4026.1,178,2,4026.0,78,6,4027.7,41,2,4027.8,136,2,4027.9,14,1,4028.0,640,4,4028.1,61,4
11483,2026-07-02 12:02:29+05:30,4027.7,1,4042.02,1034373,145562.0,158406.0,4100.0,4110.0,4012.0,4092.6,24386250,4501.8,3683.4,4440.0,3288.1,4026.6,12,2,4026.5,35,1,4026.2,2,1,4026.1,178,2,4026.0,78,6,4027.7,41,2,4027.8,136,2,4027.9,14,1,4028.0,640,4,4028.1,61,4
11483,2026-07-02 12:02:30+05:30,4027.7,1,4042.02,1034409,146184.0,157806.0,4100.0,4110.0,4012.0,4092.6,24386250,4501.8,3683.4,4440.0,3288.1,4026.7,19,1,4026.6,29,5,4026.5,63,3,4026.3,24,1,4026.2,38,1,4027.7,26,1,4027.8,58,1,4028.0,618,2,4028.1,4,1,4028.4,36,2
11483,2026-07-02 12:02:31+05:30,4027.7,1,4042.02,1034409,146184.0,157806.0,4100.0,4110.0,4012.0,4092.6,24386250,4501.8,3683.4,4440.0,3288.1,4026.7,19,1,4026.6,29,5,4026.5,63,3,4026.3,24,1,4026.2,38,1,4027.7,26,1,4027.8,58,1,4028.0,618,2,4028.1,4,1,4028.4,36,2
11483,2026-07-02 12:02:33+05:30,4027.7,16,4042.02,1034409,146184.0,157806.0,4100.0,4110.0,4012.0,4092.6,24386250,4501.8,3683.4,4440.0,3288.1,4026.7,19,1,4026.6,29,5,4026.5,63,3,4026.3,24,1,4026.2,38,1,4027.7,26,1,4027.8,58,1,4028.0,618,2,4028.1,4,1,4028.4,36,2
11483,2026-07-02 12:02:34+05:30,4027.7,1,4042.02,1034459,146476.0,158196.0,4100.0,4110.0,4012.0,4092.6,24386250,4501.8,3683.4,4440.0,3288.1,4027.5,1,1,4027.4,1,1,4027.2,13,3,4026.8,2,1,4026.7,27,2,4027.7,60,1,4027.8,58,1,4028.0,633,3,4028.1,4,1,4028.4,23,1
11483,2026-07-02 12:02:35+05:30,4027.5,1,4042.02,1034459,146476.0,158196.0,4100.0,4110.0,4012.0,4092.6,24386250,4501.8,3683.4,4440.0,3288.1,4027.5,1,1,4027.4,1,1,4027.2,13,3,4026.8,2,1,4026.7,27,2,4027.7,60,1,4027.8,58,1,4028.0,633,3,4028.1,4,1,4028.4,23,1
11483,2026-07-02 12:02:37+05:30,4027.7,19,4042.02,1034459,146476.0,158196.0,4100.0,4110.0,4012.0,4092.6,24386250,4501.8,3683.4,4440.0,3288.1,4027.5,1,1,4027.4,1,1,4027.2,13,3,4026.8,2,1,4026.7,27,2,4027.7,60,1,4027.8,58,1,4028.0,633,3,4028.1,4,1,4028.4,23,1
11483,2026-07-02 12:02:39+05:30,4027.7,1,4042.02,1034488,146508.0,158002.0,4100.0,4110.0,4012.0,4092.6,24386250,4501.8,3683.4,4440.0,3288.1,4027.2,13,3,4026.7,32,3,4026.6,49,5,4026.5,62,2,4026.4,28,1,4027.7,38,1,4027.8,58,1,4028.0,633,3,4028.1,4,1,4028.4,23,1
11483,2026-07-02 12:02:40+05:30,4027.7,1,4042.02,1034488,146508.0,158002.0,4100.0,4110.0,4012.0,4092.6,24386250,4501.8,3683.4,4440.0,3288.1,4027.2,13,3,4026.7,32,3,4026.6,49,5,4026.5,62,2,4026.4,28,1,4027.7,38,1,4027.8,58,1,4028.0,633,3,4028.1,4,1,4028.4,23,1
11483,2026-07-02 12:02:43+05:30,4027.7,1,4042.02,1034488,146508.0,158002.0,4100.0,4110.0,4012.0,4092.6,24386250,4501.8,3683.4,4440.0,3288.1,4027.2,13,3,4026.7,32,3,4026.6,49,5,4026.5,62,2,4026.4,28,1,4027.7,38,1,4027.8,58,1,4028.0,633,3,4028.1,4,1,4028.4,23,1
11483,2026-07-02 12:02:43+05:30,4027.7,1,4042.02,1034527,146309.0,157949.0,4100.0,4110.0,4012.0,4092.6,24386250,4501.8,3683.4,4440.0,3288.1,4027.4,1,1,4027.2,1,1,4027.0,29,3,4026.9,13,1,4026.7,51,3,4027.7,24,2,4027.8,58,1,4028.0,650,4,4028.1,179,2,4028.5,17,2
11483,2026-07-02 12:02:46+05:30,4028.0,7,4042.02,1034527,146309.0,157949.0,4100.0,4110.0,4012.0,4092.6,24386250,4501.8,3683.4,4440.0,3288.1,4027.4,1,1,4027.2,1,1,4027.0,29,3,4026.9,13,1,4026.7,51,3,4027.7,24,2,4027.8,58,1,4028.0,650,4,4028.1,179,2,4028.5,17,2
11483,2026-07-02 12:02:47+05:30,4028.0,7,4042.02,1034527,146309.0,157949.0,4100.0,4110.0,4012.0,4092.6,24386250,4501.8,3683.4,4440.0,3288.1,4027.4,1,1,4027.2,1,1,4027.0,29,3,4026.9,13,1,4026.7,51,3,4027.7,24,2,4027.8,58,1,4028.0,650,4,4028.1,179,2,4028.5,17,2
11483,2026-07-02 12:02:48+05:30,4028.0,7,4042.02,1034527,146309.0,157949.0,4100.0,4110.0,4012.0,4092.6,24386250,4501.8,3683.4,4440.0,3288.1,4027.4,1,1,4027.2,1,1,4027.0,29,3,4026.9,13,1,4026.7,51,3,4027.7,24,2,4027.8,58,1,4028.0,650,4,4028.1,179,2,4028.5,17,2
11483,2026-07-02 12:02:48+05:30,4028.0,1,4042.02,1034563,146974.0,157600.0,4100.0,4110.0,4012.0,4092.6,24386250,4501.8,3683.4,4440.0,3288.1,4027.9,1,1,4027.7,50,2,4027.1,16,1,4027.0,57,3,4026.9,92,4,4028.0,635,5,4028.1,4,1,4028.5,17,2,4028.9,7,2,4029.0,429,11
11483,2026-07-02 12:02:48+05:30,4028.0,1,4042.02,1034563,146974.0,157600.0,4100.0,4110.0,4012.0,4092.6,24386250,4501.8,3683.4,4440.0,3288.1,4027.9,1,1,4027.7,50,2,4027.1,16,1,4027.0,57,3,4026.9,92,4,4028.0,635,5,4028.1,4,1,4028.5,17,2,4028.9,7,2,4029.0,429,11
11483,2026-07-02 12:02:49+05:30,4027.9,1,4042.02,1034563,146974.0,157600.0,4100.0,4110.0,4012.0,4092.6,24386250,4501.8,3683.4,4440.0,3288.1,4027.9,1,1,4027.7,50,2,4027.1,16,1,4027.0,57,3,4026.9,92,4,4028.0,635,5,4028.1,4,1,4028.5,17,2,4028.9,7,2,4029.0,429,11
11483,2026-07-02 12:02:49+05:30,4027.9,1,4042.02,1034563,146974.0,157600.0,4100.0,4110.0,4012.0,4092.6,24386250,4501.8,3683.4,4440.0,3288.1,4027.9,1,1,4027.7,50,2,4027.1,16,1,4027.0,57,3,4026.9,92,4,4028.0,635,5,4028.1,4,1,4028.5,17,2,4028.9,7,2,4029.0,429,11
11483,2026-07-02 12:02:50+05:30,4027.9,1,4042.02,1034563,146974.0,157600.0,4100.0,4110.0,4012.0,4092.6,24386250,4501.8,3683.4,4440.0,3288.1,4027.9,1,1,4027.7,50,2,4027.1,16,1,4027.0,57,3,4026.9,92,4,4028.0,635,5,4028.1,4,1,4028.5,17,2,4028.9,7,2,4029.0,429,11
11483,2026-07-02 12:02:50+05:30,4027.9,1,4042.02,1034563,146974.0,157600.0,4100.0,4110.0,4012.0,4092.6,24400425,4501.8,3683.4,4440.0,3288.1,4027.9,1,1,4027.7,50,2,4027.1,16,1,4027.0,57,3,4026.9,92,4,4028.0,635,5,4028.1,4,1,4028.5,17,2,4028.9,7,2,4029.0,429,11
11483,2026-07-02 12:02:51+05:30,4027.9,1,4042.02,1034563,146974.0,157600.0,4100.0,4110.0,4012.0,4092.6,24400425,4501.8,3683.4,4440.0,3288.1,4027.9,1,1,4027.7,50,2,4027.1,16,1,4027.0,57,3,4026.9,92,4,4028.0,635,5,4028.1,4,1,4028.5,17,2,4028.9,7,2,4029.0,429,11
11483,2026-07-02 12:02:51+05:30,4028.0,1,4042.02,1034563,146974.0,157600.0,4100.0,4110.0,4012.0,4092.6,24400425,4501.8,3683.4,4440.0,3288.1,4027.9,1,1,4027.7,50,2,4027.1,16,1,4027.0,57,3,4026.9,92,4,4028.0,635,5,4028.1,4,1,4028.5,17,2,4028.9,7,2,4029.0,429,11
11483,2026-07-02 12:02:51+05:30,4028.0,1,4042.02,1034563,146974.0,157600.0,4100.0,4110.0,4012.0,4092.6,24400425,4501.8,3683.4,4440.0,3288.1,4027.9,1,1,4027.7,50,2,4027.1,16,1,4027.0,57,3,4026.9,92,4,4028.0,635,5,4028.1,4,1,4028.5,17,2,4028.9,7,2,4029.0,429,11
11483,2026-07-02 12:02:52+05:30,4028.0,1,4042.02,1034563,146974.0,157600.0,4100.0,4110.0,4012.0,4092.6,24400425,4501.8,3683.4,4440.0,3288.1,4027.9,1,1,4027.7,50,2,4027.1,16,1,4027.0,57,3,4026.9,92,4,4028.0,635,5,4028.1,4,1,4028.5,17,2,4028.9,7,2,4029.0,429,11
11483,2026-07-02 12:02:53+05:30,4027.7,1,4042.02,1034563,146974.0,157600.0,4100.0,4110.0,4012.0,4092.6,24400425,4501.8,3683.4,4440.0,3288.1,4027.9,1,1,4027.7,50,2,4027.1,16,1,4027.0,57,3,4026.9,92,4,4028.0,635,5,4028.1,4,1,4028.5,17,2,4028.9,7,2,4029.0,429,11
11483,2026-07-02 12:02:53+05:30,4027.8,18,4042.02,1034767,147157.0,157542.0,4100.0,4110.0,4012.0,4092.6,24400425,4501.8,3683.4,4440.0,3288.1,4027.8,60,1,4027.7,102,5,4027.5,42,1,4027.4,1,1,4027.3,42,1,4027.9,2,2,4028.0,625,6,4028.1,4,1,4028.5,17,2,4028.9,7,2
11483,2026-07-02 12:02:55+05:30,4028.0,1,4042.02,1034767,147157.0,157542.0,4100.0,4110.0,4012.0,4092.6,24400425,4501.8,3683.4,4440.0,3288.1,4027.8,60,1,4027.7,102,5,4027.5,42,1,4027.4,1,1,4027.3,42,1,4027.9,2,2,4028.0,625,6,4028.1,4,1,4028.5,17,2,4028.9,7,2
11483,2026-07-02 12:02:57+05:30,4028.0,1,4042.02,1034767,147157.0,157542.0,4100.0,4110.0,4012.0,4092.6,24400425,4501.8,3683.4,4440.0,3288.1,4027.8,60,1,4027.7,102,5,4027.5,42,1,4027.4,1,1,4027.3,42,1,4027.9,2,2,4028.0,625,6,4028.1,4,1,4028.5,17,2,4028.9,7,2
11483,2026-07-02 12:02:58+05:30,4028.0,481,4042.0,1035914,146428.0,157296.0,4100.0,4110.0,4012.0,4092.6,24400425,4501.8,3683.4,4440.0,3288.1,4027.1,83,1,4027.0,91,4,4026.9,25,1,4026.7,34,2,4026.6,13,3,4027.8,1,1,4028.0,161,6,4028.1,4,1,4028.5,17,2,4028.7,18,2
11483,2026-07-02 12:02:59+05:30,4027.4,34,4042.0,1035914,146428.0,157296.0,4100.0,4110.0,4012.0,4092.6,24400425,4501.8,3683.4,4440.0,3288.1,4027.1,83,1,4027.0,91,4,4026.9,25,1,4026.7,34,2,4026.6,13,3,4027.8,1,1,4028.0,161,6,4028.1,4,1,4028.5,17,2,4028.7,18,2
11483,2026-07-02 12:03:01+05:30,4027.9,1,4042.0,1035914,146428.0,157296.0,4100.0,4110.0,4012.0,4092.6,24400425,4501.8,3683.4,4440.0,3288.1,4027.1,83,1,4027.0,91,4,4026.9,25,1,4026.7,34,2,4026.6,13,3,4027.8,1,1,4028.0,161,6,4028.1,4,1,4028.5,17,2,4028.7,18,2
11483,2026-07-02 12:03:03+05:30,4027.9,20,4042.0,1035914,146428.0,157296.0,4100.0,4110.0,4012.0,4092.6,24400425,4501.8,3683.4,4440.0,3288.1,4027.1,83,1,4027.0,91,4,4026.9,25,1,4026.7,34,2,4026.6,13,3,4027.8,1,1,4028.0,161,6,4028.1,4,1,4028.5,17,2,4028.7,18,2
11483,2026-07-02 12:03:03+05:30,4027.8,42,4041.99,1036559,146071.0,157273.0,4100.0,4110.0,4012.0,4092.6,24400425,4501.8,3683.4,4440.0,3288.1,4027.6,54,3,4027.4,42,1,4027.3,30,1,4027.0,53,2,4026.9,83,3,4027.8,81,1,4028.0,145,6,4028.1,4,1,4028.5,17,2,4028.6,175,1
11483,2026-07-02 12:03:05+05:30,4027.1,1,4041.99,1036559,146071.0,157273.0,4100.0,4110.0,4012.0,4092.6,24400425,4501.8,3683.4,4440.0,3288.1,4027.6,54,3,4027.4,42,1,4027.3,30,1,4027.0,53,2,4026.9,83,3,4027.8,81,1,4028.0,145,6,4028.1,4,1,4028.5,17,2,4028.6,175,1
11483,2026-07-02 12:03:07+05:30,4027.7,10,4041.99,1036559,146071.0,157273.0,4100.0,4110.0,4012.0,4092.6,24400425,4501.8,3683.4,4440.0,3288.1,4027.6,54,3,4027.4,42,1,4027.3,30,1,4027.0,53,2,4026.9,83,3,4027.8,81,1,4028.0,145,6,4028.1,4,1,4028.5,17,2,4028.6,175,1
11483,2026-07-02 12:03:08+05:30,4027.1,1,4041.99,1036925,146614.0,157725.0,4100.0,4110.0,4012.0,4092.6,24400425,4501.8,3683.4,4440.0,3288.1,4027.1,8,1,4027.0,93,1,4026.9,58,4,4026.8,43,2,4026.6,22,5,4027.6,1,1,4027.7,99,3,4027.8,42,1,4027.9,42,1,4028.0,155,7
11483,2026-07-02 12:03:09+05:30,4027.1,2,4041.99,1036925,146614.0,157725.0,4100.0,4110.0,4012.0,4092.6,24400425,4501.8,3683.4,4440.0,3288.1,4027.1,8,1,4027.0,93,1,4026.9,58,4,4026.8,43,2,4026.6,22,5,4027.6,1,1,4027.7,99,3,4027.8,42,1,4027.9,42,1,4028.0,155,7
11483,2026-07-02 12:03:11+05:30,4027.1,1,4041.99,1036925,146614.0,157725.0,4100.0,4110.0,4012.0,4092.6,24400425,4501.8,3683.4,4440.0,3288.1,4027.1,8,1,4027.0,93,1,4026.9,58,4,4026.8,43,2,4026.6,22,5,4027.6,1,1,4027.7,99,3,4027.8,42,1,4027.9,42,1,4028.0,155,7
11483,2026-07-02 12:03:13+05:30,4027.0,1,4041.99,1036925,146614.0,157725.0,4100.0,4110.0,4012.0,4092.6,24400425,4501.8,3683.4,4440.0,3288.1,4027.1,8,1,4027.0,93,1,4026.9,58,4,4026.8,43,2,4026.6,22,5,4027.6,1,1,4027.7,99,3,4027.8,42,1,4027.9,42,1,4028.0,155,7
11483,2026-07-02 12:03:13+05:30,4027.0,1,4041.98,1037078,146598.0,157892.0,4100.0,4110.0,4012.0,4092.6,24400425,4501.8,3683.4,4440.0,3288.1,4027.0,100,3,4026.9,25,1,4026.6,14,4,4026.5,62,2,4026.4,25,1,4027.1,1,1,4027.6,37,1,4027.7,99,3,4028.0,155,7,4028.1,4,1
11483,2026-07-02 12:03:15+05:30,4027.0,1,4041.98,1037078,146598.0,157892.0,4100.0,4110.0,4012.0,4092.6,24400425,4501.8,3683.4,4440.0,3288.1,4027.0,100,3,4026.9,25,1,4026.6,14,4,4026.5,62,2,4026.4,25,1,4027.1,1,1,4027.6,37,1,4027.7,99,3,4028.0,155,7,4028.1,4,1
11483,2026-07-02 12:03:17+05:30,4027.6,4,4041.98,1037078,146598.0,157892.0,4100.0,4110.0,4012.0,4092.6,24400425,4501.8,3683.4,4440.0,3288.1,4027.0,100,3,4026.9,25,1,4026.6,14,4,4026.5,62,2,4026.4,25,1,4027.1,1,1,4027.6,37,1,4027.7,99,3,4028.0,155,7,4028.1,4,1
11483,2026-07-02 12:03:18+05:30,4027.6,1,4041.98,1037151,146606.0,158136.0,4100.0,4110.0,4012.0,4092.6,24400425,4501.8,3683.4,4440.0,3288.1,4027.5,1,1,4027.0,67,2,4026.9,25,1,4026.8,7,1,4026.6,7,3,4027.6,2,1,4027.7,141,4,4027.8,42,1,4028.0,155,7,4028.1,4,1
11483,2026-07-02 12:03:19+05:30,4027.5,1,4041.98,1037151,146606.0,158136.0,4100.0,4110.0,4012.0,4092.6,24400425,4501.8,3683.4,4440.0,3288.1,4027.5,1,1,4027.0,67,2,4026.9,25,1,4026.8,7,1,4026.6,7,3,4027.6,2,1,4027.7,141,4,4027.8,42,1,4028.0,155,7,4028.1,4,1
11483,2026-07-02 12:03:20+05:30,4027.4,1,4041.98,1037151,146606.0,158136.0,4100.0,4110.0,4012.0,4092.6,24400425,4501.8,3683.4,4440.0,3288.1,4027.5,1,1,4027.0,67,2,4026.9,25,1,4026.8,7,1,4026.6,7,3,4027.6,2,1,4027.7,141,4,4027.8,42,1,4028.0,155,7,4028.1,4,1
11483,2026-07-02 12:03:20+05:30,4027.4,1,4041.98,1037156,147105.0,158043.0,4100.0,4110.0,4012.0,4092.6,24400425,4501.8,3683.4,4440.0,3288.1,4027.0,56,1,4026.9,25,1,4026.8,7,1,4026.6,5,2,4026.5,62,2,4027.5,8,4,4027.7,1,1,4028.0,155,7,4028.1,4,1,4028.3,12,1
11483,2026-07-02 12:03:21+05:30,4028.0,6,4041.98,1037156,147105.0,158043.0,4100.0,4110.0,4012.0,4092.6,24400425,4501.8,3683.4,4440.0,3288.1,4027.0,56,1,4026.9,25,1,4026.8,7,1,4026.6,5,2,4026.5,62,2,4027.5,8,4,4027.7,1,1,4028.0,155,7,4028.1,4,1,4028.3,12,1
11483,2026-07-02 12:03:21+05:30,4028.0,6,4041.98,1037425,147363.0,157995.0,4100.0,4110.0,4012.0,4092.6,24400425,4501.8,3683.4,4440.0,3288.1,4026.9,61,3,4026.6,73,4,4026.5,62,2,4026.4,3,1,4026.3,23,4,4028.0,89,6,4028.1,4,1,4028.3,12,1,4028.5,17,2,4028.6,29,1
11483,2026-07-02 12:03:22+05:30,4026.9,1,4041.98,1037425,147363.0,157995.0,4100.0,4110.0,4012.0,4092.6,24400425,4501.8,3683.4,4440.0,3288.1,4026.9,61,3,4026.6,73,4,4026.5,62,2,4026.4,3,1,4026.3,23,4,4028.0,89,6,4028.1,4,1,4028.3,12,1,4028.5,17,2,4028.6,29,1
11483,2026-07-02 12:03:22+05:30,4026.9,1,4041.98,1037461,147401.0,157969.0,4100.0,4110.0,4012.0,4092.6,24400425,4501.8,3683.4,4440.0,3288.1,4026.9,28,2,4026.6,74,5,4026.5,113,4,4026.4,14,2,4026.3,23,4,4028.0,88,6,4028.1,4,1,4028.5,17,2,4028.6,29,1,4028.7,41,2
11483,2026-07-02 12:03:23+05:30,4025.9,22,4041.98,1037461,147401.0,157969.0,4100.0,4110.0,4012.0,4092.6,24400425,4501.8,3683.4,4440.0,3288.1,4026.9,28,2,4026.6,74,5,4026.5,113,4,4026.4,14,2,4026.3,23,4,4028.0,88,6,4028.1,4,1,4028.5,17,2,4028.6,29,1,4028.7,41,2
11483,2026-07-02 12:03:23+05:30,4025.9,22,4041.96,1038459,146578.0,158364.0,4100.0,4110.0,4012.0,4092.6,24400425,4501.8,3683.4,4440.0,3288.1,4026.5,24,3,4026.4,13,2,4026.3,13,2,4026.2,21,2,4026.1,41,1,4026.9,1,1,4028.0,111,8,4028.1,4,1,4028.2,3,1,4028.3,5,1
11483,2026-07-02 12:03:24+05:30,4026.5,1,4041.96,1038459,146578.0,158364.0,4100.0,4110.0,4012.0,4092.6,24400425,4501.8,3683.4,4440.0,3288.1,4026.5,24,3,4026.4,13,2,4026.3,13,2,4026.2,21,2,4026.1,41,1,4026.9,1,1,4028.0,111,8,4028.1,4,1,4028.2,3,1,4028.3,5,1
11483,2026-07-02 12:03:24+05:30,4026.5,1,4041.96,1038490,146460.0,158579.0,4100.0,4110.0,4012.0,4092.6,24400425,4501.8,3683.4,4440.0,3288.1,4026.3,24,3,4026.2,10,1,4026.1,75,3,4026.0,25,3,4025.9,145,4,4026.5,10,2,4026.9,1,1,4028.0,87,6,4028.1,28,3,4028.3,8,2
11483,2026-07-02 12:03:25+05:30,4026.5,1,4041.96,1038490,146460.0,158579.0,4100.0,4110.0,4012.0,4092.6,24400425,4501.8,3683.4,4440.0,3288.1,4026.3,24,3,4026.2,10,1,4026.1,75,3,4026.0,25,3,4025.9,145,4,4026.5,10,2,4026.9,1,1,4028.0,87,6,4028.1,28,3,4028.3,8,2
11483,2026-07-02 12:03:25+05:30,4026.5,1,4041.96,1038505,146572.0,158781.0,4100.0,4110.0,4012.0,4092.6,24400425,4501.8,3683.4,4440.0,3288.1,4026.3,20,3,4026.2,10,1,4026.1,69,2,4026.0,33,4,4025.9,155,5,4026.5,13,2,4026.9,1,1,4028.0,87,6,4028.1,28,3,4028.2,31,2
11483,2026-07-02 12:03:26+05:30,4026.5,29,4041.96,1038505,146572.0,158781.0,4100.0,4110.0,4012.0,4092.6,24400425,4501.8,3683.4,4440.0,3288.1,4026.3,20,3,4026.2,10,1,4026.1,69,2,4026.0,33,4,4025.9,155,5,4026.5,13,2,4026.9,1,1,4028.0,87,6,4028.1,28,3,4028.2,31,2
11483,2026-07-02 12:03:26+05:30,4026.5,2,4041.96,1038568,146252.0,158707.0,4100.0,4110.0,4012.0,4092.6,24400425,4501.8,3683.4,4440.0,3288.1,4026.0,69,6,4025.9,88,2,4025.8,14,1,4025.7,56,3,4025.6,112,4,4026.5,10,1,4026.9,1,1,4027.9,3,1,4028.0,87,6,4028.1,17,2
11483,2026-07-02 12:03:27+05:30,4026.5,2,4041.96,1038568,146252.0,158707.0,4100.0,4110.0,4012.0,4092.6,24400425,4501.8,3683.4,4440.0,3288.1,4026.0,69,6,4025.9,88,2,4025.8,14,1,4025.7,56,3,4025.6,112,4,4026.5,10,1,4026.9,1,1,4027.9,3,1,4028.0,87,6,4028.1,17,2
11483,2026-07-02 12:03:27+05:30,4026.5,5,4041.96,1038586,146245.0,158703.0,4100.0,4110.0,4012.0,4092.6,24400425,4501.8,3683.4,4440.0,3288.1,4026.0,74,6,4025.9,98,3,4025.8,14,1,4025.7,56,3,4025.6,112,4,4026.5,3,2,4026.9,16,2,4027.9,3,1,4028.0,97,7,4028.1,16,2
11483,2026-07-02 12:03:28+05:30,4026.5,1,4041.96,1038586,146245.0,158703.0,4100.0,4110.0,4012.0,4092.6,24400425,4501.8,3683.4,4440.0,3288.1,4026.0,74,6,4025.9,98,3,4025.8,14,1,4025.7,56,3,4025.6,112,4,4026.5,3,2,4026.9,16,2,4027.9,3,1,4028.0,97,7,4028.1,16,2
11483,2026-07-02 12:03:28+05:30,4025.9,1,4041.96,1038602,146267.0,158996.0,4100.0,4110.0,4012.0,4092.6,24400425,4501.8,3683.4,4440.0,3288.1,4025.9,99,4,4025.7,28,1,4025.6,79,3,4025.5,86,3,4025.4,108,7,4026.5,4,1,4026.9,83,3,4027.8,13,1,4027.9,66,2,4028.0,97,7
11483,2026-07-02 12:03:29+05:30,4025.9,5,4041.96,1038602,146267.0,158996.0,4100.0,4110.0,4012.0,4092.6,24400425,4501.8,3683.4,4440.0,3288.1,4025.9,99,4,4025.7,28,1,4025.6,79,3,4025.5,86,3,4025.4,108,7,4026.5,4,1,4026.9,83,3,4027.8,13,1,4027.9,66,2,4028.0,97,7
11483,2026-07-02 12:03:29+05:30,4025.0,26,4041.94,1039737,145998.0,159058.0,4100.0,4110.0,4012.0,4092.6,24400425,4501.8,3683.4,4440.0,3288.1,4025.6,89,10,4025.5,78,8,4025.4,95,9,4025.3,77,6,4025.2,112,6,4026.5,104,2,4026.9,83,3,4027.8,13,1,4027.9,66,2,4028.0,100,8
11483,2026-07-02 12:03:30+05:30,4025.6,2,4041.94,1039737,145998.0,159058.0,4100.0,4110.0,4012.0,4092.6,24400425,4501.8,3683.4,4440.0,3288.1,4025.6,89,10,4025.5,78,8,4025.4,95,9,4025.3,77,6,4025.2,112,6,4026.5,104,2,4026.9,83,3,4027.8,13,1,4027.9,66,2,4028.0,100,8
11483,2026-07-02 12:03:31+05:30,4026.1,1,4041.94,1039885,146416.0,158877.0,4100.0,4110.0,4012.0,4092.6,24400425,4501.8,3683.4,4440.0,3288.1,4026.1,38,6,4026.0,64,7,4025.9,38,4,4025.8,34,4,4025.7,101,8,4026.5,97,2,4026.9,83,3,4027.9,66,2,4028.0,100,8,4028.1,13,1
11483,2026-07-02 12:03:31+05:30,4026.5,3,4041.94,1039885,146416.0,158877.0,4100.0,4110.0,4012.0,4092.6,24400425,4501.8,3683.4,4440.0,3288.1,4026.1,38,6,4026.0,64,7,4025.9,38,4,4025.8,34,4,4025.7,101,8,4026.5,97,2,4026.9,83,3,4027.9,66,2,4028.0,100,8,4028.1,13,1
11483,2026-07-02 12:03:32+05:30,4026.9,5,4041.94,1040007,146864.0,158585.0,4100.0,4110.0,4012.0,4092.6,24400425,4501.8,3683.4,4440.0,3288.1,4026.5,1,1,4026.2,23,2,4026.1,38,6,4026.0,64,7,4025.9,38,4,4026.9,78,3,4027.9,66,2,4028.0,97,7,4028.2,30,2,4028.3,10,3
11483,2026-07-02 12:03:32+05:30,4026.5,9,4041.94,1040007,146864.0,158585.0,4100.0,4110.0,4012.0,4092.6,24400425,4501.8,3683.4,4440.0,3288.1,4026.5,1,1,4026.2,23,2,4026.1,38,6,4026.0,64,7,4025.9,38,4,4026.9,78,3,4027.9,66,2,4028.0,97,7,4028.2,30,2,4028.3,10,3
11483,2026-07-02 12:03:33+05:30,4026.3,1,4041.94,1040023,147342.0,158546.0,4100.0,4110.0,4012.0,4092.6,24400425,4501.8,3683.4,4440.0,3288.1,4026.3,70,6,4026.2,13,1,4026.1,40,6,4026.0,91,9,4025.9,38,4,4026.9,77,3,4027.9,66,2,4028.0,97,7,4028.2,28,1,4028.3,9,3
11483,2026-07-02 12:03:33+05:30,4026.3,2,4041.94,1040023,147342.0,158546.0,4100.0,4110.0,4012.0,4092.6,24400425,4501.8,3683.4,4440.0,3288.1,4026.3,70,6,4026.2,13,1,4026.1,40,6,4026.0,91,9,4025.9,38,4,4026.9,77,3,4027.9,66,2,4028.0,97,7,4028.2,28,1,4028.3,9,3
11483,2026-07-02 12:03:33+05:30,4026.9,3,4041.94,1040030,147502.0,158567.0,4100.0,4110.0,4012.0,4092.6,24400425,4501.8,3683.4,4440.0,3288.1,4026.4,32,3,4026.3,48,4,4026.2,13,1,4026.1,23,5,4026.0,91,9,4026.9,74,3,4027.9,66,2,4028.0,97,7,4028.2,45,2,4028.3,10,3
11483,2026-07-02 12:03:34+05:30,4026.9,3,4041.94,1040030,147502.0,158567.0,4100.0,4110.0,4012.0,4092.6,24400425,4501.8,3683.4,4440.0,3288.1,4026.4,32,3,4026.3,48,4,4026.2,13,1,4026.1,23,5,4026.0,91,9,4026.9,74,3,4027.9,66,2,4028.0,97,7,4028.2,45,2,4028.3,10,3
11483,2026-07-02 12:03:35+05:30,4026.5,1,4041.94,1040031,147139.0,158650.0,4100.0,4110.0,4012.0,4092.6,24400425,4501.8,3683.4,4440.0,3288.1,4026.5,28,4,4026.3,25,2,4026.2,13,1,4026.1,16,3,4026.0,63,7,4026.9,74,3,4027.9,69,3,4028.0,142,9,4028.2,45,2,4028.3,2,1
11483,2026-07-02 12:03:35+05:30,4026.5,1,4041.94,1040031,147139.0,158650.0,4100.0,4110.0,4012.0,4092.6,24400425,4501.8,3683.4,4440.0,3288.1,4026.5,28,4,4026.3,25,2,4026.2,13,1,4026.1,16,3,4026.0,63,7,4026.9,74,3,4027.9,69,3,4028.0,142,9,4028.2,45,2,4028.3,2,1
11483,2026-07-02 12:03:36+05:30,4026.5,1,4041.94,1040048,147295.0,158766.0,4100.0,4110.0,4012.0,4092.6,24400425,4501.8,3683.4,4440.0,3288.1,4026.5,44,5,4026.3,35,3,4026.2,24,2,4026.1,16,3,4026.0,66,7,4026.9,80,5,4027.9,66,2,4028.0,142,9,4028.1,24,1,4028.2,48,3
11483,2026-07-02 12:03:36+05:30,4026.5,2,4041.94,1040048,147295.0,158766.0,4100.0,4110.0,4012.0,4092.6,24400425,4501.8,3683.4,4440.0,3288.1,4026.5,44,5,4026.3,35,3,4026.2,24,2,4026.1,16,3,4026.0,66,7,4026.9,80,5,4027.9,66,2,4028.0,142,9,4028.1,24,1,4028.2,48,3
11483,2026-07-02 12:03:37+05:30,4026.9,4,4041.93,1040329,147557.0,157731.0,4100.0,4110.0,4012.0,4092.6,24400425,4501.8,3683.4,4440.0,3288.1,4027.1,60,6,4027.0,43,4,4026.9,99,7,4026.8,32,3,4026.7,33,2,4027.9,38,1,4028.0,137,8,4028.4,2,1,4028.5,19,3,4028.7,175,1
11483,2026-07-02 12:03:37+05:30,4027.1,1,4041.93,1040329,147557.0,157731.0,4100.0,4110.0,4012.0,4092.6,24400425,4501.8,3683.4,4440.0,3288.1,4027.1,60,6,4027.0,43,4,4026.9,99,7,4026.8,32,3,4026.7,33,2,4027.9,38,1,4028.0,137,8,4028.4,2,1,4028.5,19,3,4028.7,175,1
11483,2026-07-02 12:03:38+05:30,4028.5,8,4041.93,1040830,149242.0,156286.0,4100.0,4110.0,4012.0,4092.6,24400425,4501.8,3683.4,4440.0,3288.1,4028.0,135,10,4027.9,93,8,4027.8,67,7,4027.7,58,6,4027.6,74,8,4028.9,2,1,4029.0,218,7,4029.2,35,3,4029.3,5,1,4029.4,11,1
11483,2026-07-02 12:03:38+05:30,4028.0,12,4041.93,1040830,149242.0,156286.0,4100.0,4110.0,4012.0,4092.6,24400425,4501.8,3683.4,4440.0,3288.1,4028.0,135,10,4027.9,93,8,4027.8,67,7,4027.7,58,6,4027.6,74,8,4028.9,2,1,4029.0,218,7,4029.2,35,3,4029.3,5,1,4029.4,11,1
11483,2026-07-02 12:03:39+05:30,4028.1,1,4041.93,1040947,148786.0,156157.0,4100.0,4110.0,4012.0,4092.6,24400425,4501.8,3683.4,4440.0,3288.1,4028.9,1,1,4028.1,67,5,4028.0,69,7,4027.9,106,8,4027.8,56,6,4029.0,164,7,4029.2,35,3,4029.3,5,1,4029.4,11,1,4029.6,5,1
11483,2026-07-02 12:03:39+05:30,4028.9,1,4041.93,1040947,148786.0,156157.0,4100.0,4110.0,4012.0,4092.6,24400425,4501.8,3683.4,4440.0,3288.1,4028.9,1,1,4028.1,67,5,4028.0,69,7,4027.9,106,8,4027.8,56,6,4029.0,164,7,4029.2,35,3,4029.3,5,1,4029.4,11,1,4029.6,5,1
11483,2026-07-02 12:03:40+05:30,4028.1,1,4041.93,1040947,148786.0,156157.0,4100.0,4110.0,4012.0,4092.6,24400425,4501.8,3683.4,4440.0,3288.1,4028.9,1,1,4028.1,67,5,4028.0,69,7,4027.9,106,8,4027.8,56,6,4029.0,164,7,4029.2,35,3,4029.3,5,1,4029.4,11,1,4029.6,5,1
11483,2026-07-02 12:03:40+05:30,4028.1,1,4041.93,1040950,148719.0,156509.0,4100.0,4110.0,4012.0,4092.6,24400425,4501.8,3683.4,4440.0,3288.1,4028.1,65,5,4028.0,69,7,4027.9,106,8,4027.8,56,6,4027.7,70,7,4028.9,1,1,4029.0,164,7,4029.2,35,3,4029.3,5,1,4029.4,11,1
11483,2026-07-02 12:03:41+05:30,4028.1,1,4041.93,1040950,148719.0,156509.0,4100.0,4110.0,4012.0,4092.6,24400425,4501.8,3683.4,4440.0,3288.1,4028.1,65,5,4028.0,69,7,4027.9,106,8,4027.8,56,6,4027.7,70,7,4028.9,1,1,4029.0,164,7,4029.2,35,3,4029.3,5,1,4029.4,11,1
11483,2026-07-02 12:03:41+05:30,4028.1,1,4041.93,1040956,148603.0,156358.0,4100.0,4110.0,4012.0,4092.6,24400425,4501.8,3683.4,4440.0,3288.1,4028.1,68,6,4028.0,57,5,4027.9,89,7,4027.8,56,6,4027.7,70,7,4028.9,2,1,4029.0,164,7,4029.2,35,3,4029.3,5,1,4029.4,11,1
11483,2026-07-02 12:03:42+05:30,4028.5,2,4041.93,1040956,148603.0,156358.0,4100.0,4110.0,4012.0,4092.6,24400425,4501.8,3683.4,4440.0,3288.1,4028.1,68,6,4028.0,57,5,4027.9,89,7,4027.8,56,6,4027.7,70,7,4028.9,2,1,4029.0,164,7,4029.2,35,3,4029.3,5,1,4029.4,11,1
11483,2026-07-02 12:03:42+05:30,4028.9,2,4041.93,1040965,148600.0,156203.0,4100.0,4110.0,4012.0,4092.6,24400425,4501.8,3683.4,4440.0,3288.1,4028.3,42,4,4028.2,49,2,4028.1,19,2,4028.0,64,6,4027.9,107,8,4028.9,2,1,4029.0,164,7,4029.2,35,3,4029.3,5,1,4029.4,11,1
11483,2026-07-02 12:03:43+05:30,4028.3,1,4041.93,1040965,148600.0,156203.0,4100.0,4110.0,4012.0,4092.6,24400425,4501.8,3683.4,4440.0,3288.1,4028.3,42,4,4028.2,49,2,4028.1,19,2,4028.0,64,6,4027.9,107,8,4028.9,2,1,4029.0,164,7,4029.2,35,3,4029.3,5,1,4029.4,11,1
11483,2026-07-02 12:03:43+05:30,4028.3,1,4041.93,1040977,148583.0,156468.0,4100.0,4110.0,4012.0,4092.6,24400425,4501.8,3683.4,4440.0,3288.1,4028.1,31,3,4028.0,100,8,4027.9,58,5,4027.8,46,5,4027.7,46,5,4029.0,161,7,4029.2,35,3,4029.3,5,1,4029.4,11,1,4029.5,5,1
11483,2026-07-02 12:03:44+05:30,4028.1,4,4041.93,1040977,148583.0,156468.0,4100.0,4110.0,4012.0,4092.6,24400425,4501.8,3683.4,4440.0,3288.1,4028.1,31,3,4028.0,100,8,4027.9,58,5,4027.8,46,5,4027.7,46,5,4029.0,161,7,4029.2,35,3,4029.3,5,1,4029.4,11,1,4029.5,5,1
11483,2026-07-02 12:03:44+05:30,4027.7,5,4041.92,1041213,148198.0,156708.0,4100.0,4110.0,4012.0,4092.6,24400425,4501.8,3683.4,4440.0,3288.1,4028.0,41,4,4027.7,30,4,4027.6,94,6,4027.5,92,6,4027.4,64,6,4029.0,161,7,4029.2,35,3,4029.3,5,1,4029.4,11,1,4029.5,5,1
11483,2026-07-02 12:03:45+05:30,4029.0,35,4041.92,1041213,148198.0,156708.0,4100.0,4110.0,4012.0,4092.6,24400425,4501.8,3683.4,4440.0,3288.1,4028.0,41,4,4027.7,30,4,4027.6,94,6,4027.5,92,6,4027.4,64,6,4029.0,161,7,4029.2,35,3,4029.3,5,1,4029.4,11,1,4029.5,5,1
11483,2026-07-02 12:03:45+05:30,4029.0,35,4041.92,1041292,148192.0,156897.0,4100.0,4110.0,4012.0,4092.6,24400425,4501.8,3683.4,4440.0,3288.1,4028.0,40,4,4027.7,30,4,4027.6,94,6,4027.5,92,6,4027.4,64,6,4029.0,111,4,4029.2,35,3,4029.3,5,1,4029.4,11,1,4029.5,5,1
11483,2026-07-02 12:03:46+05:30,4029.0,7,4041.92,1041292,148192.0,156897.0,4100.0,4110.0,4012.0,4092.6,24400425,4501.8,3683.4,4440.0,3288.1,4028.0,40,4,4027.7,30,4,4027.6,94,6,4027.5,92,6,4027.4,64,6,4029.0,111,4,4029.2,35,3,4029.3,5,1,4029.4,11,1,4029.5,5,1
11483,2026-07-02 12:03:46+05:30,4029.0,7,4041.92,1041315,148419.0,156669.0,4100.0,4110.0,4012.0,4092.6,24400425,4501.8,3683.4,4440.0,3288.1,4028.9,5,1,4028.0,50,4,4027.7,33,4,4027.6,66,5,4027.5,92,6,4029.0,97,4,4029.2,35,3,4029.3,5,1,4029.4,11,1,4029.5,5,1
11483,2026-07-02 12:03:47+05:30,4028.9,3,4041.92,1041315,148419.0,156669.0,4100.0,4110.0,4012.0,4092.6,24400425,4501.8,3683.4,4440.0,3288.1,4028.9,5,1,4028.0,50,4,4027.7,33,4,4027.6,66,5,4027.5,92,6,4029.0,97,4,4029.2,35,3,4029.3,5,1,4029.4,11,1,4029.5,5,1
11483,2026-07-02 12:03:47+05:30,4028.9,3,4041.92,1041315,148419.0,156669.0,4100.0,4110.0,4012.0,4092.6,24400425,4501.8,3683.4,4440.0,3288.1,4028.9,5,1,4028.0,50,4,4027.7,33,4,4027.6,66,5,4027.5,92,6,4029.0,97,4,4029.2,35,3,4029.3,5,1,4029.4,11,1,4029.5,5,1
11483,2026-07-02 12:03:47+05:30,4028.9,3,4041.92,1041318,148414.0,156591.0,4100.0,4110.0,4012.0,4092.6,24400425,4501.8,3683.4,4440.0,3288.1,4028.9,2,1,4028.0,43,3,4027.7,33,4,4027.6,66,5,4027.5,120,7,4029.0,97,4,4029.2,35,3,4029.3,5,1,4029.4,11,1,4029.5,5,1
11483,2026-07-02 12:03:47+05:30,4028.9,3,4041.92,1041318,148414.0,156591.0,4100.0,4110.0,4012.0,4092.6,24400425,4501.8,3683.4,4440.0,3288.1,4028.9,2,1,4028.0,43,3,4027.7,33,4,4027.6,66,5,4027.5,120,7,4029.0,97,4,4029.2,35,3,4029.3,5,1,4029.4,11,1,4029.5,5,1
11483,2026-07-02 12:03:48+05:30,4028.9,3,4041.92,1041318,148414.0,156591.0,4100.0,4110.0,4012.0,4092.6,24400425,4501.8,3683.4,4440.0,3288.1,4028.9,2,1,4028.0,43,3,4027.7,33,4,4027.6,66,5,4027.5,120,7,4029.0,97,4,4029.2,35,3,4029.3,5,1,4029.4,11,1,4029.5,5,1
11483,2026-07-02 12:03:48+05:30,4028.9,2,4041.92,1041318,148414.0,156591.0,4100.0,4110.0,4012.0,4092.6,24400425,4501.8,3683.4,4440.0,3288.1,4028.9,2,1,4028.0,43,3,4027.7,33,4,4027.6,66,5,4027.5,120,7,4029.0,97,4,4029.2,35,3,4029.3,5,1,4029.4,11,1,4029.5,5,1
11483,2026-07-02 12:03:48+05:30,4028.9,2,4041.92,1041330,145327.0,156215.0,4100.0,4110.0,4012.0,4092.6,24400425,4501.8,3683.4,4440.0,3288.1,4028.0,56,6,4027.9,26,2,4027.6,68,4,4027.5,68,5,4027.4,71,5,4028.9,3,1,4029.0,273,6,4029.2,35,3,4029.3,5,1,4029.4,11,1
11483,2026-07-02 12:03:48+05:30,4028.9,2,4041.92,1041330,145327.0,156215.0,4100.0,4110.0,4012.0,4092.6,24400425,4501.8,3683.4,4440.0,3288.1,4028.0,56,6,4027.9,26,2,4027.6,68,4,4027.5,68,5,4027.4,71,5,4028.9,3,1,4029.0,273,6,4029.2,35,3,4029.3,5,1,4029.4,11,1
11483,2026-07-02 12:03:49+05:30,4028.9,2,4041.92,1041330,145327.0,156215.0,4100.0,4110.0,4012.0,4092.6,24400425,4501.8,3683.4,4440.0,3288.1,4028.0,56,6,4027.9,26,2,4027.6,68,4,4027.5,68,5,4027.4,71,5,4028.9,3,1,4029.0,273,6,4029.2,35,3,4029.3,5,1,4029.4,11,1
11483,2026-07-02 12:03:49+05:30,4028.0,2,4041.92,1041330,145327.0,156215.0,4100.0,4110.0,4012.0,4092.6,24400425,4501.8,3683.4,4440.0,3288.1,4028.0,56,6,4027.9,26,2,4027.6,68,4,4027.5,68,5,4027.4,71,5,4028.9,3,1,4029.0,273,6,4029.2,35,3,4029.3,5,1,4029.4,11,1
11483,2026-07-02 12:03:49+05:30,4028.0,2,4041.92,1041332,146111.0,156683.0,4100.0,4110.0,4012.0,4092.6,24400425,4501.8,3683.4,4440.0,3288.1,4028.0,40,5,4027.9,10,1,4027.6,28,2,4027.5,36,3,4027.4,71,5,4028.9,3,1,4029.0,115,6,4029.2,35,3,4029.3,28,2,4029.4,11,1
11483,2026-07-02 12:03:49+05:30,4028.0,2,4041.92,1041332,146111.0,156683.0,4100.0,4110.0,4012.0,4092.6,24400425,4501.8,3683.4,4440.0,3288.1,4028.0,40,5,4027.9,10,1,4027.6,28,2,4027.5,36,3,4027.4,71,5,4028.9,3,1,4029.0,115,6,4029.2,35,3,4029.3,28,2,4029.4,11,1
11483,2026-07-02 12:03:50+05:30,4028.0,2,4041.92,1041332,146111.0,156683.0,4100.0,4110.0,4012.0,4092.6,24400425,4501.8,3683.4,4440.0,3288.1,4028.0,40,5,4027.9,10,1,4027.6,28,2,4027.5,36,3,4027.4,71,5,4028.9,3,1,4029.0,115,6,4029.2,35,3,4029.3,28,2,4029.4,11,1
11483,2026-07-02 12:03:50+05:30,4028.9,1,4041.92,1041332,146111.0,156683.0,4100.0,4110.0,4012.0,4092.6,24400425,4501.8,3683.4,4440.0,3288.1,4028.0,40,5,4027.9,10,1,4027.6,28,2,4027.5,36,3,4027.4,71,5,4028.9,3,1,4029.0,115,6,4029.2,35,3,4029.3,28,2,4029.4,11,1
11483,2026-07-02 12:03:50+05:30,4028.9,1,4041.92,1041332,146111.0,156683.0,4100.0,4110.0,4012.0,4092.6,24400425,4501.8,3683.4,4440.0,3288.1,4028.0,40,5,4027.9,10,1,4027.6,28,2,4027.5,36,3,4027.4,71,5,4028.9,3,1,4029.0,115,6,4029.2,35,3,4029.3,28,2,4029.4,11,1
11483,2026-07-02 12:03:50+05:30,4028.9,1,4041.92,1041334,146431.0,156579.0,4100.0,4110.0,4012.0,4092.6,24400425,4501.8,3683.4,4440.0,3288.1,4028.0,66,8,4027.9,26,2,4027.7,23,2,4027.6,30,3,4027.5,82,6,4028.9,2,1,4029.0,98,5,4029.2,35,3,4029.3,5,1,4029.4,11,1
11483,2026-07-02 12:03:50+05:30,4028.9,1,4041.92,1041334,146431.0,156579.0,4100.0,4110.0,4012.0,4092.6,24400425,4501.8,3683.4,4440.0,3288.1,4028.0,66,8,4027.9,26,2,4027.7,23,2,4027.6,30,3,4027.5,82,6,4028.9,2,1,4029.0,98,5,4029.2,35,3,4029.3,5,1,4029.4,11,1
11483,2026-07-02 12:03:51+05:30,4028.9,1,4041.92,1041334,146431.0,156579.0,4100.0,4110.0,4012.0,4092.6,24442425,4501.8,3683.4,4440.0,3288.1,4028.0,66,8,4027.9,26,2,4027.7,23,2,4027.6,30,3,4027.5,82,6,4028.9,2,1,4029.0,98,5,4029.2,35,3,4029.3,5,1,4029.4,11,1
11483,2026-07-02 12:03:51+05:30,4028.9,1,4041.92,1041334,146431.0,156579.0,4100.0,4110.0,4012.0,4092.6,24442425,4501.8,3683.4,4440.0,3288.1,4028.0,66,8,4027.9,26,2,4027.7,23,2,4027.6,30,3,4027.5,82,6,4028.9,2,1,4029.0,98,5,4029.2,35,3,4029.3,5,1,4029.4,11,1
11483,2026-07-02 12:03:51+05:30,4028.9,1,4041.92,1041336,146756.0,156699.0,4100.0,4110.0,4012.0,4092.6,24442425,4501.8,3683.4,4440.0,3288.1,4028.1,5,1,4028.0,39,5,4027.9,10,1,4027.8,4,1,4027.7,19,1,4029.0,98,5,4029.2,35,3,4029.3,5,1,4029.4,11,1,4029.5,5,1
11483,2026-07-02 12:03:51+05:30,4028.9,1,4041.92,1041336,146756.0,156699.0,4100.0,4110.0,4012.0,4092.6,24442425,4501.8,3683.4,4440.0,3288.1,4028.1,5,1,4028.0,39,5,4027.9,10,1,4027.8,4,1,4027.7,19,1,4029.0,98,5,4029.2,35,3,4029.3,5,1,4029.4,11,1,4029.5,5,1
11483,2026-07-02 12:03:52+05:30,4028.9,1,4041.92,1041336,146756.0,156699.0,4100.0,4110.0,4012.0,4092.6,24442425,4501.8,3683.4,4440.0,3288.1,4028.1,5,1,4028.0,39,5,4027.9,10,1,4027.8,4,1,4027.7,19,1,4029.0,98,5,4029.2,35,3,4029.3,5,1,4029.4,11,1,4029.5,5,1
11483,2026-07-02 12:03:52+05:30,4029.0,2,4041.92,1041336,146756.0,156699.0,4100.0,4110.0,4012.0,4092.6,24442425,4501.8,3683.4,4440.0,3288.1,4028.1,5,1,4028.0,39,5,4027.9,10,1,4027.8,4,1,4027.7,19,1,4029.0,98,5,4029.2,35,3,4029.3,5,1,4029.4,11,1,4029.5,5,1
11483,2026-07-02 12:03:52+05:30,4029.0,2,4041.92,1041336,146756.0,156699.0,4100.0,4110.0,4012.0,4092.6,24442425,4501.8,3683.4,4440.0,3288.1,4028.1,5,1,4028.0,39,5,4027.9,10,1,4027.8,4,1,4027.7,19,1,4029.0,98,5,4029.2,35,3,4029.3,5,1,4029.4,11,1,4029.5,5,1
11483,2026-07-02 12:03:52+05:30,4029.0,1,4041.92,1041341,146848.0,156901.0,4100.0,4110.0,4012.0,4092.6,24442425,4501.8,3683.4,4440.0,3288.1,4028.5,1,1,4028.1,3,1,4028.0,39,5,4027.9,10,1,4027.7,19,1,4029.0,95,5,4029.2,35,3,4029.3,5,1,4029.4,11,1,4029.5,14,2
11483,2026-07-02 12:03:52+05:30,4029.0,1,4041.92,1041341,146848.0,156901.0,4100.0,4110.0,4012.0,4092.6,24442425,4501.8,3683.4,4440.0,3288.1,4028.5,1,1,4028.1,3,1,4028.0,39,5,4027.9,10,1,4027.7,19,1,4029.0,95,5,4029.2,35,3,4029.3,5,1,4029.4,11,1,4029.5,14,2
11483,2026-07-02 12:03:53+05:30,4029.0,1,4041.92,1041341,146848.0,156901.0,4100.0,4110.0,4012.0,4092.6,24442425,4501.8,3683.4,4440.0,3288.1,4028.5,1,1,4028.1,3,1,4028.0,39,5,4027.9,10,1,4027.7,19,1,4029.0,95,5,4029.2,35,3,4029.3,5,1,4029.4,11,1,4029.5,14,2
11483,2026-07-02 12:03:53+05:30,4028.5,2,4041.92,1041341,146848.0,156901.0,4100.0,4110.0,4012.0,4092.6,24442425,4501.8,3683.4,4440.0,3288.1,4028.5,1,1,4028.1,3,1,4028.0,39,5,4027.9,10,1,4027.7,19,1,4029.0,95,5,4029.2,35,3,4029.3,5,1,4029.4,11,1,4029.5,14,2
11483,2026-07-02 12:03:53+05:30,4029.0,21,4041.92,1041364,146680.0,156893.0,4100.0,4110.0,4012.0,4092.6,24442425,4501.8,3683.4,4440.0,3288.1,4028.5,6,2,4028.1,3,1,4028.0,39,5,4027.7,4,1,4027.6,28,2,4029.0,83,6,4029.2,47,4,4029.3,14,2,4029.4,11,1,4029.5,38,3
11483,2026-07-02 12:03:54+05:30,4029.0,2,4041.92,1041364,146680.0,156893.0,4100.0,4110.0,4012.0,4092.6,24442425,4501.8,3683.4,4440.0,3288.1,4028.5,6,2,4028.1,3,1,4028.0,39,5,4027.7,4,1,4027.6,28,2,4029.0,83,6,4029.2,47,4,4029.3,14,2,4029.4,11,1,4029.5,38,3
11483,2026-07-02 12:03:54+05:30,4029.0,2,4041.92,1041371,145980.0,156696.0,4100.0,4110.0,4012.0,4092.6,24442425,4501.8,3683.4,4440.0,3288.1,4028.5,3,1,4028.1,3,1,4028.0,14,1,4027.7,23,2,4027.5,8,1,4029.0,81,6,4029.2,47,4,4029.3,17,3,4029.4,11,1,4029.5,22,2
11483,2026-07-02 12:03:55+05:30,4027.7,2,4041.92,1041371,145980.0,156696.0,4100.0,4110.0,4012.0,4092.6,24442425,4501.8,3683.4,4440.0,3288.1,4028.5,3,1,4028.1,3,1,4028.0,14,1,4027.7,23,2,4027.5,8,1,4029.0,81,6,4029.2,47,4,4029.3,17,3,4029.4,11,1,4029.5,22,2
11483,2026-07-02 12:03:55+05:30,4027.7,2,4041.92,1041501,144503.0,158211.0,4100.0,4110.0,4012.0,4092.6,24442425,4501.8,3683.4,4440.0,3288.1,4026.7,22,2,4026.6,10,1,4026.5,31,2,4026.4,49,3,4026.3,8,1,4027.7,229,1,4028.7,48,3,4028.8,41,2,4028.9,66,2,4029.0,113,7
11483,2026-07-02 12:03:56+05:30,4027.7,124,4041.92,1041501,144503.0,158211.0,4100.0,4110.0,4012.0,4092.6,24442425,4501.8,3683.4,4440.0,3288.1,4026.7,22,2,4026.6,10,1,4026.5,31,2,4026.4,49,3,4026.3,8,1,4027.7,229,1,4028.7,48,3,4028.8,41,2,4028.9,66,2,4029.0,113,7
11483,2026-07-02 12:03:56+05:30,4027.7,15,4041.92,1041712,145148.0,157856.0,4100.0,4110.0,4012.0,4092.6,24442425,4501.8,3683.4,4440.0,3288.1,4026.9,72,7,4026.8,85,8,4026.7,58,5,4026.6,74,5,4026.5,59,5,4027.7,35,1,4028.9,51,2,4029.0,85,6,4029.1,4,1,4029.2,58,4
11483,2026-07-02 12:03:57+05:30,4027.5,1,4041.92,1041712,145148.0,157856.0,4100.0,4110.0,4012.0,4092.6,24442425,4501.8,3683.4,4440.0,3288.1,4026.9,72,7,4026.8,85,8,4026.7,58,5,4026.6,74,5,4026.5,59,5,4027.7,35,1,4028.9,51,2,4029.0,85,6,4029.1,4,1,4029.2,58,4
11483,2026-07-02 12:03:57+05:30,4027.5,1,4041.92,1041773,146151.0,157319.0,4100.0,4110.0,4012.0,4092.6,24442425,4501.8,3683.4,4440.0,3288.1,4027.5,116,10,4027.4,89,8,4027.3,23,4,4027.2,47,6,4027.1,62,5,4029.0,82,6,4029.2,35,3,4029.3,5,1,4029.4,11,1,4029.5,5,1
11483,2026-07-02 12:03:58+05:30,4027.5,3,4041.92,1041773,146151.0,157319.0,4100.0,4110.0,4012.0,4092.6,24442425,4501.8,3683.4,4440.0,3288.1,4027.5,116,10,4027.4,89,8,4027.3,23,4,4027.2,47,6,4027.1,62,5,4029.0,82,6,4029.2,35,3,4029.3,5,1,4029.4,11,1,4029.5,5,1
11483,2026-07-02 12:03:58+05:30,4027.5,3,4041.92,1041780,146408.0,157257.0,4100.0,4110.0,4012.0,4092.6,24442425,4501.8,3683.4,4440.0,3288.1,4028.0,89,8,4027.8,9,1,4027.5,90,8,4027.4,89,8,4027.3,23,4,4029.0,82,6,4029.2,35,3,4029.3,5,1,4029.4,11,1,4029.5,5,1
11483,2026-07-02 12:03:59+05:30,4028.0,1,4041.92,1041780,146408.0,157257.0,4100.0,4110.0,4012.0,4092.6,24442425,4501.8,3683.4,4440.0,3288.1,4028.0,89,8,4027.8,9,1,4027.5,90,8,4027.4,89,8,4027.3,23,4,4029.0,82,6,4029.2,35,3,4029.3,5,1,4029.4,11,1,4029.5,5,1
11483,2026-07-02 12:03:59+05:30,4028.0,2,4041.91,1041838,146175.0,157137.0,4100.0,4110.0,4012.0,4092.6,24442425,4501.8,3683.4,4440.0,3288.1,4028.0,42,5,4027.5,94,7,4027.4,73,6,4027.3,24,4,4027.2,34,4,4029.0,75,6,4029.2,35,3,4029.3,5,1,4029.4,11,1,4029.5,5,1
11483,2026-07-02 12:04:00+05:30,4028.0,7,4041.91,1041838,146175.0,157137.0,4100.0,4110.0,4012.0,4092.6,24442425,4501.8,3683.4,4440.0,3288.1,4028.0,42,5,4027.5,94,7,4027.4,73,6,4027.3,24,4,4027.2,34,4,4029.0,75,6,4029.2,35,3,4029.3,5,1,4029.4,11,1,4029.5,5,1
11483,2026-07-02 12:04:00+05:30,4029.0,1,4041.91,1041846,146159.0,157351.0,4100.0,4110.0,4012.0,4092.6,24442425,4501.8,3683.4,4440.0,3288.1,4028.0,35,4,4027.5,94,7,4027.4,73,6,4027.3,24,4,4027.2,34,4,4029.0,75,7,4029.2,35,3,4029.3,5,1,4029.4,11,1,4029.5,14,2
11483,2026-07-02 12:04:01+05:30,4028.5,1,4041.91,1041846,146159.0,157351.0,4100.0,4110.0,4012.0,4092.6,24442425,4501.8,3683.4,4440.0,3288.1,4028.0,35,4,4027.5,94,7,4027.4,73,6,4027.3,24,4,4027.2,34,4,4029.0,75,7,4029.2,35,3,4029.3,5,1,4029.4,11,1,4029.5,14,2
11483,2026-07-02 12:04:01+05:30,4028.5,1,4041.91,1041856,146051.0,157448.0,4100.0,4110.0,4012.0,4092.6,24442425,4501.8,3683.4,4440.0,3288.1,4028.5,1,1,4028.0,19,2,4027.7,12,1,4027.5,33,3,4027.4,29,3,4028.8,18,4,4028.9,43,3,4029.0,70,7,4029.1,10,1,4029.2,38,4
11483,2026-07-02 12:04:02+05:30,4028.9,25,4041.91,1041856,146051.0,157448.0,4100.0,4110.0,4012.0,4092.6,24442425,4501.8,3683.4,4440.0,3288.1,4028.5,1,1,4028.0,19,2,4027.7,12,1,4027.5,33,3,4027.4,29,3,4028.8,18,4,4028.9,43,3,4029.0,70,7,4029.1,10,1,4029.2,38,4
11483,2026-07-02 12:04:02+05:30,4028.9,25,4041.91,1042472,144303.0,158085.0,4100.0,4110.0,4012.0,4092.6,24442425,4501.8,3683.4,4440.0,3288.1,4027.0,25,1,4026.8,12,1,4026.5,13,1,4026.3,32,3,4026.2,12,1,4028.3,22,3,4028.4,14,2,4028.5,23,2,4028.6,17,1,4028.7,26,4
11483,2026-07-02 12:04:03+05:30,4027.0,25,4041.91,1042472,144303.0,158085.0,4100.0,4110.0,4012.0,4092.6,24442425,4501.8,3683.4,4440.0,3288.1,4027.0,25,1,4026.8,12,1,4026.5,13,1,4026.3,32,3,4026.2,12,1,4028.3,22,3,4028.4,14,2,4028.5,23,2,4028.6,17,1,4028.7,26,4
11483,2026-07-02 12:04:03+05:30,4027.0,25,4041.91,1042497,144000.0,158647.0,4100.0,4110.0,4012.0,4092.6,24442425,4501.8,3683.4,4440.0,3288.1,4026.5,39,2,4026.3,29,2,4026.0,54,5,4025.9,12,1,4025.8,18,1,4027.0,8,1,4028.1,62,1,4028.2,134,4,4028.3,104,5,4028.4,79,5
11483,2026-07-02 12:04:04+05:30,4028.3,1,4041.91,1042497,144000.0,158647.0,4100.0,4110.0,4012.0,4092.6,24442425,4501.8,3683.4,4440.0,3288.1,4026.5,39,2,4026.3,29,2,4026.0,54,5,4025.9,12,1,4025.8,18,1,4027.0,8,1,4028.1,62,1,4028.2,134,4,4028.3,104,5,4028.4,79,5
11483,2026-07-02 12:04:04+05:30,4028.3,1,4041.9,1042582,144581.0,158390.0,4100.0,4110.0,4012.0,4092.6,24442425,4501.8,3683.4,4440.0,3288.1,4026.9,2,1,4026.8,38,3,4026.7,24,4,4026.6,23,3,4026.5,35,2,4028.3,12,2,4028.4,11,1,4028.5,25,2,4028.7,60,5,4028.8,64,3
11483,2026-07-02 12:04:05+05:30,4026.9,3,4041.9,1042582,144581.0,158390.0,4100.0,4110.0,4012.0,4092.6,24442425,4501.8,3683.4,4440.0,3288.1,4026.9,2,1,4026.8,38,3,4026.7,24,4,4026.6,23,3,4026.5,35,2,4028.3,12,2,4028.4,11,1,4028.5,25,2,4028.7,60,5,4028.8,64,3
11483,2026-07-02 12:04:05+05:30,4026.9,3,4041.9,1042607,144622.0,157974.0,4100.0,4110.0,4012.0,4092.6,24442425,4501.8,3683.4,4440.0,3288.1,4026.8,13,1,4026.6,51,5,4026.5,36,3,4026.4,28,1,4026.3,1,1,4028.3,34,5,4028.4,24,3,4028.5,72,4,4028.6,22,1,4028.7,11,1
11483,2026-07-02 12:04:06+05:30,4028.3,7,4041.9,1042607,144622.0,157974.0,4100.0,4110.0,4012.0,4092.6,24442425,4501.8,3683.4,4440.0,3288.1,4026.8,13,1,4026.6,51,5,4026.5,36,3,4026.4,28,1,4026.3,1,1,4028.3,34,5,4028.4,24,3,4028.5,72,4,4028.6,22,1,4028.7,11,1
11483,2026-07-02 12:04:06+05:30,4028.3,7,4041.9,1042617,144774.0,158049.0,4100.0,4110.0,4012.0,4092.6,24442425,4501.8,3683.4,4440.0,3288.1,4026.9,19,1,4026.8,65,4,4026.7,32,3,4026.6,38,3,4026.5,20,2,4028.3,14,3,4028.4,3,1,4028.5,72,4,4028.6,29,1,4028.7,11,1
11483,2026-07-02 12:04:07+05:30,4028.3,1,4041.9,1042617,144774.0,158049.0,4100.0,4110.0,4012.0,4092.6,24442425,4501.8,3683.4,4440.0,3288.1,4026.9,19,1,4026.8,65,4,4026.7,32,3,4026.6,38,3,4026.5,20,2,4028.3,14,3,4028.4,3,1,4028.5,72,4,4028.6,29,1,4028.7,11,1
11483,2026-07-02 12:04:07+05:30,4028.3,1,4041.9,1042637,144620.0,158230.0,4100.0,4110.0,4012.0,4092.6,24442425,4501.8,3683.4,4440.0,3288.1,4026.6,23,1,4026.5,34,2,4026.4,28,1,4026.2,12,1,4026.1,22,2,4028.4,86,7,4028.5,25,5,4028.6,27,2,4028.7,15,2,4028.8,36,2
11483,2026-07-02 12:04:08+05:30,4028.3,1,4041.9,1042637,144620.0,158230.0,4100.0,4110.0,4012.0,4092.6,24442425,4501.8,3683.4,4440.0,3288.1,4026.6,23,1,4026.5,34,2,4026.4,28,1,4026.2,12,1,4026.1,22,2,4028.4,86,7,4028.5,25,5,4028.6,27,2,4028.7,15,2,4028.8,36,2
11483,2026-07-02 12:04:08+05:30,4027.5,1,4041.9,1042642,145085.0,157886.0,4100.0,4110.0,4012.0,4092.6,24442425,4501.8,3683.4,4440.0,3288.1,4027.8,8,1,4026.9,18,1,4026.8,34,3,4026.7,52,4,4026.6,25,2,4028.4,25,2,4028.5,6,2,4028.7,9,1,4028.8,36,2,4028.9,10,3
11483,2026-07-02 12:04:09+05:30,4028.4,1,4041.9,1042642,145085.0,157886.0,4100.0,4110.0,4012.0,4092.6,24442425,4501.8,3683.4,4440.0,3288.1,4027.8,8,1,4026.9,18,1,4026.8,34,3,4026.7,52,4,4026.6,25,2,4028.4,25,2,4028.5,6,2,4028.7,9,1,4028.8,36,2,4028.9,10,3
11483,2026-07-02 12:04:09+05:30,4028.4,10,4041.9,1042655,145080.0,157884.0,4100.0,4110.0,4012.0,4092.6,24442425,4501.8,3683.4,4440.0,3288.1,4027.8,7,1,4027.1,12,1,4027.0,39,1,4026.9,21,2,4026.8,31,2,4028.4,13,2,4028.5,3,1,4028.7,9,1,4028.8,12,1,4028.9,10,3
11483,2026-07-02 12:04:10+05:30,4028.7,1,4041.9,1042655,145080.0,157884.0,4100.0,4110.0,4012.0,4092.6,24442425,4501.8,3683.4,4440.0,3288.1,4027.8,7,1,4027.1,12,1,4027.0,39,1,4026.9,21,2,4026.8,31,2,4028.4,13,2,4028.5,3,1,4028.7,9,1,4028.8,12,1,4028.9,10,3
11483,2026-07-02 12:04:10+05:30,4028.7,1,4041.9,1042657,145208.0,157758.0,4100.0,4110.0,4012.0,4092.6,24442425,4501.8,3683.4,4440.0,3288.1,4027.8,6,1,4027.1,12,1,4027.0,39,1,4026.9,18,1,4026.8,34,3,4028.7,28,3,4028.8,10,2,4028.9,20,3,4029.0,111,8,4029.1,30,2
11483,2026-07-02 12:04:11+05:30,4028.7,1,4041.9,1042657,145208.0,157758.0,4100.0,4110.0,4012.0,4092.6,24442425,4501.8,3683.4,4440.0,3288.1,4027.8,6,1,4027.1,12,1,4027.0,39,1,4026.9,18,1,4026.8,34,3,4028.7,28,3,4028.8,10,2,4028.9,20,3,4029.0,111,8,4029.1,30,2
11483,2026-07-02 12:04:11+05:30,4028.7,1,4041.9,1042659,145218.0,157975.0,4100.0,4110.0,4012.0,4092.6,24442425,4501.8,3683.4,4440.0,3288.1,4027.8,5,1,4027.2,20,1,4027.1,37,2,4026.9,18,1,4026.8,34,3,4028.7,24,2,4028.8,10,2,4028.9,20,3,4029.0,111,8,4029.1,30,2
11483,2026-07-02 12:04:12+05:30,4028.7,1,4041.9,1042659,145218.0,157975.0,4100.0,4110.0,4012.0,4092.6,24442425,4501.8,3683.4,4440.0,3288.1,4027.8,5,1,4027.2,20,1,4027.1,37,2,4026.9,18,1,4026.8,34,3,4028.7,24,2,4028.8,10,2,4028.9,20,3,4029.0,111,8,4029.1,30,2
11483,2026-07-02 12:04:12+05:30,4028.7,1,4041.9,1042663,145379.0,157829.0,4100.0,4110.0,4012.0,4092.6,24442425,4501.8,3683.4,4440.0,3288.1,4028.2,1,1,4027.8,5,1,4027.2,4,1,4027.1,12,1,4027.0,27,1,4028.7,22,2,4028.8,7,1,4028.9,4,2,4029.0,79,7,4029.1,44,3
11483,2026-07-02 12:04:13+05:30,4028.2,1,4041.9,1042663,145379.0,157829.0,4100.0,4110.0,4012.0,4092.6,24442425,4501.8,3683.4,4440.0,3288.1,4028.2,1,1,4027.8,5,1,4027.2,4,1,4027.1,12,1,4027.0,27,1,4028.7,22,2,4028.8,7,1,4028.9,4,2,4029.0,79,7,4029.1,44,3
11483,2026-07-02 12:04:13+05:30,4029.0,1,4041.9,1042665,145481.0,157104.0,4100.0,4110.0,4012.0,4092.6,24442425,4501.8,3683.4,4440.0,3288.1,4028.3,51,2,4028.2,1,1,4027.9,4,1,4027.8,5,1,4027.4,12,1,4029.0,68,6,4029.1,30,2,4029.2,58,4,4029.3,33,3,4029.4,27,2
11483,2026-07-02 12:04:14+05:30,4029.0,1,4041.9,1042665,145481.0,157104.0,4100.0,4110.0,4012.0,4092.6,24442425,4501.8,3683.4,4440.0,3288.1,4028.3,51,2,4028.2,1,1,4027.9,4,1,4027.8,5,1,4027.4,12,1,4029.0,68,6,4029.1,30,2,4029.2,58,4,4029.3,33,3,4029.4,27,2
11483,2026-07-02 12:04:14+05:30,4029.0,1,4041.9,1042670,145477.0,157109.0,4100.0,4110.0,4012.0,4092.6,24442425,4501.8,3683.4,4440.0,3288.1,4028.3,47,1,4028.2,1,1,4027.9,4,1,4027.8,5,1,4027.4,12,1,4029.0,76,6,4029.1,30,2,4029.2,58,4,4029.3,33,3,4029.4,27,2
11483,2026-07-02 12:04:15+05:30,4029.0,1,4041.9,1042670,145477.0,157109.0,4100.0,4110.0,4012.0,4092.6,24442425,4501.8,3683.4,4440.0,3288.1,4028.3,47,1,4028.2,1,1,4027.9,4,1,4027.8,5,1,4027.4,12,1,4029.0,76,6,4029.1,30,2,4029.2,58,4,4029.3,33,3,4029.4,27,2
11483,2026-07-02 12:04:15+05:30,4028.3,1,4041.9,1042708,145398.0,157006.0,4100.0,4110.0,4012.0,4092.6,24442425,4501.8,3683.4,4440.0,3288.1,4028.3,28,2,4028.2,1,1,4027.8,5,1,4027.4,12,1,4027.1,12,1,4028.8,46,3,4028.9,11,2,4029.0,59,5,4029.1,39,3,4029.2,58,4
11483,2026-07-02 12:04:16+05:30,4028.8,1,4041.9,1042708,145398.0,157006.0,4100.0,4110.0,4012.0,4092.6,24442425,4501.8,3683.4,4440.0,3288.1,4028.3,28,2,4028.2,1,1,4027.8,5,1,4027.4,12,1,4027.1,12,1,4028.8,46,3,4028.9,11,2,4029.0,59,5,4029.1,39,3,4029.2,58,4
11483,2026-07-02 12:04:16+05:30,4028.8,1,4041.9,1042713,145404.0,157121.0,4100.0,4110.0,4012.0,4092.6,24442425,4501.8,3683.4,4440.0,3288.1,4028.3,24,2,4028.2,1,1,4027.8,5,1,4027.4,12,1,4027.1,12,1,4028.8,15,2,4028.9,10,1,4029.0,74,6,4029.1,39,3,4029.2,58,4
11483,2026-07-02 12:04:17+05:30,4028.8,1,4041.9,1042713,145404.0,157121.0,4100.0,4110.0,4012.0,4092.6,24442425,4501.8,3683.4,4440.0,3288.1,4028.3,24,2,4028.2,1,1,4027.8,5,1,4027.4,12,1,4027.1,12,1,4028.8,15,2,4028.9,10,1,4029.0,74,6,4029.1,39,3,4029.2,58,4
11483,2026-07-02 12:04:17+05:30,4028.8,1,4041.9,1042718,145414.0,157122.0,4100.0,4110.0,4012.0,4092.6,24442425,4501.8,3683.4,4440.0,3288.1,4028.3,23,2,4027.8,5,1,4027.4,12,1,4027.1,12,1,4026.9,69,3,4028.8,14,3,4028.9,10,1,4029.0,74,6,4029.1,39,3,4029.2,58,4
11483,2026-07-02 12:04:18+05:30,4028.8,1,4041.9,1042718,145414.0,157122.0,4100.0,4110.0,4012.0,4092.6,24442425,4501.8,3683.4,4440.0,3288.1,4028.3,23,2,4027.8,5,1,4027.4,12,1,4027.1,12,1,4026.9,69,3,4028.8,14,3,4028.9,10,1,4029.0,74,6,4029.1,39,3,4029.2,58,4
11483,2026-07-02 12:04:18+05:30,4028.8,1,4041.9,1042721,145774.0,157137.0,4100.0,4110.0,4012.0,4092.6,24442425,4501.8,3683.4,4440.0,3288.1,4028.3,22,2,4027.8,5,1,4027.7,12,1,4027.4,12,1,4027.1,12,1,4028.8,12,3,4028.9,10,1,4029.0,74,6,4029.1,39,3,4029.2,58,4
11483,2026-07-02 12:04:19+05:30,4028.8,1,4041.9,1042721,145774.0,157137.0,4100.0,4110.0,4012.0,4092.6,24442425,4501.8,3683.4,4440.0,3288.1,4028.3,22,2,4027.8,5,1,4027.7,12,1,4027.4,12,1,4027.1,12,1,4028.8,12,3,4028.9,10,1,4029.0,74,6,4029.1,39,3,4029.2,58,4
11483,2026-07-02 12:04:19+05:30,4028.8,1,4041.9,1042722,145599.0,157124.0,4100.0,4110.0,4012.0,4092.6,24442425,4501.8,3683.4,4440.0,3288.1,4028.3,22,2,4027.8,10,2,4027.7,12,1,4027.6,20,1,4027.4,35,2,4028.9,10,1,4029.0,67,6,4029.1,30,2,4029.2,58,4,4029.3,33,3
11483,2026-07-02 12:04:20+05:30,4028.9,1,4041.9,1042722,145599.0,157124.0,4100.0,4110.0,4012.0,4092.6,24442425,4501.8,3683.4,4440.0,3288.1,4028.3,22,2,4027.8,10,2,4027.7,12,1,4027.6,20,1,4027.4,35,2,4028.9,10,1,4029.0,67,6,4029.1,30,2,4029.2,58,4,4029.3,33,3
11483,2026-07-02 12:04:20+05:30,4028.9,1,4041.9,1042724,145697.0,156984.0,4100.0,4110.0,4012.0,4092.6,24442425,4501.8,3683.4,4440.0,3288.1,4028.3,33,3,4027.8,5,1,4027.2,40,2,4027.1,12,1,4027.0,77,2,4028.9,22,2,4029.0,67,6,4029.1,30,2,4029.2,233,5,4029.3,57,4
11483,2026-07-02 12:04:21+05:30,4028.3,1,4041.9,1042724,145697.0,156984.0,4100.0,4110.0,4012.0,4092.6,24442425,4501.8,3683.4,4440.0,3288.1,4028.3,33,3,4027.8,5,1,4027.2,40,2,4027.1,12,1,4027.0,77,2,4028.9,22,2,4029.0,67,6,4029.1,30,2,4029.2,233,5,4029.3,57,4
11483,2026-07-02 12:04:21+05:30,4028.3,1,4041.9,1042725,145702.0,156993.0,4100.0,4110.0,4012.0,4092.6,24442425,4501.8,3683.4,4440.0,3288.1,4028.3,32,3,4027.8,5,1,4027.2,40,2,4027.1,12,1,4027.0,77,2,4028.9,30,3,4029.0,59,5,4029.1,30,2,4029.2,233,5,4029.3,57,4
11483,2026-07-02 12:04:22+05:30,4028.3,1,4041.9,1042725,145702.0,156993.0,4100.0,4110.0,4012.0,4092.6,24442425,4501.8,3683.4,4440.0,3288.1,4028.3,32,3,4027.8,5,1,4027.2,40,2,4027.1,12,1,4027.0,77,2,4028.9,30,3,4029.0,59,5,4029.1,30,2,4029.2,233,5,4029.3,57,4
11483,2026-07-02 12:04:22+05:30,4028.3,1,4041.9,1042726,145810.0,156957.0,4100.0,4110.0,4012.0,4092.6,24442425,4501.8,3683.4,4440.0,3288.1,4028.6,1,1,4028.3,31,3,4027.8,5,1,4027.5,29,1,4027.4,63,3,4028.9,9,1,4029.0,59,5,4029.1,20,1,4029.2,243,6,4029.3,24,2
11483,2026-07-02 12:04:23+05:30,4028.9,1,4041.9,1042726,145810.0,156957.0,4100.0,4110.0,4012.0,4092.6,24442425,4501.8,3683.4,4440.0,3288.1,4028.6,1,1,4028.3,31,3,4027.8,5,1,4027.5,29,1,4027.4,63,3,4028.9,9,1,4029.0,59,5,4029.1,20,1,4029.2,243,6,4029.3,24,2
11483,2026-07-02 12:04:23+05:30,4028.9,2,4041.9,1042739,145696.0,156925.0,4100.0,4110.0,4012.0,4092.6,24442425,4501.8,3683.4,4440.0,3288.1,4028.6,1,1,4028.3,31,3,4027.8,5,1,4027.4,12,1,4027.2,15,1,4028.9,9,2,4029.0,59,5,4029.1,20,1,4029.2,243,6,4029.3,43,4
11483,2026-07-02 12:04:24+05:30,4028.8,1,4041.9,1042739,145696.0,156925.0,4100.0,4110.0,4012.0,4092.6,24442425,4501.8,3683.4,4440.0,3288.1,4028.6,1,1,4028.3,31,3,4027.8,5,1,4027.4,12,1,4027.2,15,1,4028.9,9,2,4029.0,59,5,4029.1,20,1,4029.2,243,6,4029.3,43,4
11483,2026-07-02 12:04:24+05:30,4028.8,1,4041.9,1042743,145815.0,156767.0,4100.0,4110.0,4012.0,4092.6,24442425,4501.8,3683.4,4440.0,3288.1,4028.3,30,3,4028.0,100,1,4027.8,5,1,4027.4,40,2,4027.2,15,1,4029.0,67,6,4029.1,20,1,4029.2,243,6,4029.3,60,5,4029.4,23,2
11483,2026-07-02 12:04:25+05:30,4028.3,1,4041.9,1042743,145815.0,156767.0,4100.0,4110.0,4012.0,4092.6,24442425,4501.8,3683.4,4440.0,3288.1,4028.3,30,3,4028.0,100,1,4027.8,5,1,4027.4,40,2,4027.2,15,1,4029.0,67,6,4029.1,20,1,4029.2,243,6,4029.3,60,5,4029.4,23,2
11483,2026-07-02 12:04:25+05:30,4028.3,1,4041.9,1042745,145939.0,156749.0,4100.0,4110.0,4012.0,4092.6,24442425,4501.8,3683.4,4440.0,3288.1,4028.3,28,3,4028.0,100,1,4027.9,3,1,4027.8,29,2,4027.5,19,1,4029.0,59,5,4029.1,20,1,4029.2,243,6,4029.3,41,3,4029.4,11,1
11483,2026-07-02 12:04:26+05:30,4029.0,7,4041.9,1042745,145939.0,156749.0,4100.0,4110.0,4012.0,4092.6,24442425,4501.8,3683.4,4440.0,3288.1,4028.3,28,3,4028.0,100,1,4027.9,3,1,4027.8,29,2,4027.5,19,1,4029.0,59,5,4029.1,20,1,4029.2,243,6,4029.3,41,3,4029.4,11,1
11483,2026-07-02 12:04:26+05:30,4029.0,7,4041.9,1042753,146323.0,156696.0,4100.0,4110.0,4012.0,4092.6,24442425,4501.8,3683.4,4440.0,3288.1,4028.7,81,1,4028.6,42,1,4028.5,42,1,4028.4,42,1,4028.3,42,4,4028.9,53,1,4029.0,52,5,4029.1,3,1,4029.2,58,4,4029.3,24,2
11483,2026-07-02 12:04:27+05:30,4028.7,1,4041.9,1042753,146323.0,156696.0,4100.0,4110.0,4012.0,4092.6,24442425,4501.8,3683.4,4440.0,3288.1,4028.7,81,1,4028.6,42,1,4028.5,42,1,4028.4,42,1,4028.3,42,4,4028.9,53,1,4029.0,52,5,4029.1,3,1,4029.2,58,4,4029.3,24,2
11483,2026-07-02 12:04:27+05:30,4028.7,42,4041.9,1043075,146097.0,156332.0,4100.0,4110.0,4012.0,4092.6,24442425,4501.8,3683.4,4440.0,3288.1,4028.6,42,1,4028.5,42,1,4028.3,27,3,4028.2,20,1,4028.1,24,1,4029.2,38,4,4029.3,5,1,4029.4,24,2,4029.5,5,1,4029.6,12,2
11483,2026-07-02 12:04:28+05:30,4029.0,15,4041.9,1043075,146097.0,156332.0,4100.0,4110.0,4012.0,4092.6,24442425,4501.8,3683.4,4440.0,3288.1,4028.6,42,1,4028.5,42,1,4028.3,27,3,4028.2,20,1,4028.1,24,1,4029.2,38,4,4029.3,5,1,4029.4,24,2,4029.5,5,1,4029.6,12,2
11483,2026-07-02 12:04:28+05:30,4029.1,8,4041.9,1043182,145889.0,156891.0,4100.0,4110.0,4012.0,4092.6,24442425,4501.8,3683.4,4440.0,3288.1,4028.4,42,1,4028.3,27,3,4028.0,100,1,4027.8,33,2,4027.6,15,1,4029.1,251,4,4029.2,31,3,4029.3,8,2,4029.4,11,1,4029.5,5,1
11483,2026-07-02 12:04:29+05:30,4029.2,12,4041.9,1043182,145889.0,156891.0,4100.0,4110.0,4012.0,4092.6,24442425,4501.8,3683.4,4440.0,3288.1,4028.4,42,1,4028.3,27,3,4028.0,100,1,4027.8,33,2,4027.6,15,1,4029.1,251,4,4029.2,31,3,4029.3,8,2,4029.4,11,1,4029.5,5,1
11483,2026-07-02 12:04:29+05:30,4029.0,1,4041.9,1043285,147757.0,156707.0,4100.0,4110.0,4012.0,4092.6,24442425,4501.8,3683.4,4440.0,3288.1,4029.0,41,1,4028.9,42,1,4028.8,42,1,4028.6,42,1,4028.3,27,3,4029.2,18,4,4029.3,5,1,4029.4,18,2,4029.5,5,1,4029.6,14,3
11483,2026-07-02 12:04:30+05:30,4029.2,12,4041.9,1043285,147757.0,156707.0,4100.0,4110.0,4012.0,4092.6,24442425,4501.8,3683.4,4440.0,3288.1,4029.0,41,1,4028.9,42,1,4028.8,42,1,4028.6,42,1,4028.3,27,3,4029.2,18,4,4029.3,5,1,4029.4,18,2,4029.5,5,1,4029.6,14,3
11483,2026-07-02 12:04:30+05:30,4029.0,4,4041.89,1043500,147567.0,156608.0,4100.0,4110.0,4012.0,4092.6,24442425,4501.8,3683.4,4440.0,3288.1,4028.8,41,1,4028.3,27,3,4028.1,3,1,4028.0,100,1,4027.8,33,2,4029.0,38,1,4029.3,13,2,4029.4,18,2,4029.5,5,1,4029.6,13,2
11483,2026-07-02 12:04:31+05:30,4028.3,6,4041.89,1043500,147567.0,156608.0,4100.0,4110.0,4012.0,4092.6,24442425,4501.8,3683.4,4440.0,3288.1,4028.8,41,1,4028.3,27,3,4028.1,3,1,4028.0,100,1,4027.8,33,2,4029.0,38,1,4029.3,13,2,4029.4,18,2,4029.5,5,1,4029.6,13,2
11483,2026-07-02 12:04:31+05:30,4028.3,6,4041.89,1043902,147281.0,156807.0,4100.0,4110.0,4012.0,4092.6,24442425,4501.8,3683.4,4440.0,3288.1,4028.3,6,1,4028.0,100,1,4027.8,48,3,4027.7,12,1,4027.4,40,2,4029.1,77,1,4029.4,19,2,4029.5,5,1,4029.6,20,3,4029.8,52,3
11483,2026-07-02 12:04:32+05:30,4028.7,3,4041.89,1043902,147281.0,156807.0,4100.0,4110.0,4012.0,4092.6,24442425,4501.8,3683.4,4440.0,3288.1,4028.3,6,1,4028.0,100,1,4027.8,48,3,4027.7,12,1,4027.4,40,2,4029.1,77,1,4029.4,19,2,4029.5,5,1,4029.6,20,3,4029.8,52,3
11483,2026-07-02 12:04:32+05:30,4028.7,3,4041.89,1043954,146906.0,156848.0,4100.0,4110.0,4012.0,4092.6,24442425,4501.8,3683.4,4440.0,3288.1,4028.3,12,1,4028.0,100,1,4027.8,20,2,4027.4,40,2,4027.3,62,1,4028.4,77,1,4028.5,81,1,4028.6,8,1,4029.0,31,3,4029.3,23,2
11483,2026-07-02 12:04:33+05:30,4028.0,42,4041.89,1043954,146906.0,156848.0,4100.0,4110.0,4012.0,4092.6,24442425,4501.8,3683.4,4440.0,3288.1,4028.3,12,1,4028.0,100,1,4027.8,20,2,4027.4,40,2,4027.3,62,1,4028.4,77,1,4028.5,81,1,4028.6,8,1,4029.0,31,3,4029.3,23,2
11483,2026-07-02 12:04:33+05:30,4028.0,42,4041.89,1044031,146919.0,157432.0,4100.0,4110.0,4012.0,4092.6,24442425,4501.8,3683.4,4440.0,3288.1,4028.0,58,1,4027.8,5,1,4027.4,28,1,4027.2,15,1,4027.1,43,3,4028.3,1,1,4028.4,81,1,4028.5,8,1,4028.6,42,1,4028.7,42,1
11483,2026-07-02 12:04:34+05:30,4028.4,1,4041.89,1044031,146919.0,157432.0,4100.0,4110.0,4012.0,4092.6,24442425,4501.8,3683.4,4440.0,3288.1,4028.0,58,1,4027.8,5,1,4027.4,28,1,4027.2,15,1,4027.1,43,3,4028.3,1,1,4028.4,81,1,4028.5,8,1,4028.6,42,1,4028.7,42,1
11483,2026-07-02 12:04:34+05:30,4028.3,1,4041.89,1044050,146890.0,157834.0,4100.0,4110.0,4012.0,4092.6,24442425,4501.8,3683.4,4440.0,3288.1,4028.1,2,1,4028.0,49,1,4027.4,28,1,4027.2,15,1,4027.1,40,2,4028.3,41,1,4028.4,129,3,4028.5,42,1,4028.7,51,2,4029.0,31,3
11483,2026-07-02 12:04:35+05:30,4028.1,2,4041.89,1044050,146890.0,157834.0,4100.0,4110.0,4012.0,4092.6,24442425,4501.8,3683.4,4440.0,3288.1,4028.1,2,1,4028.0,49,1,4027.4,28,1,4027.2,15,1,4027.1,40,2,4028.3,41,1,4028.4,129,3,4028.5,42,1,4028.7,51,2,4029.0,31,3
11483,2026-07-02 12:04:35+05:30,4028.3,5,4041.89,1044062,146891.0,157637.0,4100.0,4110.0,4012.0,4092.6,24442425,4501.8,3683.4,4440.0,3288.1,4028.1,2,1,4028.0,49,1,4027.4,28,1,4027.2,15,1,4027.1,40,2,4028.3,31,1,4028.4,129,3,4028.5,42,1,4028.7,51,2,4029.0,31,3
11483,2026-07-02 12:04:36+05:30,4028.3,8,4041.89,1044062,146891.0,157637.0,4100.0,4110.0,4012.0,4092.6,24442425,4501.8,3683.4,4440.0,3288.1,4028.1,2,1,4028.0,49,1,4027.4,28,1,4027.2,15,1,4027.1,40,2,4028.3,31,1,4028.4,129,3,4028.5,42,1,4028.7,51,2,4029.0,31,3
11483,2026-07-02 12:04:36+05:30,4028.3,4,4041.89,1044076,146891.0,157629.0,4100.0,4110.0,4012.0,4092.6,24442425,4501.8,3683.4,4440.0,3288.1,4028.1,2,1,4028.0,49,1,4027.2,15,1,4027.1,40,2,4027.0,44,2,4028.3,19,1,4028.4,129,3,4028.5,42,1,4028.7,51,2,4029.0,31,3
11483,2026-07-02 12:04:37+05:30,4029.4,6,4041.89,1044076,146891.0,157629.0,4100.0,4110.0,4012.0,4092.6,24442425,4501.8,3683.4,4440.0,3288.1,4028.1,2,1,4028.0,49,1,4027.2,15,1,4027.1,40,2,4027.0,44,2,4028.3,19,1,4028.4,129,3,4028.5,42,1,4028.7,51,2,4029.0,31,3
11483,2026-07-02 12:04:37+05:30,4029.4,6,4041.88,1044389,147225.0,156837.0,4100.0,4110.0,4012.0,4092.6,24442425,4501.8,3683.4,4440.0,3288.1,4028.3,1,1,4028.0,51,3,4027.4,40,2,4027.3,42,1,4027.2,63,2,4029.1,13,1,4029.2,67,4,4029.3,7,2,4029.4,31,2,4029.5,5,1
11483,2026-07-02 12:04:38+05:30,4028.3,1,4041.88,1044389,147225.0,156837.0,4100.0,4110.0,4012.0,4092.6,24442425,4501.8,3683.4,4440.0,3288.1,4028.3,1,1,4028.0,51,3,4027.4,40,2,4027.3,42,1,4027.2,63,2,4029.1,13,1,4029.2,67,4,4029.3,7,2,4029.4,31,2,4029.5,5,1
11483,2026-07-02 12:04:38+05:30,4027.1,21,4041.88,1044489,146706.0,158163.0,4100.0,4110.0,4012.0,4092.6,24442425,4501.8,3683.4,4440.0,3288.1,4027.3,8,1,4027.2,8,1,4027.1,39,1,4027.0,26,2,4026.9,48,2,4028.3,141,4,4028.4,68,1,4028.5,71,1,4028.7,21,2,4028.8,15,1
11483,2026-07-02 12:04:39+05:30,4028.3,1,4041.88,1044489,146706.0,158163.0,4100.0,4110.0,4012.0,4092.6,24442425,4501.8,3683.4,4440.0,3288.1,4027.3,8,1,4027.2,8,1,4027.1,39,1,4027.0,26,2,4026.9,48,2,4028.3,141,4,4028.4,68,1,4028.5,71,1,4028.7,21,2,4028.8,15,1
11483,2026-07-02 12:04:39+05:30,4026.6,10,4041.88,1044641,146434.0,158600.0,4100.0,4110.0,4012.0,4092.6,24442425,4501.8,3683.4,4440.0,3288.1,4026.7,18,2,4026.6,21,2,4026.5,34,2,4026.4,14,1,4026.3,44,1,4027.9,29,1,4028.0,42,1,4028.1,42,1,4028.2,3,1,4028.3,134,3
11483,2026-07-02 12:04:40+05:30,4026.7,1,4041.88,1044641,146434.0,158600.0,4100.0,4110.0,4012.0,4092.6,24442425,4501.8,3683.4,4440.0,3288.1,4026.7,18,2,4026.6,21,2,4026.5,34,2,4026.4,14,1,4026.3,44,1,4027.9,29,1,4028.0,42,1,4028.1,42,1,4028.2,3,1,4028.3,134,3
11483,2026-07-02 12:04:41+05:30,4026.7,1,4041.88,1044751,145826.0,159069.0,4100.0,4110.0,4012.0,4092.6,24442425,4501.8,3683.4,4440.0,3288.1,4026.0,32,4,4025.9,19,3,4025.8,36,4,4025.7,49,4,4025.6,49,3,4026.5,42,1,4026.7,1,1,4027.4,42,1,4027.6,42,1,4027.9,100,2
11483,2026-07-02 12:04:41+05:30,4026.5,10,4041.88,1044751,145826.0,159069.0,4100.0,4110.0,4012.0,4092.6,24442425,4501.8,3683.4,4440.0,3288.1,4026.0,32,4,4025.9,19,3,4025.8,36,4,4025.7,49,4,4025.6,49,3,4026.5,42,1,4026.7,1,1,4027.4,42,1,4027.6,42,1,4027.9,100,2
11483,2026-07-02 12:04:42+05:30,4026.4,1,4041.87,1044862,145015.0,159416.0,4100.0,4110.0,4012.0,4092.6,24442425,4501.8,3683.4,4440.0,3288.1,4026.1,1,1,4025.5,61,4,4025.4,71,4,4025.3,50,4,4025.2,71,4,4026.4,41,1,4026.5,101,2,4026.6,113,2,4026.7,69,2,4027.2,17,1
11483,2026-07-02 12:04:42+05:30,4026.7,5,4041.87,1044862,145015.0,159416.0,4100.0,4110.0,4012.0,4092.6,24442425,4501.8,3683.4,4440.0,3288.1,4026.1,1,1,4025.5,61,4,4025.4,71,4,4025.3,50,4,4025.2,71,4,4026.4,41,1,4026.5,101,2,4026.6,113,2,4026.7,69,2,4027.2,17,1
11483,2026-07-02 12:04:43+05:30,4026.0,1,4041.85,1046237,145742.0,158927.0,4100.0,4110.0,4012.0,4092.6,24442425,4501.8,3683.4,4440.0,3288.1,4026.0,73,7,4025.9,19,2,4025.7,26,3,4025.6,35,4,4025.5,18,2,4026.6,78,1,4026.7,67,1,4027.1,42,1,4027.8,4,1,4027.9,29,1
11483,2026-07-02 12:04:43+05:30,4026.0,17,4041.85,1046237,145742.0,158927.0,4100.0,4110.0,4012.0,4092.6,24442425,4501.8,3683.4,4440.0,3288.1,4026.0,73,7,4025.9,19,2,4025.7,26,3,4025.6,35,4,4025.5,18,2,4026.6,78,1,4026.7,67,1,4027.1,42,1,4027.8,4,1,4027.9,29,1
11483,2026-07-02 12:04:44+05:30,4025.9,4,4041.85,1046459,145432.0,159333.0,4100.0,4110.0,4012.0,4092.6,24442425,4501.8,3683.4,4440.0,3288.1,4025.9,59,6,4025.7,6,1,4025.6,7,1,4025.5,5,1,4025.4,102,7,4026.4,41,1,4026.5,42,1,4026.7,125,2,4026.8,145,2,4027.7,45,2
11483,2026-07-02 12:04:44+05:30,4025.9,2,4041.85,1046459,145432.0,159333.0,4100.0,4110.0,4012.0,4092.6,24442425,4501.8,3683.4,4440.0,3288.1,4025.9,59,6,4025.7,6,1,4025.6,7,1,4025.5,5,1,4025.4,102,7,4026.4,41,1,4026.5,42,1,4026.7,125,2,4026.8,145,2,4027.7,45,2
11483,2026-07-02 12:04:45+05:30,4026.4,1,4041.85,1046572,145201.0,159361.0,4100.0,4110.0,4012.0,4092.6,24442425,4501.8,3683.4,4440.0,3288.1,4025.7,61,6,4025.6,18,2,4025.5,35,3,4025.4,89,7,4025.3,56,3,4026.4,107,2,4026.5,120,2,4026.6,83,1,4026.7,42,1,4027.7,28,1
11483,2026-07-02 12:04:45+05:30,4025.7,2,4041.85,1046572,145201.0,159361.0,4100.0,4110.0,4012.0,4092.6,24442425,4501.8,3683.4,4440.0,3288.1,4025.7,61,6,4025.6,18,2,4025.5,35,3,4025.4,89,7,4025.3,56,3,4026.4,107,2,4026.5,120,2,4026.6,83,1,4026.7,42,1,4027.7,28,1
11483,2026-07-02 12:04:45+05:30,4026.4,1,4041.84,1046912,145856.0,159234.0,4100.0,4110.0,4012.0,4092.6,24442425,4501.8,3683.4,4440.0,3288.1,4026.0,88,9,4025.7,91,8,4025.6,30,3,4025.5,53,4,4025.4,92,8,4026.4,57,1,4026.5,78,1,4026.6,125,2,4027.7,28,1,4027.8,13,1
11483,2026-07-02 12:04:46+05:30,4026.0,12,4041.84,1046912,145856.0,159234.0,4100.0,4110.0,4012.0,4092.6,24442425,4501.8,3683.4,4440.0,3288.1,4026.0,88,9,4025.7,91,8,4025.6,30,3,4025.5,53,4,4025.4,92,8,4026.4,57,1,4026.5,78,1,4026.6,125,2,4027.7,28,1,4027.8,13,1
11483,2026-07-02 12:04:46+05:30,4026.0,4,4041.84,1047084,145753.0,159290.0,4100.0,4110.0,4012.0,4092.6,24442425,4501.8,3683.4,4440.0,3288.1,4026.0,63,7,4025.7,91,8,4025.6,30,3,4025.5,53,4,4025.4,92,8,4026.4,49,1,4026.5,83,1,4026.8,78,1,4027.7,28,1,4027.8,13,1
11483,2026-07-02 12:04:47+05:30,4026.5,113,4041.84,1047084,145753.0,159290.0,4100.0,4110.0,4012.0,4092.6,24442425,4501.8,3683.4,4440.0,3288.1,4026.0,63,7,4025.7,91,8,4025.6,30,3,4025.5,53,4,4025.4,92,8,4026.4,49,1,4026.5,83,1,4026.8,78,1,4027.7,28,1,4027.8,13,1
11483,2026-07-02 12:04:47+05:30,4026.5,113,4041.84,1047084,145753.0,159290.0,4100.0,4110.0,4012.0,4092.6,24442425,4501.8,3683.4,4440.0,3288.1,4026.0,63,7,4025.7,91,8,4025.6,30,3,4025.5,53,4,4025.4,92,8,4026.4,49,1,4026.5,83,1,4026.8,78,1,4027.7,28,1,4027.8,13,1
11483,2026-07-02 12:04:47+05:30,4026.4,1,4041.84,1047478,145697.0,159080.0,4100.0,4110.0,4012.0,4092.6,24442425,4501.8,3683.4,4440.0,3288.1,4026.3,4,1,4026.1,24,2,4026.0,58,7,4025.9,9,1,4025.8,10,1,4026.4,72,1,4026.5,37,1,4026.6,74,1,4028.0,39,3,4028.1,12,1
11483,2026-07-02 12:04:48+05:30,4026.4,1,4041.84,1047478,145697.0,159080.0,4100.0,4110.0,4012.0,4092.6,24442425,4501.8,3683.4,4440.0,3288.1,4026.3,4,1,4026.1,24,2,4026.0,58,7,4025.9,9,1,4025.8,10,1,4026.4,72,1,4026.5,37,1,4026.6,74,1,4028.0,39,3,4028.1,12,1
11483,2026-07-02 12:04:48+05:30,4026.2,7,4041.84,1047478,145697.0,159080.0,4100.0,4110.0,4012.0,4092.6,24442425,4501.8,3683.4,4440.0,3288.1,4026.3,4,1,4026.1,24,2,4026.0,58,7,4025.9,9,1,4025.8,10,1,4026.4,72,1,4026.5,37,1,4026.6,74,1,4028.0,39,3,4028.1,12,1
11483,2026-07-02 12:04:48+05:30,4026.2,7,4041.84,1047478,145697.0,159080.0,4100.0,4110.0,4012.0,4092.6,24442425,4501.8,3683.4,4440.0,3288.1,4026.3,4,1,4026.1,24,2,4026.0,58,7,4025.9,9,1,4025.8,10,1,4026.4,72,1,4026.5,37,1,4026.6,74,1,4028.0,39,3,4028.1,12,1
11483,2026-07-02 12:04:49+05:30,4026.4,1,4041.83,1047762,145522.0,159208.0,4100.0,4110.0,4012.0,4092.6,24442425,4501.8,3683.4,4440.0,3288.1,4025.8,38,4,4025.7,34,3,4025.6,46,3,4025.5,38,3,4025.4,65,4,4026.4,36,1,4026.5,83,2,4026.6,74,1,4027.8,12,1,4028.0,49,4
11483,2026-07-02 12:04:49+05:30,4026.4,100,4041.83,1047762,145522.0,159208.0,4100.0,4110.0,4012.0,4092.6,24442425,4501.8,3683.4,4440.0,3288.1,4025.8,38,4,4025.7,34,3,4025.6,46,3,4025.5,38,3,4025.4,65,4,4026.4,36,1,4026.5,83,2,4026.6,74,1,4027.8,12,1,4028.0,49,4
11483,2026-07-02 12:04:49+05:30,4026.4,100,4041.83,1047762,145522.0,159208.0,4100.0,4110.0,4012.0,4092.6,24442425,4501.8,3683.4,4440.0,3288.1,4025.8,38,4,4025.7,34,3,4025.6,46,3,4025.5,38,3,4025.4,65,4,4026.4,36,1,4026.5,83,2,4026.6,74,1,4027.8,12,1,4028.0,49,4
11483,2026-07-02 12:04:50+05:30,4026.4,1,4041.82,1048321,145298.0,159212.0,4100.0,4110.0,4012.0,4092.6,24442425,4501.8,3683.4,4440.0,3288.1,4026.0,46,4,4025.9,7,1,4025.7,42,3,4025.6,16,1,4025.5,41,3,4026.4,61,1,4026.5,83,2,4026.6,74,1,4027.7,31,2,4027.8,12,1
11483,2026-07-02 12:04:50+05:30,4026.0,14,4041.82,1048321,145298.0,159212.0,4100.0,4110.0,4012.0,4092.6,24442425,4501.8,3683.4,4440.0,3288.1,4026.0,46,4,4025.9,7,1,4025.7,42,3,4025.6,16,1,4025.5,41,3,4026.4,61,1,4026.5,83,2,4026.6,74,1,4027.7,31,2,4027.8,12,1
11483,2026-07-02 12:04:50+05:30,4026.0,14,4041.82,1048321,145298.0,159212.0,4100.0,4110.0,4012.0,4092.6,24442425,4501.8,3683.4,4440.0,3288.1,4026.0,46,4,4025.9,7,1,4025.7,42,3,4025.6,16,1,4025.5,41,3,4026.4,61,1,4026.5,83,2,4026.6,74,1,4027.7,31,2,4027.8,12,1
11483,2026-07-02 12:04:51+05:30,4026.0,14,4041.82,1048321,145298.0,159212.0,4100.0,4110.0,4012.0,4092.6,24442425,4501.8,3683.4,4440.0,3288.1,4026.0,46,4,4025.9,7,1,4025.7,42,3,4025.6,16,1,4025.5,41,3,4026.4,61,1,4026.5,83,2,4026.6,74,1,4027.7,31,2,4027.8,12,1
11483,2026-07-02 12:04:51+05:30,4026.4,4,4041.82,1048459,145503.0,159174.0,4100.0,4110.0,4012.0,4092.6,24442425,4501.8,3683.4,4440.0,3288.1,4026.0,69,7,4025.9,39,4,4025.7,43,3,4025.6,16,1,4025.5,41,3,4026.4,56,1,4026.5,1,1,4026.6,82,1,4026.7,74,1,4027.7,28,1
11483,2026-07-02 12:04:51+05:30,4026.4,4,4041.82,1048459,145503.0,159174.0,4100.0,4110.0,4012.0,4092.6,24442425,4501.8,3683.4,4440.0,3288.1,4026.0,69,7,4025.9,39,4,4025.7,43,3,4025.6,16,1,4025.5,41,3,4026.4,56,1,4026.5,1,1,4026.6,82,1,4026.7,74,1,4027.7,28,1
11483,2026-07-02 12:04:51+05:30,4026.0,10,4041.82,1048459,145503.0,159174.0,4100.0,4110.0,4012.0,4092.6,24442425,4501.8,3683.4,4440.0,3288.1,4026.0,69,7,4025.9,39,4,4025.7,43,3,4025.6,16,1,4025.5,41,3,4026.4,56,1,4026.5,1,1,4026.6,82,1,4026.7,74,1,4027.7,28,1
11483,2026-07-02 12:04:51+05:30,4026.0,10,4041.82,1048459,145503.0,159174.0,4100.0,4110.0,4012.0,4092.6,24484075,4501.8,3683.4,4440.0,3288.1,4026.0,69,7,4025.9,39,4,4025.7,43,3,4025.6,16,1,4025.5,41,3,4026.4,56,1,4026.5,1,1,4026.6,82,1,4026.7,74,1,4027.7,28,1
11483,2026-07-02 12:04:52+05:30,4026.0,10,4041.82,1048459,145503.0,159174.0,4100.0,4110.0,4012.0,4092.6,24484075,4501.8,3683.4,4440.0,3288.1,4026.0,69,7,4025.9,39,4,4025.7,43,3,4025.6,16,1,4025.5,41,3,4026.4,56,1,4026.5,1,1,4026.6,82,1,4026.7,74,1,4027.7,28,1
11483,2026-07-02 12:04:52+05:30,4026.4,1,4041.82,1048479,145523.0,159145.0,4100.0,4110.0,4012.0,4092.6,24484075,4501.8,3683.4,4440.0,3288.1,4026.2,1,1,4026.0,57,7,4025.9,39,4,4025.7,43,3,4025.6,16,1,4026.4,53,1,4026.6,82,1,4026.7,74,1,4027.7,28,1,4027.8,12,1
11483,2026-07-02 12:04:52+05:30,4026.2,3,4041.82,1048479,145523.0,159145.0,4100.0,4110.0,4012.0,4092.6,24484075,4501.8,3683.4,4440.0,3288.1,4026.2,1,1,4026.0,57,7,4025.9,39,4,4025.7,43,3,4025.6,16,1,4026.4,53,1,4026.6,82,1,4026.7,74,1,4027.7,28,1,4027.8,12,1
11483,2026-07-02 12:04:52+05:30,4026.2,3,4041.82,1048479,145523.0,159145.0,4100.0,4110.0,4012.0,4092.6,24484075,4501.8,3683.4,4440.0,3288.1,4026.2,1,1,4026.0,57,7,4025.9,39,4,4025.7,43,3,4025.6,16,1,4026.4,53,1,4026.6,82,1,4026.7,74,1,4027.7,28,1,4027.8,12,1
11483,2026-07-02 12:04:53+05:30,4026.6,1,4041.82,1048555,145531.0,158868.0,4100.0,4110.0,4012.0,4092.6,24484075,4501.8,3683.4,4440.0,3288.1,4026.2,11,1,4026.1,49,5,4026.0,37,6,4025.9,46,5,4025.7,26,2,4026.6,81,1,4026.7,74,1,4027.7,28,1,4027.8,3,1,4027.9,4,1
11483,2026-07-02 12:04:53+05:30,4026.2,9,4041.82,1048555,145531.0,158868.0,4100.0,4110.0,4012.0,4092.6,24484075,4501.8,3683.4,4440.0,3288.1,4026.2,11,1,4026.1,49,5,4026.0,37,6,4025.9,46,5,4025.7,26,2,4026.6,81,1,4026.7,74,1,4027.7,28,1,4027.8,3,1,4027.9,4,1
11483,2026-07-02 12:04:53+05:30,4026.2,9,4041.82,1048555,145531.0,158868.0,4100.0,4110.0,4012.0,4092.6,24484075,4501.8,3683.4,4440.0,3288.1,4026.2,11,1,4026.1,49,5,4026.0,37,6,4025.9,46,5,4025.7,26,2,4026.6,81,1,4026.7,74,1,4027.7,28,1,4027.8,3,1,4027.9,4,1
11483,2026-07-02 12:04:54+05:30,4026.6,1,4041.82,1048571,145437.0,158901.0,4100.0,4110.0,4012.0,4092.6,24484075,4501.8,3683.4,4440.0,3288.1,4026.1,44,5,4026.0,37,6,4025.9,46,5,4025.7,26,2,4025.6,28,2,4026.6,79,1,4026.7,74,1,4027.7,28,1,4027.8,3,1,4027.9,4,1
11483,2026-07-02 12:04:54+05:30,4026.1,2,4041.82,1048571,145437.0,158901.0,4100.0,4110.0,4012.0,4092.6,24484075,4501.8,3683.4,4440.0,3288.1,4026.1,44,5,4026.0,37,6,4025.9,46,5,4025.7,26,2,4025.6,28,2,4026.6,79,1,4026.7,74,1,4027.7,28,1,4027.8,3,1,4027.9,4,1
11483,2026-07-02 12:04:55+05:30,4026.6,1,4041.82,1048587,145592.0,158919.0,4100.0,4110.0,4012.0,4092.6,24484075,4501.8,3683.4,4440.0,3288.1,4026.4,2,1,4026.1,36,4,4026.0,26,5,4025.9,46,5,4025.7,26,2,4026.6,77,1,4026.7,74,1,4027.7,28,1,4027.8,3,1,4027.9,4,1
11483,2026-07-02 12:04:55+05:30,4026.4,2,4041.82,1048587,145592.0,158919.0,4100.0,4110.0,4012.0,4092.6,24484075,4501.8,3683.4,4440.0,3288.1,4026.4,2,1,4026.1,36,4,4026.0,26,5,4025.9,46,5,4025.7,26,2,4026.6,77,1,4026.7,74,1,4027.7,28,1,4027.8,3,1,4027.9,4,1
11483,2026-07-02 12:04:56+05:30,4026.3,9,4041.82,1048851,145906.0,158501.0,4100.0,4110.0,4012.0,4092.6,24484075,4501.8,3683.4,4440.0,3288.1,4026.4,11,1,4026.3,26,3,4026.2,28,3,4026.1,29,3,4026.0,49,8,4026.6,16,1,4026.7,74,1,4027.9,5,1,4028.0,36,2,4028.1,12,1
11483,2026-07-02 12:04:56+05:30,4026.4,9,4041.82,1048851,145906.0,158501.0,4100.0,4110.0,4012.0,4092.6,24484075,4501.8,3683.4,4440.0,3288.1,4026.4,11,1,4026.3,26,3,4026.2,28,3,4026.1,29,3,4026.0,49,8,4026.6,16,1,4026.7,74,1,4027.9,5,1,4028.0,36,2,4028.1,12,1
11483,2026-07-02 12:04:57+05:30,4026.6,1,4041.82,1048851,145906.0,158501.0,4100.0,4110.0,4012.0,4092.6,24484075,4501.8,3683.4,4440.0,3288.1,4026.4,11,1,4026.3,26,3,4026.2,28,3,4026.1,29,3,4026.0,49,8,4026.6,16,1,4026.7,74,1,4027.9,5,1,4028.0,36,2,4028.1,12,1
11483,2026-07-02 12:04:57+05:30,4026.6,1,4041.82,1048894,145947.0,158383.0,4100.0,4110.0,4012.0,4092.6,24484075,4501.8,3683.4,4440.0,3288.1,4026.5,11,1,4026.4,35,3,4026.3,13,2,4026.2,28,3,4026.0,40,7,4026.6,5,1,4026.7,74,1,4028.0,36,2,4028.1,12,1,4028.2,28,2
11483,2026-07-02 12:04:58+05:30,4026.6,1,4041.82,1048894,145947.0,158383.0,4100.0,4110.0,4012.0,4092.6,24484075,4501.8,3683.4,4440.0,3288.1,4026.5,11,1,4026.4,35,3,4026.3,13,2,4026.2,28,3,4026.0,40,7,4026.6,5,1,4026.7,74,1,4028.0,36,2,4028.1,12,1,4028.2,28,2
11483,2026-07-02 12:04:58+05:30,4026.6,1,4041.81,1048924,145749.0,158717.0,4100.0,4110.0,4012.0,4092.6,24484075,4501.8,3683.4,4440.0,3288.1,4026.3,14,2,4026.2,11,1,4026.0,49,8,4025.9,46,5,4025.8,21,2,4026.6,3,1,4026.7,74,1,4027.9,3,1,4028.0,41,3,4028.1,12,1
11483,2026-07-02 12:04:59+05:30,4026.7,1,4041.81,1048924,145749.0,158717.0,4100.0,4110.0,4012.0,4092.6,24484075,4501.8,3683.4,4440.0,3288.1,4026.3,14,2,4026.2,11,1,4026.0,49,8,4025.9,46,5,4025.8,21,2,4026.6,3,1,4026.7,74,1,4027.9,3,1,4028.0,41,3,4028.1,12,1
11483,2026-07-02 12:04:59+05:30,4026.7,1,4041.81,1048941,145703.0,158446.0,4100.0,4110.0,4012.0,4092.6,24484075,4501.8,3683.4,4440.0,3288.1,4026.3,7,1,4026.2,36,3,4026.0,48,8,4025.9,46,5,4025.8,12,1,4026.7,68,1,4028.0,58,5,4028.1,12,1,4028.2,25,2,4028.3,78,3
11483,2026-07-02 12:05:00+05:30,4026.7,1,4041.81,1048941,145703.0,158446.0,4100.0,4110.0,4012.0,4092.6,24484075,4501.8,3683.4,4440.0,3288.1,4026.3,7,1,4026.2,36,3,4026.0,48,8,4025.9,46,5,4025.8,12,1,4026.7,68,1,4028.0,58,5,4028.1,12,1,4028.2,25,2,4028.3,78,3
11483,2026-07-02 12:05:00+05:30,4026.7,1,4041.81,1048944,145735.0,158465.0,4100.0,4110.0,4012.0,4092.6,24484075,4501.8,3683.4,4440.0,3288.1,4026.3,28,3,4026.2,11,1,4026.0,37,7,4025.9,46,5,4025.8,12,1,4026.7,68,2,4028.0,58,5,4028.1,12,1,4028.2,25,2,4028.3,78,3
11483,2026-07-02 12:05:01+05:30,4026.7,1,4041.81,1048944,145735.0,158465.0,4100.0,4110.0,4012.0,4092.6,24484075,4501.8,3683.4,4440.0,3288.1,4026.3,28,3,4026.2,11,1,4026.0,37,7,4025.9,46,5,4025.8,12,1,4026.7,68,2,4028.0,58,5,4028.1,12,1,4028.2,25,2,4028.3,78,3
11483,2026-07-02 12:05:01+05:30,4026.7,1,4041.81,1048951,145758.0,158482.0,4100.0,4110.0,4012.0,4092.6,24484075,4501.8,3683.4,4440.0,3288.1,4026.3,27,3,4026.2,11,1,4026.0,48,8,4025.9,46,5,4025.8,12,1,4026.7,62,2,4028.0,58,5,4028.1,12,1,4028.2,2,1,4028.3,78,3
11483,2026-07-02 12:05:02+05:30,4026.7,1,4041.81,1048951,145758.0,158482.0,4100.0,4110.0,4012.0,4092.6,24484075,4501.8,3683.4,4440.0,3288.1,4026.3,27,3,4026.2,11,1,4026.0,48,8,4025.9,46,5,4025.8,12,1,4026.7,62,2,4028.0,58,5,4028.1,12,1,4028.2,2,1,4028.3,78,3
11483,2026-07-02 12:05:02+05:30,4026.7,1,4041.81,1048953,145759.0,158639.0,4100.0,4110.0,4012.0,4092.6,24484075,4501.8,3683.4,4440.0,3288.1,4026.5,1,1,4026.3,23,2,4026.0,45,7,4025.9,39,4,4025.7,14,1,4026.7,61,2,4027.8,21,1,4027.9,3,1,4028.0,66,5,4028.1,39,2
11483,2026-07-02 12:05:03+05:30,4026.7,1,4041.81,1048953,145759.0,158639.0,4100.0,4110.0,4012.0,4092.6,24484075,4501.8,3683.4,4440.0,3288.1,4026.5,1,1,4026.3,23,2,4026.0,45,7,4025.9,39,4,4025.7,14,1,4026.7,61,2,4027.8,21,1,4027.9,3,1,4028.0,66,5,4028.1,39,2
11483,2026-07-02 12:05:03+05:30,4026.7,1,4041.81,1048954,145758.0,158646.0,4100.0,4110.0,4012.0,4092.6,24484075,4501.8,3683.4,4440.0,3288.1,4026.5,1,1,4026.3,23,2,4026.0,45,7,4025.9,39,4,4025.7,14,1,4026.7,60,2,4027.8,21,1,4027.9,3,1,4028.0,66,5,4028.1,39,2
11483,2026-07-02 12:05:04+05:30,4026.5,1,4041.81,1048957,145754.0,158949.0,4100.0,4110.0,4012.0,4092.6,24484075,4501.8,3683.4,4440.0,3288.1,4026.5,1,1,4026.3,16,2,4026.0,41,6,4025.9,35,3,4025.7,14,1,4026.6,12,1,4026.7,102,3,4026.8,42,1,4026.9,42,1,4027.1,42,1
11483,2026-07-02 12:05:04+05:30,4026.5,1,4041.81,1048957,145754.0,158949.0,4100.0,4110.0,4012.0,4092.6,24484075,4501.8,3683.4,4440.0,3288.1,4026.5,1,1,4026.3,16,2,4026.0,41,6,4025.9,35,3,4025.7,14,1,4026.6,12,1,4026.7,102,3,4026.8,42,1,4026.9,42,1,4027.1,42,1
11483,2026-07-02 12:05:05+05:30,4026.7,1,4041.81,1048957,145754.0,158949.0,4100.0,4110.0,4012.0,4092.6,24484075,4501.8,3683.4,4440.0,3288.1,4026.5,1,1,4026.3,16,2,4026.0,41,6,4025.9,35,3,4025.7,14,1,4026.6,12,1,4026.7,102,3,4026.8,42,1,4026.9,42,1,4027.1,42,1
11483,2026-07-02 12:05:05+05:30,4026.7,1,4041.81,1048971,145149.0,159025.0,4100.0,4110.0,4012.0,4092.6,24484075,4501.8,3683.4,4440.0,3288.1,4026.6,2,1,4026.3,5,1,4026.0,32,5,4025.9,35,3,4025.7,14,1,4026.7,140,3,4026.8,42,1,4026.9,42,1,4027.0,42,1,4027.2,52,2
11483,2026-07-02 12:05:06+05:30,4026.7,20,4041.81,1048971,145149.0,159025.0,4100.0,4110.0,4012.0,4092.6,24484075,4501.8,3683.4,4440.0,3288.1,4026.6,2,1,4026.3,5,1,4026.0,32,5,4025.9,35,3,4025.7,14,1,4026.7,140,3,4026.8,42,1,4026.9,42,1,4027.0,42,1,4027.2,52,2
11483,2026-07-02 12:05:06+05:30,4026.7,20,4041.81,1049012,145518.0,159138.0,4100.0,4110.0,4012.0,4092.6,24484075,4501.8,3683.4,4440.0,3288.1,4026.6,1,1,4026.3,5,1,4026.0,31,5,4025.9,35,3,4025.8,2,1,4026.7,101,4,4026.8,42,1,4026.9,42,1,4027.0,42,1,4027.2,52,2
11483,2026-07-02 12:05:07+05:30,4026.7,1,4041.81,1049012,145518.0,159138.0,4100.0,4110.0,4012.0,4092.6,24484075,4501.8,3683.4,4440.0,3288.1,4026.6,1,1,4026.3,5,1,4026.0,31,5,4025.9,35,3,4025.8,2,1,4026.7,101,4,4026.8,42,1,4026.9,42,1,4027.0,42,1,4027.2,52,2
11483,2026-07-02 12:05:07+05:30,4026.7,1,4041.81,1049021,145726.0,159185.0,4100.0,4110.0,4012.0,4092.6,24484075,4501.8,3683.4,4440.0,3288.1,4026.5,11,1,4026.3,5,1,4026.0,46,6,4025.9,35,3,4025.8,2,1,4026.6,82,2,4026.7,58,4,4026.8,42,1,4026.9,42,1,4027.1,42,1
11483,2026-07-02 12:05:08+05:30,4026.4,1,4041.81,1049021,145726.0,159185.0,4100.0,4110.0,4012.0,4092.6,24484075,4501.8,3683.4,4440.0,3288.1,4026.5,11,1,4026.3,5,1,4026.0,46,6,4025.9,35,3,4025.8,2,1,4026.6,82,2,4026.7,58,4,4026.8,42,1,4026.9,42,1,4027.1,42,1
11483,2026-07-02 12:05:08+05:30,4026.4,1,4041.81,1049033,145531.0,159157.0,4100.0,4110.0,4012.0,4092.6,24484075,4501.8,3683.4,4440.0,3288.1,4026.3,5,1,4026.0,46,6,4025.9,35,3,4025.8,2,1,4025.7,14,1,4026.4,81,2,4026.5,46,2,4026.6,48,3,4026.7,57,3,4026.9,52,2
11483,2026-07-02 12:05:09+05:30,4026.4,1,4041.81,1049033,145531.0,159157.0,4100.0,4110.0,4012.0,4092.6,24484075,4501.8,3683.4,4440.0,3288.1,4026.3,5,1,4026.0,46,6,4025.9,35,3,4025.8,2,1,4025.7,14,1,4026.4,81,2,4026.5,46,2,4026.6,48,3,4026.7,57,3,4026.9,52,2
11483,2026-07-02 12:05:09+05:30,4026.4,1,4041.81,1049035,145550.0,159163.0,4100.0,4110.0,4012.0,4092.6,24484075,4501.8,3683.4,4440.0,3288.1,4026.3,4,1,4026.0,46,6,4025.9,35,3,4025.8,2,1,4025.7,14,1,4026.4,81,3,4026.5,46,2,4026.6,43,2,4026.7,57,3,4026.9,52,2
11483,2026-07-02 12:05:10+05:30,4026.4,40,4041.81,1049035,145550.0,159163.0,4100.0,4110.0,4012.0,4092.6,24484075,4501.8,3683.4,4440.0,3288.1,4026.3,4,1,4026.0,46,6,4025.9,35,3,4025.8,2,1,4025.7,14,1,4026.4,81,3,4026.5,46,2,4026.6,43,2,4026.7,57,3,4026.9,52,2
11483,2026-07-02 12:05:10+05:30,4026.4,40,4041.81,1049075,145584.0,159111.0,4100.0,4110.0,4012.0,4092.6,24484075,4501.8,3683.4,4440.0,3288.1,4026.3,4,1,4026.0,46,6,4025.9,35,3,4025.8,2,1,4025.7,14,1,4026.4,41,3,4026.5,46,2,4026.6,43,2,4026.7,45,3,4026.9,52,2
11483,2026-07-02 12:05:11+05:30,4026.3,1,4041.81,1049075,145584.0,159111.0,4100.0,4110.0,4012.0,4092.6,24484075,4501.8,3683.4,4440.0,3288.1,4026.3,4,1,4026.0,46,6,4025.9,35,3,4025.8,2,1,4025.7,14,1,4026.4,41,3,4026.5,46,2,4026.6,43,2,4026.7,45,3,4026.9,52,2
11483,2026-07-02 12:05:11+05:30,4026.4,1,4041.81,1049090,145404.0,158852.0,4100.0,4110.0,4012.0,4092.6,24484075,4501.8,3683.4,4440.0,3288.1,4026.0,37,6,4025.9,35,3,4025.8,2,1,4025.7,14,1,4025.6,46,2,4026.4,1,1,4026.5,4,1,4026.6,1,1,4026.7,3,2,4026.9,10,1
11483,2026-07-02 12:05:12+05:30,4026.0,2,4041.81,1049090,145404.0,158852.0,4100.0,4110.0,4012.0,4092.6,24484075,4501.8,3683.4,4440.0,3288.1,4026.0,37,6,4025.9,35,3,4025.8,2,1,4025.7,14,1,4025.6,46,2,4026.4,1,1,4026.5,4,1,4026.6,1,1,4026.7,3,2,4026.9,10,1
11483,2026-07-02 12:05:13+05:30,4026.2,1,4041.81,1049093,145606.0,158828.0,4100.0,4110.0,4012.0,4092.6,24484075,4501.8,3683.4,4440.0,3288.1,4026.4,20,1,4026.3,42,1,4026.2,43,2,4026.1,42,1,4026.0,49,6,4026.5,4,1,4026.6,1,1,4026.7,3,2,4027.4,14,1,4027.5,25,2
11483,2026-07-02 12:05:13+05:30,4026.2,1,4041.81,1049093,145606.0,158828.0,4100.0,4110.0,4012.0,4092.6,24484075,4501.8,3683.4,4440.0,3288.1,4026.4,20,1,4026.3,42,1,4026.2,43,2,4026.1,42,1,4026.0,49,6,4026.5,4,1,4026.6,1,1,4026.7,3,2,4027.4,14,1,4027.5,25,2
11483,2026-07-02 12:05:14+05:30,4026.4,4,4041.81,1049145,145110.0,158297.0,4100.0,4110.0,4012.0,4092.6,24484075,4501.8,3683.4,4440.0,3288.1,4026.4,17,1,4026.3,42,1,4026.2,43,2,4026.0,85,7,4025.9,47,4,4027.3,14,1,4027.4,36,3,4027.5,16,2,4027.6,41,3,4027.7,20,1
11483,2026-07-02 12:05:14+05:30,4026.4,7,4041.81,1049145,145110.0,158297.0,4100.0,4110.0,4012.0,4092.6,24484075,4501.8,3683.4,4440.0,3288.1,4026.4,17,1,4026.3,42,1,4026.2,43,2,4026.0,85,7,4025.9,47,4,4027.3,14,1,4027.4,36,3,4027.5,16,2,4027.6,41,3,4027.7,20,1
11483,2026-07-02 12:05:15+05:30,4026.4,7,4041.81,1049152,145342.0,158233.0,4100.0,4110.0,4012.0,4092.6,24484075,4501.8,3683.4,4440.0,3288.1,4026.9,76,1,4026.4,10,1,4026.3,42,1,4026.2,56,3,4026.0,85,7,4027.4,36,3,4027.5,30,2,4027.6,9,2,4027.7,23,2,4027.8,70,5
11483,2026-07-02 12:05:16+05:30,4027.5,3,4041.81,1049188,145398.0,158205.0,4100.0,4110.0,4012.0,4092.6,24484075,4501.8,3683.4,4440.0,3288.1,4027.0,42,1,4026.9,76,1,4026.6,42,1,4026.4,52,2,4026.2,14,2,4027.5,20,3,4027.6,9,2,4027.7,20,1,4027.8,48,3,4027.9,34,2
11483,2026-07-02 12:05:16+05:30,4027.0,5,4041.81,1049188,145398.0,158205.0,4100.0,4110.0,4012.0,4092.6,24484075,4501.8,3683.4,4440.0,3288.1,4027.0,42,1,4026.9,76,1,4026.6,42,1,4026.4,52,2,4026.2,14,2,4027.5,20,3,4027.6,9,2,4027.7,20,1,4027.8,48,3,4027.9,34,2
11483,2026-07-02 12:05:17+05:30,4027.5,3,4041.81,1049196,145408.0,158209.0,4100.0,4110.0,4012.0,4092.6,24484075,4501.8,3683.4,4440.0,3288.1,4027.0,79,2,4026.9,76,1,4026.8,42,1,4026.7,10,1,4026.4,10,1,4027.5,17,3,4027.6,9,2,4027.7,20,1,4027.8,48,3,4027.9,34,2
11483,2026-07-02 12:05:17+05:30,4027.0,1,4041.81,1049196,145408.0,158209.0,4100.0,4110.0,4012.0,4092.6,24484075,4501.8,3683.4,4440.0,3288.1,4027.0,79,2,4026.9,76,1,4026.8,42,1,4026.7,10,1,4026.4,10,1,4027.5,17,3,4027.6,9,2,4027.7,20,1,4027.8,48,3,4027.9,34,2
11483,2026-07-02 12:05:18+05:30,4027.0,1,4041.81,1049197,145378.0,158298.0,4100.0,4110.0,4012.0,4092.6,24484075,4501.8,3683.4,4440.0,3288.1,4027.0,78,2,4026.9,76,1,4026.8,42,1,4026.7,10,1,4026.4,11,2,4027.5,16,2,4027.6,9,2,4027.7,20,1,4027.8,48,3,4027.9,34,2
11483,2026-07-02 12:05:19+05:30,4027.0,1,4041.81,1049197,145382.0,158474.0,4100.0,4110.0,4012.0,4092.6,24484075,4501.8,3683.4,4440.0,3288.1,4027.0,78,2,4026.9,76,1,4026.8,42,1,4026.7,10,1,4026.4,11,2,4027.5,24,3,4027.6,9,2,4027.7,20,1,4027.8,48,3,4027.9,209,3
11483,2026-07-02 12:05:20+05:30,4027.0,1,4041.81,1049197,145400.0,158277.0,4100.0,4110.0,4012.0,4092.6,24484075,4501.8,3683.4,4440.0,3288.1,4027.0,78,2,4026.9,76,1,4026.8,42,1,4026.7,10,1,4026.4,11,2,4027.5,10,1,4027.6,8,1,4027.7,196,3,4027.8,48,3,4027.9,32,1
11483,2026-07-02 12:05:21+05:30,4027.9,29,4041.81,1049197,145400.0,158277.0,4100.0,4110.0,4012.0,4092.6,24484075,4501.8,3683.4,4440.0,3288.1,4027.0,78,2,4026.9,76,1,4026.8,42,1,4026.7,10,1,4026.4,11,2,4027.5,10,1,4027.6,8,1,4027.7,196,3,4027.8,48,3,4027.9,32,1
11483,2026-07-02 12:05:21+05:30,4027.9,29,4041.81,1049497,145702.0,157669.0,4100.0,4110.0,4012.0,4092.6,24484075,4501.8,3683.4,4440.0,3288.1,4027.2,42,1,4027.0,78,2,4026.9,76,1,4026.7,10,1,4026.5,13,1,4027.9,3,1,4028.0,20,3,4028.1,27,1,4028.3,2,1,4028.4,49,3
11483,2026-07-02 12:05:22+05:30,4027.9,7,4041.81,1049497,145702.0,157669.0,4100.0,4110.0,4012.0,4092.6,24484075,4501.8,3683.4,4440.0,3288.1,4027.2,42,1,4027.0,78,2,4026.9,76,1,4026.7,10,1,4026.5,13,1,4027.9,3,1,4028.0,20,3,4028.1,27,1,4028.3,2,1,4028.4,49,3
11483,2026-07-02 12:05:22+05:30,4027.9,7,4041.81,1049542,145674.0,157908.0,4100.0,4110.0,4012.0,4092.6,24484075,4501.8,3683.4,4440.0,3288.1,4027.6,1,1,4027.3,46,2,4027.0,36,1,4026.9,76,1,4026.7,10,1,4027.9,32,1,4028.0,68,3,4028.1,29,2,4028.4,51,4,4028.5,53,2
11483,2026-07-02 12:05:23+05:30,4027.6,2,4041.81,1049542,145674.0,157908.0,4100.0,4110.0,4012.0,4092.6,24484075,4501.8,3683.4,4440.0,3288.1,4027.6,1,1,4027.3,46,2,4027.0,36,1,4026.9,76,1,4026.7,10,1,4027.9,32,1,4028.0,68,3,4028.1,29,2,4028.4,51,4,4028.5,53,2
11483,2026-07-02 12:05:23+05:30,4027.6,2,4041.81,1049544,145646.0,157759.0,4100.0,4110.0,4012.0,4092.6,24484075,4501.8,3683.4,4440.0,3288.1,4027.3,4,1,4027.0,78,2,4026.9,76,1,4026.7,10,1,4026.5,34,2,4027.6,1,1,4027.9,42,2,4028.0,58,2,4028.1,29,2,4028.4,51,4
11483,2026-07-02 12:05:24+05:30,4027.9,20,4041.81,1049544,145646.0,157759.0,4100.0,4110.0,4012.0,4092.6,24484075,4501.8,3683.4,4440.0,3288.1,4027.3,4,1,4027.0,78,2,4026.9,76,1,4026.7,10,1,4026.5,34,2,4027.6,1,1,4027.9,42,2,4028.0,58,2,4028.1,29,2,4028.4,51,4
11483,2026-07-02 12:05:24+05:30,4027.9,20,4041.81,1049567,145690.0,157662.0,4100.0,4110.0,4012.0,4092.6,24484075,4501.8,3683.4,4440.0,3288.1,4027.3,4,1,4027.2,42,1,4027.0,36,1,4026.9,76,1,4026.7,20,2,4027.9,22,2,4028.0,58,2,4028.1,29,2,4028.4,51,4,4028.5,53,2
11483,2026-07-02 12:05:25+05:30,4027.3,3,4041.81,1049567,145690.0,157662.0,4100.0,4110.0,4012.0,4092.6,24484075,4501.8,3683.4,4440.0,3288.1,4027.3,4,1,4027.2,42,1,4027.0,36,1,4026.9,76,1,4026.7,20,2,4027.9,22,2,4028.0,58,2,4028.1,29,2,4028.4,51,4,4028.5,53,2
11483,2026-07-02 12:05:25+05:30,4027.3,3,4041.81,1049570,145854.0,157468.0,4100.0,4110.0,4012.0,4092.6,24484075,4501.8,3683.4,4440.0,3288.1,4027.3,1,1,4027.2,42,1,4027.0,36,1,4026.9,76,1,4026.7,20,2,4027.9,22,2,4028.0,58,2,4028.1,27,1,4028.4,49,3,4028.5,53,2
11483,2026-07-02 12:05:26+05:30,4027.6,7,4041.81,1049570,145854.0,157468.0,4100.0,4110.0,4012.0,4092.6,24484075,4501.8,3683.4,4440.0,3288.1,4027.3,1,1,4027.2,42,1,4027.0,36,1,4026.9,76,1,4026.7,20,2,4027.9,22,2,4028.0,58,2,4028.1,27,1,4028.4,49,3,4028.5,53,2
11483,2026-07-02 12:05:26+05:30,4027.6,7,4041.81,1049578,145666.0,158117.0,4100.0,4110.0,4012.0,4092.6,24484075,4501.8,3683.4,4440.0,3288.1,4026.7,20,2,4026.4,1,1,4026.3,30,1,4026.2,13,1,4026.0,86,9,4027.7,33,4,4027.8,62,7,4027.9,43,4,4028.0,58,2,4028.1,39,2
11483,2026-07-02 12:05:27+05:30,4026.7,1,4041.81,1049578,145666.0,158117.0,4100.0,4110.0,4012.0,4092.6,24484075,4501.8,3683.4,4440.0,3288.1,4026.7,20,2,4026.4,1,1,4026.3,30,1,4026.2,13,1,4026.0,86,9,4027.7,33,4,4027.8,62,7,4027.9,43,4,4028.0,58,2,4028.1,39,2
11483,2026-07-02 12:05:27+05:30,4026.7,1,4041.81,1049579,146011.0,158073.0,4100.0,4110.0,4012.0,4092.6,24484075,4501.8,3683.4,4440.0,3288.1,4026.7,19,2,4026.4,1,1,4026.3,30,1,4026.2,13,1,4026.0,86,9,4027.6,7,1,4027.7,33,4,4027.8,30,5,4027.9,43,4,4028.0,58,2
11483,2026-07-02 12:05:28+05:30,4026.3,5,4041.81,1049579,146011.0,158073.0,4100.0,4110.0,4012.0,4092.6,24484075,4501.8,3683.4,4440.0,3288.1,4026.7,19,2,4026.4,1,1,4026.3,30,1,4026.2,13,1,4026.0,86,9,4027.6,7,1,4027.7,33,4,4027.8,30,5,4027.9,43,4,4028.0,58,2
11483,2026-07-02 12:05:28+05:30,4026.3,5,4041.81,1049606,145942.0,158675.0,4100.0,4110.0,4012.0,4092.6,24484075,4501.8,3683.4,4440.0,3288.1,4026.3,25,1,4026.0,43,6,4025.9,41,4,4025.7,14,1,4025.6,59,3,4027.2,7,1,4027.3,19,3,4027.4,40,3,4027.5,15,4,4027.6,9,2
11483,2026-07-02 12:05:29+05:30,4027.3,1,4041.81,1049606,145942.0,158675.0,4100.0,4110.0,4012.0,4092.6,24484075,4501.8,3683.4,4440.0,3288.1,4026.3,25,1,4026.0,43,6,4025.9,41,4,4025.7,14,1,4025.6,59,3,4027.2,7,1,4027.3,19,3,4027.4,40,3,4027.5,15,4,4027.6,9,2
11483,2026-07-02 12:05:29+05:30,4027.3,1,4041.8,1049622,146056.0,158669.0,4100.0,4110.0,4012.0,4092.6,24484075,4501.8,3683.4,4440.0,3288.1,4026.3,17,1,4026.0,43,6,4025.9,41,4,4025.7,28,2,4025.6,59,3,4027.3,35,3,4027.4,19,1,4027.5,12,3,4027.6,12,3,4027.7,35,3
11483,2026-07-02 12:05:30+05:30,4025.7,12,4041.8,1049622,146056.0,158669.0,4100.0,4110.0,4012.0,4092.6,24484075,4501.8,3683.4,4440.0,3288.1,4026.3,17,1,4026.0,43,6,4025.9,41,4,4025.7,28,2,4025.6,59,3,4027.3,35,3,4027.4,19,1,4027.5,12,3,4027.6,12,3,4027.7,35,3
11483,2026-07-02 12:05:30+05:30,4025.7,12,4041.8,1049727,145807.0,158747.0,4100.0,4110.0,4012.0,4092.6,24484075,4501.8,3683.4,4440.0,3288.1,4025.8,40,4,4025.7,75,6,4025.6,59,3,4025.5,17,2,4025.4,6,1,4027.4,19,1,4027.5,21,4,4027.6,12,3,4027.7,17,2,4027.8,54,6
11483,2026-07-02 12:05:31+05:30,4026.0,4,4041.8,1049727,145807.0,158747.0,4100.0,4110.0,4012.0,4092.6,24484075,4501.8,3683.4,4440.0,3288.1,4025.8,40,4,4025.7,75,6,4025.6,59,3,4025.5,17,2,4025.4,6,1,4027.4,19,1,4027.5,21,4,4027.6,12,3,4027.7,17,2,4027.8,54,6
11483,2026-07-02 12:05:31+05:30,4026.0,4,4041.8,1049769,145962.0,158924.0,4100.0,4110.0,4012.0,4092.6,24484075,4501.8,3683.4,4440.0,3288.1,4026.1,22,1,4026.0,78,6,4025.9,46,3,4025.8,28,4,4025.7,48,5,4027.6,9,2,4027.7,17,2,4027.8,49,5,4027.9,68,6,4028.0,58,2
11483,2026-07-02 12:05:32+05:30,4027.3,10,4041.8,1049769,145962.0,158924.0,4100.0,4110.0,4012.0,4092.6,24484075,4501.8,3683.4,4440.0,3288.1,4026.1,22,1,4026.0,78,6,4025.9,46,3,4025.8,28,4,4025.7,48,5,4027.6,9,2,4027.7,17,2,4027.8,49,5,4027.9,68,6,4028.0,58,2
11483,2026-07-02 12:05:32+05:30,4027.3,10,4041.8,1049784,146116.0,158820.0,4100.0,4110.0,4012.0,4092.6,24484075,4501.8,3683.4,4440.0,3288.1,4026.8,1,1,4026.0,74,5,4025.9,13,1,4025.8,50,5,4025.7,25,3,4027.3,18,2,4027.4,22,2,4027.5,22,2,4027.6,50,4,4027.7,17,2
11483,2026-07-02 12:05:33+05:30,4027.3,1,4041.8,1049790,145744.0,158804.0,4100.0,4110.0,4012.0,4092.6,24484075,4501.8,3683.4,4440.0,3288.1,4026.8,1,1,4026.2,13,1,4026.0,74,5,4025.9,13,1,4025.8,28,4,4027.3,24,4,4027.4,28,2,4027.5,33,3,4027.6,64,6,4027.7,17,2
11483,2026-07-02 12:05:33+05:30,4026.8,1,4041.8,1049790,145744.0,158804.0,4100.0,4110.0,4012.0,4092.6,24484075,4501.8,3683.4,4440.0,3288.1,4026.8,1,1,4026.2,13,1,4026.0,74,5,4025.9,13,1,4025.8,28,4,4027.3,24,4,4027.4,28,2,4027.5,33,3,4027.6,64,6,4027.7,17,2
11483,2026-07-02 12:05:34+05:30,4026.8,1,4041.8,1049791,145688.0,159423.0,4100.0,4110.0,4012.0,4092.6,24484075,4501.8,3683.4,4440.0,3288.1,4026.0,69,4,4025.8,25,3,4025.7,49,4,4025.6,29,2,4025.5,15,1,4026.3,1,1,4027.1,14,2,4027.2,3,1,4027.3,35,4,4027.4,28,2
11483,2026-07-02 12:05:35+05:30,4026.8,1,4041.8,1049791,145503.0,159292.0,4100.0,4110.0,4012.0,4092.6,24484075,4501.8,3683.4,4440.0,3288.1,4026.1,2,1,4026.0,45,2,4025.8,15,1,4025.7,26,2,4025.6,29,2,4026.3,1,1,4027.1,14,2,4027.2,3,1,4027.3,35,4,4027.4,28,2
11483,2026-07-02 12:05:36+05:30,4026.3,2,4041.8,1049791,145503.0,159292.0,4100.0,4110.0,4012.0,4092.6,24484075,4501.8,3683.4,4440.0,3288.1,4026.1,2,1,4026.0,45,2,4025.8,15,1,4025.7,26,2,4025.6,29,2,4026.3,1,1,4027.1,14,2,4027.2,3,1,4027.3,35,4,4027.4,28,2
11483,2026-07-02 12:05:36+05:30,4026.3,2,4041.8,1049793,145333.0,158922.0,4100.0,4110.0,4012.0,4092.6,24484075,4501.8,3683.4,4440.0,3288.1,4026.1,2,1,4026.0,69,5,4025.9,17,2,4025.8,37,2,4025.7,2,1,4027.4,17,3,4027.5,22,2,4027.6,50,4,4027.7,46,4,4027.8,47,5
11483,2026-07-02 12:05:37+05:30,4027.4,1,4041.8,1049793,145333.0,158922.0,4100.0,4110.0,4012.0,4092.6,24484075,4501.8,3683.4,4440.0,3288.1,4026.1,2,1,4026.0,69,5,4025.9,17,2,4025.8,37,2,4025.7,2,1,4027.4,17,3,4027.5,22,2,4027.6,50,4,4027.7,46,4,4027.8,47,5
11483,2026-07-02 12:05:37+05:30,4027.4,1,4041.8,1049794,145520.0,158970.0,4100.0,4110.0,4012.0,4092.6,24484075,4501.8,3683.4,4440.0,3288.1,4026.1,2,1,4026.0,69,5,4025.9,13,1,4025.8,15,1,4025.7,2,1,4027.3,24,4,4027.4,9,2,4027.5,33,3,4027.6,53,5,4027.7,43,4
11483,2026-07-02 12:05:38+05:30,4026.0,1,4041.8,1049794,145520.0,158970.0,4100.0,4110.0,4012.0,4092.6,24484075,4501.8,3683.4,4440.0,3288.1,4026.1,2,1,4026.0,69,5,4025.9,13,1,4025.8,15,1,4025.7,2,1,4027.3,24,4,4027.4,9,2,4027.5,33,3,4027.6,53,5,4027.7,43,4
11483,2026-07-02 12:05:38+05:30,4026.0,1,4041.8,1050076,145527.0,159110.0,4100.0,4110.0,4012.0,4092.6,24484075,4501.8,3683.4,4440.0,3288.1,4026.0,23,3,4025.9,20,3,4025.8,21,2,4025.7,16,2,4025.6,22,2,4027.2,6,1,4027.3,43,4,4027.4,19,3,4027.5,3,1,4027.6,69,5
11483,2026-07-02 12:05:39+05:30,4027.3,1,4041.8,1050076,145527.0,159110.0,4100.0,4110.0,4012.0,4092.6,24484075,4501.8,3683.4,4440.0,3288.1,4026.0,23,3,4025.9,20,3,4025.8,21,2,4025.7,16,2,4025.6,22,2,4027.2,6,1,4027.3,43,4,4027.4,19,3,4027.5,3,1,4027.6,69,5
11483,2026-07-02 12:05:39+05:30,4026.0,3,4041.8,1050134,145679.0,159073.0,4100.0,4110.0,4012.0,4092.6,24484075,4501.8,3683.4,4440.0,3288.1,4026.0,44,5,4025.9,35,5,4025.8,36,4,4025.7,32,3,4025.6,34,3,4027.4,9,2,4027.5,12,2,4027.6,24,2,4027.7,18,3,4027.8,36,5
11483,2026-07-02 12:05:40+05:30,4027.3,1,4041.8,1050134,145679.0,159073.0,4100.0,4110.0,4012.0,4092.6,24484075,4501.8,3683.4,4440.0,3288.1,4026.0,44,5,4025.9,35,5,4025.8,36,4,4025.7,32,3,4025.6,34,3,4027.4,9,2,4027.5,12,2,4027.6,24,2,4027.7,18,3,4027.8,36,5
11483,2026-07-02 12:05:40+05:30,4027.3,1,4041.8,1050142,146031.0,159060.0,4100.0,4110.0,4012.0,4092.6,24484075,4501.8,3683.4,4440.0,3288.1,4026.3,1,1,4026.0,37,5,4025.9,46,5,4025.8,36,4,4025.7,16,2,4027.4,13,2,4027.5,3,1,4027.6,48,3,4027.7,7,2,4027.8,36,5
11483,2026-07-02 12:05:41+05:30,4027.3,4,4041.8,1050142,146031.0,159060.0,4100.0,4110.0,4012.0,4092.6,24484075,4501.8,3683.4,4440.0,3288.1,4026.3,1,1,4026.0,37,5,4025.9,46,5,4025.8,36,4,4025.7,16,2,4027.4,13,2,4027.5,3,1,4027.6,48,3,4027.7,7,2,4027.8,36,5
11483,2026-07-02 12:05:41+05:30,4027.3,4,4041.8,1050147,146247.0,158994.0,4100.0,4110.0,4012.0,4092.6,24484075,4501.8,3683.4,4440.0,3288.1,4026.1,12,1,4026.0,48,6,4025.9,83,7,4025.8,22,3,4025.7,16,2,4027.4,7,1,4027.6,21,1,4027.7,4,1,4027.8,33,4,4027.9,54,5
11483,2026-07-02 12:05:42+05:30,4026.1,1,4041.8,1050147,146247.0,158994.0,4100.0,4110.0,4012.0,4092.6,24484075,4501.8,3683.4,4440.0,3288.1,4026.1,12,1,4026.0,48,6,4025.9,83,7,4025.8,22,3,4025.7,16,2,4027.4,7,1,4027.6,21,1,4027.7,4,1,4027.8,33,4,4027.9,54,5
11483,2026-07-02 12:05:42+05:30,4026.1,1,4041.8,1050148,146056.0,158853.0,4100.0,4110.0,4012.0,4092.6,24484075,4501.8,3683.4,4440.0,3288.1,4026.7,1,1,4026.2,12,1,4026.1,11,1,4026.0,37,5,4025.9,64,6,4027.4,3,1,4027.5,15,4,4027.8,50,5,4027.9,54,5,4028.0,274,5
11483,2026-07-02 12:05:43+05:30,4026.1,1,4041.8,1050148,146056.0,158913.0,4100.0,4110.0,4012.0,4092.6,24484075,4501.8,3683.4,4440.0,3288.1,4026.7,1,1,4026.2,12,1,4026.1,11,1,4026.0,37,5,4025.9,64,6,4027.4,3,1,4027.5,15,4,4027.8,50,5,4027.9,54,5,4028.0,274,5
11483,2026-07-02 12:05:44+05:30,4026.7,2,4041.8,1050148,146056.0,158913.0,4100.0,4110.0,4012.0,4092.6,24484075,4501.8,3683.4,4440.0,3288.1,4026.7,1,1,4026.2,12,1,4026.1,11,1,4026.0,37,5,4025.9,64,6,4027.4,3,1,4027.5,15,4,4027.8,50,5,4027.9,54,5,4028.0,274,5
11483,2026-07-02 12:05:44+05:30,4026.7,2,4041.8,1050152,146558.0,158577.0,4100.0,4110.0,4012.0,4092.6,24484075,4501.8,3683.4,4440.0,3288.1,4026.7,25,4,4026.3,32,5,4026.2,93,4,4026.1,20,2,4026.0,86,7,4027.8,15,1,4027.9,12,1,4028.0,258,3,4028.2,14,1,4028.4,43,2
11483,2026-07-02 12:05:45+05:30,4026.7,2,4041.8,1050152,146551.0,158656.0,4100.0,4110.0,4012.0,4092.6,24484075,4501.8,3683.4,4440.0,3288.1,4026.7,14,3,4026.3,32,5,4026.2,71,3,4026.1,11,1,4026.0,86,7,4027.8,15,1,4027.9,12,1,4028.0,267,4,4028.2,14,1,4028.4,43,2
11483,2026-07-02 12:05:46+05:30,4027.9,38,4041.8,1050152,146551.0,158656.0,4100.0,4110.0,4012.0,4092.6,24484075,4501.8,3683.4,4440.0,3288.1,4026.7,14,3,4026.3,32,5,4026.2,71,3,4026.1,11,1,4026.0,86,7,4027.8,15,1,4027.9,12,1,4028.0,267,4,4028.2,14,1,4028.4,43,2
11483,2026-07-02 12:05:46+05:30,4027.9,38,4041.8,1050263,147096.0,157987.0,4100.0,4110.0,4012.0,4092.6,24484075,4501.8,3683.4,4440.0,3288.1,4027.9,40,1,4027.8,1,1,4027.3,4,1,4027.2,2,2,4026.8,12,1,4028.0,258,3,4028.1,9,1,4028.4,11,1,4028.7,39,3,4028.8,3,1
11483,2026-07-02 12:05:47+05:30,4027.9,5,4041.8,1050263,147096.0,157987.0,4100.0,4110.0,4012.0,4092.6,24484075,4501.8,3683.4,4440.0,3288.1,4027.9,40,1,4027.8,1,1,4027.3,4,1,4027.2,2,2,4026.8,12,1,4028.0,258,3,4028.1,9,1,4028.4,11,1,4028.7,39,3,4028.8,3,1
11483,2026-07-02 12:05:47+05:30,4027.9,5,4041.8,1050283,147155.0,157986.0,4100.0,4110.0,4012.0,4092.6,24484075,4501.8,3683.4,4440.0,3288.1,4027.9,21,1,4027.8,1,1,4027.3,4,1,4027.2,2,2,4026.8,12,1,4028.0,257,3,4028.1,9,1,4028.4,11,1,4028.7,39,3,4028.8,3,1
11483,2026-07-02 12:05:47+05:30,4027.9,5,4041.8,1050283,147155.0,157986.0,4100.0,4110.0,4012.0,4092.6,24484075,4501.8,3683.4,4440.0,3288.1,4027.9,21,1,4027.8,1,1,4027.3,4,1,4027.2,2,2,4026.8,12,1,4028.0,257,3,4028.1,9,1,4028.4,11,1,4028.7,39,3,4028.8,3,1
11483,2026-07-02 12:05:48+05:30,4027.9,5,4041.8,1050283,147155.0,157986.0,4100.0,4110.0,4012.0,4092.6,24484075,4501.8,3683.4,4440.0,3288.1,4027.9,21,1,4027.8,1,1,4027.3,4,1,4027.2,2,2,4026.8,12,1,4028.0,257,3,4028.1,9,1,4028.4,11,1,4028.7,39,3,4028.8,3,1
11483,2026-07-02 12:05:48+05:30,4028.0,1,4041.8,1050283,147155.0,157986.0,4100.0,4110.0,4012.0,4092.6,24484075,4501.8,3683.4,4440.0,3288.1,4027.9,21,1,4027.8,1,1,4027.3,4,1,4027.2,2,2,4026.8,12,1,4028.0,257,3,4028.1,9,1,4028.4,11,1,4028.7,39,3,4028.8,3,1
11483,2026-07-02 12:05:48+05:30,4028.0,1,4041.8,1050287,147143.0,158018.0,4100.0,4110.0,4012.0,4092.6,24484075,4501.8,3683.4,4440.0,3288.1,4027.9,18,1,4027.8,1,1,4027.3,4,1,4027.2,2,2,4026.8,12,1,4028.0,256,3,4028.1,9,1,4028.4,11,1,4028.6,3,1,4028.7,39,3
11483,2026-07-02 12:05:48+05:30,4028.0,1,4041.8,1050287,147143.0,158018.0,4100.0,4110.0,4012.0,4092.6,24484075,4501.8,3683.4,4440.0,3288.1,4027.9,18,1,4027.8,1,1,4027.3,4,1,4027.2,2,2,4026.8,12,1,4028.0,256,3,4028.1,9,1,4028.4,11,1,4028.6,3,1,4028.7,39,3
11483,2026-07-02 12:05:49+05:30,4028.0,1,4041.8,1050287,147143.0,158018.0,4100.0,4110.0,4012.0,4092.6,24484075,4501.8,3683.4,4440.0,3288.1,4027.9,18,1,4027.8,1,1,4027.3,4,1,4027.2,2,2,4026.8,12,1,4028.0,256,3,4028.1,9,1,4028.4,11,1,4028.6,3,1,4028.7,39,3
11483,2026-07-02 12:05:49+05:30,4028.0,1,4041.8,1050287,147143.0,158018.0,4100.0,4110.0,4012.0,4092.6,24484075,4501.8,3683.4,4440.0,3288.1,4027.9,18,1,4027.8,1,1,4027.3,4,1,4027.2,2,2,4026.8,12,1,4028.0,256,3,4028.1,9,1,4028.4,11,1,4028.6,3,1,4028.7,39,3
11483,2026-07-02 12:05:49+05:30,4028.0,1,4041.8,1050289,147117.0,158044.0,4100.0,4110.0,4012.0,4092.6,24484075,4501.8,3683.4,4440.0,3288.1,4027.9,17,1,4027.8,1,1,4027.3,4,1,4027.2,2,2,4026.8,12,1,4028.0,255,3,4028.1,9,1,4028.4,11,1,4028.6,3,1,4028.7,39,3
11483,2026-07-02 12:05:49+05:30,4028.0,1,4041.8,1050289,147117.0,158044.0,4100.0,4110.0,4012.0,4092.6,24484075,4501.8,3683.4,4440.0,3288.1,4027.9,17,1,4027.8,1,1,4027.3,4,1,4027.2,2,2,4026.8,12,1,4028.0,255,3,4028.1,9,1,4028.4,11,1,4028.6,3,1,4028.7,39,3
11483,2026-07-02 12:05:50+05:30,4028.0,1,4041.8,1050289,147117.0,158044.0,4100.0,4110.0,4012.0,4092.6,24484075,4501.8,3683.4,4440.0,3288.1,4027.9,17,1,4027.8,1,1,4027.3,4,1,4027.2,2,2,4026.8,12,1,4028.0,255,3,4028.1,9,1,4028.4,11,1,4028.6,3,1,4028.7,39,3
11483,2026-07-02 12:05:50+05:30,4028.0,1,4041.8,1050289,147145.0,158065.0,4100.0,4110.0,4012.0,4092.6,24484075,4501.8,3683.4,4440.0,3288.1,4027.9,17,1,4027.8,1,1,4027.3,4,1,4027.2,2,2,4026.8,12,1,4028.0,255,3,4028.3,9,1,4028.7,39,3,4028.8,3,1,4028.9,99,3
11483,2026-07-02 12:05:50+05:30,4028.0,1,4041.8,1050289,147145.0,158065.0,4100.0,4110.0,4012.0,4092.6,24484075,4501.8,3683.4,4440.0,3288.1,4027.9,17,1,4027.8,1,1,4027.3,4,1,4027.2,2,2,4026.8,12,1,4028.0,255,3,4028.3,9,1,4028.7,39,3,4028.8,3,1,4028.9,99,3
11483,2026-07-02 12:05:51+05:30,4028.0,1,4041.8,1050289,147145.0,158065.0,4100.0,4110.0,4012.0,4092.6,24484075,4501.8,3683.4,4440.0,3288.1,4027.9,17,1,4027.8,1,1,4027.3,4,1,4027.2,2,2,4026.8,12,1,4028.0,255,3,4028.3,9,1,4028.7,39,3,4028.8,3,1,4028.9,99,3
11483,2026-07-02 12:05:51+05:30,4027.9,1,4041.8,1050289,147145.0,158065.0,4100.0,4110.0,4012.0,4092.6,24484075,4501.8,3683.4,4440.0,3288.1,4027.9,17,1,4027.8,1,1,4027.3,4,1,4027.2,2,2,4026.8,12,1,4028.0,255,3,4028.3,9,1,4028.7,39,3,4028.8,3,1,4028.9,99,3
11483,2026-07-02 12:05:51+05:30,4027.9,1,4041.8,1050297,147138.0,158088.0,4100.0,4110.0,4012.0,4092.6,24484075,4501.8,3683.4,4440.0,3288.1,4027.9,16,1,4027.2,2,2,4026.9,4,1,4026.8,13,2,4026.7,3,1,4028.0,248,2,4028.3,9,1,4028.7,39,3,4028.9,102,4,4029.0,36,4
11483,2026-07-02 12:05:51+05:30,4027.9,1,4041.8,1050297,147138.0,158088.0,4100.0,4110.0,4012.0,4092.6,24484075,4501.8,3683.4,4440.0,3288.1,4027.9,16,1,4027.2,2,2,4026.9,4,1,4026.8,13,2,4026.7,3,1,4028.0,248,2,4028.3,9,1,4028.7,39,3,4028.9,102,4,4029.0,36,4
11483,2026-07-02 12:05:51+05:30,4027.9,1,4041.8,1050297,147138.0,158088.0,4100.0,4110.0,4012.0,4092.6,24500175,4501.8,3683.4,4440.0,3288.1,4027.9,16,1,4027.2,2,2,4026.9,4,1,4026.8,13,2,4026.7,3,1,4028.0,248,2,4028.3,9,1,4028.7,39,3,4028.9,102,4,4029.0,36,4
11483,2026-07-02 12:05:52+05:30,4027.9,1,4041.8,1050297,147138.0,158088.0,4100.0,4110.0,4012.0,4092.6,24500175,4501.8,3683.4,4440.0,3288.1,4027.9,16,1,4027.2,2,2,4026.9,4,1,4026.8,13,2,4026.7,3,1,4028.0,248,2,4028.3,9,1,4028.7,39,3,4028.9,102,4,4029.0,36,4
11483,2026-07-02 12:05:52+05:30,4028.0,1,4041.8,1050297,147138.0,158088.0,4100.0,4110.0,4012.0,4092.6,24500175,4501.8,3683.4,4440.0,3288.1,4027.9,16,1,4027.2,2,2,4026.9,4,1,4026.8,13,2,4026.7,3,1,4028.0,248,2,4028.3,9,1,4028.7,39,3,4028.9,102,4,4029.0,36,4
11483,2026-07-02 12:05:52+05:30,4028.0,1,4041.8,1050297,147138.0,158088.0,4100.0,4110.0,4012.0,4092.6,24500175,4501.8,3683.4,4440.0,3288.1,4027.9,16,1,4027.2,2,2,4026.9,4,1,4026.8,13,2,4026.7,3,1,4028.0,248,2,4028.3,9,1,4028.7,39,3,4028.9,102,4,4029.0,36,4
11483,2026-07-02 12:05:52+05:30,4028.0,1,4041.79,1050300,147165.0,158366.0,4100.0,4110.0,4012.0,4092.6,24500175,4501.8,3683.4,4440.0,3288.1,4027.9,15,2,4027.2,2,2,4026.9,4,1,4026.8,13,2,4026.7,3,1,4028.0,247,2,4028.3,9,1,4028.7,39,3,4028.8,3,1,4028.9,99,3
11483,2026-07-02 12:05:52+05:30,4028.0,1,4041.79,1050300,147165.0,158366.0,4100.0,4110.0,4012.0,4092.6,24500175,4501.8,3683.4,4440.0,3288.1,4027.9,15,2,4027.2,2,2,4026.9,4,1,4026.8,13,2,4026.7,3,1,4028.0,247,2,4028.3,9,1,4028.7,39,3,4028.8,3,1,4028.9,99,3
11483,2026-07-02 12:05:53+05:30,4028.0,1,4041.79,1050300,147165.0,158366.0,4100.0,4110.0,4012.0,4092.6,24500175,4501.8,3683.4,4440.0,3288.1,4027.9,15,2,4027.2,2,2,4026.9,4,1,4026.8,13,2,4026.7,3,1,4028.0,247,2,4028.3,9,1,4028.7,39,3,4028.8,3,1,4028.9,99,3
11483,2026-07-02 12:05:53+05:30,4027.9,35,4041.79,1050300,147165.0,158366.0,4100.0,4110.0,4012.0,4092.6,24500175,4501.8,3683.4,4440.0,3288.1,4027.9,15,2,4027.2,2,2,4026.9,4,1,4026.8,13,2,4026.7,3,1,4028.0,247,2,4028.3,9,1,4028.7,39,3,4028.8,3,1,4028.9,99,3
11483,2026-07-02 12:05:53+05:30,4027.9,35,4041.79,1050350,147238.0,158543.0,4100.0,4110.0,4012.0,4092.6,24500175,4501.8,3683.4,4440.0,3288.1,4027.9,6,2,4027.2,2,2,4026.8,13,2,4026.7,3,1,4026.6,10,1,4028.0,256,3,4028.4,9,1,4028.6,41,2,4028.7,39,3,4028.8,3,1
11483,2026-07-02 12:05:53+05:30,4027.9,35,4041.79,1050350,147238.0,158543.0,4100.0,4110.0,4012.0,4092.6,24500175,4501.8,3683.4,4440.0,3288.1,4027.9,6,2,4027.2,2,2,4026.8,13,2,4026.7,3,1,4026.6,10,1,4028.0,256,3,4028.4,9,1,4028.6,41,2,4028.7,39,3,4028.8,3,1
11483,2026-07-02 12:05:54+05:30,4027.9,12,4041.79,1050350,147238.0,158543.0,4100.0,4110.0,4012.0,4092.6,24500175,4501.8,3683.4,4440.0,3288.1,4027.9,6,2,4027.2,2,2,4026.8,13,2,4026.7,3,1,4026.6,10,1,4028.0,256,3,4028.4,9,1,4028.6,41,2,4028.7,39,3,4028.8,3,1
11483,2026-07-02 12:05:54+05:30,4027.9,12,4041.79,1050369,147293.0,158555.0,4100.0,4110.0,4012.0,4092.6,24500175,4501.8,3683.4,4440.0,3288.1,4027.9,29,2,4027.2,2,2,4026.8,18,3,4026.7,3,1,4026.5,66,4,4028.0,256,3,4028.1,9,1,4028.4,9,1,4028.6,41,2,4028.7,39,3
11483,2026-07-02 12:05:55+05:30,4027.9,2,4041.79,1050369,147293.0,158555.0,4100.0,4110.0,4012.0,4092.6,24500175,4501.8,3683.4,4440.0,3288.1,4027.9,29,2,4027.2,2,2,4026.8,18,3,4026.7,3,1,4026.5,66,4,4028.0,256,3,4028.1,9,1,4028.4,9,1,4028.6,41,2,4028.7,39,3
11483,2026-07-02 12:05:55+05:30,4027.9,14,4041.79,1050388,147623.0,158530.0,4100.0,4110.0,4012.0,4092.6,24500175,4501.8,3683.4,4440.0,3288.1,4027.9,13,2,4027.2,2,2,4026.8,13,2,4026.7,3,1,4026.5,61,3,4028.0,262,5,4028.3,6,1,4028.4,9,1,4028.6,41,2,4028.7,39,3
11483,2026-07-02 12:05:56+05:30,4028.0,3,4041.79,1050388,147623.0,158530.0,4100.0,4110.0,4012.0,4092.6,24500175,4501.8,3683.4,4440.0,3288.1,4027.9,13,2,4027.2,2,2,4026.8,13,2,4026.7,3,1,4026.5,61,3,4028.0,262,5,4028.3,6,1,4028.4,9,1,4028.6,41,2,4028.7,39,3
11483,2026-07-02 12:05:56+05:30,4028.0,3,4041.79,1050396,147664.0,158526.0,4100.0,4110.0,4012.0,4092.6,24500175,4501.8,3683.4,4440.0,3288.1,4027.9,10,2,4026.8,13,2,4026.7,20,2,4026.5,61,3,4026.3,20,2,4028.0,257,5,4028.3,6,1,4028.4,9,1,4028.6,41,2,4028.7,39,3
11483,2026-07-02 12:05:57+05:30,4027.9,1,4041.79,1050396,147664.0,158526.0,4100.0,4110.0,4012.0,4092.6,24500175,4501.8,3683.4,4440.0,3288.1,4027.9,10,2,4026.8,13,2,4026.7,20,2,4026.5,61,3,4026.3,20,2,4028.0,257,5,4028.3,6,1,4028.4,9,1,4028.6,41,2,4028.7,39,3
11483,2026-07-02 12:05:57+05:30,4027.9,1,4041.79,1050401,147705.0,158526.0,4100.0,4110.0,4012.0,4092.6,24500175,4501.8,3683.4,4440.0,3288.1,4027.9,7,1,4026.8,13,2,4026.7,20,2,4026.5,61,3,4026.3,20,2,4028.0,254,5,4028.3,6,1,4028.4,9,1,4028.6,44,3,4028.7,39,3
11483,2026-07-02 12:05:58+05:30,4027.9,12,4041.79,1050401,147705.0,158526.0,4100.0,4110.0,4012.0,4092.6,24500175,4501.8,3683.4,4440.0,3288.1,4027.9,7,1,4026.8,13,2,4026.7,20,2,4026.5,61,3,4026.3,20,2,4028.0,254,5,4028.3,6,1,4028.4,9,1,4028.6,44,3,4028.7,39,3
11483,2026-07-02 12:05:58+05:30,4027.9,1,4041.79,1050508,146718.0,158156.0,4100.0,4110.0,4012.0,4092.6,24500175,4501.8,3683.4,4440.0,3288.1,4027.9,27,1,4026.8,12,1,4026.6,4,1,4026.5,23,2,4026.3,1,1,4028.0,255,5,4028.1,13,1,4028.3,22,2,4028.4,9,1,4028.5,9,1
11483,2026-07-02 12:05:59+05:30,4027.9,1,4041.79,1050508,146718.0,158156.0,4100.0,4110.0,4012.0,4092.6,24500175,4501.8,3683.4,4440.0,3288.1,4027.9,27,1,4026.8,12,1,4026.6,4,1,4026.5,23,2,4026.3,1,1,4028.0,255,5,4028.1,13,1,4028.3,22,2,4028.4,9,1,4028.5,9,1
11483,2026-07-02 12:05:59+05:30,4027.9,1,4041.79,1050585,147239.0,159023.0,4100.0,4110.0,4012.0,4092.6,24500175,4501.8,3683.4,4440.0,3288.1,4026.9,3,1,4026.8,19,3,4026.7,37,4,4026.6,6,1,4026.5,19,3,4027.9,15,2,4028.0,238,3,4028.4,9,1,4028.6,35,2,4028.7,56,4
11483,2026-07-02 12:06:00+05:30,4026.1,11,4041.79,1050585,147239.0,159023.0,4100.0,4110.0,4012.0,4092.6,24500175,4501.8,3683.4,4440.0,3288.1,4026.9,3,1,4026.8,19,3,4026.7,37,4,4026.6,6,1,4026.5,19,3,4027.9,15,2,4028.0,238,3,4028.4,9,1,4028.6,35,2,4028.7,56,4
11483,2026-07-02 12:06:00+05:30,4026.1,11,4041.79,1050638,146518.0,159412.0,4100.0,4110.0,4012.0,4092.6,24500175,4501.8,3683.4,4440.0,3288.1,4026.1,38,4,4026.0,43,6,4025.9,17,2,4025.8,22,3,4025.7,35,4,4026.9,2,2,4027.9,16,3,4028.0,276,5,4028.3,33,2,4028.4,22,2
11483,2026-07-02 12:06:01+05:30,4026.1,7,4041.79,1050638,146518.0,159412.0,4100.0,4110.0,4012.0,4092.6,24500175,4501.8,3683.4,4440.0,3288.1,4026.1,38,4,4026.0,43,6,4025.9,17,2,4025.8,22,3,4025.7,35,4,4026.9,2,2,4027.9,16,3,4028.0,276,5,4028.3,33,2,4028.4,22,2
11483,2026-07-02 12:06:01+05:30,4026.1,7,4041.79,1050645,146539.0,159395.0,4100.0,4110.0,4012.0,4092.6,24500175,4501.8,3683.4,4440.0,3288.1,4026.6,11,3,4026.3,19,2,4026.2,6,1,4026.1,6,1,4026.0,67,8,4026.9,3,3,4027.9,31,4,4028.0,268,4,4028.1,15,1,4028.2,3,1
11483,2026-07-02 12:06:02+05:30,4026.1,7,4041.79,1050645,146614.0,159350.0,4100.0,4110.0,4012.0,4092.6,24500175,4501.8,3683.4,4440.0,3288.1,4026.7,1,1,4026.6,15,4,4026.3,19,2,4026.2,6,1,4026.1,23,3,4026.9,3,3,4027.9,31,4,4028.0,268,4,4028.1,15,1,4028.2,3,1
11483,2026-07-02 12:06:03+05:30,4026.9,1,4041.79,1050647,146703.0,159385.0,4100.0,4110.0,4012.0,4092.6,24500175,4501.8,3683.4,4440.0,3288.1,4026.7,1,1,4026.6,15,4,4026.4,8,1,4026.3,19,2,4026.2,6,1,4026.9,3,3,4027.9,31,4,4028.0,268,4,4028.1,15,1,4028.2,3,1
11483,2026-07-02 12:06:03+05:30,4026.7,1,4041.79,1050647,146703.0,159385.0,4100.0,4110.0,4012.0,4092.6,24500175,4501.8,3683.4,4440.0,3288.1,4026.7,1,1,4026.6,15,4,4026.4,8,1,4026.3,19,2,4026.2,6,1,4026.9,3,3,4027.9,31,4,4028.0,268,4,4028.1,15,1,4028.2,3,1
11483,2026-07-02 12:06:04+05:30,4026.8,1,4041.79,1050654,146666.0,159379.0,4100.0,4110.0,4012.0,4092.6,24500175,4501.8,3683.4,4440.0,3288.1,4026.8,1,1,4026.7,1,1,4026.6,15,4,4026.4,8,1,4026.3,19,2,4026.9,2,2,4027.9,31,4,4028.0,238,3,4028.1,15,1,4028.2,3,1
11483,2026-07-02 12:06:04+05:30,4026.8,1,4041.79,1050654,146666.0,159379.0,4100.0,4110.0,4012.0,4092.6,24500175,4501.8,3683.4,4440.0,3288.1,4026.8,1,1,4026.7,1,1,4026.6,15,4,4026.4,8,1,4026.3,19,2,4026.9,2,2,4027.9,31,4,4028.0,238,3,4028.1,15,1,4028.2,3,1
11483,2026-07-02 12:06:05+05:30,4026.8,4,4041.79,1050660,146677.0,159315.0,4100.0,4110.0,4012.0,4092.6,24500175,4501.8,3683.4,4440.0,3288.1,4026.8,2,1,4026.7,1,1,4026.6,15,4,4026.4,8,1,4026.3,19,2,4026.9,2,2,4027.9,30,3,4028.0,238,3,4028.1,15,1,4028.2,3,1
11483,2026-07-02 12:06:05+05:30,4026.8,1,4041.79,1050660,146677.0,159315.0,4100.0,4110.0,4012.0,4092.6,24500175,4501.8,3683.4,4440.0,3288.1,4026.8,2,1,4026.7,1,1,4026.6,15,4,4026.4,8,1,4026.3,19,2,4026.9,2,2,4027.9,30,3,4028.0,238,3,4028.1,15,1,4028.2,3,1
11483,2026-07-02 12:06:06+05:30,4027.9,3,4041.79,1050669,146894.0,159362.0,4100.0,4110.0,4012.0,4092.6,24500175,4501.8,3683.4,4440.0,3288.1,4026.9,1,1,4026.8,1,1,4026.7,1,1,4026.6,11,3,4026.5,7,1,4027.9,27,3,4028.0,238,3,4028.1,15,1,4028.2,8,1,4028.5,12,1
11483,2026-07-02 12:06:06+05:30,4027.9,3,4041.79,1050669,146894.0,159362.0,4100.0,4110.0,4012.0,4092.6,24500175,4501.8,3683.4,4440.0,3288.1,4026.9,1,1,4026.8,1,1,4026.7,1,1,4026.6,11,3,4026.5,7,1,4027.9,27,3,4028.0,238,3,4028.1,15,1,4028.2,8,1,4028.5,12,1
11483,2026-07-02 12:06:07+05:30,4027.9,10,4041.79,1050681,146323.0,159425.0,4100.0,4110.0,4012.0,4092.6,24500175,4501.8,3683.4,4440.0,3288.1,4026.9,1,1,4026.6,11,3,4026.3,11,1,4026.2,18,2,4026.1,14,2,4027.9,39,4,4028.0,238,3,4028.1,30,3,4028.2,32,2,4028.4,32,2
11483,2026-07-02 12:06:07+05:30,4026.9,2,4041.79,1050681,146323.0,159425.0,4100.0,4110.0,4012.0,4092.6,24500175,4501.8,3683.4,4440.0,3288.1,4026.9,1,1,4026.6,11,3,4026.3,11,1,4026.2,18,2,4026.1,14,2,4027.9,39,4,4028.0,238,3,4028.1,30,3,4028.2,32,2,4028.4,32,2
11483,2026-07-02 12:06:08+05:30,4027.9,15,4041.79,1050752,147090.0,159199.0,4100.0,4110.0,4012.0,4092.6,24500175,4501.8,3683.4,4440.0,3288.1,4026.9,64,1,4026.8,66,1,4026.7,61,1,4026.6,11,3,4026.5,16,1,4027.9,26,2,4028.0,238,3,4028.1,15,1,4028.4,8,1,4028.6,38,3
11483,2026-07-02 12:06:08+05:30,4026.9,8,4041.79,1050752,147090.0,159199.0,4100.0,4110.0,4012.0,4092.6,24500175,4501.8,3683.4,4440.0,3288.1,4026.9,64,1,4026.8,66,1,4026.7,61,1,4026.6,11,3,4026.5,16,1,4027.9,26,2,4028.0,238,3,4028.1,15,1,4028.4,8,1,4028.6,38,3
11483,2026-07-02 12:06:09+05:30,4027.9,3,4041.79,1050765,147106.0,159280.0,4100.0,4110.0,4012.0,4092.6,24500175,4501.8,3683.4,4440.0,3288.1,4026.9,56,1,4026.8,66,1,4026.7,61,1,4026.6,11,3,4026.5,16,1,4027.9,21,2,4028.0,246,4,4028.1,15,1,4028.4,8,1,4028.6,38,3
11483,2026-07-02 12:06:09+05:30,4027.9,3,4041.79,1050765,147106.0,159280.0,4100.0,4110.0,4012.0,4092.6,24500175,4501.8,3683.4,4440.0,3288.1,4026.9,56,1,4026.8,66,1,4026.7,61,1,4026.6,11,3,4026.5,16,1,4027.9,21,2,4028.0,246,4,4028.1,15,1,4028.4,8,1,4028.6,38,3
11483,2026-07-02 12:06:10+05:30,4028.0,22,4041.79,1050845,146892.0,159197.0,4100.0,4110.0,4012.0,4092.6,24500175,4501.8,3683.4,4440.0,3288.1,4027.0,1,1,4026.9,54,1,4026.8,66,1,4026.7,61,1,4026.6,25,4,4028.0,224,4,4028.1,15,1,4028.4,8,1,4028.6,35,2,4028.7,52,4
11483,2026-07-02 12:06:10+05:30,4027.0,9,4041.79,1050845,146892.0,159197.0,4100.0,4110.0,4012.0,4092.6,24500175,4501.8,3683.4,4440.0,3288.1,4027.0,1,1,4026.9,54,1,4026.8,66,1,4026.7,61,1,4026.6,25,4,4028.0,224,4,4028.1,15,1,4028.4,8,1,4028.6,35,2,4028.7,52,4
11483,2026-07-02 12:06:11+05:30,4027.0,1,4041.79,1050902,146877.0,159067.0,4100.0,4110.0,4012.0,4092.6,24500175,4501.8,3683.4,4440.0,3288.1,4027.0,61,1,4026.8,54,1,4026.7,66,1,4026.6,9,1,4026.3,41,2,4028.0,177,3,4028.1,15,1,4028.4,8,1,4028.6,53,4,4028.7,62,4
11483,2026-07-02 12:06:11+05:30,4027.0,7,4041.79,1050902,146877.0,159067.0,4100.0,4110.0,4012.0,4092.6,24500175,4501.8,3683.4,4440.0,3288.1,4027.0,61,1,4026.8,54,1,4026.7,66,1,4026.6,9,1,4026.3,41,2,4028.0,177,3,4028.1,15,1,4028.4,8,1,4028.6,53,4,4028.7,62,4
11483,2026-07-02 12:06:12+05:30,4027.0,7,4041.79,1050909,146849.0,159021.0,4100.0,4110.0,4012.0,4092.6,24500175,4501.8,3683.4,4440.0,3288.1,4027.4,1,1,4027.0,54,1,4026.8,54,1,4026.7,66,1,4026.6,9,1,4027.9,5,1,4028.0,169,2,4028.1,15,1,4028.4,8,1,4028.6,35,2
11483,2026-07-02 12:06:13+05:30,4027.4,1,4041.79,1050910,146997.0,159010.0,4100.0,4110.0,4012.0,4092.6,24500175,4501.8,3683.4,4440.0,3288.1,4027.4,67,2,4027.3,54,1,4027.2,54,1,4026.6,9,1,4026.5,3,1,4027.9,5,1,4028.0,169,2,4028.1,15,1,4028.6,35,2,4028.7,24,2
11483,2026-07-02 12:06:13+05:30,4027.4,1,4041.79,1050910,146997.0,159010.0,4100.0,4110.0,4012.0,4092.6,24500175,4501.8,3683.4,4440.0,3288.1,4027.4,67,2,4027.3,54,1,4027.2,54,1,4026.6,9,1,4026.5,3,1,4027.9,5,1,4028.0,169,2,4028.1,15,1,4028.6,35,2,4028.7,24,2
11483,2026-07-02 12:06:14+05:30,4027.4,3,4041.79,1050971,146946.0,158841.0,4100.0,4110.0,4012.0,4092.6,24500175,4501.8,3683.4,4440.0,3288.1,4027.4,64,2,4027.3,54,1,4027.2,54,1,4026.6,39,2,4026.5,15,2,4028.0,117,2,4028.1,15,1,4028.6,5,1,4028.7,24,2,4028.9,72,4
11483,2026-07-02 12:06:14+05:30,4027.4,3,4041.79,1050971,146946.0,158841.0,4100.0,4110.0,4012.0,4092.6,24500175,4501.8,3683.4,4440.0,3288.1,4027.4,64,2,4027.3,54,1,4027.2,54,1,4026.6,39,2,4026.5,15,2,4028.0,117,2,4028.1,15,1,4028.6,5,1,4028.7,24,2,4028.9,72,4
11483,2026-07-02 12:06:15+05:30,4028.0,1,4041.79,1050980,147202.0,159047.0,4100.0,4110.0,4012.0,4092.6,24500175,4501.8,3683.4,4440.0,3288.1,4027.4,56,2,4027.3,54,1,4027.2,54,1,4026.6,39,2,4026.5,15,2,4028.0,116,2,4028.1,15,1,4028.6,5,1,4028.7,24,2,4028.9,72,4
11483,2026-07-02 12:06:15+05:30,4028.0,1,4041.79,1050980,147202.0,159047.0,4100.0,4110.0,4012.0,4092.6,24500175,4501.8,3683.4,4440.0,3288.1,4027.4,56,2,4027.3,54,1,4027.2,54,1,4026.6,39,2,4026.5,15,2,4028.0,116,2,4028.1,15,1,4028.6,5,1,4028.7,24,2,4028.9,72,4
11483,2026-07-02 12:06:16+05:30,4028.0,3,4041.79,1051011,147214.0,159018.0,4100.0,4110.0,4012.0,4092.6,24500175,4501.8,3683.4,4440.0,3288.1,4027.4,55,2,4027.3,54,1,4027.2,54,1,4026.6,39,2,4026.5,15,2,4028.0,86,2,4028.1,15,1,4028.6,5,1,4028.7,24,2,4028.9,71,3
11483,2026-07-02 12:06:16+05:30,4028.0,3,4041.79,1051011,147214.0,159018.0,4100.0,4110.0,4012.0,4092.6,24500175,4501.8,3683.4,4440.0,3288.1,4027.4,55,2,4027.3,54,1,4027.2,54,1,4026.6,39,2,4026.5,15,2,4028.0,86,2,4028.1,15,1,4028.6,5,1,4028.7,24,2,4028.9,71,3
11483,2026-07-02 12:06:17+05:30,4027.9,2,4041.79,1051011,147214.0,159018.0,4100.0,4110.0,4012.0,4092.6,24500175,4501.8,3683.4,4440.0,3288.1,4027.4,51,1,4027.3,54,1,4027.2,54,1,4026.7,17,1,4026.6,39,2,4027.9,18,1,4028.0,86,2,4028.1,15,1,4028.6,5,1,4028.7,24,2
11483,2026-07-02 12:06:17+05:30,4027.9,2,4041.79,1051016,147188.0,159056.0,4100.0,4110.0,4012.0,4092.6,24500175,4501.8,3683.4,4440.0,3288.1,4027.4,51,1,4027.3,54,1,4027.2,54,1,4026.7,17,1,4026.6,39,2,4027.9,18,1,4028.0,86,2,4028.1,15,1,4028.6,5,1,4028.7,24,2
11483,2026-07-02 12:06:18+05:30,4028.0,48,4041.79,1051016,147188.0,159056.0,4100.0,4110.0,4012.0,4092.6,24500175,4501.8,3683.4,4440.0,3288.1,4027.4,49,1,4027.3,54,1,4027.2,54,1,4027.1,35,2,4026.9,17,2,4028.0,38,2,4028.1,15,1,4028.7,12,1,4028.9,246,4,4029.0,32,4
11483,2026-07-02 12:06:18+05:30,4028.0,48,4041.78,1051084,147058.0,158670.0,4100.0,4110.0,4012.0,4092.6,24500175,4501.8,3683.4,4440.0,3288.1,4027.4,49,1,4027.3,54,1,4027.2,54,1,4027.1,35,2,4026.9,17,2,4028.0,38,2,4028.1,15,1,4028.7,12,1,4028.9,246,4,4029.0,32,4
11483,2026-07-02 12:06:19+05:30,4028.1,12,4041.78,1051084,147058.0,158670.0,4100.0,4110.0,4012.0,4092.6,24500175,4501.8,3683.4,4440.0,3288.1,4027.4,49,1,4027.3,54,1,4027.2,54,1,4027.1,35,2,4026.9,17,2,4028.0,38,2,4028.1,15,1,4028.7,12,1,4028.9,246,4,4029.0,32,4
11483,2026-07-02 12:06:19+05:30,4028.1,12,4041.78,1051156,147052.0,158733.0,4100.0,4110.0,4012.0,4092.6,24500175,4501.8,3683.4,4440.0,3288.1,4027.4,27,1,4027.3,65,2,4027.2,54,1,4027.1,35,2,4027.0,15,1,4028.1,3,1,4028.9,246,4,4029.0,32,4,4029.1,32,2,4029.2,125,3
11483,2026-07-02 12:06:20+05:30,4028.9,17,4041.78,1051156,147052.0,158733.0,4100.0,4110.0,4012.0,4092.6,24500175,4501.8,3683.4,4440.0,3288.1,4027.4,27,1,4027.3,65,2,4027.2,54,1,4027.1,35,2,4027.0,15,1,4028.1,3,1,4028.9,246,4,4029.0,32,4,4029.1,32,2,4029.2,125,3
11483,2026-07-02 12:06:20+05:30,4028.9,17,4041.78,1051195,146952.0,158260.0,4100.0,4110.0,4012.0,4092.6,24500175,4501.8,3683.4,4440.0,3288.1,4027.4,45,5,4027.3,69,2,4027.2,54,1,4027.1,50,2,4026.8,40,2,4028.9,54,3,4029.0,7,2,4029.1,3,1,4029.2,139,5,4029.3,52,4
11483,2026-07-02 12:06:21+05:30,4028.9,3,4041.78,1051195,146952.0,158260.0,4100.0,4110.0,4012.0,4092.6,24500175,4501.8,3683.4,4440.0,3288.1,4027.4,45,5,4027.3,69,2,4027.2,54,1,4027.1,50,2,4026.8,40,2,4028.9,54,3,4029.0,7,2,4029.1,3,1,4029.2,139,5,4029.3,52,4
11483,2026-07-02 12:06:21+05:30,4028.9,3,4041.78,1051225,147090.0,158124.0,4100.0,4110.0,4012.0,4092.6,24500175,4501.8,3683.4,4440.0,3288.1,4027.6,6,1,4027.5,28,3,4027.4,31,4,4027.3,84,2,4027.2,54,1,4028.9,1,1,4029.0,7,2,4029.1,3,1,4029.2,85,2,4029.3,52,4
11483,2026-07-02 12:06:22+05:30,4027.6,12,4041.78,1051225,147090.0,158124.0,4100.0,4110.0,4012.0,4092.6,24500175,4501.8,3683.4,4440.0,3288.1,4027.6,6,1,4027.5,28,3,4027.4,31,4,4027.3,84,2,4027.2,54,1,4028.9,1,1,4029.0,7,2,4029.1,3,1,4029.2,85,2,4029.3,52,4
11483,2026-07-02 12:06:22+05:30,4027.6,12,4041.78,1051250,147314.0,158073.0,4100.0,4110.0,4012.0,4092.6,24500175,4501.8,3683.4,4440.0,3288.1,4027.6,47,2,4027.5,20,2,4027.4,71,4,4027.2,30,1,4027.1,63,3,4028.9,1,1,4029.0,14,3,4029.1,3,1,4029.2,78,1,4029.3,60,5
11483,2026-07-02 12:06:23+05:30,4029.2,9,4041.78,1051250,147314.0,158073.0,4100.0,4110.0,4012.0,4092.6,24500175,4501.8,3683.4,4440.0,3288.1,4027.6,47,2,4027.5,20,2,4027.4,71,4,4027.2,30,1,4027.1,63,3,4028.9,1,1,4029.0,14,3,4029.1,3,1,4029.2,78,1,4029.3,60,5
11483,2026-07-02 12:06:23+05:30,4029.2,6,4041.78,1051291,147277.0,158398.0,4100.0,4110.0,4012.0,4092.6,24500175,4501.8,3683.4,4440.0,3288.1,4027.6,49,2,4027.5,14,1,4027.4,96,4,4027.1,33,2,4027.0,1,1,4029.1,48,5,4029.2,63,1,4029.3,89,6,4029.4,24,4,4029.5,10,2
11483,2026-07-02 12:06:24+05:30,4029.1,2,4041.78,1051291,147277.0,158398.0,4100.0,4110.0,4012.0,4092.6,24500175,4501.8,3683.4,4440.0,3288.1,4027.6,49,2,4027.5,14,1,4027.4,96,4,4027.1,33,2,4027.0,1,1,4029.1,48,5,4029.2,63,1,4029.3,89,6,4029.4,24,4,4029.5,10,2
11483,2026-07-02 12:06:24+05:30,4029.2,27,4041.78,1051439,147570.0,158105.0,4100.0,4110.0,4012.0,4092.6,24500175,4501.8,3683.4,4440.0,3288.1,4027.9,22,3,4027.8,24,2,4027.7,47,3,4027.6,45,3,4027.5,14,1,4029.3,53,4,4029.4,13,2,4029.5,5,1,4029.6,16,2,4029.7,59,2
11483,2026-07-02 12:06:25+05:30,4027.9,1,4041.78,1051439,147570.0,158105.0,4100.0,4110.0,4012.0,4092.6,24500175,4501.8,3683.4,4440.0,3288.1,4027.9,22,3,4027.8,24,2,4027.7,47,3,4027.6,45,3,4027.5,14,1,4029.3,53,4,4029.4,13,2,4029.5,5,1,4029.6,16,2,4029.7,59,2
11483,2026-07-02 12:06:25+05:30,4028.1,1,4041.78,1051547,148064.0,157548.0,4100.0,4110.0,4012.0,4092.6,24500175,4501.8,3683.4,4440.0,3288.1,4028.1,24,2,4028.0,45,6,4027.9,113,6,4027.8,38,3,4027.7,59,4,4029.4,2,1,4029.5,13,2,4029.6,5,1,4029.8,52,3,4029.9,106,5
11483,2026-07-02 12:06:26+05:30,4029.8,7,4041.78,1051547,148064.0,157548.0,4100.0,4110.0,4012.0,4092.6,24500175,4501.8,3683.4,4440.0,3288.1,4028.1,24,2,4028.0,45,6,4027.9,113,6,4027.8,38,3,4027.7,59,4,4029.4,2,1,4029.5,13,2,4029.6,5,1,4029.8,52,3,4029.9,106,5
11483,2026-07-02 12:06:26+05:30,4029.9,3,4041.78,1051704,148161.0,157501.0,4100.0,4110.0,4012.0,4092.6,24500175,4501.8,3683.4,4440.0,3288.1,4028.3,30,1,4028.2,10,1,4028.1,62,4,4028.0,45,6,4027.9,39,4,4029.9,88,4,4030.0,378,19,4030.1,30,1,4030.2,73,6,4030.3,12,1
11483,2026-07-02 12:06:27+05:30,4029.9,5,4041.78,1051704,148161.0,157501.0,4100.0,4110.0,4012.0,4092.6,24500175,4501.8,3683.4,4440.0,3288.1,4028.3,30,1,4028.2,10,1,4028.1,62,4,4028.0,45,6,4027.9,39,4,4029.9,88,4,4030.0,378,19,4030.1,30,1,4030.2,73,6,4030.3,12,1
11483,2026-07-02 12:06:27+05:30,4030.0,8,4041.77,1052087,148146.0,157220.0,4100.0,4110.0,4012.0,4092.6,24500175,4501.8,3683.4,4440.0,3288.1,4028.5,44,2,4028.4,86,4,4028.3,54,1,4028.2,14,1,4028.1,10,1,4029.9,14,1,4030.0,343,15,4030.2,49,3,4030.3,3,1,4030.4,20,2
11483,2026-07-02 12:06:28+05:30,4028.5,1,4041.77,1052087,148146.0,157220.0,4100.0,4110.0,4012.0,4092.6,24500175,4501.8,3683.4,4440.0,3288.1,4028.5,44,2,4028.4,86,4,4028.3,54,1,4028.2,14,1,4028.1,10,1,4029.9,14,1,4030.0,343,15,4030.2,49,3,4030.3,3,1,4030.4,20,2
11483,2026-07-02 12:06:28+05:30,4030.0,33,4041.77,1052303,148269.0,157008.0,4100.0,4110.0,4012.0,4092.6,24500175,4501.8,3683.4,4440.0,3288.1,4028.6,10,1,4028.5,83,4,4028.4,14,1,4028.2,54,1,4028.1,10,1,4030.0,248,6,4030.2,34,2,4030.4,23,3,4030.5,94,6,4030.7,169,4
11483,2026-07-02 12:06:29+05:30,4028.6,3,4041.77,1052303,148269.0,157008.0,4100.0,4110.0,4012.0,4092.6,24500175,4501.8,3683.4,4440.0,3288.1,4028.6,10,1,4028.5,83,4,4028.4,14,1,4028.2,54,1,4028.1,10,1,4030.0,248,6,4030.2,34,2,4030.4,23,3,4030.5,94,6,4030.7,169,4
11483,2026-07-02 12:06:29+05:30,4030.0,38,4041.77,1052372,148179.0,156864.0,4100.0,4110.0,4012.0,4092.6,24500175,4501.8,3683.4,4440.0,3288.1,4028.6,49,2,4028.4,32,2,4028.3,14,1,4028.1,10,1,4028.0,32,4,4030.0,210,6,4030.2,64,3,4030.4,20,2,4030.5,81,5,4030.6,3,1
11483,2026-07-02 12:06:30+05:30,4030.0,34,4041.77,1052372,148179.0,156864.0,4100.0,4110.0,4012.0,4092.6,24500175,4501.8,3683.4,4440.0,3288.1,4028.6,49,2,4028.4,32,2,4028.3,14,1,4028.1,10,1,4028.0,32,4,4030.0,210,6,4030.2,64,3,4030.4,20,2,4030.5,81,5,4030.6,3,1
11483,2026-07-02 12:06:30+05:30,4030.0,3,4041.77,1052464,148067.0,156966.0,4100.0,4110.0,4012.0,4092.6,24500175,4501.8,3683.4,4440.0,3288.1,4028.6,41,2,4028.4,32,2,4028.3,14,1,4028.1,10,1,4028.0,32,4,4030.0,226,6,4030.2,64,3,4030.3,3,1,4030.4,20,2,4030.5,86,6
11483,2026-07-02 12:06:31+05:30,4030.0,1,4041.77,1052464,148067.0,156966.0,4100.0,4110.0,4012.0,4092.6,24500175,4501.8,3683.4,4440.0,3288.1,4028.6,41,2,4028.4,32,2,4028.3,14,1,4028.1,10,1,4028.0,32,4,4030.0,226,6,4030.2,64,3,4030.3,3,1,4030.4,20,2,4030.5,86,6
11483,2026-07-02 12:06:31+05:30,4030.0,1,4041.77,1052476,148839.0,156896.0,4100.0,4110.0,4012.0,4092.6,24500175,4501.8,3683.4,4440.0,3288.1,4029.1,5,1,4028.7,31,2,4028.6,24,2,4028.5,27,1,4028.4,32,2,4030.0,212,5,4030.2,2,1,4030.4,20,2,4030.5,80,5,4030.6,3,1
11483,2026-07-02 12:06:32+05:30,4030.0,1,4041.77,1052476,148839.0,156896.0,4100.0,4110.0,4012.0,4092.6,24500175,4501.8,3683.4,4440.0,3288.1,4029.1,5,1,4028.7,31,2,4028.6,24,2,4028.5,27,1,4028.4,32,2,4030.0,212,5,4030.2,2,1,4030.4,20,2,4030.5,80,5,4030.6,3,1
11483,2026-07-02 12:06:32+05:30,4030.0,1,4041.77,1052479,148813.0,156706.0,4100.0,4110.0,4012.0,4092.6,24500175,4501.8,3683.4,4440.0,3288.1,4029.5,1,1,4029.1,27,3,4029.0,20,1,4028.9,29,1,4028.7,31,2,4030.0,211,5,4030.2,2,1,4030.4,15,2,4030.5,38,3,4030.7,149,4
11483,2026-07-02 12:06:33+05:30,4030.0,4,4041.77,1052479,148813.0,156706.0,4100.0,4110.0,4012.0,4092.6,24500175,4501.8,3683.4,4440.0,3288.1,4029.5,1,1,4029.1,27,3,4029.0,20,1,4028.9,29,1,4028.7,31,2,4030.0,211,5,4030.2,2,1,4030.4,15,2,4030.5,38,3,4030.7,149,4
11483,2026-07-02 12:06:33+05:30,4030.0,4,4041.77,1052483,148780.0,156752.0,4100.0,4110.0,4012.0,4092.6,24500175,4501.8,3683.4,4440.0,3288.1,4029.5,30,2,4029.4,14,1,4029.3,20,1,4029.1,13,2,4028.7,31,2,4030.0,207,5,4030.2,2,1,4030.4,1,1,4030.5,38,3,4030.7,149,4
11483,2026-07-02 12:06:34+05:30,4029.5,3,4041.77,1052483,148780.0,156752.0,4100.0,4110.0,4012.0,4092.6,24500175,4501.8,3683.4,4440.0,3288.1,4029.5,30,2,4029.4,14,1,4029.3,20,1,4029.1,13,2,4028.7,31,2,4030.0,207,5,4030.2,2,1,4030.4,1,1,4030.5,38,3,4030.7,149,4
11483,2026-07-02 12:06:34+05:30,4029.5,3,4041.77,1052489,148709.0,156681.0,4100.0,4110.0,4012.0,4092.6,24500175,4501.8,3683.4,4440.0,3288.1,4029.6,2,1,4029.5,25,2,4029.4,14,1,4029.3,20,1,4029.1,13,2,4030.0,199,4,4030.2,10,2,4030.4,1,1,4030.5,38,3,4030.7,149,4
11483,2026-07-02 12:06:35+05:30,4030.0,7,4041.77,1052489,148709.0,156681.0,4100.0,4110.0,4012.0,4092.6,24500175,4501.8,3683.4,4440.0,3288.1,4029.6,2,1,4029.5,25,2,4029.4,14,1,4029.3,20,1,4029.1,13,2,4030.0,199,4,4030.2,10,2,4030.4,1,1,4030.5,38,3,4030.7,149,4
11483,2026-07-02 12:06:35+05:30,4030.0,7,4041.77,1052498,148662.0,156844.0,4100.0,4110.0,4012.0,4092.6,24500175,4501.8,3683.4,4440.0,3288.1,4029.6,1,1,4029.5,25,2,4029.4,14,1,4029.3,20,1,4029.1,13,2,4029.9,175,1,4030.0,199,5,4030.2,11,2,4030.4,1,1,4030.5,38,3
11483,2026-07-02 12:06:36+05:30,4029.9,24,4041.77,1052498,148662.0,156844.0,4100.0,4110.0,4012.0,4092.6,24500175,4501.8,3683.4,4440.0,3288.1,4029.6,1,1,4029.5,25,2,4029.4,14,1,4029.3,20,1,4029.1,13,2,4029.9,175,1,4030.0,199,5,4030.2,11,2,4030.4,1,1,4030.5,38,3
11483,2026-07-02 12:06:36+05:30,4029.9,5,4041.77,1052528,148729.0,156956.0,4100.0,4110.0,4012.0,4092.6,24500175,4501.8,3683.4,4440.0,3288.1,4029.6,2,1,4029.5,25,2,4029.4,14,1,4029.3,20,1,4029.1,3,1,4029.9,146,1,4030.0,199,5,4030.2,11,2,4030.4,1,1,4030.5,38,3
11483,2026-07-02 12:06:37+05:30,4029.9,13,4041.77,1052528,148729.0,156956.0,4100.0,4110.0,4012.0,4092.6,24500175,4501.8,3683.4,4440.0,3288.1,4029.6,2,1,4029.5,25,2,4029.4,14,1,4029.3,20,1,4029.1,3,1,4029.9,146,1,4030.0,199,5,4030.2,11,2,4030.4,1,1,4030.5,38,3
11483,2026-07-02 12:06:37+05:30,4029.9,9,4041.77,1052563,148811.0,157012.0,4100.0,4110.0,4012.0,4092.6,24500175,4501.8,3683.4,4440.0,3288.1,4029.5,24,1,4029.4,14,1,4029.3,20,1,4029.1,3,1,4028.7,47,3,4029.9,130,3,4030.0,291,5,4030.2,19,3,4030.4,1,1,4030.5,38,3
11483,2026-07-02 12:06:38+05:30,4029.5,4,4041.77,1052563,148811.0,157012.0,4100.0,4110.0,4012.0,4092.6,24500175,4501.8,3683.4,4440.0,3288.1,4029.5,24,1,4029.4,14,1,4029.3,20,1,4029.1,3,1,4028.7,47,3,4029.9,130,3,4030.0,291,5,4030.2,19,3,4030.4,1,1,4030.5,38,3
11483,2026-07-02 12:06:38+05:30,4029.5,4,4041.77,1052567,148952.0,157030.0,4100.0,4110.0,4012.0,4092.6,24500175,4501.8,3683.4,4440.0,3288.1,4029.5,20,1,4029.4,14,1,4029.3,20,1,4029.1,3,1,4028.7,77,4,4029.9,116,1,4030.0,291,5,4030.2,19,3,4030.3,13,1,4030.4,1,1
11483,2026-07-02 12:06:39+05:30,4029.9,1,4041.77,1052567,148952.0,157030.0,4100.0,4110.0,4012.0,4092.6,24500175,4501.8,3683.4,4440.0,3288.1,4029.5,20,1,4029.4,14,1,4029.3,20,1,4029.1,3,1,4028.7,77,4,4029.9,116,1,4030.0,291,5,4030.2,19,3,4030.3,13,1,4030.4,1,1
11483,2026-07-02 12:06:39+05:30,4029.9,1,4041.77,1052568,148971.0,157202.0,4100.0,4110.0,4012.0,4092.6,24500175,4501.8,3683.4,4440.0,3288.1,4029.5,25,2,4029.4,14,1,4029.3,20,1,4029.1,3,1,4028.7,77,4,4029.9,115,1,4030.0,299,6,4030.2,11,2,4030.3,13,1,4030.4,1,1
11483,2026-07-02 12:06:40+05:30,4029.5,1,4041.77,1052568,148971.0,157202.0,4100.0,4110.0,4012.0,4092.6,24500175,4501.8,3683.4,4440.0,3288.1,4029.5,25,2,4029.4,14,1,4029.3,20,1,4029.1,3,1,4028.7,77,4,4029.9,115,1,4030.0,299,6,4030.2,11,2,4030.3,13,1,4030.4,1,1
11483,2026-07-02 12:06:40+05:30,4029.5,1,4041.77,1052572,149171.0,157068.0,4100.0,4110.0,4012.0,4092.6,24500175,4501.8,3683.4,4440.0,3288.1,4029.6,20,1,4029.5,21,2,4029.4,14,1,4029.3,20,1,4029.1,3,1,4030.0,291,5,4030.2,2,1,4030.4,13,2,4030.5,38,3,4030.7,132,3
11483,2026-07-02 12:06:41+05:30,4030.0,2,4041.77,1052572,149171.0,157068.0,4100.0,4110.0,4012.0,4092.6,24500175,4501.8,3683.4,4440.0,3288.1,4029.6,20,1,4029.5,21,2,4029.4,14,1,4029.3,20,1,4029.1,3,1,4030.0,291,5,4030.2,2,1,4030.4,13,2,4030.5,38,3,4030.7,132,3
11483,2026-07-02 12:06:41+05:30,4030.0,2,4041.77,1052600,149096.0,157053.0,4100.0,4110.0,4012.0,4092.6,24500175,4501.8,3683.4,4440.0,3288.1,4029.5,5,1,4029.1,3,1,4028.8,12,1,4028.7,77,4,4028.6,13,1,4030.0,298,7,4030.1,7,1,4030.2,2,1,4030.4,13,2,4030.5,38,3
11483,2026-07-02 12:06:42+05:30,4029.5,3,4041.77,1052600,149096.0,157053.0,4100.0,4110.0,4012.0,4092.6,24500175,4501.8,3683.4,4440.0,3288.1,4029.5,5,1,4029.1,3,1,4028.8,12,1,4028.7,77,4,4028.6,13,1,4030.0,298,7,4030.1,7,1,4030.2,2,1,4030.4,13,2,4030.5,38,3
11483,2026-07-02 12:06:42+05:30,4029.5,3,4041.77,1052603,148950.0,156967.0,4100.0,4110.0,4012.0,4092.6,24500175,4501.8,3683.4,4440.0,3288.1,4029.7,1,1,4029.5,2,1,4029.1,3,1,4028.7,31,2,4028.6,25,2,4030.0,290,6,4030.2,9,2,4030.4,16,3,4030.5,38,3,4030.7,129,2
11483,2026-07-02 12:06:43+05:30,4029.7,1,4041.77,1052603,148950.0,156967.0,4100.0,4110.0,4012.0,4092.6,24500175,4501.8,3683.4,4440.0,3288.1,4029.7,1,1,4029.5,2,1,4029.1,3,1,4028.7,31,2,4028.6,25,2,4030.0,290,6,4030.2,9,2,4030.4,16,3,4030.5,38,3,4030.7,129,2
11483,2026-07-02 12:06:43+05:30,4029.7,1,4041.77,1052604,148563.0,156952.0,4100.0,4110.0,4012.0,4092.6,24500175,4501.8,3683.4,4440.0,3288.1,4029.7,1,1,4029.5,2,1,4029.1,3,1,4028.7,31,2,4028.6,25,2,4030.0,290,6,4030.2,9,2,4030.3,3,1,4030.4,13,2,4030.5,38,3
11483,2026-07-02 12:06:44+05:30,4029.5,2,4041.77,1052604,148563.0,156952.0,4100.0,4110.0,4012.0,4092.6,24500175,4501.8,3683.4,4440.0,3288.1,4029.7,1,1,4029.5,2,1,4029.1,3,1,4028.7,31,2,4028.6,25,2,4030.0,290,6,4030.2,9,2,4030.3,3,1,4030.4,13,2,4030.5,38,3
11483,2026-07-02 12:06:44+05:30,4029.1,1,4041.77,1052609,148536.0,156974.0,4100.0,4110.0,4012.0,4092.6,24500175,4501.8,3683.4,4440.0,3288.1,4029.1,2,1,4028.7,31,2,4028.6,12,1,4028.5,6,1,4028.4,15,2,4030.0,289,5,4030.2,2,1,4030.3,10,2,4030.4,1,1,4030.5,15,1
11483,2026-07-02 12:06:45+05:30,4029.1,1,4041.77,1052609,148536.0,156974.0,4100.0,4110.0,4012.0,4092.6,24500175,4501.8,3683.4,4440.0,3288.1,4029.1,2,1,4028.7,31,2,4028.6,12,1,4028.5,6,1,4028.4,15,2,4030.0,289,5,4030.2,2,1,4030.3,10,2,4030.4,1,1,4030.5,15,1
11483,2026-07-02 12:06:45+05:30,4029.1,1,4041.77,1052609,148540.0,156790.0,4100.0,4110.0,4012.0,4092.6,24500175,4501.8,3683.4,4440.0,3288.1,4029.1,2,1,4028.7,31,2,4028.6,36,2,4028.5,6,1,4028.4,15,2,4030.0,289,5,4030.2,2,1,4030.4,8,2,4030.5,15,1,4030.6,3,1
11483,2026-07-02 12:06:46+05:30,4030.0,7,4041.77,1052609,148540.0,156790.0,4100.0,4110.0,4012.0,4092.6,24500175,4501.8,3683.4,4440.0,3288.1,4029.1,2,1,4028.7,31,2,4028.6,36,2,4028.5,6,1,4028.4,15,2,4030.0,289,5,4030.2,2,1,4030.4,8,2,4030.5,15,1,4030.6,3,1
11483,2026-07-02 12:06:46+05:30,4030.0,7,4041.77,1052616,148582.0,156980.0,4100.0,4110.0,4012.0,4092.6,24500175,4501.8,3683.4,4440.0,3288.1,4029.6,2,2,4029.1,2,1,4028.8,12,1,4028.7,31,2,4028.6,12,1,4030.0,282,5,4030.2,2,1,4030.4,1,1,4030.5,15,1,4030.6,3,1
11483,2026-07-02 12:06:47+05:30,4030.0,1,4041.77,1052616,148582.0,156980.0,4100.0,4110.0,4012.0,4092.6,24500175,4501.8,3683.4,4440.0,3288.1,4029.6,2,2,4029.1,2,1,4028.8,12,1,4028.7,31,2,4028.6,12,1,4030.0,282,5,4030.2,2,1,4030.4,1,1,4030.5,15,1,4030.6,3,1
11483,2026-07-02 12:06:47+05:30,4030.0,1,4041.77,1052618,148602.0,157160.0,4100.0,4110.0,4012.0,4092.6,24500175,4501.8,3683.4,4440.0,3288.1,4029.6,2,2,4029.1,2,1,4028.7,31,2,4028.6,12,1,4028.5,37,2,4030.0,288,6,4030.2,2,1,4030.4,16,3,4030.5,36,3,4030.6,28,1
11483,2026-07-02 12:06:48+05:30,4030.0,1,4041.77,1052618,148602.0,157160.0,4100.0,4110.0,4012.0,4092.6,24500175,4501.8,3683.4,4440.0,3288.1,4029.6,2,2,4029.1,2,1,4028.7,31,2,4028.6,12,1,4028.5,37,2,4030.0,288,6,4030.2,2,1,4030.4,16,3,4030.5,36,3,4030.6,28,1
11483,2026-07-02 12:06:48+05:30,4029.6,1,4041.77,1052618,148602.0,157160.0,4100.0,4110.0,4012.0,4092.6,24500175,4501.8,3683.4,4440.0,3288.1,4029.6,2,2,4029.1,2,1,4028.7,31,2,4028.6,12,1,4028.5,37,2,4030.0,288,6,4030.2,2,1,4030.4,16,3,4030.5,36,3,4030.6,28,1
11483,2026-07-02 12:06:48+05:30,4029.6,1,4041.77,1052619,148218.0,157031.0,4100.0,4110.0,4012.0,4092.6,24500175,4501.8,3683.4,4440.0,3288.1,4029.9,1,1,4029.6,2,2,4029.1,2,1,4028.7,31,2,4028.6,25,2,4030.0,281,5,4030.2,9,2,4030.4,13,2,4030.5,39,4,4030.6,28,1
11483,2026-07-02 12:06:48+05:30,4029.6,1,4041.77,1052619,148218.0,157031.0,4100.0,4110.0,4012.0,4092.6,24500175,4501.8,3683.4,4440.0,3288.1,4029.9,1,1,4029.6,2,2,4029.1,2,1,4028.7,31,2,4028.6,25,2,4030.0,281,5,4030.2,9,2,4030.4,13,2,4030.5,39,4,4030.6,28,1
11483,2026-07-02 12:06:49+05:30,4029.6,1,4041.77,1052619,148218.0,157031.0,4100.0,4110.0,4012.0,4092.6,24500175,4501.8,3683.4,4440.0,3288.1,4029.9,1,1,4029.6,2,2,4029.1,2,1,4028.7,31,2,4028.6,25,2,4030.0,281,5,4030.2,9,2,4030.4,13,2,4030.5,39,4,4030.6,28,1
11483,2026-07-02 12:06:49+05:30,4029.9,1,4041.77,1052619,148218.0,157031.0,4100.0,4110.0,4012.0,4092.6,24500175,4501.8,3683.4,4440.0,3288.1,4029.9,1,1,4029.6,2,2,4029.1,2,1,4028.7,31,2,4028.6,25,2,4030.0,281,5,4030.2,9,2,4030.4,13,2,4030.5,39,4,4030.6,28,1
11483,2026-07-02 12:06:49+05:30,4029.9,1,4041.77,1052619,148218.0,157031.0,4100.0,4110.0,4012.0,4092.6,24500175,4501.8,3683.4,4440.0,3288.1,4029.9,1,1,4029.6,2,2,4029.1,2,1,4028.7,31,2,4028.6,25,2,4030.0,281,5,4030.2,9,2,4030.4,13,2,4030.5,39,4,4030.6,28,1
11483,2026-07-02 12:06:49+05:30,4030.0,3,4041.77,1052623,148212.0,157057.0,4100.0,4110.0,4012.0,4092.6,24500175,4501.8,3683.4,4440.0,3288.1,4029.6,2,2,4029.1,2,1,4028.7,31,2,4028.6,25,2,4028.5,6,1,4030.0,278,5,4030.2,9,2,4030.4,13,2,4030.5,39,4,4030.6,28,1
11483,2026-07-02 12:06:50+05:30,4030.0,3,4041.77,1052623,148212.0,157057.0,4100.0,4110.0,4012.0,4092.6,24500175,4501.8,3683.4,4440.0,3288.1,4029.6,2,2,4029.1,2,1,4028.7,31,2,4028.6,25,2,4028.5,6,1,4030.0,278,5,4030.2,9,2,4030.4,13,2,4030.5,39,4,4030.6,28,1
11483,2026-07-02 12:06:50+05:30,4030.0,3,4041.77,1052623,148212.0,157057.0,4100.0,4110.0,4012.0,4092.6,24500175,4501.8,3683.4,4440.0,3288.1,4029.6,2,2,4029.1,2,1,4028.7,31,2,4028.6,25,2,4028.5,6,1,4030.0,278,5,4030.2,9,2,4030.4,13,2,4030.5,39,4,4030.6,28,1
11483,2026-07-02 12:06:50+05:30,4030.0,3,4041.77,1052623,148212.0,157057.0,4100.0,4110.0,4012.0,4092.6,24500175,4501.8,3683.4,4440.0,3288.1,4029.6,2,2,4029.1,2,1,4028.7,31,2,4028.6,25,2,4028.5,6,1,4030.0,278,5,4030.2,9,2,4030.4,13,2,4030.5,39,4,4030.6,28,1
11483,2026-07-02 12:06:50+05:30,4030.0,16,4041.77,1052639,148007.0,157200.0,4100.0,4110.0,4012.0,4092.6,24500175,4501.8,3683.4,4440.0,3288.1,4029.6,2,2,4029.1,2,1,4028.7,31,2,4028.6,12,1,4028.5,6,1,4030.0,286,8,4030.1,14,1,4030.2,2,1,4030.3,3,1,4030.4,13,2
11483,2026-07-02 12:06:51+05:30,4030.0,16,4041.77,1052639,148007.0,157200.0,4100.0,4110.0,4012.0,4092.6,24500175,4501.8,3683.4,4440.0,3288.1,4029.6,2,2,4029.1,2,1,4028.7,31,2,4028.6,12,1,4028.5,6,1,4030.0,286,8,4030.1,14,1,4030.2,2,1,4030.3,3,1,4030.4,13,2
11483,2026-07-02 12:06:51+05:30,4029.6,1,4041.77,1052639,148007.0,157200.0,4100.0,4110.0,4012.0,4092.6,24500175,4501.8,3683.4,4440.0,3288.1,4029.6,2,2,4029.1,2,1,4028.7,31,2,4028.6,12,1,4028.5,6,1,4030.0,286,8,4030.1,14,1,4030.2,2,1,4030.3,3,1,4030.4,13,2
11483,2026-07-02 12:06:51+05:30,4029.6,1,4041.77,1052639,148007.0,157200.0,4100.0,4110.0,4012.0,4092.6,24500175,4501.8,3683.4,4440.0,3288.1,4029.6,2,2,4029.1,2,1,4028.7,31,2,4028.6,12,1,4028.5,6,1,4030.0,286,8,4030.1,14,1,4030.2,2,1,4030.3,3,1,4030.4,13,2
11483,2026-07-02 12:06:51+05:30,4029.6,1,4041.77,1052641,147981.0,157204.0,4100.0,4110.0,4012.0,4092.6,24500175,4501.8,3683.4,4440.0,3288.1,4029.6,2,2,4029.1,2,1,4028.7,31,2,4028.6,12,1,4028.5,6,1,4030.0,286,8,4030.1,14,1,4030.2,2,1,4030.3,3,1,4030.4,13,2
11483,2026-07-02 12:06:51+05:30,4029.6,1,4041.77,1052641,147981.0,157204.0,4100.0,4110.0,4012.0,4092.6,24500175,4501.8,3683.4,4440.0,3288.1,4029.6,2,2,4029.1,2,1,4028.7,31,2,4028.6,12,1,4028.5,6,1,4030.0,286,8,4030.1,14,1,4030.2,2,1,4030.3,3,1,4030.4,13,2
11483,2026-07-02 12:06:52+05:30,4029.6,1,4041.77,1052641,147981.0,157204.0,4100.0,4110.0,4012.0,4092.6,24500175,4501.8,3683.4,4440.0,3288.1,4029.6,2,2,4029.1,2,1,4028.7,31,2,4028.6,12,1,4028.5,6,1,4030.0,286,8,4030.1,14,1,4030.2,2,1,4030.3,3,1,4030.4,13,2
11483,2026-07-02 12:06:52+05:30,4029.6,1,4041.77,1052641,147981.0,157204.0,4100.0,4110.0,4012.0,4092.6,24528350,4501.8,3683.4,4440.0,3288.1,4029.6,2,2,4029.1,2,1,4028.7,31,2,4028.6,12,1,4028.5,6,1,4030.0,286,8,4030.1,14,1,4030.2,2,1,4030.3,3,1,4030.4,13,2
11483,2026-07-02 12:06:52+05:30,4029.6,1,4041.77,1052641,147823.0,157211.0,4100.0,4110.0,4012.0,4092.6,24528350,4501.8,3683.4,4440.0,3288.1,4029.8,1,1,4029.6,2,2,4029.1,2,1,4028.7,31,2,4028.6,12,1,4030.0,275,7,4030.1,29,2,4030.2,2,1,4030.3,3,1,4030.4,13,2
11483,2026-07-02 12:06:52+05:30,4029.6,1,4041.77,1052641,147823.0,157211.0,4100.0,4110.0,4012.0,4092.6,24528350,4501.8,3683.4,4440.0,3288.1,4029.8,1,1,4029.6,2,2,4029.1,2,1,4028.7,31,2,4028.6,12,1,4030.0,275,7,4030.1,29,2,4030.2,2,1,4030.3,3,1,4030.4,13,2
11483,2026-07-02 12:06:53+05:30,4029.6,1,4041.77,1052641,147823.0,157211.0,4100.0,4110.0,4012.0,4092.6,24528350,4501.8,3683.4,4440.0,3288.1,4029.8,1,1,4029.6,2,2,4029.1,2,1,4028.7,31,2,4028.6,12,1,4030.0,275,7,4030.1,29,2,4030.2,2,1,4030.3,3,1,4030.4,13,2
11483,2026-07-02 12:06:53+05:30,4030.0,8,4041.77,1052641,147823.0,157211.0,4100.0,4110.0,4012.0,4092.6,24528350,4501.8,3683.4,4440.0,3288.1,4029.8,1,1,4029.6,2,2,4029.1,2,1,4028.7,31,2,4028.6,12,1,4030.0,275,7,4030.1,29,2,4030.2,2,1,4030.3,3,1,4030.4,13,2
11483,2026-07-02 12:06:53+05:30,4030.0,8,4041.77,1052641,147823.0,157211.0,4100.0,4110.0,4012.0,4092.6,24528350,4501.8,3683.4,4440.0,3288.1,4029.8,1,1,4029.6,2,2,4029.1,2,1,4028.7,31,2,4028.6,12,1,4030.0,275,7,4030.1,29,2,4030.2,2,1,4030.3,3,1,4030.4,13,2
11483,2026-07-02 12:06:53+05:30,4030.0,8,4041.77,1052665,147286.0,157826.0,4100.0,4110.0,4012.0,4092.6,24528350,4501.8,3683.4,4440.0,3288.1,4028.2,12,2,4028.1,120,3,4028.0,35,3,4027.9,41,2,4027.8,32,3,4029.9,49,4,4030.0,406,8,4030.1,15,1,4030.2,37,4,4030.3,14,1
11483,2026-07-02 12:06:53+05:30,4030.0,8,4041.77,1052665,147286.0,157826.0,4100.0,4110.0,4012.0,4092.6,24528350,4501.8,3683.4,4440.0,3288.1,4028.2,12,2,4028.1,120,3,4028.0,35,3,4027.9,41,2,4027.8,32,3,4029.9,49,4,4030.0,406,8,4030.1,15,1,4030.2,37,4,4030.3,14,1
11483,2026-07-02 12:06:54+05:30,4030.0,8,4041.77,1052665,147286.0,157826.0,4100.0,4110.0,4012.0,4092.6,24528350,4501.8,3683.4,4440.0,3288.1,4028.2,12,2,4028.1,120,3,4028.0,35,3,4027.9,41,2,4027.8,32,3,4029.9,49,4,4030.0,406,8,4030.1,15,1,4030.2,37,4,4030.3,14,1
11483,2026-07-02 12:06:54+05:30,4029.9,2,4041.77,1052665,147286.0,157826.0,4100.0,4110.0,4012.0,4092.6,24528350,4501.8,3683.4,4440.0,3288.1,4028.2,12,2,4028.1,120,3,4028.0,35,3,4027.9,41,2,4027.8,32,3,4029.9,49,4,4030.0,406,8,4030.1,15,1,4030.2,37,4,4030.3,14,1
11483,2026-07-02 12:06:54+05:30,4029.9,2,4041.76,1052770,147290.0,157815.0,4100.0,4110.0,4012.0,4092.6,24528350,4501.8,3683.4,4440.0,3288.1,4028.4,6,1,4028.3,9,2,4028.2,19,3,4028.1,125,3,4028.0,36,4,4029.9,2,1,4030.0,350,7,4030.1,25,2,4030.2,15,2,4030.3,20,2
11483,2026-07-02 12:06:55+05:30,4029.2,1,4041.76,1052770,147290.0,157815.0,4100.0,4110.0,4012.0,4092.6,24528350,4501.8,3683.4,4440.0,3288.1,4028.4,6,1,4028.3,9,2,4028.2,19,3,4028.1,125,3,4028.0,36,4,4029.9,2,1,4030.0,350,7,4030.1,25,2,4030.2,15,2,4030.3,20,2
11483,2026-07-02 12:06:55+05:30,4029.2,1,4041.76,1052785,147707.0,157606.0,4100.0,4110.0,4012.0,4092.6,24528350,4501.8,3683.4,4440.0,3288.1,4029.2,8,1,4029.1,42,1,4029.0,42,1,4028.9,42,1,4028.7,42,1,4029.9,10,1,4030.0,349,7,4030.1,15,1,4030.2,2,1,4030.4,188,3
11483,2026-07-02 12:06:56+05:30,4030.0,36,4041.76,1052785,147707.0,157606.0,4100.0,4110.0,4012.0,4092.6,24528350,4501.8,3683.4,4440.0,3288.1,4029.2,8,1,4029.1,42,1,4029.0,42,1,4028.9,42,1,4028.7,42,1,4029.9,10,1,4030.0,349,7,4030.1,15,1,4030.2,2,1,4030.4,188,3
11483,2026-07-02 12:06:56+05:30,4030.0,29,4041.76,1053203,147471.0,157525.0,4100.0,4110.0,4012.0,4092.6,24528350,4501.8,3683.4,4440.0,3288.1,4029.0,16,2,4028.9,6,1,4028.8,20,2,4028.7,28,4,4028.6,40,2,4030.0,265,4,4030.1,15,1,4030.2,2,1,4030.4,1,1,4030.5,19,2
11483,2026-07-02 12:06:57+05:30,4029.2,5,4041.76,1053203,147471.0,157525.0,4100.0,4110.0,4012.0,4092.6,24528350,4501.8,3683.4,4440.0,3288.1,4029.0,16,2,4028.9,6,1,4028.8,20,2,4028.7,28,4,4028.6,40,2,4030.0,265,4,4030.1,15,1,4030.2,2,1,4030.4,1,1,4030.5,19,2
11483,2026-07-02 12:06:57+05:30,4029.2,5,4041.76,1053327,147865.0,157550.0,4100.0,4110.0,4012.0,4092.6,24528350,4501.8,3683.4,4440.0,3288.1,4028.9,12,1,4028.7,11,2,4028.6,30,1,4028.4,23,3,4028.3,61,5,4030.0,196,3,4030.1,15,1,4030.2,2,1,4030.4,1,1,4030.5,20,2
11483,2026-07-02 12:06:58+05:30,4030.0,20,4041.76,1053327,147865.0,157550.0,4100.0,4110.0,4012.0,4092.6,24528350,4501.8,3683.4,4440.0,3288.1,4028.9,12,1,4028.7,11,2,4028.6,30,1,4028.4,23,3,4028.3,61,5,4030.0,196,3,4030.1,15,1,4030.2,2,1,4030.4,1,1,4030.5,20,2
11483,2026-07-02 12:06:58+05:30,4030.0,20,4041.76,1053499,148537.0,157507.0,4100.0,4110.0,4012.0,4092.6,24528350,4501.8,3683.4,4440.0,3288.1,4029.4,39,2,4029.3,55,2,4029.2,42,1,4029.1,12,1,4029.0,63,3,4030.0,169,3,4030.1,15,1,4030.2,2,1,4030.4,1,1,4030.7,104,1
11483,2026-07-02 12:06:59+05:30,4029.6,4,4041.76,1053499,148537.0,157507.0,4100.0,4110.0,4012.0,4092.6,24528350,4501.8,3683.4,4440.0,3288.1,4029.4,39,2,4029.3,55,2,4029.2,42,1,4029.1,12,1,4029.0,63,3,4030.0,169,3,4030.1,15,1,4030.2,2,1,4030.4,1,1,4030.7,104,1
11483,2026-07-02 12:06:59+05:30,4029.6,4,4041.76,1053566,148334.0,157590.0,4100.0,4110.0,4012.0,4092.6,24528350,4501.8,3683.4,4440.0,3288.1,4029.6,72,3,4029.4,69,2,4029.2,3,1,4029.1,12,1,4029.0,21,2,4030.0,226,3,4030.1,15,1,4030.2,2,1,4030.4,1,1,4030.7,104,1
11483,2026-07-02 12:07:00+05:30,4030.0,24,4041.76,1053566,148334.0,157590.0,4100.0,4110.0,4012.0,4092.6,24528350,4501.8,3683.4,4440.0,3288.1,4029.6,72,3,4029.4,69,2,4029.2,3,1,4029.1,12,1,4029.0,21,2,4030.0,226,3,4030.1,15,1,4030.2,2,1,4030.4,1,1,4030.7,104,1
11483,2026-07-02 12:07:00+05:30,4030.0,24,4041.75,1053725,148331.0,157521.0,4100.0,4110.0,4012.0,4092.6,24528350,4501.8,3683.4,4440.0,3288.1,4029.6,63,3,4029.4,69,2,4029.2,23,2,4029.0,13,1,4028.9,24,1,4030.0,207,4,4030.1,15,1,4030.2,2,1,4030.4,1,1,4030.7,104,1
11483,2026-07-02 12:07:01+05:30,4030.0,51,4041.75,1053725,148331.0,157521.0,4100.0,4110.0,4012.0,4092.6,24528350,4501.8,3683.4,4440.0,3288.1,4029.6,63,3,4029.4,69,2,4029.2,23,2,4029.0,13,1,4028.9,24,1,4030.0,207,4,4030.1,15,1,4030.2,2,1,4030.4,1,1,4030.7,104,1
11483,2026-07-02 12:07:01+05:30,4030.0,51,4041.75,1053872,148576.0,157545.0,4100.0,4110.0,4012.0,4092.6,24528350,4501.8,3683.4,4440.0,3288.1,4029.1,19,2,4029.0,19,2,4028.8,3,1,4028.7,57,3,4028.6,41,3,4030.0,179,3,4030.1,15,1,4030.2,2,1,4030.4,1,1,4030.7,104,1
11483,2026-07-02 12:07:02+05:30,4030.0,45,4041.75,1053872,148576.0,157545.0,4100.0,4110.0,4012.0,4092.6,24528350,4501.8,3683.4,4440.0,3288.1,4029.1,19,2,4029.0,19,2,4028.8,3,1,4028.7,57,3,4028.6,41,3,4030.0,179,3,4030.1,15,1,4030.2,2,1,4030.4,1,1,4030.7,104,1
11483,2026-07-02 12:07:02+05:30,4030.0,45,4041.75,1054013,148496.0,157658.0,4100.0,4110.0,4012.0,4092.6,24528350,4501.8,3683.4,4440.0,3288.1,4029.5,1,1,4029.1,2,1,4028.9,200,1,4028.8,3,1,4028.7,60,4,4030.0,185,3,4030.1,15,1,4030.2,2,1,4030.4,1,1,4030.7,104,1
11483,2026-07-02 12:07:03+05:30,4030.0,5,4041.75,1054013,148496.0,157658.0,4100.0,4110.0,4012.0,4092.6,24528350,4501.8,3683.4,4440.0,3288.1,4029.5,1,1,4029.1,2,1,4028.9,200,1,4028.8,3,1,4028.7,60,4,4030.0,185,3,4030.1,15,1,4030.2,2,1,4030.4,1,1,4030.7,104,1
11483,2026-07-02 12:07:03+05:30,4030.0,5,4041.75,1054266,148674.0,157499.0,4100.0,4110.0,4012.0,4092.6,24528350,4501.8,3683.4,4440.0,3288.1,4029.3,31,3,4029.2,31,3,4029.1,43,4,4029.0,30,3,4028.9,225,4,4030.0,192,3,4030.1,57,2,4030.2,2,1,4030.3,42,1,4030.4,1,1
11483,2026-07-02 12:07:04+05:30,4030.0,52,4041.75,1054266,148674.0,157499.0,4100.0,4110.0,4012.0,4092.6,24528350,4501.8,3683.4,4440.0,3288.1,4029.3,31,3,4029.2,31,3,4029.1,43,4,4029.0,30,3,4028.9,225,4,4030.0,192,3,4030.1,57,2,4030.2,2,1,4030.3,42,1,4030.4,1,1
11483,2026-07-02 12:07:04+05:30,4030.0,52,4041.75,1054481,148522.0,157398.0,4100.0,4110.0,4012.0,4092.6,24528350,4501.8,3683.4,4440.0,3288.1,4029.4,30,4,4029.3,18,2,4029.2,23,2,4029.1,35,3,4029.0,28,3,4030.0,190,3,4030.1,15,1,4030.2,44,2,4030.4,1,1,4030.7,104,1
11483,2026-07-02 12:07:05+05:30,4029.8,15,4041.75,1054481,148522.0,157398.0,4100.0,4110.0,4012.0,4092.6,24528350,4501.8,3683.4,4440.0,3288.1,4029.4,30,4,4029.3,18,2,4029.2,23,2,4029.1,35,3,4029.0,28,3,4030.0,190,3,4030.1,15,1,4030.2,44,2,4030.4,1,1,4030.7,104,1
11483,2026-07-02 12:07:05+05:30,4029.8,15,4041.74,1054590,148421.0,157506.0,4100.0,4110.0,4012.0,4092.6,24528350,4501.8,3683.4,4440.0,3288.1,4029.5,12,1,4029.4,2,1,4029.3,31,3,4029.2,23,2,4029.1,20,2,4029.8,12,1,4030.0,390,4,4030.1,15,1,4030.2,44,2,4030.4,1,1
11483,2026-07-02 12:07:06+05:30,4030.0,11,4041.74,1054590,148421.0,157506.0,4100.0,4110.0,4012.0,4092.6,24528350,4501.8,3683.4,4440.0,3288.1,4029.5,12,1,4029.4,2,1,4029.3,31,3,4029.2,23,2,4029.1,20,2,4029.8,12,1,4030.0,390,4,4030.1,15,1,4030.2,44,2,4030.4,1,1
11483,2026-07-02 12:07:06+05:30,4030.0,11,4041.74,1055002,148125.0,157747.0,4100.0,4110.0,4012.0,4092.6,24528350,4501.8,3683.4,4440.0,3288.1,4029.4,2,1,4029.3,13,1,4028.9,230,2,4028.7,15,1,4028.6,30,1,4030.0,359,5,4030.1,66,3,4030.2,2,1,4030.4,17,2,4030.5,9,1
11483,2026-07-02 12:07:07+05:30,4030.0,54,4041.74,1055002,148125.0,157747.0,4100.0,4110.0,4012.0,4092.6,24528350,4501.8,3683.4,4440.0,3288.1,4029.4,2,1,4029.3,13,1,4028.9,230,2,4028.7,15,1,4028.6,30,1,4030.0,359,5,4030.1,66,3,4030.2,2,1,4030.4,17,2,4030.5,9,1
11483,2026-07-02 12:07:07+05:30,4030.0,54,4041.74,1055210,148058.0,157680.0,4100.0,4110.0,4012.0,4092.6,24528350,4501.8,3683.4,4440.0,3288.1,4028.9,182,1,4028.6,45,2,4028.5,31,1,4028.3,33,2,4028.2,3,1,4029.8,42,1,4030.0,218,4,4030.1,15,1,4030.2,2,1,4030.4,19,3
11483,2026-07-02 12:07:08+05:30,4029.9,31,4041.74,1055210,148058.0,157680.0,4100.0,4110.0,4012.0,4092.6,24528350,4501.8,3683.4,4440.0,3288.1,4028.9,182,1,4028.6,45,2,4028.5,31,1,4028.3,33,2,4028.2,3,1,4029.8,42,1,4030.0,218,4,4030.1,15,1,4030.2,2,1,4030.4,19,3
11483,2026-07-02 12:07:08+05:30,4029.9,31,4041.73,1055392,148045.0,157531.0,4100.0,4110.0,4012.0,4092.6,24528350,4501.8,3683.4,4440.0,3288.1,4028.9,157,1,4028.6,30,1,4028.4,48,1,4028.3,33,2,4028.2,18,2,4029.9,11,1,4030.0,176,3,4030.1,15,1,4030.2,2,1,4030.4,19,3
11483,2026-07-02 12:07:09+05:30,4029.5,40,4041.73,1055392,148045.0,157531.0,4100.0,4110.0,4012.0,4092.6,24528350,4501.8,3683.4,4440.0,3288.1,4028.9,157,1,4028.6,30,1,4028.4,48,1,4028.3,33,2,4028.2,18,2,4029.9,11,1,4030.0,176,3,4030.1,15,1,4030.2,2,1,4030.4,19,3
11483,2026-07-02 12:07:09+05:30,4029.5,40,4041.73,1055493,148241.0,157609.0,4100.0,4110.0,4012.0,4092.6,24528350,4501.8,3683.4,4440.0,3288.1,4029.0,2,1,4028.9,135,1,4028.6,30,1,4028.4,48,1,4028.3,33,2,4029.5,1,1,4029.6,42,1,4030.0,149,3,4030.1,15,1,4030.2,2,1
11483,2026-07-02 12:07:10+05:30,4030.0,47,4041.73,1055493,148241.0,157609.0,4100.0,4110.0,4012.0,4092.6,24528350,4501.8,3683.4,4440.0,3288.1,4029.0,2,1,4028.9,135,1,4028.6,30,1,4028.4,48,1,4028.3,33,2,4029.5,1,1,4029.6,42,1,4030.0,149,3,4030.1,15,1,4030.2,2,1
11483,2026-07-02 12:07:10+05:30,4030.0,47,4041.73,1055619,148165.0,157568.0,4100.0,4110.0,4012.0,4092.6,24528350,4501.8,3683.4,4440.0,3288.1,4028.9,135,1,4028.6,30,1,4028.4,34,2,4028.3,48,4,4028.2,3,1,4030.0,178,3,4030.1,15,1,4030.2,2,1,4030.4,19,3,4030.5,9,1
11483,2026-07-02 12:07:11+05:30,4030.0,8,4041.73,1055619,148165.0,157568.0,4100.0,4110.0,4012.0,4092.6,24528350,4501.8,3683.4,4440.0,3288.1,4028.9,135,1,4028.6,30,1,4028.4,34,2,4028.3,48,4,4028.2,3,1,4030.0,178,3,4030.1,15,1,4030.2,2,1,4030.4,19,3,4030.5,9,1
11483,2026-07-02 12:07:11+05:30,4030.0,8,4041.73,1055732,147897.0,157787.0,4100.0,4110.0,4012.0,4092.6,24528350,4501.8,3683.4,4440.0,3288.1,4028.9,120,1,4028.6,30,1,4028.4,3,1,4028.3,45,3,4028.2,3,1,4029.6,42,1,4029.7,42,1,4029.8,1,1,4030.0,264,4,4030.1,24,2
11483,2026-07-02 12:07:12+05:30,4029.8,30,4041.73,1055732,147897.0,157787.0,4100.0,4110.0,4012.0,4092.6,24528350,4501.8,3683.4,4440.0,3288.1,4028.9,120,1,4028.6,30,1,4028.4,3,1,4028.3,45,3,4028.2,3,1,4029.6,42,1,4029.7,42,1,4029.8,1,1,4030.0,264,4,4030.1,24,2
11483,2026-07-02 12:07:12+05:30,4029.8,30,4041.73,1055861,148048.0,157874.0,4100.0,4110.0,4012.0,4092.6,24528350,4501.8,3683.4,4440.0,3288.1,4028.9,106,1,4028.6,30,1,4028.3,64,2,4028.2,3,1,4028.1,8,1,4029.7,42,1,4029.8,27,3,4030.0,222,3,4030.1,34,2,4030.2,11,2
11483,2026-07-02 12:07:13+05:30,4029.5,27,4041.73,1055861,148048.0,157874.0,4100.0,4110.0,4012.0,4092.6,24528350,4501.8,3683.4,4440.0,3288.1,4028.9,106,1,4028.6,30,1,4028.3,64,2,4028.2,3,1,4028.1,8,1,4029.7,42,1,4029.8,27,3,4030.0,222,3,4030.1,34,2,4030.2,11,2
11483,2026-07-02 12:07:13+05:30,4029.5,27,4041.73,1055989,148042.0,157681.0,4100.0,4110.0,4012.0,4092.6,24528350,4501.8,3683.4,4440.0,3288.1,4028.9,90,1,4028.3,30,1,4028.1,6,1,4028.0,218,11,4027.9,34,1,4029.5,15,1,4029.8,18,2,4029.9,9,1,4030.0,233,4,4030.1,34,2
11483,2026-07-02 12:07:14+05:30,4029.5,8,4041.73,1055989,148042.0,157681.0,4100.0,4110.0,4012.0,4092.6,24528350,4501.8,3683.4,4440.0,3288.1,4028.9,90,1,4028.3,30,1,4028.1,6,1,4028.0,218,11,4027.9,34,1,4029.5,15,1,4029.8,18,2,4029.9,9,1,4030.0,233,4,4030.1,34,2
11483,2026-07-02 12:07:14+05:30,4029.5,8,4041.73,1056066,147120.0,157738.0,4100.0,4110.0,4012.0,4092.6,24528350,4501.8,3683.4,4440.0,3288.1,4028.9,70,1,4028.3,30,1,4028.1,6,1,4028.0,193,9,4027.9,34,1,4029.5,18,2,4029.8,18,2,4029.9,9,1,4030.0,233,4,4030.1,37,3
11483,2026-07-02 12:07:15+05:30,4029.8,2,4041.73,1056066,147120.0,157738.0,4100.0,4110.0,4012.0,4092.6,24528350,4501.8,3683.4,4440.0,3288.1,4028.9,70,1,4028.3,30,1,4028.1,6,1,4028.0,193,9,4027.9,34,1,4029.5,18,2,4029.8,18,2,4029.9,9,1,4030.0,233,4,4030.1,37,3
11483,2026-07-02 12:07:15+05:30,4029.8,2,4041.73,1056095,147286.0,157789.0,4100.0,4110.0,4012.0,4092.6,24528350,4501.8,3683.4,4440.0,3288.1,4028.9,61,1,4028.1,6,1,4028.0,193,9,4027.9,34,1,4027.8,30,2,4029.8,39,5,4030.0,233,4,4030.1,54,5,4030.2,11,2,4030.3,20,1
11483,2026-07-02 12:07:16+05:30,4029.5,1,4041.73,1056095,147286.0,157789.0,4100.0,4110.0,4012.0,4092.6,24528350,4501.8,3683.4,4440.0,3288.1,4028.9,61,1,4028.1,6,1,4028.0,193,9,4027.9,34,1,4027.8,30,2,4029.8,39,5,4030.0,233,4,4030.1,54,5,4030.2,11,2,4030.3,20,1
11483,2026-07-02 12:07:16+05:30,4029.5,1,4041.72,1056605,146903.0,157712.0,4100.0,4110.0,4012.0,4092.6,24528350,4501.8,3683.4,4440.0,3288.1,4028.9,58,1,4028.1,4,1,4028.0,156,7,4027.8,19,1,4027.7,84,3,4029.5,41,1,4029.6,52,2,4029.7,42,1,4029.8,25,3,4029.9,22,3
11483,2026-07-02 12:07:17+05:30,4028.0,25,4041.72,1056605,146903.0,157712.0,4100.0,4110.0,4012.0,4092.6,24528350,4501.8,3683.4,4440.0,3288.1,4028.9,58,1,4028.1,4,1,4028.0,156,7,4027.8,19,1,4027.7,84,3,4029.5,41,1,4029.6,52,2,4029.7,42,1,4029.8,25,3,4029.9,22,3
11483,2026-07-02 12:07:17+05:30,4028.0,25,4041.72,1056763,146879.0,157976.0,4100.0,4110.0,4012.0,4092.6,24528350,4501.8,3683.4,4440.0,3288.1,4028.0,40,2,4027.7,30,2,4027.5,45,3,4027.4,65,3,4027.3,4,2,4028.9,3,1,4029.4,10,1,4029.5,41,1,4029.6,52,2,4029.7,60,2
11483,2026-07-02 12:07:18+05:30,4028.0,19,4041.72,1056763,146879.0,157976.0,4100.0,4110.0,4012.0,4092.6,24528350,4501.8,3683.4,4440.0,3288.1,4028.0,40,2,4027.7,30,2,4027.5,45,3,4027.4,65,3,4027.3,4,2,4028.9,3,1,4029.4,10,1,4029.5,41,1,4029.6,52,2,4029.7,60,2
11483,2026-07-02 12:07:18+05:30,4028.0,19,4041.72,1056782,146832.0,157856.0,4100.0,4110.0,4012.0,4092.6,24528350,4501.8,3683.4,4440.0,3288.1,4028.0,21,2,4027.7,30,2,4027.5,45,3,4027.4,50,3,4027.3,1,1,4028.9,3,1,4029.4,10,1,4029.6,10,1,4029.7,20,2,4029.8,45,3
11483,2026-07-02 12:07:19+05:30,4030.5,21,4041.71,1057520,146573.0,157644.0,4100.0,4110.0,4012.0,4092.6,24528350,4501.8,3683.4,4440.0,3288.1,4028.2,19,1,4028.1,10,1,4028.0,22,4,4027.9,12,1,4027.8,9,1,4029.8,11,1,4029.9,53,5,4030.0,185,5,4030.1,11,1,4030.2,24,2
11483,2026-07-02 12:07:19+05:30,4028.2,2,4041.71,1057520,146573.0,157644.0,4100.0,4110.0,4012.0,4092.6,24528350,4501.8,3683.4,4440.0,3288.1,4028.2,19,1,4028.1,10,1,4028.0,22,4,4027.9,12,1,4027.8,9,1,4029.8,11,1,4029.9,53,5,4030.0,185,5,4030.1,11,1,4030.2,24,2
11483,2026-07-02 12:07:20+05:30,4028.2,1,4041.71,1057520,146573.0,157644.0,4100.0,4110.0,4012.0,4092.6,24528350,4501.8,3683.4,4440.0,3288.1,4028.2,19,1,4028.1,10,1,4028.0,22,4,4027.9,12,1,4027.8,9,1,4029.8,11,1,4029.9,53,5,4030.0,185,5,4030.1,11,1,4030.2,24,2
11483,2026-07-02 12:07:20+05:30,4028.2,1,4041.71,1057568,146442.0,158414.0,4100.0,4110.0,4012.0,4092.6,24528350,4501.8,3683.4,4440.0,3288.1,4028.0,3,1,4027.7,30,2,4027.3,36,4,4027.2,30,1,4027.1,18,2,4028.2,10,2,4029.6,59,2,4029.7,56,2,4029.8,33,3,4029.9,47,4
11483,2026-07-02 12:07:21+05:30,4028.2,1,4041.71,1057568,146442.0,158414.0,4100.0,4110.0,4012.0,4092.6,24528350,4501.8,3683.4,4440.0,3288.1,4028.0,3,1,4027.7,30,2,4027.3,36,4,4027.2,30,1,4027.1,18,2,4028.2,10,2,4029.6,59,2,4029.7,56,2,4029.8,33,3,4029.9,47,4
11483,2026-07-02 12:07:21+05:30,4028.2,1,4041.71,1057575,146281.0,158589.0,4100.0,4110.0,4012.0,4092.6,24528350,4501.8,3683.4,4440.0,3288.1,4027.7,32,2,4027.3,1,1,4027.2,33,2,4027.1,13,1,4027.0,43,2,4028.2,8,1,4029.4,11,1,4029.5,48,1,4029.6,101,4,4029.7,56,2
11483,2026-07-02 12:07:22+05:30,4027.7,1,4041.71,1057575,146281.0,158589.0,4100.0,4110.0,4012.0,4092.6,24528350,4501.8,3683.4,4440.0,3288.1,4027.7,32,2,4027.3,1,1,4027.2,33,2,4027.1,13,1,4027.0,43,2,4028.2,8,1,4029.4,11,1,4029.5,48,1,4029.6,101,4,4029.7,56,2
11483,2026-07-02 12:07:22+05:30,4028.2,1,4041.71,1057577,146279.0,158465.0,4100.0,4110.0,4012.0,4092.6,24528350,4501.8,3683.4,4440.0,3288.1,4027.9,26,4,4027.8,14,2,4027.7,25,3,4027.6,33,2,4027.5,39,4,4028.2,7,1,4029.6,40,2,4029.7,56,2,4029.8,30,2,4029.9,64,5
11483,2026-07-02 12:07:23+05:30,4028.2,1,4041.71,1057577,146279.0,158465.0,4100.0,4110.0,4012.0,4092.6,24528350,4501.8,3683.4,4440.0,3288.1,4027.9,26,4,4027.8,14,2,4027.7,25,3,4027.6,33,2,4027.5,39,4,4028.2,7,1,4029.6,40,2,4029.7,56,2,4029.8,30,2,4029.9,64,5
11483,2026-07-02 12:07:23+05:30,4028.2,1,4041.71,1057577,145595.0,158555.0,4100.0,4110.0,4012.0,4092.6,24528350,4501.8,3683.4,4440.0,3288.1,4027.9,11,2,4027.7,3,1,4027.6,11,1,4027.5,36,3,4027.4,17,3,4028.2,7,1,4029.3,48,1,4029.5,59,2,4029.6,42,2,4029.7,19,1
11483,2026-07-02 12:07:24+05:30,4028.2,1,4041.71,1057577,145595.0,158555.0,4100.0,4110.0,4012.0,4092.6,24528350,4501.8,3683.4,4440.0,3288.1,4027.9,11,2,4027.7,3,1,4027.6,11,1,4027.5,36,3,4027.4,17,3,4028.2,7,1,4029.3,48,1,4029.5,59,2,4029.6,42,2,4029.7,19,1
11483,2026-07-02 12:07:24+05:30,4028.2,1,4041.71,1057578,145575.0,158750.0,4100.0,4110.0,4012.0,4092.6,24528350,4501.8,3683.4,4440.0,3288.1,4027.9,11,2,4027.8,5,1,4027.7,3,1,4027.6,11,1,4027.5,36,3,4028.2,6,1,4029.3,48,1,4029.5,59,2,4029.6,90,3,4029.7,19,1
11483,2026-07-02 12:07:25+05:30,4027.3,24,4041.71,1057578,145575.0,158750.0,4100.0,4110.0,4012.0,4092.6,24528350,4501.8,3683.4,4440.0,3288.1,4027.9,11,2,4027.8,5,1,4027.7,3,1,4027.6,11,1,4027.5,36,3,4028.2,6,1,4029.3,48,1,4029.5,59,2,4029.6,90,3,4029.7,19,1
11483,2026-07-02 12:07:25+05:30,4027.3,24,4041.71,1057717,146141.0,158737.0,4100.0,4110.0,4012.0,4092.6,24528350,4501.8,3683.4,4440.0,3288.1,4027.9,24,3,4027.8,5,2,4027.7,20,3,4027.6,29,3,4027.5,38,4,4028.2,6,1,4029.6,72,3,4029.7,19,1,4029.8,25,2,4029.9,53,4
11483,2026-07-02 12:07:26+05:30,4028.2,8,4041.71,1057717,146141.0,158737.0,4100.0,4110.0,4012.0,4092.6,24528350,4501.8,3683.4,4440.0,3288.1,4027.9,24,3,4027.8,5,2,4027.7,20,3,4027.6,29,3,4027.5,38,4,4028.2,6,1,4029.6,72,3,4029.7,19,1,4029.8,25,2,4029.9,53,4
11483,2026-07-02 12:07:26+05:30,4028.2,1,4041.71,1057743,146382.0,158396.0,4100.0,4110.0,4012.0,4092.6,24528350,4501.8,3683.4,4440.0,3288.1,4027.9,22,2,4027.8,3,1,4027.7,20,3,4027.6,41,3,4027.5,38,4,4028.2,8,1,4029.6,42,2,4029.7,19,1,4029.8,3,1,4029.9,53,4
11483,2026-07-02 12:07:27+05:30,4028.2,25,4041.71,1057743,146382.0,158396.0,4100.0,4110.0,4012.0,4092.6,24528350,4501.8,3683.4,4440.0,3288.1,4027.9,22,2,4027.8,3,1,4027.7,20,3,4027.6,41,3,4027.5,38,4,4028.2,8,1,4029.6,42,2,4029.7,19,1,4029.8,3,1,4029.9,53,4
11483,2026-07-02 12:07:27+05:30,4028.0,2,4041.71,1057773,146311.0,158384.0,4100.0,4110.0,4012.0,4092.6,24528350,4501.8,3683.4,4440.0,3288.1,4028.0,14,1,4027.9,39,3,4027.8,3,1,4027.7,20,3,4027.6,22,2,4028.2,3,2,4029.6,4,1,4029.7,19,1,4029.8,3,1,4029.9,73,4
11483,2026-07-02 12:07:28+05:30,4029.7,7,4041.71,1057773,146311.0,158384.0,4100.0,4110.0,4012.0,4092.6,24528350,4501.8,3683.4,4440.0,3288.1,4028.0,14,1,4027.9,39,3,4027.8,3,1,4027.7,20,3,4027.6,22,2,4028.2,3,2,4029.6,4,1,4029.7,19,1,4029.8,3,1,4029.9,73,4
11483,2026-07-02 12:07:28+05:30,4029.7,7,4041.71,1057804,146449.0,158232.0,4100.0,4110.0,4012.0,4092.6,24528350,4501.8,3683.4,4440.0,3288.1,4028.1,45,3,4028.0,40,5,4027.9,20,1,4027.8,5,1,4027.7,39,5,4029.7,5,2,4029.8,3,1,4029.9,3,1,4030.0,130,2,4030.2,14,1
11483,2026-07-02 12:07:29+05:30,4028.1,5,4041.71,1057804,146449.0,158232.0,4100.0,4110.0,4012.0,4092.6,24528350,4501.8,3683.4,4440.0,3288.1,4028.1,45,3,4028.0,40,5,4027.9,20,1,4027.8,5,1,4027.7,39,5,4029.7,5,2,4029.8,3,1,4029.9,3,1,4030.0,130,2,4030.2,14,1
11483,2026-07-02 12:07:29+05:30,4028.1,5,4041.71,1057813,146514.0,158238.0,4100.0,4110.0,4012.0,4092.6,24528350,4501.8,3683.4,4440.0,3288.1,4028.1,36,3,4028.0,37,4,4027.9,20,1,4027.8,5,1,4027.7,39,5,4029.7,5,2,4029.8,3,1,4029.9,3,1,4030.0,136,3,4030.2,14,1
11483,2026-07-02 12:07:30+05:30,4028.1,1,4041.71,1057813,146514.0,158238.0,4100.0,4110.0,4012.0,4092.6,24528350,4501.8,3683.4,4440.0,3288.1,4028.1,36,3,4028.0,37,4,4027.9,20,1,4027.8,5,1,4027.7,39,5,4029.7,5,2,4029.8,3,1,4029.9,3,1,4030.0,136,3,4030.2,14,1
11483,2026-07-02 12:07:30+05:30,4028.1,1,4041.71,1057814,146561.0,158267.0,4100.0,4110.0,4012.0,4092.6,24528350,4501.8,3683.4,4440.0,3288.1,4028.6,2,2,4028.2,6,2,4028.1,13,2,4028.0,37,4,4027.8,3,1,4029.7,3,1,4029.8,3,1,4029.9,3,1,4030.0,141,3,4030.3,77,3
11483,2026-07-02 12:07:31+05:30,4030.0,6,4041.71,1057814,146561.0,158267.0,4100.0,4110.0,4012.0,4092.6,24528350,4501.8,3683.4,4440.0,3288.1,4028.6,2,2,4028.2,6,2,4028.1,13,2,4028.0,37,4,4027.8,3,1,4029.7,3,1,4029.8,3,1,4029.9,3,1,4030.0,141,3,4030.3,77,3
11483,2026-07-02 12:07:31+05:30,4030.0,6,4041.71,1057830,146635.0,157970.0,4100.0,4110.0,4012.0,4092.6,24528350,4501.8,3683.4,4440.0,3288.1,4028.6,2,2,4028.2,1,1,4028.0,32,3,4027.9,3,1,4027.8,3,1,4029.7,34,4,4029.8,33,4,4029.9,32,3,4030.0,126,3,4030.1,73,3
11483,2026-07-02 12:07:32+05:30,4028.6,1,4041.71,1057830,146635.0,157970.0,4100.0,4110.0,4012.0,4092.6,24528350,4501.8,3683.4,4440.0,3288.1,4028.6,2,2,4028.2,1,1,4028.0,32,3,4027.9,3,1,4027.8,3,1,4029.7,34,4,4029.8,33,4,4029.9,32,3,4030.0,126,3,4030.1,73,3
11483,2026-07-02 12:07:32+05:30,4028.6,1,4041.71,1057832,146681.0,157945.0,4100.0,4110.0,4012.0,4092.6,24528350,4501.8,3683.4,4440.0,3288.1,4029.2,1,1,4028.6,2,2,4028.2,1,1,4028.1,7,1,4028.0,22,2,4029.6,20,2,4029.7,3,1,4029.8,33,4,4029.9,44,4,4030.0,126,3
11483,2026-07-02 12:07:33+05:30,4028.6,1,4041.71,1057832,146677.0,157942.0,4100.0,4110.0,4012.0,4092.6,24528350,4501.8,3683.4,4440.0,3288.1,4029.2,1,1,4028.6,2,2,4028.2,2,2,4028.1,7,1,4028.0,22,2,4029.6,20,2,4029.7,3,1,4029.8,33,4,4029.9,44,4,4030.0,126,3
11483,2026-07-02 12:07:34+05:30,4029.2,2,4041.71,1057832,146677.0,157942.0,4100.0,4110.0,4012.0,4092.6,24528350,4501.8,3683.4,4440.0,3288.1,4029.2,1,1,4028.6,2,2,4028.2,2,2,4028.1,7,1,4028.0,22,2,4029.6,20,2,4029.7,3,1,4029.8,33,4,4029.9,44,4,4030.0,126,3
11483,2026-07-02 12:07:34+05:30,4029.2,2,4041.71,1057834,146649.0,156965.0,4100.0,4110.0,4012.0,4092.6,24528350,4501.8,3683.4,4440.0,3288.1,4029.3,2,1,4029.2,1,1,4028.6,2,2,4028.2,2,2,4028.1,7,1,4029.7,3,1,4029.8,20,3,4029.9,25,3,4030.0,126,3,4030.1,36,2
11483,2026-07-02 12:07:35+05:30,4029.6,1,4041.71,1057834,146649.0,156965.0,4100.0,4110.0,4012.0,4092.6,24528350,4501.8,3683.4,4440.0,3288.1,4029.3,2,1,4029.2,1,1,4028.6,2,2,4028.2,2,2,4028.1,7,1,4029.7,3,1,4029.8,20,3,4029.9,25,3,4030.0,126,3,4030.1,36,2
11483,2026-07-02 12:07:35+05:30,4029.6,1,4041.71,1057836,147022.0,156981.0,4100.0,4110.0,4012.0,4092.6,24528350,4501.8,3683.4,4440.0,3288.1,4029.3,2,1,4029.2,1,1,4028.6,2,2,4028.2,2,2,4028.1,10,2,4029.6,23,4,4029.7,12,3,4029.8,20,3,4029.9,25,3,4030.0,96,2
11483,2026-07-02 12:07:36+05:30,4030.0,65,4041.71,1057836,147022.0,156981.0,4100.0,4110.0,4012.0,4092.6,24528350,4501.8,3683.4,4440.0,3288.1,4029.3,2,1,4029.2,1,1,4028.6,2,2,4028.2,2,2,4028.1,10,2,4029.6,23,4,4029.7,12,3,4029.8,20,3,4029.9,25,3,4030.0,96,2
11483,2026-07-02 12:07:36+05:30,4030.0,65,4041.7,1057981,147356.0,156338.0,4100.0,4110.0,4012.0,4092.6,24528350,4501.8,3683.4,4440.0,3288.1,4029.3,2,1,4029.2,1,1,4028.7,4,1,4028.6,2,2,4028.4,7,2,4030.0,29,1,4030.1,34,2,4030.4,50,5,4030.5,11,1,4030.7,183,4
11483,2026-07-02 12:07:37+05:30,4030.0,1,4041.7,1057981,147356.0,156338.0,4100.0,4110.0,4012.0,4092.6,24528350,4501.8,3683.4,4440.0,3288.1,4029.3,2,1,4029.2,1,1,4028.7,4,1,4028.6,2,2,4028.4,7,2,4030.0,29,1,4030.1,34,2,4030.4,50,5,4030.5,11,1,4030.7,183,4
11483,2026-07-02 12:07:37+05:30,4030.0,1,4041.7,1058000,147337.0,156554.0,4100.0,4110.0,4012.0,4092.6,24528350,4501.8,3683.4,4440.0,3288.1,4028.6,2,2,4028.4,16,2,4028.3,42,2,4028.2,2,2,4028.0,68,5,4030.0,28,1,4030.1,34,2,4030.4,63,6,4030.5,17,2,4030.6,36,1
11483,2026-07-02 12:07:38+05:30,4028.6,1,4041.7,1058000,147337.0,156554.0,4100.0,4110.0,4012.0,4092.6,24528350,4501.8,3683.4,4440.0,3288.1,4028.6,2,2,4028.4,16,2,4028.3,42,2,4028.2,2,2,4028.0,68,5,4030.0,28,1,4030.1,34,2,4030.4,63,6,4030.5,17,2,4030.6,36,1
11483,2026-07-02 12:07:38+05:30,4028.6,1,4041.7,1058003,147322.0,156525.0,4100.0,4110.0,4012.0,4092.6,24528350,4501.8,3683.4,4440.0,3288.1,4028.4,28,1,4028.3,29,3,4028.2,5,3,4028.1,7,1,4028.0,87,5,4030.0,51,3,4030.1,23,1,4030.2,15,1,4030.4,76,6,4030.5,24,2
11483,2026-07-02 12:07:39+05:30,4028.3,1,4041.7,1058003,147322.0,156525.0,4100.0,4110.0,4012.0,4092.6,24528350,4501.8,3683.4,4440.0,3288.1,4028.4,28,1,4028.3,29,3,4028.2,5,3,4028.1,7,1,4028.0,87,5,4030.0,51,3,4030.1,23,1,4030.2,15,1,4030.4,76,6,4030.5,24,2
11483,2026-07-02 12:07:39+05:30,4028.3,4,4041.7,1058011,147114.0,156410.0,4100.0,4110.0,4012.0,4092.6,24528350,4501.8,3683.4,4440.0,3288.1,4028.3,5,1,4028.2,30,3,4028.1,7,1,4028.0,87,5,4027.8,10,2,4029.9,49,4,4030.0,44,3,4030.1,33,2,4030.2,32,3,4030.3,6,1
11483,2026-07-02 12:07:40+05:30,4028.3,1,4041.7,1058011,147114.0,156410.0,4100.0,4110.0,4012.0,4092.6,24528350,4501.8,3683.4,4440.0,3288.1,4028.3,5,1,4028.2,30,3,4028.1,7,1,4028.0,87,5,4027.8,10,2,4029.9,49,4,4030.0,44,3,4030.1,33,2,4030.2,32,3,4030.3,6,1
11483,2026-07-02 12:07:40+05:30,4028.3,1,4041.7,1058012,147209.0,156481.0,4100.0,4110.0,4012.0,4092.6,24528350,4501.8,3683.4,4440.0,3288.1,4028.4,2,1,4028.3,7,2,4028.2,30,3,4028.0,87,5,4027.9,19,1,4029.9,30,3,4030.0,44,3,4030.1,23,1,4030.2,25,2,4030.3,6,1
11483,2026-07-02 12:07:41+05:30,4028.3,1,4041.7,1058012,147556.0,156766.0,4100.0,4110.0,4012.0,4092.6,24528350,4501.8,3683.4,4440.0,3288.1,4028.4,2,1,4028.3,16,2,4028.2,2,2,4028.1,2,1,4028.0,75,4,4029.0,28,1,4029.9,21,2,4030.0,44,3,4030.1,23,1,4030.2,55,4
11483,2026-07-02 12:07:42+05:30,4029.0,3,4041.7,1058012,147556.0,156766.0,4100.0,4110.0,4012.0,4092.6,24528350,4501.8,3683.4,4440.0,3288.1,4028.4,2,1,4028.3,16,2,4028.2,2,2,4028.1,2,1,4028.0,75,4,4029.0,28,1,4029.9,21,2,4030.0,44,3,4030.1,23,1,4030.2,55,4
11483,2026-07-02 12:07:42+05:30,4029.0,2,4041.7,1058017,147674.0,156763.0,4100.0,4110.0,4012.0,4092.6,24528350,4501.8,3683.4,4440.0,3288.1,4028.4,2,1,4028.3,16,2,4028.2,2,2,4028.1,2,1,4028.0,75,4,4029.0,23,1,4029.9,21,2,4030.0,44,3,4030.1,23,1,4030.2,55,4
11483,2026-07-02 12:07:43+05:30,4029.0,2,4041.7,1058017,147674.0,156763.0,4100.0,4110.0,4012.0,4092.6,24528350,4501.8,3683.4,4440.0,3288.1,4028.4,2,1,4028.3,16,2,4028.2,2,2,4028.1,2,1,4028.0,75,4,4029.0,23,1,4029.9,21,2,4030.0,44,3,4030.1,23,1,4030.2,55,4
11483,2026-07-02 12:07:43+05:30,4029.0,2,4041.7,1058017,147675.0,156745.0,4100.0,4110.0,4012.0,4092.6,24528350,4501.8,3683.4,4440.0,3288.1,4028.4,2,1,4028.3,16,2,4028.2,2,2,4028.1,5,2,4028.0,75,4,4029.0,23,1,4029.9,21,2,4030.0,33,2,4030.1,23,1,4030.2,55,4
11483,2026-07-02 12:07:44+05:30,4028.4,4,4041.7,1058017,147675.0,156745.0,4100.0,4110.0,4012.0,4092.6,24528350,4501.8,3683.4,4440.0,3288.1,4028.4,2,1,4028.3,16,2,4028.2,2,2,4028.1,5,2,4028.0,75,4,4029.0,23,1,4029.9,21,2,4030.0,33,2,4030.1,23,1,4030.2,55,4
11483,2026-07-02 12:07:44+05:30,4028.4,4,4041.7,1058021,147564.0,156884.0,4100.0,4110.0,4012.0,4092.6,24528350,4501.8,3683.4,4440.0,3288.1,4028.5,2,1,4028.4,31,4,4028.3,25,3,4028.2,5,3,4028.1,10,2,4029.0,23,1,4029.9,21,2,4030.0,55,2,4030.1,23,1,4030.2,37,3
11483,2026-07-02 12:07:45+05:30,4028.5,1,4041.7,1058021,147564.0,156884.0,4100.0,4110.0,4012.0,4092.6,24528350,4501.8,3683.4,4440.0,3288.1,4028.5,2,1,4028.4,31,4,4028.3,25,3,4028.2,5,3,4028.1,10,2,4029.0,23,1,4029.9,21,2,4030.0,55,2,4030.1,23,1,4030.2,37,3
11483,2026-07-02 12:07:45+05:30,4028.5,1,4041.7,1058022,147628.0,157158.0,4100.0,4110.0,4012.0,4092.6,24528350,4501.8,3683.4,4440.0,3288.1,4028.4,12,2,4028.3,16,2,4028.2,2,2,4028.1,5,2,4028.0,93,5,4029.0,23,1,4029.9,21,2,4030.0,55,2,4030.1,23,1,4030.2,37,3
11483,2026-07-02 12:07:46+05:30,4029.0,7,4041.7,1058022,147628.0,157158.0,4100.0,4110.0,4012.0,4092.6,24528350,4501.8,3683.4,4440.0,3288.1,4028.4,12,2,4028.3,16,2,4028.2,2,2,4028.1,5,2,4028.0,93,5,4029.0,23,1,4029.9,21,2,4030.0,55,2,4030.1,23,1,4030.2,37,3
11483,2026-07-02 12:07:46+05:30,4029.0,7,4041.7,1058039,147902.0,157113.0,4100.0,4110.0,4012.0,4092.6,24528350,4501.8,3683.4,4440.0,3288.1,4028.4,2,1,4028.3,16,2,4028.2,2,2,4028.1,4,2,4028.0,77,5,4029.0,6,1,4029.4,4,1,4029.9,21,2,4030.0,55,2,4030.1,27,2
11483,2026-07-02 12:07:47+05:30,4028.4,2,4041.7,1058039,147902.0,157113.0,4100.0,4110.0,4012.0,4092.6,24528350,4501.8,3683.4,4440.0,3288.1,4028.4,2,1,4028.3,16,2,4028.2,2,2,4028.1,4,2,4028.0,77,5,4029.0,6,1,4029.4,4,1,4029.9,21,2,4030.0,55,2,4030.1,27,2
11483,2026-07-02 12:07:47+05:30,4028.4,2,4041.7,1058041,147883.0,156933.0,4100.0,4110.0,4012.0,4092.6,24528350,4501.8,3683.4,4440.0,3288.1,4028.4,2,1,4028.3,16,2,4028.2,2,2,4028.1,4,2,4028.0,77,5,4029.0,6,1,4029.4,4,1,4029.9,21,2,4030.0,55,2,4030.1,27,2
11483,2026-07-02 12:07:48+05:30,4029.0,6,4041.7,1058041,147883.0,156933.0,4100.0,4110.0,4012.0,4092.6,24528350,4501.8,3683.4,4440.0,3288.1,4028.4,2,1,4028.3,16,2,4028.2,2,2,4028.1,4,2,4028.0,77,5,4029.0,6,1,4029.4,4,1,4029.9,21,2,4030.0,55,2,4030.1,27,2
11483,2026-07-02 12:07:48+05:30,4029.0,6,4041.7,1058041,147883.0,156933.0,4100.0,4110.0,4012.0,4092.6,24528350,4501.8,3683.4,4440.0,3288.1,4028.4,2,1,4028.3,16,2,4028.2,2,2,4028.1,4,2,4028.0,77,5,4029.0,6,1,4029.4,4,1,4029.9,21,2,4030.0,55,2,4030.1,27,2
11483,2026-07-02 12:07:48+05:30,4029.0,6,4041.7,1058047,148201.0,156994.0,4100.0,4110.0,4012.0,4092.6,24528350,4501.8,3683.4,4440.0,3288.1,4029.0,9,1,4028.6,2,1,4028.4,8,2,4028.3,19,3,4028.2,7,3,4029.4,4,1,4029.9,21,2,4030.0,55,2,4030.1,27,2,4030.2,10,1
11483,2026-07-02 12:07:48+05:30,4029.0,6,4041.7,1058047,148201.0,156994.0,4100.0,4110.0,4012.0,4092.6,24528350,4501.8,3683.4,4440.0,3288.1,4029.0,9,1,4028.6,2,1,4028.4,8,2,4028.3,19,3,4028.2,7,3,4029.4,4,1,4029.9,21,2,4030.0,55,2,4030.1,27,2,4030.2,10,1
11483,2026-07-02 12:07:49+05:30,4029.0,6,4041.7,1058047,148201.0,156994.0,4100.0,4110.0,4012.0,4092.6,24528350,4501.8,3683.4,4440.0,3288.1,4029.0,9,1,4028.6,2,1,4028.4,8,2,4028.3,19,3,4028.2,7,3,4029.4,4,1,4029.9,21,2,4030.0,55,2,4030.1,27,2,4030.2,10,1
11483,2026-07-02 12:07:49+05:30,4029.0,1,4041.7,1058047,148201.0,156994.0,4100.0,4110.0,4012.0,4092.6,24528350,4501.8,3683.4,4440.0,3288.1,4029.0,9,1,4028.6,2,1,4028.4,8,2,4028.3,19,3,4028.2,7,3,4029.4,4,1,4029.9,21,2,4030.0,55,2,4030.1,27,2,4030.2,10,1
11483,2026-07-02 12:07:49+05:30,4029.0,1,4041.7,1058048,148280.0,156844.0,4100.0,4110.0,4012.0,4092.6,24528350,4501.8,3683.4,4440.0,3288.1,4029.1,2,1,4029.0,8,1,4028.6,2,1,4028.4,6,1,4028.3,16,2,4029.4,4,1,4029.9,21,2,4030.0,55,2,4030.1,27,2,4030.2,10,1
11483,2026-07-02 12:07:49+05:30,4029.0,1,4041.7,1058048,148280.0,156844.0,4100.0,4110.0,4012.0,4092.6,24528350,4501.8,3683.4,4440.0,3288.1,4029.1,2,1,4029.0,8,1,4028.6,2,1,4028.4,6,1,4028.3,16,2,4029.4,4,1,4029.9,21,2,4030.0,55,2,4030.1,27,2,4030.2,10,1
11483,2026-07-02 12:07:50+05:30,4029.4,10,4041.7,1058048,148280.0,156844.0,4100.0,4110.0,4012.0,4092.6,24528350,4501.8,3683.4,4440.0,3288.1,4029.1,2,1,4029.0,8,1,4028.6,2,1,4028.4,6,1,4028.3,16,2,4029.4,4,1,4029.9,21,2,4030.0,55,2,4030.1,27,2,4030.2,10,1
11483,2026-07-02 12:07:50+05:30,4029.4,10,4041.7,1058048,148280.0,156844.0,4100.0,4110.0,4012.0,4092.6,24528350,4501.8,3683.4,4440.0,3288.1,4029.1,2,1,4029.0,8,1,4028.6,2,1,4028.4,6,1,4028.3,16,2,4029.4,4,1,4029.9,21,2,4030.0,55,2,4030.1,27,2,4030.2,10,1
11483,2026-07-02 12:07:50+05:30,4029.4,10,4041.7,1058058,148279.0,156891.0,4100.0,4110.0,4012.0,4092.6,24528350,4501.8,3683.4,4440.0,3288.1,4029.1,2,1,4029.0,8,1,4028.6,2,1,4028.4,6,1,4028.3,16,2,4029.4,2,1,4029.9,21,2,4030.0,55,2,4030.1,27,2,4030.2,10,1
11483,2026-07-02 12:07:50+05:30,4029.4,10,4041.7,1058058,148279.0,156891.0,4100.0,4110.0,4012.0,4092.6,24528350,4501.8,3683.4,4440.0,3288.1,4029.1,2,1,4029.0,8,1,4028.6,2,1,4028.4,6,1,4028.3,16,2,4029.4,2,1,4029.9,21,2,4030.0,55,2,4030.1,27,2,4030.2,10,1
11483,2026-07-02 12:07:51+05:30,4029.4,1,4041.7,1058058,148279.0,156891.0,4100.0,4110.0,4012.0,4092.6,24528350,4501.8,3683.4,4440.0,3288.1,4029.1,2,1,4029.0,8,1,4028.6,2,1,4028.4,6,1,4028.3,16,2,4029.4,2,1,4029.9,21,2,4030.0,55,2,4030.1,27,2,4030.2,10,1
11483,2026-07-02 12:07:51+05:30,4029.4,1,4041.7,1058058,148279.0,156891.0,4100.0,4110.0,4012.0,4092.6,24528350,4501.8,3683.4,4440.0,3288.1,4029.1,2,1,4029.0,8,1,4028.6,2,1,4028.4,6,1,4028.3,16,2,4029.4,2,1,4029.9,21,2,4030.0,55,2,4030.1,27,2,4030.2,10,1
11483,2026-07-02 12:07:51+05:30,4029.1,1,4041.7,1058061,148279.0,156830.0,4100.0,4110.0,4012.0,4092.6,24528350,4501.8,3683.4,4440.0,3288.1,4029.1,2,1,4029.0,8,1,4028.6,2,1,4028.4,6,1,4028.3,16,2,4029.4,1,1,4029.9,21,2,4030.0,55,2,4030.1,27,2,4030.2,10,1
11483,2026-07-02 12:07:51+05:30,4029.1,1,4041.7,1058061,148279.0,156830.0,4100.0,4110.0,4012.0,4092.6,24528350,4501.8,3683.4,4440.0,3288.1,4029.1,2,1,4029.0,8,1,4028.6,2,1,4028.4,6,1,4028.3,16,2,4029.4,1,1,4029.9,21,2,4030.0,55,2,4030.1,27,2,4030.2,10,1
11483,2026-07-02 12:07:52+05:30,4029.1,1,4041.7,1058061,148279.0,156830.0,4100.0,4110.0,4012.0,4092.6,24528350,4501.8,3683.4,4440.0,3288.1,4029.1,2,1,4029.0,8,1,4028.6,2,1,4028.4,6,1,4028.3,16,2,4029.4,1,1,4029.9,21,2,4030.0,55,2,4030.1,27,2,4030.2,10,1
11483,2026-07-02 12:07:52+05:30,4029.2,1,4041.7,1058061,148279.0,156830.0,4100.0,4110.0,4012.0,4092.6,24528350,4501.8,3683.4,4440.0,3288.1,4029.1,2,1,4029.0,8,1,4028.6,2,1,4028.4,6,1,4028.3,16,2,4029.4,1,1,4029.9,21,2,4030.0,55,2,4030.1,27,2,4030.2,10,1
11483,2026-07-02 12:07:52+05:30,4029.2,1,4041.7,1058061,148279.0,156830.0,4100.0,4110.0,4012.0,4092.6,24551450,4501.8,3683.4,4440.0,3288.1,4029.1,2,1,4029.0,8,1,4028.6,2,1,4028.4,6,1,4028.3,16,2,4029.4,1,1,4029.9,21,2,4030.0,55,2,4030.1,27,2,4030.2,10,1
11483,2026-07-02 12:07:52+05:30,4029.0,5,4041.7,1058083,147979.0,156760.0,4100.0,4110.0,4012.0,4092.6,24551450,4501.8,3683.4,4440.0,3288.1,4029.0,3,1,4028.6,2,1,4028.4,6,1,4028.3,16,2,4028.2,10,4,4029.9,15,2,4030.0,55,2,4030.1,27,2,4030.2,10,1,4030.3,6,1
11483,2026-07-02 12:07:52+05:30,4029.0,5,4041.7,1058083,147979.0,156760.0,4100.0,4110.0,4012.0,4092.6,24551450,4501.8,3683.4,4440.0,3288.1,4029.0,3,1,4028.6,2,1,4028.4,6,1,4028.3,16,2,4028.2,10,4,4029.9,15,2,4030.0,55,2,4030.1,27,2,4030.2,10,1,4030.3,6,1
11483,2026-07-02 12:07:53+05:30,4029.0,5,4041.7,1058083,147979.0,156760.0,4100.0,4110.0,4012.0,4092.6,24551450,4501.8,3683.4,4440.0,3288.1,4029.0,3,1,4028.6,2,1,4028.4,6,1,4028.3,16,2,4028.2,10,4,4029.9,15,2,4030.0,55,2,4030.1,27,2,4030.2,10,1,4030.3,6,1
11483,2026-07-02 12:07:53+05:30,4029.9,1,4041.7,1058083,147979.0,156760.0,4100.0,4110.0,4012.0,4092.6,24551450,4501.8,3683.4,4440.0,3288.1,4029.0,3,1,4028.6,2,1,4028.4,6,1,4028.3,16,2,4028.2,10,4,4029.9,15,2,4030.0,55,2,4030.1,27,2,4030.2,10,1,4030.3,6,1
11483,2026-07-02 12:07:53+05:30,4029.9,1,4041.7,1058083,147979.0,156760.0,4100.0,4110.0,4012.0,4092.6,24551450,4501.8,3683.4,4440.0,3288.1,4029.0,3,1,4028.6,2,1,4028.4,6,1,4028.3,16,2,4028.2,10,4,4029.9,15,2,4030.0,55,2,4030.1,27,2,4030.2,10,1,4030.3,6,1
11483,2026-07-02 12:07:53+05:30,4029.9,3,4041.7,1058090,148083.0,156815.0,4100.0,4110.0,4012.0,4092.6,24551450,4501.8,3683.4,4440.0,3288.1,4029.0,1,1,4028.6,2,1,4028.5,5,1,4028.4,57,2,4028.3,88,5,4029.9,11,2,4030.0,55,2,4030.1,27,2,4030.2,10,1,4030.3,6,1
11483,2026-07-02 12:07:53+05:30,4029.9,3,4041.7,1058090,148083.0,156815.0,4100.0,4110.0,4012.0,4092.6,24551450,4501.8,3683.4,4440.0,3288.1,4029.0,1,1,4028.6,2,1,4028.5,5,1,4028.4,57,2,4028.3,88,5,4029.9,11,2,4030.0,55,2,4030.1,27,2,4030.2,10,1,4030.3,6,1
11483,2026-07-02 12:07:54+05:30,4029.9,3,4041.7,1058090,148083.0,156815.0,4100.0,4110.0,4012.0,4092.6,24551450,4501.8,3683.4,4440.0,3288.1,4029.0,1,1,4028.6,2,1,4028.5,5,1,4028.4,57,2,4028.3,88,5,4029.9,11,2,4030.0,55,2,4030.1,27,2,4030.2,10,1,4030.3,6,1
11483,2026-07-02 12:07:54+05:30,4029.9,1,4041.7,1058090,148083.0,156815.0,4100.0,4110.0,4012.0,4092.6,24551450,4501.8,3683.4,4440.0,3288.1,4029.0,1,1,4028.6,2,1,4028.5,5,1,4028.4,57,2,4028.3,88,5,4029.9,11,2,4030.0,55,2,4030.1,27,2,4030.2,10,1,4030.3,6,1
11483,2026-07-02 12:07:54+05:30,4029.9,1,4041.7,1058092,148018.0,156998.0,4100.0,4110.0,4012.0,4092.6,24551450,4501.8,3683.4,4440.0,3288.1,4028.6,2,1,4028.4,57,2,4028.3,88,5,4028.2,18,3,4028.1,1,1,4029.9,10,1,4030.0,55,2,4030.1,27,2,4030.2,10,1,4030.3,6,1
11483,2026-07-02 12:07:55+05:30,4029.9,1,4041.7,1058092,147785.0,156918.0,4100.0,4110.0,4012.0,4092.6,24551450,4501.8,3683.4,4440.0,3288.1,4028.6,2,1,4028.4,57,2,4028.3,88,5,4028.2,2,2,4028.1,17,2,4030.0,78,4,4030.1,27,2,4030.3,39,2,4030.4,81,7,4030.5,63,5
11483,2026-07-02 12:07:56+05:30,4028.4,16,4041.7,1058092,147785.0,156918.0,4100.0,4110.0,4012.0,4092.6,24551450,4501.8,3683.4,4440.0,3288.1,4028.6,2,1,4028.4,57,2,4028.3,88,5,4028.2,2,2,4028.1,17,2,4030.0,78,4,4030.1,27,2,4030.3,39,2,4030.4,81,7,4030.5,63,5
11483,2026-07-02 12:07:56+05:30,4028.4,16,4041.7,1058111,147803.0,156982.0,4100.0,4110.0,4012.0,4092.6,24551450,4501.8,3683.4,4440.0,3288.1,4028.2,2,2,4028.0,69,6,4027.8,6,1,4027.7,47,4,4027.6,22,2,4029.8,8,1,4029.9,92,4,4030.0,112,5,4030.1,36,4,4030.2,15,2
11483,2026-07-02 12:07:57+05:30,4029.8,1,4041.7,1058111,147803.0,156982.0,4100.0,4110.0,4012.0,4092.6,24551450,4501.8,3683.4,4440.0,3288.1,4028.2,2,2,4028.0,69,6,4027.8,6,1,4027.7,47,4,4027.6,22,2,4029.8,8,1,4029.9,92,4,4030.0,112,5,4030.1,36,4,4030.2,15,2
11483,2026-07-02 12:07:57+05:30,4029.8,1,4041.7,1058214,147651.0,156974.0,4100.0,4110.0,4012.0,4092.6,24551450,4501.8,3683.4,4440.0,3288.1,4028.1,21,1,4028.0,26,2,4027.9,59,4,4027.8,1,1,4027.7,35,5,4029.7,6,1,4029.8,25,3,4029.9,41,3,4030.0,91,4,4030.1,32,3
11483,2026-07-02 12:07:58+05:30,4028.1,12,4041.7,1058214,147651.0,156974.0,4100.0,4110.0,4012.0,4092.6,24551450,4501.8,3683.4,4440.0,3288.1,4028.1,21,1,4028.0,26,2,4027.9,59,4,4027.8,1,1,4027.7,35,5,4029.7,6,1,4029.8,25,3,4029.9,41,3,4030.0,91,4,4030.1,32,3
11483,2026-07-02 12:07:58+05:30,4029.7,1,4041.7,1058227,147656.0,156913.0,4100.0,4110.0,4012.0,4092.6,24551450,4501.8,3683.4,4440.0,3288.1,4028.1,9,1,4028.0,26,2,4027.9,59,4,4027.8,1,1,4027.7,35,5,4029.7,5,1,4029.8,25,3,4029.9,41,3,4030.0,66,4,4030.1,32,3
11483,2026-07-02 12:07:59+05:30,4029.9,8,4041.7,1058227,147656.0,156913.0,4100.0,4110.0,4012.0,4092.6,24551450,4501.8,3683.4,4440.0,3288.1,4028.1,9,1,4028.0,26,2,4027.9,59,4,4027.8,1,1,4027.7,35,5,4029.7,5,1,4029.8,25,3,4029.9,41,3,4030.0,66,4,4030.1,32,3
11483,2026-07-02 12:07:59+05:30,4029.9,8,4041.7,1058291,147458.0,156911.0,4100.0,4110.0,4012.0,4092.6,24551450,4501.8,3683.4,4440.0,3288.1,4028.1,25,3,4028.0,22,2,4027.9,59,4,4027.8,4,2,4027.7,32,4,4029.8,3,1,4029.9,31,3,4030.0,61,3,4030.1,53,4,4030.2,11,2
11483,2026-07-02 12:08:00+05:30,4029.9,11,4041.7,1058291,147458.0,156911.0,4100.0,4110.0,4012.0,4092.6,24551450,4501.8,3683.4,4440.0,3288.1,4028.1,25,3,4028.0,22,2,4027.9,59,4,4027.8,4,2,4027.7,32,4,4029.8,3,1,4029.9,31,3,4030.0,61,3,4030.1,53,4,4030.2,11,2
11483,2026-07-02 12:08:00+05:30,4029.9,11,4041.7,1058359,147693.0,156874.0,4100.0,4110.0,4012.0,4092.6,24551450,4501.8,3683.4,4440.0,3288.1,4028.2,10,1,4028.1,32,2,4028.0,64,7,4027.9,59,4,4027.8,13,3,4029.8,53,5,4029.9,1,1,4030.0,61,3,4030.1,32,3,4030.2,30,3
11483,2026-07-02 12:08:01+05:30,4029.8,2,4041.7,1058359,147693.0,156874.0,4100.0,4110.0,4012.0,4092.6,24551450,4501.8,3683.4,4440.0,3288.1,4028.2,10,1,4028.1,32,2,4028.0,64,7,4027.9,59,4,4027.8,13,3,4029.8,53,5,4029.9,1,1,4030.0,61,3,4030.1,32,3,4030.2,30,3
11483,2026-07-02 12:08:01+05:30,4029.8,2,4041.7,1058372,147692.0,156875.0,4100.0,4110.0,4012.0,4092.6,24551450,4501.8,3683.4,4440.0,3288.1,4028.2,19,2,4028.1,33,3,4028.0,44,5,4027.9,65,5,4027.8,7,2,4029.8,48,4,4029.9,1,1,4030.0,61,3,4030.1,51,4,4030.2,11,2
11483,2026-07-02 12:08:02+05:30,4029.8,10,4041.7,1058372,147692.0,156875.0,4100.0,4110.0,4012.0,4092.6,24551450,4501.8,3683.4,4440.0,3288.1,4028.2,19,2,4028.1,33,3,4028.0,44,5,4027.9,65,5,4027.8,7,2,4029.8,48,4,4029.9,1,1,4030.0,61,3,4030.1,51,4,4030.2,11,2
11483,2026-07-02 12:08:02+05:30,4029.8,10,4041.7,1058403,147577.0,156842.0,4100.0,4110.0,4012.0,4092.6,24551450,4501.8,3683.4,4440.0,3288.1,4029.0,1,1,4028.2,16,2,4028.1,37,5,4028.0,24,3,4027.9,49,3,4029.9,24,4,4030.0,55,2,4030.1,32,3,4030.2,9,1,4030.3,28,5
11483,2026-07-02 12:08:03+05:30,4029.0,1,4041.7,1058403,147577.0,156842.0,4100.0,4110.0,4012.0,4092.6,24551450,4501.8,3683.4,4440.0,3288.1,4029.0,1,1,4028.2,16,2,4028.1,37,5,4028.0,24,3,4027.9,49,3,4029.9,24,4,4030.0,55,2,4030.1,32,3,4030.2,9,1,4030.3,28,5
11483,2026-07-02 12:08:03+05:30,4029.0,1,4041.7,1058407,147572.0,156819.0,4100.0,4110.0,4012.0,4092.6,24551450,4501.8,3683.4,4440.0,3288.1,4028.3,12,2,4028.2,38,5,4028.1,53,5,4028.0,43,5,4027.9,55,4,4029.9,19,3,4030.0,55,2,4030.1,32,3,4030.2,9,1,4030.3,8,2
11483,2026-07-02 12:08:04+05:30,4028.4,1,4041.7,1058407,147572.0,156819.0,4100.0,4110.0,4012.0,4092.6,24551450,4501.8,3683.4,4440.0,3288.1,4028.3,12,2,4028.2,38,5,4028.1,53,5,4028.0,43,5,4027.9,55,4,4029.9,19,3,4030.0,55,2,4030.1,32,3,4030.2,9,1,4030.3,8,2
11483,2026-07-02 12:08:04+05:30,4028.4,1,4041.7,1058409,147599.0,156958.0,4100.0,4110.0,4012.0,4092.6,24551450,4501.8,3683.4,4440.0,3288.1,4028.4,9,2,4028.3,52,4,4028.2,21,3,4028.1,19,4,4028.0,51,5,4029.9,125,3,4030.0,55,2,4030.1,41,4,4030.3,8,2,4030.4,247,8
11483,2026-07-02 12:08:05+05:30,4028.4,1,4041.7,1058409,147653.0,156959.0,4100.0,4110.0,4012.0,4092.6,24551450,4501.8,3683.4,4440.0,3288.1,4028.4,14,3,4028.3,52,4,4028.2,38,5,4028.1,9,2,4028.0,101,6,4029.7,4,1,4029.9,125,3,4030.0,55,2,4030.1,41,4,4030.3,8,2
11483,2026-07-02 12:08:06+05:30,4029.7,4,4041.7,1058409,147653.0,156959.0,4100.0,4110.0,4012.0,4092.6,24551450,4501.8,3683.4,4440.0,3288.1,4028.4,14,3,4028.3,52,4,4028.2,38,5,4028.1,9,2,4028.0,101,6,4029.7,4,1,4029.9,125,3,4030.0,55,2,4030.1,41,4,4030.3,8,2
11483,2026-07-02 12:08:06+05:30,4029.7,4,4041.7,1058413,148125.0,156858.0,4100.0,4110.0,4012.0,4092.6,24551450,4501.8,3683.4,4440.0,3288.1,4029.7,1,1,4028.4,59,4,4028.3,93,6,4028.2,21,3,4028.1,209,3,4029.9,125,3,4030.0,55,2,4030.1,28,3,4030.2,19,2,4030.3,8,2
11483,2026-07-02 12:08:07+05:30,4029.9,1,4041.7,1058413,148125.0,156858.0,4100.0,4110.0,4012.0,4092.6,24551450,4501.8,3683.4,4440.0,3288.1,4029.7,1,1,4028.4,59,4,4028.3,93,6,4028.2,21,3,4028.1,209,3,4029.9,125,3,4030.0,55,2,4030.1,28,3,4030.2,19,2,4030.3,8,2
11483,2026-07-02 12:08:07+05:30,4029.9,1,4041.7,1058432,148122.0,156849.0,4100.0,4110.0,4012.0,4092.6,24551450,4501.8,3683.4,4440.0,3288.1,4029.7,1,1,4028.4,57,3,4028.3,93,6,4028.2,21,3,4028.1,209,3,4029.9,106,2,4030.0,55,2,4030.1,28,3,4030.2,19,2,4030.3,8,2
11483,2026-07-02 12:08:08+05:30,4029.7,3,4041.7,1058432,148122.0,156849.0,4100.0,4110.0,4012.0,4092.6,24551450,4501.8,3683.4,4440.0,3288.1,4029.7,1,1,4028.4,57,3,4028.3,93,6,4028.2,21,3,4028.1,209,3,4029.9,106,2,4030.0,55,2,4030.1,28,3,4030.2,19,2,4030.3,8,2
11483,2026-07-02 12:08:08+05:30,4029.9,46,4041.7,1058485,148421.0,156813.0,4100.0,4110.0,4012.0,4092.6,24551450,4501.8,3683.4,4440.0,3288.1,4028.6,55,5,4028.5,30,3,4028.4,26,2,4028.3,38,2,4028.2,61,4,4029.9,51,1,4030.0,55,2,4030.1,4,1,4030.2,9,1,4030.4,40,5
11483,2026-07-02 12:08:09+05:30,4029.9,2,4041.7,1058485,148421.0,156813.0,4100.0,4110.0,4012.0,4092.6,24551450,4501.8,3683.4,4440.0,3288.1,4028.6,55,5,4028.5,30,3,4028.4,26,2,4028.3,38,2,4028.2,61,4,4029.9,51,1,4030.0,55,2,4030.1,4,1,4030.2,9,1,4030.4,40,5
11483,2026-07-02 12:08:09+05:30,4029.9,2,4041.7,1058493,148637.0,156399.0,4100.0,4110.0,4012.0,4092.6,24551450,4501.8,3683.4,4440.0,3288.1,4029.8,3,1,4028.7,41,3,4028.6,51,5,4028.5,20,2,4028.4,31,3,4029.9,49,1,4030.0,110,4,4030.1,9,2,4030.4,18,5,4030.5,11,1
11483,2026-07-02 12:08:10+05:30,4029.8,1,4041.7,1058493,148637.0,156399.0,4100.0,4110.0,4012.0,4092.6,24551450,4501.8,3683.4,4440.0,3288.1,4029.8,3,1,4028.7,41,3,4028.6,51,5,4028.5,20,2,4028.4,31,3,4029.9,49,1,4030.0,110,4,4030.1,9,2,4030.4,18,5,4030.5,11,1
11483,2026-07-02 12:08:10+05:30,4029.8,1,4041.7,1058494,148607.0,156228.0,4100.0,4110.0,4012.0,4092.6,24551450,4501.8,3683.4,4440.0,3288.1,4029.8,2,1,4028.7,38,2,4028.6,54,6,4028.5,20,2,4028.4,31,3,4029.9,49,1,4030.0,110,4,4030.1,9,2,4030.4,18,5,4030.5,11,1
11483,2026-07-02 12:08:11+05:30,4029.9,4,4041.7,1058494,148607.0,156228.0,4100.0,4110.0,4012.0,4092.6,24551450,4501.8,3683.4,4440.0,3288.1,4029.8,2,1,4028.7,38,2,4028.6,54,6,4028.5,20,2,4028.4,31,3,4029.9,49,1,4030.0,110,4,4030.1,9,2,4030.4,18,5,4030.5,11,1
11483,2026-07-02 12:08:11+05:30,4029.9,1,4041.7,1058499,148329.0,156212.0,4100.0,4110.0,4012.0,4092.6,24551450,4501.8,3683.4,4440.0,3288.1,4029.8,2,1,4028.7,38,2,4028.6,49,4,4028.5,23,3,4028.4,31,3,4029.9,44,1,4030.0,110,4,4030.1,9,2,4030.4,18,5,4030.5,11,1
11483,2026-07-02 12:08:12+05:30,4029.9,5,4041.7,1058499,148329.0,156212.0,4100.0,4110.0,4012.0,4092.6,24551450,4501.8,3683.4,4440.0,3288.1,4029.8,2,1,4028.7,38,2,4028.6,49,4,4028.5,23,3,4028.4,31,3,4029.9,44,1,4030.0,110,4,4030.1,9,2,4030.4,18,5,4030.5,11,1
11483,2026-07-02 12:08:12+05:30,4029.9,5,4041.7,1058505,148947.0,156255.0,4100.0,4110.0,4012.0,4092.6,24551450,4501.8,3683.4,4440.0,3288.1,4029.8,2,2,4028.7,38,2,4028.6,31,3,4028.5,23,3,4028.4,31,3,4029.9,39,1,4030.0,110,4,4030.1,9,2,4030.4,15,4,4030.5,11,1
11483,2026-07-02 12:08:13+05:30,4029.9,9,4041.7,1058505,148947.0,156255.0,4100.0,4110.0,4012.0,4092.6,24551450,4501.8,3683.4,4440.0,3288.1,4029.8,2,2,4028.7,38,2,4028.6,31,3,4028.5,23,3,4028.4,31,3,4029.9,39,1,4030.0,110,4,4030.1,9,2,4030.4,15,4,4030.5,11,1
11483,2026-07-02 12:08:13+05:30,4029.9,9,4041.7,1058524,149115.0,155814.0,4100.0,4110.0,4012.0,4092.6,24551450,4501.8,3683.4,4440.0,3288.1,4029.8,2,2,4028.9,33,2,4028.8,42,2,4028.7,34,1,4028.6,78,5,4029.9,21,2,4030.0,101,3,4030.1,4,1,4030.4,3,2,4030.7,104,1
11483,2026-07-02 12:08:14+05:30,4030.1,4,4041.7,1058524,149115.0,155814.0,4100.0,4110.0,4012.0,4092.6,24551450,4501.8,3683.4,4440.0,3288.1,4029.8,2,2,4028.9,33,2,4028.8,42,2,4028.7,34,1,4028.6,78,5,4029.9,21,2,4030.0,101,3,4030.1,4,1,4030.4,3,2,4030.7,104,1
11483,2026-07-02 12:08:14+05:30,4030.1,4,4041.66,1062007,147967.0,156293.0,4100.0,4110.0,4012.0,4092.6,24551450,4501.8,3683.4,4440.0,3288.1,4028.4,10,2,4028.3,57,3,4028.2,12,2,4028.1,210,4,4028.0,95,6,4029.9,29,1,4030.0,163,7,4030.1,23,3,4030.4,9,3,4030.5,39,3
11483,2026-07-02 12:08:15+05:30,4028.4,42,4041.66,1062007,147967.0,156293.0,4100.0,4110.0,4012.0,4092.6,24551450,4501.8,3683.4,4440.0,3288.1,4028.4,10,2,4028.3,57,3,4028.2,12,2,4028.1,210,4,4028.0,95,6,4029.9,29,1,4030.0,163,7,4030.1,23,3,4030.4,9,3,4030.5,39,3
11483,2026-07-02 12:08:15+05:30,4028.4,42,4041.66,1062291,147554.0,156695.0,4100.0,4110.0,4012.0,4092.6,24551450,4501.8,3683.4,4440.0,3288.1,4028.2,9,1,4028.1,210,4,4028.0,66,3,4027.9,24,1,4027.8,12,1,4028.4,42,1,4029.8,18,2,4029.9,93,4,4030.0,123,3,4030.1,23,3
11483,2026-07-02 12:08:16+05:30,4028.2,18,4041.66,1062291,147554.0,156695.0,4100.0,4110.0,4012.0,4092.6,24551450,4501.8,3683.4,4440.0,3288.1,4028.2,9,1,4028.1,210,4,4028.0,66,3,4027.9,24,1,4027.8,12,1,4028.4,42,1,4029.8,18,2,4029.9,93,4,4030.0,123,3,4030.1,23,3
11483,2026-07-02 12:08:16+05:30,4028.2,18,4041.66,1062325,147856.0,156740.0,4100.0,4110.0,4012.0,4092.6,24551450,4501.8,3683.4,4440.0,3288.1,4028.2,63,1,4028.1,244,4,4028.0,128,7,4027.9,72,3,4027.8,6,1,4028.4,42,1,4029.8,18,2,4029.9,41,2,4030.0,123,3,4030.1,53,4
11483,2026-07-02 12:08:17+05:30,4028.4,1,4041.66,1062325,147856.0,156740.0,4100.0,4110.0,4012.0,4092.6,24551450,4501.8,3683.4,4440.0,3288.1,4028.2,63,1,4028.1,244,4,4028.0,128,7,4027.9,72,3,4027.8,6,1,4028.4,42,1,4029.8,18,2,4029.9,41,2,4030.0,123,3,4030.1,53,4
11483,2026-07-02 12:08:17+05:30,4028.4,31,4041.65,1062463,148289.0,156395.0,4100.0,4110.0,4012.0,4092.6,24551450,4501.8,3683.4,4440.0,3288.1,4028.4,95,9,4028.3,78,3,4028.2,42,1,4028.1,256,5,4028.0,103,7,4030.0,100,1,4030.1,14,2,4030.2,5,1,4030.4,9,3,4030.5,12,1
11483,2026-07-02 12:08:18+05:30,4030.0,1,4041.65,1062463,148289.0,156395.0,4100.0,4110.0,4012.0,4092.6,24551450,4501.8,3683.4,4440.0,3288.1,4028.4,95,9,4028.3,78,3,4028.2,42,1,4028.1,256,5,4028.0,103,7,4030.0,100,1,4030.1,14,2,4030.2,5,1,4030.4,9,3,4030.5,12,1
11483,2026-07-02 12:08:18+05:30,4030.0,200,4041.65,1062682,148569.0,155807.0,4100.0,4110.0,4012.0,4092.6,24551450,4501.8,3683.4,4440.0,3288.1,4029.3,81,1,4029.1,56,2,4029.0,42,1,4028.8,42,1,4028.5,5,2,4030.0,100,1,4030.1,14,2,4030.2,5,1,4030.4,3,2,4030.7,104,1
11483,2026-07-02 12:08:19+05:30,4030.0,1,4041.65,1062682,148569.0,155807.0,4100.0,4110.0,4012.0,4092.6,24551450,4501.8,3683.4,4440.0,3288.1,4029.3,81,1,4029.1,56,2,4029.0,42,1,4028.8,42,1,4028.5,5,2,4030.0,100,1,4030.1,14,2,4030.2,5,1,4030.4,3,2,4030.7,104,1
11483,2026-07-02 12:08:19+05:30,4030.0,1,4041.62,1065210,148930.0,155928.0,4100.0,4110.0,4012.0,4092.6,24551450,4501.8,3683.4,4440.0,3288.1,4029.9,430,1,4029.5,42,1,4029.4,42,1,4029.2,42,1,4028.7,3,1,4030.0,109,2,4030.1,4,1,4030.2,5,1,4030.4,3,2,4030.5,2,1
11483,2026-07-02 12:08:20+05:30,4030.0,26,4041.62,1065210,148930.0,155928.0,4100.0,4110.0,4012.0,4092.6,24551450,4501.8,3683.4,4440.0,3288.1,4029.9,430,1,4029.5,42,1,4029.4,42,1,4029.2,42,1,4028.7,3,1,4030.0,109,2,4030.1,4,1,4030.2,5,1,4030.4,3,2,4030.5,2,1
11483,2026-07-02 12:08:20+05:30,4030.0,26,4041.62,1065648,148598.0,155888.0,4100.0,4110.0,4012.0,4092.6,24551450,4501.8,3683.4,4440.0,3288.1,4029.9,127,1,4029.8,42,1,4029.7,42,1,4029.5,42,1,4029.4,1,1,4030.0,74,1,4030.1,24,2,4030.2,5,1,4030.4,10,3,4030.5,2,1
11483,2026-07-02 12:08:21+05:30,4030.0,81,4041.62,1065648,148598.0,155888.0,4100.0,4110.0,4012.0,4092.6,24551450,4501.8,3683.4,4440.0,3288.1,4029.9,127,1,4029.8,42,1,4029.7,42,1,4029.5,42,1,4029.4,1,1,4030.0,74,1,4030.1,24,2,4030.2,5,1,4030.4,10,3,4030.5,2,1
11483,2026-07-02 12:08:21+05:30,4030.0,81,4041.62,1065863,148533.0,155488.0,4100.0,4110.0,4012.0,4092.6,24551450,4501.8,3683.4,4440.0,3288.1,4029.9,74,1,4029.8,42,1,4029.7,42,1,4029.5,42,1,4029.4,1,1,4030.0,19,1,4030.1,24,2,4030.2,5,1,4030.4,3,2,4030.7,126,3
11483,2026-07-02 12:08:22+05:30,4030.0,1,4041.62,1065863,148533.0,155488.0,4100.0,4110.0,4012.0,4092.6,24551450,4501.8,3683.4,4440.0,3288.1,4029.9,74,1,4029.8,42,1,4029.7,42,1,4029.5,42,1,4029.4,1,1,4030.0,19,1,4030.1,24,2,4030.2,5,1,4030.4,3,2,4030.7,126,3
11483,2026-07-02 12:08:22+05:30,4030.0,1,4041.59,1068552,148026.0,155529.0,4100.0,4110.0,4012.0,4092.6,24551450,4501.8,3683.4,4440.0,3288.1,4029.9,50,2,4029.8,42,1,4029.7,42,1,4029.5,42,1,4029.4,1,1,4030.0,98,1,4030.1,24,2,4030.2,5,1,4030.4,3,2,4030.7,146,3
11483,2026-07-02 12:08:23+05:30,4029.9,1,4041.59,1068552,148026.0,155529.0,4100.0,4110.0,4012.0,4092.6,24551450,4501.8,3683.4,4440.0,3288.1,4029.9,50,2,4029.8,42,1,4029.7,42,1,4029.5,42,1,4029.4,1,1,4030.0,98,1,4030.1,24,2,4030.2,5,1,4030.4,3,2,4030.7,146,3
11483,2026-07-02 12:08:23+05:30,4029.9,80,4041.58,1068847,148252.0,155975.0,4100.0,4110.0,4012.0,4092.6,24551450,4501.8,3683.4,4440.0,3288.1,4029.7,41,1,4029.6,42,1,4029.4,43,2,4029.0,24,1,4028.7,65,2,4029.9,33,1,4030.0,17,1,4030.1,24,2,4030.2,5,1,4030.3,21,2
11483,2026-07-02 12:08:24+05:30,4029.9,26,4041.58,1068847,148252.0,155975.0,4100.0,4110.0,4012.0,4092.6,24551450,4501.8,3683.4,4440.0,3288.1,4029.7,41,1,4029.6,42,1,4029.4,43,2,4029.0,24,1,4028.7,65,2,4029.9,33,1,4030.0,17,1,4030.1,24,2,4030.2,5,1,4030.3,21,2
11483,2026-07-02 12:08:24+05:30,4029.9,26,4041.58,1068992,148238.0,155949.0,4100.0,4110.0,4012.0,4092.6,24551450,4501.8,3683.4,4440.0,3288.1,4029.9,20,1,4029.7,6,1,4029.6,42,1,4029.4,43,2,4029.0,24,1,4030.0,17,1,4030.1,24,2,4030.2,5,1,4030.3,21,2,4030.4,3,2
11483,2026-07-02 12:08:25+05:30,4030.0,986,4041.58,1068992,148238.0,155949.0,4100.0,4110.0,4012.0,4092.6,24551450,4501.8,3683.4,4440.0,3288.1,4029.9,20,1,4029.7,6,1,4029.6,42,1,4029.4,43,2,4029.0,24,1,4030.0,17,1,4030.1,24,2,4030.2,5,1,4030.3,21,2,4030.4,3,2
11483,2026-07-02 12:08:25+05:30,4030.0,986,4041.56,1071510,147449.0,155655.0,4100.0,4110.0,4012.0,4092.6,24551450,4501.8,3683.4,4440.0,3288.1,4029.9,2,1,4029.7,6,1,4029.6,42,1,4029.4,43,2,4029.2,11,1,4030.0,14,1,4030.1,24,2,4030.2,5,1,4030.4,3,2,4030.7,104,1
11483,2026-07-02 12:08:26+05:30,4029.9,2,4041.56,1071510,147449.0,155655.0,4100.0,4110.0,4012.0,4092.6,24551450,4501.8,3683.4,4440.0,3288.1,4029.9,2,1,4029.7,6,1,4029.6,42,1,4029.4,43,2,4029.2,11,1,4030.0,14,1,4030.1,24,2,4030.2,5,1,4030.4,3,2,4030.7,104,1
11483,2026-07-02 12:08:26+05:30,4029.9,2,4041.56,1071576,148250.0,155633.0,4100.0,4110.0,4012.0,4092.6,24551450,4501.8,3683.4,4440.0,3288.1,4029.7,6,1,4029.6,42,1,4029.4,43,2,4028.8,5,1,4028.7,62,1,4029.9,31,2,4030.0,14,1,4030.1,30,3,4030.2,5,1,4030.3,12,1
11483,2026-07-02 12:08:27+05:30,4029.7,1,4041.56,1071576,148250.0,155633.0,4100.0,4110.0,4012.0,4092.6,24551450,4501.8,3683.4,4440.0,3288.1,4029.7,6,1,4029.6,42,1,4029.4,43,2,4028.8,5,1,4028.7,62,1,4029.9,31,2,4030.0,14,1,4030.1,30,3,4030.2,5,1,4030.3,12,1
11483,2026-07-02 12:08:27+05:30,4029.9,10,4041.55,1071675,148156.0,156350.0,4100.0,4110.0,4012.0,4092.6,24551450,4501.8,3683.4,4440.0,3288.1,4029.4,43,2,4029.2,42,1,4028.8,5,1,4028.4,14,1,4028.3,50,2,4029.9,6,2,4030.0,823,3,4030.1,24,2,4030.2,17,2,4030.3,6,1
11483,2026-07-02 12:08:28+05:30,4029.4,1,4041.55,1071675,148156.0,156350.0,4100.0,4110.0,4012.0,4092.6,24551450,4501.8,3683.4,4440.0,3288.1,4029.4,43,2,4029.2,42,1,4028.8,5,1,4028.4,14,1,4028.3,50,2,4029.9,6,2,4030.0,823,3,4030.1,24,2,4030.2,17,2,4030.3,6,1
11483,2026-07-02 12:08:28+05:30,4029.4,1,4041.55,1071676,147965.0,156617.0,4100.0,4110.0,4012.0,4092.6,24551450,4501.8,3683.4,4440.0,3288.1,4028.5,19,2,4028.4,10,1,4028.2,67,3,4028.1,201,2,4028.0,105,7,4029.4,1,1,4029.9,7,3,4030.0,823,3,4030.1,24,2,4030.2,17,2
11483,2026-07-02 12:08:29+05:30,4028.9,1,4041.55,1071676,147965.0,156617.0,4100.0,4110.0,4012.0,4092.6,24551450,4501.8,3683.4,4440.0,3288.1,4028.5,19,2,4028.4,10,1,4028.2,67,3,4028.1,201,2,4028.0,105,7,4029.4,1,1,4029.9,7,3,4030.0,823,3,4030.1,24,2,4030.2,17,2
11483,2026-07-02 12:08:29+05:30,4028.9,1,4041.53,1074185,147534.0,156204.0,4100.0,4110.0,4012.0,4092.6,24551450,4501.8,3683.4,4440.0,3288.1,4028.9,9,1,4028.6,10,1,4028.5,19,2,4028.2,37,2,4028.1,201,2,4029.0,81,1,4029.1,42,1,4029.2,42,1,4029.3,42,1,4029.5,42,1
11483,2026-07-02 12:08:30+05:30,4028.9,9,4041.53,1074185,147534.0,156204.0,4100.0,4110.0,4012.0,4092.6,24551450,4501.8,3683.4,4440.0,3288.1,4028.9,9,1,4028.6,10,1,4028.5,19,2,4028.2,37,2,4028.1,201,2,4029.0,81,1,4029.1,42,1,4029.2,42,1,4029.3,42,1,4029.5,42,1
11483,2026-07-02 12:08:30+05:30,4028.9,5,4041.53,1074199,147119.0,156182.0,4100.0,4110.0,4012.0,4092.6,24551450,4501.8,3683.4,4440.0,3288.1,4028.6,10,1,4028.5,19,2,4028.2,37,2,4028.1,201,2,4028.0,82,6,4028.9,17,1,4029.1,42,1,4029.2,42,1,4029.3,42,1,4029.5,42,1
11483,2026-07-02 12:08:31+05:30,4028.8,3,4041.53,1074199,147119.0,156182.0,4100.0,4110.0,4012.0,4092.6,24551450,4501.8,3683.4,4440.0,3288.1,4028.6,10,1,4028.5,19,2,4028.2,37,2,4028.1,201,2,4028.0,82,6,4028.9,17,1,4029.1,42,1,4029.2,42,1,4029.3,42,1,4029.5,42,1
11483,2026-07-02 12:08:31+05:30,4028.9,33,4041.53,1074255,147324.0,155954.0,4100.0,4110.0,4012.0,4092.6,24551450,4501.8,3683.4,4440.0,3288.1,4028.6,9,1,4028.5,19,2,4028.2,37,2,4028.1,201,2,4028.0,77,5,4028.9,40,2,4029.0,42,1,4029.1,42,1,4029.3,42,1,4029.8,25,1
11483,2026-07-02 12:08:32+05:30,4028.8,1,4041.53,1074255,147324.0,155954.0,4100.0,4110.0,4012.0,4092.6,24551450,4501.8,3683.4,4440.0,3288.1,4028.6,9,1,4028.5,19,2,4028.2,37,2,4028.1,201,2,4028.0,77,5,4028.9,40,2,4029.0,42,1,4029.1,42,1,4029.3,42,1,4029.8,25,1
11483,2026-07-02 12:08:32+05:30,4028.8,1,4041.53,1074263,147341.0,155960.0,4100.0,4110.0,4012.0,4092.6,24551450,4501.8,3683.4,4440.0,3288.1,4028.7,11,2,4028.6,2,1,4028.5,19,2,4028.2,37,2,4028.1,201,2,4028.8,42,1,4028.9,82,3,4029.0,42,1,4029.2,42,1,4029.8,41,2
11483,2026-07-02 12:08:33+05:30,4028.7,1,4041.53,1074263,147341.0,155960.0,4100.0,4110.0,4012.0,4092.6,24551450,4501.8,3683.4,4440.0,3288.1,4028.7,11,2,4028.6,2,1,4028.5,19,2,4028.2,37,2,4028.1,201,2,4028.8,42,1,4028.9,82,3,4029.0,42,1,4029.2,42,1,4029.8,41,2
11483,2026-07-02 12:08:33+05:30,4028.7,1,4041.53,1074264,147378.0,155942.0,4100.0,4110.0,4012.0,4092.6,24551450,4501.8,3683.4,4440.0,3288.1,4028.7,11,2,4028.6,2,1,4028.5,19,2,4028.2,37,2,4028.1,201,2,4028.9,40,2,4029.0,42,1,4029.1,42,1,4029.2,18,1,4029.3,42,1
11483,2026-07-02 12:08:34+05:30,4028.8,19,4041.53,1074264,147378.0,155942.0,4100.0,4110.0,4012.0,4092.6,24551450,4501.8,3683.4,4440.0,3288.1,4028.7,11,2,4028.6,2,1,4028.5,19,2,4028.2,37,2,4028.1,201,2,4028.9,40,2,4029.0,42,1,4029.1,42,1,4029.2,18,1,4029.3,42,1
11483,2026-07-02 12:08:34+05:30,4028.8,19,4041.53,1074285,147196.0,155826.0,4100.0,4110.0,4012.0,4092.6,24551450,4501.8,3683.4,4440.0,3288.1,4028.6,2,1,4028.5,19,2,4028.2,37,2,4028.1,201,2,4028.0,77,5,4028.9,40,2,4029.0,42,1,4029.1,42,1,4029.2,18,1,4029.3,42,1
11483,2026-07-02 12:08:35+05:30,4028.5,8,4041.53,1074285,147196.0,155826.0,4100.0,4110.0,4012.0,4092.6,24551450,4501.8,3683.4,4440.0,3288.1,4028.6,2,1,4028.5,19,2,4028.2,37,2,4028.1,201,2,4028.0,77,5,4028.9,40,2,4029.0,42,1,4029.1,42,1,4029.2,18,1,4029.3,42,1
11483,2026-07-02 12:08:35+05:30,4028.5,8,4041.53,1074295,147162.0,156288.0,4100.0,4110.0,4012.0,4092.6,24551450,4501.8,3683.4,4440.0,3288.1,4028.5,2,1,4028.2,47,3,4028.1,201,2,4028.0,77,5,4027.8,7,1,4028.6,24,2,4028.8,43,2,4028.9,82,3,4029.1,103,2,4029.2,18,1
11483,2026-07-02 12:08:36+05:30,4028.5,1,4041.53,1074295,147162.0,156288.0,4100.0,4110.0,4012.0,4092.6,24551450,4501.8,3683.4,4440.0,3288.1,4028.5,2,1,4028.2,47,3,4028.1,201,2,4028.0,77,5,4027.8,7,1,4028.6,24,2,4028.8,43,2,4028.9,82,3,4029.1,103,2,4029.2,18,1
11483,2026-07-02 12:08:36+05:30,4028.5,1,4041.53,1074296,146881.0,156530.0,4100.0,4110.0,4012.0,4092.6,24551450,4501.8,3683.4,4440.0,3288.1,4028.2,15,2,4028.1,201,2,4028.0,77,5,4027.6,2,1,4027.5,36,3,4028.4,23,1,4028.6,43,2,4028.7,42,1,4028.8,1,1,4028.9,92,4
11483,2026-07-02 12:08:37+05:30,4028.4,15,4041.53,1074296,146881.0,156530.0,4100.0,4110.0,4012.0,4092.6,24551450,4501.8,3683.4,4440.0,3288.1,4028.2,15,2,4028.1,201,2,4028.0,77,5,4027.6,2,1,4027.5,36,3,4028.4,23,1,4028.6,43,2,4028.7,42,1,4028.8,1,1,4028.9,92,4
11483,2026-07-02 12:08:37+05:30,4028.4,15,4041.53,1074311,146871.0,156631.0,4100.0,4110.0,4012.0,4092.6,24551450,4501.8,3683.4,4440.0,3288.1,4028.2,5,1,4028.1,201,2,4028.0,77,5,4027.6,2,1,4027.5,36,3,4028.4,8,1,4028.6,43,2,4028.7,42,1,4028.8,1,1,4028.9,92,4
11483,2026-07-02 12:08:38+05:30,4028.2,2,4041.53,1074311,146871.0,156631.0,4100.0,4110.0,4012.0,4092.6,24551450,4501.8,3683.4,4440.0,3288.1,4028.2,5,1,4028.1,201,2,4028.0,77,5,4027.6,2,1,4027.5,36,3,4028.4,8,1,4028.6,43,2,4028.7,42,1,4028.8,1,1,4028.9,92,4
11483,2026-07-02 12:08:38+05:30,4028.2,2,4041.53,1074313,146868.0,156457.0,4100.0,4110.0,4012.0,4092.6,24551450,4501.8,3683.4,4440.0,3288.1,4028.2,3,1,4028.1,201,2,4028.0,77,5,4027.6,5,2,4027.5,33,2,4028.4,8,1,4028.6,43,2,4028.7,42,1,4028.8,1,1,4028.9,82,3
11483,2026-07-02 12:08:39+05:30,4028.4,1,4041.53,1074313,146868.0,156457.0,4100.0,4110.0,4012.0,4092.6,24551450,4501.8,3683.4,4440.0,3288.1,4028.2,3,1,4028.1,201,2,4028.0,77,5,4027.6,5,2,4027.5,33,2,4028.4,8,1,4028.6,43,2,4028.7,42,1,4028.8,1,1,4028.9,82,3
11483,2026-07-02 12:08:39+05:30,4028.4,1,4041.53,1074315,146900.0,156441.0,4100.0,4110.0,4012.0,4092.6,24551450,4501.8,3683.4,4440.0,3288.1,4028.2,3,1,4028.1,201,2,4028.0,77,5,4027.6,5,2,4027.5,33,2,4028.4,6,1,4028.6,43,2,4028.7,42,1,4028.8,1,1,4028.9,82,3
11483,2026-07-02 12:08:40+05:30,4028.4,1,4041.53,1074315,146874.0,156785.0,4100.0,4110.0,4012.0,4092.6,24551450,4501.8,3683.4,4440.0,3288.1,4028.2,3,1,4028.1,201,2,4028.0,77,5,4027.6,2,1,4027.5,36,3,4028.4,6,1,4028.6,43,2,4028.7,49,2,4028.8,1,1,4028.9,82,3
11483,2026-07-02 12:08:41+05:30,4028.5,7,4041.53,1074315,146874.0,156785.0,4100.0,4110.0,4012.0,4092.6,24551450,4501.8,3683.4,4440.0,3288.1,4028.2,3,1,4028.1,201,2,4028.0,77,5,4027.6,2,1,4027.5,36,3,4028.4,6,1,4028.6,43,2,4028.7,49,2,4028.8,1,1,4028.9,82,3
11483,2026-07-02 12:08:41+05:30,4028.5,7,4041.53,1074328,146901.0,156750.0,4100.0,4110.0,4012.0,4092.6,24551450,4501.8,3683.4,4440.0,3288.1,4028.2,3,1,4028.1,201,2,4028.0,77,5,4027.6,3,1,4027.5,33,2,4028.5,34,1,4028.6,1,1,4028.7,42,1,4028.8,10,2,4028.9,82,3
11483,2026-07-02 12:08:42+05:30,4028.2,2,4041.53,1074328,146901.0,156750.0,4100.0,4110.0,4012.0,4092.6,24551450,4501.8,3683.4,4440.0,3288.1,4028.2,3,1,4028.1,201,2,4028.0,77,5,4027.6,3,1,4027.5,33,2,4028.5,34,1,4028.6,1,1,4028.7,42,1,4028.8,10,2,4028.9,82,3
11483,2026-07-02 12:08:42+05:30,4028.2,2,4041.53,1074330,146918.0,156666.0,4100.0,4110.0,4012.0,4092.6,24551450,4501.8,3683.4,4440.0,3288.1,4028.3,1,1,4028.2,1,1,4028.1,201,2,4028.0,80,6,4027.5,36,3,4028.4,75,2,4028.5,34,1,4028.6,1,1,4028.7,42,1,4028.8,10,2
11483,2026-07-02 12:08:43+05:30,4028.4,10,4041.53,1074330,146918.0,156666.0,4100.0,4110.0,4012.0,4092.6,24551450,4501.8,3683.4,4440.0,3288.1,4028.3,1,1,4028.2,1,1,4028.1,201,2,4028.0,80,6,4027.5,36,3,4028.4,75,2,4028.5,34,1,4028.6,1,1,4028.7,42,1,4028.8,10,2
11483,2026-07-02 12:08:43+05:30,4028.4,10,4041.53,1074340,146793.0,156818.0,4100.0,4110.0,4012.0,4092.6,24551450,4501.8,3683.4,4440.0,3288.1,4028.3,1,1,4028.2,1,1,4028.1,201,2,4028.0,80,6,4027.5,36,3,4028.4,65,2,4028.5,34,1,4028.6,1,1,4028.7,42,1,4028.8,10,2
11483,2026-07-02 12:08:44+05:30,4028.1,1,4041.53,1074340,146793.0,156818.0,4100.0,4110.0,4012.0,4092.6,24551450,4501.8,3683.4,4440.0,3288.1,4028.3,1,1,4028.2,1,1,4028.1,201,2,4028.0,80,6,4027.5,36,3,4028.4,65,2,4028.5,34,1,4028.6,1,1,4028.7,42,1,4028.8,10,2
11483,2026-07-02 12:08:44+05:30,4028.1,1,4041.53,1074351,146758.0,156642.0,4100.0,4110.0,4012.0,4092.6,24551450,4501.8,3683.4,4440.0,3288.1,4028.1,199,1,4028.0,80,6,4027.5,36,3,4027.4,12,1,4027.3,81,2,4028.3,59,1,4028.4,1,1,4028.5,34,1,4028.6,43,2,4028.8,52,3
11483,2026-07-02 12:08:45+05:30,4028.3,1,4041.53,1074351,146758.0,156642.0,4100.0,4110.0,4012.0,4092.6,24551450,4501.8,3683.4,4440.0,3288.1,4028.1,199,1,4028.0,80,6,4027.5,36,3,4027.4,12,1,4027.3,81,2,4028.3,59,1,4028.4,1,1,4028.5,34,1,4028.6,43,2,4028.8,52,3
11483,2026-07-02 12:08:45+05:30,4028.3,1,4041.52,1074358,146730.0,156812.0,4100.0,4110.0,4012.0,4092.6,24551450,4501.8,3683.4,4440.0,3288.1,4028.1,196,1,4028.0,79,5,4027.5,33,2,4027.4,12,1,4027.3,84,3,4028.3,56,1,4028.4,5,2,4028.5,34,1,4028.6,43,2,4028.8,52,3
11483,2026-07-02 12:08:46+05:30,4028.3,2,4041.52,1074358,146730.0,156812.0,4100.0,4110.0,4012.0,4092.6,24551450,4501.8,3683.4,4440.0,3288.1,4028.1,196,1,4028.0,79,5,4027.5,33,2,4027.4,12,1,4027.3,84,3,4028.3,56,1,4028.4,5,2,4028.5,34,1,4028.6,43,2,4028.8,52,3
11483,2026-07-02 12:08:46+05:30,4028.3,2,4041.52,1074410,146755.0,156608.0,4100.0,4110.0,4012.0,4092.6,24551450,4501.8,3683.4,4440.0,3288.1,4028.1,196,1,4028.0,79,5,4027.6,3,1,4027.5,33,2,4027.4,12,1,4028.3,7,1,4028.4,1,1,4028.5,37,1,4028.6,1,1,4028.8,43,2
11483,2026-07-02 12:08:47+05:30,4028.1,1,4041.52,1074410,146755.0,156608.0,4100.0,4110.0,4012.0,4092.6,24551450,4501.8,3683.4,4440.0,3288.1,4028.1,196,1,4028.0,79,5,4027.6,3,1,4027.5,33,2,4027.4,12,1,4028.3,7,1,4028.4,1,1,4028.5,37,1,4028.6,1,1,4028.8,43,2
11483,2026-07-02 12:08:47+05:30,4028.1,1,4041.52,1074418,146735.0,156652.0,4100.0,4110.0,4012.0,4092.6,24551450,4501.8,3683.4,4440.0,3288.1,4028.1,188,1,4028.0,79,5,4027.5,36,3,4027.4,12,1,4027.3,81,2,4028.3,7,1,4028.5,79,2,4028.6,1,1,4028.8,43,2,4028.9,40,2
11483,2026-07-02 12:08:48+05:30,4028.1,1,4041.52,1074419,146882.0,156346.0,4100.0,4110.0,4012.0,4092.6,24551450,4501.8,3683.4,4440.0,3288.1,4028.5,1,1,4028.1,187,1,4028.0,89,6,4027.6,3,1,4027.5,33,2,4028.6,1,1,4028.8,1,1,4028.9,31,1,4029.1,61,1,4029.2,33,2
11483,2026-07-02 12:08:48+05:30,4028.1,1,4041.52,1074419,146882.0,156346.0,4100.0,4110.0,4012.0,4092.6,24551450,4501.8,3683.4,4440.0,3288.1,4028.5,1,1,4028.1,187,1,4028.0,89,6,4027.6,3,1,4027.5,33,2,4028.6,1,1,4028.8,1,1,4028.9,31,1,4029.1,61,1,4029.2,33,2
11483,2026-07-02 12:08:48+05:30,4028.1,1,4041.52,1074419,146882.0,156346.0,4100.0,4110.0,4012.0,4092.6,24551450,4501.8,3683.4,4440.0,3288.1,4028.5,1,1,4028.1,187,1,4028.0,89,6,4027.6,3,1,4027.5,33,2,4028.6,1,1,4028.8,1,1,4028.9,31,1,4029.1,61,1,4029.2,33,2
11483,2026-07-02 12:08:49+05:30,4028.1,1,4041.52,1074419,146882.0,156346.0,4100.0,4110.0,4012.0,4092.6,24551450,4501.8,3683.4,4440.0,3288.1,4028.1,175,1,4028.0,89,6,4027.9,3,1,4027.8,12,1,4027.5,51,4,4028.6,1,1,4028.8,1,1,4028.9,31,1,4029.1,61,1,4029.2,18,1
11483,2026-07-02 12:08:49+05:30,4028.1,12,4041.52,1074433,146837.0,156401.0,4100.0,4110.0,4012.0,4092.6,24551450,4501.8,3683.4,4440.0,3288.1,4028.1,175,1,4028.0,89,6,4027.9,3,1,4027.8,12,1,4027.5,51,4,4028.6,1,1,4028.8,1,1,4028.9,31,1,4029.1,61,1,4029.2,18,1
11483,2026-07-02 12:08:49+05:30,4028.1,1,4041.52,1074433,146837.0,156401.0,4100.0,4110.0,4012.0,4092.6,24551450,4501.8,3683.4,4440.0,3288.1,4028.1,175,1,4028.0,89,6,4027.9,3,1,4027.8,12,1,4027.5,51,4,4028.6,1,1,4028.8,1,1,4028.9,31,1,4029.1,61,1,4029.2,18,1
11483,2026-07-02 12:08:49+05:30,4028.1,1,4041.52,1074433,146837.0,156401.0,4100.0,4110.0,4012.0,4092.6,24551450,4501.8,3683.4,4440.0,3288.1,4028.1,175,1,4028.0,89,6,4027.9,3,1,4027.8,12,1,4027.5,51,4,4028.6,1,1,4028.8,1,1,4028.9,31,1,4029.1,61,1,4029.2,18,1
11483,2026-07-02 12:08:50+05:30,4028.1,1,4041.52,1074433,146837.0,156401.0,4100.0,4110.0,4012.0,4092.6,24551450,4501.8,3683.4,4440.0,3288.1,4028.1,175,1,4028.0,89,6,4027.9,3,1,4027.8,12,1,4027.5,51,4,4028.6,1,1,4028.8,1,1,4028.9,31,1,4029.1,61,1,4029.2,18,1
11483,2026-07-02 12:08:50+05:30,4028.1,1,4041.52,1074433,146837.0,156401.0,4100.0,4110.0,4012.0,4092.6,24551450,4501.8,3683.4,4440.0,3288.1,4028.1,175,1,4028.0,89,6,4027.9,3,1,4027.8,12,1,4027.5,51,4,4028.6,1,1,4028.8,1,1,4028.9,31,1,4029.1,61,1,4029.2,18,1
11483,2026-07-02 12:08:50+05:30,4028.1,1,4041.52,1074437,146863.0,156424.0,4100.0,4110.0,4012.0,4092.6,24551450,4501.8,3683.4,4440.0,3288.1,4028.1,172,1,4028.0,89,6,4027.6,3,1,4027.5,45,3,4027.4,49,2,4028.8,1,1,4028.9,31,1,4029.1,61,1,4029.2,18,1,4029.4,35,1
11483,2026-07-02 12:08:50+05:30,4028.1,1,4041.52,1074437,146863.0,156424.0,4100.0,4110.0,4012.0,4092.6,24551450,4501.8,3683.4,4440.0,3288.1,4028.1,172,1,4028.0,89,6,4027.6,3,1,4027.5,45,3,4027.4,49,2,4028.8,1,1,4028.9,31,1,4029.1,61,1,4029.2,18,1,4029.4,35,1
11483,2026-07-02 12:08:51+05:30,4028.1,1,4041.52,1074437,146863.0,156424.0,4100.0,4110.0,4012.0,4092.6,24551450,4501.8,3683.4,4440.0,3288.1,4028.1,172,1,4028.0,89,6,4027.6,3,1,4027.5,45,3,4027.4,49,2,4028.8,1,1,4028.9,31,1,4029.1,61,1,4029.2,18,1,4029.4,35,1
11483,2026-07-02 12:08:51+05:30,4028.8,1,4041.51,1075345,146235.0,157156.0,4100.0,4110.0,4012.0,4092.6,24551450,4501.8,3683.4,4440.0,3288.1,4027.5,22,3,4027.4,11,2,4027.3,95,4,4027.2,28,4,4027.1,122,6,4028.8,1,1,4028.9,31,1,4029.1,61,1,4029.2,18,1,4029.4,30,1
11483,2026-07-02 12:08:51+05:30,4027.5,9,4041.51,1075345,146235.0,157156.0,4100.0,4110.0,4012.0,4092.6,24551450,4501.8,3683.4,4440.0,3288.1,4027.5,22,3,4027.4,11,2,4027.3,95,4,4027.2,28,4,4027.1,122,6,4028.8,1,1,4028.9,31,1,4029.1,61,1,4029.2,18,1,4029.4,30,1
11483,2026-07-02 12:08:51+05:30,4027.5,9,4041.51,1075345,146235.0,157156.0,4100.0,4110.0,4012.0,4092.6,24551450,4501.8,3683.4,4440.0,3288.1,4027.5,22,3,4027.4,11,2,4027.3,95,4,4027.2,28,4,4027.1,122,6,4028.8,1,1,4028.9,31,1,4029.1,61,1,4029.2,18,1,4029.4,30,1
11483,2026-07-02 12:08:52+05:30,4027.5,9,4041.51,1075345,146235.0,157156.0,4100.0,4110.0,4012.0,4092.6,24551450,4501.8,3683.4,4440.0,3288.1,4027.5,22,3,4027.4,11,2,4027.3,95,4,4027.2,28,4,4027.1,122,6,4028.8,1,1,4028.9,31,1,4029.1,61,1,4029.2,18,1,4029.4,30,1
11483,2026-07-02 12:08:52+05:30,4027.5,9,4041.51,1075367,145634.0,157737.0,4100.0,4110.0,4012.0,4092.6,24551450,4501.8,3683.4,4440.0,3288.1,4027.4,29,5,4027.2,13,2,4027.1,86,5,4027.0,433,3,4026.9,30,3,4027.5,2,1,4028.8,1,1,4028.9,31,1,4029.0,43,1,4029.1,91,2
11483,2026-07-02 12:08:52+05:30,4027.4,3,4041.51,1075367,145634.0,157737.0,4100.0,4110.0,4012.0,4092.6,24551450,4501.8,3683.4,4440.0,3288.1,4027.4,29,5,4027.2,13,2,4027.1,86,5,4027.0,433,3,4026.9,30,3,4027.5,2,1,4028.8,1,1,4028.9,31,1,4029.0,43,1,4029.1,91,2
11483,2026-07-02 12:08:52+05:30,4027.4,3,4041.51,1075367,145634.0,157737.0,4100.0,4110.0,4012.0,4092.6,24551450,4501.8,3683.4,4440.0,3288.1,4027.4,29,5,4027.2,13,2,4027.1,86,5,4027.0,433,3,4026.9,30,3,4027.5,2,1,4028.8,1,1,4028.9,31,1,4029.0,43,1,4029.1,91,2
11483,2026-07-02 12:08:52+05:30,4027.4,3,4041.51,1075367,145634.0,157737.0,4100.0,4110.0,4012.0,4092.6,24566150,4501.8,3683.4,4440.0,3288.1,4027.4,29,5,4027.2,13,2,4027.1,86,5,4027.0,433,3,4026.9,30,3,4027.5,2,1,4028.8,1,1,4028.9,31,1,4029.0,43,1,4029.1,91,2
11483,2026-07-02 12:08:53+05:30,4027.4,3,4041.51,1075367,145634.0,157737.0,4100.0,4110.0,4012.0,4092.6,24566150,4501.8,3683.4,4440.0,3288.1,4027.4,29,5,4027.2,13,2,4027.1,86,5,4027.0,433,3,4026.9,30,3,4027.5,2,1,4028.8,1,1,4028.9,31,1,4029.0,43,1,4029.1,91,2
11483,2026-07-02 12:08:53+05:30,4027.4,3,4041.51,1075370,145590.0,157713.0,4100.0,4110.0,4012.0,4092.6,24566150,4501.8,3683.4,4440.0,3288.1,4027.4,16,3,4027.2,25,3,4027.1,86,5,4027.0,439,4,4026.9,24,2,4027.5,2,1,4028.8,1,1,4028.9,31,1,4029.0,43,1,4029.1,91,2
11483,2026-07-02 12:08:53+05:30,4027.4,3,4041.51,1075370,145590.0,157713.0,4100.0,4110.0,4012.0,4092.6,24566150,4501.8,3683.4,4440.0,3288.1,4027.4,16,3,4027.2,25,3,4027.1,86,5,4027.0,439,4,4026.9,24,2,4027.5,2,1,4028.8,1,1,4028.9,31,1,4029.0,43,1,4029.1,91,2
11483,2026-07-02 12:08:54+05:30,4027.4,3,4041.51,1075370,145590.0,157713.0,4100.0,4110.0,4012.0,4092.6,24566150,4501.8,3683.4,4440.0,3288.1,4027.4,16,3,4027.2,25,3,4027.1,86,5,4027.0,439,4,4026.9,24,2,4027.5,2,1,4028.8,1,1,4028.9,31,1,4029.0,43,1,4029.1,91,2
11483,2026-07-02 12:08:54+05:30,4028.8,1,4041.51,1075458,145846.0,157237.0,4100.0,4110.0,4012.0,4092.6,24566150,4501.8,3683.4,4440.0,3288.1,4027.6,10,1,4027.5,46,3,4027.4,59,6,4027.3,34,1,4027.2,1,1,4028.8,1,1,4028.9,31,1,4029.1,91,2,4029.2,18,1,4029.4,30,1
11483,2026-07-02 12:08:54+05:30,4027.6,10,4041.51,1075458,145846.0,157237.0,4100.0,4110.0,4012.0,4092.6,24566150,4501.8,3683.4,4440.0,3288.1,4027.6,10,1,4027.5,46,3,4027.4,59,6,4027.3,34,1,4027.2,1,1,4028.8,1,1,4028.9,31,1,4029.1,91,2,4029.2,18,1,4029.4,30,1
11483,2026-07-02 12:08:54+05:30,4027.6,10,4041.51,1075458,145846.0,157237.0,4100.0,4110.0,4012.0,4092.6,24566150,4501.8,3683.4,4440.0,3288.1,4027.6,10,1,4027.5,46,3,4027.4,59,6,4027.3,34,1,4027.2,1,1,4028.8,1,1,4028.9,31,1,4029.1,91,2,4029.2,18,1,4029.4,30,1
11483,2026-07-02 12:08:55+05:30,4028.8,1,4041.51,1075469,146142.0,156968.0,4100.0,4110.0,4012.0,4092.6,24566150,4501.8,3683.4,4440.0,3288.1,4028.3,2,1,4027.5,23,2,4027.4,50,5,4027.3,34,1,4027.2,1,1,4028.9,31,1,4029.0,12,1,4029.1,103,3,4029.2,18,1,4029.3,12,1
11483,2026-07-02 12:08:55+05:30,4028.3,2,4041.51,1075469,146142.0,156968.0,4100.0,4110.0,4012.0,4092.6,24566150,4501.8,3683.4,4440.0,3288.1,4028.3,2,1,4027.5,23,2,4027.4,50,5,4027.3,34,1,4027.2,1,1,4028.9,31,1,4029.0,12,1,4029.1,103,3,4029.2,18,1,4029.3,12,1
11483,2026-07-02 12:08:56+05:30,4028.3,2,4041.51,1075471,145928.0,157032.0,4100.0,4110.0,4012.0,4092.6,24566150,4501.8,3683.4,4440.0,3288.1,4027.6,10,1,4027.5,25,3,4027.4,25,2,4027.3,34,1,4027.2,1,1,4028.8,19,1,4028.9,31,1,4029.0,12,1,4029.1,103,3,4029.2,18,1
11483,2026-07-02 12:08:57+05:30,4028.8,3,4041.51,1075474,145937.0,157028.0,4100.0,4110.0,4012.0,4092.6,24566150,4501.8,3683.4,4440.0,3288.1,4027.6,10,1,4027.5,35,4,4027.4,24,1,4027.3,34,1,4027.2,1,1,4028.8,16,1,4028.9,31,1,4029.0,12,1,4029.1,103,3,4029.2,18,1
11483,2026-07-02 12:08:57+05:30,4028.8,3,4041.51,1075474,145937.0,157028.0,4100.0,4110.0,4012.0,4092.6,24566150,4501.8,3683.4,4440.0,3288.1,4027.6,10,1,4027.5,35,4,4027.4,24,1,4027.3,34,1,4027.2,1,1,4028.8,16,1,4028.9,31,1,4029.0,12,1,4029.1,103,3,4029.2,18,1
11483,2026-07-02 12:08:58+05:30,4028.8,3,4041.51,1075474,145983.0,157086.0,4100.0,4110.0,4012.0,4092.6,24566150,4501.8,3683.4,4440.0,3288.1,4027.5,35,4,4027.3,34,1,4027.2,13,2,4027.1,60,2,4027.0,441,5,4028.8,16,1,4028.9,31,1,4029.0,12,1,4029.1,103,3,4029.2,18,1
11483,2026-07-02 12:08:59+05:30,4027.5,4,4041.51,1075485,145980.0,157069.0,4100.0,4110.0,4012.0,4092.6,24566150,4501.8,3683.4,4440.0,3288.1,4027.5,31,4,4027.3,34,1,4027.2,13,2,4027.1,60,2,4027.0,441,5,4028.8,9,1,4028.9,31,1,4029.0,12,1,4029.1,103,3,4029.2,18,1
11483,2026-07-02 12:08:59+05:30,4027.5,2,4041.51,1075485,145980.0,157069.0,4100.0,4110.0,4012.0,4092.6,24566150,4501.8,3683.4,4440.0,3288.1,4027.5,31,4,4027.3,34,1,4027.2,13,2,4027.1,60,2,4027.0,441,5,4028.8,9,1,4028.9,31,1,4029.0,12,1,4029.1,103,3,4029.2,18,1
11483,2026-07-02 12:09:00+05:30,4027.5,1,4041.51,1075517,145190.0,157860.0,4100.0,4110.0,4012.0,4092.6,24566150,4501.8,3683.4,4440.0,3288.1,4027.3,10,1,4027.2,5,2,4027.0,434,4,4026.9,12,1,4026.8,35,2,4027.5,1,1,4028.8,50,5,4029.0,91,3,4029.1,103,3,4029.2,18,1
11483,2026-07-02 12:09:00+05:30,4027.3,4,4041.51,1075517,145190.0,157860.0,4100.0,4110.0,4012.0,4092.6,24566150,4501.8,3683.4,4440.0,3288.1,4027.3,10,1,4027.2,5,2,4027.0,434,4,4026.9,12,1,4026.8,35,2,4027.5,1,1,4028.8,50,5,4029.0,91,3,4029.1,103,3,4029.2,18,1
11483,2026-07-02 12:09:01+05:30,4027.5,5,4041.51,1075534,145214.0,157861.0,4100.0,4110.0,4012.0,4092.6,24566150,4501.8,3683.4,4440.0,3288.1,4027.1,2,1,4027.0,434,4,4026.7,6,1,4026.6,79,5,4026.5,15,2,4027.5,22,1,4028.8,46,6,4029.0,44,2,4029.1,104,3,4029.2,18,1
11483,2026-07-02 12:09:01+05:30,4027.1,2,4041.51,1075534,145214.0,157861.0,4100.0,4110.0,4012.0,4092.6,24566150,4501.8,3683.4,4440.0,3288.1,4027.1,2,1,4027.0,434,4,4026.7,6,1,4026.6,79,5,4026.5,15,2,4027.5,22,1,4028.8,46,6,4029.0,44,2,4029.1,104,3,4029.2,18,1
11483,2026-07-02 12:09:02+05:30,4027.5,9,4041.51,1075568,145343.0,157944.0,4100.0,4110.0,4012.0,4092.6,24566150,4501.8,3683.4,4440.0,3288.1,4027.3,1,1,4027.2,10,2,4027.1,3,1,4027.0,441,6,4026.9,7,1,4027.5,22,1,4028.8,20,4,4028.9,48,1,4029.0,44,2,4029.1,61,1
11483,2026-07-02 12:09:02+05:30,4027.3,1,4041.51,1075568,145343.0,157944.0,4100.0,4110.0,4012.0,4092.6,24566150,4501.8,3683.4,4440.0,3288.1,4027.3,1,1,4027.2,10,2,4027.1,3,1,4027.0,441,6,4026.9,7,1,4027.5,22,1,4028.8,20,4,4028.9,48,1,4029.0,44,2,4029.1,61,1
11483,2026-07-02 12:09:03+05:30,4027.5,1,4041.51,1075618,145141.0,158125.0,4100.0,4110.0,4012.0,4092.6,24566150,4501.8,3683.4,4440.0,3288.1,4027.0,413,6,4026.6,41,2,4026.5,3,1,4026.4,6,1,4026.3,51,4,4027.3,1,1,4027.5,22,2,4028.6,49,3,4028.7,48,1,4028.8,68,5
11483,2026-07-02 12:09:03+05:30,4027.0,6,4041.51,1075618,145141.0,158125.0,4100.0,4110.0,4012.0,4092.6,24566150,4501.8,3683.4,4440.0,3288.1,4027.0,413,6,4026.6,41,2,4026.5,3,1,4026.4,6,1,4026.3,51,4,4027.3,1,1,4027.5,22,2,4028.6,49,3,4028.7,48,1,4028.8,68,5
11483,2026-07-02 12:09:04+05:30,4027.5,19,4041.51,1075746,145204.0,158078.0,4100.0,4110.0,4012.0,4092.6,24566150,4501.8,3683.4,4440.0,3288.1,4027.1,2,1,4027.0,405,6,4026.7,6,1,4026.6,18,2,4026.5,3,1,4027.5,12,1,4028.6,49,3,4028.7,7,1,4028.8,20,4,4028.9,61,2
11483,2026-07-02 12:09:04+05:30,4027.1,15,4041.51,1075746,145204.0,158078.0,4100.0,4110.0,4012.0,4092.6,24566150,4501.8,3683.4,4440.0,3288.1,4027.1,2,1,4027.0,405,6,4026.7,6,1,4026.6,18,2,4026.5,3,1,4027.5,12,1,4028.6,49,3,4028.7,7,1,4028.8,20,4,4028.9,61,2
11483,2026-07-02 12:09:05+05:30,4027.1,15,4041.51,1075761,145188.0,158085.0,4100.0,4110.0,4012.0,4092.6,24566150,4501.8,3683.4,4440.0,3288.1,4027.1,2,1,4027.0,405,6,4026.7,16,2,4026.6,18,2,4026.5,3,1,4027.5,12,1,4028.6,49,3,4028.7,7,1,4028.8,20,4,4028.9,61,2
11483,2026-07-02 12:09:05+05:30,4027.1,2,4041.51,1075761,145188.0,158085.0,4100.0,4110.0,4012.0,4092.6,24566150,4501.8,3683.4,4440.0,3288.1,4027.1,2,1,4027.0,405,6,4026.7,16,2,4026.6,18,2,4026.5,3,1,4027.5,12,1,4028.6,49,3,4028.7,7,1,4028.8,20,4,4028.9,61,2
11483,2026-07-02 12:09:06+05:30,4027.5,7,4041.51,1075778,145243.0,158018.0,4100.0,4110.0,4012.0,4092.6,24566150,4501.8,3683.4,4440.0,3288.1,4027.1,1,1,4027.0,405,6,4026.6,24,3,4026.5,3,1,4026.4,14,1,4027.5,31,1,4028.5,9,2,4028.6,37,2,4028.7,12,1,4028.8,20,4
11483,2026-07-02 12:09:06+05:30,4027.1,1,4041.51,1075778,145243.0,158018.0,4100.0,4110.0,4012.0,4092.6,24566150,4501.8,3683.4,4440.0,3288.1,4027.1,1,1,4027.0,405,6,4026.6,24,3,4026.5,3,1,4026.4,14,1,4027.5,31,1,4028.5,9,2,4028.6,37,2,4028.7,12,1,4028.8,20,4
11483,2026-07-02 12:09:07+05:30,4027.3,1,4041.51,1075781,145792.0,158067.0,4100.0,4110.0,4012.0,4092.6,24566150,4501.8,3683.4,4440.0,3288.1,4027.3,8,1,4027.0,405,6,4026.6,18,2,4026.5,15,2,4026.4,38,2,4027.5,31,1,4028.5,9,2,4028.6,37,2,4028.7,12,1,4028.8,19,3
11483,2026-07-02 12:09:07+05:30,4027.5,2,4041.51,1075781,145792.0,158067.0,4100.0,4110.0,4012.0,4092.6,24566150,4501.8,3683.4,4440.0,3288.1,4027.3,8,1,4027.0,405,6,4026.6,18,2,4026.5,15,2,4026.4,38,2,4027.5,31,1,4028.5,9,2,4028.6,37,2,4028.7,12,1,4028.8,19,3
11483,2026-07-02 12:09:08+05:30,4027.5,1,4041.51,1075784,145786.0,158197.0,4100.0,4110.0,4012.0,4092.6,24566150,4501.8,3683.4,4440.0,3288.1,4027.3,8,1,4027.0,405,6,4026.6,18,2,4026.5,21,3,4026.4,32,1,4027.4,1,1,4027.5,28,1,4028.5,2,1,4028.6,37,2,4028.7,30,2
11483,2026-07-02 12:09:08+05:30,4027.5,1,4041.51,1075784,145786.0,158197.0,4100.0,4110.0,4012.0,4092.6,24566150,4501.8,3683.4,4440.0,3288.1,4027.3,8,1,4027.0,405,6,4026.6,18,2,4026.5,21,3,4026.4,32,1,4027.4,1,1,4027.5,28,1,4028.5,2,1,4028.6,37,2,4028.7,30,2
11483,2026-07-02 12:09:09+05:30,4027.5,1,4041.51,1075786,145792.0,158191.0,4100.0,4110.0,4012.0,4092.6,24566150,4501.8,3683.4,4440.0,3288.1,4027.3,8,1,4027.0,405,6,4026.6,18,2,4026.5,21,3,4026.4,32,1,4027.5,27,1,4028.5,2,1,4028.6,37,2,4028.7,30,2,4028.8,18,2
11483,2026-07-02 12:09:09+05:30,4027.3,1,4041.51,1075786,145792.0,158191.0,4100.0,4110.0,4012.0,4092.6,24566150,4501.8,3683.4,4440.0,3288.1,4027.3,8,1,4027.0,405,6,4026.6,18,2,4026.5,21,3,4026.4,32,1,4027.5,27,1,4028.5,2,1,4028.6,37,2,4028.7,30,2,4028.8,18,2
11483,2026-07-02 12:09:10+05:30,4028.7,13,4041.5,1075909,146343.0,158042.0,4100.0,4110.0,4012.0,4092.6,24566150,4501.8,3683.4,4440.0,3288.1,4027.3,7,1,4027.0,405,6,4026.8,13,1,4026.6,15,1,4026.5,18,3,4028.4,6,1,4028.5,24,2,4028.6,29,2,4028.7,88,5,4028.8,58,4
11483,2026-07-02 12:09:10+05:30,4027.3,7,4041.5,1075909,146343.0,158042.0,4100.0,4110.0,4012.0,4092.6,24566150,4501.8,3683.4,4440.0,3288.1,4027.3,7,1,4027.0,405,6,4026.8,13,1,4026.6,15,1,4026.5,18,3,4028.4,6,1,4028.5,24,2,4028.6,29,2,4028.7,88,5,4028.8,58,4
11483,2026-07-02 12:09:11+05:30,4027.3,7,4041.5,1075916,145884.0,158221.0,4100.0,4110.0,4012.0,4092.6,24566150,4501.8,3683.4,4440.0,3288.1,4027.0,405,6,4026.6,45,2,4026.5,6,2,4026.4,6,1,4026.3,48,3,4027.3,2,1,4028.4,79,3,4028.5,12,1,4028.6,64,3,4028.7,102,7
11483,2026-07-02 12:09:11+05:30,4027.0,1,4041.5,1075916,145884.0,158221.0,4100.0,4110.0,4012.0,4092.6,24566150,4501.8,3683.4,4440.0,3288.1,4027.0,405,6,4026.6,45,2,4026.5,6,2,4026.4,6,1,4026.3,48,3,4027.3,2,1,4028.4,79,3,4028.5,12,1,4028.6,64,3,4028.7,102,7
11483,2026-07-02 12:09:12+05:30,4027.3,1,4041.5,1075919,145790.0,158312.0,4100.0,4110.0,4012.0,4092.6,24566150,4501.8,3683.4,4440.0,3288.1,4027.1,1,1,4027.0,404,6,4026.6,51,3,4026.5,3,1,4026.4,3,1,4027.3,2,1,4028.4,40,3,4028.5,12,1,4028.6,31,3,4028.7,68,6
11483,2026-07-02 12:09:12+05:30,4027.1,1,4041.5,1075919,145790.0,158312.0,4100.0,4110.0,4012.0,4092.6,24566150,4501.8,3683.4,4440.0,3288.1,4027.1,1,1,4027.0,404,6,4026.6,51,3,4026.5,3,1,4026.4,3,1,4027.3,2,1,4028.4,40,3,4028.5,12,1,4028.6,31,3,4028.7,68,6
11483,2026-07-02 12:09:13+05:30,4027.3,4,4041.5,1075924,145839.0,158334.0,4100.0,4110.0,4012.0,4092.6,24566150,4501.8,3683.4,4440.0,3288.1,4027.1,1,1,4027.0,404,6,4026.6,51,3,4026.5,3,1,4026.4,3,1,4027.3,1,1,4028.5,61,3,4028.6,43,4,4028.7,56,5,4028.8,9,1
11483,2026-07-02 12:09:13+05:30,4028.5,3,4041.5,1075924,145839.0,158334.0,4100.0,4110.0,4012.0,4092.6,24566150,4501.8,3683.4,4440.0,3288.1,4027.1,1,1,4027.0,404,6,4026.6,51,3,4026.5,3,1,4026.4,3,1,4027.3,1,1,4028.5,61,3,4028.6,43,4,4028.7,56,5,4028.8,9,1
11483,2026-07-02 12:09:14+05:30,4028.4,16,4041.5,1075957,146038.0,158320.0,4100.0,4110.0,4012.0,4092.6,24566150,4501.8,3683.4,4440.0,3288.1,4027.0,412,7,4026.8,13,1,4026.6,15,1,4026.5,42,3,4026.4,9,2,4028.4,20,2,4028.5,54,3,4028.6,31,3,4028.7,102,7,4028.8,9,1
11483,2026-07-02 12:09:14+05:30,4027.0,4,4041.5,1075957,146038.0,158320.0,4100.0,4110.0,4012.0,4092.6,24566150,4501.8,3683.4,4440.0,3288.1,4027.0,412,7,4026.8,13,1,4026.6,15,1,4026.5,42,3,4026.4,9,2,4028.4,20,2,4028.5,54,3,4028.6,31,3,4028.7,102,7,4028.8,9,1
11483,2026-07-02 12:09:15+05:30,4027.0,4,4041.5,1075961,145999.0,158498.0,4100.0,4110.0,4012.0,4092.6,24566150,4501.8,3683.4,4440.0,3288.1,4027.0,408,7,4026.8,13,1,4026.6,15,1,4026.5,16,2,4026.4,9,2,4028.4,40,3,4028.5,76,4,4028.6,31,3,4028.7,83,7,4028.8,9,1
11483,2026-07-02 12:09:15+05:30,4027.0,1,4041.5,1075961,145999.0,158498.0,4100.0,4110.0,4012.0,4092.6,24566150,4501.8,3683.4,4440.0,3288.1,4027.0,408,7,4026.8,13,1,4026.6,15,1,4026.5,16,2,4026.4,9,2,4028.4,40,3,4028.5,76,4,4028.6,31,3,4028.7,83,7,4028.8,9,1
11483,2026-07-02 12:09:16+05:30,4028.4,2,4041.5,1075967,147162.0,158467.0,4100.0,4110.0,4012.0,4092.6,24566150,4501.8,3683.4,4440.0,3288.1,4027.5,2,2,4027.3,2,1,4027.1,1,1,4027.0,442,8,4026.8,13,1,4028.4,25,2,4028.5,9,1,4028.6,19,1,4028.7,57,5,4028.8,9,1
11483,2026-07-02 12:09:16+05:30,4028.4,2,4041.5,1075967,147162.0,158467.0,4100.0,4110.0,4012.0,4092.6,24566150,4501.8,3683.4,4440.0,3288.1,4027.5,2,2,4027.3,2,1,4027.1,1,1,4027.0,442,8,4026.8,13,1,4028.4,25,2,4028.5,9,1,4028.6,19,1,4028.7,57,5,4028.8,9,1
11483,2026-07-02 12:09:17+05:30,4028.4,1,4041.5,1075968,147087.0,158716.0,4100.0,4110.0,4012.0,4092.6,24566150,4501.8,3683.4,4440.0,3288.1,4027.5,2,2,4027.3,2,1,4027.1,1,1,4027.0,442,8,4026.8,13,1,4028.4,24,2,4028.5,9,1,4028.6,19,1,4028.7,57,5,4028.8,9,1
11483,2026-07-02 12:09:17+05:30,4027.5,1,4041.5,1075968,147087.0,158716.0,4100.0,4110.0,4012.0,4092.6,24566150,4501.8,3683.4,4440.0,3288.1,4027.5,2,2,4027.3,2,1,4027.1,1,1,4027.0,442,8,4026.8,13,1,4028.4,24,2,4028.5,9,1,4028.6,19,1,4028.7,57,5,4028.8,9,1
11483,2026-07-02 12:09:18+05:30,4027.5,1,4041.5,1075969,147119.0,158860.0,4100.0,4110.0,4012.0,4092.6,24566150,4501.8,3683.4,4440.0,3288.1,4027.5,2,2,4027.3,2,1,4027.1,1,1,4027.0,444,9,4026.8,13,1,4028.6,66,1,4028.7,38,3,4028.8,9,1,4028.9,4,3,4029.0,83,4
11483,2026-07-02 12:09:19+05:30,4027.5,1,4041.5,1075980,146906.0,158863.0,4100.0,4110.0,4012.0,4092.6,24566150,4501.8,3683.4,4440.0,3288.1,4027.5,9,1,4027.3,2,1,4027.1,3,1,4027.0,408,8,4026.8,13,1,4028.6,97,3,4028.7,36,2,4028.8,23,3,4028.9,9,4,4029.0,129,8
11483,2026-07-02 12:09:19+05:30,4027.5,1,4041.5,1075980,146906.0,158863.0,4100.0,4110.0,4012.0,4092.6,24566150,4501.8,3683.4,4440.0,3288.1,4027.5,9,1,4027.3,2,1,4027.1,3,1,4027.0,408,8,4026.8,13,1,4028.6,97,3,4028.7,36,2,4028.8,23,3,4028.9,9,4,4029.0,129,8
11483,2026-07-02 12:09:20+05:30,4027.5,1,4041.5,1075981,146985.0,158993.0,4100.0,4110.0,4012.0,4092.6,24566150,4501.8,3683.4,4440.0,3288.1,4027.5,8,1,4027.3,2,1,4027.1,3,1,4027.0,408,8,4026.8,13,1,4028.6,97,3,4028.7,67,3,4028.8,23,3,4028.9,9,4,4029.0,98,7
11483,2026-07-02 12:09:21+05:30,4028.6,4,4041.5,1075985,146747.0,158513.0,4100.0,4110.0,4012.0,4092.6,24566150,4501.8,3683.4,4440.0,3288.1,4028.4,5,1,4027.5,8,1,4027.3,2,1,4027.1,16,2,4027.0,408,8,4028.6,77,2,4028.7,36,2,4028.8,9,1,4028.9,11,5,4029.0,42,4
11483,2026-07-02 12:09:21+05:30,4028.4,1,4041.5,1075985,146747.0,158513.0,4100.0,4110.0,4012.0,4092.6,24566150,4501.8,3683.4,4440.0,3288.1,4028.4,5,1,4027.5,8,1,4027.3,2,1,4027.1,16,2,4027.0,408,8,4028.6,77,2,4028.7,36,2,4028.8,9,1,4028.9,11,5,4029.0,42,4
11483,2026-07-02 12:09:22+05:30,4028.4,1,4041.5,1075986,146929.0,158086.0,4100.0,4110.0,4012.0,4092.6,24566150,4501.8,3683.4,4440.0,3288.1,4028.5,1,1,4028.4,4,1,4027.6,10,1,4027.5,8,1,4027.3,2,1,4028.6,62,1,4028.7,22,1,4028.9,6,4,4029.0,42,4,4029.1,21,1
11483,2026-07-02 12:09:23+05:30,4028.5,2,4041.5,1075986,146929.0,158086.0,4100.0,4110.0,4012.0,4092.6,24566150,4501.8,3683.4,4440.0,3288.1,4028.5,1,1,4028.4,4,1,4027.6,10,1,4027.5,8,1,4027.3,2,1,4028.6,62,1,4028.7,22,1,4028.9,6,4,4029.0,42,4,4029.1,21,1
11483,2026-07-02 12:09:23+05:30,4028.5,2,4041.5,1075988,146957.0,158108.0,4100.0,4110.0,4012.0,4092.6,24566150,4501.8,3683.4,4440.0,3288.1,4028.4,4,1,4027.6,10,1,4027.5,8,1,4027.4,14,1,4027.3,2,1,4028.5,1,1,4028.6,62,1,4028.9,6,4,4029.0,42,4,4029.1,21,1
11483,2026-07-02 12:09:24+05:30,4028.5,1,4041.5,1075988,146957.0,158108.0,4100.0,4110.0,4012.0,4092.6,24566150,4501.8,3683.4,4440.0,3288.1,4028.4,4,1,4027.6,10,1,4027.5,8,1,4027.4,14,1,4027.3,2,1,4028.5,1,1,4028.6,62,1,4028.9,6,4,4029.0,42,4,4029.1,21,1
11483,2026-07-02 12:09:24+05:30,4028.5,1,4041.5,1075989,147043.0,158168.0,4100.0,4110.0,4012.0,4092.6,24566150,4501.8,3683.4,4440.0,3288.1,4028.4,4,1,4028.0,1,1,4027.6,10,1,4027.5,8,1,4027.3,2,1,4028.5,1,1,4028.6,74,2,4028.9,23,5,4029.0,54,5,4029.1,21,1
11483,2026-07-02 12:09:25+05:30,4028.4,3,4041.5,1075993,146966.0,158712.0,4100.0,4110.0,4012.0,4092.6,24566150,4501.8,3683.4,4440.0,3288.1,4028.0,1,1,4027.6,10,1,4027.5,8,1,4027.3,2,1,4027.1,16,2,4028.5,1,1,4028.6,74,2,4028.9,21,4,4029.0,56,6,4029.1,29,3
11483,2026-07-02 12:09:25+05:30,4028.4,3,4041.5,1075993,146966.0,158712.0,4100.0,4110.0,4012.0,4092.6,24566150,4501.8,3683.4,4440.0,3288.1,4028.0,1,1,4027.6,10,1,4027.5,8,1,4027.3,2,1,4027.1,16,2,4028.5,1,1,4028.6,74,2,4028.9,21,4,4029.0,56,6,4029.1,29,3
11483,2026-07-02 12:09:26+05:30,4028.5,1,4041.5,1075995,146993.0,158252.0,4100.0,4110.0,4012.0,4092.6,24566150,4501.8,3683.4,4440.0,3288.1,4028.5,1,1,4028.0,1,1,4027.6,10,1,4027.5,8,1,4027.3,2,1,4028.6,89,3,4028.9,21,4,4029.0,54,6,4029.1,29,3,4029.2,52,4
11483,2026-07-02 12:09:26+05:30,4028.5,1,4041.5,1075995,146993.0,158252.0,4100.0,4110.0,4012.0,4092.6,24566150,4501.8,3683.4,4440.0,3288.1,4028.5,1,1,4028.0,1,1,4027.6,10,1,4027.5,8,1,4027.3,2,1,4028.6,89,3,4028.9,21,4,4029.0,54,6,4029.1,29,3,4029.2,52,4
11483,2026-07-02 12:09:27+05:30,4028.6,1,4041.5,1075996,146993.0,158264.0,4100.0,4110.0,4012.0,4092.6,24566150,4501.8,3683.4,4440.0,3288.1,4028.5,2,2,4028.0,1,1,4027.6,10,1,4027.5,8,1,4027.3,2,1,4028.6,88,3,4028.9,21,4,4029.0,54,6,4029.1,29,3,4029.2,52,4
11483,2026-07-02 12:09:28+05:30,4028.6,1,4041.5,1075996,146993.0,158264.0,4100.0,4110.0,4012.0,4092.6,24566150,4501.8,3683.4,4440.0,3288.1,4028.5,2,2,4028.0,1,1,4027.6,10,1,4027.5,8,1,4027.3,2,1,4028.6,88,3,4028.9,21,4,4029.0,54,6,4029.1,29,3,4029.2,52,4
11483,2026-07-02 12:09:28+05:30,4028.6,1,4041.5,1075996,147009.0,158266.0,4100.0,4110.0,4012.0,4092.6,24566150,4501.8,3683.4,4440.0,3288.1,4028.5,2,2,4028.0,1,1,4027.6,10,1,4027.5,9,2,4027.3,2,1,4028.6,88,3,4028.9,21,4,4029.0,54,6,4029.1,26,2,4029.2,55,5
11483,2026-07-02 12:09:29+05:30,4028.5,4,4041.5,1075996,147009.0,158266.0,4100.0,4110.0,4012.0,4092.6,24566150,4501.8,3683.4,4440.0,3288.1,4028.5,2,2,4028.0,1,1,4027.6,10,1,4027.5,9,2,4027.3,2,1,4028.6,88,3,4028.9,21,4,4029.0,54,6,4029.1,26,2,4029.2,55,5
11483,2026-07-02 12:09:29+05:30,4028.5,4,4041.5,1076009,147117.0,158748.0,4100.0,4110.0,4012.0,4092.6,24566150,4501.8,3683.4,4440.0,3288.1,4028.0,1,1,4027.6,10,1,4027.5,9,2,4027.3,2,1,4027.1,19,2,4028.5,11,1,4028.6,66,2,4028.9,2,2,4029.0,54,6,4029.1,31,4
11483,2026-07-02 12:09:30+05:30,4028.0,1,4041.5,1076009,147117.0,158748.0,4100.0,4110.0,4012.0,4092.6,24566150,4501.8,3683.4,4440.0,3288.1,4028.0,1,1,4027.6,10,1,4027.5,9,2,4027.3,2,1,4027.1,19,2,4028.5,11,1,4028.6,66,2,4028.9,2,2,4029.0,54,6,4029.1,31,4
11483,2026-07-02 12:09:30+05:30,4028.0,3,4041.5,1076015,147440.0,158738.0,4100.0,4110.0,4012.0,4092.6,24566150,4501.8,3683.4,4440.0,3288.1,4027.6,10,1,4027.5,9,2,4027.3,2,1,4027.0,400,9,4026.8,45,2,4028.0,5,1,4028.4,12,1,4028.5,11,1,4028.6,54,1,4028.8,6,1
11483,2026-07-02 12:09:31+05:30,4027.6,1,4041.5,1076015,147440.0,158738.0,4100.0,4110.0,4012.0,4092.6,24566150,4501.8,3683.4,4440.0,3288.1,4027.6,10,1,4027.5,9,2,4027.3,2,1,4027.0,400,9,4026.8,45,2,4028.0,5,1,4028.4,12,1,4028.5,11,1,4028.6,54,1,4028.8,6,1
11483,2026-07-02 12:09:31+05:30,4027.6,1,4041.5,1076016,147597.0,158721.0,4100.0,4110.0,4012.0,4092.6,24566150,4501.8,3683.4,4440.0,3288.1,4027.6,9,1,4027.5,9,2,4027.3,2,1,4027.0,400,9,4026.8,45,2,4028.0,5,1,4028.4,12,1,4028.5,11,1,4028.6,54,1,4028.8,6,1
11483,2026-07-02 12:09:32+05:30,4028.0,1,4041.5,1076016,147597.0,158721.0,4100.0,4110.0,4012.0,4092.6,24566150,4501.8,3683.4,4440.0,3288.1,4027.6,9,1,4027.5,9,2,4027.3,2,1,4027.0,400,9,4026.8,45,2,4028.0,5,1,4028.4,12,1,4028.5,11,1,4028.6,54,1,4028.8,6,1
11483,2026-07-02 12:09:33+05:30,4028.6,2,4041.5,1076023,147401.0,158292.0,4100.0,4110.0,4012.0,4092.6,24566150,4501.8,3683.4,4440.0,3288.1,4028.5,6,1,4027.8,1,1,4027.6,9,1,4027.5,9,2,4027.3,2,1,4028.6,52,1,4028.8,12,1,4028.9,4,3,4029.0,40,4,4029.1,23,2
11483,2026-07-02 12:09:33+05:30,4028.5,1,4041.5,1076023,147401.0,158292.0,4100.0,4110.0,4012.0,4092.6,24566150,4501.8,3683.4,4440.0,3288.1,4028.5,6,1,4027.8,1,1,4027.6,9,1,4027.5,9,2,4027.3,2,1,4028.6,52,1,4028.8,12,1,4028.9,4,3,4029.0,40,4,4029.1,23,2
11483,2026-07-02 12:09:34+05:30,4028.5,2,4041.5,1076026,147251.0,158226.0,4100.0,4110.0,4012.0,4092.6,24566150,4501.8,3683.4,4440.0,3288.1,4028.5,3,1,4027.8,1,1,4027.6,9,1,4027.5,9,2,4027.4,6,1,4028.6,52,1,4028.9,2,2,4029.0,37,2,4029.1,23,2,4029.2,125,4
11483,2026-07-02 12:09:34+05:30,4028.6,18,4041.5,1076026,147251.0,158226.0,4100.0,4110.0,4012.0,4092.6,24566150,4501.8,3683.4,4440.0,3288.1,4028.5,3,1,4027.8,1,1,4027.6,9,1,4027.5,9,2,4027.4,6,1,4028.6,52,1,4028.9,2,2,4029.0,37,2,4029.1,23,2,4029.2,125,4
11483,2026-07-02 12:09:34+05:30,4028.6,18,4041.5,1076044,147370.0,158195.0,4100.0,4110.0,4012.0,4092.6,24566150,4501.8,3683.4,4440.0,3288.1,4028.5,3,1,4027.8,1,1,4027.6,9,1,4027.5,9,2,4027.4,6,1,4028.6,34,1,4028.9,14,3,4029.0,44,3,4029.1,25,3,4029.2,125,4
11483,2026-07-02 12:09:35+05:30,4028.5,2,4041.5,1076044,147370.0,158195.0,4100.0,4110.0,4012.0,4092.6,24566150,4501.8,3683.4,4440.0,3288.1,4028.5,3,1,4027.8,1,1,4027.6,9,1,4027.5,9,2,4027.4,6,1,4028.6,34,1,4028.9,14,3,4029.0,44,3,4029.1,25,3,4029.2,125,4
11483,2026-07-02 12:09:36+05:30,4027.5,2,4041.5,1076062,147173.0,158677.0,4100.0,4110.0,4012.0,4092.6,24566150,4501.8,3683.4,4440.0,3288.1,4027.5,7,2,4027.3,2,1,4027.2,100,1,4027.0,400,9,4026.8,13,1,4028.6,48,4,4028.7,54,2,4028.8,175,1,4028.9,2,2,4029.0,88,6
11483,2026-07-02 12:09:36+05:30,4027.5,2,4041.5,1076062,147173.0,158677.0,4100.0,4110.0,4012.0,4092.6,24566150,4501.8,3683.4,4440.0,3288.1,4027.5,7,2,4027.3,2,1,4027.2,100,1,4027.0,400,9,4026.8,13,1,4028.6,48,4,4028.7,54,2,4028.8,175,1,4028.9,2,2,4029.0,88,6
11483,2026-07-02 12:09:37+05:30,4027.5,2,4041.5,1076064,147227.0,158667.0,4100.0,4110.0,4012.0,4092.6,24566150,4501.8,3683.4,4440.0,3288.1,4027.5,5,2,4027.3,2,1,4027.2,100,1,4027.0,400,9,4026.9,24,1,4028.6,60,5,4028.7,54,2,4028.8,175,1,4028.9,2,2,4029.0,103,7
11483,2026-07-02 12:09:37+05:30,4027.5,1,4041.5,1076064,147227.0,158667.0,4100.0,4110.0,4012.0,4092.6,24566150,4501.8,3683.4,4440.0,3288.1,4027.5,5,2,4027.3,2,1,4027.2,100,1,4027.0,400,9,4026.9,24,1,4028.6,60,5,4028.7,54,2,4028.8,175,1,4028.9,2,2,4029.0,103,7
11483,2026-07-02 12:09:38+05:30,4028.5,6,4041.5,1076086,147139.0,158681.0,4100.0,4110.0,4012.0,4092.6,24566150,4501.8,3683.4,4440.0,3288.1,4027.5,6,3,4027.3,2,1,4027.2,100,1,4027.0,400,9,4026.8,13,1,4028.5,2,1,4028.6,73,4,4028.7,54,2,4028.8,199,2,4028.9,17,3
11483,2026-07-02 12:09:38+05:30,4027.5,2,4041.5,1076086,147139.0,158681.0,4100.0,4110.0,4012.0,4092.6,24566150,4501.8,3683.4,4440.0,3288.1,4027.5,6,3,4027.3,2,1,4027.2,100,1,4027.0,400,9,4026.8,13,1,4028.5,2,1,4028.6,73,4,4028.7,54,2,4028.8,199,2,4028.9,17,3
11483,2026-07-02 12:09:39+05:30,4028.5,1,4041.5,1076090,148274.0,157906.0,4100.0,4110.0,4012.0,4092.6,24566150,4501.8,3683.4,4440.0,3288.1,4027.6,34,4,4027.5,19,6,4027.4,53,3,4027.3,93,5,4027.2,103,2,4028.6,33,1,4028.9,1,1,4029.2,30,2,4029.3,12,1,4029.5,18,2
11483,2026-07-02 12:09:39+05:30,4027.6,1,4041.5,1076090,148274.0,157906.0,4100.0,4110.0,4012.0,4092.6,24566150,4501.8,3683.4,4440.0,3288.1,4027.6,34,4,4027.5,19,6,4027.4,53,3,4027.3,93,5,4027.2,103,2,4028.6,33,1,4028.9,1,1,4029.2,30,2,4029.3,12,1,4029.5,18,2
11483,2026-07-02 12:09:40+05:30,4027.6,8,4041.5,1076099,148300.0,157904.0,4100.0,4110.0,4012.0,4092.6,24566150,4501.8,3683.4,4440.0,3288.1,4027.6,19,3,4027.5,13,5,4027.4,65,3,4027.3,93,5,4027.2,100,1,4028.6,33,1,4028.9,1,1,4029.2,30,2,4029.3,12,1,4029.5,5,1
11483,2026-07-02 12:09:40+05:30,4027.6,1,4041.5,1076099,148300.0,157904.0,4100.0,4110.0,4012.0,4092.6,24566150,4501.8,3683.4,4440.0,3288.1,4027.6,19,3,4027.5,13,5,4027.4,65,3,4027.3,93,5,4027.2,100,1,4028.6,33,1,4028.9,1,1,4029.2,30,2,4029.3,12,1,4029.5,5,1
11483,2026-07-02 12:09:41+05:30,4027.6,1,4041.5,1076100,148313.0,157969.0,4100.0,4110.0,4012.0,4092.6,24566150,4501.8,3683.4,4440.0,3288.1,4027.5,10,4,4027.4,17,2,4027.3,77,4,4027.2,100,1,4027.1,124,6,4028.6,33,1,4028.9,13,2,4029.2,30,2,4029.3,12,1,4029.5,37,2
11483,2026-07-02 12:09:42+05:30,4027.6,1,4041.5,1076100,148233.0,158212.0,4100.0,4110.0,4012.0,4092.6,24566150,4501.8,3683.4,4440.0,3288.1,4028.0,1,1,4027.6,2,1,4027.5,2,2,4027.4,7,1,4027.3,29,3,4028.6,33,1,4028.9,13,2,4029.0,14,1,4029.2,30,2,4029.3,30,2
11483,2026-07-02 12:09:43+05:30,4028.6,24,4041.5,1076124,148239.0,158258.0,4100.0,4110.0,4012.0,4092.6,24566150,4501.8,3683.4,4440.0,3288.1,4028.0,1,1,4027.6,2,1,4027.5,2,2,4027.4,7,1,4027.3,61,4,4028.6,9,1,4028.9,13,2,4029.0,14,1,4029.2,30,2,4029.3,30,2
11483,2026-07-02 12:09:43+05:30,4028.6,2,4041.5,1076124,148239.0,158258.0,4100.0,4110.0,4012.0,4092.6,24566150,4501.8,3683.4,4440.0,3288.1,4028.0,1,1,4027.6,2,1,4027.5,2,2,4027.4,7,1,4027.3,61,4,4028.6,9,1,4028.9,13,2,4029.0,14,1,4029.2,30,2,4029.3,30,2
11483,2026-07-02 12:09:44+05:30,4027.6,4,4041.5,1076133,148266.0,158171.0,4100.0,4110.0,4012.0,4092.6,24566150,4501.8,3683.4,4440.0,3288.1,4027.6,2,1,4027.5,2,2,4027.4,7,1,4027.3,61,4,4027.2,127,2,4028.6,7,1,4028.9,13,2,4029.2,30,2,4029.3,57,3,4029.5,37,2
11483,2026-07-02 12:09:44+05:30,4027.6,1,4041.5,1076133,148266.0,158171.0,4100.0,4110.0,4012.0,4092.6,24566150,4501.8,3683.4,4440.0,3288.1,4027.6,2,1,4027.5,2,2,4027.4,7,1,4027.3,61,4,4027.2,127,2,4028.6,7,1,4028.9,13,2,4029.2,30,2,4029.3,57,3,4029.5,37,2
11483,2026-07-02 12:09:45+05:30,4027.6,1,4041.5,1076134,148411.0,158173.0,4100.0,4110.0,4012.0,4092.6,24566150,4501.8,3683.4,4440.0,3288.1,4027.6,16,2,4027.5,2,2,4027.4,7,1,4027.3,61,4,4027.2,127,2,4028.6,8,2,4028.9,13,2,4029.2,30,2,4029.3,57,3,4029.5,37,2
11483,2026-07-02 12:09:46+05:30,4028.6,7,4041.5,1076141,148487.0,158322.0,4100.0,4110.0,4012.0,4092.6,24566150,4501.8,3683.4,4440.0,3288.1,4028.1,2,2,4027.6,21,3,4027.5,2,2,4027.4,7,1,4027.3,61,4,4028.6,67,2,4028.9,1,1,4029.2,30,2,4029.3,30,2,4029.5,37,2
11483,2026-07-02 12:09:46+05:30,4028.1,1,4041.5,1076141,148487.0,158322.0,4100.0,4110.0,4012.0,4092.6,24566150,4501.8,3683.4,4440.0,3288.1,4028.1,2,2,4027.6,21,3,4027.5,2,2,4027.4,7,1,4027.3,61,4,4028.6,67,2,4028.9,1,1,4029.2,30,2,4029.3,30,2,4029.5,37,2
11483,2026-07-02 12:09:47+05:30,4028.1,1,4041.5,1076142,148487.0,158350.0,4100.0,4110.0,4012.0,4092.6,24566150,4501.8,3683.4,4440.0,3288.1,4028.1,2,2,4027.7,1,1,4027.6,20,2,4027.5,2,2,4027.4,7,1,4028.6,67,2,4028.9,1,1,4029.2,60,3,4029.3,30,2,4029.5,37,2
11483,2026-07-02 12:09:48+05:30,4027.5,1,4041.5,1076179,147707.0,158716.0,4100.0,4110.0,4012.0,4092.6,24566150,4501.8,3683.4,4440.0,3288.1,4027.3,2,1,4027.2,100,1,4027.0,432,10,4026.6,53,3,4026.5,19,4,4027.6,1,1,4028.6,106,4,4028.8,6,1,4028.9,9,2,4029.0,12,1
11483,2026-07-02 12:09:48+05:30,4027.3,2,4041.5,1076179,147707.0,158716.0,4100.0,4110.0,4012.0,4092.6,24566150,4501.8,3683.4,4440.0,3288.1,4027.3,2,1,4027.2,100,1,4027.0,432,10,4026.6,53,3,4026.5,19,4,4027.6,1,1,4028.6,106,4,4028.8,6,1,4028.9,9,2,4029.0,12,1
11483,2026-07-02 12:09:49+05:30,4027.3,2,4041.5,1076179,147707.0,158716.0,4100.0,4110.0,4012.0,4092.6,24566150,4501.8,3683.4,4440.0,3288.1,4027.3,2,1,4027.2,100,1,4027.0,432,10,4026.6,53,3,4026.5,19,4,4027.6,1,1,4028.6,106,4,4028.8,6,1,4028.9,9,2,4029.0,12,1
11483,2026-07-02 12:09:49+05:30,4027.3,2,4041.5,1076183,147163.0,158803.0,4100.0,4110.0,4012.0,4092.6,24566150,4501.8,3683.4,4440.0,3288.1,4027.2,100,1,4027.0,432,10,4026.7,6,1,4026.6,47,2,4026.5,47,5,4027.6,1,1,4028.6,106,4,4028.9,9,2,4029.0,25,2,4029.1,58,3
11483,2026-07-02 12:09:49+05:30,4027.6,1,4041.5,1076183,147163.0,158803.0,4100.0,4110.0,4012.0,4092.6,24566150,4501.8,3683.4,4440.0,3288.1,4027.2,100,1,4027.0,432,10,4026.7,6,1,4026.6,47,2,4026.5,47,5,4027.6,1,1,4028.6,106,4,4028.9,9,2,4029.0,25,2,4029.1,58,3
11483,2026-07-02 12:09:49+05:30,4027.6,1,4041.5,1076183,147163.0,158803.0,4100.0,4110.0,4012.0,4092.6,24566150,4501.8,3683.4,4440.0,3288.1,4027.2,100,1,4027.0,432,10,4026.7,6,1,4026.6,47,2,4026.5,47,5,4027.6,1,1,4028.6,106,4,4028.9,9,2,4029.0,25,2,4029.1,58,3
11483,2026-07-02 12:09:50+05:30,4027.6,1,4041.5,1076183,147163.0,158803.0,4100.0,4110.0,4012.0,4092.6,24566150,4501.8,3683.4,4440.0,3288.1,4027.2,100,1,4027.0,432,10,4026.7,6,1,4026.6,47,2,4026.5,47,5,4027.6,1,1,4028.6,106,4,4028.9,9,2,4029.0,25,2,4029.1,58,3
11483,2026-07-02 12:09:50+05:30,4027.2,2,4041.5,1076229,146292.0,158668.0,4100.0,4110.0,4012.0,4092.6,24566150,4501.8,3683.4,4440.0,3288.1,4027.2,97,1,4027.0,400,9,4026.6,15,1,4026.5,16,2,4026.3,9,2,4028.3,41,4,4028.4,35,3,4028.5,66,4,4028.6,262,5,4028.7,41,2
11483,2026-07-02 12:09:50+05:30,4027.2,6,4041.5,1076229,146292.0,158668.0,4100.0,4110.0,4012.0,4092.6,24566150,4501.8,3683.4,4440.0,3288.1,4027.2,97,1,4027.0,400,9,4026.6,15,1,4026.5,16,2,4026.3,9,2,4028.3,41,4,4028.4,35,3,4028.5,66,4,4028.6,262,5,4028.7,41,2
11483,2026-07-02 12:09:50+05:30,4027.2,6,4041.5,1076229,146292.0,158668.0,4100.0,4110.0,4012.0,4092.6,24566150,4501.8,3683.4,4440.0,3288.1,4027.2,97,1,4027.0,400,9,4026.6,15,1,4026.5,16,2,4026.3,9,2,4028.3,41,4,4028.4,35,3,4028.5,66,4,4028.6,262,5,4028.7,41,2
11483,2026-07-02 12:09:51+05:30,4027.6,4,4041.5,1076240,146314.0,158961.0,4100.0,4110.0,4012.0,4092.6,24566150,4501.8,3683.4,4440.0,3288.1,4027.2,90,1,4027.0,400,9,4026.6,15,1,4026.5,3,1,4026.3,96,4,4027.6,16,1,4028.3,41,4,4028.4,83,4,4028.5,112,5,4028.6,262,5
11483,2026-07-02 12:09:51+05:30,4027.6,4,4041.5,1076240,146314.0,158961.0,4100.0,4110.0,4012.0,4092.6,24566150,4501.8,3683.4,4440.0,3288.1,4027.2,90,1,4027.0,400,9,4026.6,15,1,4026.5,3,1,4026.3,96,4,4027.6,16,1,4028.3,41,4,4028.4,83,4,4028.5,112,5,4028.6,262,5
11483,2026-07-02 12:09:51+05:30,4027.2,1,4041.5,1076240,146314.0,158961.0,4100.0,4110.0,4012.0,4092.6,24566150,4501.8,3683.4,4440.0,3288.1,4027.2,90,1,4027.0,400,9,4026.6,15,1,4026.5,3,1,4026.3,96,4,4027.6,16,1,4028.3,41,4,4028.4,83,4,4028.5,112,5,4028.6,262,5
11483,2026-07-02 12:09:51+05:30,4027.2,1,4041.5,1076240,146314.0,158961.0,4100.0,4110.0,4012.0,4092.6,24566150,4501.8,3683.4,4440.0,3288.1,4027.2,90,1,4027.0,400,9,4026.6,15,1,4026.5,3,1,4026.3,96,4,4027.6,16,1,4028.3,41,4,4028.4,83,4,4028.5,112,5,4028.6,262,5
11483,2026-07-02 12:09:52+05:30,4027.2,1,4041.5,1076241,146416.0,158939.0,4100.0,4110.0,4012.0,4092.6,24566150,4501.8,3683.4,4440.0,3288.1,4027.4,1,1,4027.2,89,1,4027.0,400,9,4026.6,15,1,4026.5,3,1,4027.6,16,1,4028.3,41,4,4028.4,83,4,4028.5,97,4,4028.6,262,5
11483,2026-07-02 12:09:52+05:30,4027.2,1,4041.5,1076241,146416.0,158939.0,4100.0,4110.0,4012.0,4092.6,24566150,4501.8,3683.4,4440.0,3288.1,4027.4,1,1,4027.2,89,1,4027.0,400,9,4026.6,15,1,4026.5,3,1,4027.6,16,1,4028.3,41,4,4028.4,83,4,4028.5,97,4,4028.6,262,5
11483,2026-07-02 12:09:53+05:30,4027.2,1,4041.5,1076241,146416.0,158939.0,4100.0,4110.0,4012.0,4092.6,24566150,4501.8,3683.4,4440.0,3288.1,4027.4,1,1,4027.2,89,1,4027.0,400,9,4026.6,15,1,4026.5,3,1,4027.6,16,1,4028.3,41,4,4028.4,83,4,4028.5,97,4,4028.6,262,5
11483,2026-07-02 12:09:53+05:30,4027.2,1,4041.5,1076241,146386.0,158937.0,4100.0,4110.0,4012.0,4092.6,24566150,4501.8,3683.4,4440.0,3288.1,4027.4,1,1,4027.2,89,1,4027.0,400,9,4026.6,15,1,4026.5,3,1,4027.6,35,4,4027.8,6,1,4028.1,15,1,4028.3,76,3,4028.4,83,4
11483,2026-07-02 12:09:53+05:30,4027.2,1,4041.5,1076241,146386.0,158937.0,4100.0,4110.0,4012.0,4092.6,24581200,4501.8,3683.4,4440.0,3288.1,4027.4,1,1,4027.2,89,1,4027.0,400,9,4026.6,15,1,4026.5,3,1,4027.6,35,4,4027.8,6,1,4028.1,15,1,4028.3,76,3,4028.4,83,4
11483,2026-07-02 12:09:54+05:30,4027.6,3,4041.5,1076244,146694.0,158953.0,4100.0,4110.0,4012.0,4092.6,24581200,4501.8,3683.4,4440.0,3288.1,4027.4,1,1,4027.2,89,1,4027.0,400,9,4026.6,15,1,4026.5,3,1,4027.6,32,4,4027.8,6,1,4028.0,19,2,4028.1,15,1,4028.3,17,2
11483,2026-07-02 12:09:54+05:30,4027.6,3,4041.5,1076244,146694.0,158953.0,4100.0,4110.0,4012.0,4092.6,24581200,4501.8,3683.4,4440.0,3288.1,4027.4,1,1,4027.2,89,1,4027.0,400,9,4026.6,15,1,4026.5,3,1,4027.6,32,4,4027.8,6,1,4028.0,19,2,4028.1,15,1,4028.3,17,2
11483,2026-07-02 12:09:54+05:30,4027.6,3,4041.5,1076244,146694.0,158953.0,4100.0,4110.0,4012.0,4092.6,24581200,4501.8,3683.4,4440.0,3288.1,4027.4,1,1,4027.2,89,1,4027.0,400,9,4026.6,15,1,4026.5,3,1,4027.6,32,4,4027.8,6,1,4028.0,19,2,4028.1,15,1,4028.3,17,2
11483,2026-07-02 12:09:54+05:30,4027.6,3,4041.5,1076244,146694.0,158953.0,4100.0,4110.0,4012.0,4092.6,24581200,4501.8,3683.4,4440.0,3288.1,4027.4,1,1,4027.2,89,1,4027.0,400,9,4026.6,15,1,4026.5,3,1,4027.6,32,4,4027.8,6,1,4028.0,19,2,4028.1,15,1,4028.3,17,2
11483,2026-07-02 12:09:55+05:30,4028.0,15,4041.5,1076298,146724.0,158934.0,4100.0,4110.0,4012.0,4092.6,24581200,4501.8,3683.4,4440.0,3288.1,4027.4,1,1,4027.2,89,1,4027.0,400,9,4026.6,15,1,4026.5,3,1,4028.0,32,6,4028.3,17,2,4028.4,99,5,4028.5,97,4,4028.6,284,5
11483,2026-07-02 12:09:55+05:30,4028.0,15,4041.5,1076298,146724.0,158934.0,4100.0,4110.0,4012.0,4092.6,24581200,4501.8,3683.4,4440.0,3288.1,4027.4,1,1,4027.2,89,1,4027.0,400,9,4026.6,15,1,4026.5,3,1,4028.0,32,6,4028.3,17,2,4028.4,99,5,4028.5,97,4,4028.6,284,5
11483,2026-07-02 12:09:55+05:30,4027.4,2,4041.5,1076298,146724.0,158934.0,4100.0,4110.0,4012.0,4092.6,24581200,4501.8,3683.4,4440.0,3288.1,4027.4,1,1,4027.2,89,1,4027.0,400,9,4026.6,15,1,4026.5,3,1,4028.0,32,6,4028.3,17,2,4028.4,99,5,4028.5,97,4,4028.6,284,5
11483,2026-07-02 12:09:56+05:30,4027.4,2,4041.5,1076300,146738.0,158962.0,4100.0,4110.0,4012.0,4092.6,24581200,4501.8,3683.4,4440.0,3288.1,4027.2,89,1,4027.0,400,9,4026.6,15,1,4026.5,3,1,4026.3,96,4,4027.4,1,1,4027.6,13,2,4028.0,24,5,4028.1,12,1,4028.3,91,3
11483,2026-07-02 12:09:56+05:30,4027.4,4,4041.5,1076300,146738.0,158962.0,4100.0,4110.0,4012.0,4092.6,24581200,4501.8,3683.4,4440.0,3288.1,4027.2,89,1,4027.0,400,9,4026.6,15,1,4026.5,3,1,4026.3,96,4,4027.4,1,1,4027.6,13,2,4028.0,24,5,4028.1,12,1,4028.3,91,3
11483,2026-07-02 12:09:57+05:30,4027.4,4,4041.5,1076304,147697.0,158855.0,4100.0,4110.0,4012.0,4092.6,24581200,4501.8,3683.4,4440.0,3288.1,4027.2,89,1,4027.0,400,9,4026.8,36,2,4026.7,17,2,4026.6,28,2,4027.6,1,1,4028.0,3,1,4028.6,66,1,4028.7,13,1,4028.8,24,1
11483,2026-07-02 12:09:57+05:30,4027.2,1,4041.5,1076304,147697.0,158855.0,4100.0,4110.0,4012.0,4092.6,24581200,4501.8,3683.4,4440.0,3288.1,4027.2,89,1,4027.0,400,9,4026.8,36,2,4026.7,17,2,4026.6,28,2,4027.6,1,1,4028.0,3,1,4028.6,66,1,4028.7,13,1,4028.8,24,1
11483,2026-07-02 12:09:58+05:30,4027.2,1,4041.5,1076305,147690.0,158926.0,4100.0,4110.0,4012.0,4092.6,24581200,4501.8,3683.4,4440.0,3288.1,4027.2,88,1,4027.0,400,9,4026.8,12,1,4026.7,24,1,4026.6,28,2,4027.6,1,1,4028.0,3,1,4028.2,12,1,4028.5,60,1,4028.6,66,1
11483,2026-07-02 12:09:59+05:30,4028.1,4,4041.5,1076310,147440.0,158621.0,4100.0,4110.0,4012.0,4092.6,24581200,4501.8,3683.4,4440.0,3288.1,4028.1,1,1,4027.2,88,1,4027.0,400,9,4026.8,12,1,4026.7,27,2,4028.5,1,1,4028.6,78,2,4028.8,9,1,4028.9,36,4,4029.0,30,3
11483,2026-07-02 12:09:59+05:30,4028.1,4,4041.5,1076310,147440.0,158621.0,4100.0,4110.0,4012.0,4092.6,24581200,4501.8,3683.4,4440.0,3288.1,4028.1,1,1,4027.2,88,1,4027.0,400,9,4026.8,12,1,4026.7,27,2,4028.5,1,1,4028.6,78,2,4028.8,9,1,4028.9,36,4,4029.0,30,3
11483,2026-07-02 12:10:00+05:30,4028.1,4,4041.5,1076310,147439.0,158620.0,4100.0,4110.0,4012.0,4092.6,24581200,4501.8,3683.4,4440.0,3288.1,4028.1,1,1,4027.6,1,1,4027.4,4,1,4027.2,88,1,4027.0,400,9,4028.5,16,4,4028.6,66,1,4028.8,9,1,4028.9,36,4,4029.0,30,3
11483,2026-07-02 12:10:01+05:30,4028.6,2,4041.5,1076327,147514.0,158669.0,4100.0,4110.0,4012.0,4092.6,24581200,4501.8,3683.4,4440.0,3288.1,4028.1,1,1,4027.6,1,1,4027.4,4,1,4027.2,89,2,4027.0,400,9,4028.6,64,1,4028.7,34,3,4028.8,9,1,4028.9,36,4,4029.0,30,3
11483,2026-07-02 12:10:01+05:30,4028.1,2,4041.5,1076327,147514.0,158669.0,4100.0,4110.0,4012.0,4092.6,24581200,4501.8,3683.4,4440.0,3288.1,4028.1,1,1,4027.6,1,1,4027.4,4,1,4027.2,89,2,4027.0,400,9,4028.6,64,1,4028.7,34,3,4028.8,9,1,4028.9,36,4,4029.0,30,3
11483,2026-07-02 12:10:02+05:30,4028.1,2,4041.5,1076329,147517.0,158872.0,4100.0,4110.0,4012.0,4092.6,24581200,4501.8,3683.4,4440.0,3288.1,4028.1,1,1,4027.6,1,1,4027.4,5,2,4027.2,89,2,4027.1,5,1,4028.5,60,1,4028.6,76,2,4028.7,22,2,4028.8,9,1,4028.9,36,4
11483,2026-07-02 12:10:02+05:30,4028.5,1,4041.5,1076329,147517.0,158872.0,4100.0,4110.0,4012.0,4092.6,24581200,4501.8,3683.4,4440.0,3288.1,4028.1,1,1,4027.6,1,1,4027.4,5,2,4027.2,89,2,4027.1,5,1,4028.5,60,1,4028.6,76,2,4028.7,22,2,4028.8,9,1,4028.9,36,4
11483,2026-07-02 12:10:03+05:30,4028.5,1,4041.5,1076331,147523.0,158661.0,4100.0,4110.0,4012.0,4092.6,24581200,4501.8,3683.4,4440.0,3288.1,4028.1,1,1,4027.4,5,2,4027.2,89,2,4027.1,5,1,4027.0,400,9,4028.5,59,1,4028.6,76,2,4028.7,22,2,4028.9,25,3,4029.0,30,3
11483,2026-07-02 12:10:04+05:30,4028.3,1,4041.5,1076333,147576.0,158830.0,4100.0,4110.0,4012.0,4092.6,24581200,4501.8,3683.4,4440.0,3288.1,4028.3,13,1,4028.2,2,1,4028.1,1,1,4027.4,5,2,4027.2,111,3,4028.5,59,1,4028.6,12,1,4028.7,37,3,4028.9,25,3,4029.0,30,3
11483,2026-07-02 12:10:04+05:30,4028.3,1,4041.5,1076333,147576.0,158830.0,4100.0,4110.0,4012.0,4092.6,24581200,4501.8,3683.4,4440.0,3288.1,4028.3,13,1,4028.2,2,1,4028.1,1,1,4027.4,5,2,4027.2,111,3,4028.5,59,1,4028.6,12,1,4028.7,37,3,4028.9,25,3,4029.0,30,3
11483,2026-07-02 12:10:05+05:30,4028.5,1,4041.5,1076335,147555.0,158671.0,4100.0,4110.0,4012.0,4092.6,24581200,4501.8,3683.4,4440.0,3288.1,4028.3,12,1,4028.2,2,1,4028.1,1,1,4027.4,5,2,4027.2,111,3,4028.5,58,1,4028.6,12,1,4028.7,37,3,4028.9,25,3,4029.0,30,3
11483,2026-07-02 12:10:05+05:30,4028.5,1,4041.5,1076335,147555.0,158671.0,4100.0,4110.0,4012.0,4092.6,24581200,4501.8,3683.4,4440.0,3288.1,4028.3,12,1,4028.2,2,1,4028.1,1,1,4027.4,5,2,4027.2,111,3,4028.5,58,1,4028.6,12,1,4028.7,37,3,4028.9,25,3,4029.0,30,3
11483,2026-07-02 12:10:06+05:30,4028.3,8,4041.5,1076359,147103.0,158835.0,4100.0,4110.0,4012.0,4092.6,24581200,4501.8,3683.4,4440.0,3288.1,4028.2,2,1,4028.1,1,1,4028.0,3,1,4027.4,5,2,4027.2,89,2,4028.3,42,1,4028.4,21,3,4028.5,58,1,4028.7,52,3,4028.8,17,1
11483,2026-07-02 12:10:06+05:30,4028.2,3,4041.5,1076359,147103.0,158835.0,4100.0,4110.0,4012.0,4092.6,24581200,4501.8,3683.4,4440.0,3288.1,4028.2,2,1,4028.1,1,1,4028.0,3,1,4027.4,5,2,4027.2,89,2,4028.3,42,1,4028.4,21,3,4028.5,58,1,4028.7,52,3,4028.8,17,1
11483,2026-07-02 12:10:07+05:30,4028.3,11,4041.5,1076375,147191.0,158840.0,4100.0,4110.0,4012.0,4092.6,24581200,4501.8,3683.4,4440.0,3288.1,4028.1,8,1,4028.0,3,1,4027.4,5,2,4027.2,89,2,4027.0,400,9,4028.3,29,1,4028.4,21,3,4028.5,58,1,4028.7,52,3,4028.8,17,1
11483,2026-07-02 12:10:07+05:30,4028.1,2,4041.5,1076375,147191.0,158840.0,4100.0,4110.0,4012.0,4092.6,24581200,4501.8,3683.4,4440.0,3288.1,4028.1,8,1,4028.0,3,1,4027.4,5,2,4027.2,89,2,4027.0,400,9,4028.3,29,1,4028.4,21,3,4028.5,58,1,4028.7,52,3,4028.8,17,1
11483,2026-07-02 12:10:08+05:30,4028.1,2,4041.5,1076377,147152.0,158849.0,4100.0,4110.0,4012.0,4092.6,24581200,4501.8,3683.4,4440.0,3288.1,4028.1,6,1,4028.0,3,1,4027.4,5,2,4027.2,89,2,4027.0,400,9,4028.2,1,1,4028.3,41,2,4028.4,13,2,4028.5,58,1,4028.7,52,3
11483,2026-07-02 12:10:09+05:30,4028.2,1,4041.5,1076378,146918.0,158873.0,4100.0,4110.0,4012.0,4092.6,24581200,4501.8,3683.4,4440.0,3288.1,4028.1,6,1,4028.0,3,1,4027.4,5,2,4027.2,89,2,4027.0,400,9,4028.3,52,3,4028.4,3,1,4028.5,58,1,4028.7,52,3,4028.8,17,1
11483,2026-07-02 12:10:09+05:30,4028.2,1,4041.5,1076378,146918.0,158873.0,4100.0,4110.0,4012.0,4092.6,24581200,4501.8,3683.4,4440.0,3288.1,4028.1,6,1,4028.0,3,1,4027.4,5,2,4027.2,89,2,4027.0,400,9,4028.3,52,3,4028.4,3,1,4028.5,58,1,4028.7,52,3,4028.8,17,1
11483,2026-07-02 12:10:10+05:30,4028.1,1,4041.5,1076378,146918.0,158873.0,4100.0,4110.0,4012.0,4092.6,24581200,4501.8,3683.4,4440.0,3288.1,4028.1,6,1,4028.0,3,1,4027.4,5,2,4027.2,89,2,4027.0,400,9,4028.3,52,3,4028.4,3,1,4028.5,58,1,4028.7,52,3,4028.8,17,1
11483,2026-07-02 12:10:10+05:30,4028.1,1,4041.5,1076379,146926.0,158668.0,4100.0,4110.0,4012.0,4092.6,24581200,4501.8,3683.4,4440.0,3288.1,4028.1,5,1,4028.0,3,1,4027.4,5,2,4027.2,89,2,4027.0,400,9,4028.3,52,3,4028.4,3,1,4028.5,63,2,4028.6,7,1,4028.7,52,3
11483,2026-07-02 12:10:11+05:30,4028.1,1,4041.5,1076379,146946.0,158669.0,4100.0,4110.0,4012.0,4092.6,24581200,4501.8,3683.4,4440.0,3288.1,4028.1,5,1,4028.0,3,1,4027.4,5,2,4027.2,89,2,4027.0,400,9,4028.3,52,3,4028.4,3,1,4028.5,63,2,4028.6,7,1,4028.7,52,3
11483,2026-07-02 12:10:12+05:30,4028.1,1,4041.5,1076379,146960.0,158664.0,4100.0,4110.0,4012.0,4092.6,24581200,4501.8,3683.4,4440.0,3288.1,4028.2,1,1,4028.1,5,1,4028.0,3,1,4027.4,5,2,4027.2,102,3,4028.3,41,2,4028.4,23,2,4028.5,58,1,4028.7,52,3,4028.9,34,4
11483,2026-07-02 12:10:13+05:30,4028.1,1,4041.5,1076379,146955.0,158676.0,4100.0,4110.0,4012.0,4092.6,24581200,4501.8,3683.4,4440.0,3288.1,4028.2,1,1,4028.1,5,1,4028.0,3,1,4027.4,5,2,4027.2,102,3,4028.3,41,2,4028.4,23,2,4028.5,58,1,4028.7,52,3,4028.9,34,4
11483,2026-07-02 12:10:14+05:30,4028.2,4,4041.5,1076379,146955.0,158676.0,4100.0,4110.0,4012.0,4092.6,24581200,4501.8,3683.4,4440.0,3288.1,4028.2,1,1,4028.1,5,1,4028.0,3,1,4027.4,5,2,4027.2,102,3,4028.3,41,2,4028.4,23,2,4028.5,58,1,4028.7,52,3,4028.9,34,4
11483,2026-07-02 12:10:14+05:30,4028.2,4,4041.5,1076383,146964.0,158683.0,4100.0,4110.0,4012.0,4092.6,24581200,4501.8,3683.4,4440.0,3288.1,4028.1,5,1,4028.0,3,1,4027.4,5,2,4027.2,102,3,4027.0,400,9,4028.2,1,1,4028.3,41,2,4028.4,23,2,4028.5,58,1,4028.7,53,4
11483,2026-07-02 12:10:15+05:30,4028.2,1,4041.5,1076383,146964.0,158683.0,4100.0,4110.0,4012.0,4092.6,24581200,4501.8,3683.4,4440.0,3288.1,4028.1,5,1,4028.0,3,1,4027.4,5,2,4027.2,102,3,4027.0,400,9,4028.2,1,1,4028.3,41,2,4028.4,23,2,4028.5,58,1,4028.7,53,4
11483,2026-07-02 12:10:15+05:30,4028.2,1,4041.5,1076385,146972.0,158776.0,4100.0,4110.0,4012.0,4092.6,24581200,4501.8,3683.4,4440.0,3288.1,4028.1,4,1,4028.0,3,1,4027.4,5,2,4027.2,102,3,4027.0,400,9,4028.3,52,3,4028.4,3,1,4028.5,88,2,4028.7,53,4,4028.9,34,4
11483,2026-07-02 12:10:16+05:30,4028.0,6,4041.5,1076385,146972.0,158776.0,4100.0,4110.0,4012.0,4092.6,24581200,4501.8,3683.4,4440.0,3288.1,4028.1,4,1,4028.0,3,1,4027.4,5,2,4027.2,102,3,4027.0,400,9,4028.3,52,3,4028.4,3,1,4028.5,88,2,4028.7,53,4,4028.9,34,4
11483,2026-07-02 12:10:16+05:30,4028.0,6,4041.5,1076401,146882.0,158705.0,4100.0,4110.0,4012.0,4092.6,24581200,4501.8,3683.4,4440.0,3288.1,4028.0,3,1,4027.4,5,2,4027.2,102,3,4027.0,400,9,4026.8,12,1,4028.3,46,3,4028.4,3,1,4028.5,88,2,4028.7,53,4,4028.9,34,4
11483,2026-07-02 12:10:17+05:30,4028.3,5,4041.5,1076401,146882.0,158705.0,4100.0,4110.0,4012.0,4092.6,24581200,4501.8,3683.4,4440.0,3288.1,4028.0,3,1,4027.4,5,2,4027.2,102,3,4027.0,400,9,4026.8,12,1,4028.3,46,3,4028.4,3,1,4028.5,88,2,4028.7,53,4,4028.9,34,4
11483,2026-07-02 12:10:17+05:30,4028.3,5,4041.5,1076408,146941.0,158662.0,4100.0,4110.0,4012.0,4092.6,24581200,4501.8,3683.4,4440.0,3288.1,4028.0,1,1,4027.4,5,2,4027.2,102,3,4027.0,400,9,4026.9,20,1,4028.3,41,3,4028.4,3,1,4028.5,88,2,4028.7,53,4,4028.9,34,4
11483,2026-07-02 12:10:18+05:30,4028.0,1,4041.5,1076408,146941.0,158662.0,4100.0,4110.0,4012.0,4092.6,24581200,4501.8,3683.4,4440.0,3288.1,4028.0,1,1,4027.4,5,2,4027.2,102,3,4027.0,400,9,4026.9,20,1,4028.3,41,3,4028.4,3,1,4028.5,88,2,4028.7,53,4,4028.9,34,4
11483,2026-07-02 12:10:18+05:30,4028.0,1,4041.5,1076409,146888.0,158695.0,4100.0,4110.0,4012.0,4092.6,24581200,4501.8,3683.4,4440.0,3288.1,4028.0,4,2,4027.4,5,2,4027.2,102,3,4027.0,400,9,4026.9,20,1,4028.3,41,3,4028.4,3,1,4028.5,88,2,4028.7,53,4,4028.9,234,5
11483,2026-07-02 12:10:19+05:30,4028.0,1,4041.5,1076409,146893.0,158715.0,4100.0,4110.0,4012.0,4092.6,24581200,4501.8,3683.4,4440.0,3288.1,4028.0,4,2,4027.4,5,2,4027.2,102,3,4027.0,400,9,4026.9,20,1,4028.3,41,3,4028.4,3,1,4028.5,88,2,4028.7,53,4,4028.9,234,5
11483,2026-07-02 12:10:20+05:30,4028.0,1,4041.5,1076409,146893.0,158716.0,4100.0,4110.0,4012.0,4092.6,24581200,4501.8,3683.4,4440.0,3288.1,4028.0,4,2,4027.4,5,2,4027.2,102,3,4027.0,400,9,4026.9,20,1,4028.3,41,3,4028.4,3,1,4028.5,88,2,4028.7,53,4,4028.9,234,5
11483,2026-07-02 12:10:25+05:30,4028.3,1,4041.5,1076410,146929.0,158826.0,4100.0,4110.0,4012.0,4092.6,24581200,4501.8,3683.4,4440.0,3288.1,4028.1,1,1,4028.0,4,2,4027.4,5,2,4027.2,102,3,4027.0,400,9,4028.3,40,3,4028.4,3,1,4028.5,88,2,4028.7,89,5,4028.8,17,1
11483,2026-07-02 12:10:25+05:30,4028.3,1,4041.5,1076410,146929.0,158826.0,4100.0,4110.0,4012.0,4092.6,24581200,4501.8,3683.4,4440.0,3288.1,4028.1,1,1,4028.0,4,2,4027.4,5,2,4027.2,102,3,4027.0,400,9,4028.3,40,3,4028.4,3,1,4028.5,88,2,4028.7,89,5,4028.8,17,1
11483,2026-07-02 12:10:27+05:30,4028.3,1,4041.5,1076410,146929.0,158826.0,4100.0,4110.0,4012.0,4092.6,24581200,4501.8,3683.4,4440.0,3288.1,4028.1,1,1,4028.0,4,2,4027.4,5,2,4027.2,102,3,4027.0,400,9,4028.3,40,3,4028.4,3,1,4028.5,88,2,4028.7,89,5,4028.8,17,1
11483,2026-07-02 12:10:29+05:30,4028.0,22,4041.5,1076410,146929.0,158826.0,4100.0,4110.0,4012.0,4092.6,24581200,4501.8,3683.4,4440.0,3288.1,4028.1,1,1,4028.0,4,2,4027.4,5,2,4027.2,102,3,4027.0,400,9,4028.3,40,3,4028.4,3,1,4028.5,88,2,4028.7,89,5,4028.8,17,1
11483,2026-07-02 12:10:29+05:30,4028.0,22,4041.5,1076471,147165.0,158947.0,4100.0,4110.0,4012.0,4092.6,24581200,4501.8,3683.4,4440.0,3288.1,4027.2,102,3,4027.0,432,10,4026.7,3,1,4026.6,71,4,4026.5,15,2,4028.0,28,1,4028.3,32,3,4028.4,3,1,4028.5,88,2,4028.6,18,1
11483,2026-07-02 12:10:31+05:30,4027.4,1,4041.5,1076471,147165.0,158947.0,4100.0,4110.0,4012.0,4092.6,24581200,4501.8,3683.4,4440.0,3288.1,4027.2,102,3,4027.0,432,10,4026.7,3,1,4026.6,71,4,4026.5,15,2,4028.0,28,1,4028.3,32,3,4028.4,3,1,4028.5,88,2,4028.6,18,1
11483,2026-07-02 12:10:34+05:30,4027.2,2,4041.5,1076623,146700.0,159164.0,4100.0,4110.0,4012.0,4092.6,24581200,4501.8,3683.4,4440.0,3288.1,4027.2,91,3,4027.0,419,10,4026.6,45,2,4026.5,15,2,4026.3,111,5,4028.3,50,3,4028.5,123,4,4028.6,32,1,4028.7,123,6,4028.8,17,1
11483,2026-07-02 12:10:34+05:30,4027.2,18,4041.5,1076623,146700.0,159164.0,4100.0,4110.0,4012.0,4092.6,24581200,4501.8,3683.4,4440.0,3288.1,4027.2,91,3,4027.0,419,10,4026.6,45,2,4026.5,15,2,4026.3,111,5,4028.3,50,3,4028.5,123,4,4028.6,32,1,4028.7,123,6,4028.8,17,1
11483,2026-07-02 12:10:37+05:30,4028.3,9,4041.5,1076623,146700.0,159164.0,4100.0,4110.0,4012.0,4092.6,24581200,4501.8,3683.4,4440.0,3288.1,4027.2,91,3,4027.0,419,10,4026.6,45,2,4026.5,15,2,4026.3,111,5,4028.3,50,3,4028.5,123,4,4028.6,32,1,4028.7,123,6,4028.8,17,1
11483,2026-07-02 12:10:39+05:30,4027.2,15,4041.49,1076794,146511.0,159862.0,4100.0,4110.0,4012.0,4092.6,24581200,4501.8,3683.4,4440.0,3288.1,4027.0,419,10,4026.6,15,1,4026.5,3,1,4026.3,58,2,4026.0,495,8,4027.1,77,1,4027.8,81,1,4027.9,42,1,4028.0,42,1,4028.1,42,1
11483,2026-07-02 12:10:40+05:30,4027.8,2,4041.49,1076794,146511.0,159862.0,4100.0,4110.0,4012.0,4092.6,24581200,4501.8,3683.4,4440.0,3288.1,4027.0,419,10,4026.6,15,1,4026.5,3,1,4026.3,58,2,4026.0,495,8,4027.1,77,1,4027.8,81,1,4027.9,42,1,4028.0,42,1,4028.1,42,1
11483,2026-07-02 12:10:43+05:30,4027.5,4,4041.49,1076794,146511.0,159862.0,4100.0,4110.0,4012.0,4092.6,24581200,4501.8,3683.4,4440.0,3288.1,4027.0,419,10,4026.6,15,1,4026.5,3,1,4026.3,58,2,4026.0,495,8,4027.1,77,1,4027.8,81,1,4027.9,42,1,4028.0,42,1,4028.1,42,1
11483,2026-07-02 12:10:43+05:30,4027.5,4,4041.49,1077007,146810.0,159732.0,4100.0,4110.0,4012.0,4092.6,24581200,4501.8,3683.4,4440.0,3288.1,4027.2,1,1,4027.1,1,1,4027.0,321,10,4026.6,45,2,4026.5,3,1,4027.5,55,2,4027.6,42,1,4027.8,79,1,4027.9,42,1,4028.3,29,2
11483,2026-07-02 12:10:46+05:30,4027.2,7,4041.49,1077007,146810.0,159732.0,4100.0,4110.0,4012.0,4092.6,24581200,4501.8,3683.4,4440.0,3288.1,4027.2,1,1,4027.1,1,1,4027.0,321,10,4026.6,45,2,4026.5,3,1,4027.5,55,2,4027.6,42,1,4027.8,79,1,4027.9,42,1,4028.3,29,2
11483,2026-07-02 12:10:48+05:30,4027.7,14,4041.49,1077226,146672.0,159626.0,4100.0,4110.0,4012.0,4092.6,24581200,4501.8,3683.4,4440.0,3288.1,4027.7,109,2,4027.6,42,1,4027.5,42,1,4027.3,42,1,4027.2,5,1,4028.3,2,1,4028.5,262,3,4028.6,22,1,4028.7,247,4,4028.9,63,4
11483,2026-07-02 12:10:49+05:30,4027.7,14,4041.49,1077226,146672.0,159626.0,4100.0,4110.0,4012.0,4092.6,24581200,4501.8,3683.4,4440.0,3288.1,4027.7,109,2,4027.6,42,1,4027.5,42,1,4027.3,42,1,4027.2,5,1,4028.3,2,1,4028.5,262,3,4028.6,22,1,4028.7,247,4,4028.9,63,4
11483,2026-07-02 12:10:49+05:30,4028.3,1,4041.49,1077226,146672.0,159626.0,4100.0,4110.0,4012.0,4092.6,24581200,4501.8,3683.4,4440.0,3288.1,4027.7,109,2,4027.6,42,1,4027.5,42,1,4027.3,42,1,4027.2,5,1,4028.3,2,1,4028.5,262,3,4028.6,22,1,4028.7,247,4,4028.9,63,4
11483,2026-07-02 12:10:49+05:30,4028.3,1,4041.49,1077226,146672.0,159626.0,4100.0,4110.0,4012.0,4092.6,24581200,4501.8,3683.4,4440.0,3288.1,4027.7,109,2,4027.6,42,1,4027.5,42,1,4027.3,42,1,4027.2,5,1,4028.3,2,1,4028.5,262,3,4028.6,22,1,4028.7,247,4,4028.9,63,4
11483,2026-07-02 12:10:50+05:30,4028.3,1,4041.49,1077226,146672.0,159626.0,4100.0,4110.0,4012.0,4092.6,24581200,4501.8,3683.4,4440.0,3288.1,4027.7,109,2,4027.6,42,1,4027.5,42,1,4027.3,42,1,4027.2,5,1,4028.3,2,1,4028.5,262,3,4028.6,22,1,4028.7,247,4,4028.9,63,4
11483,2026-07-02 12:10:51+05:30,4028.3,1,4041.49,1077226,146672.0,159626.0,4100.0,4110.0,4012.0,4092.6,24581200,4501.8,3683.4,4440.0,3288.1,4027.7,109,2,4027.6,42,1,4027.5,42,1,4027.3,42,1,4027.2,5,1,4028.3,2,1,4028.5,262,3,4028.6,22,1,4028.7,247,4,4028.9,63,4
11483,2026-07-02 12:10:51+05:30,4028.3,1,4041.49,1077226,146672.0,159626.0,4100.0,4110.0,4012.0,4092.6,24581200,4501.8,3683.4,4440.0,3288.1,4027.7,109,2,4027.6,42,1,4027.5,42,1,4027.3,42,1,4027.2,5,1,4028.3,2,1,4028.5,262,3,4028.6,22,1,4028.7,247,4,4028.9,63,4
11483,2026-07-02 12:10:52+05:30,4028.3,1,4041.49,1077226,146672.0,159626.0,4100.0,4110.0,4012.0,4092.6,24581200,4501.8,3683.4,4440.0,3288.1,4027.7,109,2,4027.6,42,1,4027.5,42,1,4027.3,42,1,4027.2,5,1,4028.3,2,1,4028.5,262,3,4028.6,22,1,4028.7,247,4,4028.9,63,4
11483,2026-07-02 12:10:53+05:30,4028.3,1,4041.49,1077226,146672.0,159626.0,4100.0,4110.0,4012.0,4092.6,24581200,4501.8,3683.4,4440.0,3288.1,4027.7,109,2,4027.6,42,1,4027.5,42,1,4027.3,42,1,4027.2,5,1,4028.3,2,1,4028.5,262,3,4028.6,22,1,4028.7,247,4,4028.9,63,4
11483,2026-07-02 12:10:53+05:30,4028.3,1,4041.49,1077257,146842.0,159537.0,4100.0,4110.0,4012.0,4092.6,24581200,4501.8,3683.4,4440.0,3288.1,4028.2,43,2,4028.1,42,1,4028.0,42,1,4027.8,42,1,4027.7,80,1,4028.3,50,1,4028.5,230,2,4028.6,81,2,4028.7,247,4,4028.8,5,1
11483,2026-07-02 12:10:53+05:30,4028.3,1,4041.49,1077257,146842.0,159537.0,4100.0,4110.0,4012.0,4092.6,24582600,4501.8,3683.4,4440.0,3288.1,4028.2,43,2,4028.1,42,1,4028.0,42,1,4027.8,42,1,4027.7,80,1,4028.3,50,1,4028.5,230,2,4028.6,81,2,4028.7,247,4,4028.8,5,1
11483,2026-07-02 12:10:54+05:30,4028.3,1,4041.49,1077257,146842.0,159537.0,4100.0,4110.0,4012.0,4092.6,24582600,4501.8,3683.4,4440.0,3288.1,4028.2,43,2,4028.1,42,1,4028.0,42,1,4027.8,42,1,4027.7,80,1,4028.3,50,1,4028.5,230,2,4028.6,81,2,4028.7,247,4,4028.8,5,1
11483,2026-07-02 12:10:55+05:30,4028.3,1,4041.49,1077257,146842.0,159537.0,4100.0,4110.0,4012.0,4092.6,24582600,4501.8,3683.4,4440.0,3288.1,4028.2,43,2,4028.1,42,1,4028.0,42,1,4027.8,42,1,4027.7,80,1,4028.3,50,1,4028.5,230,2,4028.6,81,2,4028.7,247,4,4028.8,5,1
11483,2026-07-02 12:10:55+05:30,4028.2,12,4041.49,1077257,146842.0,159537.0,4100.0,4110.0,4012.0,4092.6,24582600,4501.8,3683.4,4440.0,3288.1,4028.2,43,2,4028.1,42,1,4028.0,42,1,4027.8,42,1,4027.7,80,1,4028.3,50,1,4028.5,230,2,4028.6,81,2,4028.7,247,4,4028.8,5,1
11483,2026-07-02 12:10:55+05:30,4028.2,12,4041.49,1077257,146842.0,159537.0,4100.0,4110.0,4012.0,4092.6,24582600,4501.8,3683.4,4440.0,3288.1,4028.2,43,2,4028.1,42,1,4028.0,42,1,4027.8,42,1,4027.7,80,1,4028.3,50,1,4028.5,230,2,4028.6,81,2,4028.7,247,4,4028.8,5,1
11483,2026-07-02 12:10:57+05:30,4028.3,3,4041.49,1077257,146842.0,159537.0,4100.0,4110.0,4012.0,4092.6,24582600,4501.8,3683.4,4440.0,3288.1,4028.2,43,2,4028.1,42,1,4028.0,42,1,4027.8,42,1,4027.7,80,1,4028.3,50,1,4028.5,230,2,4028.6,81,2,4028.7,247,4,4028.8,5,1
11483,2026-07-02 12:10:57+05:30,4028.3,3,4041.49,1077281,146887.0,159631.0,4100.0,4110.0,4012.0,4092.6,24582600,4501.8,3683.4,4440.0,3288.1,4028.2,22,1,4028.1,42,1,4028.0,43,2,4027.8,42,1,4027.7,80,1,4028.3,47,2,4028.5,242,3,4028.6,85,2,4028.7,254,5,4028.8,27,2
11483,2026-07-02 12:10:59+05:30,4028.0,1,4041.49,1077281,146887.0,159631.0,4100.0,4110.0,4012.0,4092.6,24582600,4501.8,3683.4,4440.0,3288.1,4028.2,22,1,4028.1,42,1,4028.0,43,2,4027.8,42,1,4027.7,80,1,4028.3,47,2,4028.5,242,3,4028.6,85,2,4028.7,254,5,4028.8,27,2
11483,2026-07-02 12:11:01+05:30,4028.0,3,4041.49,1077281,146887.0,159631.0,4100.0,4110.0,4012.0,4092.6,24582600,4501.8,3683.4,4440.0,3288.1,4028.2,22,1,4028.1,42,1,4028.0,43,2,4027.8,42,1,4027.7,80,1,4028.3,47,2,4028.5,242,3,4028.6,85,2,4028.7,254,5,4028.8,27,2
11483,2026-07-02 12:11:02+05:30,4028.0,15,4041.49,1077416,146530.0,159668.0,4100.0,4110.0,4012.0,4092.6,24582600,4501.8,3683.4,4440.0,3288.1,4027.7,1,1,4027.5,150,2,4027.2,8,2,4027.0,303,12,4026.6,15,1,4028.0,52,2,4028.2,1,1,4028.3,40,2,4028.4,12,1,4028.5,230,2
11483,2026-07-02 12:11:04+05:30,4027.7,15,4041.49,1077416,146530.0,159668.0,4100.0,4110.0,4012.0,4092.6,24582600,4501.8,3683.4,4440.0,3288.1,4027.7,1,1,4027.5,150,2,4027.2,8,2,4027.0,303,12,4026.6,15,1,4028.0,52,2,4028.2,1,1,4028.3,40,2,4028.4,12,1,4028.5,230,2
11483,2026-07-02 12:11:07+05:30,4027.8,1,4041.48,1077472,146618.0,159721.0,4100.0,4110.0,4012.0,4092.6,24582600,4501.8,3683.4,4440.0,3288.1,4027.8,1,1,4027.5,115,2,4027.2,8,2,4027.0,303,12,4026.6,50,4,4028.0,52,2,4028.2,10,1,4028.3,40,2,4028.4,12,1,4028.5,230,2
11483,2026-07-02 12:11:07+05:30,4027.8,6,4041.48,1077472,146618.0,159721.0,4100.0,4110.0,4012.0,4092.6,24582600,4501.8,3683.4,4440.0,3288.1,4027.8,1,1,4027.5,115,2,4027.2,8,2,4027.0,303,12,4026.6,50,4,4028.0,52,2,4028.2,10,1,4028.3,40,2,4028.4,12,1,4028.5,230,2
11483,2026-07-02 12:11:10+05:30,4027.2,2,4041.48,1077472,146618.0,159721.0,4100.0,4110.0,4012.0,4092.6,24582600,4501.8,3683.4,4440.0,3288.1,4027.8,1,1,4027.5,115,2,4027.2,8,2,4027.0,303,12,4026.6,50,4,4028.0,52,2,4028.2,10,1,4028.3,40,2,4028.4,12,1,4028.5,230,2
11483,2026-07-02 12:11:11+05:30,4027.2,7,4041.48,1077789,146922.0,159678.0,4100.0,4110.0,4012.0,4092.6,24582600,4501.8,3683.4,4440.0,3288.1,4027.0,329,14,4026.8,8,1,4026.7,9,1,4026.6,45,2,4026.5,3,1,4027.7,1,1,4028.4,30,1,4028.5,230,2,4028.6,103,2,4028.7,98,5
11483,2026-07-02 12:11:13+05:30,4027.0,20,4041.48,1077789,146922.0,159678.0,4100.0,4110.0,4012.0,4092.6,24582600,4501.8,3683.4,4440.0,3288.1,4027.0,329,14,4026.8,8,1,4026.7,9,1,4026.6,45,2,4026.5,3,1,4027.7,1,1,4028.4,30,1,4028.5,230,2,4028.6,103,2,4028.7,98,5
11483,2026-07-02 12:11:16+05:30,4027.0,1,4041.48,1077789,146922.0,159678.0,4100.0,4110.0,4012.0,4092.6,24582600,4501.8,3683.4,4440.0,3288.1,4027.0,329,14,4026.8,8,1,4026.7,9,1,4026.6,45,2,4026.5,3,1,4027.7,1,1,4028.4,30,1,4028.5,230,2,4028.6,103,2,4028.7,98,5
11483,2026-07-02 12:11:16+05:30,4027.0,1,4041.48,1077856,147020.0,159703.0,4100.0,4110.0,4012.0,4092.6,24582600,4501.8,3683.4,4440.0,3288.1,4027.6,14,1,4027.5,10,3,4027.0,282,15,4026.8,8,1,4026.7,9,1,4027.7,1,1,4028.5,271,3,4028.6,109,2,4028.7,86,4,4028.8,25,3
11483,2026-07-02 12:11:19+05:30,4027.0,1,4041.48,1077856,147020.0,159703.0,4100.0,4110.0,4012.0,4092.6,24582600,4501.8,3683.4,4440.0,3288.1,4027.6,14,1,4027.5,10,3,4027.0,282,15,4026.8,8,1,4026.7,9,1,4027.7,1,1,4028.5,271,3,4028.6,109,2,4028.7,86,4,4028.8,25,3
11483,2026-07-02 12:11:21+05:30,4028.4,1,4041.48,1078053,147284.0,159865.0,4100.0,4110.0,4012.0,4092.6,24582600,4501.8,3683.4,4440.0,3288.1,4027.2,32,3,4027.1,61,3,4027.0,235,16,4026.9,79,5,4026.8,12,1,4028.4,11,1,4028.5,271,3,4028.6,79,1,4028.7,51,2,4028.9,44,3
11483,2026-07-02 12:11:22+05:30,4027.9,23,4041.48,1078053,147284.0,159865.0,4100.0,4110.0,4012.0,4092.6,24582600,4501.8,3683.4,4440.0,3288.1,4027.2,32,3,4027.1,61,3,4027.0,235,16,4026.9,79,5,4026.8,12,1,4028.4,11,1,4028.5,271,3,4028.6,79,1,4028.7,51,2,4028.9,44,3
11483,2026-07-02 12:11:25+05:30,4028.4,1,4041.48,1078053,147284.0,159865.0,4100.0,4110.0,4012.0,4092.6,24582600,4501.8,3683.4,4440.0,3288.1,4027.2,32,3,4027.1,61,3,4027.0,235,16,4026.9,79,5,4026.8,12,1,4028.4,11,1,4028.5,271,3,4028.6,79,1,4028.7,51,2,4028.9,44,3
11483,2026-07-02 12:11:26+05:30,4028.4,8,4041.47,1078263,147139.0,159451.0,4100.0,4110.0,4012.0,4092.6,24582600,4501.8,3683.4,4440.0,3288.1,4028.3,42,1,4028.2,42,1,4028.0,2,1,4027.9,42,1,4027.8,1,1,4028.4,12,1,4028.5,271,3,4028.6,79,1,4028.7,51,2,4028.9,31,2
11483,2026-07-02 12:11:28+05:30,4028.3,1,4041.47,1078263,147139.0,159451.0,4100.0,4110.0,4012.0,4092.6,24582600,4501.8,3683.4,4440.0,3288.1,4028.3,42,1,4028.2,42,1,4028.0,2,1,4027.9,42,1,4027.8,1,1,4028.4,12,1,4028.5,271,3,4028.6,79,1,4028.7,51,2,4028.9,31,2
11483,2026-07-02 12:11:30+05:30,4028.7,19,4041.46,1079280,147408.0,156129.0,4100.0,4110.0,4012.0,4092.6,24582600,4501.8,3683.4,4440.0,3288.1,4028.0,34,3,4027.9,26,3,4027.8,38,3,4027.7,13,1,4027.6,19,2,4028.7,17,1,4028.9,1,1,4029.0,101,2,4029.2,18,1,4029.6,42,2
11483,2026-07-02 12:11:31+05:30,4028.0,1,4041.46,1079280,147408.0,156129.0,4100.0,4110.0,4012.0,4092.6,24582600,4501.8,3683.4,4440.0,3288.1,4028.0,34,3,4027.9,26,3,4027.8,38,3,4027.7,13,1,4027.6,19,2,4028.7,17,1,4028.9,1,1,4029.0,101,2,4029.2,18,1,4029.6,42,2
11483,2026-07-02 12:11:33+05:30,4028.8,4,4041.46,1079280,147408.0,156129.0,4100.0,4110.0,4012.0,4092.6,24582600,4501.8,3683.4,4440.0,3288.1,4028.0,34,3,4027.9,26,3,4027.8,38,3,4027.7,13,1,4027.6,19,2,4028.7,17,1,4028.9,1,1,4029.0,101,2,4029.2,18,1,4029.6,42,2
11483,2026-07-02 12:11:34+05:30,4028.6,1,4041.46,1079773,148364.0,156253.0,4100.0,4110.0,4012.0,4092.6,24582600,4501.8,3683.4,4440.0,3288.1,4028.4,25,3,4028.1,17,2,4028.0,58,7,4027.9,158,3,4027.8,8,2,4028.6,67,1,4028.8,38,1,4028.9,1,1,4029.0,101,2,4029.1,42,1
11483,2026-07-02 12:11:35+05:30,4028.4,1,4041.46,1079773,148364.0,156253.0,4100.0,4110.0,4012.0,4092.6,24582600,4501.8,3683.4,4440.0,3288.1,4028.4,25,3,4028.1,17,2,4028.0,58,7,4027.9,158,3,4027.8,8,2,4028.6,67,1,4028.8,38,1,4028.9,1,1,4029.0,101,2,4029.1,42,1
11483,2026-07-02 12:11:37+05:30,4028.2,1,4041.46,1079773,148364.0,156253.0,4100.0,4110.0,4012.0,4092.6,24582600,4501.8,3683.4,4440.0,3288.1,4028.4,25,3,4028.1,17,2,4028.0,58,7,4027.9,158,3,4027.8,8,2,4028.6,67,1,4028.8,38,1,4028.9,1,1,4029.0,101,2,4029.1,42,1
11483,2026-07-02 12:11:39+05:30,4028.3,2,4041.46,1079876,148710.0,156770.0,4100.0,4110.0,4012.0,4092.6,24582600,4501.8,3683.4,4440.0,3288.1,4028.0,1047,6,4027.9,159,4,4027.7,7,1,4027.6,30,1,4027.5,33,3,4028.2,74,1,4028.3,13,1,4028.4,46,4,4028.7,42,1,4028.8,38,1
11483,2026-07-02 12:11:39+05:30,4028.3,1,4041.46,1079876,148710.0,156770.0,4100.0,4110.0,4012.0,4092.6,24582600,4501.8,3683.4,4440.0,3288.1,4028.0,1047,6,4027.9,159,4,4027.7,7,1,4027.6,30,1,4027.5,33,3,4028.2,74,1,4028.3,13,1,4028.4,46,4,4028.7,42,1,4028.8,38,1
11483,2026-07-02 12:11:41+05:30,4028.3,1,4041.46,1079876,148710.0,156770.0,4100.0,4110.0,4012.0,4092.6,24582600,4501.8,3683.4,4440.0,3288.1,4028.0,1047,6,4027.9,159,4,4027.7,7,1,4027.6,30,1,4027.5,33,3,4028.2,74,1,4028.3,13,1,4028.4,46,4,4028.7,42,1,4028.8,38,1
11483,2026-07-02 12:11:43+05:30,4028.4,7,4041.46,1079876,148710.0,156770.0,4100.0,4110.0,4012.0,4092.6,24582600,4501.8,3683.4,4440.0,3288.1,4028.0,1047,6,4027.9,159,4,4027.7,7,1,4027.6,30,1,4027.5,33,3,4028.2,74,1,4028.3,13,1,4028.4,46,4,4028.7,42,1,4028.8,38,1
11483,2026-07-02 12:11:43+05:30,4028.4,7,4041.45,1079917,148544.0,156151.0,4100.0,4110.0,4012.0,4092.6,24582600,4501.8,3683.4,4440.0,3288.1,4028.3,20,5,4028.0,1008,4,4027.9,171,5,4027.7,47,3,4027.5,15,2,4028.4,6,1,4028.9,16,2,4029.0,101,2,4029.2,18,1,4029.6,43,2
11483,2026-07-02 12:11:45+05:30,4028.3,1,4041.45,1079917,148544.0,156151.0,4100.0,4110.0,4012.0,4092.6,24582600,4501.8,3683.4,4440.0,3288.1,4028.3,20,5,4028.0,1008,4,4027.9,171,5,4027.7,47,3,4027.5,15,2,4028.4,6,1,4028.9,16,2,4029.0,101,2,4029.2,18,1,4029.6,43,2
11483,2026-07-02 12:11:47+05:30,4028.0,29,4041.45,1079917,148544.0,156151.0,4100.0,4110.0,4012.0,4092.6,24582600,4501.8,3683.4,4440.0,3288.1,4028.3,20,5,4028.0,1008,4,4027.9,171,5,4027.7,47,3,4027.5,15,2,4028.4,6,1,4028.9,16,2,4029.0,101,2,4029.2,18,1,4029.6,43,2
11483,2026-07-02 12:11:48+05:30,4028.0,29,4041.45,1080017,148528.0,156347.0,4100.0,4110.0,4012.0,4092.6,24582600,4501.8,3683.4,4440.0,3288.1,4028.0,1009,5,4027.9,171,5,4027.7,7,1,4027.5,60,4,4027.4,35,2,4028.5,25,1,4028.8,13,1,4028.9,16,2,4029.0,101,2,4029.2,18,1
11483,2026-07-02 12:11:49+05:30,4028.0,29,4041.45,1080017,148528.0,156347.0,4100.0,4110.0,4012.0,4092.6,24582600,4501.8,3683.4,4440.0,3288.1,4028.0,1009,5,4027.9,171,5,4027.7,7,1,4027.5,60,4,4027.4,35,2,4028.5,25,1,4028.8,13,1,4028.9,16,2,4029.0,101,2,4029.2,18,1
11483,2026-07-02 12:11:50+05:30,4028.0,29,4041.45,1080017,148528.0,156347.0,4100.0,4110.0,4012.0,4092.6,24582600,4501.8,3683.4,4440.0,3288.1,4028.0,1009,5,4027.9,171,5,4027.7,7,1,4027.5,60,4,4027.4,35,2,4028.5,25,1,4028.8,13,1,4028.9,16,2,4029.0,101,2,4029.2,18,1
11483,2026-07-02 12:11:50+05:30,4028.0,14,4041.45,1080017,148528.0,156347.0,4100.0,4110.0,4012.0,4092.6,24582600,4501.8,3683.4,4440.0,3288.1,4028.0,1009,5,4027.9,171,5,4027.7,7,1,4027.5,60,4,4027.4,35,2,4028.5,25,1,4028.8,13,1,4028.9,16,2,4029.0,101,2,4029.2,18,1
11483,2026-07-02 12:11:50+05:30,4028.0,14,4041.45,1080017,148528.0,156347.0,4100.0,4110.0,4012.0,4092.6,24582600,4501.8,3683.4,4440.0,3288.1,4028.0,1009,5,4027.9,171,5,4027.7,7,1,4027.5,60,4,4027.4,35,2,4028.5,25,1,4028.8,13,1,4028.9,16,2,4029.0,101,2,4029.2,18,1
11483,2026-07-02 12:11:51+05:30,4028.0,14,4041.45,1080017,148528.0,156347.0,4100.0,4110.0,4012.0,4092.6,24582600,4501.8,3683.4,4440.0,3288.1,4028.0,1009,5,4027.9,171,5,4027.7,7,1,4027.5,60,4,4027.4,35,2,4028.5,25,1,4028.8,13,1,4028.9,16,2,4029.0,101,2,4029.2,18,1
11483,2026-07-02 12:11:52+05:30,4028.0,14,4041.45,1080017,148528.0,156347.0,4100.0,4110.0,4012.0,4092.6,24582600,4501.8,3683.4,4440.0,3288.1,4028.0,1009,5,4027.9,171,5,4027.7,7,1,4027.5,60,4,4027.4,35,2,4028.5,25,1,4028.8,13,1,4028.9,16,2,4029.0,101,2,4029.2,18,1
11483,2026-07-02 12:11:52+05:30,4028.9,16,4041.45,1080113,148744.0,156389.0,4100.0,4110.0,4012.0,4092.6,24582600,4501.8,3683.4,4440.0,3288.1,4028.5,1,1,4028.4,1,1,4028.0,971,6,4027.9,159,4,4027.7,7,1,4028.9,11,1,4029.0,101,2,4029.2,18,1,4029.6,30,1,4029.8,11,1
11483,2026-07-02 12:11:52+05:30,4028.9,16,4041.45,1080113,148744.0,156389.0,4100.0,4110.0,4012.0,4092.6,24582600,4501.8,3683.4,4440.0,3288.1,4028.5,1,1,4028.4,1,1,4028.0,971,6,4027.9,159,4,4027.7,7,1,4028.9,11,1,4029.0,101,2,4029.2,18,1,4029.6,30,1,4029.8,11,1
11483,2026-07-02 12:11:53+05:30,4028.9,16,4041.45,1080113,148744.0,156389.0,4100.0,4110.0,4012.0,4092.6,24582600,4501.8,3683.4,4440.0,3288.1,4028.5,1,1,4028.4,1,1,4028.0,971,6,4027.9,159,4,4027.7,7,1,4028.9,11,1,4029.0,101,2,4029.2,18,1,4029.6,30,1,4029.8,11,1
11483,2026-07-02 12:11:53+05:30,4028.5,1,4041.45,1080113,148744.0,156389.0,4100.0,4110.0,4012.0,4092.6,24582600,4501.8,3683.4,4440.0,3288.1,4028.5,1,1,4028.4,1,1,4028.0,971,6,4027.9,159,4,4027.7,7,1,4028.9,11,1,4029.0,101,2,4029.2,18,1,4029.6,30,1,4029.8,11,1
11483,2026-07-02 12:11:53+05:30,4028.5,1,4041.45,1080113,148744.0,156389.0,4100.0,4110.0,4012.0,4092.6,24593275,4501.8,3683.4,4440.0,3288.1,4028.5,1,1,4028.4,1,1,4028.0,971,6,4027.9,159,4,4027.7,7,1,4028.9,11,1,4029.0,101,2,4029.2,18,1,4029.6,30,1,4029.8,11,1
11483,2026-07-02 12:11:54+05:30,4028.5,1,4041.45,1080113,148744.0,156389.0,4100.0,4110.0,4012.0,4092.6,24593275,4501.8,3683.4,4440.0,3288.1,4028.5,1,1,4028.4,1,1,4028.0,971,6,4027.9,159,4,4027.7,7,1,4028.9,11,1,4029.0,101,2,4029.2,18,1,4029.6,30,1,4029.8,11,1
11483,2026-07-02 12:11:55+05:30,4028.5,1,4041.45,1080113,148744.0,156389.0,4100.0,4110.0,4012.0,4092.6,24593275,4501.8,3683.4,4440.0,3288.1,4028.5,1,1,4028.4,1,1,4028.0,971,6,4027.9,159,4,4027.7,7,1,4028.9,11,1,4029.0,101,2,4029.2,18,1,4029.6,30,1,4029.8,11,1
11483,2026-07-02 12:11:56+05:30,4028.5,3,4041.45,1080113,148744.0,156389.0,4100.0,4110.0,4012.0,4092.6,24593275,4501.8,3683.4,4440.0,3288.1,4028.5,1,1,4028.4,1,1,4028.0,971,6,4027.9,159,4,4027.7,7,1,4028.9,11,1,4029.0,101,2,4029.2,18,1,4029.6,30,1,4029.8,11,1
11483,2026-07-02 12:11:57+05:30,4028.5,3,4041.45,1080135,148348.0,156681.0,4100.0,4110.0,4012.0,4092.6,24593275,4501.8,3683.4,4440.0,3288.1,4028.0,929,5,4027.9,147,3,4027.7,7,1,4027.2,14,2,4027.1,78,6,4028.5,2,1,4028.8,2,1,4028.9,23,3,4029.0,101,2,4029.2,193,2
11483,2026-07-02 12:11:59+05:30,4028.1,4,4041.45,1080135,148348.0,156681.0,4100.0,4110.0,4012.0,4092.6,24593275,4501.8,3683.4,4440.0,3288.1,4028.0,929,5,4027.9,147,3,4027.7,7,1,4027.2,14,2,4027.1,78,6,4028.5,2,1,4028.8,2,1,4028.9,23,3,4029.0,101,2,4029.2,193,2
11483,2026-07-02 12:12:02+05:30,4028.9,3,4041.45,1080159,148334.0,158150.0,4100.0,4110.0,4012.0,4092.6,24593275,4501.8,3683.4,4440.0,3288.1,4028.5,1,1,4028.1,135,1,4028.0,927,5,4027.9,8,2,4027.7,21,2,4028.9,5,4,4029.0,101,2,4029.2,193,2,4029.3,30,1,4029.6,53,3
11483,2026-07-02 12:12:02+05:30,4028.5,1,4041.45,1080159,148334.0,158150.0,4100.0,4110.0,4012.0,4092.6,24593275,4501.8,3683.4,4440.0,3288.1,4028.5,1,1,4028.1,135,1,4028.0,927,5,4027.9,8,2,4027.7,21,2,4028.9,5,4,4029.0,101,2,4029.2,193,2,4029.3,30,1,4029.6,53,3
11483,2026-07-02 12:12:05+05:30,4028.9,1,4041.45,1080159,148334.0,158150.0,4100.0,4110.0,4012.0,4092.6,24593275,4501.8,3683.4,4440.0,3288.1,4028.5,1,1,4028.1,135,1,4028.0,927,5,4027.9,8,2,4027.7,21,2,4028.9,5,4,4029.0,101,2,4029.2,193,2,4029.3,30,1,4029.6,53,3
11483,2026-07-02 12:12:06+05:30,4029.0,1,4041.45,1080173,148384.0,158022.0,4100.0,4110.0,4012.0,4092.6,24593275,4501.8,3683.4,4440.0,3288.1,4028.9,1,1,4028.6,2,1,4028.4,1,1,4028.1,132,1,4028.0,920,4,4029.0,102,3,4029.2,193,2,4029.3,30,1,4029.5,32,1,4029.6,53,3
11483,2026-07-02 12:12:08+05:30,4029.0,1,4041.45,1080173,148384.0,158022.0,4100.0,4110.0,4012.0,4092.6,24593275,4501.8,3683.4,4440.0,3288.1,4028.9,1,1,4028.6,2,1,4028.4,1,1,4028.1,132,1,4028.0,920,4,4029.0,102,3,4029.2,193,2,4029.3,30,1,4029.5,32,1,4029.6,53,3
11483,2026-07-02 12:12:11+05:30,4029.0,2,4041.45,1080173,148384.0,158022.0,4100.0,4110.0,4012.0,4092.6,24593275,4501.8,3683.4,4440.0,3288.1,4028.9,1,1,4028.6,2,1,4028.4,1,1,4028.1,132,1,4028.0,920,4,4029.0,102,3,4029.2,193,2,4029.3,30,1,4029.5,32,1,4029.6,53,3
11483,2026-07-02 12:12:11+05:30,4029.0,2,4041.45,1080205,148874.0,157628.0,4100.0,4110.0,4012.0,4092.6,24593275,4501.8,3683.4,4440.0,3288.1,4028.4,1,1,4028.1,160,3,4028.0,965,8,4027.9,1,1,4027.8,19,3,4029.0,70,2,4029.2,18,1,4029.8,11,1,4029.9,157,5,4030.0,536,10
11483,2026-07-02 12:12:14+05:30,4028.1,3,4041.45,1080205,148874.0,157628.0,4100.0,4110.0,4012.0,4092.6,24593275,4501.8,3683.4,4440.0,3288.1,4028.4,1,1,4028.1,160,3,4028.0,965,8,4027.9,1,1,4027.8,19,3,4029.0,70,2,4029.2,18,1,4029.8,11,1,4029.9,157,5,4030.0,536,10
11483,2026-07-02 12:12:16+05:30,4028.6,12,4041.45,1080347,149453.0,157405.0,4100.0,4110.0,4012.0,4092.6,24593275,4501.8,3683.4,4440.0,3288.1,4028.6,14,3,4028.5,1,1,4028.4,10,1,4028.2,10,1,4028.1,94,2,4029.0,1,1,4029.2,18,1,4029.8,11,1,4029.9,105,2,4030.0,511,9
11483,2026-07-02 12:12:17+05:30,4028.6,1,4041.45,1080347,149453.0,157405.0,4100.0,4110.0,4012.0,4092.6,24593275,4501.8,3683.4,4440.0,3288.1,4028.6,14,3,4028.5,1,1,4028.4,10,1,4028.2,10,1,4028.1,94,2,4029.0,1,1,4029.2,18,1,4029.8,11,1,4029.9,105,2,4030.0,511,9
11483,2026-07-02 12:12:20+05:30,4028.5,3,4041.45,1080370,149379.0,157457.0,4100.0,4110.0,4012.0,4092.6,24593275,4501.8,3683.4,4440.0,3288.1,4028.5,88,5,4028.4,27,3,4028.3,15,1,4028.2,3,1,4028.1,101,4,4029.2,16,2,4029.8,11,1,4029.9,105,2,4030.0,511,9,4030.1,36,3
11483,2026-07-02 12:12:20+05:30,4028.5,3,4041.45,1080370,149379.0,157457.0,4100.0,4110.0,4012.0,4092.6,24593275,4501.8,3683.4,4440.0,3288.1,4028.5,88,5,4028.4,27,3,4028.3,15,1,4028.2,3,1,4028.1,101,4,4029.2,16,2,4029.8,11,1,4029.9,105,2,4030.0,511,9,4030.1,36,3
11483,2026-07-02 12:12:21+05:30,4029.2,1,4041.45,1080374,149378.0,157433.0,4100.0,4110.0,4012.0,4092.6,24593275,4501.8,3683.4,4440.0,3288.1,4028.5,85,5,4028.4,27,3,4028.3,15,1,4028.2,3,1,4028.1,101,4,4029.2,15,2,4029.8,11,1,4029.9,105,2,4030.0,511,9,4030.1,36,3
11483,2026-07-02 12:12:21+05:30,4029.2,1,4041.45,1080374,149378.0,157433.0,4100.0,4110.0,4012.0,4092.6,24593275,4501.8,3683.4,4440.0,3288.1,4028.5,85,5,4028.4,27,3,4028.3,15,1,4028.2,3,1,4028.1,101,4,4029.2,15,2,4029.8,11,1,4029.9,105,2,4030.0,511,9,4030.1,36,3
11483,2026-07-02 12:12:22+05:30,4029.9,1,4041.45,1080489,149839.0,157102.0,4100.0,4110.0,4012.0,4092.6,24593275,4501.8,3683.4,4440.0,3288.1,4028.9,1,1,4028.6,25,3,4028.5,90,5,4028.4,65,4,4028.3,45,2,4029.9,59,2,4030.0,511,9,4030.1,36,3,4030.2,35,2,4030.4,5,1
11483,2026-07-02 12:12:22+05:30,4028.9,2,4041.45,1080489,149839.0,157102.0,4100.0,4110.0,4012.0,4092.6,24593275,4501.8,3683.4,4440.0,3288.1,4028.9,1,1,4028.6,25,3,4028.5,90,5,4028.4,65,4,4028.3,45,2,4029.9,59,2,4030.0,511,9,4030.1,36,3,4030.2,35,2,4030.4,5,1
11483,2026-07-02 12:12:23+05:30,4028.9,1,4041.45,1080492,149457.0,157185.0,4100.0,4110.0,4012.0,4092.6,24593275,4501.8,3683.4,4440.0,3288.1,4028.6,35,4,4028.5,79,4,4028.4,27,3,4028.3,45,2,4028.2,3,1,4028.9,1,1,4029.9,59,2,4030.0,511,9,4030.1,36,3,4030.2,35,2
11483,2026-07-02 12:12:23+05:30,4028.9,1,4041.45,1080492,149457.0,157185.0,4100.0,4110.0,4012.0,4092.6,24593275,4501.8,3683.4,4440.0,3288.1,4028.6,35,4,4028.5,79,4,4028.4,27,3,4028.3,45,2,4028.2,3,1,4028.9,1,1,4029.9,59,2,4030.0,511,9,4030.1,36,3,4030.2,35,2
11483,2026-07-02 12:12:24+05:30,4028.9,1,4041.45,1080499,149494.0,157198.0,4100.0,4110.0,4012.0,4092.6,24593275,4501.8,3683.4,4440.0,3288.1,4028.6,21,2,4028.5,79,4,4028.4,13,2,4028.3,30,1,4028.2,15,2,4028.9,1,1,4029.9,59,2,4030.0,511,9,4030.1,47,4,4030.2,18,2
11483,2026-07-02 12:12:24+05:30,4028.9,1,4041.45,1080499,149494.0,157198.0,4100.0,4110.0,4012.0,4092.6,24593275,4501.8,3683.4,4440.0,3288.1,4028.6,21,2,4028.5,79,4,4028.4,13,2,4028.3,30,1,4028.2,15,2,4028.9,1,1,4029.9,59,2,4030.0,511,9,4030.1,47,4,4030.2,18,2
11483,2026-07-02 12:12:24+05:30,4028.9,1,4041.45,1080502,149494.0,157211.0,4100.0,4110.0,4012.0,4092.6,24593275,4501.8,3683.4,4440.0,3288.1,4028.6,21,2,4028.5,79,4,4028.4,13,2,4028.3,30,1,4028.2,15,2,4028.9,2,1,4029.9,59,2,4030.0,511,9,4030.1,36,3,4030.2,18,2
11483,2026-07-02 12:12:25+05:30,4028.6,1,4041.45,1080502,149494.0,157211.0,4100.0,4110.0,4012.0,4092.6,24593275,4501.8,3683.4,4440.0,3288.1,4028.6,21,2,4028.5,79,4,4028.4,13,2,4028.3,30,1,4028.2,15,2,4028.9,2,1,4029.9,59,2,4030.0,511,9,4030.1,36,3,4030.2,18,2
11483,2026-07-02 12:12:25+05:30,4029.9,1,4041.45,1080528,149338.0,157167.0,4100.0,4110.0,4012.0,4092.6,24593275,4501.8,3683.4,4440.0,3288.1,4028.6,20,2,4028.5,79,4,4028.4,13,2,4028.3,71,3,4028.2,23,2,4029.9,36,2,4030.0,311,8,4030.1,36,3,4030.2,5,1,4030.4,35,2
11483,2026-07-02 12:12:26+05:30,4029.9,1,4041.45,1080528,149338.0,157167.0,4100.0,4110.0,4012.0,4092.6,24593275,4501.8,3683.4,4440.0,3288.1,4028.6,20,2,4028.5,79,4,4028.4,13,2,4028.3,71,3,4028.2,23,2,4029.9,36,2,4030.0,311,8,4030.1,36,3,4030.2,5,1,4030.4,35,2
11483,2026-07-02 12:12:26+05:30,4029.9,1,4041.45,1080540,149096.0,157373.0,4100.0,4110.0,4012.0,4092.6,24593275,4501.8,3683.4,4440.0,3288.1,4028.6,17,2,4028.5,89,4,4028.4,9,1,4028.3,31,2,4028.2,60,2,4029.9,27,2,4030.0,311,8,4030.1,36,3,4030.2,43,2,4030.4,30,1
11483,2026-07-02 12:12:27+05:30,4028.6,2,4041.45,1080540,149096.0,157373.0,4100.0,4110.0,4012.0,4092.6,24593275,4501.8,3683.4,4440.0,3288.1,4028.6,17,2,4028.5,89,4,4028.4,9,1,4028.3,31,2,4028.2,60,2,4029.9,27,2,4030.0,311,8,4030.1,36,3,4030.2,43,2,4030.4,30,1
11483,2026-07-02 12:12:27+05:30,4029.9,1,4041.45,1080543,149290.0,157222.0,4100.0,4110.0,4012.0,4092.6,24593275,4501.8,3683.4,4440.0,3288.1,4028.6,27,3,4028.5,88,4,4028.4,9,1,4028.3,14,2,4028.2,98,3,4029.9,26,2,4030.0,311,8,4030.1,36,3,4030.2,5,1,4030.4,30,1
11483,2026-07-02 12:12:28+05:30,4029.9,1,4041.45,1080543,149290.0,157222.0,4100.0,4110.0,4012.0,4092.6,24593275,4501.8,3683.4,4440.0,3288.1,4028.6,27,3,4028.5,88,4,4028.4,9,1,4028.3,14,2,4028.2,98,3,4029.9,26,2,4030.0,311,8,4030.1,36,3,4030.2,5,1,4030.4,30,1
11483,2026-07-02 12:12:28+05:30,4029.9,1,4041.45,1080552,149942.0,157165.0,4100.0,4110.0,4012.0,4092.6,24593275,4501.8,3683.4,4440.0,3288.1,4029.2,47,1,4028.6,27,3,4028.5,99,5,4028.4,47,2,4028.3,15,2,4029.9,17,2,4030.0,311,8,4030.1,36,3,4030.2,5,1,4030.4,30,1
11483,2026-07-02 12:12:29+05:30,4029.2,5,4041.45,1080552,149942.0,157165.0,4100.0,4110.0,4012.0,4092.6,24593275,4501.8,3683.4,4440.0,3288.1,4029.2,47,1,4028.6,27,3,4028.5,99,5,4028.4,47,2,4028.3,15,2,4029.9,17,2,4030.0,311,8,4030.1,36,3,4030.2,5,1,4030.4,30,1
11483,2026-07-02 12:12:29+05:30,4029.9,1,4041.45,1080559,149942.0,157214.0,4100.0,4110.0,4012.0,4092.6,24593275,4501.8,3683.4,4440.0,3288.1,4029.2,41,1,4028.6,65,3,4028.5,99,5,4028.4,9,1,4028.3,15,2,4029.9,16,2,4030.0,311,8,4030.1,36,3,4030.2,5,1,4030.4,39,2
11483,2026-07-02 12:12:30+05:30,4029.9,1,4041.45,1080559,149942.0,157214.0,4100.0,4110.0,4012.0,4092.6,24593275,4501.8,3683.4,4440.0,3288.1,4029.2,41,1,4028.6,65,3,4028.5,99,5,4028.4,9,1,4028.3,15,2,4029.9,16,2,4030.0,311,8,4030.1,36,3,4030.2,5,1,4030.4,39,2
11483,2026-07-02 12:12:30+05:30,4029.9,1,4041.45,1080568,149911.0,157166.0,4100.0,4110.0,4012.0,4092.6,24593275,4501.8,3683.4,4440.0,3288.1,4029.2,40,1,4028.6,65,3,4028.5,99,5,4028.3,15,2,4028.2,48,1,4029.9,16,3,4030.0,311,8,4030.1,36,3,4030.2,29,3,4030.4,30,1
11483,2026-07-02 12:12:31+05:30,4030.0,4,4041.45,1080568,149911.0,157166.0,4100.0,4110.0,4012.0,4092.6,24593275,4501.8,3683.4,4440.0,3288.1,4029.2,40,1,4028.6,65,3,4028.5,99,5,4028.3,15,2,4028.2,48,1,4029.9,16,3,4030.0,311,8,4030.1,36,3,4030.2,29,3,4030.4,30,1
11483,2026-07-02 12:12:31+05:30,4029.9,1,4041.45,1080591,149958.0,157220.0,4100.0,4110.0,4012.0,4092.6,24593275,4501.8,3683.4,4440.0,3288.1,4029.2,38,1,4028.6,5,1,4028.5,99,5,4028.3,12,1,4028.2,41,2,4030.0,328,10,4030.1,36,3,4030.2,20,2,4030.3,15,1,4030.4,81,3
11483,2026-07-02 12:12:32+05:30,4030.0,1,4041.45,1080591,149958.0,157220.0,4100.0,4110.0,4012.0,4092.6,24593275,4501.8,3683.4,4440.0,3288.1,4029.2,38,1,4028.6,5,1,4028.5,99,5,4028.3,12,1,4028.2,41,2,4030.0,328,10,4030.1,36,3,4030.2,20,2,4030.3,15,1,4030.4,81,3
11483,2026-07-02 12:12:32+05:30,4030.0,1,4041.45,1080594,149954.0,157161.0,4100.0,4110.0,4012.0,4092.6,24593275,4501.8,3683.4,4440.0,3288.1,4029.6,1,1,4029.2,36,1,4028.6,5,1,4028.5,99,5,4028.3,12,1,4030.0,327,10,4030.1,36,3,4030.2,20,2,4030.3,15,1,4030.4,81,3
11483,2026-07-02 12:12:33+05:30,4030.0,1,4041.45,1080594,149954.0,157161.0,4100.0,4110.0,4012.0,4092.6,24593275,4501.8,3683.4,4440.0,3288.1,4029.6,1,1,4029.2,36,1,4028.6,5,1,4028.5,99,5,4028.3,12,1,4030.0,327,10,4030.1,36,3,4030.2,20,2,4030.3,15,1,4030.4,81,3
11483,2026-07-02 12:12:33+05:30,4030.0,1,4041.45,1080614,149926.0,157162.0,4100.0,4110.0,4012.0,4092.6,24593275,4501.8,3683.4,4440.0,3288.1,4029.6,1,1,4029.2,36,1,4028.6,5,1,4028.5,99,5,4028.3,12,1,4030.0,308,10,4030.1,36,3,4030.2,20,2,4030.3,15,1,4030.4,81,3
11483,2026-07-02 12:12:34+05:30,4029.7,2,4041.45,1080614,149926.0,157162.0,4100.0,4110.0,4012.0,4092.6,24593275,4501.8,3683.4,4440.0,3288.1,4029.6,1,1,4029.2,36,1,4028.6,5,1,4028.5,99,5,4028.3,12,1,4030.0,308,10,4030.1,36,3,4030.2,20,2,4030.3,15,1,4030.4,81,3
11483,2026-07-02 12:12:34+05:30,4029.7,2,4041.45,1080618,149925.0,156982.0,4100.0,4110.0,4012.0,4092.6,24593275,4501.8,3683.4,4440.0,3288.1,4029.7,2,1,4029.2,36,1,4028.6,5,1,4028.5,99,5,4028.3,12,1,4030.0,295,9,4030.1,36,3,4030.2,32,3,4030.3,15,1,4030.4,81,3
11483,2026-07-02 12:12:35+05:30,4029.7,1,4041.45,1080618,149925.0,156982.0,4100.0,4110.0,4012.0,4092.6,24593275,4501.8,3683.4,4440.0,3288.1,4029.7,2,1,4029.2,36,1,4028.6,5,1,4028.5,99,5,4028.3,12,1,4030.0,295,9,4030.1,36,3,4030.2,32,3,4030.3,15,1,4030.4,81,3
11483,2026-07-02 12:12:35+05:30,4029.7,1,4041.45,1080625,149741.0,157125.0,4100.0,4110.0,4012.0,4092.6,24593275,4501.8,3683.4,4440.0,3288.1,4029.7,2,1,4029.2,36,1,4028.6,5,1,4028.5,88,4,4028.3,22,2,4029.8,19,1,4029.9,69,6,4030.0,295,9,4030.1,36,3,4030.2,32,4
11483,2026-07-02 12:12:36+05:30,4029.9,2,4041.45,1080625,149741.0,157125.0,4100.0,4110.0,4012.0,4092.6,24593275,4501.8,3683.4,4440.0,3288.1,4029.7,2,1,4029.2,36,1,4028.6,5,1,4028.5,88,4,4028.3,22,2,4029.8,19,1,4029.9,69,6,4030.0,295,9,4030.1,36,3,4030.2,32,4
11483,2026-07-02 12:12:36+05:30,4028.5,1,4041.45,1080689,149375.0,157185.0,4100.0,4110.0,4012.0,4092.6,24593275,4501.8,3683.4,4440.0,3288.1,4028.5,87,4,4028.1,109,2,4028.0,947,6,4027.9,4,2,4027.8,5,1,4029.9,54,5,4030.0,363,13,4030.1,36,3,4030.2,32,4,4030.3,15,1
11483,2026-07-02 12:12:37+05:30,4029.9,1,4041.45,1080689,149375.0,157185.0,4100.0,4110.0,4012.0,4092.6,24593275,4501.8,3683.4,4440.0,3288.1,4028.5,87,4,4028.1,109,2,4028.0,947,6,4027.9,4,2,4027.8,5,1,4029.9,54,5,4030.0,363,13,4030.1,36,3,4030.2,32,4,4030.3,15,1
11483,2026-07-02 12:12:37+05:30,4028.5,1,4041.45,1080700,149391.0,157174.0,4100.0,4110.0,4012.0,4092.6,24593275,4501.8,3683.4,4440.0,3288.1,4028.5,80,5,4028.1,109,2,4028.0,950,7,4027.9,11,2,4027.8,5,1,4029.9,21,3,4030.0,353,12,4030.1,36,3,4030.2,32,4,4030.3,25,2
11483,2026-07-02 12:12:38+05:30,4028.5,1,4041.45,1080700,149391.0,157174.0,4100.0,4110.0,4012.0,4092.6,24593275,4501.8,3683.4,4440.0,3288.1,4028.5,80,5,4028.1,109,2,4028.0,950,7,4027.9,11,2,4027.8,5,1,4029.9,21,3,4030.0,353,12,4030.1,36,3,4030.2,32,4,4030.3,25,2
11483,2026-07-02 12:12:38+05:30,4028.5,1,4041.45,1080702,149015.0,157695.0,4100.0,4110.0,4012.0,4092.6,24593275,4501.8,3683.4,4440.0,3288.1,4028.5,78,5,4028.1,79,1,4028.0,942,6,4027.9,1,1,4027.7,20,2,4029.4,20,4,4029.5,1,1,4029.6,34,3,4029.7,27,2,4029.8,2,2
11483,2026-07-02 12:12:39+05:30,4029.4,1,4041.45,1080702,149015.0,157695.0,4100.0,4110.0,4012.0,4092.6,24593275,4501.8,3683.4,4440.0,3288.1,4028.5,78,5,4028.1,79,1,4028.0,942,6,4027.9,1,1,4027.7,20,2,4029.4,20,4,4029.5,1,1,4029.6,34,3,4029.7,27,2,4029.8,2,2
11483,2026-07-02 12:12:39+05:30,4028.5,1,4041.45,1080706,149169.0,157476.0,4100.0,4110.0,4012.0,4092.6,24593275,4501.8,3683.4,4440.0,3288.1,4028.5,76,5,4028.1,79,1,4028.0,942,6,4027.9,1,1,4027.8,2,1,4029.4,18,3,4029.5,1,1,4029.6,24,2,4029.7,27,2,4029.8,2,2
11483,2026-07-02 12:12:40+05:30,4029.4,6,4041.45,1080706,149169.0,157476.0,4100.0,4110.0,4012.0,4092.6,24593275,4501.8,3683.4,4440.0,3288.1,4028.5,76,5,4028.1,79,1,4028.0,942,6,4027.9,1,1,4027.8,2,1,4029.4,18,3,4029.5,1,1,4029.6,24,2,4029.7,27,2,4029.8,2,2
11483,2026-07-02 12:12:40+05:30,4028.5,1,4041.45,1080717,149232.0,157380.0,4100.0,4110.0,4012.0,4092.6,24593275,4501.8,3683.4,4440.0,3288.1,4028.5,125,6,4028.1,89,2,4028.0,972,7,4027.9,1,1,4027.8,2,1,4029.4,8,2,4029.6,24,2,4029.7,1,1,4029.8,34,2,4029.9,85,5
11483,2026-07-02 12:12:41+05:30,4029.4,1,4041.45,1080717,149232.0,157380.0,4100.0,4110.0,4012.0,4092.6,24593275,4501.8,3683.4,4440.0,3288.1,4028.5,125,6,4028.1,89,2,4028.0,972,7,4027.9,1,1,4027.8,2,1,4029.4,8,2,4029.6,24,2,4029.7,1,1,4029.8,34,2,4029.9,85,5
11483,2026-07-02 12:12:41+05:30,4029.6,2,4041.45,1080723,149233.0,157507.0,4100.0,4110.0,4012.0,4092.6,24593275,4501.8,3683.4,4440.0,3288.1,4028.5,122,6,4028.1,89,2,4028.0,972,7,4027.9,4,2,4027.8,2,1,4029.6,38,4,4029.7,1,1,4029.8,34,2,4029.9,85,5,4030.0,355,10
11483,2026-07-02 12:12:42+05:30,4029.6,3,4041.45,1080723,149233.0,157507.0,4100.0,4110.0,4012.0,4092.6,24593275,4501.8,3683.4,4440.0,3288.1,4028.5,122,6,4028.1,89,2,4028.0,972,7,4027.9,4,2,4027.8,2,1,4029.6,38,4,4029.7,1,1,4029.8,34,2,4029.9,85,5,4030.0,355,10
11483,2026-07-02 12:12:42+05:30,4029.0,1,4041.45,1080728,149531.0,157347.0,4100.0,4110.0,4012.0,4092.6,24593275,4501.8,3683.4,4440.0,3288.1,4029.0,1,1,4028.6,2,1,4028.5,120,5,4028.1,79,1,4028.0,957,8,4029.6,35,4,4029.7,1,1,4029.8,34,2,4029.9,12,3,4030.0,319,10
11483,2026-07-02 12:12:43+05:30,4028.6,7,4041.45,1080728,149531.0,157347.0,4100.0,4110.0,4012.0,4092.6,24593275,4501.8,3683.4,4440.0,3288.1,4029.0,1,1,4028.6,2,1,4028.5,120,5,4028.1,79,1,4028.0,957,8,4029.6,35,4,4029.7,1,1,4029.8,34,2,4029.9,12,3,4030.0,319,10
11483,2026-07-02 12:12:43+05:30,4028.6,7,4041.45,1080736,149231.0,157406.0,4100.0,4110.0,4012.0,4092.6,24593275,4501.8,3683.4,4440.0,3288.1,4028.6,2,1,4028.5,121,6,4028.1,79,1,4028.0,987,9,4027.9,1,1,4029.6,16,2,4029.7,1,1,4029.8,34,2,4029.9,12,3,4030.0,319,10
11483,2026-07-02 12:12:44+05:30,4028.5,4,4041.45,1080736,149231.0,157406.0,4100.0,4110.0,4012.0,4092.6,24593275,4501.8,3683.4,4440.0,3288.1,4028.6,2,1,4028.5,121,6,4028.1,79,1,4028.0,987,9,4027.9,1,1,4029.6,16,2,4029.7,1,1,4029.8,34,2,4029.9,12,3,4030.0,319,10
11483,2026-07-02 12:12:44+05:30,4028.5,1,4041.44,1080762,149189.0,157435.0,4100.0,4110.0,4012.0,4092.6,24593275,4501.8,3683.4,4440.0,3288.1,4028.5,103,6,4028.1,79,1,4028.0,956,8,4027.9,31,2,4027.7,23,3,4029.6,82,7,4029.7,12,2,4029.8,1,1,4029.9,22,4,4030.0,357,11
11483,2026-07-02 12:12:45+05:30,4029.9,32,4041.44,1080762,149189.0,157435.0,4100.0,4110.0,4012.0,4092.6,24593275,4501.8,3683.4,4440.0,3288.1,4028.5,103,6,4028.1,79,1,4028.0,956,8,4027.9,31,2,4027.7,23,3,4029.6,82,7,4029.7,12,2,4029.8,1,1,4029.9,22,4,4030.0,357,11
11483,2026-07-02 12:12:45+05:30,4029.8,3,4041.44,1080926,148915.0,157515.0,4100.0,4110.0,4012.0,4092.6,24593275,4501.8,3683.4,4440.0,3288.1,4028.5,103,7,4028.1,81,2,4028.0,954,7,4027.9,1,1,4027.8,9,2,4029.8,64,4,4029.9,12,1,4030.0,379,13,4030.1,79,7,4030.2,206,5
11483,2026-07-02 12:12:46+05:30,4029.8,8,4041.44,1080926,148915.0,157515.0,4100.0,4110.0,4012.0,4092.6,24593275,4501.8,3683.4,4440.0,3288.1,4028.5,103,7,4028.1,81,2,4028.0,954,7,4027.9,1,1,4027.8,9,2,4029.8,64,4,4029.9,12,1,4030.0,379,13,4030.1,79,7,4030.2,206,5
11483,2026-07-02 12:12:46+05:30,4028.5,1,4041.44,1080959,148935.0,157178.0,4100.0,4110.0,4012.0,4092.6,24593275,4501.8,3683.4,4440.0,3288.1,4028.5,83,6,4028.1,81,2,4028.0,987,9,4027.9,1,1,4027.7,60,4,4029.8,51,4,4029.9,12,1,4030.0,379,13,4030.1,69,6,4030.2,206,5
11483,2026-07-02 12:12:47+05:30,4028.6,1,4041.44,1080959,148935.0,157178.0,4100.0,4110.0,4012.0,4092.6,24593275,4501.8,3683.4,4440.0,3288.1,4028.5,83,6,4028.1,81,2,4028.0,987,9,4027.9,1,1,4027.7,60,4,4029.8,51,4,4029.9,12,1,4030.0,379,13,4030.1,69,6,4030.2,206,5
11483,2026-07-02 12:12:47+05:30,4028.6,1,4041.44,1080965,149477.0,156930.0,4100.0,4110.0,4012.0,4092.6,24593275,4501.8,3683.4,4440.0,3288.1,4028.6,20,3,4028.5,79,6,4028.4,14,1,4028.3,23,2,4028.2,3,1,4029.2,6,1,4029.9,26,1,4030.0,292,9,4030.1,36,3,4030.2,29,3
11483,2026-07-02 12:12:48+05:30,4028.6,1,4041.44,1080965,149477.0,156930.0,4100.0,4110.0,4012.0,4092.6,24593275,4501.8,3683.4,4440.0,3288.1,4028.6,20,3,4028.5,79,6,4028.4,14,1,4028.3,23,2,4028.2,3,1,4029.2,6,1,4029.9,26,1,4030.0,292,9,4030.1,36,3,4030.2,29,3
11483,2026-07-02 12:12:48+05:30,4028.6,1,4041.44,1080967,149694.0,157120.0,4100.0,4110.0,4012.0,4092.6,24593275,4501.8,3683.4,4440.0,3288.1,4028.6,16,2,4028.5,79,6,4028.3,7,1,4028.2,3,1,4028.1,79,1,4029.2,6,1,4029.9,24,1,4030.0,287,8,4030.1,36,3,4030.2,34,4
11483,2026-07-02 12:12:49+05:30,4028.6,1,4041.44,1080967,149694.0,157120.0,4100.0,4110.0,4012.0,4092.6,24593275,4501.8,3683.4,4440.0,3288.1,4028.6,16,2,4028.5,79,6,4028.3,7,1,4028.2,3,1,4028.1,79,1,4029.2,6,1,4029.9,24,1,4030.0,287,8,4030.1,36,3,4030.2,34,4
11483,2026-07-02 12:12:49+05:30,4028.6,1,4041.44,1080969,149692.0,157153.0,4100.0,4110.0,4012.0,4092.6,24593275,4501.8,3683.4,4440.0,3288.1,4028.6,14,2,4028.5,81,7,4028.2,3,1,4028.1,79,1,4028.0,972,7,4029.2,7,2,4029.9,24,1,4030.0,287,8,4030.1,41,4,4030.2,62,4
11483,2026-07-02 12:12:49+05:30,4028.6,1,4041.44,1080969,149692.0,157153.0,4100.0,4110.0,4012.0,4092.6,24593275,4501.8,3683.4,4440.0,3288.1,4028.6,14,2,4028.5,81,7,4028.2,3,1,4028.1,79,1,4028.0,972,7,4029.2,7,2,4029.9,24,1,4030.0,287,8,4030.1,41,4,4030.2,62,4
11483,2026-07-02 12:12:50+05:30,4028.6,1,4041.44,1080969,149692.0,157153.0,4100.0,4110.0,4012.0,4092.6,24593275,4501.8,3683.4,4440.0,3288.1,4028.6,14,2,4028.5,81,7,4028.2,3,1,4028.1,79,1,4028.0,972,7,4029.2,7,2,4029.9,24,1,4030.0,287,8,4030.1,41,4,4030.2,62,4
11483,2026-07-02 12:12:50+05:30,4028.6,1,4041.44,1080969,149692.0,157153.0,4100.0,4110.0,4012.0,4092.6,24593275,4501.8,3683.4,4440.0,3288.1,4028.6,14,2,4028.5,81,7,4028.2,3,1,4028.1,79,1,4028.0,972,7,4029.2,7,2,4029.9,24,1,4030.0,287,8,4030.1,41,4,4030.2,62,4
11483,2026-07-02 12:12:50+05:30,4028.6,10,4041.44,1080983,149797.0,157233.0,4100.0,4110.0,4012.0,4092.6,24593275,4501.8,3683.4,4440.0,3288.1,4028.5,89,7,4028.2,5,2,4028.1,86,2,4028.0,972,7,4027.9,24,2,4029.2,7,2,4029.9,24,1,4030.0,287,8,4030.1,41,4,4030.2,29,3
11483,2026-07-02 12:12:50+05:30,4028.6,10,4041.44,1080983,149797.0,157233.0,4100.0,4110.0,4012.0,4092.6,24593275,4501.8,3683.4,4440.0,3288.1,4028.5,89,7,4028.2,5,2,4028.1,86,2,4028.0,972,7,4027.9,24,2,4029.2,7,2,4029.9,24,1,4030.0,287,8,4030.1,41,4,4030.2,29,3
11483,2026-07-02 12:12:51+05:30,4028.6,10,4041.44,1080983,149797.0,157233.0,4100.0,4110.0,4012.0,4092.6,24593275,4501.8,3683.4,4440.0,3288.1,4028.5,89,7,4028.2,5,2,4028.1,86,2,4028.0,972,7,4027.9,24,2,4029.2,7,2,4029.9,24,1,4030.0,287,8,4030.1,41,4,4030.2,29,3
11483,2026-07-02 12:12:51+05:30,4028.5,1,4041.44,1080983,149797.0,157233.0,4100.0,4110.0,4012.0,4092.6,24593275,4501.8,3683.4,4440.0,3288.1,4028.5,89,7,4028.2,5,2,4028.1,86,2,4028.0,972,7,4027.9,24,2,4029.2,7,2,4029.9,24,1,4030.0,287,8,4030.1,41,4,4030.2,29,3
11483,2026-07-02 12:12:51+05:30,4028.5,1,4041.44,1080986,149796.0,157238.0,4100.0,4110.0,4012.0,4092.6,24593275,4501.8,3683.4,4440.0,3288.1,4028.5,86,6,4028.2,5,2,4028.1,79,1,4028.0,972,7,4027.9,24,2,4029.2,7,2,4029.9,24,1,4030.0,287,8,4030.1,41,4,4030.2,29,3
11483,2026-07-02 12:12:51+05:30,4028.5,1,4041.44,1080986,149796.0,157238.0,4100.0,4110.0,4012.0,4092.6,24593275,4501.8,3683.4,4440.0,3288.1,4028.5,86,6,4028.2,5,2,4028.1,79,1,4028.0,972,7,4027.9,24,2,4029.2,7,2,4029.9,24,1,4030.0,287,8,4030.1,41,4,4030.2,29,3
11483,2026-07-02 12:12:52+05:30,4028.8,1,4041.44,1080986,149796.0,157238.0,4100.0,4110.0,4012.0,4092.6,24593275,4501.8,3683.4,4440.0,3288.1,4028.5,86,6,4028.2,5,2,4028.1,79,1,4028.0,972,7,4027.9,24,2,4029.2,7,2,4029.9,24,1,4030.0,287,8,4030.1,41,4,4030.2,29,3
11483,2026-07-02 12:12:52+05:30,4028.8,1,4041.44,1080986,149796.0,157238.0,4100.0,4110.0,4012.0,4092.6,24593275,4501.8,3683.4,4440.0,3288.1,4028.5,86,6,4028.2,5,2,4028.1,79,1,4028.0,972,7,4027.9,24,2,4029.2,7,2,4029.9,24,1,4030.0,287,8,4030.1,41,4,4030.2,29,3
11483,2026-07-02 12:12:52+05:30,4028.8,1,4041.44,1080988,149742.0,157196.0,4100.0,4110.0,4012.0,4092.6,24593275,4501.8,3683.4,4440.0,3288.1,4028.8,1,1,4028.6,5,1,4028.5,75,5,4028.2,5,2,4028.1,79,1,4029.2,6,1,4029.7,12,2,4029.9,24,1,4030.0,287,8,4030.1,94,6
11483,2026-07-02 12:12:53+05:30,4028.8,1,4041.44,1080988,149742.0,157196.0,4100.0,4110.0,4012.0,4092.6,24593275,4501.8,3683.4,4440.0,3288.1,4028.8,1,1,4028.6,5,1,4028.5,75,5,4028.2,5,2,4028.1,79,1,4029.2,6,1,4029.7,12,2,4029.9,24,1,4030.0,287,8,4030.1,94,6
11483,2026-07-02 12:12:53+05:30,4029.2,2,4041.44,1080988,149742.0,157196.0,4100.0,4110.0,4012.0,4092.6,24593275,4501.8,3683.4,4440.0,3288.1,4028.8,1,1,4028.6,5,1,4028.5,75,5,4028.2,5,2,4028.1,79,1,4029.2,6,1,4029.7,12,2,4029.9,24,1,4030.0,287,8,4030.1,94,6
11483,2026-07-02 12:12:53+05:30,4029.2,2,4041.44,1080988,149742.0,157196.0,4100.0,4110.0,4012.0,4092.6,24593275,4501.8,3683.4,4440.0,3288.1,4028.8,1,1,4028.6,5,1,4028.5,75,5,4028.2,5,2,4028.1,79,1,4029.2,6,1,4029.7,12,2,4029.9,24,1,4030.0,287,8,4030.1,94,6
11483,2026-07-02 12:12:53+05:30,4028.6,1,4041.44,1080993,149750.0,157197.0,4100.0,4110.0,4012.0,4092.6,24593275,4501.8,3683.4,4440.0,3288.1,4028.6,4,1,4028.5,75,5,4028.3,18,2,4028.1,82,2,4028.0,1004,9,4029.2,4,1,4029.7,5,1,4029.9,24,1,4030.0,287,8,4030.1,71,5
11483,2026-07-02 12:12:53+05:30,4028.6,1,4041.44,1080993,149750.0,157197.0,4100.0,4110.0,4012.0,4092.6,24593275,4501.8,3683.4,4440.0,3288.1,4028.6,4,1,4028.5,75,5,4028.3,18,2,4028.1,82,2,4028.0,1004,9,4029.2,4,1,4029.7,5,1,4029.9,24,1,4030.0,287,8,4030.1,71,5
11483,2026-07-02 12:12:54+05:30,4028.6,1,4041.44,1080993,149750.0,157197.0,4100.0,4110.0,4012.0,4092.6,24652950,4501.8,3683.4,4440.0,3288.1,4028.6,4,1,4028.5,75,5,4028.3,18,2,4028.1,82,2,4028.0,1004,9,4029.2,4,1,4029.7,5,1,4029.9,24,1,4030.0,287,8,4030.1,71,5
11483,2026-07-02 12:12:54+05:30,4029.9,8,4041.44,1080993,149750.0,157197.0,4100.0,4110.0,4012.0,4092.6,24652950,4501.8,3683.4,4440.0,3288.1,4028.6,4,1,4028.5,75,5,4028.3,18,2,4028.1,82,2,4028.0,1004,9,4029.2,4,1,4029.7,5,1,4029.9,24,1,4030.0,287,8,4030.1,71,5
11483,2026-07-02 12:12:54+05:30,4029.9,8,4041.44,1080993,149750.0,157197.0,4100.0,4110.0,4012.0,4092.6,24652950,4501.8,3683.4,4440.0,3288.1,4028.6,4,1,4028.5,75,5,4028.3,18,2,4028.1,82,2,4028.0,1004,9,4029.2,4,1,4029.7,5,1,4029.9,24,1,4030.0,287,8,4030.1,71,5
11483,2026-07-02 12:12:54+05:30,4028.6,1,4041.44,1081011,149877.0,157273.0,4100.0,4110.0,4012.0,4092.6,24652950,4501.8,3683.4,4440.0,3288.1,4028.6,3,1,4028.5,75,5,4028.1,79,1,4028.0,964,8,4027.9,1,1,4029.6,71,5,4029.7,24,2,4029.8,20,1,4029.9,52,6,4030.0,311,10
11483,2026-07-02 12:12:55+05:30,4028.6,1,4041.44,1081011,149877.0,157273.0,4100.0,4110.0,4012.0,4092.6,24652950,4501.8,3683.4,4440.0,3288.1,4028.6,3,1,4028.5,75,5,4028.1,79,1,4028.0,964,8,4027.9,1,1,4029.6,71,5,4029.7,24,2,4029.8,20,1,4029.9,52,6,4030.0,311,10
11483,2026-07-02 12:12:55+05:30,4029.2,1,4041.44,1081011,149877.0,157273.0,4100.0,4110.0,4012.0,4092.6,24652950,4501.8,3683.4,4440.0,3288.1,4028.6,3,1,4028.5,75,5,4028.1,79,1,4028.0,964,8,4027.9,1,1,4029.6,71,5,4029.7,24,2,4029.8,20,1,4029.9,52,6,4030.0,311,10
11483,2026-07-02 12:12:55+05:30,4029.2,1,4041.44,1081011,149877.0,157273.0,4100.0,4110.0,4012.0,4092.6,24652950,4501.8,3683.4,4440.0,3288.1,4028.6,3,1,4028.5,75,5,4028.1,79,1,4028.0,964,8,4027.9,1,1,4029.6,71,5,4029.7,24,2,4029.8,20,1,4029.9,52,6,4030.0,311,10
11483,2026-07-02 12:12:56+05:30,4028.5,1,4041.44,1081016,149115.0,157543.0,4100.0,4110.0,4012.0,4092.6,24652950,4501.8,3683.4,4440.0,3288.1,4028.5,74,5,4028.1,79,1,4028.0,952,7,4027.9,1,1,4027.7,20,2,4029.4,110,5,4029.6,16,2,4029.7,21,3,4029.8,22,2,4029.9,52,6
11483,2026-07-02 12:12:56+05:30,4028.5,1,4041.44,1081016,149115.0,157543.0,4100.0,4110.0,4012.0,4092.6,24652950,4501.8,3683.4,4440.0,3288.1,4028.5,74,5,4028.1,79,1,4028.0,952,7,4027.9,1,1,4027.7,20,2,4029.4,110,5,4029.6,16,2,4029.7,21,3,4029.8,22,2,4029.9,52,6
11483,2026-07-02 12:12:57+05:30,4028.5,1,4041.44,1081028,149168.0,157438.0,4100.0,4110.0,4012.0,4092.6,24652950,4501.8,3683.4,4440.0,3288.1,4028.5,72,5,4028.1,79,1,4028.0,952,7,4027.9,1,1,4027.7,20,2,4029.3,24,1,4029.4,61,3,4029.5,6,1,4029.6,16,2,4029.7,12,2
11483,2026-07-02 12:12:57+05:30,4028.5,1,4041.44,1081028,149168.0,157438.0,4100.0,4110.0,4012.0,4092.6,24652950,4501.8,3683.4,4440.0,3288.1,4028.5,72,5,4028.1,79,1,4028.0,952,7,4027.9,1,1,4027.7,20,2,4029.3,24,1,4029.4,61,3,4029.5,6,1,4029.6,16,2,4029.7,12,2
11483,2026-07-02 12:12:57+05:30,4028.5,1,4041.44,1081030,149165.0,157438.0,4100.0,4110.0,4012.0,4092.6,24652950,4501.8,3683.4,4440.0,3288.1,4028.5,70,5,4028.1,79,1,4028.0,952,7,4027.9,1,1,4027.7,20,2,4029.3,24,1,4029.4,61,3,4029.5,6,1,4029.6,16,2,4029.7,12,2
11483,2026-07-02 12:12:58+05:30,4029.4,6,4041.44,1081030,149165.0,157438.0,4100.0,4110.0,4012.0,4092.6,24652950,4501.8,3683.4,4440.0,3288.1,4028.5,70,5,4028.1,79,1,4028.0,952,7,4027.9,1,1,4027.7,20,2,4029.3,24,1,4029.4,61,3,4029.5,6,1,4029.6,16,2,4029.7,12,2
11483,2026-07-02 12:12:58+05:30,4029.4,7,4041.44,1081068,149243.0,157412.0,4100.0,4110.0,4012.0,4092.6,24652950,4501.8,3683.4,4440.0,3288.1,4028.5,69,5,4028.1,79,1,4028.0,952,7,4027.9,1,1,4027.7,20,2,4029.4,49,4,4029.5,6,1,4029.6,16,2,4029.7,12,2,4029.8,22,2
11483,2026-07-02 12:12:59+05:30,4028.0,360,4041.44,1081068,149243.0,157412.0,4100.0,4110.0,4012.0,4092.6,24652950,4501.8,3683.4,4440.0,3288.1,4028.5,69,5,4028.1,79,1,4028.0,952,7,4027.9,1,1,4027.7,20,2,4029.4,49,4,4029.5,6,1,4029.6,16,2,4029.7,12,2,4029.8,22,2
11483,2026-07-02 12:12:59+05:30,4028.6,1,4041.44,1081577,148797.0,157901.0,4100.0,4110.0,4012.0,4092.6,24652950,4501.8,3683.4,4440.0,3288.1,4028.6,9,1,4028.1,20,1,4028.0,592,7,4027.9,1,1,4027.7,29,3,4029.4,64,5,4029.5,15,2,4029.6,16,2,4029.7,12,2,4029.8,22,2
11483,2026-07-02 12:13:00+05:30,4028.6,36,4041.44,1081577,148797.0,157901.0,4100.0,4110.0,4012.0,4092.6,24652950,4501.8,3683.4,4440.0,3288.1,4028.6,9,1,4028.1,20,1,4028.0,592,7,4027.9,1,1,4027.7,29,3,4029.4,64,5,4029.5,15,2,4029.6,16,2,4029.7,12,2,4029.8,22,2
11483,2026-07-02 12:13:00+05:30,4028.6,1,4041.43,1081639,149305.0,157695.0,4100.0,4110.0,4012.0,4092.6,24652950,4501.8,3683.4,4440.0,3288.1,4029.1,2,2,4028.6,13,1,4028.1,9,1,4028.0,619,10,4027.9,1,1,4029.4,7,2,4029.6,7,1,4029.8,18,1,4029.9,17,2,4030.0,317,10
11483,2026-07-02 12:13:01+05:30,4029.1,2,4041.43,1081639,149305.0,157695.0,4100.0,4110.0,4012.0,4092.6,24652950,4501.8,3683.4,4440.0,3288.1,4029.1,2,2,4028.6,13,1,4028.1,9,1,4028.0,619,10,4027.9,1,1,4029.4,7,2,4029.6,7,1,4029.8,18,1,4029.9,17,2,4030.0,317,10
11483,2026-07-02 12:13:01+05:30,4029.1,2,4041.43,1081644,149609.0,157674.0,4100.0,4110.0,4012.0,4092.6,24652950,4501.8,3683.4,4440.0,3288.1,4028.6,13,1,4028.0,629,11,4027.9,1,1,4027.7,19,2,4027.6,18,1,4029.1,1,1,4029.4,7,2,4029.8,25,2,4029.9,10,1,4030.0,317,10
11483,2026-07-02 12:13:02+05:30,4028.6,1,4041.43,1081644,149609.0,157674.0,4100.0,4110.0,4012.0,4092.6,24652950,4501.8,3683.4,4440.0,3288.1,4028.6,13,1,4028.0,629,11,4027.9,1,1,4027.7,19,2,4027.6,18,1,4029.1,1,1,4029.4,7,2,4029.8,25,2,4029.9,10,1,4030.0,317,10
11483,2026-07-02 12:13:02+05:30,4028.6,1,4041.43,1081646,149662.0,157664.0,4100.0,4110.0,4012.0,4092.6,24652950,4501.8,3683.4,4440.0,3288.1,4028.8,1,1,4028.6,11,1,4028.1,24,1,4028.0,629,11,4027.9,1,1,4029.1,1,1,4029.4,7,2,4029.8,25,2,4029.9,10,1,4030.0,317,10
11483,2026-07-02 12:13:03+05:30,4028.8,1,4041.43,1081646,149662.0,157664.0,4100.0,4110.0,4012.0,4092.6,24652950,4501.8,3683.4,4440.0,3288.1,4028.8,1,1,4028.6,11,1,4028.1,24,1,4028.0,629,11,4027.9,1,1,4029.1,1,1,4029.4,7,2,4029.8,25,2,4029.9,10,1,4030.0,317,10
11483,2026-07-02 12:13:03+05:30,4028.8,1,4041.43,1081649,149973.0,157695.0,4100.0,4110.0,4012.0,4092.6,24652950,4501.8,3683.4,4440.0,3288.1,4028.6,11,1,4028.1,24,1,4028.0,657,12,4027.9,1,1,4027.7,47,3,4029.1,1,1,4029.4,7,2,4029.8,25,2,4029.9,10,1,4030.0,317,10
11483,2026-07-02 12:13:04+05:30,4028.7,1,4041.43,1081649,149973.0,157695.0,4100.0,4110.0,4012.0,4092.6,24652950,4501.8,3683.4,4440.0,3288.1,4028.6,11,1,4028.1,24,1,4028.0,657,12,4027.9,1,1,4027.7,47,3,4029.1,1,1,4029.4,7,2,4029.8,25,2,4029.9,10,1,4030.0,317,10
11483,2026-07-02 12:13:04+05:30,4028.7,1,4041.43,1081650,149880.0,157730.0,4100.0,4110.0,4012.0,4092.6,24652950,4501.8,3683.4,4440.0,3288.1,4028.7,1,1,4028.6,11,1,4028.0,644,11,4027.9,1,1,4027.7,47,3,4029.1,1,1,4029.4,7,2,4029.8,25,2,4029.9,10,1,4030.0,317,10
11483,2026-07-02 12:13:05+05:30,4028.7,1,4041.43,1081650,149880.0,157730.0,4100.0,4110.0,4012.0,4092.6,24652950,4501.8,3683.4,4440.0,3288.1,4028.7,1,1,4028.6,11,1,4028.0,644,11,4027.9,1,1,4027.7,47,3,4029.1,1,1,4029.4,7,2,4029.8,25,2,4029.9,10,1,4030.0,317,10
11483,2026-07-02 12:13:05+05:30,4028.7,1,4041.43,1081651,149854.0,157729.0,4100.0,4110.0,4012.0,4092.6,24652950,4501.8,3683.4,4440.0,3288.1,4028.7,2,1,4028.6,11,1,4028.0,644,11,4027.9,1,1,4027.7,47,3,4029.1,7,2,4029.4,1,1,4029.8,25,2,4029.9,35,2,4030.0,317,10
11483,2026-07-02 12:13:06+05:30,4029.1,6,4041.43,1081651,149854.0,157729.0,4100.0,4110.0,4012.0,4092.6,24652950,4501.8,3683.4,4440.0,3288.1,4028.7,2,1,4028.6,11,1,4028.0,644,11,4027.9,1,1,4027.7,47,3,4029.1,7,2,4029.4,1,1,4029.8,25,2,4029.9,35,2,4030.0,317,10
11483,2026-07-02 12:13:06+05:30,4029.1,6,4041.43,1081660,149865.0,157800.0,4100.0,4110.0,4012.0,4092.6,24652950,4501.8,3683.4,4440.0,3288.1,4028.7,2,1,4028.6,12,2,4028.0,613,9,4027.9,1,1,4027.8,3,1,4029.1,1,1,4029.4,1,1,4029.7,60,1,4029.8,34,2,4029.9,17,2
11483,2026-07-02 12:13:07+05:30,4029.1,1,4041.43,1081660,149865.0,157800.0,4100.0,4110.0,4012.0,4092.6,24652950,4501.8,3683.4,4440.0,3288.1,4028.7,2,1,4028.6,12,2,4028.0,613,9,4027.9,1,1,4027.8,3,1,4029.1,1,1,4029.4,1,1,4029.7,60,1,4029.8,34,2,4029.9,17,2
11483,2026-07-02 12:13:07+05:30,4029.1,1,4041.43,1081663,149979.0,157676.0,4100.0,4110.0,4012.0,4092.6,24652950,4501.8,3683.4,4440.0,3288.1,4029.1,1,1,4028.6,31,4,4028.5,17,2,4028.4,31,2,4028.3,14,1,4029.4,1,1,4030.0,317,10,4030.1,36,3,4030.2,5,1,4030.3,28,1
11483,2026-07-02 12:13:08+05:30,4030.0,1,4041.43,1081663,149979.0,157676.0,4100.0,4110.0,4012.0,4092.6,24652950,4501.8,3683.4,4440.0,3288.1,4029.1,26,3,4028.6,12,2,4028.5,6,1,4028.4,28,2,4028.3,26,2,4030.0,265,9,4030.1,36,3,4030.2,5,1,4030.3,28,1,4030.6,116,2
11483,2026-07-02 12:13:08+05:30,4030.0,1,4041.43,1081690,149961.0,157593.0,4100.0,4110.0,4012.0,4092.6,24652950,4501.8,3683.4,4440.0,3288.1,4029.1,26,3,4028.6,12,2,4028.5,6,1,4028.4,28,2,4028.3,26,2,4030.0,265,9,4030.1,36,3,4030.2,5,1,4030.3,28,1,4030.6,116,2
11483,2026-07-02 12:13:09+05:30,4030.0,4,4041.43,1081690,149961.0,157593.0,4100.0,4110.0,4012.0,4092.6,24652950,4501.8,3683.4,4440.0,3288.1,4029.1,26,3,4028.6,12,2,4028.5,6,1,4028.4,28,2,4028.3,26,2,4030.0,265,9,4030.1,36,3,4030.2,5,1,4030.3,28,1,4030.6,116,2
11483,2026-07-02 12:13:09+05:30,4030.0,4,4041.43,1081749,150096.0,157608.0,4100.0,4110.0,4012.0,4092.6,24652950,4501.8,3683.4,4440.0,3288.1,4029.1,25,3,4029.0,24,2,4028.9,22,2,4028.8,22,1,4028.7,53,3,4030.0,309,9,4030.1,36,3,4030.2,5,1,4030.6,116,2,4030.7,104,1
11483,2026-07-02 12:13:10+05:30,4030.0,9,4041.43,1081749,150096.0,157608.0,4100.0,4110.0,4012.0,4092.6,24652950,4501.8,3683.4,4440.0,3288.1,4029.1,25,3,4029.0,24,2,4028.9,22,2,4028.8,22,1,4028.7,53,3,4030.0,309,9,4030.1,36,3,4030.2,5,1,4030.6,116,2,4030.7,104,1
11483,2026-07-02 12:13:10+05:30,4029.5,1,4041.43,1081767,150058.0,157518.0,4100.0,4110.0,4012.0,4092.6,24652950,4501.8,3683.4,4440.0,3288.1,4029.1,16,2,4029.0,24,2,4028.7,30,2,4028.6,47,4,4028.5,18,1,4029.5,4,1,4029.6,1,1,4030.0,294,8,4030.1,36,3,4030.2,5,1
11483,2026-07-02 12:13:11+05:30,4029.6,1,4041.43,1081767,150058.0,157518.0,4100.0,4110.0,4012.0,4092.6,24652950,4501.8,3683.4,4440.0,3288.1,4029.1,16,2,4029.0,24,2,4028.7,30,2,4028.6,47,4,4028.5,18,1,4029.5,4,1,4029.6,1,1,4030.0,294,8,4030.1,36,3,4030.2,5,1
11483,2026-07-02 12:13:11+05:30,4029.6,1,4041.43,1081774,150073.0,157589.0,4100.0,4110.0,4012.0,4092.6,24652950,4501.8,3683.4,4440.0,3288.1,4029.1,14,2,4029.0,6,1,4028.7,30,2,4028.6,47,4,4028.5,18,1,4030.0,294,8,4030.1,36,3,4030.2,5,1,4030.5,41,2,4030.6,38,1
11483,2026-07-02 12:13:12+05:30,4030.0,10,4041.43,1081786,150122.0,157413.0,4100.0,4110.0,4012.0,4092.6,24652950,4501.8,3683.4,4440.0,3288.1,4029.5,1,1,4029.1,18,3,4029.0,6,1,4028.8,10,1,4028.7,30,2,4030.0,283,8,4030.1,36,3,4030.2,5,1,4030.5,28,1,4030.7,104,1
11483,2026-07-02 12:13:12+05:30,4029.5,2,4041.43,1081786,150122.0,157413.0,4100.0,4110.0,4012.0,4092.6,24652950,4501.8,3683.4,4440.0,3288.1,4029.5,1,1,4029.1,18,3,4029.0,6,1,4028.8,10,1,4028.7,30,2,4030.0,283,8,4030.1,36,3,4030.2,5,1,4030.5,28,1,4030.7,104,1
11483,2026-07-02 12:13:13+05:30,4030.0,1,4041.43,1081786,150122.0,157413.0,4100.0,4110.0,4012.0,4092.6,24652950,4501.8,3683.4,4440.0,3288.1,4029.5,1,1,4029.1,18,3,4029.0,6,1,4028.8,10,1,4028.7,30,2,4030.0,283,8,4030.1,36,3,4030.2,5,1,4030.5,28,1,4030.7,104,1
11483,2026-07-02 12:13:13+05:30,4030.0,1,4041.43,1081789,150124.0,157412.0,4100.0,4110.0,4012.0,4092.6,24652950,4501.8,3683.4,4440.0,3288.1,4029.5,1,1,4029.1,13,2,4029.0,6,1,4028.9,2,1,4028.8,10,1,4030.0,282,8,4030.1,36,3,4030.2,5,1,4030.5,28,1,4030.7,104,1
11483,2026-07-02 12:13:14+05:30,4028.8,1,4041.43,1081789,150124.0,157412.0,4100.0,4110.0,4012.0,4092.6,24652950,4501.8,3683.4,4440.0,3288.1,4029.5,1,1,4029.1,13,2,4029.0,6,1,4028.9,2,1,4028.8,10,1,4030.0,282,8,4030.1,36,3,4030.2,5,1,4030.5,28,1,4030.7,104,1
11483,2026-07-02 12:13:14+05:30,4028.8,1,4041.43,1081849,149907.0,157600.0,4100.0,4110.0,4012.0,4092.6,24652950,4501.8,3683.4,4440.0,3288.1,4028.8,9,1,4028.7,30,2,4028.6,37,3,4028.5,42,3,4028.4,53,4,4030.0,282,9,4030.1,36,3,4030.2,5,1,4030.3,38,1,4030.5,40,2
11483,2026-07-02 12:13:15+05:30,4030.0,1,4041.43,1081858,150191.0,157539.0,4100.0,4110.0,4012.0,4092.6,24652950,4501.8,3683.4,4440.0,3288.1,4029.5,81,1,4029.4,42,1,4029.3,42,1,4029.2,56,2,4029.0,57,3,4030.0,279,8,4030.1,36,3,4030.2,5,1,4030.5,28,1,4030.6,5,1
11483,2026-07-02 12:13:15+05:30,4029.5,1,4041.43,1081858,150191.0,157539.0,4100.0,4110.0,4012.0,4092.6,24652950,4501.8,3683.4,4440.0,3288.1,4029.5,81,1,4029.4,42,1,4029.3,42,1,4029.2,56,2,4029.0,57,3,4030.0,279,8,4030.1,36,3,4030.2,5,1,4030.5,28,1,4030.6,5,1
11483,2026-07-02 12:13:16+05:30,4030.0,3,4041.43,1081865,150143.0,157533.0,4100.0,4110.0,4012.0,4092.6,24652950,4501.8,3683.4,4440.0,3288.1,4029.4,42,1,4029.3,42,1,4029.2,42,1,4029.0,57,3,4028.8,12,3,4030.0,273,8,4030.1,36,3,4030.2,5,1,4030.5,28,1,4030.6,5,1
11483,2026-07-02 12:13:16+05:30,4029.7,1,4041.43,1081865,150143.0,157533.0,4100.0,4110.0,4012.0,4092.6,24652950,4501.8,3683.4,4440.0,3288.1,4029.4,42,1,4029.3,42,1,4029.2,42,1,4029.0,57,3,4028.8,12,3,4030.0,273,8,4030.1,36,3,4030.2,5,1,4030.5,28,1,4030.6,5,1
11483,2026-07-02 12:13:17+05:30,4030.0,1,4041.43,1081867,150226.0,157316.0,4100.0,4110.0,4012.0,4092.6,24652950,4501.8,3683.4,4440.0,3288.1,4029.8,80,1,4029.7,41,1,4029.6,42,1,4029.5,42,1,4029.3,42,1,4030.0,272,8,4030.1,36,3,4030.2,5,1,4030.5,28,1,4030.7,106,2
11483,2026-07-02 12:13:17+05:30,4030.0,1,4041.43,1081867,150226.0,157316.0,4100.0,4110.0,4012.0,4092.6,24652950,4501.8,3683.4,4440.0,3288.1,4029.8,80,1,4029.7,41,1,4029.6,42,1,4029.5,42,1,4029.3,42,1,4030.0,272,8,4030.1,36,3,4030.2,5,1,4030.5,28,1,4030.7,106,2
11483,2026-07-02 12:13:18+05:30,4030.0,1,4041.43,1081868,150226.0,157293.0,4100.0,4110.0,4012.0,4092.6,24652950,4501.8,3683.4,4440.0,3288.1,4029.8,80,1,4029.7,83,2,4029.6,42,1,4029.4,42,1,4029.0,15,2,4030.0,271,8,4030.1,36,3,4030.2,5,1,4030.7,106,2,4030.8,43,2
11483,2026-07-02 12:13:18+05:30,4030.0,1,4041.43,1081868,150226.0,157293.0,4100.0,4110.0,4012.0,4092.6,24652950,4501.8,3683.4,4440.0,3288.1,4029.8,80,1,4029.7,83,2,4029.6,42,1,4029.4,42,1,4029.0,15,2,4030.0,271,8,4030.1,36,3,4030.2,5,1,4030.7,106,2,4030.8,43,2
11483,2026-07-02 12:13:19+05:30,4030.0,2,4041.43,1081882,150228.0,157308.0,4100.0,4110.0,4012.0,4092.6,24652950,4501.8,3683.4,4440.0,3288.1,4029.8,121,2,4029.7,83,2,4029.5,42,1,4029.0,15,2,4028.8,12,3,4030.0,258,8,4030.1,36,3,4030.2,5,1,4030.7,106,2,4030.8,43,2
11483,2026-07-02 12:13:19+05:30,4029.8,1,4041.43,1081882,150228.0,157308.0,4100.0,4110.0,4012.0,4092.6,24652950,4501.8,3683.4,4440.0,3288.1,4029.8,121,2,4029.7,83,2,4029.5,42,1,4029.0,15,2,4028.8,12,3,4030.0,258,8,4030.1,36,3,4030.2,5,1,4030.7,106,2,4030.8,43,2
11483,2026-07-02 12:13:20+05:30,4030.0,1,4041.43,1081885,150227.0,157455.0,4100.0,4110.0,4012.0,4092.6,24652950,4501.8,3683.4,4440.0,3288.1,4029.8,120,2,4029.7,83,2,4029.5,42,1,4029.0,15,2,4028.8,12,3,4030.0,256,8,4030.1,36,3,4030.2,5,1,4030.7,106,2,4030.8,30,1
11483,2026-07-02 12:13:20+05:30,4029.8,1,4041.43,1081885,150227.0,157455.0,4100.0,4110.0,4012.0,4092.6,24652950,4501.8,3683.4,4440.0,3288.1,4029.8,120,2,4029.7,83,2,4029.5,42,1,4029.0,15,2,4028.8,12,3,4030.0,256,8,4030.1,36,3,4030.2,5,1,4030.7,106,2,4030.8,30,1
11483,2026-07-02 12:13:21+05:30,4030.0,1,4041.43,1081887,150261.0,157464.0,4100.0,4110.0,4012.0,4092.6,24652950,4501.8,3683.4,4440.0,3288.1,4029.8,119,2,4029.7,83,2,4029.5,42,1,4029.0,15,2,4028.8,12,3,4030.0,255,8,4030.1,36,3,4030.2,5,1,4030.7,106,2,4030.8,30,1
11483,2026-07-02 12:13:21+05:30,4030.0,1,4041.43,1081887,150261.0,157464.0,4100.0,4110.0,4012.0,4092.6,24652950,4501.8,3683.4,4440.0,3288.1,4029.8,119,2,4029.7,83,2,4029.5,42,1,4029.0,15,2,4028.8,12,3,4030.0,255,8,4030.1,36,3,4030.2,5,1,4030.7,106,2,4030.8,30,1
11483,2026-07-02 12:13:22+05:30,4030.0,1,4041.43,1081888,150276.0,157306.0,4100.0,4110.0,4012.0,4092.6,24652950,4501.8,3683.4,4440.0,3288.1,4029.9,1,1,4029.8,119,2,4029.7,83,2,4029.5,42,1,4029.0,15,2,4030.0,254,8,4030.1,36,3,4030.2,5,1,4030.7,106,2,4030.8,30,1
11483,2026-07-02 12:13:22+05:30,4030.0,1,4041.43,1081888,150276.0,157306.0,4100.0,4110.0,4012.0,4092.6,24652950,4501.8,3683.4,4440.0,3288.1,4029.9,1,1,4029.8,119,2,4029.7,83,2,4029.5,42,1,4029.0,15,2,4030.0,254,8,4030.1,36,3,4030.2,5,1,4030.7,106,2,4030.8,30,1
11483,2026-07-02 12:13:23+05:30,4030.0,1,4041.43,1081888,150276.0,157306.0,4100.0,4110.0,4012.0,4092.6,24652950,4501.8,3683.4,4440.0,3288.1,4029.9,1,1,4029.8,119,2,4029.7,83,2,4029.5,42,1,4029.0,15,2,4030.0,254,8,4030.1,36,3,4030.2,5,1,4030.7,106,2,4030.8,30,1
11483,2026-07-02 12:13:23+05:30,4030.0,1,4041.43,1081890,150174.0,157460.0,4100.0,4110.0,4012.0,4092.6,24652950,4501.8,3683.4,4440.0,3288.1,4029.9,1,1,4029.8,119,2,4029.7,83,2,4029.5,42,1,4029.0,15,2,4030.0,252,8,4030.1,36,3,4030.2,5,1,4030.7,106,2,4030.8,30,1
11483,2026-07-02 12:13:24+05:30,4030.0,2,4041.43,1081890,150174.0,157460.0,4100.0,4110.0,4012.0,4092.6,24652950,4501.8,3683.4,4440.0,3288.1,4029.9,1,1,4029.8,119,2,4029.7,83,2,4029.5,42,1,4029.0,15,2,4030.0,252,8,4030.1,36,3,4030.2,5,1,4030.7,106,2,4030.8,30,1
11483,2026-07-02 12:13:24+05:30,4030.0,2,4041.43,1081894,150160.0,157456.0,4100.0,4110.0,4012.0,4092.6,24652950,4501.8,3683.4,4440.0,3288.1,4029.9,1,1,4029.8,127,3,4029.7,83,2,4029.5,42,1,4029.0,15,2,4030.0,249,8,4030.1,36,3,4030.2,5,1,4030.7,106,2,4030.8,30,1
11483,2026-07-02 12:13:25+05:30,4029.9,1,4041.43,1081894,150160.0,157456.0,4100.0,4110.0,4012.0,4092.6,24652950,4501.8,3683.4,4440.0,3288.1,4029.9,1,1,4029.8,127,3,4029.7,83,2,4029.5,42,1,4029.0,15,2,4030.0,249,8,4030.1,36,3,4030.2,5,1,4030.7,106,2,4030.8,30,1
11483,2026-07-02 12:13:25+05:30,4029.9,1,4041.43,1081896,150199.0,157460.0,4100.0,4110.0,4012.0,4092.6,24652950,4501.8,3683.4,4440.0,3288.1,4029.8,119,2,4029.7,83,2,4029.6,8,1,4029.5,42,1,4029.0,15,2,4030.0,248,8,4030.1,36,3,4030.2,5,1,4030.7,104,1,4030.8,30,1
11483,2026-07-02 12:13:26+05:30,4030.0,10,4041.43,1081896,150199.0,157460.0,4100.0,4110.0,4012.0,4092.6,24652950,4501.8,3683.4,4440.0,3288.1,4029.8,119,2,4029.7,83,2,4029.6,8,1,4029.5,42,1,4029.0,15,2,4030.0,248,8,4030.1,36,3,4030.2,5,1,4030.7,104,1,4030.8,30,1
11483,2026-07-02 12:13:26+05:30,4030.0,2,4041.43,1081943,150209.0,157252.0,4100.0,4110.0,4012.0,4092.6,24652950,4501.8,3683.4,4440.0,3288.1,4029.8,116,2,4029.7,83,2,4029.6,8,1,4029.5,42,1,4029.0,15,2,4030.0,204,6,4030.1,36,3,4030.2,5,1,4030.7,104,1,4030.8,30,1
11483,2026-07-02 12:13:27+05:30,4029.8,1,4041.43,1081943,150209.0,157252.0,4100.0,4110.0,4012.0,4092.6,24652950,4501.8,3683.4,4440.0,3288.1,4029.8,116,2,4029.7,83,2,4029.6,8,1,4029.5,42,1,4029.0,15,2,4030.0,204,6,4030.1,36,3,4030.2,5,1,4030.7,104,1,4030.8,30,1
11483,2026-07-02 12:13:27+05:30,4030.0,3,4041.43,1081953,150203.0,157605.0,4100.0,4110.0,4012.0,4092.6,24652950,4501.8,3683.4,4440.0,3288.1,4029.8,110,2,4029.7,83,2,4029.6,8,1,4029.5,42,1,4029.0,15,2,4030.0,200,5,4030.1,36,3,4030.2,5,1,4030.7,104,1,4030.8,30,1
11483,2026-07-02 12:13:28+05:30,4030.0,46,4041.43,1081953,150203.0,157605.0,4100.0,4110.0,4012.0,4092.6,24652950,4501.8,3683.4,4440.0,3288.1,4029.8,110,2,4029.7,83,2,4029.6,8,1,4029.5,42,1,4029.0,15,2,4030.0,200,5,4030.1,36,3,4030.2,5,1,4030.7,104,1,4030.8,30,1
11483,2026-07-02 12:13:28+05:30,4030.0,1,4041.43,1082006,149873.0,157626.0,4100.0,4110.0,4012.0,4092.6,24652950,4501.8,3683.4,4440.0,3288.1,4029.2,14,1,4029.1,42,3,4029.0,66,3,4028.9,5,1,4028.8,3,2,4030.0,148,4,4030.1,36,3,4030.2,5,1,4030.7,132,2,4030.8,12,1
11483,2026-07-02 12:13:29+05:30,4030.0,1,4041.43,1082006,149873.0,157626.0,4100.0,4110.0,4012.0,4092.6,24652950,4501.8,3683.4,4440.0,3288.1,4029.2,14,1,4029.1,42,3,4029.0,66,3,4028.9,5,1,4028.8,3,2,4030.0,148,4,4030.1,36,3,4030.2,5,1,4030.7,132,2,4030.8,12,1
11483,2026-07-02 12:13:29+05:30,4030.0,1,4041.43,1082027,149943.0,157672.0,4100.0,4110.0,4012.0,4092.6,24652950,4501.8,3683.4,4440.0,3288.1,4029.2,14,3,4029.1,34,2,4029.0,57,2,4028.9,5,1,4028.8,3,2,4030.0,138,4,4030.1,36,3,4030.2,5,1,4030.7,132,2,4030.8,12,1
11483,2026-07-02 12:13:30+05:30,4029.2,3,4041.43,1082027,149943.0,157672.0,4100.0,4110.0,4012.0,4092.6,24652950,4501.8,3683.4,4440.0,3288.1,4029.2,14,3,4029.1,34,2,4029.0,57,2,4028.9,5,1,4028.8,3,2,4030.0,138,4,4030.1,36,3,4030.2,5,1,4030.7,132,2,4030.8,12,1
11483,2026-07-02 12:13:30+05:30,4029.2,3,4041.43,1082030,149990.0,157626.0,4100.0,4110.0,4012.0,4092.6,24652950,4501.8,3683.4,4440.0,3288.1,4029.6,20,1,4029.2,8,1,4029.1,34,2,4029.0,57,2,4028.9,5,1,4030.0,138,4,4030.1,36,3,4030.2,5,1,4030.7,132,2,4030.8,12,1
11483,2026-07-02 12:13:31+05:30,4029.7,1,4041.43,1082030,149990.0,157626.0,4100.0,4110.0,4012.0,4092.6,24652950,4501.8,3683.4,4440.0,3288.1,4029.6,20,1,4029.2,8,1,4029.1,34,2,4029.0,57,2,4028.9,5,1,4030.0,138,4,4030.1,36,3,4030.2,5,1,4030.7,132,2,4030.8,12,1
11483,2026-07-02 12:13:31+05:30,4029.7,1,4041.43,1082051,150022.0,157627.0,4100.0,4110.0,4012.0,4092.6,24652950,4501.8,3683.4,4440.0,3288.1,4029.7,2,2,4029.6,5,1,4029.2,17,2,4029.1,20,1,4029.0,57,2,4030.0,133,4,4030.1,36,3,4030.2,5,1,4030.7,132,2,4030.8,15,2
11483,2026-07-02 12:13:32+05:30,4030.0,1,4041.43,1082051,150022.0,157627.0,4100.0,4110.0,4012.0,4092.6,24652950,4501.8,3683.4,4440.0,3288.1,4029.7,2,2,4029.6,5,1,4029.2,17,2,4029.1,20,1,4029.0,57,2,4030.0,133,4,4030.1,36,3,4030.2,5,1,4030.7,132,2,4030.8,15,2
11483,2026-07-02 12:13:32+05:30,4030.0,1,4041.43,1082055,150030.0,157420.0,4100.0,4110.0,4012.0,4092.6,24652950,4501.8,3683.4,4440.0,3288.1,4029.8,1,1,4029.7,2,2,4029.6,5,1,4029.2,17,2,4029.1,20,1,4030.0,132,4,4030.1,36,3,4030.2,5,1,4030.7,132,2,4030.8,15,2
11483,2026-07-02 12:13:33+05:30,4030.0,1,4041.43,1082055,150030.0,157420.0,4100.0,4110.0,4012.0,4092.6,24652950,4501.8,3683.4,4440.0,3288.1,4029.8,1,1,4029.7,2,2,4029.6,5,1,4029.2,17,2,4029.1,20,1,4030.0,132,4,4030.1,36,3,4030.2,5,1,4030.7,132,2,4030.8,15,2
11483,2026-07-02 12:13:33+05:30,4030.0,1,4041.43,1082057,150028.0,157425.0,4100.0,4110.0,4012.0,4092.6,24652950,4501.8,3683.4,4440.0,3288.1,4029.8,1,1,4029.7,2,2,4029.6,5,1,4029.2,17,2,4029.1,20,1,4030.0,131,4,4030.1,36,3,4030.2,5,1,4030.7,132,2,4030.8,15,2
11483,2026-07-02 12:13:34+05:30,4029.9,8,4041.43,1082057,150028.0,157425.0,4100.0,4110.0,4012.0,4092.6,24652950,4501.8,3683.4,4440.0,3288.1,4029.8,1,1,4029.7,2,2,4029.6,5,1,4029.2,17,2,4029.1,20,1,4030.0,131,4,4030.1,36,3,4030.2,5,1,4030.7,132,2,4030.8,15,2
11483,2026-07-02 12:13:34+05:30,4029.9,8,4041.43,1082106,149836.0,157159.0,4100.0,4110.0,4012.0,4092.6,24652950,4501.8,3683.4,4440.0,3288.1,4029.9,2,1,4029.0,26,2,4028.9,13,2,4028.8,3,2,4028.7,42,4,4030.0,130,4,4030.1,36,3,4030.2,5,1,4030.7,132,2,4030.8,3,1
11483,2026-07-02 12:13:35+05:30,4030.0,12,4041.43,1082106,149836.0,157159.0,4100.0,4110.0,4012.0,4092.6,24652950,4501.8,3683.4,4440.0,3288.1,4029.9,2,1,4029.0,26,2,4028.9,13,2,4028.8,3,2,4028.7,42,4,4030.0,130,4,4030.1,36,3,4030.2,5,1,4030.7,132,2,4030.8,3,1
11483,2026-07-02 12:13:35+05:30,4030.0,12,4041.43,1082153,149657.0,157119.0,4100.0,4110.0,4012.0,4092.6,24652950,4501.8,3683.4,4440.0,3288.1,4029.9,2,1,4029.0,26,2,4028.9,13,2,4028.8,3,2,4028.7,42,4,4030.0,90,3,4030.1,36,3,4030.2,5,1,4030.7,132,2,4030.8,3,1
11483,2026-07-02 12:13:36+05:30,4029.9,1,4041.43,1082153,149657.0,157119.0,4100.0,4110.0,4012.0,4092.6,24652950,4501.8,3683.4,4440.0,3288.1,4029.9,2,1,4029.0,26,2,4028.9,13,2,4028.8,3,2,4028.7,42,4,4030.0,90,3,4030.1,36,3,4030.2,5,1,4030.7,132,2,4030.8,3,1
11483,2026-07-02 12:13:36+05:30,4029.9,1,4041.43,1082158,150093.0,157391.0,4100.0,4110.0,4012.0,4092.6,24652950,4501.8,3683.4,4440.0,3288.1,4028.9,32,3,4028.8,8,3,4028.7,7,1,4028.6,36,2,4028.5,74,4,4029.9,1,1,4030.0,91,4,4030.1,36,3,4030.2,5,1,4030.5,12,1
11483,2026-07-02 12:13:37+05:30,4029.9,1,4041.43,1082158,150093.0,157391.0,4100.0,4110.0,4012.0,4092.6,24652950,4501.8,3683.4,4440.0,3288.1,4028.9,32,3,4028.8,8,3,4028.7,7,1,4028.6,36,2,4028.5,74,4,4029.9,1,1,4030.0,91,4,4030.1,36,3,4030.2,5,1,4030.5,12,1
11483,2026-07-02 12:13:37+05:30,4029.9,1,4041.43,1082166,150023.0,156843.0,4100.0,4110.0,4012.0,4092.6,24652950,4501.8,3683.4,4440.0,3288.1,4029.9,1,1,4029.1,19,1,4029.0,15,1,4028.9,24,3,4028.8,8,3,4030.0,91,4,4030.1,36,3,4030.2,5,1,4030.7,137,3,4030.8,3,1
11483,2026-07-02 12:13:38+05:30,4028.9,4,4041.43,1082186,149643.0,157588.0,4100.0,4110.0,4012.0,4092.6,24652950,4501.8,3683.4,4440.0,3288.1,4028.8,3,2,4028.7,7,1,4028.6,11,1,4028.5,6,1,4028.3,22,2,4030.0,103,5,4030.1,44,4,4030.2,19,2,4030.3,38,1,4030.4,2,1
11483,2026-07-02 12:13:38+05:30,4028.8,1,4041.43,1082186,149643.0,157588.0,4100.0,4110.0,4012.0,4092.6,24652950,4501.8,3683.4,4440.0,3288.1,4028.8,3,2,4028.7,7,1,4028.6,11,1,4028.5,6,1,4028.3,22,2,4030.0,103,5,4030.1,44,4,4030.2,19,2,4030.3,38,1,4030.4,2,1
11483,2026-07-02 12:13:39+05:30,4030.0,2,4041.43,1082186,149643.0,157588.0,4100.0,4110.0,4012.0,4092.6,24652950,4501.8,3683.4,4440.0,3288.1,4028.8,3,2,4028.7,7,1,4028.6,11,1,4028.5,6,1,4028.3,22,2,4030.0,103,5,4030.1,44,4,4030.2,19,2,4030.3,38,1,4030.4,2,1
11483,2026-07-02 12:13:39+05:30,4030.0,2,4041.43,1082211,149648.0,157436.0,4100.0,4110.0,4012.0,4092.6,24652950,4501.8,3683.4,4440.0,3288.1,4028.8,24,4,4028.7,42,3,4028.6,35,2,4028.5,44,2,4028.4,33,2,4030.0,92,4,4030.1,36,3,4030.2,5,1,4030.3,20,1,4030.5,2,1
11483,2026-07-02 12:13:40+05:30,4030.0,1,4041.43,1082211,149648.0,157436.0,4100.0,4110.0,4012.0,4092.6,24652950,4501.8,3683.4,4440.0,3288.1,4028.8,24,4,4028.7,42,3,4028.6,35,2,4028.5,44,2,4028.4,33,2,4030.0,92,4,4030.1,36,3,4030.2,5,1,4030.3,20,1,4030.5,2,1
11483,2026-07-02 12:13:40+05:30,4030.0,1,4041.43,1082222,149609.0,157230.0,4100.0,4110.0,4012.0,4092.6,24652950,4501.8,3683.4,4440.0,3288.1,4029.9,15,1,4028.8,54,4,4028.7,58,3,4028.6,47,3,4028.5,6,1,4030.0,91,4,4030.1,36,3,4030.2,5,1,4030.3,20,1,4030.6,83,2
11483,2026-07-02 12:13:41+05:30,4030.0,5,4041.43,1082230,149593.0,157234.0,4100.0,4110.0,4012.0,4092.6,24652950,4501.8,3683.4,4440.0,3288.1,4029.9,13,1,4028.8,54,4,4028.7,58,3,4028.6,47,3,4028.5,6,1,4030.0,86,5,4030.1,36,3,4030.2,5,1,4030.3,20,1,4030.5,2,1
11483,2026-07-02 12:13:41+05:30,4029.9,1,4041.43,1082230,149593.0,157234.0,4100.0,4110.0,4012.0,4092.6,24652950,4501.8,3683.4,4440.0,3288.1,4029.9,13,1,4028.8,54,4,4028.7,58,3,4028.6,47,3,4028.5,6,1,4030.0,86,5,4030.1,36,3,4030.2,5,1,4030.3,20,1,4030.5,2,1
11483,2026-07-02 12:13:42+05:30,4030.0,2,4041.43,1082234,149674.0,157200.0,4100.0,4110.0,4012.0,4092.6,24652950,4501.8,3683.4,4440.0,3288.1,4029.9,12,2,4028.8,54,4,4028.7,58,3,4028.6,47,3,4028.5,9,2,4030.0,84,5,4030.1,36,3,4030.2,5,1,4030.5,2,1,4030.6,78,1
11483,2026-07-02 12:13:42+05:30,4029.9,1,4041.43,1082234,149674.0,157200.0,4100.0,4110.0,4012.0,4092.6,24652950,4501.8,3683.4,4440.0,3288.1,4029.9,12,2,4028.8,54,4,4028.7,58,3,4028.6,47,3,4028.5,9,2,4030.0,84,5,4030.1,36,3,4030.2,5,1,4030.5,2,1,4030.6,78,1
11483,2026-07-02 12:13:43+05:30,4030.0,2,4041.43,1082238,149666.0,157374.0,4100.0,4110.0,4012.0,4092.6,24652950,4501.8,3683.4,4440.0,3288.1,4029.9,10,2,4028.8,54,4,4028.7,58,3,4028.6,47,3,4028.5,9,2,4030.0,82,5,4030.1,36,3,4030.2,5,1,4030.3,15,1,4030.5,2,1
11483,2026-07-02 12:13:43+05:30,4030.0,1,4041.43,1082238,149666.0,157374.0,4100.0,4110.0,4012.0,4092.6,24652950,4501.8,3683.4,4440.0,3288.1,4029.9,10,2,4028.8,54,4,4028.7,58,3,4028.6,47,3,4028.5,9,2,4030.0,82,5,4030.1,36,3,4030.2,5,1,4030.3,15,1,4030.5,2,1
11483,2026-07-02 12:13:44+05:30,4029.9,1,4041.43,1082244,149604.0,157349.0,4100.0,4110.0,4012.0,4092.6,24652950,4501.8,3683.4,4440.0,3288.1,4029.9,5,2,4029.0,30,1,4028.9,230,1,4028.8,15,3,4028.7,10,2,4030.0,81,5,4030.1,36,3,4030.2,5,1,4030.3,15,1,4030.5,11,2
11483,2026-07-02 12:13:44+05:30,4029.9,1,4041.43,1082244,149604.0,157349.0,4100.0,4110.0,4012.0,4092.6,24652950,4501.8,3683.4,4440.0,3288.1,4029.9,5,2,4029.0,30,1,4028.9,230,1,4028.8,15,3,4028.7,10,2,4030.0,81,5,4030.1,36,3,4030.2,5,1,4030.3,15,1,4030.5,11,2
11483,2026-07-02 12:13:45+05:30,4030.0,1,4041.43,1082247,149570.0,157331.0,4100.0,4110.0,4012.0,4092.6,24652950,4501.8,3683.4,4440.0,3288.1,4029.9,3,2,4028.9,230,1,4028.8,15,3,4028.7,10,2,4028.6,47,3,4030.0,84,6,4030.1,39,4,4030.2,5,1,4030.3,15,1,4030.5,15,3
11483,2026-07-02 12:13:45+05:30,4029.9,1,4041.43,1082247,149570.0,157331.0,4100.0,4110.0,4012.0,4092.6,24652950,4501.8,3683.4,4440.0,3288.1,4029.9,3,2,4028.9,230,1,4028.8,15,3,4028.7,10,2,4028.6,47,3,4030.0,84,6,4030.1,39,4,4030.2,5,1,4030.3,15,1,4030.5,15,3
11483,2026-07-02 12:13:46+05:30,4030.0,52,4041.43,1082247,149570.0,157331.0,4100.0,4110.0,4012.0,4092.6,24652950,4501.8,3683.4,4440.0,3288.1,4029.9,3,2,4028.9,230,1,4028.8,15,3,4028.7,10,2,4028.6,47,3,4030.0,84,6,4030.1,39,4,4030.2,5,1,4030.3,15,1,4030.5,15,3
11483,2026-07-02 12:13:46+05:30,4030.0,52,4041.43,1082381,149850.0,157193.0,4100.0,4110.0,4012.0,4092.6,24652950,4501.8,3683.4,4440.0,3288.1,4029.9,2,2,4029.0,66,3,4028.9,231,2,4028.8,15,3,4028.7,44,5,4030.0,54,3,4030.1,36,3,4030.2,5,1,4030.3,15,1,4030.5,9,1
11483,2026-07-02 12:13:47+05:30,4029.0,1,4041.43,1082386,150039.0,157452.0,4100.0,4110.0,4012.0,4092.6,24652950,4501.8,3683.4,4440.0,3288.1,4029.0,71,4,4028.9,231,2,4028.8,3,1,4028.7,41,4,4028.6,35,2,4029.9,2,1,4030.0,54,3,4030.1,36,3,4030.2,5,1,4030.3,15,1
11483,2026-07-02 12:13:47+05:30,4029.0,1,4041.43,1082386,150039.0,157452.0,4100.0,4110.0,4012.0,4092.6,24652950,4501.8,3683.4,4440.0,3288.1,4029.0,71,4,4028.9,231,2,4028.8,3,1,4028.7,41,4,4028.6,35,2,4029.9,2,1,4030.0,54,3,4030.1,36,3,4030.2,5,1,4030.3,15,1
11483,2026-07-02 12:13:48+05:30,4030.0,29,4041.42,1082588,150342.0,156807.0,4100.0,4110.0,4012.0,4092.6,24652950,4501.8,3683.4,4440.0,3288.1,4029.0,69,4,4028.9,231,2,4028.8,3,1,4028.7,41,4,4028.6,35,2,4030.0,76,2,4030.1,36,3,4030.2,5,1,4030.3,15,1,4030.5,4,1
11483,2026-07-02 12:13:48+05:30,4029.0,17,4041.42,1082588,150342.0,156807.0,4100.0,4110.0,4012.0,4092.6,24652950,4501.8,3683.4,4440.0,3288.1,4029.0,69,4,4028.9,231,2,4028.8,3,1,4028.7,41,4,4028.6,35,2,4030.0,76,2,4030.1,36,3,4030.2,5,1,4030.3,15,1,4030.5,4,1
11483,2026-07-02 12:13:49+05:30,4029.0,1,4041.42,1082619,150288.0,156896.0,4100.0,4110.0,4012.0,4092.6,24652950,4501.8,3683.4,4440.0,3288.1,4029.0,16,2,4028.9,231,2,4028.8,3,1,4028.7,42,4,4028.6,43,3,4030.0,270,3,4030.1,36,3,4030.2,5,1,4030.3,15,1,4030.5,4,1
11483,2026-07-02 12:13:49+05:30,4029.0,4,4041.42,1082619,150288.0,156896.0,4100.0,4110.0,4012.0,4092.6,24652950,4501.8,3683.4,4440.0,3288.1,4029.0,16,2,4028.9,231,2,4028.8,3,1,4028.7,42,4,4028.6,43,3,4030.0,270,3,4030.1,36,3,4030.2,5,1,4030.3,15,1,4030.5,4,1
11483,2026-07-02 12:13:50+05:30,4029.0,4,4041.42,1082619,150288.0,156896.0,4100.0,4110.0,4012.0,4092.6,24652950,4501.8,3683.4,4440.0,3288.1,4029.0,16,2,4028.9,231,2,4028.8,3,1,4028.7,42,4,4028.6,43,3,4030.0,270,3,4030.1,36,3,4030.2,5,1,4030.3,15,1,4030.5,4,1
11483,2026-07-02 12:13:50+05:30,4029.0,1,4041.42,1082624,150135.0,156986.0,4100.0,4110.0,4012.0,4092.6,24652950,4501.8,3683.4,4440.0,3288.1,4029.0,11,2,4028.9,231,2,4028.8,3,1,4028.7,42,4,4028.6,35,2,4030.0,270,3,4030.1,36,3,4030.2,5,1,4030.3,15,1,4030.5,4,1
11483,2026-07-02 12:13:50+05:30,4029.0,1,4041.42,1082624,150135.0,156986.0,4100.0,4110.0,4012.0,4092.6,24652950,4501.8,3683.4,4440.0,3288.1,4029.0,11,2,4028.9,231,2,4028.8,3,1,4028.7,42,4,4028.6,35,2,4030.0,270,3,4030.1,36,3,4030.2,5,1,4030.3,15,1,4030.5,4,1
11483,2026-07-02 12:13:50+05:30,4029.0,1,4041.42,1082624,150135.0,156986.0,4100.0,4110.0,4012.0,4092.6,24652950,4501.8,3683.4,4440.0,3288.1,4029.0,11,2,4028.9,231,2,4028.8,3,1,4028.7,42,4,4028.6,35,2,4030.0,270,3,4030.1,36,3,4030.2,5,1,4030.3,15,1,4030.5,4,1
11483,2026-07-02 12:13:51+05:30,4029.0,1,4041.42,1082624,150135.0,156986.0,4100.0,4110.0,4012.0,4092.6,24652950,4501.8,3683.4,4440.0,3288.1,4029.0,11,2,4028.9,231,2,4028.8,3,1,4028.7,42,4,4028.6,35,2,4030.0,270,3,4030.1,36,3,4030.2,5,1,4030.3,15,1,4030.5,4,1
11483,2026-07-02 12:13:51+05:30,4029.0,1,4041.42,1082626,150078.0,156985.0,4100.0,4110.0,4012.0,4092.6,24652950,4501.8,3683.4,4440.0,3288.1,4029.0,9,2,4028.9,231,2,4028.8,3,1,4028.7,38,3,4028.6,35,2,4030.0,270,3,4030.1,36,3,4030.2,5,1,4030.3,15,1,4030.5,4,1
11483,2026-07-02 12:13:51+05:30,4029.0,1,4041.42,1082626,150078.0,156985.0,4100.0,4110.0,4012.0,4092.6,24652950,4501.8,3683.4,4440.0,3288.1,4029.0,9,2,4028.9,231,2,4028.8,3,1,4028.7,38,3,4028.6,35,2,4030.0,270,3,4030.1,36,3,4030.2,5,1,4030.3,15,1,4030.5,4,1
11483,2026-07-02 12:13:51+05:30,4029.0,1,4041.42,1082626,150078.0,156985.0,4100.0,4110.0,4012.0,4092.6,24652950,4501.8,3683.4,4440.0,3288.1,4029.0,9,2,4028.9,231,2,4028.8,3,1,4028.7,38,3,4028.6,35,2,4030.0,270,3,4030.1,36,3,4030.2,5,1,4030.3,15,1,4030.5,4,1
11483,2026-07-02 12:13:52+05:30,4029.0,1,4041.42,1082626,150078.0,156985.0,4100.0,4110.0,4012.0,4092.6,24652950,4501.8,3683.4,4440.0,3288.1,4029.0,9,2,4028.9,231,2,4028.8,3,1,4028.7,38,3,4028.6,35,2,4030.0,270,3,4030.1,36,3,4030.2,5,1,4030.3,15,1,4030.5,4,1
11483,2026-07-02 12:13:52+05:30,4029.5,2,4041.42,1082652,148834.0,157487.0,4100.0,4110.0,4012.0,4092.6,24652950,4501.8,3683.4,4440.0,3288.1,4028.9,216,1,4028.7,7,1,4028.6,11,1,4028.5,6,1,4028.2,78,1,4029.7,22,3,4029.8,26,5,4029.9,35,3,4030.0,302,7,4030.1,36,3
11483,2026-07-02 12:13:52+05:30,4029.7,5,4041.42,1082652,148834.0,157487.0,4100.0,4110.0,4012.0,4092.6,24652950,4501.8,3683.4,4440.0,3288.1,4028.9,216,1,4028.7,7,1,4028.6,11,1,4028.5,6,1,4028.2,78,1,4029.7,22,3,4029.8,26,5,4029.9,35,3,4030.0,302,7,4030.1,36,3
11483,2026-07-02 12:13:52+05:30,4029.7,5,4041.42,1082652,148834.0,157487.0,4100.0,4110.0,4012.0,4092.6,24652950,4501.8,3683.4,4440.0,3288.1,4028.9,216,1,4028.7,7,1,4028.6,11,1,4028.5,6,1,4028.2,78,1,4029.7,22,3,4029.8,26,5,4029.9,35,3,4030.0,302,7,4030.1,36,3
11483,2026-07-02 12:13:53+05:30,4029.7,5,4041.42,1082652,148834.0,157487.0,4100.0,4110.0,4012.0,4092.6,24652950,4501.8,3683.4,4440.0,3288.1,4028.9,216,1,4028.7,7,1,4028.6,11,1,4028.5,6,1,4028.2,78,1,4029.7,22,3,4029.8,26,5,4029.9,35,3,4030.0,302,7,4030.1,36,3
11483,2026-07-02 12:13:53+05:30,4028.9,1,4041.42,1082661,149181.0,157403.0,4100.0,4110.0,4012.0,4092.6,24652950,4501.8,3683.4,4440.0,3288.1,4028.9,212,1,4028.7,7,1,4028.6,11,1,4028.5,6,1,4028.2,78,1,4029.7,17,3,4029.8,18,4,4029.9,30,2,4030.0,293,6,4030.1,62,4
11483,2026-07-02 12:13:53+05:30,4028.9,1,4041.42,1082661,149181.0,157403.0,4100.0,4110.0,4012.0,4092.6,24652950,4501.8,3683.4,4440.0,3288.1,4028.9,212,1,4028.7,7,1,4028.6,11,1,4028.5,6,1,4028.2,78,1,4029.7,17,3,4029.8,18,4,4029.9,30,2,4030.0,293,6,4030.1,62,4
11483,2026-07-02 12:13:53+05:30,4028.9,1,4041.42,1082661,149181.0,157403.0,4100.0,4110.0,4012.0,4092.6,24652950,4501.8,3683.4,4440.0,3288.1,4028.9,212,1,4028.7,7,1,4028.6,11,1,4028.5,6,1,4028.2,78,1,4029.7,17,3,4029.8,18,4,4029.9,30,2,4030.0,293,6,4030.1,62,4
11483,2026-07-02 12:13:53+05:30,4028.9,1,4041.42,1082661,149181.0,157403.0,4100.0,4110.0,4012.0,4092.6,24652950,4501.8,3683.4,4440.0,3288.1,4028.9,212,1,4028.7,7,1,4028.6,11,1,4028.5,6,1,4028.2,78,1,4029.7,17,3,4029.8,18,4,4029.9,30,2,4030.0,293,6,4030.1,62,4
11483,2026-07-02 12:13:54+05:30,4028.9,1,4041.42,1082661,149181.0,157403.0,4100.0,4110.0,4012.0,4092.6,24727150,4501.8,3683.4,4440.0,3288.1,4028.9,212,1,4028.7,7,1,4028.6,11,1,4028.5,6,1,4028.2,78,1,4029.7,17,3,4029.8,18,4,4029.9,30,2,4030.0,293,6,4030.1,62,4
11483,2026-07-02 12:13:54+05:30,4029.7,1,4041.42,1082664,149627.0,157262.0,4100.0,4110.0,4012.0,4092.6,24727150,4501.8,3683.4,4440.0,3288.1,4028.9,210,1,4028.7,7,1,4028.6,17,2,4028.5,6,1,4028.3,30,2,4029.7,7,1,4029.8,22,5,4029.9,27,1,4030.0,270,3,4030.1,36,3
11483,2026-07-02 12:13:54+05:30,4029.7,1,4041.42,1082664,149627.0,157262.0,4100.0,4110.0,4012.0,4092.6,24727150,4501.8,3683.4,4440.0,3288.1,4028.9,210,1,4028.7,7,1,4028.6,17,2,4028.5,6,1,4028.3,30,2,4029.7,7,1,4029.8,22,5,4029.9,27,1,4030.0,270,3,4030.1,36,3
11483,2026-07-02 12:13:54+05:30,4029.7,1,4041.42,1082664,149627.0,157262.0,4100.0,4110.0,4012.0,4092.6,24727150,4501.8,3683.4,4440.0,3288.1,4028.9,210,1,4028.7,7,1,4028.6,17,2,4028.5,6,1,4028.3,30,2,4029.7,7,1,4029.8,22,5,4029.9,27,1,4030.0,270,3,4030.1,36,3
11483,2026-07-02 12:13:54+05:30,4029.7,1,4041.42,1082664,149627.0,157262.0,4100.0,4110.0,4012.0,4092.6,24727150,4501.8,3683.4,4440.0,3288.1,4028.9,210,1,4028.7,7,1,4028.6,17,2,4028.5,6,1,4028.3,30,2,4029.7,7,1,4029.8,22,5,4029.9,27,1,4030.0,270,3,4030.1,36,3
11483,2026-07-02 12:13:55+05:30,4029.7,1,4041.42,1082664,149627.0,157262.0,4100.0,4110.0,4012.0,4092.6,24727150,4501.8,3683.4,4440.0,3288.1,4028.9,210,1,4028.7,7,1,4028.6,17,2,4028.5,6,1,4028.3,30,2,4029.7,7,1,4029.8,22,5,4029.9,27,1,4030.0,270,3,4030.1,36,3
11483,2026-07-02 12:13:55+05:30,4028.9,1,4041.42,1082667,149251.0,157492.0,4100.0,4110.0,4012.0,4092.6,24727150,4501.8,3683.4,4440.0,3288.1,4028.9,208,1,4028.7,7,1,4028.6,11,1,4028.5,6,1,4028.2,78,1,4029.6,17,3,4029.7,16,2,4029.8,18,4,4029.9,44,3,4030.0,311,8
11483,2026-07-02 12:13:55+05:30,4028.9,1,4041.42,1082667,149251.0,157492.0,4100.0,4110.0,4012.0,4092.6,24727150,4501.8,3683.4,4440.0,3288.1,4028.9,208,1,4028.7,7,1,4028.6,11,1,4028.5,6,1,4028.2,78,1,4029.6,17,3,4029.7,16,2,4029.8,18,4,4029.9,44,3,4030.0,311,8
11483,2026-07-02 12:13:55+05:30,4029.6,1,4041.42,1082667,149251.0,157492.0,4100.0,4110.0,4012.0,4092.6,24727150,4501.8,3683.4,4440.0,3288.1,4028.9,208,1,4028.7,7,1,4028.6,11,1,4028.5,6,1,4028.2,78,1,4029.6,17,3,4029.7,16,2,4029.8,18,4,4029.9,44,3,4030.0,311,8
11483,2026-07-02 12:13:55+05:30,4029.6,1,4041.42,1082667,149251.0,157492.0,4100.0,4110.0,4012.0,4092.6,24727150,4501.8,3683.4,4440.0,3288.1,4028.9,208,1,4028.7,7,1,4028.6,11,1,4028.5,6,1,4028.2,78,1,4029.6,17,3,4029.7,16,2,4029.8,18,4,4029.9,44,3,4030.0,311,8
11483,2026-07-02 12:13:56+05:30,4029.6,1,4041.42,1082667,149251.0,157492.0,4100.0,4110.0,4012.0,4092.6,24727150,4501.8,3683.4,4440.0,3288.1,4028.9,208,1,4028.7,7,1,4028.6,11,1,4028.5,6,1,4028.2,78,1,4029.6,17,3,4029.7,16,2,4029.8,18,4,4029.9,44,3,4030.0,311,8
11483,2026-07-02 12:13:56+05:30,4029.5,1,4041.42,1082670,149365.0,157394.0,4100.0,4110.0,4012.0,4092.6,24727150,4501.8,3683.4,4440.0,3288.1,4028.9,207,1,4028.7,7,1,4028.6,11,1,4028.5,6,1,4028.2,78,1,4029.6,16,3,4029.7,16,2,4029.8,18,4,4029.9,44,3,4030.0,290,6
11483,2026-07-02 12:13:56+05:30,4028.9,1,4041.42,1082670,149365.0,157394.0,4100.0,4110.0,4012.0,4092.6,24727150,4501.8,3683.4,4440.0,3288.1,4028.9,207,1,4028.7,7,1,4028.6,11,1,4028.5,6,1,4028.2,78,1,4029.6,16,3,4029.7,16,2,4029.8,18,4,4029.9,44,3,4030.0,290,6
11483,2026-07-02 12:13:57+05:30,4029.6,1,4041.42,1082672,149461.0,157356.0,4100.0,4110.0,4012.0,4092.6,24727150,4501.8,3683.4,4440.0,3288.1,4029.2,1,1,4028.9,206,1,4028.7,7,1,4028.6,11,1,4028.5,6,1,4029.6,15,3,4029.7,11,1,4029.8,18,4,4029.9,44,3,4030.0,290,6
11483,2026-07-02 12:13:57+05:30,4029.6,1,4041.42,1082672,149461.0,157356.0,4100.0,4110.0,4012.0,4092.6,24727150,4501.8,3683.4,4440.0,3288.1,4029.2,1,1,4028.9,206,1,4028.7,7,1,4028.6,11,1,4028.5,6,1,4029.6,15,3,4029.7,11,1,4029.8,18,4,4029.9,44,3,4030.0,290,6
11483,2026-07-02 12:13:58+05:30,4029.6,1,4041.42,1082674,149461.0,157334.0,4100.0,4110.0,4012.0,4092.6,24727150,4501.8,3683.4,4440.0,3288.1,4029.2,1,1,4029.0,5,1,4028.9,206,1,4028.7,7,1,4028.6,11,1,4029.6,13,3,4029.7,11,1,4029.8,18,4,4029.9,44,3,4030.0,286,5
11483,2026-07-02 12:13:58+05:30,4029.6,1,4041.42,1082674,149461.0,157334.0,4100.0,4110.0,4012.0,4092.6,24727150,4501.8,3683.4,4440.0,3288.1,4029.2,1,1,4029.0,5,1,4028.9,206,1,4028.7,7,1,4028.6,11,1,4029.6,13,3,4029.7,11,1,4029.8,18,4,4029.9,44,3,4030.0,286,5
11483,2026-07-02 12:13:59+05:30,4028.9,49,4041.42,1082741,149422.0,157319.0,4100.0,4110.0,4012.0,4092.6,24727150,4501.8,3683.4,4440.0,3288.1,4028.9,157,1,4028.7,7,1,4028.6,11,1,4028.5,6,1,4028.2,78,1,4029.7,24,4,4029.8,21,4,4029.9,27,1,4030.0,271,4,4030.1,62,4
11483,2026-07-02 12:13:59+05:30,4029.6,2,4041.42,1082741,149422.0,157319.0,4100.0,4110.0,4012.0,4092.6,24727150,4501.8,3683.4,4440.0,3288.1,4028.9,157,1,4028.7,7,1,4028.6,11,1,4028.5,6,1,4028.2,78,1,4029.7,24,4,4029.8,21,4,4029.9,27,1,4030.0,271,4,4030.1,62,4
11483,2026-07-02 12:14:00+05:30,4029.6,1,4041.42,1082753,149511.0,157362.0,4100.0,4110.0,4012.0,4092.6,24727150,4501.8,3683.4,4440.0,3288.1,4028.9,149,1,4028.7,7,1,4028.6,11,1,4028.5,6,1,4028.2,78,1,4029.6,20,4,4029.7,13,2,4029.8,21,4,4029.9,31,2,4030.0,276,5
11483,2026-07-02 12:14:00+05:30,4028.9,1,4041.42,1082753,149511.0,157362.0,4100.0,4110.0,4012.0,4092.6,24727150,4501.8,3683.4,4440.0,3288.1,4028.9,149,1,4028.7,7,1,4028.6,11,1,4028.5,6,1,4028.2,78,1,4029.6,20,4,4029.7,13,2,4029.8,21,4,4029.9,31,2,4030.0,276,5
11483,2026-07-02 12:14:01+05:30,4029.4,1,4041.42,1082756,149361.0,157386.0,4100.0,4110.0,4012.0,4092.6,24727150,4501.8,3683.4,4440.0,3288.1,4029.4,1,1,4028.9,148,1,4028.7,7,1,4028.6,11,1,4028.5,6,1,4029.6,11,3,4029.7,10,1,4029.8,21,4,4029.9,31,2,4030.0,287,6
11483,2026-07-02 12:14:01+05:30,4029.4,1,4041.42,1082756,149361.0,157386.0,4100.0,4110.0,4012.0,4092.6,24727150,4501.8,3683.4,4440.0,3288.1,4029.4,1,1,4028.9,148,1,4028.7,7,1,4028.6,11,1,4028.5,6,1,4029.6,11,3,4029.7,10,1,4029.8,21,4,4029.9,31,2,4030.0,287,6
11483,2026-07-02 12:14:02+05:30,4029.8,7,4041.42,1082788,149363.0,157260.0,4100.0,4110.0,4012.0,4092.6,24727150,4501.8,3683.4,4440.0,3288.1,4029.5,1,1,4029.4,1,1,4028.9,148,1,4028.7,7,1,4028.6,11,1,4029.7,12,3,4029.8,11,3,4029.9,27,1,4030.0,337,7,4030.1,67,5
11483,2026-07-02 12:14:02+05:30,4029.5,1,4041.42,1082788,149363.0,157260.0,4100.0,4110.0,4012.0,4092.6,24727150,4501.8,3683.4,4440.0,3288.1,4029.5,1,1,4029.4,1,1,4028.9,148,1,4028.7,7,1,4028.6,11,1,4029.7,12,3,4029.8,11,3,4029.9,27,1,4030.0,337,7,4030.1,67,5
11483,2026-07-02 12:14:03+05:30,4029.5,1,4041.42,1082791,149413.0,157260.0,4100.0,4110.0,4012.0,4092.6,24727150,4501.8,3683.4,4440.0,3288.1,4029.4,1,1,4028.9,153,2,4028.7,7,1,4028.6,11,1,4028.5,6,1,4029.5,1,1,4029.7,12,3,4029.8,11,3,4029.9,27,1,4030.0,337,7
11483,2026-07-02 12:14:03+05:30,4029.5,1,4041.42,1082791,149413.0,157260.0,4100.0,4110.0,4012.0,4092.6,24727150,4501.8,3683.4,4440.0,3288.1,4029.4,1,1,4028.9,153,2,4028.7,7,1,4028.6,11,1,4028.5,6,1,4029.5,1,1,4029.7,12,3,4029.8,11,3,4029.9,27,1,4030.0,337,7
11483,2026-07-02 12:14:03+05:30,4029.8,3,4041.42,1082796,149411.0,157295.0,4100.0,4110.0,4012.0,4092.6,24727150,4501.8,3683.4,4440.0,3288.1,4029.4,1,1,4028.9,153,2,4028.7,7,1,4028.6,11,1,4028.5,6,1,4029.8,16,5,4030.0,337,7,4030.1,41,4,4030.2,40,5,4030.3,23,2
11483,2026-07-02 12:14:04+05:30,4028.5,6,4041.42,1082796,149411.0,157295.0,4100.0,4110.0,4012.0,4092.6,24727150,4501.8,3683.4,4440.0,3288.1,4029.4,1,1,4028.9,153,2,4028.7,7,1,4028.6,11,1,4028.5,6,1,4029.8,16,5,4030.0,337,7,4030.1,41,4,4030.2,40,5,4030.3,23,2
11483,2026-07-02 12:14:05+05:30,4029.3,5,4041.42,1083005,147891.0,157860.0,4100.0,4110.0,4012.0,4092.6,24727150,4501.8,3683.4,4440.0,3288.1,4028.2,78,1,4028.1,10,1,4028.0,597,8,4027.9,21,2,4027.7,7,1,4029.3,5,2,4029.4,18,2,4029.5,2,1,4029.6,7,2,4029.7,67,3
11483,2026-07-02 12:14:05+05:30,4029.3,1,4041.42,1083005,147891.0,157860.0,4100.0,4110.0,4012.0,4092.6,24727150,4501.8,3683.4,4440.0,3288.1,4028.2,78,1,4028.1,10,1,4028.0,597,8,4027.9,21,2,4027.7,7,1,4029.3,5,2,4029.4,18,2,4029.5,2,1,4029.6,7,2,4029.7,67,3
11483,2026-07-02 12:14:05+05:30,4029.3,1,4041.42,1083031,147954.0,157867.0,4100.0,4110.0,4012.0,4092.6,24727150,4501.8,3683.4,4440.0,3288.1,4028.2,53,1,4028.1,10,1,4028.0,597,8,4027.9,1,1,4027.7,7,1,4029.4,28,4,4029.6,3,1,4029.7,75,4,4029.8,2,2,4029.9,64,3
11483,2026-07-02 12:14:06+05:30,4029.4,1,4041.42,1083031,147954.0,157867.0,4100.0,4110.0,4012.0,4092.6,24727150,4501.8,3683.4,4440.0,3288.1,4028.2,53,1,4028.1,10,1,4028.0,597,8,4027.9,1,1,4027.7,7,1,4029.4,28,4,4029.6,3,1,4029.7,75,4,4029.8,2,2,4029.9,64,3
11483,2026-07-02 12:14:06+05:30,4029.4,1,4041.42,1083043,147945.0,157882.0,4100.0,4110.0,4012.0,4092.6,24727150,4501.8,3683.4,4440.0,3288.1,4028.2,50,1,4028.1,10,1,4028.0,597,8,4027.9,1,1,4027.7,7,1,4029.4,19,4,4029.5,20,1,4029.6,3,1,4029.7,75,4,4029.8,28,3
11483,2026-07-02 12:14:07+05:30,4029.4,1,4041.42,1083043,147945.0,157882.0,4100.0,4110.0,4012.0,4092.6,24727150,4501.8,3683.4,4440.0,3288.1,4028.2,50,1,4028.1,10,1,4028.0,597,8,4027.9,1,1,4027.7,7,1,4029.4,19,4,4029.5,20,1,4029.6,3,1,4029.7,75,4,4029.8,28,3
11483,2026-07-02 12:14:07+05:30,4029.4,5,4041.42,1083051,147950.0,157868.0,4100.0,4110.0,4012.0,4092.6,24727150,4501.8,3683.4,4440.0,3288.1,4028.2,48,1,4028.1,10,1,4028.0,598,9,4027.9,9,2,4027.7,35,2,4029.4,13,4,4029.5,20,1,4029.6,3,1,4029.7,67,3,4029.8,28,3
11483,2026-07-02 12:14:08+05:30,4029.5,1,4041.42,1083051,147950.0,157868.0,4100.0,4110.0,4012.0,4092.6,24727150,4501.8,3683.4,4440.0,3288.1,4028.2,48,1,4028.1,10,1,4028.0,598,9,4027.9,9,2,4027.7,35,2,4029.4,13,4,4029.5,20,1,4029.6,3,1,4029.7,67,3,4029.8,28,3
11483,2026-07-02 12:14:08+05:30,4029.5,1,4041.42,1083103,148153.0,157585.0,4100.0,4110.0,4012.0,4092.6,24727150,4501.8,3683.4,4440.0,3288.1,4029.0,10,1,4028.3,14,1,4028.2,47,1,4028.1,10,1,4028.0,598,9,4029.5,6,1,4029.7,23,2,4029.8,28,3,4029.9,17,2,4030.0,340,7
11483,2026-07-02 12:14:09+05:30,4029.5,1,4041.42,1083103,148153.0,157585.0,4100.0,4110.0,4012.0,4092.6,24727150,4501.8,3683.4,4440.0,3288.1,4029.0,10,1,4028.3,14,1,4028.2,47,1,4028.1,10,1,4028.0,598,9,4029.5,6,1,4029.7,23,2,4029.8,28,3,4029.9,17,2,4030.0,340,7
11483,2026-07-02 12:14:09+05:30,4029.5,3,4041.42,1083115,148233.0,157574.0,4100.0,4110.0,4012.0,4092.6,24727150,4501.8,3683.4,4440.0,3288.1,4029.0,4,1,4028.3,14,1,4028.2,47,1,4028.1,10,1,4028.0,611,10,4029.7,39,4,4029.8,28,3,4029.9,17,2,4030.0,340,7,4030.1,21,3
11483,2026-07-02 12:14:10+05:30,4029.6,1,4041.42,1083115,148233.0,157574.0,4100.0,4110.0,4012.0,4092.6,24727150,4501.8,3683.4,4440.0,3288.1,4029.0,4,1,4028.3,14,1,4028.2,47,1,4028.1,10,1,4028.0,611,10,4029.7,39,4,4029.8,28,3,4029.9,17,2,4030.0,340,7,4030.1,21,3
11483,2026-07-02 12:14:10+05:30,4029.6,1,4041.42,1083119,148149.0,157675.0,4100.0,4110.0,4012.0,4092.6,24727150,4501.8,3683.4,4440.0,3288.1,4029.0,2,1,4028.3,14,1,4028.2,47,1,4028.1,10,1,4028.0,611,10,4029.6,12,4,4029.7,32,3,4029.8,28,3,4029.9,17,2,4030.0,340,7
11483,2026-07-02 12:14:11+05:30,4028.2,1,4041.42,1083119,148149.0,157675.0,4100.0,4110.0,4012.0,4092.6,24727150,4501.8,3683.4,4440.0,3288.1,4029.0,2,1,4028.3,14,1,4028.2,47,1,4028.1,10,1,4028.0,611,10,4029.6,12,4,4029.7,32,3,4029.8,28,3,4029.9,17,2,4030.0,340,7
11483,2026-07-02 12:14:11+05:30,4028.2,1,4041.42,1083171,147886.0,158051.0,4100.0,4110.0,4012.0,4092.6,24727150,4501.8,3683.4,4440.0,3288.1,4028.2,46,1,4028.1,10,1,4028.0,598,9,4027.9,1,1,4027.8,6,1,4029.0,1,1,4029.5,18,3,4029.6,2,2,4029.7,77,5,4029.8,28,3
11483,2026-07-02 12:14:12+05:30,4029.6,79,4041.42,1083171,147886.0,158051.0,4100.0,4110.0,4012.0,4092.6,24727150,4501.8,3683.4,4440.0,3288.1,4028.2,46,1,4028.1,10,1,4028.0,598,9,4027.9,1,1,4027.8,6,1,4029.0,1,1,4029.5,18,3,4029.6,2,2,4029.7,77,5,4029.8,28,3
11483,2026-07-02 12:14:12+05:30,4029.6,79,4041.42,1083277,147822.0,157509.0,4100.0,4110.0,4012.0,4092.6,24727150,4501.8,3683.4,4440.0,3288.1,4028.6,1,1,4028.3,9,1,4028.2,40,1,4028.1,10,1,4028.0,609,11,4029.6,1,1,4029.7,15,3,4029.8,28,3,4029.9,18,2,4030.0,302,7
11483,2026-07-02 12:14:13+05:30,4028.2,1,4041.42,1083277,147822.0,157509.0,4100.0,4110.0,4012.0,4092.6,24727150,4501.8,3683.4,4440.0,3288.1,4028.6,1,1,4028.3,9,1,4028.2,40,1,4028.1,10,1,4028.0,609,11,4029.6,1,1,4029.7,15,3,4029.8,28,3,4029.9,18,2,4030.0,302,7
11483,2026-07-02 12:14:13+05:30,4028.2,1,4041.42,1083282,147705.0,158035.0,4100.0,4110.0,4012.0,4092.6,24727150,4501.8,3683.4,4440.0,3288.1,4028.2,39,1,4028.1,10,1,4028.0,601,10,4027.9,1,1,4027.8,28,1,4028.6,2,1,4029.5,52,2,4029.6,88,3,4029.7,103,4,4029.8,97,5
11483,2026-07-02 12:14:14+05:30,4028.2,1,4041.42,1083282,147705.0,158035.0,4100.0,4110.0,4012.0,4092.6,24727150,4501.8,3683.4,4440.0,3288.1,4028.2,39,1,4028.1,10,1,4028.0,601,10,4027.9,1,1,4027.8,28,1,4028.6,2,1,4029.5,52,2,4029.6,88,3,4029.7,103,4,4029.8,97,5
11483,2026-07-02 12:14:14+05:30,4028.2,1,4041.42,1083288,147652.0,158595.0,4100.0,4110.0,4012.0,4092.6,24727150,4501.8,3683.4,4440.0,3288.1,4028.2,33,1,4028.1,10,1,4028.0,601,10,4027.9,1,1,4027.7,7,1,4028.5,42,1,4028.6,44,2,4028.7,46,2,4028.9,42,1,4029.0,15,2
11483,2026-07-02 12:14:15+05:30,4028.3,1,4041.42,1083288,147652.0,158595.0,4100.0,4110.0,4012.0,4092.6,24727150,4501.8,3683.4,4440.0,3288.1,4028.2,33,1,4028.1,10,1,4028.0,601,10,4027.9,1,1,4027.7,7,1,4028.5,42,1,4028.6,44,2,4028.7,46,2,4028.9,42,1,4029.0,15,2
11483,2026-07-02 12:14:15+05:30,4028.3,1,4041.42,1083349,146987.0,159184.0,4100.0,4110.0,4012.0,4092.6,24727150,4501.8,3683.4,4440.0,3288.1,4028.0,591,10,4027.9,1,1,4027.7,7,1,4027.3,62,1,4027.1,127,2,4028.3,13,3,4028.4,123,2,4028.5,42,1,4028.6,50,3,4028.7,4,1
11483,2026-07-02 12:14:16+05:30,4028.1,1,4041.42,1083349,146987.0,159184.0,4100.0,4110.0,4012.0,4092.6,24727150,4501.8,3683.4,4440.0,3288.1,4028.0,591,10,4027.9,1,1,4027.7,7,1,4027.3,62,1,4027.1,127,2,4028.3,13,3,4028.4,123,2,4028.5,42,1,4028.6,50,3,4028.7,4,1
11483,2026-07-02 12:14:16+05:30,4028.1,1,4041.42,1083361,147479.0,158652.0,4100.0,4110.0,4012.0,4092.6,24727150,4501.8,3683.4,4440.0,3288.1,4028.1,31,1,4028.0,583,10,4027.9,1,1,4027.7,7,1,4027.3,62,1,4028.3,55,4,4028.4,42,1,4028.5,42,1,4028.6,8,2,4028.7,46,2
11483,2026-07-02 12:14:17+05:30,4028.1,1,4041.42,1083361,147479.0,158652.0,4100.0,4110.0,4012.0,4092.6,24727150,4501.8,3683.4,4440.0,3288.1,4028.1,31,1,4028.0,583,10,4027.9,1,1,4027.7,7,1,4027.3,62,1,4028.3,55,4,4028.4,42,1,4028.5,42,1,4028.6,8,2,4028.7,46,2
11483,2026-07-02 12:14:17+05:30,4028.1,1,4041.42,1083364,147503.0,158637.0,4100.0,4110.0,4012.0,4092.6,24727150,4501.8,3683.4,4440.0,3288.1,4028.1,29,1,4028.0,583,10,4027.9,1,1,4027.7,7,1,4027.3,62,1,4028.3,55,4,4028.4,42,1,4028.5,42,1,4028.6,8,2,4028.7,46,2
11483,2026-07-02 12:14:18+05:30,4028.1,1,4041.42,1083364,147503.0,158637.0,4100.0,4110.0,4012.0,4092.6,24727150,4501.8,3683.4,4440.0,3288.1,4028.1,29,1,4028.0,583,10,4027.9,1,1,4027.7,7,1,4027.3,62,1,4028.3,55,4,4028.4,42,1,4028.5,42,1,4028.6,8,2,4028.7,46,2
11483,2026-07-02 12:14:18+05:30,4028.1,1,4041.42,1083366,147601.0,158781.0,4100.0,4110.0,4012.0,4092.6,24727150,4501.8,3683.4,4440.0,3288.1,4028.1,27,1,4028.0,583,10,4027.9,1,1,4027.7,7,1,4027.3,62,1,4028.3,55,4,4028.4,42,1,4028.5,42,1,4028.6,8,2,4028.7,46,2
11483,2026-07-02 12:14:19+05:30,4028.1,1,4041.42,1083366,147601.0,158781.0,4100.0,4110.0,4012.0,4092.6,24727150,4501.8,3683.4,4440.0,3288.1,4028.1,27,1,4028.0,583,10,4027.9,1,1,4027.7,7,1,4027.3,62,1,4028.3,55,4,4028.4,42,1,4028.5,42,1,4028.6,8,2,4028.7,46,2
11483,2026-07-02 12:14:20+05:30,4028.3,4,4041.42,1083399,147617.0,158566.0,4100.0,4110.0,4012.0,4092.6,24727150,4501.8,3683.4,4440.0,3288.1,4028.1,26,1,4028.0,583,10,4027.9,1,1,4027.7,7,1,4027.3,62,1,4028.3,23,1,4028.4,46,2,4028.5,42,1,4028.6,8,2,4028.7,46,2
11483,2026-07-02 12:14:20+05:30,4028.1,4,4041.42,1083399,147617.0,158566.0,4100.0,4110.0,4012.0,4092.6,24727150,4501.8,3683.4,4440.0,3288.1,4028.1,26,1,4028.0,583,10,4027.9,1,1,4027.7,7,1,4027.3,62,1,4028.3,23,1,4028.4,46,2,4028.5,42,1,4028.6,8,2,4028.7,46,2
11483,2026-07-02 12:14:21+05:30,4028.3,20,4041.41,1083425,147580.0,158860.0,4100.0,4110.0,4012.0,4092.6,24727150,4501.8,3683.4,4440.0,3288.1,4028.0,583,10,4027.9,1,1,4027.7,7,1,4027.3,62,1,4027.2,3,1,4028.3,13,4,4028.4,42,1,4028.5,42,1,4028.6,8,2,4028.7,46,2
11483,2026-07-02 12:14:21+05:30,4028.0,1,4041.41,1083425,147580.0,158860.0,4100.0,4110.0,4012.0,4092.6,24727150,4501.8,3683.4,4440.0,3288.1,4028.0,583,10,4027.9,1,1,4027.7,7,1,4027.3,62,1,4027.2,3,1,4028.3,13,4,4028.4,42,1,4028.5,42,1,4028.6,8,2,4028.7,46,2
11483,2026-07-02 12:14:22+05:30,4028.1,1,4041.41,1083431,147578.0,158921.0,4100.0,4110.0,4012.0,4092.6,24727150,4501.8,3683.4,4440.0,3288.1,4028.1,1,1,4028.0,579,10,4027.9,1,1,4027.7,7,1,4027.3,62,1,4028.2,37,1,4028.3,17,6,4028.4,42,1,4028.5,42,1,4028.6,8,2
11483,2026-07-02 12:14:22+05:30,4028.1,1,4041.41,1083431,147578.0,158921.0,4100.0,4110.0,4012.0,4092.6,24727150,4501.8,3683.4,4440.0,3288.1,4028.1,1,1,4028.0,579,10,4027.9,1,1,4027.7,7,1,4027.3,62,1,4028.2,37,1,4028.3,17,6,4028.4,42,1,4028.5,42,1,4028.6,8,2
11483,2026-07-02 12:14:23+05:30,4028.1,1,4041.41,1083432,147577.0,159008.0,4100.0,4110.0,4012.0,4092.6,24727150,4501.8,3683.4,4440.0,3288.1,4028.0,579,10,4027.9,1,1,4027.7,7,1,4027.3,62,1,4027.1,164,3,4028.2,37,1,4028.3,17,6,4028.4,42,1,4028.5,42,1,4028.6,8,2
11483,2026-07-02 12:14:23+05:30,4028.0,1,4041.41,1083432,147577.0,159008.0,4100.0,4110.0,4012.0,4092.6,24727150,4501.8,3683.4,4440.0,3288.1,4028.0,579,10,4027.9,1,1,4027.7,7,1,4027.3,62,1,4027.1,164,3,4028.2,37,1,4028.3,17,6,4028.4,42,1,4028.5,42,1,4028.6,8,2
11483,2026-07-02 12:14:24+05:30,4028.0,1,4041.41,1083449,147579.0,159005.0,4100.0,4110.0,4012.0,4092.6,24727150,4501.8,3683.4,4440.0,3288.1,4028.0,580,11,4027.9,1,1,4027.7,7,1,4027.3,62,1,4027.1,164,3,4028.2,35,1,4028.3,13,4,4028.4,42,1,4028.5,42,1,4028.6,8,2
11483,2026-07-02 12:14:24+05:30,4028.2,1,4041.41,1083449,147579.0,159005.0,4100.0,4110.0,4012.0,4092.6,24727150,4501.8,3683.4,4440.0,3288.1,4028.0,580,11,4027.9,1,1,4027.7,7,1,4027.3,62,1,4027.1,164,3,4028.2,35,1,4028.3,13,4,4028.4,42,1,4028.5,42,1,4028.6,8,2
11483,2026-07-02 12:14:25+05:30,4028.2,1,4041.41,1083488,146984.0,159291.0,4100.0,4110.0,4012.0,4092.6,24727150,4501.8,3683.4,4440.0,3288.1,4028.0,543,11,4027.9,1,1,4027.7,7,1,4027.3,62,1,4027.1,124,1,4028.1,45,4,4028.2,215,2,4028.3,47,3,4028.4,221,3,4028.6,55,4
11483,2026-07-02 12:14:25+05:30,4028.1,1,4041.41,1083488,146984.0,159291.0,4100.0,4110.0,4012.0,4092.6,24727150,4501.8,3683.4,4440.0,3288.1,4028.0,543,11,4027.9,1,1,4027.7,7,1,4027.3,62,1,4027.1,124,1,4028.1,45,4,4028.2,215,2,4028.3,47,3,4028.4,221,3,4028.6,55,4
11483,2026-07-02 12:14:26+05:30,4028.1,1,4041.41,1083505,147046.0,159517.0,4100.0,4110.0,4012.0,4092.6,24727150,4501.8,3683.4,4440.0,3288.1,4028.0,538,11,4027.9,1,1,4027.7,7,1,4027.3,62,1,4027.1,124,1,4028.1,32,3,4028.2,215,2,4028.3,47,3,4028.4,221,3,4028.5,2,1
11483,2026-07-02 12:14:26+05:30,4028.0,2,4041.41,1083505,147046.0,159517.0,4100.0,4110.0,4012.0,4092.6,24727150,4501.8,3683.4,4440.0,3288.1,4028.0,538,11,4027.9,1,1,4027.7,7,1,4027.3,62,1,4027.1,124,1,4028.1,32,3,4028.2,215,2,4028.3,47,3,4028.4,221,3,4028.5,2,1
11483,2026-07-02 12:14:27+05:30,4028.1,2,4041.41,1083511,147047.0,159504.0,4100.0,4110.0,4012.0,4092.6,24727150,4501.8,3683.4,4440.0,3288.1,4028.0,534,11,4027.9,1,1,4027.7,7,1,4027.3,62,1,4027.1,124,1,4028.1,31,4,4028.2,215,2,4028.3,46,2,4028.4,221,3,4028.6,50,3
11483,2026-07-02 12:14:27+05:30,4027.2,1,4041.41,1083511,147047.0,159504.0,4100.0,4110.0,4012.0,4092.6,24727150,4501.8,3683.4,4440.0,3288.1,4028.0,534,11,4027.9,1,1,4027.7,7,1,4027.3,62,1,4027.1,124,1,4028.1,31,4,4028.2,215,2,4028.3,46,2,4028.4,221,3,4028.6,50,3
11483,2026-07-02 12:14:28+05:30,4026.9,1,4041.4,1084402,144699.0,160223.0,4100.0,4110.0,4012.0,4092.6,24727150,4501.8,3683.4,4440.0,3288.1,4026.5,4,2,4026.3,58,2,4026.0,218,6,4025.6,12,1,4025.4,14,1,4026.9,18,1,4027.1,47,2,4027.2,66,6,4027.4,54,2,4027.5,28,3
11483,2026-07-02 12:14:28+05:30,4026.5,1,4041.4,1084402,144699.0,160223.0,4100.0,4110.0,4012.0,4092.6,24727150,4501.8,3683.4,4440.0,3288.1,4026.5,4,2,4026.3,58,2,4026.0,218,6,4025.6,12,1,4025.4,14,1,4026.9,18,1,4027.1,47,2,4027.2,66,6,4027.4,54,2,4027.5,28,3
11483,2026-07-02 12:14:29+05:30,4026.5,1,4041.4,1084420,144610.0,160265.0,4100.0,4110.0,4012.0,4092.6,24727150,4501.8,3683.4,4440.0,3288.1,4026.3,53,1,4026.0,218,6,4025.3,18,2,4025.2,25,1,4025.1,51,3,4026.5,27,5,4026.9,18,4,4027.1,33,2,4027.2,29,6,4027.3,8,1
11483,2026-07-02 12:14:29+05:30,4026.3,2,4041.4,1084420,144610.0,160265.0,4100.0,4110.0,4012.0,4092.6,24727150,4501.8,3683.4,4440.0,3288.1,4026.3,53,1,4026.0,218,6,4025.3,18,2,4025.2,25,1,4025.1,51,3,4026.5,27,5,4026.9,18,4,4027.1,33,2,4027.2,29,6,4027.3,8,1
11483,2026-07-02 12:14:30+05:30,4026.5,1,4041.4,1084424,144705.0,158570.0,4100.0,4110.0,4012.0,4092.6,24727150,4501.8,3683.4,4440.0,3288.1,4026.3,51,1,4026.0,218,6,4025.5,28,1,4025.4,22,2,4025.3,18,2,4026.5,10,3,4026.9,1,1,4027.4,2,1,4027.5,17,1,4027.6,47,1
11483,2026-07-02 12:14:30+05:30,4026.5,1,4041.4,1084424,144705.0,158570.0,4100.0,4110.0,4012.0,4092.6,24727150,4501.8,3683.4,4440.0,3288.1,4026.3,51,1,4026.0,218,6,4025.5,28,1,4025.4,22,2,4025.3,18,2,4026.5,10,3,4026.9,1,1,4027.4,2,1,4027.5,17,1,4027.6,47,1
11483,2026-07-02 12:14:31+05:30,4026.5,1,4041.4,1084432,144613.0,158615.0,4100.0,4110.0,4012.0,4092.6,24727150,4501.8,3683.4,4440.0,3288.1,4026.3,50,1,4026.0,218,6,4025.5,33,2,4025.4,22,2,4025.3,39,3,4026.5,3,3,4026.9,1,1,4027.4,2,1,4027.5,65,2,4027.6,47,1
11483,2026-07-02 12:14:31+05:30,4026.3,1,4041.4,1084432,144613.0,158615.0,4100.0,4110.0,4012.0,4092.6,24727150,4501.8,3683.4,4440.0,3288.1,4026.3,50,1,4026.0,218,6,4025.5,33,2,4025.4,22,2,4025.3,39,3,4026.5,3,3,4026.9,1,1,4027.4,2,1,4027.5,65,2,4027.6,47,1
11483,2026-07-02 12:14:32+05:30,4026.5,1,4041.4,1084434,144702.0,158644.0,4100.0,4110.0,4012.0,4092.6,24727150,4501.8,3683.4,4440.0,3288.1,4026.4,1,1,4026.3,49,1,4026.0,218,6,4025.5,33,2,4025.4,22,2,4026.5,13,3,4026.9,1,1,4027.4,2,1,4027.5,65,2,4027.6,75,2
11483,2026-07-02 12:14:32+05:30,4026.5,1,4041.4,1084434,144702.0,158644.0,4100.0,4110.0,4012.0,4092.6,24727150,4501.8,3683.4,4440.0,3288.1,4026.4,1,1,4026.3,49,1,4026.0,218,6,4025.5,33,2,4025.4,22,2,4026.5,13,3,4026.9,1,1,4027.4,2,1,4027.5,65,2,4027.6,75,2
11483,2026-07-02 12:14:33+05:30,4026.5,1,4041.4,1084435,144703.0,158678.0,4100.0,4110.0,4012.0,4092.6,24727150,4501.8,3683.4,4440.0,3288.1,4026.4,1,1,4026.3,49,1,4026.0,218,6,4025.5,33,2,4025.4,19,1,4026.5,12,2,4026.9,1,1,4027.4,71,2,4027.5,65,2,4027.6,75,2
11483,2026-07-02 12:14:33+05:30,4026.5,1,4041.4,1084435,144703.0,158678.0,4100.0,4110.0,4012.0,4092.6,24727150,4501.8,3683.4,4440.0,3288.1,4026.4,1,1,4026.3,49,1,4026.0,218,6,4025.5,33,2,4025.4,19,1,4026.5,12,2,4026.9,1,1,4027.4,71,2,4027.5,65,2,4027.6,75,2
11483,2026-07-02 12:14:34+05:30,4026.5,1,4041.4,1084456,144707.0,158654.0,4100.0,4110.0,4012.0,4092.6,24727150,4501.8,3683.4,4440.0,3288.1,4026.4,1,1,4026.3,49,1,4026.0,218,6,4025.8,5,1,4025.5,34,2,4026.5,6,2,4026.9,1,1,4027.4,71,2,4027.5,48,1,4027.6,77,3
11483,2026-07-02 12:14:34+05:30,4026.4,1,4041.4,1084456,144707.0,158654.0,4100.0,4110.0,4012.0,4092.6,24727150,4501.8,3683.4,4440.0,3288.1,4026.4,1,1,4026.3,49,1,4026.0,218,6,4025.8,5,1,4025.5,34,2,4026.5,6,2,4026.9,1,1,4027.4,71,2,4027.5,48,1,4027.6,77,3
11483,2026-07-02 12:14:35+05:30,4026.4,1,4041.4,1084456,144707.0,158654.0,4100.0,4110.0,4012.0,4092.6,24727150,4501.8,3683.4,4440.0,3288.1,4026.4,1,1,4026.3,49,1,4026.0,218,6,4025.8,5,1,4025.5,34,2,4026.5,6,2,4026.9,1,1,4027.4,71,2,4027.5,48,1,4027.6,77,3
11483,2026-07-02 12:14:35+05:30,4026.4,1,4041.4,1084458,144910.0,158493.0,4100.0,4110.0,4012.0,4092.6,24727150,4501.8,3683.4,4440.0,3288.1,4026.3,49,1,4026.0,218,6,4025.7,5,1,4025.5,37,3,4025.4,33,3,4026.4,1,1,4026.5,6,2,4026.9,1,1,4027.4,72,3,4027.6,28,1
11483,2026-07-02 12:14:36+05:30,4026.4,1,4041.4,1084459,144917.0,158515.0,4100.0,4110.0,4012.0,4092.6,24727150,4501.8,3683.4,4440.0,3288.1,4026.3,49,1,4026.0,218,6,4025.7,5,1,4025.5,37,3,4025.4,33,3,4026.5,6,2,4026.9,1,1,4027.4,72,3,4027.6,28,1,4027.7,12,1
11483,2026-07-02 12:14:36+05:30,4026.4,1,4041.4,1084459,144917.0,158515.0,4100.0,4110.0,4012.0,4092.6,24727150,4501.8,3683.4,4440.0,3288.1,4026.3,49,1,4026.0,218,6,4025.7,5,1,4025.5,37,3,4025.4,33,3,4026.5,6,2,4026.9,1,1,4027.4,72,3,4027.6,28,1,4027.7,12,1
11483,2026-07-02 12:14:37+05:30,4026.5,1,4041.4,1084459,144917.0,158515.0,4100.0,4110.0,4012.0,4092.6,24727150,4501.8,3683.4,4440.0,3288.1,4026.3,49,1,4026.0,218,6,4025.7,5,1,4025.5,37,3,4025.4,33,3,4026.5,6,2,4026.9,1,1,4027.4,72,3,4027.6,28,1,4027.7,12,1
11483,2026-07-02 12:14:37+05:30,4026.5,1,4041.4,1084460,144894.0,158463.0,4100.0,4110.0,4012.0,4092.6,24727150,4501.8,3683.4,4440.0,3288.1,4026.3,63,4,4026.0,223,7,4025.9,10,1,4025.7,11,2,4025.6,19,2,4026.5,5,2,4026.9,1,1,4027.4,71,2,4027.6,28,1,4027.8,63,3
11483,2026-07-02 12:14:38+05:30,4026.5,1,4041.4,1084460,144894.0,158463.0,4100.0,4110.0,4012.0,4092.6,24727150,4501.8,3683.4,4440.0,3288.1,4026.3,63,4,4026.0,223,7,4025.9,10,1,4025.7,11,2,4025.6,19,2,4026.5,5,2,4026.9,1,1,4027.4,71,2,4027.6,28,1,4027.8,63,3
11483,2026-07-02 12:14:38+05:30,4026.5,1,4041.4,1084462,144880.0,158461.0,4100.0,4110.0,4012.0,4092.6,24727150,4501.8,3683.4,4440.0,3288.1,4026.3,62,4,4026.0,223,7,4025.9,10,1,4025.7,11,2,4025.6,19,2,4026.5,4,2,4026.9,1,1,4027.4,71,2,4027.6,28,1,4027.8,63,3
11483,2026-07-02 12:14:39+05:30,4026.5,1,4041.4,1084462,144880.0,158461.0,4100.0,4110.0,4012.0,4092.6,24727150,4501.8,3683.4,4440.0,3288.1,4026.3,62,4,4026.0,223,7,4025.9,10,1,4025.7,11,2,4025.6,19,2,4026.5,4,2,4026.9,1,1,4027.4,71,2,4027.6,28,1,4027.8,63,3
11483,2026-07-02 12:14:39+05:30,4026.5,1,4041.4,1084478,144860.0,158317.0,4100.0,4110.0,4012.0,4092.6,24727150,4501.8,3683.4,4440.0,3288.1,4026.4,14,3,4026.3,53,3,4026.0,232,8,4025.9,10,1,4025.8,3,1,4026.5,10,1,4026.9,1,1,4027.4,69,1,4027.6,37,2,4027.8,44,1
11483,2026-07-02 12:14:40+05:30,4026.5,1,4041.4,1084478,144860.0,158317.0,4100.0,4110.0,4012.0,4092.6,24727150,4501.8,3683.4,4440.0,3288.1,4026.4,14,3,4026.3,53,3,4026.0,232,8,4025.9,10,1,4025.8,3,1,4026.5,10,1,4026.9,1,1,4027.4,69,1,4027.6,37,2,4027.8,44,1
11483,2026-07-02 12:14:40+05:30,4026.5,1,4041.4,1084481,145287.0,158350.0,4100.0,4110.0,4012.0,4092.6,24727150,4501.8,3683.4,4440.0,3288.1,4026.4,12,2,4026.3,53,3,4026.0,232,8,4025.9,10,1,4025.8,3,1,4026.5,9,1,4026.9,1,1,4027.4,69,1,4027.6,37,2,4027.8,44,1
11483,2026-07-02 12:14:41+05:30,4026.5,1,4041.4,1084481,145287.0,158350.0,4100.0,4110.0,4012.0,4092.6,24727150,4501.8,3683.4,4440.0,3288.1,4026.4,12,2,4026.3,53,3,4026.0,232,8,4025.9,10,1,4025.8,3,1,4026.5,9,1,4026.9,1,1,4027.4,69,1,4027.6,37,2,4027.8,44,1
11483,2026-07-02 12:14:41+05:30,4026.4,1,4041.4,1084514,145359.0,157991.0,4100.0,4110.0,4012.0,4092.6,24727150,4501.8,3683.4,4440.0,3288.1,4026.4,25,3,4026.3,53,3,4026.0,253,9,4025.9,39,3,4025.8,3,1,4026.5,10,1,4026.9,1,1,4027.4,69,1,4027.8,44,1,4027.9,2,1
11483,2026-07-02 12:14:42+05:30,4026.5,1,4041.4,1084514,145359.0,157991.0,4100.0,4110.0,4012.0,4092.6,24727150,4501.8,3683.4,4440.0,3288.1,4026.4,25,3,4026.3,53,3,4026.0,253,9,4025.9,39,3,4025.8,3,1,4026.5,10,1,4026.9,1,1,4027.4,69,1,4027.8,44,1,4027.9,2,1
11483,2026-07-02 12:14:43+05:30,4026.4,1,4041.4,1084544,145343.0,157993.0,4100.0,4110.0,4012.0,4092.6,24727150,4501.8,3683.4,4440.0,3288.1,4026.4,24,4,4026.3,51,2,4026.0,253,9,4025.9,39,3,4025.8,3,1,4026.5,2,1,4026.9,1,1,4027.4,69,1,4027.8,44,1,4027.9,2,1
11483,2026-07-02 12:14:43+05:30,4026.4,1,4041.4,1084544,145343.0,157993.0,4100.0,4110.0,4012.0,4092.6,24727150,4501.8,3683.4,4440.0,3288.1,4026.4,24,4,4026.3,51,2,4026.0,253,9,4025.9,39,3,4025.8,3,1,4026.5,2,1,4026.9,1,1,4027.4,69,1,4027.8,44,1,4027.9,2,1
11483,2026-07-02 12:14:44+05:30,4026.4,4,4041.4,1084553,145323.0,158279.0,4100.0,4110.0,4012.0,4092.6,24727150,4501.8,3683.4,4440.0,3288.1,4026.4,15,4,4026.3,51,2,4026.0,232,8,4025.9,39,3,4025.8,3,1,4026.5,2,1,4026.9,1,1,4027.4,69,1,4027.8,44,1,4027.9,2,1
11483,2026-07-02 12:14:44+05:30,4026.7,1,4041.4,1084553,145323.0,158279.0,4100.0,4110.0,4012.0,4092.6,24727150,4501.8,3683.4,4440.0,3288.1,4026.4,15,4,4026.3,51,2,4026.0,232,8,4025.9,39,3,4025.8,3,1,4026.5,2,1,4026.9,1,1,4027.4,69,1,4027.8,44,1,4027.9,2,1
11483,2026-07-02 12:14:45+05:30,4026.7,1,4041.4,1084560,145998.0,157839.0,4100.0,4110.0,4012.0,4092.6,24727150,4501.8,3683.4,4440.0,3288.1,4026.7,19,1,4026.6,16,3,4026.5,18,3,4026.4,33,6,4026.3,70,6,4026.9,1,1,4027.4,69,1,4027.8,44,1,4028.0,3,3,4028.1,9,1
11483,2026-07-02 12:14:45+05:30,4027.4,8,4041.4,1084560,145998.0,157839.0,4100.0,4110.0,4012.0,4092.6,24727150,4501.8,3683.4,4440.0,3288.1,4026.7,19,1,4026.6,16,3,4026.5,18,3,4026.4,33,6,4026.3,70,6,4026.9,1,1,4027.4,69,1,4027.8,44,1,4028.0,3,3,4028.1,9,1
11483,2026-07-02 12:14:46+05:30,4027.4,7,4041.4,1084584,146138.0,157851.0,4100.0,4110.0,4012.0,4092.6,24727150,4501.8,3683.4,4440.0,3288.1,4026.7,31,4,4026.6,5,1,4026.5,39,5,4026.4,36,7,4026.3,65,4,4027.4,49,1,4028.0,3,3,4028.1,9,1,4028.4,69,3,4028.6,15,1
11483,2026-07-02 12:14:46+05:30,4026.7,2,4041.4,1084584,146138.0,157851.0,4100.0,4110.0,4012.0,4092.6,24727150,4501.8,3683.4,4440.0,3288.1,4026.7,31,4,4026.6,5,1,4026.5,39,5,4026.4,36,7,4026.3,65,4,4027.4,49,1,4028.0,3,3,4028.1,9,1,4028.4,69,3,4028.6,15,1
11483,2026-07-02 12:14:47+05:30,4027.4,1,4041.4,1084610,146407.0,157873.0,4100.0,4110.0,4012.0,4092.6,24727150,4501.8,3683.4,4440.0,3288.1,4027.1,80,1,4027.0,46,2,4026.9,42,1,4026.8,52,2,4026.7,16,2,4027.4,44,2,4028.0,3,3,4028.6,15,1,4028.7,12,1,4028.8,28,1
11483,2026-07-02 12:14:47+05:30,4027.1,3,4041.4,1084610,146407.0,157873.0,4100.0,4110.0,4012.0,4092.6,24727150,4501.8,3683.4,4440.0,3288.1,4027.1,80,1,4027.0,46,2,4026.9,42,1,4026.8,52,2,4026.7,16,2,4027.4,44,2,4028.0,3,3,4028.6,15,1,4028.7,12,1,4028.8,28,1
11483,2026-07-02 12:14:48+05:30,4027.2,1,4041.4,1084614,146268.0,157889.0,4100.0,4110.0,4012.0,4092.6,24727150,4501.8,3683.4,4440.0,3288.1,4027.2,41,1,4027.1,51,3,4027.0,48,2,4026.8,52,2,4026.7,12,2,4027.4,44,2,4028.0,3,3,4028.6,15,1,4028.7,12,1,4028.8,37,2
11483,2026-07-02 12:14:48+05:30,4027.4,13,4041.4,1084614,146268.0,157889.0,4100.0,4110.0,4012.0,4092.6,24727150,4501.8,3683.4,4440.0,3288.1,4027.2,41,1,4027.1,51,3,4027.0,48,2,4026.8,52,2,4026.7,12,2,4027.4,44,2,4028.0,3,3,4028.6,15,1,4028.7,12,1,4028.8,37,2
11483,2026-07-02 12:14:49+05:30,4027.2,2,4041.4,1084763,146978.0,157753.0,4100.0,4110.0,4012.0,4092.6,24727150,4501.8,3683.4,4440.0,3288.1,4027.2,72,4,4027.1,42,1,4027.0,3,1,4026.9,46,2,4026.8,2,1,4027.4,57,2,4028.0,3,3,4028.6,15,1,4028.7,40,2,4029.0,14,2
11483,2026-07-02 12:14:49+05:30,4027.2,18,4041.4,1084763,146978.0,157753.0,4100.0,4110.0,4012.0,4092.6,24727150,4501.8,3683.4,4440.0,3288.1,4027.2,72,4,4027.1,42,1,4027.0,3,1,4026.9,46,2,4026.8,2,1,4027.4,57,2,4028.0,3,3,4028.6,15,1,4028.7,40,2,4029.0,14,2
11483,2026-07-02 12:14:50+05:30,4027.4,1,4041.4,1084788,146963.0,157744.0,4100.0,4110.0,4012.0,4092.6,24727150,4501.8,3683.4,4440.0,3288.1,4027.2,53,3,4027.1,42,1,4027.0,3,1,4026.9,46,2,4026.8,2,1,4027.4,51,2,4028.0,3,3,4028.6,15,1,4028.7,28,1,4029.0,14,2
11483,2026-07-02 12:14:50+05:30,4027.2,3,4041.4,1084788,146963.0,157744.0,4100.0,4110.0,4012.0,4092.6,24727150,4501.8,3683.4,4440.0,3288.1,4027.2,53,3,4027.1,42,1,4027.0,3,1,4026.9,46,2,4026.8,2,1,4027.4,51,2,4028.0,3,3,4028.6,15,1,4028.7,28,1,4029.0,14,2
11483,2026-07-02 12:14:50+05:30,4027.2,3,4041.4,1084788,146963.0,157744.0,4100.0,4110.0,4012.0,4092.6,24727150,4501.8,3683.4,4440.0,3288.1,4027.2,53,3,4027.1,42,1,4027.0,3,1,4026.9,46,2,4026.8,2,1,4027.4,51,2,4028.0,3,3,4028.6,15,1,4028.7,28,1,4029.0,14,2
11483,2026-07-02 12:14:51+05:30,4027.2,3,4041.4,1084788,146963.0,157744.0,4100.0,4110.0,4012.0,4092.6,24727150,4501.8,3683.4,4440.0,3288.1,4027.2,53,3,4027.1,42,1,4027.0,3,1,4026.9,46,2,4026.8,2,1,4027.4,51,2,4028.0,3,3,4028.6,15,1,4028.7,28,1,4029.0,14,2
11483,2026-07-02 12:14:51+05:30,4027.4,2,4041.4,1084799,146960.0,157737.0,4100.0,4110.0,4012.0,4092.6,24727150,4501.8,3683.4,4440.0,3288.1,4027.2,49,3,4027.1,42,1,4027.0,3,1,4026.9,46,2,4026.8,2,1,4027.4,44,2,4028.0,3,3,4028.6,15,1,4028.7,28,1,4029.0,14,2
11483,2026-07-02 12:14:51+05:30,4027.4,2,4041.4,1084799,146960.0,157737.0,4100.0,4110.0,4012.0,4092.6,24727150,4501.8,3683.4,4440.0,3288.1,4027.2,49,3,4027.1,42,1,4027.0,3,1,4026.9,46,2,4026.8,2,1,4027.4,44,2,4028.0,3,3,4028.6,15,1,4028.7,28,1,4029.0,14,2
11483,2026-07-02 12:14:51+05:30,4027.2,1,4041.4,1084799,146960.0,157737.0,4100.0,4110.0,4012.0,4092.6,24727150,4501.8,3683.4,4440.0,3288.1,4027.2,49,3,4027.1,42,1,4027.0,3,1,4026.9,46,2,4026.8,2,1,4027.4,44,2,4028.0,3,3,4028.6,15,1,4028.7,28,1,4029.0,14,2
11483,2026-07-02 12:14:51+05:30,4027.2,1,4041.4,1084799,146960.0,157737.0,4100.0,4110.0,4012.0,4092.6,24727150,4501.8,3683.4,4440.0,3288.1,4027.2,49,3,4027.1,42,1,4027.0,3,1,4026.9,46,2,4026.8,2,1,4027.4,44,2,4028.0,3,3,4028.6,15,1,4028.7,28,1,4029.0,14,2
11483,2026-07-02 12:14:52+05:30,4027.4,2,4041.4,1084802,147063.0,157729.0,4100.0,4110.0,4012.0,4092.6,24727150,4501.8,3683.4,4440.0,3288.1,4027.3,1,1,4027.2,48,3,4027.1,42,1,4027.0,3,1,4026.9,46,2,4027.4,42,2,4028.0,3,3,4028.6,15,1,4028.7,28,1,4029.0,14,2
11483,2026-07-02 12:14:52+05:30,4027.4,2,4041.4,1084802,147063.0,157729.0,4100.0,4110.0,4012.0,4092.6,24727150,4501.8,3683.4,4440.0,3288.1,4027.3,1,1,4027.2,48,3,4027.1,42,1,4027.0,3,1,4026.9,46,2,4027.4,42,2,4028.0,3,3,4028.6,15,1,4028.7,28,1,4029.0,14,2
11483,2026-07-02 12:14:52+05:30,4027.4,2,4041.4,1084802,147063.0,157729.0,4100.0,4110.0,4012.0,4092.6,24727150,4501.8,3683.4,4440.0,3288.1,4027.3,1,1,4027.2,48,3,4027.1,42,1,4027.0,3,1,4026.9,46,2,4027.4,42,2,4028.0,3,3,4028.6,15,1,4028.7,28,1,4029.0,14,2
11483,2026-07-02 12:14:53+05:30,4027.4,2,4041.4,1084802,147063.0,157729.0,4100.0,4110.0,4012.0,4092.6,24727150,4501.8,3683.4,4440.0,3288.1,4027.3,1,1,4027.2,48,3,4027.1,42,1,4027.0,3,1,4026.9,46,2,4027.4,42,2,4028.0,3,3,4028.6,15,1,4028.7,28,1,4029.0,14,2
11483,2026-07-02 12:14:53+05:30,4027.2,7,4041.4,1084812,147081.0,157741.0,4100.0,4110.0,4012.0,4092.6,24727150,4501.8,3683.4,4440.0,3288.1,4027.2,41,3,4027.1,42,1,4027.0,3,1,4026.9,46,2,4026.6,28,2,4027.4,42,2,4028.0,3,3,4028.6,15,1,4028.7,28,1,4029.0,14,2
11483,2026-07-02 12:14:53+05:30,4027.2,7,4041.4,1084812,147081.0,157741.0,4100.0,4110.0,4012.0,4092.6,24727150,4501.8,3683.4,4440.0,3288.1,4027.2,41,3,4027.1,42,1,4027.0,3,1,4026.9,46,2,4026.6,28,2,4027.4,42,2,4028.0,3,3,4028.6,15,1,4028.7,28,1,4029.0,14,2
11483,2026-07-02 12:14:54+05:30,4027.2,7,4041.4,1084812,147081.0,157741.0,4100.0,4110.0,4012.0,4092.6,24727150,4501.8,3683.4,4440.0,3288.1,4027.2,41,3,4027.1,42,1,4027.0,3,1,4026.9,46,2,4026.6,28,2,4027.4,42,2,4028.0,3,3,4028.6,15,1,4028.7,28,1,4029.0,14,2
11483,2026-07-02 12:14:54+05:30,4027.4,15,4041.4,1084812,147081.0,157741.0,4100.0,4110.0,4012.0,4092.6,24727150,4501.8,3683.4,4440.0,3288.1,4027.2,41,3,4027.1,42,1,4027.0,3,1,4026.9,46,2,4026.6,28,2,4027.4,42,2,4028.0,3,3,4028.6,15,1,4028.7,28,1,4029.0,14,2
11483,2026-07-02 12:14:54+05:30,4027.4,15,4041.4,1084812,147081.0,157741.0,4100.0,4110.0,4012.0,4092.6,24742025,4501.8,3683.4,4440.0,3288.1,4027.2,41,3,4027.1,42,1,4027.0,3,1,4026.9,46,2,4026.6,28,2,4027.4,42,2,4028.0,3,3,4028.6,15,1,4028.7,28,1,4029.0,14,2
11483,2026-07-02 12:14:54+05:30,4027.4,15,4041.4,1084830,147083.0,157725.0,4100.0,4110.0,4012.0,4092.6,24742025,4501.8,3683.4,4440.0,3288.1,4027.2,39,3,4027.1,42,1,4027.0,11,2,4026.9,46,2,4026.6,28,2,4027.4,26,2,4028.0,3,3,4028.6,15,1,4028.7,28,1,4029.0,14,2
11483,2026-07-02 12:14:54+05:30,4027.4,15,4041.4,1084830,147083.0,157725.0,4100.0,4110.0,4012.0,4092.6,24742025,4501.8,3683.4,4440.0,3288.1,4027.2,39,3,4027.1,42,1,4027.0,11,2,4026.9,46,2,4026.6,28,2,4027.4,26,2,4028.0,3,3,4028.6,15,1,4028.7,28,1,4029.0,14,2
11483,2026-07-02 12:14:55+05:30,4027.4,15,4041.4,1084830,147083.0,157725.0,4100.0,4110.0,4012.0,4092.6,24742025,4501.8,3683.4,4440.0,3288.1,4027.2,39,3,4027.1,42,1,4027.0,11,2,4026.9,46,2,4026.6,28,2,4027.4,26,2,4028.0,3,3,4028.6,15,1,4028.7,28,1,4029.0,14,2
11483,2026-07-02 12:14:55+05:30,4027.2,2,4041.4,1084830,147083.0,157725.0,4100.0,4110.0,4012.0,4092.6,24742025,4501.8,3683.4,4440.0,3288.1,4027.2,39,3,4027.1,42,1,4027.0,11,2,4026.9,46,2,4026.6,28,2,4027.4,26,2,4028.0,3,3,4028.6,15,1,4028.7,28,1,4029.0,14,2
11483,2026-07-02 12:14:55+05:30,4027.2,2,4041.4,1084832,146081.0,157728.0,4100.0,4110.0,4012.0,4092.6,24742025,4501.8,3683.4,4440.0,3288.1,4027.2,33,2,4027.1,42,1,4027.0,11,2,4026.9,46,2,4026.6,28,2,4027.4,26,2,4028.0,3,3,4028.6,15,1,4028.7,28,1,4029.0,14,2
11483,2026-07-02 12:14:55+05:30,4027.2,2,4041.4,1084832,146081.0,157728.0,4100.0,4110.0,4012.0,4092.6,24742025,4501.8,3683.4,4440.0,3288.1,4027.2,33,2,4027.1,42,1,4027.0,11,2,4026.9,46,2,4026.6,28,2,4027.4,26,2,4028.0,3,3,4028.6,15,1,4028.7,28,1,4029.0,14,2
11483,2026-07-02 12:14:56+05:30,4027.2,2,4041.4,1084832,146081.0,157728.0,4100.0,4110.0,4012.0,4092.6,24742025,4501.8,3683.4,4440.0,3288.1,4027.2,33,2,4027.1,42,1,4027.0,11,2,4026.9,46,2,4026.6,28,2,4027.4,26,2,4028.0,3,3,4028.6,15,1,4028.7,28,1,4029.0,14,2
11483,2026-07-02 12:14:56+05:30,4027.2,7,4041.4,1084832,146081.0,157728.0,4100.0,4110.0,4012.0,4092.6,24742025,4501.8,3683.4,4440.0,3288.1,4027.2,33,2,4027.1,42,1,4027.0,11,2,4026.9,46,2,4026.6,28,2,4027.4,26,2,4028.0,3,3,4028.6,15,1,4028.7,28,1,4029.0,14,2
11483,2026-07-02 12:14:56+05:30,4027.2,7,4041.4,1084839,146168.0,157672.0,4100.0,4110.0,4012.0,4092.6,24742025,4501.8,3683.4,4440.0,3288.1,4027.2,30,3,4027.1,42,1,4027.0,11,2,4026.9,46,2,4026.7,19,1,4027.4,26,2,4028.0,3,3,4028.6,15,1,4028.7,28,1,4029.0,14,2
11483,2026-07-02 12:14:57+05:30,4027.2,1,4041.4,1084839,146168.0,157672.0,4100.0,4110.0,4012.0,4092.6,24742025,4501.8,3683.4,4440.0,3288.1,4027.2,30,3,4027.1,42,1,4027.0,11,2,4026.9,46,2,4026.7,19,1,4027.4,26,2,4028.0,3,3,4028.6,15,1,4028.7,28,1,4029.0,14,2
11483,2026-07-02 12:14:57+05:30,4027.2,1,4041.4,1084842,146329.0,157725.0,4100.0,4110.0,4012.0,4092.6,24742025,4501.8,3683.4,4440.0,3288.1,4027.2,23,2,4027.1,42,1,4027.0,8,1,4026.9,46,2,4026.7,12,1,4027.4,26,2,4028.0,2,2,4028.6,15,1,4028.7,28,1,4029.0,18,3
11483,2026-07-02 12:14:58+05:30,4027.2,1,4041.4,1084842,146329.0,157725.0,4100.0,4110.0,4012.0,4092.6,24742025,4501.8,3683.4,4440.0,3288.1,4027.2,23,2,4027.1,42,1,4027.0,8,1,4026.9,46,2,4026.7,12,1,4027.4,26,2,4028.0,2,2,4028.6,15,1,4028.7,28,1,4029.0,18,3
11483,2026-07-02 12:14:58+05:30,4027.2,1,4041.4,1084848,146325.0,157731.0,4100.0,4110.0,4012.0,4092.6,24742025,4501.8,3683.4,4440.0,3288.1,4027.2,17,2,4027.1,42,1,4027.0,8,1,4026.9,46,2,4026.7,12,1,4027.4,26,2,4028.0,1,1,4028.6,15,1,4028.7,28,1,4029.0,18,3
11483,2026-07-02 12:14:59+05:30,4027.2,1,4041.4,1084848,146325.0,157731.0,4100.0,4110.0,4012.0,4092.6,24742025,4501.8,3683.4,4440.0,3288.1,4027.2,17,2,4027.1,42,1,4027.0,8,1,4026.9,46,2,4026.7,12,1,4027.4,26,2,4028.0,1,1,4028.6,15,1,4028.7,28,1,4029.0,18,3
11483,2026-07-02 12:14:59+05:30,4027.2,1,4041.4,1084863,146378.0,157713.0,4100.0,4110.0,4012.0,4092.6,24742025,4501.8,3683.4,4440.0,3288.1,4027.2,11,3,4027.1,42,1,4027.0,66,3,4026.9,46,2,4026.7,16,2,4027.4,19,2,4028.0,1,1,4028.6,15,1,4028.7,28,1,4029.0,18,3
11483,2026-07-02 12:15:00+05:30,4027.2,1,4041.4,1084863,146378.0,157713.0,4100.0,4110.0,4012.0,4092.6,24742025,4501.8,3683.4,4440.0,3288.1,4027.2,11,3,4027.1,42,1,4027.0,66,3,4026.9,46,2,4026.7,16,2,4027.4,19,2,4028.0,1,1,4028.6,15,1,4028.7,28,1,4029.0,18,3
11483,2026-07-02 12:15:00+05:30,4027.2,1,4041.4,1084866,146344.0,159255.0,4100.0,4110.0,4012.0,4092.6,24742025,4501.8,3683.4,4440.0,3288.1,4027.0,111,4,4026.8,54,2,4026.7,10,1,4026.5,542,6,4026.4,24,4,4027.4,20,3,4028.0,1,1,4028.6,19,2,4028.7,29,2,4028.9,48,1
11483,2026-07-02 12:15:01+05:30,4027.4,3,4041.4,1084866,146344.0,159255.0,4100.0,4110.0,4012.0,4092.6,24742025,4501.8,3683.4,4440.0,3288.1,4027.0,111,4,4026.8,54,2,4026.7,10,1,4026.5,542,6,4026.4,24,4,4027.4,20,3,4028.0,1,1,4028.6,19,2,4028.7,29,2,4028.9,48,1
11483,2026-07-02 12:15:01+05:30,4027.4,3,4041.4,1084878,146446.0,159177.0,4100.0,4110.0,4012.0,4092.6,24742025,4501.8,3683.4,4440.0,3288.1,4027.2,88,3,4027.1,42,1,4027.0,63,2,4026.9,46,2,4026.8,3,1,4027.4,10,3,4028.0,1,1,4028.5,14,1,4028.6,19,2,4028.7,29,2
11483,2026-07-02 12:15:02+05:30,4027.2,1,4041.4,1084878,146446.0,159177.0,4100.0,4110.0,4012.0,4092.6,24742025,4501.8,3683.4,4440.0,3288.1,4027.2,88,3,4027.1,42,1,4027.0,63,2,4026.9,46,2,4026.8,3,1,4027.4,10,3,4028.0,1,1,4028.5,14,1,4028.6,19,2,4028.7,29,2
11483,2026-07-02 12:15:02+05:30,4027.2,1,4041.4,1084880,146423.0,159173.0,4100.0,4110.0,4012.0,4092.6,24742025,4501.8,3683.4,4440.0,3288.1,4027.3,1,1,4027.2,136,4,4027.1,42,1,4027.0,63,2,4026.9,49,3,4027.4,11,4,4028.0,1,1,4028.5,14,1,4028.6,15,1,4028.7,29,2
11483,2026-07-02 12:15:03+05:30,4027.4,1,4041.4,1084880,146423.0,159173.0,4100.0,4110.0,4012.0,4092.6,24742025,4501.8,3683.4,4440.0,3288.1,4027.3,1,1,4027.2,136,4,4027.1,42,1,4027.0,63,2,4026.9,49,3,4027.4,11,4,4028.0,1,1,4028.5,14,1,4028.6,15,1,4028.7,29,2
11483,2026-07-02 12:15:03+05:30,4027.4,1,4041.4,1084883,146422.0,159189.0,4100.0,4110.0,4012.0,4092.6,24742025,4501.8,3683.4,4440.0,3288.1,4027.2,136,4,4027.1,42,1,4027.0,63,2,4026.9,46,2,4026.8,9,2,4027.4,10,4,4028.0,1,1,4028.5,14,1,4028.6,15,1,4028.7,29,2
11483,2026-07-02 12:15:04+05:30,4027.2,1,4041.4,1084883,146422.0,159189.0,4100.0,4110.0,4012.0,4092.6,24742025,4501.8,3683.4,4440.0,3288.1,4027.2,136,4,4027.1,42,1,4027.0,63,2,4026.9,46,2,4026.8,9,2,4027.4,10,4,4028.0,1,1,4028.5,14,1,4028.6,15,1,4028.7,29,2
11483,2026-07-02 12:15:04+05:30,4027.2,1,4041.4,1084885,146262.0,159187.0,4100.0,4110.0,4012.0,4092.6,24742025,4501.8,3683.4,4440.0,3288.1,4027.3,2,1,4027.2,56,2,4027.0,63,2,4026.9,4,1,4026.7,13,2,4027.4,10,4,4028.0,1,1,4028.5,14,1,4028.6,15,1,4028.7,29,2
11483,2026-07-02 12:15:05+05:30,4027.3,1,4041.4,1084885,146262.0,159187.0,4100.0,4110.0,4012.0,4092.6,24742025,4501.8,3683.4,4440.0,3288.1,4027.3,2,1,4027.2,56,2,4027.0,63,2,4026.9,4,1,4026.7,13,2,4027.4,10,4,4028.0,1,1,4028.5,14,1,4028.6,15,1,4028.7,29,2
11483,2026-07-02 12:15:05+05:30,4027.3,1,4041.4,1084886,146320.0,159192.0,4100.0,4110.0,4012.0,4092.6,24742025,4501.8,3683.4,4440.0,3288.1,4027.3,1,1,4027.2,56,2,4027.0,63,2,4026.9,4,1,4026.7,13,2,4027.4,10,4,4028.0,1,1,4028.5,14,1,4028.6,15,1,4028.7,29,2
11483,2026-07-02 12:15:06+05:30,4027.4,7,4041.4,1084886,146320.0,159192.0,4100.0,4110.0,4012.0,4092.6,24742025,4501.8,3683.4,4440.0,3288.1,4027.3,1,1,4027.2,56,2,4027.0,63,2,4026.9,4,1,4026.7,13,2,4027.4,10,4,4028.0,1,1,4028.5,14,1,4028.6,15,1,4028.7,29,2
11483,2026-07-02 12:15:06+05:30,4027.4,7,4041.4,1084899,146320.0,159217.0,4100.0,4110.0,4012.0,4092.6,24742025,4501.8,3683.4,4440.0,3288.1,4027.3,1,1,4027.2,56,2,4027.0,63,2,4026.9,4,1,4026.7,13,2,4027.4,26,4,4028.0,1,1,4028.5,14,1,4028.6,15,1,4028.7,32,3
11483,2026-07-02 12:15:07+05:30,4027.0,34,4041.4,1084899,146320.0,159217.0,4100.0,4110.0,4012.0,4092.6,24742025,4501.8,3683.4,4440.0,3288.1,4027.3,1,1,4027.2,56,2,4027.0,63,2,4026.9,4,1,4026.7,13,2,4027.4,26,4,4028.0,1,1,4028.5,14,1,4028.6,15,1,4028.7,32,3
11483,2026-07-02 12:15:07+05:30,4027.0,34,4041.39,1085009,145934.0,159274.0,4100.0,4110.0,4012.0,4092.6,24742025,4501.8,3683.4,4440.0,3288.1,4027.0,21,1,4026.7,10,1,4026.5,527,6,4026.4,24,4,4026.3,60,3,4027.4,27,5,4028.0,6,2,4028.5,14,1,4028.6,15,1,4028.7,32,3
11483,2026-07-02 12:15:08+05:30,4027.0,1,4041.39,1085009,145934.0,159274.0,4100.0,4110.0,4012.0,4092.6,24742025,4501.8,3683.4,4440.0,3288.1,4027.0,21,1,4026.7,10,1,4026.5,527,6,4026.4,24,4,4026.3,60,3,4027.4,27,5,4028.0,6,2,4028.5,14,1,4028.6,15,1,4028.7,32,3
11483,2026-07-02 12:15:08+05:30,4027.0,1,4041.39,1085024,145916.0,159285.0,4100.0,4110.0,4012.0,4092.6,24742025,4501.8,3683.4,4440.0,3288.1,4027.0,6,1,4026.7,10,1,4026.5,527,6,4026.4,24,4,4026.3,56,2,4027.2,1,1,4027.4,26,4,4028.0,6,2,4028.5,14,1,4028.6,15,1
11483,2026-07-02 12:15:09+05:30,4027.4,1,4041.39,1085024,145916.0,159285.0,4100.0,4110.0,4012.0,4092.6,24742025,4501.8,3683.4,4440.0,3288.1,4027.0,6,1,4026.7,10,1,4026.5,527,6,4026.4,24,4,4026.3,56,2,4027.2,1,1,4027.4,26,4,4028.0,6,2,4028.5,14,1,4028.6,15,1
11483,2026-07-02 12:15:09+05:30,4027.4,1,4041.39,1085030,145957.0,159203.0,4100.0,4110.0,4012.0,4092.6,24742025,4501.8,3683.4,4440.0,3288.1,4027.0,3,1,4026.7,10,1,4026.5,527,6,4026.4,24,4,4026.3,48,1,4027.4,26,4,4028.0,9,3,4028.4,3,1,4028.5,15,2,4028.6,15,1
11483,2026-07-02 12:15:10+05:30,4027.0,1,4041.39,1085030,145957.0,159203.0,4100.0,4110.0,4012.0,4092.6,24742025,4501.8,3683.4,4440.0,3288.1,4027.0,3,1,4026.7,10,1,4026.5,527,6,4026.4,24,4,4026.3,48,1,4027.4,26,4,4028.0,9,3,4028.4,3,1,4028.5,15,2,4028.6,15,1
11483,2026-07-02 12:15:10+05:30,4027.0,1,4041.39,1085034,145943.0,159198.0,4100.0,4110.0,4012.0,4092.6,24742025,4501.8,3683.4,4440.0,3288.1,4026.7,10,1,4026.5,524,5,4026.4,27,5,4026.3,48,1,4026.2,49,3,4027.4,24,3,4028.0,6,2,4028.4,29,2,4028.5,15,2,4028.6,15,1
11483,2026-07-02 12:15:11+05:30,4027.4,1,4041.39,1085034,145943.0,159198.0,4100.0,4110.0,4012.0,4092.6,24742025,4501.8,3683.4,4440.0,3288.1,4026.7,10,1,4026.5,524,5,4026.4,27,5,4026.3,48,1,4026.2,49,3,4027.4,24,3,4028.0,6,2,4028.4,29,2,4028.5,15,2,4028.6,15,1
11483,2026-07-02 12:15:11+05:30,4027.4,1,4041.39,1085035,145943.0,159203.0,4100.0,4110.0,4012.0,4092.6,24742025,4501.8,3683.4,4440.0,3288.1,4026.7,10,1,4026.5,524,5,4026.4,27,5,4026.3,48,1,4026.2,49,3,4027.4,23,3,4028.0,6,2,4028.4,29,2,4028.5,15,2,4028.6,15,1
11483,2026-07-02 12:15:12+05:30,4027.4,1,4041.39,1085035,145943.0,159203.0,4100.0,4110.0,4012.0,4092.6,24742025,4501.8,3683.4,4440.0,3288.1,4026.7,10,1,4026.5,524,5,4026.4,27,5,4026.3,48,1,4026.2,49,3,4027.4,23,3,4028.0,6,2,4028.4,29,2,4028.5,15,2,4028.6,15,1
11483,2026-07-02 12:15:12+05:30,4027.4,1,4041.39,1085036,146041.0,159200.0,4100.0,4110.0,4012.0,4092.6,24742025,4501.8,3683.4,4440.0,3288.1,4027.0,1,1,4026.7,57,4,4026.5,527,6,4026.4,41,5,4026.3,51,2,4027.4,22,3,4028.0,6,2,4028.4,29,2,4028.5,15,2,4028.6,15,1
11483,2026-07-02 12:15:13+05:30,4027.4,1,4041.39,1085036,146041.0,159200.0,4100.0,4110.0,4012.0,4092.6,24742025,4501.8,3683.4,4440.0,3288.1,4027.0,1,1,4026.7,57,4,4026.5,527,6,4026.4,41,5,4026.3,51,2,4027.4,22,3,4028.0,6,2,4028.4,29,2,4028.5,15,2,4028.6,15,1
11483,2026-07-02 12:15:13+05:30,4027.4,1,4041.39,1085038,146036.0,159218.0,4100.0,4110.0,4012.0,4092.6,24742025,4501.8,3683.4,4440.0,3288.1,4027.0,1,1,4026.7,59,4,4026.6,6,2,4026.5,524,5,4026.4,41,5,4027.4,21,3,4028.0,6,2,4028.4,26,1,4028.5,1,1,4028.6,23,2
11483,2026-07-02 12:15:14+05:30,4027.4,1,4041.39,1085038,146036.0,159218.0,4100.0,4110.0,4012.0,4092.6,24742025,4501.8,3683.4,4440.0,3288.1,4027.0,1,1,4026.7,59,4,4026.6,6,2,4026.5,524,5,4026.4,41,5,4027.4,21,3,4028.0,6,2,4028.4,26,1,4028.5,1,1,4028.6,23,2
11483,2026-07-02 12:15:15+05:30,4027.4,1,4041.39,1085044,146052.0,159201.0,4100.0,4110.0,4012.0,4092.6,24742025,4501.8,3683.4,4440.0,3288.1,4026.7,38,6,4026.6,29,2,4026.5,532,6,4026.4,31,4,4026.3,51,2,4027.4,19,3,4028.0,6,2,4028.5,1,1,4028.6,23,2,4028.7,44,3
11483,2026-07-02 12:15:15+05:30,4026.7,1,4041.39,1085044,146052.0,159201.0,4100.0,4110.0,4012.0,4092.6,24742025,4501.8,3683.4,4440.0,3288.1,4026.7,38,6,4026.6,29,2,4026.5,532,6,4026.4,31,4,4026.3,51,2,4027.4,19,3,4028.0,6,2,4028.5,1,1,4028.6,23,2,4028.7,44,3
11483,2026-07-02 12:15:16+05:30,4027.4,1,4041.39,1085046,146156.0,159201.0,4100.0,4110.0,4012.0,4092.6,24742025,4501.8,3683.4,4440.0,3288.1,4027.2,10,4,4027.1,3,1,4026.8,3,1,4026.7,29,4,4026.6,29,2,4027.4,18,3,4028.0,1,1,4028.5,1,1,4028.6,15,1,4028.7,44,3
11483,2026-07-02 12:15:16+05:30,4027.4,1,4041.39,1085046,146156.0,159201.0,4100.0,4110.0,4012.0,4092.6,24742025,4501.8,3683.4,4440.0,3288.1,4027.2,10,4,4027.1,3,1,4026.8,3,1,4026.7,29,4,4026.6,29,2,4027.4,18,3,4028.0,1,1,4028.5,1,1,4028.6,15,1,4028.7,44,3
11483,2026-07-02 12:15:17+05:30,4027.4,1,4041.39,1085057,146196.0,159185.0,4100.0,4110.0,4012.0,4092.6,24742025,4501.8,3683.4,4440.0,3288.1,4027.2,2,2,4026.7,32,5,4026.6,29,2,4026.5,532,6,4026.4,31,4,4027.4,7,3,4028.0,1,1,4028.1,1,1,4028.5,1,1,4028.6,15,1
11483,2026-07-02 12:15:17+05:30,4027.2,1,4041.39,1085057,146196.0,159185.0,4100.0,4110.0,4012.0,4092.6,24742025,4501.8,3683.4,4440.0,3288.1,4027.2,2,2,4026.7,32,5,4026.6,29,2,4026.5,532,6,4026.4,31,4,4027.4,7,3,4028.0,1,1,4028.1,1,1,4028.5,1,1,4028.6,15,1
11483,2026-07-02 12:15:18+05:30,4027.4,1,4041.39,1085060,146052.0,159206.0,4100.0,4110.0,4012.0,4092.6,24742025,4501.8,3683.4,4440.0,3288.1,4027.2,2,2,4026.8,3,1,4026.7,20,3,4026.6,29,2,4026.5,532,6,4027.4,6,3,4028.0,1,1,4028.1,1,1,4028.5,1,1,4028.6,20,2
11483,2026-07-02 12:15:18+05:30,4027.4,1,4041.39,1085060,146052.0,159206.0,4100.0,4110.0,4012.0,4092.6,24742025,4501.8,3683.4,4440.0,3288.1,4027.2,2,2,4026.8,3,1,4026.7,20,3,4026.6,29,2,4026.5,532,6,4027.4,6,3,4028.0,1,1,4028.1,1,1,4028.5,1,1,4028.6,20,2
11483,2026-07-02 12:15:19+05:30,4027.4,1,4041.39,1085061,146280.0,159207.0,4100.0,4110.0,4012.0,4092.6,24742025,4501.8,3683.4,4440.0,3288.1,4027.2,10,3,4026.8,3,1,4026.7,20,3,4026.6,26,1,4026.5,532,6,4027.4,5,3,4028.0,1,1,4028.1,1,1,4028.6,20,2,4028.7,44,3
11483,2026-07-02 12:15:19+05:30,4027.4,1,4041.39,1085061,146280.0,159207.0,4100.0,4110.0,4012.0,4092.6,24742025,4501.8,3683.4,4440.0,3288.1,4027.2,10,3,4026.8,3,1,4026.7,20,3,4026.6,26,1,4026.5,532,6,4027.4,5,3,4028.0,1,1,4028.1,1,1,4028.6,20,2,4028.7,44,3
11483,2026-07-02 12:15:20+05:30,4027.4,1,4041.39,1085063,146281.0,159161.0,4100.0,4110.0,4012.0,4092.6,24742025,4501.8,3683.4,4440.0,3288.1,4027.2,10,3,4026.8,3,1,4026.7,20,3,4026.6,26,1,4026.5,532,6,4027.4,3,3,4028.0,1,1,4028.1,1,1,4028.6,20,2,4028.7,44,3
11483,2026-07-02 12:15:20+05:30,4027.2,1,4041.39,1085063,146281.0,159161.0,4100.0,4110.0,4012.0,4092.6,24742025,4501.8,3683.4,4440.0,3288.1,4027.2,10,3,4026.8,3,1,4026.7,20,3,4026.6,26,1,4026.5,532,6,4027.4,3,3,4028.0,1,1,4028.1,1,1,4028.6,20,2,4028.7,44,3
11483,2026-07-02 12:15:21+05:30,4027.4,1,4041.39,1085065,146176.0,159168.0,4100.0,4110.0,4012.0,4092.6,24742025,4501.8,3683.4,4440.0,3288.1,4027.2,9,2,4026.8,3,1,4026.7,20,3,4026.6,26,1,4026.5,530,6,4027.4,2,2,4027.7,1,1,4028.0,1,1,4028.1,1,1,4028.6,20,2
11483,2026-07-02 12:15:21+05:30,4027.4,1,4041.39,1085065,146176.0,159168.0,4100.0,4110.0,4012.0,4092.6,24742025,4501.8,3683.4,4440.0,3288.1,4027.2,9,2,4026.8,3,1,4026.7,20,3,4026.6,26,1,4026.5,530,6,4027.4,2,2,4027.7,1,1,4028.0,1,1,4028.1,1,1,4028.6,20,2
11483,2026-07-02 12:15:22+05:30,4027.4,1,4041.39,1085175,146182.0,159205.0,4100.0,4110.0,4012.0,4092.6,24742025,4501.8,3683.4,4440.0,3288.1,4027.0,1,1,4026.7,5,1,4026.6,15,1,4026.5,500,3,4026.4,14,3,4027.4,2,2,4027.7,1,1,4028.0,1,1,4028.1,1,1,4028.3,29,2
11483,2026-07-02 12:15:22+05:30,4027.0,1,4041.39,1085175,146182.0,159205.0,4100.0,4110.0,4012.0,4092.6,24742025,4501.8,3683.4,4440.0,3288.1,4027.0,1,1,4026.7,5,1,4026.6,15,1,4026.5,500,3,4026.4,14,3,4027.4,2,2,4027.7,1,1,4028.0,1,1,4028.1,1,1,4028.3,29,2
11483,2026-07-02 12:15:23+05:30,4027.0,1,4041.39,1085180,146124.0,159157.0,4100.0,4110.0,4012.0,4092.6,24742025,4501.8,3683.4,4440.0,3288.1,4026.5,505,4,4026.4,14,3,4026.3,48,1,4026.2,14,1,4026.0,228,10,4027.0,1,1,4027.4,2,2,4027.7,1,1,4027.9,2,1,4028.0,27,2
11483,2026-07-02 12:15:23+05:30,4026.5,1,4041.39,1085180,146124.0,159157.0,4100.0,4110.0,4012.0,4092.6,24742025,4501.8,3683.4,4440.0,3288.1,4026.5,505,4,4026.4,14,3,4026.3,48,1,4026.2,14,1,4026.0,228,10,4027.0,1,1,4027.4,2,2,4027.7,1,1,4027.9,2,1,4028.0,27,2
11483,2026-07-02 12:15:24+05:30,4027.0,1,4041.39,1085183,146060.0,159246.0,4100.0,4110.0,4012.0,4092.6,24742025,4501.8,3683.4,4440.0,3288.1,4026.5,504,4,4026.4,14,3,4026.3,48,1,4026.0,225,9,4025.9,60,3,4027.0,1,1,4027.4,2,2,4027.7,1,1,4027.9,2,1,4028.0,32,3
11483,2026-07-02 12:15:24+05:30,4026.5,1,4041.39,1085183,146060.0,159246.0,4100.0,4110.0,4012.0,4092.6,24742025,4501.8,3683.4,4440.0,3288.1,4026.5,504,4,4026.4,14,3,4026.3,48,1,4026.0,225,9,4025.9,60,3,4027.0,1,1,4027.4,2,2,4027.7,1,1,4027.9,2,1,4028.0,32,3
11483,2026-07-02 12:15:25+05:30,4027.9,14,4041.39,1085211,146274.0,159355.0,4100.0,4110.0,4012.0,4092.6,24742025,4501.8,3683.4,4440.0,3288.1,4026.5,502,4,4026.4,1,1,4026.3,48,1,4026.2,12,1,4026.0,238,11,4028.0,39,6,4028.1,22,3,4028.2,31,1,4028.3,71,4,4028.4,8,2
11483,2026-07-02 12:15:25+05:30,4026.5,3,4041.39,1085211,146274.0,159355.0,4100.0,4110.0,4012.0,4092.6,24742025,4501.8,3683.4,4440.0,3288.1,4026.5,502,4,4026.4,1,1,4026.3,48,1,4026.2,12,1,4026.0,238,11,4028.0,39,6,4028.1,22,3,4028.2,31,1,4028.3,71,4,4028.4,8,2
11483,2026-07-02 12:15:26+05:30,4027.4,1,4041.39,1085216,146364.0,159166.0,4100.0,4110.0,4012.0,4092.6,24742025,4501.8,3683.4,4440.0,3288.1,4027.4,1,1,4026.5,506,4,4026.4,1,1,4026.3,48,1,4026.2,19,2,4028.0,37,6,4028.1,2,2,4028.3,65,4,4028.4,16,2,4028.5,17,3
11483,2026-07-02 12:15:26+05:30,4027.4,1,4041.39,1085216,146364.0,159166.0,4100.0,4110.0,4012.0,4092.6,24742025,4501.8,3683.4,4440.0,3288.1,4027.4,1,1,4026.5,506,4,4026.4,1,1,4026.3,48,1,4026.2,19,2,4028.0,37,6,4028.1,2,2,4028.3,65,4,4028.4,16,2,4028.5,17,3
11483,2026-07-02 12:15:27+05:30,4027.4,1,4041.39,1085218,146207.0,159181.0,4100.0,4110.0,4012.0,4092.6,24742025,4501.8,3683.4,4440.0,3288.1,4027.4,1,1,4027.0,23,1,4026.5,506,4,4026.4,1,1,4026.3,48,1,4027.9,12,4,4028.0,51,6,4028.1,11,3,4028.3,65,4,4028.4,16,2
11483,2026-07-02 12:15:27+05:30,4027.4,1,4041.39,1085218,146207.0,159181.0,4100.0,4110.0,4012.0,4092.6,24742025,4501.8,3683.4,4440.0,3288.1,4027.4,1,1,4027.0,23,1,4026.5,506,4,4026.4,1,1,4026.3,48,1,4027.9,12,4,4028.0,51,6,4028.1,11,3,4028.3,65,4,4028.4,16,2
11483,2026-07-02 12:15:28+05:30,4027.4,1,4041.39,1085219,146214.0,159178.0,4100.0,4110.0,4012.0,4092.6,24742025,4501.8,3683.4,4440.0,3288.1,4027.4,1,1,4027.0,23,1,4026.5,506,4,4026.4,1,1,4026.3,48,1,4027.9,11,3,4028.0,51,6,4028.1,11,3,4028.3,65,4,4028.4,16,2
11483,2026-07-02 12:15:28+05:30,4027.4,1,4041.39,1085219,146214.0,159178.0,4100.0,4110.0,4012.0,4092.6,24742025,4501.8,3683.4,4440.0,3288.1,4027.4,1,1,4027.0,23,1,4026.5,506,4,4026.4,1,1,4026.3,48,1,4027.9,11,3,4028.0,51,6,4028.1,11,3,4028.3,65,4,4028.4,16,2
11483,2026-07-02 12:15:29+05:30,4026.5,5,4041.39,1085258,145956.0,159394.0,4100.0,4110.0,4012.0,4092.6,24742025,4501.8,3683.4,4440.0,3288.1,4026.5,489,3,4026.4,1,1,4026.3,48,1,4026.0,231,10,4025.9,39,2,4027.0,18,1,4027.9,19,5,4028.0,87,8,4028.1,11,3,4028.3,65,4
11483,2026-07-02 12:15:29+05:30,4026.5,4,4041.39,1085258,145956.0,159394.0,4100.0,4110.0,4012.0,4092.6,24742025,4501.8,3683.4,4440.0,3288.1,4026.5,489,3,4026.4,1,1,4026.3,48,1,4026.0,231,10,4025.9,39,2,4027.0,18,1,4027.9,19,5,4028.0,87,8,4028.1,11,3,4028.3,65,4
11483,2026-07-02 12:15:30+05:30,4026.5,1,4041.39,1085264,145950.0,159400.0,4100.0,4110.0,4012.0,4092.6,24742025,4501.8,3683.4,4440.0,3288.1,4026.5,483,3,4026.4,1,1,4026.3,48,1,4026.0,231,10,4025.9,39,2,4027.0,18,1,4027.9,19,5,4028.0,87,8,4028.1,11,3,4028.3,65,4
11483,2026-07-02 12:15:30+05:30,4027.9,9,4041.39,1085264,145950.0,159400.0,4100.0,4110.0,4012.0,4092.6,24742025,4501.8,3683.4,4440.0,3288.1,4026.5,483,3,4026.4,1,1,4026.3,48,1,4026.0,231,10,4025.9,39,2,4027.0,18,1,4027.9,19,5,4028.0,87,8,4028.1,11,3,4028.3,65,4
11483,2026-07-02 12:15:31+05:30,4026.5,1,4041.39,1085304,146051.0,159400.0,4100.0,4110.0,4012.0,4092.6,24742025,4501.8,3683.4,4440.0,3288.1,4027.0,2,2,4026.5,489,4,4026.4,1,1,4026.3,48,1,4026.2,13,1,4027.8,11,3,4027.9,3,1,4028.0,57,7,4028.1,14,4,4028.3,65,4
11483,2026-07-02 12:15:31+05:30,4027.8,4,4041.39,1085304,146051.0,159400.0,4100.0,4110.0,4012.0,4092.6,24742025,4501.8,3683.4,4440.0,3288.1,4027.0,2,2,4026.5,489,4,4026.4,1,1,4026.3,48,1,4026.2,13,1,4027.8,11,3,4027.9,3,1,4028.0,57,7,4028.1,14,4,4028.3,65,4
11483,2026-07-02 12:15:32+05:30,4027.0,1,4041.39,1085320,146396.0,159323.0,4100.0,4110.0,4012.0,4092.6,24742025,4501.8,3683.4,4440.0,3288.1,4027.4,1,1,4027.0,1,1,4026.5,506,6,4026.4,1,1,4026.3,48,1,4027.8,7,3,4027.9,3,1,4028.0,49,6,4028.1,5,3,4028.3,65,4
11483,2026-07-02 12:15:32+05:30,4026.5,22,4041.39,1085320,146396.0,159323.0,4100.0,4110.0,4012.0,4092.6,24742025,4501.8,3683.4,4440.0,3288.1,4027.4,1,1,4027.0,1,1,4026.5,506,6,4026.4,1,1,4026.3,48,1,4027.8,7,3,4027.9,3,1,4028.0,49,6,4028.1,5,3,4028.3,65,4
11483,2026-07-02 12:15:33+05:30,4026.5,1,4041.39,1085348,146031.0,159343.0,4100.0,4110.0,4012.0,4092.6,24742025,4501.8,3683.4,4440.0,3288.1,4027.0,1,1,4026.5,475,5,4026.4,1,1,4026.3,48,1,4026.2,13,1,4027.9,15,4,4028.0,49,6,4028.1,2,2,4028.2,2,1,4028.3,65,4
11483,2026-07-02 12:15:33+05:30,4027.0,2,4041.39,1085348,146031.0,159343.0,4100.0,4110.0,4012.0,4092.6,24742025,4501.8,3683.4,4440.0,3288.1,4027.0,1,1,4026.5,475,5,4026.4,1,1,4026.3,48,1,4026.2,13,1,4027.9,15,4,4028.0,49,6,4028.1,2,2,4028.2,2,1,4028.3,65,4
11483,2026-07-02 12:15:34+05:30,4026.5,2,4041.39,1085354,145590.0,159864.0,4100.0,4110.0,4012.0,4092.6,24742025,4501.8,3683.4,4440.0,3288.1,4026.5,460,4,4026.4,1,1,4026.3,48,1,4026.0,225,9,4025.9,13,1,4027.0,16,5,4027.3,11,1,4027.4,7,1,4027.5,16,2,4027.7,75,4
11483,2026-07-02 12:15:34+05:30,4026.6,2,4041.39,1085354,145590.0,159864.0,4100.0,4110.0,4012.0,4092.6,24742025,4501.8,3683.4,4440.0,3288.1,4026.5,460,4,4026.4,1,1,4026.3,48,1,4026.0,225,9,4025.9,13,1,4027.0,16,5,4027.3,11,1,4027.4,7,1,4027.5,16,2,4027.7,75,4
11483,2026-07-02 12:15:35+05:30,4026.6,1,4041.39,1085360,144994.0,160223.0,4100.0,4110.0,4012.0,4092.6,24742025,4501.8,3683.4,4440.0,3288.1,4026.6,1,1,4026.5,459,4,4026.4,1,1,4026.3,48,1,4026.0,225,9,4026.9,11,3,4027.0,12,4,4027.1,6,1,4027.2,11,2,4027.3,16,2
11483,2026-07-02 12:15:35+05:30,4026.9,1,4041.39,1085360,144994.0,160223.0,4100.0,4110.0,4012.0,4092.6,24742025,4501.8,3683.4,4440.0,3288.1,4026.6,1,1,4026.5,459,4,4026.4,1,1,4026.3,48,1,4026.0,225,9,4026.9,11,3,4027.0,12,4,4027.1,6,1,4027.2,11,2,4027.3,16,2
11483,2026-07-02 12:15:36+05:30,4026.6,1,4041.39,1085369,145064.0,160166.0,4100.0,4110.0,4012.0,4092.6,24742025,4501.8,3683.4,4440.0,3288.1,4026.6,1,1,4026.5,459,4,4026.4,1,1,4026.3,48,1,4026.0,225,9,4027.0,17,5,4027.1,6,1,4027.2,8,1,4027.3,16,2,4027.4,22,1
11483,2026-07-02 12:15:36+05:30,4026.6,1,4041.39,1085369,145064.0,160166.0,4100.0,4110.0,4012.0,4092.6,24742025,4501.8,3683.4,4440.0,3288.1,4026.6,1,1,4026.5,459,4,4026.4,1,1,4026.3,48,1,4026.0,225,9,4027.0,17,5,4027.1,6,1,4027.2,8,1,4027.3,16,2,4027.4,22,1
11483,2026-07-02 12:15:37+05:30,4026.6,1,4041.39,1085371,145086.0,160126.0,4100.0,4110.0,4012.0,4092.6,24742025,4501.8,3683.4,4440.0,3288.1,4026.6,1,1,4026.5,459,4,4026.4,1,1,4026.3,48,1,4026.0,225,9,4027.0,13,4,4027.3,25,3,4027.4,32,2,4027.5,16,2,4027.7,108,6
11483,2026-07-02 12:15:37+05:30,4027.0,1,4041.39,1085371,145086.0,160126.0,4100.0,4110.0,4012.0,4092.6,24742025,4501.8,3683.4,4440.0,3288.1,4026.6,1,1,4026.5,459,4,4026.4,1,1,4026.3,48,1,4026.0,225,9,4027.0,13,4,4027.3,25,3,4027.4,32,2,4027.5,16,2,4027.7,108,6
11483,2026-07-02 12:15:38+05:30,4026.6,1,4041.39,1085384,145080.0,160139.0,4100.0,4110.0,4012.0,4092.6,24742025,4501.8,3683.4,4440.0,3288.1,4026.6,1,1,4026.5,459,4,4026.4,1,1,4026.3,48,1,4026.0,225,9,4027.0,34,4,4027.3,74,6,4027.4,32,2,4027.5,16,2,4027.7,62,4
11483,2026-07-02 12:15:38+05:30,4026.5,15,4041.39,1085384,145080.0,160139.0,4100.0,4110.0,4012.0,4092.6,24742025,4501.8,3683.4,4440.0,3288.1,4026.6,1,1,4026.5,459,4,4026.4,1,1,4026.3,48,1,4026.0,225,9,4027.0,34,4,4027.3,74,6,4027.4,32,2,4027.5,16,2,4027.7,62,4
11483,2026-07-02 12:15:39+05:30,4027.0,1,4041.39,1085413,145237.0,160153.0,4100.0,4110.0,4012.0,4092.6,24742025,4501.8,3683.4,4440.0,3288.1,4026.5,443,4,4026.4,1,1,4026.3,48,1,4026.0,225,9,4025.9,13,1,4027.0,32,4,4027.3,68,6,4027.4,32,2,4027.5,16,2,4027.7,69,5
11483,2026-07-02 12:15:39+05:30,4026.5,4,4041.39,1085413,145237.0,160153.0,4100.0,4110.0,4012.0,4092.6,24742025,4501.8,3683.4,4440.0,3288.1,4026.5,443,4,4026.4,1,1,4026.3,48,1,4026.0,225,9,4025.9,13,1,4027.0,32,4,4027.3,68,6,4027.4,32,2,4027.5,16,2,4027.7,69,5
11483,2026-07-02 12:15:40+05:30,4027.0,1,4041.39,1085418,145245.0,160173.0,4100.0,4110.0,4012.0,4092.6,24742025,4501.8,3683.4,4440.0,3288.1,4026.5,439,4,4026.4,1,1,4026.3,48,1,4026.0,225,9,4025.7,6,1,4027.0,31,4,4027.3,62,4,4027.4,33,3,4027.5,16,2,4027.7,69,5
11483,2026-07-02 12:15:40+05:30,4026.5,1,4041.39,1085418,145245.0,160173.0,4100.0,4110.0,4012.0,4092.6,24742025,4501.8,3683.4,4440.0,3288.1,4026.5,439,4,4026.4,1,1,4026.3,48,1,4026.0,225,9,4025.7,6,1,4027.0,31,4,4027.3,62,4,4027.4,33,3,4027.5,16,2,4027.7,69,5
11483,2026-07-02 12:15:41+05:30,4027.0,1,4041.39,1085420,145257.0,160162.0,4100.0,4110.0,4012.0,4092.6,24742025,4501.8,3683.4,4440.0,3288.1,4026.5,438,4,4026.4,1,1,4026.3,48,1,4026.0,225,9,4025.7,6,1,4027.0,30,4,4027.3,69,5,4027.4,33,3,4027.5,16,2,4027.7,62,4
11483,2026-07-02 12:15:41+05:30,4026.5,20,4041.39,1085420,145257.0,160162.0,4100.0,4110.0,4012.0,4092.6,24742025,4501.8,3683.4,4440.0,3288.1,4026.5,438,4,4026.4,1,1,4026.3,48,1,4026.0,225,9,4025.7,6,1,4027.0,30,4,4027.3,69,5,4027.4,33,3,4027.5,16,2,4027.7,62,4
11483,2026-07-02 12:15:42+05:30,4027.0,1,4041.39,1085445,145270.0,160072.0,4100.0,4110.0,4012.0,4092.6,24742025,4501.8,3683.4,4440.0,3288.1,4026.7,1,1,4026.5,418,4,4026.4,1,1,4026.3,48,1,4026.0,225,9,4027.0,21,3,4027.2,4,1,4027.3,37,4,4027.4,33,3,4027.5,16,2
11483,2026-07-02 12:15:42+05:30,4026.7,3,4041.39,1085445,145270.0,160072.0,4100.0,4110.0,4012.0,4092.6,24742025,4501.8,3683.4,4440.0,3288.1,4026.7,1,1,4026.5,418,4,4026.4,1,1,4026.3,48,1,4026.0,225,9,4027.0,21,3,4027.2,4,1,4027.3,37,4,4027.4,33,3,4027.5,16,2
11483,2026-07-02 12:15:43+05:30,4027.0,1,4041.39,1085449,145281.0,160055.0,4100.0,4110.0,4012.0,4092.6,24742025,4501.8,3683.4,4440.0,3288.1,4026.5,419,5,4026.4,1,1,4026.3,48,1,4026.0,225,9,4025.6,74,2,4027.0,20,3,4027.2,4,1,4027.3,28,3,4027.4,23,2,4027.5,3,1
11483,2026-07-02 12:15:43+05:30,4026.5,1,4041.39,1085449,145281.0,160055.0,4100.0,4110.0,4012.0,4092.6,24742025,4501.8,3683.4,4440.0,3288.1,4026.5,419,5,4026.4,1,1,4026.3,48,1,4026.0,225,9,4025.6,74,2,4027.0,20,3,4027.2,4,1,4027.3,28,3,4027.4,23,2,4027.5,3,1
11483,2026-07-02 12:15:44+05:30,4027.0,4,4041.39,1085477,145345.0,160283.0,4100.0,4110.0,4012.0,4092.6,24742025,4501.8,3683.4,4440.0,3288.1,4027.0,45,1,4026.5,417,5,4026.4,1,1,4026.3,48,1,4026.0,225,9,4027.3,34,5,4027.4,40,3,4027.5,181,2,4027.7,240,6,4027.8,194,3
11483,2026-07-02 12:15:44+05:30,4027.0,3,4041.39,1085477,145345.0,160283.0,4100.0,4110.0,4012.0,4092.6,24742025,4501.8,3683.4,4440.0,3288.1,4027.0,45,1,4026.5,417,5,4026.4,1,1,4026.3,48,1,4026.0,225,9,4027.3,34,5,4027.4,40,3,4027.5,181,2,4027.7,240,6,4027.8,194,3
11483,2026-07-02 12:15:45+05:30,4027.3,1,4041.39,1085481,145357.0,160283.0,4100.0,4110.0,4012.0,4092.6,24742025,4501.8,3683.4,4440.0,3288.1,4027.0,43,2,4026.5,417,5,4026.4,1,1,4026.3,48,1,4026.0,225,9,4027.3,33,5,4027.4,35,2,4027.5,183,3,4027.6,7,1,4027.7,240,6
11483,2026-07-02 12:15:45+05:30,4027.0,1,4041.39,1085481,145357.0,160283.0,4100.0,4110.0,4012.0,4092.6,24742025,4501.8,3683.4,4440.0,3288.1,4027.0,43,2,4026.5,417,5,4026.4,1,1,4026.3,48,1,4026.0,225,9,4027.3,33,5,4027.4,35,2,4027.5,183,3,4027.6,7,1,4027.7,240,6
11483,2026-07-02 12:15:46+05:30,4027.3,7,4041.39,1085499,145352.0,160311.0,4100.0,4110.0,4012.0,4092.6,24742025,4501.8,3683.4,4440.0,3288.1,4027.0,42,2,4026.5,417,5,4026.4,1,1,4026.3,48,1,4026.0,225,9,4027.3,27,5,4027.4,35,2,4027.5,181,2,4027.6,9,2,4027.7,240,6
11483,2026-07-02 12:15:46+05:30,4027.0,2,4041.39,1085499,145352.0,160311.0,4100.0,4110.0,4012.0,4092.6,24742025,4501.8,3683.4,4440.0,3288.1,4027.0,42,2,4026.5,417,5,4026.4,1,1,4026.3,48,1,4026.0,225,9,4027.3,27,5,4027.4,35,2,4027.5,181,2,4027.6,9,2,4027.7,240,6
11483,2026-07-02 12:15:47+05:30,4027.3,1,4041.39,1085502,145350.0,160311.0,4100.0,4110.0,4012.0,4092.6,24742025,4501.8,3683.4,4440.0,3288.1,4027.0,40,2,4026.5,417,5,4026.4,1,1,4026.3,48,1,4026.0,225,9,4027.3,26,5,4027.4,35,2,4027.5,181,2,4027.6,9,2,4027.7,240,6
11483,2026-07-02 12:15:47+05:30,4027.3,1,4041.39,1085502,145350.0,160311.0,4100.0,4110.0,4012.0,4092.6,24742025,4501.8,3683.4,4440.0,3288.1,4027.0,40,2,4026.5,417,5,4026.4,1,1,4026.3,48,1,4026.0,225,9,4027.3,26,5,4027.4,35,2,4027.5,181,2,4027.6,9,2,4027.7,240,6
11483,2026-07-02 12:15:48+05:30,4027.3,1,4041.39,1085516,145350.0,160310.0,4100.0,4110.0,4012.0,4092.6,24742025,4501.8,3683.4,4440.0,3288.1,4027.0,27,2,4026.5,417,5,4026.4,1,1,4026.3,48,1,4026.0,225,9,4027.3,25,5,4027.4,35,2,4027.5,181,2,4027.6,9,2,4027.7,240,6
11483,2026-07-02 12:15:48+05:30,4027.0,10,4041.39,1085516,145350.0,160310.0,4100.0,4110.0,4012.0,4092.6,24742025,4501.8,3683.4,4440.0,3288.1,4027.0,27,2,4026.5,417,5,4026.4,1,1,4026.3,48,1,4026.0,225,9,4027.3,25,5,4027.4,35,2,4027.5,181,2,4027.6,9,2,4027.7,240,6
11483,2026-07-02 12:15:49+05:30,4027.0,10,4041.39,1085528,145342.0,160296.0,4100.0,4110.0,4012.0,4092.6,24742025,4501.8,3683.4,4440.0,3288.1,4027.0,15,2,4026.5,421,6,4026.4,1,1,4026.3,48,1,4026.0,225,9,4027.3,22,4,4027.4,35,2,4027.5,175,1,4027.7,242,7,4027.8,194,3
11483,2026-07-02 12:15:49+05:30,4027.0,1,4041.39,1085528,145342.0,160296.0,4100.0,4110.0,4012.0,4092.6,24742025,4501.8,3683.4,4440.0,3288.1,4027.0,15,2,4026.5,421,6,4026.4,1,1,4026.3,48,1,4026.0,225,9,4027.3,22,4,4027.4,35,2,4027.5,175,1,4027.7,242,7,4027.8,194,3
11483,2026-07-02 12:15:50+05:30,4027.0,1,4041.39,1085543,144790.0,160420.0,4100.0,4110.0,4012.0,4092.6,24742025,4501.8,3683.4,4440.0,3288.1,4026.5,421,6,4026.4,1,1,4026.3,48,1,4026.0,225,9,4025.6,74,2,4027.0,48,4,4027.1,36,2,4027.2,8,2,4027.3,19,4,4027.4,27,2
11483,2026-07-02 12:15:50+05:30,4026.5,1,4041.39,1085543,144790.0,160420.0,4100.0,4110.0,4012.0,4092.6,24742025,4501.8,3683.4,4440.0,3288.1,4026.5,421,6,4026.4,1,1,4026.3,48,1,4026.0,225,9,4025.6,74,2,4027.0,48,4,4027.1,36,2,4027.2,8,2,4027.3,19,4,4027.4,27,2
11483,2026-07-02 12:15:50+05:30,4026.5,1,4041.39,1085543,144790.0,160420.0,4100.0,4110.0,4012.0,4092.6,24742025,4501.8,3683.4,4440.0,3288.1,4026.5,421,6,4026.4,1,1,4026.3,48,1,4026.0,225,9,4025.6,74,2,4027.0,48,4,4027.1,36,2,4027.2,8,2,4027.3,19,4,4027.4,27,2
11483,2026-07-02 12:15:50+05:30,4026.7,4,4041.39,1085554,144963.0,160778.0,4100.0,4110.0,4012.0,4092.6,24742025,4501.8,3683.4,4440.0,3288.1,4026.5,420,6,4026.4,1,1,4026.3,48,1,4026.0,225,9,4025.6,62,1,4026.9,42,6,4027.0,74,5,4027.1,187,3,4027.2,26,5,4027.3,17,3
11483,2026-07-02 12:15:51+05:30,4026.7,4,4041.39,1085554,144963.0,160778.0,4100.0,4110.0,4012.0,4092.6,24742025,4501.8,3683.4,4440.0,3288.1,4026.5,420,6,4026.4,1,1,4026.3,48,1,4026.0,225,9,4025.6,62,1,4026.9,42,6,4027.0,74,5,4027.1,187,3,4027.2,26,5,4027.3,17,3
11483,2026-07-02 12:15:51+05:30,4026.8,1,4041.39,1085554,144963.0,160778.0,4100.0,4110.0,4012.0,4092.6,24742025,4501.8,3683.4,4440.0,3288.1,4026.5,420,6,4026.4,1,1,4026.3,48,1,4026.0,225,9,4025.6,62,1,4026.9,42,6,4027.0,74,5,4027.1,187,3,4027.2,26,5,4027.3,17,3
11483,2026-07-02 12:15:51+05:30,4026.8,1,4041.39,1085554,144963.0,160778.0,4100.0,4110.0,4012.0,4092.6,24742025,4501.8,3683.4,4440.0,3288.1,4026.5,420,6,4026.4,1,1,4026.3,48,1,4026.0,225,9,4025.6,62,1,4026.9,42,6,4027.0,74,5,4027.1,187,3,4027.2,26,5,4027.3,17,3
11483,2026-07-02 12:15:52+05:30,4026.8,1,4041.39,1085557,144862.0,160707.0,4100.0,4110.0,4012.0,4092.6,24742025,4501.8,3683.4,4440.0,3288.1,4026.6,1,1,4026.5,418,6,4026.4,1,1,4026.3,48,1,4026.0,225,9,4026.8,8,3,4027.0,34,3,4027.1,187,3,4027.2,20,4,4027.3,23,4
11483,2026-07-02 12:15:52+05:30,4026.8,1,4041.39,1085557,144862.0,160707.0,4100.0,4110.0,4012.0,4092.6,24742025,4501.8,3683.4,4440.0,3288.1,4026.6,1,1,4026.5,418,6,4026.4,1,1,4026.3,48,1,4026.0,225,9,4026.8,8,3,4027.0,34,3,4027.1,187,3,4027.2,20,4,4027.3,23,4
11483,2026-07-02 12:15:52+05:30,4026.8,1,4041.39,1085557,144862.0,160707.0,4100.0,4110.0,4012.0,4092.6,24742025,4501.8,3683.4,4440.0,3288.1,4026.6,1,1,4026.5,418,6,4026.4,1,1,4026.3,48,1,4026.0,225,9,4026.8,8,3,4027.0,34,3,4027.1,187,3,4027.2,20,4,4027.3,23,4
11483,2026-07-02 12:15:52+05:30,4026.8,1,4041.39,1085557,144862.0,160707.0,4100.0,4110.0,4012.0,4092.6,24742025,4501.8,3683.4,4440.0,3288.1,4026.6,1,1,4026.5,418,6,4026.4,1,1,4026.3,48,1,4026.0,225,9,4026.8,8,3,4027.0,34,3,4027.1,187,3,4027.2,20,4,4027.3,23,4
11483,2026-07-02 12:15:53+05:30,4026.8,1,4041.39,1085562,145230.0,159820.0,4100.0,4110.0,4012.0,4092.6,24742025,4501.8,3683.4,4440.0,3288.1,4026.6,11,2,4026.5,418,6,4026.4,1,1,4026.3,48,1,4026.0,227,10,4027.5,5,1,4027.6,17,2,4027.7,21,3,4027.9,58,2,4028.0,91,8
11483,2026-07-02 12:15:53+05:30,4026.8,1,4041.39,1085562,145230.0,159820.0,4100.0,4110.0,4012.0,4092.6,24742025,4501.8,3683.4,4440.0,3288.1,4026.6,11,2,4026.5,418,6,4026.4,1,1,4026.3,48,1,4026.0,227,10,4027.5,5,1,4027.6,17,2,4027.7,21,3,4027.9,58,2,4028.0,91,8
11483,2026-07-02 12:15:53+05:30,4026.6,1,4041.39,1085562,145230.0,159820.0,4100.0,4110.0,4012.0,4092.6,24742025,4501.8,3683.4,4440.0,3288.1,4026.6,11,2,4026.5,418,6,4026.4,1,1,4026.3,48,1,4026.0,227,10,4027.5,5,1,4027.6,17,2,4027.7,21,3,4027.9,58,2,4028.0,91,8
11483,2026-07-02 12:15:53+05:30,4026.6,1,4041.39,1085562,145230.0,159820.0,4100.0,4110.0,4012.0,4092.6,24742025,4501.8,3683.4,4440.0,3288.1,4026.6,11,2,4026.5,418,6,4026.4,1,1,4026.3,48,1,4026.0,227,10,4027.5,5,1,4027.6,17,2,4027.7,21,3,4027.9,58,2,4028.0,91,8
11483,2026-07-02 12:15:54+05:30,4027.4,2,4041.39,1085565,145213.0,159824.0,4100.0,4110.0,4012.0,4092.6,24742025,4501.8,3683.4,4440.0,3288.1,4026.6,11,2,4026.5,418,6,4026.4,1,1,4026.3,48,1,4026.0,253,11,4027.4,5,1,4027.5,13,4,4027.6,14,1,4027.7,23,3,4027.8,3,1
11483,2026-07-02 12:15:54+05:30,4027.4,2,4041.39,1085565,145213.0,159824.0,4100.0,4110.0,4012.0,4092.6,24742025,4501.8,3683.4,4440.0,3288.1,4026.6,11,2,4026.5,418,6,4026.4,1,1,4026.3,48,1,4026.0,253,11,4027.4,5,1,4027.5,13,4,4027.6,14,1,4027.7,23,3,4027.8,3,1
11483,2026-07-02 12:15:54+05:30,4027.4,1,4041.39,1085565,145213.0,159824.0,4100.0,4110.0,4012.0,4092.6,24742025,4501.8,3683.4,4440.0,3288.1,4026.6,11,2,4026.5,418,6,4026.4,1,1,4026.3,48,1,4026.0,253,11,4027.4,5,1,4027.5,13,4,4027.6,14,1,4027.7,23,3,4027.8,3,1
11483,2026-07-02 12:15:54+05:30,4027.4,1,4041.39,1085565,145213.0,159824.0,4100.0,4110.0,4012.0,4092.6,24742025,4501.8,3683.4,4440.0,3288.1,4026.6,11,2,4026.5,418,6,4026.4,1,1,4026.3,48,1,4026.0,253,11,4027.4,5,1,4027.5,13,4,4027.6,14,1,4027.7,23,3,4027.8,3,1
11483,2026-07-02 12:15:54+05:30,4027.4,1,4041.39,1085565,145213.0,159824.0,4100.0,4110.0,4012.0,4092.6,24749725,4501.8,3683.4,4440.0,3288.1,4026.6,11,2,4026.5,418,6,4026.4,1,1,4026.3,48,1,4026.0,253,11,4027.4,5,1,4027.5,13,4,4027.6,14,1,4027.7,23,3,4027.8,3,1
11483,2026-07-02 12:15:55+05:30,4027.4,1,4041.39,1085566,145217.0,159824.0,4100.0,4110.0,4012.0,4092.6,24749725,4501.8,3683.4,4440.0,3288.1,4026.6,11,2,4026.5,418,6,4026.4,1,1,4026.3,48,1,4026.0,253,11,4027.4,4,1,4027.5,13,4,4027.6,14,1,4027.7,23,3,4027.8,3,1
11483,2026-07-02 12:15:55+05:30,4027.4,1,4041.39,1085566,145217.0,159824.0,4100.0,4110.0,4012.0,4092.6,24749725,4501.8,3683.4,4440.0,3288.1,4026.6,11,2,4026.5,418,6,4026.4,1,1,4026.3,48,1,4026.0,253,11,4027.4,4,1,4027.5,13,4,4027.6,14,1,4027.7,23,3,4027.8,3,1
11483,2026-07-02 12:15:56+05:30,4027.4,1,4041.39,1085566,145217.0,159824.0,4100.0,4110.0,4012.0,4092.6,24749725,4501.8,3683.4,4440.0,3288.1,4026.6,11,2,4026.5,418,6,4026.4,1,1,4026.3,48,1,4026.0,253,11,4027.4,4,1,4027.5,13,4,4027.6,14,1,4027.7,23,3,4027.8,3,1
11483,2026-07-02 12:15:56+05:30,4026.6,1,4041.39,1085568,145232.0,159799.0,4100.0,4110.0,4012.0,4092.6,24749725,4501.8,3683.4,4440.0,3288.1,4026.6,10,2,4026.5,418,6,4026.4,1,1,4026.3,48,1,4026.0,253,11,4027.4,3,1,4027.5,12,3,4027.6,14,1,4027.7,17,2,4027.8,9,2
11483,2026-07-02 12:15:56+05:30,4026.6,1,4041.39,1085568,145232.0,159799.0,4100.0,4110.0,4012.0,4092.6,24749725,4501.8,3683.4,4440.0,3288.1,4026.6,10,2,4026.5,418,6,4026.4,1,1,4026.3,48,1,4026.0,253,11,4027.4,3,1,4027.5,12,3,4027.6,14,1,4027.7,17,2,4027.8,9,2
11483,2026-07-02 12:15:56+05:30,4026.6,1,4041.39,1085568,145232.0,159799.0,4100.0,4110.0,4012.0,4092.6,24749725,4501.8,3683.4,4440.0,3288.1,4026.6,10,2,4026.5,418,6,4026.4,1,1,4026.3,48,1,4026.0,253,11,4027.4,3,1,4027.5,12,3,4027.6,14,1,4027.7,17,2,4027.8,9,2
11483,2026-07-02 12:15:57+05:30,4027.7,2,4041.38,1085713,145248.0,159744.0,4100.0,4110.0,4012.0,4092.6,24749725,4501.8,3683.4,4440.0,3288.1,4026.5,418,6,4026.4,1,1,4026.3,48,1,4026.0,227,10,4025.9,39,2,4027.6,4,1,4027.7,19,3,4027.8,26,1,4027.9,2,1,4028.0,127,11
11483,2026-07-02 12:15:57+05:30,4026.5,17,4041.38,1085713,145248.0,159744.0,4100.0,4110.0,4012.0,4092.6,24749725,4501.8,3683.4,4440.0,3288.1,4026.5,418,6,4026.4,1,1,4026.3,48,1,4026.0,227,10,4025.9,39,2,4027.6,4,1,4027.7,19,3,4027.8,26,1,4027.9,2,1,4028.0,127,11
11483,2026-07-02 12:15:58+05:30,4027.6,1,4041.38,1085732,145129.0,159875.0,4100.0,4110.0,4012.0,4092.6,24749725,4501.8,3683.4,4440.0,3288.1,4026.5,401,6,4026.4,1,1,4026.3,48,1,4026.0,225,9,4025.7,2,1,4027.5,130,1,4027.6,18,4,4027.7,19,2,4027.8,26,1,4028.0,127,11
11483,2026-07-02 12:15:58+05:30,4026.5,2,4041.38,1085732,145129.0,159875.0,4100.0,4110.0,4012.0,4092.6,24749725,4501.8,3683.4,4440.0,3288.1,4026.5,401,6,4026.4,1,1,4026.3,48,1,4026.0,225,9,4025.7,2,1,4027.5,130,1,4027.6,18,4,4027.7,19,2,4027.8,26,1,4028.0,127,11
11483,2026-07-02 12:15:59+05:30,4027.5,1,4041.38,1085777,145128.0,159971.0,4100.0,4110.0,4012.0,4092.6,24749725,4501.8,3683.4,4440.0,3288.1,4026.5,394,6,4026.4,1,1,4026.3,48,1,4026.0,250,10,4025.7,2,1,4027.5,92,1,4027.6,15,3,4027.7,13,1,4027.8,26,1,4028.0,133,12
11483,2026-07-02 12:15:59+05:30,4026.5,5,4041.38,1085777,145128.0,159971.0,4100.0,4110.0,4012.0,4092.6,24749725,4501.8,3683.4,4440.0,3288.1,4026.5,394,6,4026.4,1,1,4026.3,48,1,4026.0,250,10,4025.7,2,1,4027.5,92,1,4027.6,15,3,4027.7,13,1,4027.8,26,1,4028.0,133,12
11483,2026-07-02 12:16:00+05:30,4027.5,1,4041.38,1085783,145120.0,159965.0,4100.0,4110.0,4012.0,4092.6,24749725,4501.8,3683.4,4440.0,3288.1,4026.5,389,6,4026.4,1,1,4026.3,48,1,4026.0,250,10,4025.7,2,1,4027.5,92,2,4027.6,15,3,4027.7,13,1,4027.8,26,1,4028.0,127,11
11483,2026-07-02 12:16:00+05:30,4026.5,1,4041.38,1085783,145120.0,159965.0,4100.0,4110.0,4012.0,4092.6,24749725,4501.8,3683.4,4440.0,3288.1,4026.5,389,6,4026.4,1,1,4026.3,48,1,4026.0,250,10,4025.7,2,1,4027.5,92,2,4027.6,15,3,4027.7,13,1,4027.8,26,1,4028.0,127,11
11483,2026-07-02 12:16:01+05:30,4027.5,1,4041.38,1085785,145148.0,159928.0,4100.0,4110.0,4012.0,4092.6,24749725,4501.8,3683.4,4440.0,3288.1,4027.0,2,2,4026.5,398,7,4026.4,1,1,4026.3,48,1,4026.0,250,10,4027.5,91,2,4027.6,13,2,4027.8,26,1,4028.0,89,10,4028.1,24,4
11483,2026-07-02 12:16:01+05:30,4027.5,1,4041.38,1085785,145148.0,159928.0,4100.0,4110.0,4012.0,4092.6,24749725,4501.8,3683.4,4440.0,3288.1,4027.0,2,2,4026.5,398,7,4026.4,1,1,4026.3,48,1,4026.0,250,10,4027.5,91,2,4027.6,13,2,4027.8,26,1,4028.0,89,10,4028.1,24,4
11483,2026-07-02 12:16:02+05:30,4027.5,1,4041.38,1085787,145203.0,160138.0,4100.0,4110.0,4012.0,4092.6,24749725,4501.8,3683.4,4440.0,3288.1,4027.2,1,1,4027.0,2,2,4026.6,26,1,4026.5,398,7,4026.4,1,1,4027.5,90,2,4027.6,4,1,4027.8,26,1,4028.0,89,10,4028.1,24,4
11483,2026-07-02 12:16:02+05:30,4027.2,1,4041.38,1085787,145203.0,160138.0,4100.0,4110.0,4012.0,4092.6,24749725,4501.8,3683.4,4440.0,3288.1,4027.2,1,1,4027.0,2,2,4026.6,26,1,4026.5,398,7,4026.4,1,1,4027.5,90,2,4027.6,4,1,4027.8,26,1,4028.0,89,10,4028.1,24,4
11483,2026-07-02 12:16:03+05:30,4027.5,1,4041.38,1085789,145193.0,160309.0,4100.0,4110.0,4012.0,4092.6,24749725,4501.8,3683.4,4440.0,3288.1,4027.4,3,1,4027.2,1,1,4027.0,2,2,4026.5,398,7,4026.4,1,1,4027.5,89,2,4027.6,4,1,4027.8,26,1,4028.0,89,10,4028.1,24,4
11483,2026-07-02 12:16:03+05:30,4027.5,1,4041.38,1085789,145193.0,160309.0,4100.0,4110.0,4012.0,4092.6,24749725,4501.8,3683.4,4440.0,3288.1,4027.4,3,1,4027.2,1,1,4027.0,2,2,4026.5,398,7,4026.4,1,1,4027.5,89,2,4027.6,4,1,4027.8,26,1,4028.0,89,10,4028.1,24,4
11483,2026-07-02 12:16:04+05:30,4027.5,18,4041.38,1085809,145333.0,160253.0,4100.0,4110.0,4012.0,4092.6,24749725,4501.8,3683.4,4440.0,3288.1,4027.4,2,1,4027.2,1,1,4027.0,2,2,4026.5,403,8,4026.4,14,2,4027.5,70,2,4027.8,26,1,4028.0,89,10,4028.1,24,4,4028.2,175,1
11483,2026-07-02 12:16:04+05:30,4027.4,2,4041.38,1085809,145333.0,160253.0,4100.0,4110.0,4012.0,4092.6,24749725,4501.8,3683.4,4440.0,3288.1,4027.4,2,1,4027.2,1,1,4027.0,2,2,4026.5,403,8,4026.4,14,2,4027.5,70,2,4027.8,26,1,4028.0,89,10,4028.1,24,4,4028.2,175,1
11483,2026-07-02 12:16:05+05:30,4027.5,1,4041.38,1085812,145191.0,159874.0,4100.0,4110.0,4012.0,4092.6,24749725,4501.8,3683.4,4440.0,3288.1,4027.2,1,1,4027.0,2,2,4026.5,403,8,4026.4,14,2,4026.3,48,1,4027.4,1,1,4027.5,69,2,4028.0,89,10,4028.1,5,3,4028.2,175,1
11483,2026-07-02 12:16:05+05:30,4027.5,1,4041.38,1085812,145191.0,159874.0,4100.0,4110.0,4012.0,4092.6,24749725,4501.8,3683.4,4440.0,3288.1,4027.2,1,1,4027.0,2,2,4026.5,403,8,4026.4,14,2,4026.3,48,1,4027.4,1,1,4027.5,69,2,4028.0,89,10,4028.1,5,3,4028.2,175,1
11483,2026-07-02 12:16:06+05:30,4027.4,1,4041.38,1085813,145212.0,160075.0,4100.0,4110.0,4012.0,4092.6,24749725,4501.8,3683.4,4440.0,3288.1,4027.4,1,1,4027.2,1,1,4027.0,2,2,4026.5,403,8,4026.4,14,2,4027.5,69,2,4028.0,89,10,4028.1,5,3,4028.2,175,1,4028.3,39,3
11483,2026-07-02 12:16:06+05:30,4027.4,1,4041.38,1085813,145212.0,160075.0,4100.0,4110.0,4012.0,4092.6,24749725,4501.8,3683.4,4440.0,3288.1,4027.4,1,1,4027.2,1,1,4027.0,2,2,4026.5,403,8,4026.4,14,2,4027.5,69,2,4028.0,89,10,4028.1,5,3,4028.2,175,1,4028.3,39,3
11483,2026-07-02 12:16:07+05:30,4027.5,1,4041.38,1085815,145211.0,160030.0,4100.0,4110.0,4012.0,4092.6,24749725,4501.8,3683.4,4440.0,3288.1,4027.4,1,1,4027.0,2,2,4026.5,403,8,4026.4,14,2,4026.3,54,2,4027.5,67,2,4028.0,89,10,4028.1,5,3,4028.2,175,1,4028.3,39,3
11483,2026-07-02 12:16:07+05:30,4027.4,1,4041.38,1085815,145211.0,160030.0,4100.0,4110.0,4012.0,4092.6,24749725,4501.8,3683.4,4440.0,3288.1,4027.4,1,1,4027.0,2,2,4026.5,403,8,4026.4,14,2,4026.3,54,2,4027.5,67,2,4028.0,89,10,4028.1,5,3,4028.2,175,1,4028.3,39,3
11483,2026-07-02 12:16:08+05:30,4027.5,1,4041.38,1085828,145432.0,159655.0,4100.0,4110.0,4012.0,4092.6,24749725,4501.8,3683.4,4440.0,3288.1,4027.4,1,1,4027.0,2,2,4026.7,2,1,4026.6,18,2,4026.5,411,8,4027.5,55,2,4028.0,7,2,4028.1,17,3,4028.3,1,1,4028.7,15,3
11483,2026-07-02 12:16:08+05:30,4027.4,1,4041.38,1085828,145432.0,159655.0,4100.0,4110.0,4012.0,4092.6,24749725,4501.8,3683.4,4440.0,3288.1,4027.4,1,1,4027.0,2,2,4026.7,2,1,4026.6,18,2,4026.5,411,8,4027.5,55,2,4028.0,7,2,4028.1,17,3,4028.3,1,1,4028.7,15,3
11483,2026-07-02 12:16:09+05:30,4027.5,10,4041.38,1085841,145446.0,159735.0,4100.0,4110.0,4012.0,4092.6,24749725,4501.8,3683.4,4440.0,3288.1,4027.4,1,1,4027.0,6,3,4026.6,42,3,4026.5,393,7,4026.4,16,3,4027.5,43,2,4028.0,1,1,4028.1,17,3,4028.3,1,1,4028.7,15,3
11483,2026-07-02 12:16:09+05:30,4027.4,2,4041.38,1085841,145446.0,159735.0,4100.0,4110.0,4012.0,4092.6,24749725,4501.8,3683.4,4440.0,3288.1,4027.4,1,1,4027.0,6,3,4026.6,42,3,4026.5,393,7,4026.4,16,3,4027.5,43,2,4028.0,1,1,4028.1,17,3,4028.3,1,1,4028.7,15,3
11483,2026-07-02 12:16:10+05:30,4027.5,1,4041.38,1085844,145450.0,159729.0,4100.0,4110.0,4012.0,4092.6,24749725,4501.8,3683.4,4440.0,3288.1,4027.4,12,4,4027.0,2,2,4026.9,2,1,4026.8,11,1,4026.6,44,4,4027.5,42,2,4028.0,1,1,4028.1,17,3,4028.3,1,1,4028.7,15,3
11483,2026-07-02 12:16:10+05:30,4027.5,1,4041.38,1085844,145450.0,159729.0,4100.0,4110.0,4012.0,4092.6,24749725,4501.8,3683.4,4440.0,3288.1,4027.4,12,4,4027.0,2,2,4026.9,2,1,4026.8,11,1,4026.6,44,4,4027.5,42,2,4028.0,1,1,4028.1,17,3,4028.3,1,1,4028.7,15,3
11483,2026-07-02 12:16:11+05:30,4027.4,1,4041.38,1085857,145748.0,159712.0,4100.0,4110.0,4012.0,4092.6,24749725,4501.8,3683.4,4440.0,3288.1,4027.4,10,3,4026.9,2,1,4026.8,11,1,4026.6,44,4,4026.5,393,7,4027.5,30,2,4028.0,1,1,4028.1,17,3,4028.3,1,1,4028.7,15,3
11483,2026-07-02 12:16:11+05:30,4027.4,1,4041.38,1085857,145748.0,159712.0,4100.0,4110.0,4012.0,4092.6,24749725,4501.8,3683.4,4440.0,3288.1,4027.4,10,3,4026.9,2,1,4026.8,11,1,4026.6,44,4,4026.5,393,7,4027.5,30,2,4028.0,1,1,4028.1,17,3,4028.3,1,1,4028.7,15,3
11483,2026-07-02 12:16:12+05:30,4027.5,1,4041.38,1085877,145840.0,159665.0,4100.0,4110.0,4012.0,4092.6,24749725,4501.8,3683.4,4440.0,3288.1,4027.4,1,1,4026.8,5,1,4026.6,44,4,4026.5,393,7,4026.4,7,2,4027.5,29,2,4028.0,1,1,4028.1,17,3,4028.3,1,1,4028.7,18,3
11483,2026-07-02 12:16:12+05:30,4027.4,2,4041.38,1085877,145840.0,159665.0,4100.0,4110.0,4012.0,4092.6,24749725,4501.8,3683.4,4440.0,3288.1,4027.4,1,1,4026.8,5,1,4026.6,44,4,4026.5,393,7,4026.4,7,2,4027.5,29,2,4028.0,1,1,4028.1,17,3,4028.3,1,1,4028.7,18,3
11483,2026-07-02 12:16:13+05:30,4027.4,1,4041.38,1085883,145673.0,159660.0,4100.0,4110.0,4012.0,4092.6,24749725,4501.8,3683.4,4440.0,3288.1,4026.8,5,1,4026.6,28,3,4026.5,393,7,4026.4,19,2,4026.3,76,3,4027.5,26,1,4028.0,1,1,4028.1,17,3,4028.3,1,1,4028.5,28,2
11483,2026-07-02 12:16:13+05:30,4027.4,1,4041.38,1085883,145673.0,159660.0,4100.0,4110.0,4012.0,4092.6,24749725,4501.8,3683.4,4440.0,3288.1,4026.8,5,1,4026.6,28,3,4026.5,393,7,4026.4,19,2,4026.3,76,3,4027.5,26,1,4028.0,1,1,4028.1,17,3,4028.3,1,1,4028.5,28,2
11483,2026-07-02 12:16:14+05:30,4027.5,1,4041.38,1085889,145585.0,159721.0,4100.0,4110.0,4012.0,4092.6,24749725,4501.8,3683.4,4440.0,3288.1,4026.6,30,3,4026.5,393,7,4026.4,19,2,4026.3,76,3,4026.2,60,4,4027.5,25,1,4028.0,5,2,4028.1,17,3,4028.3,1,1,4028.5,28,2
11483,2026-07-02 12:16:14+05:30,4026.6,1,4041.38,1085889,145585.0,159721.0,4100.0,4110.0,4012.0,4092.6,24749725,4501.8,3683.4,4440.0,3288.1,4026.6,30,3,4026.5,393,7,4026.4,19,2,4026.3,76,3,4026.2,60,4,4027.5,25,1,4028.0,5,2,4028.1,17,3,4028.3,1,1,4028.5,28,2
11483,2026-07-02 12:16:15+05:30,4027.9,5,4041.38,1085920,145838.0,159903.0,4100.0,4110.0,4012.0,4092.6,24749725,4501.8,3683.4,4440.0,3288.1,4026.5,397,8,4026.4,1,1,4026.3,48,1,4026.2,15,2,4026.1,2,1,4027.9,25,2,4028.0,78,6,4028.1,52,5,4028.2,20,1,4028.3,25,3
11483,2026-07-02 12:16:15+05:30,4026.5,4,4041.38,1085920,145838.0,159903.0,4100.0,4110.0,4012.0,4092.6,24749725,4501.8,3683.4,4440.0,3288.1,4026.5,397,8,4026.4,1,1,4026.3,48,1,4026.2,15,2,4026.1,2,1,4027.9,25,2,4028.0,78,6,4028.1,52,5,4028.2,20,1,4028.3,25,3
11483,2026-07-02 12:16:16+05:30,4028.1,5,4041.38,1085976,145920.0,159843.0,4100.0,4110.0,4012.0,4092.6,24749725,4501.8,3683.4,4440.0,3288.1,4027.0,2,2,4026.5,398,9,4026.4,1,1,4026.3,48,1,4026.2,39,2,4027.4,2,1,4028.0,24,3,4028.1,45,8,4028.3,25,3,4028.4,19,2
11483,2026-07-02 12:16:16+05:30,4027.0,2,4041.38,1085976,145920.0,159843.0,4100.0,4110.0,4012.0,4092.6,24749725,4501.8,3683.4,4440.0,3288.1,4027.0,2,2,4026.5,398,9,4026.4,1,1,4026.3,48,1,4026.2,39,2,4027.4,2,1,4028.0,24,3,4028.1,45,8,4028.3,25,3,4028.4,19,2
11483,2026-07-02 12:16:17+05:30,4027.0,2,4041.38,1085984,145848.0,159929.0,4100.0,4110.0,4012.0,4092.6,24749725,4501.8,3683.4,4440.0,3288.1,4026.5,423,10,4026.4,1,1,4026.3,48,1,4026.2,26,1,4026.1,8,2,4027.4,2,1,4028.0,24,3,4028.1,43,7,4028.3,25,3,4028.4,31,3
11483,2026-07-02 12:16:17+05:30,4026.5,1,4041.38,1085984,145848.0,159929.0,4100.0,4110.0,4012.0,4092.6,24749725,4501.8,3683.4,4440.0,3288.1,4026.5,423,10,4026.4,1,1,4026.3,48,1,4026.2,26,1,4026.1,8,2,4027.4,2,1,4028.0,24,3,4028.1,43,7,4028.3,25,3,4028.4,31,3
11483,2026-07-02 12:16:18+05:30,4026.5,1,4041.38,1085986,145847.0,159929.0,4100.0,4110.0,4012.0,4092.6,24749725,4501.8,3683.4,4440.0,3288.1,4026.5,421,10,4026.4,1,1,4026.3,48,1,4026.2,26,1,4026.1,8,2,4027.4,2,1,4028.0,24,3,4028.1,43,7,4028.3,25,3,4028.4,31,3
11483,2026-07-02 12:16:18+05:30,4026.5,1,4041.38,1085986,145847.0,159929.0,4100.0,4110.0,4012.0,4092.6,24749725,4501.8,3683.4,4440.0,3288.1,4026.5,421,10,4026.4,1,1,4026.3,48,1,4026.2,26,1,4026.1,8,2,4027.4,2,1,4028.0,24,3,4028.1,43,7,4028.3,25,3,4028.4,31,3
11483,2026-07-02 12:16:19+05:30,4026.5,1,4041.38,1085988,145845.0,159929.0,4100.0,4110.0,4012.0,4092.6,24749725,4501.8,3683.4,4440.0,3288.1,4026.5,419,10,4026.4,1,1,4026.3,48,1,4026.2,26,1,4026.1,6,1,4027.4,2,1,4028.0,24,3,4028.1,43,7,4028.3,25,3,4028.4,31,3
11483,2026-07-02 12:16:19+05:30,4026.5,1,4041.38,1085988,145845.0,159929.0,4100.0,4110.0,4012.0,4092.6,24749725,4501.8,3683.4,4440.0,3288.1,4026.5,419,10,4026.4,1,1,4026.3,48,1,4026.2,26,1,4026.1,6,1,4027.4,2,1,4028.0,24,3,4028.1,43,7,4028.3,25,3,4028.4,31,3
11483,2026-07-02 12:16:20+05:30,4026.5,1,4041.38,1085989,145850.0,159929.0,4100.0,4110.0,4012.0,4092.6,24749725,4501.8,3683.4,4440.0,3288.1,4026.5,418,10,4026.4,1,1,4026.3,48,1,4026.2,26,1,4026.1,6,1,4027.4,2,1,4028.0,24,3,4028.1,43,7,4028.3,25,3,4028.4,31,3
11483,2026-07-02 12:16:20+05:30,4026.5,1,4041.38,1085989,145850.0,159929.0,4100.0,4110.0,4012.0,4092.6,24749725,4501.8,3683.4,4440.0,3288.1,4026.5,418,10,4026.4,1,1,4026.3,48,1,4026.2,26,1,4026.1,6,1,4027.4,2,1,4028.0,24,3,4028.1,43,7,4028.3,25,3,4028.4,31,3
11483,2026-07-02 12:16:21+05:30,4027.5,5,4041.38,1085998,145400.0,159961.0,4100.0,4110.0,4012.0,4092.6,24749725,4501.8,3683.4,4440.0,3288.1,4026.5,387,8,4026.4,1,1,4026.3,48,1,4026.2,12,1,4026.0,250,10,4027.5,13,4,4027.6,12,3,4027.7,12,4,4027.8,54,6,4027.9,3,1
11483,2026-07-02 12:16:21+05:30,4026.5,1,4041.38,1085998,145400.0,159961.0,4100.0,4110.0,4012.0,4092.6,24749725,4501.8,3683.4,4440.0,3288.1,4026.5,387,8,4026.4,1,1,4026.3,48,1,4026.2,12,1,4026.0,250,10,4027.5,13,4,4027.6,12,3,4027.7,12,4,4027.8,54,6,4027.9,3,1
11483,2026-07-02 12:16:22+05:30,4027.5,2,4041.38,1085998,145400.0,159961.0,4100.0,4110.0,4012.0,4092.6,24749725,4501.8,3683.4,4440.0,3288.1,4026.5,387,8,4026.4,1,1,4026.3,48,1,4026.2,12,1,4026.0,250,10,4027.5,13,4,4027.6,12,3,4027.7,12,4,4027.8,54,6,4027.9,3,1
11483,2026-07-02 12:16:22+05:30,4027.0,1,4041.38,1086003,145405.0,159991.0,4100.0,4110.0,4012.0,4092.6,24749725,4501.8,3683.4,4440.0,3288.1,4027.0,1,1,4026.5,385,8,4026.4,1,1,4026.3,48,1,4026.2,12,1,4027.5,8,3,4027.6,12,3,4027.7,12,4,4027.8,64,6,4027.9,3,1
11483,2026-07-02 12:16:23+05:30,4027.5,1,4041.38,1086003,145405.0,159991.0,4100.0,4110.0,4012.0,4092.6,24749725,4501.8,3683.4,4440.0,3288.1,4027.0,1,1,4026.5,385,8,4026.4,1,1,4026.3,48,1,4026.2,12,1,4027.5,8,3,4027.6,12,3,4027.7,12,4,4027.8,64,6,4027.9,3,1
11483,2026-07-02 12:16:23+05:30,4027.5,5,4041.38,1086031,145107.0,160091.0,4100.0,4110.0,4012.0,4092.6,24749725,4501.8,3683.4,4440.0,3288.1,4026.5,384,8,4026.4,1,1,4026.3,48,1,4026.2,12,1,4026.0,260,11,4027.6,15,5,4027.7,12,4,4027.8,44,4,4027.9,8,2,4028.0,98,10
11483,2026-07-02 12:16:24+05:30,4026.5,1,4041.38,1086031,145107.0,160091.0,4100.0,4110.0,4012.0,4092.6,24749725,4501.8,3683.4,4440.0,3288.1,4026.5,384,8,4026.4,1,1,4026.3,48,1,4026.2,12,1,4026.0,260,11,4027.6,15,5,4027.7,12,4,4027.8,44,4,4027.9,8,2,4028.0,98,10
11483,2026-07-02 12:16:24+05:30,4026.5,1,4041.38,1086038,145084.0,160180.0,4100.0,4110.0,4012.0,4092.6,24749725,4501.8,3683.4,4440.0,3288.1,4026.5,378,8,4026.4,1,1,4026.3,48,1,4026.2,12,1,4026.0,260,11,4027.6,14,5,4027.7,12,4,4027.8,122,5,4027.9,8,2,4028.0,98,10
11483,2026-07-02 12:16:25+05:30,4026.5,1,4041.38,1086038,145084.0,160180.0,4100.0,4110.0,4012.0,4092.6,24749725,4501.8,3683.4,4440.0,3288.1,4026.5,378,8,4026.4,1,1,4026.3,48,1,4026.2,12,1,4026.0,260,11,4027.6,14,5,4027.7,12,4,4027.8,122,5,4027.9,8,2,4028.0,98,10
11483,2026-07-02 12:16:25+05:30,4026.5,1,4041.38,1086039,145090.0,160108.0,4100.0,4110.0,4012.0,4092.6,24749725,4501.8,3683.4,4440.0,3288.1,4026.5,377,8,4026.4,1,1,4026.3,48,1,4026.2,12,1,4026.0,260,11,4027.6,13,4,4027.7,12,4,4027.8,44,4,4027.9,8,2,4028.0,98,10
11483,2026-07-02 12:16:26+05:30,4027.6,1,4041.38,1086039,145090.0,160108.0,4100.0,4110.0,4012.0,4092.6,24749725,4501.8,3683.4,4440.0,3288.1,4026.5,377,8,4026.4,1,1,4026.3,48,1,4026.2,12,1,4026.0,260,11,4027.6,13,4,4027.7,12,4,4027.8,44,4,4027.9,8,2,4028.0,98,10
11483,2026-07-02 12:16:26+05:30,4027.6,1,4041.38,1086047,145110.0,160070.0,4100.0,4110.0,4012.0,4092.6,24749725,4501.8,3683.4,4440.0,3288.1,4026.5,377,8,4026.4,1,1,4026.3,48,1,4026.2,12,1,4026.0,260,11,4027.6,51,4,4027.7,11,3,4027.8,44,4,4027.9,8,2,4028.0,98,10
11483,2026-07-02 12:16:27+05:30,4027.6,1,4041.38,1086047,145110.0,160070.0,4100.0,4110.0,4012.0,4092.6,24749725,4501.8,3683.4,4440.0,3288.1,4026.5,377,8,4026.4,1,1,4026.3,48,1,4026.2,12,1,4026.0,260,11,4027.6,51,4,4027.7,11,3,4027.8,44,4,4027.9,8,2,4028.0,98,10
11483,2026-07-02 12:16:27+05:30,4027.6,1,4041.38,1086052,145088.0,160172.0,4100.0,4110.0,4012.0,4092.6,24749725,4501.8,3683.4,4440.0,3288.1,4026.5,375,8,4026.4,1,1,4026.3,48,1,4026.2,12,1,4026.0,260,11,4027.6,33,2,4027.7,11,3,4027.8,44,5,4027.9,8,2,4028.0,98,10
11483,2026-07-02 12:16:28+05:30,4027.5,1,4041.38,1086052,145088.0,160172.0,4100.0,4110.0,4012.0,4092.6,24749725,4501.8,3683.4,4440.0,3288.1,4026.5,375,8,4026.4,1,1,4026.3,48,1,4026.2,12,1,4026.0,260,11,4027.6,33,2,4027.7,11,3,4027.8,44,5,4027.9,8,2,4028.0,98,10
11483,2026-07-02 12:16:28+05:30,4027.6,2,4041.38,1086062,145083.0,160139.0,4100.0,4110.0,4012.0,4092.6,24749725,4501.8,3683.4,4440.0,3288.1,4026.5,374,8,4026.4,1,1,4026.3,48,1,4026.2,12,1,4026.0,260,11,4027.6,44,3,4027.7,11,3,4027.8,60,5,4027.9,8,2,4028.0,98,10
11483,2026-07-02 12:16:29+05:30,4026.5,10,4041.38,1086062,145083.0,160139.0,4100.0,4110.0,4012.0,4092.6,24749725,4501.8,3683.4,4440.0,3288.1,4026.5,374,8,4026.4,1,1,4026.3,48,1,4026.2,12,1,4026.0,260,11,4027.6,44,3,4027.7,11,3,4027.8,60,5,4027.9,8,2,4028.0,98,10
11483,2026-07-02 12:16:29+05:30,4026.5,10,4041.38,1086090,145076.0,160143.0,4100.0,4110.0,4012.0,4092.6,24749725,4501.8,3683.4,4440.0,3288.1,4026.5,347,8,4026.4,1,1,4026.3,48,1,4026.2,12,1,4026.0,260,11,4027.6,50,5,4027.7,11,3,4027.8,57,4,4027.9,8,2,4028.0,101,11
11483,2026-07-02 12:16:30+05:30,4027.6,1,4041.38,1086090,145076.0,160143.0,4100.0,4110.0,4012.0,4092.6,24749725,4501.8,3683.4,4440.0,3288.1,4026.5,347,8,4026.4,1,1,4026.3,48,1,4026.2,12,1,4026.0,260,11,4027.6,50,5,4027.7,11,3,4027.8,57,4,4027.9,8,2,4028.0,101,11
11483,2026-07-02 12:16:30+05:30,4027.6,3,4041.38,1086102,145065.0,160176.0,4100.0,4110.0,4012.0,4092.6,24749725,4501.8,3683.4,4440.0,3288.1,4026.5,343,8,4026.4,1,1,4026.3,48,1,4026.0,260,11,4025.9,13,1,4027.6,43,6,4027.7,11,3,4027.8,57,4,4027.9,8,2,4028.0,101,11
11483,2026-07-02 12:16:31+05:30,4027.6,1,4041.38,1086102,145065.0,160176.0,4100.0,4110.0,4012.0,4092.6,24749725,4501.8,3683.4,4440.0,3288.1,4026.5,343,8,4026.4,1,1,4026.3,48,1,4026.0,260,11,4025.9,13,1,4027.6,43,6,4027.7,11,3,4027.8,57,4,4027.9,8,2,4028.0,101,11
11483,2026-07-02 12:16:31+05:30,4027.6,1,4041.38,1086108,145149.0,160171.0,4100.0,4110.0,4012.0,4092.6,24749725,4501.8,3683.4,4440.0,3288.1,4026.5,342,8,4026.4,1,1,4026.3,48,1,4026.0,260,11,4025.9,13,1,4027.6,38,6,4027.7,11,3,4027.8,57,4,4027.9,8,2,4028.0,101,11
11483,2026-07-02 12:16:32+05:30,4027.6,1,4041.38,1086108,145149.0,160171.0,4100.0,4110.0,4012.0,4092.6,24749725,4501.8,3683.4,4440.0,3288.1,4026.5,342,8,4026.4,1,1,4026.3,48,1,4026.0,260,11,4025.9,13,1,4027.6,38,6,4027.7,11,3,4027.8,57,4,4027.9,8,2,4028.0,101,11
11483,2026-07-02 12:16:33+05:30,4027.6,1,4041.38,1086116,145057.0,160074.0,4100.0,4110.0,4012.0,4092.6,24749725,4501.8,3683.4,4440.0,3288.1,4026.5,341,8,4026.4,1,1,4026.3,48,1,4026.0,260,11,4025.9,13,1,4027.6,34,6,4027.7,11,3,4027.8,57,4,4027.9,8,2,4028.0,66,9
11483,2026-07-02 12:16:33+05:30,4027.6,1,4041.38,1086116,145057.0,160074.0,4100.0,4110.0,4012.0,4092.6,24749725,4501.8,3683.4,4440.0,3288.1,4026.5,341,8,4026.4,1,1,4026.3,48,1,4026.0,260,11,4025.9,13,1,4027.6,34,6,4027.7,11,3,4027.8,57,4,4027.9,8,2,4028.0,66,9
11483,2026-07-02 12:16:34+05:30,4026.5,2,4041.38,1086126,145048.0,160105.0,4100.0,4110.0,4012.0,4092.6,24749725,4501.8,3683.4,4440.0,3288.1,4026.5,332,8,4026.4,1,1,4026.3,48,1,4026.0,260,11,4025.9,13,1,4027.6,33,6,4027.7,11,3,4027.8,57,4,4027.9,8,2,4028.0,69,10
11483,2026-07-02 12:16:34+05:30,4026.6,2,4041.38,1086126,145048.0,160105.0,4100.0,4110.0,4012.0,4092.6,24749725,4501.8,3683.4,4440.0,3288.1,4026.5,332,8,4026.4,1,1,4026.3,48,1,4026.0,260,11,4025.9,13,1,4027.6,33,6,4027.7,11,3,4027.8,57,4,4027.9,8,2,4028.0,69,10
11483,2026-07-02 12:16:35+05:30,4026.6,2,4041.38,1086130,145050.0,160186.0,4100.0,4110.0,4012.0,4092.6,24749725,4501.8,3683.4,4440.0,3288.1,4026.6,2,1,4026.5,331,8,4026.4,1,1,4026.3,48,1,4026.0,261,12,4027.6,31,5,4027.7,11,3,4027.8,57,4,4027.9,19,3,4028.0,100,12
11483,2026-07-02 12:16:35+05:30,4026.6,1,4041.38,1086130,145050.0,160186.0,4100.0,4110.0,4012.0,4092.6,24749725,4501.8,3683.4,4440.0,3288.1,4026.6,2,1,4026.5,331,8,4026.4,1,1,4026.3,48,1,4026.0,261,12,4027.6,31,5,4027.7,11,3,4027.8,57,4,4027.9,19,3,4028.0,100,12
11483,2026-07-02 12:16:36+05:30,4027.6,1,4041.38,1086133,145049.0,160131.0,4100.0,4110.0,4012.0,4092.6,24749725,4501.8,3683.4,4440.0,3288.1,4026.6,1,1,4026.5,332,9,4026.4,1,1,4026.3,48,1,4026.0,261,12,4027.6,29,5,4027.7,32,4,4027.8,54,3,4027.9,19,3,4028.0,100,12
11483,2026-07-02 12:16:36+05:30,4027.6,1,4041.38,1086133,145049.0,160131.0,4100.0,4110.0,4012.0,4092.6,24749725,4501.8,3683.4,4440.0,3288.1,4026.6,1,1,4026.5,332,9,4026.4,1,1,4026.3,48,1,4026.0,261,12,4027.6,29,5,4027.7,32,4,4027.8,54,3,4027.9,19,3,4028.0,100,12
11483,2026-07-02 12:16:37+05:30,4027.6,3,4041.38,1086149,145017.0,160157.0,4100.0,4110.0,4012.0,4092.6,24749725,4501.8,3683.4,4440.0,3288.1,4026.6,2,1,4026.5,332,9,4026.4,1,1,4026.3,48,1,4026.0,261,12,4027.6,26,6,4027.7,32,4,4027.8,54,3,4027.9,19,3,4028.0,100,12
11483,2026-07-02 12:16:37+05:30,4026.6,2,4041.38,1086149,145017.0,160157.0,4100.0,4110.0,4012.0,4092.6,24749725,4501.8,3683.4,4440.0,3288.1,4026.6,2,1,4026.5,332,9,4026.4,1,1,4026.3,48,1,4026.0,261,12,4027.6,26,6,4027.7,32,4,4027.8,54,3,4027.9,19,3,4028.0,100,12
11483,2026-07-02 12:16:38+05:30,4027.6,1,4041.38,1086155,145061.0,159934.0,4100.0,4110.0,4012.0,4092.6,24749725,4501.8,3683.4,4440.0,3288.1,4027.0,7,1,4026.6,2,1,4026.5,333,10,4026.4,1,1,4026.3,48,1,4027.6,22,5,4027.7,11,3,4027.8,64,4,4027.9,19,3,4028.0,67,10
11483,2026-07-02 12:16:38+05:30,4027.0,1,4041.38,1086155,145061.0,159934.0,4100.0,4110.0,4012.0,4092.6,24749725,4501.8,3683.4,4440.0,3288.1,4027.0,7,1,4026.6,2,1,4026.5,333,10,4026.4,1,1,4026.3,48,1,4027.6,22,5,4027.7,11,3,4027.8,64,4,4027.9,19,3,4028.0,67,10
11483,2026-07-02 12:16:39+05:30,4026.6,8,4041.38,1086174,145049.0,160064.0,4100.0,4110.0,4012.0,4092.6,24749725,4501.8,3683.4,4440.0,3288.1,4026.6,2,1,4026.5,333,10,4026.4,1,1,4026.3,48,1,4026.0,261,12,4027.5,8,1,4027.6,19,5,4027.7,11,3,4027.8,64,4,4027.9,19,3
11483,2026-07-02 12:16:39+05:30,4026.6,8,4041.38,1086174,145049.0,160064.0,4100.0,4110.0,4012.0,4092.6,24749725,4501.8,3683.4,4440.0,3288.1,4026.6,2,1,4026.5,333,10,4026.4,1,1,4026.3,48,1,4026.0,261,12,4027.5,8,1,4027.6,19,5,4027.7,11,3,4027.8,64,4,4027.9,19,3
11483,2026-07-02 12:16:40+05:30,4026.6,1,4041.38,1086174,145049.0,160064.0,4100.0,4110.0,4012.0,4092.6,24749725,4501.8,3683.4,4440.0,3288.1,4026.6,2,1,4026.5,333,10,4026.4,1,1,4026.3,48,1,4026.0,261,12,4027.5,8,1,4027.6,19,5,4027.7,11,3,4027.8,64,4,4027.9,19,3
11483,2026-07-02 12:16:40+05:30,4026.6,1,4041.38,1086178,145105.0,160098.0,4100.0,4110.0,4012.0,4092.6,24749725,4501.8,3683.4,4440.0,3288.1,4026.6,1,1,4026.5,383,11,4026.4,1,1,4026.3,48,1,4026.0,261,12,4027.0,20,1,4027.5,7,1,4027.6,17,4,4027.7,9,2,4027.8,69,5
11483,2026-07-02 12:16:41+05:30,4027.0,1,4041.38,1086178,145105.0,160098.0,4100.0,4110.0,4012.0,4092.6,24749725,4501.8,3683.4,4440.0,3288.1,4026.6,1,1,4026.5,383,11,4026.4,1,1,4026.3,48,1,4026.0,261,12,4027.0,20,1,4027.5,7,1,4027.6,17,4,4027.7,9,2,4027.8,69,5
11483,2026-07-02 12:16:41+05:30,4027.0,1,4041.38,1086179,144963.0,160442.0,4100.0,4110.0,4012.0,4092.6,24749725,4501.8,3683.4,4440.0,3288.1,4026.6,1,1,4026.5,398,12,4026.4,1,1,4026.3,48,1,4026.0,261,12,4026.8,25,2,4026.9,42,1,4027.0,24,2,4027.5,9,2,4027.6,17,4
11483,2026-07-02 12:16:42+05:30,4026.5,1,4041.38,1086179,144963.0,160442.0,4100.0,4110.0,4012.0,4092.6,24749725,4501.8,3683.4,4440.0,3288.1,4026.6,1,1,4026.5,398,12,4026.4,1,1,4026.3,48,1,4026.0,261,12,4026.8,25,2,4026.9,42,1,4027.0,24,2,4027.5,9,2,4027.6,17,4
11483,2026-07-02 12:16:42+05:30,4026.5,1,4041.38,1086188,144989.0,160494.0,4100.0,4110.0,4012.0,4092.6,24749725,4501.8,3683.4,4440.0,3288.1,4026.5,395,12,4026.4,1,1,4026.3,48,1,4026.0,261,12,4025.6,74,2,4026.7,20,2,4026.8,47,2,4026.9,2,1,4027.0,69,4,4027.1,49,2
11483,2026-07-02 12:16:43+05:30,4026.7,1,4041.38,1086188,144989.0,160494.0,4100.0,4110.0,4012.0,4092.6,24749725,4501.8,3683.4,4440.0,3288.1,4026.5,395,12,4026.4,1,1,4026.3,48,1,4026.0,261,12,4025.6,74,2,4026.7,20,2,4026.8,47,2,4026.9,2,1,4027.0,69,4,4027.1,49,2
11483,2026-07-02 12:16:43+05:30,4026.7,1,4041.38,1086191,145005.0,160522.0,4100.0,4110.0,4012.0,4092.6,24749725,4501.8,3683.4,4440.0,3288.1,4026.5,393,12,4026.4,1,1,4026.3,48,1,4026.0,261,12,4025.6,74,2,4026.7,61,3,4026.8,47,2,4026.9,44,2,4027.0,27,3,4027.1,49,2
11483,2026-07-02 12:16:44+05:30,4026.7,1,4041.38,1086191,145005.0,160522.0,4100.0,4110.0,4012.0,4092.6,24749725,4501.8,3683.4,4440.0,3288.1,4026.5,393,12,4026.4,1,1,4026.3,48,1,4026.0,261,12,4025.6,74,2,4026.7,61,3,4026.8,47,2,4026.9,44,2,4027.0,27,3,4027.1,49,2
11483,2026-07-02 12:16:44+05:30,4026.7,1,4041.38,1086196,144996.0,160467.0,4100.0,4110.0,4012.0,4092.6,24749725,4501.8,3683.4,4440.0,3288.1,4026.5,389,12,4026.4,1,1,4026.3,48,1,4026.0,261,12,4025.6,74,2,4026.7,60,3,4026.8,47,2,4026.9,42,1,4027.0,27,3,4027.1,49,2
11483,2026-07-02 12:16:45+05:30,4026.7,1,4041.38,1086196,144996.0,160467.0,4100.0,4110.0,4012.0,4092.6,24749725,4501.8,3683.4,4440.0,3288.1,4026.5,389,12,4026.4,1,1,4026.3,48,1,4026.0,261,12,4025.6,74,2,4026.7,60,3,4026.8,47,2,4026.9,42,1,4027.0,27,3,4027.1,49,2
11483,2026-07-02 12:16:45+05:30,4026.7,3,4041.38,1086205,144995.0,160452.0,4100.0,4110.0,4012.0,4092.6,24749725,4501.8,3683.4,4440.0,3288.1,4026.5,388,12,4026.4,1,1,4026.3,48,1,4026.0,261,12,4025.6,74,2,4026.7,52,3,4026.8,47,2,4026.9,42,1,4027.0,27,3,4027.1,49,2
11483,2026-07-02 12:16:46+05:30,4026.7,1,4041.38,1086205,144995.0,160452.0,4100.0,4110.0,4012.0,4092.6,24749725,4501.8,3683.4,4440.0,3288.1,4026.5,388,12,4026.4,1,1,4026.3,48,1,4026.0,261,12,4025.6,74,2,4026.7,52,3,4026.8,47,2,4026.9,42,1,4027.0,27,3,4027.1,49,2
11483,2026-07-02 12:16:46+05:30,4026.7,2,4041.38,1086219,144929.0,160411.0,4100.0,4110.0,4012.0,4092.6,24749725,4501.8,3683.4,4440.0,3288.1,4026.5,397,13,4026.4,1,1,4026.3,48,1,4026.0,261,12,4025.6,74,2,4026.6,78,1,4026.7,39,1,4026.8,47,2,4026.9,42,1,4027.0,27,3
11483,2026-07-02 12:16:47+05:30,4026.7,1,4041.38,1086219,144929.0,160411.0,4100.0,4110.0,4012.0,4092.6,24749725,4501.8,3683.4,4440.0,3288.1,4026.5,397,13,4026.4,1,1,4026.3,48,1,4026.0,261,12,4025.6,74,2,4026.6,78,1,4026.7,39,1,4026.8,47,2,4026.9,42,1,4027.0,27,3
11483,2026-07-02 12:16:47+05:30,4026.7,1,4041.38,1086237,144915.0,160428.0,4100.0,4110.0,4012.0,4092.6,24749725,4501.8,3683.4,4440.0,3288.1,4026.5,380,13,4026.4,1,1,4026.3,48,1,4026.0,261,12,4025.6,74,2,4026.6,77,1,4026.7,38,1,4026.8,47,2,4026.9,42,1,4027.0,27,3
11483,2026-07-02 12:16:48+05:30,4026.6,5,4041.38,1086237,144915.0,160428.0,4100.0,4110.0,4012.0,4092.6,24749725,4501.8,3683.4,4440.0,3288.1,4026.5,380,13,4026.4,1,1,4026.3,48,1,4026.0,261,12,4025.6,74,2,4026.6,77,1,4026.7,38,1,4026.8,47,2,4026.9,42,1,4027.0,27,3
11483,2026-07-02 12:16:48+05:30,4026.6,5,4041.38,1086275,144918.0,160398.0,4100.0,4110.0,4012.0,4092.6,24749725,4501.8,3683.4,4440.0,3288.1,4026.5,378,13,4026.4,1,1,4026.3,48,1,4026.0,261,12,4025.6,74,2,4026.6,41,1,4026.7,37,1,4026.8,47,2,4026.9,42,1,4027.0,27,3
11483,2026-07-02 12:16:49+05:30,4026.7,1,4041.38,1086275,144918.0,160398.0,4100.0,4110.0,4012.0,4092.6,24749725,4501.8,3683.4,4440.0,3288.1,4026.5,378,13,4026.4,1,1,4026.3,48,1,4026.0,261,12,4025.6,74,2,4026.6,41,1,4026.7,37,1,4026.8,47,2,4026.9,42,1,4027.0,27,3
11483,2026-07-02 12:16:49+05:30,4026.5,1,4041.38,1086297,144906.0,160398.0,4100.0,4110.0,4012.0,4092.6,24749725,4501.8,3683.4,4440.0,3288.1,4026.5,367,14,4026.4,1,1,4026.3,48,1,4026.0,261,12,4025.6,74,2,4026.6,40,1,4026.7,36,1,4026.8,42,1,4026.9,42,1,4027.0,27,3
11483,2026-07-02 12:16:50+05:30,4026.5,2,4041.38,1086297,144906.0,160398.0,4100.0,4110.0,4012.0,4092.6,24749725,4501.8,3683.4,4440.0,3288.1,4026.5,367,14,4026.4,1,1,4026.3,48,1,4026.0,261,12,4025.6,74,2,4026.6,40,1,4026.7,36,1,4026.8,42,1,4026.9,42,1,4027.0,27,3
11483,2026-07-02 12:16:50+05:30,4026.5,1,4041.38,1086315,144898.0,160399.0,4100.0,4110.0,4012.0,4092.6,24749725,4501.8,3683.4,4440.0,3288.1,4026.5,364,14,4026.4,1,1,4026.3,48,1,4026.0,261,12,4025.6,74,2,4026.6,25,1,4026.7,36,1,4026.8,42,1,4026.9,42,1,4027.0,27,3
11483,2026-07-02 12:16:51+05:30,4026.5,1,4041.38,1086315,144898.0,160399.0,4100.0,4110.0,4012.0,4092.6,24749725,4501.8,3683.4,4440.0,3288.1,4026.5,364,14,4026.4,1,1,4026.3,48,1,4026.0,261,12,4025.6,74,2,4026.6,25,1,4026.7,36,1,4026.8,42,1,4026.9,42,1,4027.0,27,3
11483,2026-07-02 12:16:51+05:30,4026.6,5,4041.38,1086315,144898.0,160399.0,4100.0,4110.0,4012.0,4092.6,24749725,4501.8,3683.4,4440.0,3288.1,4026.5,364,14,4026.4,1,1,4026.3,48,1,4026.0,261,12,4025.6,74,2,4026.6,25,1,4026.7,36,1,4026.8,42,1,4026.9,42,1,4027.0,27,3
11483,2026-07-02 12:16:51+05:30,4026.6,5,4041.38,1086315,144898.0,160399.0,4100.0,4110.0,4012.0,4092.6,24749725,4501.8,3683.4,4440.0,3288.1,4026.5,364,14,4026.4,1,1,4026.3,48,1,4026.0,261,12,4025.6,74,2,4026.6,25,1,4026.7,36,1,4026.8,42,1,4026.9,42,1,4027.0,27,3
11483,2026-07-02 12:16:51+05:30,4026.5,14,4041.38,1086353,144881.0,160441.0,4100.0,4110.0,4012.0,4092.6,24749725,4501.8,3683.4,4440.0,3288.1,4026.5,346,14,4026.4,1,1,4026.3,48,1,4026.0,261,12,4025.6,74,2,4026.6,5,1,4026.7,70,2,4026.8,43,2,4026.9,42,1,4027.0,33,4
11483,2026-07-02 12:16:52+05:30,4026.5,14,4041.38,1086353,144881.0,160441.0,4100.0,4110.0,4012.0,4092.6,24749725,4501.8,3683.4,4440.0,3288.1,4026.5,346,14,4026.4,1,1,4026.3,48,1,4026.0,261,12,4025.6,74,2,4026.6,5,1,4026.7,70,2,4026.8,43,2,4026.9,42,1,4027.0,33,4
11483,2026-07-02 12:16:52+05:30,4026.7,5,4041.38,1086353,144881.0,160441.0,4100.0,4110.0,4012.0,4092.6,24749725,4501.8,3683.4,4440.0,3288.1,4026.5,346,14,4026.4,1,1,4026.3,48,1,4026.0,261,12,4025.6,74,2,4026.6,5,1,4026.7,70,2,4026.8,43,2,4026.9,42,1,4027.0,33,4
11483,2026-07-02 12:16:52+05:30,4026.6,1,4041.38,1086363,144877.0,160355.0,4100.0,4110.0,4012.0,4092.6,24749725,4501.8,3683.4,4440.0,3288.1,4026.6,1,1,4026.5,342,14,4026.4,1,1,4026.3,48,1,4026.0,261,12,4026.7,70,3,4026.8,1,1,4026.9,42,1,4027.0,70,4,4027.1,2,1
11483,2026-07-02 12:16:53+05:30,4026.6,1,4041.38,1086363,144877.0,160355.0,4100.0,4110.0,4012.0,4092.6,24749725,4501.8,3683.4,4440.0,3288.1,4026.6,1,1,4026.5,342,14,4026.4,1,1,4026.3,48,1,4026.0,261,12,4026.7,70,3,4026.8,1,1,4026.9,42,1,4027.0,70,4,4027.1,2,1
11483,2026-07-02 12:16:53+05:30,4026.6,2,4041.38,1086363,144877.0,160355.0,4100.0,4110.0,4012.0,4092.6,24749725,4501.8,3683.4,4440.0,3288.1,4026.6,1,1,4026.5,342,14,4026.4,1,1,4026.3,48,1,4026.0,261,12,4026.7,70,3,4026.8,1,1,4026.9,42,1,4027.0,70,4,4027.1,2,1
11483,2026-07-02 12:16:53+05:30,4026.6,2,4041.38,1086365,144876.0,160456.0,4100.0,4110.0,4012.0,4092.6,24749725,4501.8,3683.4,4440.0,3288.1,4026.5,352,15,4026.4,1,1,4026.3,48,1,4026.0,251,11,4025.6,74,2,4026.6,81,1,4026.7,70,3,4026.8,43,2,4026.9,42,1,4027.0,28,3
11483,2026-07-02 12:16:54+05:30,4026.6,2,4041.38,1086365,144876.0,160456.0,4100.0,4110.0,4012.0,4092.6,24749725,4501.8,3683.4,4440.0,3288.1,4026.5,352,15,4026.4,1,1,4026.3,48,1,4026.0,251,11,4025.6,74,2,4026.6,81,1,4026.7,70,3,4026.8,43,2,4026.9,42,1,4027.0,28,3
11483,2026-07-02 12:16:54+05:30,4026.6,48,4041.38,1086365,144876.0,160456.0,4100.0,4110.0,4012.0,4092.6,24749725,4501.8,3683.4,4440.0,3288.1,4026.5,352,15,4026.4,1,1,4026.3,48,1,4026.0,251,11,4025.6,74,2,4026.6,81,1,4026.7,70,3,4026.8,43,2,4026.9,42,1,4027.0,28,3
11483,2026-07-02 12:16:54+05:30,4026.6,48,4041.38,1086416,144837.0,160418.0,4100.0,4110.0,4012.0,4092.6,24749725,4501.8,3683.4,4440.0,3288.1,4026.5,351,15,4026.4,1,1,4026.0,251,11,4025.6,74,2,4025.5,155,3,4026.6,31,1,4026.7,70,3,4026.8,43,2,4026.9,42,1,4027.0,28,3
11483,2026-07-02 12:16:54+05:30,4026.6,48,4041.38,1086416,144837.0,160418.0,4100.0,4110.0,4012.0,4092.6,24749725,4501.8,3683.4,4440.0,3288.1,4026.5,351,15,4026.4,1,1,4026.0,251,11,4025.6,74,2,4025.5,155,3,4026.6,31,1,4026.7,70,3,4026.8,43,2,4026.9,42,1,4027.0,28,3
11483,2026-07-02 12:16:55+05:30,4026.6,48,4041.38,1086416,144837.0,160418.0,4100.0,4110.0,4012.0,4092.6,24752175,4501.8,3683.4,4440.0,3288.1,4026.5,351,15,4026.4,1,1,4026.0,251,11,4025.6,74,2,4025.5,155,3,4026.6,31,1,4026.7,70,3,4026.8,43,2,4026.9,42,1,4027.0,28,3
11483,2026-07-02 12:16:55+05:30,4026.6,1,4041.38,1086416,144837.0,160418.0,4100.0,4110.0,4012.0,4092.6,24752175,4501.8,3683.4,4440.0,3288.1,4026.5,351,15,4026.4,1,1,4026.0,251,11,4025.6,74,2,4025.5,155,3,4026.6,31,1,4026.7,70,3,4026.8,43,2,4026.9,42,1,4027.0,28,3
11483,2026-07-02 12:16:55+05:30,4026.5,1,4041.38,1086435,144551.0,160429.0,4100.0,4110.0,4012.0,4092.6,24752175,4501.8,3683.4,4440.0,3288.1,4026.5,343,15,4026.4,1,1,4026.0,251,11,4025.6,74,2,4025.5,129,2,4026.6,25,2,4026.7,72,4,4026.8,43,2,4026.9,44,2,4027.0,28,3
11483,2026-07-02 12:16:55+05:30,4026.5,1,4041.38,1086435,144551.0,160429.0,4100.0,4110.0,4012.0,4092.6,24752175,4501.8,3683.4,4440.0,3288.1,4026.5,343,15,4026.4,1,1,4026.0,251,11,4025.6,74,2,4025.5,129,2,4026.6,25,2,4026.7,72,4,4026.8,43,2,4026.9,44,2,4027.0,28,3
11483,2026-07-02 12:16:56+05:30,4026.5,1,4041.38,1086435,144551.0,160429.0,4100.0,4110.0,4012.0,4092.6,24752175,4501.8,3683.4,4440.0,3288.1,4026.5,343,15,4026.4,1,1,4026.0,251,11,4025.6,74,2,4025.5,129,2,4026.6,25,2,4026.7,72,4,4026.8,43,2,4026.9,44,2,4027.0,28,3
11483,2026-07-02 12:16:56+05:30,4026.5,3,4041.38,1086435,144551.0,160429.0,4100.0,4110.0,4012.0,4092.6,24752175,4501.8,3683.4,4440.0,3288.1,4026.5,343,15,4026.4,1,1,4026.0,251,11,4025.6,74,2,4025.5,129,2,4026.6,25,2,4026.7,72,4,4026.8,43,2,4026.9,44,2,4027.0,28,3
11483,2026-07-02 12:16:56+05:30,4026.5,3,4041.38,1086435,144551.0,160429.0,4100.0,4110.0,4012.0,4092.6,24752175,4501.8,3683.4,4440.0,3288.1,4026.5,343,15,4026.4,1,1,4026.0,251,11,4025.6,74,2,4025.5,129,2,4026.6,25,2,4026.7,72,4,4026.8,43,2,4026.9,44,2,4027.0,28,3
11483,2026-07-02 12:16:56+05:30,4026.5,3,4041.38,1086438,144555.0,160404.0,4100.0,4110.0,4012.0,4092.6,24752175,4501.8,3683.4,4440.0,3288.1,4026.5,350,16,4026.4,1,1,4026.0,251,11,4025.6,74,2,4025.5,129,2,4026.6,25,2,4026.7,72,4,4026.8,43,2,4026.9,42,1,4027.0,28,3
11483,2026-07-02 12:16:57+05:30,4026.5,3,4041.38,1086438,144555.0,160404.0,4100.0,4110.0,4012.0,4092.6,24752175,4501.8,3683.4,4440.0,3288.1,4026.5,350,16,4026.4,1,1,4026.0,251,11,4025.6,74,2,4025.5,129,2,4026.6,25,2,4026.7,72,4,4026.8,43,2,4026.9,42,1,4027.0,28,3
11483,2026-07-02 12:16:57+05:30,4026.5,6,4041.38,1086438,144555.0,160404.0,4100.0,4110.0,4012.0,4092.6,24752175,4501.8,3683.4,4440.0,3288.1,4026.5,350,16,4026.4,1,1,4026.0,251,11,4025.6,74,2,4025.5,129,2,4026.6,25,2,4026.7,72,4,4026.8,43,2,4026.9,42,1,4027.0,28,3
11483,2026-07-02 12:16:57+05:30,4026.5,6,4041.37,1086739,144019.0,160443.0,4100.0,4110.0,4012.0,4092.6,24752175,4501.8,3683.4,4440.0,3288.1,4026.5,50,6,4026.4,1,1,4026.0,251,11,4025.6,12,1,4025.5,5,1,4026.6,25,2,4026.7,72,4,4026.8,43,2,4026.9,42,1,4027.0,28,3
11483,2026-07-02 12:16:58+05:30,4026.5,7,4041.37,1086739,144019.0,160443.0,4100.0,4110.0,4012.0,4092.6,24752175,4501.8,3683.4,4440.0,3288.1,4026.5,50,6,4026.4,1,1,4026.0,251,11,4025.6,12,1,4025.5,5,1,4026.6,25,2,4026.7,72,4,4026.8,43,2,4026.9,42,1,4027.0,28,3
11483,2026-07-02 12:16:58+05:30,4026.6,7,4041.37,1086782,144048.0,160494.0,4100.0,4110.0,4012.0,4092.6,24752175,4501.8,3683.4,4440.0,3288.1,4026.5,14,3,4026.4,1,1,4026.0,256,12,4025.6,12,1,4025.5,5,1,4026.6,18,2,4026.7,72,4,4026.8,58,3,4026.9,44,2,4027.0,28,3
11483,2026-07-02 12:16:59+05:30,4026.5,4,4041.37,1086782,144048.0,160494.0,4100.0,4110.0,4012.0,4092.6,24752175,4501.8,3683.4,4440.0,3288.1,4026.5,14,3,4026.4,1,1,4026.0,256,12,4025.6,12,1,4025.5,5,1,4026.6,18,2,4026.7,72,4,4026.8,58,3,4026.9,44,2,4027.0,28,3
11483,2026-07-02 12:16:59+05:30,4026.5,4,4041.37,1086792,144033.0,160494.0,4100.0,4110.0,4012.0,4092.6,24752175,4501.8,3683.4,4440.0,3288.1,4026.5,4,2,4026.4,1,1,4026.0,256,12,4025.6,12,1,4025.5,5,1,4026.6,18,2,4026.7,72,4,4026.8,58,3,4026.9,44,2,4027.0,28,3
11483,2026-07-02 12:17:00+05:30,4026.5,1,4041.37,1086792,144033.0,160494.0,4100.0,4110.0,4012.0,4092.6,24752175,4501.8,3683.4,4440.0,3288.1,4026.5,4,2,4026.4,1,1,4026.0,256,12,4025.6,12,1,4025.5,5,1,4026.6,18,2,4026.7,72,4,4026.8,58,3,4026.9,44,2,4027.0,28,3
11483,2026-07-02 12:17:00+05:30,4026.6,3,4041.37,1086798,144041.0,160491.0,4100.0,4110.0,4012.0,4092.6,24752175,4501.8,3683.4,4440.0,3288.1,4026.5,3,2,4026.4,1,1,4026.0,256,12,4025.6,12,1,4025.5,5,1,4026.6,14,3,4026.7,72,4,4026.8,58,3,4026.9,44,2,4027.0,28,3
11483,2026-07-02 12:17:01+05:30,4026.5,1,4041.37,1086798,144041.0,160491.0,4100.0,4110.0,4012.0,4092.6,24752175,4501.8,3683.4,4440.0,3288.1,4026.5,3,2,4026.4,1,1,4026.0,256,12,4025.6,12,1,4025.5,5,1,4026.6,14,3,4026.7,72,4,4026.8,58,3,4026.9,44,2,4027.0,28,3
11483,2026-07-02 12:17:01+05:30,4026.5,1,4041.37,1086799,144042.0,160492.0,4100.0,4110.0,4012.0,4092.6,24752175,4501.8,3683.4,4440.0,3288.1,4026.5,2,2,4026.4,1,1,4026.0,256,12,4025.6,12,1,4025.5,5,1,4026.6,14,3,4026.7,72,4,4026.8,58,3,4026.9,44,2,4027.0,28,3
11483,2026-07-02 12:17:02+05:30,4026.5,1,4041.37,1086799,144047.0,160421.0,4100.0,4110.0,4012.0,4092.6,24752175,4501.8,3683.4,4440.0,3288.1,4026.5,3,3,4026.4,1,1,4026.0,256,12,4025.6,12,1,4025.5,5,1,4026.6,14,3,4026.7,70,3,4026.8,58,3,4026.9,44,2,4027.0,28,3
11483,2026-07-02 12:17:03+05:30,4026.6,1,4041.37,1086799,144047.0,160421.0,4100.0,4110.0,4012.0,4092.6,24752175,4501.8,3683.4,4440.0,3288.1,4026.5,3,3,4026.4,1,1,4026.0,256,12,4025.6,12,1,4025.5,5,1,4026.6,14,3,4026.7,70,3,4026.8,58,3,4026.9,44,2,4027.0,28,3
11483,2026-07-02 12:17:03+05:30,4026.6,1,4041.37,1086801,144053.0,160397.0,4100.0,4110.0,4012.0,4092.6,24752175,4501.8,3683.4,4440.0,3288.1,4026.5,3,3,4026.4,1,1,4026.0,256,12,4025.6,12,1,4025.5,5,1,4026.6,12,3,4026.7,70,3,4026.8,57,2,4026.9,44,2,4027.0,28,3
11483,2026-07-02 12:17:04+05:30,4026.7,26,4041.37,1086801,144053.0,160397.0,4100.0,4110.0,4012.0,4092.6,24752175,4501.8,3683.4,4440.0,3288.1,4026.5,3,3,4026.4,1,1,4026.0,256,12,4025.6,12,1,4025.5,5,1,4026.6,12,3,4026.7,70,3,4026.8,57,2,4026.9,44,2,4027.0,28,3
11483,2026-07-02 12:17:04+05:30,4026.7,26,4041.37,1086830,144087.0,160239.0,4100.0,4110.0,4012.0,4092.6,24752175,4501.8,3683.4,4440.0,3288.1,4026.6,3,2,4026.5,1,1,4026.4,1,1,4026.0,256,12,4025.6,12,1,4026.7,13,2,4026.8,15,1,4027.0,28,3,4027.1,2,1,4027.2,28,2
11483,2026-07-02 12:17:05+05:30,4026.6,1,4041.37,1086830,144087.0,160239.0,4100.0,4110.0,4012.0,4092.6,24752175,4501.8,3683.4,4440.0,3288.1,4026.6,3,2,4026.5,1,1,4026.4,1,1,4026.0,256,12,4025.6,12,1,4026.7,13,2,4026.8,15,1,4027.0,28,3,4027.1,2,1,4027.2,28,2
11483,2026-07-02 12:17:05+05:30,4026.6,2,4041.37,1086837,143791.0,160602.0,4100.0,4110.0,4012.0,4092.6,24752175,4501.8,3683.4,4440.0,3288.1,4026.6,2,1,4026.5,1,1,4026.4,1,1,4026.0,256,12,4025.6,12,1,4026.7,13,2,4026.8,15,1,4027.0,28,3,4027.1,177,2,4027.2,35,3
11483,2026-07-02 12:17:06+05:30,4026.6,8,4041.37,1086837,143791.0,160602.0,4100.0,4110.0,4012.0,4092.6,24752175,4501.8,3683.4,4440.0,3288.1,4026.6,2,1,4026.5,1,1,4026.4,1,1,4026.0,256,12,4025.6,12,1,4026.7,13,2,4026.8,15,1,4027.0,28,3,4027.1,177,2,4027.2,35,3
11483,2026-07-02 12:17:06+05:30,4026.6,8,4041.37,1086862,144009.0,160824.0,4100.0,4110.0,4012.0,4092.6,24752175,4501.8,3683.4,4440.0,3288.1,4026.6,36,2,4026.5,43,2,4026.4,43,2,4026.2,42,1,4026.0,256,12,4026.8,15,1,4027.0,27,3,4027.1,175,1,4027.2,26,1,4027.3,184,4
11483,2026-07-02 12:17:07+05:30,4026.8,1,4041.37,1086862,144009.0,160824.0,4100.0,4110.0,4012.0,4092.6,24752175,4501.8,3683.4,4440.0,3288.1,4026.6,36,2,4026.5,43,2,4026.4,43,2,4026.2,42,1,4026.0,256,12,4026.8,15,1,4027.0,27,3,4027.1,175,1,4027.2,26,1,4027.3,184,4
11483,2026-07-02 12:17:07+05:30,4026.8,1,4041.37,1086889,143996.0,160871.0,4100.0,4110.0,4012.0,4092.6,24752175,4501.8,3683.4,4440.0,3288.1,4026.8,37,2,4026.6,72,2,4026.5,42,1,4026.4,1,1,4026.3,42,1,4027.0,28,4,4027.1,175,1,4027.3,176,2,4027.4,51,1,4027.5,47,5
11483,2026-07-02 12:17:08+05:30,4026.8,25,4041.37,1086889,143996.0,160871.0,4100.0,4110.0,4012.0,4092.6,24752175,4501.8,3683.4,4440.0,3288.1,4026.8,37,2,4026.6,72,2,4026.5,42,1,4026.4,1,1,4026.3,42,1,4027.0,28,4,4027.1,175,1,4027.3,176,2,4027.4,51,1,4027.5,47,5
11483,2026-07-02 12:17:08+05:30,4026.8,25,4041.37,1086927,143948.0,160903.0,4100.0,4110.0,4012.0,4092.6,24752175,4501.8,3683.4,4440.0,3288.1,4026.8,50,3,4026.7,42,1,4026.6,30,1,4026.5,42,1,4026.4,1,1,4027.0,19,4,4027.1,175,1,4027.3,175,1,4027.4,51,1,4027.5,33,2
11483,2026-07-02 12:17:09+05:30,4026.8,1,4041.37,1086927,143948.0,160903.0,4100.0,4110.0,4012.0,4092.6,24752175,4501.8,3683.4,4440.0,3288.1,4026.8,50,3,4026.7,42,1,4026.6,30,1,4026.5,42,1,4026.4,1,1,4027.0,19,4,4027.1,175,1,4027.3,175,1,4027.4,51,1,4027.5,33,2
11483,2026-07-02 12:17:09+05:30,4026.0,10,4041.37,1087165,143849.0,160820.0,4100.0,4110.0,4012.0,4092.6,24752175,4501.8,3683.4,4440.0,3288.1,4026.0,193,11,4025.3,20,3,4025.2,25,1,4025.1,64,5,4025.0,1871,53,4026.9,31,4,4027.0,39,7,4027.1,204,4,4027.3,184,3,4027.4,56,2
11483,2026-07-02 12:17:10+05:30,4026.0,1,4041.37,1087165,143849.0,160820.0,4100.0,4110.0,4012.0,4092.6,24752175,4501.8,3683.4,4440.0,3288.1,4026.0,193,11,4025.3,20,3,4025.2,25,1,4025.1,64,5,4025.0,1871,53,4026.9,31,4,4027.0,39,7,4027.1,204,4,4027.3,184,3,4027.4,56,2
11483,2026-07-02 12:17:11+05:30,4026.6,6,4041.36,1087200,143709.0,160806.0,4100.0,4110.0,4012.0,4092.6,24752175,4501.8,3683.4,4440.0,3288.1,4026.0,164,11,4025.3,20,3,4025.2,25,1,4025.1,26,4,4025.0,1897,54,4026.9,21,3,4027.0,44,8,4027.1,204,4,4027.3,184,3,4027.4,73,3
11483,2026-07-02 12:17:11+05:30,4026.3,2,4041.36,1087200,143709.0,160806.0,4100.0,4110.0,4012.0,4092.6,24752175,4501.8,3683.4,4440.0,3288.1,4026.0,164,11,4025.3,20,3,4025.2,25,1,4025.1,26,4,4025.0,1897,54,4026.9,21,3,4027.0,44,8,4027.1,204,4,4027.3,184,3,4027.4,73,3
11483,2026-07-02 12:17:11+05:30,4026.3,2,4041.36,1087250,144069.0,160975.0,4100.0,4110.0,4012.0,4092.6,24752175,4501.8,3683.4,4440.0,3288.1,4026.3,40,1,4026.2,42,1,4026.0,201,12,4025.4,3,1,4025.3,20,3,4026.9,20,3,4027.0,44,8,4027.1,183,4,4027.2,1,1,4027.3,184,3
11483,2026-07-02 12:17:12+05:30,4026.8,1,4041.36,1087250,144069.0,160975.0,4100.0,4110.0,4012.0,4092.6,24752175,4501.8,3683.4,4440.0,3288.1,4026.3,40,1,4026.2,42,1,4026.0,201,12,4025.4,3,1,4025.3,20,3,4026.9,20,3,4027.0,44,8,4027.1,183,4,4027.2,1,1,4027.3,184,3
11483,2026-07-02 12:17:13+05:30,4026.2,1,4041.36,1087311,143985.0,160823.0,4100.0,4110.0,4012.0,4092.6,24752175,4501.8,3683.4,4440.0,3288.1,4026.2,68,2,4026.0,159,11,4025.3,20,3,4025.2,25,1,4025.1,99,6,4026.8,26,4,4026.9,27,5,4027.0,44,8,4027.1,186,5,4027.2,21,2
11483,2026-07-02 12:17:13+05:30,4026.5,1,4041.36,1087311,143985.0,160823.0,4100.0,4110.0,4012.0,4092.6,24752175,4501.8,3683.4,4440.0,3288.1,4026.2,68,2,4026.0,159,11,4025.3,20,3,4025.2,25,1,4025.1,99,6,4026.8,26,4,4026.9,27,5,4027.0,44,8,4027.1,186,5,4027.2,21,2
11483,2026-07-02 12:17:14+05:30,4026.5,4,4041.36,1087323,144091.0,160994.0,4100.0,4110.0,4012.0,4092.6,24752175,4501.8,3683.4,4440.0,3288.1,4026.5,37,1,4026.4,42,1,4026.2,19,1,4026.1,42,1,4026.0,159,11,4026.8,19,3,4026.9,22,4,4027.0,50,9,4027.1,181,3,4027.2,21,2
11483,2026-07-02 12:17:14+05:30,4026.5,2,4041.36,1087323,144091.0,160994.0,4100.0,4110.0,4012.0,4092.6,24752175,4501.8,3683.4,4440.0,3288.1,4026.5,37,1,4026.4,42,1,4026.2,19,1,4026.1,42,1,4026.0,159,11,4026.8,19,3,4026.9,22,4,4027.0,50,9,4027.1,181,3,4027.2,21,2
11483,2026-07-02 12:17:15+05:30,4026.5,2,4041.36,1087325,144124.0,160999.0,4100.0,4110.0,4012.0,4092.6,24752175,4501.8,3683.4,4440.0,3288.1,4026.5,77,2,4026.2,61,2,4026.0,174,12,4025.5,6,1,4025.4,3,1,4026.8,19,3,4026.9,22,4,4027.0,39,7,4027.1,181,3,4027.2,21,2
11483,2026-07-02 12:17:16+05:30,4026.8,3,4041.36,1087331,144089.0,160928.0,4100.0,4110.0,4012.0,4092.6,24752175,4501.8,3683.4,4440.0,3288.1,4026.5,77,2,4026.2,61,2,4026.0,174,12,4025.7,3,1,4025.5,6,1,4026.8,13,2,4026.9,22,4,4027.0,39,7,4027.1,180,2,4027.2,21,2
11483,2026-07-02 12:17:16+05:30,4026.5,1,4041.36,1087331,144089.0,160928.0,4100.0,4110.0,4012.0,4092.6,24752175,4501.8,3683.4,4440.0,3288.1,4026.5,77,2,4026.2,61,2,4026.0,174,12,4025.7,3,1,4025.5,6,1,4026.8,13,2,4026.9,22,4,4027.0,39,7,4027.1,180,2,4027.2,21,2
11483,2026-07-02 12:17:17+05:30,4026.5,1,4041.36,1087332,144386.0,160919.0,4100.0,4110.0,4012.0,4092.6,24752175,4501.8,3683.4,4440.0,3288.1,4026.5,76,2,4026.2,61,2,4026.0,174,12,4025.7,3,1,4025.5,6,1,4026.8,13,2,4026.9,17,3,4027.0,39,7,4027.1,175,1,4027.2,16,1
11483,2026-07-02 12:17:18+05:30,4026.5,11,4041.36,1087377,144292.0,160795.0,4100.0,4110.0,4012.0,4092.6,24752175,4501.8,3683.4,4440.0,3288.1,4026.0,178,13,4025.6,20,1,4025.5,6,1,4025.4,26,2,4025.3,20,3,4026.8,13,2,4026.9,17,3,4027.0,39,7,4027.1,175,1,4027.3,5,1
11483,2026-07-02 12:17:18+05:30,4026.0,5,4041.36,1087377,144292.0,160795.0,4100.0,4110.0,4012.0,4092.6,24752175,4501.8,3683.4,4440.0,3288.1,4026.0,178,13,4025.6,20,1,4025.5,6,1,4025.4,26,2,4025.3,20,3,4026.8,13,2,4026.9,17,3,4027.0,39,7,4027.1,175,1,4027.3,5,1
11483,2026-07-02 12:17:19+05:30,4026.0,16,4041.36,1087398,144269.0,160797.0,4100.0,4110.0,4012.0,4092.6,24752175,4501.8,3683.4,4440.0,3288.1,4026.0,157,13,4025.6,20,1,4025.4,26,2,4025.3,20,3,4025.2,25,1,4026.8,13,2,4026.9,17,3,4027.0,39,7,4027.1,175,1,4027.3,5,1
11483,2026-07-02 12:17:19+05:30,4026.0,3,4041.36,1087398,144269.0,160797.0,4100.0,4110.0,4012.0,4092.6,24752175,4501.8,3683.4,4440.0,3288.1,4026.0,157,13,4025.6,20,1,4025.4,26,2,4025.3,20,3,4025.2,25,1,4026.8,13,2,4026.9,17,3,4027.0,39,7,4027.1,175,1,4027.3,5,1
11483,2026-07-02 12:17:20+05:30,4026.4,1,4041.36,1087409,144464.0,160957.0,4100.0,4110.0,4012.0,4092.6,24752175,4501.8,3683.4,4440.0,3288.1,4026.4,38,1,4026.3,42,1,4026.2,42,1,4026.0,196,14,4025.6,20,1,4026.8,13,2,4026.9,15,2,4027.0,55,7,4027.1,175,1,4027.3,5,1
11483,2026-07-02 12:17:21+05:30,4026.8,3,4041.36,1087409,144464.0,160957.0,4100.0,4110.0,4012.0,4092.6,24752175,4501.8,3683.4,4440.0,3288.1,4026.4,38,1,4026.3,42,1,4026.2,42,1,4026.0,196,14,4025.6,20,1,4026.8,13,2,4026.9,15,2,4027.0,55,7,4027.1,175,1,4027.3,5,1
11483,2026-07-02 12:17:24+05:30,4026.4,1,4041.36,1087409,144464.0,160957.0,4100.0,4110.0,4012.0,4092.6,24752175,4501.8,3683.4,4440.0,3288.1,4026.4,38,1,4026.3,42,1,4026.2,42,1,4026.0,196,14,4025.6,20,1,4026.8,13,2,4026.9,15,2,4027.0,55,7,4027.1,175,1,4027.3,5,1
11483,2026-07-02 12:17:25+05:30,4026.5,1,4041.36,1087712,144540.0,160882.0,4100.0,4110.0,4012.0,4092.6,24752175,4501.8,3683.4,4440.0,3288.1,4026.6,42,1,4026.5,42,1,4026.4,35,1,4026.3,42,1,4026.0,174,14,4027.0,20,1,4027.1,175,1,4027.3,5,1,4027.4,51,1,4027.5,7,1
11483,2026-07-02 12:17:27+05:30,4026.7,1,4041.36,1087712,144540.0,160882.0,4100.0,4110.0,4012.0,4092.6,24752175,4501.8,3683.4,4440.0,3288.1,4026.6,42,1,4026.5,42,1,4026.4,35,1,4026.3,42,1,4026.0,174,14,4027.0,20,1,4027.1,175,1,4027.3,5,1,4027.4,51,1,4027.5,7,1
11483,2026-07-02 12:17:29+05:30,4026.6,1,4041.36,1087787,144404.0,160657.0,4100.0,4110.0,4012.0,4092.6,24752175,4501.8,3683.4,4440.0,3288.1,4026.5,2,1,4026.3,11,1,4026.0,170,13,4025.6,12,1,4025.5,2,1,4026.7,10,1,4027.0,25,3,4027.1,177,2,4027.2,12,2,4027.3,3,1
11483,2026-07-02 12:17:30+05:30,4026.3,1,4041.36,1087787,144404.0,160657.0,4100.0,4110.0,4012.0,4092.6,24752175,4501.8,3683.4,4440.0,3288.1,4026.5,2,1,4026.3,11,1,4026.0,170,13,4025.6,12,1,4025.5,2,1,4026.7,10,1,4027.0,25,3,4027.1,177,2,4027.2,12,2,4027.3,3,1
11483,2026-07-02 12:17:33+05:30,4026.0,1,4041.36,1087787,144404.0,160657.0,4100.0,4110.0,4012.0,4092.6,24752175,4501.8,3683.4,4440.0,3288.1,4026.5,2,1,4026.3,11,1,4026.0,170,13,4025.6,12,1,4025.5,2,1,4026.7,10,1,4027.0,25,3,4027.1,177,2,4027.2,12,2,4027.3,3,1
11483,2026-07-02 12:17:34+05:30,4026.0,1,4041.35,1088283,144444.0,160848.0,4100.0,4110.0,4012.0,4092.6,24752175,4501.8,3683.4,4440.0,3288.1,4026.0,13,2,4025.5,2,1,4025.3,25,4,4025.1,42,4,4025.0,2196,55,4026.9,17,5,4027.0,82,6,4027.1,178,2,4027.2,34,5,4027.3,184,2
11483,2026-07-02 12:17:36+05:30,4026.0,1,4041.35,1088283,144444.0,160848.0,4100.0,4110.0,4012.0,4092.6,24752175,4501.8,3683.4,4440.0,3288.1,4026.0,13,2,4025.5,2,1,4025.3,25,4,4025.1,42,4,4025.0,2196,55,4026.9,17,5,4027.0,82,6,4027.1,178,2,4027.2,34,5,4027.3,184,2
11483,2026-07-02 12:17:39+05:30,4026.3,1,4041.35,1088395,144815.0,160554.0,4100.0,4110.0,4012.0,4092.6,24752175,4501.8,3683.4,4440.0,3288.1,4026.3,229,1,4026.0,12,3,4025.5,2,1,4025.3,19,3,4025.1,24,3,4027.0,33,5,4027.1,175,1,4027.2,7,1,4027.3,184,2,4027.4,70,3
11483,2026-07-02 12:17:39+05:30,4027.0,1,4041.35,1088395,144815.0,160554.0,4100.0,4110.0,4012.0,4092.6,24752175,4501.8,3683.4,4440.0,3288.1,4026.3,229,1,4026.0,12,3,4025.5,2,1,4025.3,19,3,4025.1,24,3,4027.0,33,5,4027.1,175,1,4027.2,7,1,4027.3,184,2,4027.4,70,3
11483,2026-07-02 12:17:41+05:30,4028.9,4,4041.35,1088395,144815.0,160554.0,4100.0,4110.0,4012.0,4092.6,24752175,4501.8,3683.4,4440.0,3288.1,4026.3,229,1,4026.0,12,3,4025.5,2,1,4025.3,19,3,4025.1,24,3,4027.0,33,5,4027.1,175,1,4027.2,7,1,4027.3,184,2,4027.4,70,3
11483,2026-07-02 12:17:43+05:30,4028.4,1,4041.35,1088395,144815.0,160554.0,4100.0,4110.0,4012.0,4092.6,24752175,4501.8,3683.4,4440.0,3288.1,4026.3,229,1,4026.0,12,3,4025.5,2,1,4025.3,19,3,4025.1,24,3,4027.0,33,5,4027.1,175,1,4027.2,7,1,4027.3,184,2,4027.4,70,3
11483,2026-07-02 12:17:43+05:30,4028.4,1,4041.25,1096961,147730.0,157311.0,4100.0,4110.0,4012.0,4092.6,24752175,4501.8,3683.4,4440.0,3288.1,4028.5,2,1,4028.4,18,3,4028.2,25,2,4028.1,53,2,4028.0,50,1,4029.3,18,1,4029.6,10,1,4029.8,21,1,4029.9,15,1,4030.0,312,6
11483,2026-07-02 12:17:45+05:30,4028.1,1,4041.25,1096961,147730.0,157311.0,4100.0,4110.0,4012.0,4092.6,24752175,4501.8,3683.4,4440.0,3288.1,4028.5,2,1,4028.4,18,3,4028.2,25,2,4028.1,53,2,4028.0,50,1,4029.3,18,1,4029.6,10,1,4029.8,21,1,4029.9,15,1,4030.0,312,6
11483,2026-07-02 12:17:47+05:30,4028.5,1,4041.25,1096961,147730.0,157311.0,4100.0,4110.0,4012.0,4092.6,24752175,4501.8,3683.4,4440.0,3288.1,4028.5,2,1,4028.4,18,3,4028.2,25,2,4028.1,53,2,4028.0,50,1,4029.3,18,1,4029.6,10,1,4029.8,21,1,4029.9,15,1,4030.0,312,6
11483,2026-07-02 12:17:48+05:30,4028.5,1,4041.25,1097005,147383.0,157741.0,4100.0,4110.0,4012.0,4092.6,24752175,4501.8,3683.4,4440.0,3288.1,4027.9,46,3,4027.8,38,2,4027.7,69,3,4027.6,15,1,4027.5,97,4,4028.5,69,2,4029.6,22,2,4029.7,3,1,4029.8,76,2,4029.9,53,3
11483,2026-07-02 12:17:50+05:30,4028.5,1,4041.25,1097005,147383.0,157741.0,4100.0,4110.0,4012.0,4092.6,24752175,4501.8,3683.4,4440.0,3288.1,4027.9,46,3,4027.8,38,2,4027.7,69,3,4027.6,15,1,4027.5,97,4,4028.5,69,2,4029.6,22,2,4029.7,3,1,4029.8,76,2,4029.9,53,3
11483,2026-07-02 12:17:51+05:30,4028.5,1,4041.25,1097005,147383.0,157741.0,4100.0,4110.0,4012.0,4092.6,24752175,4501.8,3683.4,4440.0,3288.1,4027.9,46,3,4027.8,38,2,4027.7,69,3,4027.6,15,1,4027.5,97,4,4028.5,69,2,4029.6,22,2,4029.7,3,1,4029.8,76,2,4029.9,53,3
11483,2026-07-02 12:17:52+05:30,4028.5,1,4041.25,1097005,147383.0,157741.0,4100.0,4110.0,4012.0,4092.6,24752175,4501.8,3683.4,4440.0,3288.1,4027.9,46,3,4027.8,38,2,4027.7,69,3,4027.6,15,1,4027.5,97,4,4028.5,69,2,4029.6,22,2,4029.7,3,1,4029.8,76,2,4029.9,53,3
11483,2026-07-02 12:17:53+05:30,4028.5,10,4041.25,1097215,146922.0,157781.0,4100.0,4110.0,4012.0,4092.6,24752175,4501.8,3683.4,4440.0,3288.1,4028.4,82,6,4028.3,51,2,4028.2,55,2,4028.1,70,3,4028.0,74,4,4028.5,93,1,4029.6,10,1,4029.9,12,1,4030.0,293,4,4030.2,51,4
11483,2026-07-02 12:17:53+05:30,4028.5,10,4041.25,1097215,146922.0,157781.0,4100.0,4110.0,4012.0,4092.6,24752175,4501.8,3683.4,4440.0,3288.1,4028.4,82,6,4028.3,51,2,4028.2,55,2,4028.1,70,3,4028.0,74,4,4028.5,93,1,4029.6,10,1,4029.9,12,1,4030.0,293,4,4030.2,51,4
11483,2026-07-02 12:17:53+05:30,4028.5,102,4041.25,1097215,146922.0,157781.0,4100.0,4110.0,4012.0,4092.6,24752175,4501.8,3683.4,4440.0,3288.1,4028.4,82,6,4028.3,51,2,4028.2,55,2,4028.1,70,3,4028.0,74,4,4028.5,93,1,4029.6,10,1,4029.9,12,1,4030.0,293,4,4030.2,51,4
11483,2026-07-02 12:17:53+05:30,4028.5,102,4041.25,1097215,146922.0,157781.0,4100.0,4110.0,4012.0,4092.6,24752175,4501.8,3683.4,4440.0,3288.1,4028.4,82,6,4028.3,51,2,4028.2,55,2,4028.1,70,3,4028.0,74,4,4028.5,93,1,4029.6,10,1,4029.9,12,1,4030.0,293,4,4030.2,51,4
11483,2026-07-02 12:17:54+05:30,4028.5,102,4041.25,1097215,146922.0,157781.0,4100.0,4110.0,4012.0,4092.6,24752175,4501.8,3683.4,4440.0,3288.1,4028.4,82,6,4028.3,51,2,4028.2,55,2,4028.1,70,3,4028.0,74,4,4028.5,93,1,4029.6,10,1,4029.9,12,1,4030.0,293,4,4030.2,51,4
11483,2026-07-02 12:17:55+05:30,4028.5,102,4041.25,1097215,146922.0,157781.0,4100.0,4110.0,4012.0,4092.6,24752175,4501.8,3683.4,4440.0,3288.1,4028.4,82,6,4028.3,51,2,4028.2,55,2,4028.1,70,3,4028.0,74,4,4028.5,93,1,4029.6,10,1,4029.9,12,1,4030.0,293,4,4030.2,51,4
11483,2026-07-02 12:17:55+05:30,4028.5,102,4041.25,1097215,146922.0,157781.0,4100.0,4110.0,4012.0,4092.6,24764250,4501.8,3683.4,4440.0,3288.1,4028.4,82,6,4028.3,51,2,4028.2,55,2,4028.1,70,3,4028.0,74,4,4028.5,93,1,4029.6,10,1,4029.9,12,1,4030.0,293,4,4030.2,51,4
11483,2026-07-02 12:17:56+05:30,4028.5,102,4041.25,1097215,146922.0,157781.0,4100.0,4110.0,4012.0,4092.6,24764250,4501.8,3683.4,4440.0,3288.1,4028.4,82,6,4028.3,51,2,4028.2,55,2,4028.1,70,3,4028.0,74,4,4028.5,93,1,4029.6,10,1,4029.9,12,1,4030.0,293,4,4030.2,51,4
11483,2026-07-02 12:17:56+05:30,4028.3,1,4041.25,1097215,146922.0,157781.0,4100.0,4110.0,4012.0,4092.6,24764250,4501.8,3683.4,4440.0,3288.1,4028.4,82,6,4028.3,51,2,4028.2,55,2,4028.1,70,3,4028.0,74,4,4028.5,93,1,4029.6,10,1,4029.9,12,1,4030.0,293,4,4030.2,51,4
11483,2026-07-02 12:17:56+05:30,4028.3,1,4041.25,1097215,146922.0,157781.0,4100.0,4110.0,4012.0,4092.6,24764250,4501.8,3683.4,4440.0,3288.1,4028.4,82,6,4028.3,51,2,4028.2,55,2,4028.1,70,3,4028.0,74,4,4028.5,93,1,4029.6,10,1,4029.9,12,1,4030.0,293,4,4030.2,51,4
11483,2026-07-02 12:17:57+05:30,4028.3,1,4041.25,1097215,146922.0,157781.0,4100.0,4110.0,4012.0,4092.6,24764250,4501.8,3683.4,4440.0,3288.1,4028.4,82,6,4028.3,51,2,4028.2,55,2,4028.1,70,3,4028.0,74,4,4028.5,93,1,4029.6,10,1,4029.9,12,1,4030.0,293,4,4030.2,51,4
11483,2026-07-02 12:17:57+05:30,4029.6,9,4041.24,1098241,148223.0,156534.0,4100.0,4110.0,4012.0,4092.6,24764250,4501.8,3683.4,4440.0,3288.1,4029.0,62,7,4028.9,32,4,4028.8,76,5,4028.7,90,6,4028.6,113,8,4029.6,10,1,4030.0,100,1,4030.2,5,1,4030.5,13,1,4030.6,1,1
11483,2026-07-02 12:17:59+05:30,4029.6,2,4041.24,1098241,148223.0,156534.0,4100.0,4110.0,4012.0,4092.6,24764250,4501.8,3683.4,4440.0,3288.1,4029.0,62,7,4028.9,32,4,4028.8,76,5,4028.7,90,6,4028.6,113,8,4029.6,10,1,4030.0,100,1,4030.2,5,1,4030.5,13,1,4030.6,1,1
11483,2026-07-02 12:18:02+05:30,4030.0,1,4041.24,1098521,148686.0,156762.0,4100.0,4110.0,4012.0,4092.6,24764250,4501.8,3683.4,4440.0,3288.1,4028.8,3,1,4028.5,462,4,4028.4,3,1,4028.3,16,2,4028.1,26,1,4030.0,78,2,4030.1,10,1,4030.2,5,1,4030.4,6,1,4030.5,22,2
11483,2026-07-02 12:18:02+05:30,4028.8,1,4041.24,1098521,148686.0,156762.0,4100.0,4110.0,4012.0,4092.6,24764250,4501.8,3683.4,4440.0,3288.1,4028.8,3,1,4028.5,462,4,4028.4,3,1,4028.3,16,2,4028.1,26,1,4030.0,78,2,4030.1,10,1,4030.2,5,1,4030.4,6,1,4030.5,22,2
11483,2026-07-02 12:18:05+05:30,4028.9,1,4041.24,1098521,148686.0,156762.0,4100.0,4110.0,4012.0,4092.6,24764250,4501.8,3683.4,4440.0,3288.1,4028.8,3,1,4028.5,462,4,4028.4,3,1,4028.3,16,2,4028.1,26,1,4030.0,78,2,4030.1,10,1,4030.2,5,1,4030.4,6,1,4030.5,22,2
11483,2026-07-02 12:18:07+05:30,4030.0,16,4041.24,1098586,148948.0,156468.0,4100.0,4110.0,4012.0,4092.6,24764250,4501.8,3683.4,4440.0,3288.1,4029.0,1,1,4028.9,10,1,4028.8,12,1,4028.6,35,3,4028.5,462,4,4030.0,52,2,4030.2,5,1,4030.6,16,2,4030.7,305,3,4030.8,22,2
11483,2026-07-02 12:18:08+05:30,4030.0,1,4041.24,1098586,148948.0,156468.0,4100.0,4110.0,4012.0,4092.6,24764250,4501.8,3683.4,4440.0,3288.1,4029.0,1,1,4028.9,10,1,4028.8,12,1,4028.6,35,3,4028.5,462,4,4030.0,52,2,4030.2,5,1,4030.6,16,2,4030.7,305,3,4030.8,22,2
11483,2026-07-02 12:18:11+05:30,4029.8,4,4041.24,1098586,148948.0,156468.0,4100.0,4110.0,4012.0,4092.6,24764250,4501.8,3683.4,4440.0,3288.1,4029.0,1,1,4028.9,10,1,4028.8,12,1,4028.6,35,3,4028.5,462,4,4030.0,52,2,4030.2,5,1,4030.6,16,2,4030.7,305,3,4030.8,22,2
11483,2026-07-02 12:18:11+05:30,4028.5,1,4041.24,1098606,148589.0,157007.0,4100.0,4110.0,4012.0,4092.6,24764250,4501.8,3683.4,4440.0,3288.1,4028.5,398,1,4028.3,2,1,4028.1,26,1,4028.0,105,2,4027.8,33,1,4029.0,1,1,4029.7,35,2,4029.8,19,4,4029.9,47,4,4030.0,50,3
11483,2026-07-02 12:18:14+05:30,4028.5,1,4041.24,1098606,148589.0,157007.0,4100.0,4110.0,4012.0,4092.6,24764250,4501.8,3683.4,4440.0,3288.1,4028.5,398,1,4028.3,2,1,4028.1,26,1,4028.0,105,2,4027.8,33,1,4029.0,1,1,4029.7,35,2,4029.8,19,4,4029.9,47,4,4030.0,50,3
11483,2026-07-02 12:18:16+05:30,4029.0,1,4041.24,1098681,148469.0,156777.0,4100.0,4110.0,4012.0,4092.6,24764250,4501.8,3683.4,4440.0,3288.1,4029.0,2,2,4028.5,343,1,4028.0,118,3,4027.7,67,4,4027.6,1,1,4029.6,32,4,4029.7,21,2,4029.8,11,2,4029.9,54,4,4030.0,110,7
11483,2026-07-02 12:18:17+05:30,4028.5,1,4041.24,1098681,148469.0,156777.0,4100.0,4110.0,4012.0,4092.6,24764250,4501.8,3683.4,4440.0,3288.1,4029.0,2,2,4028.5,343,1,4028.0,118,3,4027.7,67,4,4027.6,1,1,4029.6,32,4,4029.7,21,2,4029.8,11,2,4029.9,54,4,4030.0,110,7
11483,2026-07-02 12:18:20+05:30,4028.5,2,4041.23,1098735,148310.0,157263.0,4100.0,4110.0,4012.0,4092.6,24764250,4501.8,3683.4,4440.0,3288.1,4028.5,339,1,4028.0,106,3,4027.7,20,2,4027.6,5,1,4027.5,113,3,4029.3,47,5,4029.4,14,2,4029.5,94,4,4029.6,204,4,4029.7,69,4
11483,2026-07-02 12:18:20+05:30,4028.5,6,4041.23,1098735,148310.0,157263.0,4100.0,4110.0,4012.0,4092.6,24764250,4501.8,3683.4,4440.0,3288.1,4028.5,339,1,4028.0,106,3,4027.7,20,2,4027.6,5,1,4027.5,113,3,4029.3,47,5,4029.4,14,2,4029.5,94,4,4029.6,204,4,4029.7,69,4
11483,2026-07-02 12:18:21+05:30,4028.5,6,4041.23,1098741,148297.0,157272.0,4100.0,4110.0,4012.0,4092.6,24764250,4501.8,3683.4,4440.0,3288.1,4028.5,333,1,4028.0,106,3,4027.7,20,2,4027.5,113,3,4027.4,136,2,4029.3,47,5,4029.4,14,2,4029.5,94,4,4029.6,204,4,4029.7,69,4
11483,2026-07-02 12:18:21+05:30,4028.5,1,4041.23,1098741,148297.0,157272.0,4100.0,4110.0,4012.0,4092.6,24764250,4501.8,3683.4,4440.0,3288.1,4028.5,333,1,4028.0,106,3,4027.7,20,2,4027.5,113,3,4027.4,136,2,4029.3,47,5,4029.4,14,2,4029.5,94,4,4029.6,204,4,4029.7,69,4
11483,2026-07-02 12:18:22+05:30,4028.5,1,4041.23,1098742,148246.0,157436.0,4100.0,4110.0,4012.0,4092.6,24764250,4501.8,3683.4,4440.0,3288.1,4029.0,10,1,4028.9,1,1,4028.5,332,1,4028.0,106,3,4027.7,12,1,4029.3,44,4,4029.5,94,4,4029.6,204,4,4029.7,53,4,4029.8,196,4
11483,2026-07-02 12:18:22+05:30,4029.3,3,4041.23,1098742,148246.0,157436.0,4100.0,4110.0,4012.0,4092.6,24764250,4501.8,3683.4,4440.0,3288.1,4029.0,10,1,4028.9,1,1,4028.5,332,1,4028.0,106,3,4027.7,12,1,4029.3,44,4,4029.5,94,4,4029.6,204,4,4029.7,53,4,4029.8,196,4
11483,2026-07-02 12:18:23+05:30,4029.3,3,4041.23,1098764,148319.0,157386.0,4100.0,4110.0,4012.0,4092.6,24764250,4501.8,3683.4,4440.0,3288.1,4029.0,10,1,4028.9,1,1,4028.5,332,1,4028.0,106,3,4027.7,12,1,4029.5,107,5,4029.6,187,3,4029.7,15,2,4029.8,186,3,4029.9,77,6
11483,2026-07-02 12:18:23+05:30,4029.0,3,4041.23,1098764,148319.0,157386.0,4100.0,4110.0,4012.0,4092.6,24764250,4501.8,3683.4,4440.0,3288.1,4029.0,10,1,4028.9,1,1,4028.5,332,1,4028.0,106,3,4027.7,12,1,4029.5,107,5,4029.6,187,3,4029.7,15,2,4029.8,186,3,4029.9,77,6
11483,2026-07-02 12:18:24+05:30,4028.5,6,4041.23,1098783,147944.0,157295.0,4100.0,4110.0,4012.0,4092.6,24764250,4501.8,3683.4,4440.0,3288.1,4028.5,326,1,4028.0,106,3,4027.7,12,1,4027.5,80,2,4027.4,136,2,4029.5,132,7,4029.6,185,2,4029.7,16,3,4029.8,241,6,4029.9,52,5
11483,2026-07-02 12:18:24+05:30,4029.5,2,4041.23,1098783,147944.0,157295.0,4100.0,4110.0,4012.0,4092.6,24764250,4501.8,3683.4,4440.0,3288.1,4028.5,326,1,4028.0,106,3,4027.7,12,1,4027.5,80,2,4027.4,136,2,4029.5,132,7,4029.6,185,2,4029.7,16,3,4029.8,241,6,4029.9,52,5
11483,2026-07-02 12:18:25+05:30,4029.4,5,4041.23,1098792,147960.0,157134.0,4100.0,4110.0,4012.0,4092.6,24764250,4501.8,3683.4,4440.0,3288.1,4028.5,324,1,4028.0,106,3,4027.7,40,2,4027.5,80,2,4027.4,136,2,4029.4,14,2,4029.5,106,5,4029.6,187,3,4029.7,1,1,4029.8,217,5
11483,2026-07-02 12:18:25+05:30,4028.5,1,4041.23,1098792,147960.0,157134.0,4100.0,4110.0,4012.0,4092.6,24764250,4501.8,3683.4,4440.0,3288.1,4028.5,324,1,4028.0,106,3,4027.7,40,2,4027.5,80,2,4027.4,136,2,4029.4,14,2,4029.5,106,5,4029.6,187,3,4029.7,1,1,4029.8,217,5
11483,2026-07-02 12:18:26+05:30,4029.4,7,4041.23,1098800,148009.0,157120.0,4100.0,4110.0,4012.0,4092.6,24764250,4501.8,3683.4,4440.0,3288.1,4028.5,323,1,4028.0,106,3,4027.7,40,2,4027.5,80,2,4027.4,136,2,4029.4,7,1,4029.5,93,5,4029.6,187,3,4029.7,1,1,4029.8,214,4
11483,2026-07-02 12:18:26+05:30,4028.5,1,4041.23,1098800,148009.0,157120.0,4100.0,4110.0,4012.0,4092.6,24764250,4501.8,3683.4,4440.0,3288.1,4028.5,323,1,4028.0,106,3,4027.7,40,2,4027.5,80,2,4027.4,136,2,4029.4,7,1,4029.5,93,5,4029.6,187,3,4029.7,1,1,4029.8,214,4
11483,2026-07-02 12:18:27+05:30,4028.5,1,4041.23,1098801,148015.0,157325.0,4100.0,4110.0,4012.0,4092.6,24764250,4501.8,3683.4,4440.0,3288.1,4028.9,1,1,4028.5,322,1,4028.0,106,3,4027.7,12,1,4027.5,80,2,4029.5,81,4,4029.6,187,3,4029.7,1,1,4029.8,214,4,4029.9,55,6
11483,2026-07-02 12:18:27+05:30,4029.5,22,4041.23,1098801,148015.0,157325.0,4100.0,4110.0,4012.0,4092.6,24764250,4501.8,3683.4,4440.0,3288.1,4028.9,1,1,4028.5,322,1,4028.0,106,3,4027.7,12,1,4027.5,80,2,4029.5,81,4,4029.6,187,3,4029.7,1,1,4029.8,214,4,4029.9,55,6
11483,2026-07-02 12:18:28+05:30,4028.9,1,4041.23,1098829,148205.0,156977.0,4100.0,4110.0,4012.0,4092.6,24764250,4501.8,3683.4,4440.0,3288.1,4029.0,1,1,4028.5,322,1,4028.0,134,4,4027.8,3,1,4027.7,40,2,4029.5,51,3,4029.6,11,2,4029.7,1,1,4029.8,1,1,4029.9,18,2
11483,2026-07-02 12:18:28+05:30,4029.0,1,4041.23,1098829,148205.0,156977.0,4100.0,4110.0,4012.0,4092.6,24764250,4501.8,3683.4,4440.0,3288.1,4029.0,1,1,4028.5,322,1,4028.0,134,4,4027.8,3,1,4027.7,40,2,4029.5,51,3,4029.6,11,2,4029.7,1,1,4029.8,1,1,4029.9,18,2
11483,2026-07-02 12:18:29+05:30,4028.5,5,4041.23,1098843,148377.0,156938.0,4100.0,4110.0,4012.0,4092.6,24764250,4501.8,3683.4,4440.0,3288.1,4028.5,317,1,4028.0,133,3,4027.8,3,1,4027.7,36,2,4027.6,33,2,4029.3,95,1,4029.5,49,2,4029.6,2,1,4029.7,1,1,4029.8,1,1
11483,2026-07-02 12:18:29+05:30,4028.5,1,4041.23,1098843,148377.0,156938.0,4100.0,4110.0,4012.0,4092.6,24764250,4501.8,3683.4,4440.0,3288.1,4028.5,317,1,4028.0,133,3,4027.8,3,1,4027.7,36,2,4027.6,33,2,4029.3,95,1,4029.5,49,2,4029.6,2,1,4029.7,1,1,4029.8,1,1
11483,2026-07-02 12:18:30+05:30,4028.5,1,4041.23,1098844,148376.0,156939.0,4100.0,4110.0,4012.0,4092.6,24764250,4501.8,3683.4,4440.0,3288.1,4028.5,316,1,4028.0,133,3,4027.8,3,1,4027.7,36,2,4027.6,33,2,4029.3,95,1,4029.4,1,1,4029.5,49,2,4029.6,2,1,4029.7,1,1
11483,2026-07-02 12:18:31+05:30,4029.5,1,4041.23,1098968,149042.0,156782.0,4100.0,4110.0,4012.0,4092.6,24764250,4501.8,3683.4,4440.0,3288.1,4029.0,2,2,4028.5,372,4,4028.4,18,1,4028.3,5,1,4028.1,15,2,4029.5,22,2,4029.6,2,1,4029.7,1,1,4029.9,1,1,4030.0,148,6
11483,2026-07-02 12:18:31+05:30,4029.0,1,4041.23,1098968,149042.0,156782.0,4100.0,4110.0,4012.0,4092.6,24764250,4501.8,3683.4,4440.0,3288.1,4029.0,2,2,4028.5,372,4,4028.4,18,1,4028.3,5,1,4028.1,15,2,4029.5,22,2,4029.6,2,1,4029.7,1,1,4029.9,1,1,4030.0,148,6
11483,2026-07-02 12:18:32+05:30,4029.0,3,4041.23,1098978,148768.0,156732.0,4100.0,4110.0,4012.0,4092.6,24764250,4501.8,3683.4,4440.0,3288.1,4028.7,36,3,4028.6,7,1,4028.5,341,3,4028.4,58,3,4028.3,4,2,4029.0,2,1,4029.5,22,2,4030.0,128,4,4030.2,17,2,4030.5,25,2
11483,2026-07-02 12:18:32+05:30,4028.7,1,4041.23,1098978,148768.0,156732.0,4100.0,4110.0,4012.0,4092.6,24764250,4501.8,3683.4,4440.0,3288.1,4028.7,36,3,4028.6,7,1,4028.5,341,3,4028.4,58,3,4028.3,4,2,4029.0,2,1,4029.5,22,2,4030.0,128,4,4030.2,17,2,4030.5,25,2
11483,2026-07-02 12:18:33+05:30,4028.7,1,4041.23,1098979,148769.0,156806.0,4100.0,4110.0,4012.0,4092.6,24764250,4501.8,3683.4,4440.0,3288.1,4028.7,23,2,4028.6,7,1,4028.5,332,2,4028.4,58,3,4028.3,4,2,4029.0,2,1,4029.5,22,2,4030.0,128,4,4030.2,17,2,4030.5,25,2
11483,2026-07-02 12:18:33+05:30,4028.7,1,4041.23,1098979,148769.0,156806.0,4100.0,4110.0,4012.0,4092.6,24764250,4501.8,3683.4,4440.0,3288.1,4028.7,23,2,4028.6,7,1,4028.5,332,2,4028.4,58,3,4028.3,4,2,4029.0,2,1,4029.5,22,2,4030.0,128,4,4030.2,17,2,4030.5,25,2
11483,2026-07-02 12:18:34+05:30,4028.5,2,4041.23,1098984,148636.0,156876.0,4100.0,4110.0,4012.0,4092.6,24764250,4501.8,3683.4,4440.0,3288.1,4028.5,314,1,4028.4,58,3,4028.3,13,2,4028.2,40,3,4028.1,36,2,4029.0,2,1,4029.5,22,2,4030.0,132,5,4030.2,17,2,4030.5,25,2
11483,2026-07-02 12:18:34+05:30,4028.5,2,4041.23,1098984,148636.0,156876.0,4100.0,4110.0,4012.0,4092.6,24764250,4501.8,3683.4,4440.0,3288.1,4028.5,314,1,4028.4,58,3,4028.3,13,2,4028.2,40,3,4028.1,36,2,4029.0,2,1,4029.5,22,2,4030.0,132,5,4030.2,17,2,4030.5,25,2
11483,2026-07-02 12:18:35+05:30,4028.5,2,4041.23,1098984,148611.0,156811.0,4100.0,4110.0,4012.0,4092.6,24764250,4501.8,3683.4,4440.0,3288.1,4028.6,32,5,4028.5,323,2,4028.4,46,2,4028.3,16,3,4028.2,13,1,4029.0,2,1,4029.5,22,2,4030.0,132,5,4030.2,17,2,4030.5,25,2
11483,2026-07-02 12:18:36+05:30,4028.8,1,4041.23,1099007,148971.0,156612.0,4100.0,4110.0,4012.0,4092.6,24764250,4501.8,3683.4,4440.0,3288.1,4028.9,36,5,4028.8,34,5,4028.7,22,3,4028.6,18,4,4028.5,331,3,4029.5,5,2,4030.0,128,4,4030.2,5,1,4030.5,13,1,4030.6,3,2
11483,2026-07-02 12:18:36+05:30,4028.9,3,4041.23,1099007,148971.0,156612.0,4100.0,4110.0,4012.0,4092.6,24764250,4501.8,3683.4,4440.0,3288.1,4028.9,36,5,4028.8,34,5,4028.7,22,3,4028.6,18,4,4028.5,331,3,4029.5,5,2,4030.0,128,4,4030.2,5,1,4030.5,13,1,4030.6,3,2
11483,2026-07-02 12:18:37+05:30,4029.5,1,4041.23,1099011,148981.0,156613.0,4100.0,4110.0,4012.0,4092.6,24764250,4501.8,3683.4,4440.0,3288.1,4029.0,30,4,4028.9,11,3,4028.8,34,5,4028.7,51,5,4028.6,18,4,4029.5,4,2,4030.0,138,5,4030.2,5,1,4030.5,13,1,4030.6,3,2
11483,2026-07-02 12:18:37+05:30,4029.5,8,4041.23,1099011,148981.0,156613.0,4100.0,4110.0,4012.0,4092.6,24764250,4501.8,3683.4,4440.0,3288.1,4029.0,30,4,4028.9,11,3,4028.8,34,5,4028.7,51,5,4028.6,18,4,4029.5,4,2,4030.0,138,5,4030.2,5,1,4030.5,13,1,4030.6,3,2
11483,2026-07-02 12:18:38+05:30,4030.0,5,4041.23,1099027,149239.0,156373.0,4100.0,4110.0,4012.0,4092.6,24764250,4501.8,3683.4,4440.0,3288.1,4029.5,2,1,4029.0,27,4,4028.9,13,4,4028.8,34,5,4028.7,51,5,4030.0,133,5,4030.1,35,1,4030.2,5,1,4030.6,3,2,4030.7,279,2
11483,2026-07-02 12:18:38+05:30,4029.5,2,4041.23,1099027,149239.0,156373.0,4100.0,4110.0,4012.0,4092.6,24764250,4501.8,3683.4,4440.0,3288.1,4029.5,2,1,4029.0,27,4,4028.9,13,4,4028.8,34,5,4028.7,51,5,4030.0,133,5,4030.1,35,1,4030.2,5,1,4030.6,3,2,4030.7,279,2
11483,2026-07-02 12:18:39+05:30,4029.5,1,4041.23,1099032,149266.0,156275.0,4100.0,4110.0,4012.0,4092.6,24764250,4501.8,3683.4,4440.0,3288.1,4029.5,1,1,4029.0,27,4,4028.9,13,4,4028.8,28,4,4028.7,51,5,4030.0,136,6,4030.1,35,1,4030.2,5,1,4030.4,15,1,4030.6,3,2
11483,2026-07-02 12:18:39+05:30,4029.5,1,4041.23,1099032,149266.0,156275.0,4100.0,4110.0,4012.0,4092.6,24764250,4501.8,3683.4,4440.0,3288.1,4029.5,1,1,4029.0,27,4,4028.9,13,4,4028.8,28,4,4028.7,51,5,4030.0,136,6,4030.1,35,1,4030.2,5,1,4030.4,15,1,4030.6,3,2
11483,2026-07-02 12:18:40+05:30,4029.5,1,4041.23,1099033,149279.0,156307.0,4100.0,4110.0,4012.0,4092.6,24764250,4501.8,3683.4,4440.0,3288.1,4029.5,2,1,4029.0,27,4,4028.9,13,4,4028.8,28,4,4028.7,35,4,4030.0,136,6,4030.1,35,1,4030.2,5,1,4030.4,15,1,4030.6,3,2
11483,2026-07-02 12:18:40+05:30,4030.0,4,4041.23,1099033,149279.0,156307.0,4100.0,4110.0,4012.0,4092.6,24764250,4501.8,3683.4,4440.0,3288.1,4029.5,2,1,4029.0,27,4,4028.9,13,4,4028.8,28,4,4028.7,35,4,4030.0,136,6,4030.1,35,1,4030.2,5,1,4030.4,15,1,4030.6,3,2
11483,2026-07-02 12:18:41+05:30,4030.0,4,4041.23,1099037,149540.0,156038.0,4100.0,4110.0,4012.0,4092.6,24764250,4501.8,3683.4,4440.0,3288.1,4029.6,24,3,4029.5,5,2,4029.4,23,4,4029.3,27,3,4029.2,3,1,4030.0,127,5,4030.1,35,1,4030.2,5,1,4030.4,15,1,4030.6,3,2
11483,2026-07-02 12:18:41+05:30,4029.6,2,4041.23,1099037,149540.0,156038.0,4100.0,4110.0,4012.0,4092.6,24764250,4501.8,3683.4,4440.0,3288.1,4029.6,24,3,4029.5,5,2,4029.4,23,4,4029.3,27,3,4029.2,3,1,4030.0,127,5,4030.1,35,1,4030.2,5,1,4030.4,15,1,4030.6,3,2
11483,2026-07-02 12:18:42+05:30,4029.0,4,4041.23,1099077,148321.0,156288.0,4100.0,4110.0,4012.0,4092.6,24764250,4501.8,3683.4,4440.0,3288.1,4028.9,24,3,4028.8,3,1,4028.7,3,1,4028.6,15,2,4028.5,315,2,4029.9,350,2,4030.0,120,5,4030.1,35,1,4030.2,5,1,4030.3,2,1
11483,2026-07-02 12:18:42+05:30,4028.9,2,4041.23,1099077,148321.0,156288.0,4100.0,4110.0,4012.0,4092.6,24764250,4501.8,3683.4,4440.0,3288.1,4028.9,24,3,4028.8,3,1,4028.7,3,1,4028.6,15,2,4028.5,315,2,4029.9,350,2,4030.0,120,5,4030.1,35,1,4030.2,5,1,4030.3,2,1
11483,2026-07-02 12:18:43+05:30,4028.9,2,4041.23,1099081,148132.0,156967.0,4100.0,4110.0,4012.0,4092.6,24764250,4501.8,3683.4,4440.0,3288.1,4028.9,2,1,4028.5,314,1,4028.2,13,1,4028.0,175,5,4027.8,69,2,4029.7,212,5,4029.8,4,1,4029.9,188,3,4030.0,151,8,4030.1,38,2
11483,2026-07-02 12:18:43+05:30,4028.9,1,4041.23,1099081,148132.0,156967.0,4100.0,4110.0,4012.0,4092.6,24764250,4501.8,3683.4,4440.0,3288.1,4028.9,2,1,4028.5,314,1,4028.2,13,1,4028.0,175,5,4027.8,69,2,4029.7,212,5,4029.8,4,1,4029.9,188,3,4030.0,151,8,4030.1,38,2
11483,2026-07-02 12:18:44+05:30,4028.9,4,4041.23,1099086,148085.0,156913.0,4100.0,4110.0,4012.0,4092.6,24764250,4501.8,3683.4,4440.0,3288.1,4028.9,2,1,4028.5,314,1,4028.2,13,1,4028.0,147,4,4027.8,51,2,4029.7,212,5,4029.8,4,1,4029.9,188,3,4030.0,151,8,4030.1,4,2
11483,2026-07-02 12:18:44+05:30,4028.9,4,4041.23,1099086,148085.0,156913.0,4100.0,4110.0,4012.0,4092.6,24764250,4501.8,3683.4,4440.0,3288.1,4028.9,2,1,4028.5,314,1,4028.2,13,1,4028.0,147,4,4027.8,51,2,4029.7,212,5,4029.8,4,1,4029.9,188,3,4030.0,151,8,4030.1,4,2
11483,2026-07-02 12:18:45+05:30,4029.7,2,4041.23,1099096,148114.0,156749.0,4100.0,4110.0,4012.0,4092.6,24764250,4501.8,3683.4,4440.0,3288.1,4029.0,2,1,4028.9,2,1,4028.5,314,1,4028.2,13,1,4028.0,147,4,4029.7,16,2,4029.8,37,2,4029.9,188,3,4030.0,151,8,4030.1,1,1
11483,2026-07-02 12:18:45+05:30,4029.0,2,4041.23,1099096,148114.0,156749.0,4100.0,4110.0,4012.0,4092.6,24764250,4501.8,3683.4,4440.0,3288.1,4029.0,2,1,4028.9,2,1,4028.5,314,1,4028.2,13,1,4028.0,147,4,4029.7,16,2,4029.8,37,2,4029.9,188,3,4030.0,151,8,4030.1,1,1
11483,2026-07-02 12:18:46+05:30,4029.6,2,4041.23,1099107,148319.0,156747.0,4100.0,4110.0,4012.0,4092.6,24764250,4501.8,3683.4,4440.0,3288.1,4029.6,1,1,4029.5,2,2,4028.9,2,1,4028.5,314,1,4028.3,12,1,4029.8,37,2,4029.9,176,2,4030.0,135,6,4030.1,1,1,4030.2,48,4
11483,2026-07-02 12:18:46+05:30,4029.6,1,4041.23,1099107,148319.0,156747.0,4100.0,4110.0,4012.0,4092.6,24764250,4501.8,3683.4,4440.0,3288.1,4029.6,1,1,4029.5,2,2,4028.9,2,1,4028.5,314,1,4028.3,12,1,4029.8,37,2,4029.9,176,2,4030.0,135,6,4030.1,1,1,4030.2,48,4
11483,2026-07-02 12:18:47+05:30,4029.7,1,4041.23,1099109,148306.0,156737.0,4100.0,4110.0,4012.0,4092.6,24764250,4501.8,3683.4,4440.0,3288.1,4029.6,1,1,4029.5,2,2,4029.1,2,1,4029.0,10,1,4028.5,314,1,4029.8,37,2,4029.9,176,2,4030.0,135,6,4030.1,1,1,4030.2,29,2
11483,2026-07-02 12:18:47+05:30,4029.7,1,4041.23,1099109,148306.0,156737.0,4100.0,4110.0,4012.0,4092.6,24764250,4501.8,3683.4,4440.0,3288.1,4029.6,1,1,4029.5,2,2,4029.1,2,1,4029.0,10,1,4028.5,314,1,4029.8,37,2,4029.9,176,2,4030.0,135,6,4030.1,1,1,4030.2,29,2
11483,2026-07-02 12:18:48+05:30,4029.7,1,4041.23,1099109,148308.0,156733.0,4100.0,4110.0,4012.0,4092.6,24764250,4501.8,3683.4,4440.0,3288.1,4029.6,1,1,4029.5,2,2,4029.1,2,1,4029.0,10,1,4028.5,314,1,4029.8,37,2,4029.9,176,2,4030.0,135,6,4030.1,1,1,4030.2,29,2
11483,2026-07-02 12:18:48+05:30,4029.8,6,4041.23,1099109,148308.0,156733.0,4100.0,4110.0,4012.0,4092.6,24764250,4501.8,3683.4,4440.0,3288.1,4029.6,1,1,4029.5,2,2,4029.1,2,1,4029.0,10,1,4028.5,314,1,4029.8,37,2,4029.9,176,2,4030.0,135,6,4030.1,1,1,4030.2,29,2
11483,2026-07-02 12:18:49+05:30,4029.8,6,4041.23,1099119,148366.0,156720.0,4100.0,4110.0,4012.0,4092.6,24764250,4501.8,3683.4,4440.0,3288.1,4029.6,1,1,4029.5,2,2,4029.1,2,1,4029.0,10,1,4028.5,314,1,4029.8,27,1,4029.9,176,2,4030.0,135,6,4030.1,1,1,4030.2,29,2
11483,2026-07-02 12:18:49+05:30,4029.6,1,4041.23,1099119,148366.0,156720.0,4100.0,4110.0,4012.0,4092.6,24764250,4501.8,3683.4,4440.0,3288.1,4029.6,1,1,4029.5,2,2,4029.1,2,1,4029.0,10,1,4028.5,314,1,4029.8,27,1,4029.9,176,2,4030.0,135,6,4030.1,1,1,4030.2,29,2
11483,2026-07-02 12:18:50+05:30,4029.6,1,4041.23,1099120,148291.0,156906.0,4100.0,4110.0,4012.0,4092.6,24764250,4501.8,3683.4,4440.0,3288.1,4029.5,2,2,4029.1,2,1,4029.0,10,1,4028.5,314,1,4028.2,13,1,4029.7,175,1,4029.8,27,1,4029.9,176,2,4030.0,141,7,4030.1,11,1
11483,2026-07-02 12:18:50+05:30,4029.5,1,4041.23,1099120,148291.0,156906.0,4100.0,4110.0,4012.0,4092.6,24764250,4501.8,3683.4,4440.0,3288.1,4029.5,2,2,4029.1,2,1,4029.0,10,1,4028.5,314,1,4028.2,13,1,4029.7,175,1,4029.8,27,1,4029.9,176,2,4030.0,141,7,4030.1,11,1
11483,2026-07-02 12:18:51+05:30,4029.5,1,4041.23,1099126,148256.0,156869.0,4100.0,4110.0,4012.0,4092.6,24764250,4501.8,3683.4,4440.0,3288.1,4029.1,2,1,4029.0,10,1,4028.5,314,1,4028.2,13,1,4028.0,147,4,4029.5,95,1,4029.7,175,1,4029.8,27,1,4029.9,176,2,4030.0,144,8
11483,2026-07-02 12:18:51+05:30,4029.5,1,4041.23,1099126,148256.0,156869.0,4100.0,4110.0,4012.0,4092.6,24764250,4501.8,3683.4,4440.0,3288.1,4029.1,2,1,4029.0,10,1,4028.5,314,1,4028.2,13,1,4028.0,147,4,4029.5,95,1,4029.7,175,1,4029.8,27,1,4029.9,176,2,4030.0,144,8
11483,2026-07-02 12:18:51+05:30,4029.5,1,4041.23,1099126,148256.0,156869.0,4100.0,4110.0,4012.0,4092.6,24764250,4501.8,3683.4,4440.0,3288.1,4029.1,2,1,4029.0,10,1,4028.5,314,1,4028.2,13,1,4028.0,147,4,4029.5,95,1,4029.7,175,1,4029.8,27,1,4029.9,176,2,4030.0,144,8
11483,2026-07-02 12:18:52+05:30,4029.5,1,4041.23,1099126,148256.0,156869.0,4100.0,4110.0,4012.0,4092.6,24764250,4501.8,3683.4,4440.0,3288.1,4029.1,2,1,4029.0,10,1,4028.5,314,1,4028.2,13,1,4028.0,147,4,4029.5,95,1,4029.7,175,1,4029.8,27,1,4029.9,176,2,4030.0,144,8
11483,2026-07-02 12:18:52+05:30,4029.5,92,4041.23,1099221,148316.0,156718.0,4100.0,4110.0,4012.0,4092.6,24764250,4501.8,3683.4,4440.0,3288.1,4029.6,3,2,4029.5,122,1,4029.0,10,1,4028.6,4,1,4028.5,334,2,4029.7,175,1,4029.8,27,1,4029.9,176,2,4030.0,133,6,4030.2,5,1
11483,2026-07-02 12:18:52+05:30,4029.6,4,4041.23,1099221,148316.0,156718.0,4100.0,4110.0,4012.0,4092.6,24764250,4501.8,3683.4,4440.0,3288.1,4029.6,3,2,4029.5,122,1,4029.0,10,1,4028.6,4,1,4028.5,334,2,4029.7,175,1,4029.8,27,1,4029.9,176,2,4030.0,133,6,4030.2,5,1
11483,2026-07-02 12:18:52+05:30,4029.6,4,4041.23,1099221,148316.0,156718.0,4100.0,4110.0,4012.0,4092.6,24764250,4501.8,3683.4,4440.0,3288.1,4029.6,3,2,4029.5,122,1,4029.0,10,1,4028.6,4,1,4028.5,334,2,4029.7,175,1,4029.8,27,1,4029.9,176,2,4030.0,133,6,4030.2,5,1
11483,2026-07-02 12:18:53+05:30,4029.6,4,4041.23,1099221,148316.0,156718.0,4100.0,4110.0,4012.0,4092.6,24764250,4501.8,3683.4,4440.0,3288.1,4029.6,3,2,4029.5,122,1,4029.0,10,1,4028.6,4,1,4028.5,334,2,4029.7,175,1,4029.8,27,1,4029.9,176,2,4030.0,133,6,4030.2,5,1
11483,2026-07-02 12:18:53+05:30,4030.0,20,4041.22,1099655,149177.0,154805.0,4100.0,4110.0,4012.0,4092.6,24764250,4501.8,3683.4,4440.0,3288.1,4029.5,122,1,4029.3,11,1,4029.1,32,3,4029.0,62,4,4028.9,17,1,4030.0,65,2,4030.2,5,1,4030.4,15,1,4030.6,3,2,4030.7,279,2
11483,2026-07-02 12:18:53+05:30,4029.5,52,4041.22,1099655,149177.0,154805.0,4100.0,4110.0,4012.0,4092.6,24764250,4501.8,3683.4,4440.0,3288.1,4029.5,122,1,4029.3,11,1,4029.1,32,3,4029.0,62,4,4028.9,17,1,4030.0,65,2,4030.2,5,1,4030.4,15,1,4030.6,3,2,4030.7,279,2
11483,2026-07-02 12:18:53+05:30,4029.5,52,4041.22,1099655,149177.0,154805.0,4100.0,4110.0,4012.0,4092.6,24764250,4501.8,3683.4,4440.0,3288.1,4029.5,122,1,4029.3,11,1,4029.1,32,3,4029.0,62,4,4028.9,17,1,4030.0,65,2,4030.2,5,1,4030.4,15,1,4030.6,3,2,4030.7,279,2
11483,2026-07-02 12:18:54+05:30,4029.5,52,4041.22,1099655,149177.0,154805.0,4100.0,4110.0,4012.0,4092.6,24764250,4501.8,3683.4,4440.0,3288.1,4029.5,122,1,4029.3,11,1,4029.1,32,3,4029.0,62,4,4028.9,17,1,4030.0,65,2,4030.2,5,1,4030.4,15,1,4030.6,3,2,4030.7,279,2
11483,2026-07-02 12:18:54+05:30,4030.0,2,4041.22,1099723,149196.0,154938.0,4100.0,4110.0,4012.0,4092.6,24764250,4501.8,3683.4,4440.0,3288.1,4029.5,56,1,4029.1,21,2,4029.0,38,2,4028.7,35,3,4028.6,53,4,4030.0,63,2,4030.2,5,1,4030.4,15,1,4030.6,3,2,4030.7,279,2
11483,2026-07-02 12:18:54+05:30,4029.5,8,4041.22,1099723,149196.0,154938.0,4100.0,4110.0,4012.0,4092.6,24764250,4501.8,3683.4,4440.0,3288.1,4029.5,56,1,4029.1,21,2,4029.0,38,2,4028.7,35,3,4028.6,53,4,4030.0,63,2,4030.2,5,1,4030.4,15,1,4030.6,3,2,4030.7,279,2
11483,2026-07-02 12:18:54+05:30,4029.5,8,4041.22,1099723,149196.0,154938.0,4100.0,4110.0,4012.0,4092.6,24764250,4501.8,3683.4,4440.0,3288.1,4029.5,56,1,4029.1,21,2,4029.0,38,2,4028.7,35,3,4028.6,53,4,4030.0,63,2,4030.2,5,1,4030.4,15,1,4030.6,3,2,4030.7,279,2
11483,2026-07-02 12:18:55+05:30,4029.5,8,4041.22,1099723,149196.0,154938.0,4100.0,4110.0,4012.0,4092.6,24764250,4501.8,3683.4,4440.0,3288.1,4029.5,56,1,4029.1,21,2,4029.0,38,2,4028.7,35,3,4028.6,53,4,4030.0,63,2,4030.2,5,1,4030.4,15,1,4030.6,3,2,4030.7,279,2
11483,2026-07-02 12:18:55+05:30,4029.5,8,4041.22,1099731,148994.0,155202.0,4100.0,4110.0,4012.0,4092.6,24764250,4501.8,3683.4,4440.0,3288.1,4029.7,3,1,4029.5,48,1,4029.0,10,1,4028.7,38,2,4028.6,28,1,4030.0,63,2,4030.1,175,1,4030.2,5,1,4030.4,15,1,4030.5,12,1
11483,2026-07-02 12:18:55+05:30,4029.5,8,4041.22,1099731,148994.0,155202.0,4100.0,4110.0,4012.0,4092.6,24768100,4501.8,3683.4,4440.0,3288.1,4029.7,3,1,4029.5,48,1,4029.0,10,1,4028.7,38,2,4028.6,28,1,4030.0,63,2,4030.1,175,1,4030.2,5,1,4030.4,15,1,4030.5,12,1
11483,2026-07-02 12:18:56+05:30,4029.5,8,4041.22,1099731,148994.0,155202.0,4100.0,4110.0,4012.0,4092.6,24768100,4501.8,3683.4,4440.0,3288.1,4029.7,3,1,4029.5,48,1,4029.0,10,1,4028.7,38,2,4028.6,28,1,4030.0,63,2,4030.1,175,1,4030.2,5,1,4030.4,15,1,4030.5,12,1
11483,2026-07-02 12:18:56+05:30,4029.7,1,4041.22,1099731,148994.0,155202.0,4100.0,4110.0,4012.0,4092.6,24768100,4501.8,3683.4,4440.0,3288.1,4029.7,3,1,4029.5,48,1,4029.0,10,1,4028.7,38,2,4028.6,28,1,4030.0,63,2,4030.1,175,1,4030.2,5,1,4030.4,15,1,4030.5,12,1
11483,2026-07-02 12:18:56+05:30,4029.7,1,4041.22,1099732,148926.0,155763.0,4100.0,4110.0,4012.0,4092.6,24768100,4501.8,3683.4,4440.0,3288.1,4029.7,2,1,4029.5,48,1,4029.0,10,1,4028.7,38,2,4028.6,28,1,4029.8,1,1,4030.0,67,3,4030.1,175,1,4030.2,5,1,4030.4,15,1
11483,2026-07-02 12:18:56+05:30,4029.7,1,4041.22,1099732,148926.0,155763.0,4100.0,4110.0,4012.0,4092.6,24768100,4501.8,3683.4,4440.0,3288.1,4029.7,2,1,4029.5,48,1,4029.0,10,1,4028.7,38,2,4028.6,28,1,4029.8,1,1,4030.0,67,3,4030.1,175,1,4030.2,5,1,4030.4,15,1
11483,2026-07-02 12:18:57+05:30,4029.7,1,4041.22,1099732,148926.0,155763.0,4100.0,4110.0,4012.0,4092.6,24768100,4501.8,3683.4,4440.0,3288.1,4029.7,2,1,4029.5,48,1,4029.0,10,1,4028.7,38,2,4028.6,28,1,4029.8,1,1,4030.0,67,3,4030.1,175,1,4030.2,5,1,4030.4,15,1
11483,2026-07-02 12:18:57+05:30,4029.7,1,4041.22,1099732,148866.0,155955.0,4100.0,4110.0,4012.0,4092.6,24768100,4501.8,3683.4,4440.0,3288.1,4029.7,2,1,4029.5,48,1,4029.0,10,1,4028.7,38,2,4028.5,338,2,4029.8,8,3,4030.0,67,3,4030.1,175,1,4030.2,22,2,4030.4,15,1
11483,2026-07-02 12:18:58+05:30,4029.8,5,4041.22,1099739,148745.0,155943.0,4100.0,4110.0,4012.0,4092.6,24768100,4501.8,3683.4,4440.0,3288.1,4029.7,2,1,4029.5,48,1,4029.0,10,1,4028.7,38,2,4028.5,338,2,4030.0,79,4,4030.1,175,1,4030.2,5,1,4030.4,15,1,4030.5,52,3
11483,2026-07-02 12:18:59+05:30,4030.0,2,4041.22,1099739,148745.0,155943.0,4100.0,4110.0,4012.0,4092.6,24768100,4501.8,3683.4,4440.0,3288.1,4029.7,2,1,4029.5,48,1,4029.0,10,1,4028.7,38,2,4028.5,338,2,4030.0,79,4,4030.1,175,1,4030.2,5,1,4030.4,15,1,4030.5,52,3
11483,2026-07-02 12:18:59+05:30,4030.0,2,4041.22,1099746,148752.0,155957.0,4100.0,4110.0,4012.0,4092.6,24768100,4501.8,3683.4,4440.0,3288.1,4029.5,45,1,4029.0,10,1,4028.7,17,1,4028.5,338,2,4028.4,14,1,4030.0,77,4,4030.1,175,1,4030.2,5,1,4030.4,15,1,4030.5,52,3
11483,2026-07-02 12:19:00+05:30,4030.0,22,4041.22,1099746,148752.0,155957.0,4100.0,4110.0,4012.0,4092.6,24768100,4501.8,3683.4,4440.0,3288.1,4029.5,45,1,4029.0,10,1,4028.7,17,1,4028.5,338,2,4028.4,14,1,4030.0,77,4,4030.1,175,1,4030.2,5,1,4030.4,15,1,4030.5,52,3
11483,2026-07-02 12:19:00+05:30,4030.0,3,4041.22,1099852,148753.0,155973.0,4100.0,4110.0,4012.0,4092.6,24768100,4501.8,3683.4,4440.0,3288.1,4029.5,44,1,4029.0,10,1,4028.7,17,1,4028.5,338,2,4028.4,14,1,4030.0,94,4,4030.1,175,1,4030.2,5,1,4030.4,15,1,4030.5,24,2
11483,2026-07-02 12:19:01+05:30,4030.0,5,4041.22,1099852,148753.0,155973.0,4100.0,4110.0,4012.0,4092.6,24768100,4501.8,3683.4,4440.0,3288.1,4029.5,44,1,4029.0,10,1,4028.7,17,1,4028.5,338,2,4028.4,14,1,4030.0,94,4,4030.1,175,1,4030.2,5,1,4030.4,15,1,4030.5,24,2
11483,2026-07-02 12:19:01+05:30,4029.5,20,4041.22,1099890,148689.0,156020.0,4100.0,4110.0,4012.0,4092.6,24768100,4501.8,3683.4,4440.0,3288.1,4029.5,11,1,4029.0,10,1,4028.7,17,1,4028.5,338,2,4028.4,14,1,4030.0,89,4,4030.1,175,1,4030.2,5,1,4030.4,15,1,4030.5,24,2
11483,2026-07-02 12:19:02+05:30,4030.0,5,4041.22,1099890,148689.0,156020.0,4100.0,4110.0,4012.0,4092.6,24768100,4501.8,3683.4,4440.0,3288.1,4029.5,11,1,4029.0,10,1,4028.7,17,1,4028.5,338,2,4028.4,14,1,4030.0,89,4,4030.1,175,1,4030.2,5,1,4030.4,15,1,4030.5,24,2
11483,2026-07-02 12:19:02+05:30,4030.0,5,4041.22,1099976,148593.0,156153.0,4100.0,4110.0,4012.0,4092.6,24768100,4501.8,3683.4,4440.0,3288.1,4029.7,1,1,4028.6,46,3,4028.5,374,4,4028.4,14,1,4028.3,30,3,4030.0,59,2,4030.1,175,1,4030.2,22,3,4030.4,15,1,4030.5,24,2
11483,2026-07-02 12:19:03+05:30,4029.7,1,4041.22,1099976,148593.0,156153.0,4100.0,4110.0,4012.0,4092.6,24768100,4501.8,3683.4,4440.0,3288.1,4029.7,1,1,4028.6,46,3,4028.5,374,4,4028.4,14,1,4028.3,30,3,4030.0,59,2,4030.1,175,1,4030.2,22,3,4030.4,15,1,4030.5,24,2
11483,2026-07-02 12:19:03+05:30,4029.7,6,4041.22,1099985,148191.0,156095.0,4100.0,4110.0,4012.0,4092.6,24768100,4501.8,3683.4,4440.0,3288.1,4028.6,33,2,4028.5,357,3,4028.3,36,3,4028.2,63,2,4028.1,55,2,4029.7,2,1,4030.0,62,3,4030.1,175,1,4030.2,22,3,4030.4,15,1
11483,2026-07-02 12:19:04+05:30,4028.6,1,4041.22,1099985,148191.0,156095.0,4100.0,4110.0,4012.0,4092.6,24768100,4501.8,3683.4,4440.0,3288.1,4028.6,33,2,4028.5,357,3,4028.3,36,3,4028.2,63,2,4028.1,55,2,4029.7,2,1,4030.0,62,3,4030.1,175,1,4030.2,22,3,4030.4,15,1
11483,2026-07-02 12:19:04+05:30,4028.6,1,4041.22,1099987,148276.0,156102.0,4100.0,4110.0,4012.0,4092.6,24768100,4501.8,3683.4,4440.0,3288.1,4028.7,2,1,4028.6,31,2,4028.5,357,3,4028.3,36,3,4028.2,63,2,4029.7,2,1,4030.0,62,3,4030.1,175,1,4030.2,22,3,4030.4,15,1
11483,2026-07-02 12:19:05+05:30,4028.7,16,4041.22,1099987,148276.0,156102.0,4100.0,4110.0,4012.0,4092.6,24768100,4501.8,3683.4,4440.0,3288.1,4028.7,2,1,4028.6,31,2,4028.5,357,3,4028.3,36,3,4028.2,63,2,4029.7,2,1,4030.0,62,3,4030.1,175,1,4030.2,22,3,4030.4,15,1
11483,2026-07-02 12:19:05+05:30,4028.7,16,4041.22,1100003,148140.0,156119.0,4100.0,4110.0,4012.0,4092.6,24768100,4501.8,3683.4,4440.0,3288.1,4028.7,2,1,4028.6,14,1,4028.5,295,1,4028.3,18,2,4028.2,13,1,4029.7,2,1,4030.0,92,6,4030.1,175,1,4030.2,11,2,4030.4,15,1
11483,2026-07-02 12:19:06+05:30,4029.7,2,4041.22,1100003,148140.0,156119.0,4100.0,4110.0,4012.0,4092.6,24768100,4501.8,3683.4,4440.0,3288.1,4028.7,2,1,4028.6,14,1,4028.5,295,1,4028.3,18,2,4028.2,13,1,4029.7,2,1,4030.0,92,6,4030.1,175,1,4030.2,11,2,4030.4,15,1
11483,2026-07-02 12:19:06+05:30,4029.7,2,4041.22,1100007,148426.0,156319.0,4100.0,4110.0,4012.0,4092.6,24768100,4501.8,3683.4,4440.0,3288.1,4029.7,1,1,4028.7,1,1,4028.6,14,1,4028.5,295,1,4028.3,13,1,4030.0,74,5,4030.1,175,1,4030.2,11,2,4030.3,23,1,4030.4,15,1
11483,2026-07-02 12:19:07+05:30,4028.5,174,4041.22,1100007,148426.0,156319.0,4100.0,4110.0,4012.0,4092.6,24768100,4501.8,3683.4,4440.0,3288.1,4029.7,1,1,4028.7,1,1,4028.6,14,1,4028.5,295,1,4028.3,13,1,4030.0,74,5,4030.1,175,1,4030.2,11,2,4030.3,23,1,4030.4,15,1
11483,2026-07-02 12:19:07+05:30,4028.5,174,4041.22,1100187,147584.0,156480.0,4100.0,4110.0,4012.0,4092.6,24768100,4501.8,3683.4,4440.0,3288.1,4028.5,121,1,4028.1,56,2,4028.0,145,5,4027.8,46,3,4027.7,39,2,4029.7,46,4,4029.8,4,2,4029.9,8,3,4030.0,99,8,4030.1,175,1
11483,2026-07-02 12:19:08+05:30,4028.5,22,4041.22,1100187,147584.0,156480.0,4100.0,4110.0,4012.0,4092.6,24768100,4501.8,3683.4,4440.0,3288.1,4028.5,121,1,4028.1,56,2,4028.0,145,5,4027.8,46,3,4027.7,39,2,4029.7,46,4,4029.8,4,2,4029.9,8,3,4030.0,99,8,4030.1,175,1
11483,2026-07-02 12:19:08+05:30,4028.5,22,4041.22,1100209,147640.0,156494.0,4100.0,4110.0,4012.0,4092.6,24768100,4501.8,3683.4,4440.0,3288.1,4028.5,99,1,4028.2,20,1,4028.1,56,2,4028.0,171,6,4027.8,46,3,4029.7,7,2,4029.8,4,2,4029.9,19,4,4030.0,99,8,4030.1,175,1
11483,2026-07-02 12:19:09+05:30,4030.0,14,4041.22,1100209,147640.0,156494.0,4100.0,4110.0,4012.0,4092.6,24768100,4501.8,3683.4,4440.0,3288.1,4028.5,99,1,4028.2,20,1,4028.1,56,2,4028.0,171,6,4027.8,46,3,4029.7,7,2,4029.8,4,2,4029.9,19,4,4030.0,99,8,4030.1,175,1
11483,2026-07-02 12:19:09+05:30,4030.0,14,4041.22,1100313,147728.0,156081.0,4100.0,4110.0,4012.0,4092.6,24768100,4501.8,3683.4,4440.0,3288.1,4029.0,3,1,4028.5,96,1,4028.2,20,1,4028.1,38,1,4028.0,183,7,4030.0,134,6,4030.1,177,2,4030.2,11,2,4030.3,9,3,4030.4,15,1
11483,2026-07-02 12:19:10+05:30,4029.0,4,4041.22,1100313,147728.0,156081.0,4100.0,4110.0,4012.0,4092.6,24768100,4501.8,3683.4,4440.0,3288.1,4029.0,3,1,4028.5,96,1,4028.2,20,1,4028.1,38,1,4028.0,183,7,4030.0,134,6,4030.1,177,2,4030.2,11,2,4030.3,9,3,4030.4,15,1
11483,2026-07-02 12:19:10+05:30,4029.0,4,4041.22,1100320,147639.0,156076.0,4100.0,4110.0,4012.0,4092.6,24768100,4501.8,3683.4,4440.0,3288.1,4028.5,101,2,4028.2,20,1,4028.0,171,6,4027.8,35,3,4027.7,38,2,4029.0,2,1,4029.6,1,1,4029.7,11,1,4029.8,32,2,4029.9,11,2
11483,2026-07-02 12:19:11+05:30,4029.9,1,4041.22,1100320,147639.0,156076.0,4100.0,4110.0,4012.0,4092.6,24768100,4501.8,3683.4,4440.0,3288.1,4028.5,101,2,4028.2,20,1,4028.0,171,6,4027.8,35,3,4027.7,38,2,4029.0,2,1,4029.6,1,1,4029.7,11,1,4029.8,32,2,4029.9,11,2
11483,2026-07-02 12:19:11+05:30,4029.9,1,4041.22,1100371,147728.0,156145.0,4100.0,4110.0,4012.0,4092.6,24768100,4501.8,3683.4,4440.0,3288.1,4028.5,100,2,4028.3,64,2,4028.2,20,1,4028.1,4,1,4028.0,183,7,4029.9,14,2,4030.0,123,5,4030.1,177,2,4030.2,22,3,4030.3,50,4
11483,2026-07-02 12:19:12+05:30,4028.5,6,4041.22,1100371,147728.0,156145.0,4100.0,4110.0,4012.0,4092.6,24768100,4501.8,3683.4,4440.0,3288.1,4028.5,100,2,4028.3,64,2,4028.2,20,1,4028.1,4,1,4028.0,183,7,4029.9,14,2,4030.0,123,5,4030.1,177,2,4030.2,22,3,4030.3,50,4
11483,2026-07-02 12:19:12+05:30,4028.5,6,4041.22,1100377,148406.0,156368.0,4100.0,4110.0,4012.0,4092.6,24768100,4501.8,3683.4,4440.0,3288.1,4029.5,10,1,4029.3,81,1,4029.2,43,2,4029.1,42,1,4029.0,42,1,4030.0,107,2,4030.1,177,2,4030.2,5,1,4030.3,1,1,4030.4,15,1
11483,2026-07-02 12:19:13+05:30,4030.0,10,4041.22,1100377,148406.0,156368.0,4100.0,4110.0,4012.0,4092.6,24768100,4501.8,3683.4,4440.0,3288.1,4029.5,10,1,4029.3,81,1,4029.2,43,2,4029.1,42,1,4029.0,42,1,4030.0,107,2,4030.1,177,2,4030.2,5,1,4030.3,1,1,4030.4,15,1
11483,2026-07-02 12:19:13+05:30,4029.9,1,4041.21,1100664,148535.0,156083.0,4100.0,4110.0,4012.0,4092.6,24768100,4501.8,3683.4,4440.0,3288.1,4029.9,41,1,4029.8,42,1,4029.7,42,1,4029.5,51,2,4029.4,4,1,4030.0,90,1,4030.1,175,1,4030.2,5,1,4030.3,1,1,4030.4,21,2
11483,2026-07-02 12:19:14+05:30,4030.0,5,4041.21,1100664,148535.0,156083.0,4100.0,4110.0,4012.0,4092.6,24768100,4501.8,3683.4,4440.0,3288.1,4029.9,41,1,4029.8,42,1,4029.7,42,1,4029.5,51,2,4029.4,4,1,4030.0,90,1,4030.1,175,1,4030.2,5,1,4030.3,1,1,4030.4,21,2
11483,2026-07-02 12:19:14+05:30,4030.0,5,4041.21,1100787,148310.0,155917.0,4100.0,4110.0,4012.0,4092.6,24768100,4501.8,3683.4,4440.0,3288.1,4029.9,3,1,4029.8,42,1,4029.7,42,1,4029.5,51,2,4029.4,4,1,4030.0,5,1,4030.1,175,1,4030.2,5,1,4030.3,1,1,4030.4,21,2
11483,2026-07-02 12:19:15+05:30,4029.9,1,4041.21,1100787,148310.0,155917.0,4100.0,4110.0,4012.0,4092.6,24768100,4501.8,3683.4,4440.0,3288.1,4029.9,3,1,4029.8,42,1,4029.7,42,1,4029.5,51,2,4029.4,4,1,4030.0,5,1,4030.1,175,1,4030.2,5,1,4030.3,1,1,4030.4,21,2
11483,2026-07-02 12:19:15+05:30,4029.9,1,4041.21,1100791,148302.0,156422.0,4100.0,4110.0,4012.0,4092.6,24768100,4501.8,3683.4,4440.0,3288.1,4029.7,42,1,4029.6,42,1,4029.5,9,1,4029.4,42,1,4029.2,1,1,4029.9,1,1,4030.0,505,2,4030.1,175,1,4030.2,5,1,4030.3,7,2
11483,2026-07-02 12:19:16+05:30,4029.9,3,4041.21,1100791,148302.0,156422.0,4100.0,4110.0,4012.0,4092.6,24768100,4501.8,3683.4,4440.0,3288.1,4029.7,42,1,4029.6,42,1,4029.5,9,1,4029.4,42,1,4029.2,1,1,4029.9,1,1,4030.0,505,2,4030.1,175,1,4030.2,5,1,4030.3,7,2
11483,2026-07-02 12:19:16+05:30,4029.9,3,4041.21,1100797,148149.0,156424.0,4100.0,4110.0,4012.0,4092.6,24768100,4501.8,3683.4,4440.0,3288.1,4029.8,41,1,4029.7,42,1,4029.6,42,1,4029.5,9,1,4029.4,42,1,4029.9,2,1,4030.0,516,3,4030.1,175,1,4030.2,5,1,4030.3,7,2
11483,2026-07-02 12:19:17+05:30,4028.6,4,4041.21,1100797,148149.0,156424.0,4100.0,4110.0,4012.0,4092.6,24768100,4501.8,3683.4,4440.0,3288.1,4029.8,41,1,4029.7,42,1,4029.6,42,1,4029.5,9,1,4029.4,42,1,4029.9,2,1,4030.0,516,3,4030.1,175,1,4030.2,5,1,4030.3,7,2
11483,2026-07-02 12:19:17+05:30,4028.6,4,4041.21,1101051,147550.0,156880.0,4100.0,4110.0,4012.0,4092.6,24768100,4501.8,3683.4,4440.0,3288.1,4028.7,19,1,4028.6,15,2,4028.5,92,2,4028.4,61,2,4028.3,25,1,4029.9,2,1,4030.0,505,2,4030.1,175,1,4030.2,5,1,4030.3,1,1
11483,2026-07-02 12:19:18+05:30,4029.3,31,4041.21,1101051,147550.0,156880.0,4100.0,4110.0,4012.0,4092.6,24768100,4501.8,3683.4,4440.0,3288.1,4028.7,19,1,4028.6,15,2,4028.5,92,2,4028.4,61,2,4028.3,25,1,4029.9,2,1,4030.0,505,2,4030.1,175,1,4030.2,5,1,4030.3,1,1
11483,2026-07-02 12:19:18+05:30,4029.3,31,4041.21,1101082,148153.0,157039.0,4100.0,4110.0,4012.0,4092.6,24768100,4501.8,3683.4,4440.0,3288.1,4029.5,42,1,4029.4,42,1,4029.3,11,1,4029.2,42,1,4029.0,1,1,4029.9,2,1,4030.0,505,2,4030.1,175,1,4030.2,5,1,4030.4,15,1
11483,2026-07-02 12:19:19+05:30,4030.0,4,4041.21,1101082,148153.0,157039.0,4100.0,4110.0,4012.0,4092.6,24768100,4501.8,3683.4,4440.0,3288.1,4029.5,42,1,4029.4,42,1,4029.3,11,1,4029.2,42,1,4029.0,1,1,4029.9,2,1,4030.0,505,2,4030.1,175,1,4030.2,5,1,4030.4,15,1
11483,2026-07-02 12:19:20+05:30,4030.0,4,4041.21,1101097,148176.0,157120.0,4100.0,4110.0,4012.0,4092.6,24768100,4501.8,3683.4,4440.0,3288.1,4029.6,80,2,4029.4,42,1,4029.3,11,1,4029.0,10,2,4028.7,28,2,4030.0,596,2,4030.1,175,1,4030.2,5,1,4030.4,15,1,4030.5,26,1
11483,2026-07-02 12:19:20+05:30,4029.6,1,4041.21,1101097,148176.0,157120.0,4100.0,4110.0,4012.0,4092.6,24768100,4501.8,3683.4,4440.0,3288.1,4029.6,80,2,4029.4,42,1,4029.3,11,1,4029.0,10,2,4028.7,28,2,4030.0,596,2,4030.1,175,1,4030.2,5,1,4030.4,15,1,4030.5,26,1
11483,2026-07-02 12:19:20+05:30,4029.6,1,4041.21,1101098,148041.0,156880.0,4100.0,4110.0,4012.0,4092.6,24768100,4501.8,3683.4,4440.0,3288.1,4029.0,13,3,4028.7,28,2,4028.6,15,2,4028.5,127,2,4028.4,73,2,4030.0,596,2,4030.1,175,1,4030.2,5,1,4030.3,3,1,4030.4,15,1
11483,2026-07-02 12:19:21+05:30,4029.0,1,4041.21,1101098,148041.0,156880.0,4100.0,4110.0,4012.0,4092.6,24768100,4501.8,3683.4,4440.0,3288.1,4029.0,13,3,4028.7,28,2,4028.6,15,2,4028.5,127,2,4028.4,73,2,4030.0,596,2,4030.1,175,1,4030.2,5,1,4030.3,3,1,4030.4,15,1
11483,2026-07-02 12:19:22+05:30,4030.0,15,4041.21,1101114,148012.0,156908.0,4100.0,4110.0,4012.0,4092.6,24768100,4501.8,3683.4,4440.0,3288.1,4029.5,1,1,4029.0,12,2,4028.7,19,1,4028.6,12,1,4028.5,89,1,4030.0,593,4,4030.1,190,2,4030.2,5,1,4030.3,29,3,4030.4,15,1
11483,2026-07-02 12:19:22+05:30,4029.5,1,4041.21,1101114,148012.0,156908.0,4100.0,4110.0,4012.0,4092.6,24768100,4501.8,3683.4,4440.0,3288.1,4029.5,1,1,4029.0,12,2,4028.7,19,1,4028.6,12,1,4028.5,89,1,4030.0,593,4,4030.1,190,2,4030.2,5,1,4030.3,29,3,4030.4,15,1
11483,2026-07-02 12:19:22+05:30,4029.5,1,4041.21,1101121,147936.0,157166.0,4100.0,4110.0,4012.0,4092.6,24768100,4501.8,3683.4,4440.0,3288.1,4029.0,12,2,4028.6,12,1,4028.5,89,1,4028.2,22,2,4028.1,27,2,4029.6,42,1,4029.7,53,2,4029.8,42,1,4030.0,622,5,4030.1,190,2
11483,2026-07-02 12:19:23+05:30,4029.0,1,4041.21,1101121,147936.0,157166.0,4100.0,4110.0,4012.0,4092.6,24768100,4501.8,3683.4,4440.0,3288.1,4029.0,12,2,4028.6,12,1,4028.5,89,1,4028.2,22,2,4028.1,27,2,4029.6,42,1,4029.7,53,2,4029.8,42,1,4030.0,622,5,4030.1,190,2
11483,2026-07-02 12:19:24+05:30,4029.0,1,4041.21,1101125,147177.0,157366.0,4100.0,4110.0,4012.0,4092.6,24768100,4501.8,3683.4,4440.0,3288.1,4029.0,8,2,4028.5,89,1,4028.2,20,1,4028.1,25,1,4028.0,68,4,4029.3,80,1,4029.4,53,2,4029.5,48,2,4029.6,42,1,4029.8,51,2
11483,2026-07-02 12:19:24+05:30,4029.3,1,4041.21,1101125,147177.0,157366.0,4100.0,4110.0,4012.0,4092.6,24768100,4501.8,3683.4,4440.0,3288.1,4029.0,8,2,4028.5,89,1,4028.2,20,1,4028.1,25,1,4028.0,68,4,4029.3,80,1,4029.4,53,2,4029.5,48,2,4029.6,42,1,4029.8,51,2
11483,2026-07-02 12:19:24+05:30,4029.3,1,4041.21,1101126,147208.0,157450.0,4100.0,4110.0,4012.0,4092.6,24768100,4501.8,3683.4,4440.0,3288.1,4029.0,8,2,4028.5,89,1,4028.2,20,1,4028.1,25,1,4028.0,68,4,4029.3,53,2,4029.4,42,1,4029.5,48,2,4029.6,11,1,4029.8,51,2
11483,2026-07-02 12:19:25+05:30,4029.3,30,4041.21,1101126,147208.0,157450.0,4100.0,4110.0,4012.0,4092.6,24768100,4501.8,3683.4,4440.0,3288.1,4029.0,8,2,4028.5,89,1,4028.2,20,1,4028.1,25,1,4028.0,68,4,4029.3,53,2,4029.4,42,1,4029.5,48,2,4029.6,11,1,4029.8,51,2
11483,2026-07-02 12:19:25+05:30,4029.3,30,4041.21,1101159,147264.0,157466.0,4100.0,4110.0,4012.0,4092.6,24768100,4501.8,3683.4,4440.0,3288.1,4029.0,5,2,4028.5,89,1,4028.2,20,1,4028.1,25,1,4028.0,68,4,4029.3,65,3,4029.4,42,1,4029.5,6,1,4029.6,53,2,4029.8,9,1
11483,2026-07-02 12:19:26+05:30,4029.3,8,4041.21,1101159,147264.0,157466.0,4100.0,4110.0,4012.0,4092.6,24768100,4501.8,3683.4,4440.0,3288.1,4029.0,5,2,4028.5,89,1,4028.2,20,1,4028.1,25,1,4028.0,68,4,4029.3,65,3,4029.4,42,1,4029.5,6,1,4029.6,53,2,4029.8,9,1
11483,2026-07-02 12:19:26+05:30,4029.3,8,4041.21,1101171,147342.0,157402.0,4100.0,4110.0,4012.0,4092.6,24768100,4501.8,3683.4,4440.0,3288.1,4029.0,101,2,4028.5,89,1,4028.2,20,1,4028.1,25,1,4028.0,68,4,4029.2,49,1,4029.3,4,1,4029.4,42,1,4029.5,48,2,4029.6,11,1
11483,2026-07-02 12:19:27+05:30,4029.0,1,4041.21,1101171,147342.0,157402.0,4100.0,4110.0,4012.0,4092.6,24768100,4501.8,3683.4,4440.0,3288.1,4029.0,101,2,4028.5,89,1,4028.2,20,1,4028.1,25,1,4028.0,68,4,4029.2,49,1,4029.3,4,1,4029.4,42,1,4029.5,48,2,4029.6,11,1
11483,2026-07-02 12:19:28+05:30,4029.0,1,4041.21,1101173,147424.0,157378.0,4100.0,4110.0,4012.0,4092.6,24768100,4501.8,3683.4,4440.0,3288.1,4029.0,99,1,4028.5,89,1,4028.2,20,1,4028.1,51,2,4028.0,68,4,4029.2,49,1,4029.3,46,2,4029.4,42,1,4029.5,6,1,4029.6,42,1
11483,2026-07-02 12:19:28+05:30,4029.4,2,4041.21,1101173,147424.0,157378.0,4100.0,4110.0,4012.0,4092.6,24768100,4501.8,3683.4,4440.0,3288.1,4029.0,99,1,4028.5,89,1,4028.2,20,1,4028.1,51,2,4028.0,68,4,4029.2,49,1,4029.3,46,2,4029.4,42,1,4029.5,6,1,4029.6,42,1
11483,2026-07-02 12:19:29+05:30,4029.0,5,4041.21,1101292,147562.0,157097.0,4100.0,4110.0,4012.0,4092.6,24768100,4501.8,3683.4,4440.0,3288.1,4029.0,94,1,4028.5,116,3,4028.2,20,1,4028.1,51,2,4028.0,68,4,4029.4,23,1,4029.6,42,1,4030.0,595,5,4030.1,190,2,4030.2,43,4
11483,2026-07-02 12:19:29+05:30,4029.0,16,4041.21,1101292,147562.0,157097.0,4100.0,4110.0,4012.0,4092.6,24768100,4501.8,3683.4,4440.0,3288.1,4029.0,94,1,4028.5,116,3,4028.2,20,1,4028.1,51,2,4028.0,68,4,4029.4,23,1,4029.6,42,1,4030.0,595,5,4030.1,190,2,4030.2,43,4
11483,2026-07-02 12:19:29+05:30,4029.0,16,4041.21,1101322,147441.0,157081.0,4100.0,4110.0,4012.0,4092.6,24768100,4501.8,3683.4,4440.0,3288.1,4029.0,64,1,4028.5,90,2,4028.2,20,1,4028.1,51,2,4028.0,68,4,4029.2,1,1,4029.4,23,1,4029.7,42,1,4029.8,10,1,4030.0,595,5
11483,2026-07-02 12:19:30+05:30,4029.0,4,4041.21,1101322,147441.0,157081.0,4100.0,4110.0,4012.0,4092.6,24768100,4501.8,3683.4,4440.0,3288.1,4029.0,64,1,4028.5,90,2,4028.2,20,1,4028.1,51,2,4028.0,68,4,4029.2,1,1,4029.4,23,1,4029.7,42,1,4029.8,10,1,4030.0,595,5
11483,2026-07-02 12:19:30+05:30,4029.2,3,4041.21,1101333,147393.0,157126.0,4100.0,4110.0,4012.0,4092.6,24768100,4501.8,3683.4,4440.0,3288.1,4029.0,60,1,4028.5,89,1,4028.2,60,2,4028.1,51,2,4028.0,68,4,4029.2,36,1,4029.3,42,1,4029.4,23,1,4029.6,42,1,4029.7,8,1
11483,2026-07-02 12:19:31+05:30,4029.0,1,4041.21,1101333,147393.0,157126.0,4100.0,4110.0,4012.0,4092.6,24768100,4501.8,3683.4,4440.0,3288.1,4029.0,60,1,4028.5,89,1,4028.2,60,2,4028.1,51,2,4028.0,68,4,4029.2,36,1,4029.3,42,1,4029.4,23,1,4029.6,42,1,4029.7,8,1
11483,2026-07-02 12:19:31+05:30,4029.0,1,4041.21,1101334,147377.0,156951.0,4100.0,4110.0,4012.0,4092.6,24768100,4501.8,3683.4,4440.0,3288.1,4029.0,59,1,4028.5,89,1,4028.2,20,1,4028.1,26,1,4028.0,68,4,4029.2,36,1,4029.3,42,1,4029.4,23,1,4029.6,42,1,4029.7,8,1
11483,2026-07-02 12:19:32+05:30,4029.7,6,4041.21,1101334,147377.0,156951.0,4100.0,4110.0,4012.0,4092.6,24768100,4501.8,3683.4,4440.0,3288.1,4029.0,59,1,4028.5,89,1,4028.2,20,1,4028.1,26,1,4028.0,68,4,4029.2,36,1,4029.3,42,1,4029.4,23,1,4029.6,42,1,4029.7,8,1
11483,2026-07-02 12:19:32+05:30,4029.7,2,4041.21,1101493,147895.0,156930.0,4100.0,4110.0,4012.0,4092.6,24768100,4501.8,3683.4,4440.0,3288.1,4029.1,1,1,4029.0,69,2,4028.5,115,2,4028.4,33,2,4028.2,20,1,4029.4,17,1,4030.0,593,5,4030.1,190,2,4030.2,16,2,4030.3,15,1
11483,2026-07-02 12:19:33+05:30,4029.1,3,4041.21,1101493,147895.0,156930.0,4100.0,4110.0,4012.0,4092.6,24768100,4501.8,3683.4,4440.0,3288.1,4029.1,1,1,4029.0,69,2,4028.5,115,2,4028.4,33,2,4028.2,20,1,4029.4,17,1,4030.0,593,5,4030.1,190,2,4030.2,16,2,4030.3,15,1
11483,2026-07-02 12:19:33+05:30,4029.1,3,4041.21,1101496,147439.0,157367.0,4100.0,4110.0,4012.0,4092.6,24768100,4501.8,3683.4,4440.0,3288.1,4029.0,69,2,4028.5,89,1,4028.2,20,1,4028.1,26,1,4028.0,68,4,4029.1,2,1,4029.2,52,2,4029.3,217,2,4029.4,59,2,4029.5,6,1
11483,2026-07-02 12:19:34+05:30,4029.1,16,4041.21,1101496,147439.0,157367.0,4100.0,4110.0,4012.0,4092.6,24768100,4501.8,3683.4,4440.0,3288.1,4029.0,69,2,4028.5,89,1,4028.2,20,1,4028.1,26,1,4028.0,68,4,4029.1,2,1,4029.2,52,2,4029.3,217,2,4029.4,59,2,4029.5,6,1
11483,2026-07-02 12:19:34+05:30,4029.1,16,4041.2,1101513,147415.0,157562.0,4100.0,4110.0,4012.0,4092.6,24768100,4501.8,3683.4,4440.0,3288.1,4029.1,2,1,4029.0,68,2,4028.5,89,1,4028.2,20,1,4028.0,85,5,4029.3,227,3,4029.4,59,2,4029.5,42,1,4029.6,16,2,4029.7,42,1
11483,2026-07-02 12:19:35+05:30,4029.1,2,4041.2,1101513,147415.0,157562.0,4100.0,4110.0,4012.0,4092.6,24768100,4501.8,3683.4,4440.0,3288.1,4029.1,2,1,4029.0,68,2,4028.5,89,1,4028.2,20,1,4028.0,85,5,4029.3,227,3,4029.4,59,2,4029.5,42,1,4029.6,16,2,4029.7,42,1
11483,2026-07-02 12:19:35+05:30,4029.1,2,4041.2,1101515,147362.0,157402.0,4100.0,4110.0,4012.0,4092.6,24768100,4501.8,3683.4,4440.0,3288.1,4029.2,11,2,4029.0,68,2,4028.5,89,1,4028.2,20,1,4028.0,111,6,4029.3,175,1,4029.4,17,1,4029.6,10,1,4029.9,10,1,4030.0,618,8
11483,2026-07-02 12:19:36+05:30,4029.1,2,4041.2,1101515,147414.0,157642.0,4100.0,4110.0,4012.0,4092.6,24768100,4501.8,3683.4,4440.0,3288.1,4029.2,11,2,4029.0,114,3,4028.5,89,1,4028.2,20,1,4028.0,111,6,4029.3,175,1,4029.4,17,1,4029.6,10,1,4029.9,10,1,4030.0,615,7
11483,2026-07-02 12:19:37+05:30,4029.1,2,4041.2,1101515,147781.0,157468.0,4100.0,4110.0,4012.0,4092.6,24768100,4501.8,3683.4,4440.0,3288.1,4029.2,13,3,4029.1,10,1,4029.0,114,3,4028.5,89,1,4028.2,20,1,4029.3,175,1,4029.4,17,1,4030.0,615,7,4030.1,44,3,4030.2,28,3
11483,2026-07-02 12:19:38+05:30,4029.2,12,4041.2,1101515,147781.0,157468.0,4100.0,4110.0,4012.0,4092.6,24768100,4501.8,3683.4,4440.0,3288.1,4029.2,13,3,4029.1,10,1,4029.0,114,3,4028.5,89,1,4028.2,20,1,4029.3,175,1,4029.4,17,1,4030.0,615,7,4030.1,44,3,4030.2,28,3
11483,2026-07-02 12:19:38+05:30,4029.2,12,4041.2,1101539,147830.0,157452.0,4100.0,4110.0,4012.0,4092.6,24768100,4501.8,3683.4,4440.0,3288.1,4029.2,2,1,4029.1,10,1,4029.0,114,3,4028.5,89,1,4028.3,26,1,4029.3,175,1,4029.4,17,1,4030.0,594,6,4030.1,15,1,4030.2,28,3
11483,2026-07-02 12:19:39+05:30,4029.3,4,4041.2,1101539,147830.0,157452.0,4100.0,4110.0,4012.0,4092.6,24768100,4501.8,3683.4,4440.0,3288.1,4029.2,2,1,4029.1,10,1,4029.0,114,3,4028.5,89,1,4028.3,26,1,4029.3,175,1,4029.4,17,1,4030.0,594,6,4030.1,15,1,4030.2,28,3
11483,2026-07-02 12:19:39+05:30,4029.3,4,4041.2,1101550,147820.0,157269.0,4100.0,4110.0,4012.0,4092.6,24768100,4501.8,3683.4,4440.0,3288.1,4029.2,4,1,4029.1,10,1,4029.0,114,3,4028.5,89,1,4028.3,26,1,4029.4,15,1,4030.0,569,3,4030.1,15,1,4030.2,17,2,4030.3,15,1
11483,2026-07-02 12:19:40+05:30,4029.2,1,4041.2,1101550,147820.0,157269.0,4100.0,4110.0,4012.0,4092.6,24768100,4501.8,3683.4,4440.0,3288.1,4029.2,4,1,4029.1,10,1,4029.0,114,3,4028.5,89,1,4028.3,26,1,4029.4,15,1,4030.0,569,3,4030.1,15,1,4030.2,17,2,4030.3,15,1
11483,2026-07-02 12:19:40+05:30,4029.2,1,4041.2,1101551,147825.0,157293.0,4100.0,4110.0,4012.0,4092.6,24768100,4501.8,3683.4,4440.0,3288.1,4029.2,3,1,4029.1,10,1,4029.0,114,3,4028.5,89,1,4028.3,26,1,4029.4,15,1,4030.0,569,3,4030.1,15,1,4030.2,17,2,4030.3,18,2
11483,2026-07-02 12:19:41+05:30,4029.2,1,4041.2,1101551,147819.0,157404.0,4100.0,4110.0,4012.0,4092.6,24768100,4501.8,3683.4,4440.0,3288.1,4029.2,3,1,4029.1,10,1,4029.0,114,3,4028.5,89,1,4028.3,26,1,4029.4,15,1,4029.7,30,1,4030.0,569,3,4030.1,15,1,4030.2,20,3
11483,2026-07-02 12:19:42+05:30,4029.3,3,4041.2,1101551,147819.0,157404.0,4100.0,4110.0,4012.0,4092.6,24768100,4501.8,3683.4,4440.0,3288.1,4029.2,3,1,4029.1,10,1,4029.0,114,3,4028.5,89,1,4028.3,26,1,4029.4,15,1,4029.7,30,1,4030.0,569,3,4030.1,15,1,4030.2,20,3
11483,2026-07-02 12:19:42+05:30,4029.3,3,4041.2,1101557,147544.0,157404.0,4100.0,4110.0,4012.0,4092.6,24768100,4501.8,3683.4,4440.0,3288.1,4029.2,3,1,4029.1,10,1,4029.0,114,3,4028.5,89,1,4028.3,26,1,4029.4,12,1,4029.7,30,1,4030.0,577,4,4030.1,15,1,4030.2,17,2
11483,2026-07-02 12:19:43+05:30,4029.2,1,4041.2,1101557,147544.0,157404.0,4100.0,4110.0,4012.0,4092.6,24768100,4501.8,3683.4,4440.0,3288.1,4029.2,3,1,4029.1,10,1,4029.0,114,3,4028.5,89,1,4028.3,26,1,4029.4,12,1,4029.7,30,1,4030.0,577,4,4030.1,15,1,4030.2,17,2
11483,2026-07-02 12:19:43+05:30,4029.2,1,4041.2,1101558,146967.0,157411.0,4100.0,4110.0,4012.0,4092.6,24768100,4501.8,3683.4,4440.0,3288.1,4029.2,2,1,4029.1,10,1,4029.0,114,3,4028.6,52,1,4028.5,89,1,4029.4,13,2,4029.7,30,1,4030.0,577,4,4030.1,15,1,4030.2,17,2
11483,2026-07-02 12:19:44+05:30,4028.5,78,4041.2,1101558,146967.0,157411.0,4100.0,4110.0,4012.0,4092.6,24768100,4501.8,3683.4,4440.0,3288.1,4029.2,2,1,4029.1,10,1,4029.0,114,3,4028.6,52,1,4028.5,89,1,4029.4,13,2,4029.7,30,1,4030.0,577,4,4030.1,15,1,4030.2,17,2
11483,2026-07-02 12:19:44+05:30,4028.5,78,4041.2,1101762,147158.0,157865.0,4100.0,4110.0,4012.0,4092.6,24768100,4501.8,3683.4,4440.0,3288.1,4028.5,17,2,4028.2,20,1,4028.0,68,4,4027.8,40,2,4027.6,44,2,4029.2,2,1,4029.3,175,1,4029.4,13,2,4029.5,5,1,4029.7,30,1
11483,2026-07-02 12:19:45+05:30,4028.5,1,4041.2,1101762,147158.0,157865.0,4100.0,4110.0,4012.0,4092.6,24768100,4501.8,3683.4,4440.0,3288.1,4028.5,17,2,4028.2,20,1,4028.0,68,4,4027.8,40,2,4027.6,44,2,4029.2,2,1,4029.3,175,1,4029.4,13,2,4029.5,5,1,4029.7,30,1
11483,2026-07-02 12:19:45+05:30,4029.3,12,4041.2,1101814,147380.0,157588.0,4100.0,4110.0,4012.0,4092.6,24768100,4501.8,3683.4,4440.0,3288.1,4028.4,12,1,4028.3,19,1,4028.2,28,2,4028.0,68,4,4027.9,4,1,4029.4,13,2,4029.7,30,1,4029.9,40,3,4030.0,599,7,4030.1,41,2
11483,2026-07-02 12:19:46+05:30,4028.4,1,4041.2,1101814,147380.0,157588.0,4100.0,4110.0,4012.0,4092.6,24768100,4501.8,3683.4,4440.0,3288.1,4028.4,12,1,4028.3,19,1,4028.2,28,2,4028.0,68,4,4027.9,4,1,4029.4,13,2,4029.7,30,1,4029.9,40,3,4030.0,599,7,4030.1,41,2
11483,2026-07-02 12:19:46+05:30,4028.4,1,4041.2,1101829,147406.0,157614.0,4100.0,4110.0,4012.0,4092.6,24768100,4501.8,3683.4,4440.0,3288.1,4028.4,5,1,4028.3,19,1,4028.2,28,2,4028.0,84,5,4027.8,28,2,4029.4,4,1,4029.7,30,1,4029.8,10,1,4029.9,56,4,4030.0,599,7
11483,2026-07-02 12:19:47+05:30,4028.4,2,4041.2,1101829,147406.0,157614.0,4100.0,4110.0,4012.0,4092.6,24768100,4501.8,3683.4,4440.0,3288.1,4028.4,5,1,4028.3,19,1,4028.2,28,2,4028.0,84,5,4027.8,28,2,4029.4,4,1,4029.7,30,1,4029.8,10,1,4029.9,56,4,4030.0,599,7
11483,2026-07-02 12:19:47+05:30,4028.4,2,4041.2,1101831,147410.0,157599.0,4100.0,4110.0,4012.0,4092.6,24768100,4501.8,3683.4,4440.0,3288.1,4028.4,3,1,4028.3,19,1,4028.2,28,2,4028.1,62,1,4028.0,84,5,4029.4,4,1,4029.7,30,1,4029.8,10,1,4029.9,40,3,4030.0,599,7
11483,2026-07-02 12:19:48+05:30,4029.4,1,4041.2,1101831,147410.0,157599.0,4100.0,4110.0,4012.0,4092.6,24768100,4501.8,3683.4,4440.0,3288.1,4028.4,3,1,4028.3,19,1,4028.2,28,2,4028.1,62,1,4028.0,84,5,4029.4,4,1,4029.7,30,1,4029.8,10,1,4029.9,40,3,4030.0,599,7
11483,2026-07-02 12:19:48+05:30,4029.4,1,4041.2,1101832,147291.0,157696.0,4100.0,4110.0,4012.0,4092.6,24768100,4501.8,3683.4,4440.0,3288.1,4028.4,3,1,4028.2,28,2,4028.0,68,4,4027.8,28,2,4027.6,26,1,4029.4,28,4,4029.5,14,1,4029.7,75,3,4029.8,21,2,4029.9,86,4
11483,2026-07-02 12:19:49+05:30,4028.4,1,4041.2,1101832,147291.0,157696.0,4100.0,4110.0,4012.0,4092.6,24768100,4501.8,3683.4,4440.0,3288.1,4028.4,3,1,4028.2,28,2,4028.0,68,4,4027.8,28,2,4027.6,26,1,4029.4,28,4,4029.5,14,1,4029.7,75,3,4029.8,21,2,4029.9,86,4
11483,2026-07-02 12:19:49+05:30,4028.4,1,4041.2,1101833,147296.0,157767.0,4100.0,4110.0,4012.0,4092.6,24768100,4501.8,3683.4,4440.0,3288.1,4028.4,2,1,4028.2,28,2,4028.0,68,4,4027.6,26,1,4027.5,46,2,4029.4,25,3,4029.5,14,1,4029.6,23,1,4029.7,78,4,4029.8,92,3
11483,2026-07-02 12:19:50+05:30,4029.4,2,4041.2,1101833,147296.0,157767.0,4100.0,4110.0,4012.0,4092.6,24768100,4501.8,3683.4,4440.0,3288.1,4028.4,2,1,4028.2,28,2,4028.0,68,4,4027.6,26,1,4027.5,46,2,4029.4,25,3,4029.5,14,1,4029.6,23,1,4029.7,78,4,4029.8,92,3
11483,2026-07-02 12:19:50+05:30,4029.4,2,4041.2,1101835,147115.0,157777.0,4100.0,4110.0,4012.0,4092.6,24768100,4501.8,3683.4,4440.0,3288.1,4028.2,17,1,4028.0,68,4,4027.5,18,1,4027.4,34,2,4027.3,88,2,4029.3,175,1,4029.4,50,5,4029.5,53,3,4029.6,18,2,4029.7,113,4
11483,2026-07-02 12:19:51+05:30,4029.3,1,4041.2,1101835,147115.0,157777.0,4100.0,4110.0,4012.0,4092.6,24768100,4501.8,3683.4,4440.0,3288.1,4028.2,17,1,4028.0,68,4,4027.5,18,1,4027.4,34,2,4027.3,88,2,4029.3,175,1,4029.4,50,5,4029.5,53,3,4029.6,18,2,4029.7,113,4
11483,2026-07-02 12:19:51+05:30,4029.3,1,4041.2,1101848,147139.0,157567.0,4100.0,4110.0,4012.0,4092.6,24768100,4501.8,3683.4,4440.0,3288.1,4028.3,1,1,4028.2,13,1,4028.0,68,4,4027.5,18,1,4027.4,34,2,4029.4,16,3,4029.5,14,1,4029.7,100,4,4029.8,18,1,4029.9,48,3
11483,2026-07-02 12:19:52+05:30,4029.3,1,4041.2,1101848,147139.0,157567.0,4100.0,4110.0,4012.0,4092.6,24768100,4501.8,3683.4,4440.0,3288.1,4028.3,1,1,4028.2,13,1,4028.0,68,4,4027.5,18,1,4027.4,34,2,4029.4,16,3,4029.5,14,1,4029.7,100,4,4029.8,18,1,4029.9,48,3
11483,2026-07-02 12:19:52+05:30,4028.3,1,4041.2,1101848,147139.0,157567.0,4100.0,4110.0,4012.0,4092.6,24768100,4501.8,3683.4,4440.0,3288.1,4028.3,1,1,4028.2,13,1,4028.0,68,4,4027.5,18,1,4027.4,34,2,4029.4,16,3,4029.5,14,1,4029.7,100,4,4029.8,18,1,4029.9,48,3
11483,2026-07-02 12:19:52+05:30,4028.3,1,4041.2,1101850,146994.0,157577.0,4100.0,4110.0,4012.0,4092.6,24768100,4501.8,3683.4,4440.0,3288.1,4028.7,1,1,4028.2,13,1,4028.0,68,4,4027.5,18,1,4027.4,49,3,4029.3,186,2,4029.4,1,1,4029.5,14,1,4029.6,9,1,4029.7,62,3
11483,2026-07-02 12:19:53+05:30,4028.3,1,4041.2,1101850,146994.0,157577.0,4100.0,4110.0,4012.0,4092.6,24768100,4501.8,3683.4,4440.0,3288.1,4028.7,1,1,4028.2,13,1,4028.0,68,4,4027.5,18,1,4027.4,49,3,4029.3,186,2,4029.4,1,1,4029.5,14,1,4029.6,9,1,4029.7,62,3
11483,2026-07-02 12:19:53+05:30,4029.3,10,4041.2,1101850,146994.0,157577.0,4100.0,4110.0,4012.0,4092.6,24768100,4501.8,3683.4,4440.0,3288.1,4028.7,1,1,4028.2,13,1,4028.0,68,4,4027.5,18,1,4027.4,49,3,4029.3,186,2,4029.4,1,1,4029.5,14,1,4029.6,9,1,4029.7,62,3
11483,2026-07-02 12:19:53+05:30,4029.3,10,4041.2,1101860,147300.0,157301.0,4100.0,4110.0,4012.0,4092.6,24768100,4501.8,3683.4,4440.0,3288.1,4028.8,10,1,4028.7,1,1,4028.3,14,1,4028.2,13,1,4028.1,51,2,4029.4,1,1,4029.7,30,1,4029.8,18,1,4029.9,35,2,4030.0,619,8
11483,2026-07-02 12:19:54+05:30,4029.3,10,4041.2,1101860,147300.0,157301.0,4100.0,4110.0,4012.0,4092.6,24768100,4501.8,3683.4,4440.0,3288.1,4028.8,10,1,4028.7,1,1,4028.3,14,1,4028.2,13,1,4028.1,51,2,4029.4,1,1,4029.7,30,1,4029.8,18,1,4029.9,35,2,4030.0,619,8
11483,2026-07-02 12:19:54+05:30,4029.4,1,4041.2,1101860,147300.0,157301.0,4100.0,4110.0,4012.0,4092.6,24768100,4501.8,3683.4,4440.0,3288.1,4028.8,10,1,4028.7,1,1,4028.3,14,1,4028.2,13,1,4028.1,51,2,4029.4,1,1,4029.7,30,1,4029.8,18,1,4029.9,35,2,4030.0,619,8
11483,2026-07-02 12:19:54+05:30,4029.4,1,4041.2,1101860,147300.0,157301.0,4100.0,4110.0,4012.0,4092.6,24768100,4501.8,3683.4,4440.0,3288.1,4028.8,10,1,4028.7,1,1,4028.3,14,1,4028.2,13,1,4028.1,51,2,4029.4,1,1,4029.7,30,1,4029.8,18,1,4029.9,35,2,4030.0,619,8
11483,2026-07-02 12:19:54+05:30,4029.4,1,4041.2,1101862,147422.0,157214.0,4100.0,4110.0,4012.0,4092.6,24768100,4501.8,3683.4,4440.0,3288.1,4028.8,9,1,4028.7,1,1,4028.2,75,2,4028.1,77,3,4028.0,68,4,4029.4,19,1,4029.7,39,2,4029.8,18,1,4030.0,619,8,4030.1,15,1
11483,2026-07-02 12:19:55+05:30,4029.4,1,4041.2,1101862,147422.0,157214.0,4100.0,4110.0,4012.0,4092.6,24768100,4501.8,3683.4,4440.0,3288.1,4028.8,9,1,4028.7,1,1,4028.2,75,2,4028.1,77,3,4028.0,68,4,4029.4,19,1,4029.7,39,2,4029.8,18,1,4030.0,619,8,4030.1,15,1
11483,2026-07-02 12:19:55+05:30,4029.4,1,4041.2,1101862,147326.0,157221.0,4100.0,4110.0,4012.0,4092.6,24768100,4501.8,3683.4,4440.0,3288.1,4028.8,9,1,4028.7,1,1,4028.2,13,1,4028.1,77,3,4028.0,68,4,4029.4,19,1,4029.7,39,2,4029.8,18,1,4029.9,3,1,4030.0,619,8
11483,2026-07-02 12:19:55+05:30,4029.4,1,4041.2,1101862,147326.0,157221.0,4100.0,4110.0,4012.0,4092.6,24768100,4501.8,3683.4,4440.0,3288.1,4028.8,9,1,4028.7,1,1,4028.2,13,1,4028.1,77,3,4028.0,68,4,4029.4,19,1,4029.7,39,2,4029.8,18,1,4029.9,3,1,4030.0,619,8
11483,2026-07-02 12:19:56+05:30,4029.4,1,4041.2,1101862,147326.0,157221.0,4100.0,4110.0,4012.0,4092.6,24778425,4501.8,3683.4,4440.0,3288.1,4028.8,9,1,4028.7,1,1,4028.2,13,1,4028.1,77,3,4028.0,68,4,4029.4,19,1,4029.7,39,2,4029.8,18,1,4029.9,3,1,4030.0,619,8
11483,2026-07-02 12:19:56+05:30,4029.3,9,4041.2,1101862,147326.0,157221.0,4100.0,4110.0,4012.0,4092.6,24778425,4501.8,3683.4,4440.0,3288.1,4028.8,9,1,4028.7,1,1,4028.2,13,1,4028.1,77,3,4028.0,68,4,4029.4,19,1,4029.7,39,2,4029.8,18,1,4029.9,3,1,4030.0,619,8
11483,2026-07-02 12:19:56+05:30,4029.3,9,4041.2,1101892,147262.0,157155.0,4100.0,4110.0,4012.0,4092.6,24778425,4501.8,3683.4,4440.0,3288.1,4028.3,9,1,4028.2,4,1,4028.0,68,4,4027.7,26,1,4027.5,18,1,4029.3,20,2,4029.4,38,4,4029.6,12,2,4029.7,97,5,4029.8,32,2
11483,2026-07-02 12:19:56+05:30,4029.3,9,4041.2,1101892,147262.0,157155.0,4100.0,4110.0,4012.0,4092.6,24778425,4501.8,3683.4,4440.0,3288.1,4028.3,9,1,4028.2,4,1,4028.0,68,4,4027.7,26,1,4027.5,18,1,4029.3,20,2,4029.4,38,4,4029.6,12,2,4029.7,97,5,4029.8,32,2
11483,2026-07-02 12:19:57+05:30,4029.3,9,4041.2,1101892,147262.0,157155.0,4100.0,4110.0,4012.0,4092.6,24778425,4501.8,3683.4,4440.0,3288.1,4028.3,9,1,4028.2,4,1,4028.0,68,4,4027.7,26,1,4027.5,18,1,4029.3,20,2,4029.4,38,4,4029.6,12,2,4029.7,97,5,4029.8,32,2
11483,2026-07-02 12:19:57+05:30,4029.3,1,4041.2,1101892,147262.0,157155.0,4100.0,4110.0,4012.0,4092.6,24778425,4501.8,3683.4,4440.0,3288.1,4028.3,9,1,4028.2,4,1,4028.0,68,4,4027.7,26,1,4027.5,18,1,4029.3,20,2,4029.4,38,4,4029.6,12,2,4029.7,97,5,4029.8,32,2
11483,2026-07-02 12:19:57+05:30,4029.3,1,4041.2,1101897,147263.0,157298.0,4100.0,4110.0,4012.0,4092.6,24778425,4501.8,3683.4,4440.0,3288.1,4028.3,5,1,4028.2,4,1,4028.0,94,5,4027.7,26,1,4027.5,18,1,4029.3,10,1,4029.4,38,4,4029.6,9,1,4029.7,43,2,4029.8,32,2
11483,2026-07-02 12:19:57+05:30,4029.3,1,4041.2,1101897,147263.0,157298.0,4100.0,4110.0,4012.0,4092.6,24778425,4501.8,3683.4,4440.0,3288.1,4028.3,5,1,4028.2,4,1,4028.0,94,5,4027.7,26,1,4027.5,18,1,4029.3,10,1,4029.4,38,4,4029.6,9,1,4029.7,43,2,4029.8,32,2
11483,2026-07-02 12:19:58+05:30,4029.3,1,4041.2,1101897,147263.0,157298.0,4100.0,4110.0,4012.0,4092.6,24778425,4501.8,3683.4,4440.0,3288.1,4028.3,5,1,4028.2,4,1,4028.0,94,5,4027.7,26,1,4027.5,18,1,4029.3,10,1,4029.4,38,4,4029.6,9,1,4029.7,43,2,4029.8,32,2
11483,2026-07-02 12:19:58+05:30,4028.3,1,4041.2,1101898,147254.0,157170.0,4100.0,4110.0,4012.0,4092.6,24778425,4501.8,3683.4,4440.0,3288.1,4028.3,4,1,4028.2,4,1,4028.0,94,5,4027.7,26,1,4027.5,18,1,4029.2,12,1,4029.3,30,3,4029.4,61,5,4029.5,3,1,4029.6,13,2
11483,2026-07-02 12:19:58+05:30,4028.3,1,4041.2,1101898,147254.0,157170.0,4100.0,4110.0,4012.0,4092.6,24778425,4501.8,3683.4,4440.0,3288.1,4028.3,4,1,4028.2,4,1,4028.0,94,5,4027.7,26,1,4027.5,18,1,4029.2,12,1,4029.3,30,3,4029.4,61,5,4029.5,3,1,4029.6,13,2
11483,2026-07-02 12:19:59+05:30,4028.3,4,4041.2,1101909,147284.0,157363.0,4100.0,4110.0,4012.0,4092.6,24778425,4501.8,3683.4,4440.0,3288.1,4028.2,4,1,4028.0,68,4,4027.7,26,1,4027.5,18,1,4027.4,48,3,4029.1,12,1,4029.2,20,4,4029.3,187,2,4029.4,61,5,4029.5,15,1
11483,2026-07-02 12:19:59+05:30,4028.2,1,4041.2,1101909,147284.0,157363.0,4100.0,4110.0,4012.0,4092.6,24778425,4501.8,3683.4,4440.0,3288.1,4028.2,4,1,4028.0,68,4,4027.7,26,1,4027.5,18,1,4027.4,48,3,4029.1,12,1,4029.2,20,4,4029.3,187,2,4029.4,61,5,4029.5,15,1
11483,2026-07-02 12:20:00+05:30,4029.1,5,4041.2,1101915,147287.0,157351.0,4100.0,4110.0,4012.0,4092.6,24778425,4501.8,3683.4,4440.0,3288.1,4028.2,3,1,4028.0,68,4,4027.7,26,1,4027.5,18,1,4027.4,48,3,4029.0,11,1,4029.1,24,5,4029.2,5,1,4029.3,187,2,4029.4,61,5
11483,2026-07-02 12:20:00+05:30,4028.2,1,4041.2,1101915,147287.0,157351.0,4100.0,4110.0,4012.0,4092.6,24778425,4501.8,3683.4,4440.0,3288.1,4028.2,3,1,4028.0,68,4,4027.7,26,1,4027.5,18,1,4027.4,48,3,4029.0,11,1,4029.1,24,5,4029.2,5,1,4029.3,187,2,4029.4,61,5
11483,2026-07-02 12:20:01+05:30,4028.2,1,4041.2,1101916,147325.0,157285.0,4100.0,4110.0,4012.0,4092.6,24778425,4501.8,3683.4,4440.0,3288.1,4029.0,88,1,4028.7,2,2,4028.5,25,1,4028.3,25,1,4028.2,2,1,4029.1,1,1,4029.3,197,3,4029.4,32,3,4029.6,10,1,4029.7,43,2
11483,2026-07-02 12:20:01+05:30,4029.0,88,4041.2,1101916,147325.0,157285.0,4100.0,4110.0,4012.0,4092.6,24778425,4501.8,3683.4,4440.0,3288.1,4029.0,88,1,4028.7,2,2,4028.5,25,1,4028.3,25,1,4028.2,2,1,4029.1,1,1,4029.3,197,3,4029.4,32,3,4029.6,10,1,4029.7,43,2
11483,2026-07-02 12:20:02+05:30,4029.3,55,4041.2,1102156,147345.0,157194.0,4100.0,4110.0,4012.0,4092.6,24778425,4501.8,3683.4,4440.0,3288.1,4028.8,55,1,4028.7,2,2,4028.5,25,1,4028.3,25,1,4028.2,2,1,4029.0,175,1,4029.3,22,2,4029.4,20,2,4029.6,10,1,4029.7,30,1
11483,2026-07-02 12:20:02+05:30,4028.8,29,4041.2,1102156,147345.0,157194.0,4100.0,4110.0,4012.0,4092.6,24778425,4501.8,3683.4,4440.0,3288.1,4028.8,55,1,4028.7,2,2,4028.5,25,1,4028.3,25,1,4028.2,2,1,4029.0,175,1,4029.3,22,2,4029.4,20,2,4029.6,10,1,4029.7,30,1
11483,2026-07-02 12:20:03+05:30,4028.8,29,4041.2,1102185,147392.0,157415.0,4100.0,4110.0,4012.0,4092.6,24778425,4501.8,3683.4,4440.0,3288.1,4028.8,26,1,4028.7,2,2,4028.5,25,1,4028.3,25,1,4028.2,2,1,4029.2,175,1,4029.3,22,2,4029.4,20,2,4029.6,10,1,4029.7,30,1
11483,2026-07-02 12:20:03+05:30,4028.8,4,4041.2,1102185,147392.0,157415.0,4100.0,4110.0,4012.0,4092.6,24778425,4501.8,3683.4,4440.0,3288.1,4028.8,26,1,4028.7,2,2,4028.5,25,1,4028.3,25,1,4028.2,2,1,4029.2,175,1,4029.3,22,2,4029.4,20,2,4029.6,10,1,4029.7,30,1
11483,2026-07-02 12:20:04+05:30,4029.0,22,4041.2,1102211,147402.0,157535.0,4100.0,4110.0,4012.0,4092.6,24778425,4501.8,3683.4,4440.0,3288.1,4028.9,2,1,4028.7,2,2,4028.5,25,1,4028.3,25,1,4028.2,2,1,4029.0,153,1,4029.3,202,4,4029.4,20,2,4029.6,10,1,4029.7,30,1
11483,2026-07-02 12:20:04+05:30,4028.9,14,4041.2,1102211,147402.0,157535.0,4100.0,4110.0,4012.0,4092.6,24778425,4501.8,3683.4,4440.0,3288.1,4028.9,2,1,4028.7,2,2,4028.5,25,1,4028.3,25,1,4028.2,2,1,4029.0,153,1,4029.3,202,4,4029.4,20,2,4029.6,10,1,4029.7,30,1
11483,2026-07-02 12:20:05+05:30,4029.3,1,4041.2,1102229,147672.0,157151.0,4100.0,4110.0,4012.0,4092.6,24778425,4501.8,3683.4,4440.0,3288.1,4029.0,22,1,4028.9,1,1,4028.7,2,2,4028.5,25,1,4028.3,25,1,4029.3,26,3,4029.4,20,2,4029.6,10,1,4029.7,30,1,4029.8,32,2
11483,2026-07-02 12:20:05+05:30,4029.0,2,4041.2,1102229,147672.0,157151.0,4100.0,4110.0,4012.0,4092.6,24778425,4501.8,3683.4,4440.0,3288.1,4029.0,22,1,4028.9,1,1,4028.7,2,2,4028.5,25,1,4028.3,25,1,4029.3,26,3,4029.4,20,2,4029.6,10,1,4029.7,30,1,4029.8,32,2
11483,2026-07-02 12:20:06+05:30,4029.0,2,4041.2,1102231,147690.0,157158.0,4100.0,4110.0,4012.0,4092.6,24778425,4501.8,3683.4,4440.0,3288.1,4029.0,20,1,4028.9,1,1,4028.7,2,2,4028.5,25,1,4028.3,25,1,4029.3,26,3,4029.4,20,2,4029.6,10,1,4029.7,30,1,4029.8,32,2
11483,2026-07-02 12:20:06+05:30,4029.3,1,4041.2,1102231,147690.0,157158.0,4100.0,4110.0,4012.0,4092.6,24778425,4501.8,3683.4,4440.0,3288.1,4029.0,20,1,4028.9,1,1,4028.7,2,2,4028.5,25,1,4028.3,25,1,4029.3,26,3,4029.4,20,2,4029.6,10,1,4029.7,30,1,4029.8,32,2
11483,2026-07-02 12:20:07+05:30,4029.3,1,4041.2,1102247,147649.0,157079.0,4100.0,4110.0,4012.0,4092.6,24778425,4501.8,3683.4,4440.0,3288.1,4029.0,13,1,4028.7,2,2,4028.5,25,1,4028.3,25,1,4028.2,15,2,4029.3,17,3,4029.4,20,2,4029.6,10,1,4029.7,30,1,4029.8,32,2
11483,2026-07-02 12:20:07+05:30,4029.3,1,4041.2,1102247,147649.0,157079.0,4100.0,4110.0,4012.0,4092.6,24778425,4501.8,3683.4,4440.0,3288.1,4029.0,13,1,4028.7,2,2,4028.5,25,1,4028.3,25,1,4028.2,15,2,4029.3,17,3,4029.4,20,2,4029.6,10,1,4029.7,30,1,4029.8,32,2
11483,2026-07-02 12:20:08+05:30,4029.3,1,4041.2,1102251,147651.0,157033.0,4100.0,4110.0,4012.0,4092.6,24778425,4501.8,3683.4,4440.0,3288.1,4029.0,10,1,4028.7,2,2,4028.5,25,1,4028.3,25,1,4028.2,15,2,4029.3,16,3,4029.4,20,2,4029.6,10,1,4029.7,30,1,4029.8,32,2
11483,2026-07-02 12:20:08+05:30,4029.3,8,4041.2,1102251,147651.0,157033.0,4100.0,4110.0,4012.0,4092.6,24778425,4501.8,3683.4,4440.0,3288.1,4029.0,10,1,4028.7,2,2,4028.5,25,1,4028.3,25,1,4028.2,15,2,4029.3,16,3,4029.4,20,2,4029.6,10,1,4029.7,30,1,4029.8,32,2
11483,2026-07-02 12:20:08+05:30,4029.3,8,4041.2,1102261,147629.0,157137.0,4100.0,4110.0,4012.0,4092.6,24778425,4501.8,3683.4,4440.0,3288.1,4028.7,2,2,4028.5,25,1,4028.3,25,1,4028.2,2,1,4028.0,109,7,4029.4,48,6,4029.6,11,1,4029.7,43,2,4029.8,39,2,4029.9,10,1
11483,2026-07-02 12:20:09+05:30,4029.4,1,4041.2,1102261,147629.0,157137.0,4100.0,4110.0,4012.0,4092.6,24778425,4501.8,3683.4,4440.0,3288.1,4028.7,2,2,4028.5,25,1,4028.3,25,1,4028.2,2,1,4028.0,109,7,4029.4,48,6,4029.6,11,1,4029.7,43,2,4029.8,39,2,4029.9,10,1
11483,2026-07-02 12:20:09+05:30,4029.4,1,4041.2,1102264,147675.0,157116.0,4100.0,4110.0,4012.0,4092.6,24778425,4501.8,3683.4,4440.0,3288.1,4028.7,2,2,4028.5,25,1,4028.3,25,1,4028.2,2,1,4028.0,109,7,4029.4,44,5,4029.7,30,1,4029.8,39,2,4029.9,25,2,4030.0,696,7
11483,2026-07-02 12:20:10+05:30,4029.4,2,4041.2,1102267,147706.0,157111.0,4100.0,4110.0,4012.0,4092.6,24778425,4501.8,3683.4,4440.0,3288.1,4028.5,25,1,4028.3,25,1,4028.2,2,1,4028.1,43,1,4028.0,109,7,4029.4,41,5,4029.7,30,1,4029.8,18,1,4029.9,25,2,4030.0,696,7
11483,2026-07-02 12:20:11+05:30,4029.4,1,4041.2,1102267,147706.0,157111.0,4100.0,4110.0,4012.0,4092.6,24778425,4501.8,3683.4,4440.0,3288.1,4028.5,25,1,4028.3,25,1,4028.2,2,1,4028.1,43,1,4028.0,109,7,4029.4,41,5,4029.7,30,1,4029.8,18,1,4029.9,25,2,4030.0,696,7
11483,2026-07-02 12:20:11+05:30,4029.4,1,4041.2,1102268,148308.0,157052.0,4100.0,4110.0,4012.0,4092.6,24778425,4501.8,3683.4,4440.0,3288.1,4029.0,81,1,4028.9,42,1,4028.8,42,1,4028.7,42,1,4028.5,67,2,4029.4,15,2,4029.6,8,1,4029.7,30,1,4029.8,18,1,4029.9,10,1
11483,2026-07-02 12:20:12+05:30,4029.3,17,4041.2,1102285,148272.0,156994.0,4100.0,4110.0,4012.0,4092.6,24778425,4501.8,3683.4,4440.0,3288.1,4029.3,3,1,4029.2,42,1,4029.1,42,1,4029.0,42,1,4028.9,1,1,4029.4,15,2,4029.6,8,1,4029.7,35,2,4029.9,10,1,4030.0,693,7
11483,2026-07-02 12:20:13+05:30,4029.4,25,4041.2,1102285,148272.0,156994.0,4100.0,4110.0,4012.0,4092.6,24778425,4501.8,3683.4,4440.0,3288.1,4029.3,3,1,4029.2,42,1,4029.1,42,1,4029.0,42,1,4028.9,1,1,4029.4,15,2,4029.6,8,1,4029.7,35,2,4029.9,10,1,4030.0,693,7
11483,2026-07-02 12:20:13+05:30,4029.4,25,4041.2,1102346,148222.0,157036.0,4100.0,4110.0,4012.0,4092.6,24778425,4501.8,3683.4,4440.0,3288.1,4029.4,24,1,4029.3,42,1,4029.2,42,1,4029.1,42,1,4028.9,43,2,4029.7,55,5,4029.9,7,1,4030.0,688,6,4030.1,20,2,4030.2,48,4
11483,2026-07-02 12:20:14+05:30,4029.6,56,4041.2,1102346,148222.0,157036.0,4100.0,4110.0,4012.0,4092.6,24778425,4501.8,3683.4,4440.0,3288.1,4029.4,24,1,4029.3,42,1,4029.2,42,1,4029.1,42,1,4028.9,43,2,4029.7,55,5,4029.9,7,1,4030.0,688,6,4030.1,20,2,4030.2,48,4
11483,2026-07-02 12:20:14+05:30,4029.6,56,4041.19,1102455,148208.0,156947.0,4100.0,4110.0,4012.0,4092.6,24778425,4501.8,3683.4,4440.0,3288.1,4029.4,31,1,4029.3,42,1,4029.1,42,1,4028.9,1,1,4028.5,25,1,4029.6,119,1,4029.7,52,4,4029.9,10,2,4030.0,707,8,4030.1,190,2
11483,2026-07-02 12:20:15+05:30,4029.4,13,4041.19,1102455,148208.0,156947.0,4100.0,4110.0,4012.0,4092.6,24778425,4501.8,3683.4,4440.0,3288.1,4029.4,31,1,4029.3,42,1,4029.1,42,1,4028.9,1,1,4028.5,25,1,4029.6,119,1,4029.7,52,4,4029.9,10,2,4030.0,707,8,4030.1,190,2
11483,2026-07-02 12:20:15+05:30,4029.6,4,4041.19,1102475,148185.0,156948.0,4100.0,4110.0,4012.0,4092.6,24778425,4501.8,3683.4,4440.0,3288.1,4029.4,18,1,4029.3,42,1,4029.1,42,1,4028.9,1,1,4028.5,25,1,4029.6,112,1,4029.7,52,4,4029.9,7,1,4030.0,710,9,4030.1,15,1
11483,2026-07-02 12:20:16+05:30,4029.3,12,4041.19,1102475,148185.0,156948.0,4100.0,4110.0,4012.0,4092.6,24778425,4501.8,3683.4,4440.0,3288.1,4029.4,18,1,4029.3,42,1,4029.1,42,1,4028.9,1,1,4028.5,25,1,4029.6,112,1,4029.7,52,4,4029.9,7,1,4030.0,710,9,4030.1,15,1
11483,2026-07-02 12:20:16+05:30,4029.3,12,4041.19,1102505,148149.0,156961.0,4100.0,4110.0,4012.0,4092.6,24778425,4501.8,3683.4,4440.0,3288.1,4029.3,30,1,4029.0,42,1,4028.9,1,1,4028.5,25,1,4028.3,37,2,4029.6,112,1,4029.7,52,4,4029.9,10,2,4030.0,707,8,4030.1,15,1
11483,2026-07-02 12:20:17+05:30,4027.5,64,4041.19,1102505,148149.0,156961.0,4100.0,4110.0,4012.0,4092.6,24778425,4501.8,3683.4,4440.0,3288.1,4029.3,30,1,4029.0,42,1,4028.9,1,1,4028.5,25,1,4028.3,37,2,4029.6,112,1,4029.7,52,4,4029.9,10,2,4030.0,707,8,4030.1,15,1
11483,2026-07-02 12:20:17+05:30,4027.5,64,4041.19,1102882,146366.0,158344.0,4100.0,4110.0,4012.0,4092.6,24778425,4501.8,3683.4,4440.0,3288.1,4028.0,36,1,4027.0,102,4,4026.9,14,2,4026.8,12,1,4026.7,32,1,4028.7,225,6,4028.8,16,2,4028.9,39,4,4029.0,47,4,4029.1,50,4
11483,2026-07-02 12:20:18+05:30,4027.9,1,4041.19,1102919,145314.0,159254.0,4100.0,4110.0,4012.0,4092.6,24778425,4501.8,3683.4,4440.0,3288.1,4027.0,76,3,4026.9,1,1,4026.6,26,1,4026.5,13,1,4026.4,26,1,4028.0,50,7,4028.1,15,1,4028.3,3,1,4028.4,32,3,4028.5,86,2
11483,2026-07-02 12:20:18+05:30,4027.0,4,4041.19,1102919,145314.0,159254.0,4100.0,4110.0,4012.0,4092.6,24778425,4501.8,3683.4,4440.0,3288.1,4027.0,76,3,4026.9,1,1,4026.6,26,1,4026.5,13,1,4026.4,26,1,4028.0,50,7,4028.1,15,1,4028.3,3,1,4028.4,32,3,4028.5,86,2
11483,2026-07-02 12:20:19+05:30,4027.0,4,4041.19,1102924,145390.0,159314.0,4100.0,4110.0,4012.0,4092.6,24778425,4501.8,3683.4,4440.0,3288.1,4027.0,71,2,4026.9,1,1,4026.6,26,1,4026.5,13,1,4026.4,26,1,4028.0,50,7,4028.4,29,2,4028.5,64,3,4028.6,48,1,4028.7,78,7
11483,2026-07-02 12:20:20+05:30,4027.0,2,4041.19,1102924,145390.0,159314.0,4100.0,4110.0,4012.0,4092.6,24778425,4501.8,3683.4,4440.0,3288.1,4027.0,71,2,4026.9,1,1,4026.6,26,1,4026.5,13,1,4026.4,26,1,4028.0,50,7,4028.4,29,2,4028.5,64,3,4028.6,48,1,4028.7,78,7
11483,2026-07-02 12:20:20+05:30,4027.0,2,4041.19,1102926,145566.0,159638.0,4100.0,4110.0,4012.0,4092.6,24778425,4501.8,3683.4,4440.0,3288.1,4027.0,69,2,4026.9,1,1,4026.4,26,1,4026.3,1,1,4026.2,39,2,4027.5,81,1,4027.6,51,2,4027.7,42,1,4027.8,53,2,4028.0,84,7
11483,2026-07-02 12:20:21+05:30,4027.4,1,4041.19,1102926,145566.0,159638.0,4100.0,4110.0,4012.0,4092.6,24778425,4501.8,3683.4,4440.0,3288.1,4027.0,69,2,4026.9,1,1,4026.4,26,1,4026.3,1,1,4026.2,39,2,4027.5,81,1,4027.6,51,2,4027.7,42,1,4027.8,53,2,4028.0,84,7
11483,2026-07-02 12:20:21+05:30,4027.4,1,4041.19,1102927,145300.0,159603.0,4100.0,4110.0,4012.0,4092.6,24778425,4501.8,3683.4,4440.0,3288.1,4027.0,69,2,4026.9,1,1,4026.3,1,1,4026.1,29,1,4026.0,137,7,4027.2,80,1,4027.4,41,1,4027.5,51,2,4027.6,52,2,4027.7,13,1
11483,2026-07-02 12:20:22+05:30,4027.2,2,4041.19,1102927,145300.0,159603.0,4100.0,4110.0,4012.0,4092.6,24778425,4501.8,3683.4,4440.0,3288.1,4027.0,69,2,4026.9,1,1,4026.3,1,1,4026.1,29,1,4026.0,137,7,4027.2,80,1,4027.4,41,1,4027.5,51,2,4027.6,52,2,4027.7,13,1
11483,2026-07-02 12:20:22+05:30,4027.2,2,4041.19,1102929,145372.0,159508.0,4100.0,4110.0,4012.0,4092.6,24778425,4501.8,3683.4,4440.0,3288.1,4027.0,69,2,4026.9,1,1,4026.3,1,1,4026.1,29,1,4026.0,137,7,4027.2,78,1,4027.4,94,3,4027.5,58,3,4027.7,55,2,4027.8,20,2
11483,2026-07-02 12:20:23+05:30,4027.0,1,4041.19,1102929,145372.0,159508.0,4100.0,4110.0,4012.0,4092.6,24778425,4501.8,3683.4,4440.0,3288.1,4027.0,69,2,4026.9,1,1,4026.3,1,1,4026.1,29,1,4026.0,137,7,4027.2,78,1,4027.4,94,3,4027.5,58,3,4027.7,55,2,4027.8,20,2
11483,2026-07-02 12:20:23+05:30,4027.0,1,4041.19,1102930,145394.0,159159.0,4100.0,4110.0,4012.0,4092.6,24778425,4501.8,3683.4,4440.0,3288.1,4027.2,1,1,4027.0,68,2,4026.9,1,1,4026.3,1,1,4026.1,29,1,4027.3,42,1,4027.4,94,3,4027.6,42,1,4027.7,13,1,4027.8,11,1
11483,2026-07-02 12:20:24+05:30,4027.3,5,4041.19,1102930,145394.0,159159.0,4100.0,4110.0,4012.0,4092.6,24778425,4501.8,3683.4,4440.0,3288.1,4027.2,1,1,4027.0,68,2,4026.9,1,1,4026.3,1,1,4026.1,29,1,4027.3,42,1,4027.4,94,3,4027.6,42,1,4027.7,13,1,4027.8,11,1
11483,2026-07-02 12:20:24+05:30,4027.3,5,4041.19,1102938,145405.0,159042.0,4100.0,4110.0,4012.0,4092.6,24778425,4501.8,3683.4,4440.0,3288.1,4027.2,1,1,4027.0,68,2,4026.9,1,1,4026.3,1,1,4026.1,29,1,4027.3,123,3,4027.4,41,1,4027.5,12,2,4027.6,42,1,4027.7,13,1
11483,2026-07-02 12:20:25+05:30,4027.2,1,4041.19,1102938,145405.0,159042.0,4100.0,4110.0,4012.0,4092.6,24778425,4501.8,3683.4,4440.0,3288.1,4027.2,1,1,4027.0,68,2,4026.9,1,1,4026.3,1,1,4026.1,29,1,4027.3,123,3,4027.4,41,1,4027.5,12,2,4027.6,42,1,4027.7,13,1
11483,2026-07-02 12:20:25+05:30,4027.2,1,4041.19,1102939,145373.0,159211.0,4100.0,4110.0,4012.0,4092.6,24778425,4501.8,3683.4,4440.0,3288.1,4027.0,68,2,4026.9,1,1,4026.3,1,1,4026.0,137,7,4025.9,63,3,4027.3,131,4,4027.4,41,1,4027.5,71,3,4027.7,55,2,4027.8,21,3
11483,2026-07-02 12:20:26+05:30,4027.3,7,4041.19,1102939,145373.0,159211.0,4100.0,4110.0,4012.0,4092.6,24778425,4501.8,3683.4,4440.0,3288.1,4027.0,68,2,4026.9,1,1,4026.3,1,1,4026.0,137,7,4025.9,63,3,4027.3,131,4,4027.4,41,1,4027.5,71,3,4027.7,55,2,4027.8,21,3
11483,2026-07-02 12:20:27+05:30,4027.3,7,4041.19,1102946,145392.0,159175.0,4100.0,4110.0,4012.0,4092.6,24778425,4501.8,3683.4,4440.0,3288.1,4027.0,68,2,4026.9,1,1,4026.3,1,1,4026.0,138,8,4025.9,76,4,4027.3,124,4,4027.4,41,1,4027.5,71,3,4027.7,55,2,4027.8,21,3
11483,2026-07-02 12:20:27+05:30,4027.0,1,4041.19,1102946,145392.0,159175.0,4100.0,4110.0,4012.0,4092.6,24778425,4501.8,3683.4,4440.0,3288.1,4027.0,68,2,4026.9,1,1,4026.3,1,1,4026.0,138,8,4025.9,76,4,4027.3,124,4,4027.4,41,1,4027.5,71,3,4027.7,55,2,4027.8,21,3
11483,2026-07-02 12:20:28+05:30,4027.0,23,4041.19,1102970,145386.0,159179.0,4100.0,4110.0,4012.0,4092.6,24778425,4501.8,3683.4,4440.0,3288.1,4027.0,54,3,4026.9,1,1,4026.3,1,1,4026.0,138,8,4025.9,63,3,4027.3,106,3,4027.4,41,1,4027.5,79,4,4027.6,3,1,4027.7,55,2
11483,2026-07-02 12:20:28+05:30,4027.0,2,4041.19,1102970,145386.0,159179.0,4100.0,4110.0,4012.0,4092.6,24778425,4501.8,3683.4,4440.0,3288.1,4027.0,54,3,4026.9,1,1,4026.3,1,1,4026.0,138,8,4025.9,63,3,4027.3,106,3,4027.4,41,1,4027.5,79,4,4027.6,3,1,4027.7,55,2
11483,2026-07-02 12:20:29+05:30,4027.0,6,4041.19,1102986,145391.0,159170.0,4100.0,4110.0,4012.0,4092.6,24778425,4501.8,3683.4,4440.0,3288.1,4027.0,46,3,4026.9,1,1,4026.3,1,1,4026.0,138,8,4025.9,63,3,4027.3,117,5,4027.4,41,1,4027.5,71,3,4027.7,55,2,4027.8,21,3
11483,2026-07-02 12:20:29+05:30,4026.0,41,4041.19,1102986,145391.0,159170.0,4100.0,4110.0,4012.0,4092.6,24778425,4501.8,3683.4,4440.0,3288.1,4027.0,46,3,4026.9,1,1,4026.3,1,1,4026.0,138,8,4025.9,63,3,4027.3,117,5,4027.4,41,1,4027.5,71,3,4027.7,55,2,4027.8,21,3
11483,2026-07-02 12:20:30+05:30,4027.2,5,4041.19,1103101,145248.0,159735.0,4100.0,4110.0,4012.0,4092.6,24778425,4501.8,3683.4,4440.0,3288.1,4027.0,4,1,4026.0,68,4,4025.9,12,1,4025.6,13,1,4025.4,27,2,4027.2,170,1,4027.3,118,6,4027.4,83,2,4027.5,204,3,4027.6,70,4
11483,2026-07-02 12:20:30+05:30,4026.9,15,4041.19,1103101,145248.0,159735.0,4100.0,4110.0,4012.0,4092.6,24778425,4501.8,3683.4,4440.0,3288.1,4027.0,4,1,4026.0,68,4,4025.9,12,1,4025.6,13,1,4025.4,27,2,4027.2,170,1,4027.3,118,6,4027.4,83,2,4027.5,204,3,4027.6,70,4
11483,2026-07-02 12:20:31+05:30,4026.8,3,4041.19,1103125,145059.0,159981.0,4100.0,4110.0,4012.0,4092.6,24778425,4501.8,3683.4,4440.0,3288.1,4026.2,19,1,4026.1,5,1,4026.0,68,4,4025.3,19,3,4025.2,221,2,4026.8,37,1,4027.0,47,4,4027.1,175,1,4027.2,11,2,4027.3,110,5
11483,2026-07-02 12:20:31+05:30,4026.0,2,4041.19,1103125,145059.0,159981.0,4100.0,4110.0,4012.0,4092.6,24778425,4501.8,3683.4,4440.0,3288.1,4026.2,19,1,4026.1,5,1,4026.0,68,4,4025.3,19,3,4025.2,221,2,4026.8,37,1,4027.0,47,4,4027.1,175,1,4027.2,11,2,4027.3,110,5
11483,2026-07-02 12:20:32+05:30,4026.0,3,4041.19,1103222,144733.0,159769.0,4100.0,4110.0,4012.0,4092.6,24778425,4501.8,3683.4,4440.0,3288.1,4025.6,12,2,4025.5,22,4,4025.4,27,3,4025.3,49,5,4025.2,207,2,4026.0,10,1,4026.3,42,1,4026.8,29,3,4026.9,175,1,4027.0,4,2
11483,2026-07-02 12:20:32+05:30,4025.6,1,4041.19,1103222,144733.0,159769.0,4100.0,4110.0,4012.0,4092.6,24778425,4501.8,3683.4,4440.0,3288.1,4025.6,12,2,4025.5,22,4,4025.4,27,3,4025.3,49,5,4025.2,207,2,4026.0,10,1,4026.3,42,1,4026.8,29,3,4026.9,175,1,4027.0,4,2
11483,2026-07-02 12:20:32+05:30,4025.6,1,4041.18,1103236,144813.0,159856.0,4100.0,4110.0,4012.0,4092.6,24778425,4501.8,3683.4,4440.0,3288.1,4025.6,13,3,4025.5,3,1,4025.4,11,2,4025.3,49,5,4025.2,207,2,4026.0,9,1,4026.3,42,1,4026.6,23,1,4026.8,17,2,4026.9,175,1
11483,2026-07-02 12:20:33+05:30,4025.6,2,4041.18,1103236,144813.0,159856.0,4100.0,4110.0,4012.0,4092.6,24778425,4501.8,3683.4,4440.0,3288.1,4025.6,13,3,4025.5,3,1,4025.4,11,2,4025.3,49,5,4025.2,207,2,4026.0,9,1,4026.3,42,1,4026.6,23,1,4026.8,17,2,4026.9,175,1
11483,2026-07-02 12:20:34+05:30,4025.6,2,4041.18,1103238,144715.0,159833.0,4100.0,4110.0,4012.0,4092.6,24778425,4501.8,3683.4,4440.0,3288.1,4025.6,13,3,4025.5,3,1,4025.4,11,2,4025.3,49,5,4025.2,207,2,4026.0,18,1,4026.2,24,1,4026.3,42,1,4026.8,17,2,4026.9,175,1
11483,2026-07-02 12:20:35+05:30,4025.6,2,4041.18,1103238,144699.0,159844.0,4100.0,4110.0,4012.0,4092.6,24778425,4501.8,3683.4,4440.0,3288.1,4025.7,14,3,4025.6,3,2,4025.5,11,2,4025.4,11,2,4025.3,49,5,4026.0,18,1,4026.4,42,1,4026.8,17,2,4026.9,175,1,4027.0,4,2
11483,2026-07-02 12:20:35+05:30,4026.0,1,4041.18,1103238,144699.0,159844.0,4100.0,4110.0,4012.0,4092.6,24778425,4501.8,3683.4,4440.0,3288.1,4025.7,14,3,4025.6,3,2,4025.5,11,2,4025.4,11,2,4025.3,49,5,4026.0,18,1,4026.4,42,1,4026.8,17,2,4026.9,175,1,4027.0,4,2
11483,2026-07-02 12:20:36+05:30,4026.0,1,4041.18,1103239,145185.0,159622.0,4100.0,4110.0,4012.0,4092.6,24778425,4501.8,3683.4,4440.0,3288.1,4025.8,15,2,4025.7,5,2,4025.6,3,2,4025.5,3,1,4025.4,11,2,4026.0,17,1,4026.8,1,1,4026.9,175,1,4027.0,4,2,4027.2,3,1
11483,2026-07-02 12:20:37+05:30,4026.0,1,4041.18,1103239,145185.0,159606.0,4100.0,4110.0,4012.0,4092.6,24778425,4501.8,3683.4,4440.0,3288.1,4025.8,15,2,4025.7,5,2,4025.6,3,2,4025.5,3,1,4025.4,11,2,4026.0,17,1,4026.8,1,1,4026.9,175,1,4027.0,4,2,4027.2,3,1
11483,2026-07-02 12:20:37+05:30,4026.0,18,4041.18,1103239,145185.0,159606.0,4100.0,4110.0,4012.0,4092.6,24778425,4501.8,3683.4,4440.0,3288.1,4025.8,15,2,4025.7,5,2,4025.6,3,2,4025.5,3,1,4025.4,11,2,4026.0,17,1,4026.8,1,1,4026.9,175,1,4027.0,4,2,4027.2,3,1
11483,2026-07-02 12:20:37+05:30,4026.0,18,4041.18,1103257,145312.0,159629.0,4100.0,4110.0,4012.0,4092.6,24778425,4501.8,3683.4,4440.0,3288.1,4025.9,15,2,4025.8,17,3,4025.7,3,1,4025.6,19,3,4025.5,3,1,4026.0,18,1,4026.8,1,1,4026.9,175,1,4027.0,4,2,4027.3,13,2
11483,2026-07-02 12:20:38+05:30,4025.9,3,4041.18,1103257,145312.0,159629.0,4100.0,4110.0,4012.0,4092.6,24778425,4501.8,3683.4,4440.0,3288.1,4025.9,15,2,4025.8,17,3,4025.7,3,1,4025.6,19,3,4025.5,3,1,4026.0,18,1,4026.8,1,1,4026.9,175,1,4027.0,4,2,4027.3,13,2
11483,2026-07-02 12:20:38+05:30,4025.9,3,4041.18,1103260,145165.0,159575.0,4100.0,4110.0,4012.0,4092.6,24778425,4501.8,3683.4,4440.0,3288.1,4025.9,15,2,4025.8,17,3,4025.7,3,1,4025.6,19,3,4025.5,11,2,4026.0,18,1,4026.8,1,1,4026.9,175,1,4027.0,4,2,4027.3,13,2
11483,2026-07-02 12:20:39+05:30,4026.0,1,4041.18,1103260,145165.0,159575.0,4100.0,4110.0,4012.0,4092.6,24778425,4501.8,3683.4,4440.0,3288.1,4025.9,15,2,4025.8,17,3,4025.7,3,1,4025.6,19,3,4025.5,11,2,4026.0,18,1,4026.8,1,1,4026.9,175,1,4027.0,4,2,4027.3,13,2
11483,2026-07-02 12:20:39+05:30,4026.0,1,4041.18,1103262,145184.0,159603.0,4100.0,4110.0,4012.0,4092.6,24778425,4501.8,3683.4,4440.0,3288.1,4025.9,15,2,4025.8,17,3,4025.7,3,1,4025.6,25,4,4025.5,11,2,4026.0,16,1,4026.8,1,1,4026.9,175,1,4027.0,4,2,4027.3,13,2
11483,2026-07-02 12:20:40+05:30,4025.3,15,4041.18,1103262,145184.0,159603.0,4100.0,4110.0,4012.0,4092.6,24778425,4501.8,3683.4,4440.0,3288.1,4025.9,15,2,4025.8,17,3,4025.7,3,1,4025.6,25,4,4025.5,11,2,4026.0,16,1,4026.8,1,1,4026.9,175,1,4027.0,4,2,4027.3,13,2
11483,2026-07-02 12:20:40+05:30,4025.3,15,4041.18,1103754,145077.0,159647.0,4100.0,4110.0,4012.0,4092.6,24778425,4501.8,3683.4,4440.0,3288.1,4025.7,31,3,4025.6,80,5,4025.4,42,3,4025.3,45,3,4025.2,222,5,4026.8,8,2,4026.9,175,1,4027.0,4,2,4027.3,1,1,4027.5,25,1
11483,2026-07-02 12:20:41+05:30,4026.3,1,4041.18,1103754,145077.0,159647.0,4100.0,4110.0,4012.0,4092.6,24778425,4501.8,3683.4,4440.0,3288.1,4025.7,31,3,4025.6,80,5,4025.4,42,3,4025.3,45,3,4025.2,222,5,4026.8,8,2,4026.9,175,1,4027.0,4,2,4027.3,1,1,4027.5,25,1
11483,2026-07-02 12:20:41+05:30,4026.8,5,4041.18,1103819,145092.0,159471.0,4100.0,4110.0,4012.0,4092.6,24778425,4501.8,3683.4,4440.0,3288.1,4026.0,4,1,4025.7,31,3,4025.6,33,2,4025.5,3,1,4025.4,26,3,4026.8,1,1,4026.9,175,1,4027.0,4,2,4027.3,1,1,4027.5,25,1
11483,2026-07-02 12:20:42+05:30,4026.7,18,4041.18,1103819,145092.0,159471.0,4100.0,4110.0,4012.0,4092.6,24778425,4501.8,3683.4,4440.0,3288.1,4026.0,4,1,4025.7,31,3,4025.6,33,2,4025.5,3,1,4025.4,26,3,4026.8,1,1,4026.9,175,1,4027.0,4,2,4027.3,1,1,4027.5,25,1
11483,2026-07-02 12:20:42+05:30,4026.7,18,4041.18,1103856,145139.0,159590.0,4100.0,4110.0,4012.0,4092.6,24778425,4501.8,3683.4,4440.0,3288.1,4025.6,26,3,4025.5,3,1,4025.4,13,2,4025.3,32,2,4025.2,219,4,4026.7,1,1,4026.8,1,1,4026.9,175,1,4027.0,4,2,4027.2,12,1
11483,2026-07-02 12:20:43+05:30,4025.6,5,4041.18,1103856,145139.0,159590.0,4100.0,4110.0,4012.0,4092.6,24778425,4501.8,3683.4,4440.0,3288.1,4025.6,26,3,4025.5,3,1,4025.4,13,2,4025.3,32,2,4025.2,219,4,4026.7,1,1,4026.8,1,1,4026.9,175,1,4027.0,4,2,4027.2,12,1
11483,2026-07-02 12:20:43+05:30,4025.6,5,4041.18,1103861,145134.0,159597.0,4100.0,4110.0,4012.0,4092.6,24778425,4501.8,3683.4,4440.0,3288.1,4025.6,21,2,4025.5,3,1,4025.4,13,2,4025.3,32,2,4025.2,219,4,4026.7,1,1,4026.8,1,1,4026.9,175,1,4027.0,4,2,4027.2,13,2
11483,2026-07-02 12:20:44+05:30,4025.6,4,4041.18,1103861,145134.0,159597.0,4100.0,4110.0,4012.0,4092.6,24778425,4501.8,3683.4,4440.0,3288.1,4025.6,21,2,4025.5,3,1,4025.4,13,2,4025.3,32,2,4025.2,219,4,4026.7,1,1,4026.8,1,1,4026.9,175,1,4027.0,4,2,4027.2,13,2
11483,2026-07-02 12:20:44+05:30,4025.6,4,4041.18,1103865,145130.0,159592.0,4100.0,4110.0,4012.0,4092.6,24778425,4501.8,3683.4,4440.0,3288.1,4025.6,17,2,4025.5,3,1,4025.4,13,2,4025.3,32,2,4025.2,219,4,4026.7,1,1,4026.8,1,1,4026.9,175,1,4027.0,4,2,4027.2,13,2
11483,2026-07-02 12:20:45+05:30,4025.6,1,4041.18,1103865,145130.0,159592.0,4100.0,4110.0,4012.0,4092.6,24778425,4501.8,3683.4,4440.0,3288.1,4025.6,17,2,4025.5,3,1,4025.4,13,2,4025.3,32,2,4025.2,219,4,4026.7,1,1,4026.8,1,1,4026.9,175,1,4027.0,4,2,4027.2,13,2
11483,2026-07-02 12:20:45+05:30,4026.7,2,4041.18,1103868,145193.0,159726.0,4100.0,4110.0,4012.0,4092.6,24778425,4501.8,3683.4,4440.0,3288.1,4026.1,2,2,4025.6,7,1,4025.5,11,2,4025.4,12,1,4025.3,45,3,4026.7,19,1,4026.8,1,1,4026.9,175,1,4027.0,4,2,4027.2,1,1
11483,2026-07-02 12:20:46+05:30,4026.7,8,4041.18,1103868,145193.0,159726.0,4100.0,4110.0,4012.0,4092.6,24778425,4501.8,3683.4,4440.0,3288.1,4026.1,2,2,4025.6,7,1,4025.5,11,2,4025.4,12,1,4025.3,45,3,4026.7,19,1,4026.8,1,1,4026.9,175,1,4027.0,4,2,4027.2,1,1
11483,2026-07-02 12:20:46+05:30,4026.7,1,4041.18,1103880,146243.0,159715.0,4100.0,4110.0,4012.0,4092.6,24778425,4501.8,3683.4,4440.0,3288.1,4026.1,2,2,4025.6,7,1,4025.5,11,2,4025.4,12,1,4025.3,45,3,4026.7,7,1,4026.8,1,1,4026.9,175,1,4027.0,4,2,4027.2,1,1
11483,2026-07-02 12:20:47+05:30,4026.7,3,4041.18,1103880,146243.0,159715.0,4100.0,4110.0,4012.0,4092.6,24778425,4501.8,3683.4,4440.0,3288.1,4026.1,2,2,4025.6,7,1,4025.5,11,2,4025.4,12,1,4025.3,45,3,4026.7,7,1,4026.8,1,1,4026.9,175,1,4027.0,4,2,4027.2,1,1
11483,2026-07-02 12:20:47+05:30,4026.7,3,4041.1,1109016,143382.0,159577.0,4100.0,4110.0,4012.0,4092.6,24778425,4501.8,3683.4,4440.0,3288.1,4025.1,65,7,4025.0,112,9,4024.9,127,6,4024.8,109,6,4024.7,65,3,4026.1,5,1,4026.7,30,2,4026.8,2,2,4027.0,4,2,4027.2,1,1
11483,2026-07-02 12:20:48+05:30,4025.1,62,4041.1,1109016,143382.0,159577.0,4100.0,4110.0,4012.0,4092.6,24778425,4501.8,3683.4,4440.0,3288.1,4025.1,65,7,4025.0,112,9,4024.9,127,6,4024.8,109,6,4024.7,65,3,4026.1,5,1,4026.7,30,2,4026.8,2,2,4027.0,4,2,4027.2,1,1
11483,2026-07-02 12:20:48+05:30,4025.1,1,4041.1,1109144,143142.0,160056.0,4100.0,4110.0,4012.0,4092.6,24778425,4501.8,3683.4,4440.0,3288.1,4025.0,66,6,4024.9,32,3,4024.8,32,4,4024.6,24,3,4024.5,52,4,4025.1,62,2,4026.0,16,1,4026.1,5,1,4026.3,26,1,4026.6,26,1
11483,2026-07-02 12:20:49+05:30,4025.0,1,4041.1,1109144,143142.0,160056.0,4100.0,4110.0,4012.0,4092.6,24778425,4501.8,3683.4,4440.0,3288.1,4025.0,66,6,4024.9,32,3,4024.8,32,4,4024.6,24,3,4024.5,52,4,4025.1,62,2,4026.0,16,1,4026.1,5,1,4026.3,26,1,4026.6,26,1
11483,2026-07-02 12:20:49+05:30,4025.0,1,4041.1,1109160,143126.0,160030.0,4100.0,4110.0,4012.0,4092.6,24778425,4501.8,3683.4,4440.0,3288.1,4025.0,50,5,4024.9,32,3,4024.8,32,4,4024.6,24,3,4024.5,52,4,4025.1,62,2,4026.0,16,1,4026.1,5,1,4026.3,26,1,4026.6,26,1
11483,2026-07-02 12:20:50+05:30,4025.1,10,4041.1,1109160,143126.0,160030.0,4100.0,4110.0,4012.0,4092.6,24778425,4501.8,3683.4,4440.0,3288.1,4025.0,50,5,4024.9,32,3,4024.8,32,4,4024.6,24,3,4024.5,52,4,4025.1,62,2,4026.0,16,1,4026.1,5,1,4026.3,26,1,4026.6,26,1
11483,2026-07-02 12:20:50+05:30,4025.1,10,4041.1,1109242,143204.0,160025.0,4100.0,4110.0,4012.0,4092.6,24778425,4501.8,3683.4,4440.0,3288.1,4025.0,48,5,4024.9,20,2,4024.8,27,3,4024.6,16,2,4024.5,35,2,4025.1,49,3,4026.0,16,1,4026.1,5,1,4026.2,3,1,4026.6,26,1
11483,2026-07-02 12:20:51+05:30,4025.1,1,4041.1,1109242,143204.0,160025.0,4100.0,4110.0,4012.0,4092.6,24778425,4501.8,3683.4,4440.0,3288.1,4025.0,48,5,4024.9,20,2,4024.8,27,3,4024.6,16,2,4024.5,35,2,4025.1,49,3,4026.0,16,1,4026.1,5,1,4026.2,3,1,4026.6,26,1
11483,2026-07-02 12:20:51+05:30,4025.1,54,4041.09,1109670,143644.0,159733.0,4100.0,4110.0,4012.0,4092.6,24778425,4501.8,3683.4,4440.0,3288.1,4025.1,60,6,4025.0,73,8,4024.9,30,3,4024.8,44,5,4024.7,13,1,4026.0,16,1,4026.1,5,1,4026.7,34,2,4026.8,2,2,4027.0,31,3
11483,2026-07-02 12:20:52+05:30,4025.1,54,4041.09,1109670,143644.0,159733.0,4100.0,4110.0,4012.0,4092.6,24778425,4501.8,3683.4,4440.0,3288.1,4025.1,60,6,4025.0,73,8,4024.9,30,3,4024.8,44,5,4024.7,13,1,4026.0,16,1,4026.1,5,1,4026.7,34,2,4026.8,2,2,4027.0,31,3
11483,2026-07-02 12:20:52+05:30,4025.5,13,4041.09,1109670,143644.0,159733.0,4100.0,4110.0,4012.0,4092.6,24778425,4501.8,3683.4,4440.0,3288.1,4025.1,60,6,4025.0,73,8,4024.9,30,3,4024.8,44,5,4024.7,13,1,4026.0,16,1,4026.1,5,1,4026.7,34,2,4026.8,2,2,4027.0,31,3
11483,2026-07-02 12:20:52+05:30,4025.5,13,4041.09,1109670,143644.0,159733.0,4100.0,4110.0,4012.0,4092.6,24778425,4501.8,3683.4,4440.0,3288.1,4025.1,60,6,4025.0,73,8,4024.9,30,3,4024.8,44,5,4024.7,13,1,4026.0,16,1,4026.1,5,1,4026.7,34,2,4026.8,2,2,4027.0,31,3
11483,2026-07-02 12:20:52+05:30,4025.5,13,4041.09,1109735,143662.0,159759.0,4100.0,4110.0,4012.0,4092.6,24778425,4501.8,3683.4,4440.0,3288.1,4025.5,16,4,4025.1,52,6,4025.0,73,8,4024.9,47,4,4024.8,112,7,4026.0,16,1,4026.1,5,1,4026.7,11,1,4026.8,2,2,4027.0,30,3
11483,2026-07-02 12:20:53+05:30,4025.5,13,4041.09,1109735,143662.0,159759.0,4100.0,4110.0,4012.0,4092.6,24778425,4501.8,3683.4,4440.0,3288.1,4025.5,16,4,4025.1,52,6,4025.0,73,8,4024.9,47,4,4024.8,112,7,4026.0,16,1,4026.1,5,1,4026.7,11,1,4026.8,2,2,4027.0,30,3
11483,2026-07-02 12:20:53+05:30,4025.5,3,4041.09,1109735,143662.0,159759.0,4100.0,4110.0,4012.0,4092.6,24778425,4501.8,3683.4,4440.0,3288.1,4025.5,16,4,4025.1,52,6,4025.0,73,8,4024.9,47,4,4024.8,112,7,4026.0,16,1,4026.1,5,1,4026.7,11,1,4026.8,2,2,4027.0,30,3
11483,2026-07-02 12:20:53+05:30,4025.5,3,4041.09,1109735,143662.0,159759.0,4100.0,4110.0,4012.0,4092.6,24778425,4501.8,3683.4,4440.0,3288.1,4025.5,16,4,4025.1,52,6,4025.0,73,8,4024.9,47,4,4024.8,112,7,4026.0,16,1,4026.1,5,1,4026.7,11,1,4026.8,2,2,4027.0,30,3
11483,2026-07-02 12:20:53+05:30,4025.5,1,4041.09,1109744,143746.0,159806.0,4100.0,4110.0,4012.0,4092.6,24778425,4501.8,3683.4,4440.0,3288.1,4025.5,13,3,4025.1,37,4,4025.0,73,8,4024.9,52,5,4024.8,112,7,4026.0,16,1,4026.1,5,1,4026.7,11,1,4026.8,2,2,4027.0,30,3
11483,2026-07-02 12:20:54+05:30,4025.5,1,4041.09,1109744,143746.0,159806.0,4100.0,4110.0,4012.0,4092.6,24778425,4501.8,3683.4,4440.0,3288.1,4025.5,13,3,4025.1,37,4,4025.0,73,8,4024.9,52,5,4024.8,112,7,4026.0,16,1,4026.1,5,1,4026.7,11,1,4026.8,2,2,4027.0,30,3
11483,2026-07-02 12:20:54+05:30,4026.0,1,4041.09,1109744,143746.0,159806.0,4100.0,4110.0,4012.0,4092.6,24778425,4501.8,3683.4,4440.0,3288.1,4025.5,13,3,4025.1,37,4,4025.0,73,8,4024.9,52,5,4024.8,112,7,4026.0,16,1,4026.1,5,1,4026.7,11,1,4026.8,2,2,4027.0,30,3
11483,2026-07-02 12:20:54+05:30,4026.0,1,4041.09,1109744,143746.0,159806.0,4100.0,4110.0,4012.0,4092.6,24778425,4501.8,3683.4,4440.0,3288.1,4025.5,5,2,4025.1,27,3,4025.0,58,7,4024.9,25,3,4024.8,77,4,4026.0,15,1,4026.1,5,1,4026.6,5,1,4026.7,27,2,4026.8,21,3
11483,2026-07-02 12:20:54+05:30,4026.0,1,4041.09,1109751,143765.0,159947.0,4100.0,4110.0,4012.0,4092.6,24778425,4501.8,3683.4,4440.0,3288.1,4025.5,5,2,4025.1,27,3,4025.0,58,7,4024.9,25,3,4024.8,77,4,4026.0,15,1,4026.1,5,1,4026.6,5,1,4026.7,27,2,4026.8,21,3
11483,2026-07-02 12:20:55+05:30,4026.0,1,4041.09,1109751,143765.0,159947.0,4100.0,4110.0,4012.0,4092.6,24778425,4501.8,3683.4,4440.0,3288.1,4025.5,5,2,4025.1,27,3,4025.0,58,7,4024.9,25,3,4024.8,77,4,4026.0,15,1,4026.1,5,1,4026.6,5,1,4026.7,27,2,4026.8,21,3
11483,2026-07-02 12:20:55+05:30,4026.0,1,4041.09,1109751,143765.0,159947.0,4100.0,4110.0,4012.0,4092.6,24778425,4501.8,3683.4,4440.0,3288.1,4025.5,5,2,4025.1,27,3,4025.0,58,7,4024.9,25,3,4024.8,77,4,4026.0,15,1,4026.1,5,1,4026.6,5,1,4026.7,27,2,4026.8,21,3
11483,2026-07-02 12:20:55+05:30,4026.0,1,4041.09,1109753,143801.0,159975.0,4100.0,4110.0,4012.0,4092.6,24778425,4501.8,3683.4,4440.0,3288.1,4025.5,4,1,4025.1,27,3,4025.0,58,7,4024.9,25,3,4024.8,77,4,4026.0,14,1,4026.1,5,1,4026.6,5,1,4026.7,11,1,4026.8,21,3
11483,2026-07-02 12:20:55+05:30,4026.0,1,4041.09,1109753,143801.0,159975.0,4100.0,4110.0,4012.0,4092.6,24778425,4501.8,3683.4,4440.0,3288.1,4025.5,4,1,4025.1,27,3,4025.0,58,7,4024.9,25,3,4024.8,77,4,4026.0,14,1,4026.1,5,1,4026.6,5,1,4026.7,11,1,4026.8,21,3
11483,2026-07-02 12:20:56+05:30,4026.0,1,4041.09,1109753,143801.0,159975.0,4100.0,4110.0,4012.0,4092.6,24778425,4501.8,3683.4,4440.0,3288.1,4025.5,4,1,4025.1,27,3,4025.0,58,7,4024.9,25,3,4024.8,77,4,4026.0,14,1,4026.1,5,1,4026.6,5,1,4026.7,11,1,4026.8,21,3
11483,2026-07-02 12:20:56+05:30,4026.0,5,4041.09,1109753,143801.0,159975.0,4100.0,4110.0,4012.0,4092.6,24778425,4501.8,3683.4,4440.0,3288.1,4025.5,4,1,4025.1,27,3,4025.0,58,7,4024.9,25,3,4024.8,77,4,4026.0,14,1,4026.1,5,1,4026.6,5,1,4026.7,11,1,4026.8,21,3
11483,2026-07-02 12:20:56+05:30,4026.0,5,4041.09,1109753,143801.0,159975.0,4100.0,4110.0,4012.0,4092.6,24795575,4501.8,3683.4,4440.0,3288.1,4025.5,4,1,4025.1,27,3,4025.0,58,7,4024.9,25,3,4024.8,77,4,4026.0,14,1,4026.1,5,1,4026.6,5,1,4026.7,11,1,4026.8,21,3
11483,2026-07-02 12:20:56+05:30,4026.0,5,4041.09,1109761,143697.0,159982.0,4100.0,4110.0,4012.0,4092.6,24795575,4501.8,3683.4,4440.0,3288.1,4025.5,1,1,4025.1,27,3,4025.0,53,6,4024.9,19,2,4024.8,27,3,4026.0,9,1,4026.1,5,1,4026.6,5,1,4026.7,37,2,4026.8,21,3
11483,2026-07-02 12:20:56+05:30,4026.0,5,4041.09,1109761,143697.0,159982.0,4100.0,4110.0,4012.0,4092.6,24795575,4501.8,3683.4,4440.0,3288.1,4025.5,1,1,4025.1,27,3,4025.0,53,6,4024.9,19,2,4024.8,27,3,4026.0,9,1,4026.1,5,1,4026.6,5,1,4026.7,37,2,4026.8,21,3
11483,2026-07-02 12:20:57+05:30,4026.0,5,4041.09,1109761,143697.0,159982.0,4100.0,4110.0,4012.0,4092.6,24795575,4501.8,3683.4,4440.0,3288.1,4025.5,1,1,4025.1,27,3,4025.0,53,6,4024.9,19,2,4024.8,27,3,4026.0,9,1,4026.1,5,1,4026.6,5,1,4026.7,37,2,4026.8,21,3
11483,2026-07-02 12:20:57+05:30,4025.1,2,4041.09,1109761,143697.0,159982.0,4100.0,4110.0,4012.0,4092.6,24795575,4501.8,3683.4,4440.0,3288.1,4025.5,1,1,4025.1,27,3,4025.0,53,6,4024.9,19,2,4024.8,27,3,4026.0,9,1,4026.1,5,1,4026.6,5,1,4026.7,37,2,4026.8,21,3
11483,2026-07-02 12:20:57+05:30,4025.1,2,4041.09,1109787,143632.0,159990.0,4100.0,4110.0,4012.0,4092.6,24795575,4501.8,3683.4,4440.0,3288.1,4025.1,11,2,4025.0,53,6,4024.9,19,2,4024.8,27,3,4024.7,13,1,4026.0,9,1,4026.1,5,1,4026.6,5,1,4026.7,37,2,4026.8,33,4
11483,2026-07-02 12:20:57+05:30,4025.1,2,4041.09,1109787,143632.0,159990.0,4100.0,4110.0,4012.0,4092.6,24795575,4501.8,3683.4,4440.0,3288.1,4025.1,11,2,4025.0,53,6,4024.9,19,2,4024.8,27,3,4024.7,13,1,4026.0,9,1,4026.1,5,1,4026.6,5,1,4026.7,37,2,4026.8,33,4
11483,2026-07-02 12:20:58+05:30,4025.1,2,4041.09,1109787,143632.0,159990.0,4100.0,4110.0,4012.0,4092.6,24795575,4501.8,3683.4,4440.0,3288.1,4025.1,11,2,4025.0,53,6,4024.9,19,2,4024.8,27,3,4024.7,13,1,4026.0,9,1,4026.1,5,1,4026.6,5,1,4026.7,37,2,4026.8,33,4
11483,2026-07-02 12:20:58+05:30,4025.1,2,4041.09,1109787,143632.0,159990.0,4100.0,4110.0,4012.0,4092.6,24795575,4501.8,3683.4,4440.0,3288.1,4025.1,11,2,4025.0,53,6,4024.9,19,2,4024.8,27,3,4024.7,13,1,4026.0,9,1,4026.1,5,1,4026.6,5,1,4026.7,37,2,4026.8,33,4
11483,2026-07-02 12:20:58+05:30,4025.1,2,4041.09,1109790,143629.0,159997.0,4100.0,4110.0,4012.0,4092.6,24795575,4501.8,3683.4,4440.0,3288.1,4025.1,8,1,4025.0,53,6,4024.9,19,2,4024.8,27,3,4024.7,13,1,4026.0,9,1,4026.1,5,1,4026.6,5,1,4026.7,37,2,4026.8,33,4
11483,2026-07-02 12:20:59+05:30,4025.1,4,4041.09,1109790,143629.0,159997.0,4100.0,4110.0,4012.0,4092.6,24795575,4501.8,3683.4,4440.0,3288.1,4025.1,8,1,4025.0,53,6,4024.9,19,2,4024.8,27,3,4024.7,13,1,4026.0,9,1,4026.1,5,1,4026.6,5,1,4026.7,37,2,4026.8,33,4
11483,2026-07-02 12:20:59+05:30,4025.1,4,4041.09,1109801,143599.0,159970.0,4100.0,4110.0,4012.0,4092.6,24795575,4501.8,3683.4,4440.0,3288.1,4025.1,8,2,4025.0,53,6,4024.9,19,2,4024.8,27,3,4024.7,13,1,4026.0,2,1,4026.1,5,1,4026.6,5,1,4026.7,37,2,4026.8,14,3
11483,2026-07-02 12:21:00+05:30,4025.1,18,4041.09,1109801,143599.0,159970.0,4100.0,4110.0,4012.0,4092.6,24795575,4501.8,3683.4,4440.0,3288.1,4025.1,8,2,4025.0,53,6,4024.9,19,2,4024.8,27,3,4024.7,13,1,4026.0,2,1,4026.1,5,1,4026.6,5,1,4026.7,37,2,4026.8,14,3
11483,2026-07-02 12:21:00+05:30,4025.1,18,4041.09,1109834,143262.0,159944.0,4100.0,4110.0,4012.0,4092.6,24795575,4501.8,3683.4,4440.0,3288.1,4025.1,75,1,4025.0,53,6,4024.9,19,2,4024.8,20,2,4024.7,13,1,4026.0,3,2,4026.1,5,1,4026.6,5,1,4026.7,37,2,4026.8,16,4
11483,2026-07-02 12:21:01+05:30,4026.0,2,4041.09,1109834,143262.0,159944.0,4100.0,4110.0,4012.0,4092.6,24795575,4501.8,3683.4,4440.0,3288.1,4025.1,75,1,4025.0,53,6,4024.9,19,2,4024.8,20,2,4024.7,13,1,4026.0,3,2,4026.1,5,1,4026.6,5,1,4026.7,37,2,4026.8,16,4
11483,2026-07-02 12:21:01+05:30,4026.0,2,4041.09,1109843,143333.0,159948.0,4100.0,4110.0,4012.0,4092.6,24795575,4501.8,3683.4,4440.0,3288.1,4025.6,2,2,4025.1,71,1,4025.0,48,5,4024.9,19,2,4024.8,20,2,4026.0,14,1,4026.1,5,1,4026.6,5,1,4026.7,37,2,4026.8,19,5
11483,2026-07-02 12:21:02+05:30,4025.6,1,4041.09,1109843,143333.0,159948.0,4100.0,4110.0,4012.0,4092.6,24795575,4501.8,3683.4,4440.0,3288.1,4025.6,2,2,4025.1,71,1,4025.0,48,5,4024.9,19,2,4024.8,20,2,4026.0,14,1,4026.1,5,1,4026.6,5,1,4026.7,37,2,4026.8,19,5
11483,2026-07-02 12:21:03+05:30,4025.6,1,4041.09,1109844,143405.0,159919.0,4100.0,4110.0,4012.0,4092.6,24795575,4501.8,3683.4,4440.0,3288.1,4025.8,1,1,4025.6,2,2,4025.1,71,1,4025.0,48,5,4024.9,19,2,4026.0,16,2,4026.1,5,1,4026.6,5,1,4026.7,37,2,4026.8,19,5
11483,2026-07-02 12:21:03+05:30,4025.8,1,4041.09,1109844,143405.0,159919.0,4100.0,4110.0,4012.0,4092.6,24795575,4501.8,3683.4,4440.0,3288.1,4025.8,1,1,4025.6,2,2,4025.1,71,1,4025.0,48,5,4024.9,19,2,4026.0,16,2,4026.1,5,1,4026.6,5,1,4026.7,37,2,4026.8,19,5
11483,2026-07-02 12:21:04+05:30,4026.0,1,4041.09,1109860,143482.0,159876.0,4100.0,4110.0,4012.0,4092.6,24795575,4501.8,3683.4,4440.0,3288.1,4025.8,1,1,4025.6,2,2,4025.5,1,1,4025.1,71,1,4025.0,48,5,4026.0,17,2,4026.1,5,1,4026.6,5,1,4026.7,37,2,4026.8,19,5
11483,2026-07-02 12:21:04+05:30,4025.8,1,4041.09,1109860,143482.0,159876.0,4100.0,4110.0,4012.0,4092.6,24795575,4501.8,3683.4,4440.0,3288.1,4025.8,1,1,4025.6,2,2,4025.5,1,1,4025.1,71,1,4025.0,48,5,4026.0,17,2,4026.1,5,1,4026.6,5,1,4026.7,37,2,4026.8,19,5
11483,2026-07-02 12:21:05+05:30,4025.8,1,4041.09,1109861,143860.0,159927.0,4100.0,4110.0,4012.0,4092.6,24795575,4501.8,3683.4,4440.0,3288.1,4025.9,7,2,4025.6,2,2,4025.5,1,1,4025.1,71,1,4025.0,48,5,4026.0,17,2,4026.1,5,1,4026.7,37,2,4026.8,14,3,4026.9,7,3
11483,2026-07-02 12:21:05+05:30,4026.0,1,4041.09,1109861,143860.0,159927.0,4100.0,4110.0,4012.0,4092.6,24795575,4501.8,3683.4,4440.0,3288.1,4025.9,7,2,4025.6,2,2,4025.5,1,1,4025.1,71,1,4025.0,48,5,4026.0,17,2,4026.1,5,1,4026.7,37,2,4026.8,14,3,4026.9,7,3
11483,2026-07-02 12:21:06+05:30,4026.0,1,4041.09,1109864,143861.0,159914.0,4100.0,4110.0,4012.0,4092.6,24795575,4501.8,3683.4,4440.0,3288.1,4025.9,6,2,4025.6,2,2,4025.5,1,1,4025.1,71,1,4025.0,48,5,4026.0,15,1,4026.1,5,1,4026.7,37,2,4026.8,2,2,4026.9,5,2
11483,2026-07-02 12:21:06+05:30,4026.0,7,4041.09,1109864,143861.0,159914.0,4100.0,4110.0,4012.0,4092.6,24795575,4501.8,3683.4,4440.0,3288.1,4025.9,6,2,4025.6,2,2,4025.5,1,1,4025.1,71,1,4025.0,48,5,4026.0,15,1,4026.1,5,1,4026.7,37,2,4026.8,2,2,4026.9,5,2
11483,2026-07-02 12:21:07+05:30,4026.0,7,4041.09,1109871,143886.0,159908.0,4100.0,4110.0,4012.0,4092.6,24795575,4501.8,3683.4,4440.0,3288.1,4025.9,6,2,4025.6,2,2,4025.5,1,1,4025.1,96,2,4025.0,48,5,4026.0,8,1,4026.1,5,1,4026.7,37,2,4026.8,2,2,4026.9,5,2
11483,2026-07-02 12:21:07+05:30,4026.0,17,4041.09,1109871,143886.0,159908.0,4100.0,4110.0,4012.0,4092.6,24795575,4501.8,3683.4,4440.0,3288.1,4025.9,6,2,4025.6,2,2,4025.5,1,1,4025.1,96,2,4025.0,48,5,4026.0,8,1,4026.1,5,1,4026.7,37,2,4026.8,2,2,4026.9,5,2
11483,2026-07-02 12:21:08+05:30,4026.0,17,4041.09,1109891,143803.0,159944.0,4100.0,4110.0,4012.0,4092.6,24795575,4501.8,3683.4,4440.0,3288.1,4025.6,2,2,4025.5,1,1,4025.1,97,3,4025.0,48,5,4024.9,19,2,4026.0,31,2,4026.1,17,2,4026.4,7,1,4026.5,8,1,4026.6,19,4
11483,2026-07-02 12:21:08+05:30,4025.6,1,4041.09,1109891,143803.0,159944.0,4100.0,4110.0,4012.0,4092.6,24795575,4501.8,3683.4,4440.0,3288.1,4025.6,2,2,4025.5,1,1,4025.1,97,3,4025.0,48,5,4024.9,19,2,4026.0,31,2,4026.1,17,2,4026.4,7,1,4026.5,8,1,4026.6,19,4
11483,2026-07-02 12:21:09+05:30,4025.6,1,4041.09,1109896,143429.0,159975.0,4100.0,4110.0,4012.0,4092.6,24795575,4501.8,3683.4,4440.0,3288.1,4025.5,1,1,4025.1,97,3,4025.0,48,5,4024.9,19,2,4024.8,20,2,4025.6,1,1,4026.0,31,2,4026.1,5,1,4026.4,7,1,4026.5,8,1
11483,2026-07-02 12:21:09+05:30,4026.0,1,4041.09,1109896,143429.0,159975.0,4100.0,4110.0,4012.0,4092.6,24795575,4501.8,3683.4,4440.0,3288.1,4025.5,1,1,4025.1,97,3,4025.0,48,5,4024.9,19,2,4024.8,20,2,4025.6,1,1,4026.0,31,2,4026.1,5,1,4026.4,7,1,4026.5,8,1
11483,2026-07-02 12:21:10+05:30,4026.0,1,4041.09,1109898,143460.0,159855.0,4100.0,4110.0,4012.0,4092.6,24795575,4501.8,3683.4,4440.0,3288.1,4025.5,1,1,4025.1,97,3,4025.0,48,5,4024.9,19,2,4024.8,44,3,4026.1,5,1,4026.2,12,1,4026.4,7,1,4026.5,8,1,4026.6,17,3
11483,2026-07-02 12:21:10+05:30,4025.5,1,4041.09,1109898,143460.0,159855.0,4100.0,4110.0,4012.0,4092.6,24795575,4501.8,3683.4,4440.0,3288.1,4025.5,1,1,4025.1,97,3,4025.0,48,5,4024.9,19,2,4024.8,44,3,4026.1,5,1,4026.2,12,1,4026.4,7,1,4026.5,8,1,4026.6,17,3
11483,2026-07-02 12:21:11+05:30,4025.5,1,4041.09,1109899,143379.0,159950.0,4100.0,4110.0,4012.0,4092.6,24795575,4501.8,3683.4,4440.0,3288.1,4025.1,97,3,4025.0,35,4,4024.9,19,2,4024.8,20,2,4024.7,13,1,4026.1,27,3,4026.4,46,2,4026.6,38,4,4026.7,249,7,4026.8,2,2
11483,2026-07-02 12:21:11+05:30,4025.1,26,4041.09,1109899,143379.0,159950.0,4100.0,4110.0,4012.0,4092.6,24795575,4501.8,3683.4,4440.0,3288.1,4025.1,97,3,4025.0,35,4,4024.9,19,2,4024.8,20,2,4024.7,13,1,4026.1,27,3,4026.4,46,2,4026.6,38,4,4026.7,249,7,4026.8,2,2
11483,2026-07-02 12:21:11+05:30,4025.1,26,4041.09,1109926,143235.0,160039.0,4100.0,4110.0,4012.0,4092.6,24795575,4501.8,3683.4,4440.0,3288.1,4025.1,71,3,4025.0,31,3,4024.9,19,2,4024.8,20,2,4024.7,13,1,4026.0,19,1,4026.1,26,3,4026.2,12,1,4026.3,5,1,4026.4,75,4
11483,2026-07-02 12:21:12+05:30,4025.1,6,4041.09,1109926,143235.0,160039.0,4100.0,4110.0,4012.0,4092.6,24795575,4501.8,3683.4,4440.0,3288.1,4025.1,71,3,4025.0,31,3,4024.9,19,2,4024.8,20,2,4024.7,13,1,4026.0,19,1,4026.1,26,3,4026.2,12,1,4026.3,5,1,4026.4,75,4
11483,2026-07-02 12:21:13+05:30,4025.5,2,4041.09,1109941,143083.0,160134.0,4100.0,4110.0,4012.0,4092.6,24795575,4501.8,3683.4,4440.0,3288.1,4025.1,62,3,4025.0,31,3,4024.9,19,2,4024.8,20,2,4024.6,16,2,4025.5,38,1,4026.1,11,2,4026.4,74,3,4026.6,14,2,4026.7,225,5
11483,2026-07-02 12:21:13+05:30,4025.1,2,4041.09,1109941,143083.0,160134.0,4100.0,4110.0,4012.0,4092.6,24795575,4501.8,3683.4,4440.0,3288.1,4025.1,62,3,4025.0,31,3,4024.9,19,2,4024.8,20,2,4024.6,16,2,4025.5,38,1,4026.1,11,2,4026.4,74,3,4026.6,14,2,4026.7,225,5
11483,2026-07-02 12:21:14+05:30,4025.1,4,4041.09,1109949,143089.0,160158.0,4100.0,4110.0,4012.0,4092.6,24795575,4501.8,3683.4,4440.0,3288.1,4025.1,56,3,4025.0,31,3,4024.9,19,2,4024.8,20,2,4024.6,16,2,4025.5,36,1,4026.1,11,2,4026.4,74,3,4026.5,5,1,4026.6,14,2
11483,2026-07-02 12:21:14+05:30,4025.5,20,4041.09,1109949,143089.0,160158.0,4100.0,4110.0,4012.0,4092.6,24795575,4501.8,3683.4,4440.0,3288.1,4025.1,56,3,4025.0,31,3,4024.9,19,2,4024.8,20,2,4024.6,16,2,4025.5,36,1,4026.1,11,2,4026.4,74,3,4026.5,5,1,4026.6,14,2
11483,2026-07-02 12:21:15+05:30,4025.1,29,4041.09,1109999,143061.0,160152.0,4100.0,4110.0,4012.0,4092.6,24795575,4501.8,3683.4,4440.0,3288.1,4025.1,26,2,4025.0,31,3,4024.9,19,2,4024.8,20,2,4024.6,16,2,4025.5,16,1,4026.1,41,3,4026.4,74,3,4026.5,5,1,4026.6,17,3
11483,2026-07-02 12:21:15+05:30,4025.1,6,4041.09,1109999,143061.0,160152.0,4100.0,4110.0,4012.0,4092.6,24795575,4501.8,3683.4,4440.0,3288.1,4025.1,26,2,4025.0,31,3,4024.9,19,2,4024.8,20,2,4024.6,16,2,4025.5,16,1,4026.1,41,3,4026.4,74,3,4026.5,5,1,4026.6,17,3
11483,2026-07-02 12:21:16+05:30,4025.5,4,4041.09,1110015,143051.0,160122.0,4100.0,4110.0,4012.0,4092.6,24795575,4501.8,3683.4,4440.0,3288.1,4025.1,20,2,4025.0,31,3,4024.9,19,2,4024.8,20,2,4024.6,16,2,4025.5,7,2,4026.1,41,3,4026.4,74,3,4026.5,8,2,4026.6,14,2
11483,2026-07-02 12:21:16+05:30,4025.1,2,4041.09,1110015,143051.0,160122.0,4100.0,4110.0,4012.0,4092.6,24795575,4501.8,3683.4,4440.0,3288.1,4025.1,20,2,4025.0,31,3,4024.9,19,2,4024.8,20,2,4024.6,16,2,4025.5,7,2,4026.1,41,3,4026.4,74,3,4026.5,8,2,4026.6,14,2
11483,2026-07-02 12:21:17+05:30,4025.1,3,4041.09,1110020,143018.0,160128.0,4100.0,4110.0,4012.0,4092.6,24795575,4501.8,3683.4,4440.0,3288.1,4025.1,15,2,4025.0,31,3,4024.9,19,2,4024.8,20,2,4024.6,16,2,4025.5,7,2,4026.1,41,3,4026.4,74,3,4026.5,8,2,4026.6,14,2
11483,2026-07-02 12:21:17+05:30,4025.1,3,4041.09,1110020,143018.0,160128.0,4100.0,4110.0,4012.0,4092.6,24795575,4501.8,3683.4,4440.0,3288.1,4025.1,15,2,4025.0,31,3,4024.9,19,2,4024.8,20,2,4024.6,16,2,4025.5,7,2,4026.1,41,3,4026.4,74,3,4026.5,8,2,4026.6,14,2
11483,2026-07-02 12:21:18+05:30,4025.1,4,4041.09,1110032,142883.0,159948.0,4100.0,4110.0,4012.0,4092.6,24795575,4501.8,3683.4,4440.0,3288.1,4025.1,3,2,4025.0,31,3,4024.9,19,2,4024.8,20,2,4024.6,16,2,4025.5,7,2,4026.1,12,2,4026.4,92,4,4026.5,8,2,4026.6,14,2
11483,2026-07-02 12:21:18+05:30,4025.1,1,4041.09,1110032,142883.0,159948.0,4100.0,4110.0,4012.0,4092.6,24795575,4501.8,3683.4,4440.0,3288.1,4025.1,3,2,4025.0,31,3,4024.9,19,2,4024.8,20,2,4024.6,16,2,4025.5,7,2,4026.1,12,2,4026.4,92,4,4026.5,8,2,4026.6,14,2
11483,2026-07-02 12:21:19+05:30,4026.4,25,4041.09,1110085,143011.0,160087.0,4100.0,4110.0,4012.0,4092.6,24795575,4501.8,3683.4,4440.0,3288.1,4025.0,31,3,4024.9,19,2,4024.8,20,2,4024.7,13,1,4024.6,16,2,4026.1,42,4,4026.2,24,3,4026.3,85,5,4026.4,103,5,4026.5,21,1
11483,2026-07-02 12:21:19+05:30,4025.0,5,4041.09,1110085,143011.0,160087.0,4100.0,4110.0,4012.0,4092.6,24795575,4501.8,3683.4,4440.0,3288.1,4025.0,31,3,4024.9,19,2,4024.8,20,2,4024.7,13,1,4024.6,16,2,4026.1,42,4,4026.2,24,3,4026.3,85,5,4026.4,103,5,4026.5,21,1
11483,2026-07-02 12:21:20+05:30,4025.1,2,4041.09,1110094,143151.0,160581.0,4100.0,4110.0,4012.0,4092.6,24795575,4501.8,3683.4,4440.0,3288.1,4025.0,25,2,4024.9,19,2,4024.8,20,2,4024.6,16,2,4024.4,2,1,4025.1,17,1,4026.0,14,3,4026.1,88,4,4026.2,24,3,4026.3,81,6
11483,2026-07-02 12:21:20+05:30,4025.0,1,4041.09,1110094,143151.0,160581.0,4100.0,4110.0,4012.0,4092.6,24795575,4501.8,3683.4,4440.0,3288.1,4025.0,25,2,4024.9,19,2,4024.8,20,2,4024.6,16,2,4024.4,2,1,4025.1,17,1,4026.0,14,3,4026.1,88,4,4026.2,24,3,4026.3,81,6
11483,2026-07-02 12:21:21+05:30,4025.0,1,4041.09,1110095,143260.0,160782.0,4100.0,4110.0,4012.0,4092.6,24795575,4501.8,3683.4,4440.0,3288.1,4025.0,137,4,4024.9,19,2,4024.8,20,2,4024.6,16,2,4024.4,2,1,4025.1,17,1,4026.0,14,3,4026.1,88,4,4026.2,24,3,4026.3,78,5
11483,2026-07-02 12:21:21+05:30,4025.0,1,4041.09,1110095,143260.0,160782.0,4100.0,4110.0,4012.0,4092.6,24795575,4501.8,3683.4,4440.0,3288.1,4025.0,137,4,4024.9,19,2,4024.8,20,2,4024.6,16,2,4024.4,2,1,4025.1,17,1,4026.0,14,3,4026.1,88,4,4026.2,24,3,4026.3,78,5
11483,2026-07-02 12:21:22+05:30,4025.1,5,4041.09,1110102,143281.0,160801.0,4100.0,4110.0,4012.0,4092.6,24795575,4501.8,3683.4,4440.0,3288.1,4025.0,137,5,4024.9,19,2,4024.8,20,2,4024.6,16,2,4024.4,2,1,4025.1,11,1,4026.0,10,2,4026.1,45,3,4026.2,11,2,4026.3,78,5
11483,2026-07-02 12:21:22+05:30,4025.1,5,4041.09,1110102,143281.0,160801.0,4100.0,4110.0,4012.0,4092.6,24795575,4501.8,3683.4,4440.0,3288.1,4025.0,137,5,4024.9,19,2,4024.8,20,2,4024.6,16,2,4024.4,2,1,4025.1,11,1,4026.0,10,2,4026.1,45,3,4026.2,11,2,4026.3,78,5
11483,2026-07-02 12:21:23+05:30,4025.1,11,4041.09,1110113,142836.0,160241.0,4100.0,4110.0,4012.0,4092.6,24795575,4501.8,3683.4,4440.0,3288.1,4025.5,9,2,4025.1,1,1,4025.0,150,6,4024.9,19,2,4024.8,20,2,4026.2,35,4,4026.3,33,2,4026.4,99,3,4026.5,12,1,4026.6,17,1
11483,2026-07-02 12:21:23+05:30,4025.5,2,4041.09,1110113,142836.0,160241.0,4100.0,4110.0,4012.0,4092.6,24795575,4501.8,3683.4,4440.0,3288.1,4025.5,9,2,4025.1,1,1,4025.0,150,6,4024.9,19,2,4024.8,20,2,4026.2,35,4,4026.3,33,2,4026.4,99,3,4026.5,12,1,4026.6,17,1
11483,2026-07-02 12:21:24+05:30,4026.2,1,4041.09,1110116,142862.0,160280.0,4100.0,4110.0,4012.0,4092.6,24795575,4501.8,3683.4,4440.0,3288.1,4025.5,7,2,4025.1,2,2,4025.0,150,6,4024.9,19,2,4024.8,40,3,4026.2,35,5,4026.3,33,2,4026.4,99,3,4026.5,12,1,4026.6,17,1
11483,2026-07-02 12:21:24+05:30,4026.2,1,4041.09,1110116,142862.0,160280.0,4100.0,4110.0,4012.0,4092.6,24795575,4501.8,3683.4,4440.0,3288.1,4025.5,7,2,4025.1,2,2,4025.0,150,6,4024.9,19,2,4024.8,40,3,4026.2,35,5,4026.3,33,2,4026.4,99,3,4026.5,12,1,4026.6,17,1
11483,2026-07-02 12:21:25+05:30,4025.0,10,4041.08,1110291,142674.0,160396.0,4100.0,4110.0,4012.0,4092.6,24795575,4501.8,3683.4,4440.0,3288.1,4025.0,107,3,4024.9,5,1,4024.8,5,1,4024.7,13,1,4024.6,16,2,4026.0,34,2,4026.1,19,2,4026.2,18,3,4026.3,23,3,4026.4,99,3
11483,2026-07-02 12:21:25+05:30,4026.0,1,4041.08,1110291,142674.0,160396.0,4100.0,4110.0,4012.0,4092.6,24795575,4501.8,3683.4,4440.0,3288.1,4025.0,107,3,4024.9,5,1,4024.8,5,1,4024.7,13,1,4024.6,16,2,4026.0,34,2,4026.1,19,2,4026.2,18,3,4026.3,23,3,4026.4,99,3
11483,2026-07-02 12:21:26+05:30,4026.0,7,4041.08,1110320,142703.0,160415.0,4100.0,4110.0,4012.0,4092.6,24795575,4501.8,3683.4,4440.0,3288.1,4025.0,101,4,4024.9,5,1,4024.8,5,1,4024.7,13,1,4024.6,16,2,4026.0,33,3,4026.1,7,1,4026.2,18,3,4026.3,23,3,4026.4,99,3
11483,2026-07-02 12:21:26+05:30,4025.0,4,4041.08,1110320,142703.0,160415.0,4100.0,4110.0,4012.0,4092.6,24795575,4501.8,3683.4,4440.0,3288.1,4025.0,101,4,4024.9,5,1,4024.8,5,1,4024.7,13,1,4024.6,16,2,4026.0,33,3,4026.1,7,1,4026.2,18,3,4026.3,23,3,4026.4,99,3
11483,2026-07-02 12:21:27+05:30,4026.0,1,4041.08,1110340,142708.0,160438.0,4100.0,4110.0,4012.0,4092.6,24795575,4501.8,3683.4,4440.0,3288.1,4025.0,138,5,4024.9,5,1,4024.8,5,1,4024.7,13,1,4024.6,16,2,4026.0,38,4,4026.1,7,1,4026.2,9,2,4026.3,23,3,4026.4,118,4
11483,2026-07-02 12:21:27+05:30,4025.0,2,4041.08,1110340,142708.0,160438.0,4100.0,4110.0,4012.0,4092.6,24795575,4501.8,3683.4,4440.0,3288.1,4025.0,138,5,4024.9,5,1,4024.8,5,1,4024.7,13,1,4024.6,16,2,4026.0,38,4,4026.1,7,1,4026.2,9,2,4026.3,23,3,4026.4,118,4
11483,2026-07-02 12:21:28+05:30,4026.0,1,4041.08,1110347,142696.0,160436.0,4100.0,4110.0,4012.0,4092.6,24795575,4501.8,3683.4,4440.0,3288.1,4025.0,136,5,4024.9,5,1,4024.8,5,1,4024.7,13,1,4024.6,16,2,4026.0,33,3,4026.1,7,1,4026.2,9,2,4026.3,25,4,4026.4,118,4
11483,2026-07-02 12:21:28+05:30,4026.0,2,4041.08,1110347,142696.0,160436.0,4100.0,4110.0,4012.0,4092.6,24795575,4501.8,3683.4,4440.0,3288.1,4025.0,136,5,4024.9,5,1,4024.8,5,1,4024.7,13,1,4024.6,16,2,4026.0,33,3,4026.1,7,1,4026.2,9,2,4026.3,25,4,4026.4,118,4
11483,2026-07-02 12:21:29+05:30,4025.0,5,4041.08,1110362,142691.0,160452.0,4100.0,4110.0,4012.0,4092.6,24795575,4501.8,3683.4,4440.0,3288.1,4025.0,130,5,4024.9,5,1,4024.8,5,1,4024.7,13,1,4024.6,16,2,4026.0,31,4,4026.1,7,1,4026.2,1,1,4026.3,25,4,4026.4,118,4
11483,2026-07-02 12:21:29+05:30,4025.0,2,4041.08,1110362,142691.0,160452.0,4100.0,4110.0,4012.0,4092.6,24795575,4501.8,3683.4,4440.0,3288.1,4025.0,130,5,4024.9,5,1,4024.8,5,1,4024.7,13,1,4024.6,16,2,4026.0,31,4,4026.1,7,1,4026.2,1,1,4026.3,25,4,4026.4,118,4
11483,2026-07-02 12:21:30+05:30,4025.0,2,4041.08,1110364,142859.0,160435.0,4100.0,4110.0,4012.0,4092.6,24795575,4501.8,3683.4,4440.0,3288.1,4025.0,128,5,4024.9,5,1,4024.8,5,1,4024.7,13,1,4024.6,16,2,4026.0,31,4,4026.1,7,1,4026.2,1,1,4026.3,22,3,4026.4,121,5
11483,2026-07-02 12:21:31+05:30,4026.0,4,4041.08,1110481,142808.0,160528.0,4100.0,4110.0,4012.0,4092.6,24795575,4501.8,3683.4,4440.0,3288.1,4025.5,2,2,4025.0,128,5,4024.9,5,1,4024.8,5,1,4024.7,13,1,4026.0,10,1,4026.1,37,2,4026.2,40,2,4026.3,23,3,4026.4,118,4
11483,2026-07-02 12:21:31+05:30,4025.5,2,4041.08,1110481,142808.0,160528.0,4100.0,4110.0,4012.0,4092.6,24795575,4501.8,3683.4,4440.0,3288.1,4025.5,2,2,4025.0,128,5,4024.9,5,1,4024.8,5,1,4024.7,13,1,4026.0,10,1,4026.1,37,2,4026.2,40,2,4026.3,23,3,4026.4,118,4
11483,2026-07-02 12:21:32+05:30,4025.5,1,4041.08,1110487,142618.0,160517.0,4100.0,4110.0,4012.0,4092.6,24795575,4501.8,3683.4,4440.0,3288.1,4025.2,1,1,4025.0,128,5,4024.9,5,1,4024.8,5,1,4024.6,18,3,4025.5,1,1,4026.1,49,2,4026.2,176,2,4026.3,20,2,4026.4,118,4
11483,2026-07-02 12:21:32+05:30,4025.2,1,4041.08,1110487,142618.0,160517.0,4100.0,4110.0,4012.0,4092.6,24795575,4501.8,3683.4,4440.0,3288.1,4025.2,1,1,4025.0,128,5,4024.9,5,1,4024.8,5,1,4024.6,18,3,4025.5,1,1,4026.1,49,2,4026.2,176,2,4026.3,20,2,4026.4,118,4
11483,2026-07-02 12:21:33+05:30,4025.2,1,4041.08,1110488,142631.0,160524.0,4100.0,4110.0,4012.0,4092.6,24795575,4501.8,3683.4,4440.0,3288.1,4025.2,1,1,4025.0,128,5,4024.9,5,1,4024.8,5,1,4024.6,16,2,4025.5,1,1,4026.0,15,1,4026.1,39,1,4026.2,176,2,4026.3,20,2
11483,2026-07-02 12:21:33+05:30,4025.5,5,4041.08,1110488,142631.0,160524.0,4100.0,4110.0,4012.0,4092.6,24795575,4501.8,3683.4,4440.0,3288.1,4025.2,1,1,4025.0,128,5,4024.9,5,1,4024.8,5,1,4024.6,16,2,4025.5,1,1,4026.0,15,1,4026.1,39,1,4026.2,176,2,4026.3,20,2
11483,2026-07-02 12:21:34+05:30,4025.5,5,4041.08,1110493,142554.0,160742.0,4100.0,4110.0,4012.0,4092.6,24795575,4501.8,3683.4,4440.0,3288.1,4025.2,1,1,4025.0,128,5,4024.9,5,1,4024.8,5,1,4024.6,16,2,4025.4,29,1,4025.5,44,2,4025.6,42,1,4025.7,42,1,4025.9,42,1
11483,2026-07-02 12:21:35+05:30,4025.3,1,4041.08,1110494,142633.0,160903.0,4100.0,4110.0,4012.0,4092.6,24795575,4501.8,3683.4,4440.0,3288.1,4025.3,1,1,4025.2,1,1,4025.0,128,5,4024.9,5,1,4024.8,5,1,4025.4,42,1,4025.5,44,2,4025.6,42,1,4025.8,42,1,4025.9,12,1
11483,2026-07-02 12:21:35+05:30,4025.3,1,4041.08,1110494,142633.0,160903.0,4100.0,4110.0,4012.0,4092.6,24795575,4501.8,3683.4,4440.0,3288.1,4025.3,1,1,4025.2,1,1,4025.0,128,5,4024.9,5,1,4024.8,5,1,4025.4,42,1,4025.5,44,2,4025.6,42,1,4025.8,42,1,4025.9,12,1
11483,2026-07-02 12:21:36+05:30,4025.3,1,4041.08,1110495,142659.0,160908.0,4100.0,4110.0,4012.0,4092.6,24795575,4501.8,3683.4,4440.0,3288.1,4025.3,2,1,4025.2,1,1,4025.0,128,5,4024.9,5,1,4024.8,5,1,4025.4,29,1,4025.5,44,2,4025.6,42,1,4025.7,42,1,4025.9,54,2
11483,2026-07-02 12:21:37+05:30,4025.4,2,4041.08,1110497,142688.0,160868.0,4100.0,4110.0,4012.0,4092.6,24795575,4501.8,3683.4,4440.0,3288.1,4025.3,2,1,4025.0,128,5,4024.9,5,1,4024.8,5,1,4024.6,16,2,4025.5,44,2,4025.6,42,1,4025.7,42,1,4025.9,42,1,4026.0,133,3
11483,2026-07-02 12:21:37+05:30,4025.3,15,4041.08,1110497,142688.0,160868.0,4100.0,4110.0,4012.0,4092.6,24795575,4501.8,3683.4,4440.0,3288.1,4025.3,2,1,4025.0,128,5,4024.9,5,1,4024.8,5,1,4024.6,16,2,4025.5,44,2,4025.6,42,1,4025.7,42,1,4025.9,42,1,4026.0,133,3
11483,2026-07-02 12:21:38+05:30,4026.1,10,4041.07,1111022,143585.0,160663.0,4100.0,4110.0,4012.0,4092.6,24795575,4501.8,3683.4,4440.0,3288.1,4026.0,516,1,4025.0,177,8,4024.9,5,1,4024.8,17,2,4024.7,198,3,4026.1,65,1,4026.2,176,2,4026.4,71,2,4026.8,2,2,4027.0,36,3
11483,2026-07-02 12:21:38+05:30,4026.0,63,4041.07,1111022,143585.0,160663.0,4100.0,4110.0,4012.0,4092.6,24795575,4501.8,3683.4,4440.0,3288.1,4026.0,516,1,4025.0,177,8,4024.9,5,1,4024.8,17,2,4024.7,198,3,4026.1,65,1,4026.2,176,2,4026.4,71,2,4026.8,2,2,4027.0,36,3
11483,2026-07-02 12:21:39+05:30,4026.1,1,4041.07,1111086,143188.0,160764.0,4100.0,4110.0,4012.0,4092.6,24795575,4501.8,3683.4,4440.0,3288.1,4026.0,453,1,4025.3,1,1,4025.0,179,9,4024.9,5,1,4024.8,5,1,4026.1,64,1,4026.2,218,3,4026.3,42,1,4026.4,113,3,4026.6,42,1
11483,2026-07-02 12:21:39+05:30,4026.0,445,4041.07,1111086,143188.0,160764.0,4100.0,4110.0,4012.0,4092.6,24795575,4501.8,3683.4,4440.0,3288.1,4026.0,453,1,4025.3,1,1,4025.0,179,9,4024.9,5,1,4024.8,5,1,4026.1,64,1,4026.2,218,3,4026.3,42,1,4026.4,113,3,4026.6,42,1
11483,2026-07-02 12:21:40+05:30,4025.7,1,4041.07,1111540,142685.0,160952.0,4100.0,4110.0,4012.0,4092.6,24795575,4501.8,3683.4,4440.0,3288.1,4025.3,1,1,4025.0,160,7,4024.9,5,1,4024.8,5,1,4024.7,31,2,4025.7,63,1,4025.8,42,1,4025.9,42,1,4026.0,111,2,4026.2,256,5
11483,2026-07-02 12:21:40+05:30,4025.3,10,4041.07,1111540,142685.0,160952.0,4100.0,4110.0,4012.0,4092.6,24795575,4501.8,3683.4,4440.0,3288.1,4025.3,1,1,4025.0,160,7,4024.9,5,1,4024.8,5,1,4024.7,31,2,4025.7,63,1,4025.8,42,1,4025.9,42,1,4026.0,111,2,4026.2,256,5
11483,2026-07-02 12:21:41+05:30,4025.3,10,4041.07,1111551,142478.0,161133.0,4100.0,4110.0,4012.0,4092.6,24795575,4501.8,3683.4,4440.0,3288.1,4025.0,160,7,4024.9,5,1,4024.8,5,1,4024.6,16,2,4024.4,22,3,4025.2,63,1,4025.3,48,2,4025.4,42,1,4025.5,42,1,4025.7,42,1
11483,2026-07-02 12:21:41+05:30,4025.0,1,4041.07,1111551,142478.0,161133.0,4100.0,4110.0,4012.0,4092.6,24795575,4501.8,3683.4,4440.0,3288.1,4025.0,160,7,4024.9,5,1,4024.8,5,1,4024.6,16,2,4024.4,22,3,4025.2,63,1,4025.3,48,2,4025.4,42,1,4025.5,42,1,4025.7,42,1
11483,2026-07-02 12:21:42+05:30,4025.3,1,4041.06,1111708,142531.0,161038.0,4100.0,4110.0,4012.0,4092.6,24795575,4501.8,3683.4,4440.0,3288.1,4025.1,1,1,4025.0,159,7,4024.9,5,1,4024.8,5,1,4024.6,16,2,4025.3,3,1,4025.4,42,1,4025.6,42,1,4025.9,20,1,4026.0,33,1
11483,2026-07-02 12:21:42+05:30,4025.1,23,4041.06,1111708,142531.0,161038.0,4100.0,4110.0,4012.0,4092.6,24795575,4501.8,3683.4,4440.0,3288.1,4025.1,1,1,4025.0,159,7,4024.9,5,1,4024.8,5,1,4024.6,16,2,4025.3,3,1,4025.4,42,1,4025.6,42,1,4025.9,20,1,4026.0,33,1
11483,2026-07-02 12:21:43+05:30,4025.1,1,4041.06,1111737,142998.0,161233.0,4100.0,4110.0,4012.0,4092.6,24795575,4501.8,3683.4,4440.0,3288.1,4025.0,159,7,4024.9,5,1,4024.8,5,1,4024.6,16,2,4024.4,4,2,4025.1,56,2,4025.2,42,1,4025.3,45,2,4025.4,42,1,4025.6,42,1
11483,2026-07-02 12:21:43+05:30,4025.0,4,4041.06,1111737,142998.0,161233.0,4100.0,4110.0,4012.0,4092.6,24795575,4501.8,3683.4,4440.0,3288.1,4025.0,159,7,4024.9,5,1,4024.8,5,1,4024.6,16,2,4024.4,4,2,4025.1,56,2,4025.2,42,1,4025.3,45,2,4025.4,42,1,4025.6,42,1
11483,2026-07-02 12:21:44+05:30,4025.0,4,4041.06,1111745,142973.0,161082.0,4100.0,4110.0,4012.0,4092.6,24795575,4501.8,3683.4,4440.0,3288.1,4025.0,151,7,4024.9,5,1,4024.8,5,1,4024.6,16,2,4024.4,4,2,4025.1,2,1,4025.3,3,1,4026.0,53,2,4026.1,10,1,4026.2,203,4
11483,2026-07-02 12:21:44+05:30,4025.0,13,4041.06,1111745,142973.0,161082.0,4100.0,4110.0,4012.0,4092.6,24795575,4501.8,3683.4,4440.0,3288.1,4025.0,151,7,4024.9,5,1,4024.8,5,1,4024.6,16,2,4024.4,4,2,4025.1,2,1,4025.3,3,1,4026.0,53,2,4026.1,10,1,4026.2,203,4
11483,2026-07-02 12:21:45+05:30,4025.1,10,4041.06,1111769,142890.0,161111.0,4100.0,4110.0,4012.0,4092.6,24795575,4501.8,3683.4,4440.0,3288.1,4025.0,137,7,4024.9,5,1,4024.8,5,1,4024.6,16,2,4024.4,4,2,4025.1,2,1,4025.3,3,1,4026.0,43,2,4026.1,10,1,4026.2,193,3
11483,2026-07-02 12:21:45+05:30,4025.0,3,4041.06,1111769,142890.0,161111.0,4100.0,4110.0,4012.0,4092.6,24795575,4501.8,3683.4,4440.0,3288.1,4025.0,137,7,4024.9,5,1,4024.8,5,1,4024.6,16,2,4024.4,4,2,4025.1,2,1,4025.3,3,1,4026.0,43,2,4026.1,10,1,4026.2,193,3
11483,2026-07-02 12:21:46+05:30,4025.3,2,4041.06,1111784,142591.0,161194.0,4100.0,4110.0,4012.0,4092.6,24795575,4501.8,3683.4,4440.0,3288.1,4025.1,27,2,4025.0,176,8,4024.9,47,2,4024.8,47,2,4024.6,58,3,4025.3,1,1,4026.0,43,2,4026.1,10,1,4026.2,193,3,4026.3,12,1
11483,2026-07-02 12:21:46+05:30,4025.1,1,4041.06,1111784,142591.0,161194.0,4100.0,4110.0,4012.0,4092.6,24795575,4501.8,3683.4,4440.0,3288.1,4025.1,27,2,4025.0,176,8,4024.9,47,2,4024.8,47,2,4024.6,58,3,4025.3,1,1,4026.0,43,2,4026.1,10,1,4026.2,193,3,4026.3,12,1
11483,2026-07-02 12:21:47+05:30,4025.1,1,4041.06,1111785,142601.0,161090.0,4100.0,4110.0,4012.0,4092.6,24795575,4501.8,3683.4,4440.0,3288.1,4025.2,42,1,4025.1,101,2,4025.0,139,8,4024.9,47,2,4024.8,47,2,4025.3,1,1,4026.0,43,2,4026.1,10,1,4026.2,176,2,4026.3,12,1
11483,2026-07-02 12:21:47+05:30,4025.3,1,4041.06,1111785,142601.0,161090.0,4100.0,4110.0,4012.0,4092.6,24795575,4501.8,3683.4,4440.0,3288.1,4025.2,42,1,4025.1,101,2,4025.0,139,8,4024.9,47,2,4024.8,47,2,4025.3,1,1,4026.0,43,2,4026.1,10,1,4026.2,176,2,4026.3,12,1
11483,2026-07-02 12:21:48+05:30,4025.3,1,4041.06,1111812,142861.0,161168.0,4100.0,4110.0,4012.0,4092.6,24795575,4501.8,3683.4,4440.0,3288.1,4025.7,6,1,4025.3,25,1,4025.2,41,1,4025.1,143,3,4025.0,181,9,4026.0,33,1,4026.1,10,1,4026.2,176,2,4026.4,71,2,4026.5,59,4
11483,2026-07-02 12:21:48+05:30,4025.7,3,4041.06,1111812,142861.0,161168.0,4100.0,4110.0,4012.0,4092.6,24795575,4501.8,3683.4,4440.0,3288.1,4025.7,6,1,4025.3,25,1,4025.2,41,1,4025.1,143,3,4025.0,181,9,4026.0,33,1,4026.1,10,1,4026.2,176,2,4026.4,71,2,4026.5,59,4
11483,2026-07-02 12:21:49+05:30,4025.0,5,4041.06,1112256,142524.0,161900.0,4100.0,4110.0,4012.0,4092.6,24795575,4501.8,3683.4,4440.0,3288.1,4024.9,5,1,4024.8,5,1,4024.6,16,2,4024.4,4,2,4024.2,43,2,4025.0,8,1,4025.9,33,1,4026.0,47,3,4026.1,58,2,4026.2,204,3
11483,2026-07-02 12:21:49+05:30,4024.9,4,4041.06,1112256,142524.0,161900.0,4100.0,4110.0,4012.0,4092.6,24795575,4501.8,3683.4,4440.0,3288.1,4024.9,5,1,4024.8,5,1,4024.6,16,2,4024.4,4,2,4024.2,43,2,4025.0,8,1,4025.9,33,1,4026.0,47,3,4026.1,58,2,4026.2,204,3
11483,2026-07-02 12:21:50+05:30,4024.9,4,4041.06,1112266,142998.0,161830.0,4100.0,4110.0,4012.0,4092.6,24795575,4501.8,3683.4,4440.0,3288.1,4024.8,47,2,4024.7,42,1,4024.6,58,3,4024.4,46,3,4024.1,16,1,4024.9,2,1,4025.0,8,1,4025.8,24,1,4025.9,61,2,4026.0,14,2
11483,2026-07-02 12:21:50+05:30,4024.9,34,4041.06,1112266,142998.0,161830.0,4100.0,4110.0,4012.0,4092.6,24795575,4501.8,3683.4,4440.0,3288.1,4024.8,47,2,4024.7,42,1,4024.6,58,3,4024.4,46,3,4024.1,16,1,4024.9,2,1,4025.0,8,1,4025.8,24,1,4025.9,61,2,4026.0,14,2
11483,2026-07-02 12:21:50+05:30,4024.9,34,4041.06,1112303,143006.0,161739.0,4100.0,4110.0,4012.0,4092.6,24795575,4501.8,3683.4,4440.0,3288.1,4024.8,46,2,4024.7,42,1,4024.6,58,3,4024.4,46,3,4024.1,16,1,4024.9,6,1,4025.0,33,1,4025.9,33,1,4026.0,23,2,4026.1,10,1
11483,2026-07-02 12:21:51+05:30,4024.8,1,4041.06,1112303,143006.0,161739.0,4100.0,4110.0,4012.0,4092.6,24795575,4501.8,3683.4,4440.0,3288.1,4024.8,46,2,4024.7,42,1,4024.6,58,3,4024.4,46,3,4024.1,16,1,4024.9,6,1,4025.0,33,1,4025.9,33,1,4026.0,23,2,4026.1,10,1
11483,2026-07-02 12:21:51+05:30,4025.0,137,4041.05,1112452,142903.0,161890.0,4100.0,4110.0,4012.0,4092.6,24795575,4501.8,3683.4,4440.0,3288.1,4024.8,64,2,4024.7,42,1,4024.6,58,3,4024.4,46,3,4024.1,16,1,4025.0,33,1,4025.9,61,2,4026.0,23,2,4026.1,10,1,4026.2,204,3
11483,2026-07-02 12:21:52+05:30,4025.0,137,4041.05,1112452,142903.0,161890.0,4100.0,4110.0,4012.0,4092.6,24795575,4501.8,3683.4,4440.0,3288.1,4024.8,64,2,4024.7,42,1,4024.6,58,3,4024.4,46,3,4024.1,16,1,4025.0,33,1,4025.9,61,2,4026.0,23,2,4026.1,10,1,4026.2,204,3
11483,2026-07-02 12:21:52+05:30,4024.8,18,4041.05,1112452,142903.0,161890.0,4100.0,4110.0,4012.0,4092.6,24795575,4501.8,3683.4,4440.0,3288.1,4024.8,64,2,4024.7,42,1,4024.6,58,3,4024.4,46,3,4024.1,16,1,4025.0,33,1,4025.9,61,2,4026.0,23,2,4026.1,10,1,4026.2,204,3
11483,2026-07-02 12:21:52+05:30,4024.8,18,4041.05,1112470,142925.0,161858.0,4100.0,4110.0,4012.0,4092.6,24795575,4501.8,3683.4,4440.0,3288.1,4024.8,89,4,4024.7,42,1,4024.6,16,2,4024.5,42,1,4024.4,4,2,4025.0,33,1,4025.9,61,2,4026.0,3,1,4026.1,10,1,4026.2,204,3
11483,2026-07-02 12:21:53+05:30,4024.8,18,4041.05,1112470,142925.0,161858.0,4100.0,4110.0,4012.0,4092.6,24795575,4501.8,3683.4,4440.0,3288.1,4024.8,89,4,4024.7,42,1,4024.6,16,2,4024.5,42,1,4024.4,4,2,4025.0,33,1,4025.9,61,2,4026.0,3,1,4026.1,10,1,4026.2,204,3
11483,2026-07-02 12:21:53+05:30,4024.8,14,4041.05,1112470,142925.0,161858.0,4100.0,4110.0,4012.0,4092.6,24795575,4501.8,3683.4,4440.0,3288.1,4024.8,89,4,4024.7,42,1,4024.6,16,2,4024.5,42,1,4024.4,4,2,4025.0,33,1,4025.9,61,2,4026.0,3,1,4026.1,10,1,4026.2,204,3
11483,2026-07-02 12:21:53+05:30,4024.8,14,4041.05,1112470,142925.0,161858.0,4100.0,4110.0,4012.0,4092.6,24795575,4501.8,3683.4,4440.0,3288.1,4024.8,89,4,4024.7,42,1,4024.6,16,2,4024.5,42,1,4024.4,4,2,4025.0,33,1,4025.9,61,2,4026.0,3,1,4026.1,10,1,4026.2,204,3
11483,2026-07-02 12:21:53+05:30,4024.8,14,4041.05,1112520,142976.0,161903.0,4100.0,4110.0,4012.0,4092.6,24795575,4501.8,3683.4,4440.0,3288.1,4024.8,88,5,4024.7,42,1,4024.6,16,2,4024.5,42,1,4024.4,4,2,4025.0,53,2,4025.9,33,1,4026.0,3,1,4026.1,30,2,4026.2,204,3
11483,2026-07-02 12:21:54+05:30,4024.8,14,4041.05,1112520,142976.0,161903.0,4100.0,4110.0,4012.0,4092.6,24795575,4501.8,3683.4,4440.0,3288.1,4024.8,88,5,4024.7,42,1,4024.6,16,2,4024.5,42,1,4024.4,4,2,4025.0,53,2,4025.9,33,1,4026.0,3,1,4026.1,30,2,4026.2,204,3
11483,2026-07-02 12:21:54+05:30,4025.0,16,4041.05,1112520,142976.0,161903.0,4100.0,4110.0,4012.0,4092.6,24795575,4501.8,3683.4,4440.0,3288.1,4024.8,88,5,4024.7,42,1,4024.6,16,2,4024.5,42,1,4024.4,4,2,4025.0,53,2,4025.9,33,1,4026.0,3,1,4026.1,30,2,4026.2,204,3
11483,2026-07-02 12:21:54+05:30,4025.0,16,4041.05,1112520,142976.0,161903.0,4100.0,4110.0,4012.0,4092.6,24795575,4501.8,3683.4,4440.0,3288.1,4024.8,88,5,4024.7,42,1,4024.6,16,2,4024.5,42,1,4024.4,4,2,4025.0,53,2,4025.9,33,1,4026.0,3,1,4026.1,30,2,4026.2,204,3
11483,2026-07-02 12:21:54+05:30,4025.0,16,4041.05,1112628,142963.0,161917.0,4100.0,4110.0,4012.0,4092.6,24795575,4501.8,3683.4,4440.0,3288.1,4024.8,67,4,4024.7,42,1,4024.6,16,2,4024.5,42,1,4024.4,4,2,4025.0,37,2,4025.9,61,2,4026.0,3,1,4026.1,30,2,4026.2,204,3
11483,2026-07-02 12:21:55+05:30,4025.0,16,4041.05,1112628,142963.0,161917.0,4100.0,4110.0,4012.0,4092.6,24795575,4501.8,3683.4,4440.0,3288.1,4024.8,67,4,4024.7,42,1,4024.6,16,2,4024.5,42,1,4024.4,4,2,4025.0,37,2,4025.9,61,2,4026.0,3,1,4026.1,30,2,4026.2,204,3
11483,2026-07-02 12:21:55+05:30,4024.8,12,4041.05,1112628,142963.0,161917.0,4100.0,4110.0,4012.0,4092.6,24795575,4501.8,3683.4,4440.0,3288.1,4024.8,67,4,4024.7,42,1,4024.6,16,2,4024.5,42,1,4024.4,4,2,4025.0,37,2,4025.9,61,2,4026.0,3,1,4026.1,30,2,4026.2,204,3
11483,2026-07-02 12:21:55+05:30,4024.8,12,4041.05,1112628,142963.0,161917.0,4100.0,4110.0,4012.0,4092.6,24795575,4501.8,3683.4,4440.0,3288.1,4024.8,67,4,4024.7,42,1,4024.6,16,2,4024.5,42,1,4024.4,4,2,4025.0,37,2,4025.9,61,2,4026.0,3,1,4026.1,30,2,4026.2,204,3
11483,2026-07-02 12:21:55+05:30,4024.8,12,4041.05,1112641,142973.0,161916.0,4100.0,4110.0,4012.0,4092.6,24795575,4501.8,3683.4,4440.0,3288.1,4024.8,54,3,4024.7,42,1,4024.6,16,2,4024.5,42,1,4024.4,4,2,4025.0,37,2,4025.9,61,2,4026.1,30,2,4026.2,207,4,4026.3,12,1
11483,2026-07-02 12:21:55+05:30,4024.8,12,4041.05,1112641,142973.0,161916.0,4100.0,4110.0,4012.0,4092.6,24795575,4501.8,3683.4,4440.0,3288.1,4024.8,54,3,4024.7,42,1,4024.6,16,2,4024.5,42,1,4024.4,4,2,4025.0,37,2,4025.9,61,2,4026.1,30,2,4026.2,207,4,4026.3,12,1
11483,2026-07-02 12:21:56+05:30,4024.8,12,4041.05,1112641,142973.0,161916.0,4100.0,4110.0,4012.0,4092.6,24795575,4501.8,3683.4,4440.0,3288.1,4024.8,54,3,4024.7,42,1,4024.6,16,2,4024.5,42,1,4024.4,4,2,4025.0,37,2,4025.9,61,2,4026.1,30,2,4026.2,207,4,4026.3,12,1
11483,2026-07-02 12:21:56+05:30,4024.8,2,4041.05,1112641,142973.0,161916.0,4100.0,4110.0,4012.0,4092.6,24795575,4501.8,3683.4,4440.0,3288.1,4024.8,54,3,4024.7,42,1,4024.6,16,2,4024.5,42,1,4024.4,4,2,4025.0,37,2,4025.9,61,2,4026.1,30,2,4026.2,207,4,4026.3,12,1
11483,2026-07-02 12:21:56+05:30,4024.8,2,4041.05,1112641,142973.0,161916.0,4100.0,4110.0,4012.0,4092.6,24799600,4501.8,3683.4,4440.0,3288.1,4024.8,54,3,4024.7,42,1,4024.6,16,2,4024.5,42,1,4024.4,4,2,4025.0,37,2,4025.9,61,2,4026.1,30,2,4026.2,207,4,4026.3,12,1
11483,2026-07-02 12:21:56+05:30,4024.8,2,4041.05,1112643,142971.0,161917.0,4100.0,4110.0,4012.0,4092.6,24799600,4501.8,3683.4,4440.0,3288.1,4024.8,52,3,4024.7,42,1,4024.6,16,2,4024.5,42,1,4024.4,4,2,4025.0,37,2,4025.9,61,2,4026.1,30,2,4026.2,207,4,4026.3,12,1
11483,2026-07-02 12:21:57+05:30,4024.8,2,4041.05,1112643,142971.0,161917.0,4100.0,4110.0,4012.0,4092.6,24799600,4501.8,3683.4,4440.0,3288.1,4024.8,52,3,4024.7,42,1,4024.6,16,2,4024.5,42,1,4024.4,4,2,4025.0,37,2,4025.9,61,2,4026.1,30,2,4026.2,207,4,4026.3,12,1
11483,2026-07-02 12:21:57+05:30,4025.0,1,4041.05,1112643,142971.0,161917.0,4100.0,4110.0,4012.0,4092.6,24799600,4501.8,3683.4,4440.0,3288.1,4024.8,52,3,4024.7,42,1,4024.6,16,2,4024.5,42,1,4024.4,4,2,4025.0,37,2,4025.9,61,2,4026.1,30,2,4026.2,207,4,4026.3,12,1
11483,2026-07-02 12:21:57+05:30,4025.0,1,4041.05,1112643,142971.0,161917.0,4100.0,4110.0,4012.0,4092.6,24799600,4501.8,3683.4,4440.0,3288.1,4024.8,52,3,4024.7,42,1,4024.6,16,2,4024.5,42,1,4024.4,4,2,4025.0,37,2,4025.9,61,2,4026.1,30,2,4026.2,207,4,4026.3,12,1
11483,2026-07-02 12:21:57+05:30,4025.0,1,4041.05,1112647,142694.0,161521.0,4100.0,4110.0,4012.0,4092.6,24799600,4501.8,3683.4,4440.0,3288.1,4024.8,51,2,4024.7,42,1,4024.6,16,2,4024.5,42,1,4024.4,4,2,4025.8,33,1,4025.9,28,1,4026.0,17,2,4026.1,10,1,4026.2,32,3
11483,2026-07-02 12:21:57+05:30,4025.0,1,4041.05,1112647,142694.0,161521.0,4100.0,4110.0,4012.0,4092.6,24799600,4501.8,3683.4,4440.0,3288.1,4024.8,51,2,4024.7,42,1,4024.6,16,2,4024.5,42,1,4024.4,4,2,4025.8,33,1,4025.9,28,1,4026.0,17,2,4026.1,10,1,4026.2,32,3
11483,2026-07-02 12:21:58+05:30,4025.0,1,4041.05,1112647,142694.0,161521.0,4100.0,4110.0,4012.0,4092.6,24799600,4501.8,3683.4,4440.0,3288.1,4024.8,51,2,4024.7,42,1,4024.6,16,2,4024.5,42,1,4024.4,4,2,4025.8,33,1,4025.9,28,1,4026.0,17,2,4026.1,10,1,4026.2,32,3
11483,2026-07-02 12:21:58+05:30,4025.1,42,4041.05,1112647,142694.0,161521.0,4100.0,4110.0,4012.0,4092.6,24799600,4501.8,3683.4,4440.0,3288.1,4024.8,51,2,4024.7,42,1,4024.6,16,2,4024.5,42,1,4024.4,4,2,4025.8,33,1,4025.9,28,1,4026.0,17,2,4026.1,10,1,4026.2,32,3
11483,2026-07-02 12:21:58+05:30,4025.1,42,4041.05,1112647,142694.0,161521.0,4100.0,4110.0,4012.0,4092.6,24799600,4501.8,3683.4,4440.0,3288.1,4024.8,51,2,4024.7,42,1,4024.6,16,2,4024.5,42,1,4024.4,4,2,4025.8,33,1,4025.9,28,1,4026.0,17,2,4026.1,10,1,4026.2,32,3
11483,2026-07-02 12:21:58+05:30,4025.1,7,4041.05,1112822,142166.0,161882.0,4100.0,4110.0,4012.0,4092.6,24799600,4501.8,3683.4,4440.0,3288.1,4024.8,9,1,4024.6,16,2,4024.4,2,1,4024.3,24,3,4024.1,36,2,4025.1,16,1,4025.8,33,1,4025.9,42,2,4026.0,3,1,4026.1,22,2
11483,2026-07-02 12:21:59+05:30,4025.1,2,4041.05,1112822,142166.0,161882.0,4100.0,4110.0,4012.0,4092.6,24799600,4501.8,3683.4,4440.0,3288.1,4024.8,9,1,4024.6,16,2,4024.4,2,1,4024.3,24,3,4024.1,36,2,4025.1,16,1,4025.8,33,1,4025.9,42,2,4026.0,3,1,4026.1,22,2
11483,2026-07-02 12:21:59+05:30,4025.1,2,4041.05,1112852,142206.0,161876.0,4100.0,4110.0,4012.0,4092.6,24799600,4501.8,3683.4,4440.0,3288.1,4024.8,9,1,4024.6,16,2,4024.4,2,1,4024.3,13,2,4024.1,55,3,4025.1,11,1,4025.8,33,1,4025.9,28,1,4026.0,9,2,4026.1,22,2
11483,2026-07-02 12:22:00+05:30,4024.8,15,4041.05,1112852,142206.0,161876.0,4100.0,4110.0,4012.0,4092.6,24799600,4501.8,3683.4,4440.0,3288.1,4024.8,9,1,4024.6,16,2,4024.4,2,1,4024.3,13,2,4024.1,55,3,4025.1,11,1,4025.8,33,1,4025.9,28,1,4026.0,9,2,4026.1,22,2
11483,2026-07-02 12:22:00+05:30,4024.8,15,4041.05,1112876,142149.0,161929.0,4100.0,4110.0,4012.0,4092.6,24799600,4501.8,3683.4,4440.0,3288.1,4024.8,1,1,4024.6,16,2,4024.4,2,1,4024.3,1,1,4024.0,427,12,4025.0,11,1,4025.1,13,2,4025.8,26,2,4025.9,28,1,4026.0,40,4
11483,2026-07-02 12:22:01+05:30,4025.0,1,4041.05,1112884,142119.0,162011.0,4100.0,4110.0,4012.0,4092.6,24799600,4501.8,3683.4,4440.0,3288.1,4024.6,16,2,4024.4,2,1,4024.3,1,1,4024.0,427,12,4023.9,70,3,4025.0,7,2,4025.1,1,1,4025.8,26,2,4025.9,28,1,4026.0,40,4
11483,2026-07-02 12:22:01+05:30,4024.6,1,4041.05,1112884,142119.0,162011.0,4100.0,4110.0,4012.0,4092.6,24799600,4501.8,3683.4,4440.0,3288.1,4024.6,16,2,4024.4,2,1,4024.3,1,1,4024.0,427,12,4023.9,70,3,4025.0,7,2,4025.1,1,1,4025.8,26,2,4025.9,28,1,4026.0,40,4
11483,2026-07-02 12:22:02+05:30,4024.1,33,4041.05,1112884,142119.0,162011.0,4100.0,4110.0,4012.0,4092.6,24799600,4501.8,3683.4,4440.0,3288.1,4024.6,16,2,4024.4,2,1,4024.3,1,1,4024.0,427,12,4023.9,70,3,4025.0,7,2,4025.1,1,1,4025.8,26,2,4025.9,28,1,4026.0,40,4
11483,2026-07-02 12:22:02+05:30,4024.1,33,4041.05,1112938,143622.0,161934.0,4100.0,4110.0,4012.0,4092.6,24799600,4501.8,3683.4,4440.0,3288.1,4024.1,9,1,4024.0,430,12,4023.9,50,1,4023.8,55,2,4023.7,80,4,4024.3,10,1,4025.0,7,2,4025.1,1,1,4025.8,71,3,4025.9,31,2
11483,2026-07-02 12:22:03+05:30,4024.3,1,4041.05,1112938,143622.0,161934.0,4100.0,4110.0,4012.0,4092.6,24799600,4501.8,3683.4,4440.0,3288.1,4024.1,9,1,4024.0,430,12,4023.9,50,1,4023.8,55,2,4023.7,80,4,4024.3,10,1,4025.0,7,2,4025.1,1,1,4025.8,71,3,4025.9,31,2
11483,2026-07-02 12:22:03+05:30,4024.3,1,4041.05,1112948,143601.0,161812.0,4100.0,4110.0,4012.0,4092.6,24799600,4501.8,3683.4,4440.0,3288.1,4024.1,3,1,4024.0,430,12,4023.9,50,1,4023.8,55,2,4023.7,71,3,4024.3,6,1,4025.0,1,1,4025.1,1,1,4025.8,71,3,4025.9,31,2
11483,2026-07-02 12:22:04+05:30,4024.3,6,4041.05,1112970,143745.0,161545.0,4100.0,4110.0,4012.0,4092.6,24799600,4501.8,3683.4,4440.0,3288.1,4025.0,2,1,4024.2,1,1,4024.1,4,1,4024.0,418,12,4023.8,55,2,4025.1,1,1,4025.8,14,1,4025.9,28,1,4026.0,39,4,4026.1,10,1
11483,2026-07-02 12:22:04+05:30,4025.0,3,4041.05,1112970,143745.0,161545.0,4100.0,4110.0,4012.0,4092.6,24799600,4501.8,3683.4,4440.0,3288.1,4025.0,2,1,4024.2,1,1,4024.1,4,1,4024.0,418,12,4023.8,55,2,4025.1,1,1,4025.8,14,1,4025.9,28,1,4026.0,39,4,4026.1,10,1
11483,2026-07-02 12:22:05+05:30,4025.0,3,4041.05,1112973,143517.0,161488.0,4100.0,4110.0,4012.0,4092.6,24799600,4501.8,3683.4,4440.0,3288.1,4025.0,1,1,4024.2,1,1,4024.1,4,1,4024.0,459,15,4023.8,55,2,4025.1,1,1,4025.9,28,1,4026.0,16,3,4026.1,10,1,4026.2,46,3
11483,2026-07-02 12:22:06+05:30,4025.1,1,4041.05,1112974,144249.0,160946.0,4100.0,4110.0,4012.0,4092.6,24799600,4501.8,3683.4,4440.0,3288.1,4025.1,1,1,4025.0,1,1,4024.3,12,1,4024.2,13,2,4024.1,4,1,4025.9,3,1,4026.0,13,2,4026.1,10,1,4026.2,29,2,4026.4,91,3
11483,2026-07-02 12:22:06+05:30,4025.1,1,4041.05,1112974,144249.0,160946.0,4100.0,4110.0,4012.0,4092.6,24799600,4501.8,3683.4,4440.0,3288.1,4025.1,1,1,4025.0,1,1,4024.3,12,1,4024.2,13,2,4024.1,4,1,4025.9,3,1,4026.0,13,2,4026.1,10,1,4026.2,29,2,4026.4,91,3
11483,2026-07-02 12:22:07+05:30,4025.9,3,4041.05,1112978,144267.0,160634.0,4100.0,4110.0,4012.0,4092.6,24799600,4501.8,3683.4,4440.0,3288.1,4025.9,2,1,4025.1,1,1,4025.0,1,1,4024.7,12,1,4024.4,29,1,4026.0,10,2,4026.1,10,1,4026.2,29,2,4026.3,13,1,4026.4,91,3
11483,2026-07-02 12:22:07+05:30,4025.9,3,4041.05,1112978,144267.0,160634.0,4100.0,4110.0,4012.0,4092.6,24799600,4501.8,3683.4,4440.0,3288.1,4025.9,2,1,4025.1,1,1,4025.0,1,1,4024.7,12,1,4024.4,29,1,4026.0,10,2,4026.1,10,1,4026.2,29,2,4026.3,13,1,4026.4,91,3
11483,2026-07-02 12:22:08+05:30,4025.5,3,4041.04,1112997,144083.0,161116.0,4100.0,4110.0,4012.0,4092.6,24799600,4501.8,3683.4,4440.0,3288.1,4025.1,1,1,4025.0,1,1,4024.3,12,1,4024.0,425,12,4023.9,19,1,4025.5,172,1,4025.6,59,4,4025.7,3,1,4025.8,12,2,4025.9,45,5
11483,2026-07-02 12:22:08+05:30,4025.1,2,4041.04,1112997,144083.0,161116.0,4100.0,4110.0,4012.0,4092.6,24799600,4501.8,3683.4,4440.0,3288.1,4025.1,1,1,4025.0,1,1,4024.3,12,1,4024.0,425,12,4023.9,19,1,4025.5,172,1,4025.6,59,4,4025.7,3,1,4025.8,12,2,4025.9,45,5
11483,2026-07-02 12:22:09+05:30,4025.0,29,4041.04,1113040,144669.0,160734.0,4100.0,4110.0,4012.0,4092.6,24799600,4501.8,3683.4,4440.0,3288.1,4024.3,26,2,4024.1,19,1,4024.0,431,14,4023.9,36,3,4023.8,16,1,4024.9,136,1,4025.6,10,1,4025.9,10,1,4026.0,21,4,4026.1,13,2
11483,2026-07-02 12:22:09+05:30,4024.3,6,4041.04,1113040,144669.0,160734.0,4100.0,4110.0,4012.0,4092.6,24799600,4501.8,3683.4,4440.0,3288.1,4024.3,26,2,4024.1,19,1,4024.0,431,14,4023.9,36,3,4023.8,16,1,4024.9,136,1,4025.6,10,1,4025.9,10,1,4026.0,21,4,4026.1,13,2
11483,2026-07-02 12:22:10+05:30,4024.8,36,4041.04,1113197,144751.0,160541.0,4100.0,4110.0,4012.0,4092.6,24799600,4501.8,3683.4,4440.0,3288.1,4024.8,12,1,4024.7,31,4,4024.6,33,2,4024.5,54,3,4024.4,6,1,4026.0,5,1,4026.1,10,1,4026.2,1,1,4026.4,71,2,4026.6,28,1
11483,2026-07-02 12:22:10+05:30,4024.8,2,4041.04,1113197,144751.0,160541.0,4100.0,4110.0,4012.0,4092.6,24799600,4501.8,3683.4,4440.0,3288.1,4024.8,12,1,4024.7,31,4,4024.6,33,2,4024.5,54,3,4024.4,6,1,4026.0,5,1,4026.1,10,1,4026.2,1,1,4026.4,71,2,4026.6,28,1
11483,2026-07-02 12:22:11+05:30,4024.8,2,4041.04,1113215,144989.0,160589.0,4100.0,4110.0,4012.0,4092.6,24799600,4501.8,3683.4,4440.0,3288.1,4024.8,27,2,4024.7,12,2,4024.6,46,4,4024.5,66,4,4024.4,6,1,4026.0,5,1,4026.1,10,1,4026.2,1,1,4026.4,71,2,4026.6,28,1
11483,2026-07-02 12:22:11+05:30,4024.8,3,4041.04,1113215,144989.0,160589.0,4100.0,4110.0,4012.0,4092.6,24799600,4501.8,3683.4,4440.0,3288.1,4024.8,27,2,4024.7,12,2,4024.6,46,4,4024.5,66,4,4024.4,6,1,4026.0,5,1,4026.1,10,1,4026.2,1,1,4026.4,71,2,4026.6,28,1
11483,2026-07-02 12:22:12+05:30,4024.8,7,4041.04,1113239,144932.0,160671.0,4100.0,4110.0,4012.0,4092.6,24799600,4501.8,3683.4,4440.0,3288.1,4025.4,1,1,4024.8,18,2,4024.7,24,3,4024.6,17,2,4024.5,75,4,4026.0,5,1,4026.1,10,1,4026.2,11,2,4026.4,90,3,4026.6,61,4
11483,2026-07-02 12:22:12+05:30,4025.4,3,4041.04,1113239,144932.0,160671.0,4100.0,4110.0,4012.0,4092.6,24799600,4501.8,3683.4,4440.0,3288.1,4025.4,1,1,4024.8,18,2,4024.7,24,3,4024.6,17,2,4024.5,75,4,4026.0,5,1,4026.1,10,1,4026.2,11,2,4026.4,90,3,4026.6,61,4
11483,2026-07-02 12:22:13+05:30,4025.4,1,4041.04,1113243,145131.0,160925.0,4100.0,4110.0,4012.0,4092.6,24799600,4501.8,3683.4,4440.0,3288.1,4025.4,17,1,4024.8,18,2,4024.7,24,3,4024.6,36,3,4024.5,54,3,4026.0,5,1,4026.1,10,1,4026.2,1,1,4026.4,90,3,4026.5,11,1
11483,2026-07-02 12:22:13+05:30,4025.4,1,4041.04,1113243,145131.0,160925.0,4100.0,4110.0,4012.0,4092.6,24799600,4501.8,3683.4,4440.0,3288.1,4025.4,17,1,4024.8,18,2,4024.7,24,3,4024.6,36,3,4024.5,54,3,4026.0,5,1,4026.1,10,1,4026.2,1,1,4026.4,90,3,4026.5,11,1
11483,2026-07-02 12:22:14+05:30,4025.4,1,4041.04,1113243,145622.0,160952.0,4100.0,4110.0,4012.0,4092.6,24799600,4501.8,3683.4,4440.0,3288.1,4025.0,5,1,4024.9,27,2,4024.8,15,1,4024.7,12,2,4024.6,14,1,4025.4,1,1,4026.0,5,1,4026.1,10,1,4026.2,1,1,4026.4,101,4
11483,2026-07-02 12:22:15+05:30,4025.4,1,4041.04,1113244,145571.0,160953.0,4100.0,4110.0,4012.0,4092.6,24799600,4501.8,3683.4,4440.0,3288.1,4025.0,5,1,4024.9,11,1,4024.7,1,1,4024.5,14,1,4024.3,33,3,4025.4,1,1,4026.0,5,1,4026.1,10,1,4026.2,1,1,4026.4,90,3
11483,2026-07-02 12:22:15+05:30,4025.4,1,4041.04,1113244,145571.0,160953.0,4100.0,4110.0,4012.0,4092.6,24799600,4501.8,3683.4,4440.0,3288.1,4025.0,5,1,4024.9,11,1,4024.7,1,1,4024.5,14,1,4024.3,33,3,4025.4,1,1,4026.0,5,1,4026.1,10,1,4026.2,1,1,4026.4,90,3
11483,2026-07-02 12:22:16+05:30,4025.4,1,4041.04,1113247,145495.0,160672.0,4100.0,4110.0,4012.0,4092.6,24799600,4501.8,3683.4,4440.0,3288.1,4025.9,1,1,4025.0,34,2,4024.9,11,1,4024.7,13,1,4024.5,25,2,4026.1,10,1,4026.2,1,1,4026.4,90,3,4026.6,46,2,4026.8,2,2
11483,2026-07-02 12:22:16+05:30,4025.9,1,4041.04,1113247,145495.0,160672.0,4100.0,4110.0,4012.0,4092.6,24799600,4501.8,3683.4,4440.0,3288.1,4025.9,1,1,4025.0,34,2,4024.9,11,1,4024.7,13,1,4024.5,25,2,4026.1,10,1,4026.2,1,1,4026.4,90,3,4026.6,46,2,4026.8,2,2
11483,2026-07-02 12:22:17+05:30,4025.0,23,4041.04,1113277,145564.0,160767.0,4100.0,4110.0,4012.0,4092.6,24799600,4501.8,3683.4,4440.0,3288.1,4025.1,21,2,4025.0,19,2,4024.8,11,1,4024.7,71,3,4024.5,25,2,4026.1,10,1,4026.2,1,1,4026.4,90,3,4026.6,18,1,4026.8,2,2
11483,2026-07-02 12:22:17+05:30,4025.1,3,4041.04,1113277,145564.0,160767.0,4100.0,4110.0,4012.0,4092.6,24799600,4501.8,3683.4,4440.0,3288.1,4025.1,21,2,4025.0,19,2,4024.8,11,1,4024.7,71,3,4024.5,25,2,4026.1,10,1,4026.2,1,1,4026.4,90,3,4026.6,18,1,4026.8,2,2
11483,2026-07-02 12:22:18+05:30,4025.1,3,4041.04,1113280,145847.0,160822.0,4100.0,4110.0,4012.0,4092.6,24799600,4501.8,3683.4,4440.0,3288.1,4025.1,18,2,4025.0,6,1,4024.7,71,3,4024.5,25,2,4024.4,47,1,4026.1,10,1,4026.2,1,1,4026.4,90,3,4026.6,18,1,4026.8,21,3
11483,2026-07-02 12:22:18+05:30,4025.1,1,4041.04,1113280,145847.0,160822.0,4100.0,4110.0,4012.0,4092.6,24799600,4501.8,3683.4,4440.0,3288.1,4025.1,18,2,4025.0,6,1,4024.7,71,3,4024.5,25,2,4024.4,47,1,4026.1,10,1,4026.2,1,1,4026.4,90,3,4026.6,18,1,4026.8,21,3
11483,2026-07-02 12:22:19+05:30,4025.1,1,4041.04,1113282,145845.0,160823.0,4100.0,4110.0,4012.0,4092.6,24799600,4501.8,3683.4,4440.0,3288.1,4025.1,16,2,4025.0,6,1,4024.7,71,3,4024.5,25,2,4024.4,47,1,4026.1,10,1,4026.2,1,1,4026.4,90,3,4026.6,18,1,4026.8,21,3
11483,2026-07-02 12:22:19+05:30,4025.1,1,4041.04,1113282,145845.0,160823.0,4100.0,4110.0,4012.0,4092.6,24799600,4501.8,3683.4,4440.0,3288.1,4025.1,16,2,4025.0,6,1,4024.7,71,3,4024.5,25,2,4024.4,47,1,4026.1,10,1,4026.2,1,1,4026.4,90,3,4026.6,18,1,4026.8,21,3
11483,2026-07-02 12:22:20+05:30,4025.1,1,4041.04,1113282,145848.0,160816.0,4100.0,4110.0,4012.0,4092.6,24799600,4501.8,3683.4,4440.0,3288.1,4025.1,16,2,4025.0,6,1,4024.7,71,3,4024.5,25,2,4024.4,47,1,4026.1,10,1,4026.2,1,1,4026.4,90,3,4026.6,18,1,4026.8,21,3
11483,2026-07-02 12:22:21+05:30,4026.1,4,4041.04,1113286,145801.0,160819.0,4100.0,4110.0,4012.0,4092.6,24799600,4501.8,3683.4,4440.0,3288.1,4025.1,16,2,4025.0,6,1,4024.7,71,3,4024.5,45,3,4024.3,33,3,4026.1,6,1,4026.2,1,1,4026.4,90,3,4026.6,18,1,4026.8,21,3
11483,2026-07-02 12:22:21+05:30,4026.1,1,4041.04,1113286,145801.0,160819.0,4100.0,4110.0,4012.0,4092.6,24799600,4501.8,3683.4,4440.0,3288.1,4025.1,16,2,4025.0,6,1,4024.7,71,3,4024.5,45,3,4024.3,33,3,4026.1,6,1,4026.2,1,1,4026.4,90,3,4026.6,18,1,4026.8,21,3
11483,2026-07-02 12:22:22+05:30,4026.1,1,4041.04,1113287,145861.0,160825.0,4100.0,4110.0,4012.0,4092.6,24799600,4501.8,3683.4,4440.0,3288.1,4025.6,1,1,4025.1,10,1,4025.0,6,1,4024.7,71,3,4024.6,26,1,4026.1,5,1,4026.2,1,1,4026.4,90,3,4026.6,46,2,4026.8,2,2
11483,2026-07-02 12:22:22+05:30,4025.6,1,4041.04,1113287,145861.0,160825.0,4100.0,4110.0,4012.0,4092.6,24799600,4501.8,3683.4,4440.0,3288.1,4025.6,1,1,4025.1,10,1,4025.0,6,1,4024.7,71,3,4024.6,26,1,4026.1,5,1,4026.2,1,1,4026.4,90,3,4026.6,46,2,4026.8,2,2
11483,2026-07-02 12:22:23+05:30,4025.6,1,4041.04,1113288,145883.0,160832.0,4100.0,4110.0,4012.0,4092.6,24799600,4501.8,3683.4,4440.0,3288.1,4025.6,1,1,4025.1,10,1,4025.0,6,1,4024.7,71,3,4024.6,26,1,4026.1,5,1,4026.2,1,1,4026.4,90,3,4026.6,46,2,4026.8,2,2
11483,2026-07-02 12:22:24+05:30,4026.1,1,4041.04,1113289,145883.0,160824.0,4100.0,4110.0,4012.0,4092.6,24799600,4501.8,3683.4,4440.0,3288.1,4025.6,1,1,4025.1,10,1,4025.0,6,1,4024.7,71,3,4024.6,26,1,4026.1,4,1,4026.2,1,1,4026.4,90,3,4026.6,46,2,4026.8,2,2
11483,2026-07-02 12:22:24+05:30,4026.1,1,4041.04,1113289,145883.0,160824.0,4100.0,4110.0,4012.0,4092.6,24799600,4501.8,3683.4,4440.0,3288.1,4025.6,1,1,4025.1,10,1,4025.0,6,1,4024.7,71,3,4024.6,26,1,4026.1,4,1,4026.2,1,1,4026.4,90,3,4026.6,46,2,4026.8,2,2
11483,2026-07-02 12:22:25+05:30,4026.1,4,4041.04,1113293,146385.0,160832.0,4100.0,4110.0,4012.0,4092.6,24799600,4501.8,3683.4,4440.0,3288.1,4026.1,6,1,4025.6,1,1,4025.1,20,2,4025.0,18,2,4024.8,21,2,4026.2,1,1,4026.4,90,3,4026.6,46,2,4026.8,2,2,4027.0,63,5
11483,2026-07-02 12:22:25+05:30,4026.1,4,4041.04,1113293,146385.0,160832.0,4100.0,4110.0,4012.0,4092.6,24799600,4501.8,3683.4,4440.0,3288.1,4026.1,6,1,4025.6,1,1,4025.1,20,2,4025.0,18,2,4024.8,21,2,4026.2,1,1,4026.4,90,3,4026.6,46,2,4026.8,2,2,4027.0,63,5
11483,2026-07-02 12:22:26+05:30,4026.2,1,4041.04,1113294,146615.0,160477.0,4100.0,4110.0,4012.0,4092.6,24799600,4501.8,3683.4,4440.0,3288.1,4026.2,1,1,4026.1,6,1,4025.6,1,1,4025.1,20,2,4025.0,18,2,4026.4,90,3,4026.6,18,1,4026.8,2,2,4027.0,63,5,4027.1,11,1
11483,2026-07-02 12:22:26+05:30,4026.2,1,4041.04,1113294,146615.0,160477.0,4100.0,4110.0,4012.0,4092.6,24799600,4501.8,3683.4,4440.0,3288.1,4026.2,1,1,4026.1,6,1,4025.6,1,1,4025.1,20,2,4025.0,18,2,4026.4,90,3,4026.6,18,1,4026.8,2,2,4027.0,63,5,4027.1,11,1
11483,2026-07-02 12:22:27+05:30,4026.4,1,4041.04,1113296,146798.0,160488.0,4100.0,4110.0,4012.0,4092.6,24799600,4501.8,3683.4,4440.0,3288.1,4026.2,1,1,4026.1,9,2,4026.0,200,1,4025.6,10,1,4025.5,17,1,4026.4,88,3,4026.6,18,1,4026.8,2,2,4027.0,35,4,4027.2,24,2
11483,2026-07-02 12:22:27+05:30,4026.2,1,4041.04,1113296,146798.0,160488.0,4100.0,4110.0,4012.0,4092.6,24799600,4501.8,3683.4,4440.0,3288.1,4026.2,1,1,4026.1,9,2,4026.0,200,1,4025.6,10,1,4025.5,17,1,4026.4,88,3,4026.6,18,1,4026.8,2,2,4027.0,35,4,4027.2,24,2
11483,2026-07-02 12:22:28+05:30,4026.2,1,4041.04,1113297,146813.0,160489.0,4100.0,4110.0,4012.0,4092.6,24799600,4501.8,3683.4,4440.0,3288.1,4026.2,1,1,4026.1,9,2,4026.0,200,1,4025.6,10,1,4025.5,17,1,4026.4,88,3,4026.6,18,1,4026.8,2,2,4027.0,35,4,4027.2,24,2
11483,2026-07-02 12:22:29+05:30,4026.2,5,4041.04,1113311,146778.0,160446.0,4100.0,4110.0,4012.0,4092.6,24799600,4501.8,3683.4,4440.0,3288.1,4026.1,9,2,4026.0,200,1,4025.6,10,1,4025.5,17,1,4025.3,12,1,4026.4,79,3,4026.6,18,1,4026.8,2,2,4027.0,35,4,4027.2,24,2
11483,2026-07-02 12:22:29+05:30,4026.4,1,4041.04,1113311,146778.0,160446.0,4100.0,4110.0,4012.0,4092.6,24799600,4501.8,3683.4,4440.0,3288.1,4026.1,9,2,4026.0,200,1,4025.6,10,1,4025.5,17,1,4025.3,12,1,4026.4,79,3,4026.6,18,1,4026.8,2,2,4027.0,35,4,4027.2,24,2
11483,2026-07-02 12:22:30+05:30,4026.4,1,4041.04,1113313,146162.0,160512.0,4100.0,4110.0,4012.0,4092.6,24799600,4501.8,3683.4,4440.0,3288.1,4026.1,8,2,4026.0,200,1,4025.6,10,1,4025.3,12,1,4025.1,20,2,4026.4,98,5,4026.5,5,1,4026.6,18,1,4026.8,11,3,4026.9,33,3
11483,2026-07-02 12:22:30+05:30,4026.1,1,4041.04,1113313,146162.0,160512.0,4100.0,4110.0,4012.0,4092.6,24799600,4501.8,3683.4,4440.0,3288.1,4026.1,8,2,4026.0,200,1,4025.6,10,1,4025.3,12,1,4025.1,20,2,4026.4,98,5,4026.5,5,1,4026.6,18,1,4026.8,11,3,4026.9,33,3
11483,2026-07-02 12:22:31+05:30,4026.4,1,4041.04,1113322,146152.0,160508.0,4100.0,4110.0,4012.0,4092.6,24799600,4501.8,3683.4,4440.0,3288.1,4026.1,7,2,4026.0,200,1,4025.6,10,1,4025.3,12,1,4025.1,20,2,4026.4,108,5,4026.5,5,1,4026.6,18,1,4026.8,11,3,4026.9,33,3
11483,2026-07-02 12:22:31+05:30,4026.1,1,4041.04,1113322,146152.0,160508.0,4100.0,4110.0,4012.0,4092.6,24799600,4501.8,3683.4,4440.0,3288.1,4026.1,7,2,4026.0,200,1,4025.6,10,1,4025.3,12,1,4025.1,20,2,4026.4,108,5,4026.5,5,1,4026.6,18,1,4026.8,11,3,4026.9,33,3
11483,2026-07-02 12:22:32+05:30,4026.0,3,4041.04,1113532,145941.0,160680.0,4100.0,4110.0,4012.0,4092.6,24799600,4501.8,3683.4,4440.0,3288.1,4025.6,10,1,4025.1,20,2,4024.7,30,3,4024.6,31,2,4024.5,94,4,4026.0,26,1,4026.3,16,1,4026.4,88,3,4026.6,28,2,4026.7,3,1
11483,2026-07-02 12:22:32+05:30,4025.6,10,4041.04,1113532,145941.0,160680.0,4100.0,4110.0,4012.0,4092.6,24799600,4501.8,3683.4,4440.0,3288.1,4025.6,10,1,4025.1,20,2,4024.7,30,3,4024.6,31,2,4024.5,94,4,4026.0,26,1,4026.3,16,1,4026.4,88,3,4026.6,28,2,4026.7,3,1
11483,2026-07-02 12:22:33+05:30,4025.6,1,4041.04,1113543,145772.0,161892.0,4100.0,4110.0,4012.0,4092.6,24799600,4501.8,3683.4,4440.0,3288.1,4025.1,10,1,4024.7,39,1,4024.6,4,2,4024.5,44,3,4024.4,50,1,4025.6,2,1,4026.0,26,1,4026.4,88,3,4026.6,28,2,4026.7,31,2
11483,2026-07-02 12:22:33+05:30,4026.0,1,4041.04,1113543,145772.0,161892.0,4100.0,4110.0,4012.0,4092.6,24799600,4501.8,3683.4,4440.0,3288.1,4025.1,10,1,4024.7,39,1,4024.6,4,2,4024.5,44,3,4024.4,50,1,4025.6,2,1,4026.0,26,1,4026.4,88,3,4026.6,28,2,4026.7,31,2
11483,2026-07-02 12:22:34+05:30,4026.0,3,4041.04,1113562,145806.0,161913.0,4100.0,4110.0,4012.0,4092.6,24799600,4501.8,3683.4,4440.0,3288.1,4025.2,2,1,4025.1,9,1,4024.8,3,1,4024.7,39,1,4024.6,2,1,4026.0,14,1,4026.4,88,3,4026.6,18,1,4026.7,28,1,4026.8,2,2
11483,2026-07-02 12:22:34+05:30,4025.2,3,4041.04,1113562,145806.0,161913.0,4100.0,4110.0,4012.0,4092.6,24799600,4501.8,3683.4,4440.0,3288.1,4025.2,2,1,4025.1,9,1,4024.8,3,1,4024.7,39,1,4024.6,2,1,4026.0,14,1,4026.4,88,3,4026.6,18,1,4026.7,28,1,4026.8,2,2
11483,2026-07-02 12:22:35+05:30,4025.2,3,4041.04,1113565,145806.0,161915.0,4100.0,4110.0,4012.0,4092.6,24799600,4501.8,3683.4,4440.0,3288.1,4025.2,2,1,4025.1,9,1,4024.8,3,1,4024.7,39,1,4024.6,2,1,4026.0,14,1,4026.4,88,3,4026.6,18,1,4026.7,28,1,4026.8,2,2
11483,2026-07-02 12:22:35+05:30,4026.0,1,4041.04,1113565,145806.0,161915.0,4100.0,4110.0,4012.0,4092.6,24799600,4501.8,3683.4,4440.0,3288.1,4025.2,2,1,4025.1,9,1,4024.8,3,1,4024.7,39,1,4024.6,2,1,4026.0,14,1,4026.4,88,3,4026.6,18,1,4026.7,28,1,4026.8,2,2
11483,2026-07-02 12:22:36+05:30,4026.0,1,4041.04,1113566,145806.0,161915.0,4100.0,4110.0,4012.0,4092.6,24799600,4501.8,3683.4,4440.0,3288.1,4025.2,2,1,4025.1,9,1,4024.8,3,1,4024.7,39,1,4024.6,2,1,4026.0,13,1,4026.4,88,3,4026.6,18,1,4026.7,28,1,4026.8,2,2
11483,2026-07-02 12:22:37+05:30,4026.0,15,4041.04,1113594,145963.0,161825.0,4100.0,4110.0,4012.0,4092.6,24799600,4501.8,3683.4,4440.0,3288.1,4025.3,15,1,4025.2,9,2,4025.1,9,1,4024.8,10,1,4024.7,3,1,4026.0,2,1,4026.4,88,3,4026.6,18,1,4026.8,2,2,4026.9,37,3
11483,2026-07-02 12:22:37+05:30,4025.3,6,4041.04,1113594,145963.0,161825.0,4100.0,4110.0,4012.0,4092.6,24799600,4501.8,3683.4,4440.0,3288.1,4025.3,15,1,4025.2,9,2,4025.1,9,1,4024.8,10,1,4024.7,3,1,4026.0,2,1,4026.4,88,3,4026.6,18,1,4026.8,2,2,4026.9,37,3
11483,2026-07-02 12:22:38+05:30,4025.3,1,4041.04,1113654,145985.0,161847.0,4100.0,4110.0,4012.0,4092.6,24799600,4501.8,3683.4,4440.0,3288.1,4025.3,41,3,4025.2,9,3,4025.1,22,2,4025.0,14,1,4024.8,25,2,4026.0,17,1,4026.4,88,3,4026.6,18,1,4026.8,2,2,4027.0,20,3
11483,2026-07-02 12:22:38+05:30,4025.3,2,4041.04,1113654,145985.0,161847.0,4100.0,4110.0,4012.0,4092.6,24799600,4501.8,3683.4,4440.0,3288.1,4025.3,41,3,4025.2,9,3,4025.1,22,2,4025.0,14,1,4024.8,25,2,4026.0,17,1,4026.4,88,3,4026.6,18,1,4026.8,2,2,4027.0,20,3
11483,2026-07-02 12:22:39+05:30,4025.3,10,4041.04,1113683,145801.0,161972.0,4100.0,4110.0,4012.0,4092.6,24799600,4501.8,3683.4,4440.0,3288.1,4025.2,2,1,4025.1,9,1,4024.7,12,1,4024.5,55,3,4024.4,52,2,4026.0,33,2,4026.4,88,3,4026.5,3,1,4026.6,46,2,4026.7,47,3
11483,2026-07-02 12:22:39+05:30,4025.2,3,4041.04,1113683,145801.0,161972.0,4100.0,4110.0,4012.0,4092.6,24799600,4501.8,3683.4,4440.0,3288.1,4025.2,2,1,4025.1,9,1,4024.7,12,1,4024.5,55,3,4024.4,52,2,4026.0,33,2,4026.4,88,3,4026.5,3,1,4026.6,46,2,4026.7,47,3
11483,2026-07-02 12:22:40+05:30,4026.0,1,4041.04,1113687,145817.0,161935.0,4100.0,4110.0,4012.0,4092.6,24799600,4501.8,3683.4,4440.0,3288.1,4025.2,2,1,4025.1,9,1,4024.7,12,1,4024.5,55,3,4024.4,2,1,4026.0,38,3,4026.4,88,3,4026.5,21,2,4026.6,46,2,4026.7,47,3
11483,2026-07-02 12:22:40+05:30,4025.2,1,4041.04,1113687,145817.0,161935.0,4100.0,4110.0,4012.0,4092.6,24799600,4501.8,3683.4,4440.0,3288.1,4025.2,2,1,4025.1,9,1,4024.7,12,1,4024.5,55,3,4024.4,2,1,4026.0,38,3,4026.4,88,3,4026.5,21,2,4026.6,46,2,4026.7,47,3
11483,2026-07-02 12:22:41+05:30,4025.2,2,4041.04,1113691,145855.0,161919.0,4100.0,4110.0,4012.0,4092.6,24799600,4501.8,3683.4,4440.0,3288.1,4025.2,22,3,4025.1,9,1,4025.0,5,1,4024.9,10,1,4024.7,12,1,4026.0,38,3,4026.4,88,3,4026.6,46,2,4026.8,24,3,4026.9,18,2
11483,2026-07-02 12:22:41+05:30,4026.0,1,4041.04,1113691,145855.0,161919.0,4100.0,4110.0,4012.0,4092.6,24799600,4501.8,3683.4,4440.0,3288.1,4025.2,22,3,4025.1,9,1,4025.0,5,1,4024.9,10,1,4024.7,12,1,4026.0,38,3,4026.4,88,3,4026.6,46,2,4026.8,24,3,4026.9,18,2
11483,2026-07-02 12:22:42+05:30,4026.0,1,4041.04,1113692,145868.0,161922.0,4100.0,4110.0,4012.0,4092.6,24799600,4501.8,3683.4,4440.0,3288.1,4025.6,1,1,4025.2,22,3,4025.1,9,1,4025.0,5,1,4024.9,10,1,4026.0,37,3,4026.4,88,3,4026.6,46,2,4026.8,24,3,4026.9,18,2
11483,2026-07-02 12:22:42+05:30,4026.0,12,4041.04,1113692,145868.0,161922.0,4100.0,4110.0,4012.0,4092.6,24799600,4501.8,3683.4,4440.0,3288.1,4025.6,1,1,4025.2,22,3,4025.1,9,1,4025.0,5,1,4024.9,10,1,4026.0,37,3,4026.4,88,3,4026.6,46,2,4026.8,24,3,4026.9,18,2
11483,2026-07-02 12:22:43+05:30,4026.0,12,4041.03,1113717,145870.0,161861.0,4100.0,4110.0,4012.0,4092.6,24799600,4501.8,3683.4,4440.0,3288.1,4025.6,1,1,4025.3,2,1,4025.2,20,2,4025.1,9,1,4025.0,5,1,4026.0,29,3,4026.4,88,3,4026.6,18,1,4026.8,24,3,4027.0,51,5
11483,2026-07-02 12:22:43+05:30,4026.0,17,4041.03,1113717,145870.0,161861.0,4100.0,4110.0,4012.0,4092.6,24799600,4501.8,3683.4,4440.0,3288.1,4025.6,1,1,4025.3,2,1,4025.2,20,2,4025.1,9,1,4025.0,5,1,4026.0,29,3,4026.4,88,3,4026.6,18,1,4026.8,24,3,4027.0,51,5
11483,2026-07-02 12:22:44+05:30,4025.3,4,4041.03,1113753,145839.0,161944.0,4100.0,4110.0,4012.0,4092.6,24799600,4501.8,3683.4,4440.0,3288.1,4025.3,2,1,4025.2,20,2,4025.1,9,1,4025.0,5,1,4024.9,10,1,4026.0,35,2,4026.4,88,3,4026.6,18,1,4026.8,34,4,4026.9,18,2
11483,2026-07-02 12:22:44+05:30,4026.0,7,4041.03,1113753,145839.0,161944.0,4100.0,4110.0,4012.0,4092.6,24799600,4501.8,3683.4,4440.0,3288.1,4025.3,2,1,4025.2,20,2,4025.1,9,1,4025.0,5,1,4024.9,10,1,4026.0,35,2,4026.4,88,3,4026.6,18,1,4026.8,34,4,4026.9,18,2
11483,2026-07-02 12:22:45+05:30,4024.9,3,4041.03,1113821,146128.0,161678.0,4100.0,4110.0,4012.0,4092.6,24799600,4501.8,3683.4,4440.0,3288.1,4025.3,24,1,4025.1,10,1,4025.0,39,3,4024.9,31,2,4024.8,26,1,4026.4,88,3,4026.6,18,1,4026.8,2,2,4027.0,48,4,4027.1,28,2
11483,2026-07-02 12:22:45+05:30,4025.3,8,4041.03,1113821,146128.0,161678.0,4100.0,4110.0,4012.0,4092.6,24799600,4501.8,3683.4,4440.0,3288.1,4025.3,24,1,4025.1,10,1,4025.0,39,3,4024.9,31,2,4024.8,26,1,4026.4,88,3,4026.6,18,1,4026.8,2,2,4027.0,48,4,4027.1,28,2
11483,2026-07-02 12:22:46+05:30,4026.4,7,4041.03,1113836,146239.0,161522.0,4100.0,4110.0,4012.0,4092.6,24799600,4501.8,3683.4,4440.0,3288.1,4025.8,2,2,4025.3,16,1,4025.0,39,3,4024.9,7,1,4024.8,26,1,4026.4,81,3,4026.6,18,1,4026.8,2,2,4027.0,48,4,4027.1,28,2
11483,2026-07-02 12:22:46+05:30,4025.8,1,4041.03,1113836,146239.0,161522.0,4100.0,4110.0,4012.0,4092.6,24799600,4501.8,3683.4,4440.0,3288.1,4025.8,2,2,4025.3,16,1,4025.0,39,3,4024.9,7,1,4024.8,26,1,4026.4,81,3,4026.6,18,1,4026.8,2,2,4027.0,48,4,4027.1,28,2
11483,2026-07-02 12:22:47+05:30,4025.8,1,4041.03,1113838,146244.0,161577.0,4100.0,4110.0,4012.0,4092.6,24799600,4501.8,3683.4,4440.0,3288.1,4025.8,2,2,4025.3,16,1,4025.0,39,3,4024.9,7,1,4024.8,26,1,4026.4,82,4,4026.6,18,1,4026.8,2,2,4027.0,48,4,4027.1,28,2
11483,2026-07-02 12:22:47+05:30,4026.4,1,4041.03,1113838,146244.0,161577.0,4100.0,4110.0,4012.0,4092.6,24799600,4501.8,3683.4,4440.0,3288.1,4025.8,2,2,4025.3,16,1,4025.0,39,3,4024.9,7,1,4024.8,26,1,4026.4,82,4,4026.6,18,1,4026.8,2,2,4027.0,48,4,4027.1,28,2
11483,2026-07-02 12:22:48+05:30,4025.2,61,4041.03,1113919,145894.0,161681.0,4100.0,4110.0,4012.0,4092.6,24799600,4501.8,3683.4,4440.0,3288.1,4025.1,5,1,4024.8,26,1,4024.7,39,1,4024.5,105,4,4024.4,50,1,4025.2,150,1,4026.4,81,4,4026.6,46,2,4026.7,3,1,4026.8,194,5
11483,2026-07-02 12:22:48+05:30,4025.1,5,4041.03,1113919,145894.0,161681.0,4100.0,4110.0,4012.0,4092.6,24799600,4501.8,3683.4,4440.0,3288.1,4025.1,5,1,4024.8,26,1,4024.7,39,1,4024.5,105,4,4024.4,50,1,4025.2,150,1,4026.4,81,4,4026.6,46,2,4026.7,3,1,4026.8,194,5
11483,2026-07-02 12:22:49+05:30,4025.1,5,4041.03,1113929,145692.0,162288.0,4100.0,4110.0,4012.0,4092.6,24799600,4501.8,3683.4,4440.0,3288.1,4025.1,22,1,4024.8,1,1,4024.5,58,3,4024.3,70,3,4024.2,64,4,4025.2,150,1,4026.4,81,4,4026.6,59,3,4026.7,6,2,4026.8,194,5
11483,2026-07-02 12:22:49+05:30,4025.1,1,4041.03,1113929,145692.0,162288.0,4100.0,4110.0,4012.0,4092.6,24799600,4501.8,3683.4,4440.0,3288.1,4025.1,22,1,4024.8,1,1,4024.5,58,3,4024.3,70,3,4024.2,64,4,4025.2,150,1,4026.4,81,4,4026.6,59,3,4026.7,6,2,4026.8,194,5
11483,2026-07-02 12:22:50+05:30,4025.1,1,4041.03,1113932,145706.0,162287.0,4100.0,4110.0,4012.0,4092.6,24799600,4501.8,3683.4,4440.0,3288.1,4025.1,19,1,4024.8,1,1,4024.5,58,3,4024.3,70,3,4024.2,62,3,4025.2,150,1,4026.4,80,3,4026.6,58,4,4026.7,3,1,4026.8,194,5
11483,2026-07-02 12:22:50+05:30,4025.1,1,4041.03,1113932,145706.0,162287.0,4100.0,4110.0,4012.0,4092.6,24799600,4501.8,3683.4,4440.0,3288.1,4025.1,19,1,4024.8,1,1,4024.5,58,3,4024.3,70,3,4024.2,62,3,4025.2,150,1,4026.4,80,3,4026.6,58,4,4026.7,3,1,4026.8,194,5
11483,2026-07-02 12:22:50+05:30,4025.1,14,4041.03,1113946,145675.0,162327.0,4100.0,4110.0,4012.0,4092.6,24799600,4501.8,3683.4,4440.0,3288.1,4025.1,5,1,4024.5,34,2,4024.4,9,1,4024.3,70,3,4024.2,60,2,4025.2,150,1,4026.3,39,2,4026.4,80,3,4026.5,5,1,4026.6,82,5
11483,2026-07-02 12:22:51+05:30,4025.2,5,4041.03,1113946,145675.0,162327.0,4100.0,4110.0,4012.0,4092.6,24799600,4501.8,3683.4,4440.0,3288.1,4025.1,5,1,4024.5,34,2,4024.4,9,1,4024.3,70,3,4024.2,60,2,4025.2,150,1,4026.3,39,2,4026.4,80,3,4026.5,5,1,4026.6,82,5
11483,2026-07-02 12:22:51+05:30,4025.2,5,4041.03,1113957,145678.0,162332.0,4100.0,4110.0,4012.0,4092.6,24799600,4501.8,3683.4,4440.0,3288.1,4025.1,3,1,4025.0,10,1,4024.5,34,2,4024.4,9,1,4024.3,70,3,4025.2,141,1,4026.3,39,2,4026.4,95,4,4026.5,5,1,4026.6,79,4
11483,2026-07-02 12:22:52+05:30,4025.2,3,4041.03,1113957,145678.0,162332.0,4100.0,4110.0,4012.0,4092.6,24799600,4501.8,3683.4,4440.0,3288.1,4025.1,3,1,4025.0,10,1,4024.5,34,2,4024.4,9,1,4024.3,70,3,4025.2,141,1,4026.3,39,2,4026.4,95,4,4026.5,5,1,4026.6,79,4
11483,2026-07-02 12:22:52+05:30,4025.2,3,4041.03,1113961,145741.0,162130.0,4100.0,4110.0,4012.0,4092.6,24799600,4501.8,3683.4,4440.0,3288.1,4025.1,3,2,4025.0,10,1,4024.5,34,2,4024.4,9,1,4024.3,70,3,4025.2,138,1,4026.3,39,2,4026.4,95,4,4026.6,79,4,4026.7,3,1
11483,2026-07-02 12:22:52+05:30,4025.2,3,4041.03,1113961,145741.0,162130.0,4100.0,4110.0,4012.0,4092.6,24799600,4501.8,3683.4,4440.0,3288.1,4025.1,3,2,4025.0,10,1,4024.5,34,2,4024.4,9,1,4024.3,70,3,4025.2,138,1,4026.3,39,2,4026.4,95,4,4026.6,79,4,4026.7,3,1
11483,2026-07-02 12:22:53+05:30,4025.2,3,4041.03,1113961,145741.0,162130.0,4100.0,4110.0,4012.0,4092.6,24799600,4501.8,3683.4,4440.0,3288.1,4025.1,3,2,4025.0,10,1,4024.5,34,2,4024.4,9,1,4024.3,70,3,4025.2,138,1,4026.3,39,2,4026.4,95,4,4026.6,79,4,4026.7,3,1
11483,2026-07-02 12:22:53+05:30,4025.1,1,4041.03,1114086,145782.0,161555.0,4100.0,4110.0,4012.0,4092.6,24799600,4501.8,3683.4,4440.0,3288.1,4025.1,8,2,4025.0,11,2,4024.6,16,2,4024.5,39,3,4024.3,109,6,4025.2,16,1,4026.4,80,3,4026.5,3,1,4026.6,46,2,4026.8,17,4
11483,2026-07-02 12:22:53+05:30,4025.1,2,4041.03,1114086,145782.0,161555.0,4100.0,4110.0,4012.0,4092.6,24799600,4501.8,3683.4,4440.0,3288.1,4025.1,8,2,4025.0,11,2,4024.6,16,2,4024.5,39,3,4024.3,109,6,4025.2,16,1,4026.4,80,3,4026.5,3,1,4026.6,46,2,4026.8,17,4
11483,2026-07-02 12:22:53+05:30,4025.1,2,4041.03,1114086,145782.0,161555.0,4100.0,4110.0,4012.0,4092.6,24799600,4501.8,3683.4,4440.0,3288.1,4025.1,8,2,4025.0,11,2,4024.6,16,2,4024.5,39,3,4024.3,109,6,4025.2,16,1,4026.4,80,3,4026.5,3,1,4026.6,46,2,4026.8,17,4
11483,2026-07-02 12:22:54+05:30,4025.1,2,4041.03,1114086,145782.0,161555.0,4100.0,4110.0,4012.0,4092.6,24799600,4501.8,3683.4,4440.0,3288.1,4025.1,8,2,4025.0,11,2,4024.6,16,2,4024.5,39,3,4024.3,109,6,4025.2,16,1,4026.4,80,3,4026.5,3,1,4026.6,46,2,4026.8,17,4
11483,2026-07-02 12:22:54+05:30,4025.2,1,4041.03,1114086,145782.0,161555.0,4100.0,4110.0,4012.0,4092.6,24799600,4501.8,3683.4,4440.0,3288.1,4025.1,8,2,4025.0,11,2,4024.6,16,2,4024.5,39,3,4024.3,109,6,4025.2,16,1,4026.4,80,3,4026.5,3,1,4026.6,46,2,4026.8,17,4
11483,2026-07-02 12:22:54+05:30,4025.2,1,4041.03,1114105,146023.0,161434.0,4100.0,4110.0,4012.0,4092.6,24799600,4501.8,3683.4,4440.0,3288.1,4025.1,20,3,4025.0,11,2,4024.6,55,3,4024.5,39,3,4024.4,10,1,4025.2,12,1,4026.4,80,3,4026.5,3,1,4026.6,46,2,4026.8,17,4
11483,2026-07-02 12:22:54+05:30,4025.2,1,4041.03,1114105,146023.0,161434.0,4100.0,4110.0,4012.0,4092.6,24799600,4501.8,3683.4,4440.0,3288.1,4025.1,20,3,4025.0,11,2,4024.6,55,3,4024.5,39,3,4024.4,10,1,4025.2,12,1,4026.4,80,3,4026.5,3,1,4026.6,46,2,4026.8,17,4
11483,2026-07-02 12:22:55+05:30,4025.2,1,4041.03,1114105,146023.0,161434.0,4100.0,4110.0,4012.0,4092.6,24799600,4501.8,3683.4,4440.0,3288.1,4025.1,20,3,4025.0,11,2,4024.6,55,3,4024.5,39,3,4024.4,10,1,4025.2,12,1,4026.4,80,3,4026.5,3,1,4026.6,46,2,4026.8,17,4
11483,2026-07-02 12:22:55+05:30,4025.2,1,4041.03,1114105,146023.0,161434.0,4100.0,4110.0,4012.0,4092.6,24799600,4501.8,3683.4,4440.0,3288.1,4025.1,20,3,4025.0,11,2,4024.6,55,3,4024.5,39,3,4024.4,10,1,4025.2,12,1,4026.4,80,3,4026.5,3,1,4026.6,46,2,4026.8,17,4
11483,2026-07-02 12:22:55+05:30,4025.2,1,4041.03,1114108,146021.0,161433.0,4100.0,4110.0,4012.0,4092.6,24799600,4501.8,3683.4,4440.0,3288.1,4025.1,18,2,4025.0,11,2,4024.6,55,3,4024.5,39,3,4024.4,10,1,4025.2,11,1,4026.4,80,3,4026.5,3,1,4026.6,46,2,4026.8,17,4
11483,2026-07-02 12:22:56+05:30,4025.2,1,4041.03,1114108,146021.0,161433.0,4100.0,4110.0,4012.0,4092.6,24799600,4501.8,3683.4,4440.0,3288.1,4025.1,18,2,4025.0,11,2,4024.6,55,3,4024.5,39,3,4024.4,10,1,4025.2,11,1,4026.4,80,3,4026.5,3,1,4026.6,46,2,4026.8,17,4
11483,2026-07-02 12:22:56+05:30,4025.2,1,4041.03,1114108,146013.0,161466.0,4100.0,4110.0,4012.0,4092.6,24799600,4501.8,3683.4,4440.0,3288.1,4025.1,19,3,4025.0,11,2,4024.6,55,3,4024.5,39,3,4024.4,10,1,4025.2,11,1,4026.4,80,3,4026.5,3,1,4026.6,46,2,4026.8,17,4
11483,2026-07-02 12:22:57+05:30,4025.2,1,4041.03,1114108,146013.0,161466.0,4100.0,4110.0,4012.0,4092.6,24801525,4501.8,3683.4,4440.0,3288.1,4025.1,19,3,4025.0,11,2,4024.6,55,3,4024.5,39,3,4024.4,10,1,4025.2,11,1,4026.4,80,3,4026.5,3,1,4026.6,46,2,4026.8,17,4
11483,2026-07-02 12:22:57+05:30,4025.2,5,4041.03,1114108,146013.0,161466.0,4100.0,4110.0,4012.0,4092.6,24801525,4501.8,3683.4,4440.0,3288.1,4025.1,19,3,4025.0,11,2,4024.6,55,3,4024.5,39,3,4024.4,10,1,4025.2,11,1,4026.4,80,3,4026.5,3,1,4026.6,46,2,4026.8,17,4
11483,2026-07-02 12:22:57+05:30,4025.2,5,4041.03,1114113,146036.0,161465.0,4100.0,4110.0,4012.0,4092.6,24801525,4501.8,3683.4,4440.0,3288.1,4025.1,19,3,4025.0,11,2,4024.6,55,3,4024.5,48,4,4024.4,10,1,4025.2,6,1,4026.0,100,1,4026.4,80,3,4026.5,3,1,4026.6,46,2
11483,2026-07-02 12:22:57+05:30,4025.2,5,4041.03,1114113,146036.0,161465.0,4100.0,4110.0,4012.0,4092.6,24801525,4501.8,3683.4,4440.0,3288.1,4025.1,19,3,4025.0,11,2,4024.6,55,3,4024.5,48,4,4024.4,10,1,4025.2,6,1,4026.0,100,1,4026.4,80,3,4026.5,3,1,4026.6,46,2
11483,2026-07-02 12:22:58+05:30,4025.2,5,4041.03,1114113,146036.0,161465.0,4100.0,4110.0,4012.0,4092.6,24801525,4501.8,3683.4,4440.0,3288.1,4025.1,19,3,4025.0,11,2,4024.6,55,3,4024.5,48,4,4024.4,10,1,4025.2,6,1,4026.0,100,1,4026.4,80,3,4026.5,3,1,4026.6,46,2
11483,2026-07-02 12:22:58+05:30,4025.1,1,4041.03,1114114,146021.0,161589.0,4100.0,4110.0,4012.0,4092.6,24801525,4501.8,3683.4,4440.0,3288.1,4025.1,18,3,4025.0,11,2,4024.8,9,1,4024.6,55,3,4024.5,48,4,4025.2,6,1,4026.0,100,1,4026.4,80,3,4026.5,3,1,4026.6,46,2
11483,2026-07-02 12:22:58+05:30,4025.1,1,4041.03,1114114,146021.0,161589.0,4100.0,4110.0,4012.0,4092.6,24801525,4501.8,3683.4,4440.0,3288.1,4025.1,18,3,4025.0,11,2,4024.8,9,1,4024.6,55,3,4024.5,48,4,4025.2,6,1,4026.0,100,1,4026.4,80,3,4026.5,3,1,4026.6,46,2
11483,2026-07-02 12:22:58+05:30,4025.1,1,4041.03,1114114,146021.0,161589.0,4100.0,4110.0,4012.0,4092.6,24801525,4501.8,3683.4,4440.0,3288.1,4025.1,18,3,4025.0,11,2,4024.8,9,1,4024.6,55,3,4024.5,48,4,4025.2,6,1,4026.0,100,1,4026.4,80,3,4026.5,3,1,4026.6,46,2
11483,2026-07-02 12:22:59+05:30,4025.1,2,4041.03,1114124,146334.0,161625.0,4100.0,4110.0,4012.0,4092.6,24801525,4501.8,3683.4,4440.0,3288.1,4025.1,24,3,4025.0,11,2,4024.8,23,2,4024.7,12,1,4024.6,47,2,4026.0,100,1,4026.4,80,3,4026.6,46,2,4026.8,22,4,4026.9,11,1
11483,2026-07-02 12:22:59+05:30,4025.1,1,4041.03,1114124,146334.0,161625.0,4100.0,4110.0,4012.0,4092.6,24801525,4501.8,3683.4,4440.0,3288.1,4025.1,24,3,4025.0,11,2,4024.8,23,2,4024.7,12,1,4024.6,47,2,4026.0,100,1,4026.4,80,3,4026.6,46,2,4026.8,22,4,4026.9,11,1
11483,2026-07-02 12:23:00+05:30,4025.1,2,4041.03,1114141,146277.0,161636.0,4100.0,4110.0,4012.0,4092.6,24801525,4501.8,3683.4,4440.0,3288.1,4025.2,1,1,4025.0,11,2,4024.8,9,1,4024.7,12,1,4024.6,47,2,4026.0,101,2,4026.4,80,3,4026.6,46,2,4026.8,22,4,4026.9,14,2
11483,2026-07-02 12:23:00+05:30,4025.2,1,4041.03,1114141,146277.0,161636.0,4100.0,4110.0,4012.0,4092.6,24801525,4501.8,3683.4,4440.0,3288.1,4025.2,1,1,4025.0,11,2,4024.8,9,1,4024.7,12,1,4024.6,47,2,4026.0,101,2,4026.4,80,3,4026.6,46,2,4026.8,22,4,4026.9,14,2
11483,2026-07-02 12:23:01+05:30,4026.0,24,4041.03,1114167,146231.0,161652.0,4100.0,4110.0,4012.0,4092.6,24801525,4501.8,3683.4,4440.0,3288.1,4025.7,2,2,4025.0,28,4,4024.7,25,2,4024.6,30,1,4024.5,66,4,4026.0,77,2,4026.4,80,3,4026.6,18,1,4026.8,8,3,4026.9,11,1
11483,2026-07-02 12:23:01+05:30,4025.7,1,4041.03,1114167,146231.0,161652.0,4100.0,4110.0,4012.0,4092.6,24801525,4501.8,3683.4,4440.0,3288.1,4025.7,2,2,4025.0,28,4,4024.7,25,2,4024.6,30,1,4024.5,66,4,4026.0,77,2,4026.4,80,3,4026.6,18,1,4026.8,8,3,4026.9,11,1
11483,2026-07-02 12:23:02+05:30,4026.0,1,4041.03,1114171,146326.0,161636.0,4100.0,4110.0,4012.0,4092.6,24801525,4501.8,3683.4,4440.0,3288.1,4025.8,1,1,4025.7,2,2,4025.0,40,5,4024.7,25,2,4024.6,30,1,4026.0,76,2,4026.4,80,3,4026.6,18,1,4026.8,8,3,4026.9,11,1
11483,2026-07-02 12:23:02+05:30,4025.8,1,4041.03,1114171,146326.0,161636.0,4100.0,4110.0,4012.0,4092.6,24801525,4501.8,3683.4,4440.0,3288.1,4025.8,1,1,4025.7,2,2,4025.0,40,5,4024.7,25,2,4024.6,30,1,4026.0,76,2,4026.4,80,3,4026.6,18,1,4026.8,8,3,4026.9,11,1
11483,2026-07-02 12:23:03+05:30,4026.0,1,4041.03,1114174,146363.0,161649.0,4100.0,4110.0,4012.0,4092.6,24801525,4501.8,3683.4,4440.0,3288.1,4025.7,2,2,4025.0,40,5,4024.7,25,2,4024.6,30,1,4024.5,66,4,4026.0,75,2,4026.4,80,3,4026.6,18,1,4026.8,8,3,4026.9,3,1
11483,2026-07-02 12:23:03+05:30,4026.0,1,4041.03,1114174,146363.0,161649.0,4100.0,4110.0,4012.0,4092.6,24801525,4501.8,3683.4,4440.0,3288.1,4025.7,2,2,4025.0,40,5,4024.7,25,2,4024.6,30,1,4024.5,66,4,4026.0,75,2,4026.4,80,3,4026.6,18,1,4026.8,8,3,4026.9,3,1
11483,2026-07-02 12:23:04+05:30,4026.0,1,4041.03,1114174,146373.0,161715.0,4100.0,4110.0,4012.0,4092.6,24801525,4501.8,3683.4,4440.0,3288.1,4025.8,2,1,4025.7,2,2,4025.0,41,5,4024.7,25,2,4024.6,30,1,4026.0,75,2,4026.4,80,3,4026.6,46,2,4026.8,8,3,4026.9,3,1
11483,2026-07-02 12:23:05+05:30,4026.0,1,4041.03,1114174,146372.0,161712.0,4100.0,4110.0,4012.0,4092.6,24801525,4501.8,3683.4,4440.0,3288.1,4025.8,2,1,4025.7,2,2,4025.0,41,5,4024.8,8,1,4024.7,25,2,4026.0,75,2,4026.4,80,3,4026.6,46,2,4026.8,8,3,4027.0,51,5
11483,2026-07-02 12:23:06+05:30,4026.0,7,4041.03,1114181,146549.0,161717.0,4100.0,4110.0,4012.0,4092.6,24801525,4501.8,3683.4,4440.0,3288.1,4025.8,2,1,4025.7,2,2,4025.0,41,5,4024.8,8,1,4024.7,25,2,4026.0,68,2,4026.4,80,3,4026.6,46,2,4026.8,8,3,4026.9,3,1
11483,2026-07-02 12:23:06+05:30,4025.8,1,4041.03,1114181,146549.0,161717.0,4100.0,4110.0,4012.0,4092.6,24801525,4501.8,3683.4,4440.0,3288.1,4025.8,2,1,4025.7,2,2,4025.0,41,5,4024.8,8,1,4024.7,25,2,4026.0,68,2,4026.4,80,3,4026.6,46,2,4026.8,8,3,4026.9,3,1
11483,2026-07-02 12:23:07+05:30,4026.0,18,4041.03,1114200,146477.0,161713.0,4100.0,4110.0,4012.0,4092.6,24801525,4501.8,3683.4,4440.0,3288.1,4025.7,2,2,4025.0,41,5,4024.8,8,1,4024.7,25,2,4024.6,30,1,4026.0,50,2,4026.4,80,3,4026.6,46,2,4026.8,8,3,4026.9,3,1
11483,2026-07-02 12:23:07+05:30,4025.7,1,4041.03,1114200,146477.0,161713.0,4100.0,4110.0,4012.0,4092.6,24801525,4501.8,3683.4,4440.0,3288.1,4025.7,2,2,4025.0,41,5,4024.8,8,1,4024.7,25,2,4024.6,30,1,4026.0,50,2,4026.4,80,3,4026.6,46,2,4026.8,8,3,4026.9,3,1
11483,2026-07-02 12:23:08+05:30,4025.7,1,4041.03,1114202,146779.0,161449.0,4100.0,4110.0,4012.0,4092.6,24801525,4501.8,3683.4,4440.0,3288.1,4025.7,1,1,4025.1,41,4,4025.0,55,6,4024.9,8,1,4024.8,1,1,4025.9,1,1,4026.0,49,1,4026.4,80,3,4026.6,18,1,4026.8,8,3
11483,2026-07-02 12:23:08+05:30,4025.7,1,4041.03,1114202,146779.0,161449.0,4100.0,4110.0,4012.0,4092.6,24801525,4501.8,3683.4,4440.0,3288.1,4025.7,1,1,4025.1,41,4,4025.0,55,6,4024.9,8,1,4024.8,1,1,4025.9,1,1,4026.0,49,1,4026.4,80,3,4026.6,18,1,4026.8,8,3
11483,2026-07-02 12:23:09+05:30,4025.9,1,4041.03,1114204,146295.0,161633.0,4100.0,4110.0,4012.0,4092.6,24801525,4501.8,3683.4,4440.0,3288.1,4025.1,11,1,4025.0,21,3,4024.7,12,1,4024.5,88,4,4024.4,50,1,4026.0,49,1,4026.4,80,3,4026.6,29,2,4026.7,39,2,4026.8,16,4
11483,2026-07-02 12:23:09+05:30,4025.9,1,4041.03,1114204,146295.0,161633.0,4100.0,4110.0,4012.0,4092.6,24801525,4501.8,3683.4,4440.0,3288.1,4025.1,11,1,4025.0,21,3,4024.7,12,1,4024.5,88,4,4024.4,50,1,4026.0,49,1,4026.4,80,3,4026.6,29,2,4026.7,39,2,4026.8,16,4
11483,2026-07-02 12:23:10+05:30,4025.9,1,4041.03,1114204,146327.0,161664.0,4100.0,4110.0,4012.0,4092.6,24801525,4501.8,3683.4,4440.0,3288.1,4025.1,11,1,4025.0,21,3,4024.7,12,1,4024.5,101,5,4024.4,50,1,4026.0,49,1,4026.4,80,3,4026.6,29,2,4026.7,39,2,4026.8,16,4
11483,2026-07-02 12:23:11+05:30,4025.9,1,4041.03,1114204,146496.0,161651.0,4100.0,4110.0,4012.0,4092.6,24801525,4501.8,3683.4,4440.0,3288.1,4025.9,4,1,4025.1,11,1,4025.0,21,3,4024.7,12,1,4024.6,28,1,4026.0,49,1,4026.4,80,3,4026.6,29,2,4026.7,26,1,4026.8,16,4
11483,2026-07-02 12:23:12+05:30,4025.9,1,4041.03,1114204,146516.0,161643.0,4100.0,4110.0,4012.0,4092.6,24801525,4501.8,3683.4,4440.0,3288.1,4025.9,5,2,4025.1,11,1,4025.0,21,3,4024.7,12,1,4024.6,28,1,4026.0,49,1,4026.4,80,3,4026.6,18,1,4026.7,26,1,4026.8,16,4
11483,2026-07-02 12:23:12+05:30,4026.0,2,4041.03,1114204,146516.0,161643.0,4100.0,4110.0,4012.0,4092.6,24801525,4501.8,3683.4,4440.0,3288.1,4025.9,5,2,4025.1,11,1,4025.0,21,3,4024.7,12,1,4024.6,28,1,4026.0,49,1,4026.4,80,3,4026.6,18,1,4026.7,26,1,4026.8,16,4
11483,2026-07-02 12:23:13+05:30,4026.0,25,4041.03,1114235,146613.0,161577.0,4100.0,4110.0,4012.0,4092.6,24801525,4501.8,3683.4,4440.0,3288.1,4025.9,1,1,4025.1,11,1,4025.0,34,4,4024.7,12,1,4024.6,28,1,4026.0,18,1,4026.4,80,3,4026.6,18,1,4026.7,26,1,4026.8,8,3
11483,2026-07-02 12:23:13+05:30,4025.9,3,4041.03,1114235,146613.0,161577.0,4100.0,4110.0,4012.0,4092.6,24801525,4501.8,3683.4,4440.0,3288.1,4025.9,1,1,4025.1,11,1,4025.0,34,4,4024.7,12,1,4024.6,28,1,4026.0,18,1,4026.4,80,3,4026.6,18,1,4026.7,26,1,4026.8,8,3
11483,2026-07-02 12:23:14+05:30,4025.1,3,4041.03,1114242,146159.0,161228.0,4100.0,4110.0,4012.0,4092.6,24801525,4501.8,3683.4,4440.0,3288.1,4025.1,18,2,4025.0,34,4,4024.7,36,4,4024.6,19,1,4024.5,173,7,4026.0,18,1,4026.4,80,3,4026.6,18,1,4026.7,38,2,4026.8,20,4
11483,2026-07-02 12:23:14+05:30,4025.1,1,4041.03,1114242,146159.0,161228.0,4100.0,4110.0,4012.0,4092.6,24801525,4501.8,3683.4,4440.0,3288.1,4025.1,18,2,4025.0,34,4,4024.7,36,4,4024.6,19,1,4024.5,173,7,4026.0,18,1,4026.4,80,3,4026.6,18,1,4026.7,38,2,4026.8,20,4
11483,2026-07-02 12:23:15+05:30,4026.0,5,4041.03,1114248,146258.0,161333.0,4100.0,4110.0,4012.0,4092.6,24801525,4501.8,3683.4,4440.0,3288.1,4025.1,17,2,4025.0,34,4,4024.7,36,4,4024.6,19,1,4024.5,181,8,4026.0,13,1,4026.4,80,3,4026.6,18,1,4026.7,38,2,4026.8,20,4
11483,2026-07-02 12:23:15+05:30,4025.1,1,4041.03,1114248,146258.0,161333.0,4100.0,4110.0,4012.0,4092.6,24801525,4501.8,3683.4,4440.0,3288.1,4025.1,17,2,4025.0,34,4,4024.7,36,4,4024.6,19,1,4024.5,181,8,4026.0,13,1,4026.4,80,3,4026.6,18,1,4026.7,38,2,4026.8,20,4
11483,2026-07-02 12:23:16+05:30,4025.1,4,4041.03,1114259,146367.0,161425.0,4100.0,4110.0,4012.0,4092.6,24801525,4501.8,3683.4,4440.0,3288.1,4025.1,12,2,4025.0,21,3,4024.7,36,4,4024.6,19,1,4024.5,181,8,4026.0,13,1,4026.4,80,3,4026.6,18,1,4026.7,26,1,4026.8,16,4
11483,2026-07-02 12:23:16+05:30,4025.1,1,4041.03,1114259,146367.0,161425.0,4100.0,4110.0,4012.0,4092.6,24801525,4501.8,3683.4,4440.0,3288.1,4025.1,12,2,4025.0,21,3,4024.7,36,4,4024.6,19,1,4024.5,181,8,4026.0,13,1,4026.4,80,3,4026.6,18,1,4026.7,26,1,4026.8,16,4
11483,2026-07-02 12:23:17+05:30,4025.1,1,4041.03,1114260,146589.0,161406.0,4100.0,4110.0,4012.0,4092.6,24801525,4501.8,3683.4,4440.0,3288.1,4025.9,30,1,4025.1,11,2,4025.0,34,4,4024.7,35,3,4024.6,42,2,4026.0,13,1,4026.4,80,3,4026.6,18,1,4026.7,26,1,4026.8,8,3
11483,2026-07-02 12:23:17+05:30,4025.1,1,4041.03,1114260,146591.0,161325.0,4100.0,4110.0,4012.0,4092.6,24801525,4501.8,3683.4,4440.0,3288.1,4025.9,30,1,4025.1,11,2,4025.0,34,4,4024.7,35,3,4024.6,42,2,4026.0,13,1,4026.4,80,3,4026.6,18,1,4026.7,26,1,4026.8,8,3
11483,2026-07-02 12:23:18+05:30,4025.9,14,4041.03,1114274,146654.0,161326.0,4100.0,4110.0,4012.0,4092.6,24801525,4501.8,3683.4,4440.0,3288.1,4025.9,16,1,4025.1,1,1,4025.0,34,4,4024.7,17,2,4024.6,20,1,4026.0,13,1,4026.4,80,3,4026.6,18,1,4026.7,38,2,4026.8,8,3
11483,2026-07-02 12:23:19+05:30,4026.0,1,4041.03,1114274,146654.0,161326.0,4100.0,4110.0,4012.0,4092.6,24801525,4501.8,3683.4,4440.0,3288.1,4025.9,16,1,4025.1,1,1,4025.0,34,4,4024.7,17,2,4024.6,20,1,4026.0,13,1,4026.4,80,3,4026.6,18,1,4026.7,38,2,4026.8,8,3
11483,2026-07-02 12:23:19+05:30,4025.9,1,4041.03,1114279,146640.0,161244.0,4100.0,4110.0,4012.0,4092.6,24801525,4501.8,3683.4,4440.0,3288.1,4025.9,13,1,4025.5,2,1,4025.1,1,1,4025.0,34,4,4024.8,3,1,4026.0,11,1,4026.4,80,3,4026.6,18,1,4026.7,26,1,4026.8,8,3
11483,2026-07-02 12:23:20+05:30,4025.9,1,4041.03,1114279,146640.0,161244.0,4100.0,4110.0,4012.0,4092.6,24801525,4501.8,3683.4,4440.0,3288.1,4025.9,13,1,4025.5,2,1,4025.1,1,1,4025.0,34,4,4024.8,3,1,4026.0,11,1,4026.4,80,3,4026.6,18,1,4026.7,26,1,4026.8,8,3
11483,2026-07-02 12:23:21+05:30,4025.9,1,4041.03,1114280,146681.0,161187.0,4100.0,4110.0,4012.0,4092.6,24801525,4501.8,3683.4,4440.0,3288.1,4025.9,12,1,4025.5,2,1,4025.1,1,1,4025.0,34,4,4024.8,3,1,4026.0,11,1,4026.4,80,3,4026.6,18,1,4026.7,26,1,4026.8,8,3
11483,2026-07-02 12:23:22+05:30,4025.9,1,4041.03,1114280,146684.0,161189.0,4100.0,4110.0,4012.0,4092.6,24801525,4501.8,3683.4,4440.0,3288.1,4025.9,13,2,4025.5,2,1,4025.1,1,1,4025.0,84,5,4024.8,3,1,4026.0,11,1,4026.4,80,3,4026.6,18,1,4026.7,26,1,4026.8,8,3
11483,2026-07-02 12:23:22+05:30,4025.9,1,4041.03,1114280,146687.0,161182.0,4100.0,4110.0,4012.0,4092.6,24801525,4501.8,3683.4,4440.0,3288.1,4025.9,13,2,4025.5,2,1,4025.1,1,1,4025.0,84,5,4024.8,3,1,4026.0,11,1,4026.4,80,3,4026.6,18,1,4026.7,26,1,4026.8,8,3
11483,2026-07-02 12:23:23+05:30,4026.0,1,4041.03,1114280,146687.0,161182.0,4100.0,4110.0,4012.0,4092.6,24801525,4501.8,3683.4,4440.0,3288.1,4025.9,13,2,4025.5,2,1,4025.1,1,1,4025.0,84,5,4024.8,3,1,4026.0,11,1,4026.4,80,3,4026.6,18,1,4026.7,26,1,4026.8,8,3
11483,2026-07-02 12:23:23+05:30,4026.4,16,4041.03,1114307,146745.0,161152.0,4100.0,4110.0,4012.0,4092.6,24801525,4501.8,3683.4,4440.0,3288.1,4025.9,15,3,4025.5,2,1,4025.1,2,2,4025.0,84,5,4024.8,3,1,4026.4,64,3,4026.6,18,1,4026.8,8,3,4026.9,12,1,4027.0,48,4
11483,2026-07-02 12:23:24+05:30,4026.4,2,4041.03,1114307,146745.0,161152.0,4100.0,4110.0,4012.0,4092.6,24801525,4501.8,3683.4,4440.0,3288.1,4025.9,15,3,4025.5,2,1,4025.1,2,2,4025.0,84,5,4024.8,3,1,4026.4,64,3,4026.6,18,1,4026.8,8,3,4026.9,12,1,4027.0,48,4
11483,2026-07-02 12:23:24+05:30,4026.4,2,4041.03,1114312,147033.0,161185.0,4100.0,4110.0,4012.0,4092.6,24801525,4501.8,3683.4,4440.0,3288.1,4025.9,12,3,4025.5,2,1,4025.1,2,2,4025.0,84,5,4024.8,3,1,4026.4,62,3,4026.6,18,1,4026.8,8,3,4026.9,12,1,4027.0,48,4
11483,2026-07-02 12:23:25+05:30,4025.9,5,4041.03,1114312,147033.0,161185.0,4100.0,4110.0,4012.0,4092.6,24801525,4501.8,3683.4,4440.0,3288.1,4025.9,12,3,4025.5,2,1,4025.1,2,2,4025.0,84,5,4024.8,3,1,4026.4,62,3,4026.6,18,1,4026.8,8,3,4026.9,12,1,4027.0,48,4
11483,2026-07-02 12:23:25+05:30,4025.9,5,4041.03,1114318,147031.0,161147.0,4100.0,4110.0,4012.0,4092.6,24801525,4501.8,3683.4,4440.0,3288.1,4025.9,6,3,4025.5,2,1,4025.1,6,3,4025.0,84,5,4024.8,3,1,4026.4,62,3,4026.6,18,1,4026.8,8,3,4026.9,12,1,4027.0,48,4
11483,2026-07-02 12:23:26+05:30,4026.4,8,4041.03,1114318,147031.0,161147.0,4100.0,4110.0,4012.0,4092.6,24801525,4501.8,3683.4,4440.0,3288.1,4025.9,6,3,4025.5,2,1,4025.1,6,3,4025.0,84,5,4024.8,3,1,4026.4,62,3,4026.6,18,1,4026.8,8,3,4026.9,12,1,4027.0,48,4
11483,2026-07-02 12:23:26+05:30,4026.4,8,4041.03,1114327,147032.0,161164.0,4100.0,4110.0,4012.0,4092.6,24801525,4501.8,3683.4,4440.0,3288.1,4025.9,5,3,4025.5,2,1,4025.1,6,3,4025.0,89,6,4024.8,3,1,4026.4,54,3,4026.6,18,1,4026.8,8,3,4026.9,12,1,4027.0,48,4
11483,2026-07-02 12:23:27+05:30,4026.4,2,4041.03,1114327,147032.0,161164.0,4100.0,4110.0,4012.0,4092.6,24801525,4501.8,3683.4,4440.0,3288.1,4025.9,5,3,4025.5,2,1,4025.1,6,3,4025.0,89,6,4024.8,3,1,4026.4,54,3,4026.6,18,1,4026.8,8,3,4026.9,12,1,4027.0,48,4
11483,2026-07-02 12:23:27+05:30,4026.4,2,4041.03,1114330,147263.0,161257.0,4100.0,4110.0,4012.0,4092.6,24801525,4501.8,3683.4,4440.0,3288.1,4026.0,100,1,4025.9,3,2,4025.5,2,1,4025.3,13,1,4025.1,15,4,4026.4,52,3,4026.6,18,1,4026.8,8,3,4027.0,48,4,4027.1,36,3
11483,2026-07-02 12:23:28+05:30,4026.4,7,4041.03,1114337,147267.0,161313.0,4100.0,4110.0,4012.0,4092.6,24801525,4501.8,3683.4,4440.0,3288.1,4026.0,100,1,4025.9,3,2,4025.5,2,1,4025.3,13,1,4025.1,15,4,4026.4,45,3,4026.6,18,1,4026.8,8,3,4027.0,48,4,4027.1,36,3
11483,2026-07-02 12:23:29+05:30,4026.0,5,4041.03,1114337,147267.0,161313.0,4100.0,4110.0,4012.0,4092.6,24801525,4501.8,3683.4,4440.0,3288.1,4026.0,100,1,4025.9,3,2,4025.5,2,1,4025.3,13,1,4025.1,15,4,4026.4,45,3,4026.6,18,1,4026.8,8,3,4027.0,48,4,4027.1,36,3
11483,2026-07-02 12:23:29+05:30,4026.0,5,4041.03,1114343,147256.0,161358.0,4100.0,4110.0,4012.0,4092.6,24801525,4501.8,3683.4,4440.0,3288.1,4026.0,94,1,4025.9,3,2,4025.5,2,1,4025.3,13,1,4025.1,15,4,4026.4,45,3,4026.6,18,1,4026.8,15,4,4027.0,51,5,4027.1,25,1
11483,2026-07-02 12:23:30+05:30,4026.0,93,4041.03,1114343,147256.0,161358.0,4100.0,4110.0,4012.0,4092.6,24801525,4501.8,3683.4,4440.0,3288.1,4026.0,94,1,4025.9,3,2,4025.5,2,1,4025.3,13,1,4025.1,15,4,4026.4,45,3,4026.6,18,1,4026.8,15,4,4027.0,51,5,4027.1,25,1
11483,2026-07-02 12:23:30+05:30,4026.0,2,4041.02,1114439,146696.0,161431.0,4100.0,4110.0,4012.0,4092.6,24801525,4501.8,3683.4,4440.0,3288.1,4025.9,3,2,4025.5,2,1,4025.1,6,3,4025.0,90,7,4024.7,12,1,4026.0,11,1,4026.4,52,4,4026.5,18,2,4026.6,18,1,4026.7,23,2
11483,2026-07-02 12:23:31+05:30,4025.9,2,4041.02,1114439,146696.0,161431.0,4100.0,4110.0,4012.0,4092.6,24801525,4501.8,3683.4,4440.0,3288.1,4025.9,3,2,4025.5,2,1,4025.1,6,3,4025.0,90,7,4024.7,12,1,4026.0,11,1,4026.4,52,4,4026.5,18,2,4026.6,18,1,4026.7,23,2
11483,2026-07-02 12:23:31+05:30,4025.9,2,4041.02,1114445,146685.0,161499.0,4100.0,4110.0,4012.0,4092.6,24801525,4501.8,3683.4,4440.0,3288.1,4025.5,2,1,4025.1,6,3,4025.0,82,7,4024.7,12,1,4024.6,35,2,4025.9,2,1,4026.0,8,1,4026.4,45,3,4026.6,25,2,4026.7,33,3
11483,2026-07-02 12:23:32+05:30,4025.5,1,4041.02,1114445,146685.0,161499.0,4100.0,4110.0,4012.0,4092.6,24801525,4501.8,3683.4,4440.0,3288.1,4025.5,2,1,4025.1,6,3,4025.0,82,7,4024.7,12,1,4024.6,35,2,4025.9,2,1,4026.0,8,1,4026.4,45,3,4026.6,25,2,4026.7,33,3
11483,2026-07-02 12:23:32+05:30,4025.5,1,4041.02,1114446,146690.0,161526.0,4100.0,4110.0,4012.0,4092.6,24801525,4501.8,3683.4,4440.0,3288.1,4025.7,1,1,4025.5,1,1,4025.1,6,3,4025.0,82,7,4024.7,12,1,4025.9,2,1,4026.0,4,1,4026.3,7,1,4026.4,45,3,4026.5,15,1
11483,2026-07-02 12:23:33+05:30,4026.4,17,4041.02,1114446,146690.0,161526.0,4100.0,4110.0,4012.0,4092.6,24801525,4501.8,3683.4,4440.0,3288.1,4025.7,1,1,4025.5,1,1,4025.1,6,3,4025.0,82,7,4024.7,12,1,4025.9,2,1,4026.0,4,1,4026.3,7,1,4026.4,45,3,4026.5,15,1
11483,2026-07-02 12:23:33+05:30,4026.4,17,4041.02,1114546,146684.0,161384.0,4100.0,4110.0,4012.0,4092.6,24801525,4501.8,3683.4,4440.0,3288.1,4025.7,1,1,4025.5,1,1,4025.1,45,3,4025.0,95,8,4024.7,12,1,4026.4,98,6,4026.5,15,1,4026.6,29,2,4026.7,32,3,4026.8,14,3
11483,2026-07-02 12:23:34+05:30,4025.7,8,4041.02,1114546,146684.0,161384.0,4100.0,4110.0,4012.0,4092.6,24801525,4501.8,3683.4,4440.0,3288.1,4025.7,1,1,4025.5,1,1,4025.1,45,3,4025.0,95,8,4024.7,12,1,4026.4,98,6,4026.5,15,1,4026.6,29,2,4026.7,32,3,4026.8,14,3
11483,2026-07-02 12:23:34+05:30,4025.7,8,4041.02,1114558,146699.0,161676.0,4100.0,4110.0,4012.0,4092.6,24801525,4501.8,3683.4,4440.0,3288.1,4025.8,2,1,4025.5,1,1,4025.1,45,3,4025.0,82,7,4024.7,12,1,4026.0,5,1,4026.4,89,5,4026.5,15,1,4026.6,42,4,4026.7,29,2
11483,2026-07-02 12:23:35+05:30,4026.0,1,4041.02,1114558,146699.0,161676.0,4100.0,4110.0,4012.0,4092.6,24801525,4501.8,3683.4,4440.0,3288.1,4025.8,2,1,4025.5,1,1,4025.1,45,3,4025.0,82,7,4024.7,12,1,4026.0,5,1,4026.4,89,5,4026.5,15,1,4026.6,42,4,4026.7,29,2
11483,2026-07-02 12:23:35+05:30,4026.0,1,4041.02,1114561,146694.0,161664.0,4100.0,4110.0,4012.0,4092.6,24801525,4501.8,3683.4,4440.0,3288.1,4025.8,2,1,4025.5,1,1,4025.1,45,3,4025.0,82,7,4024.7,12,1,4026.0,17,3,4026.1,7,1,4026.3,7,1,4026.4,73,3,4026.5,15,1
11483,2026-07-02 12:23:36+05:30,4025.8,1,4041.02,1114561,146694.0,161664.0,4100.0,4110.0,4012.0,4092.6,24801525,4501.8,3683.4,4440.0,3288.1,4025.8,2,1,4025.5,1,1,4025.1,45,3,4025.0,82,7,4024.7,12,1,4026.0,17,3,4026.1,7,1,4026.3,7,1,4026.4,73,3,4026.5,15,1
11483,2026-07-02 12:23:36+05:30,4025.8,1,4041.02,1114563,146667.0,161662.0,4100.0,4110.0,4012.0,4092.6,24801525,4501.8,3683.4,4440.0,3288.1,4025.8,2,1,4025.5,1,1,4025.1,45,3,4025.0,82,7,4024.7,12,1,4026.0,17,3,4026.1,7,1,4026.3,7,1,4026.4,73,3,4026.5,15,1
11483,2026-07-02 12:23:37+05:30,4026.0,5,4041.02,1114563,146667.0,161662.0,4100.0,4110.0,4012.0,4092.6,24801525,4501.8,3683.4,4440.0,3288.1,4025.8,2,1,4025.5,1,1,4025.1,45,3,4025.0,82,7,4024.7,12,1,4026.0,17,3,4026.1,7,1,4026.3,7,1,4026.4,73,3,4026.5,15,1
11483,2026-07-02 12:23:37+05:30,4026.0,5,4041.02,1114575,146675.0,161689.0,4100.0,4110.0,4012.0,4092.6,24801525,4501.8,3683.4,4440.0,3288.1,4025.8,2,1,4025.5,2,2,4025.1,45,3,4025.0,91,8,4024.7,12,1,4026.0,5,1,4026.4,73,3,4026.5,24,2,4026.6,36,3,4026.7,32,3
11483,2026-07-02 12:23:38+05:30,4026.0,4,4041.02,1114575,146675.0,161689.0,4100.0,4110.0,4012.0,4092.6,24801525,4501.8,3683.4,4440.0,3288.1,4025.8,2,1,4025.5,2,2,4025.1,45,3,4025.0,91,8,4024.7,12,1,4026.0,5,1,4026.4,73,3,4026.5,24,2,4026.6,36,3,4026.7,32,3
11483,2026-07-02 12:23:38+05:30,4026.0,4,4041.02,1114580,146665.0,161637.0,4100.0,4110.0,4012.0,4092.6,24801525,4501.8,3683.4,4440.0,3288.1,4025.8,1,1,4025.5,2,2,4025.1,45,3,4025.0,91,8,4024.7,12,1,4026.0,1,1,4026.4,80,4,4026.5,24,2,4026.6,31,3,4026.7,29,2
11483,2026-07-02 12:23:39+05:30,4026.0,12,4041.02,1114580,146665.0,161637.0,4100.0,4110.0,4012.0,4092.6,24801525,4501.8,3683.4,4440.0,3288.1,4025.8,1,1,4025.5,2,2,4025.1,45,3,4025.0,91,8,4024.7,12,1,4026.0,1,1,4026.4,80,4,4026.5,24,2,4026.6,31,3,4026.7,29,2
11483,2026-07-02 12:23:39+05:30,4026.0,12,4041.02,1114594,146676.0,161633.0,4100.0,4110.0,4012.0,4092.6,24801525,4501.8,3683.4,4440.0,3288.1,4025.8,2,1,4025.5,2,2,4025.1,45,3,4025.0,91,8,4024.8,10,1,4026.0,5,1,4026.4,90,5,4026.5,24,2,4026.6,31,3,4026.7,29,2
11483,2026-07-02 12:23:40+05:30,4025.8,1,4041.02,1114594,146676.0,161633.0,4100.0,4110.0,4012.0,4092.6,24801525,4501.8,3683.4,4440.0,3288.1,4025.8,2,1,4025.5,2,2,4025.1,45,3,4025.0,91,8,4024.8,10,1,4026.0,5,1,4026.4,90,5,4026.5,24,2,4026.6,31,3,4026.7,29,2
11483,2026-07-02 12:23:40+05:30,4025.8,1,4041.02,1114595,146755.0,161709.0,4100.0,4110.0,4012.0,4092.6,24801525,4501.8,3683.4,4440.0,3288.1,4025.8,1,1,4025.5,2,2,4025.1,45,3,4025.0,91,8,4024.8,10,1,4025.9,50,1,4026.0,10,2,4026.4,83,4,4026.5,15,1,4026.6,38,4
11483,2026-07-02 12:23:42+05:30,4025.8,1,4041.02,1114595,146756.0,161682.0,4100.0,4110.0,4012.0,4092.6,24801525,4501.8,3683.4,4440.0,3288.1,4025.8,2,2,4025.5,2,2,4025.1,45,3,4025.0,91,8,4024.8,10,1,4025.9,50,1,4026.0,10,2,4026.4,83,4,4026.5,15,1,4026.6,38,4
11483,2026-07-02 12:23:43+05:30,4025.2,2,4041.02,1114614,146697.0,161752.0,4100.0,4110.0,4012.0,4092.6,24801525,4501.8,3683.4,4440.0,3288.1,4025.1,45,3,4025.0,91,8,4024.7,12,1,4024.6,9,1,4024.5,34,2,4025.9,50,1,4026.4,92,5,4026.5,19,3,4026.6,21,2,4026.7,29,2
11483,2026-07-02 12:23:43+05:30,4025.1,2,4041.02,1114614,146697.0,161752.0,4100.0,4110.0,4012.0,4092.6,24801525,4501.8,3683.4,4440.0,3288.1,4025.1,45,3,4025.0,91,8,4024.7,12,1,4024.6,9,1,4024.5,34,2,4025.9,50,1,4026.4,92,5,4026.5,19,3,4026.6,21,2,4026.7,29,2
11483,2026-07-02 12:23:44+05:30,4025.9,50,4041.02,1114671,147251.0,161616.0,4100.0,4110.0,4012.0,4092.6,24801525,4501.8,3683.4,4440.0,3288.1,4026.0,150,1,4025.2,8,1,4025.1,47,2,4025.0,103,9,4024.7,198,3,4026.4,90,5,4026.5,31,4,4026.6,21,2,4026.8,14,3,4026.9,21,2
11483,2026-07-02 12:23:44+05:30,4026.0,7,4041.02,1114671,147251.0,161616.0,4100.0,4110.0,4012.0,4092.6,24801525,4501.8,3683.4,4440.0,3288.1,4026.0,150,1,4025.2,8,1,4025.1,47,2,4025.0,103,9,4024.7,198,3,4026.4,90,5,4026.5,31,4,4026.6,21,2,4026.8,14,3,4026.9,21,2
11483,2026-07-02 12:23:45+05:30,4026.0,7,4041.02,1114678,147241.0,161652.0,4100.0,4110.0,4012.0,4092.6,24801525,4501.8,3683.4,4440.0,3288.1,4026.0,143,1,4025.2,8,1,4025.1,47,2,4025.0,103,9,4024.7,198,3,4026.4,90,5,4026.5,31,4,4026.6,21,2,4026.8,14,3,4026.9,21,2
11483,2026-07-02 12:23:45+05:30,4026.4,24,4041.02,1114678,147241.0,161652.0,4100.0,4110.0,4012.0,4092.6,24801525,4501.8,3683.4,4440.0,3288.1,4026.0,143,1,4025.2,8,1,4025.1,47,2,4025.0,103,9,4024.7,198,3,4026.4,90,5,4026.5,31,4,4026.6,21,2,4026.8,14,3,4026.9,21,2
11483,2026-07-02 12:23:46+05:30,4026.4,7,4041.02,1114716,147329.0,161641.0,4100.0,4110.0,4012.0,4092.6,24801525,4501.8,3683.4,4440.0,3288.1,4026.0,143,1,4025.1,47,2,4025.0,103,9,4024.8,7,1,4024.7,198,3,4026.4,63,4,4026.5,25,3,4026.6,28,3,4026.8,14,3,4026.9,21,2
11483,2026-07-02 12:23:46+05:30,4026.0,5,4041.02,1114716,147329.0,161641.0,4100.0,4110.0,4012.0,4092.6,24801525,4501.8,3683.4,4440.0,3288.1,4026.0,143,1,4025.1,47,2,4025.0,103,9,4024.8,7,1,4024.7,198,3,4026.4,63,4,4026.5,25,3,4026.6,28,3,4026.8,14,3,4026.9,21,2
11483,2026-07-02 12:23:47+05:30,4026.0,5,4041.02,1114721,147329.0,161646.0,4100.0,4110.0,4012.0,4092.6,24801525,4501.8,3683.4,4440.0,3288.1,4026.0,138,1,4025.1,47,2,4025.0,103,9,4024.8,7,1,4024.7,198,3,4026.4,63,4,4026.5,25,3,4026.6,28,3,4026.8,14,3,4026.9,21,2
11483,2026-07-02 12:23:47+05:30,4026.0,1,4041.02,1114721,147329.0,161646.0,4100.0,4110.0,4012.0,4092.6,24801525,4501.8,3683.4,4440.0,3288.1,4026.0,138,1,4025.1,47,2,4025.0,103,9,4024.8,7,1,4024.7,198,3,4026.4,63,4,4026.5,25,3,4026.6,28,3,4026.8,14,3,4026.9,21,2
11483,2026-07-02 12:23:48+05:30,4026.0,1,4041.02,1114723,147322.0,161645.0,4100.0,4110.0,4012.0,4092.6,24801525,4501.8,3683.4,4440.0,3288.1,4026.0,136,1,4025.1,47,2,4025.0,103,9,4024.8,7,1,4024.7,198,3,4026.4,63,4,4026.5,25,3,4026.6,28,3,4026.8,14,3,4026.9,21,2
11483,2026-07-02 12:23:49+05:30,4026.0,1,4041.02,1114723,147312.0,161656.0,4100.0,4110.0,4012.0,4092.6,24801525,4501.8,3683.4,4440.0,3288.1,4026.0,136,1,4025.1,47,2,4025.0,104,10,4024.7,198,3,4024.5,34,2,4026.4,79,6,4026.5,16,2,4026.6,21,2,4026.8,14,3,4026.9,21,2
11483,2026-07-02 12:23:50+05:30,4026.0,1,4041.02,1114723,147312.0,161656.0,4100.0,4110.0,4012.0,4092.6,24801525,4501.8,3683.4,4440.0,3288.1,4026.0,136,1,4025.1,47,2,4025.0,104,10,4024.7,198,3,4024.5,34,2,4026.4,79,6,4026.5,16,2,4026.6,21,2,4026.8,14,3,4026.9,21,2
11483,2026-07-02 12:23:50+05:30,4026.0,3,4041.02,1114723,147312.0,161656.0,4100.0,4110.0,4012.0,4092.6,24801525,4501.8,3683.4,4440.0,3288.1,4026.0,136,1,4025.1,47,2,4025.0,104,10,4024.7,198,3,4024.5,34,2,4026.4,79,6,4026.5,16,2,4026.6,21,2,4026.8,14,3,4026.9,21,2
11483,2026-07-02 12:23:51+05:30,4026.0,14,4041.02,1114741,147323.0,161639.0,4100.0,4110.0,4012.0,4092.6,24801525,4501.8,3683.4,4440.0,3288.1,4026.0,119,1,4025.1,47,2,4025.0,104,10,4024.8,17,1,4024.7,198,3,4026.4,78,6,4026.5,16,2,4026.6,21,2,4026.8,14,3,4026.9,21,2
11483,2026-07-02 12:23:51+05:30,4026.0,2,4041.02,1114741,147323.0,161639.0,4100.0,4110.0,4012.0,4092.6,24801525,4501.8,3683.4,4440.0,3288.1,4026.0,119,1,4025.1,47,2,4025.0,104,10,4024.8,17,1,4024.7,198,3,4026.4,78,6,4026.5,16,2,4026.6,21,2,4026.8,14,3,4026.9,21,2
11483,2026-07-02 12:23:52+05:30,4026.0,2,4041.02,1114743,147524.0,161505.0,4100.0,4110.0,4012.0,4092.6,24801525,4501.8,3683.4,4440.0,3288.1,4026.2,1,1,4026.0,117,1,4025.1,47,2,4025.0,104,10,4024.8,17,1,4026.4,68,5,4026.5,16,2,4026.6,31,3,4026.8,14,3,4026.9,21,2
11483,2026-07-02 12:23:53+05:30,4026.0,2,4041.02,1114743,147619.0,161507.0,4100.0,4110.0,4012.0,4092.6,24801525,4501.8,3683.4,4440.0,3288.1,4026.2,1,1,4026.0,117,1,4025.1,47,2,4025.0,104,10,4024.8,17,1,4026.4,68,5,4026.5,16,2,4026.6,31,3,4026.8,14,3,4026.9,21,2
11483,2026-07-02 12:23:53+05:30,4026.0,2,4041.02,1114743,147619.0,161507.0,4100.0,4110.0,4012.0,4092.6,24801525,4501.8,3683.4,4440.0,3288.1,4026.2,1,1,4026.0,117,1,4025.1,47,2,4025.0,104,10,4024.8,17,1,4026.4,68,5,4026.5,16,2,4026.6,31,3,4026.8,14,3,4026.9,21,2
11483,2026-07-02 12:23:54+05:30,4026.4,2,4041.02,1114745,147587.0,161511.0,4100.0,4110.0,4012.0,4092.6,24801525,4501.8,3683.4,4440.0,3288.1,4026.2,1,1,4026.0,117,1,4025.2,18,1,4025.1,47,2,4025.0,104,10,4026.4,66,5,4026.5,16,2,4026.6,31,3,4026.8,14,3,4026.9,21,2
11483,2026-07-02 12:23:54+05:30,4026.4,2,4041.02,1114745,147587.0,161511.0,4100.0,4110.0,4012.0,4092.6,24801525,4501.8,3683.4,4440.0,3288.1,4026.2,1,1,4026.0,117,1,4025.2,18,1,4025.1,47,2,4025.0,104,10,4026.4,66,5,4026.5,16,2,4026.6,31,3,4026.8,14,3,4026.9,21,2
11483,2026-07-02 12:23:54+05:30,4026.4,2,4041.02,1114745,147587.0,161511.0,4100.0,4110.0,4012.0,4092.6,24801525,4501.8,3683.4,4440.0,3288.1,4026.2,1,1,4026.0,117,1,4025.2,18,1,4025.1,47,2,4025.0,104,10,4026.4,66,5,4026.5,16,2,4026.6,31,3,4026.8,14,3,4026.9,21,2
11483,2026-07-02 12:23:55+05:30,4026.4,2,4041.02,1114745,147587.0,161511.0,4100.0,4110.0,4012.0,4092.6,24801525,4501.8,3683.4,4440.0,3288.1,4026.2,1,1,4026.0,117,1,4025.2,18,1,4025.1,47,2,4025.0,104,10,4026.4,66,5,4026.5,16,2,4026.6,31,3,4026.8,14,3,4026.9,21,2
11483,2026-07-02 12:23:55+05:30,4026.4,3,4041.02,1114749,147556.0,161344.0,4100.0,4110.0,4012.0,4092.6,24801525,4501.8,3683.4,4440.0,3288.1,4026.2,1,1,4026.0,117,1,4025.1,97,3,4025.0,54,9,4024.7,198,3,4026.4,72,6,4026.5,16,2,4026.6,21,2,4026.8,21,4,4026.9,23,3
11483,2026-07-02 12:23:55+05:30,4026.4,3,4041.02,1114749,147556.0,161344.0,4100.0,4110.0,4012.0,4092.6,24801525,4501.8,3683.4,4440.0,3288.1,4026.2,1,1,4026.0,117,1,4025.1,97,3,4025.0,54,9,4024.7,198,3,4026.4,72,6,4026.5,16,2,4026.6,21,2,4026.8,21,4,4026.9,23,3
11483,2026-07-02 12:23:55+05:30,4026.2,1,4041.02,1114749,147556.0,161344.0,4100.0,4110.0,4012.0,4092.6,24801525,4501.8,3683.4,4440.0,3288.1,4026.2,1,1,4026.0,117,1,4025.1,97,3,4025.0,54,9,4024.7,198,3,4026.4,72,6,4026.5,16,2,4026.6,21,2,4026.8,21,4,4026.9,23,3
11483,2026-07-02 12:23:56+05:30,4026.2,1,4041.02,1114750,147273.0,161416.0,4100.0,4110.0,4012.0,4092.6,24801525,4501.8,3683.4,4440.0,3288.1,4026.2,1,1,4026.0,117,1,4025.1,97,3,4025.0,54,9,4024.7,198,3,4026.4,72,6,4026.5,16,2,4026.6,43,3,4026.8,21,4,4026.9,26,4
11483,2026-07-02 12:23:56+05:30,4026.2,1,4041.02,1114750,147273.0,161416.0,4100.0,4110.0,4012.0,4092.6,24801525,4501.8,3683.4,4440.0,3288.1,4026.2,1,1,4026.0,117,1,4025.1,97,3,4025.0,54,9,4024.7,198,3,4026.4,72,6,4026.5,16,2,4026.6,43,3,4026.8,21,4,4026.9,26,4
11483,2026-07-02 12:23:56+05:30,4026.0,106,4041.02,1114750,147273.0,161416.0,4100.0,4110.0,4012.0,4092.6,24801525,4501.8,3683.4,4440.0,3288.1,4026.2,1,1,4026.0,117,1,4025.1,97,3,4025.0,54,9,4024.7,198,3,4026.4,72,6,4026.5,16,2,4026.6,43,3,4026.8,21,4,4026.9,26,4
11483,2026-07-02 12:23:56+05:30,4026.0,106,4041.02,1114750,147273.0,161416.0,4100.0,4110.0,4012.0,4092.6,24801525,4501.8,3683.4,4440.0,3288.1,4026.2,1,1,4026.0,117,1,4025.1,97,3,4025.0,54,9,4024.7,198,3,4026.4,72,6,4026.5,16,2,4026.6,43,3,4026.8,21,4,4026.9,26,4
11483,2026-07-02 12:23:57+05:30,4026.0,106,4041.02,1114868,146561.0,162057.0,4100.0,4110.0,4012.0,4092.6,24801525,4501.8,3683.4,4440.0,3288.1,4025.1,88,2,4025.0,42,8,4024.7,12,1,4024.5,34,2,4024.3,26,2,4026.0,29,4,4026.1,18,4,4026.2,21,4,4026.3,82,8,4026.4,60,5
11483,2026-07-02 12:23:57+05:30,4026.0,106,4041.02,1114868,146561.0,162057.0,4100.0,4110.0,4012.0,4092.6,24804850,4501.8,3683.4,4440.0,3288.1,4025.1,88,2,4025.0,42,8,4024.7,12,1,4024.5,34,2,4024.3,26,2,4026.0,29,4,4026.1,18,4,4026.2,21,4,4026.3,82,8,4026.4,60,5
11483,2026-07-02 12:23:57+05:30,4026.0,10,4041.02,1114868,146561.0,162057.0,4100.0,4110.0,4012.0,4092.6,24804850,4501.8,3683.4,4440.0,3288.1,4025.1,88,2,4025.0,42,8,4024.7,12,1,4024.5,34,2,4024.3,26,2,4026.0,29,4,4026.1,18,4,4026.2,21,4,4026.3,82,8,4026.4,60,5
11483,2026-07-02 12:23:57+05:30,4026.0,10,4041.02,1114868,146561.0,162057.0,4100.0,4110.0,4012.0,4092.6,24804850,4501.8,3683.4,4440.0,3288.1,4025.1,88,2,4025.0,42,8,4024.7,12,1,4024.5,34,2,4024.3,26,2,4026.0,29,4,4026.1,18,4,4026.2,21,4,4026.3,82,8,4026.4,60,5
11483,2026-07-02 12:23:58+05:30,4026.0,1,4041.02,1114893,146550.0,161997.0,4100.0,4110.0,4012.0,4092.6,24804850,4501.8,3683.4,4440.0,3288.1,4025.1,74,2,4025.0,42,8,4024.7,12,1,4024.5,34,2,4024.3,26,2,4026.0,18,3,4026.1,8,2,4026.2,16,3,4026.3,55,6,4026.4,61,5
11483,2026-07-02 12:23:58+05:30,4026.0,1,4041.02,1114893,146550.0,161997.0,4100.0,4110.0,4012.0,4092.6,24804850,4501.8,3683.4,4440.0,3288.1,4025.1,74,2,4025.0,42,8,4024.7,12,1,4024.5,34,2,4024.3,26,2,4026.0,18,3,4026.1,8,2,4026.2,16,3,4026.3,55,6,4026.4,61,5
11483,2026-07-02 12:23:58+05:30,4026.0,5,4041.02,1114893,146550.0,161997.0,4100.0,4110.0,4012.0,4092.6,24804850,4501.8,3683.4,4440.0,3288.1,4025.1,74,2,4025.0,42,8,4024.7,12,1,4024.5,34,2,4024.3,26,2,4026.0,18,3,4026.1,8,2,4026.2,16,3,4026.3,55,6,4026.4,61,5
11483,2026-07-02 12:23:58+05:30,4026.0,5,4041.02,1114893,146550.0,161997.0,4100.0,4110.0,4012.0,4092.6,24804850,4501.8,3683.4,4440.0,3288.1,4025.1,74,2,4025.0,42,8,4024.7,12,1,4024.5,34,2,4024.3,26,2,4026.0,18,3,4026.1,8,2,4026.2,16,3,4026.3,55,6,4026.4,61,5
11483,2026-07-02 12:23:59+05:30,4025.1,4,4041.02,1115069,146590.0,162082.0,4100.0,4110.0,4012.0,4092.6,24804850,4501.8,3683.4,4440.0,3288.1,4025.1,57,2,4025.0,42,8,4024.7,12,1,4024.5,34,2,4024.3,26,2,4026.1,28,4,4026.2,14,3,4026.3,15,2,4026.4,83,4,4026.5,21,2
11483,2026-07-02 12:23:59+05:30,4025.1,4,4041.02,1115069,146590.0,162082.0,4100.0,4110.0,4012.0,4092.6,24804850,4501.8,3683.4,4440.0,3288.1,4025.1,57,2,4025.0,42,8,4024.7,12,1,4024.5,34,2,4024.3,26,2,4026.1,28,4,4026.2,14,3,4026.3,15,2,4026.4,83,4,4026.5,21,2
11483,2026-07-02 12:23:59+05:30,4025.1,12,4041.02,1115069,146590.0,162082.0,4100.0,4110.0,4012.0,4092.6,24804850,4501.8,3683.4,4440.0,3288.1,4025.1,57,2,4025.0,42,8,4024.7,12,1,4024.5,34,2,4024.3,26,2,4026.1,28,4,4026.2,14,3,4026.3,15,2,4026.4,83,4,4026.5,21,2
11483,2026-07-02 12:24:00+05:30,4025.1,12,4041.02,1115102,146617.0,162067.0,4100.0,4110.0,4012.0,4092.6,24804850,4501.8,3683.4,4440.0,3288.1,4025.1,24,1,4025.0,42,8,4024.7,12,1,4024.5,34,2,4024.3,26,2,4026.1,28,4,4026.2,14,3,4026.3,32,4,4026.4,83,4,4026.5,21,2
11483,2026-07-02 12:24:00+05:30,4025.1,4,4041.02,1115102,146617.0,162067.0,4100.0,4110.0,4012.0,4092.6,24804850,4501.8,3683.4,4440.0,3288.1,4025.1,24,1,4025.0,42,8,4024.7,12,1,4024.5,34,2,4024.3,26,2,4026.1,28,4,4026.2,14,3,4026.3,32,4,4026.4,83,4,4026.5,21,2
11483,2026-07-02 12:24:01+05:30,4025.1,4,4041.02,1115106,146665.0,162119.0,4100.0,4110.0,4012.0,4092.6,24804850,4501.8,3683.4,4440.0,3288.1,4025.6,2,2,4025.1,20,1,4025.0,42,8,4024.7,12,1,4024.5,34,2,4026.0,73,5,4026.1,6,1,4026.2,21,4,4026.3,48,6,4026.4,83,4
11483,2026-07-02 12:24:01+05:30,4025.7,5,4041.02,1115106,146665.0,162119.0,4100.0,4110.0,4012.0,4092.6,24804850,4501.8,3683.4,4440.0,3288.1,4025.6,2,2,4025.1,20,1,4025.0,42,8,4024.7,12,1,4024.5,34,2,4026.0,73,5,4026.1,6,1,4026.2,21,4,4026.3,48,6,4026.4,83,4
11483,2026-07-02 12:24:01+05:30,4025.7,5,4041.02,1115117,146487.0,162295.0,4100.0,4110.0,4012.0,4092.6,24804850,4501.8,3683.4,4440.0,3288.1,4025.1,20,1,4025.0,42,8,4024.5,20,1,4024.3,13,1,4024.2,17,1,4025.7,7,1,4025.8,14,2,4025.9,44,3,4026.0,71,3,4026.1,6,1
11483,2026-07-02 12:24:02+05:30,4025.1,1,4041.02,1115117,146487.0,162295.0,4100.0,4110.0,4012.0,4092.6,24804850,4501.8,3683.4,4440.0,3288.1,4025.1,20,1,4025.0,42,8,4024.5,20,1,4024.3,13,1,4024.2,17,1,4025.7,7,1,4025.8,14,2,4025.9,44,3,4026.0,71,3,4026.1,6,1
11483,2026-07-02 12:24:02+05:30,4025.1,1,4041.02,1115118,146567.0,162301.0,4100.0,4110.0,4012.0,4092.6,24804850,4501.8,3683.4,4440.0,3288.1,4025.4,1,1,4025.1,19,1,4025.0,42,8,4024.5,20,1,4024.3,13,1,4025.7,7,1,4025.8,14,2,4025.9,44,3,4026.0,71,3,4026.1,6,1
11483,2026-07-02 12:24:03+05:30,4025.1,1,4041.02,1115118,146588.0,162250.0,4100.0,4110.0,4012.0,4092.6,24804850,4501.8,3683.4,4440.0,3288.1,4025.4,1,1,4025.1,19,1,4025.0,47,9,4024.5,20,1,4024.4,9,1,4025.7,7,1,4025.8,7,1,4025.9,8,1,4026.0,81,4,4026.1,6,1
11483,2026-07-02 12:24:04+05:30,4025.7,3,4041.02,1115118,146588.0,162250.0,4100.0,4110.0,4012.0,4092.6,24804850,4501.8,3683.4,4440.0,3288.1,4025.4,1,1,4025.1,19,1,4025.0,47,9,4024.5,20,1,4024.4,9,1,4025.7,7,1,4025.8,7,1,4025.9,8,1,4026.0,81,4,4026.1,6,1
11483,2026-07-02 12:24:04+05:30,4025.7,3,4041.02,1115121,146610.0,162258.0,4100.0,4110.0,4012.0,4092.6,24804850,4501.8,3683.4,4440.0,3288.1,4025.5,2,1,4025.4,1,1,4025.1,19,1,4025.0,47,9,4024.5,20,1,4025.7,4,1,4025.8,7,1,4025.9,8,1,4026.0,55,3,4026.1,6,1
11483,2026-07-02 12:24:05+05:30,4025.5,2,4041.02,1115121,146610.0,162258.0,4100.0,4110.0,4012.0,4092.6,24804850,4501.8,3683.4,4440.0,3288.1,4025.5,2,1,4025.4,1,1,4025.1,19,1,4025.0,47,9,4024.5,20,1,4025.7,4,1,4025.8,7,1,4025.9,8,1,4026.0,55,3,4026.1,6,1
11483,2026-07-02 12:24:06+05:30,4025.5,2,4041.02,1115131,146500.0,162413.0,4100.0,4110.0,4012.0,4092.6,24804850,4501.8,3683.4,4440.0,3288.1,4025.5,2,1,4025.4,1,1,4025.1,19,1,4025.0,47,9,4024.5,20,1,4025.6,24,4,4025.8,13,2,4025.9,47,2,4026.0,69,5,4026.1,15,2
11483,2026-07-02 12:24:06+05:30,4025.6,7,4041.02,1115131,146500.0,162413.0,4100.0,4110.0,4012.0,4092.6,24804850,4501.8,3683.4,4440.0,3288.1,4025.5,2,1,4025.4,1,1,4025.1,19,1,4025.0,47,9,4024.5,20,1,4025.6,24,4,4025.8,13,2,4025.9,47,2,4026.0,69,5,4026.1,15,2
11483,2026-07-02 12:24:06+05:30,4025.5,2,4041.02,1115143,146496.0,162422.0,4100.0,4110.0,4012.0,4092.6,24804850,4501.8,3683.4,4440.0,3288.1,4025.5,2,1,4025.4,1,1,4025.1,19,1,4025.0,47,9,4024.5,20,1,4025.6,16,4,4025.8,13,2,4025.9,31,1,4026.0,78,6,4026.1,6,1
11483,2026-07-02 12:24:07+05:30,4025.6,1,4041.02,1115143,146496.0,162422.0,4100.0,4110.0,4012.0,4092.6,24804850,4501.8,3683.4,4440.0,3288.1,4025.5,2,1,4025.4,1,1,4025.1,19,1,4025.0,47,9,4024.5,20,1,4025.6,16,4,4025.8,13,2,4025.9,31,1,4026.0,78,6,4026.1,6,1
11483,2026-07-02 12:24:08+05:30,4025.6,1,4041.02,1115152,146580.0,162427.0,4100.0,4110.0,4012.0,4092.6,24804850,4501.8,3683.4,4440.0,3288.1,4025.1,19,1,4025.0,117,11,4024.5,20,1,4024.3,13,1,4024.1,120,3,4025.6,9,3,4025.8,13,2,4025.9,31,1,4026.0,64,4,4026.2,3,1
11483,2026-07-02 12:24:08+05:30,4025.6,1,4041.02,1115152,146580.0,162427.0,4100.0,4110.0,4012.0,4092.6,24804850,4501.8,3683.4,4440.0,3288.1,4025.1,19,1,4025.0,117,11,4024.5,20,1,4024.3,13,1,4024.1,120,3,4025.6,9,3,4025.8,13,2,4025.9,31,1,4026.0,64,4,4026.2,3,1
11483,2026-07-02 12:24:09+05:30,4025.5,5,4041.02,1115162,146600.0,162415.0,4100.0,4110.0,4012.0,4092.6,24804850,4501.8,3683.4,4440.0,3288.1,4025.1,18,1,4025.0,117,11,4024.5,20,1,4024.3,13,1,4024.2,25,1,4025.5,5,1,4025.6,12,3,4025.8,13,2,4025.9,31,1,4026.0,69,5
11483,2026-07-02 12:24:09+05:30,4025.1,2,4041.02,1115162,146600.0,162415.0,4100.0,4110.0,4012.0,4092.6,24804850,4501.8,3683.4,4440.0,3288.1,4025.1,18,1,4025.0,117,11,4024.5,20,1,4024.3,13,1,4024.2,25,1,4025.5,5,1,4025.6,12,3,4025.8,13,2,4025.9,31,1,4026.0,69,5
11483,2026-07-02 12:24:10+05:30,4025.1,2,4041.02,1115164,146569.0,162415.0,4100.0,4110.0,4012.0,4092.6,24804850,4501.8,3683.4,4440.0,3288.1,4025.1,16,1,4025.0,118,12,4024.5,20,1,4024.3,13,1,4024.1,120,3,4025.5,5,1,4025.6,12,3,4025.8,13,2,4025.9,31,1,4026.0,69,5
11483,2026-07-02 12:24:11+05:30,4025.5,1,4041.02,1115165,146575.0,162414.0,4100.0,4110.0,4012.0,4092.6,24804850,4501.8,3683.4,4440.0,3288.1,4025.1,16,1,4025.0,118,12,4024.5,20,1,4024.3,13,1,4024.1,120,3,4025.5,4,1,4025.6,12,3,4025.8,13,2,4025.9,31,1,4026.0,69,5
11483,2026-07-02 12:24:11+05:30,4025.5,1,4041.02,1115165,146575.0,162414.0,4100.0,4110.0,4012.0,4092.6,24804850,4501.8,3683.4,4440.0,3288.1,4025.1,16,1,4025.0,118,12,4024.5,20,1,4024.3,13,1,4024.1,120,3,4025.5,4,1,4025.6,12,3,4025.8,13,2,4025.9,31,1,4026.0,69,5
11483,2026-07-02 12:24:12+05:30,4025.5,4,4041.02,1115169,146659.0,162385.0,4100.0,4110.0,4012.0,4092.6,24804850,4501.8,3683.4,4440.0,3288.1,4025.5,46,1,4025.3,1,1,4025.1,16,1,4025.0,118,12,4024.7,12,1,4025.6,12,3,4025.8,13,2,4025.9,31,1,4026.0,58,3,4026.2,3,1
11483,2026-07-02 12:24:12+05:30,4025.5,4,4041.02,1115169,146659.0,162385.0,4100.0,4110.0,4012.0,4092.6,24804850,4501.8,3683.4,4440.0,3288.1,4025.5,46,1,4025.3,1,1,4025.1,16,1,4025.0,118,12,4024.7,12,1,4025.6,12,3,4025.8,13,2,4025.9,31,1,4026.0,58,3,4026.2,3,1
11483,2026-07-02 12:24:13+05:30,4025.5,4,4041.02,1115169,146672.0,162455.0,4100.0,4110.0,4012.0,4092.6,24804850,4501.8,3683.4,4440.0,3288.1,4025.5,46,1,4025.3,1,1,4025.1,18,2,4025.0,123,13,4024.7,12,1,4025.6,7,2,4025.7,9,1,4025.8,9,1,4025.9,31,1,4026.0,58,3
11483,2026-07-02 12:24:14+05:30,4025.5,4,4041.01,1115173,146568.0,162455.0,4100.0,4110.0,4012.0,4092.6,24804850,4501.8,3683.4,4440.0,3288.1,4025.5,42,1,4025.3,1,1,4025.1,18,2,4025.0,123,13,4024.7,12,1,4025.6,7,2,4025.7,9,1,4025.8,9,1,4025.9,31,1,4026.0,58,3
11483,2026-07-02 12:24:14+05:30,4025.0,10,4041.01,1115173,146568.0,162455.0,4100.0,4110.0,4012.0,4092.6,24804850,4501.8,3683.4,4440.0,3288.1,4025.5,42,1,4025.3,1,1,4025.1,18,2,4025.0,123,13,4024.7,12,1,4025.6,7,2,4025.7,9,1,4025.8,9,1,4025.9,31,1,4026.0,58,3
11483,2026-07-02 12:24:15+05:30,4025.0,1,4041.01,1115385,146498.0,162395.0,4100.0,4110.0,4012.0,4092.6,24804850,4501.8,3683.4,4440.0,3288.1,4025.5,89,1,4025.2,63,1,4025.0,4,1,4024.5,20,1,4024.3,13,1,4025.6,1,1,4025.7,9,1,4025.8,9,1,4025.9,31,1,4026.0,65,4
11483,2026-07-02 12:24:15+05:30,4025.5,10,4041.01,1115385,146498.0,162395.0,4100.0,4110.0,4012.0,4092.6,24804850,4501.8,3683.4,4440.0,3288.1,4025.5,89,1,4025.2,63,1,4025.0,4,1,4024.5,20,1,4024.3,13,1,4025.6,1,1,4025.7,9,1,4025.8,9,1,4025.9,31,1,4026.0,65,4
11483,2026-07-02 12:24:16+05:30,4026.0,1,4041.01,1115426,146135.0,162199.0,4100.0,4110.0,4012.0,4092.6,24804850,4501.8,3683.4,4440.0,3288.1,4025.5,54,1,4025.4,87,1,4025.2,63,1,4025.0,4,1,4024.7,12,1,4026.0,56,3,4026.3,18,3,4026.4,94,5,4026.5,23,3,4026.6,62,5
11483,2026-07-02 12:24:16+05:30,4025.5,5,4041.01,1115426,146135.0,162199.0,4100.0,4110.0,4012.0,4092.6,24804850,4501.8,3683.4,4440.0,3288.1,4025.5,54,1,4025.4,87,1,4025.2,63,1,4025.0,4,1,4024.7,12,1,4026.0,56,3,4026.3,18,3,4026.4,94,5,4026.5,23,3,4026.6,62,5
11483,2026-07-02 12:24:17+05:30,4025.5,10,4041.01,1115442,146329.0,162226.0,4100.0,4110.0,4012.0,4092.6,24804850,4501.8,3683.4,4440.0,3288.1,4025.5,39,1,4025.4,87,1,4025.2,63,1,4025.0,4,1,4024.9,8,1,4026.0,55,3,4026.3,18,3,4026.4,94,5,4026.5,23,3,4026.6,62,5
11483,2026-07-02 12:24:17+05:30,4025.5,2,4041.01,1115442,146329.0,162226.0,4100.0,4110.0,4012.0,4092.6,24804850,4501.8,3683.4,4440.0,3288.1,4025.5,39,1,4025.4,87,1,4025.2,63,1,4025.0,4,1,4024.9,8,1,4026.0,55,3,4026.3,18,3,4026.4,94,5,4026.5,23,3,4026.6,62,5
11483,2026-07-02 12:24:18+05:30,4025.5,1,4041.01,1115446,146347.0,162229.0,4100.0,4110.0,4012.0,4092.6,24804850,4501.8,3683.4,4440.0,3288.1,4025.5,36,1,4025.4,87,1,4025.2,63,1,4025.0,4,1,4024.9,8,1,4026.0,54,3,4026.3,18,3,4026.4,94,5,4026.5,23,3,4026.6,62,5
11483,2026-07-02 12:24:18+05:30,4025.5,1,4041.01,1115446,146347.0,162229.0,4100.0,4110.0,4012.0,4092.6,24804850,4501.8,3683.4,4440.0,3288.1,4025.5,36,1,4025.4,87,1,4025.2,63,1,4025.0,4,1,4024.9,8,1,4026.0,54,3,4026.3,18,3,4026.4,94,5,4026.5,23,3,4026.6,62,5
11483,2026-07-02 12:24:19+05:30,4026.0,1,4041.01,1115447,146347.0,162235.0,4100.0,4110.0,4012.0,4092.6,24804850,4501.8,3683.4,4440.0,3288.1,4025.5,36,1,4025.4,87,1,4025.2,63,1,4025.0,4,1,4024.9,8,1,4026.0,63,5,4026.2,6,1,4026.3,18,3,4026.4,94,5,4026.5,23,3
11483,2026-07-02 12:24:19+05:30,4026.0,1,4041.01,1115447,146347.0,162235.0,4100.0,4110.0,4012.0,4092.6,24804850,4501.8,3683.4,4440.0,3288.1,4025.5,36,1,4025.4,87,1,4025.2,63,1,4025.0,4,1,4024.9,8,1,4026.0,63,5,4026.2,6,1,4026.3,18,3,4026.4,94,5,4026.5,23,3
11483,2026-07-02 12:24:20+05:30,4026.0,1,4041.01,1115448,146386.0,162243.0,4100.0,4110.0,4012.0,4092.6,24804850,4501.8,3683.4,4440.0,3288.1,4025.6,1,1,4025.5,36,1,4025.4,87,1,4025.2,63,1,4025.0,4,1,4026.0,68,6,4026.3,24,4,4026.4,94,5,4026.5,23,3,4026.6,62,5
11483,2026-07-02 12:24:21+05:30,4025.6,1,4041.01,1115448,146386.0,162243.0,4100.0,4110.0,4012.0,4092.6,24804850,4501.8,3683.4,4440.0,3288.1,4025.6,1,1,4025.5,36,1,4025.4,87,1,4025.2,63,1,4025.0,4,1,4026.0,68,6,4026.3,24,4,4026.4,94,5,4026.5,23,3,4026.6,62,5
11483,2026-07-02 12:24:23+05:30,4026.0,1,4041.01,1115448,146386.0,162243.0,4100.0,4110.0,4012.0,4092.6,24804850,4501.8,3683.4,4440.0,3288.1,4025.6,1,1,4025.5,36,1,4025.4,87,1,4025.2,63,1,4025.0,4,1,4026.0,68,6,4026.3,24,4,4026.4,94,5,4026.5,23,3,4026.6,62,5
11483,2026-07-02 12:24:25+05:30,4026.0,1,4041.01,1115500,146468.0,162202.0,4100.0,4110.0,4012.0,4092.6,24804850,4501.8,3683.4,4440.0,3288.1,4025.6,62,1,4025.5,2,1,4025.4,36,1,4025.3,87,1,4025.0,14,2,4026.0,14,2,4026.3,24,4,4026.4,98,5,4026.5,46,4,4026.6,31,3
11483,2026-07-02 12:24:25+05:30,4025.6,6,4041.01,1115500,146468.0,162202.0,4100.0,4110.0,4012.0,4092.6,24804850,4501.8,3683.4,4440.0,3288.1,4025.6,62,1,4025.5,2,1,4025.4,36,1,4025.3,87,1,4025.0,14,2,4026.0,14,2,4026.3,24,4,4026.4,98,5,4026.5,46,4,4026.6,31,3
11483,2026-07-02 12:24:27+05:30,4026.4,7,4041.01,1115500,146468.0,162202.0,4100.0,4110.0,4012.0,4092.6,24804850,4501.8,3683.4,4440.0,3288.1,4025.6,62,1,4025.5,2,1,4025.4,36,1,4025.3,87,1,4025.0,14,2,4026.0,14,2,4026.3,24,4,4026.4,98,5,4026.5,46,4,4026.6,31,3
11483,2026-07-02 12:24:29+05:30,4026.0,1,4041.01,1115500,146468.0,162202.0,4100.0,4110.0,4012.0,4092.6,24804850,4501.8,3683.4,4440.0,3288.1,4025.6,62,1,4025.5,2,1,4025.4,36,1,4025.3,87,1,4025.0,14,2,4026.0,14,2,4026.3,24,4,4026.4,98,5,4026.5,46,4,4026.6,31,3
11483,2026-07-02 12:24:29+05:30,4026.0,1,4041.01,1115870,147029.0,161985.0,4100.0,4110.0,4012.0,4092.6,24804850,4501.8,3683.4,4440.0,3288.1,4026.0,329,2,4025.7,1,1,4025.6,56,1,4025.5,34,2,4025.4,36,1,4026.5,40,4,4026.6,10,2,4026.7,3,1,4026.8,189,5,4026.9,9,2
11483,2026-07-02 12:24:31+05:30,4026.0,1,4041.01,1115870,147029.0,161985.0,4100.0,4110.0,4012.0,4092.6,24804850,4501.8,3683.4,4440.0,3288.1,4026.0,329,2,4025.7,1,1,4025.6,56,1,4025.5,34,2,4025.4,36,1,4026.5,40,4,4026.6,10,2,4026.7,3,1,4026.8,189,5,4026.9,9,2
11483,2026-07-02 12:24:33+05:30,4026.5,1,4041.01,1115870,147029.0,161985.0,4100.0,4110.0,4012.0,4092.6,24804850,4501.8,3683.4,4440.0,3288.1,4026.0,329,2,4025.7,1,1,4025.6,56,1,4025.5,34,2,4025.4,36,1,4026.5,40,4,4026.6,10,2,4026.7,3,1,4026.8,189,5,4026.9,9,2
11483,2026-07-02 12:24:34+05:30,4026.5,50,4041.0,1116030,147005.0,162104.0,4100.0,4110.0,4012.0,4092.6,24804850,4501.8,3683.4,4440.0,3288.1,4026.2,1,1,4026.0,381,4,4025.9,56,1,4025.8,36,1,4025.7,1,1,4026.5,157,3,4026.6,3,1,4026.7,3,1,4026.8,179,4,4026.9,18,3
11483,2026-07-02 12:24:35+05:30,4026.5,1,4041.0,1116030,147005.0,162104.0,4100.0,4110.0,4012.0,4092.6,24804850,4501.8,3683.4,4440.0,3288.1,4026.2,1,1,4026.0,381,4,4025.9,56,1,4025.8,36,1,4025.7,1,1,4026.5,157,3,4026.6,3,1,4026.7,3,1,4026.8,179,4,4026.9,18,3
11483,2026-07-02 12:24:37+05:30,4027.0,73,4041.0,1116030,147005.0,162104.0,4100.0,4110.0,4012.0,4092.6,24804850,4501.8,3683.4,4440.0,3288.1,4026.2,1,1,4026.0,381,4,4025.9,56,1,4025.8,36,1,4025.7,1,1,4026.5,157,3,4026.6,3,1,4026.7,3,1,4026.8,179,4,4026.9,18,3
11483,2026-07-02 12:24:38+05:30,4027.0,77,4041.0,1116417,147741.0,160216.0,4100.0,4110.0,4012.0,4092.6,24804850,4501.8,3683.4,4440.0,3288.1,4026.2,42,3,4026.1,60,2,4026.0,294,3,4025.9,87,1,4025.8,68,3,4027.0,44,2,4027.2,1,1,4027.6,15,1,4027.7,19,2,4028.0,71,4
11483,2026-07-02 12:24:39+05:30,4027.0,1,4041.0,1116417,147741.0,160216.0,4100.0,4110.0,4012.0,4092.6,24804850,4501.8,3683.4,4440.0,3288.1,4026.2,42,3,4026.1,60,2,4026.0,294,3,4025.9,87,1,4025.8,68,3,4027.0,44,2,4027.2,1,1,4027.6,15,1,4027.7,19,2,4028.0,71,4
11483,2026-07-02 12:24:41+05:30,4027.0,1,4041.0,1116417,147741.0,160216.0,4100.0,4110.0,4012.0,4092.6,24804850,4501.8,3683.4,4440.0,3288.1,4026.2,42,3,4026.1,60,2,4026.0,294,3,4025.9,87,1,4025.8,68,3,4027.0,44,2,4027.2,1,1,4027.6,15,1,4027.7,19,2,4028.0,71,4
11483,2026-07-02 12:24:43+05:30,4028.0,20,4040.99,1116760,147491.0,160438.0,4100.0,4110.0,4012.0,4092.6,24804850,4501.8,3683.4,4440.0,3288.1,4026.6,1,1,4026.3,1,1,4026.2,84,1,4026.1,62,3,4026.0,11,2,4027.6,26,5,4027.7,10,2,4027.8,24,4,4027.9,25,3,4028.0,79,6
11483,2026-07-02 12:24:43+05:30,4026.6,3,4040.99,1116760,147491.0,160438.0,4100.0,4110.0,4012.0,4092.6,24804850,4501.8,3683.4,4440.0,3288.1,4026.6,1,1,4026.3,1,1,4026.2,84,1,4026.1,62,3,4026.0,11,2,4027.6,26,5,4027.7,10,2,4027.8,24,4,4027.9,25,3,4028.0,79,6
11483,2026-07-02 12:24:45+05:30,4027.4,1,4040.99,1116760,147491.0,160438.0,4100.0,4110.0,4012.0,4092.6,24804850,4501.8,3683.4,4440.0,3288.1,4026.6,1,1,4026.3,1,1,4026.2,84,1,4026.1,62,3,4026.0,11,2,4027.6,26,5,4027.7,10,2,4027.8,24,4,4027.9,25,3,4028.0,79,6
11483,2026-07-02 12:24:47+05:30,4027.5,5,4040.99,1116760,147491.0,160438.0,4100.0,4110.0,4012.0,4092.6,24804850,4501.8,3683.4,4440.0,3288.1,4026.6,1,1,4026.3,1,1,4026.2,84,1,4026.1,62,3,4026.0,11,2,4027.6,26,5,4027.7,10,2,4027.8,24,4,4027.9,25,3,4028.0,79,6
11483,2026-07-02 12:24:47+05:30,4027.5,5,4040.99,1116968,147653.0,160306.0,4100.0,4110.0,4012.0,4092.6,24804850,4501.8,3683.4,4440.0,3288.1,4026.7,2,1,4026.6,83,1,4026.5,56,1,4026.4,84,1,4026.0,11,2,4027.6,48,3,4027.7,23,3,4027.8,31,4,4027.9,51,4,4028.0,94,7
11483,2026-07-02 12:24:49+05:30,4026.7,1,4040.99,1116968,147653.0,160306.0,4100.0,4110.0,4012.0,4092.6,24804850,4501.8,3683.4,4440.0,3288.1,4026.7,2,1,4026.6,83,1,4026.5,56,1,4026.4,84,1,4026.0,11,2,4027.6,48,3,4027.7,23,3,4027.8,31,4,4027.9,51,4,4028.0,94,7
11483,2026-07-02 12:24:51+05:30,4027.0,1,4040.99,1116968,147653.0,160306.0,4100.0,4110.0,4012.0,4092.6,24804850,4501.8,3683.4,4440.0,3288.1,4026.7,2,1,4026.6,83,1,4026.5,56,1,4026.4,84,1,4026.0,11,2,4027.6,48,3,4027.7,23,3,4027.8,31,4,4027.9,51,4,4028.0,94,7
11483,2026-07-02 12:24:52+05:30,4027.0,2,4040.99,1117009,147480.0,160651.0,4100.0,4110.0,4012.0,4092.6,24804850,4501.8,3683.4,4440.0,3288.1,4026.7,7,2,4026.5,5,1,4026.1,1,1,4026.0,11,2,4025.7,1,1,4027.0,41,4,4027.2,6,1,4027.5,16,2,4027.6,58,3,4027.7,46,5
11483,2026-07-02 12:24:53+05:30,4027.0,2,4040.99,1117009,147480.0,160651.0,4100.0,4110.0,4012.0,4092.6,24804850,4501.8,3683.4,4440.0,3288.1,4026.7,7,2,4026.5,5,1,4026.1,1,1,4026.0,11,2,4025.7,1,1,4027.0,41,4,4027.2,6,1,4027.5,16,2,4027.6,58,3,4027.7,46,5
11483,2026-07-02 12:24:53+05:30,4027.0,10,4040.99,1117009,147480.0,160651.0,4100.0,4110.0,4012.0,4092.6,24804850,4501.8,3683.4,4440.0,3288.1,4026.7,7,2,4026.5,5,1,4026.1,1,1,4026.0,11,2,4025.7,1,1,4027.0,41,4,4027.2,6,1,4027.5,16,2,4027.6,58,3,4027.7,46,5
11483,2026-07-02 12:24:53+05:30,4027.0,10,4040.99,1117009,147480.0,160651.0,4100.0,4110.0,4012.0,4092.6,24804850,4501.8,3683.4,4440.0,3288.1,4026.7,7,2,4026.5,5,1,4026.1,1,1,4026.0,11,2,4025.7,1,1,4027.0,41,4,4027.2,6,1,4027.5,16,2,4027.6,58,3,4027.7,46,5
11483,2026-07-02 12:24:54+05:30,4027.0,10,4040.99,1117009,147480.0,160651.0,4100.0,4110.0,4012.0,4092.6,24804850,4501.8,3683.4,4440.0,3288.1,4026.7,7,2,4026.5,5,1,4026.1,1,1,4026.0,11,2,4025.7,1,1,4027.0,41,4,4027.2,6,1,4027.5,16,2,4027.6,58,3,4027.7,46,5
11483,2026-07-02 12:24:55+05:30,4027.0,10,4040.99,1117009,147480.0,160651.0,4100.0,4110.0,4012.0,4092.6,24804850,4501.8,3683.4,4440.0,3288.1,4026.7,7,2,4026.5,5,1,4026.1,1,1,4026.0,11,2,4025.7,1,1,4027.0,41,4,4027.2,6,1,4027.5,16,2,4027.6,58,3,4027.7,46,5
11483,2026-07-02 12:24:55+05:30,4026.5,1,4040.99,1117009,147480.0,160651.0,4100.0,4110.0,4012.0,4092.6,24804850,4501.8,3683.4,4440.0,3288.1,4026.7,7,2,4026.5,5,1,4026.1,1,1,4026.0,11,2,4025.7,1,1,4027.0,41,4,4027.2,6,1,4027.5,16,2,4027.6,58,3,4027.7,46,5
11483,2026-07-02 12:24:55+05:30,4026.5,1,4040.99,1117009,147480.0,160651.0,4100.0,4110.0,4012.0,4092.6,24804850,4501.8,3683.4,4440.0,3288.1,4026.7,7,2,4026.5,5,1,4026.1,1,1,4026.0,11,2,4025.7,1,1,4027.0,41,4,4027.2,6,1,4027.5,16,2,4027.6,58,3,4027.7,46,5
11483,2026-07-02 12:24:56+05:30,4026.5,1,4040.99,1117009,147480.0,160651.0,4100.0,4110.0,4012.0,4092.6,24804850,4501.8,3683.4,4440.0,3288.1,4026.7,7,2,4026.5,5,1,4026.1,1,1,4026.0,11,2,4025.7,1,1,4027.0,41,4,4027.2,6,1,4027.5,16,2,4027.6,58,3,4027.7,46,5
11483,2026-07-02 12:24:56+05:30,4026.9,2,4040.99,1117074,147100.0,161566.0,4100.0,4110.0,4012.0,4092.6,24804850,4501.8,3683.4,4440.0,3288.1,4026.7,6,1,4026.5,10,1,4026.1,1,1,4026.0,8,2,4025.7,1,1,4026.8,175,1,4026.9,12,3,4027.0,114,5,4027.1,61,1,4027.2,6,1
11483,2026-07-02 12:24:57+05:30,4026.9,2,4040.99,1117074,147100.0,161566.0,4100.0,4110.0,4012.0,4092.6,24804850,4501.8,3683.4,4440.0,3288.1,4026.7,6,1,4026.5,10,1,4026.1,1,1,4026.0,8,2,4025.7,1,1,4026.8,175,1,4026.9,12,3,4027.0,114,5,4027.1,61,1,4027.2,6,1
11483,2026-07-02 12:24:57+05:30,4026.9,2,4040.99,1117074,147100.0,161566.0,4100.0,4110.0,4012.0,4092.6,24806775,4501.8,3683.4,4440.0,3288.1,4026.7,6,1,4026.5,10,1,4026.1,1,1,4026.0,8,2,4025.7,1,1,4026.8,175,1,4026.9,12,3,4027.0,114,5,4027.1,61,1,4027.2,6,1
11483,2026-07-02 12:24:57+05:30,4026.5,10,4040.99,1117074,147100.0,161566.0,4100.0,4110.0,4012.0,4092.6,24806775,4501.8,3683.4,4440.0,3288.1,4026.7,6,1,4026.5,10,1,4026.1,1,1,4026.0,8,2,4025.7,1,1,4026.8,175,1,4026.9,12,3,4027.0,114,5,4027.1,61,1,4027.2,6,1
11483,2026-07-02 12:24:57+05:30,4026.5,10,4040.99,1117074,147100.0,161566.0,4100.0,4110.0,4012.0,4092.6,24806775,4501.8,3683.4,4440.0,3288.1,4026.7,6,1,4026.5,10,1,4026.1,1,1,4026.0,8,2,4025.7,1,1,4026.8,175,1,4026.9,12,3,4027.0,114,5,4027.1,61,1,4027.2,6,1
11483,2026-07-02 12:24:58+05:30,4026.5,10,4040.99,1117074,147100.0,161566.0,4100.0,4110.0,4012.0,4092.6,24806775,4501.8,3683.4,4440.0,3288.1,4026.7,6,1,4026.5,10,1,4026.1,1,1,4026.0,8,2,4025.7,1,1,4026.8,175,1,4026.9,12,3,4027.0,114,5,4027.1,61,1,4027.2,6,1
11483,2026-07-02 12:24:59+05:30,4026.5,10,4040.99,1117074,147100.0,161566.0,4100.0,4110.0,4012.0,4092.6,24806775,4501.8,3683.4,4440.0,3288.1,4026.7,6,1,4026.5,10,1,4026.1,1,1,4026.0,8,2,4025.7,1,1,4026.8,175,1,4026.9,12,3,4027.0,114,5,4027.1,61,1,4027.2,6,1
11483,2026-07-02 12:24:59+05:30,4026.2,4,4040.99,1117074,147100.0,161566.0,4100.0,4110.0,4012.0,4092.6,24806775,4501.8,3683.4,4440.0,3288.1,4026.7,6,1,4026.5,10,1,4026.1,1,1,4026.0,8,2,4025.7,1,1,4026.8,175,1,4026.9,12,3,4027.0,114,5,4027.1,61,1,4027.2,6,1
11483,2026-07-02 12:25:01+05:30,4026.1,1,4040.99,1117074,147100.0,161566.0,4100.0,4110.0,4012.0,4092.6,24806775,4501.8,3683.4,4440.0,3288.1,4026.7,6,1,4026.5,10,1,4026.1,1,1,4026.0,8,2,4025.7,1,1,4026.8,175,1,4026.9,12,3,4027.0,114,5,4027.1,61,1,4027.2,6,1
11483,2026-07-02 12:25:01+05:30,4026.1,1,4040.99,1117114,146069.0,161493.0,4100.0,4110.0,4012.0,4092.6,24806775,4501.8,3683.4,4440.0,3288.1,4026.0,8,2,4025.7,1,1,4025.6,1,1,4025.5,94,3,4025.1,5,1,4026.7,39,4,4026.8,264,4,4026.9,80,1,4027.0,94,4,4027.1,9,1
11483,2026-07-02 12:25:03+05:30,4026.0,1,4040.99,1117114,146069.0,161493.0,4100.0,4110.0,4012.0,4092.6,24806775,4501.8,3683.4,4440.0,3288.1,4026.0,8,2,4025.7,1,1,4025.6,1,1,4025.5,94,3,4025.1,5,1,4026.7,39,4,4026.8,264,4,4026.9,80,1,4027.0,94,4,4027.1,9,1
11483,2026-07-02 12:25:05+05:30,4026.1,1,4040.99,1117114,146069.0,161493.0,4100.0,4110.0,4012.0,4092.6,24806775,4501.8,3683.4,4440.0,3288.1,4026.0,8,2,4025.7,1,1,4025.6,1,1,4025.5,94,3,4025.1,5,1,4026.7,39,4,4026.8,264,4,4026.9,80,1,4027.0,94,4,4027.1,9,1
11483,2026-07-02 12:25:06+05:30,4026.7,8,4040.99,1117136,146374.0,161555.0,4100.0,4110.0,4012.0,4092.6,24806775,4501.8,3683.4,4440.0,3288.1,4026.1,1,1,4026.0,1,1,4025.7,1,1,4025.6,1,1,4025.5,94,3,4026.7,94,7,4026.8,188,2,4026.9,67,1,4027.0,125,5,4027.2,9,2
11483,2026-07-02 12:25:07+05:30,4025.5,1,4040.99,1117136,146374.0,161555.0,4100.0,4110.0,4012.0,4092.6,24806775,4501.8,3683.4,4440.0,3288.1,4026.1,1,1,4026.0,1,1,4025.7,1,1,4025.6,1,1,4025.5,94,3,4026.7,94,7,4026.8,188,2,4026.9,67,1,4027.0,125,5,4027.2,9,2
11483,2026-07-02 12:25:09+05:30,4025.0,1,4040.99,1117136,146374.0,161555.0,4100.0,4110.0,4012.0,4092.6,24806775,4501.8,3683.4,4440.0,3288.1,4026.1,1,1,4026.0,1,1,4025.7,1,1,4025.6,1,1,4025.5,94,3,4026.7,94,7,4026.8,188,2,4026.9,67,1,4027.0,125,5,4027.2,9,2
11483,2026-07-02 12:25:11+05:30,4026.7,16,4040.99,1117367,147219.0,161550.0,4100.0,4110.0,4012.0,4092.6,24806775,4501.8,3683.4,4440.0,3288.1,4026.0,4,1,4025.7,1,1,4025.0,12,1,4024.9,7,3,4024.8,31,4,4026.7,45,1,4026.9,69,3,4027.0,82,2,4027.2,5,1,4027.3,29,2
11483,2026-07-02 12:25:11+05:30,4025.0,15,4040.99,1117367,147219.0,161550.0,4100.0,4110.0,4012.0,4092.6,24806775,4501.8,3683.4,4440.0,3288.1,4026.0,4,1,4025.7,1,1,4025.0,12,1,4024.9,7,3,4024.8,31,4,4026.7,45,1,4026.9,69,3,4027.0,82,2,4027.2,5,1,4027.3,29,2
11483,2026-07-02 12:25:13+05:30,4025.0,1,4040.99,1117367,147219.0,161550.0,4100.0,4110.0,4012.0,4092.6,24806775,4501.8,3683.4,4440.0,3288.1,4026.0,4,1,4025.7,1,1,4025.0,12,1,4024.9,7,3,4024.8,31,4,4026.7,45,1,4026.9,69,3,4027.0,82,2,4027.2,5,1,4027.3,29,2
11483,2026-07-02 12:25:15+05:30,4025.0,1,4040.99,1117367,147219.0,161550.0,4100.0,4110.0,4012.0,4092.6,24806775,4501.8,3683.4,4440.0,3288.1,4026.0,4,1,4025.7,1,1,4025.0,12,1,4024.9,7,3,4024.8,31,4,4026.7,45,1,4026.9,69,3,4027.0,82,2,4027.2,5,1,4027.3,29,2
11483,2026-07-02 12:25:16+05:30,4025.0,1,4040.98,1117580,146922.0,162498.0,4100.0,4110.0,4012.0,4092.6,24806775,4501.8,3683.4,4440.0,3288.1,4025.5,2,2,4025.0,56,2,4024.9,26,3,4024.8,76,6,4024.7,70,3,4026.7,29,1,4026.9,68,2,4027.0,82,2,4027.1,30,1,4027.2,38,2
11483,2026-07-02 12:25:17+05:30,4025.1,1,4040.98,1117580,146922.0,162498.0,4100.0,4110.0,4012.0,4092.6,24806775,4501.8,3683.4,4440.0,3288.1,4025.5,2,2,4025.0,56,2,4024.9,26,3,4024.8,76,6,4024.7,70,3,4026.7,29,1,4026.9,68,2,4027.0,82,2,4027.1,30,1,4027.2,38,2
11483,2026-07-02 12:25:19+05:30,4025.0,1,4040.98,1117580,146922.0,162498.0,4100.0,4110.0,4012.0,4092.6,24806775,4501.8,3683.4,4440.0,3288.1,4025.5,2,2,4025.0,56,2,4024.9,26,3,4024.8,76,6,4024.7,70,3,4026.7,29,1,4026.9,68,2,4027.0,82,2,4027.1,30,1,4027.2,38,2
11483,2026-07-02 12:25:20+05:30,4025.0,5,4040.98,1117730,146889.0,162505.0,4100.0,4110.0,4012.0,4092.6,24806775,4501.8,3683.4,4440.0,3288.1,4025.0,12,2,4024.8,20,4,4024.7,91,7,4024.6,61,2,4024.5,76,4,4026.6,19,1,4026.7,36,4,4026.9,122,4,4027.0,82,2,4027.1,27,3
11483,2026-07-02 12:25:20+05:30,4024.8,1,4040.98,1117730,146889.0,162505.0,4100.0,4110.0,4012.0,4092.6,24806775,4501.8,3683.4,4440.0,3288.1,4025.0,12,2,4024.8,20,4,4024.7,91,7,4024.6,61,2,4024.5,76,4,4026.6,19,1,4026.7,36,4,4026.9,122,4,4027.0,82,2,4027.1,27,3
11483,2026-07-02 12:25:21+05:30,4024.4,5,4040.98,1117786,145196.0,163465.0,4100.0,4110.0,4012.0,4092.6,24806775,4501.8,3683.4,4440.0,3288.1,4024.1,120,3,4024.0,418,15,4023.9,38,1,4023.5,33,2,4023.4,12,1,4025.0,3,2,4025.6,8,2,4025.7,2,1,4025.8,4,1,4025.9,80,4
11483,2026-07-02 12:25:21+05:30,4024.1,1,4040.98,1117786,145196.0,163465.0,4100.0,4110.0,4012.0,4092.6,24806775,4501.8,3683.4,4440.0,3288.1,4024.1,120,3,4024.0,418,15,4023.9,38,1,4023.5,33,2,4023.4,12,1,4025.0,3,2,4025.6,8,2,4025.7,2,1,4025.8,4,1,4025.9,80,4
11483,2026-07-02 12:25:22+05:30,4026.0,24,4040.91,1123952,147435.0,160295.0,4100.0,4110.0,4012.0,4092.6,24806775,4501.8,3683.4,4440.0,3288.1,4026.2,52,3,4026.1,71,4,4026.0,60,2,4025.9,50,1,4025.8,50,1,4027.6,37,2,4027.7,9,1,4027.8,1,1,4027.9,1,1,4028.0,51,5
11483,2026-07-02 12:25:22+05:30,4026.1,1,4040.91,1123952,147435.0,160295.0,4100.0,4110.0,4012.0,4092.6,24806775,4501.8,3683.4,4440.0,3288.1,4026.2,52,3,4026.1,71,4,4026.0,60,2,4025.9,50,1,4025.8,50,1,4027.6,37,2,4027.7,9,1,4027.8,1,1,4027.9,1,1,4028.0,51,5
11483,2026-07-02 12:25:23+05:30,4026.1,1,4040.9,1124065,146901.0,162077.0,4100.0,4110.0,4012.0,4092.6,24806775,4501.8,3683.4,4440.0,3288.1,4025.3,78,3,4025.2,50,1,4025.1,50,1,4024.9,79,3,4024.8,40,2,4026.0,10,1,4026.2,74,1,4027.2,43,3,4027.3,26,1,4027.4,48,2
11483,2026-07-02 12:25:23+05:30,4025.3,1,4040.9,1124065,146901.0,162077.0,4100.0,4110.0,4012.0,4092.6,24806775,4501.8,3683.4,4440.0,3288.1,4025.3,78,3,4025.2,50,1,4025.1,50,1,4024.9,79,3,4024.8,40,2,4026.0,10,1,4026.2,74,1,4027.2,43,3,4027.3,26,1,4027.4,48,2
11483,2026-07-02 12:25:24+05:30,4026.2,12,4040.9,1124103,147512.0,162051.0,4100.0,4110.0,4012.0,4092.6,24806775,4501.8,3683.4,4440.0,3288.1,4026.0,1,1,4025.8,86,5,4025.7,82,5,4025.6,90,5,4025.5,82,5,4026.2,62,1,4027.0,35,1,4027.2,5,1,4027.5,12,1,4027.7,26,1
11483,2026-07-02 12:25:24+05:30,4025.8,1,4040.9,1124103,147512.0,162051.0,4100.0,4110.0,4012.0,4092.6,24806775,4501.8,3683.4,4440.0,3288.1,4026.0,1,1,4025.8,86,5,4025.7,82,5,4025.6,90,5,4025.5,82,5,4026.2,62,1,4027.0,35,1,4027.2,5,1,4027.5,12,1,4027.7,26,1
11483,2026-07-02 12:25:25+05:30,4025.8,1,4040.9,1124105,147420.0,161990.0,4100.0,4110.0,4012.0,4092.6,24806775,4501.8,3683.4,4440.0,3288.1,4025.8,62,3,4025.7,59,3,4025.6,77,4,4025.5,83,6,4025.4,31,4,4026.0,1,1,4026.2,62,1,4027.0,35,1,4027.2,5,1,4027.5,12,1
11483,2026-07-02 12:25:25+05:30,4026.2,6,4040.9,1124105,147420.0,161990.0,4100.0,4110.0,4012.0,4092.6,24806775,4501.8,3683.4,4440.0,3288.1,4025.8,62,3,4025.7,59,3,4025.6,77,4,4025.5,83,6,4025.4,31,4,4026.0,1,1,4026.2,62,1,4027.0,35,1,4027.2,5,1,4027.5,12,1
11483,2026-07-02 12:25:26+05:30,4026.2,7,4040.9,1124123,147393.0,161977.0,4100.0,4110.0,4012.0,4092.6,24806775,4501.8,3683.4,4440.0,3288.1,4025.8,62,4,4025.7,50,1,4025.6,65,3,4025.5,71,4,4025.4,21,3,4026.2,49,1,4027.0,35,1,4027.2,5,1,4027.5,12,1,4027.7,38,3
11483,2026-07-02 12:25:26+05:30,4025.8,1,4040.9,1124123,147393.0,161977.0,4100.0,4110.0,4012.0,4092.6,24806775,4501.8,3683.4,4440.0,3288.1,4025.8,62,4,4025.7,50,1,4025.6,65,3,4025.5,71,4,4025.4,21,3,4026.2,49,1,4027.0,35,1,4027.2,5,1,4027.5,12,1,4027.7,38,3
11483,2026-07-02 12:25:27+05:30,4026.2,1,4040.9,1124130,147422.0,161974.0,4100.0,4110.0,4012.0,4092.6,24806775,4501.8,3683.4,4440.0,3288.1,4025.8,62,6,4025.7,50,1,4025.6,65,3,4025.5,71,4,4025.4,24,4,4026.2,46,1,4027.0,35,1,4027.2,5,1,4027.5,12,1,4027.7,38,3
11483,2026-07-02 12:25:27+05:30,4025.8,1,4040.9,1124130,147422.0,161974.0,4100.0,4110.0,4012.0,4092.6,24806775,4501.8,3683.4,4440.0,3288.1,4025.8,62,6,4025.7,50,1,4025.6,65,3,4025.5,71,4,4025.4,24,4,4026.2,46,1,4027.0,35,1,4027.2,5,1,4027.5,12,1,4027.7,38,3
11483,2026-07-02 12:25:28+05:30,4026.2,1,4040.9,1124133,146960.0,162252.0,4100.0,4110.0,4012.0,4092.6,24806775,4501.8,3683.4,4440.0,3288.1,4025.5,51,2,4025.4,8,1,4025.1,26,1,4025.0,100,1,4024.9,84,3,4026.0,77,1,4026.2,45,1,4027.0,35,1,4027.2,43,3,4027.4,3,1
11483,2026-07-02 12:25:28+05:30,4025.5,1,4040.9,1124133,146960.0,162252.0,4100.0,4110.0,4012.0,4092.6,24806775,4501.8,3683.4,4440.0,3288.1,4025.5,51,2,4025.4,8,1,4025.1,26,1,4025.0,100,1,4024.9,84,3,4026.0,77,1,4026.2,45,1,4027.0,35,1,4027.2,43,3,4027.4,3,1
11483,2026-07-02 12:25:29+05:30,4025.5,5,4040.9,1124146,146932.0,162250.0,4100.0,4110.0,4012.0,4092.6,24806775,4501.8,3683.4,4440.0,3288.1,4025.5,62,5,4025.0,100,1,4024.9,84,3,4024.8,85,3,4024.7,71,4,4026.0,70,1,4026.1,1,1,4026.2,45,1,4026.4,8,1,4027.0,35,1
11483,2026-07-02 12:25:29+05:30,4025.5,2,4040.9,1124146,146932.0,162250.0,4100.0,4110.0,4012.0,4092.6,24806775,4501.8,3683.4,4440.0,3288.1,4025.5,62,5,4025.0,100,1,4024.9,84,3,4024.8,85,3,4024.7,71,4,4026.0,70,1,4026.1,1,1,4026.2,45,1,4026.4,8,1,4027.0,35,1
11483,2026-07-02 12:25:30+05:30,4026.0,22,4040.9,1124170,146970.0,162274.0,4100.0,4110.0,4012.0,4092.6,24806775,4501.8,3683.4,4440.0,3288.1,4025.5,62,6,4025.0,100,1,4024.9,96,4,4024.8,85,3,4024.7,71,4,4026.0,49,2,4026.1,1,1,4026.2,45,1,4026.4,8,1,4027.0,35,1
11483,2026-07-02 12:25:30+05:30,4025.5,3,4040.9,1124170,146970.0,162274.0,4100.0,4110.0,4012.0,4092.6,24806775,4501.8,3683.4,4440.0,3288.1,4025.5,62,6,4025.0,100,1,4024.9,96,4,4024.8,85,3,4024.7,71,4,4026.0,49,2,4026.1,1,1,4026.2,45,1,4026.4,8,1,4027.0,35,1
11483,2026-07-02 12:25:31+05:30,4026.0,2,4040.9,1124181,147125.0,162260.0,4100.0,4110.0,4012.0,4092.6,24806775,4501.8,3683.4,4440.0,3288.1,4025.5,10,3,4025.3,12,1,4025.2,5,1,4025.1,36,2,4025.0,200,3,4026.0,41,2,4026.1,1,1,4026.2,45,1,4026.4,8,1,4027.0,35,1
11483,2026-07-02 12:25:31+05:30,4025.5,1,4040.9,1124181,147125.0,162260.0,4100.0,4110.0,4012.0,4092.6,24806775,4501.8,3683.4,4440.0,3288.1,4025.5,10,3,4025.3,12,1,4025.2,5,1,4025.1,36,2,4025.0,200,3,4026.0,41,2,4026.1,1,1,4026.2,45,1,4026.4,8,1,4027.0,35,1
11483,2026-07-02 12:25:32+05:30,4026.0,1,4040.9,1124184,147147.0,162260.0,4100.0,4110.0,4012.0,4092.6,24806775,4501.8,3683.4,4440.0,3288.1,4025.7,1,1,4025.4,27,4,4025.3,15,2,4025.1,36,2,4025.0,200,3,4026.0,39,2,4026.1,1,1,4026.2,45,1,4026.4,8,1,4027.0,35,1
11483,2026-07-02 12:25:32+05:30,4026.0,1,4040.9,1124184,147147.0,162260.0,4100.0,4110.0,4012.0,4092.6,24806775,4501.8,3683.4,4440.0,3288.1,4025.7,1,1,4025.4,27,4,4025.3,15,2,4025.1,36,2,4025.0,200,3,4026.0,39,2,4026.1,1,1,4026.2,45,1,4026.4,8,1,4027.0,35,1
11483,2026-07-02 12:25:33+05:30,4026.0,1,4040.9,1124184,147155.0,162220.0,4100.0,4110.0,4012.0,4092.6,24806775,4501.8,3683.4,4440.0,3288.1,4025.7,10,3,4025.4,61,7,4025.3,3,1,4025.2,50,1,4025.1,86,3,4026.0,39,2,4026.1,1,1,4026.2,45,1,4026.4,8,1,4027.0,35,1
11483,2026-07-02 12:25:34+05:30,4026.0,3,4040.9,1124187,147191.0,162219.0,4100.0,4110.0,4012.0,4092.6,24806775,4501.8,3683.4,4440.0,3288.1,4025.7,7,2,4025.4,41,5,4025.3,3,1,4025.2,50,1,4025.1,86,3,4026.0,36,2,4026.1,1,1,4026.2,45,1,4026.4,8,1,4027.0,35,1
11483,2026-07-02 12:25:34+05:30,4025.7,1,4040.9,1124187,147191.0,162219.0,4100.0,4110.0,4012.0,4092.6,24806775,4501.8,3683.4,4440.0,3288.1,4025.7,7,2,4025.4,41,5,4025.3,3,1,4025.2,50,1,4025.1,86,3,4026.0,36,2,4026.1,1,1,4026.2,45,1,4026.4,8,1,4027.0,35,1
11483,2026-07-02 12:25:35+05:30,4025.7,1,4040.9,1124188,147187.0,162221.0,4100.0,4110.0,4012.0,4092.6,24806775,4501.8,3683.4,4440.0,3288.1,4025.8,2,1,4025.7,7,2,4025.4,33,4,4025.3,3,1,4025.2,50,1,4026.0,36,2,4026.1,1,1,4026.2,45,1,4026.4,8,1,4027.0,35,1
11483,2026-07-02 12:25:35+05:30,4026.0,1,4040.9,1124188,147187.0,162221.0,4100.0,4110.0,4012.0,4092.6,24806775,4501.8,3683.4,4440.0,3288.1,4025.8,2,1,4025.7,7,2,4025.4,33,4,4025.3,3,1,4025.2,50,1,4026.0,36,2,4026.1,1,1,4026.2,45,1,4026.4,8,1,4027.0,35,1
11483,2026-07-02 12:25:36+05:30,4026.0,1,4040.9,1124189,147212.0,162221.0,4100.0,4110.0,4012.0,4092.6,24806775,4501.8,3683.4,4440.0,3288.1,4025.8,2,1,4025.7,7,2,4025.4,33,4,4025.3,3,1,4025.2,50,1,4026.0,35,2,4026.1,1,1,4026.2,45,1,4026.4,8,1,4027.0,35,1
11483,2026-07-02 12:25:37+05:30,4026.0,2,4040.9,1124191,147271.0,162088.0,4100.0,4110.0,4012.0,4092.6,24806775,4501.8,3683.4,4440.0,3288.1,4025.8,10,3,4025.4,12,2,4025.3,3,1,4025.2,50,1,4025.1,74,2,4026.0,33,2,4026.1,1,1,4026.2,45,1,4026.4,8,1,4027.0,35,1
11483,2026-07-02 12:25:37+05:30,4026.0,18,4040.9,1124191,147271.0,162088.0,4100.0,4110.0,4012.0,4092.6,24806775,4501.8,3683.4,4440.0,3288.1,4025.8,10,3,4025.4,12,2,4025.3,3,1,4025.2,50,1,4025.1,74,2,4026.0,33,2,4026.1,1,1,4026.2,45,1,4026.4,8,1,4027.0,35,1
11483,2026-07-02 12:25:38+05:30,4025.2,23,4040.9,1124259,147138.0,162288.0,4100.0,4110.0,4012.0,4092.6,24806775,4501.8,3683.4,4440.0,3288.1,4025.2,14,2,4025.1,50,1,4025.0,207,4,4024.9,50,1,4024.8,26,1,4025.9,1,1,4026.0,189,5,4026.1,1,1,4026.2,45,1,4026.4,8,1
11483,2026-07-02 12:25:38+05:30,4025.1,17,4040.9,1124259,147138.0,162288.0,4100.0,4110.0,4012.0,4092.6,24806775,4501.8,3683.4,4440.0,3288.1,4025.2,14,2,4025.1,50,1,4025.0,207,4,4024.9,50,1,4024.8,26,1,4025.9,1,1,4026.0,189,5,4026.1,1,1,4026.2,45,1,4026.4,8,1
11483,2026-07-02 12:25:39+05:30,4026.0,2,4040.9,1124295,147368.0,162423.0,4100.0,4110.0,4012.0,4092.6,24806775,4501.8,3683.4,4440.0,3288.1,4025.2,11,2,4025.1,37,4,4025.0,229,5,4024.9,58,2,4024.8,26,1,4026.0,187,5,4026.1,1,1,4026.2,45,1,4026.4,8,1,4026.8,26,1
11483,2026-07-02 12:25:39+05:30,4025.2,2,4040.9,1124295,147368.0,162423.0,4100.0,4110.0,4012.0,4092.6,24806775,4501.8,3683.4,4440.0,3288.1,4025.2,11,2,4025.1,37,4,4025.0,229,5,4024.9,58,2,4024.8,26,1,4026.0,187,5,4026.1,1,1,4026.2,45,1,4026.4,8,1,4026.8,26,1
11483,2026-07-02 12:25:40+05:30,4026.0,2,4040.9,1124302,147292.0,162391.0,4100.0,4110.0,4012.0,4092.6,24806775,4501.8,3683.4,4440.0,3288.1,4025.1,23,2,4025.0,249,6,4024.9,65,2,4024.8,26,1,4024.6,39,2,4026.0,185,5,4026.1,1,1,4026.2,45,1,4026.4,8,1,4026.8,26,1
11483,2026-07-02 12:25:40+05:30,4026.0,2,4040.9,1124302,147292.0,162391.0,4100.0,4110.0,4012.0,4092.6,24806775,4501.8,3683.4,4440.0,3288.1,4025.1,23,2,4025.0,249,6,4024.9,65,2,4024.8,26,1,4024.6,39,2,4026.0,185,5,4026.1,1,1,4026.2,45,1,4026.4,8,1,4026.8,26,1
11483,2026-07-02 12:25:41+05:30,4026.0,40,4040.9,1124402,147798.0,162348.0,4100.0,4110.0,4012.0,4092.6,24806775,4501.8,3683.4,4440.0,3288.1,4025.9,4,1,4025.3,14,3,4025.2,3,1,4025.1,12,2,4025.0,341,7,4026.0,85,3,4026.1,1,1,4026.2,45,1,4026.4,8,1,4026.9,12,1
11483,2026-07-02 12:25:41+05:30,4025.9,1,4040.9,1124402,147798.0,162348.0,4100.0,4110.0,4012.0,4092.6,24806775,4501.8,3683.4,4440.0,3288.1,4025.9,4,1,4025.3,14,3,4025.2,3,1,4025.1,12,2,4025.0,341,7,4026.0,85,3,4026.1,1,1,4026.2,45,1,4026.4,8,1,4026.9,12,1
11483,2026-07-02 12:25:42+05:30,4028.4,7,4040.88,1126423,149434.0,159670.0,4100.0,4110.0,4012.0,4092.6,24806775,4501.8,3683.4,4440.0,3288.1,4028.0,554,1,4027.0,30,3,4026.9,18,1,4026.7,21,1,4026.6,3,1,4028.5,5,3,4028.8,15,1,4029.0,33,3,4029.1,175,1,4029.2,78,1
11483,2026-07-02 12:25:42+05:30,4028.0,243,4040.88,1126423,149434.0,159670.0,4100.0,4110.0,4012.0,4092.6,24806775,4501.8,3683.4,4440.0,3288.1,4028.0,554,1,4027.0,30,3,4026.9,18,1,4026.7,21,1,4026.6,3,1,4028.5,5,3,4028.8,15,1,4029.0,33,3,4029.1,175,1,4029.2,78,1
11483,2026-07-02 12:25:43+05:30,4028.0,104,4040.87,1126771,149213.0,159740.0,4100.0,4110.0,4012.0,4092.6,24806775,4501.8,3683.4,4440.0,3288.1,4028.0,207,1,4027.0,17,1,4026.9,230,4,4026.8,12,1,4026.7,43,2,4028.7,8,1,4028.8,42,4,4029.0,2,1,4029.1,177,2,4029.2,78,1
11483,2026-07-02 12:25:43+05:30,4028.0,42,4040.87,1126771,149213.0,159740.0,4100.0,4110.0,4012.0,4092.6,24806775,4501.8,3683.4,4440.0,3288.1,4028.0,207,1,4027.0,17,1,4026.9,230,4,4026.8,12,1,4026.7,43,2,4028.7,8,1,4028.8,42,4,4029.0,2,1,4029.1,177,2,4029.2,78,1
11483,2026-07-02 12:25:44+05:30,4028.0,2017,4040.85,1128834,149505.0,160302.0,4100.0,4110.0,4012.0,4092.6,24806775,4501.8,3683.4,4440.0,3288.1,4028.0,600,1,4026.9,214,4,4026.8,38,2,4026.6,3,1,4026.5,39,2,4028.5,5,1,4028.6,17,2,4028.7,70,4,4028.8,25,2,4028.9,11,1
11483,2026-07-02 12:25:44+05:30,4028.0,247,4040.85,1128834,149505.0,160302.0,4100.0,4110.0,4012.0,4092.6,24806775,4501.8,3683.4,4440.0,3288.1,4028.0,600,1,4026.9,214,4,4026.8,38,2,4026.6,3,1,4026.5,39,2,4028.5,5,1,4028.6,17,2,4028.7,70,4,4028.8,25,2,4028.9,11,1
11483,2026-07-02 12:25:45+05:30,4028.0,1374,4040.83,1130455,148311.0,161494.0,4100.0,4110.0,4012.0,4092.6,24806775,4501.8,3683.4,4440.0,3288.1,4026.1,2,1,4026.0,1,1,4025.5,72,2,4025.4,87,5,4025.3,77,5,4027.6,49,3,4027.7,32,2,4027.8,12,1,4027.9,50,2,4028.0,448,5
11483,2026-07-02 12:25:45+05:30,4026.0,1,4040.83,1130455,148311.0,161494.0,4100.0,4110.0,4012.0,4092.6,24806775,4501.8,3683.4,4440.0,3288.1,4026.1,2,1,4026.0,1,1,4025.5,72,2,4025.4,87,5,4025.3,77,5,4027.6,49,3,4027.7,32,2,4027.8,12,1,4027.9,50,2,4028.0,448,5
11483,2026-07-02 12:25:46+05:30,4026.1,22,4040.83,1130651,150516.0,161715.0,4100.0,4110.0,4012.0,4092.6,24806775,4501.8,3683.4,4440.0,3288.1,4026.1,22,4,4026.0,2040,5,4025.9,68,4,4025.8,50,1,4025.7,72,3,4027.0,16,1,4027.8,12,1,4027.9,75,2,4028.0,400,1,4028.1,12,1
11483,2026-07-02 12:25:46+05:30,4026.1,4,4040.83,1130651,150516.0,161715.0,4100.0,4110.0,4012.0,4092.6,24806775,4501.8,3683.4,4440.0,3288.1,4026.1,22,4,4026.0,2040,5,4025.9,68,4,4025.8,50,1,4025.7,72,3,4027.0,16,1,4027.8,12,1,4027.9,75,2,4028.0,400,1,4028.1,12,1
11483,2026-07-02 12:25:47+05:30,4026.1,4,4040.83,1130674,150226.0,161314.0,4100.0,4110.0,4012.0,4092.6,24806775,4501.8,3683.4,4440.0,3288.1,4026.5,22,4,4026.4,45,6,4026.3,20,3,4026.2,16,3,4026.1,61,5,4027.0,16,1,4027.8,90,2,4028.0,16,1,4028.1,12,1,4028.2,28,1
11483,2026-07-02 12:25:47+05:30,4026.5,3,4040.83,1130674,150226.0,161314.0,4100.0,4110.0,4012.0,4092.6,24806775,4501.8,3683.4,4440.0,3288.1,4026.5,22,4,4026.4,45,6,4026.3,20,3,4026.2,16,3,4026.1,61,5,4027.0,16,1,4027.8,90,2,4028.0,16,1,4028.1,12,1,4028.2,28,1
11483,2026-07-02 12:25:48+05:30,4026.5,3,4040.83,1130677,150452.0,161077.0,4100.0,4110.0,4012.0,4092.6,24806775,4501.8,3683.4,4440.0,3288.1,4026.7,8,1,4026.6,20,3,4026.5,12,3,4026.4,39,7,4026.3,79,5,4027.7,22,1,4027.8,78,1,4028.1,12,1,4028.2,28,1,4028.4,19,2
11483,2026-07-02 12:25:49+05:30,4026.5,3,4040.83,1130677,150721.0,161330.0,4100.0,4110.0,4012.0,4092.6,24806775,4501.8,3683.4,4440.0,3288.1,4026.7,8,1,4026.6,15,2,4026.5,25,4,4026.4,32,6,4026.3,79,5,4027.7,22,1,4027.8,78,1,4028.0,200,1,4028.1,12,1,4028.2,28,1
11483,2026-07-02 12:25:50+05:30,4027.0,5,4040.83,1130692,150842.0,161107.0,4100.0,4110.0,4012.0,4092.6,24806775,4501.8,3683.4,4440.0,3288.1,4026.6,18,3,4026.5,19,3,4026.4,15,4,4026.3,79,5,4026.2,57,3,4027.0,1,1,4027.7,12,1,4027.8,13,1,4028.0,200,1,4028.1,13,1
11483,2026-07-02 12:25:50+05:30,4027.0,3,4040.83,1130692,150842.0,161107.0,4100.0,4110.0,4012.0,4092.6,24806775,4501.8,3683.4,4440.0,3288.1,4026.6,18,3,4026.5,19,3,4026.4,15,4,4026.3,79,5,4026.2,57,3,4027.0,1,1,4027.7,12,1,4027.8,13,1,4028.0,200,1,4028.1,13,1
11483,2026-07-02 12:25:51+05:30,4027.0,1,4040.83,1130698,150527.0,161207.0,4100.0,4110.0,4012.0,4092.6,24806775,4501.8,3683.4,4440.0,3288.1,4026.6,16,2,4026.5,9,1,4026.4,1,1,4026.3,4,2,4026.2,53,2,4027.0,6,2,4027.7,12,1,4027.8,93,3,4027.9,86,3,4028.0,416,6
11483,2026-07-02 12:25:51+05:30,4026.5,1,4040.83,1130698,150527.0,161207.0,4100.0,4110.0,4012.0,4092.6,24806775,4501.8,3683.4,4440.0,3288.1,4026.6,16,2,4026.5,9,1,4026.4,1,1,4026.3,4,2,4026.2,53,2,4027.0,6,2,4027.7,12,1,4027.8,93,3,4027.9,86,3,4028.0,416,6
11483,2026-07-02 12:25:52+05:30,4026.2,1,4040.83,1130728,150524.0,161284.0,4100.0,4110.0,4012.0,4092.6,24806775,4501.8,3683.4,4440.0,3288.1,4026.8,1,1,4026.2,61,3,4026.1,54,3,4026.0,2200,3,4025.7,26,2,4027.0,2,1,4027.8,91,2,4027.9,88,4,4028.0,416,6,4028.1,25,2
11483,2026-07-02 12:25:52+05:30,4026.8,3,4040.83,1130728,150524.0,161284.0,4100.0,4110.0,4012.0,4092.6,24806775,4501.8,3683.4,4440.0,3288.1,4026.8,1,1,4026.2,61,3,4026.1,54,3,4026.0,2200,3,4025.7,26,2,4027.0,2,1,4027.8,91,2,4027.9,88,4,4028.0,416,6,4028.1,25,2
11483,2026-07-02 12:25:53+05:30,4026.8,3,4040.83,1130731,150379.0,161692.0,4100.0,4110.0,4012.0,4092.6,24806775,4501.8,3683.4,4440.0,3288.1,4026.4,8,1,4026.3,24,3,4026.2,50,2,4026.1,89,5,4026.0,2200,3,4026.8,1,1,4027.0,19,2,4027.7,48,1,4027.8,103,3,4027.9,88,4
11483,2026-07-02 12:25:53+05:30,4026.8,3,4040.83,1130731,150379.0,161692.0,4100.0,4110.0,4012.0,4092.6,24806775,4501.8,3683.4,4440.0,3288.1,4026.4,8,1,4026.3,24,3,4026.2,50,2,4026.1,89,5,4026.0,2200,3,4026.8,1,1,4027.0,19,2,4027.7,48,1,4027.8,103,3,4027.9,88,4
11483,2026-07-02 12:25:54+05:30,4026.8,3,4040.83,1130731,150379.0,161692.0,4100.0,4110.0,4012.0,4092.6,24806775,4501.8,3683.4,4440.0,3288.1,4026.4,8,1,4026.3,24,3,4026.2,50,2,4026.1,89,5,4026.0,2200,3,4026.8,1,1,4027.0,19,2,4027.7,48,1,4027.8,103,3,4027.9,88,4
11483,2026-07-02 12:25:54+05:30,4026.8,1,4040.83,1130732,150362.0,161322.0,4100.0,4110.0,4012.0,4092.6,24806775,4501.8,3683.4,4440.0,3288.1,4026.5,1,1,4026.4,8,1,4026.3,24,3,4026.1,53,2,4026.0,2200,3,4027.6,80,2,4027.8,91,2,4027.9,54,4,4028.0,433,7,4028.1,13,1
11483,2026-07-02 12:25:54+05:30,4026.8,1,4040.83,1130732,150362.0,161322.0,4100.0,4110.0,4012.0,4092.6,24806775,4501.8,3683.4,4440.0,3288.1,4026.5,1,1,4026.4,8,1,4026.3,24,3,4026.1,53,2,4026.0,2200,3,4027.6,80,2,4027.8,91,2,4027.9,54,4,4028.0,433,7,4028.1,13,1
11483,2026-07-02 12:25:54+05:30,4026.8,1,4040.83,1130732,150362.0,161322.0,4100.0,4110.0,4012.0,4092.6,24806775,4501.8,3683.4,4440.0,3288.1,4026.5,1,1,4026.4,8,1,4026.3,24,3,4026.1,53,2,4026.0,2200,3,4027.6,80,2,4027.8,91,2,4027.9,54,4,4028.0,433,7,4028.1,13,1
11483,2026-07-02 12:25:55+05:30,4026.8,1,4040.83,1130732,150362.0,161322.0,4100.0,4110.0,4012.0,4092.6,24806775,4501.8,3683.4,4440.0,3288.1,4026.5,1,1,4026.4,8,1,4026.3,24,3,4026.1,53,2,4026.0,2200,3,4027.6,80,2,4027.8,91,2,4027.9,54,4,4028.0,433,7,4028.1,13,1
11483,2026-07-02 12:25:55+05:30,4026.0,8,4040.8,1133019,147094.0,163278.0,4100.0,4110.0,4012.0,4092.6,24806775,4501.8,3683.4,4440.0,3288.1,4025.7,10,1,4025.2,38,1,4025.0,279,5,4024.7,50,1,4024.5,50,1,4026.0,810,1,4026.8,23,3,4026.9,27,2,4027.2,63,3,4027.3,29,2
11483,2026-07-02 12:25:55+05:30,4026.0,8,4040.8,1133019,147094.0,163278.0,4100.0,4110.0,4012.0,4092.6,24806775,4501.8,3683.4,4440.0,3288.1,4025.7,10,1,4025.2,38,1,4025.0,279,5,4024.7,50,1,4024.5,50,1,4026.0,810,1,4026.8,23,3,4026.9,27,2,4027.2,63,3,4027.3,29,2
11483,2026-07-02 12:25:55+05:30,4025.7,10,4040.8,1133019,147094.0,163278.0,4100.0,4110.0,4012.0,4092.6,24806775,4501.8,3683.4,4440.0,3288.1,4025.7,10,1,4025.2,38,1,4025.0,279,5,4024.7,50,1,4024.5,50,1,4026.0,810,1,4026.8,23,3,4026.9,27,2,4027.2,63,3,4027.3,29,2
11483,2026-07-02 12:25:56+05:30,4025.7,10,4040.8,1133019,147094.0,163278.0,4100.0,4110.0,4012.0,4092.6,24806775,4501.8,3683.4,4440.0,3288.1,4025.7,10,1,4025.2,38,1,4025.0,279,5,4024.7,50,1,4024.5,50,1,4026.0,810,1,4026.8,23,3,4026.9,27,2,4027.2,63,3,4027.3,29,2
11483,2026-07-02 12:25:56+05:30,4025.7,10,4040.8,1133029,147251.0,163559.0,4100.0,4110.0,4012.0,4092.6,24806775,4501.8,3683.4,4440.0,3288.1,4025.2,47,2,4025.0,279,5,4024.5,50,1,4024.4,75,2,4024.3,26,1,4025.7,18,1,4026.0,822,2,4026.2,8,1,4026.3,12,1,4026.6,12,1
11483,2026-07-02 12:25:56+05:30,4025.7,10,4040.8,1133029,147251.0,163559.0,4100.0,4110.0,4012.0,4092.6,24806775,4501.8,3683.4,4440.0,3288.1,4025.2,47,2,4025.0,279,5,4024.5,50,1,4024.4,75,2,4024.3,26,1,4025.7,18,1,4026.0,822,2,4026.2,8,1,4026.3,12,1,4026.6,12,1
11483,2026-07-02 12:25:56+05:30,4025.7,10,4040.8,1133029,147251.0,163559.0,4100.0,4110.0,4012.0,4092.6,24806775,4501.8,3683.4,4440.0,3288.1,4025.2,47,2,4025.0,279,5,4024.5,50,1,4024.4,75,2,4024.3,26,1,4025.7,18,1,4026.0,822,2,4026.2,8,1,4026.3,12,1,4026.6,12,1
11483,2026-07-02 12:25:57+05:30,4025.7,10,4040.8,1133029,147251.0,163559.0,4100.0,4110.0,4012.0,4092.6,24806775,4501.8,3683.4,4440.0,3288.1,4025.2,47,2,4025.0,279,5,4024.5,50,1,4024.4,75,2,4024.3,26,1,4025.7,18,1,4026.0,822,2,4026.2,8,1,4026.3,12,1,4026.6,12,1
11483,2026-07-02 12:25:57+05:30,4025.7,80,4040.79,1133120,147403.0,162675.0,4100.0,4110.0,4012.0,4092.6,24806775,4501.8,3683.4,4440.0,3288.1,4025.2,37,1,4025.0,279,5,4024.6,3,1,4024.5,56,2,4024.4,137,3,4025.7,29,2,4026.0,21,1,4026.3,12,1,4026.6,12,1,4026.7,8,1
11483,2026-07-02 12:25:57+05:30,4025.7,80,4040.79,1133120,147403.0,162675.0,4100.0,4110.0,4012.0,4092.6,24806775,4501.8,3683.4,4440.0,3288.1,4025.2,37,1,4025.0,279,5,4024.6,3,1,4024.5,56,2,4024.4,137,3,4025.7,29,2,4026.0,21,1,4026.3,12,1,4026.6,12,1,4026.7,8,1
11483,2026-07-02 12:25:57+05:30,4025.2,11,4040.79,1133120,147403.0,162675.0,4100.0,4110.0,4012.0,4092.6,24806775,4501.8,3683.4,4440.0,3288.1,4025.2,37,1,4025.0,279,5,4024.6,3,1,4024.5,56,2,4024.4,137,3,4025.7,29,2,4026.0,21,1,4026.3,12,1,4026.6,12,1,4026.7,8,1
11483,2026-07-02 12:25:57+05:30,4025.2,11,4040.79,1133120,147403.0,162675.0,4100.0,4110.0,4012.0,4092.6,24812200,4501.8,3683.4,4440.0,3288.1,4025.2,37,1,4025.0,279,5,4024.6,3,1,4024.5,56,2,4024.4,137,3,4025.7,29,2,4026.0,21,1,4026.3,12,1,4026.6,12,1,4026.7,8,1
11483,2026-07-02 12:25:58+05:30,4025.2,11,4040.79,1133120,147403.0,162675.0,4100.0,4110.0,4012.0,4092.6,24812200,4501.8,3683.4,4440.0,3288.1,4025.2,37,1,4025.0,279,5,4024.6,3,1,4024.5,56,2,4024.4,137,3,4025.7,29,2,4026.0,21,1,4026.3,12,1,4026.6,12,1,4026.7,8,1
11483,2026-07-02 12:25:58+05:30,4025.2,11,4040.79,1133131,147401.0,162658.0,4100.0,4110.0,4012.0,4092.6,24812200,4501.8,3683.4,4440.0,3288.1,4025.2,26,1,4025.0,286,6,4024.7,3,1,4024.6,26,1,4024.5,56,2,4025.7,29,2,4026.0,21,1,4026.3,12,1,4026.6,12,1,4026.7,8,1
11483,2026-07-02 12:25:58+05:30,4025.2,11,4040.79,1133131,147401.0,162658.0,4100.0,4110.0,4012.0,4092.6,24812200,4501.8,3683.4,4440.0,3288.1,4025.2,26,1,4025.0,286,6,4024.7,3,1,4024.6,26,1,4024.5,56,2,4025.7,29,2,4026.0,21,1,4026.3,12,1,4026.6,12,1,4026.7,8,1
11483,2026-07-02 12:25:58+05:30,4025.7,7,4040.79,1133131,147401.0,162658.0,4100.0,4110.0,4012.0,4092.6,24812200,4501.8,3683.4,4440.0,3288.1,4025.2,26,1,4025.0,286,6,4024.7,3,1,4024.6,26,1,4024.5,56,2,4025.7,29,2,4026.0,21,1,4026.3,12,1,4026.6,12,1,4026.7,8,1
11483,2026-07-02 12:25:58+05:30,4025.7,7,4040.79,1133131,147401.0,162658.0,4100.0,4110.0,4012.0,4092.6,24812200,4501.8,3683.4,4440.0,3288.1,4025.2,26,1,4025.0,286,6,4024.7,3,1,4024.6,26,1,4024.5,56,2,4025.7,29,2,4026.0,21,1,4026.3,12,1,4026.6,12,1,4026.7,8,1
11483,2026-07-02 12:25:59+05:30,4025.2,1,4040.79,1133146,147394.0,162648.0,4100.0,4110.0,4012.0,4092.6,24812200,4501.8,3683.4,4440.0,3288.1,4025.2,19,1,4025.0,286,6,4024.7,3,1,4024.6,26,1,4024.5,56,2,4025.7,21,2,4026.0,21,1,4026.3,12,1,4026.6,12,1,4026.7,8,1
11483,2026-07-02 12:25:59+05:30,4025.2,1,4040.79,1133146,147394.0,162648.0,4100.0,4110.0,4012.0,4092.6,24812200,4501.8,3683.4,4440.0,3288.1,4025.2,19,1,4025.0,286,6,4024.7,3,1,4024.6,26,1,4024.5,56,2,4025.7,21,2,4026.0,21,1,4026.3,12,1,4026.6,12,1,4026.7,8,1
11483,2026-07-02 12:25:59+05:30,4025.3,1,4040.79,1133146,147394.0,162648.0,4100.0,4110.0,4012.0,4092.6,24812200,4501.8,3683.4,4440.0,3288.1,4025.2,19,1,4025.0,286,6,4024.7,3,1,4024.6,26,1,4024.5,56,2,4025.7,21,2,4026.0,21,1,4026.3,12,1,4026.6,12,1,4026.7,8,1
11483,2026-07-02 12:25:59+05:30,4025.3,1,4040.79,1133146,147394.0,162648.0,4100.0,4110.0,4012.0,4092.6,24812200,4501.8,3683.4,4440.0,3288.1,4025.2,19,1,4025.0,286,6,4024.7,3,1,4024.6,26,1,4024.5,56,2,4025.7,21,2,4026.0,21,1,4026.3,12,1,4026.6,12,1,4026.7,8,1
11483,2026-07-02 12:26:00+05:30,4025.3,1,4040.79,1133150,146843.0,162932.0,4100.0,4110.0,4012.0,4092.6,24812200,4501.8,3683.4,4440.0,3288.1,4025.2,26,2,4025.0,286,6,4024.4,112,2,4024.2,214,7,4024.1,199,5,4025.7,50,4,4026.0,41,3,4026.3,12,1,4026.4,24,1,4026.5,34,2
11483,2026-07-02 12:26:01+05:30,4025.7,3,4040.79,1133156,146886.0,162927.0,4100.0,4110.0,4012.0,4092.6,24812200,4501.8,3683.4,4440.0,3288.1,4025.2,16,1,4025.0,286,6,4024.4,62,1,4024.2,214,7,4024.1,202,6,4025.7,45,4,4026.0,41,3,4026.3,12,1,4026.4,24,1,4026.5,32,1
11483,2026-07-02 12:26:01+05:30,4025.2,1,4040.79,1133156,146886.0,162927.0,4100.0,4110.0,4012.0,4092.6,24812200,4501.8,3683.4,4440.0,3288.1,4025.2,16,1,4025.0,286,6,4024.4,62,1,4024.2,214,7,4024.1,202,6,4025.7,45,4,4026.0,41,3,4026.3,12,1,4026.4,24,1,4026.5,32,1
11483,2026-07-02 12:26:02+05:30,4025.2,1,4040.79,1133158,146879.0,162814.0,4100.0,4110.0,4012.0,4092.6,24812200,4501.8,3683.4,4440.0,3288.1,4025.4,1,1,4025.2,14,1,4025.0,286,6,4024.4,62,1,4024.2,200,6,4025.7,48,5,4026.0,41,3,4026.3,25,2,4026.4,24,1,4026.5,32,1
11483,2026-07-02 12:26:02+05:30,4025.4,1,4040.79,1133158,146879.0,162814.0,4100.0,4110.0,4012.0,4092.6,24812200,4501.8,3683.4,4440.0,3288.1,4025.4,1,1,4025.2,14,1,4025.0,286,6,4024.4,62,1,4024.2,200,6,4025.7,48,5,4026.0,41,3,4026.3,25,2,4026.4,24,1,4026.5,32,1
11483,2026-07-02 12:26:02+05:30,4025.7,1,4040.79,1133161,146733.0,162880.0,4100.0,4110.0,4012.0,4092.6,24812200,4501.8,3683.4,4440.0,3288.1,4025.2,14,1,4025.0,286,6,4024.4,62,1,4024.2,178,5,4024.1,202,6,4025.7,38,4,4026.0,41,3,4026.3,25,2,4026.5,37,2,4026.6,68,5
11483,2026-07-02 12:26:03+05:30,4025.7,10,4040.79,1133161,146733.0,162880.0,4100.0,4110.0,4012.0,4092.6,24812200,4501.8,3683.4,4440.0,3288.1,4025.2,14,1,4025.0,286,6,4024.4,62,1,4024.2,178,5,4024.1,202,6,4025.7,38,4,4026.0,41,3,4026.3,25,2,4026.5,37,2,4026.6,68,5
11483,2026-07-02 12:26:03+05:30,4025.0,27,4040.79,1133212,146668.0,162844.0,4100.0,4110.0,4012.0,4092.6,24812200,4501.8,3683.4,4440.0,3288.1,4025.0,259,6,4024.4,62,1,4024.2,150,4,4024.1,199,5,4024.0,535,20,4025.7,37,5,4026.0,41,3,4026.3,25,2,4026.5,39,3,4026.6,68,5
11483,2026-07-02 12:26:04+05:30,4025.1,1,4040.79,1133212,146668.0,162844.0,4100.0,4110.0,4012.0,4092.6,24812200,4501.8,3683.4,4440.0,3288.1,4025.0,259,6,4024.4,62,1,4024.2,150,4,4024.1,199,5,4024.0,535,20,4025.7,37,5,4026.0,41,3,4026.3,25,2,4026.5,39,3,4026.6,68,5
11483,2026-07-02 12:26:04+05:30,4025.7,1,4040.79,1133220,146690.0,162874.0,4100.0,4110.0,4012.0,4092.6,24812200,4501.8,3683.4,4440.0,3288.1,4025.1,1,1,4025.0,253,6,4024.4,62,1,4024.2,178,5,4024.1,208,7,4025.7,36,5,4026.0,41,3,4026.3,25,2,4026.5,39,3,4026.6,106,6
11483,2026-07-02 12:26:05+05:30,4025.3,1,4040.79,1133220,146690.0,162874.0,4100.0,4110.0,4012.0,4092.6,24812200,4501.8,3683.4,4440.0,3288.1,4025.1,1,1,4025.0,253,6,4024.4,62,1,4024.2,178,5,4024.1,208,7,4025.7,36,5,4026.0,41,3,4026.3,25,2,4026.5,39,3,4026.6,106,6
11483,2026-07-02 12:26:05+05:30,4025.3,1,4040.79,1133222,146790.0,162829.0,4100.0,4110.0,4012.0,4092.6,24812200,4501.8,3683.4,4440.0,3288.1,4025.3,199,2,4025.1,2,1,4025.0,153,5,4024.4,62,1,4024.2,181,6,4025.7,36,5,4026.0,41,3,4026.3,25,2,4026.5,39,3,4026.6,68,5
11483,2026-07-02 12:26:06+05:30,4025.7,4,4040.79,1133222,146790.0,162829.0,4100.0,4110.0,4012.0,4092.6,24812200,4501.8,3683.4,4440.0,3288.1,4025.3,199,2,4025.1,2,1,4025.0,153,5,4024.4,62,1,4024.2,181,6,4025.7,36,5,4026.0,41,3,4026.3,25,2,4026.5,39,3,4026.6,68,5
11483,2026-07-02 12:26:06+05:30,4025.3,1,4040.79,1133231,146788.0,162894.0,4100.0,4110.0,4012.0,4092.6,24812200,4501.8,3683.4,4440.0,3288.1,4025.3,197,2,4025.1,2,1,4025.0,153,5,4024.4,62,1,4024.2,181,6,4025.7,58,5,4026.0,41,3,4026.3,25,2,4026.5,39,3,4026.6,66,4
11483,2026-07-02 12:26:07+05:30,4025.3,1,4040.79,1133231,146788.0,162894.0,4100.0,4110.0,4012.0,4092.6,24812200,4501.8,3683.4,4440.0,3288.1,4025.3,197,2,4025.1,2,1,4025.0,153,5,4024.4,62,1,4024.2,181,6,4025.7,58,5,4026.0,41,3,4026.3,25,2,4026.5,39,3,4026.6,66,4
11483,2026-07-02 12:26:07+05:30,4025.3,1,4040.79,1133250,146899.0,162843.0,4100.0,4110.0,4012.0,4092.6,24812200,4501.8,3683.4,4440.0,3288.1,4025.3,195,2,4025.0,153,5,4024.4,68,2,4024.3,3,1,4024.2,178,5,4025.7,41,4,4026.0,41,3,4026.3,25,2,4026.5,39,3,4026.6,66,4
11483,2026-07-02 12:26:08+05:30,4025.7,3,4040.79,1133250,146899.0,162843.0,4100.0,4110.0,4012.0,4092.6,24812200,4501.8,3683.4,4440.0,3288.1,4025.3,195,2,4025.0,153,5,4024.4,68,2,4024.3,3,1,4024.2,178,5,4025.7,41,4,4026.0,41,3,4026.3,25,2,4026.5,39,3,4026.6,66,4
11483,2026-07-02 12:26:08+05:30,4025.3,1,4040.79,1133256,146913.0,162794.0,4100.0,4110.0,4012.0,4092.6,24812200,4501.8,3683.4,4440.0,3288.1,4025.3,192,2,4025.0,153,5,4024.4,65,2,4024.3,6,1,4024.2,178,5,4025.7,29,2,4026.0,41,3,4026.3,25,2,4026.5,34,2,4026.6,66,4
11483,2026-07-02 12:26:09+05:30,4025.3,1,4040.79,1133256,146913.0,162794.0,4100.0,4110.0,4012.0,4092.6,24812200,4501.8,3683.4,4440.0,3288.1,4025.3,192,2,4025.0,153,5,4024.4,65,2,4024.3,6,1,4024.2,178,5,4025.7,29,2,4026.0,41,3,4026.3,25,2,4026.5,34,2,4026.6,66,4
11483,2026-07-02 12:26:09+05:30,4025.3,1,4040.79,1133309,146974.0,162784.0,4100.0,4110.0,4012.0,4092.6,24812200,4501.8,3683.4,4440.0,3288.1,4025.3,190,2,4025.0,153,5,4024.5,31,2,4024.4,62,1,4024.3,6,1,4025.7,21,3,4026.0,41,3,4026.3,25,2,4026.5,34,2,4026.6,66,4
11483,2026-07-02 12:26:10+05:30,4025.3,7,4040.79,1133309,146974.0,162784.0,4100.0,4110.0,4012.0,4092.6,24812200,4501.8,3683.4,4440.0,3288.1,4025.3,190,2,4025.0,153,5,4024.5,31,2,4024.4,62,1,4024.3,6,1,4025.7,21,3,4026.0,41,3,4026.3,25,2,4026.5,34,2,4026.6,66,4
11483,2026-07-02 12:26:10+05:30,4025.3,1,4040.79,1133317,146968.0,162843.0,4100.0,4110.0,4012.0,4092.6,24812200,4501.8,3683.4,4440.0,3288.1,4025.3,182,2,4025.0,153,5,4024.5,31,2,4024.4,62,1,4024.3,6,1,4025.7,21,3,4026.0,41,3,4026.3,25,2,4026.5,72,3,4026.6,66,4
11483,2026-07-02 12:26:11+05:30,4025.3,1,4040.79,1133317,146968.0,162843.0,4100.0,4110.0,4012.0,4092.6,24812200,4501.8,3683.4,4440.0,3288.1,4025.3,182,2,4025.0,153,5,4024.5,31,2,4024.4,62,1,4024.3,6,1,4025.7,21,3,4026.0,41,3,4026.3,25,2,4026.5,72,3,4026.6,66,4
11483,2026-07-02 12:26:11+05:30,4025.3,1,4040.79,1133319,147044.0,162814.0,4100.0,4110.0,4012.0,4092.6,24812200,4501.8,3683.4,4440.0,3288.1,4025.3,230,3,4025.0,103,4,4024.5,31,2,4024.4,62,1,4024.3,6,1,4025.7,15,2,4026.0,41,3,4026.3,25,2,4026.5,72,3,4026.6,66,4
11483,2026-07-02 12:26:12+05:30,4025.7,1,4040.79,1133319,147044.0,162814.0,4100.0,4110.0,4012.0,4092.6,24812200,4501.8,3683.4,4440.0,3288.1,4025.3,230,3,4025.0,103,4,4024.5,31,2,4024.4,62,1,4024.3,6,1,4025.7,15,2,4026.0,41,3,4026.3,25,2,4026.5,72,3,4026.6,66,4
11483,2026-07-02 12:26:12+05:30,4025.7,1,4040.79,1133320,147028.0,162775.0,4100.0,4110.0,4012.0,4092.6,24812200,4501.8,3683.4,4440.0,3288.1,4025.5,1,1,4025.3,230,3,4025.0,104,5,4024.6,3,1,4024.5,28,1,4025.7,14,2,4026.0,41,3,4026.3,25,2,4026.5,34,2,4026.6,66,4
11483,2026-07-02 12:26:13+05:30,4025.7,1,4040.79,1133320,147028.0,162775.0,4100.0,4110.0,4012.0,4092.6,24812200,4501.8,3683.4,4440.0,3288.1,4025.5,1,1,4025.3,230,3,4025.0,104,5,4024.6,3,1,4024.5,28,1,4025.7,14,2,4026.0,41,3,4026.3,25,2,4026.5,34,2,4026.6,66,4
11483,2026-07-02 12:26:13+05:30,4025.7,1,4040.79,1133321,146893.0,162819.0,4100.0,4110.0,4012.0,4092.6,24812200,4501.8,3683.4,4440.0,3288.1,4025.5,1,1,4025.3,230,3,4025.0,104,5,4024.6,3,1,4024.5,28,1,4025.7,13,2,4025.9,12,1,4026.0,21,1,4026.3,25,2,4026.6,66,4
11483,2026-07-02 12:26:14+05:30,4025.7,1,4040.79,1133327,146889.0,163039.0,4100.0,4110.0,4012.0,4092.6,24812200,4501.8,3683.4,4440.0,3288.1,4025.3,229,3,4025.0,114,6,4024.6,3,1,4024.5,28,1,4024.4,62,1,4025.7,18,3,4026.0,38,2,4026.3,25,2,4026.6,66,4,4026.7,178,2
11483,2026-07-02 12:26:14+05:30,4025.7,1,4040.79,1133327,146889.0,163039.0,4100.0,4110.0,4012.0,4092.6,24812200,4501.8,3683.4,4440.0,3288.1,4025.3,229,3,4025.0,114,6,4024.6,3,1,4024.5,28,1,4024.4,62,1,4025.7,18,3,4026.0,38,2,4026.3,25,2,4026.6,66,4,4026.7,178,2
11483,2026-07-02 12:26:15+05:30,4025.7,1,4040.79,1133331,146891.0,162956.0,4100.0,4110.0,4012.0,4092.6,24812200,4501.8,3683.4,4440.0,3288.1,4025.3,228,3,4025.0,114,6,4024.6,9,2,4024.5,28,1,4024.4,62,1,4025.7,9,2,4026.0,21,1,4026.6,66,4,4026.7,178,2,4026.8,37,2
11483,2026-07-02 12:26:15+05:30,4025.7,1,4040.79,1133331,146891.0,162956.0,4100.0,4110.0,4012.0,4092.6,24812200,4501.8,3683.4,4440.0,3288.1,4025.3,228,3,4025.0,114,6,4024.6,9,2,4024.5,28,1,4024.4,62,1,4025.7,9,2,4026.0,21,1,4026.6,66,4,4026.7,178,2,4026.8,37,2
11483,2026-07-02 12:26:16+05:30,4025.7,1,4040.79,1133341,146885.0,163079.0,4100.0,4110.0,4012.0,4092.6,24812200,4501.8,3683.4,4440.0,3288.1,4025.3,228,3,4025.0,114,6,4024.6,3,1,4024.5,28,1,4024.4,68,2,4025.7,28,2,4026.0,21,1,4026.3,12,1,4026.4,15,1,4026.6,133,5
11483,2026-07-02 12:26:16+05:30,4025.3,1,4040.79,1133341,146885.0,163079.0,4100.0,4110.0,4012.0,4092.6,24812200,4501.8,3683.4,4440.0,3288.1,4025.3,228,3,4025.0,114,6,4024.6,3,1,4024.5,28,1,4024.4,68,2,4025.7,28,2,4026.0,21,1,4026.3,12,1,4026.4,15,1,4026.6,133,5
11483,2026-07-02 12:26:17+05:30,4025.7,1,4040.79,1133343,147114.0,163099.0,4100.0,4110.0,4012.0,4092.6,24812200,4501.8,3683.4,4440.0,3288.1,4025.3,227,3,4025.0,114,6,4024.6,3,1,4024.5,28,1,4024.4,68,2,4025.7,27,2,4026.0,21,1,4026.3,12,1,4026.4,15,1,4026.6,133,5
11483,2026-07-02 12:26:17+05:30,4025.3,1,4040.79,1133343,147114.0,163099.0,4100.0,4110.0,4012.0,4092.6,24812200,4501.8,3683.4,4440.0,3288.1,4025.3,227,3,4025.0,114,6,4024.6,3,1,4024.5,28,1,4024.4,68,2,4025.7,27,2,4026.0,21,1,4026.3,12,1,4026.4,15,1,4026.6,133,5
11483,2026-07-02 12:26:18+05:30,4025.7,1,4040.79,1133345,147118.0,163045.0,4100.0,4110.0,4012.0,4092.6,24812200,4501.8,3683.4,4440.0,3288.1,4025.3,226,3,4025.0,114,6,4024.6,3,1,4024.5,28,1,4024.4,68,2,4025.7,26,2,4026.0,21,1,4026.3,12,1,4026.4,15,1,4026.6,133,5
11483,2026-07-02 12:26:18+05:30,4025.7,1,4040.79,1133345,147118.0,163045.0,4100.0,4110.0,4012.0,4092.6,24812200,4501.8,3683.4,4440.0,3288.1,4025.3,226,3,4025.0,114,6,4024.6,3,1,4024.5,28,1,4024.4,68,2,4025.7,26,2,4026.0,21,1,4026.3,12,1,4026.4,15,1,4026.6,133,5
11483,2026-07-02 12:26:19+05:30,4025.7,1,4040.79,1133346,147118.0,163046.0,4100.0,4110.0,4012.0,4092.6,24812200,4501.8,3683.4,4440.0,3288.1,4025.3,226,3,4025.0,114,6,4024.6,3,1,4024.5,28,1,4024.4,68,2,4025.7,26,3,4026.0,21,1,4026.3,12,1,4026.4,15,1,4026.6,133,5
11483,2026-07-02 12:26:19+05:30,4025.7,1,4040.79,1133346,147118.0,163046.0,4100.0,4110.0,4012.0,4092.6,24812200,4501.8,3683.4,4440.0,3288.1,4025.3,226,3,4025.0,114,6,4024.6,3,1,4024.5,28,1,4024.4,68,2,4025.7,26,3,4026.0,21,1,4026.3,12,1,4026.4,15,1,4026.6,133,5
11483,2026-07-02 12:26:20+05:30,4025.7,1,4040.79,1133346,147114.0,163099.0,4100.0,4110.0,4012.0,4092.6,24812200,4501.8,3683.4,4440.0,3288.1,4025.3,226,3,4025.0,114,6,4024.6,3,1,4024.5,28,1,4024.4,68,2,4025.7,26,3,4025.9,12,1,4026.0,21,1,4026.3,12,1,4026.4,15,1
11483,2026-07-02 12:26:20+05:30,4025.7,1,4040.79,1133346,147114.0,163099.0,4100.0,4110.0,4012.0,4092.6,24812200,4501.8,3683.4,4440.0,3288.1,4025.3,226,3,4025.0,114,6,4024.6,3,1,4024.5,28,1,4024.4,68,2,4025.7,26,3,4025.9,12,1,4026.0,21,1,4026.3,12,1,4026.4,15,1
11483,2026-07-02 12:26:21+05:30,4025.7,2,4040.79,1133441,147122.0,162734.0,4100.0,4110.0,4012.0,4092.6,24812200,4501.8,3683.4,4440.0,3288.1,4025.7,6,1,4025.3,226,3,4025.0,114,6,4024.6,3,1,4024.5,28,1,4026.0,21,1,4026.3,12,1,4026.4,15,1,4026.6,96,3,4026.7,221,3
11483,2026-07-02 12:26:21+05:30,4025.7,1,4040.79,1133441,147122.0,162734.0,4100.0,4110.0,4012.0,4092.6,24812200,4501.8,3683.4,4440.0,3288.1,4025.7,6,1,4025.3,226,3,4025.0,114,6,4024.6,3,1,4024.5,28,1,4026.0,21,1,4026.3,12,1,4026.4,15,1,4026.6,96,3,4026.7,221,3
11483,2026-07-02 12:26:22+05:30,4025.3,1,4040.79,1133449,147067.0,162679.0,4100.0,4110.0,4012.0,4092.6,24812200,4501.8,3683.4,4440.0,3288.1,4025.5,1,1,4025.3,225,3,4025.0,114,6,4024.6,3,1,4024.5,28,1,4025.7,2,2,4026.0,21,1,4026.2,12,1,4026.4,15,1,4026.6,131,4
11483,2026-07-02 12:26:22+05:30,4025.5,1,4040.79,1133449,147067.0,162679.0,4100.0,4110.0,4012.0,4092.6,24812200,4501.8,3683.4,4440.0,3288.1,4025.5,1,1,4025.3,225,3,4025.0,114,6,4024.6,3,1,4024.5,28,1,4025.7,2,2,4026.0,21,1,4026.2,12,1,4026.4,15,1,4026.6,131,4
11483,2026-07-02 12:26:23+05:30,4025.5,1,4040.79,1133452,147006.0,162652.0,4100.0,4110.0,4012.0,4092.6,24812200,4501.8,3683.4,4440.0,3288.1,4025.3,225,3,4025.0,114,6,4024.6,3,1,4024.5,28,1,4024.4,68,2,4025.5,1,1,4025.7,3,2,4026.0,21,1,4026.2,12,1,4026.4,15,1
11483,2026-07-02 12:26:24+05:30,4025.3,1,4040.79,1133457,147059.0,162645.0,4100.0,4110.0,4012.0,4092.6,24812200,4501.8,3683.4,4440.0,3288.1,4025.3,223,3,4025.0,114,6,4024.6,3,1,4024.5,28,1,4024.4,68,2,4025.7,3,2,4026.0,21,1,4026.2,12,1,4026.4,15,1,4026.6,131,4
11483,2026-07-02 12:26:24+05:30,4025.3,1,4040.79,1133457,147059.0,162645.0,4100.0,4110.0,4012.0,4092.6,24812200,4501.8,3683.4,4440.0,3288.1,4025.3,223,3,4025.0,114,6,4024.6,3,1,4024.5,28,1,4024.4,68,2,4025.7,3,2,4026.0,21,1,4026.2,12,1,4026.4,15,1,4026.6,131,4
11483,2026-07-02 12:26:25+05:30,4025.3,1,4040.79,1133458,147077.0,162655.0,4100.0,4110.0,4012.0,4092.6,24812200,4501.8,3683.4,4440.0,3288.1,4025.3,222,3,4025.0,114,6,4024.6,3,1,4024.5,28,1,4024.4,68,2,4025.7,3,2,4026.0,21,1,4026.2,12,1,4026.4,15,1,4026.6,131,4
11483,2026-07-02 12:26:25+05:30,4025.7,2,4040.79,1133458,147077.0,162655.0,4100.0,4110.0,4012.0,4092.6,24812200,4501.8,3683.4,4440.0,3288.1,4025.3,222,3,4025.0,114,6,4024.6,3,1,4024.5,28,1,4024.4,68,2,4025.7,3,2,4026.0,21,1,4026.2,12,1,4026.4,15,1,4026.6,131,4
11483,2026-07-02 12:26:26+05:30,4025.7,5,4040.79,1133469,147174.0,162660.0,4100.0,4110.0,4012.0,4092.6,24812200,4501.8,3683.4,4440.0,3288.1,4025.3,221,3,4025.0,114,6,4024.6,3,1,4024.5,28,1,4024.4,68,2,4025.7,1,1,4026.0,21,1,4026.2,23,2,4026.4,30,2,4026.6,131,4
11483,2026-07-02 12:26:26+05:30,4025.3,2,4040.79,1133469,147174.0,162660.0,4100.0,4110.0,4012.0,4092.6,24812200,4501.8,3683.4,4440.0,3288.1,4025.3,221,3,4025.0,114,6,4024.6,3,1,4024.5,28,1,4024.4,68,2,4025.7,1,1,4026.0,21,1,4026.2,23,2,4026.4,30,2,4026.6,131,4
11483,2026-07-02 12:26:27+05:30,4026.0,52,4040.79,1133525,147203.0,162638.0,4100.0,4110.0,4012.0,4092.6,24812200,4501.8,3683.4,4440.0,3288.1,4025.3,219,4,4025.0,114,6,4024.6,3,1,4024.5,28,1,4024.4,99,3,4026.0,21,1,4026.2,23,2,4026.4,37,3,4026.6,131,4,4026.7,221,3
11483,2026-07-02 12:26:27+05:30,4026.0,25,4040.79,1133525,147203.0,162638.0,4100.0,4110.0,4012.0,4092.6,24812200,4501.8,3683.4,4440.0,3288.1,4025.3,219,4,4025.0,114,6,4024.6,3,1,4024.5,28,1,4024.4,99,3,4026.0,21,1,4026.2,23,2,4026.4,37,3,4026.6,131,4,4026.7,221,3
11483,2026-07-02 12:26:28+05:30,4026.0,26,4040.79,1133612,147184.0,162772.0,4100.0,4110.0,4012.0,4092.6,24812200,4501.8,3683.4,4440.0,3288.1,4025.4,4,2,4025.3,212,4,4025.0,124,7,4024.8,3,1,4024.7,7,1,4026.0,21,1,4026.2,7,1,4026.4,32,3,4026.6,96,3,4026.7,46,2
11483,2026-07-02 12:26:28+05:30,4025.9,8,4040.79,1133612,147184.0,162772.0,4100.0,4110.0,4012.0,4092.6,24812200,4501.8,3683.4,4440.0,3288.1,4025.4,4,2,4025.3,212,4,4025.0,124,7,4024.8,3,1,4024.7,7,1,4026.0,21,1,4026.2,7,1,4026.4,32,3,4026.6,96,3,4026.7,46,2
11483,2026-07-02 12:26:29+05:30,4025.6,49,4040.79,1133763,147198.0,162836.0,4100.0,4110.0,4012.0,4092.6,24812200,4501.8,3683.4,4440.0,3288.1,4025.4,72,1,4025.3,212,4,4025.0,124,7,4024.6,3,1,4024.5,28,1,4025.6,118,1,4026.0,37,3,4026.2,19,2,4026.3,2,1,4026.4,30,2
11483,2026-07-02 12:26:29+05:30,4026.0,9,4040.79,1133763,147198.0,162836.0,4100.0,4110.0,4012.0,4092.6,24812200,4501.8,3683.4,4440.0,3288.1,4025.4,72,1,4025.3,212,4,4025.0,124,7,4024.6,3,1,4024.5,28,1,4025.6,118,1,4026.0,37,3,4026.2,19,2,4026.3,2,1,4026.4,30,2
11483,2026-07-02 12:26:30+05:30,4026.0,10,4040.78,1133937,147117.0,162806.0,4100.0,4110.0,4012.0,4092.6,24812200,4501.8,3683.4,4440.0,3288.1,4025.8,12,1,4025.7,57,1,4025.3,212,4,4025.0,124,7,4024.6,3,1,4026.0,38,5,4026.1,5,1,4026.3,12,1,4026.4,32,3,4026.5,14,1
11483,2026-07-02 12:26:30+05:30,4025.9,57,4040.78,1133937,147117.0,162806.0,4100.0,4110.0,4012.0,4092.6,24812200,4501.8,3683.4,4440.0,3288.1,4025.8,12,1,4025.7,57,1,4025.3,212,4,4025.0,124,7,4024.6,3,1,4026.0,38,5,4026.1,5,1,4026.3,12,1,4026.4,32,3,4026.5,14,1
11483,2026-07-02 12:26:31+05:30,4025.6,41,4040.78,1134083,147083.0,162845.0,4100.0,4110.0,4012.0,4092.6,24812200,4501.8,3683.4,4440.0,3288.1,4025.4,56,1,4025.3,218,5,4025.0,124,7,4024.6,3,1,4024.5,28,1,4025.6,99,1,4025.8,23,3,4026.0,98,4,4026.1,5,1,4026.2,9,1
11483,2026-07-02 12:26:31+05:30,4025.6,76,4040.78,1134083,147083.0,162845.0,4100.0,4110.0,4012.0,4092.6,24812200,4501.8,3683.4,4440.0,3288.1,4025.4,56,1,4025.3,218,5,4025.0,124,7,4024.6,3,1,4024.5,28,1,4025.6,99,1,4025.8,23,3,4026.0,98,4,4026.1,5,1,4026.2,9,1
11483,2026-07-02 12:26:32+05:30,4026.0,8,4040.78,1134252,147545.0,162483.0,4100.0,4110.0,4012.0,4092.6,24812200,4501.8,3683.4,4440.0,3288.1,4025.4,40,2,4025.3,218,5,4025.2,5,1,4025.1,3,1,4025.0,155,9,4026.0,75,3,4026.4,30,2,4026.6,79,2,4026.7,46,2,4026.9,47,3
11483,2026-07-02 12:26:32+05:30,4026.0,16,4040.78,1134252,147545.0,162483.0,4100.0,4110.0,4012.0,4092.6,24812200,4501.8,3683.4,4440.0,3288.1,4025.4,40,2,4025.3,218,5,4025.2,5,1,4025.1,3,1,4025.0,155,9,4026.0,75,3,4026.4,30,2,4026.6,79,2,4026.7,46,2,4026.9,47,3
11483,2026-07-02 12:26:33+05:30,4026.4,10,4040.78,1134411,147531.0,162382.0,4100.0,4110.0,4012.0,4092.6,24812200,4501.8,3683.4,4440.0,3288.1,4025.4,20,2,4025.3,249,7,4025.2,5,1,4025.1,17,1,4025.0,186,10,4026.4,27,3,4026.6,67,1,4026.7,46,2,4026.8,12,1,4026.9,32,2
11483,2026-07-02 12:26:33+05:30,4026.4,15,4040.78,1134411,147531.0,162382.0,4100.0,4110.0,4012.0,4092.6,24812200,4501.8,3683.4,4440.0,3288.1,4025.4,20,2,4025.3,249,7,4025.2,5,1,4025.1,17,1,4025.0,186,10,4026.4,27,3,4026.6,67,1,4026.7,46,2,4026.8,12,1,4026.9,32,2
11483,2026-07-02 12:26:34+05:30,4026.4,15,4040.78,1134451,147595.0,162592.0,4100.0,4110.0,4012.0,4092.6,24812200,4501.8,3683.4,4440.0,3288.1,4025.7,10,1,4025.5,2,1,4025.4,1,1,4025.3,249,7,4025.2,5,1,4026.3,30,1,4026.4,10,2,4026.6,67,1,4026.7,46,2,4026.8,12,1
11483,2026-07-02 12:26:34+05:30,4025.7,4,4040.78,1134451,147595.0,162592.0,4100.0,4110.0,4012.0,4092.6,24812200,4501.8,3683.4,4440.0,3288.1,4025.7,10,1,4025.5,2,1,4025.4,1,1,4025.3,249,7,4025.2,5,1,4026.3,30,1,4026.4,10,2,4026.6,67,1,4026.7,46,2,4026.8,12,1
11483,2026-07-02 12:26:35+05:30,4026.3,1,4040.78,1134458,147905.0,162529.0,4100.0,4110.0,4012.0,4092.6,24812200,4501.8,3683.4,4440.0,3288.1,4025.7,6,1,4025.5,2,1,4025.4,1,1,4025.3,249,7,4025.2,5,1,4026.3,27,1,4026.4,10,2,4026.6,67,1,4026.7,46,2,4026.8,12,1
11483,2026-07-02 12:26:35+05:30,4025.7,1,4040.78,1134458,147905.0,162529.0,4100.0,4110.0,4012.0,4092.6,24812200,4501.8,3683.4,4440.0,3288.1,4025.7,6,1,4025.5,2,1,4025.4,1,1,4025.3,249,7,4025.2,5,1,4026.3,27,1,4026.4,10,2,4026.6,67,1,4026.7,46,2,4026.8,12,1
11483,2026-07-02 12:26:36+05:30,4025.7,1,4040.78,1134459,147937.0,162532.0,4100.0,4110.0,4012.0,4092.6,24812200,4501.8,3683.4,4440.0,3288.1,4026.0,1,1,4025.7,14,2,4025.5,2,1,4025.4,1,1,4025.3,220,5,4026.3,27,1,4026.4,10,2,4026.6,67,1,4026.7,46,2,4026.8,12,1
11483,2026-07-02 12:26:37+05:30,4026.3,7,4040.78,1134480,147921.0,162580.0,4100.0,4110.0,4012.0,4092.6,24812200,4501.8,3683.4,4440.0,3288.1,4025.7,14,2,4025.3,220,5,4025.2,5,1,4025.0,152,8,4024.7,31,1,4026.3,19,2,4026.4,10,2,4026.6,67,1,4026.7,58,3,4026.9,13,1
11483,2026-07-02 12:26:37+05:30,4025.7,3,4040.78,1134480,147921.0,162580.0,4100.0,4110.0,4012.0,4092.6,24812200,4501.8,3683.4,4440.0,3288.1,4025.7,14,2,4025.3,220,5,4025.2,5,1,4025.0,152,8,4024.7,31,1,4026.3,19,2,4026.4,10,2,4026.6,67,1,4026.7,58,3,4026.9,13,1
11483,2026-07-02 12:26:38+05:30,4025.7,3,4040.78,1134483,147895.0,162646.0,4100.0,4110.0,4012.0,4092.6,24812200,4501.8,3683.4,4440.0,3288.1,4026.0,2,1,4025.7,11,2,4025.3,217,4,4025.2,5,1,4025.1,3,1,4026.3,34,4,4026.4,3,1,4026.6,91,3,4026.7,46,2,4026.9,24,2
11483,2026-07-02 12:26:39+05:30,4026.0,1,4040.78,1134499,147888.0,162682.0,4100.0,4110.0,4012.0,4092.6,24812200,4501.8,3683.4,4440.0,3288.1,4025.7,11,2,4025.3,245,5,4025.2,5,1,4025.1,3,1,4025.0,152,8,4026.0,2,1,4026.3,39,4,4026.4,3,1,4026.6,91,3,4026.7,46,2
11483,2026-07-02 12:26:39+05:30,4026.0,2,4040.78,1134499,147888.0,162682.0,4100.0,4110.0,4012.0,4092.6,24812200,4501.8,3683.4,4440.0,3288.1,4025.7,11,2,4025.3,245,5,4025.2,5,1,4025.1,3,1,4025.0,152,8,4026.0,2,1,4026.3,39,4,4026.4,3,1,4026.6,91,3,4026.7,46,2
11483,2026-07-02 12:26:40+05:30,4025.7,1,4040.78,1134504,147885.0,162662.0,4100.0,4110.0,4012.0,4092.6,24812200,4501.8,3683.4,4440.0,3288.1,4025.7,8,1,4025.3,245,5,4025.2,5,1,4025.1,3,1,4025.0,152,8,4026.0,3,1,4026.3,45,4,4026.4,3,1,4026.6,86,3,4026.7,46,2
11483,2026-07-02 12:26:40+05:30,4025.7,1,4040.78,1134504,147885.0,162662.0,4100.0,4110.0,4012.0,4092.6,24812200,4501.8,3683.4,4440.0,3288.1,4025.7,8,1,4025.3,245,5,4025.2,5,1,4025.1,3,1,4025.0,152,8,4026.0,3,1,4026.3,45,4,4026.4,3,1,4026.6,86,3,4026.7,46,2
11483,2026-07-02 12:26:41+05:30,4026.3,2,4040.78,1134512,147629.0,162679.0,4100.0,4110.0,4012.0,4092.6,24812200,4501.8,3683.4,4440.0,3288.1,4025.7,13,2,4025.3,211,3,4025.2,5,1,4025.1,3,1,4025.0,152,8,4026.3,43,4,4026.4,3,1,4026.6,86,3,4026.7,46,2,4026.8,28,1
11483,2026-07-02 12:26:41+05:30,4025.7,1,4040.78,1134512,147629.0,162679.0,4100.0,4110.0,4012.0,4092.6,24812200,4501.8,3683.4,4440.0,3288.1,4025.7,13,2,4025.3,211,3,4025.2,5,1,4025.1,3,1,4025.0,152,8,4026.3,43,4,4026.4,3,1,4026.6,86,3,4026.7,46,2,4026.8,28,1
11483,2026-07-02 12:26:42+05:30,4026.0,100,4040.77,1134613,147529.0,162651.0,4100.0,4110.0,4012.0,4092.6,24812200,4501.8,3683.4,4440.0,3288.1,4025.8,1,1,4025.7,12,2,4025.3,214,4,4025.2,5,1,4025.0,152,8,4026.0,16,1,4026.3,27,3,4026.4,3,1,4026.6,86,3,4026.7,46,2
11483,2026-07-02 12:26:42+05:30,4025.8,3,4040.77,1134613,147529.0,162651.0,4100.0,4110.0,4012.0,4092.6,24812200,4501.8,3683.4,4440.0,3288.1,4025.8,1,1,4025.7,12,2,4025.3,214,4,4025.2,5,1,4025.0,152,8,4026.0,16,1,4026.3,27,3,4026.4,3,1,4026.6,86,3,4026.7,46,2
11483,2026-07-02 12:26:43+05:30,4025.8,3,4040.77,1134616,147544.0,162657.0,4100.0,4110.0,4012.0,4092.6,24812200,4501.8,3683.4,4440.0,3288.1,4025.7,12,2,4025.5,1,1,4025.3,214,4,4025.2,5,1,4025.0,162,9,4025.8,2,1,4026.0,16,1,4026.3,8,1,4026.4,3,1,4026.6,74,2
11483,2026-07-02 12:26:43+05:30,4025.7,1,4040.77,1134616,147544.0,162657.0,4100.0,4110.0,4012.0,4092.6,24812200,4501.8,3683.4,4440.0,3288.1,4025.7,12,2,4025.5,1,1,4025.3,214,4,4025.2,5,1,4025.0,162,9,4025.8,2,1,4026.0,16,1,4026.3,8,1,4026.4,3,1,4026.6,74,2
11483,2026-07-02 12:26:44+05:30,4025.7,4,4040.77,1134621,147426.0,162768.0,4100.0,4110.0,4012.0,4092.6,24812200,4501.8,3683.4,4440.0,3288.1,4025.7,7,2,4025.5,1,1,4025.3,211,3,4025.2,5,1,4025.1,3,1,4025.8,2,1,4026.0,16,1,4026.3,8,1,4026.4,3,1,4026.6,86,3
11483,2026-07-02 12:26:44+05:30,4025.7,1,4040.77,1134621,147426.0,162768.0,4100.0,4110.0,4012.0,4092.6,24812200,4501.8,3683.4,4440.0,3288.1,4025.7,7,2,4025.5,1,1,4025.3,211,3,4025.2,5,1,4025.1,3,1,4025.8,2,1,4026.0,16,1,4026.3,8,1,4026.4,3,1,4026.6,86,3
11483,2026-07-02 12:26:45+05:30,4025.7,1,4040.77,1134622,147472.0,162806.0,4100.0,4110.0,4012.0,4092.6,24812200,4501.8,3683.4,4440.0,3288.1,4025.7,6,1,4025.5,1,1,4025.3,214,4,4025.2,5,1,4025.0,166,10,4025.8,2,1,4026.0,16,1,4026.3,8,1,4026.4,3,1,4026.6,79,2
11483,2026-07-02 12:26:46+05:30,4025.8,4,4040.77,1134631,147791.0,162718.0,4100.0,4110.0,4012.0,4092.6,24812200,4501.8,3683.4,4440.0,3288.1,4025.8,58,2,4025.7,6,1,4025.5,1,1,4025.3,153,3,4025.2,5,1,4026.0,16,1,4026.3,18,2,4026.4,3,1,4026.6,67,1,4026.7,46,2
11483,2026-07-02 12:26:46+05:30,4025.8,1,4040.77,1134631,147791.0,162718.0,4100.0,4110.0,4012.0,4092.6,24812200,4501.8,3683.4,4440.0,3288.1,4025.8,58,2,4025.7,6,1,4025.5,1,1,4025.3,153,3,4025.2,5,1,4026.0,16,1,4026.3,18,2,4026.4,3,1,4026.6,67,1,4026.7,46,2
11483,2026-07-02 12:26:47+05:30,4025.8,1,4040.77,1134632,147766.0,162725.0,4100.0,4110.0,4012.0,4092.6,24812200,4501.8,3683.4,4440.0,3288.1,4025.8,57,2,4025.7,6,1,4025.5,1,1,4025.3,153,3,4025.2,5,1,4026.0,16,1,4026.3,18,2,4026.4,3,1,4026.6,67,1,4026.7,46,2
11483,2026-07-02 12:26:47+05:30,4026.0,1,4040.77,1134632,147766.0,162725.0,4100.0,4110.0,4012.0,4092.6,24812200,4501.8,3683.4,4440.0,3288.1,4025.8,57,2,4025.7,6,1,4025.5,1,1,4025.3,153,3,4025.2,5,1,4026.0,16,1,4026.3,18,2,4026.4,3,1,4026.6,67,1,4026.7,46,2
11483,2026-07-02 12:26:48+05:30,4026.0,18,4040.77,1134651,147762.0,162877.0,4100.0,4110.0,4012.0,4092.6,24812200,4501.8,3683.4,4440.0,3288.1,4025.8,57,2,4025.7,6,1,4025.5,1,1,4025.3,150,2,4025.2,5,1,4026.0,16,1,4026.3,18,2,4026.4,3,1,4026.5,12,1,4026.6,67,1
11483,2026-07-02 12:26:48+05:30,4025.8,2,4040.77,1134651,147762.0,162877.0,4100.0,4110.0,4012.0,4092.6,24812200,4501.8,3683.4,4440.0,3288.1,4025.8,57,2,4025.7,6,1,4025.5,1,1,4025.3,150,2,4025.2,5,1,4026.0,16,1,4026.3,18,2,4026.4,3,1,4026.5,12,1,4026.6,67,1
11483,2026-07-02 12:26:49+05:30,4025.8,2,4040.77,1134653,147770.0,162877.0,4100.0,4110.0,4012.0,4092.6,24812200,4501.8,3683.4,4440.0,3288.1,4025.8,55,2,4025.7,16,2,4025.5,1,1,4025.3,150,2,4025.2,5,1,4026.0,16,1,4026.3,18,2,4026.4,3,1,4026.5,12,1,4026.6,67,1
11483,2026-07-02 12:26:49+05:30,4025.3,50,4040.77,1134653,147770.0,162877.0,4100.0,4110.0,4012.0,4092.6,24812200,4501.8,3683.4,4440.0,3288.1,4025.8,55,2,4025.7,16,2,4025.5,1,1,4025.3,150,2,4025.2,5,1,4026.0,16,1,4026.3,18,2,4026.4,3,1,4026.5,12,1,4026.6,67,1
11483,2026-07-02 12:26:50+05:30,4025.3,50,4040.77,1134881,147000.0,163128.0,4100.0,4110.0,4012.0,4092.6,24812200,4501.8,3683.4,4440.0,3288.1,4025.2,5,1,4025.0,128,8,4024.4,62,1,4024.3,79,3,4024.2,191,6,4025.8,175,1,4026.0,33,3,4026.3,25,4,4026.4,3,1,4026.5,6,2
11483,2026-07-02 12:26:50+05:30,4025.2,5,4040.77,1134881,147000.0,163128.0,4100.0,4110.0,4012.0,4092.6,24812200,4501.8,3683.4,4440.0,3288.1,4025.2,5,1,4025.0,128,8,4024.4,62,1,4024.3,79,3,4024.2,191,6,4025.8,175,1,4026.0,33,3,4026.3,25,4,4026.4,3,1,4026.5,6,2
11483,2026-07-02 12:26:51+05:30,4025.2,5,4040.77,1134886,147294.0,163249.0,4100.0,4110.0,4012.0,4092.6,24812200,4501.8,3683.4,4440.0,3288.1,4025.0,163,10,4024.4,62,1,4024.3,28,1,4024.2,194,7,4024.1,127,3,4025.2,4,2,4025.8,175,1,4026.0,33,3,4026.1,12,1,4026.2,27,1
11483,2026-07-02 12:26:51+05:30,4025.0,14,4040.77,1134886,147294.0,163249.0,4100.0,4110.0,4012.0,4092.6,24812200,4501.8,3683.4,4440.0,3288.1,4025.0,163,10,4024.4,62,1,4024.3,28,1,4024.2,194,7,4024.1,127,3,4025.2,4,2,4025.8,175,1,4026.0,33,3,4026.1,12,1,4026.2,27,1
11483,2026-07-02 12:26:52+05:30,4025.2,1,4040.77,1134901,147266.0,163250.0,4100.0,4110.0,4012.0,4092.6,24812200,4501.8,3683.4,4440.0,3288.1,4025.1,1,1,4025.0,149,10,4024.4,62,1,4024.3,28,1,4024.2,194,7,4025.2,3,2,4025.8,175,1,4026.0,33,3,4026.1,12,1,4026.2,27,1
11483,2026-07-02 12:26:52+05:30,4025.0,15,4040.77,1134901,147266.0,163250.0,4100.0,4110.0,4012.0,4092.6,24812200,4501.8,3683.4,4440.0,3288.1,4025.1,1,1,4025.0,149,10,4024.4,62,1,4024.3,28,1,4024.2,194,7,4025.2,3,2,4025.8,175,1,4026.0,33,3,4026.1,12,1,4026.2,27,1
11483,2026-07-02 12:26:53+05:30,4025.0,15,4040.77,1134919,147227.0,163264.0,4100.0,4110.0,4012.0,4092.6,24812200,4501.8,3683.4,4440.0,3288.1,4025.0,134,10,4024.4,62,1,4024.3,28,1,4024.2,164,5,4024.1,127,3,4025.2,4,3,4025.8,176,2,4026.0,33,3,4026.2,32,2,4026.3,18,2
11483,2026-07-02 12:26:53+05:30,4025.2,1,4040.77,1134919,147227.0,163264.0,4100.0,4110.0,4012.0,4092.6,24812200,4501.8,3683.4,4440.0,3288.1,4025.0,134,10,4024.4,62,1,4024.3,28,1,4024.2,164,5,4024.1,127,3,4025.2,4,3,4025.8,176,2,4026.0,33,3,4026.2,32,2,4026.3,18,2
11483,2026-07-02 12:26:54+05:30,4025.2,1,4040.77,1134919,147227.0,163264.0,4100.0,4110.0,4012.0,4092.6,24812200,4501.8,3683.4,4440.0,3288.1,4025.0,134,10,4024.4,62,1,4024.3,28,1,4024.2,164,5,4024.1,127,3,4025.2,4,3,4025.8,176,2,4026.0,33,3,4026.2,32,2,4026.3,18,2
11483,2026-07-02 12:26:54+05:30,4025.2,1,4040.77,1134923,147254.0,163231.0,4100.0,4110.0,4012.0,4092.6,24812200,4501.8,3683.4,4440.0,3288.1,4025.0,132,10,4024.4,62,1,4024.3,28,1,4024.2,164,5,4024.1,153,4,4025.2,5,3,4025.8,176,2,4026.0,23,2,4026.2,32,2,4026.3,18,2
11483,2026-07-02 12:26:54+05:30,4025.2,1,4040.77,1134923,147254.0,163231.0,4100.0,4110.0,4012.0,4092.6,24812200,4501.8,3683.4,4440.0,3288.1,4025.0,132,10,4024.4,62,1,4024.3,28,1,4024.2,164,5,4024.1,153,4,4025.2,5,3,4025.8,176,2,4026.0,23,2,4026.2,32,2,4026.3,18,2
11483,2026-07-02 12:26:54+05:30,4025.2,1,4040.77,1134923,147254.0,163231.0,4100.0,4110.0,4012.0,4092.6,24812200,4501.8,3683.4,4440.0,3288.1,4025.0,132,10,4024.4,62,1,4024.3,28,1,4024.2,164,5,4024.1,153,4,4025.2,5,3,4025.8,176,2,4026.0,23,2,4026.2,32,2,4026.3,18,2
11483,2026-07-02 12:26:54+05:30,4025.2,1,4040.77,1134923,147254.0,163231.0,4100.0,4110.0,4012.0,4092.6,24812200,4501.8,3683.4,4440.0,3288.1,4025.0,132,10,4024.4,62,1,4024.3,28,1,4024.2,164,5,4024.1,153,4,4025.2,5,3,4025.8,176,2,4026.0,23,2,4026.2,32,2,4026.3,18,2
11483,2026-07-02 12:26:55+05:30,4025.2,1,4040.77,1134935,147253.0,163190.0,4100.0,4110.0,4012.0,4092.6,24812200,4501.8,3683.4,4440.0,3288.1,4025.0,131,10,4024.4,62,1,4024.3,28,1,4024.2,167,6,4024.1,153,4,4025.2,3,2,4025.8,176,2,4026.0,23,2,4026.2,44,3,4026.3,18,2
11483,2026-07-02 12:26:55+05:30,4025.2,1,4040.77,1134935,147253.0,163190.0,4100.0,4110.0,4012.0,4092.6,24812200,4501.8,3683.4,4440.0,3288.1,4025.0,131,10,4024.4,62,1,4024.3,28,1,4024.2,167,6,4024.1,153,4,4025.2,3,2,4025.8,176,2,4026.0,23,2,4026.2,44,3,4026.3,18,2
11483,2026-07-02 12:26:55+05:30,4025.0,1,4040.77,1134935,147253.0,163190.0,4100.0,4110.0,4012.0,4092.6,24812200,4501.8,3683.4,4440.0,3288.1,4025.0,131,10,4024.4,62,1,4024.3,28,1,4024.2,167,6,4024.1,153,4,4025.2,3,2,4025.8,176,2,4026.0,23,2,4026.2,44,3,4026.3,18,2
11483,2026-07-02 12:26:56+05:30,4025.0,1,4040.77,1134935,147253.0,163190.0,4100.0,4110.0,4012.0,4092.6,24812200,4501.8,3683.4,4440.0,3288.1,4025.0,131,10,4024.4,62,1,4024.3,28,1,4024.2,167,6,4024.1,153,4,4025.2,3,2,4025.8,176,2,4026.0,23,2,4026.2,44,3,4026.3,18,2
11483,2026-07-02 12:26:56+05:30,4025.0,1,4040.77,1134936,147240.0,163296.0,4100.0,4110.0,4012.0,4092.6,24812200,4501.8,3683.4,4440.0,3288.1,4025.0,130,10,4024.4,62,1,4024.3,28,1,4024.2,167,6,4024.1,153,4,4025.2,3,2,4025.8,176,2,4026.0,23,2,4026.2,44,3,4026.3,18,2
11483,2026-07-02 12:26:56+05:30,4025.0,1,4040.77,1134936,147240.0,163296.0,4100.0,4110.0,4012.0,4092.6,24812200,4501.8,3683.4,4440.0,3288.1,4025.0,130,10,4024.4,62,1,4024.3,28,1,4024.2,167,6,4024.1,153,4,4025.2,3,2,4025.8,176,2,4026.0,23,2,4026.2,44,3,4026.3,18,2
11483,2026-07-02 12:26:57+05:30,4025.0,1,4040.77,1134936,147240.0,163296.0,4100.0,4110.0,4012.0,4092.6,24812200,4501.8,3683.4,4440.0,3288.1,4025.0,130,10,4024.4,62,1,4024.3,28,1,4024.2,167,6,4024.1,153,4,4025.2,3,2,4025.8,176,2,4026.0,23,2,4026.2,44,3,4026.3,18,2
11483,2026-07-02 12:26:57+05:30,4025.0,1,4040.77,1134936,147138.0,163251.0,4100.0,4110.0,4012.0,4092.6,24812200,4501.8,3683.4,4440.0,3288.1,4025.0,130,10,4024.4,65,2,4024.3,28,1,4024.2,164,5,4024.1,153,4,4025.2,3,2,4025.8,176,2,4026.0,23,2,4026.2,44,3,4026.3,18,2
11483,2026-07-02 12:26:57+05:30,4025.0,1,4040.77,1134936,147138.0,163251.0,4100.0,4110.0,4012.0,4092.6,24812200,4501.8,3683.4,4440.0,3288.1,4025.0,130,10,4024.4,65,2,4024.3,28,1,4024.2,164,5,4024.1,153,4,4025.2,3,2,4025.8,176,2,4026.0,23,2,4026.2,44,3,4026.3,18,2
11483,2026-07-02 12:26:58+05:30,4025.0,1,4040.77,1134936,147138.0,163251.0,4100.0,4110.0,4012.0,4092.6,24816225,4501.8,3683.4,4440.0,3288.1,4025.0,130,10,4024.4,65,2,4024.3,28,1,4024.2,164,5,4024.1,153,4,4025.2,3,2,4025.8,176,2,4026.0,23,2,4026.2,44,3,4026.3,18,2
11483,2026-07-02 12:26:58+05:30,4025.2,3,4040.77,1134946,147176.0,163283.0,4100.0,4110.0,4012.0,4092.6,24816225,4501.8,3683.4,4440.0,3288.1,4025.0,130,10,4024.4,67,3,4024.3,28,1,4024.2,164,5,4024.1,155,5,4025.2,56,2,4025.8,176,2,4026.0,23,2,4026.2,31,2,4026.3,18,2
11483,2026-07-02 12:26:58+05:30,4025.2,3,4040.77,1134946,147176.0,163283.0,4100.0,4110.0,4012.0,4092.6,24816225,4501.8,3683.4,4440.0,3288.1,4025.0,130,10,4024.4,67,3,4024.3,28,1,4024.2,164,5,4024.1,155,5,4025.2,56,2,4025.8,176,2,4026.0,23,2,4026.2,31,2,4026.3,18,2
11483,2026-07-02 12:26:58+05:30,4025.2,7,4040.77,1134946,147176.0,163283.0,4100.0,4110.0,4012.0,4092.6,24816225,4501.8,3683.4,4440.0,3288.1,4025.0,130,10,4024.4,67,3,4024.3,28,1,4024.2,164,5,4024.1,155,5,4025.2,56,2,4025.8,176,2,4026.0,23,2,4026.2,31,2,4026.3,18,2
11483,2026-07-02 12:26:59+05:30,4025.2,7,4040.77,1134946,147176.0,163283.0,4100.0,4110.0,4012.0,4092.6,24816225,4501.8,3683.4,4440.0,3288.1,4025.0,130,10,4024.4,67,3,4024.3,28,1,4024.2,164,5,4024.1,155,5,4025.2,56,2,4025.8,176,2,4026.0,23,2,4026.2,31,2,4026.3,18,2
11483,2026-07-02 12:26:59+05:30,4025.2,3,4040.77,1134966,147153.0,163538.0,4100.0,4110.0,4012.0,4092.6,24816225,4501.8,3683.4,4440.0,3288.1,4025.0,125,10,4024.5,3,1,4024.4,64,2,4024.3,28,1,4024.2,164,5,4025.2,41,1,4025.8,176,2,4026.0,23,2,4026.2,31,2,4026.3,18,2
11483,2026-07-02 12:26:59+05:30,4025.2,3,4040.77,1134966,147153.0,163538.0,4100.0,4110.0,4012.0,4092.6,24816225,4501.8,3683.4,4440.0,3288.1,4025.0,125,10,4024.5,3,1,4024.4,64,2,4024.3,28,1,4024.2,164,5,4025.2,41,1,4025.8,176,2,4026.0,23,2,4026.2,31,2,4026.3,18,2
11483,2026-07-02 12:26:59+05:30,4025.0,3,4040.77,1134966,147153.0,163538.0,4100.0,4110.0,4012.0,4092.6,24816225,4501.8,3683.4,4440.0,3288.1,4025.0,125,10,4024.5,3,1,4024.4,64,2,4024.3,28,1,4024.2,164,5,4025.2,41,1,4025.8,176,2,4026.0,23,2,4026.2,31,2,4026.3,18,2
11483,2026-07-02 12:26:59+05:30,4025.0,3,4040.77,1134966,147153.0,163538.0,4100.0,4110.0,4012.0,4092.6,24816225,4501.8,3683.4,4440.0,3288.1,4025.0,125,10,4024.5,3,1,4024.4,64,2,4024.3,28,1,4024.2,164,5,4025.2,41,1,4025.8,176,2,4026.0,23,2,4026.2,31,2,4026.3,18,2
11483,2026-07-02 12:27:00+05:30,4025.2,1,4040.77,1134990,147150.0,163529.0,4100.0,4110.0,4012.0,4092.6,24816225,4501.8,3683.4,4440.0,3288.1,4025.0,122,10,4024.5,3,1,4024.4,64,2,4024.3,28,1,4024.2,164,5,4025.2,20,1,4025.8,176,2,4026.0,23,2,4026.2,31,2,4026.3,18,2
11483,2026-07-02 12:27:00+05:30,4025.0,3,4040.77,1134990,147150.0,163529.0,4100.0,4110.0,4012.0,4092.6,24816225,4501.8,3683.4,4440.0,3288.1,4025.0,122,10,4024.5,3,1,4024.4,64,2,4024.3,28,1,4024.2,164,5,4025.2,20,1,4025.8,176,2,4026.0,23,2,4026.2,31,2,4026.3,18,2
11483,2026-07-02 12:27:01+05:30,4025.2,4,4040.77,1135000,147149.0,163525.0,4100.0,4110.0,4012.0,4092.6,24816225,4501.8,3683.4,4440.0,3288.1,4025.0,121,11,4024.5,3,1,4024.4,64,2,4024.3,28,1,4024.2,164,5,4025.2,14,2,4025.8,176,2,4026.0,23,2,4026.2,31,2,4026.3,18,2
11483,2026-07-02 12:27:01+05:30,4025.0,1,4040.77,1135000,147149.0,163525.0,4100.0,4110.0,4012.0,4092.6,24816225,4501.8,3683.4,4440.0,3288.1,4025.0,121,11,4024.5,3,1,4024.4,64,2,4024.3,28,1,4024.2,164,5,4025.2,14,2,4025.8,176,2,4026.0,23,2,4026.2,31,2,4026.3,18,2
11483,2026-07-02 12:27:02+05:30,4025.0,1,4040.77,1135001,147123.0,163565.0,4100.0,4110.0,4012.0,4092.6,24816225,4501.8,3683.4,4440.0,3288.1,4025.1,1,1,4025.0,120,11,4024.5,3,1,4024.4,64,2,4024.3,28,1,4025.2,14,2,4025.8,176,2,4026.0,23,2,4026.1,12,1,4026.2,31,2
11483,2026-07-02 12:27:03+05:30,4025.2,1,4040.77,1135002,147123.0,163561.0,4100.0,4110.0,4012.0,4092.6,24816225,4501.8,3683.4,4440.0,3288.1,4025.1,1,1,4025.0,120,11,4024.5,3,1,4024.4,64,2,4024.3,28,1,4025.2,13,2,4025.8,175,1,4026.0,23,2,4026.1,12,1,4026.2,31,2
11483,2026-07-02 12:27:03+05:30,4025.2,1,4040.77,1135002,147123.0,163561.0,4100.0,4110.0,4012.0,4092.6,24816225,4501.8,3683.4,4440.0,3288.1,4025.1,1,1,4025.0,120,11,4024.5,3,1,4024.4,64,2,4024.3,28,1,4025.2,13,2,4025.8,175,1,4026.0,23,2,4026.1,12,1,4026.2,31,2
11483,2026-07-02 12:27:04+05:30,4025.2,1,4040.77,1135018,147505.0,163090.0,4100.0,4110.0,4012.0,4092.6,24816225,4501.8,3683.4,4440.0,3288.1,4025.2,2,1,4025.1,1,1,4025.0,120,11,4024.5,3,1,4024.4,64,2,4025.8,175,1,4026.0,23,2,4026.3,18,2,4026.4,15,2,4026.5,6,2
11483,2026-07-02 12:27:04+05:30,4024.4,28,4040.77,1135018,147505.0,163090.0,4100.0,4110.0,4012.0,4092.6,24816225,4501.8,3683.4,4440.0,3288.1,4025.2,2,1,4025.1,1,1,4025.0,120,11,4024.5,3,1,4024.4,64,2,4025.8,175,1,4026.0,23,2,4026.3,18,2,4026.4,15,2,4026.5,6,2
11483,2026-07-02 12:27:05+05:30,4024.4,28,4040.77,1135195,146631.0,163112.0,4100.0,4110.0,4012.0,4092.6,24816225,4501.8,3683.4,4440.0,3288.1,4024.6,4,2,4024.5,9,2,4024.4,34,1,4024.3,40,2,4024.2,40,4,4026.0,40,4,4026.3,31,4,4026.4,20,3,4026.5,58,4,4026.6,92,4
11483,2026-07-02 12:27:05+05:30,4024.6,3,4040.77,1135195,146631.0,163112.0,4100.0,4110.0,4012.0,4092.6,24816225,4501.8,3683.4,4440.0,3288.1,4024.6,4,2,4024.5,9,2,4024.4,34,1,4024.3,40,2,4024.2,40,4,4026.0,40,4,4026.3,31,4,4026.4,20,3,4026.5,58,4,4026.6,92,4
11483,2026-07-02 12:27:06+05:30,4026.0,7,4040.77,1135224,146627.0,162975.0,4100.0,4110.0,4012.0,4092.6,24816225,4501.8,3683.4,4440.0,3288.1,4025.8,1,1,4025.2,1,1,4025.0,1,1,4024.7,32,2,4024.6,76,4,4026.0,8,1,4026.1,1,1,4026.2,1,1,4026.3,19,3,4026.4,4,2
11483,2026-07-02 12:27:06+05:30,4025.8,1,4040.77,1135224,146627.0,162975.0,4100.0,4110.0,4012.0,4092.6,24816225,4501.8,3683.4,4440.0,3288.1,4025.8,1,1,4025.2,1,1,4025.0,1,1,4024.7,32,2,4024.6,76,4,4026.0,8,1,4026.1,1,1,4026.2,1,1,4026.3,19,3,4026.4,4,2
11483,2026-07-02 12:27:07+05:30,4025.8,1,4040.77,1135225,147381.0,163004.0,4100.0,4110.0,4012.0,4092.6,24816225,4501.8,3683.4,4440.0,3288.1,4025.2,1,1,4025.0,1,1,4024.7,35,2,4024.6,78,5,4024.5,41,4,4025.8,1,1,4026.0,8,1,4026.1,1,1,4026.2,1,1,4026.3,19,3
11483,2026-07-02 12:27:08+05:30,4025.8,1,4040.77,1135225,147399.0,163021.0,4100.0,4110.0,4012.0,4092.6,24816225,4501.8,3683.4,4440.0,3288.1,4025.2,1,1,4025.0,1,1,4024.7,35,2,4024.6,90,6,4024.5,41,4,4025.8,1,1,4026.0,8,1,4026.1,1,1,4026.2,1,1,4026.3,19,3
11483,2026-07-02 12:27:09+05:30,4025.8,2,4040.77,1135227,147370.0,162987.0,4100.0,4110.0,4012.0,4092.6,24816225,4501.8,3683.4,4440.0,3288.1,4025.2,1,1,4025.0,1,1,4024.7,35,2,4024.6,90,6,4024.5,41,4,4025.8,1,1,4026.0,8,1,4026.1,1,1,4026.2,1,1,4026.3,19,3
11483,2026-07-02 12:27:09+05:30,4025.8,2,4040.77,1135227,147370.0,162987.0,4100.0,4110.0,4012.0,4092.6,24816225,4501.8,3683.4,4440.0,3288.1,4025.2,1,1,4025.0,1,1,4024.7,35,2,4024.6,90,6,4024.5,41,4,4025.8,1,1,4026.0,8,1,4026.1,1,1,4026.2,1,1,4026.3,19,3
11483,2026-07-02 12:27:10+05:30,4025.8,2,4040.77,1135227,147370.0,162994.0,4100.0,4110.0,4012.0,4092.6,24816225,4501.8,3683.4,4440.0,3288.1,4025.2,1,1,4025.0,1,1,4024.7,35,2,4024.6,90,6,4024.5,41,4,4025.8,1,1,4026.0,8,1,4026.1,1,1,4026.2,1,1,4026.3,19,3
11483,2026-07-02 12:27:10+05:30,4025.8,1,4040.77,1135227,147370.0,162994.0,4100.0,4110.0,4012.0,4092.6,24816225,4501.8,3683.4,4440.0,3288.1,4025.2,1,1,4025.0,1,1,4024.7,35,2,4024.6,90,6,4024.5,41,4,4025.8,1,1,4026.0,8,1,4026.1,1,1,4026.2,1,1,4026.3,19,3
11483,2026-07-02 12:27:11+05:30,4025.8,1,4040.77,1135228,147300.0,163043.0,4100.0,4110.0,4012.0,4092.6,24816225,4501.8,3683.4,4440.0,3288.1,4025.8,24,1,4025.2,1,1,4025.0,1,1,4024.7,47,3,4024.6,90,6,4026.0,8,1,4026.1,1,1,4026.2,70,2,4026.3,69,3,4026.4,4,2
11483,2026-07-02 12:27:11+05:30,4026.0,1,4040.77,1135228,147300.0,163043.0,4100.0,4110.0,4012.0,4092.6,24816225,4501.8,3683.4,4440.0,3288.1,4025.8,24,1,4025.2,1,1,4025.0,1,1,4024.7,47,3,4024.6,90,6,4026.0,8,1,4026.1,1,1,4026.2,70,2,4026.3,69,3,4026.4,4,2
11483,2026-07-02 12:27:12+05:30,4026.0,1,4040.77,1135229,147534.0,162997.0,4100.0,4110.0,4012.0,4092.6,24816225,4501.8,3683.4,4440.0,3288.1,4025.9,1,1,4025.8,24,1,4025.2,1,1,4025.0,1,1,4024.7,47,3,4026.2,70,2,4026.3,69,3,4026.4,4,2,4026.5,1,1,4026.6,1,1
11483,2026-07-02 12:27:12+05:30,4026.2,1,4040.77,1135229,147534.0,162997.0,4100.0,4110.0,4012.0,4092.6,24816225,4501.8,3683.4,4440.0,3288.1,4025.9,1,1,4025.8,24,1,4025.2,1,1,4025.0,1,1,4024.7,47,3,4026.2,70,2,4026.3,69,3,4026.4,4,2,4026.5,1,1,4026.6,1,1
11483,2026-07-02 12:27:13+05:30,4026.2,1,4040.77,1135231,147825.0,162988.0,4100.0,4110.0,4012.0,4092.6,24816225,4501.8,3683.4,4440.0,3288.1,4025.9,1,1,4025.8,24,1,4025.2,1,1,4025.0,13,2,4024.7,49,4,4026.2,70,2,4026.3,69,3,4026.4,4,2,4026.5,1,1,4026.6,1,1
11483,2026-07-02 12:27:13+05:30,4026.2,1,4040.77,1135231,147825.0,162988.0,4100.0,4110.0,4012.0,4092.6,24816225,4501.8,3683.4,4440.0,3288.1,4025.9,1,1,4025.8,24,1,4025.2,1,1,4025.0,13,2,4024.7,49,4,4026.2,70,2,4026.3,69,3,4026.4,4,2,4026.5,1,1,4026.6,1,1
11483,2026-07-02 12:27:14+05:30,4026.0,4,4040.77,1135236,147966.0,162940.0,4100.0,4110.0,4012.0,4092.6,24816225,4501.8,3683.4,4440.0,3288.1,4026.0,12,2,4025.9,1,1,4025.8,24,1,4025.2,1,1,4025.0,13,2,4026.2,69,2,4026.3,69,3,4026.4,4,2,4026.5,1,1,4026.6,1,1
11483,2026-07-02 12:27:14+05:30,4026.2,1,4040.77,1135236,147966.0,162940.0,4100.0,4110.0,4012.0,4092.6,24816225,4501.8,3683.4,4440.0,3288.1,4026.0,12,2,4025.9,1,1,4025.8,24,1,4025.2,1,1,4025.0,13,2,4026.2,69,2,4026.3,69,3,4026.4,4,2,4026.5,1,1,4026.6,1,1
11483,2026-07-02 12:27:15+05:30,4026.2,1,4040.77,1135238,147773.0,162752.0,4100.0,4110.0,4012.0,4092.6,24816225,4501.8,3683.4,4440.0,3288.1,4026.0,11,1,4025.9,1,1,4025.8,74,2,4025.2,1,1,4025.0,39,4,4026.2,68,2,4026.3,69,3,4026.4,4,2,4026.5,1,1,4026.6,1,1
11483,2026-07-02 12:27:15+05:30,4026.2,1,4040.77,1135238,147773.0,162752.0,4100.0,4110.0,4012.0,4092.6,24816225,4501.8,3683.4,4440.0,3288.1,4026.0,11,1,4025.9,1,1,4025.8,74,2,4025.2,1,1,4025.0,39,4,4026.2,68,2,4026.3,69,3,4026.4,4,2,4026.5,1,1,4026.6,1,1
11483,2026-07-02 12:27:16+05:30,4026.2,3,4040.77,1135244,147788.0,162749.0,4100.0,4110.0,4012.0,4092.6,24816225,4501.8,3683.4,4440.0,3288.1,4026.0,11,1,4025.9,1,1,4025.8,74,2,4025.2,1,1,4025.0,39,4,4026.2,62,2,4026.3,69,3,4026.4,4,2,4026.5,1,1,4026.6,1,1
11483,2026-07-02 12:27:16+05:30,4026.2,1,4040.77,1135244,147788.0,162749.0,4100.0,4110.0,4012.0,4092.6,24816225,4501.8,3683.4,4440.0,3288.1,4026.0,11,1,4025.9,1,1,4025.8,74,2,4025.2,1,1,4025.0,39,4,4026.2,62,2,4026.3,69,3,4026.4,4,2,4026.5,1,1,4026.6,1,1
11483,2026-07-02 12:27:17+05:30,4026.2,3,4040.77,1135249,147786.0,162742.0,4100.0,4110.0,4012.0,4092.6,24816225,4501.8,3683.4,4440.0,3288.1,4026.0,10,1,4025.8,74,2,4025.2,1,1,4025.0,39,4,4024.9,12,1,4026.2,58,2,4026.3,69,3,4026.4,4,2,4026.5,1,1,4026.6,1,1
11483,2026-07-02 12:27:17+05:30,4026.2,1,4040.77,1135249,147786.0,162742.0,4100.0,4110.0,4012.0,4092.6,24816225,4501.8,3683.4,4440.0,3288.1,4026.0,10,1,4025.8,74,2,4025.2,1,1,4025.0,39,4,4024.9,12,1,4026.2,58,2,4026.3,69,3,4026.4,4,2,4026.5,1,1,4026.6,1,1
11483,2026-07-02 12:27:18+05:30,4026.2,1,4040.77,1135251,147816.0,162733.0,4100.0,4110.0,4012.0,4092.6,24816225,4501.8,3683.4,4440.0,3288.1,4026.0,9,1,4025.8,74,2,4025.5,9,1,4025.4,10,1,4025.2,13,2,4026.2,57,2,4026.3,69,3,4026.4,4,2,4026.5,1,1,4026.6,1,1
11483,2026-07-02 12:27:18+05:30,4026.2,1,4040.77,1135251,147816.0,162733.0,4100.0,4110.0,4012.0,4092.6,24816225,4501.8,3683.4,4440.0,3288.1,4026.0,9,1,4025.8,74,2,4025.5,9,1,4025.4,10,1,4025.2,13,2,4026.2,57,2,4026.3,69,3,4026.4,4,2,4026.5,1,1,4026.6,1,1
11483,2026-07-02 12:27:19+05:30,4026.2,1,4040.77,1135252,148115.0,162652.0,4100.0,4110.0,4012.0,4092.6,24816225,4501.8,3683.4,4440.0,3288.1,4026.0,324,4,4025.8,86,3,4025.7,7,1,4025.5,18,2,4025.4,83,5,4026.2,56,2,4026.3,69,3,4026.4,4,2,4026.5,1,1,4026.6,1,1
11483,2026-07-02 12:27:19+05:30,4026.2,50,4040.77,1135252,148115.0,162652.0,4100.0,4110.0,4012.0,4092.6,24816225,4501.8,3683.4,4440.0,3288.1,4026.0,324,4,4025.8,86,3,4025.7,7,1,4025.5,18,2,4025.4,83,5,4026.2,56,2,4026.3,69,3,4026.4,4,2,4026.5,1,1,4026.6,1,1
11483,2026-07-02 12:27:20+05:30,4026.2,50,4040.77,1135304,148048.0,162685.0,4100.0,4110.0,4012.0,4092.6,24816225,4501.8,3683.4,4440.0,3288.1,4026.0,321,3,4025.9,4,1,4025.8,41,3,4025.7,14,2,4025.5,18,2,4026.2,4,2,4026.3,68,2,4026.4,3,1,4026.7,43,1,4027.0,2,1
11483,2026-07-02 12:27:20+05:30,4026.2,1,4040.77,1135304,148048.0,162685.0,4100.0,4110.0,4012.0,4092.6,24816225,4501.8,3683.4,4440.0,3288.1,4026.0,321,3,4025.9,4,1,4025.8,41,3,4025.7,14,2,4025.5,18,2,4026.2,4,2,4026.3,68,2,4026.4,3,1,4026.7,43,1,4027.0,2,1
11483,2026-07-02 12:27:21+05:30,4026.2,2,4040.77,1135317,148056.0,162670.0,4100.0,4110.0,4012.0,4092.6,24816225,4501.8,3683.4,4440.0,3288.1,4026.0,302,2,4025.8,25,2,4025.6,8,1,4025.5,9,1,4025.4,50,3,4026.2,68,2,4026.3,68,2,4026.4,3,1,4026.7,43,1,4027.0,2,1
11483,2026-07-02 12:27:21+05:30,4026.2,1,4040.77,1135317,148056.0,162670.0,4100.0,4110.0,4012.0,4092.6,24816225,4501.8,3683.4,4440.0,3288.1,4026.0,302,2,4025.8,25,2,4025.6,8,1,4025.5,9,1,4025.4,50,3,4026.2,68,2,4026.3,68,2,4026.4,3,1,4026.7,43,1,4027.0,2,1
11483,2026-07-02 12:27:22+05:30,4026.2,1,4040.77,1135320,148046.0,162674.0,4100.0,4110.0,4012.0,4092.6,24816225,4501.8,3683.4,4440.0,3288.1,4026.1,8,3,4026.0,301,2,4025.8,25,2,4025.5,9,1,4025.4,10,1,4026.2,66,2,4026.3,68,2,4026.4,3,1,4026.7,43,1,4027.0,2,1
11483,2026-07-02 12:27:22+05:30,4026.2,1,4040.77,1135320,148046.0,162674.0,4100.0,4110.0,4012.0,4092.6,24816225,4501.8,3683.4,4440.0,3288.1,4026.1,8,3,4026.0,301,2,4025.8,25,2,4025.5,9,1,4025.4,10,1,4026.2,66,2,4026.3,68,2,4026.4,3,1,4026.7,43,1,4027.0,2,1
11483,2026-07-02 12:27:23+05:30,4026.2,1,4040.77,1135322,148066.0,162825.0,4100.0,4110.0,4012.0,4092.6,24816225,4501.8,3683.4,4440.0,3288.1,4026.1,1,1,4026.0,320,3,4025.8,25,2,4025.5,9,1,4025.4,10,1,4026.2,65,2,4026.3,68,2,4026.4,3,1,4026.7,43,1,4027.0,2,1
11483,2026-07-02 12:27:23+05:30,4026.2,1,4040.77,1135322,148066.0,162825.0,4100.0,4110.0,4012.0,4092.6,24816225,4501.8,3683.4,4440.0,3288.1,4026.1,1,1,4026.0,320,3,4025.8,25,2,4025.5,9,1,4025.4,10,1,4026.2,65,2,4026.3,68,2,4026.4,3,1,4026.7,43,1,4027.0,2,1
11483,2026-07-02 12:27:24+05:30,4026.2,1,4040.77,1135326,148022.0,162830.0,4100.0,4110.0,4012.0,4092.6,24816225,4501.8,3683.4,4440.0,3288.1,4026.1,1,1,4026.0,320,3,4025.8,25,2,4025.3,20,1,4025.2,13,1,4026.2,62,3,4026.3,68,2,4026.4,3,1,4026.7,43,1,4027.0,2,1
11483,2026-07-02 12:27:24+05:30,4026.2,10,4040.77,1135326,148022.0,162830.0,4100.0,4110.0,4012.0,4092.6,24816225,4501.8,3683.4,4440.0,3288.1,4026.1,1,1,4026.0,320,3,4025.8,25,2,4025.3,20,1,4025.2,13,1,4026.2,62,3,4026.3,68,2,4026.4,3,1,4026.7,43,1,4027.0,2,1
11483,2026-07-02 12:27:25+05:30,4026.2,1,4040.77,1135339,148000.0,162896.0,4100.0,4110.0,4012.0,4092.6,24816225,4501.8,3683.4,4440.0,3288.1,4026.1,2,2,4026.0,301,2,4025.8,25,2,4025.3,20,1,4025.2,13,1,4026.2,130,4,4026.3,68,2,4026.4,3,1,4026.7,43,1,4027.1,178,3
11483,2026-07-02 12:27:25+05:30,4026.2,1,4040.77,1135339,148000.0,162896.0,4100.0,4110.0,4012.0,4092.6,24816225,4501.8,3683.4,4440.0,3288.1,4026.1,2,2,4026.0,301,2,4025.8,25,2,4025.3,20,1,4025.2,13,1,4026.2,130,4,4026.3,68,2,4026.4,3,1,4026.7,43,1,4027.1,178,3
11483,2026-07-02 12:27:26+05:30,4026.1,1,4040.76,1135352,147570.0,162962.0,4100.0,4110.0,4012.0,4092.6,24816225,4501.8,3683.4,4440.0,3288.1,4026.0,301,2,4025.8,25,2,4025.3,20,1,4025.0,23,3,4024.9,203,3,4026.2,120,3,4026.3,68,2,4026.4,3,1,4026.7,43,1,4026.8,12,1
11483,2026-07-02 12:27:26+05:30,4026.0,1,4040.76,1135352,147570.0,162962.0,4100.0,4110.0,4012.0,4092.6,24816225,4501.8,3683.4,4440.0,3288.1,4026.0,301,2,4025.8,25,2,4025.3,20,1,4025.0,23,3,4024.9,203,3,4026.2,120,3,4026.3,68,2,4026.4,3,1,4026.7,43,1,4026.8,12,1
11483,2026-07-02 12:27:27+05:30,4026.3,1,4040.76,1135655,147556.0,162420.0,4100.0,4110.0,4012.0,4092.6,24816225,4501.8,3683.4,4440.0,3288.1,4025.8,24,2,4025.5,11,1,4025.3,13,1,4025.1,12,1,4025.0,1141,7,4026.3,102,2,4026.4,3,1,4026.7,43,1,4027.0,5,1,4027.1,175,1
11483,2026-07-02 12:27:27+05:30,4025.8,1,4040.76,1135655,147556.0,162420.0,4100.0,4110.0,4012.0,4092.6,24816225,4501.8,3683.4,4440.0,3288.1,4025.8,24,2,4025.5,11,1,4025.3,13,1,4025.1,12,1,4025.0,1141,7,4026.3,102,2,4026.4,3,1,4026.7,43,1,4027.0,5,1,4027.1,175,1
11483,2026-07-02 12:27:28+05:30,4025.7,1,4040.76,1135680,147293.0,162679.0,4100.0,4110.0,4012.0,4092.6,24816225,4501.8,3683.4,4440.0,3288.1,4025.3,13,3,4025.2,10,2,4025.1,15,2,4025.0,1109,5,4024.9,17,1,4025.7,34,1,4025.8,3,1,4026.3,57,1,4026.4,3,1,4026.7,43,1
11483,2026-07-02 12:27:28+05:30,4025.7,7,4040.76,1135680,147293.0,162679.0,4100.0,4110.0,4012.0,4092.6,24816225,4501.8,3683.4,4440.0,3288.1,4025.3,13,3,4025.2,10,2,4025.1,15,2,4025.0,1109,5,4024.9,17,1,4025.7,34,1,4025.8,3,1,4026.3,57,1,4026.4,3,1,4026.7,43,1
11483,2026-07-02 12:27:29+05:30,4025.7,1,4040.76,1135697,147249.0,162771.0,4100.0,4110.0,4012.0,4092.6,24816225,4501.8,3683.4,4440.0,3288.1,4025.3,10,3,4025.2,10,2,4025.1,15,2,4025.0,1109,5,4024.9,28,2,4025.7,25,1,4025.8,3,1,4026.3,57,1,4026.4,81,2,4026.7,43,1
11483,2026-07-02 12:27:29+05:30,4025.3,1,4040.76,1135697,147249.0,162771.0,4100.0,4110.0,4012.0,4092.6,24816225,4501.8,3683.4,4440.0,3288.1,4025.3,10,3,4025.2,10,2,4025.1,15,2,4025.0,1109,5,4024.9,28,2,4025.7,25,1,4025.8,3,1,4026.3,57,1,4026.4,81,2,4026.7,43,1
11483,2026-07-02 12:27:30+05:30,4025.2,1,4040.76,1135701,147250.0,162959.0,4100.0,4110.0,4012.0,4092.6,24816225,4501.8,3683.4,4440.0,3288.1,4025.2,2,1,4025.1,20,2,4025.0,1109,5,4024.9,17,1,4024.8,12,1,4025.7,25,2,4025.8,3,1,4026.3,57,1,4026.4,81,2,4026.7,43,1
11483,2026-07-02 12:27:30+05:30,4025.2,1,4040.76,1135701,147250.0,162959.0,4100.0,4110.0,4012.0,4092.6,24816225,4501.8,3683.4,4440.0,3288.1,4025.2,2,1,4025.1,20,2,4025.0,1109,5,4024.9,17,1,4024.8,12,1,4025.7,25,2,4025.8,3,1,4026.3,57,1,4026.4,81,2,4026.7,43,1
11483,2026-07-02 12:27:31+05:30,4025.2,1,4040.76,1135707,146981.0,163055.0,4100.0,4110.0,4012.0,4092.6,24816225,4501.8,3683.4,4440.0,3288.1,4025.1,20,2,4025.0,1109,5,4024.8,12,1,4024.7,27,2,4024.6,108,5,4025.7,20,2,4025.8,3,1,4026.3,57,1,4026.4,81,2,4026.5,11,1
11483,2026-07-02 12:27:31+05:30,4025.1,1,4040.76,1135707,146981.0,163055.0,4100.0,4110.0,4012.0,4092.6,24816225,4501.8,3683.4,4440.0,3288.1,4025.1,20,2,4025.0,1109,5,4024.8,12,1,4024.7,27,2,4024.6,108,5,4025.7,20,2,4025.8,3,1,4026.3,57,1,4026.4,81,2,4026.5,11,1
11483,2026-07-02 12:27:32+05:30,4025.7,1,4040.76,1135713,146995.0,163081.0,4100.0,4110.0,4012.0,4092.6,24816225,4501.8,3683.4,4440.0,3288.1,4025.1,18,2,4025.0,1109,5,4024.8,12,1,4024.7,27,2,4024.6,119,6,4025.7,19,2,4025.8,3,1,4026.3,57,1,4026.4,81,2,4026.5,11,1
11483,2026-07-02 12:27:32+05:30,4025.1,1,4040.76,1135713,146995.0,163081.0,4100.0,4110.0,4012.0,4092.6,24816225,4501.8,3683.4,4440.0,3288.1,4025.1,18,2,4025.0,1109,5,4024.8,12,1,4024.7,27,2,4024.6,119,6,4025.7,19,2,4025.8,3,1,4026.3,57,1,4026.4,81,2,4026.5,11,1
11483,2026-07-02 12:27:33+05:30,4025.1,1,4040.76,1135715,147003.0,163083.0,4100.0,4110.0,4012.0,4092.6,24816225,4501.8,3683.4,4440.0,3288.1,4025.1,16,2,4025.0,1109,5,4024.8,12,1,4024.7,27,2,4024.6,119,6,4025.7,19,2,4025.8,3,1,4026.3,57,1,4026.4,81,2,4026.5,11,1
11483,2026-07-02 12:27:33+05:30,4025.1,1,4040.76,1135715,147003.0,163083.0,4100.0,4110.0,4012.0,4092.6,24816225,4501.8,3683.4,4440.0,3288.1,4025.1,16,2,4025.0,1109,5,4024.8,12,1,4024.7,27,2,4024.6,119,6,4025.7,19,2,4025.8,3,1,4026.3,57,1,4026.4,81,2,4026.5,11,1
11483,2026-07-02 12:27:34+05:30,4025.2,1,4040.76,1135717,147019.0,162997.0,4100.0,4110.0,4012.0,4092.6,24816225,4501.8,3683.4,4440.0,3288.1,4025.2,1,1,4025.1,13,1,4025.0,1109,5,4024.7,20,1,4024.6,138,7,4025.7,18,2,4025.8,3,1,4026.3,57,1,4026.4,81,2,4026.5,11,1
11483,2026-07-02 12:27:34+05:30,4025.2,1,4040.76,1135717,147019.0,162997.0,4100.0,4110.0,4012.0,4092.6,24816225,4501.8,3683.4,4440.0,3288.1,4025.2,1,1,4025.1,13,1,4025.0,1109,5,4024.7,20,1,4024.6,138,7,4025.7,18,2,4025.8,3,1,4026.3,57,1,4026.4,81,2,4026.5,11,1
11483,2026-07-02 12:27:35+05:30,4025.2,1,4040.76,1135719,147002.0,162998.0,4100.0,4110.0,4012.0,4092.6,24816225,4501.8,3683.4,4440.0,3288.1,4025.2,8,2,4025.0,1109,5,4024.7,20,1,4024.6,127,6,4024.5,102,6,4025.7,17,2,4025.8,3,1,4026.3,57,1,4026.4,81,2,4026.5,11,1
11483,2026-07-02 12:27:35+05:30,4025.2,1,4040.76,1135719,147002.0,162998.0,4100.0,4110.0,4012.0,4092.6,24816225,4501.8,3683.4,4440.0,3288.1,4025.2,8,2,4025.0,1109,5,4024.7,20,1,4024.6,127,6,4024.5,102,6,4025.7,17,2,4025.8,3,1,4026.3,57,1,4026.4,81,2,4026.5,11,1
11483,2026-07-02 12:27:36+05:30,4025.2,1,4040.76,1135721,147001.0,163004.0,4100.0,4110.0,4012.0,4092.6,24816225,4501.8,3683.4,4440.0,3288.1,4025.2,6,2,4025.0,1109,5,4024.7,20,1,4024.6,127,6,4024.5,102,6,4025.7,17,2,4025.8,3,1,4026.3,57,1,4026.4,81,2,4026.5,11,1
11483,2026-07-02 12:27:36+05:30,4025.2,1,4040.76,1135721,147001.0,163004.0,4100.0,4110.0,4012.0,4092.6,24816225,4501.8,3683.4,4440.0,3288.1,4025.2,6,2,4025.0,1109,5,4024.7,20,1,4024.6,127,6,4024.5,102,6,4025.7,17,2,4025.8,3,1,4026.3,57,1,4026.4,81,2,4026.5,11,1
11483,2026-07-02 12:27:37+05:30,4025.2,1,4040.76,1135743,147081.0,162955.0,4100.0,4110.0,4012.0,4092.6,24816225,4501.8,3683.4,4440.0,3288.1,4025.2,8,3,4025.0,1111,6,4024.7,20,1,4024.6,79,6,4024.5,108,7,4025.7,32,2,4025.8,3,1,4026.3,57,1,4026.4,3,1,4026.7,43,1
11483,2026-07-02 12:27:37+05:30,4025.2,3,4040.76,1135743,147081.0,162955.0,4100.0,4110.0,4012.0,4092.6,24816225,4501.8,3683.4,4440.0,3288.1,4025.2,8,3,4025.0,1111,6,4024.7,20,1,4024.6,79,6,4024.5,108,7,4025.7,32,2,4025.8,3,1,4026.3,57,1,4026.4,3,1,4026.7,43,1
11483,2026-07-02 12:27:38+05:30,4025.2,1,4040.76,1135747,147079.0,162960.0,4100.0,4110.0,4012.0,4092.6,24816225,4501.8,3683.4,4440.0,3288.1,4025.2,1,1,4025.0,1111,6,4024.7,20,1,4024.6,79,6,4024.5,108,7,4025.7,32,2,4025.8,3,1,4026.3,57,1,4026.4,3,1,4026.7,43,1
11483,2026-07-02 12:27:38+05:30,4025.2,1,4040.76,1135747,147079.0,162960.0,4100.0,4110.0,4012.0,4092.6,24816225,4501.8,3683.4,4440.0,3288.1,4025.2,1,1,4025.0,1111,6,4024.7,20,1,4024.6,79,6,4024.5,108,7,4025.7,32,2,4025.8,3,1,4026.3,57,1,4026.4,3,1,4026.7,43,1
11483,2026-07-02 12:27:39+05:30,4025.1,1,4040.76,1135796,147004.0,162863.0,4100.0,4110.0,4012.0,4092.6,24816225,4501.8,3683.4,4440.0,3288.1,4025.1,13,4,4025.0,1050,3,4024.9,11,1,4024.7,33,2,4024.6,85,7,4025.7,31,2,4025.8,3,1,4026.3,57,1,4026.4,3,1,4026.7,43,1
11483,2026-07-02 12:27:39+05:30,4025.1,3,4040.76,1135796,147004.0,162863.0,4100.0,4110.0,4012.0,4092.6,24816225,4501.8,3683.4,4440.0,3288.1,4025.1,13,4,4025.0,1050,3,4024.9,11,1,4024.7,33,2,4024.6,85,7,4025.7,31,2,4025.8,3,1,4026.3,57,1,4026.4,3,1,4026.7,43,1
11483,2026-07-02 12:27:40+05:30,4025.1,1,4040.76,1135803,146975.0,162945.0,4100.0,4110.0,4012.0,4092.6,24816225,4501.8,3683.4,4440.0,3288.1,4025.2,13,3,4025.1,11,4,4025.0,1050,3,4024.9,21,2,4024.8,4,1,4025.7,31,2,4025.8,3,1,4026.3,57,1,4026.4,3,1,4026.7,43,1
11483,2026-07-02 12:27:40+05:30,4025.1,1,4040.76,1135803,146975.0,162945.0,4100.0,4110.0,4012.0,4092.6,24816225,4501.8,3683.4,4440.0,3288.1,4025.2,13,3,4025.1,11,4,4025.0,1050,3,4024.9,21,2,4024.8,4,1,4025.7,31,2,4025.8,3,1,4026.3,57,1,4026.4,3,1,4026.7,43,1
11483,2026-07-02 12:27:41+05:30,4025.2,1,4040.76,1135804,146806.0,162971.0,4100.0,4110.0,4012.0,4092.6,24816225,4501.8,3683.4,4440.0,3288.1,4025.2,6,1,4025.1,11,4,4025.0,1050,3,4024.9,11,1,4024.7,33,2,4025.7,31,2,4025.8,3,1,4026.2,175,1,4026.3,57,1,4026.4,3,1
11483,2026-07-02 12:27:41+05:30,4025.2,1,4040.76,1135804,146806.0,162971.0,4100.0,4110.0,4012.0,4092.6,24816225,4501.8,3683.4,4440.0,3288.1,4025.2,6,1,4025.1,11,4,4025.0,1050,3,4024.9,11,1,4024.7,33,2,4025.7,31,2,4025.8,3,1,4026.2,175,1,4026.3,57,1,4026.4,3,1
11483,2026-07-02 12:27:42+05:30,4025.4,1,4040.76,1135806,146723.0,163137.0,4100.0,4110.0,4012.0,4092.6,24816225,4501.8,3683.4,4440.0,3288.1,4025.4,1,1,4025.2,5,1,4025.1,8,2,4025.0,1050,3,4024.9,11,1,4025.7,31,2,4025.8,3,1,4026.2,175,1,4026.3,57,1,4026.4,3,1
11483,2026-07-02 12:27:42+05:30,4025.4,1,4040.76,1135806,146723.0,163137.0,4100.0,4110.0,4012.0,4092.6,24816225,4501.8,3683.4,4440.0,3288.1,4025.4,1,1,4025.2,5,1,4025.1,8,2,4025.0,1050,3,4024.9,11,1,4025.7,31,2,4025.8,3,1,4026.2,175,1,4026.3,57,1,4026.4,3,1
11483,2026-07-02 12:27:43+05:30,4025.4,1,4040.76,1135807,146750.0,163216.0,4100.0,4110.0,4012.0,4092.6,24816225,4501.8,3683.4,4440.0,3288.1,4025.4,1,1,4025.2,5,1,4025.1,6,2,4025.0,1050,3,4024.9,11,1,4025.7,31,2,4025.8,3,1,4026.2,175,1,4026.3,57,1,4026.4,81,2
11483,2026-07-02 12:27:43+05:30,4025.4,1,4040.76,1135807,146750.0,163216.0,4100.0,4110.0,4012.0,4092.6,24816225,4501.8,3683.4,4440.0,3288.1,4025.4,1,1,4025.2,5,1,4025.1,6,2,4025.0,1050,3,4024.9,11,1,4025.7,31,2,4025.8,3,1,4026.2,175,1,4026.3,57,1,4026.4,81,2
11483,2026-07-02 12:27:44+05:30,4025.0,1,4040.76,1135830,146686.0,163355.0,4100.0,4110.0,4012.0,4092.6,24816225,4501.8,3683.4,4440.0,3288.1,4025.0,1034,3,4024.6,9,1,4024.5,15,2,4024.3,12,1,4024.2,20,2,4025.6,42,2,4025.7,72,2,4025.8,45,2,4025.9,14,2,4026.0,58,3
11483,2026-07-02 12:27:44+05:30,4025.0,3,4040.76,1135830,146686.0,163355.0,4100.0,4110.0,4012.0,4092.6,24816225,4501.8,3683.4,4440.0,3288.1,4025.0,1034,3,4024.6,9,1,4024.5,15,2,4024.3,12,1,4024.2,20,2,4025.6,42,2,4025.7,72,2,4025.8,45,2,4025.9,14,2,4026.0,58,3
11483,2026-07-02 12:27:45+05:30,4025.0,1,4040.76,1135834,146574.0,163960.0,4100.0,4110.0,4012.0,4092.6,24816225,4501.8,3683.4,4440.0,3288.1,4025.0,1030,3,4024.3,12,1,4024.2,29,2,4024.1,177,5,4024.0,771,21,4025.3,90,3,4025.5,42,1,4025.6,83,2,4025.7,10,1,4025.8,45,2
11483,2026-07-02 12:27:45+05:30,4025.0,1,4040.76,1135834,146574.0,163960.0,4100.0,4110.0,4012.0,4092.6,24816225,4501.8,3683.4,4440.0,3288.1,4025.0,1030,3,4024.3,12,1,4024.2,29,2,4024.1,177,5,4024.0,771,21,4025.3,90,3,4025.5,42,1,4025.6,83,2,4025.7,10,1,4025.8,45,2
11483,2026-07-02 12:27:46+05:30,4025.3,5,4040.76,1135849,146780.0,163958.0,4100.0,4110.0,4012.0,4092.6,24816225,4501.8,3683.4,4440.0,3288.1,4025.0,1029,3,4024.2,29,2,4024.1,177,5,4024.0,771,21,4023.9,68,3,4025.2,75,1,4025.5,42,1,4025.6,92,3,4025.8,45,2,4026.0,25,3
11483,2026-07-02 12:27:46+05:30,4025.0,2,4040.76,1135849,146780.0,163958.0,4100.0,4110.0,4012.0,4092.6,24816225,4501.8,3683.4,4440.0,3288.1,4025.0,1029,3,4024.2,29,2,4024.1,177,5,4024.0,771,21,4023.9,68,3,4025.2,75,1,4025.5,42,1,4025.6,92,3,4025.8,45,2,4026.0,25,3
11483,2026-07-02 12:27:47+05:30,4025.0,1,4040.76,1135853,146751.0,163835.0,4100.0,4110.0,4012.0,4092.6,24816225,4501.8,3683.4,4440.0,3288.1,4025.0,1025,3,4024.2,1,1,4024.1,194,6,4024.0,799,22,4023.9,40,2,4025.2,75,1,4025.4,42,1,4025.5,42,1,4025.6,41,1,4025.7,42,1
11483,2026-07-02 12:27:47+05:30,4025.0,1,4040.76,1135853,146751.0,163835.0,4100.0,4110.0,4012.0,4092.6,24816225,4501.8,3683.4,4440.0,3288.1,4025.0,1025,3,4024.2,1,1,4024.1,194,6,4024.0,799,22,4023.9,40,2,4025.2,75,1,4025.4,42,1,4025.5,42,1,4025.6,41,1,4025.7,42,1
11483,2026-07-02 12:27:48+05:30,4025.2,1,4040.76,1135854,146740.0,163830.0,4100.0,4110.0,4012.0,4092.6,24816225,4501.8,3683.4,4440.0,3288.1,4025.0,1025,3,4024.2,1,1,4024.1,194,6,4024.0,801,23,4023.9,38,1,4025.2,75,1,4025.3,42,1,4025.4,42,1,4025.6,83,2,4025.8,3,1
11483,2026-07-02 12:27:48+05:30,4025.2,1,4040.76,1135854,146740.0,163830.0,4100.0,4110.0,4012.0,4092.6,24816225,4501.8,3683.4,4440.0,3288.1,4025.0,1025,3,4024.2,1,1,4024.1,194,6,4024.0,801,23,4023.9,38,1,4025.2,75,1,4025.3,42,1,4025.4,42,1,4025.6,83,2,4025.8,3,1
11483,2026-07-02 12:27:49+05:30,4025.0,1,4040.76,1135866,146738.0,163820.0,4100.0,4110.0,4012.0,4092.6,24816225,4501.8,3683.4,4440.0,3288.1,4025.0,1023,3,4024.3,28,1,4024.2,1,1,4024.1,194,6,4024.0,801,23,4025.2,75,1,4025.4,32,1,4025.5,42,1,4025.6,41,1,4025.7,42,1
11483,2026-07-02 12:27:49+05:30,4025.0,1,4040.76,1135866,146738.0,163820.0,4100.0,4110.0,4012.0,4092.6,24816225,4501.8,3683.4,4440.0,3288.1,4025.0,1023,3,4024.3,28,1,4024.2,1,1,4024.1,194,6,4024.0,801,23,4025.2,75,1,4025.4,32,1,4025.5,42,1,4025.6,41,1,4025.7,42,1
11483,2026-07-02 12:27:50+05:30,4025.0,5,4040.76,1135872,146743.0,163696.0,4100.0,4110.0,4012.0,4092.6,24816225,4501.8,3683.4,4440.0,3288.1,4025.0,1018,4,4024.3,30,2,4024.2,1,1,4024.1,194,6,4024.0,799,22,4025.2,75,1,4025.4,74,2,4025.6,83,2,4025.8,3,1,4025.9,5,1
11483,2026-07-02 12:27:50+05:30,4025.0,1,4040.76,1135872,146743.0,163696.0,4100.0,4110.0,4012.0,4092.6,24816225,4501.8,3683.4,4440.0,3288.1,4025.0,1018,4,4024.3,30,2,4024.2,1,1,4024.1,194,6,4024.0,799,22,4025.2,75,1,4025.4,74,2,4025.6,83,2,4025.8,3,1,4025.9,5,1
11483,2026-07-02 12:27:51+05:30,4025.2,1,4040.76,1135875,146768.0,163862.0,4100.0,4110.0,4012.0,4092.6,24816225,4501.8,3683.4,4440.0,3288.1,4025.0,1021,5,4024.5,10,1,4024.4,12,1,4024.3,30,2,4024.2,1,1,4025.2,74,1,4025.4,74,2,4025.6,83,2,4025.8,3,1,4025.9,5,1
11483,2026-07-02 12:27:51+05:30,4025.2,1,4040.76,1135875,146768.0,163862.0,4100.0,4110.0,4012.0,4092.6,24816225,4501.8,3683.4,4440.0,3288.1,4025.0,1021,5,4024.5,10,1,4024.4,12,1,4024.3,30,2,4024.2,1,1,4025.2,74,1,4025.4,74,2,4025.6,83,2,4025.8,3,1,4025.9,5,1
11483,2026-07-02 12:27:52+05:30,4025.0,139,4040.76,1136030,146544.0,163884.0,4100.0,4110.0,4012.0,4092.6,24816225,4501.8,3683.4,4440.0,3288.1,4025.0,905,6,4024.6,9,1,4024.5,10,1,4024.4,26,3,4024.3,28,1,4025.2,74,1,4025.4,74,2,4025.6,83,2,4025.8,3,1,4025.9,5,1
11483,2026-07-02 12:27:52+05:30,4025.0,19,4040.76,1136030,146544.0,163884.0,4100.0,4110.0,4012.0,4092.6,24816225,4501.8,3683.4,4440.0,3288.1,4025.0,905,6,4024.6,9,1,4024.5,10,1,4024.4,26,3,4024.3,28,1,4025.2,74,1,4025.4,74,2,4025.6,83,2,4025.8,3,1,4025.9,5,1
11483,2026-07-02 12:27:53+05:30,4025.2,3,4040.76,1136052,146631.0,163870.0,4100.0,4110.0,4012.0,4092.6,24816225,4501.8,3683.4,4440.0,3288.1,4025.0,875,5,4024.5,2,1,4024.4,12,1,4024.2,16,2,4024.1,194,6,4025.2,71,1,4025.4,74,2,4025.6,83,2,4025.8,3,1,4026.0,30,4
11483,2026-07-02 12:27:53+05:30,4025.0,2,4040.76,1136052,146631.0,163870.0,4100.0,4110.0,4012.0,4092.6,24816225,4501.8,3683.4,4440.0,3288.1,4025.0,875,5,4024.5,2,1,4024.4,12,1,4024.2,16,2,4024.1,194,6,4025.2,71,1,4025.4,74,2,4025.6,83,2,4025.8,3,1,4026.0,30,4
11483,2026-07-02 12:27:54+05:30,4025.0,2,4040.76,1136052,146631.0,163870.0,4100.0,4110.0,4012.0,4092.6,24816225,4501.8,3683.4,4440.0,3288.1,4025.0,875,5,4024.5,2,1,4024.4,12,1,4024.2,16,2,4024.1,194,6,4025.2,71,1,4025.4,74,2,4025.6,83,2,4025.8,3,1,4026.0,30,4
11483,2026-07-02 12:27:54+05:30,4025.2,2,4040.76,1136056,146665.0,163720.0,4100.0,4110.0,4012.0,4092.6,24816225,4501.8,3683.4,4440.0,3288.1,4025.0,898,6,4024.8,13,1,4024.5,2,1,4024.4,12,1,4024.2,16,2,4025.2,69,1,4025.4,74,2,4025.6,83,2,4025.8,3,1,4026.0,30,4
11483,2026-07-02 12:27:54+05:30,4025.0,1,4040.76,1136056,146665.0,163720.0,4100.0,4110.0,4012.0,4092.6,24816225,4501.8,3683.4,4440.0,3288.1,4025.0,898,6,4024.8,13,1,4024.5,2,1,4024.4,12,1,4024.2,16,2,4025.2,69,1,4025.4,74,2,4025.6,83,2,4025.8,3,1,4026.0,30,4
11483,2026-07-02 12:27:54+05:30,4025.0,1,4040.76,1136056,146665.0,163720.0,4100.0,4110.0,4012.0,4092.6,24816225,4501.8,3683.4,4440.0,3288.1,4025.0,898,6,4024.8,13,1,4024.5,2,1,4024.4,12,1,4024.2,16,2,4025.2,69,1,4025.4,74,2,4025.6,83,2,4025.8,3,1,4026.0,30,4
11483,2026-07-02 12:27:55+05:30,4025.0,1,4040.76,1136056,146665.0,163720.0,4100.0,4110.0,4012.0,4092.6,24816225,4501.8,3683.4,4440.0,3288.1,4025.0,898,6,4024.8,13,1,4024.5,2,1,4024.4,12,1,4024.2,16,2,4025.2,69,1,4025.4,74,2,4025.6,83,2,4025.8,3,1,4026.0,30,4
11483,2026-07-02 12:27:55+05:30,4025.0,3,4040.76,1136060,146670.0,163868.0,4100.0,4110.0,4012.0,4092.6,24816225,4501.8,3683.4,4440.0,3288.1,4025.0,905,7,4024.5,2,1,4024.4,12,1,4024.2,25,3,4024.1,194,6,4025.2,69,1,4025.4,74,2,4025.6,83,2,4025.8,3,1,4026.0,30,4
11483,2026-07-02 12:27:55+05:30,4025.0,3,4040.76,1136060,146670.0,163868.0,4100.0,4110.0,4012.0,4092.6,24816225,4501.8,3683.4,4440.0,3288.1,4025.0,905,7,4024.5,2,1,4024.4,12,1,4024.2,25,3,4024.1,194,6,4025.2,69,1,4025.4,74,2,4025.6,83,2,4025.8,3,1,4026.0,30,4
11483,2026-07-02 12:27:55+05:30,4025.0,3,4040.76,1136060,146670.0,163868.0,4100.0,4110.0,4012.0,4092.6,24816225,4501.8,3683.4,4440.0,3288.1,4025.0,905,7,4024.5,2,1,4024.4,12,1,4024.2,25,3,4024.1,194,6,4025.2,69,1,4025.4,74,2,4025.6,83,2,4025.8,3,1,4026.0,30,4
11483,2026-07-02 12:27:56+05:30,4025.0,3,4040.76,1136060,146670.0,163868.0,4100.0,4110.0,4012.0,4092.6,24816225,4501.8,3683.4,4440.0,3288.1,4025.0,905,7,4024.5,2,1,4024.4,12,1,4024.2,25,3,4024.1,194,6,4025.2,69,1,4025.4,74,2,4025.6,83,2,4025.8,3,1,4026.0,30,4
11483,2026-07-02 12:27:56+05:30,4025.0,3,4040.76,1136060,146672.0,163708.0,4100.0,4110.0,4012.0,4092.6,24816225,4501.8,3683.4,4440.0,3288.1,4025.0,907,8,4024.5,2,1,4024.4,12,1,4024.2,25,3,4024.1,194,6,4025.2,69,1,4025.4,74,2,4025.6,83,2,4025.8,3,1,4026.0,21,3
11483,2026-07-02 12:27:56+05:30,4025.0,3,4040.76,1136060,146672.0,163708.0,4100.0,4110.0,4012.0,4092.6,24816225,4501.8,3683.4,4440.0,3288.1,4025.0,907,8,4024.5,2,1,4024.4,12,1,4024.2,25,3,4024.1,194,6,4025.2,69,1,4025.4,74,2,4025.6,83,2,4025.8,3,1,4026.0,21,3
11483,2026-07-02 12:27:57+05:30,4025.0,3,4040.76,1136060,146672.0,163708.0,4100.0,4110.0,4012.0,4092.6,24816225,4501.8,3683.4,4440.0,3288.1,4025.0,907,8,4024.5,2,1,4024.4,12,1,4024.2,25,3,4024.1,194,6,4025.2,69,1,4025.4,74,2,4025.6,83,2,4025.8,3,1,4026.0,21,3
11483,2026-07-02 12:27:57+05:30,4025.0,3,4040.76,1136060,146672.0,163706.0,4100.0,4110.0,4012.0,4092.6,24816225,4501.8,3683.4,4440.0,3288.1,4025.0,907,8,4024.5,2,1,4024.4,12,1,4024.2,25,3,4024.1,194,6,4025.2,69,1,4025.4,74,2,4025.6,83,2,4025.8,3,1,4026.0,21,3
11483,2026-07-02 12:27:57+05:30,4025.0,13,4040.76,1136060,146672.0,163706.0,4100.0,4110.0,4012.0,4092.6,24816225,4501.8,3683.4,4440.0,3288.1,4025.0,907,8,4024.5,2,1,4024.4,12,1,4024.2,25,3,4024.1,194,6,4025.2,69,1,4025.4,74,2,4025.6,83,2,4025.8,3,1,4026.0,21,3
11483,2026-07-02 12:27:57+05:30,4025.0,13,4040.76,1136060,146672.0,163706.0,4100.0,4110.0,4012.0,4092.6,24816225,4501.8,3683.4,4440.0,3288.1,4025.0,907,8,4024.5,2,1,4024.4,12,1,4024.2,25,3,4024.1,194,6,4025.2,69,1,4025.4,74,2,4025.6,83,2,4025.8,3,1,4026.0,21,3
11483,2026-07-02 12:27:58+05:30,4025.0,13,4040.76,1136060,146672.0,163706.0,4100.0,4110.0,4012.0,4092.6,24816225,4501.8,3683.4,4440.0,3288.1,4025.0,907,8,4024.5,2,1,4024.4,12,1,4024.2,25,3,4024.1,194,6,4025.2,69,1,4025.4,74,2,4025.6,83,2,4025.8,3,1,4026.0,21,3
11483,2026-07-02 12:27:58+05:30,4025.0,13,4040.76,1136060,146672.0,163706.0,4100.0,4110.0,4012.0,4092.6,24818325,4501.8,3683.4,4440.0,3288.1,4025.0,907,8,4024.5,2,1,4024.4,12,1,4024.2,25,3,4024.1,194,6,4025.2,69,1,4025.4,74,2,4025.6,83,2,4025.8,3,1,4026.0,21,3
11483,2026-07-02 12:27:58+05:30,4025.2,2,4040.76,1136075,146675.0,163789.0,4100.0,4110.0,4012.0,4092.6,24818325,4501.8,3683.4,4440.0,3288.1,4025.0,888,8,4024.6,9,1,4024.5,2,1,4024.4,40,2,4024.2,25,3,4025.2,147,2,4025.4,74,2,4025.6,83,2,4026.0,21,3,4026.2,183,2
11483,2026-07-02 12:27:58+05:30,4025.2,2,4040.76,1136075,146675.0,163789.0,4100.0,4110.0,4012.0,4092.6,24818325,4501.8,3683.4,4440.0,3288.1,4025.0,888,8,4024.6,9,1,4024.5,2,1,4024.4,40,2,4024.2,25,3,4025.2,147,2,4025.4,74,2,4025.6,83,2,4026.0,21,3,4026.2,183,2
11483,2026-07-02 12:27:58+05:30,4025.2,7,4040.76,1136075,146675.0,163789.0,4100.0,4110.0,4012.0,4092.6,24818325,4501.8,3683.4,4440.0,3288.1,4025.0,888,8,4024.6,9,1,4024.5,2,1,4024.4,40,2,4024.2,25,3,4025.2,147,2,4025.4,74,2,4025.6,83,2,4026.0,21,3,4026.2,183,2
11483,2026-07-02 12:27:58+05:30,4025.2,7,4040.76,1136075,146675.0,163789.0,4100.0,4110.0,4012.0,4092.6,24818325,4501.8,3683.4,4440.0,3288.1,4025.0,888,8,4024.6,9,1,4024.5,2,1,4024.4,40,2,4024.2,25,3,4025.2,147,2,4025.4,74,2,4025.6,83,2,4026.0,21,3,4026.2,183,2
11483,2026-07-02 12:27:59+05:30,4025.2,7,4040.76,1136075,146675.0,163789.0,4100.0,4110.0,4012.0,4092.6,24818325,4501.8,3683.4,4440.0,3288.1,4025.0,888,8,4024.6,9,1,4024.5,2,1,4024.4,40,2,4024.2,25,3,4025.2,147,2,4025.4,74,2,4025.6,83,2,4026.0,21,3,4026.2,183,2
11483,2026-07-02 12:27:59+05:30,4025.0,3,4040.76,1136093,146642.0,163946.0,4100.0,4110.0,4012.0,4092.6,24818325,4501.8,3683.4,4440.0,3288.1,4025.0,879,8,4024.3,2,1,4024.2,25,3,4024.1,194,6,4024.0,857,25,4025.2,141,3,4025.4,74,2,4025.6,83,2,4026.0,29,4,4026.2,183,2
11483,2026-07-02 12:27:59+05:30,4025.0,2,4040.76,1136093,146642.0,163946.0,4100.0,4110.0,4012.0,4092.6,24818325,4501.8,3683.4,4440.0,3288.1,4025.0,879,8,4024.3,2,1,4024.2,25,3,4024.1,194,6,4024.0,857,25,4025.2,141,3,4025.4,74,2,4025.6,83,2,4026.0,29,4,4026.2,183,2
11483,2026-07-02 12:27:59+05:30,4025.0,2,4040.76,1136093,146642.0,163946.0,4100.0,4110.0,4012.0,4092.6,24818325,4501.8,3683.4,4440.0,3288.1,4025.0,879,8,4024.3,2,1,4024.2,25,3,4024.1,194,6,4024.0,857,25,4025.2,141,3,4025.4,74,2,4025.6,83,2,4026.0,29,4,4026.2,183,2
11483,2026-07-02 12:28:00+05:30,4025.0,2,4040.76,1136093,146642.0,163946.0,4100.0,4110.0,4012.0,4092.6,24818325,4501.8,3683.4,4440.0,3288.1,4025.0,879,8,4024.3,2,1,4024.2,25,3,4024.1,194,6,4024.0,857,25,4025.2,141,3,4025.4,74,2,4025.6,83,2,4026.0,29,4,4026.2,183,2
11483,2026-07-02 12:28:00+05:30,4025.0,2,4040.76,1136095,146668.0,163880.0,4100.0,4110.0,4012.0,4092.6,24818325,4501.8,3683.4,4440.0,3288.1,4025.0,877,8,4024.3,2,1,4024.2,25,3,4024.1,194,6,4024.0,857,25,4025.2,141,3,4025.4,74,2,4025.6,83,2,4026.0,29,4,4026.2,183,2
11483,2026-07-02 12:28:00+05:30,4025.0,1,4040.76,1136095,146668.0,163880.0,4100.0,4110.0,4012.0,4092.6,24818325,4501.8,3683.4,4440.0,3288.1,4025.0,877,8,4024.3,2,1,4024.2,25,3,4024.1,194,6,4024.0,857,25,4025.2,141,3,4025.4,74,2,4025.6,83,2,4026.0,29,4,4026.2,183,2
11483,2026-07-02 12:28:01+05:30,4025.2,3,4040.75,1136129,146681.0,163833.0,4100.0,4110.0,4012.0,4092.6,24818325,4501.8,3683.4,4440.0,3288.1,4025.0,876,8,4024.3,28,2,4024.2,25,3,4024.1,194,6,4024.0,857,25,4025.2,108,3,4025.4,74,2,4025.6,83,2,4026.0,29,4,4026.2,183,2
11483,2026-07-02 12:28:01+05:30,4025.0,4,4040.75,1136129,146681.0,163833.0,4100.0,4110.0,4012.0,4092.6,24818325,4501.8,3683.4,4440.0,3288.1,4025.0,876,8,4024.3,28,2,4024.2,25,3,4024.1,194,6,4024.0,857,25,4025.2,108,3,4025.4,74,2,4025.6,83,2,4026.0,29,4,4026.2,183,2
11483,2026-07-02 12:28:02+05:30,4025.2,1,4040.75,1136161,146630.0,163804.0,4100.0,4110.0,4012.0,4092.6,24818325,4501.8,3683.4,4440.0,3288.1,4025.0,883,9,4024.7,7,1,4024.5,10,1,4024.3,28,2,4024.2,25,3,4025.2,82,2,4025.4,74,2,4025.6,83,2,4026.0,21,3,4026.2,183,2
11483,2026-07-02 12:28:02+05:30,4025.0,4,4040.75,1136161,146630.0,163804.0,4100.0,4110.0,4012.0,4092.6,24818325,4501.8,3683.4,4440.0,3288.1,4025.0,883,9,4024.7,7,1,4024.5,10,1,4024.3,28,2,4024.2,25,3,4025.2,82,2,4025.4,74,2,4025.6,83,2,4026.0,21,3,4026.2,183,2
11483,2026-07-02 12:28:03+05:30,4025.0,1,4040.75,1136166,146597.0,163488.0,4100.0,4110.0,4012.0,4092.6,24818325,4501.8,3683.4,4440.0,3288.1,4025.0,882,11,4024.7,7,1,4024.6,34,2,4024.5,12,2,4024.4,12,1,4025.2,82,2,4025.4,74,2,4025.6,83,2,4026.0,17,2,4026.2,183,2
11483,2026-07-02 12:28:03+05:30,4025.0,1,4040.75,1136166,146597.0,163488.0,4100.0,4110.0,4012.0,4092.6,24818325,4501.8,3683.4,4440.0,3288.1,4025.0,882,11,4024.7,7,1,4024.6,34,2,4024.5,12,2,4024.4,12,1,4025.2,82,2,4025.4,74,2,4025.6,83,2,4026.0,17,2,4026.2,183,2
11483,2026-07-02 12:28:04+05:30,4025.0,1,4040.75,1136166,146703.0,163381.0,4100.0,4110.0,4012.0,4092.6,24818325,4501.8,3683.4,4440.0,3288.1,4025.1,8,2,4025.0,871,10,4024.7,7,1,4024.6,45,4,4024.5,10,1,4025.2,82,2,4025.4,32,1,4025.5,42,1,4025.6,41,1,4025.7,42,1
11483,2026-07-02 12:28:05+05:30,4025.2,19,4040.75,1136270,146803.0,163310.0,4100.0,4110.0,4012.0,4092.6,24818325,4501.8,3683.4,4440.0,3288.1,4025.1,2,1,4025.0,897,11,4024.4,2,1,4024.3,54,3,4024.2,16,2,4025.2,5,1,4025.4,32,1,4025.5,42,1,4025.6,41,1,4025.7,42,1
11483,2026-07-02 12:28:05+05:30,4025.1,13,4040.75,1136270,146803.0,163310.0,4100.0,4110.0,4012.0,4092.6,24818325,4501.8,3683.4,4440.0,3288.1,4025.1,2,1,4025.0,897,11,4024.4,2,1,4024.3,54,3,4024.2,16,2,4025.2,5,1,4025.4,32,1,4025.5,42,1,4025.6,41,1,4025.7,42,1
11483,2026-07-02 12:28:06+05:30,4025.1,2,4040.75,1136292,146704.0,163320.0,4100.0,4110.0,4012.0,4092.6,24818325,4501.8,3683.4,4440.0,3288.1,4025.0,899,12,4024.4,2,1,4024.3,54,3,4024.2,16,2,4024.1,177,5,4025.1,6,1,4025.4,32,1,4025.6,83,2,4025.8,42,1,4025.9,8,1
11483,2026-07-02 12:28:06+05:30,4025.0,3,4040.75,1136292,146704.0,163320.0,4100.0,4110.0,4012.0,4092.6,24818325,4501.8,3683.4,4440.0,3288.1,4025.0,899,12,4024.4,2,1,4024.3,54,3,4024.2,16,2,4024.1,177,5,4025.1,6,1,4025.4,32,1,4025.6,83,2,4025.8,42,1,4025.9,8,1
11483,2026-07-02 12:28:07+05:30,4025.4,1,4040.75,1136316,146735.0,163480.0,4100.0,4110.0,4012.0,4092.6,24818325,4501.8,3683.4,4440.0,3288.1,4025.2,4,1,4025.0,882,12,4024.8,11,1,4024.4,2,1,4024.3,54,3,4025.4,31,1,4025.6,83,2,4025.8,42,1,4025.9,175,1,4026.0,8,1
11483,2026-07-02 12:28:07+05:30,4025.2,2,4040.75,1136316,146735.0,163480.0,4100.0,4110.0,4012.0,4092.6,24818325,4501.8,3683.4,4440.0,3288.1,4025.2,4,1,4025.0,882,12,4024.8,11,1,4024.4,2,1,4024.3,54,3,4025.4,31,1,4025.6,83,2,4025.8,42,1,4025.9,175,1,4026.0,8,1
11483,2026-07-02 12:28:08+05:30,4025.2,2,4040.75,1136320,146804.0,163488.0,4100.0,4110.0,4012.0,4092.6,24818325,4501.8,3683.4,4440.0,3288.1,4025.0,892,13,4024.8,11,1,4024.4,2,1,4024.3,54,3,4024.2,1,1,4025.4,31,1,4025.5,42,1,4025.6,41,1,4025.7,42,1,4025.9,175,1
11483,2026-07-02 12:28:08+05:30,4025.2,2,4040.75,1136320,146804.0,163488.0,4100.0,4110.0,4012.0,4092.6,24818325,4501.8,3683.4,4440.0,3288.1,4025.0,892,13,4024.8,11,1,4024.4,2,1,4024.3,54,3,4024.2,1,1,4025.4,31,1,4025.5,42,1,4025.6,41,1,4025.7,42,1,4025.9,175,1
11483,2026-07-02 12:28:09+05:30,4025.0,3,4040.75,1136335,146785.0,163571.0,4100.0,4110.0,4012.0,4092.6,24818325,4501.8,3683.4,4440.0,3288.1,4025.0,879,14,4024.8,11,1,4024.3,39,2,4024.2,3,2,4024.1,177,5,4025.4,31,2,4025.5,42,1,4025.6,41,1,4025.7,42,1,4025.9,175,1
11483,2026-07-02 12:28:09+05:30,4025.0,2,4040.75,1136335,146785.0,163571.0,4100.0,4110.0,4012.0,4092.6,24818325,4501.8,3683.4,4440.0,3288.1,4025.0,879,14,4024.8,11,1,4024.3,39,2,4024.2,3,2,4024.1,177,5,4025.4,31,2,4025.5,42,1,4025.6,41,1,4025.7,42,1,4025.9,175,1
11483,2026-07-02 12:28:10+05:30,4025.0,2,4040.75,1136337,146788.0,163471.0,4100.0,4110.0,4012.0,4092.6,24818325,4501.8,3683.4,4440.0,3288.1,4025.0,877,14,4024.8,11,1,4024.3,39,2,4024.2,3,2,4024.1,177,5,4025.4,31,2,4025.5,42,1,4025.6,41,1,4025.7,42,1,4025.9,175,1
11483,2026-07-02 12:28:11+05:30,4025.0,1,4040.75,1136345,146779.0,163467.0,4100.0,4110.0,4012.0,4092.6,24818325,4501.8,3683.4,4440.0,3288.1,4025.0,873,14,4024.8,11,1,4024.3,39,2,4024.2,3,2,4024.1,177,5,4025.4,27,2,4025.5,42,1,4025.6,41,1,4025.7,42,1,4025.9,175,1
11483,2026-07-02 12:28:11+05:30,4025.0,1,4040.75,1136345,146779.0,163467.0,4100.0,4110.0,4012.0,4092.6,24818325,4501.8,3683.4,4440.0,3288.1,4025.0,873,14,4024.8,11,1,4024.3,39,2,4024.2,3,2,4024.1,177,5,4025.4,27,2,4025.5,42,1,4025.6,41,1,4025.7,42,1,4025.9,175,1
11483,2026-07-02 12:28:12+05:30,4025.2,1,4040.75,1136347,146784.0,163456.0,4100.0,4110.0,4012.0,4092.6,24818325,4501.8,3683.4,4440.0,3288.1,4025.2,1,1,4025.0,872,14,4024.8,11,1,4024.3,15,2,4024.2,1,1,4025.4,26,1,4025.6,83,2,4025.7,8,1,4025.8,42,1,4025.9,175,1
11483,2026-07-02 12:28:12+05:30,4025.2,1,4040.75,1136347,146784.0,163456.0,4100.0,4110.0,4012.0,4092.6,24818325,4501.8,3683.4,4440.0,3288.1,4025.2,1,1,4025.0,872,14,4024.8,11,1,4024.3,15,2,4024.2,1,1,4025.4,26,1,4025.6,83,2,4025.7,8,1,4025.8,42,1,4025.9,175,1
11483,2026-07-02 12:28:13+05:30,4025.4,1,4040.75,1136349,146783.0,163454.0,4100.0,4110.0,4012.0,4092.6,24818325,4501.8,3683.4,4440.0,3288.1,4025.2,1,1,4025.0,872,14,4024.8,11,1,4024.3,15,2,4024.2,1,1,4025.4,24,1,4025.6,83,2,4025.7,8,1,4025.8,42,1,4025.9,175,1
11483,2026-07-02 12:28:13+05:30,4025.2,1,4040.75,1136349,146783.0,163454.0,4100.0,4110.0,4012.0,4092.6,24818325,4501.8,3683.4,4440.0,3288.1,4025.2,1,1,4025.0,872,14,4024.8,11,1,4024.3,15,2,4024.2,1,1,4025.4,24,1,4025.6,83,2,4025.7,8,1,4025.8,42,1,4025.9,175,1
11483,2026-07-02 12:28:14+05:30,4025.0,2,4040.75,1136354,146777.0,163316.0,4100.0,4110.0,4012.0,4092.6,24818325,4501.8,3683.4,4440.0,3288.1,4025.0,870,14,4024.8,11,1,4024.4,2,1,4024.3,39,2,4024.2,1,1,4025.9,175,1,4026.0,8,1,4026.2,183,2,4026.3,100,3,4026.4,18,2
11483,2026-07-02 12:28:14+05:30,4025.0,2,4040.75,1136354,146777.0,163316.0,4100.0,4110.0,4012.0,4092.6,24818325,4501.8,3683.4,4440.0,3288.1,4025.0,870,14,4024.8,11,1,4024.4,2,1,4024.3,39,2,4024.2,1,1,4025.9,175,1,4026.0,8,1,4026.2,183,2,4026.3,100,3,4026.4,18,2
11483,2026-07-02 12:28:15+05:30,4025.0,2,4040.75,1136356,146791.0,163351.0,4100.0,4110.0,4012.0,4092.6,24818325,4501.8,3683.4,4440.0,3288.1,4025.0,868,14,4024.8,11,1,4024.4,2,1,4024.3,39,2,4024.2,1,1,4025.9,175,1,4026.0,8,1,4026.2,183,2,4026.3,65,2,4026.4,18,2
11483,2026-07-02 12:28:15+05:30,4025.0,2,4040.75,1136356,146791.0,163351.0,4100.0,4110.0,4012.0,4092.6,24818325,4501.8,3683.4,4440.0,3288.1,4025.0,868,14,4024.8,11,1,4024.4,2,1,4024.3,39,2,4024.2,1,1,4025.9,175,1,4026.0,8,1,4026.2,183,2,4026.3,65,2,4026.4,18,2
11483,2026-07-02 12:28:16+05:30,4025.0,2,4040.75,1136356,147068.0,163461.0,4100.0,4110.0,4012.0,4092.6,24818325,4501.8,3683.4,4440.0,3288.1,4025.5,83,3,4025.4,42,1,4025.3,42,1,4025.2,42,1,4025.0,921,16,4025.9,175,1,4026.2,183,2,4026.3,57,1,4026.4,3,1,4026.8,36,3
11483,2026-07-02 12:28:17+05:30,4025.0,2,4040.75,1136356,147069.0,163518.0,4100.0,4110.0,4012.0,4092.6,24818325,4501.8,3683.4,4440.0,3288.1,4025.5,83,3,4025.4,42,1,4025.3,42,1,4025.2,42,1,4025.0,921,16,4025.9,175,1,4026.2,183,2,4026.3,57,1,4026.4,3,1,4026.8,36,3
11483,2026-07-02 12:28:18+05:30,4026.2,1,4040.75,1136407,148061.0,162663.0,4100.0,4110.0,4012.0,4092.6,24818325,4501.8,3683.4,4440.0,3288.1,4025.9,50,1,4025.8,81,1,4025.7,52,2,4025.6,42,1,4025.5,44,3,4026.1,33,1,4026.2,7,1,4026.3,57,1,4026.4,3,1,4026.8,7,1
11483,2026-07-02 12:28:18+05:30,4025.9,7,4040.75,1136407,148061.0,162663.0,4100.0,4110.0,4012.0,4092.6,24818325,4501.8,3683.4,4440.0,3288.1,4025.9,50,1,4025.8,81,1,4025.7,52,2,4025.6,42,1,4025.5,44,3,4026.1,33,1,4026.2,7,1,4026.3,57,1,4026.4,3,1,4026.8,7,1
11483,2026-07-02 12:28:19+05:30,4026.3,15,4040.75,1136523,148308.0,162417.0,4100.0,4110.0,4012.0,4092.6,24818325,4501.8,3683.4,4440.0,3288.1,4026.2,57,2,4026.1,42,1,4026.0,42,1,4025.7,10,1,4025.6,68,2,4026.3,42,1,4026.4,3,1,4027.0,20,2,4027.2,29,3,4027.4,8,1
11483,2026-07-02 12:28:19+05:30,4026.2,14,4040.75,1136523,148308.0,162417.0,4100.0,4110.0,4012.0,4092.6,24818325,4501.8,3683.4,4440.0,3288.1,4026.2,57,2,4026.1,42,1,4026.0,42,1,4025.7,10,1,4025.6,68,2,4026.3,42,1,4026.4,3,1,4027.0,20,2,4027.2,29,3,4027.4,8,1
11483,2026-07-02 12:28:20+05:30,4026.3,81,4040.75,1136523,148308.0,162417.0,4100.0,4110.0,4012.0,4092.6,24818325,4501.8,3683.4,4440.0,3288.1,4026.2,57,2,4026.1,42,1,4026.0,42,1,4025.7,10,1,4025.6,68,2,4026.3,42,1,4026.4,3,1,4027.0,20,2,4027.2,29,3,4027.4,8,1
11483,2026-07-02 12:28:22+05:30,4027.0,3,4040.75,1136523,148308.0,162417.0,4100.0,4110.0,4012.0,4092.6,24818325,4501.8,3683.4,4440.0,3288.1,4026.2,57,2,4026.1,42,1,4026.0,42,1,4025.7,10,1,4025.6,68,2,4026.3,42,1,4026.4,3,1,4027.0,20,2,4027.2,29,3,4027.4,8,1
11483,2026-07-02 12:28:24+05:30,4027.0,1,4040.75,1136523,148308.0,162417.0,4100.0,4110.0,4012.0,4092.6,24818325,4501.8,3683.4,4440.0,3288.1,4026.2,57,2,4026.1,42,1,4026.0,42,1,4025.7,10,1,4025.6,68,2,4026.3,42,1,4026.4,3,1,4027.0,20,2,4027.2,29,3,4027.4,8,1
11483,2026-07-02 12:28:25+05:30,4026.8,2,4040.75,1136657,149091.0,161587.0,4100.0,4110.0,4012.0,4092.6,24818325,4501.8,3683.4,4440.0,3288.1,4026.8,40,1,4026.7,42,1,4026.5,42,1,4026.4,1,1,4026.3,68,3,4027.0,3,1,4027.2,10,1,4027.4,8,1,4027.5,7,1,4027.8,7,1
11483,2026-07-02 12:28:26+05:30,4027.2,1,4040.75,1136657,149091.0,161587.0,4100.0,4110.0,4012.0,4092.6,24818325,4501.8,3683.4,4440.0,3288.1,4026.8,40,1,4026.7,42,1,4026.5,42,1,4026.4,1,1,4026.3,68,3,4027.0,3,1,4027.2,10,1,4027.4,8,1,4027.5,7,1,4027.8,7,1
11483,2026-07-02 12:28:28+05:30,4027.2,8,4040.75,1136657,149091.0,161587.0,4100.0,4110.0,4012.0,4092.6,24818325,4501.8,3683.4,4440.0,3288.1,4026.8,40,1,4026.7,42,1,4026.5,42,1,4026.4,1,1,4026.3,68,3,4027.0,3,1,4027.2,10,1,4027.4,8,1,4027.5,7,1,4027.8,7,1
11483,2026-07-02 12:28:30+05:30,4026.3,36,4040.74,1136927,148102.0,162068.0,4100.0,4110.0,4012.0,4092.6,24818325,4501.8,3683.4,4440.0,3288.1,4026.1,42,1,4026.0,42,1,4025.8,42,1,4025.6,36,2,4025.4,20,2,4026.8,11,4,4027.2,24,4,4027.4,17,2,4027.5,7,1,4027.6,7,1
11483,2026-07-02 12:28:30+05:30,4026.8,1,4040.74,1136927,148102.0,162068.0,4100.0,4110.0,4012.0,4092.6,24818325,4501.8,3683.4,4440.0,3288.1,4026.1,42,1,4026.0,42,1,4025.8,42,1,4025.6,36,2,4025.4,20,2,4026.8,11,4,4027.2,24,4,4027.4,17,2,4027.5,7,1,4027.6,7,1
11483,2026-07-02 12:28:32+05:30,4026.0,42,4040.74,1136927,148102.0,162068.0,4100.0,4110.0,4012.0,4092.6,24818325,4501.8,3683.4,4440.0,3288.1,4026.1,42,1,4026.0,42,1,4025.8,42,1,4025.6,36,2,4025.4,20,2,4026.8,11,4,4027.2,24,4,4027.4,17,2,4027.5,7,1,4027.6,7,1
11483,2026-07-02 12:28:34+05:30,4025.3,15,4040.74,1136927,148102.0,162068.0,4100.0,4110.0,4012.0,4092.6,24818325,4501.8,3683.4,4440.0,3288.1,4026.1,42,1,4026.0,42,1,4025.8,42,1,4025.6,36,2,4025.4,20,2,4026.8,11,4,4027.2,24,4,4027.4,17,2,4027.5,7,1,4027.6,7,1
11483,2026-07-02 12:28:34+05:30,4025.3,15,4040.74,1137376,148473.0,162775.0,4100.0,4110.0,4012.0,4092.6,24818325,4501.8,3683.4,4440.0,3288.1,4026.5,42,1,4026.4,42,1,4026.3,42,1,4026.2,2,1,4026.1,42,1,4026.8,21,1,4027.2,18,3,4027.3,5,1,4027.4,8,1,4027.5,7,1
11483,2026-07-02 12:28:36+05:30,4025.5,4,4040.74,1137376,148473.0,162775.0,4100.0,4110.0,4012.0,4092.6,24818325,4501.8,3683.4,4440.0,3288.1,4026.5,42,1,4026.4,42,1,4026.3,42,1,4026.2,2,1,4026.1,42,1,4026.8,21,1,4027.2,18,3,4027.3,5,1,4027.4,8,1,4027.5,7,1
11483,2026-07-02 12:28:38+05:30,4025.0,507,4040.74,1137376,148473.0,162775.0,4100.0,4110.0,4012.0,4092.6,24818325,4501.8,3683.4,4440.0,3288.1,4026.5,42,1,4026.4,42,1,4026.3,42,1,4026.2,2,1,4026.1,42,1,4026.8,21,1,4027.2,18,3,4027.3,5,1,4027.4,8,1,4027.5,7,1
11483,2026-07-02 12:28:39+05:30,4026.8,1,4040.72,1138496,147644.0,162930.0,4100.0,4110.0,4012.0,4092.6,24818325,4501.8,3683.4,4440.0,3288.1,4025.2,42,4,4025.1,23,2,4025.0,549,20,4024.9,107,5,4024.8,50,1,4026.8,31,3,4027.2,43,5,4027.3,5,1,4027.4,19,2,4027.5,19,2
11483,2026-07-02 12:28:40+05:30,4025.0,4,4040.72,1138496,147644.0,162930.0,4100.0,4110.0,4012.0,4092.6,24818325,4501.8,3683.4,4440.0,3288.1,4025.2,42,4,4025.1,23,2,4025.0,549,20,4024.9,107,5,4024.8,50,1,4026.8,31,3,4027.2,43,5,4027.3,5,1,4027.4,19,2,4027.5,19,2
11483,2026-07-02 12:28:42+05:30,4026.0,1,4040.72,1138496,147644.0,162930.0,4100.0,4110.0,4012.0,4092.6,24818325,4501.8,3683.4,4440.0,3288.1,4025.2,42,4,4025.1,23,2,4025.0,549,20,4024.9,107,5,4024.8,50,1,4026.8,31,3,4027.2,43,5,4027.3,5,1,4027.4,19,2,4027.5,19,2
11483,2026-07-02 12:28:44+05:30,4025.3,2,4040.72,1138758,147586.0,163288.0,4100.0,4110.0,4012.0,4092.6,24818325,4501.8,3683.4,4440.0,3288.1,4025.3,13,2,4025.2,10,1,4025.1,13,1,4025.0,503,19,4024.9,111,4,4026.0,77,1,4026.8,17,1,4027.2,34,3,4027.3,8,2,4027.4,24,2
11483,2026-07-02 12:28:44+05:30,4025.3,10,4040.72,1138758,147586.0,163288.0,4100.0,4110.0,4012.0,4092.6,24818325,4501.8,3683.4,4440.0,3288.1,4025.3,13,2,4025.2,10,1,4025.1,13,1,4025.0,503,19,4024.9,111,4,4026.0,77,1,4026.8,17,1,4027.2,34,3,4027.3,8,2,4027.4,24,2
11483,2026-07-02 12:28:46+05:30,4026.0,7,4040.72,1138758,147586.0,163288.0,4100.0,4110.0,4012.0,4092.6,24818325,4501.8,3683.4,4440.0,3288.1,4025.3,13,2,4025.2,10,1,4025.1,13,1,4025.0,503,19,4024.9,111,4,4026.0,77,1,4026.8,17,1,4027.2,34,3,4027.3,8,2,4027.4,24,2
11483,2026-07-02 12:28:48+05:30,4026.8,5,4040.72,1138758,147586.0,163288.0,4100.0,4110.0,4012.0,4092.6,24818325,4501.8,3683.4,4440.0,3288.1,4025.3,13,2,4025.2,10,1,4025.1,13,1,4025.0,503,19,4024.9,111,4,4026.0,77,1,4026.8,17,1,4027.2,34,3,4027.3,8,2,4027.4,24,2
11483,2026-07-02 12:28:48+05:30,4026.8,5,4040.72,1138821,148243.0,162863.0,4100.0,4110.0,4012.0,4092.6,24818325,4501.8,3683.4,4440.0,3288.1,4025.8,11,3,4025.4,37,2,4025.3,38,1,4025.2,53,4,4025.1,90,6,4026.8,76,2,4027.0,64,1,4027.2,17,1,4027.4,8,1,4027.5,12,1
11483,2026-07-02 12:28:50+05:30,4025.8,7,4040.72,1138821,148243.0,162863.0,4100.0,4110.0,4012.0,4092.6,24818325,4501.8,3683.4,4440.0,3288.1,4025.8,11,3,4025.4,37,2,4025.3,38,1,4025.2,53,4,4025.1,90,6,4026.8,76,2,4027.0,64,1,4027.2,17,1,4027.4,8,1,4027.5,12,1
11483,2026-07-02 12:28:52+05:30,4026.8,25,4040.72,1138821,148243.0,162863.0,4100.0,4110.0,4012.0,4092.6,24818325,4501.8,3683.4,4440.0,3288.1,4025.8,11,3,4025.4,37,2,4025.3,38,1,4025.2,53,4,4025.1,90,6,4026.8,76,2,4027.0,64,1,4027.2,17,1,4027.4,8,1,4027.5,12,1
11483,2026-07-02 12:28:53+05:30,4026.8,25,4040.72,1138869,147636.0,163039.0,4100.0,4110.0,4012.0,4092.6,24818325,4501.8,3683.4,4440.0,3288.1,4025.8,1,1,4025.2,73,4,4025.1,98,6,4025.0,508,21,4024.9,82,3,4026.8,45,3,4027.0,64,1,4027.2,27,2,4027.3,52,2,4027.4,8,1
11483,2026-07-02 12:28:54+05:30,4026.8,25,4040.72,1138869,147636.0,163039.0,4100.0,4110.0,4012.0,4092.6,24818325,4501.8,3683.4,4440.0,3288.1,4025.8,1,1,4025.2,73,4,4025.1,98,6,4025.0,508,21,4024.9,82,3,4026.8,45,3,4027.0,64,1,4027.2,27,2,4027.3,52,2,4027.4,8,1
11483,2026-07-02 12:28:54+05:30,4025.5,1,4040.72,1138869,147636.0,163039.0,4100.0,4110.0,4012.0,4092.6,24818325,4501.8,3683.4,4440.0,3288.1,4025.8,1,1,4025.2,73,4,4025.1,98,6,4025.0,508,21,4024.9,82,3,4026.8,45,3,4027.0,64,1,4027.2,27,2,4027.3,52,2,4027.4,8,1
11483,2026-07-02 12:28:55+05:30,4025.5,1,4040.72,1138869,147636.0,163039.0,4100.0,4110.0,4012.0,4092.6,24818325,4501.8,3683.4,4440.0,3288.1,4025.8,1,1,4025.2,73,4,4025.1,98,6,4025.0,508,21,4024.9,82,3,4026.8,45,3,4027.0,64,1,4027.2,27,2,4027.3,52,2,4027.4,8,1
11483,2026-07-02 12:28:56+05:30,4025.5,1,4040.72,1138869,147636.0,163039.0,4100.0,4110.0,4012.0,4092.6,24818325,4501.8,3683.4,4440.0,3288.1,4025.8,1,1,4025.2,73,4,4025.1,98,6,4025.0,508,21,4024.9,82,3,4026.8,45,3,4027.0,64,1,4027.2,27,2,4027.3,52,2,4027.4,8,1
11483,2026-07-02 12:28:56+05:30,4025.2,12,4040.72,1138869,147636.0,163039.0,4100.0,4110.0,4012.0,4092.6,24818325,4501.8,3683.4,4440.0,3288.1,4025.8,1,1,4025.2,73,4,4025.1,98,6,4025.0,508,21,4024.9,82,3,4026.8,45,3,4027.0,64,1,4027.2,27,2,4027.3,52,2,4027.4,8,1
11483,2026-07-02 12:28:56+05:30,4025.2,12,4040.72,1138869,147636.0,163039.0,4100.0,4110.0,4012.0,4092.6,24818325,4501.8,3683.4,4440.0,3288.1,4025.8,1,1,4025.2,73,4,4025.1,98,6,4025.0,508,21,4024.9,82,3,4026.8,45,3,4027.0,64,1,4027.2,27,2,4027.3,52,2,4027.4,8,1
11483,2026-07-02 12:28:57+05:30,4025.2,12,4040.72,1138869,147636.0,163039.0,4100.0,4110.0,4012.0,4092.6,24818325,4501.8,3683.4,4440.0,3288.1,4025.8,1,1,4025.2,73,4,4025.1,98,6,4025.0,508,21,4024.9,82,3,4026.8,45,3,4027.0,64,1,4027.2,27,2,4027.3,52,2,4027.4,8,1
11483,2026-07-02 12:28:58+05:30,4025.2,12,4040.72,1138869,147636.0,163039.0,4100.0,4110.0,4012.0,4092.6,24818325,4501.8,3683.4,4440.0,3288.1,4025.8,1,1,4025.2,73,4,4025.1,98,6,4025.0,508,21,4024.9,82,3,4026.8,45,3,4027.0,64,1,4027.2,27,2,4027.3,52,2,4027.4,8,1
11483,2026-07-02 12:28:58+05:30,4026.7,1,4040.72,1138931,147342.0,163620.0,4100.0,4110.0,4012.0,4092.6,24818325,4501.8,3683.4,4440.0,3288.1,4025.8,10,1,4025.4,17,1,4025.2,22,2,4025.1,98,6,4025.0,509,22,4026.7,1,1,4026.8,30,3,4027.0,434,4,4027.1,37,1,4027.2,28,3
11483,2026-07-02 12:28:58+05:30,4026.7,1,4040.72,1138931,147342.0,163620.0,4100.0,4110.0,4012.0,4092.6,24818325,4501.8,3683.4,4440.0,3288.1,4025.8,10,1,4025.4,17,1,4025.2,22,2,4025.1,98,6,4025.0,509,22,4026.7,1,1,4026.8,30,3,4027.0,434,4,4027.1,37,1,4027.2,28,3
11483,2026-07-02 12:28:58+05:30,4026.7,1,4040.72,1138931,147342.0,163620.0,4100.0,4110.0,4012.0,4092.6,24819725,4501.8,3683.4,4440.0,3288.1,4025.8,10,1,4025.4,17,1,4025.2,22,2,4025.1,98,6,4025.0,509,22,4026.7,1,1,4026.8,30,3,4027.0,434,4,4027.1,37,1,4027.2,28,3
11483,2026-07-02 12:28:58+05:30,4026.8,3,4040.72,1138931,147342.0,163620.0,4100.0,4110.0,4012.0,4092.6,24819725,4501.8,3683.4,4440.0,3288.1,4025.8,10,1,4025.4,17,1,4025.2,22,2,4025.1,98,6,4025.0,509,22,4026.7,1,1,4026.8,30,3,4027.0,434,4,4027.1,37,1,4027.2,28,3
11483,2026-07-02 12:28:58+05:30,4026.8,3,4040.72,1138931,147342.0,163620.0,4100.0,4110.0,4012.0,4092.6,24819725,4501.8,3683.4,4440.0,3288.1,4025.8,10,1,4025.4,17,1,4025.2,22,2,4025.1,98,6,4025.0,509,22,4026.7,1,1,4026.8,30,3,4027.0,434,4,4027.1,37,1,4027.2,28,3
11483,2026-07-02 12:28:59+05:30,4026.8,3,4040.72,1138931,147342.0,163620.0,4100.0,4110.0,4012.0,4092.6,24819725,4501.8,3683.4,4440.0,3288.1,4025.8,10,1,4025.4,17,1,4025.2,22,2,4025.1,98,6,4025.0,509,22,4026.7,1,1,4026.8,30,3,4027.0,434,4,4027.1,37,1,4027.2,28,3
11483,2026-07-02 12:29:00+05:30,4026.8,3,4040.72,1138931,147342.0,163620.0,4100.0,4110.0,4012.0,4092.6,24819725,4501.8,3683.4,4440.0,3288.1,4025.8,10,1,4025.4,17,1,4025.2,22,2,4025.1,98,6,4025.0,509,22,4026.7,1,1,4026.8,30,3,4027.0,434,4,4027.1,37,1,4027.2,28,3
11483,2026-07-02 12:29:00+05:30,4025.2,3,4040.72,1138931,147342.0,163620.0,4100.0,4110.0,4012.0,4092.6,24819725,4501.8,3683.4,4440.0,3288.1,4025.8,10,1,4025.4,17,1,4025.2,22,2,4025.1,98,6,4025.0,509,22,4026.7,1,1,4026.8,30,3,4027.0,434,4,4027.1,37,1,4027.2,28,3
11483,2026-07-02 12:29:02+05:30,4026.0,5,4040.72,1138972,147346.0,163519.0,4100.0,4110.0,4012.0,4092.6,24819725,4501.8,3683.4,4440.0,3288.1,4025.9,3,3,4025.2,34,4,4025.1,20,3,4025.0,496,21,4024.9,82,3,4026.0,5,1,4026.7,1,1,4026.8,38,4,4027.0,259,3,4027.2,38,3
11483,2026-07-02 12:29:02+05:30,4025.9,1,4040.72,1138972,147346.0,163519.0,4100.0,4110.0,4012.0,4092.6,24819725,4501.8,3683.4,4440.0,3288.1,4025.9,3,3,4025.2,34,4,4025.1,20,3,4025.0,496,21,4024.9,82,3,4026.0,5,1,4026.7,1,1,4026.8,38,4,4027.0,259,3,4027.2,38,3
11483,2026-07-02 12:29:04+05:30,4026.1,6,4040.72,1138972,147346.0,163519.0,4100.0,4110.0,4012.0,4092.6,24819725,4501.8,3683.4,4440.0,3288.1,4025.9,3,3,4025.2,34,4,4025.1,20,3,4025.0,496,21,4024.9,82,3,4026.0,5,1,4026.7,1,1,4026.8,38,4,4027.0,259,3,4027.2,38,3
11483,2026-07-02 12:29:06+05:30,4026.1,9,4040.72,1138972,147346.0,163519.0,4100.0,4110.0,4012.0,4092.6,24819725,4501.8,3683.4,4440.0,3288.1,4025.9,3,3,4025.2,34,4,4025.1,20,3,4025.0,496,21,4024.9,82,3,4026.0,5,1,4026.7,1,1,4026.8,38,4,4027.0,259,3,4027.2,38,3
11483,2026-07-02 12:29:07+05:30,4026.8,1,4040.72,1139012,148029.0,163048.0,4100.0,4110.0,4012.0,4092.6,24819725,4501.8,3683.4,4440.0,3288.1,4026.1,25,1,4026.0,202,2,4025.9,16,3,4025.8,15,1,4025.7,13,1,4026.8,18,1,4027.0,427,4,4027.2,17,1,4027.4,8,1,4027.5,21,2
11483,2026-07-02 12:29:08+05:30,4026.1,4,4040.72,1139012,148029.0,163048.0,4100.0,4110.0,4012.0,4092.6,24819725,4501.8,3683.4,4440.0,3288.1,4026.1,25,1,4026.0,202,2,4025.9,16,3,4025.8,15,1,4025.7,13,1,4026.8,18,1,4027.0,427,4,4027.2,17,1,4027.4,8,1,4027.5,21,2
11483,2026-07-02 12:29:10+05:30,4026.8,1,4040.72,1139012,148029.0,163048.0,4100.0,4110.0,4012.0,4092.6,24819725,4501.8,3683.4,4440.0,3288.1,4026.1,25,1,4026.0,202,2,4025.9,16,3,4025.8,15,1,4025.7,13,1,4026.8,18,1,4027.0,427,4,4027.2,17,1,4027.4,8,1,4027.5,21,2
11483,2026-07-02 12:29:12+05:30,4026.1,3,4040.72,1139064,148256.0,163000.0,4100.0,4110.0,4012.0,4092.6,24819725,4501.8,3683.4,4440.0,3288.1,4026.1,6,1,4026.0,300,2,4025.9,2,1,4025.7,47,3,4025.6,18,1,4027.0,424,4,4027.2,17,1,4027.4,8,1,4027.5,14,2,4027.7,24,3
11483,2026-07-02 12:29:12+05:30,4026.1,1,4040.72,1139064,148256.0,163000.0,4100.0,4110.0,4012.0,4092.6,24819725,4501.8,3683.4,4440.0,3288.1,4026.1,6,1,4026.0,300,2,4025.9,2,1,4025.7,47,3,4025.6,18,1,4027.0,424,4,4027.2,17,1,4027.4,8,1,4027.5,14,2,4027.7,24,3
11483,2026-07-02 12:29:14+05:30,4026.0,4,4040.72,1139064,148256.0,163000.0,4100.0,4110.0,4012.0,4092.6,24819725,4501.8,3683.4,4440.0,3288.1,4026.1,6,1,4026.0,300,2,4025.9,2,1,4025.7,47,3,4025.6,18,1,4027.0,424,4,4027.2,17,1,4027.4,8,1,4027.5,14,2,4027.7,24,3
11483,2026-07-02 12:29:16+05:30,4027.0,1,4040.72,1139064,148256.0,163000.0,4100.0,4110.0,4012.0,4092.6,24819725,4501.8,3683.4,4440.0,3288.1,4026.1,6,1,4026.0,300,2,4025.9,2,1,4025.7,47,3,4025.6,18,1,4027.0,424,4,4027.2,17,1,4027.4,8,1,4027.5,14,2,4027.7,24,3
11483,2026-07-02 12:29:17+05:30,4027.0,1,4040.72,1139092,148203.0,162710.0,4100.0,4110.0,4012.0,4092.6,24819725,4501.8,3683.4,4440.0,3288.1,4026.1,5,2,4026.0,308,3,4025.9,2,1,4025.7,21,2,4025.6,18,1,4027.0,180,2,4027.2,32,2,4027.4,8,1,4027.5,12,1,4027.7,15,3
11483,2026-07-02 12:29:18+05:30,4026.1,2,4040.72,1139092,148203.0,162710.0,4100.0,4110.0,4012.0,4092.6,24819725,4501.8,3683.4,4440.0,3288.1,4026.1,5,2,4026.0,308,3,4025.9,2,1,4025.7,21,2,4025.6,18,1,4027.0,180,2,4027.2,32,2,4027.4,8,1,4027.5,12,1,4027.7,15,3
11483,2026-07-02 12:29:19+05:30,4026.1,3,4040.72,1139092,148203.0,162710.0,4100.0,4110.0,4012.0,4092.6,24819725,4501.8,3683.4,4440.0,3288.1,4026.1,5,2,4026.0,308,3,4025.9,2,1,4025.7,21,2,4025.6,18,1,4027.0,180,2,4027.2,32,2,4027.4,8,1,4027.5,12,1,4027.7,15,3
11483,2026-07-02 12:29:20+05:30,4027.0,1,4040.72,1139101,148836.0,162433.0,4100.0,4110.0,4012.0,4092.6,24819725,4501.8,3683.4,4440.0,3288.1,4026.1,15,2,4026.0,322,3,4025.9,19,2,4025.8,18,1,4025.7,59,3,4027.0,8,1,4027.2,33,3,4027.4,8,1,4027.6,8,1,4027.8,20,2
11483,2026-07-02 12:29:20+05:30,4026.1,1,4040.72,1139101,148836.0,162433.0,4100.0,4110.0,4012.0,4092.6,24819725,4501.8,3683.4,4440.0,3288.1,4026.1,15,2,4026.0,322,3,4025.9,19,2,4025.8,18,1,4025.7,59,3,4027.0,8,1,4027.2,33,3,4027.4,8,1,4027.6,8,1,4027.8,20,2
11483,2026-07-02 12:29:21+05:30,4026.1,1,4040.72,1139108,148931.0,162443.0,4100.0,4110.0,4012.0,4092.6,24819725,4501.8,3683.4,4440.0,3288.1,4026.1,13,2,4026.0,322,3,4025.9,19,2,4025.8,18,1,4025.7,59,3,4027.0,3,1,4027.2,33,3,4027.4,8,1,4027.6,8,1,4027.8,20,2
11483,2026-07-02 12:29:21+05:30,4027.0,5,4040.72,1139108,148931.0,162443.0,4100.0,4110.0,4012.0,4092.6,24819725,4501.8,3683.4,4440.0,3288.1,4026.1,13,2,4026.0,322,3,4025.9,19,2,4025.8,18,1,4025.7,59,3,4027.0,3,1,4027.2,33,3,4027.4,8,1,4027.6,8,1,4027.8,20,2
11483,2026-07-02 12:29:22+05:30,4027.0,5,4040.72,1139113,149037.0,162410.0,4100.0,4110.0,4012.0,4092.6,24819725,4501.8,3683.4,4440.0,3288.1,4026.5,1,1,4026.1,10,1,4026.0,322,3,4025.9,17,1,4025.8,18,1,4027.0,4,1,4027.2,33,3,4027.4,8,1,4027.6,8,1,4027.8,8,1
11483,2026-07-02 12:29:22+05:30,4028.0,97,4040.72,1139113,149037.0,162410.0,4100.0,4110.0,4012.0,4092.6,24819725,4501.8,3683.4,4440.0,3288.1,4026.5,1,1,4026.1,10,1,4026.0,322,3,4025.9,17,1,4025.8,18,1,4027.0,4,1,4027.2,33,3,4027.4,8,1,4027.6,8,1,4027.8,8,1
11483,2026-07-02 12:29:23+05:30,4027.6,2,4040.71,1139384,148859.0,162377.0,4100.0,4110.0,4012.0,4092.6,24819725,4501.8,3683.4,4440.0,3288.1,4026.0,320,3,4025.7,39,2,4025.6,37,4,4025.5,23,1,4025.4,43,3,4027.6,22,4,4027.7,47,4,4027.8,64,5,4027.9,31,3,4028.0,251,6
11483,2026-07-02 12:29:23+05:30,4026.0,33,4040.71,1139384,148859.0,162377.0,4100.0,4110.0,4012.0,4092.6,24819725,4501.8,3683.4,4440.0,3288.1,4026.0,320,3,4025.7,39,2,4025.6,37,4,4025.5,23,1,4025.4,43,3,4027.6,22,4,4027.7,47,4,4027.8,64,5,4027.9,31,3,4028.0,251,6
11483,2026-07-02 12:29:24+05:30,4027.6,2,4040.71,1139419,148831.0,162397.0,4100.0,4110.0,4012.0,4092.6,24819725,4501.8,3683.4,4440.0,3288.1,4026.0,261,2,4025.7,39,2,4025.6,20,2,4025.5,29,2,4025.4,54,4,4027.6,20,4,4027.7,85,5,4027.8,64,5,4027.9,48,5,4028.0,214,5
11483,2026-07-02 12:29:24+05:30,4026.0,4,4040.71,1139419,148831.0,162397.0,4100.0,4110.0,4012.0,4092.6,24819725,4501.8,3683.4,4440.0,3288.1,4026.0,261,2,4025.7,39,2,4025.6,20,2,4025.5,29,2,4025.4,54,4,4027.6,20,4,4027.7,85,5,4027.8,64,5,4027.9,48,5,4028.0,214,5
11483,2026-07-02 12:29:25+05:30,4026.0,4,4040.71,1139423,148913.0,162344.0,4100.0,4110.0,4012.0,4092.6,24819725,4501.8,3683.4,4440.0,3288.1,4026.0,257,2,4025.7,39,2,4025.6,20,2,4025.5,29,2,4025.4,43,3,4027.5,15,4,4027.6,59,6,4027.7,15,3,4027.8,72,5,4027.9,48,5
11483,2026-07-02 12:29:25+05:30,4026.0,116,4040.71,1139423,148913.0,162344.0,4100.0,4110.0,4012.0,4092.6,24819725,4501.8,3683.4,4440.0,3288.1,4026.0,257,2,4025.7,39,2,4025.6,20,2,4025.5,29,2,4025.4,43,3,4027.5,15,4,4027.6,59,6,4027.7,15,3,4027.8,72,5,4027.9,48,5
11483,2026-07-02 12:29:26+05:30,4027.3,2,4040.71,1139549,148671.0,162381.0,4100.0,4110.0,4012.0,4092.6,24819725,4501.8,3683.4,4440.0,3288.1,4026.0,138,2,4025.5,26,1,4025.4,1,1,4025.3,38,2,4025.2,48,4,4026.9,9,1,4027.0,24,4,4027.1,12,2,4027.2,17,3,4027.3,4,2
11483,2026-07-02 12:29:26+05:30,4026.0,15,4040.71,1139549,148671.0,162381.0,4100.0,4110.0,4012.0,4092.6,24819725,4501.8,3683.4,4440.0,3288.1,4026.0,138,2,4025.5,26,1,4025.4,1,1,4025.3,38,2,4025.2,48,4,4026.9,9,1,4027.0,24,4,4027.1,12,2,4027.2,17,3,4027.3,4,2
11483,2026-07-02 12:29:27+05:30,4026.9,1,4040.71,1139565,148672.0,162691.0,4100.0,4110.0,4012.0,4092.6,24819725,4501.8,3683.4,4440.0,3288.1,4026.0,123,2,4025.4,1,1,4025.3,38,2,4025.2,48,4,4025.1,24,3,4026.9,8,1,4027.0,24,4,4027.1,12,2,4027.2,19,4,4027.3,4,2
11483,2026-07-02 12:29:27+05:30,4026.0,2,4040.71,1139565,148672.0,162691.0,4100.0,4110.0,4012.0,4092.6,24819725,4501.8,3683.4,4440.0,3288.1,4026.0,123,2,4025.4,1,1,4025.3,38,2,4025.2,48,4,4025.1,24,3,4026.9,8,1,4027.0,24,4,4027.1,12,2,4027.2,19,4,4027.3,4,2
11483,2026-07-02 12:29:28+05:30,4026.0,2,4040.71,1139567,148674.0,162753.0,4100.0,4110.0,4012.0,4092.6,24819725,4501.8,3683.4,4440.0,3288.1,4026.0,121,2,4025.4,1,1,4025.3,38,2,4025.2,48,4,4025.1,35,4,4027.0,28,4,4027.1,9,1,4027.2,14,3,4027.3,9,3,4027.4,51,3
11483,2026-07-02 12:29:28+05:30,4026.9,7,4040.71,1139567,148674.0,162753.0,4100.0,4110.0,4012.0,4092.6,24819725,4501.8,3683.4,4440.0,3288.1,4026.0,121,2,4025.4,1,1,4025.3,38,2,4025.2,48,4,4025.1,35,4,4027.0,28,4,4027.1,9,1,4027.2,14,3,4027.3,9,3,4027.4,51,3
11483,2026-07-02 12:29:29+05:30,4026.0,5,4040.71,1139579,148656.0,162725.0,4100.0,4110.0,4012.0,4092.6,24819725,4501.8,3683.4,4440.0,3288.1,4026.0,116,2,4025.4,1,1,4025.3,38,2,4025.2,48,4,4025.1,24,3,4027.0,28,4,4027.1,9,1,4027.2,14,3,4027.3,37,5,4027.4,3,1
11483,2026-07-02 12:29:29+05:30,4026.0,1,4040.71,1139579,148656.0,162725.0,4100.0,4110.0,4012.0,4092.6,24819725,4501.8,3683.4,4440.0,3288.1,4026.0,116,2,4025.4,1,1,4025.3,38,2,4025.2,48,4,4025.1,24,3,4027.0,28,4,4027.1,9,1,4027.2,14,3,4027.3,37,5,4027.4,3,1
11483,2026-07-02 12:29:30+05:30,4026.0,4,4040.71,1139584,148663.0,162445.0,4100.0,4110.0,4012.0,4092.6,24819725,4501.8,3683.4,4440.0,3288.1,4026.0,111,2,4025.4,1,1,4025.3,38,2,4025.2,45,3,4025.1,24,3,4027.0,31,5,4027.1,9,1,4027.2,14,3,4027.3,37,5,4027.4,3,1
11483,2026-07-02 12:29:30+05:30,4026.0,5,4040.71,1139584,148663.0,162445.0,4100.0,4110.0,4012.0,4092.6,24819725,4501.8,3683.4,4440.0,3288.1,4026.0,111,2,4025.4,1,1,4025.3,38,2,4025.2,45,3,4025.1,24,3,4027.0,31,5,4027.1,9,1,4027.2,14,3,4027.3,37,5,4027.4,3,1
11483,2026-07-02 12:29:31+05:30,4026.5,1,4040.71,1139601,148319.0,162481.0,4100.0,4110.0,4012.0,4092.6,24819725,4501.8,3683.4,4440.0,3288.1,4026.5,2,2,4026.0,95,1,4025.4,1,1,4025.3,38,2,4025.2,45,3,4027.0,20,4,4027.2,14,3,4027.3,9,3,4027.4,6,2,4027.5,89,5
11483,2026-07-02 12:29:31+05:30,4026.5,1,4040.71,1139601,148319.0,162481.0,4100.0,4110.0,4012.0,4092.6,24819725,4501.8,3683.4,4440.0,3288.1,4026.5,2,2,4026.0,95,1,4025.4,1,1,4025.3,38,2,4025.2,45,3,4027.0,20,4,4027.2,14,3,4027.3,9,3,4027.4,6,2,4027.5,89,5
11483,2026-07-02 12:29:32+05:30,4026.5,2,4040.71,1139610,148448.0,162741.0,4100.0,4110.0,4012.0,4092.6,24819725,4501.8,3683.4,4440.0,3288.1,4026.0,95,1,4025.4,1,1,4025.3,38,2,4025.2,45,3,4025.1,30,4,4027.0,19,5,4027.2,14,3,4027.3,4,2,4027.4,6,2,4027.5,89,5
11483,2026-07-02 12:29:32+05:30,4027.0,8,4040.71,1139610,148448.0,162741.0,4100.0,4110.0,4012.0,4092.6,24819725,4501.8,3683.4,4440.0,3288.1,4026.0,95,1,4025.4,1,1,4025.3,38,2,4025.2,45,3,4025.1,30,4,4027.0,19,5,4027.2,14,3,4027.3,4,2,4027.4,6,2,4027.5,89,5
11483,2026-07-02 12:29:33+05:30,4027.0,8,4040.71,1139621,147953.0,163162.0,4100.0,4110.0,4012.0,4092.6,24819725,4501.8,3683.4,4440.0,3288.1,4026.0,99,2,4025.4,1,1,4025.3,25,1,4025.2,19,2,4025.1,55,2,4026.8,13,3,4026.9,4,2,4027.0,17,5,4027.1,25,2,4027.2,39,5
11483,2026-07-02 12:29:33+05:30,4026.0,1,4040.71,1139621,147953.0,163162.0,4100.0,4110.0,4012.0,4092.6,24819725,4501.8,3683.4,4440.0,3288.1,4026.0,99,2,4025.4,1,1,4025.3,25,1,4025.2,19,2,4025.1,55,2,4026.8,13,3,4026.9,4,2,4027.0,17,5,4027.1,25,2,4027.2,39,5
11483,2026-07-02 12:29:34+05:30,4027.0,2,4040.71,1139650,148118.0,163140.0,4100.0,4110.0,4012.0,4092.6,24819725,4501.8,3683.4,4440.0,3288.1,4026.7,45,1,4026.1,2,1,4026.0,95,2,4025.4,1,1,4025.3,37,2,4027.0,26,5,4027.2,43,5,4027.3,182,4,4027.4,3,1,4027.5,89,5
11483,2026-07-02 12:29:34+05:30,4026.7,4,4040.71,1139650,148118.0,163140.0,4100.0,4110.0,4012.0,4092.6,24819725,4501.8,3683.4,4440.0,3288.1,4026.7,45,1,4026.1,2,1,4026.0,95,2,4025.4,1,1,4025.3,37,2,4027.0,26,5,4027.2,43,5,4027.3,182,4,4027.4,3,1,4027.5,89,5
11483,2026-07-02 12:29:35+05:30,4026.7,4,4040.71,1139654,148118.0,163183.0,4100.0,4110.0,4012.0,4092.6,24819725,4501.8,3683.4,4440.0,3288.1,4026.7,41,1,4026.1,2,1,4026.0,95,2,4025.4,1,1,4025.3,37,2,4027.0,17,4,4027.2,43,5,4027.3,182,4,4027.4,3,1,4027.5,89,5
11483,2026-07-02 12:29:35+05:30,4027.0,4,4040.71,1139654,148118.0,163183.0,4100.0,4110.0,4012.0,4092.6,24819725,4501.8,3683.4,4440.0,3288.1,4026.7,41,1,4026.1,2,1,4026.0,95,2,4025.4,1,1,4025.3,37,2,4027.0,17,4,4027.2,43,5,4027.3,182,4,4027.4,3,1,4027.5,89,5
11483,2026-07-02 12:29:36+05:30,4027.0,4,4040.71,1139673,148218.0,163026.0,4100.0,4110.0,4012.0,4092.6,24819725,4501.8,3683.4,4440.0,3288.1,4026.7,37,1,4026.1,2,1,4026.0,95,2,4025.4,30,2,4025.3,37,2,4027.2,58,6,4027.3,179,3,4027.4,3,1,4027.5,102,7,4027.6,9,3
11483,2026-07-02 12:29:36+05:30,4026.7,2,4040.71,1139673,148218.0,163026.0,4100.0,4110.0,4012.0,4092.6,24819725,4501.8,3683.4,4440.0,3288.1,4026.7,37,1,4026.1,2,1,4026.0,95,2,4025.4,30,2,4025.3,37,2,4027.2,58,6,4027.3,179,3,4027.4,3,1,4027.5,102,7,4027.6,9,3
11483,2026-07-02 12:29:37+05:30,4027.2,15,4040.71,1139693,148267.0,163029.0,4100.0,4110.0,4012.0,4092.6,24819725,4501.8,3683.4,4440.0,3288.1,4026.7,35,1,4026.0,95,2,4025.4,30,2,4025.3,37,2,4025.2,120,6,4027.2,58,6,4027.3,179,3,4027.4,3,1,4027.5,102,7,4027.6,9,3
11483,2026-07-02 12:29:37+05:30,4026.7,2,4040.71,1139693,148267.0,163029.0,4100.0,4110.0,4012.0,4092.6,24819725,4501.8,3683.4,4440.0,3288.1,4026.7,35,1,4026.0,95,2,4025.4,30,2,4025.3,37,2,4025.2,120,6,4027.2,58,6,4027.3,179,3,4027.4,3,1,4027.5,102,7,4027.6,9,3
11483,2026-07-02 12:29:38+05:30,4026.7,2,4040.71,1139695,148370.0,162721.0,4100.0,4110.0,4012.0,4092.6,24819725,4501.8,3683.4,4440.0,3288.1,4026.7,35,2,4026.0,95,2,4025.5,31,2,4025.4,30,2,4025.3,37,2,4027.2,35,4,4027.3,176,2,4027.4,3,1,4027.5,99,6,4027.6,10,4
11483,2026-07-02 12:29:38+05:30,4026.7,1,4040.71,1139695,148370.0,162721.0,4100.0,4110.0,4012.0,4092.6,24819725,4501.8,3683.4,4440.0,3288.1,4026.7,35,2,4026.0,95,2,4025.5,31,2,4025.4,30,2,4025.3,37,2,4027.2,35,4,4027.3,176,2,4027.4,3,1,4027.5,99,6,4027.6,10,4
11483,2026-07-02 12:29:39+05:30,4026.7,1,4040.71,1139702,148360.0,162739.0,4100.0,4110.0,4012.0,4092.6,24819725,4501.8,3683.4,4440.0,3288.1,4026.7,29,2,4026.0,95,2,4025.5,31,2,4025.4,30,2,4025.3,37,2,4027.2,35,5,4027.3,176,2,4027.4,3,1,4027.5,121,7,4027.6,10,4
11483,2026-07-02 12:29:39+05:30,4026.7,1,4040.71,1139702,148360.0,162739.0,4100.0,4110.0,4012.0,4092.6,24819725,4501.8,3683.4,4440.0,3288.1,4026.7,29,2,4026.0,95,2,4025.5,31,2,4025.4,30,2,4025.3,37,2,4027.2,35,5,4027.3,176,2,4027.4,3,1,4027.5,121,7,4027.6,10,4
11483,2026-07-02 12:29:40+05:30,4026.7,1,4040.71,1139703,148362.0,162631.0,4100.0,4110.0,4012.0,4092.6,24819725,4501.8,3683.4,4440.0,3288.1,4026.9,1,1,4026.7,28,2,4026.0,96,3,4025.5,5,1,4025.4,30,2,4027.2,35,5,4027.3,176,2,4027.4,3,1,4027.5,121,7,4027.6,10,4
11483,2026-07-02 12:29:41+05:30,4026.7,1,4040.71,1139703,148376.0,162624.0,4100.0,4110.0,4012.0,4092.6,24819725,4501.8,3683.4,4440.0,3288.1,4026.9,1,1,4026.7,28,2,4026.0,96,3,4025.5,5,1,4025.4,30,2,4027.2,36,6,4027.3,176,2,4027.4,3,1,4027.5,121,7,4027.6,10,4
11483,2026-07-02 12:29:41+05:30,4026.9,1,4040.71,1139703,148376.0,162624.0,4100.0,4110.0,4012.0,4092.6,24819725,4501.8,3683.4,4440.0,3288.1,4026.9,1,1,4026.7,28,2,4026.0,96,3,4025.5,5,1,4025.4,30,2,4027.2,36,6,4027.3,176,2,4027.4,3,1,4027.5,121,7,4027.6,10,4
11483,2026-07-02 12:29:42+05:30,4026.7,13,4040.71,1139720,148384.0,162625.0,4100.0,4110.0,4012.0,4092.6,24819725,4501.8,3683.4,4440.0,3288.1,4026.7,15,2,4026.0,96,3,4025.5,5,1,4025.4,30,2,4025.3,39,3,4027.2,36,6,4027.3,176,2,4027.4,3,1,4027.5,121,7,4027.6,10,4
11483,2026-07-02 12:29:42+05:30,4026.7,2,4040.71,1139720,148384.0,162625.0,4100.0,4110.0,4012.0,4092.6,24819725,4501.8,3683.4,4440.0,3288.1,4026.7,15,2,4026.0,96,3,4025.5,5,1,4025.4,30,2,4025.3,39,3,4027.2,36,6,4027.3,176,2,4027.4,3,1,4027.5,121,7,4027.6,10,4
11483,2026-07-02 12:29:43+05:30,4027.2,1,4040.71,1139724,148216.0,163029.0,4100.0,4110.0,4012.0,4092.6,24819725,4501.8,3683.4,4440.0,3288.1,4027.0,2,1,4026.7,11,1,4026.0,96,3,4025.5,5,1,4025.4,30,2,4027.2,34,6,4027.3,176,2,4027.5,121,7,4027.6,10,4,4027.7,24,2
11483,2026-07-02 12:29:43+05:30,4027.2,1,4040.71,1139724,148216.0,163029.0,4100.0,4110.0,4012.0,4092.6,24819725,4501.8,3683.4,4440.0,3288.1,4027.0,2,1,4026.7,11,1,4026.0,96,3,4025.5,5,1,4025.4,30,2,4027.2,34,6,4027.3,176,2,4027.5,121,7,4027.6,10,4,4027.7,24,2
11483,2026-07-02 12:29:44+05:30,4027.0,1,4040.71,1139729,148237.0,163030.0,4100.0,4110.0,4012.0,4092.6,24819725,4501.8,3683.4,4440.0,3288.1,4027.0,1,1,4026.7,11,1,4026.0,96,3,4025.5,5,1,4025.4,30,2,4027.2,33,5,4027.3,176,2,4027.5,121,7,4027.6,10,4,4027.7,24,2
11483,2026-07-02 12:29:44+05:30,4027.0,1,4040.71,1139729,148237.0,163030.0,4100.0,4110.0,4012.0,4092.6,24819725,4501.8,3683.4,4440.0,3288.1,4027.0,1,1,4026.7,11,1,4026.0,96,3,4025.5,5,1,4025.4,30,2,4027.2,33,5,4027.3,176,2,4027.5,121,7,4027.6,10,4,4027.7,24,2
11483,2026-07-02 12:29:45+05:30,4027.0,1,4040.71,1139730,148240.0,163030.0,4100.0,4110.0,4012.0,4092.6,24819725,4501.8,3683.4,4440.0,3288.1,4027.0,2,1,4026.7,11,1,4026.0,96,3,4025.5,5,1,4025.4,30,2,4027.2,33,5,4027.3,176,2,4027.5,121,7,4027.6,10,4,4027.7,24,2
11483,2026-07-02 12:29:45+05:30,4027.2,3,4040.71,1139730,148240.0,163030.0,4100.0,4110.0,4012.0,4092.6,24819725,4501.8,3683.4,4440.0,3288.1,4027.0,2,1,4026.7,11,1,4026.0,96,3,4025.5,5,1,4025.4,30,2,4027.2,33,5,4027.3,176,2,4027.5,121,7,4027.6,10,4,4027.7,24,2
11483,2026-07-02 12:29:46+05:30,4027.2,3,4040.7,1139971,148234.0,163175.0,4100.0,4110.0,4012.0,4092.6,24819725,4501.8,3683.4,4440.0,3288.1,4026.7,66,2,4026.0,96,3,4025.5,3,1,4025.4,32,4,4025.3,37,2,4027.2,49,5,4027.3,183,2,4027.5,253,6,4027.6,20,4,4027.7,17,2
11483,2026-07-02 12:29:46+05:30,4026.9,19,4040.7,1139971,148234.0,163175.0,4100.0,4110.0,4012.0,4092.6,24819725,4501.8,3683.4,4440.0,3288.1,4026.7,66,2,4026.0,96,3,4025.5,3,1,4025.4,32,4,4025.3,37,2,4027.2,49,5,4027.3,183,2,4027.5,253,6,4027.6,20,4,4027.7,17,2
11483,2026-07-02 12:29:47+05:30,4026.9,19,4040.7,1140000,148391.0,162933.0,4100.0,4110.0,4012.0,4092.6,24819725,4501.8,3683.4,4440.0,3288.1,4027.1,62,1,4026.9,65,2,4026.8,42,1,4026.7,66,2,4026.0,96,3,4027.2,29,2,4027.3,183,2,4027.5,74,4,4027.6,6,2,4027.7,5,1
11483,2026-07-02 12:29:47+05:30,4027.1,4,4040.7,1140000,148391.0,162933.0,4100.0,4110.0,4012.0,4092.6,24819725,4501.8,3683.4,4440.0,3288.1,4027.1,62,1,4026.9,65,2,4026.8,42,1,4026.7,66,2,4026.0,96,3,4027.2,29,2,4027.3,183,2,4027.5,74,4,4027.6,6,2,4027.7,5,1
11483,2026-07-02 12:29:48+05:30,4027.1,4,4040.7,1140004,148843.0,162454.0,4100.0,4110.0,4012.0,4092.6,24819725,4501.8,3683.4,4440.0,3288.1,4027.0,42,1,4026.9,65,2,4026.7,66,2,4026.4,37,2,4026.0,136,5,4027.3,8,1,4027.5,66,2,4027.6,1,1,4027.7,7,1,4027.8,41,1
11483,2026-07-02 12:29:48+05:30,4027.2,3,4040.7,1140004,148843.0,162454.0,4100.0,4110.0,4012.0,4092.6,24819725,4501.8,3683.4,4440.0,3288.1,4027.0,42,1,4026.9,65,2,4026.7,66,2,4026.4,37,2,4026.0,136,5,4027.3,8,1,4027.5,66,2,4027.6,1,1,4027.7,7,1,4027.8,41,1
11483,2026-07-02 12:29:49+05:30,4027.3,19,4040.7,1140081,148966.0,162247.0,4100.0,4110.0,4012.0,4092.6,24819725,4501.8,3683.4,4440.0,3288.1,4027.3,39,1,4027.2,2,1,4027.1,42,1,4027.0,42,1,4026.9,23,1,4027.5,64,1,4027.6,1,1,4027.8,7,1,4028.0,201,5,4028.1,7,1
11483,2026-07-02 12:29:49+05:30,4027.3,9,4040.7,1140081,148966.0,162247.0,4100.0,4110.0,4012.0,4092.6,24819725,4501.8,3683.4,4440.0,3288.1,4027.3,39,1,4027.2,2,1,4027.1,42,1,4027.0,42,1,4026.9,23,1,4027.5,64,1,4027.6,1,1,4027.8,7,1,4028.0,201,5,4028.1,7,1
11483,2026-07-02 12:29:50+05:30,4027.5,30,4040.7,1140120,148920.0,162256.0,4100.0,4110.0,4012.0,4092.6,24819725,4501.8,3683.4,4440.0,3288.1,4027.3,43,2,4027.2,44,2,4026.9,23,1,4026.7,92,3,4026.5,11,1,4027.5,34,1,4027.6,1,1,4028.0,189,4,4028.1,7,1,4028.2,28,1
11483,2026-07-02 12:29:50+05:30,4027.5,5,4040.7,1140120,148920.0,162256.0,4100.0,4110.0,4012.0,4092.6,24819725,4501.8,3683.4,4440.0,3288.1,4027.3,43,2,4027.2,44,2,4026.9,23,1,4026.7,92,3,4026.5,11,1,4027.5,34,1,4027.6,1,1,4028.0,189,4,4028.1,7,1,4028.2,28,1
11483,2026-07-02 12:29:51+05:30,4027.5,5,4040.7,1140159,149390.0,162110.0,4100.0,4110.0,4012.0,4092.6,24819725,4501.8,3683.4,4440.0,3288.1,4027.3,89,4,4027.2,2,1,4026.9,23,1,4026.7,92,3,4026.5,11,1,4027.6,1,1,4028.0,188,4,4028.2,28,1,4028.3,16,1,4028.4,41,4
11483,2026-07-02 12:29:51+05:30,4027.3,3,4040.7,1140159,149390.0,162110.0,4100.0,4110.0,4012.0,4092.6,24819725,4501.8,3683.4,4440.0,3288.1,4027.3,89,4,4027.2,2,1,4026.9,23,1,4026.7,92,3,4026.5,11,1,4027.6,1,1,4028.0,188,4,4028.2,28,1,4028.3,16,1,4028.4,41,4
11483,2026-07-02 12:29:52+05:30,4027.1,1,4040.7,1140794,148505.0,162430.0,4100.0,4110.0,4012.0,4092.6,24819725,4501.8,3683.4,4440.0,3288.1,4026.9,23,1,4026.7,66,2,4026.0,172,5,4025.6,12,1,4025.5,26,1,4027.2,42,4,4027.3,14,2,4027.4,17,2,4027.5,85,5,4027.6,19,4
11483,2026-07-02 12:29:52+05:30,4026.9,14,4040.7,1140794,148505.0,162430.0,4100.0,4110.0,4012.0,4092.6,24819725,4501.8,3683.4,4440.0,3288.1,4026.9,23,1,4026.7,66,2,4026.0,172,5,4025.6,12,1,4025.5,26,1,4027.2,42,4,4027.3,14,2,4027.4,17,2,4027.5,85,5,4027.6,19,4
11483,2026-07-02 12:29:53+05:30,4026.9,14,4040.69,1140870,148590.0,162582.0,4100.0,4110.0,4012.0,4092.6,24819725,4501.8,3683.4,4440.0,3288.1,4026.9,44,1,4026.7,108,3,4026.6,42,1,4026.0,184,5,4025.6,18,2,4027.3,7,1,4027.4,18,2,4027.5,37,3,4027.8,3,1,4027.9,5,1
11483,2026-07-02 12:29:53+05:30,4027.3,21,4040.69,1140870,148590.0,162582.0,4100.0,4110.0,4012.0,4092.6,24819725,4501.8,3683.4,4440.0,3288.1,4026.9,44,1,4026.7,108,3,4026.6,42,1,4026.0,184,5,4025.6,18,2,4027.3,7,1,4027.4,18,2,4027.5,37,3,4027.8,3,1,4027.9,5,1
11483,2026-07-02 12:29:54+05:30,4027.3,1,4040.69,1140915,148939.0,162450.0,4100.0,4110.0,4012.0,4092.6,24819725,4501.8,3683.4,4440.0,3288.1,4027.1,61,2,4027.0,42,1,4026.7,66,2,4026.3,26,1,4026.0,194,6,4027.3,6,1,4027.4,8,1,4027.5,17,2,4027.8,8,1,4028.0,211,7
11483,2026-07-02 12:29:54+05:30,4027.3,3,4040.69,1140915,148939.0,162450.0,4100.0,4110.0,4012.0,4092.6,24819725,4501.8,3683.4,4440.0,3288.1,4027.1,61,2,4027.0,42,1,4026.7,66,2,4026.3,26,1,4026.0,194,6,4027.3,6,1,4027.4,8,1,4027.5,17,2,4027.8,8,1,4028.0,211,7
11483,2026-07-02 12:29:54+05:30,4027.3,3,4040.69,1140915,148939.0,162450.0,4100.0,4110.0,4012.0,4092.6,24819725,4501.8,3683.4,4440.0,3288.1,4027.1,61,2,4027.0,42,1,4026.7,66,2,4026.3,26,1,4026.0,194,6,4027.3,6,1,4027.4,8,1,4027.5,17,2,4027.8,8,1,4028.0,211,7
11483,2026-07-02 12:29:55+05:30,4027.3,3,4040.69,1141178,148807.0,162515.0,4100.0,4110.0,4012.0,4092.6,24819725,4501.8,3683.4,4440.0,3288.1,4027.0,42,1,4026.7,66,2,4026.3,26,1,4026.0,184,5,4025.9,22,2,4027.4,75,4,4027.8,8,1,4028.0,211,7,4028.1,17,2,4028.2,44,2
11483,2026-07-02 12:29:55+05:30,4027.3,3,4040.69,1141178,148807.0,162515.0,4100.0,4110.0,4012.0,4092.6,24819725,4501.8,3683.4,4440.0,3288.1,4027.0,42,1,4026.7,66,2,4026.3,26,1,4026.0,184,5,4025.9,22,2,4027.4,75,4,4027.8,8,1,4028.0,211,7,4028.1,17,2,4028.2,44,2
11483,2026-07-02 12:29:55+05:30,4027.4,35,4040.69,1141178,148807.0,162515.0,4100.0,4110.0,4012.0,4092.6,24819725,4501.8,3683.4,4440.0,3288.1,4027.0,42,1,4026.7,66,2,4026.3,26,1,4026.0,184,5,4025.9,22,2,4027.4,75,4,4027.8,8,1,4028.0,211,7,4028.1,17,2,4028.2,44,2
11483,2026-07-02 12:29:55+05:30,4027.4,35,4040.69,1141178,148807.0,162515.0,4100.0,4110.0,4012.0,4092.6,24819725,4501.8,3683.4,4440.0,3288.1,4027.0,42,1,4026.7,66,2,4026.3,26,1,4026.0,184,5,4025.9,22,2,4027.4,75,4,4027.8,8,1,4028.0,211,7,4028.1,17,2,4028.2,44,2
11483,2026-07-02 12:29:56+05:30,4027.4,35,4040.69,1141178,148807.0,162515.0,4100.0,4110.0,4012.0,4092.6,24819725,4501.8,3683.4,4440.0,3288.1,4027.0,42,1,4026.7,66,2,4026.3,26,1,4026.0,184,5,4025.9,22,2,4027.4,75,4,4027.8,8,1,4028.0,211,7,4028.1,17,2,4028.2,44,2
11483,2026-07-02 12:29:56+05:30,4027.4,35,4040.69,1141375,148745.0,162515.0,4100.0,4110.0,4012.0,4092.6,24819725,4501.8,3683.4,4440.0,3288.1,4027.0,10,1,4026.7,66,2,4026.3,26,1,4026.0,184,5,4025.9,22,2,4027.3,4,1,4027.4,4,1,4027.8,8,1,4028.0,216,8,4028.1,17,2
11483,2026-07-02 12:29:56+05:30,4026.7,53,4040.69,1141375,148745.0,162515.0,4100.0,4110.0,4012.0,4092.6,24819725,4501.8,3683.4,4440.0,3288.1,4027.0,10,1,4026.7,66,2,4026.3,26,1,4026.0,184,5,4025.9,22,2,4027.3,4,1,4027.4,4,1,4027.8,8,1,4028.0,216,8,4028.1,17,2
11483,2026-07-02 12:29:56+05:30,4026.7,53,4040.69,1141375,148745.0,162515.0,4100.0,4110.0,4012.0,4092.6,24819725,4501.8,3683.4,4440.0,3288.1,4027.0,10,1,4026.7,66,2,4026.3,26,1,4026.0,184,5,4025.9,22,2,4027.3,4,1,4027.4,4,1,4027.8,8,1,4028.0,216,8,4028.1,17,2
11483,2026-07-02 12:29:57+05:30,4026.7,53,4040.69,1141562,148820.0,162531.0,4100.0,4110.0,4012.0,4092.6,24819725,4501.8,3683.4,4440.0,3288.1,4026.7,50,1,4026.1,50,1,4026.0,244,6,4025.9,31,2,4025.8,22,1,4027.3,4,1,4027.4,4,1,4027.5,9,1,4028.0,204,6,4028.1,19,2
11483,2026-07-02 12:29:57+05:30,4026.7,53,4040.69,1141562,148820.0,162531.0,4100.0,4110.0,4012.0,4092.6,24819725,4501.8,3683.4,4440.0,3288.1,4026.7,50,1,4026.1,50,1,4026.0,244,6,4025.9,31,2,4025.8,22,1,4027.3,4,1,4027.4,4,1,4027.5,9,1,4028.0,204,6,4028.1,19,2
11483,2026-07-02 12:29:57+05:30,4026.7,22,4040.69,1141562,148820.0,162531.0,4100.0,4110.0,4012.0,4092.6,24819725,4501.8,3683.4,4440.0,3288.1,4026.7,50,1,4026.1,50,1,4026.0,244,6,4025.9,31,2,4025.8,22,1,4027.3,4,1,4027.4,4,1,4027.5,9,1,4028.0,204,6,4028.1,19,2
11483,2026-07-02 12:29:57+05:30,4026.7,22,4040.69,1141562,148820.0,162531.0,4100.0,4110.0,4012.0,4092.6,24819725,4501.8,3683.4,4440.0,3288.1,4026.7,50,1,4026.1,50,1,4026.0,244,6,4025.9,31,2,4025.8,22,1,4027.3,4,1,4027.4,4,1,4027.5,9,1,4028.0,204,6,4028.1,19,2
11483,2026-07-02 12:29:58+05:30,4026.7,22,4040.69,1141562,148820.0,162531.0,4100.0,4110.0,4012.0,4092.6,24819725,4501.8,3683.4,4440.0,3288.1,4026.7,50,1,4026.1,50,1,4026.0,244,6,4025.9,31,2,4025.8,22,1,4027.3,4,1,4027.4,4,1,4027.5,9,1,4028.0,204,6,4028.1,19,2
11483,2026-07-02 12:29:58+05:30,4027.3,3,4040.69,1141612,149275.0,162440.0,4100.0,4110.0,4012.0,4092.6,24819725,4501.8,3683.4,4440.0,3288.1,4027.2,42,1,4027.1,42,1,4027.0,42,1,4026.8,42,1,4026.7,28,1,4027.3,7,2,4027.5,9,1,4028.0,204,6,4028.1,7,1,4028.2,28,1
11483,2026-07-02 12:29:58+05:30,4027.3,3,4040.69,1141612,149275.0,162440.0,4100.0,4110.0,4012.0,4092.6,24819725,4501.8,3683.4,4440.0,3288.1,4027.2,42,1,4027.1,42,1,4027.0,42,1,4026.8,42,1,4026.7,28,1,4027.3,7,2,4027.5,9,1,4028.0,204,6,4028.1,7,1,4028.2,28,1
11483,2026-07-02 12:29:58+05:30,4027.5,7,4040.69,1141612,149275.0,162440.0,4100.0,4110.0,4012.0,4092.6,24819725,4501.8,3683.4,4440.0,3288.1,4027.2,42,1,4027.1,42,1,4027.0,42,1,4026.8,42,1,4026.7,28,1,4027.3,7,2,4027.5,9,1,4028.0,204,6,4028.1,7,1,4028.2,28,1
11483,2026-07-02 12:29:58+05:30,4027.5,7,4040.69,1141612,149275.0,162440.0,4100.0,4110.0,4012.0,4092.6,24820950,4501.8,3683.4,4440.0,3288.1,4027.2,42,1,4027.1,42,1,4027.0,42,1,4026.8,42,1,4026.7,28,1,4027.3,7,2,4027.5,9,1,4028.0,204,6,4028.1,7,1,4028.2,28,1
11483,2026-07-02 12:29:59+05:30,4027.5,7,4040.69,1141612,149275.0,162440.0,4100.0,4110.0,4012.0,4092.6,24820950,4501.8,3683.4,4440.0,3288.1,4027.4,42,1,4027.3,42,1,4027.2,42,1,4027.0,42,1,4026.7,28,1,4027.5,2,1,4028.0,193,5,4028.2,28,1,4028.4,46,5,4028.5,5,1
11483,2026-07-02 12:29:59+05:30,4027.5,7,4040.68,1141655,149378.0,162372.0,4100.0,4110.0,4012.0,4092.6,24820950,4501.8,3683.4,4440.0,3288.1,4027.4,42,1,4027.3,42,1,4027.2,42,1,4027.0,42,1,4026.7,28,1,4027.5,2,1,4028.0,193,5,4028.2,28,1,4028.4,46,5,4028.5,5,1
11483,2026-07-02 12:29:59+05:30,4027.5,7,4040.68,1141655,149378.0,162372.0,4100.0,4110.0,4012.0,4092.6,24820950,4501.8,3683.4,4440.0,3288.1,4027.4,42,1,4027.3,42,1,4027.2,42,1,4027.0,42,1,4026.7,28,1,4027.5,2,1,4028.0,193,5,4028.2,28,1,4028.4,46,5,4028.5,5,1
11483,2026-07-02 12:29:59+05:30,4027.5,5,4040.68,1141655,149378.0,162372.0,4100.0,4110.0,4012.0,4092.6,24820950,4501.8,3683.4,4440.0,3288.1,4027.4,42,1,4027.3,42,1,4027.2,42,1,4027.0,42,1,4026.7,28,1,4027.5,2,1,4028.0,193,5,4028.2,28,1,4028.4,46,5,4028.5,5,1
11483,2026-07-02 12:29:59+05:30,4027.5,5,4040.68,1141655,149378.0,162372.0,4100.0,4110.0,4012.0,4092.6,24820950,4501.8,3683.4,4440.0,3288.1,4027.4,42,1,4027.3,42,1,4027.2,42,1,4027.0,42,1,4026.7,28,1,4027.5,2,1,4028.0,193,5,4028.2,28,1,4028.4,46,5,4028.5,5,1
11483,2026-07-02 12:30:00+05:30,4027.5,5,4040.68,1141655,149378.0,162372.0,4100.0,4110.0,4012.0,4092.6,24820950,4501.8,3683.4,4440.0,3288.1,4027.4,42,1,4027.3,42,1,4027.2,42,1,4027.0,42,1,4026.7,28,1,4027.5,2,1,4028.0,193,5,4028.2,28,1,4028.4,46,5,4028.5,5,1
11483,2026-07-02 12:30:00+05:30,4027.5,5,4040.68,1141662,149683.0,162210.0,4100.0,4110.0,4012.0,4092.6,24820950,4501.8,3683.4,4440.0,3288.1,4027.7,42,1,4027.6,42,1,4027.5,42,1,4027.3,43,2,4027.0,10,1,4027.9,26,1,4028.0,185,4,4028.2,29,2,4028.4,31,3,4028.5,5,1
11483,2026-07-02 12:30:00+05:30,4027.5,5,4040.68,1141662,149683.0,162210.0,4100.0,4110.0,4012.0,4092.6,24820950,4501.8,3683.4,4440.0,3288.1,4027.7,42,1,4027.6,42,1,4027.5,42,1,4027.3,43,2,4027.0,10,1,4027.9,26,1,4028.0,185,4,4028.2,29,2,4028.4,31,3,4028.5,5,1
11483,2026-07-02 12:30:00+05:30,4028.0,3,4040.68,1141662,149683.0,162210.0,4100.0,4110.0,4012.0,4092.6,24820950,4501.8,3683.4,4440.0,3288.1,4027.7,42,1,4027.6,42,1,4027.5,42,1,4027.3,43,2,4027.0,10,1,4027.9,26,1,4028.0,185,4,4028.2,29,2,4028.4,31,3,4028.5,5,1
11483,2026-07-02 12:30:01+05:30,4028.0,56,4040.68,1141879,149551.0,161903.0,4100.0,4110.0,4012.0,4092.6,24820950,4501.8,3683.4,4440.0,3288.1,4027.8,83,2,4027.7,42,1,4027.5,42,1,4027.3,1,1,4027.0,36,2,4028.0,25,3,4028.2,29,2,4028.4,31,3,4028.7,19,2,4028.8,34,1
11483,2026-07-02 12:30:01+05:30,4027.7,42,4040.68,1141879,149551.0,161903.0,4100.0,4110.0,4012.0,4092.6,24820950,4501.8,3683.4,4440.0,3288.1,4027.8,83,2,4027.7,42,1,4027.5,42,1,4027.3,1,1,4027.0,36,2,4028.0,25,3,4028.2,29,2,4028.4,31,3,4028.7,19,2,4028.8,34,1
11483,2026-07-02 12:30:02+05:30,4027.8,1,4040.68,1142086,149535.0,161881.0,4100.0,4110.0,4012.0,4092.6,24820950,4501.8,3683.4,4440.0,3288.1,4027.5,1,1,4027.3,1,1,4026.7,28,1,4026.4,2,1,4026.3,26,1,4027.8,2,1,4027.9,20,2,4028.0,18,2,4028.2,29,2,4028.3,7,1
11483,2026-07-02 12:30:02+05:30,4028.0,44,4040.68,1142086,149535.0,161881.0,4100.0,4110.0,4012.0,4092.6,24820950,4501.8,3683.4,4440.0,3288.1,4027.5,1,1,4027.3,1,1,4026.7,28,1,4026.4,2,1,4026.3,26,1,4027.8,2,1,4027.9,20,2,4028.0,18,2,4028.2,29,2,4028.3,7,1
11483,2026-07-02 12:30:03+05:30,4028.0,44,4040.68,1142229,149387.0,161956.0,4100.0,4110.0,4012.0,4092.6,24820950,4501.8,3683.4,4440.0,3288.1,4027.3,1,1,4026.7,28,1,4026.4,2,1,4026.3,26,1,4026.2,13,1,4028.0,24,1,4028.1,37,2,4028.2,29,2,4028.3,10,2,4028.4,40,3
11483,2026-07-02 12:30:03+05:30,4027.3,1,4040.68,1142229,149387.0,161956.0,4100.0,4110.0,4012.0,4092.6,24820950,4501.8,3683.4,4440.0,3288.1,4027.3,1,1,4026.7,28,1,4026.4,2,1,4026.3,26,1,4026.2,13,1,4028.0,24,1,4028.1,37,2,4028.2,29,2,4028.3,10,2,4028.4,40,3
11483,2026-07-02 12:30:04+05:30,4025.0,91,4040.66,1143708,147789.0,163105.0,4100.0,4110.0,4012.0,4092.6,24820950,4501.8,3683.4,4440.0,3288.1,4025.6,33,1,4025.5,3,1,4025.4,17,2,4025.3,41,4,4025.2,13,2,4027.1,35,3,4027.2,70,2,4027.3,31,2,4027.4,51,3,4027.5,16,2
11483,2026-07-02 12:30:04+05:30,4025.6,18,4040.66,1143708,147789.0,163105.0,4100.0,4110.0,4012.0,4092.6,24820950,4501.8,3683.4,4440.0,3288.1,4025.6,33,1,4025.5,3,1,4025.4,17,2,4025.3,41,4,4025.2,13,2,4027.1,35,3,4027.2,70,2,4027.3,31,2,4027.4,51,3,4027.5,16,2
11483,2026-07-02 12:30:05+05:30,4025.6,18,4040.66,1143885,148157.0,162574.0,4100.0,4110.0,4012.0,4092.6,24820950,4501.8,3683.4,4440.0,3288.1,4025.7,68,5,4025.6,68,4,4025.5,29,6,4025.4,22,1,4025.3,33,4,4027.2,4,1,4027.3,1,1,4027.7,35,1,4027.8,15,2,4027.9,13,1
11483,2026-07-02 12:30:05+05:30,4025.7,5,4040.66,1143885,148157.0,162574.0,4100.0,4110.0,4012.0,4092.6,24820950,4501.8,3683.4,4440.0,3288.1,4025.7,68,5,4025.6,68,4,4025.5,29,6,4025.4,22,1,4025.3,33,4,4027.2,4,1,4027.3,1,1,4027.7,35,1,4027.8,15,2,4027.9,13,1
11483,2026-07-02 12:30:06+05:30,4025.7,5,4040.66,1143907,148123.0,162771.0,4100.0,4110.0,4012.0,4092.6,24820950,4501.8,3683.4,4440.0,3288.1,4025.7,59,4,4025.6,59,3,4025.5,20,5,4025.3,33,4,4025.2,73,4,4027.2,4,1,4027.3,1,1,4027.7,35,1,4027.8,15,2,4027.9,31,2
11483,2026-07-02 12:30:06+05:30,4027.2,1,4040.66,1143907,148123.0,162771.0,4100.0,4110.0,4012.0,4092.6,24820950,4501.8,3683.4,4440.0,3288.1,4025.7,59,4,4025.6,59,3,4025.5,20,5,4025.3,33,4,4025.2,73,4,4027.2,4,1,4027.3,1,1,4027.7,35,1,4027.8,15,2,4027.9,31,2
11483,2026-07-02 12:30:07+05:30,4027.2,1,4040.66,1143917,148503.0,162719.0,4100.0,4110.0,4012.0,4092.6,24820950,4501.8,3683.4,4440.0,3288.1,4025.8,35,3,4025.7,34,2,4025.6,59,3,4025.5,19,4,4025.3,38,4,4027.2,3,1,4027.3,1,1,4027.7,60,5,4027.8,33,3,4027.9,3,1
11483,2026-07-02 12:30:07+05:30,4025.8,2,4040.66,1143917,148503.0,162719.0,4100.0,4110.0,4012.0,4092.6,24820950,4501.8,3683.4,4440.0,3288.1,4025.8,35,3,4025.7,34,2,4025.6,59,3,4025.5,19,4,4025.3,38,4,4027.2,3,1,4027.3,1,1,4027.7,60,5,4027.8,33,3,4027.9,3,1
11483,2026-07-02 12:30:08+05:30,4025.8,2,4040.66,1143919,148339.0,162720.0,4100.0,4110.0,4012.0,4092.6,24820950,4501.8,3683.4,4440.0,3288.1,4025.8,21,2,4025.7,34,2,4025.6,59,3,4025.5,19,4,4025.3,38,4,4027.2,3,1,4027.3,1,1,4027.7,63,6,4027.8,33,3,4028.0,58,3
11483,2026-07-02 12:30:08+05:30,4025.7,5,4040.66,1143919,148339.0,162720.0,4100.0,4110.0,4012.0,4092.6,24820950,4501.8,3683.4,4440.0,3288.1,4025.8,21,2,4025.7,34,2,4025.6,59,3,4025.5,19,4,4025.3,38,4,4027.2,3,1,4027.3,1,1,4027.7,63,6,4027.8,33,3,4028.0,58,3
11483,2026-07-02 12:30:09+05:30,4025.7,5,4040.66,1143965,148198.0,162833.0,4100.0,4110.0,4012.0,4092.6,24820950,4501.8,3683.4,4440.0,3288.1,4025.7,13,2,4025.6,40,2,4025.5,19,4,4025.3,38,4,4025.2,25,3,4027.2,24,2,4027.3,1,1,4027.6,41,2,4027.7,93,5,4027.8,31,2
11483,2026-07-02 12:30:09+05:30,4025.7,2,4040.66,1143965,148198.0,162833.0,4100.0,4110.0,4012.0,4092.6,24820950,4501.8,3683.4,4440.0,3288.1,4025.7,13,2,4025.6,40,2,4025.5,19,4,4025.3,38,4,4025.2,25,3,4027.2,24,2,4027.3,1,1,4027.6,41,2,4027.7,93,5,4027.8,31,2
11483,2026-07-02 12:30:10+05:30,4025.7,2,4040.66,1143972,148293.0,162806.0,4100.0,4110.0,4012.0,4092.6,24820950,4501.8,3683.4,4440.0,3288.1,4025.7,26,3,4025.6,40,2,4025.5,19,4,4025.4,32,1,4025.3,38,4,4027.2,5,1,4027.3,1,1,4027.5,3,1,4027.6,61,2,4027.7,59,4
11483,2026-07-02 12:30:10+05:30,4025.7,1,4040.66,1143972,148293.0,162806.0,4100.0,4110.0,4012.0,4092.6,24820950,4501.8,3683.4,4440.0,3288.1,4025.7,26,3,4025.6,40,2,4025.5,19,4,4025.4,32,1,4025.3,38,4,4027.2,5,1,4027.3,1,1,4027.5,3,1,4027.6,61,2,4027.7,59,4
11483,2026-07-02 12:30:11+05:30,4025.7,1,4040.66,1143973,148348.0,162917.0,4100.0,4110.0,4012.0,4092.6,24820950,4501.8,3683.4,4440.0,3288.1,4025.7,10,1,4025.5,1,1,4025.3,38,4,4025.2,25,3,4025.1,32,2,4027.1,26,2,4027.3,47,3,4027.4,59,1,4027.5,52,2,4027.6,9,2
11483,2026-07-02 12:30:11+05:30,4027.1,24,4040.66,1143973,148348.0,162917.0,4100.0,4110.0,4012.0,4092.6,24820950,4501.8,3683.4,4440.0,3288.1,4025.7,10,1,4025.5,1,1,4025.3,38,4,4025.2,25,3,4025.1,32,2,4027.1,26,2,4027.3,47,3,4027.4,59,1,4027.5,52,2,4027.6,9,2
11483,2026-07-02 12:30:12+05:30,4026.2,1,4040.66,1144024,148063.0,162903.0,4100.0,4110.0,4012.0,4092.6,24820950,4501.8,3683.4,4440.0,3288.1,4026.2,1,1,4025.3,3,1,4025.2,34,2,4025.1,12,1,4025.0,888,34,4026.8,19,1,4026.9,48,3,4027.0,27,2,4027.1,19,1,4027.2,3,1
11483,2026-07-02 12:30:12+05:30,4026.2,2,4040.66,1144024,148063.0,162903.0,4100.0,4110.0,4012.0,4092.6,24820950,4501.8,3683.4,4440.0,3288.1,4026.2,1,1,4025.3,3,1,4025.2,34,2,4025.1,12,1,4025.0,888,34,4026.8,19,1,4026.9,48,3,4027.0,27,2,4027.1,19,1,4027.2,3,1
11483,2026-07-02 12:30:13+05:30,4026.2,2,4040.66,1144029,148206.0,163379.0,4100.0,4110.0,4012.0,4092.6,24820950,4501.8,3683.4,4440.0,3288.1,4025.9,12,1,4025.8,55,4,4025.7,21,1,4025.6,3,1,4025.5,27,3,4026.2,1,1,4027.1,19,1,4027.3,1,1,4027.5,13,1,4027.6,10,1
11483,2026-07-02 12:30:13+05:30,4026.2,1,4040.66,1144029,148206.0,163379.0,4100.0,4110.0,4012.0,4092.6,24820950,4501.8,3683.4,4440.0,3288.1,4025.9,12,1,4025.8,55,4,4025.7,21,1,4025.6,3,1,4025.5,27,3,4026.2,1,1,4027.1,19,1,4027.3,1,1,4027.5,13,1,4027.6,10,1
11483,2026-07-02 12:30:14+05:30,4026.2,1,4040.66,1144031,148488.0,162844.0,4100.0,4110.0,4012.0,4092.6,24820950,4501.8,3683.4,4440.0,3288.1,4027.0,39,1,4025.9,39,3,4025.8,49,3,4025.6,68,2,4025.5,48,4,4027.1,19,1,4027.3,1,1,4027.5,1,1,4027.7,1,1,4027.9,17,1
11483,2026-07-02 12:30:14+05:30,4027.0,4,4040.66,1144031,148488.0,162844.0,4100.0,4110.0,4012.0,4092.6,24820950,4501.8,3683.4,4440.0,3288.1,4027.0,39,1,4025.9,39,3,4025.8,49,3,4025.6,68,2,4025.5,48,4,4027.1,19,1,4027.3,1,1,4027.5,1,1,4027.7,1,1,4027.9,17,1
11483,2026-07-02 12:30:15+05:30,4027.0,4,4040.66,1144035,148458.0,162640.0,4100.0,4110.0,4012.0,4092.6,24820950,4501.8,3683.4,4440.0,3288.1,4027.0,35,1,4025.9,39,3,4025.8,49,3,4025.6,68,2,4025.5,48,4,4027.1,19,1,4027.3,1,1,4027.5,1,1,4027.7,1,1,4028.0,53,3
11483,2026-07-02 12:30:15+05:30,4027.1,3,4040.66,1144035,148458.0,162640.0,4100.0,4110.0,4012.0,4092.6,24820950,4501.8,3683.4,4440.0,3288.1,4027.0,35,1,4025.9,39,3,4025.8,49,3,4025.6,68,2,4025.5,48,4,4027.1,19,1,4027.3,1,1,4027.5,1,1,4027.7,1,1,4028.0,53,3
11483,2026-07-02 12:30:16+05:30,4027.1,3,4040.65,1144046,148310.0,162555.0,4100.0,4110.0,4012.0,4092.6,24820950,4501.8,3683.4,4440.0,3288.1,4027.0,31,1,4025.9,28,2,4025.8,49,3,4025.6,12,1,4025.5,27,3,4027.1,12,1,4027.3,1,1,4027.5,1,1,4027.7,18,2,4027.8,3,1
11483,2026-07-02 12:30:16+05:30,4027.0,1,4040.65,1144046,148310.0,162555.0,4100.0,4110.0,4012.0,4092.6,24820950,4501.8,3683.4,4440.0,3288.1,4027.0,31,1,4025.9,28,2,4025.8,49,3,4025.6,12,1,4025.5,27,3,4027.1,12,1,4027.3,1,1,4027.5,1,1,4027.7,18,2,4027.8,3,1
11483,2026-07-02 12:30:17+05:30,4027.0,1,4040.65,1144047,148302.0,162587.0,4100.0,4110.0,4012.0,4092.6,24820950,4501.8,3683.4,4440.0,3288.1,4027.0,30,1,4025.9,28,2,4025.8,37,2,4025.6,12,1,4025.5,27,3,4027.1,12,1,4027.3,18,2,4027.5,1,1,4027.6,2,1,4027.7,1,1
11483,2026-07-02 12:30:17+05:30,4027.1,1,4040.65,1144047,148302.0,162587.0,4100.0,4110.0,4012.0,4092.6,24820950,4501.8,3683.4,4440.0,3288.1,4027.0,30,1,4025.9,28,2,4025.8,37,2,4025.6,12,1,4025.5,27,3,4027.1,12,1,4027.3,18,2,4027.5,1,1,4027.6,2,1,4027.7,1,1
11483,2026-07-02 12:30:18+05:30,4027.1,1,4040.65,1144048,148323.0,162491.0,4100.0,4110.0,4012.0,4092.6,24820950,4501.8,3683.4,4440.0,3288.1,4027.0,30,1,4025.9,29,3,4025.8,37,2,4025.6,12,1,4025.5,27,3,4027.1,11,1,4027.3,18,2,4027.5,1,1,4027.6,9,2,4027.7,4,2
11483,2026-07-02 12:30:18+05:30,4027.0,1,4040.65,1144048,148323.0,162491.0,4100.0,4110.0,4012.0,4092.6,24820950,4501.8,3683.4,4440.0,3288.1,4027.0,30,1,4025.9,29,3,4025.8,37,2,4025.6,12,1,4025.5,27,3,4027.1,11,1,4027.3,18,2,4027.5,1,1,4027.6,9,2,4027.7,4,2
11483,2026-07-02 12:30:19+05:30,4027.0,1,4040.65,1144079,148252.0,162517.0,4100.0,4110.0,4012.0,4092.6,24820950,4501.8,3683.4,4440.0,3288.1,4025.9,1,1,4025.8,37,2,4025.5,17,2,4025.4,71,3,4025.3,47,4,4027.0,15,1,4027.2,19,1,4027.3,18,2,4027.4,3,1,4027.5,1,1
11483,2026-07-02 12:30:19+05:30,4027.0,7,4040.65,1144079,148252.0,162517.0,4100.0,4110.0,4012.0,4092.6,24820950,4501.8,3683.4,4440.0,3288.1,4025.9,1,1,4025.8,37,2,4025.5,17,2,4025.4,71,3,4025.3,47,4,4027.0,15,1,4027.2,19,1,4027.3,18,2,4027.4,3,1,4027.5,1,1
11483,2026-07-02 12:30:20+05:30,4027.0,7,4040.65,1144105,147795.0,163371.0,4100.0,4110.0,4012.0,4092.6,24820950,4501.8,3683.4,4440.0,3288.1,4025.8,25,1,4025.5,3,1,4025.4,15,2,4025.3,16,2,4025.2,15,2,4027.0,52,4,4027.1,33,2,4027.2,19,1,4027.3,47,3,4027.4,89,5
11483,2026-07-02 12:30:20+05:30,4026.9,1,4040.65,1144105,147795.0,163371.0,4100.0,4110.0,4012.0,4092.6,24820950,4501.8,3683.4,4440.0,3288.1,4025.8,25,1,4025.5,3,1,4025.4,15,2,4025.3,16,2,4025.2,15,2,4027.0,52,4,4027.1,33,2,4027.2,19,1,4027.3,47,3,4027.4,89,5
11483,2026-07-02 12:30:21+05:30,4026.9,1,4040.65,1144109,147901.0,163395.0,4100.0,4110.0,4012.0,4092.6,24820950,4501.8,3683.4,4440.0,3288.1,4025.8,22,1,4025.6,15,1,4025.5,3,1,4025.4,15,2,4025.3,16,2,4026.9,1,1,4027.0,54,5,4027.1,32,2,4027.2,22,2,4027.3,47,3
11483,2026-07-02 12:30:21+05:30,4025.8,1,4040.65,1144109,147901.0,163395.0,4100.0,4110.0,4012.0,4092.6,24820950,4501.8,3683.4,4440.0,3288.1,4025.8,22,1,4025.6,15,1,4025.5,3,1,4025.4,15,2,4025.3,16,2,4026.9,1,1,4027.0,54,5,4027.1,32,2,4027.2,22,2,4027.3,47,3
11483,2026-07-02 12:30:22+05:30,4025.8,1,4040.65,1144110,148172.0,163324.0,4100.0,4110.0,4012.0,4092.6,24820950,4501.8,3683.4,4440.0,3288.1,4026.3,1,1,4025.8,21,1,4025.6,15,1,4025.4,15,2,4025.3,28,3,4026.9,17,2,4027.0,34,4,4027.1,32,2,4027.2,19,1,4027.3,5,3
11483,2026-07-02 12:30:23+05:30,4026.3,1,4040.65,1144111,148193.0,163367.0,4100.0,4110.0,4012.0,4092.6,24820950,4501.8,3683.4,4440.0,3288.1,4026.3,1,1,4025.8,21,1,4025.6,15,1,4025.4,15,2,4025.3,28,3,4026.9,17,2,4027.0,34,4,4027.1,32,2,4027.2,19,1,4027.3,5,3
11483,2026-07-02 12:30:23+05:30,4026.3,1,4040.65,1144111,148193.0,163367.0,4100.0,4110.0,4012.0,4092.6,24820950,4501.8,3683.4,4440.0,3288.1,4026.3,1,1,4025.8,21,1,4025.6,15,1,4025.4,15,2,4025.3,28,3,4026.9,17,2,4027.0,34,4,4027.1,32,2,4027.2,19,1,4027.3,5,3
11483,2026-07-02 12:30:24+05:30,4026.9,1,4040.65,1144131,148273.0,162957.0,4100.0,4110.0,4012.0,4092.6,24820950,4501.8,3683.4,4440.0,3288.1,4025.8,4,1,4025.6,15,1,4025.4,3,1,4025.3,15,2,4025.2,3,1,4027.0,35,5,4027.1,17,1,4027.2,19,1,4027.3,45,5,4027.4,34,2
11483,2026-07-02 12:30:24+05:30,4025.8,2,4040.65,1144131,148273.0,162957.0,4100.0,4110.0,4012.0,4092.6,24820950,4501.8,3683.4,4440.0,3288.1,4025.8,4,1,4025.6,15,1,4025.4,3,1,4025.3,15,2,4025.2,3,1,4027.0,35,5,4027.1,17,1,4027.2,19,1,4027.3,45,5,4027.4,34,2
11483,2026-07-02 12:30:25+05:30,4025.8,2,4040.65,1144133,148243.0,163262.0,4100.0,4110.0,4012.0,4092.6,24820950,4501.8,3683.4,4440.0,3288.1,4025.8,2,1,4025.6,15,1,4025.4,3,1,4025.3,3,1,4025.2,3,1,4026.8,24,3,4027.0,29,4,4027.1,17,1,4027.2,22,2,4027.3,42,4
11483,2026-07-02 12:30:26+05:30,4026.8,7,4040.65,1144141,148243.0,163227.0,4100.0,4110.0,4012.0,4092.6,24820950,4501.8,3683.4,4440.0,3288.1,4025.8,2,1,4025.6,15,1,4025.4,3,1,4025.3,3,1,4025.2,3,1,4026.8,6,1,4027.0,29,4,4027.1,17,1,4027.2,22,2,4027.3,42,4
11483,2026-07-02 12:30:26+05:30,4025.8,1,4040.65,1144141,148243.0,163227.0,4100.0,4110.0,4012.0,4092.6,24820950,4501.8,3683.4,4440.0,3288.1,4025.8,2,1,4025.6,15,1,4025.4,3,1,4025.3,3,1,4025.2,3,1,4026.8,6,1,4027.0,29,4,4027.1,17,1,4027.2,22,2,4027.3,42,4
11483,2026-07-02 12:30:27+05:30,4026.8,1,4040.65,1144143,148248.0,163267.0,4100.0,4110.0,4012.0,4092.6,24820950,4501.8,3683.4,4440.0,3288.1,4025.8,1,1,4025.6,15,1,4025.4,3,1,4025.3,3,1,4025.2,3,1,4026.7,1,1,4026.8,6,2,4027.0,29,4,4027.1,19,2,4027.2,30,3
11483,2026-07-02 12:30:27+05:30,4026.8,4,4040.65,1144143,148248.0,163267.0,4100.0,4110.0,4012.0,4092.6,24820950,4501.8,3683.4,4440.0,3288.1,4025.8,1,1,4025.6,15,1,4025.4,3,1,4025.3,3,1,4025.2,3,1,4026.7,1,1,4026.8,6,2,4027.0,29,4,4027.1,19,2,4027.2,30,3
11483,2026-07-02 12:30:28+05:30,4026.8,4,4040.65,1144149,148231.0,163266.0,4100.0,4110.0,4012.0,4092.6,24820950,4501.8,3683.4,4440.0,3288.1,4025.6,15,1,4025.3,3,1,4025.2,3,1,4025.1,57,3,4025.0,941,37,4026.8,2,2,4027.0,29,4,4027.1,60,5,4027.2,27,2,4027.3,5,3
11483,2026-07-02 12:30:28+05:30,4027.0,6,4040.65,1144149,148231.0,163266.0,4100.0,4110.0,4012.0,4092.6,24820950,4501.8,3683.4,4440.0,3288.1,4025.6,15,1,4025.3,3,1,4025.2,3,1,4025.1,57,3,4025.0,941,37,4026.8,2,2,4027.0,29,4,4027.1,60,5,4027.2,27,2,4027.3,5,3
11483,2026-07-02 12:30:29+05:30,4027.0,6,4040.65,1144157,148241.0,163266.0,4100.0,4110.0,4012.0,4092.6,24820950,4501.8,3683.4,4440.0,3288.1,4025.6,15,1,4025.3,3,1,4025.2,3,1,4025.1,57,3,4025.0,951,38,4027.0,29,5,4027.1,44,4,4027.2,27,2,4027.3,5,3,4027.4,55,4
11483,2026-07-02 12:30:29+05:30,4025.6,1,4040.65,1144157,148241.0,163266.0,4100.0,4110.0,4012.0,4092.6,24820950,4501.8,3683.4,4440.0,3288.1,4025.6,15,1,4025.3,3,1,4025.2,3,1,4025.1,57,3,4025.0,951,38,4027.0,29,5,4027.1,44,4,4027.2,27,2,4027.3,5,3,4027.4,55,4
11483,2026-07-02 12:30:30+05:30,4025.6,1,4040.65,1144158,148237.0,163259.0,4100.0,4110.0,4012.0,4092.6,24820950,4501.8,3683.4,4440.0,3288.1,4025.6,14,1,4025.3,3,1,4025.2,3,1,4025.1,57,3,4025.0,951,38,4026.7,2,2,4027.0,45,6,4027.1,44,4,4027.2,27,2,4027.3,5,3
11483,2026-07-02 12:30:31+05:30,4026.7,1,4040.65,1144159,148286.0,163134.0,4100.0,4110.0,4012.0,4092.6,24820950,4501.8,3683.4,4440.0,3288.1,4026.1,2,2,4025.6,14,1,4025.3,62,2,4025.2,51,2,4025.1,38,2,4026.7,1,1,4027.0,29,5,4027.1,3,2,4027.2,27,2,4027.3,5,3
11483,2026-07-02 12:30:31+05:30,4026.7,1,4040.65,1144159,148286.0,163134.0,4100.0,4110.0,4012.0,4092.6,24820950,4501.8,3683.4,4440.0,3288.1,4026.1,2,2,4025.6,14,1,4025.3,62,2,4025.2,51,2,4025.1,38,2,4026.7,1,1,4027.0,29,5,4027.1,3,2,4027.2,27,2,4027.3,5,3
11483,2026-07-02 12:30:32+05:30,4027.0,5,4040.65,1144166,148498.0,162842.0,4100.0,4110.0,4012.0,4092.6,24820950,4501.8,3683.4,4440.0,3288.1,4026.4,1,1,4026.1,2,2,4025.6,14,1,4025.5,63,1,4025.4,48,1,4027.0,24,5,4027.1,3,2,4027.2,8,1,4027.3,2,2,4027.4,24,2
11483,2026-07-02 12:30:32+05:30,4027.0,5,4040.65,1144166,148498.0,162842.0,4100.0,4110.0,4012.0,4092.6,24820950,4501.8,3683.4,4440.0,3288.1,4026.4,1,1,4026.1,2,2,4025.6,14,1,4025.5,63,1,4025.4,48,1,4027.0,24,5,4027.1,3,2,4027.2,8,1,4027.3,2,2,4027.4,24,2
11483,2026-07-02 12:30:33+05:30,4026.4,1,4040.65,1144170,148340.0,163139.0,4100.0,4110.0,4012.0,4092.6,24820950,4501.8,3683.4,4440.0,3288.1,4026.1,2,2,4025.6,31,2,4025.4,26,1,4025.3,15,2,4025.2,51,2,4026.4,1,1,4027.0,14,4,4027.1,3,2,4027.2,8,1,4027.3,1,1
11483,2026-07-02 12:30:33+05:30,4026.1,1,4040.65,1144170,148340.0,163139.0,4100.0,4110.0,4012.0,4092.6,24820950,4501.8,3683.4,4440.0,3288.1,4026.1,2,2,4025.6,31,2,4025.4,26,1,4025.3,15,2,4025.2,51,2,4026.4,1,1,4027.0,14,4,4027.1,3,2,4027.2,8,1,4027.3,1,1
11483,2026-07-02 12:30:34+05:30,4026.1,1,4040.65,1144171,148349.0,163173.0,4100.0,4110.0,4012.0,4092.6,24820950,4501.8,3683.4,4440.0,3288.1,4026.2,2,1,4026.1,2,2,4025.6,31,2,4025.4,26,1,4025.3,15,2,4026.4,1,1,4027.0,14,4,4027.1,3,2,4027.2,25,2,4027.3,1,1
11483,2026-07-02 12:30:35+05:30,4026.1,1,4040.65,1144171,148245.0,163249.0,4100.0,4110.0,4012.0,4092.6,24820950,4501.8,3683.4,4440.0,3288.1,4026.2,2,1,4026.1,2,2,4025.6,31,2,4025.4,26,1,4025.3,3,1,4026.3,1,1,4026.4,1,1,4027.0,13,4,4027.1,3,2,4027.2,25,2
11483,2026-07-02 12:30:36+05:30,4026.1,1,4040.65,1144171,148225.0,163249.0,4100.0,4110.0,4012.0,4092.6,24820950,4501.8,3683.4,4440.0,3288.1,4026.2,2,1,4026.1,2,2,4025.6,31,2,4025.4,26,1,4025.3,3,1,4026.3,1,1,4026.4,1,1,4027.0,13,4,4027.1,3,2,4027.2,25,2
11483,2026-07-02 12:30:37+05:30,4026.3,1,4040.65,1144172,148044.0,163601.0,4100.0,4110.0,4012.0,4092.6,24820950,4501.8,3683.4,4440.0,3288.1,4026.3,2,1,4026.2,2,1,4026.1,2,2,4025.6,31,2,4025.3,3,1,4026.4,1,1,4026.5,17,1,4026.8,175,1,4026.9,19,2,4027.0,30,6
11483,2026-07-02 12:30:37+05:30,4026.3,1,4040.65,1144172,148044.0,163601.0,4100.0,4110.0,4012.0,4092.6,24820950,4501.8,3683.4,4440.0,3288.1,4026.3,2,1,4026.2,2,1,4026.1,2,2,4025.6,31,2,4025.3,3,1,4026.4,1,1,4026.5,17,1,4026.8,175,1,4026.9,19,2,4027.0,30,6
11483,2026-07-02 12:30:38+05:30,4026.3,17,4040.65,1144195,147992.0,163621.0,4100.0,4110.0,4012.0,4092.6,24820950,4501.8,3683.4,4440.0,3288.1,4026.2,2,1,4026.1,2,2,4025.6,31,2,4025.3,3,1,4025.2,13,2,4026.3,10,1,4026.4,2,1,4026.5,17,1,4026.7,2,1,4026.8,175,1
11483,2026-07-02 12:30:38+05:30,4026.2,3,4040.65,1144195,147992.0,163621.0,4100.0,4110.0,4012.0,4092.6,24820950,4501.8,3683.4,4440.0,3288.1,4026.2,2,1,4026.1,2,2,4025.6,31,2,4025.3,3,1,4025.2,13,2,4026.3,10,1,4026.4,2,1,4026.5,17,1,4026.7,2,1,4026.8,175,1
11483,2026-07-02 12:30:39+05:30,4026.3,1,4040.65,1144199,148123.0,163621.0,4100.0,4110.0,4012.0,4092.6,24820950,4501.8,3683.4,4440.0,3288.1,4026.2,2,1,4026.1,2,2,4025.6,31,2,4025.3,3,1,4025.2,13,2,4026.3,9,1,4026.4,2,1,4026.5,17,1,4026.7,2,1,4026.8,175,1
11483,2026-07-02 12:30:39+05:30,4026.3,1,4040.65,1144199,148123.0,163621.0,4100.0,4110.0,4012.0,4092.6,24820950,4501.8,3683.4,4440.0,3288.1,4026.2,2,1,4026.1,2,2,4025.6,31,2,4025.3,3,1,4025.2,13,2,4026.3,9,1,4026.4,2,1,4026.5,17,1,4026.7,2,1,4026.8,175,1
11483,2026-07-02 12:30:40+05:30,4026.8,8,4040.65,1144312,148107.0,163307.0,4100.0,4110.0,4012.0,4092.6,24820950,4501.8,3683.4,4440.0,3288.1,4026.2,2,1,4026.1,2,2,4025.6,31,2,4025.3,3,1,4025.2,13,2,4026.8,167,1,4027.0,40,5,4027.1,15,3,4027.2,44,2,4027.3,176,2
11483,2026-07-02 12:30:40+05:30,4026.8,1,4040.65,1144312,148107.0,163307.0,4100.0,4110.0,4012.0,4092.6,24820950,4501.8,3683.4,4440.0,3288.1,4026.2,2,1,4026.1,2,2,4025.6,31,2,4025.3,3,1,4025.2,13,2,4026.8,167,1,4027.0,40,5,4027.1,15,3,4027.2,44,2,4027.3,176,2
11483,2026-07-02 12:30:41+05:30,4026.8,10,4040.65,1144337,148184.0,163296.0,4100.0,4110.0,4012.0,4092.6,24820950,4501.8,3683.4,4440.0,3288.1,4026.3,4,1,4025.6,65,3,4025.3,3,1,4025.2,61,3,4025.1,69,2,4026.8,174,3,4027.0,8,3,4027.1,6,3,4027.2,10,2,4027.3,176,2
11483,2026-07-02 12:30:41+05:30,4026.3,3,4040.65,1144337,148184.0,163296.0,4100.0,4110.0,4012.0,4092.6,24820950,4501.8,3683.4,4440.0,3288.1,4026.3,4,1,4025.6,65,3,4025.3,3,1,4025.2,61,3,4025.1,69,2,4026.8,174,3,4027.0,8,3,4027.1,6,3,4027.2,10,2,4027.3,176,2
11483,2026-07-02 12:30:42+05:30,4026.3,3,4040.65,1144340,148147.0,163472.0,4100.0,4110.0,4012.0,4092.6,24820950,4501.8,3683.4,4440.0,3288.1,4026.5,1,1,4026.3,1,1,4025.6,65,3,4025.3,16,2,4025.2,13,2,4026.8,182,4,4027.0,8,3,4027.1,3,2,4027.2,13,3,4027.3,176,2
11483,2026-07-02 12:30:43+05:30,4026.3,3,4040.65,1144340,148203.0,163014.0,4100.0,4110.0,4012.0,4092.6,24820950,4501.8,3683.4,4440.0,3288.1,4026.6,19,1,4026.5,1,1,4026.3,1,1,4026.0,25,1,4025.6,65,3,4026.8,26,3,4027.0,8,3,4027.1,3,2,4027.2,8,1,4027.3,178,3
11483,2026-07-02 12:30:44+05:30,4026.8,1,4040.65,1144341,148197.0,162829.0,4100.0,4110.0,4012.0,4092.6,24820950,4501.8,3683.4,4440.0,3288.1,4026.6,19,1,4026.5,1,1,4026.0,25,1,4025.6,65,3,4025.3,47,4,4026.8,190,3,4027.0,8,3,4027.1,3,2,4027.2,8,1,4027.7,13,1
11483,2026-07-02 12:30:44+05:30,4026.8,1,4040.65,1144341,148197.0,162829.0,4100.0,4110.0,4012.0,4092.6,24820950,4501.8,3683.4,4440.0,3288.1,4026.6,19,1,4026.5,1,1,4026.0,25,1,4025.6,65,3,4025.3,47,4,4026.8,190,3,4027.0,8,3,4027.1,3,2,4027.2,8,1,4027.7,13,1
11483,2026-07-02 12:30:45+05:30,4025.2,8,4040.65,1144516,148217.0,162882.0,4100.0,4110.0,4012.0,4092.6,24820950,4501.8,3683.4,4440.0,3288.1,4025.5,10,1,4025.4,67,4,4025.3,21,2,4025.2,44,2,4025.1,42,3,4026.8,25,3,4027.0,2,2,4027.1,3,2,4027.2,8,1,4027.3,47,1
11483,2026-07-02 12:30:45+05:30,4025.5,5,4040.65,1144516,148217.0,162882.0,4100.0,4110.0,4012.0,4092.6,24820950,4501.8,3683.4,4440.0,3288.1,4025.5,10,1,4025.4,67,4,4025.3,21,2,4025.2,44,2,4025.1,42,3,4026.8,25,3,4027.0,2,2,4027.1,3,2,4027.2,8,1,4027.3,47,1
11483,2026-07-02 12:30:46+05:30,4026.8,2,4040.65,1144554,148433.0,163104.0,4100.0,4110.0,4012.0,4092.6,24820950,4501.8,3683.4,4440.0,3288.1,4025.7,10,3,4025.5,39,3,4025.4,52,2,4025.3,31,3,4025.2,22,1,4026.8,6,1,4027.0,2,2,4027.1,3,2,4027.2,9,2,4027.3,4,1
11483,2026-07-02 12:30:46+05:30,4025.7,3,4040.65,1144554,148433.0,163104.0,4100.0,4110.0,4012.0,4092.6,24820950,4501.8,3683.4,4440.0,3288.1,4025.7,10,3,4025.5,39,3,4025.4,52,2,4025.3,31,3,4025.2,22,1,4026.8,6,1,4027.0,2,2,4027.1,3,2,4027.2,9,2,4027.3,4,1
11483,2026-07-02 12:30:47+05:30,4026.8,1,4040.65,1144560,148375.0,163133.0,4100.0,4110.0,4012.0,4092.6,24820950,4501.8,3683.4,4440.0,3288.1,4025.7,7,3,4025.5,19,1,4025.4,52,2,4025.3,31,3,4025.1,12,1,4026.8,7,2,4027.0,2,2,4027.1,3,2,4027.2,9,2,4027.3,4,1
11483,2026-07-02 12:30:47+05:30,4025.7,1,4040.65,1144560,148375.0,163133.0,4100.0,4110.0,4012.0,4092.6,24820950,4501.8,3683.4,4440.0,3288.1,4025.7,7,3,4025.5,19,1,4025.4,52,2,4025.3,31,3,4025.1,12,1,4026.8,7,2,4027.0,2,2,4027.1,3,2,4027.2,9,2,4027.3,4,1
11483,2026-07-02 12:30:48+05:30,4025.5,9,4040.65,1144575,147775.0,163128.0,4100.0,4110.0,4012.0,4092.6,24820950,4501.8,3683.4,4440.0,3288.1,4025.1,9,1,4025.0,980,37,4024.7,38,2,4024.5,27,1,4024.4,26,1,4026.7,29,2,4026.8,11,5,4026.9,25,3,4027.0,29,5,4027.1,13,4
11483,2026-07-02 12:30:48+05:30,4025.1,2,4040.65,1144575,147775.0,163128.0,4100.0,4110.0,4012.0,4092.6,24820950,4501.8,3683.4,4440.0,3288.1,4025.1,9,1,4025.0,980,37,4024.7,38,2,4024.5,27,1,4024.4,26,1,4026.7,29,2,4026.8,11,5,4026.9,25,3,4027.0,29,5,4027.1,13,4
11483,2026-07-02 12:30:49+05:30,4026.8,9,4040.65,1144594,148503.0,162620.0,4100.0,4110.0,4012.0,4092.6,24820950,4501.8,3683.4,4440.0,3288.1,4026.8,8,1,4025.6,13,1,4025.4,54,1,4025.3,67,3,4025.2,147,3,4026.9,1,1,4027.0,3,3,4027.1,3,2,4027.2,8,1,4027.6,5,1
11483,2026-07-02 12:30:49+05:30,4026.8,2,4040.65,1144594,148503.0,162620.0,4100.0,4110.0,4012.0,4092.6,24820950,4501.8,3683.4,4440.0,3288.1,4026.8,8,1,4025.6,13,1,4025.4,54,1,4025.3,67,3,4025.2,147,3,4026.9,1,1,4027.0,3,3,4027.1,3,2,4027.2,8,1,4027.6,5,1
11483,2026-07-02 12:30:50+05:30,4026.8,1,4040.65,1144597,148435.0,162798.0,4100.0,4110.0,4012.0,4092.6,24820950,4501.8,3683.4,4440.0,3288.1,4026.8,5,1,4025.6,13,1,4025.5,48,1,4025.4,54,1,4025.3,67,3,4026.9,1,1,4027.0,3,3,4027.1,3,2,4027.2,8,1,4027.4,18,1
11483,2026-07-02 12:30:50+05:30,4026.8,1,4040.65,1144597,148435.0,162798.0,4100.0,4110.0,4012.0,4092.6,24820950,4501.8,3683.4,4440.0,3288.1,4026.8,5,1,4025.6,13,1,4025.5,48,1,4025.4,54,1,4025.3,67,3,4026.9,1,1,4027.0,3,3,4027.1,3,2,4027.2,8,1,4027.4,18,1
11483,2026-07-02 12:30:51+05:30,4026.8,1,4040.65,1144597,148435.0,162798.0,4100.0,4110.0,4012.0,4092.6,24820950,4501.8,3683.4,4440.0,3288.1,4026.8,5,1,4025.6,13,1,4025.5,48,1,4025.4,54,1,4025.3,67,3,4026.9,1,1,4027.0,3,3,4027.1,3,2,4027.2,8,1,4027.4,18,1
11483,2026-07-02 12:30:51+05:30,4026.8,1,4040.65,1144599,148551.0,162721.0,4100.0,4110.0,4012.0,4092.6,24820950,4501.8,3683.4,4440.0,3288.1,4026.8,4,1,4025.6,26,2,4025.5,48,1,4025.4,55,1,4025.3,67,3,4027.0,3,3,4027.1,3,2,4027.2,8,1,4027.4,18,1,4027.6,5,1
11483,2026-07-02 12:30:52+05:30,4026.8,1,4040.65,1144599,148551.0,162721.0,4100.0,4110.0,4012.0,4092.6,24820950,4501.8,3683.4,4440.0,3288.1,4026.8,4,1,4025.6,26,2,4025.5,48,1,4025.4,55,1,4025.3,67,3,4027.0,3,3,4027.1,3,2,4027.2,8,1,4027.4,18,1,4027.6,5,1
11483,2026-07-02 12:30:52+05:30,4027.0,2,4040.65,1144605,148452.0,162605.0,4100.0,4110.0,4012.0,4092.6,24820950,4501.8,3683.4,4440.0,3288.1,4026.9,1,1,4026.8,3,1,4025.6,26,2,4025.5,48,1,4025.4,55,1,4027.1,3,2,4027.2,40,3,4027.5,30,2,4027.6,5,1,4027.7,66,5
11483,2026-07-02 12:30:53+05:30,4026.8,1,4040.65,1144605,148452.0,162605.0,4100.0,4110.0,4012.0,4092.6,24820950,4501.8,3683.4,4440.0,3288.1,4026.9,1,1,4026.8,3,1,4025.6,26,2,4025.5,48,1,4025.4,55,1,4027.1,3,2,4027.2,40,3,4027.5,30,2,4027.6,5,1,4027.7,66,5
11483,2026-07-02 12:30:53+05:30,4026.8,1,4040.65,1144611,147869.0,162974.0,4100.0,4110.0,4012.0,4092.6,24820950,4501.8,3683.4,4440.0,3288.1,4025.2,90,1,4025.0,1000,38,4024.8,14,1,4024.7,43,3,4024.6,27,1,4026.9,66,7,4027.0,31,3,4027.1,57,8,4027.2,26,2,4027.3,3,1
11483,2026-07-02 12:30:54+05:30,4026.8,3,4040.65,1144611,147869.0,162974.0,4100.0,4110.0,4012.0,4092.6,24820950,4501.8,3683.4,4440.0,3288.1,4025.2,90,1,4025.0,1000,38,4024.8,14,1,4024.7,43,3,4024.6,27,1,4026.9,66,7,4027.0,31,3,4027.1,57,8,4027.2,26,2,4027.3,3,1
11483,2026-07-02 12:30:54+05:30,4026.8,3,4040.65,1144615,147626.0,163297.0,4100.0,4110.0,4012.0,4092.6,24820950,4501.8,3683.4,4440.0,3288.1,4025.2,89,1,4025.0,988,37,4024.8,14,1,4024.7,43,3,4024.6,27,1,4026.6,12,4,4026.7,47,5,4026.8,14,3,4026.9,53,5,4027.0,31,3
11483,2026-07-02 12:30:55+05:30,4026.8,3,4040.65,1144615,147626.0,163297.0,4100.0,4110.0,4012.0,4092.6,24820950,4501.8,3683.4,4440.0,3288.1,4025.2,89,1,4025.0,988,37,4024.8,14,1,4024.7,43,3,4024.6,27,1,4026.6,12,4,4026.7,47,5,4026.8,14,3,4026.9,53,5,4027.0,31,3
11483,2026-07-02 12:30:55+05:30,4026.8,3,4040.65,1144615,147382.0,163554.0,4100.0,4110.0,4012.0,4092.6,24820950,4501.8,3683.4,4440.0,3288.1,4025.2,89,1,4025.0,962,36,4024.7,38,2,4024.6,27,1,4024.4,26,1,4026.4,29,5,4026.5,40,4,4026.6,20,4,4026.7,38,5,4026.8,54,4
11483,2026-07-02 12:30:56+05:30,4026.8,3,4040.65,1144615,147382.0,163554.0,4100.0,4110.0,4012.0,4092.6,24820950,4501.8,3683.4,4440.0,3288.1,4025.2,89,1,4025.0,962,36,4024.7,38,2,4024.6,27,1,4024.4,26,1,4026.4,29,5,4026.5,40,4,4026.6,20,4,4026.7,38,5,4026.8,54,4
11483,2026-07-02 12:30:56+05:30,4026.7,7,4040.65,1144615,147382.0,163554.0,4100.0,4110.0,4012.0,4092.6,24820950,4501.8,3683.4,4440.0,3288.1,4025.2,89,1,4025.0,962,36,4024.7,38,2,4024.6,27,1,4024.4,26,1,4026.4,29,5,4026.5,40,4,4026.6,20,4,4026.7,38,5,4026.8,54,4
11483,2026-07-02 12:30:56+05:30,4026.7,7,4040.65,1144664,147433.0,163223.0,4100.0,4110.0,4012.0,4092.6,24820950,4501.8,3683.4,4440.0,3288.1,4025.3,9,1,4025.2,115,2,4025.0,962,36,4024.8,3,1,4024.7,38,2,4026.7,33,4,4026.8,14,3,4026.9,6,2,4027.0,31,3,4027.1,62,5
11483,2026-07-02 12:30:57+05:30,4026.7,7,4040.65,1144664,147433.0,163223.0,4100.0,4110.0,4012.0,4092.6,24820950,4501.8,3683.4,4440.0,3288.1,4025.3,9,1,4025.2,115,2,4025.0,962,36,4024.8,3,1,4024.7,38,2,4026.7,33,4,4026.8,14,3,4026.9,6,2,4027.0,31,3,4027.1,62,5
11483,2026-07-02 12:30:57+05:30,4025.3,1,4040.65,1144664,147433.0,163223.0,4100.0,4110.0,4012.0,4092.6,24820950,4501.8,3683.4,4440.0,3288.1,4025.3,9,1,4025.2,115,2,4025.0,962,36,4024.8,3,1,4024.7,38,2,4026.7,33,4,4026.8,14,3,4026.9,6,2,4027.0,31,3,4027.1,62,5
11483,2026-07-02 12:30:57+05:30,4025.3,1,4040.65,1144671,147607.0,163467.0,4100.0,4110.0,4012.0,4092.6,24820950,4501.8,3683.4,4440.0,3288.1,4025.2,89,1,4025.1,48,1,4025.0,992,38,4024.7,26,1,4024.6,27,1,4025.3,1,1,4026.6,13,2,4026.7,11,2,4026.8,4,2,4026.9,62,5
11483,2026-07-02 12:30:58+05:30,4025.3,1,4040.65,1144671,147607.0,163467.0,4100.0,4110.0,4012.0,4092.6,24820950,4501.8,3683.4,4440.0,3288.1,4025.2,89,1,4025.1,48,1,4025.0,992,38,4024.7,26,1,4024.6,27,1,4025.3,1,1,4026.6,13,2,4026.7,11,2,4026.8,4,2,4026.9,62,5
11483,2026-07-02 12:30:58+05:30,4026.6,9,4040.65,1144671,147607.0,163467.0,4100.0,4110.0,4012.0,4092.6,24820950,4501.8,3683.4,4440.0,3288.1,4025.2,89,1,4025.1,48,1,4025.0,992,38,4024.7,26,1,4024.6,27,1,4025.3,1,1,4026.6,13,2,4026.7,11,2,4026.8,4,2,4026.9,62,5
11483,2026-07-02 12:30:58+05:30,4026.6,9,4040.65,1144686,147163.0,163427.0,4100.0,4110.0,4012.0,4092.6,24820950,4501.8,3683.4,4440.0,3288.1,4025.8,1,1,4025.2,89,1,4025.0,962,36,4024.8,20,2,4024.7,39,2,4026.5,14,3,4026.6,21,2,4026.7,23,3,4026.8,4,2,4026.9,24,3
11483,2026-07-02 12:30:59+05:30,4026.6,9,4040.65,1144686,147163.0,163427.0,4100.0,4110.0,4012.0,4092.6,24820950,4501.8,3683.4,4440.0,3288.1,4025.8,1,1,4025.2,89,1,4025.0,962,36,4024.8,20,2,4024.7,39,2,4026.5,14,3,4026.6,21,2,4026.7,23,3,4026.8,4,2,4026.9,24,3
11483,2026-07-02 12:30:59+05:30,4026.6,9,4040.65,1144686,147163.0,163427.0,4100.0,4110.0,4012.0,4092.6,24824450,4501.8,3683.4,4440.0,3288.1,4025.8,1,1,4025.2,89,1,4025.0,962,36,4024.8,20,2,4024.7,39,2,4026.5,14,3,4026.6,21,2,4026.7,23,3,4026.8,4,2,4026.9,24,3
11483,2026-07-02 12:30:59+05:30,4026.5,1,4040.65,1144686,147163.0,163427.0,4100.0,4110.0,4012.0,4092.6,24824450,4501.8,3683.4,4440.0,3288.1,4025.8,1,1,4025.2,89,1,4025.0,962,36,4024.8,20,2,4024.7,39,2,4026.5,14,3,4026.6,21,2,4026.7,23,3,4026.8,4,2,4026.9,24,3
11483,2026-07-02 12:30:59+05:30,4026.5,1,4040.65,1144686,147163.0,163427.0,4100.0,4110.0,4012.0,4092.6,24824450,4501.8,3683.4,4440.0,3288.1,4025.8,1,1,4025.2,89,1,4025.0,962,36,4024.8,20,2,4024.7,39,2,4026.5,14,3,4026.6,21,2,4026.7,23,3,4026.8,4,2,4026.9,24,3
11483,2026-07-02 12:30:59+05:30,4026.5,1,4040.65,1144689,147163.0,163397.0,4100.0,4110.0,4012.0,4092.6,24824450,4501.8,3683.4,4440.0,3288.1,4025.8,1,1,4025.2,89,1,4025.0,962,36,4024.8,20,2,4024.7,39,2,4026.5,4,1,4026.7,14,2,4026.8,4,2,4026.9,25,4,4027.0,53,4
11483,2026-07-02 12:31:00+05:30,4026.5,1,4040.65,1144689,147163.0,163397.0,4100.0,4110.0,4012.0,4092.6,24824450,4501.8,3683.4,4440.0,3288.1,4025.8,1,1,4025.2,89,1,4025.0,962,36,4024.8,20,2,4024.7,39,2,4026.5,4,1,4026.7,14,2,4026.8,4,2,4026.9,25,4,4027.0,53,4
11483,2026-07-02 12:31:00+05:30,4026.3,1,4040.65,1144689,147163.0,163397.0,4100.0,4110.0,4012.0,4092.6,24824450,4501.8,3683.4,4440.0,3288.1,4025.8,1,1,4025.2,89,1,4025.0,962,36,4024.8,20,2,4024.7,39,2,4026.5,4,1,4026.7,14,2,4026.8,4,2,4026.9,25,4,4027.0,53,4
11483,2026-07-02 12:31:00+05:30,4026.3,1,4040.65,1144692,147743.0,163415.0,4100.0,4110.0,4012.0,4092.6,24824450,4501.8,3683.4,4440.0,3288.1,4026.3,1,1,4025.8,1,1,4025.2,89,1,4025.0,974,37,4024.8,20,2,4026.4,46,5,4026.5,11,2,4026.6,10,1,4026.7,2,1,4026.8,4,2
11483,2026-07-02 12:31:01+05:30,4026.3,1,4040.65,1144692,147743.0,163415.0,4100.0,4110.0,4012.0,4092.6,24824450,4501.8,3683.4,4440.0,3288.1,4026.3,1,1,4025.8,1,1,4025.2,89,1,4025.0,974,37,4024.8,20,2,4026.4,46,5,4026.5,11,2,4026.6,10,1,4026.7,2,1,4026.8,4,2
11483,2026-07-02 12:31:01+05:30,4026.3,1,4040.65,1144692,147751.0,163344.0,4100.0,4110.0,4012.0,4092.6,24824450,4501.8,3683.4,4440.0,3288.1,4026.3,1,1,4025.8,1,1,4025.2,89,1,4025.0,974,37,4024.8,20,2,4026.4,18,2,4026.5,1,1,4026.6,18,1,4026.7,2,1,4026.8,4,2
11483,2026-07-02 12:31:02+05:30,4026.3,1,4040.65,1144692,147780.0,163357.0,4100.0,4110.0,4012.0,4092.6,24824450,4501.8,3683.4,4440.0,3288.1,4026.3,2,2,4025.8,1,1,4025.3,21,1,4025.2,89,1,4025.0,974,37,4026.4,19,3,4026.5,1,1,4026.7,2,1,4026.8,22,3,4026.9,23,4
11483,2026-07-02 12:31:03+05:30,4026.3,4,4040.65,1144692,147780.0,163357.0,4100.0,4110.0,4012.0,4092.6,24824450,4501.8,3683.4,4440.0,3288.1,4026.3,2,2,4025.8,1,1,4025.3,21,1,4025.2,89,1,4025.0,974,37,4026.4,19,3,4026.5,1,1,4026.7,2,1,4026.8,22,3,4026.9,23,4
11483,2026-07-02 12:31:03+05:30,4026.3,4,4040.65,1144703,147057.0,163417.0,4100.0,4110.0,4012.0,4092.6,24824450,4501.8,3683.4,4440.0,3288.1,4025.2,89,1,4025.0,962,36,4024.8,20,2,4024.7,13,1,4024.6,27,1,4026.3,185,3,4026.4,18,4,4026.5,183,2,4026.7,34,4,4026.8,179,3
11483,2026-07-02 12:31:04+05:30,4026.3,5,4040.65,1144703,147057.0,163417.0,4100.0,4110.0,4012.0,4092.6,24824450,4501.8,3683.4,4440.0,3288.1,4025.2,89,1,4025.0,962,36,4024.8,20,2,4024.7,13,1,4024.6,27,1,4026.3,185,3,4026.4,18,4,4026.5,183,2,4026.7,34,4,4026.8,179,3
11483,2026-07-02 12:31:04+05:30,4026.3,5,4040.65,1144711,147002.0,163419.0,4100.0,4110.0,4012.0,4092.6,24824450,4501.8,3683.4,4440.0,3288.1,4025.3,2,1,4025.2,88,1,4025.0,962,36,4024.8,29,2,4024.7,13,1,4026.3,180,3,4026.4,19,5,4026.7,53,4,4026.8,182,4,4026.9,25,4
11483,2026-07-02 12:31:05+05:30,4025.3,10,4040.65,1144711,147002.0,163419.0,4100.0,4110.0,4012.0,4092.6,24824450,4501.8,3683.4,4440.0,3288.1,4025.3,2,1,4025.2,88,1,4025.0,962,36,4024.8,29,2,4024.7,13,1,4026.3,180,3,4026.4,19,5,4026.7,53,4,4026.8,182,4,4026.9,25,4
11483,2026-07-02 12:31:05+05:30,4025.3,10,4040.65,1144723,147090.0,163370.0,4100.0,4110.0,4012.0,4092.6,24824450,4501.8,3683.4,4440.0,3288.1,4025.8,1,1,4025.3,2,1,4025.2,88,1,4025.0,962,36,4024.8,7,1,4026.3,168,2,4026.4,19,5,4026.7,18,2,4026.8,208,5,4026.9,25,4
11483,2026-07-02 12:31:06+05:30,4026.3,7,4040.65,1144723,147090.0,163370.0,4100.0,4110.0,4012.0,4092.6,24824450,4501.8,3683.4,4440.0,3288.1,4025.8,1,1,4025.3,2,1,4025.2,88,1,4025.0,962,36,4024.8,7,1,4026.3,168,2,4026.4,19,5,4026.7,18,2,4026.8,208,5,4026.9,25,4
11483,2026-07-02 12:31:06+05:30,4026.3,7,4040.65,1144731,147099.0,163424.0,4100.0,4110.0,4012.0,4092.6,24824450,4501.8,3683.4,4440.0,3288.1,4025.4,22,1,4025.3,2,1,4025.2,88,1,4025.0,972,37,4024.8,7,1,4026.4,14,4,4026.7,41,2,4026.8,201,4,4026.9,25,4,4027.0,36,5
11483,2026-07-02 12:31:07+05:30,4026.4,6,4040.65,1144731,147099.0,163424.0,4100.0,4110.0,4012.0,4092.6,24824450,4501.8,3683.4,4440.0,3288.1,4025.4,22,1,4025.3,2,1,4025.2,88,1,4025.0,972,37,4024.8,7,1,4026.4,14,4,4026.7,41,2,4026.8,201,4,4026.9,25,4,4027.0,36,5
11483,2026-07-02 12:31:07+05:30,4026.4,6,4040.65,1144739,147116.0,163386.0,4100.0,4110.0,4012.0,4092.6,24824450,4501.8,3683.4,4440.0,3288.1,4025.4,20,1,4025.2,88,1,4025.0,972,37,4024.8,7,1,4024.7,39,2,4026.4,8,4,4026.7,41,2,4026.8,198,3,4026.9,25,4,4027.0,33,4
11483,2026-07-02 12:31:08+05:30,4025.4,1,4040.65,1144739,147116.0,163386.0,4100.0,4110.0,4012.0,4092.6,24824450,4501.8,3683.4,4440.0,3288.1,4025.4,20,1,4025.2,88,1,4025.0,972,37,4024.8,7,1,4024.7,39,2,4026.4,8,4,4026.7,41,2,4026.8,198,3,4026.9,25,4,4027.0,33,4
11483,2026-07-02 12:31:08+05:30,4025.4,1,4040.65,1144740,147091.0,163419.0,4100.0,4110.0,4012.0,4092.6,24824450,4501.8,3683.4,4440.0,3288.1,4025.4,19,1,4025.2,88,1,4025.0,972,37,4024.8,7,1,4024.7,13,1,4026.4,8,4,4026.5,27,2,4026.7,41,2,4026.8,240,5,4026.9,28,5
11483,2026-07-02 12:31:09+05:30,4026.4,1,4040.65,1144740,147091.0,163419.0,4100.0,4110.0,4012.0,4092.6,24824450,4501.8,3683.4,4440.0,3288.1,4025.4,19,1,4025.2,88,1,4025.0,972,37,4024.8,7,1,4024.7,13,1,4026.4,8,4,4026.5,27,2,4026.7,41,2,4026.8,240,5,4026.9,28,5
11483,2026-07-02 12:31:10+05:30,4026.4,1,4040.65,1144742,147100.0,163417.0,4100.0,4110.0,4012.0,4092.6,24824450,4501.8,3683.4,4440.0,3288.1,4025.4,19,1,4025.2,88,1,4025.0,972,37,4024.8,7,1,4024.7,39,2,4026.4,6,4,4026.5,28,3,4026.7,41,2,4026.8,240,5,4026.9,28,5
11483,2026-07-02 12:31:10+05:30,4026.4,1,4040.65,1144742,147100.0,163417.0,4100.0,4110.0,4012.0,4092.6,24824450,4501.8,3683.4,4440.0,3288.1,4025.4,19,1,4025.2,88,1,4025.0,972,37,4024.8,7,1,4024.7,39,2,4026.4,6,4,4026.5,28,3,4026.7,41,2,4026.8,240,5,4026.9,28,5
11483,2026-07-02 12:31:11+05:30,4026.4,1,4040.65,1144742,147095.0,163391.0,4100.0,4110.0,4012.0,4092.6,24824450,4501.8,3683.4,4440.0,3288.1,4025.4,19,1,4025.2,88,1,4025.0,972,37,4024.8,7,1,4024.7,39,2,4026.4,19,7,4026.5,11,2,4026.7,56,3,4026.8,240,5,4026.9,28,5
11483,2026-07-02 12:31:11+05:30,4026.4,5,4040.65,1144742,147095.0,163391.0,4100.0,4110.0,4012.0,4092.6,24824450,4501.8,3683.4,4440.0,3288.1,4025.4,19,1,4025.2,88,1,4025.0,972,37,4024.8,7,1,4024.7,39,2,4026.4,19,7,4026.5,11,2,4026.7,56,3,4026.8,240,5,4026.9,28,5
11483,2026-07-02 12:31:12+05:30,4026.4,5,4040.65,1144761,146958.0,163575.0,4100.0,4110.0,4012.0,4092.6,24824450,4501.8,3683.4,4440.0,3288.1,4025.9,1,1,4025.2,88,1,4025.0,972,37,4024.8,7,1,4024.7,13,1,4026.3,175,1,4026.4,20,3,4026.5,33,3,4026.6,11,1,4026.7,56,3
11483,2026-07-02 12:31:12+05:30,4025.9,3,4040.65,1144761,146958.0,163575.0,4100.0,4110.0,4012.0,4092.6,24824450,4501.8,3683.4,4440.0,3288.1,4025.9,1,1,4025.2,88,1,4025.0,972,37,4024.8,7,1,4024.7,13,1,4026.3,175,1,4026.4,20,3,4026.5,33,3,4026.6,11,1,4026.7,56,3
11483,2026-07-02 12:31:13+05:30,4025.9,3,4040.65,1144764,147367.0,163367.0,4100.0,4110.0,4012.0,4092.6,24824450,4501.8,3683.4,4440.0,3288.1,4025.9,1,1,4025.2,88,1,4025.0,972,37,4024.7,13,1,4024.6,28,2,4026.4,20,3,4026.5,33,3,4026.7,56,3,4026.8,1,1,4026.9,25,4
11483,2026-07-02 12:31:14+05:30,4025.9,3,4040.65,1144764,147368.0,163361.0,4100.0,4110.0,4012.0,4092.6,24824450,4501.8,3683.4,4440.0,3288.1,4025.9,1,1,4025.2,88,1,4025.1,51,1,4025.0,1002,38,4024.7,50,3,4026.3,6,2,4026.4,20,3,4026.5,33,3,4026.7,56,3,4026.8,1,1
11483,2026-07-02 12:31:14+05:30,4026.3,1,4040.65,1144764,147368.0,163361.0,4100.0,4110.0,4012.0,4092.6,24824450,4501.8,3683.4,4440.0,3288.1,4025.9,1,1,4025.2,88,1,4025.1,51,1,4025.0,1002,38,4024.7,50,3,4026.3,6,2,4026.4,20,3,4026.5,33,3,4026.7,56,3,4026.8,1,1
11483,2026-07-02 12:31:15+05:30,4026.3,1,4040.65,1144769,147274.0,163245.0,4100.0,4110.0,4012.0,4092.6,24824450,4501.8,3683.4,4440.0,3288.1,4025.9,1,1,4025.2,88,1,4025.0,1028,39,4024.7,50,3,4024.6,28,2,4026.3,1,1,4026.4,3,2,4026.5,33,3,4026.7,41,2,4026.8,18,2
11483,2026-07-02 12:31:15+05:30,4026.4,3,4040.65,1144769,147274.0,163245.0,4100.0,4110.0,4012.0,4092.6,24824450,4501.8,3683.4,4440.0,3288.1,4025.9,1,1,4025.2,88,1,4025.0,1028,39,4024.7,50,3,4024.6,28,2,4026.3,1,1,4026.4,3,2,4026.5,33,3,4026.7,41,2,4026.8,18,2
11483,2026-07-02 12:31:16+05:30,4026.4,3,4040.65,1144781,147138.0,163428.0,4100.0,4110.0,4012.0,4092.6,24824450,4501.8,3683.4,4440.0,3288.1,4025.2,88,1,4025.0,1028,39,4024.7,39,2,4024.6,28,2,4024.3,172,5,4026.4,36,5,4026.5,11,2,4026.6,3,1,4026.7,66,3,4026.8,1,1
11483,2026-07-02 12:31:16+05:30,4025.2,1,4040.65,1144781,147138.0,163428.0,4100.0,4110.0,4012.0,4092.6,24824450,4501.8,3683.4,4440.0,3288.1,4025.2,88,1,4025.0,1028,39,4024.7,39,2,4024.6,28,2,4024.3,172,5,4026.4,36,5,4026.5,11,2,4026.6,3,1,4026.7,66,3,4026.8,1,1
11483,2026-07-02 12:31:17+05:30,4025.2,1,4040.65,1144783,146821.0,163933.0,4100.0,4110.0,4012.0,4092.6,24824450,4501.8,3683.4,4440.0,3288.1,4025.2,86,1,4025.0,1002,38,4024.7,26,1,4024.6,1,1,4024.3,100,3,4026.3,67,5,4026.4,37,4,4026.5,11,2,4026.6,18,1,4026.7,82,3
11483,2026-07-02 12:31:17+05:30,4025.2,1,4040.65,1144783,146821.0,163933.0,4100.0,4110.0,4012.0,4092.6,24824450,4501.8,3683.4,4440.0,3288.1,4025.2,86,1,4025.0,1002,38,4024.7,26,1,4024.6,1,1,4024.3,100,3,4026.3,67,5,4026.4,37,4,4026.5,11,2,4026.6,18,1,4026.7,82,3
11483,2026-07-02 12:31:18+05:30,4025.2,1,4040.65,1144784,146768.0,164098.0,4100.0,4110.0,4012.0,4092.6,24824450,4501.8,3683.4,4440.0,3288.1,4025.2,85,1,4025.0,1002,38,4024.6,1,1,4024.3,100,3,4024.2,1,1,4026.0,59,5,4026.1,38,5,4026.2,26,3,4026.3,62,4,4026.4,40,4
11483,2026-07-02 12:31:19+05:30,4026.0,1,4040.65,1144785,146785.0,164118.0,4100.0,4110.0,4012.0,4092.6,24824450,4501.8,3683.4,4440.0,3288.1,4025.2,85,1,4025.0,1002,38,4024.6,1,1,4024.3,100,3,4024.2,1,1,4025.9,45,4,4026.0,23,2,4026.1,27,4,4026.2,26,3,4026.3,73,5
11483,2026-07-02 12:31:19+05:30,4026.0,1,4040.65,1144785,146785.0,164118.0,4100.0,4110.0,4012.0,4092.6,24824450,4501.8,3683.4,4440.0,3288.1,4025.2,85,1,4025.0,1002,38,4024.6,1,1,4024.3,100,3,4024.2,1,1,4025.9,45,4,4026.0,23,2,4026.1,27,4,4026.2,26,3,4026.3,73,5
11483,2026-07-02 12:31:20+05:30,4026.0,1,4040.65,1144785,146805.0,164110.0,4100.0,4110.0,4012.0,4092.6,24824450,4501.8,3683.4,4440.0,3288.1,4025.2,85,1,4025.0,1013,39,4024.6,1,1,4024.3,100,3,4024.2,1,1,4025.9,45,4,4026.0,23,2,4026.1,27,4,4026.2,26,3,4026.3,62,4
11483,2026-07-02 12:31:20+05:30,4025.9,16,4040.65,1144785,146805.0,164110.0,4100.0,4110.0,4012.0,4092.6,24824450,4501.8,3683.4,4440.0,3288.1,4025.2,85,1,4025.0,1013,39,4024.6,1,1,4024.3,100,3,4024.2,1,1,4025.9,45,4,4026.0,23,2,4026.1,27,4,4026.2,26,3,4026.3,62,4
11483,2026-07-02 12:31:21+05:30,4025.9,16,4040.65,1144810,146808.0,164088.0,4100.0,4110.0,4012.0,4092.6,24824450,4501.8,3683.4,4440.0,3288.1,4025.2,85,1,4025.0,1013,39,4024.6,1,1,4024.3,100,3,4024.2,1,1,4025.9,20,3,4026.0,23,2,4026.1,27,4,4026.2,26,3,4026.3,62,4
11483,2026-07-02 12:31:21+05:30,4025.0,93,4040.65,1144810,146808.0,164088.0,4100.0,4110.0,4012.0,4092.6,24824450,4501.8,3683.4,4440.0,3288.1,4025.2,85,1,4025.0,1013,39,4024.6,1,1,4024.3,100,3,4024.2,1,1,4025.9,20,3,4026.0,23,2,4026.1,27,4,4026.2,26,3,4026.3,62,4
11483,2026-07-02 12:31:22+05:30,4025.8,6,4040.64,1144994,146317.0,163948.0,4100.0,4110.0,4012.0,4092.6,24824450,4501.8,3683.4,4440.0,3288.1,4025.4,1,1,4025.0,920,39,4024.6,8,2,4024.3,75,2,4024.2,1,1,4025.8,37,5,4025.9,7,1,4026.1,15,3,4026.2,3,1,4026.3,67,5
11483,2026-07-02 12:31:22+05:30,4025.4,2,4040.64,1144994,146317.0,163948.0,4100.0,4110.0,4012.0,4092.6,24824450,4501.8,3683.4,4440.0,3288.1,4025.4,1,1,4025.0,920,39,4024.6,8,2,4024.3,75,2,4024.2,1,1,4025.8,37,5,4025.9,7,1,4026.1,15,3,4026.2,3,1,4026.3,67,5
11483,2026-07-02 12:31:23+05:30,4025.4,2,4040.64,1144996,146351.0,164098.0,4100.0,4110.0,4012.0,4092.6,24824450,4501.8,3683.4,4440.0,3288.1,4025.0,920,39,4024.6,8,2,4024.3,62,1,4024.2,1,1,4024.1,103,3,4025.4,7,3,4025.5,16,1,4025.8,41,2,4025.9,7,1,4026.0,21,2
11483,2026-07-02 12:31:23+05:30,4025.0,1,4040.64,1144996,146351.0,164098.0,4100.0,4110.0,4012.0,4092.6,24824450,4501.8,3683.4,4440.0,3288.1,4025.0,920,39,4024.6,8,2,4024.3,62,1,4024.2,1,1,4024.1,103,3,4025.4,7,3,4025.5,16,1,4025.8,41,2,4025.9,7,1,4026.0,21,2
11483,2026-07-02 12:31:24+05:30,4025.4,1,4040.64,1144998,146391.0,164085.0,4100.0,4110.0,4012.0,4092.6,24824450,4501.8,3683.4,4440.0,3288.1,4025.0,919,39,4024.6,8,2,4024.3,62,1,4024.2,1,1,4024.1,103,3,4025.4,10,4,4025.5,16,1,4025.8,39,1,4025.9,8,2,4026.0,25,2
11483,2026-07-02 12:31:24+05:30,4025.4,2,4040.64,1144998,146391.0,164085.0,4100.0,4110.0,4012.0,4092.6,24824450,4501.8,3683.4,4440.0,3288.1,4025.0,919,39,4024.6,8,2,4024.3,62,1,4024.2,1,1,4024.1,103,3,4025.4,10,4,4025.5,16,1,4025.8,39,1,4025.9,8,2,4026.0,25,2
11483,2026-07-02 12:31:25+05:30,4025.4,2,4040.64,1145003,146281.0,164722.0,4100.0,4110.0,4012.0,4092.6,24824450,4501.8,3683.4,4440.0,3288.1,4025.0,918,39,4024.6,8,2,4024.3,62,1,4024.2,1,1,4024.1,103,3,4025.2,81,1,4025.3,58,2,4025.4,50,5,4025.5,42,1,4025.7,66,3
11483,2026-07-02 12:31:26+05:30,4025.2,7,4040.64,1145010,146251.0,164732.0,4100.0,4110.0,4012.0,4092.6,24824450,4501.8,3683.4,4440.0,3288.1,4025.0,913,38,4024.6,8,2,4024.3,62,1,4024.2,1,1,4024.1,103,3,4025.2,35,1,4025.3,66,3,4025.4,48,4,4025.6,42,1,4025.7,24,2
11483,2026-07-02 12:31:26+05:30,4025.0,1,4040.64,1145010,146251.0,164732.0,4100.0,4110.0,4012.0,4092.6,24824450,4501.8,3683.4,4440.0,3288.1,4025.0,913,38,4024.6,8,2,4024.3,62,1,4024.2,1,1,4024.1,103,3,4025.2,35,1,4025.3,66,3,4025.4,48,4,4025.6,42,1,4025.7,24,2
11483,2026-07-02 12:31:27+05:30,4025.0,1,4040.64,1145012,146217.0,164911.0,4100.0,4110.0,4012.0,4092.6,24824450,4501.8,3683.4,4440.0,3288.1,4025.0,911,38,4024.6,8,2,4024.3,62,1,4024.2,1,1,4024.1,103,3,4025.1,74,1,4025.2,51,2,4025.3,50,2,4025.4,48,4,4025.6,42,1
11483,2026-07-02 12:31:27+05:30,4025.0,1,4040.64,1145012,146217.0,164911.0,4100.0,4110.0,4012.0,4092.6,24824450,4501.8,3683.4,4440.0,3288.1,4025.0,911,38,4024.6,8,2,4024.3,62,1,4024.2,1,1,4024.1,103,3,4025.1,74,1,4025.2,51,2,4025.3,50,2,4025.4,48,4,4025.6,42,1
11483,2026-07-02 12:31:28+05:30,4025.0,1,4040.64,1145013,146216.0,165071.0,4100.0,4110.0,4012.0,4092.6,24824450,4501.8,3683.4,4440.0,3288.1,4025.0,910,38,4024.6,8,2,4024.3,62,1,4024.2,1,1,4024.1,103,3,4025.1,74,1,4025.2,59,3,4025.3,42,1,4025.4,48,4,4025.6,42,1
11483,2026-07-02 12:31:28+05:30,4025.1,7,4040.64,1145013,146216.0,165071.0,4100.0,4110.0,4012.0,4092.6,24824450,4501.8,3683.4,4440.0,3288.1,4025.0,910,38,4024.6,8,2,4024.3,62,1,4024.2,1,1,4024.1,103,3,4025.1,74,1,4025.2,59,3,4025.3,42,1,4025.4,48,4,4025.6,42,1
11483,2026-07-02 12:31:29+05:30,4025.1,7,4040.64,1145020,146236.0,164953.0,4100.0,4110.0,4012.0,4092.6,24824450,4501.8,3683.4,4440.0,3288.1,4025.0,910,38,4024.6,8,2,4024.3,62,1,4024.2,1,1,4024.1,103,3,4025.2,64,5,4025.3,57,2,4025.4,50,3,4025.6,42,1,4025.7,24,2
11483,2026-07-02 12:31:29+05:30,4025.0,1,4040.64,1145020,146236.0,164953.0,4100.0,4110.0,4012.0,4092.6,24824450,4501.8,3683.4,4440.0,3288.1,4025.0,910,38,4024.6,8,2,4024.3,62,1,4024.2,1,1,4024.1,103,3,4025.2,64,5,4025.3,57,2,4025.4,50,3,4025.6,42,1,4025.7,24,2
11483,2026-07-02 12:31:30+05:30,4025.0,1,4040.64,1145021,146245.0,164955.0,4100.0,4110.0,4012.0,4092.6,24824450,4501.8,3683.4,4440.0,3288.1,4025.0,919,39,4024.6,8,2,4024.3,62,1,4024.2,1,1,4024.1,103,3,4025.2,64,5,4025.3,57,2,4025.4,50,3,4025.6,42,1,4025.7,24,2
11483,2026-07-02 12:31:30+05:30,4025.0,4,4040.64,1145021,146245.0,164955.0,4100.0,4110.0,4012.0,4092.6,24824450,4501.8,3683.4,4440.0,3288.1,4025.0,919,39,4024.6,8,2,4024.3,62,1,4024.2,1,1,4024.1,103,3,4025.2,64,5,4025.3,57,2,4025.4,50,3,4025.6,42,1,4025.7,24,2
11483,2026-07-02 12:31:31+05:30,4024.6,4,4040.63,1146010,145366.0,165056.0,4100.0,4110.0,4012.0,4092.6,24824450,4501.8,3683.4,4440.0,3288.1,4024.2,1,1,4024.1,103,3,4024.0,868,22,4023.9,38,1,4023.6,1,1,4024.6,63,1,4024.8,42,1,4024.9,42,1,4025.0,21,3,4025.1,58,3
11483,2026-07-02 12:31:31+05:30,4024.2,2,4040.63,1146010,145366.0,165056.0,4100.0,4110.0,4012.0,4092.6,24824450,4501.8,3683.4,4440.0,3288.1,4024.2,1,1,4024.1,103,3,4024.0,868,22,4023.9,38,1,4023.6,1,1,4024.6,63,1,4024.8,42,1,4024.9,42,1,4025.0,21,3,4025.1,58,3
11483,2026-07-02 12:31:32+05:30,4024.0,94,4040.63,1146213,144904.0,165118.0,4100.0,4110.0,4012.0,4092.6,24824450,4501.8,3683.4,4440.0,3288.1,4024.0,774,22,4023.9,38,1,4023.6,1,1,4023.5,7,2,4023.4,26,1,4024.2,72,2,4024.4,42,1,4024.5,42,1,4024.7,42,1,4025.0,3,2
11483,2026-07-02 12:31:32+05:30,4024.0,24,4040.63,1146213,144904.0,165118.0,4100.0,4110.0,4012.0,4092.6,24824450,4501.8,3683.4,4440.0,3288.1,4024.0,774,22,4023.9,38,1,4023.6,1,1,4023.5,7,2,4023.4,26,1,4024.2,72,2,4024.4,42,1,4024.5,42,1,4024.7,42,1,4025.0,3,2
11483,2026-07-02 12:31:33+05:30,4024.0,7,4040.63,1146244,144893.0,164999.0,4100.0,4110.0,4012.0,4092.6,24824450,4501.8,3683.4,4440.0,3288.1,4024.0,743,22,4023.9,38,1,4023.6,1,1,4023.5,7,2,4023.4,26,1,4024.2,9,1,4024.3,42,1,4024.4,42,1,4024.6,42,1,4025.0,13,3
11483,2026-07-02 12:31:33+05:30,4024.0,4,4040.63,1146244,144893.0,164999.0,4100.0,4110.0,4012.0,4092.6,24824450,4501.8,3683.4,4440.0,3288.1,4024.0,743,22,4023.9,38,1,4023.6,1,1,4023.5,7,2,4023.4,26,1,4024.2,9,1,4024.3,42,1,4024.4,42,1,4024.6,42,1,4025.0,13,3
11483,2026-07-02 12:31:34+05:30,4024.0,4,4040.63,1146248,144940.0,164853.0,4100.0,4110.0,4012.0,4092.6,24824450,4501.8,3683.4,4440.0,3288.1,4024.0,763,23,4023.9,38,1,4023.6,1,1,4023.5,7,2,4023.4,26,1,4024.2,9,1,4025.0,12,2,4025.1,16,2,4025.2,9,4,4025.3,15,1
11483,2026-07-02 12:31:34+05:30,4024.0,1,4040.63,1146248,144940.0,164853.0,4100.0,4110.0,4012.0,4092.6,24824450,4501.8,3683.4,4440.0,3288.1,4024.0,763,23,4023.9,38,1,4023.6,1,1,4023.5,7,2,4023.4,26,1,4024.2,9,1,4025.0,12,2,4025.1,16,2,4025.2,9,4,4025.3,15,1
11483,2026-07-02 12:31:35+05:30,4024.2,1,4040.63,1146251,145107.0,164838.0,4100.0,4110.0,4012.0,4092.6,24824450,4501.8,3683.4,4440.0,3288.1,4024.1,2,1,4024.0,762,23,4023.9,38,1,4023.6,1,1,4023.5,17,3,4024.2,7,1,4025.0,12,2,4025.1,16,2,4025.2,9,4,4025.3,15,1
11483,2026-07-02 12:31:35+05:30,4024.2,81,4040.63,1146251,145107.0,164838.0,4100.0,4110.0,4012.0,4092.6,24824450,4501.8,3683.4,4440.0,3288.1,4024.1,2,1,4024.0,762,23,4023.9,38,1,4023.6,1,1,4023.5,17,3,4024.2,7,1,4025.0,12,2,4025.1,16,2,4025.2,9,4,4025.3,15,1
11483,2026-07-02 12:31:36+05:30,4024.2,12,4040.62,1146344,145458.0,164832.0,4100.0,4110.0,4012.0,4092.6,24824450,4501.8,3683.4,4440.0,3288.1,4024.1,44,2,4024.0,830,25,4023.9,94,3,4023.7,70,3,4023.6,20,2,4024.2,12,1,4025.0,2,1,4025.1,8,1,4025.2,9,4,4025.3,15,1
11483,2026-07-02 12:31:36+05:30,4024.1,10,4040.62,1146344,145458.0,164832.0,4100.0,4110.0,4012.0,4092.6,24824450,4501.8,3683.4,4440.0,3288.1,4024.1,44,2,4024.0,830,25,4023.9,94,3,4023.7,70,3,4023.6,20,2,4024.2,12,1,4025.0,2,1,4025.1,8,1,4025.2,9,4,4025.3,15,1
11483,2026-07-02 12:31:37+05:30,4024.1,10,4040.62,1146446,145673.0,164774.0,4100.0,4110.0,4012.0,4092.6,24824450,4501.8,3683.4,4440.0,3288.1,4024.1,25,2,4024.0,830,25,4023.9,94,3,4023.8,19,1,4023.7,78,3,4025.0,2,1,4025.1,8,1,4025.2,9,4,4025.3,15,1,4025.4,13,2
11483,2026-07-02 12:31:37+05:30,4025.0,20,4040.62,1146446,145673.0,164774.0,4100.0,4110.0,4012.0,4092.6,24824450,4501.8,3683.4,4440.0,3288.1,4024.1,25,2,4024.0,830,25,4023.9,94,3,4023.8,19,1,4023.7,78,3,4025.0,2,1,4025.1,8,1,4025.2,9,4,4025.3,15,1,4025.4,13,2
11483,2026-07-02 12:31:38+05:30,4025.0,20,4040.62,1146478,146273.0,164630.0,4100.0,4110.0,4012.0,4092.6,24824450,4501.8,3683.4,4440.0,3288.1,4025.0,2,1,4024.5,36,1,4024.4,42,1,4024.3,68,2,4024.1,13,2,4025.1,2,2,4025.2,8,3,4025.3,15,1,4025.4,13,2,4025.9,8,2
11483,2026-07-02 12:31:38+05:30,4025.0,2,4040.62,1146478,146273.0,164630.0,4100.0,4110.0,4012.0,4092.6,24824450,4501.8,3683.4,4440.0,3288.1,4025.0,2,1,4024.5,36,1,4024.4,42,1,4024.3,68,2,4024.1,13,2,4025.1,2,2,4025.2,8,3,4025.3,15,1,4025.4,13,2,4025.9,8,2
11483,2026-07-02 12:31:39+05:30,4025.0,1,4040.62,1146501,146323.0,164779.0,4100.0,4110.0,4012.0,4092.6,24824450,4501.8,3683.4,4440.0,3288.1,4024.4,42,1,4024.3,68,2,4024.1,55,3,4024.0,798,25,4023.9,55,3,4025.0,2,2,4025.1,2,2,4025.2,3,1,4025.3,15,1,4025.4,13,2
11483,2026-07-02 12:31:39+05:30,4025.0,1,4040.62,1146501,146323.0,164779.0,4100.0,4110.0,4012.0,4092.6,24824450,4501.8,3683.4,4440.0,3288.1,4024.4,42,1,4024.3,68,2,4024.1,55,3,4024.0,798,25,4023.9,55,3,4025.0,2,2,4025.1,2,2,4025.2,3,1,4025.3,15,1,4025.4,13,2
11483,2026-07-02 12:31:40+05:30,4025.0,1,4040.62,1146506,146411.0,164770.0,4100.0,4110.0,4012.0,4092.6,24824450,4501.8,3683.4,4440.0,3288.1,4024.8,42,1,4024.4,58,2,4024.3,68,2,4024.1,13,2,4024.0,801,26,4025.1,2,2,4025.2,3,1,4025.3,15,1,4025.4,13,2,4025.9,1,1
11483,2026-07-02 12:31:40+05:30,4025.1,1,4040.62,1146506,146411.0,164770.0,4100.0,4110.0,4012.0,4092.6,24824450,4501.8,3683.4,4440.0,3288.1,4024.8,42,1,4024.4,58,2,4024.3,68,2,4024.1,13,2,4024.0,801,26,4025.1,2,2,4025.2,3,1,4025.3,15,1,4025.4,13,2,4025.9,1,1
11483,2026-07-02 12:31:41+05:30,4025.1,1,4040.62,1146508,146161.0,164643.0,4100.0,4110.0,4012.0,4092.6,24824450,4501.8,3683.4,4440.0,3288.1,4025.1,48,1,4025.0,16,2,4024.7,42,1,4024.5,42,1,4024.4,68,3,4025.2,3,1,4025.3,15,1,4025.4,13,2,4025.9,1,1,4026.3,19,1
11483,2026-07-02 12:31:41+05:30,4025.1,1,4040.62,1146508,146161.0,164643.0,4100.0,4110.0,4012.0,4092.6,24824450,4501.8,3683.4,4440.0,3288.1,4025.1,48,1,4025.0,16,2,4024.7,42,1,4024.5,42,1,4024.4,68,3,4025.2,3,1,4025.3,15,1,4025.4,13,2,4025.9,1,1,4026.3,19,1
11483,2026-07-02 12:31:42+05:30,4025.2,6,4040.62,1146680,146142.0,164617.0,4100.0,4110.0,4012.0,4092.6,24824450,4501.8,3683.4,4440.0,3288.1,4025.2,2,1,4025.1,35,1,4025.0,16,2,4024.9,42,1,4024.7,42,1,4025.3,15,1,4025.4,13,2,4025.9,1,1,4026.3,19,1,4026.4,92,2
11483,2026-07-02 12:31:42+05:30,4025.2,9,4040.62,1146680,146142.0,164617.0,4100.0,4110.0,4012.0,4092.6,24824450,4501.8,3683.4,4440.0,3288.1,4025.2,2,1,4025.1,35,1,4025.0,16,2,4024.9,42,1,4024.7,42,1,4025.3,15,1,4025.4,13,2,4025.9,1,1,4026.3,19,1,4026.4,92,2
11483,2026-07-02 12:31:43+05:30,4025.2,9,4040.62,1146689,146269.0,164685.0,4100.0,4110.0,4012.0,4092.6,24824450,4501.8,3683.4,4440.0,3288.1,4025.1,35,1,4025.0,18,3,4024.9,42,1,4024.7,42,1,4024.4,49,2,4025.2,2,1,4025.3,15,1,4025.4,13,2,4025.9,1,1,4026.3,19,1
11483,2026-07-02 12:31:43+05:30,4025.1,1,4040.62,1146689,146269.0,164685.0,4100.0,4110.0,4012.0,4092.6,24824450,4501.8,3683.4,4440.0,3288.1,4025.1,35,1,4025.0,18,3,4024.9,42,1,4024.7,42,1,4024.4,49,2,4025.2,2,1,4025.3,15,1,4025.4,13,2,4025.9,1,1,4026.3,19,1
11483,2026-07-02 12:31:44+05:30,4025.1,1,4040.62,1146690,146240.0,164651.0,4100.0,4110.0,4012.0,4092.6,24824450,4501.8,3683.4,4440.0,3288.1,4025.1,34,1,4025.0,18,3,4024.9,42,1,4024.7,42,1,4024.4,49,2,4025.2,2,1,4025.3,15,1,4025.4,13,2,4025.9,1,1,4026.3,19,1
11483,2026-07-02 12:31:44+05:30,4025.2,1,4040.62,1146690,146240.0,164651.0,4100.0,4110.0,4012.0,4092.6,24824450,4501.8,3683.4,4440.0,3288.1,4025.1,34,1,4025.0,18,3,4024.9,42,1,4024.7,42,1,4024.4,49,2,4025.2,2,1,4025.3,15,1,4025.4,13,2,4025.9,1,1,4026.3,19,1
11483,2026-07-02 12:31:45+05:30,4025.2,1,4040.62,1146692,146234.0,164659.0,4100.0,4110.0,4012.0,4092.6,24824450,4501.8,3683.4,4440.0,3288.1,4025.1,33,1,4025.0,20,4,4024.9,42,1,4024.7,42,1,4024.4,49,2,4025.2,1,1,4025.3,15,1,4025.4,13,2,4026.3,19,1,4026.4,92,2
11483,2026-07-02 12:31:45+05:30,4025.2,3,4040.62,1146692,146234.0,164659.0,4100.0,4110.0,4012.0,4092.6,24824450,4501.8,3683.4,4440.0,3288.1,4025.1,33,1,4025.0,20,4,4024.9,42,1,4024.7,42,1,4024.4,49,2,4025.2,1,1,4025.3,15,1,4025.4,13,2,4026.3,19,1,4026.4,92,2
11483,2026-07-02 12:31:46+05:30,4025.2,4,4040.62,1146702,146296.0,164672.0,4100.0,4110.0,4012.0,4092.6,24824450,4501.8,3683.4,4440.0,3288.1,4025.2,1,1,4025.1,33,1,4025.0,20,4,4024.9,42,1,4024.7,42,1,4025.3,15,1,4025.4,13,2,4026.3,19,1,4026.4,78,1,4026.5,12,1
11483,2026-07-02 12:31:46+05:30,4025.2,1,4040.62,1146702,146296.0,164672.0,4100.0,4110.0,4012.0,4092.6,24824450,4501.8,3683.4,4440.0,3288.1,4025.2,1,1,4025.1,33,1,4025.0,20,4,4024.9,42,1,4024.7,42,1,4025.3,15,1,4025.4,13,2,4026.3,19,1,4026.4,78,1,4026.5,12,1
11483,2026-07-02 12:31:47+05:30,4025.3,10,4040.62,1146713,146341.0,164415.0,4100.0,4110.0,4012.0,4092.6,24824450,4501.8,3683.4,4440.0,3288.1,4025.2,1,1,4025.1,33,1,4025.0,80,6,4024.9,5,1,4024.8,49,2,4025.3,5,1,4025.4,13,2,4026.4,78,1,4026.5,12,1,4026.6,13,1
11483,2026-07-02 12:31:47+05:30,4025.4,16,4040.62,1146713,146341.0,164415.0,4100.0,4110.0,4012.0,4092.6,24824450,4501.8,3683.4,4440.0,3288.1,4025.2,1,1,4025.1,33,1,4025.0,80,6,4024.9,5,1,4024.8,49,2,4025.3,5,1,4025.4,13,2,4026.4,78,1,4026.5,12,1,4026.6,13,1
11483,2026-07-02 12:31:48+05:30,4026.2,5,4040.62,1146787,146537.0,164139.0,4100.0,4110.0,4012.0,4092.6,24824450,4501.8,3683.4,4440.0,3288.1,4026.0,5,1,4025.9,42,1,4025.7,42,1,4025.2,1,1,4025.0,20,4,4026.2,170,1,4026.4,78,1,4026.7,175,1,4026.8,20,2,4026.9,3,1
11483,2026-07-02 12:31:48+05:30,4026.0,9,4040.62,1146787,146537.0,164139.0,4100.0,4110.0,4012.0,4092.6,24824450,4501.8,3683.4,4440.0,3288.1,4026.0,5,1,4025.9,42,1,4025.7,42,1,4025.2,1,1,4025.0,20,4,4026.2,170,1,4026.4,78,1,4026.7,175,1,4026.8,20,2,4026.9,3,1
11483,2026-07-02 12:31:49+05:30,4026.0,9,4040.62,1146796,146433.0,164181.0,4100.0,4110.0,4012.0,4092.6,24824450,4501.8,3683.4,4440.0,3288.1,4026.0,34,1,4025.9,42,1,4025.7,42,1,4025.2,1,1,4025.0,20,4,4026.2,176,2,4026.4,78,1,4026.5,15,1,4026.7,175,1,4027.0,8,3
11483,2026-07-02 12:31:49+05:30,4026.0,1,4040.62,1146796,146433.0,164181.0,4100.0,4110.0,4012.0,4092.6,24824450,4501.8,3683.4,4440.0,3288.1,4026.0,34,1,4025.9,42,1,4025.7,42,1,4025.2,1,1,4025.0,20,4,4026.2,176,2,4026.4,78,1,4026.5,15,1,4026.7,175,1,4027.0,8,3
11483,2026-07-02 12:31:50+05:30,4026.0,1,4040.62,1146797,146446.0,164162.0,4100.0,4110.0,4012.0,4092.6,24824450,4501.8,3683.4,4440.0,3288.1,4026.0,33,1,4025.9,42,1,4025.7,42,1,4025.2,1,1,4025.1,7,1,4026.2,176,2,4026.4,78,1,4026.5,15,1,4026.7,183,2,4026.9,17,1
11483,2026-07-02 12:31:51+05:30,4026.2,2,4040.62,1146800,146455.0,163827.0,4100.0,4110.0,4012.0,4092.6,24824450,4501.8,3683.4,4440.0,3288.1,4026.1,5,1,4026.0,33,1,4025.9,42,1,4025.7,42,1,4025.1,7,1,4026.2,4,2,4026.4,78,1,4026.5,15,1,4026.7,175,1,4027.0,16,3
11483,2026-07-02 12:31:51+05:30,4026.1,1,4040.62,1146800,146455.0,163827.0,4100.0,4110.0,4012.0,4092.6,24824450,4501.8,3683.4,4440.0,3288.1,4026.1,5,1,4026.0,33,1,4025.9,42,1,4025.7,42,1,4025.1,7,1,4026.2,4,2,4026.4,78,1,4026.5,15,1,4026.7,175,1,4027.0,16,3
11483,2026-07-02 12:31:52+05:30,4026.0,11,4040.62,1146816,146439.0,164015.0,4100.0,4110.0,4012.0,4092.6,24824450,4501.8,3683.4,4440.0,3288.1,4026.1,1,1,4026.0,29,2,4025.9,42,1,4025.7,42,1,4025.0,46,5,4026.2,179,3,4026.4,81,2,4026.5,21,2,4026.7,175,1,4026.9,17,1
11483,2026-07-02 12:31:52+05:30,4026.1,2,4040.62,1146816,146439.0,164015.0,4100.0,4110.0,4012.0,4092.6,24824450,4501.8,3683.4,4440.0,3288.1,4026.1,1,1,4026.0,29,2,4025.9,42,1,4025.7,42,1,4025.0,46,5,4026.2,179,3,4026.4,81,2,4026.5,21,2,4026.7,175,1,4026.9,17,1
11483,2026-07-02 12:31:53+05:30,4026.1,2,4040.62,1146818,146666.0,164035.0,4100.0,4110.0,4012.0,4092.6,24824450,4501.8,3683.4,4440.0,3288.1,4026.1,1,1,4026.0,29,2,4025.9,42,1,4025.7,42,1,4025.0,120,5,4026.2,192,5,4026.4,81,2,4026.5,15,1,4026.7,183,2,4026.8,17,1
11483,2026-07-02 12:31:54+05:30,4026.2,1,4040.62,1146819,146671.0,164032.0,4100.0,4110.0,4012.0,4092.6,24824450,4501.8,3683.4,4440.0,3288.1,4026.1,1,1,4026.0,29,2,4025.9,42,1,4025.7,42,1,4025.0,120,5,4026.2,184,4,4026.3,13,1,4026.4,84,3,4026.5,15,1,4026.7,183,2
11483,2026-07-02 12:31:54+05:30,4026.4,47,4040.62,1146819,146671.0,164032.0,4100.0,4110.0,4012.0,4092.6,24824450,4501.8,3683.4,4440.0,3288.1,4026.1,1,1,4026.0,29,2,4025.9,42,1,4025.7,42,1,4025.0,120,5,4026.2,184,4,4026.3,13,1,4026.4,84,3,4026.5,15,1,4026.7,183,2
11483,2026-07-02 12:31:55+05:30,4026.4,47,4040.61,1147063,146842.0,163666.0,4100.0,4110.0,4012.0,4092.6,24824450,4501.8,3683.4,4440.0,3288.1,4026.2,1,1,4026.1,43,2,4026.0,7,1,4025.9,42,1,4025.1,66,1,4026.4,3,1,4026.5,15,1,4026.7,175,1,4027.0,13,2,4027.1,45,3
11483,2026-07-02 12:31:55+05:30,4026.4,47,4040.61,1147063,146842.0,163666.0,4100.0,4110.0,4012.0,4092.6,24824450,4501.8,3683.4,4440.0,3288.1,4026.2,1,1,4026.1,43,2,4026.0,7,1,4025.9,42,1,4025.1,66,1,4026.4,3,1,4026.5,15,1,4026.7,175,1,4027.0,13,2,4027.1,45,3
11483,2026-07-02 12:31:55+05:30,4026.2,7,4040.61,1147063,146842.0,163666.0,4100.0,4110.0,4012.0,4092.6,24824450,4501.8,3683.4,4440.0,3288.1,4026.2,1,1,4026.1,43,2,4026.0,7,1,4025.9,42,1,4025.1,66,1,4026.4,3,1,4026.5,15,1,4026.7,175,1,4027.0,13,2,4027.1,45,3
11483,2026-07-02 12:31:55+05:30,4026.2,7,4040.61,1147063,146842.0,163666.0,4100.0,4110.0,4012.0,4092.6,24824450,4501.8,3683.4,4440.0,3288.1,4026.2,1,1,4026.1,43,2,4026.0,7,1,4025.9,42,1,4025.1,66,1,4026.4,3,1,4026.5,15,1,4026.7,175,1,4027.0,13,2,4027.1,45,3
11483,2026-07-02 12:31:56+05:30,4026.2,2,4040.61,1147073,146939.0,163651.0,4100.0,4110.0,4012.0,4092.6,24824450,4501.8,3683.4,4440.0,3288.1,4026.1,1,1,4025.9,42,1,4025.7,42,1,4025.2,18,1,4025.1,66,1,4026.2,1,1,4026.4,3,1,4026.5,15,1,4026.7,175,1,4027.0,13,2
11483,2026-07-02 12:31:56+05:30,4026.2,2,4040.61,1147073,146939.0,163651.0,4100.0,4110.0,4012.0,4092.6,24824450,4501.8,3683.4,4440.0,3288.1,4026.1,1,1,4025.9,42,1,4025.7,42,1,4025.2,18,1,4025.1,66,1,4026.2,1,1,4026.4,3,1,4026.5,15,1,4026.7,175,1,4027.0,13,2
11483,2026-07-02 12:31:56+05:30,4026.2,14,4040.61,1147073,146939.0,163651.0,4100.0,4110.0,4012.0,4092.6,24824450,4501.8,3683.4,4440.0,3288.1,4026.1,1,1,4025.9,42,1,4025.7,42,1,4025.2,18,1,4025.1,66,1,4026.2,1,1,4026.4,3,1,4026.5,15,1,4026.7,175,1,4027.0,13,2
11483,2026-07-02 12:31:56+05:30,4026.2,14,4040.61,1147073,146939.0,163651.0,4100.0,4110.0,4012.0,4092.6,24824450,4501.8,3683.4,4440.0,3288.1,4026.1,1,1,4025.9,42,1,4025.7,42,1,4025.2,18,1,4025.1,66,1,4026.2,1,1,4026.4,3,1,4026.5,15,1,4026.7,175,1,4027.0,13,2
11483,2026-07-02 12:31:57+05:30,4026.2,14,4040.61,1147089,146968.0,163346.0,4100.0,4110.0,4012.0,4092.6,24824450,4501.8,3683.4,4440.0,3288.1,4025.8,42,1,4025.6,42,1,4025.2,50,1,4025.1,18,1,4025.0,146,6,4026.2,6,2,4026.4,3,1,4026.5,190,2,4027.1,2,1,4027.2,63,4
11483,2026-07-02 12:31:57+05:30,4026.2,14,4040.61,1147089,146968.0,163346.0,4100.0,4110.0,4012.0,4092.6,24824450,4501.8,3683.4,4440.0,3288.1,4025.8,42,1,4025.6,42,1,4025.2,50,1,4025.1,18,1,4025.0,146,6,4026.2,6,2,4026.4,3,1,4026.5,190,2,4027.1,2,1,4027.2,63,4
11483,2026-07-02 12:31:57+05:30,4025.8,2,4040.61,1147089,146968.0,163346.0,4100.0,4110.0,4012.0,4092.6,24824450,4501.8,3683.4,4440.0,3288.1,4025.8,42,1,4025.6,42,1,4025.2,50,1,4025.1,18,1,4025.0,146,6,4026.2,6,2,4026.4,3,1,4026.5,190,2,4027.1,2,1,4027.2,63,4
11483,2026-07-02 12:31:57+05:30,4025.8,2,4040.61,1147089,146968.0,163346.0,4100.0,4110.0,4012.0,4092.6,24824450,4501.8,3683.4,4440.0,3288.1,4025.8,42,1,4025.6,42,1,4025.2,50,1,4025.1,18,1,4025.0,146,6,4026.2,6,2,4026.4,3,1,4026.5,190,2,4027.1,2,1,4027.2,63,4
11483,2026-07-02 12:31:58+05:30,4025.8,2,4040.61,1147091,146982.0,163409.0,4100.0,4110.0,4012.0,4092.6,24824450,4501.8,3683.4,4440.0,3288.1,4025.8,40,1,4025.6,42,1,4025.2,60,2,4025.1,18,1,4025.0,146,6,4026.2,6,2,4026.4,3,1,4026.5,190,2,4027.1,2,1,4027.2,75,5
11483,2026-07-02 12:31:58+05:30,4025.8,2,4040.61,1147091,146982.0,163409.0,4100.0,4110.0,4012.0,4092.6,24824450,4501.8,3683.4,4440.0,3288.1,4025.8,40,1,4025.6,42,1,4025.2,60,2,4025.1,18,1,4025.0,146,6,4026.2,6,2,4026.4,3,1,4026.5,190,2,4027.1,2,1,4027.2,75,5
11483,2026-07-02 12:31:58+05:30,4026.2,1,4040.61,1147091,146982.0,163409.0,4100.0,4110.0,4012.0,4092.6,24824450,4501.8,3683.4,4440.0,3288.1,4025.8,40,1,4025.6,42,1,4025.2,60,2,4025.1,18,1,4025.0,146,6,4026.2,6,2,4026.4,3,1,4026.5,190,2,4027.1,2,1,4027.2,75,5
11483,2026-07-02 12:31:58+05:30,4026.2,1,4040.61,1147091,146982.0,163409.0,4100.0,4110.0,4012.0,4092.6,24824450,4501.8,3683.4,4440.0,3288.1,4025.8,40,1,4025.6,42,1,4025.2,60,2,4025.1,18,1,4025.0,146,6,4026.2,6,2,4026.4,3,1,4026.5,190,2,4027.1,2,1,4027.2,75,5
11483,2026-07-02 12:31:59+05:30,4026.2,1,4040.61,1147091,146982.0,163409.0,4100.0,4110.0,4012.0,4092.6,24824450,4501.8,3683.4,4440.0,3288.1,4025.8,40,1,4025.6,42,1,4025.2,60,2,4025.1,18,1,4025.0,146,6,4026.2,6,2,4026.4,3,1,4026.5,190,2,4027.1,2,1,4027.2,75,5
11483,2026-07-02 12:31:59+05:30,4026.2,1,4040.61,1147103,146998.0,163326.0,4100.0,4110.0,4012.0,4092.6,24824450,4501.8,3683.4,4440.0,3288.1,4025.8,40,1,4025.6,42,1,4025.2,60,2,4025.0,146,6,4024.9,17,2,4026.2,3,1,4026.4,1,1,4026.5,199,3,4027.1,2,1,4027.2,75,5
11483,2026-07-02 12:31:59+05:30,4026.2,1,4040.61,1147103,146998.0,163326.0,4100.0,4110.0,4012.0,4092.6,24829875,4501.8,3683.4,4440.0,3288.1,4025.8,40,1,4025.6,42,1,4025.2,60,2,4025.0,146,6,4024.9,17,2,4026.2,3,1,4026.4,1,1,4026.5,199,3,4027.1,2,1,4027.2,75,5
11483,2026-07-02 12:31:59+05:30,4025.8,1,4040.61,1147103,146998.0,163326.0,4100.0,4110.0,4012.0,4092.6,24829875,4501.8,3683.4,4440.0,3288.1,4025.8,40,1,4025.6,42,1,4025.2,60,2,4025.0,146,6,4024.9,17,2,4026.2,3,1,4026.4,1,1,4026.5,199,3,4027.1,2,1,4027.2,75,5
11483,2026-07-02 12:31:59+05:30,4025.8,1,4040.61,1147103,146998.0,163326.0,4100.0,4110.0,4012.0,4092.6,24829875,4501.8,3683.4,4440.0,3288.1,4025.8,40,1,4025.6,42,1,4025.2,60,2,4025.0,146,6,4024.9,17,2,4026.2,3,1,4026.4,1,1,4026.5,199,3,4027.1,2,1,4027.2,75,5
11483,2026-07-02 12:32:00+05:30,4025.8,1,4040.61,1147103,146998.0,163326.0,4100.0,4110.0,4012.0,4092.6,24829875,4501.8,3683.4,4440.0,3288.1,4025.8,40,1,4025.6,42,1,4025.2,60,2,4025.0,146,6,4024.9,17,2,4026.2,3,1,4026.4,1,1,4026.5,199,3,4027.1,2,1,4027.2,75,5
11483,2026-07-02 12:32:00+05:30,4025.8,1,4040.61,1147104,146998.0,163328.0,4100.0,4110.0,4012.0,4092.6,24829875,4501.8,3683.4,4440.0,3288.1,4025.8,39,1,4025.6,42,1,4025.2,60,2,4025.0,146,6,4024.9,17,2,4026.2,3,1,4026.4,1,1,4026.5,199,3,4027.1,2,1,4027.2,75,5
11483,2026-07-02 12:32:00+05:30,4025.8,1,4040.61,1147104,146998.0,163328.0,4100.0,4110.0,4012.0,4092.6,24829875,4501.8,3683.4,4440.0,3288.1,4025.8,39,1,4025.6,42,1,4025.2,60,2,4025.0,146,6,4024.9,17,2,4026.2,3,1,4026.4,1,1,4026.5,199,3,4027.1,2,1,4027.2,75,5
11483,2026-07-02 12:32:00+05:30,4026.2,3,4040.61,1147104,146998.0,163328.0,4100.0,4110.0,4012.0,4092.6,24829875,4501.8,3683.4,4440.0,3288.1,4025.8,39,1,4025.6,42,1,4025.2,60,2,4025.0,146,6,4024.9,17,2,4026.2,3,1,4026.4,1,1,4026.5,199,3,4027.1,2,1,4027.2,75,5
11483,2026-07-02 12:32:00+05:30,4026.2,3,4040.61,1147104,146998.0,163328.0,4100.0,4110.0,4012.0,4092.6,24829875,4501.8,3683.4,4440.0,3288.1,4025.8,39,1,4025.6,42,1,4025.2,60,2,4025.0,146,6,4024.9,17,2,4026.2,3,1,4026.4,1,1,4026.5,199,3,4027.1,2,1,4027.2,75,5
11483,2026-07-02 12:32:01+05:30,4026.2,3,4040.61,1147104,146998.0,163328.0,4100.0,4110.0,4012.0,4092.6,24829875,4501.8,3683.4,4440.0,3288.1,4025.8,39,1,4025.6,42,1,4025.2,60,2,4025.0,146,6,4024.9,17,2,4026.2,3,1,4026.4,1,1,4026.5,199,3,4027.1,2,1,4027.2,75,5
11483,2026-07-02 12:32:01+05:30,4026.2,3,4040.61,1147109,146987.0,163424.0,4100.0,4110.0,4012.0,4092.6,24829875,4501.8,3683.4,4440.0,3288.1,4025.8,39,1,4025.6,42,1,4025.2,60,2,4025.1,2,1,4025.0,146,6,4026.2,4,2,4026.4,1,1,4026.5,199,3,4026.9,17,1,4027.1,4,2
11483,2026-07-02 12:32:01+05:30,4026.2,3,4040.61,1147109,146987.0,163424.0,4100.0,4110.0,4012.0,4092.6,24829875,4501.8,3683.4,4440.0,3288.1,4025.8,39,1,4025.6,42,1,4025.2,60,2,4025.1,2,1,4025.0,146,6,4026.2,4,2,4026.4,1,1,4026.5,199,3,4026.9,17,1,4027.1,4,2
11483,2026-07-02 12:32:01+05:30,4025.8,1,4040.61,1147109,146987.0,163424.0,4100.0,4110.0,4012.0,4092.6,24829875,4501.8,3683.4,4440.0,3288.1,4025.8,39,1,4025.6,42,1,4025.2,60,2,4025.1,2,1,4025.0,146,6,4026.2,4,2,4026.4,1,1,4026.5,199,3,4026.9,17,1,4027.1,4,2
11483,2026-07-02 12:32:02+05:30,4025.8,1,4040.61,1147110,146964.0,163411.0,4100.0,4110.0,4012.0,4092.6,24829875,4501.8,3683.4,4440.0,3288.1,4026.0,1,1,4025.8,38,1,4025.6,42,1,4025.2,60,2,4025.1,2,1,4026.2,4,2,4026.4,1,1,4026.5,24,2,4026.7,175,1,4026.9,17,1
11483,2026-07-02 12:32:03+05:30,4025.8,1,4040.61,1147110,147011.0,163621.0,4100.0,4110.0,4012.0,4092.6,24829875,4501.8,3683.4,4440.0,3288.1,4026.0,1,1,4025.8,38,1,4025.7,42,1,4025.3,18,1,4025.2,71,3,4026.2,25,3,4026.4,1,1,4026.5,24,2,4026.7,175,1,4027.0,5,1
11483,2026-07-02 12:32:04+05:30,4025.8,8,4040.61,1147120,147015.0,163516.0,4100.0,4110.0,4012.0,4092.6,24829875,4501.8,3683.4,4440.0,3288.1,4025.8,30,1,4025.7,42,1,4025.2,71,3,4025.1,2,1,4025.0,172,8,4026.2,25,3,4026.4,1,1,4026.5,24,2,4026.7,175,1,4027.0,5,1
11483,2026-07-02 12:32:04+05:30,4026.1,1,4040.61,1147120,147015.0,163516.0,4100.0,4110.0,4012.0,4092.6,24829875,4501.8,3683.4,4440.0,3288.1,4025.8,30,1,4025.7,42,1,4025.2,71,3,4025.1,2,1,4025.0,172,8,4026.2,25,3,4026.4,1,1,4026.5,24,2,4026.7,175,1,4027.0,5,1
11483,2026-07-02 12:32:05+05:30,4026.2,6,4040.61,1147131,147787.0,163325.0,4100.0,4110.0,4012.0,4092.6,24829875,4501.8,3683.4,4440.0,3288.1,4026.1,1,1,4025.8,30,1,4025.7,42,1,4025.2,71,3,4025.1,70,4,4026.2,20,4,4026.4,1,1,4026.5,24,2,4027.0,5,1,4027.1,2,1
11483,2026-07-02 12:32:05+05:30,4026.1,2,4040.61,1147131,147787.0,163325.0,4100.0,4110.0,4012.0,4092.6,24829875,4501.8,3683.4,4440.0,3288.1,4026.1,1,1,4025.8,30,1,4025.7,42,1,4025.2,71,3,4025.1,70,4,4026.2,20,4,4026.4,1,1,4026.5,24,2,4027.0,5,1,4027.1,2,1
11483,2026-07-02 12:32:06+05:30,4026.2,1,4040.61,1147153,147894.0,163254.0,4100.0,4110.0,4012.0,4092.6,24829875,4501.8,3683.4,4440.0,3288.1,4026.1,2,1,4025.8,30,1,4025.7,43,2,4025.3,82,2,4025.2,71,3,4026.2,5,3,4026.4,1,1,4026.5,24,2,4026.7,7,1,4026.9,17,1
11483,2026-07-02 12:32:06+05:30,4026.1,2,4040.61,1147153,147894.0,163254.0,4100.0,4110.0,4012.0,4092.6,24829875,4501.8,3683.4,4440.0,3288.1,4026.1,2,1,4025.8,30,1,4025.7,43,2,4025.3,82,2,4025.2,71,3,4026.2,5,3,4026.4,1,1,4026.5,24,2,4026.7,7,1,4026.9,17,1
11483,2026-07-02 12:32:07+05:30,4026.2,1,4040.61,1147169,147864.0,162984.0,4100.0,4110.0,4012.0,4092.6,24829875,4501.8,3683.4,4440.0,3288.1,4025.8,30,1,4025.7,43,2,4025.3,26,1,4025.2,71,3,4025.1,52,3,4026.4,1,1,4026.5,24,2,4026.8,17,1,4027.0,15,2,4027.1,13,2
11483,2026-07-02 12:32:07+05:30,4025.8,2,4040.61,1147169,147864.0,162984.0,4100.0,4110.0,4012.0,4092.6,24829875,4501.8,3683.4,4440.0,3288.1,4025.8,30,1,4025.7,43,2,4025.3,26,1,4025.2,71,3,4025.1,52,3,4026.4,1,1,4026.5,24,2,4026.8,17,1,4027.0,15,2,4027.1,13,2
11483,2026-07-02 12:32:08+05:30,4026.5,6,4040.61,1147181,148005.0,163226.0,4100.0,4110.0,4012.0,4092.6,24829875,4501.8,3683.4,4440.0,3288.1,4025.8,28,1,4025.7,69,3,4025.3,26,1,4025.2,71,3,4025.1,72,4,4026.5,18,2,4027.0,5,1,4027.1,13,2,4027.2,25,2,4027.4,21,2
11483,2026-07-02 12:32:08+05:30,4025.8,2,4040.61,1147181,148005.0,163226.0,4100.0,4110.0,4012.0,4092.6,24829875,4501.8,3683.4,4440.0,3288.1,4025.8,28,1,4025.7,69,3,4025.3,26,1,4025.2,71,3,4025.1,72,4,4026.5,18,2,4027.0,5,1,4027.1,13,2,4027.2,25,2,4027.4,21,2
11483,2026-07-02 12:32:09+05:30,4026.5,1,4040.61,1147184,148062.0,163402.0,4100.0,4110.0,4012.0,4092.6,24829875,4501.8,3683.4,4440.0,3288.1,4025.8,76,2,4025.7,69,3,4025.3,26,1,4025.2,71,3,4025.1,72,4,4026.5,17,2,4027.0,5,1,4027.1,13,2,4027.2,25,2,4027.4,21,2
11483,2026-07-02 12:32:09+05:30,4026.5,1,4040.61,1147184,148062.0,163402.0,4100.0,4110.0,4012.0,4092.6,24829875,4501.8,3683.4,4440.0,3288.1,4025.8,76,2,4025.7,69,3,4025.3,26,1,4025.2,71,3,4025.1,72,4,4026.5,17,2,4027.0,5,1,4027.1,13,2,4027.2,25,2,4027.4,21,2
11483,2026-07-02 12:32:10+05:30,4026.5,1,4040.61,1147184,147754.0,163525.0,4100.0,4110.0,4012.0,4092.6,24829875,4501.8,3683.4,4440.0,3288.1,4025.8,76,2,4025.7,27,2,4025.6,42,1,4025.3,26,1,4025.2,60,2,4026.2,50,1,4026.5,17,2,4027.0,5,1,4027.1,13,2,4027.2,25,2
11483,2026-07-02 12:32:11+05:30,4026.2,50,4040.61,1147234,148534.0,163317.0,4100.0,4110.0,4012.0,4092.6,24829875,4501.8,3683.4,4440.0,3288.1,4026.2,323,2,4025.9,42,1,4025.8,78,4,4025.7,26,1,4025.3,38,2,4026.5,17,2,4026.9,17,1,4027.0,5,1,4027.1,12,2,4027.2,25,2
11483,2026-07-02 12:32:11+05:30,4026.2,6,4040.61,1147234,148534.0,163317.0,4100.0,4110.0,4012.0,4092.6,24829875,4501.8,3683.4,4440.0,3288.1,4026.2,323,2,4025.9,42,1,4025.8,78,4,4025.7,26,1,4025.3,38,2,4026.5,17,2,4026.9,17,1,4027.0,5,1,4027.1,12,2,4027.2,25,2
11483,2026-07-02 12:32:12+05:30,4026.2,6,4040.61,1147240,148395.0,163323.0,4100.0,4110.0,4012.0,4092.6,24829875,4501.8,3683.4,4440.0,3288.1,4026.3,1,1,4026.2,317,2,4026.1,5,1,4025.8,52,3,4025.7,26,1,4026.5,23,4,4026.6,17,1,4026.7,5,1,4026.9,17,1,4027.0,5,1
11483,2026-07-02 12:32:12+05:30,4026.3,1,4040.61,1147240,148395.0,163323.0,4100.0,4110.0,4012.0,4092.6,24829875,4501.8,3683.4,4440.0,3288.1,4026.3,1,1,4026.2,317,2,4026.1,5,1,4025.8,52,3,4025.7,26,1,4026.5,23,4,4026.6,17,1,4026.7,5,1,4026.9,17,1,4027.0,5,1
11483,2026-07-02 12:32:13+05:30,4026.3,1,4040.61,1147241,148267.0,163221.0,4100.0,4110.0,4012.0,4092.6,24829875,4501.8,3683.4,4440.0,3288.1,4026.3,1,1,4026.2,317,2,4026.1,5,1,4025.8,52,3,4025.7,26,1,4026.5,15,4,4026.6,17,1,4026.8,5,1,4026.9,18,2,4027.0,5,1
11483,2026-07-02 12:32:14+05:30,4026.5,1,4040.61,1147245,148309.0,163080.0,4100.0,4110.0,4012.0,4092.6,24829875,4501.8,3683.4,4440.0,3288.1,4026.3,1,1,4026.2,321,4,4026.1,5,1,4025.9,3,1,4025.8,50,1,4026.5,6,3,4026.9,1,1,4027.0,5,1,4027.1,12,2,4027.2,25,2
11483,2026-07-02 12:32:14+05:30,4026.5,1,4040.61,1147245,148309.0,163080.0,4100.0,4110.0,4012.0,4092.6,24829875,4501.8,3683.4,4440.0,3288.1,4026.3,1,1,4026.2,321,4,4026.1,5,1,4025.9,3,1,4025.8,50,1,4026.5,6,3,4026.9,1,1,4027.0,5,1,4027.1,12,2,4027.2,25,2
11483,2026-07-02 12:32:15+05:30,4026.5,1,4040.61,1147250,148220.0,163119.0,4100.0,4110.0,4012.0,4092.6,24829875,4501.8,3683.4,4440.0,3288.1,4026.3,1,1,4026.2,321,4,4026.1,5,1,4025.8,50,1,4025.7,26,1,4026.5,22,4,4026.6,17,1,4026.9,18,2,4027.0,5,1,4027.1,12,2
11483,2026-07-02 12:32:15+05:30,4026.5,3,4040.61,1147250,148220.0,163119.0,4100.0,4110.0,4012.0,4092.6,24829875,4501.8,3683.4,4440.0,3288.1,4026.3,1,1,4026.2,321,4,4026.1,5,1,4025.8,50,1,4025.7,26,1,4026.5,22,4,4026.6,17,1,4026.9,18,2,4027.0,5,1,4027.1,12,2
11483,2026-07-02 12:32:16+05:30,4026.5,3,4040.61,1147257,148231.0,163073.0,4100.0,4110.0,4012.0,4092.6,24829875,4501.8,3683.4,4440.0,3288.1,4026.3,1,1,4026.2,321,4,4026.1,5,1,4025.8,50,1,4025.7,26,1,4026.5,17,4,4026.6,17,1,4026.9,18,2,4027.0,5,1,4027.1,12,2
11483,2026-07-02 12:32:16+05:30,4026.3,1,4040.61,1147257,148231.0,163073.0,4100.0,4110.0,4012.0,4092.6,24829875,4501.8,3683.4,4440.0,3288.1,4026.3,1,1,4026.2,321,4,4026.1,5,1,4025.8,50,1,4025.7,26,1,4026.5,17,4,4026.6,17,1,4026.9,18,2,4027.0,5,1,4027.1,12,2
11483,2026-07-02 12:32:17+05:30,4026.5,1,4040.61,1147259,148302.0,163081.0,4100.0,4110.0,4012.0,4092.6,24829875,4501.8,3683.4,4440.0,3288.1,4026.2,323,5,4026.1,5,1,4025.8,50,1,4025.7,26,1,4025.5,11,1,4026.5,11,3,4026.9,18,2,4027.0,5,1,4027.1,12,2,4027.2,25,2
11483,2026-07-02 12:32:17+05:30,4026.5,1,4040.61,1147259,148302.0,163081.0,4100.0,4110.0,4012.0,4092.6,24829875,4501.8,3683.4,4440.0,3288.1,4026.2,323,5,4026.1,5,1,4025.8,50,1,4025.7,26,1,4025.5,11,1,4026.5,11,3,4026.9,18,2,4027.0,5,1,4027.1,12,2,4027.2,25,2
11483,2026-07-02 12:32:18+05:30,4026.5,1,4040.61,1147259,148219.0,163093.0,4100.0,4110.0,4012.0,4092.6,24829875,4501.8,3683.4,4440.0,3288.1,4026.2,323,5,4026.1,5,1,4025.8,50,1,4025.7,26,1,4025.5,11,1,4026.5,11,3,4026.9,18,2,4027.0,5,1,4027.1,12,2,4027.2,25,2
11483,2026-07-02 12:32:19+05:30,4026.5,1,4040.61,1147259,148241.0,163100.0,4100.0,4110.0,4012.0,4092.6,24829875,4501.8,3683.4,4440.0,3288.1,4026.2,323,5,4026.1,5,1,4025.8,50,1,4025.7,26,1,4025.5,11,1,4026.5,11,3,4026.9,18,2,4027.0,5,1,4027.1,12,2,4027.2,25,2
11483,2026-07-02 12:32:19+05:30,4026.9,11,4040.61,1147259,148241.0,163100.0,4100.0,4110.0,4012.0,4092.6,24829875,4501.8,3683.4,4440.0,3288.1,4026.2,323,5,4026.1,5,1,4025.8,50,1,4025.7,26,1,4025.5,11,1,4026.5,11,3,4026.9,18,2,4027.0,5,1,4027.1,12,2,4027.2,25,2
11483,2026-07-02 12:32:20+05:30,4026.2,6,4040.61,1147259,148241.0,163100.0,4100.0,4110.0,4012.0,4092.6,24829875,4501.8,3683.4,4440.0,3288.1,4026.2,323,5,4026.1,5,1,4025.8,50,1,4025.7,26,1,4025.5,11,1,4026.5,11,3,4026.9,18,2,4027.0,5,1,4027.1,12,2,4027.2,25,2
11483,2026-07-02 12:32:20+05:30,4026.2,6,4040.61,1147292,148047.0,162771.0,4100.0,4110.0,4012.0,4092.6,24829875,4501.8,3683.4,4440.0,3288.1,4026.2,317,5,4026.1,5,1,4025.8,50,1,4025.5,11,1,4025.3,38,2,4026.9,11,3,4027.0,14,2,4027.1,2,1,4027.2,25,2,4027.4,60,2
11483,2026-07-02 12:32:21+05:30,4026.2,4,4040.61,1147292,148047.0,162771.0,4100.0,4110.0,4012.0,4092.6,24829875,4501.8,3683.4,4440.0,3288.1,4026.2,317,5,4026.1,5,1,4025.8,50,1,4025.5,11,1,4025.3,38,2,4026.9,11,3,4027.0,14,2,4027.1,2,1,4027.2,25,2,4027.4,60,2
11483,2026-07-02 12:32:21+05:30,4026.2,4,4040.61,1147296,148075.0,162667.0,4100.0,4110.0,4012.0,4092.6,24829875,4501.8,3683.4,4440.0,3288.1,4026.5,4,1,4026.3,2,1,4026.2,313,5,4026.1,5,1,4025.8,50,1,4026.9,10,4,4027.0,5,1,4027.1,2,1,4027.2,35,3,4027.4,15,1
11483,2026-07-02 12:32:22+05:30,4026.5,1,4040.61,1147296,148075.0,162667.0,4100.0,4110.0,4012.0,4092.6,24829875,4501.8,3683.4,4440.0,3288.1,4026.5,4,1,4026.3,2,1,4026.2,313,5,4026.1,5,1,4025.8,50,1,4026.9,10,4,4027.0,5,1,4027.1,2,1,4027.2,35,3,4027.4,15,1
11483,2026-07-02 12:32:22+05:30,4026.5,1,4040.61,1147297,148098.0,162644.0,4100.0,4110.0,4012.0,4092.6,24829875,4501.8,3683.4,4440.0,3288.1,4026.7,1,1,4026.5,3,1,4026.3,2,1,4026.2,313,5,4026.1,5,1,4026.9,34,4,4027.0,5,1,4027.1,2,1,4027.2,35,3,4027.4,15,1
11483,2026-07-02 12:32:23+05:30,4026.8,1,4040.61,1147297,148098.0,162644.0,4100.0,4110.0,4012.0,4092.6,24829875,4501.8,3683.4,4440.0,3288.1,4026.7,1,1,4026.5,3,1,4026.3,2,1,4026.2,313,5,4026.1,5,1,4026.9,34,4,4027.0,5,1,4027.1,2,1,4027.2,35,3,4027.4,15,1
11483,2026-07-02 12:32:24+05:30,4026.8,2,4040.61,1147374,147902.0,162943.0,4100.0,4110.0,4012.0,4092.6,24829875,4501.8,3683.4,4440.0,3288.1,4026.2,246,5,4026.1,5,1,4025.8,50,1,4025.3,12,1,4025.2,60,2,4026.8,10,2,4026.9,35,5,4027.0,6,2,4027.1,2,1,4027.2,46,4
11483,2026-07-02 12:32:24+05:30,4026.9,14,4040.61,1147374,147902.0,162943.0,4100.0,4110.0,4012.0,4092.6,24829875,4501.8,3683.4,4440.0,3288.1,4026.2,246,5,4026.1,5,1,4025.8,50,1,4025.3,12,1,4025.2,60,2,4026.8,10,2,4026.9,35,5,4027.0,6,2,4027.1,2,1,4027.2,46,4
11483,2026-07-02 12:32:25+05:30,4026.9,14,4040.61,1147409,147378.0,162885.0,4100.0,4110.0,4012.0,4092.6,24829875,4501.8,3683.4,4440.0,3288.1,4026.2,237,5,4026.1,5,1,4025.8,50,1,4025.3,12,1,4025.2,60,2,4026.8,19,1,4026.9,30,6,4027.0,25,3,4027.1,2,1,4027.2,51,5
11483,2026-07-02 12:32:25+05:30,4026.9,1,4040.61,1147409,147378.0,162885.0,4100.0,4110.0,4012.0,4092.6,24829875,4501.8,3683.4,4440.0,3288.1,4026.2,237,5,4026.1,5,1,4025.8,50,1,4025.3,12,1,4025.2,60,2,4026.8,19,1,4026.9,30,6,4027.0,25,3,4027.1,2,1,4027.2,51,5
11483,2026-07-02 12:32:26+05:30,4026.9,1,4040.61,1147452,147375.0,162632.0,4100.0,4110.0,4012.0,4092.6,24829875,4501.8,3683.4,4440.0,3288.1,4026.2,232,5,4026.1,5,1,4025.8,50,1,4025.3,12,1,4025.2,60,2,4026.8,17,1,4026.9,47,5,4027.0,25,3,4027.1,2,1,4027.2,54,6
11483,2026-07-02 12:32:26+05:30,4026.8,7,4040.61,1147452,147375.0,162632.0,4100.0,4110.0,4012.0,4092.6,24829875,4501.8,3683.4,4440.0,3288.1,4026.2,232,5,4026.1,5,1,4025.8,50,1,4025.3,12,1,4025.2,60,2,4026.8,17,1,4026.9,47,5,4027.0,25,3,4027.1,2,1,4027.2,54,6
11483,2026-07-02 12:32:26+05:30,4026.8,7,4040.61,1147464,147319.0,163173.0,4100.0,4110.0,4012.0,4092.6,24829875,4501.8,3683.4,4440.0,3288.1,4026.2,227,5,4026.1,5,1,4025.8,50,1,4025.2,60,2,4025.1,25,3,4026.5,63,1,4026.6,62,3,4026.7,42,1,4026.8,43,2,4026.9,47,5
11483,2026-07-02 12:32:27+05:30,4026.2,4,4040.61,1147464,147319.0,163173.0,4100.0,4110.0,4012.0,4092.6,24829875,4501.8,3683.4,4440.0,3288.1,4026.2,227,5,4026.1,5,1,4025.8,50,1,4025.2,60,2,4025.1,25,3,4026.5,63,1,4026.6,62,3,4026.7,42,1,4026.8,43,2,4026.9,47,5
11483,2026-07-02 12:32:27+05:30,4026.2,4,4040.61,1147470,147312.0,163105.0,4100.0,4110.0,4012.0,4092.6,24829875,4501.8,3683.4,4440.0,3288.1,4026.2,222,5,4026.1,5,1,4025.8,50,1,4025.2,60,2,4025.1,25,3,4026.5,42,1,4026.6,69,4,4026.7,61,2,4026.8,3,2,4026.9,61,5
11483,2026-07-02 12:32:28+05:30,4026.4,8,4040.61,1147470,147312.0,163105.0,4100.0,4110.0,4012.0,4092.6,24829875,4501.8,3683.4,4440.0,3288.1,4026.2,222,5,4026.1,5,1,4025.8,50,1,4025.2,60,2,4025.1,25,3,4026.5,42,1,4026.6,69,4,4026.7,61,2,4026.8,3,2,4026.9,61,5
11483,2026-07-02 12:32:28+05:30,4026.4,8,4040.61,1147489,147343.0,163304.0,4100.0,4110.0,4012.0,4092.6,24829875,4501.8,3683.4,4440.0,3288.1,4026.2,221,5,4026.1,5,1,4025.8,50,1,4025.2,60,2,4025.1,25,3,4026.4,54,1,4026.5,50,4,4026.6,53,3,4026.7,42,1,4026.8,1,1
11483,2026-07-02 12:32:29+05:30,4026.2,2,4040.61,1147489,147343.0,163304.0,4100.0,4110.0,4012.0,4092.6,24829875,4501.8,3683.4,4440.0,3288.1,4026.2,221,5,4026.1,5,1,4025.8,50,1,4025.2,60,2,4025.1,25,3,4026.4,54,1,4026.5,50,4,4026.6,53,3,4026.7,42,1,4026.8,1,1
11483,2026-07-02 12:32:29+05:30,4026.2,2,4040.61,1147491,147341.0,163316.0,4100.0,4110.0,4012.0,4092.6,24829875,4501.8,3683.4,4440.0,3288.1,4026.2,219,5,4026.1,5,1,4025.8,50,1,4025.2,60,2,4025.1,25,3,4026.4,54,1,4026.5,92,5,4026.6,53,3,4026.8,43,2,4026.9,18,3
11483,2026-07-02 12:32:30+05:30,4026.4,3,4040.61,1147491,147341.0,163316.0,4100.0,4110.0,4012.0,4092.6,24829875,4501.8,3683.4,4440.0,3288.1,4026.2,219,5,4026.1,5,1,4025.8,50,1,4025.2,60,2,4025.1,25,3,4026.4,54,1,4026.5,92,5,4026.6,53,3,4026.8,43,2,4026.9,18,3
11483,2026-07-02 12:32:30+05:30,4026.4,3,4040.61,1147497,147341.0,163259.0,4100.0,4110.0,4012.0,4092.6,24829875,4501.8,3683.4,4440.0,3288.1,4026.2,219,5,4026.1,5,1,4025.8,50,1,4025.2,60,2,4025.1,25,3,4026.4,63,4,4026.5,77,4,4026.6,46,2,4026.8,43,2,4026.9,18,3
11483,2026-07-02 12:32:31+05:30,4026.2,1,4040.61,1147497,147341.0,163259.0,4100.0,4110.0,4012.0,4092.6,24829875,4501.8,3683.4,4440.0,3288.1,4026.2,219,5,4026.1,5,1,4025.8,50,1,4025.2,60,2,4025.1,25,3,4026.4,63,4,4026.5,77,4,4026.6,46,2,4026.8,43,2,4026.9,18,3
11483,2026-07-02 12:32:31+05:30,4026.2,1,4040.61,1147498,147353.0,163087.0,4100.0,4110.0,4012.0,4092.6,24829875,4501.8,3683.4,4440.0,3288.1,4026.2,218,5,4026.1,5,1,4025.8,50,1,4025.2,60,2,4025.1,25,3,4026.4,63,4,4026.5,77,4,4026.6,46,2,4026.8,43,2,4026.9,18,3
11483,2026-07-02 12:32:32+05:30,4026.4,1,4040.61,1147498,147353.0,163087.0,4100.0,4110.0,4012.0,4092.6,24829875,4501.8,3683.4,4440.0,3288.1,4026.2,218,5,4026.1,5,1,4025.8,50,1,4025.2,60,2,4025.1,25,3,4026.4,63,4,4026.5,77,4,4026.6,46,2,4026.8,43,2,4026.9,18,3
11483,2026-07-02 12:32:32+05:30,4026.4,1,4040.61,1147499,147381.0,163100.0,4100.0,4110.0,4012.0,4092.6,24829875,4501.8,3683.4,4440.0,3288.1,4026.3,1,1,4026.2,268,6,4026.1,5,1,4025.8,50,1,4025.2,10,1,4026.4,55,3,4026.5,35,3,4026.6,57,2,4026.7,42,1,4026.8,1,1
11483,2026-07-02 12:32:33+05:30,4026.2,172,4040.61,1147499,147381.0,163100.0,4100.0,4110.0,4012.0,4092.6,24829875,4501.8,3683.4,4440.0,3288.1,4026.3,1,1,4026.2,268,6,4026.1,5,1,4025.8,50,1,4025.2,10,1,4026.4,55,3,4026.5,35,3,4026.6,57,2,4026.7,42,1,4026.8,1,1
11483,2026-07-02 12:32:33+05:30,4026.2,172,4040.61,1147674,146881.0,163115.0,4100.0,4110.0,4012.0,4092.6,24829875,4501.8,3683.4,4440.0,3288.1,4026.2,96,6,4026.1,5,1,4025.8,50,1,4025.2,10,1,4025.1,25,3,4026.4,60,6,4026.5,32,1,4026.6,61,3,4026.7,42,1,4026.8,1,1
11483,2026-07-02 12:32:34+05:30,4026.2,21,4040.61,1147674,146881.0,163115.0,4100.0,4110.0,4012.0,4092.6,24829875,4501.8,3683.4,4440.0,3288.1,4026.2,96,6,4026.1,5,1,4025.8,50,1,4025.2,10,1,4025.1,25,3,4026.4,60,6,4026.5,32,1,4026.6,61,3,4026.7,42,1,4026.8,1,1
11483,2026-07-02 12:32:34+05:30,4026.2,21,4040.61,1147695,147152.0,163123.0,4100.0,4110.0,4012.0,4092.6,24829875,4501.8,3683.4,4440.0,3288.1,4026.3,2,1,4026.2,75,6,4026.1,5,1,4025.8,50,1,4025.2,10,1,4026.4,60,6,4026.5,32,1,4026.6,61,3,4026.7,42,1,4026.8,1,1
11483,2026-07-02 12:32:35+05:30,4026.3,1,4040.61,1147695,147152.0,163123.0,4100.0,4110.0,4012.0,4092.6,24829875,4501.8,3683.4,4440.0,3288.1,4026.3,2,1,4026.2,75,6,4026.1,5,1,4025.8,50,1,4025.2,10,1,4026.4,60,6,4026.5,32,1,4026.6,61,3,4026.7,42,1,4026.8,1,1
11483,2026-07-02 12:32:35+05:30,4026.3,1,4040.61,1147699,147162.0,163124.0,4100.0,4110.0,4012.0,4092.6,24829875,4501.8,3683.4,4440.0,3288.1,4026.3,1,1,4026.2,75,6,4026.1,5,1,4025.8,50,1,4025.2,10,1,4026.4,60,6,4026.5,32,1,4026.6,60,3,4026.7,42,1,4026.8,1,1
11483,2026-07-02 12:32:36+05:30,4026.3,2,4040.61,1147699,147162.0,163124.0,4100.0,4110.0,4012.0,4092.6,24829875,4501.8,3683.4,4440.0,3288.1,4026.3,1,1,4026.2,75,6,4026.1,5,1,4025.8,50,1,4025.2,10,1,4026.4,60,6,4026.5,32,1,4026.6,60,3,4026.7,42,1,4026.8,1,1
11483,2026-07-02 12:32:36+05:30,4026.3,2,4040.61,1147702,147163.0,163121.0,4100.0,4110.0,4012.0,4092.6,24829875,4501.8,3683.4,4440.0,3288.1,4026.3,2,1,4026.2,75,6,4026.1,5,1,4025.8,50,1,4025.2,10,1,4026.4,66,7,4026.5,32,1,4026.6,45,2,4026.7,42,1,4026.8,1,1
11483,2026-07-02 12:32:37+05:30,4026.4,1,4040.61,1147702,147163.0,163121.0,4100.0,4110.0,4012.0,4092.6,24829875,4501.8,3683.4,4440.0,3288.1,4026.3,2,1,4026.2,75,6,4026.1,5,1,4025.8,50,1,4025.2,10,1,4026.4,66,7,4026.5,32,1,4026.6,45,2,4026.7,42,1,4026.8,1,1
11483,2026-07-02 12:32:37+05:30,4026.4,1,4040.61,1147717,147200.0,163125.0,4100.0,4110.0,4012.0,4092.6,24829875,4501.8,3683.4,4440.0,3288.1,4026.3,2,1,4026.2,75,6,4026.1,5,1,4025.8,50,1,4025.2,10,1,4026.4,38,5,4026.5,32,1,4026.6,68,3,4026.7,42,1,4026.8,1,1
11483,2026-07-02 12:32:38+05:30,4026.4,1,4040.61,1147717,147200.0,163125.0,4100.0,4110.0,4012.0,4092.6,24829875,4501.8,3683.4,4440.0,3288.1,4026.3,2,1,4026.2,75,6,4026.1,5,1,4025.8,50,1,4025.2,10,1,4026.4,38,5,4026.5,32,1,4026.6,68,3,4026.7,42,1,4026.8,1,1
11483,2026-07-02 12:32:38+05:30,4026.4,1,4040.61,1147720,147728.0,163013.0,4100.0,4110.0,4012.0,4092.6,24829875,4501.8,3683.4,4440.0,3288.1,4026.3,2,1,4026.2,75,6,4026.1,5,1,4025.8,50,1,4025.6,15,1,4026.4,37,5,4026.5,32,1,4026.6,113,2,4026.7,98,2,4026.8,1,1
11483,2026-07-02 12:32:39+05:30,4026.4,1,4040.61,1147720,147728.0,163013.0,4100.0,4110.0,4012.0,4092.6,24829875,4501.8,3683.4,4440.0,3288.1,4026.3,2,1,4026.2,75,6,4026.1,5,1,4025.8,50,1,4025.6,15,1,4026.4,37,5,4026.5,32,1,4026.6,113,2,4026.7,98,2,4026.8,1,1
11483,2026-07-02 12:32:39+05:30,4026.4,1,4040.61,1147723,147737.0,163010.0,4100.0,4110.0,4012.0,4092.6,24829875,4501.8,3683.4,4440.0,3288.1,4026.3,2,1,4026.2,75,6,4026.1,5,1,4025.8,50,1,4025.6,15,1,4026.4,34,5,4026.5,32,1,4026.6,113,2,4026.7,98,2,4026.8,1,1
11483,2026-07-02 12:32:40+05:30,4026.4,1,4040.61,1147723,147728.0,163011.0,4100.0,4110.0,4012.0,4092.6,24829875,4501.8,3683.4,4440.0,3288.1,4026.3,2,1,4026.2,75,6,4026.1,5,1,4025.8,50,1,4025.6,15,1,4026.4,34,5,4026.5,33,2,4026.6,113,2,4026.7,98,2,4026.8,1,1
11483,2026-07-02 12:32:41+05:30,4026.4,1,4040.61,1147723,147633.0,163012.0,4100.0,4110.0,4012.0,4092.6,24829875,4501.8,3683.4,4440.0,3288.1,4026.3,2,1,4026.2,75,6,4026.1,5,1,4025.8,50,1,4025.6,15,1,4026.4,34,5,4026.5,33,2,4026.6,113,2,4026.7,98,2,4026.8,1,1
11483,2026-07-02 12:32:42+05:30,4026.3,1,4040.61,1147723,147633.0,163012.0,4100.0,4110.0,4012.0,4092.6,24829875,4501.8,3683.4,4440.0,3288.1,4026.3,2,1,4026.2,75,6,4026.1,5,1,4025.8,50,1,4025.6,15,1,4026.4,34,5,4026.5,33,2,4026.6,113,2,4026.7,98,2,4026.8,1,1
11483,2026-07-02 12:32:42+05:30,4026.3,1,4040.61,1147724,147642.0,162810.0,4100.0,4110.0,4012.0,4092.6,24829875,4501.8,3683.4,4440.0,3288.1,4026.3,2,2,4026.2,75,6,4026.1,5,1,4025.8,50,1,4025.6,15,1,4026.4,6,4,4026.5,1,1,4026.6,71,1,4026.7,56,1,4026.8,1,1
11483,2026-07-02 12:32:43+05:30,4026.3,1,4040.61,1147724,147642.0,162810.0,4100.0,4110.0,4012.0,4092.6,24829875,4501.8,3683.4,4440.0,3288.1,4026.3,2,2,4026.2,75,6,4026.1,5,1,4025.8,50,1,4025.6,15,1,4026.4,6,4,4026.5,1,1,4026.6,71,1,4026.7,56,1,4026.8,1,1
11483,2026-07-02 12:32:43+05:30,4026.3,1,4040.61,1147726,147646.0,162840.0,4100.0,4110.0,4012.0,4092.6,24829875,4501.8,3683.4,4440.0,3288.1,4026.3,3,2,4026.2,75,6,4026.1,5,1,4025.8,50,1,4025.4,40,2,4026.4,4,2,4026.5,1,1,4026.6,71,1,4026.7,56,1,4026.8,1,1
11483,2026-07-02 12:32:44+05:30,4025.8,50,4040.61,1147726,147646.0,162840.0,4100.0,4110.0,4012.0,4092.6,24829875,4501.8,3683.4,4440.0,3288.1,4026.3,3,2,4026.2,75,6,4026.1,5,1,4025.8,50,1,4025.4,40,2,4026.4,4,2,4026.5,1,1,4026.6,71,1,4026.7,56,1,4026.8,1,1
11483,2026-07-02 12:32:45+05:30,4025.8,50,4040.6,1147869,146166.0,163168.0,4100.0,4110.0,4012.0,4092.6,24829875,4501.8,3683.4,4440.0,3288.1,4025.3,60,1,4025.2,10,1,4025.1,25,3,4025.0,153,8,4024.5,45,3,4026.0,26,4,4026.1,37,4,4026.2,30,3,4026.3,19,2,4026.4,20,4
11483,2026-07-02 12:32:45+05:30,4026.4,3,4040.6,1147869,146166.0,163168.0,4100.0,4110.0,4012.0,4092.6,24829875,4501.8,3683.4,4440.0,3288.1,4025.3,60,1,4025.2,10,1,4025.1,25,3,4025.0,153,8,4024.5,45,3,4026.0,26,4,4026.1,37,4,4026.2,30,3,4026.3,19,2,4026.4,20,4
11483,2026-07-02 12:32:46+05:30,4026.4,3,4040.6,1148155,146273.0,163373.0,4100.0,4110.0,4012.0,4092.6,24829875,4501.8,3683.4,4440.0,3288.1,4025.0,131,6,4024.7,12,1,4024.6,2,1,4024.5,36,2,4024.4,124,1,4026.4,12,5,4026.5,4,2,4026.6,80,2,4026.7,56,1,4026.8,15,3
11483,2026-07-02 12:32:46+05:30,4026.4,2,4040.6,1148155,146273.0,163373.0,4100.0,4110.0,4012.0,4092.6,24829875,4501.8,3683.4,4440.0,3288.1,4025.0,131,6,4024.7,12,1,4024.6,2,1,4024.5,36,2,4024.4,124,1,4026.4,12,5,4026.5,4,2,4026.6,80,2,4026.7,56,1,4026.8,15,3
11483,2026-07-02 12:32:47+05:30,4026.4,2,4040.6,1148196,146141.0,163398.0,4100.0,4110.0,4012.0,4092.6,24829875,4501.8,3683.4,4440.0,3288.1,4025.0,114,7,4024.7,12,1,4024.5,36,2,4024.3,12,1,4024.2,14,1,4026.3,8,1,4026.4,21,7,4026.5,55,2,4026.6,126,3,4026.7,56,1
11483,2026-07-02 12:32:47+05:30,4025.0,5,4040.6,1148196,146141.0,163398.0,4100.0,4110.0,4012.0,4092.6,24829875,4501.8,3683.4,4440.0,3288.1,4025.0,114,7,4024.7,12,1,4024.5,36,2,4024.3,12,1,4024.2,14,1,4026.3,8,1,4026.4,21,7,4026.5,55,2,4026.6,126,3,4026.7,56,1
11483,2026-07-02 12:32:48+05:30,4025.0,5,4040.6,1148201,146144.0,163362.0,4100.0,4110.0,4012.0,4092.6,24829875,4501.8,3683.4,4440.0,3288.1,4025.0,108,6,4024.7,12,1,4024.5,36,2,4024.3,12,1,4024.2,14,1,4026.3,8,1,4026.4,21,7,4026.5,84,3,4026.6,97,2,4026.7,56,1
11483,2026-07-02 12:32:48+05:30,4025.0,1,4040.6,1148201,146144.0,163362.0,4100.0,4110.0,4012.0,4092.6,24829875,4501.8,3683.4,4440.0,3288.1,4025.0,108,6,4024.7,12,1,4024.5,36,2,4024.3,12,1,4024.2,14,1,4026.3,8,1,4026.4,21,7,4026.5,84,3,4026.6,97,2,4026.7,56,1
11483,2026-07-02 12:32:49+05:30,4025.0,1,4040.6,1148202,146149.0,163351.0,4100.0,4110.0,4012.0,4092.6,24829875,4501.8,3683.4,4440.0,3288.1,4025.0,107,6,4024.7,12,1,4024.5,36,2,4024.3,12,1,4024.2,14,1,4026.3,8,1,4026.4,21,7,4026.5,30,2,4026.6,97,2,4026.7,56,1
11483,2026-07-02 12:32:50+05:30,4025.0,1,4040.6,1148202,146146.0,163345.0,4100.0,4110.0,4012.0,4092.6,24829875,4501.8,3683.4,4440.0,3288.1,4025.0,110,7,4024.7,12,1,4024.5,36,2,4024.3,12,1,4024.2,14,1,4026.3,8,1,4026.4,16,6,4026.5,36,3,4026.6,106,3,4026.7,56,1
11483,2026-07-02 12:32:51+05:30,4025.0,14,4040.6,1148216,146132.0,163346.0,4100.0,4110.0,4012.0,4092.6,24829875,4501.8,3683.4,4440.0,3288.1,4025.0,96,7,4024.7,12,1,4024.5,36,2,4024.3,12,1,4024.2,14,1,4026.3,8,1,4026.4,16,6,4026.5,36,3,4026.6,106,3,4026.7,56,1
11483,2026-07-02 12:32:51+05:30,4025.0,1,4040.6,1148216,146132.0,163346.0,4100.0,4110.0,4012.0,4092.6,24829875,4501.8,3683.4,4440.0,3288.1,4025.0,96,7,4024.7,12,1,4024.5,36,2,4024.3,12,1,4024.2,14,1,4026.3,8,1,4026.4,16,6,4026.5,36,3,4026.6,106,3,4026.7,56,1
11483,2026-07-02 12:32:52+05:30,4025.0,1,4040.6,1148217,146190.0,163715.0,4100.0,4110.0,4012.0,4092.6,24829875,4501.8,3683.4,4440.0,3288.1,4025.6,1,1,4025.0,95,7,4024.7,13,1,4024.5,10,1,4024.3,12,1,4026.2,26,4,4026.3,44,7,4026.4,189,5,4026.5,22,4,4026.6,136,6
11483,2026-07-02 12:32:52+05:30,4025.6,1,4040.6,1148217,146190.0,163715.0,4100.0,4110.0,4012.0,4092.6,24829875,4501.8,3683.4,4440.0,3288.1,4025.6,1,1,4025.0,95,7,4024.7,13,1,4024.5,10,1,4024.3,12,1,4026.2,26,4,4026.3,44,7,4026.4,189,5,4026.5,22,4,4026.6,136,6
11483,2026-07-02 12:32:53+05:30,4025.6,1,4040.6,1148218,146134.0,163817.0,4100.0,4110.0,4012.0,4092.6,24829875,4501.8,3683.4,4440.0,3288.1,4025.6,1,1,4025.0,95,7,4024.7,13,1,4024.5,10,1,4024.3,12,1,4026.0,25,5,4026.1,13,2,4026.2,29,5,4026.3,48,6,4026.4,189,5
11483,2026-07-02 12:32:54+05:30,4026.0,2,4040.6,1148221,146153.0,163824.0,4100.0,4110.0,4012.0,4092.6,24829875,4501.8,3683.4,4440.0,3288.1,4025.6,1,1,4025.0,95,7,4024.7,13,1,4024.5,10,1,4024.3,12,1,4026.0,23,6,4026.1,13,2,4026.2,17,3,4026.3,40,5,4026.4,189,5
11483,2026-07-02 12:32:54+05:30,4026.0,2,4040.6,1148221,146153.0,163824.0,4100.0,4110.0,4012.0,4092.6,24829875,4501.8,3683.4,4440.0,3288.1,4025.6,1,1,4025.0,95,7,4024.7,13,1,4024.5,10,1,4024.3,12,1,4026.0,23,6,4026.1,13,2,4026.2,17,3,4026.3,40,5,4026.4,189,5
11483,2026-07-02 12:32:55+05:30,4026.0,1,4040.6,1148222,145945.0,164007.0,4100.0,4110.0,4012.0,4092.6,24829875,4501.8,3683.4,4440.0,3288.1,4025.6,1,1,4025.0,95,7,4024.7,13,1,4024.5,10,1,4024.3,12,1,4025.9,175,1,4026.0,19,5,4026.1,10,1,4026.2,17,3,4026.3,60,6
11483,2026-07-02 12:32:55+05:30,4026.0,1,4040.6,1148222,145945.0,164007.0,4100.0,4110.0,4012.0,4092.6,24829875,4501.8,3683.4,4440.0,3288.1,4025.6,1,1,4025.0,95,7,4024.7,13,1,4024.5,10,1,4024.3,12,1,4025.9,175,1,4026.0,19,5,4026.1,10,1,4026.2,17,3,4026.3,60,6
11483,2026-07-02 12:32:55+05:30,4026.0,1,4040.6,1148222,145945.0,164007.0,4100.0,4110.0,4012.0,4092.6,24829875,4501.8,3683.4,4440.0,3288.1,4025.6,1,1,4025.0,95,7,4024.7,13,1,4024.5,10,1,4024.3,12,1,4025.9,175,1,4026.0,19,5,4026.1,10,1,4026.2,17,3,4026.3,60,6
11483,2026-07-02 12:32:56+05:30,4026.0,1,4040.6,1148222,145945.0,164007.0,4100.0,4110.0,4012.0,4092.6,24829875,4501.8,3683.4,4440.0,3288.1,4025.6,1,1,4025.0,95,7,4024.7,13,1,4024.5,10,1,4024.3,12,1,4025.9,175,1,4026.0,19,5,4026.1,10,1,4026.2,17,3,4026.3,60,6
11483,2026-07-02 12:32:56+05:30,4025.6,2,4040.6,1148224,145559.0,164108.0,4100.0,4110.0,4012.0,4092.6,24829875,4501.8,3683.4,4440.0,3288.1,4025.0,95,7,4024.5,10,1,4024.1,1,1,4024.0,773,27,4023.9,38,1,4025.4,195,3,4025.7,198,3,4026.0,34,6,4026.1,17,3,4026.2,16,3
11483,2026-07-02 12:32:56+05:30,4025.6,2,4040.6,1148224,145559.0,164108.0,4100.0,4110.0,4012.0,4092.6,24829875,4501.8,3683.4,4440.0,3288.1,4025.0,95,7,4024.5,10,1,4024.1,1,1,4024.0,773,27,4023.9,38,1,4025.4,195,3,4025.7,198,3,4026.0,34,6,4026.1,17,3,4026.2,16,3
11483,2026-07-02 12:32:56+05:30,4025.6,2,4040.6,1148224,145559.0,164108.0,4100.0,4110.0,4012.0,4092.6,24829875,4501.8,3683.4,4440.0,3288.1,4025.0,95,7,4024.5,10,1,4024.1,1,1,4024.0,773,27,4023.9,38,1,4025.4,195,3,4025.7,198,3,4026.0,34,6,4026.1,17,3,4026.2,16,3
11483,2026-07-02 12:32:57+05:30,4025.6,2,4040.6,1148224,145559.0,164108.0,4100.0,4110.0,4012.0,4092.6,24829875,4501.8,3683.4,4440.0,3288.1,4025.0,95,7,4024.5,10,1,4024.1,1,1,4024.0,773,27,4023.9,38,1,4025.4,195,3,4025.7,198,3,4026.0,34,6,4026.1,17,3,4026.2,16,3
11483,2026-07-02 12:32:57+05:30,4025.6,2,4040.6,1148224,145580.0,163914.0,4100.0,4110.0,4012.0,4092.6,24829875,4501.8,3683.4,4440.0,3288.1,4025.1,2,1,4025.0,95,7,4024.5,10,1,4024.1,1,1,4024.0,768,26,4025.4,22,2,4025.7,198,3,4026.0,28,5,4026.1,17,3,4026.2,16,3
11483,2026-07-02 12:32:57+05:30,4025.6,2,4040.6,1148224,145580.0,163914.0,4100.0,4110.0,4012.0,4092.6,24829875,4501.8,3683.4,4440.0,3288.1,4025.1,2,1,4025.0,95,7,4024.5,10,1,4024.1,1,1,4024.0,768,26,4025.4,22,2,4025.7,198,3,4026.0,28,5,4026.1,17,3,4026.2,16,3
11483,2026-07-02 12:32:57+05:30,4025.7,3,4040.6,1148224,145580.0,163914.0,4100.0,4110.0,4012.0,4092.6,24829875,4501.8,3683.4,4440.0,3288.1,4025.1,2,1,4025.0,95,7,4024.5,10,1,4024.1,1,1,4024.0,768,26,4025.4,22,2,4025.7,198,3,4026.0,28,5,4026.1,17,3,4026.2,16,3
11483,2026-07-02 12:32:58+05:30,4025.7,3,4040.6,1148224,145580.0,163914.0,4100.0,4110.0,4012.0,4092.6,24829875,4501.8,3683.4,4440.0,3288.1,4025.1,2,1,4025.0,95,7,4024.5,10,1,4024.1,1,1,4024.0,768,26,4025.4,22,2,4025.7,198,3,4026.0,28,5,4026.1,17,3,4026.2,16,3
11483,2026-07-02 12:32:58+05:30,4025.7,3,4040.6,1148249,145565.0,163876.0,4100.0,4110.0,4012.0,4092.6,24829875,4501.8,3683.4,4440.0,3288.1,4025.1,2,1,4025.0,95,7,4024.5,10,1,4024.1,1,1,4024.0,768,26,4025.7,194,3,4026.0,28,5,4026.1,7,2,4026.2,16,3,4026.3,60,6
11483,2026-07-02 12:32:58+05:30,4025.7,3,4040.6,1148249,145565.0,163876.0,4100.0,4110.0,4012.0,4092.6,24829875,4501.8,3683.4,4440.0,3288.1,4025.1,2,1,4025.0,95,7,4024.5,10,1,4024.1,1,1,4024.0,768,26,4025.7,194,3,4026.0,28,5,4026.1,7,2,4026.2,16,3,4026.3,60,6
11483,2026-07-02 12:32:58+05:30,4025.6,4,4040.6,1148249,145565.0,163876.0,4100.0,4110.0,4012.0,4092.6,24829875,4501.8,3683.4,4440.0,3288.1,4025.1,2,1,4025.0,95,7,4024.5,10,1,4024.1,1,1,4024.0,768,26,4025.7,194,3,4026.0,28,5,4026.1,7,2,4026.2,16,3,4026.3,60,6
11483,2026-07-02 12:32:59+05:30,4025.6,4,4040.6,1148249,145565.0,163876.0,4100.0,4110.0,4012.0,4092.6,24829875,4501.8,3683.4,4440.0,3288.1,4025.1,2,1,4025.0,95,7,4024.5,10,1,4024.1,1,1,4024.0,768,26,4025.7,194,3,4026.0,28,5,4026.1,7,2,4026.2,16,3,4026.3,60,6
11483,2026-07-02 12:32:59+05:30,4025.6,1,4040.6,1148259,145538.0,164147.0,4100.0,4110.0,4012.0,4092.6,24829875,4501.8,3683.4,4440.0,3288.1,4025.0,95,7,4024.5,10,1,4024.1,27,2,4024.0,769,27,4023.9,38,1,4025.6,10,3,4025.7,175,1,4026.0,28,5,4026.1,7,2,4026.2,13,2
11483,2026-07-02 12:32:59+05:30,4025.6,1,4040.6,1148259,145538.0,164147.0,4100.0,4110.0,4012.0,4092.6,24829875,4501.8,3683.4,4440.0,3288.1,4025.0,95,7,4024.5,10,1,4024.1,27,2,4024.0,769,27,4023.9,38,1,4025.6,10,3,4025.7,175,1,4026.0,28,5,4026.1,7,2,4026.2,13,2
11483,2026-07-02 12:32:59+05:30,4025.6,1,4040.6,1148259,145538.0,164147.0,4100.0,4110.0,4012.0,4092.6,24835825,4501.8,3683.4,4440.0,3288.1,4025.0,95,7,4024.5,10,1,4024.1,27,2,4024.0,769,27,4023.9,38,1,4025.6,10,3,4025.7,175,1,4026.0,28,5,4026.1,7,2,4026.2,13,2
11483,2026-07-02 12:32:59+05:30,4025.0,2,4040.6,1148259,145538.0,164147.0,4100.0,4110.0,4012.0,4092.6,24835825,4501.8,3683.4,4440.0,3288.1,4025.0,95,7,4024.5,10,1,4024.1,27,2,4024.0,769,27,4023.9,38,1,4025.6,10,3,4025.7,175,1,4026.0,28,5,4026.1,7,2,4026.2,13,2
11483,2026-07-02 12:33:00+05:30,4025.0,2,4040.6,1148259,145538.0,164147.0,4100.0,4110.0,4012.0,4092.6,24835825,4501.8,3683.4,4440.0,3288.1,4025.0,95,7,4024.5,10,1,4024.1,27,2,4024.0,769,27,4023.9,38,1,4025.6,10,3,4025.7,175,1,4026.0,28,5,4026.1,7,2,4026.2,13,2
11483,2026-07-02 12:33:00+05:30,4025.0,19,4040.6,1148379,145419.0,164416.0,4100.0,4110.0,4012.0,4092.6,24835825,4501.8,3683.4,4440.0,3288.1,4024.5,10,1,4024.1,1,1,4024.0,757,26,4023.9,38,1,4023.7,12,1,4025.0,57,1,4025.6,54,3,4025.7,175,1,4026.0,50,5,4026.1,3,1
11483,2026-07-02 12:33:00+05:30,4025.0,19,4040.6,1148379,145419.0,164416.0,4100.0,4110.0,4012.0,4092.6,24835825,4501.8,3683.4,4440.0,3288.1,4024.5,10,1,4024.1,1,1,4024.0,757,26,4023.9,38,1,4023.7,12,1,4025.0,57,1,4025.6,54,3,4025.7,175,1,4026.0,50,5,4026.1,3,1
11483,2026-07-02 12:33:00+05:30,4025.0,2,4040.6,1148379,145419.0,164416.0,4100.0,4110.0,4012.0,4092.6,24835825,4501.8,3683.4,4440.0,3288.1,4024.5,10,1,4024.1,1,1,4024.0,757,26,4023.9,38,1,4023.7,12,1,4025.0,57,1,4025.6,54,3,4025.7,175,1,4026.0,50,5,4026.1,3,1
11483,2026-07-02 12:33:00+05:30,4025.0,2,4040.6,1148379,145419.0,164416.0,4100.0,4110.0,4012.0,4092.6,24835825,4501.8,3683.4,4440.0,3288.1,4024.5,10,1,4024.1,1,1,4024.0,757,26,4023.9,38,1,4023.7,12,1,4025.0,57,1,4025.6,54,3,4025.7,175,1,4026.0,50,5,4026.1,3,1
11483,2026-07-02 12:33:01+05:30,4025.0,2,4040.6,1148379,145419.0,164416.0,4100.0,4110.0,4012.0,4092.6,24835825,4501.8,3683.4,4440.0,3288.1,4024.5,10,1,4024.1,1,1,4024.0,757,26,4023.9,38,1,4023.7,12,1,4025.0,57,1,4025.6,54,3,4025.7,175,1,4026.0,50,5,4026.1,3,1
11483,2026-07-02 12:33:01+05:30,4025.0,1,4040.6,1148406,145367.0,164305.0,4100.0,4110.0,4012.0,4092.6,24835825,4501.8,3683.4,4440.0,3288.1,4024.3,26,3,4024.2,28,4,4024.1,7,3,4024.0,792,28,4023.9,66,3,4025.0,44,1,4025.6,6,2,4025.7,175,1,4026.0,47,5,4026.1,9,1
11483,2026-07-02 12:33:01+05:30,4025.0,1,4040.6,1148406,145367.0,164305.0,4100.0,4110.0,4012.0,4092.6,24835825,4501.8,3683.4,4440.0,3288.1,4024.3,26,3,4024.2,28,4,4024.1,7,3,4024.0,792,28,4023.9,66,3,4025.0,44,1,4025.6,6,2,4025.7,175,1,4026.0,47,5,4026.1,9,1
11483,2026-07-02 12:33:01+05:30,4024.3,3,4040.6,1148406,145367.0,164305.0,4100.0,4110.0,4012.0,4092.6,24835825,4501.8,3683.4,4440.0,3288.1,4024.3,26,3,4024.2,28,4,4024.1,7,3,4024.0,792,28,4023.9,66,3,4025.0,44,1,4025.6,6,2,4025.7,175,1,4026.0,47,5,4026.1,9,1
11483,2026-07-02 12:33:02+05:30,4024.3,3,4040.6,1148409,145381.0,164306.0,4100.0,4110.0,4012.0,4092.6,24835825,4501.8,3683.4,4440.0,3288.1,4024.6,1,1,4024.3,23,3,4024.2,24,3,4024.1,7,3,4024.0,792,28,4025.0,44,1,4025.6,7,3,4025.7,175,1,4026.0,47,5,4026.1,9,1
11483,2026-07-02 12:33:02+05:30,4024.6,1,4040.6,1148409,145381.0,164306.0,4100.0,4110.0,4012.0,4092.6,24835825,4501.8,3683.4,4440.0,3288.1,4024.6,1,1,4024.3,23,3,4024.2,24,3,4024.1,7,3,4024.0,792,28,4025.0,44,1,4025.6,7,3,4025.7,175,1,4026.0,47,5,4026.1,9,1
11483,2026-07-02 12:33:03+05:30,4024.6,1,4040.6,1148410,145357.0,164315.0,4100.0,4110.0,4012.0,4092.6,24835825,4501.8,3683.4,4440.0,3288.1,4024.6,1,1,4024.3,23,3,4024.2,14,2,4024.1,7,3,4024.0,792,28,4025.0,44,1,4025.6,7,3,4025.7,175,1,4026.0,47,5,4026.1,9,1
11483,2026-07-02 12:33:03+05:30,4024.6,1,4040.6,1148410,145357.0,164315.0,4100.0,4110.0,4012.0,4092.6,24835825,4501.8,3683.4,4440.0,3288.1,4024.6,1,1,4024.3,23,3,4024.2,14,2,4024.1,7,3,4024.0,792,28,4025.0,44,1,4025.6,7,3,4025.7,175,1,4026.0,47,5,4026.1,9,1
11483,2026-07-02 12:33:04+05:30,4025.0,5,4040.6,1148417,145398.0,164415.0,4100.0,4110.0,4012.0,4092.6,24835825,4501.8,3683.4,4440.0,3288.1,4024.7,2,1,4024.3,23,3,4024.2,14,2,4024.1,22,4,4024.0,783,27,4025.0,38,1,4025.6,7,3,4025.7,175,1,4026.0,47,5,4026.1,9,1
11483,2026-07-02 12:33:04+05:30,4024.7,1,4040.6,1148417,145398.0,164415.0,4100.0,4110.0,4012.0,4092.6,24835825,4501.8,3683.4,4440.0,3288.1,4024.7,2,1,4024.3,23,3,4024.2,14,2,4024.1,22,4,4024.0,783,27,4025.0,38,1,4025.6,7,3,4025.7,175,1,4026.0,47,5,4026.1,9,1
11483,2026-07-02 12:33:05+05:30,4025.0,2,4040.6,1148420,145453.0,164502.0,4100.0,4110.0,4012.0,4092.6,24835825,4501.8,3683.4,4440.0,3288.1,4024.7,1,1,4024.3,23,3,4024.2,14,2,4024.1,22,4,4024.0,783,27,4025.0,36,1,4025.6,7,3,4025.7,175,1,4025.9,3,1,4026.0,131,4
11483,2026-07-02 12:33:05+05:30,4025.0,10,4040.6,1148420,145453.0,164502.0,4100.0,4110.0,4012.0,4092.6,24835825,4501.8,3683.4,4440.0,3288.1,4024.7,1,1,4024.3,23,3,4024.2,14,2,4024.1,22,4,4024.0,783,27,4025.0,36,1,4025.6,7,3,4025.7,175,1,4025.9,3,1,4026.0,131,4
11483,2026-07-02 12:33:06+05:30,4025.0,8,4040.6,1148438,145454.0,164302.0,4100.0,4110.0,4012.0,4092.6,24835825,4501.8,3683.4,4440.0,3288.1,4024.7,1,1,4024.3,20,2,4024.2,14,2,4024.1,22,4,4024.0,783,27,4025.0,18,1,4025.6,7,3,4025.7,175,1,4026.0,134,5,4026.1,9,1
11483,2026-07-02 12:33:06+05:30,4024.7,2,4040.6,1148438,145454.0,164302.0,4100.0,4110.0,4012.0,4092.6,24835825,4501.8,3683.4,4440.0,3288.1,4024.7,1,1,4024.3,20,2,4024.2,14,2,4024.1,22,4,4024.0,783,27,4025.0,18,1,4025.6,7,3,4025.7,175,1,4026.0,134,5,4026.1,9,1
11483,2026-07-02 12:33:07+05:30,4025.0,16,4040.6,1148456,145457.0,164550.0,4100.0,4110.0,4012.0,4092.6,24835825,4501.8,3683.4,4440.0,3288.1,4024.4,28,4,4024.3,34,4,4024.2,14,2,4024.1,20,5,4024.0,757,26,4025.0,2,1,4025.6,2,2,4025.7,175,1,4026.0,105,3,4026.1,9,1
11483,2026-07-02 12:33:07+05:30,4024.4,2,4040.6,1148456,145457.0,164550.0,4100.0,4110.0,4012.0,4092.6,24835825,4501.8,3683.4,4440.0,3288.1,4024.4,28,4,4024.3,34,4,4024.2,14,2,4024.1,20,5,4024.0,757,26,4025.0,2,1,4025.6,2,2,4025.7,175,1,4026.0,105,3,4026.1,9,1
11483,2026-07-02 12:33:08+05:30,4024.4,2,4040.6,1148458,145417.0,164585.0,4100.0,4110.0,4012.0,4092.6,24835825,4501.8,3683.4,4440.0,3288.1,4024.4,23,3,4024.3,34,4,4024.2,14,2,4024.1,20,5,4024.0,757,26,4025.0,2,1,4025.6,2,2,4025.7,175,1,4026.0,122,4,4026.1,9,1
11483,2026-07-02 12:33:08+05:30,4024.4,1,4040.6,1148458,145417.0,164585.0,4100.0,4110.0,4012.0,4092.6,24835825,4501.8,3683.4,4440.0,3288.1,4024.4,23,3,4024.3,34,4,4024.2,14,2,4024.1,20,5,4024.0,757,26,4025.0,2,1,4025.6,2,2,4025.7,175,1,4026.0,122,4,4026.1,9,1
11483,2026-07-02 12:33:09+05:30,4024.9,2,4040.6,1148461,145424.0,164572.0,4100.0,4110.0,4012.0,4092.6,24835825,4501.8,3683.4,4440.0,3288.1,4024.4,7,1,4024.3,22,2,4024.2,28,3,4024.1,20,5,4024.0,757,26,4024.9,6,1,4025.0,2,1,4025.6,2,2,4025.7,183,2,4026.0,125,5
11483,2026-07-02 12:33:09+05:30,4024.9,2,4040.6,1148461,145424.0,164572.0,4100.0,4110.0,4012.0,4092.6,24835825,4501.8,3683.4,4440.0,3288.1,4024.4,7,1,4024.3,22,2,4024.2,28,3,4024.1,20,5,4024.0,757,26,4024.9,6,1,4025.0,2,1,4025.6,2,2,4025.7,183,2,4026.0,125,5
11483,2026-07-02 12:33:10+05:30,4024.9,2,4040.6,1148461,145439.0,164616.0,4100.0,4110.0,4012.0,4092.6,24835825,4501.8,3683.4,4440.0,3288.1,4024.4,21,2,4024.3,22,2,4024.2,14,2,4024.1,20,5,4024.0,757,26,4024.9,6,1,4025.0,2,1,4025.6,2,2,4025.7,183,2,4026.0,125,5
11483,2026-07-02 12:33:11+05:30,4024.4,1,4040.6,1148468,145398.0,164721.0,4100.0,4110.0,4012.0,4092.6,24835825,4501.8,3683.4,4440.0,3288.1,4024.4,13,1,4024.3,1,1,4024.2,11,1,4024.1,19,4,4024.0,757,26,4024.9,8,1,4025.0,2,1,4025.6,91,5,4025.7,183,2,4025.9,31,2
11483,2026-07-02 12:33:11+05:30,4024.4,1,4040.6,1148468,145398.0,164721.0,4100.0,4110.0,4012.0,4092.6,24835825,4501.8,3683.4,4440.0,3288.1,4024.4,13,1,4024.3,1,1,4024.2,11,1,4024.1,19,4,4024.0,757,26,4024.9,8,1,4025.0,2,1,4025.6,91,5,4025.7,183,2,4025.9,31,2
11483,2026-07-02 12:33:12+05:30,4024.9,3,4040.6,1148472,145373.0,164720.0,4100.0,4110.0,4012.0,4092.6,24835825,4501.8,3683.4,4440.0,3288.1,4024.6,1,1,4024.4,12,1,4024.3,1,1,4024.1,16,3,4024.0,757,26,4024.9,5,1,4025.0,2,1,4025.6,91,5,4025.7,183,2,4025.9,3,1
11483,2026-07-02 12:33:12+05:30,4024.9,3,4040.6,1148472,145373.0,164720.0,4100.0,4110.0,4012.0,4092.6,24835825,4501.8,3683.4,4440.0,3288.1,4024.6,1,1,4024.4,12,1,4024.3,1,1,4024.1,16,3,4024.0,757,26,4024.9,5,1,4025.0,2,1,4025.6,91,5,4025.7,183,2,4025.9,3,1
11483,2026-07-02 12:33:13+05:30,4024.9,3,4040.6,1148472,145373.0,164725.0,4100.0,4110.0,4012.0,4092.6,24835825,4501.8,3683.4,4440.0,3288.1,4024.6,1,1,4024.4,12,1,4024.3,1,1,4024.1,16,3,4024.0,757,26,4024.9,5,1,4025.0,2,1,4025.6,91,5,4025.7,183,2,4025.9,3,1
11483,2026-07-02 12:33:14+05:30,4024.9,3,4040.6,1148472,145354.0,164847.0,4100.0,4110.0,4012.0,4092.6,24835825,4501.8,3683.4,4440.0,3288.1,4024.6,1,1,4024.4,12,1,4024.1,4,2,4024.0,768,28,4023.9,38,1,4024.9,5,1,4025.0,2,1,4025.6,75,4,4025.7,183,2,4025.8,19,2
11483,2026-07-02 12:33:14+05:30,4024.9,20,4040.6,1148472,145354.0,164847.0,4100.0,4110.0,4012.0,4092.6,24835825,4501.8,3683.4,4440.0,3288.1,4024.6,1,1,4024.4,12,1,4024.1,4,2,4024.0,768,28,4023.9,38,1,4024.9,5,1,4025.0,2,1,4025.6,75,4,4025.7,183,2,4025.8,19,2
11483,2026-07-02 12:33:15+05:30,4024.6,2,4040.6,1148494,145352.0,164731.0,4100.0,4110.0,4012.0,4092.6,24835825,4501.8,3683.4,4440.0,3288.1,4024.6,1,1,4024.4,12,1,4024.1,4,2,4024.0,769,29,4023.9,38,1,4024.9,8,1,4025.6,75,4,4025.7,183,2,4025.8,19,2,4025.9,3,1
11483,2026-07-02 12:33:15+05:30,4024.9,3,4040.6,1148494,145352.0,164731.0,4100.0,4110.0,4012.0,4092.6,24835825,4501.8,3683.4,4440.0,3288.1,4024.6,1,1,4024.4,12,1,4024.1,4,2,4024.0,769,29,4023.9,38,1,4024.9,8,1,4025.6,75,4,4025.7,183,2,4025.8,19,2,4025.9,3,1
11483,2026-07-02 12:33:16+05:30,4024.9,3,4040.6,1148502,145235.0,164677.0,4100.0,4110.0,4012.0,4092.6,24835825,4501.8,3683.4,4440.0,3288.1,4024.4,12,1,4024.1,4,2,4024.0,795,30,4023.9,38,1,4023.7,52,3,4024.9,3,1,4025.6,75,4,4025.7,183,2,4025.8,19,2,4026.0,166,7
11483,2026-07-02 12:33:16+05:30,4024.4,1,4040.6,1148502,145235.0,164677.0,4100.0,4110.0,4012.0,4092.6,24835825,4501.8,3683.4,4440.0,3288.1,4024.4,12,1,4024.1,4,2,4024.0,795,30,4023.9,38,1,4023.7,52,3,4024.9,3,1,4025.6,75,4,4025.7,183,2,4025.8,19,2,4026.0,166,7
11483,2026-07-02 12:33:17+05:30,4024.9,2,4040.6,1148505,145269.0,164631.0,4100.0,4110.0,4012.0,4092.6,24835825,4501.8,3683.4,4440.0,3288.1,4024.4,11,1,4024.1,4,2,4024.0,808,31,4023.9,38,1,4023.7,38,2,4024.9,1,1,4025.6,27,3,4025.7,183,2,4025.8,27,3,4026.0,163,6
11483,2026-07-02 12:33:17+05:30,4024.9,2,4040.6,1148505,145269.0,164631.0,4100.0,4110.0,4012.0,4092.6,24835825,4501.8,3683.4,4440.0,3288.1,4024.4,11,1,4024.1,4,2,4024.0,808,31,4023.9,38,1,4023.7,38,2,4024.9,1,1,4025.6,27,3,4025.7,183,2,4025.8,27,3,4026.0,163,6
11483,2026-07-02 12:33:18+05:30,4024.9,2,4040.6,1148505,145278.0,164612.0,4100.0,4110.0,4012.0,4092.6,24835825,4501.8,3683.4,4440.0,3288.1,4024.4,27,3,4024.3,13,1,4024.1,15,3,4024.0,795,30,4023.9,51,2,4024.9,1,1,4025.6,27,3,4025.7,183,2,4025.8,13,2,4026.0,163,6
11483,2026-07-02 12:33:18+05:30,4024.9,30,4040.6,1148505,145278.0,164612.0,4100.0,4110.0,4012.0,4092.6,24835825,4501.8,3683.4,4440.0,3288.1,4024.4,27,3,4024.3,13,1,4024.1,15,3,4024.0,795,30,4023.9,51,2,4024.9,1,1,4025.6,27,3,4025.7,183,2,4025.8,13,2,4026.0,163,6
11483,2026-07-02 12:33:19+05:30,4024.4,1,4040.6,1148538,145216.0,164568.0,4100.0,4110.0,4012.0,4092.6,24835825,4501.8,3683.4,4440.0,3288.1,4024.4,26,3,4024.3,14,2,4024.2,8,1,4024.1,4,2,4024.0,786,30,4024.8,1,1,4024.9,8,1,4025.0,175,1,4025.6,1,1,4025.7,8,1
11483,2026-07-02 12:33:19+05:30,4024.4,4,4040.6,1148538,145216.0,164568.0,4100.0,4110.0,4012.0,4092.6,24835825,4501.8,3683.4,4440.0,3288.1,4024.4,26,3,4024.3,14,2,4024.2,8,1,4024.1,4,2,4024.0,786,30,4024.8,1,1,4024.9,8,1,4025.0,175,1,4025.6,1,1,4025.7,8,1
11483,2026-07-02 12:33:20+05:30,4024.4,4,4040.6,1148542,145321.0,164577.0,4100.0,4110.0,4012.0,4092.6,24835825,4501.8,3683.4,4440.0,3288.1,4024.5,4,1,4024.4,22,3,4024.3,14,2,4024.2,8,1,4024.1,13,3,4024.8,1,1,4024.9,8,1,4025.0,175,1,4025.6,17,2,4025.7,8,1
11483,2026-07-02 12:33:20+05:30,4024.5,1,4040.6,1148542,145321.0,164577.0,4100.0,4110.0,4012.0,4092.6,24835825,4501.8,3683.4,4440.0,3288.1,4024.5,4,1,4024.4,22,3,4024.3,14,2,4024.2,8,1,4024.1,13,3,4024.8,1,1,4024.9,8,1,4025.0,175,1,4025.6,17,2,4025.7,8,1
11483,2026-07-02 12:33:21+05:30,4024.5,1,4040.6,1148543,145282.0,164591.0,4100.0,4110.0,4012.0,4092.6,24835825,4501.8,3683.4,4440.0,3288.1,4024.5,3,1,4024.4,23,4,4024.3,14,2,4024.2,8,1,4024.1,13,3,4024.8,1,1,4024.9,8,1,4025.0,175,1,4025.6,17,2,4025.7,13,2
11483,2026-07-02 12:33:21+05:30,4024.8,5,4040.6,1148543,145282.0,164591.0,4100.0,4110.0,4012.0,4092.6,24835825,4501.8,3683.4,4440.0,3288.1,4024.5,3,1,4024.4,23,4,4024.3,14,2,4024.2,8,1,4024.1,13,3,4024.8,1,1,4024.9,8,1,4025.0,175,1,4025.6,17,2,4025.7,13,2
11483,2026-07-02 12:33:22+05:30,4024.8,5,4040.6,1148548,145263.0,164558.0,4100.0,4110.0,4012.0,4092.6,24835825,4501.8,3683.4,4440.0,3288.1,4024.6,1,1,4024.5,7,2,4024.4,15,3,4024.3,14,2,4024.2,8,1,4024.8,1,1,4024.9,8,1,4025.0,175,1,4025.6,17,2,4025.7,13,2
11483,2026-07-02 12:33:23+05:30,4024.8,5,4040.6,1148548,145268.0,164560.0,4100.0,4110.0,4012.0,4092.6,24835825,4501.8,3683.4,4440.0,3288.1,4024.6,1,1,4024.5,7,2,4024.4,15,3,4024.3,14,2,4024.2,8,1,4024.8,1,1,4024.9,8,1,4025.0,183,2,4025.6,17,2,4025.7,13,2
11483,2026-07-02 12:33:24+05:30,4024.8,1,4040.6,1148549,145277.0,164566.0,4100.0,4110.0,4012.0,4092.6,24835825,4501.8,3683.4,4440.0,3288.1,4024.6,14,3,4024.5,7,2,4024.4,7,2,4024.3,14,2,4024.2,8,1,4024.8,1,1,4024.9,8,1,4025.0,183,2,4025.6,17,2,4025.7,13,2
11483,2026-07-02 12:33:24+05:30,4024.8,1,4040.6,1148549,145277.0,164566.0,4100.0,4110.0,4012.0,4092.6,24835825,4501.8,3683.4,4440.0,3288.1,4024.6,14,3,4024.5,7,2,4024.4,7,2,4024.3,14,2,4024.2,8,1,4024.8,1,1,4024.9,8,1,4025.0,183,2,4025.6,17,2,4025.7,13,2
11483,2026-07-02 12:33:25+05:30,4024.8,1,4040.6,1148550,145285.0,164572.0,4100.0,4110.0,4012.0,4092.6,24835825,4501.8,3683.4,4440.0,3288.1,4024.6,14,3,4024.5,5,2,4024.4,7,2,4024.3,14,2,4024.2,8,1,4024.8,1,1,4024.9,8,1,4025.0,183,2,4025.6,17,2,4025.7,13,2
11483,2026-07-02 12:33:25+05:30,4024.6,1,4040.6,1148550,145285.0,164572.0,4100.0,4110.0,4012.0,4092.6,24835825,4501.8,3683.4,4440.0,3288.1,4024.6,14,3,4024.5,5,2,4024.4,7,2,4024.3,14,2,4024.2,8,1,4024.8,1,1,4024.9,8,1,4025.0,183,2,4025.6,17,2,4025.7,13,2
11483,2026-07-02 12:33:26+05:30,4024.8,1,4040.6,1148552,145343.0,164563.0,4100.0,4110.0,4012.0,4092.6,24835825,4501.8,3683.4,4440.0,3288.1,4024.8,1,1,4024.6,14,3,4024.5,5,2,4024.4,7,2,4024.3,14,2,4024.9,8,1,4025.0,183,2,4025.6,17,2,4025.7,13,2,4025.9,1,1
11483,2026-07-02 12:33:26+05:30,4024.8,1,4040.6,1148552,145343.0,164563.0,4100.0,4110.0,4012.0,4092.6,24835825,4501.8,3683.4,4440.0,3288.1,4024.8,1,1,4024.6,14,3,4024.5,5,2,4024.4,7,2,4024.3,14,2,4024.9,8,1,4025.0,183,2,4025.6,17,2,4025.7,13,2,4025.9,1,1
11483,2026-07-02 12:33:27+05:30,4024.8,6,4040.6,1148561,145344.0,164550.0,4100.0,4110.0,4012.0,4092.6,24835825,4501.8,3683.4,4440.0,3288.1,4024.6,16,3,4024.5,5,2,4024.4,7,2,4024.3,14,2,4024.1,13,3,4024.8,4,1,4024.9,5,1,4025.0,183,2,4025.6,17,2,4025.7,13,2
11483,2026-07-02 12:33:27+05:30,4024.6,1,4040.6,1148561,145344.0,164550.0,4100.0,4110.0,4012.0,4092.6,24835825,4501.8,3683.4,4440.0,3288.1,4024.6,16,3,4024.5,5,2,4024.4,7,2,4024.3,14,2,4024.1,13,3,4024.8,4,1,4024.9,5,1,4025.0,183,2,4025.6,17,2,4025.7,13,2
11483,2026-07-02 12:33:28+05:30,4024.6,1,4040.6,1148562,145340.0,164556.0,4100.0,4110.0,4012.0,4092.6,24835825,4501.8,3683.4,4440.0,3288.1,4024.6,23,4,4024.5,5,2,4024.4,12,3,4024.3,1,1,4024.2,17,1,4024.8,4,1,4024.9,5,1,4025.0,183,2,4025.6,17,2,4025.7,13,2
11483,2026-07-02 12:33:28+05:30,4024.8,2,4040.6,1148562,145340.0,164556.0,4100.0,4110.0,4012.0,4092.6,24835825,4501.8,3683.4,4440.0,3288.1,4024.6,23,4,4024.5,5,2,4024.4,12,3,4024.3,1,1,4024.2,17,1,4024.8,4,1,4024.9,5,1,4025.0,183,2,4025.6,17,2,4025.7,13,2
11483,2026-07-02 12:33:29+05:30,4024.8,2,4040.6,1148571,145386.0,164475.0,4100.0,4110.0,4012.0,4092.6,24835825,4501.8,3683.4,4440.0,3288.1,4024.6,23,4,4024.5,5,2,4024.4,12,3,4024.3,1,1,4024.2,17,1,4024.8,4,1,4025.0,183,2,4025.6,17,2,4025.7,13,2,4025.9,1,1
11483,2026-07-02 12:33:29+05:30,4024.6,1,4040.6,1148571,145386.0,164475.0,4100.0,4110.0,4012.0,4092.6,24835825,4501.8,3683.4,4440.0,3288.1,4024.6,23,4,4024.5,5,2,4024.4,12,3,4024.3,1,1,4024.2,17,1,4024.8,4,1,4025.0,183,2,4025.6,17,2,4025.7,13,2,4025.9,1,1
11483,2026-07-02 12:33:30+05:30,4024.8,1,4040.6,1148577,145410.0,164496.0,4100.0,4110.0,4012.0,4092.6,24835825,4501.8,3683.4,4440.0,3288.1,4024.6,22,4,4024.5,5,2,4024.4,7,2,4024.3,1,1,4024.2,17,1,4024.8,4,1,4025.0,183,2,4025.6,17,2,4025.7,5,1,4025.9,1,1
11483,2026-07-02 12:33:30+05:30,4024.8,3,4040.6,1148577,145410.0,164496.0,4100.0,4110.0,4012.0,4092.6,24835825,4501.8,3683.4,4440.0,3288.1,4024.6,22,4,4024.5,5,2,4024.4,7,2,4024.3,1,1,4024.2,17,1,4024.8,4,1,4025.0,183,2,4025.6,17,2,4025.7,5,1,4025.9,1,1
11483,2026-07-02 12:33:31+05:30,4024.8,3,4040.59,1148584,145378.0,164476.0,4100.0,4110.0,4012.0,4092.6,24835825,4501.8,3683.4,4440.0,3288.1,4024.6,21,4,4024.5,5,2,4024.4,7,2,4024.3,8,2,4024.2,17,1,4024.8,4,1,4025.0,183,2,4025.6,17,2,4025.7,5,1,4025.9,1,1
11483,2026-07-02 12:33:31+05:30,4024.6,1,4040.59,1148584,145378.0,164476.0,4100.0,4110.0,4012.0,4092.6,24835825,4501.8,3683.4,4440.0,3288.1,4024.6,21,4,4024.5,5,2,4024.4,7,2,4024.3,8,2,4024.2,17,1,4024.8,4,1,4025.0,183,2,4025.6,17,2,4025.7,5,1,4025.9,1,1
11483,2026-07-02 12:33:32+05:30,4024.6,1,4040.59,1148585,145430.0,164495.0,4100.0,4110.0,4012.0,4092.6,24835825,4501.8,3683.4,4440.0,3288.1,4024.7,1,1,4024.6,5,2,4024.5,5,2,4024.4,7,2,4024.3,1,1,4024.8,6,3,4025.0,183,2,4025.6,17,2,4025.8,5,1,4025.9,1,1
11483,2026-07-02 12:33:33+05:30,4024.6,1,4040.59,1148585,145467.0,164533.0,4100.0,4110.0,4012.0,4092.6,24835825,4501.8,3683.4,4440.0,3288.1,4024.7,1,1,4024.6,2,1,4024.5,5,2,4024.4,7,2,4024.2,17,1,4024.8,6,3,4025.0,183,2,4025.6,17,2,4025.8,5,1,4025.9,1,1
11483,2026-07-02 12:33:33+05:30,4024.8,2,4040.59,1148585,145467.0,164533.0,4100.0,4110.0,4012.0,4092.6,24835825,4501.8,3683.4,4440.0,3288.1,4024.7,1,1,4024.6,2,1,4024.5,5,2,4024.4,7,2,4024.2,17,1,4024.8,6,3,4025.0,183,2,4025.6,17,2,4025.8,5,1,4025.9,1,1
11483,2026-07-02 12:33:34+05:30,4024.8,11,4040.59,1148602,145475.0,164420.0,4100.0,4110.0,4012.0,4092.6,24835825,4501.8,3683.4,4440.0,3288.1,4024.8,2,1,4024.7,1,1,4024.6,2,1,4024.5,5,2,4024.4,7,2,4025.0,183,2,4025.6,17,2,4025.8,5,1,4025.9,1,1,4026.0,126,2
11483,2026-07-02 12:33:34+05:30,4025.0,1,4040.59,1148602,145475.0,164420.0,4100.0,4110.0,4012.0,4092.6,24835825,4501.8,3683.4,4440.0,3288.1,4024.8,2,1,4024.7,1,1,4024.6,2,1,4024.5,5,2,4024.4,7,2,4025.0,183,2,4025.6,17,2,4025.8,5,1,4025.9,1,1,4026.0,126,2
11483,2026-07-02 12:33:35+05:30,4025.0,1,4040.59,1148605,145570.0,164658.0,4100.0,4110.0,4012.0,4092.6,24835825,4501.8,3683.4,4440.0,3288.1,4024.9,1,1,4024.8,1,1,4024.7,1,1,4024.6,2,1,4024.5,5,2,4025.0,8,1,4025.5,15,1,4025.6,84,3,4025.8,72,2,4025.9,20,2
11483,2026-07-02 12:33:36+05:30,4025.0,1,4040.59,1148605,145528.0,164632.0,4100.0,4110.0,4012.0,4092.6,24835825,4501.8,3683.4,4440.0,3288.1,4024.9,1,1,4024.8,1,1,4024.7,1,1,4024.6,2,1,4024.5,5,2,4025.0,8,1,4025.5,15,1,4025.6,84,3,4025.8,72,2,4025.9,20,2
11483,2026-07-02 12:33:37+05:30,4025.5,2,4040.59,1148608,145658.0,164304.0,4100.0,4110.0,4012.0,4092.6,24835825,4501.8,3683.4,4440.0,3288.1,4025.1,1,1,4025.0,1,1,4024.9,2,1,4024.6,2,1,4024.5,5,2,4025.5,14,2,4025.6,84,3,4025.8,72,2,4025.9,41,3,4026.0,146,4
11483,2026-07-02 12:33:37+05:30,4025.1,1,4040.59,1148608,145658.0,164304.0,4100.0,4110.0,4012.0,4092.6,24835825,4501.8,3683.4,4440.0,3288.1,4025.1,1,1,4025.0,1,1,4024.9,2,1,4024.6,2,1,4024.5,5,2,4025.5,14,2,4025.6,84,3,4025.8,72,2,4025.9,41,3,4026.0,146,4
11483,2026-07-02 12:33:38+05:30,4025.1,1,4040.59,1148609,145612.0,164485.0,4100.0,4110.0,4012.0,4092.6,24835825,4501.8,3683.4,4440.0,3288.1,4025.0,1,1,4024.9,2,1,4024.6,2,1,4024.5,5,2,4024.4,7,2,4025.5,14,2,4025.6,84,3,4025.7,175,1,4025.8,72,2,4025.9,44,4
11483,2026-07-02 12:33:39+05:30,4025.5,1,4040.59,1148610,145616.0,164169.0,4100.0,4110.0,4012.0,4092.6,24835825,4501.8,3683.4,4440.0,3288.1,4025.0,26,2,4024.9,2,1,4024.6,2,1,4024.5,5,2,4024.4,7,2,4025.5,13,2,4025.6,84,3,4025.7,175,1,4025.8,72,2,4025.9,20,2
11483,2026-07-02 12:33:39+05:30,4025.5,1,4040.59,1148610,145616.0,164169.0,4100.0,4110.0,4012.0,4092.6,24835825,4501.8,3683.4,4440.0,3288.1,4025.0,26,2,4024.9,2,1,4024.6,2,1,4024.5,5,2,4024.4,7,2,4025.5,13,2,4025.6,84,3,4025.7,175,1,4025.8,72,2,4025.9,20,2
11483,2026-07-02 12:33:40+05:30,4025.5,2,4040.59,1148613,145610.0,164218.0,4100.0,4110.0,4012.0,4092.6,24835825,4501.8,3683.4,4440.0,3288.1,4025.0,25,1,4024.9,2,1,4024.6,2,1,4024.5,5,2,4024.4,7,2,4025.5,10,2,4025.6,84,3,4025.7,175,1,4025.8,67,1,4025.9,20,2
11483,2026-07-02 12:33:40+05:30,4025.5,1,4040.59,1148613,145610.0,164218.0,4100.0,4110.0,4012.0,4092.6,24835825,4501.8,3683.4,4440.0,3288.1,4025.0,25,1,4024.9,2,1,4024.6,2,1,4024.5,5,2,4024.4,7,2,4025.5,10,2,4025.6,84,3,4025.7,175,1,4025.8,67,1,4025.9,20,2
11483,2026-07-02 12:33:41+05:30,4025.5,1,4040.59,1148616,145767.0,164156.0,4100.0,4110.0,4012.0,4092.6,24835825,4501.8,3683.4,4440.0,3288.1,4025.0,25,1,4024.9,2,1,4024.7,2,1,4024.6,2,1,4024.5,6,3,4025.5,7,2,4025.6,84,3,4025.7,175,1,4025.8,67,1,4025.9,20,2
11483,2026-07-02 12:33:41+05:30,4025.0,1,4040.59,1148616,145767.0,164156.0,4100.0,4110.0,4012.0,4092.6,24835825,4501.8,3683.4,4440.0,3288.1,4025.0,25,1,4024.9,2,1,4024.7,2,1,4024.6,2,1,4024.5,6,3,4025.5,7,2,4025.6,84,3,4025.7,175,1,4025.8,67,1,4025.9,20,2
11483,2026-07-02 12:33:42+05:30,4025.0,1,4040.59,1148617,145799.0,164144.0,4100.0,4110.0,4012.0,4092.6,24835825,4501.8,3683.4,4440.0,3288.1,4025.2,1,1,4025.0,24,1,4024.9,2,1,4024.6,2,1,4024.5,6,3,4025.5,7,2,4025.6,84,3,4025.7,175,1,4025.8,67,1,4025.9,20,2
11483,2026-07-02 12:33:43+05:30,4025.0,1,4040.59,1148617,145788.0,164319.0,4100.0,4110.0,4012.0,4092.6,24835825,4501.8,3683.4,4440.0,3288.1,4025.2,1,1,4025.1,2,1,4025.0,24,1,4024.6,2,1,4024.5,6,3,4025.4,175,1,4025.5,7,2,4025.6,84,3,4025.7,175,1,4025.8,67,1
11483,2026-07-02 12:33:43+05:30,4025.4,1,4040.59,1148617,145788.0,164319.0,4100.0,4110.0,4012.0,4092.6,24835825,4501.8,3683.4,4440.0,3288.1,4025.2,1,1,4025.1,2,1,4025.0,24,1,4024.6,2,1,4024.5,6,3,4025.4,175,1,4025.5,7,2,4025.6,84,3,4025.7,175,1,4025.8,67,1
11483,2026-07-02 12:33:44+05:30,4025.4,1,4040.59,1148619,145790.0,164340.0,4100.0,4110.0,4012.0,4092.6,24835825,4501.8,3683.4,4440.0,3288.1,4025.2,1,1,4025.1,2,1,4025.0,24,1,4024.6,2,1,4024.5,3,1,4025.4,181,2,4025.5,7,2,4025.6,84,3,4025.7,175,1,4025.8,67,1
11483,2026-07-02 12:33:45+05:30,4024.9,2,4040.59,1148665,145468.0,165119.0,4100.0,4110.0,4012.0,4092.6,24835825,4501.8,3683.4,4440.0,3288.1,4024.6,2,1,4024.5,3,1,4024.4,7,2,4024.1,22,4,4024.0,766,30,4024.9,131,1,4025.0,175,1,4025.3,12,1,4025.4,183,2,4025.5,7,2
11483,2026-07-02 12:33:45+05:30,4024.8,4,4040.59,1148665,145468.0,165119.0,4100.0,4110.0,4012.0,4092.6,24835825,4501.8,3683.4,4440.0,3288.1,4024.6,2,1,4024.5,3,1,4024.4,7,2,4024.1,22,4,4024.0,766,30,4024.9,131,1,4025.0,175,1,4025.3,12,1,4025.4,183,2,4025.5,7,2
11483,2026-07-02 12:33:46+05:30,4024.7,7,4040.59,1148684,145442.0,165099.0,4100.0,4110.0,4012.0,4092.6,24835825,4501.8,3683.4,4440.0,3288.1,4024.6,6,1,4024.5,3,1,4024.4,7,2,4024.1,19,3,4024.0,766,30,4024.7,164,1,4024.9,128,1,4025.0,175,1,4025.3,12,1,4025.4,8,1
11483,2026-07-02 12:33:46+05:30,4024.6,3,4040.59,1148684,145442.0,165099.0,4100.0,4110.0,4012.0,4092.6,24835825,4501.8,3683.4,4440.0,3288.1,4024.6,6,1,4024.5,3,1,4024.4,7,2,4024.1,19,3,4024.0,766,30,4024.7,164,1,4024.9,128,1,4025.0,175,1,4025.3,12,1,4025.4,8,1
11483,2026-07-02 12:33:47+05:30,4024.9,1,4040.59,1148688,151313.0,164942.0,4100.0,4110.0,4012.0,4092.6,24835825,4501.8,3683.4,4440.0,3288.1,4024.7,12,2,4024.6,3,1,4024.5,3,1,4024.4,7,2,4024.1,19,3,4024.9,133,2,4025.0,175,1,4025.4,20,2,4025.5,7,2,4025.6,125,6
11483,2026-07-02 12:33:47+05:30,4024.9,10,4040.59,1148688,151313.0,164942.0,4100.0,4110.0,4012.0,4092.6,24835825,4501.8,3683.4,4440.0,3288.1,4024.7,12,2,4024.6,3,1,4024.5,3,1,4024.4,7,2,4024.1,19,3,4024.9,133,2,4025.0,175,1,4025.4,20,2,4025.5,7,2,4025.6,125,6
11483,2026-07-02 12:33:48+05:30,4024.9,10,4040.59,1148698,151313.0,164933.0,4100.0,4110.0,4012.0,4092.6,24835825,4501.8,3683.4,4440.0,3288.1,4024.7,12,2,4024.6,3,1,4024.5,3,1,4024.4,7,2,4024.1,19,3,4024.9,123,2,4025.0,175,1,4025.4,20,2,4025.5,7,2,4025.6,125,6
11483,2026-07-02 12:33:48+05:30,4024.7,1,4040.59,1148698,151313.0,164933.0,4100.0,4110.0,4012.0,4092.6,24835825,4501.8,3683.4,4440.0,3288.1,4024.7,12,2,4024.6,3,1,4024.5,3,1,4024.4,7,2,4024.1,19,3,4024.9,123,2,4025.0,175,1,4025.4,20,2,4025.5,7,2,4025.6,125,6
11483,2026-07-02 12:33:49+05:30,4024.7,1,4040.59,1148699,151320.0,164941.0,4100.0,4110.0,4012.0,4092.6,24835825,4501.8,3683.4,4440.0,3288.1,4024.7,11,2,4024.6,3,1,4024.5,3,1,4024.4,7,2,4024.1,19,3,4024.9,124,3,4025.0,175,1,4025.4,20,2,4025.5,7,2,4025.6,125,6
11483,2026-07-02 12:33:49+05:30,4024.7,15,4040.59,1148699,151320.0,164941.0,4100.0,4110.0,4012.0,4092.6,24835825,4501.8,3683.4,4440.0,3288.1,4024.7,11,2,4024.6,3,1,4024.5,3,1,4024.4,7,2,4024.1,19,3,4024.9,124,3,4025.0,175,1,4025.4,20,2,4025.5,7,2,4025.6,125,6
11483,2026-07-02 12:33:50+05:30,4024.7,22,4040.59,1148748,151297.0,165085.0,4100.0,4110.0,4012.0,4092.6,24835825,4501.8,3683.4,4440.0,3288.1,4024.6,3,1,4024.5,3,1,4024.4,7,2,4024.1,20,4,4024.0,766,30,4024.7,136,1,4024.9,114,3,4025.0,175,1,4025.4,20,2,4025.5,10,3
11483,2026-07-02 12:33:50+05:30,4024.9,10,4040.59,1148748,151297.0,165085.0,4100.0,4110.0,4012.0,4092.6,24835825,4501.8,3683.4,4440.0,3288.1,4024.6,3,1,4024.5,3,1,4024.4,7,2,4024.1,20,4,4024.0,766,30,4024.7,136,1,4024.9,114,3,4025.0,175,1,4025.4,20,2,4025.5,10,3
11483,2026-07-02 12:33:51+05:30,4024.9,10,4040.59,1148781,151378.0,164924.0,4100.0,4110.0,4012.0,4092.6,24835825,4501.8,3683.4,4440.0,3288.1,4024.7,22,1,4024.6,6,1,4024.5,3,1,4024.4,7,2,4024.1,20,4,4024.9,104,3,4025.0,175,1,4025.4,8,1,4025.5,7,2,4025.6,112,4
11483,2026-07-02 12:33:51+05:30,4024.7,4,4040.59,1148781,151378.0,164924.0,4100.0,4110.0,4012.0,4092.6,24835825,4501.8,3683.4,4440.0,3288.1,4024.7,22,1,4024.6,6,1,4024.5,3,1,4024.4,7,2,4024.1,20,4,4024.9,104,3,4025.0,175,1,4025.4,8,1,4025.5,7,2,4025.6,112,4
11483,2026-07-02 12:33:52+05:30,4024.9,1,4040.59,1148800,151392.0,164917.0,4100.0,4110.0,4012.0,4092.6,24835825,4501.8,3683.4,4440.0,3288.1,4024.7,7,1,4024.6,6,1,4024.5,3,1,4024.4,9,4,4024.1,19,3,4024.9,103,3,4025.0,175,1,4025.4,8,1,4025.5,7,2,4025.6,109,3
11483,2026-07-02 12:33:52+05:30,4024.7,3,4040.59,1148800,151392.0,164917.0,4100.0,4110.0,4012.0,4092.6,24835825,4501.8,3683.4,4440.0,3288.1,4024.7,7,1,4024.6,6,1,4024.5,3,1,4024.4,9,4,4024.1,19,3,4024.9,103,3,4025.0,175,1,4025.4,8,1,4025.5,7,2,4025.6,109,3
11483,2026-07-02 12:33:53+05:30,4024.9,4,4040.59,1148807,151367.0,165090.0,4100.0,4110.0,4012.0,4092.6,24835825,4501.8,3683.4,4440.0,3288.1,4024.6,6,1,4024.5,3,1,4024.4,9,4,4024.1,19,3,4024.0,767,30,4024.7,175,1,4024.9,99,3,4025.0,175,1,4025.4,8,1,4025.5,16,4
11483,2026-07-02 12:33:53+05:30,4024.9,4,4040.59,1148807,151367.0,165090.0,4100.0,4110.0,4012.0,4092.6,24835825,4501.8,3683.4,4440.0,3288.1,4024.6,6,1,4024.5,3,1,4024.4,9,4,4024.1,19,3,4024.0,767,30,4024.7,175,1,4024.9,99,3,4025.0,175,1,4025.4,8,1,4025.5,16,4
11483,2026-07-02 12:33:54+05:30,4024.7,29,4040.59,1148860,149763.0,164971.0,4100.0,4110.0,4012.0,4092.6,24835825,4501.8,3683.4,4440.0,3288.1,4024.6,6,1,4024.5,3,1,4024.4,9,4,4024.1,19,3,4024.0,767,30,4024.7,122,1,4024.9,99,3,4025.0,175,1,4025.4,8,1,4025.5,7,2
11483,2026-07-02 12:33:54+05:30,4024.6,7,4040.59,1148860,149763.0,164971.0,4100.0,4110.0,4012.0,4092.6,24835825,4501.8,3683.4,4440.0,3288.1,4024.6,6,1,4024.5,3,1,4024.4,9,4,4024.1,19,3,4024.0,767,30,4024.7,122,1,4024.9,99,3,4025.0,175,1,4025.4,8,1,4025.5,7,2
11483,2026-07-02 12:33:55+05:30,4024.6,7,4040.59,1148867,151353.0,164853.0,4100.0,4110.0,4012.0,4092.6,24835825,4501.8,3683.4,4440.0,3288.1,4024.7,53,1,4024.6,6,1,4024.5,3,1,4024.4,3,3,4024.1,19,3,4024.9,99,3,4025.0,175,1,4025.4,8,1,4025.5,7,2,4025.6,88,3
11483,2026-07-02 12:33:56+05:30,4024.6,7,4040.59,1148867,151353.0,164853.0,4100.0,4110.0,4012.0,4092.6,24835825,4501.8,3683.4,4440.0,3288.1,4024.7,53,1,4024.6,6,1,4024.5,3,1,4024.4,3,3,4024.1,19,3,4024.9,99,3,4025.0,175,1,4025.4,8,1,4025.5,7,2,4025.6,88,3
11483,2026-07-02 12:33:56+05:30,4024.9,2,4040.59,1148867,151353.0,164853.0,4100.0,4110.0,4012.0,4092.6,24835825,4501.8,3683.4,4440.0,3288.1,4024.7,53,1,4024.6,6,1,4024.5,3,1,4024.4,3,3,4024.1,19,3,4024.9,99,3,4025.0,175,1,4025.4,8,1,4025.5,7,2,4025.6,88,3
11483,2026-07-02 12:33:57+05:30,4024.9,2,4040.59,1148867,151353.0,164853.0,4100.0,4110.0,4012.0,4092.6,24835825,4501.8,3683.4,4440.0,3288.1,4024.7,53,1,4024.6,6,1,4024.5,3,1,4024.4,3,3,4024.1,19,3,4024.9,99,3,4025.0,175,1,4025.4,8,1,4025.5,7,2,4025.6,88,3
11483,2026-07-02 12:33:57+05:30,4024.9,2,4040.59,1148875,151403.0,164876.0,4100.0,4110.0,4012.0,4092.6,24835825,4501.8,3683.4,4440.0,3288.1,4024.7,54,2,4024.6,6,1,4024.5,3,1,4024.4,1,1,4024.1,19,3,4024.9,92,3,4025.0,175,1,4025.4,8,1,4025.5,7,2,4025.6,88,3
11483,2026-07-02 12:33:57+05:30,4024.9,2,4040.59,1148875,151403.0,164876.0,4100.0,4110.0,4012.0,4092.6,24835825,4501.8,3683.4,4440.0,3288.1,4024.7,54,2,4024.6,6,1,4024.5,3,1,4024.4,1,1,4024.1,19,3,4024.9,92,3,4025.0,175,1,4025.4,8,1,4025.5,7,2,4025.6,88,3
11483,2026-07-02 12:33:57+05:30,4024.7,1,4040.59,1148875,151403.0,164876.0,4100.0,4110.0,4012.0,4092.6,24835825,4501.8,3683.4,4440.0,3288.1,4024.7,54,2,4024.6,6,1,4024.5,3,1,4024.4,1,1,4024.1,19,3,4024.9,92,3,4025.0,175,1,4025.4,8,1,4025.5,7,2,4025.6,88,3
11483,2026-07-02 12:33:58+05:30,4024.7,1,4040.59,1148875,151403.0,164876.0,4100.0,4110.0,4012.0,4092.6,24835825,4501.8,3683.4,4440.0,3288.1,4024.7,53,2,4024.6,11,2,4024.5,3,1,4024.4,1,1,4024.1,19,3,4024.9,96,4,4025.0,175,1,4025.4,8,1,4025.5,7,2,4025.6,88,3
11483,2026-07-02 12:33:58+05:30,4024.7,1,4040.59,1148876,151406.0,164885.0,4100.0,4110.0,4012.0,4092.6,24835825,4501.8,3683.4,4440.0,3288.1,4024.7,53,2,4024.6,11,2,4024.5,3,1,4024.4,1,1,4024.1,19,3,4024.9,96,4,4025.0,175,1,4025.4,8,1,4025.5,7,2,4025.6,88,3
11483,2026-07-02 12:33:58+05:30,4024.7,1,4040.59,1148876,151406.0,164885.0,4100.0,4110.0,4012.0,4092.6,24835825,4501.8,3683.4,4440.0,3288.1,4024.7,53,2,4024.6,11,2,4024.5,3,1,4024.4,1,1,4024.1,19,3,4024.9,96,4,4025.0,175,1,4025.4,8,1,4025.5,7,2,4025.6,88,3
11483,2026-07-02 12:33:58+05:30,4024.7,7,4040.59,1148876,151406.0,164885.0,4100.0,4110.0,4012.0,4092.6,24835825,4501.8,3683.4,4440.0,3288.1,4024.7,53,2,4024.6,11,2,4024.5,3,1,4024.4,1,1,4024.1,19,3,4024.9,96,4,4025.0,175,1,4025.4,8,1,4025.5,7,2,4025.6,88,3
11483,2026-07-02 12:33:58+05:30,4024.7,7,4040.59,1149133,150794.0,165147.0,4100.0,4110.0,4012.0,4092.6,24835825,4501.8,3683.4,4440.0,3288.1,4024.0,649,34,4023.9,38,1,4023.6,37,2,4023.5,36,3,4023.4,27,1,4024.7,144,1,4024.9,45,4,4025.0,175,1,4025.4,8,1,4025.5,42,4
11483,2026-07-02 12:33:59+05:30,4024.7,7,4040.59,1149133,150794.0,165147.0,4100.0,4110.0,4012.0,4092.6,24835825,4501.8,3683.4,4440.0,3288.1,4024.0,649,34,4023.9,38,1,4023.6,37,2,4023.5,36,3,4023.4,27,1,4024.7,144,1,4024.9,45,4,4025.0,175,1,4025.4,8,1,4025.5,42,4
11483,2026-07-02 12:33:59+05:30,4024.0,13,4040.59,1149133,150794.0,165147.0,4100.0,4110.0,4012.0,4092.6,24835825,4501.8,3683.4,4440.0,3288.1,4024.0,649,34,4023.9,38,1,4023.6,37,2,4023.5,36,3,4023.4,27,1,4024.7,144,1,4024.9,45,4,4025.0,175,1,4025.4,8,1,4025.5,42,4
11483,2026-07-02 12:34:00+05:30,4024.0,13,4040.59,1149164,151133.0,164863.0,4100.0,4110.0,4012.0,4092.6,24835825,4501.8,3683.4,4440.0,3288.1,4024.8,31,1,4024.7,1,1,4024.1,13,3,4024.0,631,31,4023.9,44,2,4024.9,45,4,4025.0,175,1,4025.4,8,1,4025.5,7,2,4025.6,88,3
11483,2026-07-02 12:34:00+05:30,4024.0,13,4040.59,1149164,151133.0,164863.0,4100.0,4110.0,4012.0,4092.6,24839850,4501.8,3683.4,4440.0,3288.1,4024.8,31,1,4024.7,1,1,4024.1,13,3,4024.0,631,31,4023.9,44,2,4024.9,45,4,4025.0,175,1,4025.4,8,1,4025.5,7,2,4025.6,88,3
11483,2026-07-02 12:34:00+05:30,4024.1,1,4040.59,1149164,151133.0,164863.0,4100.0,4110.0,4012.0,4092.6,24839850,4501.8,3683.4,4440.0,3288.1,4024.8,31,1,4024.7,1,1,4024.1,13,3,4024.0,631,31,4023.9,44,2,4024.9,45,4,4025.0,175,1,4025.4,8,1,4025.5,7,2,4025.6,88,3
11483,2026-07-02 12:34:01+05:30,4024.1,1,4040.59,1149164,151133.0,164863.0,4100.0,4110.0,4012.0,4092.6,24839850,4501.8,3683.4,4440.0,3288.1,4024.8,31,1,4024.7,1,1,4024.1,13,3,4024.0,631,31,4023.9,44,2,4024.9,45,4,4025.0,175,1,4025.4,8,1,4025.5,7,2,4025.6,88,3
11483,2026-07-02 12:34:01+05:30,4024.1,1,4040.59,1149201,151162.0,164908.0,4100.0,4110.0,4012.0,4092.6,24839850,4501.8,3683.4,4440.0,3288.1,4024.6,2,2,4024.5,1,1,4024.1,13,2,4024.0,630,30,4023.9,38,1,4024.9,11,3,4025.0,175,1,4025.4,13,2,4025.5,7,2,4025.6,88,3
11483,2026-07-02 12:34:01+05:30,4024.1,1,4040.59,1149201,151162.0,164908.0,4100.0,4110.0,4012.0,4092.6,24839850,4501.8,3683.4,4440.0,3288.1,4024.6,2,2,4024.5,1,1,4024.1,13,2,4024.0,630,30,4023.9,38,1,4024.9,11,3,4025.0,175,1,4025.4,13,2,4025.5,7,2,4025.6,88,3
11483,2026-07-02 12:34:01+05:30,4024.7,5,4040.59,1149201,151162.0,164908.0,4100.0,4110.0,4012.0,4092.6,24839850,4501.8,3683.4,4440.0,3288.1,4024.6,2,2,4024.5,1,1,4024.1,13,2,4024.0,630,30,4023.9,38,1,4024.9,11,3,4025.0,175,1,4025.4,13,2,4025.5,7,2,4025.6,88,3
11483,2026-07-02 12:34:01+05:30,4024.7,5,4040.59,1149201,151162.0,164908.0,4100.0,4110.0,4012.0,4092.6,24839850,4501.8,3683.4,4440.0,3288.1,4024.6,2,2,4024.5,1,1,4024.1,13,2,4024.0,630,30,4023.9,38,1,4024.9,11,3,4025.0,175,1,4025.4,13,2,4025.5,7,2,4025.6,88,3
11483,2026-07-02 12:34:02+05:30,4024.7,2,4040.59,1149215,151167.0,165039.0,4100.0,4110.0,4012.0,4092.6,24839850,4501.8,3683.4,4440.0,3288.1,4024.5,1,1,4024.1,13,2,4024.0,630,30,4023.9,38,1,4023.7,18,2,4024.7,167,1,4024.9,10,3,4025.0,175,1,4025.4,13,2,4025.5,7,2
11483,2026-07-02 12:34:02+05:30,4025.0,5,4040.59,1149215,151167.0,165039.0,4100.0,4110.0,4012.0,4092.6,24839850,4501.8,3683.4,4440.0,3288.1,4024.5,1,1,4024.1,13,2,4024.0,630,30,4023.9,38,1,4023.7,18,2,4024.7,167,1,4024.9,10,3,4025.0,175,1,4025.4,13,2,4025.5,7,2
11483,2026-07-02 12:34:03+05:30,4025.0,5,4040.59,1149238,151269.0,164506.0,4100.0,4110.0,4012.0,4092.6,24839850,4501.8,3683.4,4440.0,3288.1,4024.7,5,1,4024.6,8,1,4024.1,55,3,4024.0,630,30,4023.9,62,2,4025.4,8,1,4025.5,7,2,4025.6,88,3,4025.7,5,1,4025.8,67,1
11483,2026-07-02 12:34:03+05:30,4024.7,1,4040.59,1149238,151269.0,164506.0,4100.0,4110.0,4012.0,4092.6,24839850,4501.8,3683.4,4440.0,3288.1,4024.7,5,1,4024.6,8,1,4024.1,55,3,4024.0,630,30,4023.9,62,2,4025.4,8,1,4025.5,7,2,4025.6,88,3,4025.7,5,1,4025.8,67,1
11483,2026-07-02 12:34:04+05:30,4024.7,4,4040.58,1149314,150726.0,164944.0,4100.0,4110.0,4012.0,4092.6,24839850,4501.8,3683.4,4440.0,3288.1,4024.0,630,30,4023.9,38,1,4023.6,26,1,4023.5,30,2,4023.4,39,2,4024.7,142,1,4025.0,205,2,4025.1,11,1,4025.3,2,1,4025.4,19,2
11483,2026-07-02 12:34:04+05:30,4024.0,9,4040.58,1149314,150726.0,164944.0,4100.0,4110.0,4012.0,4092.6,24839850,4501.8,3683.4,4440.0,3288.1,4024.0,630,30,4023.9,38,1,4023.6,26,1,4023.5,30,2,4023.4,39,2,4024.7,142,1,4025.0,205,2,4025.1,11,1,4025.3,2,1,4025.4,19,2
11483,2026-07-02 12:34:05+05:30,4024.7,4,4040.58,1149327,151185.0,164962.0,4100.0,4110.0,4012.0,4092.6,24839850,4501.8,3683.4,4440.0,3288.1,4024.2,33,1,4024.1,2,1,4024.0,621,30,4023.9,38,1,4023.7,6,1,4024.7,3,1,4025.0,205,2,4025.4,8,1,4025.5,7,2,4025.6,113,3
11483,2026-07-02 12:34:05+05:30,4025.0,66,4040.58,1149327,151185.0,164962.0,4100.0,4110.0,4012.0,4092.6,24839850,4501.8,3683.4,4440.0,3288.1,4024.2,33,1,4024.1,2,1,4024.0,621,30,4023.9,38,1,4023.7,6,1,4024.7,3,1,4025.0,205,2,4025.4,8,1,4025.5,7,2,4025.6,113,3
11483,2026-07-02 12:34:06+05:30,4025.0,66,4040.58,1149429,151298.0,164854.0,4100.0,4110.0,4012.0,4092.6,24839850,4501.8,3683.4,4440.0,3288.1,4024.5,66,1,4024.4,31,1,4024.1,2,1,4024.0,621,30,4023.9,62,2,4025.0,30,1,4025.4,8,1,4025.5,7,2,4025.6,83,2,4025.7,11,1
11483,2026-07-02 12:34:06+05:30,4025.0,3,4040.58,1149429,151298.0,164854.0,4100.0,4110.0,4012.0,4092.6,24839850,4501.8,3683.4,4440.0,3288.1,4024.5,66,1,4024.4,31,1,4024.1,2,1,4024.0,621,30,4023.9,62,2,4025.0,30,1,4025.4,8,1,4025.5,7,2,4025.6,83,2,4025.7,11,1
11483,2026-07-02 12:34:07+05:30,4024.7,18,4040.58,1149561,151257.0,164968.0,4100.0,4110.0,4012.0,4092.6,24839850,4501.8,3683.4,4440.0,3288.1,4024.5,4,3,4024.0,609,27,4023.9,38,1,4023.6,26,1,4023.5,36,3,4024.7,151,1,4025.0,175,1,4025.3,12,1,4025.5,3,1,4025.6,81,4
11483,2026-07-02 12:34:07+05:30,4024.7,10,4040.58,1149561,151257.0,164968.0,4100.0,4110.0,4012.0,4092.6,24839850,4501.8,3683.4,4440.0,3288.1,4024.5,4,3,4024.0,609,27,4023.9,38,1,4023.6,26,1,4023.5,36,3,4024.7,151,1,4025.0,175,1,4025.3,12,1,4025.5,3,1,4025.6,81,4
11483,2026-07-02 12:34:08+05:30,4024.7,10,4040.58,1149587,151480.0,164737.0,4100.0,4110.0,4012.0,4092.6,24839850,4501.8,3683.4,4440.0,3288.1,4024.6,34,1,4024.5,100,1,4024.1,49,4,4024.0,618,28,4023.9,38,1,4025.5,175,1,4025.6,75,3,4025.8,67,1,4025.9,20,2,4026.0,152,4
11483,2026-07-02 12:34:08+05:30,4025.0,3,4040.58,1149587,151480.0,164737.0,4100.0,4110.0,4012.0,4092.6,24839850,4501.8,3683.4,4440.0,3288.1,4024.6,34,1,4024.5,100,1,4024.1,49,4,4024.0,618,28,4023.9,38,1,4025.5,175,1,4025.6,75,3,4025.8,67,1,4025.9,20,2,4026.0,152,4
11483,2026-07-02 12:34:09+05:30,4025.0,1,4040.58,1149625,151525.0,165160.0,4100.0,4110.0,4012.0,4092.6,24839850,4501.8,3683.4,4440.0,3288.1,4024.6,31,1,4024.5,100,1,4024.1,43,3,4024.0,618,28,4023.9,62,2,4025.0,140,1,4025.5,5,1,4025.6,75,3,4025.7,2,1,4025.8,67,1
11483,2026-07-02 12:34:09+05:30,4025.1,1,4040.58,1149625,151525.0,165160.0,4100.0,4110.0,4012.0,4092.6,24839850,4501.8,3683.4,4440.0,3288.1,4024.6,31,1,4024.5,100,1,4024.1,43,3,4024.0,618,28,4023.9,62,2,4025.0,140,1,4025.5,5,1,4025.6,75,3,4025.7,2,1,4025.8,67,1
11483,2026-07-02 12:34:10+05:30,4025.1,5,4040.58,1149671,151576.0,165059.0,4100.0,4110.0,4012.0,4092.6,24839850,4501.8,3683.4,4440.0,3288.1,4024.8,26,1,4024.5,100,1,4024.1,49,4,4024.0,618,28,4023.9,62,2,4025.1,169,1,4025.6,39,2,4025.8,67,1,4025.9,20,2,4026.0,144,4
11483,2026-07-02 12:34:10+05:30,4024.7,1,4040.58,1149671,151576.0,165059.0,4100.0,4110.0,4012.0,4092.6,24839850,4501.8,3683.4,4440.0,3288.1,4024.8,26,1,4024.5,100,1,4024.1,49,4,4024.0,618,28,4023.9,62,2,4025.1,169,1,4025.6,39,2,4025.8,67,1,4025.9,20,2,4026.0,144,4
11483,2026-07-02 12:34:11+05:30,4024.7,1,4040.58,1149698,151857.0,164048.0,4100.0,4110.0,4012.0,4092.6,24839850,4501.8,3683.4,4440.0,3288.1,4024.7,28,1,4024.6,8,1,4024.5,100,1,4024.2,24,1,4024.1,45,4,4025.1,9,2,4025.6,39,2,4025.8,67,1,4025.9,20,2,4026.0,112,2
11483,2026-07-02 12:34:11+05:30,4025.6,1,4040.58,1149698,151857.0,164048.0,4100.0,4110.0,4012.0,4092.6,24839850,4501.8,3683.4,4440.0,3288.1,4024.7,28,1,4024.6,8,1,4024.5,100,1,4024.2,24,1,4024.1,45,4,4025.1,9,2,4025.6,39,2,4025.8,67,1,4025.9,20,2,4026.0,112,2
11483,2026-07-02 12:34:12+05:30,4025.0,18,4040.58,1149730,152350.0,163717.0,4100.0,4110.0,4012.0,4092.6,24839850,4501.8,3683.4,4440.0,3288.1,4025.0,6,1,4024.9,1,1,4024.6,8,1,4024.5,100,1,4024.2,30,2,4025.6,38,2,4025.8,67,1,4025.9,31,3,4026.0,100,1,4026.3,29,3
11483,2026-07-02 12:34:12+05:30,4025.6,2,4040.58,1149730,152350.0,163717.0,4100.0,4110.0,4012.0,4092.6,24839850,4501.8,3683.4,4440.0,3288.1,4025.0,6,1,4024.9,1,1,4024.6,8,1,4024.5,100,1,4024.2,30,2,4025.6,38,2,4025.8,67,1,4025.9,31,3,4026.0,100,1,4026.3,29,3
11483,2026-07-02 12:34:13+05:30,4025.6,2,4040.58,1149735,152358.0,163724.0,4100.0,4110.0,4012.0,4092.6,24839850,4501.8,3683.4,4440.0,3288.1,4025.0,3,1,4024.9,1,1,4024.6,8,1,4024.5,101,2,4024.2,30,2,4025.6,36,2,4025.8,67,1,4025.9,20,2,4026.0,100,1,4026.3,29,3
11483,2026-07-02 12:34:13+05:30,4025.0,1,4040.58,1149735,152358.0,163724.0,4100.0,4110.0,4012.0,4092.6,24839850,4501.8,3683.4,4440.0,3288.1,4025.0,3,1,4024.9,1,1,4024.6,8,1,4024.5,101,2,4024.2,30,2,4025.6,36,2,4025.8,67,1,4025.9,20,2,4026.0,100,1,4026.3,29,3
11483,2026-07-02 12:34:14+05:30,4025.0,1,4040.58,1149736,152372.0,163720.0,4100.0,4110.0,4012.0,4092.6,24839850,4501.8,3683.4,4440.0,3288.1,4025.0,2,1,4024.9,1,1,4024.6,8,1,4024.5,101,2,4024.2,30,2,4025.6,36,2,4025.8,67,1,4025.9,20,2,4026.0,100,1,4026.3,23,2
11483,2026-07-02 12:34:15+05:30,4025.6,2,4040.58,1149798,152440.0,163872.0,4100.0,4110.0,4012.0,4092.6,24839850,4501.8,3683.4,4440.0,3288.1,4024.5,63,3,4024.1,83,6,4024.0,627,30,4023.9,73,3,4023.7,13,1,4025.6,34,2,4025.8,67,1,4025.9,20,2,4026.0,100,1,4026.3,47,3
11483,2026-07-02 12:34:15+05:30,4025.6,3,4040.58,1149798,152440.0,163872.0,4100.0,4110.0,4012.0,4092.6,24839850,4501.8,3683.4,4440.0,3288.1,4024.5,63,3,4024.1,83,6,4024.0,627,30,4023.9,73,3,4023.7,13,1,4025.6,34,2,4025.8,67,1,4025.9,20,2,4026.0,100,1,4026.3,47,3
11483,2026-07-02 12:34:16+05:30,4025.6,3,4040.58,1149822,152387.0,163891.0,4100.0,4110.0,4012.0,4092.6,24839850,4501.8,3683.4,4440.0,3288.1,4024.5,55,3,4024.1,83,6,4024.0,627,30,4023.9,73,3,4023.7,13,1,4025.6,18,2,4025.8,67,1,4025.9,20,2,4026.0,125,3,4026.3,23,2
11483,2026-07-02 12:34:16+05:30,4024.5,2,4040.58,1149822,152387.0,163891.0,4100.0,4110.0,4012.0,4092.6,24839850,4501.8,3683.4,4440.0,3288.1,4024.5,55,3,4024.1,83,6,4024.0,627,30,4023.9,73,3,4023.7,13,1,4025.6,18,2,4025.8,67,1,4025.9,20,2,4026.0,125,3,4026.3,23,2
11483,2026-07-02 12:34:17+05:30,4024.5,2,4040.58,1149824,151533.0,163882.0,4100.0,4110.0,4012.0,4092.6,24839850,4501.8,3683.4,4440.0,3288.1,4025.0,17,1,4024.5,53,3,4024.2,78,2,4024.1,83,6,4024.0,627,30,4025.6,18,2,4025.8,67,1,4025.9,20,2,4026.0,125,3,4026.3,23,2
11483,2026-07-02 12:34:17+05:30,4025.6,1,4040.58,1149824,151533.0,163882.0,4100.0,4110.0,4012.0,4092.6,24839850,4501.8,3683.4,4440.0,3288.1,4025.0,17,1,4024.5,53,3,4024.2,78,2,4024.1,83,6,4024.0,627,30,4025.6,18,2,4025.8,67,1,4025.9,20,2,4026.0,125,3,4026.3,23,2
11483,2026-07-02 12:34:18+05:30,4025.6,1,4040.58,1149826,151088.0,163884.0,4100.0,4110.0,4012.0,4092.6,24839850,4501.8,3683.4,4440.0,3288.1,4025.0,16,1,4024.5,53,3,4024.2,78,2,4024.1,83,6,4024.0,627,30,4025.6,18,3,4025.8,67,1,4025.9,20,2,4026.0,125,3,4026.3,23,2
11483,2026-07-02 12:34:19+05:30,4025.6,1,4040.58,1149826,150825.0,163938.0,4100.0,4110.0,4012.0,4092.6,24839850,4501.8,3683.4,4440.0,3288.1,4025.0,16,1,4024.7,3,1,4024.5,53,3,4024.2,24,1,4024.1,45,4,4025.6,29,5,4025.8,70,2,4025.9,31,3,4026.0,136,4,4026.1,13,1
11483,2026-07-02 12:34:20+05:30,4025.0,1,4040.58,1149826,150825.0,163938.0,4100.0,4110.0,4012.0,4092.6,24839850,4501.8,3683.4,4440.0,3288.1,4025.0,16,1,4024.7,3,1,4024.5,53,3,4024.2,24,1,4024.1,45,4,4025.6,29,5,4025.8,70,2,4025.9,31,3,4026.0,136,4,4026.1,13,1
11483,2026-07-02 12:34:21+05:30,4025.0,1,4040.58,1149827,150824.0,163896.0,4100.0,4110.0,4012.0,4092.6,24839850,4501.8,3683.4,4440.0,3288.1,4025.0,59,2,4024.7,3,1,4024.5,34,3,4024.1,45,4,4024.0,627,30,4025.6,17,2,4025.8,70,2,4025.9,20,2,4026.0,146,5,4026.2,15,1
11483,2026-07-02 12:34:22+05:30,4025.6,5,4040.58,1149827,150824.0,163896.0,4100.0,4110.0,4012.0,4092.6,24839850,4501.8,3683.4,4440.0,3288.1,4025.0,59,2,4024.7,3,1,4024.5,34,3,4024.1,45,4,4024.0,627,30,4025.6,17,2,4025.8,70,2,4025.9,20,2,4026.0,146,5,4026.2,15,1
11483,2026-07-02 12:34:24+05:30,4025.5,2,4040.58,1149827,150824.0,163896.0,4100.0,4110.0,4012.0,4092.6,24839850,4501.8,3683.4,4440.0,3288.1,4025.0,59,2,4024.7,3,1,4024.5,34,3,4024.1,45,4,4024.0,627,30,4025.6,17,2,4025.8,70,2,4025.9,20,2,4026.0,146,5,4026.2,15,1
11483,2026-07-02 12:34:26+05:30,4025.5,8,4040.58,1149859,150974.0,163799.0,4100.0,4110.0,4012.0,4092.6,24839850,4501.8,3683.4,4440.0,3288.1,4025.3,1,1,4025.0,61,4,4024.7,3,1,4024.5,35,3,4024.1,52,5,4025.5,1,1,4025.6,25,3,4025.7,12,2,4025.8,9,2,4025.9,27,3
11483,2026-07-02 12:34:26+05:30,4025.3,2,4040.58,1149859,150974.0,163799.0,4100.0,4110.0,4012.0,4092.6,24839850,4501.8,3683.4,4440.0,3288.1,4025.3,1,1,4025.0,61,4,4024.7,3,1,4024.5,35,3,4024.1,52,5,4025.5,1,1,4025.6,25,3,4025.7,12,2,4025.8,9,2,4025.9,27,3
11483,2026-07-02 12:34:28+05:30,4025.9,8,4040.58,1149859,150974.0,163799.0,4100.0,4110.0,4012.0,4092.6,24839850,4501.8,3683.4,4440.0,3288.1,4025.3,1,1,4025.0,61,4,4024.7,3,1,4024.5,35,3,4024.1,52,5,4025.5,1,1,4025.6,25,3,4025.7,12,2,4025.8,9,2,4025.9,27,3
11483,2026-07-02 12:34:30+05:30,4025.9,3,4040.58,1149859,150974.0,163799.0,4100.0,4110.0,4012.0,4092.6,24839850,4501.8,3683.4,4440.0,3288.1,4025.3,1,1,4025.0,61,4,4024.7,3,1,4024.5,35,3,4024.1,52,5,4025.5,1,1,4025.6,25,3,4025.7,12,2,4025.8,9,2,4025.9,27,3
11483,2026-07-02 12:34:31+05:30,4025.9,3,4040.58,1150010,150968.0,163760.0,4100.0,4110.0,4012.0,4092.6,24839850,4501.8,3683.4,4440.0,3288.1,4025.0,261,5,4024.7,3,1,4024.5,35,3,4024.1,52,5,4024.0,500,30,4025.9,34,4,4026.0,110,2,4026.1,13,1,4026.2,15,1,4026.3,11,1
11483,2026-07-02 12:34:32+05:30,4025.9,1,4040.58,1150010,150968.0,163760.0,4100.0,4110.0,4012.0,4092.6,24839850,4501.8,3683.4,4440.0,3288.1,4025.0,261,5,4024.7,3,1,4024.5,35,3,4024.1,52,5,4024.0,500,30,4025.9,34,4,4026.0,110,2,4026.1,13,1,4026.2,15,1,4026.3,11,1
11483,2026-07-02 12:34:34+05:30,4025.9,3,4040.58,1150010,150968.0,163760.0,4100.0,4110.0,4012.0,4092.6,24839850,4501.8,3683.4,4440.0,3288.1,4025.0,261,5,4024.7,3,1,4024.5,35,3,4024.1,52,5,4024.0,500,30,4025.9,34,4,4026.0,110,2,4026.1,13,1,4026.2,15,1,4026.3,11,1
11483,2026-07-02 12:34:35+05:30,4025.9,3,4040.58,1150032,150978.0,163754.0,4100.0,4110.0,4012.0,4092.6,24839850,4501.8,3683.4,4440.0,3288.1,4025.4,1,1,4025.0,265,7,4024.8,2,1,4024.7,3,1,4024.5,35,3,4025.9,33,5,4026.0,110,2,4026.1,13,1,4026.2,10,1,4026.3,11,1
11483,2026-07-02 12:34:36+05:30,4025.4,3,4040.58,1150032,150978.0,163754.0,4100.0,4110.0,4012.0,4092.6,24839850,4501.8,3683.4,4440.0,3288.1,4025.4,1,1,4025.0,265,7,4024.8,2,1,4024.7,3,1,4024.5,35,3,4025.9,33,5,4026.0,110,2,4026.1,13,1,4026.2,10,1,4026.3,11,1
11483,2026-07-02 12:34:38+05:30,4025.9,6,4040.58,1150032,150978.0,163754.0,4100.0,4110.0,4012.0,4092.6,24839850,4501.8,3683.4,4440.0,3288.1,4025.4,1,1,4025.0,265,7,4024.8,2,1,4024.7,3,1,4024.5,35,3,4025.9,33,5,4026.0,110,2,4026.1,13,1,4026.2,10,1,4026.3,11,1
11483,2026-07-02 12:34:40+05:30,4025.9,2,4040.57,1150064,150904.0,163820.0,4100.0,4110.0,4012.0,4092.6,24839850,4501.8,3683.4,4440.0,3288.1,4025.0,312,9,4024.7,23,2,4024.5,35,3,4024.3,36,2,4024.1,44,4,4025.9,30,5,4026.0,301,5,4026.3,11,1,4026.5,69,5,4026.6,45,3
11483,2026-07-02 12:34:40+05:30,4025.0,4,4040.57,1150064,150904.0,163820.0,4100.0,4110.0,4012.0,4092.6,24839850,4501.8,3683.4,4440.0,3288.1,4025.0,312,9,4024.7,23,2,4024.5,35,3,4024.3,36,2,4024.1,44,4,4025.9,30,5,4026.0,301,5,4026.3,11,1,4026.5,69,5,4026.6,45,3
11483,2026-07-02 12:34:42+05:30,4025.9,1,4040.57,1150064,150904.0,163820.0,4100.0,4110.0,4012.0,4092.6,24839850,4501.8,3683.4,4440.0,3288.1,4025.0,312,9,4024.7,23,2,4024.5,35,3,4024.3,36,2,4024.1,44,4,4025.9,30,5,4026.0,301,5,4026.3,11,1,4026.5,69,5,4026.6,45,3
11483,2026-07-02 12:34:44+05:30,4025.9,2,4040.57,1150094,151091.0,163910.0,4100.0,4110.0,4012.0,4092.6,24839850,4501.8,3683.4,4440.0,3288.1,4025.4,2,2,4025.1,2,1,4025.0,306,8,4024.7,3,1,4024.5,35,3,4025.9,10,4,4026.0,290,4,4026.5,32,2,4026.6,45,3,4026.7,45,4
11483,2026-07-02 12:34:44+05:30,4025.4,2,4040.57,1150094,151091.0,163910.0,4100.0,4110.0,4012.0,4092.6,24839850,4501.8,3683.4,4440.0,3288.1,4025.4,2,2,4025.1,2,1,4025.0,306,8,4024.7,3,1,4024.5,35,3,4025.9,10,4,4026.0,290,4,4026.5,32,2,4026.6,45,3,4026.7,45,4
11483,2026-07-02 12:34:46+05:30,4025.9,1,4040.57,1150094,151091.0,163910.0,4100.0,4110.0,4012.0,4092.6,24839850,4501.8,3683.4,4440.0,3288.1,4025.4,2,2,4025.1,2,1,4025.0,306,8,4024.7,3,1,4024.5,35,3,4025.9,10,4,4026.0,290,4,4026.5,32,2,4026.6,45,3,4026.7,45,4
11483,2026-07-02 12:34:48+05:30,4025.9,1,4040.57,1150113,147652.0,163311.0,4100.0,4110.0,4012.0,4092.6,24839850,4501.8,3683.4,4440.0,3288.1,4025.1,42,5,4025.0,330,9,4024.9,10,1,4024.8,11,1,4024.7,54,4,4026.0,116,4,4026.3,25,2,4026.8,2,1,4026.9,68,2,4027.0,77,4
11483,2026-07-02 12:34:48+05:30,4025.1,2,4040.57,1150113,147652.0,163311.0,4100.0,4110.0,4012.0,4092.6,24839850,4501.8,3683.4,4440.0,3288.1,4025.1,42,5,4025.0,330,9,4024.9,10,1,4024.8,11,1,4024.7,54,4,4026.0,116,4,4026.3,25,2,4026.8,2,1,4026.9,68,2,4027.0,77,4
11483,2026-07-02 12:34:50+05:30,4026.0,5,4040.57,1150113,147652.0,163311.0,4100.0,4110.0,4012.0,4092.6,24839850,4501.8,3683.4,4440.0,3288.1,4025.1,42,5,4025.0,330,9,4024.9,10,1,4024.8,11,1,4024.7,54,4,4026.0,116,4,4026.3,25,2,4026.8,2,1,4026.9,68,2,4027.0,77,4
11483,2026-07-02 12:34:52+05:30,4025.4,4,4040.57,1150113,147652.0,163311.0,4100.0,4110.0,4012.0,4092.6,24839850,4501.8,3683.4,4440.0,3288.1,4025.1,42,5,4025.0,330,9,4024.9,10,1,4024.8,11,1,4024.7,54,4,4026.0,116,4,4026.3,25,2,4026.8,2,1,4026.9,68,2,4027.0,77,4
11483,2026-07-02 12:34:53+05:30,4025.7,9,4040.57,1150149,148376.0,163182.0,4100.0,4110.0,4012.0,4092.6,24839850,4501.8,3683.4,4440.0,3288.1,4025.7,17,3,4025.4,30,4,4025.3,33,2,4025.2,42,4,4025.1,42,5,4026.0,107,4,4026.3,25,2,4027.0,53,2,4027.1,17,2,4027.2,20,2
11483,2026-07-02 12:34:54+05:30,4026.0,1,4040.57,1150149,148376.0,163182.0,4100.0,4110.0,4012.0,4092.6,24839850,4501.8,3683.4,4440.0,3288.1,4025.7,17,3,4025.4,30,4,4025.3,33,2,4025.2,42,4,4025.1,42,5,4026.0,107,4,4026.3,25,2,4027.0,53,2,4027.1,17,2,4027.2,20,2
11483,2026-07-02 12:34:56+05:30,4026.0,1,4040.57,1150149,148376.0,163182.0,4100.0,4110.0,4012.0,4092.6,24839850,4501.8,3683.4,4440.0,3288.1,4025.7,17,3,4025.4,30,4,4025.3,33,2,4025.2,42,4,4025.1,42,5,4026.0,107,4,4026.3,25,2,4027.0,53,2,4027.1,17,2,4027.2,20,2
11483,2026-07-02 12:34:56+05:30,4026.0,2,4040.57,1150149,148376.0,163182.0,4100.0,4110.0,4012.0,4092.6,24839850,4501.8,3683.4,4440.0,3288.1,4025.7,17,3,4025.4,30,4,4025.3,33,2,4025.2,42,4,4025.1,42,5,4026.0,107,4,4026.3,25,2,4027.0,53,2,4027.1,17,2,4027.2,20,2
11483,2026-07-02 12:34:57+05:30,4026.0,2,4040.57,1150149,148376.0,163182.0,4100.0,4110.0,4012.0,4092.6,24839850,4501.8,3683.4,4440.0,3288.1,4025.7,17,3,4025.4,30,4,4025.3,33,2,4025.2,42,4,4025.1,42,5,4026.0,107,4,4026.3,25,2,4027.0,53,2,4027.1,17,2,4027.2,20,2
11483,2026-07-02 12:34:58+05:30,4026.0,2,4040.57,1150149,148376.0,163182.0,4100.0,4110.0,4012.0,4092.6,24839850,4501.8,3683.4,4440.0,3288.1,4025.7,17,3,4025.4,30,4,4025.3,33,2,4025.2,42,4,4025.1,42,5,4026.0,107,4,4026.3,25,2,4027.0,53,2,4027.1,17,2,4027.2,20,2
11483,2026-07-02 12:34:58+05:30,4026.0,7,4040.57,1150149,148376.0,163182.0,4100.0,4110.0,4012.0,4092.6,24839850,4501.8,3683.4,4440.0,3288.1,4025.7,17,3,4025.4,30,4,4025.3,33,2,4025.2,42,4,4025.1,42,5,4026.0,107,4,4026.3,25,2,4027.0,53,2,4027.1,17,2,4027.2,20,2
11483,2026-07-02 12:34:59+05:30,4026.0,7,4040.57,1150216,148736.0,163651.0,4100.0,4110.0,4012.0,4092.6,24839850,4501.8,3683.4,4440.0,3288.1,4025.5,17,2,4025.4,3,1,4025.3,30,2,4025.2,39,3,4025.1,23,4,4026.0,324,6,4026.3,25,2,4027.0,53,2,4027.1,17,2,4027.2,26,3
11483,2026-07-02 12:34:59+05:30,4026.0,7,4040.57,1150216,148736.0,163651.0,4100.0,4110.0,4012.0,4092.6,24839850,4501.8,3683.4,4440.0,3288.1,4025.5,17,2,4025.4,3,1,4025.3,30,2,4025.2,39,3,4025.1,23,4,4026.0,324,6,4026.3,25,2,4027.0,53,2,4027.1,17,2,4027.2,26,3
11483,2026-07-02 12:35:00+05:30,4026.0,7,4040.57,1150216,148736.0,163651.0,4100.0,4110.0,4012.0,4092.6,24839850,4501.8,3683.4,4440.0,3288.1,4025.5,17,2,4025.4,3,1,4025.3,30,2,4025.2,39,3,4025.1,23,4,4026.0,324,6,4026.3,25,2,4027.0,53,2,4027.1,17,2,4027.2,26,3
11483,2026-07-02 12:35:00+05:30,4026.0,7,4040.57,1150216,148736.0,163651.0,4100.0,4110.0,4012.0,4092.6,24843700,4501.8,3683.4,4440.0,3288.1,4025.5,17,2,4025.4,3,1,4025.3,30,2,4025.2,39,3,4025.1,23,4,4026.0,324,6,4026.3,25,2,4027.0,53,2,4027.1,17,2,4027.2,26,3
11483,2026-07-02 12:35:00+05:30,4026.0,3,4040.57,1150216,148736.0,163651.0,4100.0,4110.0,4012.0,4092.6,24843700,4501.8,3683.4,4440.0,3288.1,4025.5,17,2,4025.4,3,1,4025.3,30,2,4025.2,39,3,4025.1,23,4,4026.0,324,6,4026.3,25,2,4027.0,53,2,4027.1,17,2,4027.2,26,3
11483,2026-07-02 12:35:00+05:30,4026.0,3,4040.57,1150216,148736.0,163651.0,4100.0,4110.0,4012.0,4092.6,24843700,4501.8,3683.4,4440.0,3288.1,4025.5,17,2,4025.4,3,1,4025.3,30,2,4025.2,39,3,4025.1,23,4,4026.0,324,6,4026.3,25,2,4027.0,53,2,4027.1,17,2,4027.2,26,3
11483,2026-07-02 12:35:01+05:30,4026.0,3,4040.57,1150216,148736.0,163651.0,4100.0,4110.0,4012.0,4092.6,24843700,4501.8,3683.4,4440.0,3288.1,4025.5,17,2,4025.4,3,1,4025.3,30,2,4025.2,39,3,4025.1,23,4,4026.0,324,6,4026.3,25,2,4027.0,53,2,4027.1,17,2,4027.2,26,3
11483,2026-07-02 12:35:02+05:30,4026.0,3,4040.57,1150216,148736.0,163651.0,4100.0,4110.0,4012.0,4092.6,24843700,4501.8,3683.4,4440.0,3288.1,4025.5,17,2,4025.4,3,1,4025.3,30,2,4025.2,39,3,4025.1,23,4,4026.0,324,6,4026.3,25,2,4027.0,53,2,4027.1,17,2,4027.2,26,3
11483,2026-07-02 12:35:02+05:30,4026.0,1,4040.57,1150216,148736.0,163651.0,4100.0,4110.0,4012.0,4092.6,24843700,4501.8,3683.4,4440.0,3288.1,4025.5,17,2,4025.4,3,1,4025.3,30,2,4025.2,39,3,4025.1,23,4,4026.0,324,6,4026.3,25,2,4027.0,53,2,4027.1,17,2,4027.2,26,3
11483,2026-07-02 12:35:03+05:30,4026.0,1,4040.57,1150236,148666.0,163697.0,4100.0,4110.0,4012.0,4092.6,24843700,4501.8,3683.4,4440.0,3288.1,4025.7,1,1,4025.4,21,3,4025.3,33,2,4025.2,29,2,4025.1,23,4,4026.0,318,8,4026.3,25,2,4027.0,53,2,4027.1,17,2,4027.2,20,2
11483,2026-07-02 12:35:04+05:30,4025.4,2,4040.57,1150236,148666.0,163697.0,4100.0,4110.0,4012.0,4092.6,24843700,4501.8,3683.4,4440.0,3288.1,4025.7,1,1,4025.4,21,3,4025.3,33,2,4025.2,29,2,4025.1,23,4,4026.0,318,8,4026.3,25,2,4027.0,53,2,4027.1,17,2,4027.2,20,2
11483,2026-07-02 12:35:06+05:30,4025.5,1,4040.57,1150236,148666.0,163697.0,4100.0,4110.0,4012.0,4092.6,24843700,4501.8,3683.4,4440.0,3288.1,4025.7,1,1,4025.4,21,3,4025.3,33,2,4025.2,29,2,4025.1,23,4,4026.0,318,8,4026.3,25,2,4027.0,53,2,4027.1,17,2,4027.2,20,2
11483,2026-07-02 12:35:08+05:30,4026.0,50,4040.57,1150328,148758.0,163543.0,4100.0,4110.0,4012.0,4092.6,24843700,4501.8,3683.4,4440.0,3288.1,4025.5,21,3,4025.4,1,1,4025.2,10,1,4025.1,47,5,4025.0,1195,14,4026.0,250,5,4026.3,25,2,4027.0,53,2,4027.1,17,2,4027.2,20,2
11483,2026-07-02 12:35:09+05:30,4026.0,1,4040.57,1150328,148758.0,163543.0,4100.0,4110.0,4012.0,4092.6,24843700,4501.8,3683.4,4440.0,3288.1,4025.5,21,3,4025.4,1,1,4025.2,10,1,4025.1,47,5,4025.0,1195,14,4026.0,250,5,4026.3,25,2,4027.0,53,2,4027.1,17,2,4027.2,20,2
11483,2026-07-02 12:35:12+05:30,4026.0,16,4040.57,1150328,148758.0,163543.0,4100.0,4110.0,4012.0,4092.6,24843700,4501.8,3683.4,4440.0,3288.1,4025.5,21,3,4025.4,1,1,4025.2,10,1,4025.1,47,5,4025.0,1195,14,4026.0,250,5,4026.3,25,2,4027.0,53,2,4027.1,17,2,4027.2,20,2
11483,2026-07-02 12:35:13+05:30,4026.0,16,4040.57,1150370,148790.0,163772.0,4100.0,4110.0,4012.0,4092.6,24843700,4501.8,3683.4,4440.0,3288.1,4025.7,1,1,4025.5,25,3,4025.4,1,1,4025.2,25,1,4025.1,48,6,4026.0,226,5,4026.1,15,1,4026.3,25,2,4027.0,53,2,4027.1,44,4
11483,2026-07-02 12:35:15+05:30,4026.0,3,4040.57,1150370,148790.0,163772.0,4100.0,4110.0,4012.0,4092.6,24843700,4501.8,3683.4,4440.0,3288.1,4025.7,1,1,4025.5,25,3,4025.4,1,1,4025.2,25,1,4025.1,48,6,4026.0,226,5,4026.1,15,1,4026.3,25,2,4027.0,53,2,4027.1,44,4
11483,2026-07-02 12:35:18+05:30,4026.0,4,4040.57,1150443,148389.0,163835.0,4100.0,4110.0,4012.0,4092.6,24843700,4501.8,3683.4,4440.0,3288.1,4025.2,26,3,4025.1,10,3,4025.0,1356,15,4024.9,10,1,4024.7,39,3,4026.0,214,5,4026.1,16,2,4026.3,25,2,4026.6,10,1,4026.7,18,1
11483,2026-07-02 12:35:18+05:30,4026.0,1,4040.57,1150443,148389.0,163835.0,4100.0,4110.0,4012.0,4092.6,24843700,4501.8,3683.4,4440.0,3288.1,4025.2,26,3,4025.1,10,3,4025.0,1356,15,4024.9,10,1,4024.7,39,3,4026.0,214,5,4026.1,16,2,4026.3,25,2,4026.6,10,1,4026.7,18,1
11483,2026-07-02 12:35:20+05:30,4026.0,1,4040.57,1150443,148389.0,163835.0,4100.0,4110.0,4012.0,4092.6,24843700,4501.8,3683.4,4440.0,3288.1,4025.2,26,3,4025.1,10,3,4025.0,1356,15,4024.9,10,1,4024.7,39,3,4026.0,214,5,4026.1,16,2,4026.3,25,2,4026.6,10,1,4026.7,18,1
11483,2026-07-02 12:35:22+05:30,4026.0,82,4040.57,1150443,148389.0,163835.0,4100.0,4110.0,4012.0,4092.6,24843700,4501.8,3683.4,4440.0,3288.1,4025.2,26,3,4025.1,10,3,4025.0,1356,15,4024.9,10,1,4024.7,39,3,4026.0,214,5,4026.1,16,2,4026.3,25,2,4026.6,10,1,4026.7,18,1
11483,2026-07-02 12:35:23+05:30,4026.0,82,4040.57,1150575,148260.0,163590.0,4100.0,4110.0,4012.0,4092.6,24843700,4501.8,3683.4,4440.0,3288.1,4025.1,11,3,4025.0,1382,15,4024.9,10,1,4024.8,1,1,4024.7,27,2,4026.0,130,5,4026.1,16,2,4026.3,24,1,4026.7,18,1,4026.9,44,3
11483,2026-07-02 12:35:24+05:30,4026.0,2,4040.57,1150575,148260.0,163590.0,4100.0,4110.0,4012.0,4092.6,24843700,4501.8,3683.4,4440.0,3288.1,4025.1,11,3,4025.0,1382,15,4024.9,10,1,4024.8,1,1,4024.7,27,2,4026.0,130,5,4026.1,16,2,4026.3,24,1,4026.7,18,1,4026.9,44,3
11483,2026-07-02 12:35:26+05:30,4026.0,2,4040.57,1150575,148260.0,163590.0,4100.0,4110.0,4012.0,4092.6,24843700,4501.8,3683.4,4440.0,3288.1,4025.1,11,3,4025.0,1382,15,4024.9,10,1,4024.8,1,1,4024.7,27,2,4026.0,130,5,4026.1,16,2,4026.3,24,1,4026.7,18,1,4026.9,44,3
11483,2026-07-02 12:35:27+05:30,4026.0,2,4040.57,1150655,148469.0,163606.0,4100.0,4110.0,4012.0,4092.6,24843700,4501.8,3683.4,4440.0,3288.1,4025.6,1,1,4025.2,17,1,4025.1,14,2,4025.0,1403,17,4024.9,10,1,4026.0,106,3,4026.1,16,2,4026.2,2,1,4026.3,24,1,4026.6,10,1
11483,2026-07-02 12:35:28+05:30,4025.6,2,4040.57,1150655,148469.0,163606.0,4100.0,4110.0,4012.0,4092.6,24843700,4501.8,3683.4,4440.0,3288.1,4025.6,1,1,4025.2,17,1,4025.1,14,2,4025.0,1403,17,4024.9,10,1,4026.0,106,3,4026.1,16,2,4026.2,2,1,4026.3,24,1,4026.6,10,1
11483,2026-07-02 12:35:30+05:30,4025.0,2,4040.57,1150655,148469.0,163606.0,4100.0,4110.0,4012.0,4092.6,24843700,4501.8,3683.4,4440.0,3288.1,4025.6,1,1,4025.2,17,1,4025.1,14,2,4025.0,1403,17,4024.9,10,1,4026.0,106,3,4026.1,16,2,4026.2,2,1,4026.3,24,1,4026.6,10,1
11483,2026-07-02 12:35:32+05:30,4025.6,2,4040.57,1150714,148504.0,163836.0,4100.0,4110.0,4012.0,4092.6,24843700,4501.8,3683.4,4440.0,3288.1,4025.3,1,1,4025.1,4,1,4025.0,1430,19,4024.9,10,1,4024.7,39,3,4025.6,4,3,4026.0,106,3,4026.1,16,2,4026.2,2,1,4026.3,24,1
11483,2026-07-02 12:35:32+05:30,4025.3,2,4040.57,1150714,148504.0,163836.0,4100.0,4110.0,4012.0,4092.6,24843700,4501.8,3683.4,4440.0,3288.1,4025.3,1,1,4025.1,4,1,4025.0,1430,19,4024.9,10,1,4024.7,39,3,4025.6,4,3,4026.0,106,3,4026.1,16,2,4026.2,2,1,4026.3,24,1
11483,2026-07-02 12:35:34+05:30,4025.3,2,4040.57,1150714,148504.0,163836.0,4100.0,4110.0,4012.0,4092.6,24843700,4501.8,3683.4,4440.0,3288.1,4025.3,1,1,4025.1,4,1,4025.0,1430,19,4024.9,10,1,4024.7,39,3,4025.6,4,3,4026.0,106,3,4026.1,16,2,4026.2,2,1,4026.3,24,1
11483,2026-07-02 12:35:36+05:30,4025.3,1,4040.57,1150737,147765.0,163927.0,4100.0,4110.0,4012.0,4092.6,24843700,4501.8,3683.4,4440.0,3288.1,4025.0,1404,20,4024.9,10,1,4024.8,1,1,4024.7,3,1,4024.5,35,3,4025.3,2,2,4025.6,2,2,4026.0,106,3,4026.1,16,2,4026.2,186,3
11483,2026-07-02 12:35:36+05:30,4025.3,1,4040.57,1150737,147765.0,163927.0,4100.0,4110.0,4012.0,4092.6,24843700,4501.8,3683.4,4440.0,3288.1,4025.0,1404,20,4024.9,10,1,4024.8,1,1,4024.7,3,1,4024.5,35,3,4025.3,2,2,4025.6,2,2,4026.0,106,3,4026.1,16,2,4026.2,186,3
11483,2026-07-02 12:35:38+05:30,4026.0,2,4040.57,1150737,147765.0,163927.0,4100.0,4110.0,4012.0,4092.6,24843700,4501.8,3683.4,4440.0,3288.1,4025.0,1404,20,4024.9,10,1,4024.8,1,1,4024.7,3,1,4024.5,35,3,4025.3,2,2,4025.6,2,2,4026.0,106,3,4026.1,16,2,4026.2,186,3
11483,2026-07-02 12:35:40+05:30,4025.9,2,4040.56,1151074,148102.0,162834.0,4100.0,4110.0,4012.0,4092.6,24843700,4501.8,3683.4,4440.0,3288.1,4025.3,1,1,4025.0,1409,22,4024.9,10,1,4024.7,3,1,4024.5,35,3,4025.9,86,1,4026.2,186,3,4026.3,24,1,4026.4,13,1,4026.6,49,2
11483,2026-07-02 12:35:40+05:30,4025.3,1,4040.56,1151074,148102.0,162834.0,4100.0,4110.0,4012.0,4092.6,24843700,4501.8,3683.4,4440.0,3288.1,4025.3,1,1,4025.0,1409,22,4024.9,10,1,4024.7,3,1,4024.5,35,3,4025.9,86,1,4026.2,186,3,4026.3,24,1,4026.4,13,1,4026.6,49,2
11483,2026-07-02 12:35:42+05:30,4025.2,2,4040.56,1151074,148102.0,162834.0,4100.0,4110.0,4012.0,4092.6,24843700,4501.8,3683.4,4440.0,3288.1,4025.3,1,1,4025.0,1409,22,4024.9,10,1,4024.7,3,1,4024.5,35,3,4025.9,86,1,4026.2,186,3,4026.3,24,1,4026.4,13,1,4026.6,49,2
11483,2026-07-02 12:35:44+05:30,4025.2,2,4040.56,1151074,148102.0,162834.0,4100.0,4110.0,4012.0,4092.6,24843700,4501.8,3683.4,4440.0,3288.1,4025.3,1,1,4025.0,1409,22,4024.9,10,1,4024.7,3,1,4024.5,35,3,4025.9,86,1,4026.2,186,3,4026.3,24,1,4026.4,13,1,4026.6,49,2
11483,2026-07-02 12:35:45+05:30,4025.2,2,4040.56,1151168,147857.0,163542.0,4100.0,4110.0,4012.0,4092.6,24843700,4501.8,3683.4,4440.0,3288.1,4025.0,1354,22,4024.9,10,1,4024.7,10,2,4024.6,3,1,4024.5,45,4,4025.2,7,2,4025.3,5,2,4025.7,175,1,4026.2,1,1,4026.3,24,1
11483,2026-07-02 12:35:46+05:30,4025.2,2,4040.56,1151168,147857.0,163542.0,4100.0,4110.0,4012.0,4092.6,24843700,4501.8,3683.4,4440.0,3288.1,4025.0,1354,22,4024.9,10,1,4024.7,10,2,4024.6,3,1,4024.5,45,4,4025.2,7,2,4025.3,5,2,4025.7,175,1,4026.2,1,1,4026.3,24,1
11483,2026-07-02 12:35:48+05:30,4026.7,2,4040.56,1151168,147857.0,163542.0,4100.0,4110.0,4012.0,4092.6,24843700,4501.8,3683.4,4440.0,3288.1,4025.0,1354,22,4024.9,10,1,4024.7,10,2,4024.6,3,1,4024.5,45,4,4025.2,7,2,4025.3,5,2,4025.7,175,1,4026.2,1,1,4026.3,24,1
11483,2026-07-02 12:35:49+05:30,4026.7,2,4040.56,1151439,148590.0,164118.0,4100.0,4110.0,4012.0,4092.6,24843700,4501.8,3683.4,4440.0,3288.1,4026.0,4,1,4025.2,1,1,4025.1,117,3,4025.0,1342,22,4024.9,10,1,4026.2,173,1,4026.8,92,5,4026.9,3,1,4027.0,63,3,4027.1,39,2
11483,2026-07-02 12:35:50+05:30,4026.0,2,4040.56,1151439,148590.0,164118.0,4100.0,4110.0,4012.0,4092.6,24843700,4501.8,3683.4,4440.0,3288.1,4026.0,4,1,4025.2,1,1,4025.1,117,3,4025.0,1342,22,4024.9,10,1,4026.2,173,1,4026.8,92,5,4026.9,3,1,4027.0,63,3,4027.1,39,2
11483,2026-07-02 12:35:52+05:30,4026.0,2,4040.56,1151439,148590.0,164118.0,4100.0,4110.0,4012.0,4092.6,24843700,4501.8,3683.4,4440.0,3288.1,4026.0,4,1,4025.2,1,1,4025.1,117,3,4025.0,1342,22,4024.9,10,1,4026.2,173,1,4026.8,92,5,4026.9,3,1,4027.0,63,3,4027.1,39,2
11483,2026-07-02 12:35:53+05:30,4026.0,2,4040.56,1151533,147836.0,163791.0,4100.0,4110.0,4012.0,4092.6,24843700,4501.8,3683.4,4440.0,3288.1,4025.1,30,3,4025.0,1271,20,4024.9,10,1,4024.7,3,1,4024.5,40,4,4026.0,125,2,4026.2,196,4,4026.6,10,1,4026.7,18,1,4026.8,34,2
11483,2026-07-02 12:35:54+05:30,4026.0,2,4040.56,1151533,147836.0,163791.0,4100.0,4110.0,4012.0,4092.6,24843700,4501.8,3683.4,4440.0,3288.1,4025.1,30,3,4025.0,1271,20,4024.9,10,1,4024.7,3,1,4024.5,40,4,4026.0,125,2,4026.2,196,4,4026.6,10,1,4026.7,18,1,4026.8,34,2
11483,2026-07-02 12:35:56+05:30,4026.0,2,4040.56,1151533,147836.0,163791.0,4100.0,4110.0,4012.0,4092.6,24843700,4501.8,3683.4,4440.0,3288.1,4025.1,30,3,4025.0,1271,20,4024.9,10,1,4024.7,3,1,4024.5,40,4,4026.0,125,2,4026.2,196,4,4026.6,10,1,4026.7,18,1,4026.8,34,2
11483,2026-07-02 12:35:56+05:30,4026.0,2,4040.56,1151533,147836.0,163791.0,4100.0,4110.0,4012.0,4092.6,24843700,4501.8,3683.4,4440.0,3288.1,4025.1,30,3,4025.0,1271,20,4024.9,10,1,4024.7,3,1,4024.5,40,4,4026.0,125,2,4026.2,196,4,4026.6,10,1,4026.7,18,1,4026.8,34,2
11483,2026-07-02 12:35:57+05:30,4026.0,2,4040.56,1151533,147836.0,163791.0,4100.0,4110.0,4012.0,4092.6,24843700,4501.8,3683.4,4440.0,3288.1,4025.1,30,3,4025.0,1271,20,4024.9,10,1,4024.7,3,1,4024.5,40,4,4026.0,125,2,4026.2,196,4,4026.6,10,1,4026.7,18,1,4026.8,34,2
11483,2026-07-02 12:35:57+05:30,4026.0,20,4040.55,1151599,147812.0,163861.0,4100.0,4110.0,4012.0,4092.6,24843700,4501.8,3683.4,4440.0,3288.1,4025.3,44,5,4025.2,31,3,4025.1,7,1,4025.0,1297,24,4024.9,12,2,4026.0,112,5,4026.2,183,2,4026.8,24,1,4026.9,34,2,4027.0,62,3
11483,2026-07-02 12:35:57+05:30,4026.0,20,4040.55,1151599,147812.0,163861.0,4100.0,4110.0,4012.0,4092.6,24843700,4501.8,3683.4,4440.0,3288.1,4025.3,44,5,4025.2,31,3,4025.1,7,1,4025.0,1297,24,4024.9,12,2,4026.0,112,5,4026.2,183,2,4026.8,24,1,4026.9,34,2,4027.0,62,3
11483,2026-07-02 12:35:58+05:30,4026.0,20,4040.55,1151599,147812.0,163861.0,4100.0,4110.0,4012.0,4092.6,24843700,4501.8,3683.4,4440.0,3288.1,4025.3,44,5,4025.2,31,3,4025.1,7,1,4025.0,1297,24,4024.9,12,2,4026.0,112,5,4026.2,183,2,4026.8,24,1,4026.9,34,2,4027.0,62,3
11483,2026-07-02 12:35:58+05:30,4026.0,2,4040.55,1151599,147812.0,163861.0,4100.0,4110.0,4012.0,4092.6,24843700,4501.8,3683.4,4440.0,3288.1,4025.3,44,5,4025.2,31,3,4025.1,7,1,4025.0,1297,24,4024.9,12,2,4026.0,112,5,4026.2,183,2,4026.8,24,1,4026.9,34,2,4027.0,62,3
11483,2026-07-02 12:35:59+05:30,4026.0,2,4040.55,1151599,147812.0,163861.0,4100.0,4110.0,4012.0,4092.6,24843700,4501.8,3683.4,4440.0,3288.1,4025.3,44,5,4025.2,31,3,4025.1,7,1,4025.0,1297,24,4024.9,12,2,4026.0,112,5,4026.2,183,2,4026.8,24,1,4026.9,34,2,4027.0,62,3
11483,2026-07-02 12:36:00+05:30,4026.0,2,4040.55,1151599,147812.0,163861.0,4100.0,4110.0,4012.0,4092.6,24843700,4501.8,3683.4,4440.0,3288.1,4025.3,44,5,4025.2,31,3,4025.1,7,1,4025.0,1297,24,4024.9,12,2,4026.0,112,5,4026.2,183,2,4026.8,24,1,4026.9,34,2,4027.0,62,3
11483,2026-07-02 12:36:00+05:30,4026.0,2,4040.55,1151599,147812.0,163861.0,4100.0,4110.0,4012.0,4092.6,24851575,4501.8,3683.4,4440.0,3288.1,4025.3,44,5,4025.2,31,3,4025.1,7,1,4025.0,1297,24,4024.9,12,2,4026.0,112,5,4026.2,183,2,4026.8,24,1,4026.9,34,2,4027.0,62,3
11483,2026-07-02 12:36:00+05:30,4026.0,4,4040.55,1151599,147812.0,163861.0,4100.0,4110.0,4012.0,4092.6,24851575,4501.8,3683.4,4440.0,3288.1,4025.3,44,5,4025.2,31,3,4025.1,7,1,4025.0,1297,24,4024.9,12,2,4026.0,112,5,4026.2,183,2,4026.8,24,1,4026.9,34,2,4027.0,62,3
11483,2026-07-02 12:36:00+05:30,4026.0,4,4040.55,1151599,147812.0,163861.0,4100.0,4110.0,4012.0,4092.6,24851575,4501.8,3683.4,4440.0,3288.1,4025.3,44,5,4025.2,31,3,4025.1,7,1,4025.0,1297,24,4024.9,12,2,4026.0,112,5,4026.2,183,2,4026.8,24,1,4026.9,34,2,4027.0,62,3
11483,2026-07-02 12:36:01+05:30,4026.0,4,4040.55,1151599,147812.0,163861.0,4100.0,4110.0,4012.0,4092.6,24851575,4501.8,3683.4,4440.0,3288.1,4025.3,44,5,4025.2,31,3,4025.1,7,1,4025.0,1297,24,4024.9,12,2,4026.0,112,5,4026.2,183,2,4026.8,24,1,4026.9,34,2,4027.0,62,3
11483,2026-07-02 12:36:01+05:30,4026.0,5,4040.55,1151700,148806.0,163547.0,4100.0,4110.0,4012.0,4092.6,24851575,4501.8,3683.4,4440.0,3288.1,4025.7,26,4,4025.6,14,1,4025.5,26,3,4025.2,31,3,4025.1,95,3,4026.0,33,5,4026.2,82,2,4026.6,75,1,4026.8,67,1,4026.9,40,1
11483,2026-07-02 12:36:01+05:30,4026.0,5,4040.55,1151700,148806.0,163547.0,4100.0,4110.0,4012.0,4092.6,24851575,4501.8,3683.4,4440.0,3288.1,4025.7,26,4,4025.6,14,1,4025.5,26,3,4025.2,31,3,4025.1,95,3,4026.0,33,5,4026.2,82,2,4026.6,75,1,4026.8,67,1,4026.9,40,1
11483,2026-07-02 12:36:02+05:30,4026.0,5,4040.55,1151700,148806.0,163547.0,4100.0,4110.0,4012.0,4092.6,24851575,4501.8,3683.4,4440.0,3288.1,4025.7,26,4,4025.6,14,1,4025.5,26,3,4025.2,31,3,4025.1,95,3,4026.0,33,5,4026.2,82,2,4026.6,75,1,4026.8,67,1,4026.9,40,1
11483,2026-07-02 12:36:02+05:30,4025.7,3,4040.55,1151700,148806.0,163547.0,4100.0,4110.0,4012.0,4092.6,24851575,4501.8,3683.4,4440.0,3288.1,4025.7,26,4,4025.6,14,1,4025.5,26,3,4025.2,31,3,4025.1,95,3,4026.0,33,5,4026.2,82,2,4026.6,75,1,4026.8,67,1,4026.9,40,1
11483,2026-07-02 12:36:04+05:30,4026.0,4,4040.55,1151700,148806.0,163547.0,4100.0,4110.0,4012.0,4092.6,24851575,4501.8,3683.4,4440.0,3288.1,4025.7,26,4,4025.6,14,1,4025.5,26,3,4025.2,31,3,4025.1,95,3,4026.0,33,5,4026.2,82,2,4026.6,75,1,4026.8,67,1,4026.9,40,1
11483,2026-07-02 12:36:05+05:30,4026.0,1,4040.55,1151756,148726.0,163714.0,4100.0,4110.0,4012.0,4092.6,24851575,4501.8,3683.4,4440.0,3288.1,4025.7,31,4,4025.6,16,2,4025.5,26,3,4025.4,18,2,4025.2,27,3,4026.0,15,4,4026.2,82,2,4026.6,75,1,4026.8,67,1,4026.9,40,1
11483,2026-07-02 12:36:06+05:30,4026.0,2,4040.55,1151756,148726.0,163714.0,4100.0,4110.0,4012.0,4092.6,24851575,4501.8,3683.4,4440.0,3288.1,4025.7,31,4,4025.6,16,2,4025.5,26,3,4025.4,18,2,4025.2,27,3,4026.0,15,4,4026.2,82,2,4026.6,75,1,4026.8,67,1,4026.9,40,1
11483,2026-07-02 12:36:08+05:30,4026.0,2,4040.55,1151756,148726.0,163714.0,4100.0,4110.0,4012.0,4092.6,24851575,4501.8,3683.4,4440.0,3288.1,4025.7,31,4,4025.6,16,2,4025.5,26,3,4025.4,18,2,4025.2,27,3,4026.0,15,4,4026.2,82,2,4026.6,75,1,4026.8,67,1,4026.9,40,1
11483,2026-07-02 12:36:10+05:30,4026.0,1,4040.55,1151777,149010.0,163879.0,4100.0,4110.0,4012.0,4092.6,24851575,4501.8,3683.4,4440.0,3288.1,4025.7,24,3,4025.6,22,3,4025.5,26,3,4025.4,18,2,4025.2,27,3,4026.0,192,5,4026.2,82,2,4026.6,75,1,4026.8,67,1,4026.9,40,1
11483,2026-07-02 12:36:10+05:30,4025.7,1,4040.55,1151777,149010.0,163879.0,4100.0,4110.0,4012.0,4092.6,24851575,4501.8,3683.4,4440.0,3288.1,4025.7,24,3,4025.6,22,3,4025.5,26,3,4025.4,18,2,4025.2,27,3,4026.0,192,5,4026.2,82,2,4026.6,75,1,4026.8,67,1,4026.9,40,1
11483,2026-07-02 12:36:12+05:30,4026.0,1,4040.55,1151777,149010.0,163879.0,4100.0,4110.0,4012.0,4092.6,24851575,4501.8,3683.4,4440.0,3288.1,4025.7,24,3,4025.6,22,3,4025.5,26,3,4025.4,18,2,4025.2,27,3,4026.0,192,5,4026.2,82,2,4026.6,75,1,4026.8,67,1,4026.9,40,1
11483,2026-07-02 12:36:14+05:30,4026.0,35,4040.55,1151838,148720.0,163732.0,4100.0,4110.0,4012.0,4092.6,24851575,4501.8,3683.4,4440.0,3288.1,4025.8,18,3,4025.7,25,4,4025.6,16,2,4025.5,26,3,4025.2,21,2,4026.0,68,2,4026.2,82,2,4026.6,75,1,4026.8,67,1,4026.9,40,1
11483,2026-07-02 12:36:14+05:30,4025.8,6,4040.55,1151838,148720.0,163732.0,4100.0,4110.0,4012.0,4092.6,24851575,4501.8,3683.4,4440.0,3288.1,4025.8,18,3,4025.7,25,4,4025.6,16,2,4025.5,26,3,4025.2,21,2,4026.0,68,2,4026.2,82,2,4026.6,75,1,4026.8,67,1,4026.9,40,1
11483,2026-07-02 12:36:16+05:30,4025.8,1,4040.55,1151838,148720.0,163732.0,4100.0,4110.0,4012.0,4092.6,24851575,4501.8,3683.4,4440.0,3288.1,4025.8,18,3,4025.7,25,4,4025.6,16,2,4025.5,26,3,4025.2,21,2,4026.0,68,2,4026.2,82,2,4026.6,75,1,4026.8,67,1,4026.9,40,1
11483,2026-07-02 12:36:19+05:30,4025.8,1,4040.55,1151870,148700.0,163684.0,4100.0,4110.0,4012.0,4092.6,24851575,4501.8,3683.4,4440.0,3288.1,4025.7,20,4,4025.6,14,1,4025.5,25,2,4025.2,21,2,4025.1,7,1,4025.8,8,2,4026.0,69,3,4026.2,82,2,4026.6,75,1,4026.8,67,1
11483,2026-07-02 12:36:20+05:30,4025.7,6,4040.55,1151885,148607.0,163678.0,4100.0,4110.0,4012.0,4092.6,24851575,4501.8,3683.4,4440.0,3288.1,4025.7,7,2,4025.6,14,1,4025.5,25,2,4025.2,21,2,4025.1,7,1,4025.8,6,2,4026.0,65,2,4026.2,82,2,4026.6,75,1,4026.8,67,1
11483,2026-07-02 12:36:20+05:30,4025.7,2,4040.55,1151885,148607.0,163678.0,4100.0,4110.0,4012.0,4092.6,24851575,4501.8,3683.4,4440.0,3288.1,4025.7,7,2,4025.6,14,1,4025.5,25,2,4025.2,21,2,4025.1,7,1,4025.8,6,2,4026.0,65,2,4026.2,82,2,4026.6,75,1,4026.8,67,1
11483,2026-07-02 12:36:21+05:30,4025.7,2,4040.55,1151887,148597.0,163726.0,4100.0,4110.0,4012.0,4092.6,24851575,4501.8,3683.4,4440.0,3288.1,4025.7,5,2,4025.6,14,1,4025.5,25,2,4025.2,21,2,4025.1,7,1,4025.8,7,3,4026.0,65,2,4026.2,82,2,4026.6,84,2,4026.8,67,1
11483,2026-07-02 12:36:22+05:30,4026.2,66,4040.54,1153022,149251.0,163356.0,4100.0,4110.0,4012.0,4092.6,24851575,4501.8,3683.4,4440.0,3288.1,4026.0,530,5,4025.8,5,1,4025.7,13,4,4025.6,8,1,4025.5,19,2,4026.2,16,2,4026.6,99,2,4026.8,67,1,4026.9,40,1,4027.0,1,1
11483,2026-07-02 12:36:22+05:30,4026.2,3,4040.54,1153022,149251.0,163356.0,4100.0,4110.0,4012.0,4092.6,24851575,4501.8,3683.4,4440.0,3288.1,4026.0,530,5,4025.8,5,1,4025.7,13,4,4025.6,8,1,4025.5,19,2,4026.2,16,2,4026.6,99,2,4026.8,67,1,4026.9,40,1,4027.0,1,1
11483,2026-07-02 12:36:23+05:30,4026.2,3,4040.54,1153169,149346.0,163452.0,4100.0,4110.0,4012.0,4092.6,24851575,4501.8,3683.4,4440.0,3288.1,4026.0,412,7,4025.8,1,1,4025.7,4,2,4025.5,34,2,4025.4,18,2,4026.2,79,2,4026.6,99,2,4026.8,67,1,4026.9,40,1,4027.0,1,1
11483,2026-07-02 12:36:23+05:30,4026.2,1,4040.54,1153169,149346.0,163452.0,4100.0,4110.0,4012.0,4092.6,24851575,4501.8,3683.4,4440.0,3288.1,4026.0,412,7,4025.8,1,1,4025.7,4,2,4025.5,34,2,4025.4,18,2,4026.2,79,2,4026.6,99,2,4026.8,67,1,4026.9,40,1,4027.0,1,1
11483,2026-07-02 12:36:23+05:30,4026.2,1,4040.52,1154012,148865.0,163615.0,4100.0,4110.0,4012.0,4092.6,24851575,4501.8,3683.4,4440.0,3288.1,4026.0,70,1,4025.8,1,1,4025.7,4,2,4025.1,41,1,4025.0,1447,28,4026.2,78,2,4026.3,28,1,4026.6,118,3,4026.8,83,3,4026.9,60,3
11483,2026-07-02 12:36:24+05:30,4026.2,1,4040.52,1154012,148865.0,163615.0,4100.0,4110.0,4012.0,4092.6,24851575,4501.8,3683.4,4440.0,3288.1,4026.0,70,1,4025.8,1,1,4025.7,4,2,4025.1,41,1,4025.0,1447,28,4026.2,78,2,4026.3,28,1,4026.6,118,3,4026.8,83,3,4026.9,60,3
11483,2026-07-02 12:36:24+05:30,4026.2,1,4040.52,1154114,149296.0,163606.0,4100.0,4110.0,4012.0,4092.6,24851575,4501.8,3683.4,4440.0,3288.1,4026.1,1,1,4026.0,500,1,4025.8,1,1,4025.7,4,2,4025.0,1457,30,4026.2,77,2,4026.3,28,1,4026.6,99,2,4026.8,67,1,4026.9,40,1
11483,2026-07-02 12:36:25+05:30,4026.0,1000,4040.52,1154114,149296.0,163606.0,4100.0,4110.0,4012.0,4092.6,24851575,4501.8,3683.4,4440.0,3288.1,4026.1,1,1,4026.0,500,1,4025.8,1,1,4025.7,4,2,4025.0,1457,30,4026.2,77,2,4026.3,28,1,4026.6,99,2,4026.8,67,1,4026.9,40,1
11483,2026-07-02 12:36:26+05:30,4026.0,1000,4040.51,1155115,148971.0,163650.0,4100.0,4110.0,4012.0,4092.6,24851575,4501.8,3683.4,4440.0,3288.1,4026.0,502,2,4025.8,1,1,4025.7,4,2,4025.0,1428,28,4024.9,5,1,4026.1,1,1,4026.2,77,2,4026.3,28,1,4026.6,118,3,4026.8,74,2
11483,2026-07-02 12:36:26+05:30,4026.0,1,4040.51,1155115,148971.0,163650.0,4100.0,4110.0,4012.0,4092.6,24851575,4501.8,3683.4,4440.0,3288.1,4026.0,502,2,4025.8,1,1,4025.7,4,2,4025.0,1428,28,4024.9,5,1,4026.1,1,1,4026.2,77,2,4026.3,28,1,4026.6,118,3,4026.8,74,2
11483,2026-07-02 12:36:26+05:30,4026.0,1,4040.5,1156247,148386.0,163629.0,4100.0,4110.0,4012.0,4092.6,24851575,4501.8,3683.4,4440.0,3288.1,4026.0,499,1,4025.8,1,1,4025.7,4,2,4025.0,1428,28,4024.9,5,1,4026.1,2,1,4026.2,77,2,4026.3,28,1,4026.6,99,2,4026.7,8,1
11483,2026-07-02 12:36:27+05:30,4026.1,2,4040.49,1156384,148253.0,163621.0,4100.0,4110.0,4012.0,4092.6,24851575,4501.8,3683.4,4440.0,3288.1,4026.0,364,1,4025.8,1,1,4025.7,3,1,4025.0,1428,28,4024.9,5,1,4026.1,2,1,4026.2,77,2,4026.3,28,1,4026.6,99,2,4026.7,8,1
11483,2026-07-02 12:36:27+05:30,4026.0,17,4040.49,1156384,148253.0,163621.0,4100.0,4110.0,4012.0,4092.6,24851575,4501.8,3683.4,4440.0,3288.1,4026.0,364,1,4025.8,1,1,4025.7,3,1,4025.0,1428,28,4024.9,5,1,4026.1,2,1,4026.2,77,2,4026.3,28,1,4026.6,99,2,4026.7,8,1
11483,2026-07-02 12:36:28+05:30,4026.1,6,4040.49,1157041,148090.0,163738.0,4100.0,4110.0,4012.0,4092.6,24851575,4501.8,3683.4,4440.0,3288.1,4025.8,1,1,4025.7,3,1,4025.0,1416,27,4024.8,1,1,4024.7,15,2,4026.2,99,4,4026.3,35,2,4026.4,8,1,4026.6,129,4,4026.7,20,2
11483,2026-07-02 12:36:28+05:30,4025.8,2,4040.49,1157041,148090.0,163738.0,4100.0,4110.0,4012.0,4092.6,24851575,4501.8,3683.4,4440.0,3288.1,4025.8,1,1,4025.7,3,1,4025.0,1416,27,4024.8,1,1,4024.7,15,2,4026.2,99,4,4026.3,35,2,4026.4,8,1,4026.6,129,4,4026.7,20,2
11483,2026-07-02 12:36:29+05:30,4025.8,1,4040.49,1157045,148436.0,163817.0,4100.0,4110.0,4012.0,4092.6,24851575,4501.8,3683.4,4440.0,3288.1,4025.7,3,1,4025.0,1416,27,4024.8,1,1,4024.7,39,3,4024.5,40,4,4025.8,4,1,4026.2,99,4,4026.6,146,6,4026.7,20,2,4026.8,120,5
11483,2026-07-02 12:36:29+05:30,4025.8,1,4040.49,1157045,148436.0,163817.0,4100.0,4110.0,4012.0,4092.6,24851575,4501.8,3683.4,4440.0,3288.1,4025.7,3,1,4025.0,1416,27,4024.8,1,1,4024.7,39,3,4024.5,40,4,4025.8,4,1,4026.2,99,4,4026.6,146,6,4026.7,20,2,4026.8,120,5
11483,2026-07-02 12:36:30+05:30,4025.8,1,4040.49,1157052,148429.0,163805.0,4100.0,4110.0,4012.0,4092.6,24851575,4501.8,3683.4,4440.0,3288.1,4025.7,1,1,4025.0,1416,27,4024.8,1,1,4024.7,39,3,4024.5,40,4,4025.8,21,4,4026.2,88,3,4026.6,146,6,4026.7,20,2,4026.8,120,5
11483,2026-07-02 12:36:30+05:30,4025.7,1,4040.49,1157052,148429.0,163805.0,4100.0,4110.0,4012.0,4092.6,24851575,4501.8,3683.4,4440.0,3288.1,4025.7,1,1,4025.0,1416,27,4024.8,1,1,4024.7,39,3,4024.5,40,4,4025.8,21,4,4026.2,88,3,4026.6,146,6,4026.7,20,2,4026.8,120,5
11483,2026-07-02 12:36:31+05:30,4025.8,4,4040.49,1157057,148688.0,163704.0,4100.0,4110.0,4012.0,4092.6,24851575,4501.8,3683.4,4440.0,3288.1,4025.3,47,4,4025.2,17,2,4025.0,1416,27,4024.7,27,2,4024.6,20,1,4025.8,12,4,4026.2,77,2,4026.6,123,4,4026.7,8,1,4026.8,98,3
11483,2026-07-02 12:36:31+05:30,4025.3,1,4040.49,1157057,148688.0,163704.0,4100.0,4110.0,4012.0,4092.6,24851575,4501.8,3683.4,4440.0,3288.1,4025.3,47,4,4025.2,17,2,4025.0,1416,27,4024.7,27,2,4024.6,20,1,4025.8,12,4,4026.2,77,2,4026.6,123,4,4026.7,8,1,4026.8,98,3
11483,2026-07-02 12:36:32+05:30,4025.8,5,4040.49,1157067,148568.0,163686.0,4100.0,4110.0,4012.0,4092.6,24851575,4501.8,3683.4,4440.0,3288.1,4025.4,1,1,4025.3,46,4,4025.0,1416,27,4024.7,36,3,4024.6,20,1,4025.8,11,3,4026.2,77,2,4026.6,118,3,4026.7,8,1,4026.8,98,3
11483,2026-07-02 12:36:32+05:30,4025.4,1,4040.49,1157067,148568.0,163686.0,4100.0,4110.0,4012.0,4092.6,24851575,4501.8,3683.4,4440.0,3288.1,4025.4,1,1,4025.3,46,4,4025.0,1416,27,4024.7,36,3,4024.6,20,1,4025.8,11,3,4026.2,77,2,4026.6,118,3,4026.7,8,1,4026.8,98,3
11483,2026-07-02 12:36:33+05:30,4025.8,1,4040.49,1157069,148651.0,163713.0,4100.0,4110.0,4012.0,4092.6,24851575,4501.8,3683.4,4440.0,3288.1,4025.4,1,1,4025.3,46,4,4025.0,1416,27,4024.8,1,1,4024.7,36,3,4025.8,10,3,4026.2,77,2,4026.6,118,3,4026.7,8,1,4026.8,98,3
11483,2026-07-02 12:36:33+05:30,4025.8,1,4040.49,1157069,148651.0,163713.0,4100.0,4110.0,4012.0,4092.6,24851575,4501.8,3683.4,4440.0,3288.1,4025.4,1,1,4025.3,46,4,4025.0,1416,27,4024.8,1,1,4024.7,36,3,4025.8,10,3,4026.2,77,2,4026.6,118,3,4026.7,8,1,4026.8,98,3
11483,2026-07-02 12:36:34+05:30,4025.8,1,4040.49,1157069,148657.0,163764.0,4100.0,4110.0,4012.0,4092.6,24851575,4501.8,3683.4,4440.0,3288.1,4025.4,1,1,4025.3,46,4,4025.0,1416,27,4024.8,1,1,4024.7,36,3,4025.8,10,3,4026.0,92,1,4026.2,77,2,4026.6,118,3,4026.7,8,1
11483,2026-07-02 12:36:35+05:30,4025.8,4,4040.49,1157076,148705.0,163680.0,4100.0,4110.0,4012.0,4092.6,24851575,4501.8,3683.4,4440.0,3288.1,4025.4,1,1,4025.3,46,4,4025.0,1416,27,4024.8,1,1,4024.7,36,3,4025.8,12,3,4026.0,92,1,4026.2,77,2,4026.6,118,3,4026.8,91,2
11483,2026-07-02 12:36:35+05:30,4025.4,1,4040.49,1157076,148705.0,163680.0,4100.0,4110.0,4012.0,4092.6,24851575,4501.8,3683.4,4440.0,3288.1,4025.4,1,1,4025.3,46,4,4025.0,1416,27,4024.8,1,1,4024.7,36,3,4025.8,12,3,4026.0,92,1,4026.2,77,2,4026.6,118,3,4026.8,91,2
11483,2026-07-02 12:36:36+05:30,4025.4,1,4040.49,1157077,148756.0,163699.0,4100.0,4110.0,4012.0,4092.6,24851575,4501.8,3683.4,4440.0,3288.1,4025.3,71,6,4025.2,17,2,4025.0,1416,27,4024.9,20,1,4024.8,1,1,4025.8,13,4,4026.0,92,1,4026.2,77,2,4026.6,136,4,4026.8,91,2
11483,2026-07-02 12:36:37+05:30,4025.4,1,4040.49,1157077,148738.0,163694.0,4100.0,4110.0,4012.0,4092.6,24851575,4501.8,3683.4,4440.0,3288.1,4025.4,2,1,4025.3,59,5,4025.0,1416,27,4024.9,20,1,4024.7,36,3,4025.8,13,4,4026.0,92,1,4026.2,77,2,4026.6,136,4,4026.8,91,2
11483,2026-07-02 12:36:37+05:30,4025.8,1,4040.49,1157077,148738.0,163694.0,4100.0,4110.0,4012.0,4092.6,24851575,4501.8,3683.4,4440.0,3288.1,4025.4,2,1,4025.3,59,5,4025.0,1416,27,4024.9,20,1,4024.7,36,3,4025.8,13,4,4026.0,92,1,4026.2,77,2,4026.6,136,4,4026.8,91,2
11483,2026-07-02 12:36:38+05:30,4025.8,1,4040.49,1157090,148738.0,163654.0,4100.0,4110.0,4012.0,4092.6,24851575,4501.8,3683.4,4440.0,3288.1,4025.4,2,1,4025.3,59,5,4025.1,4,1,4025.0,1440,28,4024.9,32,2,4025.8,15,2,4026.0,92,1,4026.2,77,2,4026.6,118,3,4026.8,67,1
11483,2026-07-02 12:36:38+05:30,4025.8,8,4040.49,1157090,148738.0,163654.0,4100.0,4110.0,4012.0,4092.6,24851575,4501.8,3683.4,4440.0,3288.1,4025.4,2,1,4025.3,59,5,4025.1,4,1,4025.0,1440,28,4024.9,32,2,4025.8,15,2,4026.0,92,1,4026.2,77,2,4026.6,118,3,4026.8,67,1
11483,2026-07-02 12:36:39+05:30,4026.0,968,4040.46,1159084,148697.0,163678.0,4100.0,4110.0,4012.0,4092.6,24851575,4501.8,3683.4,4440.0,3288.1,4025.4,2,1,4025.3,24,2,4025.0,1416,27,4024.9,12,1,4024.8,13,1,4026.0,110,1,4026.2,77,2,4026.6,124,4,4026.7,4,1,4026.8,67,1
11483,2026-07-02 12:36:39+05:30,4025.4,13,4040.46,1159084,148697.0,163678.0,4100.0,4110.0,4012.0,4092.6,24851575,4501.8,3683.4,4440.0,3288.1,4025.4,2,1,4025.3,24,2,4025.0,1416,27,4024.9,12,1,4024.8,13,1,4026.0,110,1,4026.2,77,2,4026.6,124,4,4026.7,4,1,4026.8,67,1
11483,2026-07-02 12:36:40+05:30,4025.4,2,4040.46,1159100,148828.0,163848.0,4100.0,4110.0,4012.0,4092.6,24851575,4501.8,3683.4,4440.0,3288.1,4025.3,46,4,4025.2,2,1,4025.1,20,1,4025.0,1440,28,4024.7,45,4,4025.4,12,2,4026.0,110,1,4026.2,77,2,4026.6,105,3,4026.7,4,1
11483,2026-07-02 12:36:40+05:30,4025.3,2,4040.46,1159100,148828.0,163848.0,4100.0,4110.0,4012.0,4092.6,24851575,4501.8,3683.4,4440.0,3288.1,4025.3,46,4,4025.2,2,1,4025.1,20,1,4025.0,1440,28,4024.7,45,4,4025.4,12,2,4026.0,110,1,4026.2,77,2,4026.6,105,3,4026.7,4,1
11483,2026-07-02 12:36:41+05:30,4025.4,1,4040.46,1159153,148929.0,163695.0,4100.0,4110.0,4012.0,4092.6,24851575,4501.8,3683.4,4440.0,3288.1,4025.3,53,5,4025.2,14,2,4025.1,20,1,4025.0,1416,27,4024.7,36,3,4025.4,20,3,4026.0,110,1,4026.2,77,2,4026.6,105,3,4026.7,4,1
11483,2026-07-02 12:36:41+05:30,4025.4,1,4040.46,1159153,148929.0,163695.0,4100.0,4110.0,4012.0,4092.6,24851575,4501.8,3683.4,4440.0,3288.1,4025.3,53,5,4025.2,14,2,4025.1,20,1,4025.0,1416,27,4024.7,36,3,4025.4,20,3,4026.0,110,1,4026.2,77,2,4026.6,105,3,4026.7,4,1
11483,2026-07-02 12:36:42+05:30,4025.4,5,4040.46,1159347,149031.0,163660.0,4100.0,4110.0,4012.0,4092.6,24851575,4501.8,3683.4,4440.0,3288.1,4025.3,46,6,4025.2,14,2,4025.1,20,1,4025.0,1440,28,4024.7,46,4,4025.4,3,2,4026.0,110,1,4026.2,77,2,4026.6,105,3,4026.8,86,2
11483,2026-07-02 12:36:42+05:30,4025.4,1,4040.46,1159347,149031.0,163660.0,4100.0,4110.0,4012.0,4092.6,24851575,4501.8,3683.4,4440.0,3288.1,4025.3,46,6,4025.2,14,2,4025.1,20,1,4025.0,1440,28,4024.7,46,4,4025.4,3,2,4026.0,110,1,4026.2,77,2,4026.6,105,3,4026.8,86,2
11483,2026-07-02 12:36:43+05:30,4025.4,18,4040.46,1159401,148502.0,163782.0,4100.0,4110.0,4012.0,4092.6,24851575,4501.8,3683.4,4440.0,3288.1,4025.4,7,1,4025.3,46,5,4025.0,1460,29,4024.7,46,4,4024.6,11,1,4026.0,110,1,4026.2,77,2,4026.6,105,3,4026.8,85,2,4026.9,52,2
11483,2026-07-02 12:36:43+05:30,4025.4,7,4040.46,1159401,148502.0,163782.0,4100.0,4110.0,4012.0,4092.6,24851575,4501.8,3683.4,4440.0,3288.1,4025.4,7,1,4025.3,46,5,4025.0,1460,29,4024.7,46,4,4024.6,11,1,4026.0,110,1,4026.2,77,2,4026.6,105,3,4026.8,85,2,4026.9,52,2
11483,2026-07-02 12:36:44+05:30,4025.4,7,4040.46,1159408,148494.0,163785.0,4100.0,4110.0,4012.0,4092.6,24851575,4501.8,3683.4,4440.0,3288.1,4025.3,55,6,4025.2,13,2,4025.1,5,1,4025.0,1460,29,4024.7,46,4,4026.0,110,1,4026.2,77,2,4026.6,105,3,4026.8,67,1,4026.9,71,3
11483,2026-07-02 12:36:44+05:30,4026.0,12,4040.46,1159408,148494.0,163785.0,4100.0,4110.0,4012.0,4092.6,24851575,4501.8,3683.4,4440.0,3288.1,4025.3,55,6,4025.2,13,2,4025.1,5,1,4025.0,1460,29,4024.7,46,4,4026.0,110,1,4026.2,77,2,4026.6,105,3,4026.8,67,1,4026.9,71,3
11483,2026-07-02 12:36:45+05:30,4026.0,12,4040.46,1159420,148523.0,163786.0,4100.0,4110.0,4012.0,4092.6,24851575,4501.8,3683.4,4440.0,3288.1,4025.3,66,7,4025.2,13,2,4025.1,5,1,4025.0,1460,29,4024.7,46,4,4026.0,103,2,4026.2,87,3,4026.6,105,3,4026.8,67,1,4026.9,71,3
11483,2026-07-02 12:36:45+05:30,4025.3,1,4040.46,1159420,148523.0,163786.0,4100.0,4110.0,4012.0,4092.6,24851575,4501.8,3683.4,4440.0,3288.1,4025.3,66,7,4025.2,13,2,4025.1,5,1,4025.0,1460,29,4024.7,46,4,4026.0,103,2,4026.2,87,3,4026.6,105,3,4026.8,67,1,4026.9,71,3
11483,2026-07-02 12:36:46+05:30,4026.0,7,4040.46,1159429,148595.0,163780.0,4100.0,4110.0,4012.0,4092.6,24851575,4501.8,3683.4,4440.0,3288.1,4025.8,2,2,4025.3,22,3,4025.1,14,1,4025.0,1421,28,4024.8,25,2,4026.0,101,3,4026.2,87,3,4026.6,105,3,4026.8,67,1,4026.9,59,2
11483,2026-07-02 12:36:46+05:30,4025.8,1,4040.46,1159429,148595.0,163780.0,4100.0,4110.0,4012.0,4092.6,24851575,4501.8,3683.4,4440.0,3288.1,4025.8,2,2,4025.3,22,3,4025.1,14,1,4025.0,1421,28,4024.8,25,2,4026.0,101,3,4026.2,87,3,4026.6,105,3,4026.8,67,1,4026.9,59,2
11483,2026-07-02 12:36:47+05:30,4026.0,2,4040.46,1159432,148539.0,163781.0,4100.0,4110.0,4012.0,4092.6,24851575,4501.8,3683.4,4440.0,3288.1,4025.8,2,2,4025.3,21,2,4025.0,1421,28,4024.8,5,1,4024.7,48,4,4026.0,99,3,4026.2,87,3,4026.6,105,3,4026.8,91,2,4026.9,59,2
11483,2026-07-02 12:36:47+05:30,4026.0,4,4040.46,1159432,148539.0,163781.0,4100.0,4110.0,4012.0,4092.6,24851575,4501.8,3683.4,4440.0,3288.1,4025.8,2,2,4025.3,21,2,4025.0,1421,28,4024.8,5,1,4024.7,48,4,4026.0,99,3,4026.2,87,3,4026.6,105,3,4026.8,91,2,4026.9,59,2
11483,2026-07-02 12:36:48+05:30,4026.0,25,4040.46,1159462,148552.0,163754.0,4100.0,4110.0,4012.0,4092.6,24851575,4501.8,3683.4,4440.0,3288.1,4025.8,2,2,4025.3,15,2,4025.0,1464,31,4024.8,5,1,4024.7,48,4,4026.0,69,3,4026.2,87,3,4026.6,105,3,4026.8,91,2,4026.9,59,2
11483,2026-07-02 12:36:48+05:30,4025.8,1,4040.46,1159462,148552.0,163754.0,4100.0,4110.0,4012.0,4092.6,24851575,4501.8,3683.4,4440.0,3288.1,4025.8,2,2,4025.3,15,2,4025.0,1464,31,4024.8,5,1,4024.7,48,4,4026.0,69,3,4026.2,87,3,4026.6,105,3,4026.8,91,2,4026.9,59,2
11483,2026-07-02 12:36:49+05:30,4025.8,1,4040.46,1159467,148568.0,163816.0,4100.0,4110.0,4012.0,4092.6,24851575,4501.8,3683.4,4440.0,3288.1,4025.4,4,1,4025.3,15,2,4025.0,1440,30,4024.8,5,1,4024.7,48,4,4026.0,69,3,4026.2,87,3,4026.5,15,1,4026.6,105,3,4026.8,91,2
11483,2026-07-02 12:36:49+05:30,4026.0,25,4040.46,1159467,148568.0,163816.0,4100.0,4110.0,4012.0,4092.6,24851575,4501.8,3683.4,4440.0,3288.1,4025.4,4,1,4025.3,15,2,4025.0,1440,30,4024.8,5,1,4024.7,48,4,4026.0,69,3,4026.2,87,3,4026.5,15,1,4026.6,105,3,4026.8,91,2
11483,2026-07-02 12:36:50+05:30,4026.0,25,4040.46,1159492,148629.0,163778.0,4100.0,4110.0,4012.0,4092.6,24851575,4501.8,3683.4,4440.0,3288.1,4025.4,4,1,4025.3,50,5,4025.0,1440,30,4024.8,5,1,4024.7,48,4,4026.0,44,3,4026.2,87,3,4026.5,15,1,4026.6,105,3,4026.7,177,2
11483,2026-07-02 12:36:50+05:30,4025.4,1,4040.46,1159492,148629.0,163778.0,4100.0,4110.0,4012.0,4092.6,24851575,4501.8,3683.4,4440.0,3288.1,4025.4,4,1,4025.3,50,5,4025.0,1440,30,4024.8,5,1,4024.7,48,4,4026.0,44,3,4026.2,87,3,4026.5,15,1,4026.6,105,3,4026.7,177,2
11483,2026-07-02 12:36:51+05:30,4025.8,3,4040.46,1159504,148546.0,163942.0,4100.0,4110.0,4012.0,4092.6,24851575,4501.8,3683.4,4440.0,3288.1,4025.3,5,1,4025.1,20,1,4025.0,1440,30,4024.7,57,4,4024.6,11,1,4026.0,140,4,4026.2,87,3,4026.5,34,2,4026.6,105,3,4026.7,177,2
11483,2026-07-02 12:36:51+05:30,4026.5,18,4040.46,1159504,148546.0,163942.0,4100.0,4110.0,4012.0,4092.6,24851575,4501.8,3683.4,4440.0,3288.1,4025.3,5,1,4025.1,20,1,4025.0,1440,30,4024.7,57,4,4024.6,11,1,4026.0,140,4,4026.2,87,3,4026.5,34,2,4026.6,105,3,4026.7,177,2
11483,2026-07-02 12:36:52+05:30,4026.5,18,4040.45,1159907,148607.0,163631.0,4100.0,4110.0,4012.0,4092.6,24851575,4501.8,3683.4,4440.0,3288.1,4025.6,1,1,4025.4,12,1,4025.3,35,4,4025.2,10,1,4025.0,1421,28,4026.5,14,1,4026.6,105,3,4026.7,175,1,4026.8,69,2,4026.9,71,3
11483,2026-07-02 12:36:52+05:30,4025.6,1,4040.45,1159907,148607.0,163631.0,4100.0,4110.0,4012.0,4092.6,24851575,4501.8,3683.4,4440.0,3288.1,4025.6,1,1,4025.4,12,1,4025.3,35,4,4025.2,10,1,4025.0,1421,28,4026.5,14,1,4026.6,105,3,4026.7,175,1,4026.8,69,2,4026.9,71,3
11483,2026-07-02 12:36:53+05:30,4025.6,1,4040.45,1159911,148563.0,163667.0,4100.0,4110.0,4012.0,4092.6,24851575,4501.8,3683.4,4440.0,3288.1,4025.3,72,9,4025.2,12,2,4025.1,4,1,4025.0,1421,28,4024.9,30,2,4025.6,2,2,4026.5,50,2,4026.6,99,2,4026.7,183,2,4026.8,69,2
11483,2026-07-02 12:36:53+05:30,4025.3,4,4040.44,1160422,148048.0,163796.0,4100.0,4110.0,4012.0,4092.6,24851575,4501.8,3683.4,4440.0,3288.1,4025.3,35,3,4025.2,2,1,4025.0,1003,24,4024.7,3,1,4024.5,27,3,4025.6,20,3,4026.0,160,1,4026.4,4,1,4026.5,19,2,4026.6,112,3
11483,2026-07-02 12:36:53+05:30,4025.3,4,4040.44,1160422,148048.0,163796.0,4100.0,4110.0,4012.0,4092.6,24851575,4501.8,3683.4,4440.0,3288.1,4025.3,35,3,4025.2,2,1,4025.0,1003,24,4024.7,3,1,4024.5,27,3,4025.6,20,3,4026.0,160,1,4026.4,4,1,4026.5,19,2,4026.6,112,3
11483,2026-07-02 12:36:54+05:30,4026.0,2,4040.43,1161471,148415.0,163718.0,4100.0,4110.0,4012.0,4092.6,24851575,4501.8,3683.4,4440.0,3288.1,4025.3,132,6,4025.2,33,4,4025.1,4,1,4025.0,1003,24,4024.8,20,1,4026.0,158,1,4026.5,14,1,4026.6,99,2,4026.7,183,2,4026.8,69,2
11483,2026-07-02 12:36:54+05:30,4026.0,2,4040.43,1161471,148415.0,163718.0,4100.0,4110.0,4012.0,4092.6,24851575,4501.8,3683.4,4440.0,3288.1,4025.3,132,6,4025.2,33,4,4025.1,4,1,4025.0,1003,24,4024.8,20,1,4026.0,158,1,4026.5,14,1,4026.6,99,2,4026.7,183,2,4026.8,69,2
11483,2026-07-02 12:36:55+05:30,4026.0,1,4040.43,1161605,148331.0,163723.0,4100.0,4110.0,4012.0,4092.6,24851575,4501.8,3683.4,4440.0,3288.1,4025.3,45,4,4025.2,11,2,4025.0,1003,24,4024.9,4,1,4024.8,5,1,4026.0,156,1,4026.5,14,1,4026.6,99,2,4026.7,183,2,4026.8,69,2
11483,2026-07-02 12:36:55+05:30,4026.0,1,4040.43,1161605,148331.0,163723.0,4100.0,4110.0,4012.0,4092.6,24851575,4501.8,3683.4,4440.0,3288.1,4025.3,45,4,4025.2,11,2,4025.0,1003,24,4024.9,4,1,4024.8,5,1,4026.0,156,1,4026.5,14,1,4026.6,99,2,4026.7,183,2,4026.8,69,2
11483,2026-07-02 12:36:56+05:30,4026.0,15,4040.43,1161639,148350.0,163710.0,4100.0,4110.0,4012.0,4092.6,24851575,4501.8,3683.4,4440.0,3288.1,4025.3,55,6,4025.2,20,3,4025.0,1003,24,4024.9,4,1,4024.8,5,1,4026.0,141,1,4026.5,14,1,4026.6,99,2,4026.7,183,2,4026.8,69,2
11483,2026-07-02 12:36:56+05:30,4026.0,15,4040.43,1161639,148350.0,163710.0,4100.0,4110.0,4012.0,4092.6,24851575,4501.8,3683.4,4440.0,3288.1,4025.3,55,6,4025.2,20,3,4025.0,1003,24,4024.9,4,1,4024.8,5,1,4026.0,141,1,4026.5,14,1,4026.6,99,2,4026.7,183,2,4026.8,69,2
11483,2026-07-02 12:36:56+05:30,4026.0,15,4040.43,1161639,148350.0,163710.0,4100.0,4110.0,4012.0,4092.6,24851575,4501.8,3683.4,4440.0,3288.1,4025.3,55,6,4025.2,20,3,4025.0,1003,24,4024.9,4,1,4024.8,5,1,4026.0,141,1,4026.5,14,1,4026.6,99,2,4026.7,183,2,4026.8,69,2
11483,2026-07-02 12:36:57+05:30,4026.0,15,4040.43,1161639,148350.0,163710.0,4100.0,4110.0,4012.0,4092.6,24851575,4501.8,3683.4,4440.0,3288.1,4025.3,55,6,4025.2,20,3,4025.0,1003,24,4024.9,4,1,4024.8,5,1,4026.0,141,1,4026.5,14,1,4026.6,99,2,4026.7,183,2,4026.8,69,2
11483,2026-07-02 12:36:57+05:30,4025.9,15,4040.43,1161858,148301.0,163717.0,4100.0,4110.0,4012.0,4092.6,24851575,4501.8,3683.4,4440.0,3288.1,4025.3,58,7,4025.2,11,2,4025.0,1003,24,4024.9,4,1,4024.7,27,2,4025.9,13,1,4026.0,160,1,4026.5,14,1,4026.6,104,3,4026.7,183,2
11483,2026-07-02 12:36:57+05:30,4025.9,15,4040.43,1161858,148301.0,163717.0,4100.0,4110.0,4012.0,4092.6,24851575,4501.8,3683.4,4440.0,3288.1,4025.3,58,7,4025.2,11,2,4025.0,1003,24,4024.9,4,1,4024.7,27,2,4025.9,13,1,4026.0,160,1,4026.5,14,1,4026.6,104,3,4026.7,183,2
11483,2026-07-02 12:36:58+05:30,4025.9,15,4040.43,1161858,148301.0,163717.0,4100.0,4110.0,4012.0,4092.6,24851575,4501.8,3683.4,4440.0,3288.1,4025.3,58,7,4025.2,11,2,4025.0,1003,24,4024.9,4,1,4024.7,27,2,4025.9,13,1,4026.0,160,1,4026.5,14,1,4026.6,104,3,4026.7,183,2
11483,2026-07-02 12:36:58+05:30,4025.9,7,4040.43,1161894,148339.0,163755.0,4100.0,4110.0,4012.0,4092.6,24851575,4501.8,3683.4,4440.0,3288.1,4025.3,71,8,4025.2,2,1,4025.0,1003,24,4024.9,4,1,4024.8,20,1,4025.9,9,2,4026.0,160,1,4026.5,14,1,4026.6,104,3,4026.7,183,2
11483,2026-07-02 12:36:58+05:30,4025.9,7,4040.43,1161894,148339.0,163755.0,4100.0,4110.0,4012.0,4092.6,24851575,4501.8,3683.4,4440.0,3288.1,4025.3,71,8,4025.2,2,1,4025.0,1003,24,4024.9,4,1,4024.8,20,1,4025.9,9,2,4026.0,160,1,4026.5,14,1,4026.6,104,3,4026.7,183,2
11483,2026-07-02 12:36:59+05:30,4025.9,7,4040.43,1161894,148339.0,163755.0,4100.0,4110.0,4012.0,4092.6,24851575,4501.8,3683.4,4440.0,3288.1,4025.3,71,8,4025.2,2,1,4025.0,1003,24,4024.9,4,1,4024.8,20,1,4025.9,9,2,4026.0,160,1,4026.5,14,1,4026.6,104,3,4026.7,183,2
11483,2026-07-02 12:36:59+05:30,4025.3,1,4040.43,1161899,148334.0,163756.0,4100.0,4110.0,4012.0,4092.6,24851575,4501.8,3683.4,4440.0,3288.1,4025.3,66,7,4025.2,2,1,4025.0,1003,24,4024.9,4,1,4024.8,20,1,4025.9,9,2,4026.0,160,1,4026.5,14,1,4026.6,104,3,4026.7,183,2
11483,2026-07-02 12:36:59+05:30,4025.3,1,4040.43,1161899,148334.0,163756.0,4100.0,4110.0,4012.0,4092.6,24851575,4501.8,3683.4,4440.0,3288.1,4025.3,66,7,4025.2,2,1,4025.0,1003,24,4024.9,4,1,4024.8,20,1,4025.9,9,2,4026.0,160,1,4026.5,14,1,4026.6,104,3,4026.7,183,2
11483,2026-07-02 12:37:00+05:30,4025.3,1,4040.43,1161899,148334.0,163756.0,4100.0,4110.0,4012.0,4092.6,24851575,4501.8,3683.4,4440.0,3288.1,4025.3,66,7,4025.2,2,1,4025.0,1003,24,4024.9,4,1,4024.8,20,1,4025.9,9,2,4026.0,160,1,4026.5,14,1,4026.6,104,3,4026.7,183,2
11483,2026-07-02 12:37:00+05:30,4025.9,2,4040.42,1161921,148352.0,163654.0,4100.0,4110.0,4012.0,4092.6,24851575,4501.8,3683.4,4440.0,3288.1,4025.3,67,7,4025.2,2,1,4025.0,998,23,4024.9,4,1,4024.8,20,1,4025.9,14,2,4026.5,14,1,4026.6,104,3,4026.7,183,2,4026.8,91,2
11483,2026-07-02 12:37:00+05:30,4025.9,2,4040.42,1161921,148352.0,163654.0,4100.0,4110.0,4012.0,4092.6,24851575,4501.8,3683.4,4440.0,3288.1,4025.3,67,7,4025.2,2,1,4025.0,998,23,4024.9,4,1,4024.8,20,1,4025.9,14,2,4026.5,14,1,4026.6,104,3,4026.7,183,2,4026.8,91,2
11483,2026-07-02 12:37:01+05:30,4025.9,2,4040.42,1161921,148352.0,163654.0,4100.0,4110.0,4012.0,4092.6,24854550,4501.8,3683.4,4440.0,3288.1,4025.3,67,7,4025.2,2,1,4025.0,998,23,4024.9,4,1,4024.8,20,1,4025.9,14,2,4026.5,14,1,4026.6,104,3,4026.7,183,2,4026.8,91,2
11483,2026-07-02 12:37:01+05:30,4025.3,2,4040.42,1161926,148349.0,163869.0,4100.0,4110.0,4012.0,4092.6,24854550,4501.8,3683.4,4440.0,3288.1,4025.3,51,5,4025.2,10,2,4025.0,998,23,4024.9,4,1,4024.8,20,1,4025.9,14,2,4026.5,14,1,4026.6,104,3,4026.7,183,2,4026.8,91,2
11483,2026-07-02 12:37:01+05:30,4025.3,2,4040.42,1161926,148349.0,163869.0,4100.0,4110.0,4012.0,4092.6,24854550,4501.8,3683.4,4440.0,3288.1,4025.3,51,5,4025.2,10,2,4025.0,998,23,4024.9,4,1,4024.8,20,1,4025.9,14,2,4026.5,14,1,4026.6,104,3,4026.7,183,2,4026.8,91,2
11483,2026-07-02 12:37:02+05:30,4025.3,2,4040.42,1161926,148349.0,163869.0,4100.0,4110.0,4012.0,4092.6,24854550,4501.8,3683.4,4440.0,3288.1,4025.3,51,5,4025.2,10,2,4025.0,998,23,4024.9,4,1,4024.8,20,1,4025.9,14,2,4026.5,14,1,4026.6,104,3,4026.7,183,2,4026.8,91,2
11483,2026-07-02 12:37:02+05:30,4025.9,4,4040.42,1161930,148316.0,164069.0,4100.0,4110.0,4012.0,4092.6,24854550,4501.8,3683.4,4440.0,3288.1,4025.6,2,2,4025.0,998,23,4024.8,5,1,4024.7,27,2,4024.5,41,5,4025.9,260,4,4026.2,19,1,4026.5,26,2,4026.6,123,4,4026.7,198,3
11483,2026-07-02 12:37:02+05:30,4025.9,4,4040.42,1161930,148316.0,164069.0,4100.0,4110.0,4012.0,4092.6,24854550,4501.8,3683.4,4440.0,3288.1,4025.6,2,2,4025.0,998,23,4024.8,5,1,4024.7,27,2,4024.5,41,5,4025.9,260,4,4026.2,19,1,4026.5,26,2,4026.6,123,4,4026.7,198,3
11483,2026-07-02 12:37:02+05:30,4025.9,4,4040.42,1161930,148316.0,164069.0,4100.0,4110.0,4012.0,4092.6,24854550,4501.8,3683.4,4440.0,3288.1,4025.6,2,2,4025.0,998,23,4024.8,5,1,4024.7,27,2,4024.5,41,5,4025.9,260,4,4026.2,19,1,4026.5,26,2,4026.6,123,4,4026.7,198,3
11483,2026-07-02 12:37:03+05:30,4025.9,3,4040.42,1161941,148321.0,164093.0,4100.0,4110.0,4012.0,4092.6,24854550,4501.8,3683.4,4440.0,3288.1,4025.6,2,2,4025.0,998,23,4024.8,5,1,4024.7,27,2,4024.5,41,5,4025.9,266,4,4026.2,19,1,4026.5,26,2,4026.6,123,4,4026.7,198,3
11483,2026-07-02 12:37:03+05:30,4025.6,1,4040.42,1161941,148321.0,164093.0,4100.0,4110.0,4012.0,4092.6,24854550,4501.8,3683.4,4440.0,3288.1,4025.6,2,2,4025.0,998,23,4024.8,5,1,4024.7,27,2,4024.5,41,5,4025.9,266,4,4026.2,19,1,4026.5,26,2,4026.6,123,4,4026.7,198,3
11483,2026-07-02 12:37:04+05:30,4025.6,1,4040.42,1161942,148329.0,164103.0,4100.0,4110.0,4012.0,4092.6,24854550,4501.8,3683.4,4440.0,3288.1,4025.6,1,1,4025.0,1002,24,4024.8,5,1,4024.7,27,2,4024.5,20,4,4025.9,276,5,4026.3,19,1,4026.5,26,2,4026.6,123,4,4026.7,198,3
11483,2026-07-02 12:37:05+05:30,4025.6,1,4040.42,1161942,148262.0,164052.0,4100.0,4110.0,4012.0,4092.6,24854550,4501.8,3683.4,4440.0,3288.1,4025.6,1,1,4025.0,1002,24,4024.8,5,1,4024.7,3,1,4024.5,15,3,4025.9,286,6,4026.1,7,1,4026.3,28,2,4026.5,38,3,4026.6,121,4
11483,2026-07-02 12:37:05+05:30,4025.9,11,4040.42,1161942,148262.0,164052.0,4100.0,4110.0,4012.0,4092.6,24854550,4501.8,3683.4,4440.0,3288.1,4025.6,1,1,4025.0,1002,24,4024.8,5,1,4024.7,3,1,4024.5,15,3,4025.9,286,6,4026.1,7,1,4026.3,28,2,4026.5,38,3,4026.6,121,4
11483,2026-07-02 12:37:06+05:30,4025.9,8,4040.42,1161961,148273.0,164071.0,4100.0,4110.0,4012.0,4092.6,24854550,4501.8,3683.4,4440.0,3288.1,4025.6,1,1,4025.0,1002,24,4024.8,5,1,4024.7,3,1,4024.5,15,3,4025.9,279,7,4026.1,7,1,4026.3,28,2,4026.5,38,3,4026.6,121,4
11483,2026-07-02 12:37:06+05:30,4025.6,1,4040.42,1161961,148273.0,164071.0,4100.0,4110.0,4012.0,4092.6,24854550,4501.8,3683.4,4440.0,3288.1,4025.6,1,1,4025.0,1002,24,4024.8,5,1,4024.7,3,1,4024.5,15,3,4025.9,279,7,4026.1,7,1,4026.3,28,2,4026.5,38,3,4026.6,121,4
11483,2026-07-02 12:37:07+05:30,4025.6,1,4040.42,1161962,148341.0,164108.0,4100.0,4110.0,4012.0,4092.6,24854550,4501.8,3683.4,4440.0,3288.1,4025.3,41,4,4025.2,10,2,4025.1,11,1,4025.0,1026,25,4024.7,29,2,4025.6,1,1,4025.9,259,5,4026.5,38,3,4026.6,134,5,4026.7,198,3
11483,2026-07-02 12:37:08+05:30,4026.6,55,4040.42,1162666,149535.0,163129.0,4100.0,4110.0,4012.0,4092.6,24854550,4501.8,3683.4,4440.0,3288.1,4025.6,119,1,4025.5,10,1,4025.4,21,1,4025.3,14,2,4025.2,38,1,4026.7,8,1,4026.8,89,3,4026.9,40,1,4027.0,1,1,4027.1,15,2
11483,2026-07-02 12:37:08+05:30,4025.6,85,4040.42,1162666,149535.0,163129.0,4100.0,4110.0,4012.0,4092.6,24854550,4501.8,3683.4,4440.0,3288.1,4025.6,119,1,4025.5,10,1,4025.4,21,1,4025.3,14,2,4025.2,38,1,4026.7,8,1,4026.8,89,3,4026.9,40,1,4027.0,1,1,4027.1,15,2
11483,2026-07-02 12:37:09+05:30,4026.0,10,4040.41,1162761,149496.0,163061.0,4100.0,4110.0,4012.0,4092.6,24854550,4501.8,3683.4,4440.0,3288.1,4026.0,24,1,4025.9,6,2,4025.3,15,2,4025.2,14,1,4025.1,56,3,4026.6,69,5,4026.7,11,2,4026.8,70,2,4026.9,59,2,4027.0,1,1
11483,2026-07-02 12:37:09+05:30,4026.0,11,4040.41,1162761,149496.0,163061.0,4100.0,4110.0,4012.0,4092.6,24854550,4501.8,3683.4,4440.0,3288.1,4026.0,24,1,4025.9,6,2,4025.3,15,2,4025.2,14,1,4025.1,56,3,4026.6,69,5,4026.7,11,2,4026.8,70,2,4026.9,59,2,4027.0,1,1
11483,2026-07-02 12:37:10+05:30,4026.6,1,4040.41,1162774,149799.0,163063.0,4100.0,4110.0,4012.0,4092.6,24854550,4501.8,3683.4,4440.0,3288.1,4026.0,13,1,4025.9,6,2,4025.3,18,3,4025.2,70,3,4025.1,142,5,4026.6,37,1,4026.7,8,1,4026.8,67,1,4026.9,40,1,4027.0,1,1
11483,2026-07-02 12:37:10+05:30,4026.0,2,4040.41,1162774,149799.0,163063.0,4100.0,4110.0,4012.0,4092.6,24854550,4501.8,3683.4,4440.0,3288.1,4026.0,13,1,4025.9,6,2,4025.3,18,3,4025.2,70,3,4025.1,142,5,4026.6,37,1,4026.7,8,1,4026.8,67,1,4026.9,40,1,4027.0,1,1
11483,2026-07-02 12:37:11+05:30,4026.6,1,4040.41,1162777,150089.0,163070.0,4100.0,4110.0,4012.0,4092.6,24854550,4501.8,3683.4,4440.0,3288.1,4026.0,11,1,4025.9,6,2,4025.3,18,3,4025.2,70,3,4025.1,142,5,4026.6,42,3,4026.7,8,1,4026.8,78,2,4026.9,40,1,4027.0,14,2
11483,2026-07-02 12:37:11+05:30,4026.6,1,4040.41,1162777,150089.0,163070.0,4100.0,4110.0,4012.0,4092.6,24854550,4501.8,3683.4,4440.0,3288.1,4026.0,11,1,4025.9,6,2,4025.3,18,3,4025.2,70,3,4025.1,142,5,4026.6,42,3,4026.7,8,1,4026.8,78,2,4026.9,40,1,4027.0,14,2
11483,2026-07-02 12:37:12+05:30,4026.6,1,4040.41,1162778,150085.0,162983.0,4100.0,4110.0,4012.0,4092.6,24854550,4501.8,3683.4,4440.0,3288.1,4026.4,11,1,4026.3,1,1,4025.9,15,2,4025.3,8,2,4025.2,70,3,4026.6,41,3,4026.7,8,1,4026.8,67,1,4026.9,40,1,4027.0,14,2
11483,2026-07-02 12:37:12+05:30,4026.6,1,4040.41,1162778,150085.0,162983.0,4100.0,4110.0,4012.0,4092.6,24854550,4501.8,3683.4,4440.0,3288.1,4026.4,11,1,4026.3,1,1,4025.9,15,2,4025.3,8,2,4025.2,70,3,4026.6,41,3,4026.7,8,1,4026.8,67,1,4026.9,40,1,4027.0,14,2
11483,2026-07-02 12:37:13+05:30,4026.6,9,4040.41,1162828,150108.0,163012.0,4100.0,4110.0,4012.0,4092.6,24854550,4501.8,3683.4,4440.0,3288.1,4026.4,11,1,4026.3,1,1,4025.9,17,3,4025.3,8,2,4025.2,70,3,4026.6,35,2,4026.7,8,1,4026.8,67,1,4026.9,40,1,4027.0,1,1
11483,2026-07-02 12:37:13+05:30,4026.4,6,4040.41,1162828,150108.0,163012.0,4100.0,4110.0,4012.0,4092.6,24854550,4501.8,3683.4,4440.0,3288.1,4026.4,11,1,4026.3,1,1,4025.9,17,3,4025.3,8,2,4025.2,70,3,4026.6,35,2,4026.7,8,1,4026.8,67,1,4026.9,40,1,4027.0,1,1
11483,2026-07-02 12:37:14+05:30,4026.6,1,4040.41,1162835,150088.0,163002.0,4100.0,4110.0,4012.0,4092.6,24854550,4501.8,3683.4,4440.0,3288.1,4026.4,5,1,4026.3,1,1,4026.0,5,1,4025.9,17,3,4025.3,5,1,4026.6,36,3,4026.7,8,1,4026.8,67,1,4026.9,40,1,4027.0,1,1
11483,2026-07-02 12:37:14+05:30,4026.4,1,4040.41,1162835,150088.0,163002.0,4100.0,4110.0,4012.0,4092.6,24854550,4501.8,3683.4,4440.0,3288.1,4026.4,5,1,4026.3,1,1,4026.0,5,1,4025.9,17,3,4025.3,5,1,4026.6,36,3,4026.7,8,1,4026.8,67,1,4026.9,40,1,4027.0,1,1
11483,2026-07-02 12:37:15+05:30,4026.4,1,4040.41,1162836,150049.0,163047.0,4100.0,4110.0,4012.0,4092.6,24854550,4501.8,3683.4,4440.0,3288.1,4026.4,4,1,4026.3,1,1,4025.9,17,3,4025.4,5,1,4025.3,5,1,4026.6,37,4,4026.7,8,1,4026.8,67,1,4026.9,40,1,4027.0,1,1
11483,2026-07-02 12:37:15+05:30,4026.6,3,4040.41,1162836,150049.0,163047.0,4100.0,4110.0,4012.0,4092.6,24854550,4501.8,3683.4,4440.0,3288.1,4026.4,4,1,4026.3,1,1,4025.9,17,3,4025.4,5,1,4025.3,5,1,4026.6,37,4,4026.7,8,1,4026.8,67,1,4026.9,40,1,4027.0,1,1
11483,2026-07-02 12:37:16+05:30,4026.6,5,4040.41,1162846,150012.0,163064.0,4100.0,4110.0,4012.0,4092.6,24854550,4501.8,3683.4,4440.0,3288.1,4026.4,4,1,4026.3,1,1,4025.9,37,4,4025.7,12,1,4025.5,15,1,4026.6,27,4,4026.7,8,1,4026.8,67,1,4026.9,40,1,4027.0,1,1
11483,2026-07-02 12:37:16+05:30,4026.4,1,4040.41,1162846,150012.0,163064.0,4100.0,4110.0,4012.0,4092.6,24854550,4501.8,3683.4,4440.0,3288.1,4026.4,4,1,4026.3,1,1,4025.9,37,4,4025.7,12,1,4025.5,15,1,4026.6,27,4,4026.7,8,1,4026.8,67,1,4026.9,40,1,4027.0,1,1
11483,2026-07-02 12:37:17+05:30,4026.6,4,4040.41,1162851,150117.0,163068.0,4100.0,4110.0,4012.0,4092.6,24854550,4501.8,3683.4,4440.0,3288.1,4026.0,12,2,4025.9,46,5,4025.7,32,2,4025.5,5,1,4025.4,78,4,4026.6,23,4,4026.7,8,1,4026.8,67,1,4026.9,40,1,4027.0,1,1
11483,2026-07-02 12:37:17+05:30,4026.6,10,4040.41,1162851,150117.0,163068.0,4100.0,4110.0,4012.0,4092.6,24854550,4501.8,3683.4,4440.0,3288.1,4026.0,12,2,4025.9,46,5,4025.7,32,2,4025.5,5,1,4025.4,78,4,4026.6,23,4,4026.7,8,1,4026.8,67,1,4026.9,40,1,4027.0,1,1
11483,2026-07-02 12:37:18+05:30,4026.6,10,4040.41,1162862,150130.0,163121.0,4100.0,4110.0,4012.0,4092.6,24854550,4501.8,3683.4,4440.0,3288.1,4026.0,12,3,4025.9,38,5,4025.7,58,3,4025.5,25,2,4025.4,78,4,4026.2,2,1,4026.6,13,4,4026.7,8,1,4026.8,67,1,4026.9,40,1
11483,2026-07-02 12:37:18+05:30,4026.6,3,4040.41,1162862,150130.0,163121.0,4100.0,4110.0,4012.0,4092.6,24854550,4501.8,3683.4,4440.0,3288.1,4026.0,12,3,4025.9,38,5,4025.7,58,3,4025.5,25,2,4025.4,78,4,4026.2,2,1,4026.6,13,4,4026.7,8,1,4026.8,67,1,4026.9,40,1
11483,2026-07-02 12:37:19+05:30,4026.6,4,4040.41,1162874,150092.0,163101.0,4100.0,4110.0,4012.0,4092.6,24854550,4501.8,3683.4,4440.0,3288.1,4026.0,15,4,4025.9,33,4,4025.8,11,1,4025.6,5,1,4025.5,1,1,4026.6,4,3,4026.7,8,1,4026.8,67,1,4026.9,40,1,4027.0,1,1
11483,2026-07-02 12:37:19+05:30,4026.9,10,4040.41,1162874,150092.0,163101.0,4100.0,4110.0,4012.0,4092.6,24854550,4501.8,3683.4,4440.0,3288.1,4026.0,15,4,4025.9,33,4,4025.8,11,1,4025.6,5,1,4025.5,1,1,4026.6,4,3,4026.7,8,1,4026.8,67,1,4026.9,40,1,4027.0,1,1
11483,2026-07-02 12:37:20+05:30,4026.9,10,4040.41,1163236,150708.0,162404.0,4100.0,4110.0,4012.0,4092.6,24854550,4501.8,3683.4,4440.0,3288.1,4026.1,47,4,4026.0,517,4,4025.9,60,6,4025.8,37,2,4025.7,20,1,4026.9,30,1,4027.0,1,1,4027.7,15,1,4027.8,12,1,4027.9,7,1
11483,2026-07-02 12:37:20+05:30,4026.1,7,4040.41,1163236,150708.0,162404.0,4100.0,4110.0,4012.0,4092.6,24854550,4501.8,3683.4,4440.0,3288.1,4026.1,47,4,4026.0,517,4,4025.9,60,6,4025.8,37,2,4025.7,20,1,4026.9,30,1,4027.0,1,1,4027.7,15,1,4027.8,12,1,4027.9,7,1
11483,2026-07-02 12:37:21+05:30,4026.1,7,4040.41,1163280,150561.0,162426.0,4100.0,4110.0,4012.0,4092.6,24854550,4501.8,3683.4,4440.0,3288.1,4026.3,8,1,4026.2,41,4,4026.1,1,1,4026.0,505,3,4025.9,32,3,4026.9,32,3,4027.0,1,1,4027.7,15,1,4027.8,12,1,4027.9,7,1
11483,2026-07-02 12:37:21+05:30,4026.3,5,4040.41,1163280,150561.0,162426.0,4100.0,4110.0,4012.0,4092.6,24854550,4501.8,3683.4,4440.0,3288.1,4026.3,8,1,4026.2,41,4,4026.1,1,1,4026.0,505,3,4025.9,32,3,4026.9,32,3,4027.0,1,1,4027.7,15,1,4027.8,12,1,4027.9,7,1
11483,2026-07-02 12:37:22+05:30,4026.3,5,4040.41,1163285,150531.0,162323.0,4100.0,4110.0,4012.0,4092.6,24854550,4501.8,3683.4,4440.0,3288.1,4026.6,1,1,4026.2,32,3,4026.1,1,1,4026.0,505,3,4025.9,32,3,4026.9,36,5,4027.0,1,1,4027.7,15,1,4027.8,12,1,4027.9,7,1
11483,2026-07-02 12:37:22+05:30,4026.6,1,4040.41,1163285,150531.0,162323.0,4100.0,4110.0,4012.0,4092.6,24854550,4501.8,3683.4,4440.0,3288.1,4026.6,1,1,4026.2,32,3,4026.1,1,1,4026.0,505,3,4025.9,32,3,4026.9,36,5,4027.0,1,1,4027.7,15,1,4027.8,12,1,4027.9,7,1
11483,2026-07-02 12:37:23+05:30,4026.6,1,4040.41,1163311,150518.0,162819.0,4100.0,4110.0,4012.0,4092.6,24854550,4501.8,3683.4,4440.0,3288.1,4026.2,8,1,4026.1,1,1,4026.0,521,3,4025.9,12,2,4025.8,22,1,4026.6,174,1,4026.9,12,5,4027.0,1,1,4027.7,34,2,4027.8,12,1
11483,2026-07-02 12:37:23+05:30,4026.6,6,4040.41,1163311,150518.0,162819.0,4100.0,4110.0,4012.0,4092.6,24854550,4501.8,3683.4,4440.0,3288.1,4026.2,8,1,4026.1,1,1,4026.0,521,3,4025.9,12,2,4025.8,22,1,4026.6,174,1,4026.9,12,5,4027.0,1,1,4027.7,34,2,4027.8,12,1
11483,2026-07-02 12:37:24+05:30,4026.6,1,4040.41,1163321,150597.0,162946.0,4100.0,4110.0,4012.0,4092.6,24854550,4501.8,3683.4,4440.0,3288.1,4026.0,554,6,4025.9,12,2,4025.8,22,1,4025.7,23,2,4025.6,17,1,4026.2,1,1,4026.6,167,1,4026.9,11,4,4027.0,1,1,4027.7,60,3
11483,2026-07-02 12:37:24+05:30,4026.0,1,4040.41,1163321,150597.0,162946.0,4100.0,4110.0,4012.0,4092.6,24854550,4501.8,3683.4,4440.0,3288.1,4026.0,554,6,4025.9,12,2,4025.8,22,1,4025.7,23,2,4025.6,17,1,4026.2,1,1,4026.6,167,1,4026.9,11,4,4027.0,1,1,4027.7,60,3
11483,2026-07-02 12:37:25+05:30,4026.6,2,4040.41,1163325,150539.0,162820.0,4100.0,4110.0,4012.0,4092.6,24854550,4501.8,3683.4,4440.0,3288.1,4026.1,8,1,4026.0,553,5,4025.9,12,2,4025.8,22,1,4025.7,23,2,4026.6,165,1,4026.9,11,4,4027.0,1,1,4027.5,12,1,4027.7,60,3
11483,2026-07-02 12:37:25+05:30,4026.1,1,4040.41,1163325,150539.0,162820.0,4100.0,4110.0,4012.0,4092.6,24854550,4501.8,3683.4,4440.0,3288.1,4026.1,8,1,4026.0,553,5,4025.9,12,2,4025.8,22,1,4025.7,23,2,4026.6,165,1,4026.9,11,4,4027.0,1,1,4027.5,12,1,4027.7,60,3
11483,2026-07-02 12:37:26+05:30,4026.6,7,4040.41,1163353,150667.0,162768.0,4100.0,4110.0,4012.0,4092.6,24854550,4501.8,3683.4,4440.0,3288.1,4026.2,19,1,4026.1,15,2,4026.0,533,4,4025.9,12,2,4025.8,22,1,4026.6,138,1,4026.9,11,4,4027.0,1,1,4027.7,81,4,4027.8,12,1
11483,2026-07-02 12:37:26+05:30,4026.2,3,4040.41,1163353,150667.0,162768.0,4100.0,4110.0,4012.0,4092.6,24854550,4501.8,3683.4,4440.0,3288.1,4026.2,19,1,4026.1,15,2,4026.0,533,4,4025.9,12,2,4025.8,22,1,4026.6,138,1,4026.9,11,4,4027.0,1,1,4027.7,81,4,4027.8,12,1
11483,2026-07-02 12:37:27+05:30,4026.6,1,4040.41,1163357,150487.0,162835.0,4100.0,4110.0,4012.0,4092.6,24854550,4501.8,3683.4,4440.0,3288.1,4026.1,8,1,4026.0,513,3,4025.9,2,1,4025.8,22,1,4025.7,23,2,4026.6,137,1,4026.9,11,4,4027.0,1,1,4027.7,81,4,4027.8,12,1
11483,2026-07-02 12:37:27+05:30,4026.6,1,4040.41,1163357,150487.0,162835.0,4100.0,4110.0,4012.0,4092.6,24854550,4501.8,3683.4,4440.0,3288.1,4026.1,8,1,4026.0,513,3,4025.9,2,1,4025.8,22,1,4025.7,23,2,4026.6,137,1,4026.9,11,4,4027.0,1,1,4027.7,81,4,4027.8,12,1
11483,2026-07-02 12:37:28+05:30,4026.6,1,4040.41,1163357,150490.0,162876.0,4100.0,4110.0,4012.0,4092.6,24854550,4501.8,3683.4,4440.0,3288.1,4026.0,513,3,4025.9,2,1,4025.8,22,1,4025.7,3,1,4025.5,25,2,4026.6,155,4,4026.9,7,2,4027.0,1,1,4027.7,81,4,4027.8,12,1
11483,2026-07-02 12:37:28+05:30,4026.6,1,4040.41,1163357,150490.0,162876.0,4100.0,4110.0,4012.0,4092.6,24854550,4501.8,3683.4,4440.0,3288.1,4026.0,513,3,4025.9,2,1,4025.8,22,1,4025.7,3,1,4025.5,25,2,4026.6,155,4,4026.9,7,2,4027.0,1,1,4027.7,81,4,4027.8,12,1
11483,2026-07-02 12:37:29+05:30,4026.6,2,4040.41,1163367,154185.0,162371.0,4100.0,4110.0,4012.0,4092.6,24854550,4501.8,3683.4,4440.0,3288.1,4026.5,3500,1,4026.1,69,4,4026.0,526,4,4025.9,11,2,4025.8,22,1,4026.6,152,5,4026.9,7,2,4027.0,1,1,4027.7,15,1,4027.9,7,1
11483,2026-07-02 12:37:29+05:30,4026.5,2,4040.41,1163367,154185.0,162371.0,4100.0,4110.0,4012.0,4092.6,24854550,4501.8,3683.4,4440.0,3288.1,4026.5,3500,1,4026.1,69,4,4026.0,526,4,4025.9,11,2,4025.8,22,1,4026.6,152,5,4026.9,7,2,4027.0,1,1,4027.7,15,1,4027.9,7,1
11483,2026-07-02 12:37:30+05:30,4026.5,1,4040.41,1163370,153990.0,162455.0,4100.0,4110.0,4012.0,4092.6,24854550,4501.8,3683.4,4440.0,3288.1,4026.5,3497,1,4026.1,26,1,4026.0,526,4,4025.9,2,1,4025.8,33,2,4026.6,153,6,4026.9,7,2,4027.0,1,1,4027.7,15,1,4027.8,8,1
11483,2026-07-02 12:37:30+05:30,4026.5,50,4040.41,1163370,153990.0,162455.0,4100.0,4110.0,4012.0,4092.6,24854550,4501.8,3683.4,4440.0,3288.1,4026.5,3497,1,4026.1,26,1,4026.0,526,4,4025.9,2,1,4025.8,33,2,4026.6,153,6,4026.9,7,2,4027.0,1,1,4027.7,15,1,4027.8,8,1
11483,2026-07-02 12:37:31+05:30,4026.6,3,4040.4,1163579,154170.0,162101.0,4100.0,4110.0,4012.0,4092.6,24854550,4501.8,3683.4,4440.0,3288.1,4026.5,3460,2,4026.3,24,2,4026.2,5,1,4026.1,26,1,4026.0,561,6,4026.6,17,3,4026.9,7,2,4027.0,1,1,4027.7,15,1,4027.9,7,1
11483,2026-07-02 12:37:31+05:30,4026.6,1,4040.4,1163579,154170.0,162101.0,4100.0,4110.0,4012.0,4092.6,24854550,4501.8,3683.4,4440.0,3288.1,4026.5,3460,2,4026.3,24,2,4026.2,5,1,4026.1,26,1,4026.0,561,6,4026.6,17,3,4026.9,7,2,4027.0,1,1,4027.7,15,1,4027.9,7,1
11483,2026-07-02 12:37:32+05:30,4026.6,3,4040.4,1163631,154142.0,162371.0,4100.0,4110.0,4012.0,4092.6,24854550,4501.8,3683.4,4440.0,3288.1,4026.5,3462,7,4026.3,28,3,4026.2,5,1,4026.1,33,2,4026.0,569,5,4026.6,13,3,4026.9,7,2,4027.0,1,1,4027.7,15,1,4027.9,7,1
11483,2026-07-02 12:37:32+05:30,4026.5,6,4040.4,1163631,154142.0,162371.0,4100.0,4110.0,4012.0,4092.6,24854550,4501.8,3683.4,4440.0,3288.1,4026.5,3462,7,4026.3,28,3,4026.2,5,1,4026.1,33,2,4026.0,569,5,4026.6,13,3,4026.9,7,2,4027.0,1,1,4027.7,15,1,4027.9,7,1
11483,2026-07-02 12:37:33+05:30,4026.5,6,4040.4,1163637,154129.0,162356.0,4100.0,4110.0,4012.0,4092.6,24854550,4501.8,3683.4,4440.0,3288.1,4026.5,3469,8,4026.3,8,2,4026.2,5,1,4026.1,33,2,4026.0,569,5,4026.6,13,3,4026.9,7,2,4027.0,1,1,4027.7,15,1,4027.9,7,1
11483,2026-07-02 12:37:33+05:30,4026.5,1,4040.4,1163637,154129.0,162356.0,4100.0,4110.0,4012.0,4092.6,24854550,4501.8,3683.4,4440.0,3288.1,4026.5,3469,8,4026.3,8,2,4026.2,5,1,4026.1,33,2,4026.0,569,5,4026.6,13,3,4026.9,7,2,4027.0,1,1,4027.7,15,1,4027.9,7,1
11483,2026-07-02 12:37:34+05:30,4026.5,21,4040.4,1163687,154046.0,162363.0,4100.0,4110.0,4012.0,4092.6,24854550,4501.8,3683.4,4440.0,3288.1,4026.5,3421,7,4026.3,8,2,4026.2,5,1,4026.1,33,2,4026.0,548,4,4026.6,20,4,4026.9,7,2,4027.0,1,1,4027.7,15,1,4027.9,7,1
11483,2026-07-02 12:37:34+05:30,4026.5,6,4040.4,1163687,154046.0,162363.0,4100.0,4110.0,4012.0,4092.6,24854550,4501.8,3683.4,4440.0,3288.1,4026.5,3421,7,4026.3,8,2,4026.2,5,1,4026.1,33,2,4026.0,548,4,4026.6,20,4,4026.9,7,2,4027.0,1,1,4027.7,15,1,4027.9,7,1
11483,2026-07-02 12:37:35+05:30,4027.0,1,4040.4,1163772,153952.0,161684.0,4100.0,4110.0,4012.0,4092.6,24854550,4501.8,3683.4,4440.0,3288.1,4027.0,22,1,4026.5,3415,6,4026.4,5,1,4026.3,4,1,4026.2,43,2,4027.7,15,1,4027.9,7,1,4028.0,9,2,4028.1,1,1,4028.2,28,1
11483,2026-07-02 12:37:35+05:30,4027.0,10,4040.4,1163772,153952.0,161684.0,4100.0,4110.0,4012.0,4092.6,24854550,4501.8,3683.4,4440.0,3288.1,4027.0,22,1,4026.5,3415,6,4026.4,5,1,4026.3,4,1,4026.2,43,2,4027.7,15,1,4027.9,7,1,4028.0,9,2,4028.1,1,1,4028.2,28,1
11483,2026-07-02 12:37:36+05:30,4027.0,10,4040.4,1163782,153865.0,161788.0,4100.0,4110.0,4012.0,4092.6,24854550,4501.8,3683.4,4440.0,3288.1,4027.0,12,1,4026.5,3415,6,4026.4,5,1,4026.3,4,1,4026.2,5,1,4027.7,17,3,4027.9,7,1,4028.0,9,2,4028.1,20,2,4028.2,28,1
11483,2026-07-02 12:37:36+05:30,4027.7,1,4040.4,1163782,153865.0,161788.0,4100.0,4110.0,4012.0,4092.6,24854550,4501.8,3683.4,4440.0,3288.1,4027.0,12,1,4026.5,3415,6,4026.4,5,1,4026.3,4,1,4026.2,5,1,4027.7,17,3,4027.9,7,1,4028.0,9,2,4028.1,20,2,4028.2,28,1
11483,2026-07-02 12:37:37+05:30,4027.7,3,4040.4,1163787,153894.0,161750.0,4100.0,4110.0,4012.0,4092.6,24854550,4501.8,3683.4,4440.0,3288.1,4027.0,13,2,4026.6,3,1,4026.5,3414,5,4026.4,5,1,4026.3,4,1,4027.7,14,4,4027.9,7,1,4028.0,9,2,4028.1,20,2,4028.2,28,1
11483,2026-07-02 12:37:37+05:30,4027.0,1,4040.4,1163787,153894.0,161750.0,4100.0,4110.0,4012.0,4092.6,24854550,4501.8,3683.4,4440.0,3288.1,4027.0,13,2,4026.6,3,1,4026.5,3414,5,4026.4,5,1,4026.3,4,1,4027.7,14,4,4027.9,7,1,4028.0,9,2,4028.1,20,2,4028.2,28,1
11483,2026-07-02 12:37:38+05:30,4027.0,1,4040.4,1163788,153943.0,161754.0,4100.0,4110.0,4012.0,4092.6,24854550,4501.8,3683.4,4440.0,3288.1,4027.0,12,2,4026.6,3,1,4026.5,3414,5,4026.4,5,1,4026.3,4,1,4027.7,15,5,4027.9,7,1,4028.0,9,2,4028.1,1,1,4028.2,28,1
11483,2026-07-02 12:37:39+05:30,4027.0,3,4040.4,1163793,153945.0,161745.0,4100.0,4110.0,4012.0,4092.6,24854550,4501.8,3683.4,4440.0,3288.1,4027.0,9,2,4026.6,3,1,4026.5,3414,5,4026.4,5,1,4026.3,4,1,4027.7,12,4,4027.9,7,1,4028.0,9,2,4028.1,1,1,4028.2,28,1
11483,2026-07-02 12:37:39+05:30,4027.0,1,4040.4,1163793,153945.0,161745.0,4100.0,4110.0,4012.0,4092.6,24854550,4501.8,3683.4,4440.0,3288.1,4027.0,9,2,4026.6,3,1,4026.5,3414,5,4026.4,5,1,4026.3,4,1,4027.7,12,4,4027.9,7,1,4028.0,9,2,4028.1,1,1,4028.2,28,1
11483,2026-07-02 12:37:40+05:30,4027.0,1,4040.4,1163794,153874.0,161729.0,4100.0,4110.0,4012.0,4092.6,24854550,4501.8,3683.4,4440.0,3288.1,4027.0,13,3,4026.6,3,1,4026.5,3388,4,4026.4,5,1,4026.3,4,1,4027.7,18,5,4027.9,7,1,4028.0,184,3,4028.1,3,2,4028.2,28,1
11483,2026-07-02 12:37:41+05:30,4027.0,1,4040.4,1163794,153997.0,161745.0,4100.0,4110.0,4012.0,4092.6,24854550,4501.8,3683.4,4440.0,3288.1,4027.0,13,3,4026.6,23,2,4026.5,3388,4,4026.3,4,1,4026.2,38,3,4027.7,21,8,4027.8,10,1,4027.9,7,1,4028.0,197,4,4028.1,21,3
11483,2026-07-02 12:37:42+05:30,4027.0,1,4040.4,1163794,153935.0,161865.0,4100.0,4110.0,4012.0,4092.6,24854550,4501.8,3683.4,4440.0,3288.1,4027.3,1,1,4027.1,2,1,4027.0,12,3,4026.6,26,4,4026.5,3340,1,4027.7,21,8,4027.9,7,1,4028.0,197,4,4028.1,21,3,4028.2,42,3
11483,2026-07-02 12:37:42+05:30,4027.7,3,4040.4,1163794,153935.0,161865.0,4100.0,4110.0,4012.0,4092.6,24854550,4501.8,3683.4,4440.0,3288.1,4027.3,1,1,4027.1,2,1,4027.0,12,3,4026.6,26,4,4026.5,3340,1,4027.7,21,8,4027.9,7,1,4028.0,197,4,4028.1,21,3,4028.2,42,3
11483,2026-07-02 12:37:43+05:30,4027.0,5,4040.4,1163834,153897.0,162014.0,4100.0,4110.0,4012.0,4092.6,24854550,4501.8,3683.4,4440.0,3288.1,4026.7,9,1,4026.6,24,5,4026.5,3340,1,4026.1,50,2,4026.0,568,6,4027.0,139,1,4027.7,18,8,4027.9,7,1,4028.0,206,5,4028.1,34,4
11483,2026-07-02 12:37:43+05:30,4026.7,5,4040.4,1163834,153897.0,162014.0,4100.0,4110.0,4012.0,4092.6,24854550,4501.8,3683.4,4440.0,3288.1,4026.7,9,1,4026.6,24,5,4026.5,3340,1,4026.1,50,2,4026.0,568,6,4027.0,139,1,4027.7,18,8,4027.9,7,1,4028.0,206,5,4028.1,34,4
11483,2026-07-02 12:37:44+05:30,4026.7,2,4040.4,1163842,153968.0,162037.0,4100.0,4110.0,4012.0,4092.6,24854550,4501.8,3683.4,4440.0,3288.1,4026.6,24,5,4026.5,3340,1,4026.1,50,2,4026.0,568,6,4025.9,22,2,4027.0,139,1,4027.6,15,1,4027.7,16,6,4027.9,7,1,4028.0,206,5
11483,2026-07-02 12:37:44+05:30,4027.0,60,4040.4,1163842,153968.0,162037.0,4100.0,4110.0,4012.0,4092.6,24854550,4501.8,3683.4,4440.0,3288.1,4026.6,24,5,4026.5,3340,1,4026.1,50,2,4026.0,568,6,4025.9,22,2,4027.0,139,1,4027.6,15,1,4027.7,16,6,4027.9,7,1,4028.0,206,5
11483,2026-07-02 12:37:45+05:30,4027.0,3,4040.4,1163908,153995.0,162011.0,4100.0,4110.0,4012.0,4092.6,24854550,4501.8,3683.4,4440.0,3288.1,4026.8,1,1,4026.6,11,2,4026.5,3384,4,4026.1,50,2,4026.0,568,6,4027.0,79,2,4027.6,15,1,4027.7,16,6,4027.9,7,1,4028.0,206,5
11483,2026-07-02 12:37:45+05:30,4026.8,1,4040.4,1163908,153995.0,162011.0,4100.0,4110.0,4012.0,4092.6,24854550,4501.8,3683.4,4440.0,3288.1,4026.8,1,1,4026.6,11,2,4026.5,3384,4,4026.1,50,2,4026.0,568,6,4027.0,79,2,4027.6,15,1,4027.7,16,6,4027.9,7,1,4028.0,206,5
11483,2026-07-02 12:37:46+05:30,4026.6,6,4040.4,1163923,153955.0,162017.0,4100.0,4110.0,4012.0,4092.6,24854550,4501.8,3683.4,4440.0,3288.1,4026.6,7,2,4026.5,3384,4,4026.1,50,2,4026.0,568,6,4025.9,22,2,4027.0,79,2,4027.6,15,1,4027.7,16,6,4027.9,7,1,4028.0,206,5
11483,2026-07-02 12:37:46+05:30,4026.6,1,4040.4,1163923,153955.0,162017.0,4100.0,4110.0,4012.0,4092.6,24854550,4501.8,3683.4,4440.0,3288.1,4026.6,7,2,4026.5,3384,4,4026.1,50,2,4026.0,568,6,4025.9,22,2,4027.0,79,2,4027.6,15,1,4027.7,16,6,4027.9,7,1,4028.0,206,5
11483,2026-07-02 12:37:47+05:30,4027.0,25,4040.4,1163950,153979.0,161990.0,4100.0,4110.0,4012.0,4092.6,24854550,4501.8,3683.4,4440.0,3288.1,4026.6,5,2,4026.5,3384,4,4026.1,50,2,4026.0,568,6,4025.9,22,2,4027.0,55,3,4027.6,15,1,4027.7,16,6,4027.9,7,1,4028.0,206,5
11483,2026-07-02 12:37:47+05:30,4026.6,1,4040.4,1163950,153979.0,161990.0,4100.0,4110.0,4012.0,4092.6,24854550,4501.8,3683.4,4440.0,3288.1,4026.6,5,2,4026.5,3384,4,4026.1,50,2,4026.0,568,6,4025.9,22,2,4027.0,55,3,4027.6,15,1,4027.7,16,6,4027.9,7,1,4028.0,206,5
11483,2026-07-02 12:37:48+05:30,4026.6,3,4040.4,1163967,153518.0,162082.0,4100.0,4110.0,4012.0,4092.6,24854550,4501.8,3683.4,4440.0,3288.1,4026.6,3,1,4026.5,3384,4,4026.1,26,1,4026.0,568,6,4025.9,22,2,4027.0,60,6,4027.6,15,1,4027.7,14,4,4027.9,7,1,4028.0,211,6
11483,2026-07-02 12:37:48+05:30,4026.6,2,4040.4,1163967,153518.0,162082.0,4100.0,4110.0,4012.0,4092.6,24854550,4501.8,3683.4,4440.0,3288.1,4026.6,3,1,4026.5,3384,4,4026.1,26,1,4026.0,568,6,4025.9,22,2,4027.0,60,6,4027.6,15,1,4027.7,14,4,4027.9,7,1,4028.0,211,6
11483,2026-07-02 12:37:49+05:30,4026.6,5,4040.4,1163980,153552.0,162265.0,4100.0,4110.0,4012.0,4092.6,24854550,4501.8,3683.4,4440.0,3288.1,4026.6,3,1,4026.5,3384,4,4026.1,26,1,4026.0,568,6,4025.9,2,1,4026.9,175,1,4027.0,54,4,4027.6,15,1,4027.7,14,4,4027.9,7,1
11483,2026-07-02 12:37:49+05:30,4026.5,8,4040.4,1163980,153552.0,162265.0,4100.0,4110.0,4012.0,4092.6,24854550,4501.8,3683.4,4440.0,3288.1,4026.6,3,1,4026.5,3384,4,4026.1,26,1,4026.0,568,6,4025.9,2,1,4026.9,175,1,4027.0,54,4,4027.6,15,1,4027.7,14,4,4027.9,7,1
11483,2026-07-02 12:37:50+05:30,4026.5,8,4040.4,1163993,153604.0,162594.0,4100.0,4110.0,4012.0,4092.6,24854550,4501.8,3683.4,4440.0,3288.1,4026.5,3376,4,4026.0,568,6,4025.9,2,1,4025.8,53,3,4025.7,24,1,4026.9,173,1,4027.0,57,5,4027.6,15,1,4027.7,32,5,4027.9,27,2
11483,2026-07-02 12:37:50+05:30,4026.5,2,4040.4,1163993,153604.0,162594.0,4100.0,4110.0,4012.0,4092.6,24854550,4501.8,3683.4,4440.0,3288.1,4026.5,3376,4,4026.0,568,6,4025.9,2,1,4025.8,53,3,4025.7,24,1,4026.9,173,1,4027.0,57,5,4027.6,15,1,4027.7,32,5,4027.9,27,2
11483,2026-07-02 12:37:51+05:30,4026.5,2,4040.4,1163995,153652.0,162511.0,4100.0,4110.0,4012.0,4092.6,24854550,4501.8,3683.4,4440.0,3288.1,4026.5,3374,4,4026.0,568,6,4025.9,2,1,4025.8,53,3,4025.7,24,1,4026.9,175,2,4027.0,57,5,4027.6,15,1,4027.7,32,5,4027.9,27,2
11483,2026-07-02 12:37:52+05:30,4026.5,2,4040.4,1163995,153650.0,162440.0,4100.0,4110.0,4012.0,4092.6,24854550,4501.8,3683.4,4440.0,3288.1,4026.7,1,1,4026.5,3374,4,4026.0,568,6,4025.9,2,1,4025.8,53,3,4026.9,175,2,4027.0,57,5,4027.6,15,1,4027.7,14,4,4027.9,27,2
11483,2026-07-02 12:37:53+05:30,4026.5,2,4040.4,1163995,153755.0,162469.0,4100.0,4110.0,4012.0,4092.6,24854550,4501.8,3683.4,4440.0,3288.1,4026.7,1,1,4026.5,3374,4,4026.0,568,6,4025.9,2,1,4025.8,33,2,4026.9,184,4,4027.0,54,3,4027.6,15,1,4027.7,14,4,4027.8,18,1
11483,2026-07-02 12:37:54+05:30,4026.9,2,4040.4,1163997,153722.0,162468.0,4100.0,4110.0,4012.0,4092.6,24854550,4501.8,3683.4,4440.0,3288.1,4026.7,1,1,4026.5,3374,4,4026.0,568,6,4025.9,2,1,4025.8,33,2,4026.9,182,4,4027.0,54,3,4027.6,15,1,4027.7,14,4,4027.8,18,1
11483,2026-07-02 12:37:54+05:30,4026.9,2,4040.4,1163997,153722.0,162468.0,4100.0,4110.0,4012.0,4092.6,24854550,4501.8,3683.4,4440.0,3288.1,4026.7,1,1,4026.5,3374,4,4026.0,568,6,4025.9,2,1,4025.8,33,2,4026.9,182,4,4027.0,54,3,4027.6,15,1,4027.7,14,4,4027.8,18,1
11483,2026-07-02 12:37:55+05:30,4026.7,1,4040.4,1163998,153632.0,162596.0,4100.0,4110.0,4012.0,4092.6,24854550,4501.8,3683.4,4440.0,3288.1,4026.7,1,1,4026.5,3374,4,4026.0,519,3,4025.9,2,1,4025.8,11,1,4026.9,211,7,4027.0,54,3,4027.2,27,2,4027.4,9,1,4027.5,6,1
11483,2026-07-02 12:37:55+05:30,4026.7,1,4040.4,1163998,153632.0,162596.0,4100.0,4110.0,4012.0,4092.6,24854550,4501.8,3683.4,4440.0,3288.1,4026.7,1,1,4026.5,3374,4,4026.0,519,3,4025.9,2,1,4025.8,11,1,4026.9,211,7,4027.0,54,3,4027.2,27,2,4027.4,9,1,4027.5,6,1
11483,2026-07-02 12:37:56+05:30,4026.7,1,4040.4,1163999,153598.0,162598.0,4100.0,4110.0,4012.0,4092.6,24854550,4501.8,3683.4,4440.0,3288.1,4026.7,1,1,4026.5,3374,4,4026.0,519,3,4025.9,2,1,4025.8,11,1,4026.9,211,7,4027.0,58,4,4027.2,27,2,4027.4,35,2,4027.5,6,1
11483,2026-07-02 12:37:57+05:30,4026.7,1,4040.4,1163999,153598.0,162598.0,4100.0,4110.0,4012.0,4092.6,24854550,4501.8,3683.4,4440.0,3288.1,4026.7,1,1,4026.5,3374,4,4026.0,519,3,4025.9,2,1,4025.8,11,1,4026.9,211,7,4027.0,58,4,4027.2,27,2,4027.4,35,2,4027.5,6,1
11483,2026-07-02 12:37:57+05:30,4026.5,1,4040.4,1164001,153508.0,162639.0,4100.0,4110.0,4012.0,4092.6,24854550,4501.8,3683.4,4440.0,3288.1,4026.5,3373,4,4026.0,519,3,4025.9,2,1,4025.6,13,1,4025.5,43,3,4026.7,8,1,4026.9,220,8,4027.0,58,4,4027.2,27,2,4027.4,9,1
11483,2026-07-02 12:37:57+05:30,4026.5,1,4040.4,1164001,153508.0,162639.0,4100.0,4110.0,4012.0,4092.6,24854550,4501.8,3683.4,4440.0,3288.1,4026.5,3373,4,4026.0,519,3,4025.9,2,1,4025.6,13,1,4025.5,43,3,4026.7,8,1,4026.9,220,8,4027.0,58,4,4027.2,27,2,4027.4,9,1
11483,2026-07-02 12:37:58+05:30,4026.5,1,4040.4,1164001,153508.0,162639.0,4100.0,4110.0,4012.0,4092.6,24854550,4501.8,3683.4,4440.0,3288.1,4026.5,3373,4,4026.0,519,3,4025.9,2,1,4025.6,13,1,4025.5,43,3,4026.7,8,1,4026.9,220,8,4027.0,58,4,4027.2,27,2,4027.4,9,1
11483,2026-07-02 12:37:58+05:30,4026.5,1,4040.4,1164001,153476.0,162657.0,4100.0,4110.0,4012.0,4092.6,24854550,4501.8,3683.4,4440.0,3288.1,4026.5,3373,4,4026.0,519,3,4025.9,2,1,4025.6,13,1,4025.5,43,3,4026.7,8,1,4026.9,220,8,4027.0,58,4,4027.2,27,2,4027.4,35,2
11483,2026-07-02 12:37:58+05:30,4026.7,7,4040.4,1164001,153476.0,162657.0,4100.0,4110.0,4012.0,4092.6,24854550,4501.8,3683.4,4440.0,3288.1,4026.5,3373,4,4026.0,519,3,4025.9,2,1,4025.6,13,1,4025.5,43,3,4026.7,8,1,4026.9,220,8,4027.0,58,4,4027.2,27,2,4027.4,35,2
11483,2026-07-02 12:37:59+05:30,4026.7,7,4040.4,1164001,153476.0,162657.0,4100.0,4110.0,4012.0,4092.6,24854550,4501.8,3683.4,4440.0,3288.1,4026.5,3373,4,4026.0,519,3,4025.9,2,1,4025.6,13,1,4025.5,43,3,4026.7,8,1,4026.9,220,8,4027.0,58,4,4027.2,27,2,4027.4,35,2
11483,2026-07-02 12:37:59+05:30,4026.7,1,4040.4,1164011,153502.0,162658.0,4100.0,4110.0,4012.0,4092.6,24854550,4501.8,3683.4,4440.0,3288.1,4026.5,3371,4,4026.1,2,1,4026.0,519,3,4025.9,2,1,4025.6,13,1,4026.7,8,1,4026.9,218,7,4027.0,58,4,4027.2,27,2,4027.4,35,2
11483,2026-07-02 12:37:59+05:30,4026.7,1,4040.4,1164011,153502.0,162658.0,4100.0,4110.0,4012.0,4092.6,24854550,4501.8,3683.4,4440.0,3288.1,4026.5,3371,4,4026.1,2,1,4026.0,519,3,4025.9,2,1,4025.6,13,1,4026.7,8,1,4026.9,218,7,4027.0,58,4,4027.2,27,2,4027.4,35,2
11483,2026-07-02 12:37:59+05:30,4026.7,1,4040.4,1164011,153502.0,162658.0,4100.0,4110.0,4012.0,4092.6,24854550,4501.8,3683.4,4440.0,3288.1,4026.5,3371,4,4026.1,2,1,4026.0,519,3,4025.9,2,1,4025.6,13,1,4026.7,8,1,4026.9,218,7,4027.0,58,4,4027.2,27,2,4027.4,35,2
11483,2026-07-02 12:38:00+05:30,4026.7,1,4040.4,1164011,153502.0,162658.0,4100.0,4110.0,4012.0,4092.6,24854550,4501.8,3683.4,4440.0,3288.1,4026.5,3371,4,4026.1,2,1,4026.0,519,3,4025.9,2,1,4025.6,13,1,4026.7,8,1,4026.9,218,7,4027.0,58,4,4027.2,27,2,4027.4,35,2
11483,2026-07-02 12:38:00+05:30,4026.7,1,4040.4,1164089,153432.0,162659.0,4100.0,4110.0,4012.0,4092.6,24854550,4501.8,3683.4,4440.0,3288.1,4026.5,3294,4,4026.1,2,1,4026.0,519,3,4025.9,2,1,4025.6,13,1,4026.7,7,1,4026.9,218,7,4027.0,58,4,4027.2,27,2,4027.4,35,2
11483,2026-07-02 12:38:00+05:30,4026.7,1,4040.4,1164089,153432.0,162659.0,4100.0,4110.0,4012.0,4092.6,24854550,4501.8,3683.4,4440.0,3288.1,4026.5,3294,4,4026.1,2,1,4026.0,519,3,4025.9,2,1,4025.6,13,1,4026.7,7,1,4026.9,218,7,4027.0,58,4,4027.2,27,2,4027.4,35,2
11483,2026-07-02 12:38:00+05:30,4026.7,3,4040.4,1164089,153432.0,162659.0,4100.0,4110.0,4012.0,4092.6,24854550,4501.8,3683.4,4440.0,3288.1,4026.5,3294,4,4026.1,2,1,4026.0,519,3,4025.9,2,1,4025.6,13,1,4026.7,7,1,4026.9,218,7,4027.0,58,4,4027.2,27,2,4027.4,35,2
11483,2026-07-02 12:38:01+05:30,4026.7,3,4040.4,1164089,153432.0,162659.0,4100.0,4110.0,4012.0,4092.6,24854550,4501.8,3683.4,4440.0,3288.1,4026.5,3294,4,4026.1,2,1,4026.0,519,3,4025.9,2,1,4025.6,13,1,4026.7,7,1,4026.9,218,7,4027.0,58,4,4027.2,27,2,4027.4,35,2
11483,2026-07-02 12:38:01+05:30,4026.7,3,4040.4,1164089,153432.0,162659.0,4100.0,4110.0,4012.0,4092.6,24858400,4501.8,3683.4,4440.0,3288.1,4026.5,3294,4,4026.1,2,1,4026.0,519,3,4025.9,2,1,4025.6,13,1,4026.7,7,1,4026.9,218,7,4027.0,58,4,4027.2,27,2,4027.4,35,2
11483,2026-07-02 12:38:01+05:30,4026.7,1,4040.4,1164109,153417.0,162651.0,4100.0,4110.0,4012.0,4092.6,24858400,4501.8,3683.4,4440.0,3288.1,4026.5,3280,4,4026.1,2,1,4026.0,519,3,4025.9,2,1,4025.6,13,1,4026.7,1,1,4026.9,218,7,4027.0,58,4,4027.2,27,2,4027.4,35,2
11483,2026-07-02 12:38:01+05:30,4026.7,1,4040.4,1164109,153417.0,162651.0,4100.0,4110.0,4012.0,4092.6,24858400,4501.8,3683.4,4440.0,3288.1,4026.5,3280,4,4026.1,2,1,4026.0,519,3,4025.9,2,1,4025.6,13,1,4026.7,1,1,4026.9,218,7,4027.0,58,4,4027.2,27,2,4027.4,35,2
11483,2026-07-02 12:38:01+05:30,4026.5,2,4040.4,1164109,153417.0,162651.0,4100.0,4110.0,4012.0,4092.6,24858400,4501.8,3683.4,4440.0,3288.1,4026.5,3280,4,4026.1,2,1,4026.0,519,3,4025.9,2,1,4025.6,13,1,4026.7,1,1,4026.9,218,7,4027.0,58,4,4027.2,27,2,4027.4,35,2
11483,2026-07-02 12:38:02+05:30,4026.5,2,4040.4,1164109,153417.0,162651.0,4100.0,4110.0,4012.0,4092.6,24858400,4501.8,3683.4,4440.0,3288.1,4026.5,3280,4,4026.1,2,1,4026.0,519,3,4025.9,2,1,4025.6,13,1,4026.7,1,1,4026.9,218,7,4027.0,58,4,4027.2,27,2,4027.4,35,2
11483,2026-07-02 12:38:02+05:30,4026.6,1,4040.4,1164113,153360.0,162578.0,4100.0,4110.0,4012.0,4092.6,24858400,4501.8,3683.4,4440.0,3288.1,4026.5,3278,4,4026.1,2,1,4026.0,519,3,4025.9,2,1,4025.6,13,1,4026.7,15,5,4026.9,202,6,4027.0,54,3,4027.2,27,2,4027.3,17,1
11483,2026-07-02 12:38:02+05:30,4026.6,1,4040.4,1164113,153360.0,162578.0,4100.0,4110.0,4012.0,4092.6,24858400,4501.8,3683.4,4440.0,3288.1,4026.5,3278,4,4026.1,2,1,4026.0,519,3,4025.9,2,1,4025.6,13,1,4026.7,15,5,4026.9,202,6,4027.0,54,3,4027.2,27,2,4027.3,17,1
11483,2026-07-02 12:38:02+05:30,4026.5,1,4040.4,1164113,153360.0,162578.0,4100.0,4110.0,4012.0,4092.6,24858400,4501.8,3683.4,4440.0,3288.1,4026.5,3278,4,4026.1,2,1,4026.0,519,3,4025.9,2,1,4025.6,13,1,4026.7,15,5,4026.9,202,6,4027.0,54,3,4027.2,27,2,4027.3,17,1
11483,2026-07-02 12:38:03+05:30,4026.5,1,4040.4,1164113,153360.0,162578.0,4100.0,4110.0,4012.0,4092.6,24858400,4501.8,3683.4,4440.0,3288.1,4026.5,3278,4,4026.1,2,1,4026.0,519,3,4025.9,2,1,4025.6,13,1,4026.7,15,5,4026.9,202,6,4027.0,54,3,4027.2,27,2,4027.3,17,1
11483,2026-07-02 12:38:03+05:30,4026.0,1,4040.36,1167395,148386.0,163357.0,4100.0,4110.0,4012.0,4092.6,24858400,4501.8,3683.4,4440.0,3288.1,4026.0,518,3,4025.9,2,1,4025.4,46,1,4025.3,134,3,4025.0,1062,30,4026.3,38,4,4026.5,26,4,4026.6,34,3,4026.7,58,8,4026.8,30,1
11483,2026-07-02 12:38:03+05:30,4026.0,2,4040.36,1167395,148386.0,163357.0,4100.0,4110.0,4012.0,4092.6,24858400,4501.8,3683.4,4440.0,3288.1,4026.0,518,3,4025.9,2,1,4025.4,46,1,4025.3,134,3,4025.0,1062,30,4026.3,38,4,4026.5,26,4,4026.6,34,3,4026.7,58,8,4026.8,30,1
11483,2026-07-02 12:38:04+05:30,4026.3,5,4040.35,1167982,148742.0,163427.0,4100.0,4110.0,4012.0,4092.6,24858400,4501.8,3683.4,4440.0,3288.1,4026.0,443,2,4025.9,2,1,4025.4,46,1,4025.3,10,2,4025.0,1062,30,4026.3,30,5,4026.5,7,1,4026.6,26,2,4026.7,57,8,4026.8,41,2
11483,2026-07-02 12:38:04+05:30,4026.0,20,4040.35,1167982,148742.0,163427.0,4100.0,4110.0,4012.0,4092.6,24858400,4501.8,3683.4,4440.0,3288.1,4026.0,443,2,4025.9,2,1,4025.4,46,1,4025.3,10,2,4025.0,1062,30,4026.3,30,5,4026.5,7,1,4026.6,26,2,4026.7,57,8,4026.8,41,2
11483,2026-07-02 12:38:05+05:30,4026.0,2,4040.35,1168080,148649.0,163429.0,4100.0,4110.0,4012.0,4092.6,24858400,4501.8,3683.4,4440.0,3288.1,4026.0,350,3,4025.9,2,1,4025.4,46,1,4025.3,10,2,4025.0,1062,30,4026.3,19,3,4026.5,7,1,4026.6,26,2,4026.7,48,7,4026.8,41,2
11483,2026-07-02 12:38:05+05:30,4026.0,11,4040.35,1168080,148649.0,163429.0,4100.0,4110.0,4012.0,4092.6,24858400,4501.8,3683.4,4440.0,3288.1,4026.0,350,3,4025.9,2,1,4025.4,46,1,4025.3,10,2,4025.0,1062,30,4026.3,19,3,4026.5,7,1,4026.6,26,2,4026.7,48,7,4026.8,41,2
11483,2026-07-02 12:38:06+05:30,4026.0,136,4040.35,1168245,148479.0,163432.0,4100.0,4110.0,4012.0,4092.6,24858400,4501.8,3683.4,4440.0,3288.1,4026.0,203,3,4025.9,2,1,4025.4,46,1,4025.3,10,2,4025.0,1062,30,4026.3,19,5,4026.5,7,1,4026.6,26,2,4026.7,72,8,4026.8,41,2
11483,2026-07-02 12:38:06+05:30,4026.0,2,4040.35,1168245,148479.0,163432.0,4100.0,4110.0,4012.0,4092.6,24858400,4501.8,3683.4,4440.0,3288.1,4026.0,203,3,4025.9,2,1,4025.4,46,1,4025.3,10,2,4025.0,1062,30,4026.3,19,5,4026.5,7,1,4026.6,26,2,4026.7,72,8,4026.8,41,2
11483,2026-07-02 12:38:07+05:30,4026.0,2,4040.34,1168755,148487.0,163475.0,4100.0,4110.0,4012.0,4092.6,24858400,4501.8,3683.4,4440.0,3288.1,4026.0,200,2,4025.9,2,1,4025.4,46,1,4025.3,10,2,4025.0,1062,30,4026.1,34,5,4026.3,9,3,4026.4,5,1,4026.5,27,3,4026.6,34,3
11483,2026-07-02 12:38:07+05:30,4026.0,61,4040.34,1168755,148487.0,163475.0,4100.0,4110.0,4012.0,4092.6,24858400,4501.8,3683.4,4440.0,3288.1,4026.0,200,2,4025.9,2,1,4025.4,46,1,4025.3,10,2,4025.0,1062,30,4026.1,34,5,4026.3,9,3,4026.4,5,1,4026.5,27,3,4026.6,34,3
11483,2026-07-02 12:38:08+05:30,4026.0,9,4040.34,1168828,148413.0,163484.0,4100.0,4110.0,4012.0,4092.6,24858400,4501.8,3683.4,4440.0,3288.1,4026.0,127,2,4025.9,2,1,4025.4,46,1,4025.3,10,2,4025.0,1062,30,4026.1,26,3,4026.3,5,2,4026.5,20,2,4026.6,7,1,4026.7,94,9
11483,2026-07-02 12:38:08+05:30,4026.0,2,4040.34,1168828,148413.0,163484.0,4100.0,4110.0,4012.0,4092.6,24858400,4501.8,3683.4,4440.0,3288.1,4026.0,127,2,4025.9,2,1,4025.4,46,1,4025.3,10,2,4025.0,1062,30,4026.1,26,3,4026.3,5,2,4026.5,20,2,4026.6,7,1,4026.7,94,9
11483,2026-07-02 12:38:09+05:30,4026.7,4,4040.34,1169057,148940.0,163117.0,4100.0,4110.0,4012.0,4092.6,24858400,4501.8,3683.4,4440.0,3288.1,4026.0,155,3,4025.9,2,1,4025.4,46,1,4025.3,10,2,4025.2,17,1,4026.8,33,3,4026.9,193,4,4027.0,229,4,4027.2,44,3,4027.3,58,2
11483,2026-07-02 12:38:09+05:30,4026.0,48,4040.34,1169057,148940.0,163117.0,4100.0,4110.0,4012.0,4092.6,24858400,4501.8,3683.4,4440.0,3288.1,4026.0,155,3,4025.9,2,1,4025.4,46,1,4025.3,10,2,4025.2,17,1,4026.8,33,3,4026.9,193,4,4027.0,229,4,4027.2,44,3,4027.3,58,2
11483,2026-07-02 12:38:10+05:30,4026.0,2,4040.34,1169264,148757.0,163289.0,4100.0,4110.0,4012.0,4092.6,24858400,4501.8,3683.4,4440.0,3288.1,4026.0,518,2,4025.9,2,1,4025.4,46,1,4025.3,10,2,4025.0,1062,30,4026.1,1,1,4026.6,6,1,4026.8,63,3,4026.9,193,4,4027.0,253,5
11483,2026-07-02 12:38:10+05:30,4026.0,25,4040.34,1169264,148757.0,163289.0,4100.0,4110.0,4012.0,4092.6,24858400,4501.8,3683.4,4440.0,3288.1,4026.0,518,2,4025.9,2,1,4025.4,46,1,4025.3,10,2,4025.0,1062,30,4026.1,1,1,4026.6,6,1,4026.8,63,3,4026.9,193,4,4027.0,253,5
11483,2026-07-02 12:38:11+05:30,4026.0,2,4040.33,1169881,149235.0,163469.0,4100.0,4110.0,4012.0,4092.6,24858400,4501.8,3683.4,4440.0,3288.1,4026.0,622,4,4025.9,2,1,4025.4,170,2,4025.3,10,2,4025.0,1062,30,4026.2,33,1,4026.8,15,3,4026.9,179,2,4027.0,250,4,4027.1,6,1
11483,2026-07-02 12:38:11+05:30,4026.0,2,4040.33,1169881,149235.0,163469.0,4100.0,4110.0,4012.0,4092.6,24858400,4501.8,3683.4,4440.0,3288.1,4026.0,622,4,4025.9,2,1,4025.4,170,2,4025.3,10,2,4025.0,1062,30,4026.2,33,1,4026.8,15,3,4026.9,179,2,4027.0,250,4,4027.1,6,1
11483,2026-07-02 12:38:12+05:30,4026.0,2,4040.33,1169957,149153.0,163463.0,4100.0,4110.0,4012.0,4092.6,24858400,4501.8,3683.4,4440.0,3288.1,4026.1,1,1,4026.0,547,3,4025.9,2,1,4025.4,170,2,4025.3,10,2,4026.2,33,1,4026.8,15,3,4026.9,179,2,4027.0,250,4,4027.1,6,1
11483,2026-07-02 12:38:12+05:30,4026.1,4,4040.33,1169957,149153.0,163463.0,4100.0,4110.0,4012.0,4092.6,24858400,4501.8,3683.4,4440.0,3288.1,4026.1,1,1,4026.0,547,3,4025.9,2,1,4025.4,170,2,4025.3,10,2,4026.2,33,1,4026.8,15,3,4026.9,179,2,4027.0,250,4,4027.1,6,1
11483,2026-07-02 12:38:13+05:30,4026.1,4,4040.33,1169961,149125.0,163474.0,4100.0,4110.0,4012.0,4092.6,24858400,4501.8,3683.4,4440.0,3288.1,4026.0,547,3,4025.9,2,1,4025.4,170,2,4025.3,10,2,4025.0,1062,30,4026.1,3,3,4026.2,33,1,4026.8,18,3,4026.9,179,2,4027.0,250,4
11483,2026-07-02 12:38:13+05:30,4026.0,3,4040.33,1169961,149125.0,163474.0,4100.0,4110.0,4012.0,4092.6,24858400,4501.8,3683.4,4440.0,3288.1,4026.0,547,3,4025.9,2,1,4025.4,170,2,4025.3,10,2,4025.0,1062,30,4026.1,3,3,4026.2,33,1,4026.8,18,3,4026.9,179,2,4027.0,250,4
11483,2026-07-02 12:38:14+05:30,4026.0,2,4040.32,1170290,148733.0,163654.0,4100.0,4110.0,4012.0,4092.6,24858400,4501.8,3683.4,4440.0,3288.1,4026.0,228,4,4025.9,2,1,4025.4,170,2,4025.3,10,2,4025.0,1050,29,4026.1,13,6,4026.8,66,4,4026.9,219,4,4027.0,250,4,4027.2,47,4
11483,2026-07-02 12:38:14+05:30,4026.0,39,4040.32,1170290,148733.0,163654.0,4100.0,4110.0,4012.0,4092.6,24858400,4501.8,3683.4,4440.0,3288.1,4026.0,228,4,4025.9,2,1,4025.4,170,2,4025.3,10,2,4025.0,1050,29,4026.1,13,6,4026.8,66,4,4026.9,219,4,4027.0,250,4,4027.2,47,4
11483,2026-07-02 12:38:15+05:30,4026.1,1,4040.32,1170348,148781.0,163729.0,4100.0,4110.0,4012.0,4092.6,24858400,4501.8,3683.4,4440.0,3288.1,4026.0,187,4,4025.9,2,1,4025.4,170,2,4025.3,10,2,4025.0,1051,30,4026.1,9,4,4026.8,66,4,4026.9,219,4,4027.0,250,4,4027.2,47,4
11483,2026-07-02 12:38:15+05:30,4026.1,3,4040.32,1170348,148781.0,163729.0,4100.0,4110.0,4012.0,4092.6,24858400,4501.8,3683.4,4440.0,3288.1,4026.0,187,4,4025.9,2,1,4025.4,170,2,4025.3,10,2,4025.0,1051,30,4026.1,9,4,4026.8,66,4,4026.9,219,4,4027.0,250,4,4027.2,47,4
11483,2026-07-02 12:38:16+05:30,4026.0,2,4040.32,1170367,148788.0,163745.0,4100.0,4110.0,4012.0,4092.6,24858400,4501.8,3683.4,4440.0,3288.1,4026.0,175,4,4025.9,2,1,4025.5,5,1,4025.4,170,2,4025.3,10,2,4026.1,5,2,4026.2,18,1,4026.8,66,4,4026.9,219,4,4027.0,250,4
11483,2026-07-02 12:38:16+05:30,4026.1,1,4040.32,1170367,148788.0,163745.0,4100.0,4110.0,4012.0,4092.6,24858400,4501.8,3683.4,4440.0,3288.1,4026.0,175,4,4025.9,2,1,4025.5,5,1,4025.4,170,2,4025.3,10,2,4026.1,5,2,4026.2,18,1,4026.8,66,4,4026.9,219,4,4027.0,250,4
11483,2026-07-02 12:38:17+05:30,4026.1,1,4040.32,1170372,148797.0,163747.0,4100.0,4110.0,4012.0,4092.6,24858400,4501.8,3683.4,4440.0,3288.1,4026.0,171,4,4025.9,2,1,4025.5,5,1,4025.4,170,2,4025.3,10,2,4026.1,4,2,4026.2,19,2,4026.8,66,4,4026.9,219,4,4027.0,250,4
11483,2026-07-02 12:38:17+05:30,4026.0,2,4040.32,1170372,148797.0,163747.0,4100.0,4110.0,4012.0,4092.6,24858400,4501.8,3683.4,4440.0,3288.1,4026.0,171,4,4025.9,2,1,4025.5,5,1,4025.4,170,2,4025.3,10,2,4026.1,4,2,4026.2,19,2,4026.8,66,4,4026.9,219,4,4027.0,250,4
11483,2026-07-02 12:38:18+05:30,4026.0,2,4040.32,1170377,148787.0,163750.0,4100.0,4110.0,4012.0,4092.6,24858400,4501.8,3683.4,4440.0,3288.1,4026.0,166,4,4025.9,2,1,4025.5,5,1,4025.4,170,2,4025.3,10,2,4026.1,4,2,4026.2,19,2,4026.8,66,4,4026.9,219,4,4027.0,250,4
11483,2026-07-02 12:38:18+05:30,4026.0,2,4040.32,1170377,148787.0,163750.0,4100.0,4110.0,4012.0,4092.6,24858400,4501.8,3683.4,4440.0,3288.1,4026.0,166,4,4025.9,2,1,4025.5,5,1,4025.4,170,2,4025.3,10,2,4026.1,4,2,4026.2,19,2,4026.8,66,4,4026.9,219,4,4027.0,250,4
11483,2026-07-02 12:38:19+05:30,4026.0,2,4040.32,1170383,148530.0,163800.0,4100.0,4110.0,4012.0,4092.6,24858400,4501.8,3683.4,4440.0,3288.1,4026.0,161,4,4025.9,2,1,4025.5,5,1,4025.4,170,2,4025.3,10,2,4026.1,13,4,4026.2,19,2,4026.5,56,2,4026.6,18,1,4026.7,1,1
11483,2026-07-02 12:38:19+05:30,4026.0,1,4040.32,1170383,148530.0,163800.0,4100.0,4110.0,4012.0,4092.6,24858400,4501.8,3683.4,4440.0,3288.1,4026.0,161,4,4025.9,2,1,4025.5,5,1,4025.4,170,2,4025.3,10,2,4026.1,13,4,4026.2,19,2,4026.5,56,2,4026.6,18,1,4026.7,1,1
11483,2026-07-02 12:38:22+05:30,4026.1,2,4040.32,1170383,148530.0,163800.0,4100.0,4110.0,4012.0,4092.6,24858400,4501.8,3683.4,4440.0,3288.1,4026.0,161,4,4025.9,2,1,4025.5,5,1,4025.4,170,2,4025.3,10,2,4026.1,13,4,4026.2,19,2,4026.5,56,2,4026.6,18,1,4026.7,1,1
11483,2026-07-02 12:38:24+05:30,4026.1,2,4040.32,1170413,148426.0,163304.0,4100.0,4110.0,4012.0,4092.6,24858400,4501.8,3683.4,4440.0,3288.1,4026.0,189,7,4025.9,2,1,4025.5,5,1,4025.4,170,2,4025.3,34,3,4026.1,7,2,4026.2,1,1,4026.5,51,2,4026.8,18,2,4026.9,219,4
11483,2026-07-02 12:38:25+05:30,4026.0,48,4040.32,1170413,148426.0,163304.0,4100.0,4110.0,4012.0,4092.6,24858400,4501.8,3683.4,4440.0,3288.1,4026.0,189,7,4025.9,2,1,4025.5,5,1,4025.4,170,2,4025.3,34,3,4026.1,7,2,4026.2,1,1,4026.5,51,2,4026.8,18,2,4026.9,219,4
11483,2026-07-02 12:38:27+05:30,4026.0,1,4040.32,1170413,148426.0,163304.0,4100.0,4110.0,4012.0,4092.6,24858400,4501.8,3683.4,4440.0,3288.1,4026.0,189,7,4025.9,2,1,4025.5,5,1,4025.4,170,2,4025.3,34,3,4026.1,7,2,4026.2,1,1,4026.5,51,2,4026.8,18,2,4026.9,219,4
11483,2026-07-02 12:38:28+05:30,4026.3,8,4040.32,1170544,149762.0,163201.0,4100.0,4110.0,4012.0,4092.6,24858400,4501.8,3683.4,4440.0,3288.1,4026.0,141,8,4025.9,2,1,4025.5,5,1,4025.4,170,2,4025.3,34,3,4026.3,42,1,4026.4,69,3,4026.5,42,1,4026.7,79,4,4026.8,2,1
11483,2026-07-02 12:38:29+05:30,4026.0,175,4040.32,1170544,149762.0,163201.0,4100.0,4110.0,4012.0,4092.6,24858400,4501.8,3683.4,4440.0,3288.1,4026.0,141,8,4025.9,2,1,4025.5,5,1,4025.4,170,2,4025.3,34,3,4026.3,42,1,4026.4,69,3,4026.5,42,1,4026.7,79,4,4026.8,2,1
11483,2026-07-02 12:38:31+05:30,4026.1,3,4040.32,1170544,149762.0,163201.0,4100.0,4110.0,4012.0,4092.6,24858400,4501.8,3683.4,4440.0,3288.1,4026.0,141,8,4025.9,2,1,4025.5,5,1,4025.4,170,2,4025.3,34,3,4026.3,42,1,4026.4,69,3,4026.5,42,1,4026.7,79,4,4026.8,2,1
11483,2026-07-02 12:38:33+05:30,4026.0,100,4040.31,1171086,148047.0,163685.0,4100.0,4110.0,4012.0,4092.6,24858400,4501.8,3683.4,4440.0,3288.1,4026.0,130,3,4025.9,2,1,4025.5,5,1,4025.4,46,1,4025.3,10,2,4026.2,65,6,4026.3,42,1,4026.4,51,2,4026.5,197,3,4026.6,69,4
11483,2026-07-02 12:38:33+05:30,4026.0,65,4040.31,1171086,148047.0,163685.0,4100.0,4110.0,4012.0,4092.6,24858400,4501.8,3683.4,4440.0,3288.1,4026.0,130,3,4025.9,2,1,4025.5,5,1,4025.4,46,1,4025.3,10,2,4026.2,65,6,4026.3,42,1,4026.4,51,2,4026.5,197,3,4026.6,69,4
11483,2026-07-02 12:38:35+05:30,4026.1,54,4040.31,1171086,148047.0,163685.0,4100.0,4110.0,4012.0,4092.6,24858400,4501.8,3683.4,4440.0,3288.1,4026.0,130,3,4025.9,2,1,4025.5,5,1,4025.4,46,1,4025.3,10,2,4026.2,65,6,4026.3,42,1,4026.4,51,2,4026.5,197,3,4026.6,69,4
11483,2026-07-02 12:38:37+05:30,4026.2,6,4040.31,1171398,149785.0,163191.0,4100.0,4110.0,4012.0,4092.6,24858400,4501.8,3683.4,4440.0,3288.1,4026.2,12,1,4026.1,42,1,4026.0,437,4,4025.9,44,2,4025.8,24,1,4026.5,15,1,4026.8,19,1,4026.9,219,3,4027.1,28,1,4027.5,19,2
11483,2026-07-02 12:38:37+05:30,4026.2,4,4040.31,1171398,149785.0,163191.0,4100.0,4110.0,4012.0,4092.6,24858400,4501.8,3683.4,4440.0,3288.1,4026.2,12,1,4026.1,42,1,4026.0,437,4,4025.9,44,2,4025.8,24,1,4026.5,15,1,4026.8,19,1,4026.9,219,3,4027.1,28,1,4027.5,19,2
11483,2026-07-02 12:38:39+05:30,4026.5,1,4040.31,1171398,149785.0,163191.0,4100.0,4110.0,4012.0,4092.6,24858400,4501.8,3683.4,4440.0,3288.1,4026.2,12,1,4026.1,42,1,4026.0,437,4,4025.9,44,2,4025.8,24,1,4026.5,15,1,4026.8,19,1,4026.9,219,3,4027.1,28,1,4027.5,19,2
11483,2026-07-02 12:38:41+05:30,4026.9,5,4040.31,1171398,149785.0,163191.0,4100.0,4110.0,4012.0,4092.6,24858400,4501.8,3683.4,4440.0,3288.1,4026.2,12,1,4026.1,42,1,4026.0,437,4,4025.9,44,2,4025.8,24,1,4026.5,15,1,4026.8,19,1,4026.9,219,3,4027.1,28,1,4027.5,19,2
11483,2026-07-02 12:38:42+05:30,4026.9,15,4040.31,1171502,149755.0,162578.0,4100.0,4110.0,4012.0,4092.6,24858400,4501.8,3683.4,4440.0,3288.1,4026.8,42,1,4026.7,43,2,4026.6,42,1,4026.4,42,1,4026.3,72,4,4026.9,49,2,4027.7,6,1,4027.9,7,1,4028.0,70,5,4028.1,14,2
11483,2026-07-02 12:38:43+05:30,4026.9,50,4040.31,1171502,149755.0,162578.0,4100.0,4110.0,4012.0,4092.6,24858400,4501.8,3683.4,4440.0,3288.1,4026.8,42,1,4026.7,43,2,4026.6,42,1,4026.4,42,1,4026.3,72,4,4026.9,49,2,4027.7,6,1,4027.9,7,1,4028.0,70,5,4028.1,14,2
11483,2026-07-02 12:38:45+05:30,4026.9,3,4040.31,1171502,149755.0,162578.0,4100.0,4110.0,4012.0,4092.6,24858400,4501.8,3683.4,4440.0,3288.1,4026.8,42,1,4026.7,43,2,4026.6,42,1,4026.4,42,1,4026.3,72,4,4026.9,49,2,4027.7,6,1,4027.9,7,1,4028.0,70,5,4028.1,14,2
11483,2026-07-02 12:38:47+05:30,4028.0,3,4040.31,1171715,150633.0,161928.0,4100.0,4110.0,4012.0,4092.6,24858400,4501.8,3683.4,4440.0,3288.1,4027.7,1,1,4027.5,42,1,4027.4,44,3,4027.2,42,1,4026.9,104,5,4028.0,2,1,4028.1,1,1,4028.4,7,1,4028.6,36,2,4028.8,42,2
11483,2026-07-02 12:38:47+05:30,4027.7,24,4040.31,1171715,150633.0,161928.0,4100.0,4110.0,4012.0,4092.6,24858400,4501.8,3683.4,4440.0,3288.1,4027.7,1,1,4027.5,42,1,4027.4,44,3,4027.2,42,1,4026.9,104,5,4028.0,2,1,4028.1,1,1,4028.4,7,1,4028.6,36,2,4028.8,42,2
11483,2026-07-02 12:38:49+05:30,4028.0,1,4040.31,1171715,150633.0,161928.0,4100.0,4110.0,4012.0,4092.6,24858400,4501.8,3683.4,4440.0,3288.1,4027.7,1,1,4027.5,42,1,4027.4,44,3,4027.2,42,1,4026.9,104,5,4028.0,2,1,4028.1,1,1,4028.4,7,1,4028.6,36,2,4028.8,42,2
11483,2026-07-02 12:38:51+05:30,4026.0,57,4040.31,1171715,150633.0,161928.0,4100.0,4110.0,4012.0,4092.6,24858400,4501.8,3683.4,4440.0,3288.1,4027.7,1,1,4027.5,42,1,4027.4,44,3,4027.2,42,1,4026.9,104,5,4028.0,2,1,4028.1,1,1,4028.4,7,1,4028.6,36,2,4028.8,42,2
11483,2026-07-02 12:38:52+05:30,4026.6,11,4040.3,1172075,150271.0,162066.0,4100.0,4110.0,4012.0,4092.6,24858400,4501.8,3683.4,4440.0,3288.1,4027.8,1,1,4026.6,40,2,4026.5,97,5,4026.4,13,2,4026.3,24,2,4028.0,37,4,4028.1,19,2,4028.3,3,1,4028.4,25,2,4028.5,24,1
11483,2026-07-02 12:38:53+05:30,4027.8,1,4040.3,1172075,150271.0,162066.0,4100.0,4110.0,4012.0,4092.6,24858400,4501.8,3683.4,4440.0,3288.1,4027.8,1,1,4026.6,40,2,4026.5,97,5,4026.4,13,2,4026.3,24,2,4028.0,37,4,4028.1,19,2,4028.3,3,1,4028.4,25,2,4028.5,24,1
11483,2026-07-02 12:38:55+05:30,4028.7,3,4040.3,1172075,150271.0,162066.0,4100.0,4110.0,4012.0,4092.6,24858400,4501.8,3683.4,4440.0,3288.1,4027.8,1,1,4026.6,40,2,4026.5,97,5,4026.4,13,2,4026.3,24,2,4028.0,37,4,4028.1,19,2,4028.3,3,1,4028.4,25,2,4028.5,24,1
11483,2026-07-02 12:38:57+05:30,4028.7,10,4040.3,1172580,151049.0,161847.0,4100.0,4110.0,4012.0,4092.6,24858400,4501.8,3683.4,4440.0,3288.1,4027.4,53,3,4027.3,48,4,4027.2,17,2,4027.1,20,2,4027.0,3,1,4028.7,26,2,4028.9,208,3,4029.0,130,3,4029.2,68,3,4029.3,82,4
11483,2026-07-02 12:38:57+05:30,4028.7,10,4040.3,1172580,151049.0,161847.0,4100.0,4110.0,4012.0,4092.6,24858400,4501.8,3683.4,4440.0,3288.1,4027.4,53,3,4027.3,48,4,4027.2,17,2,4027.1,20,2,4027.0,3,1,4028.7,26,2,4028.9,208,3,4029.0,130,3,4029.2,68,3,4029.3,82,4
11483,2026-07-02 12:38:57+05:30,4027.4,8,4040.3,1172580,151049.0,161847.0,4100.0,4110.0,4012.0,4092.6,24858400,4501.8,3683.4,4440.0,3288.1,4027.4,53,3,4027.3,48,4,4027.2,17,2,4027.1,20,2,4027.0,3,1,4028.7,26,2,4028.9,208,3,4029.0,130,3,4029.2,68,3,4029.3,82,4
11483,2026-07-02 12:38:58+05:30,4027.4,8,4040.3,1172580,151049.0,161847.0,4100.0,4110.0,4012.0,4092.6,24858400,4501.8,3683.4,4440.0,3288.1,4027.4,53,3,4027.3,48,4,4027.2,17,2,4027.1,20,2,4027.0,3,1,4028.7,26,2,4028.9,208,3,4029.0,130,3,4029.2,68,3,4029.3,82,4
11483,2026-07-02 12:38:59+05:30,4027.4,8,4040.3,1172580,151049.0,161847.0,4100.0,4110.0,4012.0,4092.6,24858400,4501.8,3683.4,4440.0,3288.1,4027.4,53,3,4027.3,48,4,4027.2,17,2,4027.1,20,2,4027.0,3,1,4028.7,26,2,4028.9,208,3,4029.0,130,3,4029.2,68,3,4029.3,82,4
11483,2026-07-02 12:39:00+05:30,4027.9,6,4040.3,1172580,151049.0,161847.0,4100.0,4110.0,4012.0,4092.6,24858400,4501.8,3683.4,4440.0,3288.1,4027.4,53,3,4027.3,48,4,4027.2,17,2,4027.1,20,2,4027.0,3,1,4028.7,26,2,4028.9,208,3,4029.0,130,3,4029.2,68,3,4029.3,82,4
11483,2026-07-02 12:39:00+05:30,4027.9,6,4040.3,1172580,151049.0,161847.0,4100.0,4110.0,4012.0,4092.6,24858400,4501.8,3683.4,4440.0,3288.1,4027.4,53,3,4027.3,48,4,4027.2,17,2,4027.1,20,2,4027.0,3,1,4028.7,26,2,4028.9,208,3,4029.0,130,3,4029.2,68,3,4029.3,82,4
11483,2026-07-02 12:39:01+05:30,4027.9,6,4040.3,1172580,151049.0,161847.0,4100.0,4110.0,4012.0,4092.6,24858400,4501.8,3683.4,4440.0,3288.1,4027.4,53,3,4027.3,48,4,4027.2,17,2,4027.1,20,2,4027.0,3,1,4028.7,26,2,4028.9,208,3,4029.0,130,3,4029.2,68,3,4029.3,82,4
11483,2026-07-02 12:39:01+05:30,4028.9,7,4040.3,1172735,152539.0,160588.0,4100.0,4110.0,4012.0,4092.6,24858400,4501.8,3683.4,4440.0,3288.1,4028.7,63,4,4028.6,12,3,4028.5,1,1,4028.4,51,5,4028.3,10,1,4029.0,117,2,4029.3,51,2,4029.4,1,1,4029.6,12,1,4029.7,30,1
11483,2026-07-02 12:39:01+05:30,4028.9,7,4040.3,1172735,152539.0,160588.0,4100.0,4110.0,4012.0,4092.6,24858050,4501.8,3683.4,4440.0,3288.1,4028.7,63,4,4028.6,12,3,4028.5,1,1,4028.4,51,5,4028.3,10,1,4029.0,117,2,4029.3,51,2,4029.4,1,1,4029.6,12,1,4029.7,30,1
11483,2026-07-02 12:39:02+05:30,4029.0,5,4040.3,1172735,152539.0,160588.0,4100.0,4110.0,4012.0,4092.6,24858050,4501.8,3683.4,4440.0,3288.1,4028.7,63,4,4028.6,12,3,4028.5,1,1,4028.4,51,5,4028.3,10,1,4029.0,117,2,4029.3,51,2,4029.4,1,1,4029.6,12,1,4029.7,30,1
11483,2026-07-02 12:39:02+05:30,4029.0,5,4040.3,1172735,152539.0,160588.0,4100.0,4110.0,4012.0,4092.6,24858050,4501.8,3683.4,4440.0,3288.1,4028.7,63,4,4028.6,12,3,4028.5,1,1,4028.4,51,5,4028.3,10,1,4029.0,117,2,4029.3,51,2,4029.4,1,1,4029.6,12,1,4029.7,30,1
11483,2026-07-02 12:39:03+05:30,4029.0,5,4040.3,1172735,152539.0,160588.0,4100.0,4110.0,4012.0,4092.6,24858050,4501.8,3683.4,4440.0,3288.1,4028.7,63,4,4028.6,12,3,4028.5,1,1,4028.4,51,5,4028.3,10,1,4029.0,117,2,4029.3,51,2,4029.4,1,1,4029.6,12,1,4029.7,30,1
11483,2026-07-02 12:39:05+05:30,4029.0,3,4040.3,1172735,152539.0,160588.0,4100.0,4110.0,4012.0,4092.6,24858050,4501.8,3683.4,4440.0,3288.1,4028.7,63,4,4028.6,12,3,4028.5,1,1,4028.4,51,5,4028.3,10,1,4029.0,117,2,4029.3,51,2,4029.4,1,1,4029.6,12,1,4029.7,30,1
11483,2026-07-02 12:39:06+05:30,4029.0,7,4040.29,1173707,152583.0,160682.0,4100.0,4110.0,4012.0,4092.6,24858050,4501.8,3683.4,4440.0,3288.1,4028.5,66,4,4028.4,12,4,4028.2,13,1,4028.1,92,4,4028.0,92,8,4029.0,101,1,4029.3,51,2,4029.4,1,1,4029.6,12,1,4029.7,30,1
11483,2026-07-02 12:39:08+05:30,4028.5,2,4040.29,1173707,152583.0,160682.0,4100.0,4110.0,4012.0,4092.6,24858050,4501.8,3683.4,4440.0,3288.1,4028.5,66,4,4028.4,12,4,4028.2,13,1,4028.1,92,4,4028.0,92,8,4029.0,101,1,4029.3,51,2,4029.4,1,1,4029.6,12,1,4029.7,30,1
11483,2026-07-02 12:39:11+05:30,4029.0,1,4040.29,1173707,152583.0,160682.0,4100.0,4110.0,4012.0,4092.6,24858050,4501.8,3683.4,4440.0,3288.1,4028.5,66,4,4028.4,12,4,4028.2,13,1,4028.1,92,4,4028.0,92,8,4029.0,101,1,4029.3,51,2,4029.4,1,1,4029.6,12,1,4029.7,30,1
11483,2026-07-02 12:39:11+05:30,4028.7,1,4040.28,1174661,152418.0,160795.0,4100.0,4110.0,4012.0,4092.6,24858050,4501.8,3683.4,4440.0,3288.1,4028.7,11,1,4028.5,2,1,4028.4,14,1,4028.3,13,2,4028.2,14,1,4029.0,71,3,4029.3,51,2,4029.4,5,2,4029.6,12,1,4029.7,30,1
11483,2026-07-02 12:39:14+05:30,4028.7,4,4040.28,1174661,152418.0,160795.0,4100.0,4110.0,4012.0,4092.6,24858050,4501.8,3683.4,4440.0,3288.1,4028.7,11,1,4028.5,2,1,4028.4,14,1,4028.3,13,2,4028.2,14,1,4029.0,71,3,4029.3,51,2,4029.4,5,2,4029.6,12,1,4029.7,30,1
11483,2026-07-02 12:39:16+05:30,4028.7,3,4040.28,1174787,152733.0,160995.0,4100.0,4110.0,4012.0,4092.6,24858050,4501.8,3683.4,4440.0,3288.1,4028.6,28,3,4028.5,20,2,4028.4,38,2,4028.3,22,3,4028.2,14,1,4028.7,25,3,4029.0,66,2,4029.3,53,3,4029.4,5,2,4029.6,12,1
11483,2026-07-02 12:39:17+05:30,4028.7,6,4040.28,1174787,152733.0,160995.0,4100.0,4110.0,4012.0,4092.6,24858050,4501.8,3683.4,4440.0,3288.1,4028.6,28,3,4028.5,20,2,4028.4,38,2,4028.3,22,3,4028.2,14,1,4028.7,25,3,4029.0,66,2,4029.3,53,3,4029.4,5,2,4029.6,12,1
11483,2026-07-02 12:39:20+05:30,4028.7,1,4040.28,1174787,152733.0,160995.0,4100.0,4110.0,4012.0,4092.6,24858050,4501.8,3683.4,4440.0,3288.1,4028.6,28,3,4028.5,20,2,4028.4,38,2,4028.3,22,3,4028.2,14,1,4028.7,25,3,4029.0,66,2,4029.3,53,3,4029.4,5,2,4029.6,12,1
11483,2026-07-02 12:39:20+05:30,4028.7,2,4040.27,1174846,152826.0,160626.0,4100.0,4110.0,4012.0,4092.6,24858050,4501.8,3683.4,4440.0,3288.1,4028.6,13,2,4028.5,53,4,4028.4,14,1,4028.3,12,1,4028.2,14,1,4028.7,27,4,4029.0,166,3,4029.3,53,3,4029.4,5,2,4029.6,12,1
11483,2026-07-02 12:39:21+05:30,4028.6,4,4040.27,1174846,152826.0,160626.0,4100.0,4110.0,4012.0,4092.6,24858050,4501.8,3683.4,4440.0,3288.1,4028.6,13,2,4028.5,53,4,4028.4,14,1,4028.3,12,1,4028.2,14,1,4028.7,27,4,4029.0,166,3,4029.3,53,3,4029.4,5,2,4029.6,12,1
11483,2026-07-02 12:39:21+05:30,4028.6,4,4040.27,1174853,152851.0,160656.0,4100.0,4110.0,4012.0,4092.6,24858050,4501.8,3683.4,4440.0,3288.1,4028.5,66,5,4028.4,14,1,4028.3,12,1,4028.2,14,1,4028.1,32,2,4028.7,27,4,4029.0,166,3,4029.3,53,3,4029.4,5,2,4029.6,12,1
11483,2026-07-02 12:39:22+05:30,4028.5,1,4040.27,1174853,152851.0,160656.0,4100.0,4110.0,4012.0,4092.6,24858050,4501.8,3683.4,4440.0,3288.1,4028.5,66,5,4028.4,14,1,4028.3,12,1,4028.2,14,1,4028.1,32,2,4028.7,27,4,4029.0,166,3,4029.3,53,3,4029.4,5,2,4029.6,12,1
11483,2026-07-02 12:39:22+05:30,4028.5,2,4040.27,1174878,152779.0,160664.0,4100.0,4110.0,4012.0,4092.6,24858050,4501.8,3683.4,4440.0,3288.1,4028.5,67,6,4028.4,14,1,4028.3,21,2,4028.2,14,1,4028.1,69,4,4028.7,18,3,4029.0,166,3,4029.3,53,3,4029.4,5,2,4029.6,36,2
11483,2026-07-02 12:39:23+05:30,4028.5,3,4040.27,1174878,152779.0,160664.0,4100.0,4110.0,4012.0,4092.6,24858050,4501.8,3683.4,4440.0,3288.1,4028.5,67,6,4028.4,14,1,4028.3,21,2,4028.2,14,1,4028.1,69,4,4028.7,18,3,4029.0,166,3,4029.3,53,3,4029.4,5,2,4029.6,36,2
11483,2026-07-02 12:39:23+05:30,4028.5,3,4040.27,1174881,152837.0,160607.0,4100.0,4110.0,4012.0,4092.6,24858050,4501.8,3683.4,4440.0,3288.1,4028.5,60,5,4028.4,38,2,4028.3,21,2,4028.2,16,2,4028.1,69,4,4028.7,18,3,4029.0,166,3,4029.3,53,3,4029.4,5,2,4029.6,12,1
11483,2026-07-02 12:39:24+05:30,4028.5,6,4040.27,1174889,152859.0,160653.0,4100.0,4110.0,4012.0,4092.6,24858050,4501.8,3683.4,4440.0,3288.1,4028.5,54,5,4028.4,39,3,4028.3,21,2,4028.2,16,2,4028.1,69,4,4028.7,17,3,4029.0,166,3,4029.3,53,3,4029.4,5,2,4029.6,12,1
11483,2026-07-02 12:39:25+05:30,4028.5,1,4040.27,1174889,152859.0,160653.0,4100.0,4110.0,4012.0,4092.6,24858050,4501.8,3683.4,4440.0,3288.1,4028.5,54,5,4028.4,39,3,4028.3,21,2,4028.2,16,2,4028.1,69,4,4028.7,17,3,4029.0,166,3,4029.3,53,3,4029.4,5,2,4029.6,12,1
11483,2026-07-02 12:39:25+05:30,4028.7,3,4040.27,1174958,153052.0,160688.0,4100.0,4110.0,4012.0,4092.6,24858050,4501.8,3683.4,4440.0,3288.1,4028.7,14,3,4028.5,40,4,4028.4,39,3,4028.3,12,1,4028.2,14,1,4029.0,166,3,4029.3,53,3,4029.4,5,2,4029.7,30,1,4029.8,100,1
11483,2026-07-02 12:39:26+05:30,4028.7,2,4040.27,1174958,153052.0,160688.0,4100.0,4110.0,4012.0,4092.6,24858050,4501.8,3683.4,4440.0,3288.1,4028.7,14,3,4028.5,40,4,4028.4,39,3,4028.3,12,1,4028.2,14,1,4029.0,166,3,4029.3,53,3,4029.4,5,2,4029.7,30,1,4029.8,100,1
11483,2026-07-02 12:39:26+05:30,4028.5,4,4040.27,1175003,153068.0,160799.0,4100.0,4110.0,4012.0,4092.6,24858050,4501.8,3683.4,4440.0,3288.1,4028.5,24,2,4028.4,15,2,4028.3,12,1,4028.2,14,1,4028.1,34,3,4029.0,167,4,4029.3,53,3,4029.4,21,3,4029.7,30,1,4029.8,100,1
11483,2026-07-02 12:39:27+05:30,4028.5,6,4040.27,1175003,153068.0,160799.0,4100.0,4110.0,4012.0,4092.6,24858050,4501.8,3683.4,4440.0,3288.1,4028.5,24,2,4028.4,15,2,4028.3,12,1,4028.2,14,1,4028.1,34,3,4029.0,167,4,4029.3,53,3,4029.4,21,3,4029.7,30,1,4029.8,100,1
11483,2026-07-02 12:39:28+05:30,4028.5,6,4040.27,1175009,153066.0,160807.0,4100.0,4110.0,4012.0,4092.6,24858050,4501.8,3683.4,4440.0,3288.1,4028.5,18,2,4028.4,14,1,4028.3,12,1,4028.2,14,1,4028.1,34,3,4029.0,167,4,4029.3,53,3,4029.4,21,3,4029.7,30,1,4029.8,100,1
11483,2026-07-02 12:39:28+05:30,4029.0,7,4040.27,1175017,153077.0,160864.0,4100.0,4110.0,4012.0,4092.6,24858050,4501.8,3683.4,4440.0,3288.1,4028.5,17,2,4028.4,14,1,4028.3,13,2,4028.2,14,1,4028.1,32,2,4029.0,168,5,4029.3,53,3,4029.4,21,3,4029.7,46,2,4029.8,100,1
11483,2026-07-02 12:39:29+05:30,4028.5,1,4040.27,1175017,153077.0,160864.0,4100.0,4110.0,4012.0,4092.6,24858050,4501.8,3683.4,4440.0,3288.1,4028.5,17,2,4028.4,14,1,4028.3,13,2,4028.2,14,1,4028.1,32,2,4029.0,168,5,4029.3,53,3,4029.4,21,3,4029.7,46,2,4029.8,100,1
11483,2026-07-02 12:39:29+05:30,4029.0,7,4040.27,1175193,153030.0,160737.0,4100.0,4110.0,4012.0,4092.6,24858050,4501.8,3683.4,4440.0,3288.1,4028.5,2,1,4028.4,14,1,4028.3,13,2,4028.2,14,1,4028.1,32,2,4029.0,116,3,4029.3,53,3,4029.4,21,3,4029.6,18,1,4029.7,30,1
11483,2026-07-02 12:39:30+05:30,4028.5,2,4040.27,1175193,153030.0,160737.0,4100.0,4110.0,4012.0,4092.6,24858050,4501.8,3683.4,4440.0,3288.1,4028.5,2,1,4028.4,14,1,4028.3,13,2,4028.2,14,1,4028.1,32,2,4029.0,116,3,4029.3,53,3,4029.4,21,3,4029.6,18,1,4029.7,30,1
11483,2026-07-02 12:39:30+05:30,4028.5,3,4040.27,1175200,152942.0,160847.0,4100.0,4110.0,4012.0,4092.6,24858050,4501.8,3683.4,4440.0,3288.1,4028.4,14,1,4028.3,13,2,4028.2,14,1,4028.1,32,2,4028.0,53,7,4028.5,4,2,4029.0,117,4,4029.3,53,3,4029.4,45,4,4029.6,13,1
11483,2026-07-02 12:39:31+05:30,4028.4,1,4040.27,1175200,152942.0,160847.0,4100.0,4110.0,4012.0,4092.6,24858050,4501.8,3683.4,4440.0,3288.1,4028.4,14,1,4028.3,13,2,4028.2,14,1,4028.1,32,2,4028.0,53,7,4028.5,4,2,4029.0,117,4,4029.3,53,3,4029.4,45,4,4029.6,13,1
11483,2026-07-02 12:39:32+05:30,4028.4,1,4040.27,1175201,152834.0,160850.0,4100.0,4110.0,4012.0,4092.6,24858050,4501.8,3683.4,4440.0,3288.1,4028.4,23,3,4028.3,13,2,4028.2,14,1,4028.1,32,2,4028.0,53,7,4028.5,4,2,4029.0,117,4,4029.3,53,3,4029.4,45,4,4029.6,31,2
11483,2026-07-02 12:39:33+05:30,4028.5,1,4040.27,1175201,152834.0,160850.0,4100.0,4110.0,4012.0,4092.6,24858050,4501.8,3683.4,4440.0,3288.1,4028.4,23,3,4028.3,13,2,4028.2,14,1,4028.1,32,2,4028.0,53,7,4028.5,4,2,4029.0,117,4,4029.3,53,3,4029.4,45,4,4029.6,31,2
11483,2026-07-02 12:39:33+05:30,4028.5,1,4040.27,1175203,152860.0,160853.0,4100.0,4110.0,4012.0,4092.6,24858050,4501.8,3683.4,4440.0,3288.1,4028.4,23,3,4028.3,12,1,4028.2,17,3,4028.1,32,2,4028.0,51,6,4028.5,3,2,4029.0,117,4,4029.3,53,3,4029.4,45,4,4029.6,31,2
11483,2026-07-02 12:39:34+05:30,4028.5,1,4040.27,1175203,152860.0,160853.0,4100.0,4110.0,4012.0,4092.6,24858050,4501.8,3683.4,4440.0,3288.1,4028.4,23,3,4028.3,12,1,4028.2,17,3,4028.1,32,2,4028.0,51,6,4028.5,3,2,4029.0,117,4,4029.3,53,3,4029.4,45,4,4029.6,31,2
11483,2026-07-02 12:39:34+05:30,4028.5,1,4040.27,1175215,152944.0,160852.0,4100.0,4110.0,4012.0,4092.6,24858050,4501.8,3683.4,4440.0,3288.1,4028.4,23,3,4028.3,12,1,4028.2,17,3,4028.1,32,2,4028.0,51,6,4028.5,5,3,4029.0,109,3,4029.3,53,3,4029.4,21,3,4029.6,31,2
11483,2026-07-02 12:39:35+05:30,4028.4,1,4040.27,1175215,152944.0,160852.0,4100.0,4110.0,4012.0,4092.6,24858050,4501.8,3683.4,4440.0,3288.1,4028.4,23,3,4028.3,12,1,4028.2,17,3,4028.1,32,2,4028.0,51,6,4028.5,5,3,4029.0,109,3,4029.3,53,3,4029.4,21,3,4029.6,31,2
11483,2026-07-02 12:39:35+05:30,4028.5,1,4040.27,1175218,153010.0,160824.0,4100.0,4110.0,4012.0,4092.6,24858050,4501.8,3683.4,4440.0,3288.1,4028.4,12,2,4028.3,12,1,4028.2,17,3,4028.1,32,2,4028.0,51,6,4028.5,4,3,4029.0,109,3,4029.3,53,3,4029.4,21,3,4029.6,31,2
11483,2026-07-02 12:39:36+05:30,4028.5,5,4040.27,1175218,153010.0,160824.0,4100.0,4110.0,4012.0,4092.6,24858050,4501.8,3683.4,4440.0,3288.1,4028.4,12,2,4028.3,12,1,4028.2,17,3,4028.1,32,2,4028.0,51,6,4028.5,4,3,4029.0,109,3,4029.3,53,3,4029.4,21,3,4029.6,31,2
11483,2026-07-02 12:39:36+05:30,4028.5,5,4040.27,1175236,153146.0,160800.0,4100.0,4110.0,4012.0,4092.6,24858050,4501.8,3683.4,4440.0,3288.1,4028.7,34,1,4028.4,11,2,4028.3,12,1,4028.2,17,3,4028.1,32,2,4029.0,109,3,4029.3,71,4,4029.4,21,3,4029.6,18,1,4029.7,33,2
11483,2026-07-02 12:39:36+05:30,4028.7,2,4040.27,1175238,153285.0,160883.0,4100.0,4110.0,4012.0,4092.6,24858050,4501.8,3683.4,4440.0,3288.1,4028.7,32,1,4028.4,11,2,4028.3,12,1,4028.2,17,3,4028.1,32,2,4029.0,109,3,4029.3,71,4,4029.4,21,3,4029.6,21,2,4029.7,30,1
11483,2026-07-02 12:39:37+05:30,4028.7,2,4040.27,1175238,153285.0,160883.0,4100.0,4110.0,4012.0,4092.6,24858050,4501.8,3683.4,4440.0,3288.1,4028.7,32,1,4028.4,11,2,4028.3,12,1,4028.2,17,3,4028.1,32,2,4029.0,109,3,4029.3,71,4,4029.4,21,3,4029.6,21,2,4029.7,30,1
11483,2026-07-02 12:39:37+05:30,4029.0,3,4040.27,1175241,153377.0,160804.0,4100.0,4110.0,4012.0,4092.6,24858050,4501.8,3683.4,4440.0,3288.1,4028.7,34,2,4028.4,10,1,4028.3,12,1,4028.2,19,4,4028.1,32,2,4029.0,106,3,4029.3,53,3,4029.4,21,3,4029.7,33,2,4029.8,128,2
11483,2026-07-02 12:39:38+05:30,4029.0,3,4040.27,1175241,153377.0,160804.0,4100.0,4110.0,4012.0,4092.6,24858050,4501.8,3683.4,4440.0,3288.1,4028.7,34,2,4028.4,10,1,4028.3,12,1,4028.2,19,4,4028.1,32,2,4029.0,106,3,4029.3,53,3,4029.4,21,3,4029.7,33,2,4029.8,128,2
11483,2026-07-02 12:39:39+05:30,4029.0,2,4040.27,1175241,153377.0,160804.0,4100.0,4110.0,4012.0,4092.6,24858050,4501.8,3683.4,4440.0,3288.1,4028.7,34,2,4028.4,10,1,4028.3,12,1,4028.2,19,4,4028.1,32,2,4029.0,106,3,4029.3,53,3,4029.4,21,3,4029.7,33,2,4029.8,128,2
11483,2026-07-02 12:39:39+05:30,4029.0,2,4040.27,1175246,153314.0,160756.0,4100.0,4110.0,4012.0,4092.6,24858050,4501.8,3683.4,4440.0,3288.1,4028.7,45,3,4028.4,14,4,4028.3,12,1,4028.2,16,2,4028.1,32,2,4029.0,101,2,4029.3,53,3,4029.4,21,3,4029.7,30,1,4029.8,128,2
11483,2026-07-02 12:39:40+05:30,4028.7,1,4040.27,1175246,153314.0,160756.0,4100.0,4110.0,4012.0,4092.6,24858050,4501.8,3683.4,4440.0,3288.1,4028.7,45,3,4028.4,14,4,4028.3,12,1,4028.2,16,2,4028.1,32,2,4029.0,101,2,4029.3,53,3,4029.4,21,3,4029.7,30,1,4029.8,128,2
11483,2026-07-02 12:39:40+05:30,4028.7,1,4040.27,1175247,153373.0,160757.0,4100.0,4110.0,4012.0,4092.6,24858050,4501.8,3683.4,4440.0,3288.1,4028.7,33,2,4028.5,5,1,4028.4,14,4,4028.3,12,1,4028.2,16,2,4029.0,102,3,4029.3,53,3,4029.4,21,3,4029.7,30,1,4029.8,128,2
11483,2026-07-02 12:39:40+05:30,4028.7,1,4040.27,1175247,153356.0,160759.0,4100.0,4110.0,4012.0,4092.6,24858050,4501.8,3683.4,4440.0,3288.1,4028.7,33,2,4028.5,5,1,4028.4,14,4,4028.3,12,1,4028.2,16,2,4029.0,572,5,4029.3,53,3,4029.4,21,3,4029.7,33,2,4029.8,128,2
11483,2026-07-02 12:39:42+05:30,4028.7,1,4040.27,1175247,153571.0,160716.0,4100.0,4110.0,4012.0,4092.6,24858050,4501.8,3683.4,4440.0,3288.1,4028.8,1,1,4028.7,33,2,4028.5,5,1,4028.4,14,4,4028.3,12,1,4029.0,572,5,4029.3,53,3,4029.4,21,3,4029.6,3,1,4029.7,30,1
11483,2026-07-02 12:39:43+05:30,4028.8,1,4040.27,1175247,153571.0,160716.0,4100.0,4110.0,4012.0,4092.6,24858050,4501.8,3683.4,4440.0,3288.1,4028.8,1,1,4028.7,33,2,4028.5,5,1,4028.4,14,4,4028.3,12,1,4029.0,572,5,4029.3,53,3,4029.4,21,3,4029.6,3,1,4029.7,30,1
11483,2026-07-02 12:39:43+05:30,4028.8,1,4040.27,1175248,153560.0,160716.0,4100.0,4110.0,4012.0,4092.6,24858050,4501.8,3683.4,4440.0,3288.1,4028.8,11,3,4028.7,31,1,4028.5,6,2,4028.4,10,1,4028.3,12,1,4029.0,571,4,4029.3,53,3,4029.4,21,3,4029.6,3,1,4029.7,30,1
11483,2026-07-02 12:39:44+05:30,4028.8,1,4040.27,1175248,153571.0,160731.0,4100.0,4110.0,4012.0,4092.6,24858050,4501.8,3683.4,4440.0,3288.1,4028.9,1,1,4028.8,11,3,4028.7,31,1,4028.5,6,2,4028.4,10,1,4029.0,571,4,4029.3,53,3,4029.4,21,3,4029.6,3,1,4029.7,30,1
11483,2026-07-02 12:39:45+05:30,4028.9,1,4040.27,1175248,153571.0,160731.0,4100.0,4110.0,4012.0,4092.6,24858050,4501.8,3683.4,4440.0,3288.1,4028.9,1,1,4028.8,11,3,4028.7,31,1,4028.5,6,2,4028.4,10,1,4029.0,571,4,4029.3,53,3,4029.4,21,3,4029.6,3,1,4029.7,30,1
11483,2026-07-02 12:39:45+05:30,4028.9,1,4040.27,1175249,153564.0,160821.0,4100.0,4110.0,4012.0,4092.6,24858050,4501.8,3683.4,4440.0,3288.1,4028.8,11,3,4028.7,32,2,4028.5,5,1,4028.4,10,1,4028.3,12,1,4028.9,99,1,4029.0,571,4,4029.3,53,3,4029.4,21,3,4029.6,3,1
11483,2026-07-02 12:39:46+05:30,4028.9,3,4040.27,1175249,153564.0,160821.0,4100.0,4110.0,4012.0,4092.6,24858050,4501.8,3683.4,4440.0,3288.1,4028.8,11,3,4028.7,32,2,4028.5,5,1,4028.4,10,1,4028.3,12,1,4028.9,99,1,4029.0,571,4,4029.3,53,3,4029.4,21,3,4029.6,3,1
11483,2026-07-02 12:39:46+05:30,4028.9,8,4040.27,1175263,153466.0,160824.0,4100.0,4110.0,4012.0,4092.6,24858050,4501.8,3683.4,4440.0,3288.1,4028.8,3,2,4028.7,32,2,4028.5,5,1,4028.4,10,1,4028.3,12,1,4028.9,85,1,4029.0,571,4,4029.3,56,4,4029.4,21,3,4029.7,30,1
11483,2026-07-02 12:39:47+05:30,4028.9,1,4040.27,1175263,153466.0,160824.0,4100.0,4110.0,4012.0,4092.6,24858050,4501.8,3683.4,4440.0,3288.1,4028.8,3,2,4028.7,32,2,4028.5,5,1,4028.4,10,1,4028.3,12,1,4028.9,85,1,4029.0,571,4,4029.3,56,4,4029.4,21,3,4029.7,30,1
11483,2026-07-02 12:39:47+05:30,4028.9,15,4040.27,1175281,153459.0,160818.0,4100.0,4110.0,4012.0,4092.6,24858050,4501.8,3683.4,4440.0,3288.1,4028.8,5,1,4028.7,32,2,4028.6,12,1,4028.5,5,1,4028.4,10,1,4028.9,71,2,4029.0,571,4,4029.3,56,4,4029.4,21,3,4029.7,30,1
11483,2026-07-02 12:39:48+05:30,4028.8,2,4040.27,1175281,153459.0,160818.0,4100.0,4110.0,4012.0,4092.6,24858050,4501.8,3683.4,4440.0,3288.1,4028.8,5,1,4028.7,32,2,4028.6,12,1,4028.5,5,1,4028.4,10,1,4028.9,71,2,4029.0,571,4,4029.3,56,4,4029.4,21,3,4029.7,30,1
11483,2026-07-02 12:39:48+05:30,4029.0,1,4040.27,1175397,153419.0,160733.0,4100.0,4110.0,4012.0,4092.6,24858050,4501.8,3683.4,4440.0,3288.1,4028.8,3,1,4028.7,32,2,4028.6,12,1,4028.5,5,1,4028.4,10,1,4029.0,537,4,4029.3,56,4,4029.4,21,3,4029.6,18,1,4029.7,30,1
11483,2026-07-02 12:39:49+05:30,4028.8,9,4040.27,1175397,153419.0,160733.0,4100.0,4110.0,4012.0,4092.6,24858050,4501.8,3683.4,4440.0,3288.1,4028.8,3,1,4028.7,32,2,4028.6,12,1,4028.5,5,1,4028.4,10,1,4029.0,537,4,4029.3,56,4,4029.4,21,3,4029.6,18,1,4029.7,30,1
11483,2026-07-02 12:39:49+05:30,4028.8,9,4040.27,1175411,153359.0,160766.0,4100.0,4110.0,4012.0,4092.6,24858050,4501.8,3683.4,4440.0,3288.1,4028.7,32,2,4028.6,12,1,4028.5,5,1,4028.4,10,1,4028.3,12,1,4028.9,3,2,4029.0,535,3,4029.2,3,1,4029.3,71,4,4029.4,21,3
11483,2026-07-02 12:39:50+05:30,4028.7,2,4040.27,1175411,153359.0,160766.0,4100.0,4110.0,4012.0,4092.6,24858050,4501.8,3683.4,4440.0,3288.1,4028.7,32,2,4028.6,12,1,4028.5,5,1,4028.4,10,1,4028.3,12,1,4028.9,3,2,4029.0,535,3,4029.2,3,1,4029.3,71,4,4029.4,21,3
11483,2026-07-02 12:39:50+05:30,4028.7,2,4040.27,1175413,153435.0,160985.0,4100.0,4110.0,4012.0,4092.6,24858050,4501.8,3683.4,4440.0,3288.1,4028.7,31,3,4028.6,12,1,4028.5,5,1,4028.4,10,1,4028.3,12,1,4028.8,48,1,4028.9,45,3,4029.0,595,5,4029.1,42,1,4029.2,3,1
11483,2026-07-02 12:39:51+05:30,4028.8,4,4040.27,1175417,153461.0,160961.0,4100.0,4110.0,4012.0,4092.6,24858050,4501.8,3683.4,4440.0,3288.1,4028.7,31,3,4028.6,12,1,4028.5,5,1,4028.4,10,1,4028.3,12,1,4028.8,44,1,4028.9,46,4,4029.0,595,5,4029.1,42,1,4029.2,3,1
11483,2026-07-02 12:39:52+05:30,4028.7,1,4040.27,1175417,153461.0,160961.0,4100.0,4110.0,4012.0,4092.6,24858050,4501.8,3683.4,4440.0,3288.1,4028.7,31,3,4028.6,12,1,4028.5,5,1,4028.4,10,1,4028.3,12,1,4028.8,44,1,4028.9,46,4,4029.0,595,5,4029.1,42,1,4029.2,3,1
11483,2026-07-02 12:39:52+05:30,4028.7,1,4040.27,1175418,153515.0,161044.0,4100.0,4110.0,4012.0,4092.6,24858050,4501.8,3683.4,4440.0,3288.1,4028.8,3,3,4028.7,29,2,4028.6,13,2,4028.5,5,1,4028.4,10,1,4028.9,48,4,4029.0,577,4,4029.1,42,1,4029.2,42,1,4029.3,56,4
11483,2026-07-02 12:39:53+05:30,4028.7,1,4040.27,1175418,153497.0,161034.0,4100.0,4110.0,4012.0,4092.6,24858050,4501.8,3683.4,4440.0,3288.1,4028.8,3,3,4028.7,29,2,4028.6,13,2,4028.5,5,1,4028.4,10,1,4028.9,48,4,4029.0,577,4,4029.1,42,1,4029.2,42,1,4029.3,56,4
11483,2026-07-02 12:39:54+05:30,4028.9,1,4040.27,1175422,153493.0,161028.0,4100.0,4110.0,4012.0,4092.6,24858050,4501.8,3683.4,4440.0,3288.1,4028.8,1,1,4028.7,29,2,4028.6,13,2,4028.5,5,1,4028.4,10,1,4029.0,577,4,4029.1,42,1,4029.2,42,1,4029.3,56,4,4029.4,91,5
11483,2026-07-02 12:39:55+05:30,4028.9,1,4040.27,1175422,153493.0,161028.0,4100.0,4110.0,4012.0,4092.6,24858050,4501.8,3683.4,4440.0,3288.1,4028.8,1,1,4028.7,29,2,4028.6,13,2,4028.5,5,1,4028.4,10,1,4029.0,577,4,4029.1,42,1,4029.2,42,1,4029.3,56,4,4029.4,91,5
11483,2026-07-02 12:39:55+05:30,4028.9,1,4040.27,1175423,153504.0,161083.0,4100.0,4110.0,4012.0,4092.6,24858050,4501.8,3683.4,4440.0,3288.1,4028.8,1,1,4028.7,29,2,4028.6,13,2,4028.5,5,1,4028.4,10,1,4028.9,45,2,4029.0,577,4,4029.1,42,1,4029.2,42,1,4029.3,56,4
11483,2026-07-02 12:39:56+05:30,4028.7,12,4040.27,1175423,153504.0,161083.0,4100.0,4110.0,4012.0,4092.6,24858050,4501.8,3683.4,4440.0,3288.1,4028.8,1,1,4028.7,29,2,4028.6,13,2,4028.5,5,1,4028.4,10,1,4028.9,45,2,4029.0,577,4,4029.1,42,1,4029.2,42,1,4029.3,56,4
11483,2026-07-02 12:39:56+05:30,4028.7,12,4040.27,1175440,153416.0,161099.0,4100.0,4110.0,4012.0,4092.6,24858050,4501.8,3683.4,4440.0,3288.1,4028.7,17,2,4028.6,13,2,4028.5,5,1,4028.4,10,1,4028.3,12,1,4028.8,41,1,4028.9,44,2,4029.0,577,4,4029.1,42,1,4029.2,3,1
11483,2026-07-02 12:39:57+05:30,4028.7,2,4040.27,1175440,153416.0,161099.0,4100.0,4110.0,4012.0,4092.6,24858050,4501.8,3683.4,4440.0,3288.1,4028.7,17,2,4028.6,13,2,4028.5,5,1,4028.4,10,1,4028.3,12,1,4028.8,41,1,4028.9,44,2,4029.0,577,4,4029.1,42,1,4029.2,3,1
11483,2026-07-02 12:39:57+05:30,4028.7,2,4040.27,1175442,153420.0,161122.0,4100.0,4110.0,4012.0,4092.6,24858050,4501.8,3683.4,4440.0,3288.1,4028.7,15,2,4028.6,13,2,4028.5,5,1,4028.4,10,1,4028.3,12,1,4028.8,41,1,4028.9,48,4,4029.0,595,5,4029.1,42,1,4029.2,3,1
11483,2026-07-02 12:39:57+05:30,4028.7,2,4040.27,1175442,153420.0,161122.0,4100.0,4110.0,4012.0,4092.6,24858050,4501.8,3683.4,4440.0,3288.1,4028.7,15,2,4028.6,13,2,4028.5,5,1,4028.4,10,1,4028.3,12,1,4028.8,41,1,4028.9,48,4,4029.0,595,5,4029.1,42,1,4029.2,3,1
11483,2026-07-02 12:39:58+05:30,4028.7,1,4040.27,1175442,153420.0,161122.0,4100.0,4110.0,4012.0,4092.6,24858050,4501.8,3683.4,4440.0,3288.1,4028.7,15,2,4028.6,13,2,4028.5,5,1,4028.4,10,1,4028.3,12,1,4028.8,41,1,4028.9,48,4,4029.0,595,5,4029.1,42,1,4029.2,3,1
11483,2026-07-02 12:39:58+05:30,4028.7,1,4040.27,1175442,153420.0,161122.0,4100.0,4110.0,4012.0,4092.6,24858050,4501.8,3683.4,4440.0,3288.1,4028.7,15,2,4028.6,13,2,4028.5,5,1,4028.4,10,1,4028.3,12,1,4028.8,41,1,4028.9,48,4,4029.0,595,5,4029.1,42,1,4029.2,3,1
11483,2026-07-02 12:39:58+05:30,4028.7,1,4040.27,1175443,153417.0,161066.0,4100.0,4110.0,4012.0,4092.6,24858050,4501.8,3683.4,4440.0,3288.1,4028.7,14,2,4028.6,12,1,4028.5,5,1,4028.4,10,1,4028.3,12,1,4028.8,41,1,4028.9,48,4,4029.0,599,6,4029.1,42,1,4029.2,10,2
11483,2026-07-02 12:39:58+05:30,4028.7,1,4040.27,1175443,153417.0,161066.0,4100.0,4110.0,4012.0,4092.6,24858050,4501.8,3683.4,4440.0,3288.1,4028.7,14,2,4028.6,12,1,4028.5,5,1,4028.4,10,1,4028.3,12,1,4028.8,41,1,4028.9,48,4,4029.0,599,6,4029.1,42,1,4029.2,10,2
11483,2026-07-02 12:39:59+05:30,4028.9,1,4040.27,1175443,153417.0,161066.0,4100.0,4110.0,4012.0,4092.6,24858050,4501.8,3683.4,4440.0,3288.1,4028.7,14,2,4028.6,12,1,4028.5,5,1,4028.4,10,1,4028.3,12,1,4028.8,41,1,4028.9,48,4,4029.0,599,6,4029.1,42,1,4029.2,10,2
11483,2026-07-02 12:39:59+05:30,4028.9,1,4040.27,1175443,153417.0,161066.0,4100.0,4110.0,4012.0,4092.6,24858050,4501.8,3683.4,4440.0,3288.1,4028.7,14,2,4028.6,12,1,4028.5,5,1,4028.4,10,1,4028.3,12,1,4028.8,41,1,4028.9,48,4,4029.0,599,6,4029.1,42,1,4029.2,10,2
11483,2026-07-02 12:39:59+05:30,4028.8,1,4040.27,1175451,153419.0,161048.0,4100.0,4110.0,4012.0,4092.6,24858050,4501.8,3683.4,4440.0,3288.1,4028.7,14,2,4028.6,12,1,4028.5,5,1,4028.4,10,1,4028.3,12,1,4028.8,39,1,4028.9,52,3,4029.0,599,6,4029.1,42,1,4029.2,10,2
11483,2026-07-02 12:39:59+05:30,4028.8,1,4040.27,1175451,153419.0,161048.0,4100.0,4110.0,4012.0,4092.6,24858050,4501.8,3683.4,4440.0,3288.1,4028.7,14,2,4028.6,12,1,4028.5,5,1,4028.4,10,1,4028.3,12,1,4028.8,39,1,4028.9,52,3,4029.0,599,6,4029.1,42,1,4029.2,10,2
11483,2026-07-02 12:40:00+05:30,4028.7,1,4040.27,1175451,153419.0,161048.0,4100.0,4110.0,4012.0,4092.6,24858050,4501.8,3683.4,4440.0,3288.1,4028.7,14,2,4028.6,12,1,4028.5,5,1,4028.4,10,1,4028.3,12,1,4028.8,39,1,4028.9,52,3,4029.0,599,6,4029.1,42,1,4029.2,10,2
11483,2026-07-02 12:40:00+05:30,4028.7,1,4040.27,1175452,153454.0,161045.0,4100.0,4110.0,4012.0,4092.6,24858050,4501.8,3683.4,4440.0,3288.1,4028.7,33,3,4028.6,12,1,4028.5,5,1,4028.4,10,1,4028.3,12,1,4028.8,39,1,4028.9,70,4,4029.0,581,5,4029.1,42,1,4029.2,10,2
11483,2026-07-02 12:40:00+05:30,4028.7,1,4040.27,1175452,153454.0,161045.0,4100.0,4110.0,4012.0,4092.6,24858050,4501.8,3683.4,4440.0,3288.1,4028.7,33,3,4028.6,12,1,4028.5,5,1,4028.4,10,1,4028.3,12,1,4028.8,39,1,4028.9,70,4,4029.0,581,5,4029.1,42,1,4029.2,10,2
11483,2026-07-02 12:40:01+05:30,4028.8,3,4040.27,1175452,153454.0,161045.0,4100.0,4110.0,4012.0,4092.6,24858050,4501.8,3683.4,4440.0,3288.1,4028.7,33,3,4028.6,12,1,4028.5,5,1,4028.4,10,1,4028.3,12,1,4028.8,39,1,4028.9,70,4,4029.0,581,5,4029.1,42,1,4029.2,10,2
11483,2026-07-02 12:40:01+05:30,4028.8,3,4040.27,1175452,153454.0,161045.0,4100.0,4110.0,4012.0,4092.6,24858050,4501.8,3683.4,4440.0,3288.1,4028.7,33,3,4028.6,12,1,4028.5,5,1,4028.4,10,1,4028.3,12,1,4028.8,39,1,4028.9,70,4,4029.0,581,5,4029.1,42,1,4029.2,10,2
11483,2026-07-02 12:40:01+05:30,4028.8,3,4040.27,1175468,153387.0,161049.0,4100.0,4110.0,4012.0,4092.6,24858050,4501.8,3683.4,4440.0,3288.1,4028.7,33,3,4028.6,13,2,4028.5,5,1,4028.4,10,1,4028.3,12,1,4028.8,23,1,4028.9,59,4,4029.0,581,5,4029.1,42,1,4029.2,10,2
11483,2026-07-02 12:40:01+05:30,4028.8,3,4040.27,1175468,153387.0,161049.0,4100.0,4110.0,4012.0,4092.6,24858050,4501.8,3683.4,4440.0,3288.1,4028.7,33,3,4028.6,13,2,4028.5,5,1,4028.4,10,1,4028.3,12,1,4028.8,23,1,4028.9,59,4,4029.0,581,5,4029.1,42,1,4029.2,10,2
11483,2026-07-02 12:40:01+05:30,4028.8,3,4040.27,1175468,153387.0,161049.0,4100.0,4110.0,4012.0,4092.6,24866975,4501.8,3683.4,4440.0,3288.1,4028.7,33,3,4028.6,13,2,4028.5,5,1,4028.4,10,1,4028.3,12,1,4028.8,23,1,4028.9,59,4,4029.0,581,5,4029.1,42,1,4029.2,10,2
11483,2026-07-02 12:40:02+05:30,4028.8,2,4040.27,1175468,153387.0,161049.0,4100.0,4110.0,4012.0,4092.6,24866975,4501.8,3683.4,4440.0,3288.1,4028.7,33,3,4028.6,13,2,4028.5,5,1,4028.4,10,1,4028.3,12,1,4028.8,23,1,4028.9,59,4,4029.0,581,5,4029.1,42,1,4029.2,10,2
11483,2026-07-02 12:40:02+05:30,4028.8,2,4040.27,1175468,153387.0,161049.0,4100.0,4110.0,4012.0,4092.6,24866975,4501.8,3683.4,4440.0,3288.1,4028.7,33,3,4028.6,13,2,4028.5,5,1,4028.4,10,1,4028.3,12,1,4028.8,23,1,4028.9,59,4,4029.0,581,5,4029.1,42,1,4029.2,10,2
11483,2026-07-02 12:40:02+05:30,4028.8,2,4040.27,1175472,153409.0,160841.0,4100.0,4110.0,4012.0,4092.6,24866975,4501.8,3683.4,4440.0,3288.1,4028.7,31,3,4028.6,13,2,4028.5,5,1,4028.4,10,1,4028.3,12,1,4028.8,10,4,4028.9,20,2,4029.0,539,4,4029.2,10,2,4029.3,69,3
11483,2026-07-02 12:40:02+05:30,4028.8,2,4040.27,1175472,153409.0,160841.0,4100.0,4110.0,4012.0,4092.6,24866975,4501.8,3683.4,4440.0,3288.1,4028.7,31,3,4028.6,13,2,4028.5,5,1,4028.4,10,1,4028.3,12,1,4028.8,10,4,4028.9,20,2,4029.0,539,4,4029.2,10,2,4029.3,69,3
11483,2026-07-02 12:40:03+05:30,4028.8,1,4040.27,1175472,153409.0,160841.0,4100.0,4110.0,4012.0,4092.6,24866975,4501.8,3683.4,4440.0,3288.1,4028.7,31,3,4028.6,13,2,4028.5,5,1,4028.4,10,1,4028.3,12,1,4028.8,10,4,4028.9,20,2,4029.0,539,4,4029.2,10,2,4029.3,69,3
11483,2026-07-02 12:40:03+05:30,4028.8,1,4040.27,1175472,153409.0,160841.0,4100.0,4110.0,4012.0,4092.6,24866975,4501.8,3683.4,4440.0,3288.1,4028.7,31,3,4028.6,13,2,4028.5,5,1,4028.4,10,1,4028.3,12,1,4028.8,10,4,4028.9,20,2,4029.0,539,4,4029.2,10,2,4029.3,69,3
11483,2026-07-02 12:40:03+05:30,4028.9,3,4040.27,1175485,153859.0,160841.0,4100.0,4110.0,4012.0,4092.6,24866975,4501.8,3683.4,4440.0,3288.1,4028.9,51,1,4028.8,42,1,4028.7,73,4,4028.6,55,3,4028.5,111,2,4029.0,535,3,4029.3,51,2,4029.4,30,4,4029.6,30,2,4029.7,33,2
11483,2026-07-02 12:40:03+05:30,4028.9,3,4040.27,1175485,153859.0,160841.0,4100.0,4110.0,4012.0,4092.6,24866975,4501.8,3683.4,4440.0,3288.1,4028.9,51,1,4028.8,42,1,4028.7,73,4,4028.6,55,3,4028.5,111,2,4029.0,535,3,4029.3,51,2,4029.4,30,4,4029.6,30,2,4029.7,33,2
11483,2026-07-02 12:40:04+05:30,4028.9,2,4040.27,1175485,153859.0,160841.0,4100.0,4110.0,4012.0,4092.6,24866975,4501.8,3683.4,4440.0,3288.1,4028.9,51,1,4028.8,42,1,4028.7,73,4,4028.6,55,3,4028.5,111,2,4029.0,535,3,4029.3,51,2,4029.4,30,4,4029.6,30,2,4029.7,33,2
11483,2026-07-02 12:40:04+05:30,4028.9,2,4040.27,1175487,153893.0,160856.0,4100.0,4110.0,4012.0,4092.6,24866975,4501.8,3683.4,4440.0,3288.1,4028.9,1,1,4028.8,43,2,4028.7,73,4,4028.6,54,2,4028.5,111,2,4029.0,535,3,4029.3,51,2,4029.4,21,3,4029.6,33,3,4029.7,30,1
11483,2026-07-02 12:40:05+05:30,4028.8,1,4040.27,1175623,153828.0,160863.0,4100.0,4110.0,4012.0,4092.6,24866975,4501.8,3683.4,4440.0,3288.1,4028.8,9,1,4028.7,73,4,4028.6,12,1,4028.5,153,3,4028.4,10,1,4029.0,486,3,4029.2,15,1,4029.3,51,2,4029.4,21,3,4029.6,3,1
11483,2026-07-02 12:40:06+05:30,4028.8,9,4040.27,1175623,153828.0,160863.0,4100.0,4110.0,4012.0,4092.6,24866975,4501.8,3683.4,4440.0,3288.1,4028.8,9,1,4028.7,73,4,4028.6,12,1,4028.5,153,3,4028.4,10,1,4029.0,486,3,4029.2,15,1,4029.3,51,2,4029.4,21,3,4029.6,3,1
11483,2026-07-02 12:40:06+05:30,4029.0,7,4040.27,1175730,153917.0,160895.0,4100.0,4110.0,4012.0,4092.6,24866975,4501.8,3683.4,4440.0,3288.1,4028.7,31,3,4028.6,12,1,4028.5,153,3,4028.4,10,1,4028.3,54,2,4029.0,507,2,4029.2,15,1,4029.3,51,2,4029.4,21,3,4029.6,3,1
11483,2026-07-02 12:40:07+05:30,4028.8,13,4040.27,1175730,153917.0,160895.0,4100.0,4110.0,4012.0,4092.6,24866975,4501.8,3683.4,4440.0,3288.1,4028.7,31,3,4028.6,12,1,4028.5,153,3,4028.4,10,1,4028.3,54,2,4029.0,507,2,4029.2,15,1,4029.3,51,2,4029.4,21,3,4029.6,3,1
11483,2026-07-02 12:40:07+05:30,4029.0,1,4040.27,1175747,153977.0,160965.0,4100.0,4110.0,4012.0,4092.6,24866975,4501.8,3683.4,4440.0,3288.1,4028.8,86,3,4028.7,73,4,4028.6,15,2,4028.5,153,3,4028.4,10,1,4029.0,503,2,4029.2,15,1,4029.3,51,2,4029.4,21,3,4029.7,30,1
11483,2026-07-02 12:40:08+05:30,4028.8,2,4040.27,1175747,153977.0,160965.0,4100.0,4110.0,4012.0,4092.6,24866975,4501.8,3683.4,4440.0,3288.1,4028.8,86,3,4028.7,73,4,4028.6,15,2,4028.5,153,3,4028.4,10,1,4029.0,503,2,4029.2,15,1,4029.3,51,2,4029.4,21,3,4029.7,30,1
11483,2026-07-02 12:40:08+05:30,4029.0,2,4040.27,1175751,153964.0,160980.0,4100.0,4110.0,4012.0,4092.6,24866975,4501.8,3683.4,4440.0,3288.1,4028.8,69,2,4028.7,83,5,4028.6,15,2,4028.5,153,3,4028.4,10,1,4029.0,518,3,4029.2,15,1,4029.3,51,2,4029.4,21,3,4029.7,30,1
11483,2026-07-02 12:40:09+05:30,4029.0,2,4040.27,1175751,153964.0,160980.0,4100.0,4110.0,4012.0,4092.6,24866975,4501.8,3683.4,4440.0,3288.1,4028.8,69,2,4028.7,83,5,4028.6,15,2,4028.5,153,3,4028.4,10,1,4029.0,518,3,4029.2,15,1,4029.3,51,2,4029.4,21,3,4029.7,30,1
11483,2026-07-02 12:40:09+05:30,4029.0,1,4040.27,1175755,154247.0,161001.0,4100.0,4110.0,4012.0,4092.6,24866975,4501.8,3683.4,4440.0,3288.1,4028.9,1,1,4028.8,68,2,4028.7,83,5,4028.6,15,2,4028.5,148,2,4029.0,540,4,4029.2,15,1,4029.3,51,2,4029.4,21,3,4029.7,33,2
11483,2026-07-02 12:40:10+05:30,4029.0,1,4040.27,1175755,154247.0,161001.0,4100.0,4110.0,4012.0,4092.6,24866975,4501.8,3683.4,4440.0,3288.1,4028.9,1,1,4028.8,68,2,4028.7,83,5,4028.6,15,2,4028.5,148,2,4029.0,540,4,4029.2,15,1,4029.3,51,2,4029.4,21,3,4029.7,33,2
11483,2026-07-02 12:40:10+05:30,4029.0,50,4040.27,1175805,154246.0,160952.0,4100.0,4110.0,4012.0,4092.6,24866975,4501.8,3683.4,4440.0,3288.1,4028.9,1,1,4028.8,68,2,4028.7,83,5,4028.6,15,2,4028.5,148,2,4029.0,490,4,4029.2,15,1,4029.3,51,2,4029.4,21,3,4029.7,33,2
11483,2026-07-02 12:40:11+05:30,4028.9,1,4040.27,1175805,154246.0,160952.0,4100.0,4110.0,4012.0,4092.6,24866975,4501.8,3683.4,4440.0,3288.1,4028.9,1,1,4028.8,68,2,4028.7,83,5,4028.6,15,2,4028.5,148,2,4029.0,490,4,4029.2,15,1,4029.3,51,2,4029.4,21,3,4029.7,33,2
11483,2026-07-02 12:40:11+05:30,4028.9,1,4040.27,1175811,154241.0,160943.0,4100.0,4110.0,4012.0,4092.6,24866975,4501.8,3683.4,4440.0,3288.1,4028.9,10,1,4028.8,219,6,4028.7,83,5,4028.6,12,1,4028.5,158,3,4029.0,490,4,4029.2,15,1,4029.3,51,2,4029.4,21,3,4029.7,30,1
11483,2026-07-02 12:40:12+05:30,4028.9,1,4040.27,1175811,154241.0,160943.0,4100.0,4110.0,4012.0,4092.6,24866975,4501.8,3683.4,4440.0,3288.1,4028.9,10,1,4028.8,219,6,4028.7,83,5,4028.6,12,1,4028.5,158,3,4029.0,490,4,4029.2,15,1,4029.3,51,2,4029.4,21,3,4029.7,30,1
11483,2026-07-02 12:40:12+05:30,4028.9,1,4040.27,1175812,154280.0,160978.0,4100.0,4110.0,4012.0,4092.6,24866975,4501.8,3683.4,4440.0,3288.1,4028.9,18,3,4028.8,205,5,4028.7,83,5,4028.6,12,1,4028.5,158,3,4029.0,502,6,4029.2,15,1,4029.3,51,2,4029.4,20,2,4029.6,1,1
11483,2026-07-02 12:40:13+05:30,4028.8,8,4040.26,1175867,154231.0,160991.0,4100.0,4110.0,4012.0,4092.6,24866975,4501.8,3683.4,4440.0,3288.1,4028.9,12,1,4028.8,186,5,4028.7,83,5,4028.5,148,2,4028.4,45,3,4029.0,502,6,4029.1,15,1,4029.2,15,1,4029.3,51,2,4029.4,20,2
11483,2026-07-02 12:40:14+05:30,4028.9,7,4040.26,1175867,154231.0,160991.0,4100.0,4110.0,4012.0,4092.6,24866975,4501.8,3683.4,4440.0,3288.1,4028.9,12,1,4028.8,186,5,4028.7,83,5,4028.5,148,2,4028.4,45,3,4029.0,502,6,4029.1,15,1,4029.2,15,1,4029.3,51,2,4029.4,20,2
11483,2026-07-02 12:40:14+05:30,4028.9,7,4040.26,1175874,154224.0,160996.0,4100.0,4110.0,4012.0,4092.6,24866975,4501.8,3683.4,4440.0,3288.1,4028.8,186,5,4028.7,83,5,4028.5,148,2,4028.4,45,3,4028.3,12,1,4029.0,502,6,4029.1,15,1,4029.2,15,1,4029.3,51,2,4029.4,20,2
11483,2026-07-02 12:40:15+05:30,4029.0,1,4040.26,1175980,154127.0,160890.0,4100.0,4110.0,4012.0,4092.6,24866975,4501.8,3683.4,4440.0,3288.1,4028.9,20,1,4028.8,86,4,4028.7,83,5,4028.6,4,1,4028.5,148,2,4029.0,396,6,4029.1,16,2,4029.2,15,1,4029.3,51,2,4029.4,20,2
11483,2026-07-02 12:40:16+05:30,4028.9,13,4040.26,1175980,154127.0,160890.0,4100.0,4110.0,4012.0,4092.6,24866975,4501.8,3683.4,4440.0,3288.1,4028.9,20,1,4028.8,86,4,4028.7,83,5,4028.6,4,1,4028.5,148,2,4029.0,396,6,4029.1,16,2,4029.2,15,1,4029.3,51,2,4029.4,20,2
11483,2026-07-02 12:40:16+05:30,4028.9,13,4040.26,1175993,154130.0,160898.0,4100.0,4110.0,4012.0,4092.6,24866975,4501.8,3683.4,4440.0,3288.1,4028.9,7,1,4028.8,86,4,4028.7,83,5,4028.6,4,1,4028.5,148,2,4029.0,396,6,4029.1,16,2,4029.2,15,1,4029.3,51,2,4029.4,20,2
11483,2026-07-02 12:40:17+05:30,4028.9,2,4040.26,1175993,154130.0,160898.0,4100.0,4110.0,4012.0,4092.6,24866975,4501.8,3683.4,4440.0,3288.1,4028.9,7,1,4028.8,86,4,4028.7,83,5,4028.6,4,1,4028.5,148,2,4029.0,396,6,4029.1,16,2,4029.2,15,1,4029.3,51,2,4029.4,20,2
11483,2026-07-02 12:40:17+05:30,4028.9,2,4040.26,1175995,154029.0,160893.0,4100.0,4110.0,4012.0,4092.6,24866975,4501.8,3683.4,4440.0,3288.1,4028.9,5,1,4028.8,52,3,4028.7,41,4,4028.5,110,2,4028.4,10,1,4029.0,398,7,4029.1,16,2,4029.2,15,1,4029.3,51,2,4029.4,20,2
11483,2026-07-02 12:40:18+05:30,4028.9,5,4040.26,1176000,152879.0,161131.0,4100.0,4110.0,4012.0,4092.6,24866975,4501.8,3683.4,4440.0,3288.1,4028.8,37,2,4028.7,41,4,4028.5,110,2,4028.4,10,1,4028.3,12,1,4028.9,3,1,4029.0,398,7,4029.1,16,2,4029.2,15,1,4029.3,71,3
11483,2026-07-02 12:40:19+05:30,4028.9,5,4040.26,1176000,152879.0,161131.0,4100.0,4110.0,4012.0,4092.6,24866975,4501.8,3683.4,4440.0,3288.1,4028.8,37,2,4028.7,41,4,4028.5,110,2,4028.4,10,1,4028.3,12,1,4028.9,3,1,4029.0,398,7,4029.1,16,2,4029.2,15,1,4029.3,71,3
11483,2026-07-02 12:40:19+05:30,4028.8,3,4040.26,1176004,152899.0,161137.0,4100.0,4110.0,4012.0,4092.6,24866975,4501.8,3683.4,4440.0,3288.1,4028.8,33,1,4028.7,41,4,4028.5,110,2,4028.4,10,1,4028.3,12,1,4028.9,3,1,4029.0,398,7,4029.1,16,2,4029.2,15,1,4029.3,71,3
11483,2026-07-02 12:40:20+05:30,4028.8,2,4040.26,1176004,152899.0,161137.0,4100.0,4110.0,4012.0,4092.6,24866975,4501.8,3683.4,4440.0,3288.1,4028.8,33,1,4028.7,41,4,4028.5,110,2,4028.4,10,1,4028.3,12,1,4028.9,3,1,4029.0,398,7,4029.1,16,2,4029.2,15,1,4029.3,71,3
11483,2026-07-02 12:40:20+05:30,4028.0,14,4040.26,1176249,152570.0,161280.0,4100.0,4110.0,4012.0,4092.6,24866975,4501.8,3683.4,4440.0,3288.1,4028.0,41,7,4027.9,14,1,4027.8,32,2,4027.7,16,1,4027.6,28,1,4028.9,31,2,4029.0,401,8,4029.1,32,3,4029.2,15,1,4029.3,71,3
11483,2026-07-02 12:40:22+05:30,4028.0,1,4040.26,1176249,152570.0,161280.0,4100.0,4110.0,4012.0,4092.6,24866975,4501.8,3683.4,4440.0,3288.1,4028.0,41,7,4027.9,14,1,4027.8,32,2,4027.7,16,1,4027.6,28,1,4028.9,31,2,4029.0,401,8,4029.1,32,3,4029.2,15,1,4029.3,71,3
11483,2026-07-02 12:40:24+05:30,4028.9,1,4040.26,1176249,152570.0,161280.0,4100.0,4110.0,4012.0,4092.6,24866975,4501.8,3683.4,4440.0,3288.1,4028.0,41,7,4027.9,14,1,4027.8,32,2,4027.7,16,1,4027.6,28,1,4028.9,31,2,4029.0,401,8,4029.1,32,3,4029.2,15,1,4029.3,71,3
11483,2026-07-02 12:40:25+05:30,4028.9,7,4040.26,1176405,152699.0,161080.0,4100.0,4110.0,4012.0,4092.6,24866975,4501.8,3683.4,4440.0,3288.1,4028.9,52,1,4028.6,1,1,4028.4,1,1,4028.0,41,4,4027.9,14,1,4029.0,328,6,4029.1,16,2,4029.3,53,2,4029.4,20,2,4029.6,29,2
11483,2026-07-02 12:40:26+05:30,4028.9,19,4040.26,1176405,152699.0,161080.0,4100.0,4110.0,4012.0,4092.6,24866975,4501.8,3683.4,4440.0,3288.1,4028.9,52,1,4028.6,1,1,4028.4,1,1,4028.0,41,4,4027.9,14,1,4029.0,328,6,4029.1,16,2,4029.3,53,2,4029.4,20,2,4029.6,29,2
11483,2026-07-02 12:40:28+05:30,4029.0,5,4040.26,1176405,152699.0,161080.0,4100.0,4110.0,4012.0,4092.6,24866975,4501.8,3683.4,4440.0,3288.1,4028.9,52,1,4028.6,1,1,4028.4,1,1,4028.0,41,4,4027.9,14,1,4029.0,328,6,4029.1,16,2,4029.3,53,2,4029.4,20,2,4029.6,29,2
11483,2026-07-02 12:40:30+05:30,4029.0,100,4040.26,1176405,152699.0,161080.0,4100.0,4110.0,4012.0,4092.6,24866975,4501.8,3683.4,4440.0,3288.1,4028.9,52,1,4028.6,1,1,4028.4,1,1,4028.0,41,4,4027.9,14,1,4029.0,328,6,4029.1,16,2,4029.3,53,2,4029.4,20,2,4029.6,29,2
11483,2026-07-02 12:40:30+05:30,4029.0,100,4040.26,1176546,152627.0,160915.0,4100.0,4110.0,4012.0,4092.6,24866975,4501.8,3683.4,4440.0,3288.1,4028.9,39,3,4028.0,42,4,4027.9,14,1,4027.8,32,2,4027.7,42,2,4029.0,251,9,4029.1,16,2,4029.3,50,1,4029.4,20,2,4029.5,23,2
11483,2026-07-02 12:40:32+05:30,4029.0,1,4040.26,1176546,152627.0,160915.0,4100.0,4110.0,4012.0,4092.6,24866975,4501.8,3683.4,4440.0,3288.1,4028.9,39,3,4028.0,42,4,4027.9,14,1,4027.8,32,2,4027.7,42,2,4029.0,251,9,4029.1,16,2,4029.3,50,1,4029.4,20,2,4029.5,23,2
11483,2026-07-02 12:40:34+05:30,4029.0,1,4040.26,1176546,152627.0,160915.0,4100.0,4110.0,4012.0,4092.6,24866975,4501.8,3683.4,4440.0,3288.1,4028.9,39,3,4028.0,42,4,4027.9,14,1,4027.8,32,2,4027.7,42,2,4029.0,251,9,4029.1,16,2,4029.3,50,1,4029.4,20,2,4029.5,23,2
11483,2026-07-02 12:40:34+05:30,4029.0,1,4040.26,1176574,152682.0,161037.0,4100.0,4110.0,4012.0,4092.6,24866975,4501.8,3683.4,4440.0,3288.1,4028.9,20,4,4028.0,84,7,4027.9,14,1,4027.8,32,2,4027.7,16,1,4029.0,259,12,4029.1,16,2,4029.3,76,3,4029.4,23,3,4029.5,8,1
11483,2026-07-02 12:40:36+05:30,4028.9,1,4040.26,1176574,152682.0,161037.0,4100.0,4110.0,4012.0,4092.6,24866975,4501.8,3683.4,4440.0,3288.1,4028.9,20,4,4028.0,84,7,4027.9,14,1,4027.8,32,2,4027.7,16,1,4029.0,259,12,4029.1,16,2,4029.3,76,3,4029.4,23,3,4029.5,8,1
11483,2026-07-02 12:40:38+05:30,4028.9,15,4040.26,1176574,152682.0,161037.0,4100.0,4110.0,4012.0,4092.6,24866975,4501.8,3683.4,4440.0,3288.1,4028.9,20,4,4028.0,84,7,4027.9,14,1,4027.8,32,2,4027.7,16,1,4029.0,259,12,4029.1,16,2,4029.3,76,3,4029.4,23,3,4029.5,8,1
11483,2026-07-02 12:40:39+05:30,4028.9,1,4040.26,1176614,152285.0,161388.0,4100.0,4110.0,4012.0,4092.6,24866975,4501.8,3683.4,4440.0,3288.1,4028.0,74,7,4027.9,14,1,4027.8,32,2,4027.7,16,1,4027.5,53,3,4028.9,199,5,4029.0,225,9,4029.1,31,3,4029.3,285,5,4029.4,20,2
11483,2026-07-02 12:40:40+05:30,4028.9,28,4040.26,1176614,152285.0,161388.0,4100.0,4110.0,4012.0,4092.6,24866975,4501.8,3683.4,4440.0,3288.1,4028.0,74,7,4027.9,14,1,4027.8,32,2,4027.7,16,1,4027.5,53,3,4028.9,199,5,4029.0,225,9,4029.1,31,3,4029.3,285,5,4029.4,20,2
11483,2026-07-02 12:40:42+05:30,4028.5,4,4040.26,1176614,152285.0,161388.0,4100.0,4110.0,4012.0,4092.6,24866975,4501.8,3683.4,4440.0,3288.1,4028.0,74,7,4027.9,14,1,4027.8,32,2,4027.7,16,1,4027.5,53,3,4028.9,199,5,4029.0,225,9,4029.1,31,3,4029.3,285,5,4029.4,20,2
11483,2026-07-02 12:40:44+05:30,4028.4,1,4040.26,1176614,152285.0,161388.0,4100.0,4110.0,4012.0,4092.6,24866975,4501.8,3683.4,4440.0,3288.1,4028.0,74,7,4027.9,14,1,4027.8,32,2,4027.7,16,1,4027.5,53,3,4028.9,199,5,4029.0,225,9,4029.1,31,3,4029.3,285,5,4029.4,20,2
11483,2026-07-02 12:40:44+05:30,4028.4,1,4040.25,1176866,151908.0,162311.0,4100.0,4110.0,4012.0,4092.6,24866975,4501.8,3683.4,4440.0,3288.1,4028.2,1,1,4028.0,45,5,4027.8,32,2,4027.7,16,1,4027.5,11,1,4028.3,73,1,4028.4,66,5,4028.5,42,1,4028.6,48,2,4028.7,23,2
11483,2026-07-02 12:40:46+05:30,4028.2,25,4040.25,1176866,151908.0,162311.0,4100.0,4110.0,4012.0,4092.6,24866975,4501.8,3683.4,4440.0,3288.1,4028.2,1,1,4028.0,45,5,4027.8,32,2,4027.7,16,1,4027.5,11,1,4028.3,73,1,4028.4,66,5,4028.5,42,1,4028.6,48,2,4028.7,23,2
11483,2026-07-02 12:40:48+05:30,4028.4,2,4040.25,1176866,151908.0,162311.0,4100.0,4110.0,4012.0,4092.6,24866975,4501.8,3683.4,4440.0,3288.1,4028.2,1,1,4028.0,45,5,4027.8,32,2,4027.7,16,1,4027.5,11,1,4028.3,73,1,4028.4,66,5,4028.5,42,1,4028.6,48,2,4028.7,23,2
11483,2026-07-02 12:40:49+05:30,4028.4,2,4040.25,1177040,151820.0,161910.0,4100.0,4110.0,4012.0,4092.6,24866975,4501.8,3683.4,4440.0,3288.1,4028.1,1,1,4028.0,45,5,4027.8,20,1,4027.7,16,1,4027.5,11,1,4028.4,8,2,4028.8,29,2,4028.9,211,4,4029.0,243,11,4029.1,60,4
11483,2026-07-02 12:40:50+05:30,4028.1,9,4040.25,1177040,151820.0,161910.0,4100.0,4110.0,4012.0,4092.6,24866975,4501.8,3683.4,4440.0,3288.1,4028.1,1,1,4028.0,45,5,4027.8,20,1,4027.7,16,1,4027.5,11,1,4028.4,8,2,4028.8,29,2,4028.9,211,4,4029.0,243,11,4029.1,60,4
11483,2026-07-02 12:40:52+05:30,4028.9,117,4040.25,1177040,151820.0,161910.0,4100.0,4110.0,4012.0,4092.6,24866975,4501.8,3683.4,4440.0,3288.1,4028.1,1,1,4028.0,45,5,4027.8,20,1,4027.7,16,1,4027.5,11,1,4028.4,8,2,4028.8,29,2,4028.9,211,4,4029.0,243,11,4029.1,60,4
11483,2026-07-02 12:40:53+05:30,4028.9,1,4040.25,1177325,152675.0,160963.0,4100.0,4110.0,4012.0,4092.6,24866975,4501.8,3683.4,4440.0,3288.1,4028.8,42,1,4028.7,42,1,4028.6,43,2,4028.4,42,1,4028.1,29,2,4028.9,96,3,4029.0,213,8,4029.3,50,1,4029.4,4,1,4029.6,13,2
11483,2026-07-02 12:40:54+05:30,4028.9,1,4040.25,1177325,152675.0,160963.0,4100.0,4110.0,4012.0,4092.6,24866975,4501.8,3683.4,4440.0,3288.1,4028.8,42,1,4028.7,42,1,4028.6,43,2,4028.4,42,1,4028.1,29,2,4028.9,96,3,4029.0,213,8,4029.3,50,1,4029.4,4,1,4029.6,13,2
11483,2026-07-02 12:40:56+05:30,4028.9,6,4040.25,1177325,152675.0,160963.0,4100.0,4110.0,4012.0,4092.6,24866975,4501.8,3683.4,4440.0,3288.1,4028.8,42,1,4028.7,42,1,4028.6,43,2,4028.4,42,1,4028.1,29,2,4028.9,96,3,4029.0,213,8,4029.3,50,1,4029.4,4,1,4029.6,13,2
11483,2026-07-02 12:40:58+05:30,4028.9,3,4040.25,1177325,152675.0,160963.0,4100.0,4110.0,4012.0,4092.6,24866975,4501.8,3683.4,4440.0,3288.1,4028.8,42,1,4028.7,42,1,4028.6,43,2,4028.4,42,1,4028.1,29,2,4028.9,96,3,4029.0,213,8,4029.3,50,1,4029.4,4,1,4029.6,13,2
11483,2026-07-02 12:40:58+05:30,4028.9,3,4040.25,1177325,152675.0,160963.0,4100.0,4110.0,4012.0,4092.6,24866975,4501.8,3683.4,4440.0,3288.1,4028.8,42,1,4028.7,42,1,4028.6,43,2,4028.4,42,1,4028.1,29,2,4028.9,96,3,4029.0,213,8,4029.3,50,1,4029.4,4,1,4029.6,13,2
11483,2026-07-02 12:40:58+05:30,4028.9,3,4040.25,1177620,152571.0,160943.0,4100.0,4110.0,4012.0,4092.6,24866975,4501.8,3683.4,4440.0,3288.1,4028.8,37,1,4028.7,42,1,4028.6,4,1,4028.4,44,2,4028.2,5,1,4028.9,50,2,4029.0,176,9,4029.3,50,1,4029.4,4,1,4029.5,20,1
11483,2026-07-02 12:40:58+05:30,4028.9,3,4040.25,1177620,152571.0,160943.0,4100.0,4110.0,4012.0,4092.6,24866975,4501.8,3683.4,4440.0,3288.1,4028.8,37,1,4028.7,42,1,4028.6,4,1,4028.4,44,2,4028.2,5,1,4028.9,50,2,4029.0,176,9,4029.3,50,1,4029.4,4,1,4029.5,20,1
11483,2026-07-02 12:40:59+05:30,4028.9,3,4040.25,1177620,152571.0,160943.0,4100.0,4110.0,4012.0,4092.6,24866975,4501.8,3683.4,4440.0,3288.1,4028.8,37,1,4028.7,42,1,4028.6,4,1,4028.4,44,2,4028.2,5,1,4028.9,50,2,4029.0,176,9,4029.3,50,1,4029.4,4,1,4029.5,20,1
11483,2026-07-02 12:41:00+05:30,4028.9,20,4040.25,1177620,152571.0,160943.0,4100.0,4110.0,4012.0,4092.6,24866975,4501.8,3683.4,4440.0,3288.1,4028.8,37,1,4028.7,42,1,4028.6,4,1,4028.4,44,2,4028.2,5,1,4028.9,50,2,4029.0,176,9,4029.3,50,1,4029.4,4,1,4029.5,20,1
11483,2026-07-02 12:41:00+05:30,4028.9,20,4040.25,1177620,152571.0,160943.0,4100.0,4110.0,4012.0,4092.6,24866975,4501.8,3683.4,4440.0,3288.1,4028.8,37,1,4028.7,42,1,4028.6,4,1,4028.4,44,2,4028.2,5,1,4028.9,50,2,4029.0,176,9,4029.3,50,1,4029.4,4,1,4029.5,20,1
11483,2026-07-02 12:41:01+05:30,4028.9,20,4040.25,1177620,152571.0,160943.0,4100.0,4110.0,4012.0,4092.6,24866975,4501.8,3683.4,4440.0,3288.1,4028.8,37,1,4028.7,42,1,4028.6,4,1,4028.4,44,2,4028.2,5,1,4028.9,50,2,4029.0,176,9,4029.3,50,1,4029.4,4,1,4029.5,20,1
11483,2026-07-02 12:41:02+05:30,4028.9,20,4040.25,1177620,152571.0,160943.0,4100.0,4110.0,4012.0,4092.6,24866975,4501.8,3683.4,4440.0,3288.1,4028.8,37,1,4028.7,42,1,4028.6,4,1,4028.4,44,2,4028.2,5,1,4028.9,50,2,4029.0,176,9,4029.3,50,1,4029.4,4,1,4029.5,20,1
11483,2026-07-02 12:41:02+05:30,4028.9,18,4040.25,1177620,152571.0,160943.0,4100.0,4110.0,4012.0,4092.6,24866975,4501.8,3683.4,4440.0,3288.1,4028.8,37,1,4028.7,42,1,4028.6,4,1,4028.4,44,2,4028.2,5,1,4028.9,50,2,4029.0,176,9,4029.3,50,1,4029.4,4,1,4029.5,20,1
11483,2026-07-02 12:41:02+05:30,4028.9,18,4040.25,1177620,152571.0,160943.0,4100.0,4110.0,4012.0,4092.6,24871525,4501.8,3683.4,4440.0,3288.1,4028.8,37,1,4028.7,42,1,4028.6,4,1,4028.4,44,2,4028.2,5,1,4028.9,50,2,4029.0,176,9,4029.3,50,1,4029.4,4,1,4029.5,20,1
11483,2026-07-02 12:41:02+05:30,4028.9,18,4040.25,1177784,152499.0,161085.0,4100.0,4110.0,4012.0,4092.6,24871525,4501.8,3683.4,4440.0,3288.1,4028.9,41,3,4028.8,230,1,4028.6,11,1,4028.4,2,1,4028.2,5,1,4029.0,176,9,4029.3,50,1,4029.4,18,2,4029.5,20,1,4029.6,22,2
11483,2026-07-02 12:41:03+05:30,4028.9,18,4040.25,1177784,152499.0,161085.0,4100.0,4110.0,4012.0,4092.6,24871525,4501.8,3683.4,4440.0,3288.1,4028.9,41,3,4028.8,230,1,4028.6,11,1,4028.4,2,1,4028.2,5,1,4029.0,176,9,4029.3,50,1,4029.4,18,2,4029.5,20,1,4029.6,22,2
11483,2026-07-02 12:41:04+05:30,4029.0,8,4040.25,1177784,152499.0,161085.0,4100.0,4110.0,4012.0,4092.6,24871525,4501.8,3683.4,4440.0,3288.1,4028.9,41,3,4028.8,230,1,4028.6,11,1,4028.4,2,1,4028.2,5,1,4029.0,176,9,4029.3,50,1,4029.4,18,2,4029.5,20,1,4029.6,22,2
11483,2026-07-02 12:41:04+05:30,4029.0,8,4040.25,1177784,152499.0,161085.0,4100.0,4110.0,4012.0,4092.6,24871525,4501.8,3683.4,4440.0,3288.1,4028.9,41,3,4028.8,230,1,4028.6,11,1,4028.4,2,1,4028.2,5,1,4029.0,176,9,4029.3,50,1,4029.4,18,2,4029.5,20,1,4029.6,22,2
11483,2026-07-02 12:41:06+05:30,4029.0,49,4040.25,1177784,152499.0,161085.0,4100.0,4110.0,4012.0,4092.6,24871525,4501.8,3683.4,4440.0,3288.1,4028.9,41,3,4028.8,230,1,4028.6,11,1,4028.4,2,1,4028.2,5,1,4029.0,176,9,4029.3,50,1,4029.4,18,2,4029.5,20,1,4029.6,22,2
11483,2026-07-02 12:41:07+05:30,4029.3,30,4040.24,1178699,152579.0,160613.0,4100.0,4110.0,4012.0,4092.6,24871525,4501.8,3683.4,4440.0,3288.1,4029.0,39,2,4028.9,53,4,4028.8,230,1,4028.4,5,2,4028.2,31,2,4029.3,18,1,4029.4,4,1,4029.5,20,1,4029.6,22,2,4029.7,44,2
11483,2026-07-02 12:41:08+05:30,4029.0,10,4040.24,1178699,152579.0,160613.0,4100.0,4110.0,4012.0,4092.6,24871525,4501.8,3683.4,4440.0,3288.1,4029.0,39,2,4028.9,53,4,4028.8,230,1,4028.4,5,2,4028.2,31,2,4029.3,18,1,4029.4,4,1,4029.5,20,1,4029.6,22,2,4029.7,44,2
11483,2026-07-02 12:41:10+05:30,4029.3,11,4040.24,1178699,152579.0,160613.0,4100.0,4110.0,4012.0,4092.6,24871525,4501.8,3683.4,4440.0,3288.1,4029.0,39,2,4028.9,53,4,4028.8,230,1,4028.4,5,2,4028.2,31,2,4029.3,18,1,4029.4,4,1,4029.5,20,1,4029.6,22,2,4029.7,44,2
11483,2026-07-02 12:41:12+05:30,4029.6,21,4040.24,1178699,152579.0,160613.0,4100.0,4110.0,4012.0,4092.6,24871525,4501.8,3683.4,4440.0,3288.1,4029.0,39,2,4028.9,53,4,4028.8,230,1,4028.4,5,2,4028.2,31,2,4029.3,18,1,4029.4,4,1,4029.5,20,1,4029.6,22,2,4029.7,44,2
11483,2026-07-02 12:41:12+05:30,4029.0,71,4040.23,1179117,152614.0,160606.0,4100.0,4110.0,4012.0,4092.6,24871525,4501.8,3683.4,4440.0,3288.1,4028.9,50,3,4028.8,230,1,4028.4,5,2,4028.2,37,2,4028.1,2,1,4029.7,44,2,4029.8,132,3,4029.9,36,3,4030.0,531,17,4030.1,47,3
11483,2026-07-02 12:41:14+05:30,4029.7,3,4040.23,1179117,152614.0,160606.0,4100.0,4110.0,4012.0,4092.6,24871525,4501.8,3683.4,4440.0,3288.1,4028.9,50,3,4028.8,230,1,4028.4,5,2,4028.2,37,2,4028.1,2,1,4029.7,44,2,4029.8,132,3,4029.9,36,3,4030.0,531,17,4030.1,47,3
11483,2026-07-02 12:41:16+05:30,4029.0,3,4040.23,1179117,152614.0,160606.0,4100.0,4110.0,4012.0,4092.6,24871525,4501.8,3683.4,4440.0,3288.1,4028.9,50,3,4028.8,230,1,4028.4,5,2,4028.2,37,2,4028.1,2,1,4029.7,44,2,4029.8,132,3,4029.9,36,3,4030.0,531,17,4030.1,47,3
11483,2026-07-02 12:41:16+05:30,4029.0,1,4040.23,1179183,152518.0,160759.0,4100.0,4110.0,4012.0,4092.6,24871525,4501.8,3683.4,4440.0,3288.1,4028.9,40,2,4028.8,230,1,4028.4,5,2,4028.1,4,2,4028.0,142,6,4029.0,49,1,4029.7,44,3,4029.8,113,2,4029.9,50,4,4030.0,568,17
11483,2026-07-02 12:41:19+05:30,4029.0,25,4040.23,1179183,152518.0,160759.0,4100.0,4110.0,4012.0,4092.6,24871525,4501.8,3683.4,4440.0,3288.1,4028.9,40,2,4028.8,230,1,4028.4,5,2,4028.1,4,2,4028.0,142,6,4029.0,49,1,4029.7,44,3,4029.8,113,2,4029.9,50,4,4030.0,568,17
11483,2026-07-02 12:41:21+05:30,4029.0,25,4040.23,1179234,152541.0,160820.0,4100.0,4110.0,4012.0,4092.6,24871525,4501.8,3683.4,4440.0,3288.1,4028.9,32,2,4028.8,230,1,4028.4,5,2,4028.1,31,3,4028.0,140,5,4029.0,26,4,4029.7,43,3,4029.8,113,2,4029.9,50,4,4030.0,571,18
11483,2026-07-02 12:41:22+05:30,4029.0,50,4040.23,1179234,152541.0,160820.0,4100.0,4110.0,4012.0,4092.6,24871525,4501.8,3683.4,4440.0,3288.1,4028.9,32,2,4028.8,230,1,4028.4,5,2,4028.1,31,3,4028.0,140,5,4029.0,26,4,4029.7,43,3,4029.8,113,2,4029.9,50,4,4030.0,571,18
11483,2026-07-02 12:41:25+05:30,4029.0,3,4040.23,1179234,152541.0,160820.0,4100.0,4110.0,4012.0,4092.6,24871525,4501.8,3683.4,4440.0,3288.1,4028.9,32,2,4028.8,230,1,4028.4,5,2,4028.1,31,3,4028.0,140,5,4029.0,26,4,4029.7,43,3,4029.8,113,2,4029.9,50,4,4030.0,571,18
11483,2026-07-02 12:41:25+05:30,4029.0,3,4040.23,1179326,152768.0,160745.0,4100.0,4110.0,4012.0,4092.6,24871525,4501.8,3683.4,4440.0,3288.1,4028.9,25,4,4028.8,232,2,4028.4,5,2,4028.1,57,5,4028.0,140,5,4029.0,10,3,4029.7,43,3,4029.8,133,4,4029.9,53,5,4030.0,563,16
11483,2026-07-02 12:41:28+05:30,4029.0,1,4040.23,1179326,152768.0,160745.0,4100.0,4110.0,4012.0,4092.6,24871525,4501.8,3683.4,4440.0,3288.1,4028.9,25,4,4028.8,232,2,4028.4,5,2,4028.1,57,5,4028.0,140,5,4029.0,10,3,4029.7,43,3,4029.8,133,4,4029.9,53,5,4030.0,563,16
11483,2026-07-02 12:41:30+05:30,4029.0,7,4040.23,1179361,153215.0,160964.0,4100.0,4110.0,4012.0,4092.6,24871525,4501.8,3683.4,4440.0,3288.1,4028.9,37,3,4028.8,232,2,4028.4,5,2,4028.1,33,4,4028.0,140,5,4029.0,59,3,4029.5,27,2,4029.7,54,4,4029.8,133,4,4029.9,72,6
11483,2026-07-02 12:41:31+05:30,4029.0,3,4040.23,1179361,153215.0,160964.0,4100.0,4110.0,4012.0,4092.6,24871525,4501.8,3683.4,4440.0,3288.1,4028.9,37,3,4028.8,232,2,4028.4,5,2,4028.1,33,4,4028.0,140,5,4029.0,59,3,4029.5,27,2,4029.7,54,4,4029.8,133,4,4029.9,72,6
11483,2026-07-02 12:41:34+05:30,4029.0,5,4040.23,1179361,153215.0,160964.0,4100.0,4110.0,4012.0,4092.6,24871525,4501.8,3683.4,4440.0,3288.1,4028.9,37,3,4028.8,232,2,4028.4,5,2,4028.1,33,4,4028.0,140,5,4029.0,59,3,4029.5,27,2,4029.7,54,4,4029.8,133,4,4029.9,72,6
11483,2026-07-02 12:41:34+05:30,4029.0,3,4040.23,1179425,152500.0,160866.0,4100.0,4110.0,4012.0,4092.6,24871525,4501.8,3683.4,4440.0,3288.1,4028.9,33,4,4028.8,230,1,4028.4,5,2,4028.1,2,1,4028.0,140,5,4029.0,76,5,4029.2,23,2,4029.3,1,1,4029.4,13,1,4029.5,17,2
11483,2026-07-02 12:41:36+05:30,4028.9,5,4040.23,1179425,152500.0,160866.0,4100.0,4110.0,4012.0,4092.6,24871525,4501.8,3683.4,4440.0,3288.1,4028.9,33,4,4028.8,230,1,4028.4,5,2,4028.1,2,1,4028.0,140,5,4029.0,76,5,4029.2,23,2,4029.3,1,1,4029.4,13,1,4029.5,17,2
11483,2026-07-02 12:41:38+05:30,4029.0,27,4040.23,1179425,152500.0,160866.0,4100.0,4110.0,4012.0,4092.6,24871525,4501.8,3683.4,4440.0,3288.1,4028.9,33,4,4028.8,230,1,4028.4,5,2,4028.1,2,1,4028.0,140,5,4029.0,76,5,4029.2,23,2,4029.3,1,1,4029.4,13,1,4029.5,17,2
11483,2026-07-02 12:41:39+05:30,4029.0,1,4040.23,1179784,152352.0,160662.0,4100.0,4110.0,4012.0,4092.6,24871525,4501.8,3683.4,4440.0,3288.1,4028.9,24,3,4028.8,234,2,4028.4,5,2,4028.1,2,1,4028.0,141,6,4029.0,47,3,4029.2,19,1,4029.3,1,1,4029.4,13,1,4029.5,8,1
11483,2026-07-02 12:41:40+05:30,4028.9,6,4040.23,1179784,152352.0,160662.0,4100.0,4110.0,4012.0,4092.6,24871525,4501.8,3683.4,4440.0,3288.1,4028.9,24,3,4028.8,234,2,4028.4,5,2,4028.1,2,1,4028.0,141,6,4029.0,47,3,4029.2,19,1,4029.3,1,1,4029.4,13,1,4029.5,8,1
11483,2026-07-02 12:41:42+05:30,4029.0,3,4040.23,1179784,152352.0,160662.0,4100.0,4110.0,4012.0,4092.6,24871525,4501.8,3683.4,4440.0,3288.1,4028.9,24,3,4028.8,234,2,4028.4,5,2,4028.1,2,1,4028.0,141,6,4029.0,47,3,4029.2,19,1,4029.3,1,1,4029.4,13,1,4029.5,8,1
11483,2026-07-02 12:41:43+05:30,4028.9,4,4040.23,1179935,152038.0,161420.0,4100.0,4110.0,4012.0,4092.6,24871525,4501.8,3683.4,4440.0,3288.1,4028.9,5,2,4028.8,234,2,4028.4,5,2,4028.1,2,1,4028.0,141,6,4029.0,62,3,4029.2,34,2,4029.4,13,1,4029.5,3,1,4029.6,10,1
11483,2026-07-02 12:41:44+05:30,4028.9,1,4040.23,1179935,152038.0,161420.0,4100.0,4110.0,4012.0,4092.6,24871525,4501.8,3683.4,4440.0,3288.1,4028.9,5,2,4028.8,234,2,4028.4,5,2,4028.1,2,1,4028.0,141,6,4029.0,62,3,4029.2,34,2,4029.4,13,1,4029.5,3,1,4029.6,10,1
11483,2026-07-02 12:41:46+05:30,4029.0,7,4040.23,1179935,152038.0,161420.0,4100.0,4110.0,4012.0,4092.6,24871525,4501.8,3683.4,4440.0,3288.1,4028.9,5,2,4028.8,234,2,4028.4,5,2,4028.1,2,1,4028.0,141,6,4029.0,62,3,4029.2,34,2,4029.4,13,1,4029.5,3,1,4029.6,10,1
11483,2026-07-02 12:41:48+05:30,4028.9,5,4040.23,1179935,152038.0,161420.0,4100.0,4110.0,4012.0,4092.6,24871525,4501.8,3683.4,4440.0,3288.1,4028.9,5,2,4028.8,234,2,4028.4,5,2,4028.1,2,1,4028.0,141,6,4029.0,62,3,4029.2,34,2,4029.4,13,1,4029.5,3,1,4029.6,10,1
11483,2026-07-02 12:41:48+05:30,4029.0,2,4040.22,1180639,151168.0,160989.0,4100.0,4110.0,4012.0,4092.6,24871525,4501.8,3683.4,4440.0,3288.1,4028.8,229,2,4028.5,9,1,4028.4,12,3,4028.3,7,1,4028.2,7,1,4029.0,8,1,4029.7,19,1,4029.8,206,5,4029.9,14,2,4030.0,565,17
11483,2026-07-02 12:41:50+05:30,4028.9,11,4040.22,1180639,151168.0,160989.0,4100.0,4110.0,4012.0,4092.6,24871525,4501.8,3683.4,4440.0,3288.1,4028.8,229,2,4028.5,9,1,4028.4,12,3,4028.3,7,1,4028.2,7,1,4029.0,8,1,4029.7,19,1,4029.8,206,5,4029.9,14,2,4030.0,565,17
11483,2026-07-02 12:41:52+05:30,4029.0,4,4040.22,1180639,151168.0,160989.0,4100.0,4110.0,4012.0,4092.6,24871525,4501.8,3683.4,4440.0,3288.1,4028.8,229,2,4028.5,9,1,4028.4,12,3,4028.3,7,1,4028.2,7,1,4029.0,8,1,4029.7,19,1,4029.8,206,5,4029.9,14,2,4030.0,565,17
11483,2026-07-02 12:41:53+05:30,4029.0,2,4040.21,1181095,151924.0,161378.0,4100.0,4110.0,4012.0,4092.6,24871525,4501.8,3683.4,4440.0,3288.1,4028.8,115,2,4028.5,9,1,4028.4,12,3,4028.3,16,2,4028.2,7,1,4029.0,51,3,4029.7,19,1,4029.8,224,4,4029.9,14,2,4030.0,565,17
11483,2026-07-02 12:41:54+05:30,4029.0,1,4040.21,1181095,151924.0,161378.0,4100.0,4110.0,4012.0,4092.6,24871525,4501.8,3683.4,4440.0,3288.1,4028.8,115,2,4028.5,9,1,4028.4,12,3,4028.3,16,2,4028.2,7,1,4029.0,51,3,4029.7,19,1,4029.8,224,4,4029.9,14,2,4030.0,565,17
11483,2026-07-02 12:41:56+05:30,4029.0,15,4040.21,1181095,151924.0,161378.0,4100.0,4110.0,4012.0,4092.6,24871525,4501.8,3683.4,4440.0,3288.1,4028.8,115,2,4028.5,9,1,4028.4,12,3,4028.3,16,2,4028.2,7,1,4029.0,51,3,4029.7,19,1,4029.8,224,4,4029.9,14,2,4030.0,565,17
11483,2026-07-02 12:41:58+05:30,4028.8,15,4040.21,1181095,151924.0,161378.0,4100.0,4110.0,4012.0,4092.6,24871525,4501.8,3683.4,4440.0,3288.1,4028.8,115,2,4028.5,9,1,4028.4,12,3,4028.3,16,2,4028.2,7,1,4029.0,51,3,4029.7,19,1,4029.8,224,4,4029.9,14,2,4030.0,565,17
11483,2026-07-02 12:41:58+05:30,4028.8,15,4040.21,1181628,151629.0,161618.0,4100.0,4110.0,4012.0,4092.6,24871525,4501.8,3683.4,4440.0,3288.1,4028.0,177,9,4027.9,1,1,4027.8,20,1,4027.7,1,1,4027.6,1,1,4028.8,192,5,4029.0,81,2,4029.4,3,1,4029.5,45,2,4029.6,13,1
11483,2026-07-02 12:41:58+05:30,4028.8,15,4040.21,1181628,151629.0,161618.0,4100.0,4110.0,4012.0,4092.6,24871525,4501.8,3683.4,4440.0,3288.1,4028.0,177,9,4027.9,1,1,4027.8,20,1,4027.7,1,1,4027.6,1,1,4028.8,192,5,4029.0,81,2,4029.4,3,1,4029.5,45,2,4029.6,13,1
11483,2026-07-02 12:41:59+05:30,4028.8,15,4040.21,1181628,151629.0,161618.0,4100.0,4110.0,4012.0,4092.6,24871525,4501.8,3683.4,4440.0,3288.1,4028.0,177,9,4027.9,1,1,4027.8,20,1,4027.7,1,1,4027.6,1,1,4028.8,192,5,4029.0,81,2,4029.4,3,1,4029.5,45,2,4029.6,13,1
11483,2026-07-02 12:42:00+05:30,4028.8,1,4040.21,1181628,151629.0,161618.0,4100.0,4110.0,4012.0,4092.6,24871525,4501.8,3683.4,4440.0,3288.1,4028.0,177,9,4027.9,1,1,4027.8,20,1,4027.7,1,1,4027.6,1,1,4028.8,192,5,4029.0,81,2,4029.4,3,1,4029.5,45,2,4029.6,13,1
11483,2026-07-02 12:42:00+05:30,4028.8,1,4040.21,1181628,151629.0,161618.0,4100.0,4110.0,4012.0,4092.6,24871525,4501.8,3683.4,4440.0,3288.1,4028.0,177,9,4027.9,1,1,4027.8,20,1,4027.7,1,1,4027.6,1,1,4028.8,192,5,4029.0,81,2,4029.4,3,1,4029.5,45,2,4029.6,13,1
11483,2026-07-02 12:42:01+05:30,4028.8,1,4040.21,1181628,151629.0,161618.0,4100.0,4110.0,4012.0,4092.6,24871525,4501.8,3683.4,4440.0,3288.1,4028.0,177,9,4027.9,1,1,4027.8,20,1,4027.7,1,1,4027.6,1,1,4028.8,192,5,4029.0,81,2,4029.4,3,1,4029.5,45,2,4029.6,13,1
11483,2026-07-02 12:42:02+05:30,4028.8,2,4040.21,1181628,151629.0,161618.0,4100.0,4110.0,4012.0,4092.6,24871525,4501.8,3683.4,4440.0,3288.1,4028.0,177,9,4027.9,1,1,4027.8,20,1,4027.7,1,1,4027.6,1,1,4028.8,192,5,4029.0,81,2,4029.4,3,1,4029.5,45,2,4029.6,13,1
11483,2026-07-02 12:42:02+05:30,4028.8,2,4040.21,1181837,151535.0,161641.0,4100.0,4110.0,4012.0,4092.6,24871525,4501.8,3683.4,4440.0,3288.1,4028.6,1,1,4028.5,21,1,4028.0,122,10,4027.8,20,1,4027.7,1,1,4028.8,96,7,4029.0,77,1,4029.3,19,1,4029.4,25,2,4029.5,26,1
11483,2026-07-02 12:42:02+05:30,4028.8,2,4040.21,1181837,151535.0,161641.0,4100.0,4110.0,4012.0,4092.6,24871525,4501.8,3683.4,4440.0,3288.1,4028.6,1,1,4028.5,21,1,4028.0,122,10,4027.8,20,1,4027.7,1,1,4028.8,96,7,4029.0,77,1,4029.3,19,1,4029.4,25,2,4029.5,26,1
11483,2026-07-02 12:42:02+05:30,4028.8,2,4040.21,1181837,151535.0,161641.0,4100.0,4110.0,4012.0,4092.6,24876600,4501.8,3683.4,4440.0,3288.1,4028.6,1,1,4028.5,21,1,4028.0,122,10,4027.8,20,1,4027.7,1,1,4028.8,96,7,4029.0,77,1,4029.3,19,1,4029.4,25,2,4029.5,26,1
11483,2026-07-02 12:42:03+05:30,4028.8,2,4040.21,1181837,151535.0,161641.0,4100.0,4110.0,4012.0,4092.6,24876600,4501.8,3683.4,4440.0,3288.1,4028.6,1,1,4028.5,21,1,4028.0,122,10,4027.8,20,1,4027.7,1,1,4028.8,96,7,4029.0,77,1,4029.3,19,1,4029.4,25,2,4029.5,26,1
11483,2026-07-02 12:42:04+05:30,4028.8,1,4040.21,1181837,151535.0,161641.0,4100.0,4110.0,4012.0,4092.6,24876600,4501.8,3683.4,4440.0,3288.1,4028.6,1,1,4028.5,21,1,4028.0,122,10,4027.8,20,1,4027.7,1,1,4028.8,96,7,4029.0,77,1,4029.3,19,1,4029.4,25,2,4029.5,26,1
11483,2026-07-02 12:42:04+05:30,4028.8,1,4040.21,1181837,151535.0,161641.0,4100.0,4110.0,4012.0,4092.6,24876600,4501.8,3683.4,4440.0,3288.1,4028.6,1,1,4028.5,21,1,4028.0,122,10,4027.8,20,1,4027.7,1,1,4028.8,96,7,4029.0,77,1,4029.3,19,1,4029.4,25,2,4029.5,26,1
11483,2026-07-02 12:42:06+05:30,4028.0,4,4040.21,1181837,151535.0,161641.0,4100.0,4110.0,4012.0,4092.6,24876600,4501.8,3683.4,4440.0,3288.1,4028.6,1,1,4028.5,21,1,4028.0,122,10,4027.8,20,1,4027.7,1,1,4028.8,96,7,4029.0,77,1,4029.3,19,1,4029.4,25,2,4029.5,26,1
11483,2026-07-02 12:42:06+05:30,4028.0,9,4040.2,1182074,151450.0,161775.0,4100.0,4110.0,4012.0,4092.6,24876600,4501.8,3683.4,4440.0,3288.1,4028.0,66,5,4027.8,26,2,4027.7,1,1,4027.6,27,2,4027.5,21,1,4028.8,22,6,4029.0,77,1,4029.3,19,1,4029.4,12,1,4029.5,28,1
11483,2026-07-02 12:42:08+05:30,4028.0,1,4040.2,1182074,151450.0,161775.0,4100.0,4110.0,4012.0,4092.6,24876600,4501.8,3683.4,4440.0,3288.1,4028.0,66,5,4027.8,26,2,4027.7,1,1,4027.6,27,2,4027.5,21,1,4028.8,22,6,4029.0,77,1,4029.3,19,1,4029.4,12,1,4029.5,28,1
11483,2026-07-02 12:42:10+05:30,4028.8,1,4040.2,1182074,151450.0,161775.0,4100.0,4110.0,4012.0,4092.6,24876600,4501.8,3683.4,4440.0,3288.1,4028.0,66,5,4027.8,26,2,4027.7,1,1,4027.6,27,2,4027.5,21,1,4028.8,22,6,4029.0,77,1,4029.3,19,1,4029.4,12,1,4029.5,28,1
11483,2026-07-02 12:42:11+05:30,4028.8,2,4040.2,1182130,151430.0,161639.0,4100.0,4110.0,4012.0,4092.6,24876600,4501.8,3683.4,4440.0,3288.1,4028.0,41,4,4027.8,26,2,4027.7,1,1,4027.6,1,1,4027.5,21,1,4028.8,21,6,4028.9,12,1,4029.0,252,2,4029.1,15,1,4029.3,20,2
11483,2026-07-02 12:42:12+05:30,4028.0,6,4040.2,1182130,151430.0,161639.0,4100.0,4110.0,4012.0,4092.6,24876600,4501.8,3683.4,4440.0,3288.1,4028.0,41,4,4027.8,26,2,4027.7,1,1,4027.6,1,1,4027.5,21,1,4028.8,21,6,4028.9,12,1,4029.0,252,2,4029.1,15,1,4029.3,20,2
11483,2026-07-02 12:42:14+05:30,4028.4,3,4040.2,1182130,151430.0,161639.0,4100.0,4110.0,4012.0,4092.6,24876600,4501.8,3683.4,4440.0,3288.1,4028.0,41,4,4027.8,26,2,4027.7,1,1,4027.6,1,1,4027.5,21,1,4028.8,21,6,4028.9,12,1,4029.0,252,2,4029.1,15,1,4029.3,20,2
11483,2026-07-02 12:42:15+05:30,4028.2,3,4040.2,1182173,151006.0,162000.0,4100.0,4110.0,4012.0,4092.6,24876600,4501.8,3683.4,4440.0,3288.1,4028.1,18,1,4028.0,13,2,4027.8,25,2,4027.7,1,1,4027.6,1,1,4028.2,2,1,4028.8,17,5,4029.0,77,1,4029.2,43,3,4029.3,47,4
11483,2026-07-02 12:42:16+05:30,4028.1,6,4040.2,1182173,151006.0,162000.0,4100.0,4110.0,4012.0,4092.6,24876600,4501.8,3683.4,4440.0,3288.1,4028.1,18,1,4028.0,13,2,4027.8,25,2,4027.7,1,1,4027.6,1,1,4028.2,2,1,4028.8,17,5,4029.0,77,1,4029.2,43,3,4029.3,47,4
11483,2026-07-02 12:42:18+05:30,4028.8,2,4040.2,1182173,151006.0,162000.0,4100.0,4110.0,4012.0,4092.6,24876600,4501.8,3683.4,4440.0,3288.1,4028.1,18,1,4028.0,13,2,4027.8,25,2,4027.7,1,1,4027.6,1,1,4028.2,2,1,4028.8,17,5,4029.0,77,1,4029.2,43,3,4029.3,47,4
11483,2026-07-02 12:42:20+05:30,4028.7,2,4040.2,1182173,151006.0,162000.0,4100.0,4110.0,4012.0,4092.6,24876600,4501.8,3683.4,4440.0,3288.1,4028.1,18,1,4028.0,13,2,4027.8,25,2,4027.7,1,1,4027.6,1,1,4028.2,2,1,4028.8,17,5,4029.0,77,1,4029.2,43,3,4029.3,47,4
11483,2026-07-02 12:42:20+05:30,4028.3,2,4040.2,1182371,151249.0,162390.0,4100.0,4110.0,4012.0,4092.6,24876600,4501.8,3683.4,4440.0,3288.1,4027.8,53,5,4027.7,1,1,4027.6,14,2,4027.5,33,2,4027.4,39,2,4028.3,8,1,4028.4,42,1,4028.5,42,1,4028.6,42,1,4028.7,2,1
11483,2026-07-02 12:42:21+05:30,4027.8,3,4040.2,1182371,151249.0,162390.0,4100.0,4110.0,4012.0,4092.6,24876600,4501.8,3683.4,4440.0,3288.1,4027.8,53,5,4027.7,1,1,4027.6,14,2,4027.5,33,2,4027.4,39,2,4028.3,8,1,4028.4,42,1,4028.5,42,1,4028.6,42,1,4028.7,2,1
11483,2026-07-02 12:42:21+05:30,4028.2,2,4040.2,1182400,150976.0,162985.0,4100.0,4110.0,4012.0,4092.6,24876600,4501.8,3683.4,4440.0,3288.1,4027.8,18,2,4027.7,1,1,4027.6,1,1,4027.5,21,1,4027.3,22,1,4028.2,36,1,4028.3,60,2,4028.4,42,1,4028.6,217,2,4028.7,20,2
11483,2026-07-02 12:42:22+05:30,4028.0,2,4040.2,1182400,150976.0,162985.0,4100.0,4110.0,4012.0,4092.6,24876600,4501.8,3683.4,4440.0,3288.1,4027.8,18,2,4027.7,1,1,4027.6,1,1,4027.5,21,1,4027.3,22,1,4028.2,36,1,4028.3,60,2,4028.4,42,1,4028.6,217,2,4028.7,20,2
11483,2026-07-02 12:42:22+05:30,4027.6,2,4040.2,1182410,150493.0,163086.0,4100.0,4110.0,4012.0,4092.6,24876600,4501.8,3683.4,4440.0,3288.1,4027.5,3,1,4027.2,38,2,4027.0,45,3,4026.9,17,1,4026.8,39,2,4027.6,77,1,4028.0,2,1,4028.2,80,3,4028.3,42,1,4028.4,30,2
11483,2026-07-02 12:42:23+05:30,4027.6,1,4040.2,1182410,150493.0,163086.0,4100.0,4110.0,4012.0,4092.6,24876600,4501.8,3683.4,4440.0,3288.1,4027.5,3,1,4027.2,38,2,4027.0,45,3,4026.9,17,1,4026.8,39,2,4027.6,77,1,4028.0,2,1,4028.2,80,3,4028.3,42,1,4028.4,30,2
11483,2026-07-02 12:42:23+05:30,4027.8,2,4040.2,1182414,150447.0,163014.0,4100.0,4110.0,4012.0,4092.6,24876600,4501.8,3683.4,4440.0,3288.1,4027.5,2,1,4027.2,38,2,4027.0,45,3,4026.9,17,1,4026.8,53,3,4027.8,40,1,4027.9,42,1,4028.0,2,1,4028.1,42,1,4028.2,38,2
11483,2026-07-02 12:42:24+05:30,4027.5,1,4040.2,1182414,150447.0,163014.0,4100.0,4110.0,4012.0,4092.6,24876600,4501.8,3683.4,4440.0,3288.1,4027.5,2,1,4027.2,38,2,4027.0,45,3,4026.9,17,1,4026.8,53,3,4027.8,40,1,4027.9,42,1,4028.0,2,1,4028.1,42,1,4028.2,38,2
11483,2026-07-02 12:42:24+05:30,4027.5,2,4040.2,1182419,150382.0,163215.0,4100.0,4110.0,4012.0,4092.6,24876600,4501.8,3683.4,4440.0,3288.1,4027.2,38,2,4027.0,45,3,4026.9,17,1,4026.8,23,1,4026.7,1,1,4027.5,2,1,4027.6,4,1,4027.7,74,1,4027.8,40,1,4028.0,44,2
11483,2026-07-02 12:42:25+05:30,4027.5,2,4040.2,1182419,150382.0,163215.0,4100.0,4110.0,4012.0,4092.6,24876600,4501.8,3683.4,4440.0,3288.1,4027.2,38,2,4027.0,45,3,4026.9,17,1,4026.8,23,1,4026.7,1,1,4027.5,2,1,4027.6,4,1,4027.7,74,1,4027.8,40,1,4028.0,44,2
11483,2026-07-02 12:42:25+05:30,4027.5,2,4040.2,1182421,150584.0,163097.0,4100.0,4110.0,4012.0,4092.6,24876600,4501.8,3683.4,4440.0,3288.1,4027.2,38,2,4027.0,45,3,4026.9,17,1,4026.8,23,1,4026.7,1,1,4027.5,2,1,4027.6,4,1,4027.7,42,1,4027.8,40,1,4027.9,42,1
11483,2026-07-02 12:42:26+05:30,4027.2,1,4040.2,1182421,150584.0,163097.0,4100.0,4110.0,4012.0,4092.6,24876600,4501.8,3683.4,4440.0,3288.1,4027.2,38,2,4027.0,45,3,4026.9,17,1,4026.8,23,1,4026.7,1,1,4027.5,2,1,4027.6,4,1,4027.7,42,1,4027.8,40,1,4027.9,42,1
11483,2026-07-02 12:42:26+05:30,4027.4,2,4040.2,1182432,150587.0,163129.0,4100.0,4110.0,4012.0,4092.6,24876600,4501.8,3683.4,4440.0,3288.1,4027.2,37,2,4027.0,45,3,4026.9,17,1,4026.8,23,1,4026.7,1,1,4027.4,64,1,4027.5,2,1,4027.6,4,1,4027.7,42,1,4027.8,40,1
11483,2026-07-02 12:42:27+05:30,4027.2,1,4040.2,1182432,150587.0,163129.0,4100.0,4110.0,4012.0,4092.6,24876600,4501.8,3683.4,4440.0,3288.1,4027.2,37,2,4027.0,45,3,4026.9,17,1,4026.8,23,1,4026.7,1,1,4027.4,64,1,4027.5,2,1,4027.6,4,1,4027.7,42,1,4027.8,40,1
11483,2026-07-02 12:42:27+05:30,4027.2,4,4040.2,1182439,150509.0,163121.0,4100.0,4110.0,4012.0,4092.6,24876600,4501.8,3683.4,4440.0,3288.1,4027.2,32,2,4027.0,45,3,4026.9,17,1,4026.8,23,1,4026.7,1,1,4027.5,2,1,4027.6,46,2,4027.8,82,2,4028.0,2,1,4028.2,38,2
11483,2026-07-02 12:42:28+05:30,4026.7,1,4040.2,1182439,150509.0,163121.0,4100.0,4110.0,4012.0,4092.6,24876600,4501.8,3683.4,4440.0,3288.1,4027.2,32,2,4027.0,45,3,4026.9,17,1,4026.8,23,1,4026.7,1,1,4027.5,2,1,4027.6,46,2,4027.8,82,2,4028.0,2,1,4028.2,38,2
11483,2026-07-02 12:42:28+05:30,4026.1,8,4040.17,1184988,148953.0,164934.0,4100.0,4110.0,4012.0,4092.6,24876600,4501.8,3683.4,4440.0,3288.1,4025.5,5,1,4025.4,46,1,4025.3,45,3,4025.1,11,1,4025.0,1453,41,4026.1,54,1,4026.3,43,3,4026.4,76,4,4026.5,27,2,4026.6,60,2
11483,2026-07-02 12:42:29+05:30,4025.5,5,4040.17,1184988,148953.0,164934.0,4100.0,4110.0,4012.0,4092.6,24876600,4501.8,3683.4,4440.0,3288.1,4025.5,5,1,4025.4,46,1,4025.3,45,3,4025.1,11,1,4025.0,1453,41,4026.1,54,1,4026.3,43,3,4026.4,76,4,4026.5,27,2,4026.6,60,2
11483,2026-07-02 12:42:29+05:30,4025.5,114,4040.08,1191801,148350.0,165200.0,4100.0,4110.0,4012.0,4092.6,24876600,4501.8,3683.4,4440.0,3288.1,4025.3,57,4,4025.2,5,1,4025.1,18,2,4025.0,195,4,4024.9,23,2,4025.5,18,1,4025.9,28,1,4026.1,16,1,4026.4,42,1,4026.8,30,3
11483,2026-07-02 12:42:30+05:30,4026.1,4,4040.08,1191801,148350.0,165200.0,4100.0,4110.0,4012.0,4092.6,24876600,4501.8,3683.4,4440.0,3288.1,4025.3,57,4,4025.2,5,1,4025.1,18,2,4025.0,195,4,4024.9,23,2,4025.5,18,1,4025.9,28,1,4026.1,16,1,4026.4,42,1,4026.8,30,3
11483,2026-07-02 12:42:30+05:30,4026.0,3,4040.07,1192887,148602.0,164559.0,4100.0,4110.0,4012.0,4092.6,24876600,4501.8,3683.4,4440.0,3288.1,4025.9,14,1,4025.7,27,1,4025.4,20,2,4025.3,27,2,4025.2,34,3,4026.0,30,1,4026.1,10,1,4026.8,11,1,4026.9,11,1,4027.0,9,1
11483,2026-07-02 12:42:31+05:30,4025.9,14,4040.07,1192887,148602.0,164559.0,4100.0,4110.0,4012.0,4092.6,24876600,4501.8,3683.4,4440.0,3288.1,4025.9,14,1,4025.7,27,1,4025.4,20,2,4025.3,27,2,4025.2,34,3,4026.0,30,1,4026.1,10,1,4026.8,11,1,4026.9,11,1,4027.0,9,1
11483,2026-07-02 12:42:31+05:30,4025.9,21,4040.07,1193054,148372.0,164731.0,4100.0,4110.0,4012.0,4092.6,24876600,4501.8,3683.4,4440.0,3288.1,4025.7,10,1,4025.3,13,1,4025.2,13,1,4025.1,6,1,4025.0,213,6,4025.9,13,1,4026.0,72,2,4026.1,10,1,4026.8,11,1,4026.9,39,2
11483,2026-07-02 12:42:32+05:30,4025.7,10,4040.07,1193054,148372.0,164731.0,4100.0,4110.0,4012.0,4092.6,24876600,4501.8,3683.4,4440.0,3288.1,4025.7,10,1,4025.3,13,1,4025.2,13,1,4025.1,6,1,4025.0,213,6,4025.9,13,1,4026.0,72,2,4026.1,10,1,4026.8,11,1,4026.9,39,2
11483,2026-07-02 12:42:32+05:30,4025.7,2,4040.07,1193068,148284.0,164684.0,4100.0,4110.0,4012.0,4092.6,24876600,4501.8,3683.4,4440.0,3288.1,4025.4,1,1,4025.3,81,6,4025.1,12,2,4025.0,209,6,4024.9,27,2,4025.7,2,1,4025.9,13,1,4026.8,50,2,4026.9,57,3,4027.0,9,1
11483,2026-07-02 12:42:33+05:30,4025.4,2,4040.07,1193068,148284.0,164684.0,4100.0,4110.0,4012.0,4092.6,24876600,4501.8,3683.4,4440.0,3288.1,4025.4,1,1,4025.3,81,6,4025.1,12,2,4025.0,209,6,4024.9,27,2,4025.7,2,1,4025.9,13,1,4026.8,50,2,4026.9,57,3,4027.0,9,1
11483,2026-07-02 12:42:33+05:30,4025.3,1,4040.05,1194248,148035.0,164995.0,4100.0,4110.0,4012.0,4092.6,24876600,4501.8,3683.4,4440.0,3288.1,4025.3,63,6,4025.2,2,1,4025.0,5,5,4024.9,2,2,4024.8,24,1,4025.7,2,2,4025.9,28,2,4026.4,12,1,4026.5,32,2,4026.6,17,1
11483,2026-07-02 12:42:34+05:30,4025.9,1,4040.05,1194248,148035.0,164995.0,4100.0,4110.0,4012.0,4092.6,24876600,4501.8,3683.4,4440.0,3288.1,4025.3,63,6,4025.2,2,1,4025.0,5,5,4024.9,2,2,4024.8,24,1,4025.7,2,2,4025.9,28,2,4026.4,12,1,4026.5,32,2,4026.6,17,1
11483,2026-07-02 12:42:34+05:30,4025.9,47,4040.05,1194545,148272.0,164320.0,4100.0,4110.0,4012.0,4092.6,24876600,4501.8,3683.4,4440.0,3288.1,4026.1,76,1,4026.0,33,1,4025.7,1,1,4025.3,51,3,4025.1,28,1,4026.9,18,2,4027.1,24,1,4027.2,39,4,4027.3,28,1,4027.4,37,2
11483,2026-07-02 12:42:35+05:30,4026.1,36,4040.05,1194545,148272.0,164320.0,4100.0,4110.0,4012.0,4092.6,24876600,4501.8,3683.4,4440.0,3288.1,4026.1,76,1,4026.0,33,1,4025.7,1,1,4025.3,51,3,4025.1,28,1,4026.9,18,2,4027.1,24,1,4027.2,39,4,4027.3,28,1,4027.4,37,2
11483,2026-07-02 12:42:35+05:30,4025.3,13,4040.05,1194874,147917.0,164736.0,4100.0,4110.0,4012.0,4092.6,24876600,4501.8,3683.4,4440.0,3288.1,4026.1,21,1,4025.1,27,1,4025.0,20,7,4024.9,1,1,4024.7,15,2,4026.5,18,3,4026.6,55,3,4026.7,27,3,4026.8,70,6,4026.9,67,8
11483,2026-07-02 12:42:36+05:30,4026.1,21,4040.05,1194874,147917.0,164736.0,4100.0,4110.0,4012.0,4092.6,24876600,4501.8,3683.4,4440.0,3288.1,4026.1,21,1,4025.1,27,1,4025.0,20,7,4024.9,1,1,4024.7,15,2,4026.5,18,3,4026.6,55,3,4026.7,27,3,4026.8,70,6,4026.9,67,8
11483,2026-07-02 12:42:36+05:30,4025.0,41,4040.04,1194970,149055.0,165067.0,4100.0,4110.0,4012.0,4092.6,24876600,4501.8,3683.4,4440.0,3288.1,4025.3,82,7,4025.2,2,1,4025.0,759,1,4024.9,1,1,4024.7,31,3,4026.1,4,1,4026.5,40,2,4026.6,60,4,4026.7,71,5,4026.8,44,5
11483,2026-07-02 12:42:37+05:30,4025.3,11,4040.04,1194970,149055.0,165067.0,4100.0,4110.0,4012.0,4092.6,24876600,4501.8,3683.4,4440.0,3288.1,4025.3,82,7,4025.2,2,1,4025.0,759,1,4024.9,1,1,4024.7,31,3,4026.1,4,1,4026.5,40,2,4026.6,60,4,4026.7,71,5,4026.8,44,5
11483,2026-07-02 12:42:37+05:30,4025.3,1,4040.04,1195253,148462.0,164867.0,4100.0,4110.0,4012.0,4092.6,24876600,4501.8,3683.4,4440.0,3288.1,4025.3,58,7,4025.2,2,1,4025.0,772,2,4024.9,1,1,4024.7,43,3,4026.6,56,5,4026.7,40,5,4026.8,68,5,4026.9,54,7,4027.0,16,1
11483,2026-07-02 12:42:38+05:30,4025.3,2,4040.04,1195253,148462.0,164867.0,4100.0,4110.0,4012.0,4092.6,24876600,4501.8,3683.4,4440.0,3288.1,4025.3,58,7,4025.2,2,1,4025.0,772,2,4024.9,1,1,4024.7,43,3,4026.6,56,5,4026.7,40,5,4026.8,68,5,4026.9,54,7,4027.0,16,1
11483,2026-07-02 12:42:38+05:30,4026.2,1,4040.02,1196939,147382.0,165200.0,4100.0,4110.0,4012.0,4092.6,24876600,4501.8,3683.4,4440.0,3288.1,4025.3,64,5,4025.2,2,1,4025.0,3,1,4024.9,1,1,4024.7,15,2,4026.2,24,2,4026.3,57,3,4026.4,101,6,4026.5,45,5,4026.6,98,9
11483,2026-07-02 12:42:39+05:30,4026.6,1,4040.02,1196939,147382.0,165200.0,4100.0,4110.0,4012.0,4092.6,24876600,4501.8,3683.4,4440.0,3288.1,4025.3,64,5,4025.2,2,1,4025.0,3,1,4024.9,1,1,4024.7,15,2,4026.2,24,2,4026.3,57,3,4026.4,101,6,4026.5,45,5,4026.6,98,9
11483,2026-07-02 12:42:39+05:30,4025.1,27,4040.01,1197514,147351.0,164429.0,4100.0,4110.0,4012.0,4092.6,24876600,4501.8,3683.4,4440.0,3288.1,4025.3,72,6,4025.2,17,2,4025.1,47,2,4025.0,26,4,4024.9,1,1,4026.6,21,2,4026.7,24,2,4026.9,38,5,4027.0,30,4,4027.1,125,8
11483,2026-07-02 12:42:40+05:30,4025.3,9,4040.01,1197514,147351.0,164429.0,4100.0,4110.0,4012.0,4092.6,24876600,4501.8,3683.4,4440.0,3288.1,4025.3,72,6,4025.2,17,2,4025.1,47,2,4025.0,26,4,4024.9,1,1,4026.6,21,2,4026.7,24,2,4026.9,38,5,4027.0,30,4,4027.1,125,8
11483,2026-07-02 12:42:40+05:30,4025.4,10,4040.0,1198781,148223.0,163672.0,4100.0,4110.0,4012.0,4092.6,24876600,4501.8,3683.4,4440.0,3288.1,4026.4,50,4,4026.3,2,1,4025.5,45,3,4025.4,35,4,4025.2,11,1,4027.1,9,1,4027.2,24,4,4027.5,2,1,4027.6,52,2,4027.7,23,1
11483,2026-07-02 12:42:41+05:30,4027.2,1,4040.0,1198781,148223.0,163672.0,4100.0,4110.0,4012.0,4092.6,24876600,4501.8,3683.4,4440.0,3288.1,4026.4,50,4,4026.3,2,1,4025.5,45,3,4025.4,35,4,4025.2,11,1,4027.1,9,1,4027.2,24,4,4027.5,2,1,4027.6,52,2,4027.7,23,1
11483,2026-07-02 12:42:41+05:30,4026.4,3,4039.99,1199440,148906.0,164043.0,4100.0,4110.0,4012.0,4092.6,24876600,4501.8,3683.4,4440.0,3288.1,4026.4,53,6,4026.3,2,1,4025.8,1,1,4025.7,50,2,4025.6,37,2,4027.0,43,2,4027.2,14,3,4027.3,10,1,4027.5,2,1,4027.7,58,4
11483,2026-07-02 12:42:42+05:30,4027.0,1,4039.99,1199440,148906.0,164043.0,4100.0,4110.0,4012.0,4092.6,24876600,4501.8,3683.4,4440.0,3288.1,4026.4,53,6,4026.3,2,1,4025.8,1,1,4025.7,50,2,4025.6,37,2,4027.0,43,2,4027.2,14,3,4027.3,10,1,4027.5,2,1,4027.7,58,4
11483,2026-07-02 12:42:42+05:30,4025.7,10,4039.98,1200197,148503.0,163368.0,4100.0,4110.0,4012.0,4092.6,24876600,4501.8,3683.4,4440.0,3288.1,4027.1,1,1,4025.9,35,4,4025.7,44,2,4025.6,17,2,4025.5,12,1,4027.5,29,3,4027.7,30,2,4027.8,48,4,4027.9,28,1,4028.0,21,3
11483,2026-07-02 12:42:43+05:30,4027.1,1,4039.98,1200197,148503.0,163368.0,4100.0,4110.0,4012.0,4092.6,24876600,4501.8,3683.4,4440.0,3288.1,4027.1,1,1,4025.9,35,4,4025.7,44,2,4025.6,17,2,4025.5,12,1,4027.5,29,3,4027.7,30,2,4027.8,48,4,4027.9,28,1,4028.0,21,3
11483,2026-07-02 12:42:43+05:30,4025.7,28,4039.98,1200341,148543.0,163670.0,4100.0,4110.0,4012.0,4092.6,24876600,4501.8,3683.4,4440.0,3288.1,4026.4,53,5,4026.3,2,1,4025.8,19,1,4025.7,21,2,4025.6,61,4,4027.1,10,2,4027.2,10,1,4027.3,1,1,4027.4,5,1,4027.5,22,2
11483,2026-07-02 12:42:44+05:30,4026.4,13,4039.98,1200341,148543.0,163670.0,4100.0,4110.0,4012.0,4092.6,24876600,4501.8,3683.4,4440.0,3288.1,4026.4,53,5,4026.3,2,1,4025.8,19,1,4025.7,21,2,4025.6,61,4,4027.1,10,2,4027.2,10,1,4027.3,1,1,4027.4,5,1,4027.5,22,2
11483,2026-07-02 12:42:44+05:30,4026.4,2,4039.98,1200583,148460.0,164130.0,4100.0,4110.0,4012.0,4092.6,24876600,4501.8,3683.4,4440.0,3288.1,4026.4,37,4,4026.3,2,1,4025.6,5,1,4025.5,12,1,4025.4,32,2,4027.0,60,2,4027.1,10,2,4027.3,6,2,4027.4,22,2,4027.5,22,2
11483,2026-07-02 12:42:45+05:30,4026.4,7,4039.98,1200583,148460.0,164130.0,4100.0,4110.0,4012.0,4092.6,24876600,4501.8,3683.4,4440.0,3288.1,4026.4,37,4,4026.3,2,1,4025.6,5,1,4025.5,12,1,4025.4,32,2,4027.0,60,2,4027.1,10,2,4027.3,6,2,4027.4,22,2,4027.5,22,2
11483,2026-07-02 12:42:45+05:30,4026.4,4,4039.97,1200949,148024.0,164427.0,4100.0,4110.0,4012.0,4092.6,24876600,4501.8,3683.4,4440.0,3288.1,4025.4,51,2,4025.3,67,4,4025.0,56,3,4024.9,18,3,4024.8,50,2,4026.4,2,1,4026.9,30,2,4027.0,100,4,4027.1,20,3,4027.2,5,1
11483,2026-07-02 12:42:46+05:30,4025.4,19,4039.97,1200949,148024.0,164427.0,4100.0,4110.0,4012.0,4092.6,24876600,4501.8,3683.4,4440.0,3288.1,4025.4,51,2,4025.3,67,4,4025.0,56,3,4024.9,18,3,4024.8,50,2,4026.4,2,1,4026.9,30,2,4027.0,100,4,4027.1,20,3,4027.2,5,1
11483,2026-07-02 12:42:46+05:30,4025.4,5,4039.97,1201096,147422.0,164945.0,4100.0,4110.0,4012.0,4092.6,24876600,4501.8,3683.4,4440.0,3288.1,4025.3,97,9,4025.2,2,1,4025.1,5,1,4025.0,34,1,4024.9,40,3,4025.4,1,1,4026.4,9,1,4026.8,28,1,4026.9,41,2,4027.0,86,3
11483,2026-07-02 12:42:47+05:30,4025.3,3,4039.97,1201096,147422.0,164945.0,4100.0,4110.0,4012.0,4092.6,24876600,4501.8,3683.4,4440.0,3288.1,4025.3,97,9,4025.2,2,1,4025.1,5,1,4025.0,34,1,4024.9,40,3,4025.4,1,1,4026.4,9,1,4026.8,28,1,4026.9,41,2,4027.0,86,3
11483,2026-07-02 12:42:47+05:30,4025.3,1,4039.97,1201169,147496.0,164645.0,4100.0,4110.0,4012.0,4092.6,24876600,4501.8,3683.4,4440.0,3288.1,4025.3,104,7,4025.2,2,1,4025.1,5,1,4025.0,18,2,4024.9,27,2,4026.4,9,1,4026.8,37,2,4026.9,41,2,4027.0,69,2,4027.1,23,4
11483,2026-07-02 12:42:48+05:30,4025.3,6,4039.97,1201169,147496.0,164645.0,4100.0,4110.0,4012.0,4092.6,24876600,4501.8,3683.4,4440.0,3288.1,4025.3,104,7,4025.2,2,1,4025.1,5,1,4025.0,18,2,4024.9,27,2,4026.4,9,1,4026.8,37,2,4026.9,41,2,4027.0,69,2,4027.1,23,4
11483,2026-07-02 12:42:48+05:30,4025.3,5,4039.97,1201434,147776.0,164806.0,4100.0,4110.0,4012.0,4092.6,24876600,4501.8,3683.4,4440.0,3288.1,4025.3,99,8,4025.2,2,1,4025.0,46,3,4024.9,19,2,4024.8,37,2,4026.3,1,1,4026.4,2,1,4026.6,30,2,4026.7,10,1,4026.8,43,3
11483,2026-07-02 12:42:49+05:30,4025.3,2,4039.97,1201434,147776.0,164806.0,4100.0,4110.0,4012.0,4092.6,24876600,4501.8,3683.4,4440.0,3288.1,4025.3,99,8,4025.2,2,1,4025.0,46,3,4024.9,19,2,4024.8,37,2,4026.3,1,1,4026.4,2,1,4026.6,30,2,4026.7,10,1,4026.8,43,3
11483,2026-07-02 12:42:49+05:30,4025.3,7,4039.97,1201671,147804.0,164851.0,4100.0,4110.0,4012.0,4092.6,24876600,4501.8,3683.4,4440.0,3288.1,4025.3,120,9,4025.2,2,1,4025.1,25,1,4025.0,39,2,4024.9,1,1,4026.6,16,1,4026.8,46,3,4026.9,47,2,4027.0,50,1,4027.1,17,4
11483,2026-07-02 12:42:50+05:30,4025.3,14,4039.97,1201671,147804.0,164851.0,4100.0,4110.0,4012.0,4092.6,24876600,4501.8,3683.4,4440.0,3288.1,4025.3,120,9,4025.2,2,1,4025.1,25,1,4025.0,39,2,4024.9,1,1,4026.6,16,1,4026.8,46,3,4026.9,47,2,4027.0,50,1,4027.1,17,4
11483,2026-07-02 12:42:50+05:30,4025.3,11,4039.96,1201838,146876.0,164893.0,4100.0,4110.0,4012.0,4092.6,24876600,4501.8,3683.4,4440.0,3288.1,4025.7,30,1,4025.3,13,1,4025.0,13,1,4024.9,1,1,4024.8,11,1,4026.4,41,2,4026.5,50,4,4026.6,40,3,4026.7,5,1,4026.8,9,3
11483,2026-07-02 12:42:51+05:30,4025.7,2,4039.96,1201838,146876.0,164893.0,4100.0,4110.0,4012.0,4092.6,24876600,4501.8,3683.4,4440.0,3288.1,4025.7,30,1,4025.3,13,1,4025.0,13,1,4024.9,1,1,4024.8,11,1,4026.4,41,2,4026.5,50,4,4026.6,40,3,4026.7,5,1,4026.8,9,3
11483,2026-07-02 12:42:51+05:30,4025.3,2,4039.96,1201937,146947.0,164767.0,4100.0,4110.0,4012.0,4092.6,24876600,4501.8,3683.4,4440.0,3288.1,4025.3,95,7,4025.2,2,1,4024.7,23,2,4024.5,25,2,4024.3,64,4,4025.8,2,1,4026.0,15,1,4026.5,10,1,4026.6,42,3,4026.7,3,1
11483,2026-07-02 12:42:52+05:30,4025.3,12,4039.96,1201937,146947.0,164767.0,4100.0,4110.0,4012.0,4092.6,24876600,4501.8,3683.4,4440.0,3288.1,4025.3,95,7,4025.2,2,1,4024.7,23,2,4024.5,25,2,4024.3,64,4,4025.8,2,1,4026.0,15,1,4026.5,10,1,4026.6,42,3,4026.7,3,1
11483,2026-07-02 12:42:52+05:30,4025.3,15,4039.96,1202042,146919.0,164837.0,4100.0,4110.0,4012.0,4092.6,24876600,4501.8,3683.4,4440.0,3288.1,4025.3,90,6,4025.2,16,2,4025.0,14,1,4024.8,14,1,4024.7,16,2,4025.8,2,1,4026.0,15,1,4026.3,4,1,4026.5,10,1,4026.6,25,2
11483,2026-07-02 12:42:53+05:30,4025.3,12,4039.96,1202042,146919.0,164837.0,4100.0,4110.0,4012.0,4092.6,24876600,4501.8,3683.4,4440.0,3288.1,4025.3,90,6,4025.2,16,2,4025.0,14,1,4024.8,14,1,4024.7,16,2,4025.8,2,1,4026.0,15,1,4026.3,4,1,4026.5,10,1,4026.6,25,2
11483,2026-07-02 12:42:53+05:30,4025.3,14,4039.96,1202237,146823.0,165260.0,4100.0,4110.0,4012.0,4092.6,24876600,4501.8,3683.4,4440.0,3288.1,4025.3,80,6,4025.2,2,1,4025.1,13,1,4024.9,16,1,4024.7,15,2,4025.8,2,1,4026.0,15,1,4026.2,5,1,4026.3,28,1,4026.5,34,4
11483,2026-07-02 12:42:54+05:30,4025.8,2,4039.96,1202237,146823.0,165260.0,4100.0,4110.0,4012.0,4092.6,24876600,4501.8,3683.4,4440.0,3288.1,4025.3,80,6,4025.2,2,1,4025.1,13,1,4024.9,16,1,4024.7,15,2,4025.8,2,1,4026.0,15,1,4026.2,5,1,4026.3,28,1,4026.5,34,4
11483,2026-07-02 12:42:54+05:30,4025.3,1,4039.96,1202318,147445.0,165148.0,4100.0,4110.0,4012.0,4092.6,24876600,4501.8,3683.4,4440.0,3288.1,4025.2,34,4,4025.0,88,6,4024.8,16,1,4024.7,20,3,4024.6,22,1,4025.7,6,1,4026.3,28,1,4026.5,10,1,4026.6,25,2,4026.8,10,3
11483,2026-07-02 12:42:55+05:30,4025.2,9,4039.96,1202318,147445.0,165148.0,4100.0,4110.0,4012.0,4092.6,24876600,4501.8,3683.4,4440.0,3288.1,4025.2,34,4,4025.0,88,6,4024.8,16,1,4024.7,20,3,4024.6,22,1,4025.7,6,1,4026.3,28,1,4026.5,10,1,4026.6,25,2,4026.8,10,3
11483,2026-07-02 12:42:55+05:30,4025.0,15,4039.96,1202421,147070.0,165952.0,4100.0,4110.0,4012.0,4092.6,24876600,4501.8,3683.4,4440.0,3288.1,4024.7,3,1,4024.5,2,1,4024.3,40,3,4024.2,27,1,4024.1,59,3,4025.2,2,1,4025.7,6,1,4026.2,45,1,4026.3,83,4,4026.4,21,2
11483,2026-07-02 12:42:56+05:30,4024.7,3,4039.96,1202421,147070.0,165952.0,4100.0,4110.0,4012.0,4092.6,24876600,4501.8,3683.4,4440.0,3288.1,4024.7,3,1,4024.5,2,1,4024.3,40,3,4024.2,27,1,4024.1,59,3,4025.2,2,1,4025.7,6,1,4026.2,45,1,4026.3,83,4,4026.4,21,2
11483,2026-07-02 12:42:56+05:30,4024.7,1,4039.96,1202426,146299.0,166107.0,4100.0,4110.0,4012.0,4092.6,24876600,4501.8,3683.4,4440.0,3288.1,4024.5,2,1,4024.3,1,1,4024.1,1,1,4024.0,290,30,4023.9,38,1,4024.7,2,1,4025.2,2,1,4025.6,4,1,4025.7,6,1,4025.9,4,2
11483,2026-07-02 12:42:57+05:30,4024.5,1,4039.96,1202426,146299.0,166107.0,4100.0,4110.0,4012.0,4092.6,24876600,4501.8,3683.4,4440.0,3288.1,4024.5,2,1,4024.3,1,1,4024.1,1,1,4024.0,290,30,4023.9,38,1,4024.7,2,1,4025.2,2,1,4025.6,4,1,4025.7,6,1,4025.9,4,2
11483,2026-07-02 12:42:57+05:30,4024.7,2,4039.96,1202429,146627.0,166097.0,4100.0,4110.0,4012.0,4092.6,24876600,4501.8,3683.4,4440.0,3288.1,4024.6,61,1,4024.5,1,1,4024.3,1,1,4024.1,1,1,4024.0,365,32,4024.7,3,2,4025.2,2,1,4025.6,4,1,4025.7,6,1,4025.9,1,1
11483,2026-07-02 12:42:58+05:30,4024.7,2,4039.96,1202429,146627.0,166097.0,4100.0,4110.0,4012.0,4092.6,24876600,4501.8,3683.4,4440.0,3288.1,4024.6,61,1,4024.5,1,1,4024.3,1,1,4024.1,1,1,4024.0,365,32,4024.7,3,2,4025.2,2,1,4025.6,4,1,4025.7,6,1,4025.9,1,1
11483,2026-07-02 12:42:58+05:30,4024.7,2,4039.96,1202429,146627.0,166097.0,4100.0,4110.0,4012.0,4092.6,24876600,4501.8,3683.4,4440.0,3288.1,4024.6,61,1,4024.5,1,1,4024.3,1,1,4024.1,1,1,4024.0,365,32,4024.7,3,2,4025.2,2,1,4025.6,4,1,4025.7,6,1,4025.9,1,1
11483,2026-07-02 12:42:58+05:30,4027.3,6,4039.94,1203429,148463.0,163349.0,4100.0,4110.0,4012.0,4092.6,24876600,4501.8,3683.4,4440.0,3288.1,4027.3,278,1,4026.1,3,1,4026.0,633,1,4025.9,18,2,4025.6,6,1,4027.9,24,2,4028.0,43,6,4028.1,10,1,4028.2,26,4,4028.3,20,2
11483,2026-07-02 12:42:59+05:30,4027.2,14,4039.94,1203429,148463.0,163349.0,4100.0,4110.0,4012.0,4092.6,24876600,4501.8,3683.4,4440.0,3288.1,4027.3,278,1,4026.1,3,1,4026.0,633,1,4025.9,18,2,4025.6,6,1,4027.9,24,2,4028.0,43,6,4028.1,10,1,4028.2,26,4,4028.3,20,2
11483,2026-07-02 12:42:59+05:30,4027.2,14,4039.94,1203429,148463.0,163349.0,4100.0,4110.0,4012.0,4092.6,24876600,4501.8,3683.4,4440.0,3288.1,4027.3,278,1,4026.1,3,1,4026.0,633,1,4025.9,18,2,4025.6,6,1,4027.9,24,2,4028.0,43,6,4028.1,10,1,4028.2,26,4,4028.3,20,2
11483,2026-07-02 12:42:59+05:30,4027.9,12,4039.92,1205385,147852.0,164171.0,4100.0,4110.0,4012.0,4092.6,24876600,4501.8,3683.4,4440.0,3288.1,4025.9,136,1,4025.8,105,8,4025.6,12,1,4025.5,32,3,4025.4,44,5,4027.3,75,3,4027.4,9,1,4027.6,35,2,4027.7,76,4,4027.8,39,4
11483,2026-07-02 12:43:00+05:30,4027.9,12,4039.92,1205385,147852.0,164171.0,4100.0,4110.0,4012.0,4092.6,24876600,4501.8,3683.4,4440.0,3288.1,4025.9,136,1,4025.8,105,8,4025.6,12,1,4025.5,32,3,4025.4,44,5,4027.3,75,3,4027.4,9,1,4027.6,35,2,4027.7,76,4,4027.8,39,4
11483,2026-07-02 12:43:00+05:30,4025.9,8,4039.92,1205385,147852.0,164171.0,4100.0,4110.0,4012.0,4092.6,24876600,4501.8,3683.4,4440.0,3288.1,4025.9,136,1,4025.8,105,8,4025.6,12,1,4025.5,32,3,4025.4,44,5,4027.3,75,3,4027.4,9,1,4027.6,35,2,4027.7,76,4,4027.8,39,4
11483,2026-07-02 12:43:00+05:30,4025.9,8,4039.92,1205385,147852.0,164171.0,4100.0,4110.0,4012.0,4092.6,24876600,4501.8,3683.4,4440.0,3288.1,4025.9,136,1,4025.8,105,8,4025.6,12,1,4025.5,32,3,4025.4,44,5,4027.3,75,3,4027.4,9,1,4027.6,35,2,4027.7,76,4,4027.8,39,4
11483,2026-07-02 12:43:00+05:30,4026.4,1,4039.92,1205742,147170.0,164950.0,4100.0,4110.0,4012.0,4092.6,24876600,4501.8,3683.4,4440.0,3288.1,4026.4,1,1,4025.3,100,1,4025.2,10,3,4025.0,13,1,4024.8,6,1,4026.9,23,3,4027.0,73,3,4027.1,120,6,4027.2,82,5,4027.3,76,5
11483,2026-07-02 12:43:01+05:30,4026.4,1,4039.92,1205742,147170.0,164950.0,4100.0,4110.0,4012.0,4092.6,24876600,4501.8,3683.4,4440.0,3288.1,4026.4,1,1,4025.3,100,1,4025.2,10,3,4025.0,13,1,4024.8,6,1,4026.9,23,3,4027.0,73,3,4027.1,120,6,4027.2,82,5,4027.3,76,5
11483,2026-07-02 12:43:01+05:30,4026.4,1,4039.92,1205742,147170.0,164950.0,4100.0,4110.0,4012.0,4092.6,24876600,4501.8,3683.4,4440.0,3288.1,4026.4,1,1,4025.3,100,1,4025.2,10,3,4025.0,13,1,4024.8,6,1,4026.9,23,3,4027.0,73,3,4027.1,120,6,4027.2,82,5,4027.3,76,5
11483,2026-07-02 12:43:01+05:30,4026.4,1,4039.92,1205742,147170.0,164950.0,4100.0,4110.0,4012.0,4092.6,24876600,4501.8,3683.4,4440.0,3288.1,4026.4,1,1,4025.3,100,1,4025.2,10,3,4025.0,13,1,4024.8,6,1,4026.9,23,3,4027.0,73,3,4027.1,120,6,4027.2,82,5,4027.3,76,5
11483,2026-07-02 12:43:01+05:30,4025.0,25,4039.91,1206165,146970.0,165169.0,4100.0,4110.0,4012.0,4092.6,24876600,4501.8,3683.4,4440.0,3288.1,4025.8,80,6,4025.7,2,1,4025.5,18,2,4025.4,15,1,4025.3,30,2,4026.4,2,2,4026.8,30,1,4026.9,33,4,4027.0,55,3,4027.1,81,5
11483,2026-07-02 12:43:01+05:30,4025.0,25,4039.91,1206165,146970.0,165169.0,4100.0,4110.0,4012.0,4092.6,24876600,4501.8,3683.4,4440.0,3288.1,4025.8,80,6,4025.7,2,1,4025.5,18,2,4025.4,15,1,4025.3,30,2,4026.4,2,2,4026.8,30,1,4026.9,33,4,4027.0,55,3,4027.1,81,5
11483,2026-07-02 12:43:02+05:30,4025.0,3,4039.91,1206165,146970.0,165169.0,4100.0,4110.0,4012.0,4092.6,24876600,4501.8,3683.4,4440.0,3288.1,4025.8,80,6,4025.7,2,1,4025.5,18,2,4025.4,15,1,4025.3,30,2,4026.4,2,2,4026.8,30,1,4026.9,33,4,4027.0,55,3,4027.1,81,5
11483,2026-07-02 12:43:02+05:30,4025.0,3,4039.91,1206165,146970.0,165169.0,4100.0,4110.0,4012.0,4092.6,24876600,4501.8,3683.4,4440.0,3288.1,4025.8,80,6,4025.7,2,1,4025.5,18,2,4025.4,15,1,4025.3,30,2,4026.4,2,2,4026.8,30,1,4026.9,33,4,4027.0,55,3,4027.1,81,5
11483,2026-07-02 12:43:02+05:30,4025.0,3,4039.91,1206165,146970.0,165169.0,4100.0,4110.0,4012.0,4092.6,24887975,4501.8,3683.4,4440.0,3288.1,4025.8,80,6,4025.7,2,1,4025.5,18,2,4025.4,15,1,4025.3,30,2,4026.4,2,2,4026.8,30,1,4026.9,33,4,4027.0,55,3,4027.1,81,5
11483,2026-07-02 12:43:02+05:30,4026.4,14,4039.91,1206501,146973.0,165180.0,4100.0,4110.0,4012.0,4092.6,24887975,4501.8,3683.4,4440.0,3288.1,4025.6,10,1,4025.5,11,2,4025.4,3,1,4025.3,10,2,4025.2,10,2,4026.4,5,1,4026.9,35,4,4027.0,13,1,4027.1,42,3,4027.2,102,3
11483,2026-07-02 12:43:02+05:30,4026.4,14,4039.91,1206501,146973.0,165180.0,4100.0,4110.0,4012.0,4092.6,24887975,4501.8,3683.4,4440.0,3288.1,4025.6,10,1,4025.5,11,2,4025.4,3,1,4025.3,10,2,4025.2,10,2,4026.4,5,1,4026.9,35,4,4027.0,13,1,4027.1,42,3,4027.2,102,3
11483,2026-07-02 12:43:03+05:30,4025.6,10,4039.91,1206501,146973.0,165180.0,4100.0,4110.0,4012.0,4092.6,24887975,4501.8,3683.4,4440.0,3288.1,4025.6,10,1,4025.5,11,2,4025.4,3,1,4025.3,10,2,4025.2,10,2,4026.4,5,1,4026.9,35,4,4027.0,13,1,4027.1,42,3,4027.2,102,3
11483,2026-07-02 12:43:03+05:30,4025.6,10,4039.91,1206501,146973.0,165180.0,4100.0,4110.0,4012.0,4092.6,24887975,4501.8,3683.4,4440.0,3288.1,4025.6,10,1,4025.5,11,2,4025.4,3,1,4025.3,10,2,4025.2,10,2,4026.4,5,1,4026.9,35,4,4027.0,13,1,4027.1,42,3,4027.2,102,3
11483,2026-07-02 12:43:03+05:30,4025.8,3,4039.91,1206649,147358.0,165073.0,4100.0,4110.0,4012.0,4092.6,24887975,4501.8,3683.4,4440.0,3288.1,4025.8,105,8,4025.7,2,1,4025.5,12,1,4025.4,8,1,4025.3,7,1,4027.0,15,1,4027.1,30,2,4027.2,89,2,4027.3,83,6,4027.4,52,3
11483,2026-07-02 12:43:04+05:30,4025.0,30,4039.91,1206649,147358.0,165073.0,4100.0,4110.0,4012.0,4092.6,24887975,4501.8,3683.4,4440.0,3288.1,4025.8,105,8,4025.7,2,1,4025.5,12,1,4025.4,8,1,4025.3,7,1,4027.0,15,1,4027.1,30,2,4027.2,89,2,4027.3,83,6,4027.4,52,3
11483,2026-07-02 12:43:04+05:30,4025.0,30,4039.91,1206649,147358.0,165073.0,4100.0,4110.0,4012.0,4092.6,24887975,4501.8,3683.4,4440.0,3288.1,4025.8,105,8,4025.7,2,1,4025.5,12,1,4025.4,8,1,4025.3,7,1,4027.0,15,1,4027.1,30,2,4027.2,89,2,4027.3,83,6,4027.4,52,3
11483,2026-07-02 12:43:04+05:30,4025.8,2,4039.9,1206991,147240.0,165169.0,4100.0,4110.0,4012.0,4092.6,24887975,4501.8,3683.4,4440.0,3288.1,4025.8,80,6,4025.7,2,1,4025.1,8,1,4025.0,15,1,4024.9,4,1,4026.8,33,2,4026.9,14,3,4027.0,55,5,4027.1,41,4,4027.2,89,2
11483,2026-07-02 12:43:05+05:30,4025.8,11,4039.9,1206991,147240.0,165169.0,4100.0,4110.0,4012.0,4092.6,24887975,4501.8,3683.4,4440.0,3288.1,4025.8,80,6,4025.7,2,1,4025.1,8,1,4025.0,15,1,4024.9,4,1,4026.8,33,2,4026.9,14,3,4027.0,55,5,4027.1,41,4,4027.2,89,2
11483,2026-07-02 12:43:05+05:30,4025.8,11,4039.9,1207032,147721.0,165388.0,4100.0,4110.0,4012.0,4092.6,24887975,4501.8,3683.4,4440.0,3288.1,4025.7,2,1,4025.6,15,1,4025.0,32,1,4024.8,59,3,4024.7,24,3,4025.8,1,1,4026.8,35,3,4026.9,22,3,4027.0,34,3,4027.1,36,3
11483,2026-07-02 12:43:06+05:30,4025.0,10,4039.9,1207032,147721.0,165388.0,4100.0,4110.0,4012.0,4092.6,24887975,4501.8,3683.4,4440.0,3288.1,4025.7,2,1,4025.6,15,1,4025.0,32,1,4024.8,59,3,4024.7,24,3,4025.8,1,1,4026.8,35,3,4026.9,22,3,4027.0,34,3,4027.1,36,3
11483,2026-07-02 12:43:06+05:30,4026.5,8,4039.9,1207066,147350.0,165450.0,4100.0,4110.0,4012.0,4092.6,24887975,4501.8,3683.4,4440.0,3288.1,4025.0,21,2,4024.8,96,7,4024.7,7,2,4024.6,8,2,4024.5,37,3,4026.4,13,1,4026.5,19,2,4026.6,39,3,4026.7,87,5,4026.8,37,3
11483,2026-07-02 12:43:07+05:30,4025.8,3,4039.9,1207066,147350.0,165450.0,4100.0,4110.0,4012.0,4092.6,24887975,4501.8,3683.4,4440.0,3288.1,4025.0,21,2,4024.8,96,7,4024.7,7,2,4024.6,8,2,4024.5,37,3,4026.4,13,1,4026.5,19,2,4026.6,39,3,4026.7,87,5,4026.8,37,3
11483,2026-07-02 12:43:07+05:30,4025.8,7,4039.9,1207114,147430.0,165539.0,4100.0,4110.0,4012.0,4092.6,24887975,4501.8,3683.4,4440.0,3288.1,4025.8,120,9,4025.7,2,1,4025.0,17,2,4024.8,6,1,4024.7,15,2,4026.4,1,1,4026.7,58,2,4026.8,33,2,4026.9,3,2,4027.0,62,6
11483,2026-07-02 12:43:08+05:30,4025.8,5,4039.9,1207114,147430.0,165539.0,4100.0,4110.0,4012.0,4092.6,24887975,4501.8,3683.4,4440.0,3288.1,4025.8,120,9,4025.7,2,1,4025.0,17,2,4024.8,6,1,4024.7,15,2,4026.4,1,1,4026.7,58,2,4026.8,33,2,4026.9,3,2,4027.0,62,6
11483,2026-07-02 12:43:08+05:30,4026.1,1,4039.9,1207381,147206.0,165378.0,4100.0,4110.0,4012.0,4092.6,24887975,4501.8,3683.4,4440.0,3288.1,4025.0,8,1,4024.8,6,1,4024.7,2,1,4024.6,8,2,4024.5,37,3,4026.6,58,5,4026.7,47,5,4026.8,75,6,4026.9,32,3,4027.0,54,4
11483,2026-07-02 12:43:09+05:30,4026.5,2,4039.9,1207381,147206.0,165378.0,4100.0,4110.0,4012.0,4092.6,24887975,4501.8,3683.4,4440.0,3288.1,4025.0,8,1,4024.8,6,1,4024.7,2,1,4024.6,8,2,4024.5,37,3,4026.6,58,5,4026.7,47,5,4026.8,75,6,4026.9,32,3,4027.0,54,4
11483,2026-07-02 12:43:09+05:30,4025.8,58,4039.89,1207790,147485.0,165285.0,4100.0,4110.0,4012.0,4092.6,24887975,4501.8,3683.4,4440.0,3288.1,4025.8,182,9,4025.7,2,1,4025.5,14,2,4025.3,15,1,4025.2,16,2,4026.8,19,1,4026.9,64,4,4027.0,42,2,4027.1,46,4,4027.2,111,4
11483,2026-07-02 12:43:10+05:30,4025.8,3,4039.89,1207790,147485.0,165285.0,4100.0,4110.0,4012.0,4092.6,24887975,4501.8,3683.4,4440.0,3288.1,4025.8,182,9,4025.7,2,1,4025.5,14,2,4025.3,15,1,4025.2,16,2,4026.8,19,1,4026.9,64,4,4027.0,42,2,4027.1,46,4,4027.2,111,4
11483,2026-07-02 12:43:10+05:30,4025.8,15,4039.89,1208067,146639.0,165987.0,4100.0,4110.0,4012.0,4092.6,24887975,4501.8,3683.4,4440.0,3288.1,4024.7,2,1,4024.6,1,1,4024.5,16,2,4024.4,20,1,4024.3,1,1,4025.8,3,1,4026.0,58,6,4026.1,69,3,4026.2,42,4,4026.3,88,4
11483,2026-07-02 12:43:11+05:30,4024.7,2,4039.89,1208067,146639.0,165987.0,4100.0,4110.0,4012.0,4092.6,24887975,4501.8,3683.4,4440.0,3288.1,4024.7,2,1,4024.6,1,1,4024.5,16,2,4024.4,20,1,4024.3,1,1,4025.8,3,1,4026.0,58,6,4026.1,69,3,4026.2,42,4,4026.3,88,4
11483,2026-07-02 12:43:11+05:30,4024.5,1,4039.89,1208075,146537.0,166098.0,4100.0,4110.0,4012.0,4092.6,24887975,4501.8,3683.4,4440.0,3288.1,4024.5,15,1,4024.3,1,1,4024.1,31,2,4024.0,282,30,4023.9,38,1,4024.7,13,3,4025.8,4,2,4025.9,16,1,4026.0,81,3,4026.1,35,4
11483,2026-07-02 12:43:12+05:30,4024.6,2,4039.89,1208075,146537.0,166098.0,4100.0,4110.0,4012.0,4092.6,24887975,4501.8,3683.4,4440.0,3288.1,4024.5,15,1,4024.3,1,1,4024.1,31,2,4024.0,282,30,4023.9,38,1,4024.7,13,3,4025.8,4,2,4025.9,16,1,4026.0,81,3,4026.1,35,4
11483,2026-07-02 12:43:12+05:30,4024.7,5,4039.89,1208091,146643.0,166245.0,4100.0,4110.0,4012.0,4092.6,24887975,4501.8,3683.4,4440.0,3288.1,4024.3,1,1,4024.1,43,4,4024.0,332,33,4023.9,38,1,4023.8,15,1,4024.7,8,3,4025.8,30,2,4025.9,16,1,4026.0,33,2,4026.1,35,4
11483,2026-07-02 12:43:13+05:30,4024.7,1,4039.89,1208091,146643.0,166245.0,4100.0,4110.0,4012.0,4092.6,24887975,4501.8,3683.4,4440.0,3288.1,4024.3,1,1,4024.1,43,4,4024.0,332,33,4023.9,38,1,4023.8,15,1,4024.7,8,3,4025.8,30,2,4025.9,16,1,4026.0,33,2,4026.1,35,4
11483,2026-07-02 12:43:13+05:30,4024.1,1,4039.89,1208100,146382.0,166055.0,4100.0,4110.0,4012.0,4092.6,24887975,4501.8,3683.4,4440.0,3288.1,4024.0,334,34,4023.9,38,1,4023.7,30,1,4023.5,5,1,4023.4,22,1,4024.3,1,1,4024.7,12,3,4025.5,24,1,4025.6,97,3,4025.7,64,3
11483,2026-07-02 12:43:14+05:30,4024.0,1,4039.89,1208100,146382.0,166055.0,4100.0,4110.0,4012.0,4092.6,24887975,4501.8,3683.4,4440.0,3288.1,4024.0,334,34,4023.9,38,1,4023.7,30,1,4023.5,5,1,4023.4,22,1,4024.3,1,1,4024.7,12,3,4025.5,24,1,4025.6,97,3,4025.7,64,3
11483,2026-07-02 12:43:14+05:30,4024.3,4,4039.89,1208109,146319.0,166210.0,4100.0,4110.0,4012.0,4092.6,24887975,4501.8,3683.4,4440.0,3288.1,4024.0,329,33,4023.9,40,2,4023.5,5,1,4023.3,157,3,4023.2,4,1,4024.7,12,3,4025.0,42,1,4025.3,4,1,4025.4,22,2,4025.5,13,1
11483,2026-07-02 12:43:15+05:30,4024.0,3,4039.89,1208109,146319.0,166210.0,4100.0,4110.0,4012.0,4092.6,24887975,4501.8,3683.4,4440.0,3288.1,4024.0,329,33,4023.9,40,2,4023.5,5,1,4023.3,157,3,4023.2,4,1,4024.7,12,3,4025.0,42,1,4025.3,4,1,4025.4,22,2,4025.5,13,1
11483,2026-07-02 12:43:15+05:30,4024.7,3,4039.89,1208121,146182.0,166295.0,4100.0,4110.0,4012.0,4092.6,24887975,4501.8,3683.4,4440.0,3288.1,4024.0,523,34,4023.9,38,1,4023.5,5,1,4023.4,12,1,4023.3,154,2,4024.7,11,4,4024.9,17,1,4025.0,42,1,4025.3,4,1,4025.4,22,2
11483,2026-07-02 12:43:16+05:30,4024.0,2,4039.89,1208121,146182.0,166295.0,4100.0,4110.0,4012.0,4092.6,24887975,4501.8,3683.4,4440.0,3288.1,4024.0,523,34,4023.9,38,1,4023.5,5,1,4023.4,12,1,4023.3,154,2,4024.7,11,4,4024.9,17,1,4025.0,42,1,4025.3,4,1,4025.4,22,2
11483,2026-07-02 12:43:16+05:30,4024.0,2,4039.89,1208128,146174.0,166392.0,4100.0,4110.0,4012.0,4092.6,24887975,4501.8,3683.4,4440.0,3288.1,4024.0,504,33,4023.9,38,1,4023.5,5,1,4023.4,12,1,4023.3,154,2,4024.7,11,4,4024.9,17,1,4025.0,42,1,4025.3,6,1,4025.4,34,3
11483,2026-07-02 12:43:17+05:30,4024.0,1,4039.89,1208128,146174.0,166392.0,4100.0,4110.0,4012.0,4092.6,24887975,4501.8,3683.4,4440.0,3288.1,4024.0,504,33,4023.9,38,1,4023.5,5,1,4023.4,12,1,4023.3,154,2,4024.7,11,4,4024.9,17,1,4025.0,42,1,4025.3,6,1,4025.4,34,3
11483,2026-07-02 12:43:17+05:30,4024.0,1,4039.89,1208139,146158.0,166373.0,4100.0,4110.0,4012.0,4092.6,24887975,4501.8,3683.4,4440.0,3288.1,4024.0,522,34,4023.9,38,1,4023.5,5,1,4023.4,12,1,4023.3,154,2,4024.7,10,4,4024.9,17,1,4025.0,42,1,4025.3,6,1,4025.4,22,2
11483,2026-07-02 12:43:18+05:30,4024.0,1,4039.89,1208139,146158.0,166373.0,4100.0,4110.0,4012.0,4092.6,24887975,4501.8,3683.4,4440.0,3288.1,4024.0,522,34,4023.9,38,1,4023.5,5,1,4023.4,12,1,4023.3,154,2,4024.7,10,4,4024.9,17,1,4025.0,42,1,4025.3,6,1,4025.4,22,2
11483,2026-07-02 12:43:18+05:30,4024.0,2,4039.89,1208148,143574.0,166353.0,4100.0,4110.0,4012.0,4092.6,24887975,4501.8,3683.4,4440.0,3288.1,4024.0,513,33,4023.9,38,1,4023.6,50,3,4023.5,5,1,4023.4,12,1,4024.7,10,4,4024.9,17,1,4025.0,42,1,4025.3,7,1,4025.4,22,2
11483,2026-07-02 12:43:19+05:30,4024.7,4,4039.89,1208148,143574.0,166353.0,4100.0,4110.0,4012.0,4092.6,24887975,4501.8,3683.4,4440.0,3288.1,4024.0,513,33,4023.9,38,1,4023.6,50,3,4023.5,5,1,4023.4,12,1,4024.7,10,4,4024.9,17,1,4025.0,42,1,4025.3,7,1,4025.4,22,2
11483,2026-07-02 12:43:20+05:30,4024.0,3,4039.89,1208148,143574.0,166353.0,4100.0,4110.0,4012.0,4092.6,24887975,4501.8,3683.4,4440.0,3288.1,4024.0,513,33,4023.9,38,1,4023.6,50,3,4023.5,5,1,4023.4,12,1,4024.7,10,4,4024.9,17,1,4025.0,42,1,4025.3,7,1,4025.4,22,2
11483,2026-07-02 12:43:20+05:30,4024.0,3,4039.89,1208213,145130.0,166004.0,4100.0,4110.0,4012.0,4092.6,24887975,4501.8,3683.4,4440.0,3288.1,4024.0,518,34,4023.9,48,2,4023.7,17,1,4023.6,92,5,4023.5,5,1,4024.7,10,2,4025.0,42,1,4025.4,5,1,4025.6,251,1,4025.7,42,2
11483,2026-07-02 12:43:21+05:30,4024.0,3,4039.89,1208213,145130.0,166004.0,4100.0,4110.0,4012.0,4092.6,24887975,4501.8,3683.4,4440.0,3288.1,4024.0,518,34,4023.9,48,2,4023.7,17,1,4023.6,92,5,4023.5,5,1,4024.7,10,2,4025.0,42,1,4025.4,5,1,4025.6,251,1,4025.7,42,2
11483,2026-07-02 12:43:21+05:30,4024.0,3,4039.89,1208402,144548.0,166489.0,4100.0,4110.0,4012.0,4092.6,24887975,4501.8,3683.4,4440.0,3288.1,4024.0,315,12,4023.9,38,1,4023.6,40,2,4023.5,5,1,4023.4,22,2,4024.7,10,2,4024.8,17,1,4025.0,42,1,4025.1,20,3,4025.4,62,5
11483,2026-07-02 12:43:22+05:30,4024.0,2,4039.89,1208402,144548.0,166489.0,4100.0,4110.0,4012.0,4092.6,24887975,4501.8,3683.4,4440.0,3288.1,4024.0,315,12,4023.9,38,1,4023.6,40,2,4023.5,5,1,4023.4,22,2,4024.7,10,2,4024.8,17,1,4025.0,42,1,4025.1,20,3,4025.4,62,5
11483,2026-07-02 12:43:22+05:30,4024.0,2,4039.89,1208430,144676.0,166785.0,4100.0,4110.0,4012.0,4092.6,24887975,4501.8,3683.4,4440.0,3288.1,4024.3,1,1,4024.0,288,10,4023.9,38,1,4023.5,5,1,4023.4,12,1,4024.7,19,4,4025.0,51,2,4025.1,20,3,4025.2,11,1,4025.3,3,1
11483,2026-07-02 12:43:23+05:30,4024.0,2,4039.89,1208430,144676.0,166785.0,4100.0,4110.0,4012.0,4092.6,24887975,4501.8,3683.4,4440.0,3288.1,4024.3,1,1,4024.0,288,10,4023.9,38,1,4023.5,5,1,4023.4,12,1,4024.7,19,4,4025.0,51,2,4025.1,20,3,4025.2,11,1,4025.3,3,1
11483,2026-07-02 12:43:23+05:30,4024.0,2,4039.89,1208437,144623.0,166875.0,4100.0,4110.0,4012.0,4092.6,24887975,4501.8,3683.4,4440.0,3288.1,4024.0,279,9,4023.9,38,1,4023.8,5,1,4023.6,15,1,4023.5,5,1,4024.3,9,4,4024.7,14,4,4024.8,17,1,4025.0,42,1,4025.1,21,4
11483,2026-07-02 12:43:24+05:30,4024.3,1,4039.89,1208437,144623.0,166875.0,4100.0,4110.0,4012.0,4092.6,24887975,4501.8,3683.4,4440.0,3288.1,4024.0,279,9,4023.9,38,1,4023.8,5,1,4023.6,15,1,4023.5,5,1,4024.3,9,4,4024.7,14,4,4024.8,17,1,4025.0,42,1,4025.1,21,4
11483,2026-07-02 12:43:24+05:30,4024.0,2,4039.89,1208466,144614.0,166652.0,4100.0,4110.0,4012.0,4092.6,24887975,4501.8,3683.4,4440.0,3288.1,4024.0,258,7,4023.9,38,1,4023.8,5,1,4023.6,15,1,4023.5,5,1,4024.3,10,3,4024.7,64,5,4024.8,17,1,4024.9,35,2,4025.0,242,3
11483,2026-07-02 12:43:25+05:30,4024.0,2,4039.89,1208466,144614.0,166652.0,4100.0,4110.0,4012.0,4092.6,24887975,4501.8,3683.4,4440.0,3288.1,4024.0,258,7,4023.9,38,1,4023.8,5,1,4023.6,15,1,4023.5,5,1,4024.3,10,3,4024.7,64,5,4024.8,17,1,4024.9,35,2,4025.0,242,3
11483,2026-07-02 12:43:25+05:30,4024.0,2,4039.89,1208506,144577.0,166769.0,4100.0,4110.0,4012.0,4092.6,24887975,4501.8,3683.4,4440.0,3288.1,4024.1,8,1,4024.0,250,6,4023.9,38,1,4023.8,5,1,4023.6,15,1,4024.3,11,3,4024.4,5,1,4024.6,8,1,4024.7,50,4,4024.8,17,1
11483,2026-07-02 12:43:26+05:30,4024.1,2,4039.89,1208506,144577.0,166769.0,4100.0,4110.0,4012.0,4092.6,24887975,4501.8,3683.4,4440.0,3288.1,4024.1,8,1,4024.0,250,6,4023.9,38,1,4023.8,5,1,4023.6,15,1,4024.3,11,3,4024.4,5,1,4024.6,8,1,4024.7,50,4,4024.8,17,1
11483,2026-07-02 12:43:26+05:30,4024.3,3,4039.89,1208529,144537.0,166540.0,4100.0,4110.0,4012.0,4092.6,24887975,4501.8,3683.4,4440.0,3288.1,4024.1,8,1,4024.0,253,7,4023.9,38,1,4023.8,5,1,4023.6,15,1,4024.3,3,1,4024.7,21,3,4024.9,54,3,4025.0,242,3,4025.1,21,2
11483,2026-07-02 12:43:27+05:30,4024.1,2,4039.89,1208529,144537.0,166540.0,4100.0,4110.0,4012.0,4092.6,24887975,4501.8,3683.4,4440.0,3288.1,4024.1,8,1,4024.0,253,7,4023.9,38,1,4023.8,5,1,4023.6,15,1,4024.3,3,1,4024.7,21,3,4024.9,54,3,4025.0,242,3,4025.1,21,2
11483,2026-07-02 12:43:27+05:30,4024.1,2,4039.89,1208536,144525.0,166584.0,4100.0,4110.0,4012.0,4092.6,24887975,4501.8,3683.4,4440.0,3288.1,4024.1,1,1,4024.0,253,7,4023.9,38,1,4023.8,5,1,4023.6,15,1,4024.3,3,1,4024.7,20,2,4024.9,54,3,4025.0,242,3,4025.1,58,3
11483,2026-07-02 12:43:28+05:30,4024.1,2,4039.89,1208536,144525.0,166584.0,4100.0,4110.0,4012.0,4092.6,24887975,4501.8,3683.4,4440.0,3288.1,4024.1,1,1,4024.0,253,7,4023.9,38,1,4023.8,5,1,4023.6,15,1,4024.3,3,1,4024.7,20,2,4024.9,54,3,4025.0,242,3,4025.1,58,3
11483,2026-07-02 12:43:28+05:30,4024.3,7,4039.88,1208568,144485.0,166615.0,4100.0,4110.0,4012.0,4092.6,24887975,4501.8,3683.4,4440.0,3288.1,4024.3,1,1,4024.0,253,7,4023.9,38,1,4023.8,5,1,4023.5,5,1,4024.7,37,6,4024.9,54,3,4025.0,263,4,4025.1,41,3,4025.2,25,2
11483,2026-07-02 12:43:29+05:30,4024.3,2,4039.88,1208568,144485.0,166615.0,4100.0,4110.0,4012.0,4092.6,24887975,4501.8,3683.4,4440.0,3288.1,4024.3,1,1,4024.0,253,7,4023.9,38,1,4023.8,5,1,4023.5,5,1,4024.7,37,6,4024.9,54,3,4025.0,263,4,4025.1,41,3,4025.2,25,2
11483,2026-07-02 12:43:29+05:30,4024.7,1,4039.88,1208606,145544.0,166832.0,4100.0,4110.0,4012.0,4092.6,24887975,4501.8,3683.4,4440.0,3288.1,4024.3,3,1,4024.0,263,8,4023.9,38,1,4023.8,5,1,4023.5,5,1,4024.7,40,7,4024.9,54,3,4025.0,233,3,4025.1,69,4,4025.2,63,2
11483,2026-07-02 12:43:30+05:30,4024.0,2,4039.88,1208606,145544.0,166832.0,4100.0,4110.0,4012.0,4092.6,24887975,4501.8,3683.4,4440.0,3288.1,4024.3,3,1,4024.0,263,8,4023.9,38,1,4023.8,5,1,4023.5,5,1,4024.7,40,7,4024.9,54,3,4025.0,233,3,4025.1,69,4,4025.2,63,2
11483,2026-07-02 12:43:30+05:30,4024.0,2,4039.88,1208652,145818.0,166778.0,4100.0,4110.0,4012.0,4092.6,24887975,4501.8,3683.4,4440.0,3288.1,4024.0,241,7,4023.9,38,1,4023.8,5,1,4023.5,5,1,4023.3,124,1,4024.3,9,3,4024.5,6,1,4024.7,15,4,4024.8,17,1,4024.9,54,3
11483,2026-07-02 12:43:31+05:30,4024.3,3,4039.88,1208652,145818.0,166778.0,4100.0,4110.0,4012.0,4092.6,24887975,4501.8,3683.4,4440.0,3288.1,4024.0,241,7,4023.9,38,1,4023.8,5,1,4023.5,5,1,4023.3,124,1,4024.3,9,3,4024.5,6,1,4024.7,15,4,4024.8,17,1,4024.9,54,3
11483,2026-07-02 12:43:31+05:30,4024.0,2,4039.88,1208668,145850.0,166750.0,4100.0,4110.0,4012.0,4092.6,24887975,4501.8,3683.4,4440.0,3288.1,4024.0,231,7,4023.9,38,1,4023.8,5,1,4023.5,20,2,4023.3,124,1,4024.3,42,2,4024.5,6,1,4024.7,15,4,4024.8,17,1,4024.9,54,3
11483,2026-07-02 12:43:32+05:30,4024.0,11,4039.88,1208668,145850.0,166750.0,4100.0,4110.0,4012.0,4092.6,24887975,4501.8,3683.4,4440.0,3288.1,4024.0,231,7,4023.9,38,1,4023.8,5,1,4023.5,20,2,4023.3,124,1,4024.3,42,2,4024.5,6,1,4024.7,15,4,4024.8,17,1,4024.9,54,3
11483,2026-07-02 12:43:32+05:30,4023.8,1,4039.88,1209005,144941.0,166904.0,4100.0,4110.0,4012.0,4092.6,24887975,4501.8,3683.4,4440.0,3288.1,4023.8,1,1,4023.5,5,1,4023.4,15,1,4023.1,1,1,4023.0,611,21,4024.0,37,6,4024.2,12,3,4024.3,49,5,4024.5,57,3,4024.6,11,2
11483,2026-07-02 12:43:33+05:30,4023.0,81,4039.88,1209005,144941.0,166904.0,4100.0,4110.0,4012.0,4092.6,24887975,4501.8,3683.4,4440.0,3288.1,4023.8,1,1,4023.5,5,1,4023.4,15,1,4023.1,1,1,4023.0,611,21,4024.0,37,6,4024.2,12,3,4024.3,49,5,4024.5,57,3,4024.6,11,2
11483,2026-07-02 12:43:33+05:30,4023.0,2,4039.88,1209278,144616.0,167153.0,4100.0,4110.0,4012.0,4092.6,24887975,4501.8,3683.4,4440.0,3288.1,4023.0,453,11,4022.6,7,2,4022.5,14,2,4022.4,38,3,4022.3,6,1,4024.1,40,5,4024.2,62,7,4024.3,45,4,4024.5,50,4,4024.6,10,2
11483,2026-07-02 12:43:34+05:30,4023.4,1,4039.88,1209278,144616.0,167153.0,4100.0,4110.0,4012.0,4092.6,24887975,4501.8,3683.4,4440.0,3288.1,4023.0,453,11,4022.6,7,2,4022.5,14,2,4022.4,38,3,4022.3,6,1,4024.1,40,5,4024.2,62,7,4024.3,45,4,4024.5,50,4,4024.6,10,2
11483,2026-07-02 12:43:34+05:30,4023.4,2,4039.87,1209320,144947.0,167282.0,4100.0,4110.0,4012.0,4092.6,24887975,4501.8,3683.4,4440.0,3288.1,4023.4,2,1,4023.0,427,13,4022.9,16,2,4022.8,2,1,4022.6,5,2,4024.1,10,4,4024.2,1,1,4024.3,52,3,4024.4,9,1,4024.5,34,3
11483,2026-07-02 12:43:35+05:30,4023.5,13,4039.87,1209320,144947.0,167282.0,4100.0,4110.0,4012.0,4092.6,24887975,4501.8,3683.4,4440.0,3288.1,4023.4,2,1,4023.0,427,13,4022.9,16,2,4022.8,2,1,4022.6,5,2,4024.1,10,4,4024.2,1,1,4024.3,52,3,4024.4,9,1,4024.5,34,3
11483,2026-07-02 12:43:35+05:30,4023.5,1,4039.87,1209637,145015.0,167535.0,4100.0,4110.0,4012.0,4092.6,24887975,4501.8,3683.4,4440.0,3288.1,4023.5,180,12,4023.4,5,1,4023.0,420,11,4022.7,9,1,4022.6,7,2,4024.1,4,3,4024.3,42,3,4024.4,17,1,4024.5,26,2,4024.6,5,1
11483,2026-07-02 12:43:36+05:30,4023.0,80,4039.87,1209637,145015.0,167535.0,4100.0,4110.0,4012.0,4092.6,24887975,4501.8,3683.4,4440.0,3288.1,4023.5,180,12,4023.4,5,1,4023.0,420,11,4022.7,9,1,4022.6,7,2,4024.1,4,3,4024.3,42,3,4024.4,17,1,4024.5,26,2,4024.6,5,1
11483,2026-07-02 12:43:36+05:30,4023.5,2,4039.87,1209942,144916.0,167422.0,4100.0,4110.0,4012.0,4092.6,24887975,4501.8,3683.4,4440.0,3288.1,4023.5,135,9,4023.0,354,12,4022.6,16,3,4022.5,15,2,4022.4,52,5,4024.1,4,3,4024.3,42,3,4024.5,26,2,4024.6,53,2,4024.7,131,7
11483,2026-07-02 12:43:37+05:30,4024.3,11,4039.87,1209942,144916.0,167422.0,4100.0,4110.0,4012.0,4092.6,24887975,4501.8,3683.4,4440.0,3288.1,4023.5,135,9,4023.0,354,12,4022.6,16,3,4022.5,15,2,4022.4,52,5,4024.1,4,3,4024.3,42,3,4024.5,26,2,4024.6,53,2,4024.7,131,7
11483,2026-07-02 12:43:37+05:30,4023.5,4,4039.87,1210030,144933.0,166990.0,4100.0,4110.0,4012.0,4092.6,24887975,4501.8,3683.4,4440.0,3288.1,4023.5,159,13,4023.0,354,12,4022.8,13,1,4022.6,7,2,4022.5,15,2,4024.3,51,5,4024.4,12,1,4024.5,26,2,4024.6,23,2,4024.7,114,6
11483,2026-07-02 12:43:38+05:30,4024.3,11,4039.87,1210030,144933.0,166990.0,4100.0,4110.0,4012.0,4092.6,24887975,4501.8,3683.4,4440.0,3288.1,4023.5,159,13,4023.0,354,12,4022.8,13,1,4022.6,7,2,4022.5,15,2,4024.3,51,5,4024.4,12,1,4024.5,26,2,4024.6,23,2,4024.7,114,6
11483,2026-07-02 12:43:38+05:30,4023.5,2,4039.86,1210097,144987.0,167034.0,4100.0,4110.0,4012.0,4092.6,24887975,4501.8,3683.4,4440.0,3288.1,4023.5,144,12,4023.0,394,13,4022.8,38,2,4022.7,7,1,4022.6,20,3,4024.3,88,7,4024.4,22,2,4024.5,26,2,4024.6,36,3,4024.7,117,7
11483,2026-07-02 12:43:39+05:30,4024.0,2,4039.86,1210097,144987.0,167034.0,4100.0,4110.0,4012.0,4092.6,24887975,4501.8,3683.4,4440.0,3288.1,4023.5,144,12,4023.0,394,13,4022.8,38,2,4022.7,7,1,4022.6,20,3,4024.3,88,7,4024.4,22,2,4024.5,26,2,4024.6,36,3,4024.7,117,7
11483,2026-07-02 12:43:39+05:30,4023.5,2,4039.86,1210118,144868.0,167345.0,4100.0,4110.0,4012.0,4092.6,24887975,4501.8,3683.4,4440.0,3288.1,4023.5,2,1,4023.0,410,13,4022.6,1,1,4022.5,15,2,4022.4,8,2,4024.0,47,6,4024.1,50,6,4024.2,33,5,4024.3,87,9,4024.4,23,3
11483,2026-07-02 12:43:40+05:30,4023.5,1,4039.86,1210118,144868.0,167345.0,4100.0,4110.0,4012.0,4092.6,24887975,4501.8,3683.4,4440.0,3288.1,4023.5,2,1,4023.0,410,13,4022.6,1,1,4022.5,15,2,4022.4,8,2,4024.0,47,6,4024.1,50,6,4024.2,33,5,4024.3,87,9,4024.4,23,3
11483,2026-07-02 12:43:40+05:30,4023.5,2,4039.86,1210125,144784.0,167224.0,4100.0,4110.0,4012.0,4092.6,24887975,4501.8,3683.4,4440.0,3288.1,4023.5,24,2,4023.0,410,13,4022.6,1,1,4022.5,15,2,4022.4,8,2,4023.8,1,1,4024.0,46,6,4024.1,33,5,4024.2,33,5,4024.3,131,10
11483,2026-07-02 12:43:41+05:30,4023.5,8,4039.86,1210125,144784.0,167224.0,4100.0,4110.0,4012.0,4092.6,24887975,4501.8,3683.4,4440.0,3288.1,4023.5,24,2,4023.0,410,13,4022.6,1,1,4022.5,15,2,4022.4,8,2,4023.8,1,1,4024.0,46,6,4024.1,33,5,4024.2,33,5,4024.3,131,10
11483,2026-07-02 12:43:41+05:30,4023.0,2,4039.86,1210188,144465.0,167604.0,4100.0,4110.0,4012.0,4092.6,24887975,4501.8,3683.4,4440.0,3288.1,4023.0,412,14,4022.6,1,1,4022.5,2,1,4022.4,8,2,4022.3,33,2,4023.5,1,1,4023.8,33,3,4023.9,26,3,4024.0,21,3,4024.1,34,6
11483,2026-07-02 12:43:42+05:30,4023.8,9,4039.86,1210188,144465.0,167604.0,4100.0,4110.0,4012.0,4092.6,24887975,4501.8,3683.4,4440.0,3288.1,4023.0,412,14,4022.6,1,1,4022.5,2,1,4022.4,8,2,4022.3,33,2,4023.5,1,1,4023.8,33,3,4023.9,26,3,4024.0,21,3,4024.1,34,6
11483,2026-07-02 12:43:42+05:30,4023.4,1,4039.86,1210210,144461.0,167841.0,4100.0,4110.0,4012.0,4092.6,24887975,4501.8,3683.4,4440.0,3288.1,4023.4,1,1,4023.0,403,14,4022.6,1,1,4022.5,2,1,4022.4,8,2,4023.5,1,1,4023.7,35,5,4023.8,21,3,4023.9,26,3,4024.0,21,3
11483,2026-07-02 12:43:43+05:30,4023.0,2,4039.86,1210210,144461.0,167841.0,4100.0,4110.0,4012.0,4092.6,24887975,4501.8,3683.4,4440.0,3288.1,4023.4,1,1,4023.0,403,14,4022.6,1,1,4022.5,2,1,4022.4,8,2,4023.5,1,1,4023.7,35,5,4023.8,21,3,4023.9,26,3,4024.0,21,3
11483,2026-07-02 12:43:43+05:30,4023.0,2,4039.86,1210215,144450.0,167593.0,4100.0,4110.0,4012.0,4092.6,24887975,4501.8,3683.4,4440.0,3288.1,4023.0,399,14,4022.6,1,1,4022.5,2,1,4022.4,8,2,4022.3,3,1,4023.4,24,5,4023.5,7,2,4023.7,5,2,4023.8,16,2,4023.9,53,4
11483,2026-07-02 12:43:44+05:30,4023.4,1,4039.86,1210215,144450.0,167593.0,4100.0,4110.0,4012.0,4092.6,24887975,4501.8,3683.4,4440.0,3288.1,4023.0,399,14,4022.6,1,1,4022.5,2,1,4022.4,8,2,4022.3,3,1,4023.4,24,5,4023.5,7,2,4023.7,5,2,4023.8,16,2,4023.9,53,4
11483,2026-07-02 12:43:44+05:30,4023.0,2,4039.86,1210221,144549.0,167663.0,4100.0,4110.0,4012.0,4092.6,24887975,4501.8,3683.4,4440.0,3288.1,4023.0,417,15,4022.6,1,1,4022.5,2,1,4022.4,8,2,4022.3,3,1,4023.4,24,5,4023.5,7,2,4023.6,9,1,4023.7,5,2,4023.8,16,2
11483,2026-07-02 12:43:45+05:30,4023.0,1,4039.86,1210221,144549.0,167663.0,4100.0,4110.0,4012.0,4092.6,24887975,4501.8,3683.4,4440.0,3288.1,4023.0,417,15,4022.6,1,1,4022.5,2,1,4022.4,8,2,4022.3,3,1,4023.4,24,5,4023.5,7,2,4023.6,9,1,4023.7,5,2,4023.8,16,2
11483,2026-07-02 12:43:45+05:30,4023.0,2,4039.86,1210226,144538.0,167614.0,4100.0,4110.0,4012.0,4092.6,24887975,4501.8,3683.4,4440.0,3288.1,4023.0,412,15,4022.6,1,1,4022.5,2,1,4022.4,8,2,4022.3,3,1,4023.4,32,6,4023.5,6,1,4023.6,9,1,4023.7,5,2,4023.8,16,2
11483,2026-07-02 12:43:46+05:30,4023.4,3,4039.86,1210226,144538.0,167614.0,4100.0,4110.0,4012.0,4092.6,24887975,4501.8,3683.4,4440.0,3288.1,4023.0,412,15,4022.6,1,1,4022.5,2,1,4022.4,8,2,4022.3,3,1,4023.4,32,6,4023.5,6,1,4023.6,9,1,4023.7,5,2,4023.8,16,2
11483,2026-07-02 12:43:46+05:30,4023.0,2,4039.86,1210246,144593.0,167645.0,4100.0,4110.0,4012.0,4092.6,24887975,4501.8,3683.4,4440.0,3288.1,4023.0,405,15,4022.6,1,1,4022.5,2,1,4022.4,8,2,4022.3,3,1,4023.4,22,7,4023.5,6,1,4023.6,9,1,4023.7,5,2,4023.8,16,2
11483,2026-07-02 12:43:47+05:30,4023.0,2,4039.86,1210246,144593.0,167645.0,4100.0,4110.0,4012.0,4092.6,24887975,4501.8,3683.4,4440.0,3288.1,4023.0,405,15,4022.6,1,1,4022.5,2,1,4022.4,8,2,4022.3,3,1,4023.4,22,7,4023.5,6,1,4023.6,9,1,4023.7,5,2,4023.8,16,2
11483,2026-07-02 12:43:47+05:30,4023.0,2,4039.86,1210255,144628.0,167637.0,4100.0,4110.0,4012.0,4092.6,24887975,4501.8,3683.4,4440.0,3288.1,4023.0,396,15,4022.6,1,1,4022.5,2,1,4022.4,8,2,4022.3,3,1,4023.4,32,9,4023.5,6,1,4023.6,9,1,4023.7,5,2,4023.8,16,2
11483,2026-07-02 12:43:48+05:30,4023.0,1,4039.86,1210255,144628.0,167637.0,4100.0,4110.0,4012.0,4092.6,24887975,4501.8,3683.4,4440.0,3288.1,4023.0,396,15,4022.6,1,1,4022.5,2,1,4022.4,8,2,4022.3,3,1,4023.4,32,9,4023.5,6,1,4023.6,9,1,4023.7,5,2,4023.8,16,2
11483,2026-07-02 12:43:48+05:30,4023.0,2,4039.86,1210260,144648.0,167819.0,4100.0,4110.0,4012.0,4092.6,24887975,4501.8,3683.4,4440.0,3288.1,4023.0,391,15,4022.6,1,1,4022.5,2,1,4022.4,8,2,4022.3,3,1,4023.4,32,9,4023.5,13,2,4023.6,17,2,4023.7,14,3,4023.8,16,2
11483,2026-07-02 12:43:49+05:30,4023.0,1,4039.86,1210260,144648.0,167819.0,4100.0,4110.0,4012.0,4092.6,24887975,4501.8,3683.4,4440.0,3288.1,4023.0,391,15,4022.6,1,1,4022.5,2,1,4022.4,8,2,4022.3,3,1,4023.4,32,9,4023.5,13,2,4023.6,17,2,4023.7,14,3,4023.8,16,2
11483,2026-07-02 12:43:49+05:30,4023.0,2,4039.86,1210265,144610.0,167817.0,4100.0,4110.0,4012.0,4092.6,24887975,4501.8,3683.4,4440.0,3288.1,4023.0,386,15,4022.6,1,1,4022.5,2,1,4022.4,8,2,4022.3,3,1,4023.4,37,10,4023.5,13,2,4023.6,9,1,4023.7,5,2,4023.8,26,3
11483,2026-07-02 12:43:50+05:30,4023.0,1,4039.86,1210265,144610.0,167817.0,4100.0,4110.0,4012.0,4092.6,24887975,4501.8,3683.4,4440.0,3288.1,4023.0,386,15,4022.6,1,1,4022.5,2,1,4022.4,8,2,4022.3,3,1,4023.4,37,10,4023.5,13,2,4023.6,9,1,4023.7,5,2,4023.8,26,3
11483,2026-07-02 12:43:51+05:30,4023.0,2,4039.86,1210271,143697.0,167784.0,4100.0,4110.0,4012.0,4092.6,24887975,4501.8,3683.4,4440.0,3288.1,4023.0,380,12,4022.6,1,1,4022.5,2,1,4022.4,8,2,4022.3,3,1,4023.4,32,9,4023.5,6,1,4023.6,9,1,4023.7,5,2,4023.8,47,4
11483,2026-07-02 12:43:51+05:30,4023.4,1,4039.86,1210271,143697.0,167784.0,4100.0,4110.0,4012.0,4092.6,24887975,4501.8,3683.4,4440.0,3288.1,4023.0,380,12,4022.6,1,1,4022.5,2,1,4022.4,8,2,4022.3,3,1,4023.4,32,9,4023.5,6,1,4023.6,9,1,4023.7,5,2,4023.8,47,4
11483,2026-07-02 12:43:52+05:30,4023.0,2,4039.86,1210271,143697.0,167784.0,4100.0,4110.0,4012.0,4092.6,24887975,4501.8,3683.4,4440.0,3288.1,4023.0,380,12,4022.6,1,1,4022.5,2,1,4022.4,8,2,4022.3,3,1,4023.4,32,9,4023.5,6,1,4023.6,9,1,4023.7,5,2,4023.8,47,4
11483,2026-07-02 12:43:52+05:30,4023.0,2,4039.86,1210291,144025.0,167941.0,4100.0,4110.0,4012.0,4092.6,24887975,4501.8,3683.4,4440.0,3288.1,4023.0,361,12,4022.6,1,1,4022.5,2,1,4022.4,8,2,4022.3,3,1,4023.3,9,1,4023.4,52,11,4023.5,6,1,4023.7,5,2,4023.8,57,5
11483,2026-07-02 12:43:53+05:30,4022.5,1,4039.86,1210291,144025.0,167941.0,4100.0,4110.0,4012.0,4092.6,24887975,4501.8,3683.4,4440.0,3288.1,4023.0,361,12,4022.6,1,1,4022.5,2,1,4022.4,8,2,4022.3,3,1,4023.3,9,1,4023.4,52,11,4023.5,6,1,4023.7,5,2,4023.8,57,5
11483,2026-07-02 12:43:53+05:30,4022.5,1,4039.86,1210760,148890.0,167517.0,4100.0,4110.0,4012.0,4092.6,24887975,4501.8,3683.4,4440.0,3288.1,4022.5,1,1,4022.4,8,2,4022.3,3,1,4022.2,12,1,4022.0,613,33,4022.8,28,3,4022.9,3,1,4023.0,7,3,4023.1,43,4,4023.2,26,1
11483,2026-07-02 12:43:54+05:30,4022.5,1,4039.86,1210760,148890.0,167517.0,4100.0,4110.0,4012.0,4092.6,24887975,4501.8,3683.4,4440.0,3288.1,4022.5,1,1,4022.4,8,2,4022.3,3,1,4022.2,12,1,4022.0,613,33,4022.8,28,3,4022.9,3,1,4023.0,7,3,4023.1,43,4,4023.2,26,1
11483,2026-07-02 12:43:54+05:30,4022.5,29,4039.85,1210795,148721.0,167549.0,4100.0,4110.0,4012.0,4092.6,24887975,4501.8,3683.4,4440.0,3288.1,4022.4,4,1,4022.3,3,1,4022.2,12,1,4022.0,613,33,4021.7,6,1,4022.5,6,1,4022.8,47,6,4022.9,3,1,4023.0,7,3,4023.1,22,2
11483,2026-07-02 12:43:55+05:30,4022.2,1,4039.85,1210795,148721.0,167549.0,4100.0,4110.0,4012.0,4092.6,24887975,4501.8,3683.4,4440.0,3288.1,4022.4,4,1,4022.3,3,1,4022.2,12,1,4022.0,613,33,4021.7,6,1,4022.5,6,1,4022.8,47,6,4022.9,3,1,4023.0,7,3,4023.1,22,2
11483,2026-07-02 12:43:55+05:30,4022.0,5,4039.84,1211709,141066.0,167940.0,4100.0,4110.0,4012.0,4092.6,24887975,4501.8,3683.4,4440.0,3288.1,4021.7,6,1,4021.6,1,1,4021.5,60,2,4021.1,1,1,4021.0,1983,24,4022.1,48,7,4022.2,9,1,4022.3,26,2,4022.4,17,1,4022.5,9,1
11483,2026-07-02 12:43:56+05:30,4022.0,11,4039.84,1211709,141066.0,167940.0,4100.0,4110.0,4012.0,4092.6,24887975,4501.8,3683.4,4440.0,3288.1,4021.7,6,1,4021.6,1,1,4021.5,60,2,4021.1,1,1,4021.0,1983,24,4022.1,48,7,4022.2,9,1,4022.3,26,2,4022.4,17,1,4022.5,9,1
11483,2026-07-02 12:43:56+05:30,4021.0,100,4039.83,1212273,141060.0,168060.0,4100.0,4110.0,4012.0,4092.6,24887975,4501.8,3683.4,4440.0,3288.1,4021.0,1832,24,4020.7,2,2,4020.6,23,3,4020.5,175,4,4020.4,38,2,4022.1,22,3,4022.2,40,3,4022.3,49,5,4022.5,36,4,4022.6,10,2
11483,2026-07-02 12:43:57+05:30,4021.0,2,4039.83,1212273,141060.0,168060.0,4100.0,4110.0,4012.0,4092.6,24887975,4501.8,3683.4,4440.0,3288.1,4021.0,1832,24,4020.7,2,2,4020.6,23,3,4020.5,175,4,4020.4,38,2,4022.1,22,3,4022.2,40,3,4022.3,49,5,4022.5,36,4,4022.6,10,2
11483,2026-07-02 12:43:57+05:30,4021.0,2,4039.83,1212484,141279.0,168644.0,4100.0,4110.0,4012.0,4092.6,24887975,4501.8,3683.4,4440.0,3288.1,4021.0,1785,25,4020.7,2,2,4020.6,23,3,4020.5,175,4,4020.4,38,2,4021.9,24,3,4022.0,31,3,4022.1,46,5,4022.2,24,2,4022.3,64,4
11483,2026-07-02 12:43:58+05:30,4021.9,12,4039.83,1212484,141279.0,168644.0,4100.0,4110.0,4012.0,4092.6,24887975,4501.8,3683.4,4440.0,3288.1,4021.0,1785,25,4020.7,2,2,4020.6,23,3,4020.5,175,4,4020.4,38,2,4021.9,24,3,4022.0,31,3,4022.1,46,5,4022.2,24,2,4022.3,64,4
11483,2026-07-02 12:43:58+05:30,4021.0,2,4039.83,1212554,140878.0,168368.0,4100.0,4110.0,4012.0,4092.6,24887975,4501.8,3683.4,4440.0,3288.1,4021.0,1755,25,4020.7,2,2,4020.6,23,3,4020.5,175,4,4020.4,25,1,4021.7,1,1,4021.8,35,3,4021.9,9,1,4022.0,21,2,4022.1,26,2
11483,2026-07-02 12:43:58+05:30,4021.0,2,4039.83,1212554,140878.0,168368.0,4100.0,4110.0,4012.0,4092.6,24887975,4501.8,3683.4,4440.0,3288.1,4021.0,1755,25,4020.7,2,2,4020.6,23,3,4020.5,175,4,4020.4,25,1,4021.7,1,1,4021.8,35,3,4021.9,9,1,4022.0,21,2,4022.1,26,2
11483,2026-07-02 12:43:59+05:30,4021.0,2,4039.83,1212554,140878.0,168368.0,4100.0,4110.0,4012.0,4092.6,24887975,4501.8,3683.4,4440.0,3288.1,4021.0,1755,25,4020.7,2,2,4020.6,23,3,4020.5,175,4,4020.4,25,1,4021.7,1,1,4021.8,35,3,4021.9,9,1,4022.0,21,2,4022.1,26,2
11483,2026-07-02 12:43:59+05:30,4021.0,2,4039.83,1212554,140878.0,168368.0,4100.0,4110.0,4012.0,4092.6,24887975,4501.8,3683.4,4440.0,3288.1,4021.0,1755,25,4020.7,2,2,4020.6,23,3,4020.5,175,4,4020.4,25,1,4021.7,1,1,4021.8,35,3,4021.9,9,1,4022.0,21,2,4022.1,26,2
11483,2026-07-02 12:43:59+05:30,4021.0,12,4039.82,1212914,140663.0,168235.0,4100.0,4110.0,4012.0,4092.6,24887975,4501.8,3683.4,4440.0,3288.1,4021.0,1431,13,4020.7,2,2,4020.6,23,3,4020.5,175,4,4020.4,25,1,4021.8,17,2,4021.9,20,2,4022.0,58,6,4022.1,30,2,4022.2,9,1
11483,2026-07-02 12:43:59+05:30,4021.0,12,4039.82,1212914,140663.0,168235.0,4100.0,4110.0,4012.0,4092.6,24887975,4501.8,3683.4,4440.0,3288.1,4021.0,1431,13,4020.7,2,2,4020.6,23,3,4020.5,175,4,4020.4,25,1,4021.8,17,2,4021.9,20,2,4022.0,58,6,4022.1,30,2,4022.2,9,1
11483,2026-07-02 12:44:00+05:30,4021.0,2,4039.82,1212914,140663.0,168235.0,4100.0,4110.0,4012.0,4092.6,24887975,4501.8,3683.4,4440.0,3288.1,4021.0,1431,13,4020.7,2,2,4020.6,23,3,4020.5,175,4,4020.4,25,1,4021.8,17,2,4021.9,20,2,4022.0,58,6,4022.1,30,2,4022.2,9,1
11483,2026-07-02 12:44:00+05:30,4021.0,2,4039.82,1212914,140663.0,168235.0,4100.0,4110.0,4012.0,4092.6,24887975,4501.8,3683.4,4440.0,3288.1,4021.0,1431,13,4020.7,2,2,4020.6,23,3,4020.5,175,4,4020.4,25,1,4021.8,17,2,4021.9,20,2,4022.0,58,6,4022.1,30,2,4022.2,9,1
11483,2026-07-02 12:44:00+05:30,4021.0,2,4039.82,1212978,140738.0,168317.0,4100.0,4110.0,4012.0,4092.6,24887975,4501.8,3683.4,4440.0,3288.1,4021.0,1411,14,4020.7,2,2,4020.6,23,3,4020.5,175,4,4020.4,25,1,4021.8,14,4,4021.9,20,2,4022.0,49,5,4022.1,30,2,4022.3,68,4
11483,2026-07-02 12:44:01+05:30,4021.0,2,4039.82,1212978,140738.0,168317.0,4100.0,4110.0,4012.0,4092.6,24887975,4501.8,3683.4,4440.0,3288.1,4021.0,1411,14,4020.7,2,2,4020.6,23,3,4020.5,175,4,4020.4,25,1,4021.8,14,4,4021.9,20,2,4022.0,49,5,4022.1,30,2,4022.3,68,4
11483,2026-07-02 12:44:01+05:30,4021.8,3,4039.82,1212978,140738.0,168317.0,4100.0,4110.0,4012.0,4092.6,24887975,4501.8,3683.4,4440.0,3288.1,4021.0,1411,14,4020.7,2,2,4020.6,23,3,4020.5,175,4,4020.4,25,1,4021.8,14,4,4021.9,20,2,4022.0,49,5,4022.1,30,2,4022.3,68,4
11483,2026-07-02 12:44:01+05:30,4021.8,3,4039.82,1212978,140738.0,168317.0,4100.0,4110.0,4012.0,4092.6,24887975,4501.8,3683.4,4440.0,3288.1,4021.0,1411,14,4020.7,2,2,4020.6,23,3,4020.5,175,4,4020.4,25,1,4021.8,14,4,4021.9,20,2,4022.0,49,5,4022.1,30,2,4022.3,68,4
11483,2026-07-02 12:44:01+05:30,4021.6,50,4039.82,1213110,140595.0,168317.0,4100.0,4110.0,4012.0,4092.6,24887975,4501.8,3683.4,4440.0,3288.1,4021.0,1352,15,4020.7,2,2,4020.6,23,3,4020.5,175,4,4020.4,25,1,4021.7,35,3,4021.9,21,3,4022.0,19,2,4022.1,53,3,4022.2,86,3
11483,2026-07-02 12:44:02+05:30,4021.6,50,4039.82,1213110,140595.0,168317.0,4100.0,4110.0,4012.0,4092.6,24887975,4501.8,3683.4,4440.0,3288.1,4021.0,1352,15,4020.7,2,2,4020.6,23,3,4020.5,175,4,4020.4,25,1,4021.7,35,3,4021.9,21,3,4022.0,19,2,4022.1,53,3,4022.2,86,3
11483,2026-07-02 12:44:02+05:30,4021.4,1,4039.82,1213110,140595.0,168317.0,4100.0,4110.0,4012.0,4092.6,24887975,4501.8,3683.4,4440.0,3288.1,4021.0,1352,15,4020.7,2,2,4020.6,23,3,4020.5,175,4,4020.4,25,1,4021.7,35,3,4021.9,21,3,4022.0,19,2,4022.1,53,3,4022.2,86,3
11483,2026-07-02 12:44:02+05:30,4021.4,1,4039.82,1213110,140595.0,168317.0,4100.0,4110.0,4012.0,4092.6,24887975,4501.8,3683.4,4440.0,3288.1,4021.0,1352,15,4020.7,2,2,4020.6,23,3,4020.5,175,4,4020.4,25,1,4021.7,35,3,4021.9,21,3,4022.0,19,2,4022.1,53,3,4022.2,86,3
11483,2026-07-02 12:44:02+05:30,4021.0,1,4039.82,1213229,140655.0,168153.0,4100.0,4110.0,4012.0,4092.6,24887975,4501.8,3683.4,4440.0,3288.1,4021.0,1331,15,4020.7,2,2,4020.6,23,3,4020.5,175,4,4020.4,25,1,4021.4,41,1,4021.5,60,3,4021.6,49,2,4021.7,42,1,4021.8,27,2
11483,2026-07-02 12:44:02+05:30,4021.0,1,4039.82,1213229,140655.0,168153.0,4100.0,4110.0,4012.0,4092.6,24887975,4501.8,3683.4,4440.0,3288.1,4021.0,1331,15,4020.7,2,2,4020.6,23,3,4020.5,175,4,4020.4,25,1,4021.4,41,1,4021.5,60,3,4021.6,49,2,4021.7,42,1,4021.8,27,2
11483,2026-07-02 12:44:03+05:30,4021.0,1,4039.82,1213229,140655.0,168153.0,4100.0,4110.0,4012.0,4092.6,24913700,4501.8,3683.4,4440.0,3288.1,4021.0,1331,15,4020.7,2,2,4020.6,23,3,4020.5,175,4,4020.4,25,1,4021.4,41,1,4021.5,60,3,4021.6,49,2,4021.7,42,1,4021.8,27,2
11483,2026-07-02 12:44:03+05:30,4021.0,2,4039.82,1213229,140655.0,168153.0,4100.0,4110.0,4012.0,4092.6,24913700,4501.8,3683.4,4440.0,3288.1,4021.0,1331,15,4020.7,2,2,4020.6,23,3,4020.5,175,4,4020.4,25,1,4021.4,41,1,4021.5,60,3,4021.6,49,2,4021.7,42,1,4021.8,27,2
11483,2026-07-02 12:44:03+05:30,4021.0,2,4039.82,1213229,140655.0,168153.0,4100.0,4110.0,4012.0,4092.6,24913700,4501.8,3683.4,4440.0,3288.1,4021.0,1331,15,4020.7,2,2,4020.6,23,3,4020.5,175,4,4020.4,25,1,4021.4,41,1,4021.5,60,3,4021.6,49,2,4021.7,42,1,4021.8,27,2
11483,2026-07-02 12:44:03+05:30,4021.2,20,4039.82,1213269,140572.0,168110.0,4100.0,4110.0,4012.0,4092.6,24913700,4501.8,3683.4,4440.0,3288.1,4021.0,1313,15,4020.7,2,2,4020.6,23,3,4020.5,175,4,4020.4,25,1,4021.2,19,1,4021.3,59,2,4021.4,47,2,4021.5,55,3,4021.6,49,2
11483,2026-07-02 12:44:04+05:30,4021.2,20,4039.82,1213269,140572.0,168110.0,4100.0,4110.0,4012.0,4092.6,24913700,4501.8,3683.4,4440.0,3288.1,4021.0,1313,15,4020.7,2,2,4020.6,23,3,4020.5,175,4,4020.4,25,1,4021.2,19,1,4021.3,59,2,4021.4,47,2,4021.5,55,3,4021.6,49,2
11483,2026-07-02 12:44:04+05:30,4021.0,1,4039.82,1213269,140572.0,168110.0,4100.0,4110.0,4012.0,4092.6,24913700,4501.8,3683.4,4440.0,3288.1,4021.0,1313,15,4020.7,2,2,4020.6,23,3,4020.5,175,4,4020.4,25,1,4021.2,19,1,4021.3,59,2,4021.4,47,2,4021.5,55,3,4021.6,49,2
11483,2026-07-02 12:44:04+05:30,4021.0,1,4039.82,1213269,140572.0,168110.0,4100.0,4110.0,4012.0,4092.6,24913700,4501.8,3683.4,4440.0,3288.1,4021.0,1313,15,4020.7,2,2,4020.6,23,3,4020.5,175,4,4020.4,25,1,4021.2,19,1,4021.3,59,2,4021.4,47,2,4021.5,55,3,4021.6,49,2
11483,2026-07-02 12:44:04+05:30,4021.2,1,4039.82,1213309,140492.0,168089.0,4100.0,4110.0,4012.0,4092.6,24913700,4501.8,3683.4,4440.0,3288.1,4021.0,1304,16,4020.7,2,2,4020.6,23,3,4020.5,175,4,4020.4,25,1,4021.1,19,1,4021.2,36,5,4021.3,42,1,4021.4,47,2,4021.5,18,2
11483,2026-07-02 12:44:05+05:30,4021.2,1,4039.82,1213309,140492.0,168089.0,4100.0,4110.0,4012.0,4092.6,24913700,4501.8,3683.4,4440.0,3288.1,4021.0,1304,16,4020.7,2,2,4020.6,23,3,4020.5,175,4,4020.4,25,1,4021.1,19,1,4021.2,36,5,4021.3,42,1,4021.4,47,2,4021.5,18,2
11483,2026-07-02 12:44:05+05:30,4021.0,2,4039.82,1213309,140492.0,168089.0,4100.0,4110.0,4012.0,4092.6,24913700,4501.8,3683.4,4440.0,3288.1,4021.0,1304,16,4020.7,2,2,4020.6,23,3,4020.5,175,4,4020.4,25,1,4021.1,19,1,4021.2,36,5,4021.3,42,1,4021.4,47,2,4021.5,18,2
11483,2026-07-02 12:44:05+05:30,4021.0,2,4039.81,1213525,140448.0,168219.0,4100.0,4110.0,4012.0,4092.6,24913700,4501.8,3683.4,4440.0,3288.1,4021.0,1109,17,4020.7,2,2,4020.6,23,3,4020.5,175,4,4020.4,25,1,4021.2,13,2,4021.3,42,1,4021.4,47,2,4021.5,56,2,4021.6,49,2
11483,2026-07-02 12:44:06+05:30,4021.0,26,4039.81,1213525,140448.0,168219.0,4100.0,4110.0,4012.0,4092.6,24913700,4501.8,3683.4,4440.0,3288.1,4021.0,1109,17,4020.7,2,2,4020.6,23,3,4020.5,175,4,4020.4,25,1,4021.2,13,2,4021.3,42,1,4021.4,47,2,4021.5,56,2,4021.6,49,2
11483,2026-07-02 12:44:06+05:30,4021.0,2,4039.81,1213613,140419.0,168194.0,4100.0,4110.0,4012.0,4092.6,24913700,4501.8,3683.4,4440.0,3288.1,4021.0,1049,18,4020.7,2,2,4020.6,23,3,4020.5,175,4,4020.4,25,1,4021.2,14,5,4021.3,65,2,4021.4,47,2,4021.5,17,1,4021.6,49,2
11483,2026-07-02 12:44:07+05:30,4021.3,15,4039.81,1213613,140419.0,168194.0,4100.0,4110.0,4012.0,4092.6,24913700,4501.8,3683.4,4440.0,3288.1,4021.0,1049,18,4020.7,2,2,4020.6,23,3,4020.5,175,4,4020.4,25,1,4021.2,14,5,4021.3,65,2,4021.4,47,2,4021.5,17,1,4021.6,49,2
11483,2026-07-02 12:44:08+05:30,4021.0,1,4039.81,1213708,140503.0,167853.0,4100.0,4110.0,4012.0,4092.6,24913700,4501.8,3683.4,4440.0,3288.1,4021.0,1034,18,4020.7,2,2,4020.6,23,3,4020.5,175,4,4020.4,25,1,4021.2,35,1,4021.8,27,2,4022.0,38,2,4022.1,79,4,4022.2,51,2
11483,2026-07-02 12:44:08+05:30,4021.0,11,4039.81,1213708,140503.0,167853.0,4100.0,4110.0,4012.0,4092.6,24913700,4501.8,3683.4,4440.0,3288.1,4021.0,1034,18,4020.7,2,2,4020.6,23,3,4020.5,175,4,4020.4,25,1,4021.2,35,1,4021.8,27,2,4022.0,38,2,4022.1,79,4,4022.2,51,2
11483,2026-07-02 12:44:09+05:30,4021.2,1,4039.81,1213708,140503.0,167853.0,4100.0,4110.0,4012.0,4092.6,24913700,4501.8,3683.4,4440.0,3288.1,4021.0,1034,18,4020.7,2,2,4020.6,23,3,4020.5,175,4,4020.4,25,1,4021.2,35,1,4021.8,27,2,4022.0,38,2,4022.1,79,4,4022.2,51,2
11483,2026-07-02 12:44:09+05:30,4021.2,1,4039.81,1213905,140316.0,167974.0,4100.0,4110.0,4012.0,4092.6,24913700,4501.8,3683.4,4440.0,3288.1,4021.0,843,18,4020.7,2,2,4020.6,23,3,4020.5,175,4,4020.4,25,1,4021.2,29,1,4021.8,27,2,4021.9,5,1,4022.0,58,3,4022.1,79,4
11483,2026-07-02 12:44:10+05:30,4021.2,2,4039.81,1213990,140545.0,167836.0,4100.0,4110.0,4012.0,4092.6,24913700,4501.8,3683.4,4440.0,3288.1,4021.2,25,1,4021.1,42,1,4021.0,857,18,4020.9,42,1,4020.7,44,3,4022.1,34,4,4022.3,111,3,4022.4,192,2,4022.5,8,2,4022.6,35,2
11483,2026-07-02 12:44:10+05:30,4021.2,10,4039.81,1213990,140545.0,167836.0,4100.0,4110.0,4012.0,4092.6,24913700,4501.8,3683.4,4440.0,3288.1,4021.2,25,1,4021.1,42,1,4021.0,857,18,4020.9,42,1,4020.7,44,3,4022.1,34,4,4022.3,111,3,4022.4,192,2,4022.5,8,2,4022.6,35,2
11483,2026-07-02 12:44:11+05:30,4021.5,2,4039.81,1213990,140545.0,167836.0,4100.0,4110.0,4012.0,4092.6,24913700,4501.8,3683.4,4440.0,3288.1,4021.2,25,1,4021.1,42,1,4021.0,857,18,4020.9,42,1,4020.7,44,3,4022.1,34,4,4022.3,111,3,4022.4,192,2,4022.5,8,2,4022.6,35,2
11483,2026-07-02 12:44:11+05:30,4022.5,7,4039.8,1214289,141063.0,167583.0,4100.0,4110.0,4012.0,4092.6,24913700,4501.8,3683.4,4440.0,3288.1,4021.8,78,1,4021.7,42,1,4021.4,42,1,4021.2,62,2,4021.0,738,18,4022.4,175,1,4022.6,10,1,4022.7,20,2,4022.8,8,3,4022.9,8,2
11483,2026-07-02 12:44:12+05:30,4021.7,2,4039.8,1214289,141063.0,167583.0,4100.0,4110.0,4012.0,4092.6,24913700,4501.8,3683.4,4440.0,3288.1,4021.8,78,1,4021.7,42,1,4021.4,42,1,4021.2,62,2,4021.0,738,18,4022.4,175,1,4022.6,10,1,4022.7,20,2,4022.8,8,3,4022.9,8,2
11483,2026-07-02 12:44:12+05:30,4021.8,1,4039.8,1214360,140998.0,168354.0,4100.0,4110.0,4012.0,4092.6,24913700,4501.8,3683.4,4440.0,3288.1,4021.8,7,1,4021.7,60,2,4021.6,42,1,4021.5,42,1,4021.3,42,1,4022.4,184,2,4022.6,27,2,4022.7,3,1,4022.8,8,3,4022.9,8,2
11483,2026-07-02 12:44:13+05:30,4021.8,1,4039.8,1214360,140998.0,168354.0,4100.0,4110.0,4012.0,4092.6,24913700,4501.8,3683.4,4440.0,3288.1,4021.8,7,1,4021.7,60,2,4021.6,42,1,4021.5,42,1,4021.3,42,1,4022.4,184,2,4022.6,27,2,4022.7,3,1,4022.8,8,3,4022.9,8,2
11483,2026-07-02 12:44:13+05:30,4021.8,1,4039.8,1214400,141705.0,167371.0,4100.0,4110.0,4012.0,4092.6,24913700,4501.8,3683.4,4440.0,3288.1,4022.1,25,1,4022.0,42,1,4021.9,42,1,4021.8,79,1,4021.7,100,3,4022.4,2,1,4022.8,4,2,4022.9,3,1,4023.0,1,1,4023.1,20,2
11483,2026-07-02 12:44:14+05:30,4022.0,2,4039.8,1214400,141705.0,167371.0,4100.0,4110.0,4012.0,4092.6,24913700,4501.8,3683.4,4440.0,3288.1,4022.1,25,1,4022.0,42,1,4021.9,42,1,4021.8,79,1,4021.7,100,3,4022.4,2,1,4022.8,4,2,4022.9,3,1,4023.0,1,1,4023.1,20,2
11483,2026-07-02 12:44:14+05:30,4022.1,1,4039.8,1214457,141845.0,167496.0,4100.0,4110.0,4012.0,4092.6,24913700,4501.8,3683.4,4440.0,3288.1,4022.3,78,1,4022.0,53,2,4021.8,42,1,4021.7,58,2,4021.2,21,2,4022.4,186,3,4022.9,7,1,4023.0,1,1,4023.1,20,2,4023.2,22,2
11483,2026-07-02 12:44:15+05:30,4022.3,2,4039.8,1214457,141845.0,167496.0,4100.0,4110.0,4012.0,4092.6,24913700,4501.8,3683.4,4440.0,3288.1,4022.3,78,1,4022.0,53,2,4021.8,42,1,4021.7,58,2,4021.2,21,2,4022.4,186,3,4022.9,7,1,4023.0,1,1,4023.1,20,2,4023.2,22,2
11483,2026-07-02 12:44:15+05:30,4022.3,2,4039.8,1214467,141932.0,167560.0,4100.0,4110.0,4012.0,4092.6,24913700,4501.8,3683.4,4440.0,3288.1,4022.3,69,1,4022.1,42,1,4022.0,11,1,4021.9,42,1,4021.7,58,2,4022.4,185,3,4022.6,4,1,4022.8,17,1,4022.9,7,1,4023.0,1,1
11483,2026-07-02 12:44:16+05:30,4022.4,3,4039.8,1214467,141932.0,167560.0,4100.0,4110.0,4012.0,4092.6,24913700,4501.8,3683.4,4440.0,3288.1,4022.3,69,1,4022.1,42,1,4022.0,11,1,4021.9,42,1,4021.7,58,2,4022.4,185,3,4022.6,4,1,4022.8,17,1,4022.9,7,1,4023.0,1,1
11483,2026-07-02 12:44:16+05:30,4022.4,3,4039.8,1214479,141862.0,167587.0,4100.0,4110.0,4012.0,4092.6,24913700,4501.8,3683.4,4440.0,3288.1,4022.3,65,1,4022.1,42,1,4022.0,11,1,4021.9,42,1,4021.7,58,2,4022.4,180,3,4022.7,5,1,4022.8,17,1,4022.9,7,1,4023.0,1,1
11483,2026-07-02 12:44:17+05:30,4022.3,2,4039.8,1214479,141862.0,167587.0,4100.0,4110.0,4012.0,4092.6,24913700,4501.8,3683.4,4440.0,3288.1,4022.3,65,1,4022.1,42,1,4022.0,11,1,4021.9,42,1,4021.7,58,2,4022.4,180,3,4022.7,5,1,4022.8,17,1,4022.9,7,1,4023.0,1,1
11483,2026-07-02 12:44:17+05:30,4022.3,2,4039.8,1214618,141841.0,167454.0,4100.0,4110.0,4012.0,4092.6,24913700,4501.8,3683.4,4440.0,3288.1,4022.3,61,1,4022.1,42,1,4022.0,11,1,4021.9,42,1,4021.7,58,2,4022.4,54,2,4022.7,5,1,4022.8,26,2,4022.9,7,1,4023.0,2,2
11483,2026-07-02 12:44:18+05:30,4022.3,2,4039.8,1214618,141841.0,167454.0,4100.0,4110.0,4012.0,4092.6,24913700,4501.8,3683.4,4440.0,3288.1,4022.3,61,1,4022.1,42,1,4022.0,11,1,4021.9,42,1,4021.7,58,2,4022.4,54,2,4022.7,5,1,4022.8,26,2,4022.9,7,1,4023.0,2,2
11483,2026-07-02 12:44:18+05:30,4022.3,42,4039.8,1214680,141751.0,167340.0,4100.0,4110.0,4012.0,4092.6,24913700,4501.8,3683.4,4440.0,3288.1,4022.1,42,1,4022.0,11,1,4021.9,42,1,4021.7,58,2,4021.2,20,1,4022.2,45,1,4022.3,8,2,4022.4,25,2,4022.5,2,1,4022.7,55,3
11483,2026-07-02 12:44:19+05:30,4021.7,5,4039.8,1214680,141751.0,167340.0,4100.0,4110.0,4012.0,4092.6,24913700,4501.8,3683.4,4440.0,3288.1,4022.1,42,1,4022.0,11,1,4021.9,42,1,4021.7,58,2,4021.2,20,1,4022.2,45,1,4022.3,8,2,4022.4,25,2,4022.5,2,1,4022.7,55,3
11483,2026-07-02 12:44:19+05:30,4021.7,5,4039.8,1214727,141677.0,167993.0,4100.0,4110.0,4012.0,4092.6,24913700,4501.8,3683.4,4440.0,3288.1,4021.7,93,3,4021.5,42,1,4021.2,20,1,4021.1,5,1,4021.0,854,26,4022.0,11,1,4022.1,18,2,4022.2,1,1,4022.3,6,1,4022.4,25,2
11483,2026-07-02 12:44:20+05:30,4021.7,1,4039.8,1214727,141677.0,167993.0,4100.0,4110.0,4012.0,4092.6,24913700,4501.8,3683.4,4440.0,3288.1,4021.7,93,3,4021.5,42,1,4021.2,20,1,4021.1,5,1,4021.0,854,26,4022.0,11,1,4022.1,18,2,4022.2,1,1,4022.3,6,1,4022.4,25,2
11483,2026-07-02 12:44:20+05:30,4022.0,3,4039.8,1214737,141608.0,168120.0,4100.0,4110.0,4012.0,4092.6,24913700,4501.8,3683.4,4440.0,3288.1,4021.7,86,3,4021.6,42,1,4021.4,42,1,4021.2,20,1,4021.1,5,1,4022.0,10,2,4022.1,18,2,4022.2,182,3,4022.3,6,1,4022.4,25,2
11483,2026-07-02 12:44:21+05:30,4022.0,3,4039.8,1214737,141608.0,168120.0,4100.0,4110.0,4012.0,4092.6,24913700,4501.8,3683.4,4440.0,3288.1,4021.7,86,3,4021.6,42,1,4021.4,42,1,4021.2,20,1,4021.1,5,1,4022.0,10,2,4022.1,18,2,4022.2,182,3,4022.3,6,1,4022.4,25,2
11483,2026-07-02 12:44:21+05:30,4022.0,3,4039.79,1214843,141387.0,168230.0,4100.0,4110.0,4012.0,4092.6,24913700,4501.8,3683.4,4440.0,3288.1,4021.6,27,1,4021.5,1,1,4021.4,42,1,4021.2,20,1,4021.1,5,1,4022.0,184,4,4022.1,1,1,4022.2,7,2,4022.3,8,2,4022.4,25,2
11483,2026-07-02 12:44:22+05:30,4021.6,13,4039.79,1214843,141387.0,168230.0,4100.0,4110.0,4012.0,4092.6,24913700,4501.8,3683.4,4440.0,3288.1,4021.6,27,1,4021.5,1,1,4021.4,42,1,4021.2,20,1,4021.1,5,1,4022.0,184,4,4022.1,1,1,4022.2,7,2,4022.3,8,2,4022.4,25,2
11483,2026-07-02 12:44:22+05:30,4021.6,13,4039.79,1214856,141439.0,168227.0,4100.0,4110.0,4012.0,4092.6,24913700,4501.8,3683.4,4440.0,3288.1,4021.8,1,1,4021.6,14,1,4021.5,43,2,4021.2,20,1,4021.1,5,1,4022.0,184,4,4022.1,1,1,4022.2,7,2,4022.3,8,2,4022.4,25,2
11483,2026-07-02 12:44:23+05:30,4021.9,1,4039.79,1214856,141439.0,168227.0,4100.0,4110.0,4012.0,4092.6,24913700,4501.8,3683.4,4440.0,3288.1,4021.8,1,1,4021.6,14,1,4021.5,43,2,4021.2,20,1,4021.1,5,1,4022.0,184,4,4022.1,1,1,4022.2,7,2,4022.3,8,2,4022.4,25,2
11483,2026-07-02 12:44:23+05:30,4021.9,1,4039.79,1214858,141533.0,168405.0,4100.0,4110.0,4012.0,4092.6,24913700,4501.8,3683.4,4440.0,3288.1,4021.9,40,1,4021.8,43,2,4021.6,14,1,4021.5,43,2,4021.2,20,1,4022.0,188,3,4022.1,78,2,4022.2,81,3,4022.3,13,3,4022.4,25,2
11483,2026-07-02 12:44:24+05:30,4022.1,2,4039.79,1214858,141533.0,168405.0,4100.0,4110.0,4012.0,4092.6,24913700,4501.8,3683.4,4440.0,3288.1,4021.9,40,1,4021.8,43,2,4021.6,14,1,4021.5,43,2,4021.2,20,1,4022.0,188,3,4022.1,78,2,4022.2,81,3,4022.3,13,3,4022.4,25,2
11483,2026-07-02 12:44:24+05:30,4022.1,2,4039.77,1216471,141503.0,168160.0,4100.0,4110.0,4012.0,4092.6,24913700,4501.8,3683.4,4440.0,3288.1,4021.8,3,1,4021.7,42,1,4021.6,14,1,4021.5,1,1,4021.2,20,1,4021.9,40,3,4022.1,62,1,4022.2,82,1,4022.3,67,2,4022.4,17,1
11483,2026-07-02 12:44:25+05:30,4021.9,28,4039.77,1216471,141503.0,168160.0,4100.0,4110.0,4012.0,4092.6,24913700,4501.8,3683.4,4440.0,3288.1,4021.8,3,1,4021.7,42,1,4021.6,14,1,4021.5,1,1,4021.2,20,1,4021.9,40,3,4022.1,62,1,4022.2,82,1,4022.3,67,2,4022.4,17,1
11483,2026-07-02 12:44:25+05:30,4021.9,28,4039.77,1216769,141547.0,168140.0,4100.0,4110.0,4012.0,4092.6,24913700,4501.8,3683.4,4440.0,3288.1,4021.5,42,1,4021.4,21,1,4021.2,20,1,4021.1,18,2,4021.0,959,28,4021.9,34,2,4022.0,62,1,4022.1,96,2,4022.4,17,1,4022.7,63,3
11483,2026-07-02 12:44:26+05:30,4021.9,2,4039.77,1216769,141547.0,168140.0,4100.0,4110.0,4012.0,4092.6,24913700,4501.8,3683.4,4440.0,3288.1,4021.5,42,1,4021.4,21,1,4021.2,20,1,4021.1,18,2,4021.0,959,28,4021.9,34,2,4022.0,62,1,4022.1,96,2,4022.4,17,1,4022.7,63,3
11483,2026-07-02 12:44:26+05:30,4021.9,7,4039.76,1216889,141564.0,168050.0,4100.0,4110.0,4012.0,4092.6,24913700,4501.8,3683.4,4440.0,3288.1,4021.6,31,2,4021.4,21,1,4021.2,20,1,4021.1,5,1,4021.0,903,26,4021.8,4,1,4021.9,25,2,4022.0,62,1,4022.1,96,2,4022.4,17,1
11483,2026-07-02 12:44:27+05:30,4021.8,1,4039.76,1216889,141564.0,168050.0,4100.0,4110.0,4012.0,4092.6,24913700,4501.8,3683.4,4440.0,3288.1,4021.6,31,2,4021.4,21,1,4021.2,20,1,4021.1,5,1,4021.0,903,26,4021.8,4,1,4021.9,25,2,4022.0,62,1,4022.1,96,2,4022.4,17,1
11483,2026-07-02 12:44:27+05:30,4021.8,1,4039.76,1216904,141717.0,168049.0,4100.0,4110.0,4012.0,4092.6,24913700,4501.8,3683.4,4440.0,3288.1,4021.7,42,1,4021.6,86,4,4021.4,21,1,4021.2,20,1,4021.1,5,1,4021.8,85,2,4021.9,1,1,4022.0,24,1,4022.1,76,2,4022.6,11,1
11483,2026-07-02 12:44:28+05:30,4021.8,1,4039.76,1216904,141717.0,168049.0,4100.0,4110.0,4012.0,4092.6,24913700,4501.8,3683.4,4440.0,3288.1,4021.7,42,1,4021.6,86,4,4021.4,21,1,4021.2,20,1,4021.1,5,1,4021.8,85,2,4021.9,1,1,4022.0,24,1,4022.1,76,2,4022.6,11,1
11483,2026-07-02 12:44:28+05:30,4021.8,1,4039.76,1216981,141713.0,168018.0,4100.0,4110.0,4012.0,4092.6,24913700,4501.8,3683.4,4440.0,3288.1,4021.6,83,4,4021.4,21,1,4021.2,20,1,4021.1,5,1,4021.0,944,27,4021.8,61,3,4021.9,1,1,4022.0,24,1,4022.1,76,2,4022.6,11,1
11483,2026-07-02 12:44:29+05:30,4021.8,3,4039.76,1216981,141713.0,168018.0,4100.0,4110.0,4012.0,4092.6,24913700,4501.8,3683.4,4440.0,3288.1,4021.6,83,4,4021.4,21,1,4021.2,20,1,4021.1,5,1,4021.0,944,27,4021.8,61,3,4021.9,1,1,4022.0,24,1,4022.1,76,2,4022.6,11,1
11483,2026-07-02 12:44:29+05:30,4021.8,3,4039.76,1217283,141669.0,168047.0,4100.0,4110.0,4012.0,4092.6,24913700,4501.8,3683.4,4440.0,3288.1,4021.6,69,2,4021.4,21,1,4021.2,20,1,4021.1,5,1,4021.0,935,27,4021.8,23,3,4021.9,1,1,4022.0,24,1,4022.1,134,2,4022.4,17,1
11483,2026-07-02 12:44:30+05:30,4021.6,10,4039.76,1217283,141669.0,168047.0,4100.0,4110.0,4012.0,4092.6,24913700,4501.8,3683.4,4440.0,3288.1,4021.6,69,2,4021.4,21,1,4021.2,20,1,4021.1,5,1,4021.0,935,27,4021.8,23,3,4021.9,1,1,4022.0,24,1,4022.1,134,2,4022.4,17,1
11483,2026-07-02 12:44:30+05:30,4021.6,10,4039.76,1217320,141604.0,168123.0,4100.0,4110.0,4012.0,4092.6,24913700,4501.8,3683.4,4440.0,3288.1,4021.6,40,2,4021.4,21,1,4021.2,20,1,4021.1,5,1,4021.0,935,27,4021.8,23,3,4021.9,1,1,4022.0,24,1,4022.1,134,2,4022.4,17,1
11483,2026-07-02 12:44:31+05:30,4021.8,3,4039.76,1217320,141604.0,168123.0,4100.0,4110.0,4012.0,4092.6,24913700,4501.8,3683.4,4440.0,3288.1,4021.6,40,2,4021.4,21,1,4021.2,20,1,4021.1,5,1,4021.0,935,27,4021.8,23,3,4021.9,1,1,4022.0,24,1,4022.1,134,2,4022.4,17,1
11483,2026-07-02 12:44:31+05:30,4021.8,3,4039.76,1217403,142446.0,166401.0,4100.0,4110.0,4012.0,4092.6,24913700,4501.8,3683.4,4440.0,3288.1,4021.6,2,1,4021.4,19,1,4021.2,20,1,4021.1,5,1,4021.0,959,28,4021.8,38,3,4021.9,82,2,4022.1,134,2,4022.6,15,1,4022.7,89,3
11483,2026-07-02 12:44:32+05:30,4021.0,33,4039.76,1217491,141308.0,166473.0,4100.0,4110.0,4012.0,4092.6,24913700,4501.8,3683.4,4440.0,3288.1,4021.0,893,29,4020.7,2,2,4020.6,74,4,4020.5,197,5,4020.4,48,2,4021.6,1,1,4021.8,38,3,4021.9,82,2,4022.1,134,2,4022.5,5,1
11483,2026-07-02 12:44:32+05:30,4021.0,33,4039.76,1217491,141308.0,166473.0,4100.0,4110.0,4012.0,4092.6,24913700,4501.8,3683.4,4440.0,3288.1,4021.0,893,29,4020.7,2,2,4020.6,74,4,4020.5,197,5,4020.4,48,2,4021.6,1,1,4021.8,38,3,4021.9,82,2,4022.1,134,2,4022.5,5,1
11483,2026-07-02 12:44:33+05:30,4021.3,28,4039.75,1217531,141594.0,166431.0,4100.0,4110.0,4012.0,4092.6,24913700,4501.8,3683.4,4440.0,3288.1,4021.3,56,3,4021.2,42,1,4021.0,922,29,4020.9,24,1,4020.7,17,3,4021.6,63,2,4021.7,81,1,4021.8,14,2,4021.9,25,2,4022.1,72,1
11483,2026-07-02 12:44:33+05:30,4021.6,49,4039.75,1217531,141594.0,166431.0,4100.0,4110.0,4012.0,4092.6,24913700,4501.8,3683.4,4440.0,3288.1,4021.3,56,3,4021.2,42,1,4021.0,922,29,4020.9,24,1,4020.7,17,3,4021.6,63,2,4021.7,81,1,4021.8,14,2,4021.9,25,2,4022.1,72,1
11483,2026-07-02 12:44:34+05:30,4021.6,2,4039.75,1217697,141494.0,166404.0,4100.0,4110.0,4012.0,4092.6,24913700,4501.8,3683.4,4440.0,3288.1,4021.2,62,2,4021.0,922,29,4020.7,2,2,4020.6,74,4,4020.5,197,5,4021.6,27,4,4021.7,81,1,4021.9,25,2,4022.1,72,1,4022.5,48,2
11483,2026-07-02 12:44:34+05:30,4021.6,2,4039.75,1217697,141494.0,166404.0,4100.0,4110.0,4012.0,4092.6,24913700,4501.8,3683.4,4440.0,3288.1,4021.2,62,2,4021.0,922,29,4020.7,2,2,4020.6,74,4,4020.5,197,5,4021.6,27,4,4021.7,81,1,4021.9,25,2,4022.1,72,1,4022.5,48,2
11483,2026-07-02 12:44:35+05:30,4021.6,2,4039.75,1217781,141719.0,166421.0,4100.0,4110.0,4012.0,4092.6,24913700,4501.8,3683.4,4440.0,3288.1,4021.2,59,3,4021.0,946,30,4020.9,26,1,4020.7,2,2,4020.6,91,5,4021.6,42,5,4021.7,81,1,4021.9,25,2,4022.1,72,1,4022.6,15,1
11483,2026-07-02 12:44:35+05:30,4021.6,2,4039.75,1217781,141719.0,166421.0,4100.0,4110.0,4012.0,4092.6,24913700,4501.8,3683.4,4440.0,3288.1,4021.2,59,3,4021.0,946,30,4020.9,26,1,4020.7,2,2,4020.6,91,5,4021.6,42,5,4021.7,81,1,4021.9,25,2,4022.1,72,1,4022.6,15,1
11483,2026-07-02 12:44:36+05:30,4021.0,112,4039.75,1217966,141148.0,166496.0,4100.0,4110.0,4012.0,4092.6,24913700,4501.8,3683.4,4440.0,3288.1,4021.0,781,29,4020.9,42,1,4020.7,2,2,4020.6,18,2,4020.5,175,4,4021.6,66,6,4021.9,82,2,4022.1,72,1,4022.3,43,1,4022.5,8,2
11483,2026-07-02 12:44:36+05:30,4021.3,22,4039.75,1217966,141148.0,166496.0,4100.0,4110.0,4012.0,4092.6,24913700,4501.8,3683.4,4440.0,3288.1,4021.0,781,29,4020.9,42,1,4020.7,2,2,4020.6,18,2,4020.5,175,4,4021.6,66,6,4021.9,82,2,4022.1,72,1,4022.3,43,1,4022.5,8,2
11483,2026-07-02 12:44:37+05:30,4021.6,5,4039.75,1218069,141268.0,166401.0,4100.0,4110.0,4012.0,4092.6,24913700,4501.8,3683.4,4440.0,3288.1,4021.1,31,1,4021.0,781,29,4020.9,42,1,4020.7,2,2,4020.6,50,3,4021.6,60,7,4021.9,82,2,4022.1,72,1,4022.4,9,1,4022.5,8,2
11483,2026-07-02 12:44:37+05:30,4021.1,12,4039.75,1218069,141268.0,166401.0,4100.0,4110.0,4012.0,4092.6,24913700,4501.8,3683.4,4440.0,3288.1,4021.1,31,1,4021.0,781,29,4020.9,42,1,4020.7,2,2,4020.6,50,3,4021.6,60,7,4021.9,82,2,4022.1,72,1,4022.4,9,1,4022.5,8,2
11483,2026-07-02 12:44:38+05:30,4021.0,61,4039.74,1218245,141044.0,166489.0,4100.0,4110.0,4012.0,4092.6,24913700,4501.8,3683.4,4440.0,3288.1,4021.0,688,29,4020.9,42,1,4020.7,2,2,4020.6,18,2,4020.5,175,4,4021.6,60,7,4021.9,82,2,4022.0,12,1,4022.1,72,1,4022.4,41,2
11483,2026-07-02 12:44:38+05:30,4021.0,21,4039.74,1218245,141044.0,166489.0,4100.0,4110.0,4012.0,4092.6,24913700,4501.8,3683.4,4440.0,3288.1,4021.0,688,29,4020.9,42,1,4020.7,2,2,4020.6,18,2,4020.5,175,4,4021.6,60,7,4021.9,82,2,4022.0,12,1,4022.1,72,1,4022.4,41,2
11483,2026-07-02 12:44:39+05:30,4021.0,7,4039.74,1218301,141017.0,166470.0,4100.0,4110.0,4012.0,4092.6,24913700,4501.8,3683.4,4440.0,3288.1,4021.0,661,28,4020.9,42,1,4020.7,2,2,4020.6,18,2,4020.5,175,4,4021.6,41,6,4021.9,82,2,4022.0,12,1,4022.1,72,1,4022.4,41,2
11483,2026-07-02 12:44:39+05:30,4021.0,7,4039.74,1218301,141017.0,166470.0,4100.0,4110.0,4012.0,4092.6,24913700,4501.8,3683.4,4440.0,3288.1,4021.0,661,28,4020.9,42,1,4020.7,2,2,4020.6,18,2,4020.5,175,4,4021.6,41,6,4021.9,82,2,4022.0,12,1,4022.1,72,1,4022.4,41,2
11483,2026-07-02 12:44:39+05:30,4021.0,18,4039.74,1218335,141044.0,166419.0,4100.0,4110.0,4012.0,4092.6,24913700,4501.8,3683.4,4440.0,3288.1,4021.0,649,27,4020.9,42,1,4020.7,2,2,4020.6,18,2,4020.5,175,4,4021.6,40,6,4021.9,82,2,4022.1,72,1,4022.4,41,2,4022.5,5,1
11483,2026-07-02 12:44:40+05:30,4021.6,1,4039.74,1218335,141044.0,166419.0,4100.0,4110.0,4012.0,4092.6,24913700,4501.8,3683.4,4440.0,3288.1,4021.0,649,27,4020.9,42,1,4020.7,2,2,4020.6,18,2,4020.5,175,4,4021.6,40,6,4021.9,82,2,4022.1,72,1,4022.4,41,2,4022.5,5,1
11483,2026-07-02 12:44:40+05:30,4021.6,8,4039.74,1218431,140987.0,166542.0,4100.0,4110.0,4012.0,4092.6,24913700,4501.8,3683.4,4440.0,3288.1,4021.0,618,28,4020.9,42,1,4020.7,2,2,4020.6,18,2,4020.5,175,4,4021.6,64,3,4021.7,87,1,4021.9,82,2,4022.1,72,1,4022.4,41,2
11483,2026-07-02 12:44:41+05:30,4021.0,36,4039.74,1218431,140987.0,166542.0,4100.0,4110.0,4012.0,4092.6,24913700,4501.8,3683.4,4440.0,3288.1,4021.0,618,28,4020.9,42,1,4020.7,2,2,4020.6,18,2,4020.5,175,4,4021.6,64,3,4021.7,87,1,4021.9,82,2,4022.1,72,1,4022.4,41,2
11483,2026-07-02 12:44:41+05:30,4021.0,3,4039.74,1218533,140920.0,166470.0,4100.0,4110.0,4012.0,4092.6,24913700,4501.8,3683.4,4440.0,3288.1,4021.3,1,1,4021.0,545,25,4020.7,2,2,4020.6,18,2,4020.5,175,4,4021.6,67,4,4021.7,87,1,4021.9,82,2,4022.1,72,1,4022.4,58,3
11483,2026-07-02 12:44:42+05:30,4021.4,13,4039.74,1218533,140920.0,166470.0,4100.0,4110.0,4012.0,4092.6,24913700,4501.8,3683.4,4440.0,3288.1,4021.3,1,1,4021.0,545,25,4020.7,2,2,4020.6,18,2,4020.5,175,4,4021.6,67,4,4021.7,87,1,4021.9,82,2,4022.1,72,1,4022.4,58,3
11483,2026-07-02 12:44:42+05:30,4021.6,10,4039.74,1218600,141081.0,166571.0,4100.0,4110.0,4012.0,4092.6,24913700,4501.8,3683.4,4440.0,3288.1,4021.3,29,1,4021.2,42,1,4021.1,2,1,4021.0,552,25,4020.7,2,2,4021.6,72,5,4021.7,87,1,4021.9,82,2,4022.1,72,1,4022.4,32,1
11483,2026-07-02 12:44:43+05:30,4021.6,1,4039.74,1218600,141081.0,166571.0,4100.0,4110.0,4012.0,4092.6,24913700,4501.8,3683.4,4440.0,3288.1,4021.3,29,1,4021.2,42,1,4021.1,2,1,4021.0,552,25,4020.7,2,2,4021.6,72,5,4021.7,87,1,4021.9,82,2,4022.1,72,1,4022.4,32,1
11483,2026-07-02 12:44:43+05:30,4021.6,2,4039.74,1218722,140928.0,166496.0,4100.0,4110.0,4012.0,4092.6,24913700,4501.8,3683.4,4440.0,3288.1,4021.2,4,1,4021.1,2,1,4021.0,552,25,4020.7,2,2,4020.6,18,2,4021.6,89,5,4021.7,87,1,4021.9,82,2,4022.1,72,1,4022.4,32,1
11483,2026-07-02 12:44:44+05:30,4021.2,4,4039.74,1218722,140928.0,166496.0,4100.0,4110.0,4012.0,4092.6,24913700,4501.8,3683.4,4440.0,3288.1,4021.2,4,1,4021.1,2,1,4021.0,552,25,4020.7,2,2,4020.6,18,2,4021.6,89,5,4021.7,87,1,4021.9,82,2,4022.1,72,1,4022.4,32,1
11483,2026-07-02 12:44:44+05:30,4021.2,4,4039.74,1218726,140854.0,166305.0,4100.0,4110.0,4012.0,4092.6,24913700,4501.8,3683.4,4440.0,3288.1,4021.1,2,1,4021.0,510,24,4020.7,44,3,4020.6,50,3,4020.5,175,4,4021.2,2,1,4021.6,30,5,4021.7,87,1,4021.9,1,1,4022.1,113,2
11483,2026-07-02 12:44:45+05:30,4021.1,1,4039.74,1218726,140854.0,166305.0,4100.0,4110.0,4012.0,4092.6,24913700,4501.8,3683.4,4440.0,3288.1,4021.1,2,1,4021.0,510,24,4020.7,44,3,4020.6,50,3,4020.5,175,4,4021.2,2,1,4021.6,30,5,4021.7,87,1,4021.9,1,1,4022.1,113,2
11483,2026-07-02 12:44:45+05:30,4021.2,3,4039.74,1218732,141083.0,166241.0,4100.0,4110.0,4012.0,4092.6,24913700,4501.8,3683.4,4440.0,3288.1,4021.1,56,3,4021.0,552,25,4020.9,74,2,4020.7,44,3,4020.6,50,3,4021.2,2,1,4021.6,30,5,4021.9,1,1,4022.1,113,2,4022.5,5,1
11483,2026-07-02 12:44:46+05:30,4021.1,1,4039.74,1218732,141083.0,166241.0,4100.0,4110.0,4012.0,4092.6,24913700,4501.8,3683.4,4440.0,3288.1,4021.1,56,3,4021.0,552,25,4020.9,74,2,4020.7,44,3,4020.6,50,3,4021.2,2,1,4021.6,30,5,4021.9,1,1,4022.1,113,2,4022.5,5,1
11483,2026-07-02 12:44:46+05:30,4021.2,1,4039.74,1218739,141208.0,166284.0,4100.0,4110.0,4012.0,4092.6,24913700,4501.8,3683.4,4440.0,3288.1,4021.4,42,1,4021.3,42,1,4021.2,43,2,4021.1,15,2,4021.0,611,27,4021.6,28,4,4021.9,1,1,4022.1,72,1,4022.5,5,1,4022.6,15,1
11483,2026-07-02 12:44:47+05:30,4021.2,1,4039.74,1218739,141208.0,166284.0,4100.0,4110.0,4012.0,4092.6,24913700,4501.8,3683.4,4440.0,3288.1,4021.4,42,1,4021.3,42,1,4021.2,43,2,4021.1,15,2,4021.0,611,27,4021.6,28,4,4021.9,1,1,4022.1,72,1,4022.5,5,1,4022.6,15,1
11483,2026-07-02 12:44:47+05:30,4021.5,1,4039.74,1218742,141648.0,167791.0,4100.0,4110.0,4012.0,4092.6,24913700,4501.8,3683.4,4440.0,3288.1,4021.5,39,1,4021.4,44,2,4021.3,42,1,4021.2,3,2,4021.1,55,2,4021.6,29,5,4021.9,1,1,4022.1,72,1,4022.5,5,1,4022.6,15,1
11483,2026-07-02 12:44:48+05:30,4021.6,6,4039.74,1218742,141648.0,167791.0,4100.0,4110.0,4012.0,4092.6,24913700,4501.8,3683.4,4440.0,3288.1,4021.5,39,1,4021.4,44,2,4021.3,42,1,4021.2,3,2,4021.1,55,2,4021.6,29,5,4021.9,1,1,4022.1,72,1,4022.5,5,1,4022.6,15,1
11483,2026-07-02 12:44:48+05:30,4021.4,10,4039.73,1218825,141566.0,167865.0,4100.0,4110.0,4012.0,4092.6,24913700,4501.8,3683.4,4440.0,3288.1,4021.4,34,2,4021.3,42,1,4021.2,3,2,4021.1,55,2,4021.0,569,26,4021.5,5,1,4021.6,16,3,4021.9,1,1,4022.1,72,1,4022.5,5,1
11483,2026-07-02 12:44:49+05:30,4021.4,9,4039.73,1218825,141566.0,167865.0,4100.0,4110.0,4012.0,4092.6,24913700,4501.8,3683.4,4440.0,3288.1,4021.4,34,2,4021.3,42,1,4021.2,3,2,4021.1,55,2,4021.0,569,26,4021.5,5,1,4021.6,16,3,4021.9,1,1,4022.1,72,1,4022.5,5,1
11483,2026-07-02 12:44:49+05:30,4021.4,2,4039.73,1218907,141833.0,167674.0,4100.0,4110.0,4012.0,4092.6,24913700,4501.8,3683.4,4440.0,3288.1,4021.4,171,5,4021.3,79,1,4021.2,45,3,4021.0,643,28,4020.7,2,2,4021.6,7,1,4021.9,1,1,4022.1,72,1,4022.6,15,1,4022.7,46,2
11483,2026-07-02 12:44:50+05:30,4022.1,4,4039.73,1218907,141833.0,167674.0,4100.0,4110.0,4012.0,4092.6,24913700,4501.8,3683.4,4440.0,3288.1,4021.4,171,5,4021.3,79,1,4021.2,45,3,4021.0,643,28,4020.7,2,2,4021.6,7,1,4021.9,1,1,4022.1,72,1,4022.6,15,1,4022.7,46,2
11483,2026-07-02 12:44:51+05:30,4022.1,31,4039.73,1219031,141942.0,167363.0,4100.0,4110.0,4012.0,4092.6,24913700,4501.8,3683.4,4440.0,3288.1,4021.6,42,1,4021.5,111,2,4021.4,153,4,4021.3,79,1,4021.2,3,2,4022.1,37,1,4022.6,15,1,4022.7,46,2,4022.9,38,1,4023.0,17,1
11483,2026-07-02 12:44:51+05:30,4022.1,1,4039.73,1219031,141942.0,167363.0,4100.0,4110.0,4012.0,4092.6,24913700,4501.8,3683.4,4440.0,3288.1,4021.6,42,1,4021.5,111,2,4021.4,153,4,4021.3,79,1,4021.2,3,2,4022.1,37,1,4022.6,15,1,4022.7,46,2,4022.9,38,1,4023.0,17,1
11483,2026-07-02 12:44:52+05:30,4021.6,14,4039.73,1219061,141852.0,167691.0,4100.0,4110.0,4012.0,4092.6,24913700,4501.8,3683.4,4440.0,3288.1,4021.7,2,1,4021.6,92,2,4021.5,37,2,4021.4,143,4,4021.3,88,1,4022.1,36,1,4022.6,15,1,4022.7,46,2,4022.9,38,1,4023.0,17,1
11483,2026-07-02 12:44:52+05:30,4021.6,14,4039.73,1219061,141852.0,167691.0,4100.0,4110.0,4012.0,4092.6,24913700,4501.8,3683.4,4440.0,3288.1,4021.7,2,1,4021.6,92,2,4021.5,37,2,4021.4,143,4,4021.3,88,1,4022.1,36,1,4022.6,15,1,4022.7,46,2,4022.9,38,1,4023.0,17,1
11483,2026-07-02 12:44:53+05:30,4022.1,22,4039.73,1219130,141999.0,167617.0,4100.0,4110.0,4012.0,4092.6,24913700,4501.8,3683.4,4440.0,3288.1,4021.7,90,2,4021.6,91,2,4021.5,158,4,4021.4,23,2,4021.1,10,1,4022.1,78,5,4022.2,6,1,4022.4,17,1,4022.5,10,1,4022.6,15,1
11483,2026-07-02 12:44:53+05:30,4022.1,4,4039.73,1219130,141999.0,167617.0,4100.0,4110.0,4012.0,4092.6,24913700,4501.8,3683.4,4440.0,3288.1,4021.7,90,2,4021.6,91,2,4021.5,158,4,4021.4,23,2,4021.1,10,1,4022.1,78,5,4022.2,6,1,4022.4,17,1,4022.5,10,1,4022.6,15,1
11483,2026-07-02 12:44:54+05:30,4022.1,2,4039.73,1219208,141805.0,167554.0,4100.0,4110.0,4012.0,4092.6,24913700,4501.8,3683.4,4440.0,3288.1,4021.7,84,2,4021.6,78,1,4021.5,121,2,4021.4,2,1,4021.1,10,1,4022.1,62,3,4022.2,6,1,4022.4,17,1,4022.5,10,1,4022.6,15,1
11483,2026-07-02 12:44:54+05:30,4021.7,10,4039.73,1219208,141805.0,167554.0,4100.0,4110.0,4012.0,4092.6,24913700,4501.8,3683.4,4440.0,3288.1,4021.7,84,2,4021.6,78,1,4021.5,121,2,4021.4,2,1,4021.1,10,1,4022.1,62,3,4022.2,6,1,4022.4,17,1,4022.5,10,1,4022.6,15,1
11483,2026-07-02 12:44:55+05:30,4022.1,19,4039.73,1219299,141748.0,167545.0,4100.0,4110.0,4012.0,4092.6,24913700,4501.8,3683.4,4440.0,3288.1,4021.7,74,2,4021.6,78,1,4021.5,79,1,4021.4,2,1,4021.1,10,1,4022.1,10,3,4022.2,6,1,4022.4,17,1,4022.5,10,1,4022.6,15,1
11483,2026-07-02 12:44:55+05:30,4021.7,10,4039.73,1219299,141748.0,167545.0,4100.0,4110.0,4012.0,4092.6,24913700,4501.8,3683.4,4440.0,3288.1,4021.7,74,2,4021.6,78,1,4021.5,79,1,4021.4,2,1,4021.1,10,1,4022.1,10,3,4022.2,6,1,4022.4,17,1,4022.5,10,1,4022.6,15,1
11483,2026-07-02 12:44:56+05:30,4022.1,3,4039.73,1219410,141657.0,167610.0,4100.0,4110.0,4012.0,4092.6,24913700,4501.8,3683.4,4440.0,3288.1,4021.8,8,1,4021.7,64,2,4021.6,78,1,4021.5,79,1,4021.4,2,1,4022.1,72,6,4022.2,48,2,4022.4,60,3,4022.5,10,1,4022.6,15,1
11483,2026-07-02 12:44:56+05:30,4021.8,14,4039.73,1219410,141657.0,167610.0,4100.0,4110.0,4012.0,4092.6,24913700,4501.8,3683.4,4440.0,3288.1,4021.8,8,1,4021.7,64,2,4021.6,78,1,4021.5,79,1,4021.4,2,1,4022.1,72,6,4022.2,48,2,4022.4,60,3,4022.5,10,1,4022.6,15,1
11483,2026-07-02 12:44:57+05:30,4022.1,26,4039.72,1219520,141698.0,167600.0,4100.0,4110.0,4012.0,4092.6,24913700,4501.8,3683.4,4440.0,3288.1,4021.8,87,2,4021.7,80,2,4021.5,62,1,4021.4,2,1,4021.1,20,2,4022.1,35,5,4022.2,5,1,4022.3,42,1,4022.4,18,2,4022.5,52,2
11483,2026-07-02 12:44:57+05:30,4021.8,5,4039.72,1219520,141698.0,167600.0,4100.0,4110.0,4012.0,4092.6,24913700,4501.8,3683.4,4440.0,3288.1,4021.8,87,2,4021.7,80,2,4021.5,62,1,4021.4,2,1,4021.1,20,2,4022.1,35,5,4022.2,5,1,4022.3,42,1,4022.4,18,2,4022.5,52,2
11483,2026-07-02 12:44:58+05:30,4021.8,5,4039.72,1219533,141644.0,167696.0,4100.0,4110.0,4012.0,4092.6,24913700,4501.8,3683.4,4440.0,3288.1,4021.9,2,1,4021.8,82,2,4021.7,78,1,4021.5,62,1,4021.4,2,1,4022.0,1,1,4022.1,77,6,4022.2,5,1,4022.3,42,1,4022.4,18,2
11483,2026-07-02 12:44:58+05:30,4021.9,2,4039.72,1219533,141644.0,167696.0,4100.0,4110.0,4012.0,4092.6,24913700,4501.8,3683.4,4440.0,3288.1,4021.9,2,1,4021.8,82,2,4021.7,78,1,4021.5,62,1,4021.4,2,1,4022.0,1,1,4022.1,77,6,4022.2,5,1,4022.3,42,1,4022.4,18,2
11483,2026-07-02 12:44:59+05:30,4022.0,5,4039.72,1219601,142944.0,167604.0,4100.0,4110.0,4012.0,4092.6,24913700,4501.8,3683.4,4440.0,3288.1,4022.0,3,1,4021.9,64,2,4021.8,78,1,4021.6,74,1,4021.4,2,1,4022.1,26,1,4022.2,22,2,4022.4,43,2,4022.5,10,1,4022.6,57,2
11483,2026-07-02 12:44:59+05:30,4022.0,5,4039.72,1219601,142944.0,167604.0,4100.0,4110.0,4012.0,4092.6,24913700,4501.8,3683.4,4440.0,3288.1,4022.0,3,1,4021.9,64,2,4021.8,78,1,4021.6,74,1,4021.4,2,1,4022.1,26,1,4022.2,22,2,4022.4,43,2,4022.5,10,1,4022.6,57,2
11483,2026-07-02 12:44:59+05:30,4022.0,5,4039.72,1219601,142944.0,167604.0,4100.0,4110.0,4012.0,4092.6,24913700,4501.8,3683.4,4440.0,3288.1,4022.0,3,1,4021.9,64,2,4021.8,78,1,4021.6,74,1,4021.4,2,1,4022.1,26,1,4022.2,22,2,4022.4,43,2,4022.5,10,1,4022.6,57,2
11483,2026-07-02 12:45:00+05:30,4022.3,29,4039.72,1219601,142944.0,167604.0,4100.0,4110.0,4012.0,4092.6,24913700,4501.8,3683.4,4440.0,3288.1,4022.0,3,1,4021.9,64,2,4021.8,78,1,4021.6,74,1,4021.4,2,1,4022.1,26,1,4022.2,22,2,4022.4,43,2,4022.5,10,1,4022.6,57,2
11483,2026-07-02 12:45:00+05:30,4022.3,29,4039.72,1219687,143019.0,167512.0,4100.0,4110.0,4012.0,4092.6,24913700,4501.8,3683.4,4440.0,3288.1,4022.0,8,1,4021.9,2,1,4021.8,78,1,4021.7,62,1,4021.6,74,1,4022.3,32,4,4022.4,1,1,4022.5,52,2,4022.6,15,1,4022.7,117,5
11483,2026-07-02 12:45:00+05:30,4022.3,29,4039.72,1219687,143019.0,167512.0,4100.0,4110.0,4012.0,4092.6,24913700,4501.8,3683.4,4440.0,3288.1,4022.0,8,1,4021.9,2,1,4021.8,78,1,4021.7,62,1,4021.6,74,1,4022.3,32,4,4022.4,1,1,4022.5,52,2,4022.6,15,1,4022.7,117,5
11483,2026-07-02 12:45:01+05:30,4022.3,4,4039.72,1219760,142981.0,168633.0,4100.0,4110.0,4012.0,4092.6,24913700,4501.8,3683.4,4440.0,3288.1,4021.9,2,1,4021.8,78,1,4021.7,63,2,4021.6,74,1,4021.4,27,2,4022.3,57,5,4022.4,43,2,4022.5,10,1,4022.6,57,2,4022.7,75,4
11483,2026-07-02 12:45:01+05:30,4021.9,5,4039.72,1219760,142981.0,168633.0,4100.0,4110.0,4012.0,4092.6,24913700,4501.8,3683.4,4440.0,3288.1,4021.9,2,1,4021.8,78,1,4021.7,63,2,4021.6,74,1,4021.4,27,2,4022.3,57,5,4022.4,43,2,4022.5,10,1,4022.6,57,2,4022.7,75,4
11483,2026-07-02 12:45:01+05:30,4021.9,5,4039.72,1219760,142981.0,168633.0,4100.0,4110.0,4012.0,4092.6,24913700,4501.8,3683.4,4440.0,3288.1,4021.9,2,1,4021.8,78,1,4021.7,63,2,4021.6,74,1,4021.4,27,2,4022.3,57,5,4022.4,43,2,4022.5,10,1,4022.6,57,2,4022.7,75,4
11483,2026-07-02 12:45:02+05:30,4022.3,16,4039.72,1219932,143177.0,168137.0,4100.0,4110.0,4012.0,4092.6,24913700,4501.8,3683.4,4440.0,3288.1,4022.1,1,1,4022.0,44,1,4021.9,78,1,4021.7,63,2,4021.5,39,1,4022.3,7,1,4022.4,18,2,4022.5,52,2,4022.6,15,1,4022.7,117,5
11483,2026-07-02 12:45:02+05:30,4022.1,1,4039.72,1219932,143177.0,168137.0,4100.0,4110.0,4012.0,4092.6,24913700,4501.8,3683.4,4440.0,3288.1,4022.1,1,1,4022.0,44,1,4021.9,78,1,4021.7,63,2,4021.5,39,1,4022.3,7,1,4022.4,18,2,4022.5,52,2,4022.6,15,1,4022.7,117,5
11483,2026-07-02 12:45:02+05:30,4022.1,1,4039.72,1219932,143177.0,168137.0,4100.0,4110.0,4012.0,4092.6,24913700,4501.8,3683.4,4440.0,3288.1,4022.1,1,1,4022.0,44,1,4021.9,78,1,4021.7,63,2,4021.5,39,1,4022.3,7,1,4022.4,18,2,4022.5,52,2,4022.6,15,1,4022.7,117,5
11483,2026-07-02 12:45:03+05:30,4022.3,2,4039.72,1220023,143188.0,168131.0,4100.0,4110.0,4012.0,4092.6,24913700,4501.8,3683.4,4440.0,3288.1,4022.1,62,1,4022.0,78,1,4021.8,44,1,4021.7,1,1,4021.4,27,2,4022.3,7,1,4022.4,18,2,4022.5,54,3,4022.6,15,1,4022.7,117,5
11483,2026-07-02 12:45:03+05:30,4022.1,11,4039.72,1220023,143188.0,168131.0,4100.0,4110.0,4012.0,4092.6,24913700,4501.8,3683.4,4440.0,3288.1,4022.1,62,1,4022.0,78,1,4021.8,44,1,4021.7,1,1,4021.4,27,2,4022.3,7,1,4022.4,18,2,4022.5,54,3,4022.6,15,1,4022.7,117,5
11483,2026-07-02 12:45:03+05:30,4022.1,11,4039.72,1220023,143188.0,168131.0,4100.0,4110.0,4012.0,4092.6,24920525,4501.8,3683.4,4440.0,3288.1,4022.1,62,1,4022.0,78,1,4021.8,44,1,4021.7,1,1,4021.4,27,2,4022.3,7,1,4022.4,18,2,4022.5,54,3,4022.6,15,1,4022.7,117,5
11483,2026-07-02 12:45:04+05:30,4022.1,2,4039.72,1220037,143143.0,168139.0,4100.0,4110.0,4012.0,4092.6,24920525,4501.8,3683.4,4440.0,3288.1,4022.1,48,1,4022.0,78,1,4021.9,1,1,4021.8,44,1,4021.7,1,1,4022.3,7,1,4022.4,18,2,4022.5,54,3,4022.6,15,1,4022.7,117,5
11483,2026-07-02 12:45:04+05:30,4022.1,2,4039.72,1220037,143143.0,168139.0,4100.0,4110.0,4012.0,4092.6,24920525,4501.8,3683.4,4440.0,3288.1,4022.1,48,1,4022.0,78,1,4021.9,1,1,4021.8,44,1,4021.7,1,1,4022.3,7,1,4022.4,18,2,4022.5,54,3,4022.6,15,1,4022.7,117,5
11483,2026-07-02 12:45:04+05:30,4022.1,2,4039.72,1220037,143143.0,168139.0,4100.0,4110.0,4012.0,4092.6,24920525,4501.8,3683.4,4440.0,3288.1,4022.1,48,1,4022.0,78,1,4021.9,1,1,4021.8,44,1,4021.7,1,1,4022.3,7,1,4022.4,18,2,4022.5,54,3,4022.6,15,1,4022.7,117,5
11483,2026-07-02 12:45:04+05:30,4022.1,2,4039.72,1220039,143206.0,168144.0,4100.0,4110.0,4012.0,4092.6,24920525,4501.8,3683.4,4440.0,3288.1,4022.1,46,1,4022.0,78,1,4021.9,1,1,4021.8,44,1,4021.7,1,1,4022.3,27,5,4022.4,1,1,4022.5,54,3,4022.6,15,1,4022.7,117,5
11483,2026-07-02 12:45:05+05:30,4022.1,2,4039.72,1220039,143206.0,168144.0,4100.0,4110.0,4012.0,4092.6,24920525,4501.8,3683.4,4440.0,3288.1,4022.1,46,1,4022.0,78,1,4021.9,1,1,4021.8,44,1,4021.7,1,1,4022.3,27,5,4022.4,1,1,4022.5,54,3,4022.6,15,1,4022.7,117,5
11483,2026-07-02 12:45:05+05:30,4022.3,6,4039.71,1220295,143194.0,168202.0,4100.0,4110.0,4012.0,4092.6,24920525,4501.8,3683.4,4440.0,3288.1,4022.1,4,1,4022.0,78,1,4021.9,1,1,4021.8,44,1,4021.7,1,1,4022.3,21,5,4022.4,1,1,4022.5,54,3,4022.6,15,1,4022.7,117,5
11483,2026-07-02 12:45:06+05:30,4022.1,8,4039.71,1220295,143194.0,168202.0,4100.0,4110.0,4012.0,4092.6,24920525,4501.8,3683.4,4440.0,3288.1,4022.1,4,1,4022.0,78,1,4021.9,1,1,4021.8,44,1,4021.7,1,1,4022.3,21,5,4022.4,1,1,4022.5,54,3,4022.6,15,1,4022.7,117,5
11483,2026-07-02 12:45:06+05:30,4022.4,1,4039.71,1220469,143540.0,168145.0,4100.0,4110.0,4012.0,4092.6,24920525,4501.8,3683.4,4440.0,3288.1,4022.1,78,1,4022.0,84,3,4021.9,1,1,4021.8,44,1,4021.7,1,1,4022.5,2,1,4022.6,57,2,4022.7,63,3,4023.0,187,2,4023.1,24,2
11483,2026-07-02 12:45:07+05:30,4022.1,21,4039.71,1220469,143540.0,168145.0,4100.0,4110.0,4012.0,4092.6,24920525,4501.8,3683.4,4440.0,3288.1,4022.1,78,1,4022.0,84,3,4021.9,1,1,4021.8,44,1,4021.7,1,1,4022.5,2,1,4022.6,57,2,4022.7,63,3,4023.0,187,2,4023.1,24,2
11483,2026-07-02 12:45:08+05:30,4022.1,21,4039.71,1220490,143506.0,168244.0,4100.0,4110.0,4012.0,4092.6,24920525,4501.8,3683.4,4440.0,3288.1,4022.1,57,1,4022.0,89,4,4021.9,1,1,4021.8,44,1,4021.7,1,1,4022.4,42,1,4022.5,61,3,4022.6,57,2,4022.7,53,3,4022.8,42,1
11483,2026-07-02 12:45:08+05:30,4022.1,2,4039.71,1220490,143506.0,168244.0,4100.0,4110.0,4012.0,4092.6,24920525,4501.8,3683.4,4440.0,3288.1,4022.1,57,1,4022.0,89,4,4021.9,1,1,4021.8,44,1,4021.7,1,1,4022.4,42,1,4022.5,61,3,4022.6,57,2,4022.7,53,3,4022.8,42,1
11483,2026-07-02 12:45:09+05:30,4022.2,2,4039.71,1220559,143144.0,168308.0,4100.0,4110.0,4012.0,4092.6,24920525,4501.8,3683.4,4440.0,3288.1,4022.1,94,2,4022.0,19,3,4021.9,1,1,4021.7,1,1,4021.4,27,2,4022.2,39,4,4022.3,64,4,4022.4,49,3,4022.5,49,3,4022.6,15,1
11483,2026-07-02 12:45:09+05:30,4022.1,9,4039.71,1220559,143144.0,168308.0,4100.0,4110.0,4012.0,4092.6,24920525,4501.8,3683.4,4440.0,3288.1,4022.1,94,2,4022.0,19,3,4021.9,1,1,4021.7,1,1,4021.4,27,2,4022.2,39,4,4022.3,64,4,4022.4,49,3,4022.5,49,3,4022.6,15,1
11483,2026-07-02 12:45:09+05:30,4022.1,15,4039.71,1220590,143414.0,168306.0,4100.0,4110.0,4012.0,4092.6,24920525,4501.8,3683.4,4440.0,3288.1,4022.1,68,2,4022.0,19,3,4021.9,1,1,4021.7,1,1,4021.4,27,2,4022.2,30,4,4022.3,44,2,4022.4,49,3,4022.5,49,3,4022.6,15,1
11483,2026-07-02 12:45:10+05:30,4022.3,23,4039.71,1220590,143414.0,168306.0,4100.0,4110.0,4012.0,4092.6,24920525,4501.8,3683.4,4440.0,3288.1,4022.1,68,2,4022.0,19,3,4021.9,1,1,4021.7,1,1,4021.4,27,2,4022.2,30,4,4022.3,44,2,4022.4,49,3,4022.5,49,3,4022.6,15,1
11483,2026-07-02 12:45:10+05:30,4022.3,23,4039.71,1220693,143391.0,168273.0,4100.0,4110.0,4012.0,4092.6,24920525,4501.8,3683.4,4440.0,3288.1,4022.1,15,2,4022.0,19,3,4021.9,1,1,4021.7,1,1,4021.4,27,2,4022.2,1,1,4022.3,38,3,4022.4,49,3,4022.5,49,3,4022.6,15,1
11483,2026-07-02 12:45:11+05:30,4022.1,3,4039.71,1220693,143391.0,168273.0,4100.0,4110.0,4012.0,4092.6,24920525,4501.8,3683.4,4440.0,3288.1,4022.1,15,2,4022.0,19,3,4021.9,1,1,4021.7,1,1,4021.4,27,2,4022.2,1,1,4022.3,38,3,4022.4,49,3,4022.5,49,3,4022.6,15,1
11483,2026-07-02 12:45:11+05:30,4022.1,43,4039.71,1220752,143313.0,168268.0,4100.0,4110.0,4012.0,4092.6,24920525,4501.8,3683.4,4440.0,3288.1,4022.1,35,1,4022.0,19,3,4021.9,1,1,4021.7,1,1,4021.4,27,2,4022.2,14,4,4022.3,21,2,4022.4,47,2,4022.5,49,3,4022.6,15,1
11483,2026-07-02 12:45:12+05:30,4022.1,7,4039.71,1220752,143313.0,168268.0,4100.0,4110.0,4012.0,4092.6,24920525,4501.8,3683.4,4440.0,3288.1,4022.1,35,1,4022.0,19,3,4021.9,1,1,4021.7,1,1,4021.4,27,2,4022.2,14,4,4022.3,21,2,4022.4,47,2,4022.5,49,3,4022.6,15,1
11483,2026-07-02 12:45:12+05:30,4022.2,2,4039.71,1220769,143186.0,168270.0,4100.0,4110.0,4012.0,4092.6,24920525,4501.8,3683.4,4440.0,3288.1,4022.1,53,2,4022.0,19,3,4021.9,1,1,4021.7,1,1,4021.4,2,1,4022.2,14,4,4022.3,21,2,4022.4,47,2,4022.5,49,3,4022.6,15,1
11483,2026-07-02 12:45:13+05:30,4022.1,2,4039.71,1220769,143186.0,168270.0,4100.0,4110.0,4012.0,4092.6,24920525,4501.8,3683.4,4440.0,3288.1,4022.1,53,2,4022.0,19,3,4021.9,1,1,4021.7,1,1,4021.4,2,1,4022.2,14,4,4022.3,21,2,4022.4,47,2,4022.5,49,3,4022.6,15,1
11483,2026-07-02 12:45:13+05:30,4021.1,12,4039.7,1220909,142689.0,168394.0,4100.0,4110.0,4012.0,4092.6,24920525,4501.8,3683.4,4440.0,3288.1,4021.1,249,2,4021.0,1590,25,4020.7,2,2,4020.6,18,2,4020.5,175,4,4021.6,1,1,4022.0,18,1,4022.2,30,5,4022.3,2,1,4022.5,83,5
11483,2026-07-02 12:45:14+05:30,4021.1,17,4039.7,1220909,142689.0,168394.0,4100.0,4110.0,4012.0,4092.6,24920525,4501.8,3683.4,4440.0,3288.1,4021.1,249,2,4021.0,1590,25,4020.7,2,2,4020.6,18,2,4020.5,175,4,4021.6,1,1,4022.0,18,1,4022.2,30,5,4022.3,2,1,4022.5,83,5
11483,2026-07-02 12:45:14+05:30,4021.1,17,4039.7,1220926,142548.0,168705.0,4100.0,4110.0,4012.0,4092.6,24920525,4501.8,3683.4,4440.0,3288.1,4021.1,232,2,4021.0,1590,25,4020.7,2,2,4020.6,18,2,4020.5,175,4,4021.6,1,1,4022.0,18,1,4022.2,13,4,4022.3,2,1,4022.4,65,2
11483,2026-07-02 12:45:15+05:30,4021.1,2,4039.7,1220926,142548.0,168705.0,4100.0,4110.0,4012.0,4092.6,24920525,4501.8,3683.4,4440.0,3288.1,4021.1,232,2,4021.0,1590,25,4020.7,2,2,4020.6,18,2,4020.5,175,4,4021.6,1,1,4022.0,18,1,4022.2,13,4,4022.3,2,1,4022.4,65,2
11483,2026-07-02 12:45:15+05:30,4021.6,1,4039.7,1220929,142697.0,168775.0,4100.0,4110.0,4012.0,4092.6,24920525,4501.8,3683.4,4440.0,3288.1,4021.1,260,3,4021.0,1590,25,4020.7,2,2,4020.6,50,3,4020.5,175,4,4021.6,1,1,4022.0,20,2,4022.2,6,2,4022.5,2,1,4022.6,80,3
11483,2026-07-02 12:45:16+05:30,4022.0,3,4039.7,1220929,142697.0,168775.0,4100.0,4110.0,4012.0,4092.6,24920525,4501.8,3683.4,4440.0,3288.1,4021.1,260,3,4021.0,1590,25,4020.7,2,2,4020.6,50,3,4020.5,175,4,4021.6,1,1,4022.0,20,2,4022.2,6,2,4022.5,2,1,4022.6,80,3
11483,2026-07-02 12:45:16+05:30,4022.0,3,4039.7,1220934,142818.0,168747.0,4100.0,4110.0,4012.0,4092.6,24920525,4501.8,3683.4,4440.0,3288.1,4021.1,260,3,4021.0,1590,25,4020.7,2,2,4020.6,50,3,4020.5,210,5,4022.0,17,3,4022.1,32,2,4022.2,6,2,4022.4,17,1,4022.5,2,1
11483,2026-07-02 12:45:17+05:30,4022.1,12,4039.7,1220934,142818.0,168747.0,4100.0,4110.0,4012.0,4092.6,24920525,4501.8,3683.4,4440.0,3288.1,4021.1,260,3,4021.0,1590,25,4020.7,2,2,4020.6,50,3,4020.5,210,5,4022.0,17,3,4022.1,32,2,4022.2,6,2,4022.4,17,1,4022.5,2,1
11483,2026-07-02 12:45:17+05:30,4022.1,12,4039.69,1221788,142057.0,168877.0,4100.0,4110.0,4012.0,4092.6,24920525,4501.8,3683.4,4440.0,3288.1,4021.7,26,1,4021.0,1185,9,4020.7,2,2,4020.6,18,2,4020.5,175,4,4022.0,90,5,4022.1,18,2,4022.2,20,3,4022.4,34,2,4022.5,14,3
11483,2026-07-02 12:45:18+05:30,4021.0,23,4039.69,1221788,142057.0,168877.0,4100.0,4110.0,4012.0,4092.6,24920525,4501.8,3683.4,4440.0,3288.1,4021.7,26,1,4021.0,1185,9,4020.7,2,2,4020.6,18,2,4020.5,175,4,4022.0,90,5,4022.1,18,2,4022.2,20,3,4022.4,34,2,4022.5,14,3
11483,2026-07-02 12:45:18+05:30,4021.7,1,4039.69,1221908,141744.0,168988.0,4100.0,4110.0,4012.0,4092.6,24920525,4501.8,3683.4,4440.0,3288.1,4021.0,1180,10,4020.7,2,2,4020.6,53,3,4020.5,175,4,4020.4,25,1,4021.7,16,3,4022.0,62,2,4022.1,35,3,4022.3,28,1,4022.4,49,2
11483,2026-07-02 12:45:19+05:30,4021.0,15,4039.69,1221908,141744.0,168988.0,4100.0,4110.0,4012.0,4092.6,24920525,4501.8,3683.4,4440.0,3288.1,4021.0,1180,10,4020.7,2,2,4020.6,53,3,4020.5,175,4,4020.4,25,1,4021.7,16,3,4022.0,62,2,4022.1,35,3,4022.3,28,1,4022.4,49,2
11483,2026-07-02 12:45:19+05:30,4021.0,89,4039.69,1222123,141451.0,168970.0,4100.0,4110.0,4012.0,4092.6,24920525,4501.8,3683.4,4440.0,3288.1,4021.0,1009,6,4020.7,2,2,4020.6,18,2,4020.5,175,4,4020.4,25,1,4021.7,13,2,4022.0,94,3,4022.1,35,3,4022.3,5,1,4022.4,49,2
11483,2026-07-02 12:45:20+05:30,4021.0,25,4039.69,1222123,141451.0,168970.0,4100.0,4110.0,4012.0,4092.6,24920525,4501.8,3683.4,4440.0,3288.1,4021.0,1009,6,4020.7,2,2,4020.6,18,2,4020.5,175,4,4020.4,25,1,4021.7,13,2,4022.0,94,3,4022.1,35,3,4022.3,5,1,4022.4,49,2
11483,2026-07-02 12:45:21+05:30,4021.0,1,4039.69,1222123,141451.0,168970.0,4100.0,4110.0,4012.0,4092.6,24920525,4501.8,3683.4,4440.0,3288.1,4021.0,1009,6,4020.7,2,2,4020.6,18,2,4020.5,175,4,4020.4,25,1,4021.7,13,2,4022.0,94,3,4022.1,35,3,4022.3,5,1,4022.4,49,2
11483,2026-07-02 12:45:21+05:30,4021.0,1,4039.69,1222149,141513.0,169038.0,4100.0,4110.0,4012.0,4092.6,24920525,4501.8,3683.4,4440.0,3288.1,4021.0,1002,7,4020.7,2,2,4020.6,18,2,4020.5,175,4,4020.4,25,1,4021.7,20,3,4022.0,64,3,4022.1,48,4,4022.3,20,2,4022.4,84,3
11483,2026-07-02 12:45:22+05:30,4021.7,1,4039.69,1222149,141513.0,169038.0,4100.0,4110.0,4012.0,4092.6,24920525,4501.8,3683.4,4440.0,3288.1,4021.0,1002,7,4020.7,2,2,4020.6,18,2,4020.5,175,4,4020.4,25,1,4021.7,20,3,4022.0,64,3,4022.1,48,4,4022.3,20,2,4022.4,84,3
11483,2026-07-02 12:45:22+05:30,4021.7,1,4039.69,1222153,142063.0,168965.0,4100.0,4110.0,4012.0,4092.6,24920525,4501.8,3683.4,4440.0,3288.1,4021.3,1,1,4021.0,999,7,4020.7,2,2,4020.6,18,2,4020.5,175,4,4021.7,29,3,4022.0,53,3,4022.1,35,3,4022.3,5,1,4022.4,49,2
11483,2026-07-02 12:45:23+05:30,4021.7,3,4039.69,1222153,142063.0,168965.0,4100.0,4110.0,4012.0,4092.6,24920525,4501.8,3683.4,4440.0,3288.1,4021.3,1,1,4021.0,999,7,4020.7,2,2,4020.6,18,2,4020.5,175,4,4021.7,29,3,4022.0,53,3,4022.1,35,3,4022.3,5,1,4022.4,49,2
11483,2026-07-02 12:45:23+05:30,4021.7,3,4039.69,1222157,142054.0,168997.0,4100.0,4110.0,4012.0,4092.6,24920525,4501.8,3683.4,4440.0,3288.1,4021.0,999,7,4020.7,2,2,4020.6,18,2,4020.5,207,5,4020.4,25,1,4021.7,26,3,4022.0,53,3,4022.1,68,4,4022.3,5,1,4022.4,84,3
11483,2026-07-02 12:45:24+05:30,4021.7,1,4039.69,1222157,142054.0,168997.0,4100.0,4110.0,4012.0,4092.6,24920525,4501.8,3683.4,4440.0,3288.1,4021.0,999,7,4020.7,2,2,4020.6,18,2,4020.5,207,5,4020.4,25,1,4021.7,26,3,4022.0,53,3,4022.1,68,4,4022.3,5,1,4022.4,84,3
11483,2026-07-02 12:45:24+05:30,4021.7,1,4039.68,1222458,141858.0,168911.0,4100.0,4110.0,4012.0,4092.6,24920525,4501.8,3683.4,4440.0,3288.1,4021.0,800,7,4020.7,2,2,4020.6,18,2,4020.5,207,5,4020.4,25,1,4021.7,16,1,4022.0,55,4,4022.1,53,3,4022.3,5,1,4022.4,17,1
11483,2026-07-02 12:45:25+05:30,4021.0,32,4039.68,1222458,141858.0,168911.0,4100.0,4110.0,4012.0,4092.6,24920525,4501.8,3683.4,4440.0,3288.1,4021.0,800,7,4020.7,2,2,4020.6,18,2,4020.5,207,5,4020.4,25,1,4021.7,16,1,4022.0,55,4,4022.1,53,3,4022.3,5,1,4022.4,17,1
11483,2026-07-02 12:45:25+05:30,4021.7,2,4039.68,1222532,141041.0,169385.0,4100.0,4110.0,4012.0,4092.6,24920525,4501.8,3683.4,4440.0,3288.1,4021.0,731,7,4020.7,2,2,4020.6,18,2,4020.5,175,4,4020.4,25,1,4021.7,11,1,4022.0,69,5,4022.1,53,3,4022.4,84,4,4022.5,40,2
11483,2026-07-02 12:45:26+05:30,4021.7,7,4039.68,1222532,141041.0,169385.0,4100.0,4110.0,4012.0,4092.6,24920525,4501.8,3683.4,4440.0,3288.1,4021.0,731,7,4020.7,2,2,4020.6,18,2,4020.5,175,4,4020.4,25,1,4021.7,11,1,4022.0,69,5,4022.1,53,3,4022.4,84,4,4022.5,40,2
11483,2026-07-02 12:45:26+05:30,4021.7,7,4039.68,1222616,141373.0,169417.0,4100.0,4110.0,4012.0,4092.6,24920525,4501.8,3683.4,4440.0,3288.1,4021.1,8,1,4021.0,718,7,4020.7,2,2,4020.6,18,2,4020.5,175,4,4021.7,13,2,4022.0,72,6,4022.1,53,3,4022.4,51,3,4022.5,40,2
11483,2026-07-02 12:45:27+05:30,4021.9,52,4039.68,1222616,141373.0,169417.0,4100.0,4110.0,4012.0,4092.6,24920525,4501.8,3683.4,4440.0,3288.1,4021.1,8,1,4021.0,718,7,4020.7,2,2,4020.6,18,2,4020.5,175,4,4021.7,13,2,4022.0,72,6,4022.1,53,3,4022.4,51,3,4022.5,40,2
11483,2026-07-02 12:45:27+05:30,4022.0,1,4039.68,1222727,141248.0,169311.0,4100.0,4110.0,4012.0,4092.6,24920525,4501.8,3683.4,4440.0,3288.1,4021.1,8,1,4021.0,768,8,4020.7,2,2,4020.6,18,2,4020.5,175,4,4022.0,104,9,4022.1,36,2,4022.3,5,1,4022.4,82,4,4022.5,11,3
11483,2026-07-02 12:45:28+05:30,4021.1,14,4039.68,1222727,141248.0,169311.0,4100.0,4110.0,4012.0,4092.6,24920525,4501.8,3683.4,4440.0,3288.1,4021.1,8,1,4021.0,768,8,4020.7,2,2,4020.6,18,2,4020.5,175,4,4022.0,104,9,4022.1,36,2,4022.3,5,1,4022.4,82,4,4022.5,11,3
11483,2026-07-02 12:45:28+05:30,4021.1,14,4039.68,1222741,141225.0,169328.0,4100.0,4110.0,4012.0,4092.6,24920525,4501.8,3683.4,4440.0,3288.1,4021.1,8,1,4021.0,768,8,4020.7,2,2,4020.6,18,2,4020.5,175,4,4022.0,104,9,4022.1,36,2,4022.3,5,1,4022.4,82,4,4022.5,9,2
11483,2026-07-02 12:45:29+05:30,4022.0,7,4039.68,1222741,141225.0,169328.0,4100.0,4110.0,4012.0,4092.6,24920525,4501.8,3683.4,4440.0,3288.1,4021.1,8,1,4021.0,768,8,4020.7,2,2,4020.6,18,2,4020.5,175,4,4022.0,104,9,4022.1,36,2,4022.3,5,1,4022.4,82,4,4022.5,9,2
11483,2026-07-02 12:45:29+05:30,4022.0,7,4039.68,1222804,141447.0,169305.0,4100.0,4110.0,4012.0,4092.6,24920525,4501.8,3683.4,4440.0,3288.1,4021.0,778,9,4020.7,2,2,4020.6,18,2,4020.5,175,4,4020.4,25,1,4022.0,97,9,4022.1,36,2,4022.2,1,1,4022.3,5,1,4022.4,82,4
11483,2026-07-02 12:45:30+05:30,4022.0,27,4039.68,1222804,141447.0,169305.0,4100.0,4110.0,4012.0,4092.6,24920525,4501.8,3683.4,4440.0,3288.1,4021.0,778,9,4020.7,2,2,4020.6,18,2,4020.5,175,4,4020.4,25,1,4022.0,97,9,4022.1,36,2,4022.2,1,1,4022.3,5,1,4022.4,82,4
11483,2026-07-02 12:45:30+05:30,4022.0,27,4039.68,1222839,142760.0,169192.0,4100.0,4110.0,4012.0,4092.6,24920525,4501.8,3683.4,4440.0,3288.1,4021.2,19,1,4021.1,60,1,4021.0,842,10,4020.7,84,4,4020.6,42,3,4022.0,48,7,4022.1,36,2,4022.2,1,1,4022.5,2,1,4022.6,17,2
11483,2026-07-02 12:45:31+05:30,4022.0,1,4039.68,1222839,142760.0,169192.0,4100.0,4110.0,4012.0,4092.6,24920525,4501.8,3683.4,4440.0,3288.1,4021.2,19,1,4021.1,60,1,4021.0,842,10,4020.7,84,4,4020.6,42,3,4022.0,48,7,4022.1,36,2,4022.2,1,1,4022.5,2,1,4022.6,17,2
11483,2026-07-02 12:45:31+05:30,4022.0,1,4039.68,1222846,142686.0,169318.0,4100.0,4110.0,4012.0,4092.6,24920525,4501.8,3683.4,4440.0,3288.1,4021.7,2,2,4021.2,80,2,4021.0,854,11,4020.9,72,1,4020.7,57,4,4022.0,46,7,4022.1,37,3,4022.2,1,1,4022.5,2,1,4022.6,17,2
11483,2026-07-02 12:45:32+05:30,4021.7,1,4039.68,1222846,142686.0,169318.0,4100.0,4110.0,4012.0,4092.6,24920525,4501.8,3683.4,4440.0,3288.1,4021.7,2,2,4021.2,80,2,4021.0,854,11,4020.9,72,1,4020.7,57,4,4022.0,46,7,4022.1,37,3,4022.2,1,1,4022.5,2,1,4022.6,17,2
11483,2026-07-02 12:45:32+05:30,4022.0,4,4039.68,1222854,142721.0,169411.0,4100.0,4110.0,4012.0,4092.6,24920525,4501.8,3683.4,4440.0,3288.1,4021.7,76,3,4021.6,60,1,4021.5,61,1,4021.2,19,1,4021.0,794,10,4022.0,141,8,4022.1,37,3,4022.2,1,1,4022.5,2,1,4022.6,15,1
11483,2026-07-02 12:45:33+05:30,4022.0,4,4039.68,1222854,142721.0,169411.0,4100.0,4110.0,4012.0,4092.6,24920525,4501.8,3683.4,4440.0,3288.1,4021.7,76,3,4021.6,60,1,4021.5,61,1,4021.2,19,1,4021.0,794,10,4022.0,141,8,4022.1,37,3,4022.2,1,1,4022.5,2,1,4022.6,15,1
11483,2026-07-02 12:45:33+05:30,4022.0,50,4039.67,1223056,142780.0,169291.0,4100.0,4110.0,4012.0,4092.6,24920525,4501.8,3683.4,4440.0,3288.1,4021.7,75,3,4021.6,60,1,4021.5,80,2,4021.2,19,1,4021.0,810,11,4022.0,29,3,4022.1,37,3,4022.2,1,1,4022.5,2,1,4022.6,15,1
11483,2026-07-02 12:45:34+05:30,4021.7,37,4039.67,1223056,142780.0,169291.0,4100.0,4110.0,4012.0,4092.6,24920525,4501.8,3683.4,4440.0,3288.1,4021.7,75,3,4021.6,60,1,4021.5,80,2,4021.2,19,1,4021.0,810,11,4022.0,29,3,4022.1,37,3,4022.2,1,1,4022.5,2,1,4022.6,15,1
11483,2026-07-02 12:45:34+05:30,4021.7,37,4039.67,1223255,142950.0,169301.0,4100.0,4110.0,4012.0,4092.6,24920525,4501.8,3683.4,4440.0,3288.1,4021.7,35,1,4021.6,60,1,4021.5,61,1,4021.2,19,1,4021.0,786,10,4022.0,34,4,4022.1,37,3,4022.2,1,1,4022.5,2,1,4022.6,15,1
11483,2026-07-02 12:45:35+05:30,4021.7,25,4039.67,1223255,142950.0,169301.0,4100.0,4110.0,4012.0,4092.6,24920525,4501.8,3683.4,4440.0,3288.1,4021.7,35,1,4021.6,60,1,4021.5,61,1,4021.2,19,1,4021.0,786,10,4022.0,34,4,4022.1,37,3,4022.2,1,1,4022.5,2,1,4022.6,15,1
11483,2026-07-02 12:45:35+05:30,4021.7,1,4039.67,1223398,142785.0,169166.0,4100.0,4110.0,4012.0,4092.6,24920525,4501.8,3683.4,4440.0,3288.1,4021.7,12,1,4021.6,61,1,4021.3,60,1,4021.2,43,2,4021.0,786,10,4022.1,37,3,4022.2,1,1,4022.5,2,1,4022.6,15,1,4022.7,13,1
11483,2026-07-02 12:45:36+05:30,4021.7,5,4039.67,1223398,142785.0,169166.0,4100.0,4110.0,4012.0,4092.6,24920525,4501.8,3683.4,4440.0,3288.1,4021.7,12,1,4021.6,61,1,4021.3,60,1,4021.2,43,2,4021.0,786,10,4022.1,37,3,4022.2,1,1,4022.5,2,1,4022.6,15,1,4022.7,13,1
11483,2026-07-02 12:45:36+05:30,4021.7,5,4039.67,1223415,142845.0,168872.0,4100.0,4110.0,4012.0,4092.6,24920525,4501.8,3683.4,4440.0,3288.1,4021.9,33,5,4021.8,7,2,4021.7,69,4,4021.6,88,1,4021.5,43,3,4022.1,37,3,4022.2,1,1,4022.5,2,1,4022.6,15,1,4022.7,13,1
11483,2026-07-02 12:45:37+05:30,4022.1,1,4039.67,1223415,142845.0,168872.0,4100.0,4110.0,4012.0,4092.6,24920525,4501.8,3683.4,4440.0,3288.1,4021.9,33,5,4021.8,7,2,4021.7,69,4,4021.6,88,1,4021.5,43,3,4022.1,37,3,4022.2,1,1,4022.5,2,1,4022.6,15,1,4022.7,13,1
11483,2026-07-02 12:45:37+05:30,4022.0,38,4039.67,1223474,143489.0,168741.0,4100.0,4110.0,4012.0,4092.6,24920525,4501.8,3683.4,4440.0,3288.1,4021.9,92,4,4021.8,91,2,4021.7,5,2,4021.6,62,2,4021.5,24,1,4022.0,294,2,4022.1,36,3,4022.2,1,1,4022.5,2,1,4022.6,15,1
11483,2026-07-02 12:45:38+05:30,4022.0,56,4039.67,1223474,143489.0,168741.0,4100.0,4110.0,4012.0,4092.6,24920525,4501.8,3683.4,4440.0,3288.1,4021.9,92,4,4021.8,91,2,4021.7,5,2,4021.6,62,2,4021.5,24,1,4022.0,294,2,4022.1,36,3,4022.2,1,1,4022.5,2,1,4022.6,15,1
11483,2026-07-02 12:45:38+05:30,4022.0,1,4039.66,1223773,143720.0,168142.0,4100.0,4110.0,4012.0,4092.6,24920525,4501.8,3683.4,4440.0,3288.1,4021.9,123,7,4021.7,31,2,4021.6,99,3,4021.5,59,3,4021.4,11,1,4022.0,58,1,4022.1,36,3,4022.2,1,1,4022.5,2,1,4022.6,15,1
11483,2026-07-02 12:45:39+05:30,4022.0,1,4039.66,1223773,143720.0,168142.0,4100.0,4110.0,4012.0,4092.6,24920525,4501.8,3683.4,4440.0,3288.1,4021.9,123,7,4021.7,31,2,4021.6,99,3,4021.5,59,3,4021.4,11,1,4022.0,58,1,4022.1,36,3,4022.2,1,1,4022.5,2,1,4022.6,15,1
11483,2026-07-02 12:45:39+05:30,4022.0,8,4039.66,1223882,143738.0,168088.0,4100.0,4110.0,4012.0,4092.6,24920525,4501.8,3683.4,4440.0,3288.1,4021.9,109,7,4021.7,31,2,4021.6,99,3,4021.5,93,4,4021.4,11,1,4022.0,8,1,4022.1,36,3,4022.2,1,1,4022.5,2,1,4022.6,15,1
11483,2026-07-02 12:45:40+05:30,4021.9,10,4039.66,1223882,143738.0,168088.0,4100.0,4110.0,4012.0,4092.6,24920525,4501.8,3683.4,4440.0,3288.1,4021.9,109,7,4021.7,31,2,4021.6,99,3,4021.5,93,4,4021.4,11,1,4022.0,8,1,4022.1,36,3,4022.2,1,1,4022.5,2,1,4022.6,15,1
11483,2026-07-02 12:45:40+05:30,4022.1,16,4039.66,1223981,143977.0,167858.0,4100.0,4110.0,4012.0,4092.6,24920525,4501.8,3683.4,4440.0,3288.1,4021.9,115,6,4021.8,24,1,4021.7,2,1,4021.6,94,2,4021.5,87,4,4022.1,20,3,4022.2,1,1,4022.5,2,1,4022.6,15,1,4022.7,13,1
11483,2026-07-02 12:45:41+05:30,4021.9,6,4039.66,1223981,143977.0,167858.0,4100.0,4110.0,4012.0,4092.6,24920525,4501.8,3683.4,4440.0,3288.1,4021.9,115,6,4021.8,24,1,4021.7,2,1,4021.6,94,2,4021.5,87,4,4022.1,20,3,4022.2,1,1,4022.5,2,1,4022.6,15,1,4022.7,13,1
11483,2026-07-02 12:45:41+05:30,4022.0,6,4039.66,1224176,150271.0,167703.0,4100.0,4110.0,4012.0,4092.6,24920525,4501.8,3683.4,4440.0,3288.1,4022.1,8,1,4022.0,42,5,4021.9,114,6,4021.7,8,2,4021.6,88,1,4022.7,6,1,4023.0,171,2,4023.3,15,1,4023.4,2,1,4023.7,33,1
11483,2026-07-02 12:45:42+05:30,4022.7,1,4039.66,1224176,150271.0,167703.0,4100.0,4110.0,4012.0,4092.6,24920525,4501.8,3683.4,4440.0,3288.1,4022.1,8,1,4022.0,42,5,4021.9,114,6,4021.7,8,2,4021.6,88,1,4022.7,6,1,4023.0,171,2,4023.3,15,1,4023.4,2,1,4023.7,33,1
11483,2026-07-02 12:45:42+05:30,4023.3,4,4039.65,1224426,150174.0,165876.0,4100.0,4110.0,4012.0,4092.6,24920525,4501.8,3683.4,4440.0,3288.1,4023.4,36,6,4023.3,26,3,4023.2,22,3,4023.1,25,3,4023.0,107,6,4024.5,1,1,4024.6,2,1,4025.0,5,1,4025.1,44,2,4025.4,45,3
11483,2026-07-02 12:45:43+05:30,4024.5,1,4039.65,1224426,150174.0,165876.0,4100.0,4110.0,4012.0,4092.6,24920525,4501.8,3683.4,4440.0,3288.1,4023.4,36,6,4023.3,26,3,4023.2,22,3,4023.1,25,3,4023.0,107,6,4024.5,1,1,4024.6,2,1,4025.0,5,1,4025.1,44,2,4025.4,45,3
11483,2026-07-02 12:45:43+05:30,4023.5,5,4039.65,1224642,144447.0,166829.0,4100.0,4110.0,4012.0,4092.6,24920525,4501.8,3683.4,4440.0,3288.1,4022.7,14,2,4022.5,40,3,4022.4,21,2,4022.3,6,1,4022.2,2,1,4023.5,170,1,4024.3,3,1,4024.4,10,1,4024.6,1,1,4024.8,21,2
11483,2026-07-02 12:45:44+05:30,4022.7,11,4039.65,1224642,144447.0,166829.0,4100.0,4110.0,4012.0,4092.6,24920525,4501.8,3683.4,4440.0,3288.1,4022.7,14,2,4022.5,40,3,4022.4,21,2,4022.3,6,1,4022.2,2,1,4023.5,170,1,4024.3,3,1,4024.4,10,1,4024.6,1,1,4024.8,21,2
11483,2026-07-02 12:45:44+05:30,4022.7,11,4039.65,1224656,144485.0,167065.0,4100.0,4110.0,4012.0,4092.6,24920525,4501.8,3683.4,4440.0,3288.1,4022.5,23,2,4022.3,6,1,4022.2,38,3,4022.1,42,3,4022.0,16,3,4022.7,3,1,4023.5,178,2,4024.2,13,1,4024.3,3,1,4024.4,47,3
11483,2026-07-02 12:45:45+05:30,4022.5,2,4039.65,1224656,144485.0,167065.0,4100.0,4110.0,4012.0,4092.6,24920525,4501.8,3683.4,4440.0,3288.1,4022.5,23,2,4022.3,6,1,4022.2,38,3,4022.1,42,3,4022.0,16,3,4022.7,3,1,4023.5,178,2,4024.2,13,1,4024.3,3,1,4024.4,47,3
11483,2026-07-02 12:45:45+05:30,4022.7,3,4039.65,1224665,144538.0,167013.0,4100.0,4110.0,4012.0,4092.6,24920525,4501.8,3683.4,4440.0,3288.1,4022.3,29,4,4022.2,65,4,4022.1,19,2,4022.0,16,3,4021.9,92,5,4022.7,3,1,4023.5,178,2,4023.9,13,1,4024.2,13,1,4024.3,12,2
11483,2026-07-02 12:45:46+05:30,4022.7,5,4039.65,1224665,144538.0,167013.0,4100.0,4110.0,4012.0,4092.6,24920525,4501.8,3683.4,4440.0,3288.1,4022.3,29,4,4022.2,65,4,4022.1,19,2,4022.0,16,3,4021.9,92,5,4022.7,3,1,4023.5,178,2,4023.9,13,1,4024.2,13,1,4024.3,12,2
11483,2026-07-02 12:45:46+05:30,4023.5,1,4039.65,1224672,144533.0,166924.0,4100.0,4110.0,4012.0,4092.6,24920525,4501.8,3683.4,4440.0,3288.1,4022.7,19,4,4022.6,23,1,4022.5,16,1,4022.3,42,5,4022.2,13,3,4023.5,177,2,4024.3,3,1,4024.4,42,2,4024.5,21,3,4024.6,3,2
11483,2026-07-02 12:45:47+05:30,4022.7,1,4039.65,1224672,144533.0,166924.0,4100.0,4110.0,4012.0,4092.6,24920525,4501.8,3683.4,4440.0,3288.1,4022.7,19,4,4022.6,23,1,4022.5,16,1,4022.3,42,5,4022.2,13,3,4023.5,177,2,4024.3,3,1,4024.4,42,2,4024.5,21,3,4024.6,3,2
11483,2026-07-02 12:45:47+05:30,4022.7,1,4039.65,1224674,144941.0,167076.0,4100.0,4110.0,4012.0,4092.6,24920525,4501.8,3683.4,4440.0,3288.1,4022.7,28,5,4022.5,16,1,4022.4,25,2,4022.3,42,5,4022.2,13,3,4023.5,178,3,4024.3,3,1,4024.4,42,2,4024.5,21,3,4024.6,8,3
11483,2026-07-02 12:45:48+05:30,4022.7,1,4039.65,1224674,144941.0,167076.0,4100.0,4110.0,4012.0,4092.6,24920525,4501.8,3683.4,4440.0,3288.1,4022.7,28,5,4022.5,16,1,4022.4,25,2,4022.3,42,5,4022.2,13,3,4023.5,178,3,4024.3,3,1,4024.4,42,2,4024.5,21,3,4024.6,8,3
11483,2026-07-02 12:45:48+05:30,4022.7,1,4039.65,1224674,144960.0,167056.0,4100.0,4110.0,4012.0,4092.6,24920525,4501.8,3683.4,4440.0,3288.1,4022.7,42,5,4022.5,16,1,4022.4,25,2,4022.3,42,5,4022.2,13,3,4023.5,196,5,4024.0,50,1,4024.3,3,1,4024.4,42,2,4024.5,13,1
11483,2026-07-02 12:45:49+05:30,4023.5,100,4039.65,1224674,144960.0,167056.0,4100.0,4110.0,4012.0,4092.6,24920525,4501.8,3683.4,4440.0,3288.1,4022.7,42,5,4022.5,16,1,4022.4,25,2,4022.3,42,5,4022.2,13,3,4023.5,196,5,4024.0,50,1,4024.3,3,1,4024.4,42,2,4024.5,13,1
11483,2026-07-02 12:45:49+05:30,4023.5,100,4039.65,1224774,145292.0,166968.0,4100.0,4110.0,4012.0,4092.6,24920525,4501.8,3683.4,4440.0,3288.1,4023.0,31,5,4022.9,43,4,4022.8,12,2,4022.7,74,7,4022.6,47,2,4023.5,96,5,4024.0,50,1,4024.5,13,1,4024.6,1,1,4024.7,3,1
11483,2026-07-02 12:45:50+05:30,4023.0,1,4039.65,1224774,145292.0,166968.0,4100.0,4110.0,4012.0,4092.6,24920525,4501.8,3683.4,4440.0,3288.1,4023.0,31,5,4022.9,43,4,4022.8,12,2,4022.7,74,7,4022.6,47,2,4023.5,96,5,4024.0,50,1,4024.5,13,1,4024.6,1,1,4024.7,3,1
11483,2026-07-02 12:45:51+05:30,4024.0,2,4039.65,1224948,145456.0,166205.0,4100.0,4110.0,4012.0,4092.6,24920525,4501.8,3683.4,4440.0,3288.1,4023.3,75,6,4023.2,12,2,4023.1,15,3,4023.0,34,3,4022.9,51,5,4024.0,45,1,4024.6,1,1,4025.0,5,1,4025.1,44,2,4025.2,15,1
11483,2026-07-02 12:45:51+05:30,4023.3,21,4039.65,1224948,145456.0,166205.0,4100.0,4110.0,4012.0,4092.6,24920525,4501.8,3683.4,4440.0,3288.1,4023.3,75,6,4023.2,12,2,4023.1,15,3,4023.0,34,3,4022.9,51,5,4024.0,45,1,4024.6,1,1,4025.0,5,1,4025.1,44,2,4025.2,15,1
11483,2026-07-02 12:45:52+05:30,4023.5,1,4039.65,1224948,145456.0,166205.0,4100.0,4110.0,4012.0,4092.6,24920525,4501.8,3683.4,4440.0,3288.1,4023.3,75,6,4023.2,12,2,4023.1,15,3,4023.0,34,3,4022.9,51,5,4024.0,45,1,4024.6,1,1,4025.0,5,1,4025.1,44,2,4025.2,15,1
11483,2026-07-02 12:45:52+05:30,4023.5,1,4039.65,1224970,145552.0,166281.0,4100.0,4110.0,4012.0,4092.6,24920525,4501.8,3683.4,4440.0,3288.1,4023.3,51,5,4023.2,12,2,4023.1,15,3,4023.0,34,3,4022.9,37,4,4024.0,49,3,4024.6,1,1,4025.0,5,1,4025.1,44,2,4025.2,21,2
11483,2026-07-02 12:45:53+05:30,4023.3,2,4039.65,1224970,145552.0,166281.0,4100.0,4110.0,4012.0,4092.6,24920525,4501.8,3683.4,4440.0,3288.1,4023.3,51,5,4023.2,12,2,4023.1,15,3,4023.0,34,3,4022.9,37,4,4024.0,49,3,4024.6,1,1,4025.0,5,1,4025.1,44,2,4025.2,21,2
11483,2026-07-02 12:45:53+05:30,4023.3,2,4039.65,1224972,145573.0,166296.0,4100.0,4110.0,4012.0,4092.6,24920525,4501.8,3683.4,4440.0,3288.1,4023.4,2,1,4023.3,49,5,4023.2,9,1,4023.1,15,3,4023.0,34,3,4024.0,49,3,4024.6,1,1,4025.0,10,2,4025.1,44,2,4025.2,15,1
11483,2026-07-02 12:45:54+05:30,4024.0,2,4039.65,1224972,145573.0,166296.0,4100.0,4110.0,4012.0,4092.6,24920525,4501.8,3683.4,4440.0,3288.1,4023.4,2,1,4023.3,49,5,4023.2,9,1,4023.1,15,3,4023.0,34,3,4024.0,49,3,4024.6,1,1,4025.0,10,2,4025.1,44,2,4025.2,15,1
11483,2026-07-02 12:45:54+05:30,4024.0,2,4039.65,1224995,145595.0,166305.0,4100.0,4110.0,4012.0,4092.6,24920525,4501.8,3683.4,4440.0,3288.1,4023.3,48,4,4023.2,9,1,4023.1,15,3,4023.0,34,3,4022.9,37,4,4024.0,47,3,4024.6,1,1,4025.0,10,2,4025.1,44,2,4025.2,21,2
11483,2026-07-02 12:45:55+05:30,4024.0,20,4039.65,1224995,145595.0,166305.0,4100.0,4110.0,4012.0,4092.6,24920525,4501.8,3683.4,4440.0,3288.1,4023.3,48,4,4023.2,9,1,4023.1,15,3,4023.0,34,3,4022.9,37,4,4024.0,47,3,4024.6,1,1,4025.0,10,2,4025.1,44,2,4025.2,21,2
11483,2026-07-02 12:45:55+05:30,4024.0,20,4039.64,1225017,145659.0,166271.0,4100.0,4110.0,4012.0,4092.6,24920525,4501.8,3683.4,4440.0,3288.1,4023.4,37,5,4023.3,20,2,4023.2,9,1,4023.1,15,3,4023.0,34,3,4024.0,28,4,4024.6,1,1,4024.9,5,1,4025.0,10,2,4025.1,44,2
11483,2026-07-02 12:45:56+05:30,4024.0,1,4039.64,1225017,145659.0,166271.0,4100.0,4110.0,4012.0,4092.6,24920525,4501.8,3683.4,4440.0,3288.1,4023.4,37,5,4023.3,20,2,4023.2,9,1,4023.1,15,3,4023.0,34,3,4024.0,28,4,4024.6,1,1,4024.9,5,1,4025.0,10,2,4025.1,44,2
11483,2026-07-02 12:45:56+05:30,4024.0,1,4039.64,1225021,145661.0,166273.0,4100.0,4110.0,4012.0,4092.6,24920525,4501.8,3683.4,4440.0,3288.1,4023.4,34,5,4023.3,20,2,4023.2,9,1,4023.1,15,3,4023.0,34,3,4024.0,27,4,4024.6,1,1,4024.9,12,2,4025.0,10,2,4025.1,44,2
11483,2026-07-02 12:45:57+05:30,4024.0,3,4039.64,1225024,145504.0,166503.0,4100.0,4110.0,4012.0,4092.6,24920525,4501.8,3683.4,4440.0,3288.1,4023.4,34,5,4023.3,20,2,4023.2,9,1,4023.1,15,3,4023.0,34,3,4024.0,24,4,4024.6,1,1,4024.8,2,1,4024.9,12,2,4025.0,10,2
11483,2026-07-02 12:45:58+05:30,4024.6,1,4039.64,1225024,145504.0,166503.0,4100.0,4110.0,4012.0,4092.6,24920525,4501.8,3683.4,4440.0,3288.1,4023.4,34,5,4023.3,20,2,4023.2,9,1,4023.1,15,3,4023.0,34,3,4024.0,24,4,4024.6,1,1,4024.8,2,1,4024.9,12,2,4025.0,10,2
11483,2026-07-02 12:45:58+05:30,4024.0,2,4039.64,1225061,146481.0,165486.0,4100.0,4110.0,4012.0,4092.6,24920525,4501.8,3683.4,4440.0,3288.1,4024.0,49,6,4023.8,13,1,4023.7,20,1,4023.6,24,3,4023.5,33,1,4025.0,10,2,4025.7,18,2,4025.8,2,1,4025.9,32,1,4026.0,18,2
11483,2026-07-02 12:45:59+05:30,4025.0,1,4039.64,1225061,146481.0,165486.0,4100.0,4110.0,4012.0,4092.6,24920525,4501.8,3683.4,4440.0,3288.1,4024.0,49,6,4023.8,13,1,4023.7,20,1,4023.6,24,3,4023.5,33,1,4025.0,10,2,4025.7,18,2,4025.8,2,1,4025.9,32,1,4026.0,18,2
11483,2026-07-02 12:45:59+05:30,4025.0,1,4039.64,1225073,146806.0,165536.0,4100.0,4110.0,4012.0,4092.6,24920525,4501.8,3683.4,4440.0,3288.1,4024.0,56,6,4023.6,39,2,4023.5,33,2,4023.4,3,1,4023.3,86,5,4025.0,3,1,4025.7,18,2,4025.8,2,1,4025.9,32,1,4026.0,26,4
11483,2026-07-02 12:45:59+05:30,4025.0,1,4039.64,1225073,146806.0,165536.0,4100.0,4110.0,4012.0,4092.6,24920525,4501.8,3683.4,4440.0,3288.1,4024.0,56,6,4023.6,39,2,4023.5,33,2,4023.4,3,1,4023.3,86,5,4025.0,3,1,4025.7,18,2,4025.8,2,1,4025.9,32,1,4026.0,26,4
11483,2026-07-02 12:46:00+05:30,4025.0,1,4039.64,1225073,146806.0,165536.0,4100.0,4110.0,4012.0,4092.6,24920525,4501.8,3683.4,4440.0,3288.1,4024.0,56,6,4023.6,39,2,4023.5,33,2,4023.4,3,1,4023.3,86,5,4025.0,3,1,4025.7,18,2,4025.8,2,1,4025.9,32,1,4026.0,26,4
11483,2026-07-02 12:46:00+05:30,4024.0,5,4039.64,1225114,146637.0,165562.0,4100.0,4110.0,4012.0,4092.6,24920525,4501.8,3683.4,4440.0,3288.1,4024.0,9,2,4023.9,68,3,4023.7,61,3,4023.6,39,2,4023.5,33,2,4025.0,2,1,4025.7,12,1,4025.8,2,1,4025.9,32,1,4026.0,26,4
11483,2026-07-02 12:46:00+05:30,4024.0,5,4039.64,1225114,146637.0,165562.0,4100.0,4110.0,4012.0,4092.6,24920525,4501.8,3683.4,4440.0,3288.1,4024.0,9,2,4023.9,68,3,4023.7,61,3,4023.6,39,2,4023.5,33,2,4025.0,2,1,4025.7,12,1,4025.8,2,1,4025.9,32,1,4026.0,26,4
11483,2026-07-02 12:46:01+05:30,4025.0,2,4039.64,1225114,146637.0,165562.0,4100.0,4110.0,4012.0,4092.6,24920525,4501.8,3683.4,4440.0,3288.1,4024.0,9,2,4023.9,68,3,4023.7,61,3,4023.6,39,2,4023.5,33,2,4025.0,2,1,4025.7,12,1,4025.8,2,1,4025.9,32,1,4026.0,26,4
11483,2026-07-02 12:46:01+05:30,4025.0,2,4039.64,1225123,146631.0,164995.0,4100.0,4110.0,4012.0,4092.6,24920525,4501.8,3683.4,4440.0,3288.1,4025.0,4,1,4024.5,12,4,4023.7,61,2,4023.4,15,2,4023.3,68,3,4025.3,7,1,4025.4,23,2,4025.5,33,3,4025.6,21,4,4025.7,47,6
11483,2026-07-02 12:46:01+05:30,4025.0,2,4039.64,1225123,146631.0,164995.0,4100.0,4110.0,4012.0,4092.6,24920525,4501.8,3683.4,4440.0,3288.1,4025.0,4,1,4024.5,12,4,4023.7,61,2,4023.4,15,2,4023.3,68,3,4025.3,7,1,4025.4,23,2,4025.5,33,3,4025.6,21,4,4025.7,47,6
11483,2026-07-02 12:46:02+05:30,4025.0,1,4039.64,1225123,146631.0,164995.0,4100.0,4110.0,4012.0,4092.6,24920525,4501.8,3683.4,4440.0,3288.1,4025.0,4,1,4024.5,12,4,4023.7,61,2,4023.4,15,2,4023.3,68,3,4025.3,7,1,4025.4,23,2,4025.5,33,3,4025.6,21,4,4025.7,47,6
11483,2026-07-02 12:46:02+05:30,4025.0,1,4039.64,1225124,146644.0,165138.0,4100.0,4110.0,4012.0,4092.6,24920525,4501.8,3683.4,4440.0,3288.1,4025.0,3,1,4024.5,12,4,4023.7,13,1,4023.4,15,2,4023.3,68,3,4025.2,7,1,4025.3,27,4,4025.4,10,2,4025.5,33,3,4025.6,44,4
11483,2026-07-02 12:46:02+05:30,4025.0,1,4039.64,1225124,146644.0,165138.0,4100.0,4110.0,4012.0,4092.6,24920525,4501.8,3683.4,4440.0,3288.1,4025.0,3,1,4024.5,12,4,4023.7,13,1,4023.4,15,2,4023.3,68,3,4025.2,7,1,4025.3,27,4,4025.4,10,2,4025.5,33,3,4025.6,44,4
11483,2026-07-02 12:46:03+05:30,4025.0,1,4039.64,1225124,146644.0,165138.0,4100.0,4110.0,4012.0,4092.6,24920525,4501.8,3683.4,4440.0,3288.1,4025.0,3,1,4024.5,12,4,4023.7,13,1,4023.4,15,2,4023.3,68,3,4025.2,7,1,4025.3,27,4,4025.4,10,2,4025.5,33,3,4025.6,44,4
11483,2026-07-02 12:46:03+05:30,4025.0,1,4039.64,1225124,146620.0,165057.0,4100.0,4110.0,4012.0,4092.6,24920525,4501.8,3683.4,4440.0,3288.1,4025.0,3,1,4024.5,12,4,4023.7,13,1,4023.4,15,2,4023.3,68,3,4025.3,27,4,4025.4,7,1,4025.5,33,3,4025.6,56,5,4025.7,47,6
11483,2026-07-02 12:46:03+05:30,4025.0,1,4039.64,1225124,146620.0,165057.0,4100.0,4110.0,4012.0,4092.6,24931200,4501.8,3683.4,4440.0,3288.1,4025.0,3,1,4024.5,12,4,4023.7,13,1,4023.4,15,2,4023.3,68,3,4025.3,27,4,4025.4,7,1,4025.5,33,3,4025.6,56,5,4025.7,47,6
11483,2026-07-02 12:46:04+05:30,4025.0,4,4039.64,1225124,146620.0,165057.0,4100.0,4110.0,4012.0,4092.6,24931200,4501.8,3683.4,4440.0,3288.1,4025.0,3,1,4024.5,12,4,4023.7,13,1,4023.4,15,2,4023.3,68,3,4025.3,27,4,4025.4,7,1,4025.5,33,3,4025.6,56,5,4025.7,47,6
11483,2026-07-02 12:46:04+05:30,4025.0,4,4039.64,1225124,146620.0,165057.0,4100.0,4110.0,4012.0,4092.6,24931200,4501.8,3683.4,4440.0,3288.1,4025.0,3,1,4024.5,12,4,4023.7,13,1,4023.4,15,2,4023.3,68,3,4025.3,27,4,4025.4,7,1,4025.5,33,3,4025.6,56,5,4025.7,47,6
11483,2026-07-02 12:46:04+05:30,4025.0,4,4039.64,1225129,146237.0,165463.0,4100.0,4110.0,4012.0,4092.6,24931200,4501.8,3683.4,4440.0,3288.1,4025.0,8,1,4024.5,3,3,4023.7,13,1,4023.4,15,2,4023.2,9,1,4025.2,17,3,4025.3,47,6,4025.4,7,1,4025.5,36,4,4025.6,44,4
11483,2026-07-02 12:46:04+05:30,4025.0,4,4039.64,1225129,146237.0,165463.0,4100.0,4110.0,4012.0,4092.6,24931200,4501.8,3683.4,4440.0,3288.1,4025.0,8,1,4024.5,3,3,4023.7,13,1,4023.4,15,2,4023.2,9,1,4025.2,17,3,4025.3,47,6,4025.4,7,1,4025.5,36,4,4025.6,44,4
11483,2026-07-02 12:46:05+05:30,4025.0,4,4039.64,1225129,146237.0,165463.0,4100.0,4110.0,4012.0,4092.6,24931200,4501.8,3683.4,4440.0,3288.1,4025.0,8,1,4024.5,3,3,4023.7,13,1,4023.4,15,2,4023.2,9,1,4025.2,17,3,4025.3,47,6,4025.4,7,1,4025.5,36,4,4025.6,44,4
11483,2026-07-02 12:46:05+05:30,4025.0,1,4039.64,1225129,146237.0,165463.0,4100.0,4110.0,4012.0,4092.6,24931200,4501.8,3683.4,4440.0,3288.1,4025.0,8,1,4024.5,3,3,4023.7,13,1,4023.4,15,2,4023.2,9,1,4025.2,17,3,4025.3,47,6,4025.4,7,1,4025.5,36,4,4025.6,44,4
11483,2026-07-02 12:46:05+05:30,4025.0,1,4039.64,1225130,146395.0,165397.0,4100.0,4110.0,4012.0,4092.6,24931200,4501.8,3683.4,4440.0,3288.1,4025.0,7,1,4024.5,3,3,4023.7,13,1,4023.5,5,1,4023.4,25,4,4025.3,18,5,4025.4,7,1,4025.5,36,4,4025.6,44,4,4025.7,46,5
11483,2026-07-02 12:46:05+05:30,4025.0,1,4039.64,1225130,146395.0,165397.0,4100.0,4110.0,4012.0,4092.6,24931200,4501.8,3683.4,4440.0,3288.1,4025.0,7,1,4024.5,3,3,4023.7,13,1,4023.5,5,1,4023.4,25,4,4025.3,18,5,4025.4,7,1,4025.5,36,4,4025.6,44,4,4025.7,46,5
11483,2026-07-02 12:46:06+05:30,4025.2,1,4039.64,1225130,146395.0,165397.0,4100.0,4110.0,4012.0,4092.6,24931200,4501.8,3683.4,4440.0,3288.1,4025.0,7,1,4024.5,3,3,4023.7,13,1,4023.5,5,1,4023.4,25,4,4025.3,18,5,4025.4,7,1,4025.5,36,4,4025.6,44,4,4025.7,46,5
11483,2026-07-02 12:46:06+05:30,4025.2,1,4039.64,1225138,146480.0,165217.0,4100.0,4110.0,4012.0,4092.6,24931200,4501.8,3683.4,4440.0,3288.1,4025.0,7,1,4024.5,2,2,4023.7,13,1,4023.5,15,3,4023.4,15,2,4025.2,7,1,4025.3,30,8,4025.4,7,1,4025.5,51,5,4025.6,44,4
11483,2026-07-02 12:46:07+05:30,4025.0,1,4039.64,1225138,146480.0,165217.0,4100.0,4110.0,4012.0,4092.6,24931200,4501.8,3683.4,4440.0,3288.1,4025.0,7,1,4024.5,2,2,4023.7,13,1,4023.5,15,3,4023.4,15,2,4025.2,7,1,4025.3,30,8,4025.4,7,1,4025.5,51,5,4025.6,44,4
11483,2026-07-02 12:46:07+05:30,4025.2,2,4039.64,1225141,146482.0,165274.0,4100.0,4110.0,4012.0,4092.6,24931200,4501.8,3683.4,4440.0,3288.1,4025.0,6,1,4024.5,2,2,4023.7,13,1,4023.5,15,3,4023.4,15,2,4025.2,5,1,4025.3,27,7,4025.4,7,1,4025.5,48,4,4025.6,47,5
11483,2026-07-02 12:46:08+05:30,4025.2,2,4039.64,1225141,146482.0,165274.0,4100.0,4110.0,4012.0,4092.6,24931200,4501.8,3683.4,4440.0,3288.1,4025.0,6,1,4024.5,2,2,4023.7,13,1,4023.5,15,3,4023.4,15,2,4025.2,5,1,4025.3,27,7,4025.4,7,1,4025.5,48,4,4025.6,47,5
11483,2026-07-02 12:46:08+05:30,4025.2,2,4039.64,1225141,146468.0,165293.0,4100.0,4110.0,4012.0,4092.6,24931200,4501.8,3683.4,4440.0,3288.1,4025.0,6,1,4024.5,2,2,4024.0,5,1,4023.7,13,1,4023.5,15,3,4025.2,7,2,4025.3,27,7,4025.4,7,1,4025.5,48,4,4025.6,47,5
11483,2026-07-02 12:46:09+05:30,4025.2,1,4039.64,1225141,146468.0,165293.0,4100.0,4110.0,4012.0,4092.6,24931200,4501.8,3683.4,4440.0,3288.1,4025.0,6,1,4024.5,2,2,4024.0,5,1,4023.7,13,1,4023.5,15,3,4025.2,7,2,4025.3,27,7,4025.4,7,1,4025.5,48,4,4025.6,47,5
11483,2026-07-02 12:46:09+05:30,4025.2,1,4039.64,1225142,146470.0,165301.0,4100.0,4110.0,4012.0,4092.6,24931200,4501.8,3683.4,4440.0,3288.1,4025.0,6,1,4024.5,2,2,4024.0,5,1,4023.7,13,1,4023.5,15,3,4025.2,4,3,4025.3,19,4,4025.4,23,2,4025.5,48,4,4025.6,47,5
11483,2026-07-02 12:46:10+05:30,4025.0,14,4039.64,1225142,146470.0,165301.0,4100.0,4110.0,4012.0,4092.6,24931200,4501.8,3683.4,4440.0,3288.1,4025.0,6,1,4024.5,2,2,4024.0,5,1,4023.7,13,1,4023.5,15,3,4025.2,4,3,4025.3,19,4,4025.4,23,2,4025.5,48,4,4025.6,47,5
11483,2026-07-02 12:46:10+05:30,4025.0,14,4039.64,1225156,146444.0,165270.0,4100.0,4110.0,4012.0,4092.6,24931200,4501.8,3683.4,4440.0,3288.1,4025.0,5,1,4024.5,2,2,4024.0,5,1,4023.5,15,3,4023.4,15,2,4025.2,4,3,4025.3,19,4,4025.4,23,2,4025.5,48,4,4025.6,47,5
11483,2026-07-02 12:46:11+05:30,4025.2,3,4039.64,1225156,146444.0,165270.0,4100.0,4110.0,4012.0,4092.6,24931200,4501.8,3683.4,4440.0,3288.1,4025.0,5,1,4024.5,2,2,4024.0,5,1,4023.5,15,3,4023.4,15,2,4025.2,4,3,4025.3,19,4,4025.4,23,2,4025.5,48,4,4025.6,47,5
11483,2026-07-02 12:46:11+05:30,4025.2,3,4039.64,1225166,146384.0,165318.0,4100.0,4110.0,4012.0,4092.6,24931200,4501.8,3683.4,4440.0,3288.1,4025.0,3,1,4024.0,5,1,4023.5,5,1,4023.4,15,2,4023.3,32,1,4025.2,1,1,4025.3,34,5,4025.4,7,1,4025.5,51,5,4025.6,44,4
11483,2026-07-02 12:46:12+05:30,4025.0,1,4039.64,1225166,146384.0,165318.0,4100.0,4110.0,4012.0,4092.6,24931200,4501.8,3683.4,4440.0,3288.1,4025.0,3,1,4024.0,5,1,4023.5,5,1,4023.4,15,2,4023.3,32,1,4025.2,1,1,4025.3,34,5,4025.4,7,1,4025.5,51,5,4025.6,44,4
11483,2026-07-02 12:46:12+05:30,4025.0,1,4039.64,1225169,146005.0,165548.0,4100.0,4110.0,4012.0,4092.6,24931200,4501.8,3683.4,4440.0,3288.1,4024.0,5,1,4023.4,3,1,4023.1,9,2,4023.0,3,1,4022.9,40,3,4024.9,5,1,4025.0,19,3,4025.1,36,6,4025.2,9,2,4025.3,29,5
11483,2026-07-02 12:46:13+05:30,4024.0,1,4039.64,1225169,146005.0,165548.0,4100.0,4110.0,4012.0,4092.6,24931200,4501.8,3683.4,4440.0,3288.1,4024.0,5,1,4023.4,3,1,4023.1,9,2,4023.0,3,1,4022.9,40,3,4024.9,5,1,4025.0,19,3,4025.1,36,6,4025.2,9,2,4025.3,29,5
11483,2026-07-02 12:46:13+05:30,4024.0,1,4039.64,1225170,146011.0,165395.0,4100.0,4110.0,4012.0,4092.6,24931200,4501.8,3683.4,4440.0,3288.1,4024.0,4,1,4023.4,3,1,4023.1,9,2,4023.0,3,1,4022.9,40,3,4024.8,6,1,4024.9,22,5,4025.0,13,2,4025.1,23,5,4025.2,10,3
11483,2026-07-02 12:46:14+05:30,4023.1,5,4039.64,1225170,146011.0,165395.0,4100.0,4110.0,4012.0,4092.6,24931200,4501.8,3683.4,4440.0,3288.1,4024.0,4,1,4023.4,3,1,4023.1,9,2,4023.0,3,1,4022.9,40,3,4024.8,6,1,4024.9,22,5,4025.0,13,2,4025.1,23,5,4025.2,10,3
11483,2026-07-02 12:46:14+05:30,4023.1,5,4039.64,1225182,146161.0,165485.0,4100.0,4110.0,4012.0,4092.6,24931200,4501.8,3683.4,4440.0,3288.1,4023.6,26,4,4023.5,44,5,4023.3,43,2,4023.2,44,4,4023.1,8,2,4024.9,2,2,4025.1,1,1,4025.2,12,3,4025.3,1,1,4025.4,23,2
11483,2026-07-02 12:46:15+05:30,4024.9,1,4039.64,1225182,146161.0,165485.0,4100.0,4110.0,4012.0,4092.6,24931200,4501.8,3683.4,4440.0,3288.1,4023.6,26,4,4023.5,44,5,4023.3,43,2,4023.2,44,4,4023.1,8,2,4024.9,2,2,4025.1,1,1,4025.2,12,3,4025.3,1,1,4025.4,23,2
11483,2026-07-02 12:46:15+05:30,4024.0,5,4039.64,1225214,145936.0,165763.0,4100.0,4110.0,4012.0,4092.6,24931200,4501.8,3683.4,4440.0,3288.1,4023.6,27,2,4023.5,54,5,4023.3,56,3,4023.2,24,3,4023.1,31,2,4024.0,151,1,4024.9,2,2,4025.1,12,1,4025.2,4,2,4025.3,3,2
11483,2026-07-02 12:46:16+05:30,4025.8,1,4039.64,1225214,145936.0,165763.0,4100.0,4110.0,4012.0,4092.6,24931200,4501.8,3683.4,4440.0,3288.1,4023.6,27,2,4023.5,54,5,4023.3,56,3,4023.2,24,3,4023.1,31,2,4024.0,151,1,4024.9,2,2,4025.1,12,1,4025.2,4,2,4025.3,3,2
11483,2026-07-02 12:46:16+05:30,4024.9,5,4039.64,1225560,147513.0,164567.0,4100.0,4110.0,4012.0,4092.6,24931200,4501.8,3683.4,4440.0,3288.1,4024.9,9,1,4024.8,18,2,4024.7,21,2,4024.6,25,2,4024.5,42,3,4025.8,10,2,4026.0,10,2,4026.1,8,1,4026.3,13,1,4026.6,47,3
11483,2026-07-02 12:46:17+05:30,4024.9,9,4039.64,1225560,147513.0,164567.0,4100.0,4110.0,4012.0,4092.6,24931200,4501.8,3683.4,4440.0,3288.1,4024.9,9,1,4024.8,18,2,4024.7,21,2,4024.6,25,2,4024.5,42,3,4025.8,10,2,4026.0,10,2,4026.1,8,1,4026.3,13,1,4026.6,47,3
11483,2026-07-02 12:46:17+05:30,4024.9,32,4039.64,1225601,147442.0,164377.0,4100.0,4110.0,4012.0,4092.6,24931200,4501.8,3683.4,4440.0,3288.1,4024.8,28,3,4024.7,5,1,4024.6,63,4,4024.5,42,3,4024.4,39,2,4025.0,20,1,4025.8,12,3,4026.0,27,4,4026.1,8,1,4026.3,28,2
11483,2026-07-02 12:46:18+05:30,4025.0,19,4039.64,1225601,147442.0,164377.0,4100.0,4110.0,4012.0,4092.6,24931200,4501.8,3683.4,4440.0,3288.1,4024.8,28,3,4024.7,5,1,4024.6,63,4,4024.5,42,3,4024.4,39,2,4025.0,20,1,4025.8,12,3,4026.0,27,4,4026.1,8,1,4026.3,28,2
11483,2026-07-02 12:46:18+05:30,4025.0,19,4039.64,1225626,147617.0,164764.0,4100.0,4110.0,4012.0,4092.6,24931200,4501.8,3683.4,4440.0,3288.1,4025.2,151,1,4024.8,23,3,4024.7,5,1,4024.6,25,2,4024.5,42,3,4025.8,12,3,4026.0,15,3,4026.1,8,1,4026.6,31,2,4026.7,59,3
11483,2026-07-02 12:46:19+05:30,4025.2,3,4039.64,1225626,147617.0,164764.0,4100.0,4110.0,4012.0,4092.6,24931200,4501.8,3683.4,4440.0,3288.1,4025.2,151,1,4024.8,23,3,4024.7,5,1,4024.6,25,2,4024.5,42,3,4025.8,12,3,4026.0,15,3,4026.1,8,1,4026.6,31,2,4026.7,59,3
11483,2026-07-02 12:46:19+05:30,4025.2,3,4039.64,1225629,147042.0,164706.0,4100.0,4110.0,4012.0,4092.6,24931200,4501.8,3683.4,4440.0,3288.1,4025.2,148,1,4024.8,23,3,4024.7,35,2,4024.6,25,2,4024.5,42,3,4025.8,17,4,4026.0,15,3,4026.1,8,1,4026.6,46,3,4026.7,59,3
11483,2026-07-02 12:46:20+05:30,4025.2,1,4039.64,1225629,147042.0,164706.0,4100.0,4110.0,4012.0,4092.6,24931200,4501.8,3683.4,4440.0,3288.1,4025.2,148,1,4024.8,23,3,4024.7,35,2,4024.6,25,2,4024.5,42,3,4025.8,17,4,4026.0,15,3,4026.1,8,1,4026.6,46,3,4026.7,59,3
11483,2026-07-02 12:46:20+05:30,4025.2,1,4039.64,1225630,147284.0,164576.0,4100.0,4110.0,4012.0,4092.6,24931200,4501.8,3683.4,4440.0,3288.1,4025.2,147,1,4024.8,23,3,4024.7,35,2,4024.6,39,3,4024.5,42,3,4025.8,8,3,4026.0,16,4,4026.1,8,1,4026.6,46,3,4026.7,27,2
11483,2026-07-02 12:46:21+05:30,4025.2,1,4039.64,1225630,147053.0,164464.0,4100.0,4110.0,4012.0,4092.6,24931200,4501.8,3683.4,4440.0,3288.1,4025.5,1,1,4025.2,147,1,4024.8,44,4,4024.7,35,2,4024.6,25,2,4025.8,9,4,4026.0,16,4,4026.6,28,2,4026.7,27,2,4026.9,28,2
11483,2026-07-02 12:46:22+05:30,4025.8,1,4039.64,1225630,147053.0,164464.0,4100.0,4110.0,4012.0,4092.6,24931200,4501.8,3683.4,4440.0,3288.1,4025.5,1,1,4025.2,147,1,4024.8,44,4,4024.7,35,2,4024.6,25,2,4025.8,9,4,4026.0,16,4,4026.6,28,2,4026.7,27,2,4026.9,28,2
11483,2026-07-02 12:46:22+05:30,4025.8,1,4039.64,1225631,147173.0,164440.0,4100.0,4110.0,4012.0,4092.6,24931200,4501.8,3683.4,4440.0,3288.1,4025.5,1,1,4025.2,147,1,4025.1,53,2,4024.9,13,1,4024.8,59,5,4025.8,10,4,4026.0,16,4,4026.6,28,2,4026.7,27,2,4026.9,28,2
11483,2026-07-02 12:46:23+05:30,4025.8,1,4039.64,1225631,147184.0,164446.0,4100.0,4110.0,4012.0,4092.6,24931200,4501.8,3683.4,4440.0,3288.1,4025.5,1,1,4025.2,147,1,4025.1,53,2,4024.9,13,1,4024.8,59,5,4025.8,10,4,4026.0,16,4,4026.6,28,2,4026.7,27,2,4026.9,28,2
11483,2026-07-02 12:46:24+05:30,4025.8,1,4039.64,1225631,147184.0,164446.0,4100.0,4110.0,4012.0,4092.6,24931200,4501.8,3683.4,4440.0,3288.1,4025.5,1,1,4025.2,147,1,4025.1,53,2,4024.9,13,1,4024.8,59,5,4025.8,10,4,4026.0,16,4,4026.6,28,2,4026.7,27,2,4026.9,28,2
11483,2026-07-02 12:46:24+05:30,4025.8,1,4039.64,1225632,147244.0,164785.0,4100.0,4110.0,4012.0,4092.6,24931200,4501.8,3683.4,4440.0,3288.1,4025.5,1,1,4025.2,147,1,4025.0,8,1,4024.9,13,1,4024.8,38,4,4025.7,81,1,4025.8,51,5,4025.9,42,1,4026.0,58,5,4026.2,42,1
11483,2026-07-02 12:46:25+05:30,4025.2,29,4039.64,1225662,146558.0,164720.0,4100.0,4110.0,4012.0,4092.6,24931200,4501.8,3683.4,4440.0,3288.1,4025.2,118,1,4025.0,16,2,4024.8,23,3,4024.7,35,2,4024.6,41,3,4025.6,81,1,4025.7,43,2,4025.8,50,4,4025.9,42,1,4026.0,16,4
11483,2026-07-02 12:46:26+05:30,4025.6,8,4039.64,1225662,146558.0,164720.0,4100.0,4110.0,4012.0,4092.6,24931200,4501.8,3683.4,4440.0,3288.1,4025.2,118,1,4025.0,16,2,4024.8,23,3,4024.7,35,2,4024.6,41,3,4025.6,81,1,4025.7,43,2,4025.8,50,4,4025.9,42,1,4026.0,16,4
11483,2026-07-02 12:46:26+05:30,4025.6,8,4039.64,1225674,146429.0,164769.0,4100.0,4110.0,4012.0,4092.6,24931200,4501.8,3683.4,4440.0,3288.1,4025.2,114,1,4025.0,16,2,4024.8,23,3,4024.7,35,2,4024.6,41,3,4025.4,73,1,4025.5,34,1,4025.6,42,1,4025.7,45,3,4025.8,8,3
11483,2026-07-02 12:46:27+05:30,4025.2,1,4039.64,1225674,146429.0,164769.0,4100.0,4110.0,4012.0,4092.6,24931200,4501.8,3683.4,4440.0,3288.1,4025.2,114,1,4025.0,16,2,4024.8,23,3,4024.7,35,2,4024.6,41,3,4025.4,73,1,4025.5,34,1,4025.6,42,1,4025.7,45,3,4025.8,8,3
11483,2026-07-02 12:46:27+05:30,4025.2,1,4039.64,1225675,146480.0,164887.0,4100.0,4110.0,4012.0,4092.6,24931200,4501.8,3683.4,4440.0,3288.1,4025.2,113,1,4025.0,16,2,4024.8,23,3,4024.7,5,1,4024.6,25,2,4025.3,73,1,4025.4,2,1,4025.5,176,3,4025.6,42,1,4025.7,2,1
11483,2026-07-02 12:46:28+05:30,4025.2,1,4039.64,1225675,146492.0,164864.0,4100.0,4110.0,4012.0,4092.6,24931200,4501.8,3683.4,4440.0,3288.1,4025.2,113,1,4025.0,16,2,4024.8,23,3,4024.7,5,1,4024.6,25,2,4025.3,80,4,4025.5,176,3,4025.6,42,1,4025.7,2,1,4025.8,59,3
11483,2026-07-02 12:46:29+05:30,4025.3,7,4039.64,1225675,146492.0,164864.0,4100.0,4110.0,4012.0,4092.6,24931200,4501.8,3683.4,4440.0,3288.1,4025.2,113,1,4025.0,16,2,4024.8,23,3,4024.7,5,1,4024.6,25,2,4025.3,80,4,4025.5,176,3,4025.6,42,1,4025.7,2,1,4025.8,59,3
11483,2026-07-02 12:46:29+05:30,4025.3,7,4039.64,1225683,146513.0,164816.0,4100.0,4110.0,4012.0,4092.6,24931200,4501.8,3683.4,4440.0,3288.1,4025.2,113,1,4025.0,16,2,4024.8,23,3,4024.7,5,1,4024.6,25,2,4025.3,74,4,4025.5,176,3,4025.6,42,1,4025.7,2,1,4025.8,59,3
11483,2026-07-02 12:46:30+05:30,4025.0,7,4039.64,1225683,146513.0,164816.0,4100.0,4110.0,4012.0,4092.6,24931200,4501.8,3683.4,4440.0,3288.1,4025.2,113,1,4025.0,16,2,4024.8,23,3,4024.7,5,1,4024.6,25,2,4025.3,74,4,4025.5,176,3,4025.6,42,1,4025.7,2,1,4025.8,59,3
11483,2026-07-02 12:46:30+05:30,4025.0,1,4039.63,1225872,146079.0,164870.0,4100.0,4110.0,4012.0,4092.6,24931200,4501.8,3683.4,4440.0,3288.1,4025.0,15,2,4024.8,13,2,4024.7,5,1,4024.6,5,1,4024.5,7,1,4025.3,71,4,4025.5,191,4,4025.6,46,2,4025.7,8,2,4025.8,47,3
11483,2026-07-02 12:46:31+05:30,4025.2,4,4039.63,1225872,146079.0,164870.0,4100.0,4110.0,4012.0,4092.6,24931200,4501.8,3683.4,4440.0,3288.1,4025.0,15,2,4024.8,13,2,4024.7,5,1,4024.6,5,1,4024.5,7,1,4025.3,71,4,4025.5,191,4,4025.6,46,2,4025.7,8,2,4025.8,47,3
11483,2026-07-02 12:46:31+05:30,4025.2,1,4039.63,1225908,146107.0,165155.0,4100.0,4110.0,4012.0,4092.6,24931200,4501.8,3683.4,4440.0,3288.1,4025.2,1,1,4025.0,16,2,4024.5,7,1,4024.4,7,1,4024.0,17,3,4025.3,50,4,4025.4,42,1,4025.5,134,2,4025.6,4,1,4025.7,59,3
11483,2026-07-02 12:46:32+05:30,4025.2,1,4039.63,1225908,146107.0,165155.0,4100.0,4110.0,4012.0,4092.6,24931200,4501.8,3683.4,4440.0,3288.1,4025.2,1,1,4025.0,16,2,4024.5,7,1,4024.4,7,1,4024.0,17,3,4025.3,50,4,4025.4,42,1,4025.5,134,2,4025.6,4,1,4025.7,59,3
11483,2026-07-02 12:46:32+05:30,4025.1,25,4039.63,1225935,146130.0,165214.0,4100.0,4110.0,4012.0,4092.6,24931200,4501.8,3683.4,4440.0,3288.1,4025.0,15,2,4024.4,7,1,4024.0,17,3,4023.9,15,1,4023.8,16,1,4025.1,26,1,4025.2,1,1,4025.3,50,4,4025.4,42,1,4025.5,134,2
11483,2026-07-02 12:46:33+05:30,4025.0,16,4039.63,1225935,146130.0,165214.0,4100.0,4110.0,4012.0,4092.6,24931200,4501.8,3683.4,4440.0,3288.1,4025.0,15,2,4024.4,7,1,4024.0,17,3,4023.9,15,1,4023.8,16,1,4025.1,26,1,4025.2,1,1,4025.3,50,4,4025.4,42,1,4025.5,134,2
11483,2026-07-02 12:46:33+05:30,4025.0,3,4039.63,1225986,145565.0,165821.0,4100.0,4110.0,4012.0,4092.6,24931200,4501.8,3683.4,4440.0,3288.1,4024.4,7,1,4024.0,17,3,4023.6,1,1,4023.5,12,2,4023.4,9,1,4025.0,535,3,4025.1,28,2,4025.2,10,2,4025.3,66,5,4025.4,70,3
11483,2026-07-02 12:46:34+05:30,4024.4,7,4039.63,1225986,145565.0,165821.0,4100.0,4110.0,4012.0,4092.6,24931200,4501.8,3683.4,4440.0,3288.1,4024.4,7,1,4024.0,17,3,4023.6,1,1,4023.5,12,2,4023.4,9,1,4025.0,535,3,4025.1,28,2,4025.2,10,2,4025.3,66,5,4025.4,70,3
11483,2026-07-02 12:46:34+05:30,4024.4,7,4039.63,1225993,145542.0,165923.0,4100.0,4110.0,4012.0,4092.6,24931200,4501.8,3683.4,4440.0,3288.1,4024.0,17,3,4023.6,1,1,4023.5,12,2,4023.4,9,1,4023.3,2,1,4024.6,42,1,4024.7,42,1,4024.9,42,1,4025.0,589,7,4025.1,2,1
11483,2026-07-02 12:46:35+05:30,4024.4,7,4039.63,1225993,144481.0,165254.0,4100.0,4110.0,4012.0,4092.6,24931200,4501.8,3683.4,4440.0,3288.1,4024.0,17,3,4023.6,1,1,4023.5,5,1,4023.2,15,2,4023.1,48,3,4024.2,26,1,4024.4,42,1,4024.5,42,1,4024.6,2,1,4024.7,42,1
11483,2026-07-02 12:46:36+05:30,4024.4,8,4039.63,1225993,144481.0,165254.0,4100.0,4110.0,4012.0,4092.6,24931200,4501.8,3683.4,4440.0,3288.1,4024.0,17,3,4023.6,1,1,4023.5,5,1,4023.2,15,2,4023.1,48,3,4024.2,26,1,4024.4,42,1,4024.5,42,1,4024.6,2,1,4024.7,42,1
11483,2026-07-02 12:46:36+05:30,4024.0,1,4039.63,1226044,145364.0,166079.0,4100.0,4110.0,4012.0,4092.6,24931200,4501.8,3683.4,4440.0,3288.1,4024.0,16,3,4023.6,1,1,4023.5,5,1,4023.2,15,2,4023.1,48,3,4024.1,57,1,4024.2,2,1,4024.4,34,1,4024.6,44,2,4025.0,588,6
11483,2026-07-02 12:46:37+05:30,4024.0,7,4039.63,1226044,145364.0,166079.0,4100.0,4110.0,4012.0,4092.6,24931200,4501.8,3683.4,4440.0,3288.1,4024.0,16,3,4023.6,1,1,4023.5,5,1,4023.2,15,2,4023.1,48,3,4024.1,57,1,4024.2,2,1,4024.4,34,1,4024.6,44,2,4025.0,588,6
11483,2026-07-02 12:46:37+05:30,4025.0,6,4039.63,1226061,145321.0,165908.0,4100.0,4110.0,4012.0,4092.6,24931200,4501.8,3683.4,4440.0,3288.1,4024.0,12,3,4023.6,1,1,4023.5,5,1,4023.2,35,3,4023.1,106,5,4025.0,565,5,4025.2,10,2,4025.3,3,1,4025.4,46,3,4025.5,156,4
11483,2026-07-02 12:46:38+05:30,4024.0,1,4039.63,1226061,145321.0,165908.0,4100.0,4110.0,4012.0,4092.6,24931200,4501.8,3683.4,4440.0,3288.1,4024.0,12,3,4023.6,1,1,4023.5,5,1,4023.2,35,3,4023.1,106,5,4025.0,565,5,4025.2,10,2,4025.3,3,1,4025.4,46,3,4025.5,156,4
11483,2026-07-02 12:46:38+05:30,4024.0,1,4039.63,1226063,145723.0,166092.0,4100.0,4110.0,4012.0,4092.6,24931200,4501.8,3683.4,4440.0,3288.1,4024.6,81,1,4024.5,42,1,4024.4,42,1,4024.3,42,1,4024.1,42,1,4025.0,565,5,4025.2,1,1,4025.3,12,1,4025.4,16,1,4025.5,134,3
11483,2026-07-02 12:46:39+05:30,4025.0,3,4039.63,1226063,145723.0,166092.0,4100.0,4110.0,4012.0,4092.6,24931200,4501.8,3683.4,4440.0,3288.1,4024.6,81,1,4024.5,42,1,4024.4,42,1,4024.3,42,1,4024.1,42,1,4025.0,565,5,4025.2,1,1,4025.3,12,1,4025.4,16,1,4025.5,134,3
11483,2026-07-02 12:46:39+05:30,4025.0,3,4039.63,1226066,145681.0,165943.0,4100.0,4110.0,4012.0,4092.6,24931200,4501.8,3683.4,4440.0,3288.1,4024.5,42,1,4024.4,42,1,4024.3,42,1,4024.1,42,1,4024.0,1,1,4025.0,562,5,4025.2,1,1,4025.3,3,1,4025.4,16,1,4025.5,134,3
11483,2026-07-02 12:46:40+05:30,4025.0,3,4039.63,1226066,145814.0,166016.0,4100.0,4110.0,4012.0,4092.6,24931200,4501.8,3683.4,4440.0,3288.1,4024.8,123,2,4024.7,42,1,4024.6,42,1,4024.4,42,1,4024.0,1,1,4024.9,50,1,4025.0,387,4,4025.2,1,1,4025.3,12,1,4025.4,24,2
11483,2026-07-02 12:46:41+05:30,4025.0,76,4039.63,1226317,145751.0,165785.0,4100.0,4110.0,4012.0,4092.6,24931200,4501.8,3683.4,4440.0,3288.1,4024.8,42,1,4024.7,43,2,4024.6,42,1,4024.4,42,1,4024.0,1,1,4025.0,311,4,4025.2,2,2,4025.4,10,2,4025.5,134,3,4025.6,11,1
11483,2026-07-02 12:46:42+05:30,4024.9,30,4039.63,1226317,145751.0,165785.0,4100.0,4110.0,4012.0,4092.6,24931200,4501.8,3683.4,4440.0,3288.1,4024.8,42,1,4024.7,43,2,4024.6,42,1,4024.4,42,1,4024.0,1,1,4025.0,311,4,4025.2,2,2,4025.4,10,2,4025.5,134,3,4025.6,11,1
11483,2026-07-02 12:46:42+05:30,4025.0,10,4039.63,1226514,145744.0,165615.0,4100.0,4110.0,4012.0,4092.6,24931200,4501.8,3683.4,4440.0,3288.1,4024.9,13,2,4024.8,42,1,4024.7,43,2,4024.5,42,1,4023.7,22,1,4025.0,144,4,4025.2,2,2,4025.4,7,1,4025.5,102,2,4025.6,14,2
11483,2026-07-02 12:46:43+05:30,4025.0,6,4039.63,1226514,145744.0,165615.0,4100.0,4110.0,4012.0,4092.6,24931200,4501.8,3683.4,4440.0,3288.1,4024.9,13,2,4024.8,42,1,4024.7,43,2,4024.5,42,1,4023.7,22,1,4025.0,144,4,4025.2,2,2,4025.4,7,1,4025.5,102,2,4025.6,14,2
11483,2026-07-02 12:46:43+05:30,4024.9,9,4039.62,1226729,145767.0,165565.0,4100.0,4110.0,4012.0,4092.6,24931200,4501.8,3683.4,4440.0,3288.1,4024.9,7,1,4024.8,42,1,4024.7,43,2,4024.5,42,1,4024.2,12,1,4025.0,2,1,4025.2,2,2,4025.5,100,1,4025.7,25,3,4025.8,34,2
11483,2026-07-02 12:46:44+05:30,4025.0,26,4039.62,1226729,145767.0,165565.0,4100.0,4110.0,4012.0,4092.6,24931200,4501.8,3683.4,4440.0,3288.1,4024.9,7,1,4024.8,42,1,4024.7,43,2,4024.5,42,1,4024.2,12,1,4025.0,2,1,4025.2,2,2,4025.5,100,1,4025.7,25,3,4025.8,34,2
11483,2026-07-02 12:46:44+05:30,4025.2,2,4039.62,1226761,145949.0,165396.0,4100.0,4110.0,4012.0,4092.6,24931200,4501.8,3683.4,4440.0,3288.1,4025.2,49,1,4025.1,42,1,4025.0,42,1,4024.9,49,2,4024.7,43,2,4025.5,100,1,4025.7,2,1,4025.8,2,1,4025.9,8,1,4026.0,20,4
11483,2026-07-02 12:46:45+05:30,4025.2,4,4039.62,1226761,145949.0,165396.0,4100.0,4110.0,4012.0,4092.6,24931200,4501.8,3683.4,4440.0,3288.1,4025.2,49,1,4025.1,42,1,4025.0,42,1,4024.9,49,2,4024.7,43,2,4025.5,100,1,4025.7,2,1,4025.8,2,1,4025.9,8,1,4026.0,20,4
11483,2026-07-02 12:46:45+05:30,4025.5,45,4039.62,1226810,145989.0,165374.0,4100.0,4110.0,4012.0,4092.6,24931200,4501.8,3683.4,4440.0,3288.1,4025.4,42,1,4025.3,42,1,4025.2,42,1,4025.0,42,1,4024.9,7,1,4025.5,55,1,4025.7,2,1,4025.8,2,1,4026.0,20,4,4026.1,2,1
11483,2026-07-02 12:46:46+05:30,4025.4,7,4039.62,1226810,145989.0,165374.0,4100.0,4110.0,4012.0,4092.6,24931200,4501.8,3683.4,4440.0,3288.1,4025.4,42,1,4025.3,42,1,4025.2,42,1,4025.0,42,1,4024.9,7,1,4025.5,55,1,4025.7,2,1,4025.8,2,1,4026.0,20,4,4026.1,2,1
11483,2026-07-02 12:46:46+05:30,4025.4,34,4039.62,1227085,145559.0,165433.0,4100.0,4110.0,4012.0,4092.6,24931200,4501.8,3683.4,4440.0,3288.1,4025.0,26,1,4024.9,7,1,4024.3,22,1,4023.8,13,1,4023.7,1,1,4025.3,141,1,4025.5,188,4,4025.6,19,2,4025.7,20,2,4025.8,2,1
11483,2026-07-02 12:46:47+05:30,4024.8,100,4039.62,1227085,145559.0,165433.0,4100.0,4110.0,4012.0,4092.6,24931200,4501.8,3683.4,4440.0,3288.1,4025.0,26,1,4024.9,7,1,4024.3,22,1,4023.8,13,1,4023.7,1,1,4025.3,141,1,4025.5,188,4,4025.6,19,2,4025.7,20,2,4025.8,2,1
11483,2026-07-02 12:46:47+05:30,4024.8,1,4039.62,1227359,145109.0,165476.0,4100.0,4110.0,4012.0,4092.6,24931200,4501.8,3683.4,4440.0,3288.1,4024.0,100,5,4023.8,47,5,4023.7,17,2,4023.6,116,7,4023.5,38,2,4024.8,42,1,4025.0,4,1,4025.4,5,1,4025.5,10,2,4025.6,3,1
11483,2026-07-02 12:46:48+05:30,4024.4,32,4039.62,1227359,145109.0,165476.0,4100.0,4110.0,4012.0,4092.6,24931200,4501.8,3683.4,4440.0,3288.1,4024.0,100,5,4023.8,47,5,4023.7,17,2,4023.6,116,7,4023.5,38,2,4024.8,42,1,4025.0,4,1,4025.4,5,1,4025.5,10,2,4025.6,3,1
11483,2026-07-02 12:46:48+05:30,4024.4,32,4039.62,1227391,145704.0,165680.0,4100.0,4110.0,4012.0,4092.6,24931200,4501.8,3683.4,4440.0,3288.1,4024.5,42,1,4024.4,52,2,4024.2,42,1,4024.0,79,5,4023.8,47,5,4024.8,46,3,4025.0,4,1,4025.4,5,1,4025.5,8,1,4025.7,17,3
11483,2026-07-02 12:46:49+05:30,4024.8,1,4039.62,1227391,145704.0,165680.0,4100.0,4110.0,4012.0,4092.6,24931200,4501.8,3683.4,4440.0,3288.1,4024.5,42,1,4024.4,52,2,4024.2,42,1,4024.0,79,5,4023.8,47,5,4024.8,46,3,4025.0,4,1,4025.4,5,1,4025.5,8,1,4025.7,17,3
11483,2026-07-02 12:46:49+05:30,4024.8,1,4039.62,1227455,145669.0,165810.0,4100.0,4110.0,4012.0,4092.6,24931200,4501.8,3683.4,4440.0,3288.1,4024.5,38,1,4024.4,58,3,4024.3,21,1,4024.2,51,2,4024.0,58,4,4024.8,10,2,4025.0,4,1,4025.7,14,2,4025.8,232,2,4025.9,23,2
11483,2026-07-02 12:46:50+05:30,4024.5,12,4039.62,1227455,145669.0,165810.0,4100.0,4110.0,4012.0,4092.6,24931200,4501.8,3683.4,4440.0,3288.1,4024.5,38,1,4024.4,58,3,4024.3,21,1,4024.2,51,2,4024.0,58,4,4024.8,10,2,4025.0,4,1,4025.7,14,2,4025.8,232,2,4025.9,23,2
11483,2026-07-02 12:46:50+05:30,4024.5,12,4039.62,1227475,145687.0,165882.0,4100.0,4110.0,4012.0,4092.6,24931200,4501.8,3683.4,4440.0,3288.1,4024.5,18,1,4024.4,52,2,4024.2,42,1,4024.0,58,4,4023.9,35,2,4024.8,10,2,4025.0,4,1,4025.7,109,4,4025.8,232,2,4025.9,23,2
11483,2026-07-02 12:46:51+05:30,4024.5,2,4039.62,1227475,145687.0,165882.0,4100.0,4110.0,4012.0,4092.6,24931200,4501.8,3683.4,4440.0,3288.1,4024.5,18,1,4024.4,52,2,4024.2,42,1,4024.0,58,4,4023.9,35,2,4024.8,10,2,4025.0,4,1,4025.7,109,4,4025.8,232,2,4025.9,23,2
11483,2026-07-02 12:46:51+05:30,4024.5,2,4039.62,1227477,145691.0,165883.0,4100.0,4110.0,4012.0,4092.6,24931200,4501.8,3683.4,4440.0,3288.1,4024.5,16,1,4024.4,52,2,4024.2,42,1,4024.0,58,4,4023.9,35,2,4024.8,10,2,4025.0,4,1,4025.7,109,4,4025.8,232,2,4025.9,23,2
11483,2026-07-02 12:46:52+05:30,4024.8,7,4039.62,1227477,145691.0,165883.0,4100.0,4110.0,4012.0,4092.6,24931200,4501.8,3683.4,4440.0,3288.1,4024.5,16,1,4024.4,52,2,4024.2,42,1,4024.0,58,4,4023.9,35,2,4024.8,10,2,4025.0,4,1,4025.7,109,4,4025.8,232,2,4025.9,23,2
11483,2026-07-02 12:46:52+05:30,4024.8,7,4039.62,1227485,145725.0,165892.0,4100.0,4110.0,4012.0,4092.6,24931200,4501.8,3683.4,4440.0,3288.1,4024.5,39,3,4024.4,52,2,4024.2,42,1,4024.0,48,3,4023.9,21,1,4024.8,11,2,4025.0,4,1,4025.7,109,4,4025.8,232,2,4025.9,31,4
11483,2026-07-02 12:46:53+05:30,4024.5,14,4039.62,1227485,145725.0,165892.0,4100.0,4110.0,4012.0,4092.6,24931200,4501.8,3683.4,4440.0,3288.1,4024.5,39,3,4024.4,52,2,4024.2,42,1,4024.0,48,3,4023.9,21,1,4024.8,11,2,4025.0,4,1,4025.7,109,4,4025.8,232,2,4025.9,31,4
11483,2026-07-02 12:46:53+05:30,4024.5,14,4039.62,1227500,145742.0,165700.0,4100.0,4110.0,4012.0,4092.6,24931200,4501.8,3683.4,4440.0,3288.1,4024.5,24,2,4024.4,52,2,4024.2,42,1,4024.0,48,3,4023.9,53,2,4024.8,11,2,4025.0,4,1,4025.7,46,3,4025.8,232,2,4025.9,28,3
11483,2026-07-02 12:46:54+05:30,4024.8,1,4039.62,1227500,145742.0,165700.0,4100.0,4110.0,4012.0,4092.6,24931200,4501.8,3683.4,4440.0,3288.1,4024.5,24,2,4024.4,52,2,4024.2,42,1,4024.0,48,3,4023.9,53,2,4024.8,11,2,4025.0,4,1,4025.7,46,3,4025.8,232,2,4025.9,28,3
11483,2026-07-02 12:46:54+05:30,4024.8,1,4039.62,1227502,145743.0,165727.0,4100.0,4110.0,4012.0,4092.6,24931200,4501.8,3683.4,4440.0,3288.1,4024.5,23,2,4024.4,52,2,4024.2,42,1,4024.0,48,3,4023.9,53,2,4024.8,10,2,4025.0,4,1,4025.7,105,4,4025.8,232,2,4025.9,28,3
11483,2026-07-02 12:46:55+05:30,4024.8,4,4039.62,1227502,145743.0,165727.0,4100.0,4110.0,4012.0,4092.6,24931200,4501.8,3683.4,4440.0,3288.1,4024.5,23,2,4024.4,52,2,4024.2,42,1,4024.0,48,3,4023.9,53,2,4024.8,10,2,4025.0,4,1,4025.7,105,4,4025.8,232,2,4025.9,28,3
11483,2026-07-02 12:46:55+05:30,4024.8,4,4039.61,1227553,145758.0,165706.0,4100.0,4110.0,4012.0,4092.6,24931200,4501.8,3683.4,4440.0,3288.1,4024.6,8,1,4024.5,11,1,4024.4,52,2,4024.2,42,1,4024.0,48,3,4024.8,7,2,4025.0,4,1,4025.6,14,1,4025.7,14,2,4025.8,243,3
11483,2026-07-02 12:46:56+05:30,4024.6,6,4039.61,1227553,145758.0,165706.0,4100.0,4110.0,4012.0,4092.6,24931200,4501.8,3683.4,4440.0,3288.1,4024.6,8,1,4024.5,11,1,4024.4,52,2,4024.2,42,1,4024.0,48,3,4024.8,7,2,4025.0,4,1,4025.6,14,1,4025.7,14,2,4025.8,243,3
11483,2026-07-02 12:46:56+05:30,4024.6,6,4039.61,1227559,145612.0,165790.0,4100.0,4110.0,4012.0,4092.6,24931200,4501.8,3683.4,4440.0,3288.1,4024.6,2,1,4024.5,11,1,4024.0,37,2,4023.8,20,3,4023.7,39,3,4024.8,7,2,4025.0,4,1,4025.6,3,1,4025.7,88,4,4025.8,243,3
11483,2026-07-02 12:46:57+05:30,4025.0,33,4039.61,1227559,145612.0,165790.0,4100.0,4110.0,4012.0,4092.6,24931200,4501.8,3683.4,4440.0,3288.1,4024.6,2,1,4024.5,11,1,4024.0,37,2,4023.8,20,3,4023.7,39,3,4024.8,7,2,4025.0,4,1,4025.6,3,1,4025.7,88,4,4025.8,243,3
11483,2026-07-02 12:46:57+05:30,4025.0,33,4039.61,1227632,145894.0,165755.0,4100.0,4110.0,4012.0,4092.6,24931200,4501.8,3683.4,4440.0,3288.1,4025.0,428,1,4024.6,1,1,4024.5,11,1,4024.1,37,2,4024.0,54,5,4025.7,3,2,4025.8,243,3,4026.0,15,3,4026.3,49,4,4026.4,13,1
11483,2026-07-02 12:46:58+05:30,4025.0,50,4039.61,1227632,145894.0,165755.0,4100.0,4110.0,4012.0,4092.6,24931200,4501.8,3683.4,4440.0,3288.1,4025.0,428,1,4024.6,1,1,4024.5,11,1,4024.1,37,2,4024.0,54,5,4025.7,3,2,4025.8,243,3,4026.0,15,3,4026.3,49,4,4026.4,13,1
11483,2026-07-02 12:46:58+05:30,4025.0,50,4039.61,1227699,145972.0,165729.0,4100.0,4110.0,4012.0,4092.6,24931200,4501.8,3683.4,4440.0,3288.1,4025.0,391,3,4024.5,11,1,4024.1,37,2,4024.0,54,5,4023.8,38,2,4025.7,1,1,4025.8,240,2,4026.0,15,3,4026.3,47,3,4026.4,15,2
11483,2026-07-02 12:46:59+05:30,4025.5,7,4039.61,1227699,145972.0,165729.0,4100.0,4110.0,4012.0,4092.6,24931200,4501.8,3683.4,4440.0,3288.1,4025.0,391,3,4024.5,11,1,4024.1,37,2,4024.0,54,5,4023.8,38,2,4025.7,1,1,4025.8,240,2,4026.0,15,3,4026.3,47,3,4026.4,15,2
11483,2026-07-02 12:46:59+05:30,4025.5,7,4039.61,1227714,145982.0,165598.0,4100.0,4110.0,4012.0,4092.6,24931200,4501.8,3683.4,4440.0,3288.1,4025.0,383,3,4024.8,12,3,4024.5,11,1,4024.1,37,2,4024.0,54,5,4025.5,58,1,4025.7,1,1,4025.8,240,2,4026.0,30,4,4026.3,47,3
11483,2026-07-02 12:46:59+05:30,4025.5,7,4039.61,1227714,145982.0,165598.0,4100.0,4110.0,4012.0,4092.6,24931200,4501.8,3683.4,4440.0,3288.1,4025.0,383,3,4024.8,12,3,4024.5,11,1,4024.1,37,2,4024.0,54,5,4025.5,58,1,4025.7,1,1,4025.8,240,2,4026.0,30,4,4026.3,47,3
11483,2026-07-02 12:47:00+05:30,4025.5,100,4039.61,1227714,145982.0,165598.0,4100.0,4110.0,4012.0,4092.6,24931200,4501.8,3683.4,4440.0,3288.1,4025.0,383,3,4024.8,12,3,4024.5,11,1,4024.1,37,2,4024.0,54,5,4025.5,58,1,4025.7,1,1,4025.8,240,2,4026.0,30,4,4026.3,47,3
11483,2026-07-02 12:47:00+05:30,4025.5,100,4039.61,1227816,145980.0,165572.0,4100.0,4110.0,4012.0,4092.6,24931200,4501.8,3683.4,4440.0,3288.1,4025.0,381,3,4024.8,12,3,4024.5,11,1,4024.2,21,1,4024.1,37,2,4025.5,65,1,4025.7,1,1,4025.8,240,2,4026.0,30,4,4026.3,47,3
11483,2026-07-02 12:47:00+05:30,4025.5,100,4039.61,1227816,145980.0,165572.0,4100.0,4110.0,4012.0,4092.6,24931200,4501.8,3683.4,4440.0,3288.1,4025.0,381,3,4024.8,12,3,4024.5,11,1,4024.2,21,1,4024.1,37,2,4025.5,65,1,4025.7,1,1,4025.8,240,2,4026.0,30,4,4026.3,47,3
11483,2026-07-02 12:47:01+05:30,4025.5,3,4039.61,1227816,145980.0,165572.0,4100.0,4110.0,4012.0,4092.6,24931200,4501.8,3683.4,4440.0,3288.1,4025.0,381,3,4024.8,12,3,4024.5,11,1,4024.2,21,1,4024.1,37,2,4025.5,65,1,4025.7,1,1,4025.8,240,2,4026.0,30,4,4026.3,47,3
11483,2026-07-02 12:47:01+05:30,4025.5,3,4039.61,1227833,146122.0,165708.0,4100.0,4110.0,4012.0,4092.6,24931200,4501.8,3683.4,4440.0,3288.1,4025.2,1,1,4025.0,369,3,4024.8,12,3,4024.5,11,1,4024.2,21,1,4025.5,60,1,4025.7,1,1,4025.8,240,2,4026.0,30,4,4026.3,47,3
11483,2026-07-02 12:47:01+05:30,4025.5,3,4039.61,1227833,146122.0,165708.0,4100.0,4110.0,4012.0,4092.6,24931200,4501.8,3683.4,4440.0,3288.1,4025.2,1,1,4025.0,369,3,4024.8,12,3,4024.5,11,1,4024.2,21,1,4025.5,60,1,4025.7,1,1,4025.8,240,2,4026.0,30,4,4026.3,47,3
11483,2026-07-02 12:47:02+05:30,4025.2,1,4039.61,1227833,146122.0,165708.0,4100.0,4110.0,4012.0,4092.6,24931200,4501.8,3683.4,4440.0,3288.1,4025.2,1,1,4025.0,369,3,4024.8,12,3,4024.5,11,1,4024.2,21,1,4025.5,60,1,4025.7,1,1,4025.8,240,2,4026.0,30,4,4026.3,47,3
11483,2026-07-02 12:47:02+05:30,4025.2,1,4039.61,1228012,146022.0,165404.0,4100.0,4110.0,4012.0,4092.6,24931200,4501.8,3683.4,4440.0,3288.1,4025.0,209,4,4024.8,33,4,4024.5,33,2,4024.4,12,1,4024.2,68,3,4025.2,4,1,4025.5,62,2,4025.7,1,1,4025.8,240,2,4026.0,30,4
11483,2026-07-02 12:47:02+05:30,4025.2,1,4039.61,1228012,146022.0,165404.0,4100.0,4110.0,4012.0,4092.6,24931200,4501.8,3683.4,4440.0,3288.1,4025.0,209,4,4024.8,33,4,4024.5,33,2,4024.4,12,1,4024.2,68,3,4025.2,4,1,4025.5,62,2,4025.7,1,1,4025.8,240,2,4026.0,30,4
11483,2026-07-02 12:47:03+05:30,4025.2,1,4039.61,1228012,146022.0,165404.0,4100.0,4110.0,4012.0,4092.6,24931200,4501.8,3683.4,4440.0,3288.1,4025.0,209,4,4024.8,33,4,4024.5,33,2,4024.4,12,1,4024.2,68,3,4025.2,4,1,4025.5,62,2,4025.7,1,1,4025.8,240,2,4026.0,30,4
11483,2026-07-02 12:47:03+05:30,4025.0,22,4039.61,1228012,146022.0,165404.0,4100.0,4110.0,4012.0,4092.6,24931200,4501.8,3683.4,4440.0,3288.1,4025.0,209,4,4024.8,33,4,4024.5,33,2,4024.4,12,1,4024.2,68,3,4025.2,4,1,4025.5,62,2,4025.7,1,1,4025.8,240,2,4026.0,30,4
11483,2026-07-02 12:47:03+05:30,4025.0,22,4039.61,1228012,146022.0,165404.0,4100.0,4110.0,4012.0,4092.6,24931200,4501.8,3683.4,4440.0,3288.1,4025.0,209,4,4024.8,33,4,4024.5,33,2,4024.4,12,1,4024.2,68,3,4025.2,4,1,4025.5,62,2,4025.7,1,1,4025.8,240,2,4026.0,30,4
11483,2026-07-02 12:47:03+05:30,4025.0,22,4039.61,1228034,145990.0,165826.0,4100.0,4110.0,4012.0,4092.6,24931200,4501.8,3683.4,4440.0,3288.1,4025.0,187,4,4024.8,12,3,4024.5,33,2,4024.4,12,1,4024.2,68,3,4025.2,4,1,4025.5,62,2,4025.7,1,1,4025.8,240,2,4026.0,35,5
11483,2026-07-02 12:47:03+05:30,4025.0,22,4039.61,1228034,145990.0,165826.0,4100.0,4110.0,4012.0,4092.6,24931200,4501.8,3683.4,4440.0,3288.1,4025.0,187,4,4024.8,12,3,4024.5,33,2,4024.4,12,1,4024.2,68,3,4025.2,4,1,4025.5,62,2,4025.7,1,1,4025.8,240,2,4026.0,35,5
11483,2026-07-02 12:47:03+05:30,4025.0,22,4039.61,1228034,145990.0,165826.0,4100.0,4110.0,4012.0,4092.6,24934875,4501.8,3683.4,4440.0,3288.1,4025.0,187,4,4024.8,12,3,4024.5,33,2,4024.4,12,1,4024.2,68,3,4025.2,4,1,4025.5,62,2,4025.7,1,1,4025.8,240,2,4026.0,35,5
11483,2026-07-02 12:47:04+05:30,4025.0,2,4039.61,1228034,145990.0,165826.0,4100.0,4110.0,4012.0,4092.6,24934875,4501.8,3683.4,4440.0,3288.1,4025.0,187,4,4024.8,12,3,4024.5,33,2,4024.4,12,1,4024.2,68,3,4025.2,4,1,4025.5,62,2,4025.7,1,1,4025.8,240,2,4026.0,35,5
11483,2026-07-02 12:47:04+05:30,4025.0,2,4039.61,1228034,145990.0,165826.0,4100.0,4110.0,4012.0,4092.6,24934875,4501.8,3683.4,4440.0,3288.1,4025.0,187,4,4024.8,12,3,4024.5,33,2,4024.4,12,1,4024.2,68,3,4025.2,4,1,4025.5,62,2,4025.7,1,1,4025.8,240,2,4026.0,35,5
11483,2026-07-02 12:47:04+05:30,4025.0,2,4039.61,1228037,146016.0,165909.0,4100.0,4110.0,4012.0,4092.6,24934875,4501.8,3683.4,4440.0,3288.1,4025.0,185,4,4024.8,14,4,4024.5,11,1,4024.4,12,1,4024.2,68,3,4025.2,5,2,4025.5,62,2,4025.7,1,1,4025.8,240,2,4026.0,35,5
11483,2026-07-02 12:47:04+05:30,4025.0,2,4039.61,1228037,146016.0,165909.0,4100.0,4110.0,4012.0,4092.6,24934875,4501.8,3683.4,4440.0,3288.1,4025.0,185,4,4024.8,14,4,4024.5,11,1,4024.4,12,1,4024.2,68,3,4025.2,5,2,4025.5,62,2,4025.7,1,1,4025.8,240,2,4026.0,35,5
11483,2026-07-02 12:47:05+05:30,4025.0,2,4039.61,1228037,146016.0,165909.0,4100.0,4110.0,4012.0,4092.6,24934875,4501.8,3683.4,4440.0,3288.1,4025.0,185,4,4024.8,14,4,4024.5,11,1,4024.4,12,1,4024.2,68,3,4025.2,5,2,4025.5,62,2,4025.7,1,1,4025.8,240,2,4026.0,35,5
11483,2026-07-02 12:47:05+05:30,4025.0,1,4039.61,1228038,145993.0,165900.0,4100.0,4110.0,4012.0,4092.6,24934875,4501.8,3683.4,4440.0,3288.1,4025.0,184,4,4024.8,14,4,4024.5,11,1,4024.4,12,1,4024.2,68,3,4025.2,5,2,4025.5,62,2,4025.7,1,1,4025.8,240,2,4026.0,35,5
11483,2026-07-02 12:47:05+05:30,4025.0,1,4039.61,1228038,145993.0,165900.0,4100.0,4110.0,4012.0,4092.6,24934875,4501.8,3683.4,4440.0,3288.1,4025.0,184,4,4024.8,14,4,4024.5,11,1,4024.4,12,1,4024.2,68,3,4025.2,5,2,4025.5,62,2,4025.7,1,1,4025.8,240,2,4026.0,35,5
11483,2026-07-02 12:47:05+05:30,4025.0,1,4039.61,1228038,145993.0,165900.0,4100.0,4110.0,4012.0,4092.6,24934875,4501.8,3683.4,4440.0,3288.1,4025.0,184,4,4024.8,14,4,4024.5,11,1,4024.4,12,1,4024.2,68,3,4025.2,5,2,4025.5,62,2,4025.7,1,1,4025.8,240,2,4026.0,35,5
11483,2026-07-02 12:47:06+05:30,4025.0,1,4039.61,1228038,145985.0,165895.0,4100.0,4110.0,4012.0,4092.6,24934875,4501.8,3683.4,4440.0,3288.1,4025.0,169,3,4024.8,29,5,4024.5,11,1,4024.2,36,2,4024.1,22,1,4025.2,7,3,4025.5,62,2,4025.7,1,1,4025.8,240,2,4026.0,35,5
11483,2026-07-02 12:47:06+05:30,4025.2,2,4039.61,1228038,145985.0,165895.0,4100.0,4110.0,4012.0,4092.6,24934875,4501.8,3683.4,4440.0,3288.1,4025.0,169,3,4024.8,29,5,4024.5,11,1,4024.2,36,2,4024.1,22,1,4025.2,7,3,4025.5,62,2,4025.7,1,1,4025.8,240,2,4026.0,35,5
11483,2026-07-02 12:47:07+05:30,4025.2,2,4039.61,1228045,146002.0,165841.0,4100.0,4110.0,4012.0,4092.6,24934875,4501.8,3683.4,4440.0,3288.1,4025.0,169,3,4024.8,29,5,4024.5,11,1,4024.2,21,1,4024.1,22,1,4025.2,7,2,4025.5,62,2,4025.7,1,1,4025.8,240,2,4026.0,35,5
11483,2026-07-02 12:47:07+05:30,4025.2,1,4039.61,1228045,146002.0,165841.0,4100.0,4110.0,4012.0,4092.6,24934875,4501.8,3683.4,4440.0,3288.1,4025.0,169,3,4024.8,29,5,4024.5,11,1,4024.2,21,1,4024.1,22,1,4025.2,7,2,4025.5,62,2,4025.7,1,1,4025.8,240,2,4026.0,35,5
11483,2026-07-02 12:47:08+05:30,4025.2,3,4039.61,1228116,146240.0,165928.0,4100.0,4110.0,4012.0,4092.6,24934875,4501.8,3683.4,4440.0,3288.1,4025.2,13,1,4025.1,42,1,4025.0,211,4,4024.9,42,1,4024.8,29,5,4025.5,79,3,4025.7,1,1,4025.8,240,2,4026.0,35,5,4026.3,50,3
11483,2026-07-02 12:47:08+05:30,4025.2,8,4039.61,1228116,146240.0,165928.0,4100.0,4110.0,4012.0,4092.6,24934875,4501.8,3683.4,4440.0,3288.1,4025.2,13,1,4025.1,42,1,4025.0,211,4,4024.9,42,1,4024.8,29,5,4025.5,79,3,4025.7,1,1,4025.8,240,2,4026.0,35,5,4026.3,50,3
11483,2026-07-02 12:47:08+05:30,4025.5,54,4039.61,1228323,146018.0,165514.0,4100.0,4110.0,4012.0,4092.6,24934875,4501.8,3683.4,4440.0,3288.1,4025.3,42,1,4025.2,1,1,4025.0,64,3,4024.9,42,1,4024.8,27,4,4025.5,11,1,4025.7,1,1,4025.8,240,2,4026.0,35,5,4026.2,3,1
11483,2026-07-02 12:47:09+05:30,4025.5,5,4039.61,1228323,146018.0,165514.0,4100.0,4110.0,4012.0,4092.6,24934875,4501.8,3683.4,4440.0,3288.1,4025.3,42,1,4025.2,1,1,4025.0,64,3,4024.9,42,1,4024.8,27,4,4025.5,11,1,4025.7,1,1,4025.8,240,2,4026.0,35,5,4026.2,3,1
11483,2026-07-02 12:47:09+05:30,4025.5,5,4039.61,1228356,146034.0,165515.0,4100.0,4110.0,4012.0,4092.6,24934875,4501.8,3683.4,4440.0,3288.1,4025.3,59,2,4025.2,43,2,4025.0,64,3,4024.8,27,4,4024.6,21,1,4025.5,3,1,4025.7,1,1,4025.8,240,2,4026.0,35,5,4026.3,53,4
11483,2026-07-02 12:47:10+05:30,4025.3,4,4039.61,1228356,146034.0,165515.0,4100.0,4110.0,4012.0,4092.6,24934875,4501.8,3683.4,4440.0,3288.1,4025.3,59,2,4025.2,43,2,4025.0,64,3,4024.8,27,4,4024.6,21,1,4025.5,3,1,4025.7,1,1,4025.8,240,2,4026.0,35,5,4026.3,53,4
11483,2026-07-02 12:47:10+05:30,4025.3,42,4039.6,1228415,145822.0,165682.0,4100.0,4110.0,4012.0,4092.6,24934875,4501.8,3683.4,4440.0,3288.1,4025.2,3,2,4025.0,67,4,4024.8,69,5,4024.6,21,1,4024.5,11,1,4025.3,120,1,4025.5,5,2,4025.7,18,2,4025.8,240,2,4025.9,20,3
11483,2026-07-02 12:47:11+05:30,4025.2,4,4039.6,1228415,145822.0,165682.0,4100.0,4110.0,4012.0,4092.6,24934875,4501.8,3683.4,4440.0,3288.1,4025.2,3,2,4025.0,67,4,4024.8,69,5,4024.6,21,1,4024.5,11,1,4025.3,120,1,4025.5,5,2,4025.7,18,2,4025.8,240,2,4025.9,20,3
11483,2026-07-02 12:47:11+05:30,4025.2,4,4039.6,1228422,145882.0,165654.0,4100.0,4110.0,4012.0,4092.6,24934875,4501.8,3683.4,4440.0,3288.1,4025.2,38,1,4025.1,42,1,4025.0,67,4,4024.8,69,5,4024.5,11,1,4025.3,120,1,4025.5,5,2,4025.7,18,2,4025.8,240,2,4025.9,20,3
11483,2026-07-02 12:47:12+05:30,4025.2,1,4039.6,1228422,145882.0,165654.0,4100.0,4110.0,4012.0,4092.6,24934875,4501.8,3683.4,4440.0,3288.1,4025.2,38,1,4025.1,42,1,4025.0,67,4,4024.8,69,5,4024.5,11,1,4025.3,120,1,4025.5,5,2,4025.7,18,2,4025.8,240,2,4025.9,20,3
11483,2026-07-02 12:47:12+05:30,4025.2,1,4039.6,1228423,145881.0,165654.0,4100.0,4110.0,4012.0,4092.6,24934875,4501.8,3683.4,4440.0,3288.1,4025.2,37,1,4025.1,42,1,4025.0,67,4,4024.8,69,5,4024.5,11,1,4025.3,120,1,4025.5,5,2,4025.7,18,2,4025.8,240,2,4025.9,20,3
11483,2026-07-02 12:47:13+05:30,4025.3,2,4039.6,1228425,145863.0,165735.0,4100.0,4110.0,4012.0,4092.6,24934875,4501.8,3683.4,4440.0,3288.1,4025.2,37,1,4025.1,42,1,4025.0,67,4,4024.8,69,5,4024.5,11,1,4025.3,125,3,4025.5,53,2,4025.7,18,2,4025.8,240,2,4025.9,20,3
11483,2026-07-02 12:47:14+05:30,4025.3,2,4039.6,1228425,145863.0,165735.0,4100.0,4110.0,4012.0,4092.6,24934875,4501.8,3683.4,4440.0,3288.1,4025.2,37,1,4025.1,42,1,4025.0,67,4,4024.8,69,5,4024.5,11,1,4025.3,125,3,4025.5,53,2,4025.7,18,2,4025.8,240,2,4025.9,20,3
11483,2026-07-02 12:47:14+05:30,4025.3,10,4039.6,1228435,145829.0,165873.0,4100.0,4110.0,4012.0,4092.6,24934875,4501.8,3683.4,4440.0,3288.1,4025.2,37,1,4025.1,42,1,4025.0,67,4,4024.8,59,4,4024.5,11,1,4025.3,117,4,4025.5,50,1,4025.6,5,1,4025.7,18,2,4025.8,240,2
11483,2026-07-02 12:47:15+05:30,4025.0,7,4039.6,1228435,145829.0,165873.0,4100.0,4110.0,4012.0,4092.6,24934875,4501.8,3683.4,4440.0,3288.1,4025.2,37,1,4025.1,42,1,4025.0,67,4,4024.8,59,4,4024.5,11,1,4025.3,117,4,4025.5,50,1,4025.6,5,1,4025.7,18,2,4025.8,240,2
11483,2026-07-02 12:47:15+05:30,4025.2,3,4039.6,1228696,145440.0,166341.0,4100.0,4110.0,4012.0,4092.6,24934875,4501.8,3683.4,4440.0,3288.1,4024.8,1,1,4024.6,42,1,4024.5,61,2,4024.0,48,4,4023.7,62,1,4025.2,21,5,4025.3,123,5,4025.4,15,3,4025.5,59,2,4025.6,5,1
11483,2026-07-02 12:47:16+05:30,4025.0,31,4039.6,1228696,145440.0,166341.0,4100.0,4110.0,4012.0,4092.6,24934875,4501.8,3683.4,4440.0,3288.1,4024.8,1,1,4024.6,42,1,4024.5,61,2,4024.0,48,4,4023.7,62,1,4025.2,21,5,4025.3,123,5,4025.4,15,3,4025.5,59,2,4025.6,5,1
11483,2026-07-02 12:47:16+05:30,4025.0,33,4039.6,1228780,145444.0,166694.0,4100.0,4110.0,4012.0,4092.6,24934875,4501.8,3683.4,4440.0,3288.1,4024.8,43,2,4024.6,42,1,4024.5,61,2,4024.0,48,4,4023.7,62,1,4025.1,207,3,4025.2,188,5,4025.3,121,4,4025.4,40,4,4025.5,50,1
11483,2026-07-02 12:47:17+05:30,4024.9,10,4039.6,1228780,145444.0,166694.0,4100.0,4110.0,4012.0,4092.6,24934875,4501.8,3683.4,4440.0,3288.1,4024.8,43,2,4024.6,42,1,4024.5,61,2,4024.0,48,4,4023.7,62,1,4025.1,207,3,4025.2,188,5,4025.3,121,4,4025.4,40,4,4025.5,50,1
11483,2026-07-02 12:47:17+05:30,4024.9,10,4039.6,1228790,145550.0,166489.0,4100.0,4110.0,4012.0,4092.6,24934875,4501.8,3683.4,4440.0,3288.1,4024.9,74,2,4024.8,43,2,4024.6,42,1,4024.5,61,2,4024.0,48,4,4025.2,16,4,4025.3,121,4,4025.4,20,2,4025.5,50,1,4025.6,15,3
11483,2026-07-02 12:47:18+05:30,4024.9,1,4039.6,1228790,145550.0,166489.0,4100.0,4110.0,4012.0,4092.6,24934875,4501.8,3683.4,4440.0,3288.1,4024.9,74,2,4024.8,43,2,4024.6,42,1,4024.5,61,2,4024.0,48,4,4025.2,16,4,4025.3,121,4,4025.4,20,2,4025.5,50,1,4025.6,15,3
11483,2026-07-02 12:47:18+05:30,4024.9,1,4039.6,1228791,145583.0,166835.0,4100.0,4110.0,4012.0,4092.6,24934875,4501.8,3683.4,4440.0,3288.1,4025.0,63,2,4024.9,103,3,4024.8,1,1,4024.7,42,1,4024.5,50,1,4025.1,175,1,4025.2,181,5,4025.3,114,2,4025.4,20,2,4025.5,53,2
11483,2026-07-02 12:47:19+05:30,4025.1,1,4039.6,1228791,145583.0,166835.0,4100.0,4110.0,4012.0,4092.6,24934875,4501.8,3683.4,4440.0,3288.1,4025.0,63,2,4024.9,103,3,4024.8,1,1,4024.7,42,1,4024.5,50,1,4025.1,175,1,4025.2,181,5,4025.3,114,2,4025.4,20,2,4025.5,53,2
11483,2026-07-02 12:47:19+05:30,4024.6,28,4039.6,1229026,145508.0,166008.0,4100.0,4110.0,4012.0,4092.6,24934875,4501.8,3683.4,4440.0,3288.1,4024.6,14,1,4024.5,50,1,4024.0,48,4,4023.7,62,1,4023.6,54,3,4025.0,3,1,4025.1,18,3,4025.2,8,4,4025.3,117,3,4025.4,37,3
11483,2026-07-02 12:47:20+05:30,4024.6,14,4039.6,1229026,145508.0,166008.0,4100.0,4110.0,4012.0,4092.6,24934875,4501.8,3683.4,4440.0,3288.1,4024.6,14,1,4024.5,50,1,4024.0,48,4,4023.7,62,1,4023.6,54,3,4025.0,3,1,4025.1,18,3,4025.2,8,4,4025.3,117,3,4025.4,37,3
11483,2026-07-02 12:47:21+05:30,4024.6,1,4039.6,1229042,145567.0,166030.0,4100.0,4110.0,4012.0,4092.6,24934875,4501.8,3683.4,4440.0,3288.1,4024.5,92,2,4024.4,42,1,4024.3,42,1,4024.0,53,5,4023.6,65,3,4024.6,1,1,4025.0,28,2,4025.1,20,3,4025.2,8,4,4025.3,135,3
11483,2026-07-02 12:47:21+05:30,4024.6,4,4039.6,1229042,145567.0,166030.0,4100.0,4110.0,4012.0,4092.6,24934875,4501.8,3683.4,4440.0,3288.1,4024.5,92,2,4024.4,42,1,4024.3,42,1,4024.0,53,5,4023.6,65,3,4024.6,1,1,4025.0,28,2,4025.1,20,3,4025.2,8,4,4025.3,135,3
11483,2026-07-02 12:47:21+05:30,4024.6,4,4039.6,1229048,145344.0,166105.0,4100.0,4110.0,4012.0,4092.6,24934875,4501.8,3683.4,4440.0,3288.1,4024.5,48,1,4024.0,53,5,4023.6,33,2,4023.2,68,4,4023.1,318,6,4024.6,4,2,4025.0,28,2,4025.1,18,2,4025.2,4,3,4025.3,138,4
11483,2026-07-02 12:47:22+05:30,4024.6,1,4039.6,1229055,145323.0,166127.0,4100.0,4110.0,4012.0,4092.6,24934875,4501.8,3683.4,4440.0,3288.1,4024.5,47,1,4024.0,53,5,4023.6,33,2,4023.2,47,3,4023.1,318,6,4024.6,2,1,4025.0,52,5,4025.2,15,5,4025.3,135,3,4025.4,37,3
11483,2026-07-02 12:47:23+05:30,4024.5,1,4039.6,1229055,145323.0,166127.0,4100.0,4110.0,4012.0,4092.6,24934875,4501.8,3683.4,4440.0,3288.1,4024.5,47,1,4024.0,53,5,4023.6,33,2,4023.2,47,3,4023.1,318,6,4024.6,2,1,4025.0,52,5,4025.2,15,5,4025.3,135,3,4025.4,37,3
11483,2026-07-02 12:47:24+05:30,4025.0,2,4039.6,1229188,145185.0,166159.0,4100.0,4110.0,4012.0,4092.6,24934875,4501.8,3683.4,4440.0,3288.1,4024.5,46,1,4024.0,53,5,4023.6,33,2,4023.3,5,1,4023.2,35,2,4025.0,37,4,4025.1,3,1,4025.2,32,4,4025.3,114,2,4025.4,63,4
11483,2026-07-02 12:47:24+05:30,4024.5,16,4039.6,1229188,145185.0,166159.0,4100.0,4110.0,4012.0,4092.6,24934875,4501.8,3683.4,4440.0,3288.1,4024.5,46,1,4024.0,53,5,4023.6,33,2,4023.3,5,1,4023.2,35,2,4025.0,37,4,4025.1,3,1,4025.2,32,4,4025.3,114,2,4025.4,63,4
11483,2026-07-02 12:47:25+05:30,4024.6,1,4039.6,1229188,145185.0,166159.0,4100.0,4110.0,4012.0,4092.6,24934875,4501.8,3683.4,4440.0,3288.1,4024.5,46,1,4024.0,53,5,4023.6,33,2,4023.3,5,1,4023.2,35,2,4025.0,37,4,4025.1,3,1,4025.2,32,4,4025.3,114,2,4025.4,63,4
11483,2026-07-02 12:47:25+05:30,4024.6,1,4039.59,1229205,145381.0,166203.0,4100.0,4110.0,4012.0,4092.6,24934875,4501.8,3683.4,4440.0,3288.1,4024.6,8,1,4024.5,30,1,4024.0,53,5,4023.6,33,2,4023.2,32,1,4024.7,24,3,4024.8,74,3,4024.9,52,2,4025.0,121,5,4025.1,83,4
11483,2026-07-02 12:47:26+05:30,4024.7,7,4039.59,1229205,145381.0,166203.0,4100.0,4110.0,4012.0,4092.6,24934875,4501.8,3683.4,4440.0,3288.1,4024.6,8,1,4024.5,30,1,4024.0,53,5,4023.6,33,2,4023.2,32,1,4024.7,24,3,4024.8,74,3,4024.9,52,2,4025.0,121,5,4025.1,83,4
11483,2026-07-02 12:47:26+05:30,4024.7,7,4039.59,1229322,144715.0,166301.0,4100.0,4110.0,4012.0,4092.6,24934875,4501.8,3683.4,4440.0,3288.1,4024.0,53,5,4023.6,1,1,4023.2,32,1,4023.1,13,1,4023.0,25,1,4024.7,91,6,4024.8,47,3,4024.9,52,2,4025.0,148,7,4025.1,17,1
11483,2026-07-02 12:47:27+05:30,4024.4,1,4039.59,1229322,144715.0,166301.0,4100.0,4110.0,4012.0,4092.6,24934875,4501.8,3683.4,4440.0,3288.1,4024.0,53,5,4023.6,1,1,4023.2,32,1,4023.1,13,1,4023.0,25,1,4024.7,91,6,4024.8,47,3,4024.9,52,2,4025.0,148,7,4025.1,17,1
11483,2026-07-02 12:47:27+05:30,4024.4,1,4039.59,1229338,144712.0,166362.0,4100.0,4110.0,4012.0,4092.6,24934875,4501.8,3683.4,4440.0,3288.1,4024.0,70,6,4023.6,1,1,4023.0,25,1,4022.8,71,3,4022.7,32,3,4024.4,56,1,4024.5,88,5,4024.6,42,1,4024.7,71,7,4024.8,19,2
11483,2026-07-02 12:47:28+05:30,4024.5,10,4039.59,1229338,144712.0,166362.0,4100.0,4110.0,4012.0,4092.6,24934875,4501.8,3683.4,4440.0,3288.1,4024.0,70,6,4023.6,1,1,4023.0,25,1,4022.8,71,3,4022.7,32,3,4024.4,56,1,4024.5,88,5,4024.6,42,1,4024.7,71,7,4024.8,19,2
11483,2026-07-02 12:47:28+05:30,4024.5,10,4039.59,1229350,144606.0,166273.0,4100.0,4110.0,4012.0,4092.6,24934875,4501.8,3683.4,4440.0,3288.1,4024.0,68,6,4023.6,1,1,4023.0,25,1,4022.8,71,3,4022.7,32,3,4024.4,42,1,4024.5,99,5,4024.7,88,7,4024.8,22,3,4024.9,16,2
11483,2026-07-02 12:47:29+05:30,4024.3,8,4039.59,1229350,144606.0,166273.0,4100.0,4110.0,4012.0,4092.6,24934875,4501.8,3683.4,4440.0,3288.1,4024.0,68,6,4023.6,1,1,4023.0,25,1,4022.8,71,3,4022.7,32,3,4024.4,42,1,4024.5,99,5,4024.7,88,7,4024.8,22,3,4024.9,16,2
11483,2026-07-02 12:47:29+05:30,4024.3,8,4039.59,1229367,144517.0,165912.0,4100.0,4110.0,4012.0,4092.6,24934875,4501.8,3683.4,4440.0,3288.1,4024.0,66,6,4023.6,1,1,4023.0,25,1,4022.8,71,3,4022.7,32,3,4024.3,31,1,4024.4,25,4,4024.5,8,2,4024.7,38,3,4024.8,19,2
11483,2026-07-02 12:47:30+05:30,4024.3,1,4039.59,1229367,144517.0,165912.0,4100.0,4110.0,4012.0,4092.6,24934875,4501.8,3683.4,4440.0,3288.1,4024.0,66,6,4023.6,1,1,4023.0,25,1,4022.8,71,3,4022.7,32,3,4024.3,31,1,4024.4,25,4,4024.5,8,2,4024.7,38,3,4024.8,19,2
11483,2026-07-02 12:47:30+05:30,4024.3,1,4039.59,1229370,144220.0,165762.0,4100.0,4110.0,4012.0,4092.6,24934875,4501.8,3683.4,4440.0,3288.1,4024.0,64,6,4023.6,1,1,4023.0,25,1,4022.8,71,3,4022.7,32,3,4024.3,1,1,4024.4,25,4,4024.5,8,2,4024.7,38,3,4024.8,22,3
11483,2026-07-02 12:47:31+05:30,4024.3,5,4039.59,1229370,144220.0,165762.0,4100.0,4110.0,4012.0,4092.6,24934875,4501.8,3683.4,4440.0,3288.1,4024.0,64,6,4023.6,1,1,4023.0,25,1,4022.8,71,3,4022.7,32,3,4024.3,1,1,4024.4,25,4,4024.5,8,2,4024.7,38,3,4024.8,22,3
11483,2026-07-02 12:47:31+05:30,4024.3,5,4039.59,1229381,144349.0,166046.0,4100.0,4110.0,4012.0,4092.6,24934875,4501.8,3683.4,4440.0,3288.1,4024.0,64,6,4023.6,1,1,4023.0,25,1,4022.8,71,3,4022.7,32,3,4024.3,50,5,4024.4,49,3,4024.5,50,3,4024.6,4,1,4024.7,60,3
11483,2026-07-02 12:47:32+05:30,4024.2,1,4039.59,1229381,144349.0,166046.0,4100.0,4110.0,4012.0,4092.6,24934875,4501.8,3683.4,4440.0,3288.1,4024.0,64,6,4023.6,1,1,4023.0,25,1,4022.8,71,3,4022.7,32,3,4024.3,50,5,4024.4,49,3,4024.5,50,3,4024.6,4,1,4024.7,60,3
11483,2026-07-02 12:47:32+05:30,4024.2,1,4039.59,1229384,144372.0,166080.0,4100.0,4110.0,4012.0,4092.6,24934875,4501.8,3683.4,4440.0,3288.1,4024.0,63,6,4023.6,1,1,4023.0,25,1,4022.8,71,3,4022.7,32,3,4024.2,36,1,4024.3,52,6,4024.4,49,3,4024.5,50,3,4024.6,4,1
11483,2026-07-02 12:47:33+05:30,4024.0,1,4039.59,1229384,144372.0,166080.0,4100.0,4110.0,4012.0,4092.6,24934875,4501.8,3683.4,4440.0,3288.1,4024.0,63,6,4023.6,1,1,4023.0,25,1,4022.8,71,3,4022.7,32,3,4024.2,36,1,4024.3,52,6,4024.4,49,3,4024.5,50,3,4024.6,4,1
11483,2026-07-02 12:47:33+05:30,4024.0,17,4039.59,1229464,144099.0,166379.0,4100.0,4110.0,4012.0,4092.6,24934875,4501.8,3683.4,4440.0,3288.1,4023.6,1,1,4023.0,25,1,4022.8,26,1,4022.7,3,2,4022.5,39,2,4024.0,24,4,4024.1,3,1,4024.2,39,2,4024.3,98,5,4024.4,62,5
11483,2026-07-02 12:47:34+05:30,4023.6,1,4039.59,1229464,144099.0,166379.0,4100.0,4110.0,4012.0,4092.6,24934875,4501.8,3683.4,4440.0,3288.1,4023.6,1,1,4023.0,25,1,4022.8,26,1,4022.7,3,2,4022.5,39,2,4024.0,24,4,4024.1,3,1,4024.2,39,2,4024.3,98,5,4024.4,62,5
11483,2026-07-02 12:47:34+05:30,4023.6,1,4039.59,1229465,143906.0,166905.0,4100.0,4110.0,4012.0,4092.6,24934875,4501.8,3683.4,4440.0,3288.1,4023.0,25,1,4022.8,26,1,4022.7,3,2,4022.5,26,1,4022.4,32,1,4023.6,9,3,4023.8,10,1,4023.9,28,2,4024.0,59,5,4024.1,58,3
11483,2026-07-02 12:47:35+05:30,4023.6,1,4039.59,1229465,143906.0,166905.0,4100.0,4110.0,4012.0,4092.6,24934875,4501.8,3683.4,4440.0,3288.1,4023.0,25,1,4022.8,26,1,4022.7,3,2,4022.5,26,1,4022.4,32,1,4023.6,9,3,4023.8,10,1,4023.9,28,2,4024.0,59,5,4024.1,58,3
11483,2026-07-02 12:47:35+05:30,4023.6,1,4039.59,1229466,143908.0,167052.0,4100.0,4110.0,4012.0,4092.6,24934875,4501.8,3683.4,4440.0,3288.1,4023.0,25,1,4022.8,26,1,4022.7,3,2,4022.5,26,1,4022.4,32,1,4023.5,42,1,4023.6,54,5,4023.8,52,2,4023.9,28,2,4024.0,17,4
11483,2026-07-02 12:47:36+05:30,4023.6,1,4039.59,1229466,143903.0,167030.0,4100.0,4110.0,4012.0,4092.6,24934875,4501.8,3683.4,4440.0,3288.1,4023.0,25,1,4022.8,26,1,4022.7,3,2,4022.5,26,1,4022.4,32,1,4023.5,61,4,4023.6,47,4,4023.8,52,2,4023.9,28,2,4024.0,17,4
11483,2026-07-02 12:47:37+05:30,4023.0,2,4039.59,1229466,143903.0,167030.0,4100.0,4110.0,4012.0,4092.6,24934875,4501.8,3683.4,4440.0,3288.1,4023.0,25,1,4022.8,26,1,4022.7,3,2,4022.5,26,1,4022.4,32,1,4023.5,61,4,4023.6,47,4,4023.8,52,2,4023.9,28,2,4024.0,17,4
11483,2026-07-02 12:47:37+05:30,4023.0,2,4039.59,1229468,143903.0,167101.0,4100.0,4110.0,4012.0,4092.6,24934875,4501.8,3683.4,4440.0,3288.1,4023.0,25,2,4022.8,26,1,4022.7,3,2,4022.5,26,1,4022.4,32,1,4023.5,64,5,4023.6,44,3,4023.8,52,2,4023.9,28,2,4024.0,17,4
11483,2026-07-02 12:47:38+05:30,4023.5,2,4039.59,1229468,143903.0,167101.0,4100.0,4110.0,4012.0,4092.6,24934875,4501.8,3683.4,4440.0,3288.1,4023.0,25,2,4022.8,26,1,4022.7,3,2,4022.5,26,1,4022.4,32,1,4023.5,64,5,4023.6,44,3,4023.8,52,2,4023.9,28,2,4024.0,17,4
11483,2026-07-02 12:47:38+05:30,4023.0,1,4039.59,1229499,143985.0,167081.0,4100.0,4110.0,4012.0,4092.6,24934875,4501.8,3683.4,4440.0,3288.1,4023.0,26,2,4022.8,26,1,4022.7,3,2,4022.5,26,1,4022.4,32,1,4023.5,48,5,4023.6,2,2,4023.7,42,1,4023.8,10,1,4023.9,70,3
11483,2026-07-02 12:47:39+05:30,4023.5,1,4039.59,1229499,143985.0,167081.0,4100.0,4110.0,4012.0,4092.6,24934875,4501.8,3683.4,4440.0,3288.1,4023.0,26,2,4022.8,26,1,4022.7,3,2,4022.5,26,1,4022.4,32,1,4023.5,48,5,4023.6,2,2,4023.7,42,1,4023.8,10,1,4023.9,70,3
11483,2026-07-02 12:47:39+05:30,4023.0,1,4039.59,1229516,144592.0,167101.0,4100.0,4110.0,4012.0,4092.6,24934875,4501.8,3683.4,4440.0,3288.1,4023.0,13,2,4022.8,26,1,4022.7,3,2,4022.5,26,1,4022.4,32,1,4023.5,46,5,4023.6,44,3,4023.8,42,1,4023.9,28,2,4024.0,17,4
11483,2026-07-02 12:47:40+05:30,4023.0,2,4039.59,1229516,144592.0,167101.0,4100.0,4110.0,4012.0,4092.6,24934875,4501.8,3683.4,4440.0,3288.1,4023.0,13,2,4022.8,26,1,4022.7,3,2,4022.5,26,1,4022.4,32,1,4023.5,46,5,4023.6,44,3,4023.8,42,1,4023.9,28,2,4024.0,17,4
11483,2026-07-02 12:47:40+05:30,4023.0,2,4039.59,1229518,144317.0,167158.0,4100.0,4110.0,4012.0,4092.6,24934875,4501.8,3683.4,4440.0,3288.1,4023.2,1,1,4023.0,11,2,4022.8,26,1,4022.7,3,2,4022.5,26,1,4023.5,48,6,4023.6,65,5,4023.8,51,2,4023.9,28,2,4024.0,17,4
11483,2026-07-02 12:47:41+05:30,4023.5,4,4039.59,1229518,144317.0,167158.0,4100.0,4110.0,4012.0,4092.6,24934875,4501.8,3683.4,4440.0,3288.1,4023.2,1,1,4023.0,11,2,4022.8,26,1,4022.7,3,2,4022.5,26,1,4023.5,48,6,4023.6,65,5,4023.8,51,2,4023.9,28,2,4024.0,17,4
11483,2026-07-02 12:47:41+05:30,4023.5,4,4039.59,1229563,144324.0,167137.0,4100.0,4110.0,4012.0,4092.6,24934875,4501.8,3683.4,4440.0,3288.1,4023.2,1,1,4023.0,11,2,4022.8,26,1,4022.7,3,2,4022.5,26,1,4023.5,8,4,4023.6,23,4,4023.7,44,2,4023.8,9,1,4023.9,59,2
11483,2026-07-02 12:47:42+05:30,4023.5,2,4039.59,1229563,144324.0,167137.0,4100.0,4110.0,4012.0,4092.6,24934875,4501.8,3683.4,4440.0,3288.1,4023.2,1,1,4023.0,11,2,4022.8,26,1,4022.7,3,2,4022.5,26,1,4023.5,8,4,4023.6,23,4,4023.7,44,2,4023.8,9,1,4023.9,59,2
11483,2026-07-02 12:47:42+05:30,4023.5,5,4039.59,1229624,144086.0,167134.0,4100.0,4110.0,4012.0,4092.6,24934875,4501.8,3683.4,4440.0,3288.1,4023.3,2,1,4023.0,9,1,4022.8,26,1,4022.7,3,2,4022.5,26,1,4023.5,8,2,4023.6,45,4,4023.8,9,1,4024.0,54,7,4024.1,16,2
11483,2026-07-02 12:47:43+05:30,4023.3,7,4039.59,1229624,144086.0,167134.0,4100.0,4110.0,4012.0,4092.6,24934875,4501.8,3683.4,4440.0,3288.1,4023.3,2,1,4023.0,9,1,4022.8,26,1,4022.7,3,2,4022.5,26,1,4023.5,8,2,4023.6,45,4,4023.8,9,1,4024.0,54,7,4024.1,16,2
11483,2026-07-02 12:47:43+05:30,4023.3,1,4039.59,1229632,144246.0,167047.0,4100.0,4110.0,4012.0,4092.6,24934875,4501.8,3683.4,4440.0,3288.1,4023.3,6,2,4023.0,9,1,4022.8,26,1,4022.7,3,2,4022.5,26,1,4023.5,8,2,4023.6,5,4,4024.0,36,6,4024.1,3,1,4024.2,68,2
11483,2026-07-02 12:47:44+05:30,4023.3,1,4039.59,1229632,144246.0,167047.0,4100.0,4110.0,4012.0,4092.6,24934875,4501.8,3683.4,4440.0,3288.1,4023.3,6,2,4023.0,9,1,4022.8,26,1,4022.7,3,2,4022.5,26,1,4023.5,8,2,4023.6,5,4,4024.0,36,6,4024.1,3,1,4024.2,68,2
11483,2026-07-02 12:47:44+05:30,4023.3,1,4039.59,1229637,144348.0,167047.0,4100.0,4110.0,4012.0,4092.6,24934875,4501.8,3683.4,4440.0,3288.1,4023.3,6,2,4023.0,9,1,4022.8,26,1,4022.7,3,2,4022.5,58,2,4023.5,8,2,4023.6,5,4,4024.0,32,4,4024.1,6,2,4024.2,68,2
11483,2026-07-02 12:47:45+05:30,4023.3,1,4039.59,1229637,144348.0,167047.0,4100.0,4110.0,4012.0,4092.6,24934875,4501.8,3683.4,4440.0,3288.1,4023.3,6,2,4023.0,9,1,4022.8,26,1,4022.7,3,2,4022.5,58,2,4023.5,8,2,4023.6,5,4,4024.0,32,4,4024.1,6,2,4024.2,68,2
11483,2026-07-02 12:47:45+05:30,4023.5,3,4039.59,1229642,144348.0,167003.0,4100.0,4110.0,4012.0,4092.6,24934875,4501.8,3683.4,4440.0,3288.1,4023.3,6,2,4023.0,9,1,4022.8,26,1,4022.7,3,2,4022.5,58,2,4023.5,8,2,4023.6,5,4,4024.0,36,5,4024.1,6,2,4024.2,68,2
11483,2026-07-02 12:47:46+05:30,4023.5,5,4039.59,1229642,144348.0,167003.0,4100.0,4110.0,4012.0,4092.6,24934875,4501.8,3683.4,4440.0,3288.1,4023.3,6,2,4023.0,9,1,4022.8,26,1,4022.7,3,2,4022.5,58,2,4023.5,8,2,4023.6,5,4,4024.0,36,5,4024.1,6,2,4024.2,68,2
11483,2026-07-02 12:47:46+05:30,4023.5,5,4039.59,1229651,144347.0,166973.0,4100.0,4110.0,4012.0,4092.6,24934875,4501.8,3683.4,4440.0,3288.1,4023.3,5,2,4023.0,9,1,4022.8,26,1,4022.7,3,2,4022.5,58,2,4023.5,8,2,4023.6,5,4,4024.0,36,5,4024.1,6,2,4024.2,68,2
11483,2026-07-02 12:47:47+05:30,4023.3,1,4039.59,1229651,144347.0,166973.0,4100.0,4110.0,4012.0,4092.6,24934875,4501.8,3683.4,4440.0,3288.1,4023.3,5,2,4023.0,9,1,4022.8,26,1,4022.7,3,2,4022.5,58,2,4023.5,8,2,4023.6,5,4,4024.0,36,5,4024.1,6,2,4024.2,68,2
11483,2026-07-02 12:47:47+05:30,4021.5,5,4039.57,1230940,143460.0,167429.0,4100.0,4110.0,4012.0,4092.6,24934875,4501.8,3683.4,4440.0,3288.1,4022.1,24,1,4022.0,24,1,4021.8,24,1,4021.7,24,1,4021.6,26,1,4023.4,5,1,4023.5,12,3,4023.6,12,4,4023.7,26,1,4023.8,60,2
11483,2026-07-02 12:47:48+05:30,4021.7,5,4039.57,1230940,143460.0,167429.0,4100.0,4110.0,4012.0,4092.6,24934875,4501.8,3683.4,4440.0,3288.1,4022.1,24,1,4022.0,24,1,4021.8,24,1,4021.7,24,1,4021.6,26,1,4023.4,5,1,4023.5,12,3,4023.6,12,4,4023.7,26,1,4023.8,60,2
11483,2026-07-02 12:47:48+05:30,4021.7,5,4039.57,1231086,143427.0,167747.0,4100.0,4110.0,4012.0,4092.6,24934875,4501.8,3683.4,4440.0,3288.1,4021.3,22,3,4021.2,35,2,4021.1,34,4,4021.0,402,18,4020.9,21,1,4022.1,18,2,4023.0,46,2,4023.1,65,2,4023.2,66,2,4023.3,34,4
11483,2026-07-02 12:47:49+05:30,4021.3,7,4039.57,1231086,143427.0,167747.0,4100.0,4110.0,4012.0,4092.6,24934875,4501.8,3683.4,4440.0,3288.1,4021.3,22,3,4021.2,35,2,4021.1,34,4,4021.0,402,18,4020.9,21,1,4022.1,18,2,4023.0,46,2,4023.1,65,2,4023.2,66,2,4023.3,34,4
11483,2026-07-02 12:47:50+05:30,4021.3,1,4039.57,1231114,143467.0,167203.0,4100.0,4110.0,4012.0,4092.6,24934875,4501.8,3683.4,4440.0,3288.1,4021.2,52,3,4021.1,13,3,4021.0,402,18,4020.9,21,1,4020.8,19,1,4022.1,9,2,4023.0,52,2,4023.2,66,2,4023.3,37,5,4023.4,2,1
11483,2026-07-02 12:47:50+05:30,4021.2,3,4039.57,1231114,143467.0,167203.0,4100.0,4110.0,4012.0,4092.6,24934875,4501.8,3683.4,4440.0,3288.1,4021.2,52,3,4021.1,13,3,4021.0,402,18,4020.9,21,1,4020.8,19,1,4022.1,9,2,4023.0,52,2,4023.2,66,2,4023.3,37,5,4023.4,2,1
11483,2026-07-02 12:47:50+05:30,4022.1,3,4039.57,1231120,143672.0,167274.0,4100.0,4110.0,4012.0,4092.6,24934875,4501.8,3683.4,4440.0,3288.1,4021.2,74,3,4021.1,13,3,4021.0,370,17,4020.9,21,1,4020.8,19,1,4022.1,6,2,4022.9,96,3,4023.0,54,3,4023.2,69,3,4023.3,34,4
11483,2026-07-02 12:47:51+05:30,4022.1,1,4039.57,1231120,143672.0,167274.0,4100.0,4110.0,4012.0,4092.6,24934875,4501.8,3683.4,4440.0,3288.1,4021.2,74,3,4021.1,13,3,4021.0,370,17,4020.9,21,1,4020.8,19,1,4022.1,6,2,4022.9,96,3,4023.0,54,3,4023.2,69,3,4023.3,34,4
11483,2026-07-02 12:47:51+05:30,4022.1,1,4039.57,1231122,143711.0,167289.0,4100.0,4110.0,4012.0,4092.6,24934875,4501.8,3683.4,4440.0,3288.1,4021.4,36,2,4021.3,17,2,4021.2,56,2,4021.1,28,4,4021.0,392,17,4022.1,7,3,4022.9,39,1,4023.0,54,3,4023.2,35,2,4023.3,22,3
11483,2026-07-02 12:47:53+05:30,4022.1,1,4039.57,1231122,143988.0,167218.0,4100.0,4110.0,4012.0,4092.6,24934875,4501.8,3683.4,4440.0,3288.1,4021.7,24,1,4021.6,51,4,4021.5,48,4,4021.4,28,2,4021.3,29,3,4022.1,7,3,4022.9,14,1,4023.0,41,2,4023.2,32,1,4023.3,22,3
11483,2026-07-02 12:47:54+05:30,4022.1,1,4039.57,1231123,149457.0,167117.0,4100.0,4110.0,4012.0,4092.6,24934875,4501.8,3683.4,4440.0,3288.1,4021.8,66,3,4021.7,44,3,4021.6,24,1,4021.5,69,5,4021.4,38,3,4022.1,6,3,4023.0,2,1,4023.3,17,2,4023.5,47,3,4023.6,36,5
11483,2026-07-02 12:47:54+05:30,4022.1,1,4039.57,1231123,149457.0,167117.0,4100.0,4110.0,4012.0,4092.6,24934875,4501.8,3683.4,4440.0,3288.1,4021.8,66,3,4021.7,44,3,4021.6,24,1,4021.5,69,5,4021.4,38,3,4022.1,6,3,4023.0,2,1,4023.3,17,2,4023.5,47,3,4023.6,36,5
11483,2026-07-02 12:47:55+05:30,4022.1,1,4039.57,1231123,149457.0,167226.0,4100.0,4110.0,4012.0,4092.6,24934875,4501.8,3683.4,4440.0,3288.1,4021.8,66,3,4021.7,44,3,4021.6,24,1,4021.5,69,5,4021.4,38,3,4022.1,6,3,4023.0,2,1,4023.3,17,2,4023.5,47,3,4023.6,36,5
11483,2026-07-02 12:47:55+05:30,4022.1,6,4039.57,1231123,149457.0,167226.0,4100.0,4110.0,4012.0,4092.6,24934875,4501.8,3683.4,4440.0,3288.1,4021.8,66,3,4021.7,44,3,4021.6,24,1,4021.5,69,5,4021.4,38,3,4022.1,6,3,4023.0,2,1,4023.3,17,2,4023.5,47,3,4023.6,36,5
11483,2026-07-02 12:47:56+05:30,4023.0,6,4039.57,1231160,144471.0,166833.0,4100.0,4110.0,4012.0,4092.6,24934875,4501.8,3683.4,4440.0,3288.1,4023.0,4,1,4022.0,19,1,4021.9,20,3,4021.8,34,1,4021.7,30,2,4023.5,15,2,4023.6,4,3,4023.9,32,1,4024.0,7,2,4024.1,27,4
11483,2026-07-02 12:47:56+05:30,4023.0,4,4039.57,1231160,144471.0,166833.0,4100.0,4110.0,4012.0,4092.6,24934875,4501.8,3683.4,4440.0,3288.1,4023.0,4,1,4022.0,19,1,4021.9,20,3,4021.8,34,1,4021.7,30,2,4023.5,15,2,4023.6,4,3,4023.9,32,1,4024.0,7,2,4024.1,27,4
11483,2026-07-02 12:47:57+05:30,4023.4,2,4039.57,1231266,144643.0,166833.0,4100.0,4110.0,4012.0,4092.6,24934875,4501.8,3683.4,4440.0,3288.1,4022.0,62,4,4021.9,42,2,4021.8,54,2,4021.7,56,2,4021.6,78,4,4023.5,15,2,4023.6,4,3,4023.9,45,2,4024.0,7,2,4024.1,75,5
11483,2026-07-02 12:47:57+05:30,4022.0,13,4039.57,1231266,144643.0,166833.0,4100.0,4110.0,4012.0,4092.6,24934875,4501.8,3683.4,4440.0,3288.1,4022.0,62,4,4021.9,42,2,4021.8,54,2,4021.7,56,2,4021.6,78,4,4023.5,15,2,4023.6,4,3,4023.9,45,2,4024.0,7,2,4024.1,75,5
11483,2026-07-02 12:47:58+05:30,4023.5,2,4039.57,1231314,144635.0,166876.0,4100.0,4110.0,4012.0,4092.6,24934875,4501.8,3683.4,4440.0,3288.1,4022.0,43,3,4021.9,19,2,4021.8,34,1,4021.7,24,1,4021.6,64,3,4023.5,22,2,4023.6,12,4,4023.8,23,1,4023.9,45,2,4024.0,10,3
11483,2026-07-02 12:47:58+05:30,4023.5,12,4039.57,1231314,144635.0,166876.0,4100.0,4110.0,4012.0,4092.6,24934875,4501.8,3683.4,4440.0,3288.1,4022.0,43,3,4021.9,19,2,4021.8,34,1,4021.7,24,1,4021.6,64,3,4023.5,22,2,4023.6,12,4,4023.8,23,1,4023.9,45,2,4024.0,10,3
11483,2026-07-02 12:47:59+05:30,4023.4,7,4039.57,1231339,144997.0,166780.0,4100.0,4110.0,4012.0,4092.6,24934875,4501.8,3683.4,4440.0,3288.1,4023.0,25,1,4022.0,33,2,4021.9,48,1,4021.8,34,1,4021.7,24,1,4023.4,2,1,4023.5,5,1,4023.6,12,4,4023.9,32,1,4024.0,7,2
11483,2026-07-02 12:47:59+05:30,4023.0,3,4039.57,1231339,144997.0,166780.0,4100.0,4110.0,4012.0,4092.6,24934875,4501.8,3683.4,4440.0,3288.1,4023.0,25,1,4022.0,33,2,4021.9,48,1,4021.8,34,1,4021.7,24,1,4023.4,2,1,4023.5,5,1,4023.6,12,4,4023.9,32,1,4024.0,7,2
11483,2026-07-02 12:48:00+05:30,4023.0,3,4039.57,1231339,144997.0,166780.0,4100.0,4110.0,4012.0,4092.6,24934875,4501.8,3683.4,4440.0,3288.1,4023.0,25,1,4022.0,33,2,4021.9,48,1,4021.8,34,1,4021.7,24,1,4023.4,2,1,4023.5,5,1,4023.6,12,4,4023.9,32,1,4024.0,7,2
11483,2026-07-02 12:48:00+05:30,4023.0,1,4039.57,1231343,145114.0,166801.0,4100.0,4110.0,4012.0,4092.6,24934875,4501.8,3683.4,4440.0,3288.1,4023.0,21,1,4022.0,33,2,4021.9,60,2,4021.8,34,1,4021.7,24,1,4023.4,2,1,4023.5,5,1,4023.6,12,4,4023.9,32,1,4024.0,7,2
11483,2026-07-02 12:48:00+05:30,4023.0,1,4039.57,1231343,145114.0,166801.0,4100.0,4110.0,4012.0,4092.6,24934875,4501.8,3683.4,4440.0,3288.1,4023.0,21,1,4022.0,33,2,4021.9,60,2,4021.8,34,1,4021.7,24,1,4023.4,2,1,4023.5,5,1,4023.6,12,4,4023.9,32,1,4024.0,7,2
11483,2026-07-02 12:48:00+05:30,4023.0,1,4039.57,1231343,145114.0,166801.0,4100.0,4110.0,4012.0,4092.6,24934875,4501.8,3683.4,4440.0,3288.1,4023.0,21,1,4022.0,33,2,4021.9,60,2,4021.8,34,1,4021.7,24,1,4023.4,2,1,4023.5,5,1,4023.6,12,4,4023.9,32,1,4024.0,7,2
11483,2026-07-02 12:48:01+05:30,4023.0,1,4039.57,1231343,145114.0,166801.0,4100.0,4110.0,4012.0,4092.6,24934875,4501.8,3683.4,4440.0,3288.1,4023.0,21,1,4022.0,33,2,4021.9,60,2,4021.8,34,1,4021.7,24,1,4023.4,2,1,4023.5,5,1,4023.6,12,4,4023.9,32,1,4024.0,7,2
11483,2026-07-02 12:48:01+05:30,4023.5,3,4039.56,1231423,145313.0,166534.0,4100.0,4110.0,4012.0,4092.6,24934875,4501.8,3683.4,4440.0,3288.1,4023.0,21,1,4022.0,49,2,4021.9,60,2,4021.8,34,1,4021.7,45,3,4023.5,13,1,4023.6,4,3,4023.8,13,2,4023.9,32,1,4024.0,40,6
11483,2026-07-02 12:48:01+05:30,4023.0,10,4039.56,1231423,145313.0,166534.0,4100.0,4110.0,4012.0,4092.6,24934875,4501.8,3683.4,4440.0,3288.1,4023.0,21,1,4022.0,49,2,4021.9,60,2,4021.8,34,1,4021.7,45,3,4023.5,13,1,4023.6,4,3,4023.8,13,2,4023.9,32,1,4024.0,40,6
11483,2026-07-02 12:48:01+05:30,4023.0,10,4039.56,1231423,145313.0,166534.0,4100.0,4110.0,4012.0,4092.6,24934875,4501.8,3683.4,4440.0,3288.1,4023.0,21,1,4022.0,49,2,4021.9,60,2,4021.8,34,1,4021.7,45,3,4023.5,13,1,4023.6,4,3,4023.8,13,2,4023.9,32,1,4024.0,40,6
11483,2026-07-02 12:48:02+05:30,4023.0,10,4039.56,1231423,145313.0,166534.0,4100.0,4110.0,4012.0,4092.6,24934875,4501.8,3683.4,4440.0,3288.1,4023.0,21,1,4022.0,49,2,4021.9,60,2,4021.8,34,1,4021.7,45,3,4023.5,13,1,4023.6,4,3,4023.8,13,2,4023.9,32,1,4024.0,40,6
11483,2026-07-02 12:48:02+05:30,4023.0,10,4039.56,1231433,145221.0,166539.0,4100.0,4110.0,4012.0,4092.6,24934875,4501.8,3683.4,4440.0,3288.1,4023.0,11,1,4022.0,49,2,4021.9,12,1,4021.8,34,1,4021.7,45,3,4023.5,13,1,4023.6,4,3,4023.8,13,2,4023.9,32,1,4024.0,40,6
11483,2026-07-02 12:48:02+05:30,4023.0,1,4039.56,1231433,145221.0,166539.0,4100.0,4110.0,4012.0,4092.6,24934875,4501.8,3683.4,4440.0,3288.1,4023.0,11,1,4022.0,49,2,4021.9,12,1,4021.8,34,1,4021.7,45,3,4023.5,13,1,4023.6,4,3,4023.8,13,2,4023.9,32,1,4024.0,40,6
11483,2026-07-02 12:48:02+05:30,4023.0,1,4039.56,1231433,145221.0,166539.0,4100.0,4110.0,4012.0,4092.6,24934875,4501.8,3683.4,4440.0,3288.1,4023.0,11,1,4022.0,49,2,4021.9,12,1,4021.8,34,1,4021.7,45,3,4023.5,13,1,4023.6,4,3,4023.8,13,2,4023.9,32,1,4024.0,40,6
11483,2026-07-02 12:48:03+05:30,4023.5,3,4039.56,1231437,145098.0,166641.0,4100.0,4110.0,4012.0,4092.6,24934875,4501.8,3683.4,4440.0,3288.1,4023.0,10,1,4022.0,49,2,4021.9,12,1,4021.8,52,2,4021.7,27,2,4023.5,60,2,4023.6,4,3,4023.9,48,2,4024.0,25,4,4024.1,19,3
11483,2026-07-02 12:48:03+05:30,4023.0,1,4039.56,1231437,145098.0,166641.0,4100.0,4110.0,4012.0,4092.6,24934875,4501.8,3683.4,4440.0,3288.1,4023.0,10,1,4022.0,49,2,4021.9,12,1,4021.8,52,2,4021.7,27,2,4023.5,60,2,4023.6,4,3,4023.9,48,2,4024.0,25,4,4024.1,19,3
11483,2026-07-02 12:48:03+05:30,4023.0,1,4039.56,1231437,145098.0,166641.0,4100.0,4110.0,4012.0,4092.6,24934875,4501.8,3683.4,4440.0,3288.1,4023.0,10,1,4022.0,49,2,4021.9,12,1,4021.8,52,2,4021.7,27,2,4023.5,60,2,4023.6,4,3,4023.9,48,2,4024.0,25,4,4024.1,19,3
11483,2026-07-02 12:48:04+05:30,4023.0,2,4039.56,1231437,145098.0,166641.0,4100.0,4110.0,4012.0,4092.6,24934875,4501.8,3683.4,4440.0,3288.1,4023.0,10,1,4022.0,49,2,4021.9,12,1,4021.8,52,2,4021.7,27,2,4023.5,60,2,4023.6,4,3,4023.9,48,2,4024.0,25,4,4024.1,19,3
11483,2026-07-02 12:48:04+05:30,4023.0,2,4039.56,1231437,145098.0,166641.0,4100.0,4110.0,4012.0,4092.6,24942750,4501.8,3683.4,4440.0,3288.1,4023.0,10,1,4022.0,49,2,4021.9,12,1,4021.8,52,2,4021.7,27,2,4023.5,60,2,4023.6,4,3,4023.9,48,2,4024.0,25,4,4024.1,19,3
11483,2026-07-02 12:48:04+05:30,4023.0,2,4039.56,1231447,145391.0,166497.0,4100.0,4110.0,4012.0,4092.6,24942750,4501.8,3683.4,4440.0,3288.1,4023.0,25,1,4022.0,49,2,4021.9,12,1,4021.8,52,2,4021.7,59,3,4023.5,61,3,4023.6,2,1,4024.0,25,4,4024.1,6,2,4024.2,37,3
11483,2026-07-02 12:48:04+05:30,4023.0,2,4039.56,1231447,145391.0,166497.0,4100.0,4110.0,4012.0,4092.6,24942750,4501.8,3683.4,4440.0,3288.1,4023.0,25,1,4022.0,49,2,4021.9,12,1,4021.8,52,2,4021.7,59,3,4023.5,61,3,4023.6,2,1,4024.0,25,4,4024.1,6,2,4024.2,37,3
11483,2026-07-02 12:48:05+05:30,4023.5,5,4039.56,1231453,145406.0,166494.0,4100.0,4110.0,4012.0,4092.6,24942750,4501.8,3683.4,4440.0,3288.1,4023.0,24,1,4022.0,49,2,4021.9,12,1,4021.8,52,2,4021.7,59,3,4023.5,59,4,4023.6,2,1,4024.0,25,4,4024.1,6,2,4024.2,37,3
11483,2026-07-02 12:48:05+05:30,4023.5,5,4039.56,1231453,145406.0,166494.0,4100.0,4110.0,4012.0,4092.6,24942750,4501.8,3683.4,4440.0,3288.1,4023.0,24,1,4022.0,49,2,4021.9,12,1,4021.8,52,2,4021.7,59,3,4023.5,59,4,4023.6,2,1,4024.0,25,4,4024.1,6,2,4024.2,37,3
11483,2026-07-02 12:48:05+05:30,4023.0,1,4039.56,1231453,145406.0,166494.0,4100.0,4110.0,4012.0,4092.6,24942750,4501.8,3683.4,4440.0,3288.1,4023.0,24,1,4022.0,49,2,4021.9,12,1,4021.8,52,2,4021.7,59,3,4023.5,59,4,4023.6,2,1,4024.0,25,4,4024.1,6,2,4024.2,37,3
11483,2026-07-02 12:48:05+05:30,4023.0,1,4039.56,1231453,145406.0,166494.0,4100.0,4110.0,4012.0,4092.6,24942750,4501.8,3683.4,4440.0,3288.1,4023.0,24,1,4022.0,49,2,4021.9,12,1,4021.8,52,2,4021.7,59,3,4023.5,59,4,4023.6,2,1,4024.0,25,4,4024.1,6,2,4024.2,37,3
11483,2026-07-02 12:48:06+05:30,4023.0,1,4039.56,1231453,145406.0,166494.0,4100.0,4110.0,4012.0,4092.6,24942750,4501.8,3683.4,4440.0,3288.1,4023.0,24,1,4022.0,49,2,4021.9,12,1,4021.8,52,2,4021.7,59,3,4023.5,59,4,4023.6,2,1,4024.0,25,4,4024.1,6,2,4024.2,37,3
11483,2026-07-02 12:48:06+05:30,4023.5,4,4039.56,1231463,145410.0,166686.0,4100.0,4110.0,4012.0,4092.6,24942750,4501.8,3683.4,4440.0,3288.1,4023.0,27,2,4022.0,49,2,4021.9,12,1,4021.8,52,2,4021.7,59,3,4023.5,70,5,4023.6,2,1,4023.8,25,2,4024.0,69,6,4024.1,6,2
11483,2026-07-02 12:48:06+05:30,4023.0,1,4039.56,1231463,145410.0,166686.0,4100.0,4110.0,4012.0,4092.6,24942750,4501.8,3683.4,4440.0,3288.1,4023.0,27,2,4022.0,49,2,4021.9,12,1,4021.8,52,2,4021.7,59,3,4023.5,70,5,4023.6,2,1,4023.8,25,2,4024.0,69,6,4024.1,6,2
11483,2026-07-02 12:48:07+05:30,4023.5,5,4039.56,1231469,145476.0,166680.0,4100.0,4110.0,4012.0,4092.6,24942750,4501.8,3683.4,4440.0,3288.1,4023.0,26,2,4022.5,25,1,4022.0,25,2,4021.9,12,1,4021.8,34,1,4023.5,81,7,4023.6,9,2,4023.8,16,2,4023.9,16,1,4024.0,69,6
11483,2026-07-02 12:48:07+05:30,4023.0,1,4039.56,1231469,145476.0,166680.0,4100.0,4110.0,4012.0,4092.6,24942750,4501.8,3683.4,4440.0,3288.1,4023.0,26,2,4022.5,25,1,4022.0,25,2,4021.9,12,1,4021.8,34,1,4023.5,81,7,4023.6,9,2,4023.8,16,2,4023.9,16,1,4024.0,69,6
11483,2026-07-02 12:48:08+05:30,4023.5,1,4039.56,1231472,145479.0,166694.0,4100.0,4110.0,4012.0,4092.6,24942750,4501.8,3683.4,4440.0,3288.1,4023.0,35,3,4022.5,25,1,4022.0,25,2,4021.9,12,1,4021.8,34,1,4023.5,65,6,4023.6,18,2,4023.8,16,2,4023.9,16,1,4024.0,69,6
11483,2026-07-02 12:48:08+05:30,4023.5,1,4039.56,1231472,145479.0,166694.0,4100.0,4110.0,4012.0,4092.6,24942750,4501.8,3683.4,4440.0,3288.1,4023.0,35,3,4022.5,25,1,4022.0,25,2,4021.9,12,1,4021.8,34,1,4023.5,65,6,4023.6,18,2,4023.8,16,2,4023.9,16,1,4024.0,69,6
11483,2026-07-02 12:48:09+05:30,4023.0,126,4039.56,1231635,145492.0,166708.0,4100.0,4110.0,4012.0,4092.6,24942750,4501.8,3683.4,4440.0,3288.1,4023.0,25,1,4022.5,25,1,4022.1,48,1,4022.0,57,3,4021.9,12,1,4023.5,62,5,4023.6,2,1,4024.0,57,5,4024.1,22,3,4024.2,21,2
11483,2026-07-02 12:48:09+05:30,4023.0,19,4039.56,1231635,145492.0,166708.0,4100.0,4110.0,4012.0,4092.6,24942750,4501.8,3683.4,4440.0,3288.1,4023.0,25,1,4022.5,25,1,4022.1,48,1,4022.0,57,3,4021.9,12,1,4023.5,62,5,4023.6,2,1,4024.0,57,5,4024.1,22,3,4024.2,21,2
11483,2026-07-02 12:48:10+05:30,4023.5,2,4039.56,1231656,145476.0,166715.0,4100.0,4110.0,4012.0,4092.6,24942750,4501.8,3683.4,4440.0,3288.1,4023.0,6,1,4022.5,25,1,4022.1,48,1,4022.0,34,3,4021.9,12,1,4023.5,60,5,4023.6,2,1,4024.0,57,5,4024.1,22,3,4024.2,21,2
11483,2026-07-02 12:48:10+05:30,4023.0,3,4039.56,1231656,145476.0,166715.0,4100.0,4110.0,4012.0,4092.6,24942750,4501.8,3683.4,4440.0,3288.1,4023.0,6,1,4022.5,25,1,4022.1,48,1,4022.0,34,3,4021.9,12,1,4023.5,60,5,4023.6,2,1,4024.0,57,5,4024.1,22,3,4024.2,21,2
11483,2026-07-02 12:48:11+05:30,4023.5,4,4039.56,1231663,145419.0,166718.0,4100.0,4110.0,4012.0,4092.6,24942750,4501.8,3683.4,4440.0,3288.1,4023.0,3,1,4022.5,25,1,4022.1,48,1,4022.0,34,3,4021.9,12,1,4023.5,56,5,4023.6,2,1,4023.7,16,1,4023.8,4,1,4024.0,57,5
11483,2026-07-02 12:48:11+05:30,4023.0,1,4039.56,1231663,145419.0,166718.0,4100.0,4110.0,4012.0,4092.6,24942750,4501.8,3683.4,4440.0,3288.1,4023.0,3,1,4022.5,25,1,4022.1,48,1,4022.0,34,3,4021.9,12,1,4023.5,56,5,4023.6,2,1,4023.7,16,1,4023.8,4,1,4024.0,57,5
11483,2026-07-02 12:48:12+05:30,4023.0,1,4039.56,1231664,145489.0,166720.0,4100.0,4110.0,4012.0,4092.6,24942750,4501.8,3683.4,4440.0,3288.1,4023.0,2,1,4022.5,25,1,4022.1,48,1,4022.0,34,3,4021.9,12,1,4023.5,56,5,4023.6,2,1,4023.7,16,1,4023.8,4,1,4024.0,60,6
11483,2026-07-02 12:48:13+05:30,4023.5,1,4039.56,1231665,145361.0,166718.0,4100.0,4110.0,4012.0,4092.6,24942750,4501.8,3683.4,4440.0,3288.1,4023.0,4,2,4022.5,25,1,4022.0,34,3,4021.9,12,1,4021.8,34,1,4023.5,68,6,4023.6,9,2,4023.7,35,2,4023.8,4,1,4023.9,26,2
11483,2026-07-02 12:48:13+05:30,4023.5,1,4039.56,1231665,145361.0,166718.0,4100.0,4110.0,4012.0,4092.6,24942750,4501.8,3683.4,4440.0,3288.1,4023.0,4,2,4022.5,25,1,4022.0,34,3,4021.9,12,1,4021.8,34,1,4023.5,68,6,4023.6,9,2,4023.7,35,2,4023.8,4,1,4023.9,26,2
11483,2026-07-02 12:48:14+05:30,4023.5,1,4039.56,1231665,145361.0,166718.0,4100.0,4110.0,4012.0,4092.6,24942750,4501.8,3683.4,4440.0,3288.1,4023.0,4,2,4022.5,25,1,4022.0,34,3,4021.9,12,1,4021.8,34,1,4023.5,68,6,4023.6,9,2,4023.7,35,2,4023.8,4,1,4023.9,26,2
11483,2026-07-02 12:48:14+05:30,4023.5,1,4039.56,1231676,145388.0,166734.0,4100.0,4110.0,4012.0,4092.6,24942750,4501.8,3683.4,4440.0,3288.1,4023.0,4,2,4022.5,25,1,4022.3,26,1,4022.0,34,3,4021.9,12,1,4023.5,57,6,4023.6,9,2,4023.8,3,1,4023.9,26,2,4024.0,57,5
11483,2026-07-02 12:48:15+05:30,4023.5,4,4039.56,1231681,145382.0,166771.0,4100.0,4110.0,4012.0,4092.6,24942750,4501.8,3683.4,4440.0,3288.1,4023.0,3,2,4022.5,25,1,4022.3,26,1,4022.0,34,3,4021.9,12,1,4023.5,78,7,4023.6,2,1,4023.8,3,1,4023.9,26,2,4024.0,57,5
11483,2026-07-02 12:48:15+05:30,4023.0,1,4039.56,1231681,145382.0,166771.0,4100.0,4110.0,4012.0,4092.6,24942750,4501.8,3683.4,4440.0,3288.1,4023.0,3,2,4022.5,25,1,4022.3,26,1,4022.0,34,3,4021.9,12,1,4023.5,78,7,4023.6,2,1,4023.8,3,1,4023.9,26,2,4024.0,57,5
11483,2026-07-02 12:48:16+05:30,4023.5,1,4039.56,1231681,145382.0,166771.0,4100.0,4110.0,4012.0,4092.6,24942750,4501.8,3683.4,4440.0,3288.1,4023.0,3,2,4022.5,25,1,4022.3,26,1,4022.0,34,3,4021.9,12,1,4023.5,78,7,4023.6,2,1,4023.8,3,1,4023.9,26,2,4024.0,57,5
11483,2026-07-02 12:48:16+05:30,4023.5,1,4039.56,1231688,145383.0,166752.0,4100.0,4110.0,4012.0,4092.6,24942750,4501.8,3683.4,4440.0,3288.1,4023.0,27,2,4022.5,25,1,4022.3,26,1,4022.0,34,3,4021.9,29,2,4023.5,72,7,4023.6,2,1,4023.8,3,1,4023.9,26,2,4024.0,57,5
11483,2026-07-02 12:48:17+05:30,4023.5,1,4039.56,1231688,145383.0,166752.0,4100.0,4110.0,4012.0,4092.6,24942750,4501.8,3683.4,4440.0,3288.1,4023.0,27,2,4022.5,25,1,4022.3,26,1,4022.0,34,3,4021.9,29,2,4023.5,72,7,4023.6,2,1,4023.8,3,1,4023.9,26,2,4024.0,57,5
11483,2026-07-02 12:48:17+05:30,4023.5,1,4039.56,1231790,145309.0,166582.0,4100.0,4110.0,4012.0,4092.6,24942750,4501.8,3683.4,4440.0,3288.1,4023.0,26,2,4022.5,25,1,4022.3,26,1,4022.0,34,3,4021.9,12,1,4023.5,29,4,4023.6,3,2,4023.8,3,1,4023.9,26,2,4024.0,74,6
11483,2026-07-02 12:48:18+05:30,4022.5,16,4039.56,1231790,145309.0,166582.0,4100.0,4110.0,4012.0,4092.6,24942750,4501.8,3683.4,4440.0,3288.1,4023.0,26,2,4022.5,25,1,4022.3,26,1,4022.0,34,3,4021.9,12,1,4023.5,29,4,4023.6,3,2,4023.8,3,1,4023.9,26,2,4024.0,74,6
11483,2026-07-02 12:48:18+05:30,4024.0,14,4039.56,1232046,144965.0,166802.0,4100.0,4110.0,4012.0,4092.6,24942750,4501.8,3683.4,4440.0,3288.1,4022.5,9,1,4022.3,26,1,4022.0,34,3,4021.9,12,1,4021.8,34,1,4023.5,14,3,4023.6,6,2,4023.7,7,3,4023.8,51,3,4023.9,32,2
11483,2026-07-02 12:48:19+05:30,4022.5,10,4039.56,1232046,144965.0,166802.0,4100.0,4110.0,4012.0,4092.6,24942750,4501.8,3683.4,4440.0,3288.1,4022.5,9,1,4022.3,26,1,4022.0,34,3,4021.9,12,1,4021.8,34,1,4023.5,14,3,4023.6,6,2,4023.7,7,3,4023.8,51,3,4023.9,32,2
11483,2026-07-02 12:48:19+05:30,4022.5,10,4039.56,1232087,144734.0,166666.0,4100.0,4110.0,4012.0,4092.6,24942750,4501.8,3683.4,4440.0,3288.1,4022.5,15,1,4022.3,26,1,4022.0,34,3,4021.6,36,2,4021.5,36,2,4023.1,24,3,4023.2,15,2,4023.3,6,2,4023.4,22,4,4023.5,6,2
11483,2026-07-02 12:48:20+05:30,4023.1,10,4039.56,1232087,144734.0,166666.0,4100.0,4110.0,4012.0,4092.6,24942750,4501.8,3683.4,4440.0,3288.1,4022.5,15,1,4022.3,26,1,4022.0,34,3,4021.6,36,2,4021.5,36,2,4023.1,24,3,4023.2,15,2,4023.3,6,2,4023.4,22,4,4023.5,6,2
11483,2026-07-02 12:48:20+05:30,4023.1,10,4039.56,1232127,144872.0,166720.0,4100.0,4110.0,4012.0,4092.6,24942750,4501.8,3683.4,4440.0,3288.1,4022.8,1,1,4022.5,10,1,4022.3,26,1,4022.0,60,4,4021.6,68,3,4023.1,14,3,4023.6,22,3,4023.7,56,5,4023.8,41,2,4023.9,17,2
11483,2026-07-02 12:48:21+05:30,4022.8,1,4039.56,1232127,144872.0,166720.0,4100.0,4110.0,4012.0,4092.6,24942750,4501.8,3683.4,4440.0,3288.1,4022.8,1,1,4022.5,10,1,4022.3,26,1,4022.0,60,4,4021.6,68,3,4023.1,14,3,4023.6,22,3,4023.7,56,5,4023.8,41,2,4023.9,17,2
11483,2026-07-02 12:48:21+05:30,4022.8,3,4039.56,1232134,145188.0,166501.0,4100.0,4110.0,4012.0,4092.6,24942750,4501.8,3683.4,4440.0,3288.1,4023.0,7,1,4022.5,10,1,4022.3,26,1,4022.0,77,5,4021.6,36,2,4023.1,3,2,4023.5,6,1,4023.6,19,2,4023.7,44,4,4023.8,41,2
11483,2026-07-02 12:48:22+05:30,4023.0,6,4039.56,1232134,145188.0,166501.0,4100.0,4110.0,4012.0,4092.6,24942750,4501.8,3683.4,4440.0,3288.1,4023.0,7,1,4022.5,10,1,4022.3,26,1,4022.0,77,5,4021.6,36,2,4023.1,3,2,4023.5,6,1,4023.6,19,2,4023.7,44,4,4023.8,41,2
11483,2026-07-02 12:48:22+05:30,4023.0,6,4039.55,1232241,144858.0,166858.0,4100.0,4110.0,4012.0,4092.6,24942750,4501.8,3683.4,4440.0,3288.1,4022.5,10,1,4022.3,26,1,4022.0,60,4,4021.6,75,3,4021.5,50,3,4022.6,169,1,4022.8,1,1,4023.0,10,1,4023.7,28,3,4023.8,58,5
11483,2026-07-02 12:48:23+05:30,4022.5,71,4039.55,1232241,144858.0,166858.0,4100.0,4110.0,4012.0,4092.6,24942750,4501.8,3683.4,4440.0,3288.1,4022.5,10,1,4022.3,26,1,4022.0,60,4,4021.6,75,3,4021.5,50,3,4022.6,169,1,4022.8,1,1,4023.0,10,1,4023.7,28,3,4023.8,58,5
11483,2026-07-02 12:48:23+05:30,4022.5,71,4039.55,1232325,144881.0,166892.0,4100.0,4110.0,4012.0,4092.6,24942750,4501.8,3683.4,4440.0,3288.1,4022.5,25,1,4022.3,26,1,4022.0,60,4,4021.6,75,3,4021.5,50,3,4022.6,169,1,4022.8,1,1,4023.0,10,1,4023.7,28,3,4023.8,58,5
11483,2026-07-02 12:48:24+05:30,4022.6,2,4039.55,1232325,144881.0,166892.0,4100.0,4110.0,4012.0,4092.6,24942750,4501.8,3683.4,4440.0,3288.1,4022.5,25,1,4022.3,26,1,4022.0,60,4,4021.6,75,3,4021.5,50,3,4022.6,169,1,4022.8,1,1,4023.0,10,1,4023.7,28,3,4023.8,58,5
11483,2026-07-02 12:48:24+05:30,4022.6,2,4039.55,1232338,145069.0,166955.0,4100.0,4110.0,4012.0,4092.6,24942750,4501.8,3683.4,4440.0,3288.1,4022.5,15,1,4022.3,26,1,4022.0,63,5,4021.6,75,3,4021.5,50,3,4022.6,181,3,4023.0,10,1,4023.7,31,4,4023.8,55,4,4023.9,45,3
11483,2026-07-02 12:48:25+05:30,4022.5,2,4039.55,1232338,145069.0,166955.0,4100.0,4110.0,4012.0,4092.6,24942750,4501.8,3683.4,4440.0,3288.1,4022.5,15,1,4022.3,26,1,4022.0,63,5,4021.6,75,3,4021.5,50,3,4022.6,181,3,4023.0,10,1,4023.7,31,4,4023.8,55,4,4023.9,45,3
11483,2026-07-02 12:48:25+05:30,4022.6,80,4039.55,1232420,144595.0,166139.0,4100.0,4110.0,4012.0,4092.6,24942750,4501.8,3683.4,4440.0,3288.1,4022.5,13,1,4022.3,26,1,4022.0,48,4,4021.6,43,2,4021.5,50,3,4022.6,102,4,4022.9,16,1,4023.0,10,1,4023.1,7,1,4023.2,8,1
11483,2026-07-02 12:48:26+05:30,4022.6,7,4039.55,1232420,144595.0,166139.0,4100.0,4110.0,4012.0,4092.6,24942750,4501.8,3683.4,4440.0,3288.1,4022.5,13,1,4022.3,26,1,4022.0,48,4,4021.6,43,2,4021.5,50,3,4022.6,102,4,4022.9,16,1,4023.0,10,1,4023.1,7,1,4023.2,8,1
11483,2026-07-02 12:48:26+05:30,4022.6,7,4039.55,1232438,149871.0,167025.0,4100.0,4110.0,4012.0,4092.6,24942750,4501.8,3683.4,4440.0,3288.1,4022.5,3,1,4022.3,26,1,4022.0,48,4,4021.6,43,2,4021.5,50,3,4022.6,105,6,4022.9,16,1,4023.0,10,1,4023.1,7,1,4023.3,24,2
11483,2026-07-02 12:48:27+05:30,4022.5,2,4039.55,1232438,149871.0,167025.0,4100.0,4110.0,4012.0,4092.6,24942750,4501.8,3683.4,4440.0,3288.1,4022.5,3,1,4022.3,26,1,4022.0,48,4,4021.6,43,2,4021.5,50,3,4022.6,105,6,4022.9,16,1,4023.0,10,1,4023.1,7,1,4023.3,24,2
11483,2026-07-02 12:48:27+05:30,4022.5,2,4039.55,1232440,150080.0,166990.0,4100.0,4110.0,4012.0,4092.6,24942750,4501.8,3683.4,4440.0,3288.1,4022.5,1,1,4022.3,26,1,4022.0,48,4,4021.8,50,1,4021.6,75,3,4022.6,105,6,4023.0,10,1,4023.3,24,2,4023.4,15,1,4023.5,27,3
11483,2026-07-02 12:48:28+05:30,4022.5,2,4039.55,1232440,150085.0,166995.0,4100.0,4110.0,4012.0,4092.6,24942750,4501.8,3683.4,4440.0,3288.1,4022.5,1,1,4022.3,26,1,4022.0,48,4,4021.8,50,1,4021.6,75,3,4022.6,105,6,4023.0,10,1,4023.3,24,2,4023.4,15,1,4023.5,27,3
11483,2026-07-02 12:48:29+05:30,4022.6,10,4039.55,1232440,150085.0,166995.0,4100.0,4110.0,4012.0,4092.6,24942750,4501.8,3683.4,4440.0,3288.1,4022.5,1,1,4022.3,26,1,4022.0,48,4,4021.8,50,1,4021.6,75,3,4022.6,105,6,4023.0,10,1,4023.3,24,2,4023.4,15,1,4023.5,27,3
11483,2026-07-02 12:48:29+05:30,4022.6,10,4039.55,1232458,150209.0,167110.0,4100.0,4110.0,4012.0,4092.6,24942750,4501.8,3683.4,4440.0,3288.1,4022.5,1,1,4022.3,26,1,4022.0,48,4,4021.8,50,1,4021.6,75,3,4022.6,86,5,4023.0,10,1,4023.1,15,1,4023.4,17,2,4023.5,5,1
11483,2026-07-02 12:48:30+05:30,4022.5,2,4039.55,1232458,150209.0,167110.0,4100.0,4110.0,4012.0,4092.6,24942750,4501.8,3683.4,4440.0,3288.1,4022.5,1,1,4022.3,26,1,4022.0,48,4,4021.8,50,1,4021.6,75,3,4022.6,86,5,4023.0,10,1,4023.1,15,1,4023.4,17,2,4023.5,5,1
11483,2026-07-02 12:48:30+05:30,4022.5,2,4039.55,1232460,150353.0,167095.0,4100.0,4110.0,4012.0,4092.6,24942750,4501.8,3683.4,4440.0,3288.1,4022.5,25,1,4022.3,26,1,4022.0,48,4,4021.8,61,2,4021.6,75,3,4022.6,86,5,4023.0,10,1,4023.1,15,1,4023.4,15,1,4023.7,11,2
11483,2026-07-02 12:48:31+05:30,4022.6,35,4039.55,1232460,150353.0,167095.0,4100.0,4110.0,4012.0,4092.6,24942750,4501.8,3683.4,4440.0,3288.1,4022.5,25,1,4022.3,26,1,4022.0,48,4,4021.8,61,2,4021.6,75,3,4022.6,86,5,4023.0,10,1,4023.1,15,1,4023.4,15,1,4023.7,11,2
11483,2026-07-02 12:48:31+05:30,4022.6,35,4039.55,1232501,145123.0,167000.0,4100.0,4110.0,4012.0,4092.6,24942750,4501.8,3683.4,4440.0,3288.1,4022.5,24,1,4022.3,26,1,4022.0,74,5,4021.8,61,2,4021.6,97,5,4022.6,46,5,4023.0,10,1,4023.1,15,1,4023.7,11,2,4023.8,38,2
11483,2026-07-02 12:48:32+05:30,4022.6,1,4039.55,1232501,145123.0,167000.0,4100.0,4110.0,4012.0,4092.6,24942750,4501.8,3683.4,4440.0,3288.1,4022.5,24,1,4022.3,26,1,4022.0,74,5,4021.8,61,2,4021.6,97,5,4022.6,46,5,4023.0,10,1,4023.1,15,1,4023.7,11,2,4023.8,38,2
11483,2026-07-02 12:48:32+05:30,4022.6,1,4039.55,1232508,145122.0,167002.0,4100.0,4110.0,4012.0,4092.6,24942750,4501.8,3683.4,4440.0,3288.1,4022.5,20,1,4022.3,26,1,4022.0,74,5,4021.8,61,2,4021.6,97,5,4022.6,43,5,4023.0,10,1,4023.1,15,1,4023.6,4,1,4023.7,11,2
11483,2026-07-02 12:48:33+05:30,4022.5,1,4039.55,1232508,145122.0,167002.0,4100.0,4110.0,4012.0,4092.6,24942750,4501.8,3683.4,4440.0,3288.1,4022.5,20,1,4022.3,26,1,4022.0,74,5,4021.8,61,2,4021.6,97,5,4022.6,43,5,4023.0,10,1,4023.1,15,1,4023.6,4,1,4023.7,11,2
11483,2026-07-02 12:48:33+05:30,4022.5,1,4039.55,1232509,145151.0,167017.0,4100.0,4110.0,4012.0,4092.6,24942750,4501.8,3683.4,4440.0,3288.1,4022.5,19,1,4022.3,26,1,4022.0,74,5,4021.8,61,2,4021.6,97,5,4022.6,43,5,4023.0,11,2,4023.1,15,1,4023.6,4,1,4023.7,11,2
11483,2026-07-02 12:48:34+05:30,4022.5,1,4039.55,1232509,145339.0,166983.0,4100.0,4110.0,4012.0,4092.6,24942750,4501.8,3683.4,4440.0,3288.1,4022.5,19,1,4022.3,275,20,4022.1,7,1,4022.0,99,6,4021.9,10,1,4022.6,45,6,4023.0,11,2,4023.1,15,1,4023.7,11,2,4023.8,38,2
11483,2026-07-02 12:48:35+05:30,4022.6,14,4039.55,1232523,145395.0,166971.0,4100.0,4110.0,4012.0,4092.6,24942750,4501.8,3683.4,4440.0,3288.1,4022.5,19,1,4022.3,275,20,4022.1,7,1,4022.0,99,6,4021.9,10,1,4022.6,31,6,4023.0,1,1,4023.1,15,1,4023.7,11,2,4023.8,38,2
11483,2026-07-02 12:48:36+05:30,4022.5,2,4039.55,1232523,145395.0,166971.0,4100.0,4110.0,4012.0,4092.6,24942750,4501.8,3683.4,4440.0,3288.1,4022.5,19,1,4022.3,275,20,4022.1,7,1,4022.0,99,6,4021.9,10,1,4022.6,31,6,4023.0,1,1,4023.1,15,1,4023.7,11,2,4023.8,38,2
11483,2026-07-02 12:48:36+05:30,4022.5,2,4039.55,1232525,145393.0,166969.0,4100.0,4110.0,4012.0,4092.6,24942750,4501.8,3683.4,4440.0,3288.1,4022.5,17,1,4022.3,275,20,4022.1,7,1,4022.0,99,6,4021.9,10,1,4022.6,31,6,4023.0,1,1,4023.1,15,1,4023.7,2,1,4023.8,38,2
11483,2026-07-02 12:48:37+05:30,4022.5,3,4039.55,1232525,145393.0,166969.0,4100.0,4110.0,4012.0,4092.6,24942750,4501.8,3683.4,4440.0,3288.1,4022.5,17,1,4022.3,275,20,4022.1,7,1,4022.0,99,6,4021.9,10,1,4022.6,31,6,4023.0,1,1,4023.1,15,1,4023.7,2,1,4023.8,38,2
11483,2026-07-02 12:48:37+05:30,4022.5,3,4039.55,1232528,145290.0,166965.0,4100.0,4110.0,4012.0,4092.6,24942750,4501.8,3683.4,4440.0,3288.1,4022.5,32,5,4022.3,275,20,4022.1,7,1,4022.0,89,5,4021.9,10,1,4022.6,28,5,4023.0,1,1,4023.1,15,1,4023.7,2,1,4023.8,38,2
11483,2026-07-02 12:48:38+05:30,4022.5,1,4039.55,1232528,145290.0,166965.0,4100.0,4110.0,4012.0,4092.6,24942750,4501.8,3683.4,4440.0,3288.1,4022.5,32,5,4022.3,275,20,4022.1,7,1,4022.0,89,5,4021.9,10,1,4022.6,28,5,4023.0,1,1,4023.1,15,1,4023.7,2,1,4023.8,38,2
11483,2026-07-02 12:48:38+05:30,4022.6,10,4039.55,1232588,145931.0,166893.0,4100.0,4110.0,4012.0,4092.6,24942750,4501.8,3683.4,4440.0,3288.1,4022.6,10,1,4022.5,33,5,4022.4,13,1,4022.3,145,10,4022.2,3,1,4023.1,15,1,4023.9,26,3,4024.0,47,4,4024.2,12,1,4024.3,47,2
11483,2026-07-02 12:48:39+05:30,4023.1,1,4039.55,1232588,145931.0,166893.0,4100.0,4110.0,4012.0,4092.6,24942750,4501.8,3683.4,4440.0,3288.1,4022.6,10,1,4022.5,33,5,4022.4,13,1,4022.3,145,10,4022.2,3,1,4023.1,15,1,4023.9,26,3,4024.0,47,4,4024.2,12,1,4024.3,47,2
11483,2026-07-02 12:48:39+05:30,4022.5,2,4039.55,1232602,145732.0,166923.0,4100.0,4110.0,4012.0,4092.6,24942750,4501.8,3683.4,4440.0,3288.1,4022.6,5,1,4022.5,28,4,4022.3,106,8,4022.2,25,1,4022.1,10,2,4023.1,13,1,4023.9,26,3,4024.0,49,5,4024.2,12,1,4024.3,52,3
11483,2026-07-02 12:48:40+05:30,4022.6,1,4039.55,1232602,145732.0,166923.0,4100.0,4110.0,4012.0,4092.6,24942750,4501.8,3683.4,4440.0,3288.1,4022.6,5,1,4022.5,28,4,4022.3,106,8,4022.2,25,1,4022.1,10,2,4023.1,13,1,4023.9,26,3,4024.0,49,5,4024.2,12,1,4024.3,52,3
11483,2026-07-02 12:48:40+05:30,4023.1,14,4039.55,1232624,146707.0,165928.0,4100.0,4110.0,4012.0,4092.6,24942750,4501.8,3683.4,4440.0,3288.1,4023.5,436,1,4022.7,3,1,4022.6,15,3,4022.5,40,5,4022.4,19,1,4023.9,11,2,4024.0,6,2,4024.3,15,1,4024.7,35,2,4024.9,26,3
11483,2026-07-02 12:48:41+05:30,4023.5,3,4039.55,1232624,146707.0,165928.0,4100.0,4110.0,4012.0,4092.6,24942750,4501.8,3683.4,4440.0,3288.1,4023.5,436,1,4022.7,3,1,4022.6,15,3,4022.5,40,5,4022.4,19,1,4023.9,11,2,4024.0,6,2,4024.3,15,1,4024.7,35,2,4024.9,26,3
11483,2026-07-02 12:48:41+05:30,4023.5,3,4039.55,1232627,146932.0,165991.0,4100.0,4110.0,4012.0,4092.6,24942750,4501.8,3683.4,4440.0,3288.1,4023.5,433,1,4022.7,32,1,4022.6,18,4,4022.5,40,5,4022.4,19,1,4023.9,11,2,4024.0,6,2,4024.3,15,1,4024.7,50,3,4024.8,16,1
11483,2026-07-02 12:48:42+05:30,4023.9,12,4039.55,1232627,146932.0,165991.0,4100.0,4110.0,4012.0,4092.6,24942750,4501.8,3683.4,4440.0,3288.1,4023.5,433,1,4022.7,32,1,4022.6,18,4,4022.5,40,5,4022.4,19,1,4023.9,11,2,4024.0,6,2,4024.3,15,1,4024.7,50,3,4024.8,16,1
11483,2026-07-02 12:48:42+05:30,4023.9,12,4039.55,1232672,146982.0,165922.0,4100.0,4110.0,4012.0,4092.6,24942750,4501.8,3683.4,4440.0,3288.1,4023.6,2,1,4023.5,423,1,4022.9,12,1,4022.8,3,1,4022.7,62,3,4023.9,10,1,4024.0,6,2,4024.3,15,1,4024.7,3,1,4024.9,42,4
11483,2026-07-02 12:48:43+05:30,4023.6,6,4039.55,1232672,146982.0,165922.0,4100.0,4110.0,4012.0,4092.6,24942750,4501.8,3683.4,4440.0,3288.1,4023.6,2,1,4023.5,423,1,4022.9,12,1,4022.8,3,1,4022.7,62,3,4023.9,10,1,4024.0,6,2,4024.3,15,1,4024.7,3,1,4024.9,42,4
11483,2026-07-02 12:48:43+05:30,4023.6,1,4039.55,1232680,146914.0,165992.0,4100.0,4110.0,4012.0,4092.6,24942750,4501.8,3683.4,4440.0,3288.1,4023.6,1,1,4023.5,423,1,4023.1,5,1,4022.9,12,1,4022.8,3,1,4023.9,9,1,4024.0,6,2,4024.3,15,1,4024.5,15,1,4024.7,3,1
11483,2026-07-02 12:48:44+05:30,4023.6,1,4039.55,1232680,146914.0,165992.0,4100.0,4110.0,4012.0,4092.6,24942750,4501.8,3683.4,4440.0,3288.1,4023.6,1,1,4023.5,423,1,4023.1,5,1,4022.9,12,1,4022.8,3,1,4023.9,9,1,4024.0,6,2,4024.3,15,1,4024.5,15,1,4024.7,3,1
11483,2026-07-02 12:48:44+05:30,4023.6,1,4039.55,1232681,146910.0,166012.0,4100.0,4110.0,4012.0,4092.6,24942750,4501.8,3683.4,4440.0,3288.1,4023.6,4,3,4023.5,423,1,4023.1,5,1,4022.8,3,1,4022.7,62,3,4023.9,12,3,4024.0,6,2,4024.3,15,1,4024.5,15,1,4024.7,3,1
11483,2026-07-02 12:48:45+05:30,4023.9,3,4039.55,1232687,146907.0,165978.0,4100.0,4110.0,4012.0,4092.6,24942750,4501.8,3683.4,4440.0,3288.1,4023.6,4,3,4023.5,423,1,4023.1,5,1,4022.8,3,1,4022.7,62,3,4023.9,6,3,4024.0,6,2,4024.1,15,1,4024.3,15,1,4024.5,15,1
11483,2026-07-02 12:48:46+05:30,4023.9,3,4039.55,1232687,146907.0,165978.0,4100.0,4110.0,4012.0,4092.6,24942750,4501.8,3683.4,4440.0,3288.1,4023.6,4,3,4023.5,423,1,4023.1,5,1,4022.8,3,1,4022.7,62,3,4023.9,6,3,4024.0,6,2,4024.1,15,1,4024.3,15,1,4024.5,15,1
11483,2026-07-02 12:48:46+05:30,4023.5,73,4039.55,1232777,146831.0,165910.0,4100.0,4110.0,4012.0,4092.6,24942750,4501.8,3683.4,4440.0,3288.1,4023.5,350,1,4023.1,5,1,4022.8,3,1,4022.7,62,3,4022.6,34,4,4023.9,7,2,4024.0,6,2,4024.1,15,1,4024.3,15,1,4024.5,16,2
11483,2026-07-02 12:48:47+05:30,4023.5,11,4039.55,1232777,146831.0,165910.0,4100.0,4110.0,4012.0,4092.6,24942750,4501.8,3683.4,4440.0,3288.1,4023.5,350,1,4023.1,5,1,4022.8,3,1,4022.7,62,3,4022.6,34,4,4023.9,7,2,4024.0,6,2,4024.1,15,1,4024.3,15,1,4024.5,16,2
11483,2026-07-02 12:48:48+05:30,4023.5,11,4039.55,1232788,146844.0,165935.0,4100.0,4110.0,4012.0,4092.6,24942750,4501.8,3683.4,4440.0,3288.1,4023.5,356,2,4023.1,5,1,4022.8,3,1,4022.7,62,3,4022.6,34,4,4023.9,8,3,4024.0,6,2,4024.3,15,1,4024.5,16,2,4024.7,16,2
11483,2026-07-02 12:48:48+05:30,4023.5,2,4039.55,1232788,146844.0,165935.0,4100.0,4110.0,4012.0,4092.6,24942750,4501.8,3683.4,4440.0,3288.1,4023.5,356,2,4023.1,5,1,4022.8,3,1,4022.7,62,3,4022.6,34,4,4023.9,8,3,4024.0,6,2,4024.3,15,1,4024.5,16,2,4024.7,16,2
11483,2026-07-02 12:48:48+05:30,4023.9,5,4039.55,1232795,146895.0,165906.0,4100.0,4110.0,4012.0,4092.6,24942750,4501.8,3683.4,4440.0,3288.1,4023.5,354,2,4023.1,5,1,4022.8,3,1,4022.7,62,3,4022.6,34,4,4023.9,3,3,4024.0,6,2,4024.3,15,1,4024.5,16,2,4024.7,16,2
11483,2026-07-02 12:48:49+05:30,4023.9,5,4039.55,1232795,146895.0,165906.0,4100.0,4110.0,4012.0,4092.6,24942750,4501.8,3683.4,4440.0,3288.1,4023.5,354,2,4023.1,5,1,4022.8,3,1,4022.7,62,3,4022.6,34,4,4023.9,3,3,4024.0,6,2,4024.3,15,1,4024.5,16,2,4024.7,16,2
11483,2026-07-02 12:48:50+05:30,4023.9,5,4039.55,1232795,146895.0,165894.0,4100.0,4110.0,4012.0,4092.6,24942750,4501.8,3683.4,4440.0,3288.1,4023.5,354,2,4023.1,5,1,4022.8,3,1,4022.7,62,3,4022.6,34,4,4023.9,3,3,4024.0,6,2,4024.3,15,1,4024.5,16,2,4024.7,16,2
11483,2026-07-02 12:48:51+05:30,4023.9,1,4039.55,1232796,146875.0,165942.0,4100.0,4110.0,4012.0,4092.6,24942750,4501.8,3683.4,4440.0,3288.1,4023.5,354,2,4023.1,5,1,4022.8,3,1,4022.7,49,2,4022.6,34,4,4023.9,12,3,4024.0,6,2,4024.2,15,1,4024.3,15,1,4024.5,16,2
11483,2026-07-02 12:48:51+05:30,4023.9,1,4039.55,1232796,146875.0,165942.0,4100.0,4110.0,4012.0,4092.6,24942750,4501.8,3683.4,4440.0,3288.1,4023.5,354,2,4023.1,5,1,4022.8,3,1,4022.7,49,2,4022.6,34,4,4023.9,12,3,4024.0,6,2,4024.2,15,1,4024.3,15,1,4024.5,16,2
11483,2026-07-02 12:48:52+05:30,4023.9,1,4039.55,1232796,147089.0,165952.0,4100.0,4110.0,4012.0,4092.6,24942750,4501.8,3683.4,4440.0,3288.1,4023.6,200,1,4023.5,354,2,4023.1,5,1,4022.8,3,1,4022.7,49,2,4023.9,13,4,4024.0,6,2,4024.2,15,1,4024.3,15,1,4024.5,16,2
11483,2026-07-02 12:48:53+05:30,4023.6,14,4039.55,1232810,147066.0,165938.0,4100.0,4110.0,4012.0,4092.6,24942750,4501.8,3683.4,4440.0,3288.1,4023.6,186,1,4023.5,354,2,4023.1,5,1,4022.8,3,1,4022.7,49,2,4023.9,13,4,4024.0,6,2,4024.3,15,1,4024.5,16,2,4024.7,13,2
11483,2026-07-02 12:48:53+05:30,4023.6,2,4039.55,1232810,147066.0,165938.0,4100.0,4110.0,4012.0,4092.6,24942750,4501.8,3683.4,4440.0,3288.1,4023.6,186,1,4023.5,354,2,4023.1,5,1,4022.8,3,1,4022.7,49,2,4023.9,13,4,4024.0,6,2,4024.3,15,1,4024.5,16,2,4024.7,13,2
11483,2026-07-02 12:48:54+05:30,4023.6,2,4039.55,1232812,147064.0,165949.0,4100.0,4110.0,4012.0,4092.6,24942750,4501.8,3683.4,4440.0,3288.1,4023.6,184,1,4023.5,354,2,4023.1,5,1,4022.8,3,1,4022.7,49,2,4023.9,16,6,4024.0,6,2,4024.3,15,1,4024.5,16,2,4024.7,13,2
11483,2026-07-02 12:48:54+05:30,4023.9,1,4039.55,1232812,147064.0,165949.0,4100.0,4110.0,4012.0,4092.6,24942750,4501.8,3683.4,4440.0,3288.1,4023.6,184,1,4023.5,354,2,4023.1,5,1,4022.8,3,1,4022.7,49,2,4023.9,16,6,4024.0,6,2,4024.3,15,1,4024.5,16,2,4024.7,13,2
11483,2026-07-02 12:48:55+05:30,4023.6,1,4039.55,1232815,147068.0,165956.0,4100.0,4110.0,4012.0,4092.6,24942750,4501.8,3683.4,4440.0,3288.1,4023.6,183,1,4023.5,354,2,4023.1,5,1,4023.0,25,1,4022.8,3,1,4023.9,14,4,4024.0,6,2,4024.3,15,1,4024.5,16,2,4024.7,13,2
11483,2026-07-02 12:48:55+05:30,4023.6,1,4039.55,1232815,147068.0,165956.0,4100.0,4110.0,4012.0,4092.6,24942750,4501.8,3683.4,4440.0,3288.1,4023.6,183,1,4023.5,354,2,4023.1,5,1,4023.0,25,1,4022.8,3,1,4023.9,14,4,4024.0,6,2,4024.3,15,1,4024.5,16,2,4024.7,13,2
11483,2026-07-02 12:48:56+05:30,4023.9,1,4039.55,1232817,147193.0,165958.0,4100.0,4110.0,4012.0,4092.6,24942750,4501.8,3683.4,4440.0,3288.1,4023.7,8,1,4023.6,182,1,4023.5,354,2,4023.1,5,1,4023.0,25,1,4023.9,13,4,4024.0,6,2,4024.3,15,1,4024.5,16,2,4024.7,13,2
11483,2026-07-02 12:48:56+05:30,4023.9,1,4039.55,1232817,147193.0,165958.0,4100.0,4110.0,4012.0,4092.6,24942750,4501.8,3683.4,4440.0,3288.1,4023.7,8,1,4023.6,182,1,4023.5,354,2,4023.1,5,1,4023.0,25,1,4023.9,13,4,4024.0,6,2,4024.3,15,1,4024.5,16,2,4024.7,13,2
11483,2026-07-02 12:48:57+05:30,4024.7,2,4039.54,1232924,147672.0,165479.0,4100.0,4110.0,4012.0,4092.6,24942750,4501.8,3683.4,4440.0,3288.1,4023.7,8,1,4023.6,182,1,4023.5,354,2,4023.2,3,1,4023.1,19,2,4024.8,18,2,4024.9,24,3,4025.0,270,4,4025.1,36,3,4025.2,14,1
11483,2026-07-02 12:48:57+05:30,4023.7,13,4039.54,1232924,147672.0,165479.0,4100.0,4110.0,4012.0,4092.6,24942750,4501.8,3683.4,4440.0,3288.1,4023.7,8,1,4023.6,182,1,4023.5,354,2,4023.2,3,1,4023.1,19,2,4024.8,18,2,4024.9,24,3,4025.0,270,4,4025.1,36,3,4025.2,14,1
11483,2026-07-02 12:48:58+05:30,4025.0,7,4039.54,1233079,147688.0,165405.0,4100.0,4110.0,4012.0,4092.6,24942750,4501.8,3683.4,4440.0,3288.1,4023.7,8,1,4023.6,186,2,4023.5,354,2,4023.2,6,2,4023.1,5,1,4025.0,270,5,4025.1,12,1,4025.2,28,1,4025.4,62,4,4025.5,132,5
11483,2026-07-02 12:48:58+05:30,4023.7,18,4039.54,1233079,147688.0,165405.0,4100.0,4110.0,4012.0,4092.6,24942750,4501.8,3683.4,4440.0,3288.1,4023.7,8,1,4023.6,186,2,4023.5,354,2,4023.2,6,2,4023.1,5,1,4025.0,270,5,4025.1,12,1,4025.2,28,1,4025.4,62,4,4025.5,132,5
11483,2026-07-02 12:48:59+05:30,4025.0,7,4039.54,1233153,147683.0,165280.0,4100.0,4110.0,4012.0,4092.6,24942750,4501.8,3683.4,4440.0,3288.1,4024.0,2,1,4023.6,182,1,4023.5,354,2,4023.2,3,1,4023.1,5,1,4025.0,252,4,4025.1,22,2,4025.2,43,3,4025.3,14,1,4025.4,62,4
11483,2026-07-02 12:48:59+05:30,4024.0,2,4039.54,1233153,147683.0,165280.0,4100.0,4110.0,4012.0,4092.6,24942750,4501.8,3683.4,4440.0,3288.1,4024.0,2,1,4023.6,182,1,4023.5,354,2,4023.2,3,1,4023.1,5,1,4025.0,252,4,4025.1,22,2,4025.2,43,3,4025.3,14,1,4025.4,62,4
11483,2026-07-02 12:49:00+05:30,4024.0,2,4039.54,1233155,152908.0,165320.0,4100.0,4110.0,4012.0,4092.6,24942750,4501.8,3683.4,4440.0,3288.1,4023.8,1,1,4023.6,182,1,4023.5,354,2,4023.2,3,1,4023.1,17,2,4024.0,1,1,4025.0,252,4,4025.1,24,2,4025.2,42,2,4025.3,14,1
11483,2026-07-02 12:49:00+05:30,4023.8,1,4039.54,1233155,152908.0,165320.0,4100.0,4110.0,4012.0,4092.6,24942750,4501.8,3683.4,4440.0,3288.1,4023.8,1,1,4023.6,182,1,4023.5,354,2,4023.2,3,1,4023.1,17,2,4024.0,1,1,4025.0,252,4,4025.1,24,2,4025.2,42,2,4025.3,14,1
11483,2026-07-02 12:49:00+05:30,4023.8,1,4039.54,1233155,152908.0,165320.0,4100.0,4110.0,4012.0,4092.6,24942750,4501.8,3683.4,4440.0,3288.1,4023.8,1,1,4023.6,182,1,4023.5,354,2,4023.2,3,1,4023.1,17,2,4024.0,1,1,4025.0,252,4,4025.1,24,2,4025.2,42,2,4025.3,14,1
11483,2026-07-02 12:49:01+05:30,4024.0,1,4039.54,1233161,147499.0,165354.0,4100.0,4110.0,4012.0,4092.6,24942750,4501.8,3683.4,4440.0,3288.1,4023.6,182,1,4023.5,354,2,4023.1,5,1,4023.0,57,2,4022.9,3,1,4024.0,2,2,4025.0,265,6,4025.1,12,1,4025.2,14,1,4025.4,65,5
11483,2026-07-02 12:49:01+05:30,4024.0,1,4039.54,1233161,147499.0,165354.0,4100.0,4110.0,4012.0,4092.6,24942750,4501.8,3683.4,4440.0,3288.1,4023.6,182,1,4023.5,354,2,4023.1,5,1,4023.0,57,2,4022.9,3,1,4024.0,2,2,4025.0,265,6,4025.1,12,1,4025.2,14,1,4025.4,65,5
11483,2026-07-02 12:49:01+05:30,4024.0,1,4039.54,1233161,147499.0,165354.0,4100.0,4110.0,4012.0,4092.6,24942750,4501.8,3683.4,4440.0,3288.1,4023.6,182,1,4023.5,354,2,4023.1,5,1,4023.0,57,2,4022.9,3,1,4024.0,2,2,4025.0,265,6,4025.1,12,1,4025.2,14,1,4025.4,65,5
11483,2026-07-02 12:49:02+05:30,4024.0,1,4039.54,1233166,147492.0,165211.0,4100.0,4110.0,4012.0,4092.6,24942750,4501.8,3683.4,4440.0,3288.1,4023.6,182,1,4023.5,354,2,4023.1,5,1,4023.0,57,2,4022.9,3,1,4024.0,2,2,4025.0,265,6,4025.1,12,1,4025.2,30,1,4025.4,65,5
11483,2026-07-02 12:49:02+05:30,4023.6,1,4039.54,1233166,147492.0,165211.0,4100.0,4110.0,4012.0,4092.6,24942750,4501.8,3683.4,4440.0,3288.1,4023.6,182,1,4023.5,354,2,4023.1,5,1,4023.0,57,2,4022.9,3,1,4024.0,2,2,4025.0,265,6,4025.1,12,1,4025.2,30,1,4025.4,65,5
11483,2026-07-02 12:49:02+05:30,4023.6,1,4039.54,1233166,147492.0,165211.0,4100.0,4110.0,4012.0,4092.6,24942750,4501.8,3683.4,4440.0,3288.1,4023.6,182,1,4023.5,354,2,4023.1,5,1,4023.0,57,2,4022.9,3,1,4024.0,2,2,4025.0,265,6,4025.1,12,1,4025.2,30,1,4025.4,65,5
11483,2026-07-02 12:49:03+05:30,4024.0,1,4039.54,1233169,147486.0,165297.0,4100.0,4110.0,4012.0,4092.6,24942750,4501.8,3683.4,4440.0,3288.1,4023.6,181,1,4023.5,354,2,4023.1,5,1,4023.0,57,2,4022.8,33,3,4024.0,2,2,4024.6,15,1,4024.8,3,1,4024.9,51,2,4025.0,251,5
11483,2026-07-02 12:49:03+05:30,4024.0,1,4039.54,1233169,147486.0,165297.0,4100.0,4110.0,4012.0,4092.6,24942750,4501.8,3683.4,4440.0,3288.1,4023.6,181,1,4023.5,354,2,4023.1,5,1,4023.0,57,2,4022.8,33,3,4024.0,2,2,4024.6,15,1,4024.8,3,1,4024.9,51,2,4025.0,251,5
11483,2026-07-02 12:49:03+05:30,4024.0,1,4039.54,1233169,147486.0,165297.0,4100.0,4110.0,4012.0,4092.6,24942750,4501.8,3683.4,4440.0,3288.1,4023.6,181,1,4023.5,354,2,4023.1,5,1,4023.0,57,2,4022.8,33,3,4024.0,2,2,4024.6,15,1,4024.8,3,1,4024.9,51,2,4025.0,251,5
11483,2026-07-02 12:49:04+05:30,4024.0,1,4039.54,1233169,147486.0,165297.0,4100.0,4110.0,4012.0,4092.6,24942750,4501.8,3683.4,4440.0,3288.1,4023.6,181,1,4023.5,354,2,4023.1,5,1,4023.0,57,2,4022.8,33,3,4024.0,2,2,4024.6,15,1,4024.8,3,1,4024.9,51,2,4025.0,251,5
11483,2026-07-02 12:49:04+05:30,4024.0,1,4039.54,1233169,147486.0,165297.0,4100.0,4110.0,4012.0,4092.6,24942750,4501.8,3683.4,4440.0,3288.1,4023.6,181,1,4023.5,354,2,4023.1,5,1,4023.0,57,2,4022.8,33,3,4024.0,2,2,4024.6,15,1,4024.8,3,1,4024.9,51,2,4025.0,251,5
11483,2026-07-02 12:49:04+05:30,4024.0,1,4039.54,1233173,147543.0,165293.0,4100.0,4110.0,4012.0,4092.6,24942750,4501.8,3683.4,4440.0,3288.1,4023.6,181,1,4023.5,354,2,4023.1,5,1,4023.0,57,2,4022.9,3,1,4024.0,1,1,4024.6,15,1,4024.8,3,1,4024.9,51,2,4025.0,238,4
11483,2026-07-02 12:49:04+05:30,4024.0,1,4039.54,1233173,147543.0,165293.0,4100.0,4110.0,4012.0,4092.6,24956225,4501.8,3683.4,4440.0,3288.1,4023.6,181,1,4023.5,354,2,4023.1,5,1,4023.0,57,2,4022.9,3,1,4024.0,1,1,4024.6,15,1,4024.8,3,1,4024.9,51,2,4025.0,238,4
11483,2026-07-02 12:49:05+05:30,4024.0,1,4039.54,1233173,147543.0,165293.0,4100.0,4110.0,4012.0,4092.6,24956225,4501.8,3683.4,4440.0,3288.1,4023.6,181,1,4023.5,354,2,4023.1,5,1,4023.0,57,2,4022.9,3,1,4024.0,1,1,4024.6,15,1,4024.8,3,1,4024.9,51,2,4025.0,238,4
11483,2026-07-02 12:49:05+05:30,4023.6,1,4039.54,1233173,147543.0,165293.0,4100.0,4110.0,4012.0,4092.6,24956225,4501.8,3683.4,4440.0,3288.1,4023.6,181,1,4023.5,354,2,4023.1,5,1,4023.0,57,2,4022.9,3,1,4024.0,1,1,4024.6,15,1,4024.8,3,1,4024.9,51,2,4025.0,238,4
11483,2026-07-02 12:49:05+05:30,4023.6,1,4039.54,1233174,147535.0,165309.0,4100.0,4110.0,4012.0,4092.6,24956225,4501.8,3683.4,4440.0,3288.1,4023.6,180,1,4023.5,354,2,4023.1,5,1,4023.0,57,2,4022.8,3,1,4024.0,3,3,4024.3,15,1,4024.8,18,2,4024.9,51,2,4025.0,238,4
11483,2026-07-02 12:49:05+05:30,4023.6,1,4039.54,1233174,147535.0,165309.0,4100.0,4110.0,4012.0,4092.6,24956225,4501.8,3683.4,4440.0,3288.1,4023.6,180,1,4023.5,354,2,4023.1,5,1,4023.0,57,2,4022.8,3,1,4024.0,3,3,4024.3,15,1,4024.8,18,2,4024.9,51,2,4025.0,238,4
11483,2026-07-02 12:49:06+05:30,4024.0,5,4039.54,1233174,147535.0,165309.0,4100.0,4110.0,4012.0,4092.6,24956225,4501.8,3683.4,4440.0,3288.1,4023.6,180,1,4023.5,354,2,4023.1,5,1,4023.0,57,2,4022.8,3,1,4024.0,3,3,4024.3,15,1,4024.8,18,2,4024.9,51,2,4025.0,238,4
11483,2026-07-02 12:49:06+05:30,4024.0,5,4039.54,1233186,153378.0,165202.0,4100.0,4110.0,4012.0,4092.6,24956225,4501.8,3683.4,4440.0,3288.1,4023.9,81,1,4023.8,42,1,4023.7,42,1,4023.6,180,1,4023.5,396,3,4024.0,2,1,4024.9,26,2,4025.0,237,3,4025.1,27,2,4025.4,75,5
11483,2026-07-02 12:49:06+05:30,4024.0,5,4039.54,1233186,153378.0,165202.0,4100.0,4110.0,4012.0,4092.6,24956225,4501.8,3683.4,4440.0,3288.1,4023.9,81,1,4023.8,42,1,4023.7,42,1,4023.6,180,1,4023.5,396,3,4024.0,2,1,4024.9,26,2,4025.0,237,3,4025.1,27,2,4025.4,75,5
11483,2026-07-02 12:49:07+05:30,4023.9,1,4039.54,1233186,153378.0,165202.0,4100.0,4110.0,4012.0,4092.6,24956225,4501.8,3683.4,4440.0,3288.1,4023.9,81,1,4023.8,42,1,4023.7,42,1,4023.6,180,1,4023.5,396,3,4024.0,2,1,4024.9,26,2,4025.0,237,3,4025.1,27,2,4025.4,75,5
11483,2026-07-02 12:49:07+05:30,4023.9,1,4039.54,1233187,153383.0,165156.0,4100.0,4110.0,4012.0,4092.6,24956225,4501.8,3683.4,4440.0,3288.1,4023.9,42,1,4023.8,42,1,4023.6,222,2,4023.5,354,2,4023.4,45,2,4024.0,2,1,4024.9,26,2,4025.0,237,3,4025.1,27,2,4025.4,75,5
11483,2026-07-02 12:49:08+05:30,4023.9,3,4039.54,1233187,153383.0,165156.0,4100.0,4110.0,4012.0,4092.6,24956225,4501.8,3683.4,4440.0,3288.1,4023.9,42,1,4023.8,42,1,4023.6,222,2,4023.5,354,2,4023.4,45,2,4024.0,2,1,4024.9,26,2,4025.0,237,3,4025.1,27,2,4025.4,75,5
11483,2026-07-02 12:49:08+05:30,4023.9,3,4039.54,1233277,147701.0,165638.0,4100.0,4110.0,4012.0,4092.6,24956225,4501.8,3683.4,4440.0,3288.1,4023.7,42,1,4023.6,180,1,4023.5,396,3,4023.3,42,1,4023.1,3,1,4023.9,92,1,4024.0,10,1,4024.9,26,2,4025.0,250,4,4025.1,57,3
11483,2026-07-02 12:49:09+05:30,4023.9,1,4039.54,1233277,147701.0,165638.0,4100.0,4110.0,4012.0,4092.6,24956225,4501.8,3683.4,4440.0,3288.1,4023.7,42,1,4023.6,180,1,4023.5,396,3,4023.3,42,1,4023.1,3,1,4023.9,92,1,4024.0,10,1,4024.9,26,2,4025.0,250,4,4025.1,57,3
11483,2026-07-02 12:49:09+05:30,4023.9,1,4039.54,1233474,147768.0,165637.0,4100.0,4110.0,4012.0,4092.6,24956225,4501.8,3683.4,4440.0,3288.1,4023.8,39,1,4023.7,42,1,4023.6,37,2,4023.5,337,1,4023.4,42,1,4023.9,85,2,4024.0,10,1,4024.8,15,1,4024.9,26,2,4025.0,237,3
11483,2026-07-02 12:49:10+05:30,4023.9,1,4039.54,1233474,147768.0,165637.0,4100.0,4110.0,4012.0,4092.6,24956225,4501.8,3683.4,4440.0,3288.1,4023.8,39,1,4023.7,42,1,4023.6,37,2,4023.5,337,1,4023.4,42,1,4023.9,85,2,4024.0,10,1,4024.8,15,1,4024.9,26,2,4025.0,237,3
11483,2026-07-02 12:49:10+05:30,4023.9,1,4039.54,1233528,147770.0,165578.0,4100.0,4110.0,4012.0,4092.6,24956225,4501.8,3683.4,4440.0,3288.1,4023.8,73,3,4023.7,42,1,4023.6,37,2,4023.5,379,2,4023.3,42,1,4023.9,55,2,4024.0,10,1,4024.9,26,2,4025.0,237,3,4025.1,42,2
11483,2026-07-02 12:49:11+05:30,4023.9,6,4039.54,1233528,147770.0,165578.0,4100.0,4110.0,4012.0,4092.6,24956225,4501.8,3683.4,4440.0,3288.1,4023.8,73,3,4023.7,42,1,4023.6,37,2,4023.5,379,2,4023.3,42,1,4023.9,55,2,4024.0,10,1,4024.9,26,2,4025.0,237,3,4025.1,42,2
11483,2026-07-02 12:49:11+05:30,4023.9,1,4039.54,1233570,147771.0,165587.0,4100.0,4110.0,4012.0,4092.6,24956225,4501.8,3683.4,4440.0,3288.1,4023.8,78,4,4023.7,42,1,4023.6,37,2,4023.5,379,2,4023.3,42,1,4023.9,39,2,4024.0,10,1,4024.9,26,2,4025.0,237,3,4025.1,42,2
11483,2026-07-02 12:49:12+05:30,4023.8,8,4039.54,1233570,147771.0,165587.0,4100.0,4110.0,4012.0,4092.6,24956225,4501.8,3683.4,4440.0,3288.1,4023.8,78,4,4023.7,42,1,4023.6,37,2,4023.5,379,2,4023.3,42,1,4023.9,39,2,4024.0,10,1,4024.9,26,2,4025.0,237,3,4025.1,42,2
11483,2026-07-02 12:49:12+05:30,4024.0,5,4039.54,1233649,153016.0,165490.0,4100.0,4110.0,4012.0,4092.6,24956225,4501.8,3683.4,4440.0,3288.1,4024.0,68,1,4023.8,107,5,4023.7,13,1,4023.6,79,3,4023.5,337,1,4024.9,26,2,4025.0,237,3,4025.2,35,2,4025.4,63,5,4025.5,173,6
11483,2026-07-02 12:49:13+05:30,4023.8,2,4039.54,1233649,153016.0,165490.0,4100.0,4110.0,4012.0,4092.6,24956225,4501.8,3683.4,4440.0,3288.1,4024.0,68,1,4023.8,107,5,4023.7,13,1,4023.6,79,3,4023.5,337,1,4024.9,26,2,4025.0,237,3,4025.2,35,2,4025.4,63,5,4025.5,173,6
11483,2026-07-02 12:49:13+05:30,4023.8,2,4039.53,1233836,147693.0,165449.0,4100.0,4110.0,4012.0,4092.6,24956225,4501.8,3683.4,4440.0,3288.1,4024.3,36,1,4023.9,42,1,4023.7,42,1,4023.6,49,3,4023.5,350,2,4024.9,28,3,4025.0,237,3,4025.1,16,1,4025.2,35,2,4025.4,51,4
11483,2026-07-02 12:49:14+05:30,4023.9,26,4039.53,1233836,147693.0,165449.0,4100.0,4110.0,4012.0,4092.6,24956225,4501.8,3683.4,4440.0,3288.1,4024.3,36,1,4023.9,42,1,4023.7,42,1,4023.6,49,3,4023.5,350,2,4024.9,28,3,4025.0,237,3,4025.1,16,1,4025.2,35,2,4025.4,51,4
11483,2026-07-02 12:49:14+05:30,4023.9,26,4039.53,1233898,148115.0,165424.0,4100.0,4110.0,4012.0,4092.6,24956225,4501.8,3683.4,4440.0,3288.1,4024.5,55,1,4024.4,42,1,4024.3,42,1,4023.9,58,2,4023.6,49,3,4024.9,35,5,4025.0,237,3,4025.2,35,2,4025.4,51,4,4025.5,135,5
11483,2026-07-02 12:49:15+05:30,4024.4,33,4039.53,1233898,148115.0,165424.0,4100.0,4110.0,4012.0,4092.6,24956225,4501.8,3683.4,4440.0,3288.1,4024.5,55,1,4024.4,42,1,4024.3,42,1,4023.9,58,2,4023.6,49,3,4024.9,35,5,4025.0,237,3,4025.2,35,2,4025.4,51,4,4025.5,135,5
11483,2026-07-02 12:49:15+05:30,4024.4,33,4039.53,1233986,148179.0,165745.0,4100.0,4110.0,4012.0,4092.6,24956225,4501.8,3683.4,4440.0,3288.1,4024.7,48,1,4024.5,71,2,4024.4,9,1,4024.1,42,1,4023.9,16,1,4024.9,35,5,4025.0,237,3,4025.4,1,1,4025.5,97,3,4025.6,17,2
11483,2026-07-02 12:49:16+05:30,4024.9,3,4039.53,1233986,148179.0,165745.0,4100.0,4110.0,4012.0,4092.6,24956225,4501.8,3683.4,4440.0,3288.1,4024.7,48,1,4024.5,71,2,4024.4,9,1,4024.1,42,1,4023.9,16,1,4024.9,35,5,4025.0,237,3,4025.4,1,1,4025.5,97,3,4025.6,17,2
11483,2026-07-02 12:49:16+05:30,4024.9,3,4039.53,1234002,148153.0,165748.0,4100.0,4110.0,4012.0,4092.6,24956225,4501.8,3683.4,4440.0,3288.1,4024.7,42,1,4024.5,29,1,4024.4,9,1,4024.3,42,1,4023.9,16,1,4024.9,29,5,4025.0,237,3,4025.4,1,1,4025.5,97,3,4025.6,17,2
11483,2026-07-02 12:49:17+05:30,4024.9,2,4039.53,1234002,148153.0,165748.0,4100.0,4110.0,4012.0,4092.6,24956225,4501.8,3683.4,4440.0,3288.1,4024.7,42,1,4024.5,29,1,4024.4,9,1,4024.3,42,1,4023.9,16,1,4024.9,29,5,4025.0,237,3,4025.4,1,1,4025.5,97,3,4025.6,17,2
11483,2026-07-02 12:49:17+05:30,4024.9,2,4039.53,1234040,148240.0,165565.0,4100.0,4110.0,4012.0,4092.6,24956225,4501.8,3683.4,4440.0,3288.1,4024.7,78,3,4024.5,29,1,4024.4,9,1,4024.3,42,1,4024.1,12,1,4024.9,5,2,4025.0,237,3,4025.4,1,1,4025.5,97,3,4025.7,1,1
11483,2026-07-02 12:49:18+05:30,4024.9,12,4039.53,1234040,148240.0,165565.0,4100.0,4110.0,4012.0,4092.6,24956225,4501.8,3683.4,4440.0,3288.1,4024.7,78,3,4024.5,29,1,4024.4,9,1,4024.3,42,1,4024.1,12,1,4024.9,5,2,4025.0,237,3,4025.4,1,1,4025.5,97,3,4025.7,1,1
11483,2026-07-02 12:49:18+05:30,4024.9,12,4039.53,1234105,148250.0,165729.0,4100.0,4110.0,4012.0,4092.6,24956225,4501.8,3683.4,4440.0,3288.1,4024.9,16,1,4024.7,73,3,4024.5,29,1,4024.4,9,1,4024.3,42,1,4025.0,237,3,4025.4,1,1,4025.5,65,2,4025.7,1,1,4025.9,48,2
11483,2026-07-02 12:49:19+05:30,4024.7,29,4039.53,1234105,148250.0,165729.0,4100.0,4110.0,4012.0,4092.6,24956225,4501.8,3683.4,4440.0,3288.1,4024.9,16,1,4024.7,73,3,4024.5,29,1,4024.4,9,1,4024.3,42,1,4025.0,237,3,4025.4,1,1,4025.5,65,2,4025.7,1,1,4025.9,48,2
11483,2026-07-02 12:49:19+05:30,4024.7,54,4039.53,1234231,148154.0,165715.0,4100.0,4110.0,4012.0,4092.6,24956225,4501.8,3683.4,4440.0,3288.1,4024.5,29,1,4024.4,9,1,4024.1,42,1,4024.0,2,1,4023.9,16,1,4024.7,57,1,4025.0,237,3,4025.2,16,1,4025.4,1,1,4025.5,95,3
11483,2026-07-02 12:49:20+05:30,4024.4,9,4039.53,1234231,148154.0,165715.0,4100.0,4110.0,4012.0,4092.6,24956225,4501.8,3683.4,4440.0,3288.1,4024.5,29,1,4024.4,9,1,4024.1,42,1,4024.0,2,1,4023.9,16,1,4024.7,57,1,4025.0,237,3,4025.2,16,1,4025.4,1,1,4025.5,95,3
11483,2026-07-02 12:49:20+05:30,4024.3,72,4039.53,1234342,147713.0,165731.0,4100.0,4110.0,4012.0,4092.6,24956225,4501.8,3683.4,4440.0,3288.1,4024.1,54,2,4024.0,7,2,4023.9,16,1,4023.8,2,1,4023.7,42,1,4024.3,103,2,4024.7,57,1,4025.0,46,2,4025.4,14,2,4025.5,95,3
11483,2026-07-02 12:49:21+05:30,4024.3,3,4039.53,1234342,147713.0,165731.0,4100.0,4110.0,4012.0,4092.6,24956225,4501.8,3683.4,4440.0,3288.1,4024.1,54,2,4024.0,7,2,4023.9,16,1,4023.8,2,1,4023.7,42,1,4024.3,103,2,4024.7,57,1,4025.0,46,2,4025.4,14,2,4025.5,95,3
11483,2026-07-02 12:49:21+05:30,4024.3,68,4039.53,1234431,147742.0,165655.0,4100.0,4110.0,4012.0,4092.6,24956225,4501.8,3683.4,4440.0,3288.1,4024.2,42,1,4024.1,29,1,4024.0,7,2,4023.9,28,2,4023.8,2,1,4024.3,27,2,4024.7,57,1,4025.0,46,2,4025.4,14,2,4025.5,95,3
11483,2026-07-02 12:49:22+05:30,4024.3,11,4039.53,1234431,147742.0,165655.0,4100.0,4110.0,4012.0,4092.6,24956225,4501.8,3683.4,4440.0,3288.1,4024.2,42,1,4024.1,29,1,4024.0,7,2,4023.9,28,2,4023.8,2,1,4024.3,27,2,4024.7,57,1,4025.0,46,2,4025.4,14,2,4025.5,95,3
11483,2026-07-02 12:49:22+05:30,4024.7,8,4039.53,1234513,147631.0,165877.0,4100.0,4110.0,4012.0,4092.6,24956225,4501.8,3683.4,4440.0,3288.1,4024.0,7,2,4023.9,12,1,4023.8,2,1,4023.6,79,4,4023.5,337,1,4024.3,2,1,4024.7,49,1,4024.8,15,1,4024.9,191,2,4025.0,46,2
11483,2026-07-02 12:49:23+05:30,4025.0,33,4039.53,1234513,147631.0,165877.0,4100.0,4110.0,4012.0,4092.6,24956225,4501.8,3683.4,4440.0,3288.1,4024.0,7,2,4023.9,12,1,4023.8,2,1,4023.6,79,4,4023.5,337,1,4024.3,2,1,4024.7,49,1,4024.8,15,1,4024.9,191,2,4025.0,46,2
11483,2026-07-02 12:49:23+05:30,4025.0,33,4039.52,1234862,147609.0,165535.0,4100.0,4110.0,4012.0,4092.6,24956225,4501.8,3683.4,4440.0,3288.1,4024.3,15,1,4024.0,7,2,4023.9,12,1,4023.8,2,1,4023.6,49,3,4025.0,11,2,4025.4,17,2,4025.5,71,3,4025.6,50,3,4025.7,29,3
11483,2026-07-02 12:49:24+05:30,4024.1,1,4039.52,1234862,147609.0,165535.0,4100.0,4110.0,4012.0,4092.6,24956225,4501.8,3683.4,4440.0,3288.1,4024.3,15,1,4024.0,7,2,4023.9,12,1,4023.8,2,1,4023.6,49,3,4025.0,11,2,4025.4,17,2,4025.5,71,3,4025.6,50,3,4025.7,29,3
11483,2026-07-02 12:49:24+05:30,4024.1,1,4039.52,1234880,147157.0,165676.0,4100.0,4110.0,4012.0,4092.6,24956225,4501.8,3683.4,4440.0,3288.1,4024.0,7,2,4023.8,2,1,4023.6,49,3,4023.2,23,1,4023.0,147,3,4024.1,80,1,4024.2,42,1,4024.3,47,2,4024.5,42,1,4024.6,16,1
11483,2026-07-02 12:49:25+05:30,4024.0,1,4039.52,1234880,147157.0,165676.0,4100.0,4110.0,4012.0,4092.6,24956225,4501.8,3683.4,4440.0,3288.1,4024.0,7,2,4023.8,2,1,4023.6,49,3,4023.2,23,1,4023.0,147,3,4024.1,80,1,4024.2,42,1,4024.3,47,2,4024.5,42,1,4024.6,16,1
11483,2026-07-02 12:49:25+05:30,4024.1,32,4039.52,1234963,147398.0,165601.0,4100.0,4110.0,4012.0,4092.6,24956225,4501.8,3683.4,4440.0,3288.1,4024.0,6,3,4023.8,2,1,4023.6,49,3,4023.1,48,1,4023.0,177,4,4024.2,42,1,4024.3,5,1,4024.4,42,1,4024.6,42,1,4024.7,16,1
11483,2026-07-02 12:49:26+05:30,4024.1,8,4039.52,1234963,147398.0,165601.0,4100.0,4110.0,4012.0,4092.6,24956225,4501.8,3683.4,4440.0,3288.1,4024.0,6,3,4023.8,2,1,4023.6,49,3,4023.1,48,1,4023.0,177,4,4024.2,42,1,4024.3,5,1,4024.4,42,1,4024.6,42,1,4024.7,16,1
11483,2026-07-02 12:49:26+05:30,4024.1,8,4039.52,1234978,147450.0,165603.0,4100.0,4110.0,4012.0,4092.6,24956225,4501.8,3683.4,4440.0,3288.1,4024.0,11,4,4023.8,2,1,4023.6,49,3,4023.1,48,1,4023.0,177,4,4024.1,27,2,4024.3,47,2,4024.5,42,1,4024.7,42,1,4025.0,11,2
11483,2026-07-02 12:49:27+05:30,4024.1,9,4039.52,1234978,147450.0,165603.0,4100.0,4110.0,4012.0,4092.6,24956225,4501.8,3683.4,4440.0,3288.1,4024.0,11,4,4023.8,2,1,4023.6,49,3,4023.1,48,1,4023.0,177,4,4024.1,27,2,4024.3,47,2,4024.5,42,1,4024.7,42,1,4025.0,11,2
11483,2026-07-02 12:49:27+05:30,4024.1,1,4039.52,1235056,147333.0,165520.0,4100.0,4110.0,4012.0,4092.6,24956225,4501.8,3683.4,4440.0,3288.1,4024.0,20,2,4023.8,2,1,4023.6,49,3,4023.0,177,4,4022.9,29,2,4024.1,39,2,4024.2,42,1,4024.3,24,2,4024.5,42,1,4024.7,42,1
11483,2026-07-02 12:49:28+05:30,4024.0,29,4039.52,1235056,147333.0,165520.0,4100.0,4110.0,4012.0,4092.6,24956225,4501.8,3683.4,4440.0,3288.1,4024.0,20,2,4023.8,2,1,4023.6,49,3,4023.0,177,4,4022.9,29,2,4024.1,39,2,4024.2,42,1,4024.3,24,2,4024.5,42,1,4024.7,42,1
11483,2026-07-02 12:49:28+05:30,4024.0,29,4039.52,1235087,147328.0,165536.0,4100.0,4110.0,4012.0,4092.6,24956225,4501.8,3683.4,4440.0,3288.1,4023.8,2,1,4023.6,49,3,4023.0,177,4,4022.9,13,1,4022.8,20,1,4024.0,8,1,4024.1,45,3,4024.3,24,2,4024.4,42,1,4024.6,42,1
11483,2026-07-02 12:49:29+05:30,4023.9,7,4039.52,1235087,147328.0,165536.0,4100.0,4110.0,4012.0,4092.6,24956225,4501.8,3683.4,4440.0,3288.1,4023.8,2,1,4023.6,49,3,4023.0,177,4,4022.9,13,1,4022.8,20,1,4024.0,8,1,4024.1,45,3,4024.3,24,2,4024.4,42,1,4024.6,42,1
11483,2026-07-02 12:49:29+05:30,4023.9,7,4039.52,1235098,147170.0,165520.0,4100.0,4110.0,4012.0,4092.6,24956225,4501.8,3683.4,4440.0,3288.1,4023.8,2,1,4023.6,49,3,4023.0,130,2,4022.6,83,4,4022.5,97,6,4023.9,31,1,4024.0,2,2,4024.1,2,1,4024.2,42,1,4024.3,24,2
11483,2026-07-02 12:49:30+05:30,4023.8,9,4039.52,1235098,147170.0,165520.0,4100.0,4110.0,4012.0,4092.6,24956225,4501.8,3683.4,4440.0,3288.1,4023.8,2,1,4023.6,49,3,4023.0,130,2,4022.6,83,4,4022.5,97,6,4023.9,31,1,4024.0,2,2,4024.1,2,1,4024.2,42,1,4024.3,24,2
11483,2026-07-02 12:49:30+05:30,4023.8,9,4039.52,1235119,147106.0,165536.0,4100.0,4110.0,4012.0,4092.6,24956225,4501.8,3683.4,4440.0,3288.1,4023.6,37,2,4023.0,130,2,4022.6,83,4,4022.5,97,6,4022.4,13,1,4023.8,57,1,4023.9,31,1,4024.0,2,2,4024.1,2,1,4024.2,42,1
11483,2026-07-02 12:49:31+05:30,4023.9,24,4039.52,1235119,147106.0,165536.0,4100.0,4110.0,4012.0,4092.6,24956225,4501.8,3683.4,4440.0,3288.1,4023.6,37,2,4023.0,130,2,4022.6,83,4,4022.5,97,6,4022.4,13,1,4023.8,57,1,4023.9,31,1,4024.0,2,2,4024.1,2,1,4024.2,42,1
11483,2026-07-02 12:49:31+05:30,4024.1,2,4039.51,1235489,146991.0,165201.0,4100.0,4110.0,4012.0,4092.6,24956225,4501.8,3683.4,4440.0,3288.1,4024.0,38,4,4023.9,24,2,4023.8,30,3,4023.7,40,5,4023.6,36,4,4024.1,2,1,4024.3,24,2,4025.0,11,2,4025.4,13,2,4025.5,65,2
11483,2026-07-02 12:49:32+05:30,4024.3,5,4039.51,1235489,146991.0,165201.0,4100.0,4110.0,4012.0,4092.6,24956225,4501.8,3683.4,4440.0,3288.1,4024.0,38,4,4023.9,24,2,4023.8,30,3,4023.7,40,5,4023.6,36,4,4024.1,2,1,4024.3,24,2,4025.0,11,2,4025.4,13,2,4025.5,65,2
11483,2026-07-02 12:49:32+05:30,4024.3,5,4039.51,1235866,147800.0,164908.0,4100.0,4110.0,4012.0,4092.6,24956225,4501.8,3683.4,4440.0,3288.1,4024.0,51,6,4023.9,38,3,4023.8,33,4,4023.7,20,2,4023.6,45,4,4024.1,35,1,4024.3,5,1,4025.0,11,2,4025.4,13,2,4025.5,79,3
11483,2026-07-02 12:49:33+05:30,4024.1,2,4039.51,1235866,147800.0,164908.0,4100.0,4110.0,4012.0,4092.6,24956225,4501.8,3683.4,4440.0,3288.1,4024.0,51,6,4023.9,38,3,4023.8,33,4,4023.7,20,2,4023.6,45,4,4024.1,35,1,4024.3,5,1,4025.0,11,2,4025.4,13,2,4025.5,79,3
11483,2026-07-02 12:49:33+05:30,4024.1,2,4039.51,1235903,147646.0,165364.0,4100.0,4110.0,4012.0,4092.6,24956225,4501.8,3683.4,4440.0,3288.1,4024.0,27,4,4023.9,38,3,4023.8,33,4,4023.7,20,2,4023.6,34,3,4024.1,42,1,4024.2,42,1,4024.3,5,1,4024.4,42,1,4024.6,42,1
11483,2026-07-02 12:49:34+05:30,4024.6,2,4039.51,1235903,147646.0,165364.0,4100.0,4110.0,4012.0,4092.6,24956225,4501.8,3683.4,4440.0,3288.1,4024.0,27,4,4023.9,38,3,4023.8,33,4,4023.7,20,2,4023.6,34,3,4024.1,42,1,4024.2,42,1,4024.3,5,1,4024.4,42,1,4024.6,42,1
11483,2026-07-02 12:49:34+05:30,4024.6,2,4039.5,1236126,148128.0,165288.0,4100.0,4110.0,4012.0,4092.6,24956225,4501.8,3683.4,4440.0,3288.1,4024.2,14,1,4024.1,31,3,4024.0,41,5,4023.9,54,4,4023.8,35,3,4024.6,49,2,4025.0,11,2,4025.4,13,2,4025.5,65,2,4025.7,43,3
11483,2026-07-02 12:49:35+05:30,4024.3,13,4039.5,1236126,148128.0,165288.0,4100.0,4110.0,4012.0,4092.6,24956225,4501.8,3683.4,4440.0,3288.1,4024.2,14,1,4024.1,31,3,4024.0,41,5,4023.9,54,4,4023.8,35,3,4024.6,49,2,4025.0,11,2,4025.4,13,2,4025.5,65,2,4025.7,43,3
11483,2026-07-02 12:49:35+05:30,4024.3,13,4039.5,1236160,148087.0,165254.0,4100.0,4110.0,4012.0,4092.6,24956225,4501.8,3683.4,4440.0,3288.1,4024.2,44,3,4024.1,18,1,4024.0,43,5,4023.9,74,5,4023.8,44,4,4024.6,52,3,4025.0,11,2,4025.4,1,1,4025.5,65,2,4025.7,43,3
11483,2026-07-02 12:49:36+05:30,4024.3,13,4039.5,1236160,148036.0,165515.0,4100.0,4110.0,4012.0,4092.6,24956225,4501.8,3683.4,4440.0,3288.1,4024.0,38,4,4023.9,38,3,4023.8,17,2,4023.7,20,2,4023.6,8,1,4024.3,82,2,4024.4,42,1,4024.5,42,1,4024.6,52,3,4024.7,42,1
11483,2026-07-02 12:49:37+05:30,4024.2,21,4039.5,1236160,148036.0,165515.0,4100.0,4110.0,4012.0,4092.6,24956225,4501.8,3683.4,4440.0,3288.1,4024.0,38,4,4023.9,38,3,4023.8,17,2,4023.7,20,2,4023.6,8,1,4024.3,82,2,4024.4,42,1,4024.5,42,1,4024.6,52,3,4024.7,42,1
11483,2026-07-02 12:49:37+05:30,4024.2,1,4039.5,1236182,148551.0,165526.0,4100.0,4110.0,4012.0,4092.6,24956225,4501.8,3683.4,4440.0,3288.1,4024.0,48,4,4023.9,38,3,4023.8,17,2,4023.7,40,3,4023.6,8,1,4024.2,59,1,4024.3,44,3,4024.4,42,1,4024.6,94,4,4025.0,11,2
11483,2026-07-02 12:49:38+05:30,4024.3,1,4039.5,1236182,148551.0,165526.0,4100.0,4110.0,4012.0,4092.6,24956225,4501.8,3683.4,4440.0,3288.1,4024.0,48,4,4023.9,38,3,4023.8,17,2,4023.7,40,3,4023.6,8,1,4024.2,59,1,4024.3,44,3,4024.4,42,1,4024.6,94,4,4025.0,11,2
11483,2026-07-02 12:49:38+05:30,4024.3,1,4039.5,1236269,148643.0,165331.0,4100.0,4110.0,4012.0,4092.6,24956225,4501.8,3683.4,4440.0,3288.1,4024.2,64,4,4024.1,21,1,4024.0,68,8,4023.9,60,4,4023.8,27,3,4024.5,42,1,4024.6,52,3,4025.0,11,2,4025.4,1,1,4025.5,65,2
11483,2026-07-02 12:49:39+05:30,4024.5,2,4039.5,1236269,148643.0,165331.0,4100.0,4110.0,4012.0,4092.6,24956225,4501.8,3683.4,4440.0,3288.1,4024.2,64,4,4024.1,21,1,4024.0,68,8,4023.9,60,4,4023.8,27,3,4024.5,42,1,4024.6,52,3,4025.0,11,2,4025.4,1,1,4025.5,65,2
11483,2026-07-02 12:49:39+05:30,4024.5,2,4039.5,1236337,149044.0,165357.0,4100.0,4110.0,4012.0,4092.6,24956225,4501.8,3683.4,4440.0,3288.1,4024.3,39,3,4024.2,41,2,4024.1,21,1,4024.0,61,7,4023.9,60,4,4024.5,10,2,4024.6,30,1,4024.7,42,1,4025.0,11,2,4025.4,1,1
11483,2026-07-02 12:49:40+05:30,4025.0,10,4039.5,1236746,149224.0,164821.0,4100.0,4110.0,4012.0,4092.6,24956225,4501.8,3683.4,4440.0,3288.1,4024.7,10,1,4024.6,35,2,4024.4,57,5,4024.3,15,2,4024.2,39,2,4025.0,13,1,4025.4,1,1,4025.5,65,2,4025.7,1,1,4026.0,23,3
11483,2026-07-02 12:49:40+05:30,4024.8,6,4039.5,1236746,149224.0,164821.0,4100.0,4110.0,4012.0,4092.6,24956225,4501.8,3683.4,4440.0,3288.1,4024.7,10,1,4024.6,35,2,4024.4,57,5,4024.3,15,2,4024.2,39,2,4025.0,13,1,4025.4,1,1,4025.5,65,2,4025.7,1,1,4026.0,23,3
11483,2026-07-02 12:49:41+05:30,4024.8,9,4039.5,1236916,149338.0,165049.0,4100.0,4110.0,4012.0,4092.6,24956225,4501.8,3683.4,4440.0,3288.1,4024.4,17,3,4024.3,9,1,4024.2,39,2,4024.1,21,1,4024.0,99,10,4024.8,53,1,4024.9,42,1,4025.0,76,2,4025.2,42,1,4025.4,43,2
11483,2026-07-02 12:49:41+05:30,4024.8,9,4039.5,1236916,149338.0,165049.0,4100.0,4110.0,4012.0,4092.6,24956225,4501.8,3683.4,4440.0,3288.1,4024.4,17,3,4024.3,9,1,4024.2,39,2,4024.1,21,1,4024.0,99,10,4024.8,53,1,4024.9,42,1,4025.0,76,2,4025.2,42,1,4025.4,43,2
11483,2026-07-02 12:49:42+05:30,4024.9,42,4039.49,1237097,149433.0,164835.0,4100.0,4110.0,4012.0,4092.6,24956225,4501.8,3683.4,4440.0,3288.1,4024.9,21,1,4024.8,43,3,4024.7,26,1,4024.6,15,2,4024.5,51,2,4025.0,34,1,4025.1,42,1,4025.4,1,1,4025.5,65,2,4025.7,1,1
11483,2026-07-02 12:49:42+05:30,4024.9,42,4039.49,1237097,149433.0,164835.0,4100.0,4110.0,4012.0,4092.6,24956225,4501.8,3683.4,4440.0,3288.1,4024.9,21,1,4024.8,43,3,4024.7,26,1,4024.6,15,2,4024.5,51,2,4025.0,34,1,4025.1,42,1,4025.4,1,1,4025.5,65,2,4025.7,1,1
11483,2026-07-02 12:49:43+05:30,4024.8,7,4039.49,1237159,149321.0,164929.0,4100.0,4110.0,4012.0,4092.6,24956225,4501.8,3683.4,4440.0,3288.1,4024.6,12,1,4024.5,53,3,4024.4,5,2,4024.3,9,1,4024.2,56,4,4024.9,19,1,4025.0,34,1,4025.4,1,1,4025.5,107,3,4025.7,1,1
11483,2026-07-02 12:49:43+05:30,4024.8,7,4039.49,1237159,149321.0,164929.0,4100.0,4110.0,4012.0,4092.6,24956225,4501.8,3683.4,4440.0,3288.1,4024.6,12,1,4024.5,53,3,4024.4,5,2,4024.3,9,1,4024.2,56,4,4024.9,19,1,4025.0,34,1,4025.4,1,1,4025.5,107,3,4025.7,1,1
11483,2026-07-02 12:49:44+05:30,4025.0,36,4039.49,1237214,149393.0,165229.0,4100.0,4110.0,4012.0,4092.6,24956225,4501.8,3683.4,4440.0,3288.1,4024.6,47,5,4024.5,32,2,4024.4,1,1,4024.3,9,1,4024.2,46,3,4024.9,81,1,4025.0,42,1,4025.1,42,1,4025.3,42,1,4025.4,1,1
11483,2026-07-02 12:49:44+05:30,4025.0,36,4039.49,1237214,149393.0,165229.0,4100.0,4110.0,4012.0,4092.6,24956225,4501.8,3683.4,4440.0,3288.1,4024.6,47,5,4024.5,32,2,4024.4,1,1,4024.3,9,1,4024.2,46,3,4024.9,81,1,4025.0,42,1,4025.1,42,1,4025.3,42,1,4025.4,1,1
11483,2026-07-02 12:49:45+05:30,4024.8,9,4039.49,1237234,149470.0,165212.0,4100.0,4110.0,4012.0,4092.6,24956225,4501.8,3683.4,4440.0,3288.1,4024.7,12,1,4024.6,38,4,4024.5,53,3,4024.3,9,1,4024.2,39,2,4024.8,23,1,4024.9,42,1,4025.1,42,1,4025.3,42,1,4025.4,1,1
11483,2026-07-02 12:49:45+05:30,4024.8,9,4039.49,1237234,149470.0,165212.0,4100.0,4110.0,4012.0,4092.6,24956225,4501.8,3683.4,4440.0,3288.1,4024.7,12,1,4024.6,38,4,4024.5,53,3,4024.3,9,1,4024.2,39,2,4024.8,23,1,4024.9,42,1,4025.1,42,1,4025.3,42,1,4025.4,1,1
11483,2026-07-02 12:49:46+05:30,4024.8,3,4039.49,1237270,149435.0,165229.0,4100.0,4110.0,4012.0,4092.6,24956225,4501.8,3683.4,4440.0,3288.1,4024.6,38,4,4024.5,32,2,4024.3,9,1,4024.2,18,1,4024.1,22,2,4024.8,25,1,4024.9,4,1,4025.0,42,1,4025.2,42,1,4025.4,43,2
11483,2026-07-02 12:49:46+05:30,4024.8,7,4039.49,1237270,149435.0,165229.0,4100.0,4110.0,4012.0,4092.6,24956225,4501.8,3683.4,4440.0,3288.1,4024.6,38,4,4024.5,32,2,4024.3,9,1,4024.2,18,1,4024.1,22,2,4024.8,25,1,4024.9,4,1,4025.0,42,1,4025.2,42,1,4025.4,43,2
11483,2026-07-02 12:49:47+05:30,4024.6,2,4039.49,1237295,149378.0,165354.0,4100.0,4110.0,4012.0,4092.6,24956225,4501.8,3683.4,4440.0,3288.1,4024.6,15,2,4024.5,47,3,4024.3,9,1,4024.2,18,1,4024.1,22,2,4024.7,42,1,4024.8,43,2,4024.9,4,1,4025.0,42,1,4025.2,42,1
11483,2026-07-02 12:49:47+05:30,4024.7,4,4039.49,1237295,149378.0,165354.0,4100.0,4110.0,4012.0,4092.6,24956225,4501.8,3683.4,4440.0,3288.1,4024.6,15,2,4024.5,47,3,4024.3,9,1,4024.2,18,1,4024.1,22,2,4024.7,42,1,4024.8,43,2,4024.9,4,1,4025.0,42,1,4025.2,42,1
11483,2026-07-02 12:49:48+05:30,4024.6,16,4039.49,1237330,149263.0,165419.0,4100.0,4110.0,4012.0,4092.6,24956225,4501.8,3683.4,4440.0,3288.1,4024.1,31,3,4024.0,61,5,4023.9,38,3,4023.8,17,2,4023.7,40,3,4024.6,46,1,4024.7,38,1,4024.8,43,2,4024.9,4,1,4025.0,42,1
11483,2026-07-02 12:49:48+05:30,4024.6,16,4039.49,1237330,149263.0,165419.0,4100.0,4110.0,4012.0,4092.6,24956225,4501.8,3683.4,4440.0,3288.1,4024.1,31,3,4024.0,61,5,4023.9,38,3,4023.8,17,2,4023.7,40,3,4024.6,46,1,4024.7,38,1,4024.8,43,2,4024.9,4,1,4025.0,42,1
11483,2026-07-02 12:49:49+05:30,4024.6,16,4039.49,1237330,149328.0,165310.0,4100.0,4110.0,4012.0,4092.6,24956225,4501.8,3683.4,4440.0,3288.1,4024.1,31,3,4024.0,61,5,4023.9,38,3,4023.8,17,2,4023.7,40,3,4024.8,3,2,4025.4,18,2,4025.5,240,3,4025.7,43,3,4026.0,69,5
11483,2026-07-02 12:49:50+05:30,4024.6,16,4039.49,1237330,149525.0,165319.0,4100.0,4110.0,4012.0,4092.6,24956225,4501.8,3683.4,4440.0,3288.1,4024.6,10,3,4024.1,22,2,4024.0,86,7,4023.9,38,3,4023.8,17,2,4024.8,3,2,4025.0,52,1,4025.4,2,2,4025.5,240,3,4025.7,31,2
11483,2026-07-02 12:49:51+05:30,4025.0,229,4039.49,1237580,149543.0,164939.0,4100.0,4110.0,4012.0,4092.6,24956225,4501.8,3683.4,4440.0,3288.1,4024.6,10,3,4024.3,20,1,4024.1,22,2,4024.0,88,6,4023.9,75,5,4025.0,56,2,4025.4,2,2,4025.5,240,3,4025.7,1,1,4026.0,70,5
11483,2026-07-02 12:49:51+05:30,4025.0,229,4039.49,1237580,149543.0,164939.0,4100.0,4110.0,4012.0,4092.6,24956225,4501.8,3683.4,4440.0,3288.1,4024.6,10,3,4024.3,20,1,4024.1,22,2,4024.0,88,6,4023.9,75,5,4025.0,56,2,4025.4,2,2,4025.5,240,3,4025.7,1,1,4026.0,70,5
11483,2026-07-02 12:49:52+05:30,4025.5,111,4039.48,1238051,149474.0,164592.0,4100.0,4110.0,4012.0,4092.6,24956225,4501.8,3683.4,4440.0,3288.1,4025.0,3,2,4024.8,4,1,4024.6,7,1,4024.1,22,2,4024.0,61,6,4025.5,70,2,4025.7,1,1,4026.0,10,2,4026.2,39,1,4026.3,36,3
11483,2026-07-02 12:49:52+05:30,4025.5,111,4039.48,1238051,149474.0,164592.0,4100.0,4110.0,4012.0,4092.6,24956225,4501.8,3683.4,4440.0,3288.1,4025.0,3,2,4024.8,4,1,4024.6,7,1,4024.1,22,2,4024.0,61,6,4025.5,70,2,4025.7,1,1,4026.0,10,2,4026.2,39,1,4026.3,36,3
11483,2026-07-02 12:49:53+05:30,4025.0,2,4039.48,1238065,149337.0,164568.0,4100.0,4110.0,4012.0,4092.6,24956225,4501.8,3683.4,4440.0,3288.1,4025.2,1,1,4025.0,11,3,4024.8,4,1,4024.6,7,1,4024.1,31,3,4025.5,76,3,4025.7,1,1,4026.0,26,3,4026.2,47,2,4026.3,36,3
11483,2026-07-02 12:49:53+05:30,4025.0,5,4039.48,1238065,149337.0,164568.0,4100.0,4110.0,4012.0,4092.6,24956225,4501.8,3683.4,4440.0,3288.1,4025.2,1,1,4025.0,11,3,4024.8,4,1,4024.6,7,1,4024.1,31,3,4025.5,76,3,4025.7,1,1,4026.0,26,3,4026.2,47,2,4026.3,36,3
11483,2026-07-02 12:49:54+05:30,4026.2,26,4039.48,1238322,148850.0,164617.0,4100.0,4110.0,4012.0,4092.6,24956225,4501.8,3683.4,4440.0,3288.1,4025.0,5,2,4024.6,7,1,4024.1,100,4,4024.0,70,6,4023.9,41,4,4026.0,1,1,4026.1,24,2,4026.2,27,2,4026.3,41,3,4026.4,23,3
11483,2026-07-02 12:49:54+05:30,4026.0,1,4039.48,1238322,148850.0,164617.0,4100.0,4110.0,4012.0,4092.6,24956225,4501.8,3683.4,4440.0,3288.1,4025.0,5,2,4024.6,7,1,4024.1,100,4,4024.0,70,6,4023.9,41,4,4026.0,1,1,4026.1,24,2,4026.2,27,2,4026.3,41,3,4026.4,23,3
11483,2026-07-02 12:49:55+05:30,4026.0,1,4039.48,1238327,148768.0,164299.0,4100.0,4110.0,4012.0,4092.6,24956225,4501.8,3683.4,4440.0,3288.1,4025.5,1,1,4025.0,4,1,4024.6,7,1,4024.3,13,1,4024.1,100,4,4026.2,8,1,4026.3,87,6,4026.4,20,3,4026.5,43,2,4026.6,69,3
11483,2026-07-02 12:49:55+05:30,4025.0,18,4039.48,1238327,148768.0,164299.0,4100.0,4110.0,4012.0,4092.6,24956225,4501.8,3683.4,4440.0,3288.1,4025.5,1,1,4025.0,4,1,4024.6,7,1,4024.3,13,1,4024.1,100,4,4026.2,8,1,4026.3,87,6,4026.4,20,3,4026.5,43,2,4026.6,69,3
11483,2026-07-02 12:49:56+05:30,4025.0,18,4039.48,1238365,148618.0,164337.0,4100.0,4110.0,4012.0,4092.6,24956225,4501.8,3683.4,4440.0,3288.1,4025.0,42,3,4024.6,7,1,4024.1,22,2,4024.0,33,2,4023.7,49,3,4026.0,28,4,4026.2,28,3,4026.3,70,5,4026.4,68,3,4026.5,123,4
11483,2026-07-02 12:49:57+05:30,4025.0,5,4039.48,1238449,148552.0,164348.0,4100.0,4110.0,4012.0,4092.6,24956225,4501.8,3683.4,4440.0,3288.1,4025.0,26,3,4024.1,22,2,4024.0,12,1,4023.7,12,1,4023.6,28,2,4025.9,32,3,4026.0,62,7,4026.2,65,3,4026.3,85,6,4026.4,17,2
11483,2026-07-02 12:49:57+05:30,4025.0,5,4039.48,1238449,148552.0,164348.0,4100.0,4110.0,4012.0,4092.6,24956225,4501.8,3683.4,4440.0,3288.1,4025.0,26,3,4024.1,22,2,4024.0,12,1,4023.7,12,1,4023.6,28,2,4025.9,32,3,4026.0,62,7,4026.2,65,3,4026.3,85,6,4026.4,17,2
11483,2026-07-02 12:49:58+05:30,4025.0,5,4039.48,1238449,148603.0,164379.0,4100.0,4110.0,4012.0,4092.6,24956225,4501.8,3683.4,4440.0,3288.1,4025.0,27,4,4024.1,22,2,4024.0,12,1,4023.8,4,1,4023.7,12,1,4025.9,32,3,4026.0,62,7,4026.2,65,3,4026.3,85,6,4026.4,17,2
11483,2026-07-02 12:49:58+05:30,4025.9,2,4039.48,1238449,148603.0,164379.0,4100.0,4110.0,4012.0,4092.6,24956225,4501.8,3683.4,4440.0,3288.1,4025.0,27,4,4024.1,22,2,4024.0,12,1,4023.8,4,1,4023.7,12,1,4025.9,32,3,4026.0,62,7,4026.2,65,3,4026.3,85,6,4026.4,17,2
11483,2026-07-02 12:49:58+05:30,4025.0,1,4039.48,1238512,148584.0,164313.0,4100.0,4110.0,4012.0,4092.6,24956225,4501.8,3683.4,4440.0,3288.1,4025.0,7,1,4024.1,22,2,4024.0,28,3,4023.7,12,1,4023.6,30,3,4025.8,11,1,4025.9,51,7,4026.0,19,2,4026.1,3,1,4026.2,62,2
11483,2026-07-02 12:49:59+05:30,4025.8,1,4039.48,1238512,148584.0,164313.0,4100.0,4110.0,4012.0,4092.6,24956225,4501.8,3683.4,4440.0,3288.1,4025.0,7,1,4024.1,22,2,4024.0,28,3,4023.7,12,1,4023.6,30,3,4025.8,11,1,4025.9,51,7,4026.0,19,2,4026.1,3,1,4026.2,62,2
11483,2026-07-02 12:49:59+05:30,4025.4,1,4039.48,1238514,148535.0,164321.0,4100.0,4110.0,4012.0,4092.6,24956225,4501.8,3683.4,4440.0,3288.1,4025.0,7,1,4024.1,22,2,4024.0,12,1,4023.7,12,1,4023.6,30,3,4025.8,10,1,4025.9,42,6,4026.0,59,3,4026.1,3,1,4026.2,8,1
11483,2026-07-02 12:50:00+05:30,4025.4,1,4039.48,1238514,148535.0,164321.0,4100.0,4110.0,4012.0,4092.6,24956225,4501.8,3683.4,4440.0,3288.1,4025.0,7,1,4024.1,22,2,4024.0,12,1,4023.7,12,1,4023.6,30,3,4025.8,10,1,4025.9,42,6,4026.0,59,3,4026.1,3,1,4026.2,8,1
11483,2026-07-02 12:50:00+05:30,4025.4,1,4039.48,1238514,148535.0,164321.0,4100.0,4110.0,4012.0,4092.6,24956225,4501.8,3683.4,4440.0,3288.1,4025.0,7,1,4024.1,22,2,4024.0,12,1,4023.7,12,1,4023.6,30,3,4025.8,10,1,4025.9,42,6,4026.0,59,3,4026.1,3,1,4026.2,8,1
11483,2026-07-02 12:50:01+05:30,4025.0,14,4039.48,1238533,148523.0,164331.0,4100.0,4110.0,4012.0,4092.6,24956225,4501.8,3683.4,4440.0,3288.1,4025.0,8,1,4024.1,22,2,4024.0,12,1,4023.7,12,1,4023.6,30,3,4025.8,5,1,4025.9,25,5,4026.0,59,3,4026.1,3,1,4026.2,85,3
11483,2026-07-02 12:50:01+05:30,4025.0,14,4039.48,1238533,148523.0,164331.0,4100.0,4110.0,4012.0,4092.6,24956225,4501.8,3683.4,4440.0,3288.1,4025.0,8,1,4024.1,22,2,4024.0,12,1,4023.7,12,1,4023.6,30,3,4025.8,5,1,4025.9,25,5,4026.0,59,3,4026.1,3,1,4026.2,85,3
11483,2026-07-02 12:50:01+05:30,4025.0,14,4039.48,1238533,148523.0,164331.0,4100.0,4110.0,4012.0,4092.6,24956225,4501.8,3683.4,4440.0,3288.1,4025.0,8,1,4024.1,22,2,4024.0,12,1,4023.7,12,1,4023.6,30,3,4025.8,5,1,4025.9,25,5,4026.0,59,3,4026.1,3,1,4026.2,85,3
11483,2026-07-02 12:50:01+05:30,4025.0,14,4039.48,1238533,148523.0,164331.0,4100.0,4110.0,4012.0,4092.6,24956225,4501.8,3683.4,4440.0,3288.1,4025.0,8,1,4024.1,22,2,4024.0,12,1,4023.7,12,1,4023.6,30,3,4025.8,5,1,4025.9,25,5,4026.0,59,3,4026.1,3,1,4026.2,85,3
11483,2026-07-02 12:50:02+05:30,4025.0,14,4039.48,1238533,148523.0,164331.0,4100.0,4110.0,4012.0,4092.6,24956225,4501.8,3683.4,4440.0,3288.1,4025.0,8,1,4024.1,22,2,4024.0,12,1,4023.7,12,1,4023.6,30,3,4025.8,5,1,4025.9,25,5,4026.0,59,3,4026.1,3,1,4026.2,85,3
11483,2026-07-02 12:50:02+05:30,4025.0,4,4039.48,1238545,148111.0,164488.0,4100.0,4110.0,4012.0,4092.6,24956225,4501.8,3683.4,4440.0,3288.1,4025.0,4,1,4024.1,22,2,4023.7,12,1,4023.6,8,1,4023.5,11,2,4025.4,50,1,4025.7,72,4,4025.8,23,5,4025.9,19,6,4026.0,84,5
11483,2026-07-02 12:50:02+05:30,4025.0,12,4039.48,1238545,148111.0,164488.0,4100.0,4110.0,4012.0,4092.6,24956225,4501.8,3683.4,4440.0,3288.1,4025.0,4,1,4024.1,22,2,4023.7,12,1,4023.6,8,1,4023.5,11,2,4025.4,50,1,4025.7,72,4,4025.8,23,5,4025.9,19,6,4026.0,84,5
11483,2026-07-02 12:50:02+05:30,4025.0,12,4039.48,1238545,148111.0,164488.0,4100.0,4110.0,4012.0,4092.6,24956225,4501.8,3683.4,4440.0,3288.1,4025.0,4,1,4024.1,22,2,4023.7,12,1,4023.6,8,1,4023.5,11,2,4025.4,50,1,4025.7,72,4,4025.8,23,5,4025.9,19,6,4026.0,84,5
11483,2026-07-02 12:50:03+05:30,4025.0,12,4039.48,1238565,147587.0,165021.0,4100.0,4110.0,4012.0,4092.6,24956225,4501.8,3683.4,4440.0,3288.1,4024.1,1,1,4023.6,8,1,4023.5,11,2,4023.4,12,1,4023.2,3,1,4025.3,5,1,4025.4,83,6,4025.5,9,2,4025.6,66,4,4025.7,81,4
11483,2026-07-02 12:50:03+05:30,4025.0,12,4039.48,1238565,147587.0,165021.0,4100.0,4110.0,4012.0,4092.6,24956225,4501.8,3683.4,4440.0,3288.1,4024.1,1,1,4023.6,8,1,4023.5,11,2,4023.4,12,1,4023.2,3,1,4025.3,5,1,4025.4,83,6,4025.5,9,2,4025.6,66,4,4025.7,81,4
11483,2026-07-02 12:50:04+05:30,4025.0,12,4039.48,1238565,147537.0,165108.0,4100.0,4110.0,4012.0,4092.6,24956225,4501.8,3683.4,4440.0,3288.1,4024.8,1,1,4024.1,1,1,4023.6,8,1,4023.5,11,2,4023.4,12,1,4025.3,13,4,4025.4,73,5,4025.5,4,2,4025.6,61,3,4025.7,91,4
11483,2026-07-02 12:50:04+05:30,4025.0,12,4039.48,1238565,147537.0,165108.0,4100.0,4110.0,4012.0,4092.6,24956225,4501.8,3683.4,4440.0,3288.1,4024.8,1,1,4024.1,1,1,4023.6,8,1,4023.5,11,2,4023.4,12,1,4025.3,13,4,4025.4,73,5,4025.5,4,2,4025.6,61,3,4025.7,91,4
11483,2026-07-02 12:50:04+05:30,4025.3,1,4039.48,1238565,147537.0,165108.0,4100.0,4110.0,4012.0,4092.6,24956225,4501.8,3683.4,4440.0,3288.1,4024.8,1,1,4024.1,1,1,4023.6,8,1,4023.5,11,2,4023.4,12,1,4025.3,13,4,4025.4,73,5,4025.5,4,2,4025.6,61,3,4025.7,91,4
11483,2026-07-02 12:50:04+05:30,4025.3,1,4039.48,1238565,147537.0,165108.0,4100.0,4110.0,4012.0,4092.6,24956225,4501.8,3683.4,4440.0,3288.1,4024.8,1,1,4024.1,1,1,4023.6,8,1,4023.5,11,2,4023.4,12,1,4025.3,13,4,4025.4,73,5,4025.5,4,2,4025.6,61,3,4025.7,91,4
11483,2026-07-02 12:50:04+05:30,4025.3,1,4039.48,1238565,147537.0,165108.0,4100.0,4110.0,4012.0,4092.6,24967425,4501.8,3683.4,4440.0,3288.1,4024.8,1,1,4024.1,1,1,4023.6,8,1,4023.5,11,2,4023.4,12,1,4025.3,13,4,4025.4,73,5,4025.5,4,2,4025.6,61,3,4025.7,91,4
11483,2026-07-02 12:50:05+05:30,4025.3,1,4039.48,1238566,147913.0,165442.0,4100.0,4110.0,4012.0,4092.6,24967425,4501.8,3683.4,4440.0,3288.1,4024.8,1,1,4024.1,1,1,4023.6,13,2,4023.5,11,2,4023.4,12,1,4025.0,48,1,4025.3,7,3,4025.4,103,6,4025.5,4,2,4025.6,6,1
11483,2026-07-02 12:50:05+05:30,4025.3,1,4039.48,1238566,147913.0,165442.0,4100.0,4110.0,4012.0,4092.6,24967425,4501.8,3683.4,4440.0,3288.1,4024.8,1,1,4024.1,1,1,4023.6,13,2,4023.5,11,2,4023.4,12,1,4025.0,48,1,4025.3,7,3,4025.4,103,6,4025.5,4,2,4025.6,6,1
11483,2026-07-02 12:50:06+05:30,4024.8,1,4039.48,1238567,147505.0,165418.0,4100.0,4110.0,4012.0,4092.6,24967425,4501.8,3683.4,4440.0,3288.1,4024.1,1,1,4023.6,8,1,4023.5,11,2,4023.2,3,1,4023.1,57,5,4025.0,61,3,4025.3,25,4,4025.4,108,6,4025.5,4,2,4025.6,41,3
11483,2026-07-02 12:50:06+05:30,4024.8,1,4039.48,1238567,147505.0,165418.0,4100.0,4110.0,4012.0,4092.6,24967425,4501.8,3683.4,4440.0,3288.1,4024.1,1,1,4023.6,8,1,4023.5,11,2,4023.2,3,1,4023.1,57,5,4025.0,61,3,4025.3,25,4,4025.4,108,6,4025.5,4,2,4025.6,41,3
11483,2026-07-02 12:50:06+05:30,4025.0,7,4039.48,1238567,147505.0,165418.0,4100.0,4110.0,4012.0,4092.6,24967425,4501.8,3683.4,4440.0,3288.1,4024.1,1,1,4023.6,8,1,4023.5,11,2,4023.2,3,1,4023.1,57,5,4025.0,61,3,4025.3,25,4,4025.4,108,6,4025.5,4,2,4025.6,41,3
11483,2026-07-02 12:50:06+05:30,4025.0,7,4039.48,1238567,147505.0,165418.0,4100.0,4110.0,4012.0,4092.6,24967425,4501.8,3683.4,4440.0,3288.1,4024.1,1,1,4023.6,8,1,4023.5,11,2,4023.2,3,1,4023.1,57,5,4025.0,61,3,4025.3,25,4,4025.4,108,6,4025.5,4,2,4025.6,41,3
11483,2026-07-02 12:50:07+05:30,4025.0,7,4039.48,1238579,146843.0,165664.0,4100.0,4110.0,4012.0,4092.6,24967425,4501.8,3683.4,4440.0,3288.1,4024.1,1,1,4023.6,8,1,4023.5,11,2,4023.2,20,2,4023.1,43,4,4025.0,38,2,4025.3,42,5,4025.4,107,5,4025.5,54,4,4025.6,41,3
11483,2026-07-02 12:50:08+05:30,4025.0,20,4039.48,1238599,146937.0,165465.0,4100.0,4110.0,4012.0,4092.6,24967425,4501.8,3683.4,4440.0,3288.1,4024.1,1,1,4023.6,8,1,4023.5,11,2,4023.2,3,1,4023.1,43,4,4025.0,26,3,4025.3,42,5,4025.4,110,6,4025.5,51,3,4025.6,41,3
11483,2026-07-02 12:50:08+05:30,4025.0,20,4039.48,1238599,146937.0,165465.0,4100.0,4110.0,4012.0,4092.6,24967425,4501.8,3683.4,4440.0,3288.1,4024.1,1,1,4023.6,8,1,4023.5,11,2,4023.2,3,1,4023.1,43,4,4025.0,26,3,4025.3,42,5,4025.4,110,6,4025.5,51,3,4025.6,41,3
11483,2026-07-02 12:50:09+05:30,4025.0,2,4039.48,1238601,146958.0,165667.0,4100.0,4110.0,4012.0,4092.6,24967425,4501.8,3683.4,4440.0,3288.1,4024.1,1,1,4023.6,8,1,4023.5,11,2,4023.2,20,2,4023.1,43,4,4025.0,26,5,4025.3,40,3,4025.4,110,6,4025.5,51,3,4025.6,41,3
11483,2026-07-02 12:50:09+05:30,4025.0,2,4039.48,1238601,146958.0,165667.0,4100.0,4110.0,4012.0,4092.6,24967425,4501.8,3683.4,4440.0,3288.1,4024.1,1,1,4023.6,8,1,4023.5,11,2,4023.2,20,2,4023.1,43,4,4025.0,26,5,4025.3,40,3,4025.4,110,6,4025.5,51,3,4025.6,41,3
11483,2026-07-02 12:50:10+05:30,4025.0,22,4039.48,1238641,147758.0,165572.0,4100.0,4110.0,4012.0,4092.6,24967425,4501.8,3683.4,4440.0,3288.1,4024.5,1,1,4024.1,1,1,4023.6,8,1,4023.5,11,2,4023.3,21,1,4025.0,27,2,4025.3,22,2,4025.4,151,5,4025.5,30,4,4025.6,15,2
11483,2026-07-02 12:50:10+05:30,4025.0,1,4039.48,1238641,147758.0,165572.0,4100.0,4110.0,4012.0,4092.6,24967425,4501.8,3683.4,4440.0,3288.1,4024.5,1,1,4024.1,1,1,4023.6,8,1,4023.5,11,2,4023.3,21,1,4025.0,27,2,4025.3,22,2,4025.4,151,5,4025.5,30,4,4025.6,15,2
11483,2026-07-02 12:50:11+05:30,4025.0,1,4039.48,1238642,147763.0,165638.0,4100.0,4110.0,4012.0,4092.6,24967425,4501.8,3683.4,4440.0,3288.1,4024.5,1,1,4024.1,1,1,4023.6,8,1,4023.5,11,2,4023.3,21,1,4025.0,28,3,4025.3,23,3,4025.4,151,5,4025.5,30,4,4025.6,15,2
11483,2026-07-02 12:50:12+05:30,4024.5,1,4039.48,1238643,147793.0,165640.0,4100.0,4110.0,4012.0,4092.6,24967425,4501.8,3683.4,4440.0,3288.1,4024.5,1,1,4024.1,1,1,4023.6,8,1,4023.5,11,2,4023.3,32,1,4025.0,28,3,4025.3,23,3,4025.4,151,5,4025.5,30,4,4025.6,15,2
11483,2026-07-02 12:50:12+05:30,4025.0,5,4039.48,1238643,147793.0,165640.0,4100.0,4110.0,4012.0,4092.6,24967425,4501.8,3683.4,4440.0,3288.1,4024.5,1,1,4024.1,1,1,4023.6,8,1,4023.5,11,2,4023.3,32,1,4025.0,28,3,4025.3,23,3,4025.4,151,5,4025.5,30,4,4025.6,15,2
11483,2026-07-02 12:50:13+05:30,4025.0,5,4039.48,1238648,147794.0,165618.0,4100.0,4110.0,4012.0,4092.6,24967425,4501.8,3683.4,4440.0,3288.1,4024.5,1,1,4024.1,1,1,4023.6,8,1,4023.5,11,2,4023.3,32,1,4025.0,23,3,4025.3,23,3,4025.4,151,5,4025.5,30,4,4025.6,15,2
11483,2026-07-02 12:50:14+05:30,4025.0,5,4039.48,1238648,147775.0,165635.0,4100.0,4110.0,4012.0,4092.6,24967425,4501.8,3683.4,4440.0,3288.1,4024.5,1,1,4024.1,1,1,4024.0,1,1,4023.6,8,1,4023.5,11,2,4025.0,24,4,4025.3,23,3,4025.4,151,5,4025.5,27,3,4025.6,34,4
11483,2026-07-02 12:50:15+05:30,4024.5,9,4039.48,1238657,147782.0,165724.0,4100.0,4110.0,4012.0,4092.6,24967425,4501.8,3683.4,4440.0,3288.1,4024.1,1,1,4024.0,1,1,4023.6,8,1,4023.5,11,2,4023.3,32,1,4024.5,1,1,4025.0,24,4,4025.3,55,4,4025.4,167,7,4025.5,27,3
11483,2026-07-02 12:50:15+05:30,4024.5,9,4039.48,1238657,147782.0,165724.0,4100.0,4110.0,4012.0,4092.6,24967425,4501.8,3683.4,4440.0,3288.1,4024.1,1,1,4024.0,1,1,4023.6,8,1,4023.5,11,2,4023.3,32,1,4024.5,1,1,4025.0,24,4,4025.3,55,4,4025.4,167,7,4025.5,27,3
11483,2026-07-02 12:50:16+05:30,4025.0,3,4039.47,1238864,147352.0,165727.0,4100.0,4110.0,4012.0,4092.6,24967425,4501.8,3683.4,4440.0,3288.1,4024.1,1,1,4024.0,1,1,4023.6,8,1,4023.5,11,2,4023.3,32,1,4025.0,23,3,4025.1,11,1,4025.3,52,5,4025.4,147,5,4025.5,25,2
11483,2026-07-02 12:50:16+05:30,4025.0,3,4039.47,1238864,147352.0,165727.0,4100.0,4110.0,4012.0,4092.6,24967425,4501.8,3683.4,4440.0,3288.1,4024.1,1,1,4024.0,1,1,4023.6,8,1,4023.5,11,2,4023.3,32,1,4025.0,23,3,4025.1,11,1,4025.3,52,5,4025.4,147,5,4025.5,25,2
11483,2026-07-02 12:50:17+05:30,4025.0,3,4039.47,1238864,152522.0,165729.0,4100.0,4110.0,4012.0,4092.6,24967425,4501.8,3683.4,4440.0,3288.1,4024.1,13,2,4024.0,1,1,4023.6,8,1,4023.5,11,2,4023.3,32,1,4025.0,24,4,4025.1,11,1,4025.3,52,5,4025.4,147,5,4025.5,25,2
11483,2026-07-02 12:50:18+05:30,4025.0,3,4039.47,1238864,152516.0,165760.0,4100.0,4110.0,4012.0,4092.6,24967425,4501.8,3683.4,4440.0,3288.1,4024.1,13,2,4024.0,1,1,4023.6,8,1,4023.5,11,2,4023.3,32,1,4025.0,25,5,4025.1,11,1,4025.3,65,6,4025.4,147,5,4025.5,40,3
11483,2026-07-02 12:50:18+05:30,4025.0,7,4039.47,1238871,152521.0,165753.0,4100.0,4110.0,4012.0,4092.6,24967425,4501.8,3683.4,4440.0,3288.1,4024.1,13,2,4024.0,1,1,4023.6,8,1,4023.5,11,2,4023.3,32,1,4025.0,18,5,4025.1,11,1,4025.3,65,6,4025.4,147,5,4025.5,40,3
11483,2026-07-02 12:50:19+05:30,4025.0,30,4039.47,1238871,152521.0,165753.0,4100.0,4110.0,4012.0,4092.6,24967425,4501.8,3683.4,4440.0,3288.1,4024.1,13,2,4024.0,1,1,4023.6,8,1,4023.5,11,2,4023.3,32,1,4025.0,18,5,4025.1,11,1,4025.3,65,6,4025.4,147,5,4025.5,40,3
11483,2026-07-02 12:50:19+05:30,4025.0,30,4039.47,1238921,152809.0,165701.0,4100.0,4110.0,4012.0,4092.6,24967425,4501.8,3683.4,4440.0,3288.1,4024.5,1,1,4024.1,13,2,4024.0,1,1,4023.6,8,1,4023.5,11,2,4025.0,35,4,4025.3,26,4,4025.4,161,6,4025.5,67,5,4025.6,15,2
11483,2026-07-02 12:50:20+05:30,4025.0,12,4039.47,1238934,152858.0,165694.0,4100.0,4110.0,4012.0,4092.6,24967425,4501.8,3683.4,4440.0,3288.1,4024.5,1,1,4024.1,13,2,4024.0,1,1,4023.6,40,2,4023.5,11,2,4025.0,22,4,4025.3,26,4,4025.4,158,5,4025.5,70,6,4025.6,15,2
11483,2026-07-02 12:50:21+05:30,4025.0,12,4039.47,1238934,152858.0,165694.0,4100.0,4110.0,4012.0,4092.6,24967425,4501.8,3683.4,4440.0,3288.1,4024.5,1,1,4024.1,13,2,4024.0,1,1,4023.6,40,2,4023.5,11,2,4025.0,22,4,4025.3,26,4,4025.4,158,5,4025.5,70,6,4025.6,15,2
11483,2026-07-02 12:50:21+05:30,4024.0,1,4039.47,1238971,145958.0,166411.0,4100.0,4110.0,4012.0,4092.6,24967425,4501.8,3683.4,4440.0,3288.1,4023.5,3,1,4023.0,152,5,4022.6,104,4,4022.5,47,4,4022.4,3,1,4024.1,140,1,4024.7,23,2,4024.8,12,1,4025.0,6,2,4025.1,61,3
11483,2026-07-02 12:50:22+05:30,4023.5,3,4039.47,1238971,145958.0,166411.0,4100.0,4110.0,4012.0,4092.6,24967425,4501.8,3683.4,4440.0,3288.1,4023.5,3,1,4023.0,152,5,4022.6,104,4,4022.5,47,4,4022.4,3,1,4024.1,140,1,4024.7,23,2,4024.8,12,1,4025.0,6,2,4025.1,61,3
11483,2026-07-02 12:50:23+05:30,4024.0,7,4039.47,1238981,146238.0,167013.0,4100.0,4110.0,4012.0,4092.6,24967425,4501.8,3683.4,4440.0,3288.1,4023.1,45,3,4023.0,184,6,4022.7,20,1,4022.6,156,6,4022.5,48,4,4024.0,168,1,4024.1,140,1,4024.5,15,2,4024.7,7,1,4024.8,14,2
11483,2026-07-02 12:50:23+05:30,4024.0,7,4039.47,1238981,146238.0,167013.0,4100.0,4110.0,4012.0,4092.6,24967425,4501.8,3683.4,4440.0,3288.1,4023.1,45,3,4023.0,184,6,4022.7,20,1,4022.6,156,6,4022.5,48,4,4024.0,168,1,4024.1,140,1,4024.5,15,2,4024.7,7,1,4024.8,14,2
11483,2026-07-02 12:50:23+05:30,4024.0,7,4039.47,1238981,146270.0,167059.0,4100.0,4110.0,4012.0,4092.6,24967425,4501.8,3683.4,4440.0,3288.1,4023.1,10,1,4023.0,152,5,4022.6,136,5,4022.5,48,4,4022.4,22,1,4024.0,194,4,4024.1,140,1,4024.2,2,1,4024.3,21,2,4024.5,38,2
11483,2026-07-02 12:50:24+05:30,4024.0,22,4039.47,1238981,146270.0,167059.0,4100.0,4110.0,4012.0,4092.6,24967425,4501.8,3683.4,4440.0,3288.1,4023.1,10,1,4023.0,152,5,4022.6,136,5,4022.5,48,4,4022.4,22,1,4024.0,194,4,4024.1,140,1,4024.2,2,1,4024.3,21,2,4024.5,38,2
11483,2026-07-02 12:50:24+05:30,4024.0,22,4039.47,1239005,146281.0,167049.0,4100.0,4110.0,4012.0,4092.6,24967425,4501.8,3683.4,4440.0,3288.1,4023.1,10,1,4023.0,152,5,4022.6,136,5,4022.5,48,4,4022.4,42,2,4024.0,179,5,4024.1,140,1,4024.2,2,1,4024.3,21,2,4024.5,38,2
11483,2026-07-02 12:50:25+05:30,4024.0,5,4039.47,1239012,146387.0,167083.0,4100.0,4110.0,4012.0,4092.6,24967425,4501.8,3683.4,4440.0,3288.1,4023.2,6,1,4023.1,31,2,4023.0,184,6,4022.6,136,5,4022.5,27,3,4024.0,174,5,4024.1,140,1,4024.2,2,1,4024.3,21,2,4024.5,54,3
11483,2026-07-02 12:50:26+05:30,4024.0,7,4039.47,1239012,146387.0,167083.0,4100.0,4110.0,4012.0,4092.6,24967425,4501.8,3683.4,4440.0,3288.1,4023.2,6,1,4023.1,31,2,4023.0,184,6,4022.6,136,5,4022.5,27,3,4024.0,174,5,4024.1,140,1,4024.2,2,1,4024.3,21,2,4024.5,54,3
11483,2026-07-02 12:50:27+05:30,4024.0,10,4039.47,1239032,146419.0,166986.0,4100.0,4110.0,4012.0,4092.6,24967425,4501.8,3683.4,4440.0,3288.1,4023.2,5,1,4023.1,31,2,4023.0,194,7,4022.6,136,5,4022.5,27,3,4024.0,154,4,4024.1,140,1,4024.2,2,1,4024.5,44,2,4024.7,16,1
11483,2026-07-02 12:50:27+05:30,4024.0,10,4039.47,1239032,146419.0,166986.0,4100.0,4110.0,4012.0,4092.6,24967425,4501.8,3683.4,4440.0,3288.1,4023.2,5,1,4023.1,31,2,4023.0,194,7,4022.6,136,5,4022.5,27,3,4024.0,154,4,4024.1,140,1,4024.2,2,1,4024.5,44,2,4024.7,16,1
11483,2026-07-02 12:50:28+05:30,4023.1,33,4039.47,1239152,146378.0,166846.0,4100.0,4110.0,4012.0,4092.6,24967425,4501.8,3683.4,4440.0,3288.1,4023.1,12,1,4023.0,162,6,4022.6,133,4,4022.5,27,3,4022.3,104,3,4023.9,195,2,4024.0,16,2,4024.1,140,1,4024.2,2,1,4024.5,59,3
11483,2026-07-02 12:50:28+05:30,4023.9,5,4039.47,1239152,146378.0,166846.0,4100.0,4110.0,4012.0,4092.6,24967425,4501.8,3683.4,4440.0,3288.1,4023.1,12,1,4023.0,162,6,4022.6,133,4,4022.5,27,3,4022.3,104,3,4023.9,195,2,4024.0,16,2,4024.1,140,1,4024.2,2,1,4024.5,59,3
11483,2026-07-02 12:50:29+05:30,4023.9,8,4039.47,1239215,146755.0,166814.0,4100.0,4110.0,4012.0,4092.6,24967425,4501.8,3683.4,4440.0,3288.1,4023.1,37,3,4023.0,162,6,4022.6,133,4,4022.5,53,5,4022.4,36,5,4023.9,143,4,4024.0,9,1,4024.1,140,1,4024.2,2,1,4024.5,28,1
11483,2026-07-02 12:50:29+05:30,4023.9,8,4039.47,1239215,146755.0,166814.0,4100.0,4110.0,4012.0,4092.6,24967425,4501.8,3683.4,4440.0,3288.1,4023.1,37,3,4023.0,162,6,4022.6,133,4,4022.5,53,5,4022.4,36,5,4023.9,143,4,4024.0,9,1,4024.1,140,1,4024.2,2,1,4024.5,28,1
11483,2026-07-02 12:50:30+05:30,4023.9,8,4039.47,1239215,146780.0,166817.0,4100.0,4110.0,4012.0,4092.6,24967425,4501.8,3683.4,4440.0,3288.1,4023.1,37,3,4023.0,162,6,4022.6,133,4,4022.5,33,4,4022.4,53,5,4023.9,143,4,4024.0,9,1,4024.1,140,1,4024.2,2,1,4024.5,28,1
11483,2026-07-02 12:50:30+05:30,4023.1,2,4039.47,1239215,146780.0,166817.0,4100.0,4110.0,4012.0,4092.6,24967425,4501.8,3683.4,4440.0,3288.1,4023.1,37,3,4023.0,162,6,4022.6,133,4,4022.5,33,4,4022.4,53,5,4023.9,143,4,4024.0,9,1,4024.1,140,1,4024.2,2,1,4024.5,28,1
11483,2026-07-02 12:50:31+05:30,4023.9,1,4039.47,1239218,146584.0,166774.0,4100.0,4110.0,4012.0,4092.6,24967425,4501.8,3683.4,4440.0,3288.1,4023.6,2,2,4023.2,10,1,4023.1,35,3,4023.0,152,5,4022.6,133,4,4023.9,142,4,4024.0,9,1,4024.1,140,1,4024.2,2,1,4024.5,28,1
11483,2026-07-02 12:50:31+05:30,4023.9,1,4039.47,1239218,146584.0,166774.0,4100.0,4110.0,4012.0,4092.6,24967425,4501.8,3683.4,4440.0,3288.1,4023.6,2,2,4023.2,10,1,4023.1,35,3,4023.0,152,5,4022.6,133,4,4023.9,142,4,4024.0,9,1,4024.1,140,1,4024.2,2,1,4024.5,28,1
11483,2026-07-02 12:50:32+05:30,4023.9,1,4039.47,1239221,146690.0,166774.0,4100.0,4110.0,4012.0,4092.6,24967425,4501.8,3683.4,4440.0,3288.1,4023.6,2,2,4023.2,10,1,4023.1,35,3,4023.0,152,5,4022.6,133,4,4023.9,153,6,4024.0,9,1,4024.1,140,1,4024.2,2,1,4024.5,28,1
11483,2026-07-02 12:50:32+05:30,4023.9,1,4039.47,1239221,146690.0,166774.0,4100.0,4110.0,4012.0,4092.6,24967425,4501.8,3683.4,4440.0,3288.1,4023.6,2,2,4023.2,10,1,4023.1,35,3,4023.0,152,5,4022.6,133,4,4023.9,153,6,4024.0,9,1,4024.1,140,1,4024.2,2,1,4024.5,28,1
11483,2026-07-02 12:50:32+05:30,4023.9,11,4039.47,1239471,146709.0,166627.0,4100.0,4110.0,4012.0,4092.6,24967425,4501.8,3683.4,4440.0,3288.1,4023.6,2,2,4023.2,10,1,4023.1,35,3,4023.0,152,5,4022.6,133,4,4023.9,9,1,4024.0,9,1,4024.1,140,1,4024.2,2,1,4024.5,28,1
11483,2026-07-02 12:50:33+05:30,4023.9,11,4039.47,1239471,146709.0,166627.0,4100.0,4110.0,4012.0,4092.6,24967425,4501.8,3683.4,4440.0,3288.1,4023.6,2,2,4023.2,10,1,4023.1,35,3,4023.0,152,5,4022.6,133,4,4023.9,9,1,4024.0,9,1,4024.1,140,1,4024.2,2,1,4024.5,28,1
11483,2026-07-02 12:50:34+05:30,4023.9,11,4039.47,1239471,146740.0,166635.0,4100.0,4110.0,4012.0,4092.6,24967425,4501.8,3683.4,4440.0,3288.1,4023.6,14,4,4023.2,10,1,4023.1,26,2,4023.0,164,6,4022.7,37,2,4023.9,9,1,4024.0,9,1,4024.1,140,1,4024.2,2,1,4024.5,28,1
11483,2026-07-02 12:50:34+05:30,4023.9,50,4039.47,1239471,146740.0,166635.0,4100.0,4110.0,4012.0,4092.6,24967425,4501.8,3683.4,4440.0,3288.1,4023.6,14,4,4023.2,10,1,4023.1,26,2,4023.0,164,6,4022.7,37,2,4023.9,9,1,4024.0,9,1,4024.1,140,1,4024.2,2,1,4024.5,28,1
11483,2026-07-02 12:50:35+05:30,4023.9,1,4039.46,1239522,146811.0,166674.0,4100.0,4110.0,4012.0,4092.6,24967425,4501.8,3683.4,4440.0,3288.1,4023.6,14,4,4023.2,10,1,4023.1,26,2,4023.0,184,6,4022.7,20,1,4023.9,19,1,4024.0,9,1,4024.1,140,1,4024.2,2,1,4024.5,28,1
11483,2026-07-02 12:50:35+05:30,4023.9,1,4039.46,1239522,146811.0,166674.0,4100.0,4110.0,4012.0,4092.6,24967425,4501.8,3683.4,4440.0,3288.1,4023.6,14,4,4023.2,10,1,4023.1,26,2,4023.0,184,6,4022.7,20,1,4023.9,19,1,4024.0,9,1,4024.1,140,1,4024.2,2,1,4024.5,28,1
11483,2026-07-02 12:50:36+05:30,4024.0,8,4039.46,1239522,146811.0,166674.0,4100.0,4110.0,4012.0,4092.6,24967425,4501.8,3683.4,4440.0,3288.1,4023.6,14,4,4023.2,10,1,4023.1,26,2,4023.0,184,6,4022.7,20,1,4023.9,19,1,4024.0,9,1,4024.1,140,1,4024.2,2,1,4024.5,28,1
11483,2026-07-02 12:50:36+05:30,4024.0,8,4039.46,1239572,146729.0,166650.0,4100.0,4110.0,4012.0,4092.6,24967425,4501.8,3683.4,4440.0,3288.1,4023.6,7,3,4023.2,10,1,4023.1,26,2,4023.0,184,6,4022.8,17,1,4024.0,1,1,4024.1,140,1,4024.2,2,1,4024.5,45,3,4024.8,1,1
11483,2026-07-02 12:50:37+05:30,4023.0,37,4039.46,1239572,146729.0,166650.0,4100.0,4110.0,4012.0,4092.6,24967425,4501.8,3683.4,4440.0,3288.1,4023.6,7,3,4023.2,10,1,4023.1,26,2,4023.0,184,6,4022.8,17,1,4024.0,1,1,4024.1,140,1,4024.2,2,1,4024.5,45,3,4024.8,1,1
11483,2026-07-02 12:50:37+05:30,4023.0,37,4039.46,1239712,146673.0,166578.0,4100.0,4110.0,4012.0,4092.6,24967425,4501.8,3683.4,4440.0,3288.1,4023.4,36,4,4023.3,29,3,4023.2,22,3,4023.0,156,7,4022.9,31,2,4024.0,1,1,4024.2,2,1,4024.5,45,3,4024.8,6,2,4025.0,10,2
11483,2026-07-02 12:50:38+05:30,4024.0,10,4039.46,1239712,146673.0,166578.0,4100.0,4110.0,4012.0,4092.6,24967425,4501.8,3683.4,4440.0,3288.1,4023.4,36,4,4023.3,29,3,4023.2,22,3,4023.0,156,7,4022.9,31,2,4024.0,1,1,4024.2,2,1,4024.5,45,3,4024.8,6,2,4025.0,10,2
11483,2026-07-02 12:50:38+05:30,4024.0,10,4039.46,1239726,146750.0,166575.0,4100.0,4110.0,4012.0,4092.6,24967425,4501.8,3683.4,4440.0,3288.1,4023.6,19,3,4023.4,35,4,4023.3,3,1,4023.2,22,3,4023.0,156,7,4024.2,2,1,4024.5,28,1,4024.8,6,2,4024.9,3,1,4025.0,10,2
11483,2026-07-02 12:50:39+05:30,4024.2,1,4039.46,1239726,146750.0,166575.0,4100.0,4110.0,4012.0,4092.6,24967425,4501.8,3683.4,4440.0,3288.1,4023.6,19,3,4023.4,35,4,4023.3,3,1,4023.2,22,3,4023.0,156,7,4024.2,2,1,4024.5,28,1,4024.8,6,2,4024.9,3,1,4025.0,10,2
11483,2026-07-02 12:50:39+05:30,4024.2,1,4039.46,1239729,146813.0,166596.0,4100.0,4110.0,4012.0,4092.6,24967425,4501.8,3683.4,4440.0,3288.1,4023.9,1,1,4023.6,19,3,4023.4,26,3,4023.3,3,1,4023.2,22,3,4024.2,2,2,4024.5,29,2,4024.8,6,2,4024.9,3,1,4025.0,10,2
11483,2026-07-02 12:50:40+05:30,4024.2,1,4039.46,1239729,146813.0,166596.0,4100.0,4110.0,4012.0,4092.6,24967425,4501.8,3683.4,4440.0,3288.1,4023.9,1,1,4023.6,19,3,4023.4,26,3,4023.3,3,1,4023.2,22,3,4024.2,2,2,4024.5,29,2,4024.8,6,2,4024.9,3,1,4025.0,10,2
11483,2026-07-02 12:50:40+05:30,4024.2,1,4039.46,1239907,147343.0,165815.0,4100.0,4110.0,4012.0,4092.6,24967425,4501.8,3683.4,4440.0,3288.1,4024.1,14,2,4024.0,230,2,4023.9,25,3,4023.8,5,1,4023.7,14,2,4024.2,3,2,4024.5,29,2,4024.8,1,1,4025.0,5,1,4025.3,1,1
11483,2026-07-02 12:50:41+05:30,4024.1,4,4039.46,1239907,147343.0,165815.0,4100.0,4110.0,4012.0,4092.6,24967425,4501.8,3683.4,4440.0,3288.1,4024.1,14,2,4024.0,230,2,4023.9,25,3,4023.8,5,1,4023.7,14,2,4024.2,3,2,4024.5,29,2,4024.8,1,1,4025.0,5,1,4025.3,1,1
11483,2026-07-02 12:50:41+05:30,4024.1,4,4039.46,1240100,146870.0,166207.0,4100.0,4110.0,4012.0,4092.6,24967425,4501.8,3683.4,4440.0,3288.1,4024.0,66,3,4023.9,6,2,4023.6,19,3,4023.4,57,5,4023.3,44,3,4024.1,5,2,4024.2,3,2,4024.5,29,2,4024.8,1,1,4025.0,15,2
11483,2026-07-02 12:50:42+05:30,4024.0,11,4039.46,1240166,147078.0,166370.0,4100.0,4110.0,4012.0,4092.6,24967425,4501.8,3683.4,4440.0,3288.1,4023.9,12,3,4023.6,9,2,4023.4,15,1,4023.3,3,1,4023.2,22,3,4024.0,132,1,4024.1,5,2,4024.2,3,2,4024.5,29,2,4024.8,1,1
11483,2026-07-02 12:50:42+05:30,4024.0,13,4039.46,1240166,147078.0,166370.0,4100.0,4110.0,4012.0,4092.6,24967425,4501.8,3683.4,4440.0,3288.1,4023.9,12,3,4023.6,9,2,4023.4,15,1,4023.3,3,1,4023.2,22,3,4024.0,132,1,4024.1,5,2,4024.2,3,2,4024.5,29,2,4024.8,1,1
11483,2026-07-02 12:50:43+05:30,4024.0,5,4039.46,1240192,147114.0,166358.0,4100.0,4110.0,4012.0,4092.6,24967425,4501.8,3683.4,4440.0,3288.1,4023.9,9,2,4023.6,7,1,4023.4,15,1,4023.3,3,1,4023.2,22,3,4024.0,114,1,4024.1,5,2,4024.2,3,2,4024.5,29,2,4024.8,1,1
11483,2026-07-02 12:50:43+05:30,4023.9,3,4039.46,1240192,147114.0,166358.0,4100.0,4110.0,4012.0,4092.6,24967425,4501.8,3683.4,4440.0,3288.1,4023.9,9,2,4023.6,7,1,4023.4,15,1,4023.3,3,1,4023.2,22,3,4024.0,114,1,4024.1,5,2,4024.2,3,2,4024.5,29,2,4024.8,1,1
11483,2026-07-02 12:50:44+05:30,4023.9,3,4039.46,1240195,147109.0,166366.0,4100.0,4110.0,4012.0,4092.6,24967425,4501.8,3683.4,4440.0,3288.1,4023.9,6,2,4023.6,7,1,4023.4,15,1,4023.3,13,2,4023.2,22,3,4024.0,123,3,4024.1,3,1,4024.2,2,1,4024.5,29,2,4024.8,1,1
11483,2026-07-02 12:50:45+05:30,4023.9,3,4039.46,1240195,147133.0,166356.0,4100.0,4110.0,4012.0,4092.6,24967425,4501.8,3683.4,4440.0,3288.1,4023.9,36,3,4023.6,7,1,4023.4,15,1,4023.3,13,2,4023.2,22,3,4024.0,123,3,4024.1,3,1,4024.2,2,1,4024.5,29,2,4024.8,1,1
11483,2026-07-02 12:50:46+05:30,4024.0,8,4039.46,1240208,147133.0,166360.0,4100.0,4110.0,4012.0,4092.6,24967425,4501.8,3683.4,4440.0,3288.1,4023.9,36,3,4023.6,7,1,4023.4,15,1,4023.3,13,2,4023.2,22,3,4024.0,116,4,4024.1,3,1,4024.2,2,1,4024.5,29,2,4024.8,1,1
11483,2026-07-02 12:50:46+05:30,4023.9,1,4039.46,1240208,147133.0,166360.0,4100.0,4110.0,4012.0,4092.6,24967425,4501.8,3683.4,4440.0,3288.1,4023.9,36,3,4023.6,7,1,4023.4,15,1,4023.3,13,2,4023.2,22,3,4024.0,116,4,4024.1,3,1,4024.2,2,1,4024.5,29,2,4024.8,1,1
11483,2026-07-02 12:50:47+05:30,4024.0,100,4039.45,1240311,147163.0,166494.0,4100.0,4110.0,4012.0,4092.6,24967425,4501.8,3683.4,4440.0,3288.1,4023.9,34,2,4023.6,7,1,4023.4,15,1,4023.3,3,1,4023.2,50,4,4024.0,40,5,4024.1,45,2,4024.2,44,2,4024.3,42,1,4024.5,71,3
11483,2026-07-02 12:50:47+05:30,4023.9,8,4039.45,1240311,147163.0,166494.0,4100.0,4110.0,4012.0,4092.6,24967425,4501.8,3683.4,4440.0,3288.1,4023.9,34,2,4023.6,7,1,4023.4,15,1,4023.3,3,1,4023.2,50,4,4024.0,40,5,4024.1,45,2,4024.2,44,2,4024.3,42,1,4024.5,71,3
11483,2026-07-02 12:50:48+05:30,4024.0,1,4039.45,1240324,147173.0,166514.0,4100.0,4110.0,4012.0,4092.6,24967425,4501.8,3683.4,4440.0,3288.1,4023.9,27,2,4023.6,7,1,4023.4,15,1,4023.2,12,2,4023.0,107,6,4024.0,56,6,4024.1,45,2,4024.2,44,2,4024.3,42,1,4024.5,71,3
11483,2026-07-02 12:50:48+05:30,4023.9,2,4039.45,1240324,147173.0,166514.0,4100.0,4110.0,4012.0,4092.6,24967425,4501.8,3683.4,4440.0,3288.1,4023.9,27,2,4023.6,7,1,4023.4,15,1,4023.2,12,2,4023.0,107,6,4024.0,56,6,4024.1,45,2,4024.2,44,2,4024.3,42,1,4024.5,71,3
11483,2026-07-02 12:50:49+05:30,4023.9,2,4039.45,1240326,147202.0,166577.0,4100.0,4110.0,4012.0,4092.6,24967425,4501.8,3683.4,4440.0,3288.1,4023.9,25,2,4023.6,7,1,4023.4,15,1,4023.2,12,2,4023.0,107,6,4024.0,56,6,4024.1,45,2,4024.2,44,2,4024.3,42,1,4024.5,71,3
11483,2026-07-02 12:50:50+05:30,4024.0,2,4039.45,1240565,147007.0,166711.0,4100.0,4110.0,4012.0,4092.6,24967425,4501.8,3683.4,4440.0,3288.1,4024.0,86,1,4023.9,5,1,4023.6,7,1,4023.0,93,5,4022.9,32,1,4024.1,126,3,4024.2,44,2,4024.3,42,1,4024.5,86,4,4024.6,8,1
11483,2026-07-02 12:50:50+05:30,4024.0,29,4039.45,1240565,147007.0,166711.0,4100.0,4110.0,4012.0,4092.6,24967425,4501.8,3683.4,4440.0,3288.1,4024.0,86,1,4023.9,5,1,4023.6,7,1,4023.0,93,5,4022.9,32,1,4024.1,126,3,4024.2,44,2,4024.3,42,1,4024.5,86,4,4024.6,8,1
11483,2026-07-02 12:50:51+05:30,4024.0,2,4039.45,1240596,146955.0,166686.0,4100.0,4110.0,4012.0,4092.6,24967425,4501.8,3683.4,4440.0,3288.1,4024.0,55,1,4023.9,5,1,4023.0,93,5,4022.8,13,1,4022.6,133,4,4024.1,97,4,4024.2,44,2,4024.3,45,2,4024.4,42,1,4024.5,44,3
11483,2026-07-02 12:50:51+05:30,4024.0,2,4039.45,1240596,146955.0,166686.0,4100.0,4110.0,4012.0,4092.6,24967425,4501.8,3683.4,4440.0,3288.1,4024.0,55,1,4023.9,5,1,4023.0,93,5,4022.8,13,1,4022.6,133,4,4024.1,97,4,4024.2,44,2,4024.3,45,2,4024.4,42,1,4024.5,44,3
11483,2026-07-02 12:50:52+05:30,4024.0,2,4039.45,1240602,146970.0,166686.0,4100.0,4110.0,4012.0,4092.6,24967425,4501.8,3683.4,4440.0,3288.1,4024.0,49,1,4023.9,5,1,4023.0,93,5,4022.8,13,1,4022.6,133,4,4024.1,97,4,4024.2,44,2,4024.3,45,2,4024.4,42,1,4024.5,44,3
11483,2026-07-02 12:50:52+05:30,4024.0,2,4039.45,1240602,146970.0,166686.0,4100.0,4110.0,4012.0,4092.6,24967425,4501.8,3683.4,4440.0,3288.1,4024.0,49,1,4023.9,5,1,4023.0,93,5,4022.8,13,1,4022.6,133,4,4024.1,97,4,4024.2,44,2,4024.3,45,2,4024.4,42,1,4024.5,44,3
11483,2026-07-02 12:50:53+05:30,4024.1,15,4039.45,1240658,147039.0,166646.0,4100.0,4110.0,4012.0,4092.6,24967425,4501.8,3683.4,4440.0,3288.1,4024.0,74,2,4023.9,5,1,4023.0,93,5,4022.8,13,1,4022.6,133,4,4024.1,57,6,4024.2,44,2,4024.3,45,2,4024.4,42,1,4024.5,44,3
11483,2026-07-02 12:50:53+05:30,4024.0,14,4039.45,1240658,147039.0,166646.0,4100.0,4110.0,4012.0,4092.6,24967425,4501.8,3683.4,4440.0,3288.1,4024.0,74,2,4023.9,5,1,4023.0,93,5,4022.8,13,1,4022.6,133,4,4024.1,57,6,4024.2,44,2,4024.3,45,2,4024.4,42,1,4024.5,44,3
11483,2026-07-02 12:50:54+05:30,4024.1,1,4039.45,1240728,148012.0,166634.0,4100.0,4110.0,4012.0,4092.6,24967425,4501.8,3683.4,4440.0,3288.1,4024.0,897,3,4023.9,5,1,4023.0,125,6,4022.9,3,1,4022.8,13,1,4024.1,7,2,4024.2,44,2,4024.3,42,1,4024.4,42,1,4024.5,44,3
11483,2026-07-02 12:50:54+05:30,4024.0,8,4039.45,1240728,148012.0,166634.0,4100.0,4110.0,4012.0,4092.6,24967425,4501.8,3683.4,4440.0,3288.1,4024.0,897,3,4023.9,5,1,4023.0,125,6,4022.9,3,1,4022.8,13,1,4024.1,7,2,4024.2,44,2,4024.3,42,1,4024.4,42,1,4024.5,44,3
11483,2026-07-02 12:50:55+05:30,4024.0,3,4039.45,1240779,148065.0,166701.0,4100.0,4110.0,4012.0,4092.6,24967425,4501.8,3683.4,4440.0,3288.1,4024.0,912,4,4023.9,5,1,4023.1,3,1,4023.0,125,6,4022.8,13,1,4024.1,60,3,4024.2,44,2,4024.3,42,1,4024.4,42,1,4024.5,29,2
11483,2026-07-02 12:50:55+05:30,4024.0,2,4039.45,1240779,148065.0,166701.0,4100.0,4110.0,4012.0,4092.6,24967425,4501.8,3683.4,4440.0,3288.1,4024.0,912,4,4023.9,5,1,4023.1,3,1,4023.0,125,6,4022.8,13,1,4024.1,60,3,4024.2,44,2,4024.3,42,1,4024.4,42,1,4024.5,29,2
11483,2026-07-02 12:50:56+05:30,4024.1,50,4039.45,1241057,147960.0,166409.0,4100.0,4110.0,4012.0,4092.6,24967425,4501.8,3683.4,4440.0,3288.1,4024.0,803,2,4023.9,5,1,4023.1,3,1,4023.0,125,6,4022.8,32,2,4024.1,21,2,4024.2,31,2,4024.3,42,1,4024.4,42,1,4024.5,29,2
11483,2026-07-02 12:50:56+05:30,4024.0,33,4039.45,1241057,147960.0,166409.0,4100.0,4110.0,4012.0,4092.6,24967425,4501.8,3683.4,4440.0,3288.1,4024.0,803,2,4023.9,5,1,4023.1,3,1,4023.0,125,6,4022.8,32,2,4024.1,21,2,4024.2,31,2,4024.3,42,1,4024.4,42,1,4024.5,29,2
11483,2026-07-02 12:50:57+05:30,4024.0,3,4039.44,1241133,147964.0,166422.0,4100.0,4110.0,4012.0,4092.6,24967425,4501.8,3683.4,4440.0,3288.1,4024.0,765,2,4023.9,5,1,4023.1,3,1,4023.0,146,7,4022.8,13,1,4024.1,67,2,4024.2,31,2,4024.3,42,1,4024.4,42,1,4024.5,29,2
11483,2026-07-02 12:50:57+05:30,4024.0,9,4039.44,1241133,147964.0,166422.0,4100.0,4110.0,4012.0,4092.6,24967425,4501.8,3683.4,4440.0,3288.1,4024.0,765,2,4023.9,5,1,4023.1,3,1,4023.0,146,7,4022.8,13,1,4024.1,67,2,4024.2,31,2,4024.3,42,1,4024.4,42,1,4024.5,29,2
11483,2026-07-02 12:50:58+05:30,4024.1,2,4039.44,1241194,147953.0,166408.0,4100.0,4110.0,4012.0,4092.6,24967425,4501.8,3683.4,4440.0,3288.1,4024.0,754,2,4023.9,5,1,4023.1,3,1,4023.0,196,8,4022.8,13,1,4024.1,17,2,4024.2,31,2,4024.3,115,2,4024.4,79,2,4024.5,29,2
11483,2026-07-02 12:50:58+05:30,4024.0,7,4039.44,1241194,147953.0,166408.0,4100.0,4110.0,4012.0,4092.6,24967425,4501.8,3683.4,4440.0,3288.1,4024.0,754,2,4023.9,5,1,4023.1,3,1,4023.0,196,8,4022.8,13,1,4024.1,17,2,4024.2,31,2,4024.3,115,2,4024.4,79,2,4024.5,29,2
11483,2026-07-02 12:50:59+05:30,4024.1,10,4039.44,1241291,147940.0,166371.0,4100.0,4110.0,4012.0,4092.6,24967425,4501.8,3683.4,4440.0,3288.1,4024.0,740,2,4023.9,5,1,4023.1,3,1,4023.0,196,8,4022.8,13,1,4024.1,19,1,4024.2,7,2,4024.3,115,2,4024.4,79,2,4024.5,44,3
11483,2026-07-02 12:50:59+05:30,4024.0,11,4039.44,1241291,147940.0,166371.0,4100.0,4110.0,4012.0,4092.6,24967425,4501.8,3683.4,4440.0,3288.1,4024.0,740,2,4023.9,5,1,4023.1,3,1,4023.0,196,8,4022.8,13,1,4024.1,19,1,4024.2,7,2,4024.3,115,2,4024.4,79,2,4024.5,44,3
11483,2026-07-02 12:51:00+05:30,4024.0,3,4039.44,1241344,147828.0,166320.0,4100.0,4110.0,4012.0,4092.6,24967425,4501.8,3683.4,4440.0,3288.1,4024.0,754,3,4023.9,5,1,4023.1,3,1,4023.0,196,8,4022.8,13,1,4024.1,3,1,4024.2,7,2,4024.3,115,2,4024.4,79,2,4024.5,50,4
11483,2026-07-02 12:51:00+05:30,4024.0,6,4039.44,1241344,147828.0,166320.0,4100.0,4110.0,4012.0,4092.6,24967425,4501.8,3683.4,4440.0,3288.1,4024.0,754,3,4023.9,5,1,4023.1,3,1,4023.0,196,8,4022.8,13,1,4024.1,3,1,4024.2,7,2,4024.3,115,2,4024.4,79,2,4024.5,50,4
11483,2026-07-02 12:51:01+05:30,4024.0,6,4039.44,1241344,147828.0,166320.0,4100.0,4110.0,4012.0,4092.6,24967425,4501.8,3683.4,4440.0,3288.1,4024.0,754,3,4023.9,5,1,4023.1,3,1,4023.0,196,8,4022.8,13,1,4024.1,3,1,4024.2,7,2,4024.3,115,2,4024.4,79,2,4024.5,50,4
11483,2026-07-02 12:51:01+05:30,4024.0,2,4039.44,1241379,147920.0,166381.0,4100.0,4110.0,4012.0,4092.6,24967425,4501.8,3683.4,4440.0,3288.1,4024.0,746,3,4023.9,5,1,4023.0,196,8,4022.9,4,2,4022.8,13,1,4024.1,62,2,4024.2,22,3,4024.3,118,3,4024.4,79,2,4024.5,50,4
11483,2026-07-02 12:51:01+05:30,4024.0,4,4039.44,1241379,147920.0,166381.0,4100.0,4110.0,4012.0,4092.6,24967425,4501.8,3683.4,4440.0,3288.1,4024.0,746,3,4023.9,5,1,4023.0,196,8,4022.9,4,2,4022.8,13,1,4024.1,62,2,4024.2,22,3,4024.3,118,3,4024.4,79,2,4024.5,50,4
11483,2026-07-02 12:51:01+05:30,4024.0,4,4039.44,1241379,147920.0,166381.0,4100.0,4110.0,4012.0,4092.6,24967425,4501.8,3683.4,4440.0,3288.1,4024.0,746,3,4023.9,5,1,4023.0,196,8,4022.9,4,2,4022.8,13,1,4024.1,62,2,4024.2,22,3,4024.3,118,3,4024.4,79,2,4024.5,50,4
11483,2026-07-02 12:51:02+05:30,4024.0,1,4039.44,1241436,147918.0,166239.0,4100.0,4110.0,4012.0,4092.6,24967425,4501.8,3683.4,4440.0,3288.1,4024.0,739,3,4023.9,5,1,4023.1,3,1,4023.0,197,9,4022.9,1,1,4024.1,3,1,4024.3,65,1,4024.4,37,1,4024.5,29,2,4024.8,16,2
11483,2026-07-02 12:51:02+05:30,4024.0,7,4039.44,1241436,147918.0,166239.0,4100.0,4110.0,4012.0,4092.6,24967425,4501.8,3683.4,4440.0,3288.1,4024.0,739,3,4023.9,5,1,4023.1,3,1,4023.0,197,9,4022.9,1,1,4024.1,3,1,4024.3,65,1,4024.4,37,1,4024.5,29,2,4024.8,16,2
11483,2026-07-02 12:51:02+05:30,4024.0,7,4039.44,1241436,147918.0,166239.0,4100.0,4110.0,4012.0,4092.6,24967425,4501.8,3683.4,4440.0,3288.1,4024.0,739,3,4023.9,5,1,4023.1,3,1,4023.0,197,9,4022.9,1,1,4024.1,3,1,4024.3,65,1,4024.4,37,1,4024.5,29,2,4024.8,16,2
11483,2026-07-02 12:51:03+05:30,4024.0,7,4039.44,1241436,147918.0,166239.0,4100.0,4110.0,4012.0,4092.6,24967425,4501.8,3683.4,4440.0,3288.1,4024.0,739,3,4023.9,5,1,4023.1,3,1,4023.0,197,9,4022.9,1,1,4024.1,3,1,4024.3,65,1,4024.4,37,1,4024.5,29,2,4024.8,16,2
11483,2026-07-02 12:51:03+05:30,4024.3,2,4039.44,1241485,147991.0,166175.0,4100.0,4110.0,4012.0,4092.6,24967425,4501.8,3683.4,4440.0,3288.1,4024.0,727,3,4023.9,5,1,4023.1,3,1,4023.0,197,9,4022.9,1,1,4024.3,41,1,4024.4,37,1,4024.5,29,2,4024.8,16,2,4025.0,7,2
11483,2026-07-02 12:51:03+05:30,4024.0,6,4039.44,1241485,147991.0,166175.0,4100.0,4110.0,4012.0,4092.6,24967425,4501.8,3683.4,4440.0,3288.1,4024.0,727,3,4023.9,5,1,4023.1,3,1,4023.0,197,9,4022.9,1,1,4024.3,41,1,4024.4,37,1,4024.5,29,2,4024.8,16,2,4025.0,7,2
11483,2026-07-02 12:51:03+05:30,4024.0,6,4039.44,1241485,147991.0,166175.0,4100.0,4110.0,4012.0,4092.6,24967425,4501.8,3683.4,4440.0,3288.1,4024.0,727,3,4023.9,5,1,4023.1,3,1,4023.0,197,9,4022.9,1,1,4024.3,41,1,4024.4,37,1,4024.5,29,2,4024.8,16,2,4025.0,7,2
11483,2026-07-02 12:51:04+05:30,4024.0,6,4039.44,1241485,147991.0,166175.0,4100.0,4110.0,4012.0,4092.6,24967425,4501.8,3683.4,4440.0,3288.1,4024.0,727,3,4023.9,5,1,4023.1,3,1,4023.0,197,9,4022.9,1,1,4024.3,41,1,4024.4,37,1,4024.5,29,2,4024.8,16,2,4025.0,7,2
11483,2026-07-02 12:51:04+05:30,4024.0,1,4039.44,1241485,147991.0,166175.0,4100.0,4110.0,4012.0,4092.6,24967425,4501.8,3683.4,4440.0,3288.1,4024.0,727,3,4023.9,5,1,4023.1,3,1,4023.0,197,9,4022.9,1,1,4024.3,41,1,4024.4,37,1,4024.5,29,2,4024.8,16,2,4025.0,7,2
11483,2026-07-02 12:51:04+05:30,4024.0,1,4039.44,1241536,147999.0,166148.0,4100.0,4110.0,4012.0,4092.6,24967425,4501.8,3683.4,4440.0,3288.1,4024.0,719,4,4023.9,5,1,4023.1,3,1,4023.0,196,8,4022.9,1,1,4024.3,4,2,4024.4,37,1,4024.5,29,2,4024.8,1,1,4025.0,7,2
11483,2026-07-02 12:51:04+05:30,4024.0,1,4039.44,1241536,147999.0,166148.0,4100.0,4110.0,4012.0,4092.6,24967425,4501.8,3683.4,4440.0,3288.1,4024.0,719,4,4023.9,5,1,4023.1,3,1,4023.0,196,8,4022.9,1,1,4024.3,4,2,4024.4,37,1,4024.5,29,2,4024.8,1,1,4025.0,7,2
11483,2026-07-02 12:51:05+05:30,4024.0,1,4039.44,1241536,147999.0,166148.0,4100.0,4110.0,4012.0,4092.6,24994375,4501.8,3683.4,4440.0,3288.1,4024.0,719,4,4023.9,5,1,4023.1,3,1,4023.0,196,8,4022.9,1,1,4024.3,4,2,4024.4,37,1,4024.5,29,2,4024.8,1,1,4025.0,7,2
11483,2026-07-02 12:51:05+05:30,4024.0,2,4039.44,1241591,147936.0,166210.0,4100.0,4110.0,4012.0,4092.6,24994375,4501.8,3683.4,4440.0,3288.1,4024.0,714,5,4023.9,5,1,4023.5,3,1,4023.4,26,1,4023.1,3,1,4024.3,36,2,4024.4,37,1,4024.5,29,2,4024.8,16,2,4025.0,7,2
11483,2026-07-02 12:51:05+05:30,4024.0,7,4039.44,1241591,147936.0,166210.0,4100.0,4110.0,4012.0,4092.6,24994375,4501.8,3683.4,4440.0,3288.1,4024.0,714,5,4023.9,5,1,4023.5,3,1,4023.4,26,1,4023.1,3,1,4024.3,36,2,4024.4,37,1,4024.5,29,2,4024.8,16,2,4025.0,7,2
11483,2026-07-02 12:51:05+05:30,4024.0,7,4039.44,1241591,147936.0,166210.0,4100.0,4110.0,4012.0,4092.6,24994375,4501.8,3683.4,4440.0,3288.1,4024.0,714,5,4023.9,5,1,4023.5,3,1,4023.4,26,1,4023.1,3,1,4024.3,36,2,4024.4,37,1,4024.5,29,2,4024.8,16,2,4025.0,7,2
11483,2026-07-02 12:51:06+05:30,4024.0,7,4039.44,1241591,147936.0,166210.0,4100.0,4110.0,4012.0,4092.6,24994375,4501.8,3683.4,4440.0,3288.1,4024.0,714,5,4023.9,5,1,4023.5,3,1,4023.4,26,1,4023.1,3,1,4024.3,36,2,4024.4,37,1,4024.5,29,2,4024.8,16,2,4025.0,7,2
11483,2026-07-02 12:51:06+05:30,4024.3,32,4039.44,1241667,147909.0,166254.0,4100.0,4110.0,4012.0,4092.6,24994375,4501.8,3683.4,4440.0,3288.1,4024.0,707,5,4023.9,5,1,4023.5,3,1,4023.4,26,1,4023.1,3,1,4024.3,44,3,4024.4,37,1,4024.5,29,2,4024.8,16,2,4025.0,7,2
11483,2026-07-02 12:51:06+05:30,4024.0,9,4039.44,1241667,147909.0,166254.0,4100.0,4110.0,4012.0,4092.6,24994375,4501.8,3683.4,4440.0,3288.1,4024.0,707,5,4023.9,5,1,4023.5,3,1,4023.4,26,1,4023.1,3,1,4024.3,44,3,4024.4,37,1,4024.5,29,2,4024.8,16,2,4025.0,7,2
11483,2026-07-02 12:51:06+05:30,4024.0,9,4039.44,1241667,147909.0,166254.0,4100.0,4110.0,4012.0,4092.6,24994375,4501.8,3683.4,4440.0,3288.1,4024.0,707,5,4023.9,5,1,4023.5,3,1,4023.4,26,1,4023.1,3,1,4024.3,44,3,4024.4,37,1,4024.5,29,2,4024.8,16,2,4025.0,7,2
11483,2026-07-02 12:51:07+05:30,4024.0,9,4039.44,1241667,147909.0,166254.0,4100.0,4110.0,4012.0,4092.6,24994375,4501.8,3683.4,4440.0,3288.1,4024.0,707,5,4023.9,5,1,4023.5,3,1,4023.4,26,1,4023.1,3,1,4024.3,44,3,4024.4,37,1,4024.5,29,2,4024.8,16,2,4025.0,7,2
11483,2026-07-02 12:51:07+05:30,4024.2,2,4039.44,1241678,147825.0,166474.0,4100.0,4110.0,4012.0,4092.6,24994375,4501.8,3683.4,4440.0,3288.1,4024.0,698,5,4023.9,5,1,4023.5,3,1,4023.0,209,10,4022.9,1,1,4024.2,42,1,4024.3,60,5,4024.4,79,2,4024.5,71,3,4024.7,42,1
11483,2026-07-02 12:51:07+05:30,4024.0,1,4039.44,1241678,147825.0,166474.0,4100.0,4110.0,4012.0,4092.6,24994375,4501.8,3683.4,4440.0,3288.1,4024.0,698,5,4023.9,5,1,4023.5,3,1,4023.0,209,10,4022.9,1,1,4024.2,42,1,4024.3,60,5,4024.4,79,2,4024.5,71,3,4024.7,42,1
11483,2026-07-02 12:51:08+05:30,4024.1,2,4039.44,1241678,147825.0,166474.0,4100.0,4110.0,4012.0,4092.6,24994375,4501.8,3683.4,4440.0,3288.1,4024.0,698,5,4023.9,5,1,4023.5,3,1,4023.0,209,10,4022.9,1,1,4024.2,42,1,4024.3,60,5,4024.4,79,2,4024.5,71,3,4024.7,42,1
11483,2026-07-02 12:51:08+05:30,4024.1,2,4039.44,1241689,147873.0,166481.0,4100.0,4110.0,4012.0,4092.6,24994375,4501.8,3683.4,4440.0,3288.1,4024.0,697,5,4023.9,5,1,4023.0,209,10,4022.9,17,2,4022.8,13,1,4024.2,57,2,4024.3,87,5,4024.4,79,2,4024.5,44,3,4024.6,42,1
11483,2026-07-02 12:51:09+05:30,4024.2,2,4039.44,1241689,147873.0,166481.0,4100.0,4110.0,4012.0,4092.6,24994375,4501.8,3683.4,4440.0,3288.1,4024.0,697,5,4023.9,5,1,4023.0,209,10,4022.9,17,2,4022.8,13,1,4024.2,57,2,4024.3,87,5,4024.4,79,2,4024.5,44,3,4024.6,42,1
11483,2026-07-02 12:51:09+05:30,4024.2,2,4039.44,1241695,147877.0,166437.0,4100.0,4110.0,4012.0,4092.6,24994375,4501.8,3683.4,4440.0,3288.1,4024.0,695,5,4023.9,5,1,4023.0,209,10,4022.9,17,2,4022.8,13,1,4024.2,58,5,4024.3,84,3,4024.4,79,2,4024.5,50,4,4024.6,42,1
11483,2026-07-02 12:51:10+05:30,4024.2,2,4039.44,1241695,147877.0,166437.0,4100.0,4110.0,4012.0,4092.6,24994375,4501.8,3683.4,4440.0,3288.1,4024.0,695,5,4023.9,5,1,4023.0,209,10,4022.9,17,2,4022.8,13,1,4024.2,58,5,4024.3,84,3,4024.4,79,2,4024.5,50,4,4024.6,42,1
11483,2026-07-02 12:51:10+05:30,4024.2,2,4039.44,1241697,147900.0,166374.0,4100.0,4110.0,4012.0,4092.6,24994375,4501.8,3683.4,4440.0,3288.1,4024.0,695,5,4023.9,5,1,4023.1,3,1,4023.0,206,9,4022.9,17,2,4024.2,56,5,4024.3,84,3,4024.4,79,2,4024.5,50,4,4024.6,42,1
11483,2026-07-02 12:51:11+05:30,4024.2,1,4039.44,1241697,147900.0,166374.0,4100.0,4110.0,4012.0,4092.6,24994375,4501.8,3683.4,4440.0,3288.1,4024.0,695,5,4023.9,5,1,4023.1,3,1,4023.0,206,9,4022.9,17,2,4024.2,56,5,4024.3,84,3,4024.4,79,2,4024.5,50,4,4024.6,42,1
11483,2026-07-02 12:51:11+05:30,4024.2,1,4039.44,1241728,147847.0,166386.0,4100.0,4110.0,4012.0,4092.6,24994375,4501.8,3683.4,4440.0,3288.1,4024.1,3,1,4024.0,694,5,4023.9,5,1,4023.2,4,1,4023.1,3,1,4024.2,87,5,4024.3,42,2,4024.4,79,2,4024.5,92,5,4024.7,50,2
11483,2026-07-02 12:51:12+05:30,4024.0,1,4039.44,1241728,147847.0,166386.0,4100.0,4110.0,4012.0,4092.6,24994375,4501.8,3683.4,4440.0,3288.1,4024.1,3,1,4024.0,694,5,4023.9,5,1,4023.2,4,1,4023.1,3,1,4024.2,87,5,4024.3,42,2,4024.4,79,2,4024.5,92,5,4024.7,50,2
11483,2026-07-02 12:51:12+05:30,4024.0,1,4039.44,1241734,147615.0,166408.0,4100.0,4110.0,4012.0,4092.6,24994375,4501.8,3683.4,4440.0,3288.1,4024.0,693,5,4023.9,5,1,4023.3,3,1,4023.2,4,1,4023.0,206,9,4024.2,85,4,4024.3,84,3,4024.4,79,2,4024.5,29,2,4024.6,42,1
11483,2026-07-02 12:51:13+05:30,4024.2,2,4039.44,1241734,147615.0,166408.0,4100.0,4110.0,4012.0,4092.6,24994375,4501.8,3683.4,4440.0,3288.1,4024.0,693,5,4023.9,5,1,4023.3,3,1,4023.2,4,1,4023.0,206,9,4024.2,85,4,4024.3,84,3,4024.4,79,2,4024.5,29,2,4024.6,42,1
11483,2026-07-02 12:51:13+05:30,4024.2,2,4039.44,1241736,147620.0,166408.0,4100.0,4110.0,4012.0,4092.6,24994375,4501.8,3683.4,4440.0,3288.1,4024.0,693,5,4023.9,5,1,4023.3,3,1,4023.2,4,1,4023.0,206,9,4024.2,85,5,4024.3,84,3,4024.4,79,2,4024.5,29,2,4024.6,42,1
11483,2026-07-02 12:51:14+05:30,4024.2,2,4039.44,1241736,147620.0,166408.0,4100.0,4110.0,4012.0,4092.6,24994375,4501.8,3683.4,4440.0,3288.1,4024.0,693,5,4023.9,5,1,4023.3,3,1,4023.2,4,1,4023.0,206,9,4024.2,85,5,4024.3,84,3,4024.4,79,2,4024.5,29,2,4024.6,42,1
11483,2026-07-02 12:51:14+05:30,4024.2,2,4039.44,1241740,147661.0,166400.0,4100.0,4110.0,4012.0,4092.6,24994375,4501.8,3683.4,4440.0,3288.1,4024.0,692,5,4023.9,5,1,4023.2,4,1,4023.0,209,10,4022.9,1,1,4024.2,86,6,4024.3,84,3,4024.4,94,3,4024.5,35,3,4024.6,42,1
11483,2026-07-02 12:51:15+05:30,4024.1,13,4039.44,1241740,147661.0,166400.0,4100.0,4110.0,4012.0,4092.6,24994375,4501.8,3683.4,4440.0,3288.1,4024.0,692,5,4023.9,5,1,4023.2,4,1,4023.0,209,10,4022.9,1,1,4024.2,86,6,4024.3,84,3,4024.4,94,3,4024.5,35,3,4024.6,42,1
11483,2026-07-02 12:51:15+05:30,4024.1,13,4039.42,1242816,146294.0,166697.0,4100.0,4110.0,4012.0,4092.6,24994375,4501.8,3683.4,4440.0,3288.1,4023.0,174,8,4022.9,1,1,4022.6,101,3,4022.5,61,2,4022.3,114,3,4024.1,50,6,4024.2,154,13,4024.3,66,3,4024.4,58,2,4024.5,106,5
11483,2026-07-02 12:51:16+05:30,4024.0,7,4039.42,1242816,146294.0,166697.0,4100.0,4110.0,4012.0,4092.6,24994375,4501.8,3683.4,4440.0,3288.1,4023.0,174,8,4022.9,1,1,4022.6,101,3,4022.5,61,2,4022.3,114,3,4024.1,50,6,4024.2,154,13,4024.3,66,3,4024.4,58,2,4024.5,106,5
11483,2026-07-02 12:51:16+05:30,4024.0,7,4039.42,1243147,146283.0,166655.0,4100.0,4110.0,4012.0,4092.6,24994375,4501.8,3683.4,4440.0,3288.1,4023.0,130,2,4022.9,1,1,4022.6,101,3,4022.5,91,3,4022.3,114,3,4023.7,42,1,4023.8,42,1,4023.9,3,1,4024.0,63,3,4024.1,34,4
11483,2026-07-02 12:51:17+05:30,4023.5,2,4039.42,1243147,146283.0,166655.0,4100.0,4110.0,4012.0,4092.6,24994375,4501.8,3683.4,4440.0,3288.1,4023.0,130,2,4022.9,1,1,4022.6,101,3,4022.5,91,3,4022.3,114,3,4023.7,42,1,4023.8,42,1,4023.9,3,1,4024.0,63,3,4024.1,34,4
11483,2026-07-02 12:51:17+05:30,4023.5,2,4039.42,1243189,146415.0,167058.0,4100.0,4110.0,4012.0,4092.6,24994375,4501.8,3683.4,4440.0,3288.1,4023.0,140,2,4022.9,1,1,4022.6,101,3,4022.5,91,3,4022.3,134,5,4023.5,40,1,4023.6,42,1,4023.8,42,1,4024.0,21,2,4024.1,19,3
11483,2026-07-02 12:51:18+05:30,4023.6,4,4039.42,1243189,146415.0,167058.0,4100.0,4110.0,4012.0,4092.6,24994375,4501.8,3683.4,4440.0,3288.1,4023.0,140,2,4022.9,1,1,4022.6,101,3,4022.5,91,3,4022.3,134,5,4023.5,40,1,4023.6,42,1,4023.8,42,1,4024.0,21,2,4024.1,19,3
11483,2026-07-02 12:51:18+05:30,4023.6,4,4039.42,1243238,146468.0,166881.0,4100.0,4110.0,4012.0,4092.6,24994375,4501.8,3683.4,4440.0,3288.1,4023.0,171,4,4022.9,1,1,4022.6,101,3,4022.5,91,3,4022.4,3,1,4023.6,38,1,4023.8,42,1,4024.0,21,2,4024.1,19,3,4024.2,99,7
11483,2026-07-02 12:51:19+05:30,4023.1,1,4039.42,1243238,146468.0,166881.0,4100.0,4110.0,4012.0,4092.6,24994375,4501.8,3683.4,4440.0,3288.1,4023.0,171,4,4022.9,1,1,4022.6,101,3,4022.5,91,3,4022.4,3,1,4023.6,38,1,4023.8,42,1,4024.0,21,2,4024.1,19,3,4024.2,99,7
11483,2026-07-02 12:51:19+05:30,4023.1,1,4039.42,1243248,146426.0,167286.0,4100.0,4110.0,4012.0,4092.6,24994375,4501.8,3683.4,4440.0,3288.1,4023.0,151,3,4022.9,1,1,4022.6,101,3,4022.5,61,2,4022.3,144,4,4023.1,173,1,4023.6,40,4,4023.8,42,1,4024.0,36,3,4024.1,17,2
11483,2026-07-02 12:51:20+05:30,4023.1,5,4039.42,1243248,146426.0,167286.0,4100.0,4110.0,4012.0,4092.6,24994375,4501.8,3683.4,4440.0,3288.1,4023.0,151,3,4022.9,1,1,4022.6,101,3,4022.5,61,2,4022.3,144,4,4023.1,173,1,4023.6,40,4,4023.8,42,1,4024.0,36,3,4024.1,17,2
11483,2026-07-02 12:51:20+05:30,4023.1,5,4039.42,1243254,146468.0,167340.0,4100.0,4110.0,4012.0,4092.6,24994375,4501.8,3683.4,4440.0,3288.1,4023.0,174,4,4022.9,1,1,4022.6,101,3,4022.5,61,2,4022.3,144,4,4023.1,168,1,4023.3,42,1,4023.6,82,5,4024.0,36,3,4024.1,17,2
11483,2026-07-02 12:51:21+05:30,4023.1,11,4039.42,1243254,146468.0,167340.0,4100.0,4110.0,4012.0,4092.6,24994375,4501.8,3683.4,4440.0,3288.1,4023.0,174,4,4022.9,1,1,4022.6,101,3,4022.5,61,2,4022.3,144,4,4023.1,168,1,4023.3,42,1,4023.6,82,5,4024.0,36,3,4024.1,17,2
11483,2026-07-02 12:51:21+05:30,4023.1,11,4039.42,1243266,152016.0,167147.0,4100.0,4110.0,4012.0,4092.6,24994375,4501.8,3683.4,4440.0,3288.1,4023.0,173,4,4022.9,1,1,4022.6,101,3,4022.5,61,2,4022.3,114,3,4023.1,165,2,4023.6,2,2,4023.9,15,1,4024.0,36,3,4024.1,47,3
11483,2026-07-02 12:51:22+05:30,4023.1,25,4039.42,1243266,152016.0,167147.0,4100.0,4110.0,4012.0,4092.6,24994375,4501.8,3683.4,4440.0,3288.1,4023.0,173,4,4022.9,1,1,4022.6,101,3,4022.5,61,2,4022.3,114,3,4023.1,165,2,4023.6,2,2,4023.9,15,1,4024.0,36,3,4024.1,47,3
11483,2026-07-02 12:51:22+05:30,4023.1,25,4039.42,1243292,146277.0,167179.0,4100.0,4110.0,4012.0,4092.6,24994375,4501.8,3683.4,4440.0,3288.1,4023.0,172,4,4022.9,1,1,4022.6,101,3,4022.5,61,2,4022.3,144,4,4023.1,142,3,4023.6,2,2,4023.9,15,1,4024.0,36,3,4024.1,47,3
11483,2026-07-02 12:51:23+05:30,4023.1,24,4039.42,1243292,146277.0,167179.0,4100.0,4110.0,4012.0,4092.6,24994375,4501.8,3683.4,4440.0,3288.1,4023.0,172,4,4022.9,1,1,4022.6,101,3,4022.5,61,2,4022.3,144,4,4023.1,142,3,4023.6,2,2,4023.9,15,1,4024.0,36,3,4024.1,47,3
11483,2026-07-02 12:51:23+05:30,4023.1,24,4039.42,1243319,146452.0,167078.0,4100.0,4110.0,4012.0,4092.6,24994375,4501.8,3683.4,4440.0,3288.1,4023.0,211,5,4022.9,43,2,4022.8,42,1,4022.6,143,4,4022.5,61,2,4023.1,120,4,4023.6,2,2,4024.0,37,4,4024.1,17,2,4024.2,23,3
11483,2026-07-02 12:51:24+05:30,4023.1,10,4039.42,1243319,146452.0,167078.0,4100.0,4110.0,4012.0,4092.6,24994375,4501.8,3683.4,4440.0,3288.1,4023.0,211,5,4022.9,43,2,4022.8,42,1,4022.6,143,4,4022.5,61,2,4023.1,120,4,4023.6,2,2,4024.0,37,4,4024.1,17,2,4024.2,23,3
11483,2026-07-02 12:51:24+05:30,4023.1,10,4039.42,1243465,146442.0,166444.0,4100.0,4110.0,4012.0,4092.6,24994375,4501.8,3683.4,4440.0,3288.1,4023.1,55,2,4023.0,211,6,4022.9,43,2,4022.8,42,1,4022.6,176,6,4024.0,52,3,4024.2,4,1,4024.3,42,2,4024.4,37,1,4024.5,43,2
11483,2026-07-02 12:51:25+05:30,4024.0,2,4039.42,1243465,146442.0,166444.0,4100.0,4110.0,4012.0,4092.6,24994375,4501.8,3683.4,4440.0,3288.1,4023.1,55,2,4023.0,211,6,4022.9,43,2,4022.8,42,1,4022.6,176,6,4024.0,52,3,4024.2,4,1,4024.3,42,2,4024.4,37,1,4024.5,43,2
11483,2026-07-02 12:51:25+05:30,4024.0,22,4039.41,1243570,146764.0,166336.0,4100.0,4110.0,4012.0,4092.6,24994375,4501.8,3683.4,4440.0,3288.1,4023.5,42,1,4023.4,42,1,4023.1,55,3,4023.0,169,5,4022.9,24,2,4024.0,14,1,4024.2,4,1,4024.3,42,2,4024.4,37,1,4024.5,28,1
11483,2026-07-02 12:51:26+05:30,4024.0,7,4039.41,1243570,146764.0,166336.0,4100.0,4110.0,4012.0,4092.6,24994375,4501.8,3683.4,4440.0,3288.1,4023.5,42,1,4023.4,42,1,4023.1,55,3,4023.0,169,5,4022.9,24,2,4024.0,14,1,4024.2,4,1,4024.3,42,2,4024.4,37,1,4024.5,28,1
11483,2026-07-02 12:51:26+05:30,4024.0,7,4039.41,1243707,146857.0,166445.0,4100.0,4110.0,4012.0,4092.6,24994375,4501.8,3683.4,4440.0,3288.1,4023.8,37,1,4023.6,42,1,4023.4,75,2,4023.1,1,1,4023.0,169,5,4024.0,29,3,4024.2,4,1,4024.3,42,2,4024.4,37,1,4024.5,28,1
11483,2026-07-02 12:51:27+05:30,4024.0,1,4039.41,1243707,146857.0,166445.0,4100.0,4110.0,4012.0,4092.6,24994375,4501.8,3683.4,4440.0,3288.1,4023.8,37,1,4023.6,42,1,4023.4,75,2,4023.1,1,1,4023.0,169,5,4024.0,29,3,4024.2,4,1,4024.3,42,2,4024.4,37,1,4024.5,28,1
11483,2026-07-02 12:51:27+05:30,4024.0,1,4039.41,1243724,146896.0,166459.0,4100.0,4110.0,4012.0,4092.6,24994375,4501.8,3683.4,4440.0,3288.1,4023.9,42,1,4023.8,21,1,4023.7,42,1,4023.5,42,1,4023.4,33,1,4024.0,28,3,4024.2,4,1,4024.3,42,2,4024.4,37,1,4024.5,28,1
11483,2026-07-02 12:51:28+05:30,4023.9,2,4039.41,1243724,146896.0,166459.0,4100.0,4110.0,4012.0,4092.6,24994375,4501.8,3683.4,4440.0,3288.1,4023.9,42,1,4023.8,21,1,4023.7,42,1,4023.5,42,1,4023.4,33,1,4024.0,28,3,4024.2,4,1,4024.3,42,2,4024.4,37,1,4024.5,28,1
11483,2026-07-02 12:51:28+05:30,4023.9,2,4039.41,1243726,146917.0,166466.0,4100.0,4110.0,4012.0,4092.6,24994375,4501.8,3683.4,4440.0,3288.1,4023.9,40,1,4023.8,21,1,4023.7,42,1,4023.5,42,1,4023.4,33,1,4024.0,28,3,4024.2,4,1,4024.3,42,2,4024.4,37,1,4024.5,28,1
11483,2026-07-02 12:51:29+05:30,4024.0,1,4039.41,1243733,146981.0,166489.0,4100.0,4110.0,4012.0,4092.6,24994375,4501.8,3683.4,4440.0,3288.1,4023.9,40,1,4023.8,21,1,4023.7,42,1,4023.5,42,1,4023.4,33,1,4024.0,57,3,4024.2,4,1,4024.3,42,2,4024.4,37,1,4024.5,28,1
11483,2026-07-02 12:51:29+05:30,4023.9,1,4039.41,1243733,146981.0,166489.0,4100.0,4110.0,4012.0,4092.6,24994375,4501.8,3683.4,4440.0,3288.1,4023.9,40,1,4023.8,21,1,4023.7,42,1,4023.5,42,1,4023.4,33,1,4024.0,57,3,4024.2,4,1,4024.3,42,2,4024.4,37,1,4024.5,28,1
11483,2026-07-02 12:51:30+05:30,4023.9,1,4039.41,1243734,146980.0,166474.0,4100.0,4110.0,4012.0,4092.6,24994375,4501.8,3683.4,4440.0,3288.1,4023.9,39,1,4023.8,21,1,4023.7,42,1,4023.5,42,1,4023.4,33,1,4024.0,57,3,4024.2,4,1,4024.3,42,2,4024.4,37,1,4024.5,28,1
11483,2026-07-02 12:51:31+05:30,4024.0,4,4039.41,1243743,147006.0,166469.0,4100.0,4110.0,4012.0,4092.6,24994375,4501.8,3683.4,4440.0,3288.1,4023.9,39,1,4023.8,21,1,4023.7,42,1,4023.5,42,1,4023.4,33,1,4024.0,50,4,4024.2,4,1,4024.3,42,2,4024.4,37,1,4024.5,28,1
11483,2026-07-02 12:51:31+05:30,4023.9,1,4039.41,1243743,147006.0,166469.0,4100.0,4110.0,4012.0,4092.6,24994375,4501.8,3683.4,4440.0,3288.1,4023.9,39,1,4023.8,21,1,4023.7,42,1,4023.5,42,1,4023.4,33,1,4024.0,50,4,4024.2,4,1,4024.3,42,2,4024.4,37,1,4024.5,28,1
11483,2026-07-02 12:51:32+05:30,4023.9,1,4039.41,1243744,146963.0,166485.0,4100.0,4110.0,4012.0,4092.6,24994375,4501.8,3683.4,4440.0,3288.1,4023.9,38,1,4023.8,21,1,4023.7,42,1,4023.5,42,1,4023.4,33,1,4024.0,50,4,4024.2,4,1,4024.3,42,2,4024.4,37,1,4024.5,28,1
11483,2026-07-02 12:51:32+05:30,4023.9,1,4039.41,1243744,146963.0,166485.0,4100.0,4110.0,4012.0,4092.6,24994375,4501.8,3683.4,4440.0,3288.1,4023.9,38,1,4023.8,21,1,4023.7,42,1,4023.5,42,1,4023.4,33,1,4024.0,50,4,4024.2,4,1,4024.3,42,2,4024.4,37,1,4024.5,28,1
11483,2026-07-02 12:51:33+05:30,4024.0,1,4039.41,1243746,146983.0,166476.0,4100.0,4110.0,4012.0,4092.6,24994375,4501.8,3683.4,4440.0,3288.1,4023.9,37,1,4023.8,21,1,4023.7,42,1,4023.5,42,1,4023.4,33,1,4024.0,49,4,4024.2,4,1,4024.3,42,2,4024.4,37,1,4024.5,28,1
11483,2026-07-02 12:51:33+05:30,4024.0,1,4039.41,1243746,146983.0,166476.0,4100.0,4110.0,4012.0,4092.6,24994375,4501.8,3683.4,4440.0,3288.1,4023.9,37,1,4023.8,21,1,4023.7,42,1,4023.5,42,1,4023.4,33,1,4024.0,49,4,4024.2,4,1,4024.3,42,2,4024.4,37,1,4024.5,28,1
11483,2026-07-02 12:51:34+05:30,4024.0,1,4039.41,1243746,146983.0,166576.0,4100.0,4110.0,4012.0,4092.6,24994375,4501.8,3683.4,4440.0,3288.1,4023.9,37,1,4023.8,21,1,4023.7,42,1,4023.5,42,1,4023.4,33,1,4024.0,49,4,4024.2,4,1,4024.3,42,2,4024.4,37,1,4024.5,28,1
11483,2026-07-02 12:51:35+05:30,4024.0,1,4039.41,1243807,147242.0,166395.0,4100.0,4110.0,4012.0,4092.6,24994375,4501.8,3683.4,4440.0,3288.1,4023.8,10,1,4023.7,42,1,4023.5,42,1,4023.4,33,1,4023.0,209,7,4024.0,60,5,4024.2,4,1,4024.3,42,2,4024.4,37,1,4024.5,28,1
11483,2026-07-02 12:51:35+05:30,4023.8,7,4039.41,1243807,147242.0,166395.0,4100.0,4110.0,4012.0,4092.6,24994375,4501.8,3683.4,4440.0,3288.1,4023.8,10,1,4023.7,42,1,4023.5,42,1,4023.4,33,1,4023.0,209,7,4024.0,60,5,4024.2,4,1,4024.3,42,2,4024.4,37,1,4024.5,28,1
11483,2026-07-02 12:51:36+05:30,4023.8,2,4039.41,1243818,147198.0,166433.0,4100.0,4110.0,4012.0,4092.6,24994375,4501.8,3683.4,4440.0,3288.1,4023.8,1,1,4023.7,42,1,4023.5,42,1,4023.4,33,1,4023.0,209,7,4024.0,58,5,4024.2,4,1,4024.3,42,2,4024.4,37,1,4024.5,60,3
11483,2026-07-02 12:51:36+05:30,4023.8,1,4039.41,1243818,147198.0,166433.0,4100.0,4110.0,4012.0,4092.6,24994375,4501.8,3683.4,4440.0,3288.1,4023.8,1,1,4023.7,42,1,4023.5,42,1,4023.4,33,1,4023.0,209,7,4024.0,58,5,4024.2,4,1,4024.3,42,2,4024.4,37,1,4024.5,60,3
11483,2026-07-02 12:51:37+05:30,4024.0,5,4039.41,1243826,147230.0,166443.0,4100.0,4110.0,4012.0,4092.6,24994375,4501.8,3683.4,4440.0,3288.1,4023.6,40,1,4023.4,75,2,4023.0,211,8,4022.9,1,1,4022.6,148,5,4024.0,53,5,4024.2,4,1,4024.3,42,2,4024.4,37,1,4024.5,60,3
11483,2026-07-02 12:51:37+05:30,4023.6,1,4039.41,1243826,147230.0,166443.0,4100.0,4110.0,4012.0,4092.6,24994375,4501.8,3683.4,4440.0,3288.1,4023.6,40,1,4023.4,75,2,4023.0,211,8,4022.9,1,1,4022.6,148,5,4024.0,53,5,4024.2,4,1,4024.3,42,2,4024.4,37,1,4024.5,60,3
11483,2026-07-02 12:51:38+05:30,4024.0,1,4039.41,1243826,147230.0,166443.0,4100.0,4110.0,4012.0,4092.6,24994375,4501.8,3683.4,4440.0,3288.1,4023.6,40,1,4023.4,75,2,4023.0,211,8,4022.9,1,1,4022.6,148,5,4024.0,53,5,4024.2,4,1,4024.3,42,2,4024.4,37,1,4024.5,60,3
11483,2026-07-02 12:51:38+05:30,4024.0,1,4039.41,1243830,147163.0,166487.0,4100.0,4110.0,4012.0,4092.6,24994375,4501.8,3683.4,4440.0,3288.1,4023.6,2,1,4023.0,211,8,4022.9,1,1,4022.6,148,5,4022.5,111,4,4024.0,52,5,4024.2,4,1,4024.3,42,2,4024.4,39,2,4024.5,43,2
11483,2026-07-02 12:51:39+05:30,4024.0,1,4039.41,1243838,147147.0,166492.0,4100.0,4110.0,4012.0,4092.6,24994375,4501.8,3683.4,4440.0,3288.1,4023.6,2,1,4023.0,181,7,4022.9,1,1,4022.6,131,4,4022.5,128,5,4024.0,47,5,4024.2,4,1,4024.3,59,3,4024.4,39,2,4024.5,43,2
11483,2026-07-02 12:51:39+05:30,4023.6,1,4039.41,1243838,147147.0,166492.0,4100.0,4110.0,4012.0,4092.6,24994375,4501.8,3683.4,4440.0,3288.1,4023.6,2,1,4023.0,181,7,4022.9,1,1,4022.6,131,4,4022.5,128,5,4024.0,47,5,4024.2,4,1,4024.3,59,3,4024.4,39,2,4024.5,43,2
11483,2026-07-02 12:51:40+05:30,4023.6,2,4039.41,1243842,146977.0,166507.0,4100.0,4110.0,4012.0,4092.6,24994375,4501.8,3683.4,4440.0,3288.1,4023.6,2,1,4023.0,181,7,4022.9,1,1,4022.6,131,4,4022.5,73,3,4024.0,60,7,4024.1,8,1,4024.2,4,1,4024.3,42,2,4024.4,39,2
11483,2026-07-02 12:51:40+05:30,4023.6,2,4039.41,1243842,146977.0,166507.0,4100.0,4110.0,4012.0,4092.6,24994375,4501.8,3683.4,4440.0,3288.1,4023.6,2,1,4023.0,181,7,4022.9,1,1,4022.6,131,4,4022.5,73,3,4024.0,60,7,4024.1,8,1,4024.2,4,1,4024.3,42,2,4024.4,39,2
11483,2026-07-02 12:51:41+05:30,4023.0,2,4039.4,1244365,146274.0,167170.0,4100.0,4110.0,4012.0,4092.6,24994375,4501.8,3683.4,4440.0,3288.1,4023.0,165,6,4022.9,1,1,4022.6,101,3,4022.5,61,2,4022.4,30,1,4023.1,149,1,4024.4,10,1,4024.5,30,3,4024.7,54,3,4024.8,254,9
11483,2026-07-02 12:51:41+05:30,4023.0,15,4039.4,1244365,146274.0,167170.0,4100.0,4110.0,4012.0,4092.6,24994375,4501.8,3683.4,4440.0,3288.1,4023.0,165,6,4022.9,1,1,4022.6,101,3,4022.5,61,2,4022.4,30,1,4023.1,149,1,4024.4,10,1,4024.5,30,3,4024.7,54,3,4024.8,254,9
11483,2026-07-02 12:51:42+05:30,4023.0,2,4039.4,1244430,146412.0,167206.0,4100.0,4110.0,4012.0,4092.6,24994375,4501.8,3683.4,4440.0,3288.1,4023.0,183,6,4022.9,1,1,4022.6,101,3,4022.5,50,1,4022.4,30,1,4023.1,163,3,4024.5,60,4,4024.7,57,4,4024.8,251,8,4024.9,33,3
11483,2026-07-02 12:51:42+05:30,4023.0,8,4039.4,1244430,146412.0,167206.0,4100.0,4110.0,4012.0,4092.6,24994375,4501.8,3683.4,4440.0,3288.1,4023.0,183,6,4022.9,1,1,4022.6,101,3,4022.5,50,1,4022.4,30,1,4023.1,163,3,4024.5,60,4,4024.7,57,4,4024.8,251,8,4024.9,33,3
11483,2026-07-02 12:51:43+05:30,4023.0,2,4039.4,1244543,146409.0,167335.0,4100.0,4110.0,4012.0,4092.6,24994375,4501.8,3683.4,4440.0,3288.1,4023.0,173,6,4022.9,1,1,4022.6,101,3,4022.5,50,1,4022.4,30,1,4023.1,63,4,4024.3,78,2,4024.4,58,2,4024.5,115,6,4024.6,51,2
11483,2026-07-02 12:51:43+05:30,4023.0,2,4039.4,1244543,146409.0,167335.0,4100.0,4110.0,4012.0,4092.6,24994375,4501.8,3683.4,4440.0,3288.1,4023.0,173,6,4022.9,1,1,4022.6,101,3,4022.5,50,1,4022.4,30,1,4023.1,63,4,4024.3,78,2,4024.4,58,2,4024.5,115,6,4024.6,51,2
11483,2026-07-02 12:51:44+05:30,4023.0,2,4039.4,1244558,146425.0,167402.0,4100.0,4110.0,4012.0,4092.6,24994375,4501.8,3683.4,4440.0,3288.1,4023.0,179,7,4022.9,1,1,4022.6,101,3,4022.5,50,1,4022.4,30,1,4023.1,63,4,4024.1,15,1,4024.3,78,2,4024.4,48,1,4024.5,115,6
11483,2026-07-02 12:51:44+05:30,4023.0,2,4039.4,1244558,146425.0,167402.0,4100.0,4110.0,4012.0,4092.6,24994375,4501.8,3683.4,4440.0,3288.1,4023.0,179,7,4022.9,1,1,4022.6,101,3,4022.5,50,1,4022.4,30,1,4023.1,63,4,4024.1,15,1,4024.3,78,2,4024.4,48,1,4024.5,115,6
11483,2026-07-02 12:51:45+05:30,4023.1,35,4039.4,1244597,146277.0,167357.0,4100.0,4110.0,4012.0,4092.6,24994375,4501.8,3683.4,4440.0,3288.1,4023.0,175,7,4022.9,1,1,4022.6,101,3,4022.5,50,1,4022.4,30,1,4023.1,28,4,4024.1,31,1,4024.2,48,1,4024.3,63,2,4024.4,48,1
11483,2026-07-02 12:51:45+05:30,4023.1,35,4039.4,1244597,146277.0,167357.0,4100.0,4110.0,4012.0,4092.6,24994375,4501.8,3683.4,4440.0,3288.1,4023.0,175,7,4022.9,1,1,4022.6,101,3,4022.5,50,1,4022.4,30,1,4023.1,28,4,4024.1,31,1,4024.2,48,1,4024.3,63,2,4024.4,48,1
11483,2026-07-02 12:51:46+05:30,4023.1,3,4039.4,1244642,146415.0,167327.0,4100.0,4110.0,4012.0,4092.6,24994375,4501.8,3683.4,4440.0,3288.1,4023.0,157,6,4022.9,1,1,4022.6,101,3,4022.5,50,1,4022.4,30,1,4023.1,9,3,4023.7,15,1,4024.1,77,2,4024.2,48,1,4024.3,63,2
11483,2026-07-02 12:51:46+05:30,4023.1,3,4039.4,1244642,146415.0,167327.0,4100.0,4110.0,4012.0,4092.6,24994375,4501.8,3683.4,4440.0,3288.1,4023.0,157,6,4022.9,1,1,4022.6,101,3,4022.5,50,1,4022.4,30,1,4023.1,9,3,4023.7,15,1,4024.1,77,2,4024.2,48,1,4024.3,63,2
11483,2026-07-02 12:51:47+05:30,4023.0,2,4039.4,1244649,146412.0,167332.0,4100.0,4110.0,4012.0,4092.6,24994375,4501.8,3683.4,4440.0,3288.1,4023.0,150,6,4022.9,1,1,4022.6,101,3,4022.5,50,1,4022.4,30,1,4023.1,9,3,4023.7,15,1,4024.1,77,2,4024.2,48,1,4024.3,63,2
11483,2026-07-02 12:51:47+05:30,4023.0,2,4039.4,1244649,146412.0,167332.0,4100.0,4110.0,4012.0,4092.6,24994375,4501.8,3683.4,4440.0,3288.1,4023.0,150,6,4022.9,1,1,4022.6,101,3,4022.5,50,1,4022.4,30,1,4023.1,9,3,4023.7,15,1,4024.1,77,2,4024.2,48,1,4024.3,63,2
11483,2026-07-02 12:51:48+05:30,4023.1,1,4039.4,1244653,146405.0,167333.0,4100.0,4110.0,4012.0,4092.6,24994375,4501.8,3683.4,4440.0,3288.1,4023.0,147,6,4022.9,1,1,4022.6,101,3,4022.5,50,1,4022.4,30,1,4023.1,8,3,4023.7,15,1,4024.1,77,2,4024.2,48,1,4024.3,63,2
11483,2026-07-02 12:51:48+05:30,4023.1,1,4039.4,1244653,146405.0,167333.0,4100.0,4110.0,4012.0,4092.6,24994375,4501.8,3683.4,4440.0,3288.1,4023.0,147,6,4022.9,1,1,4022.6,101,3,4022.5,50,1,4022.4,30,1,4023.1,8,3,4023.7,15,1,4024.1,77,2,4024.2,48,1,4024.3,63,2
11483,2026-07-02 12:51:49+05:30,4023.0,2,4039.4,1244656,146402.0,167456.0,4100.0,4110.0,4012.0,4092.6,24994375,4501.8,3683.4,4440.0,3288.1,4023.0,144,6,4022.9,1,1,4022.6,101,3,4022.5,50,1,4022.4,30,1,4023.1,10,4,4023.7,16,2,4024.1,78,3,4024.2,48,1,4024.3,63,2
11483,2026-07-02 12:51:49+05:30,4023.0,2,4039.4,1244656,146402.0,167456.0,4100.0,4110.0,4012.0,4092.6,24994375,4501.8,3683.4,4440.0,3288.1,4023.0,144,6,4022.9,1,1,4022.6,101,3,4022.5,50,1,4022.4,30,1,4023.1,10,4,4023.7,16,2,4024.1,78,3,4024.2,48,1,4024.3,63,2
11483,2026-07-02 12:51:50+05:30,4023.0,2,4039.4,1244658,146399.0,167456.0,4100.0,4110.0,4012.0,4092.6,24994375,4501.8,3683.4,4440.0,3288.1,4023.0,142,6,4022.9,1,1,4022.6,101,3,4022.5,50,1,4022.4,30,1,4023.1,10,4,4023.7,16,2,4024.1,78,3,4024.2,63,2,4024.3,63,2
11483,2026-07-02 12:51:50+05:30,4023.0,2,4039.4,1244658,146399.0,167456.0,4100.0,4110.0,4012.0,4092.6,24994375,4501.8,3683.4,4440.0,3288.1,4023.0,142,6,4022.9,1,1,4022.6,101,3,4022.5,50,1,4022.4,30,1,4023.1,10,4,4023.7,16,2,4024.1,78,3,4024.2,63,2,4024.3,63,2
11483,2026-07-02 12:51:51+05:30,4023.1,1,4039.4,1244658,146399.0,167456.0,4100.0,4110.0,4012.0,4092.6,24994375,4501.8,3683.4,4440.0,3288.1,4023.0,142,6,4022.9,1,1,4022.6,101,3,4022.5,50,1,4022.4,30,1,4023.1,10,4,4023.7,16,2,4024.1,78,3,4024.2,63,2,4024.3,63,2
11483,2026-07-02 12:51:51+05:30,4023.1,1,4039.4,1244762,146453.0,167423.0,4100.0,4110.0,4012.0,4092.6,24994375,4501.8,3683.4,4440.0,3288.1,4023.0,195,5,4022.9,1,1,4022.6,101,3,4022.5,50,1,4022.3,144,4,4023.1,8,4,4023.7,16,2,4023.8,9,1,4024.0,11,1,4024.1,77,2
11483,2026-07-02 12:51:52+05:30,4023.0,2,4039.4,1244969,146320.0,167581.0,4100.0,4110.0,4012.0,4092.6,24994375,4501.8,3683.4,4440.0,3288.1,4023.0,166,3,4022.9,1,1,4022.6,101,3,4022.5,50,1,4022.3,114,3,4023.1,12,4,4023.7,44,4,4023.8,39,2,4023.9,19,2,4024.0,16,2
11483,2026-07-02 12:51:52+05:30,4023.0,2,4039.4,1244969,146320.0,167581.0,4100.0,4110.0,4012.0,4092.6,24994375,4501.8,3683.4,4440.0,3288.1,4023.0,166,3,4022.9,1,1,4022.6,101,3,4022.5,50,1,4022.3,114,3,4023.1,12,4,4023.7,44,4,4023.8,39,2,4023.9,19,2,4024.0,16,2
11483,2026-07-02 12:51:53+05:30,4023.0,59,4039.4,1244969,146320.0,167581.0,4100.0,4110.0,4012.0,4092.6,24994375,4501.8,3683.4,4440.0,3288.1,4023.0,166,3,4022.9,1,1,4022.6,101,3,4022.5,50,1,4022.3,114,3,4023.1,12,4,4023.7,44,4,4023.8,39,2,4023.9,19,2,4024.0,16,2
11483,2026-07-02 12:51:53+05:30,4023.0,59,4039.39,1245549,151586.0,167426.0,4100.0,4110.0,4012.0,4092.6,24994375,4501.8,3683.4,4440.0,3288.1,4023.0,96,2,4022.9,1,1,4022.6,101,3,4022.5,50,1,4022.3,114,3,4023.8,35,4,4023.9,5,1,4024.0,52,5,4024.1,57,2,4024.2,106,4
11483,2026-07-02 12:51:54+05:30,4023.8,3,4039.39,1245549,151586.0,167426.0,4100.0,4110.0,4012.0,4092.6,24994375,4501.8,3683.4,4440.0,3288.1,4023.0,96,2,4022.9,1,1,4022.6,101,3,4022.5,50,1,4022.3,114,3,4023.8,35,4,4023.9,5,1,4024.0,52,5,4024.1,57,2,4024.2,106,4
11483,2026-07-02 12:51:54+05:30,4023.8,3,4039.39,1245628,151616.0,167762.0,4100.0,4110.0,4012.0,4092.6,24994375,4501.8,3683.4,4440.0,3288.1,4023.0,130,2,4022.9,1,1,4022.6,101,3,4022.5,50,1,4022.3,114,3,4023.8,32,5,4023.9,16,2,4024.0,36,4,4024.1,57,2,4024.2,106,4
11483,2026-07-02 12:51:55+05:30,4023.0,2,4039.39,1245628,151616.0,167762.0,4100.0,4110.0,4012.0,4092.6,24994375,4501.8,3683.4,4440.0,3288.1,4023.0,130,2,4022.9,1,1,4022.6,101,3,4022.5,50,1,4022.3,114,3,4023.8,32,5,4023.9,16,2,4024.0,36,4,4024.1,57,2,4024.2,106,4
11483,2026-07-02 12:51:55+05:30,4023.0,2,4039.39,1245710,151993.0,167396.0,4100.0,4110.0,4012.0,4092.6,24994375,4501.8,3683.4,4440.0,3288.1,4023.0,152,4,4022.9,1,1,4022.6,101,3,4022.5,50,1,4022.3,130,4,4024.0,34,5,4024.1,56,2,4024.2,45,3,4024.4,19,2,4024.5,133,5
11483,2026-07-02 12:51:56+05:30,4023.1,2,4039.39,1245710,151993.0,167396.0,4100.0,4110.0,4012.0,4092.6,24994375,4501.8,3683.4,4440.0,3288.1,4023.0,152,4,4022.9,1,1,4022.6,101,3,4022.5,50,1,4022.3,130,4,4024.0,34,5,4024.1,56,2,4024.2,45,3,4024.4,19,2,4024.5,133,5
11483,2026-07-02 12:51:56+05:30,4023.1,10,4039.39,1245731,151921.0,167510.0,4100.0,4110.0,4012.0,4092.6,24994375,4501.8,3683.4,4440.0,3288.1,4023.1,8,1,4023.0,143,4,4022.9,1,1,4022.6,101,3,4022.5,50,1,4023.9,8,1,4024.0,55,10,4024.1,56,2,4024.2,45,3,4024.3,17,2
11483,2026-07-02 12:51:57+05:30,4023.0,2,4039.39,1245731,151921.0,167510.0,4100.0,4110.0,4012.0,4092.6,24994375,4501.8,3683.4,4440.0,3288.1,4023.1,8,1,4023.0,143,4,4022.9,1,1,4022.6,101,3,4022.5,50,1,4023.9,8,1,4024.0,55,10,4024.1,56,2,4024.2,45,3,4024.3,17,2
11483,2026-07-02 12:51:57+05:30,4023.0,2,4039.38,1245813,151949.0,167524.0,4100.0,4110.0,4012.0,4092.6,24994375,4501.8,3683.4,4440.0,3288.1,4023.0,179,4,4022.9,1,1,4022.6,101,3,4022.5,50,1,4022.3,114,3,4023.9,8,1,4024.0,71,11,4024.1,56,2,4024.2,45,3,4024.3,13,1
11483,2026-07-02 12:51:58+05:30,4023.0,1,4039.38,1245813,151949.0,167524.0,4100.0,4110.0,4012.0,4092.6,24994375,4501.8,3683.4,4440.0,3288.1,4023.0,179,4,4022.9,1,1,4022.6,101,3,4022.5,50,1,4022.3,114,3,4023.9,8,1,4024.0,71,11,4024.1,56,2,4024.2,45,3,4024.3,13,1
11483,2026-07-02 12:51:58+05:30,4023.0,1,4039.38,1245827,151946.0,167560.0,4100.0,4110.0,4012.0,4092.6,24994375,4501.8,3683.4,4440.0,3288.1,4023.4,1,1,4023.0,165,4,4022.9,1,1,4022.6,101,3,4022.5,50,1,4023.9,8,1,4024.0,54,9,4024.1,56,2,4024.2,45,3,4024.3,29,2
11483,2026-07-02 12:51:59+05:30,4023.0,2,4039.38,1245827,151946.0,167560.0,4100.0,4110.0,4012.0,4092.6,24994375,4501.8,3683.4,4440.0,3288.1,4023.4,1,1,4023.0,165,4,4022.9,1,1,4022.6,101,3,4022.5,50,1,4023.9,8,1,4024.0,54,9,4024.1,56,2,4024.2,45,3,4024.3,29,2
11483,2026-07-02 12:51:59+05:30,4023.0,2,4039.38,1245837,151955.0,167543.0,4100.0,4110.0,4012.0,4092.6,24994375,4501.8,3683.4,4440.0,3288.1,4023.0,163,4,4022.9,1,1,4022.6,101,3,4022.5,50,1,4022.3,114,3,4023.9,18,5,4024.0,52,6,4024.1,56,2,4024.2,60,4,4024.3,13,1
11483,2026-07-02 12:52:00+05:30,4023.0,2,4039.38,1245837,151955.0,167543.0,4100.0,4110.0,4012.0,4092.6,24994375,4501.8,3683.4,4440.0,3288.1,4023.0,163,4,4022.9,1,1,4022.6,101,3,4022.5,50,1,4022.3,114,3,4023.9,18,5,4024.0,52,6,4024.1,56,2,4024.2,60,4,4024.3,13,1
11483,2026-07-02 12:52:00+05:30,4023.0,2,4039.38,1245841,151959.0,167536.0,4100.0,4110.0,4012.0,4092.6,24994375,4501.8,3683.4,4440.0,3288.1,4023.0,162,5,4022.9,1,1,4022.6,101,3,4022.5,50,1,4022.3,114,3,4023.9,18,5,4024.0,44,5,4024.1,56,2,4024.2,60,4,4024.3,13,1
11483,2026-07-02 12:52:01+05:30,4023.5,1,4039.38,1245841,151959.0,167536.0,4100.0,4110.0,4012.0,4092.6,24994375,4501.8,3683.4,4440.0,3288.1,4023.0,162,5,4022.9,1,1,4022.6,101,3,4022.5,50,1,4022.3,114,3,4023.9,18,5,4024.0,44,5,4024.1,56,2,4024.2,60,4,4024.3,13,1
11483,2026-07-02 12:52:01+05:30,4023.5,1,4039.38,1245841,151959.0,167536.0,4100.0,4110.0,4012.0,4092.6,24994375,4501.8,3683.4,4440.0,3288.1,4023.0,162,5,4022.9,1,1,4022.6,101,3,4022.5,50,1,4022.3,114,3,4023.9,18,5,4024.0,44,5,4024.1,56,2,4024.2,60,4,4024.3,13,1
11483,2026-07-02 12:52:01+05:30,4023.5,1,4039.38,1245845,151947.0,167622.0,4100.0,4110.0,4012.0,4092.6,24994375,4501.8,3683.4,4440.0,3288.1,4023.5,1,1,4023.0,240,6,4022.9,1,1,4022.6,101,3,4022.5,50,1,4023.9,11,4,4024.0,11,2,4024.1,56,2,4024.2,76,5,4024.4,68,3
11483,2026-07-02 12:52:01+05:30,4023.5,1,4039.38,1245845,151947.0,167622.0,4100.0,4110.0,4012.0,4092.6,24994375,4501.8,3683.4,4440.0,3288.1,4023.5,1,1,4023.0,240,6,4022.9,1,1,4022.6,101,3,4022.5,50,1,4023.9,11,4,4024.0,11,2,4024.1,56,2,4024.2,76,5,4024.4,68,3
11483,2026-07-02 12:52:02+05:30,4023.5,1,4039.38,1245845,151947.0,167622.0,4100.0,4110.0,4012.0,4092.6,24994375,4501.8,3683.4,4440.0,3288.1,4023.5,1,1,4023.0,240,6,4022.9,1,1,4022.6,101,3,4022.5,50,1,4023.9,11,4,4024.0,11,2,4024.1,56,2,4024.2,76,5,4024.4,68,3
11483,2026-07-02 12:52:02+05:30,4023.0,2,4039.38,1245845,151947.0,167622.0,4100.0,4110.0,4012.0,4092.6,24994375,4501.8,3683.4,4440.0,3288.1,4023.5,1,1,4023.0,240,6,4022.9,1,1,4022.6,101,3,4022.5,50,1,4023.9,11,4,4024.0,11,2,4024.1,56,2,4024.2,76,5,4024.4,68,3
11483,2026-07-02 12:52:02+05:30,4023.0,2,4039.38,1245851,151924.0,167502.0,4100.0,4110.0,4012.0,4092.6,24994375,4501.8,3683.4,4440.0,3288.1,4023.0,237,6,4022.9,1,1,4022.6,101,3,4022.5,50,1,4022.3,114,3,4023.9,11,4,4024.0,17,2,4024.1,56,2,4024.2,60,4,4024.4,68,3
11483,2026-07-02 12:52:02+05:30,4023.0,2,4039.38,1245851,151924.0,167502.0,4100.0,4110.0,4012.0,4092.6,24994375,4501.8,3683.4,4440.0,3288.1,4023.0,237,6,4022.9,1,1,4022.6,101,3,4022.5,50,1,4022.3,114,3,4023.9,11,4,4024.0,17,2,4024.1,56,2,4024.2,60,4,4024.4,68,3
11483,2026-07-02 12:52:03+05:30,4023.0,1,4039.38,1245851,151924.0,167502.0,4100.0,4110.0,4012.0,4092.6,24994375,4501.8,3683.4,4440.0,3288.1,4023.0,237,6,4022.9,1,1,4022.6,101,3,4022.5,50,1,4022.3,114,3,4023.9,11,4,4024.0,17,2,4024.1,56,2,4024.2,60,4,4024.4,68,3
11483,2026-07-02 12:52:03+05:30,4023.0,1,4039.38,1245851,151924.0,167502.0,4100.0,4110.0,4012.0,4092.6,24994375,4501.8,3683.4,4440.0,3288.1,4023.0,237,6,4022.9,1,1,4022.6,101,3,4022.5,50,1,4022.3,114,3,4023.9,11,4,4024.0,17,2,4024.1,56,2,4024.2,60,4,4024.4,68,3
11483,2026-07-02 12:52:03+05:30,4023.0,1,4039.38,1245857,151922.0,167547.0,4100.0,4110.0,4012.0,4092.6,24994375,4501.8,3683.4,4440.0,3288.1,4023.0,231,6,4022.9,1,1,4022.6,101,3,4022.5,50,1,4022.3,114,3,4023.9,18,5,4024.0,17,2,4024.1,58,3,4024.2,60,4,4024.4,68,3
11483,2026-07-02 12:52:03+05:30,4023.0,1,4039.38,1245857,151922.0,167547.0,4100.0,4110.0,4012.0,4092.6,24994375,4501.8,3683.4,4440.0,3288.1,4023.0,231,6,4022.9,1,1,4022.6,101,3,4022.5,50,1,4022.3,114,3,4023.9,18,5,4024.0,17,2,4024.1,58,3,4024.2,60,4,4024.4,68,3
11483,2026-07-02 12:52:04+05:30,4023.9,1,4039.38,1245857,151922.0,167547.0,4100.0,4110.0,4012.0,4092.6,24994375,4501.8,3683.4,4440.0,3288.1,4023.0,231,6,4022.9,1,1,4022.6,101,3,4022.5,50,1,4022.3,114,3,4023.9,18,5,4024.0,17,2,4024.1,58,3,4024.2,60,4,4024.4,68,3
11483,2026-07-02 12:52:04+05:30,4023.9,1,4039.38,1245882,151916.0,167785.0,4100.0,4110.0,4012.0,4092.6,24994375,4501.8,3683.4,4440.0,3288.1,4023.0,230,7,4022.9,1,1,4022.6,101,3,4022.5,50,1,4022.3,144,4,4023.9,10,3,4024.0,20,3,4024.1,58,3,4024.2,76,5,4024.4,68,3
11483,2026-07-02 12:52:04+05:30,4023.9,1,4039.38,1245882,151916.0,167785.0,4100.0,4110.0,4012.0,4092.6,24994375,4501.8,3683.4,4440.0,3288.1,4023.0,230,7,4022.9,1,1,4022.6,101,3,4022.5,50,1,4022.3,144,4,4023.9,10,3,4024.0,20,3,4024.1,58,3,4024.2,76,5,4024.4,68,3
11483,2026-07-02 12:52:05+05:30,4023.9,1,4039.38,1245882,151916.0,167785.0,4100.0,4110.0,4012.0,4092.6,24994375,4501.8,3683.4,4440.0,3288.1,4023.0,230,7,4022.9,1,1,4022.6,101,3,4022.5,50,1,4022.3,144,4,4023.9,10,3,4024.0,20,3,4024.1,58,3,4024.2,76,5,4024.4,68,3
11483,2026-07-02 12:52:05+05:30,4023.0,2,4039.38,1245882,151916.0,167785.0,4100.0,4110.0,4012.0,4092.6,24994375,4501.8,3683.4,4440.0,3288.1,4023.0,230,7,4022.9,1,1,4022.6,101,3,4022.5,50,1,4022.3,144,4,4023.9,10,3,4024.0,20,3,4024.1,58,3,4024.2,76,5,4024.4,68,3
11483,2026-07-02 12:52:05+05:30,4023.0,2,4039.38,1245887,151911.0,167781.0,4100.0,4110.0,4012.0,4092.6,24994375,4501.8,3683.4,4440.0,3288.1,4023.0,225,7,4022.9,1,1,4022.6,101,3,4022.5,50,1,4022.3,144,4,4023.9,4,2,4024.0,36,4,4024.1,58,3,4024.2,60,4,4024.4,68,3
11483,2026-07-02 12:52:05+05:30,4023.0,2,4039.38,1245887,151911.0,167781.0,4100.0,4110.0,4012.0,4092.6,25004525,4501.8,3683.4,4440.0,3288.1,4023.0,225,7,4022.9,1,1,4022.6,101,3,4022.5,50,1,4022.3,144,4,4023.9,4,2,4024.0,36,4,4024.1,58,3,4024.2,60,4,4024.4,68,3
11483,2026-07-02 12:52:06+05:30,4023.0,2,4039.38,1245887,151911.0,167781.0,4100.0,4110.0,4012.0,4092.6,25004525,4501.8,3683.4,4440.0,3288.1,4023.0,225,7,4022.9,1,1,4022.6,101,3,4022.5,50,1,4022.3,144,4,4023.9,4,2,4024.0,36,4,4024.1,58,3,4024.2,60,4,4024.4,68,3
11483,2026-07-02 12:52:06+05:30,4023.9,2,4039.38,1245887,151911.0,167781.0,4100.0,4110.0,4012.0,4092.6,25004525,4501.8,3683.4,4440.0,3288.1,4023.0,225,7,4022.9,1,1,4022.6,101,3,4022.5,50,1,4022.3,144,4,4023.9,4,2,4024.0,36,4,4024.1,58,3,4024.2,60,4,4024.4,68,3
11483,2026-07-02 12:52:06+05:30,4023.9,2,4039.38,1245898,151926.0,167791.0,4100.0,4110.0,4012.0,4092.6,25004525,4501.8,3683.4,4440.0,3288.1,4023.0,223,8,4022.9,1,1,4022.6,101,3,4022.5,50,1,4022.3,144,4,4023.9,12,3,4024.0,36,4,4024.1,58,3,4024.2,60,4,4024.4,68,3
11483,2026-07-02 12:52:06+05:30,4023.9,2,4039.38,1245898,151926.0,167791.0,4100.0,4110.0,4012.0,4092.6,25004525,4501.8,3683.4,4440.0,3288.1,4023.0,223,8,4022.9,1,1,4022.6,101,3,4022.5,50,1,4022.3,144,4,4023.9,12,3,4024.0,36,4,4024.1,58,3,4024.2,60,4,4024.4,68,3
11483,2026-07-02 12:52:07+05:30,4023.9,2,4039.38,1245898,151926.0,167791.0,4100.0,4110.0,4012.0,4092.6,25004525,4501.8,3683.4,4440.0,3288.1,4023.0,223,8,4022.9,1,1,4022.6,101,3,4022.5,50,1,4022.3,144,4,4023.9,12,3,4024.0,36,4,4024.1,58,3,4024.2,60,4,4024.4,68,3
11483,2026-07-02 12:52:07+05:30,4023.9,4,4039.38,1245898,151926.0,167791.0,4100.0,4110.0,4012.0,4092.6,25004525,4501.8,3683.4,4440.0,3288.1,4023.0,223,8,4022.9,1,1,4022.6,101,3,4022.5,50,1,4022.3,144,4,4023.9,12,3,4024.0,36,4,4024.1,58,3,4024.2,60,4,4024.4,68,3
11483,2026-07-02 12:52:07+05:30,4023.9,4,4039.38,1245925,152092.0,167635.0,4100.0,4110.0,4012.0,4092.6,25004525,4501.8,3683.4,4440.0,3288.1,4023.0,220,8,4022.9,1,1,4022.6,101,3,4022.5,50,1,4022.3,144,4,4023.9,10,3,4024.0,37,4,4024.1,58,3,4024.2,60,4,4024.4,68,3
11483,2026-07-02 12:52:07+05:30,4023.9,4,4039.38,1245925,152092.0,167635.0,4100.0,4110.0,4012.0,4092.6,25004525,4501.8,3683.4,4440.0,3288.1,4023.0,220,8,4022.9,1,1,4022.6,101,3,4022.5,50,1,4022.3,144,4,4023.9,10,3,4024.0,37,4,4024.1,58,3,4024.2,60,4,4024.4,68,3
11483,2026-07-02 12:52:08+05:30,4023.0,2,4039.38,1245925,152092.0,167635.0,4100.0,4110.0,4012.0,4092.6,25004525,4501.8,3683.4,4440.0,3288.1,4023.0,220,8,4022.9,1,1,4022.6,101,3,4022.5,50,1,4022.3,144,4,4023.9,10,3,4024.0,37,4,4024.1,58,3,4024.2,60,4,4024.4,68,3
11483,2026-07-02 12:52:08+05:30,4023.0,2,4039.38,1245942,151959.0,167654.0,4100.0,4110.0,4012.0,4092.6,25004525,4501.8,3683.4,4440.0,3288.1,4023.0,205,8,4022.9,1,1,4022.6,101,3,4022.5,51,2,4022.3,118,3,4023.9,28,4,4024.0,37,4,4024.1,58,3,4024.2,60,4,4024.4,68,3
11483,2026-07-02 12:52:09+05:30,4023.8,1,4039.38,1245942,151959.0,167654.0,4100.0,4110.0,4012.0,4092.6,25004525,4501.8,3683.4,4440.0,3288.1,4023.0,205,8,4022.9,1,1,4022.6,101,3,4022.5,51,2,4022.3,118,3,4023.9,28,4,4024.0,37,4,4024.1,58,3,4024.2,60,4,4024.4,68,3
11483,2026-07-02 12:52:09+05:30,4023.8,1,4039.38,1245966,151797.0,167938.0,4100.0,4110.0,4012.0,4092.6,25004525,4501.8,3683.4,4440.0,3288.1,4023.0,179,7,4022.9,1,1,4022.6,101,3,4022.5,51,2,4022.3,88,2,4023.8,9,1,4023.9,159,8,4024.0,20,3,4024.1,58,3,4024.2,60,4
11483,2026-07-02 12:52:10+05:30,4023.0,2,4039.38,1245966,151797.0,167938.0,4100.0,4110.0,4012.0,4092.6,25004525,4501.8,3683.4,4440.0,3288.1,4023.0,179,7,4022.9,1,1,4022.6,101,3,4022.5,51,2,4022.3,88,2,4023.8,9,1,4023.9,159,8,4024.0,20,3,4024.1,58,3,4024.2,60,4
11483,2026-07-02 12:52:10+05:30,4023.0,2,4039.38,1245968,151761.0,167930.0,4100.0,4110.0,4012.0,4092.6,25004525,4501.8,3683.4,4440.0,3288.1,4023.0,177,7,4022.9,1,1,4022.6,101,3,4022.5,51,2,4022.3,88,2,4023.8,15,3,4023.9,141,6,4024.0,20,3,4024.1,58,3,4024.2,77,5
11483,2026-07-02 12:52:11+05:30,4023.8,6,4039.38,1245968,151761.0,167930.0,4100.0,4110.0,4012.0,4092.6,25004525,4501.8,3683.4,4440.0,3288.1,4023.0,177,7,4022.9,1,1,4022.6,101,3,4022.5,51,2,4022.3,88,2,4023.8,15,3,4023.9,141,6,4024.0,20,3,4024.1,58,3,4024.2,77,5
11483,2026-07-02 12:52:11+05:30,4023.8,6,4039.38,1245991,146303.0,167977.0,4100.0,4110.0,4012.0,4092.6,25004525,4501.8,3683.4,4440.0,3288.1,4023.0,176,7,4022.9,1,1,4022.6,101,3,4022.5,51,2,4022.3,88,2,4023.8,1,1,4023.9,146,6,4024.0,20,3,4024.1,63,4,4024.2,77,5
11483,2026-07-02 12:52:12+05:30,4023.0,1,4039.38,1245991,146303.0,167977.0,4100.0,4110.0,4012.0,4092.6,25004525,4501.8,3683.4,4440.0,3288.1,4023.0,176,7,4022.9,1,1,4022.6,101,3,4022.5,51,2,4022.3,88,2,4023.8,1,1,4023.9,146,6,4024.0,20,3,4024.1,63,4,4024.2,77,5
11483,2026-07-02 12:52:12+05:30,4023.0,1,4039.38,1246168,150983.0,168087.0,4100.0,4110.0,4012.0,4092.6,25004525,4501.8,3683.4,4440.0,3288.1,4023.0,129,4,4022.9,1,1,4022.6,101,3,4022.5,51,2,4022.3,88,2,4023.5,10,1,4023.6,35,3,4023.7,40,4,4023.8,20,2,4023.9,204,9
11483,2026-07-02 12:52:13+05:30,4023.6,10,4039.38,1246168,150983.0,168087.0,4100.0,4110.0,4012.0,4092.6,25004525,4501.8,3683.4,4440.0,3288.1,4023.0,129,4,4022.9,1,1,4022.6,101,3,4022.5,51,2,4022.3,88,2,4023.5,10,1,4023.6,35,3,4023.7,40,4,4023.8,20,2,4023.9,204,9
11483,2026-07-02 12:52:13+05:30,4023.6,10,4039.38,1246550,145249.0,168157.0,4100.0,4110.0,4012.0,4092.6,25004525,4501.8,3683.4,4440.0,3288.1,4022.6,50,1,4022.5,64,3,4022.3,26,1,4022.1,11,2,4022.0,601,9,4023.8,55,3,4023.9,233,8,4024.0,34,5,4024.1,85,4,4024.2,58,3
11483,2026-07-02 12:52:14+05:30,4023.7,2,4039.38,1246550,145249.0,168157.0,4100.0,4110.0,4012.0,4092.6,25004525,4501.8,3683.4,4440.0,3288.1,4022.6,50,1,4022.5,64,3,4022.3,26,1,4022.1,11,2,4022.0,601,9,4023.8,55,3,4023.9,233,8,4024.0,34,5,4024.1,85,4,4024.2,58,3
11483,2026-07-02 12:52:14+05:30,4023.7,2,4039.37,1246607,145126.0,168168.0,4100.0,4110.0,4012.0,4092.6,25004525,4501.8,3683.4,4440.0,3288.1,4022.6,5,1,4022.5,64,3,4022.3,26,1,4022.1,11,2,4022.0,601,9,4023.7,19,3,4023.8,50,3,4023.9,225,5,4024.0,34,5,4024.1,85,4
11483,2026-07-02 12:52:15+05:30,4023.5,72,4039.37,1246708,145578.0,167806.0,4100.0,4110.0,4012.0,4092.6,25004525,4501.8,3683.4,4440.0,3288.1,4023.0,1,1,4022.6,50,1,4022.5,64,3,4022.3,26,1,4022.1,29,3,4023.5,6,1,4023.7,4,3,4023.9,179,3,4024.0,29,4,4024.1,48,2
11483,2026-07-02 12:52:15+05:30,4023.0,1,4039.37,1246708,145578.0,167806.0,4100.0,4110.0,4012.0,4092.6,25004525,4501.8,3683.4,4440.0,3288.1,4023.0,1,1,4022.6,50,1,4022.5,64,3,4022.3,26,1,4022.1,29,3,4023.5,6,1,4023.7,4,3,4023.9,179,3,4024.0,29,4,4024.1,48,2
11483,2026-07-02 12:52:16+05:30,4023.0,3,4039.37,1246708,145578.0,167806.0,4100.0,4110.0,4012.0,4092.6,25004525,4501.8,3683.4,4440.0,3288.1,4023.0,1,1,4022.6,50,1,4022.5,64,3,4022.3,26,1,4022.1,29,3,4023.5,6,1,4023.7,4,3,4023.9,179,3,4024.0,29,4,4024.1,48,2
11483,2026-07-02 12:52:16+05:30,4023.0,3,4039.37,1246716,145863.0,167731.0,4100.0,4110.0,4012.0,4092.6,25004525,4501.8,3683.4,4440.0,3288.1,4022.6,50,1,4022.5,64,3,4022.4,18,1,4022.3,66,3,4022.2,11,1,4023.0,2,1,4023.5,8,2,4023.7,4,3,4023.9,195,4,4024.0,29,4
11483,2026-07-02 12:52:17+05:30,4025.0,22,4039.37,1246716,145863.0,167731.0,4100.0,4110.0,4012.0,4092.6,25004525,4501.8,3683.4,4440.0,3288.1,4022.6,50,1,4022.5,64,3,4022.4,18,1,4022.3,66,3,4022.2,11,1,4023.0,2,1,4023.5,8,2,4023.7,4,3,4023.9,195,4,4024.0,29,4
11483,2026-07-02 12:52:17+05:30,4025.0,22,4039.36,1247739,145888.0,167767.0,4100.0,4110.0,4012.0,4092.6,25004525,4501.8,3683.4,4440.0,3288.1,4022.6,62,2,4022.5,51,2,4022.3,39,3,4022.2,11,1,4022.1,31,3,4023.5,1,1,4023.7,25,1,4024.0,26,4,4024.1,110,5,4024.2,19,2
11483,2026-07-02 12:52:18+05:30,4022.6,5,4039.36,1248167,145834.0,167537.0,4100.0,4110.0,4012.0,4092.6,25004525,4501.8,3683.4,4440.0,3288.1,4022.6,90,5,4022.5,93,4,4022.4,23,1,4022.3,55,4,4022.2,11,1,4023.5,21,1,4024.0,22,3,4024.1,50,3,4024.2,49,3,4024.5,92,5
11483,2026-07-02 12:52:18+05:30,4022.6,6,4039.36,1248167,145834.0,167537.0,4100.0,4110.0,4012.0,4092.6,25004525,4501.8,3683.4,4440.0,3288.1,4022.6,90,5,4022.5,93,4,4022.4,23,1,4022.3,55,4,4022.2,11,1,4023.5,21,1,4024.0,22,3,4024.1,50,3,4024.2,49,3,4024.5,92,5
11483,2026-07-02 12:52:19+05:30,4022.6,6,4039.35,1248218,145922.0,167632.0,4100.0,4110.0,4012.0,4092.6,25004525,4501.8,3683.4,4440.0,3288.1,4023.2,1,1,4022.6,105,7,4022.5,93,4,4022.4,29,2,4022.3,80,4,4023.5,21,1,4024.5,63,4,4024.6,57,3,4024.7,56,3,4024.8,65,5
11483,2026-07-02 12:52:19+05:30,4023.5,3,4039.35,1248218,145922.0,167632.0,4100.0,4110.0,4012.0,4092.6,25004525,4501.8,3683.4,4440.0,3288.1,4023.2,1,1,4022.6,105,7,4022.5,93,4,4022.4,29,2,4022.3,80,4,4023.5,21,1,4024.5,63,4,4024.6,57,3,4024.7,56,3,4024.8,65,5
11483,2026-07-02 12:52:20+05:30,4024.9,5,4039.35,1248218,145922.0,167632.0,4100.0,4110.0,4012.0,4092.6,25004525,4501.8,3683.4,4440.0,3288.1,4023.2,1,1,4022.6,105,7,4022.5,93,4,4022.4,29,2,4022.3,80,4,4023.5,21,1,4024.5,63,4,4024.6,57,3,4024.7,56,3,4024.8,65,5
11483,2026-07-02 12:52:20+05:30,4024.9,5,4039.35,1248455,146607.0,166703.0,4100.0,4110.0,4012.0,4092.6,25004525,4501.8,3683.4,4440.0,3288.1,4023.6,3,1,4023.5,28,3,4023.4,9,2,4023.3,3,1,4023.2,55,3,4024.9,19,1,4025.0,58,2,4025.1,4,1,4025.2,100,1,4025.4,39,2
11483,2026-07-02 12:52:21+05:30,4023.6,17,4039.35,1248455,146607.0,166703.0,4100.0,4110.0,4012.0,4092.6,25004525,4501.8,3683.4,4440.0,3288.1,4023.6,3,1,4023.5,28,3,4023.4,9,2,4023.3,3,1,4023.2,55,3,4024.9,19,1,4025.0,58,2,4025.1,4,1,4025.2,100,1,4025.4,39,2
11483,2026-07-02 12:52:21+05:30,4023.6,17,4039.35,1248484,146734.0,166709.0,4100.0,4110.0,4012.0,4092.6,25004525,4501.8,3683.4,4440.0,3288.1,4023.6,52,4,4023.5,5,1,4023.4,11,2,4023.3,77,4,4023.2,55,3,4025.0,26,1,4025.2,100,1,4025.3,4,1,4025.4,70,3,4025.5,24,1
11483,2026-07-02 12:52:22+05:30,4023.6,3,4039.35,1248484,146734.0,166709.0,4100.0,4110.0,4012.0,4092.6,25004525,4501.8,3683.4,4440.0,3288.1,4023.6,52,4,4023.5,5,1,4023.4,11,2,4023.3,77,4,4023.2,55,3,4025.0,26,1,4025.2,100,1,4025.3,4,1,4025.4,70,3,4025.5,24,1
11483,2026-07-02 12:52:22+05:30,4023.6,3,4039.35,1248487,146765.0,166730.0,4100.0,4110.0,4012.0,4092.6,25004525,4501.8,3683.4,4440.0,3288.1,4023.6,34,3,4023.5,16,2,4023.4,11,2,4023.3,77,4,4023.2,55,3,4025.0,28,2,4025.2,100,1,4025.3,35,2,4025.4,39,2,4025.5,24,1
11483,2026-07-02 12:52:23+05:30,4025.0,1,4039.35,1248487,146765.0,166730.0,4100.0,4110.0,4012.0,4092.6,25004525,4501.8,3683.4,4440.0,3288.1,4023.6,34,3,4023.5,16,2,4023.4,11,2,4023.3,77,4,4023.2,55,3,4025.0,28,2,4025.2,100,1,4025.3,35,2,4025.4,39,2,4025.5,24,1
11483,2026-07-02 12:52:23+05:30,4025.0,1,4039.35,1248496,146730.0,166739.0,4100.0,4110.0,4012.0,4092.6,25004525,4501.8,3683.4,4440.0,3288.1,4023.6,21,2,4023.5,11,1,4023.4,11,2,4023.3,77,4,4023.2,54,2,4025.0,20,2,4025.2,116,2,4025.3,31,1,4025.4,39,2,4025.5,29,2
11483,2026-07-02 12:52:24+05:30,4024.9,2,4039.35,1248496,146730.0,166739.0,4100.0,4110.0,4012.0,4092.6,25004525,4501.8,3683.4,4440.0,3288.1,4023.6,21,2,4023.5,11,1,4023.4,11,2,4023.3,77,4,4023.2,54,2,4025.0,20,2,4025.2,116,2,4025.3,31,1,4025.4,39,2,4025.5,29,2
11483,2026-07-02 12:52:24+05:30,4024.9,2,4039.35,1248502,146900.0,166823.0,4100.0,4110.0,4012.0,4092.6,25004525,4501.8,3683.4,4440.0,3288.1,4023.6,41,3,4023.5,42,2,4023.4,11,2,4023.3,77,4,4023.2,54,2,4025.0,19,2,4025.2,105,2,4025.4,85,4,4025.5,45,2,4025.7,60,4
11483,2026-07-02 12:52:25+05:30,4023.7,4,4039.35,1248502,146900.0,166823.0,4100.0,4110.0,4012.0,4092.6,25004525,4501.8,3683.4,4440.0,3288.1,4023.6,41,3,4023.5,42,2,4023.4,11,2,4023.3,77,4,4023.2,54,2,4025.0,19,2,4025.2,105,2,4025.4,85,4,4025.5,45,2,4025.7,60,4
11483,2026-07-02 12:52:25+05:30,4023.7,4,4039.35,1248682,144512.0,166840.0,4100.0,4110.0,4012.0,4092.6,25004525,4501.8,3683.4,4440.0,3288.1,4023.1,66,6,4023.0,32,4,4022.9,19,3,4022.8,23,4,4022.7,157,7,4023.7,172,2,4024.8,12,1,4025.0,35,4,4025.1,17,2,4025.2,110,3
11483,2026-07-02 12:52:26+05:30,4023.7,7,4039.35,1248682,144512.0,166840.0,4100.0,4110.0,4012.0,4092.6,25004525,4501.8,3683.4,4440.0,3288.1,4023.1,66,6,4023.0,32,4,4022.9,19,3,4022.8,23,4,4022.7,157,7,4023.7,172,2,4024.8,12,1,4025.0,35,4,4025.1,17,2,4025.2,110,3
11483,2026-07-02 12:52:26+05:30,4023.7,7,4039.35,1248885,145075.0,166743.0,4100.0,4110.0,4012.0,4092.6,25004525,4501.8,3683.4,4440.0,3288.1,4023.1,25,3,4023.0,33,4,4022.9,24,4,4022.8,25,5,4022.7,157,7,4023.7,165,2,4024.8,12,1,4024.9,5,1,4025.0,35,4,4025.1,12,1
11483,2026-07-02 12:52:27+05:30,4024.9,21,4039.35,1248885,145075.0,166743.0,4100.0,4110.0,4012.0,4092.6,25004525,4501.8,3683.4,4440.0,3288.1,4023.1,25,3,4023.0,33,4,4022.9,24,4,4022.8,25,5,4022.7,157,7,4023.7,165,2,4024.8,12,1,4024.9,5,1,4025.0,35,4,4025.1,12,1
11483,2026-07-02 12:52:27+05:30,4024.9,21,4039.34,1249110,145167.0,166331.0,4100.0,4110.0,4012.0,4092.6,25004525,4501.8,3683.4,4440.0,3288.1,4023.3,23,3,4023.2,41,3,4023.1,24,3,4023.0,61,5,4022.9,70,5,4024.9,42,3,4025.0,69,3,4025.1,33,2,4025.2,110,3,4025.4,39,2
11483,2026-07-02 12:52:28+05:30,4023.3,1,4039.34,1249110,145167.0,166331.0,4100.0,4110.0,4012.0,4092.6,25004525,4501.8,3683.4,4440.0,3288.1,4023.3,23,3,4023.2,41,3,4023.1,24,3,4023.0,61,5,4022.9,70,5,4024.9,42,3,4025.0,69,3,4025.1,33,2,4025.2,110,3,4025.4,39,2
11483,2026-07-02 12:52:28+05:30,4023.3,1,4039.34,1249137,145348.0,166657.0,4100.0,4110.0,4012.0,4092.6,25004525,4501.8,3683.4,4440.0,3288.1,4024.0,25,1,4023.4,31,1,4023.3,67,6,4023.2,10,2,4023.1,6,2,4024.9,23,2,4025.0,69,3,4025.2,126,3,4025.4,39,2,4025.5,24,1
11483,2026-07-02 12:52:29+05:30,4024.9,8,4039.34,1249137,145348.0,166657.0,4100.0,4110.0,4012.0,4092.6,25004525,4501.8,3683.4,4440.0,3288.1,4024.0,25,1,4023.4,31,1,4023.3,67,6,4023.2,10,2,4023.1,6,2,4024.9,23,2,4025.0,69,3,4025.2,126,3,4025.4,39,2,4025.5,24,1
11483,2026-07-02 12:52:29+05:30,4024.9,8,4039.34,1249153,145386.0,166667.0,4100.0,4110.0,4012.0,4092.6,25004525,4501.8,3683.4,4440.0,3288.1,4024.0,22,1,4023.4,31,1,4023.3,67,6,4023.2,10,2,4023.1,6,2,4024.9,12,3,4025.0,67,2,4025.2,126,3,4025.4,39,2,4025.5,24,1
11483,2026-07-02 12:52:30+05:30,4024.0,2,4039.34,1249153,145386.0,166667.0,4100.0,4110.0,4012.0,4092.6,25004525,4501.8,3683.4,4440.0,3288.1,4024.0,22,1,4023.4,31,1,4023.3,67,6,4023.2,10,2,4023.1,6,2,4024.9,12,3,4025.0,67,2,4025.2,126,3,4025.4,39,2,4025.5,24,1
11483,2026-07-02 12:52:30+05:30,4024.0,2,4039.34,1249155,145386.0,166623.0,4100.0,4110.0,4012.0,4092.6,25004525,4501.8,3683.4,4440.0,3288.1,4024.0,20,1,4023.4,31,1,4023.3,67,6,4023.2,10,2,4023.1,6,2,4024.9,12,3,4025.0,67,2,4025.2,126,3,4025.4,39,2,4025.5,24,1
11483,2026-07-02 12:52:31+05:30,4024.0,2,4039.34,1249155,145615.0,166742.0,4100.0,4110.0,4012.0,4092.6,25004525,4501.8,3683.4,4440.0,3288.1,4024.5,2,2,4024.0,36,2,4023.4,31,1,4023.3,67,6,4023.2,10,2,4024.9,7,2,4025.0,70,3,4025.2,105,2,4025.4,26,1,4025.5,24,1
11483,2026-07-02 12:52:32+05:30,4024.5,1,4039.34,1249155,145615.0,166742.0,4100.0,4110.0,4012.0,4092.6,25004525,4501.8,3683.4,4440.0,3288.1,4024.5,2,2,4024.0,36,2,4023.4,31,1,4023.3,67,6,4023.2,10,2,4024.9,7,2,4025.0,70,3,4025.2,105,2,4025.4,26,1,4025.5,24,1
11483,2026-07-02 12:52:32+05:30,4024.5,1,4039.34,1249157,145574.0,166759.0,4100.0,4110.0,4012.0,4092.6,25004525,4501.8,3683.4,4440.0,3288.1,4024.5,2,2,4024.0,36,2,4023.4,31,1,4023.3,97,7,4023.2,10,2,4024.9,6,2,4025.0,70,3,4025.2,105,2,4025.4,26,1,4025.5,24,1
11483,2026-07-02 12:52:33+05:30,4024.1,3,4039.34,1249157,145574.0,166759.0,4100.0,4110.0,4012.0,4092.6,25004525,4501.8,3683.4,4440.0,3288.1,4024.5,2,2,4024.0,36,2,4023.4,31,1,4023.3,97,7,4023.2,10,2,4024.9,6,2,4025.0,70,3,4025.2,105,2,4025.4,26,1,4025.5,24,1
11483,2026-07-02 12:52:33+05:30,4024.1,3,4039.34,1249165,145048.0,166766.0,4100.0,4110.0,4012.0,4092.6,25004525,4501.8,3683.4,4440.0,3288.1,4024.0,36,2,4023.3,32,2,4023.0,12,2,4022.9,4,2,4022.8,80,4,4024.1,167,1,4024.9,9,3,4025.0,70,3,4025.1,78,4,4025.2,105,2
11483,2026-07-02 12:52:34+05:30,4024.0,1,4039.34,1249165,145048.0,166766.0,4100.0,4110.0,4012.0,4092.6,25004525,4501.8,3683.4,4440.0,3288.1,4024.0,36,2,4023.3,32,2,4023.0,12,2,4022.9,4,2,4022.8,80,4,4024.1,167,1,4024.9,9,3,4025.0,70,3,4025.1,78,4,4025.2,105,2
11483,2026-07-02 12:52:34+05:30,4024.0,1,4039.34,1249166,145186.0,166684.0,4100.0,4110.0,4012.0,4092.6,25004525,4501.8,3683.4,4440.0,3288.1,4024.0,35,2,4023.3,32,2,4023.0,42,3,4022.9,4,2,4022.8,80,4,4024.1,183,3,4024.9,53,2,4025.0,20,2,4025.1,78,4,4025.2,105,2
11483,2026-07-02 12:52:35+05:30,4024.0,1,4039.34,1249166,145185.0,166689.0,4100.0,4110.0,4012.0,4092.6,25004525,4501.8,3683.4,4440.0,3288.1,4024.0,35,2,4023.3,32,2,4023.0,42,3,4022.9,4,2,4022.8,30,3,4024.1,185,4,4024.9,53,2,4025.0,20,2,4025.1,78,4,4025.2,123,3
11483,2026-07-02 12:52:36+05:30,4024.0,27,4039.34,1249166,145185.0,166689.0,4100.0,4110.0,4012.0,4092.6,25004525,4501.8,3683.4,4440.0,3288.1,4024.0,35,2,4023.3,32,2,4023.0,42,3,4022.9,4,2,4022.8,30,3,4024.1,185,4,4024.9,53,2,4025.0,20,2,4025.1,78,4,4025.2,123,3
11483,2026-07-02 12:52:36+05:30,4024.0,27,4039.34,1249212,145113.0,166843.0,4100.0,4110.0,4012.0,4092.6,25004525,4501.8,3683.4,4440.0,3288.1,4024.0,9,1,4023.3,32,2,4023.0,13,3,4022.9,1,1,4022.8,7,1,4024.1,227,5,4024.2,42,1,4024.4,42,1,4024.6,42,1,4024.7,15,1
11483,2026-07-02 12:52:37+05:30,4024.0,15,4039.34,1249212,145113.0,166843.0,4100.0,4110.0,4012.0,4092.6,25004525,4501.8,3683.4,4440.0,3288.1,4024.0,9,1,4023.3,32,2,4023.0,13,3,4022.9,1,1,4022.8,7,1,4024.1,227,5,4024.2,42,1,4024.4,42,1,4024.6,42,1,4024.7,15,1
11483,2026-07-02 12:52:37+05:30,4024.0,15,4039.34,1249237,145143.0,166990.0,4100.0,4110.0,4012.0,4092.6,25004525,4501.8,3683.4,4440.0,3288.1,4023.7,5,1,4023.3,32,2,4023.0,3,2,4022.9,1,1,4022.8,7,1,4024.0,63,1,4024.1,226,5,4024.2,42,1,4024.4,57,2,4024.5,20,1
11483,2026-07-02 12:52:38+05:30,4023.8,1,4039.34,1249237,145143.0,166990.0,4100.0,4110.0,4012.0,4092.6,25004525,4501.8,3683.4,4440.0,3288.1,4023.7,5,1,4023.3,32,2,4023.0,3,2,4022.9,1,1,4022.8,7,1,4024.0,63,1,4024.1,226,5,4024.2,42,1,4024.4,57,2,4024.5,20,1
11483,2026-07-02 12:52:38+05:30,4023.8,1,4039.34,1249241,145162.0,167021.0,4100.0,4110.0,4012.0,4092.6,25004525,4501.8,3683.4,4440.0,3288.1,4023.7,2,1,4023.3,32,2,4023.0,3,2,4022.7,14,1,4022.6,65,3,4023.8,62,1,4023.9,42,1,4024.0,62,4,4024.1,182,3,4024.2,57,2
11483,2026-07-02 12:52:39+05:30,4023.7,2,4039.34,1249245,145148.0,167036.0,4100.0,4110.0,4012.0,4092.6,25004525,4501.8,3683.4,4440.0,3288.1,4023.3,21,1,4023.0,3,2,4022.6,85,3,4022.5,62,3,4022.4,24,2,4023.7,58,1,4023.8,50,3,4023.9,42,1,4024.0,5,2,4024.1,208,2
11483,2026-07-02 12:52:39+05:30,4023.3,1,4039.34,1249245,145148.0,167036.0,4100.0,4110.0,4012.0,4092.6,25004525,4501.8,3683.4,4440.0,3288.1,4023.3,21,1,4023.0,3,2,4022.6,85,3,4022.5,62,3,4022.4,24,2,4023.7,58,1,4023.8,50,3,4023.9,42,1,4024.0,5,2,4024.1,208,2
11483,2026-07-02 12:52:40+05:30,4023.7,1,4039.34,1249247,145134.0,167455.0,4100.0,4110.0,4012.0,4092.6,25004525,4501.8,3683.4,4440.0,3288.1,4023.3,20,1,4023.0,3,2,4022.6,85,3,4022.5,62,3,4022.4,24,2,4023.4,57,1,4023.5,42,1,4023.6,42,1,4023.7,2,1,4023.8,50,3
11483,2026-07-02 12:52:40+05:30,4023.7,1,4039.34,1249247,145134.0,167455.0,4100.0,4110.0,4012.0,4092.6,25004525,4501.8,3683.4,4440.0,3288.1,4023.3,20,1,4023.0,3,2,4022.6,85,3,4022.5,62,3,4022.4,24,2,4023.4,57,1,4023.5,42,1,4023.6,42,1,4023.7,2,1,4023.8,50,3
11483,2026-07-02 12:52:41+05:30,4023.7,1,4039.34,1249247,145241.0,167411.0,4100.0,4110.0,4012.0,4092.6,25004525,4501.8,3683.4,4440.0,3288.1,4023.3,20,1,4023.0,3,2,4022.6,85,3,4022.5,62,3,4022.4,24,2,4023.4,43,2,4023.5,42,1,4023.7,44,2,4023.8,8,2,4023.9,62,2
11483,2026-07-02 12:52:42+05:30,4022.6,2,4039.34,1249287,144755.0,167588.0,4100.0,4110.0,4012.0,4092.6,25004525,4501.8,3683.4,4440.0,3288.1,4022.6,67,3,4022.5,51,2,4022.4,11,1,4022.3,56,2,4022.1,13,3,4023.3,22,1,4023.4,45,3,4023.5,42,1,4023.6,4,1,4023.7,42,1
11483,2026-07-02 12:52:42+05:30,4022.6,2,4039.34,1249287,144755.0,167588.0,4100.0,4110.0,4012.0,4092.6,25004525,4501.8,3683.4,4440.0,3288.1,4022.6,67,3,4022.5,51,2,4022.4,11,1,4022.3,56,2,4022.1,13,3,4023.3,22,1,4023.4,45,3,4023.5,42,1,4023.6,4,1,4023.7,42,1
11483,2026-07-02 12:52:43+05:30,4022.6,2,4039.34,1249292,145262.0,167520.0,4100.0,4110.0,4012.0,4092.6,25004525,4501.8,3683.4,4440.0,3288.1,4023.0,26,1,4022.7,30,2,4022.6,102,4,4022.5,51,2,4022.4,45,3,4023.4,3,2,4023.8,8,2,4023.9,4,1,4024.0,3,1,4024.1,166,1
11483,2026-07-02 12:52:44+05:30,4023.0,1,4039.34,1249293,145138.0,167362.0,4100.0,4110.0,4012.0,4092.6,25004525,4501.8,3683.4,4440.0,3288.1,4023.3,28,1,4023.2,42,1,4023.1,42,1,4023.0,25,1,4022.9,42,1,4023.4,9,3,4023.8,3,1,4023.9,4,1,4024.0,3,1,4024.1,168,2
11483,2026-07-02 12:52:44+05:30,4023.0,1,4039.34,1249293,145138.0,167362.0,4100.0,4110.0,4012.0,4092.6,25004525,4501.8,3683.4,4440.0,3288.1,4023.3,28,1,4023.2,42,1,4023.1,42,1,4023.0,25,1,4022.9,42,1,4023.4,9,3,4023.8,3,1,4023.9,4,1,4024.0,3,1,4024.1,168,2
11483,2026-07-02 12:52:45+05:30,4023.0,1,4039.34,1249293,145065.0,167400.0,4100.0,4110.0,4012.0,4092.6,25004525,4501.8,3683.4,4440.0,3288.1,4023.3,42,1,4023.2,42,1,4023.0,67,2,4022.8,42,1,4022.6,92,3,4023.4,9,3,4023.8,3,1,4023.9,1,1,4024.0,3,1,4024.1,168,2
11483,2026-07-02 12:52:46+05:30,4023.4,7,4039.34,1249334,144972.0,167551.0,4100.0,4110.0,4012.0,4092.6,25004525,4501.8,3683.4,4440.0,3288.1,4023.3,42,1,4023.2,42,1,4023.1,24,2,4023.0,67,2,4022.9,33,2,4023.4,4,1,4023.8,3,1,4023.9,1,1,4024.0,3,1,4024.1,168,2
11483,2026-07-02 12:52:46+05:30,4023.3,5,4039.34,1249334,144972.0,167551.0,4100.0,4110.0,4012.0,4092.6,25004525,4501.8,3683.4,4440.0,3288.1,4023.3,42,1,4023.2,42,1,4023.1,24,2,4023.0,67,2,4022.9,33,2,4023.4,4,1,4023.8,3,1,4023.9,1,1,4024.0,3,1,4024.1,168,2
11483,2026-07-02 12:52:47+05:30,4023.4,4,4039.34,1249343,145079.0,167243.0,4100.0,4110.0,4012.0,4092.6,25004525,4501.8,3683.4,4440.0,3288.1,4023.4,72,1,4023.3,44,2,4023.2,62,2,4023.1,4,1,4023.0,67,2,4023.8,3,1,4023.9,1,1,4024.0,3,1,4024.1,166,1,4024.2,15,1
11483,2026-07-02 12:52:47+05:30,4023.4,1,4039.34,1249343,145079.0,167243.0,4100.0,4110.0,4012.0,4092.6,25004525,4501.8,3683.4,4440.0,3288.1,4023.4,72,1,4023.3,44,2,4023.2,62,2,4023.1,4,1,4023.0,67,2,4023.8,3,1,4023.9,1,1,4024.0,3,1,4024.1,166,1,4024.2,15,1
11483,2026-07-02 12:52:48+05:30,4023.2,9,4039.34,1249510,145077.0,167133.0,4100.0,4110.0,4012.0,4092.6,25004525,4501.8,3683.4,4440.0,3288.1,4023.5,2,1,4023.4,10,1,4023.1,42,1,4023.0,40,2,4022.9,72,2,4023.8,8,2,4023.9,1,1,4024.0,3,1,4024.2,15,1,4024.4,18,1
11483,2026-07-02 12:52:48+05:30,4023.5,2,4039.34,1249510,145077.0,167133.0,4100.0,4110.0,4012.0,4092.6,25004525,4501.8,3683.4,4440.0,3288.1,4023.5,2,1,4023.4,10,1,4023.1,42,1,4023.0,40,2,4022.9,72,2,4023.8,8,2,4023.9,1,1,4024.0,3,1,4024.2,15,1,4024.4,18,1
11483,2026-07-02 12:52:49+05:30,4023.5,18,4039.34,1249531,145240.0,167161.0,4100.0,4110.0,4012.0,4092.6,25004525,4501.8,3683.4,4440.0,3288.1,4023.5,63,1,4023.4,52,2,4023.3,42,1,4023.1,62,2,4023.0,51,3,4023.8,8,2,4023.9,1,1,4024.0,3,1,4024.2,15,1,4024.4,18,1
11483,2026-07-02 12:52:49+05:30,4023.5,2,4039.34,1249531,145240.0,167161.0,4100.0,4110.0,4012.0,4092.6,25004525,4501.8,3683.4,4440.0,3288.1,4023.5,63,1,4023.4,52,2,4023.3,42,1,4023.1,62,2,4023.0,51,3,4023.8,8,2,4023.9,1,1,4024.0,3,1,4024.2,15,1,4024.4,18,1
11483,2026-07-02 12:52:50+05:30,4023.8,1,4039.34,1249531,145240.0,167161.0,4100.0,4110.0,4012.0,4092.6,25004525,4501.8,3683.4,4440.0,3288.1,4023.5,63,1,4023.4,52,2,4023.3,42,1,4023.1,62,2,4023.0,51,3,4023.8,8,2,4023.9,1,1,4024.0,3,1,4024.2,15,1,4024.4,18,1
11483,2026-07-02 12:52:50+05:30,4023.8,1,4039.34,1249548,150733.0,167168.0,4100.0,4110.0,4012.0,4092.6,25004525,4501.8,3683.4,4440.0,3288.1,4023.6,42,1,4023.5,42,1,4023.4,24,2,4023.3,42,1,4023.1,62,2,4023.8,7,2,4023.9,1,1,4024.0,3,1,4024.2,15,1,4024.4,18,1
11483,2026-07-02 12:52:51+05:30,4023.8,11,4039.34,1249548,150733.0,167168.0,4100.0,4110.0,4012.0,4092.6,25004525,4501.8,3683.4,4440.0,3288.1,4023.6,42,1,4023.5,42,1,4023.4,24,2,4023.3,42,1,4023.1,62,2,4023.8,7,2,4023.9,1,1,4024.0,3,1,4024.2,15,1,4024.4,18,1
11483,2026-07-02 12:52:51+05:30,4023.8,11,4039.34,1249606,151151.0,167084.0,4100.0,4110.0,4012.0,4092.6,25004525,4501.8,3683.4,4440.0,3288.1,4023.8,81,1,4023.6,115,4,4023.5,6,1,4023.4,63,4,4023.3,28,2,4023.9,1,1,4024.0,3,1,4024.2,15,1,4024.4,18,1,4024.6,18,1
11483,2026-07-02 12:52:52+05:30,4023.8,7,4039.34,1249606,151151.0,167084.0,4100.0,4110.0,4012.0,4092.6,25004525,4501.8,3683.4,4440.0,3288.1,4023.8,81,1,4023.6,115,4,4023.5,6,1,4023.4,63,4,4023.3,28,2,4023.9,1,1,4024.0,3,1,4024.2,15,1,4024.4,18,1,4024.6,18,1
11483,2026-07-02 12:52:52+05:30,4023.8,7,4039.34,1249613,151132.0,167040.0,4100.0,4110.0,4012.0,4092.6,25004525,4501.8,3683.4,4440.0,3288.1,4023.7,42,1,4023.6,92,4,4023.5,48,2,4023.4,21,3,4023.3,70,3,4023.9,1,1,4024.0,3,1,4024.2,15,1,4024.4,18,1,4024.6,18,1
11483,2026-07-02 12:52:53+05:30,4023.9,23,4039.34,1249613,151132.0,167040.0,4100.0,4110.0,4012.0,4092.6,25004525,4501.8,3683.4,4440.0,3288.1,4023.7,42,1,4023.6,92,4,4023.5,48,2,4023.4,21,3,4023.3,70,3,4023.9,1,1,4024.0,3,1,4024.2,15,1,4024.4,18,1,4024.6,18,1
11483,2026-07-02 12:52:53+05:30,4023.9,1,4039.34,1249639,151108.0,167004.0,4100.0,4110.0,4012.0,4092.6,25004525,4501.8,3683.4,4440.0,3288.1,4023.9,48,1,4023.7,41,1,4023.6,74,3,4023.5,42,1,4023.4,20,2,4024.0,3,1,4024.2,15,1,4024.4,18,1,4024.6,18,1,4024.7,11,1
11483,2026-07-02 12:52:54+05:30,4024.0,1,4039.34,1249639,151108.0,167004.0,4100.0,4110.0,4012.0,4092.6,25004525,4501.8,3683.4,4440.0,3288.1,4023.9,48,1,4023.7,41,1,4023.6,74,3,4023.5,42,1,4023.4,20,2,4024.0,3,1,4024.2,15,1,4024.4,18,1,4024.6,18,1,4024.7,11,1
11483,2026-07-02 12:52:54+05:30,4024.0,1,4039.34,1249643,145339.0,167010.0,4100.0,4110.0,4012.0,4092.6,25004525,4501.8,3683.4,4440.0,3288.1,4023.6,19,1,4023.4,10,1,4023.0,40,2,4022.9,44,3,4022.8,65,3,4024.0,3,2,4024.2,15,1,4024.6,18,1,4024.7,11,1,4024.8,27,2
11483,2026-07-02 12:52:55+05:30,4024.0,1,4039.34,1249644,150781.0,167008.0,4100.0,4110.0,4012.0,4092.6,25004525,4501.8,3683.4,4440.0,3288.1,4023.7,8,1,4023.6,19,1,4023.4,10,1,4023.2,11,1,4023.0,60,3,4024.0,2,2,4024.2,15,1,4024.5,2,1,4024.7,11,1,4024.8,27,2
11483,2026-07-02 12:52:56+05:30,4023.7,1,4039.34,1249644,150781.0,167008.0,4100.0,4110.0,4012.0,4092.6,25004525,4501.8,3683.4,4440.0,3288.1,4023.7,8,1,4023.6,19,1,4023.4,10,1,4023.2,11,1,4023.0,60,3,4024.0,2,2,4024.2,15,1,4024.5,2,1,4024.7,11,1,4024.8,27,2
11483,2026-07-02 12:52:56+05:30,4023.7,1,4039.34,1249645,150853.0,167011.0,4100.0,4110.0,4012.0,4092.6,25004525,4501.8,3683.4,4440.0,3288.1,4023.7,7,1,4023.6,19,1,4023.4,10,1,4023.2,11,1,4023.0,60,3,4024.0,2,2,4024.2,15,1,4024.5,2,1,4024.7,11,1,4024.8,27,2
11483,2026-07-02 12:52:57+05:30,4023.0,17,4039.34,1249645,150853.0,167011.0,4100.0,4110.0,4012.0,4092.6,25004525,4501.8,3683.4,4440.0,3288.1,4023.7,7,1,4023.6,19,1,4023.4,10,1,4023.2,11,1,4023.0,60,3,4024.0,2,2,4024.2,15,1,4024.5,2,1,4024.7,11,1,4024.8,27,2
11483,2026-07-02 12:52:57+05:30,4023.0,17,4039.33,1249847,145418.0,167063.0,4100.0,4110.0,4012.0,4092.6,25004525,4501.8,3683.4,4440.0,3288.1,4023.3,2,1,4023.0,53,4,4022.9,22,2,4022.8,50,1,4022.7,87,3,4024.0,2,2,4024.2,15,1,4024.5,2,1,4024.7,11,1,4024.8,27,2
11483,2026-07-02 12:52:58+05:30,4023.3,2,4039.33,1249847,145418.0,167063.0,4100.0,4110.0,4012.0,4092.6,25004525,4501.8,3683.4,4440.0,3288.1,4023.3,2,1,4023.0,53,4,4022.9,22,2,4022.8,50,1,4022.7,87,3,4024.0,2,2,4024.2,15,1,4024.5,2,1,4024.7,11,1,4024.8,27,2
11483,2026-07-02 12:52:58+05:30,4023.3,2,4039.33,1249849,145570.0,166943.0,4100.0,4110.0,4012.0,4092.6,25004525,4501.8,3683.4,4440.0,3288.1,4023.1,1,1,4023.0,70,4,4022.9,22,2,4022.8,50,1,4022.7,87,3,4023.3,4,2,4024.0,2,2,4024.2,15,1,4024.5,2,1,4024.7,40,2
11483,2026-07-02 12:52:59+05:30,4023.3,1,4039.33,1249849,145570.0,166943.0,4100.0,4110.0,4012.0,4092.6,25004525,4501.8,3683.4,4440.0,3288.1,4023.1,1,1,4023.0,70,4,4022.9,22,2,4022.8,50,1,4022.7,87,3,4023.3,4,2,4024.0,2,2,4024.2,15,1,4024.5,2,1,4024.7,40,2
11483,2026-07-02 12:52:59+05:30,4023.3,1,4039.33,1249857,145525.0,167290.0,4100.0,4110.0,4012.0,4092.6,25004525,4501.8,3683.4,4440.0,3288.1,4023.1,1,1,4023.0,70,4,4022.9,22,2,4022.8,50,1,4022.7,87,3,4023.3,5,2,4024.0,2,2,4024.2,15,1,4024.5,2,1,4024.7,12,2
11483,2026-07-02 12:53:00+05:30,4023.3,3,4039.33,1249857,145525.0,167290.0,4100.0,4110.0,4012.0,4092.6,25004525,4501.8,3683.4,4440.0,3288.1,4023.1,1,1,4023.0,70,4,4022.9,22,2,4022.8,50,1,4022.7,87,3,4023.3,5,2,4024.0,2,2,4024.2,15,1,4024.5,2,1,4024.7,12,2
11483,2026-07-02 12:53:00+05:30,4023.3,3,4039.33,1249863,145599.0,167294.0,4100.0,4110.0,4012.0,4092.6,25004525,4501.8,3683.4,4440.0,3288.1,4023.0,39,2,4022.9,22,2,4022.8,50,1,4022.7,50,1,4022.6,78,2,4023.3,8,4,4024.0,1,1,4024.2,15,1,4024.5,2,1,4024.7,12,2
11483,2026-07-02 12:53:01+05:30,4023.0,9,4039.33,1249863,145599.0,167294.0,4100.0,4110.0,4012.0,4092.6,25004525,4501.8,3683.4,4440.0,3288.1,4023.0,39,2,4022.9,22,2,4022.8,50,1,4022.7,50,1,4022.6,78,2,4023.3,8,4,4024.0,1,1,4024.2,15,1,4024.5,2,1,4024.7,12,2
11483,2026-07-02 12:53:01+05:30,4023.0,9,4039.33,1249881,145558.0,167525.0,4100.0,4110.0,4012.0,4092.6,25004525,4501.8,3683.4,4440.0,3288.1,4023.0,29,2,4022.9,2,1,4022.7,78,3,4022.6,78,2,4022.5,69,3,4023.3,6,2,4024.0,1,1,4024.2,15,1,4024.5,2,1,4024.7,88,4
11483,2026-07-02 12:53:01+05:30,4023.0,9,4039.33,1249881,145558.0,167525.0,4100.0,4110.0,4012.0,4092.6,25004525,4501.8,3683.4,4440.0,3288.1,4023.0,29,2,4022.9,2,1,4022.7,78,3,4022.6,78,2,4022.5,69,3,4023.3,6,2,4024.0,1,1,4024.2,15,1,4024.5,2,1,4024.7,88,4
11483,2026-07-02 12:53:02+05:30,4023.0,9,4039.33,1249881,145558.0,167525.0,4100.0,4110.0,4012.0,4092.6,25004525,4501.8,3683.4,4440.0,3288.1,4023.0,29,2,4022.9,2,1,4022.7,78,3,4022.6,78,2,4022.5,69,3,4023.3,6,2,4024.0,1,1,4024.2,15,1,4024.5,2,1,4024.7,88,4
11483,2026-07-02 12:53:02+05:30,4023.0,2,4039.33,1249883,145606.0,167534.0,4100.0,4110.0,4012.0,4092.6,25004525,4501.8,3683.4,4440.0,3288.1,4023.0,27,2,4022.6,78,2,4022.5,69,3,4022.4,83,3,4022.3,141,5,4023.3,6,2,4024.0,1,1,4024.2,15,1,4024.5,2,1,4024.6,55,2
11483,2026-07-02 12:53:02+05:30,4023.0,2,4039.33,1249883,145606.0,167534.0,4100.0,4110.0,4012.0,4092.6,25004525,4501.8,3683.4,4440.0,3288.1,4023.0,27,2,4022.6,78,2,4022.5,69,3,4022.4,83,3,4022.3,141,5,4023.3,6,2,4024.0,1,1,4024.2,15,1,4024.5,2,1,4024.6,55,2
11483,2026-07-02 12:53:02+05:30,4023.0,2,4039.33,1249883,145606.0,167534.0,4100.0,4110.0,4012.0,4092.6,25004525,4501.8,3683.4,4440.0,3288.1,4023.0,27,2,4022.6,78,2,4022.5,69,3,4022.4,83,3,4022.3,141,5,4023.3,6,2,4024.0,1,1,4024.2,15,1,4024.5,2,1,4024.6,55,2
11483,2026-07-02 12:53:03+05:30,4023.0,2,4039.33,1249883,145626.0,167403.0,4100.0,4110.0,4012.0,4092.6,25004525,4501.8,3683.4,4440.0,3288.1,4023.0,26,3,4022.6,78,2,4022.5,51,2,4022.4,83,3,4022.3,120,4,4023.3,6,2,4024.0,1,1,4024.2,15,1,4024.4,15,1,4024.5,2,1
11483,2026-07-02 12:53:03+05:30,4023.0,2,4039.33,1249883,145626.0,167403.0,4100.0,4110.0,4012.0,4092.6,25004525,4501.8,3683.4,4440.0,3288.1,4023.0,26,3,4022.6,78,2,4022.5,51,2,4022.4,83,3,4022.3,120,4,4023.3,6,2,4024.0,1,1,4024.2,15,1,4024.4,15,1,4024.5,2,1
11483,2026-07-02 12:53:04+05:30,4023.0,2,4039.33,1249883,145626.0,167403.0,4100.0,4110.0,4012.0,4092.6,25004525,4501.8,3683.4,4440.0,3288.1,4023.0,26,3,4022.6,78,2,4022.5,51,2,4022.4,83,3,4022.3,120,4,4023.3,6,2,4024.0,1,1,4024.2,15,1,4024.4,15,1,4024.5,2,1
11483,2026-07-02 12:53:04+05:30,4023.0,2,4039.33,1249883,145606.0,167484.0,4100.0,4110.0,4012.0,4092.6,25004525,4501.8,3683.4,4440.0,3288.1,4023.0,16,2,4022.6,78,2,4022.5,51,2,4022.4,61,2,4022.3,120,4,4023.3,9,4,4024.0,5,2,4024.1,15,1,4024.2,15,1,4024.3,16,1
11483,2026-07-02 12:53:04+05:30,4023.0,2,4039.33,1249883,145606.0,167484.0,4100.0,4110.0,4012.0,4092.6,25004525,4501.8,3683.4,4440.0,3288.1,4023.0,16,2,4022.6,78,2,4022.5,51,2,4022.4,61,2,4022.3,120,4,4023.3,9,4,4024.0,5,2,4024.1,15,1,4024.2,15,1,4024.3,16,1
11483,2026-07-02 12:53:05+05:30,4023.0,2,4039.33,1249883,145606.0,167484.0,4100.0,4110.0,4012.0,4092.6,25004525,4501.8,3683.4,4440.0,3288.1,4023.0,16,2,4022.6,78,2,4022.5,51,2,4022.4,61,2,4022.3,120,4,4023.3,9,4,4024.0,5,2,4024.1,15,1,4024.2,15,1,4024.3,16,1
11483,2026-07-02 12:53:05+05:30,4023.0,2,4039.33,1249883,145630.0,167479.0,4100.0,4110.0,4012.0,4092.6,25004525,4501.8,3683.4,4440.0,3288.1,4023.0,16,2,4022.6,78,2,4022.5,51,2,4022.4,61,2,4022.3,106,3,4023.3,9,4,4024.0,5,2,4024.1,15,1,4024.2,15,1,4024.3,16,1
11483,2026-07-02 12:53:05+05:30,4023.0,2,4039.33,1249883,145630.0,167479.0,4100.0,4110.0,4012.0,4092.6,25004525,4501.8,3683.4,4440.0,3288.1,4023.0,16,2,4022.6,78,2,4022.5,51,2,4022.4,61,2,4022.3,106,3,4023.3,9,4,4024.0,5,2,4024.1,15,1,4024.2,15,1,4024.3,16,1
11483,2026-07-02 12:53:05+05:30,4023.0,2,4039.33,1249883,145630.0,167479.0,4100.0,4110.0,4012.0,4092.6,25011350,4501.8,3683.4,4440.0,3288.1,4023.0,16,2,4022.6,78,2,4022.5,51,2,4022.4,61,2,4022.3,106,3,4023.3,9,4,4024.0,5,2,4024.1,15,1,4024.2,15,1,4024.3,16,1
11483,2026-07-02 12:53:06+05:30,4023.0,2,4039.33,1249883,145630.0,167479.0,4100.0,4110.0,4012.0,4092.6,25011350,4501.8,3683.4,4440.0,3288.1,4023.0,16,2,4022.6,78,2,4022.5,51,2,4022.4,61,2,4022.3,106,3,4023.3,9,4,4024.0,5,2,4024.1,15,1,4024.2,15,1,4024.3,16,1
11483,2026-07-02 12:53:06+05:30,4023.3,1,4039.33,1249883,145630.0,167479.0,4100.0,4110.0,4012.0,4092.6,25011350,4501.8,3683.4,4440.0,3288.1,4023.0,16,2,4022.6,78,2,4022.5,51,2,4022.4,61,2,4022.3,106,3,4023.3,9,4,4024.0,5,2,4024.1,15,1,4024.2,15,1,4024.3,16,1
11483,2026-07-02 12:53:06+05:30,4023.3,1,4039.33,1249883,145630.0,167479.0,4100.0,4110.0,4012.0,4092.6,25011350,4501.8,3683.4,4440.0,3288.1,4023.0,16,2,4022.6,78,2,4022.5,51,2,4022.4,61,2,4022.3,106,3,4023.3,9,4,4024.0,5,2,4024.1,15,1,4024.2,15,1,4024.3,16,1
11483,2026-07-02 12:53:06+05:30,4023.3,1,4039.33,1249890,145912.0,167324.0,4100.0,4110.0,4012.0,4092.6,25011350,4501.8,3683.4,4440.0,3288.1,4023.0,16,2,4022.9,230,1,4022.6,78,2,4022.5,51,2,4022.4,17,2,4023.3,8,4,4024.0,5,2,4024.2,15,1,4024.3,1,1,4024.4,15,1
11483,2026-07-02 12:53:06+05:30,4023.3,1,4039.33,1249890,145912.0,167324.0,4100.0,4110.0,4012.0,4092.6,25011350,4501.8,3683.4,4440.0,3288.1,4023.0,16,2,4022.9,230,1,4022.6,78,2,4022.5,51,2,4022.4,17,2,4023.3,8,4,4024.0,5,2,4024.2,15,1,4024.3,1,1,4024.4,15,1
11483,2026-07-02 12:53:07+05:30,4023.3,1,4039.33,1249890,145912.0,167324.0,4100.0,4110.0,4012.0,4092.6,25011350,4501.8,3683.4,4440.0,3288.1,4023.0,16,2,4022.9,230,1,4022.6,78,2,4022.5,51,2,4022.4,17,2,4023.3,8,4,4024.0,5,2,4024.2,15,1,4024.3,1,1,4024.4,15,1
11483,2026-07-02 12:53:07+05:30,4023.0,1,4039.33,1249890,145912.0,167324.0,4100.0,4110.0,4012.0,4092.6,25011350,4501.8,3683.4,4440.0,3288.1,4023.0,16,2,4022.9,230,1,4022.6,78,2,4022.5,51,2,4022.4,17,2,4023.3,8,4,4024.0,5,2,4024.2,15,1,4024.3,1,1,4024.4,15,1
11483,2026-07-02 12:53:07+05:30,4023.0,1,4039.33,1249891,145911.0,167331.0,4100.0,4110.0,4012.0,4092.6,25011350,4501.8,3683.4,4440.0,3288.1,4023.0,15,2,4022.9,230,1,4022.6,78,2,4022.5,51,2,4022.4,17,2,4023.3,8,4,4024.0,5,2,4024.2,15,1,4024.3,1,1,4024.4,15,1
11483,2026-07-02 12:53:07+05:30,4023.0,1,4039.33,1249891,145911.0,167331.0,4100.0,4110.0,4012.0,4092.6,25011350,4501.8,3683.4,4440.0,3288.1,4023.0,15,2,4022.9,230,1,4022.6,78,2,4022.5,51,2,4022.4,17,2,4023.3,8,4,4024.0,5,2,4024.2,15,1,4024.3,1,1,4024.4,15,1
11483,2026-07-02 12:53:08+05:30,4023.0,1,4039.33,1249893,145915.0,167337.0,4100.0,4110.0,4012.0,4092.6,25011350,4501.8,3683.4,4440.0,3288.1,4023.0,13,2,4022.9,230,1,4022.6,78,2,4022.5,51,2,4022.4,17,2,4023.3,8,4,4024.0,5,2,4024.2,15,1,4024.3,1,1,4024.4,15,1
11483,2026-07-02 12:53:08+05:30,4023.0,1,4039.33,1249893,145915.0,167337.0,4100.0,4110.0,4012.0,4092.6,25011350,4501.8,3683.4,4440.0,3288.1,4023.0,13,2,4022.9,230,1,4022.6,78,2,4022.5,51,2,4022.4,17,2,4023.3,8,4,4024.0,5,2,4024.2,15,1,4024.3,1,1,4024.4,15,1
11483,2026-07-02 12:53:09+05:30,4023.3,1,4039.33,1249894,145915.0,167336.0,4100.0,4110.0,4012.0,4092.6,25011350,4501.8,3683.4,4440.0,3288.1,4023.0,13,2,4022.9,230,1,4022.6,78,2,4022.5,51,2,4022.4,17,2,4023.3,7,3,4024.0,5,2,4024.2,15,1,4024.3,1,1,4024.4,15,1
11483,2026-07-02 12:53:09+05:30,4023.0,1,4039.33,1249894,145915.0,167336.0,4100.0,4110.0,4012.0,4092.6,25011350,4501.8,3683.4,4440.0,3288.1,4023.0,13,2,4022.9,230,1,4022.6,78,2,4022.5,51,2,4022.4,17,2,4023.3,7,3,4024.0,5,2,4024.2,15,1,4024.3,1,1,4024.4,15,1
11483,2026-07-02 12:53:10+05:30,4023.0,1,4039.33,1249895,145914.0,167342.0,4100.0,4110.0,4012.0,4092.6,25011350,4501.8,3683.4,4440.0,3288.1,4023.0,12,2,4022.9,230,1,4022.6,78,2,4022.5,51,2,4022.4,17,2,4023.3,7,3,4024.0,5,2,4024.2,15,1,4024.3,1,1,4024.4,15,1
11483,2026-07-02 12:53:11+05:30,4024.0,2,4039.33,1249925,146021.0,167431.0,4100.0,4110.0,4012.0,4092.6,25011350,4501.8,3683.4,4440.0,3288.1,4023.3,4,1,4023.0,12,2,4022.9,230,1,4022.6,78,2,4022.5,64,3,4024.0,1,1,4024.2,15,1,4024.3,1,1,4024.5,29,3,4024.7,44,4
11483,2026-07-02 12:53:11+05:30,4023.3,3,4039.33,1249925,146021.0,167431.0,4100.0,4110.0,4012.0,4092.6,25011350,4501.8,3683.4,4440.0,3288.1,4023.3,4,1,4023.0,12,2,4022.9,230,1,4022.6,78,2,4022.5,64,3,4024.0,1,1,4024.2,15,1,4024.3,1,1,4024.5,29,3,4024.7,44,4
11483,2026-07-02 12:53:12+05:30,4023.3,3,4039.33,1249928,145985.0,167437.0,4100.0,4110.0,4012.0,4092.6,25011350,4501.8,3683.4,4440.0,3288.1,4023.3,2,2,4023.0,12,2,4022.9,230,1,4022.6,48,1,4022.5,64,3,4024.0,1,1,4024.2,15,1,4024.3,1,1,4024.5,34,4,4024.7,44,4
11483,2026-07-02 12:53:12+05:30,4023.3,1,4039.33,1249928,145985.0,167437.0,4100.0,4110.0,4012.0,4092.6,25011350,4501.8,3683.4,4440.0,3288.1,4023.3,2,2,4023.0,12,2,4022.9,230,1,4022.6,48,1,4022.5,64,3,4024.0,1,1,4024.2,15,1,4024.3,1,1,4024.5,34,4,4024.7,44,4
11483,2026-07-02 12:53:13+05:30,4024.0,1,4039.33,1249955,145994.0,167147.0,4100.0,4110.0,4012.0,4092.6,25011350,4501.8,3683.4,4440.0,3288.1,4023.3,4,1,4023.0,14,1,4022.9,230,1,4022.6,78,2,4022.5,64,3,4024.1,19,1,4024.2,29,2,4024.3,1,1,4024.5,22,3,4024.6,14,1
11483,2026-07-02 12:53:13+05:30,4023.3,3,4039.33,1249955,145994.0,167147.0,4100.0,4110.0,4012.0,4092.6,25011350,4501.8,3683.4,4440.0,3288.1,4023.3,4,1,4023.0,14,1,4022.9,230,1,4022.6,78,2,4022.5,64,3,4024.1,19,1,4024.2,29,2,4024.3,1,1,4024.5,22,3,4024.6,14,1
11483,2026-07-02 12:53:14+05:30,4023.3,3,4039.33,1249958,145976.0,167165.0,4100.0,4110.0,4012.0,4092.6,25011350,4501.8,3683.4,4440.0,3288.1,4023.3,1,1,4023.0,14,1,4022.9,230,1,4022.6,48,1,4022.5,64,3,4024.1,28,3,4024.2,15,1,4024.3,1,1,4024.4,11,1,4024.5,34,4
11483,2026-07-02 12:53:15+05:30,4023.3,3,4039.33,1249958,145977.0,167169.0,4100.0,4110.0,4012.0,4092.6,25011350,4501.8,3683.4,4440.0,3288.1,4023.3,1,1,4023.0,14,1,4022.9,230,1,4022.6,48,1,4022.5,64,3,4024.1,29,4,4024.2,15,1,4024.3,15,2,4024.4,11,1,4024.5,34,4
11483,2026-07-02 12:53:16+05:30,4023.3,3,4039.33,1249958,146174.0,167279.0,4100.0,4110.0,4012.0,4092.6,25011350,4501.8,3683.4,4440.0,3288.1,4023.8,2,2,4023.3,1,1,4023.0,17,3,4022.9,230,1,4022.8,13,1,4024.1,6,3,4024.2,29,2,4024.3,1,1,4024.4,6,1,4024.5,22,3
11483,2026-07-02 12:53:17+05:30,4023.3,3,4039.33,1249958,146175.0,167265.0,4100.0,4110.0,4012.0,4092.6,25011350,4501.8,3683.4,4440.0,3288.1,4023.8,2,2,4023.3,1,1,4023.0,17,3,4022.9,230,1,4022.8,13,1,4024.1,6,3,4024.2,29,2,4024.3,1,1,4024.4,6,1,4024.5,22,3
11483,2026-07-02 12:53:18+05:30,4023.8,1,4039.33,1249962,146103.0,167283.0,4100.0,4110.0,4012.0,4092.6,25011350,4501.8,3683.4,4440.0,3288.1,4023.8,2,2,4023.3,1,1,4023.0,17,3,4022.9,230,1,4022.8,13,1,4024.1,6,3,4024.2,15,1,4024.3,15,2,4024.5,7,2,4024.6,8,1
11483,2026-07-02 12:53:18+05:30,4023.8,1,4039.33,1249962,146103.0,167283.0,4100.0,4110.0,4012.0,4092.6,25011350,4501.8,3683.4,4440.0,3288.1,4023.8,2,2,4023.3,1,1,4023.0,17,3,4022.9,230,1,4022.8,13,1,4024.1,6,3,4024.2,15,1,4024.3,15,2,4024.5,7,2,4024.6,8,1
11483,2026-07-02 12:53:19+05:30,4023.8,1,4039.33,1249963,146053.0,167385.0,4100.0,4110.0,4012.0,4092.6,25011350,4501.8,3683.4,4440.0,3288.1,4023.8,2,2,4023.3,1,1,4023.0,17,3,4022.9,230,1,4022.8,13,1,4023.9,2,2,4024.0,197,3,4024.1,4,2,4024.2,15,1,4024.3,6,2
11483,2026-07-02 12:53:20+05:30,4023.8,1,4039.33,1249963,146047.0,167356.0,4100.0,4110.0,4012.0,4092.6,25011350,4501.8,3683.4,4440.0,3288.1,4023.8,2,2,4023.3,1,1,4023.0,22,4,4022.9,230,1,4022.6,48,1,4023.9,2,2,4024.0,192,3,4024.1,4,2,4024.2,29,2,4024.3,6,2
11483,2026-07-02 12:53:21+05:30,4023.8,1,4039.33,1249966,145804.0,167094.0,4100.0,4110.0,4012.0,4092.6,25011350,4501.8,3683.4,4440.0,3288.1,4023.3,1,1,4023.0,22,4,4022.9,230,1,4022.6,48,1,4022.5,109,5,4023.9,1,1,4024.0,206,4,4024.1,2,1,4024.2,15,1,4024.3,2,2
11483,2026-07-02 12:53:21+05:30,4023.8,1,4039.33,1249966,145804.0,167094.0,4100.0,4110.0,4012.0,4092.6,25011350,4501.8,3683.4,4440.0,3288.1,4023.3,1,1,4023.0,22,4,4022.9,230,1,4022.6,48,1,4022.5,109,5,4023.9,1,1,4024.0,206,4,4024.1,2,1,4024.2,15,1,4024.3,2,2
11483,2026-07-02 12:53:21+05:30,4024.0,50,4039.33,1250046,145924.0,167173.0,4100.0,4110.0,4012.0,4092.6,25011350,4501.8,3683.4,4440.0,3288.1,4023.3,1,1,4023.0,22,4,4022.9,230,1,4022.6,48,1,4022.5,94,4,4024.0,128,3,4024.2,15,1,4024.3,2,2,4024.4,11,1,4024.5,27,3
11483,2026-07-02 12:53:22+05:30,4023.3,10,4039.33,1250046,145924.0,167173.0,4100.0,4110.0,4012.0,4092.6,25011350,4501.8,3683.4,4440.0,3288.1,4023.3,1,1,4023.0,22,4,4022.9,230,1,4022.6,48,1,4022.5,94,4,4024.0,128,3,4024.2,15,1,4024.3,2,2,4024.4,11,1,4024.5,27,3
11483,2026-07-02 12:53:23+05:30,4023.3,10,4039.33,1250056,146029.0,167046.0,4100.0,4110.0,4012.0,4092.6,25011350,4501.8,3683.4,4440.0,3288.1,4023.3,4,1,4023.0,32,5,4022.9,230,1,4022.6,48,1,4022.5,97,5,4024.0,120,4,4024.2,15,1,4024.3,1,1,4024.5,2,1,4024.6,5,1
11483,2026-07-02 12:53:23+05:30,4023.3,1,4039.33,1250056,146029.0,167046.0,4100.0,4110.0,4012.0,4092.6,25011350,4501.8,3683.4,4440.0,3288.1,4023.3,4,1,4023.0,32,5,4022.9,230,1,4022.6,48,1,4022.5,97,5,4024.0,120,4,4024.2,15,1,4024.3,1,1,4024.5,2,1,4024.6,5,1
11483,2026-07-02 12:53:24+05:30,4024.0,2,4039.33,1250059,146034.0,167075.0,4100.0,4110.0,4012.0,4092.6,25011350,4501.8,3683.4,4440.0,3288.1,4023.3,3,1,4023.0,32,5,4022.9,230,1,4022.6,48,1,4022.5,111,6,4024.0,121,6,4024.2,15,1,4024.3,1,1,4024.5,16,2,4024.6,5,1
11483,2026-07-02 12:53:24+05:30,4023.3,1,4039.33,1250059,146034.0,167075.0,4100.0,4110.0,4012.0,4092.6,25011350,4501.8,3683.4,4440.0,3288.1,4023.3,3,1,4023.0,32,5,4022.9,230,1,4022.6,48,1,4022.5,111,6,4024.0,121,6,4024.2,15,1,4024.3,1,1,4024.5,16,2,4024.6,5,1
11483,2026-07-02 12:53:25+05:30,4023.3,1,4039.33,1250060,146052.0,167118.0,4100.0,4110.0,4012.0,4092.6,25011350,4501.8,3683.4,4440.0,3288.1,4023.3,2,1,4023.0,57,6,4022.9,230,1,4022.6,48,1,4022.5,111,6,4024.0,121,6,4024.2,29,2,4024.3,1,1,4024.5,16,2,4024.6,5,1
11483,2026-07-02 12:53:25+05:30,4024.0,1,4039.33,1250061,146167.0,167103.0,4100.0,4110.0,4012.0,4092.6,25011350,4501.8,3683.4,4440.0,3288.1,4023.4,8,1,4023.3,2,1,4023.0,57,6,4022.9,230,1,4022.6,48,1,4024.0,120,6,4024.2,29,2,4024.3,1,1,4024.5,16,2,4024.6,5,1
11483,2026-07-02 12:53:26+05:30,4024.0,8,4039.33,1250061,146167.0,167103.0,4100.0,4110.0,4012.0,4092.6,25011350,4501.8,3683.4,4440.0,3288.1,4023.4,8,1,4023.3,2,1,4023.0,57,6,4022.9,230,1,4022.6,48,1,4024.0,120,6,4024.2,29,2,4024.3,1,1,4024.5,16,2,4024.6,5,1
11483,2026-07-02 12:53:26+05:30,4024.0,8,4039.33,1250069,146162.0,167102.0,4100.0,4110.0,4012.0,4092.6,25011350,4501.8,3683.4,4440.0,3288.1,4023.4,8,1,4023.3,2,1,4023.0,57,6,4022.9,230,1,4022.6,48,1,4024.0,112,6,4024.2,29,2,4024.3,1,1,4024.5,16,2,4024.6,5,1
11483,2026-07-02 12:53:27+05:30,4024.0,1,4039.33,1250069,146162.0,167102.0,4100.0,4110.0,4012.0,4092.6,25011350,4501.8,3683.4,4440.0,3288.1,4023.4,8,1,4023.3,2,1,4023.0,57,6,4022.9,230,1,4022.6,48,1,4024.0,112,6,4024.2,29,2,4024.3,1,1,4024.5,16,2,4024.6,5,1
11483,2026-07-02 12:53:27+05:30,4024.0,1,4039.33,1250071,146147.0,167118.0,4100.0,4110.0,4012.0,4092.6,25011350,4501.8,3683.4,4440.0,3288.1,4023.4,7,1,4023.3,2,1,4023.0,57,6,4022.9,230,1,4022.6,48,1,4024.0,113,8,4024.2,29,2,4024.3,1,1,4024.5,16,2,4024.6,5,1
11483,2026-07-02 12:53:28+05:30,4024.0,78,4039.33,1250071,146147.0,167118.0,4100.0,4110.0,4012.0,4092.6,25011350,4501.8,3683.4,4440.0,3288.1,4023.4,7,1,4023.3,2,1,4023.0,57,6,4022.9,230,1,4022.6,48,1,4024.0,113,8,4024.2,29,2,4024.3,1,1,4024.5,16,2,4024.6,5,1
11483,2026-07-02 12:53:28+05:30,4024.0,7,4039.33,1250156,146161.0,166995.0,4100.0,4110.0,4012.0,4092.6,25011350,4501.8,3683.4,4440.0,3288.1,4023.3,2,1,4023.0,57,6,4022.9,260,2,4022.6,51,2,4022.5,100,5,4024.0,28,8,4024.2,29,2,4024.3,1,1,4024.5,16,2,4024.7,30,3
11483,2026-07-02 12:53:29+05:30,4023.3,10,4039.33,1250156,146161.0,166995.0,4100.0,4110.0,4012.0,4092.6,25011350,4501.8,3683.4,4440.0,3288.1,4023.3,2,1,4023.0,57,6,4022.9,260,2,4022.6,51,2,4022.5,100,5,4024.0,28,8,4024.2,29,2,4024.3,1,1,4024.5,16,2,4024.7,30,3
11483,2026-07-02 12:53:29+05:30,4023.3,10,4039.33,1250166,146169.0,166996.0,4100.0,4110.0,4012.0,4092.6,25011350,4501.8,3683.4,4440.0,3288.1,4023.3,4,1,4023.0,57,6,4022.9,260,2,4022.6,51,2,4022.5,94,4,4024.0,28,8,4024.2,29,2,4024.3,1,1,4024.5,16,2,4024.7,30,3
11483,2026-07-02 12:53:30+05:30,4023.3,1,4039.33,1250166,146169.0,166996.0,4100.0,4110.0,4012.0,4092.6,25011350,4501.8,3683.4,4440.0,3288.1,4023.3,4,1,4023.0,57,6,4022.9,260,2,4022.6,51,2,4022.5,94,4,4024.0,28,8,4024.2,29,2,4024.3,1,1,4024.5,16,2,4024.7,30,3
11483,2026-07-02 12:53:30+05:30,4023.3,1,4039.33,1250169,146151.0,167007.0,4100.0,4110.0,4012.0,4092.6,25011350,4501.8,3683.4,4440.0,3288.1,4023.3,1,1,4023.0,57,6,4022.9,260,2,4022.6,51,2,4022.5,94,4,4024.0,27,7,4024.2,29,2,4024.3,1,1,4024.5,16,2,4024.7,30,3
11483,2026-07-02 12:53:31+05:30,4023.3,1,4039.33,1250169,146107.0,167127.0,4100.0,4110.0,4012.0,4092.6,25011350,4501.8,3683.4,4440.0,3288.1,4023.8,2,2,4023.3,1,1,4023.0,57,6,4022.9,230,1,4022.6,65,3,4024.0,35,8,4024.2,15,1,4024.3,1,1,4024.4,14,1,4024.5,16,2
11483,2026-07-02 12:53:32+05:30,4024.0,3,4039.33,1250169,146107.0,167127.0,4100.0,4110.0,4012.0,4092.6,25011350,4501.8,3683.4,4440.0,3288.1,4023.8,2,2,4023.3,1,1,4023.0,57,6,4022.9,230,1,4022.6,65,3,4024.0,35,8,4024.2,15,1,4024.3,1,1,4024.4,14,1,4024.5,16,2
11483,2026-07-02 12:53:32+05:30,4024.0,3,4039.33,1250199,146291.0,167173.0,4100.0,4110.0,4012.0,4092.6,25011350,4501.8,3683.4,4440.0,3288.1,4023.8,2,2,4023.3,1,1,4023.0,57,6,4022.9,230,1,4022.6,65,3,4024.0,10,2,4024.2,29,2,4024.3,1,1,4024.5,16,2,4024.7,24,2
11483,2026-07-02 12:53:33+05:30,4023.8,1,4039.33,1250199,146291.0,167173.0,4100.0,4110.0,4012.0,4092.6,25011350,4501.8,3683.4,4440.0,3288.1,4023.8,2,2,4023.3,1,1,4023.0,57,6,4022.9,230,1,4022.6,65,3,4024.0,10,2,4024.2,29,2,4024.3,1,1,4024.5,16,2,4024.7,24,2
11483,2026-07-02 12:53:33+05:30,4023.8,1,4039.33,1250203,146292.0,167173.0,4100.0,4110.0,4012.0,4092.6,25011350,4501.8,3683.4,4440.0,3288.1,4023.8,1,1,4023.3,1,1,4023.0,57,6,4022.9,230,1,4022.6,65,3,4024.0,10,2,4024.2,29,2,4024.3,1,1,4024.5,16,2,4024.7,24,2
11483,2026-07-02 12:53:34+05:30,4023.8,1,4039.33,1250203,146276.0,167137.0,4100.0,4110.0,4012.0,4092.6,25011350,4501.8,3683.4,4440.0,3288.1,4023.8,1,1,4023.3,1,1,4023.0,57,6,4022.9,230,1,4022.7,3,1,4024.0,13,4,4024.2,29,2,4024.3,1,1,4024.5,16,2,4024.7,24,2
11483,2026-07-02 12:53:35+05:30,4023.8,1,4039.33,1250203,146276.0,167136.0,4100.0,4110.0,4012.0,4092.6,25011350,4501.8,3683.4,4440.0,3288.1,4023.8,1,1,4023.3,1,1,4023.0,57,6,4022.9,230,1,4022.7,3,1,4024.0,13,4,4024.2,29,2,4024.3,2,2,4024.5,16,2,4024.7,24,2
11483,2026-07-02 12:53:36+05:30,4024.7,3,4039.33,1250203,146276.0,167136.0,4100.0,4110.0,4012.0,4092.6,25011350,4501.8,3683.4,4440.0,3288.1,4023.8,1,1,4023.3,1,1,4023.0,57,6,4022.9,230,1,4022.7,3,1,4024.0,13,4,4024.2,29,2,4024.3,2,2,4024.5,16,2,4024.7,24,2
11483,2026-07-02 12:53:36+05:30,4025.0,1,4039.33,1250314,146800.0,166984.0,4100.0,4110.0,4012.0,4092.6,25011350,4501.8,3683.4,4440.0,3288.1,4024.1,13,3,4023.9,10,1,4023.8,35,2,4023.7,15,3,4023.4,165,11,4025.0,17,2,4025.2,100,1,4025.3,2,1,4025.4,27,2,4025.5,50,2
11483,2026-07-02 12:53:37+05:30,4024.1,9,4039.33,1250314,146800.0,166984.0,4100.0,4110.0,4012.0,4092.6,25011350,4501.8,3683.4,4440.0,3288.1,4024.1,13,3,4023.9,10,1,4023.8,35,2,4023.7,15,3,4023.4,165,11,4025.0,17,2,4025.2,100,1,4025.3,2,1,4025.4,27,2,4025.5,50,2
11483,2026-07-02 12:53:37+05:30,4024.1,9,4039.33,1250327,146820.0,166780.0,4100.0,4110.0,4012.0,4092.6,25011350,4501.8,3683.4,4440.0,3288.1,4023.8,2,1,4023.7,1,1,4023.4,32,2,4023.3,42,3,4023.1,41,3,4024.1,1,1,4025.0,17,2,4025.1,43,2,4025.2,100,1,4025.4,41,3
11483,2026-07-02 12:53:38+05:30,4024.1,1,4039.33,1250327,146820.0,166780.0,4100.0,4110.0,4012.0,4092.6,25011350,4501.8,3683.4,4440.0,3288.1,4023.8,2,1,4023.7,1,1,4023.4,32,2,4023.3,42,3,4023.1,41,3,4024.1,1,1,4025.0,17,2,4025.1,43,2,4025.2,100,1,4025.4,41,3
11483,2026-07-02 12:53:38+05:30,4024.1,1,4039.33,1250331,146624.0,167009.0,4100.0,4110.0,4012.0,4092.6,25011350,4501.8,3683.4,4440.0,3288.1,4023.8,1,1,4023.7,1,1,4023.3,42,3,4023.1,21,1,4023.0,88,9,4024.1,1,1,4025.0,90,4,4025.1,70,5,4025.2,144,3,4025.3,16,2
11483,2026-07-02 12:53:39+05:30,4025.0,1,4039.33,1250331,146624.0,167009.0,4100.0,4110.0,4012.0,4092.6,25011350,4501.8,3683.4,4440.0,3288.1,4023.8,1,1,4023.7,1,1,4023.3,42,3,4023.1,21,1,4023.0,88,9,4024.1,1,1,4025.0,90,4,4025.1,70,5,4025.2,144,3,4025.3,16,2
11483,2026-07-02 12:53:39+05:30,4023.0,6,4039.33,1250509,146625.0,167096.0,4100.0,4110.0,4012.0,4092.6,25011350,4501.8,3683.4,4440.0,3288.1,4023.3,5,2,4023.2,32,3,4023.1,53,3,4023.0,66,4,4022.9,260,2,4024.9,5,1,4025.0,107,6,4025.1,53,2,4025.2,135,3,4025.3,14,1
11483,2026-07-02 12:53:40+05:30,4023.3,1,4039.33,1250509,146625.0,167096.0,4100.0,4110.0,4012.0,4092.6,25011350,4501.8,3683.4,4440.0,3288.1,4023.3,5,2,4023.2,32,3,4023.1,53,3,4023.0,66,4,4022.9,260,2,4024.9,5,1,4025.0,107,6,4025.1,53,2,4025.2,135,3,4025.3,14,1
11483,2026-07-02 12:53:40+05:30,4023.3,1,4039.33,1250532,146024.0,167143.0,4100.0,4110.0,4012.0,4092.6,25011350,4501.8,3683.4,4440.0,3288.1,4023.3,11,1,4023.1,13,2,4023.0,66,4,4022.9,260,2,4022.7,90,4,4024.8,47,3,4024.9,33,3,4025.0,21,3,4025.1,59,3,4025.2,141,4
11483,2026-07-02 12:53:41+05:30,4023.3,2,4039.33,1250532,146024.0,167143.0,4100.0,4110.0,4012.0,4092.6,25011350,4501.8,3683.4,4440.0,3288.1,4023.3,11,1,4023.1,13,2,4023.0,66,4,4022.9,260,2,4022.7,90,4,4024.8,47,3,4024.9,33,3,4025.0,21,3,4025.1,59,3,4025.2,141,4
11483,2026-07-02 12:53:41+05:30,4023.3,2,4039.33,1250534,146164.0,167193.0,4100.0,4110.0,4012.0,4092.6,25011350,4501.8,3683.4,4440.0,3288.1,4023.3,9,1,4023.1,13,2,4023.0,66,4,4022.9,260,2,4022.8,3,1,4024.7,8,2,4024.8,38,2,4024.9,24,3,4025.0,36,4,4025.1,59,3
11483,2026-07-02 12:53:42+05:30,4023.3,1,4039.33,1250534,146164.0,167193.0,4100.0,4110.0,4012.0,4092.6,25011350,4501.8,3683.4,4440.0,3288.1,4023.3,9,1,4023.1,13,2,4023.0,66,4,4022.9,260,2,4022.8,3,1,4024.7,8,2,4024.8,38,2,4024.9,24,3,4025.0,36,4,4025.1,59,3
11483,2026-07-02 12:53:42+05:30,4023.3,1,4039.33,1250535,146155.0,167195.0,4100.0,4110.0,4012.0,4092.6,25011350,4501.8,3683.4,4440.0,3288.1,4023.3,8,1,4023.1,13,2,4023.0,66,4,4022.9,260,2,4022.8,3,1,4024.7,9,3,4024.8,38,2,4024.9,37,4,4025.0,36,4,4025.1,59,3
11483,2026-07-02 12:53:43+05:30,4024.7,1,4039.33,1250535,146155.0,167195.0,4100.0,4110.0,4012.0,4092.6,25011350,4501.8,3683.4,4440.0,3288.1,4023.3,8,1,4023.1,13,2,4023.0,66,4,4022.9,260,2,4022.8,3,1,4024.7,9,3,4024.8,38,2,4024.9,37,4,4025.0,36,4,4025.1,59,3
11483,2026-07-02 12:53:43+05:30,4024.7,1,4039.33,1250536,146550.0,166994.0,4100.0,4110.0,4012.0,4092.6,25011350,4501.8,3683.4,4440.0,3288.1,4023.4,19,1,4023.3,32,3,4023.2,31,2,4023.1,13,2,4023.0,219,6,4024.7,3,2,4024.9,7,2,4025.0,36,4,4025.1,5,1,4025.2,105,2
11483,2026-07-02 12:53:44+05:30,4024.7,1,4039.33,1250536,146551.0,166994.0,4100.0,4110.0,4012.0,4092.6,25011350,4501.8,3683.4,4440.0,3288.1,4023.4,19,1,4023.3,32,3,4023.2,31,2,4023.1,13,2,4023.0,219,6,4024.7,3,2,4024.9,7,2,4025.0,36,4,4025.1,5,1,4025.2,105,2
11483,2026-07-02 12:53:45+05:30,4024.7,1,4039.33,1250536,146567.0,167032.0,4100.0,4110.0,4012.0,4092.6,25011350,4501.8,3683.4,4440.0,3288.1,4023.4,19,1,4023.3,32,3,4023.2,31,2,4023.1,33,4,4023.0,216,5,4024.7,5,3,4024.9,2,1,4025.0,36,4,4025.1,5,1,4025.2,105,2
11483,2026-07-02 12:53:46+05:30,4024.9,5,4039.32,1250598,146550.0,167058.0,4100.0,4110.0,4012.0,4092.6,25011350,4501.8,3683.4,4440.0,3288.1,4023.4,19,1,4023.3,33,4,4023.2,28,1,4023.1,13,2,4023.0,205,4,4024.9,3,1,4025.0,78,4,4025.1,15,2,4025.2,105,2,4025.4,41,3
11483,2026-07-02 12:53:46+05:30,4023.4,7,4039.32,1250598,146550.0,167058.0,4100.0,4110.0,4012.0,4092.6,25011350,4501.8,3683.4,4440.0,3288.1,4023.4,19,1,4023.3,33,4,4023.2,28,1,4023.1,13,2,4023.0,205,4,4024.9,3,1,4025.0,78,4,4025.1,15,2,4025.2,105,2,4025.4,41,3
11483,2026-07-02 12:53:47+05:30,4023.4,7,4039.32,1250605,146550.0,167181.0,4100.0,4110.0,4012.0,4092.6,25011350,4501.8,3683.4,4440.0,3288.1,4023.4,14,1,4023.3,61,5,4023.1,13,2,4023.0,205,4,4022.9,278,4,4024.9,8,2,4025.0,66,3,4025.1,15,2,4025.2,105,2,4025.3,6,1
11483,2026-07-02 12:53:47+05:30,4023.4,1,4039.32,1250605,146550.0,167181.0,4100.0,4110.0,4012.0,4092.6,25011350,4501.8,3683.4,4440.0,3288.1,4023.4,14,1,4023.3,61,5,4023.1,13,2,4023.0,205,4,4022.9,278,4,4024.9,8,2,4025.0,66,3,4025.1,15,2,4025.2,105,2,4025.3,6,1
11483,2026-07-02 12:53:48+05:30,4023.4,1,4039.32,1250606,146537.0,167166.0,4100.0,4110.0,4012.0,4092.6,25011350,4501.8,3683.4,4440.0,3288.1,4023.4,13,1,4023.3,61,5,4023.1,13,2,4023.0,205,4,4022.9,266,3,4024.9,8,2,4025.0,66,3,4025.1,28,4,4025.2,105,2,4025.3,6,1
11483,2026-07-02 12:53:49+05:30,4024.9,5,4039.32,1250614,146543.0,167180.0,4100.0,4110.0,4012.0,4092.6,25011350,4501.8,3683.4,4440.0,3288.1,4023.4,13,1,4023.3,61,5,4023.1,13,2,4023.0,205,4,4022.9,260,2,4024.9,15,2,4025.0,133,6,4025.1,6,2,4025.2,133,3,4025.3,6,1
11483,2026-07-02 12:53:49+05:30,4023.4,1,4039.32,1250614,146543.0,167180.0,4100.0,4110.0,4012.0,4092.6,25011350,4501.8,3683.4,4440.0,3288.1,4023.4,13,1,4023.3,61,5,4023.1,13,2,4023.0,205,4,4022.9,260,2,4024.9,15,2,4025.0,133,6,4025.1,6,2,4025.2,133,3,4025.3,6,1
11483,2026-07-02 12:53:50+05:30,4023.4,1,4039.32,1250615,146538.0,167184.0,4100.0,4110.0,4012.0,4092.6,25011350,4501.8,3683.4,4440.0,3288.1,4023.4,12,1,4023.3,61,5,4023.1,13,2,4023.0,205,4,4022.9,260,2,4024.7,35,1,4024.9,18,3,4025.0,98,6,4025.1,34,3,4025.2,105,2
11483,2026-07-02 12:53:51+05:30,4023.3,2,4039.32,1250626,146511.0,167260.0,4100.0,4110.0,4012.0,4092.6,25011350,4501.8,3683.4,4440.0,3288.1,4023.3,35,3,4023.1,10,1,4023.0,208,5,4022.9,260,2,4022.8,29,2,4024.7,35,1,4024.9,32,4,4025.0,113,6,4025.1,30,3,4025.2,111,3
11483,2026-07-02 12:53:51+05:30,4023.3,1,4039.32,1250626,146511.0,167260.0,4100.0,4110.0,4012.0,4092.6,25011350,4501.8,3683.4,4440.0,3288.1,4023.3,35,3,4023.1,10,1,4023.0,208,5,4022.9,260,2,4022.8,29,2,4024.7,35,1,4024.9,32,4,4025.0,113,6,4025.1,30,3,4025.2,111,3
11483,2026-07-02 12:53:52+05:30,4023.3,9,4039.32,1250642,146522.0,167135.0,4100.0,4110.0,4012.0,4092.6,25011350,4501.8,3683.4,4440.0,3288.1,4023.3,27,2,4023.1,10,1,4023.0,208,5,4022.9,261,3,4022.8,29,2,4024.6,19,1,4024.7,35,1,4024.9,32,4,4025.0,101,5,4025.1,30,3
11483,2026-07-02 12:53:52+05:30,4023.3,2,4039.32,1250642,146522.0,167135.0,4100.0,4110.0,4012.0,4092.6,25011350,4501.8,3683.4,4440.0,3288.1,4023.3,27,2,4023.1,10,1,4023.0,208,5,4022.9,261,3,4022.8,29,2,4024.6,19,1,4024.7,35,1,4024.9,32,4,4025.0,101,5,4025.1,30,3
11483,2026-07-02 12:53:53+05:30,4023.3,2,4039.32,1250644,146604.0,167085.0,4100.0,4110.0,4012.0,4092.6,25011350,4501.8,3683.4,4440.0,3288.1,4023.3,8,1,4023.0,205,4,4022.9,261,3,4022.8,15,2,4022.7,45,2,4024.6,27,3,4024.7,50,2,4024.8,41,2,4024.9,18,3,4025.0,84,4
11483,2026-07-02 12:53:54+05:30,4024.5,1,4039.32,1250644,146604.0,167085.0,4100.0,4110.0,4012.0,4092.6,25011350,4501.8,3683.4,4440.0,3288.1,4023.3,8,1,4023.0,205,4,4022.9,261,3,4022.8,15,2,4022.7,45,2,4024.6,27,3,4024.7,50,2,4024.8,41,2,4024.9,18,3,4025.0,84,4
11483,2026-07-02 12:53:54+05:30,4024.5,1,4039.32,1250647,146110.0,167850.0,4100.0,4110.0,4012.0,4092.6,25011350,4501.8,3683.4,4440.0,3288.1,4023.3,8,2,4023.0,205,4,4022.9,230,1,4022.6,58,3,4022.5,63,3,4024.3,13,3,4024.4,40,5,4024.5,15,4,4024.6,22,3,4024.7,113,5
11483,2026-07-02 12:53:55+05:30,4024.3,1,4039.32,1250647,146110.0,167850.0,4100.0,4110.0,4012.0,4092.6,25011350,4501.8,3683.4,4440.0,3288.1,4023.3,8,2,4023.0,205,4,4022.9,230,1,4022.6,58,3,4022.5,63,3,4024.3,13,3,4024.4,40,5,4024.5,15,4,4024.6,22,3,4024.7,113,5
11483,2026-07-02 12:53:55+05:30,4024.3,1,4039.32,1250648,146128.0,167638.0,4100.0,4110.0,4012.0,4092.6,25011350,4501.8,3683.4,4440.0,3288.1,4023.4,8,1,4023.3,8,2,4023.0,205,4,4022.9,230,1,4022.6,48,1,4024.4,16,3,4024.5,8,3,4024.6,22,3,4024.7,108,4,4024.8,29,2
11483,2026-07-02 12:53:56+05:30,4024.3,1,4039.32,1250648,146130.0,167516.0,4100.0,4110.0,4012.0,4092.6,25011350,4501.8,3683.4,4440.0,3288.1,4023.4,8,1,4023.3,8,2,4023.0,205,4,4022.9,230,1,4022.6,78,2,4024.3,13,3,4024.4,16,5,4024.5,23,4,4024.6,34,4,4024.7,108,4
11483,2026-07-02 12:53:57+05:30,4024.3,1,4039.32,1250648,146130.0,167516.0,4100.0,4110.0,4012.0,4092.6,25011350,4501.8,3683.4,4440.0,3288.1,4023.4,8,1,4023.3,8,2,4023.0,205,4,4022.9,230,1,4022.6,78,2,4024.3,13,3,4024.4,16,5,4024.5,23,4,4024.6,34,4,4024.7,108,4
11483,2026-07-02 12:53:57+05:30,4024.3,1,4039.32,1250651,146135.0,167293.0,4100.0,4110.0,4012.0,4092.6,25011350,4501.8,3683.4,4440.0,3288.1,4023.4,6,1,4023.3,8,2,4023.0,206,5,4022.9,230,1,4022.6,78,2,4024.3,9,2,4024.4,16,5,4024.5,8,3,4024.6,34,4,4024.7,73,3
11483,2026-07-02 12:53:58+05:30,4024.3,2,4039.32,1250651,146135.0,167293.0,4100.0,4110.0,4012.0,4092.6,25011350,4501.8,3683.4,4440.0,3288.1,4023.4,6,1,4023.3,8,2,4023.0,206,5,4022.9,230,1,4022.6,78,2,4024.3,9,2,4024.4,16,5,4024.5,8,3,4024.6,34,4,4024.7,73,3
11483,2026-07-02 12:53:58+05:30,4024.3,2,4039.32,1250654,146157.0,167606.0,4100.0,4110.0,4012.0,4092.6,25011350,4501.8,3683.4,4440.0,3288.1,4024.3,4,1,4023.8,1,1,4023.3,8,2,4023.0,206,5,4022.9,241,2,4024.4,1,1,4024.5,1,1,4024.6,1,1,4024.7,10,1,4024.9,8,2
11483,2026-07-02 12:53:59+05:30,4023.0,96,4039.32,1250654,146157.0,167606.0,4100.0,4110.0,4012.0,4092.6,25011350,4501.8,3683.4,4440.0,3288.1,4024.3,4,1,4023.8,1,1,4023.3,8,2,4023.0,206,5,4022.9,241,2,4024.4,1,1,4024.5,1,1,4024.6,1,1,4024.7,10,1,4024.9,8,2
11483,2026-07-02 12:53:59+05:30,4023.0,96,4039.32,1250912,145919.0,167636.0,4100.0,4110.0,4012.0,4092.6,25011350,4501.8,3683.4,4440.0,3288.1,4023.0,93,4,4022.9,230,1,4022.6,89,3,4022.5,71,3,4022.4,43,3,4023.9,96,1,4024.4,100,1,4024.5,6,2,4024.6,48,1,4024.7,219,3
11483,2026-07-02 12:54:00+05:30,4023.1,8,4039.32,1250912,145919.0,167636.0,4100.0,4110.0,4012.0,4092.6,25011350,4501.8,3683.4,4440.0,3288.1,4023.0,93,4,4022.9,230,1,4022.6,89,3,4022.5,71,3,4022.4,43,3,4023.9,96,1,4024.4,100,1,4024.5,6,2,4024.6,48,1,4024.7,219,3
11483,2026-07-02 12:54:00+05:30,4023.1,8,4039.32,1251044,145756.0,168280.0,4100.0,4110.0,4012.0,4092.6,25011350,4501.8,3683.4,4440.0,3288.1,4023.0,58,5,4022.9,230,1,4022.6,73,2,4022.5,101,4,4022.4,21,2,4023.1,85,1,4024.4,116,3,4024.5,13,2,4024.7,30,1,4024.8,88,3
11483,2026-07-02 12:54:01+05:30,4023.1,5,4039.32,1251072,145716.0,168089.0,4100.0,4110.0,4012.0,4092.6,25011350,4501.8,3683.4,4440.0,3288.1,4023.0,30,2,4022.9,230,1,4022.6,48,1,4022.5,81,3,4022.4,11,1,4023.1,78,2,4024.2,14,1,4024.4,116,3,4024.5,27,3,4024.7,30,1
11483,2026-07-02 12:54:01+05:30,4023.0,3,4039.32,1251072,145716.0,168089.0,4100.0,4110.0,4012.0,4092.6,25011350,4501.8,3683.4,4440.0,3288.1,4023.0,30,2,4022.9,230,1,4022.6,48,1,4022.5,81,3,4022.4,11,1,4023.1,78,2,4024.2,14,1,4024.4,116,3,4024.5,27,3,4024.7,30,1
11483,2026-07-02 12:54:01+05:30,4023.0,3,4039.32,1251072,145716.0,168089.0,4100.0,4110.0,4012.0,4092.6,25011350,4501.8,3683.4,4440.0,3288.1,4023.0,30,2,4022.9,230,1,4022.6,48,1,4022.5,81,3,4022.4,11,1,4023.1,78,2,4024.2,14,1,4024.4,116,3,4024.5,27,3,4024.7,30,1
11483,2026-07-02 12:54:02+05:30,4023.0,12,4039.32,1251087,145706.0,168121.0,4100.0,4110.0,4012.0,4092.6,25011350,4501.8,3683.4,4440.0,3288.1,4023.0,36,3,4022.9,230,1,4022.6,48,1,4022.5,81,3,4022.4,11,1,4023.1,81,3,4023.8,14,1,4024.2,26,2,4024.4,116,3,4024.5,93,6
11483,2026-07-02 12:54:02+05:30,4023.0,2,4039.32,1251087,145706.0,168121.0,4100.0,4110.0,4012.0,4092.6,25011350,4501.8,3683.4,4440.0,3288.1,4023.0,36,3,4022.9,230,1,4022.6,48,1,4022.5,81,3,4022.4,11,1,4023.1,81,3,4023.8,14,1,4024.2,26,2,4024.4,116,3,4024.5,93,6
11483,2026-07-02 12:54:02+05:30,4023.0,2,4039.32,1251087,145706.0,168121.0,4100.0,4110.0,4012.0,4092.6,25011350,4501.8,3683.4,4440.0,3288.1,4023.0,36,3,4022.9,230,1,4022.6,48,1,4022.5,81,3,4022.4,11,1,4023.1,81,3,4023.8,14,1,4024.2,26,2,4024.4,116,3,4024.5,93,6
11483,2026-07-02 12:54:03+05:30,4023.0,2,4039.32,1251101,145702.0,168192.0,4100.0,4110.0,4012.0,4092.6,25011350,4501.8,3683.4,4440.0,3288.1,4023.0,32,3,4022.9,230,1,4022.6,48,1,4022.5,81,3,4022.4,11,1,4023.1,74,4,4023.8,14,1,4024.2,26,2,4024.4,116,3,4024.5,93,6
11483,2026-07-02 12:54:03+05:30,4023.0,2,4039.32,1251101,145702.0,168192.0,4100.0,4110.0,4012.0,4092.6,25011350,4501.8,3683.4,4440.0,3288.1,4023.0,32,3,4022.9,230,1,4022.6,48,1,4022.5,81,3,4022.4,11,1,4023.1,74,4,4023.8,14,1,4024.2,26,2,4024.4,116,3,4024.5,93,6
11483,2026-07-02 12:54:03+05:30,4023.0,1,4039.32,1251101,145702.0,168192.0,4100.0,4110.0,4012.0,4092.6,25011350,4501.8,3683.4,4440.0,3288.1,4023.0,32,3,4022.9,230,1,4022.6,48,1,4022.5,81,3,4022.4,11,1,4023.1,74,4,4023.8,14,1,4024.2,26,2,4024.4,116,3,4024.5,93,6
11483,2026-07-02 12:54:03+05:30,4023.0,1,4039.32,1251101,145702.0,168192.0,4100.0,4110.0,4012.0,4092.6,25011350,4501.8,3683.4,4440.0,3288.1,4023.0,32,3,4022.9,230,1,4022.6,48,1,4022.5,81,3,4022.4,11,1,4023.1,74,4,4023.8,14,1,4024.2,26,2,4024.4,116,3,4024.5,93,6
11483,2026-07-02 12:54:04+05:30,4023.0,1,4039.32,1251102,145701.0,168194.0,4100.0,4110.0,4012.0,4092.6,25011350,4501.8,3683.4,4440.0,3288.1,4023.0,31,3,4022.9,230,1,4022.6,48,1,4022.5,81,3,4022.4,11,1,4023.1,74,4,4023.8,14,1,4024.2,26,2,4024.4,116,3,4024.5,93,6
11483,2026-07-02 12:54:04+05:30,4023.0,1,4039.32,1251102,145701.0,168194.0,4100.0,4110.0,4012.0,4092.6,25011350,4501.8,3683.4,4440.0,3288.1,4023.0,31,3,4022.9,230,1,4022.6,48,1,4022.5,81,3,4022.4,11,1,4023.1,74,4,4023.8,14,1,4024.2,26,2,4024.4,116,3,4024.5,93,6
11483,2026-07-02 12:54:04+05:30,4023.0,1,4039.32,1251102,145701.0,168194.0,4100.0,4110.0,4012.0,4092.6,25011350,4501.8,3683.4,4440.0,3288.1,4023.0,31,3,4022.9,230,1,4022.6,48,1,4022.5,81,3,4022.4,11,1,4023.1,74,4,4023.8,14,1,4024.2,26,2,4024.4,116,3,4024.5,93,6
11483,2026-07-02 12:54:05+05:30,4023.0,1,4039.32,1251102,145701.0,168194.0,4100.0,4110.0,4012.0,4092.6,25011350,4501.8,3683.4,4440.0,3288.1,4023.0,31,3,4022.9,230,1,4022.6,48,1,4022.5,81,3,4022.4,11,1,4023.1,74,4,4023.8,14,1,4024.2,26,2,4024.4,116,3,4024.5,93,6
11483,2026-07-02 12:54:05+05:30,4023.0,18,4039.32,1251102,145701.0,168194.0,4100.0,4110.0,4012.0,4092.6,25011350,4501.8,3683.4,4440.0,3288.1,4023.0,31,3,4022.9,230,1,4022.6,48,1,4022.5,81,3,4022.4,11,1,4023.1,74,4,4023.8,14,1,4024.2,26,2,4024.4,116,3,4024.5,93,6
11483,2026-07-02 12:54:05+05:30,4023.0,18,4039.32,1251151,145696.0,168180.0,4100.0,4110.0,4012.0,4092.6,25011350,4501.8,3683.4,4440.0,3288.1,4023.0,41,3,4022.9,230,1,4022.6,48,1,4022.5,51,2,4022.4,11,1,4023.1,76,5,4023.8,14,1,4024.2,26,2,4024.3,17,1,4024.4,116,3
11483,2026-07-02 12:54:05+05:30,4023.0,18,4039.32,1251151,145696.0,168180.0,4100.0,4110.0,4012.0,4092.6,25011350,4501.8,3683.4,4440.0,3288.1,4023.0,41,3,4022.9,230,1,4022.6,48,1,4022.5,51,2,4022.4,11,1,4023.1,76,5,4023.8,14,1,4024.2,26,2,4024.3,17,1,4024.4,116,3
11483,2026-07-02 12:54:05+05:30,4023.0,18,4039.32,1251151,145696.0,168180.0,4100.0,4110.0,4012.0,4092.6,25024650,4501.8,3683.4,4440.0,3288.1,4023.0,41,3,4022.9,230,1,4022.6,48,1,4022.5,51,2,4022.4,11,1,4023.1,76,5,4023.8,14,1,4024.2,26,2,4024.3,17,1,4024.4,116,3
11483,2026-07-02 12:54:06+05:30,4023.0,18,4039.32,1251151,145696.0,168180.0,4100.0,4110.0,4012.0,4092.6,25024650,4501.8,3683.4,4440.0,3288.1,4023.0,44,3,4022.9,230,1,4022.6,48,1,4022.5,81,3,4022.4,11,1,4023.1,69,5,4023.8,14,1,4024.2,26,2,4024.3,26,1,4024.4,116,3
11483,2026-07-02 12:54:06+05:30,4023.1,7,4039.32,1251163,145828.0,168280.0,4100.0,4110.0,4012.0,4092.6,25024650,4501.8,3683.4,4440.0,3288.1,4023.0,44,3,4022.9,230,1,4022.6,48,1,4022.5,81,3,4022.4,11,1,4023.1,69,5,4023.8,14,1,4024.2,26,2,4024.3,26,1,4024.4,116,3
11483,2026-07-02 12:54:06+05:30,4023.0,2,4039.32,1251163,145828.0,168280.0,4100.0,4110.0,4012.0,4092.6,25024650,4501.8,3683.4,4440.0,3288.1,4023.0,44,3,4022.9,230,1,4022.6,48,1,4022.5,81,3,4022.4,11,1,4023.1,69,5,4023.8,14,1,4024.2,26,2,4024.3,26,1,4024.4,116,3
11483,2026-07-02 12:54:06+05:30,4023.0,2,4039.32,1251163,145828.0,168280.0,4100.0,4110.0,4012.0,4092.6,25024650,4501.8,3683.4,4440.0,3288.1,4023.0,44,3,4022.9,230,1,4022.6,48,1,4022.5,81,3,4022.4,11,1,4023.1,69,5,4023.8,14,1,4024.2,26,2,4024.3,26,1,4024.4,116,3
11483,2026-07-02 12:54:07+05:30,4023.0,2,4039.32,1251163,145828.0,168280.0,4100.0,4110.0,4012.0,4092.6,25024650,4501.8,3683.4,4440.0,3288.1,4023.0,44,3,4022.9,230,1,4022.6,48,1,4022.5,81,3,4022.4,11,1,4023.1,69,5,4023.8,14,1,4024.2,26,2,4024.3,26,1,4024.4,116,3
11483,2026-07-02 12:54:07+05:30,4023.0,9,4039.32,1251310,145744.0,168287.0,4100.0,4110.0,4012.0,4092.6,25024650,4501.8,3683.4,4440.0,3288.1,4022.9,230,1,4022.6,48,1,4022.5,51,2,4022.4,11,1,4022.3,26,1,4023.0,30,1,4023.1,69,5,4023.8,14,1,4024.2,26,2,4024.4,146,4
11483,2026-07-02 12:54:07+05:30,4022.9,18,4039.32,1251310,145744.0,168287.0,4100.0,4110.0,4012.0,4092.6,25024650,4501.8,3683.4,4440.0,3288.1,4022.9,230,1,4022.6,48,1,4022.5,51,2,4022.4,11,1,4022.3,26,1,4023.0,30,1,4023.1,69,5,4023.8,14,1,4024.2,26,2,4024.4,146,4
11483,2026-07-02 12:54:07+05:30,4022.9,18,4039.32,1251310,145744.0,168287.0,4100.0,4110.0,4012.0,4092.6,25024650,4501.8,3683.4,4440.0,3288.1,4022.9,230,1,4022.6,48,1,4022.5,51,2,4022.4,11,1,4022.3,26,1,4023.0,30,1,4023.1,69,5,4023.8,14,1,4024.2,26,2,4024.4,146,4
11483,2026-07-02 12:54:08+05:30,4022.9,18,4039.32,1251328,145757.0,168307.0,4100.0,4110.0,4012.0,4092.6,25024650,4501.8,3683.4,4440.0,3288.1,4022.9,212,1,4022.6,48,1,4022.5,51,2,4022.4,11,1,4022.3,26,1,4023.0,32,2,4023.1,67,4,4023.8,14,1,4024.2,26,2,4024.3,17,1
11483,2026-07-02 12:54:08+05:30,4022.9,2,4039.32,1251328,145757.0,168307.0,4100.0,4110.0,4012.0,4092.6,25024650,4501.8,3683.4,4440.0,3288.1,4022.9,212,1,4022.6,48,1,4022.5,51,2,4022.4,11,1,4022.3,26,1,4023.0,32,2,4023.1,67,4,4023.8,14,1,4024.2,26,2,4024.3,17,1
11483,2026-07-02 12:54:09+05:30,4023.0,2,4039.31,1251337,145766.0,168266.0,4100.0,4110.0,4012.0,4092.6,25024650,4501.8,3683.4,4440.0,3288.1,4022.9,210,1,4022.6,48,1,4022.5,51,2,4022.4,11,1,4022.3,26,1,4023.0,32,5,4023.1,59,2,4023.5,20,2,4023.8,9,1,4023.9,24,2
11483,2026-07-02 12:54:09+05:30,4022.9,1,4039.31,1251337,145766.0,168266.0,4100.0,4110.0,4012.0,4092.6,25024650,4501.8,3683.4,4440.0,3288.1,4022.9,210,1,4022.6,48,1,4022.5,51,2,4022.4,11,1,4022.3,26,1,4023.0,32,5,4023.1,59,2,4023.5,20,2,4023.8,9,1,4023.9,24,2
11483,2026-07-02 12:54:10+05:30,4022.9,1,4039.31,1251338,145755.0,168272.0,4100.0,4110.0,4012.0,4092.6,25024650,4501.8,3683.4,4440.0,3288.1,4022.9,209,1,4022.6,48,1,4022.5,51,2,4022.4,11,1,4022.3,26,1,4023.0,32,5,4023.1,59,2,4023.5,20,2,4023.8,9,1,4023.9,24,2
11483,2026-07-02 12:54:11+05:30,4022.9,1,4039.31,1251338,145661.0,168262.0,4100.0,4110.0,4012.0,4092.6,25024650,4501.8,3683.4,4440.0,3288.1,4022.9,232,2,4022.6,48,1,4022.5,51,2,4022.4,11,1,4022.3,26,1,4023.0,32,5,4023.1,59,2,4023.5,14,1,4023.8,5,1,4023.9,34,3
11483,2026-07-02 12:54:12+05:30,4022.9,1,4039.31,1251338,145660.0,168243.0,4100.0,4110.0,4012.0,4092.6,25024650,4501.8,3683.4,4440.0,3288.1,4022.9,232,2,4022.6,48,1,4022.5,51,2,4022.4,11,1,4022.3,26,1,4023.0,32,5,4023.1,59,2,4023.5,14,1,4023.8,5,1,4023.9,34,3
11483,2026-07-02 12:54:13+05:30,4023.0,11,4039.31,1251349,145665.0,168180.0,4100.0,4110.0,4012.0,4092.6,25024650,4501.8,3683.4,4440.0,3288.1,4022.9,232,2,4022.6,48,1,4022.5,51,2,4022.4,11,1,4022.3,26,1,4023.0,22,6,4023.1,59,2,4023.5,14,1,4023.8,5,1,4023.9,34,3
11483,2026-07-02 12:54:13+05:30,4022.9,2,4039.31,1251349,145665.0,168180.0,4100.0,4110.0,4012.0,4092.6,25024650,4501.8,3683.4,4440.0,3288.1,4022.9,232,2,4022.6,48,1,4022.5,51,2,4022.4,11,1,4022.3,26,1,4023.0,22,6,4023.1,59,2,4023.5,14,1,4023.8,5,1,4023.9,34,3
11483,2026-07-02 12:54:14+05:30,4022.9,2,4039.31,1251351,145648.0,168213.0,4100.0,4110.0,4012.0,4092.6,25024650,4501.8,3683.4,4440.0,3288.1,4022.9,230,2,4022.6,48,1,4022.5,51,2,4022.4,11,1,4022.3,26,1,4023.0,24,7,4023.1,59,2,4023.5,14,1,4023.8,5,1,4023.9,34,3
11483,2026-07-02 12:54:15+05:30,4022.9,6,4039.31,1251589,144413.0,168443.0,4100.0,4110.0,4012.0,4092.6,25024650,4501.8,3683.4,4440.0,3288.1,4022.6,48,1,4022.5,51,2,4022.4,11,1,4022.3,26,1,4022.1,12,3,4022.9,12,1,4023.0,26,7,4023.1,13,2,4023.3,14,1,4023.5,29,2
11483,2026-07-02 12:54:15+05:30,4022.6,10,4039.31,1251589,144413.0,168443.0,4100.0,4110.0,4012.0,4092.6,25024650,4501.8,3683.4,4440.0,3288.1,4022.6,48,1,4022.5,51,2,4022.4,11,1,4022.3,26,1,4022.1,12,3,4022.9,12,1,4023.0,26,7,4023.1,13,2,4023.3,14,1,4023.5,29,2
11483,2026-07-02 12:54:16+05:30,4022.6,1,4039.31,1251635,144718.0,168390.0,4100.0,4110.0,4012.0,4092.6,25024650,4501.8,3683.4,4440.0,3288.1,4022.6,8,1,4022.5,51,2,4022.4,11,1,4022.3,26,1,4022.1,12,3,4022.9,10,2,4023.0,7,3,4023.1,13,2,4023.5,29,2,4023.6,1,1
11483,2026-07-02 12:54:16+05:30,4022.6,5,4039.31,1251635,144718.0,168390.0,4100.0,4110.0,4012.0,4092.6,25024650,4501.8,3683.4,4440.0,3288.1,4022.6,8,1,4022.5,51,2,4022.4,11,1,4022.3,26,1,4022.1,12,3,4022.9,10,2,4023.0,7,3,4023.1,13,2,4023.5,29,2,4023.6,1,1
11483,2026-07-02 12:54:17+05:30,4023.0,5,4039.31,1251695,144772.0,168361.0,4100.0,4110.0,4012.0,4092.6,25024650,4501.8,3683.4,4440.0,3288.1,4022.6,3,1,4022.5,51,2,4022.4,11,1,4022.3,26,1,4022.1,12,3,4023.0,3,1,4023.1,3,1,4023.5,29,2,4023.6,1,1,4023.8,16,3
11483,2026-07-02 12:54:17+05:30,4022.6,7,4039.31,1251695,144772.0,168361.0,4100.0,4110.0,4012.0,4092.6,25024650,4501.8,3683.4,4440.0,3288.1,4022.6,3,1,4022.5,51,2,4022.4,11,1,4022.3,26,1,4022.1,12,3,4023.0,3,1,4023.1,3,1,4023.5,29,2,4023.6,1,1,4023.8,16,3
11483,2026-07-02 12:54:18+05:30,4022.6,7,4039.31,1251702,145309.0,168351.0,4100.0,4110.0,4012.0,4092.6,25024650,4501.8,3683.4,4440.0,3288.1,4022.8,1,1,4022.6,50,1,4022.5,51,2,4022.4,11,1,4022.3,26,1,4023.0,3,1,4023.1,3,1,4023.5,29,2,4023.6,1,1,4023.8,16,3
11483,2026-07-02 12:54:18+05:30,4022.8,1,4039.31,1251702,145309.0,168351.0,4100.0,4110.0,4012.0,4092.6,25024650,4501.8,3683.4,4440.0,3288.1,4022.8,1,1,4022.6,50,1,4022.5,51,2,4022.4,11,1,4022.3,26,1,4023.0,3,1,4023.1,3,1,4023.5,29,2,4023.6,1,1,4023.8,16,3
11483,2026-07-02 12:54:19+05:30,4022.8,1,4039.31,1251703,145326.0,168332.0,4100.0,4110.0,4012.0,4092.6,25024650,4501.8,3683.4,4440.0,3288.1,4022.6,50,1,4022.5,51,2,4022.4,11,1,4022.3,26,1,4022.1,42,4,4023.0,3,1,4023.1,3,1,4023.5,11,1,4023.6,1,1,4023.8,6,2
11483,2026-07-02 12:54:20+05:30,4023.0,1,4039.31,1251704,145318.0,168352.0,4100.0,4110.0,4012.0,4092.6,25024650,4501.8,3683.4,4440.0,3288.1,4022.6,50,1,4022.5,51,2,4022.4,33,2,4022.3,26,1,4022.1,45,5,4023.0,9,2,4023.1,3,1,4023.5,11,1,4023.6,1,1,4023.8,6,2
11483,2026-07-02 12:54:20+05:30,4023.0,1,4039.31,1251704,145318.0,168352.0,4100.0,4110.0,4012.0,4092.6,25024650,4501.8,3683.4,4440.0,3288.1,4022.6,50,1,4022.5,51,2,4022.4,33,2,4022.3,26,1,4022.1,45,5,4023.0,9,2,4023.1,3,1,4023.5,11,1,4023.6,1,1,4023.8,6,2
11483,2026-07-02 12:54:21+05:30,4023.0,3,4039.31,1251709,145433.0,168441.0,4100.0,4110.0,4012.0,4092.6,25024650,4501.8,3683.4,4440.0,3288.1,4022.6,50,1,4022.5,51,2,4022.4,33,2,4022.3,26,1,4022.1,45,5,4023.0,4,1,4023.1,3,1,4023.5,11,1,4023.8,1,1,4023.9,5,2
11483,2026-07-02 12:54:21+05:30,4022.6,1,4039.31,1251709,145433.0,168441.0,4100.0,4110.0,4012.0,4092.6,25024650,4501.8,3683.4,4440.0,3288.1,4022.6,50,1,4022.5,51,2,4022.4,33,2,4022.3,26,1,4022.1,45,5,4023.0,4,1,4023.1,3,1,4023.5,11,1,4023.8,1,1,4023.9,5,2
11483,2026-07-02 12:54:22+05:30,4022.5,65,4039.31,1251904,145122.0,168274.0,4100.0,4110.0,4012.0,4092.6,25024650,4501.8,3683.4,4440.0,3288.1,4022.5,50,1,4022.4,11,1,4022.3,26,1,4022.1,50,6,4022.0,746,15,4023.0,4,1,4023.1,3,1,4023.5,11,1,4023.8,1,1,4023.9,37,3
11483,2026-07-02 12:54:22+05:30,4022.5,23,4039.31,1251904,145122.0,168274.0,4100.0,4110.0,4012.0,4092.6,25024650,4501.8,3683.4,4440.0,3288.1,4022.5,50,1,4022.4,11,1,4022.3,26,1,4022.1,50,6,4022.0,746,15,4023.0,4,1,4023.1,3,1,4023.5,11,1,4023.8,1,1,4023.9,37,3
11483,2026-07-02 12:54:23+05:30,4023.0,2,4039.31,1251929,145161.0,168446.0,4100.0,4110.0,4012.0,4092.6,25024650,4501.8,3683.4,4440.0,3288.1,4022.8,1,1,4022.5,27,1,4022.4,11,1,4022.3,26,1,4022.1,80,7,4023.0,4,2,4023.1,3,1,4023.5,11,1,4023.8,1,1,4023.9,37,3
11483,2026-07-02 12:54:23+05:30,4022.8,1,4039.31,1251929,145161.0,168446.0,4100.0,4110.0,4012.0,4092.6,25024650,4501.8,3683.4,4440.0,3288.1,4022.8,1,1,4022.5,27,1,4022.4,11,1,4022.3,26,1,4022.1,80,7,4023.0,4,2,4023.1,3,1,4023.5,11,1,4023.8,1,1,4023.9,37,3
11483,2026-07-02 12:54:24+05:30,4022.8,1,4039.31,1251931,145287.0,168264.0,4100.0,4110.0,4012.0,4092.6,25024650,4501.8,3683.4,4440.0,3288.1,4022.5,53,3,4022.4,28,2,4022.3,26,1,4022.1,100,8,4022.0,734,15,4022.8,10,3,4023.0,2,1,4023.1,3,1,4023.5,11,1,4023.7,1,1
11483,2026-07-02 12:54:24+05:30,4022.5,1,4039.31,1251931,145287.0,168264.0,4100.0,4110.0,4012.0,4092.6,25024650,4501.8,3683.4,4440.0,3288.1,4022.5,53,3,4022.4,28,2,4022.3,26,1,4022.1,100,8,4022.0,734,15,4022.8,10,3,4023.0,2,1,4023.1,3,1,4023.5,11,1,4023.7,1,1
11483,2026-07-02 12:54:25+05:30,4022.8,6,4039.31,1251957,145310.0,168252.0,4100.0,4110.0,4012.0,4092.6,25024650,4501.8,3683.4,4440.0,3288.1,4022.5,46,3,4022.4,11,1,4022.3,26,1,4022.1,72,6,4022.0,719,14,4022.8,9,2,4023.0,2,1,4023.1,3,1,4023.5,11,1,4023.7,1,1
11483,2026-07-02 12:54:25+05:30,4022.8,3,4039.31,1251957,145310.0,168252.0,4100.0,4110.0,4012.0,4092.6,25024650,4501.8,3683.4,4440.0,3288.1,4022.5,46,3,4022.4,11,1,4022.3,26,1,4022.1,72,6,4022.0,719,14,4022.8,9,2,4023.0,2,1,4023.1,3,1,4023.5,11,1,4023.7,1,1
11483,2026-07-02 12:54:26+05:30,4022.6,7,4039.3,1252097,145259.0,168649.0,4100.0,4110.0,4012.0,4092.6,25024650,4501.8,3683.4,4440.0,3288.1,4022.5,31,2,4022.4,11,1,4022.3,26,1,4022.1,22,4,4022.0,719,14,4022.6,31,1,4022.8,50,4,4023.0,42,1,4023.1,3,1,4023.2,42,1
11483,2026-07-02 12:54:26+05:30,4022.5,17,4039.3,1252097,145259.0,168649.0,4100.0,4110.0,4012.0,4092.6,25024650,4501.8,3683.4,4440.0,3288.1,4022.5,31,2,4022.4,11,1,4022.3,26,1,4022.1,22,4,4022.0,719,14,4022.6,31,1,4022.8,50,4,4023.0,42,1,4023.1,3,1,4023.2,42,1
11483,2026-07-02 12:54:27+05:30,4022.5,17,4039.3,1252114,145292.0,168626.0,4100.0,4110.0,4012.0,4092.6,25024650,4501.8,3683.4,4440.0,3288.1,4022.5,64,2,4022.4,11,1,4022.3,26,1,4022.1,22,4,4022.0,719,14,4022.7,42,1,4022.8,8,3,4022.9,42,1,4023.1,45,2,4023.5,11,1
11483,2026-07-02 12:54:27+05:30,4022.5,2,4039.3,1252114,145292.0,168626.0,4100.0,4110.0,4012.0,4092.6,25024650,4501.8,3683.4,4440.0,3288.1,4022.5,64,2,4022.4,11,1,4022.3,26,1,4022.1,22,4,4022.0,719,14,4022.7,42,1,4022.8,8,3,4022.9,42,1,4023.1,45,2,4023.5,11,1
11483,2026-07-02 12:54:28+05:30,4022.5,19,4039.3,1252147,145261.0,168683.0,4100.0,4110.0,4012.0,4092.6,25024650,4501.8,3683.4,4440.0,3288.1,4022.5,45,2,4022.4,11,1,4022.3,26,1,4022.1,22,4,4022.0,719,14,4022.6,42,1,4022.7,44,2,4022.8,6,2,4022.9,42,1,4023.0,1,1
11483,2026-07-02 12:54:28+05:30,4022.6,1,4039.3,1252147,145261.0,168683.0,4100.0,4110.0,4012.0,4092.6,25024650,4501.8,3683.4,4440.0,3288.1,4022.5,45,2,4022.4,11,1,4022.3,26,1,4022.1,22,4,4022.0,719,14,4022.6,42,1,4022.7,44,2,4022.8,6,2,4022.9,42,1,4023.0,1,1
11483,2026-07-02 12:54:29+05:30,4022.5,110,4039.3,1252407,144911.0,168627.0,4100.0,4110.0,4012.0,4092.6,25024650,4501.8,3683.4,4440.0,3288.1,4022.5,50,1,4022.4,11,1,4022.3,26,1,4022.1,22,4,4022.0,719,14,4022.6,34,3,4022.7,44,2,4022.9,42,1,4023.0,1,1,4023.1,46,3
11483,2026-07-02 12:54:29+05:30,4022.5,31,4039.3,1252407,144911.0,168627.0,4100.0,4110.0,4012.0,4092.6,25024650,4501.8,3683.4,4440.0,3288.1,4022.5,50,1,4022.4,11,1,4022.3,26,1,4022.1,22,4,4022.0,719,14,4022.6,34,3,4022.7,44,2,4022.9,42,1,4023.0,1,1,4023.1,46,3
11483,2026-07-02 12:54:29+05:30,4022.5,6,4039.3,1252525,144949.0,168661.0,4100.0,4110.0,4012.0,4092.6,25024650,4501.8,3683.4,4440.0,3288.1,4022.5,7,1,4022.4,11,1,4022.3,26,1,4022.1,22,4,4022.0,719,14,4022.6,37,5,4022.7,42,1,4022.9,42,1,4023.0,1,1,4023.1,46,3
11483,2026-07-02 12:54:30+05:30,4022.5,1,4039.3,1252525,144949.0,168661.0,4100.0,4110.0,4012.0,4092.6,25024650,4501.8,3683.4,4440.0,3288.1,4022.5,7,1,4022.4,11,1,4022.3,26,1,4022.1,22,4,4022.0,719,14,4022.6,37,5,4022.7,42,1,4022.9,42,1,4023.0,1,1,4023.1,46,3
11483,2026-07-02 12:54:30+05:30,4022.5,3,4039.3,1252814,144555.0,168917.0,4100.0,4110.0,4012.0,4092.6,25024650,4501.8,3683.4,4440.0,3288.1,4022.3,11,1,4022.1,12,3,4022.0,719,14,4021.8,152,2,4021.6,40,2,4022.5,39,2,4022.6,37,5,4022.7,42,1,4022.8,2,1,4022.9,42,1
11483,2026-07-02 12:54:31+05:30,4022.3,11,4039.3,1252814,144555.0,168917.0,4100.0,4110.0,4012.0,4092.6,25024650,4501.8,3683.4,4440.0,3288.1,4022.3,11,1,4022.1,12,3,4022.0,719,14,4021.8,152,2,4021.6,40,2,4022.5,39,2,4022.6,37,5,4022.7,42,1,4022.8,2,1,4022.9,42,1
11483,2026-07-02 12:54:31+05:30,4022.1,2,4039.29,1252850,144307.0,169021.0,4100.0,4110.0,4012.0,4092.6,25024650,4501.8,3683.4,4440.0,3288.1,4022.0,732,15,4021.8,152,2,4021.6,26,1,4021.5,18,1,4021.4,44,2,4022.1,52,1,4022.3,3,1,4022.5,83,4,4022.6,35,4,4022.7,42,1
11483,2026-07-02 12:54:32+05:30,4022.0,1,4039.29,1252850,144307.0,169021.0,4100.0,4110.0,4012.0,4092.6,25024650,4501.8,3683.4,4440.0,3288.1,4022.0,732,15,4021.8,152,2,4021.6,26,1,4021.5,18,1,4021.4,44,2,4022.1,52,1,4022.3,3,1,4022.5,83,4,4022.6,35,4,4022.7,42,1
11483,2026-07-02 12:54:32+05:30,4022.0,52,4039.29,1252912,144341.0,169021.0,4100.0,4110.0,4012.0,4092.6,25024650,4501.8,3683.4,4440.0,3288.1,4022.0,690,15,4021.8,152,2,4021.6,26,1,4021.3,72,4,4021.2,68,2,4022.1,2,1,4022.3,3,1,4022.4,42,1,4022.5,41,3,4022.6,77,5
11483,2026-07-02 12:54:33+05:30,4022.0,7,4039.29,1252912,144341.0,169021.0,4100.0,4110.0,4012.0,4092.6,25024650,4501.8,3683.4,4440.0,3288.1,4022.0,690,15,4021.8,152,2,4021.6,26,1,4021.3,72,4,4021.2,68,2,4022.1,2,1,4022.3,3,1,4022.4,42,1,4022.5,41,3,4022.6,77,5
11483,2026-07-02 12:54:33+05:30,4022.0,21,4039.29,1253309,142641.0,168885.0,4100.0,4110.0,4012.0,4092.6,25024650,4501.8,3683.4,4440.0,3288.1,4022.0,280,14,4021.8,166,3,4021.6,26,1,4021.4,3,1,4021.3,57,2,4022.1,9,3,4022.3,3,1,4022.5,4,2,4022.6,1,1,4022.8,6,1
11483,2026-07-02 12:54:34+05:30,4022.0,48,4039.29,1253309,142641.0,168885.0,4100.0,4110.0,4012.0,4092.6,25024650,4501.8,3683.4,4440.0,3288.1,4022.0,280,14,4021.8,166,3,4021.6,26,1,4021.4,3,1,4021.3,57,2,4022.1,9,3,4022.3,3,1,4022.5,4,2,4022.6,1,1,4022.8,6,1
11483,2026-07-02 12:54:34+05:30,4022.1,1,4039.29,1253358,142739.0,168879.0,4100.0,4110.0,4012.0,4092.6,25024650,4501.8,3683.4,4440.0,3288.1,4022.0,232,14,4021.8,166,3,4021.6,28,2,4021.4,3,1,4021.3,57,2,4022.1,10,4,4022.3,3,1,4022.5,2,1,4022.6,1,1,4022.8,6,1
11483,2026-07-02 12:54:35+05:30,4022.1,8,4039.29,1253358,142739.0,168879.0,4100.0,4110.0,4012.0,4092.6,25024650,4501.8,3683.4,4440.0,3288.1,4022.0,232,14,4021.8,166,3,4021.6,28,2,4021.4,3,1,4021.3,57,2,4022.1,10,4,4022.3,3,1,4022.5,2,1,4022.6,1,1,4022.8,6,1
11483,2026-07-02 12:54:35+05:30,4023.1,8,4039.29,1253492,143790.0,169096.0,4100.0,4110.0,4012.0,4092.6,25024650,4501.8,3683.4,4440.0,3288.1,4022.1,29,2,4022.0,268,14,4021.9,42,1,4021.8,169,4,4021.7,53,2,4023.4,19,1,4023.5,5,1,4023.6,35,2,4023.8,97,2,4023.9,28,2
11483,2026-07-02 12:54:36+05:30,4022.7,1,4039.29,1253492,143790.0,169096.0,4100.0,4110.0,4012.0,4092.6,25024650,4501.8,3683.4,4440.0,3288.1,4022.1,29,2,4022.0,268,14,4021.9,42,1,4021.8,169,4,4021.7,53,2,4023.4,19,1,4023.5,5,1,4023.6,35,2,4023.8,97,2,4023.9,28,2
11483,2026-07-02 12:54:36+05:30,4022.7,1,4039.29,1253511,144421.0,169394.0,4100.0,4110.0,4012.0,4092.6,25024650,4501.8,3683.4,4440.0,3288.1,4023.1,80,1,4022.9,42,1,4022.7,95,3,4022.6,12,1,4022.5,56,2,4023.4,1,1,4023.8,67,1,4023.9,15,1,4024.0,31,3,4024.1,30,1
11483,2026-07-02 12:54:37+05:30,4023.1,2,4039.29,1253511,144421.0,169394.0,4100.0,4110.0,4012.0,4092.6,25024650,4501.8,3683.4,4440.0,3288.1,4023.1,80,1,4022.9,42,1,4022.7,95,3,4022.6,12,1,4022.5,56,2,4023.4,1,1,4023.8,67,1,4023.9,15,1,4024.0,31,3,4024.1,30,1
11483,2026-07-02 12:54:37+05:30,4023.1,2,4039.29,1253513,144392.0,169321.0,4100.0,4110.0,4012.0,4092.6,25024650,4501.8,3683.4,4440.0,3288.1,4023.1,42,1,4023.0,1,1,4022.9,42,1,4022.7,83,2,4022.3,17,1,4023.2,175,1,4023.3,175,1,4023.4,1,1,4023.8,67,1,4023.9,35,3
11483,2026-07-02 12:54:38+05:30,4023.1,36,4039.28,1253591,144499.0,169310.0,4100.0,4110.0,4012.0,4092.6,25024650,4501.8,3683.4,4440.0,3288.1,4023.0,1,1,4022.8,42,1,4022.7,41,1,4022.6,42,1,4022.1,13,2,4023.1,97,1,4023.2,16,1,4023.3,175,1,4023.4,1,1,4023.8,67,1
11483,2026-07-02 12:54:39+05:30,4022.7,1,4039.28,1253591,144499.0,169310.0,4100.0,4110.0,4012.0,4092.6,25024650,4501.8,3683.4,4440.0,3288.1,4023.0,1,1,4022.8,42,1,4022.7,41,1,4022.6,42,1,4022.1,13,2,4023.1,97,1,4023.2,16,1,4023.3,175,1,4023.4,1,1,4023.8,67,1
11483,2026-07-02 12:54:39+05:30,4022.7,12,4039.28,1253688,144383.0,168953.0,4100.0,4110.0,4012.0,4092.6,25024650,4501.8,3683.4,4440.0,3288.1,4022.7,67,1,4022.5,42,1,4022.1,88,5,4022.0,230,16,4021.9,70,2,4023.0,1,1,4023.1,2,1,4023.2,24,2,4023.4,1,1,4023.8,67,1
11483,2026-07-02 12:54:40+05:30,4023.0,2,4039.28,1253688,144383.0,168953.0,4100.0,4110.0,4012.0,4092.6,25024650,4501.8,3683.4,4440.0,3288.1,4022.7,67,1,4022.5,42,1,4022.1,88,5,4022.0,230,16,4021.9,70,2,4023.0,1,1,4023.1,2,1,4023.2,24,2,4023.4,1,1,4023.8,67,1
11483,2026-07-02 12:54:40+05:30,4023.0,2,4039.28,1253701,144497.0,168933.0,4100.0,4110.0,4012.0,4092.6,25024650,4501.8,3683.4,4440.0,3288.1,4022.8,42,1,4022.7,42,1,4022.5,42,1,4022.4,19,1,4022.3,42,1,4023.0,1,1,4023.1,2,1,4023.2,24,2,4023.4,1,1,4023.8,67,1
11483,2026-07-02 12:54:41+05:30,4023.0,1,4039.28,1253701,144497.0,168933.0,4100.0,4110.0,4012.0,4092.6,25024650,4501.8,3683.4,4440.0,3288.1,4022.8,42,1,4022.7,42,1,4022.5,42,1,4022.4,19,1,4022.3,42,1,4023.0,1,1,4023.1,2,1,4023.2,24,2,4023.4,1,1,4023.8,67,1
11483,2026-07-02 12:54:41+05:30,4023.0,7,4039.28,1253711,144606.0,169105.0,4100.0,4110.0,4012.0,4092.6,25024650,4501.8,3683.4,4440.0,3288.1,4023.0,47,1,4022.8,82,2,4022.6,42,1,4022.4,61,2,4022.3,12,1,4023.1,2,1,4023.2,24,2,4023.4,1,1,4023.5,2,1,4023.8,67,1
11483,2026-07-02 12:54:42+05:30,4023.0,1,4039.28,1253711,144606.0,169105.0,4100.0,4110.0,4012.0,4092.6,25024650,4501.8,3683.4,4440.0,3288.1,4023.0,47,1,4022.8,82,2,4022.6,42,1,4022.4,61,2,4022.3,12,1,4023.1,2,1,4023.2,24,2,4023.4,1,1,4023.5,2,1,4023.8,67,1
11483,2026-07-02 12:54:42+05:30,4023.0,15,4039.28,1253727,150131.0,168941.0,4100.0,4110.0,4012.0,4092.6,25024650,4501.8,3683.4,4440.0,3288.1,4022.9,42,1,4022.8,54,2,4022.7,60,2,4022.5,42,1,4022.4,19,1,4023.0,40,1,4023.1,2,1,4023.2,24,2,4023.4,1,1,4023.5,2,1
11483,2026-07-02 12:54:43+05:30,4023.0,5,4039.28,1253727,150131.0,168941.0,4100.0,4110.0,4012.0,4092.6,25024650,4501.8,3683.4,4440.0,3288.1,4022.9,42,1,4022.8,54,2,4022.7,60,2,4022.5,42,1,4022.4,19,1,4023.0,40,1,4023.1,2,1,4023.2,24,2,4023.4,1,1,4023.5,2,1
11483,2026-07-02 12:54:43+05:30,4023.0,1,4039.28,1253775,150112.0,168912.0,4100.0,4110.0,4012.0,4092.6,25024650,4501.8,3683.4,4440.0,3288.1,4022.9,40,1,4022.8,54,2,4022.6,42,1,4022.4,91,3,4022.2,3,1,4023.0,19,4,4023.4,1,1,4023.5,2,1,4023.8,67,1,4023.9,27,2
11483,2026-07-02 12:54:44+05:30,4023.0,3,4039.28,1253775,150112.0,168912.0,4100.0,4110.0,4012.0,4092.6,25024650,4501.8,3683.4,4440.0,3288.1,4022.9,40,1,4022.8,54,2,4022.6,42,1,4022.4,91,3,4022.2,3,1,4023.0,19,4,4023.4,1,1,4023.5,2,1,4023.8,67,1,4023.9,27,2
11483,2026-07-02 12:54:44+05:30,4023.0,3,4039.28,1253856,150027.0,169153.0,4100.0,4110.0,4012.0,4092.6,25024650,4501.8,3683.4,4440.0,3288.1,4022.9,34,1,4022.8,54,2,4022.6,42,1,4022.4,42,1,4022.1,41,2,4023.0,189,3,4023.4,1,1,4023.5,2,1,4023.8,79,2,4023.9,15,1
11483,2026-07-02 12:54:45+05:30,4023.0,26,4039.28,1253856,150027.0,169153.0,4100.0,4110.0,4012.0,4092.6,25024650,4501.8,3683.4,4440.0,3288.1,4022.9,34,1,4022.8,54,2,4022.6,42,1,4022.4,42,1,4022.1,41,2,4023.0,189,3,4023.4,1,1,4023.5,2,1,4023.8,79,2,4023.9,15,1
11483,2026-07-02 12:54:45+05:30,4023.8,84,4039.28,1254220,145731.0,168075.0,4100.0,4110.0,4012.0,4092.6,25024650,4501.8,3683.4,4440.0,3288.1,4023.5,1,1,4023.3,71,1,4023.0,23,1,4022.9,85,3,4022.8,69,3,4023.8,67,1,4023.9,15,1,4024.2,100,1,4024.4,100,1,4024.7,75,1
11483,2026-07-02 12:54:46+05:30,4023.5,8,4039.28,1254220,145731.0,168075.0,4100.0,4110.0,4012.0,4092.6,25024650,4501.8,3683.4,4440.0,3288.1,4023.5,1,1,4023.3,71,1,4023.0,23,1,4022.9,85,3,4022.8,69,3,4023.8,67,1,4023.9,15,1,4024.2,100,1,4024.4,100,1,4024.7,75,1
11483,2026-07-02 12:54:46+05:30,4023.5,8,4039.28,1254234,145427.0,168246.0,4100.0,4110.0,4012.0,4092.6,25024650,4501.8,3683.4,4440.0,3288.1,4023.2,3,1,4023.1,19,1,4023.0,23,1,4022.8,29,2,4022.7,61,3,4023.5,5,1,4023.8,64,1,4023.9,15,1,4024.2,100,1,4024.4,100,1
11483,2026-07-02 12:54:47+05:30,4023.5,2,4039.28,1254234,145427.0,168246.0,4100.0,4110.0,4012.0,4092.6,25024650,4501.8,3683.4,4440.0,3288.1,4023.2,3,1,4023.1,19,1,4023.0,23,1,4022.8,29,2,4022.7,61,3,4023.5,5,1,4023.8,64,1,4023.9,15,1,4024.2,100,1,4024.4,100,1
11483,2026-07-02 12:54:47+05:30,4023.5,2,4039.28,1254238,145421.0,168249.0,4100.0,4110.0,4012.0,4092.6,25024650,4501.8,3683.4,4440.0,3288.1,4023.2,1,1,4023.1,19,1,4023.0,23,1,4022.8,29,2,4022.7,61,3,4023.5,3,1,4023.8,64,1,4023.9,15,1,4024.2,100,1,4024.4,100,1
11483,2026-07-02 12:54:48+05:30,4023.5,2,4039.28,1254238,145422.0,168272.0,4100.0,4110.0,4012.0,4092.6,25024650,4501.8,3683.4,4440.0,3288.1,4023.2,1,1,4023.0,23,1,4022.8,29,2,4022.7,61,3,4022.6,32,2,4023.5,10,3,4023.8,64,1,4023.9,15,1,4024.2,100,1,4024.4,100,1
11483,2026-07-02 12:54:49+05:30,4023.5,1,4039.28,1254238,145422.0,168272.0,4100.0,4110.0,4012.0,4092.6,25024650,4501.8,3683.4,4440.0,3288.1,4023.2,1,1,4023.0,23,1,4022.8,29,2,4022.7,61,3,4022.6,32,2,4023.5,10,3,4023.8,64,1,4023.9,15,1,4024.2,100,1,4024.4,100,1
11483,2026-07-02 12:54:49+05:30,4023.5,1,4039.28,1254239,145446.0,168280.0,4100.0,4110.0,4012.0,4092.6,25024650,4501.8,3683.4,4440.0,3288.1,4023.2,1,1,4023.0,42,2,4022.8,29,2,4022.7,61,3,4022.6,32,2,4023.5,84,4,4023.8,64,1,4023.9,15,1,4024.2,100,1,4024.4,100,1
11483,2026-07-02 12:54:50+05:30,4023.2,1,4039.28,1254239,145446.0,168280.0,4100.0,4110.0,4012.0,4092.6,25024650,4501.8,3683.4,4440.0,3288.1,4023.2,1,1,4023.0,42,2,4022.8,29,2,4022.7,61,3,4022.6,32,2,4023.5,84,4,4023.8,64,1,4023.9,15,1,4024.2,100,1,4024.4,100,1
11483,2026-07-02 12:54:50+05:30,4023.2,1,4039.28,1254240,145459.0,168314.0,4100.0,4110.0,4012.0,4092.6,25024650,4501.8,3683.4,4440.0,3288.1,4023.0,36,2,4022.7,31,2,4022.6,32,2,4022.5,15,1,4022.4,54,4,4023.5,84,4,4023.8,64,1,4023.9,15,1,4024.2,100,1,4024.4,100,1
11483,2026-07-02 12:54:51+05:30,4023.5,4,4039.28,1254240,145459.0,168314.0,4100.0,4110.0,4012.0,4092.6,25024650,4501.8,3683.4,4440.0,3288.1,4023.0,36,2,4022.7,31,2,4022.6,32,2,4022.5,15,1,4022.4,54,4,4023.5,84,4,4023.8,64,1,4023.9,15,1,4024.2,100,1,4024.4,100,1
11483,2026-07-02 12:54:51+05:30,4023.5,4,4039.28,1254315,145397.0,168242.0,4100.0,4110.0,4012.0,4092.6,25024650,4501.8,3683.4,4440.0,3288.1,4023.0,36,2,4022.7,31,2,4022.6,83,3,4022.5,30,2,4022.4,49,2,4023.5,23,4,4023.8,64,1,4023.9,15,1,4024.2,100,1,4024.4,100,1
11483,2026-07-02 12:54:52+05:30,4023.0,9,4039.28,1254315,145397.0,168242.0,4100.0,4110.0,4012.0,4092.6,25024650,4501.8,3683.4,4440.0,3288.1,4023.0,36,2,4022.7,31,2,4022.6,83,3,4022.5,30,2,4022.4,49,2,4023.5,23,4,4023.8,64,1,4023.9,15,1,4024.2,100,1,4024.4,100,1
11483,2026-07-02 12:54:52+05:30,4023.0,14,4039.28,1254338,145444.0,168204.0,4100.0,4110.0,4012.0,4092.6,25024650,4501.8,3683.4,4440.0,3288.1,4023.0,63,2,4022.7,31,2,4022.6,83,3,4022.5,30,2,4022.4,49,2,4023.5,23,4,4023.8,64,1,4023.9,15,1,4024.2,100,1,4024.4,100,1
11483,2026-07-02 12:54:53+05:30,4023.0,2,4039.28,1254338,145444.0,168204.0,4100.0,4110.0,4012.0,4092.6,25024650,4501.8,3683.4,4440.0,3288.1,4023.0,63,2,4022.7,31,2,4022.6,83,3,4022.5,30,2,4022.4,49,2,4023.5,23,4,4023.8,64,1,4023.9,15,1,4024.2,100,1,4024.4,100,1
11483,2026-07-02 12:54:53+05:30,4023.0,2,4039.27,1254340,145429.0,168265.0,4100.0,4110.0,4012.0,4092.6,25024650,4501.8,3683.4,4440.0,3288.1,4023.0,71,3,4022.6,69,2,4022.5,15,1,4022.4,66,3,4022.3,18,1,4023.5,24,5,4023.8,64,1,4023.9,15,1,4024.2,115,2,4024.4,100,1
11483,2026-07-02 12:54:54+05:30,4023.5,2,4039.27,1254340,145429.0,168265.0,4100.0,4110.0,4012.0,4092.6,25024650,4501.8,3683.4,4440.0,3288.1,4023.0,71,3,4022.6,69,2,4022.5,15,1,4022.4,66,3,4022.3,18,1,4023.5,24,5,4023.8,64,1,4023.9,15,1,4024.2,115,2,4024.4,100,1
11483,2026-07-02 12:54:54+05:30,4023.0,1,4039.27,1254345,145325.0,168271.0,4100.0,4110.0,4012.0,4092.6,25024650,4501.8,3683.4,4440.0,3288.1,4023.0,69,3,4022.6,69,2,4022.5,15,1,4022.4,66,3,4022.3,18,1,4023.5,22,5,4023.8,64,1,4023.9,15,1,4024.2,115,2,4024.4,100,1
11483,2026-07-02 12:54:55+05:30,4023.0,1,4039.27,1254345,145325.0,168271.0,4100.0,4110.0,4012.0,4092.6,25024650,4501.8,3683.4,4440.0,3288.1,4023.0,69,3,4022.6,69,2,4022.5,15,1,4022.4,66,3,4022.3,18,1,4023.5,22,5,4023.8,64,1,4023.9,15,1,4024.2,115,2,4024.4,100,1
11483,2026-07-02 12:54:55+05:30,4023.0,1,4039.27,1254346,145328.0,168268.0,4100.0,4110.0,4012.0,4092.6,25024650,4501.8,3683.4,4440.0,3288.1,4023.1,8,1,4023.0,68,3,4022.6,69,2,4022.5,15,1,4022.4,66,3,4023.5,22,5,4023.8,64,1,4023.9,15,1,4024.2,115,2,4024.4,100,1
11483,2026-07-02 12:54:56+05:30,4023.1,1,4039.27,1254346,145328.0,168268.0,4100.0,4110.0,4012.0,4092.6,25024650,4501.8,3683.4,4440.0,3288.1,4023.1,8,1,4023.0,68,3,4022.6,69,2,4022.5,15,1,4022.4,66,3,4023.5,22,5,4023.8,64,1,4023.9,15,1,4024.2,115,2,4024.4,100,1
11483,2026-07-02 12:54:56+05:30,4023.1,2,4039.27,1254349,145368.0,168182.0,4100.0,4110.0,4012.0,4092.6,25024650,4501.8,3683.4,4440.0,3288.1,4023.1,5,1,4023.0,68,3,4022.7,18,1,4022.6,69,2,4022.5,15,1,4023.5,22,5,4023.8,64,1,4023.9,26,2,4024.2,115,2,4024.6,35,2
11483,2026-07-02 12:54:57+05:30,4023.1,2,4039.27,1254349,145368.0,168182.0,4100.0,4110.0,4012.0,4092.6,25024650,4501.8,3683.4,4440.0,3288.1,4023.1,5,1,4023.0,68,3,4022.7,18,1,4022.6,69,2,4022.5,15,1,4023.5,22,5,4023.8,64,1,4023.9,26,2,4024.2,115,2,4024.6,35,2
11483,2026-07-02 12:54:57+05:30,4023.1,2,4039.27,1254349,145374.0,168183.0,4100.0,4110.0,4012.0,4092.6,25024650,4501.8,3683.4,4440.0,3288.1,4023.3,1,1,4023.1,5,1,4023.0,68,3,4022.7,18,1,4022.6,69,2,4023.5,22,5,4023.8,64,1,4023.9,26,2,4024.2,115,2,4024.6,35,2
11483,2026-07-02 12:54:58+05:30,4023.5,3,4039.27,1254349,145374.0,168183.0,4100.0,4110.0,4012.0,4092.6,25024650,4501.8,3683.4,4440.0,3288.1,4023.3,1,1,4023.1,5,1,4023.0,68,3,4022.7,18,1,4022.6,69,2,4023.5,22,5,4023.8,64,1,4023.9,26,2,4024.2,115,2,4024.6,35,2
11483,2026-07-02 12:54:58+05:30,4023.5,3,4039.27,1254427,145513.0,168140.0,4100.0,4110.0,4012.0,4092.6,25024650,4501.8,3683.4,4440.0,3288.1,4023.2,10,1,4023.1,35,3,4023.0,60,2,4022.9,9,1,4022.7,48,2,4023.5,3,2,4023.8,67,2,4023.9,26,2,4024.2,115,2,4024.6,5,1
11483,2026-07-02 12:54:59+05:30,4023.5,4,4039.27,1254427,145513.0,168140.0,4100.0,4110.0,4012.0,4092.6,25024650,4501.8,3683.4,4440.0,3288.1,4023.2,10,1,4023.1,35,3,4023.0,60,2,4022.9,9,1,4022.7,48,2,4023.5,3,2,4023.8,67,2,4023.9,26,2,4024.2,115,2,4024.6,5,1
11483,2026-07-02 12:54:59+05:30,4023.5,4,4039.27,1254484,145471.0,167834.0,4100.0,4110.0,4012.0,4092.6,25024650,4501.8,3683.4,4440.0,3288.1,4023.0,84,4,4022.7,48,2,4022.6,69,2,4022.5,3,1,4022.4,66,3,4023.5,3,3,4023.8,67,2,4023.9,26,2,4024.2,115,2,4024.6,5,1
11483,2026-07-02 12:55:00+05:30,4023.0,7,4039.27,1254484,145471.0,167834.0,4100.0,4110.0,4012.0,4092.6,25024650,4501.8,3683.4,4440.0,3288.1,4023.0,84,4,4022.7,48,2,4022.6,69,2,4022.5,3,1,4022.4,66,3,4023.5,3,3,4023.8,67,2,4023.9,26,2,4024.2,115,2,4024.6,5,1
11483,2026-07-02 12:55:00+05:30,4023.0,7,4039.27,1254491,145556.0,167812.0,4100.0,4110.0,4012.0,4092.6,25024650,4501.8,3683.4,4440.0,3288.1,4023.0,77,4,4022.7,18,1,4022.6,69,2,4022.5,3,1,4022.4,66,3,4023.5,3,3,4023.8,67,2,4023.9,26,2,4024.2,115,2,4024.6,5,1
11483,2026-07-02 12:55:01+05:30,4023.8,3,4039.27,1254510,145640.0,167818.0,4100.0,4110.0,4012.0,4092.6,25024650,4501.8,3683.4,4440.0,3288.1,4023.0,77,4,4022.7,48,2,4022.6,69,2,4022.5,3,1,4022.4,66,3,4023.8,61,2,4023.9,26,2,4024.2,115,2,4024.6,5,1,4024.7,12,1
11483,2026-07-02 12:55:01+05:30,4023.0,3,4039.27,1254510,145640.0,167818.0,4100.0,4110.0,4012.0,4092.6,25024650,4501.8,3683.4,4440.0,3288.1,4023.0,77,4,4022.7,48,2,4022.6,69,2,4022.5,3,1,4022.4,66,3,4023.8,61,2,4023.9,26,2,4024.2,115,2,4024.6,5,1,4024.7,12,1
11483,2026-07-02 12:55:02+05:30,4023.0,3,4039.27,1254510,145640.0,167818.0,4100.0,4110.0,4012.0,4092.6,25024650,4501.8,3683.4,4440.0,3288.1,4023.0,77,4,4022.7,48,2,4022.6,69,2,4022.5,3,1,4022.4,66,3,4023.8,61,2,4023.9,26,2,4024.2,115,2,4024.6,5,1,4024.7,12,1
11483,2026-07-02 12:55:02+05:30,4023.8,1,4039.27,1254515,145665.0,168102.0,4100.0,4110.0,4012.0,4092.6,25024650,4501.8,3683.4,4440.0,3288.1,4023.6,25,1,4023.0,74,4,4022.7,48,2,4022.6,72,3,4022.5,12,1,4023.8,59,2,4023.9,26,2,4024.2,115,2,4024.6,5,1,4024.8,12,1
11483,2026-07-02 12:55:02+05:30,4023.8,1,4039.27,1254515,145665.0,168102.0,4100.0,4110.0,4012.0,4092.6,25024650,4501.8,3683.4,4440.0,3288.1,4023.6,25,1,4023.0,74,4,4022.7,48,2,4022.6,72,3,4022.5,12,1,4023.8,59,2,4023.9,26,2,4024.2,115,2,4024.6,5,1,4024.8,12,1
11483,2026-07-02 12:55:02+05:30,4023.8,1,4039.27,1254515,145665.0,168102.0,4100.0,4110.0,4012.0,4092.6,25024650,4501.8,3683.4,4440.0,3288.1,4023.6,25,1,4023.0,74,4,4022.7,48,2,4022.6,72,3,4022.5,12,1,4023.8,59,2,4023.9,26,2,4024.2,115,2,4024.6,5,1,4024.8,12,1
11483,2026-07-02 12:55:03+05:30,4023.8,1,4039.27,1254515,145665.0,168102.0,4100.0,4110.0,4012.0,4092.6,25024650,4501.8,3683.4,4440.0,3288.1,4023.6,25,1,4023.0,74,4,4022.7,48,2,4022.6,72,3,4022.5,12,1,4023.8,59,2,4023.9,26,2,4024.2,115,2,4024.6,5,1,4024.8,12,1
11483,2026-07-02 12:55:03+05:30,4023.8,1,4039.27,1254515,145660.0,168109.0,4100.0,4110.0,4012.0,4092.6,25024650,4501.8,3683.4,4440.0,3288.1,4023.6,25,1,4023.0,74,4,4022.7,51,3,4022.6,69,2,4022.5,12,1,4023.8,59,2,4023.9,26,2,4024.2,115,2,4024.6,5,1,4024.9,38,3
11483,2026-07-02 12:55:03+05:30,4023.8,1,4039.27,1254515,145660.0,168109.0,4100.0,4110.0,4012.0,4092.6,25024650,4501.8,3683.4,4440.0,3288.1,4023.6,25,1,4023.0,74,4,4022.7,51,3,4022.6,69,2,4022.5,12,1,4023.8,59,2,4023.9,26,2,4024.2,115,2,4024.6,5,1,4024.9,38,3
11483,2026-07-02 12:55:03+05:30,4023.8,1,4039.27,1254515,145660.0,168109.0,4100.0,4110.0,4012.0,4092.6,25024650,4501.8,3683.4,4440.0,3288.1,4023.6,25,1,4023.0,74,4,4022.7,51,3,4022.6,69,2,4022.5,12,1,4023.8,59,2,4023.9,26,2,4024.2,115,2,4024.6,5,1,4024.9,38,3
11483,2026-07-02 12:55:04+05:30,4023.8,1,4039.27,1254515,145660.0,168109.0,4100.0,4110.0,4012.0,4092.6,25024650,4501.8,3683.4,4440.0,3288.1,4023.6,25,1,4023.0,74,4,4022.7,51,3,4022.6,69,2,4022.5,12,1,4023.8,59,2,4023.9,26,2,4024.2,115,2,4024.6,5,1,4024.9,38,3
11483,2026-07-02 12:55:04+05:30,4023.8,1,4039.27,1254516,146045.0,168110.0,4100.0,4110.0,4012.0,4092.6,25024650,4501.8,3683.4,4440.0,3288.1,4023.6,25,1,4023.0,94,5,4022.7,51,3,4022.6,69,2,4022.5,12,1,4023.8,58,2,4023.9,26,2,4024.2,115,2,4024.6,5,1,4024.9,38,3
11483,2026-07-02 12:55:04+05:30,4023.8,1,4039.27,1254516,146045.0,168110.0,4100.0,4110.0,4012.0,4092.6,25024650,4501.8,3683.4,4440.0,3288.1,4023.6,25,1,4023.0,94,5,4022.7,51,3,4022.6,69,2,4022.5,12,1,4023.8,58,2,4023.9,26,2,4024.2,115,2,4024.6,5,1,4024.9,38,3
11483,2026-07-02 12:55:05+05:30,4023.8,1,4039.27,1254516,146045.0,168110.0,4100.0,4110.0,4012.0,4092.6,25024650,4501.8,3683.4,4440.0,3288.1,4023.6,25,1,4023.0,106,6,4022.8,15,1,4022.7,51,3,4022.6,69,2,4023.8,58,2,4023.9,27,3,4024.2,115,2,4024.6,5,1,4024.9,38,3
11483,2026-07-02 12:55:05+05:30,4023.8,1,4039.27,1254516,146048.0,168130.0,4100.0,4110.0,4012.0,4092.6,25024650,4501.8,3683.4,4440.0,3288.1,4023.6,25,1,4023.0,106,6,4022.8,15,1,4022.7,51,3,4022.6,69,2,4023.8,58,2,4023.9,27,3,4024.2,115,2,4024.6,5,1,4024.9,38,3
11483,2026-07-02 12:55:05+05:30,4023.8,1,4039.27,1254516,146048.0,168130.0,4100.0,4110.0,4012.0,4092.6,25024650,4501.8,3683.4,4440.0,3288.1,4023.6,25,1,4023.0,106,6,4022.8,15,1,4022.7,51,3,4022.6,69,2,4023.8,58,2,4023.9,27,3,4024.2,115,2,4024.6,5,1,4024.9,38,3
11483,2026-07-02 12:55:06+05:30,4023.8,1,4039.27,1254516,146048.0,168130.0,4100.0,4110.0,4012.0,4092.6,25024650,4501.8,3683.4,4440.0,3288.1,4023.6,25,1,4023.0,106,6,4022.8,15,1,4022.7,51,3,4022.6,69,2,4023.8,58,2,4023.9,27,3,4024.2,115,2,4024.6,5,1,4024.9,38,3
11483,2026-07-02 12:55:06+05:30,4023.8,7,4039.27,1254524,146042.0,168133.0,4100.0,4110.0,4012.0,4092.6,25024650,4501.8,3683.4,4440.0,3288.1,4023.6,24,1,4023.0,106,6,4022.8,15,1,4022.7,51,3,4022.6,69,2,4023.8,51,2,4023.9,27,3,4024.2,115,2,4024.9,38,3,4025.0,62,3
11483,2026-07-02 12:55:06+05:30,4023.8,7,4039.27,1254524,146042.0,168133.0,4100.0,4110.0,4012.0,4092.6,25032525,4501.8,3683.4,4440.0,3288.1,4023.6,24,1,4023.0,106,6,4022.8,15,1,4022.7,51,3,4022.6,69,2,4023.8,51,2,4023.9,27,3,4024.2,115,2,4024.9,38,3,4025.0,62,3
11483,2026-07-02 12:55:06+05:30,4023.6,1,4039.27,1254524,146042.0,168133.0,4100.0,4110.0,4012.0,4092.6,25032525,4501.8,3683.4,4440.0,3288.1,4023.6,24,1,4023.0,106,6,4022.8,15,1,4022.7,51,3,4022.6,69,2,4023.8,51,2,4023.9,27,3,4024.2,115,2,4024.9,38,3,4025.0,62,3
11483,2026-07-02 12:55:06+05:30,4023.6,1,4039.27,1254524,146042.0,168133.0,4100.0,4110.0,4012.0,4092.6,25032525,4501.8,3683.4,4440.0,3288.1,4023.6,24,1,4023.0,106,6,4022.8,15,1,4022.7,51,3,4022.6,69,2,4023.8,51,2,4023.9,27,3,4024.2,115,2,4024.9,38,3,4025.0,62,3
11483,2026-07-02 12:55:07+05:30,4023.6,1,4039.27,1254525,146048.0,168151.0,4100.0,4110.0,4012.0,4092.6,25032525,4501.8,3683.4,4440.0,3288.1,4023.6,23,1,4023.0,106,6,4022.8,15,1,4022.7,51,3,4022.6,69,2,4023.8,53,3,4023.9,27,3,4024.2,115,2,4024.9,38,3,4025.0,62,3
11483,2026-07-02 12:55:07+05:30,4023.6,1,4039.27,1254525,146048.0,168151.0,4100.0,4110.0,4012.0,4092.6,25032525,4501.8,3683.4,4440.0,3288.1,4023.6,23,1,4023.0,106,6,4022.8,15,1,4022.7,51,3,4022.6,69,2,4023.8,53,3,4023.9,27,3,4024.2,115,2,4024.9,38,3,4025.0,62,3
11483,2026-07-02 12:55:08+05:30,4023.6,1,4039.27,1254525,146013.0,168104.0,4100.0,4110.0,4012.0,4092.6,25032525,4501.8,3683.4,4440.0,3288.1,4023.6,23,1,4023.0,91,5,4022.8,40,2,4022.7,51,3,4022.6,69,2,4023.8,57,5,4023.9,27,3,4024.2,115,2,4024.9,38,3,4025.0,62,3
11483,2026-07-02 12:55:08+05:30,4023.6,1,4039.27,1254525,146013.0,168104.0,4100.0,4110.0,4012.0,4092.6,25032525,4501.8,3683.4,4440.0,3288.1,4023.6,23,1,4023.0,91,5,4022.8,40,2,4022.7,51,3,4022.6,69,2,4023.8,57,5,4023.9,27,3,4024.2,115,2,4024.9,38,3,4025.0,62,3
11483,2026-07-02 12:55:09+05:30,4023.8,3,4039.27,1254529,146038.0,168089.0,4100.0,4110.0,4012.0,4092.6,25032525,4501.8,3683.4,4440.0,3288.1,4023.6,23,1,4023.0,91,5,4022.8,40,2,4022.7,51,3,4022.6,69,2,4023.8,53,5,4023.9,27,3,4024.2,115,2,4024.9,38,3,4025.0,62,3
11483,2026-07-02 12:55:09+05:30,4023.8,3,4039.27,1254529,146038.0,168089.0,4100.0,4110.0,4012.0,4092.6,25032525,4501.8,3683.4,4440.0,3288.1,4023.6,23,1,4023.0,91,5,4022.8,40,2,4022.7,51,3,4022.6,69,2,4023.8,53,5,4023.9,27,3,4024.2,115,2,4024.9,38,3,4025.0,62,3
11483,2026-07-02 12:55:10+05:30,4023.8,3,4039.27,1254529,146046.0,168093.0,4100.0,4110.0,4012.0,4092.6,25032525,4501.8,3683.4,4440.0,3288.1,4023.6,23,1,4023.0,91,5,4022.8,40,2,4022.7,48,2,4022.6,72,3,4023.8,53,5,4023.9,27,3,4024.2,115,2,4024.9,38,3,4025.0,65,4
11483,2026-07-02 12:55:11+05:30,4023.8,1,4039.27,1254530,146026.0,168104.0,4100.0,4110.0,4012.0,4092.6,25032525,4501.8,3683.4,4440.0,3288.1,4023.6,23,1,4023.0,79,4,4022.8,25,1,4022.6,69,2,4022.5,12,1,4023.8,52,5,4023.9,27,3,4024.2,115,2,4024.4,14,1,4024.7,11,1
11483,2026-07-02 12:55:11+05:30,4023.8,1,4039.27,1254530,146026.0,168104.0,4100.0,4110.0,4012.0,4092.6,25032525,4501.8,3683.4,4440.0,3288.1,4023.6,23,1,4023.0,79,4,4022.8,25,1,4022.6,69,2,4022.5,12,1,4023.8,52,5,4023.9,27,3,4024.2,115,2,4024.4,14,1,4024.7,11,1
11483,2026-07-02 12:55:12+05:30,4023.0,2,4039.27,1254749,146280.0,168122.0,4100.0,4110.0,4012.0,4092.6,25032525,4501.8,3683.4,4440.0,3288.1,4023.0,447,3,4022.8,25,1,4022.6,51,1,4022.4,56,4,4022.3,165,5,4023.8,52,5,4023.9,27,3,4024.2,115,2,4024.3,3,1,4024.7,11,1
11483,2026-07-02 12:55:12+05:30,4023.0,27,4039.27,1254749,146280.0,168122.0,4100.0,4110.0,4012.0,4092.6,25032525,4501.8,3683.4,4440.0,3288.1,4023.0,447,3,4022.8,25,1,4022.6,51,1,4022.4,56,4,4022.3,165,5,4023.8,52,5,4023.9,27,3,4024.2,115,2,4024.3,3,1,4024.7,11,1
11483,2026-07-02 12:55:13+05:30,4023.0,27,4039.27,1254776,146139.0,168095.0,4100.0,4110.0,4012.0,4092.6,25032525,4501.8,3683.4,4440.0,3288.1,4023.0,420,3,4022.8,25,1,4022.6,51,1,4022.4,56,4,4022.3,152,4,4023.8,52,5,4023.9,27,3,4024.2,115,2,4024.3,3,1,4024.7,11,1
11483,2026-07-02 12:55:13+05:30,4023.0,3,4039.27,1254776,146139.0,168095.0,4100.0,4110.0,4012.0,4092.6,25032525,4501.8,3683.4,4440.0,3288.1,4023.0,420,3,4022.8,25,1,4022.6,51,1,4022.4,56,4,4022.3,152,4,4023.8,52,5,4023.9,27,3,4024.2,115,2,4024.3,3,1,4024.7,11,1
11483,2026-07-02 12:55:14+05:30,4023.8,41,4039.27,1254872,146241.0,168084.0,4100.0,4110.0,4012.0,4092.6,25032525,4501.8,3683.4,4440.0,3288.1,4023.0,417,3,4022.9,13,1,4022.8,55,2,4022.7,32,2,4022.6,75,3,4023.8,31,4,4023.9,27,3,4024.2,115,2,4024.8,26,2,4024.9,43,4
11483,2026-07-02 12:55:14+05:30,4023.0,11,4039.27,1254872,146241.0,168084.0,4100.0,4110.0,4012.0,4092.6,25032525,4501.8,3683.4,4440.0,3288.1,4023.0,417,3,4022.9,13,1,4022.8,55,2,4022.7,32,2,4022.6,75,3,4023.8,31,4,4023.9,27,3,4024.2,115,2,4024.8,26,2,4024.9,43,4
11483,2026-07-02 12:55:15+05:30,4023.8,2,4039.27,1254885,146400.0,168088.0,4100.0,4110.0,4012.0,4092.6,25032525,4501.8,3683.4,4440.0,3288.1,4023.0,406,3,4022.9,13,1,4022.8,73,3,4022.7,32,2,4022.6,69,2,4023.8,29,4,4023.9,27,3,4024.2,115,2,4024.7,3,1,4024.8,26,2
11483,2026-07-02 12:55:15+05:30,4023.0,2,4039.27,1254885,146400.0,168088.0,4100.0,4110.0,4012.0,4092.6,25032525,4501.8,3683.4,4440.0,3288.1,4023.0,406,3,4022.9,13,1,4022.8,73,3,4022.7,32,2,4022.6,69,2,4023.8,29,4,4023.9,27,3,4024.2,115,2,4024.7,3,1,4024.8,26,2
11483,2026-07-02 12:55:16+05:30,4023.0,2,4039.27,1254887,146403.0,168133.0,4100.0,4110.0,4012.0,4092.6,25032525,4501.8,3683.4,4440.0,3288.1,4023.5,10,3,4023.0,404,3,4022.9,13,1,4022.8,55,2,4022.7,44,3,4023.8,29,4,4023.9,27,3,4024.2,115,2,4024.8,26,2,4024.9,43,4
11483,2026-07-02 12:55:17+05:30,4023.8,10,4039.27,1254897,146406.0,168149.0,4100.0,4110.0,4012.0,4092.6,25032525,4501.8,3683.4,4440.0,3288.1,4023.6,1,1,4023.5,10,3,4023.0,405,4,4022.9,13,1,4022.8,55,2,4023.8,69,5,4023.9,16,2,4024.2,115,2,4024.8,26,2,4024.9,43,4
11483,2026-07-02 12:55:17+05:30,4023.6,1,4039.27,1254897,146406.0,168149.0,4100.0,4110.0,4012.0,4092.6,25032525,4501.8,3683.4,4440.0,3288.1,4023.6,1,1,4023.5,10,3,4023.0,405,4,4022.9,13,1,4022.8,55,2,4023.8,69,5,4023.9,16,2,4024.2,115,2,4024.8,26,2,4024.9,43,4
11483,2026-07-02 12:55:18+05:30,4023.6,1,4039.27,1254898,145893.0,168190.0,4100.0,4110.0,4012.0,4092.6,25032525,4501.8,3683.4,4440.0,3288.1,4023.5,2,2,4023.0,405,4,4022.8,25,1,4022.6,51,1,4022.5,5,1,4023.8,71,6,4023.9,16,2,4024.1,14,1,4024.2,115,2,4024.5,46,3
11483,2026-07-02 12:55:18+05:30,4023.5,1,4039.27,1254898,145893.0,168190.0,4100.0,4110.0,4012.0,4092.6,25032525,4501.8,3683.4,4440.0,3288.1,4023.5,2,2,4023.0,405,4,4022.8,25,1,4022.6,51,1,4022.5,5,1,4023.8,71,6,4023.9,16,2,4024.1,14,1,4024.2,115,2,4024.5,46,3
11483,2026-07-02 12:55:19+05:30,4023.8,1,4039.27,1254901,146086.0,168214.0,4100.0,4110.0,4012.0,4092.6,25032525,4501.8,3683.4,4440.0,3288.1,4023.5,2,2,4023.0,405,4,4022.8,25,1,4022.6,51,1,4022.5,17,2,4023.8,79,7,4023.9,16,2,4024.2,129,3,4024.3,8,1,4024.5,56,4
11483,2026-07-02 12:55:19+05:30,4023.8,1,4039.27,1254901,146086.0,168214.0,4100.0,4110.0,4012.0,4092.6,25032525,4501.8,3683.4,4440.0,3288.1,4023.5,2,2,4023.0,405,4,4022.8,25,1,4022.6,51,1,4022.5,17,2,4023.8,79,7,4023.9,16,2,4024.2,129,3,4024.3,8,1,4024.5,56,4
11483,2026-07-02 12:55:20+05:30,4023.0,1,4039.26,1255297,144146.0,167983.0,4100.0,4110.0,4012.0,4092.6,25032525,4501.8,3683.4,4440.0,3288.1,4023.0,50,1,4022.8,25,1,4022.6,51,1,4022.5,5,1,4022.3,51,1,4023.6,19,1,4023.8,69,6,4023.9,39,4,4024.0,35,3,4024.1,33,3
11483,2026-07-02 12:55:20+05:30,4023.0,48,4039.26,1255297,144146.0,167983.0,4100.0,4110.0,4012.0,4092.6,25032525,4501.8,3683.4,4440.0,3288.1,4023.0,50,1,4022.8,25,1,4022.6,51,1,4022.5,5,1,4022.3,51,1,4023.6,19,1,4023.8,69,6,4023.9,39,4,4024.0,35,3,4024.1,33,3
11483,2026-07-02 12:55:21+05:30,4023.0,48,4039.26,1255345,144826.0,167577.0,4100.0,4110.0,4012.0,4092.6,25032525,4501.8,3683.4,4440.0,3288.1,4023.0,2,1,4022.8,25,1,4022.6,51,1,4022.5,5,1,4022.3,51,1,4023.7,19,1,4023.8,83,7,4023.9,27,4,4024.0,35,3,4024.1,33,3
11483,2026-07-02 12:55:21+05:30,4023.0,5,4039.26,1255345,144826.0,167577.0,4100.0,4110.0,4012.0,4092.6,25032525,4501.8,3683.4,4440.0,3288.1,4023.0,2,1,4022.8,25,1,4022.6,51,1,4022.5,5,1,4022.3,51,1,4023.7,19,1,4023.8,83,7,4023.9,27,4,4024.0,35,3,4024.1,33,3
11483,2026-07-02 12:55:22+05:30,4023.0,5,4039.26,1255350,144919.0,167508.0,4100.0,4110.0,4012.0,4092.6,25032525,4501.8,3683.4,4440.0,3288.1,4023.0,60,2,4022.8,25,1,4022.6,51,1,4022.5,5,1,4022.3,81,2,4023.7,9,2,4023.8,67,5,4023.9,27,4,4024.0,30,3,4024.1,33,3
11483,2026-07-02 12:55:22+05:30,4023.0,1,4039.26,1255350,144919.0,167508.0,4100.0,4110.0,4012.0,4092.6,25032525,4501.8,3683.4,4440.0,3288.1,4023.0,60,2,4022.8,25,1,4022.6,51,1,4022.5,5,1,4022.3,81,2,4023.7,9,2,4023.8,67,5,4023.9,27,4,4024.0,30,3,4024.1,33,3
11483,2026-07-02 12:55:23+05:30,4023.0,1,4039.26,1255351,144913.0,167552.0,4100.0,4110.0,4012.0,4092.6,25032525,4501.8,3683.4,4440.0,3288.1,4023.0,59,2,4022.8,25,1,4022.6,51,1,4022.5,5,1,4022.3,81,2,4023.7,9,2,4023.8,67,5,4023.9,27,4,4024.0,30,3,4024.1,33,3
11483,2026-07-02 12:55:24+05:30,4023.0,23,4039.26,1255526,145016.0,168135.0,4100.0,4110.0,4012.0,4092.6,25032525,4501.8,3683.4,4440.0,3288.1,4023.6,1,1,4023.0,62,2,4022.8,25,1,4022.6,51,1,4022.5,5,1,4023.7,4,3,4023.8,64,3,4023.9,18,3,4024.0,10,2,4024.1,17,1
11483,2026-07-02 12:55:24+05:30,4023.6,2,4039.26,1255526,145016.0,168135.0,4100.0,4110.0,4012.0,4092.6,25032525,4501.8,3683.4,4440.0,3288.1,4023.6,1,1,4023.0,62,2,4022.8,25,1,4022.6,51,1,4022.5,5,1,4023.7,4,3,4023.8,64,3,4023.9,18,3,4024.0,10,2,4024.1,17,1
11483,2026-07-02 12:55:25+05:30,4023.6,2,4039.26,1255530,144951.0,168425.0,4100.0,4110.0,4012.0,4092.6,25032525,4501.8,3683.4,4440.0,3288.1,4023.0,62,2,4022.8,25,1,4022.6,51,1,4022.5,5,1,4022.3,81,2,4023.6,3,1,4023.7,9,4,4023.8,64,3,4023.9,18,3,4024.0,23,3
11483,2026-07-02 12:55:25+05:30,4023.6,2,4039.26,1255530,144951.0,168425.0,4100.0,4110.0,4012.0,4092.6,25032525,4501.8,3683.4,4440.0,3288.1,4023.0,62,2,4022.8,25,1,4022.6,51,1,4022.5,5,1,4022.3,81,2,4023.6,3,1,4023.7,9,4,4023.8,64,3,4023.9,18,3,4024.0,23,3
11483,2026-07-02 12:55:26+05:30,4023.6,4,4039.26,1255539,144974.0,168348.0,4100.0,4110.0,4012.0,4092.6,25032525,4501.8,3683.4,4440.0,3288.1,4023.1,8,1,4023.0,82,3,4022.8,25,1,4022.6,51,1,4022.5,5,1,4023.6,3,1,4023.7,7,3,4023.8,64,3,4023.9,18,3,4024.0,29,5
11483,2026-07-02 12:55:26+05:30,4023.1,2,4039.26,1255539,144974.0,168348.0,4100.0,4110.0,4012.0,4092.6,25032525,4501.8,3683.4,4440.0,3288.1,4023.1,8,1,4023.0,82,3,4022.8,25,1,4022.6,51,1,4022.5,5,1,4023.6,3,1,4023.7,7,3,4023.8,64,3,4023.9,18,3,4024.0,29,5
11483,2026-07-02 12:55:27+05:30,4023.1,2,4039.26,1255541,144974.0,168312.0,4100.0,4110.0,4012.0,4092.6,25032525,4501.8,3683.4,4440.0,3288.1,4023.1,6,1,4023.0,82,3,4022.8,25,1,4022.6,51,1,4022.5,5,1,4023.6,3,1,4023.7,2,2,4023.8,64,3,4023.9,18,3,4024.0,29,5
11483,2026-07-02 12:55:28+05:30,4023.6,21,4039.26,1255618,144985.0,168270.0,4100.0,4110.0,4012.0,4092.6,25032525,4501.8,3683.4,4440.0,3288.1,4023.0,82,3,4022.8,25,1,4022.6,81,2,4022.5,5,1,4022.3,81,2,4023.6,32,2,4023.7,2,2,4023.8,28,3,4023.9,18,3,4024.0,29,5
11483,2026-07-02 12:55:28+05:30,4023.0,9,4039.26,1255618,144985.0,168270.0,4100.0,4110.0,4012.0,4092.6,25032525,4501.8,3683.4,4440.0,3288.1,4023.0,82,3,4022.8,25,1,4022.6,81,2,4022.5,5,1,4022.3,81,2,4023.6,32,2,4023.7,2,2,4023.8,28,3,4023.9,18,3,4024.0,29,5
11483,2026-07-02 12:55:29+05:30,4023.6,7,4039.26,1255634,145181.0,168119.0,4100.0,4110.0,4012.0,4092.6,25032525,4501.8,3683.4,4440.0,3288.1,4023.0,73,3,4022.8,25,1,4022.6,81,2,4022.5,5,1,4022.3,84,3,4023.6,27,3,4023.7,2,2,4023.8,14,2,4023.9,18,3,4024.0,5,1
11483,2026-07-02 12:55:29+05:30,4023.0,2,4039.26,1255634,145181.0,168119.0,4100.0,4110.0,4012.0,4092.6,25032525,4501.8,3683.4,4440.0,3288.1,4023.0,73,3,4022.8,25,1,4022.6,81,2,4022.5,5,1,4022.3,84,3,4023.6,27,3,4023.7,2,2,4023.8,14,2,4023.9,18,3,4024.0,5,1
11483,2026-07-02 12:55:30+05:30,4023.6,1,4039.25,1255990,145207.0,167912.0,4100.0,4110.0,4012.0,4092.6,25032525,4501.8,3683.4,4440.0,3288.1,4023.0,56,1,4022.8,25,1,4022.6,51,1,4022.5,5,1,4022.4,33,2,4023.6,23,3,4023.7,2,2,4023.8,14,2,4023.9,18,3,4024.0,5,1
11483,2026-07-02 12:55:30+05:30,4023.0,43,4039.25,1255990,145207.0,167912.0,4100.0,4110.0,4012.0,4092.6,25032525,4501.8,3683.4,4440.0,3288.1,4023.0,56,1,4022.8,25,1,4022.6,51,1,4022.5,5,1,4022.4,33,2,4023.6,23,3,4023.7,2,2,4023.8,14,2,4023.9,18,3,4024.0,5,1
11483,2026-07-02 12:55:31+05:30,4023.0,43,4039.25,1256033,150486.0,167745.0,4100.0,4110.0,4012.0,4092.6,25032525,4501.8,3683.4,4440.0,3288.1,4023.5,2,2,4023.0,13,1,4022.8,25,1,4022.6,51,1,4022.5,5,1,4023.6,23,3,4023.7,2,2,4023.8,14,2,4023.9,18,3,4024.1,14,1
11483,2026-07-02 12:55:31+05:30,4023.5,1,4039.25,1256033,150486.0,167745.0,4100.0,4110.0,4012.0,4092.6,25032525,4501.8,3683.4,4440.0,3288.1,4023.5,2,2,4023.0,13,1,4022.8,25,1,4022.6,51,1,4022.5,5,1,4023.6,23,3,4023.7,2,2,4023.8,14,2,4023.9,18,3,4024.1,14,1
11483,2026-07-02 12:55:32+05:30,4023.8,6,4039.25,1256074,150631.0,167780.0,4100.0,4110.0,4012.0,4092.6,25032525,4501.8,3683.4,4440.0,3288.1,4023.1,1,1,4023.0,13,1,4022.8,25,1,4022.6,51,1,4022.5,29,2,4023.8,22,3,4023.9,27,4,4024.1,11,1,4024.2,129,3,4024.3,12,1
11483,2026-07-02 12:55:32+05:30,4023.1,5,4039.25,1256074,150631.0,167780.0,4100.0,4110.0,4012.0,4092.6,25032525,4501.8,3683.4,4440.0,3288.1,4023.1,1,1,4023.0,13,1,4022.8,25,1,4022.6,51,1,4022.5,29,2,4023.8,22,3,4023.9,27,4,4024.1,11,1,4024.2,129,3,4024.3,12,1
11483,2026-07-02 12:55:33+05:30,4023.1,5,4039.25,1256079,150684.0,167888.0,4100.0,4110.0,4012.0,4092.6,25032525,4501.8,3683.4,4440.0,3288.1,4023.2,12,1,4023.1,10,1,4023.0,13,1,4022.8,25,1,4022.6,51,1,4023.8,8,2,4023.9,32,4,4024.1,11,1,4024.2,129,3,4024.3,25,2
11483,2026-07-02 12:55:34+05:30,4023.2,1,4039.25,1256080,150684.0,167915.0,4100.0,4110.0,4012.0,4092.6,25032525,4501.8,3683.4,4440.0,3288.1,4023.2,11,1,4023.1,10,1,4023.0,14,2,4022.8,25,1,4022.6,51,1,4023.8,66,4,4023.9,32,4,4024.1,11,1,4024.2,129,3,4024.3,25,2
11483,2026-07-02 12:55:34+05:30,4023.2,8,4039.25,1256080,150684.0,167915.0,4100.0,4110.0,4012.0,4092.6,25032525,4501.8,3683.4,4440.0,3288.1,4023.2,11,1,4023.1,10,1,4023.0,14,2,4022.8,25,1,4022.6,51,1,4023.8,66,4,4023.9,32,4,4024.1,11,1,4024.2,129,3,4024.3,25,2
11483,2026-07-02 12:55:35+05:30,4023.8,1,4039.25,1256089,150677.0,167938.0,4100.0,4110.0,4012.0,4092.6,25032525,4501.8,3683.4,4440.0,3288.1,4023.2,3,1,4023.1,10,1,4023.0,14,2,4022.8,25,1,4022.6,51,1,4023.8,65,4,4023.9,32,4,4024.1,11,1,4024.2,129,3,4024.3,13,1
11483,2026-07-02 12:55:35+05:30,4023.2,1,4039.25,1256089,150677.0,167938.0,4100.0,4110.0,4012.0,4092.6,25032525,4501.8,3683.4,4440.0,3288.1,4023.2,3,1,4023.1,10,1,4023.0,14,2,4022.8,25,1,4022.6,51,1,4023.8,65,4,4023.9,32,4,4024.1,11,1,4024.2,129,3,4024.3,13,1
11483,2026-07-02 12:55:36+05:30,4023.0,99,4039.25,1256265,145291.0,167972.0,4100.0,4110.0,4012.0,4092.6,25032525,4501.8,3683.4,4440.0,3288.1,4023.0,95,2,4022.8,25,1,4022.6,51,1,4022.5,5,1,4022.3,81,2,4023.6,14,2,4023.8,65,4,4023.9,18,3,4024.1,45,3,4024.2,129,3
11483,2026-07-02 12:55:36+05:30,4023.0,21,4039.25,1256265,145291.0,167972.0,4100.0,4110.0,4012.0,4092.6,25032525,4501.8,3683.4,4440.0,3288.1,4023.0,95,2,4022.8,25,1,4022.6,51,1,4022.5,5,1,4022.3,81,2,4023.6,14,2,4023.8,65,4,4023.9,18,3,4024.1,45,3,4024.2,129,3
11483,2026-07-02 12:55:37+05:30,4023.0,21,4039.25,1256286,145321.0,168404.0,4100.0,4110.0,4012.0,4092.6,25032525,4501.8,3683.4,4440.0,3288.1,4023.3,1,1,4023.0,76,3,4022.8,25,1,4022.6,51,1,4022.5,5,1,4023.6,14,2,4023.7,40,1,4023.8,65,4,4023.9,18,3,4024.1,32,2
11483,2026-07-02 12:55:37+05:30,4023.3,1,4039.25,1256286,145321.0,168404.0,4100.0,4110.0,4012.0,4092.6,25032525,4501.8,3683.4,4440.0,3288.1,4023.3,1,1,4023.0,76,3,4022.8,25,1,4022.6,51,1,4022.5,5,1,4023.6,14,2,4023.7,40,1,4023.8,65,4,4023.9,18,3,4024.1,32,2
11483,2026-07-02 12:55:38+05:30,4023.3,1,4039.25,1256287,150967.0,168394.0,4100.0,4110.0,4012.0,4092.6,25032525,4501.8,3683.4,4440.0,3288.1,4023.0,101,4,4022.8,25,1,4022.6,51,1,4022.5,5,1,4022.3,81,2,4023.3,1,1,4023.5,35,1,4023.6,16,3,4023.8,24,3,4023.9,18,3
11483,2026-07-02 12:55:39+05:30,4023.3,1,4039.25,1256289,151002.0,168365.0,4100.0,4110.0,4012.0,4092.6,25032525,4501.8,3683.4,4440.0,3288.1,4023.0,132,5,4022.8,25,1,4022.6,51,1,4022.5,5,1,4022.3,81,2,4023.3,18,3,4023.5,35,1,4023.6,15,2,4023.8,7,2,4023.9,32,4
11483,2026-07-02 12:55:39+05:30,4023.3,1,4039.25,1256289,151002.0,168365.0,4100.0,4110.0,4012.0,4092.6,25032525,4501.8,3683.4,4440.0,3288.1,4023.0,132,5,4022.8,25,1,4022.6,51,1,4022.5,5,1,4022.3,81,2,4023.3,18,3,4023.5,35,1,4023.6,15,2,4023.8,7,2,4023.9,32,4
11483,2026-07-02 12:55:40+05:30,4023.3,1,4039.25,1256289,151009.0,168604.0,4100.0,4110.0,4012.0,4092.6,25032525,4501.8,3683.4,4440.0,3288.1,4023.2,5,1,4023.0,132,5,4022.8,25,1,4022.6,51,1,4022.5,5,1,4023.3,54,5,4023.5,36,2,4023.6,13,1,4023.8,7,2,4023.9,32,4
11483,2026-07-02 12:55:41+05:30,4023.3,4,4039.25,1256293,150997.0,168606.0,4100.0,4110.0,4012.0,4092.6,25032525,4501.8,3683.4,4440.0,3288.1,4023.2,5,1,4023.0,132,5,4022.8,25,1,4022.6,51,1,4022.5,5,1,4023.3,50,5,4023.5,36,2,4023.6,13,1,4023.8,7,2,4023.9,32,4
11483,2026-07-02 12:55:41+05:30,4023.2,1,4039.25,1256293,150997.0,168606.0,4100.0,4110.0,4012.0,4092.6,25032525,4501.8,3683.4,4440.0,3288.1,4023.2,5,1,4023.0,132,5,4022.8,25,1,4022.6,51,1,4022.5,5,1,4023.3,50,5,4023.5,36,2,4023.6,13,1,4023.8,7,2,4023.9,32,4
11483,2026-07-02 12:55:42+05:30,4023.3,3,4039.25,1256319,151004.0,168545.0,4100.0,4110.0,4012.0,4092.6,25032525,4501.8,3683.4,4440.0,3288.1,4023.2,4,1,4023.0,132,5,4022.8,25,1,4022.6,51,1,4022.5,5,1,4023.3,42,3,4023.5,36,2,4023.6,13,1,4023.8,7,2,4023.9,18,3
11483,2026-07-02 12:55:42+05:30,4023.3,15,4039.25,1256319,151004.0,168545.0,4100.0,4110.0,4012.0,4092.6,25032525,4501.8,3683.4,4440.0,3288.1,4023.2,4,1,4023.0,132,5,4022.8,25,1,4022.6,51,1,4022.5,5,1,4023.3,42,3,4023.5,36,2,4023.6,13,1,4023.8,7,2,4023.9,18,3
11483,2026-07-02 12:55:43+05:30,4023.3,15,4039.25,1256337,151027.0,168547.0,4100.0,4110.0,4012.0,4092.6,25032525,4501.8,3683.4,4440.0,3288.1,4023.2,1,1,4023.0,141,6,4022.8,25,1,4022.6,51,1,4022.5,5,1,4023.3,27,3,4023.5,36,2,4023.6,13,1,4023.8,7,2,4023.9,18,3
11483,2026-07-02 12:55:43+05:30,4023.2,1,4039.25,1256337,151027.0,168547.0,4100.0,4110.0,4012.0,4092.6,25032525,4501.8,3683.4,4440.0,3288.1,4023.2,1,1,4023.0,141,6,4022.8,25,1,4022.6,51,1,4022.5,5,1,4023.3,27,3,4023.5,36,2,4023.6,13,1,4023.8,7,2,4023.9,18,3
11483,2026-07-02 12:55:44+05:30,4023.2,5,4039.25,1256344,151265.0,168533.0,4100.0,4110.0,4012.0,4092.6,25032525,4501.8,3683.4,4440.0,3288.1,4023.2,75,1,4023.1,54,2,4023.0,197,8,4022.8,67,2,4022.6,123,3,4023.3,27,3,4023.5,36,2,4023.6,13,1,4023.8,7,2,4023.9,18,3
11483,2026-07-02 12:55:44+05:30,4023.2,1,4039.25,1256344,151265.0,168533.0,4100.0,4110.0,4012.0,4092.6,25032525,4501.8,3683.4,4440.0,3288.1,4023.2,75,1,4023.1,54,2,4023.0,197,8,4022.8,67,2,4022.6,123,3,4023.3,27,3,4023.5,36,2,4023.6,13,1,4023.8,7,2,4023.9,18,3
11483,2026-07-02 12:55:45+05:30,4023.2,1,4039.25,1256345,151309.0,168530.0,4100.0,4110.0,4012.0,4092.6,25032525,4501.8,3683.4,4440.0,3288.1,4023.2,42,1,4023.1,67,3,4023.0,141,6,4022.9,42,1,4022.8,25,1,4023.3,27,3,4023.5,36,2,4023.6,13,1,4023.8,7,2,4023.9,18,3
11483,2026-07-02 12:55:46+05:30,4023.3,3,4039.25,1256433,151400.0,168478.0,4100.0,4110.0,4012.0,4092.6,25032525,4501.8,3683.4,4440.0,3288.1,4023.2,42,1,4023.1,67,3,4023.0,141,6,4022.9,72,2,4022.8,25,1,4023.3,17,2,4023.5,36,2,4023.6,13,1,4023.8,7,2,4023.9,18,3
11483,2026-07-02 12:55:46+05:30,4023.3,14,4039.25,1256433,151400.0,168478.0,4100.0,4110.0,4012.0,4092.6,25032525,4501.8,3683.4,4440.0,3288.1,4023.2,42,1,4023.1,67,3,4023.0,141,6,4022.9,72,2,4022.8,25,1,4023.3,17,2,4023.5,36,2,4023.6,13,1,4023.8,7,2,4023.9,18,3
11483,2026-07-02 12:55:47+05:30,4023.3,14,4039.25,1256514,151473.0,168391.0,4100.0,4110.0,4012.0,4092.6,25032525,4501.8,3683.4,4440.0,3288.1,4023.2,32,1,4023.1,67,3,4023.0,143,7,4022.9,72,2,4022.8,25,1,4023.3,6,2,4023.5,36,2,4023.6,13,1,4023.8,7,2,4023.9,17,2
11483,2026-07-02 12:55:47+05:30,4023.3,2,4039.25,1256514,151473.0,168391.0,4100.0,4110.0,4012.0,4092.6,25032525,4501.8,3683.4,4440.0,3288.1,4023.2,32,1,4023.1,67,3,4023.0,143,7,4022.9,72,2,4022.8,25,1,4023.3,6,2,4023.5,36,2,4023.6,13,1,4023.8,7,2,4023.9,17,2
11483,2026-07-02 12:55:48+05:30,4023.3,2,4039.25,1256589,151562.0,168332.0,4100.0,4110.0,4012.0,4092.6,25032525,4501.8,3683.4,4440.0,3288.1,4023.3,42,1,4023.2,22,1,4023.1,67,3,4023.0,143,7,4022.9,72,2,4023.5,36,2,4023.6,13,1,4023.8,7,2,4023.9,17,2,4024.1,21,1
11483,2026-07-02 12:55:48+05:30,4023.3,9,4039.25,1256589,151562.0,168332.0,4100.0,4110.0,4012.0,4092.6,25032525,4501.8,3683.4,4440.0,3288.1,4023.3,42,1,4023.2,22,1,4023.1,67,3,4023.0,143,7,4022.9,72,2,4023.5,36,2,4023.6,13,1,4023.8,7,2,4023.9,17,2,4024.1,21,1
11483,2026-07-02 12:55:49+05:30,4023.2,9,4039.24,1256718,151641.0,167888.0,4100.0,4110.0,4012.0,4092.6,25032525,4501.8,3683.4,4440.0,3288.1,4023.2,13,1,4023.1,67,3,4023.0,143,7,4022.9,72,2,4022.8,25,1,4023.6,13,1,4023.8,7,2,4023.9,17,2,4024.2,115,2,4024.6,17,2
11483,2026-07-02 12:55:49+05:30,4023.2,13,4039.24,1256718,151641.0,167888.0,4100.0,4110.0,4012.0,4092.6,25032525,4501.8,3683.4,4440.0,3288.1,4023.2,13,1,4023.1,67,3,4023.0,143,7,4022.9,72,2,4022.8,25,1,4023.6,13,1,4023.8,7,2,4023.9,17,2,4024.2,115,2,4024.6,17,2
11483,2026-07-02 12:55:50+05:30,4023.2,2,4039.24,1256733,151422.0,168284.0,4100.0,4110.0,4012.0,4092.6,25032525,4501.8,3683.4,4440.0,3288.1,4023.1,12,1,4023.0,143,7,4022.9,30,1,4022.8,25,1,4022.6,81,2,4023.2,1,1,4023.6,13,1,4023.8,7,2,4023.9,17,2,4024.2,128,3
11483,2026-07-02 12:55:50+05:30,4023.1,1,4039.24,1256733,151422.0,168284.0,4100.0,4110.0,4012.0,4092.6,25032525,4501.8,3683.4,4440.0,3288.1,4023.1,12,1,4023.0,143,7,4022.9,30,1,4022.8,25,1,4022.6,81,2,4023.2,1,1,4023.6,13,1,4023.8,7,2,4023.9,17,2,4024.2,128,3
11483,2026-07-02 12:55:51+05:30,4023.2,1,4039.24,1256735,151353.0,168257.0,4100.0,4110.0,4012.0,4092.6,25032525,4501.8,3683.4,4440.0,3288.1,4023.1,11,1,4023.0,143,7,4022.9,30,1,4022.8,25,1,4022.6,81,2,4023.2,2,1,4023.6,13,1,4023.8,7,2,4023.9,17,2,4024.2,128,3
11483,2026-07-02 12:55:51+05:30,4023.1,1,4039.24,1256735,151353.0,168257.0,4100.0,4110.0,4012.0,4092.6,25032525,4501.8,3683.4,4440.0,3288.1,4023.1,11,1,4023.0,143,7,4022.9,30,1,4022.8,25,1,4022.6,81,2,4023.2,2,1,4023.6,13,1,4023.8,7,2,4023.9,17,2,4024.2,128,3
11483,2026-07-02 12:55:52+05:30,4023.2,1,4039.24,1256751,151395.0,168257.0,4100.0,4110.0,4012.0,4092.6,25032525,4501.8,3683.4,4440.0,3288.1,4023.0,139,7,4022.9,30,1,4022.8,25,1,4022.6,81,2,4022.5,5,1,4023.2,1,1,4023.6,13,1,4023.8,7,2,4023.9,17,2,4024.2,128,3
11483,2026-07-02 12:55:52+05:30,4023.0,1,4039.24,1256751,151395.0,168257.0,4100.0,4110.0,4012.0,4092.6,25032525,4501.8,3683.4,4440.0,3288.1,4023.0,139,7,4022.9,30,1,4022.8,25,1,4022.6,81,2,4022.5,5,1,4023.2,1,1,4023.6,13,1,4023.8,7,2,4023.9,17,2,4024.2,128,3
11483,2026-07-02 12:55:53+05:30,4023.2,1,4039.24,1256757,151425.0,168202.0,4100.0,4110.0,4012.0,4092.6,25032525,4501.8,3683.4,4440.0,3288.1,4023.0,157,8,4022.9,30,1,4022.8,25,1,4022.6,81,2,4022.5,5,1,4023.2,2,1,4023.6,13,1,4023.8,7,2,4023.9,17,2,4024.2,128,3
11483,2026-07-02 12:55:53+05:30,4023.0,1,4039.24,1256757,151425.0,168202.0,4100.0,4110.0,4012.0,4092.6,25032525,4501.8,3683.4,4440.0,3288.1,4023.0,157,8,4022.9,30,1,4022.8,25,1,4022.6,81,2,4022.5,5,1,4023.2,2,1,4023.6,13,1,4023.8,7,2,4023.9,17,2,4024.2,128,3
11483,2026-07-02 12:55:54+05:30,4023.2,1,4039.24,1257138,151189.0,168281.0,4100.0,4110.0,4012.0,4092.6,25032525,4501.8,3683.4,4440.0,3288.1,4023.0,2,1,4022.8,25,1,4022.6,51,1,4022.5,29,2,4022.3,76,4,4023.2,1,1,4023.6,14,2,4023.8,7,2,4023.9,17,2,4024.2,128,3
11483,2026-07-02 12:55:54+05:30,4023.0,2,4039.24,1257138,151189.0,168281.0,4100.0,4110.0,4012.0,4092.6,25032525,4501.8,3683.4,4440.0,3288.1,4023.0,2,1,4022.8,25,1,4022.6,51,1,4022.5,29,2,4022.3,76,4,4023.2,1,1,4023.6,14,2,4023.8,7,2,4023.9,17,2,4024.2,128,3
11483,2026-07-02 12:55:55+05:30,4023.0,23,4039.24,1257164,151161.0,168281.0,4100.0,4110.0,4012.0,4092.6,25032525,4501.8,3683.4,4440.0,3288.1,4022.8,25,1,4022.6,51,1,4022.5,29,2,4022.3,73,3,4022.2,104,3,4023.0,5,1,4023.2,1,1,4023.6,14,2,4023.8,7,2,4023.9,17,2
11483,2026-07-02 12:55:55+05:30,4022.8,3,4039.24,1257164,151161.0,168281.0,4100.0,4110.0,4012.0,4092.6,25032525,4501.8,3683.4,4440.0,3288.1,4022.8,25,1,4022.6,51,1,4022.5,29,2,4022.3,73,3,4022.2,104,3,4023.0,5,1,4023.2,1,1,4023.6,14,2,4023.8,7,2,4023.9,17,2
11483,2026-07-02 12:55:56+05:30,4023.0,12,4039.24,1257179,151282.0,168310.0,4100.0,4110.0,4012.0,4092.6,25032525,4501.8,3683.4,4440.0,3288.1,4022.9,8,1,4022.8,22,1,4022.6,51,1,4022.5,29,2,4022.3,73,3,4023.0,10,2,4023.2,1,1,4023.6,14,2,4023.8,7,2,4023.9,17,2
11483,2026-07-02 12:55:56+05:30,4022.9,2,4039.24,1257179,151282.0,168310.0,4100.0,4110.0,4012.0,4092.6,25032525,4501.8,3683.4,4440.0,3288.1,4022.9,8,1,4022.8,22,1,4022.6,51,1,4022.5,29,2,4022.3,73,3,4023.0,10,2,4023.2,1,1,4023.6,14,2,4023.8,7,2,4023.9,17,2
11483,2026-07-02 12:55:57+05:30,4022.9,2,4039.24,1257181,145217.0,168831.0,4100.0,4110.0,4012.0,4092.6,25032525,4501.8,3683.4,4440.0,3288.1,4022.9,13,3,4022.8,22,1,4022.6,51,1,4022.5,5,1,4022.3,60,2,4023.0,185,3,4023.2,1,1,4023.6,14,2,4023.8,7,2,4023.9,74,5
11483,2026-07-02 12:55:58+05:30,4022.9,2,4039.24,1257181,145242.0,168886.0,4100.0,4110.0,4012.0,4092.6,25032525,4501.8,3683.4,4440.0,3288.1,4022.9,13,3,4022.8,22,1,4022.6,51,1,4022.5,5,1,4022.3,60,2,4023.0,187,4,4023.2,1,1,4023.6,27,3,4023.8,7,2,4023.9,74,5
11483,2026-07-02 12:55:58+05:30,4023.0,68,4039.24,1257181,145242.0,168886.0,4100.0,4110.0,4012.0,4092.6,25032525,4501.8,3683.4,4440.0,3288.1,4022.9,13,3,4022.8,22,1,4022.6,51,1,4022.5,5,1,4022.3,60,2,4023.0,187,4,4023.2,1,1,4023.6,27,3,4023.8,7,2,4023.9,74,5
11483,2026-07-02 12:55:59+05:30,4023.0,7,4039.24,1257266,145255.0,168733.0,4100.0,4110.0,4012.0,4092.6,25032525,4501.8,3683.4,4440.0,3288.1,4022.9,7,2,4022.8,22,1,4022.6,51,1,4022.5,5,1,4022.3,60,2,4023.0,119,5,4023.6,27,3,4023.8,7,2,4023.9,44,4,4024.0,31,1
11483,2026-07-02 12:55:59+05:30,4022.9,3,4039.24,1257266,145255.0,168733.0,4100.0,4110.0,4012.0,4092.6,25032525,4501.8,3683.4,4440.0,3288.1,4022.9,7,2,4022.8,22,1,4022.6,51,1,4022.5,5,1,4022.3,60,2,4023.0,119,5,4023.6,27,3,4023.8,7,2,4023.9,44,4,4024.0,31,1
11483,2026-07-02 12:56:00+05:30,4022.9,21,4039.24,1257297,145286.0,168786.0,4100.0,4110.0,4012.0,4092.6,25032525,4501.8,3683.4,4440.0,3288.1,4022.8,22,1,4022.6,51,1,4022.5,5,1,4022.3,60,2,4022.2,81,2,4022.9,79,1,4023.0,19,4,4023.6,14,2,4023.8,7,2,4023.9,44,4
11483,2026-07-02 12:56:00+05:30,4022.8,4,4039.24,1257297,145286.0,168786.0,4100.0,4110.0,4012.0,4092.6,25032525,4501.8,3683.4,4440.0,3288.1,4022.8,22,1,4022.6,51,1,4022.5,5,1,4022.3,60,2,4022.2,81,2,4022.9,79,1,4023.0,19,4,4023.6,14,2,4023.8,7,2,4023.9,44,4
11483,2026-07-02 12:56:01+05:30,4022.9,10,4039.24,1257316,145278.0,168752.0,4100.0,4110.0,4012.0,4092.6,25032525,4501.8,3683.4,4440.0,3288.1,4022.8,18,1,4022.6,51,1,4022.5,5,1,4022.3,60,2,4022.2,81,2,4022.9,66,2,4023.0,23,4,4023.6,14,2,4023.8,7,2,4023.9,30,3
11483,2026-07-02 12:56:01+05:30,4022.8,2,4039.24,1257316,145278.0,168752.0,4100.0,4110.0,4012.0,4092.6,25032525,4501.8,3683.4,4440.0,3288.1,4022.8,18,1,4022.6,51,1,4022.5,5,1,4022.3,60,2,4022.2,81,2,4022.9,66,2,4023.0,23,4,4023.6,14,2,4023.8,7,2,4023.9,30,3
11483,2026-07-02 12:56:02+05:30,4022.8,2,4039.24,1257318,145271.0,168752.0,4100.0,4110.0,4012.0,4092.6,25032525,4501.8,3683.4,4440.0,3288.1,4022.8,16,1,4022.6,51,1,4022.5,5,1,4022.3,60,2,4022.2,81,2,4022.9,66,2,4023.0,23,4,4023.6,14,2,4023.8,7,2,4023.9,30,3
11483,2026-07-02 12:56:02+05:30,4022.8,1,4039.24,1257318,145271.0,168752.0,4100.0,4110.0,4012.0,4092.6,25032525,4501.8,3683.4,4440.0,3288.1,4022.8,16,1,4022.6,51,1,4022.5,5,1,4022.3,60,2,4022.2,81,2,4022.9,66,2,4023.0,23,4,4023.6,14,2,4023.8,7,2,4023.9,30,3
11483,2026-07-02 12:56:02+05:30,4022.8,1,4039.24,1257318,145271.0,168752.0,4100.0,4110.0,4012.0,4092.6,25032525,4501.8,3683.4,4440.0,3288.1,4022.8,16,1,4022.6,51,1,4022.5,5,1,4022.3,60,2,4022.2,81,2,4022.9,66,2,4023.0,23,4,4023.6,14,2,4023.8,7,2,4023.9,30,3
11483,2026-07-02 12:56:03+05:30,4022.8,1,4039.24,1257318,145271.0,168752.0,4100.0,4110.0,4012.0,4092.6,25032525,4501.8,3683.4,4440.0,3288.1,4022.8,16,1,4022.6,51,1,4022.5,5,1,4022.3,60,2,4022.2,81,2,4022.9,66,2,4023.0,23,4,4023.6,14,2,4023.8,7,2,4023.9,30,3
11483,2026-07-02 12:56:03+05:30,4022.9,5,4039.24,1257324,145270.0,168751.0,4100.0,4110.0,4012.0,4092.6,25032525,4501.8,3683.4,4440.0,3288.1,4022.8,15,1,4022.6,51,1,4022.5,5,1,4022.3,60,2,4022.2,81,2,4022.9,61,2,4023.0,23,4,4023.6,14,2,4023.8,7,2,4023.9,30,3
11483,2026-07-02 12:56:03+05:30,4022.9,5,4039.24,1257324,145270.0,168751.0,4100.0,4110.0,4012.0,4092.6,25032525,4501.8,3683.4,4440.0,3288.1,4022.8,15,1,4022.6,51,1,4022.5,5,1,4022.3,60,2,4022.2,81,2,4022.9,61,2,4023.0,23,4,4023.6,14,2,4023.8,7,2,4023.9,30,3
11483,2026-07-02 12:56:03+05:30,4022.9,5,4039.24,1257324,145270.0,168751.0,4100.0,4110.0,4012.0,4092.6,25032525,4501.8,3683.4,4440.0,3288.1,4022.8,15,1,4022.6,51,1,4022.5,5,1,4022.3,60,2,4022.2,81,2,4022.9,61,2,4023.0,23,4,4023.6,14,2,4023.8,7,2,4023.9,30,3
11483,2026-07-02 12:56:04+05:30,4022.8,1,4039.24,1257326,145273.0,168741.0,4100.0,4110.0,4012.0,4092.6,25032525,4501.8,3683.4,4440.0,3288.1,4022.8,13,1,4022.6,51,1,4022.5,5,1,4022.3,60,2,4022.2,81,2,4022.9,69,4,4023.0,9,2,4023.6,14,2,4023.8,21,3,4023.9,30,3
11483,2026-07-02 12:56:04+05:30,4022.8,1,4039.24,1257326,145273.0,168741.0,4100.0,4110.0,4012.0,4092.6,25032525,4501.8,3683.4,4440.0,3288.1,4022.8,13,1,4022.6,51,1,4022.5,5,1,4022.3,60,2,4022.2,81,2,4022.9,69,4,4023.0,9,2,4023.6,14,2,4023.8,21,3,4023.9,30,3
11483,2026-07-02 12:56:04+05:30,4022.8,1,4039.24,1257326,145273.0,168741.0,4100.0,4110.0,4012.0,4092.6,25032525,4501.8,3683.4,4440.0,3288.1,4022.8,13,1,4022.6,51,1,4022.5,5,1,4022.3,60,2,4022.2,81,2,4022.9,69,4,4023.0,9,2,4023.6,14,2,4023.8,21,3,4023.9,30,3
11483,2026-07-02 12:56:05+05:30,4022.9,2,4039.24,1257328,145272.0,168725.0,4100.0,4110.0,4012.0,4092.6,25032525,4501.8,3683.4,4440.0,3288.1,4022.8,41,2,4022.6,51,1,4022.5,5,1,4022.3,60,2,4022.2,81,2,4022.9,67,4,4023.0,9,2,4023.6,14,2,4023.8,7,2,4023.9,30,3
11483,2026-07-02 12:56:05+05:30,4022.8,108,4039.24,1257328,145272.0,168725.0,4100.0,4110.0,4012.0,4092.6,25032525,4501.8,3683.4,4440.0,3288.1,4022.8,41,2,4022.6,51,1,4022.5,5,1,4022.3,60,2,4022.2,81,2,4022.9,67,4,4023.0,9,2,4023.6,14,2,4023.8,7,2,4023.9,30,3
11483,2026-07-02 12:56:05+05:30,4022.8,108,4039.24,1257328,145272.0,168725.0,4100.0,4110.0,4012.0,4092.6,25032525,4501.8,3683.4,4440.0,3288.1,4022.8,41,2,4022.6,51,1,4022.5,5,1,4022.3,60,2,4022.2,81,2,4022.9,67,4,4023.0,9,2,4023.6,14,2,4023.8,7,2,4023.9,30,3
11483,2026-07-02 12:56:06+05:30,4022.8,108,4039.24,1257328,145272.0,168725.0,4100.0,4110.0,4012.0,4092.6,25032525,4501.8,3683.4,4440.0,3288.1,4022.8,41,2,4022.6,51,1,4022.5,5,1,4022.3,60,2,4022.2,81,2,4022.9,67,4,4023.0,9,2,4023.6,14,2,4023.8,7,2,4023.9,30,3
11483,2026-07-02 12:56:06+05:30,4022.8,108,4039.23,1257504,145118.0,168729.0,4100.0,4110.0,4012.0,4092.6,25032525,4501.8,3683.4,4440.0,3288.1,4022.8,25,1,4022.6,51,1,4022.5,5,1,4022.3,51,1,4022.2,51,1,4022.9,67,4,4023.0,9,2,4023.6,14,2,4023.8,17,3,4023.9,30,3
11483,2026-07-02 12:56:06+05:30,4022.8,108,4039.23,1257504,145118.0,168729.0,4100.0,4110.0,4012.0,4092.6,25032525,4501.8,3683.4,4440.0,3288.1,4022.8,25,1,4022.6,51,1,4022.5,5,1,4022.3,51,1,4022.2,51,1,4022.9,67,4,4023.0,9,2,4023.6,14,2,4023.8,17,3,4023.9,30,3
11483,2026-07-02 12:56:06+05:30,4022.9,8,4039.23,1257504,145118.0,168729.0,4100.0,4110.0,4012.0,4092.6,25032525,4501.8,3683.4,4440.0,3288.1,4022.8,25,1,4022.6,51,1,4022.5,5,1,4022.3,51,1,4022.2,51,1,4022.9,67,4,4023.0,9,2,4023.6,14,2,4023.8,17,3,4023.9,30,3
11483,2026-07-02 12:56:06+05:30,4022.9,8,4039.23,1257504,145118.0,168729.0,4100.0,4110.0,4012.0,4092.6,25040925,4501.8,3683.4,4440.0,3288.1,4022.8,25,1,4022.6,51,1,4022.5,5,1,4022.3,51,1,4022.2,51,1,4022.9,67,4,4023.0,9,2,4023.6,14,2,4023.8,17,3,4023.9,30,3
11483,2026-07-02 12:56:07+05:30,4022.9,8,4039.23,1257533,145127.0,168730.0,4100.0,4110.0,4012.0,4092.6,25040925,4501.8,3683.4,4440.0,3288.1,4022.8,4,1,4022.6,51,1,4022.5,5,1,4022.3,51,1,4022.2,51,1,4022.9,59,4,4023.0,9,2,4023.6,14,2,4023.8,7,2,4023.9,30,3
11483,2026-07-02 12:56:07+05:30,4022.9,8,4039.23,1257533,145127.0,168730.0,4100.0,4110.0,4012.0,4092.6,25040925,4501.8,3683.4,4440.0,3288.1,4022.8,4,1,4022.6,51,1,4022.5,5,1,4022.3,51,1,4022.2,51,1,4022.9,59,4,4023.0,9,2,4023.6,14,2,4023.8,7,2,4023.9,30,3
11483,2026-07-02 12:56:07+05:30,4022.8,3,4039.23,1257533,145127.0,168730.0,4100.0,4110.0,4012.0,4092.6,25040925,4501.8,3683.4,4440.0,3288.1,4022.8,4,1,4022.6,51,1,4022.5,5,1,4022.3,51,1,4022.2,51,1,4022.9,59,4,4023.0,9,2,4023.6,14,2,4023.8,7,2,4023.9,30,3
11483,2026-07-02 12:56:07+05:30,4022.8,3,4039.23,1257533,145127.0,168730.0,4100.0,4110.0,4012.0,4092.6,25040925,4501.8,3683.4,4440.0,3288.1,4022.8,4,1,4022.6,51,1,4022.5,5,1,4022.3,51,1,4022.2,51,1,4022.9,59,4,4023.0,9,2,4023.6,14,2,4023.8,7,2,4023.9,30,3
11483,2026-07-02 12:56:08+05:30,4022.8,3,4039.23,1257533,145127.0,168730.0,4100.0,4110.0,4012.0,4092.6,25040925,4501.8,3683.4,4440.0,3288.1,4022.8,4,1,4022.6,51,1,4022.5,5,1,4022.3,51,1,4022.2,51,1,4022.9,59,4,4023.0,9,2,4023.6,14,2,4023.8,7,2,4023.9,30,3
11483,2026-07-02 12:56:08+05:30,4022.9,1,4039.23,1257557,145172.0,168574.0,4100.0,4110.0,4012.0,4092.6,25040925,4501.8,3683.4,4440.0,3288.1,4022.8,1,1,4022.6,51,1,4022.5,5,1,4022.3,51,1,4022.2,51,1,4022.9,15,4,4023.0,9,2,4023.6,14,2,4023.7,14,1,4023.8,5,1
11483,2026-07-02 12:56:08+05:30,4022.8,3,4039.23,1257557,145172.0,168574.0,4100.0,4110.0,4012.0,4092.6,25040925,4501.8,3683.4,4440.0,3288.1,4022.8,1,1,4022.6,51,1,4022.5,5,1,4022.3,51,1,4022.2,51,1,4022.9,15,4,4023.0,9,2,4023.6,14,2,4023.7,14,1,4023.8,5,1
11483,2026-07-02 12:56:08+05:30,4022.8,3,4039.23,1257557,145172.0,168574.0,4100.0,4110.0,4012.0,4092.6,25040925,4501.8,3683.4,4440.0,3288.1,4022.8,1,1,4022.6,51,1,4022.5,5,1,4022.3,51,1,4022.2,51,1,4022.9,15,4,4023.0,9,2,4023.6,14,2,4023.7,14,1,4023.8,5,1
11483,2026-07-02 12:56:09+05:30,4022.9,1,4039.23,1257561,145220.0,168597.0,4100.0,4110.0,4012.0,4092.6,25040925,4501.8,3683.4,4440.0,3288.1,4022.8,25,1,4022.6,51,1,4022.5,5,1,4022.3,51,1,4022.2,51,1,4022.9,14,4,4023.0,9,2,4023.6,27,3,4023.7,14,1,4023.8,5,1
11483,2026-07-02 12:56:09+05:30,4022.8,1,4039.23,1257561,145220.0,168597.0,4100.0,4110.0,4012.0,4092.6,25040925,4501.8,3683.4,4440.0,3288.1,4022.8,25,1,4022.6,51,1,4022.5,5,1,4022.3,51,1,4022.2,51,1,4022.9,14,4,4023.0,9,2,4023.6,27,3,4023.7,14,1,4023.8,5,1
11483,2026-07-02 12:56:10+05:30,4022.8,1,4039.23,1257562,145230.0,168546.0,4100.0,4110.0,4012.0,4092.6,25040925,4501.8,3683.4,4440.0,3288.1,4022.8,67,2,4022.6,51,1,4022.5,5,1,4022.3,51,1,4022.2,51,1,4022.9,14,4,4023.0,9,2,4023.6,14,2,4023.7,14,1,4023.8,5,1
11483,2026-07-02 12:56:10+05:30,4022.8,8,4039.23,1257562,145230.0,168546.0,4100.0,4110.0,4012.0,4092.6,25040925,4501.8,3683.4,4440.0,3288.1,4022.8,67,2,4022.6,51,1,4022.5,5,1,4022.3,51,1,4022.2,51,1,4022.9,14,4,4023.0,9,2,4023.6,14,2,4023.7,14,1,4023.8,5,1
11483,2026-07-02 12:56:11+05:30,4022.9,1,4039.23,1257761,149865.0,168363.0,4100.0,4110.0,4012.0,4092.6,25040925,4501.8,3683.4,4440.0,3288.1,4022.6,51,1,4022.5,11,2,4022.3,60,2,4022.2,51,1,4022.1,70,4,4022.9,14,4,4023.0,9,2,4023.6,26,3,4023.8,5,1,4023.9,17,2
11483,2026-07-02 12:56:11+05:30,4022.6,24,4039.23,1257761,149865.0,168363.0,4100.0,4110.0,4012.0,4092.6,25040925,4501.8,3683.4,4440.0,3288.1,4022.6,51,1,4022.5,11,2,4022.3,60,2,4022.2,51,1,4022.1,70,4,4022.9,14,4,4023.0,9,2,4023.6,26,3,4023.8,5,1,4023.9,17,2
11483,2026-07-02 12:56:11+05:30,4022.6,25,4039.22,1258286,144773.0,168644.0,4100.0,4110.0,4012.0,4092.6,25040925,4501.8,3683.4,4440.0,3288.1,4022.5,5,1,4022.3,51,1,4022.2,51,1,4022.1,13,1,4022.0,291,19,4022.6,24,1,4022.9,14,4,4023.0,9,2,4023.5,22,1,4023.6,26,3
11483,2026-07-02 12:56:12+05:30,4022.5,5,4039.22,1258286,144773.0,168644.0,4100.0,4110.0,4012.0,4092.6,25040925,4501.8,3683.4,4440.0,3288.1,4022.5,5,1,4022.3,51,1,4022.2,51,1,4022.1,13,1,4022.0,291,19,4022.6,24,1,4022.9,14,4,4023.0,9,2,4023.5,22,1,4023.6,26,3
11483,2026-07-02 12:56:12+05:30,4022.5,5,4039.22,1258291,150188.0,168546.0,4100.0,4110.0,4012.0,4092.6,25040925,4501.8,3683.4,4440.0,3288.1,4022.3,51,1,4022.2,51,1,4022.1,13,1,4022.0,263,18,4021.9,59,2,4022.5,2,1,4022.6,24,1,4022.8,6,1,4022.9,8,3,4023.0,9,2
11483,2026-07-02 12:56:13+05:30,4022.8,20,4039.22,1258431,150640.0,168172.0,4100.0,4110.0,4012.0,4092.6,25040925,4501.8,3683.4,4440.0,3288.1,4022.3,110,4,4022.2,51,1,4022.1,3,1,4022.0,291,19,4021.9,71,4,4022.8,4,1,4022.9,4,2,4023.0,9,2,4023.5,22,1,4023.6,14,2
11483,2026-07-02 12:56:14+05:30,4022.3,2,4039.22,1258431,150640.0,168172.0,4100.0,4110.0,4012.0,4092.6,25040925,4501.8,3683.4,4440.0,3288.1,4022.3,110,4,4022.2,51,1,4022.1,3,1,4022.0,291,19,4021.9,71,4,4022.8,4,1,4022.9,4,2,4023.0,9,2,4023.5,22,1,4023.6,14,2
11483,2026-07-02 12:56:14+05:30,4022.3,2,4039.22,1258450,150819.0,168292.0,4100.0,4110.0,4012.0,4092.6,25040925,4501.8,3683.4,4440.0,3288.1,4022.3,91,4,4022.2,51,1,4022.1,3,1,4022.0,291,19,4021.9,71,4,4022.8,4,1,4022.9,4,2,4023.0,9,2,4023.5,22,1,4023.6,13,1
11483,2026-07-02 12:56:15+05:30,4022.3,3,4039.22,1258450,150819.0,168292.0,4100.0,4110.0,4012.0,4092.6,25040925,4501.8,3683.4,4440.0,3288.1,4022.3,91,4,4022.2,51,1,4022.1,3,1,4022.0,291,19,4021.9,71,4,4022.8,4,1,4022.9,4,2,4023.0,9,2,4023.5,22,1,4023.6,13,1
11483,2026-07-02 12:56:15+05:30,4022.8,4,4039.22,1258467,150822.0,168113.0,4100.0,4110.0,4012.0,4092.6,25040925,4501.8,3683.4,4440.0,3288.1,4022.3,54,3,4022.2,51,1,4022.1,23,2,4022.0,291,19,4021.9,68,3,4022.8,10,1,4022.9,4,2,4023.0,9,2,4023.5,22,1,4023.6,13,1
11483,2026-07-02 12:56:16+05:30,4022.5,1,4039.22,1258467,150822.0,168113.0,4100.0,4110.0,4012.0,4092.6,25040925,4501.8,3683.4,4440.0,3288.1,4022.3,54,3,4022.2,51,1,4022.1,23,2,4022.0,291,19,4021.9,68,3,4022.8,10,1,4022.9,4,2,4023.0,9,2,4023.5,22,1,4023.6,13,1
11483,2026-07-02 12:56:16+05:30,4022.5,1,4039.21,1258996,143638.0,169259.0,4100.0,4110.0,4012.0,4092.6,25040925,4501.8,3683.4,4440.0,3288.1,4022.2,29,2,4022.0,264,19,4021.9,50,1,4021.8,152,2,4021.7,8,1,4022.4,42,1,4022.5,42,1,4022.7,42,1,4022.8,12,2,4022.9,46,3
11483,2026-07-02 12:56:17+05:30,4022.2,34,4039.21,1258996,143638.0,169259.0,4100.0,4110.0,4012.0,4092.6,25040925,4501.8,3683.4,4440.0,3288.1,4022.2,29,2,4022.0,264,19,4021.9,50,1,4021.8,152,2,4021.7,8,1,4022.4,42,1,4022.5,42,1,4022.7,42,1,4022.8,12,2,4022.9,46,3
11483,2026-07-02 12:56:17+05:30,4022.2,65,4039.21,1259138,143483.0,168800.0,4100.0,4110.0,4012.0,4092.6,25040925,4501.8,3683.4,4440.0,3288.1,4022.2,51,1,4022.0,264,19,4021.9,50,1,4021.8,152,2,4021.7,8,1,4022.4,70,2,4022.6,42,1,4022.7,65,1,4022.8,54,3,4022.9,4,2
11483,2026-07-02 12:56:18+05:30,4022.2,17,4039.21,1259138,143483.0,168800.0,4100.0,4110.0,4012.0,4092.6,25040925,4501.8,3683.4,4440.0,3288.1,4022.2,51,1,4022.0,264,19,4021.9,50,1,4021.8,152,2,4021.7,8,1,4022.4,70,2,4022.6,42,1,4022.7,65,1,4022.8,54,3,4022.9,4,2
11483,2026-07-02 12:56:18+05:30,4022.4,32,4039.21,1259355,144017.0,167123.0,4100.0,4110.0,4012.0,4092.6,25040925,4501.8,3683.4,4440.0,3288.1,4022.2,34,1,4022.1,17,1,4022.0,284,21,4021.9,50,1,4021.8,159,3,4022.3,11,1,4022.7,107,2,4022.8,50,1,4022.9,46,3,4023.0,9,2
11483,2026-07-02 12:56:19+05:30,4022.2,175,4039.21,1259355,144017.0,167123.0,4100.0,4110.0,4012.0,4092.6,25040925,4501.8,3683.4,4440.0,3288.1,4022.2,34,1,4022.1,17,1,4022.0,284,21,4021.9,50,1,4021.8,159,3,4022.3,11,1,4022.7,107,2,4022.8,50,1,4022.9,46,3,4023.0,9,2
11483,2026-07-02 12:56:19+05:30,4022.7,3,4039.2,1259865,144644.0,167639.0,4100.0,4110.0,4012.0,4092.6,25040925,4501.8,3683.4,4440.0,3288.1,4022.3,15,2,4022.2,81,4,4022.1,21,1,4022.0,369,26,4021.9,83,3,4022.7,62,1,4022.8,92,2,4022.9,4,2,4023.0,51,3,4023.5,22,1
11483,2026-07-02 12:56:20+05:30,4022.3,8,4039.2,1259865,144644.0,167639.0,4100.0,4110.0,4012.0,4092.6,25040925,4501.8,3683.4,4440.0,3288.1,4022.3,15,2,4022.2,81,4,4022.1,21,1,4022.0,369,26,4021.9,83,3,4022.7,62,1,4022.8,92,2,4022.9,4,2,4023.0,51,3,4023.5,22,1
11483,2026-07-02 12:56:21+05:30,4022.0,12,4039.2,1260311,144142.0,167574.0,4100.0,4110.0,4012.0,4092.6,25040925,4501.8,3683.4,4440.0,3288.1,4022.0,334,22,4021.9,50,1,4021.8,182,4,4021.7,8,1,4021.6,38,3,4022.3,12,1,4022.6,42,1,4022.7,62,1,4022.8,92,2,4022.9,4,2
11483,2026-07-02 12:56:21+05:30,4022.0,30,4039.2,1260311,144142.0,167574.0,4100.0,4110.0,4012.0,4092.6,25040925,4501.8,3683.4,4440.0,3288.1,4022.0,334,22,4021.9,50,1,4021.8,182,4,4021.7,8,1,4021.6,38,3,4022.3,12,1,4022.6,42,1,4022.7,62,1,4022.8,92,2,4022.9,4,2
11483,2026-07-02 12:56:22+05:30,4022.0,30,4039.2,1260394,143509.0,167723.0,4100.0,4110.0,4012.0,4092.6,25040925,4501.8,3683.4,4440.0,3288.1,4022.0,208,17,4021.9,50,1,4021.8,173,3,4021.7,8,1,4021.6,28,2,4022.1,81,1,4022.2,42,1,4022.3,54,2,4022.4,2,1,4022.5,42,1
11483,2026-07-02 12:56:22+05:30,4022.0,5,4039.2,1260394,143509.0,167723.0,4100.0,4110.0,4012.0,4092.6,25040925,4501.8,3683.4,4440.0,3288.1,4022.0,208,17,4021.9,50,1,4021.8,173,3,4021.7,8,1,4021.6,28,2,4022.1,81,1,4022.2,42,1,4022.3,54,2,4022.4,2,1,4022.5,42,1
11483,2026-07-02 12:56:23+05:30,4022.0,7,4039.19,1260660,143344.0,167569.0,4100.0,4110.0,4012.0,4092.6,25040925,4501.8,3683.4,4440.0,3288.1,4022.0,83,3,4021.9,50,1,4021.8,152,2,4021.7,8,1,4021.6,35,3,4022.1,42,1,4022.2,42,1,4022.3,12,1,4022.4,44,2,4022.6,44,2
11483,2026-07-02 12:56:23+05:30,4022.0,14,4039.19,1260660,143344.0,167569.0,4100.0,4110.0,4012.0,4092.6,25040925,4501.8,3683.4,4440.0,3288.1,4022.0,83,3,4021.9,50,1,4021.8,152,2,4021.7,8,1,4021.6,35,3,4022.1,42,1,4022.2,42,1,4022.3,12,1,4022.4,44,2,4022.6,44,2
11483,2026-07-02 12:56:24+05:30,4022.0,3,4039.19,1260780,143279.0,167517.0,4100.0,4110.0,4012.0,4092.6,25040925,4501.8,3683.4,4440.0,3288.1,4022.0,21,1,4021.9,50,1,4021.8,152,2,4021.7,8,1,4021.6,28,2,4022.1,42,2,4022.2,42,1,4022.4,44,2,4022.6,44,2,4022.7,62,1
11483,2026-07-02 12:56:24+05:30,4022.0,15,4039.19,1260780,143279.0,167517.0,4100.0,4110.0,4012.0,4092.6,25040925,4501.8,3683.4,4440.0,3288.1,4022.0,21,1,4021.9,50,1,4021.8,152,2,4021.7,8,1,4021.6,28,2,4022.1,42,2,4022.2,42,1,4022.4,44,2,4022.6,44,2,4022.7,62,1
11483,2026-07-02 12:56:25+05:30,4022.1,10,4039.19,1260886,143305.0,167467.0,4100.0,4110.0,4012.0,4092.6,25040925,4501.8,3683.4,4440.0,3288.1,4022.0,17,1,4021.9,50,1,4021.8,152,2,4021.7,8,1,4021.6,28,2,4022.1,32,2,4022.2,42,1,4022.4,44,2,4022.6,44,2,4022.7,62,1
11483,2026-07-02 12:56:25+05:30,4022.1,37,4039.19,1260886,143305.0,167467.0,4100.0,4110.0,4012.0,4092.6,25040925,4501.8,3683.4,4440.0,3288.1,4022.0,17,1,4021.9,50,1,4021.8,152,2,4021.7,8,1,4021.6,28,2,4022.1,32,2,4022.2,42,1,4022.4,44,2,4022.6,44,2,4022.7,62,1
11483,2026-07-02 12:56:26+05:30,4022.1,7,4039.19,1260984,143388.0,167475.0,4100.0,4110.0,4012.0,4092.6,25040925,4501.8,3683.4,4440.0,3288.1,4022.0,5,1,4021.9,50,1,4021.8,152,2,4021.7,8,1,4021.6,28,2,4022.1,31,2,4022.3,42,1,4022.4,2,1,4022.5,42,1,4022.6,2,1
11483,2026-07-02 12:56:26+05:30,4022.0,12,4039.19,1260984,143388.0,167475.0,4100.0,4110.0,4012.0,4092.6,25040925,4501.8,3683.4,4440.0,3288.1,4022.0,5,1,4021.9,50,1,4021.8,152,2,4021.7,8,1,4021.6,28,2,4022.1,31,2,4022.3,42,1,4022.4,2,1,4022.5,42,1,4022.6,2,1
11483,2026-07-02 12:56:27+05:30,4022.0,12,4039.19,1260996,144356.0,167208.0,4100.0,4110.0,4012.0,4092.6,25040925,4501.8,3683.4,4440.0,3288.1,4022.0,1067,3,4021.9,50,1,4021.8,152,2,4021.7,8,1,4021.6,28,2,4022.1,11,2,4022.3,20,1,4022.4,2,1,4022.6,2,1,4022.7,62,1
11483,2026-07-02 12:56:27+05:30,4022.0,2,4039.19,1260996,144356.0,167208.0,4100.0,4110.0,4012.0,4092.6,25040925,4501.8,3683.4,4440.0,3288.1,4022.0,1067,3,4021.9,50,1,4021.8,152,2,4021.7,8,1,4021.6,28,2,4022.1,11,2,4022.3,20,1,4022.4,2,1,4022.6,2,1,4022.7,62,1
11483,2026-07-02 12:56:28+05:30,4022.1,1,4039.19,1261008,144404.0,167237.0,4100.0,4110.0,4012.0,4092.6,25040925,4501.8,3683.4,4440.0,3288.1,4022.0,1049,2,4021.9,50,1,4021.8,152,2,4021.7,8,1,4021.6,28,2,4022.1,10,2,4022.3,20,1,4022.4,2,1,4022.6,2,1,4022.7,62,1
11483,2026-07-02 12:56:28+05:30,4022.0,33,4039.19,1261008,144404.0,167237.0,4100.0,4110.0,4012.0,4092.6,25040925,4501.8,3683.4,4440.0,3288.1,4022.0,1049,2,4021.9,50,1,4021.8,152,2,4021.7,8,1,4021.6,28,2,4022.1,10,2,4022.3,20,1,4022.4,2,1,4022.6,2,1,4022.7,62,1
11483,2026-07-02 12:56:29+05:30,4022.0,1,4039.19,1261077,144849.0,167476.0,4100.0,4110.0,4012.0,4092.6,25040925,4501.8,3683.4,4440.0,3288.1,4022.0,1105,5,4021.9,95,3,4021.8,173,3,4021.7,56,3,4021.6,28,2,4022.1,12,2,4022.3,21,2,4022.4,2,1,4022.6,2,1,4022.7,62,1
11483,2026-07-02 12:56:29+05:30,4022.1,1,4039.19,1261077,144849.0,167476.0,4100.0,4110.0,4012.0,4092.6,25040925,4501.8,3683.4,4440.0,3288.1,4022.0,1105,5,4021.9,95,3,4021.8,173,3,4021.7,56,3,4021.6,28,2,4022.1,12,2,4022.3,21,2,4022.4,2,1,4022.6,2,1,4022.7,62,1
11483,2026-07-02 12:56:30+05:30,4022.1,4,4039.19,1261151,145122.0,167711.0,4100.0,4110.0,4012.0,4092.6,25040925,4501.8,3683.4,4440.0,3288.1,4022.1,16,1,4022.0,1145,10,4021.9,92,2,4021.8,180,3,4021.7,56,3,4022.3,21,2,4022.4,2,1,4022.6,2,1,4022.7,62,1,4022.8,50,1
11483,2026-07-02 12:56:30+05:30,4022.1,9,4039.19,1261151,145122.0,167711.0,4100.0,4110.0,4012.0,4092.6,25040925,4501.8,3683.4,4440.0,3288.1,4022.1,16,1,4022.0,1145,10,4021.9,92,2,4021.8,180,3,4021.7,56,3,4022.3,21,2,4022.4,2,1,4022.6,2,1,4022.7,62,1,4022.8,50,1
11483,2026-07-02 12:56:31+05:30,4022.3,2,4039.19,1261167,145284.0,167731.0,4100.0,4110.0,4012.0,4092.6,25040925,4501.8,3683.4,4440.0,3288.1,4022.2,42,1,4022.1,46,2,4022.0,1068,7,4021.9,92,2,4021.8,180,3,4022.3,15,3,4022.4,2,1,4022.6,2,1,4022.7,62,1,4022.8,50,1
11483,2026-07-02 12:56:31+05:30,4022.3,5,4039.19,1261167,145284.0,167731.0,4100.0,4110.0,4012.0,4092.6,25040925,4501.8,3683.4,4440.0,3288.1,4022.2,42,1,4022.1,46,2,4022.0,1068,7,4021.9,92,2,4021.8,180,3,4022.3,15,3,4022.4,2,1,4022.6,2,1,4022.7,62,1,4022.8,50,1
11483,2026-07-02 12:56:32+05:30,4022.3,46,4039.19,1261167,145284.0,167731.0,4100.0,4110.0,4012.0,4092.6,25040925,4501.8,3683.4,4440.0,3288.1,4022.2,42,1,4022.1,46,2,4022.0,1068,7,4021.9,92,2,4021.8,180,3,4022.3,15,3,4022.4,2,1,4022.6,2,1,4022.7,62,1,4022.8,50,1
11483,2026-07-02 12:56:32+05:30,4022.3,46,4039.18,1261230,145450.0,167716.0,4100.0,4110.0,4012.0,4092.6,25040925,4501.8,3683.4,4440.0,3288.1,4022.3,29,1,4022.2,107,3,4022.1,42,1,4022.0,1064,6,4021.9,113,3,4022.4,2,1,4022.6,2,1,4022.7,62,1,4022.8,50,1,4022.9,1,1
11483,2026-07-02 12:56:33+05:30,4022.3,8,4039.18,1261230,145450.0,167716.0,4100.0,4110.0,4012.0,4092.6,25040925,4501.8,3683.4,4440.0,3288.1,4022.3,29,1,4022.2,107,3,4022.1,42,1,4022.0,1064,6,4021.9,113,3,4022.4,2,1,4022.6,2,1,4022.7,62,1,4022.8,50,1,4022.9,1,1
11483,2026-07-02 12:56:33+05:30,4022.3,8,4039.18,1261238,145415.0,167705.0,4100.0,4110.0,4012.0,4092.6,25040925,4501.8,3683.4,4440.0,3288.1,4022.2,149,4,4022.0,1106,7,4021.9,71,2,4021.8,225,5,4021.7,14,2,4022.4,2,1,4022.6,2,1,4022.7,62,1,4022.8,50,1,4022.9,1,1
11483,2026-07-02 12:56:34+05:30,4022.4,15,4039.18,1261238,145415.0,167705.0,4100.0,4110.0,4012.0,4092.6,25040925,4501.8,3683.4,4440.0,3288.1,4022.2,149,4,4022.0,1106,7,4021.9,71,2,4021.8,225,5,4021.7,14,2,4022.4,2,1,4022.6,2,1,4022.7,62,1,4022.8,50,1,4022.9,1,1
11483,2026-07-02 12:56:34+05:30,4022.4,15,4039.18,1261256,145823.0,167640.0,4100.0,4110.0,4012.0,4092.6,25040925,4501.8,3683.4,4440.0,3288.1,4022.4,3,1,4022.2,148,4,4022.0,1108,8,4021.9,71,2,4021.8,225,5,4022.6,2,1,4022.7,62,1,4022.8,50,1,4022.9,1,1,4023.5,36,2
11483,2026-07-02 12:56:35+05:30,4022.4,1,4039.18,1261256,145823.0,167640.0,4100.0,4110.0,4012.0,4092.6,25040925,4501.8,3683.4,4440.0,3288.1,4022.4,3,1,4022.2,148,4,4022.0,1108,8,4021.9,71,2,4021.8,225,5,4022.6,2,1,4022.7,62,1,4022.8,50,1,4022.9,1,1,4023.5,36,2
11483,2026-07-02 12:56:35+05:30,4022.4,1,4039.18,1261259,145877.0,167642.0,4100.0,4110.0,4012.0,4092.6,25040925,4501.8,3683.4,4440.0,3288.1,4022.5,81,1,4022.3,42,1,4022.2,106,3,4022.1,42,1,4022.0,1077,8,4022.6,2,1,4022.7,62,1,4022.8,50,1,4022.9,1,1,4023.5,36,2
11483,2026-07-02 12:56:36+05:30,4022.4,1,4039.18,1261259,145815.0,167663.0,4100.0,4110.0,4012.0,4092.6,25040925,4501.8,3683.4,4440.0,3288.1,4022.5,1,1,4022.4,42,1,4022.2,148,4,4022.0,1144,10,4021.9,53,2,4022.6,3,2,4022.7,63,2,4022.8,50,1,4022.9,1,1,4023.5,36,2
11483,2026-07-02 12:56:37+05:30,4022.6,2,4039.18,1261259,145815.0,167663.0,4100.0,4110.0,4012.0,4092.6,25040925,4501.8,3683.4,4440.0,3288.1,4022.5,1,1,4022.4,42,1,4022.2,148,4,4022.0,1144,10,4021.9,53,2,4022.6,3,2,4022.7,63,2,4022.8,50,1,4022.9,1,1,4023.5,36,2
11483,2026-07-02 12:56:37+05:30,4022.6,1,4039.18,1261265,145953.0,167892.0,4100.0,4110.0,4012.0,4092.6,25040925,4501.8,3683.4,4440.0,3288.1,4022.6,75,1,4022.5,4,3,4022.4,42,1,4022.2,148,4,4022.0,1147,11,4022.7,63,2,4022.8,50,1,4022.9,1,1,4023.5,36,2,4023.6,41,2
11483,2026-07-02 12:56:38+05:30,4022.6,1,4039.18,1261265,145953.0,167892.0,4100.0,4110.0,4012.0,4092.6,25040925,4501.8,3683.4,4440.0,3288.1,4022.6,75,1,4022.5,4,3,4022.4,42,1,4022.2,148,4,4022.0,1147,11,4022.7,63,2,4022.8,50,1,4022.9,1,1,4023.5,36,2,4023.6,41,2
11483,2026-07-02 12:56:38+05:30,4022.6,1,4039.18,1261266,145796.0,167900.0,4100.0,4110.0,4012.0,4092.6,25040925,4501.8,3683.4,4440.0,3288.1,4022.5,54,5,4022.3,42,1,4022.2,106,3,4022.1,42,1,4022.0,1091,8,4022.7,63,2,4022.8,50,1,4022.9,1,1,4023.5,36,2,4023.6,41,2
11483,2026-07-02 12:56:39+05:30,4022.7,1,4039.18,1261266,145796.0,167900.0,4100.0,4110.0,4012.0,4092.6,25040925,4501.8,3683.4,4440.0,3288.1,4022.5,54,5,4022.3,42,1,4022.2,106,3,4022.1,42,1,4022.0,1091,8,4022.7,63,2,4022.8,50,1,4022.9,1,1,4023.5,36,2,4023.6,41,2
11483,2026-07-02 12:56:39+05:30,4022.7,8,4039.18,1261351,145962.0,167987.0,4100.0,4110.0,4012.0,4092.6,25040925,4501.8,3683.4,4440.0,3288.1,4022.7,73,1,4022.5,58,5,4022.3,42,1,4022.2,106,3,4022.1,42,1,4022.8,50,1,4022.9,1,1,4023.5,36,2,4023.6,13,1,4023.8,2,1
11483,2026-07-02 12:56:40+05:30,4022.8,50,4039.18,1261351,145962.0,167987.0,4100.0,4110.0,4012.0,4092.6,25040925,4501.8,3683.4,4440.0,3288.1,4022.7,73,1,4022.5,58,5,4022.3,42,1,4022.2,106,3,4022.1,42,1,4022.8,50,1,4022.9,1,1,4023.5,36,2,4023.6,13,1,4023.8,2,1
11483,2026-07-02 12:56:40+05:30,4022.8,1,4039.18,1261417,145881.0,168164.0,4100.0,4110.0,4012.0,4092.6,25040925,4501.8,3683.4,4440.0,3288.1,4022.8,7,1,4022.7,1,1,4022.6,42,1,4022.5,3,2,4022.4,42,1,4022.9,1,1,4023.2,13,1,4023.5,36,2,4023.6,24,2,4023.7,24,1
11483,2026-07-02 12:56:41+05:30,4022.4,39,4039.18,1261417,145881.0,168164.0,4100.0,4110.0,4012.0,4092.6,25040925,4501.8,3683.4,4440.0,3288.1,4022.8,7,1,4022.7,1,1,4022.6,42,1,4022.5,3,2,4022.4,42,1,4022.9,1,1,4023.2,13,1,4023.5,36,2,4023.6,24,2,4023.7,24,1
11483,2026-07-02 12:56:41+05:30,4022.4,39,4039.18,1261570,145189.0,167913.0,4100.0,4110.0,4012.0,4092.6,25040925,4501.8,3683.4,4440.0,3288.1,4022.2,132,3,4022.0,1069,6,4021.9,50,1,4021.8,152,2,4021.7,8,1,4022.4,47,1,4022.8,17,2,4022.9,1,1,4023.0,17,1,4023.2,6,1
11483,2026-07-02 12:56:42+05:30,4022.9,2,4039.18,1261570,145189.0,167913.0,4100.0,4110.0,4012.0,4092.6,25040925,4501.8,3683.4,4440.0,3288.1,4022.2,132,3,4022.0,1069,6,4021.9,50,1,4021.8,152,2,4021.7,8,1,4022.4,47,1,4022.8,17,2,4022.9,1,1,4023.0,17,1,4023.2,6,1
11483,2026-07-02 12:56:42+05:30,4022.9,2,4039.17,1262213,144725.0,168665.0,4100.0,4110.0,4012.0,4092.6,25040925,4501.8,3683.4,4440.0,3288.1,4022.2,38,1,4022.0,1071,7,4021.9,50,1,4021.8,152,2,4021.7,8,1,4022.8,9,1,4022.9,29,2,4023.2,42,4,4023.3,71,4,4023.4,61,4
11483,2026-07-02 12:56:43+05:30,4022.9,1,4039.17,1262213,144725.0,168665.0,4100.0,4110.0,4012.0,4092.6,25040925,4501.8,3683.4,4440.0,3288.1,4022.2,38,1,4022.0,1071,7,4021.9,50,1,4021.8,152,2,4021.7,8,1,4022.8,9,1,4022.9,29,2,4023.2,42,4,4023.3,71,4,4023.4,61,4
11483,2026-07-02 12:56:43+05:30,4022.9,1,4039.17,1262394,144957.0,168396.0,4100.0,4110.0,4012.0,4092.6,25040925,4501.8,3683.4,4440.0,3288.1,4022.1,42,1,4022.0,1119,9,4021.9,50,1,4021.8,211,4,4021.7,8,1,4023.1,19,1,4023.2,41,4,4023.3,65,1,4023.4,41,2,4023.5,22,1
11483,2026-07-02 12:56:44+05:30,4022.1,21,4039.17,1262394,144957.0,168396.0,4100.0,4110.0,4012.0,4092.6,25040925,4501.8,3683.4,4440.0,3288.1,4022.1,42,1,4022.0,1119,9,4021.9,50,1,4021.8,211,4,4021.7,8,1,4023.1,19,1,4023.2,41,4,4023.3,65,1,4023.4,41,2,4023.5,22,1
11483,2026-07-02 12:56:44+05:30,4022.7,100,4039.17,1262515,145350.0,168393.0,4100.0,4110.0,4012.0,4092.6,25040925,4501.8,3683.4,4440.0,3288.1,4022.5,42,1,4022.3,42,1,4022.1,63,2,4022.0,1071,7,4021.9,50,1,4022.7,75,1,4023.1,35,3,4023.2,3,1,4023.4,39,1,4023.5,35,2
11483,2026-07-02 12:56:45+05:30,4022.7,6,4039.17,1262515,145350.0,168393.0,4100.0,4110.0,4012.0,4092.6,25040925,4501.8,3683.4,4440.0,3288.1,4022.5,42,1,4022.3,42,1,4022.1,63,2,4022.0,1071,7,4021.9,50,1,4022.7,75,1,4023.1,35,3,4023.2,3,1,4023.4,39,1,4023.5,35,2
11483,2026-07-02 12:56:45+05:30,4022.4,3,4039.17,1262569,145467.0,168548.0,4100.0,4110.0,4012.0,4092.6,25040925,4501.8,3683.4,4440.0,3288.1,4022.2,42,1,4022.1,21,1,4022.0,1113,8,4021.9,50,1,4021.8,152,2,4022.4,143,1,4022.5,175,1,4022.6,8,1,4022.7,68,1,4022.8,13,1
11483,2026-07-02 12:56:46+05:30,4022.0,105,4039.17,1262569,145467.0,168548.0,4100.0,4110.0,4012.0,4092.6,25040925,4501.8,3683.4,4440.0,3288.1,4022.2,42,1,4022.1,21,1,4022.0,1113,8,4021.9,50,1,4021.8,152,2,4022.4,143,1,4022.5,175,1,4022.6,8,1,4022.7,68,1,4022.8,13,1
11483,2026-07-02 12:56:46+05:30,4022.0,105,4039.16,1262750,145938.0,167926.0,4100.0,4110.0,4012.0,4092.6,25040925,4501.8,3683.4,4440.0,3288.1,4022.1,89,3,4022.0,1012,8,4021.9,50,1,4021.8,152,2,4021.7,50,2,4022.4,2,1,4022.6,8,1,4022.7,68,1,4023.1,2,1,4023.2,3,1
11483,2026-07-02 12:56:47+05:30,4022.1,22,4039.16,1262750,145938.0,167926.0,4100.0,4110.0,4012.0,4092.6,25040925,4501.8,3683.4,4440.0,3288.1,4022.1,89,3,4022.0,1012,8,4021.9,50,1,4021.8,152,2,4021.7,50,2,4022.4,2,1,4022.6,8,1,4022.7,68,1,4023.1,2,1,4023.2,3,1
11483,2026-07-02 12:56:47+05:30,4022.1,1,4039.16,1262773,145999.0,167914.0,4100.0,4110.0,4012.0,4092.6,25040925,4501.8,3683.4,4440.0,3288.1,4022.2,42,1,4022.1,51,2,4022.0,1012,8,4021.9,92,2,4021.8,152,2,4022.4,2,1,4022.6,8,1,4022.7,68,1,4023.1,2,1,4023.2,3,1
11483,2026-07-02 12:56:48+05:30,4022.0,175,4039.16,1262773,145999.0,167914.0,4100.0,4110.0,4012.0,4092.6,25040925,4501.8,3683.4,4440.0,3288.1,4022.2,42,1,4022.1,51,2,4022.0,1012,8,4021.9,92,2,4021.8,152,2,4022.4,2,1,4022.6,8,1,4022.7,68,1,4023.1,2,1,4023.2,3,1
11483,2026-07-02 12:56:48+05:30,4022.0,175,4039.16,1263126,145439.0,169199.0,4100.0,4110.0,4012.0,4092.6,25040925,4501.8,3683.4,4440.0,3288.1,4022.0,752,8,4021.9,92,2,4021.8,152,2,4021.7,50,2,4021.6,28,2,4022.4,5,3,4022.7,68,1,4023.0,41,2,4023.1,22,2,4023.2,3,1
11483,2026-07-02 12:56:49+05:30,4022.7,5,4039.16,1263126,145439.0,169199.0,4100.0,4110.0,4012.0,4092.6,25040925,4501.8,3683.4,4440.0,3288.1,4022.0,752,8,4021.9,92,2,4021.8,152,2,4021.7,50,2,4021.6,28,2,4022.4,5,3,4022.7,68,1,4023.0,41,2,4023.1,22,2,4023.2,3,1
11483,2026-07-02 12:56:49+05:30,4022.7,5,4039.16,1263269,145989.0,169346.0,4100.0,4110.0,4012.0,4092.6,25040925,4501.8,3683.4,4440.0,3288.1,4022.6,12,1,4022.5,27,1,4022.3,42,1,4022.1,42,1,4022.0,710,8,4022.7,2,1,4023.5,22,1,4023.6,52,3,4023.9,58,4,4024.0,33,1
11483,2026-07-02 12:56:50+05:30,4022.5,31,4039.16,1263269,145989.0,169346.0,4100.0,4110.0,4012.0,4092.6,25040925,4501.8,3683.4,4440.0,3288.1,4022.6,12,1,4022.5,27,1,4022.3,42,1,4022.1,42,1,4022.0,710,8,4022.7,2,1,4023.5,22,1,4023.6,52,3,4023.9,58,4,4024.0,33,1
11483,2026-07-02 12:56:50+05:30,4022.6,5,4039.16,1263386,146099.0,169345.0,4100.0,4110.0,4012.0,4092.6,25040925,4501.8,3683.4,4440.0,3288.1,4022.5,21,1,4022.4,42,1,4022.2,42,1,4022.0,752,9,4021.9,50,1,4022.7,2,1,4023.5,39,2,4023.6,52,3,4023.8,40,2,4023.9,86,7
11483,2026-07-02 12:56:51+05:30,4022.5,7,4039.16,1263386,146099.0,169345.0,4100.0,4110.0,4012.0,4092.6,25040925,4501.8,3683.4,4440.0,3288.1,4022.5,21,1,4022.4,42,1,4022.2,42,1,4022.0,752,9,4021.9,50,1,4022.7,2,1,4023.5,39,2,4023.6,52,3,4023.8,40,2,4023.9,86,7
11483,2026-07-02 12:56:51+05:30,4022.7,1,4039.16,1263415,146123.0,169319.0,4100.0,4110.0,4012.0,4092.6,25040925,4501.8,3683.4,4440.0,3288.1,4022.5,87,2,4022.3,42,1,4022.1,42,1,4022.0,710,8,4021.9,50,1,4022.7,1,1,4023.5,64,3,4023.6,41,2,4023.8,44,2,4023.9,83,6
11483,2026-07-02 12:56:52+05:30,4022.5,4,4039.16,1263415,146123.0,169319.0,4100.0,4110.0,4012.0,4092.6,25040925,4501.8,3683.4,4440.0,3288.1,4022.5,87,2,4022.3,42,1,4022.1,42,1,4022.0,710,8,4021.9,50,1,4022.7,1,1,4023.5,64,3,4023.6,41,2,4023.8,44,2,4023.9,83,6
11483,2026-07-02 12:56:52+05:30,4022.7,1,4039.16,1263420,146232.0,169251.0,4100.0,4110.0,4012.0,4092.6,25040925,4501.8,3683.4,4440.0,3288.1,4022.6,42,1,4022.5,83,2,4022.4,1,1,4022.3,42,1,4022.1,42,1,4022.7,10,2,4023.5,39,2,4023.6,26,2,4023.8,36,2,4023.9,83,6
11483,2026-07-02 12:56:53+05:30,4022.5,134,4039.16,1263420,146232.0,169251.0,4100.0,4110.0,4012.0,4092.6,25040925,4501.8,3683.4,4440.0,3288.1,4022.6,42,1,4022.5,83,2,4022.4,1,1,4022.3,42,1,4022.1,42,1,4022.7,10,2,4023.5,39,2,4023.6,26,2,4023.8,36,2,4023.9,83,6
11483,2026-07-02 12:56:53+05:30,4022.2,42,4039.15,1263932,145479.0,169615.0,4100.0,4110.0,4012.0,4092.6,25040925,4501.8,3683.4,4440.0,3288.1,4022.0,764,11,4021.9,50,1,4021.8,152,2,4021.7,8,1,4021.6,28,2,4022.1,132,1,4022.5,132,1,4022.7,185,3,4023.2,5,1,4023.3,41,2
11483,2026-07-02 12:56:54+05:30,4022.1,1,4039.15,1263932,145479.0,169615.0,4100.0,4110.0,4012.0,4092.6,25040925,4501.8,3683.4,4440.0,3288.1,4022.0,764,11,4021.9,50,1,4021.8,152,2,4021.7,8,1,4021.6,28,2,4022.1,132,1,4022.5,132,1,4022.7,185,3,4023.2,5,1,4023.3,41,2
11483,2026-07-02 12:56:54+05:30,4022.1,43,4039.15,1264052,145533.0,169238.0,4100.0,4110.0,4012.0,4092.6,25040925,4501.8,3683.4,4440.0,3288.1,4022.0,718,12,4021.9,95,3,4021.8,152,2,4021.7,14,2,4021.6,28,2,4022.1,73,1,4022.7,10,2,4023.2,5,1,4023.3,41,2,4023.5,39,2
11483,2026-07-02 12:56:55+05:30,4022.1,5,4039.15,1264052,145533.0,169238.0,4100.0,4110.0,4012.0,4092.6,25040925,4501.8,3683.4,4440.0,3288.1,4022.0,718,12,4021.9,95,3,4021.8,152,2,4021.7,14,2,4021.6,28,2,4022.1,73,1,4022.7,10,2,4023.2,5,1,4023.3,41,2,4023.5,39,2
11483,2026-07-02 12:56:55+05:30,4022.3,2,4039.15,1264141,145930.0,169184.0,4100.0,4110.0,4012.0,4092.6,25040925,4501.8,3683.4,4440.0,3288.1,4022.3,24,1,4022.1,9,2,4022.0,672,12,4021.9,53,2,4021.8,183,4,4022.7,10,2,4023.5,34,2,4023.6,13,1,4023.9,70,5,4024.0,2,1
11483,2026-07-02 12:56:56+05:30,4022.3,11,4039.15,1264141,145930.0,169184.0,4100.0,4110.0,4012.0,4092.6,25040925,4501.8,3683.4,4440.0,3288.1,4022.3,24,1,4022.1,9,2,4022.0,672,12,4021.9,53,2,4021.8,183,4,4022.7,10,2,4023.5,34,2,4023.6,13,1,4023.9,70,5,4024.0,2,1
11483,2026-07-02 12:56:56+05:30,4022.3,11,4039.15,1264152,145840.0,169807.0,4100.0,4110.0,4012.0,4092.6,25040925,4501.8,3683.4,4440.0,3288.1,4022.5,1,1,4022.3,13,1,4022.1,9,2,4022.0,672,12,4021.9,53,2,4022.6,175,1,4022.7,185,3,4023.5,48,4,4023.6,41,2,4023.9,70,5
11483,2026-07-02 12:56:57+05:30,4022.5,1,4039.15,1264152,145840.0,169807.0,4100.0,4110.0,4012.0,4092.6,25040925,4501.8,3683.4,4440.0,3288.1,4022.5,1,1,4022.3,13,1,4022.1,9,2,4022.0,672,12,4021.9,53,2,4022.6,175,1,4022.7,185,3,4023.5,48,4,4023.6,41,2,4023.9,70,5
11483,2026-07-02 12:56:57+05:30,4022.5,1,4039.15,1264153,145946.0,169058.0,4100.0,4110.0,4012.0,4092.6,25040925,4501.8,3683.4,4440.0,3288.1,4022.3,13,1,4022.1,9,2,4022.0,672,12,4021.9,50,1,4021.8,155,3,4022.5,3,1,4022.7,10,2,4023.3,5,1,4023.5,35,3,4023.6,41,2
11483,2026-07-02 12:56:58+05:30,4022.5,21,4039.15,1264153,145946.0,169058.0,4100.0,4110.0,4012.0,4092.6,25040925,4501.8,3683.4,4440.0,3288.1,4022.3,13,1,4022.1,9,2,4022.0,672,12,4021.9,50,1,4021.8,155,3,4022.5,3,1,4022.7,10,2,4023.3,5,1,4023.5,35,3,4023.6,41,2
11483,2026-07-02 12:56:58+05:30,4022.7,7,4039.14,1264406,145619.0,169146.0,4100.0,4110.0,4012.0,4092.6,25040925,4501.8,3683.4,4440.0,3288.1,4022.3,26,1,4022.0,663,12,4021.9,50,1,4021.8,155,3,4021.7,42,3,4022.7,3,2,4023.3,44,2,4023.5,35,3,4023.6,26,2,4023.8,44,1
11483,2026-07-02 12:56:59+05:30,4022.3,31,4039.14,1264406,145619.0,169146.0,4100.0,4110.0,4012.0,4092.6,25040925,4501.8,3683.4,4440.0,3288.1,4022.3,26,1,4022.0,663,12,4021.9,50,1,4021.8,155,3,4021.7,42,3,4022.7,3,2,4023.3,44,2,4023.5,35,3,4023.6,26,2,4023.8,44,1
11483,2026-07-02 12:56:59+05:30,4022.3,31,4039.14,1264437,145919.0,169133.0,4100.0,4110.0,4012.0,4092.6,25040925,4501.8,3683.4,4440.0,3288.1,4022.3,26,1,4022.0,963,13,4021.9,50,1,4021.8,155,3,4021.7,42,3,4022.7,3,2,4023.3,44,2,4023.5,35,3,4023.6,13,1,4023.8,44,1
11483,2026-07-02 12:57:00+05:30,4023.5,8,4039.14,1264437,145919.0,169133.0,4100.0,4110.0,4012.0,4092.6,25040925,4501.8,3683.4,4440.0,3288.1,4022.3,26,1,4022.0,963,13,4021.9,50,1,4021.8,155,3,4021.7,42,3,4022.7,3,2,4023.3,44,2,4023.5,35,3,4023.6,13,1,4023.8,44,1
11483,2026-07-02 12:57:00+05:30,4023.5,8,4039.14,1264577,146466.0,169609.0,4100.0,4110.0,4012.0,4092.6,25040925,4501.8,3683.4,4440.0,3288.1,4022.3,43,3,4022.0,995,15,4021.9,50,1,4021.8,161,4,4021.7,62,3,4023.5,24,4,4023.6,13,1,4023.8,38,1,4023.9,90,6,4024.0,44,2
11483,2026-07-02 12:57:01+05:30,4023.5,3,4039.14,1264577,146466.0,169609.0,4100.0,4110.0,4012.0,4092.6,25040925,4501.8,3683.4,4440.0,3288.1,4022.3,43,3,4022.0,995,15,4021.9,50,1,4021.8,161,4,4021.7,62,3,4023.5,24,4,4023.6,13,1,4023.8,38,1,4023.9,90,6,4024.0,44,2
11483,2026-07-02 12:57:01+05:30,4023.5,3,4039.14,1264599,146442.0,169788.0,4100.0,4110.0,4012.0,4092.6,25040925,4501.8,3683.4,4440.0,3288.1,4022.3,16,2,4022.0,975,14,4021.9,50,1,4021.8,155,3,4021.7,62,3,4023.4,36,4,4023.5,15,3,4023.6,13,1,4023.7,4,1,4023.8,99,2
11483,2026-07-02 12:57:02+05:30,4022.3,18,4039.14,1264599,146442.0,169788.0,4100.0,4110.0,4012.0,4092.6,25040925,4501.8,3683.4,4440.0,3288.1,4022.3,16,2,4022.0,975,14,4021.9,50,1,4021.8,155,3,4021.7,62,3,4023.4,36,4,4023.5,15,3,4023.6,13,1,4023.7,4,1,4023.8,99,2
11483,2026-07-02 12:57:02+05:30,4022.3,18,4039.14,1264620,145903.0,169162.0,4100.0,4110.0,4012.0,4092.6,25040925,4501.8,3683.4,4440.0,3288.1,4022.0,957,12,4021.9,50,1,4021.8,152,2,4021.7,8,1,4021.6,2,1,4022.3,3,1,4023.1,26,1,4023.2,28,4,4023.3,12,2,4023.4,55,4
11483,2026-07-02 12:57:03+05:30,4022.3,18,4039.14,1264620,145903.0,169162.0,4100.0,4110.0,4012.0,4092.6,25040925,4501.8,3683.4,4440.0,3288.1,4022.0,957,12,4021.9,50,1,4021.8,152,2,4021.7,8,1,4021.6,2,1,4022.3,3,1,4023.1,26,1,4023.2,28,4,4023.3,12,2,4023.4,55,4
11483,2026-07-02 12:57:03+05:30,4022.0,3,4039.14,1264620,145903.0,169162.0,4100.0,4110.0,4012.0,4092.6,25040925,4501.8,3683.4,4440.0,3288.1,4022.0,957,12,4021.9,50,1,4021.8,152,2,4021.7,8,1,4021.6,2,1,4022.3,3,1,4023.1,26,1,4023.2,28,4,4023.3,12,2,4023.4,55,4
11483,2026-07-02 12:57:03+05:30,4022.0,3,4039.14,1264623,145822.0,169232.0,4100.0,4110.0,4012.0,4092.6,25040925,4501.8,3683.4,4440.0,3288.1,4022.0,955,13,4021.9,50,1,4021.8,152,2,4021.7,8,1,4021.6,2,1,4022.3,4,2,4023.1,53,2,4023.2,40,5,4023.3,12,2,4023.4,55,4
11483,2026-07-02 12:57:03+05:30,4022.0,3,4039.14,1264623,145822.0,169232.0,4100.0,4110.0,4012.0,4092.6,25040925,4501.8,3683.4,4440.0,3288.1,4022.0,955,13,4021.9,50,1,4021.8,152,2,4021.7,8,1,4021.6,2,1,4022.3,4,2,4023.1,53,2,4023.2,40,5,4023.3,12,2,4023.4,55,4
11483,2026-07-02 12:57:04+05:30,4022.0,3,4039.14,1264623,145822.0,169232.0,4100.0,4110.0,4012.0,4092.6,25040925,4501.8,3683.4,4440.0,3288.1,4022.0,955,13,4021.9,50,1,4021.8,152,2,4021.7,8,1,4021.6,2,1,4022.3,4,2,4023.1,53,2,4023.2,40,5,4023.3,12,2,4023.4,55,4
11483,2026-07-02 12:57:04+05:30,4022.3,96,4039.14,1264623,145822.0,169232.0,4100.0,4110.0,4012.0,4092.6,25040925,4501.8,3683.4,4440.0,3288.1,4022.0,955,13,4021.9,50,1,4021.8,152,2,4021.7,8,1,4021.6,2,1,4022.3,4,2,4023.1,53,2,4023.2,40,5,4023.3,12,2,4023.4,55,4
11483,2026-07-02 12:57:04+05:30,4022.3,96,4039.14,1264749,146308.0,170169.0,4100.0,4110.0,4012.0,4092.6,25040925,4501.8,3683.4,4440.0,3288.1,4022.5,51,1,4022.0,955,13,4021.9,50,1,4021.8,101,1,4021.7,8,1,4023.0,375,5,4023.1,5,2,4023.2,16,2,4023.3,25,3,4023.4,63,5
11483,2026-07-02 12:57:04+05:30,4022.3,96,4039.14,1264749,146308.0,170169.0,4100.0,4110.0,4012.0,4092.6,25040925,4501.8,3683.4,4440.0,3288.1,4022.5,51,1,4022.0,955,13,4021.9,50,1,4021.8,101,1,4021.7,8,1,4023.0,375,5,4023.1,5,2,4023.2,16,2,4023.3,25,3,4023.4,63,5
11483,2026-07-02 12:57:05+05:30,4022.9,1,4039.14,1264749,146308.0,170169.0,4100.0,4110.0,4012.0,4092.6,25040925,4501.8,3683.4,4440.0,3288.1,4022.5,51,1,4022.0,955,13,4021.9,50,1,4021.8,101,1,4021.7,8,1,4023.0,375,5,4023.1,5,2,4023.2,16,2,4023.3,25,3,4023.4,63,5
11483,2026-07-02 12:57:05+05:30,4022.9,1,4039.14,1264765,146289.0,169838.0,4100.0,4110.0,4012.0,4092.6,25040925,4501.8,3683.4,4440.0,3288.1,4022.5,36,1,4022.3,1,1,4022.0,955,13,4021.9,50,1,4021.8,101,1,4022.6,174,1,4022.8,188,2,4023.0,10,1,4023.1,5,2,4023.2,16,2
11483,2026-07-02 12:57:05+05:30,4022.9,1,4039.14,1264765,146289.0,169838.0,4100.0,4110.0,4012.0,4092.6,25040925,4501.8,3683.4,4440.0,3288.1,4022.5,36,1,4022.3,1,1,4022.0,955,13,4021.9,50,1,4021.8,101,1,4022.6,174,1,4022.8,188,2,4023.0,10,1,4023.1,5,2,4023.2,16,2
11483,2026-07-02 12:57:06+05:30,4022.9,1,4039.14,1264765,146289.0,169838.0,4100.0,4110.0,4012.0,4092.6,25040925,4501.8,3683.4,4440.0,3288.1,4022.5,36,1,4022.3,1,1,4022.0,955,13,4021.9,50,1,4021.8,101,1,4022.6,174,1,4022.8,188,2,4023.0,10,1,4023.1,5,2,4023.2,16,2
11483,2026-07-02 12:57:06+05:30,4022.6,1,4039.14,1264765,146289.0,169838.0,4100.0,4110.0,4012.0,4092.6,25040925,4501.8,3683.4,4440.0,3288.1,4022.5,36,1,4022.3,1,1,4022.0,955,13,4021.9,50,1,4021.8,101,1,4022.6,174,1,4022.8,188,2,4023.0,10,1,4023.1,5,2,4023.2,16,2
11483,2026-07-02 12:57:06+05:30,4022.6,1,4039.14,1264765,146289.0,169838.0,4100.0,4110.0,4012.0,4092.6,25040925,4501.8,3683.4,4440.0,3288.1,4022.5,36,1,4022.3,1,1,4022.0,955,13,4021.9,50,1,4021.8,101,1,4022.6,174,1,4022.8,188,2,4023.0,10,1,4023.1,5,2,4023.2,16,2
11483,2026-07-02 12:57:06+05:30,4022.6,1,4039.13,1265119,145939.0,169850.0,4100.0,4110.0,4012.0,4092.6,25040925,4501.8,3683.4,4440.0,3288.1,4022.6,1,1,4022.5,7,1,4022.3,2,2,4022.0,955,13,4021.9,50,1,4022.7,188,2,4023.0,23,2,4023.1,5,2,4023.2,36,3,4023.3,75,4
11483,2026-07-02 12:57:06+05:30,4022.6,1,4039.13,1265119,145939.0,169850.0,4100.0,4110.0,4012.0,4092.6,25040925,4501.8,3683.4,4440.0,3288.1,4022.6,1,1,4022.5,7,1,4022.3,2,2,4022.0,955,13,4021.9,50,1,4022.7,188,2,4023.0,23,2,4023.1,5,2,4023.2,36,3,4023.3,75,4
11483,2026-07-02 12:57:07+05:30,4022.6,1,4039.13,1265119,145939.0,169850.0,4100.0,4110.0,4012.0,4092.6,25057900,4501.8,3683.4,4440.0,3288.1,4022.6,1,1,4022.5,7,1,4022.3,2,2,4022.0,955,13,4021.9,50,1,4022.7,188,2,4023.0,23,2,4023.1,5,2,4023.2,36,3,4023.3,75,4
11483,2026-07-02 12:57:07+05:30,4022.6,6,4039.13,1265119,145939.0,169850.0,4100.0,4110.0,4012.0,4092.6,25057900,4501.8,3683.4,4440.0,3288.1,4022.6,1,1,4022.5,7,1,4022.3,2,2,4022.0,955,13,4021.9,50,1,4022.7,188,2,4023.0,23,2,4023.1,5,2,4023.2,36,3,4023.3,75,4
11483,2026-07-02 12:57:07+05:30,4022.6,6,4039.13,1265125,146330.0,169740.0,4100.0,4110.0,4012.0,4092.6,25057900,4501.8,3683.4,4440.0,3288.1,4022.5,7,1,4022.3,2,2,4022.0,955,13,4021.9,50,1,4021.8,101,1,4022.6,11,3,4022.7,175,1,4022.9,4,1,4023.0,23,2,4023.1,11,3
11483,2026-07-02 12:57:07+05:30,4022.6,6,4039.13,1265125,146330.0,169740.0,4100.0,4110.0,4012.0,4092.6,25057900,4501.8,3683.4,4440.0,3288.1,4022.5,7,1,4022.3,2,2,4022.0,955,13,4021.9,50,1,4021.8,101,1,4022.6,11,3,4022.7,175,1,4022.9,4,1,4023.0,23,2,4023.1,11,3
11483,2026-07-02 12:57:08+05:30,4022.6,6,4039.13,1265125,146330.0,169740.0,4100.0,4110.0,4012.0,4092.6,25057900,4501.8,3683.4,4440.0,3288.1,4022.5,7,1,4022.3,2,2,4022.0,955,13,4021.9,50,1,4021.8,101,1,4022.6,11,3,4022.7,175,1,4022.9,4,1,4023.0,23,2,4023.1,11,3
11483,2026-07-02 12:57:08+05:30,4022.5,1,4039.13,1265126,146332.0,169760.0,4100.0,4110.0,4012.0,4092.6,25057900,4501.8,3683.4,4440.0,3288.1,4022.5,6,1,4022.3,2,2,4022.0,955,13,4021.9,50,1,4021.8,101,1,4022.6,11,3,4022.7,175,1,4022.9,4,1,4023.0,23,2,4023.1,11,3
11483,2026-07-02 12:57:08+05:30,4022.5,1,4039.13,1265126,146332.0,169760.0,4100.0,4110.0,4012.0,4092.6,25057900,4501.8,3683.4,4440.0,3288.1,4022.5,6,1,4022.3,2,2,4022.0,955,13,4021.9,50,1,4021.8,101,1,4022.6,11,3,4022.7,175,1,4022.9,4,1,4023.0,23,2,4023.1,11,3
11483,2026-07-02 12:57:08+05:30,4022.5,1,4039.13,1265126,146332.0,169760.0,4100.0,4110.0,4012.0,4092.6,25057900,4501.8,3683.4,4440.0,3288.1,4022.5,6,1,4022.3,2,2,4022.0,955,13,4021.9,50,1,4021.8,101,1,4022.6,11,3,4022.7,175,1,4022.9,4,1,4023.0,23,2,4023.1,11,3
11483,2026-07-02 12:57:09+05:30,4022.5,1,4039.13,1265126,146332.0,169760.0,4100.0,4110.0,4012.0,4092.6,25057900,4501.8,3683.4,4440.0,3288.1,4022.5,6,1,4022.3,2,2,4022.0,955,13,4021.9,50,1,4021.8,101,1,4022.6,11,3,4022.7,175,1,4022.9,4,1,4023.0,23,2,4023.1,11,3
11483,2026-07-02 12:57:09+05:30,4022.6,1,4039.13,1265132,146331.0,169779.0,4100.0,4110.0,4012.0,4092.6,25057900,4501.8,3683.4,4440.0,3288.1,4022.5,6,1,4022.3,2,2,4022.0,955,13,4021.9,50,1,4021.8,101,1,4022.6,11,3,4022.7,175,1,4022.8,15,1,4023.0,23,2,4023.1,11,3
11483,2026-07-02 12:57:09+05:30,4022.5,1,4039.13,1265132,146331.0,169779.0,4100.0,4110.0,4012.0,4092.6,25057900,4501.8,3683.4,4440.0,3288.1,4022.5,6,1,4022.3,2,2,4022.0,955,13,4021.9,50,1,4021.8,101,1,4022.6,11,3,4022.7,175,1,4022.8,15,1,4023.0,23,2,4023.1,11,3
11483,2026-07-02 12:57:10+05:30,4022.7,1,4039.13,1265239,146292.0,170042.0,4100.0,4110.0,4012.0,4092.6,25057900,4501.8,3683.4,4440.0,3288.1,4022.5,5,1,4022.3,2,2,4022.0,955,13,4021.9,50,1,4021.8,101,1,4022.7,106,1,4022.8,28,2,4023.0,15,2,4023.1,38,3,4023.2,23,3
11483,2026-07-02 12:57:10+05:30,4022.5,1,4039.13,1265239,146292.0,170042.0,4100.0,4110.0,4012.0,4092.6,25057900,4501.8,3683.4,4440.0,3288.1,4022.5,5,1,4022.3,2,2,4022.0,955,13,4021.9,50,1,4021.8,101,1,4022.7,106,1,4022.8,28,2,4023.0,15,2,4023.1,38,3,4023.2,23,3
11483,2026-07-02 12:57:11+05:30,4022.8,2,4039.13,1265293,146435.0,169882.0,4100.0,4110.0,4012.0,4092.6,25057900,4501.8,3683.4,4440.0,3288.1,4022.6,62,1,4022.5,50,1,4022.3,2,2,4022.0,964,13,4021.8,101,1,4022.8,9,2,4023.0,10,1,4023.1,5,2,4023.2,16,2,4023.3,16,2
11483,2026-07-02 12:57:11+05:30,4022.7,4,4039.13,1265293,146435.0,169882.0,4100.0,4110.0,4012.0,4092.6,25057900,4501.8,3683.4,4440.0,3288.1,4022.6,62,1,4022.5,50,1,4022.3,2,2,4022.0,964,13,4021.8,101,1,4022.8,9,2,4023.0,10,1,4023.1,5,2,4023.2,16,2,4023.3,16,2
11483,2026-07-02 12:57:12+05:30,4022.6,1,4039.13,1265480,145863.0,169852.0,4100.0,4110.0,4012.0,4092.6,25057900,4501.8,3683.4,4440.0,3288.1,4022.5,50,1,4022.3,2,2,4022.0,951,13,4021.8,101,1,4021.7,8,1,4022.6,174,1,4022.7,14,2,4022.8,4,1,4023.0,23,2,4023.1,11,3
11483,2026-07-02 12:57:12+05:30,4022.5,23,4039.13,1265480,145863.0,169852.0,4100.0,4110.0,4012.0,4092.6,25057900,4501.8,3683.4,4440.0,3288.1,4022.5,50,1,4022.3,2,2,4022.0,951,13,4021.8,101,1,4021.7,8,1,4022.6,174,1,4022.7,14,2,4022.8,4,1,4023.0,23,2,4023.1,11,3
11483,2026-07-02 12:57:13+05:30,4022.5,23,4039.13,1265503,145833.0,169862.0,4100.0,4110.0,4012.0,4092.6,25057900,4501.8,3683.4,4440.0,3288.1,4022.6,1,1,4022.5,48,2,4022.3,2,2,4022.0,951,13,4021.8,101,1,4022.7,15,3,4022.8,4,1,4023.0,23,2,4023.1,5,2,4023.2,16,2
11483,2026-07-02 12:57:13+05:30,4022.6,1,4039.13,1265503,145833.0,169862.0,4100.0,4110.0,4012.0,4092.6,25057900,4501.8,3683.4,4440.0,3288.1,4022.6,1,1,4022.5,48,2,4022.3,2,2,4022.0,951,13,4021.8,101,1,4022.7,15,3,4022.8,4,1,4023.0,23,2,4023.1,5,2,4023.2,16,2
11483,2026-07-02 12:57:14+05:30,4022.6,1,4039.13,1265504,145832.0,169905.0,4100.0,4110.0,4012.0,4092.6,25057900,4501.8,3683.4,4440.0,3288.1,4022.5,48,2,4022.3,2,2,4022.0,951,13,4021.8,101,1,4021.7,8,1,4022.6,190,4,4022.7,10,1,4022.8,4,1,4023.0,23,2,4023.1,5,2
11483,2026-07-02 12:57:15+05:30,4022.5,6,4039.12,1265743,145683.0,169819.0,4100.0,4110.0,4012.0,4092.6,25057900,4501.8,3683.4,4440.0,3288.1,4022.5,65,2,4022.3,2,2,4022.0,951,13,4021.8,104,2,4021.7,8,1,4022.6,15,3,4022.7,112,1,4022.8,4,1,4023.0,23,2,4023.1,5,2
11483,2026-07-02 12:57:15+05:30,4022.5,14,4039.12,1265743,145683.0,169819.0,4100.0,4110.0,4012.0,4092.6,25057900,4501.8,3683.4,4440.0,3288.1,4022.5,65,2,4022.3,2,2,4022.0,951,13,4021.8,104,2,4021.7,8,1,4022.6,15,3,4022.7,112,1,4022.8,4,1,4023.0,23,2,4023.1,5,2
11483,2026-07-02 12:57:16+05:30,4023.0,1,4039.12,1265819,146429.0,169656.0,4100.0,4110.0,4012.0,4092.6,25057900,4501.8,3683.4,4440.0,3288.1,4022.6,21,1,4022.5,41,3,4022.3,2,2,4022.0,981,14,4021.9,3,1,4023.1,2,1,4023.4,35,3,4023.5,15,3,4023.6,13,1,4023.8,14,1
11483,2026-07-02 12:57:16+05:30,4022.6,9,4039.12,1265819,146429.0,169656.0,4100.0,4110.0,4012.0,4092.6,25057900,4501.8,3683.4,4440.0,3288.1,4022.6,21,1,4022.5,41,3,4022.3,2,2,4022.0,981,14,4021.9,3,1,4023.1,2,1,4023.4,35,3,4023.5,15,3,4023.6,13,1,4023.8,14,1
11483,2026-07-02 12:57:17+05:30,4022.6,9,4039.12,1265828,146391.0,169751.0,4100.0,4110.0,4012.0,4092.6,25057900,4501.8,3683.4,4440.0,3288.1,4022.6,12,1,4022.5,41,3,4022.3,2,2,4022.0,981,14,4021.9,3,1,4023.1,15,5,4023.4,3,1,4023.5,15,3,4023.6,26,2,4023.8,14,1
11483,2026-07-02 12:57:17+05:30,4022.6,1,4039.12,1265828,146391.0,169751.0,4100.0,4110.0,4012.0,4092.6,25057900,4501.8,3683.4,4440.0,3288.1,4022.6,12,1,4022.5,41,3,4022.3,2,2,4022.0,981,14,4021.9,3,1,4023.1,15,5,4023.4,3,1,4023.5,15,3,4023.6,26,2,4023.8,14,1
11483,2026-07-02 12:57:18+05:30,4022.5,84,4039.12,1266015,145974.0,169698.0,4100.0,4110.0,4012.0,4092.6,25057900,4501.8,3683.4,4440.0,3288.1,4022.5,50,1,4022.3,2,2,4022.0,951,13,4021.9,3,1,4021.8,101,1,4022.6,2,1,4022.7,175,1,4023.1,23,8,4023.4,4,2,4023.5,20,4
11483,2026-07-02 12:57:18+05:30,4022.5,23,4039.12,1266015,145974.0,169698.0,4100.0,4110.0,4012.0,4092.6,25057900,4501.8,3683.4,4440.0,3288.1,4022.5,50,1,4022.3,2,2,4022.0,951,13,4021.9,3,1,4021.8,101,1,4022.6,2,1,4022.7,175,1,4023.1,23,8,4023.4,4,2,4023.5,20,4
11483,2026-07-02 12:57:19+05:30,4022.6,6,4039.12,1266044,145964.0,169697.0,4100.0,4110.0,4012.0,4092.6,25057900,4501.8,3683.4,4440.0,3288.1,4022.5,27,1,4022.3,2,2,4022.0,956,14,4021.9,3,1,4021.8,101,1,4022.6,9,3,4022.7,175,1,4023.1,11,5,4023.4,4,2,4023.5,20,4
11483,2026-07-02 12:57:19+05:30,4022.5,3,4039.12,1266044,145964.0,169697.0,4100.0,4110.0,4012.0,4092.6,25057900,4501.8,3683.4,4440.0,3288.1,4022.5,27,1,4022.3,2,2,4022.0,956,14,4021.9,3,1,4021.8,101,1,4022.6,9,3,4022.7,175,1,4023.1,11,5,4023.4,4,2,4023.5,20,4
11483,2026-07-02 12:57:20+05:30,4022.5,3,4039.12,1266047,145956.0,169689.0,4100.0,4110.0,4012.0,4092.6,25057900,4501.8,3683.4,4440.0,3288.1,4022.5,24,1,4022.3,2,2,4022.0,956,14,4021.8,101,1,4021.7,11,2,4022.6,11,4,4022.7,188,2,4023.0,13,1,4023.1,15,4,4023.2,5,1
11483,2026-07-02 12:57:20+05:30,4022.5,46,4039.12,1266047,145956.0,169689.0,4100.0,4110.0,4012.0,4092.6,25057900,4501.8,3683.4,4440.0,3288.1,4022.5,24,1,4022.3,2,2,4022.0,956,14,4021.8,101,1,4021.7,11,2,4022.6,11,4,4022.7,188,2,4023.0,13,1,4023.1,15,4,4023.2,5,1
11483,2026-07-02 12:57:21+05:30,4022.6,1,4039.12,1266154,145610.0,170156.0,4100.0,4110.0,4012.0,4092.6,25057900,4501.8,3683.4,4440.0,3288.1,4022.3,2,2,4022.0,956,14,4021.8,101,1,4021.7,8,1,4021.6,2,1,4022.6,14,4,4022.8,5,1,4023.0,20,3,4023.1,8,2,4023.2,5,1
11483,2026-07-02 12:57:21+05:30,4022.3,1,4039.12,1266154,145610.0,170156.0,4100.0,4110.0,4012.0,4092.6,25057900,4501.8,3683.4,4440.0,3288.1,4022.3,2,2,4022.0,956,14,4021.8,101,1,4021.7,8,1,4021.6,2,1,4022.6,14,4,4022.8,5,1,4023.0,20,3,4023.1,8,2,4023.2,5,1
11483,2026-07-02 12:57:22+05:30,4022.3,1,4039.12,1266156,145421.0,170240.0,4100.0,4110.0,4012.0,4092.6,25057900,4501.8,3683.4,4440.0,3288.1,4022.0,956,14,4021.8,101,1,4021.7,8,1,4021.6,2,1,4021.3,35,2,4022.2,175,1,4022.3,2,1,4022.6,14,4,4022.8,5,1,4023.0,18,2
11483,2026-07-02 12:57:23+05:30,4022.3,1,4039.12,1266156,145359.0,170144.0,4100.0,4110.0,4012.0,4092.6,25057900,4501.8,3683.4,4440.0,3288.1,4022.0,956,14,4021.8,101,1,4021.7,8,1,4021.6,2,1,4021.3,35,2,4022.1,175,1,4022.2,2,1,4022.3,2,1,4022.6,12,3,4022.8,5,1
11483,2026-07-02 12:57:24+05:30,4022.3,11,4039.11,1267124,145172.0,169470.0,4100.0,4110.0,4012.0,4092.6,25057900,4501.8,3683.4,4440.0,3288.1,4022.3,17,1,4022.1,1,1,4022.0,244,6,4021.7,8,1,4021.6,32,2,4022.4,42,1,4022.6,43,2,4023.1,4,2,4023.2,12,2,4023.3,12,1
11483,2026-07-02 12:57:24+05:30,4022.3,116,4039.11,1267124,145172.0,169470.0,4100.0,4110.0,4012.0,4092.6,25057900,4501.8,3683.4,4440.0,3288.1,4022.3,17,1,4022.1,1,1,4022.0,244,6,4021.7,8,1,4021.6,32,2,4022.4,42,1,4022.6,43,2,4023.1,4,2,4023.2,12,2,4023.3,12,1
11483,2026-07-02 12:57:25+05:30,4022.3,78,4039.1,1267318,145183.0,169550.0,4100.0,4110.0,4012.0,4092.6,25057900,4501.8,3683.4,4440.0,3288.1,4022.3,23,1,4022.1,1,1,4022.0,294,8,4021.7,8,1,4021.6,32,2,4022.4,2,1,4022.6,1,1,4022.7,42,1,4022.9,42,1,4023.1,4,2
11483,2026-07-02 12:57:25+05:30,4023.4,2,4039.1,1267318,145183.0,169550.0,4100.0,4110.0,4012.0,4092.6,25057900,4501.8,3683.4,4440.0,3288.1,4022.3,23,1,4022.1,1,1,4022.0,294,8,4021.7,8,1,4021.6,32,2,4022.4,2,1,4022.6,1,1,4022.7,42,1,4022.9,42,1,4023.1,4,2
11483,2026-07-02 12:57:26+05:30,4023.4,2,4039.1,1267501,146083.0,169405.0,4100.0,4110.0,4012.0,4092.6,25057900,4501.8,3683.4,4440.0,3288.1,4022.4,8,1,4022.3,101,1,4022.1,26,3,4022.0,300,9,4021.7,11,2,4022.8,78,1,4022.9,42,1,4023.0,42,1,4023.3,26,2,4023.4,30,1
11483,2026-07-02 12:57:26+05:30,4022.8,8,4039.1,1267501,146083.0,169405.0,4100.0,4110.0,4012.0,4092.6,25057900,4501.8,3683.4,4440.0,3288.1,4022.4,8,1,4022.3,101,1,4022.1,26,3,4022.0,300,9,4021.7,11,2,4022.8,78,1,4022.9,42,1,4023.0,42,1,4023.3,26,2,4023.4,30,1
11483,2026-07-02 12:57:27+05:30,4022.8,1,4039.1,1267532,146002.0,169294.0,4100.0,4110.0,4012.0,4092.6,25057900,4501.8,3683.4,4440.0,3288.1,4022.4,8,1,4022.3,101,1,4022.1,15,1,4022.0,303,10,4021.8,3,1,4022.8,1,1,4023.3,26,2,4023.4,30,1,4023.5,35,3,4023.6,26,2
11483,2026-07-02 12:57:27+05:30,4022.8,1,4039.1,1267532,146002.0,169294.0,4100.0,4110.0,4012.0,4092.6,25057900,4501.8,3683.4,4440.0,3288.1,4022.4,8,1,4022.3,101,1,4022.1,15,1,4022.0,303,10,4021.8,3,1,4022.8,1,1,4023.3,26,2,4023.4,30,1,4023.5,35,3,4023.6,26,2
11483,2026-07-02 12:57:28+05:30,4022.8,1,4039.1,1267538,146059.0,169240.0,4100.0,4110.0,4012.0,4092.6,25057900,4501.8,3683.4,4440.0,3288.1,4022.4,4,1,4022.3,106,2,4022.1,15,1,4022.0,303,10,4021.8,3,1,4022.8,13,1,4023.3,22,2,4023.4,30,1,4023.5,48,4,4023.6,24,2
11483,2026-07-02 12:57:28+05:30,4022.4,1,4039.1,1267538,146059.0,169240.0,4100.0,4110.0,4012.0,4092.6,25057900,4501.8,3683.4,4440.0,3288.1,4022.4,4,1,4022.3,106,2,4022.1,15,1,4022.0,303,10,4021.8,3,1,4022.8,13,1,4023.3,22,2,4023.4,30,1,4023.5,48,4,4023.6,24,2
11483,2026-07-02 12:57:29+05:30,4022.8,7,4039.1,1267598,146064.0,169296.0,4100.0,4110.0,4012.0,4092.6,25057900,4501.8,3683.4,4440.0,3288.1,4022.3,106,2,4022.1,15,1,4022.0,333,11,4021.8,3,1,4021.7,8,1,4022.8,7,1,4023.3,22,2,4023.4,30,1,4023.5,27,3,4023.6,45,3
11483,2026-07-02 12:57:29+05:30,4022.3,7,4039.1,1267598,146064.0,169296.0,4100.0,4110.0,4012.0,4092.6,25057900,4501.8,3683.4,4440.0,3288.1,4022.3,106,2,4022.1,15,1,4022.0,333,11,4021.8,3,1,4021.7,8,1,4022.8,7,1,4023.3,22,2,4023.4,30,1,4023.5,27,3,4023.6,45,3
11483,2026-07-02 12:57:30+05:30,4022.8,30,4039.1,1267635,146052.0,169343.0,4100.0,4110.0,4012.0,4092.6,25057900,4501.8,3683.4,4440.0,3288.1,4022.3,99,2,4022.1,15,1,4022.0,333,11,4021.8,3,1,4021.7,8,1,4022.8,14,1,4023.3,22,2,4023.4,30,1,4023.5,27,3,4023.6,45,3
11483,2026-07-02 12:57:30+05:30,4022.3,4,4039.1,1267635,146052.0,169343.0,4100.0,4110.0,4012.0,4092.6,25057900,4501.8,3683.4,4440.0,3288.1,4022.3,99,2,4022.1,15,1,4022.0,333,11,4021.8,3,1,4021.7,8,1,4022.8,14,1,4023.3,22,2,4023.4,30,1,4023.5,27,3,4023.6,45,3
11483,2026-07-02 12:57:31+05:30,4022.8,1,4039.1,1267645,146048.0,169336.0,4100.0,4110.0,4012.0,4092.6,25057900,4501.8,3683.4,4440.0,3288.1,4022.3,95,2,4022.1,15,1,4022.0,333,11,4021.8,3,1,4021.7,8,1,4022.8,8,1,4023.3,22,2,4023.4,30,1,4023.5,27,3,4023.6,45,3
11483,2026-07-02 12:57:31+05:30,4022.3,2,4039.1,1267645,146048.0,169336.0,4100.0,4110.0,4012.0,4092.6,25057900,4501.8,3683.4,4440.0,3288.1,4022.3,95,2,4022.1,15,1,4022.0,333,11,4021.8,3,1,4021.7,8,1,4022.8,8,1,4023.3,22,2,4023.4,30,1,4023.5,27,3,4023.6,45,3
11483,2026-07-02 12:57:32+05:30,4022.4,50,4039.1,1267698,146264.0,169251.0,4100.0,4110.0,4012.0,4092.6,25057900,4501.8,3683.4,4440.0,3288.1,4022.4,31,1,4022.3,134,3,4022.2,42,1,4022.1,15,1,4022.0,375,12,4022.8,8,1,4023.3,8,2,4023.4,30,1,4023.5,14,2,4023.6,24,2
11483,2026-07-02 12:57:32+05:30,4022.4,6,4039.1,1267698,146264.0,169251.0,4100.0,4110.0,4012.0,4092.6,25057900,4501.8,3683.4,4440.0,3288.1,4022.4,31,1,4022.3,134,3,4022.2,42,1,4022.1,15,1,4022.0,375,12,4022.8,8,1,4023.3,8,2,4023.4,30,1,4023.5,14,2,4023.6,24,2
11483,2026-07-02 12:57:33+05:30,4022.4,6,4039.1,1267704,146193.0,169243.0,4100.0,4110.0,4012.0,4092.6,25057900,4501.8,3683.4,4440.0,3288.1,4022.6,42,1,4022.5,42,1,4022.3,139,4,4022.1,60,3,4022.0,333,11,4022.8,8,1,4023.3,8,2,4023.4,30,1,4023.5,14,2,4023.6,13,1
11483,2026-07-02 12:57:33+05:30,4022.6,1,4039.1,1267704,146193.0,169243.0,4100.0,4110.0,4012.0,4092.6,25057900,4501.8,3683.4,4440.0,3288.1,4022.6,42,1,4022.5,42,1,4022.3,139,4,4022.1,60,3,4022.0,333,11,4022.8,8,1,4023.3,8,2,4023.4,30,1,4023.5,14,2,4023.6,13,1
11483,2026-07-02 12:57:34+05:30,4022.8,14,4039.1,1267729,146187.0,169255.0,4100.0,4110.0,4012.0,4092.6,25057900,4501.8,3683.4,4440.0,3288.1,4022.6,83,2,4022.4,42,1,4022.3,127,4,4022.2,42,1,4022.1,18,2,4022.8,15,2,4023.3,8,2,4023.4,30,1,4023.5,14,2,4023.6,13,1
11483,2026-07-02 12:57:34+05:30,4022.6,3,4039.1,1267729,146187.0,169255.0,4100.0,4110.0,4012.0,4092.6,25057900,4501.8,3683.4,4440.0,3288.1,4022.6,83,2,4022.4,42,1,4022.3,127,4,4022.2,42,1,4022.1,18,2,4022.8,15,2,4023.3,8,2,4023.4,30,1,4023.5,14,2,4023.6,13,1
11483,2026-07-02 12:57:35+05:30,4023.5,2,4039.1,1267759,146323.0,169350.0,4100.0,4110.0,4012.0,4092.6,25057900,4501.8,3683.4,4440.0,3288.1,4022.8,56,1,4022.6,80,2,4022.4,42,1,4022.3,100,4,4022.2,42,1,4023.5,9,1,4023.6,13,1,4023.9,41,4,4024.0,45,2,4024.1,30,2
11483,2026-07-02 12:57:35+05:30,4022.8,3,4039.1,1267759,146323.0,169350.0,4100.0,4110.0,4012.0,4092.6,25057900,4501.8,3683.4,4440.0,3288.1,4022.8,56,1,4022.6,80,2,4022.4,42,1,4022.3,100,4,4022.2,42,1,4023.5,9,1,4023.6,13,1,4023.9,41,4,4024.0,45,2,4024.1,30,2
11483,2026-07-02 12:57:36+05:30,4022.8,3,4039.1,1267762,146368.0,169755.0,4100.0,4110.0,4012.0,4092.6,25057900,4501.8,3683.4,4440.0,3288.1,4023.1,1,1,4023.0,42,1,4022.8,42,1,4022.6,80,2,4022.3,97,3,4023.5,9,1,4023.6,13,1,4023.9,2,1,4024.0,45,2,4024.2,28,2
11483,2026-07-02 12:57:36+05:30,4023.0,13,4039.1,1267762,146368.0,169755.0,4100.0,4110.0,4012.0,4092.6,25057900,4501.8,3683.4,4440.0,3288.1,4023.1,1,1,4023.0,42,1,4022.8,42,1,4022.6,80,2,4022.3,97,3,4023.5,9,1,4023.6,13,1,4023.9,2,1,4024.0,45,2,4024.2,28,2
11483,2026-07-02 12:57:37+05:30,4023.9,2,4039.1,1267787,146592.0,169202.0,4100.0,4110.0,4012.0,4092.6,25057900,4501.8,3683.4,4440.0,3288.1,4023.3,40,1,4023.0,29,1,4022.9,42,1,4022.7,61,2,4022.6,38,1,4023.9,2,1,4024.0,24,2,4024.2,15,1,4024.3,30,1,4024.4,15,1
11483,2026-07-02 12:57:37+05:30,4023.3,3,4039.1,1267787,146592.0,169202.0,4100.0,4110.0,4012.0,4092.6,25057900,4501.8,3683.4,4440.0,3288.1,4023.3,40,1,4023.0,29,1,4022.9,42,1,4022.7,61,2,4022.6,38,1,4023.9,2,1,4024.0,24,2,4024.2,15,1,4024.3,30,1,4024.4,15,1
11483,2026-07-02 12:57:38+05:30,4023.3,3,4039.1,1267790,146360.0,169648.0,4100.0,4110.0,4012.0,4092.6,25057900,4501.8,3683.4,4440.0,3288.1,4023.1,2,1,4022.4,50,1,4022.3,97,3,4022.2,58,4,4022.1,37,2,4023.8,175,1,4023.9,17,4,4024.0,23,2,4024.2,38,3,4024.3,30,1
11483,2026-07-02 12:57:39+05:30,4023.6,1,4039.1,1267791,146327.0,169257.0,4100.0,4110.0,4012.0,4092.6,25057900,4501.8,3683.4,4440.0,3288.1,4023.1,2,1,4022.4,50,1,4022.3,97,3,4022.1,18,2,4022.0,354,11,4023.3,174,1,4023.7,33,3,4023.8,11,4,4023.9,2,1,4024.0,46,3
11483,2026-07-02 12:57:39+05:30,4023.6,1,4039.1,1267791,146327.0,169257.0,4100.0,4110.0,4012.0,4092.6,25057900,4501.8,3683.4,4440.0,3288.1,4023.1,2,1,4022.4,50,1,4022.3,97,3,4022.1,18,2,4022.0,354,11,4023.3,174,1,4023.7,33,3,4023.8,11,4,4023.9,2,1,4024.0,46,3
11483,2026-07-02 12:57:40+05:30,4023.6,1,4039.1,1267791,146336.0,169414.0,4100.0,4110.0,4012.0,4092.6,25057900,4501.8,3683.4,4440.0,3288.1,4023.2,1,1,4023.1,2,1,4022.4,50,1,4022.3,97,3,4022.2,3,1,4023.3,1,1,4023.7,9,1,4023.8,11,4,4023.9,15,2,4024.0,76,4
11483,2026-07-02 12:57:41+05:30,4024.2,30,4039.09,1268031,146486.0,169130.0,4100.0,4110.0,4012.0,4092.6,25057900,4501.8,3683.4,4440.0,3288.1,4023.2,1,1,4023.1,2,1,4022.4,50,1,4022.3,100,4,4022.2,35,2,4024.1,64,5,4024.2,23,3,4024.3,66,3,4024.4,29,3,4024.5,13,1
11483,2026-07-02 12:57:41+05:30,4023.2,5,4039.09,1268031,146486.0,169130.0,4100.0,4110.0,4012.0,4092.6,25057900,4501.8,3683.4,4440.0,3288.1,4023.2,1,1,4023.1,2,1,4022.4,50,1,4022.3,100,4,4022.2,35,2,4024.1,64,5,4024.2,23,3,4024.3,66,3,4024.4,29,3,4024.5,13,1
11483,2026-07-02 12:57:42+05:30,4023.3,175,4039.09,1268415,157784.0,168177.0,4100.0,4110.0,4012.0,4092.6,25057900,4501.8,3683.4,4440.0,3288.1,4023.3,10662,3,4023.2,3,1,4023.1,22,2,4022.9,41,2,4022.8,43,2,4024.4,3,1,4024.5,25,3,4024.6,3,1,4024.7,26,3,4024.8,15,2
11483,2026-07-02 12:57:42+05:30,4023.3,46,4039.09,1268415,157784.0,168177.0,4100.0,4110.0,4012.0,4092.6,25057900,4501.8,3683.4,4440.0,3288.1,4023.3,10662,3,4023.2,3,1,4023.1,22,2,4022.9,41,2,4022.8,43,2,4024.4,3,1,4024.5,25,3,4024.6,3,1,4024.7,26,3,4024.8,15,2
11483,2026-07-02 12:57:43+05:30,4023.9,1,4039.09,1268462,157910.0,168228.0,4100.0,4110.0,4012.0,4092.6,25057900,4501.8,3683.4,4440.0,3288.1,4023.3,10776,7,4023.1,20,1,4023.0,48,3,4022.9,44,2,4022.8,47,2,4023.9,182,2,4024.5,18,2,4024.6,3,1,4024.7,26,3,4024.8,15,2
11483,2026-07-02 12:57:43+05:30,4023.3,6,4039.09,1268462,157910.0,168228.0,4100.0,4110.0,4012.0,4092.6,25057900,4501.8,3683.4,4440.0,3288.1,4023.3,10776,7,4023.1,20,1,4023.0,48,3,4022.9,44,2,4022.8,47,2,4023.9,182,2,4024.5,18,2,4024.6,3,1,4024.7,26,3,4024.8,15,2
11483,2026-07-02 12:57:44+05:30,4023.9,100,4039.09,1268568,157831.0,168171.0,4100.0,4110.0,4012.0,4092.6,25057900,4501.8,3683.4,4440.0,3288.1,4023.3,10756,6,4023.1,20,1,4023.0,48,3,4022.9,23,1,4022.8,47,2,4023.9,82,2,4024.0,22,2,4024.5,18,2,4024.6,3,1,4024.7,26,3
11483,2026-07-02 12:57:44+05:30,4023.3,13,4039.09,1268568,157831.0,168171.0,4100.0,4110.0,4012.0,4092.6,25057900,4501.8,3683.4,4440.0,3288.1,4023.3,10756,6,4023.1,20,1,4023.0,48,3,4022.9,23,1,4022.8,47,2,4023.9,82,2,4024.0,22,2,4024.5,18,2,4024.6,3,1,4024.7,26,3
11483,2026-07-02 12:57:45+05:30,4023.9,8,4039.09,1268663,158120.0,167979.0,4100.0,4110.0,4012.0,4092.6,25057900,4501.8,3683.4,4440.0,3288.1,4023.4,15,1,4023.3,10786,10,4023.2,11,1,4023.1,4,1,4023.0,36,2,4023.9,8,1,4024.2,5,1,4024.6,3,1,4024.7,26,3,4024.8,15,2
11483,2026-07-02 12:57:45+05:30,4023.4,11,4039.09,1268663,158120.0,167979.0,4100.0,4110.0,4012.0,4092.6,25057900,4501.8,3683.4,4440.0,3288.1,4023.4,15,1,4023.3,10786,10,4023.2,11,1,4023.1,4,1,4023.0,36,2,4023.9,8,1,4024.2,5,1,4024.6,3,1,4024.7,26,3,4024.8,15,2
11483,2026-07-02 12:57:46+05:30,4024.7,3,4039.09,1268764,158075.0,167974.0,4100.0,4110.0,4012.0,4092.6,25057900,4501.8,3683.4,4440.0,3288.1,4023.9,2,2,4023.5,32,3,4023.4,25,2,4023.3,10648,7,4023.2,16,2,4024.9,34,2,4025.0,49,2,4025.2,15,1,4025.4,44,3,4025.7,25,2
11483,2026-07-02 12:57:46+05:30,4023.5,1,4039.09,1268764,158075.0,167974.0,4100.0,4110.0,4012.0,4092.6,25057900,4501.8,3683.4,4440.0,3288.1,4023.9,2,2,4023.5,32,3,4023.4,25,2,4023.3,10648,7,4023.2,16,2,4024.9,34,2,4025.0,49,2,4025.2,15,1,4025.4,44,3,4025.7,25,2
11483,2026-07-02 12:57:47+05:30,4023.5,1,4039.09,1268773,158102.0,167996.0,4100.0,4110.0,4012.0,4092.6,25057900,4501.8,3683.4,4440.0,3288.1,4023.5,47,5,4023.4,10,1,4023.3,10630,6,4023.2,11,1,4023.1,10,2,4023.9,2,1,4024.9,25,1,4025.0,49,2,4025.2,15,1,4025.3,21,1
11483,2026-07-02 12:57:47+05:30,4023.5,1,4039.09,1268773,158102.0,167996.0,4100.0,4110.0,4012.0,4092.6,25057900,4501.8,3683.4,4440.0,3288.1,4023.5,47,5,4023.4,10,1,4023.3,10630,6,4023.2,11,1,4023.1,10,2,4023.9,2,1,4024.9,25,1,4025.0,49,2,4025.2,15,1,4025.3,21,1
11483,2026-07-02 12:57:48+05:30,4023.5,1,4039.09,1268774,158023.0,167997.0,4100.0,4110.0,4012.0,4092.6,25057900,4501.8,3683.4,4440.0,3288.1,4023.5,52,6,4023.4,18,2,4023.3,10630,6,4023.2,11,1,4023.1,4,1,4023.9,3,2,4024.0,2,1,4024.9,25,1,4025.0,49,2,4025.2,15,1
11483,2026-07-02 12:57:48+05:30,4023.5,1,4039.09,1268774,158023.0,167997.0,4100.0,4110.0,4012.0,4092.6,25057900,4501.8,3683.4,4440.0,3288.1,4023.5,52,6,4023.4,18,2,4023.3,10630,6,4023.2,11,1,4023.1,4,1,4023.9,3,2,4024.0,2,1,4024.9,25,1,4025.0,49,2,4025.2,15,1
11483,2026-07-02 12:57:49+05:30,4023.5,1,4039.09,1268775,157897.0,167960.0,4100.0,4110.0,4012.0,4092.6,25057900,4501.8,3683.4,4440.0,3288.1,4023.5,42,4,4023.4,10,1,4023.3,10599,4,4023.2,22,2,4023.1,4,1,4023.9,7,3,4024.0,2,1,4024.9,25,1,4025.0,49,2,4025.2,15,1
11483,2026-07-02 12:57:50+05:30,4023.5,1,4039.09,1268775,157953.0,167924.0,4100.0,4110.0,4012.0,4092.6,25057900,4501.8,3683.4,4440.0,3288.1,4023.5,42,4,4023.4,10,1,4023.3,10599,4,4023.2,22,2,4023.1,4,1,4023.9,8,4,4024.0,2,1,4024.9,25,1,4025.0,49,2,4025.2,15,1
11483,2026-07-02 12:57:51+05:30,4023.9,1,4039.09,1268778,157958.0,167919.0,4100.0,4110.0,4012.0,4092.6,25057900,4501.8,3683.4,4440.0,3288.1,4023.5,42,4,4023.4,10,1,4023.3,10599,4,4023.2,22,2,4023.1,4,1,4023.9,7,3,4024.0,2,1,4024.9,25,1,4025.0,49,2,4025.2,15,1
11483,2026-07-02 12:57:51+05:30,4023.9,1,4039.09,1268778,157958.0,167919.0,4100.0,4110.0,4012.0,4092.6,25057900,4501.8,3683.4,4440.0,3288.1,4023.5,42,4,4023.4,10,1,4023.3,10599,4,4023.2,22,2,4023.1,4,1,4023.9,7,3,4024.0,2,1,4024.9,25,1,4025.0,49,2,4025.2,15,1
11483,2026-07-02 12:57:52+05:30,4023.9,1,4039.09,1268783,157980.0,167922.0,4100.0,4110.0,4012.0,4092.6,25057900,4501.8,3683.4,4440.0,3288.1,4023.5,42,4,4023.4,10,1,4023.3,10621,5,4023.2,22,2,4023.1,4,1,4023.9,6,2,4024.0,2,1,4024.9,25,1,4025.0,49,2,4025.2,15,1
11483,2026-07-02 12:57:52+05:30,4023.5,1,4039.09,1268783,157980.0,167922.0,4100.0,4110.0,4012.0,4092.6,25057900,4501.8,3683.4,4440.0,3288.1,4023.5,42,4,4023.4,10,1,4023.3,10621,5,4023.2,22,2,4023.1,4,1,4023.9,6,2,4024.0,2,1,4024.9,25,1,4025.0,49,2,4025.2,15,1
11483,2026-07-02 12:57:53+05:30,4023.5,1,4039.09,1268784,157997.0,167929.0,4100.0,4110.0,4012.0,4092.6,25057900,4501.8,3683.4,4440.0,3288.1,4023.6,2,1,4023.5,39,3,4023.4,10,1,4023.3,10621,5,4023.2,22,2,4023.9,6,2,4024.0,2,1,4024.9,26,2,4025.0,49,2,4025.2,15,1
11483,2026-07-02 12:57:53+05:30,4023.6,14,4039.09,1268784,157997.0,167929.0,4100.0,4110.0,4012.0,4092.6,25057900,4501.8,3683.4,4440.0,3288.1,4023.6,2,1,4023.5,39,3,4023.4,10,1,4023.3,10621,5,4023.2,22,2,4023.9,6,2,4024.0,2,1,4024.9,26,2,4025.0,49,2,4025.2,15,1
11483,2026-07-02 12:57:54+05:30,4023.9,1,4039.08,1268814,157894.0,167926.0,4100.0,4110.0,4012.0,4092.6,25057900,4501.8,3683.4,4440.0,3288.1,4023.5,37,3,4023.4,10,1,4023.3,10612,4,4023.2,11,1,4023.1,4,1,4023.9,4,2,4024.0,2,1,4024.9,26,2,4025.0,49,2,4025.2,15,1
11483,2026-07-02 12:57:54+05:30,4023.5,3,4039.08,1268814,157894.0,167926.0,4100.0,4110.0,4012.0,4092.6,25057900,4501.8,3683.4,4440.0,3288.1,4023.5,37,3,4023.4,10,1,4023.3,10612,4,4023.2,11,1,4023.1,4,1,4023.9,4,2,4024.0,2,1,4024.9,26,2,4025.0,49,2,4025.2,15,1
11483,2026-07-02 12:57:54+05:30,4023.5,3,4039.08,1268817,157902.0,167758.0,4100.0,4110.0,4012.0,4092.6,25057900,4501.8,3683.4,4440.0,3288.1,4023.5,34,3,4023.4,10,1,4023.3,10612,4,4023.2,11,1,4023.1,4,1,4023.9,4,2,4024.0,2,1,4024.9,26,2,4025.0,49,2,4025.2,15,1
11483,2026-07-02 12:57:55+05:30,4023.5,1,4039.08,1268817,157902.0,167758.0,4100.0,4110.0,4012.0,4092.6,25057900,4501.8,3683.4,4440.0,3288.1,4023.5,34,3,4023.4,10,1,4023.3,10612,4,4023.2,11,1,4023.1,4,1,4023.9,4,2,4024.0,2,1,4024.9,26,2,4025.0,49,2,4025.2,15,1
11483,2026-07-02 12:57:55+05:30,4023.5,1,4039.08,1268818,157916.0,167778.0,4100.0,4110.0,4012.0,4092.6,25057900,4501.8,3683.4,4440.0,3288.1,4023.7,1,1,4023.6,59,4,4023.5,33,3,4023.4,10,1,4023.3,10621,5,4023.9,4,2,4024.0,2,1,4024.9,26,2,4025.0,49,2,4025.2,15,1
11483,2026-07-02 12:57:56+05:30,4023.9,1,4039.08,1268818,157916.0,167778.0,4100.0,4110.0,4012.0,4092.6,25057900,4501.8,3683.4,4440.0,3288.1,4023.7,1,1,4023.6,59,4,4023.5,33,3,4023.4,10,1,4023.3,10621,5,4023.9,4,2,4024.0,2,1,4024.9,26,2,4025.0,49,2,4025.2,15,1
11483,2026-07-02 12:57:57+05:30,4023.9,1,4039.08,1268822,157964.0,167777.0,4100.0,4110.0,4012.0,4092.6,25057900,4501.8,3683.4,4440.0,3288.1,4023.7,1,1,4023.6,59,4,4023.5,33,3,4023.4,10,1,4023.3,10621,5,4023.9,5,2,4024.0,2,1,4024.9,26,2,4025.0,49,2,4025.2,15,1
11483,2026-07-02 12:57:58+05:30,4023.9,1,4039.08,1268822,157958.0,167776.0,4100.0,4110.0,4012.0,4092.6,25057900,4501.8,3683.4,4440.0,3288.1,4023.7,1,1,4023.6,59,4,4023.5,33,3,4023.4,10,1,4023.3,10621,5,4023.9,7,3,4024.0,2,1,4024.9,26,2,4025.0,49,2,4025.2,15,1
11483,2026-07-02 12:57:59+05:30,4023.9,49,4039.08,1268909,157323.0,167813.0,4100.0,4110.0,4012.0,4092.6,25057900,4501.8,3683.4,4440.0,3288.1,4023.7,1,1,4023.5,20,1,4023.3,10557,1,4023.0,175,5,4022.8,62,2,4023.8,124,1,4024.7,39,3,4024.8,50,2,4024.9,64,4,4025.0,49,2
11483,2026-07-02 12:57:59+05:30,4023.7,1,4039.08,1268909,157323.0,167813.0,4100.0,4110.0,4012.0,4092.6,25057900,4501.8,3683.4,4440.0,3288.1,4023.7,1,1,4023.5,20,1,4023.3,10557,1,4023.0,175,5,4022.8,62,2,4023.8,124,1,4024.7,39,3,4024.8,50,2,4024.9,64,4,4025.0,49,2
11483,2026-07-02 12:58:00+05:30,4023.7,1,4039.08,1268911,157386.0,167828.0,4100.0,4110.0,4012.0,4092.6,25057900,4501.8,3683.4,4440.0,3288.1,4023.5,20,1,4023.3,10557,1,4023.0,175,5,4022.8,92,3,4022.7,3,1,4023.7,3,2,4023.8,130,2,4024.7,38,2,4024.8,80,3,4024.9,64,4
11483,2026-07-02 12:58:00+05:30,4023.7,1,4039.08,1268911,157386.0,167828.0,4100.0,4110.0,4012.0,4092.6,25057900,4501.8,3683.4,4440.0,3288.1,4023.5,20,1,4023.3,10557,1,4023.0,175,5,4022.8,92,3,4022.7,3,1,4023.7,3,2,4023.8,130,2,4024.7,38,2,4024.8,80,3,4024.9,64,4
11483,2026-07-02 12:58:01+05:30,4023.7,1,4039.08,1268918,157334.0,167859.0,4100.0,4110.0,4012.0,4092.6,25057900,4501.8,3683.4,4440.0,3288.1,4023.5,20,1,4023.3,10557,1,4023.0,163,4,4022.9,12,1,4022.8,92,3,4023.7,3,2,4023.8,130,2,4024.7,38,2,4024.8,80,3,4024.9,64,4
11483,2026-07-02 12:58:01+05:30,4023.5,1,4039.08,1268918,157334.0,167859.0,4100.0,4110.0,4012.0,4092.6,25057900,4501.8,3683.4,4440.0,3288.1,4023.5,20,1,4023.3,10557,1,4023.0,163,4,4022.9,12,1,4022.8,92,3,4023.7,3,2,4023.8,130,2,4024.7,38,2,4024.8,80,3,4024.9,64,4
11483,2026-07-02 12:58:02+05:30,4023.5,1,4039.08,1268919,157333.0,167889.0,4100.0,4110.0,4012.0,4092.6,25057900,4501.8,3683.4,4440.0,3288.1,4023.5,19,1,4023.3,10557,1,4023.0,163,4,4022.9,12,1,4022.8,92,3,4023.7,3,2,4023.8,130,2,4024.7,38,2,4024.8,80,3,4024.9,64,4
11483,2026-07-02 12:58:02+05:30,4023.5,1,4039.08,1268919,157333.0,167889.0,4100.0,4110.0,4012.0,4092.6,25057900,4501.8,3683.4,4440.0,3288.1,4023.5,19,1,4023.3,10557,1,4023.0,163,4,4022.9,12,1,4022.8,92,3,4023.7,3,2,4023.8,130,2,4024.7,38,2,4024.8,80,3,4024.9,64,4
11483,2026-07-02 12:58:03+05:30,4023.5,1,4039.08,1268919,157281.0,167835.0,4100.0,4110.0,4012.0,4092.6,25057900,4501.8,3683.4,4440.0,3288.1,4023.5,19,1,4023.3,10615,4,4023.1,9,1,4023.0,188,6,4022.9,12,1,4023.7,3,2,4023.8,130,2,4024.7,38,2,4024.8,50,2,4024.9,83,5
11483,2026-07-02 12:58:03+05:30,4023.5,1,4039.08,1268919,157281.0,167835.0,4100.0,4110.0,4012.0,4092.6,25057900,4501.8,3683.4,4440.0,3288.1,4023.5,19,1,4023.3,10615,4,4023.1,9,1,4023.0,188,6,4022.9,12,1,4023.7,3,2,4023.8,130,2,4024.7,38,2,4024.8,50,2,4024.9,83,5
11483,2026-07-02 12:58:04+05:30,4023.5,1,4039.08,1268920,157300.0,167826.0,4100.0,4110.0,4012.0,4092.6,25057900,4501.8,3683.4,4440.0,3288.1,4023.5,18,1,4023.3,10557,1,4023.1,52,2,4023.0,163,4,4022.9,12,1,4023.7,5,4,4023.8,130,2,4024.7,38,2,4024.8,50,2,4024.9,83,5
11483,2026-07-02 12:58:04+05:30,4023.5,1,4039.08,1268920,157300.0,167826.0,4100.0,4110.0,4012.0,4092.6,25057900,4501.8,3683.4,4440.0,3288.1,4023.5,18,1,4023.3,10557,1,4023.1,52,2,4023.0,163,4,4022.9,12,1,4023.7,5,4,4023.8,130,2,4024.7,38,2,4024.8,50,2,4024.9,83,5
11483,2026-07-02 12:58:04+05:30,4023.5,1,4039.08,1268920,157300.0,167826.0,4100.0,4110.0,4012.0,4092.6,25057900,4501.8,3683.4,4440.0,3288.1,4023.5,18,1,4023.3,10557,1,4023.1,52,2,4023.0,163,4,4022.9,12,1,4023.7,5,4,4023.8,130,2,4024.7,38,2,4024.8,50,2,4024.9,83,5
11483,2026-07-02 12:58:04+05:30,4023.5,1,4039.08,1268920,157300.0,167826.0,4100.0,4110.0,4012.0,4092.6,25057900,4501.8,3683.4,4440.0,3288.1,4023.5,18,1,4023.3,10557,1,4023.1,52,2,4023.0,163,4,4022.9,12,1,4023.7,5,4,4023.8,130,2,4024.7,38,2,4024.8,50,2,4024.9,83,5
11483,2026-07-02 12:58:05+05:30,4023.5,1,4039.08,1268920,157319.0,167827.0,4100.0,4110.0,4012.0,4092.6,25057900,4501.8,3683.4,4440.0,3288.1,4023.5,18,1,4023.3,10557,1,4023.1,30,1,4023.0,185,5,4022.9,12,1,4023.7,5,4,4023.8,130,2,4024.7,38,2,4024.8,50,2,4024.9,83,5
11483,2026-07-02 12:58:05+05:30,4023.5,1,4039.08,1268920,157319.0,167827.0,4100.0,4110.0,4012.0,4092.6,25057900,4501.8,3683.4,4440.0,3288.1,4023.5,18,1,4023.3,10557,1,4023.1,30,1,4023.0,185,5,4022.9,12,1,4023.7,5,4,4023.8,130,2,4024.7,38,2,4024.8,50,2,4024.9,83,5
11483,2026-07-02 12:58:06+05:30,4023.5,1,4039.08,1268920,157416.0,167809.0,4100.0,4110.0,4012.0,4092.6,25057900,4501.8,3683.4,4440.0,3288.1,4023.5,41,4,4023.4,80,2,4023.3,10557,1,4023.1,33,2,4023.0,185,5,4023.7,5,4,4023.8,130,2,4024.7,38,2,4024.8,57,2,4024.9,64,4
11483,2026-07-02 12:58:06+05:30,4023.5,1,4039.08,1268920,157416.0,167809.0,4100.0,4110.0,4012.0,4092.6,25057900,4501.8,3683.4,4440.0,3288.1,4023.5,41,4,4023.4,80,2,4023.3,10557,1,4023.1,33,2,4023.0,185,5,4023.7,5,4,4023.8,130,2,4024.7,38,2,4024.8,57,2,4024.9,64,4
11483,2026-07-02 12:58:06+05:30,4023.8,108,4039.08,1268920,157416.0,167809.0,4100.0,4110.0,4012.0,4092.6,25057900,4501.8,3683.4,4440.0,3288.1,4023.5,41,4,4023.4,80,2,4023.3,10557,1,4023.1,33,2,4023.0,185,5,4023.7,5,4,4023.8,130,2,4024.7,38,2,4024.8,57,2,4024.9,64,4
11483,2026-07-02 12:58:06+05:30,4023.8,108,4039.08,1268920,157416.0,167809.0,4100.0,4110.0,4012.0,4092.6,25057900,4501.8,3683.4,4440.0,3288.1,4023.5,41,4,4023.4,80,2,4023.3,10557,1,4023.1,33,2,4023.0,185,5,4023.7,5,4,4023.8,130,2,4024.7,38,2,4024.8,57,2,4024.9,64,4
11483,2026-07-02 12:58:06+05:30,4023.8,108,4039.08,1268920,157416.0,167809.0,4100.0,4110.0,4012.0,4092.6,25065425,4501.8,3683.4,4440.0,3288.1,4023.5,41,4,4023.4,80,2,4023.3,10557,1,4023.1,33,2,4023.0,185,5,4023.7,5,4,4023.8,130,2,4024.7,38,2,4024.8,57,2,4024.9,64,4
11483,2026-07-02 12:58:07+05:30,4023.8,9,4039.08,1269049,157539.0,167700.0,4100.0,4110.0,4012.0,4092.6,25065425,4501.8,3683.4,4440.0,3288.1,4023.5,55,4,4023.4,80,2,4023.3,10587,3,4023.1,41,2,4023.0,188,6,4023.8,13,2,4024.7,39,3,4024.8,38,1,4024.9,64,4,4025.0,49,2
11483,2026-07-02 12:58:07+05:30,4023.8,9,4039.08,1269049,157539.0,167700.0,4100.0,4110.0,4012.0,4092.6,25065425,4501.8,3683.4,4440.0,3288.1,4023.5,55,4,4023.4,80,2,4023.3,10587,3,4023.1,41,2,4023.0,188,6,4023.8,13,2,4024.7,39,3,4024.8,38,1,4024.9,64,4,4025.0,49,2
11483,2026-07-02 12:58:07+05:30,4023.5,16,4039.08,1269049,157539.0,167700.0,4100.0,4110.0,4012.0,4092.6,25065425,4501.8,3683.4,4440.0,3288.1,4023.5,55,4,4023.4,80,2,4023.3,10587,3,4023.1,41,2,4023.0,188,6,4023.8,13,2,4024.7,39,3,4024.8,38,1,4024.9,64,4,4025.0,49,2
11483,2026-07-02 12:58:07+05:30,4023.5,16,4039.08,1269049,157539.0,167700.0,4100.0,4110.0,4012.0,4092.6,25065425,4501.8,3683.4,4440.0,3288.1,4023.5,55,4,4023.4,80,2,4023.3,10587,3,4023.1,41,2,4023.0,188,6,4023.8,13,2,4024.7,39,3,4024.8,38,1,4024.9,64,4,4025.0,49,2
11483,2026-07-02 12:58:08+05:30,4023.5,16,4039.08,1269065,157523.0,167701.0,4100.0,4110.0,4012.0,4092.6,25065425,4501.8,3683.4,4440.0,3288.1,4023.5,39,4,4023.4,80,2,4023.3,10587,3,4023.1,41,2,4023.0,188,6,4023.8,13,2,4024.7,39,3,4024.8,38,1,4024.9,64,4,4025.0,49,2
11483,2026-07-02 12:58:08+05:30,4023.5,16,4039.08,1269065,157523.0,167701.0,4100.0,4110.0,4012.0,4092.6,25065425,4501.8,3683.4,4440.0,3288.1,4023.5,39,4,4023.4,80,2,4023.3,10587,3,4023.1,41,2,4023.0,188,6,4023.8,13,2,4024.7,39,3,4024.8,38,1,4024.9,64,4,4025.0,49,2
11483,2026-07-02 12:58:08+05:30,4023.5,2,4039.08,1269065,157523.0,167701.0,4100.0,4110.0,4012.0,4092.6,25065425,4501.8,3683.4,4440.0,3288.1,4023.5,39,4,4023.4,80,2,4023.3,10587,3,4023.1,41,2,4023.0,188,6,4023.8,13,2,4024.7,39,3,4024.8,38,1,4024.9,64,4,4025.0,49,2
11483,2026-07-02 12:58:08+05:30,4023.5,2,4039.08,1269065,157523.0,167701.0,4100.0,4110.0,4012.0,4092.6,25065425,4501.8,3683.4,4440.0,3288.1,4023.5,39,4,4023.4,80,2,4023.3,10587,3,4023.1,41,2,4023.0,188,6,4023.8,13,2,4024.7,39,3,4024.8,38,1,4024.9,64,4,4025.0,49,2
11483,2026-07-02 12:58:09+05:30,4023.8,1,4039.08,1269068,157453.0,167703.0,4100.0,4110.0,4012.0,4092.6,25065425,4501.8,3683.4,4440.0,3288.1,4023.5,55,5,4023.4,80,2,4023.3,10587,3,4023.1,41,2,4023.0,188,6,4023.8,16,4,4024.7,39,3,4024.8,38,1,4024.9,64,4,4025.0,49,2
11483,2026-07-02 12:58:09+05:30,4023.8,1,4039.08,1269068,157453.0,167703.0,4100.0,4110.0,4012.0,4092.6,25065425,4501.8,3683.4,4440.0,3288.1,4023.5,55,5,4023.4,80,2,4023.3,10587,3,4023.1,41,2,4023.0,188,6,4023.8,16,4,4024.7,39,3,4024.8,38,1,4024.9,64,4,4025.0,49,2
11483,2026-07-02 12:58:10+05:30,4023.8,1,4039.08,1269068,157418.0,167699.0,4100.0,4110.0,4012.0,4092.6,25065425,4501.8,3683.4,4440.0,3288.1,4023.5,57,5,4023.4,80,2,4023.3,8,1,4023.1,41,2,4023.0,10720,5,4023.8,16,4,4024.0,1,1,4024.7,39,3,4024.8,38,1,4024.9,64,4
11483,2026-07-02 12:58:11+05:30,4023.8,1,4039.08,1269068,157406.0,167654.0,4100.0,4110.0,4012.0,4092.6,25065425,4501.8,3683.4,4440.0,3288.1,4023.5,57,5,4023.4,63,2,4023.3,24,1,4023.1,41,2,4023.0,10744,6,4023.8,16,4,4024.0,1,1,4024.7,20,2,4024.8,38,1,4024.9,64,4
11483,2026-07-02 12:58:11+05:30,4023.8,1,4039.08,1269068,157406.0,167654.0,4100.0,4110.0,4012.0,4092.6,25065425,4501.8,3683.4,4440.0,3288.1,4023.5,57,5,4023.4,63,2,4023.3,24,1,4023.1,41,2,4023.0,10744,6,4023.8,16,4,4024.0,1,1,4024.7,20,2,4024.8,38,1,4024.9,64,4
11483,2026-07-02 12:58:12+05:30,4023.8,1,4039.08,1269073,157451.0,167675.0,4100.0,4110.0,4012.0,4092.6,25065425,4501.8,3683.4,4440.0,3288.1,4023.5,69,6,4023.4,63,2,4023.1,41,2,4023.0,10744,6,4022.9,30,2,4023.8,11,4,4024.0,1,1,4024.7,20,2,4024.8,38,1,4024.9,64,4
11483,2026-07-02 12:58:12+05:30,4023.5,1,4039.08,1269073,157451.0,167675.0,4100.0,4110.0,4012.0,4092.6,25065425,4501.8,3683.4,4440.0,3288.1,4023.5,69,6,4023.4,63,2,4023.1,41,2,4023.0,10744,6,4022.9,30,2,4023.8,11,4,4024.0,1,1,4024.7,20,2,4024.8,38,1,4024.9,64,4
11483,2026-07-02 12:58:13+05:30,4023.5,1,4039.08,1269074,157447.0,167842.0,4100.0,4110.0,4012.0,4092.6,25065425,4501.8,3683.4,4440.0,3288.1,4023.7,1,1,4023.5,68,6,4023.4,63,2,4023.1,41,2,4023.0,10745,7,4023.8,11,4,4024.0,1,1,4024.7,20,2,4024.8,38,1,4024.9,56,3
11483,2026-07-02 12:58:13+05:30,4023.0,1,4039.08,1269510,155528.0,168658.0,4100.0,4110.0,4012.0,4092.6,25065425,4501.8,3683.4,4440.0,3288.1,4023.0,10565,4,4022.7,3,1,4022.4,50,1,4022.3,90,3,4022.2,24,1,4023.3,174,1,4023.8,11,4,4023.9,4,1,4024.0,36,4,4024.4,5,1
11483,2026-07-02 12:58:14+05:30,4023.3,2,4039.08,1269510,155528.0,168658.0,4100.0,4110.0,4012.0,4092.6,25065425,4501.8,3683.4,4440.0,3288.1,4023.0,10565,4,4022.7,3,1,4022.4,50,1,4022.3,90,3,4022.2,24,1,4023.3,174,1,4023.8,11,4,4023.9,4,1,4024.0,36,4,4024.4,5,1
11483,2026-07-02 12:58:15+05:30,4023.3,2,4039.08,1269565,155824.0,169030.0,4100.0,4110.0,4012.0,4092.6,25065425,4501.8,3683.4,4440.0,3288.1,4023.0,10512,4,4022.7,3,1,4022.4,50,1,4022.3,87,3,4022.2,3,1,4023.3,174,2,4023.8,6,1,4023.9,4,1,4024.0,86,5,4024.3,12,1
11483,2026-07-02 12:58:15+05:30,4023.3,1,4039.08,1269565,155824.0,169030.0,4100.0,4110.0,4012.0,4092.6,25065425,4501.8,3683.4,4440.0,3288.1,4023.0,10512,4,4022.7,3,1,4022.4,50,1,4022.3,87,3,4022.2,3,1,4023.3,174,2,4023.8,6,1,4023.9,4,1,4024.0,86,5,4024.3,12,1
11483,2026-07-02 12:58:16+05:30,4023.3,3,4039.08,1269580,155920.0,168411.0,4100.0,4110.0,4012.0,4092.6,25065425,4501.8,3683.4,4440.0,3288.1,4023.0,10518,5,4022.7,57,3,4022.4,103,3,4022.3,121,4,4022.2,49,2,4023.3,168,2,4023.8,6,1,4023.9,4,1,4024.0,51,2,4024.4,5,1
11483,2026-07-02 12:58:16+05:30,4023.0,1,4039.08,1269580,155920.0,168411.0,4100.0,4110.0,4012.0,4092.6,25065425,4501.8,3683.4,4440.0,3288.1,4023.0,10518,5,4022.7,57,3,4022.4,103,3,4022.3,121,4,4022.2,49,2,4023.3,168,2,4023.8,6,1,4023.9,4,1,4024.0,51,2,4024.4,5,1
11483,2026-07-02 12:58:17+05:30,4023.0,1,4039.08,1269583,156128.0,168485.0,4100.0,4110.0,4012.0,4092.6,25065425,4501.8,3683.4,4440.0,3288.1,4023.0,10688,6,4022.7,33,2,4022.6,23,1,4022.4,103,4,4022.3,123,5,4023.3,168,2,4023.8,6,1,4024.0,51,2,4024.4,5,1,4024.5,5,1
11483,2026-07-02 12:58:17+05:30,4023.0,1,4039.08,1269583,156128.0,168485.0,4100.0,4110.0,4012.0,4092.6,25065425,4501.8,3683.4,4440.0,3288.1,4023.0,10688,6,4022.7,33,2,4022.6,23,1,4022.4,103,4,4022.3,123,5,4023.3,168,2,4023.8,6,1,4024.0,51,2,4024.4,5,1,4024.5,5,1
11483,2026-07-02 12:58:17+05:30,4023.3,10,4039.08,1269594,156085.0,168474.0,4100.0,4110.0,4012.0,4092.6,25065425,4501.8,3683.4,4440.0,3288.1,4023.0,10687,6,4022.7,33,2,4022.6,23,1,4022.5,4,1,4022.4,103,4,4023.3,158,2,4023.8,6,1,4024.0,55,3,4024.4,5,1,4024.5,5,1
11483,2026-07-02 12:58:18+05:30,4024.0,28,4039.08,1269594,156085.0,168474.0,4100.0,4110.0,4012.0,4092.6,25065425,4501.8,3683.4,4440.0,3288.1,4023.0,10687,6,4022.7,33,2,4022.6,23,1,4022.5,4,1,4022.4,103,4,4023.3,158,2,4023.8,6,1,4024.0,55,3,4024.4,5,1,4024.5,5,1
11483,2026-07-02 12:58:18+05:30,4024.0,28,4039.07,1269851,156368.0,167951.0,4100.0,4110.0,4012.0,4092.6,25065425,4501.8,3683.4,4440.0,3288.1,4024.0,10091,1,4023.5,3,1,4023.4,86,4,4023.3,48,2,4023.2,16,2,4024.9,26,2,4025.0,1,1,4025.2,33,2,4025.4,6,2,4025.6,13,1
11483,2026-07-02 12:58:19+05:30,4024.0,31,4039.07,1269851,156368.0,167951.0,4100.0,4110.0,4012.0,4092.6,25065425,4501.8,3683.4,4440.0,3288.1,4024.0,10091,1,4023.5,3,1,4023.4,86,4,4023.3,48,2,4023.2,16,2,4024.9,26,2,4025.0,1,1,4025.2,33,2,4025.4,6,2,4025.6,13,1
11483,2026-07-02 12:58:19+05:30,4024.0,31,4039.07,1269882,156457.0,167784.0,4100.0,4110.0,4012.0,4092.6,25065425,4501.8,3683.4,4440.0,3288.1,4024.0,10060,1,4023.6,10,1,4023.5,3,1,4023.4,86,4,4023.3,48,2,4024.9,27,3,4025.0,1,1,4025.2,33,2,4025.4,6,2,4025.6,13,1
11483,2026-07-02 12:58:20+05:30,4024.0,3,4039.07,1269882,156457.0,167784.0,4100.0,4110.0,4012.0,4092.6,25065425,4501.8,3683.4,4440.0,3288.1,4024.0,10060,1,4023.6,10,1,4023.5,3,1,4023.4,86,4,4023.3,48,2,4024.9,27,3,4025.0,1,1,4025.2,33,2,4025.4,6,2,4025.6,13,1
11483,2026-07-02 12:58:20+05:30,4024.0,3,4039.07,1269885,156373.0,168144.0,4100.0,4110.0,4012.0,4092.6,25065425,4501.8,3683.4,4440.0,3288.1,4024.0,10057,1,4023.6,10,1,4023.5,3,1,4023.4,80,3,4023.3,48,2,4024.8,1,1,4024.9,27,3,4025.0,1,1,4025.2,34,3,4025.4,6,2
11483,2026-07-02 12:58:21+05:30,4025.4,13,4039.07,1269885,156373.0,168144.0,4100.0,4110.0,4012.0,4092.6,25065425,4501.8,3683.4,4440.0,3288.1,4024.0,10057,1,4023.6,10,1,4023.5,3,1,4023.4,80,3,4023.3,48,2,4024.8,1,1,4024.9,27,3,4025.0,1,1,4025.2,34,3,4025.4,6,2
11483,2026-07-02 12:58:21+05:30,4025.4,13,4039.07,1269986,156869.0,167759.0,4100.0,4110.0,4012.0,4092.6,25065425,4501.8,3683.4,4440.0,3288.1,4024.0,10066,2,4023.7,51,2,4023.6,3,1,4023.5,6,1,4023.4,42,2,4025.2,10,1,4025.3,19,1,4025.4,52,4,4025.6,24,2,4025.8,10,1
11483,2026-07-02 12:58:22+05:30,4025.4,10,4039.07,1269986,156869.0,167759.0,4100.0,4110.0,4012.0,4092.6,25065425,4501.8,3683.4,4440.0,3288.1,4024.0,10066,2,4023.7,51,2,4023.6,3,1,4023.5,6,1,4023.4,42,2,4025.2,10,1,4025.3,19,1,4025.4,52,4,4025.6,24,2,4025.8,10,1
11483,2026-07-02 12:58:22+05:30,4025.4,10,4039.07,1270025,156964.0,167630.0,4100.0,4110.0,4012.0,4092.6,25065425,4501.8,3683.4,4440.0,3288.1,4025.0,18,1,4024.0,10057,2,4023.7,81,3,4023.5,3,1,4023.4,42,2,4025.3,5,1,4025.4,47,3,4025.7,19,2,4025.8,10,1,4025.9,19,3
11483,2026-07-02 12:58:23+05:30,4025.0,5,4039.07,1270025,156964.0,167630.0,4100.0,4110.0,4012.0,4092.6,25065425,4501.8,3683.4,4440.0,3288.1,4025.0,18,1,4024.0,10057,2,4023.7,81,3,4023.5,3,1,4023.4,42,2,4025.3,5,1,4025.4,47,3,4025.7,19,2,4025.8,10,1,4025.9,19,3
11483,2026-07-02 12:58:23+05:30,4025.0,5,4039.07,1270030,156887.0,167782.0,4100.0,4110.0,4012.0,4092.6,25065425,4501.8,3683.4,4440.0,3288.1,4025.0,13,1,4024.0,10044,1,4023.8,3,1,4023.7,13,1,4023.6,4,1,4025.1,175,1,4025.2,16,3,4025.4,44,3,4025.7,49,3,4025.8,10,1
11483,2026-07-02 12:58:24+05:30,4025.0,116,4039.07,1270030,156887.0,167782.0,4100.0,4110.0,4012.0,4092.6,25065425,4501.8,3683.4,4440.0,3288.1,4025.0,13,1,4024.0,10044,1,4023.8,3,1,4023.7,13,1,4023.6,4,1,4025.1,175,1,4025.2,16,3,4025.4,44,3,4025.7,49,3,4025.8,10,1
11483,2026-07-02 12:58:24+05:30,4025.0,116,4039.07,1270147,156911.0,167871.0,4100.0,4110.0,4012.0,4092.6,25065425,4501.8,3683.4,4440.0,3288.1,4024.9,1,1,4024.0,10044,1,4023.8,3,1,4023.7,43,2,4023.5,38,1,4025.0,1,1,4025.2,14,2,4025.4,119,5,4025.6,6,1,4025.7,13,1
11483,2026-07-02 12:58:25+05:30,4024.9,1,4039.07,1270147,156911.0,167871.0,4100.0,4110.0,4012.0,4092.6,25065425,4501.8,3683.4,4440.0,3288.1,4024.9,1,1,4024.0,10044,1,4023.8,3,1,4023.7,43,2,4023.5,38,1,4025.0,1,1,4025.2,14,2,4025.4,119,5,4025.6,6,1,4025.7,13,1
11483,2026-07-02 12:58:25+05:30,4025.0,1,4039.07,1270220,157223.0,167978.0,4100.0,4110.0,4012.0,4092.6,25065425,4501.8,3683.4,4440.0,3288.1,4025.0,7,1,4024.0,10116,5,4023.9,14,1,4023.8,3,1,4023.7,80,3,4025.2,1,1,4025.4,35,2,4025.7,13,1,4025.8,10,1,4025.9,28,2
11483,2026-07-02 12:58:26+05:30,4025.0,2,4039.07,1270220,157223.0,167978.0,4100.0,4110.0,4012.0,4092.6,25065425,4501.8,3683.4,4440.0,3288.1,4025.0,7,1,4024.0,10116,5,4023.9,14,1,4023.8,3,1,4023.7,80,3,4025.2,1,1,4025.4,35,2,4025.7,13,1,4025.8,10,1,4025.9,28,2
11483,2026-07-02 12:58:26+05:30,4025.0,2,4039.07,1270229,157326.0,167988.0,4100.0,4110.0,4012.0,4092.6,25065425,4501.8,3683.4,4440.0,3288.1,4025.0,1,1,4024.0,10178,3,4023.8,55,2,4023.7,80,3,4023.5,51,1,4025.1,1,1,4025.2,14,2,4025.4,35,2,4025.6,5,1,4025.7,19,2
11483,2026-07-02 12:58:27+05:30,4025.1,1,4039.07,1270229,157326.0,167988.0,4100.0,4110.0,4012.0,4092.6,25065425,4501.8,3683.4,4440.0,3288.1,4025.0,1,1,4024.0,10178,3,4023.8,55,2,4023.7,80,3,4023.5,51,1,4025.1,1,1,4025.2,14,2,4025.4,35,2,4025.6,5,1,4025.7,19,2
11483,2026-07-02 12:58:27+05:30,4025.1,1,4039.07,1270232,157166.0,167982.0,4100.0,4110.0,4012.0,4092.6,25065425,4501.8,3683.4,4440.0,3288.1,4025.0,1,1,4024.0,10044,1,4023.8,21,2,4023.7,80,3,4023.5,51,1,4025.1,1,1,4025.2,14,2,4025.3,3,1,4025.4,36,3,4025.6,5,1
11483,2026-07-02 12:58:28+05:30,4025.1,1,4039.07,1270244,157302.0,167747.0,4100.0,4110.0,4012.0,4092.6,25065425,4501.8,3683.4,4440.0,3288.1,4024.0,10075,3,4023.8,3,1,4023.7,68,2,4023.6,52,1,4023.5,57,2,4025.1,9,2,4025.4,62,5,4025.5,4,1,4025.6,5,1,4025.7,13,1
11483,2026-07-02 12:58:29+05:30,4024.0,2,4039.07,1270244,157302.0,167747.0,4100.0,4110.0,4012.0,4092.6,25065425,4501.8,3683.4,4440.0,3288.1,4024.0,10075,3,4023.8,3,1,4023.7,68,2,4023.6,52,1,4023.5,57,2,4025.1,9,2,4025.4,62,5,4025.5,4,1,4025.6,5,1,4025.7,13,1
11483,2026-07-02 12:58:29+05:30,4024.0,2,4039.07,1270246,157305.0,167755.0,4100.0,4110.0,4012.0,4092.6,25065425,4501.8,3683.4,4440.0,3288.1,4024.0,10073,3,4023.8,3,1,4023.7,68,2,4023.6,52,1,4023.5,57,2,4025.1,10,3,4025.4,62,5,4025.5,4,1,4025.6,5,1,4025.7,13,1
11483,2026-07-02 12:58:30+05:30,4025.1,1,4039.07,1270246,157305.0,167755.0,4100.0,4110.0,4012.0,4092.6,25065425,4501.8,3683.4,4440.0,3288.1,4024.0,10073,3,4023.8,3,1,4023.7,68,2,4023.6,52,1,4023.5,57,2,4025.1,10,3,4025.4,62,5,4025.5,4,1,4025.6,5,1,4025.7,13,1
11483,2026-07-02 12:58:30+05:30,4025.1,4,4039.07,1270254,157468.0,167931.0,4100.0,4110.0,4012.0,4092.6,25065425,4501.8,3683.4,4440.0,3288.1,4024.0,10212,4,4023.8,3,1,4023.7,68,2,4023.5,109,3,4023.4,42,2,4025.1,8,3,4025.4,62,5,4025.5,4,1,4025.6,69,2,4025.7,188,2
11483,2026-07-02 12:58:31+05:30,4025.1,1,4039.07,1270254,157468.0,167931.0,4100.0,4110.0,4012.0,4092.6,25065425,4501.8,3683.4,4440.0,3288.1,4024.0,10212,4,4023.8,3,1,4023.7,68,2,4023.5,109,3,4023.4,42,2,4025.1,8,3,4025.4,62,5,4025.5,4,1,4025.6,69,2,4025.7,188,2
11483,2026-07-02 12:58:31+05:30,4025.1,1,4039.07,1270256,157393.0,167939.0,4100.0,4110.0,4012.0,4092.6,25065425,4501.8,3683.4,4440.0,3288.1,4024.0,10211,4,4023.8,3,1,4023.7,68,2,4023.5,57,2,4023.4,42,2,4025.1,14,4,4025.4,62,5,4025.5,4,1,4025.6,69,2,4025.7,188,2
11483,2026-07-02 12:58:32+05:30,4025.1,1,4039.07,1270256,157365.0,167966.0,4100.0,4110.0,4012.0,4092.6,25065425,4501.8,3683.4,4440.0,3288.1,4024.0,10211,4,4023.8,3,1,4023.7,68,2,4023.5,51,1,4023.4,42,2,4025.0,20,1,4025.1,14,4,4025.4,62,5,4025.5,4,1,4025.6,69,2
11483,2026-07-02 12:58:34+05:30,4025.1,1,4039.07,1270256,157327.0,168054.0,4100.0,4110.0,4012.0,4092.6,25065425,4501.8,3683.4,4440.0,3288.1,4024.0,10211,4,4023.8,3,1,4023.7,30,1,4023.5,51,1,4023.4,42,2,4025.0,76,4,4025.1,8,3,4025.4,62,5,4025.5,42,2,4025.6,69,2
11483,2026-07-02 12:58:35+05:30,4025.1,1,4039.07,1270256,157363.0,168126.0,4100.0,4110.0,4012.0,4092.6,25065425,4501.8,3683.4,4440.0,3288.1,4024.5,1,1,4024.0,10181,3,4023.8,3,1,4023.7,13,1,4023.5,51,1,4025.0,94,8,4025.1,1,1,4025.2,6,1,4025.4,62,5,4025.5,4,1
11483,2026-07-02 12:58:36+05:30,4025.1,1,4039.07,1270256,157374.0,168134.0,4100.0,4110.0,4012.0,4092.6,25065425,4501.8,3683.4,4440.0,3288.1,4024.5,1,1,4024.0,10181,3,4023.8,3,1,4023.7,13,1,4023.5,51,1,4025.0,94,8,4025.1,1,1,4025.2,6,1,4025.4,62,5,4025.5,4,1
11483,2026-07-02 12:58:37+05:30,4025.1,1,4039.07,1270256,157306.0,168115.0,4100.0,4110.0,4012.0,4092.6,25065425,4501.8,3683.4,4440.0,3288.1,4024.5,3,2,4024.0,10042,2,4023.8,3,1,4023.7,13,1,4023.5,51,1,4025.0,94,8,4025.1,1,1,4025.2,6,1,4025.4,62,5,4025.5,4,1
11483,2026-07-02 12:58:38+05:30,4024.5,9,4039.07,1270256,157306.0,168115.0,4100.0,4110.0,4012.0,4092.6,25065425,4501.8,3683.4,4440.0,3288.1,4024.5,3,2,4024.0,10042,2,4023.8,3,1,4023.7,13,1,4023.5,51,1,4025.0,94,8,4025.1,1,1,4025.2,6,1,4025.4,62,5,4025.5,4,1
11483,2026-07-02 12:58:38+05:30,4024.5,9,4039.07,1270266,157334.0,168123.0,4100.0,4110.0,4012.0,4092.6,25065425,4501.8,3683.4,4440.0,3288.1,4024.5,2,1,4024.0,10042,2,4023.8,3,1,4023.7,43,2,4023.5,51,1,4025.0,69,5,4025.1,19,3,4025.4,62,5,4025.5,4,1,4025.6,5,1
11483,2026-07-02 12:58:39+05:30,4025.0,10,4039.07,1270266,157334.0,168123.0,4100.0,4110.0,4012.0,4092.6,25065425,4501.8,3683.4,4440.0,3288.1,4024.5,2,1,4024.0,10042,2,4023.8,3,1,4023.7,43,2,4023.5,51,1,4025.0,69,5,4025.1,19,3,4025.4,62,5,4025.5,4,1,4025.6,5,1
11483,2026-07-02 12:58:39+05:30,4025.0,10,4039.07,1270280,157472.0,168114.0,4100.0,4110.0,4012.0,4092.6,25065425,4501.8,3683.4,4440.0,3288.1,4024.5,2,1,4024.0,10042,2,4023.8,3,1,4023.7,13,1,4023.5,51,1,4025.0,71,8,4025.1,5,1,4025.4,62,5,4025.5,4,1,4025.6,10,2
11483,2026-07-02 12:58:40+05:30,4025.0,1,4039.07,1270280,157472.0,168114.0,4100.0,4110.0,4012.0,4092.6,25065425,4501.8,3683.4,4440.0,3288.1,4024.5,2,1,4024.0,10042,2,4023.8,3,1,4023.7,13,1,4023.5,51,1,4025.0,71,8,4025.1,5,1,4025.4,62,5,4025.5,4,1,4025.6,10,2
11483,2026-07-02 12:58:40+05:30,4025.0,1,4039.07,1270282,157595.0,168148.0,4100.0,4110.0,4012.0,4092.6,25065425,4501.8,3683.4,4440.0,3288.1,4024.5,1,1,4024.0,10045,3,4023.8,3,1,4023.7,43,2,4023.5,51,1,4025.0,59,7,4025.1,13,1,4025.4,62,5,4025.5,4,1,4025.6,10,2
11483,2026-07-02 12:58:41+05:30,4024.5,1,4039.07,1270282,157595.0,168148.0,4100.0,4110.0,4012.0,4092.6,25065425,4501.8,3683.4,4440.0,3288.1,4024.5,1,1,4024.0,10045,3,4023.8,3,1,4023.7,43,2,4023.5,51,1,4025.0,59,7,4025.1,13,1,4025.4,62,5,4025.5,4,1,4025.6,10,2
11483,2026-07-02 12:58:41+05:30,4024.5,1,4039.07,1270283,157574.0,168146.0,4100.0,4110.0,4012.0,4092.6,25065425,4501.8,3683.4,4440.0,3288.1,4024.5,2,1,4024.0,10045,3,4023.8,3,1,4023.7,43,2,4023.5,51,1,4025.0,60,8,4025.1,13,1,4025.4,62,5,4025.5,4,1,4025.6,10,2
11483,2026-07-02 12:58:42+05:30,4024.0,9,4039.07,1270283,157574.0,168146.0,4100.0,4110.0,4012.0,4092.6,25065425,4501.8,3683.4,4440.0,3288.1,4024.5,2,1,4024.0,10045,3,4023.8,3,1,4023.7,43,2,4023.5,51,1,4025.0,60,8,4025.1,13,1,4025.4,62,5,4025.5,4,1,4025.6,10,2
11483,2026-07-02 12:58:42+05:30,4024.0,9,4039.07,1270294,157863.0,167966.0,4100.0,4110.0,4012.0,4092.6,25065425,4501.8,3683.4,4440.0,3288.1,4024.0,10209,4,4023.6,9,1,4023.5,89,2,4023.4,42,2,4023.3,30,2,4025.0,49,7,4025.1,2,1,4025.4,36,3,4025.5,4,1,4025.6,5,1
11483,2026-07-02 12:58:43+05:30,4024.0,1,4039.07,1270294,157863.0,167966.0,4100.0,4110.0,4012.0,4092.6,25065425,4501.8,3683.4,4440.0,3288.1,4024.0,10209,4,4023.6,9,1,4023.5,89,2,4023.4,42,2,4023.3,30,2,4025.0,49,7,4025.1,2,1,4025.4,36,3,4025.5,4,1,4025.6,5,1
11483,2026-07-02 12:58:43+05:30,4024.0,1,4039.07,1270295,157877.0,168028.0,4100.0,4110.0,4012.0,4092.6,25065425,4501.8,3683.4,4440.0,3288.1,4024.0,10208,4,4023.6,9,1,4023.5,89,2,4023.4,42,2,4023.3,30,2,4025.0,49,7,4025.1,27,2,4025.4,36,3,4025.5,4,1,4025.6,42,2
11483,2026-07-02 12:58:44+05:30,4024.0,1,4039.07,1270295,158279.0,168093.0,4100.0,4110.0,4012.0,4092.6,25065425,4501.8,3683.4,4440.0,3288.1,4024.0,10208,4,4023.6,9,1,4023.5,95,3,4023.4,42,2,4023.3,47,2,4025.0,49,7,4025.1,27,2,4025.4,70,4,4025.5,179,2,4025.7,58,3
11483,2026-07-02 12:58:45+05:30,4025.0,51,4039.07,1270295,158279.0,168093.0,4100.0,4110.0,4012.0,4092.6,25065425,4501.8,3683.4,4440.0,3288.1,4024.0,10208,4,4023.6,9,1,4023.5,95,3,4023.4,42,2,4023.3,47,2,4025.0,49,7,4025.1,27,2,4025.4,70,4,4025.5,179,2,4025.7,58,3
11483,2026-07-02 12:58:45+05:30,4025.0,51,4039.07,1270395,158118.0,168011.0,4100.0,4110.0,4012.0,4092.6,25065425,4501.8,3683.4,4440.0,3288.1,4024.0,10208,4,4023.6,9,1,4023.5,95,3,4023.4,42,2,4023.3,24,1,4025.0,124,1,4025.1,27,2,4025.4,36,3,4025.5,4,1,4025.7,58,3
11483,2026-07-02 12:58:46+05:30,4024.9,8,4039.07,1270395,158118.0,168011.0,4100.0,4110.0,4012.0,4092.6,25065425,4501.8,3683.4,4440.0,3288.1,4024.0,10208,4,4023.6,9,1,4023.5,95,3,4023.4,42,2,4023.3,24,1,4025.0,124,1,4025.1,27,2,4025.4,36,3,4025.5,4,1,4025.7,58,3
11483,2026-07-02 12:58:46+05:30,4024.9,8,4039.07,1270416,158204.0,168367.0,4100.0,4110.0,4012.0,4092.6,25065425,4501.8,3683.4,4440.0,3288.1,4024.5,2,2,4024.0,10196,4,4023.6,9,1,4023.5,51,1,4023.4,42,2,4024.8,1,1,4024.9,203,1,4025.0,137,2,4025.1,27,2,4025.4,49,4
11483,2026-07-02 12:58:47+05:30,4024.7,99,4039.04,1272311,154552.0,168522.0,4100.0,4110.0,4012.0,4092.6,25065425,4501.8,3683.4,4440.0,3288.1,4024.0,8237,3,4023.2,3,1,4023.1,12,1,4023.0,311,9,4022.9,62,1,4024.7,286,3,4024.8,1,1,4025.0,124,1,4025.1,45,4,4025.2,16,1
11483,2026-07-02 12:58:47+05:30,4024.0,227,4039.04,1272311,154552.0,168522.0,4100.0,4110.0,4012.0,4092.6,25065425,4501.8,3683.4,4440.0,3288.1,4024.0,8237,3,4023.2,3,1,4023.1,12,1,4023.0,311,9,4022.9,62,1,4024.7,286,3,4024.8,1,1,4025.0,124,1,4025.1,45,4,4025.2,16,1
11483,2026-07-02 12:58:48+05:30,4024.6,5,4039.04,1272311,154552.0,168522.0,4100.0,4110.0,4012.0,4092.6,25065425,4501.8,3683.4,4440.0,3288.1,4024.0,8237,3,4023.2,3,1,4023.1,12,1,4023.0,311,9,4022.9,62,1,4024.7,286,3,4024.8,1,1,4025.0,124,1,4025.1,45,4,4025.2,16,1
11483,2026-07-02 12:58:48+05:30,4024.6,5,4039.04,1272867,154569.0,168066.0,4100.0,4110.0,4012.0,4092.6,25065425,4501.8,3683.4,4440.0,3288.1,4024.0,8050,4,4023.7,3,1,4023.6,64,1,4023.5,100,2,4023.1,12,1,4024.6,46,1,4024.8,1,1,4025.0,124,1,4025.1,2,1,4025.3,16,1
11483,2026-07-02 12:58:49+05:30,4024.6,1,4039.04,1272867,154569.0,168066.0,4100.0,4110.0,4012.0,4092.6,25065425,4501.8,3683.4,4440.0,3288.1,4024.0,8050,4,4023.7,3,1,4023.6,64,1,4023.5,100,2,4023.1,12,1,4024.6,46,1,4024.8,1,1,4025.0,124,1,4025.1,2,1,4025.3,16,1
11483,2026-07-02 12:58:49+05:30,4024.6,1,4039.04,1272939,154909.0,168138.0,4100.0,4110.0,4012.0,4092.6,25065425,4501.8,3683.4,4440.0,3288.1,4024.0,7979,4,4023.6,3,1,4023.5,30,1,4023.2,89,1,4023.1,12,1,4024.6,61,4,4025.0,124,1,4025.1,2,1,4025.3,16,1,4025.4,39,3
11483,2026-07-02 12:58:50+05:30,4024.6,2,4039.04,1272939,154909.0,168138.0,4100.0,4110.0,4012.0,4092.6,25065425,4501.8,3683.4,4440.0,3288.1,4024.0,7979,4,4023.6,3,1,4023.5,30,1,4023.2,89,1,4023.1,12,1,4024.6,61,4,4025.0,124,1,4025.1,2,1,4025.3,16,1,4025.4,39,3
11483,2026-07-02 12:58:50+05:30,4024.6,2,4039.04,1272949,154893.0,168175.0,4100.0,4110.0,4012.0,4092.6,25065425,4501.8,3683.4,4440.0,3288.1,4024.0,7971,4,4023.5,30,1,4023.3,9,1,4023.2,89,1,4023.1,12,1,4024.6,59,4,4025.0,145,3,4025.1,2,1,4025.4,39,3,4025.5,38,1
11483,2026-07-02 12:58:51+05:30,4024.0,2,4039.04,1272949,154893.0,168175.0,4100.0,4110.0,4012.0,4092.6,25065425,4501.8,3683.4,4440.0,3288.1,4024.0,7971,4,4023.5,30,1,4023.3,9,1,4023.2,89,1,4023.1,12,1,4024.6,59,4,4025.0,145,3,4025.1,2,1,4025.4,39,3,4025.5,38,1
11483,2026-07-02 12:58:51+05:30,4024.0,2,4039.04,1272951,154898.0,168178.0,4100.0,4110.0,4012.0,4092.6,25065425,4501.8,3683.4,4440.0,3288.1,4024.0,7969,4,4023.5,30,1,4023.3,9,1,4023.2,89,1,4023.1,12,1,4024.6,59,4,4025.0,145,3,4025.1,2,1,4025.4,39,3,4025.5,38,1
11483,2026-07-02 12:58:52+05:30,4024.3,1,4039.04,1272951,154898.0,168178.0,4100.0,4110.0,4012.0,4092.6,25065425,4501.8,3683.4,4440.0,3288.1,4024.0,7969,4,4023.5,30,1,4023.3,9,1,4023.2,89,1,4023.1,12,1,4024.6,59,4,4025.0,145,3,4025.1,2,1,4025.4,39,3,4025.5,38,1
11483,2026-07-02 12:58:52+05:30,4024.3,1,4039.04,1272952,154835.0,168162.0,4100.0,4110.0,4012.0,4092.6,25065425,4501.8,3683.4,4440.0,3288.1,4024.0,7969,4,4023.6,3,1,4023.5,30,1,4023.2,89,1,4023.1,12,1,4024.5,3,1,4024.6,58,3,4025.0,145,3,4025.1,2,1,4025.4,39,3
11483,2026-07-02 12:58:53+05:30,4024.3,1,4039.04,1272952,154841.0,168200.0,4100.0,4110.0,4012.0,4092.6,25065425,4501.8,3683.4,4440.0,3288.1,4024.0,7969,4,4023.5,30,1,4023.3,9,1,4023.2,89,1,4023.1,12,1,4024.5,46,2,4024.6,15,2,4025.0,145,3,4025.1,2,1,4025.4,39,3
11483,2026-07-02 12:58:54+05:30,4024.0,1,4038.97,1278850,147091.0,167879.0,4100.0,4110.0,4012.0,4092.6,25065425,4501.8,3683.4,4440.0,3288.1,4024.0,2007,4,4023.0,267,7,4022.9,62,1,4022.8,12,1,4022.7,124,1,4024.1,221,5,4024.2,20,3,4024.3,3,1,4024.5,79,7,4024.6,34,2
11483,2026-07-02 12:58:54+05:30,4024.0,202,4038.97,1278850,147091.0,167879.0,4100.0,4110.0,4012.0,4092.6,25065425,4501.8,3683.4,4440.0,3288.1,4024.0,2007,4,4023.0,267,7,4022.9,62,1,4022.8,12,1,4022.7,124,1,4024.1,221,5,4024.2,20,3,4024.3,3,1,4024.5,79,7,4024.6,34,2
11483,2026-07-02 12:58:55+05:30,4024.0,216,4038.94,1280962,146842.0,168767.0,4100.0,4110.0,4012.0,4092.6,25065425,4501.8,3683.4,4440.0,3288.1,4024.0,878,4,4023.7,83,1,4023.5,96,1,4023.4,6,1,4023.3,5,1,4025.0,30,1,4025.1,15,2,4025.4,214,4,4025.6,7,2,4025.7,68,3
11483,2026-07-02 12:58:55+05:30,4024.0,253,4038.94,1280962,146842.0,168767.0,4100.0,4110.0,4012.0,4092.6,25065425,4501.8,3683.4,4440.0,3288.1,4024.0,878,4,4023.7,83,1,4023.5,96,1,4023.4,6,1,4023.3,5,1,4025.0,30,1,4025.1,15,2,4025.4,214,4,4025.6,7,2,4025.7,68,3
11483,2026-07-02 12:58:56+05:30,4025.0,41,4038.94,1281331,146948.0,168591.0,4100.0,4110.0,4012.0,4092.6,25065425,4501.8,3683.4,4440.0,3288.1,4024.0,551,3,4023.6,89,1,4023.4,99,1,4023.2,109,2,4023.1,69,4,4025.0,3,1,4025.1,15,2,4025.4,217,5,4025.6,7,2,4025.7,25,2
11483,2026-07-02 12:58:56+05:30,4024.0,45,4038.94,1281331,146948.0,168591.0,4100.0,4110.0,4012.0,4092.6,25065425,4501.8,3683.4,4440.0,3288.1,4024.0,551,3,4023.6,89,1,4023.4,99,1,4023.2,109,2,4023.1,69,4,4025.0,3,1,4025.1,15,2,4025.4,217,5,4025.6,7,2,4025.7,25,2
11483,2026-07-02 12:58:57+05:30,4025.0,3,4038.94,1281379,147020.0,169274.0,4100.0,4110.0,4012.0,4092.6,25065425,4501.8,3683.4,4440.0,3288.1,4025.0,1,1,4024.0,532,4,4023.4,13,1,4023.1,33,2,4023.0,366,8,4025.1,51,5,4025.3,3,1,4025.4,217,5,4025.5,179,2,4025.6,12,3
11483,2026-07-02 12:58:57+05:30,4025.0,1,4038.94,1281379,147020.0,169274.0,4100.0,4110.0,4012.0,4092.6,25065425,4501.8,3683.4,4440.0,3288.1,4025.0,1,1,4024.0,532,4,4023.4,13,1,4023.1,33,2,4023.0,366,8,4025.1,51,5,4025.3,3,1,4025.4,217,5,4025.5,179,2,4025.6,12,3
11483,2026-07-02 12:58:58+05:30,4025.0,4,4038.94,1281384,146591.0,168867.0,4100.0,4110.0,4012.0,4092.6,25065425,4501.8,3683.4,4440.0,3288.1,4024.0,532,4,4023.2,6,1,4023.1,12,1,4023.0,406,9,4022.9,52,3,4024.9,12,1,4025.1,50,4,4025.3,84,3,4025.4,217,5,4025.5,42,2
11483,2026-07-02 12:58:58+05:30,4024.0,1,4038.94,1281384,146591.0,168867.0,4100.0,4110.0,4012.0,4092.6,25065425,4501.8,3683.4,4440.0,3288.1,4024.0,532,4,4023.2,6,1,4023.1,12,1,4023.0,406,9,4022.9,52,3,4024.9,12,1,4025.1,50,4,4025.3,84,3,4025.4,217,5,4025.5,42,2
11483,2026-07-02 12:58:59+05:30,4025.0,100,4038.93,1281663,147640.0,168552.0,4100.0,4110.0,4012.0,4092.6,25065425,4501.8,3683.4,4440.0,3288.1,4024.9,1,1,4024.0,531,4,4023.5,14,1,4023.4,12,1,4023.3,3,1,4025.0,175,1,4025.1,9,3,4025.3,4,1,4025.4,43,4,4025.5,5,1
11483,2026-07-02 12:58:59+05:30,4024.9,1,4038.93,1281663,147640.0,168552.0,4100.0,4110.0,4012.0,4092.6,25065425,4501.8,3683.4,4440.0,3288.1,4024.9,1,1,4024.0,531,4,4023.5,14,1,4023.4,12,1,4023.3,3,1,4025.0,175,1,4025.1,9,3,4025.3,4,1,4025.4,43,4,4025.5,5,1
11483,2026-07-02 12:59:00+05:30,4024.8,1,4038.93,1281663,147640.0,168552.0,4100.0,4110.0,4012.0,4092.6,25065425,4501.8,3683.4,4440.0,3288.1,4024.9,1,1,4024.0,531,4,4023.5,14,1,4023.4,12,1,4023.3,3,1,4025.0,175,1,4025.1,9,3,4025.3,4,1,4025.4,43,4,4025.5,5,1
11483,2026-07-02 12:59:00+05:30,4024.8,1,4038.93,1281666,147328.0,168211.0,4100.0,4110.0,4012.0,4092.6,25065425,4501.8,3683.4,4440.0,3288.1,4024.0,530,4,4023.2,3,1,4023.1,42,2,4023.0,328,9,4022.9,49,2,4024.8,174,1,4024.9,16,2,4025.0,6,1,4025.1,3,2,4025.2,175,1
11483,2026-07-02 12:59:01+05:30,4024.8,4,4038.93,1281666,147328.0,168211.0,4100.0,4110.0,4012.0,4092.6,25065425,4501.8,3683.4,4440.0,3288.1,4024.0,530,4,4023.2,3,1,4023.1,42,2,4023.0,328,9,4022.9,49,2,4024.8,174,1,4024.9,16,2,4025.0,6,1,4025.1,3,2,4025.2,175,1
11483,2026-07-02 12:59:01+05:30,4024.8,4,4038.93,1281911,147757.0,168243.0,4100.0,4110.0,4012.0,4092.6,25065425,4501.8,3683.4,4440.0,3288.1,4024.0,530,4,4023.6,43,2,4023.5,10,1,4023.4,34,1,4023.3,9,2,4025.2,186,2,4025.4,26,2,4025.5,5,1,4025.6,6,1,4025.7,26,2
11483,2026-07-02 12:59:02+05:30,4025.0,2,4038.93,1281911,147757.0,168243.0,4100.0,4110.0,4012.0,4092.6,25065425,4501.8,3683.4,4440.0,3288.1,4024.0,530,4,4023.6,43,2,4023.5,10,1,4023.4,34,1,4023.3,9,2,4025.2,186,2,4025.4,26,2,4025.5,5,1,4025.6,6,1,4025.7,26,2
11483,2026-07-02 12:59:02+05:30,4025.0,2,4038.93,1281942,147863.0,168139.0,4100.0,4110.0,4012.0,4092.6,25065425,4501.8,3683.4,4440.0,3288.1,4025.0,65,1,4024.0,501,4,4023.6,38,1,4023.4,13,1,4023.3,3,1,4025.2,197,3,4025.4,26,2,4025.6,11,2,4025.7,19,2,4025.8,24,3
11483,2026-07-02 12:59:03+05:30,4025.0,2,4038.93,1281942,147863.0,168139.0,4100.0,4110.0,4012.0,4092.6,25065425,4501.8,3683.4,4440.0,3288.1,4025.0,65,1,4024.0,501,4,4023.6,38,1,4023.4,13,1,4023.3,3,1,4025.2,197,3,4025.4,26,2,4025.6,11,2,4025.7,19,2,4025.8,24,3
11483,2026-07-02 12:59:03+05:30,4025.2,1,4038.93,1281942,147863.0,168139.0,4100.0,4110.0,4012.0,4092.6,25065425,4501.8,3683.4,4440.0,3288.1,4025.0,65,1,4024.0,501,4,4023.6,38,1,4023.4,13,1,4023.3,3,1,4025.2,197,3,4025.4,26,2,4025.6,11,2,4025.7,19,2,4025.8,24,3
11483,2026-07-02 12:59:03+05:30,4025.2,1,4038.93,1281947,147984.0,168209.0,4100.0,4110.0,4012.0,4092.6,25065425,4501.8,3683.4,4440.0,3288.1,4025.0,68,2,4024.0,501,4,4023.6,38,1,4023.5,8,2,4023.4,13,1,4025.2,205,4,4025.4,26,2,4025.5,59,1,4025.6,5,1,4025.7,19,2
11483,2026-07-02 12:59:03+05:30,4025.2,1,4038.93,1281947,147984.0,168209.0,4100.0,4110.0,4012.0,4092.6,25065425,4501.8,3683.4,4440.0,3288.1,4025.0,68,2,4024.0,501,4,4023.6,38,1,4023.5,8,2,4023.4,13,1,4025.2,205,4,4025.4,26,2,4025.5,59,1,4025.6,5,1,4025.7,19,2
11483,2026-07-02 12:59:04+05:30,4025.2,1,4038.93,1281947,147984.0,168209.0,4100.0,4110.0,4012.0,4092.6,25065425,4501.8,3683.4,4440.0,3288.1,4025.0,68,2,4024.0,501,4,4023.6,38,1,4023.5,8,2,4023.4,13,1,4025.2,205,4,4025.4,26,2,4025.5,59,1,4025.6,5,1,4025.7,19,2
11483,2026-07-02 12:59:04+05:30,4025.2,1,4038.93,1281947,147984.0,168209.0,4100.0,4110.0,4012.0,4092.6,25065425,4501.8,3683.4,4440.0,3288.1,4025.0,68,2,4024.0,501,4,4023.6,38,1,4023.5,8,2,4023.4,13,1,4025.2,205,4,4025.4,26,2,4025.5,59,1,4025.6,5,1,4025.7,19,2
11483,2026-07-02 12:59:04+05:30,4025.2,1,4038.93,1281949,148093.0,168218.0,4100.0,4110.0,4012.0,4092.6,25065425,4501.8,3683.4,4440.0,3288.1,4025.0,67,2,4024.0,501,4,4023.6,41,2,4023.5,39,2,4023.4,13,1,4025.2,214,5,4025.4,26,2,4025.5,59,1,4025.6,5,1,4025.7,19,2
11483,2026-07-02 12:59:04+05:30,4025.2,1,4038.93,1281949,148093.0,168218.0,4100.0,4110.0,4012.0,4092.6,25065425,4501.8,3683.4,4440.0,3288.1,4025.0,67,2,4024.0,501,4,4023.6,41,2,4023.5,39,2,4023.4,13,1,4025.2,214,5,4025.4,26,2,4025.5,59,1,4025.6,5,1,4025.7,19,2
11483,2026-07-02 12:59:05+05:30,4025.2,1,4038.93,1281949,148093.0,168218.0,4100.0,4110.0,4012.0,4092.6,25065425,4501.8,3683.4,4440.0,3288.1,4025.0,67,2,4024.0,501,4,4023.6,41,2,4023.5,39,2,4023.4,13,1,4025.2,214,5,4025.4,26,2,4025.5,59,1,4025.6,5,1,4025.7,19,2
11483,2026-07-02 12:59:05+05:30,4025.2,1,4038.93,1281949,148204.0,168218.0,4100.0,4110.0,4012.0,4092.6,25065425,4501.8,3683.4,4440.0,3288.1,4025.1,1,1,4025.0,67,2,4024.0,501,4,4023.7,13,1,4023.6,41,2,4025.2,203,4,4025.4,26,2,4025.5,59,1,4025.7,13,1,4025.8,10,1
11483,2026-07-02 12:59:05+05:30,4025.2,1,4038.93,1281949,148204.0,168218.0,4100.0,4110.0,4012.0,4092.6,25065425,4501.8,3683.4,4440.0,3288.1,4025.1,1,1,4025.0,67,2,4024.0,501,4,4023.7,13,1,4023.6,41,2,4025.2,203,4,4025.4,26,2,4025.5,59,1,4025.7,13,1,4025.8,10,1
11483,2026-07-02 12:59:06+05:30,4025.2,1,4038.93,1281949,148204.0,168218.0,4100.0,4110.0,4012.0,4092.6,25065425,4501.8,3683.4,4440.0,3288.1,4025.1,1,1,4025.0,67,2,4024.0,501,4,4023.7,13,1,4023.6,41,2,4025.2,203,4,4025.4,26,2,4025.5,59,1,4025.7,13,1,4025.8,10,1
11483,2026-07-02 12:59:06+05:30,4025.2,7,4038.93,1281949,148204.0,168218.0,4100.0,4110.0,4012.0,4092.6,25065425,4501.8,3683.4,4440.0,3288.1,4025.1,1,1,4025.0,67,2,4024.0,501,4,4023.7,13,1,4023.6,41,2,4025.2,203,4,4025.4,26,2,4025.5,59,1,4025.7,13,1,4025.8,10,1
11483,2026-07-02 12:59:06+05:30,4025.2,7,4038.93,1281949,148204.0,168218.0,4100.0,4110.0,4012.0,4092.6,25065425,4501.8,3683.4,4440.0,3288.1,4025.1,1,1,4025.0,67,2,4024.0,501,4,4023.7,13,1,4023.6,41,2,4025.2,203,4,4025.4,26,2,4025.5,59,1,4025.7,13,1,4025.8,10,1
11483,2026-07-02 12:59:06+05:30,4025.2,7,4038.93,1281956,148203.0,168646.0,4100.0,4110.0,4012.0,4092.6,25065425,4501.8,3683.4,4440.0,3288.1,4025.1,1,1,4025.0,67,2,4024.0,501,4,4023.7,13,1,4023.6,41,2,4025.2,183,3,4025.4,39,3,4025.5,59,1,4025.7,13,1,4025.8,10,1
11483,2026-07-02 12:59:06+05:30,4025.2,7,4038.93,1281956,148203.0,168646.0,4100.0,4110.0,4012.0,4092.6,25065425,4501.8,3683.4,4440.0,3288.1,4025.1,1,1,4025.0,67,2,4024.0,501,4,4023.7,13,1,4023.6,41,2,4025.2,183,3,4025.4,39,3,4025.5,59,1,4025.7,13,1,4025.8,10,1
11483,2026-07-02 12:59:07+05:30,4025.2,7,4038.93,1281956,148203.0,168646.0,4100.0,4110.0,4012.0,4092.6,25065425,4501.8,3683.4,4440.0,3288.1,4025.1,1,1,4025.0,67,2,4024.0,501,4,4023.7,13,1,4023.6,41,2,4025.2,183,3,4025.4,39,3,4025.5,59,1,4025.7,13,1,4025.8,10,1
11483,2026-07-02 12:59:07+05:30,4025.2,7,4038.93,1281956,148203.0,168646.0,4100.0,4110.0,4012.0,4092.6,25060350,4501.8,3683.4,4440.0,3288.1,4025.1,1,1,4025.0,67,2,4024.0,501,4,4023.7,13,1,4023.6,41,2,4025.2,183,3,4025.4,39,3,4025.5,59,1,4025.7,13,1,4025.8,10,1
11483,2026-07-02 12:59:07+05:30,4025.0,2,4038.93,1281956,148203.0,168646.0,4100.0,4110.0,4012.0,4092.6,25060350,4501.8,3683.4,4440.0,3288.1,4025.1,1,1,4025.0,67,2,4024.0,501,4,4023.7,13,1,4023.6,41,2,4025.2,183,3,4025.4,39,3,4025.5,59,1,4025.7,13,1,4025.8,10,1
11483,2026-07-02 12:59:07+05:30,4025.0,2,4038.93,1281959,148100.0,168681.0,4100.0,4110.0,4012.0,4092.6,25060350,4501.8,3683.4,4440.0,3288.1,4025.0,65,2,4024.0,501,4,4023.7,13,1,4023.6,41,2,4023.5,39,2,4025.2,195,5,4025.4,39,3,4025.5,59,1,4025.7,13,1,4025.8,10,1
11483,2026-07-02 12:59:07+05:30,4025.0,2,4038.93,1281959,148100.0,168681.0,4100.0,4110.0,4012.0,4092.6,25060350,4501.8,3683.4,4440.0,3288.1,4025.0,65,2,4024.0,501,4,4023.7,13,1,4023.6,41,2,4023.5,39,2,4025.2,195,5,4025.4,39,3,4025.5,59,1,4025.7,13,1,4025.8,10,1
11483,2026-07-02 12:59:08+05:30,4025.0,2,4038.93,1281959,148100.0,168681.0,4100.0,4110.0,4012.0,4092.6,25060350,4501.8,3683.4,4440.0,3288.1,4025.0,65,2,4024.0,501,4,4023.7,13,1,4023.6,41,2,4023.5,39,2,4025.2,195,5,4025.4,39,3,4025.5,59,1,4025.7,13,1,4025.8,10,1
11483,2026-07-02 12:59:08+05:30,4025.2,5,4038.93,1281959,148100.0,168681.0,4100.0,4110.0,4012.0,4092.6,25060350,4501.8,3683.4,4440.0,3288.1,4025.0,65,2,4024.0,501,4,4023.7,13,1,4023.6,41,2,4023.5,39,2,4025.2,195,5,4025.4,39,3,4025.5,59,1,4025.7,13,1,4025.8,10,1
11483,2026-07-02 12:59:08+05:30,4025.2,5,4038.93,1281959,148100.0,168681.0,4100.0,4110.0,4012.0,4092.6,25060350,4501.8,3683.4,4440.0,3288.1,4025.0,65,2,4024.0,501,4,4023.7,13,1,4023.6,41,2,4023.5,39,2,4025.2,195,5,4025.4,39,3,4025.5,59,1,4025.7,13,1,4025.8,10,1
11483,2026-07-02 12:59:08+05:30,4025.2,5,4038.93,1281989,148115.0,168548.0,4100.0,4110.0,4012.0,4092.6,25060350,4501.8,3683.4,4440.0,3288.1,4025.0,65,2,4024.0,501,4,4023.7,13,1,4023.6,43,3,4023.5,39,2,4025.2,13,4,4025.4,26,2,4025.5,59,1,4025.7,13,1,4025.8,10,1
11483,2026-07-02 12:59:09+05:30,4025.2,5,4038.93,1281989,148115.0,168548.0,4100.0,4110.0,4012.0,4092.6,25060350,4501.8,3683.4,4440.0,3288.1,4025.0,65,2,4024.0,501,4,4023.7,13,1,4023.6,43,3,4023.5,39,2,4025.2,13,4,4025.4,26,2,4025.5,59,1,4025.7,13,1,4025.8,10,1
11483,2026-07-02 12:59:09+05:30,4025.2,1,4038.93,1281989,148115.0,168548.0,4100.0,4110.0,4012.0,4092.6,25060350,4501.8,3683.4,4440.0,3288.1,4025.0,65,2,4024.0,501,4,4023.7,13,1,4023.6,43,3,4023.5,39,2,4025.2,13,4,4025.4,26,2,4025.5,59,1,4025.7,13,1,4025.8,10,1
11483,2026-07-02 12:59:09+05:30,4025.2,1,4038.93,1281989,148115.0,168548.0,4100.0,4110.0,4012.0,4092.6,25060350,4501.8,3683.4,4440.0,3288.1,4025.0,65,2,4024.0,501,4,4023.7,13,1,4023.6,43,3,4023.5,39,2,4025.2,13,4,4025.4,26,2,4025.5,59,1,4025.7,13,1,4025.8,10,1
11483,2026-07-02 12:59:09+05:30,4025.2,1,4038.93,1281994,148220.0,168447.0,4100.0,4110.0,4012.0,4092.6,25060350,4501.8,3683.4,4440.0,3288.1,4025.0,61,2,4024.0,501,4,4023.8,83,1,4023.7,16,2,4023.6,45,3,4025.2,6,2,4025.4,25,1,4025.5,59,1,4025.7,13,1,4025.8,10,1
11483,2026-07-02 12:59:10+05:30,4025.4,13,4038.93,1281994,148220.0,168447.0,4100.0,4110.0,4012.0,4092.6,25060350,4501.8,3683.4,4440.0,3288.1,4025.0,61,2,4024.0,501,4,4023.8,83,1,4023.7,16,2,4023.6,45,3,4025.2,6,2,4025.4,25,1,4025.5,59,1,4025.7,13,1,4025.8,10,1
11483,2026-07-02 12:59:10+05:30,4025.0,40,4038.93,1282194,148327.0,168577.0,4100.0,4110.0,4012.0,4092.6,25060350,4501.8,3683.4,4440.0,3288.1,4025.0,34,2,4024.0,501,4,4023.8,8,1,4023.7,18,3,4023.6,43,2,4025.4,21,2,4025.5,59,1,4025.6,5,1,4025.7,13,1,4025.8,10,1
11483,2026-07-02 12:59:11+05:30,4025.0,24,4038.93,1282194,148327.0,168577.0,4100.0,4110.0,4012.0,4092.6,25060350,4501.8,3683.4,4440.0,3288.1,4025.0,34,2,4024.0,501,4,4023.8,8,1,4023.7,18,3,4023.6,43,2,4025.4,21,2,4025.5,59,1,4025.6,5,1,4025.7,13,1,4025.8,10,1
11483,2026-07-02 12:59:11+05:30,4025.0,24,4038.93,1282218,148324.0,168578.0,4100.0,4110.0,4012.0,4092.6,25060350,4501.8,3683.4,4440.0,3288.1,4025.0,10,2,4024.0,501,4,4023.8,8,1,4023.7,16,2,4023.6,45,3,4025.4,21,2,4025.5,59,1,4025.6,5,1,4025.7,13,1,4025.8,10,1
11483,2026-07-02 12:59:12+05:30,4025.0,3,4038.93,1282218,148324.0,168578.0,4100.0,4110.0,4012.0,4092.6,25060350,4501.8,3683.4,4440.0,3288.1,4025.0,10,2,4024.0,501,4,4023.8,8,1,4023.7,16,2,4023.6,45,3,4025.4,21,2,4025.5,59,1,4025.6,5,1,4025.7,13,1,4025.8,10,1
11483,2026-07-02 12:59:12+05:30,4025.4,1,4038.93,1282222,148365.0,168622.0,4100.0,4110.0,4012.0,4092.6,25060350,4501.8,3683.4,4440.0,3288.1,4025.0,95,3,4024.0,501,4,4023.8,47,4,4023.7,75,2,4023.6,5,1,4025.4,22,4,4025.5,59,1,4025.6,5,1,4025.7,13,1,4025.8,10,1
11483,2026-07-02 12:59:13+05:30,4025.0,1,4038.93,1282222,148365.0,168622.0,4100.0,4110.0,4012.0,4092.6,25060350,4501.8,3683.4,4440.0,3288.1,4025.0,95,3,4024.0,501,4,4023.8,47,4,4023.7,75,2,4023.6,5,1,4025.4,22,4,4025.5,59,1,4025.6,5,1,4025.7,13,1,4025.8,10,1
11483,2026-07-02 12:59:13+05:30,4025.0,1,4038.93,1282223,148365.0,168475.0,4100.0,4110.0,4012.0,4092.6,25060350,4501.8,3683.4,4440.0,3288.1,4025.0,94,3,4024.0,501,4,4023.8,45,3,4023.7,77,3,4023.6,5,1,4025.4,10,3,4025.5,59,1,4025.7,13,1,4025.8,17,2,4025.9,14,2
11483,2026-07-02 12:59:14+05:30,4025.4,1,4038.93,1282223,148365.0,168475.0,4100.0,4110.0,4012.0,4092.6,25060350,4501.8,3683.4,4440.0,3288.1,4025.0,94,3,4024.0,501,4,4023.8,45,3,4023.7,77,3,4023.6,5,1,4025.4,10,3,4025.5,59,1,4025.7,13,1,4025.8,17,2,4025.9,14,2
11483,2026-07-02 12:59:14+05:30,4025.4,1,4038.93,1282229,148259.0,168249.0,4100.0,4110.0,4012.0,4092.6,25060350,4501.8,3683.4,4440.0,3288.1,4025.0,89,3,4024.0,501,4,4023.9,3,1,4023.8,42,2,4023.7,77,3,4025.4,2,2,4025.5,59,1,4025.7,13,1,4025.8,17,2,4025.9,14,2
11483,2026-07-02 12:59:15+05:30,4025.5,3,4038.93,1282235,148252.0,168230.0,4100.0,4110.0,4012.0,4092.6,25060350,4501.8,3683.4,4440.0,3288.1,4025.2,1,1,4025.0,89,3,4024.0,501,4,4023.9,3,1,4023.8,42,2,4025.5,55,1,4025.8,10,1,4025.9,7,1,4026.0,505,6,4026.2,58,3
11483,2026-07-02 12:59:16+05:30,4025.2,1,4038.93,1282235,148252.0,168230.0,4100.0,4110.0,4012.0,4092.6,25060350,4501.8,3683.4,4440.0,3288.1,4025.2,1,1,4025.0,89,3,4024.0,501,4,4023.9,3,1,4023.8,42,2,4025.5,55,1,4025.8,10,1,4025.9,7,1,4026.0,505,6,4026.2,58,3
11483,2026-07-02 12:59:16+05:30,4025.2,1,4038.93,1282236,148291.0,168424.0,4100.0,4110.0,4012.0,4092.6,25060350,4501.8,3683.4,4440.0,3288.1,4025.0,89,3,4024.0,501,4,4023.9,3,1,4023.8,42,2,4023.7,83,4,4025.5,57,2,4025.8,10,1,4026.0,496,5,4026.2,58,3,4026.3,34,3
11483,2026-07-02 12:59:17+05:30,4025.2,1,4038.93,1282236,148172.0,168074.0,4100.0,4110.0,4012.0,4092.6,25060350,4501.8,3683.4,4440.0,3288.1,4025.0,89,3,4024.0,501,4,4023.9,3,1,4023.8,42,2,4023.7,75,2,4025.5,80,5,4025.7,6,1,4025.8,10,1,4025.9,8,1,4026.0,496,5
11483,2026-07-02 12:59:18+05:30,4025.5,1,4038.93,1282237,148180.0,168047.0,4100.0,4110.0,4012.0,4092.6,25060350,4501.8,3683.4,4440.0,3288.1,4025.0,89,3,4024.0,501,4,4023.9,3,1,4023.8,42,2,4023.7,77,3,4025.5,79,5,4025.8,10,1,4025.9,8,1,4026.0,496,5,4026.1,5,1
11483,2026-07-02 12:59:19+05:30,4025.0,22,4038.93,1282237,148180.0,168047.0,4100.0,4110.0,4012.0,4092.6,25060350,4501.8,3683.4,4440.0,3288.1,4025.0,89,3,4024.0,501,4,4023.9,3,1,4023.8,42,2,4023.7,77,3,4025.5,79,5,4025.8,10,1,4025.9,8,1,4026.0,496,5,4026.1,5,1
11483,2026-07-02 12:59:19+05:30,4025.0,22,4038.93,1282261,148173.0,168092.0,4100.0,4110.0,4012.0,4092.6,25060350,4501.8,3683.4,4440.0,3288.1,4025.0,73,3,4024.0,501,4,4023.9,3,1,4023.8,42,2,4023.7,77,3,4025.5,80,6,4025.8,10,1,4025.9,8,1,4026.0,496,5,4026.1,5,1
11483,2026-07-02 12:59:20+05:30,4025.5,25,4038.93,1282261,148173.0,168092.0,4100.0,4110.0,4012.0,4092.6,25060350,4501.8,3683.4,4440.0,3288.1,4025.0,73,3,4024.0,501,4,4023.9,3,1,4023.8,42,2,4023.7,77,3,4025.5,80,6,4025.8,10,1,4025.9,8,1,4026.0,496,5,4026.1,5,1
11483,2026-07-02 12:59:21+05:30,4023.0,6,4038.92,1283198,145242.0,169662.0,4100.0,4110.0,4012.0,4092.6,25060350,4501.8,3683.4,4440.0,3288.1,4023.0,273,5,4022.5,41,1,4022.4,149,2,4022.3,52,3,4022.2,132,4,4024.5,55,7,4024.6,5,1,4024.7,208,4,4024.8,38,4,4024.9,18,2
11483,2026-07-02 12:59:21+05:30,4023.0,15,4038.92,1283198,145242.0,169662.0,4100.0,4110.0,4012.0,4092.6,25060350,4501.8,3683.4,4440.0,3288.1,4023.0,273,5,4022.5,41,1,4022.4,149,2,4022.3,52,3,4022.2,132,4,4024.5,55,7,4024.6,5,1,4024.7,208,4,4024.8,38,4,4024.9,18,2
11483,2026-07-02 12:59:22+05:30,4023.0,15,4038.92,1283311,145386.0,169512.0,4100.0,4110.0,4012.0,4092.6,25060350,4501.8,3683.4,4440.0,3288.1,4023.0,160,3,4022.5,41,1,4022.4,189,4,4022.3,70,3,4022.2,132,4,4024.5,96,10,4024.6,52,3,4024.7,208,4,4024.8,38,4,4024.9,13,2
11483,2026-07-02 12:59:22+05:30,4024.5,7,4038.92,1283311,145386.0,169512.0,4100.0,4110.0,4012.0,4092.6,25060350,4501.8,3683.4,4440.0,3288.1,4023.0,160,3,4022.5,41,1,4022.4,189,4,4022.3,70,3,4022.2,132,4,4024.5,96,10,4024.6,52,3,4024.7,208,4,4024.8,38,4,4024.9,13,2
11483,2026-07-02 12:59:23+05:30,4024.5,7,4038.92,1283349,145380.0,169513.0,4100.0,4110.0,4012.0,4092.6,25060350,4501.8,3683.4,4440.0,3288.1,4023.0,147,3,4022.5,41,1,4022.4,185,4,4022.3,76,4,4022.2,132,4,4024.5,94,9,4024.6,55,4,4024.7,205,3,4024.8,38,4,4024.9,13,2
11483,2026-07-02 12:59:23+05:30,4023.0,5,4038.92,1283349,145380.0,169513.0,4100.0,4110.0,4012.0,4092.6,25060350,4501.8,3683.4,4440.0,3288.1,4023.0,147,3,4022.5,41,1,4022.4,185,4,4022.3,76,4,4022.2,132,4,4024.5,94,9,4024.6,55,4,4024.7,205,3,4024.8,38,4,4024.9,13,2
11483,2026-07-02 12:59:24+05:30,4024.5,2,4038.92,1283356,145562.0,169387.0,4100.0,4110.0,4012.0,4092.6,25060350,4501.8,3683.4,4440.0,3288.1,4023.0,142,3,4022.5,41,1,4022.4,185,4,4022.3,76,4,4022.2,132,4,4024.5,85,10,4024.6,55,4,4024.7,220,4,4024.8,38,4,4024.9,13,2
11483,2026-07-02 12:59:24+05:30,4023.0,1,4038.92,1283356,145562.0,169387.0,4100.0,4110.0,4012.0,4092.6,25060350,4501.8,3683.4,4440.0,3288.1,4023.0,142,3,4022.5,41,1,4022.4,185,4,4022.3,76,4,4022.2,132,4,4024.5,85,10,4024.6,55,4,4024.7,220,4,4024.8,38,4,4024.9,13,2
11483,2026-07-02 12:59:25+05:30,4023.0,1,4038.92,1283357,145702.0,169246.0,4100.0,4110.0,4012.0,4092.6,25060350,4501.8,3683.4,4440.0,3288.1,4023.1,8,1,4023.0,163,4,4022.5,41,1,4022.4,185,4,4022.3,79,5,4024.5,79,9,4024.6,15,2,4024.7,223,5,4024.8,64,4,4024.9,8,1
11483,2026-07-02 12:59:26+05:30,4024.5,7,4038.91,1283464,145810.0,169292.0,4100.0,4110.0,4012.0,4092.6,25060350,4501.8,3683.4,4440.0,3288.1,4023.1,8,1,4023.0,163,4,4022.5,54,2,4022.4,185,4,4022.3,46,2,4024.4,42,6,4024.5,25,4,4024.6,230,5,4024.7,61,6,4024.8,18,2
11483,2026-07-02 12:59:26+05:30,4023.1,13,4038.91,1283464,145810.0,169292.0,4100.0,4110.0,4012.0,4092.6,25060350,4501.8,3683.4,4440.0,3288.1,4023.1,8,1,4023.0,163,4,4022.5,54,2,4022.4,185,4,4022.3,46,2,4024.4,42,6,4024.5,25,4,4024.6,230,5,4024.7,61,6,4024.8,18,2
11483,2026-07-02 12:59:27+05:30,4023.1,14,4038.91,1283491,145805.0,169736.0,4100.0,4110.0,4012.0,4092.6,25060350,4501.8,3683.4,4440.0,3288.1,4023.1,8,1,4023.0,163,4,4022.5,41,1,4022.4,185,4,4022.3,46,2,4024.1,210,5,4024.2,21,3,4024.3,7,1,4024.4,38,6,4024.5,213,6
11483,2026-07-02 12:59:27+05:30,4023.1,3,4038.91,1283491,145805.0,169736.0,4100.0,4110.0,4012.0,4092.6,25060350,4501.8,3683.4,4440.0,3288.1,4023.1,8,1,4023.0,163,4,4022.5,41,1,4022.4,185,4,4022.3,46,2,4024.1,210,5,4024.2,21,3,4024.3,7,1,4024.4,38,6,4024.5,213,6
11483,2026-07-02 12:59:28+05:30,4024.1,50,4038.91,1283544,145898.0,169788.0,4100.0,4110.0,4012.0,4092.6,25060350,4501.8,3683.4,4440.0,3288.1,4023.0,163,4,4022.5,41,1,4022.4,185,4,4022.3,46,2,4022.2,132,4,4024.1,160,5,4024.2,21,3,4024.3,7,1,4024.4,38,6,4024.5,213,6
11483,2026-07-02 12:59:28+05:30,4023.0,6,4038.91,1283544,145898.0,169788.0,4100.0,4110.0,4012.0,4092.6,25060350,4501.8,3683.4,4440.0,3288.1,4023.0,163,4,4022.5,41,1,4022.4,185,4,4022.3,46,2,4022.2,132,4,4024.1,160,5,4024.2,21,3,4024.3,7,1,4024.4,38,6,4024.5,213,6
11483,2026-07-02 12:59:29+05:30,4024.1,1,4038.91,1283608,145889.0,169556.0,4100.0,4110.0,4012.0,4092.6,25060350,4501.8,3683.4,4440.0,3288.1,4023.0,157,3,4022.5,41,1,4022.4,185,4,4022.3,46,2,4022.2,138,5,4024.1,102,5,4024.2,21,3,4024.3,7,1,4024.4,35,5,4024.5,216,7
11483,2026-07-02 12:59:29+05:30,4023.0,8,4038.91,1283608,145889.0,169556.0,4100.0,4110.0,4012.0,4092.6,25060350,4501.8,3683.4,4440.0,3288.1,4023.0,157,3,4022.5,41,1,4022.4,185,4,4022.3,46,2,4022.2,138,5,4024.1,102,5,4024.2,21,3,4024.3,7,1,4024.4,35,5,4024.5,216,7
11483,2026-07-02 12:59:30+05:30,4024.1,50,4038.91,1283666,145876.0,169543.0,4100.0,4110.0,4012.0,4092.6,25060350,4501.8,3683.4,4440.0,3288.1,4023.0,149,3,4022.5,41,1,4022.4,183,3,4022.3,48,3,4022.2,132,4,4024.1,52,5,4024.2,21,3,4024.3,7,1,4024.4,35,5,4024.5,216,7
11483,2026-07-02 12:59:30+05:30,4023.0,7,4038.91,1283666,145876.0,169543.0,4100.0,4110.0,4012.0,4092.6,25060350,4501.8,3683.4,4440.0,3288.1,4023.0,149,3,4022.5,41,1,4022.4,183,3,4022.3,48,3,4022.2,132,4,4024.1,52,5,4024.2,21,3,4024.3,7,1,4024.4,35,5,4024.5,216,7
11483,2026-07-02 12:59:31+05:30,4023.0,7,4038.91,1283673,145869.0,169505.0,4100.0,4110.0,4012.0,4092.6,25060350,4501.8,3683.4,4440.0,3288.1,4023.5,2,2,4023.0,142,3,4022.5,54,2,4022.4,183,3,4022.3,48,3,4024.1,37,6,4024.2,9,2,4024.4,35,5,4024.5,225,8,4024.6,227,4
11483,2026-07-02 12:59:31+05:30,4023.5,1,4038.91,1283673,145869.0,169505.0,4100.0,4110.0,4012.0,4092.6,25060350,4501.8,3683.4,4440.0,3288.1,4023.5,2,2,4023.0,142,3,4022.5,54,2,4022.4,183,3,4022.3,48,3,4024.1,37,6,4024.2,9,2,4024.4,35,5,4024.5,225,8,4024.6,227,4
11483,2026-07-02 12:59:32+05:30,4023.5,1,4038.91,1283674,146023.0,169511.0,4100.0,4110.0,4012.0,4092.6,25060350,4501.8,3683.4,4440.0,3288.1,4023.5,2,2,4023.0,142,3,4022.5,54,2,4022.4,149,2,4022.3,48,3,4024.1,37,6,4024.2,9,2,4024.4,35,5,4024.5,225,8,4024.6,227,4
11483,2026-07-02 12:59:33+05:30,4023.5,1,4038.91,1283674,146075.0,169119.0,4100.0,4110.0,4012.0,4092.6,25060350,4501.8,3683.4,4440.0,3288.1,4023.5,2,2,4023.0,142,3,4022.5,54,2,4022.4,149,2,4022.3,82,4,4024.1,37,6,4024.2,9,2,4024.4,35,5,4024.5,225,8,4024.6,193,3
11483,2026-07-02 12:59:34+05:30,4023.5,1,4038.91,1283674,146025.0,169387.0,4100.0,4110.0,4012.0,4092.6,25060350,4501.8,3683.4,4440.0,3288.1,4023.5,2,2,4023.0,142,3,4022.5,54,2,4022.4,149,2,4022.3,51,4,4024.1,37,6,4024.2,9,2,4024.4,38,6,4024.5,222,7,4024.6,193,3
11483,2026-07-02 12:59:34+05:30,4024.4,2,4038.91,1283674,146025.0,169387.0,4100.0,4110.0,4012.0,4092.6,25060350,4501.8,3683.4,4440.0,3288.1,4023.5,2,2,4023.0,142,3,4022.5,54,2,4022.4,149,2,4022.3,51,4,4024.1,37,6,4024.2,9,2,4024.4,38,6,4024.5,222,7,4024.6,193,3
11483,2026-07-02 12:59:35+05:30,4024.4,1,4038.91,1283726,146323.0,169078.0,4100.0,4110.0,4012.0,4092.6,25060350,4501.8,3683.4,4440.0,3288.1,4023.9,1,1,4023.5,2,2,4023.0,142,3,4022.5,54,2,4022.4,193,6,4024.4,36,5,4024.5,195,4,4024.6,193,3,4024.7,73,7,4024.8,13,1
11483,2026-07-02 12:59:35+05:30,4023.9,1,4038.91,1283726,146323.0,169078.0,4100.0,4110.0,4012.0,4092.6,25060350,4501.8,3683.4,4440.0,3288.1,4023.9,1,1,4023.5,2,2,4023.0,142,3,4022.5,54,2,4022.4,193,6,4024.4,36,5,4024.5,195,4,4024.6,193,3,4024.7,73,7,4024.8,13,1
11483,2026-07-02 12:59:35+05:30,4023.0,29,4038.91,1283915,146162.0,169461.0,4100.0,4110.0,4012.0,4092.6,25060350,4501.8,3683.4,4440.0,3288.1,4023.0,94,2,4022.4,52,2,4022.3,39,2,4022.2,33,3,4022.0,365,9,4024.1,176,2,4024.2,12,2,4024.3,32,2,4024.4,43,6,4024.5,219,4
11483,2026-07-02 12:59:36+05:30,4023.0,23,4038.91,1283915,146162.0,169461.0,4100.0,4110.0,4012.0,4092.6,25060350,4501.8,3683.4,4440.0,3288.1,4023.0,94,2,4022.4,52,2,4022.3,39,2,4022.2,33,3,4022.0,365,9,4024.1,176,2,4024.2,12,2,4024.3,32,2,4024.4,43,6,4024.5,219,4
11483,2026-07-02 12:59:36+05:30,4023.0,23,4038.91,1283938,146095.0,169431.0,4100.0,4110.0,4012.0,4092.6,25060350,4501.8,3683.4,4440.0,3288.1,4023.0,100,3,4022.5,20,1,4022.4,52,2,4022.3,39,2,4022.2,33,3,4024.1,176,2,4024.2,23,3,4024.3,32,2,4024.4,31,5,4024.5,188,4
11483,2026-07-02 12:59:37+05:30,4023.0,20,4038.91,1283938,146095.0,169431.0,4100.0,4110.0,4012.0,4092.6,25060350,4501.8,3683.4,4440.0,3288.1,4023.0,100,3,4022.5,20,1,4022.4,52,2,4022.3,39,2,4022.2,33,3,4024.1,176,2,4024.2,23,3,4024.3,32,2,4024.4,31,5,4024.5,188,4
11483,2026-07-02 12:59:37+05:30,4023.0,20,4038.91,1283986,146081.0,170104.0,4100.0,4110.0,4012.0,4092.6,25060350,4501.8,3683.4,4440.0,3288.1,4023.0,79,4,4022.5,20,1,4022.4,52,2,4022.3,39,2,4022.2,15,1,4023.5,45,1,4023.6,42,1,4023.7,42,1,4023.8,7,1,4023.9,42,1
11483,2026-07-02 12:59:38+05:30,4023.0,7,4038.91,1283986,146081.0,170104.0,4100.0,4110.0,4012.0,4092.6,25060350,4501.8,3683.4,4440.0,3288.1,4023.0,79,4,4022.5,20,1,4022.4,52,2,4022.3,39,2,4022.2,15,1,4023.5,45,1,4023.6,42,1,4023.7,42,1,4023.8,7,1,4023.9,42,1
11483,2026-07-02 12:59:39+05:30,4023.1,1,4038.91,1284020,146399.0,169204.0,4100.0,4110.0,4012.0,4092.6,25060350,4501.8,3683.4,4440.0,3288.1,4023.0,186,6,4022.8,24,1,4022.7,83,1,4022.6,75,2,4022.5,70,2,4023.1,44,1,4023.2,42,1,4023.3,42,1,4023.4,1,1,4023.5,42,1
11483,2026-07-02 12:59:39+05:30,4023.0,4,4038.91,1284020,146399.0,169204.0,4100.0,4110.0,4012.0,4092.6,25060350,4501.8,3683.4,4440.0,3288.1,4023.0,186,6,4022.8,24,1,4022.7,83,1,4022.6,75,2,4022.5,70,2,4023.1,44,1,4023.2,42,1,4023.3,42,1,4023.4,1,1,4023.5,42,1
11483,2026-07-02 12:59:39+05:30,4023.0,4,4038.91,1284024,146329.0,169597.0,4100.0,4110.0,4012.0,4092.6,25060350,4501.8,3683.4,4440.0,3288.1,4023.0,169,5,4022.6,34,1,4022.5,70,2,4022.4,130,3,4022.3,132,5,4023.1,42,1,4023.2,42,1,4023.4,43,2,4023.6,42,1,4024.0,1,1
11483,2026-07-02 12:59:40+05:30,4023.0,1,4038.91,1284024,146329.0,169597.0,4100.0,4110.0,4012.0,4092.6,25060350,4501.8,3683.4,4440.0,3288.1,4023.0,169,5,4022.6,34,1,4022.5,70,2,4022.4,130,3,4022.3,132,5,4023.1,42,1,4023.2,42,1,4023.4,43,2,4023.6,42,1,4024.0,1,1
11483,2026-07-02 12:59:41+05:30,4023.0,1,4038.9,1284372,145366.0,169866.0,4100.0,4110.0,4012.0,4092.6,25060350,4501.8,3683.4,4440.0,3288.1,4022.5,125,5,4022.4,50,1,4022.3,53,3,4022.2,45,2,4022.1,24,1,4022.7,44,1,4022.8,42,1,4022.9,42,1,4023.0,13,1,4023.1,42,1
11483,2026-07-02 12:59:41+05:30,4022.5,1,4038.9,1284372,145366.0,169866.0,4100.0,4110.0,4012.0,4092.6,25060350,4501.8,3683.4,4440.0,3288.1,4022.5,125,5,4022.4,50,1,4022.3,53,3,4022.2,45,2,4022.1,24,1,4022.7,44,1,4022.8,42,1,4022.9,42,1,4023.0,13,1,4023.1,42,1
11483,2026-07-02 12:59:41+05:30,4023.1,42,4038.9,1284817,146319.0,168681.0,4100.0,4110.0,4012.0,4092.6,25060350,4501.8,3683.4,4440.0,3288.1,4023.1,96,2,4023.0,50,3,4022.9,92,6,4022.8,28,4,4022.7,87,4,4023.4,1,1,4024.1,8,1,4024.4,6,1,4024.7,15,1,4024.8,13,1
11483,2026-07-02 12:59:42+05:30,4023.3,8,4038.9,1284817,146319.0,168681.0,4100.0,4110.0,4012.0,4092.6,25060350,4501.8,3683.4,4440.0,3288.1,4023.1,96,2,4023.0,50,3,4022.9,92,6,4022.8,28,4,4022.7,87,4,4023.4,1,1,4024.1,8,1,4024.4,6,1,4024.7,15,1,4024.8,13,1
11483,2026-07-02 12:59:43+05:30,4022.8,5,4038.89,1285507,145535.0,169177.0,4100.0,4110.0,4012.0,4092.6,25060350,4501.8,3683.4,4440.0,3288.1,4022.4,133,4,4022.3,29,2,4022.2,16,2,4022.1,62,3,4022.0,382,11,4022.8,70,1,4023.3,8,1,4024.1,8,1,4024.2,13,1,4024.4,9,2
11483,2026-07-02 12:59:43+05:30,4023.3,26,4038.89,1285507,145535.0,169177.0,4100.0,4110.0,4012.0,4092.6,25060350,4501.8,3683.4,4440.0,3288.1,4022.4,133,4,4022.3,29,2,4022.2,16,2,4022.1,62,3,4022.0,382,11,4022.8,70,1,4023.3,8,1,4024.1,8,1,4024.2,13,1,4024.4,9,2
11483,2026-07-02 12:59:44+05:30,4022.6,1,4038.89,1285687,145557.0,169428.0,4100.0,4110.0,4012.0,4092.6,25060350,4501.8,3683.4,4440.0,3288.1,4022.6,23,2,4022.5,12,1,4022.4,19,1,4022.3,29,2,4022.2,16,2,4023.3,81,1,4023.4,42,1,4023.5,42,1,4023.7,42,1,4023.9,42,1
11483,2026-07-02 12:59:44+05:30,4023.3,25,4038.89,1285687,145557.0,169428.0,4100.0,4110.0,4012.0,4092.6,25060350,4501.8,3683.4,4440.0,3288.1,4022.6,23,2,4022.5,12,1,4022.4,19,1,4022.3,29,2,4022.2,16,2,4023.3,81,1,4023.4,42,1,4023.5,42,1,4023.7,42,1,4023.9,42,1
11483,2026-07-02 12:59:45+05:30,4023.3,25,4038.89,1285734,145720.0,169223.0,4100.0,4110.0,4012.0,4092.6,25060350,4501.8,3683.4,4440.0,3288.1,4022.4,56,2,4022.3,29,2,4022.2,16,2,4022.1,67,3,4022.0,327,9,4023.0,42,1,4023.1,42,1,4023.3,102,3,4023.5,74,2,4024.1,8,1
11483,2026-07-02 12:59:45+05:30,4022.4,6,4038.89,1285734,145720.0,169223.0,4100.0,4110.0,4012.0,4092.6,25060350,4501.8,3683.4,4440.0,3288.1,4022.4,56,2,4022.3,29,2,4022.2,16,2,4022.1,67,3,4022.0,327,9,4023.0,42,1,4023.1,42,1,4023.3,102,3,4023.5,74,2,4024.1,8,1
11483,2026-07-02 12:59:46+05:30,4022.7,3,4038.88,1285802,145766.0,169404.0,4100.0,4110.0,4012.0,4092.6,25060350,4501.8,3683.4,4440.0,3288.1,4022.6,44,1,4022.4,70,3,4022.3,5,1,4022.2,16,2,4022.1,43,2,4022.7,36,1,4022.8,42,1,4023.0,42,1,4023.2,47,2,4023.3,4,1
11483,2026-07-02 12:59:46+05:30,4022.6,36,4038.88,1285802,145766.0,169404.0,4100.0,4110.0,4012.0,4092.6,25060350,4501.8,3683.4,4440.0,3288.1,4022.6,44,1,4022.4,70,3,4022.3,5,1,4022.2,16,2,4022.1,43,2,4022.7,36,1,4022.8,42,1,4023.0,42,1,4023.2,47,2,4023.3,4,1
11483,2026-07-02 12:59:47+05:30,4022.6,5,4038.88,1285858,145772.0,169501.0,4100.0,4110.0,4012.0,4092.6,25060350,4501.8,3683.4,4440.0,3288.1,4022.4,70,3,4022.3,5,1,4022.2,16,2,4022.1,67,3,4022.0,362,10,4022.6,42,1,4022.7,29,1,4022.8,42,1,4023.0,92,2,4023.2,5,1
11483,2026-07-02 12:59:47+05:30,4022.4,7,4038.88,1285858,145772.0,169501.0,4100.0,4110.0,4012.0,4092.6,25060350,4501.8,3683.4,4440.0,3288.1,4022.4,70,3,4022.3,5,1,4022.2,16,2,4022.1,67,3,4022.0,362,10,4022.6,42,1,4022.7,29,1,4022.8,42,1,4023.0,92,2,4023.2,5,1
11483,2026-07-02 12:59:48+05:30,4023.0,12,4038.88,1285991,145760.0,169465.0,4100.0,4110.0,4012.0,4092.6,25060350,4501.8,3683.4,4440.0,3288.1,4022.4,25,2,4022.3,5,1,4022.2,16,2,4022.1,2,1,4022.0,324,8,4022.6,76,1,4023.0,38,1,4023.2,47,2,4023.3,4,1,4023.5,32,1
11483,2026-07-02 12:59:48+05:30,4022.6,17,4038.88,1285991,145760.0,169465.0,4100.0,4110.0,4012.0,4092.6,25060350,4501.8,3683.4,4440.0,3288.1,4022.4,25,2,4022.3,5,1,4022.2,16,2,4022.1,2,1,4022.0,324,8,4022.6,76,1,4023.0,38,1,4023.2,47,2,4023.3,4,1,4023.5,32,1
11483,2026-07-02 12:59:49+05:30,4022.4,2,4038.88,1286086,145970.0,169493.0,4100.0,4110.0,4012.0,4092.6,25060350,4501.8,3683.4,4440.0,3288.1,4022.4,37,2,4022.3,5,1,4022.2,16,2,4022.1,2,1,4022.0,324,8,4022.5,46,2,4022.6,42,1,4022.8,42,1,4023.0,80,2,4023.2,5,1
11483,2026-07-02 12:59:49+05:30,4022.4,12,4038.88,1286086,145970.0,169493.0,4100.0,4110.0,4012.0,4092.6,25060350,4501.8,3683.4,4440.0,3288.1,4022.4,37,2,4022.3,5,1,4022.2,16,2,4022.1,2,1,4022.0,324,8,4022.5,46,2,4022.6,42,1,4022.8,42,1,4023.0,80,2,4023.2,5,1
11483,2026-07-02 12:59:50+05:30,4022.5,43,4038.88,1286188,146090.0,169277.0,4100.0,4110.0,4012.0,4092.6,25060350,4501.8,3683.4,4440.0,3288.1,4022.5,123,1,4022.4,24,2,4022.3,70,3,4022.2,16,2,4022.1,43,2,4023.0,38,1,4023.2,5,1,4023.3,4,1,4023.8,7,1,4024.0,6,1
11483,2026-07-02 12:59:50+05:30,4022.5,12,4038.88,1286188,146090.0,169277.0,4100.0,4110.0,4012.0,4092.6,25060350,4501.8,3683.4,4440.0,3288.1,4022.5,123,1,4022.4,24,2,4022.3,70,3,4022.2,16,2,4022.1,43,2,4023.0,38,1,4023.2,5,1,4023.3,4,1,4023.8,7,1,4024.0,6,1
11483,2026-07-02 12:59:51+05:30,4025.0,20,4038.86,1288100,146226.0,168645.0,4100.0,4110.0,4012.0,4092.6,25060350,4501.8,3683.4,4440.0,3288.1,4023.0,8,2,4022.7,94,9,4022.6,64,4,4022.5,91,5,4022.4,207,5,4024.5,37,3,4024.6,3,1,4024.7,19,1,4024.8,26,2,4024.9,32,2
11483,2026-07-02 12:59:51+05:30,4023.0,7,4038.86,1288100,146226.0,168645.0,4100.0,4110.0,4012.0,4092.6,25060350,4501.8,3683.4,4440.0,3288.1,4023.0,8,2,4022.7,94,9,4022.6,64,4,4022.5,91,5,4022.4,207,5,4024.5,37,3,4024.6,3,1,4024.7,19,1,4024.8,26,2,4024.9,32,2
11483,2026-07-02 12:59:52+05:30,4023.0,7,4038.86,1288108,146328.0,168947.0,4100.0,4110.0,4012.0,4092.6,25060350,4501.8,3683.4,4440.0,3288.1,4022.7,131,3,4022.6,10,1,4022.5,28,2,4022.4,61,4,4022.3,25,2,4023.0,16,2,4024.3,50,1,4024.4,36,2,4024.5,72,6,4024.6,3,1
11483,2026-07-02 12:59:52+05:30,4024.3,11,4038.86,1288108,146328.0,168947.0,4100.0,4110.0,4012.0,4092.6,25060350,4501.8,3683.4,4440.0,3288.1,4022.7,131,3,4022.6,10,1,4022.5,28,2,4022.4,61,4,4022.3,25,2,4023.0,16,2,4024.3,50,1,4024.4,36,2,4024.5,72,6,4024.6,3,1
11483,2026-07-02 12:59:53+05:30,4024.3,11,4038.86,1288347,146148.0,169064.0,4100.0,4110.0,4012.0,4092.6,25060350,4501.8,3683.4,4440.0,3288.1,4022.7,140,4,4022.6,8,1,4022.5,52,3,4022.4,95,5,4022.3,108,4,4024.3,9,2,4024.4,23,2,4024.5,104,5,4024.6,15,2,4024.7,25,2
11483,2026-07-02 12:59:53+05:30,4022.9,7,4038.86,1288347,146148.0,169064.0,4100.0,4110.0,4012.0,4092.6,25060350,4501.8,3683.4,4440.0,3288.1,4022.7,140,4,4022.6,8,1,4022.5,52,3,4022.4,95,5,4022.3,108,4,4024.3,9,2,4024.4,23,2,4024.5,104,5,4024.6,15,2,4024.7,25,2
11483,2026-07-02 12:59:54+05:30,4024.3,1,4038.86,1288388,146043.0,169022.0,4100.0,4110.0,4012.0,4092.6,25060350,4501.8,3683.4,4440.0,3288.1,4022.7,125,3,4022.6,8,1,4022.5,45,2,4022.4,63,4,4022.3,28,3,4024.3,9,3,4024.4,13,1,4024.5,37,3,4024.6,28,3,4024.7,19,1
11483,2026-07-02 12:59:54+05:30,4022.7,5,4038.86,1288388,146043.0,169022.0,4100.0,4110.0,4012.0,4092.6,25060350,4501.8,3683.4,4440.0,3288.1,4022.7,125,3,4022.6,8,1,4022.5,45,2,4022.4,63,4,4022.3,28,3,4024.3,9,3,4024.4,13,1,4024.5,37,3,4024.6,28,3,4024.7,19,1
11483,2026-07-02 12:59:55+05:30,4022.7,5,4038.86,1288393,146427.0,168894.0,4100.0,4110.0,4012.0,4092.6,25060350,4501.8,3683.4,4440.0,3288.1,4023.6,37,1,4023.5,43,2,4023.4,42,1,4023.2,42,1,4023.1,34,1,4024.3,6,1,4024.5,24,1,4024.8,3,1,4024.9,194,2,4025.0,161,5
11483,2026-07-02 12:59:56+05:30,4022.7,5,4038.86,1288393,146995.0,168522.0,4100.0,4110.0,4012.0,4092.6,25060350,4501.8,3683.4,4440.0,3288.1,4024.2,37,1,4024.1,42,1,4024.0,42,1,4023.9,96,1,4023.8,42,1,4024.3,7,2,4024.9,194,2,4025.0,158,4,4025.2,14,1,4025.3,181,2
11483,2026-07-02 12:59:56+05:30,4024.1,12,4038.86,1288393,146995.0,168522.0,4100.0,4110.0,4012.0,4092.6,25060350,4501.8,3683.4,4440.0,3288.1,4024.2,37,1,4024.1,42,1,4024.0,42,1,4023.9,96,1,4023.8,42,1,4024.3,7,2,4024.9,194,2,4025.0,158,4,4025.2,14,1,4025.3,181,2
11483,2026-07-02 12:59:57+05:30,4024.3,42,4038.85,1288673,145977.0,168543.0,4100.0,4110.0,4012.0,4092.6,25060350,4501.8,3683.4,4440.0,3288.1,4024.3,13,1,4023.8,35,1,4023.7,42,1,4023.5,1,1,4023.1,13,1,4024.5,19,1,4024.6,36,4,4024.7,26,3,4024.8,197,3,4024.9,22,2
11483,2026-07-02 12:59:57+05:30,4024.3,13,4038.85,1288673,145977.0,168543.0,4100.0,4110.0,4012.0,4092.6,25060350,4501.8,3683.4,4440.0,3288.1,4024.3,13,1,4023.8,35,1,4023.7,42,1,4023.5,1,1,4023.1,13,1,4024.5,19,1,4024.6,36,4,4024.7,26,3,4024.8,197,3,4024.9,22,2
11483,2026-07-02 12:59:58+05:30,4024.3,21,4038.85,1288707,146859.0,168351.0,4100.0,4110.0,4012.0,4092.6,25060350,4501.8,3683.4,4440.0,3288.1,4024.5,8,1,4024.0,42,1,4023.9,42,1,4023.8,35,1,4023.5,43,2,4024.8,194,2,4024.9,22,2,4025.0,156,3,4025.1,13,1,4025.2,16,2
11483,2026-07-02 12:59:58+05:30,4024.5,12,4038.85,1288707,146859.0,168351.0,4100.0,4110.0,4012.0,4092.6,25060350,4501.8,3683.4,4440.0,3288.1,4024.5,8,1,4024.0,42,1,4023.9,42,1,4023.8,35,1,4023.5,43,2,4024.8,194,2,4024.9,22,2,4025.0,156,3,4025.1,13,1,4025.2,16,2
11483,2026-07-02 12:59:59+05:30,4024.5,1,4038.85,1288773,146418.0,168671.0,4100.0,4110.0,4012.0,4092.6,25060350,4501.8,3683.4,4440.0,3288.1,4024.5,66,3,4024.1,42,1,4023.8,35,1,4023.5,1,1,4023.1,57,2,4024.7,169,1,4024.8,188,2,4024.9,19,1,4025.0,153,2,4025.3,188,3
11483,2026-07-02 12:59:59+05:30,4024.5,7,4038.85,1288773,146418.0,168671.0,4100.0,4110.0,4012.0,4092.6,25060350,4501.8,3683.4,4440.0,3288.1,4024.5,66,3,4024.1,42,1,4023.8,35,1,4023.5,1,1,4023.1,57,2,4024.7,169,1,4024.8,188,2,4024.9,19,1,4025.0,153,2,4025.3,188,3
11483,2026-07-02 13:00:00+05:30,4024.5,3,4038.85,1288833,146246.0,168902.0,4100.0,4110.0,4012.0,4092.6,25060350,4501.8,3683.4,4440.0,3288.1,4024.5,22,2,4024.1,42,1,4023.8,35,1,4023.1,13,1,4022.9,40,2,4024.7,211,6,4024.8,194,2,4024.9,18,2,4025.0,153,2,4025.1,18,2
11483,2026-07-02 13:00:00+05:30,4024.5,4,4038.85,1288833,146246.0,168902.0,4100.0,4110.0,4012.0,4092.6,25060350,4501.8,3683.4,4440.0,3288.1,4024.5,22,2,4024.1,42,1,4023.8,35,1,4023.1,13,1,4022.9,40,2,4024.7,211,6,4024.8,194,2,4024.9,18,2,4025.0,153,2,4025.1,18,2
11483,2026-07-02 13:00:01+05:30,4024.7,29,4038.85,1288887,146182.0,168686.0,4100.0,4110.0,4012.0,4092.6,25060350,4501.8,3683.4,4440.0,3288.1,4024.5,17,1,4024.0,42,1,4023.8,35,1,4023.1,13,1,4023.0,34,1,4024.7,162,4,4024.8,194,2,4024.9,18,2,4025.0,153,2,4025.1,18,2
11483,2026-07-02 13:00:01+05:30,4024.5,6,4038.85,1288887,146182.0,168686.0,4100.0,4110.0,4012.0,4092.6,25060350,4501.8,3683.4,4440.0,3288.1,4024.5,17,1,4024.0,42,1,4023.8,35,1,4023.1,13,1,4023.0,34,1,4024.7,162,4,4024.8,194,2,4024.9,18,2,4025.0,153,2,4025.1,18,2
11483,2026-07-02 13:00:02+05:30,4024.5,6,4038.85,1288893,146285.0,168692.0,4100.0,4110.0,4012.0,4092.6,25060350,4501.8,3683.4,4440.0,3288.1,4024.6,42,1,4024.5,53,2,4024.1,42,1,4023.8,35,1,4023.1,70,3,4024.7,150,2,4024.8,194,2,4024.9,14,1,4025.0,153,2,4025.1,5,1
11483,2026-07-02 13:00:02+05:30,4023.8,9,4038.85,1288893,146285.0,168692.0,4100.0,4110.0,4012.0,4092.6,25060350,4501.8,3683.4,4440.0,3288.1,4024.6,42,1,4024.5,53,2,4024.1,42,1,4023.8,35,1,4023.1,70,3,4024.7,150,2,4024.8,194,2,4024.9,14,1,4025.0,153,2,4025.1,5,1
11483,2026-07-02 13:00:03+05:30,4023.8,9,4038.85,1289073,146300.0,168782.0,4100.0,4110.0,4012.0,4092.6,25060350,4501.8,3683.4,4440.0,3288.1,4023.8,26,1,4023.4,51,2,4023.2,200,3,4023.1,43,2,4023.0,221,5,4024.7,2,1,4024.8,175,1,4024.9,17,2,4025.0,309,2,4025.3,181,2
11483,2026-07-02 13:00:03+05:30,4024.7,5,4038.85,1289073,146300.0,168782.0,4100.0,4110.0,4012.0,4092.6,25060350,4501.8,3683.4,4440.0,3288.1,4023.8,26,1,4023.4,51,2,4023.2,200,3,4023.1,43,2,4023.0,221,5,4024.7,2,1,4024.8,175,1,4024.9,17,2,4025.0,309,2,4025.3,181,2
11483,2026-07-02 13:00:03+05:30,4024.7,5,4038.85,1289073,146300.0,168782.0,4100.0,4110.0,4012.0,4092.6,25060350,4501.8,3683.4,4440.0,3288.1,4023.8,26,1,4023.4,51,2,4023.2,200,3,4023.1,43,2,4023.0,221,5,4024.7,2,1,4024.8,175,1,4024.9,17,2,4025.0,309,2,4025.3,181,2
11483,2026-07-02 13:00:04+05:30,4024.7,5,4038.85,1289101,146292.0,168614.0,4100.0,4110.0,4012.0,4092.6,25060350,4501.8,3683.4,4440.0,3288.1,4023.8,5,1,4023.4,51,2,4023.2,140,2,4023.1,43,2,4023.0,189,5,4024.7,2,1,4024.9,49,2,4025.0,309,2,4025.1,7,1,4025.2,13,1
11483,2026-07-02 13:00:04+05:30,4024.7,5,4038.85,1289101,146292.0,168614.0,4100.0,4110.0,4012.0,4092.6,25060350,4501.8,3683.4,4440.0,3288.1,4023.8,5,1,4023.4,51,2,4023.2,140,2,4023.1,43,2,4023.0,189,5,4024.7,2,1,4024.9,49,2,4025.0,309,2,4025.1,7,1,4025.2,13,1
11483,2026-07-02 13:00:04+05:30,4023.8,4,4038.85,1289101,146292.0,168614.0,4100.0,4110.0,4012.0,4092.6,25060350,4501.8,3683.4,4440.0,3288.1,4023.8,5,1,4023.4,51,2,4023.2,140,2,4023.1,43,2,4023.0,189,5,4024.7,2,1,4024.9,49,2,4025.0,309,2,4025.1,7,1,4025.2,13,1
11483,2026-07-02 13:00:04+05:30,4023.8,4,4038.85,1289101,146292.0,168614.0,4100.0,4110.0,4012.0,4092.6,25060350,4501.8,3683.4,4440.0,3288.1,4023.8,5,1,4023.4,51,2,4023.2,140,2,4023.1,43,2,4023.0,189,5,4024.7,2,1,4024.9,49,2,4025.0,309,2,4025.1,7,1,4025.2,13,1
11483,2026-07-02 13:00:05+05:30,4023.8,4,4038.85,1289105,146545.0,168640.0,4100.0,4110.0,4012.0,4092.6,25060350,4501.8,3683.4,4440.0,3288.1,4024.2,42,1,4024.1,42,1,4023.8,1,1,4023.7,42,1,4023.3,49,2,4024.7,3,2,4024.9,49,2,4025.0,309,2,4025.3,6,1,4025.4,202,3
11483,2026-07-02 13:00:05+05:30,4023.8,4,4038.85,1289105,146545.0,168640.0,4100.0,4110.0,4012.0,4092.6,25060350,4501.8,3683.4,4440.0,3288.1,4024.2,42,1,4024.1,42,1,4023.8,1,1,4023.7,42,1,4023.3,49,2,4024.7,3,2,4024.9,49,2,4025.0,309,2,4025.3,6,1,4025.4,202,3
11483,2026-07-02 13:00:06+05:30,4023.8,4,4038.85,1289105,146867.0,168508.0,4100.0,4110.0,4012.0,4092.6,25060350,4501.8,3683.4,4440.0,3288.1,4024.5,42,1,4024.4,64,2,4024.0,42,1,4023.8,1,1,4023.3,83,3,4024.7,3,2,4024.9,51,3,4025.0,309,2,4025.3,6,1,4025.4,175,1
11483,2026-07-02 13:00:06+05:30,4023.8,4,4038.85,1289105,146867.0,168508.0,4100.0,4110.0,4012.0,4092.6,25060350,4501.8,3683.4,4440.0,3288.1,4024.5,42,1,4024.4,64,2,4024.0,42,1,4023.8,1,1,4023.3,83,3,4024.7,3,2,4024.9,51,3,4025.0,309,2,4025.3,6,1,4025.4,175,1
11483,2026-07-02 13:00:06+05:30,4024.5,25,4038.85,1289105,146867.0,168508.0,4100.0,4110.0,4012.0,4092.6,25060350,4501.8,3683.4,4440.0,3288.1,4024.5,42,1,4024.4,64,2,4024.0,42,1,4023.8,1,1,4023.3,83,3,4024.7,3,2,4024.9,51,3,4025.0,309,2,4025.3,6,1,4025.4,175,1
11483,2026-07-02 13:00:06+05:30,4024.5,25,4038.85,1289105,146867.0,168508.0,4100.0,4110.0,4012.0,4092.6,25060350,4501.8,3683.4,4440.0,3288.1,4024.5,42,1,4024.4,64,2,4024.0,42,1,4023.8,1,1,4023.3,83,3,4024.7,3,2,4024.9,51,3,4025.0,309,2,4025.3,6,1,4025.4,175,1
11483,2026-07-02 13:00:07+05:30,4024.5,25,4038.85,1289138,146892.0,168483.0,4100.0,4110.0,4012.0,4092.6,25060350,4501.8,3683.4,4440.0,3288.1,4024.5,59,2,4024.4,22,1,4024.1,42,1,4023.8,1,1,4023.5,24,1,4024.7,2,1,4024.9,16,2,4025.0,309,2,4025.3,6,1,4025.4,175,1
11483,2026-07-02 13:00:07+05:30,4024.5,25,4038.85,1289138,146892.0,168483.0,4100.0,4110.0,4012.0,4092.6,25060350,4501.8,3683.4,4440.0,3288.1,4024.5,59,2,4024.4,22,1,4024.1,42,1,4023.8,1,1,4023.5,24,1,4024.7,2,1,4024.9,16,2,4025.0,309,2,4025.3,6,1,4025.4,175,1
11483,2026-07-02 13:00:07+05:30,4024.5,4,4038.85,1289138,146892.0,168483.0,4100.0,4110.0,4012.0,4092.6,25060350,4501.8,3683.4,4440.0,3288.1,4024.5,59,2,4024.4,22,1,4024.1,42,1,4023.8,1,1,4023.5,24,1,4024.7,2,1,4024.9,16,2,4025.0,309,2,4025.3,6,1,4025.4,175,1
11483,2026-07-02 13:00:07+05:30,4024.5,4,4038.85,1289138,146892.0,168483.0,4100.0,4110.0,4012.0,4092.6,25060350,4501.8,3683.4,4440.0,3288.1,4024.5,59,2,4024.4,22,1,4024.1,42,1,4023.8,1,1,4023.5,24,1,4024.7,2,1,4024.9,16,2,4025.0,309,2,4025.3,6,1,4025.4,175,1
11483,2026-07-02 13:00:07+05:30,4024.5,4,4038.85,1289138,146892.0,168483.0,4100.0,4110.0,4012.0,4092.6,25065425,4501.8,3683.4,4440.0,3288.1,4024.5,59,2,4024.4,22,1,4024.1,42,1,4023.8,1,1,4023.5,24,1,4024.7,2,1,4024.9,16,2,4025.0,309,2,4025.3,6,1,4025.4,175,1
11483,2026-07-02 13:00:08+05:30,4024.7,1,4038.85,1289143,146903.0,168475.0,4100.0,4110.0,4012.0,4092.6,25065425,4501.8,3683.4,4440.0,3288.1,4024.5,55,2,4024.4,22,1,4024.1,42,1,4023.8,1,1,4023.5,24,1,4024.7,2,2,4024.9,16,2,4025.0,309,2,4025.4,175,1,4025.5,30,2
11483,2026-07-02 13:00:08+05:30,4024.7,1,4038.85,1289143,146903.0,168475.0,4100.0,4110.0,4012.0,4092.6,25065425,4501.8,3683.4,4440.0,3288.1,4024.5,55,2,4024.4,22,1,4024.1,42,1,4023.8,1,1,4023.5,24,1,4024.7,2,2,4024.9,16,2,4025.0,309,2,4025.4,175,1,4025.5,30,2
11483,2026-07-02 13:00:08+05:30,4024.5,1,4038.85,1289143,146903.0,168475.0,4100.0,4110.0,4012.0,4092.6,25065425,4501.8,3683.4,4440.0,3288.1,4024.5,55,2,4024.4,22,1,4024.1,42,1,4023.8,1,1,4023.5,24,1,4024.7,2,2,4024.9,16,2,4025.0,309,2,4025.4,175,1,4025.5,30,2
11483,2026-07-02 13:00:08+05:30,4024.5,1,4038.85,1289143,146903.0,168475.0,4100.0,4110.0,4012.0,4092.6,25065425,4501.8,3683.4,4440.0,3288.1,4024.5,55,2,4024.4,22,1,4024.1,42,1,4023.8,1,1,4023.5,24,1,4024.7,2,2,4024.9,16,2,4025.0,309,2,4025.4,175,1,4025.5,30,2
11483,2026-07-02 13:00:08+05:30,4024.5,1,4038.85,1289144,146902.0,168475.0,4100.0,4110.0,4012.0,4092.6,25065425,4501.8,3683.4,4440.0,3288.1,4024.5,54,2,4024.4,22,1,4024.1,42,1,4023.8,1,1,4023.5,24,1,4024.7,2,2,4024.9,16,2,4025.0,309,2,4025.4,175,1,4025.5,30,2
11483,2026-07-02 13:00:09+05:30,4024.5,1,4038.85,1289144,146902.0,168475.0,4100.0,4110.0,4012.0,4092.6,25065425,4501.8,3683.4,4440.0,3288.1,4024.5,54,2,4024.4,22,1,4024.1,42,1,4023.8,1,1,4023.5,24,1,4024.7,2,2,4024.9,16,2,4025.0,309,2,4025.4,175,1,4025.5,30,2
11483,2026-07-02 13:00:09+05:30,4024.7,1,4038.85,1289144,146902.0,168475.0,4100.0,4110.0,4012.0,4092.6,25065425,4501.8,3683.4,4440.0,3288.1,4024.5,54,2,4024.4,22,1,4024.1,42,1,4023.8,1,1,4023.5,24,1,4024.7,2,2,4024.9,16,2,4025.0,309,2,4025.4,175,1,4025.5,30,2
11483,2026-07-02 13:00:09+05:30,4024.7,1,4038.85,1289144,146902.0,168475.0,4100.0,4110.0,4012.0,4092.6,25065425,4501.8,3683.4,4440.0,3288.1,4024.5,54,2,4024.4,22,1,4024.1,42,1,4023.8,1,1,4023.5,24,1,4024.7,2,2,4024.9,16,2,4025.0,309,2,4025.4,175,1,4025.5,30,2
11483,2026-07-02 13:00:09+05:30,4024.7,1,4038.85,1289146,146845.0,168557.0,4100.0,4110.0,4012.0,4092.6,25065425,4501.8,3683.4,4440.0,3288.1,4024.5,54,2,4024.4,22,1,4024.1,42,1,4023.8,1,1,4023.4,22,1,4024.7,2,2,4024.9,16,2,4025.0,309,2,4025.4,188,2,4025.5,35,3
11483,2026-07-02 13:00:09+05:30,4024.7,1,4038.85,1289146,146845.0,168557.0,4100.0,4110.0,4012.0,4092.6,25065425,4501.8,3683.4,4440.0,3288.1,4024.5,54,2,4024.4,22,1,4024.1,42,1,4023.8,1,1,4023.4,22,1,4024.7,2,2,4024.9,16,2,4025.0,309,2,4025.4,188,2,4025.5,35,3
11483,2026-07-02 13:00:10+05:30,4023.4,66,4038.85,1289246,146217.0,168592.0,4100.0,4110.0,4012.0,4092.6,25065425,4501.8,3683.4,4440.0,3288.1,4023.3,42,2,4023.2,186,4,4023.1,19,1,4023.0,177,4,4022.9,62,3,4024.7,2,2,4024.9,53,3,4025.0,189,2,4025.3,3,1,4025.4,201,3
11483,2026-07-02 13:00:11+05:30,4023.3,12,4038.85,1289246,146217.0,168592.0,4100.0,4110.0,4012.0,4092.6,25065425,4501.8,3683.4,4440.0,3288.1,4023.3,42,2,4023.2,186,4,4023.1,19,1,4023.0,177,4,4022.9,62,3,4024.7,2,2,4024.9,53,3,4025.0,189,2,4025.3,3,1,4025.4,201,3
11483,2026-07-02 13:00:11+05:30,4022.6,154,4038.83,1290331,146949.0,168844.0,4100.0,4110.0,4012.0,4092.6,25065425,4501.8,3683.4,4440.0,3288.1,4023.2,38,1,4023.1,24,3,4023.0,61,2,4022.9,82,1,4022.8,167,3,4024.6,19,1,4024.7,6,4,4024.8,3,1,4024.9,63,4,4025.0,183,2
11483,2026-07-02 13:00:12+05:30,4024.9,56,4038.83,1290331,146949.0,168844.0,4100.0,4110.0,4012.0,4092.6,25065425,4501.8,3683.4,4440.0,3288.1,4023.2,38,1,4023.1,24,3,4023.0,61,2,4022.9,82,1,4022.8,167,3,4024.6,19,1,4024.7,6,4,4024.8,3,1,4024.9,63,4,4025.0,183,2
11483,2026-07-02 13:00:12+05:30,4024.9,56,4038.83,1290598,146642.0,169417.0,4100.0,4110.0,4012.0,4092.6,25065425,4501.8,3683.4,4440.0,3288.1,4023.4,38,1,4023.3,56,3,4023.2,24,1,4023.1,62,3,4023.0,68,3,4024.6,6,1,4024.9,146,4,4025.1,12,1,4025.2,175,1,4025.3,177,2
11483,2026-07-02 13:00:13+05:30,4023.4,32,4038.83,1290598,146642.0,169417.0,4100.0,4110.0,4012.0,4092.6,25065425,4501.8,3683.4,4440.0,3288.1,4023.4,38,1,4023.3,56,3,4023.2,24,1,4023.1,62,3,4023.0,68,3,4024.6,6,1,4024.9,146,4,4025.1,12,1,4025.2,175,1,4025.3,177,2
11483,2026-07-02 13:00:13+05:30,4023.4,32,4038.83,1290630,146591.0,169416.0,4100.0,4110.0,4012.0,4092.6,25065425,4501.8,3683.4,4440.0,3288.1,4023.4,20,3,4023.3,20,1,4023.1,90,3,4023.0,68,3,4022.9,17,1,4024.5,2,1,4024.6,6,1,4024.9,146,4,4025.1,12,1,4025.2,34,1
11483,2026-07-02 13:00:14+05:30,4024.9,15,4038.83,1290630,146591.0,169416.0,4100.0,4110.0,4012.0,4092.6,25065425,4501.8,3683.4,4440.0,3288.1,4023.4,20,3,4023.3,20,1,4023.1,90,3,4023.0,68,3,4022.9,17,1,4024.5,2,1,4024.6,6,1,4024.9,146,4,4025.1,12,1,4025.2,34,1
11483,2026-07-02 13:00:14+05:30,4024.9,15,4038.83,1290866,147011.0,169513.0,4100.0,4110.0,4012.0,4092.6,25065425,4501.8,3683.4,4440.0,3288.1,4024.0,1,1,4023.4,6,1,4023.1,13,1,4023.0,50,1,4022.9,29,1,4024.5,18,1,4024.6,12,1,4024.7,21,2,4024.8,38,4,4024.9,198,4
11483,2026-07-02 13:00:15+05:30,4024.0,12,4038.83,1290866,147011.0,169513.0,4100.0,4110.0,4012.0,4092.6,25065425,4501.8,3683.4,4440.0,3288.1,4024.0,1,1,4023.4,6,1,4023.1,13,1,4023.0,50,1,4022.9,29,1,4024.5,18,1,4024.6,12,1,4024.7,21,2,4024.8,38,4,4024.9,198,4
11483,2026-07-02 13:00:15+05:30,4024.0,3,4038.83,1290884,147034.0,169301.0,4100.0,4110.0,4012.0,4092.6,25065425,4501.8,3683.4,4440.0,3288.1,4023.4,6,1,4023.0,50,1,4022.9,29,1,4022.8,57,2,4022.7,66,4,4024.0,3,1,4024.5,20,2,4024.7,24,3,4024.8,35,3,4024.9,232,5
11483,2026-07-02 13:00:16+05:30,4023.4,2,4038.83,1290884,147034.0,169301.0,4100.0,4110.0,4012.0,4092.6,25065425,4501.8,3683.4,4440.0,3288.1,4023.4,6,1,4023.0,50,1,4022.9,29,1,4022.8,57,2,4022.7,66,4,4024.0,3,1,4024.5,20,2,4024.7,24,3,4024.8,35,3,4024.9,232,5
11483,2026-07-02 13:00:16+05:30,4023.4,6,4038.82,1291052,147257.0,169468.0,4100.0,4110.0,4012.0,4092.6,25065425,4501.8,3683.4,4440.0,3288.1,4023.4,13,2,4023.0,50,1,4022.9,42,2,4022.8,57,2,4022.7,100,6,4024.7,11,1,4024.8,48,3,4024.9,163,3,4025.0,14,2,4025.1,64,3
11483,2026-07-02 13:00:17+05:30,4023.4,7,4038.82,1291052,147257.0,169468.0,4100.0,4110.0,4012.0,4092.6,25065425,4501.8,3683.4,4440.0,3288.1,4023.4,13,2,4023.0,50,1,4022.9,42,2,4022.8,57,2,4022.7,100,6,4024.7,11,1,4024.8,48,3,4024.9,163,3,4025.0,14,2,4025.1,64,3
11483,2026-07-02 13:00:17+05:30,4023.4,7,4038.82,1291072,147254.0,169477.0,4100.0,4110.0,4012.0,4092.6,25065425,4501.8,3683.4,4440.0,3288.1,4023.4,9,2,4023.0,50,1,4022.9,42,2,4022.8,57,2,4022.7,100,6,4024.6,1,1,4024.7,14,2,4024.8,62,4,4024.9,163,3,4025.0,14,2
11483,2026-07-02 13:00:18+05:30,4023.0,1,4038.82,1291072,147254.0,169477.0,4100.0,4110.0,4012.0,4092.6,25065425,4501.8,3683.4,4440.0,3288.1,4023.4,9,2,4023.0,50,1,4022.9,42,2,4022.8,57,2,4022.7,100,6,4024.6,1,1,4024.7,14,2,4024.8,62,4,4024.9,163,3,4025.0,14,2
11483,2026-07-02 13:00:18+05:30,4023.0,1,4038.82,1291088,147333.0,169284.0,4100.0,4110.0,4012.0,4092.6,25065425,4501.8,3683.4,4440.0,3288.1,4022.9,19,1,4022.8,69,3,4022.7,72,5,4022.6,169,4,4022.5,71,6,4024.4,11,1,4024.5,6,2,4024.6,12,3,4024.7,14,2,4024.8,55,5
11483,2026-07-02 13:00:19+05:30,4022.9,2,4038.82,1291088,147333.0,169284.0,4100.0,4110.0,4012.0,4092.6,25065425,4501.8,3683.4,4440.0,3288.1,4022.9,19,1,4022.8,69,3,4022.7,72,5,4022.6,169,4,4022.5,71,6,4024.4,11,1,4024.5,6,2,4024.6,12,3,4024.7,14,2,4024.8,55,5
11483,2026-07-02 13:00:19+05:30,4022.9,2,4038.82,1291090,147334.0,169291.0,4100.0,4110.0,4012.0,4092.6,25065425,4501.8,3683.4,4440.0,3288.1,4022.9,17,1,4022.8,69,3,4022.7,72,5,4022.6,172,5,4022.5,69,5,4024.4,11,1,4024.5,6,2,4024.6,13,4,4024.7,14,2,4024.8,61,6
11483,2026-07-02 13:00:20+05:30,4022.9,1,4038.82,1291090,147334.0,169291.0,4100.0,4110.0,4012.0,4092.6,25065425,4501.8,3683.4,4440.0,3288.1,4022.9,17,1,4022.8,69,3,4022.7,72,5,4022.6,172,5,4022.5,69,5,4024.4,11,1,4024.5,6,2,4024.6,13,4,4024.7,14,2,4024.8,61,6
11483,2026-07-02 13:00:20+05:30,4022.9,1,4038.82,1291091,147345.0,169297.0,4100.0,4110.0,4012.0,4092.6,25065425,4501.8,3683.4,4440.0,3288.1,4022.9,40,3,4022.8,57,2,4022.7,72,5,4022.6,172,5,4022.5,69,5,4024.4,16,3,4024.5,6,2,4024.6,13,4,4024.7,14,2,4024.8,61,6
11483,2026-07-02 13:00:21+05:30,4022.9,1,4038.82,1291091,147355.0,169342.0,4100.0,4110.0,4012.0,4092.6,25065425,4501.8,3683.4,4440.0,3288.1,4022.9,40,3,4022.8,57,2,4022.7,67,4,4022.6,172,5,4022.5,66,4,4024.4,17,4,4024.5,16,3,4024.6,13,4,4024.7,14,2,4024.8,61,6
11483,2026-07-02 13:00:22+05:30,4022.8,118,4038.82,1291091,147355.0,169342.0,4100.0,4110.0,4012.0,4092.6,25065425,4501.8,3683.4,4440.0,3288.1,4022.9,40,3,4022.8,57,2,4022.7,67,4,4022.6,172,5,4022.5,66,4,4024.4,17,4,4024.5,16,3,4024.6,13,4,4024.7,14,2,4024.8,61,6
11483,2026-07-02 13:00:22+05:30,4024.5,1,4038.8,1293267,147007.0,169111.0,4100.0,4110.0,4012.0,4092.6,25065425,4501.8,3683.4,4440.0,3288.1,4023.1,11,1,4023.0,10,1,4022.8,92,4,4022.7,8,1,4022.6,81,4,4024.5,174,1,4024.6,1,1,4024.7,22,2,4024.8,14,2,4024.9,17,3
11483,2026-07-02 13:00:23+05:30,4025.0,132,4038.8,1293267,147007.0,169111.0,4100.0,4110.0,4012.0,4092.6,25065425,4501.8,3683.4,4440.0,3288.1,4023.1,11,1,4023.0,10,1,4022.8,92,4,4022.7,8,1,4022.6,81,4,4024.5,174,1,4024.6,1,1,4024.7,22,2,4024.8,14,2,4024.9,17,3
11483,2026-07-02 13:00:24+05:30,4024.9,1,4038.79,1293880,148101.0,168270.0,4100.0,4110.0,4012.0,4092.6,25065425,4501.8,3683.4,4440.0,3288.1,4023.7,29,5,4023.6,97,5,4023.5,111,5,4023.4,125,5,4023.3,55,6,4024.9,10,1,4025.4,12,1,4025.5,167,4,4025.7,186,2,4025.8,14,2
11483,2026-07-02 13:00:24+05:30,4023.7,1,4038.79,1293880,148101.0,168270.0,4100.0,4110.0,4012.0,4092.6,25065425,4501.8,3683.4,4440.0,3288.1,4023.7,29,5,4023.6,97,5,4023.5,111,5,4023.4,125,5,4023.3,55,6,4024.9,10,1,4025.4,12,1,4025.5,167,4,4025.7,186,2,4025.8,14,2
11483,2026-07-02 13:00:25+05:30,4023.7,1,4038.79,1293954,147841.0,168787.0,4100.0,4110.0,4012.0,4092.6,25065425,4501.8,3683.4,4440.0,3288.1,4023.7,5,1,4023.6,7,1,4023.5,5,1,4023.4,14,2,4023.3,46,5,4024.8,174,1,4024.9,24,2,4025.3,53,3,4025.4,101,4,4025.5,380,6
11483,2026-07-02 13:00:25+05:30,4023.7,3,4038.79,1293954,147841.0,168787.0,4100.0,4110.0,4012.0,4092.6,25065425,4501.8,3683.4,4440.0,3288.1,4023.7,5,1,4023.6,7,1,4023.5,5,1,4023.4,14,2,4023.3,46,5,4024.8,174,1,4024.9,24,2,4025.3,53,3,4025.4,101,4,4025.5,380,6
11483,2026-07-02 13:00:26+05:30,4024.6,7,4038.79,1293969,148114.0,168675.0,4100.0,4110.0,4012.0,4092.6,25065425,4501.8,3683.4,4440.0,3288.1,4023.8,5,1,4023.3,20,2,4023.2,130,4,4023.1,35,4,4023.0,57,3,4024.6,167,1,4024.7,4,1,4024.8,14,1,4024.9,10,1,4025.1,16,2
11483,2026-07-02 13:00:26+05:30,4023.8,2,4038.79,1293969,148114.0,168675.0,4100.0,4110.0,4012.0,4092.6,25065425,4501.8,3683.4,4440.0,3288.1,4023.8,5,1,4023.3,20,2,4023.2,130,4,4023.1,35,4,4023.0,57,3,4024.6,167,1,4024.7,4,1,4024.8,14,1,4024.9,10,1,4025.1,16,2
11483,2026-07-02 13:00:27+05:30,4023.8,2,4038.79,1293971,148101.0,168567.0,4100.0,4110.0,4012.0,4092.6,25065425,4501.8,3683.4,4440.0,3288.1,4023.8,3,1,4023.3,20,2,4023.2,100,3,4023.1,35,4,4023.0,57,3,4024.6,175,2,4024.7,4,1,4024.8,14,1,4024.9,10,1,4025.1,16,2
11483,2026-07-02 13:00:28+05:30,4024.6,74,4038.79,1294046,148289.0,168953.0,4100.0,4110.0,4012.0,4092.6,25065425,4501.8,3683.4,4440.0,3288.1,4023.5,4,2,4023.4,25,3,4023.3,27,3,4023.2,100,3,4023.1,83,5,4024.6,101,2,4024.7,4,1,4024.9,10,1,4025.0,500,1,4025.1,14,2
11483,2026-07-02 13:00:28+05:30,4023.5,5,4038.79,1294046,148289.0,168953.0,4100.0,4110.0,4012.0,4092.6,25065425,4501.8,3683.4,4440.0,3288.1,4023.5,4,2,4023.4,25,3,4023.3,27,3,4023.2,100,3,4023.1,83,5,4024.6,101,2,4024.7,4,1,4024.9,10,1,4025.0,500,1,4025.1,14,2
11483,2026-07-02 13:00:29+05:30,4024.6,8,4038.79,1294113,148199.0,168879.0,4100.0,4110.0,4012.0,4092.6,25065425,4501.8,3683.4,4440.0,3288.1,4023.5,65,5,4023.4,11,3,4023.3,21,3,4023.2,42,3,4023.1,75,4,4024.6,93,2,4024.7,4,1,4024.9,14,2,4025.0,500,1,4025.1,14,2
11483,2026-07-02 13:00:29+05:30,4023.5,9,4038.79,1294113,148199.0,168879.0,4100.0,4110.0,4012.0,4092.6,25065425,4501.8,3683.4,4440.0,3288.1,4023.5,65,5,4023.4,11,3,4023.3,21,3,4023.2,42,3,4023.1,75,4,4024.6,93,2,4024.7,4,1,4024.9,14,2,4025.0,500,1,4025.1,14,2
11483,2026-07-02 13:00:30+05:30,4024.6,1,4038.79,1294123,148159.0,168880.0,4100.0,4110.0,4012.0,4092.6,25065425,4501.8,3683.4,4440.0,3288.1,4023.5,53,4,4023.4,11,3,4023.3,21,3,4023.2,42,3,4023.1,75,4,4024.6,94,3,4024.7,4,1,4024.9,14,2,4025.0,500,1,4025.1,14,2
11483,2026-07-02 13:00:30+05:30,4023.5,1,4038.79,1294123,148159.0,168880.0,4100.0,4110.0,4012.0,4092.6,25065425,4501.8,3683.4,4440.0,3288.1,4023.5,53,4,4023.4,11,3,4023.3,21,3,4023.2,42,3,4023.1,75,4,4024.6,94,3,4024.7,4,1,4024.9,14,2,4025.0,500,1,4025.1,14,2
11483,2026-07-02 13:00:31+05:30,4023.5,1,4038.79,1294124,148567.0,168866.0,4100.0,4110.0,4012.0,4092.6,25065425,4501.8,3683.4,4440.0,3288.1,4024.0,23,5,4023.9,37,1,4023.8,87,2,4023.7,51,1,4023.6,49,2,4024.6,10,2,4024.7,4,1,4024.8,84,1,4024.9,14,2,4025.0,500,1
11483,2026-07-02 13:00:32+05:30,4023.5,1,4038.79,1294124,148945.0,168374.0,4100.0,4110.0,4012.0,4092.6,25065425,4501.8,3683.4,4440.0,3288.1,4024.0,17,4,4023.9,37,1,4023.8,87,2,4023.7,51,1,4023.6,41,1,4024.6,10,2,4024.7,4,1,4024.9,14,2,4025.0,500,1,4025.4,12,1
11483,2026-07-02 13:00:33+05:30,4023.5,1,4038.79,1294124,148733.0,169068.0,4100.0,4110.0,4012.0,4092.6,25065425,4501.8,3683.4,4440.0,3288.1,4024.0,2,2,4023.5,104,2,4023.4,6,2,4023.3,118,3,4023.2,81,3,4024.6,10,2,4024.7,4,1,4024.8,84,1,4024.9,14,2,4025.0,504,2
11483,2026-07-02 13:00:34+05:30,4023.5,1,4038.79,1294124,148940.0,169069.0,4100.0,4110.0,4012.0,4092.6,25065425,4501.8,3683.4,4440.0,3288.1,4024.3,1,1,4024.0,2,2,4023.5,104,2,4023.4,6,2,4023.3,118,3,4024.6,10,2,4024.7,4,1,4024.8,88,2,4024.9,14,2,4025.0,504,2
11483,2026-07-02 13:00:35+05:30,4023.5,1,4038.79,1294124,148904.0,169069.0,4100.0,4110.0,4012.0,4092.6,25065425,4501.8,3683.4,4440.0,3288.1,4024.3,1,1,4024.0,2,2,4023.6,27,1,4023.5,104,2,4023.4,6,2,4024.6,10,2,4024.7,4,1,4024.8,88,2,4024.9,14,2,4025.0,504,2
11483,2026-07-02 13:00:36+05:30,4024.6,2,4038.79,1294124,148904.0,169069.0,4100.0,4110.0,4012.0,4092.6,25065425,4501.8,3683.4,4440.0,3288.1,4024.3,1,1,4024.0,2,2,4023.6,27,1,4023.5,104,2,4023.4,6,2,4024.6,10,2,4024.7,4,1,4024.8,88,2,4024.9,14,2,4025.0,504,2
11483,2026-07-02 13:00:36+05:30,4024.6,2,4038.79,1294134,148859.0,169018.0,4100.0,4110.0,4012.0,4092.6,25065425,4501.8,3683.4,4440.0,3288.1,4024.3,1,1,4024.0,2,2,4023.6,27,1,4023.5,104,2,4023.4,6,2,4024.7,4,1,4024.8,88,2,4024.9,14,2,4025.0,504,2,4025.3,2,1
11483,2026-07-02 13:00:37+05:30,4024.7,15,4038.79,1294134,148859.0,169018.0,4100.0,4110.0,4012.0,4092.6,25065425,4501.8,3683.4,4440.0,3288.1,4024.3,1,1,4024.0,2,2,4023.6,27,1,4023.5,104,2,4023.4,6,2,4024.7,4,1,4024.8,88,2,4024.9,14,2,4025.0,504,2,4025.3,2,1
11483,2026-07-02 13:00:37+05:30,4024.7,15,4038.79,1294150,148854.0,168847.0,4100.0,4110.0,4012.0,4092.6,25065425,4501.8,3683.4,4440.0,3288.1,4024.3,2,1,4024.0,11,3,4023.6,21,1,4023.5,104,2,4023.4,40,3,4024.7,4,1,4024.8,88,2,4024.9,14,2,4025.0,504,2,4025.3,2,1
11483,2026-07-02 13:00:38+05:30,4024.3,2,4038.79,1294150,148854.0,168847.0,4100.0,4110.0,4012.0,4092.6,25065425,4501.8,3683.4,4440.0,3288.1,4024.3,2,1,4024.0,11,3,4023.6,21,1,4023.5,104,2,4023.4,40,3,4024.7,4,1,4024.8,88,2,4024.9,14,2,4025.0,504,2,4025.3,2,1
11483,2026-07-02 13:00:38+05:30,4024.3,2,4038.79,1294152,148789.0,168895.0,4100.0,4110.0,4012.0,4092.6,25065425,4501.8,3683.4,4440.0,3288.1,4024.3,2,1,4024.0,50,4,4023.6,21,1,4023.5,104,2,4023.4,40,3,4024.7,6,2,4024.8,88,2,4024.9,14,2,4025.0,554,3,4025.3,2,1
11483,2026-07-02 13:00:39+05:30,4024.7,1,4038.79,1294152,148789.0,168895.0,4100.0,4110.0,4012.0,4092.6,25065425,4501.8,3683.4,4440.0,3288.1,4024.3,2,1,4024.0,50,4,4023.6,21,1,4023.5,104,2,4023.4,40,3,4024.7,6,2,4024.8,88,2,4024.9,14,2,4025.0,554,3,4025.3,2,1
11483,2026-07-02 13:00:39+05:30,4024.7,1,4038.79,1294155,148940.0,168864.0,4100.0,4110.0,4012.0,4092.6,25065425,4501.8,3683.4,4440.0,3288.1,4024.3,2,1,4024.0,114,6,4023.9,46,1,4023.6,60,2,4023.5,104,2,4024.7,3,2,4024.8,88,2,4024.9,14,2,4025.0,554,3,4025.3,2,1
11483,2026-07-02 13:00:40+05:30,4024.3,1,4038.79,1294155,148940.0,168864.0,4100.0,4110.0,4012.0,4092.6,25065425,4501.8,3683.4,4440.0,3288.1,4024.3,2,1,4024.0,114,6,4023.9,46,1,4023.6,60,2,4023.5,104,2,4024.7,3,2,4024.8,88,2,4024.9,14,2,4025.0,554,3,4025.3,2,1
11483,2026-07-02 13:00:40+05:30,4024.7,2,4038.79,1294162,149446.0,168914.0,4100.0,4110.0,4012.0,4092.6,25065425,4501.8,3683.4,4440.0,3288.1,4024.3,2,1,4024.0,23,2,4023.6,30,1,4023.5,104,2,4023.4,6,2,4024.7,2,1,4024.8,88,2,4024.9,14,2,4025.0,581,4,4025.2,3,1
11483,2026-07-02 13:00:41+05:30,4024.7,4,4038.79,1294162,149446.0,168914.0,4100.0,4110.0,4012.0,4092.6,25065425,4501.8,3683.4,4440.0,3288.1,4024.3,2,1,4024.0,23,2,4023.6,30,1,4023.5,104,2,4023.4,6,2,4024.7,2,1,4024.8,88,2,4024.9,14,2,4025.0,581,4,4025.2,3,1
11483,2026-07-02 13:00:41+05:30,4024.7,4,4038.79,1294167,149450.0,168836.0,4100.0,4110.0,4012.0,4092.6,25065425,4501.8,3683.4,4440.0,3288.1,4024.3,1,1,4024.0,23,2,4023.6,30,1,4023.5,105,3,4023.4,6,2,4024.7,4,1,4024.8,88,2,4024.9,14,2,4025.0,581,4,4025.2,3,1
11483,2026-07-02 13:00:42+05:30,4024.7,4,4038.79,1294167,149159.0,168688.0,4100.0,4110.0,4012.0,4092.6,25065425,4501.8,3683.4,4440.0,3288.1,4024.1,1,1,4024.0,23,2,4023.6,30,1,4023.5,105,3,4023.4,6,2,4024.7,4,1,4024.8,88,2,4024.9,14,2,4025.0,581,4,4025.2,3,1
11483,2026-07-02 13:00:43+05:30,4024.7,4,4038.79,1294167,149164.0,168688.0,4100.0,4110.0,4012.0,4092.6,25065425,4501.8,3683.4,4440.0,3288.1,4024.1,1,1,4024.0,23,2,4023.6,30,1,4023.5,105,3,4023.4,6,2,4024.6,10,1,4024.7,4,1,4024.8,88,2,4024.9,4,1,4025.0,581,4
11483,2026-07-02 13:00:44+05:30,4024.7,4,4038.79,1294167,149134.0,168702.0,4100.0,4110.0,4012.0,4092.6,25065425,4501.8,3683.4,4440.0,3288.1,4024.1,1,1,4024.0,23,2,4023.5,105,3,4023.4,6,2,4023.3,116,3,4024.6,10,1,4024.7,4,1,4024.8,88,2,4024.9,4,1,4025.0,661,5
11483,2026-07-02 13:00:45+05:30,4024.6,3,4038.79,1294167,149134.0,168702.0,4100.0,4110.0,4012.0,4092.6,25065425,4501.8,3683.4,4440.0,3288.1,4024.1,1,1,4024.0,23,2,4023.5,105,3,4023.4,6,2,4023.3,116,3,4024.6,10,1,4024.7,4,1,4024.8,88,2,4024.9,4,1,4025.0,661,5
11483,2026-07-02 13:00:45+05:30,4024.6,4,4038.79,1294177,149179.0,168707.0,4100.0,4110.0,4012.0,4092.6,25065425,4501.8,3683.4,4440.0,3288.1,4024.1,1,1,4024.0,23,2,4023.5,105,3,4023.4,6,2,4023.3,116,3,4024.6,12,1,4024.7,4,1,4024.8,88,2,4024.9,4,1,4025.0,661,5
11483,2026-07-02 13:00:46+05:30,4024.6,7,4038.79,1294177,149179.0,168707.0,4100.0,4110.0,4012.0,4092.6,25065425,4501.8,3683.4,4440.0,3288.1,4024.1,1,1,4024.0,23,2,4023.5,105,3,4023.4,6,2,4023.3,116,3,4024.6,12,1,4024.7,4,1,4024.8,88,2,4024.9,4,1,4025.0,661,5
11483,2026-07-02 13:00:46+05:30,4024.6,7,4038.79,1294197,149209.0,168907.0,4100.0,4110.0,4012.0,4092.6,25065425,4501.8,3683.4,4440.0,3288.1,4024.0,9,1,4023.5,64,2,4023.4,40,3,4023.3,116,3,4023.2,90,2,4024.6,5,2,4024.7,4,1,4024.8,88,2,4024.9,4,1,4025.0,687,7
11483,2026-07-02 13:00:47+05:30,4024.6,1,4038.79,1294197,149209.0,168907.0,4100.0,4110.0,4012.0,4092.6,25065425,4501.8,3683.4,4440.0,3288.1,4024.0,9,1,4023.5,64,2,4023.4,40,3,4023.3,116,3,4023.2,90,2,4024.6,5,2,4024.7,4,1,4024.8,88,2,4024.9,4,1,4025.0,687,7
11483,2026-07-02 13:00:47+05:30,4024.6,1,4038.79,1294201,149057.0,168779.0,4100.0,4110.0,4012.0,4092.6,25065425,4501.8,3683.4,4440.0,3288.1,4024.0,6,1,4023.5,1,1,4023.4,3,1,4023.3,3,1,4023.2,90,2,4024.6,4,2,4024.7,4,1,4024.8,88,2,4024.9,4,1,4025.0,687,7
11483,2026-07-02 13:00:48+05:30,4024.6,1,4038.79,1294201,149049.0,168782.0,4100.0,4110.0,4012.0,4092.6,25065425,4501.8,3683.4,4440.0,3288.1,4024.0,6,1,4023.5,1,1,4023.3,3,1,4023.2,90,2,4023.1,131,6,4024.5,1,1,4024.6,4,2,4024.7,30,1,4024.8,88,2,4024.9,4,1
11483,2026-07-02 13:00:49+05:30,4024.6,1,4038.79,1294201,149128.0,168783.0,4100.0,4110.0,4012.0,4092.6,25065425,4501.8,3683.4,4440.0,3288.1,4024.3,1,1,4024.0,6,1,4023.5,1,1,4023.3,3,1,4023.2,90,2,4024.5,1,1,4024.6,4,2,4024.7,30,1,4024.8,88,2,4024.9,4,1
11483,2026-07-02 13:00:50+05:30,4024.6,1,4038.79,1294201,149165.0,168771.0,4100.0,4110.0,4012.0,4092.6,25065425,4501.8,3683.4,4440.0,3288.1,4024.3,1,1,4024.0,6,1,4023.5,1,1,4023.3,41,2,4023.2,90,2,4024.5,2,2,4024.6,2,1,4024.7,30,1,4024.8,88,2,4024.9,4,1
11483,2026-07-02 13:00:51+05:30,4024.5,1,4038.79,1294202,149151.0,168771.0,4100.0,4110.0,4012.0,4092.6,25065425,4501.8,3683.4,4440.0,3288.1,4024.3,1,1,4024.0,6,1,4023.3,41,2,4023.2,90,2,4023.1,126,5,4024.5,2,2,4024.6,2,1,4024.7,30,1,4024.8,88,2,4024.9,4,1
11483,2026-07-02 13:00:52+05:30,4024.5,1,4038.79,1294202,149151.0,168771.0,4100.0,4110.0,4012.0,4092.6,25065425,4501.8,3683.4,4440.0,3288.1,4024.3,1,1,4024.0,6,1,4023.3,41,2,4023.2,90,2,4023.1,126,5,4024.5,2,2,4024.6,2,1,4024.7,30,1,4024.8,88,2,4024.9,4,1
11483,2026-07-02 13:00:52+05:30,4024.5,1,4038.79,1294202,149136.0,168772.0,4100.0,4110.0,4012.0,4092.6,25065425,4501.8,3683.4,4440.0,3288.1,4024.3,1,1,4024.0,6,1,4023.3,41,2,4023.2,90,2,4023.1,126,5,4024.5,2,2,4024.6,2,1,4024.7,30,1,4024.8,88,2,4024.9,4,1
11483,2026-07-02 13:00:53+05:30,4024.5,1,4038.79,1294202,149144.0,168772.0,4100.0,4110.0,4012.0,4092.6,25065425,4501.8,3683.4,4440.0,3288.1,4024.3,1,1,4024.0,6,1,4023.3,41,2,4023.2,90,2,4023.1,126,5,4024.5,2,2,4024.6,2,1,4024.7,30,1,4024.8,88,2,4024.9,4,1
11483,2026-07-02 13:00:54+05:30,4024.0,13,4038.79,1294202,149144.0,168772.0,4100.0,4110.0,4012.0,4092.6,25065425,4501.8,3683.4,4440.0,3288.1,4024.3,1,1,4024.0,6,1,4023.3,41,2,4023.2,90,2,4023.1,126,5,4024.5,2,2,4024.6,2,1,4024.7,30,1,4024.8,88,2,4024.9,4,1
11483,2026-07-02 13:00:54+05:30,4024.0,13,4038.79,1294219,149057.0,168941.0,4100.0,4110.0,4012.0,4092.6,25065425,4501.8,3683.4,4440.0,3288.1,4024.0,9,1,4023.3,42,2,4023.2,124,3,4023.1,124,5,4023.0,76,4,4024.5,2,2,4024.6,2,1,4024.7,31,2,4024.8,88,2,4024.9,4,1
11483,2026-07-02 13:00:55+05:30,4024.5,1,4038.79,1294219,149057.0,168941.0,4100.0,4110.0,4012.0,4092.6,25065425,4501.8,3683.4,4440.0,3288.1,4024.0,9,1,4023.3,42,2,4023.2,124,3,4023.1,124,5,4023.0,76,4,4024.5,2,2,4024.6,2,1,4024.7,31,2,4024.8,88,2,4024.9,4,1
11483,2026-07-02 13:00:55+05:30,4024.5,1,4038.79,1294272,148559.0,168933.0,4100.0,4110.0,4012.0,4092.6,25065425,4501.8,3683.4,4440.0,3288.1,4024.1,8,1,4024.0,7,1,4023.3,18,3,4023.2,124,3,4023.1,67,3,4024.5,2,2,4024.6,2,1,4024.7,31,2,4024.8,88,2,4024.9,4,1
11483,2026-07-02 13:00:56+05:30,4024.1,7,4038.79,1294272,148559.0,168933.0,4100.0,4110.0,4012.0,4092.6,25065425,4501.8,3683.4,4440.0,3288.1,4024.1,8,1,4024.0,7,1,4023.3,18,3,4023.2,124,3,4023.1,67,3,4024.5,2,2,4024.6,2,1,4024.7,31,2,4024.8,88,2,4024.9,4,1
11483,2026-07-02 13:00:56+05:30,4024.1,7,4038.79,1294279,150419.0,168883.0,4100.0,4110.0,4012.0,4092.6,25065425,4501.8,3683.4,4440.0,3288.1,4024.4,555,1,4024.3,325,1,4024.2,341,2,4024.1,1,1,4024.0,73,3,4024.5,2,2,4024.6,2,1,4024.7,31,2,4024.8,88,2,4024.9,4,1
11483,2026-07-02 13:00:57+05:30,4024.4,1,4038.79,1294279,150419.0,168883.0,4100.0,4110.0,4012.0,4092.6,25065425,4501.8,3683.4,4440.0,3288.1,4024.4,555,1,4024.3,325,1,4024.2,341,2,4024.1,1,1,4024.0,73,3,4024.5,2,2,4024.6,2,1,4024.7,31,2,4024.8,88,2,4024.9,4,1
11483,2026-07-02 13:00:57+05:30,4024.4,1,4038.79,1294280,149959.0,168996.0,4100.0,4110.0,4012.0,4092.6,25065425,4501.8,3683.4,4440.0,3288.1,4024.4,369,3,4024.3,325,1,4024.2,24,1,4024.1,43,2,4024.0,7,1,4024.5,102,3,4024.6,177,2,4024.7,31,2,4024.8,103,3,4024.9,4,1
11483,2026-07-02 13:00:58+05:30,4024.5,175,4038.79,1294280,149959.0,168996.0,4100.0,4110.0,4012.0,4092.6,25065425,4501.8,3683.4,4440.0,3288.1,4024.4,369,3,4024.3,325,1,4024.2,24,1,4024.1,43,2,4024.0,7,1,4024.5,102,3,4024.6,177,2,4024.7,31,2,4024.8,103,3,4024.9,4,1
11483,2026-07-02 13:00:58+05:30,4024.6,7,4038.78,1294659,150425.0,168519.0,4100.0,4110.0,4012.0,4092.6,25065425,4501.8,3683.4,4440.0,3288.1,4024.5,217,2,4024.4,356,2,4024.3,325,1,4024.1,42,1,4024.0,41,3,4024.6,168,1,4024.7,31,2,4024.8,194,3,4024.9,5,2,4025.0,671,6
11483,2026-07-02 13:00:59+05:30,4024.7,1,4038.78,1294659,150425.0,168519.0,4100.0,4110.0,4012.0,4092.6,25065425,4501.8,3683.4,4440.0,3288.1,4024.5,217,2,4024.4,356,2,4024.3,325,1,4024.1,42,1,4024.0,41,3,4024.6,168,1,4024.7,31,2,4024.8,194,3,4024.9,5,2,4025.0,671,6
11483,2026-07-02 13:00:59+05:30,4024.7,1,4038.78,1294911,150968.0,168470.0,4100.0,4110.0,4012.0,4092.6,25065425,4501.8,3683.4,4440.0,3288.1,4024.7,520,1,4024.6,7,1,4024.5,448,3,4024.4,410,6,4024.3,42,1,4024.8,19,2,4024.9,5,2,4025.0,671,6,4025.5,78,2,4025.7,5,1
11483,2026-07-02 13:01:00+05:30,4025.0,150,4038.78,1294911,150968.0,168470.0,4100.0,4110.0,4012.0,4092.6,25065425,4501.8,3683.4,4440.0,3288.1,4024.7,520,1,4024.6,7,1,4024.5,448,3,4024.4,410,6,4024.3,42,1,4024.8,19,2,4024.9,5,2,4025.0,671,6,4025.5,78,2,4025.7,5,1
11483,2026-07-02 13:01:00+05:30,4025.0,3,4038.78,1295134,150502.0,168238.0,4100.0,4110.0,4012.0,4092.6,25065425,4501.8,3683.4,4440.0,3288.1,4024.6,325,1,4024.5,185,5,4024.4,420,6,4024.3,38,1,4024.2,66,2,4025.0,516,6,4025.5,78,2,4025.8,10,1,4026.0,19,3,4026.1,19,2
11483,2026-07-02 13:01:01+05:30,4024.9,33,4038.78,1295134,150502.0,168238.0,4100.0,4110.0,4012.0,4092.6,25065425,4501.8,3683.4,4440.0,3288.1,4024.6,325,1,4024.5,185,5,4024.4,420,6,4024.3,38,1,4024.2,66,2,4025.0,516,6,4025.5,78,2,4025.8,10,1,4026.0,19,3,4026.1,19,2
11483,2026-07-02 13:01:01+05:30,4024.9,20,4038.78,1295293,150991.0,168427.0,4100.0,4110.0,4012.0,4092.6,25065425,4501.8,3683.4,4440.0,3288.1,4024.9,331,1,4024.6,344,3,4024.5,181,4,4024.4,378,5,4024.3,80,2,4025.0,528,7,4025.5,81,3,4025.8,10,1,4026.0,19,3,4026.1,19,2
11483,2026-07-02 13:01:02+05:30,4024.9,19,4038.78,1295293,150991.0,168427.0,4100.0,4110.0,4012.0,4092.6,25065425,4501.8,3683.4,4440.0,3288.1,4024.9,331,1,4024.6,344,3,4024.5,181,4,4024.4,378,5,4024.3,80,2,4025.0,528,7,4025.5,81,3,4025.8,10,1,4026.0,19,3,4026.1,19,2
11483,2026-07-02 13:01:02+05:30,4024.9,19,4038.78,1295312,151101.0,168312.0,4100.0,4110.0,4012.0,4092.6,25065425,4501.8,3683.4,4440.0,3288.1,4024.9,312,1,4024.7,2,1,4024.6,311,2,4024.5,175,4,4024.4,378,5,4025.0,534,8,4025.5,81,3,4025.8,10,1,4026.0,19,3,4026.1,19,2
11483,2026-07-02 13:01:03+05:30,4024.9,19,4038.78,1295312,151101.0,168312.0,4100.0,4110.0,4012.0,4092.6,25065425,4501.8,3683.4,4440.0,3288.1,4024.9,312,1,4024.7,2,1,4024.6,311,2,4024.5,175,4,4024.4,378,5,4025.0,534,8,4025.5,81,3,4025.8,10,1,4026.0,19,3,4026.1,19,2
11483,2026-07-02 13:01:03+05:30,4024.9,20,4038.78,1295415,150842.0,168285.0,4100.0,4110.0,4012.0,4092.6,25065425,4501.8,3683.4,4440.0,3288.1,4024.7,11,2,4024.6,340,2,4024.5,109,2,4024.4,420,6,4024.3,38,1,4024.9,20,1,4025.0,512,8,4025.5,81,3,4025.8,10,1,4026.0,19,3
11483,2026-07-02 13:01:04+05:30,4024.9,20,4038.78,1295415,150842.0,168285.0,4100.0,4110.0,4012.0,4092.6,25065425,4501.8,3683.4,4440.0,3288.1,4024.7,11,2,4024.6,340,2,4024.5,109,2,4024.4,420,6,4024.3,38,1,4024.9,20,1,4025.0,512,8,4025.5,81,3,4025.8,10,1,4026.0,19,3
11483,2026-07-02 13:01:04+05:30,4024.6,20,4038.78,1295415,150842.0,168285.0,4100.0,4110.0,4012.0,4092.6,25065425,4501.8,3683.4,4440.0,3288.1,4024.7,11,2,4024.6,340,2,4024.5,109,2,4024.4,420,6,4024.3,38,1,4024.9,20,1,4025.0,512,8,4025.5,81,3,4025.8,10,1,4026.0,19,3
11483,2026-07-02 13:01:04+05:30,4024.6,20,4038.78,1295415,150842.0,168285.0,4100.0,4110.0,4012.0,4092.6,25065425,4501.8,3683.4,4440.0,3288.1,4024.7,11,2,4024.6,340,2,4024.5,109,2,4024.4,420,6,4024.3,38,1,4024.9,20,1,4025.0,512,8,4025.5,81,3,4025.8,10,1,4026.0,19,3
11483,2026-07-02 13:01:05+05:30,4024.7,10,4038.77,1295546,150679.0,168267.0,4100.0,4110.0,4012.0,4092.6,25065425,4501.8,3683.4,4440.0,3288.1,4024.7,103,1,4024.6,194,3,4024.5,109,2,4024.4,355,3,4024.3,126,4,4024.9,2,1,4025.0,512,8,4025.5,81,3,4025.8,10,1,4026.0,50,4
11483,2026-07-02 13:01:05+05:30,4024.7,10,4038.77,1295546,150679.0,168267.0,4100.0,4110.0,4012.0,4092.6,25065425,4501.8,3683.4,4440.0,3288.1,4024.7,103,1,4024.6,194,3,4024.5,109,2,4024.4,355,3,4024.3,126,4,4024.9,2,1,4025.0,512,8,4025.5,81,3,4025.8,10,1,4026.0,50,4
11483,2026-07-02 13:01:05+05:30,4024.7,15,4038.77,1295546,150679.0,168267.0,4100.0,4110.0,4012.0,4092.6,25065425,4501.8,3683.4,4440.0,3288.1,4024.7,103,1,4024.6,194,3,4024.5,109,2,4024.4,355,3,4024.3,126,4,4024.9,2,1,4025.0,512,8,4025.5,81,3,4025.8,10,1,4026.0,50,4
11483,2026-07-02 13:01:06+05:30,4024.7,15,4038.77,1295546,150679.0,168267.0,4100.0,4110.0,4012.0,4092.6,25065425,4501.8,3683.4,4440.0,3288.1,4024.7,103,1,4024.6,194,3,4024.5,109,2,4024.4,355,3,4024.3,126,4,4024.9,2,1,4025.0,512,8,4025.5,81,3,4025.8,10,1,4026.0,50,4
11483,2026-07-02 13:01:06+05:30,4024.7,15,4038.77,1295561,150635.0,168100.0,4100.0,4110.0,4012.0,4092.6,25065425,4501.8,3683.4,4440.0,3288.1,4024.6,194,3,4024.5,109,2,4024.4,394,3,4024.3,62,2,4024.2,101,3,4024.7,40,1,4024.9,2,1,4025.0,512,8,4025.5,81,3,4025.8,10,1
11483,2026-07-02 13:01:06+05:30,4024.6,2,4038.77,1295561,150635.0,168100.0,4100.0,4110.0,4012.0,4092.6,25065425,4501.8,3683.4,4440.0,3288.1,4024.6,194,3,4024.5,109,2,4024.4,394,3,4024.3,62,2,4024.2,101,3,4024.7,40,1,4024.9,2,1,4025.0,512,8,4025.5,81,3,4025.8,10,1
11483,2026-07-02 13:01:06+05:30,4024.6,2,4038.77,1295561,150635.0,168100.0,4100.0,4110.0,4012.0,4092.6,25065425,4501.8,3683.4,4440.0,3288.1,4024.6,194,3,4024.5,109,2,4024.4,394,3,4024.3,62,2,4024.2,101,3,4024.7,40,1,4024.9,2,1,4025.0,512,8,4025.5,81,3,4025.8,10,1
11483,2026-07-02 13:01:07+05:30,4024.7,20,4038.77,1295663,150513.0,168220.0,4100.0,4110.0,4012.0,4092.6,25065425,4501.8,3683.4,4440.0,3288.1,4024.7,64,1,4024.6,122,4,4024.5,109,2,4024.4,352,2,4024.3,80,2,4024.8,20,1,4024.9,20,1,4025.0,512,8,4025.5,81,3,4025.8,10,1
11483,2026-07-02 13:01:07+05:30,4024.7,20,4038.77,1295663,150513.0,168220.0,4100.0,4110.0,4012.0,4092.6,25065425,4501.8,3683.4,4440.0,3288.1,4024.7,64,1,4024.6,122,4,4024.5,109,2,4024.4,352,2,4024.3,80,2,4024.8,20,1,4024.9,20,1,4025.0,512,8,4025.5,81,3,4025.8,10,1
11483,2026-07-02 13:01:07+05:30,4024.7,13,4038.77,1295663,150513.0,168220.0,4100.0,4110.0,4012.0,4092.6,25065425,4501.8,3683.4,4440.0,3288.1,4024.7,64,1,4024.6,122,4,4024.5,109,2,4024.4,352,2,4024.3,80,2,4024.8,20,1,4024.9,20,1,4025.0,512,8,4025.5,81,3,4025.8,10,1
11483,2026-07-02 13:01:07+05:30,4024.7,13,4038.77,1295663,150513.0,168220.0,4100.0,4110.0,4012.0,4092.6,25065425,4501.8,3683.4,4440.0,3288.1,4024.7,64,1,4024.6,122,4,4024.5,109,2,4024.4,352,2,4024.3,80,2,4024.8,20,1,4024.9,20,1,4025.0,512,8,4025.5,81,3,4025.8,10,1
11483,2026-07-02 13:01:08+05:30,4024.6,20,4038.77,1295851,150421.0,168192.0,4100.0,4110.0,4012.0,4092.6,25065425,4501.8,3683.4,4440.0,3288.1,4024.6,10,3,4024.5,109,2,4024.4,394,3,4024.3,38,1,4024.2,101,3,4024.7,4,1,4024.8,1,1,4025.0,510,8,4025.5,81,3,4025.7,7,1
11483,2026-07-02 13:01:08+05:30,4024.6,20,4038.77,1295851,150421.0,168192.0,4100.0,4110.0,4012.0,4092.6,25066825,4501.8,3683.4,4440.0,3288.1,4024.6,10,3,4024.5,109,2,4024.4,394,3,4024.3,38,1,4024.2,101,3,4024.7,4,1,4024.8,1,1,4025.0,510,8,4025.5,81,3,4025.7,7,1
11483,2026-07-02 13:01:08+05:30,4025.0,717,4038.77,1295851,150421.0,168192.0,4100.0,4110.0,4012.0,4092.6,25066825,4501.8,3683.4,4440.0,3288.1,4024.6,10,3,4024.5,109,2,4024.4,394,3,4024.3,38,1,4024.2,101,3,4024.7,4,1,4024.8,1,1,4025.0,510,8,4025.5,81,3,4025.7,7,1
11483,2026-07-02 13:01:08+05:30,4025.0,717,4038.77,1295851,150421.0,168192.0,4100.0,4110.0,4012.0,4092.6,25066825,4501.8,3683.4,4440.0,3288.1,4024.6,10,3,4024.5,109,2,4024.4,394,3,4024.3,38,1,4024.2,101,3,4024.7,4,1,4024.8,1,1,4025.0,510,8,4025.5,81,3,4025.7,7,1
11483,2026-07-02 13:01:09+05:30,4025.5,1,4038.76,1297129,150764.0,167662.0,4100.0,4110.0,4012.0,4092.6,25066825,4501.8,3683.4,4440.0,3288.1,4025.2,1,1,4025.0,230,1,4024.9,75,2,4024.8,38,1,4024.7,42,1,4025.5,80,3,4025.8,10,1,4026.0,40,5,4026.1,19,2,4026.3,259,2
11483,2026-07-02 13:01:09+05:30,4025.5,1,4038.76,1297129,150764.0,167662.0,4100.0,4110.0,4012.0,4092.6,25066825,4501.8,3683.4,4440.0,3288.1,4025.2,1,1,4025.0,230,1,4024.9,75,2,4024.8,38,1,4024.7,42,1,4025.5,80,3,4025.8,10,1,4026.0,40,5,4026.1,19,2,4026.3,259,2
11483,2026-07-02 13:01:09+05:30,4025.2,1,4038.76,1297129,150764.0,167662.0,4100.0,4110.0,4012.0,4092.6,25066825,4501.8,3683.4,4440.0,3288.1,4025.2,1,1,4025.0,230,1,4024.9,75,2,4024.8,38,1,4024.7,42,1,4025.5,80,3,4025.8,10,1,4026.0,40,5,4026.1,19,2,4026.3,259,2
11483,2026-07-02 13:01:09+05:30,4025.2,1,4038.76,1297129,150764.0,167662.0,4100.0,4110.0,4012.0,4092.6,25066825,4501.8,3683.4,4440.0,3288.1,4025.2,1,1,4025.0,230,1,4024.9,75,2,4024.8,38,1,4024.7,42,1,4025.5,80,3,4025.8,10,1,4026.0,40,5,4026.1,19,2,4026.3,259,2
11483,2026-07-02 13:01:10+05:30,4025.0,353,4038.75,1298085,150627.0,167746.0,4100.0,4110.0,4012.0,4092.6,25066825,4501.8,3683.4,4440.0,3288.1,4025.0,250,1,4024.9,40,2,4024.8,80,2,4024.7,54,2,4024.6,76,2,4025.2,15,1,4025.5,80,3,4025.8,10,1,4026.0,19,3,4026.1,14,1
11483,2026-07-02 13:01:10+05:30,4025.0,353,4038.75,1298085,150627.0,167746.0,4100.0,4110.0,4012.0,4092.6,25066825,4501.8,3683.4,4440.0,3288.1,4025.0,250,1,4024.9,40,2,4024.8,80,2,4024.7,54,2,4024.6,76,2,4025.2,15,1,4025.5,80,3,4025.8,10,1,4026.0,19,3,4026.1,14,1
11483,2026-07-02 13:01:10+05:30,4025.0,5,4038.75,1298085,150627.0,167746.0,4100.0,4110.0,4012.0,4092.6,25066825,4501.8,3683.4,4440.0,3288.1,4025.0,250,1,4024.9,40,2,4024.8,80,2,4024.7,54,2,4024.6,76,2,4025.2,15,1,4025.5,80,3,4025.8,10,1,4026.0,19,3,4026.1,14,1
11483,2026-07-02 13:01:11+05:30,4025.0,19,4038.75,1298246,150570.0,167723.0,4100.0,4110.0,4012.0,4092.6,25066825,4501.8,3683.4,4440.0,3288.1,4025.0,220,5,4024.9,16,1,4024.8,80,2,4024.7,54,2,4024.6,42,1,4025.2,16,1,4025.5,80,3,4025.8,10,1,4026.0,19,3,4026.1,14,1
11483,2026-07-02 13:01:11+05:30,4025.2,1,4038.75,1298246,150570.0,167723.0,4100.0,4110.0,4012.0,4092.6,25066825,4501.8,3683.4,4440.0,3288.1,4025.0,220,5,4024.9,16,1,4024.8,80,2,4024.7,54,2,4024.6,42,1,4025.2,16,1,4025.5,80,3,4025.8,10,1,4026.0,19,3,4026.1,14,1
11483,2026-07-02 13:01:12+05:30,4025.0,1,4038.74,1298745,156026.0,168210.0,4100.0,4110.0,4012.0,4092.6,25066825,4501.8,3683.4,4440.0,3288.1,4025.0,191,2,4024.5,10,1,4024.4,31,1,4024.3,48,1,4024.2,51,3,4025.1,20,1,4025.2,15,1,4025.5,80,3,4025.7,8,1,4025.8,10,1
11483,2026-07-02 13:01:12+05:30,4025.0,19,4038.74,1298745,156026.0,168210.0,4100.0,4110.0,4012.0,4092.6,25066825,4501.8,3683.4,4440.0,3288.1,4025.0,191,2,4024.5,10,1,4024.4,31,1,4024.3,48,1,4024.2,51,3,4025.1,20,1,4025.2,15,1,4025.5,80,3,4025.7,8,1,4025.8,10,1
11483,2026-07-02 13:01:13+05:30,4025.0,153,4038.74,1299178,149553.0,169148.0,4100.0,4110.0,4012.0,4092.6,25066825,4501.8,3683.4,4440.0,3288.1,4024.5,10,1,4024.4,31,1,4024.2,15,1,4024.0,11,2,4023.9,100,2,4025.0,182,1,4025.1,345,2,4025.2,340,2,4025.3,8,1,4025.4,44,2
11483,2026-07-02 13:01:13+05:30,4024.5,1,4038.74,1299178,149553.0,169148.0,4100.0,4110.0,4012.0,4092.6,25066825,4501.8,3683.4,4440.0,3288.1,4024.5,10,1,4024.4,31,1,4024.2,15,1,4024.0,11,2,4023.9,100,2,4025.0,182,1,4025.1,345,2,4025.2,340,2,4025.3,8,1,4025.4,44,2
11483,2026-07-02 13:01:14+05:30,4024.4,1,4038.74,1299264,149215.0,169062.0,4100.0,4110.0,4012.0,4092.6,25066825,4501.8,3683.4,4440.0,3288.1,4024.2,15,1,4024.0,12,3,4023.7,69,1,4023.6,48,1,4023.4,42,1,4024.4,127,1,4024.5,330,2,4024.6,325,1,4024.7,8,1,4024.8,42,1
11483,2026-07-02 13:01:14+05:30,4024.2,10,4038.74,1299264,149215.0,169062.0,4100.0,4110.0,4012.0,4092.6,25066825,4501.8,3683.4,4440.0,3288.1,4024.2,15,1,4024.0,12,3,4023.7,69,1,4023.6,48,1,4023.4,42,1,4024.4,127,1,4024.5,330,2,4024.6,325,1,4024.7,8,1,4024.8,42,1
11483,2026-07-02 13:01:15+05:30,4024.2,5,4038.74,1299279,148986.0,169230.0,4100.0,4110.0,4012.0,4092.6,25066825,4501.8,3683.4,4440.0,3288.1,4024.0,12,3,4023.4,53,1,4023.3,15,2,4023.2,82,1,4023.1,59,2,4024.2,122,1,4024.3,325,1,4024.4,367,3,4024.5,5,1,4024.6,42,1
11483,2026-07-02 13:01:15+05:30,4024.2,10,4038.74,1299279,148986.0,169230.0,4100.0,4110.0,4012.0,4092.6,25066825,4501.8,3683.4,4440.0,3288.1,4024.0,12,3,4023.4,53,1,4023.3,15,2,4023.2,82,1,4023.1,59,2,4024.2,122,1,4024.3,325,1,4024.4,367,3,4024.5,5,1,4024.6,42,1
11483,2026-07-02 13:01:16+05:30,4024.1,1,4038.73,1299319,149112.0,169109.0,4100.0,4110.0,4012.0,4092.6,25066825,4501.8,3683.4,4440.0,3288.1,4024.0,10,2,4023.3,15,2,4023.2,82,1,4023.1,57,1,4023.0,97,6,4024.1,297,1,4024.2,333,3,4024.3,8,1,4024.4,53,3,4024.5,5,1
11483,2026-07-02 13:01:16+05:30,4024.0,36,4038.73,1299319,149112.0,169109.0,4100.0,4110.0,4012.0,4092.6,25066825,4501.8,3683.4,4440.0,3288.1,4024.0,10,2,4023.3,15,2,4023.2,82,1,4023.1,57,1,4023.0,97,6,4024.1,297,1,4024.2,333,3,4024.3,8,1,4024.4,53,3,4024.5,5,1
11483,2026-07-02 13:01:17+05:30,4024.0,36,4038.73,1299365,149166.0,169223.0,4100.0,4110.0,4012.0,4092.6,25066825,4501.8,3683.4,4440.0,3288.1,4023.3,15,2,4023.2,82,1,4023.1,57,1,4023.0,83,5,4022.9,46,1,4024.0,43,1,4024.1,333,2,4024.2,333,3,4024.4,53,3,4024.5,5,1
11483,2026-07-02 13:01:17+05:30,4024.0,5,4038.73,1299365,149166.0,169223.0,4100.0,4110.0,4012.0,4092.6,25066825,4501.8,3683.4,4440.0,3288.1,4023.3,15,2,4023.2,82,1,4023.1,57,1,4023.0,83,5,4022.9,46,1,4024.0,43,1,4024.1,333,2,4024.2,333,3,4024.4,53,3,4024.5,5,1
11483,2026-07-02 13:01:18+05:30,4023.6,15,4038.73,1299394,149225.0,169515.0,4100.0,4110.0,4012.0,4092.6,25066825,4501.8,3683.4,4440.0,3288.1,4023.0,37,3,4022.9,2,1,4022.8,60,2,4022.7,108,2,4022.6,138,3,4023.6,310,1,4023.8,42,1,4023.9,8,1,4024.0,46,3,4024.1,297,1
11483,2026-07-02 13:01:18+05:30,4023.0,3,4038.73,1299394,149225.0,169515.0,4100.0,4110.0,4012.0,4092.6,25066825,4501.8,3683.4,4440.0,3288.1,4023.0,37,3,4022.9,2,1,4022.8,60,2,4022.7,108,2,4022.6,138,3,4023.6,310,1,4023.8,42,1,4023.9,8,1,4024.0,46,3,4024.1,297,1
11483,2026-07-02 13:01:19+05:30,4023.2,4,4038.73,1299424,146954.0,170684.0,4100.0,4110.0,4012.0,4092.6,25066825,4501.8,3683.4,4440.0,3288.1,4023.3,1,1,4022.5,2,1,4022.4,33,3,4022.3,36,5,4022.2,15,1,4023.6,372,4,4023.7,297,4,4023.8,42,1,4023.9,3,1,4024.0,16,5
11483,2026-07-02 13:01:19+05:30,4023.3,1,4038.73,1299424,146954.0,170684.0,4100.0,4110.0,4012.0,4092.6,25066825,4501.8,3683.4,4440.0,3288.1,4023.3,1,1,4022.5,2,1,4022.4,33,3,4022.3,36,5,4022.2,15,1,4023.6,372,4,4023.7,297,4,4023.8,42,1,4023.9,3,1,4024.0,16,5
11483,2026-07-02 13:01:20+05:30,4022.4,20,4038.73,1299463,146395.0,170758.0,4100.0,4110.0,4012.0,4092.6,25066825,4501.8,3683.4,4440.0,3288.1,4022.3,14,3,4022.2,15,1,4022.1,43,2,4022.0,442,13,4021.9,7,1,4023.0,42,1,4023.2,42,1,4023.3,15,3,4023.5,19,1,4023.6,332,4
11483,2026-07-02 13:01:20+05:30,4022.3,1,4038.73,1299463,146395.0,170758.0,4100.0,4110.0,4012.0,4092.6,25066825,4501.8,3683.4,4440.0,3288.1,4022.3,14,3,4022.2,15,1,4022.1,43,2,4022.0,442,13,4021.9,7,1,4023.0,42,1,4023.2,42,1,4023.3,15,3,4023.5,19,1,4023.6,332,4
11483,2026-07-02 13:01:21+05:30,4023.0,30,4038.73,1299498,146347.0,171190.0,4100.0,4110.0,4012.0,4092.6,25066825,4501.8,3683.4,4440.0,3288.1,4022.3,9,2,4022.2,15,1,4022.1,43,2,4022.0,442,13,4021.9,7,1,4022.6,525,1,4023.0,12,1,4023.2,42,1,4023.3,15,3,4023.5,19,1
11483,2026-07-02 13:01:21+05:30,4022.3,3,4038.73,1299498,146347.0,171190.0,4100.0,4110.0,4012.0,4092.6,25066825,4501.8,3683.4,4440.0,3288.1,4022.3,9,2,4022.2,15,1,4022.1,43,2,4022.0,442,13,4021.9,7,1,4022.6,525,1,4023.0,12,1,4023.2,42,1,4023.3,15,3,4023.5,19,1
11483,2026-07-02 13:01:22+05:30,4022.3,3,4038.73,1299502,145590.0,171013.0,4100.0,4110.0,4012.0,4092.6,25066825,4501.8,3683.4,4440.0,3288.1,4022.2,15,1,4022.1,35,2,4022.0,436,12,4021.9,7,1,4021.8,42,1,4022.3,525,1,4022.6,2,1,4022.9,47,2,4023.0,12,1,4023.3,15,3
11483,2026-07-02 13:01:22+05:30,4022.7,14,4038.73,1299502,145590.0,171013.0,4100.0,4110.0,4012.0,4092.6,25066825,4501.8,3683.4,4440.0,3288.1,4022.2,15,1,4022.1,35,2,4022.0,436,12,4021.9,7,1,4021.8,42,1,4022.3,525,1,4022.6,2,1,4022.9,47,2,4023.0,12,1,4023.3,15,3
11483,2026-07-02 13:01:23+05:30,4022.7,6,4038.7,1302043,146231.0,170061.0,4100.0,4110.0,4012.0,4092.6,25066825,4501.8,3683.4,4440.0,3288.1,4022.3,33,3,4022.2,97,3,4022.1,54,2,4022.0,503,16,4021.9,71,2,4023.1,191,1,4023.7,14,1,4024.0,5,1,4024.1,302,2,4024.2,42,2
11483,2026-07-02 13:01:23+05:30,4023.1,61,4038.7,1302043,146231.0,170061.0,4100.0,4110.0,4012.0,4092.6,25066825,4501.8,3683.4,4440.0,3288.1,4022.3,33,3,4022.2,97,3,4022.1,54,2,4022.0,503,16,4021.9,71,2,4023.1,191,1,4023.7,14,1,4024.0,5,1,4024.1,302,2,4024.2,42,2
11483,2026-07-02 13:01:24+05:30,4022.9,1,4038.7,1302411,146781.0,169883.0,4100.0,4110.0,4012.0,4092.6,25066825,4501.8,3683.4,4440.0,3288.1,4022.4,32,3,4022.3,27,3,4022.2,94,4,4022.1,59,3,4022.0,520,18,4022.9,323,1,4023.1,42,1,4023.3,42,1,4023.7,14,1,4024.0,8,1
11483,2026-07-02 13:01:24+05:30,4022.4,9,4038.7,1302411,146781.0,169883.0,4100.0,4110.0,4012.0,4092.6,25066825,4501.8,3683.4,4440.0,3288.1,4022.4,32,3,4022.3,27,3,4022.2,94,4,4022.1,59,3,4022.0,520,18,4022.9,323,1,4023.1,42,1,4023.3,42,1,4023.7,14,1,4024.0,8,1
11483,2026-07-02 13:01:25+05:30,4022.4,7,4038.7,1302584,146674.0,170027.0,4100.0,4110.0,4012.0,4092.6,25066825,4501.8,3683.4,4440.0,3288.1,4022.5,8,1,4022.2,61,5,4022.1,40,3,4022.0,537,18,4021.9,28,2,4022.6,42,1,4022.8,42,1,4022.9,323,1,4023.7,50,2,4023.9,12,1
11483,2026-07-02 13:01:25+05:30,4022.2,425,4038.7,1302584,146674.0,170027.0,4100.0,4110.0,4012.0,4092.6,25066825,4501.8,3683.4,4440.0,3288.1,4022.5,8,1,4022.2,61,5,4022.1,40,3,4022.0,537,18,4021.9,28,2,4022.6,42,1,4022.8,42,1,4022.9,323,1,4023.7,50,2,4023.9,12,1
11483,2026-07-02 13:01:26+05:30,4022.6,31,4038.69,1303336,146333.0,170546.0,4100.0,4110.0,4012.0,4092.6,25066825,4501.8,3683.4,4440.0,3288.1,4022.4,56,3,4022.3,6,1,4022.2,32,2,4022.1,80,5,4022.0,520,18,4022.5,513,1,4022.9,323,1,4023.1,42,1,4023.7,14,1,4023.9,12,1
11483,2026-07-02 13:01:26+05:30,4022.4,12,4038.69,1303336,146333.0,170546.0,4100.0,4110.0,4012.0,4092.6,25066825,4501.8,3683.4,4440.0,3288.1,4022.4,56,3,4022.3,6,1,4022.2,32,2,4022.1,80,5,4022.0,520,18,4022.5,513,1,4022.9,323,1,4023.1,42,1,4023.7,14,1,4023.9,12,1
11483,2026-07-02 13:01:27+05:30,4022.4,1,4038.68,1303939,146883.0,170017.0,4100.0,4110.0,4012.0,4092.6,25066825,4501.8,3683.4,4440.0,3288.1,4022.6,80,5,4022.5,27,1,4022.4,22,2,4022.3,43,3,4022.2,112,5,4022.7,42,1,4022.9,365,2,4023.7,14,1,4023.9,12,1,4024.1,297,1
11483,2026-07-02 13:01:27+05:30,4022.6,6,4038.68,1303939,146883.0,170017.0,4100.0,4110.0,4012.0,4092.6,25066825,4501.8,3683.4,4440.0,3288.1,4022.6,80,5,4022.5,27,1,4022.4,22,2,4022.3,43,3,4022.2,112,5,4022.7,42,1,4022.9,365,2,4023.7,14,1,4023.9,12,1,4024.1,297,1
11483,2026-07-02 13:01:28+05:30,4022.4,144,4038.68,1304155,145823.0,170506.0,4100.0,4110.0,4012.0,4092.6,25066825,4501.8,3683.4,4440.0,3288.1,4022.3,71,5,4022.2,36,1,4022.1,1,1,4022.0,479,16,4021.9,7,1,4022.4,416,2,4022.8,42,1,4022.9,323,1,4023.0,42,1,4023.6,13,1
11483,2026-07-02 13:01:28+05:30,4022.3,4,4038.68,1304155,145823.0,170506.0,4100.0,4110.0,4012.0,4092.6,25066825,4501.8,3683.4,4440.0,3288.1,4022.3,71,5,4022.2,36,1,4022.1,1,1,4022.0,479,16,4021.9,7,1,4022.4,416,2,4022.8,42,1,4022.9,323,1,4023.0,42,1,4023.6,13,1
11483,2026-07-02 13:01:29+05:30,4022.3,7,4038.67,1304300,145906.0,170158.0,4100.0,4110.0,4012.0,4092.6,25066825,4501.8,3683.4,4440.0,3288.1,4022.3,50,5,4022.2,36,1,4022.1,1,1,4022.0,479,16,4021.9,7,1,4022.7,47,2,4022.9,365,2,4023.3,36,1,4023.7,14,1,4023.8,2,1
11483,2026-07-02 13:01:29+05:30,4022.3,17,4038.67,1304300,145906.0,170158.0,4100.0,4110.0,4012.0,4092.6,25066825,4501.8,3683.4,4440.0,3288.1,4022.3,50,5,4022.2,36,1,4022.1,1,1,4022.0,479,16,4021.9,7,1,4022.7,47,2,4022.9,365,2,4023.3,36,1,4023.7,14,1,4023.8,2,1
11483,2026-07-02 13:01:30+05:30,4022.3,17,4038.67,1304317,145949.0,170495.0,4100.0,4110.0,4012.0,4092.6,25066825,4501.8,3683.4,4440.0,3288.1,4022.3,50,5,4022.2,36,1,4022.1,25,2,4022.0,479,16,4021.9,7,1,4022.4,304,1,4022.7,12,3,4022.8,42,1,4022.9,323,1,4023.0,42,1
11483,2026-07-02 13:01:31+05:30,4022.4,4,4038.67,1304317,145949.0,170495.0,4100.0,4110.0,4012.0,4092.6,25066825,4501.8,3683.4,4440.0,3288.1,4022.3,50,5,4022.2,36,1,4022.1,25,2,4022.0,479,16,4021.9,7,1,4022.4,304,1,4022.7,12,3,4022.8,42,1,4022.9,323,1,4023.0,42,1
11483,2026-07-02 13:01:31+05:30,4022.4,4,4038.67,1304331,146049.0,170469.0,4100.0,4110.0,4012.0,4092.6,25066825,4501.8,3683.4,4440.0,3288.1,4022.3,74,5,4022.2,36,1,4022.1,25,2,4022.0,479,16,4021.9,7,1,4022.4,295,2,4022.7,44,2,4022.9,365,2,4023.3,36,1,4023.7,14,1
11483,2026-07-02 13:01:32+05:30,4022.7,2,4038.67,1304331,146049.0,170469.0,4100.0,4110.0,4012.0,4092.6,25066825,4501.8,3683.4,4440.0,3288.1,4022.3,74,5,4022.2,36,1,4022.1,25,2,4022.0,479,16,4021.9,7,1,4022.4,295,2,4022.7,44,2,4022.9,365,2,4023.3,36,1,4023.7,14,1
11483,2026-07-02 13:01:32+05:30,4022.6,1,4038.67,1304420,146741.0,169207.0,4100.0,4110.0,4012.0,4092.6,25066825,4501.8,3683.4,4440.0,3288.1,4022.6,63,4,4022.5,26,1,4022.4,54,3,4022.3,100,6,4022.2,74,2,4023.7,14,1,4024.2,38,2,4024.3,22,2,4024.4,20,1,4024.5,73,4
11483,2026-07-02 13:01:33+05:30,4023.7,2,4038.67,1304420,146741.0,169207.0,4100.0,4110.0,4012.0,4092.6,25066825,4501.8,3683.4,4440.0,3288.1,4022.6,63,4,4022.5,26,1,4022.4,54,3,4022.3,100,6,4022.2,74,2,4023.7,14,1,4024.2,38,2,4024.3,22,2,4024.4,20,1,4024.5,73,4
11483,2026-07-02 13:01:33+05:30,4022.8,3,4038.67,1304563,146634.0,169814.0,4100.0,4110.0,4012.0,4092.6,25066825,4501.8,3683.4,4440.0,3288.1,4022.7,39,3,4022.6,8,1,4022.5,16,1,4022.4,49,2,4022.3,64,5,4022.8,107,1,4023.7,12,1,4024.2,6,1,4024.4,2,1,4024.5,119,4
11483,2026-07-02 13:01:34+05:30,4022.6,50,4038.67,1304563,146634.0,169814.0,4100.0,4110.0,4012.0,4092.6,25066825,4501.8,3683.4,4440.0,3288.1,4022.7,39,3,4022.6,8,1,4022.5,16,1,4022.4,49,2,4022.3,64,5,4022.8,107,1,4023.7,12,1,4024.2,6,1,4024.4,2,1,4024.5,119,4
11483,2026-07-02 13:01:34+05:30,4022.6,50,4038.67,1304640,146721.0,169724.0,4100.0,4110.0,4012.0,4092.6,25066825,4501.8,3683.4,4440.0,3288.1,4022.4,31,3,4022.3,57,2,4022.2,39,2,4022.1,36,2,4022.0,524,16,4022.6,45,1,4022.7,2,1,4023.7,12,1,4024.1,9,1,4024.2,19,2
11483,2026-07-02 13:01:35+05:30,4022.2,36,4038.67,1304640,146721.0,169724.0,4100.0,4110.0,4012.0,4092.6,25066825,4501.8,3683.4,4440.0,3288.1,4022.4,31,3,4022.3,57,2,4022.2,39,2,4022.1,36,2,4022.0,524,16,4022.6,45,1,4022.7,2,1,4023.7,12,1,4024.1,9,1,4024.2,19,2
11483,2026-07-02 13:01:35+05:30,4022.2,18,4038.67,1304870,145873.0,169868.0,4100.0,4110.0,4012.0,4092.6,25066825,4501.8,3683.4,4440.0,3288.1,4022.2,21,3,4022.1,4,2,4022.0,453,14,4021.9,11,2,4021.8,76,2,4022.5,1,1,4022.7,2,1,4023.7,56,2,4023.8,5,1,4023.9,12,1
11483,2026-07-02 13:01:36+05:30,4022.1,24,4038.67,1304870,145873.0,169868.0,4100.0,4110.0,4012.0,4092.6,25066825,4501.8,3683.4,4440.0,3288.1,4022.2,21,3,4022.1,4,2,4022.0,453,14,4021.9,11,2,4021.8,76,2,4022.5,1,1,4022.7,2,1,4023.7,56,2,4023.8,5,1,4023.9,12,1
11483,2026-07-02 13:01:36+05:30,4022.1,24,4038.67,1304923,145943.0,169854.0,4100.0,4110.0,4012.0,4092.6,25066825,4501.8,3683.4,4440.0,3288.1,4022.1,27,3,4022.0,453,14,4021.9,11,2,4021.8,76,2,4021.7,103,3,4022.5,1,1,4022.7,2,1,4023.7,56,2,4023.8,5,1,4023.9,12,1
11483,2026-07-02 13:01:37+05:30,4025.0,199,4038.67,1304923,145943.0,169854.0,4100.0,4110.0,4012.0,4092.6,25066825,4501.8,3683.4,4440.0,3288.1,4022.1,27,3,4022.0,453,14,4021.9,11,2,4021.8,76,2,4021.7,103,3,4022.5,1,1,4022.7,2,1,4023.7,56,2,4023.8,5,1,4023.9,12,1
11483,2026-07-02 13:01:37+05:30,4025.0,199,4038.65,1306385,147009.0,169602.0,4100.0,4110.0,4012.0,4092.6,25066825,4501.8,3683.4,4440.0,3288.1,4022.8,61,4,4022.7,41,2,4022.6,34,1,4022.5,119,5,4022.4,93,4,4024.4,34,2,4024.6,58,2,4024.7,31,1,4024.8,22,2,4024.9,71,3
11483,2026-07-02 13:01:38+05:30,4022.9,1,4038.65,1306385,147009.0,169602.0,4100.0,4110.0,4012.0,4092.6,25066825,4501.8,3683.4,4440.0,3288.1,4022.8,61,4,4022.7,41,2,4022.6,34,1,4022.5,119,5,4022.4,93,4,4024.4,34,2,4024.6,58,2,4024.7,31,1,4024.8,22,2,4024.9,71,3
11483,2026-07-02 13:01:38+05:30,4022.9,1,4038.65,1306722,147328.0,169333.0,4100.0,4110.0,4012.0,4092.6,25066825,4501.8,3683.4,4440.0,3288.1,4022.9,57,3,4022.8,65,4,4022.7,56,3,4022.6,34,2,4022.5,74,4,4024.6,44,3,4024.7,39,3,4024.8,112,5,4024.9,12,2,4025.0,123,3
11483,2026-07-02 13:01:39+05:30,4023.0,10,4038.65,1306722,147328.0,169333.0,4100.0,4110.0,4012.0,4092.6,25066825,4501.8,3683.4,4440.0,3288.1,4022.9,57,3,4022.8,65,4,4022.7,56,3,4022.6,34,2,4022.5,74,4,4024.6,44,3,4024.7,39,3,4024.8,112,5,4024.9,12,2,4025.0,123,3
11483,2026-07-02 13:01:39+05:30,4023.0,10,4038.64,1307049,147078.0,169129.0,4100.0,4110.0,4012.0,4092.6,25066825,4501.8,3683.4,4440.0,3288.1,4023.1,5,1,4023.0,15,2,4022.9,9,1,4022.8,24,2,4022.7,49,3,4024.6,15,2,4024.7,52,4,4024.8,3,1,4024.9,12,2,4025.0,105,3
11483,2026-07-02 13:01:40+05:30,4023.0,23,4038.64,1307049,147078.0,169129.0,4100.0,4110.0,4012.0,4092.6,25066825,4501.8,3683.4,4440.0,3288.1,4023.1,5,1,4023.0,15,2,4022.9,9,1,4022.8,24,2,4022.7,49,3,4024.6,15,2,4024.7,52,4,4024.8,3,1,4024.9,12,2,4025.0,105,3
11483,2026-07-02 13:01:40+05:30,4023.0,23,4038.64,1307263,147330.0,169079.0,4100.0,4110.0,4012.0,4092.6,25066825,4501.8,3683.4,4440.0,3288.1,4023.1,65,4,4023.0,19,2,4022.9,25,4,4022.8,23,2,4022.7,81,5,4024.6,5,2,4024.8,3,1,4024.9,3,1,4025.0,105,3,4025.1,213,2
11483,2026-07-02 13:01:41+05:30,4023.1,26,4038.64,1307263,147330.0,169079.0,4100.0,4110.0,4012.0,4092.6,25066825,4501.8,3683.4,4440.0,3288.1,4023.1,65,4,4023.0,19,2,4022.9,25,4,4022.8,23,2,4022.7,81,5,4024.6,5,2,4024.8,3,1,4024.9,3,1,4025.0,105,3,4025.1,213,2
11483,2026-07-02 13:01:41+05:30,4023.1,26,4038.64,1307289,147308.0,169080.0,4100.0,4110.0,4012.0,4092.6,25066825,4501.8,3683.4,4440.0,3288.1,4023.1,39,4,4023.0,19,2,4022.9,25,4,4022.8,23,2,4022.7,78,4,4024.6,5,2,4024.8,3,1,4024.9,3,1,4025.0,105,3,4025.1,213,2
11483,2026-07-02 13:01:42+05:30,4023.1,3,4038.64,1307289,147308.0,169080.0,4100.0,4110.0,4012.0,4092.6,25066825,4501.8,3683.4,4440.0,3288.1,4023.1,39,4,4023.0,19,2,4022.9,25,4,4022.8,23,2,4022.7,78,4,4024.6,5,2,4024.8,3,1,4024.9,3,1,4025.0,105,3,4025.1,213,2
11483,2026-07-02 13:01:42+05:30,4023.1,3,4038.64,1307292,147449.0,169220.0,4100.0,4110.0,4012.0,4092.6,25066825,4501.8,3683.4,4440.0,3288.1,4023.2,11,2,4023.1,58,5,4023.0,19,2,4022.9,7,2,4022.8,26,3,4024.5,6,2,4024.6,2,1,4024.9,3,1,4025.0,105,3,4025.1,175,1
11483,2026-07-02 13:01:43+05:30,4024.5,1,4038.64,1307292,147449.0,169220.0,4100.0,4110.0,4012.0,4092.6,25066825,4501.8,3683.4,4440.0,3288.1,4023.2,11,2,4023.1,58,5,4023.0,19,2,4022.9,7,2,4022.8,26,3,4024.5,6,2,4024.6,2,1,4024.9,3,1,4025.0,105,3,4025.1,175,1
11483,2026-07-02 13:01:43+05:30,4024.5,1,4038.64,1307294,147447.0,169429.0,4100.0,4110.0,4012.0,4092.6,25066825,4501.8,3683.4,4440.0,3288.1,4023.2,13,3,4023.1,48,4,4023.0,19,2,4022.9,7,2,4022.8,26,3,4024.5,5,2,4024.6,2,1,4024.7,175,1,4025.0,105,3,4025.1,213,2
11483,2026-07-02 13:01:44+05:30,4024.7,113,4038.64,1307294,147447.0,169429.0,4100.0,4110.0,4012.0,4092.6,25066825,4501.8,3683.4,4440.0,3288.1,4023.2,13,3,4023.1,48,4,4023.0,19,2,4022.9,7,2,4022.8,26,3,4024.5,5,2,4024.6,2,1,4024.7,175,1,4025.0,105,3,4025.1,213,2
11483,2026-07-02 13:01:44+05:30,4024.7,113,4038.64,1307454,147647.0,169192.0,4100.0,4110.0,4012.0,4092.6,25066825,4501.8,3683.4,4440.0,3288.1,4023.3,62,6,4023.2,97,5,4023.1,89,4,4023.0,138,6,4022.9,57,3,4024.7,70,2,4025.0,95,1,4025.1,175,1,4025.4,189,3,4025.5,132,4
11483,2026-07-02 13:01:45+05:30,4024.6,10,4038.64,1307454,147647.0,169192.0,4100.0,4110.0,4012.0,4092.6,25066825,4501.8,3683.4,4440.0,3288.1,4023.3,62,6,4023.2,97,5,4023.1,89,4,4023.0,138,6,4022.9,57,3,4024.7,70,2,4025.0,95,1,4025.1,175,1,4025.4,189,3,4025.5,132,4
11483,2026-07-02 13:01:45+05:30,4024.6,10,4038.64,1307483,147966.0,168633.0,4100.0,4110.0,4012.0,4092.6,25066825,4501.8,3683.4,4440.0,3288.1,4023.7,2,1,4023.5,98,2,4023.4,69,2,4023.3,56,4,4023.2,59,4,4024.6,52,1,4024.7,8,1,4025.0,95,1,4025.1,175,1,4025.4,192,2
11483,2026-07-02 13:01:46+05:30,4023.9,4,4038.64,1307483,147966.0,168633.0,4100.0,4110.0,4012.0,4092.6,25066825,4501.8,3683.4,4440.0,3288.1,4023.7,2,1,4023.5,98,2,4023.4,69,2,4023.3,56,4,4023.2,59,4,4024.6,52,1,4024.7,8,1,4025.0,95,1,4025.1,175,1,4025.4,192,2
11483,2026-07-02 13:01:46+05:30,4023.9,4,4038.64,1307510,147989.0,168388.0,4100.0,4110.0,4012.0,4092.6,25066825,4501.8,3683.4,4440.0,3288.1,4023.5,87,3,4023.2,59,4,4023.1,147,5,4023.0,140,4,4022.9,56,2,4023.9,159,1,4024.6,2,1,4024.7,8,1,4024.9,8,1,4025.0,95,1
11483,2026-07-02 13:01:47+05:30,4023.5,3,4038.64,1307510,147989.0,168388.0,4100.0,4110.0,4012.0,4092.6,25066825,4501.8,3683.4,4440.0,3288.1,4023.5,87,3,4023.2,59,4,4023.1,147,5,4023.0,140,4,4022.9,56,2,4023.9,159,1,4024.6,2,1,4024.7,8,1,4024.9,8,1,4025.0,95,1
11483,2026-07-02 13:01:47+05:30,4023.5,3,4038.64,1307513,147882.0,168529.0,4100.0,4110.0,4012.0,4092.6,25066825,4501.8,3683.4,4440.0,3288.1,4023.8,1,1,4023.2,10,2,4023.1,33,2,4023.0,187,6,4022.9,107,3,4023.9,162,2,4024.2,14,1,4024.6,69,2,4024.7,23,2,4024.9,25,2
11483,2026-07-02 13:01:48+05:30,4023.8,9,4038.64,1307513,147882.0,168529.0,4100.0,4110.0,4012.0,4092.6,25066825,4501.8,3683.4,4440.0,3288.1,4023.8,1,1,4023.2,10,2,4023.1,33,2,4023.0,187,6,4022.9,107,3,4023.9,162,2,4024.2,14,1,4024.6,69,2,4024.7,23,2,4024.9,25,2
11483,2026-07-02 13:01:48+05:30,4023.8,9,4038.64,1307597,148032.0,168473.0,4100.0,4110.0,4012.0,4092.6,25066825,4501.8,3683.4,4440.0,3288.1,4023.8,2,1,4023.2,10,2,4023.1,22,2,4023.0,187,6,4022.9,107,3,4023.9,87,2,4024.2,14,1,4024.6,69,2,4024.7,23,2,4024.9,17,1
11483,2026-07-02 13:01:49+05:30,4023.9,5,4038.64,1307617,148168.0,168530.0,4100.0,4110.0,4012.0,4092.6,25066825,4501.8,3683.4,4440.0,3288.1,4023.8,32,3,4023.2,3,1,4023.1,19,1,4023.0,182,5,4022.9,138,4,4023.9,85,4,4024.2,14,1,4024.6,67,1,4024.7,23,2,4024.9,17,1
11483,2026-07-02 13:01:49+05:30,4023.8,3,4038.64,1307617,148168.0,168530.0,4100.0,4110.0,4012.0,4092.6,25066825,4501.8,3683.4,4440.0,3288.1,4023.8,32,3,4023.2,3,1,4023.1,19,1,4023.0,182,5,4022.9,138,4,4023.9,85,4,4024.2,14,1,4024.6,67,1,4024.7,23,2,4024.9,17,1
11483,2026-07-02 13:01:50+05:30,4023.8,3,4038.64,1307620,148193.0,168534.0,4100.0,4110.0,4012.0,4092.6,25066825,4501.8,3683.4,4440.0,3288.1,4023.8,20,2,4023.6,37,1,4023.2,3,1,4023.1,28,2,4023.0,185,6,4023.9,85,4,4024.2,14,1,4024.6,67,1,4024.7,23,2,4025.0,108,2
11483,2026-07-02 13:01:51+05:30,4023.8,3,4038.64,1307620,148659.0,168454.0,4100.0,4110.0,4012.0,4092.6,25066825,4501.8,3683.4,4440.0,3288.1,4023.8,20,2,4023.6,37,1,4023.2,3,1,4023.1,28,2,4023.0,182,5,4023.9,89,5,4024.2,14,1,4024.6,67,1,4024.7,23,2,4025.0,125,3
11483,2026-07-02 13:01:52+05:30,4023.8,2,4038.64,1307646,148849.0,168444.0,4100.0,4110.0,4012.0,4092.6,25066825,4501.8,3683.4,4440.0,3288.1,4023.8,4,2,4023.6,37,1,4023.2,3,1,4023.1,28,2,4023.0,182,5,4023.9,79,5,4024.2,14,1,4024.6,67,1,4024.7,23,2,4025.0,125,3
11483,2026-07-02 13:01:52+05:30,4023.8,3,4038.64,1307646,148849.0,168444.0,4100.0,4110.0,4012.0,4092.6,25066825,4501.8,3683.4,4440.0,3288.1,4023.8,4,2,4023.6,37,1,4023.2,3,1,4023.1,28,2,4023.0,182,5,4023.9,79,5,4024.2,14,1,4024.6,67,1,4024.7,23,2,4025.0,125,3
11483,2026-07-02 13:01:53+05:30,4023.8,3,4038.64,1307649,148856.0,168444.0,4100.0,4110.0,4012.0,4092.6,25066825,4501.8,3683.4,4440.0,3288.1,4023.8,5,2,4023.6,37,1,4023.2,3,1,4023.1,28,2,4023.0,182,5,4023.9,79,5,4024.2,14,1,4024.6,67,1,4024.7,23,2,4025.0,125,3
11483,2026-07-02 13:01:54+05:30,4023.8,1,4038.64,1307656,148835.0,168368.0,4100.0,4110.0,4012.0,4092.6,25066825,4501.8,3683.4,4440.0,3288.1,4023.1,19,1,4023.0,44,2,4022.9,6,1,4022.8,11,1,4022.7,88,5,4023.8,2,2,4023.9,71,4,4024.2,14,1,4024.6,84,2,4024.7,23,2
11483,2026-07-02 13:01:54+05:30,4023.1,1,4038.64,1307656,148835.0,168368.0,4100.0,4110.0,4012.0,4092.6,25066825,4501.8,3683.4,4440.0,3288.1,4023.1,19,1,4023.0,44,2,4022.9,6,1,4022.8,11,1,4022.7,88,5,4023.8,2,2,4023.9,71,4,4024.2,14,1,4024.6,84,2,4024.7,23,2
11483,2026-07-02 13:01:55+05:30,4023.1,1,4038.64,1307657,149036.0,168338.0,4100.0,4110.0,4012.0,4092.6,25066825,4501.8,3683.4,4440.0,3288.1,4023.2,8,1,4023.1,18,1,4023.0,44,2,4022.9,6,1,4022.8,19,3,4023.8,3,3,4023.9,69,3,4024.2,14,1,4024.6,84,2,4024.7,23,2
11483,2026-07-02 13:01:56+05:30,4023.2,1,4038.64,1307667,149036.0,168334.0,4100.0,4110.0,4012.0,4092.6,25066825,4501.8,3683.4,4440.0,3288.1,4023.2,7,1,4023.1,18,1,4023.0,44,2,4022.9,6,1,4022.8,69,4,4023.8,3,3,4023.9,69,3,4024.2,14,1,4024.6,84,2,4024.7,23,2
11483,2026-07-02 13:01:56+05:30,4023.2,2,4038.64,1307667,149036.0,168334.0,4100.0,4110.0,4012.0,4092.6,25066825,4501.8,3683.4,4440.0,3288.1,4023.2,7,1,4023.1,18,1,4023.0,44,2,4022.9,6,1,4022.8,69,4,4023.8,3,3,4023.9,69,3,4024.2,14,1,4024.6,84,2,4024.7,23,2
11483,2026-07-02 13:01:57+05:30,4023.8,1,4038.64,1307674,148941.0,168335.0,4100.0,4110.0,4012.0,4092.6,25066825,4501.8,3683.4,4440.0,3288.1,4023.2,4,1,4023.1,18,1,4023.0,44,2,4022.9,9,2,4022.8,66,3,4023.8,2,2,4023.9,68,2,4024.2,14,1,4024.6,84,2,4024.7,23,2
11483,2026-07-02 13:01:57+05:30,4023.8,1,4038.64,1307674,148941.0,168335.0,4100.0,4110.0,4012.0,4092.6,25066825,4501.8,3683.4,4440.0,3288.1,4023.2,4,1,4023.1,18,1,4023.0,44,2,4022.9,9,2,4022.8,66,3,4023.8,2,2,4023.9,68,2,4024.2,14,1,4024.6,84,2,4024.7,23,2
11483,2026-07-02 13:01:58+05:30,4023.8,1,4038.64,1307674,149391.0,168272.0,4100.0,4110.0,4012.0,4092.6,25066825,4501.8,3683.4,4440.0,3288.1,4023.2,57,6,4023.1,53,2,4023.0,46,3,4022.9,6,1,4022.8,66,3,4023.8,2,2,4023.9,68,2,4024.2,15,2,4024.6,67,1,4024.7,23,2
11483,2026-07-02 13:01:58+05:30,4023.8,1,4038.64,1307674,149391.0,168272.0,4100.0,4110.0,4012.0,4092.6,25066825,4501.8,3683.4,4440.0,3288.1,4023.2,57,6,4023.1,53,2,4023.0,46,3,4022.9,6,1,4022.8,66,3,4023.8,2,2,4023.9,68,2,4024.2,15,2,4024.6,67,1,4024.7,23,2
11483,2026-07-02 13:01:59+05:30,4023.9,7,4038.64,1307683,149731.0,168298.0,4100.0,4110.0,4012.0,4092.6,25066825,4501.8,3683.4,4440.0,3288.1,4023.8,18,6,4023.5,44,2,4023.4,3,1,4023.3,34,1,4023.2,37,4,4023.9,64,3,4024.2,15,2,4024.6,67,1,4024.7,23,2,4025.0,95,1
11483,2026-07-02 13:01:59+05:30,4023.8,2,4038.64,1307683,149731.0,168298.0,4100.0,4110.0,4012.0,4092.6,25066825,4501.8,3683.4,4440.0,3288.1,4023.8,18,6,4023.5,44,2,4023.4,3,1,4023.3,34,1,4023.2,37,4,4023.9,64,3,4024.2,15,2,4024.6,67,1,4024.7,23,2,4025.0,95,1
11483,2026-07-02 13:02:00+05:30,4023.9,10,4038.64,1307695,149723.0,168473.0,4100.0,4110.0,4012.0,4092.6,25066825,4501.8,3683.4,4440.0,3288.1,4023.8,24,6,4023.5,44,2,4023.4,28,2,4023.3,34,1,4023.2,34,3,4023.9,57,4,4024.2,15,2,4024.6,67,1,4024.7,23,2,4025.0,95,1
11483,2026-07-02 13:02:00+05:30,4023.8,2,4038.64,1307695,149723.0,168473.0,4100.0,4110.0,4012.0,4092.6,25066825,4501.8,3683.4,4440.0,3288.1,4023.8,24,6,4023.5,44,2,4023.4,28,2,4023.3,34,1,4023.2,34,3,4023.9,57,4,4024.2,15,2,4024.6,67,1,4024.7,23,2,4025.0,95,1
11483,2026-07-02 13:02:01+05:30,4023.8,5,4038.64,1307719,149759.0,168432.0,4100.0,4110.0,4012.0,4092.6,25066825,4501.8,3683.4,4440.0,3288.1,4023.8,14,3,4023.5,20,1,4023.4,33,3,4023.3,34,1,4023.2,67,4,4023.9,46,4,4024.2,15,2,4024.6,67,1,4024.7,23,2,4025.0,95,1
11483,2026-07-02 13:02:01+05:30,4023.9,14,4038.64,1307719,149759.0,168432.0,4100.0,4110.0,4012.0,4092.6,25066825,4501.8,3683.4,4440.0,3288.1,4023.8,14,3,4023.5,20,1,4023.4,33,3,4023.3,34,1,4023.2,67,4,4023.9,46,4,4024.2,15,2,4024.6,67,1,4024.7,23,2,4025.0,95,1
11483,2026-07-02 13:02:02+05:30,4023.9,14,4038.63,1307786,150073.0,168547.0,4100.0,4110.0,4012.0,4092.6,25066825,4501.8,3683.4,4440.0,3288.1,4023.9,1,1,4023.3,34,1,4023.2,14,3,4023.1,56,3,4023.0,336,4,4024.2,15,2,4024.6,67,1,4024.7,23,2,4025.0,95,1,4025.1,13,1
11483,2026-07-02 13:02:02+05:30,4023.2,2,4038.63,1307786,150073.0,168547.0,4100.0,4110.0,4012.0,4092.6,25066825,4501.8,3683.4,4440.0,3288.1,4023.9,1,1,4023.3,34,1,4023.2,14,3,4023.1,56,3,4023.0,336,4,4024.2,15,2,4024.6,67,1,4024.7,23,2,4025.0,95,1,4025.1,13,1
11483,2026-07-02 13:02:03+05:30,4023.2,2,4038.63,1307789,149804.0,168535.0,4100.0,4110.0,4012.0,4092.6,25066825,4501.8,3683.4,4440.0,3288.1,4023.3,17,1,4023.2,75,6,4023.1,94,3,4023.0,361,5,4022.9,98,2,4023.8,75,1,4023.9,1,1,4024.2,15,2,4024.5,7,1,4024.6,67,1
11483,2026-07-02 13:02:04+05:30,4023.2,2,4038.63,1307789,149619.0,168341.0,4100.0,4110.0,4012.0,4092.6,25066825,4501.8,3683.4,4440.0,3288.1,4023.3,29,3,4023.2,67,5,4023.1,94,3,4023.0,361,5,4022.9,98,2,4023.8,75,1,4023.9,1,1,4024.2,15,2,4024.5,7,1,4024.6,67,1
11483,2026-07-02 13:02:04+05:30,4023.2,2,4038.63,1307789,149619.0,168341.0,4100.0,4110.0,4012.0,4092.6,25066825,4501.8,3683.4,4440.0,3288.1,4023.3,29,3,4023.2,67,5,4023.1,94,3,4023.0,361,5,4022.9,98,2,4023.8,75,1,4023.9,1,1,4024.2,15,2,4024.5,7,1,4024.6,67,1
11483,2026-07-02 13:02:05+05:30,4023.2,2,4038.63,1307789,149619.0,168341.0,4100.0,4110.0,4012.0,4092.6,25066825,4501.8,3683.4,4440.0,3288.1,4023.3,29,3,4023.2,67,5,4023.1,94,3,4023.0,361,5,4022.9,98,2,4023.8,75,1,4023.9,1,1,4024.2,15,2,4024.5,7,1,4024.6,67,1
11483,2026-07-02 13:02:05+05:30,4023.8,6,4038.63,1307795,149646.0,168478.0,4100.0,4110.0,4012.0,4092.6,25066825,4501.8,3683.4,4440.0,3288.1,4023.4,16,2,4023.3,87,5,4023.2,4,2,4023.1,53,2,4023.0,410,7,4023.8,72,2,4023.9,1,1,4024.2,15,2,4024.5,7,1,4024.6,67,1
11483,2026-07-02 13:02:05+05:30,4023.4,1,4038.63,1307795,149646.0,168478.0,4100.0,4110.0,4012.0,4092.6,25066825,4501.8,3683.4,4440.0,3288.1,4023.4,16,2,4023.3,87,5,4023.2,4,2,4023.1,53,2,4023.0,410,7,4023.8,72,2,4023.9,1,1,4024.2,15,2,4024.5,7,1,4024.6,67,1
11483,2026-07-02 13:02:05+05:30,4023.4,1,4038.63,1307795,149646.0,168478.0,4100.0,4110.0,4012.0,4092.6,25066825,4501.8,3683.4,4440.0,3288.1,4023.4,16,2,4023.3,87,5,4023.2,4,2,4023.1,53,2,4023.0,410,7,4023.8,72,2,4023.9,1,1,4024.2,15,2,4024.5,7,1,4024.6,67,1
11483,2026-07-02 13:02:06+05:30,4023.4,1,4038.63,1307796,149453.0,168488.0,4100.0,4110.0,4012.0,4092.6,25066825,4501.8,3683.4,4440.0,3288.1,4023.4,15,2,4023.3,87,5,4023.2,4,2,4023.1,53,2,4023.0,410,7,4023.8,72,2,4023.9,1,1,4024.2,15,2,4024.5,7,1,4024.6,67,1
11483,2026-07-02 13:02:06+05:30,4023.4,1,4038.63,1307796,149453.0,168488.0,4100.0,4110.0,4012.0,4092.6,25066825,4501.8,3683.4,4440.0,3288.1,4023.4,15,2,4023.3,87,5,4023.2,4,2,4023.1,53,2,4023.0,410,7,4023.8,72,2,4023.9,1,1,4024.2,15,2,4024.5,7,1,4024.6,67,1
11483,2026-07-02 13:02:06+05:30,4023.8,7,4038.63,1307796,149453.0,168488.0,4100.0,4110.0,4012.0,4092.6,25066825,4501.8,3683.4,4440.0,3288.1,4023.4,15,2,4023.3,87,5,4023.2,4,2,4023.1,53,2,4023.0,410,7,4023.8,72,2,4023.9,1,1,4024.2,15,2,4024.5,7,1,4024.6,67,1
11483,2026-07-02 13:02:06+05:30,4023.8,7,4038.63,1307796,149453.0,168488.0,4100.0,4110.0,4012.0,4092.6,25066825,4501.8,3683.4,4440.0,3288.1,4023.4,15,2,4023.3,87,5,4023.2,4,2,4023.1,53,2,4023.0,410,7,4023.8,72,2,4023.9,1,1,4024.2,15,2,4024.5,7,1,4024.6,67,1
11483,2026-07-02 13:02:07+05:30,4023.8,5,4038.63,1307808,149477.0,168511.0,4100.0,4110.0,4012.0,4092.6,25066825,4501.8,3683.4,4440.0,3288.1,4023.4,15,2,4023.3,87,5,4023.2,4,2,4023.1,53,2,4023.0,385,6,4023.8,62,3,4023.9,1,1,4024.2,15,2,4024.5,7,1,4024.6,67,1
11483,2026-07-02 13:02:07+05:30,4023.8,5,4038.63,1307808,149477.0,168511.0,4100.0,4110.0,4012.0,4092.6,25066825,4501.8,3683.4,4440.0,3288.1,4023.4,15,2,4023.3,87,5,4023.2,4,2,4023.1,53,2,4023.0,385,6,4023.8,62,3,4023.9,1,1,4024.2,15,2,4024.5,7,1,4024.6,67,1
11483,2026-07-02 13:02:07+05:30,4023.4,2,4038.63,1307808,149477.0,168511.0,4100.0,4110.0,4012.0,4092.6,25066825,4501.8,3683.4,4440.0,3288.1,4023.4,15,2,4023.3,87,5,4023.2,4,2,4023.1,53,2,4023.0,385,6,4023.8,62,3,4023.9,1,1,4024.2,15,2,4024.5,7,1,4024.6,67,1
11483,2026-07-02 13:02:07+05:30,4023.4,2,4038.63,1307808,149477.0,168511.0,4100.0,4110.0,4012.0,4092.6,25066825,4501.8,3683.4,4440.0,3288.1,4023.4,15,2,4023.3,87,5,4023.2,4,2,4023.1,53,2,4023.0,385,6,4023.8,62,3,4023.9,1,1,4024.2,15,2,4024.5,7,1,4024.6,67,1
11483,2026-07-02 13:02:08+05:30,4023.4,2,4038.63,1307810,149743.0,168524.0,4100.0,4110.0,4012.0,4092.6,25066825,4501.8,3683.4,4440.0,3288.1,4023.4,25,4,4023.3,63,4,4023.2,4,2,4023.1,53,2,4023.0,654,8,4023.8,63,4,4023.9,1,1,4024.2,15,2,4024.5,7,1,4024.6,67,1
11483,2026-07-02 13:02:08+05:30,4023.4,2,4038.63,1307810,149743.0,168524.0,4100.0,4110.0,4012.0,4092.6,25070150,4501.8,3683.4,4440.0,3288.1,4023.4,25,4,4023.3,63,4,4023.2,4,2,4023.1,53,2,4023.0,654,8,4023.8,63,4,4023.9,1,1,4024.2,15,2,4024.5,7,1,4024.6,67,1
11483,2026-07-02 13:02:09+05:30,4023.8,1,4038.63,1307811,149758.0,168439.0,4100.0,4110.0,4012.0,4092.6,25070150,4501.8,3683.4,4440.0,3288.1,4023.6,1,1,4023.4,25,4,4023.3,63,4,4023.2,4,2,4023.1,53,2,4023.8,62,4,4023.9,1,1,4024.2,15,2,4024.5,7,1,4024.6,67,1
11483,2026-07-02 13:02:09+05:30,4023.8,1,4038.63,1307811,149758.0,168439.0,4100.0,4110.0,4012.0,4092.6,25070150,4501.8,3683.4,4440.0,3288.1,4023.6,1,1,4023.4,25,4,4023.3,63,4,4023.2,4,2,4023.1,53,2,4023.8,62,4,4023.9,1,1,4024.2,15,2,4024.5,7,1,4024.6,67,1
11483,2026-07-02 13:02:09+05:30,4023.8,1,4038.63,1307811,149758.0,168439.0,4100.0,4110.0,4012.0,4092.6,25070150,4501.8,3683.4,4440.0,3288.1,4023.6,1,1,4023.4,25,4,4023.3,63,4,4023.2,4,2,4023.1,53,2,4023.8,62,4,4023.9,1,1,4024.2,15,2,4024.5,7,1,4024.6,67,1
11483,2026-07-02 13:02:09+05:30,4023.8,1,4038.63,1307811,149758.0,168439.0,4100.0,4110.0,4012.0,4092.6,25070150,4501.8,3683.4,4440.0,3288.1,4023.6,1,1,4023.4,25,4,4023.3,63,4,4023.2,4,2,4023.1,53,2,4023.8,62,4,4023.9,1,1,4024.2,15,2,4024.5,7,1,4024.6,67,1
11483,2026-07-02 13:02:10+05:30,4023.8,1,4038.63,1307811,149752.0,168441.0,4100.0,4110.0,4012.0,4092.6,25070150,4501.8,3683.4,4440.0,3288.1,4023.6,1,1,4023.4,25,4,4023.3,63,4,4023.2,4,2,4023.1,53,2,4023.8,63,5,4023.9,1,1,4024.2,15,2,4024.5,7,1,4024.6,67,1
11483,2026-07-02 13:02:10+05:30,4023.8,1,4038.63,1307811,149752.0,168441.0,4100.0,4110.0,4012.0,4092.6,25070150,4501.8,3683.4,4440.0,3288.1,4023.6,1,1,4023.4,25,4,4023.3,63,4,4023.2,4,2,4023.1,53,2,4023.8,63,5,4023.9,1,1,4024.2,15,2,4024.5,7,1,4024.6,67,1
11483,2026-07-02 13:02:11+05:30,4023.8,1,4038.63,1307811,149754.0,168441.0,4100.0,4110.0,4012.0,4092.6,25070150,4501.8,3683.4,4440.0,3288.1,4023.6,1,1,4023.4,22,3,4023.3,63,4,4023.2,4,2,4023.1,53,2,4023.8,63,5,4023.9,1,1,4024.2,15,2,4024.5,7,1,4024.6,67,1
11483,2026-07-02 13:02:12+05:30,4023.8,1,4038.63,1307811,149591.0,168061.0,4100.0,4110.0,4012.0,4092.6,25070150,4501.8,3683.4,4440.0,3288.1,4023.6,1,1,4023.4,22,3,4023.3,39,3,4023.2,3,1,4023.1,53,2,4023.8,63,5,4023.9,1,1,4024.2,15,2,4024.5,7,1,4024.6,67,1
11483,2026-07-02 13:02:12+05:30,4023.4,7,4038.63,1307811,149591.0,168061.0,4100.0,4110.0,4012.0,4092.6,25070150,4501.8,3683.4,4440.0,3288.1,4023.6,1,1,4023.4,22,3,4023.3,39,3,4023.2,3,1,4023.1,53,2,4023.8,63,5,4023.9,1,1,4024.2,15,2,4024.5,7,1,4024.6,67,1
11483,2026-07-02 13:02:13+05:30,4023.8,25,4038.63,1307846,149607.0,168038.0,4100.0,4110.0,4012.0,4092.6,25070150,4501.8,3683.4,4440.0,3288.1,4023.4,13,2,4023.3,65,4,4023.2,3,1,4023.1,53,2,4023.0,613,7,4023.6,3,1,4023.8,38,5,4023.9,1,1,4024.2,15,2,4024.5,7,1
11483,2026-07-02 13:02:13+05:30,4023.4,4,4038.63,1307846,149607.0,168038.0,4100.0,4110.0,4012.0,4092.6,25070150,4501.8,3683.4,4440.0,3288.1,4023.4,13,2,4023.3,65,4,4023.2,3,1,4023.1,53,2,4023.0,613,7,4023.6,3,1,4023.8,38,5,4023.9,1,1,4024.2,15,2,4024.5,7,1
11483,2026-07-02 13:02:14+05:30,4023.4,4,4038.63,1307850,150022.0,168026.0,4100.0,4110.0,4012.0,4092.6,25070150,4501.8,3683.4,4440.0,3288.1,4023.4,1,1,4023.3,103,6,4023.2,3,1,4023.1,77,3,4023.0,642,8,4023.6,5,3,4023.8,36,3,4023.9,1,1,4024.2,15,2,4024.5,7,1
11483,2026-07-02 13:02:14+05:30,4023.6,4,4038.63,1307850,150022.0,168026.0,4100.0,4110.0,4012.0,4092.6,25070150,4501.8,3683.4,4440.0,3288.1,4023.4,1,1,4023.3,103,6,4023.2,3,1,4023.1,77,3,4023.0,642,8,4023.6,5,3,4023.8,36,3,4023.9,1,1,4024.2,15,2,4024.5,7,1
11483,2026-07-02 13:02:14+05:30,4023.6,4,4038.63,1307870,150078.0,168015.0,4100.0,4110.0,4012.0,4092.6,25070150,4501.8,3683.4,4440.0,3288.1,4023.4,33,2,4023.3,65,4,4023.2,3,1,4023.1,77,3,4023.0,642,8,4023.6,2,1,4023.8,24,2,4023.9,1,1,4024.2,15,2,4024.5,7,1
11483,2026-07-02 13:02:15+05:30,4023.4,2,4038.63,1307870,150078.0,168015.0,4100.0,4110.0,4012.0,4092.6,25070150,4501.8,3683.4,4440.0,3288.1,4023.4,33,2,4023.3,65,4,4023.2,3,1,4023.1,77,3,4023.0,642,8,4023.6,2,1,4023.8,24,2,4023.9,1,1,4024.2,15,2,4024.5,7,1
11483,2026-07-02 13:02:15+05:30,4023.8,1,4038.63,1307880,150017.0,168028.0,4100.0,4110.0,4012.0,4092.6,25070150,4501.8,3683.4,4440.0,3288.1,4023.3,95,5,4023.2,3,1,4023.1,53,2,4023.0,613,7,4022.8,76,4,4023.8,23,2,4023.9,1,1,4024.2,15,2,4024.5,7,1,4024.6,67,1
11483,2026-07-02 13:02:16+05:30,4023.3,1,4038.63,1307880,150017.0,168028.0,4100.0,4110.0,4012.0,4092.6,25070150,4501.8,3683.4,4440.0,3288.1,4023.3,95,5,4023.2,3,1,4023.1,53,2,4023.0,613,7,4022.8,76,4,4023.8,23,2,4023.9,1,1,4024.2,15,2,4024.5,7,1,4024.6,67,1
11483,2026-07-02 13:02:16+05:30,4023.8,1,4038.63,1307882,150026.0,168060.0,4100.0,4110.0,4012.0,4092.6,25070150,4501.8,3683.4,4440.0,3288.1,4023.3,94,5,4023.2,3,1,4023.1,53,2,4023.0,613,7,4022.8,76,4,4023.8,23,3,4023.9,1,1,4024.2,15,2,4024.5,7,1,4024.6,67,1
11483,2026-07-02 13:02:17+05:30,4023.3,1,4038.63,1307882,150026.0,168060.0,4100.0,4110.0,4012.0,4092.6,25070150,4501.8,3683.4,4440.0,3288.1,4023.3,94,5,4023.2,3,1,4023.1,53,2,4023.0,613,7,4022.8,76,4,4023.8,23,3,4023.9,1,1,4024.2,15,2,4024.5,7,1,4024.6,67,1
11483,2026-07-02 13:02:17+05:30,4023.3,1,4038.63,1307883,150031.0,168064.0,4100.0,4110.0,4012.0,4092.6,25070150,4501.8,3683.4,4440.0,3288.1,4023.3,93,5,4023.2,3,1,4023.1,53,2,4023.0,619,8,4022.8,76,4,4023.8,23,3,4023.9,1,1,4024.2,15,2,4024.5,7,1,4024.6,67,1
11483,2026-07-02 13:02:18+05:30,4024.2,5,4038.63,1307883,150031.0,168064.0,4100.0,4110.0,4012.0,4092.6,25070150,4501.8,3683.4,4440.0,3288.1,4023.3,93,5,4023.2,3,1,4023.1,53,2,4023.0,619,8,4022.8,76,4,4023.8,23,3,4023.9,1,1,4024.2,15,2,4024.5,7,1,4024.6,67,1
11483,2026-07-02 13:02:19+05:30,4024.2,5,4038.63,1307922,150688.0,168196.0,4100.0,4110.0,4012.0,4092.6,25070150,4501.8,3683.4,4440.0,3288.1,4024.1,1,1,4024.0,234,3,4023.8,3,1,4023.7,24,1,4023.4,38,1,4024.2,10,2,4024.6,67,1,4024.7,23,2,4025.0,97,2,4025.2,5,1
11483,2026-07-02 13:02:19+05:30,4024.1,2,4038.63,1307922,150688.0,168196.0,4100.0,4110.0,4012.0,4092.6,25070150,4501.8,3683.4,4440.0,3288.1,4024.1,1,1,4024.0,234,3,4023.8,3,1,4023.7,24,1,4023.4,38,1,4024.2,10,2,4024.6,67,1,4024.7,23,2,4025.0,97,2,4025.2,5,1
11483,2026-07-02 13:02:20+05:30,4024.1,2,4038.63,1307924,150617.0,168203.0,4100.0,4110.0,4012.0,4092.6,25070150,4501.8,3683.4,4440.0,3288.1,4024.0,234,3,4023.7,3,1,4023.6,38,1,4023.4,38,1,4023.3,114,5,4024.1,1,1,4024.2,10,2,4024.6,67,1,4024.7,23,2,4025.0,97,2
11483,2026-07-02 13:02:20+05:30,4024.0,1,4038.63,1307924,150617.0,168203.0,4100.0,4110.0,4012.0,4092.6,25070150,4501.8,3683.4,4440.0,3288.1,4024.0,234,3,4023.7,3,1,4023.6,38,1,4023.4,38,1,4023.3,114,5,4024.1,1,1,4024.2,10,2,4024.6,67,1,4024.7,23,2,4025.0,97,2
11483,2026-07-02 13:02:21+05:30,4024.2,1,4038.63,1307937,150658.0,168273.0,4100.0,4110.0,4012.0,4092.6,25070150,4501.8,3683.4,4440.0,3288.1,4024.2,3,1,4024.0,253,4,4023.7,3,1,4023.6,38,1,4023.4,52,3,4024.6,67,1,4024.7,23,2,4025.0,97,2,4025.2,41,2,4025.5,129,3
11483,2026-07-02 13:02:21+05:30,4024.2,1,4038.63,1307937,150658.0,168273.0,4100.0,4110.0,4012.0,4092.6,25070150,4501.8,3683.4,4440.0,3288.1,4024.2,3,1,4024.0,253,4,4023.7,3,1,4023.6,38,1,4023.4,52,3,4024.6,67,1,4024.7,23,2,4025.0,97,2,4025.2,41,2,4025.5,129,3
11483,2026-07-02 13:02:22+05:30,4024.2,1,4038.63,1307938,150662.0,168273.0,4100.0,4110.0,4012.0,4092.6,25070150,4501.8,3683.4,4440.0,3288.1,4024.2,2,1,4024.0,253,4,4023.7,3,1,4023.6,38,1,4023.4,52,3,4024.6,67,1,4024.7,23,2,4025.0,97,2,4025.2,41,2,4025.5,129,3
11483,2026-07-02 13:02:23+05:30,4024.2,1,4038.63,1307938,150662.0,168247.0,4100.0,4110.0,4012.0,4092.6,25070150,4501.8,3683.4,4440.0,3288.1,4024.2,2,1,4024.0,253,4,4023.7,3,1,4023.6,38,1,4023.4,52,3,4024.6,67,1,4024.7,23,2,4025.0,97,2,4025.2,36,1,4025.5,129,3
11483,2026-07-02 13:02:24+05:30,4024.6,2,4038.63,1307943,150910.0,168242.0,4100.0,4110.0,4012.0,4092.6,25070150,4501.8,3683.4,4440.0,3288.1,4024.0,253,4,4023.7,3,1,4023.6,38,1,4023.4,76,4,4023.3,90,4,4024.6,62,1,4024.7,23,2,4025.0,97,2,4025.2,36,1,4025.5,129,3
11483,2026-07-02 13:02:24+05:30,4024.0,1,4038.63,1307943,150910.0,168242.0,4100.0,4110.0,4012.0,4092.6,25070150,4501.8,3683.4,4440.0,3288.1,4024.0,253,4,4023.7,3,1,4023.6,38,1,4023.4,76,4,4023.3,90,4,4024.6,62,1,4024.7,23,2,4025.0,97,2,4025.2,36,1,4025.5,129,3
11483,2026-07-02 13:02:25+05:30,4024.0,1,4038.63,1307944,150987.0,168248.0,4100.0,4110.0,4012.0,4092.6,25070150,4501.8,3683.4,4440.0,3288.1,4024.0,252,4,4023.7,47,2,4023.6,86,2,4023.4,76,4,4023.3,90,4,4024.6,64,2,4024.7,23,2,4025.0,97,2,4025.2,36,1,4025.5,129,3
11483,2026-07-02 13:02:26+05:30,4024.1,5,4038.63,1307956,150985.0,168240.0,4100.0,4110.0,4012.0,4092.6,25070150,4501.8,3683.4,4440.0,3288.1,4024.1,3,1,4024.0,252,4,4023.7,47,2,4023.6,86,2,4023.4,82,5,4024.6,60,3,4024.7,23,2,4025.0,97,2,4025.2,36,1,4025.5,129,3
11483,2026-07-02 13:02:26+05:30,4024.1,2,4038.63,1307956,150985.0,168240.0,4100.0,4110.0,4012.0,4092.6,25070150,4501.8,3683.4,4440.0,3288.1,4024.1,3,1,4024.0,252,4,4023.7,47,2,4023.6,86,2,4023.4,82,5,4024.6,60,3,4024.7,23,2,4025.0,97,2,4025.2,36,1,4025.5,129,3
11483,2026-07-02 13:02:27+05:30,4025.0,8,4038.62,1308903,157328.0,167833.0,4100.0,4110.0,4012.0,4092.6,25070150,4501.8,3683.4,4440.0,3288.1,4025.0,242,1,4024.6,3,1,4024.4,3,1,4024.3,45,2,4024.2,105,2,4025.5,127,2,4025.8,10,1,4026.0,45,6,4026.1,14,1,4026.2,52,1
11483,2026-07-02 13:02:27+05:30,4025.0,113,4038.62,1308903,157328.0,167833.0,4100.0,4110.0,4012.0,4092.6,25070150,4501.8,3683.4,4440.0,3288.1,4025.0,242,1,4024.6,3,1,4024.4,3,1,4024.3,45,2,4024.2,105,2,4025.5,127,2,4025.8,10,1,4026.0,45,6,4026.1,14,1,4026.2,52,1
11483,2026-07-02 13:02:28+05:30,4025.0,12,4038.61,1309677,157352.0,167629.0,4100.0,4110.0,4012.0,4092.6,25070150,4501.8,3683.4,4440.0,3288.1,4025.0,238,1,4024.6,3,1,4024.2,3,1,4024.1,3,2,4024.0,287,5,4025.4,44,3,4025.5,143,4,4025.7,24,2,4025.8,10,1,4026.0,77,9
11483,2026-07-02 13:02:28+05:30,4025.0,93,4038.61,1309677,157352.0,167629.0,4100.0,4110.0,4012.0,4092.6,25070150,4501.8,3683.4,4440.0,3288.1,4025.0,238,1,4024.6,3,1,4024.2,3,1,4024.1,3,2,4024.0,287,5,4025.4,44,3,4025.5,143,4,4025.7,24,2,4025.8,10,1,4026.0,77,9
11483,2026-07-02 13:02:29+05:30,4025.0,36,4038.61,1310329,157238.0,167826.0,4100.0,4110.0,4012.0,4092.6,25070150,4501.8,3683.4,4440.0,3288.1,4025.0,277,3,4024.6,3,1,4024.0,260,4,4023.7,198,3,4023.6,38,1,4025.2,13,1,4025.3,46,2,4025.4,49,4,4025.5,134,4,4025.7,24,2
11483,2026-07-02 13:02:29+05:30,4025.0,78,4038.61,1310329,157238.0,167826.0,4100.0,4110.0,4012.0,4092.6,25070150,4501.8,3683.4,4440.0,3288.1,4025.0,277,3,4024.6,3,1,4024.0,260,4,4023.7,198,3,4023.6,38,1,4025.2,13,1,4025.3,46,2,4025.4,49,4,4025.5,134,4,4025.7,24,2
11483,2026-07-02 13:02:30+05:30,4025.1,7,4038.61,1310419,157291.0,167622.0,4100.0,4110.0,4012.0,4092.6,25070150,4501.8,3683.4,4440.0,3288.1,4025.0,199,3,4024.6,3,1,4024.0,286,4,4023.8,3,1,4023.7,198,3,4025.2,50,4,4025.3,46,2,4025.4,7,2,4025.5,125,3,4025.7,31,3
11483,2026-07-02 13:02:30+05:30,4025.0,11,4038.61,1310419,157291.0,167622.0,4100.0,4110.0,4012.0,4092.6,25070150,4501.8,3683.4,4440.0,3288.1,4025.0,199,3,4024.6,3,1,4024.0,286,4,4023.8,3,1,4023.7,198,3,4025.2,50,4,4025.3,46,2,4025.4,7,2,4025.5,125,3,4025.7,31,3
11483,2026-07-02 13:02:31+05:30,4025.0,4,4038.6,1310845,156942.0,168192.0,4100.0,4110.0,4012.0,4092.6,25070150,4501.8,3683.4,4440.0,3288.1,4024.6,3,1,4024.0,234,2,4023.4,45,3,4023.3,33,2,4023.1,39,3,4024.9,42,6,4025.0,46,5,4025.1,26,4,4025.2,17,3,4025.3,36,2
11483,2026-07-02 13:02:31+05:30,4024.6,1,4038.6,1310845,156942.0,168192.0,4100.0,4110.0,4012.0,4092.6,25070150,4501.8,3683.4,4440.0,3288.1,4024.6,3,1,4024.0,234,2,4023.4,45,3,4023.3,33,2,4023.1,39,3,4024.9,42,6,4025.0,46,5,4025.1,26,4,4025.2,17,3,4025.3,36,2
11483,2026-07-02 13:02:32+05:30,4024.6,1,4038.6,1310849,156854.0,167968.0,4100.0,4110.0,4012.0,4092.6,25070150,4501.8,3683.4,4440.0,3288.1,4024.0,234,2,4023.3,71,3,4023.1,42,3,4023.0,96,6,4022.9,65,2,4024.6,2,1,4024.9,29,5,4025.0,33,4,4025.1,13,3,4025.2,5,2
11483,2026-07-02 13:02:32+05:30,4024.0,1,4038.6,1310849,156854.0,167968.0,4100.0,4110.0,4012.0,4092.6,25070150,4501.8,3683.4,4440.0,3288.1,4024.0,234,2,4023.3,71,3,4023.1,42,3,4023.0,96,6,4022.9,65,2,4024.6,2,1,4024.9,29,5,4025.0,33,4,4025.1,13,3,4025.2,5,2
11483,2026-07-02 13:02:33+05:30,4024.6,1,4038.6,1310851,156852.0,168067.0,4100.0,4110.0,4012.0,4092.6,25070150,4501.8,3683.4,4440.0,3288.1,4024.0,233,2,4023.3,71,3,4023.2,9,2,4023.1,44,4,4023.0,93,5,4024.6,1,1,4024.9,8,2,4025.1,12,2,4025.2,3,1,4025.3,36,2
11483,2026-07-02 13:02:33+05:30,4024.5,1,4038.6,1310851,156852.0,168067.0,4100.0,4110.0,4012.0,4092.6,25070150,4501.8,3683.4,4440.0,3288.1,4024.0,233,2,4023.3,71,3,4023.2,9,2,4023.1,44,4,4023.0,93,5,4024.6,1,1,4024.9,8,2,4025.1,12,2,4025.2,3,1,4025.3,36,2
11483,2026-07-02 13:02:34+05:30,4024.5,1,4038.6,1310852,156962.0,167884.0,4100.0,4110.0,4012.0,4092.6,25070150,4501.8,3683.4,4440.0,3288.1,4024.3,1,1,4024.0,233,2,4023.3,74,4,4023.2,6,1,4023.1,47,4,4024.5,2,1,4024.6,2,2,4024.9,8,2,4025.1,12,2,4025.2,3,1
11483,2026-07-02 13:02:34+05:30,4024.5,1,4038.6,1310852,156962.0,167884.0,4100.0,4110.0,4012.0,4092.6,25070150,4501.8,3683.4,4440.0,3288.1,4024.3,1,1,4024.0,233,2,4023.3,74,4,4023.2,6,1,4023.1,47,4,4024.5,2,1,4024.6,2,2,4024.9,8,2,4025.1,12,2,4025.2,3,1
11483,2026-07-02 13:02:35+05:30,4024.5,1,4038.6,1310861,156978.0,167939.0,4100.0,4110.0,4012.0,4092.6,25070150,4501.8,3683.4,4440.0,3288.1,4024.0,227,2,4023.4,3,1,4023.3,69,2,4023.2,2,1,4023.1,45,4,4024.5,3,1,4024.6,2,2,4024.9,8,2,4025.0,61,1,4025.1,12,2
11483,2026-07-02 13:02:35+05:30,4024.5,1,4038.6,1310861,156978.0,167939.0,4100.0,4110.0,4012.0,4092.6,25070150,4501.8,3683.4,4440.0,3288.1,4024.0,227,2,4023.4,3,1,4023.3,69,2,4023.2,2,1,4023.1,45,4,4024.5,3,1,4024.6,2,2,4024.9,8,2,4025.0,61,1,4025.1,12,2
11483,2026-07-02 13:02:36+05:30,4024.0,1,4038.6,1310864,157006.0,167947.0,4100.0,4110.0,4012.0,4092.6,25070150,4501.8,3683.4,4440.0,3288.1,4024.0,231,3,4023.4,3,1,4023.3,69,2,4023.2,2,1,4023.1,38,3,4024.5,4,2,4024.6,1,1,4024.9,8,2,4025.0,61,1,4025.1,12,2
11483,2026-07-02 13:02:36+05:30,4024.5,1,4038.6,1310864,157006.0,167947.0,4100.0,4110.0,4012.0,4092.6,25070150,4501.8,3683.4,4440.0,3288.1,4024.0,231,3,4023.4,3,1,4023.3,69,2,4023.2,2,1,4023.1,38,3,4024.5,4,2,4024.6,1,1,4024.9,8,2,4025.0,61,1,4025.1,12,2
11483,2026-07-02 13:02:37+05:30,4024.5,1,4038.6,1310865,156970.0,167988.0,4100.0,4110.0,4012.0,4092.6,25070150,4501.8,3683.4,4440.0,3288.1,4024.0,231,3,4023.4,3,1,4023.3,69,2,4023.2,30,2,4023.1,38,3,4024.5,3,2,4024.6,1,1,4024.9,8,2,4025.0,61,1,4025.1,12,2
11483,2026-07-02 13:02:37+05:30,4024.5,1,4038.6,1310865,156970.0,167988.0,4100.0,4110.0,4012.0,4092.6,25070150,4501.8,3683.4,4440.0,3288.1,4024.0,231,3,4023.4,3,1,4023.3,69,2,4023.2,30,2,4023.1,38,3,4024.5,3,2,4024.6,1,1,4024.9,8,2,4025.0,61,1,4025.1,12,2
11483,2026-07-02 13:02:37+05:30,4024.5,1,4038.6,1310866,156973.0,168045.0,4100.0,4110.0,4012.0,4092.6,25070150,4501.8,3683.4,4440.0,3288.1,4024.0,233,4,4023.4,3,1,4023.3,69,2,4023.2,2,1,4023.1,38,3,4024.5,8,3,4024.6,1,1,4024.8,16,1,4024.9,8,2,4025.0,61,1
11483,2026-07-02 13:02:38+05:30,4024.5,1,4038.6,1310866,156973.0,168045.0,4100.0,4110.0,4012.0,4092.6,25070150,4501.8,3683.4,4440.0,3288.1,4024.0,233,4,4023.4,3,1,4023.3,69,2,4023.2,2,1,4023.1,38,3,4024.5,8,3,4024.6,1,1,4024.8,16,1,4024.9,8,2,4025.0,61,1
11483,2026-07-02 13:02:38+05:30,4024.5,1,4038.6,1310874,156967.0,168042.0,4100.0,4110.0,4012.0,4092.6,25070150,4501.8,3683.4,4440.0,3288.1,4024.0,226,4,4023.4,3,1,4023.3,69,2,4023.2,2,1,4023.1,38,3,4024.5,4,2,4024.6,1,1,4024.8,16,1,4024.9,8,2,4025.0,61,1
11483,2026-07-02 13:02:39+05:30,4024.5,1,4038.6,1310874,156967.0,168042.0,4100.0,4110.0,4012.0,4092.6,25070150,4501.8,3683.4,4440.0,3288.1,4024.0,226,4,4023.4,3,1,4023.3,69,2,4023.2,2,1,4023.1,38,3,4024.5,4,2,4024.6,1,1,4024.8,16,1,4024.9,8,2,4025.0,61,1
11483,2026-07-02 13:02:39+05:30,4024.0,1,4038.6,1310879,156880.0,168116.0,4100.0,4110.0,4012.0,4092.6,25070150,4501.8,3683.4,4440.0,3288.1,4024.0,224,4,4023.4,3,1,4023.3,69,2,4023.2,2,1,4023.1,38,3,4024.5,3,2,4024.6,1,1,4024.8,17,2,4024.9,23,3,4025.0,61,1
11483,2026-07-02 13:02:40+05:30,4024.5,1,4038.6,1310879,156880.0,168116.0,4100.0,4110.0,4012.0,4092.6,25070150,4501.8,3683.4,4440.0,3288.1,4024.0,224,4,4023.4,3,1,4023.3,69,2,4023.2,2,1,4023.1,38,3,4024.5,3,2,4024.6,1,1,4024.8,17,2,4024.9,23,3,4025.0,61,1
11483,2026-07-02 13:02:40+05:30,4024.5,11,4038.6,1310893,156946.0,168092.0,4100.0,4110.0,4012.0,4092.6,25070150,4501.8,3683.4,4440.0,3288.1,4024.0,224,4,4023.4,3,1,4023.3,69,2,4023.2,2,1,4023.1,48,4,4024.5,3,1,4024.6,1,1,4024.8,1,1,4024.9,23,3,4025.0,75,2
11483,2026-07-02 13:02:41+05:30,4024.5,1,4038.6,1310893,156946.0,168092.0,4100.0,4110.0,4012.0,4092.6,25070150,4501.8,3683.4,4440.0,3288.1,4024.0,224,4,4023.4,3,1,4023.3,69,2,4023.2,2,1,4023.1,48,4,4024.5,3,1,4024.6,1,1,4024.8,1,1,4024.9,23,3,4025.0,75,2
11483,2026-07-02 13:02:41+05:30,4024.5,1,4038.6,1310896,156893.0,168247.0,4100.0,4110.0,4012.0,4092.6,25070150,4501.8,3683.4,4440.0,3288.1,4024.0,222,4,4023.4,3,1,4023.3,69,2,4023.1,38,3,4023.0,125,5,4024.5,7,3,4024.6,1,1,4024.8,1,1,4024.9,23,3,4025.0,75,2
11483,2026-07-02 13:02:42+05:30,4024.0,5,4038.6,1310896,156893.0,168247.0,4100.0,4110.0,4012.0,4092.6,25070150,4501.8,3683.4,4440.0,3288.1,4024.0,222,4,4023.4,3,1,4023.3,69,2,4023.1,38,3,4023.0,125,5,4024.5,7,3,4024.6,1,1,4024.8,1,1,4024.9,23,3,4025.0,75,2
11483,2026-07-02 13:02:42+05:30,4024.0,5,4038.6,1310919,156361.0,168391.0,4100.0,4110.0,4012.0,4092.6,25070150,4501.8,3683.4,4440.0,3288.1,4024.1,2,1,4024.0,214,3,4023.3,31,1,4023.1,12,1,4023.0,73,3,4024.5,3,1,4024.6,27,5,4024.7,11,2,4024.8,16,3,4024.9,60,5
11483,2026-07-02 13:02:43+05:30,4024.5,1,4038.6,1310919,156361.0,168391.0,4100.0,4110.0,4012.0,4092.6,25070150,4501.8,3683.4,4440.0,3288.1,4024.1,2,1,4024.0,214,3,4023.3,31,1,4023.1,12,1,4023.0,73,3,4024.5,3,1,4024.6,27,5,4024.7,11,2,4024.8,16,3,4024.9,60,5
11483,2026-07-02 13:02:43+05:30,4024.0,2,4038.6,1311106,156009.0,168380.0,4100.0,4110.0,4012.0,4092.6,25070150,4501.8,3683.4,4440.0,3288.1,4024.0,43,3,4023.3,31,1,4023.1,17,2,4023.0,63,4,4022.9,93,2,4024.5,2,1,4024.6,18,4,4024.7,11,2,4024.8,16,3,4024.9,31,4
11483,2026-07-02 13:02:44+05:30,4024.4,1,4038.6,1311106,156009.0,168380.0,4100.0,4110.0,4012.0,4092.6,25070150,4501.8,3683.4,4440.0,3288.1,4024.0,43,3,4023.3,31,1,4023.1,17,2,4023.0,63,4,4022.9,93,2,4024.5,2,1,4024.6,18,4,4024.7,11,2,4024.8,16,3,4024.9,31,4
11483,2026-07-02 13:02:44+05:30,4024.4,1,4038.6,1311130,156740.0,168221.0,4100.0,4110.0,4012.0,4092.6,25070150,4501.8,3683.4,4440.0,3288.1,4024.0,270,3,4023.4,37,2,4023.3,31,1,4023.1,17,2,4023.0,98,4,4024.4,1,1,4024.6,5,1,4024.8,1,1,4024.9,23,3,4025.0,75,2
11483,2026-07-02 13:02:45+05:30,4024.4,1,4038.6,1311130,156740.0,168221.0,4100.0,4110.0,4012.0,4092.6,25070150,4501.8,3683.4,4440.0,3288.1,4024.0,270,3,4023.4,37,2,4023.3,31,1,4023.1,17,2,4023.0,98,4,4024.4,1,1,4024.6,5,1,4024.8,1,1,4024.9,23,3,4025.0,75,2
11483,2026-07-02 13:02:45+05:30,4024.6,2,4038.6,1311139,156755.0,168207.0,4100.0,4110.0,4012.0,4092.6,25070150,4501.8,3683.4,4440.0,3288.1,4024.0,267,3,4023.4,37,2,4023.3,31,1,4023.1,17,2,4023.0,98,4,4024.6,3,1,4024.8,1,1,4024.9,23,3,4025.0,75,2,4025.1,33,4
11483,2026-07-02 13:02:46+05:30,4024.5,5,4038.6,1311139,156755.0,168207.0,4100.0,4110.0,4012.0,4092.6,25070150,4501.8,3683.4,4440.0,3288.1,4024.0,267,3,4023.4,37,2,4023.3,31,1,4023.1,17,2,4023.0,98,4,4024.6,3,1,4024.8,1,1,4024.9,23,3,4025.0,75,2,4025.1,33,4
11483,2026-07-02 13:02:46+05:30,4024.5,5,4038.6,1311154,156774.0,168184.0,4100.0,4110.0,4012.0,4092.6,25070150,4501.8,3683.4,4440.0,3288.1,4024.0,266,3,4023.4,37,2,4023.3,31,1,4023.1,17,2,4023.0,98,4,4024.5,3,1,4024.6,6,1,4024.8,1,1,4024.9,23,3,4025.0,85,3
11483,2026-07-02 13:02:47+05:30,4024.0,6,4038.6,1311154,156774.0,168184.0,4100.0,4110.0,4012.0,4092.6,25070150,4501.8,3683.4,4440.0,3288.1,4024.0,266,3,4023.4,37,2,4023.3,31,1,4023.1,17,2,4023.0,98,4,4024.5,3,1,4024.6,6,1,4024.8,1,1,4024.9,23,3,4025.0,85,3
11483,2026-07-02 13:02:47+05:30,4024.0,1,4038.6,1311167,156774.0,168236.0,4100.0,4110.0,4012.0,4092.6,25070150,4501.8,3683.4,4440.0,3288.1,4024.0,257,3,4023.4,37,2,4023.3,31,1,4023.1,12,1,4023.0,148,5,4024.5,3,1,4024.6,6,1,4024.8,17,2,4024.9,23,3,4025.0,85,3
11483,2026-07-02 13:02:48+05:30,4024.5,1,4038.6,1311167,156774.0,168236.0,4100.0,4110.0,4012.0,4092.6,25070150,4501.8,3683.4,4440.0,3288.1,4024.0,257,3,4023.4,37,2,4023.3,31,1,4023.1,12,1,4023.0,148,5,4024.5,3,1,4024.6,6,1,4024.8,17,2,4024.9,23,3,4025.0,85,3
11483,2026-07-02 13:02:48+05:30,4024.5,1,4038.6,1311171,156786.0,168238.0,4100.0,4110.0,4012.0,4092.6,25070150,4501.8,3683.4,4440.0,3288.1,4024.0,265,3,4023.4,37,2,4023.3,31,1,4023.1,12,1,4023.0,98,4,4024.5,2,1,4024.6,6,1,4024.8,17,2,4024.9,23,3,4025.0,85,3
11483,2026-07-02 13:02:49+05:30,4024.2,1,4038.6,1311172,156791.0,168156.0,4100.0,4110.0,4012.0,4092.6,25070150,4501.8,3683.4,4440.0,3288.1,4024.0,265,3,4023.4,37,2,4023.3,31,1,4023.1,21,2,4023.0,98,4,4024.5,2,1,4024.6,6,1,4024.8,1,1,4024.9,23,3,4025.0,85,3
11483,2026-07-02 13:02:50+05:30,4024.5,4,4038.6,1311172,156791.0,168156.0,4100.0,4110.0,4012.0,4092.6,25070150,4501.8,3683.4,4440.0,3288.1,4024.0,265,3,4023.4,37,2,4023.3,31,1,4023.1,21,2,4023.0,98,4,4024.5,2,1,4024.6,6,1,4024.8,1,1,4024.9,23,3,4025.0,85,3
11483,2026-07-02 13:02:50+05:30,4024.3,1,4038.6,1311178,157147.0,168202.0,4100.0,4110.0,4012.0,4092.6,25070150,4501.8,3683.4,4440.0,3288.1,4024.3,80,1,4024.2,42,1,4024.1,42,1,4024.0,264,3,4023.9,42,1,4024.5,4,2,4024.6,6,1,4024.8,1,1,4024.9,17,2,4025.0,85,3
11483,2026-07-02 13:02:51+05:30,4024.3,1,4038.6,1311178,157147.0,168202.0,4100.0,4110.0,4012.0,4092.6,25070150,4501.8,3683.4,4440.0,3288.1,4024.3,80,1,4024.2,42,1,4024.1,42,1,4024.0,264,3,4023.9,42,1,4024.5,4,2,4024.6,6,1,4024.8,1,1,4024.9,17,2,4025.0,85,3
11483,2026-07-02 13:02:51+05:30,4024.4,1,4038.6,1311179,156914.0,168255.0,4100.0,4110.0,4012.0,4092.6,25070150,4501.8,3683.4,4440.0,3288.1,4024.4,41,1,4024.3,42,1,4024.1,42,1,4024.0,264,3,4023.9,42,1,4024.5,5,3,4024.6,6,1,4024.8,1,1,4024.9,17,2,4025.0,101,4
11483,2026-07-02 13:02:52+05:30,4024.1,6,4038.6,1311179,156914.0,168255.0,4100.0,4110.0,4012.0,4092.6,25070150,4501.8,3683.4,4440.0,3288.1,4024.4,41,1,4024.3,42,1,4024.1,42,1,4024.0,264,3,4023.9,42,1,4024.5,5,3,4024.6,6,1,4024.8,1,1,4024.9,17,2,4025.0,101,4
11483,2026-07-02 13:02:52+05:30,4024.1,6,4038.6,1311372,156899.0,168359.0,4100.0,4110.0,4012.0,4092.6,25070150,4501.8,3683.4,4440.0,3288.1,4024.1,10,1,4024.0,264,3,4023.9,42,1,4023.4,81,4,4023.3,31,1,4024.6,6,1,4024.8,1,1,4024.9,33,3,4025.0,315,4,4025.3,55,2
11483,2026-07-02 13:02:53+05:30,4024.1,14,4038.6,1311372,156899.0,168359.0,4100.0,4110.0,4012.0,4092.6,25070150,4501.8,3683.4,4440.0,3288.1,4024.1,10,1,4024.0,264,3,4023.9,42,1,4023.4,81,4,4023.3,31,1,4024.6,6,1,4024.8,1,1,4024.9,33,3,4025.0,315,4,4025.3,55,2
11483,2026-07-02 13:02:53+05:30,4024.1,1,4038.6,1311397,156818.0,168322.0,4100.0,4110.0,4012.0,4092.6,25070150,4501.8,3683.4,4440.0,3288.1,4024.1,23,1,4024.0,265,4,4023.6,3,1,4023.5,42,1,4023.4,69,3,4024.5,2,1,4024.6,6,1,4024.8,1,1,4024.9,17,2,4025.0,315,4
11483,2026-07-02 13:02:54+05:30,4024.0,23,4038.6,1311397,156818.0,168322.0,4100.0,4110.0,4012.0,4092.6,25070150,4501.8,3683.4,4440.0,3288.1,4024.1,23,1,4024.0,265,4,4023.6,3,1,4023.5,42,1,4023.4,69,3,4024.5,2,1,4024.6,6,1,4024.8,1,1,4024.9,17,2,4025.0,315,4
11483,2026-07-02 13:02:54+05:30,4024.0,1,4038.59,1311530,156831.0,168270.0,4100.0,4110.0,4012.0,4092.6,25070150,4501.8,3683.4,4440.0,3288.1,4024.0,280,4,4023.9,68,2,4023.7,42,1,4023.5,42,1,4023.4,39,2,4024.1,75,2,4024.5,2,1,4024.6,6,1,4024.8,1,1,4024.9,17,2
11483,2026-07-02 13:02:55+05:30,4024.1,12,4038.59,1311530,156831.0,168270.0,4100.0,4110.0,4012.0,4092.6,25070150,4501.8,3683.4,4440.0,3288.1,4024.0,280,4,4023.9,68,2,4023.7,42,1,4023.5,42,1,4023.4,39,2,4024.1,75,2,4024.5,2,1,4024.6,6,1,4024.8,1,1,4024.9,17,2
11483,2026-07-02 13:02:55+05:30,4024.1,12,4038.59,1311639,156886.0,168136.0,4100.0,4110.0,4012.0,4092.6,25070150,4501.8,3683.4,4440.0,3288.1,4024.1,8,1,4024.0,297,6,4023.9,42,1,4023.7,80,2,4023.6,3,1,4024.5,2,1,4024.6,6,1,4024.8,1,1,4024.9,17,2,4025.0,315,4
11483,2026-07-02 13:02:56+05:30,4024.5,2,4038.59,1311639,156886.0,168136.0,4100.0,4110.0,4012.0,4092.6,25070150,4501.8,3683.4,4440.0,3288.1,4024.1,8,1,4024.0,297,6,4023.9,42,1,4023.7,80,2,4023.6,3,1,4024.5,2,1,4024.6,6,1,4024.8,1,1,4024.9,17,2,4025.0,315,4
11483,2026-07-02 13:02:56+05:30,4024.5,2,4038.59,1311655,157003.0,168113.0,4100.0,4110.0,4012.0,4092.6,25070150,4501.8,3683.4,4440.0,3288.1,4024.4,42,1,4024.3,42,1,4024.1,49,2,4024.0,272,6,4023.9,42,1,4024.5,2,1,4024.6,6,1,4024.8,1,1,4024.9,17,2,4025.0,315,4
11483,2026-07-02 13:02:57+05:30,4024.5,10,4038.59,1311655,157003.0,168113.0,4100.0,4110.0,4012.0,4092.6,25070150,4501.8,3683.4,4440.0,3288.1,4024.4,42,1,4024.3,42,1,4024.1,49,2,4024.0,272,6,4023.9,42,1,4024.5,2,1,4024.6,6,1,4024.8,1,1,4024.9,17,2,4025.0,315,4
11483,2026-07-02 13:02:57+05:30,4024.5,10,4038.59,1311843,155689.0,168211.0,4100.0,4110.0,4012.0,4092.6,25070150,4501.8,3683.4,4440.0,3288.1,4024.5,68,1,4024.4,39,1,4024.3,42,1,4024.1,49,2,4024.0,272,6,4025.0,271,2,4025.3,18,2,4025.5,119,2,4025.6,2,1,4025.7,83,4
11483,2026-07-02 13:02:58+05:30,4025.0,53,4038.59,1311843,155689.0,168211.0,4100.0,4110.0,4012.0,4092.6,25070150,4501.8,3683.4,4440.0,3288.1,4024.5,68,1,4024.4,39,1,4024.3,42,1,4024.1,49,2,4024.0,272,6,4025.0,271,2,4025.3,18,2,4025.5,119,2,4025.6,2,1,4025.7,83,4
11483,2026-07-02 13:02:58+05:30,4025.0,53,4038.59,1311921,155751.0,168338.0,4100.0,4110.0,4012.0,4092.6,25070150,4501.8,3683.4,4440.0,3288.1,4024.6,42,1,4024.4,81,2,4024.2,42,1,4024.0,271,5,4023.9,30,1,4025.0,217,2,4025.3,18,2,4025.5,119,2,4025.6,2,1,4025.7,83,4
11483,2026-07-02 13:02:59+05:30,4025.0,1,4038.59,1311940,155834.0,168220.0,4100.0,4110.0,4012.0,4092.6,25070150,4501.8,3683.4,4440.0,3288.1,4024.9,33,1,4024.7,1,1,4024.6,31,1,4024.5,42,1,4024.4,39,1,4025.0,209,2,4025.3,18,2,4025.5,119,2,4025.6,2,1,4025.7,83,4
11483,2026-07-02 13:02:59+05:30,4025.0,1,4038.59,1311940,155834.0,168220.0,4100.0,4110.0,4012.0,4092.6,25070150,4501.8,3683.4,4440.0,3288.1,4024.9,33,1,4024.7,1,1,4024.6,31,1,4024.5,42,1,4024.4,39,1,4025.0,209,2,4025.3,18,2,4025.5,119,2,4025.6,2,1,4025.7,83,4
11483,2026-07-02 13:03:00+05:30,4025.0,1,4038.59,1311946,155734.0,168339.0,4100.0,4110.0,4012.0,4092.6,25070150,4501.8,3683.4,4440.0,3288.1,4024.7,1,1,4024.6,73,2,4024.4,81,2,4024.0,301,6,4023.8,3,1,4025.0,208,3,4025.1,15,1,4025.3,3,1,4025.4,16,1,4025.5,119,2
11483,2026-07-02 13:03:00+05:30,4024.7,1,4038.59,1311946,155734.0,168339.0,4100.0,4110.0,4012.0,4092.6,25070150,4501.8,3683.4,4440.0,3288.1,4024.7,1,1,4024.6,73,2,4024.4,81,2,4024.0,301,6,4023.8,3,1,4025.0,208,3,4025.1,15,1,4025.3,3,1,4025.4,16,1,4025.5,119,2
11483,2026-07-02 13:03:01+05:30,4024.1,1,4038.56,1314638,148139.0,169223.0,4100.0,4110.0,4012.0,4092.6,25070150,4501.8,3683.4,4440.0,3288.1,4023.6,38,1,4023.0,11,1,4022.6,10,2,4022.5,49,2,4022.4,5,3,4024.1,219,8,4024.2,24,2,4024.3,12,3,4024.4,33,2,4024.5,72,5
11483,2026-07-02 13:03:01+05:30,4022.1,34,4038.56,1314638,148139.0,169223.0,4100.0,4110.0,4012.0,4092.6,25070150,4501.8,3683.4,4440.0,3288.1,4023.6,38,1,4023.0,11,1,4022.6,10,2,4022.5,49,2,4022.4,5,3,4024.1,219,8,4024.2,24,2,4024.3,12,3,4024.4,33,2,4024.5,72,5
11483,2026-07-02 13:03:02+05:30,4023.0,15,4038.55,1315384,146959.0,168648.0,4100.0,4110.0,4012.0,4092.6,25070150,4501.8,3683.4,4440.0,3288.1,4022.9,175,5,4022.8,26,2,4022.7,42,1,4022.6,122,4,4022.5,128,3,4024.0,16,2,4024.1,20,2,4024.7,21,3,4024.8,7,1,4024.9,24,2
11483,2026-07-02 13:03:02+05:30,4022.9,48,4038.55,1315384,146959.0,168648.0,4100.0,4110.0,4012.0,4092.6,25070150,4501.8,3683.4,4440.0,3288.1,4022.9,175,5,4022.8,26,2,4022.7,42,1,4022.6,122,4,4022.5,128,3,4024.0,16,2,4024.1,20,2,4024.7,21,3,4024.8,7,1,4024.9,24,2
11483,2026-07-02 13:03:03+05:30,4024.1,1,4038.55,1315506,148620.0,168929.0,4100.0,4110.0,4012.0,4092.6,25070150,4501.8,3683.4,4440.0,3288.1,4022.9,120,5,4022.8,54,2,4022.7,12,1,4022.6,181,5,4022.5,67,3,4024.1,12,2,4024.7,21,3,4024.8,7,1,4024.9,62,3,4025.0,268,5
11483,2026-07-02 13:03:03+05:30,4022.9,12,4038.55,1315506,148620.0,168929.0,4100.0,4110.0,4012.0,4092.6,25070150,4501.8,3683.4,4440.0,3288.1,4022.9,120,5,4022.8,54,2,4022.7,12,1,4022.6,181,5,4022.5,67,3,4024.1,12,2,4024.7,21,3,4024.8,7,1,4024.9,62,3,4025.0,268,5
11483,2026-07-02 13:03:04+05:30,4022.9,1,4038.55,1315521,148572.0,169038.0,4100.0,4110.0,4012.0,4092.6,25070150,4501.8,3683.4,4440.0,3288.1,4023.2,15,1,4022.9,105,4,4022.8,54,2,4022.7,12,1,4022.6,152,4,4024.1,12,2,4024.7,69,4,4024.8,93,3,4024.9,24,2,4025.0,268,5
11483,2026-07-02 13:03:04+05:30,4022.9,1,4038.55,1315521,148572.0,169038.0,4100.0,4110.0,4012.0,4092.6,25070150,4501.8,3683.4,4440.0,3288.1,4023.2,15,1,4022.9,105,4,4022.8,54,2,4022.7,12,1,4022.6,152,4,4024.1,12,2,4024.7,69,4,4024.8,93,3,4024.9,24,2,4025.0,268,5
11483,2026-07-02 13:03:04+05:30,4022.9,1,4038.55,1315521,148572.0,169038.0,4100.0,4110.0,4012.0,4092.6,25070150,4501.8,3683.4,4440.0,3288.1,4023.2,15,1,4022.9,105,4,4022.8,54,2,4022.7,12,1,4022.6,152,4,4024.1,12,2,4024.7,69,4,4024.8,93,3,4024.9,24,2,4025.0,268,5
11483,2026-07-02 13:03:05+05:30,4022.9,1,4038.55,1315521,148572.0,169038.0,4100.0,4110.0,4012.0,4092.6,25070150,4501.8,3683.4,4440.0,3288.1,4023.2,15,1,4022.9,105,4,4022.8,54,2,4022.7,12,1,4022.6,152,4,4024.1,12,2,4024.7,69,4,4024.8,93,3,4024.9,24,2,4025.0,268,5
11483,2026-07-02 13:03:05+05:30,4024.1,5,4038.55,1315521,148572.0,169038.0,4100.0,4110.0,4012.0,4092.6,25070150,4501.8,3683.4,4440.0,3288.1,4023.2,15,1,4022.9,105,4,4022.8,54,2,4022.7,12,1,4022.6,152,4,4024.1,12,2,4024.7,69,4,4024.8,93,3,4024.9,24,2,4025.0,268,5
11483,2026-07-02 13:03:05+05:30,4024.1,5,4038.55,1315528,148661.0,169099.0,4100.0,4110.0,4012.0,4092.6,25070150,4501.8,3683.4,4440.0,3288.1,4023.2,13,1,4022.9,51,2,4022.8,2,1,4022.6,155,5,4022.5,61,2,4024.0,32,4,4024.1,24,2,4024.5,16,1,4024.6,67,2,4024.7,107,5
11483,2026-07-02 13:03:05+05:30,4024.1,5,4038.55,1315528,148661.0,169099.0,4100.0,4110.0,4012.0,4092.6,25070150,4501.8,3683.4,4440.0,3288.1,4023.2,13,1,4022.9,51,2,4022.8,2,1,4022.6,155,5,4022.5,61,2,4024.0,32,4,4024.1,24,2,4024.5,16,1,4024.6,67,2,4024.7,107,5
11483,2026-07-02 13:03:06+05:30,4024.1,5,4038.55,1315528,148661.0,169099.0,4100.0,4110.0,4012.0,4092.6,25070150,4501.8,3683.4,4440.0,3288.1,4023.2,13,1,4022.9,51,2,4022.8,2,1,4022.6,155,5,4022.5,61,2,4024.0,32,4,4024.1,24,2,4024.5,16,1,4024.6,67,2,4024.7,107,5
11483,2026-07-02 13:03:06+05:30,4024.0,2,4038.55,1315528,148661.0,169099.0,4100.0,4110.0,4012.0,4092.6,25070150,4501.8,3683.4,4440.0,3288.1,4023.2,13,1,4022.9,51,2,4022.8,2,1,4022.6,155,5,4022.5,61,2,4024.0,32,4,4024.1,24,2,4024.5,16,1,4024.6,67,2,4024.7,107,5
11483,2026-07-02 13:03:06+05:30,4022.6,4,4038.55,1315638,148643.0,169276.0,4100.0,4110.0,4012.0,4092.6,25070150,4501.8,3683.4,4440.0,3288.1,4022.5,19,1,4022.4,64,4,4022.3,143,5,4022.2,30,4,4022.1,484,4,4024.0,30,4,4024.1,24,2,4024.4,67,2,4024.5,48,2,4024.6,29,1
11483,2026-07-02 13:03:06+05:30,4022.6,4,4038.55,1315638,148643.0,169276.0,4100.0,4110.0,4012.0,4092.6,25070150,4501.8,3683.4,4440.0,3288.1,4022.5,19,1,4022.4,64,4,4022.3,143,5,4022.2,30,4,4022.1,484,4,4024.0,30,4,4024.1,24,2,4024.4,67,2,4024.5,48,2,4024.6,29,1
11483,2026-07-02 13:03:07+05:30,4022.6,4,4038.55,1315638,148643.0,169276.0,4100.0,4110.0,4012.0,4092.6,25070150,4501.8,3683.4,4440.0,3288.1,4022.5,19,1,4022.4,64,4,4022.3,143,5,4022.2,30,4,4022.1,484,4,4024.0,30,4,4024.1,24,2,4024.4,67,2,4024.5,48,2,4024.6,29,1
11483,2026-07-02 13:03:07+05:30,4022.5,13,4038.55,1315651,148635.0,169107.0,4100.0,4110.0,4012.0,4092.6,25070150,4501.8,3683.4,4440.0,3288.1,4022.4,64,4,4022.3,143,5,4022.2,30,4,4022.1,484,4,4022.0,618,21,4023.9,10,1,4024.0,30,4,4024.1,24,2,4024.2,6,1,4024.3,86,2
11483,2026-07-02 13:03:07+05:30,4022.4,2,4038.55,1315651,148635.0,169107.0,4100.0,4110.0,4012.0,4092.6,25070150,4501.8,3683.4,4440.0,3288.1,4022.4,64,4,4022.3,143,5,4022.2,30,4,4022.1,484,4,4022.0,618,21,4023.9,10,1,4024.0,30,4,4024.1,24,2,4024.2,6,1,4024.3,86,2
11483,2026-07-02 13:03:07+05:30,4022.4,2,4038.55,1315651,148635.0,169107.0,4100.0,4110.0,4012.0,4092.6,25070150,4501.8,3683.4,4440.0,3288.1,4022.4,64,4,4022.3,143,5,4022.2,30,4,4022.1,484,4,4022.0,618,21,4023.9,10,1,4024.0,30,4,4024.1,24,2,4024.2,6,1,4024.3,86,2
11483,2026-07-02 13:03:08+05:30,4022.4,2,4038.55,1315651,148635.0,169107.0,4100.0,4110.0,4012.0,4092.6,25070150,4501.8,3683.4,4440.0,3288.1,4022.4,64,4,4022.3,143,5,4022.2,30,4,4022.1,484,4,4022.0,618,21,4023.9,10,1,4024.0,30,4,4024.1,24,2,4024.2,6,1,4024.3,86,2
11483,2026-07-02 13:03:08+05:30,4022.4,2,4038.55,1315653,147588.0,170313.0,4100.0,4110.0,4012.0,4092.6,25070150,4501.8,3683.4,4440.0,3288.1,4022.1,484,4,4022.0,532,20,4021.9,83,2,4021.8,165,3,4021.6,43,4,4023.0,81,1,4023.1,42,1,4023.2,42,1,4023.4,42,1,4023.5,29,1
11483,2026-07-02 13:03:08+05:30,4022.4,2,4038.55,1315653,147588.0,170313.0,4100.0,4110.0,4012.0,4092.6,25070150,4501.8,3683.4,4440.0,3288.1,4022.1,484,4,4022.0,532,20,4021.9,83,2,4021.8,165,3,4021.6,43,4,4023.0,81,1,4023.1,42,1,4023.2,42,1,4023.4,42,1,4023.5,29,1
11483,2026-07-02 13:03:08+05:30,4022.4,2,4038.55,1315653,147588.0,170313.0,4100.0,4110.0,4012.0,4092.6,25077325,4501.8,3683.4,4440.0,3288.1,4022.1,484,4,4022.0,532,20,4021.9,83,2,4021.8,165,3,4021.6,43,4,4023.0,81,1,4023.1,42,1,4023.2,42,1,4023.4,42,1,4023.5,29,1
11483,2026-07-02 13:03:09+05:30,4022.4,2,4038.55,1315653,147588.0,170313.0,4100.0,4110.0,4012.0,4092.6,25077325,4501.8,3683.4,4440.0,3288.1,4022.1,484,4,4022.0,532,20,4021.9,83,2,4021.8,165,3,4021.6,43,4,4023.0,81,1,4023.1,42,1,4023.2,42,1,4023.4,42,1,4023.5,29,1
11483,2026-07-02 13:03:09+05:30,4023.0,1,4038.55,1315683,147454.0,170226.0,4100.0,4110.0,4012.0,4092.6,25077325,4501.8,3683.4,4440.0,3288.1,4022.1,499,5,4022.0,529,20,4021.9,7,1,4021.8,122,2,4021.6,38,3,4022.5,51,1,4022.6,42,1,4022.7,42,1,4022.9,42,1,4023.0,2,1
11483,2026-07-02 13:03:09+05:30,4023.0,1,4038.55,1315683,147454.0,170226.0,4100.0,4110.0,4012.0,4092.6,25077325,4501.8,3683.4,4440.0,3288.1,4022.1,499,5,4022.0,529,20,4021.9,7,1,4021.8,122,2,4021.6,38,3,4022.5,51,1,4022.6,42,1,4022.7,42,1,4022.9,42,1,4023.0,2,1
11483,2026-07-02 13:03:09+05:30,4023.0,1,4038.55,1315683,147454.0,170226.0,4100.0,4110.0,4012.0,4092.6,25077325,4501.8,3683.4,4440.0,3288.1,4022.1,499,5,4022.0,529,20,4021.9,7,1,4021.8,122,2,4021.6,38,3,4022.5,51,1,4022.6,42,1,4022.7,42,1,4022.9,42,1,4023.0,2,1
11483,2026-07-02 13:03:10+05:30,4023.0,1,4038.55,1315683,147454.0,170226.0,4100.0,4110.0,4012.0,4092.6,25077325,4501.8,3683.4,4440.0,3288.1,4022.1,499,5,4022.0,529,20,4021.9,7,1,4021.8,122,2,4021.6,38,3,4022.5,51,1,4022.6,42,1,4022.7,42,1,4022.9,42,1,4023.0,2,1
11483,2026-07-02 13:03:10+05:30,4022.5,1,4038.55,1315689,147432.0,170193.0,4100.0,4110.0,4012.0,4092.6,25077325,4501.8,3683.4,4440.0,3288.1,4022.1,480,4,4022.0,482,19,4021.9,21,2,4021.8,36,1,4021.6,25,2,4022.2,49,1,4022.3,42,1,4022.4,42,1,4022.5,2,1,4022.6,42,1
11483,2026-07-02 13:03:10+05:30,4022.5,1,4038.55,1315689,147432.0,170193.0,4100.0,4110.0,4012.0,4092.6,25077325,4501.8,3683.4,4440.0,3288.1,4022.1,480,4,4022.0,482,19,4021.9,21,2,4021.8,36,1,4021.6,25,2,4022.2,49,1,4022.3,42,1,4022.4,42,1,4022.5,2,1,4022.6,42,1
11483,2026-07-02 13:03:10+05:30,4022.5,1,4038.55,1315689,147432.0,170193.0,4100.0,4110.0,4012.0,4092.6,25077325,4501.8,3683.4,4440.0,3288.1,4022.1,480,4,4022.0,482,19,4021.9,21,2,4021.8,36,1,4021.6,25,2,4022.2,49,1,4022.3,42,1,4022.4,42,1,4022.5,2,1,4022.6,42,1
11483,2026-07-02 13:03:11+05:30,4022.5,2,4038.55,1315737,148587.0,169365.0,4100.0,4110.0,4012.0,4092.6,25077325,4501.8,3683.4,4440.0,3288.1,4022.5,23,1,4022.4,45,6,4022.3,203,10,4022.2,96,6,4022.1,520,6,4023.8,2,1,4023.9,1,1,4024.0,7,1,4024.6,72,2,4024.7,21,3
11483,2026-07-02 13:03:11+05:30,4022.5,6,4038.55,1315737,148587.0,169365.0,4100.0,4110.0,4012.0,4092.6,25077325,4501.8,3683.4,4440.0,3288.1,4022.5,23,1,4022.4,45,6,4022.3,203,10,4022.2,96,6,4022.1,520,6,4023.8,2,1,4023.9,1,1,4024.0,7,1,4024.6,72,2,4024.7,21,3
11483,2026-07-02 13:03:12+05:30,4023.8,1,4038.55,1315744,148330.0,169420.0,4100.0,4110.0,4012.0,4092.6,25077325,4501.8,3683.4,4440.0,3288.1,4022.5,64,5,4022.4,32,5,4022.3,203,10,4022.2,36,4,4022.1,512,5,4023.8,1,1,4023.9,1,1,4024.0,7,1,4024.6,72,2,4024.7,21,3
11483,2026-07-02 13:03:12+05:30,4022.5,1,4038.55,1315744,148330.0,169420.0,4100.0,4110.0,4012.0,4092.6,25077325,4501.8,3683.4,4440.0,3288.1,4022.5,64,5,4022.4,32,5,4022.3,203,10,4022.2,36,4,4022.1,512,5,4023.8,1,1,4023.9,1,1,4024.0,7,1,4024.6,72,2,4024.7,21,3
11483,2026-07-02 13:03:13+05:30,4022.5,1,4038.55,1315745,148493.0,169574.0,4100.0,4110.0,4012.0,4092.6,25077325,4501.8,3683.4,4440.0,3288.1,4023.1,1,1,4022.6,77,3,4022.5,47,4,4022.4,29,4,4022.3,183,9,4023.8,1,1,4023.9,1,1,4024.0,7,1,4024.6,108,3,4024.7,21,3
11483,2026-07-02 13:03:14+05:30,4023.8,1,4038.55,1315746,148493.0,169644.0,4100.0,4110.0,4012.0,4092.6,25077325,4501.8,3683.4,4440.0,3288.1,4023.1,1,1,4022.6,77,3,4022.5,47,4,4022.4,29,4,4022.3,183,9,4023.8,2,1,4023.9,1,1,4024.0,7,1,4024.5,67,2,4024.6,108,3
11483,2026-07-02 13:03:14+05:30,4023.8,1,4038.55,1315746,148493.0,169644.0,4100.0,4110.0,4012.0,4092.6,25077325,4501.8,3683.4,4440.0,3288.1,4023.1,1,1,4022.6,77,3,4022.5,47,4,4022.4,29,4,4022.3,183,9,4023.8,2,1,4023.9,1,1,4024.0,7,1,4024.5,67,2,4024.6,108,3
11483,2026-07-02 13:03:15+05:30,4022.1,210,4038.54,1316491,147871.0,169706.0,4100.0,4110.0,4012.0,4092.6,25077325,4501.8,3683.4,4440.0,3288.1,4022.2,80,5,4022.1,302,5,4022.0,509,21,4021.9,34,3,4021.8,65,2,4023.8,12,2,4023.9,1,1,4024.0,11,2,4024.3,67,3,4024.4,64,2
11483,2026-07-02 13:03:15+05:30,4022.2,10,4038.54,1316491,147871.0,169706.0,4100.0,4110.0,4012.0,4092.6,25077325,4501.8,3683.4,4440.0,3288.1,4022.2,80,5,4022.1,302,5,4022.0,509,21,4021.9,34,3,4021.8,65,2,4023.8,12,2,4023.9,1,1,4024.0,11,2,4024.3,67,3,4024.4,64,2
11483,2026-07-02 13:03:16+05:30,4022.1,144,4038.54,1316756,147657.0,169801.0,4100.0,4110.0,4012.0,4092.6,25077325,4501.8,3683.4,4440.0,3288.1,4022.7,2,2,4022.2,5,1,4022.1,130,4,4022.0,482,19,4021.9,20,2,4023.7,42,3,4023.8,20,3,4023.9,6,2,4024.0,72,7,4024.1,16,1
11483,2026-07-02 13:03:16+05:30,4022.7,1,4038.54,1316756,147657.0,169801.0,4100.0,4110.0,4012.0,4092.6,25077325,4501.8,3683.4,4440.0,3288.1,4022.7,2,2,4022.2,5,1,4022.1,130,4,4022.0,482,19,4021.9,20,2,4023.7,42,3,4023.8,20,3,4023.9,6,2,4024.0,72,7,4024.1,16,1
11483,2026-07-02 13:03:17+05:30,4022.7,1,4038.54,1316763,147383.0,169867.0,4100.0,4110.0,4012.0,4092.6,25077325,4501.8,3683.4,4440.0,3288.1,4022.1,142,4,4022.0,482,19,4021.9,24,1,4021.8,117,3,4021.7,70,3,4022.7,1,1,4023.4,5,1,4023.6,15,1,4023.7,10,1,4023.8,14,2
11483,2026-07-02 13:03:17+05:30,4022.1,1,4038.54,1316763,147383.0,169867.0,4100.0,4110.0,4012.0,4092.6,25077325,4501.8,3683.4,4440.0,3288.1,4022.1,142,4,4022.0,482,19,4021.9,24,1,4021.8,117,3,4021.7,70,3,4022.7,1,1,4023.4,5,1,4023.6,15,1,4023.7,10,1,4023.8,14,2
11483,2026-07-02 13:03:18+05:30,4023.4,5,4038.54,1316794,147780.0,169454.0,4100.0,4110.0,4012.0,4092.6,25077325,4501.8,3683.4,4440.0,3288.1,4022.2,103,6,4022.1,267,9,4022.0,532,20,4021.9,12,1,4021.8,146,4,4023.8,22,2,4023.9,1,1,4024.0,25,3,4024.3,36,1,4024.5,19,2
11483,2026-07-02 13:03:18+05:30,4022.2,4,4038.54,1316794,147780.0,169454.0,4100.0,4110.0,4012.0,4092.6,25077325,4501.8,3683.4,4440.0,3288.1,4022.2,103,6,4022.1,267,9,4022.0,532,20,4021.9,12,1,4021.8,146,4,4023.8,22,2,4023.9,1,1,4024.0,25,3,4024.3,36,1,4024.5,19,2
11483,2026-07-02 13:03:19+05:30,4022.2,4,4038.54,1316798,147681.0,170318.0,4100.0,4110.0,4012.0,4092.6,25077325,4501.8,3683.4,4440.0,3288.1,4022.9,1,1,4022.3,2,1,4022.2,24,2,4022.1,170,6,4022.0,482,19,4023.8,6,3,4023.9,39,2,4024.0,117,6,4024.1,27,3,4024.2,3,2
11483,2026-07-02 13:03:20+05:30,4022.9,1,4038.54,1316895,146049.0,170895.0,4100.0,4110.0,4012.0,4092.6,25077325,4501.8,3683.4,4440.0,3288.1,4022.1,110,3,4022.0,482,19,4021.6,2,1,4021.5,19,1,4021.3,18,3,4022.8,40,4,4022.9,15,2,4023.3,241,4,4023.4,1,1,4023.5,39,2
11483,2026-07-02 13:03:20+05:30,4022.1,11,4038.54,1316895,146049.0,170895.0,4100.0,4110.0,4012.0,4092.6,25077325,4501.8,3683.4,4440.0,3288.1,4022.1,110,3,4022.0,482,19,4021.6,2,1,4021.5,19,1,4021.3,18,3,4022.8,40,4,4022.9,15,2,4023.3,241,4,4023.4,1,1,4023.5,39,2
11483,2026-07-02 13:03:21+05:30,4022.1,11,4038.53,1316906,146118.0,170547.0,4100.0,4110.0,4012.0,4092.6,25077325,4501.8,3683.4,4440.0,3288.1,4022.1,126,4,4022.0,482,19,4021.6,2,1,4021.5,19,1,4021.3,54,4,4022.8,34,3,4022.9,15,2,4023.3,241,4,4023.4,1,1,4023.5,39,2
11483,2026-07-02 13:03:21+05:30,4022.8,1,4038.53,1316906,146118.0,170547.0,4100.0,4110.0,4012.0,4092.6,25077325,4501.8,3683.4,4440.0,3288.1,4022.1,126,4,4022.0,482,19,4021.6,2,1,4021.5,19,1,4021.3,54,4,4022.8,34,3,4022.9,15,2,4023.3,241,4,4023.4,1,1,4023.5,39,2
11483,2026-07-02 13:03:22+05:30,4022.8,1,4038.53,1316909,146722.0,170708.0,4100.0,4110.0,4012.0,4092.6,25077325,4501.8,3683.4,4440.0,3288.1,4022.4,1,1,4022.1,124,4,4022.0,482,19,4021.6,2,1,4021.5,19,1,4022.8,13,2,4022.9,1,1,4023.0,16,1,4023.3,241,4,4023.5,39,2
11483,2026-07-02 13:03:22+05:30,4022.8,1,4038.53,1316909,146722.0,170708.0,4100.0,4110.0,4012.0,4092.6,25077325,4501.8,3683.4,4440.0,3288.1,4022.4,1,1,4022.1,124,4,4022.0,482,19,4021.6,2,1,4021.5,19,1,4022.8,13,2,4022.9,1,1,4023.0,16,1,4023.3,241,4,4023.5,39,2
11483,2026-07-02 13:03:23+05:30,4022.8,1,4038.53,1316912,146724.0,170709.0,4100.0,4110.0,4012.0,4092.6,25077325,4501.8,3683.4,4440.0,3288.1,4022.4,1,1,4022.1,124,4,4022.0,482,19,4021.6,2,1,4021.5,19,1,4022.8,10,2,4022.9,1,1,4023.0,16,1,4023.3,241,4,4023.5,39,2
11483,2026-07-02 13:03:24+05:30,4022.8,1,4038.53,1316917,146766.0,170599.0,4100.0,4110.0,4012.0,4092.6,25077325,4501.8,3683.4,4440.0,3288.1,4022.1,124,4,4022.0,482,19,4021.6,38,2,4021.5,19,1,4021.3,99,6,4022.8,6,2,4022.9,1,1,4023.0,16,1,4023.3,241,4,4023.4,35,1
11483,2026-07-02 13:03:24+05:30,4022.1,1,4038.53,1316917,146766.0,170599.0,4100.0,4110.0,4012.0,4092.6,25077325,4501.8,3683.4,4440.0,3288.1,4022.1,124,4,4022.0,482,19,4021.6,38,2,4021.5,19,1,4021.3,99,6,4022.8,6,2,4022.9,1,1,4023.0,16,1,4023.3,241,4,4023.4,35,1
11483,2026-07-02 13:03:25+05:30,4022.1,1,4038.53,1316918,146807.0,170616.0,4100.0,4110.0,4012.0,4092.6,25077325,4501.8,3683.4,4440.0,3288.1,4022.1,153,5,4022.0,482,19,4021.6,38,2,4021.5,19,1,4021.3,99,6,4022.8,7,3,4022.9,1,1,4023.3,237,3,4023.6,34,5,4023.7,53,4
11483,2026-07-02 13:03:26+05:30,4022.8,5,4038.53,1316930,146833.0,170647.0,4100.0,4110.0,4012.0,4092.6,25077325,4501.8,3683.4,4440.0,3288.1,4022.2,8,1,4022.1,153,5,4022.0,495,20,4021.6,38,2,4021.5,19,1,4022.8,9,2,4022.9,1,1,4023.3,237,3,4023.6,24,4,4023.7,90,5
11483,2026-07-02 13:03:26+05:30,4022.2,2,4038.53,1316930,146833.0,170647.0,4100.0,4110.0,4012.0,4092.6,25077325,4501.8,3683.4,4440.0,3288.1,4022.2,8,1,4022.1,153,5,4022.0,495,20,4021.6,38,2,4021.5,19,1,4022.8,9,2,4022.9,1,1,4023.3,237,3,4023.6,24,4,4023.7,90,5
11483,2026-07-02 13:03:27+05:30,4022.2,2,4038.53,1316932,146831.0,170826.0,4100.0,4110.0,4012.0,4092.6,25077325,4501.8,3683.4,4440.0,3288.1,4022.2,6,1,4022.1,153,5,4022.0,495,20,4021.6,38,2,4021.5,19,1,4022.8,11,3,4022.9,1,1,4023.3,237,3,4023.6,24,4,4023.7,90,5
11483,2026-07-02 13:03:28+05:30,4022.8,1,4038.53,1316938,146647.0,170747.0,4100.0,4110.0,4012.0,4092.6,25077325,4501.8,3683.4,4440.0,3288.1,4022.2,1,1,4022.1,153,5,4022.0,501,21,4021.6,38,2,4021.5,19,1,4022.8,10,3,4022.9,1,1,4023.3,237,3,4023.6,57,4,4023.7,93,6
11483,2026-07-02 13:03:28+05:30,4022.8,63,4038.53,1316938,146647.0,170747.0,4100.0,4110.0,4012.0,4092.6,25077325,4501.8,3683.4,4440.0,3288.1,4022.2,1,1,4022.1,153,5,4022.0,501,21,4021.6,38,2,4021.5,19,1,4022.8,10,3,4022.9,1,1,4023.3,237,3,4023.6,57,4,4023.7,93,6
11483,2026-07-02 13:03:29+05:30,4022.7,7,4038.53,1317020,146646.0,170730.0,4100.0,4110.0,4012.0,4092.6,25077325,4501.8,3683.4,4440.0,3288.1,4022.5,1,1,4022.1,151,5,4022.0,501,21,4021.6,38,2,4021.5,19,1,4022.7,6,1,4022.8,13,1,4022.9,1,1,4023.3,248,4,4023.6,24,4
11483,2026-07-02 13:03:29+05:30,4022.5,2,4038.53,1317020,146646.0,170730.0,4100.0,4110.0,4012.0,4092.6,25077325,4501.8,3683.4,4440.0,3288.1,4022.5,1,1,4022.1,151,5,4022.0,501,21,4021.6,38,2,4021.5,19,1,4022.7,6,1,4022.8,13,1,4022.9,1,1,4023.3,248,4,4023.6,24,4
11483,2026-07-02 13:03:30+05:30,4022.1,1,4038.53,1317024,146560.0,170257.0,4100.0,4110.0,4012.0,4092.6,25077325,4501.8,3683.4,4440.0,3288.1,4022.1,187,7,4022.0,510,22,4021.9,96,3,4021.8,72,2,4021.6,38,2,4022.2,12,1,4022.5,1,1,4022.7,6,1,4022.8,13,1,4022.9,1,1
11483,2026-07-02 13:03:30+05:30,4022.1,1,4038.53,1317024,146560.0,170257.0,4100.0,4110.0,4012.0,4092.6,25077325,4501.8,3683.4,4440.0,3288.1,4022.1,187,7,4022.0,510,22,4021.9,96,3,4021.8,72,2,4021.6,38,2,4022.2,12,1,4022.5,1,1,4022.7,6,1,4022.8,13,1,4022.9,1,1
11483,2026-07-02 13:03:31+05:30,4022.5,3,4038.53,1317042,146552.0,170103.0,4100.0,4110.0,4012.0,4092.6,25077325,4501.8,3683.4,4440.0,3288.1,4022.1,186,7,4022.0,501,21,4021.9,60,2,4021.8,72,2,4021.7,36,1,4022.5,1,1,4022.7,6,1,4022.8,13,1,4022.9,1,1,4023.3,232,3
11483,2026-07-02 13:03:31+05:30,4022.1,2,4038.53,1317042,146552.0,170103.0,4100.0,4110.0,4012.0,4092.6,25077325,4501.8,3683.4,4440.0,3288.1,4022.1,186,7,4022.0,501,21,4021.9,60,2,4021.8,72,2,4021.7,36,1,4022.5,1,1,4022.7,6,1,4022.8,13,1,4022.9,1,1,4023.3,232,3
11483,2026-07-02 13:03:32+05:30,4022.7,8,4038.53,1317054,146663.0,170345.0,4100.0,4110.0,4012.0,4092.6,25077325,4501.8,3683.4,4440.0,3288.1,4022.2,43,1,4022.1,166,6,4022.0,501,21,4021.9,36,1,4021.8,72,2,4022.7,6,1,4022.8,13,1,4022.9,1,1,4023.2,51,1,4023.3,232,3
11483,2026-07-02 13:03:32+05:30,4022.2,14,4038.53,1317054,146663.0,170345.0,4100.0,4110.0,4012.0,4092.6,25077325,4501.8,3683.4,4440.0,3288.1,4022.2,43,1,4022.1,166,6,4022.0,501,21,4021.9,36,1,4021.8,72,2,4022.7,6,1,4022.8,13,1,4022.9,1,1,4023.2,51,1,4023.3,232,3
11483,2026-07-02 13:03:33+05:30,4022.2,1,4038.53,1317071,146648.0,170340.0,4100.0,4110.0,4012.0,4092.6,25077325,4501.8,3683.4,4440.0,3288.1,4022.4,1,1,4022.2,26,1,4022.1,166,6,4022.0,501,21,4021.9,36,1,4022.7,6,1,4022.8,13,1,4022.9,1,1,4023.3,232,3,4023.6,68,2
11483,2026-07-02 13:03:33+05:30,4022.4,1,4038.53,1317071,146648.0,170340.0,4100.0,4110.0,4012.0,4092.6,25077325,4501.8,3683.4,4440.0,3288.1,4022.4,1,1,4022.2,26,1,4022.1,166,6,4022.0,501,21,4021.9,36,1,4022.7,6,1,4022.8,13,1,4022.9,1,1,4023.3,232,3,4023.6,68,2
11483,2026-07-02 13:03:34+05:30,4022.2,1,4038.53,1317074,146649.0,170341.0,4100.0,4110.0,4012.0,4092.6,25077325,4501.8,3683.4,4440.0,3288.1,4022.2,25,1,4022.1,166,6,4022.0,501,21,4021.9,36,1,4021.8,72,2,4022.7,6,1,4022.8,13,1,4022.9,1,1,4023.3,232,3,4023.4,32,1
11483,2026-07-02 13:03:34+05:30,4022.2,1,4038.53,1317074,146649.0,170341.0,4100.0,4110.0,4012.0,4092.6,25077325,4501.8,3683.4,4440.0,3288.1,4022.2,25,1,4022.1,166,6,4022.0,501,21,4021.9,36,1,4021.8,72,2,4022.7,6,1,4022.8,13,1,4022.9,1,1,4023.3,232,3,4023.4,32,1
11483,2026-07-02 13:03:35+05:30,4022.2,1,4038.53,1317251,145934.0,170451.0,4100.0,4110.0,4012.0,4092.6,25077325,4501.8,3683.4,4440.0,3288.1,4022.1,32,2,4022.0,501,21,4021.6,2,1,4021.3,118,5,4021.2,88,3,4022.7,6,1,4022.8,13,1,4022.9,1,1,4023.2,53,2,4023.3,11,1
11483,2026-07-02 13:03:35+05:30,4022.1,21,4038.53,1317251,145934.0,170451.0,4100.0,4110.0,4012.0,4092.6,25077325,4501.8,3683.4,4440.0,3288.1,4022.1,32,2,4022.0,501,21,4021.6,2,1,4021.3,118,5,4021.2,88,3,4022.7,6,1,4022.8,13,1,4022.9,1,1,4023.2,53,2,4023.3,11,1
11483,2026-07-02 13:03:36+05:30,4022.1,20,4038.53,1317403,146021.0,170791.0,4100.0,4110.0,4012.0,4092.6,25077325,4501.8,3683.4,4440.0,3288.1,4022.1,7,1,4022.0,501,21,4021.6,15,2,4021.3,82,4,4021.2,88,3,4023.1,10,1,4023.2,43,2,4023.3,11,1,4023.5,212,4,4023.6,88,3
11483,2026-07-02 13:03:36+05:30,4022.1,19,4038.53,1317403,146021.0,170791.0,4100.0,4110.0,4012.0,4092.6,25077325,4501.8,3683.4,4440.0,3288.1,4022.1,7,1,4022.0,501,21,4021.6,15,2,4021.3,82,4,4021.2,88,3,4023.1,10,1,4023.2,43,2,4023.3,11,1,4023.5,212,4,4023.6,88,3
11483,2026-07-02 13:03:37+05:30,4022.1,1,4038.53,1317423,146118.0,170868.0,4100.0,4110.0,4012.0,4092.6,25077325,4501.8,3683.4,4440.0,3288.1,4022.1,27,2,4022.0,501,21,4021.6,15,2,4021.3,118,5,4021.2,88,3,4023.1,13,2,4023.2,43,2,4023.3,11,1,4023.5,214,5,4023.6,88,3
11483,2026-07-02 13:03:37+05:30,4022.1,2,4038.53,1317423,146118.0,170868.0,4100.0,4110.0,4012.0,4092.6,25077325,4501.8,3683.4,4440.0,3288.1,4022.1,27,2,4022.0,501,21,4021.6,15,2,4021.3,118,5,4021.2,88,3,4023.1,13,2,4023.2,43,2,4023.3,11,1,4023.5,214,5,4023.6,88,3
11483,2026-07-02 13:03:38+05:30,4022.1,1,4038.53,1317426,146117.0,170874.0,4100.0,4110.0,4012.0,4092.6,25077325,4501.8,3683.4,4440.0,3288.1,4022.1,26,3,4022.0,501,21,4021.6,15,2,4021.3,118,5,4021.2,88,3,4023.1,18,3,4023.2,43,2,4023.3,11,1,4023.5,214,5,4023.6,88,3
11483,2026-07-02 13:03:38+05:30,4022.1,1,4038.53,1317426,146117.0,170874.0,4100.0,4110.0,4012.0,4092.6,25077325,4501.8,3683.4,4440.0,3288.1,4022.1,26,3,4022.0,501,21,4021.6,15,2,4021.3,118,5,4021.2,88,3,4023.1,18,3,4023.2,43,2,4023.3,11,1,4023.5,214,5,4023.6,88,3
11483,2026-07-02 13:03:39+05:30,4023.1,1,4038.53,1317429,146531.0,170945.0,4100.0,4110.0,4012.0,4092.6,25077325,4501.8,3683.4,4440.0,3288.1,4022.6,1,1,4022.1,24,3,4022.0,501,21,4021.6,15,2,4021.3,54,4,4023.1,36,6,4023.2,35,1,4023.3,27,3,4023.4,27,3,4023.5,249,5
11483,2026-07-02 13:03:39+05:30,4023.1,1,4038.53,1317429,146531.0,170945.0,4100.0,4110.0,4012.0,4092.6,25077325,4501.8,3683.4,4440.0,3288.1,4022.6,1,1,4022.1,24,3,4022.0,501,21,4021.6,15,2,4021.3,54,4,4023.1,36,6,4023.2,35,1,4023.3,27,3,4023.4,27,3,4023.5,249,5
11483,2026-07-02 13:03:40+05:30,4022.6,1,4038.53,1317434,146178.0,170935.0,4100.0,4110.0,4012.0,4092.6,25077325,4501.8,3683.4,4440.0,3288.1,4022.1,24,3,4022.0,501,21,4021.6,15,2,4021.3,54,4,4021.2,88,3,4023.0,23,4,4023.1,9,3,4023.2,51,2,4023.3,43,4,4023.4,27,3
11483,2026-07-02 13:03:40+05:30,4022.1,1,4038.53,1317434,146178.0,170935.0,4100.0,4110.0,4012.0,4092.6,25077325,4501.8,3683.4,4440.0,3288.1,4022.1,24,3,4022.0,501,21,4021.6,15,2,4021.3,54,4,4021.2,88,3,4023.0,23,4,4023.1,9,3,4023.2,51,2,4023.3,43,4,4023.4,27,3
11483,2026-07-02 13:03:41+05:30,4023.0,2,4038.53,1317439,146192.0,170925.0,4100.0,4110.0,4012.0,4092.6,25077325,4501.8,3683.4,4440.0,3288.1,4022.2,10,1,4022.1,22,3,4022.0,501,21,4021.6,15,2,4021.3,54,4,4023.0,11,3,4023.1,9,3,4023.2,51,2,4023.3,43,4,4023.4,27,3
11483,2026-07-02 13:03:41+05:30,4022.2,1,4038.53,1317439,146192.0,170925.0,4100.0,4110.0,4012.0,4092.6,25077325,4501.8,3683.4,4440.0,3288.1,4022.2,10,1,4022.1,22,3,4022.0,501,21,4021.6,15,2,4021.3,54,4,4023.0,11,3,4023.1,9,3,4023.2,51,2,4023.3,43,4,4023.4,27,3
11483,2026-07-02 13:03:42+05:30,4023.1,8,4038.53,1317577,146194.0,170709.0,4100.0,4110.0,4012.0,4092.6,25077325,4501.8,3683.4,4440.0,3288.1,4022.2,8,1,4022.1,22,3,4022.0,501,21,4021.6,15,2,4021.3,54,4,4023.1,158,1,4023.2,24,2,4023.3,28,4,4023.4,57,4,4023.5,215,3
11483,2026-07-02 13:03:42+05:30,4022.2,16,4038.53,1317577,146194.0,170709.0,4100.0,4110.0,4012.0,4092.6,25077325,4501.8,3683.4,4440.0,3288.1,4022.2,8,1,4022.1,22,3,4022.0,501,21,4021.6,15,2,4021.3,54,4,4023.1,158,1,4023.2,24,2,4023.3,28,4,4023.4,57,4,4023.5,215,3
11483,2026-07-02 13:03:43+05:30,4022.2,7,4038.53,1317615,146168.0,170835.0,4100.0,4110.0,4012.0,4092.6,25077325,4501.8,3683.4,4440.0,3288.1,4022.2,3,1,4022.1,20,2,4022.0,496,20,4021.6,15,2,4021.3,54,4,4023.0,2,1,4023.1,167,3,4023.2,23,2,4023.3,28,4,4023.4,27,3
11483,2026-07-02 13:03:43+05:30,4022.2,4,4038.53,1317615,146168.0,170835.0,4100.0,4110.0,4012.0,4092.6,25077325,4501.8,3683.4,4440.0,3288.1,4022.2,3,1,4022.1,20,2,4022.0,496,20,4021.6,15,2,4021.3,54,4,4023.0,2,1,4023.1,167,3,4023.2,23,2,4023.3,28,4,4023.4,27,3
11483,2026-07-02 13:03:44+05:30,4023.1,2,4038.53,1317622,146234.0,170881.0,4100.0,4110.0,4012.0,4092.6,25077325,4501.8,3683.4,4440.0,3288.1,4022.2,42,3,4022.1,20,2,4022.0,501,21,4021.6,15,2,4021.3,54,4,4023.1,165,3,4023.3,25,2,4023.4,15,1,4023.5,245,4,4023.6,253,5
11483,2026-07-02 13:03:44+05:30,4022.2,1,4038.53,1317622,146234.0,170881.0,4100.0,4110.0,4012.0,4092.6,25077325,4501.8,3683.4,4440.0,3288.1,4022.2,42,3,4022.1,20,2,4022.0,501,21,4021.6,15,2,4021.3,54,4,4023.1,165,3,4023.3,25,2,4023.4,15,1,4023.5,245,4,4023.6,253,5
11483,2026-07-02 13:03:45+05:30,4023.1,1,4038.53,1317626,146235.0,170966.0,4100.0,4110.0,4012.0,4092.6,25077325,4501.8,3683.4,4440.0,3288.1,4022.2,40,3,4022.1,20,2,4022.0,501,21,4021.6,51,3,4021.3,54,4,4023.1,167,5,4023.3,25,2,4023.4,45,2,4023.5,215,3,4023.6,253,5
11483,2026-07-02 13:03:45+05:30,4022.2,1,4038.53,1317626,146235.0,170966.0,4100.0,4110.0,4012.0,4092.6,25077325,4501.8,3683.4,4440.0,3288.1,4022.2,40,3,4022.1,20,2,4022.0,501,21,4021.6,51,3,4021.3,54,4,4023.1,167,5,4023.3,25,2,4023.4,45,2,4023.5,215,3,4023.6,253,5
11483,2026-07-02 13:03:46+05:30,4023.1,7,4038.53,1317635,146676.0,170857.0,4100.0,4110.0,4012.0,4092.6,25077325,4501.8,3683.4,4440.0,3288.1,4022.7,2,2,4022.2,38,3,4022.1,20,2,4022.0,501,21,4021.6,15,2,4023.1,160,5,4023.3,25,2,4023.4,15,1,4023.5,215,3,4023.6,256,6
11483,2026-07-02 13:03:46+05:30,4022.7,1,4038.53,1317635,146676.0,170857.0,4100.0,4110.0,4012.0,4092.6,25077325,4501.8,3683.4,4440.0,3288.1,4022.7,2,2,4022.2,38,3,4022.1,20,2,4022.0,501,21,4021.6,15,2,4023.1,160,5,4023.3,25,2,4023.4,15,1,4023.5,215,3,4023.6,256,6
11483,2026-07-02 13:03:47+05:30,4023.1,1,4038.53,1317639,146751.0,170662.0,4100.0,4110.0,4012.0,4092.6,25077325,4501.8,3683.4,4440.0,3288.1,4022.7,2,2,4022.2,38,3,4022.1,33,3,4022.0,501,21,4021.6,15,2,4023.1,158,5,4023.3,11,1,4023.4,15,1,4023.5,215,3,4023.6,256,6
11483,2026-07-02 13:03:47+05:30,4023.1,20,4038.53,1317639,146751.0,170662.0,4100.0,4110.0,4012.0,4092.6,25077325,4501.8,3683.4,4440.0,3288.1,4022.7,2,2,4022.2,38,3,4022.1,33,3,4022.0,501,21,4021.6,15,2,4023.1,158,5,4023.3,11,1,4023.4,15,1,4023.5,215,3,4023.6,256,6
11483,2026-07-02 13:03:48+05:30,4022.7,1,4038.53,1317661,146716.0,170678.0,4100.0,4110.0,4012.0,4092.6,25077325,4501.8,3683.4,4440.0,3288.1,4022.7,2,2,4022.2,38,3,4022.1,33,3,4022.0,501,21,4021.6,15,2,4022.8,4,1,4023.1,138,5,4023.3,11,1,4023.4,15,1,4023.5,218,4
11483,2026-07-02 13:03:48+05:30,4022.7,1,4038.53,1317661,146716.0,170678.0,4100.0,4110.0,4012.0,4092.6,25077325,4501.8,3683.4,4440.0,3288.1,4022.7,2,2,4022.2,38,3,4022.1,33,3,4022.0,501,21,4021.6,15,2,4022.8,4,1,4023.1,138,5,4023.3,11,1,4023.4,15,1,4023.5,218,4
11483,2026-07-02 13:03:49+05:30,4022.8,1,4038.53,1317666,146759.0,170648.0,4100.0,4110.0,4012.0,4092.6,25077325,4501.8,3683.4,4440.0,3288.1,4022.7,6,2,4022.2,38,3,4022.1,33,3,4022.0,501,21,4021.6,51,3,4022.8,5,3,4023.1,133,4,4023.3,11,1,4023.4,15,1,4023.5,215,3
11483,2026-07-02 13:03:49+05:30,4022.7,1,4038.53,1317666,146759.0,170648.0,4100.0,4110.0,4012.0,4092.6,25077325,4501.8,3683.4,4440.0,3288.1,4022.7,6,2,4022.2,38,3,4022.1,33,3,4022.0,501,21,4021.6,51,3,4022.8,5,3,4023.1,133,4,4023.3,11,1,4023.4,15,1,4023.5,215,3
11483,2026-07-02 13:03:50+05:30,4022.7,1,4038.53,1317667,146728.0,170670.0,4100.0,4110.0,4012.0,4092.6,25077325,4501.8,3683.4,4440.0,3288.1,4022.7,5,2,4022.2,38,3,4022.1,33,3,4022.0,501,21,4021.6,51,3,4022.8,7,4,4023.1,131,3,4023.3,2,1,4023.4,15,1,4023.5,215,3
11483,2026-07-02 13:03:51+05:30,4022.8,1,4038.53,1317668,146861.0,170631.0,4100.0,4110.0,4012.0,4092.6,25077325,4501.8,3683.4,4440.0,3288.1,4022.7,5,2,4022.2,38,3,4022.1,33,3,4022.0,501,21,4021.6,51,3,4022.8,6,4,4023.1,131,3,4023.3,2,1,4023.4,15,1,4023.5,215,3
11483,2026-07-02 13:03:51+05:30,4022.8,1,4038.53,1317668,146861.0,170631.0,4100.0,4110.0,4012.0,4092.6,25077325,4501.8,3683.4,4440.0,3288.1,4022.7,5,2,4022.2,38,3,4022.1,33,3,4022.0,501,21,4021.6,51,3,4022.8,6,4,4023.1,131,3,4023.3,2,1,4023.4,15,1,4023.5,215,3
11483,2026-07-02 13:03:52+05:30,4022.8,1,4038.53,1317669,146830.0,170710.0,4100.0,4110.0,4012.0,4092.6,25077325,4501.8,3683.4,4440.0,3288.1,4022.7,5,2,4022.2,38,3,4022.1,33,3,4022.0,501,21,4021.6,51,3,4022.8,5,3,4023.1,131,3,4023.3,2,1,4023.4,42,2,4023.5,215,3
11483,2026-07-02 13:03:52+05:30,4022.8,2,4038.53,1317669,146830.0,170710.0,4100.0,4110.0,4012.0,4092.6,25077325,4501.8,3683.4,4440.0,3288.1,4022.7,5,2,4022.2,38,3,4022.1,33,3,4022.0,501,21,4021.6,51,3,4022.8,5,3,4023.1,131,3,4023.3,2,1,4023.4,42,2,4023.5,215,3
11483,2026-07-02 13:03:53+05:30,4022.1,6,4038.52,1317847,146434.0,170764.0,4100.0,4110.0,4012.0,4092.6,25077325,4501.8,3683.4,4440.0,3288.1,4022.1,27,3,4022.0,501,21,4021.8,44,1,4021.7,48,1,4021.6,51,3,4022.8,5,3,4023.1,131,3,4023.3,2,1,4023.4,42,2,4023.5,215,3
11483,2026-07-02 13:03:53+05:30,4022.8,1,4038.52,1317847,146434.0,170764.0,4100.0,4110.0,4012.0,4092.6,25077325,4501.8,3683.4,4440.0,3288.1,4022.1,27,3,4022.0,501,21,4021.8,44,1,4021.7,48,1,4021.6,51,3,4022.8,5,3,4023.1,131,3,4023.3,2,1,4023.4,42,2,4023.5,215,3
11483,2026-07-02 13:03:54+05:30,4022.8,2,4038.52,1317888,146202.0,170398.0,4100.0,4110.0,4012.0,4092.6,25077325,4501.8,3683.4,4440.0,3288.1,4022.1,4,1,4022.0,535,22,4021.8,44,1,4021.7,91,2,4021.6,38,2,4022.8,2,1,4023.1,131,3,4023.3,2,1,4023.4,190,2,4023.5,38,1
11483,2026-07-02 13:03:54+05:30,4022.8,1,4038.52,1317888,146202.0,170398.0,4100.0,4110.0,4012.0,4092.6,25077325,4501.8,3683.4,4440.0,3288.1,4022.1,4,1,4022.0,535,22,4021.8,44,1,4021.7,91,2,4021.6,38,2,4022.8,2,1,4023.1,131,3,4023.3,2,1,4023.4,190,2,4023.5,38,1
11483,2026-07-02 13:03:55+05:30,4022.8,1,4038.52,1317904,146231.0,170920.0,4100.0,4110.0,4012.0,4092.6,25077325,4501.8,3683.4,4440.0,3288.1,4022.1,3,1,4022.0,535,22,4021.8,44,1,4021.7,91,2,4021.6,38,2,4022.8,5,3,4023.1,131,3,4023.3,2,1,4023.4,217,3,4023.5,38,1
11483,2026-07-02 13:03:55+05:30,4022.8,1,4038.52,1317904,146231.0,170920.0,4100.0,4110.0,4012.0,4092.6,25077325,4501.8,3683.4,4440.0,3288.1,4022.1,3,1,4022.0,535,22,4021.8,44,1,4021.7,91,2,4021.6,38,2,4022.8,5,3,4023.1,131,3,4023.3,2,1,4023.4,217,3,4023.5,38,1
11483,2026-07-02 13:03:56+05:30,4022.8,1,4038.52,1317907,146836.0,170892.0,4100.0,4110.0,4012.0,4092.6,25077325,4501.8,3683.4,4440.0,3288.1,4022.2,8,1,4022.1,1,1,4022.0,501,21,4021.6,38,2,4021.5,100,2,4022.8,7,4,4022.9,125,1,4023.1,6,2,4023.3,2,1,4023.4,217,3
11483,2026-07-02 13:03:56+05:30,4022.8,1,4038.52,1317907,146836.0,170892.0,4100.0,4110.0,4012.0,4092.6,25077325,4501.8,3683.4,4440.0,3288.1,4022.2,8,1,4022.1,1,1,4022.0,501,21,4021.6,38,2,4021.5,100,2,4022.8,7,4,4022.9,125,1,4023.1,6,2,4023.3,2,1,4023.4,217,3
11483,2026-07-02 13:03:57+05:30,4022.0,25,4038.52,1318410,144389.0,170603.0,4100.0,4110.0,4012.0,4092.6,25077325,4501.8,3683.4,4440.0,3288.1,4022.0,151,13,4021.6,2,1,4021.3,6,2,4021.2,6,1,4021.1,14,4,4022.1,215,2,4022.8,11,4,4022.9,131,2,4023.0,6,1,4023.1,9,3
11483,2026-07-02 13:03:57+05:30,4022.1,1,4038.52,1318410,144389.0,170603.0,4100.0,4110.0,4012.0,4092.6,25077325,4501.8,3683.4,4440.0,3288.1,4022.0,151,13,4021.6,2,1,4021.3,6,2,4021.2,6,1,4021.1,14,4,4022.1,215,2,4022.8,11,4,4022.9,131,2,4023.0,6,1,4023.1,9,3
11483,2026-07-02 13:03:58+05:30,4022.1,1,4038.52,1318471,144386.0,170548.0,4100.0,4110.0,4012.0,4092.6,25077325,4501.8,3683.4,4440.0,3288.1,4022.0,129,13,4021.8,13,1,4021.6,2,1,4021.5,50,2,4021.4,31,1,4022.1,215,3,4022.8,10,3,4022.9,131,2,4023.0,45,3,4023.1,6,2
11483,2026-07-02 13:03:58+05:30,4022.1,27,4038.52,1318471,144386.0,170548.0,4100.0,4110.0,4012.0,4092.6,25077325,4501.8,3683.4,4440.0,3288.1,4022.0,129,13,4021.8,13,1,4021.6,2,1,4021.5,50,2,4021.4,31,1,4022.1,215,3,4022.8,10,3,4022.9,131,2,4023.0,45,3,4023.1,6,2
11483,2026-07-02 13:03:59+05:30,4022.1,5,4038.51,1318555,144351.0,170675.0,4100.0,4110.0,4012.0,4092.6,25077325,4501.8,3683.4,4440.0,3288.1,4022.0,90,11,4021.8,13,1,4021.6,2,1,4021.5,50,2,4021.4,31,1,4022.1,171,2,4022.9,131,2,4023.0,42,2,4023.1,9,3,4023.2,2,1
11483,2026-07-02 13:03:59+05:30,4022.1,1,4038.51,1318555,144351.0,170675.0,4100.0,4110.0,4012.0,4092.6,25077325,4501.8,3683.4,4440.0,3288.1,4022.0,90,11,4021.8,13,1,4021.6,2,1,4021.5,50,2,4021.4,31,1,4022.1,171,2,4022.9,131,2,4023.0,42,2,4023.1,9,3,4023.2,2,1
11483,2026-07-02 13:04:00+05:30,4022.1,1,4038.51,1318737,144632.0,169571.0,4100.0,4110.0,4012.0,4092.6,25077325,4501.8,3683.4,4440.0,3288.1,4022.1,89,7,4022.0,100,11,4021.9,39,1,4021.8,126,4,4021.6,40,2,4022.9,6,1,4023.1,131,3,4023.3,177,2,4023.4,15,1,4023.5,38,1
11483,2026-07-02 13:04:00+05:30,4022.1,1,4038.51,1318737,144632.0,169571.0,4100.0,4110.0,4012.0,4092.6,25077325,4501.8,3683.4,4440.0,3288.1,4022.1,89,7,4022.0,100,11,4021.9,39,1,4021.8,126,4,4021.6,40,2,4022.9,6,1,4023.1,131,3,4023.3,177,2,4023.4,15,1,4023.5,38,1
11483,2026-07-02 13:04:01+05:30,4022.1,1,4038.51,1318762,145016.0,169812.0,4100.0,4110.0,4012.0,4092.6,25077325,4501.8,3683.4,4440.0,3288.1,4022.6,11,3,4022.4,34,2,4022.3,22,1,4022.1,67,5,4022.0,100,11,4022.8,5,1,4022.9,6,1,4023.1,131,3,4023.3,2,1,4023.4,15,1
11483,2026-07-02 13:04:01+05:30,4022.8,1,4038.51,1318762,145016.0,169812.0,4100.0,4110.0,4012.0,4092.6,25077325,4501.8,3683.4,4440.0,3288.1,4022.6,11,3,4022.4,34,2,4022.3,22,1,4022.1,67,5,4022.0,100,11,4022.8,5,1,4022.9,6,1,4023.1,131,3,4023.3,2,1,4023.4,15,1
11483,2026-07-02 13:04:02+05:30,4022.1,4,4038.51,1318794,144675.0,169751.0,4100.0,4110.0,4012.0,4092.6,25077325,4501.8,3683.4,4440.0,3288.1,4022.1,66,5,4022.0,100,11,4021.9,39,1,4021.8,99,3,4021.6,40,2,4022.6,1,1,4022.8,6,2,4022.9,6,1,4023.0,6,1,4023.1,131,3
11483,2026-07-02 13:04:02+05:30,4022.8,1,4038.51,1318794,144675.0,169751.0,4100.0,4110.0,4012.0,4092.6,25077325,4501.8,3683.4,4440.0,3288.1,4022.1,66,5,4022.0,100,11,4021.9,39,1,4021.8,99,3,4021.6,40,2,4022.6,1,1,4022.8,6,2,4022.9,6,1,4023.0,6,1,4023.1,131,3
11483,2026-07-02 13:04:03+05:30,4022.8,4,4038.51,1318810,144672.0,169772.0,4100.0,4110.0,4012.0,4092.6,25077325,4501.8,3683.4,4440.0,3288.1,4022.1,57,4,4022.0,100,11,4021.9,39,1,4021.8,99,3,4021.6,40,2,4022.8,6,2,4022.9,6,1,4023.1,131,3,4023.3,2,1,4023.4,42,2
11483,2026-07-02 13:04:03+05:30,4022.8,1,4038.51,1318810,144672.0,169772.0,4100.0,4110.0,4012.0,4092.6,25077325,4501.8,3683.4,4440.0,3288.1,4022.1,57,4,4022.0,100,11,4021.9,39,1,4021.8,99,3,4021.6,40,2,4022.8,6,2,4022.9,6,1,4023.1,131,3,4023.3,2,1,4023.4,42,2
11483,2026-07-02 13:04:04+05:30,4022.8,2,4038.51,1318815,144718.0,169842.0,4100.0,4110.0,4012.0,4092.6,25077325,4501.8,3683.4,4440.0,3288.1,4022.2,10,1,4022.1,95,5,4022.0,99,10,4021.9,39,1,4021.8,99,3,4022.8,4,3,4022.9,1,1,4023.1,131,3,4023.3,2,1,4023.4,42,2
11483,2026-07-02 13:04:04+05:30,4022.8,1,4038.51,1318815,144718.0,169842.0,4100.0,4110.0,4012.0,4092.6,25077325,4501.8,3683.4,4440.0,3288.1,4022.2,10,1,4022.1,95,5,4022.0,99,10,4021.9,39,1,4021.8,99,3,4022.8,4,3,4022.9,1,1,4023.1,131,3,4023.3,2,1,4023.4,42,2
11483,2026-07-02 13:04:04+05:30,4022.8,1,4038.51,1318815,144718.0,169842.0,4100.0,4110.0,4012.0,4092.6,25077325,4501.8,3683.4,4440.0,3288.1,4022.2,10,1,4022.1,95,5,4022.0,99,10,4021.9,39,1,4021.8,99,3,4022.8,4,3,4022.9,1,1,4023.1,131,3,4023.3,2,1,4023.4,42,2
11483,2026-07-02 13:04:05+05:30,4022.8,1,4038.51,1318817,144723.0,169849.0,4100.0,4110.0,4012.0,4092.6,25077325,4501.8,3683.4,4440.0,3288.1,4022.2,9,1,4022.1,95,5,4022.0,99,10,4021.9,39,1,4021.8,99,3,4022.8,11,3,4022.9,1,1,4023.1,131,3,4023.3,2,1,4023.4,42,2
11483,2026-07-02 13:04:05+05:30,4022.8,1,4038.51,1318817,144723.0,169849.0,4100.0,4110.0,4012.0,4092.6,25077325,4501.8,3683.4,4440.0,3288.1,4022.2,9,1,4022.1,95,5,4022.0,99,10,4021.9,39,1,4021.8,99,3,4022.8,11,3,4022.9,1,1,4023.1,131,3,4023.3,2,1,4023.4,42,2
11483,2026-07-02 13:04:05+05:30,4022.2,1,4038.51,1318817,144723.0,169849.0,4100.0,4110.0,4012.0,4092.6,25077325,4501.8,3683.4,4440.0,3288.1,4022.2,9,1,4022.1,95,5,4022.0,99,10,4021.9,39,1,4021.8,99,3,4022.8,11,3,4022.9,1,1,4023.1,131,3,4023.3,2,1,4023.4,42,2
11483,2026-07-02 13:04:05+05:30,4022.2,1,4038.51,1318817,144723.0,169849.0,4100.0,4110.0,4012.0,4092.6,25077325,4501.8,3683.4,4440.0,3288.1,4022.2,9,1,4022.1,95,5,4022.0,99,10,4021.9,39,1,4021.8,99,3,4022.8,11,3,4022.9,1,1,4023.1,131,3,4023.3,2,1,4023.4,42,2
11483,2026-07-02 13:04:06+05:30,4022.2,1,4038.51,1318817,144723.0,169849.0,4100.0,4110.0,4012.0,4092.6,25077325,4501.8,3683.4,4440.0,3288.1,4022.2,9,1,4022.1,95,5,4022.0,99,10,4021.9,39,1,4021.8,99,3,4022.8,11,3,4022.9,1,1,4023.1,131,3,4023.3,2,1,4023.4,42,2
11483,2026-07-02 13:04:06+05:30,4022.8,6,4038.51,1318827,144722.0,169842.0,4100.0,4110.0,4012.0,4092.6,25077325,4501.8,3683.4,4440.0,3288.1,4022.2,8,1,4022.1,95,5,4022.0,99,10,4021.9,39,1,4021.8,99,3,4022.8,4,2,4022.9,1,1,4023.1,131,3,4023.3,2,1,4023.4,15,1
11483,2026-07-02 13:04:06+05:30,4022.8,1,4038.51,1318827,144722.0,169842.0,4100.0,4110.0,4012.0,4092.6,25077325,4501.8,3683.4,4440.0,3288.1,4022.2,8,1,4022.1,95,5,4022.0,99,10,4021.9,39,1,4021.8,99,3,4022.8,4,2,4022.9,1,1,4023.1,131,3,4023.3,2,1,4023.4,15,1
11483,2026-07-02 13:04:06+05:30,4022.8,1,4038.51,1318827,144722.0,169842.0,4100.0,4110.0,4012.0,4092.6,25077325,4501.8,3683.4,4440.0,3288.1,4022.2,8,1,4022.1,95,5,4022.0,99,10,4021.9,39,1,4021.8,99,3,4022.8,4,2,4022.9,1,1,4023.1,131,3,4023.3,2,1,4023.4,15,1
11483,2026-07-02 13:04:07+05:30,4022.8,1,4038.51,1318829,145105.0,169842.0,4100.0,4110.0,4012.0,4092.6,25077325,4501.8,3683.4,4440.0,3288.1,4022.2,7,1,4022.1,95,5,4022.0,99,10,4021.9,39,1,4021.8,99,3,4022.8,3,2,4022.9,1,1,4023.1,131,3,4023.3,2,1,4023.4,15,1
11483,2026-07-02 13:04:07+05:30,4022.8,1,4038.51,1318829,145105.0,169842.0,4100.0,4110.0,4012.0,4092.6,25077325,4501.8,3683.4,4440.0,3288.1,4022.2,7,1,4022.1,95,5,4022.0,99,10,4021.9,39,1,4021.8,99,3,4022.8,3,2,4022.9,1,1,4023.1,131,3,4023.3,2,1,4023.4,15,1
11483,2026-07-02 13:04:07+05:30,4022.8,1,4038.51,1318829,145105.0,169842.0,4100.0,4110.0,4012.0,4092.6,25077325,4501.8,3683.4,4440.0,3288.1,4022.2,7,1,4022.1,95,5,4022.0,99,10,4021.9,39,1,4021.8,99,3,4022.8,3,2,4022.9,1,1,4023.1,131,3,4023.3,2,1,4023.4,15,1
11483,2026-07-02 13:04:07+05:30,4022.8,1,4038.51,1318829,145105.0,169842.0,4100.0,4110.0,4012.0,4092.6,25077325,4501.8,3683.4,4440.0,3288.1,4022.2,7,1,4022.1,95,5,4022.0,99,10,4021.9,39,1,4021.8,99,3,4022.8,3,2,4022.9,1,1,4023.1,131,3,4023.3,2,1,4023.4,15,1
11483,2026-07-02 13:04:08+05:30,4022.8,1,4038.51,1318829,145105.0,169842.0,4100.0,4110.0,4012.0,4092.6,25077325,4501.8,3683.4,4440.0,3288.1,4022.2,7,1,4022.1,95,5,4022.0,99,10,4021.9,39,1,4021.8,99,3,4022.8,3,2,4022.9,1,1,4023.1,131,3,4023.3,2,1,4023.4,15,1
11483,2026-07-02 13:04:08+05:30,4022.2,1,4038.51,1318833,145104.0,169826.0,4100.0,4110.0,4012.0,4092.6,25077325,4501.8,3683.4,4440.0,3288.1,4022.2,6,1,4022.1,95,5,4022.0,99,10,4021.9,39,1,4021.8,99,3,4022.8,10,2,4022.9,1,1,4023.1,131,3,4023.3,2,1,4023.4,15,1
11483,2026-07-02 13:04:08+05:30,4022.2,1,4038.51,1318833,145104.0,169826.0,4100.0,4110.0,4012.0,4092.6,25077325,4501.8,3683.4,4440.0,3288.1,4022.2,6,1,4022.1,95,5,4022.0,99,10,4021.9,39,1,4021.8,99,3,4022.8,10,2,4022.9,1,1,4023.1,131,3,4023.3,2,1,4023.4,15,1
11483,2026-07-02 13:04:08+05:30,4022.8,1,4038.51,1318833,145104.0,169826.0,4100.0,4110.0,4012.0,4092.6,25077325,4501.8,3683.4,4440.0,3288.1,4022.2,6,1,4022.1,95,5,4022.0,99,10,4021.9,39,1,4021.8,99,3,4022.8,10,2,4022.9,1,1,4023.1,131,3,4023.3,2,1,4023.4,15,1
11483,2026-07-02 13:04:08+05:30,4022.8,1,4038.51,1318833,145104.0,169826.0,4100.0,4110.0,4012.0,4092.6,25077325,4501.8,3683.4,4440.0,3288.1,4022.2,6,1,4022.1,95,5,4022.0,99,10,4021.9,39,1,4021.8,99,3,4022.8,10,2,4022.9,1,1,4023.1,131,3,4023.3,2,1,4023.4,15,1
11483,2026-07-02 13:04:08+05:30,4022.8,1,4038.51,1318833,145104.0,169826.0,4100.0,4110.0,4012.0,4092.6,25090800,4501.8,3683.4,4440.0,3288.1,4022.2,6,1,4022.1,95,5,4022.0,99,10,4021.9,39,1,4021.8,99,3,4022.8,10,2,4022.9,1,1,4023.1,131,3,4023.3,2,1,4023.4,15,1
11483,2026-07-02 13:04:09+05:30,4022.8,2,4038.51,1318837,145111.0,169813.0,4100.0,4110.0,4012.0,4092.6,25090800,4501.8,3683.4,4440.0,3288.1,4022.5,1,1,4022.2,5,1,4022.1,95,5,4022.0,99,10,4021.9,39,1,4022.8,7,2,4022.9,1,1,4023.1,131,3,4023.3,2,1,4023.4,15,1
11483,2026-07-02 13:04:09+05:30,4022.8,2,4038.51,1318837,145111.0,169813.0,4100.0,4110.0,4012.0,4092.6,25090800,4501.8,3683.4,4440.0,3288.1,4022.5,1,1,4022.2,5,1,4022.1,95,5,4022.0,99,10,4021.9,39,1,4022.8,7,2,4022.9,1,1,4023.1,131,3,4023.3,2,1,4023.4,15,1
11483,2026-07-02 13:04:09+05:30,4022.8,1,4038.51,1318837,145111.0,169813.0,4100.0,4110.0,4012.0,4092.6,25090800,4501.8,3683.4,4440.0,3288.1,4022.5,1,1,4022.2,5,1,4022.1,95,5,4022.0,99,10,4021.9,39,1,4022.8,7,2,4022.9,1,1,4023.1,131,3,4023.3,2,1,4023.4,15,1
11483,2026-07-02 13:04:09+05:30,4022.8,1,4038.51,1318837,145111.0,169813.0,4100.0,4110.0,4012.0,4092.6,25090800,4501.8,3683.4,4440.0,3288.1,4022.5,1,1,4022.2,5,1,4022.1,95,5,4022.0,99,10,4021.9,39,1,4022.8,7,2,4022.9,1,1,4023.1,131,3,4023.3,2,1,4023.4,15,1
11483,2026-07-02 13:04:10+05:30,4022.8,1,4038.51,1318837,145111.0,169813.0,4100.0,4110.0,4012.0,4092.6,25090800,4501.8,3683.4,4440.0,3288.1,4022.5,1,1,4022.2,5,1,4022.1,95,5,4022.0,99,10,4021.9,39,1,4022.8,7,2,4022.9,1,1,4023.1,131,3,4023.3,2,1,4023.4,15,1
11483,2026-07-02 13:04:10+05:30,4022.8,1,4038.51,1318838,145116.0,169814.0,4100.0,4110.0,4012.0,4092.6,25090800,4501.8,3683.4,4440.0,3288.1,4022.5,1,1,4022.2,5,1,4022.1,95,5,4022.0,99,10,4021.9,39,1,4022.8,6,2,4022.9,1,1,4023.1,131,3,4023.3,2,1,4023.4,15,1
11483,2026-07-02 13:04:10+05:30,4022.8,1,4038.51,1318838,145116.0,169814.0,4100.0,4110.0,4012.0,4092.6,25090800,4501.8,3683.4,4440.0,3288.1,4022.5,1,1,4022.2,5,1,4022.1,95,5,4022.0,99,10,4021.9,39,1,4022.8,6,2,4022.9,1,1,4023.1,131,3,4023.3,2,1,4023.4,15,1
11483,2026-07-02 13:04:10+05:30,4022.8,1,4038.51,1318838,145116.0,169814.0,4100.0,4110.0,4012.0,4092.6,25090800,4501.8,3683.4,4440.0,3288.1,4022.5,1,1,4022.2,5,1,4022.1,95,5,4022.0,99,10,4021.9,39,1,4022.8,6,2,4022.9,1,1,4023.1,131,3,4023.3,2,1,4023.4,15,1
11483,2026-07-02 13:04:10+05:30,4022.8,1,4038.51,1318838,145116.0,169814.0,4100.0,4110.0,4012.0,4092.6,25090800,4501.8,3683.4,4440.0,3288.1,4022.5,1,1,4022.2,5,1,4022.1,95,5,4022.0,99,10,4021.9,39,1,4022.8,6,2,4022.9,1,1,4023.1,131,3,4023.3,2,1,4023.4,15,1
11483,2026-07-02 13:04:11+05:30,4022.8,1,4038.51,1318841,145116.0,169851.0,4100.0,4110.0,4012.0,4092.6,25090800,4501.8,3683.4,4440.0,3288.1,4022.2,5,1,4022.1,95,5,4022.0,99,10,4021.9,39,1,4021.8,99,3,4022.8,4,2,4022.9,1,1,4023.1,131,3,4023.4,15,1,4023.5,240,3
11483,2026-07-02 13:04:11+05:30,4022.8,1,4038.51,1318841,145116.0,169851.0,4100.0,4110.0,4012.0,4092.6,25090800,4501.8,3683.4,4440.0,3288.1,4022.2,5,1,4022.1,95,5,4022.0,99,10,4021.9,39,1,4021.8,99,3,4022.8,4,2,4022.9,1,1,4023.1,131,3,4023.4,15,1,4023.5,240,3
11483,2026-07-02 13:04:12+05:30,4022.8,1,4038.51,1318842,145120.0,169892.0,4100.0,4110.0,4012.0,4092.6,25090800,4501.8,3683.4,4440.0,3288.1,4022.2,5,1,4022.1,69,3,4022.0,64,9,4021.8,51,2,4021.7,46,1,4022.8,6,4,4022.9,126,2,4023.1,6,2,4023.3,175,1,4023.4,15,1
11483,2026-07-02 13:04:12+05:30,4022.8,1,4038.51,1318842,145120.0,169892.0,4100.0,4110.0,4012.0,4092.6,25090800,4501.8,3683.4,4440.0,3288.1,4022.2,5,1,4022.1,69,3,4022.0,64,9,4021.8,51,2,4021.7,46,1,4022.8,6,4,4022.9,126,2,4023.1,6,2,4023.3,175,1,4023.4,15,1
11483,2026-07-02 13:04:13+05:30,4022.8,1,4038.51,1318843,145077.0,169886.0,4100.0,4110.0,4012.0,4092.6,25090800,4501.8,3683.4,4440.0,3288.1,4022.5,1,1,4022.2,5,1,4022.1,69,3,4022.0,64,9,4021.8,13,1,4022.8,13,4,4022.9,126,2,4023.1,6,2,4023.3,175,1,4023.4,18,2
11483,2026-07-02 13:04:13+05:30,4022.2,19,4038.51,1318843,145077.0,169886.0,4100.0,4110.0,4012.0,4092.6,25090800,4501.8,3683.4,4440.0,3288.1,4022.5,1,1,4022.2,5,1,4022.1,69,3,4022.0,64,9,4021.8,13,1,4022.8,13,4,4022.9,126,2,4023.1,6,2,4023.3,175,1,4023.4,18,2
11483,2026-07-02 13:04:14+05:30,4022.8,1,4038.51,1318866,145093.0,169755.0,4100.0,4110.0,4012.0,4092.6,25090800,4501.8,3683.4,4440.0,3288.1,4022.2,10,1,4022.1,69,3,4022.0,64,9,4021.9,24,1,4021.8,13,1,4022.8,13,4,4022.9,126,2,4023.1,6,2,4023.3,175,1,4023.4,15,1
11483,2026-07-02 13:04:14+05:30,4022.7,1,4038.51,1318866,145093.0,169755.0,4100.0,4110.0,4012.0,4092.6,25090800,4501.8,3683.4,4440.0,3288.1,4022.2,10,1,4022.1,69,3,4022.0,64,9,4021.9,24,1,4021.8,13,1,4022.8,13,4,4022.9,126,2,4023.1,6,2,4023.3,175,1,4023.4,15,1
11483,2026-07-02 13:04:15+05:30,4022.7,1,4038.51,1318870,145062.0,170132.0,4100.0,4110.0,4012.0,4092.6,25090800,4501.8,3683.4,4440.0,3288.1,4022.2,17,3,4022.1,55,2,4022.0,64,9,4021.8,13,1,4021.7,46,1,4022.7,199,1,4022.8,12,3,4022.9,126,2,4023.1,6,2,4023.3,175,1
11483,2026-07-02 13:04:15+05:30,4022.7,1,4038.51,1318870,145062.0,170132.0,4100.0,4110.0,4012.0,4092.6,25090800,4501.8,3683.4,4440.0,3288.1,4022.2,17,3,4022.1,55,2,4022.0,64,9,4021.8,13,1,4021.7,46,1,4022.7,199,1,4022.8,12,3,4022.9,126,2,4023.1,6,2,4023.3,175,1
11483,2026-07-02 13:04:16+05:30,4022.9,3,4038.51,1319177,145061.0,169794.0,4100.0,4110.0,4012.0,4092.6,25090800,4501.8,3683.4,4440.0,3288.1,4022.2,16,3,4022.1,55,2,4022.0,64,9,4021.8,13,1,4021.7,84,2,4022.9,76,2,4023.1,6,2,4023.3,175,1,4023.4,40,2,4023.5,38,1
11483,2026-07-02 13:04:16+05:30,4022.9,13,4038.51,1319177,145061.0,169794.0,4100.0,4110.0,4012.0,4092.6,25090800,4501.8,3683.4,4440.0,3288.1,4022.2,16,3,4022.1,55,2,4022.0,64,9,4021.8,13,1,4021.7,84,2,4022.9,76,2,4023.1,6,2,4023.3,175,1,4023.4,40,2,4023.5,38,1
11483,2026-07-02 13:04:17+05:30,4022.9,13,4038.51,1319228,145221.0,169878.0,4100.0,4110.0,4012.0,4092.6,25090800,4501.8,3683.4,4440.0,3288.1,4022.8,37,1,4022.2,10,1,4022.1,55,2,4022.0,64,9,4021.9,24,1,4022.9,62,2,4023.1,6,2,4023.3,175,1,4023.4,15,1,4023.5,38,1
11483,2026-07-02 13:04:17+05:30,4022.9,1,4038.51,1319228,145221.0,169878.0,4100.0,4110.0,4012.0,4092.6,25090800,4501.8,3683.4,4440.0,3288.1,4022.8,37,1,4022.2,10,1,4022.1,55,2,4022.0,64,9,4021.9,24,1,4022.9,62,2,4023.1,6,2,4023.3,175,1,4023.4,15,1,4023.5,38,1
11483,2026-07-02 13:04:18+05:30,4022.9,1,4038.51,1319236,145221.0,169876.0,4100.0,4110.0,4012.0,4092.6,25090800,4501.8,3683.4,4440.0,3288.1,4022.8,31,1,4022.2,10,1,4022.1,55,2,4022.0,64,9,4021.9,24,1,4022.9,60,2,4023.1,6,2,4023.3,175,1,4023.4,15,1,4023.5,38,1
11483,2026-07-02 13:04:18+05:30,4022.8,23,4038.51,1319236,145221.0,169876.0,4100.0,4110.0,4012.0,4092.6,25090800,4501.8,3683.4,4440.0,3288.1,4022.8,31,1,4022.2,10,1,4022.1,55,2,4022.0,64,9,4021.9,24,1,4022.9,60,2,4023.1,6,2,4023.3,175,1,4023.4,15,1,4023.5,38,1
11483,2026-07-02 13:04:18+05:30,4022.8,23,4038.51,1319261,145186.0,169852.0,4100.0,4110.0,4012.0,4092.6,25090800,4501.8,3683.4,4440.0,3288.1,4022.8,7,1,4022.2,10,1,4022.1,55,2,4022.0,64,9,4021.9,24,1,4022.9,59,2,4023.1,6,2,4023.3,175,1,4023.4,15,1,4023.5,38,1
11483,2026-07-02 13:04:19+05:30,4022.9,1,4038.51,1319261,145186.0,169852.0,4100.0,4110.0,4012.0,4092.6,25090800,4501.8,3683.4,4440.0,3288.1,4022.8,7,1,4022.2,10,1,4022.1,55,2,4022.0,64,9,4021.9,24,1,4022.9,59,2,4023.1,6,2,4023.3,175,1,4023.4,15,1,4023.5,38,1
11483,2026-07-02 13:04:19+05:30,4022.9,1,4038.51,1319265,145217.0,169811.0,4100.0,4110.0,4012.0,4092.6,25090800,4501.8,3683.4,4440.0,3288.1,4022.8,14,3,4022.2,10,1,4022.1,79,3,4022.0,64,9,4021.8,37,2,4022.9,60,3,4023.1,6,2,4023.3,175,1,4023.4,15,1,4023.5,38,1
11483,2026-07-02 13:04:21+05:30,4021.6,1,4038.51,1319265,145217.0,169811.0,4100.0,4110.0,4012.0,4092.6,25090800,4501.8,3683.4,4440.0,3288.1,4022.8,14,3,4022.2,10,1,4022.1,79,3,4022.0,64,9,4021.8,37,2,4022.9,60,3,4023.1,6,2,4023.3,175,1,4023.4,15,1,4023.5,38,1
11483,2026-07-02 13:04:23+05:30,4021.6,1,4038.49,1320187,144865.0,169824.0,4100.0,4110.0,4012.0,4092.6,25090800,4501.8,3683.4,4440.0,3288.1,4021.1,47,4,4021.0,1092,9,4020.9,17,2,4020.7,43,5,4020.6,132,6,4021.6,129,1,4022.0,7,1,4022.6,5,1,4022.7,22,1,4022.8,176,2
11483,2026-07-02 13:04:24+05:30,4022.9,1,4038.49,1320187,144865.0,169824.0,4100.0,4110.0,4012.0,4092.6,25090800,4501.8,3683.4,4440.0,3288.1,4021.1,47,4,4021.0,1092,9,4020.9,17,2,4020.7,43,5,4020.6,132,6,4021.6,129,1,4022.0,7,1,4022.6,5,1,4022.7,22,1,4022.8,176,2
11483,2026-07-02 13:04:27+05:30,4022.8,1,4038.49,1320187,144865.0,169824.0,4100.0,4110.0,4012.0,4092.6,25090800,4501.8,3683.4,4440.0,3288.1,4021.1,47,4,4021.0,1092,9,4020.9,17,2,4020.7,43,5,4020.6,132,6,4021.6,129,1,4022.0,7,1,4022.6,5,1,4022.7,22,1,4022.8,176,2
11483,2026-07-02 13:04:27+05:30,4022.8,17,4038.48,1321313,147527.0,168443.0,4100.0,4110.0,4012.0,4092.6,25090800,4501.8,3683.4,4440.0,3288.1,4022.8,650,2,4022.4,31,1,4022.3,33,1,4022.2,12,1,4022.1,47,2,4023.4,1,1,4023.8,1,1,4024.0,15,1,4024.1,523,2,4024.3,5,1
11483,2026-07-02 13:04:30+05:30,4022.9,40,4038.48,1321313,147527.0,168443.0,4100.0,4110.0,4012.0,4092.6,25090800,4501.8,3683.4,4440.0,3288.1,4022.8,650,2,4022.4,31,1,4022.3,33,1,4022.2,12,1,4022.1,47,2,4023.4,1,1,4023.8,1,1,4024.0,15,1,4024.1,523,2,4024.3,5,1
11483,2026-07-02 13:04:32+05:30,4023.6,1,4038.47,1321915,148225.0,167583.0,4100.0,4110.0,4012.0,4092.6,25090800,4501.8,3683.4,4440.0,3288.1,4023.6,57,4,4023.5,70,2,4023.4,2,2,4023.3,99,4,4023.2,1,1,4024.0,16,2,4024.1,500,1,4024.8,7,1,4024.9,47,3,4025.0,174,4
11483,2026-07-02 13:04:33+05:30,4023.6,42,4038.47,1321915,148225.0,167583.0,4100.0,4110.0,4012.0,4092.6,25090800,4501.8,3683.4,4440.0,3288.1,4023.6,57,4,4023.5,70,2,4023.4,2,2,4023.3,99,4,4023.2,1,1,4024.0,16,2,4024.1,500,1,4024.8,7,1,4024.9,47,3,4025.0,174,4
11483,2026-07-02 13:04:36+05:30,4023.4,1,4038.47,1322397,148807.0,167307.0,4100.0,4110.0,4012.0,4092.6,25090800,4501.8,3683.4,4440.0,3288.1,4023.4,15,3,4023.1,42,2,4023.0,7,2,4022.9,61,3,4022.8,489,6,4024.1,353,1,4024.8,21,2,4024.9,9,2,4025.0,212,5,4025.1,55,2
11483,2026-07-02 13:04:36+05:30,4023.4,1,4038.47,1322397,148807.0,167307.0,4100.0,4110.0,4012.0,4092.6,25090800,4501.8,3683.4,4440.0,3288.1,4023.4,15,3,4023.1,42,2,4023.0,7,2,4022.9,61,3,4022.8,489,6,4024.1,353,1,4024.8,21,2,4024.9,9,2,4025.0,212,5,4025.1,55,2
11483,2026-07-02 13:04:39+05:30,4024.1,1,4038.47,1322397,148807.0,167307.0,4100.0,4110.0,4012.0,4092.6,25090800,4501.8,3683.4,4440.0,3288.1,4023.4,15,3,4023.1,42,2,4023.0,7,2,4022.9,61,3,4022.8,489,6,4024.1,353,1,4024.8,21,2,4024.9,9,2,4025.0,212,5,4025.1,55,2
11483,2026-07-02 13:04:41+05:30,4023.4,1,4038.47,1322648,149080.0,167210.0,4100.0,4110.0,4012.0,4092.6,25090800,4501.8,3683.4,4440.0,3288.1,4023.4,16,3,4023.3,24,1,4023.2,37,1,4023.1,80,2,4023.0,70,2,4024.1,198,4,4024.8,7,1,4024.9,9,2,4025.0,241,7,4025.1,55,2
11483,2026-07-02 13:04:42+05:30,4023.3,1,4038.47,1322648,149080.0,167210.0,4100.0,4110.0,4012.0,4092.6,25090800,4501.8,3683.4,4440.0,3288.1,4023.4,16,3,4023.3,24,1,4023.2,37,1,4023.1,80,2,4023.0,70,2,4024.1,198,4,4024.8,7,1,4024.9,9,2,4025.0,241,7,4025.1,55,2
11483,2026-07-02 13:04:45+05:30,4023.2,10,4038.47,1322648,149080.0,167210.0,4100.0,4110.0,4012.0,4092.6,25090800,4501.8,3683.4,4440.0,3288.1,4023.4,16,3,4023.3,24,1,4023.2,37,1,4023.1,80,2,4023.0,70,2,4024.1,198,4,4024.8,7,1,4024.9,9,2,4025.0,241,7,4025.1,55,2
11483,2026-07-02 13:04:45+05:30,4023.2,10,4038.46,1322760,148300.0,167666.0,4100.0,4110.0,4012.0,4092.6,25090800,4501.8,3683.4,4440.0,3288.1,4022.8,442,4,4022.5,110,3,4022.4,24,1,4022.3,60,2,4022.2,54,3,4023.0,44,2,4023.1,42,1,4023.3,49,3,4023.5,42,1,4023.8,27,1
11483,2026-07-02 13:04:48+05:30,4023.0,4,4038.46,1322760,148300.0,167666.0,4100.0,4110.0,4012.0,4092.6,25090800,4501.8,3683.4,4440.0,3288.1,4022.8,442,4,4022.5,110,3,4022.4,24,1,4022.3,60,2,4022.2,54,3,4023.0,44,2,4023.1,42,1,4023.3,49,3,4023.5,42,1,4023.8,27,1
11483,2026-07-02 13:04:50+05:30,4023.0,4,4038.46,1322868,148324.0,167632.0,4100.0,4110.0,4012.0,4092.6,25090800,4501.8,3683.4,4440.0,3288.1,4022.9,1,1,4022.8,345,4,4022.7,12,1,4022.6,45,2,4022.5,58,2,4023.0,9,3,4023.3,10,1,4024.0,50,1,4024.1,179,2,4024.7,44,2
11483,2026-07-02 13:04:51+05:30,4023.0,3,4038.46,1322868,148324.0,167632.0,4100.0,4110.0,4012.0,4092.6,25090800,4501.8,3683.4,4440.0,3288.1,4022.9,1,1,4022.8,345,4,4022.7,12,1,4022.6,45,2,4022.5,58,2,4023.0,9,3,4023.3,10,1,4024.0,50,1,4024.1,179,2,4024.7,44,2
11483,2026-07-02 13:04:54+05:30,4022.8,4,4038.46,1322868,148324.0,167632.0,4100.0,4110.0,4012.0,4092.6,25090800,4501.8,3683.4,4440.0,3288.1,4022.9,1,1,4022.8,345,4,4022.7,12,1,4022.6,45,2,4022.5,58,2,4023.0,9,3,4023.3,10,1,4024.0,50,1,4024.1,179,2,4024.7,44,2
11483,2026-07-02 13:04:54+05:30,4022.8,4,4038.46,1323107,149173.0,167556.0,4100.0,4110.0,4012.0,4092.6,25090800,4501.8,3683.4,4440.0,3288.1,4022.8,109,1,4022.3,39,2,4022.2,55,4,4022.1,25,2,4022.0,905,6,4023.0,7,2,4023.3,11,2,4024.0,53,3,4024.1,218,4,4024.2,43,2
11483,2026-07-02 13:04:57+05:30,4023.0,2,4038.46,1323107,149173.0,167556.0,4100.0,4110.0,4012.0,4092.6,25090800,4501.8,3683.4,4440.0,3288.1,4022.8,109,1,4022.3,39,2,4022.2,55,4,4022.1,25,2,4022.0,905,6,4023.0,7,2,4023.3,11,2,4024.0,53,3,4024.1,218,4,4024.2,43,2
11483,2026-07-02 13:04:59+05:30,4024.0,14,4038.46,1323281,149431.0,167268.0,4100.0,4110.0,4012.0,4092.6,25090800,4501.8,3683.4,4440.0,3288.1,4023.5,1,1,4023.0,13,2,4022.9,1,1,4022.8,117,3,4022.5,12,1,4023.9,3,1,4024.0,8,1,4024.1,179,2,4024.2,67,3,4024.3,16,2
11483,2026-07-02 13:05:00+05:30,4023.0,13,4038.46,1323281,149431.0,167268.0,4100.0,4110.0,4012.0,4092.6,25090800,4501.8,3683.4,4440.0,3288.1,4023.5,1,1,4023.0,13,2,4022.9,1,1,4022.8,117,3,4022.5,12,1,4023.9,3,1,4024.0,8,1,4024.1,179,2,4024.2,67,3,4024.3,16,2
11483,2026-07-02 13:05:03+05:30,4023.1,13,4038.46,1323281,149431.0,167268.0,4100.0,4110.0,4012.0,4092.6,25090800,4501.8,3683.4,4440.0,3288.1,4023.5,1,1,4023.0,13,2,4022.9,1,1,4022.8,117,3,4022.5,12,1,4023.9,3,1,4024.0,8,1,4024.1,179,2,4024.2,67,3,4024.3,16,2
11483,2026-07-02 13:05:03+05:30,4023.9,2,4038.46,1323493,149586.0,167209.0,4100.0,4110.0,4012.0,4092.6,25090800,4501.8,3683.4,4440.0,3288.1,4022.9,1,1,4022.8,90,2,4022.5,12,1,4022.3,51,2,4022.2,22,2,4023.9,23,3,4024.0,27,3,4024.1,202,3,4024.2,19,2,4024.3,6,2
11483,2026-07-02 13:05:05+05:30,4023.9,2,4038.46,1323493,149586.0,167209.0,4100.0,4110.0,4012.0,4092.6,25090800,4501.8,3683.4,4440.0,3288.1,4022.9,1,1,4022.8,90,2,4022.5,12,1,4022.3,51,2,4022.2,22,2,4023.9,23,3,4024.0,27,3,4024.1,202,3,4024.2,19,2,4024.3,6,2
11483,2026-07-02 13:05:06+05:30,4023.9,2,4038.46,1323493,149586.0,167209.0,4100.0,4110.0,4012.0,4092.6,25090800,4501.8,3683.4,4440.0,3288.1,4022.9,1,1,4022.8,90,2,4022.5,12,1,4022.3,51,2,4022.2,22,2,4023.9,23,3,4024.0,27,3,4024.1,202,3,4024.2,19,2,4024.3,6,2
11483,2026-07-02 13:05:06+05:30,4023.0,7,4038.46,1323493,149586.0,167209.0,4100.0,4110.0,4012.0,4092.6,25090800,4501.8,3683.4,4440.0,3288.1,4022.9,1,1,4022.8,90,2,4022.5,12,1,4022.3,51,2,4022.2,22,2,4023.9,23,3,4024.0,27,3,4024.1,202,3,4024.2,19,2,4024.3,6,2
11483,2026-07-02 13:05:07+05:30,4023.0,7,4038.46,1323493,149586.0,167209.0,4100.0,4110.0,4012.0,4092.6,25090800,4501.8,3683.4,4440.0,3288.1,4022.9,1,1,4022.8,90,2,4022.5,12,1,4022.3,51,2,4022.2,22,2,4023.9,23,3,4024.0,27,3,4024.1,202,3,4024.2,19,2,4024.3,6,2
11483,2026-07-02 13:05:08+05:30,4023.0,7,4038.46,1323493,149586.0,167209.0,4100.0,4110.0,4012.0,4092.6,25090800,4501.8,3683.4,4440.0,3288.1,4022.9,1,1,4022.8,90,2,4022.5,12,1,4022.3,51,2,4022.2,22,2,4023.9,23,3,4024.0,27,3,4024.1,202,3,4024.2,19,2,4024.3,6,2
11483,2026-07-02 13:05:08+05:30,4023.0,200,4038.45,1323826,149124.0,167782.0,4100.0,4110.0,4012.0,4092.6,25090800,4501.8,3683.4,4440.0,3288.1,4022.8,90,2,4022.3,15,1,4022.2,58,3,4022.1,5,1,4022.0,832,4,4023.0,79,2,4023.7,32,3,4023.8,25,2,4023.9,25,4,4024.0,63,4
11483,2026-07-02 13:05:09+05:30,4023.0,200,4038.45,1323826,149124.0,167782.0,4100.0,4110.0,4012.0,4092.6,25094825,4501.8,3683.4,4440.0,3288.1,4022.8,90,2,4022.3,15,1,4022.2,58,3,4022.1,5,1,4022.0,832,4,4023.0,79,2,4023.7,32,3,4023.8,25,2,4023.9,25,4,4024.0,63,4
11483,2026-07-02 13:05:09+05:30,4023.0,1,4038.45,1323826,149124.0,167782.0,4100.0,4110.0,4012.0,4092.6,25094825,4501.8,3683.4,4440.0,3288.1,4022.8,90,2,4022.3,15,1,4022.2,58,3,4022.1,5,1,4022.0,832,4,4023.0,79,2,4023.7,32,3,4023.8,25,2,4023.9,25,4,4024.0,63,4
11483,2026-07-02 13:05:09+05:30,4023.0,1,4038.45,1323826,149124.0,167782.0,4100.0,4110.0,4012.0,4092.6,25094825,4501.8,3683.4,4440.0,3288.1,4022.8,90,2,4022.3,15,1,4022.2,58,3,4022.1,5,1,4022.0,832,4,4023.0,79,2,4023.7,32,3,4023.8,25,2,4023.9,25,4,4024.0,63,4
11483,2026-07-02 13:05:10+05:30,4023.0,1,4038.45,1323826,149124.0,167782.0,4100.0,4110.0,4012.0,4092.6,25094825,4501.8,3683.4,4440.0,3288.1,4022.8,90,2,4022.3,15,1,4022.2,58,3,4022.1,5,1,4022.0,832,4,4023.0,79,2,4023.7,32,3,4023.8,25,2,4023.9,25,4,4024.0,63,4
11483,2026-07-02 13:05:11+05:30,4023.0,1,4038.45,1323826,149124.0,167782.0,4100.0,4110.0,4012.0,4092.6,25094825,4501.8,3683.4,4440.0,3288.1,4022.8,90,2,4022.3,15,1,4022.2,58,3,4022.1,5,1,4022.0,832,4,4023.0,79,2,4023.7,32,3,4023.8,25,2,4023.9,25,4,4024.0,63,4
11483,2026-07-02 13:05:12+05:30,4022.8,1,4038.45,1323826,149124.0,167782.0,4100.0,4110.0,4012.0,4092.6,25094825,4501.8,3683.4,4440.0,3288.1,4022.8,90,2,4022.3,15,1,4022.2,58,3,4022.1,5,1,4022.0,832,4,4023.0,79,2,4023.7,32,3,4023.8,25,2,4023.9,25,4,4024.0,63,4
11483,2026-07-02 13:05:13+05:30,4023.0,4,4038.45,1323901,155319.0,167816.0,4100.0,4110.0,4012.0,4092.6,25094825,4501.8,3683.4,4440.0,3288.1,4022.8,44,2,4022.3,15,1,4022.2,22,2,4022.0,833,5,4021.9,48,2,4023.0,58,4,4023.7,16,2,4023.8,26,3,4023.9,39,4,4024.0,63,4
11483,2026-07-02 13:05:15+05:30,4022.8,9,4038.45,1323901,155319.0,167816.0,4100.0,4110.0,4012.0,4092.6,25094825,4501.8,3683.4,4440.0,3288.1,4022.8,44,2,4022.3,15,1,4022.2,22,2,4022.0,833,5,4021.9,48,2,4023.0,58,4,4023.7,16,2,4023.8,26,3,4023.9,39,4,4024.0,63,4
11483,2026-07-02 13:05:18+05:30,4023.0,4,4038.45,1323901,155319.0,167816.0,4100.0,4110.0,4012.0,4092.6,25094825,4501.8,3683.4,4440.0,3288.1,4022.8,44,2,4022.3,15,1,4022.2,22,2,4022.0,833,5,4021.9,48,2,4023.0,58,4,4023.7,16,2,4023.8,26,3,4023.9,39,4,4024.0,63,4
11483,2026-07-02 13:05:18+05:30,4023.0,4,4038.45,1323945,155219.0,167963.0,4100.0,4110.0,4012.0,4092.6,25094825,4501.8,3683.4,4440.0,3288.1,4022.8,35,2,4022.3,15,1,4022.2,22,2,4022.0,833,5,4021.9,48,2,4023.0,37,7,4023.2,4,1,4023.3,16,2,4023.4,6,1,4023.6,24,2
11483,2026-07-02 13:05:20+05:30,4023.0,1,4038.45,1323945,155219.0,167963.0,4100.0,4110.0,4012.0,4092.6,25094825,4501.8,3683.4,4440.0,3288.1,4022.8,35,2,4022.3,15,1,4022.2,22,2,4022.0,833,5,4021.9,48,2,4023.0,37,7,4023.2,4,1,4023.3,16,2,4023.4,6,1,4023.6,24,2
11483,2026-07-02 13:05:20+05:30,4023.0,1,4038.45,1323955,154959.0,167936.0,4100.0,4110.0,4012.0,4092.6,25094825,4501.8,3683.4,4440.0,3288.1,4022.9,1,1,4022.8,29,2,4022.3,15,1,4022.2,10,1,4022.0,851,6,4023.0,21,5,4023.2,4,1,4023.3,16,2,4023.4,6,1,4023.5,6,1
11483,2026-07-02 13:05:21+05:30,4023.0,2,4038.45,1323955,154959.0,167936.0,4100.0,4110.0,4012.0,4092.6,25094825,4501.8,3683.4,4440.0,3288.1,4022.9,1,1,4022.8,29,2,4022.3,15,1,4022.2,10,1,4022.0,851,6,4023.0,21,5,4023.2,4,1,4023.3,16,2,4023.4,6,1,4023.5,6,1
11483,2026-07-02 13:05:21+05:30,4023.0,2,4038.45,1323960,154972.0,167948.0,4100.0,4110.0,4012.0,4092.6,25094825,4501.8,3683.4,4440.0,3288.1,4022.8,29,2,4022.3,15,1,4022.2,10,1,4022.0,851,6,4021.9,12,1,4023.0,17,5,4023.3,17,3,4023.4,6,1,4023.6,24,2,4023.7,25,3
11483,2026-07-02 13:05:22+05:30,4023.0,1,4038.45,1323960,154972.0,167948.0,4100.0,4110.0,4012.0,4092.6,25094825,4501.8,3683.4,4440.0,3288.1,4022.8,29,2,4022.3,15,1,4022.2,10,1,4022.0,851,6,4021.9,12,1,4023.0,17,5,4023.3,17,3,4023.4,6,1,4023.6,24,2,4023.7,25,3
11483,2026-07-02 13:05:22+05:30,4023.0,1,4038.45,1323963,154951.0,167989.0,4100.0,4110.0,4012.0,4092.6,25094825,4501.8,3683.4,4440.0,3288.1,4022.8,28,2,4022.3,15,1,4022.2,10,1,4022.0,851,6,4021.9,48,2,4023.0,23,7,4023.1,3,1,4023.3,17,3,4023.4,6,1,4023.6,24,2
11483,2026-07-02 13:05:23+05:30,4023.0,1,4038.45,1323963,154951.0,167989.0,4100.0,4110.0,4012.0,4092.6,25094825,4501.8,3683.4,4440.0,3288.1,4022.8,28,2,4022.3,15,1,4022.2,10,1,4022.0,851,6,4021.9,48,2,4023.0,23,7,4023.1,3,1,4023.3,17,3,4023.4,6,1,4023.6,24,2
11483,2026-07-02 13:05:23+05:30,4023.0,1,4038.45,1323965,154997.0,168135.0,4100.0,4110.0,4012.0,4092.6,25094825,4501.8,3683.4,4440.0,3288.1,4022.8,28,2,4022.3,15,1,4022.2,10,1,4022.0,851,6,4021.9,48,2,4023.0,15,6,4023.3,19,4,4023.4,6,1,4023.6,24,2,4023.7,26,3
11483,2026-07-02 13:05:24+05:30,4023.0,1,4038.45,1323965,154997.0,168135.0,4100.0,4110.0,4012.0,4092.6,25094825,4501.8,3683.4,4440.0,3288.1,4022.8,28,2,4022.3,15,1,4022.2,10,1,4022.0,851,6,4021.9,48,2,4023.0,15,6,4023.3,19,4,4023.4,6,1,4023.6,24,2,4023.7,26,3
11483,2026-07-02 13:05:24+05:30,4023.0,1,4038.45,1323970,155018.0,168135.0,4100.0,4110.0,4012.0,4092.6,25094825,4501.8,3683.4,4440.0,3288.1,4022.8,27,2,4022.3,15,1,4022.2,10,1,4022.0,851,6,4021.9,48,2,4023.0,87,6,4023.3,19,4,4023.4,6,1,4023.6,24,2,4023.7,26,3
11483,2026-07-02 13:05:25+05:30,4023.0,15,4038.45,1323970,155018.0,168135.0,4100.0,4110.0,4012.0,4092.6,25094825,4501.8,3683.4,4440.0,3288.1,4022.8,27,2,4022.3,15,1,4022.2,10,1,4022.0,851,6,4021.9,48,2,4023.0,87,6,4023.3,19,4,4023.4,6,1,4023.6,24,2,4023.7,26,3
11483,2026-07-02 13:05:25+05:30,4023.0,15,4038.44,1324460,155224.0,168189.0,4100.0,4110.0,4012.0,4092.6,25094825,4501.8,3683.4,4440.0,3288.1,4023.0,100,9,4022.9,8,1,4022.8,32,3,4022.4,4,1,4022.3,15,1,4023.3,3,2,4023.7,1,1,4023.8,1,1,4024.0,49,6,4024.1,181,2
11483,2026-07-02 13:05:26+05:30,4023.3,1,4038.44,1324460,155224.0,168189.0,4100.0,4110.0,4012.0,4092.6,25094825,4501.8,3683.4,4440.0,3288.1,4023.0,100,9,4022.9,8,1,4022.8,32,3,4022.4,4,1,4022.3,15,1,4023.3,3,2,4023.7,1,1,4023.8,1,1,4024.0,49,6,4024.1,181,2
11483,2026-07-02 13:05:26+05:30,4023.3,1,4038.44,1324528,155095.0,167968.0,4100.0,4110.0,4012.0,4092.6,25094825,4501.8,3683.4,4440.0,3288.1,4023.0,96,9,4022.9,8,1,4022.8,32,3,4022.3,15,1,4022.2,106,5,4023.7,1,1,4023.8,1,1,4024.0,22,3,4024.1,201,3,4024.4,2,1
11483,2026-07-02 13:05:27+05:30,4023.0,4,4038.44,1324528,155095.0,167968.0,4100.0,4110.0,4012.0,4092.6,25094825,4501.8,3683.4,4440.0,3288.1,4023.0,96,9,4022.9,8,1,4022.8,32,3,4022.3,15,1,4022.2,106,5,4023.7,1,1,4023.8,1,1,4024.0,22,3,4024.1,201,3,4024.4,2,1
11483,2026-07-02 13:05:27+05:30,4023.0,4,4038.44,1324713,154912.0,168239.0,4100.0,4110.0,4012.0,4092.6,25094825,4501.8,3683.4,4440.0,3288.1,4023.0,80,7,4022.9,8,1,4022.8,37,4,4022.3,15,1,4022.2,61,4,4023.7,28,1,4023.8,16,2,4023.9,4,1,4024.0,47,6,4024.1,193,3
11483,2026-07-02 13:05:28+05:30,4023.7,55,4038.44,1324713,154912.0,168239.0,4100.0,4110.0,4012.0,4092.6,25094825,4501.8,3683.4,4440.0,3288.1,4023.0,80,7,4022.9,8,1,4022.8,37,4,4022.3,15,1,4022.2,61,4,4023.7,28,1,4023.8,16,2,4023.9,4,1,4024.0,47,6,4024.1,193,3
11483,2026-07-02 13:05:28+05:30,4023.7,55,4038.44,1324791,148933.0,168422.0,4100.0,4110.0,4012.0,4092.6,25094825,4501.8,3683.4,4440.0,3288.1,4023.7,8,1,4023.0,58,7,4022.8,37,4,4022.5,12,1,4022.3,39,2,4023.8,16,2,4024.0,25,4,4024.1,185,3,4024.2,21,2,4024.3,20,2
11483,2026-07-02 13:05:29+05:30,4023.0,30,4038.44,1324791,148933.0,168422.0,4100.0,4110.0,4012.0,4092.6,25094825,4501.8,3683.4,4440.0,3288.1,4023.7,8,1,4023.0,58,7,4022.8,37,4,4022.5,12,1,4022.3,39,2,4023.8,16,2,4024.0,25,4,4024.1,185,3,4024.2,21,2,4024.3,20,2
11483,2026-07-02 13:05:29+05:30,4023.6,1,4038.44,1324997,148816.0,168178.0,4100.0,4110.0,4012.0,4092.6,25094825,4501.8,3683.4,4440.0,3288.1,4023.0,54,7,4022.8,37,4,4022.3,51,2,4022.2,25,3,4022.0,871,7,4023.6,174,1,4023.9,7,1,4024.0,40,7,4024.1,201,5,4024.2,49,3
11483,2026-07-02 13:05:30+05:30,4023.6,1,4038.44,1324997,148816.0,168178.0,4100.0,4110.0,4012.0,4092.6,25094825,4501.8,3683.4,4440.0,3288.1,4023.0,54,7,4022.8,37,4,4022.3,51,2,4022.2,25,3,4022.0,871,7,4023.6,174,1,4023.9,7,1,4024.0,40,7,4024.1,201,5,4024.2,49,3
11483,2026-07-02 13:05:30+05:30,4023.6,3,4038.44,1325128,148872.0,167922.0,4100.0,4110.0,4012.0,4092.6,25094825,4501.8,3683.4,4440.0,3288.1,4023.0,78,7,4022.8,46,5,4022.3,15,1,4022.2,59,3,4022.0,871,7,4023.6,168,1,4023.9,7,1,4024.0,42,8,4024.1,201,5,4024.2,49,3
11483,2026-07-02 13:05:31+05:30,4023.0,13,4038.44,1325128,148872.0,167922.0,4100.0,4110.0,4012.0,4092.6,25094825,4501.8,3683.4,4440.0,3288.1,4023.0,78,7,4022.8,46,5,4022.3,15,1,4022.2,59,3,4022.0,871,7,4023.6,168,1,4023.9,7,1,4024.0,42,8,4024.1,201,5,4024.2,49,3
11483,2026-07-02 13:05:31+05:30,4023.0,13,4038.43,1325301,148857.0,167981.0,4100.0,4110.0,4012.0,4092.6,25094825,4501.8,3683.4,4440.0,3288.1,4023.0,71,7,4022.8,46,5,4022.3,15,1,4022.2,23,2,4022.1,10,1,4023.6,167,1,4023.9,16,2,4024.0,22,6,4024.1,237,6,4024.2,49,3
11483,2026-07-02 13:05:32+05:30,4023.6,1,4038.43,1325301,148857.0,167981.0,4100.0,4110.0,4012.0,4092.6,25094825,4501.8,3683.4,4440.0,3288.1,4023.0,71,7,4022.8,46,5,4022.3,15,1,4022.2,23,2,4022.1,10,1,4023.6,167,1,4023.9,16,2,4024.0,22,6,4024.1,237,6,4024.2,49,3
11483,2026-07-02 13:05:33+05:30,4023.6,1,4038.43,1325324,148842.0,168129.0,4100.0,4110.0,4012.0,4092.6,25094825,4501.8,3683.4,4440.0,3288.1,4023.3,1,1,4023.0,60,7,4022.8,46,5,4022.3,15,1,4022.2,23,2,4023.6,167,2,4023.9,7,1,4024.0,22,6,4024.1,237,6,4024.2,38,3
11483,2026-07-02 13:05:33+05:30,4023.0,3,4038.43,1325324,148842.0,168129.0,4100.0,4110.0,4012.0,4092.6,25094825,4501.8,3683.4,4440.0,3288.1,4023.3,1,1,4023.0,60,7,4022.8,46,5,4022.3,15,1,4022.2,23,2,4023.6,167,2,4023.9,7,1,4024.0,22,6,4024.1,237,6,4024.2,38,3
11483,2026-07-02 13:05:34+05:30,4023.3,1,4038.43,1325447,148873.0,168529.0,4100.0,4110.0,4012.0,4092.6,25094825,4501.8,3683.4,4440.0,3288.1,4023.0,100,8,4022.8,46,5,4022.3,15,1,4022.2,23,2,4022.0,892,8,4023.3,2,2,4023.6,167,2,4024.0,33,4,4024.1,227,5,4024.2,38,3
11483,2026-07-02 13:05:34+05:30,4023.0,9,4038.43,1325447,148873.0,168529.0,4100.0,4110.0,4012.0,4092.6,25094825,4501.8,3683.4,4440.0,3288.1,4023.0,100,8,4022.8,46,5,4022.3,15,1,4022.2,23,2,4022.0,892,8,4023.3,2,2,4023.6,167,2,4024.0,33,4,4024.1,227,5,4024.2,38,3
11483,2026-07-02 13:05:35+05:30,4023.3,1,4038.43,1325463,148861.0,168537.0,4100.0,4110.0,4012.0,4092.6,25094825,4501.8,3683.4,4440.0,3288.1,4023.0,75,7,4022.8,46,5,4022.3,15,1,4022.2,23,2,4022.0,892,8,4023.3,7,5,4023.6,165,1,4024.0,33,4,4024.1,227,5,4024.2,38,3
11483,2026-07-02 13:05:35+05:30,4023.3,1,4038.43,1325463,148861.0,168537.0,4100.0,4110.0,4012.0,4092.6,25094825,4501.8,3683.4,4440.0,3288.1,4023.0,75,7,4022.8,46,5,4022.3,15,1,4022.2,23,2,4022.0,892,8,4023.3,7,5,4023.6,165,1,4024.0,33,4,4024.1,227,5,4024.2,38,3
11483,2026-07-02 13:05:36+05:30,4023.3,1,4038.43,1325622,148780.0,169019.0,4100.0,4110.0,4012.0,4092.6,25094825,4501.8,3683.4,4440.0,3288.1,4023.1,1,1,4023.0,83,7,4022.8,46,5,4022.3,15,1,4022.2,23,2,4023.3,6,4,4023.6,166,2,4023.9,47,3,4024.0,37,6,4024.1,224,4
11483,2026-07-02 13:05:36+05:30,4023.1,1,4038.43,1325622,148780.0,169019.0,4100.0,4110.0,4012.0,4092.6,25094825,4501.8,3683.4,4440.0,3288.1,4023.1,1,1,4023.0,83,7,4022.8,46,5,4022.3,15,1,4022.2,23,2,4023.3,6,4,4023.6,166,2,4023.9,47,3,4024.0,37,6,4024.1,224,4
11483,2026-07-02 13:05:37+05:30,4023.0,9,4038.43,1325810,154783.0,168752.0,4100.0,4110.0,4012.0,4092.6,25094825,4501.8,3683.4,4440.0,3288.1,4023.0,75,7,4022.8,46,5,4022.3,15,1,4022.2,10,1,4022.0,912,9,4023.1,167,2,4023.3,6,4,4023.4,4,1,4023.6,23,3,4023.8,9,1
11483,2026-07-02 13:05:37+05:30,4023.1,15,4038.43,1325810,154783.0,168752.0,4100.0,4110.0,4012.0,4092.6,25094825,4501.8,3683.4,4440.0,3288.1,4023.0,75,7,4022.8,46,5,4022.3,15,1,4022.2,10,1,4022.0,912,9,4023.1,167,2,4023.3,6,4,4023.4,4,1,4023.6,23,3,4023.8,9,1
11483,2026-07-02 13:05:38+05:30,4023.1,1,4038.43,1325849,154797.0,168752.0,4100.0,4110.0,4012.0,4092.6,25094825,4501.8,3683.4,4440.0,3288.1,4023.0,84,7,4022.8,46,5,4022.3,15,1,4022.2,10,1,4022.0,912,9,4023.1,152,3,4023.3,5,3,4023.4,4,1,4023.6,23,3,4023.8,9,1
11483,2026-07-02 13:05:38+05:30,4023.0,4,4038.43,1325849,154797.0,168752.0,4100.0,4110.0,4012.0,4092.6,25094825,4501.8,3683.4,4440.0,3288.1,4023.0,84,7,4022.8,46,5,4022.3,15,1,4022.2,10,1,4022.0,912,9,4023.1,152,3,4023.3,5,3,4023.4,4,1,4023.6,23,3,4023.8,9,1
11483,2026-07-02 13:05:39+05:30,4023.0,1,4038.43,1326017,153954.0,168740.0,4100.0,4110.0,4012.0,4092.6,25094825,4501.8,3683.4,4440.0,3288.1,4023.0,80,4,4022.8,46,5,4022.3,15,1,4022.2,10,1,4022.0,76,7,4023.1,169,6,4023.3,4,2,4023.4,4,1,4023.6,23,3,4023.7,3,1
11483,2026-07-02 13:05:39+05:30,4023.1,1,4038.43,1326017,153954.0,168740.0,4100.0,4110.0,4012.0,4092.6,25094825,4501.8,3683.4,4440.0,3288.1,4023.0,80,4,4022.8,46,5,4022.3,15,1,4022.2,10,1,4022.0,76,7,4023.1,169,6,4023.3,4,2,4023.4,4,1,4023.6,23,3,4023.7,3,1
11483,2026-07-02 13:05:40+05:30,4023.0,1,4038.43,1326041,153593.0,168808.0,4100.0,4110.0,4012.0,4092.6,25094825,4501.8,3683.4,4440.0,3288.1,4023.0,62,7,4022.8,46,5,4022.3,15,1,4022.2,10,1,4022.0,76,7,4023.1,167,6,4023.3,1,1,4023.6,23,3,4023.7,8,2,4023.8,45,2
11483,2026-07-02 13:05:40+05:30,4023.1,1,4038.43,1326041,153593.0,168808.0,4100.0,4110.0,4012.0,4092.6,25094825,4501.8,3683.4,4440.0,3288.1,4023.0,62,7,4022.8,46,5,4022.3,15,1,4022.2,10,1,4022.0,76,7,4023.1,167,6,4023.3,1,1,4023.6,23,3,4023.7,8,2,4023.8,45,2
11483,2026-07-02 13:05:41+05:30,4023.0,1,4038.43,1326046,153708.0,169001.0,4100.0,4110.0,4012.0,4092.6,25094825,4501.8,3683.4,4440.0,3288.1,4023.0,58,7,4022.8,46,5,4022.3,15,1,4022.2,10,1,4022.1,41,1,4023.1,166,6,4023.3,1,1,4023.8,36,1,4023.9,21,3,4024.0,37,5
11483,2026-07-02 13:05:41+05:30,4023.0,1,4038.43,1326046,153708.0,169001.0,4100.0,4110.0,4012.0,4092.6,25094825,4501.8,3683.4,4440.0,3288.1,4023.0,58,7,4022.8,46,5,4022.3,15,1,4022.2,10,1,4022.1,41,1,4023.1,166,6,4023.3,1,1,4023.8,36,1,4023.9,21,3,4024.0,37,5
11483,2026-07-02 13:05:42+05:30,4023.0,1,4038.42,1326169,153751.0,168810.0,4100.0,4110.0,4012.0,4092.6,25094825,4501.8,3683.4,4440.0,3288.1,4023.0,71,7,4022.8,46,5,4022.3,15,1,4022.2,10,1,4022.1,39,1,4023.1,164,7,4023.3,1,1,4023.8,36,1,4023.9,28,3,4024.0,37,5
11483,2026-07-02 13:05:42+05:30,4023.1,1,4038.42,1326169,153751.0,168810.0,4100.0,4110.0,4012.0,4092.6,25094825,4501.8,3683.4,4440.0,3288.1,4023.0,71,7,4022.8,46,5,4022.3,15,1,4022.2,10,1,4022.1,39,1,4023.1,164,7,4023.3,1,1,4023.8,36,1,4023.9,28,3,4024.0,37,5
11483,2026-07-02 13:05:43+05:30,4023.1,1,4038.42,1326184,153779.0,168806.0,4100.0,4110.0,4012.0,4092.6,25094825,4501.8,3683.4,4440.0,3288.1,4023.0,75,7,4022.8,46,5,4022.5,12,1,4022.3,15,1,4022.2,10,1,4023.1,163,7,4023.3,1,1,4023.8,36,1,4023.9,2,1,4024.0,40,6
11483,2026-07-02 13:05:43+05:30,4023.0,4,4038.42,1326184,153779.0,168806.0,4100.0,4110.0,4012.0,4092.6,25094825,4501.8,3683.4,4440.0,3288.1,4023.0,75,7,4022.8,46,5,4022.5,12,1,4022.3,15,1,4022.2,10,1,4023.1,163,7,4023.3,1,1,4023.8,36,1,4023.9,2,1,4024.0,40,6
11483,2026-07-02 13:05:43+05:30,4023.0,4,4038.42,1326526,149017.0,168136.0,4100.0,4110.0,4012.0,4092.6,25094825,4501.8,3683.4,4440.0,3288.1,4023.0,96,8,4022.8,46,5,4022.7,24,1,4022.5,12,1,4022.4,95,3,4024.1,186,3,4024.2,34,1,4024.4,35,2,4024.5,43,3,4024.6,2,1
11483,2026-07-02 13:05:44+05:30,4023.0,1,4038.42,1326526,149017.0,168136.0,4100.0,4110.0,4012.0,4092.6,25094825,4501.8,3683.4,4440.0,3288.1,4023.0,96,8,4022.8,46,5,4022.7,24,1,4022.5,12,1,4022.4,95,3,4024.1,186,3,4024.2,34,1,4024.4,35,2,4024.5,43,3,4024.6,2,1
11483,2026-07-02 13:05:45+05:30,4023.0,1,4038.42,1326571,149065.0,168173.0,4100.0,4110.0,4012.0,4092.6,25094825,4501.8,3683.4,4440.0,3288.1,4023.0,100,8,4022.8,46,5,4022.5,12,1,4022.4,95,3,4022.3,53,3,4024.1,185,3,4024.2,49,3,4024.4,35,2,4024.5,43,3,4024.6,2,1
11483,2026-07-02 13:05:45+05:30,4023.0,16,4038.42,1326571,149065.0,168173.0,4100.0,4110.0,4012.0,4092.6,25094825,4501.8,3683.4,4440.0,3288.1,4023.0,100,8,4022.8,46,5,4022.5,12,1,4022.4,95,3,4022.3,53,3,4024.1,185,3,4024.2,49,3,4024.4,35,2,4024.5,43,3,4024.6,2,1
11483,2026-07-02 13:05:46+05:30,4023.5,1,4038.42,1326773,149382.0,168139.0,4100.0,4110.0,4012.0,4092.6,25094825,4501.8,3683.4,4440.0,3288.1,4023.5,10,3,4023.3,24,1,4023.1,1,1,4023.0,95,8,4022.8,97,6,4024.1,204,4,4024.2,34,1,4024.5,2,1,4024.6,12,1,4024.7,42,3
11483,2026-07-02 13:05:46+05:30,4023.5,7,4038.42,1326773,149382.0,168139.0,4100.0,4110.0,4012.0,4092.6,25094825,4501.8,3683.4,4440.0,3288.1,4023.5,10,3,4023.3,24,1,4023.1,1,1,4023.0,95,8,4022.8,97,6,4024.1,204,4,4024.2,34,1,4024.5,2,1,4024.6,12,1,4024.7,42,3
11483,2026-07-02 13:05:47+05:30,4023.1,1,4038.42,1326793,149140.0,168019.0,4100.0,4110.0,4012.0,4092.6,25094825,4501.8,3683.4,4440.0,3288.1,4023.1,36,4,4023.0,71,7,4022.9,52,2,4022.8,97,6,4022.7,24,1,4023.5,3,1,4024.1,180,2,4024.2,34,1,4024.5,4,2,4024.6,12,1
11483,2026-07-02 13:05:47+05:30,4023.0,3,4038.42,1326793,149140.0,168019.0,4100.0,4110.0,4012.0,4092.6,25094825,4501.8,3683.4,4440.0,3288.1,4023.1,36,4,4023.0,71,7,4022.9,52,2,4022.8,97,6,4022.7,24,1,4023.5,3,1,4024.1,180,2,4024.2,34,1,4024.5,4,2,4024.6,12,1
11483,2026-07-02 13:05:48+05:30,4023.0,3,4038.41,1327274,149232.0,167922.0,4100.0,4110.0,4012.0,4092.6,25094825,4501.8,3683.4,4440.0,3288.1,4023.0,116,10,4022.9,52,2,4022.8,100,7,4022.7,69,2,4022.6,34,1,4023.5,3,1,4024.0,5,1,4024.1,180,2,4024.2,34,1,4024.4,5,1
11483,2026-07-02 13:05:48+05:30,4023.0,9,4038.41,1327274,149232.0,167922.0,4100.0,4110.0,4012.0,4092.6,25094825,4501.8,3683.4,4440.0,3288.1,4023.0,116,10,4022.9,52,2,4022.8,100,7,4022.7,69,2,4022.6,34,1,4023.5,3,1,4024.0,5,1,4024.1,180,2,4024.2,34,1,4024.4,5,1
11483,2026-07-02 13:05:49+05:30,4023.0,1,4038.41,1327524,149436.0,168122.0,4100.0,4110.0,4012.0,4092.6,25094825,4501.8,3683.4,4440.0,3288.1,4023.0,108,10,4022.9,29,1,4022.8,100,7,4022.7,64,2,4022.6,69,2,4023.5,2,1,4024.0,5,1,4024.1,180,2,4024.2,34,1,4024.4,41,2
11483,2026-07-02 13:05:49+05:30,4023.0,12,4038.41,1327524,149436.0,168122.0,4100.0,4110.0,4012.0,4092.6,25094825,4501.8,3683.4,4440.0,3288.1,4023.0,108,10,4022.9,29,1,4022.8,100,7,4022.7,64,2,4022.6,69,2,4023.5,2,1,4024.0,5,1,4024.1,180,2,4024.2,34,1,4024.4,41,2
11483,2026-07-02 13:05:50+05:30,4023.5,3,4038.4,1327889,149397.0,168028.0,4100.0,4110.0,4012.0,4092.6,25094825,4501.8,3683.4,4440.0,3288.1,4023.0,105,9,4022.8,46,5,4022.7,33,1,4022.5,12,1,4022.4,66,2,4023.5,2,1,4024.0,5,1,4024.1,180,2,4024.2,34,1,4024.4,44,3
11483,2026-07-02 13:05:50+05:30,4023.0,1,4038.4,1327889,149397.0,168028.0,4100.0,4110.0,4012.0,4092.6,25094825,4501.8,3683.4,4440.0,3288.1,4023.0,105,9,4022.8,46,5,4022.7,33,1,4022.5,12,1,4022.4,66,2,4023.5,2,1,4024.0,5,1,4024.1,180,2,4024.2,34,1,4024.4,44,3
11483,2026-07-02 13:05:51+05:30,4023.0,1,4038.4,1327934,149320.0,168093.0,4100.0,4110.0,4012.0,4092.6,25094825,4501.8,3683.4,4440.0,3288.1,4023.0,74,9,4022.8,46,5,4022.7,33,1,4022.5,12,1,4022.4,66,2,4023.5,3,2,4023.9,5,1,4024.0,5,1,4024.1,180,2,4024.2,34,1
11483,2026-07-02 13:05:51+05:30,4023.0,14,4038.4,1327934,149320.0,168093.0,4100.0,4110.0,4012.0,4092.6,25094825,4501.8,3683.4,4440.0,3288.1,4023.0,74,9,4022.8,46,5,4022.7,33,1,4022.5,12,1,4022.4,66,2,4023.5,3,2,4023.9,5,1,4024.0,5,1,4024.1,180,2,4024.2,34,1
11483,2026-07-02 13:05:52+05:30,4023.2,1,4038.4,1328109,149466.0,168049.0,4100.0,4110.0,4012.0,4092.6,25094825,4501.8,3683.4,4440.0,3288.1,4023.0,99,8,4022.8,46,5,4022.7,33,1,4022.6,35,1,4022.5,51,2,4023.5,4,1,4023.9,5,1,4024.0,5,1,4024.1,180,2,4024.2,55,2
11483,2026-07-02 13:05:52+05:30,4023.0,21,4038.4,1328109,149466.0,168049.0,4100.0,4110.0,4012.0,4092.6,25094825,4501.8,3683.4,4440.0,3288.1,4023.0,99,8,4022.8,46,5,4022.7,33,1,4022.6,35,1,4022.5,51,2,4023.5,4,1,4023.9,5,1,4024.0,5,1,4024.1,180,2,4024.2,55,2
11483,2026-07-02 13:05:52+05:30,4023.0,21,4038.4,1328130,149438.0,168386.0,4100.0,4110.0,4012.0,4092.6,25094825,4501.8,3683.4,4440.0,3288.1,4023.0,97,9,4022.8,46,5,4022.7,33,1,4022.6,35,1,4022.5,51,2,4023.1,175,1,4023.5,9,3,4023.9,5,1,4024.0,8,2,4024.1,216,3
11483,2026-07-02 13:05:53+05:30,4023.0,47,4038.4,1328130,149438.0,168386.0,4100.0,4110.0,4012.0,4092.6,25094825,4501.8,3683.4,4440.0,3288.1,4023.0,97,9,4022.8,46,5,4022.7,33,1,4022.6,35,1,4022.5,51,2,4023.1,175,1,4023.5,9,3,4023.9,5,1,4024.0,8,2,4024.1,216,3
11483,2026-07-02 13:05:53+05:30,4023.0,47,4038.39,1328953,146930.0,168642.0,4100.0,4110.0,4012.0,4092.6,25094825,4501.8,3683.4,4440.0,3288.1,4023.0,109,8,4022.8,11,1,4022.7,35,1,4022.6,38,2,4022.5,12,1,4023.1,191,3,4023.5,1,1,4023.9,5,1,4024.0,18,2,4024.1,216,3
11483,2026-07-02 13:05:54+05:30,4023.1,25,4038.39,1328953,146930.0,168642.0,4100.0,4110.0,4012.0,4092.6,25094825,4501.8,3683.4,4440.0,3288.1,4023.0,109,8,4022.8,11,1,4022.7,35,1,4022.6,38,2,4022.5,12,1,4023.1,191,3,4023.5,1,1,4023.9,5,1,4024.0,18,2,4024.1,216,3
11483,2026-07-02 13:05:54+05:30,4023.1,25,4038.39,1329080,147350.0,168089.0,4100.0,4110.0,4012.0,4092.6,25094825,4501.8,3683.4,4440.0,3288.1,4023.0,110,8,4022.7,35,1,4022.6,19,1,4022.5,12,1,4022.4,60,2,4023.1,165,4,4023.9,5,1,4024.0,18,2,4024.1,180,2,4024.2,24,1
11483,2026-07-02 13:05:55+05:30,4023.0,4,4038.39,1329080,147350.0,168089.0,4100.0,4110.0,4012.0,4092.6,25094825,4501.8,3683.4,4440.0,3288.1,4023.0,110,8,4022.7,35,1,4022.6,19,1,4022.5,12,1,4022.4,60,2,4023.1,165,4,4023.9,5,1,4024.0,18,2,4024.1,180,2,4024.2,24,1
11483,2026-07-02 13:05:55+05:30,4023.0,1,4038.39,1329547,147584.0,168305.0,4100.0,4110.0,4012.0,4092.6,25094825,4501.8,3683.4,4440.0,3288.1,4023.0,78,6,4022.5,25,2,4022.3,15,1,4022.2,23,2,4022.1,94,2,4023.8,10,1,4023.9,5,1,4024.0,24,3,4024.1,183,3,4024.2,5,1
11483,2026-07-02 13:05:56+05:30,4023.0,1,4038.39,1329547,147584.0,168305.0,4100.0,4110.0,4012.0,4092.6,25094825,4501.8,3683.4,4440.0,3288.1,4023.0,78,6,4022.5,25,2,4022.3,15,1,4022.2,23,2,4022.1,94,2,4023.8,10,1,4023.9,5,1,4024.0,24,3,4024.1,183,3,4024.2,5,1
11483,2026-07-02 13:05:56+05:30,4023.9,2,4038.38,1329606,147649.0,168521.0,4100.0,4110.0,4012.0,4092.6,25094825,4501.8,3683.4,4440.0,3288.1,4023.2,30,1,4023.1,3,1,4023.0,97,7,4022.5,25,2,4022.3,15,1,4023.9,3,1,4024.0,24,3,4024.1,183,3,4024.2,175,1,4024.3,68,3
11483,2026-07-02 13:05:57+05:30,4023.0,1,4038.38,1329606,147649.0,168521.0,4100.0,4110.0,4012.0,4092.6,25094825,4501.8,3683.4,4440.0,3288.1,4023.2,30,1,4023.1,3,1,4023.0,97,7,4022.5,25,2,4022.3,15,1,4023.9,3,1,4024.0,24,3,4024.1,183,3,4024.2,175,1,4024.3,68,3
11483,2026-07-02 13:05:57+05:30,4023.0,1,4038.38,1329760,147613.0,168690.0,4100.0,4110.0,4012.0,4092.6,25094825,4501.8,3683.4,4440.0,3288.1,4023.0,77,6,4022.5,25,2,4022.3,15,1,4022.2,23,2,4022.0,185,10,4023.8,10,1,4023.9,29,3,4024.0,78,7,4024.1,180,2,4024.2,204,3
11483,2026-07-02 13:05:58+05:30,4023.0,1,4038.38,1329760,147613.0,168690.0,4100.0,4110.0,4012.0,4092.6,25094825,4501.8,3683.4,4440.0,3288.1,4023.0,77,6,4022.5,25,2,4022.3,15,1,4022.2,23,2,4022.0,185,10,4023.8,10,1,4023.9,29,3,4024.0,78,7,4024.1,180,2,4024.2,204,3
11483,2026-07-02 13:05:58+05:30,4023.8,7,4038.38,1329787,147629.0,168652.0,4100.0,4110.0,4012.0,4092.6,25094825,4501.8,3683.4,4440.0,3288.1,4023.0,71,6,4022.5,12,1,4022.3,15,1,4022.2,23,2,4022.1,19,1,4023.9,29,3,4024.0,54,6,4024.1,180,2,4024.2,204,3,4024.3,54,2
11483,2026-07-02 13:05:59+05:30,4023.0,1,4038.38,1329787,147629.0,168652.0,4100.0,4110.0,4012.0,4092.6,25094825,4501.8,3683.4,4440.0,3288.1,4023.0,71,6,4022.5,12,1,4022.3,15,1,4022.2,23,2,4022.1,19,1,4023.9,29,3,4024.0,54,6,4024.1,180,2,4024.2,204,3,4024.3,54,2
11483,2026-07-02 13:05:59+05:30,4023.0,1,4038.38,1329928,147795.0,168631.0,4100.0,4110.0,4012.0,4092.6,25094825,4501.8,3683.4,4440.0,3288.1,4023.0,80,6,4022.5,24,2,4022.3,15,1,4022.2,87,4,4022.0,221,11,4023.7,12,1,4023.9,3,1,4024.0,40,4,4024.1,183,3,4024.2,219,4
11483,2026-07-02 13:06:00+05:30,4023.0,1,4038.38,1329928,147795.0,168631.0,4100.0,4110.0,4012.0,4092.6,25094825,4501.8,3683.4,4440.0,3288.1,4023.0,80,6,4022.5,24,2,4022.3,15,1,4022.2,87,4,4022.0,221,11,4023.7,12,1,4023.9,3,1,4024.0,40,4,4024.1,183,3,4024.2,219,4
11483,2026-07-02 13:06:00+05:30,4023.0,1,4038.38,1329946,147797.0,168644.0,4100.0,4110.0,4012.0,4092.6,25094825,4501.8,3683.4,4440.0,3288.1,4023.5,2,2,4023.0,76,6,4022.5,12,1,4022.3,15,1,4022.2,23,2,4023.7,14,2,4023.9,20,3,4024.0,51,6,4024.1,180,2,4024.2,195,3
11483,2026-07-02 13:06:01+05:30,4022.3,73,4038.38,1329946,147797.0,168644.0,4100.0,4110.0,4012.0,4092.6,25094825,4501.8,3683.4,4440.0,3288.1,4023.5,2,2,4023.0,76,6,4022.5,12,1,4022.3,15,1,4022.2,23,2,4023.7,14,2,4023.9,20,3,4024.0,51,6,4024.1,180,2,4024.2,195,3
11483,2026-07-02 13:06:01+05:30,4022.3,73,4038.38,1330174,147666.0,168449.0,4100.0,4110.0,4012.0,4092.6,25094825,4501.8,3683.4,4440.0,3288.1,4023.0,99,7,4022.2,61,4,4022.1,24,1,4022.0,248,11,4021.9,18,2,4023.7,14,2,4023.9,3,1,4024.1,180,2,4024.2,175,1,4024.4,3,1
11483,2026-07-02 13:06:02+05:30,4023.0,1,4038.38,1330174,147666.0,168449.0,4100.0,4110.0,4012.0,4092.6,25094825,4501.8,3683.4,4440.0,3288.1,4023.0,99,7,4022.2,61,4,4022.1,24,1,4022.0,248,11,4021.9,18,2,4023.7,14,2,4023.9,3,1,4024.1,180,2,4024.2,175,1,4024.4,3,1
11483,2026-07-02 13:06:02+05:30,4023.0,1,4038.38,1330202,147842.0,168615.0,4100.0,4110.0,4012.0,4092.6,25094825,4501.8,3683.4,4440.0,3288.1,4023.0,78,8,4022.2,61,4,4022.1,24,1,4022.0,248,11,4021.9,18,2,4023.7,14,2,4023.9,3,1,4024.1,183,3,4024.2,191,2,4024.4,65,2
11483,2026-07-02 13:06:03+05:30,4023.1,1,4038.38,1330202,147842.0,168615.0,4100.0,4110.0,4012.0,4092.6,25094825,4501.8,3683.4,4440.0,3288.1,4023.0,78,8,4022.2,61,4,4022.1,24,1,4022.0,248,11,4021.9,18,2,4023.7,14,2,4023.9,3,1,4024.1,183,3,4024.2,191,2,4024.4,65,2
11483,2026-07-02 13:06:03+05:30,4023.1,1,4038.37,1330482,148063.0,169266.0,4100.0,4110.0,4012.0,4092.6,25094825,4501.8,3683.4,4440.0,3288.1,4023.0,75,6,4022.4,51,1,4022.2,45,3,4022.0,245,11,4021.9,13,1,4023.1,172,1,4023.6,2,1,4023.7,14,2,4023.8,10,1,4023.9,3,1
11483,2026-07-02 13:06:04+05:30,4024.1,1,4038.37,1330482,148063.0,169266.0,4100.0,4110.0,4012.0,4092.6,25094825,4501.8,3683.4,4440.0,3288.1,4023.0,75,6,4022.4,51,1,4022.2,45,3,4022.0,245,11,4021.9,13,1,4023.1,172,1,4023.6,2,1,4023.7,14,2,4023.8,10,1,4023.9,3,1
11483,2026-07-02 13:06:04+05:30,4024.0,2,4038.36,1331369,149892.0,168370.0,4100.0,4110.0,4012.0,4092.6,25094825,4501.8,3683.4,4440.0,3288.1,4024.0,322,1,4023.1,49,2,4023.0,78,8,4022.9,3,1,4022.8,61,2,4024.1,186,3,4024.5,2,1,4024.7,2,1,4024.8,7,1,4024.9,11,2
11483,2026-07-02 13:06:05+05:30,4024.0,2,4038.36,1331369,149892.0,168370.0,4100.0,4110.0,4012.0,4092.6,25094825,4501.8,3683.4,4440.0,3288.1,4024.0,322,1,4023.1,49,2,4023.0,78,8,4022.9,3,1,4022.8,61,2,4024.1,186,3,4024.5,2,1,4024.7,2,1,4024.8,7,1,4024.9,11,2
11483,2026-07-02 13:06:05+05:30,4024.1,1,4038.36,1331369,149892.0,168370.0,4100.0,4110.0,4012.0,4092.6,25094825,4501.8,3683.4,4440.0,3288.1,4024.0,322,1,4023.1,49,2,4023.0,78,8,4022.9,3,1,4022.8,61,2,4024.1,186,3,4024.5,2,1,4024.7,2,1,4024.8,7,1,4024.9,11,2
11483,2026-07-02 13:06:06+05:30,4024.1,1,4038.36,1331369,149892.0,168370.0,4100.0,4110.0,4012.0,4092.6,25094825,4501.8,3683.4,4440.0,3288.1,4024.0,322,1,4023.1,49,2,4023.0,78,8,4022.9,3,1,4022.8,61,2,4024.1,186,3,4024.5,2,1,4024.7,2,1,4024.8,7,1,4024.9,11,2
11483,2026-07-02 13:06:06+05:30,4024.0,60,4038.36,1331539,157573.0,168371.0,4100.0,4110.0,4012.0,4092.6,25094825,4501.8,3683.4,4440.0,3288.1,4024.0,161,3,4023.1,38,1,4023.0,54,7,4022.8,85,3,4022.7,224,3,4024.1,525,4,4024.5,2,1,4024.7,2,1,4024.8,9,1,4024.9,11,2
11483,2026-07-02 13:06:06+05:30,4024.0,60,4038.36,1331539,157573.0,168371.0,4100.0,4110.0,4012.0,4092.6,25094825,4501.8,3683.4,4440.0,3288.1,4024.0,161,3,4023.1,38,1,4023.0,54,7,4022.8,85,3,4022.7,224,3,4024.1,525,4,4024.5,2,1,4024.7,2,1,4024.8,9,1,4024.9,11,2
11483,2026-07-02 13:06:06+05:30,4024.1,1,4038.36,1331539,157573.0,168371.0,4100.0,4110.0,4012.0,4092.6,25094825,4501.8,3683.4,4440.0,3288.1,4024.0,161,3,4023.1,38,1,4023.0,54,7,4022.8,85,3,4022.7,224,3,4024.1,525,4,4024.5,2,1,4024.7,2,1,4024.8,9,1,4024.9,11,2
11483,2026-07-02 13:06:06+05:30,4024.1,1,4038.36,1331539,157573.0,168371.0,4100.0,4110.0,4012.0,4092.6,25094825,4501.8,3683.4,4440.0,3288.1,4024.0,161,3,4023.1,38,1,4023.0,54,7,4022.8,85,3,4022.7,224,3,4024.1,525,4,4024.5,2,1,4024.7,2,1,4024.8,9,1,4024.9,11,2
11483,2026-07-02 13:06:07+05:30,4024.1,1,4038.35,1332635,157834.0,168589.0,4100.0,4110.0,4012.0,4092.6,25094825,4501.8,3683.4,4440.0,3288.1,4024.0,499,1,4023.0,92,8,4022.9,6,1,4022.8,12,1,4022.7,224,3,4024.1,527,5,4024.5,2,1,4024.7,2,1,4024.8,17,2,4024.9,11,2
11483,2026-07-02 13:06:07+05:30,4024.1,1,4038.35,1332635,157834.0,168589.0,4100.0,4110.0,4012.0,4092.6,25094825,4501.8,3683.4,4440.0,3288.1,4024.0,499,1,4023.0,92,8,4022.9,6,1,4022.8,12,1,4022.7,224,3,4024.1,527,5,4024.5,2,1,4024.7,2,1,4024.8,17,2,4024.9,11,2
11483,2026-07-02 13:06:07+05:30,4024.0,11,4038.35,1332635,157834.0,168589.0,4100.0,4110.0,4012.0,4092.6,25094825,4501.8,3683.4,4440.0,3288.1,4024.0,499,1,4023.0,92,8,4022.9,6,1,4022.8,12,1,4022.7,224,3,4024.1,527,5,4024.5,2,1,4024.7,2,1,4024.8,17,2,4024.9,11,2
11483,2026-07-02 13:06:07+05:30,4024.0,11,4038.35,1332635,157834.0,168589.0,4100.0,4110.0,4012.0,4092.6,25094825,4501.8,3683.4,4440.0,3288.1,4024.0,499,1,4023.0,92,8,4022.9,6,1,4022.8,12,1,4022.7,224,3,4024.1,527,5,4024.5,2,1,4024.7,2,1,4024.8,17,2,4024.9,11,2
11483,2026-07-02 13:06:08+05:30,4024.1,3,4038.34,1333810,157533.0,168453.0,4100.0,4110.0,4012.0,4092.6,25094825,4501.8,3683.4,4440.0,3288.1,4024.0,139,1,4023.0,92,8,4022.9,6,1,4022.8,12,1,4022.7,224,3,4024.1,332,3,4024.5,7,2,4024.6,6,1,4024.7,7,2,4024.8,33,3
11483,2026-07-02 13:06:08+05:30,4024.1,1,4038.34,1333810,157533.0,168453.0,4100.0,4110.0,4012.0,4092.6,25094825,4501.8,3683.4,4440.0,3288.1,4024.0,139,1,4023.0,92,8,4022.9,6,1,4022.8,12,1,4022.7,224,3,4024.1,332,3,4024.5,7,2,4024.6,6,1,4024.7,7,2,4024.8,33,3
11483,2026-07-02 13:06:08+05:30,4024.1,1,4038.34,1333810,157533.0,168453.0,4100.0,4110.0,4012.0,4092.6,25094825,4501.8,3683.4,4440.0,3288.1,4024.0,139,1,4023.0,92,8,4022.9,6,1,4022.8,12,1,4022.7,224,3,4024.1,332,3,4024.5,7,2,4024.6,6,1,4024.7,7,2,4024.8,33,3
11483,2026-07-02 13:06:09+05:30,4024.1,1,4038.34,1333810,157533.0,168453.0,4100.0,4110.0,4012.0,4092.6,25094825,4501.8,3683.4,4440.0,3288.1,4024.0,139,1,4023.0,92,8,4022.9,6,1,4022.8,12,1,4022.7,224,3,4024.1,332,3,4024.5,7,2,4024.6,6,1,4024.7,7,2,4024.8,33,3
11483,2026-07-02 13:06:09+05:30,4024.1,2,4038.34,1333954,157905.0,168508.0,4100.0,4110.0,4012.0,4092.6,25094825,4501.8,3683.4,4440.0,3288.1,4024.0,501,2,4023.0,92,8,4022.9,6,1,4022.8,12,1,4022.7,224,3,4024.1,329,3,4024.5,2,1,4024.7,7,2,4024.8,33,3,4024.9,58,4
11483,2026-07-02 13:06:09+05:30,4024.1,2,4038.34,1333954,157905.0,168508.0,4100.0,4110.0,4012.0,4092.6,25094825,4501.8,3683.4,4440.0,3288.1,4024.0,501,2,4023.0,92,8,4022.9,6,1,4022.8,12,1,4022.7,224,3,4024.1,329,3,4024.5,2,1,4024.7,7,2,4024.8,33,3,4024.9,58,4
11483,2026-07-02 13:06:09+05:30,4024.1,1,4038.34,1333954,157905.0,168508.0,4100.0,4110.0,4012.0,4092.6,25094825,4501.8,3683.4,4440.0,3288.1,4024.0,501,2,4023.0,92,8,4022.9,6,1,4022.8,12,1,4022.7,224,3,4024.1,329,3,4024.5,2,1,4024.7,7,2,4024.8,33,3,4024.9,58,4
11483,2026-07-02 13:06:09+05:30,4024.1,1,4038.34,1333954,157905.0,168508.0,4100.0,4110.0,4012.0,4092.6,25095175,4501.8,3683.4,4440.0,3288.1,4024.0,501,2,4023.0,92,8,4022.9,6,1,4022.8,12,1,4022.7,224,3,4024.1,329,3,4024.5,2,1,4024.7,7,2,4024.8,33,3,4024.9,58,4
11483,2026-07-02 13:06:10+05:30,4024.1,1,4038.34,1333954,157905.0,168508.0,4100.0,4110.0,4012.0,4092.6,25095175,4501.8,3683.4,4440.0,3288.1,4024.0,501,2,4023.0,92,8,4022.9,6,1,4022.8,12,1,4022.7,224,3,4024.1,329,3,4024.5,2,1,4024.7,7,2,4024.8,33,3,4024.9,58,4
11483,2026-07-02 13:06:10+05:30,4024.0,2,4038.33,1334150,157800.0,168240.0,4100.0,4110.0,4012.0,4092.6,25095175,4501.8,3683.4,4440.0,3288.1,4024.0,306,2,4023.0,92,8,4022.8,12,1,4022.7,253,5,4022.6,2,1,4024.1,155,3,4024.5,2,1,4024.7,7,2,4024.8,6,1,4024.9,11,2
11483,2026-07-02 13:06:10+05:30,4024.1,1,4038.33,1334150,157800.0,168240.0,4100.0,4110.0,4012.0,4092.6,25095175,4501.8,3683.4,4440.0,3288.1,4024.0,306,2,4023.0,92,8,4022.8,12,1,4022.7,253,5,4022.6,2,1,4024.1,155,3,4024.5,2,1,4024.7,7,2,4024.8,6,1,4024.9,11,2
11483,2026-07-02 13:06:10+05:30,4024.1,1,4038.33,1334150,157800.0,168240.0,4100.0,4110.0,4012.0,4092.6,25095175,4501.8,3683.4,4440.0,3288.1,4024.0,306,2,4023.0,92,8,4022.8,12,1,4022.7,253,5,4022.6,2,1,4024.1,155,3,4024.5,2,1,4024.7,7,2,4024.8,6,1,4024.9,11,2
11483,2026-07-02 13:06:11+05:30,4024.1,1,4038.33,1334150,157800.0,168240.0,4100.0,4110.0,4012.0,4092.6,25095175,4501.8,3683.4,4440.0,3288.1,4024.0,306,2,4023.0,92,8,4022.8,12,1,4022.7,253,5,4022.6,2,1,4024.1,155,3,4024.5,2,1,4024.7,7,2,4024.8,6,1,4024.9,11,2
11483,2026-07-02 13:06:11+05:30,4024.0,6,4038.33,1334214,157757.0,168292.0,4100.0,4110.0,4012.0,4092.6,25095175,4501.8,3683.4,4440.0,3288.1,4024.0,261,3,4023.4,24,1,4023.3,60,2,4023.1,37,1,4023.0,116,9,4024.1,154,3,4024.5,2,1,4024.7,2,1,4024.9,11,2,4025.0,145,5
11483,2026-07-02 13:06:11+05:30,4024.0,7,4038.33,1334214,157757.0,168292.0,4100.0,4110.0,4012.0,4092.6,25095175,4501.8,3683.4,4440.0,3288.1,4024.0,261,3,4023.4,24,1,4023.3,60,2,4023.1,37,1,4023.0,116,9,4024.1,154,3,4024.5,2,1,4024.7,2,1,4024.9,11,2,4025.0,145,5
11483,2026-07-02 13:06:11+05:30,4024.0,7,4038.33,1334214,157757.0,168292.0,4100.0,4110.0,4012.0,4092.6,25095175,4501.8,3683.4,4440.0,3288.1,4024.0,261,3,4023.4,24,1,4023.3,60,2,4023.1,37,1,4023.0,116,9,4024.1,154,3,4024.5,2,1,4024.7,2,1,4024.9,11,2,4025.0,145,5
11483,2026-07-02 13:06:12+05:30,4024.0,1,4038.33,1334233,157762.0,168298.0,4100.0,4110.0,4012.0,4092.6,25095175,4501.8,3683.4,4440.0,3288.1,4024.0,244,4,4023.4,24,1,4023.3,60,2,4023.1,72,2,4023.0,116,9,4024.1,153,3,4024.5,2,1,4024.7,2,1,4024.9,11,2,4025.0,145,5
11483,2026-07-02 13:06:12+05:30,4024.0,3,4038.33,1334233,157762.0,168298.0,4100.0,4110.0,4012.0,4092.6,25095175,4501.8,3683.4,4440.0,3288.1,4024.0,244,4,4023.4,24,1,4023.3,60,2,4023.1,72,2,4023.0,116,9,4024.1,153,3,4024.5,2,1,4024.7,2,1,4024.9,11,2,4025.0,145,5
11483,2026-07-02 13:06:13+05:30,4024.0,1,4038.33,1334237,157642.0,168323.0,4100.0,4110.0,4012.0,4092.6,25095175,4501.8,3683.4,4440.0,3288.1,4024.0,240,4,4023.4,24,1,4023.3,60,2,4023.1,72,2,4023.0,116,9,4024.1,153,3,4024.5,2,1,4024.7,2,1,4024.9,11,2,4025.0,145,5
11483,2026-07-02 13:06:13+05:30,4024.0,1,4038.33,1334237,157642.0,168323.0,4100.0,4110.0,4012.0,4092.6,25095175,4501.8,3683.4,4440.0,3288.1,4024.0,240,4,4023.4,24,1,4023.3,60,2,4023.1,72,2,4023.0,116,9,4024.1,153,3,4024.5,2,1,4024.7,2,1,4024.9,11,2,4025.0,145,5
11483,2026-07-02 13:06:14+05:30,4024.1,1,4038.33,1334239,157654.0,168322.0,4100.0,4110.0,4012.0,4092.6,25095175,4501.8,3683.4,4440.0,3288.1,4024.0,238,3,4023.4,24,1,4023.3,60,2,4023.1,72,2,4023.0,136,10,4024.1,152,3,4024.5,2,1,4024.7,2,1,4024.9,11,2,4025.0,145,5
11483,2026-07-02 13:06:14+05:30,4024.0,1,4038.33,1334239,157654.0,168322.0,4100.0,4110.0,4012.0,4092.6,25095175,4501.8,3683.4,4440.0,3288.1,4024.0,238,3,4023.4,24,1,4023.3,60,2,4023.1,72,2,4023.0,136,10,4024.1,152,3,4024.5,2,1,4024.7,2,1,4024.9,11,2,4025.0,145,5
11483,2026-07-02 13:06:15+05:30,4024.1,2,4038.33,1334395,158124.0,167713.0,4100.0,4110.0,4012.0,4092.6,25095175,4501.8,3683.4,4440.0,3288.1,4024.1,1,1,4024.0,237,4,4023.9,24,1,4023.7,38,1,4023.6,64,2,4024.5,2,1,4024.7,2,1,4024.9,11,2,4025.0,131,3,4025.3,25,2
11483,2026-07-02 13:06:15+05:30,4024.1,1,4038.33,1334395,158124.0,167713.0,4100.0,4110.0,4012.0,4092.6,25095175,4501.8,3683.4,4440.0,3288.1,4024.1,1,1,4024.0,237,4,4023.9,24,1,4023.7,38,1,4023.6,64,2,4024.5,2,1,4024.7,2,1,4024.9,11,2,4025.0,131,3,4025.3,25,2
11483,2026-07-02 13:06:16+05:30,4024.1,10,4038.33,1334414,157835.0,167933.0,4100.0,4110.0,4012.0,4092.6,25095175,4501.8,3683.4,4440.0,3288.1,4024.0,236,4,4023.7,38,1,4023.5,1,1,4023.4,1,1,4023.3,92,3,4024.1,1,1,4024.5,2,1,4024.7,2,1,4024.9,11,2,4025.0,131,3
11483,2026-07-02 13:06:16+05:30,4024.0,2,4038.33,1334414,157835.0,167933.0,4100.0,4110.0,4012.0,4092.6,25095175,4501.8,3683.4,4440.0,3288.1,4024.0,236,4,4023.7,38,1,4023.5,1,1,4023.4,1,1,4023.3,92,3,4024.1,1,1,4024.5,2,1,4024.7,2,1,4024.9,11,2,4025.0,131,3
11483,2026-07-02 13:06:17+05:30,4024.0,1,4038.33,1334414,157835.0,167933.0,4100.0,4110.0,4012.0,4092.6,25095175,4501.8,3683.4,4440.0,3288.1,4024.0,236,4,4023.7,38,1,4023.5,1,1,4023.4,1,1,4023.3,92,3,4024.1,1,1,4024.5,2,1,4024.7,2,1,4024.9,11,2,4025.0,131,3
11483,2026-07-02 13:06:17+05:30,4024.1,1,4038.33,1334419,158243.0,168141.0,4100.0,4110.0,4012.0,4092.6,25095175,4501.8,3683.4,4440.0,3288.1,4024.1,5,1,4024.0,232,3,4023.5,1,1,4023.4,1,1,4023.3,92,3,4024.5,2,1,4024.7,2,1,4024.9,11,2,4025.0,131,3,4025.2,35,1
11483,2026-07-02 13:06:18+05:30,4024.0,7,4038.33,1334419,158243.0,168141.0,4100.0,4110.0,4012.0,4092.6,25095175,4501.8,3683.4,4440.0,3288.1,4024.1,5,1,4024.0,232,3,4023.5,1,1,4023.4,1,1,4023.3,92,3,4024.5,2,1,4024.7,2,1,4024.9,11,2,4025.0,131,3,4025.2,35,1
11483,2026-07-02 13:06:18+05:30,4024.0,1,4038.33,1334432,158220.0,167990.0,4100.0,4110.0,4012.0,4092.6,25095175,4501.8,3683.4,4440.0,3288.1,4024.0,206,2,4023.5,1,1,4023.4,1,1,4023.3,38,1,4023.2,3,1,4024.5,3,2,4024.7,2,1,4024.9,11,2,4025.0,147,4,4025.2,35,1
11483,2026-07-02 13:06:19+05:30,4024.0,1,4038.33,1334432,158220.0,167990.0,4100.0,4110.0,4012.0,4092.6,25095175,4501.8,3683.4,4440.0,3288.1,4024.0,206,2,4023.5,1,1,4023.4,1,1,4023.3,38,1,4023.2,3,1,4024.5,3,2,4024.7,2,1,4024.9,11,2,4025.0,147,4,4025.2,35,1
11483,2026-07-02 13:06:19+05:30,4024.0,1,4038.33,1334436,158188.0,167890.0,4100.0,4110.0,4012.0,4092.6,25095175,4501.8,3683.4,4440.0,3288.1,4024.0,203,2,4023.5,1,1,4023.4,1,1,4023.3,38,1,4023.1,38,4,4024.5,3,2,4024.7,2,1,4024.9,11,2,4025.0,147,4,4025.3,115,6
11483,2026-07-02 13:06:20+05:30,4024.7,2,4038.33,1334436,158188.0,167890.0,4100.0,4110.0,4012.0,4092.6,25095175,4501.8,3683.4,4440.0,3288.1,4024.0,203,2,4023.5,1,1,4023.4,1,1,4023.3,38,1,4023.1,38,4,4024.5,3,2,4024.7,2,1,4024.9,11,2,4025.0,147,4,4025.3,115,6
11483,2026-07-02 13:06:20+05:30,4024.0,1,4038.33,1334446,158274.0,167944.0,4100.0,4110.0,4012.0,4092.6,25095175,4501.8,3683.4,4440.0,3288.1,4024.0,202,2,4023.5,1,1,4023.4,1,1,4023.3,40,2,4023.2,3,1,4024.5,1,1,4024.9,11,2,4025.0,147,4,4025.3,115,6,4025.4,32,3
11483,2026-07-02 13:06:21+05:30,4024.0,1,4038.33,1334446,158274.0,167944.0,4100.0,4110.0,4012.0,4092.6,25095175,4501.8,3683.4,4440.0,3288.1,4024.0,202,2,4023.5,1,1,4023.4,1,1,4023.3,40,2,4023.2,3,1,4024.5,1,1,4024.9,11,2,4025.0,147,4,4025.3,115,6,4025.4,32,3
11483,2026-07-02 13:06:21+05:30,4024.0,1,4038.33,1334447,158501.0,167912.0,4100.0,4110.0,4012.0,4092.6,25095175,4501.8,3683.4,4440.0,3288.1,4024.0,319,4,4023.5,1,1,4023.4,1,1,4023.3,52,3,4023.2,3,1,4024.5,1,1,4024.9,11,2,4025.0,131,3,4025.3,80,5,4025.4,29,2
11483,2026-07-02 13:06:22+05:30,4024.0,1,4038.33,1334447,158501.0,167912.0,4100.0,4110.0,4012.0,4092.6,25095175,4501.8,3683.4,4440.0,3288.1,4024.0,319,4,4023.5,1,1,4023.4,1,1,4023.3,52,3,4023.2,3,1,4024.5,1,1,4024.9,11,2,4025.0,131,3,4025.3,80,5,4025.4,29,2
11483,2026-07-02 13:06:22+05:30,4024.0,1,4038.33,1334448,158500.0,167944.0,4100.0,4110.0,4012.0,4092.6,25095175,4501.8,3683.4,4440.0,3288.1,4024.0,318,4,4023.5,1,1,4023.4,1,1,4023.3,52,3,4023.2,3,1,4024.5,1,1,4024.9,11,2,4025.0,131,3,4025.3,80,5,4025.4,61,3
11483,2026-07-02 13:06:23+05:30,4024.0,1,4038.33,1334448,158500.0,167944.0,4100.0,4110.0,4012.0,4092.6,25095175,4501.8,3683.4,4440.0,3288.1,4024.0,318,4,4023.5,1,1,4023.4,1,1,4023.3,52,3,4023.2,3,1,4024.5,1,1,4024.9,11,2,4025.0,131,3,4025.3,80,5,4025.4,61,3
11483,2026-07-02 13:06:23+05:30,4024.0,1,4038.33,1334451,158425.0,167950.0,4100.0,4110.0,4012.0,4092.6,25095175,4501.8,3683.4,4440.0,3288.1,4024.0,254,4,4023.5,1,1,4023.4,1,1,4023.3,40,2,4023.2,3,1,4024.5,1,1,4024.9,11,2,4025.0,131,3,4025.3,80,5,4025.4,61,3
11483,2026-07-02 13:06:24+05:30,4024.0,10,4038.33,1334451,158425.0,167950.0,4100.0,4110.0,4012.0,4092.6,25095175,4501.8,3683.4,4440.0,3288.1,4024.0,254,4,4023.5,1,1,4023.4,1,1,4023.3,40,2,4023.2,3,1,4024.5,1,1,4024.9,11,2,4025.0,131,3,4025.3,80,5,4025.4,61,3
11483,2026-07-02 13:06:24+05:30,4024.9,1,4038.33,1334464,158420.0,168285.0,4100.0,4110.0,4012.0,4092.6,25095175,4501.8,3683.4,4440.0,3288.1,4024.0,243,4,4023.5,1,1,4023.4,12,2,4023.3,40,2,4023.2,3,1,4024.9,10,1,4025.0,131,3,4025.3,80,5,4025.4,48,2,4025.5,43,4
11483,2026-07-02 13:06:25+05:30,4024.0,2,4038.33,1334464,158420.0,168285.0,4100.0,4110.0,4012.0,4092.6,25095175,4501.8,3683.4,4440.0,3288.1,4024.0,243,4,4023.5,1,1,4023.4,12,2,4023.3,40,2,4023.2,3,1,4024.9,10,1,4025.0,131,3,4025.3,80,5,4025.4,48,2,4025.5,43,4
11483,2026-07-02 13:06:25+05:30,4024.1,1,4038.33,1334467,158596.0,168667.0,4100.0,4110.0,4012.0,4092.6,25095175,4501.8,3683.4,4440.0,3288.1,4024.1,7,1,4024.0,241,4,4023.5,1,1,4023.4,12,2,4023.3,40,2,4024.9,10,1,4025.0,131,3,4025.3,66,4,4025.4,48,2,4025.5,24,2
11483,2026-07-02 13:06:26+05:30,4024.9,7,4038.33,1334467,158596.0,168667.0,4100.0,4110.0,4012.0,4092.6,25095175,4501.8,3683.4,4440.0,3288.1,4024.1,7,1,4024.0,241,4,4023.5,1,1,4023.4,12,2,4023.3,40,2,4024.9,10,1,4025.0,131,3,4025.3,66,4,4025.4,48,2,4025.5,24,2
11483,2026-07-02 13:06:26+05:30,4024.1,1,4038.33,1334475,158573.0,168662.0,4100.0,4110.0,4012.0,4092.6,25095175,4501.8,3683.4,4440.0,3288.1,4024.1,26,2,4024.0,241,4,4023.5,1,1,4023.4,1,1,4023.3,40,2,4024.9,5,2,4025.0,131,3,4025.1,16,1,4025.3,66,4,4025.4,48,2
11483,2026-07-02 13:06:27+05:30,4024.1,1,4038.33,1334475,158573.0,168662.0,4100.0,4110.0,4012.0,4092.6,25095175,4501.8,3683.4,4440.0,3288.1,4024.1,26,2,4024.0,241,4,4023.5,1,1,4023.4,1,1,4023.3,40,2,4024.9,5,2,4025.0,131,3,4025.1,16,1,4025.3,66,4,4025.4,48,2
11483,2026-07-02 13:06:27+05:30,4024.1,1,4038.33,1334478,158602.0,168662.0,4100.0,4110.0,4012.0,4092.6,25095175,4501.8,3683.4,4440.0,3288.1,4024.1,23,2,4024.0,241,4,4023.5,1,1,4023.4,1,1,4023.3,72,3,4024.9,5,2,4025.0,131,3,4025.1,16,1,4025.3,66,4,4025.4,48,2
11483,2026-07-02 13:06:28+05:30,4024.9,2,4038.33,1334478,158602.0,168662.0,4100.0,4110.0,4012.0,4092.6,25095175,4501.8,3683.4,4440.0,3288.1,4024.1,23,2,4024.0,241,4,4023.5,1,1,4023.4,1,1,4023.3,72,3,4024.9,5,2,4025.0,131,3,4025.1,16,1,4025.3,66,4,4025.4,48,2
11483,2026-07-02 13:06:28+05:30,4025.0,8,4038.33,1334492,158118.0,167808.0,4100.0,4110.0,4012.0,4092.6,25095175,4501.8,3683.4,4440.0,3288.1,4024.9,5,1,4024.1,20,1,4024.0,251,5,4023.5,1,1,4023.4,14,2,4025.0,123,3,4025.1,16,1,4025.3,57,3,4025.4,16,1,4025.5,25,2
11483,2026-07-02 13:06:29+05:30,4024.9,6,4038.33,1334492,158118.0,167808.0,4100.0,4110.0,4012.0,4092.6,25095175,4501.8,3683.4,4440.0,3288.1,4024.9,5,1,4024.1,20,1,4024.0,251,5,4023.5,1,1,4023.4,14,2,4025.0,123,3,4025.1,16,1,4025.3,57,3,4025.4,16,1,4025.5,25,2
11483,2026-07-02 13:06:29+05:30,4024.9,1,4038.33,1334574,158284.0,167954.0,4100.0,4110.0,4012.0,4092.6,25095175,4501.8,3683.4,4440.0,3288.1,4024.9,43,3,4024.8,42,1,4024.6,42,1,4024.4,42,1,4024.1,20,1,4025.0,66,4,4025.3,15,1,4025.5,19,1,4025.6,350,2,4025.7,2,1
11483,2026-07-02 13:06:30+05:30,4025.0,7,4038.33,1334574,158284.0,167954.0,4100.0,4110.0,4012.0,4092.6,25095175,4501.8,3683.4,4440.0,3288.1,4024.9,43,3,4024.8,42,1,4024.6,42,1,4024.4,42,1,4024.1,20,1,4025.0,66,4,4025.3,15,1,4025.5,19,1,4025.6,350,2,4025.7,2,1
11483,2026-07-02 13:06:30+05:30,4025.0,3,4038.33,1334653,158305.0,167904.0,4100.0,4110.0,4012.0,4092.6,25095175,4501.8,3683.4,4440.0,3288.1,4024.9,32,3,4024.8,42,1,4024.6,42,1,4024.4,42,1,4024.1,20,1,4025.0,16,1,4025.3,15,1,4025.5,19,1,4025.6,366,3,4025.7,2,1
11483,2026-07-02 13:06:31+05:30,4024.9,1,4038.33,1334653,158305.0,167904.0,4100.0,4110.0,4012.0,4092.6,25095175,4501.8,3683.4,4440.0,3288.1,4024.9,32,3,4024.8,42,1,4024.6,42,1,4024.4,42,1,4024.1,20,1,4025.0,16,1,4025.3,15,1,4025.5,19,1,4025.6,366,3,4025.7,2,1
11483,2026-07-02 13:06:31+05:30,4024.8,1,4038.33,1334804,158072.0,168353.0,4100.0,4110.0,4012.0,4092.6,25095175,4501.8,3683.4,4440.0,3288.1,4024.7,42,1,4024.5,42,1,4024.3,42,1,4024.1,20,1,4024.0,251,5,4024.9,35,2,4025.0,16,1,4025.1,16,1,4025.3,15,1,4025.4,22,2
11483,2026-07-02 13:06:32+05:30,4025.0,174,4038.33,1334804,158072.0,168353.0,4100.0,4110.0,4012.0,4092.6,25095175,4501.8,3683.4,4440.0,3288.1,4024.7,42,1,4024.5,42,1,4024.3,42,1,4024.1,20,1,4024.0,251,5,4024.9,35,2,4025.0,16,1,4025.1,16,1,4025.3,15,1,4025.4,22,2
11483,2026-07-02 13:06:32+05:30,4025.2,1,4038.33,1335033,158747.0,167621.0,4100.0,4110.0,4012.0,4092.6,25095175,4501.8,3683.4,4440.0,3288.1,4025.2,61,1,4025.1,42,1,4025.0,136,1,4024.8,42,1,4024.7,23,1,4025.3,15,1,4025.5,369,3,4025.7,2,1,4025.8,10,1,4026.0,109,8
11483,2026-07-02 13:06:33+05:30,4025.2,1,4038.33,1335033,158747.0,167621.0,4100.0,4110.0,4012.0,4092.6,25095175,4501.8,3683.4,4440.0,3288.1,4025.2,61,1,4025.1,42,1,4025.0,136,1,4024.8,42,1,4024.7,23,1,4025.3,15,1,4025.5,369,3,4025.7,2,1,4025.8,10,1,4026.0,109,8
11483,2026-07-02 13:06:33+05:30,4025.0,1,4038.32,1335112,158847.0,167548.0,4100.0,4110.0,4012.0,4092.6,25095175,4501.8,3683.4,4440.0,3288.1,4025.2,73,1,4025.0,126,1,4024.8,42,1,4024.7,23,1,4024.6,42,1,4025.3,15,1,4025.5,194,2,4025.6,175,1,4025.7,2,1,4025.8,10,1
11483,2026-07-02 13:06:34+05:30,4025.2,1,4038.32,1335112,158847.0,167548.0,4100.0,4110.0,4012.0,4092.6,25095175,4501.8,3683.4,4440.0,3288.1,4025.2,73,1,4025.0,126,1,4024.8,42,1,4024.7,23,1,4024.6,42,1,4025.3,15,1,4025.5,194,2,4025.6,175,1,4025.7,2,1,4025.8,10,1
11483,2026-07-02 13:06:35+05:30,4025.2,1,4038.32,1335123,157175.0,167619.0,4100.0,4110.0,4012.0,4092.6,25095175,4501.8,3683.4,4440.0,3288.1,4025.2,42,1,4025.0,126,1,4024.9,42,1,4024.7,65,2,4024.3,67,2,4025.3,15,1,4025.4,175,1,4025.5,19,1,4025.6,350,2,4025.7,2,1
11483,2026-07-02 13:06:35+05:30,4025.2,1,4038.32,1335123,157175.0,167619.0,4100.0,4110.0,4012.0,4092.6,25095175,4501.8,3683.4,4440.0,3288.1,4025.2,42,1,4025.0,126,1,4024.9,42,1,4024.7,65,2,4024.3,67,2,4025.3,15,1,4025.4,175,1,4025.5,19,1,4025.6,350,2,4025.7,2,1
11483,2026-07-02 13:06:36+05:30,4025.3,1,4038.32,1335155,157308.0,167513.0,4100.0,4110.0,4012.0,4092.6,25095175,4501.8,3683.4,4440.0,3288.1,4025.3,30,1,4025.2,41,1,4025.0,126,1,4024.9,42,1,4024.7,65,2,4025.4,175,1,4025.5,19,1,4025.6,350,2,4025.7,2,1,4025.8,10,1
11483,2026-07-02 13:06:36+05:30,4025.3,4,4038.32,1335155,157308.0,167513.0,4100.0,4110.0,4012.0,4092.6,25095175,4501.8,3683.4,4440.0,3288.1,4025.3,30,1,4025.2,41,1,4025.0,126,1,4024.9,42,1,4024.7,65,2,4025.4,175,1,4025.5,19,1,4025.6,350,2,4025.7,2,1,4025.8,10,1
11483,2026-07-02 13:06:37+05:30,4025.3,1,4038.32,1335170,157269.0,167651.0,4100.0,4110.0,4012.0,4092.6,25095175,4501.8,3683.4,4440.0,3288.1,4025.3,1,1,4025.2,31,1,4025.0,168,2,4024.8,42,1,4024.7,23,1,4025.4,175,1,4025.5,19,1,4025.6,350,2,4025.7,2,1,4025.8,10,1
11483,2026-07-02 13:06:37+05:30,4025.4,16,4038.32,1335170,157269.0,167651.0,4100.0,4110.0,4012.0,4092.6,25095175,4501.8,3683.4,4440.0,3288.1,4025.3,1,1,4025.2,31,1,4025.0,168,2,4024.8,42,1,4024.7,23,1,4025.4,175,1,4025.5,19,1,4025.6,350,2,4025.7,2,1,4025.8,10,1
11483,2026-07-02 13:06:38+05:30,4025.3,1,4038.32,1335190,157045.0,167635.0,4100.0,4110.0,4012.0,4092.6,25095175,4501.8,3683.4,4440.0,3288.1,4025.3,2,1,4025.2,31,1,4025.0,168,2,4024.8,42,1,4024.7,23,1,4025.4,159,1,4025.5,19,1,4025.6,350,2,4025.7,2,1,4025.8,10,1
11483,2026-07-02 13:06:38+05:30,4025.3,8,4038.32,1335190,157045.0,167635.0,4100.0,4110.0,4012.0,4092.6,25095175,4501.8,3683.4,4440.0,3288.1,4025.3,2,1,4025.2,31,1,4025.0,168,2,4024.8,42,1,4024.7,23,1,4025.4,159,1,4025.5,19,1,4025.6,350,2,4025.7,2,1,4025.8,10,1
11483,2026-07-02 13:06:39+05:30,4025.3,26,4038.32,1335310,157094.0,167155.0,4100.0,4110.0,4012.0,4092.6,25095175,4501.8,3683.4,4440.0,3288.1,4025.2,30,1,4025.0,168,2,4024.8,42,1,4024.7,61,2,4024.3,67,2,4025.3,42,1,4025.5,19,1,4025.7,2,1,4025.8,10,1,4026.0,86,6
11483,2026-07-02 13:06:39+05:30,4025.3,1,4038.32,1335310,157094.0,167155.0,4100.0,4110.0,4012.0,4092.6,25095175,4501.8,3683.4,4440.0,3288.1,4025.2,30,1,4025.0,168,2,4024.8,42,1,4024.7,61,2,4024.3,67,2,4025.3,42,1,4025.5,19,1,4025.7,2,1,4025.8,10,1,4026.0,86,6
11483,2026-07-02 13:06:40+05:30,4025.3,1,4038.32,1335368,157083.0,167064.0,4100.0,4110.0,4012.0,4092.6,25095175,4501.8,3683.4,4440.0,3288.1,4025.2,16,1,4025.1,42,1,4025.0,126,1,4024.9,42,1,4024.7,61,2,4025.5,18,1,4025.7,2,1,4025.8,10,1,4026.0,86,6,4026.3,13,1
11483,2026-07-02 13:06:40+05:30,4025.0,24,4038.32,1335368,157083.0,167064.0,4100.0,4110.0,4012.0,4092.6,25095175,4501.8,3683.4,4440.0,3288.1,4025.2,16,1,4025.1,42,1,4025.0,126,1,4024.9,42,1,4024.7,61,2,4025.5,18,1,4025.7,2,1,4025.8,10,1,4026.0,86,6,4026.3,13,1
11483,2026-07-02 13:06:41+05:30,4025.0,24,4038.32,1335451,157062.0,167253.0,4100.0,4110.0,4012.0,4092.6,25095175,4501.8,3683.4,4440.0,3288.1,4025.3,46,1,4025.0,102,1,4024.7,103,3,4024.5,29,1,4024.3,38,1,4025.5,17,1,4025.7,2,1,4025.8,10,1,4026.0,91,7,4026.4,45,3
11483,2026-07-02 13:06:41+05:30,4025.3,1,4038.32,1335451,157062.0,167253.0,4100.0,4110.0,4012.0,4092.6,25095175,4501.8,3683.4,4440.0,3288.1,4025.3,46,1,4025.0,102,1,4024.7,103,3,4024.5,29,1,4024.3,38,1,4025.5,17,1,4025.7,2,1,4025.8,10,1,4026.0,91,7,4026.4,45,3
11483,2026-07-02 13:06:42+05:30,4025.4,1,4038.32,1335464,157046.0,167221.0,4100.0,4110.0,4012.0,4092.6,25095175,4501.8,3683.4,4440.0,3288.1,4025.4,41,1,4025.1,42,1,4025.0,102,1,4024.9,42,1,4024.7,61,2,4025.5,16,1,4025.7,2,1,4025.8,10,1,4026.0,91,7,4026.4,17,2
11483,2026-07-02 13:06:42+05:30,4025.5,1,4038.32,1335464,157046.0,167221.0,4100.0,4110.0,4012.0,4092.6,25095175,4501.8,3683.4,4440.0,3288.1,4025.4,41,1,4025.1,42,1,4025.0,102,1,4024.9,42,1,4024.7,61,2,4025.5,16,1,4025.7,2,1,4025.8,10,1,4026.0,91,7,4026.4,17,2
11483,2026-07-02 13:06:43+05:30,4025.5,15,4038.32,1335481,157211.0,167203.0,4100.0,4110.0,4012.0,4092.6,25095175,4501.8,3683.4,4440.0,3288.1,4025.5,18,1,4025.4,40,1,4025.1,42,1,4025.0,107,2,4024.9,95,3,4025.7,2,1,4025.8,10,1,4026.0,86,6,4026.4,1,1,4026.5,367,4
11483,2026-07-02 13:06:43+05:30,4025.5,1,4038.32,1335481,157211.0,167203.0,4100.0,4110.0,4012.0,4092.6,25095175,4501.8,3683.4,4440.0,3288.1,4025.5,18,1,4025.4,40,1,4025.1,42,1,4025.0,107,2,4024.9,95,3,4025.7,2,1,4025.8,10,1,4026.0,86,6,4026.4,1,1,4026.5,367,4
11483,2026-07-02 13:06:44+05:30,4025.5,1,4038.32,1335485,157197.0,167064.0,4100.0,4110.0,4012.0,4092.6,25095175,4501.8,3683.4,4440.0,3288.1,4025.1,7,1,4025.0,124,3,4024.9,30,1,4024.8,56,2,4024.7,38,1,4025.7,1,1,4025.8,10,1,4026.0,86,6,4026.4,1,1,4026.5,367,4
11483,2026-07-02 13:06:44+05:30,4025.7,1,4038.32,1335485,157197.0,167064.0,4100.0,4110.0,4012.0,4092.6,25095175,4501.8,3683.4,4440.0,3288.1,4025.1,7,1,4025.0,124,3,4024.9,30,1,4024.8,56,2,4024.7,38,1,4025.7,1,1,4025.8,10,1,4026.0,86,6,4026.4,1,1,4026.5,367,4
11483,2026-07-02 13:06:45+05:30,4025.1,1,4038.32,1335487,157495.0,166958.0,4100.0,4110.0,4012.0,4092.6,25095175,4501.8,3683.4,4440.0,3288.1,4025.0,124,3,4024.8,34,2,4024.7,75,2,4024.6,41,1,4024.5,164,6,4025.7,3,2,4025.8,10,1,4026.0,67,5,4026.3,12,1,4026.4,1,1
11483,2026-07-02 13:06:45+05:30,4025.6,50,4038.32,1335487,157495.0,166958.0,4100.0,4110.0,4012.0,4092.6,25095175,4501.8,3683.4,4440.0,3288.1,4025.0,124,3,4024.8,34,2,4024.7,75,2,4024.6,41,1,4024.5,164,6,4025.7,3,2,4025.8,10,1,4026.0,67,5,4026.3,12,1,4026.4,1,1
11483,2026-07-02 13:06:46+05:30,4026.6,15,4038.32,1335750,158234.0,167031.0,4100.0,4110.0,4012.0,4092.6,25095175,4501.8,3683.4,4440.0,3288.1,4026.1,11,3,4025.9,14,1,4025.8,65,2,4025.7,100,3,4025.6,33,1,4026.6,160,1,4026.7,175,1,4026.8,10,1,4026.9,24,3,4027.0,31,4
11483,2026-07-02 13:06:46+05:30,4026.5,1,4038.32,1335750,158234.0,167031.0,4100.0,4110.0,4012.0,4092.6,25095175,4501.8,3683.4,4440.0,3288.1,4026.1,11,3,4025.9,14,1,4025.8,65,2,4025.7,100,3,4025.6,33,1,4026.6,160,1,4026.7,175,1,4026.8,10,1,4026.9,24,3,4027.0,31,4
11483,2026-07-02 13:06:47+05:30,4026.5,1,4038.32,1335784,158452.0,166902.0,4100.0,4110.0,4012.0,4092.6,25095175,4501.8,3683.4,4440.0,3288.1,4026.2,42,1,4026.1,42,1,4025.9,42,1,4025.8,25,2,4025.7,110,3,4026.5,24,1,4026.7,335,2,4026.8,10,1,4026.9,12,2,4027.0,31,4
11483,2026-07-02 13:06:47+05:30,4026.4,1,4038.32,1335784,158452.0,166902.0,4100.0,4110.0,4012.0,4092.6,25095175,4501.8,3683.4,4440.0,3288.1,4026.2,42,1,4026.1,42,1,4025.9,42,1,4025.8,25,2,4025.7,110,3,4026.5,24,1,4026.7,335,2,4026.8,10,1,4026.9,12,2,4027.0,31,4
11483,2026-07-02 13:06:48+05:30,4026.4,1,4038.32,1335791,158407.0,167075.0,4100.0,4110.0,4012.0,4092.6,25095175,4501.8,3683.4,4440.0,3288.1,4026.4,9,1,4026.2,80,2,4026.0,84,3,4025.8,67,3,4025.7,96,3,4026.5,22,1,4026.7,335,2,4026.8,10,1,4026.9,12,2,4027.0,31,4
11483,2026-07-02 13:06:48+05:30,4026.4,1,4038.32,1335791,158407.0,167075.0,4100.0,4110.0,4012.0,4092.6,25095175,4501.8,3683.4,4440.0,3288.1,4026.4,9,1,4026.2,80,2,4026.0,84,3,4025.8,67,3,4025.7,96,3,4026.5,22,1,4026.7,335,2,4026.8,10,1,4026.9,12,2,4027.0,31,4
11483,2026-07-02 13:06:49+05:30,4026.4,1,4038.32,1335793,158343.0,167255.0,4100.0,4110.0,4012.0,4092.6,25095175,4501.8,3683.4,4440.0,3288.1,4026.3,42,1,4026.2,54,2,4026.1,42,1,4026.0,20,1,4025.9,42,1,4026.5,197,2,4026.7,335,2,4026.8,10,1,4026.9,12,2,4027.0,31,4
11483,2026-07-02 13:06:49+05:30,4026.3,42,4038.32,1335793,158343.0,167255.0,4100.0,4110.0,4012.0,4092.6,25095175,4501.8,3683.4,4440.0,3288.1,4026.3,42,1,4026.2,54,2,4026.1,42,1,4026.0,20,1,4025.9,42,1,4026.5,197,2,4026.7,335,2,4026.8,10,1,4026.9,12,2,4027.0,31,4
11483,2026-07-02 13:06:50+05:30,4026.3,94,4038.32,1335978,158604.0,165253.0,4100.0,4110.0,4012.0,4092.6,25095175,4501.8,3683.4,4440.0,3288.1,4026.2,68,3,4026.0,76,3,4025.9,69,3,4025.8,32,2,4025.7,98,5,4026.5,12,1,4026.8,10,1,4026.9,12,2,4027.0,31,4,4027.4,10,2
11483,2026-07-02 13:06:50+05:30,4026.5,1,4038.32,1335978,158604.0,165253.0,4100.0,4110.0,4012.0,4092.6,25095175,4501.8,3683.4,4440.0,3288.1,4026.2,68,3,4026.0,76,3,4025.9,69,3,4025.8,32,2,4025.7,98,5,4026.5,12,1,4026.8,10,1,4026.9,12,2,4027.0,31,4,4027.4,10,2
11483,2026-07-02 13:06:51+05:30,4026.2,1,4038.32,1336005,158582.0,165787.0,4100.0,4110.0,4012.0,4092.6,25095175,4501.8,3683.4,4440.0,3288.1,4026.2,29,2,4026.1,15,1,4026.0,95,4,4025.9,22,1,4025.8,32,2,4026.5,8,1,4026.8,10,1,4026.9,12,2,4027.0,47,5,4027.4,10,2
11483,2026-07-02 13:06:51+05:30,4026.5,1,4038.32,1336005,158582.0,165787.0,4100.0,4110.0,4012.0,4092.6,25095175,4501.8,3683.4,4440.0,3288.1,4026.2,29,2,4026.1,15,1,4026.0,95,4,4025.9,22,1,4025.8,32,2,4026.5,8,1,4026.8,10,1,4026.9,12,2,4027.0,47,5,4027.4,10,2
11483,2026-07-02 13:06:52+05:30,4026.4,14,4038.32,1336114,159026.0,165245.0,4100.0,4110.0,4012.0,4092.6,25095175,4501.8,3683.4,4440.0,3288.1,4026.4,59,7,4026.3,22,3,4026.2,22,2,4026.1,19,3,4026.0,148,7,4027.4,1,1,4027.7,15,1,4027.9,11,2,4028.0,210,2,4028.1,12,1
11483,2026-07-02 13:06:52+05:30,4026.4,12,4038.32,1336114,159026.0,165245.0,4100.0,4110.0,4012.0,4092.6,25095175,4501.8,3683.4,4440.0,3288.1,4026.4,59,7,4026.3,22,3,4026.2,22,2,4026.1,19,3,4026.0,148,7,4027.4,1,1,4027.7,15,1,4027.9,11,2,4028.0,210,2,4028.1,12,1
11483,2026-07-02 13:06:53+05:30,4027.0,24,4038.31,1336811,159957.0,165481.0,4100.0,4110.0,4012.0,4092.6,25095175,4501.8,3683.4,4440.0,3288.1,4026.4,32,3,4026.3,15,2,4026.2,1,1,4026.1,1,1,4026.0,128,7,4027.0,57,1,4027.1,42,1,4027.2,42,1,4027.4,42,1,4027.6,42,1
11483,2026-07-02 13:06:53+05:30,4026.4,20,4038.31,1336811,159957.0,165481.0,4100.0,4110.0,4012.0,4092.6,25095175,4501.8,3683.4,4440.0,3288.1,4026.4,32,3,4026.3,15,2,4026.2,1,1,4026.1,1,1,4026.0,128,7,4027.0,57,1,4027.1,42,1,4027.2,42,1,4027.4,42,1,4027.6,42,1
11483,2026-07-02 13:06:54+05:30,4026.3,2,4038.31,1336891,159363.0,165957.0,4100.0,4110.0,4012.0,4092.6,25095175,4501.8,3683.4,4440.0,3288.1,4026.0,76,6,4025.8,15,2,4025.7,1,1,4025.6,38,1,4025.5,1,1,4026.3,30,1,4026.4,51,2,4026.5,42,1,4026.7,42,1,4026.9,42,1
11483,2026-07-02 13:06:54+05:30,4026.3,1,4038.31,1336891,159363.0,165957.0,4100.0,4110.0,4012.0,4092.6,25095175,4501.8,3683.4,4440.0,3288.1,4026.0,76,6,4025.8,15,2,4025.7,1,1,4025.6,38,1,4025.5,1,1,4026.3,30,1,4026.4,51,2,4026.5,42,1,4026.7,42,1,4026.9,42,1
11483,2026-07-02 13:06:55+05:30,4026.2,5,4038.31,1336907,159258.0,166137.0,4100.0,4110.0,4012.0,4092.6,25095175,4501.8,3683.4,4440.0,3288.1,4026.0,55,5,4025.8,15,2,4025.7,1,1,4025.6,38,1,4025.5,1,1,4026.2,37,1,4026.3,42,1,4026.4,13,2,4026.5,42,1,4026.7,42,1
11483,2026-07-02 13:06:55+05:30,4026.0,14,4038.31,1336907,159258.0,166137.0,4100.0,4110.0,4012.0,4092.6,25095175,4501.8,3683.4,4440.0,3288.1,4026.0,55,5,4025.8,15,2,4025.7,1,1,4025.6,38,1,4025.5,1,1,4026.2,37,1,4026.3,42,1,4026.4,13,2,4026.5,42,1,4026.7,42,1
11483,2026-07-02 13:06:56+05:30,4026.0,14,4038.31,1336933,159250.0,166205.0,4100.0,4110.0,4012.0,4092.6,25095175,4501.8,3683.4,4440.0,3288.1,4025.8,15,2,4025.7,1,1,4025.5,1,1,4025.4,1,1,4025.3,41,3,4026.2,80,3,4026.4,55,3,4026.5,2,1,4026.6,42,1,4027.1,26,1
11483,2026-07-02 13:06:56+05:30,4025.8,1,4038.31,1336933,159250.0,166205.0,4100.0,4110.0,4012.0,4092.6,25095175,4501.8,3683.4,4440.0,3288.1,4025.8,15,2,4025.7,1,1,4025.5,1,1,4025.4,1,1,4025.3,41,3,4026.2,80,3,4026.4,55,3,4026.5,2,1,4026.6,42,1,4027.1,26,1
11483,2026-07-02 13:06:57+05:30,4025.8,1,4038.31,1336937,159809.0,166501.0,4100.0,4110.0,4012.0,4092.6,25095175,4501.8,3683.4,4440.0,3288.1,4025.5,17,2,4025.4,17,1,4025.3,1,1,4025.2,1,1,4025.1,1,1,4025.6,81,1,4025.8,42,1,4026.0,92,2,4026.2,80,3,4026.4,40,4
11483,2026-07-02 13:06:57+05:30,4025.7,1,4038.31,1336937,159809.0,166501.0,4100.0,4110.0,4012.0,4092.6,25095175,4501.8,3683.4,4440.0,3288.1,4025.5,17,2,4025.4,17,1,4025.3,1,1,4025.2,1,1,4025.1,1,1,4025.6,81,1,4025.8,42,1,4026.0,92,2,4026.2,80,3,4026.4,40,4
11483,2026-07-02 13:06:58+05:30,4025.6,1,4038.31,1336939,159838.0,166383.0,4100.0,4110.0,4012.0,4092.6,25095175,4501.8,3683.4,4440.0,3288.1,4025.5,1,1,4025.4,17,1,4025.0,165,4,4024.9,39,2,4024.8,26,3,4025.6,1,1,4025.7,41,1,4025.9,42,1,4026.0,50,1,4026.1,42,1
11483,2026-07-02 13:06:58+05:30,4025.6,1,4038.31,1336939,159838.0,166383.0,4100.0,4110.0,4012.0,4092.6,25095175,4501.8,3683.4,4440.0,3288.1,4025.5,1,1,4025.4,17,1,4025.0,165,4,4024.9,39,2,4024.8,26,3,4025.6,1,1,4025.7,41,1,4025.9,42,1,4026.0,50,1,4026.1,42,1
11483,2026-07-02 13:06:59+05:30,4025.6,79,4038.31,1337183,160334.0,166372.0,4100.0,4110.0,4012.0,4092.6,25095175,4501.8,3683.4,4440.0,3288.1,4025.6,68,6,4025.5,58,5,4025.4,21,2,4025.3,89,8,4025.2,70,7,4026.0,50,1,4026.2,78,2,4026.4,14,3,4026.5,2,1,4026.9,13,1
11483,2026-07-02 13:06:59+05:30,4026.2,2,4038.31,1337183,160334.0,166372.0,4100.0,4110.0,4012.0,4092.6,25095175,4501.8,3683.4,4440.0,3288.1,4025.6,68,6,4025.5,58,5,4025.4,21,2,4025.3,89,8,4025.2,70,7,4026.0,50,1,4026.2,78,2,4026.4,14,3,4026.5,2,1,4026.9,13,1
11483,2026-07-02 13:07:00+05:30,4026.1,3,4038.3,1337344,160117.0,165713.0,4100.0,4110.0,4012.0,4092.6,25095175,4501.8,3683.4,4440.0,3288.1,4025.9,66,7,4025.8,43,4,4025.7,100,8,4025.6,86,6,4025.5,71,5,4026.3,42,1,4026.4,14,3,4026.5,44,2,4027.2,13,1,4027.5,13,1
11483,2026-07-02 13:07:00+05:30,4025.9,1,4038.3,1337344,160117.0,165713.0,4100.0,4110.0,4012.0,4092.6,25095175,4501.8,3683.4,4440.0,3288.1,4025.9,66,7,4025.8,43,4,4025.7,100,8,4025.6,86,6,4025.5,71,5,4026.3,42,1,4026.4,14,3,4026.5,44,2,4027.2,13,1,4027.5,13,1
11483,2026-07-02 13:07:01+05:30,4025.9,1,4038.3,1337525,159877.0,166196.0,4100.0,4110.0,4012.0,4092.6,25095175,4501.8,3683.4,4440.0,3288.1,4025.9,65,6,4025.8,30,3,4025.7,36,4,4025.6,35,4,4025.5,48,5,4026.3,29,1,4026.4,56,4,4026.5,6,2,4026.6,42,1,4027.2,13,1
11483,2026-07-02 13:07:01+05:30,4025.9,5,4038.3,1337525,159877.0,166196.0,4100.0,4110.0,4012.0,4092.6,25095175,4501.8,3683.4,4440.0,3288.1,4025.9,65,6,4025.8,30,3,4025.7,36,4,4025.6,35,4,4025.5,48,5,4026.3,29,1,4026.4,56,4,4026.5,6,2,4026.6,42,1,4027.2,13,1
11483,2026-07-02 13:07:02+05:30,4025.9,1,4038.3,1337551,159714.0,166279.0,4100.0,4110.0,4012.0,4092.6,25095175,4501.8,3683.4,4440.0,3288.1,4025.9,51,5,4025.8,30,3,4025.7,36,4,4025.6,30,3,4025.5,48,5,4026.0,36,1,4026.3,29,1,4026.4,56,4,4026.5,6,2,4026.6,42,1
11483,2026-07-02 13:07:02+05:30,4026.0,2,4038.3,1337551,159714.0,166279.0,4100.0,4110.0,4012.0,4092.6,25095175,4501.8,3683.4,4440.0,3288.1,4025.9,51,5,4025.8,30,3,4025.7,36,4,4025.6,30,3,4025.5,48,5,4026.0,36,1,4026.3,29,1,4026.4,56,4,4026.5,6,2,4026.6,42,1
11483,2026-07-02 13:07:03+05:30,4026.4,15,4038.3,1337656,159893.0,166060.0,4100.0,4110.0,4012.0,4092.6,25095175,4501.8,3683.4,4440.0,3288.1,4026.0,75,7,4025.9,50,4,4025.8,30,3,4025.7,72,6,4025.6,50,4,4026.4,6,1,4026.5,48,3,4027.2,13,1,4027.5,51,2,4027.8,50,2
11483,2026-07-02 13:07:03+05:30,4026.0,2,4038.3,1337656,159893.0,166060.0,4100.0,4110.0,4012.0,4092.6,25095175,4501.8,3683.4,4440.0,3288.1,4026.0,75,7,4025.9,50,4,4025.8,30,3,4025.7,72,6,4025.6,50,4,4026.4,6,1,4026.5,48,3,4027.2,13,1,4027.5,51,2,4027.8,50,2
11483,2026-07-02 13:07:04+05:30,4026.0,1,4038.3,1337682,159829.0,166294.0,4100.0,4110.0,4012.0,4092.6,25095175,4501.8,3683.4,4440.0,3288.1,4026.0,36,4,4025.9,37,3,4025.8,30,3,4025.7,69,5,4025.6,30,3,4026.1,42,1,4026.2,42,1,4026.4,6,2,4026.5,6,2,4026.7,42,1
11483,2026-07-02 13:07:04+05:30,4026.0,3,4038.3,1337682,159829.0,166294.0,4100.0,4110.0,4012.0,4092.6,25095175,4501.8,3683.4,4440.0,3288.1,4026.0,36,4,4025.9,37,3,4025.8,30,3,4025.7,69,5,4025.6,30,3,4026.1,42,1,4026.2,42,1,4026.4,6,2,4026.5,6,2,4026.7,42,1
11483,2026-07-02 13:07:05+05:30,4026.0,3,4038.3,1337685,159859.0,166376.0,4100.0,4110.0,4012.0,4092.6,25095175,4501.8,3683.4,4440.0,3288.1,4026.0,33,4,4025.9,37,3,4025.8,30,3,4025.7,69,5,4025.6,30,3,4026.1,42,1,4026.2,42,1,4026.4,48,3,4026.5,6,2,4026.6,42,1
11483,2026-07-02 13:07:05+05:30,4025.5,13,4038.3,1337685,159859.0,166376.0,4100.0,4110.0,4012.0,4092.6,25095175,4501.8,3683.4,4440.0,3288.1,4026.0,33,4,4025.9,37,3,4025.8,30,3,4025.7,69,5,4025.6,30,3,4026.1,42,1,4026.2,42,1,4026.4,48,3,4026.5,6,2,4026.6,42,1
11483,2026-07-02 13:07:05+05:30,4025.5,13,4038.3,1337685,159859.0,166376.0,4100.0,4110.0,4012.0,4092.6,25095175,4501.8,3683.4,4440.0,3288.1,4026.0,33,4,4025.9,37,3,4025.8,30,3,4025.7,69,5,4025.6,30,3,4026.1,42,1,4026.2,42,1,4026.4,48,3,4026.5,6,2,4026.6,42,1
11483,2026-07-02 13:07:05+05:30,4025.5,13,4038.3,1337973,159246.0,166546.0,4100.0,4110.0,4012.0,4092.6,25095175,4501.8,3683.4,4440.0,3288.1,4025.2,14,1,4025.1,12,1,4025.0,197,6,4024.6,43,2,4024.5,81,3,4025.6,48,2,4025.7,42,1,4025.9,42,1,4026.1,44,2,4026.4,4,1
11483,2026-07-02 13:07:06+05:30,4025.5,13,4038.3,1337973,159246.0,166546.0,4100.0,4110.0,4012.0,4092.6,25095175,4501.8,3683.4,4440.0,3288.1,4025.2,14,1,4025.1,12,1,4025.0,197,6,4024.6,43,2,4024.5,81,3,4025.6,48,2,4025.7,42,1,4025.9,42,1,4026.1,44,2,4026.4,4,1
11483,2026-07-02 13:07:06+05:30,4025.0,27,4038.3,1337973,159246.0,166546.0,4100.0,4110.0,4012.0,4092.6,25095175,4501.8,3683.4,4440.0,3288.1,4025.2,14,1,4025.1,12,1,4025.0,197,6,4024.6,43,2,4024.5,81,3,4025.6,48,2,4025.7,42,1,4025.9,42,1,4026.1,44,2,4026.4,4,1
11483,2026-07-02 13:07:06+05:30,4025.0,27,4038.3,1337973,159246.0,166546.0,4100.0,4110.0,4012.0,4092.6,25095175,4501.8,3683.4,4440.0,3288.1,4025.2,14,1,4025.1,12,1,4025.0,197,6,4024.6,43,2,4024.5,81,3,4025.6,48,2,4025.7,42,1,4025.9,42,1,4026.1,44,2,4026.4,4,1
11483,2026-07-02 13:07:06+05:30,4025.0,27,4038.29,1339227,158348.0,166796.0,4100.0,4110.0,4012.0,4092.6,25095175,4501.8,3683.4,4440.0,3288.1,4025.0,44,2,4024.2,14,1,4024.1,5,1,4024.0,131,5,4023.8,12,1,4025.1,48,2,4025.2,47,3,4025.4,42,1,4025.5,6,1,4025.6,42,1
11483,2026-07-02 13:07:07+05:30,4025.0,27,4038.29,1339227,158348.0,166796.0,4100.0,4110.0,4012.0,4092.6,25095175,4501.8,3683.4,4440.0,3288.1,4025.0,44,2,4024.2,14,1,4024.1,5,1,4024.0,131,5,4023.8,12,1,4025.1,48,2,4025.2,47,3,4025.4,42,1,4025.5,6,1,4025.6,42,1
11483,2026-07-02 13:07:07+05:30,4024.2,1,4038.29,1339227,158348.0,166796.0,4100.0,4110.0,4012.0,4092.6,25095175,4501.8,3683.4,4440.0,3288.1,4025.0,44,2,4024.2,14,1,4024.1,5,1,4024.0,131,5,4023.8,12,1,4025.1,48,2,4025.2,47,3,4025.4,42,1,4025.5,6,1,4025.6,42,1
11483,2026-07-02 13:07:07+05:30,4024.2,1,4038.29,1339227,158348.0,166796.0,4100.0,4110.0,4012.0,4092.6,25095175,4501.8,3683.4,4440.0,3288.1,4025.0,44,2,4024.2,14,1,4024.1,5,1,4024.0,131,5,4023.8,12,1,4025.1,48,2,4025.2,47,3,4025.4,42,1,4025.5,6,1,4025.6,42,1
11483,2026-07-02 13:07:08+05:30,4024.0,1,4038.29,1339282,157612.0,167739.0,4100.0,4110.0,4012.0,4092.6,25095175,4501.8,3683.4,4440.0,3288.1,4024.0,160,3,4023.3,62,1,4023.2,40,2,4023.1,13,1,4023.0,101,11,4024.5,90,2,4024.6,42,1,4024.7,42,1,4024.8,28,1,4024.9,42,1
11483,2026-07-02 13:07:08+05:30,4024.0,1,4038.29,1339282,157612.0,167739.0,4100.0,4110.0,4012.0,4092.6,25095175,4501.8,3683.4,4440.0,3288.1,4024.0,160,3,4023.3,62,1,4023.2,40,2,4023.1,13,1,4023.0,101,11,4024.5,90,2,4024.6,42,1,4024.7,42,1,4024.8,28,1,4024.9,42,1
11483,2026-07-02 13:07:08+05:30,4024.1,3,4038.29,1339282,157612.0,167739.0,4100.0,4110.0,4012.0,4092.6,25095175,4501.8,3683.4,4440.0,3288.1,4024.0,160,3,4023.3,62,1,4023.2,40,2,4023.1,13,1,4023.0,101,11,4024.5,90,2,4024.6,42,1,4024.7,42,1,4024.8,28,1,4024.9,42,1
11483,2026-07-02 13:07:08+05:30,4024.1,3,4038.29,1339282,157612.0,167739.0,4100.0,4110.0,4012.0,4092.6,25095175,4501.8,3683.4,4440.0,3288.1,4024.0,160,3,4023.3,62,1,4023.2,40,2,4023.1,13,1,4023.0,101,11,4024.5,90,2,4024.6,42,1,4024.7,42,1,4024.8,28,1,4024.9,42,1
11483,2026-07-02 13:07:08+05:30,4024.1,3,4038.29,1339292,158429.0,166749.0,4100.0,4110.0,4012.0,4092.6,25095175,4501.8,3683.4,4440.0,3288.1,4024.1,20,1,4024.0,233,7,4023.8,3,1,4023.7,38,1,4023.6,83,3,4025.0,22,3,4025.1,2,1,4025.2,5,2,4025.7,6,1,4025.8,40,2
11483,2026-07-02 13:07:08+05:30,4024.1,3,4038.29,1339292,158429.0,166749.0,4100.0,4110.0,4012.0,4092.6,25095175,4501.8,3683.4,4440.0,3288.1,4024.1,20,1,4024.0,233,7,4023.8,3,1,4023.7,38,1,4023.6,83,3,4025.0,22,3,4025.1,2,1,4025.2,5,2,4025.7,6,1,4025.8,40,2
11483,2026-07-02 13:07:09+05:30,4024.1,3,4038.29,1339292,158429.0,166749.0,4100.0,4110.0,4012.0,4092.6,25095175,4501.8,3683.4,4440.0,3288.1,4024.1,20,1,4024.0,233,7,4023.8,3,1,4023.7,38,1,4023.6,83,3,4025.0,22,3,4025.1,2,1,4025.2,5,2,4025.7,6,1,4025.8,40,2
11483,2026-07-02 13:07:09+05:30,4024.5,1,4038.29,1339292,158429.0,166749.0,4100.0,4110.0,4012.0,4092.6,25095175,4501.8,3683.4,4440.0,3288.1,4024.1,20,1,4024.0,233,7,4023.8,3,1,4023.7,38,1,4023.6,83,3,4025.0,22,3,4025.1,2,1,4025.2,5,2,4025.7,6,1,4025.8,40,2
11483,2026-07-02 13:07:09+05:30,4024.5,1,4038.29,1339292,158429.0,166749.0,4100.0,4110.0,4012.0,4092.6,25098850,4501.8,3683.4,4440.0,3288.1,4024.1,20,1,4024.0,233,7,4023.8,3,1,4023.7,38,1,4023.6,83,3,4025.0,22,3,4025.1,2,1,4025.2,5,2,4025.7,6,1,4025.8,40,2
11483,2026-07-02 13:07:09+05:30,4024.5,1,4038.29,1339296,158539.0,166811.0,4100.0,4110.0,4012.0,4092.6,25098850,4501.8,3683.4,4440.0,3288.1,4024.1,18,1,4024.0,219,7,4023.9,24,1,4023.7,38,1,4023.6,112,5,4025.0,21,3,4025.1,2,1,4025.2,5,2,4025.7,6,1,4025.8,38,1
11483,2026-07-02 13:07:10+05:30,4024.5,1,4038.29,1339296,158539.0,166811.0,4100.0,4110.0,4012.0,4092.6,25098850,4501.8,3683.4,4440.0,3288.1,4024.1,18,1,4024.0,219,7,4023.9,24,1,4023.7,38,1,4023.6,112,5,4025.0,21,3,4025.1,2,1,4025.2,5,2,4025.7,6,1,4025.8,38,1
11483,2026-07-02 13:07:10+05:30,4024.1,1,4038.29,1339296,158539.0,166811.0,4100.0,4110.0,4012.0,4092.6,25098850,4501.8,3683.4,4440.0,3288.1,4024.1,18,1,4024.0,219,7,4023.9,24,1,4023.7,38,1,4023.6,112,5,4025.0,21,3,4025.1,2,1,4025.2,5,2,4025.7,6,1,4025.8,38,1
11483,2026-07-02 13:07:10+05:30,4024.1,1,4038.29,1339296,158539.0,166811.0,4100.0,4110.0,4012.0,4092.6,25098850,4501.8,3683.4,4440.0,3288.1,4024.1,18,1,4024.0,219,7,4023.9,24,1,4023.7,38,1,4023.6,112,5,4025.0,21,3,4025.1,2,1,4025.2,5,2,4025.7,6,1,4025.8,38,1
11483,2026-07-02 13:07:10+05:30,4024.1,1,4038.29,1339298,157976.0,166795.0,4100.0,4110.0,4012.0,4092.6,25098850,4501.8,3683.4,4440.0,3288.1,4024.1,16,1,4024.0,211,6,4023.9,24,1,4023.7,38,1,4023.6,84,4,4025.0,23,4,4025.2,5,2,4025.7,6,1,4025.8,38,1,4026.0,68,4
11483,2026-07-02 13:07:11+05:30,4024.1,1,4038.29,1339298,157976.0,166795.0,4100.0,4110.0,4012.0,4092.6,25098850,4501.8,3683.4,4440.0,3288.1,4024.1,16,1,4024.0,211,6,4023.9,24,1,4023.7,38,1,4023.6,84,4,4025.0,23,4,4025.2,5,2,4025.7,6,1,4025.8,38,1,4026.0,68,4
11483,2026-07-02 13:07:11+05:30,4024.1,7,4038.29,1339298,157976.0,166795.0,4100.0,4110.0,4012.0,4092.6,25098850,4501.8,3683.4,4440.0,3288.1,4024.1,16,1,4024.0,211,6,4023.9,24,1,4023.7,38,1,4023.6,84,4,4025.0,23,4,4025.2,5,2,4025.7,6,1,4025.8,38,1,4026.0,68,4
11483,2026-07-02 13:07:11+05:30,4024.1,7,4038.29,1339298,157976.0,166795.0,4100.0,4110.0,4012.0,4092.6,25098850,4501.8,3683.4,4440.0,3288.1,4024.1,16,1,4024.0,211,6,4023.9,24,1,4023.7,38,1,4023.6,84,4,4025.0,23,4,4025.2,5,2,4025.7,6,1,4025.8,38,1,4026.0,68,4
11483,2026-07-02 13:07:11+05:30,4025.0,5,4038.29,1339327,158144.0,166820.0,4100.0,4110.0,4012.0,4092.6,25098850,4501.8,3683.4,4440.0,3288.1,4024.1,8,1,4024.0,232,6,4023.8,12,1,4023.7,53,3,4023.6,112,5,4025.0,42,4,4025.2,5,2,4025.7,6,1,4025.8,38,1,4026.0,68,5
11483,2026-07-02 13:07:12+05:30,4024.1,1,4038.29,1339327,158144.0,166820.0,4100.0,4110.0,4012.0,4092.6,25098850,4501.8,3683.4,4440.0,3288.1,4024.1,8,1,4024.0,232,6,4023.8,12,1,4023.7,53,3,4023.6,112,5,4025.0,42,4,4025.2,5,2,4025.7,6,1,4025.8,38,1,4026.0,68,5
11483,2026-07-02 13:07:12+05:30,4024.1,1,4038.29,1339332,158074.0,167288.0,4100.0,4110.0,4012.0,4092.6,25098850,4501.8,3683.4,4440.0,3288.1,4024.1,3,1,4024.0,194,5,4023.8,12,1,4023.7,53,3,4023.6,40,3,4025.0,44,5,4025.2,5,2,4025.6,31,1,4025.7,40,2,4025.8,38,1
11483,2026-07-02 13:07:13+05:30,4024.1,1,4038.29,1339332,158074.0,167288.0,4100.0,4110.0,4012.0,4092.6,25098850,4501.8,3683.4,4440.0,3288.1,4024.1,3,1,4024.0,194,5,4023.8,12,1,4023.7,53,3,4023.6,40,3,4025.0,44,5,4025.2,5,2,4025.6,31,1,4025.7,40,2,4025.8,38,1
11483,2026-07-02 13:07:13+05:30,4024.1,1,4038.29,1339334,157672.0,167271.0,4100.0,4110.0,4012.0,4092.6,25098850,4501.8,3683.4,4440.0,3288.1,4024.1,1,1,4024.0,194,5,4023.8,12,1,4023.7,53,3,4023.6,40,3,4025.0,44,5,4025.2,5,2,4025.6,31,1,4025.7,40,2,4025.8,38,1
11483,2026-07-02 13:07:14+05:30,4024.0,13,4038.29,1339334,157672.0,167271.0,4100.0,4110.0,4012.0,4092.6,25098850,4501.8,3683.4,4440.0,3288.1,4024.1,1,1,4024.0,194,5,4023.8,12,1,4023.7,53,3,4023.6,40,3,4025.0,44,5,4025.2,5,2,4025.6,31,1,4025.7,40,2,4025.8,38,1
11483,2026-07-02 13:07:14+05:30,4024.0,13,4038.28,1339349,158325.0,167086.0,4100.0,4110.0,4012.0,4092.6,25098850,4501.8,3683.4,4440.0,3288.1,4024.1,28,1,4024.0,156,4,4023.8,12,1,4023.7,53,3,4023.6,40,3,4025.0,44,5,4025.2,5,2,4025.6,31,1,4025.7,6,1,4025.8,38,1
11483,2026-07-02 13:07:15+05:30,4025.0,87,4038.28,1339349,158325.0,167086.0,4100.0,4110.0,4012.0,4092.6,25098850,4501.8,3683.4,4440.0,3288.1,4024.1,28,1,4024.0,156,4,4023.8,12,1,4023.7,53,3,4023.6,40,3,4025.0,44,5,4025.2,5,2,4025.6,31,1,4025.7,6,1,4025.8,38,1
11483,2026-07-02 13:07:15+05:30,4025.0,3,4038.28,1340010,158304.0,166972.0,4100.0,4110.0,4012.0,4092.6,25098850,4501.8,3683.4,4440.0,3288.1,4024.2,13,1,4024.1,75,5,4024.0,139,3,4023.8,3,1,4023.7,53,3,4025.0,7,1,4025.2,5,2,4025.8,44,2,4026.0,67,5,4026.1,49,2
11483,2026-07-02 13:07:16+05:30,4026.0,7,4038.28,1340010,158304.0,166972.0,4100.0,4110.0,4012.0,4092.6,25098850,4501.8,3683.4,4440.0,3288.1,4024.2,13,1,4024.1,75,5,4024.0,139,3,4023.8,3,1,4023.7,53,3,4025.0,7,1,4025.2,5,2,4025.8,44,2,4026.0,67,5,4026.1,49,2
11483,2026-07-02 13:07:16+05:30,4024.2,1,4038.27,1340397,158502.0,166666.0,4100.0,4110.0,4012.0,4092.6,25098850,4501.8,3683.4,4440.0,3288.1,4024.2,35,1,4024.1,2,1,4024.0,139,3,4023.9,3,1,4023.7,12,1,4025.0,25,1,4025.8,33,2,4025.9,50,3,4026.0,120,9,4026.1,30,3
11483,2026-07-02 13:07:17+05:30,4024.2,11,4038.27,1340397,158502.0,166666.0,4100.0,4110.0,4012.0,4092.6,25098850,4501.8,3683.4,4440.0,3288.1,4024.2,35,1,4024.1,2,1,4024.0,139,3,4023.9,3,1,4023.7,12,1,4025.0,25,1,4025.8,33,2,4025.9,50,3,4026.0,120,9,4026.1,30,3
11483,2026-07-02 13:07:17+05:30,4024.2,11,4038.27,1340443,158563.0,166795.0,4100.0,4110.0,4012.0,4092.6,25098850,4501.8,3683.4,4440.0,3288.1,4024.2,40,3,4024.1,15,2,4024.0,147,4,4023.9,55,3,4023.8,3,1,4025.0,25,1,4025.8,54,2,4025.9,16,1,4026.0,80,6,4026.1,30,3
11483,2026-07-02 13:07:18+05:30,4024.2,6,4038.27,1340443,158563.0,166795.0,4100.0,4110.0,4012.0,4092.6,25098850,4501.8,3683.4,4440.0,3288.1,4024.2,40,3,4024.1,15,2,4024.0,147,4,4023.9,55,3,4023.8,3,1,4025.0,25,1,4025.8,54,2,4025.9,16,1,4026.0,80,6,4026.1,30,3
11483,2026-07-02 13:07:18+05:30,4024.2,6,4038.27,1340449,158551.0,166829.0,4100.0,4110.0,4012.0,4092.6,25098850,4501.8,3683.4,4440.0,3288.1,4024.2,20,2,4024.1,15,2,4024.0,147,4,4023.9,55,3,4023.7,43,3,4025.0,25,1,4025.8,54,2,4025.9,66,2,4026.0,80,6,4026.1,30,3
11483,2026-07-02 13:07:19+05:30,4025.0,1,4038.27,1340449,158551.0,166829.0,4100.0,4110.0,4012.0,4092.6,25098850,4501.8,3683.4,4440.0,3288.1,4024.2,20,2,4024.1,15,2,4024.0,147,4,4023.9,55,3,4023.7,43,3,4025.0,25,1,4025.8,54,2,4025.9,66,2,4026.0,80,6,4026.1,30,3
11483,2026-07-02 13:07:19+05:30,4025.0,1,4038.27,1340452,158663.0,167182.0,4100.0,4110.0,4012.0,4092.6,25098850,4501.8,3683.4,4440.0,3288.1,4024.6,1,1,4024.2,13,1,4024.1,2,1,4024.0,150,5,4023.9,55,3,4025.0,23,1,4025.8,54,2,4025.9,16,1,4026.0,67,5,4026.1,30,3
11483,2026-07-02 13:07:20+05:30,4024.6,1,4038.27,1340452,158663.0,167182.0,4100.0,4110.0,4012.0,4092.6,25098850,4501.8,3683.4,4440.0,3288.1,4024.6,1,1,4024.2,13,1,4024.1,2,1,4024.0,150,5,4023.9,55,3,4025.0,23,1,4025.8,54,2,4025.9,16,1,4026.0,67,5,4026.1,30,3
11483,2026-07-02 13:07:20+05:30,4024.6,1,4038.27,1340453,158531.0,167385.0,4100.0,4110.0,4012.0,4092.6,25098850,4501.8,3683.4,4440.0,3288.1,4024.6,1,1,4024.2,13,1,4024.1,2,1,4024.0,147,4,4023.7,62,4,4025.0,23,1,4025.7,24,1,4025.8,56,3,4025.9,31,2,4026.0,57,5
11483,2026-07-02 13:07:21+05:30,4025.0,4,4038.27,1340453,158531.0,167385.0,4100.0,4110.0,4012.0,4092.6,25098850,4501.8,3683.4,4440.0,3288.1,4024.6,1,1,4024.2,13,1,4024.1,2,1,4024.0,147,4,4023.7,62,4,4025.0,23,1,4025.7,24,1,4025.8,56,3,4025.9,31,2,4026.0,57,5
11483,2026-07-02 13:07:21+05:30,4025.0,4,4038.27,1340465,158601.0,167704.0,4100.0,4110.0,4012.0,4092.6,25098850,4501.8,3683.4,4440.0,3288.1,4024.6,1,1,4024.2,13,1,4024.1,2,1,4024.0,139,3,4023.9,24,1,4025.0,11,1,4025.8,56,3,4025.9,31,2,4026.0,57,5,4026.1,30,3
11483,2026-07-02 13:07:22+05:30,4024.6,1,4038.27,1340465,158601.0,167704.0,4100.0,4110.0,4012.0,4092.6,25098850,4501.8,3683.4,4440.0,3288.1,4024.6,1,1,4024.2,13,1,4024.1,2,1,4024.0,139,3,4023.9,24,1,4025.0,11,1,4025.8,56,3,4025.9,31,2,4026.0,57,5,4026.1,30,3
11483,2026-07-02 13:07:22+05:30,4024.6,1,4038.27,1340466,158511.0,167606.0,4100.0,4110.0,4012.0,4092.6,25098850,4501.8,3683.4,4440.0,3288.1,4024.2,13,1,4024.1,52,4,4024.0,139,3,4023.8,23,2,4023.7,49,3,4024.6,1,1,4025.0,2,1,4025.3,11,1,4025.7,6,1,4025.8,71,4
11483,2026-07-02 13:07:23+05:30,4024.2,4,4038.27,1340466,158511.0,167606.0,4100.0,4110.0,4012.0,4092.6,25098850,4501.8,3683.4,4440.0,3288.1,4024.2,13,1,4024.1,52,4,4024.0,139,3,4023.8,23,2,4023.7,49,3,4024.6,1,1,4025.0,2,1,4025.3,11,1,4025.7,6,1,4025.8,71,4
11483,2026-07-02 13:07:23+05:30,4025.3,8,4038.27,1340481,157491.0,167262.0,4100.0,4110.0,4012.0,4092.6,25098850,4501.8,3683.4,4440.0,3288.1,4024.3,47,5,4024.2,12,2,4024.1,88,6,4024.0,148,4,4023.9,62,2,4025.3,3,1,4025.9,42,3,4026.0,41,3,4026.1,12,1,4026.3,27,2
11483,2026-07-02 13:07:24+05:30,4024.3,2,4038.27,1340481,157491.0,167262.0,4100.0,4110.0,4012.0,4092.6,25098850,4501.8,3683.4,4440.0,3288.1,4024.3,47,5,4024.2,12,2,4024.1,88,6,4024.0,148,4,4023.9,62,2,4025.3,3,1,4025.9,42,3,4026.0,41,3,4026.1,12,1,4026.3,27,2
11483,2026-07-02 13:07:24+05:30,4024.3,2,4038.27,1340483,157487.0,167472.0,4100.0,4110.0,4012.0,4092.6,25098850,4501.8,3683.4,4440.0,3288.1,4024.6,12,2,4024.3,8,1,4024.1,60,5,4024.0,148,4,4023.9,68,2,4025.4,3,1,4025.9,42,3,4026.0,41,3,4026.1,12,1,4026.3,27,2
11483,2026-07-02 13:07:25+05:30,4024.7,1,4038.27,1340483,157487.0,167472.0,4100.0,4110.0,4012.0,4092.6,25098850,4501.8,3683.4,4440.0,3288.1,4024.6,12,2,4024.3,8,1,4024.1,60,5,4024.0,148,4,4023.9,68,2,4025.4,3,1,4025.9,42,3,4026.0,41,3,4026.1,12,1,4026.3,27,2
11483,2026-07-02 13:07:25+05:30,4024.7,1,4038.27,1340490,157516.0,167478.0,4100.0,4110.0,4012.0,4092.6,25098850,4501.8,3683.4,4440.0,3288.1,4024.7,7,1,4024.6,12,2,4024.3,8,1,4024.2,24,1,4024.1,60,5,4025.4,25,1,4025.9,21,3,4026.0,41,3,4026.1,12,1,4026.2,15,1
11483,2026-07-02 13:07:26+05:30,4025.4,7,4038.27,1340490,157516.0,167478.0,4100.0,4110.0,4012.0,4092.6,25098850,4501.8,3683.4,4440.0,3288.1,4024.7,7,1,4024.6,12,2,4024.3,8,1,4024.2,24,1,4024.1,60,5,4025.4,25,1,4025.9,21,3,4026.0,41,3,4026.1,12,1,4026.2,15,1
11483,2026-07-02 13:07:26+05:30,4024.7,1,4038.27,1340498,157454.0,167484.0,4100.0,4110.0,4012.0,4092.6,25098850,4501.8,3683.4,4440.0,3288.1,4024.7,6,1,4024.6,12,2,4024.3,8,1,4024.1,33,4,4024.0,142,4,4025.4,18,1,4025.9,21,3,4026.0,41,3,4026.1,35,2,4026.2,15,1
11483,2026-07-02 13:07:27+05:30,4025.4,1,4038.27,1340498,157454.0,167484.0,4100.0,4110.0,4012.0,4092.6,25098850,4501.8,3683.4,4440.0,3288.1,4024.7,6,1,4024.6,12,2,4024.3,8,1,4024.1,33,4,4024.0,142,4,4025.4,18,1,4025.9,21,3,4026.0,41,3,4026.1,35,2,4026.2,15,1
11483,2026-07-02 13:07:27+05:30,4025.4,1,4038.27,1340500,157532.0,167486.0,4100.0,4110.0,4012.0,4092.6,25098850,4501.8,3683.4,4440.0,3288.1,4024.7,5,1,4024.6,11,1,4024.3,8,1,4024.2,50,1,4024.1,33,4,4025.4,17,1,4025.9,21,3,4026.0,41,3,4026.1,35,2,4026.2,15,1
11483,2026-07-02 13:07:28+05:30,4025.4,36,4038.27,1340543,157557.0,167368.0,4100.0,4110.0,4012.0,4092.6,25098850,4501.8,3683.4,4440.0,3288.1,4025.0,5,1,4024.6,11,1,4024.4,2,1,4024.3,8,1,4024.2,53,2,4025.4,25,1,4025.9,5,2,4026.0,22,2,4026.1,12,1,4026.2,15,1
11483,2026-07-02 13:07:29+05:30,4025.2,1,4038.27,1340543,157557.0,167368.0,4100.0,4110.0,4012.0,4092.6,25098850,4501.8,3683.4,4440.0,3288.1,4025.0,5,1,4024.6,11,1,4024.4,2,1,4024.3,8,1,4024.2,53,2,4025.4,25,1,4025.9,5,2,4026.0,22,2,4026.1,12,1,4026.2,15,1
11483,2026-07-02 13:07:29+05:30,4025.0,5,4038.27,1340654,157505.0,167401.0,4100.0,4110.0,4012.0,4092.6,25098850,4501.8,3683.4,4440.0,3288.1,4025.0,8,1,4024.6,11,1,4024.4,2,1,4024.3,9,2,4024.2,50,1,4025.4,25,1,4025.9,3,1,4026.0,29,4,4026.1,12,1,4026.2,15,1
11483,2026-07-02 13:07:30+05:30,4025.0,16,4038.27,1340654,157505.0,167401.0,4100.0,4110.0,4012.0,4092.6,25098850,4501.8,3683.4,4440.0,3288.1,4025.0,8,1,4024.6,11,1,4024.4,2,1,4024.3,9,2,4024.2,50,1,4025.4,25,1,4025.9,3,1,4026.0,29,4,4026.1,12,1,4026.2,15,1
11483,2026-07-02 13:07:30+05:30,4025.0,1,4038.27,1340677,157281.0,167285.0,4100.0,4110.0,4012.0,4092.6,25098850,4501.8,3683.4,4440.0,3288.1,4024.3,1,1,4024.2,50,1,4024.1,29,2,4024.0,144,5,4023.7,15,2,4025.0,2,2,4025.2,15,1,4025.4,25,1,4025.5,36,2,4025.6,23,2
11483,2026-07-02 13:07:31+05:30,4024.3,2,4038.27,1340677,157281.0,167285.0,4100.0,4110.0,4012.0,4092.6,25098850,4501.8,3683.4,4440.0,3288.1,4024.3,1,1,4024.2,50,1,4024.1,29,2,4024.0,144,5,4023.7,15,2,4025.0,2,2,4025.2,15,1,4025.4,25,1,4025.5,36,2,4025.6,23,2
11483,2026-07-02 13:07:31+05:30,4024.3,2,4038.27,1340680,157248.0,167813.0,4100.0,4110.0,4012.0,4092.6,25098850,4501.8,3683.4,4440.0,3288.1,4024.6,1,1,4024.2,50,1,4024.1,29,2,4024.0,163,6,4023.8,5,1,4025.0,2,2,4025.4,41,3,4025.5,38,3,4025.6,23,2,4025.7,73,2
11483,2026-07-02 13:07:32+05:30,4024.6,1,4038.27,1340680,157248.0,167813.0,4100.0,4110.0,4012.0,4092.6,25098850,4501.8,3683.4,4440.0,3288.1,4024.6,1,1,4024.2,50,1,4024.1,29,2,4024.0,163,6,4023.8,5,1,4025.0,2,2,4025.4,41,3,4025.5,38,3,4025.6,23,2,4025.7,73,2
11483,2026-07-02 13:07:32+05:30,4025.0,3,4038.27,1340881,155501.0,168081.0,4100.0,4110.0,4012.0,4092.6,25098850,4501.8,3683.4,4440.0,3288.1,4024.2,50,1,4024.1,2,1,4024.0,163,6,4023.6,1,1,4023.4,13,1,4025.0,18,1,4025.1,34,4,4025.2,10,1,4025.3,39,4,4025.4,74,4
11483,2026-07-02 13:07:33+05:30,4024.9,1,4038.27,1340881,155501.0,168081.0,4100.0,4110.0,4012.0,4092.6,25098850,4501.8,3683.4,4440.0,3288.1,4024.2,50,1,4024.1,2,1,4024.0,163,6,4023.6,1,1,4023.4,13,1,4025.0,18,1,4025.1,34,4,4025.2,10,1,4025.3,39,4,4025.4,74,4
11483,2026-07-02 13:07:33+05:30,4024.9,1,4038.27,1340908,155446.0,168416.0,4100.0,4110.0,4012.0,4092.6,25098850,4501.8,3683.4,4440.0,3288.1,4024.2,26,1,4024.1,2,1,4024.0,163,6,4023.6,1,1,4023.4,13,1,4024.9,46,5,4025.0,38,4,4025.1,19,3,4025.2,30,2,4025.3,48,4
11483,2026-07-02 13:07:34+05:30,4024.2,3,4038.27,1340908,155446.0,168416.0,4100.0,4110.0,4012.0,4092.6,25098850,4501.8,3683.4,4440.0,3288.1,4024.2,26,1,4024.1,2,1,4024.0,163,6,4023.6,1,1,4023.4,13,1,4024.9,46,5,4025.0,38,4,4025.1,19,3,4025.2,30,2,4025.3,48,4
11483,2026-07-02 13:07:34+05:30,4024.9,3,4038.27,1340914,155384.0,168482.0,4100.0,4110.0,4012.0,4092.6,25098850,4501.8,3683.4,4440.0,3288.1,4024.2,23,1,4024.1,2,1,4024.0,163,6,4023.6,1,1,4023.4,13,1,4024.7,6,1,4024.8,37,3,4024.9,31,5,4025.0,37,3,4025.1,25,3
11483,2026-07-02 13:07:35+05:30,4024.2,1,4038.27,1340914,155384.0,168482.0,4100.0,4110.0,4012.0,4092.6,25098850,4501.8,3683.4,4440.0,3288.1,4024.2,23,1,4024.1,2,1,4024.0,163,6,4023.6,1,1,4023.4,13,1,4024.7,6,1,4024.8,37,3,4024.9,31,5,4025.0,37,3,4025.1,25,3
11483,2026-07-02 13:07:35+05:30,4024.2,1,4038.27,1340918,155409.0,168453.0,4100.0,4110.0,4012.0,4092.6,25098850,4501.8,3683.4,4440.0,3288.1,4024.2,21,1,4024.1,27,2,4024.0,163,6,4023.6,1,1,4023.4,13,1,4024.8,37,3,4024.9,25,5,4025.0,31,2,4025.1,25,3,4025.2,30,2
11483,2026-07-02 13:07:36+05:30,4024.8,4,4038.27,1340918,155409.0,168453.0,4100.0,4110.0,4012.0,4092.6,25098850,4501.8,3683.4,4440.0,3288.1,4024.2,21,1,4024.1,27,2,4024.0,163,6,4023.6,1,1,4023.4,13,1,4024.8,37,3,4024.9,25,5,4025.0,31,2,4025.1,25,3,4025.2,30,2
11483,2026-07-02 13:07:36+05:30,4024.8,4,4038.27,1340922,155411.0,168451.0,4100.0,4110.0,4012.0,4092.6,25098850,4501.8,3683.4,4440.0,3288.1,4024.2,21,1,4024.1,27,2,4024.0,163,6,4023.6,1,1,4023.4,13,1,4024.8,19,3,4024.9,24,4,4025.0,31,2,4025.1,25,3,4025.2,30,2
11483,2026-07-02 13:07:37+05:30,4024.2,1,4038.27,1340922,155411.0,168451.0,4100.0,4110.0,4012.0,4092.6,25098850,4501.8,3683.4,4440.0,3288.1,4024.2,21,1,4024.1,27,2,4024.0,163,6,4023.6,1,1,4023.4,13,1,4024.8,19,3,4024.9,24,4,4025.0,31,2,4025.1,25,3,4025.2,30,2
11483,2026-07-02 13:07:37+05:30,4024.2,15,4038.27,1340958,155405.0,168251.0,4100.0,4110.0,4012.0,4092.6,25098850,4501.8,3683.4,4440.0,3288.1,4024.1,37,3,4024.0,163,6,4023.6,1,1,4023.4,13,1,4023.3,86,2,4024.8,9,2,4024.9,24,4,4025.0,31,2,4025.1,25,3,4025.2,30,2
11483,2026-07-02 13:07:38+05:30,4024.1,2,4038.27,1340958,155405.0,168251.0,4100.0,4110.0,4012.0,4092.6,25098850,4501.8,3683.4,4440.0,3288.1,4024.1,37,3,4024.0,163,6,4023.6,1,1,4023.4,13,1,4023.3,86,2,4024.8,9,2,4024.9,24,4,4025.0,31,2,4025.1,25,3,4025.2,30,2
11483,2026-07-02 13:07:38+05:30,4024.1,1,4038.27,1340966,155365.0,168120.0,4100.0,4110.0,4012.0,4092.6,25098850,4501.8,3683.4,4440.0,3288.1,4024.1,32,2,4024.0,163,6,4023.6,1,1,4023.4,13,1,4023.3,86,2,4024.8,1,1,4024.9,33,4,4025.0,31,2,4025.1,10,2,4025.2,30,2
11483,2026-07-02 13:07:39+05:30,4025.0,2,4038.27,1340966,155365.0,168120.0,4100.0,4110.0,4012.0,4092.6,25098850,4501.8,3683.4,4440.0,3288.1,4024.1,32,2,4024.0,163,6,4023.6,1,1,4023.4,13,1,4023.3,86,2,4024.8,1,1,4024.9,33,4,4025.0,31,2,4025.1,10,2,4025.2,30,2
11483,2026-07-02 13:07:39+05:30,4025.0,2,4038.27,1341072,155326.0,168403.0,4100.0,4110.0,4012.0,4092.6,25098850,4501.8,3683.4,4440.0,3288.1,4024.4,1,1,4024.1,31,2,4024.0,163,6,4023.6,1,1,4023.4,13,1,4025.0,53,4,4025.2,45,3,4025.3,3,1,4025.4,34,4,4025.5,62,4
11483,2026-07-02 13:07:40+05:30,4024.4,5,4038.27,1341072,155326.0,168403.0,4100.0,4110.0,4012.0,4092.6,25098850,4501.8,3683.4,4440.0,3288.1,4024.4,1,1,4024.1,31,2,4024.0,163,6,4023.6,1,1,4023.4,13,1,4025.0,53,4,4025.2,45,3,4025.3,3,1,4025.4,34,4,4025.5,62,4
11483,2026-07-02 13:07:40+05:30,4025.0,7,4038.27,1341133,155148.0,168575.0,4100.0,4110.0,4012.0,4092.6,25098850,4501.8,3683.4,4440.0,3288.1,4024.1,31,2,4024.0,163,6,4023.6,1,1,4023.3,62,1,4023.2,2,1,4025.0,42,3,4025.1,10,1,4025.2,187,4,4025.3,3,1,4025.4,82,6
11483,2026-07-02 13:07:41+05:30,4024.1,7,4038.27,1341133,155148.0,168575.0,4100.0,4110.0,4012.0,4092.6,25098850,4501.8,3683.4,4440.0,3288.1,4024.1,31,2,4024.0,163,6,4023.6,1,1,4023.3,62,1,4023.2,2,1,4025.0,42,3,4025.1,10,1,4025.2,187,4,4025.3,3,1,4025.4,82,6
11483,2026-07-02 13:07:41+05:30,4024.1,7,4038.27,1341140,155213.0,168553.0,4100.0,4110.0,4012.0,4092.6,25098850,4501.8,3683.4,4440.0,3288.1,4024.2,1,1,4024.1,24,2,4024.0,163,6,4023.6,1,1,4023.3,62,1,4025.0,42,3,4025.1,11,2,4025.2,187,4,4025.3,3,1,4025.4,82,6
11483,2026-07-02 13:07:42+05:30,4024.2,1,4038.27,1341140,155213.0,168553.0,4100.0,4110.0,4012.0,4092.6,25098850,4501.8,3683.4,4440.0,3288.1,4024.2,1,1,4024.1,24,2,4024.0,163,6,4023.6,1,1,4023.3,62,1,4025.0,42,3,4025.1,11,2,4025.2,187,4,4025.3,3,1,4025.4,82,6
11483,2026-07-02 13:07:42+05:30,4024.2,1,4038.27,1341141,155182.0,168587.0,4100.0,4110.0,4012.0,4092.6,25098850,4501.8,3683.4,4440.0,3288.1,4024.1,24,2,4024.0,163,6,4023.6,1,1,4023.3,62,1,4023.2,2,1,4025.0,44,4,4025.1,11,2,4025.2,187,4,4025.3,3,1,4025.4,82,6
11483,2026-07-02 13:07:43+05:30,4024.1,1,4038.27,1341141,155182.0,168587.0,4100.0,4110.0,4012.0,4092.6,25098850,4501.8,3683.4,4440.0,3288.1,4024.1,24,2,4024.0,163,6,4023.6,1,1,4023.3,62,1,4023.2,2,1,4025.0,44,4,4025.1,11,2,4025.2,187,4,4025.3,3,1,4025.4,82,6
11483,2026-07-02 13:07:43+05:30,4024.1,1,4038.27,1341142,155517.0,167906.0,4100.0,4110.0,4012.0,4092.6,25098850,4501.8,3683.4,4440.0,3288.1,4024.8,6,1,4024.1,23,2,4024.0,163,6,4023.7,13,1,4023.6,1,1,4025.0,20,2,4025.1,28,3,4025.2,176,2,4025.3,3,1,4025.4,17,2
11483,2026-07-02 13:07:44+05:30,4024.8,1,4038.27,1341142,155517.0,167906.0,4100.0,4110.0,4012.0,4092.6,25098850,4501.8,3683.4,4440.0,3288.1,4024.8,6,1,4024.1,23,2,4024.0,163,6,4023.7,13,1,4023.6,1,1,4025.0,20,2,4025.1,28,3,4025.2,176,2,4025.3,3,1,4025.4,17,2
11483,2026-07-02 13:07:44+05:30,4024.8,1,4038.27,1341143,155506.0,167957.0,4100.0,4110.0,4012.0,4092.6,25098850,4501.8,3683.4,4440.0,3288.1,4024.8,5,1,4024.2,5,1,4024.1,23,2,4024.0,164,7,4023.7,13,1,4025.0,20,2,4025.1,10,1,4025.2,1,1,4025.3,3,1,4025.4,23,3
11483,2026-07-02 13:07:45+05:30,4025.0,3,4038.27,1341149,155494.0,167960.0,4100.0,4110.0,4012.0,4092.6,25098850,4501.8,3683.4,4440.0,3288.1,4024.8,4,1,4024.2,5,1,4024.1,23,2,4024.0,164,7,4023.7,13,1,4025.0,15,2,4025.1,10,1,4025.2,1,1,4025.3,3,1,4025.4,23,3
11483,2026-07-02 13:07:46+05:30,4025.0,7,4038.27,1341149,155494.0,167960.0,4100.0,4110.0,4012.0,4092.6,25098850,4501.8,3683.4,4440.0,3288.1,4024.8,4,1,4024.2,5,1,4024.1,23,2,4024.0,164,7,4023.7,13,1,4025.0,15,2,4025.1,10,1,4025.2,1,1,4025.3,3,1,4025.4,23,3
11483,2026-07-02 13:07:46+05:30,4025.0,7,4038.27,1341156,155494.0,167928.0,4100.0,4110.0,4012.0,4092.6,25098850,4501.8,3683.4,4440.0,3288.1,4024.8,4,1,4024.2,5,1,4024.1,23,2,4024.0,164,7,4023.7,13,1,4025.0,8,2,4025.1,10,1,4025.2,17,2,4025.3,3,1,4025.4,23,3
11483,2026-07-02 13:07:47+05:30,4024.8,1,4038.27,1341156,155494.0,167928.0,4100.0,4110.0,4012.0,4092.6,25098850,4501.8,3683.4,4440.0,3288.1,4024.8,4,1,4024.2,5,1,4024.1,23,2,4024.0,164,7,4023.7,13,1,4025.0,8,2,4025.1,10,1,4025.2,17,2,4025.3,3,1,4025.4,23,3
11483,2026-07-02 13:07:47+05:30,4024.8,1,4038.27,1341158,155533.0,167912.0,4100.0,4110.0,4012.0,4092.6,25098850,4501.8,3683.4,4440.0,3288.1,4024.8,2,1,4024.2,5,1,4024.1,23,2,4024.0,199,8,4023.7,13,1,4025.0,8,2,4025.1,10,1,4025.2,16,1,4025.4,2,1,4025.5,24,1
11483,2026-07-02 13:07:48+05:30,4025.0,39,4038.27,1341158,155533.0,167912.0,4100.0,4110.0,4012.0,4092.6,25098850,4501.8,3683.4,4440.0,3288.1,4024.8,2,1,4024.2,5,1,4024.1,23,2,4024.0,199,8,4023.7,13,1,4025.0,8,2,4025.1,10,1,4025.2,16,1,4025.4,2,1,4025.5,24,1
11483,2026-07-02 13:07:48+05:30,4025.0,39,4038.27,1341206,155675.0,167999.0,4100.0,4110.0,4012.0,4092.6,25098850,4501.8,3683.4,4440.0,3288.1,4024.2,5,1,4024.1,24,3,4024.0,164,7,4023.7,83,2,4023.6,14,2,4025.0,25,1,4025.1,10,1,4025.2,16,1,4025.6,13,1,4025.7,335,2
11483,2026-07-02 13:07:49+05:30,4024.2,1,4038.27,1341206,155675.0,167999.0,4100.0,4110.0,4012.0,4092.6,25098850,4501.8,3683.4,4440.0,3288.1,4024.2,5,1,4024.1,24,3,4024.0,164,7,4023.7,83,2,4023.6,14,2,4025.0,25,1,4025.1,10,1,4025.2,16,1,4025.6,13,1,4025.7,335,2
11483,2026-07-02 13:07:49+05:30,4024.2,1,4038.27,1341212,155387.0,168127.0,4100.0,4110.0,4012.0,4092.6,25098850,4501.8,3683.4,4440.0,3288.1,4024.6,1,1,4024.2,10,1,4024.1,27,4,4024.0,190,8,4023.9,10,1,4025.0,25,1,4025.2,16,1,4025.7,335,2,4025.8,38,2,4025.9,26,2
11483,2026-07-02 13:07:50+05:30,4024.6,1,4038.27,1341212,155387.0,168127.0,4100.0,4110.0,4012.0,4092.6,25098850,4501.8,3683.4,4440.0,3288.1,4024.6,1,1,4024.2,10,1,4024.1,27,4,4024.0,190,8,4023.9,10,1,4025.0,25,1,4025.2,16,1,4025.7,335,2,4025.8,38,2,4025.9,26,2
11483,2026-07-02 13:07:50+05:30,4024.6,1,4038.27,1341213,155413.0,168192.0,4100.0,4110.0,4012.0,4092.6,25098850,4501.8,3683.4,4440.0,3288.1,4024.2,25,3,4024.1,37,4,4024.0,187,8,4023.9,10,1,4023.8,2,1,4025.0,25,1,4025.2,16,1,4025.6,63,2,4025.7,335,2,4025.8,38,2
11483,2026-07-02 13:07:51+05:30,4025.0,1,4038.27,1341213,155413.0,168192.0,4100.0,4110.0,4012.0,4092.6,25098850,4501.8,3683.4,4440.0,3288.1,4024.2,25,3,4024.1,37,4,4024.0,187,8,4023.9,10,1,4023.8,2,1,4025.0,25,1,4025.2,16,1,4025.6,63,2,4025.7,335,2,4025.8,38,2
11483,2026-07-02 13:07:51+05:30,4025.0,1,4038.27,1341214,155607.0,167974.0,4100.0,4110.0,4012.0,4092.6,25098850,4501.8,3683.4,4440.0,3288.1,4024.6,10,3,4024.2,12,2,4024.1,24,3,4024.0,221,9,4023.9,31,2,4025.0,24,1,4025.2,16,1,4025.7,335,2,4025.8,38,2,4026.0,52,6
11483,2026-07-02 13:07:52+05:30,4025.0,2,4038.26,1341631,156377.0,167014.0,4100.0,4110.0,4012.0,4092.6,25098850,4501.8,3683.4,4440.0,3288.1,4024.8,33,3,4024.7,13,2,4024.6,5,3,4024.5,68,3,4024.4,47,2,4025.0,23,1,4025.2,5,1,4026.0,11,2,4026.4,3,1,4026.5,55,3
11483,2026-07-02 13:07:52+05:30,4024.8,10,4038.26,1341631,156377.0,167014.0,4100.0,4110.0,4012.0,4092.6,25098850,4501.8,3683.4,4440.0,3288.1,4024.8,33,3,4024.7,13,2,4024.6,5,3,4024.5,68,3,4024.4,47,2,4025.0,23,1,4025.2,5,1,4026.0,11,2,4026.4,3,1,4026.5,55,3
11483,2026-07-02 13:07:53+05:30,4024.8,1,4038.26,1341680,156238.0,167228.0,4100.0,4110.0,4012.0,4092.6,25098850,4501.8,3683.4,4440.0,3288.1,4024.5,31,4,4024.4,40,2,4024.3,30,3,4024.2,68,4,4024.1,38,3,4024.8,4,1,4025.0,25,2,4025.1,5,1,4025.2,5,1,4026.0,11,2
11483,2026-07-02 13:07:53+05:30,4024.5,6,4038.26,1341680,156238.0,167228.0,4100.0,4110.0,4012.0,4092.6,25098850,4501.8,3683.4,4440.0,3288.1,4024.5,31,4,4024.4,40,2,4024.3,30,3,4024.2,68,4,4024.1,38,3,4024.8,4,1,4025.0,25,2,4025.1,5,1,4025.2,5,1,4026.0,11,2
11483,2026-07-02 13:07:54+05:30,4024.8,1,4038.26,1341702,156359.0,167250.0,4100.0,4110.0,4012.0,4092.6,25098850,4501.8,3683.4,4440.0,3288.1,4024.4,3,1,4024.3,35,4,4024.2,24,2,4024.1,135,6,4024.0,177,10,4025.0,25,2,4025.1,5,1,4025.2,5,1,4026.0,11,2,4026.3,13,1
11483,2026-07-02 13:07:54+05:30,4024.4,3,4038.26,1341702,156359.0,167250.0,4100.0,4110.0,4012.0,4092.6,25098850,4501.8,3683.4,4440.0,3288.1,4024.4,3,1,4024.3,35,4,4024.2,24,2,4024.1,135,6,4024.0,177,10,4025.0,25,2,4025.1,5,1,4025.2,5,1,4026.0,11,2,4026.3,13,1
11483,2026-07-02 13:07:55+05:30,4025.0,2,4038.26,1341757,156354.0,167180.0,4100.0,4110.0,4012.0,4092.6,25098850,4501.8,3683.4,4440.0,3288.1,4024.5,29,4,4024.3,16,2,4024.2,82,5,4024.1,112,5,4024.0,362,12,4025.0,33,3,4025.1,5,1,4025.2,5,1,4026.0,11,2,4026.3,13,1
11483,2026-07-02 13:07:55+05:30,4024.5,7,4038.26,1341757,156354.0,167180.0,4100.0,4110.0,4012.0,4092.6,25098850,4501.8,3683.4,4440.0,3288.1,4024.5,29,4,4024.3,16,2,4024.2,82,5,4024.1,112,5,4024.0,362,12,4025.0,33,3,4025.1,5,1,4025.2,5,1,4026.0,11,2,4026.3,13,1
11483,2026-07-02 13:07:56+05:30,4025.0,1,4038.26,1341766,156351.0,167240.0,4100.0,4110.0,4012.0,4092.6,25098850,4501.8,3683.4,4440.0,3288.1,4024.8,1,1,4024.5,22,4,4024.3,16,2,4024.2,82,5,4024.1,112,5,4025.0,31,3,4025.1,5,1,4025.2,5,1,4026.0,11,2,4026.3,13,1
11483,2026-07-02 13:07:56+05:30,4024.8,1,4038.26,1341766,156351.0,167240.0,4100.0,4110.0,4012.0,4092.6,25098850,4501.8,3683.4,4440.0,3288.1,4024.8,1,1,4024.5,22,4,4024.3,16,2,4024.2,82,5,4024.1,112,5,4025.0,31,3,4025.1,5,1,4025.2,5,1,4026.0,11,2,4026.3,13,1
11483,2026-07-02 13:07:57+05:30,4025.0,1,4038.26,1341766,156351.0,167240.0,4100.0,4110.0,4012.0,4092.6,25098850,4501.8,3683.4,4440.0,3288.1,4024.8,1,1,4024.5,22,4,4024.3,16,2,4024.2,82,5,4024.1,112,5,4025.0,31,3,4025.1,5,1,4025.2,5,1,4026.0,11,2,4026.3,13,1
11483,2026-07-02 13:07:57+05:30,4025.0,1,4038.26,1341799,156418.0,167244.0,4100.0,4110.0,4012.0,4092.6,25098850,4501.8,3683.4,4440.0,3288.1,4024.5,34,5,4024.3,3,1,4024.2,76,5,4024.1,112,5,4024.0,485,14,4025.0,17,1,4025.1,5,1,4025.2,5,1,4026.0,11,2,4026.3,22,2
11483,2026-07-02 13:07:58+05:30,4025.0,56,4038.26,1341876,156185.0,167280.0,4100.0,4110.0,4012.0,4092.6,25098850,4501.8,3683.4,4440.0,3288.1,4024.3,3,1,4024.2,38,3,4024.1,88,4,4024.0,427,12,4023.9,31,2,4025.0,25,1,4025.1,5,1,4025.2,5,1,4025.9,5,1,4026.0,11,2
11483,2026-07-02 13:07:58+05:30,4024.3,3,4038.26,1341876,156185.0,167280.0,4100.0,4110.0,4012.0,4092.6,25098850,4501.8,3683.4,4440.0,3288.1,4024.3,3,1,4024.2,38,3,4024.1,88,4,4024.0,427,12,4023.9,31,2,4025.0,25,1,4025.1,5,1,4025.2,5,1,4025.9,5,1,4026.0,11,2
11483,2026-07-02 13:07:59+05:30,4024.3,6,4038.26,1341885,155945.0,167322.0,4100.0,4110.0,4012.0,4092.6,25098850,4501.8,3683.4,4440.0,3288.1,4024.8,1,1,4024.2,27,4,4024.1,102,4,4024.0,405,11,4023.8,35,1,4025.0,25,1,4025.1,5,1,4025.2,5,1,4025.9,5,1,4026.0,49,3
11483,2026-07-02 13:07:59+05:30,4024.8,1,4038.26,1341885,155945.0,167322.0,4100.0,4110.0,4012.0,4092.6,25098850,4501.8,3683.4,4440.0,3288.1,4024.8,1,1,4024.2,27,4,4024.1,102,4,4024.0,405,11,4023.8,35,1,4025.0,25,1,4025.1,5,1,4025.2,5,1,4025.9,5,1,4026.0,49,3
11483,2026-07-02 13:08:00+05:30,4024.8,1,4038.26,1341887,155989.0,167281.0,4100.0,4110.0,4012.0,4092.6,25098850,4501.8,3683.4,4440.0,3288.1,4024.3,33,4,4024.2,57,5,4024.1,102,4,4024.0,412,11,4023.9,30,1,4025.0,25,1,4025.1,5,1,4025.2,5,1,4026.0,11,2,4026.3,16,2
11483,2026-07-02 13:08:01+05:30,4024.2,6,4038.26,1341887,155989.0,167281.0,4100.0,4110.0,4012.0,4092.6,25098850,4501.8,3683.4,4440.0,3288.1,4024.3,33,4,4024.2,57,5,4024.1,102,4,4024.0,412,11,4023.9,30,1,4025.0,25,1,4025.1,5,1,4025.2,5,1,4026.0,11,2,4026.3,16,2
11483,2026-07-02 13:08:01+05:30,4024.2,6,4038.26,1341952,156029.0,167314.0,4100.0,4110.0,4012.0,4092.6,25098850,4501.8,3683.4,4440.0,3288.1,4024.2,42,5,4024.1,156,6,4024.0,450,13,4023.9,68,2,4023.8,69,2,4025.0,21,2,4025.1,5,1,4025.2,5,1,4026.0,11,2,4026.3,16,2
11483,2026-07-02 13:08:02+05:30,4025.0,1,4038.26,1341952,156029.0,167314.0,4100.0,4110.0,4012.0,4092.6,25098850,4501.8,3683.4,4440.0,3288.1,4024.2,42,5,4024.1,156,6,4024.0,450,13,4023.9,68,2,4023.8,69,2,4025.0,21,2,4025.1,5,1,4025.2,5,1,4026.0,11,2,4026.3,16,2
11483,2026-07-02 13:08:02+05:30,4025.0,1,4038.26,1341961,157750.0,167267.0,4100.0,4110.0,4012.0,4092.6,25098850,4501.8,3683.4,4440.0,3288.1,4024.8,1000,1,4024.2,29,4,4024.1,133,5,4024.0,462,14,4023.9,91,3,4025.0,22,3,4025.1,5,1,4025.2,5,1,4026.0,11,2,4026.4,3,1
11483,2026-07-02 13:08:03+05:30,4024.8,1,4038.26,1341961,157750.0,167267.0,4100.0,4110.0,4012.0,4092.6,25098850,4501.8,3683.4,4440.0,3288.1,4024.8,1000,1,4024.2,29,4,4024.1,133,5,4024.0,462,14,4023.9,91,3,4025.0,22,3,4025.1,5,1,4025.2,5,1,4026.0,11,2,4026.4,3,1
11483,2026-07-02 13:08:03+05:30,4024.8,1,4038.26,1341963,157789.0,167281.0,4100.0,4110.0,4012.0,4092.6,25098850,4501.8,3683.4,4440.0,3288.1,4024.8,999,1,4024.2,29,4,4024.1,133,5,4024.0,462,14,4023.9,91,3,4025.0,21,3,4025.1,5,1,4025.2,5,1,4026.0,11,2,4026.2,6,1
11483,2026-07-02 13:08:04+05:30,4024.8,1,4038.26,1341963,157789.0,167281.0,4100.0,4110.0,4012.0,4092.6,25098850,4501.8,3683.4,4440.0,3288.1,4024.8,999,1,4024.2,29,4,4024.1,133,5,4024.0,462,14,4023.9,91,3,4025.0,21,3,4025.1,5,1,4025.2,5,1,4026.0,11,2,4026.2,6,1
11483,2026-07-02 13:08:04+05:30,4024.8,1,4038.26,1341965,157800.0,167284.0,4100.0,4110.0,4012.0,4092.6,25098850,4501.8,3683.4,4440.0,3288.1,4024.8,998,1,4024.3,12,1,4024.2,29,4,4024.1,133,5,4024.0,462,14,4025.0,19,2,4025.1,5,1,4025.2,5,1,4026.0,11,2,4026.2,6,1
11483,2026-07-02 13:08:05+05:30,4025.0,1,4038.26,1341965,157800.0,167284.0,4100.0,4110.0,4012.0,4092.6,25098850,4501.8,3683.4,4440.0,3288.1,4024.8,998,1,4024.3,12,1,4024.2,29,4,4024.1,133,5,4024.0,462,14,4025.0,19,2,4025.1,5,1,4025.2,5,1,4026.0,11,2,4026.2,6,1
11483,2026-07-02 13:08:05+05:30,4025.0,1,4038.26,1341967,157799.0,167278.0,4100.0,4110.0,4012.0,4092.6,25098850,4501.8,3683.4,4440.0,3288.1,4024.8,997,1,4024.3,12,1,4024.2,29,4,4024.1,133,5,4024.0,462,14,4025.0,18,2,4025.1,5,1,4025.2,5,1,4026.0,11,2,4026.2,6,1
11483,2026-07-02 13:08:06+05:30,4025.0,1,4038.26,1341967,157799.0,167278.0,4100.0,4110.0,4012.0,4092.6,25098850,4501.8,3683.4,4440.0,3288.1,4024.8,997,1,4024.3,12,1,4024.2,29,4,4024.1,133,5,4024.0,462,14,4025.0,18,2,4025.1,5,1,4025.2,5,1,4026.0,11,2,4026.2,6,1
11483,2026-07-02 13:08:06+05:30,4025.0,8,4038.26,1341967,157799.0,167278.0,4100.0,4110.0,4012.0,4092.6,25098850,4501.8,3683.4,4440.0,3288.1,4024.8,997,1,4024.3,12,1,4024.2,29,4,4024.1,133,5,4024.0,462,14,4025.0,18,2,4025.1,5,1,4025.2,5,1,4026.0,11,2,4026.2,6,1
11483,2026-07-02 13:08:06+05:30,4025.0,1,4038.26,1341977,157907.0,167271.0,4100.0,4110.0,4012.0,4092.6,25098850,4501.8,3683.4,4440.0,3288.1,4024.8,997,1,4024.3,12,1,4024.2,29,4,4024.1,133,5,4024.0,462,14,4025.0,8,2,4025.1,5,1,4025.2,5,1,4026.0,11,2,4026.2,6,1
11483,2026-07-02 13:08:07+05:30,4025.0,1,4038.26,1341977,157907.0,167271.0,4100.0,4110.0,4012.0,4092.6,25098850,4501.8,3683.4,4440.0,3288.1,4024.8,997,1,4024.3,12,1,4024.2,29,4,4024.1,133,5,4024.0,462,14,4025.0,8,2,4025.1,5,1,4025.2,5,1,4026.0,11,2,4026.2,6,1
11483,2026-07-02 13:08:07+05:30,4025.0,1,4038.26,1341977,157907.0,167271.0,4100.0,4110.0,4012.0,4092.6,25098850,4501.8,3683.4,4440.0,3288.1,4024.8,997,1,4024.3,12,1,4024.2,29,4,4024.1,133,5,4024.0,462,14,4025.0,8,2,4025.1,5,1,4025.2,5,1,4026.0,11,2,4026.2,6,1
11483,2026-07-02 13:08:07+05:30,4025.0,1,4038.26,1341980,157511.0,168137.0,4100.0,4110.0,4012.0,4092.6,25098850,4501.8,3683.4,4440.0,3288.1,4024.8,996,1,4024.3,12,1,4024.2,10,1,4024.1,95,4,4024.0,416,11,4025.0,6,2,4025.1,5,1,4025.2,5,1,4025.5,15,1,4025.7,160,1
11483,2026-07-02 13:08:08+05:30,4025.0,1,4038.26,1341980,157511.0,168137.0,4100.0,4110.0,4012.0,4092.6,25098850,4501.8,3683.4,4440.0,3288.1,4024.8,996,1,4024.3,12,1,4024.2,10,1,4024.1,95,4,4024.0,416,11,4025.0,6,2,4025.1,5,1,4025.2,5,1,4025.5,15,1,4025.7,160,1
11483,2026-07-02 13:08:08+05:30,4024.8,1,4038.26,1341980,157511.0,168137.0,4100.0,4110.0,4012.0,4092.6,25098850,4501.8,3683.4,4440.0,3288.1,4024.8,996,1,4024.3,12,1,4024.2,10,1,4024.1,95,4,4024.0,416,11,4025.0,6,2,4025.1,5,1,4025.2,5,1,4025.5,15,1,4025.7,160,1
11483,2026-07-02 13:08:08+05:30,4024.8,1,4038.26,1341980,157511.0,168137.0,4100.0,4110.0,4012.0,4092.6,25098850,4501.8,3683.4,4440.0,3288.1,4024.8,996,1,4024.3,12,1,4024.2,10,1,4024.1,95,4,4024.0,416,11,4025.0,6,2,4025.1,5,1,4025.2,5,1,4025.5,15,1,4025.7,160,1
11483,2026-07-02 13:08:08+05:30,4024.8,1,4038.26,1341982,157567.0,168265.0,4100.0,4110.0,4012.0,4092.6,25098850,4501.8,3683.4,4440.0,3288.1,4024.8,995,1,4024.3,12,1,4024.2,10,1,4024.1,95,4,4024.0,416,11,4025.0,5,2,4025.1,20,2,4025.2,5,1,4025.4,15,1,4025.7,335,2
11483,2026-07-02 13:08:09+05:30,4024.8,1,4038.26,1341982,157567.0,168265.0,4100.0,4110.0,4012.0,4092.6,25098850,4501.8,3683.4,4440.0,3288.1,4024.8,995,1,4024.3,12,1,4024.2,10,1,4024.1,95,4,4024.0,416,11,4025.0,5,2,4025.1,20,2,4025.2,5,1,4025.4,15,1,4025.7,335,2
11483,2026-07-02 13:08:09+05:30,4024.9,1,4038.26,1341982,157567.0,168265.0,4100.0,4110.0,4012.0,4092.6,25098850,4501.8,3683.4,4440.0,3288.1,4024.8,995,1,4024.3,12,1,4024.2,10,1,4024.1,95,4,4024.0,416,11,4025.0,5,2,4025.1,20,2,4025.2,5,1,4025.4,15,1,4025.7,335,2
11483,2026-07-02 13:08:09+05:30,4024.9,1,4038.26,1341982,157567.0,168265.0,4100.0,4110.0,4012.0,4092.6,25098850,4501.8,3683.4,4440.0,3288.1,4024.8,995,1,4024.3,12,1,4024.2,10,1,4024.1,95,4,4024.0,416,11,4025.0,5,2,4025.1,20,2,4025.2,5,1,4025.4,15,1,4025.7,335,2
11483,2026-07-02 13:08:09+05:30,4024.9,1,4038.26,1341985,157458.0,168266.0,4100.0,4110.0,4012.0,4092.6,25098850,4501.8,3683.4,4440.0,3288.1,4024.9,1,1,4024.8,995,1,4024.3,12,1,4024.2,10,1,4024.1,64,3,4025.0,3,2,4025.1,20,2,4025.2,5,1,4025.4,17,2,4025.7,335,2
11483,2026-07-02 13:08:09+05:30,4024.9,1,4038.26,1341985,157458.0,168266.0,4100.0,4110.0,4012.0,4092.6,25098850,4501.8,3683.4,4440.0,3288.1,4024.9,1,1,4024.8,995,1,4024.3,12,1,4024.2,10,1,4024.1,64,3,4025.0,3,2,4025.1,20,2,4025.2,5,1,4025.4,17,2,4025.7,335,2
11483,2026-07-02 13:08:10+05:30,4024.9,1,4038.26,1341985,157458.0,168266.0,4100.0,4110.0,4012.0,4092.6,25101825,4501.8,3683.4,4440.0,3288.1,4024.9,1,1,4024.8,995,1,4024.3,12,1,4024.2,10,1,4024.1,64,3,4025.0,3,2,4025.1,20,2,4025.2,5,1,4025.4,17,2,4025.7,335,2
11483,2026-07-02 13:08:10+05:30,4025.0,3,4038.26,1341985,157458.0,168266.0,4100.0,4110.0,4012.0,4092.6,25101825,4501.8,3683.4,4440.0,3288.1,4024.9,1,1,4024.8,995,1,4024.3,12,1,4024.2,10,1,4024.1,64,3,4025.0,3,2,4025.1,20,2,4025.2,5,1,4025.4,17,2,4025.7,335,2
11483,2026-07-02 13:08:10+05:30,4025.0,3,4038.26,1341992,157509.0,168330.0,4100.0,4110.0,4012.0,4092.6,25101825,4501.8,3683.4,4440.0,3288.1,4024.8,1010,3,4024.2,10,1,4024.1,64,3,4024.0,416,11,4023.9,38,1,4025.0,22,1,4025.1,5,1,4025.2,5,1,4025.6,36,1,4025.7,335,2
11483,2026-07-02 13:08:10+05:30,4025.0,3,4038.26,1341992,157509.0,168330.0,4100.0,4110.0,4012.0,4092.6,25101825,4501.8,3683.4,4440.0,3288.1,4024.8,1010,3,4024.2,10,1,4024.1,64,3,4024.0,416,11,4023.9,38,1,4025.0,22,1,4025.1,5,1,4025.2,5,1,4025.6,36,1,4025.7,335,2
11483,2026-07-02 13:08:11+05:30,4025.0,3,4038.26,1341992,157509.0,168330.0,4100.0,4110.0,4012.0,4092.6,25101825,4501.8,3683.4,4440.0,3288.1,4024.8,1010,3,4024.2,10,1,4024.1,64,3,4024.0,416,11,4023.9,38,1,4025.0,22,1,4025.1,5,1,4025.2,5,1,4025.6,36,1,4025.7,335,2
11483,2026-07-02 13:08:11+05:30,4025.0,4,4038.26,1341992,157509.0,168330.0,4100.0,4110.0,4012.0,4092.6,25101825,4501.8,3683.4,4440.0,3288.1,4024.8,1010,3,4024.2,10,1,4024.1,64,3,4024.0,416,11,4023.9,38,1,4025.0,22,1,4025.1,5,1,4025.2,5,1,4025.6,36,1,4025.7,335,2
11483,2026-07-02 13:08:11+05:30,4025.0,4,4038.26,1341992,157509.0,168330.0,4100.0,4110.0,4012.0,4092.6,25101825,4501.8,3683.4,4440.0,3288.1,4024.8,1010,3,4024.2,10,1,4024.1,64,3,4024.0,416,11,4023.9,38,1,4025.0,22,1,4025.1,5,1,4025.2,5,1,4025.6,36,1,4025.7,335,2
11483,2026-07-02 13:08:11+05:30,4025.0,4,4038.26,1341999,157510.0,168330.0,4100.0,4110.0,4012.0,4092.6,25101825,4501.8,3683.4,4440.0,3288.1,4024.8,1010,3,4024.2,10,1,4024.1,64,3,4024.0,416,11,4023.9,38,1,4025.0,18,2,4025.1,5,1,4025.2,5,1,4025.5,2,1,4025.6,36,1
11483,2026-07-02 13:08:12+05:30,4025.0,4,4038.26,1341999,157510.0,168330.0,4100.0,4110.0,4012.0,4092.6,25101825,4501.8,3683.4,4440.0,3288.1,4024.8,1010,3,4024.2,10,1,4024.1,64,3,4024.0,416,11,4023.9,38,1,4025.0,18,2,4025.1,5,1,4025.2,5,1,4025.5,2,1,4025.6,36,1
11483,2026-07-02 13:08:12+05:30,4024.8,1,4038.26,1341999,157510.0,168330.0,4100.0,4110.0,4012.0,4092.6,25101825,4501.8,3683.4,4440.0,3288.1,4024.8,1010,3,4024.2,10,1,4024.1,64,3,4024.0,416,11,4023.9,38,1,4025.0,18,2,4025.1,5,1,4025.2,5,1,4025.5,2,1,4025.6,36,1
11483,2026-07-02 13:08:12+05:30,4024.8,1,4038.26,1342001,157504.0,168329.0,4100.0,4110.0,4012.0,4092.6,25101825,4501.8,3683.4,4440.0,3288.1,4024.8,1009,3,4024.2,10,1,4024.1,64,3,4024.0,416,11,4023.9,38,1,4025.0,17,2,4025.1,5,1,4025.2,5,1,4025.5,2,1,4025.6,36,1
11483,2026-07-02 13:08:13+05:30,4024.8,20,4038.26,1342001,157504.0,168329.0,4100.0,4110.0,4012.0,4092.6,25101825,4501.8,3683.4,4440.0,3288.1,4024.8,1009,3,4024.2,10,1,4024.1,64,3,4024.0,416,11,4023.9,38,1,4025.0,17,2,4025.1,5,1,4025.2,5,1,4025.5,2,1,4025.6,36,1
11483,2026-07-02 13:08:13+05:30,4024.8,20,4038.26,1342022,157494.0,168308.0,4100.0,4110.0,4012.0,4092.6,25101825,4501.8,3683.4,4440.0,3288.1,4024.8,989,3,4024.2,10,1,4024.1,64,3,4024.0,416,11,4023.9,38,1,4025.0,16,2,4025.1,5,1,4025.2,5,1,4025.5,2,1,4025.6,36,1
11483,2026-07-02 13:08:14+05:30,4025.0,2,4038.26,1342022,157494.0,168308.0,4100.0,4110.0,4012.0,4092.6,25101825,4501.8,3683.4,4440.0,3288.1,4024.8,989,3,4024.2,10,1,4024.1,64,3,4024.0,416,11,4023.9,38,1,4025.0,16,2,4025.1,5,1,4025.2,5,1,4025.5,2,1,4025.6,36,1
11483,2026-07-02 13:08:14+05:30,4025.0,2,4038.26,1342048,157494.0,168172.0,4100.0,4110.0,4012.0,4092.6,25101825,4501.8,3683.4,4440.0,3288.1,4024.8,986,3,4024.2,10,1,4024.1,64,3,4024.0,416,11,4023.9,59,2,4025.0,18,1,4025.1,5,1,4025.2,5,1,4025.5,2,1,4025.6,36,1
11483,2026-07-02 13:08:15+05:30,4025.0,2,4038.26,1342048,157494.0,168172.0,4100.0,4110.0,4012.0,4092.6,25101825,4501.8,3683.4,4440.0,3288.1,4024.8,986,3,4024.2,10,1,4024.1,64,3,4024.0,416,11,4023.9,59,2,4025.0,18,1,4025.1,5,1,4025.2,5,1,4025.5,2,1,4025.6,36,1
11483,2026-07-02 13:08:15+05:30,4025.0,2,4038.26,1342054,157679.0,168061.0,4100.0,4110.0,4012.0,4092.6,25101825,4501.8,3683.4,4440.0,3288.1,4024.8,983,3,4024.2,10,1,4024.1,64,3,4024.0,416,11,4023.9,59,2,4025.0,15,1,4025.1,5,1,4025.2,5,1,4025.5,2,1,4025.6,36,1
11483,2026-07-02 13:08:16+05:30,4025.0,1,4038.26,1342054,157679.0,168061.0,4100.0,4110.0,4012.0,4092.6,25101825,4501.8,3683.4,4440.0,3288.1,4024.8,983,3,4024.2,10,1,4024.1,64,3,4024.0,416,11,4023.9,59,2,4025.0,15,1,4025.1,5,1,4025.2,5,1,4025.5,2,1,4025.6,36,1
11483,2026-07-02 13:08:16+05:30,4025.0,1,4038.26,1342062,157694.0,168054.0,4100.0,4110.0,4012.0,4092.6,25101825,4501.8,3683.4,4440.0,3288.1,4024.8,982,3,4024.2,10,1,4024.1,74,4,4024.0,416,11,4023.9,59,2,4025.0,8,1,4025.1,5,1,4025.2,5,1,4025.5,2,1,4025.6,36,1
11483,2026-07-02 13:08:17+05:30,4025.0,2,4038.26,1342062,157694.0,168054.0,4100.0,4110.0,4012.0,4092.6,25101825,4501.8,3683.4,4440.0,3288.1,4024.8,982,3,4024.2,10,1,4024.1,74,4,4024.0,416,11,4023.9,59,2,4025.0,8,1,4025.1,5,1,4025.2,5,1,4025.5,2,1,4025.6,36,1
11483,2026-07-02 13:08:17+05:30,4025.0,2,4038.26,1342066,157679.0,167988.0,4100.0,4110.0,4012.0,4092.6,25101825,4501.8,3683.4,4440.0,3288.1,4024.8,981,3,4024.2,10,1,4024.1,74,4,4024.0,416,11,4023.9,59,2,4025.0,5,1,4025.1,5,1,4025.2,5,1,4025.5,2,1,4025.7,335,2
11483,2026-07-02 13:08:18+05:30,4025.0,1,4038.26,1342066,157679.0,167988.0,4100.0,4110.0,4012.0,4092.6,25101825,4501.8,3683.4,4440.0,3288.1,4024.8,981,3,4024.2,10,1,4024.1,74,4,4024.0,416,11,4023.9,59,2,4025.0,5,1,4025.1,5,1,4025.2,5,1,4025.5,2,1,4025.7,335,2
11483,2026-07-02 13:08:18+05:30,4025.0,1,4038.26,1342067,157696.0,167946.0,4100.0,4110.0,4012.0,4092.6,25101825,4501.8,3683.4,4440.0,3288.1,4024.8,981,3,4024.2,10,1,4024.1,74,4,4024.0,416,11,4023.9,59,2,4025.0,4,1,4025.1,5,1,4025.2,5,1,4025.6,2,1,4025.7,335,2
11483,2026-07-02 13:08:19+05:30,4024.9,1,4038.26,1342069,157701.0,167969.0,4100.0,4110.0,4012.0,4092.6,25101825,4501.8,3683.4,4440.0,3288.1,4024.8,981,3,4024.2,10,1,4024.1,90,5,4024.0,416,11,4023.9,59,2,4025.0,3,1,4025.1,5,1,4025.2,5,1,4025.6,2,1,4025.7,335,2
11483,2026-07-02 13:08:19+05:30,4024.9,1,4038.26,1342069,157701.0,167969.0,4100.0,4110.0,4012.0,4092.6,25101825,4501.8,3683.4,4440.0,3288.1,4024.8,981,3,4024.2,10,1,4024.1,90,5,4024.0,416,11,4023.9,59,2,4025.0,3,1,4025.1,5,1,4025.2,5,1,4025.6,2,1,4025.7,335,2
11483,2026-07-02 13:08:20+05:30,4025.0,15,4038.26,1342069,157701.0,167969.0,4100.0,4110.0,4012.0,4092.6,25101825,4501.8,3683.4,4440.0,3288.1,4024.8,981,3,4024.2,10,1,4024.1,90,5,4024.0,416,11,4023.9,59,2,4025.0,3,1,4025.1,5,1,4025.2,5,1,4025.6,2,1,4025.7,335,2
11483,2026-07-02 13:08:20+05:30,4025.0,15,4038.26,1342101,157659.0,167992.0,4100.0,4110.0,4012.0,4092.6,25101825,4501.8,3683.4,4440.0,3288.1,4024.8,981,3,4024.2,10,1,4024.1,74,4,4024.0,416,11,4023.9,59,2,4025.0,10,1,4025.1,5,1,4025.2,5,1,4025.6,2,1,4025.7,351,3
11483,2026-07-02 13:08:21+05:30,4025.0,1,4038.26,1342101,157659.0,167992.0,4100.0,4110.0,4012.0,4092.6,25101825,4501.8,3683.4,4440.0,3288.1,4024.8,981,3,4024.2,10,1,4024.1,74,4,4024.0,416,11,4023.9,59,2,4025.0,10,1,4025.1,5,1,4025.2,5,1,4025.6,2,1,4025.7,351,3
11483,2026-07-02 13:08:21+05:30,4025.0,1,4038.26,1342107,157657.0,167991.0,4100.0,4110.0,4012.0,4092.6,25101825,4501.8,3683.4,4440.0,3288.1,4024.8,977,3,4024.2,10,1,4024.1,74,4,4024.0,416,11,4023.9,59,2,4025.0,10,2,4025.1,5,1,4025.2,5,1,4025.6,2,1,4025.7,351,3
11483,2026-07-02 13:08:22+05:30,4024.8,80,4038.26,1342107,157657.0,167991.0,4100.0,4110.0,4012.0,4092.6,25101825,4501.8,3683.4,4440.0,3288.1,4024.8,977,3,4024.2,10,1,4024.1,74,4,4024.0,416,11,4023.9,59,2,4025.0,10,2,4025.1,5,1,4025.2,5,1,4025.6,2,1,4025.7,351,3
11483,2026-07-02 13:08:22+05:30,4025.0,1,4038.26,1342190,157554.0,167994.0,4100.0,4110.0,4012.0,4092.6,25101825,4501.8,3683.4,4440.0,3288.1,4024.8,896,3,4024.2,10,1,4024.1,74,4,4024.0,416,11,4023.9,38,1,4025.0,8,2,4025.1,5,1,4025.2,5,1,4025.6,2,1,4025.7,351,3
11483,2026-07-02 13:08:23+05:30,4025.0,1,4038.26,1342190,157554.0,167994.0,4100.0,4110.0,4012.0,4092.6,25101825,4501.8,3683.4,4440.0,3288.1,4024.8,896,3,4024.2,10,1,4024.1,74,4,4024.0,416,11,4023.9,38,1,4025.0,8,2,4025.1,5,1,4025.2,5,1,4025.6,2,1,4025.7,351,3
11483,2026-07-02 13:08:24+05:30,4025.0,2,4038.26,1342205,157568.0,167972.0,4100.0,4110.0,4012.0,4092.6,25101825,4501.8,3683.4,4440.0,3288.1,4024.8,885,3,4024.2,10,1,4024.1,74,4,4024.0,416,11,4023.9,38,1,4025.0,3,2,4025.1,5,1,4025.2,5,1,4025.6,2,1,4025.7,351,3
11483,2026-07-02 13:08:24+05:30,4025.0,1,4038.26,1342205,157568.0,167972.0,4100.0,4110.0,4012.0,4092.6,25101825,4501.8,3683.4,4440.0,3288.1,4024.8,885,3,4024.2,10,1,4024.1,74,4,4024.0,416,11,4023.9,38,1,4025.0,3,2,4025.1,5,1,4025.2,5,1,4025.6,2,1,4025.7,351,3
11483,2026-07-02 13:08:25+05:30,4025.0,10,4038.26,1342220,157570.0,168132.0,4100.0,4110.0,4012.0,4092.6,25101825,4501.8,3683.4,4440.0,3288.1,4024.8,893,4,4024.2,10,1,4024.1,74,4,4024.0,416,11,4023.9,38,1,4025.0,15,1,4025.1,5,1,4025.2,5,1,4025.7,353,4,4025.9,38,1
11483,2026-07-02 13:08:25+05:30,4024.9,79,4038.26,1342220,157570.0,168132.0,4100.0,4110.0,4012.0,4092.6,25101825,4501.8,3683.4,4440.0,3288.1,4024.8,893,4,4024.2,10,1,4024.1,74,4,4024.0,416,11,4023.9,38,1,4025.0,15,1,4025.1,5,1,4025.2,5,1,4025.7,353,4,4025.9,38,1
11483,2026-07-02 13:08:26+05:30,4024.9,7,4038.26,1342310,157707.0,168064.0,4100.0,4110.0,4012.0,4092.6,25101825,4501.8,3683.4,4440.0,3288.1,4024.8,891,4,4024.2,10,1,4024.1,74,4,4024.0,416,11,4023.9,38,1,4024.9,87,1,4025.0,15,1,4025.1,5,1,4025.2,5,1,4025.7,353,4
11483,2026-07-02 13:08:26+05:30,4024.8,11,4038.26,1342310,157707.0,168064.0,4100.0,4110.0,4012.0,4092.6,25101825,4501.8,3683.4,4440.0,3288.1,4024.8,891,4,4024.2,10,1,4024.1,74,4,4024.0,416,11,4023.9,38,1,4024.9,87,1,4025.0,15,1,4025.1,5,1,4025.2,5,1,4025.7,353,4
11483,2026-07-02 13:08:27+05:30,4024.9,1,4038.26,1342332,157702.0,168039.0,4100.0,4110.0,4012.0,4092.6,25101825,4501.8,3683.4,4440.0,3288.1,4024.8,880,4,4024.2,11,2,4024.1,73,3,4024.0,416,11,4023.9,38,1,4024.9,76,1,4025.0,15,1,4025.1,5,1,4025.2,5,1,4025.7,353,4
11483,2026-07-02 13:08:27+05:30,4024.8,2,4038.26,1342332,157702.0,168039.0,4100.0,4110.0,4012.0,4092.6,25101825,4501.8,3683.4,4440.0,3288.1,4024.8,880,4,4024.2,11,2,4024.1,73,3,4024.0,416,11,4023.9,38,1,4024.9,76,1,4025.0,15,1,4025.1,5,1,4025.2,5,1,4025.7,353,4
11483,2026-07-02 13:08:28+05:30,4024.9,1,4038.26,1342337,157695.0,168059.0,4100.0,4110.0,4012.0,4092.6,25101825,4501.8,3683.4,4440.0,3288.1,4024.8,878,4,4024.2,11,2,4024.1,73,3,4024.0,416,11,4023.9,38,1,4024.9,73,1,4025.0,15,1,4025.1,5,1,4025.2,5,1,4025.7,372,5
11483,2026-07-02 13:08:28+05:30,4024.8,1,4038.26,1342337,157695.0,168059.0,4100.0,4110.0,4012.0,4092.6,25101825,4501.8,3683.4,4440.0,3288.1,4024.8,878,4,4024.2,11,2,4024.1,73,3,4024.0,416,11,4023.9,38,1,4024.9,73,1,4025.0,15,1,4025.1,5,1,4025.2,5,1,4025.7,372,5
11483,2026-07-02 13:08:29+05:30,4025.0,36,4038.25,1342447,157736.0,168224.0,4100.0,4110.0,4012.0,4092.6,25101825,4501.8,3683.4,4440.0,3288.1,4024.8,878,5,4024.2,11,2,4024.1,73,3,4024.0,416,11,4023.9,38,1,4025.0,25,1,4025.1,5,1,4025.2,5,1,4025.5,15,1,4025.7,372,5
11483,2026-07-02 13:08:29+05:30,4024.8,13,4038.25,1342447,157736.0,168224.0,4100.0,4110.0,4012.0,4092.6,25101825,4501.8,3683.4,4440.0,3288.1,4024.8,878,5,4024.2,11,2,4024.1,73,3,4024.0,416,11,4023.9,38,1,4025.0,25,1,4025.1,5,1,4025.2,5,1,4025.5,15,1,4025.7,372,5
11483,2026-07-02 13:08:30+05:30,4025.0,10,4038.25,1342474,157654.0,168228.0,4100.0,4110.0,4012.0,4092.6,25101825,4501.8,3683.4,4440.0,3288.1,4024.8,865,5,4024.4,21,1,4024.2,39,3,4024.1,73,3,4024.0,416,11,4025.0,11,1,4025.1,5,1,4025.2,5,1,4025.5,15,1,4025.7,372,5
11483,2026-07-02 13:08:30+05:30,4024.8,4,4038.25,1342474,157654.0,168228.0,4100.0,4110.0,4012.0,4092.6,25101825,4501.8,3683.4,4440.0,3288.1,4024.8,865,5,4024.4,21,1,4024.2,39,3,4024.1,73,3,4024.0,416,11,4025.0,11,1,4025.1,5,1,4025.2,5,1,4025.5,15,1,4025.7,372,5
11483,2026-07-02 13:08:31+05:30,4025.0,1,4038.25,1342485,157650.0,168221.0,4100.0,4110.0,4012.0,4092.6,25101825,4501.8,3683.4,4440.0,3288.1,4024.9,1,1,4024.8,862,6,4024.4,21,1,4024.2,39,3,4024.1,73,3,4025.0,4,1,4025.1,5,1,4025.2,5,1,4025.5,15,1,4025.7,370,4
11483,2026-07-02 13:08:31+05:30,4024.9,1,4038.25,1342485,157650.0,168221.0,4100.0,4110.0,4012.0,4092.6,25101825,4501.8,3683.4,4440.0,3288.1,4024.9,1,1,4024.8,862,6,4024.4,21,1,4024.2,39,3,4024.1,73,3,4025.0,4,1,4025.1,5,1,4025.2,5,1,4025.5,15,1,4025.7,370,4
11483,2026-07-02 13:08:32+05:30,4025.1,2,4038.25,1342518,157766.0,168204.0,4100.0,4110.0,4012.0,4092.6,25101825,4501.8,3683.4,4440.0,3288.1,4024.8,861,6,4024.2,11,2,4024.1,73,3,4024.0,416,11,4023.9,38,1,4025.0,25,1,4025.1,3,1,4025.2,5,1,4025.5,15,1,4025.6,14,1
11483,2026-07-02 13:08:32+05:30,4024.8,4,4038.25,1342518,157766.0,168204.0,4100.0,4110.0,4012.0,4092.6,25101825,4501.8,3683.4,4440.0,3288.1,4024.8,861,6,4024.2,11,2,4024.1,73,3,4024.0,416,11,4023.9,38,1,4025.0,25,1,4025.1,3,1,4025.2,5,1,4025.5,15,1,4025.6,14,1
11483,2026-07-02 13:08:33+05:30,4025.0,1,4038.25,1342523,157755.0,168220.0,4100.0,4110.0,4012.0,4092.6,25101825,4501.8,3683.4,4440.0,3288.1,4024.8,857,6,4024.2,11,2,4024.1,73,3,4024.0,416,11,4023.9,38,1,4025.0,24,1,4025.1,3,1,4025.2,5,1,4025.3,14,1,4025.5,15,1
11483,2026-07-02 13:08:33+05:30,4024.8,1,4038.25,1342523,157755.0,168220.0,4100.0,4110.0,4012.0,4092.6,25101825,4501.8,3683.4,4440.0,3288.1,4024.8,857,6,4024.2,11,2,4024.1,73,3,4024.0,416,11,4023.9,38,1,4025.0,24,1,4025.1,3,1,4025.2,5,1,4025.3,14,1,4025.5,15,1
11483,2026-07-02 13:08:33+05:30,4025.0,1,4038.25,1342525,157730.0,168225.0,4100.0,4110.0,4012.0,4092.6,25101825,4501.8,3683.4,4440.0,3288.1,4024.8,856,6,4024.2,11,2,4024.1,73,3,4024.0,416,11,4023.9,38,1,4025.0,29,2,4025.1,3,1,4025.2,5,1,4025.3,14,1,4025.5,15,1
11483,2026-07-02 13:08:34+05:30,4025.0,1,4038.25,1342525,157730.0,168225.0,4100.0,4110.0,4012.0,4092.6,25101825,4501.8,3683.4,4440.0,3288.1,4024.8,856,6,4024.2,11,2,4024.1,73,3,4024.0,416,11,4023.9,38,1,4025.0,29,2,4025.1,3,1,4025.2,5,1,4025.3,14,1,4025.5,15,1
11483,2026-07-02 13:08:34+05:30,4025.0,1,4038.25,1342527,157747.0,168220.0,4100.0,4110.0,4012.0,4092.6,25101825,4501.8,3683.4,4440.0,3288.1,4024.8,855,5,4024.2,11,2,4024.1,73,3,4024.0,416,11,4023.9,56,2,4025.0,27,2,4025.1,3,1,4025.2,5,1,4025.3,14,1,4025.5,15,1
11483,2026-07-02 13:08:35+05:30,4024.8,1,4038.25,1342527,157747.0,168220.0,4100.0,4110.0,4012.0,4092.6,25101825,4501.8,3683.4,4440.0,3288.1,4024.8,855,5,4024.2,11,2,4024.1,73,3,4024.0,416,11,4023.9,56,2,4025.0,27,2,4025.1,3,1,4025.2,5,1,4025.3,14,1,4025.5,15,1
11483,2026-07-02 13:08:36+05:30,4025.0,1,4038.25,1342530,157751.0,168220.0,4100.0,4110.0,4012.0,4092.6,25101825,4501.8,3683.4,4440.0,3288.1,4024.8,853,5,4024.2,11,2,4024.1,73,3,4024.0,416,11,4023.9,56,2,4025.0,26,2,4025.1,3,1,4025.2,5,1,4025.3,14,1,4025.5,15,1
11483,2026-07-02 13:08:36+05:30,4024.8,1,4038.25,1342530,157751.0,168220.0,4100.0,4110.0,4012.0,4092.6,25101825,4501.8,3683.4,4440.0,3288.1,4024.8,853,5,4024.2,11,2,4024.1,73,3,4024.0,416,11,4023.9,56,2,4025.0,26,2,4025.1,3,1,4025.2,5,1,4025.3,14,1,4025.5,15,1
11483,2026-07-02 13:08:37+05:30,4025.0,4,4038.25,1342535,157758.0,168217.0,4100.0,4110.0,4012.0,4092.6,25101825,4501.8,3683.4,4440.0,3288.1,4024.8,852,5,4024.2,11,2,4024.1,73,3,4024.0,416,11,4023.9,56,2,4025.0,22,2,4025.1,3,1,4025.2,5,1,4025.3,14,1,4025.5,15,1
11483,2026-07-02 13:08:37+05:30,4024.8,1,4038.25,1342535,157758.0,168217.0,4100.0,4110.0,4012.0,4092.6,25101825,4501.8,3683.4,4440.0,3288.1,4024.8,852,5,4024.2,11,2,4024.1,73,3,4024.0,416,11,4023.9,56,2,4025.0,22,2,4025.1,3,1,4025.2,5,1,4025.3,14,1,4025.5,15,1
11483,2026-07-02 13:08:38+05:30,4024.8,1,4038.25,1342538,157877.0,168229.0,4100.0,4110.0,4012.0,4092.6,25101825,4501.8,3683.4,4440.0,3288.1,4024.8,851,6,4024.2,14,3,4024.1,73,3,4024.0,416,11,4023.9,56,2,4025.0,22,2,4025.1,3,1,4025.2,5,1,4025.5,15,1,4025.7,368,4
11483,2026-07-02 13:08:38+05:30,4024.8,1,4038.25,1342538,157877.0,168229.0,4100.0,4110.0,4012.0,4092.6,25101825,4501.8,3683.4,4440.0,3288.1,4024.8,851,6,4024.2,14,3,4024.1,73,3,4024.0,416,11,4023.9,56,2,4025.0,22,2,4025.1,3,1,4025.2,5,1,4025.5,15,1,4025.7,368,4
11483,2026-07-02 13:08:39+05:30,4025.0,1,4038.25,1342685,157904.0,168102.0,4100.0,4110.0,4012.0,4092.6,25101825,4501.8,3683.4,4440.0,3288.1,4024.9,1,1,4024.8,850,6,4024.2,42,4,4024.1,111,4,4024.0,488,15,4025.0,14,1,4025.1,3,1,4025.2,5,1,4025.5,15,1,4025.7,368,4
11483,2026-07-02 13:08:39+05:30,4024.9,1,4038.25,1342685,157904.0,168102.0,4100.0,4110.0,4012.0,4092.6,25101825,4501.8,3683.4,4440.0,3288.1,4024.9,1,1,4024.8,850,6,4024.2,42,4,4024.1,111,4,4024.0,488,15,4025.0,14,1,4025.1,3,1,4025.2,5,1,4025.5,15,1,4025.7,368,4
11483,2026-07-02 13:08:40+05:30,4024.9,1,4038.25,1343214,157597.0,167598.0,4100.0,4110.0,4012.0,4092.6,25101825,4501.8,3683.4,4440.0,3288.1,4024.8,324,6,4024.2,42,4,4024.1,111,4,4024.0,514,18,4023.9,73,2,4024.9,1,1,4025.0,14,1,4025.1,3,1,4025.2,5,1,4025.5,15,1
11483,2026-07-02 13:08:40+05:30,4025.0,10,4038.25,1343214,157597.0,167598.0,4100.0,4110.0,4012.0,4092.6,25101825,4501.8,3683.4,4440.0,3288.1,4024.8,324,6,4024.2,42,4,4024.1,111,4,4024.0,514,18,4023.9,73,2,4024.9,1,1,4025.0,14,1,4025.1,3,1,4025.2,5,1,4025.5,15,1
11483,2026-07-02 13:08:41+05:30,4025.0,1,4038.24,1343790,157825.0,167433.0,4100.0,4110.0,4012.0,4092.6,25101825,4501.8,3683.4,4440.0,3288.1,4024.8,259,6,4024.2,14,3,4024.1,111,4,4024.0,514,18,4023.9,55,2,4025.0,14,1,4025.1,3,1,4025.2,5,1,4025.5,15,1,4025.7,19,1
11483,2026-07-02 13:08:41+05:30,4024.8,1,4038.24,1343790,157825.0,167433.0,4100.0,4110.0,4012.0,4092.6,25101825,4501.8,3683.4,4440.0,3288.1,4024.8,259,6,4024.2,14,3,4024.1,111,4,4024.0,514,18,4023.9,55,2,4025.0,14,1,4025.1,3,1,4025.2,5,1,4025.5,15,1,4025.7,19,1
11483,2026-07-02 13:08:42+05:30,4024.8,1,4038.24,1343860,157755.0,167485.0,4100.0,4110.0,4012.0,4092.6,25101825,4501.8,3683.4,4440.0,3288.1,4024.8,189,6,4024.2,14,3,4024.1,111,4,4024.0,514,18,4023.9,55,2,4025.0,16,2,4025.1,3,1,4025.2,5,1,4025.5,15,1,4025.7,19,1
11483,2026-07-02 13:08:42+05:30,4024.8,1,4038.24,1343860,157755.0,167485.0,4100.0,4110.0,4012.0,4092.6,25101825,4501.8,3683.4,4440.0,3288.1,4024.8,189,6,4024.2,14,3,4024.1,111,4,4024.0,514,18,4023.9,55,2,4025.0,16,2,4025.1,3,1,4025.2,5,1,4025.5,15,1,4025.7,19,1
11483,2026-07-02 13:08:43+05:30,4024.8,1,4038.24,1343870,157752.0,167469.0,4100.0,4110.0,4012.0,4092.6,25101825,4501.8,3683.4,4440.0,3288.1,4024.9,2,1,4024.8,177,5,4024.2,14,3,4024.1,73,3,4024.0,492,16,4025.0,16,2,4025.1,3,1,4025.2,5,1,4025.5,15,1,4025.7,19,1
11483,2026-07-02 13:08:43+05:30,4024.9,1,4038.24,1343870,157752.0,167469.0,4100.0,4110.0,4012.0,4092.6,25101825,4501.8,3683.4,4440.0,3288.1,4024.9,2,1,4024.8,177,5,4024.2,14,3,4024.1,73,3,4024.0,492,16,4025.0,16,2,4025.1,3,1,4025.2,5,1,4025.5,15,1,4025.7,19,1
11483,2026-07-02 13:08:44+05:30,4024.9,1,4038.24,1343872,158161.0,167480.0,4100.0,4110.0,4012.0,4092.6,25101825,4501.8,3683.4,4440.0,3288.1,4024.9,2,1,4024.8,177,5,4024.3,17,1,4024.2,14,3,4024.1,73,3,4025.0,16,2,4025.1,3,1,4025.2,5,1,4025.5,15,1,4025.7,19,1
11483,2026-07-02 13:08:44+05:30,4024.9,1,4038.24,1343872,158161.0,167480.0,4100.0,4110.0,4012.0,4092.6,25101825,4501.8,3683.4,4440.0,3288.1,4024.9,2,1,4024.8,177,5,4024.3,17,1,4024.2,14,3,4024.1,73,3,4025.0,16,2,4025.1,3,1,4025.2,5,1,4025.5,15,1,4025.7,19,1
11483,2026-07-02 13:08:44+05:30,4024.9,1,4038.24,1343873,158032.0,167407.0,4100.0,4110.0,4012.0,4092.6,25101825,4501.8,3683.4,4440.0,3288.1,4024.9,19,3,4024.8,165,4,4024.7,10,1,4024.5,44,2,4024.3,41,2,4025.0,16,2,4025.1,3,1,4025.2,5,1,4025.5,15,1,4025.7,19,1
11483,2026-07-02 13:08:45+05:30,4024.9,1,4038.24,1343873,158032.0,167407.0,4100.0,4110.0,4012.0,4092.6,25101825,4501.8,3683.4,4440.0,3288.1,4024.9,19,3,4024.8,165,4,4024.7,10,1,4024.5,44,2,4024.3,41,2,4025.0,16,2,4025.1,3,1,4025.2,5,1,4025.5,15,1,4025.7,19,1
11483,2026-07-02 13:08:45+05:30,4025.0,3,4038.24,1343880,158166.0,167426.0,4100.0,4110.0,4012.0,4092.6,25101825,4501.8,3683.4,4440.0,3288.1,4024.9,19,3,4024.8,165,4,4024.5,27,1,4024.3,41,2,4024.2,41,4,4025.0,11,2,4025.1,3,1,4025.2,5,1,4025.5,15,1,4025.7,19,1
11483,2026-07-02 13:08:46+05:30,4024.9,1,4038.24,1343880,158166.0,167426.0,4100.0,4110.0,4012.0,4092.6,25101825,4501.8,3683.4,4440.0,3288.1,4024.9,19,3,4024.8,165,4,4024.5,27,1,4024.3,41,2,4024.2,41,4,4025.0,11,2,4025.1,3,1,4025.2,5,1,4025.5,15,1,4025.7,19,1
11483,2026-07-02 13:08:46+05:30,4024.9,1,4038.24,1343889,158138.0,167409.0,4100.0,4110.0,4012.0,4092.6,25101825,4501.8,3683.4,4440.0,3288.1,4024.9,17,3,4024.8,165,4,4024.5,27,1,4024.3,41,2,4024.2,41,4,4025.0,4,2,4025.1,3,1,4025.2,5,1,4025.5,15,1,4025.6,25,1
11483,2026-07-02 13:08:47+05:30,4024.9,1,4038.24,1343889,158138.0,167409.0,4100.0,4110.0,4012.0,4092.6,25101825,4501.8,3683.4,4440.0,3288.1,4024.9,17,3,4024.8,165,4,4024.5,27,1,4024.3,41,2,4024.2,41,4,4025.0,4,2,4025.1,3,1,4025.2,5,1,4025.5,15,1,4025.6,25,1
11483,2026-07-02 13:08:47+05:30,4024.8,11,4038.24,1343913,158201.0,167477.0,4100.0,4110.0,4012.0,4092.6,25101825,4501.8,3683.4,4440.0,3288.1,4024.8,166,5,4024.5,27,1,4024.2,14,3,4024.1,111,4,4024.0,494,16,4025.0,29,3,4025.1,3,1,4025.2,5,1,4025.5,15,1,4025.6,25,1
11483,2026-07-02 13:08:48+05:30,4024.8,1,4038.24,1343913,158201.0,167477.0,4100.0,4110.0,4012.0,4092.6,25101825,4501.8,3683.4,4440.0,3288.1,4024.8,166,5,4024.5,27,1,4024.2,14,3,4024.1,111,4,4024.0,494,16,4025.0,29,3,4025.1,3,1,4025.2,5,1,4025.5,15,1,4025.6,25,1
11483,2026-07-02 13:08:49+05:30,4025.0,1,4038.24,1343918,158208.0,167473.0,4100.0,4110.0,4012.0,4092.6,25101825,4501.8,3683.4,4440.0,3288.1,4024.9,1,1,4024.8,162,5,4024.5,27,1,4024.3,16,1,4024.2,14,3,4025.0,28,3,4025.1,3,1,4025.2,5,1,4025.5,15,1,4025.6,25,1
11483,2026-07-02 13:08:49+05:30,4024.9,1,4038.24,1343918,158208.0,167473.0,4100.0,4110.0,4012.0,4092.6,25101825,4501.8,3683.4,4440.0,3288.1,4024.9,1,1,4024.8,162,5,4024.5,27,1,4024.3,16,1,4024.2,14,3,4025.0,28,3,4025.1,3,1,4025.2,5,1,4025.5,15,1,4025.6,25,1
11483,2026-07-02 13:08:50+05:30,4024.9,1,4038.24,1343919,158201.0,167402.0,4100.0,4110.0,4012.0,4092.6,25101825,4501.8,3683.4,4440.0,3288.1,4024.8,162,5,4024.5,27,1,4024.3,16,1,4024.2,14,3,4024.1,111,4,4024.9,1,1,4025.0,28,3,4025.1,3,1,4025.2,5,1,4025.5,15,1
11483,2026-07-02 13:08:50+05:30,4024.8,1,4038.24,1343919,158201.0,167402.0,4100.0,4110.0,4012.0,4092.6,25101825,4501.8,3683.4,4440.0,3288.1,4024.8,162,5,4024.5,27,1,4024.3,16,1,4024.2,14,3,4024.1,111,4,4024.9,1,1,4025.0,28,3,4025.1,3,1,4025.2,5,1,4025.5,15,1
11483,2026-07-02 13:08:51+05:30,4024.8,1,4038.24,1343921,158202.0,167501.0,4100.0,4110.0,4012.0,4092.6,25101825,4501.8,3683.4,4440.0,3288.1,4024.8,161,6,4024.5,27,1,4024.2,14,3,4024.1,111,4,4024.0,459,15,4024.9,2,2,4025.0,27,2,4025.1,3,1,4025.2,5,1,4025.5,15,1
11483,2026-07-02 13:08:51+05:30,4024.8,1,4038.24,1343921,158202.0,167501.0,4100.0,4110.0,4012.0,4092.6,25101825,4501.8,3683.4,4440.0,3288.1,4024.8,161,6,4024.5,27,1,4024.2,14,3,4024.1,111,4,4024.0,459,15,4024.9,2,2,4025.0,27,2,4025.1,3,1,4025.2,5,1,4025.5,15,1
11483,2026-07-02 13:08:52+05:30,4024.8,1,4038.24,1343922,157965.0,167490.0,4100.0,4110.0,4012.0,4092.6,25101825,4501.8,3683.4,4440.0,3288.1,4024.8,148,5,4024.5,27,1,4024.2,14,3,4024.1,73,3,4024.0,459,15,4024.9,2,2,4025.0,27,2,4025.1,3,1,4025.2,5,1,4025.5,15,1
11483,2026-07-02 13:08:52+05:30,4024.8,1,4038.24,1343922,157965.0,167490.0,4100.0,4110.0,4012.0,4092.6,25101825,4501.8,3683.4,4440.0,3288.1,4024.8,148,5,4024.5,27,1,4024.2,14,3,4024.1,73,3,4024.0,459,15,4024.9,2,2,4025.0,27,2,4025.1,3,1,4025.2,5,1,4025.5,15,1
11483,2026-07-02 13:08:53+05:30,4024.8,1,4038.24,1343924,158076.0,167504.0,4100.0,4110.0,4012.0,4092.6,25101825,4501.8,3683.4,4440.0,3288.1,4024.8,146,5,4024.5,27,1,4024.2,14,3,4024.1,73,3,4024.0,459,15,4024.9,2,2,4025.0,27,2,4025.1,3,1,4025.2,5,1,4025.5,15,1
11483,2026-07-02 13:08:53+05:30,4024.8,1,4038.24,1343924,158076.0,167504.0,4100.0,4110.0,4012.0,4092.6,25101825,4501.8,3683.4,4440.0,3288.1,4024.8,146,5,4024.5,27,1,4024.2,14,3,4024.1,73,3,4024.0,459,15,4024.9,2,2,4025.0,27,2,4025.1,3,1,4025.2,5,1,4025.5,15,1
11483,2026-07-02 13:08:54+05:30,4024.8,1,4038.24,1344030,158133.0,167426.0,4100.0,4110.0,4012.0,4092.6,25101825,4501.8,3683.4,4440.0,3288.1,4024.8,156,6,4024.5,27,1,4024.2,14,3,4024.1,111,4,4024.0,459,15,4025.0,18,1,4025.2,5,1,4025.5,15,1,4025.6,25,1,4025.7,34,2
11483,2026-07-02 13:08:54+05:30,4024.8,12,4038.24,1344030,158133.0,167426.0,4100.0,4110.0,4012.0,4092.6,25101825,4501.8,3683.4,4440.0,3288.1,4024.8,156,6,4024.5,27,1,4024.2,14,3,4024.1,111,4,4024.0,459,15,4025.0,18,1,4025.2,5,1,4025.5,15,1,4025.6,25,1,4025.7,34,2
11483,2026-07-02 13:08:55+05:30,4024.9,1,4038.24,1344046,158109.0,167407.0,4100.0,4110.0,4012.0,4092.6,25101825,4501.8,3683.4,4440.0,3288.1,4024.9,7,1,4024.8,144,7,4024.5,27,1,4024.2,13,2,4024.1,111,4,4025.0,17,2,4025.2,5,1,4025.5,15,1,4025.6,25,1,4025.7,34,2
11483,2026-07-02 13:08:55+05:30,4025.0,1,4038.24,1344046,158109.0,167407.0,4100.0,4110.0,4012.0,4092.6,25101825,4501.8,3683.4,4440.0,3288.1,4024.9,7,1,4024.8,144,7,4024.5,27,1,4024.2,13,2,4024.1,111,4,4025.0,17,2,4025.2,5,1,4025.5,15,1,4025.6,25,1,4025.7,34,2
11483,2026-07-02 13:08:56+05:30,4024.9,1,4038.24,1344052,158089.0,167425.0,4100.0,4110.0,4012.0,4092.6,25101825,4501.8,3683.4,4440.0,3288.1,4024.9,4,1,4024.8,143,6,4024.5,27,1,4024.2,13,2,4024.1,111,4,4025.0,14,2,4025.2,5,1,4025.5,15,1,4025.6,25,1,4025.7,34,2
11483,2026-07-02 13:08:56+05:30,4024.9,1,4038.24,1344052,158089.0,167425.0,4100.0,4110.0,4012.0,4092.6,25101825,4501.8,3683.4,4440.0,3288.1,4024.9,4,1,4024.8,143,6,4024.5,27,1,4024.2,13,2,4024.1,111,4,4025.0,14,2,4025.2,5,1,4025.5,15,1,4025.6,25,1,4025.7,34,2
11483,2026-07-02 13:08:57+05:30,4025.0,68,4038.24,1344135,158235.0,167409.0,4100.0,4110.0,4012.0,4092.6,25101825,4501.8,3683.4,4440.0,3288.1,4024.9,57,3,4024.8,173,6,4024.6,42,1,4024.5,27,1,4024.4,42,1,4025.0,25,1,4025.2,5,1,4025.5,15,1,4025.6,25,1,4025.7,19,1
11483,2026-07-02 13:08:57+05:30,4025.0,1,4038.24,1344135,158235.0,167409.0,4100.0,4110.0,4012.0,4092.6,25101825,4501.8,3683.4,4440.0,3288.1,4024.9,57,3,4024.8,173,6,4024.6,42,1,4024.5,27,1,4024.4,42,1,4025.0,25,1,4025.2,5,1,4025.5,15,1,4025.6,25,1,4025.7,19,1
11483,2026-07-02 13:08:58+05:30,4025.0,72,4038.24,1344292,158201.0,167409.0,4100.0,4110.0,4012.0,4092.6,25101825,4501.8,3683.4,4440.0,3288.1,4024.9,46,2,4024.8,173,6,4024.6,42,1,4024.5,27,1,4024.4,100,3,4025.0,11,1,4025.2,5,1,4025.5,15,1,4025.6,25,1,4025.7,19,1
11483,2026-07-02 13:08:58+05:30,4025.0,1,4038.24,1344292,158201.0,167409.0,4100.0,4110.0,4012.0,4092.6,25101825,4501.8,3683.4,4440.0,3288.1,4024.9,46,2,4024.8,173,6,4024.6,42,1,4024.5,27,1,4024.4,100,3,4025.0,11,1,4025.2,5,1,4025.5,15,1,4025.6,25,1,4025.7,19,1
11483,2026-07-02 13:08:59+05:30,4024.9,14,4038.23,1344396,158047.0,167469.0,4100.0,4110.0,4012.0,4092.6,25101825,4501.8,3683.4,4440.0,3288.1,4024.9,14,3,4024.8,175,7,4024.6,42,1,4024.5,27,1,4024.4,42,1,4025.0,25,1,4025.2,5,1,4025.5,15,1,4025.6,25,1,4025.7,19,1
11483,2026-07-02 13:08:59+05:30,4025.0,1,4038.23,1344396,158047.0,167469.0,4100.0,4110.0,4012.0,4092.6,25101825,4501.8,3683.4,4440.0,3288.1,4024.9,14,3,4024.8,175,7,4024.6,42,1,4024.5,27,1,4024.4,42,1,4025.0,25,1,4025.2,5,1,4025.5,15,1,4025.6,25,1,4025.7,19,1
11483,2026-07-02 13:09:00+05:30,4024.9,2,4038.23,1344565,157958.0,167497.0,4100.0,4110.0,4012.0,4092.6,25101825,4501.8,3683.4,4440.0,3288.1,4024.8,187,8,4024.6,42,1,4024.5,65,2,4024.4,42,1,4024.2,42,4,4025.0,25,1,4025.2,5,1,4025.5,15,1,4025.6,25,1,4025.7,19,1
11483,2026-07-02 13:09:00+05:30,4025.0,1,4038.23,1344565,157958.0,167497.0,4100.0,4110.0,4012.0,4092.6,25101825,4501.8,3683.4,4440.0,3288.1,4024.8,187,8,4024.6,42,1,4024.5,65,2,4024.4,42,1,4024.2,42,4,4025.0,25,1,4025.2,5,1,4025.5,15,1,4025.6,25,1,4025.7,19,1
11483,2026-07-02 13:09:01+05:30,4025.0,5,4038.23,1344678,158011.0,167429.0,4100.0,4110.0,4012.0,4092.6,25101825,4501.8,3683.4,4440.0,3288.1,4024.8,167,8,4024.6,42,1,4024.5,27,1,4024.4,42,1,4024.2,15,3,4025.0,17,1,4025.2,5,1,4025.5,15,1,4025.6,25,1,4025.7,19,1
11483,2026-07-02 13:09:01+05:30,4025.0,1,4038.23,1344678,158011.0,167429.0,4100.0,4110.0,4012.0,4092.6,25101825,4501.8,3683.4,4440.0,3288.1,4024.8,167,8,4024.6,42,1,4024.5,27,1,4024.4,42,1,4024.2,15,3,4025.0,17,1,4025.2,5,1,4025.5,15,1,4025.6,25,1,4025.7,19,1
11483,2026-07-02 13:09:02+05:30,4025.0,1,4038.23,1344887,158063.0,167395.0,4100.0,4110.0,4012.0,4092.6,25101825,4501.8,3683.4,4440.0,3288.1,4024.8,153,8,4024.6,42,1,4024.5,27,1,4024.4,78,2,4024.2,15,3,4025.0,24,1,4025.2,5,1,4025.5,15,1,4025.6,25,1,4025.7,19,1
11483,2026-07-02 13:09:02+05:30,4025.0,81,4038.23,1344887,158063.0,167395.0,4100.0,4110.0,4012.0,4092.6,25101825,4501.8,3683.4,4440.0,3288.1,4024.8,153,8,4024.6,42,1,4024.5,27,1,4024.4,78,2,4024.2,15,3,4025.0,24,1,4025.2,5,1,4025.5,15,1,4025.6,25,1,4025.7,19,1
11483,2026-07-02 13:09:03+05:30,4025.0,1,4038.23,1344996,158032.0,167432.0,4100.0,4110.0,4012.0,4092.6,25101825,4501.8,3683.4,4440.0,3288.1,4024.8,128,8,4024.6,42,1,4024.5,27,1,4024.4,78,2,4024.2,15,3,4025.0,24,1,4025.2,5,1,4025.5,15,1,4025.6,25,1,4025.7,19,1
11483,2026-07-02 13:09:03+05:30,4025.0,1,4038.23,1344996,158032.0,167432.0,4100.0,4110.0,4012.0,4092.6,25101825,4501.8,3683.4,4440.0,3288.1,4024.8,128,8,4024.6,42,1,4024.5,27,1,4024.4,78,2,4024.2,15,3,4025.0,24,1,4025.2,5,1,4025.5,15,1,4025.6,25,1,4025.7,19,1
11483,2026-07-02 13:09:04+05:30,4025.0,81,4038.23,1345173,158137.0,167375.0,4100.0,4110.0,4012.0,4092.6,25101825,4501.8,3683.4,4440.0,3288.1,4024.8,115,8,4024.6,42,1,4024.5,27,1,4024.4,78,2,4024.2,15,3,4025.0,1,1,4025.2,5,1,4025.5,15,1,4025.6,25,1,4025.7,19,1
11483,2026-07-02 13:09:04+05:30,4025.0,1,4038.23,1345173,158137.0,167375.0,4100.0,4110.0,4012.0,4092.6,25101825,4501.8,3683.4,4440.0,3288.1,4024.8,115,8,4024.6,42,1,4024.5,27,1,4024.4,78,2,4024.2,15,3,4025.0,1,1,4025.2,5,1,4025.5,15,1,4025.6,25,1,4025.7,19,1
11483,2026-07-02 13:09:05+05:30,4025.0,81,4038.23,1345277,158056.0,167441.0,4100.0,4110.0,4012.0,4092.6,25101825,4501.8,3683.4,4440.0,3288.1,4024.8,93,8,4024.6,42,1,4024.5,27,1,4024.4,128,3,4024.2,15,3,4025.0,25,1,4025.2,5,1,4025.5,15,1,4025.6,25,1,4025.7,19,1
11483,2026-07-02 13:09:05+05:30,4025.0,1,4038.23,1345277,158056.0,167441.0,4100.0,4110.0,4012.0,4092.6,25101825,4501.8,3683.4,4440.0,3288.1,4024.8,93,8,4024.6,42,1,4024.5,27,1,4024.4,128,3,4024.2,15,3,4025.0,25,1,4025.2,5,1,4025.5,15,1,4025.6,25,1,4025.7,19,1
11483,2026-07-02 13:09:06+05:30,4025.0,1,4038.23,1345277,158056.0,167441.0,4100.0,4110.0,4012.0,4092.6,25101825,4501.8,3683.4,4440.0,3288.1,4024.8,93,8,4024.6,42,1,4024.5,27,1,4024.4,128,3,4024.2,15,3,4025.0,25,1,4025.2,5,1,4025.5,15,1,4025.6,25,1,4025.7,19,1
11483,2026-07-02 13:09:06+05:30,4025.0,81,4038.23,1345378,158039.0,167441.0,4100.0,4110.0,4012.0,4092.6,25101825,4501.8,3683.4,4440.0,3288.1,4024.8,81,8,4024.6,42,1,4024.5,27,1,4024.4,128,3,4024.2,15,3,4025.0,25,1,4025.2,5,1,4025.5,15,1,4025.6,25,1,4025.7,19,1
11483,2026-07-02 13:09:06+05:30,4025.0,1,4038.23,1345378,158039.0,167441.0,4100.0,4110.0,4012.0,4092.6,25101825,4501.8,3683.4,4440.0,3288.1,4024.8,81,8,4024.6,42,1,4024.5,27,1,4024.4,128,3,4024.2,15,3,4025.0,25,1,4025.2,5,1,4025.5,15,1,4025.6,25,1,4025.7,19,1
11483,2026-07-02 13:09:06+05:30,4025.0,1,4038.23,1345378,158039.0,167441.0,4100.0,4110.0,4012.0,4092.6,25101825,4501.8,3683.4,4440.0,3288.1,4024.8,81,8,4024.6,42,1,4024.5,27,1,4024.4,128,3,4024.2,15,3,4025.0,25,1,4025.2,5,1,4025.5,15,1,4025.6,25,1,4025.7,19,1
11483,2026-07-02 13:09:07+05:30,4025.0,1,4038.23,1345378,158039.0,167441.0,4100.0,4110.0,4012.0,4092.6,25101825,4501.8,3683.4,4440.0,3288.1,4024.8,81,8,4024.6,42,1,4024.5,27,1,4024.4,128,3,4024.2,15,3,4025.0,25,1,4025.2,5,1,4025.5,15,1,4025.6,25,1,4025.7,19,1
11483,2026-07-02 13:09:07+05:30,4024.8,1,4038.22,1345473,157929.0,167434.0,4100.0,4110.0,4012.0,4092.6,25101825,4501.8,3683.4,4440.0,3288.1,4024.8,78,7,4024.6,42,1,4024.5,27,1,4024.4,128,3,4024.2,15,3,4025.2,5,1,4025.5,15,1,4025.6,25,1,4025.7,19,1,4025.8,31,2
11483,2026-07-02 13:09:07+05:30,4024.8,1,4038.22,1345473,157929.0,167434.0,4100.0,4110.0,4012.0,4092.6,25101825,4501.8,3683.4,4440.0,3288.1,4024.8,78,7,4024.6,42,1,4024.5,27,1,4024.4,128,3,4024.2,15,3,4025.2,5,1,4025.5,15,1,4025.6,25,1,4025.7,19,1,4025.8,31,2
11483,2026-07-02 13:09:07+05:30,4024.8,1,4038.22,1345473,157929.0,167434.0,4100.0,4110.0,4012.0,4092.6,25101825,4501.8,3683.4,4440.0,3288.1,4024.8,78,7,4024.6,42,1,4024.5,27,1,4024.4,128,3,4024.2,15,3,4025.2,5,1,4025.5,15,1,4025.6,25,1,4025.7,19,1,4025.8,31,2
11483,2026-07-02 13:09:08+05:30,4024.8,1,4038.22,1345473,157929.0,167434.0,4100.0,4110.0,4012.0,4092.6,25101825,4501.8,3683.4,4440.0,3288.1,4024.8,78,7,4024.6,42,1,4024.5,27,1,4024.4,128,3,4024.2,15,3,4025.2,5,1,4025.5,15,1,4025.6,25,1,4025.7,19,1,4025.8,31,2
11483,2026-07-02 13:09:08+05:30,4025.5,1,4038.22,1345490,158195.0,167462.0,4100.0,4110.0,4012.0,4092.6,25101825,4501.8,3683.4,4440.0,3288.1,4025.2,77,1,4025.1,2,1,4025.0,42,1,4024.8,67,5,4024.6,42,1,4025.5,14,1,4025.6,25,1,4025.7,19,1,4026.0,11,2,4026.1,2,1
11483,2026-07-02 13:09:08+05:30,4025.2,2,4038.22,1345490,158195.0,167462.0,4100.0,4110.0,4012.0,4092.6,25101825,4501.8,3683.4,4440.0,3288.1,4025.2,77,1,4025.1,2,1,4025.0,42,1,4024.8,67,5,4024.6,42,1,4025.5,14,1,4025.6,25,1,4025.7,19,1,4026.0,11,2,4026.1,2,1
11483,2026-07-02 13:09:08+05:30,4025.2,2,4038.22,1345490,158195.0,167462.0,4100.0,4110.0,4012.0,4092.6,25101825,4501.8,3683.4,4440.0,3288.1,4025.2,77,1,4025.1,2,1,4025.0,42,1,4024.8,67,5,4024.6,42,1,4025.5,14,1,4025.6,25,1,4025.7,19,1,4026.0,11,2,4026.1,2,1
11483,2026-07-02 13:09:09+05:30,4025.2,2,4038.22,1345490,158195.0,167462.0,4100.0,4110.0,4012.0,4092.6,25101825,4501.8,3683.4,4440.0,3288.1,4025.2,77,1,4025.1,2,1,4025.0,42,1,4024.8,67,5,4024.6,42,1,4025.5,14,1,4025.6,25,1,4025.7,19,1,4026.0,11,2,4026.1,2,1
11483,2026-07-02 13:09:09+05:30,4025.5,1,4038.22,1345490,158195.0,167462.0,4100.0,4110.0,4012.0,4092.6,25101825,4501.8,3683.4,4440.0,3288.1,4025.2,77,1,4025.1,2,1,4025.0,42,1,4024.8,67,5,4024.6,42,1,4025.5,14,1,4025.6,25,1,4025.7,19,1,4026.0,11,2,4026.1,2,1
11483,2026-07-02 13:09:09+05:30,4025.5,1,4038.22,1345497,157925.0,167438.0,4100.0,4110.0,4012.0,4092.6,25101825,4501.8,3683.4,4440.0,3288.1,4025.3,13,2,4025.1,2,1,4024.8,49,5,4024.7,54,2,4024.6,16,1,4025.5,11,1,4025.6,25,1,4025.7,19,1,4026.0,11,2,4026.3,5,1
11483,2026-07-02 13:09:09+05:30,4025.5,1,4038.22,1345497,157925.0,167438.0,4100.0,4110.0,4012.0,4092.6,25101825,4501.8,3683.4,4440.0,3288.1,4025.3,13,2,4025.1,2,1,4024.8,49,5,4024.7,54,2,4024.6,16,1,4025.5,11,1,4025.6,25,1,4025.7,19,1,4026.0,11,2,4026.3,5,1
11483,2026-07-02 13:09:10+05:30,4025.5,1,4038.22,1345497,157925.0,167438.0,4100.0,4110.0,4012.0,4092.6,25101825,4501.8,3683.4,4440.0,3288.1,4025.3,13,2,4025.1,2,1,4024.8,49,5,4024.7,54,2,4024.6,16,1,4025.5,11,1,4025.6,25,1,4025.7,19,1,4026.0,11,2,4026.3,5,1
11483,2026-07-02 13:09:10+05:30,4025.5,1,4038.22,1345497,157925.0,167438.0,4100.0,4110.0,4012.0,4092.6,25108125,4501.8,3683.4,4440.0,3288.1,4025.3,13,2,4025.1,2,1,4024.8,49,5,4024.7,54,2,4024.6,16,1,4025.5,11,1,4025.6,25,1,4025.7,19,1,4026.0,11,2,4026.3,5,1
11483,2026-07-02 13:09:10+05:30,4025.5,1,4038.22,1345497,157925.0,167438.0,4100.0,4110.0,4012.0,4092.6,25108125,4501.8,3683.4,4440.0,3288.1,4025.3,13,2,4025.1,2,1,4024.8,49,5,4024.7,54,2,4024.6,16,1,4025.5,11,1,4025.6,25,1,4025.7,19,1,4026.0,11,2,4026.3,5,1
11483,2026-07-02 13:09:10+05:30,4025.5,1,4038.22,1345500,157817.0,167443.0,4100.0,4110.0,4012.0,4092.6,25108125,4501.8,3683.4,4440.0,3288.1,4025.3,1,1,4025.2,19,1,4025.1,15,2,4025.0,16,1,4024.9,37,2,4025.5,9,1,4025.6,25,1,4025.7,19,1,4026.0,11,2,4026.3,5,1
11483,2026-07-02 13:09:10+05:30,4025.5,1,4038.22,1345500,157817.0,167443.0,4100.0,4110.0,4012.0,4092.6,25108125,4501.8,3683.4,4440.0,3288.1,4025.3,1,1,4025.2,19,1,4025.1,15,2,4025.0,16,1,4024.9,37,2,4025.5,9,1,4025.6,25,1,4025.7,19,1,4026.0,11,2,4026.3,5,1
11483,2026-07-02 13:09:11+05:30,4025.5,1,4038.22,1345500,157817.0,167443.0,4100.0,4110.0,4012.0,4092.6,25108125,4501.8,3683.4,4440.0,3288.1,4025.3,1,1,4025.2,19,1,4025.1,15,2,4025.0,16,1,4024.9,37,2,4025.5,9,1,4025.6,25,1,4025.7,19,1,4026.0,11,2,4026.3,5,1
11483,2026-07-02 13:09:11+05:30,4025.3,1,4038.22,1345500,157817.0,167443.0,4100.0,4110.0,4012.0,4092.6,25108125,4501.8,3683.4,4440.0,3288.1,4025.3,1,1,4025.2,19,1,4025.1,15,2,4025.0,16,1,4024.9,37,2,4025.5,9,1,4025.6,25,1,4025.7,19,1,4026.0,11,2,4026.3,5,1
11483,2026-07-02 13:09:11+05:30,4025.3,1,4038.22,1345500,157817.0,167443.0,4100.0,4110.0,4012.0,4092.6,25108125,4501.8,3683.4,4440.0,3288.1,4025.3,1,1,4025.2,19,1,4025.1,15,2,4025.0,16,1,4024.9,37,2,4025.5,9,1,4025.6,25,1,4025.7,19,1,4026.0,11,2,4026.3,5,1
11483,2026-07-02 13:09:11+05:30,4025.3,1,4038.22,1345503,157891.0,167604.0,4100.0,4110.0,4012.0,4092.6,25108125,4501.8,3683.4,4440.0,3288.1,4025.1,2,1,4024.8,25,4,4024.7,27,1,4024.6,23,1,4024.5,55,3,4025.2,42,1,4025.3,42,1,4025.5,53,3,4025.6,25,1,4025.7,61,2
11483,2026-07-02 13:09:11+05:30,4025.3,1,4038.22,1345503,157891.0,167604.0,4100.0,4110.0,4012.0,4092.6,25108125,4501.8,3683.4,4440.0,3288.1,4025.1,2,1,4024.8,25,4,4024.7,27,1,4024.6,23,1,4024.5,55,3,4025.2,42,1,4025.3,42,1,4025.5,53,3,4025.6,25,1,4025.7,61,2
11483,2026-07-02 13:09:12+05:30,4025.3,1,4038.22,1345503,157891.0,167604.0,4100.0,4110.0,4012.0,4092.6,25108125,4501.8,3683.4,4440.0,3288.1,4025.1,2,1,4024.8,25,4,4024.7,27,1,4024.6,23,1,4024.5,55,3,4025.2,42,1,4025.3,42,1,4025.5,53,3,4025.6,25,1,4025.7,61,2
11483,2026-07-02 13:09:12+05:30,4024.5,8,4038.22,1345503,157891.0,167604.0,4100.0,4110.0,4012.0,4092.6,25108125,4501.8,3683.4,4440.0,3288.1,4025.1,2,1,4024.8,25,4,4024.7,27,1,4024.6,23,1,4024.5,55,3,4025.2,42,1,4025.3,42,1,4025.5,53,3,4025.6,25,1,4025.7,61,2
11483,2026-07-02 13:09:12+05:30,4024.5,8,4038.22,1345540,157722.0,167561.0,4100.0,4110.0,4012.0,4092.6,25108125,4501.8,3683.4,4440.0,3288.1,4025.0,2,1,4024.5,21,2,4024.4,50,1,4024.2,37,4,4024.1,23,2,4025.1,76,1,4025.2,42,2,4025.3,42,1,4025.5,51,2,4025.6,25,1
11483,2026-07-02 13:09:13+05:30,4024.9,1,4038.22,1345540,157722.0,167561.0,4100.0,4110.0,4012.0,4092.6,25108125,4501.8,3683.4,4440.0,3288.1,4025.0,2,1,4024.5,21,2,4024.4,50,1,4024.2,37,4,4024.1,23,2,4025.1,76,1,4025.2,42,2,4025.3,42,1,4025.5,51,2,4025.6,25,1
11483,2026-07-02 13:09:13+05:30,4024.9,1,4038.22,1345543,157767.0,167459.0,4100.0,4110.0,4012.0,4092.6,25108125,4501.8,3683.4,4440.0,3288.1,4024.5,33,3,4024.4,50,1,4024.2,15,3,4024.1,23,2,4024.0,414,13,4024.9,41,1,4025.0,1,1,4025.1,118,2,4025.2,43,3,4025.3,42,1
11483,2026-07-02 13:09:14+05:30,4024.9,1,4038.22,1345543,157767.0,167459.0,4100.0,4110.0,4012.0,4092.6,25108125,4501.8,3683.4,4440.0,3288.1,4024.5,33,3,4024.4,50,1,4024.2,15,3,4024.1,23,2,4024.0,414,13,4024.9,41,1,4025.0,1,1,4025.1,118,2,4025.2,43,3,4025.3,42,1
11483,2026-07-02 13:09:14+05:30,4024.9,1,4038.22,1345544,157763.0,167911.0,4100.0,4110.0,4012.0,4092.6,25108125,4501.8,3683.4,4440.0,3288.1,4024.5,33,3,4024.4,50,1,4024.2,15,3,4024.1,23,2,4024.0,412,12,4024.9,42,2,4025.0,43,2,4025.1,76,1,4025.2,83,3,4025.5,27,2
11483,2026-07-02 13:09:15+05:30,4024.9,1,4038.22,1345544,157763.0,167911.0,4100.0,4110.0,4012.0,4092.6,25108125,4501.8,3683.4,4440.0,3288.1,4024.5,33,3,4024.4,50,1,4024.2,15,3,4024.1,23,2,4024.0,412,12,4024.9,42,2,4025.0,43,2,4025.1,76,1,4025.2,83,3,4025.5,27,2
11483,2026-07-02 13:09:15+05:30,4024.5,1,4038.22,1345586,158496.0,167836.0,4100.0,4110.0,4012.0,4092.6,25108125,4501.8,3683.4,4440.0,3288.1,4024.5,32,3,4024.4,50,1,4024.2,17,4,4024.1,23,2,4024.0,412,12,4024.9,1,1,4025.0,43,2,4025.1,76,1,4025.2,83,3,4025.5,37,3
11483,2026-07-02 13:09:16+05:30,4024.5,1,4038.22,1345586,158496.0,167836.0,4100.0,4110.0,4012.0,4092.6,25108125,4501.8,3683.4,4440.0,3288.1,4024.5,32,3,4024.4,50,1,4024.2,17,4,4024.1,23,2,4024.0,412,12,4024.9,1,1,4025.0,43,2,4025.1,76,1,4025.2,83,3,4025.5,37,3
11483,2026-07-02 13:09:16+05:30,4025.0,1,4038.22,1345600,158066.0,167827.0,4100.0,4110.0,4012.0,4092.6,25108125,4501.8,3683.4,4440.0,3288.1,4024.5,25,3,4024.4,50,1,4024.2,13,2,4024.1,23,2,4024.0,423,13,4025.0,38,2,4025.1,76,1,4025.2,41,2,4025.3,57,2,4025.6,25,1
11483,2026-07-02 13:09:17+05:30,4025.0,1,4038.22,1345600,158066.0,167827.0,4100.0,4110.0,4012.0,4092.6,25108125,4501.8,3683.4,4440.0,3288.1,4024.5,25,3,4024.4,50,1,4024.2,13,2,4024.1,23,2,4024.0,423,13,4025.0,38,2,4025.1,76,1,4025.2,41,2,4025.3,57,2,4025.6,25,1
11483,2026-07-02 13:09:17+05:30,4025.0,1,4038.22,1345659,158535.0,167808.0,4100.0,4110.0,4012.0,4092.6,25108125,4501.8,3683.4,4440.0,3288.1,4024.5,23,3,4024.4,50,1,4024.2,13,2,4024.1,25,3,4024.0,423,13,4025.0,23,2,4025.1,76,1,4025.2,41,2,4025.3,57,2,4025.6,25,1
11483,2026-07-02 13:09:18+05:30,4025.0,1,4038.22,1345686,158011.0,168320.0,4100.0,4110.0,4012.0,4092.6,25108125,4501.8,3683.4,4440.0,3288.1,4024.5,16,3,4024.4,50,1,4024.2,13,2,4024.1,23,2,4024.0,509,13,4025.0,5,3,4025.1,76,1,4025.2,42,3,4025.3,57,2,4025.6,25,1
11483,2026-07-02 13:09:18+05:30,4024.5,1,4038.22,1345686,158011.0,168320.0,4100.0,4110.0,4012.0,4092.6,25108125,4501.8,3683.4,4440.0,3288.1,4024.5,16,3,4024.4,50,1,4024.2,13,2,4024.1,23,2,4024.0,509,13,4025.0,5,3,4025.1,76,1,4025.2,42,3,4025.3,57,2,4025.6,25,1
11483,2026-07-02 13:09:19+05:30,4025.0,1,4038.22,1345686,158011.0,168320.0,4100.0,4110.0,4012.0,4092.6,25108125,4501.8,3683.4,4440.0,3288.1,4024.5,16,3,4024.4,50,1,4024.2,13,2,4024.1,23,2,4024.0,509,13,4025.0,5,3,4025.1,76,1,4025.2,42,3,4025.3,57,2,4025.6,25,1
11483,2026-07-02 13:09:19+05:30,4025.0,1,4038.22,1345690,158002.0,167755.0,4100.0,4110.0,4012.0,4092.6,25108125,4501.8,3683.4,4440.0,3288.1,4024.7,1,1,4024.5,13,2,4024.4,50,1,4024.2,13,2,4024.1,25,3,4025.0,5,4,4025.1,76,1,4025.2,41,2,4025.3,57,2,4025.6,25,1
11483,2026-07-02 13:09:20+05:30,4024.7,1,4038.22,1345690,158002.0,167755.0,4100.0,4110.0,4012.0,4092.6,25108125,4501.8,3683.4,4440.0,3288.1,4024.7,1,1,4024.5,13,2,4024.4,50,1,4024.2,13,2,4024.1,25,3,4025.0,5,4,4025.1,76,1,4025.2,41,2,4025.3,57,2,4025.6,25,1
11483,2026-07-02 13:09:22+05:30,4025.0,7,4038.22,1345707,158191.0,167650.0,4100.0,4110.0,4012.0,4092.6,25108125,4501.8,3683.4,4440.0,3288.1,4024.5,13,2,4024.4,50,1,4024.2,13,2,4024.1,49,4,4024.0,522,14,4025.0,4,3,4025.3,15,1,4025.6,42,2,4025.7,19,1,4025.8,2,1
11483,2026-07-02 13:09:23+05:30,4024.5,1,4038.22,1345707,158191.0,167650.0,4100.0,4110.0,4012.0,4092.6,25108125,4501.8,3683.4,4440.0,3288.1,4024.5,13,2,4024.4,50,1,4024.2,13,2,4024.1,49,4,4024.0,522,14,4025.0,4,3,4025.3,15,1,4025.6,42,2,4025.7,19,1,4025.8,2,1
11483,2026-07-02 13:09:25+05:30,4024.1,50,4038.22,1345707,158191.0,167650.0,4100.0,4110.0,4012.0,4092.6,25108125,4501.8,3683.4,4440.0,3288.1,4024.5,13,2,4024.4,50,1,4024.2,13,2,4024.1,49,4,4024.0,522,14,4025.0,4,3,4025.3,15,1,4025.6,42,2,4025.7,19,1,4025.8,2,1
11483,2026-07-02 13:09:27+05:30,4025.3,8,4038.21,1346583,158424.0,167223.0,4100.0,4110.0,4012.0,4092.6,25108125,4501.8,3683.4,4440.0,3288.1,4024.2,85,6,4024.1,68,2,4024.0,594,18,4023.9,73,5,4023.8,47,2,4025.3,6,1,4025.6,25,1,4025.7,19,1,4025.9,4,1,4026.0,11,2
11483,2026-07-02 13:09:27+05:30,4025.0,1,4038.21,1346583,158424.0,167223.0,4100.0,4110.0,4012.0,4092.6,25108125,4501.8,3683.4,4440.0,3288.1,4024.2,85,6,4024.1,68,2,4024.0,594,18,4023.9,73,5,4023.8,47,2,4025.3,6,1,4025.6,25,1,4025.7,19,1,4025.9,4,1,4026.0,11,2
11483,2026-07-02 13:09:29+05:30,4025.6,2,4038.21,1346583,158424.0,167223.0,4100.0,4110.0,4012.0,4092.6,25108125,4501.8,3683.4,4440.0,3288.1,4024.2,85,6,4024.1,68,2,4024.0,594,18,4023.9,73,5,4023.8,47,2,4025.3,6,1,4025.6,25,1,4025.7,19,1,4025.9,4,1,4026.0,11,2
11483,2026-07-02 13:09:31+05:30,4025.6,3,4038.21,1346917,158883.0,166853.0,4100.0,4110.0,4012.0,4092.6,25108125,4501.8,3683.4,4440.0,3288.1,4025.2,1,1,4025.0,40,1,4024.9,19,3,4024.5,18,2,4024.4,77,3,4025.6,35,2,4025.7,19,1,4026.0,11,2,4026.2,10,1,4026.3,5,1
11483,2026-07-02 13:09:31+05:30,4025.2,1,4038.21,1346917,158883.0,166853.0,4100.0,4110.0,4012.0,4092.6,25108125,4501.8,3683.4,4440.0,3288.1,4025.2,1,1,4025.0,40,1,4024.9,19,3,4024.5,18,2,4024.4,77,3,4025.6,35,2,4025.7,19,1,4026.0,11,2,4026.2,10,1,4026.3,5,1
11483,2026-07-02 13:09:35+05:30,4025.2,2,4038.21,1346927,158838.0,166874.0,4100.0,4110.0,4012.0,4092.6,25108125,4501.8,3683.4,4440.0,3288.1,4025.0,57,3,4024.9,5,1,4024.8,250,1,4024.5,74,5,4024.4,60,2,4025.2,10,3,4025.6,35,2,4025.7,19,1,4026.0,11,2,4026.2,18,1
11483,2026-07-02 13:09:35+05:30,4025.0,1,4038.21,1346927,158838.0,166874.0,4100.0,4110.0,4012.0,4092.6,25108125,4501.8,3683.4,4440.0,3288.1,4025.0,57,3,4024.9,5,1,4024.8,250,1,4024.5,74,5,4024.4,60,2,4025.2,10,3,4025.6,35,2,4025.7,19,1,4026.0,11,2,4026.2,18,1
11483,2026-07-02 13:09:37+05:30,4025.0,5,4038.21,1346927,158838.0,166874.0,4100.0,4110.0,4012.0,4092.6,25108125,4501.8,3683.4,4440.0,3288.1,4025.0,57,3,4024.9,5,1,4024.8,250,1,4024.5,74,5,4024.4,60,2,4025.2,10,3,4025.6,35,2,4025.7,19,1,4026.0,11,2,4026.2,18,1
11483,2026-07-02 13:09:39+05:30,4025.2,1,4038.21,1346927,158838.0,166874.0,4100.0,4110.0,4012.0,4092.6,25108125,4501.8,3683.4,4440.0,3288.1,4025.0,57,3,4024.9,5,1,4024.8,250,1,4024.5,74,5,4024.4,60,2,4025.2,10,3,4025.6,35,2,4025.7,19,1,4026.0,11,2,4026.2,18,1
11483,2026-07-02 13:09:40+05:30,4025.0,6,4038.21,1346998,158619.0,167247.0,4100.0,4110.0,4012.0,4092.6,25108125,4501.8,3683.4,4440.0,3288.1,4025.0,2,1,4024.9,5,1,4024.8,250,1,4024.5,4,2,4024.4,21,1,4025.2,28,3,4025.4,5,1,4025.6,35,2,4025.7,19,1,4026.0,11,2
11483,2026-07-02 13:09:41+05:30,4025.0,1,4038.21,1346998,158619.0,167247.0,4100.0,4110.0,4012.0,4092.6,25108125,4501.8,3683.4,4440.0,3288.1,4025.0,2,1,4024.9,5,1,4024.8,250,1,4024.5,4,2,4024.4,21,1,4025.2,28,3,4025.4,5,1,4025.6,35,2,4025.7,19,1,4026.0,11,2
11483,2026-07-02 13:09:43+05:30,4025.0,1,4038.21,1346998,158619.0,167247.0,4100.0,4110.0,4012.0,4092.6,25108125,4501.8,3683.4,4440.0,3288.1,4025.0,2,1,4024.9,5,1,4024.8,250,1,4024.5,4,2,4024.4,21,1,4025.2,28,3,4025.4,5,1,4025.6,35,2,4025.7,19,1,4026.0,11,2
11483,2026-07-02 13:09:44+05:30,4025.0,1,4038.21,1347012,158718.0,167092.0,4100.0,4110.0,4012.0,4092.6,25108125,4501.8,3683.4,4440.0,3288.1,4024.9,5,1,4024.8,250,1,4024.5,4,2,4024.4,21,1,4024.3,21,1,4025.0,1,1,4025.2,28,3,4025.4,5,1,4025.6,35,2,4025.7,19,1
11483,2026-07-02 13:09:45+05:30,4025.0,4,4038.21,1347012,158718.0,167092.0,4100.0,4110.0,4012.0,4092.6,25108125,4501.8,3683.4,4440.0,3288.1,4024.9,5,1,4024.8,250,1,4024.5,4,2,4024.4,21,1,4024.3,21,1,4025.0,1,1,4025.2,28,3,4025.4,5,1,4025.6,35,2,4025.7,19,1
11483,2026-07-02 13:09:47+05:30,4025.2,7,4038.21,1347012,158718.0,167092.0,4100.0,4110.0,4012.0,4092.6,25108125,4501.8,3683.4,4440.0,3288.1,4024.9,5,1,4024.8,250,1,4024.5,4,2,4024.4,21,1,4024.3,21,1,4025.0,1,1,4025.2,28,3,4025.4,5,1,4025.6,35,2,4025.7,19,1
11483,2026-07-02 13:09:48+05:30,4025.2,7,4038.21,1347040,159227.0,166861.0,4100.0,4110.0,4012.0,4092.6,25108125,4501.8,3683.4,4440.0,3288.1,4025.0,440,3,4024.9,3,1,4024.8,250,1,4024.5,154,3,4024.4,21,1,4025.2,16,2,4025.4,5,1,4025.6,35,2,4025.7,19,1,4025.9,15,1
11483,2026-07-02 13:09:49+05:30,4025.0,4,4038.21,1347040,159227.0,166861.0,4100.0,4110.0,4012.0,4092.6,25108125,4501.8,3683.4,4440.0,3288.1,4025.0,440,3,4024.9,3,1,4024.8,250,1,4024.5,154,3,4024.4,21,1,4025.2,16,2,4025.4,5,1,4025.6,35,2,4025.7,19,1,4025.9,15,1
11483,2026-07-02 13:09:51+05:30,4025.1,1,4038.21,1347040,159227.0,166861.0,4100.0,4110.0,4012.0,4092.6,25108125,4501.8,3683.4,4440.0,3288.1,4025.0,440,3,4024.9,3,1,4024.8,250,1,4024.5,154,3,4024.4,21,1,4025.2,16,2,4025.4,5,1,4025.6,35,2,4025.7,19,1,4025.9,15,1
11483,2026-07-02 13:09:53+05:30,4025.0,14,4038.21,1347079,159151.0,167460.0,4100.0,4110.0,4012.0,4092.6,25108125,4501.8,3683.4,4440.0,3288.1,4025.0,432,4,4024.9,3,1,4024.8,250,1,4024.5,170,4,4024.4,21,1,4025.1,512,1,4025.2,15,3,4025.4,5,1,4025.6,35,2,4025.7,19,1
11483,2026-07-02 13:09:53+05:30,4025.0,5,4038.21,1347079,159151.0,167460.0,4100.0,4110.0,4012.0,4092.6,25108125,4501.8,3683.4,4440.0,3288.1,4025.0,432,4,4024.9,3,1,4024.8,250,1,4024.5,170,4,4024.4,21,1,4025.1,512,1,4025.2,15,3,4025.4,5,1,4025.6,35,2,4025.7,19,1
11483,2026-07-02 13:09:55+05:30,4025.0,3,4038.21,1347079,159151.0,167460.0,4100.0,4110.0,4012.0,4092.6,25108125,4501.8,3683.4,4440.0,3288.1,4025.0,432,4,4024.9,3,1,4024.8,250,1,4024.5,170,4,4024.4,21,1,4025.1,512,1,4025.2,15,3,4025.4,5,1,4025.6,35,2,4025.7,19,1
11483,2026-07-02 13:09:57+05:30,4025.0,3,4038.21,1347097,159056.0,167495.0,4100.0,4110.0,4012.0,4092.6,25108125,4501.8,3683.4,4440.0,3288.1,4025.0,436,6,4024.9,3,1,4024.8,250,1,4024.5,169,4,4024.4,43,2,4025.1,511,2,4025.2,12,2,4025.4,5,1,4025.6,35,2,4025.7,19,1
11483,2026-07-02 13:09:57+05:30,4025.0,1,4038.21,1347097,159056.0,167495.0,4100.0,4110.0,4012.0,4092.6,25108125,4501.8,3683.4,4440.0,3288.1,4025.0,436,6,4024.9,3,1,4024.8,250,1,4024.5,169,4,4024.4,43,2,4025.1,511,2,4025.2,12,2,4025.4,5,1,4025.6,35,2,4025.7,19,1
11483,2026-07-02 13:09:59+05:30,4025.1,1,4038.21,1347097,159056.0,167495.0,4100.0,4110.0,4012.0,4092.6,25108125,4501.8,3683.4,4440.0,3288.1,4025.0,436,6,4024.9,3,1,4024.8,250,1,4024.5,169,4,4024.4,43,2,4025.1,511,2,4025.2,12,2,4025.4,5,1,4025.6,35,2,4025.7,19,1
11483,2026-07-02 13:10:01+05:30,4025.0,32,4038.21,1347097,159056.0,167495.0,4100.0,4110.0,4012.0,4092.6,25108125,4501.8,3683.4,4440.0,3288.1,4025.0,436,6,4024.9,3,1,4024.8,250,1,4024.5,169,4,4024.4,43,2,4025.1,511,2,4025.2,12,2,4025.4,5,1,4025.6,35,2,4025.7,19,1
11483,2026-07-02 13:10:01+05:30,4025.0,32,4038.21,1347151,159136.0,167483.0,4100.0,4110.0,4012.0,4092.6,25108125,4501.8,3683.4,4440.0,3288.1,4025.0,399,7,4024.9,3,1,4024.8,250,1,4024.5,154,3,4024.2,61,2,4025.1,497,3,4025.2,8,1,4025.4,5,1,4025.6,35,2,4025.7,19,1
11483,2026-07-02 13:10:03+05:30,4025.0,8,4038.21,1347151,159136.0,167483.0,4100.0,4110.0,4012.0,4092.6,25108125,4501.8,3683.4,4440.0,3288.1,4025.0,399,7,4024.9,3,1,4024.8,250,1,4024.5,154,3,4024.2,61,2,4025.1,497,3,4025.2,8,1,4025.4,5,1,4025.6,35,2,4025.7,19,1
11483,2026-07-02 13:10:05+05:30,4025.0,10,4038.21,1347151,159136.0,167483.0,4100.0,4110.0,4012.0,4092.6,25108125,4501.8,3683.4,4440.0,3288.1,4025.0,399,7,4024.9,3,1,4024.8,250,1,4024.5,154,3,4024.2,61,2,4025.1,497,3,4025.2,8,1,4025.4,5,1,4025.6,35,2,4025.7,19,1
11483,2026-07-02 13:10:06+05:30,4025.0,1,4038.2,1347720,159141.0,167441.0,4100.0,4110.0,4012.0,4092.6,25108125,4501.8,3683.4,4440.0,3288.1,4024.9,16,3,4024.8,250,1,4024.6,20,1,4024.5,154,3,4024.2,46,1,4025.0,172,1,4025.1,496,3,4025.2,47,1,4025.4,5,1,4025.6,35,2
11483,2026-07-02 13:10:06+05:30,4025.0,1,4038.2,1347720,159141.0,167441.0,4100.0,4110.0,4012.0,4092.6,25108125,4501.8,3683.4,4440.0,3288.1,4024.9,16,3,4024.8,250,1,4024.6,20,1,4024.5,154,3,4024.2,46,1,4025.0,172,1,4025.1,496,3,4025.2,47,1,4025.4,5,1,4025.6,35,2
11483,2026-07-02 13:10:07+05:30,4025.0,1,4038.2,1347720,159141.0,167441.0,4100.0,4110.0,4012.0,4092.6,25108125,4501.8,3683.4,4440.0,3288.1,4024.9,16,3,4024.8,250,1,4024.6,20,1,4024.5,154,3,4024.2,46,1,4025.0,172,1,4025.1,496,3,4025.2,47,1,4025.4,5,1,4025.6,35,2
11483,2026-07-02 13:10:08+05:30,4025.0,1,4038.2,1347720,159141.0,167441.0,4100.0,4110.0,4012.0,4092.6,25108125,4501.8,3683.4,4440.0,3288.1,4024.9,16,3,4024.8,250,1,4024.6,20,1,4024.5,154,3,4024.2,46,1,4025.0,172,1,4025.1,496,3,4025.2,47,1,4025.4,5,1,4025.6,35,2
11483,2026-07-02 13:10:08+05:30,4025.0,30,4038.2,1347720,159141.0,167441.0,4100.0,4110.0,4012.0,4092.6,25108125,4501.8,3683.4,4440.0,3288.1,4024.9,16,3,4024.8,250,1,4024.6,20,1,4024.5,154,3,4024.2,46,1,4025.0,172,1,4025.1,496,3,4025.2,47,1,4025.4,5,1,4025.6,35,2
11483,2026-07-02 13:10:09+05:30,4025.0,30,4038.2,1347720,159141.0,167441.0,4100.0,4110.0,4012.0,4092.6,25108125,4501.8,3683.4,4440.0,3288.1,4024.9,16,3,4024.8,250,1,4024.6,20,1,4024.5,154,3,4024.2,46,1,4025.0,172,1,4025.1,496,3,4025.2,47,1,4025.4,5,1,4025.6,35,2
11483,2026-07-02 13:10:10+05:30,4025.0,30,4038.2,1347720,159141.0,167441.0,4100.0,4110.0,4012.0,4092.6,25108125,4501.8,3683.4,4440.0,3288.1,4024.9,16,3,4024.8,250,1,4024.6,20,1,4024.5,154,3,4024.2,46,1,4025.0,172,1,4025.1,496,3,4025.2,47,1,4025.4,5,1,4025.6,35,2
11483,2026-07-02 13:10:10+05:30,4025.0,30,4038.2,1347720,159141.0,167441.0,4100.0,4110.0,4012.0,4092.6,25108650,4501.8,3683.4,4440.0,3288.1,4024.9,16,3,4024.8,250,1,4024.6,20,1,4024.5,154,3,4024.2,46,1,4025.0,172,1,4025.1,496,3,4025.2,47,1,4025.4,5,1,4025.6,35,2
11483,2026-07-02 13:10:10+05:30,4025.0,1,4038.2,1347880,159198.0,167007.0,4100.0,4110.0,4012.0,4092.6,25108650,4501.8,3683.4,4440.0,3288.1,4024.9,1,1,4024.8,250,1,4024.6,20,1,4024.5,151,2,4024.1,51,3,4025.0,5,1,4025.2,47,1,4025.4,5,1,4025.6,52,3,4025.7,19,1
11483,2026-07-02 13:10:11+05:30,4025.0,1,4038.2,1347880,159198.0,167007.0,4100.0,4110.0,4012.0,4092.6,25108650,4501.8,3683.4,4440.0,3288.1,4024.9,1,1,4024.8,250,1,4024.6,20,1,4024.5,151,2,4024.1,51,3,4025.0,5,1,4025.2,47,1,4025.4,5,1,4025.6,52,3,4025.7,19,1
11483,2026-07-02 13:10:11+05:30,4024.9,1,4038.2,1347880,159198.0,167007.0,4100.0,4110.0,4012.0,4092.6,25108650,4501.8,3683.4,4440.0,3288.1,4024.9,1,1,4024.8,250,1,4024.6,20,1,4024.5,151,2,4024.1,51,3,4025.0,5,1,4025.2,47,1,4025.4,5,1,4025.6,52,3,4025.7,19,1
11483,2026-07-02 13:10:11+05:30,4024.9,1,4038.2,1347880,159198.0,167007.0,4100.0,4110.0,4012.0,4092.6,25108650,4501.8,3683.4,4440.0,3288.1,4024.9,1,1,4024.8,250,1,4024.6,20,1,4024.5,151,2,4024.1,51,3,4025.0,5,1,4025.2,47,1,4025.4,5,1,4025.6,52,3,4025.7,19,1
11483,2026-07-02 13:10:12+05:30,4024.9,1,4038.2,1347880,159198.0,167007.0,4100.0,4110.0,4012.0,4092.6,25108650,4501.8,3683.4,4440.0,3288.1,4024.9,1,1,4024.8,250,1,4024.6,20,1,4024.5,151,2,4024.1,51,3,4025.0,5,1,4025.2,47,1,4025.4,5,1,4025.6,52,3,4025.7,19,1
11483,2026-07-02 13:10:14+05:30,4024.9,1,4038.2,1347880,159198.0,167007.0,4100.0,4110.0,4012.0,4092.6,25108650,4501.8,3683.4,4440.0,3288.1,4024.9,1,1,4024.8,250,1,4024.6,20,1,4024.5,151,2,4024.1,51,3,4025.0,5,1,4025.2,47,1,4025.4,5,1,4025.6,52,3,4025.7,19,1
11483,2026-07-02 13:10:15+05:30,4024.9,1,4038.2,1347882,159136.0,167077.0,4100.0,4110.0,4012.0,4092.6,25108650,4501.8,3683.4,4440.0,3288.1,4024.8,250,1,4024.6,20,1,4024.5,151,2,4024.1,32,2,4024.0,502,18,4024.9,2,1,4025.0,7,2,4025.2,47,1,4025.4,5,1,4025.6,52,3
11483,2026-07-02 13:10:16+05:30,4024.9,3,4038.2,1347882,159136.0,167077.0,4100.0,4110.0,4012.0,4092.6,25108650,4501.8,3683.4,4440.0,3288.1,4024.8,250,1,4024.6,20,1,4024.5,151,2,4024.1,32,2,4024.0,502,18,4024.9,2,1,4025.0,7,2,4025.2,47,1,4025.4,5,1,4025.6,52,3
11483,2026-07-02 13:10:18+05:30,4024.9,3,4038.2,1347882,159136.0,167077.0,4100.0,4110.0,4012.0,4092.6,25108650,4501.8,3683.4,4440.0,3288.1,4024.8,250,1,4024.6,20,1,4024.5,151,2,4024.1,32,2,4024.0,502,18,4024.9,2,1,4025.0,7,2,4025.2,47,1,4025.4,5,1,4025.6,52,3
11483,2026-07-02 13:10:20+05:30,4025.2,4,4038.2,1347917,158933.0,167125.0,4100.0,4110.0,4012.0,4092.6,25108650,4501.8,3683.4,4440.0,3288.1,4025.0,100,1,4024.8,245,2,4024.6,20,1,4024.5,151,2,4024.1,32,2,4025.2,62,3,4025.4,5,1,4025.5,6,1,4025.6,35,2,4025.7,43,3
11483,2026-07-02 13:10:20+05:30,4025.0,4,4038.2,1347917,158933.0,167125.0,4100.0,4110.0,4012.0,4092.6,25108650,4501.8,3683.4,4440.0,3288.1,4025.0,100,1,4024.8,245,2,4024.6,20,1,4024.5,151,2,4024.1,32,2,4025.2,62,3,4025.4,5,1,4025.5,6,1,4025.6,35,2,4025.7,43,3
11483,2026-07-02 13:10:22+05:30,4025.1,2,4038.2,1347917,158933.0,167125.0,4100.0,4110.0,4012.0,4092.6,25108650,4501.8,3683.4,4440.0,3288.1,4025.0,100,1,4024.8,245,2,4024.6,20,1,4024.5,151,2,4024.1,32,2,4025.2,62,3,4025.4,5,1,4025.5,6,1,4025.6,35,2,4025.7,43,3
11483,2026-07-02 13:10:24+05:30,4025.2,1,4038.2,1347917,158933.0,167125.0,4100.0,4110.0,4012.0,4092.6,25108650,4501.8,3683.4,4440.0,3288.1,4025.0,100,1,4024.8,245,2,4024.6,20,1,4024.5,151,2,4024.1,32,2,4025.2,62,3,4025.4,5,1,4025.5,6,1,4025.6,35,2,4025.7,43,3
11483,2026-07-02 13:10:25+05:30,4025.2,1,4038.2,1348122,159187.0,167164.0,4100.0,4110.0,4012.0,4092.6,25108650,4501.8,3683.4,4440.0,3288.1,4025.1,1,1,4024.8,243,1,4024.6,20,1,4024.5,151,2,4024.1,27,1,4025.2,20,3,4025.3,30,2,4025.4,14,3,4025.5,42,3,4025.6,74,3
11483,2026-07-02 13:10:26+05:30,4025.0,12,4038.2,1348122,159187.0,167164.0,4100.0,4110.0,4012.0,4092.6,25108650,4501.8,3683.4,4440.0,3288.1,4025.1,1,1,4024.8,243,1,4024.6,20,1,4024.5,151,2,4024.1,27,1,4025.2,20,3,4025.3,30,2,4025.4,14,3,4025.5,42,3,4025.6,74,3
11483,2026-07-02 13:10:29+05:30,4025.1,1,4038.2,1348201,159080.0,167235.0,4100.0,4110.0,4012.0,4092.6,25108650,4501.8,3683.4,4440.0,3288.1,4025.0,9,2,4024.8,195,2,4024.6,20,1,4024.5,151,2,4024.1,27,1,4025.1,10,3,4025.2,16,3,4025.3,25,1,4025.4,63,5,4025.5,42,3
11483,2026-07-02 13:10:30+05:30,4025.0,15,4038.2,1348201,159080.0,167235.0,4100.0,4110.0,4012.0,4092.6,25108650,4501.8,3683.4,4440.0,3288.1,4025.0,9,2,4024.8,195,2,4024.6,20,1,4024.5,151,2,4024.1,27,1,4025.1,10,3,4025.2,16,3,4025.3,25,1,4025.4,63,5,4025.5,42,3
11483,2026-07-02 13:10:32+05:30,4025.1,1,4038.2,1348201,159080.0,167235.0,4100.0,4110.0,4012.0,4092.6,25108650,4501.8,3683.4,4440.0,3288.1,4025.0,9,2,4024.8,195,2,4024.6,20,1,4024.5,151,2,4024.1,27,1,4025.1,10,3,4025.2,16,3,4025.3,25,1,4025.4,63,5,4025.5,42,3
11483,2026-07-02 13:10:33+05:30,4025.1,1,4038.2,1348243,159092.0,167470.0,4100.0,4110.0,4012.0,4092.6,25108650,4501.8,3683.4,4440.0,3288.1,4025.0,21,2,4024.8,195,2,4024.6,20,1,4024.5,151,2,4024.1,27,1,4025.1,4,2,4025.2,16,3,4025.3,25,1,4025.4,63,5,4025.5,42,3
11483,2026-07-02 13:10:34+05:30,4025.7,5,4038.2,1348243,159092.0,167470.0,4100.0,4110.0,4012.0,4092.6,25108650,4501.8,3683.4,4440.0,3288.1,4025.0,21,2,4024.8,195,2,4024.6,20,1,4024.5,151,2,4024.1,27,1,4025.1,4,2,4025.2,16,3,4025.3,25,1,4025.4,63,5,4025.5,42,3
11483,2026-07-02 13:10:36+05:30,4025.0,1,4038.2,1348243,159092.0,167470.0,4100.0,4110.0,4012.0,4092.6,25108650,4501.8,3683.4,4440.0,3288.1,4025.0,21,2,4024.8,195,2,4024.6,20,1,4024.5,151,2,4024.1,27,1,4025.1,4,2,4025.2,16,3,4025.3,25,1,4025.4,63,5,4025.5,42,3
11483,2026-07-02 13:10:38+05:30,4025.0,15,4038.19,1348815,159046.0,167304.0,4100.0,4110.0,4012.0,4092.6,25108650,4501.8,3683.4,4440.0,3288.1,4024.8,195,2,4024.6,20,1,4024.5,151,2,4024.1,63,2,4024.0,394,16,4025.0,11,1,4025.5,33,3,4025.6,8,1,4025.7,43,5,4025.8,4,1
11483,2026-07-02 13:10:38+05:30,4024.8,69,4038.19,1348815,159046.0,167304.0,4100.0,4110.0,4012.0,4092.6,25108650,4501.8,3683.4,4440.0,3288.1,4024.8,195,2,4024.6,20,1,4024.5,151,2,4024.1,63,2,4024.0,394,16,4025.0,11,1,4025.5,33,3,4025.6,8,1,4025.7,43,5,4025.8,4,1
11483,2026-07-02 13:10:40+05:30,4025.4,9,4038.19,1348815,159046.0,167304.0,4100.0,4110.0,4012.0,4092.6,25108650,4501.8,3683.4,4440.0,3288.1,4024.8,195,2,4024.6,20,1,4024.5,151,2,4024.1,63,2,4024.0,394,16,4025.0,11,1,4025.5,33,3,4025.6,8,1,4025.7,43,5,4025.8,4,1
11483,2026-07-02 13:10:42+05:30,4025.4,9,4038.19,1348987,158986.0,167669.0,4100.0,4110.0,4012.0,4092.6,25108650,4501.8,3683.4,4440.0,3288.1,4025.0,4,1,4024.9,1,1,4024.8,126,2,4024.6,20,1,4024.5,151,2,4025.7,44,4,4025.8,5,1,4025.9,73,4,4026.0,67,7,4026.1,26,2
11483,2026-07-02 13:10:42+05:30,4025.0,4,4038.19,1348987,158986.0,167669.0,4100.0,4110.0,4012.0,4092.6,25108650,4501.8,3683.4,4440.0,3288.1,4025.0,4,1,4024.9,1,1,4024.8,126,2,4024.6,20,1,4024.5,151,2,4025.7,44,4,4025.8,5,1,4025.9,73,4,4026.0,67,7,4026.1,26,2
11483,2026-07-02 13:10:44+05:30,4025.0,1,4038.19,1348987,158986.0,167669.0,4100.0,4110.0,4012.0,4092.6,25108650,4501.8,3683.4,4440.0,3288.1,4025.0,4,1,4024.9,1,1,4024.8,126,2,4024.6,20,1,4024.5,151,2,4025.7,44,4,4025.8,5,1,4025.9,73,4,4026.0,67,7,4026.1,26,2
11483,2026-07-02 13:10:46+05:30,4025.0,9,4038.19,1348987,158986.0,167669.0,4100.0,4110.0,4012.0,4092.6,25108650,4501.8,3683.4,4440.0,3288.1,4025.0,4,1,4024.9,1,1,4024.8,126,2,4024.6,20,1,4024.5,151,2,4025.7,44,4,4025.8,5,1,4025.9,73,4,4026.0,67,7,4026.1,26,2
11483,2026-07-02 13:10:47+05:30,4025.2,3,4038.19,1349120,158650.0,167657.0,4100.0,4110.0,4012.0,4092.6,25108650,4501.8,3683.4,4440.0,3288.1,4025.2,17,1,4024.8,126,2,4024.6,20,1,4024.5,151,2,4024.1,27,1,4025.4,8,1,4025.5,25,3,4025.6,4,1,4025.7,30,4,4025.9,73,4
11483,2026-07-02 13:10:48+05:30,4025.2,17,4038.19,1349120,158650.0,167657.0,4100.0,4110.0,4012.0,4092.6,25108650,4501.8,3683.4,4440.0,3288.1,4025.2,17,1,4024.8,126,2,4024.6,20,1,4024.5,151,2,4024.1,27,1,4025.4,8,1,4025.5,25,3,4025.6,4,1,4025.7,30,4,4025.9,73,4
11483,2026-07-02 13:10:50+05:30,4025.2,3,4038.19,1349120,158650.0,167657.0,4100.0,4110.0,4012.0,4092.6,25108650,4501.8,3683.4,4440.0,3288.1,4025.2,17,1,4024.8,126,2,4024.6,20,1,4024.5,151,2,4024.1,27,1,4025.4,8,1,4025.5,25,3,4025.6,4,1,4025.7,30,4,4025.9,73,4
11483,2026-07-02 13:10:51+05:30,4025.2,3,4038.19,1349143,158790.0,166844.0,4100.0,4110.0,4012.0,4092.6,25108650,4501.8,3683.4,4440.0,3288.1,4025.1,1,1,4025.0,3,1,4024.8,126,2,4024.6,20,1,4024.5,151,2,4025.2,4,2,4025.7,21,2,4026.0,17,3,4026.1,26,2,4026.2,12,1
11483,2026-07-02 13:10:52+05:30,4025.0,2,4038.19,1349143,158790.0,166844.0,4100.0,4110.0,4012.0,4092.6,25108650,4501.8,3683.4,4440.0,3288.1,4025.1,1,1,4025.0,3,1,4024.8,126,2,4024.6,20,1,4024.5,151,2,4025.2,4,2,4025.7,21,2,4026.0,17,3,4026.1,26,2,4026.2,12,1
11483,2026-07-02 13:10:54+05:30,4025.1,1,4038.19,1349143,158790.0,166844.0,4100.0,4110.0,4012.0,4092.6,25108650,4501.8,3683.4,4440.0,3288.1,4025.1,1,1,4025.0,3,1,4024.8,126,2,4024.6,20,1,4024.5,151,2,4025.2,4,2,4025.7,21,2,4026.0,17,3,4026.1,26,2,4026.2,12,1
11483,2026-07-02 13:10:56+05:30,4025.0,11,4038.18,1349850,159587.0,166598.0,4100.0,4110.0,4012.0,4092.6,25108650,4501.8,3683.4,4440.0,3288.1,4024.9,34,3,4024.8,141,5,4024.7,9,1,4024.6,33,2,4024.5,184,4,4025.0,304,1,4025.1,1,1,4025.2,4,2,4025.7,19,1,4025.9,14,1
11483,2026-07-02 13:10:56+05:30,4025.0,178,4038.18,1349850,159587.0,166598.0,4100.0,4110.0,4012.0,4092.6,25108650,4501.8,3683.4,4440.0,3288.1,4024.9,34,3,4024.8,141,5,4024.7,9,1,4024.6,33,2,4024.5,184,4,4025.0,304,1,4025.1,1,1,4025.2,4,2,4025.7,19,1,4025.9,14,1
11483,2026-07-02 13:11:00+05:30,4025.2,3,4038.18,1349850,159587.0,166598.0,4100.0,4110.0,4012.0,4092.6,25108650,4501.8,3683.4,4440.0,3288.1,4024.9,34,3,4024.8,141,5,4024.7,9,1,4024.6,33,2,4024.5,184,4,4025.0,304,1,4025.1,1,1,4025.2,4,2,4025.7,19,1,4025.9,14,1
11483,2026-07-02 13:11:00+05:30,4025.2,3,4038.16,1352464,160030.0,164839.0,4100.0,4110.0,4012.0,4092.6,25108650,4501.8,3683.4,4440.0,3288.1,4025.2,81,8,4025.1,75,7,4025.0,36,5,4024.9,70,5,4024.8,217,6,4025.7,19,1,4025.9,14,1,4026.0,11,2,4026.4,15,1,4026.5,17,2
11483,2026-07-02 13:11:02+05:30,4024.9,1,4038.16,1352464,160030.0,164839.0,4100.0,4110.0,4012.0,4092.6,25108650,4501.8,3683.4,4440.0,3288.1,4025.2,81,8,4025.1,75,7,4025.0,36,5,4024.9,70,5,4024.8,217,6,4025.7,19,1,4025.9,14,1,4026.0,11,2,4026.4,15,1,4026.5,17,2
11483,2026-07-02 13:11:04+05:30,4025.7,1,4038.16,1352464,160030.0,164839.0,4100.0,4110.0,4012.0,4092.6,25108650,4501.8,3683.4,4440.0,3288.1,4025.2,81,8,4025.1,75,7,4025.0,36,5,4024.9,70,5,4024.8,217,6,4025.7,19,1,4025.9,14,1,4026.0,11,2,4026.4,15,1,4026.5,17,2
11483,2026-07-02 13:11:05+05:30,4025.7,1,4038.15,1353338,160001.0,165637.0,4100.0,4110.0,4012.0,4092.6,25108650,4501.8,3683.4,4440.0,3288.1,4025.2,6,1,4025.1,24,1,4025.0,154,6,4024.9,29,3,4024.8,199,5,4025.7,18,2,4025.9,14,1,4026.0,11,2,4026.4,15,1,4026.5,17,2
11483,2026-07-02 13:11:06+05:30,4025.2,6,4038.15,1353338,160001.0,165637.0,4100.0,4110.0,4012.0,4092.6,25108650,4501.8,3683.4,4440.0,3288.1,4025.2,6,1,4025.1,24,1,4025.0,154,6,4024.9,29,3,4024.8,199,5,4025.7,18,2,4025.9,14,1,4026.0,11,2,4026.4,15,1,4026.5,17,2
11483,2026-07-02 13:11:06+05:30,4025.2,6,4038.15,1353338,160001.0,165637.0,4100.0,4110.0,4012.0,4092.6,25108650,4501.8,3683.4,4440.0,3288.1,4025.2,6,1,4025.1,24,1,4025.0,154,6,4024.9,29,3,4024.8,199,5,4025.7,18,2,4025.9,14,1,4026.0,11,2,4026.4,15,1,4026.5,17,2
11483,2026-07-02 13:11:07+05:30,4025.2,6,4038.15,1353338,160001.0,165637.0,4100.0,4110.0,4012.0,4092.6,25108650,4501.8,3683.4,4440.0,3288.1,4025.2,6,1,4025.1,24,1,4025.0,154,6,4024.9,29,3,4024.8,199,5,4025.7,18,2,4025.9,14,1,4026.0,11,2,4026.4,15,1,4026.5,17,2
11483,2026-07-02 13:11:08+05:30,4025.2,6,4038.15,1353338,160001.0,165637.0,4100.0,4110.0,4012.0,4092.6,25108650,4501.8,3683.4,4440.0,3288.1,4025.2,6,1,4025.1,24,1,4025.0,154,6,4024.9,29,3,4024.8,199,5,4025.7,18,2,4025.9,14,1,4026.0,11,2,4026.4,15,1,4026.5,17,2
11483,2026-07-02 13:11:08+05:30,4024.9,1,4038.15,1353338,160001.0,165637.0,4100.0,4110.0,4012.0,4092.6,25108650,4501.8,3683.4,4440.0,3288.1,4025.2,6,1,4025.1,24,1,4025.0,154,6,4024.9,29,3,4024.8,199,5,4025.7,18,2,4025.9,14,1,4026.0,11,2,4026.4,15,1,4026.5,17,2
11483,2026-07-02 13:11:08+05:30,4024.9,1,4038.15,1353338,160001.0,165637.0,4100.0,4110.0,4012.0,4092.6,25108650,4501.8,3683.4,4440.0,3288.1,4025.2,6,1,4025.1,24,1,4025.0,154,6,4024.9,29,3,4024.8,199,5,4025.7,18,2,4025.9,14,1,4026.0,11,2,4026.4,15,1,4026.5,17,2
11483,2026-07-02 13:11:09+05:30,4024.9,1,4038.15,1353338,160001.0,165637.0,4100.0,4110.0,4012.0,4092.6,25108650,4501.8,3683.4,4440.0,3288.1,4025.2,6,1,4025.1,24,1,4025.0,154,6,4024.9,29,3,4024.8,199,5,4025.7,18,2,4025.9,14,1,4026.0,11,2,4026.4,15,1,4026.5,17,2
11483,2026-07-02 13:11:09+05:30,4025.0,2,4038.14,1353656,159409.0,166192.0,4100.0,4110.0,4012.0,4092.6,25108650,4501.8,3683.4,4440.0,3288.1,4024.9,10,2,4024.8,112,2,4024.6,20,1,4024.5,175,3,4024.3,17,2,4025.0,6,1,4025.2,17,2,4025.7,25,4,4025.8,3,1,4025.9,16,2
11483,2026-07-02 13:11:10+05:30,4025.0,2,4038.14,1353656,159409.0,166192.0,4100.0,4110.0,4012.0,4092.6,25108650,4501.8,3683.4,4440.0,3288.1,4024.9,10,2,4024.8,112,2,4024.6,20,1,4024.5,175,3,4024.3,17,2,4025.0,6,1,4025.2,17,2,4025.7,25,4,4025.8,3,1,4025.9,16,2
11483,2026-07-02 13:11:10+05:30,4024.9,1,4038.14,1353656,159409.0,166192.0,4100.0,4110.0,4012.0,4092.6,25108650,4501.8,3683.4,4440.0,3288.1,4024.9,10,2,4024.8,112,2,4024.6,20,1,4024.5,175,3,4024.3,17,2,4025.0,6,1,4025.2,17,2,4025.7,25,4,4025.8,3,1,4025.9,16,2
11483,2026-07-02 13:11:10+05:30,4024.9,1,4038.14,1353656,159409.0,166192.0,4100.0,4110.0,4012.0,4092.6,25108650,4501.8,3683.4,4440.0,3288.1,4024.9,10,2,4024.8,112,2,4024.6,20,1,4024.5,175,3,4024.3,17,2,4025.0,6,1,4025.2,17,2,4025.7,25,4,4025.8,3,1,4025.9,16,2
11483,2026-07-02 13:11:11+05:30,4024.9,1,4038.14,1353656,159409.0,166192.0,4100.0,4110.0,4012.0,4092.6,25119675,4501.8,3683.4,4440.0,3288.1,4024.9,10,2,4024.8,112,2,4024.6,20,1,4024.5,175,3,4024.3,17,2,4025.0,6,1,4025.2,17,2,4025.7,25,4,4025.8,3,1,4025.9,16,2
11483,2026-07-02 13:11:12+05:30,4024.9,1,4038.14,1353656,159409.0,166192.0,4100.0,4110.0,4012.0,4092.6,25119675,4501.8,3683.4,4440.0,3288.1,4024.9,10,2,4024.8,112,2,4024.6,20,1,4024.5,175,3,4024.3,17,2,4025.0,6,1,4025.2,17,2,4025.7,25,4,4025.8,3,1,4025.9,16,2
11483,2026-07-02 13:11:13+05:30,4024.9,1,4038.14,1353656,159409.0,166192.0,4100.0,4110.0,4012.0,4092.6,25119675,4501.8,3683.4,4440.0,3288.1,4024.9,10,2,4024.8,112,2,4024.6,20,1,4024.5,175,3,4024.3,17,2,4025.0,6,1,4025.2,17,2,4025.7,25,4,4025.8,3,1,4025.9,16,2
11483,2026-07-02 13:11:14+05:30,4024.9,1,4038.14,1353667,159542.0,166380.0,4100.0,4110.0,4012.0,4092.6,25119675,4501.8,3683.4,4440.0,3288.1,4024.8,134,3,4024.6,20,1,4024.5,174,2,4024.4,5,1,4024.3,5,1,4024.9,2,1,4025.0,17,4,4025.2,11,1,4025.7,21,2,4025.8,3,1
11483,2026-07-02 13:11:14+05:30,4024.8,1,4038.14,1353667,159542.0,166380.0,4100.0,4110.0,4012.0,4092.6,25119675,4501.8,3683.4,4440.0,3288.1,4024.8,134,3,4024.6,20,1,4024.5,174,2,4024.4,5,1,4024.3,5,1,4024.9,2,1,4025.0,17,4,4025.2,11,1,4025.7,21,2,4025.8,3,1
11483,2026-07-02 13:11:16+05:30,4025.3,1,4038.14,1353667,159542.0,166380.0,4100.0,4110.0,4012.0,4092.6,25119675,4501.8,3683.4,4440.0,3288.1,4024.8,134,3,4024.6,20,1,4024.5,174,2,4024.4,5,1,4024.3,5,1,4024.9,2,1,4025.0,17,4,4025.2,11,1,4025.7,21,2,4025.8,3,1
11483,2026-07-02 13:11:18+05:30,4025.7,1,4038.14,1353667,159542.0,166380.0,4100.0,4110.0,4012.0,4092.6,25119675,4501.8,3683.4,4440.0,3288.1,4024.8,134,3,4024.6,20,1,4024.5,174,2,4024.4,5,1,4024.3,5,1,4024.9,2,1,4025.0,17,4,4025.2,11,1,4025.7,21,2,4025.8,3,1
11483,2026-07-02 13:11:18+05:30,4025.7,1,4038.14,1353920,160399.0,165397.0,4100.0,4110.0,4012.0,4092.6,25119675,4501.8,3683.4,4440.0,3288.1,4025.4,89,8,4025.3,17,2,4025.2,50,5,4025.1,56,2,4025.0,49,3,4025.7,23,2,4025.9,14,1,4026.0,11,2,4026.2,50,1,4026.4,15,1
11483,2026-07-02 13:11:20+05:30,4025.4,1,4038.14,1354187,160123.0,166315.0,4100.0,4110.0,4012.0,4092.6,25119675,4501.8,3683.4,4440.0,3288.1,4024.9,1,1,4024.8,135,3,4024.7,2,1,4024.6,68,2,4024.5,224,3,4025.4,3,1,4025.7,277,4,4025.9,14,1,4026.0,11,2,4026.2,50,1
11483,2026-07-02 13:11:20+05:30,4024.9,15,4038.14,1354187,160123.0,166315.0,4100.0,4110.0,4012.0,4092.6,25119675,4501.8,3683.4,4440.0,3288.1,4024.9,1,1,4024.8,135,3,4024.7,2,1,4024.6,68,2,4024.5,224,3,4025.4,3,1,4025.7,277,4,4025.9,14,1,4026.0,11,2,4026.2,50,1
11483,2026-07-02 13:11:21+05:30,4024.9,15,4038.14,1354206,159892.0,166401.0,4100.0,4110.0,4012.0,4092.6,25119675,4501.8,3683.4,4440.0,3288.1,4024.8,159,5,4024.7,6,1,4024.6,79,4,4024.5,236,4,4024.4,8,2,4024.9,4,1,4025.4,9,2,4025.7,273,3,4025.9,14,1,4026.0,11,2
11483,2026-07-02 13:11:21+05:30,4024.8,3,4038.14,1354206,159892.0,166401.0,4100.0,4110.0,4012.0,4092.6,25119675,4501.8,3683.4,4440.0,3288.1,4024.8,159,5,4024.7,6,1,4024.6,79,4,4024.5,236,4,4024.4,8,2,4024.9,4,1,4025.4,9,2,4025.7,273,3,4025.9,14,1,4026.0,11,2
11483,2026-07-02 13:11:22+05:30,4024.9,4,4038.14,1354213,160039.0,166521.0,4100.0,4110.0,4012.0,4092.6,25119675,4501.8,3683.4,4440.0,3288.1,4024.8,153,4,4024.6,68,2,4024.5,250,6,4024.4,17,2,4024.3,39,2,4024.9,4,1,4025.4,9,2,4025.7,273,3,4025.9,14,1,4026.0,11,2
11483,2026-07-02 13:11:22+05:30,4024.9,4,4038.14,1354213,160039.0,166521.0,4100.0,4110.0,4012.0,4092.6,25119675,4501.8,3683.4,4440.0,3288.1,4024.8,153,4,4024.6,68,2,4024.5,250,6,4024.4,17,2,4024.3,39,2,4024.9,4,1,4025.4,9,2,4025.7,273,3,4025.9,14,1,4026.0,11,2
11483,2026-07-02 13:11:23+05:30,4025.4,5,4038.14,1354233,160136.0,166569.0,4100.0,4110.0,4012.0,4092.6,25119675,4501.8,3683.4,4440.0,3288.1,4024.9,48,1,4024.8,190,6,4024.7,21,1,4024.6,69,3,4024.5,226,4,4025.4,3,1,4025.7,273,3,4025.9,14,1,4026.0,11,2,4026.2,71,2
11483,2026-07-02 13:11:23+05:30,4025.4,1,4038.14,1354233,160136.0,166569.0,4100.0,4110.0,4012.0,4092.6,25119675,4501.8,3683.4,4440.0,3288.1,4024.9,48,1,4024.8,190,6,4024.7,21,1,4024.6,69,3,4024.5,226,4,4025.4,3,1,4025.7,273,3,4025.9,14,1,4026.0,11,2,4026.2,71,2
11483,2026-07-02 13:11:24+05:30,4025.4,7,4038.14,1354263,160574.0,165494.0,4100.0,4110.0,4012.0,4092.6,25119675,4501.8,3683.4,4440.0,3288.1,4025.4,6,1,4025.0,47,5,4024.9,66,4,4024.8,166,5,4024.7,53,3,4025.7,273,3,4025.9,14,1,4026.0,11,2,4026.2,50,1,4026.4,15,1
11483,2026-07-02 13:11:24+05:30,4025.0,10,4038.14,1354263,160574.0,165494.0,4100.0,4110.0,4012.0,4092.6,25119675,4501.8,3683.4,4440.0,3288.1,4025.4,6,1,4025.0,47,5,4024.9,66,4,4024.8,166,5,4024.7,53,3,4025.7,273,3,4025.9,14,1,4026.0,11,2,4026.2,50,1,4026.4,15,1
11483,2026-07-02 13:11:25+05:30,4025.4,1,4038.14,1354317,160342.0,165878.0,4100.0,4110.0,4012.0,4092.6,25119675,4501.8,3683.4,4440.0,3288.1,4025.0,46,6,4024.9,51,3,4024.8,147,4,4024.7,33,2,4024.6,119,4,4025.4,1,1,4025.7,273,3,4025.9,14,1,4026.0,221,3,4026.2,50,1
11483,2026-07-02 13:11:25+05:30,4025.0,5,4038.14,1354317,160342.0,165878.0,4100.0,4110.0,4012.0,4092.6,25119675,4501.8,3683.4,4440.0,3288.1,4025.0,46,6,4024.9,51,3,4024.8,147,4,4024.7,33,2,4024.6,119,4,4025.4,1,1,4025.7,273,3,4025.9,14,1,4026.0,221,3,4026.2,50,1
11483,2026-07-02 13:11:26+05:30,4025.4,2,4038.14,1354443,160496.0,165867.0,4100.0,4110.0,4012.0,4092.6,25119675,4501.8,3683.4,4440.0,3288.1,4025.4,1,1,4025.0,24,1,4024.9,16,1,4024.8,108,2,4024.7,12,1,4025.7,273,3,4025.9,14,1,4026.0,221,3,4026.2,50,1,4026.4,15,1
11483,2026-07-02 13:11:26+05:30,4025.7,5,4038.14,1354443,160496.0,165867.0,4100.0,4110.0,4012.0,4092.6,25119675,4501.8,3683.4,4440.0,3288.1,4025.4,1,1,4025.0,24,1,4024.9,16,1,4024.8,108,2,4024.7,12,1,4025.7,273,3,4025.9,14,1,4026.0,221,3,4026.2,50,1,4026.4,15,1
11483,2026-07-02 13:11:27+05:30,4025.0,78,4038.13,1355255,160681.0,166148.0,4100.0,4110.0,4012.0,4092.6,25119675,4501.8,3683.4,4440.0,3288.1,4025.0,81,5,4024.9,45,4,4024.8,113,3,4024.7,98,4,4024.6,90,3,4025.7,11,2,4025.9,14,1,4026.0,221,3,4026.2,50,1,4026.4,15,1
11483,2026-07-02 13:11:27+05:30,4025.0,12,4038.13,1355255,160681.0,166148.0,4100.0,4110.0,4012.0,4092.6,25119675,4501.8,3683.4,4440.0,3288.1,4025.0,81,5,4024.9,45,4,4024.8,113,3,4024.7,98,4,4024.6,90,3,4025.7,11,2,4025.9,14,1,4026.0,221,3,4026.2,50,1,4026.4,15,1
11483,2026-07-02 13:11:28+05:30,4026.0,79,4038.13,1355554,160760.0,165751.0,4100.0,4110.0,4012.0,4092.6,25119675,4501.8,3683.4,4440.0,3288.1,4025.0,61,6,4024.9,45,4,4024.8,187,5,4024.7,95,3,4024.6,73,3,4026.0,131,1,4026.2,50,1,4026.4,15,1,4026.5,17,2,4026.6,2,1
11483,2026-07-02 13:11:28+05:30,4025.0,22,4038.13,1355554,160760.0,165751.0,4100.0,4110.0,4012.0,4092.6,25119675,4501.8,3683.4,4440.0,3288.1,4025.0,61,6,4024.9,45,4,4024.8,187,5,4024.7,95,3,4024.6,73,3,4026.0,131,1,4026.2,50,1,4026.4,15,1,4026.5,17,2,4026.6,2,1
11483,2026-07-02 13:11:29+05:30,4025.0,4,4038.12,1355665,160410.0,166364.0,4100.0,4110.0,4012.0,4092.6,25119675,4501.8,3683.4,4440.0,3288.1,4024.9,25,4,4024.8,171,6,4024.7,55,2,4024.6,82,3,4024.5,226,4,4025.0,3,1,4026.0,131,1,4026.2,50,1,4026.4,15,1,4026.5,17,2
11483,2026-07-02 13:11:29+05:30,4024.9,1,4038.12,1355665,160410.0,166364.0,4100.0,4110.0,4012.0,4092.6,25119675,4501.8,3683.4,4440.0,3288.1,4024.9,25,4,4024.8,171,6,4024.7,55,2,4024.6,82,3,4024.5,226,4,4025.0,3,1,4026.0,131,1,4026.2,50,1,4026.4,15,1,4026.5,17,2
11483,2026-07-02 13:11:30+05:30,4024.9,1,4038.12,1355679,160539.0,166366.0,4100.0,4110.0,4012.0,4092.6,25119675,4501.8,3683.4,4440.0,3288.1,4024.9,1,1,4024.8,189,6,4024.7,55,2,4024.6,70,2,4024.5,226,4,4025.0,5,2,4026.0,131,1,4026.2,50,1,4026.4,15,1,4026.5,17,2
11483,2026-07-02 13:11:30+05:30,4025.0,2,4038.12,1355679,160539.0,166366.0,4100.0,4110.0,4012.0,4092.6,25119675,4501.8,3683.4,4440.0,3288.1,4024.9,1,1,4024.8,189,6,4024.7,55,2,4024.6,70,2,4024.5,226,4,4025.0,5,2,4026.0,131,1,4026.2,50,1,4026.4,15,1,4026.5,17,2
11483,2026-07-02 13:11:31+05:30,4026.0,4,4038.12,1355689,161174.0,166280.0,4100.0,4110.0,4012.0,4092.6,25119675,4501.8,3683.4,4440.0,3288.1,4025.5,24,4,4025.1,59,2,4025.0,45,5,4024.9,49,2,4024.8,202,6,4026.0,127,1,4026.2,50,1,4026.4,15,1,4026.5,17,2,4026.6,2,1
11483,2026-07-02 13:11:31+05:30,4025.0,13,4038.12,1355689,161174.0,166280.0,4100.0,4110.0,4012.0,4092.6,25119675,4501.8,3683.4,4440.0,3288.1,4025.5,24,4,4025.1,59,2,4025.0,45,5,4024.9,49,2,4024.8,202,6,4026.0,127,1,4026.2,50,1,4026.4,15,1,4026.5,17,2,4026.6,2,1
11483,2026-07-02 13:11:32+05:30,4025.0,71,4038.12,1355992,160261.0,166086.0,4100.0,4110.0,4012.0,4092.6,25119675,4501.8,3683.4,4440.0,3288.1,4024.9,139,5,4024.8,158,3,4024.7,50,1,4024.6,73,3,4024.5,226,4,4025.0,100,1,4026.0,79,1,4026.1,5,1,4026.2,50,1,4026.4,15,1
11483,2026-07-02 13:11:32+05:30,4024.9,35,4038.12,1355992,160261.0,166086.0,4100.0,4110.0,4012.0,4092.6,25119675,4501.8,3683.4,4440.0,3288.1,4024.9,139,5,4024.8,158,3,4024.7,50,1,4024.6,73,3,4024.5,226,4,4025.0,100,1,4026.0,79,1,4026.1,5,1,4026.2,50,1,4026.4,15,1
11483,2026-07-02 13:11:33+05:30,4025.0,48,4038.12,1356232,159501.0,165750.0,4100.0,4110.0,4012.0,4092.6,25119675,4501.8,3683.4,4440.0,3288.1,4024.9,97,4,4024.8,158,3,4024.7,59,2,4024.6,76,4,4024.5,226,4,4025.0,4,1,4026.0,79,1,4026.1,5,1,4026.2,50,1,4026.4,15,1
11483,2026-07-02 13:11:33+05:30,4024.9,29,4038.12,1356232,159501.0,165750.0,4100.0,4110.0,4012.0,4092.6,25119675,4501.8,3683.4,4440.0,3288.1,4024.9,97,4,4024.8,158,3,4024.7,59,2,4024.6,76,4,4024.5,226,4,4025.0,4,1,4026.0,79,1,4026.1,5,1,4026.2,50,1,4026.4,15,1
11483,2026-07-02 13:11:34+05:30,4025.0,20,4038.12,1356281,159699.0,166585.0,4100.0,4110.0,4012.0,4092.6,25119675,4501.8,3683.4,4440.0,3288.1,4024.8,152,4,4024.6,20,1,4024.5,226,4,4024.3,84,3,4024.2,74,2,4025.0,100,1,4026.0,101,2,4026.1,34,1,4026.2,50,1,4026.4,15,1
11483,2026-07-02 13:11:34+05:30,4024.8,6,4038.12,1356281,159699.0,166585.0,4100.0,4110.0,4012.0,4092.6,25119675,4501.8,3683.4,4440.0,3288.1,4024.8,152,4,4024.6,20,1,4024.5,226,4,4024.3,84,3,4024.2,74,2,4025.0,100,1,4026.0,101,2,4026.1,34,1,4026.2,50,1,4026.4,15,1
11483,2026-07-02 13:11:35+05:30,4025.0,1,4038.12,1356288,159784.0,166803.0,4100.0,4110.0,4012.0,4092.6,25119675,4501.8,3683.4,4440.0,3288.1,4024.8,157,5,4024.6,20,1,4024.5,226,4,4024.3,67,3,4024.2,74,2,4025.0,99,1,4026.0,151,3,4026.1,34,1,4026.4,15,1,4026.5,68,4
11483,2026-07-02 13:11:35+05:30,4025.0,1,4038.12,1356288,159784.0,166803.0,4100.0,4110.0,4012.0,4092.6,25119675,4501.8,3683.4,4440.0,3288.1,4024.8,157,5,4024.6,20,1,4024.5,226,4,4024.3,67,3,4024.2,74,2,4025.0,99,1,4026.0,151,3,4026.1,34,1,4026.4,15,1,4026.5,68,4
11483,2026-07-02 13:11:36+05:30,4025.0,3,4038.11,1356751,159953.0,166516.0,4100.0,4110.0,4012.0,4092.6,25119675,4501.8,3683.4,4440.0,3288.1,4024.9,6,1,4024.8,163,6,4024.6,72,3,4024.5,241,5,4024.4,50,1,4025.0,86,2,4026.0,129,2,4026.4,37,2,4026.5,51,3,4026.6,2,1
11483,2026-07-02 13:11:36+05:30,4024.9,6,4038.11,1356751,159953.0,166516.0,4100.0,4110.0,4012.0,4092.6,25119675,4501.8,3683.4,4440.0,3288.1,4024.9,6,1,4024.8,163,6,4024.6,72,3,4024.5,241,5,4024.4,50,1,4025.0,86,2,4026.0,129,2,4026.4,37,2,4026.5,51,3,4026.6,2,1
11483,2026-07-02 13:11:37+05:30,4024.9,2,4038.11,1356769,160095.0,166762.0,4100.0,4110.0,4012.0,4092.6,25119675,4501.8,3683.4,4440.0,3288.1,4024.8,137,5,4024.6,72,3,4024.5,224,3,4024.4,50,1,4024.3,67,3,4024.9,4,1,4025.0,86,2,4025.7,75,2,4026.0,129,2,4026.4,37,2
11483,2026-07-02 13:11:37+05:30,4024.8,2,4038.11,1356769,160095.0,166762.0,4100.0,4110.0,4012.0,4092.6,25119675,4501.8,3683.4,4440.0,3288.1,4024.8,137,5,4024.6,72,3,4024.5,224,3,4024.4,50,1,4024.3,67,3,4024.9,4,1,4025.0,86,2,4025.7,75,2,4026.0,129,2,4026.4,37,2
11483,2026-07-02 13:11:38+05:30,4024.9,34,4038.11,1356811,160095.0,166559.0,4100.0,4110.0,4012.0,4092.6,25119675,4501.8,3683.4,4440.0,3288.1,4024.8,135,5,4024.6,70,2,4024.5,224,3,4024.4,50,1,4024.3,67,3,4025.0,86,2,4025.7,75,2,4026.0,163,3,4026.4,37,2,4026.5,51,3
11483,2026-07-02 13:11:38+05:30,4024.8,5,4038.11,1356811,160095.0,166559.0,4100.0,4110.0,4012.0,4092.6,25119675,4501.8,3683.4,4440.0,3288.1,4024.8,135,5,4024.6,70,2,4024.5,224,3,4024.4,50,1,4024.3,67,3,4025.0,86,2,4025.7,75,2,4026.0,163,3,4026.4,37,2,4026.5,51,3
11483,2026-07-02 13:11:39+05:30,4025.7,1,4038.11,1357046,160533.0,166492.0,4100.0,4110.0,4012.0,4092.6,25119675,4501.8,3683.4,4440.0,3288.1,4025.0,28,4,4024.9,6,1,4024.8,109,5,4024.7,63,2,4024.6,104,3,4025.7,73,2,4026.0,129,2,4026.4,15,1,4026.5,51,3,4026.6,2,1
11483,2026-07-02 13:11:39+05:30,4025.0,6,4038.11,1357046,160533.0,166492.0,4100.0,4110.0,4012.0,4092.6,25119675,4501.8,3683.4,4440.0,3288.1,4025.0,28,4,4024.9,6,1,4024.8,109,5,4024.7,63,2,4024.6,104,3,4025.7,73,2,4026.0,129,2,4026.4,15,1,4026.5,51,3,4026.6,2,1
11483,2026-07-02 13:11:40+05:30,4025.0,7,4038.11,1357104,160726.0,166167.0,4100.0,4110.0,4012.0,4092.6,25119675,4501.8,3683.4,4440.0,3288.1,4025.1,7,1,4025.0,30,2,4024.9,6,1,4024.8,131,6,4024.7,64,3,4025.7,73,2,4026.0,129,2,4026.4,15,1,4026.5,51,3,4026.6,2,1
11483,2026-07-02 13:11:40+05:30,4025.0,24,4038.11,1357104,160726.0,166167.0,4100.0,4110.0,4012.0,4092.6,25119675,4501.8,3683.4,4440.0,3288.1,4025.1,7,1,4025.0,30,2,4024.9,6,1,4024.8,131,6,4024.7,64,3,4025.7,73,2,4026.0,129,2,4026.4,15,1,4026.5,51,3,4026.6,2,1
11483,2026-07-02 13:11:41+05:30,4025.0,20,4038.11,1357430,160579.0,166563.0,4100.0,4110.0,4012.0,4092.6,25119675,4501.8,3683.4,4440.0,3288.1,4024.9,88,5,4024.8,115,6,4024.7,52,2,4024.6,82,3,4024.5,224,3,4025.0,51,1,4025.1,1,1,4025.5,100,1,4025.7,73,2,4026.0,129,2
11483,2026-07-02 13:11:41+05:30,4025.0,20,4038.11,1357430,160579.0,166563.0,4100.0,4110.0,4012.0,4092.6,25119675,4501.8,3683.4,4440.0,3288.1,4024.9,88,5,4024.8,115,6,4024.7,52,2,4024.6,82,3,4024.5,224,3,4025.0,51,1,4025.1,1,1,4025.5,100,1,4025.7,73,2,4026.0,129,2
11483,2026-07-02 13:11:42+05:30,4025.0,16,4038.11,1357544,160618.0,166579.0,4100.0,4110.0,4012.0,4092.6,25119675,4501.8,3683.4,4440.0,3288.1,4024.9,44,3,4024.8,113,5,4024.7,52,2,4024.6,82,3,4024.5,224,3,4025.0,89,1,4025.1,1,1,4025.5,100,1,4025.7,73,2,4026.0,129,2
11483,2026-07-02 13:11:42+05:30,4024.9,10,4038.11,1357544,160618.0,166579.0,4100.0,4110.0,4012.0,4092.6,25119675,4501.8,3683.4,4440.0,3288.1,4024.9,44,3,4024.8,113,5,4024.7,52,2,4024.6,82,3,4024.5,224,3,4025.0,89,1,4025.1,1,1,4025.5,100,1,4025.7,73,2,4026.0,129,2
11483,2026-07-02 13:11:43+05:30,4025.0,1,4038.11,1357559,160619.0,166581.0,4100.0,4110.0,4012.0,4092.6,25119675,4501.8,3683.4,4440.0,3288.1,4024.9,43,3,4024.8,113,5,4024.7,52,2,4024.6,82,3,4024.5,224,3,4025.0,88,1,4025.1,1,1,4025.5,100,1,4025.7,73,2,4026.0,129,2
11483,2026-07-02 13:11:43+05:30,4025.0,2,4038.11,1357559,160619.0,166581.0,4100.0,4110.0,4012.0,4092.6,25119675,4501.8,3683.4,4440.0,3288.1,4024.9,43,3,4024.8,113,5,4024.7,52,2,4024.6,82,3,4024.5,224,3,4025.0,88,1,4025.1,1,1,4025.5,100,1,4025.7,73,2,4026.0,129,2
11483,2026-07-02 13:11:44+05:30,4025.0,1,4038.11,1357584,160629.0,166566.0,4100.0,4110.0,4012.0,4092.6,25119675,4501.8,3683.4,4440.0,3288.1,4024.9,41,3,4024.8,112,4,4024.7,52,2,4024.6,82,3,4024.5,239,4,4025.0,65,1,4025.1,1,1,4025.5,100,1,4025.7,73,2,4026.0,129,2
11483,2026-07-02 13:11:44+05:30,4024.9,3,4038.11,1357584,160629.0,166566.0,4100.0,4110.0,4012.0,4092.6,25119675,4501.8,3683.4,4440.0,3288.1,4024.9,41,3,4024.8,112,4,4024.7,52,2,4024.6,82,3,4024.5,239,4,4025.0,65,1,4025.1,1,1,4025.5,100,1,4025.7,73,2,4026.0,129,2
11483,2026-07-02 13:11:45+05:30,4025.0,25,4038.11,1357612,160626.0,166577.0,4100.0,4110.0,4012.0,4092.6,25119675,4501.8,3683.4,4440.0,3288.1,4024.9,38,3,4024.8,112,4,4024.7,52,2,4024.6,82,3,4024.5,239,4,4025.0,40,1,4025.1,1,1,4025.5,100,1,4025.7,73,2,4026.0,129,2
11483,2026-07-02 13:11:45+05:30,4024.9,3,4038.11,1357612,160626.0,166577.0,4100.0,4110.0,4012.0,4092.6,25119675,4501.8,3683.4,4440.0,3288.1,4024.9,38,3,4024.8,112,4,4024.7,52,2,4024.6,82,3,4024.5,239,4,4025.0,40,1,4025.1,1,1,4025.5,100,1,4025.7,73,2,4026.0,129,2
11483,2026-07-02 13:11:46+05:30,4025.0,7,4038.11,1357627,160623.0,166583.0,4100.0,4110.0,4012.0,4092.6,25119675,4501.8,3683.4,4440.0,3288.1,4024.9,35,3,4024.8,112,4,4024.7,52,2,4024.6,82,3,4024.5,239,4,4025.0,28,1,4025.1,1,1,4025.5,100,1,4025.7,73,2,4026.0,129,2
11483,2026-07-02 13:11:46+05:30,4025.0,1,4038.11,1357627,160623.0,166583.0,4100.0,4110.0,4012.0,4092.6,25119675,4501.8,3683.4,4440.0,3288.1,4024.9,35,3,4024.8,112,4,4024.7,52,2,4024.6,82,3,4024.5,239,4,4025.0,28,1,4025.1,1,1,4025.5,100,1,4025.7,73,2,4026.0,129,2
11483,2026-07-02 13:11:47+05:30,4025.0,1,4038.11,1357630,160675.0,166552.0,4100.0,4110.0,4012.0,4092.6,25119675,4501.8,3683.4,4440.0,3288.1,4024.9,33,3,4024.8,106,3,4024.7,52,2,4024.6,82,3,4024.5,239,4,4025.0,29,2,4025.1,1,1,4025.5,100,1,4025.6,15,1,4025.7,73,2
11483,2026-07-02 13:11:48+05:30,4025.0,8,4038.11,1357638,160684.0,166542.0,4100.0,4110.0,4012.0,4092.6,25119675,4501.8,3683.4,4440.0,3288.1,4024.9,33,3,4024.8,106,3,4024.7,52,2,4024.6,82,3,4024.5,224,3,4025.0,21,2,4025.1,1,1,4025.5,100,1,4025.6,65,2,4025.7,73,2
11483,2026-07-02 13:11:48+05:30,4024.9,1,4038.11,1357638,160684.0,166542.0,4100.0,4110.0,4012.0,4092.6,25119675,4501.8,3683.4,4440.0,3288.1,4024.9,33,3,4024.8,106,3,4024.7,52,2,4024.6,82,3,4024.5,224,3,4025.0,21,2,4025.1,1,1,4025.5,100,1,4025.6,65,2,4025.7,73,2
11483,2026-07-02 13:11:49+05:30,4024.9,1,4038.11,1357639,160763.0,167043.0,4100.0,4110.0,4012.0,4092.6,25119675,4501.8,3683.4,4440.0,3288.1,4024.9,18,3,4024.8,130,4,4024.7,52,2,4024.6,70,2,4024.5,224,3,4025.0,521,3,4025.1,1,1,4025.5,100,1,4025.6,65,2,4025.7,73,2
11483,2026-07-02 13:11:49+05:30,4024.9,1,4038.11,1357639,160763.0,167043.0,4100.0,4110.0,4012.0,4092.6,25119675,4501.8,3683.4,4440.0,3288.1,4024.9,18,3,4024.8,130,4,4024.7,52,2,4024.6,70,2,4024.5,224,3,4025.0,521,3,4025.1,1,1,4025.5,100,1,4025.6,65,2,4025.7,73,2
11483,2026-07-02 13:11:50+05:30,4024.9,1,4038.11,1357640,160526.0,167046.0,4100.0,4110.0,4012.0,4092.6,25119675,4501.8,3683.4,4440.0,3288.1,4024.9,17,3,4024.8,130,4,4024.7,52,2,4024.6,70,2,4024.5,224,3,4025.0,521,3,4025.1,1,1,4025.5,100,1,4025.6,65,2,4025.7,73,2
11483,2026-07-02 13:11:51+05:30,4025.0,1,4038.11,1357641,160526.0,167039.0,4100.0,4110.0,4012.0,4092.6,25119675,4501.8,3683.4,4440.0,3288.1,4024.9,17,3,4024.8,130,4,4024.7,52,2,4024.6,70,2,4024.5,224,3,4025.0,521,4,4025.1,1,1,4025.5,100,1,4025.6,65,2,4025.7,73,2
11483,2026-07-02 13:11:51+05:30,4025.0,1,4038.11,1357641,160526.0,167039.0,4100.0,4110.0,4012.0,4092.6,25119675,4501.8,3683.4,4440.0,3288.1,4024.9,17,3,4024.8,130,4,4024.7,52,2,4024.6,70,2,4024.5,224,3,4025.0,521,4,4025.1,1,1,4025.5,100,1,4025.6,65,2,4025.7,73,2
11483,2026-07-02 13:11:52+05:30,4025.0,1,4038.11,1357641,160573.0,167033.0,4100.0,4110.0,4012.0,4092.6,25119675,4501.8,3683.4,4440.0,3288.1,4024.9,17,3,4024.8,130,4,4024.7,52,2,4024.6,70,2,4024.5,224,3,4025.0,521,4,4025.1,1,1,4025.5,100,1,4025.6,65,2,4025.7,73,2
11483,2026-07-02 13:11:53+05:30,4025.0,3,4038.11,1357653,160573.0,167021.0,4100.0,4110.0,4012.0,4092.6,25119675,4501.8,3683.4,4440.0,3288.1,4024.9,17,3,4024.8,130,4,4024.7,52,2,4024.6,70,2,4024.5,224,3,4025.0,509,4,4025.1,1,1,4025.5,100,1,4025.6,65,2,4025.7,73,2
11483,2026-07-02 13:11:53+05:30,4024.9,1,4038.11,1357653,160573.0,167021.0,4100.0,4110.0,4012.0,4092.6,25119675,4501.8,3683.4,4440.0,3288.1,4024.9,17,3,4024.8,130,4,4024.7,52,2,4024.6,70,2,4024.5,224,3,4025.0,509,4,4025.1,1,1,4025.5,100,1,4025.6,65,2,4025.7,73,2
11483,2026-07-02 13:11:54+05:30,4025.0,1,4038.11,1357657,160569.0,167046.0,4100.0,4110.0,4012.0,4092.6,25119675,4501.8,3683.4,4440.0,3288.1,4024.9,1,1,4024.8,127,4,4024.7,52,2,4024.6,70,2,4024.5,200,2,4025.0,507,4,4025.1,1,1,4025.5,100,1,4025.6,65,2,4025.7,73,2
11483,2026-07-02 13:11:54+05:30,4024.9,1,4038.11,1357657,160569.0,167046.0,4100.0,4110.0,4012.0,4092.6,25119675,4501.8,3683.4,4440.0,3288.1,4024.9,1,1,4024.8,127,4,4024.7,52,2,4024.6,70,2,4024.5,200,2,4025.0,507,4,4025.1,1,1,4025.5,100,1,4025.6,65,2,4025.7,73,2
11483,2026-07-02 13:11:55+05:30,4024.9,1,4038.11,1357659,160763.0,167062.0,4100.0,4110.0,4012.0,4092.6,25119675,4501.8,3683.4,4440.0,3288.1,4024.9,47,1,4024.8,106,3,4024.7,2,1,4024.6,70,2,4024.5,224,3,4025.0,508,4,4025.1,1,1,4025.5,100,1,4025.6,65,2,4025.7,73,2
11483,2026-07-02 13:11:55+05:30,4025.0,222,4038.11,1357659,160763.0,167062.0,4100.0,4110.0,4012.0,4092.6,25119675,4501.8,3683.4,4440.0,3288.1,4024.9,47,1,4024.8,106,3,4024.7,2,1,4024.6,70,2,4024.5,224,3,4025.0,508,4,4025.1,1,1,4025.5,100,1,4025.6,65,2,4025.7,73,2
11483,2026-07-02 13:11:56+05:30,4025.0,1,4038.1,1357962,160787.0,166823.0,4100.0,4110.0,4012.0,4092.6,25119675,4501.8,3683.4,4440.0,3288.1,4024.9,47,1,4024.8,130,4,4024.7,2,1,4024.6,70,2,4024.5,224,3,4025.0,310,3,4025.1,1,1,4025.5,100,1,4025.6,65,2,4025.7,73,2
11483,2026-07-02 13:11:56+05:30,4025.0,105,4038.1,1357962,160787.0,166823.0,4100.0,4110.0,4012.0,4092.6,25119675,4501.8,3683.4,4440.0,3288.1,4024.9,47,1,4024.8,130,4,4024.7,2,1,4024.6,70,2,4024.5,224,3,4025.0,310,3,4025.1,1,1,4025.5,100,1,4025.6,65,2,4025.7,73,2
11483,2026-07-02 13:11:57+05:30,4024.9,3,4038.1,1358506,160472.0,166424.0,4100.0,4110.0,4012.0,4092.6,25119675,4501.8,3683.4,4440.0,3288.1,4024.9,18,3,4024.8,102,4,4024.7,2,1,4024.6,70,2,4024.5,224,3,4025.0,105,1,4025.1,1,1,4025.5,100,1,4025.6,65,2,4025.7,73,2
11483,2026-07-02 13:11:57+05:30,4025.0,52,4038.1,1358506,160472.0,166424.0,4100.0,4110.0,4012.0,4092.6,25119675,4501.8,3683.4,4440.0,3288.1,4024.9,18,3,4024.8,102,4,4024.7,2,1,4024.6,70,2,4024.5,224,3,4025.0,105,1,4025.1,1,1,4025.5,100,1,4025.6,65,2,4025.7,73,2
11483,2026-07-02 13:11:58+05:30,4025.0,19,4038.1,1358643,160449.0,166351.0,4100.0,4110.0,4012.0,4092.6,25119675,4501.8,3683.4,4440.0,3288.1,4024.9,8,1,4024.8,137,6,4024.7,2,1,4024.6,82,3,4024.5,224,3,4025.0,34,1,4025.1,1,1,4025.5,100,1,4025.6,65,2,4025.7,73,2
11483,2026-07-02 13:11:58+05:30,4024.9,5,4038.1,1358643,160449.0,166351.0,4100.0,4110.0,4012.0,4092.6,25119675,4501.8,3683.4,4440.0,3288.1,4024.9,8,1,4024.8,137,6,4024.7,2,1,4024.6,82,3,4024.5,224,3,4025.0,34,1,4025.1,1,1,4025.5,100,1,4025.6,65,2,4025.7,73,2
11483,2026-07-02 13:11:59+05:30,4025.0,12,4038.1,1358675,160433.0,166379.0,4100.0,4110.0,4012.0,4092.6,25119675,4501.8,3683.4,4440.0,3288.1,4024.9,23,4,4024.8,119,5,4024.7,2,1,4024.6,79,3,4024.5,236,4,4025.0,18,1,4025.1,1,1,4025.5,100,1,4025.6,65,2,4025.7,73,2
11483,2026-07-02 13:11:59+05:30,4025.0,2,4038.1,1358675,160433.0,166379.0,4100.0,4110.0,4012.0,4092.6,25119675,4501.8,3683.4,4440.0,3288.1,4024.9,23,4,4024.8,119,5,4024.7,2,1,4024.6,79,3,4024.5,236,4,4025.0,18,1,4025.1,1,1,4025.5,100,1,4025.6,65,2,4025.7,73,2
11483,2026-07-02 13:12:00+05:30,4025.0,2,4038.1,1358708,160497.0,166367.0,4100.0,4110.0,4012.0,4092.6,25119675,4501.8,3683.4,4440.0,3288.1,4024.8,140,6,4024.7,2,1,4024.6,79,3,4024.5,239,4,4024.4,50,1,4025.0,4,1,4025.1,1,1,4025.5,100,1,4025.6,65,2,4025.7,73,2
11483,2026-07-02 13:12:00+05:30,4024.8,4,4038.1,1358708,160497.0,166367.0,4100.0,4110.0,4012.0,4092.6,25119675,4501.8,3683.4,4440.0,3288.1,4024.8,140,6,4024.7,2,1,4024.6,79,3,4024.5,239,4,4024.4,50,1,4025.0,4,1,4025.1,1,1,4025.5,100,1,4025.6,65,2,4025.7,73,2
11483,2026-07-02 13:12:01+05:30,4025.0,4,4038.1,1358720,160571.0,166466.0,4100.0,4110.0,4012.0,4092.6,25119675,4501.8,3683.4,4440.0,3288.1,4024.8,136,6,4024.7,2,1,4024.6,70,2,4024.5,224,3,4024.4,50,1,4025.0,151,2,4025.1,1,1,4025.5,100,1,4025.6,15,1,4025.7,73,2
11483,2026-07-02 13:12:01+05:30,4024.8,1,4038.1,1358720,160571.0,166466.0,4100.0,4110.0,4012.0,4092.6,25119675,4501.8,3683.4,4440.0,3288.1,4024.8,136,6,4024.7,2,1,4024.6,70,2,4024.5,224,3,4024.4,50,1,4025.0,151,2,4025.1,1,1,4025.5,100,1,4025.6,15,1,4025.7,73,2
11483,2026-07-02 13:12:02+05:30,4025.0,4,4038.09,1358771,160408.0,166385.0,4100.0,4110.0,4012.0,4092.6,25119675,4501.8,3683.4,4440.0,3288.1,4024.8,135,6,4024.6,70,2,4024.5,224,3,4024.4,50,1,4024.3,70,4,4025.0,101,1,4025.1,1,1,4025.5,100,1,4025.6,15,1,4025.7,73,2
11483,2026-07-02 13:12:02+05:30,4024.8,6,4038.09,1358771,160408.0,166385.0,4100.0,4110.0,4012.0,4092.6,25119675,4501.8,3683.4,4440.0,3288.1,4024.8,135,6,4024.6,70,2,4024.5,224,3,4024.4,50,1,4024.3,70,4,4025.0,101,1,4025.1,1,1,4025.5,100,1,4025.6,15,1,4025.7,73,2
11483,2026-07-02 13:12:03+05:30,4024.8,6,4038.09,1358777,160402.0,166364.0,4100.0,4110.0,4012.0,4092.6,25119675,4501.8,3683.4,4440.0,3288.1,4024.8,129,6,4024.6,70,2,4024.5,224,3,4024.4,50,1,4024.3,70,4,4025.0,101,1,4025.1,1,1,4025.5,100,1,4025.6,15,1,4025.7,73,2
11483,2026-07-02 13:12:03+05:30,4024.8,1,4038.09,1358777,160402.0,166364.0,4100.0,4110.0,4012.0,4092.6,25119675,4501.8,3683.4,4440.0,3288.1,4024.8,129,6,4024.6,70,2,4024.5,224,3,4024.4,50,1,4024.3,70,4,4025.0,101,1,4025.1,1,1,4025.5,100,1,4025.6,15,1,4025.7,73,2
11483,2026-07-02 13:12:04+05:30,4025.0,2,4038.09,1358881,160299.0,166340.0,4100.0,4110.0,4012.0,4092.6,25119675,4501.8,3683.4,4440.0,3288.1,4024.8,128,6,4024.7,9,1,4024.6,70,2,4024.5,239,4,4024.4,50,1,4025.0,76,1,4025.1,1,1,4025.5,100,1,4025.6,15,1,4025.7,73,2
11483,2026-07-02 13:12:04+05:30,4025.0,1,4038.09,1358881,160299.0,166340.0,4100.0,4110.0,4012.0,4092.6,25119675,4501.8,3683.4,4440.0,3288.1,4024.8,128,6,4024.7,9,1,4024.6,70,2,4024.5,239,4,4024.4,50,1,4025.0,76,1,4025.1,1,1,4025.5,100,1,4025.6,15,1,4025.7,73,2
11483,2026-07-02 13:12:05+05:30,4025.0,1,4038.09,1358895,160383.0,166359.0,4100.0,4110.0,4012.0,4092.6,25119675,4501.8,3683.4,4440.0,3288.1,4024.8,115,6,4024.6,70,2,4024.5,224,3,4024.4,50,1,4024.3,91,5,4025.0,75,1,4025.1,1,1,4025.5,100,1,4025.6,15,1,4025.7,73,2
11483,2026-07-02 13:12:05+05:30,4025.0,12,4038.09,1358895,160383.0,166359.0,4100.0,4110.0,4012.0,4092.6,25119675,4501.8,3683.4,4440.0,3288.1,4024.8,115,6,4024.6,70,2,4024.5,224,3,4024.4,50,1,4024.3,91,5,4025.0,75,1,4025.1,1,1,4025.5,100,1,4025.6,15,1,4025.7,73,2
11483,2026-07-02 13:12:06+05:30,4025.0,12,4038.09,1358929,160384.0,166305.0,4100.0,4110.0,4012.0,4092.6,25119675,4501.8,3683.4,4440.0,3288.1,4024.8,115,7,4024.6,70,2,4024.5,224,3,4024.4,50,1,4024.3,88,4,4025.0,42,1,4025.1,1,1,4025.5,100,1,4025.6,15,1,4025.7,73,2
11483,2026-07-02 13:12:06+05:30,4025.0,12,4038.09,1358929,160384.0,166305.0,4100.0,4110.0,4012.0,4092.6,25119675,4501.8,3683.4,4440.0,3288.1,4024.8,115,7,4024.6,70,2,4024.5,224,3,4024.4,50,1,4024.3,88,4,4025.0,42,1,4025.1,1,1,4025.5,100,1,4025.6,15,1,4025.7,73,2
11483,2026-07-02 13:12:07+05:30,4025.0,1,4038.09,1358959,160227.0,166605.0,4100.0,4110.0,4012.0,4092.6,25119675,4501.8,3683.4,4440.0,3288.1,4024.8,108,6,4024.6,99,3,4024.5,200,2,4024.4,50,1,4024.3,67,3,4025.0,16,1,4025.1,1,1,4025.5,100,1,4025.6,15,1,4025.7,73,2
11483,2026-07-02 13:12:07+05:30,4025.0,1,4038.09,1358959,160227.0,166605.0,4100.0,4110.0,4012.0,4092.6,25119675,4501.8,3683.4,4440.0,3288.1,4024.8,108,6,4024.6,99,3,4024.5,200,2,4024.4,50,1,4024.3,67,3,4025.0,16,1,4025.1,1,1,4025.5,100,1,4025.6,15,1,4025.7,73,2
11483,2026-07-02 13:12:07+05:30,4025.0,5,4038.09,1358959,160227.0,166605.0,4100.0,4110.0,4012.0,4092.6,25119675,4501.8,3683.4,4440.0,3288.1,4024.8,108,6,4024.6,99,3,4024.5,200,2,4024.4,50,1,4024.3,67,3,4025.0,16,1,4025.1,1,1,4025.5,100,1,4025.6,15,1,4025.7,73,2
11483,2026-07-02 13:12:07+05:30,4025.0,5,4038.09,1358959,160227.0,166605.0,4100.0,4110.0,4012.0,4092.6,25119675,4501.8,3683.4,4440.0,3288.1,4024.8,108,6,4024.6,99,3,4024.5,200,2,4024.4,50,1,4024.3,67,3,4025.0,16,1,4025.1,1,1,4025.5,100,1,4025.6,15,1,4025.7,73,2
11483,2026-07-02 13:12:08+05:30,4025.0,5,4038.09,1358968,160225.0,166645.0,4100.0,4110.0,4012.0,4092.6,25119675,4501.8,3683.4,4440.0,3288.1,4024.8,104,6,4024.6,99,3,4024.5,200,2,4024.4,50,1,4024.3,67,3,4025.0,11,1,4025.1,1,1,4025.5,100,1,4025.6,15,1,4025.7,73,2
11483,2026-07-02 13:12:08+05:30,4025.0,5,4038.09,1358968,160225.0,166645.0,4100.0,4110.0,4012.0,4092.6,25119675,4501.8,3683.4,4440.0,3288.1,4024.8,104,6,4024.6,99,3,4024.5,200,2,4024.4,50,1,4024.3,67,3,4025.0,11,1,4025.1,1,1,4025.5,100,1,4025.6,15,1,4025.7,73,2
11483,2026-07-02 13:12:08+05:30,4024.8,1,4038.09,1358968,160225.0,166645.0,4100.0,4110.0,4012.0,4092.6,25119675,4501.8,3683.4,4440.0,3288.1,4024.8,104,6,4024.6,99,3,4024.5,200,2,4024.4,50,1,4024.3,67,3,4025.0,11,1,4025.1,1,1,4025.5,100,1,4025.6,15,1,4025.7,73,2
11483,2026-07-02 13:12:09+05:30,4024.8,1,4038.09,1358968,160225.0,166645.0,4100.0,4110.0,4012.0,4092.6,25119675,4501.8,3683.4,4440.0,3288.1,4024.8,104,6,4024.6,99,3,4024.5,200,2,4024.4,50,1,4024.3,67,3,4025.0,11,1,4025.1,1,1,4025.5,100,1,4025.6,15,1,4025.7,73,2
11483,2026-07-02 13:12:09+05:30,4025.0,2,4038.09,1359146,160214.0,166607.0,4100.0,4110.0,4012.0,4092.6,25119675,4501.8,3683.4,4440.0,3288.1,4024.9,1,1,4024.8,103,6,4024.6,99,3,4024.5,200,2,4024.4,50,1,4025.0,23,1,4025.1,1,1,4025.5,100,1,4025.6,15,1,4025.7,73,2
11483,2026-07-02 13:12:09+05:30,4025.0,2,4038.09,1359146,160214.0,166607.0,4100.0,4110.0,4012.0,4092.6,25119675,4501.8,3683.4,4440.0,3288.1,4024.9,1,1,4024.8,103,6,4024.6,99,3,4024.5,200,2,4024.4,50,1,4025.0,23,1,4025.1,1,1,4025.5,100,1,4025.6,15,1,4025.7,73,2
11483,2026-07-02 13:12:09+05:30,4024.9,1,4038.09,1359146,160214.0,166607.0,4100.0,4110.0,4012.0,4092.6,25119675,4501.8,3683.4,4440.0,3288.1,4024.9,1,1,4024.8,103,6,4024.6,99,3,4024.5,200,2,4024.4,50,1,4025.0,23,1,4025.1,1,1,4025.5,100,1,4025.6,15,1,4025.7,73,2
11483,2026-07-02 13:12:10+05:30,4024.9,1,4038.09,1359148,160252.0,166627.0,4100.0,4110.0,4012.0,4092.6,25119675,4501.8,3683.4,4440.0,3288.1,4024.8,103,6,4024.6,49,2,4024.5,150,1,4024.4,50,1,4024.3,67,3,4024.9,1,1,4025.0,23,1,4025.1,1,1,4025.5,100,1,4025.6,15,1
11483,2026-07-02 13:12:10+05:30,4024.9,1,4038.09,1359148,160252.0,166627.0,4100.0,4110.0,4012.0,4092.6,25119675,4501.8,3683.4,4440.0,3288.1,4024.8,103,6,4024.6,49,2,4024.5,150,1,4024.4,50,1,4024.3,67,3,4024.9,1,1,4025.0,23,1,4025.1,1,1,4025.5,100,1,4025.6,15,1
11483,2026-07-02 13:12:10+05:30,4024.8,7,4038.09,1359148,160252.0,166627.0,4100.0,4110.0,4012.0,4092.6,25119675,4501.8,3683.4,4440.0,3288.1,4024.8,103,6,4024.6,49,2,4024.5,150,1,4024.4,50,1,4024.3,67,3,4024.9,1,1,4025.0,23,1,4025.1,1,1,4025.5,100,1,4025.6,15,1
11483,2026-07-02 13:12:10+05:30,4024.8,7,4038.09,1359148,160252.0,166627.0,4100.0,4110.0,4012.0,4092.6,25119675,4501.8,3683.4,4440.0,3288.1,4024.8,103,6,4024.6,49,2,4024.5,150,1,4024.4,50,1,4024.3,67,3,4024.9,1,1,4025.0,23,1,4025.1,1,1,4025.5,100,1,4025.6,15,1
11483,2026-07-02 13:12:11+05:30,4024.9,1,4038.09,1359157,160263.0,166684.0,4100.0,4110.0,4012.0,4092.6,25119675,4501.8,3683.4,4440.0,3288.1,4024.8,95,6,4024.6,49,2,4024.5,150,1,4024.4,50,1,4024.3,67,3,4024.9,3,1,4025.0,23,1,4025.5,100,1,4025.6,15,1,4025.7,73,2
11483,2026-07-02 13:12:11+05:30,4024.9,1,4038.09,1359157,160263.0,166684.0,4100.0,4110.0,4012.0,4092.6,25134200,4501.8,3683.4,4440.0,3288.1,4024.8,95,6,4024.6,49,2,4024.5,150,1,4024.4,50,1,4024.3,67,3,4024.9,3,1,4025.0,23,1,4025.5,100,1,4025.6,15,1,4025.7,73,2
11483,2026-07-02 13:12:11+05:30,4024.9,18,4038.09,1359157,160263.0,166684.0,4100.0,4110.0,4012.0,4092.6,25134200,4501.8,3683.4,4440.0,3288.1,4024.8,95,6,4024.6,49,2,4024.5,150,1,4024.4,50,1,4024.3,67,3,4024.9,3,1,4025.0,23,1,4025.5,100,1,4025.6,15,1,4025.7,73,2
11483,2026-07-02 13:12:11+05:30,4024.9,18,4038.09,1359157,160263.0,166684.0,4100.0,4110.0,4012.0,4092.6,25134200,4501.8,3683.4,4440.0,3288.1,4024.8,95,6,4024.6,49,2,4024.5,150,1,4024.4,50,1,4024.3,67,3,4024.9,3,1,4025.0,23,1,4025.5,100,1,4025.6,15,1,4025.7,73,2
11483,2026-07-02 13:12:12+05:30,4024.9,1,4038.09,1359179,160924.0,166680.0,4100.0,4110.0,4012.0,4092.6,25134200,4501.8,3683.4,4440.0,3288.1,4024.8,74,5,4024.6,49,2,4024.5,150,1,4024.4,50,1,4024.3,55,2,4025.0,23,1,4025.5,100,1,4025.6,15,1,4025.7,73,2,4025.8,23,1
11483,2026-07-02 13:12:12+05:30,4024.9,1,4038.09,1359179,160924.0,166680.0,4100.0,4110.0,4012.0,4092.6,25134200,4501.8,3683.4,4440.0,3288.1,4024.8,74,5,4024.6,49,2,4024.5,150,1,4024.4,50,1,4024.3,55,2,4025.0,23,1,4025.5,100,1,4025.6,15,1,4025.7,73,2,4025.8,23,1
11483,2026-07-02 13:12:12+05:30,4024.8,3,4038.09,1359179,160924.0,166680.0,4100.0,4110.0,4012.0,4092.6,25134200,4501.8,3683.4,4440.0,3288.1,4024.8,74,5,4024.6,49,2,4024.5,150,1,4024.4,50,1,4024.3,55,2,4025.0,23,1,4025.5,100,1,4025.6,15,1,4025.7,73,2,4025.8,23,1
11483,2026-07-02 13:12:12+05:30,4024.8,3,4038.09,1359179,160924.0,166680.0,4100.0,4110.0,4012.0,4092.6,25134200,4501.8,3683.4,4440.0,3288.1,4024.8,74,5,4024.6,49,2,4024.5,150,1,4024.4,50,1,4024.3,55,2,4025.0,23,1,4025.5,100,1,4025.6,15,1,4025.7,73,2,4025.8,23,1
11483,2026-07-02 13:12:13+05:30,4024.8,3,4038.09,1359182,160931.0,166668.0,4100.0,4110.0,4012.0,4092.6,25134200,4501.8,3683.4,4440.0,3288.1,4024.8,71,5,4024.6,49,2,4024.5,150,1,4024.4,50,1,4024.3,55,2,4025.0,23,1,4025.5,100,1,4025.6,15,1,4025.7,73,2,4025.8,23,1
11483,2026-07-02 13:12:13+05:30,4024.8,3,4038.09,1359182,160931.0,166668.0,4100.0,4110.0,4012.0,4092.6,25134200,4501.8,3683.4,4440.0,3288.1,4024.8,71,5,4024.6,49,2,4024.5,150,1,4024.4,50,1,4024.3,55,2,4025.0,23,1,4025.5,100,1,4025.6,15,1,4025.7,73,2,4025.8,23,1
11483,2026-07-02 13:12:13+05:30,4024.8,4,4038.09,1359182,160931.0,166668.0,4100.0,4110.0,4012.0,4092.6,25134200,4501.8,3683.4,4440.0,3288.1,4024.8,71,5,4024.6,49,2,4024.5,150,1,4024.4,50,1,4024.3,55,2,4025.0,23,1,4025.5,100,1,4025.6,15,1,4025.7,73,2,4025.8,23,1
11483,2026-07-02 13:12:14+05:30,4024.9,1,4038.09,1359207,160856.0,166770.0,4100.0,4110.0,4012.0,4092.6,25134200,4501.8,3683.4,4440.0,3288.1,4024.8,7,1,4024.6,20,1,4024.5,150,1,4024.3,55,2,4024.1,91,4,4024.9,41,1,4025.0,64,2,4025.2,42,1,4025.3,5,1,4025.4,42,1
11483,2026-07-02 13:12:14+05:30,4024.8,4,4038.09,1359207,160856.0,166770.0,4100.0,4110.0,4012.0,4092.6,25134200,4501.8,3683.4,4440.0,3288.1,4024.8,7,1,4024.6,20,1,4024.5,150,1,4024.3,55,2,4024.1,91,4,4024.9,41,1,4025.0,64,2,4025.2,42,1,4025.3,5,1,4025.4,42,1
11483,2026-07-02 13:12:15+05:30,4024.8,1,4038.09,1359216,160527.0,166925.0,4100.0,4110.0,4012.0,4092.6,25134200,4501.8,3683.4,4440.0,3288.1,4024.6,20,1,4024.5,150,1,4024.3,5,1,4024.1,43,3,4024.0,647,29,4024.8,74,1,4024.9,41,1,4025.0,64,2,4025.2,42,1,4025.3,5,1
11483,2026-07-02 13:12:15+05:30,4024.6,1,4038.09,1359216,160527.0,166925.0,4100.0,4110.0,4012.0,4092.6,25134200,4501.8,3683.4,4440.0,3288.1,4024.6,20,1,4024.5,150,1,4024.3,5,1,4024.1,43,3,4024.0,647,29,4024.8,74,1,4024.9,41,1,4025.0,64,2,4025.2,42,1,4025.3,5,1
11483,2026-07-02 13:12:16+05:30,4024.8,1,4038.09,1359224,160527.0,166882.0,4100.0,4110.0,4012.0,4092.6,25134200,4501.8,3683.4,4440.0,3288.1,4024.6,18,1,4024.5,150,1,4024.3,5,1,4024.1,43,3,4024.0,647,29,4024.8,36,1,4024.9,41,1,4025.0,64,2,4025.2,42,1,4025.3,5,1
11483,2026-07-02 13:12:16+05:30,4024.6,68,4038.09,1359224,160527.0,166882.0,4100.0,4110.0,4012.0,4092.6,25134200,4501.8,3683.4,4440.0,3288.1,4024.6,18,1,4024.5,150,1,4024.3,5,1,4024.1,43,3,4024.0,647,29,4024.8,36,1,4024.9,41,1,4025.0,64,2,4025.2,42,1,4025.3,5,1
11483,2026-07-02 13:12:17+05:30,4024.8,1,4038.09,1359375,160545.0,166930.0,4100.0,4110.0,4012.0,4092.6,25134200,4501.8,3683.4,4440.0,3288.1,4024.6,20,1,4024.5,150,1,4024.3,5,1,4024.1,38,2,4024.0,647,29,4024.8,35,1,4024.9,41,1,4025.0,64,2,4025.2,42,1,4025.3,5,1
11483,2026-07-02 13:12:17+05:30,4024.6,18,4038.09,1359375,160545.0,166930.0,4100.0,4110.0,4012.0,4092.6,25134200,4501.8,3683.4,4440.0,3288.1,4024.6,20,1,4024.5,150,1,4024.3,5,1,4024.1,38,2,4024.0,647,29,4024.8,35,1,4024.9,41,1,4025.0,64,2,4025.2,42,1,4025.3,5,1
11483,2026-07-02 13:12:18+05:30,4024.6,1,4038.09,1359424,160519.0,166994.0,4100.0,4110.0,4012.0,4092.6,25134200,4501.8,3683.4,4440.0,3288.1,4024.5,150,1,4024.3,5,1,4024.1,11,1,4024.0,647,29,4023.9,50,1,4024.6,49,1,4024.8,35,1,4024.9,41,1,4025.0,64,2,4025.2,42,1
11483,2026-07-02 13:12:18+05:30,4024.5,6,4038.09,1359424,160519.0,166994.0,4100.0,4110.0,4012.0,4092.6,25134200,4501.8,3683.4,4440.0,3288.1,4024.5,150,1,4024.3,5,1,4024.1,11,1,4024.0,647,29,4023.9,50,1,4024.6,49,1,4024.8,35,1,4024.9,41,1,4025.0,64,2,4025.2,42,1
11483,2026-07-02 13:12:19+05:30,4024.8,1,4038.09,1359431,160489.0,167400.0,4100.0,4110.0,4012.0,4092.6,25134200,4501.8,3683.4,4440.0,3288.1,4024.5,145,2,4024.3,5,1,4024.1,11,1,4024.0,597,28,4023.8,15,2,4024.8,34,1,4024.9,87,3,4025.0,22,1,4025.1,49,2,4025.3,5,1
11483,2026-07-02 13:12:19+05:30,4024.5,1,4038.09,1359431,160489.0,167400.0,4100.0,4110.0,4012.0,4092.6,25134200,4501.8,3683.4,4440.0,3288.1,4024.5,145,2,4024.3,5,1,4024.1,11,1,4024.0,597,28,4023.8,15,2,4024.8,34,1,4024.9,87,3,4025.0,22,1,4025.1,49,2,4025.3,5,1
11483,2026-07-02 13:12:19+05:30,4024.6,1,4038.09,1359433,160471.0,167382.0,4100.0,4110.0,4012.0,4092.6,25134200,4501.8,3683.4,4440.0,3288.1,4024.5,144,2,4024.1,11,1,4024.0,590,27,4023.8,15,2,4023.7,136,2,4024.6,47,1,4024.8,34,1,4024.9,45,2,4025.0,64,2,4025.1,7,1
11483,2026-07-02 13:12:20+05:30,4024.6,1,4038.09,1359433,160471.0,167382.0,4100.0,4110.0,4012.0,4092.6,25134200,4501.8,3683.4,4440.0,3288.1,4024.5,144,2,4024.1,11,1,4024.0,590,27,4023.8,15,2,4023.7,136,2,4024.6,47,1,4024.8,34,1,4024.9,45,2,4025.0,64,2,4025.1,7,1
11483,2026-07-02 13:12:20+05:30,4024.6,2,4038.09,1359438,160395.0,167793.0,4100.0,4110.0,4012.0,4092.6,25134200,4501.8,3683.4,4440.0,3288.1,4024.5,144,2,4024.1,11,1,4024.0,578,26,4023.7,136,2,4023.6,51,2,4024.8,34,1,4024.9,103,4,4025.0,22,1,4025.1,55,3,4025.2,84,4
11483,2026-07-02 13:12:21+05:30,4024.5,39,4038.09,1359438,160395.0,167793.0,4100.0,4110.0,4012.0,4092.6,25134200,4501.8,3683.4,4440.0,3288.1,4024.5,144,2,4024.1,11,1,4024.0,578,26,4023.7,136,2,4023.6,51,2,4024.8,34,1,4024.9,103,4,4025.0,22,1,4025.1,55,3,4025.2,84,4
11483,2026-07-02 13:12:22+05:30,4024.7,1,4038.09,1359484,160134.0,167900.0,4100.0,4110.0,4012.0,4092.6,25134200,4501.8,3683.4,4440.0,3288.1,4024.5,129,3,4024.1,11,1,4024.0,578,26,4023.7,12,1,4023.6,1,1,4024.7,1,1,4024.8,45,2,4024.9,87,3,4025.0,38,2,4025.1,49,2
11483,2026-07-02 13:12:22+05:30,4024.7,2,4038.09,1359484,160134.0,167900.0,4100.0,4110.0,4012.0,4092.6,25134200,4501.8,3683.4,4440.0,3288.1,4024.5,129,3,4024.1,11,1,4024.0,578,26,4023.7,12,1,4023.6,1,1,4024.7,1,1,4024.8,45,2,4024.9,87,3,4025.0,38,2,4025.1,49,2
11483,2026-07-02 13:12:23+05:30,4024.5,1,4038.09,1359618,159943.0,168062.0,4100.0,4110.0,4012.0,4092.6,25134200,4501.8,3683.4,4440.0,3288.1,4024.1,11,1,4024.0,578,26,4023.7,12,1,4023.6,1,1,4023.5,50,1,4024.5,38,1,4024.7,1,1,4024.8,29,1,4024.9,87,3,4025.0,22,1
11483,2026-07-02 13:12:23+05:30,4024.1,11,4038.09,1359618,159943.0,168062.0,4100.0,4110.0,4012.0,4092.6,25134200,4501.8,3683.4,4440.0,3288.1,4024.1,11,1,4024.0,578,26,4023.7,12,1,4023.6,1,1,4023.5,50,1,4024.5,38,1,4024.7,1,1,4024.8,29,1,4024.9,87,3,4025.0,22,1
11483,2026-07-02 13:12:24+05:30,4024.0,38,4038.09,1359670,159610.0,168065.0,4100.0,4110.0,4012.0,4092.6,25134200,4501.8,3683.4,4440.0,3288.1,4024.0,540,26,4023.6,1,1,4023.4,38,3,4023.3,112,2,4023.2,72,2,4024.1,1,1,4024.4,42,1,4024.6,42,1,4024.7,1,1,4024.8,29,1
11483,2026-07-02 13:12:24+05:30,4024.0,6,4038.09,1359670,159610.0,168065.0,4100.0,4110.0,4012.0,4092.6,25134200,4501.8,3683.4,4440.0,3288.1,4024.0,540,26,4023.6,1,1,4023.4,38,3,4023.3,112,2,4023.2,72,2,4024.1,1,1,4024.4,42,1,4024.6,42,1,4024.7,1,1,4024.8,29,1
11483,2026-07-02 13:12:25+05:30,4024.7,2,4038.09,1359686,160096.0,167941.0,4100.0,4110.0,4012.0,4092.6,25134200,4501.8,3683.4,4440.0,3288.1,4024.7,1,1,4024.1,27,2,4024.0,547,27,4023.7,12,1,4023.6,1,1,4025.0,22,1,4025.3,31,2,4025.4,43,3,4025.5,146,4,4025.6,34,3
11483,2026-07-02 13:12:25+05:30,4024.7,1,4038.09,1359686,160096.0,167941.0,4100.0,4110.0,4012.0,4092.6,25134200,4501.8,3683.4,4440.0,3288.1,4024.7,1,1,4024.1,27,2,4024.0,547,27,4023.7,12,1,4023.6,1,1,4025.0,22,1,4025.3,31,2,4025.4,43,3,4025.5,146,4,4025.6,34,3
11483,2026-07-02 13:12:26+05:30,4024.7,1,4038.09,1359707,160324.0,167758.0,4100.0,4110.0,4012.0,4092.6,25134200,4501.8,3683.4,4440.0,3288.1,4024.7,1,1,4024.1,44,3,4024.0,547,27,4023.7,12,1,4023.6,1,1,4025.0,22,1,4025.3,5,1,4025.4,2,1,4025.5,146,4,4025.6,15,1
11483,2026-07-02 13:12:26+05:30,4024.7,2,4038.09,1359707,160324.0,167758.0,4100.0,4110.0,4012.0,4092.6,25134200,4501.8,3683.4,4440.0,3288.1,4024.7,1,1,4024.1,44,3,4024.0,547,27,4023.7,12,1,4023.6,1,1,4025.0,22,1,4025.3,5,1,4025.4,2,1,4025.5,146,4,4025.6,15,1
11483,2026-07-02 13:12:27+05:30,4024.1,7,4038.09,1359729,160445.0,167790.0,4100.0,4110.0,4012.0,4092.6,25134200,4501.8,3683.4,4440.0,3288.1,4024.5,70,1,4024.1,20,2,4024.0,547,27,4023.7,32,2,4023.6,1,1,4025.0,22,1,4025.4,2,1,4025.5,144,3,4025.6,42,3,4025.7,83,3
11483,2026-07-02 13:12:27+05:30,4025.0,1,4038.09,1359729,160445.0,167790.0,4100.0,4110.0,4012.0,4092.6,25134200,4501.8,3683.4,4440.0,3288.1,4024.5,70,1,4024.1,20,2,4024.0,547,27,4023.7,32,2,4023.6,1,1,4025.0,22,1,4025.4,2,1,4025.5,144,3,4025.6,42,3,4025.7,83,3
11483,2026-07-02 13:12:28+05:30,4025.5,201,4038.08,1360177,160477.0,167235.0,4100.0,4110.0,4012.0,4092.6,25134200,4501.8,3683.4,4440.0,3288.1,4025.0,8,1,4024.5,67,1,4024.3,12,1,4024.2,2,1,4024.1,6,1,4025.5,100,1,4025.6,40,2,4025.7,125,4,4025.8,14,1,4025.9,10,1
11483,2026-07-02 13:12:28+05:30,4025.0,52,4038.08,1360177,160477.0,167235.0,4100.0,4110.0,4012.0,4092.6,25134200,4501.8,3683.4,4440.0,3288.1,4025.0,8,1,4024.5,67,1,4024.3,12,1,4024.2,2,1,4024.1,6,1,4025.5,100,1,4025.6,40,2,4025.7,125,4,4025.8,14,1,4025.9,10,1
11483,2026-07-02 13:12:29+05:30,4025.0,8,4038.08,1360237,160389.0,167496.0,4100.0,4110.0,4012.0,4092.6,25134200,4501.8,3683.4,4440.0,3288.1,4024.7,11,2,4024.5,67,1,4024.1,22,1,4024.0,556,29,4023.7,12,1,4025.0,6,1,4025.4,71,3,4025.5,131,4,4025.6,47,4,4025.7,134,5
11483,2026-07-02 13:12:29+05:30,4024.7,6,4038.08,1360237,160389.0,167496.0,4100.0,4110.0,4012.0,4092.6,25134200,4501.8,3683.4,4440.0,3288.1,4024.7,11,2,4024.5,67,1,4024.1,22,1,4024.0,556,29,4023.7,12,1,4025.0,6,1,4025.4,71,3,4025.5,131,4,4025.6,47,4,4025.7,134,5
11483,2026-07-02 13:12:30+05:30,4024.7,6,4038.08,1360244,160422.0,167423.0,4100.0,4110.0,4012.0,4092.6,25134200,4501.8,3683.4,4440.0,3288.1,4024.9,5,1,4024.7,4,1,4024.5,67,1,4024.1,22,1,4024.0,566,30,4025.0,28,5,4025.3,7,1,4025.4,71,3,4025.5,146,5,4025.6,63,4
11483,2026-07-02 13:12:30+05:30,4024.9,1,4038.08,1360244,160422.0,167423.0,4100.0,4110.0,4012.0,4092.6,25134200,4501.8,3683.4,4440.0,3288.1,4024.9,5,1,4024.7,4,1,4024.5,67,1,4024.1,22,1,4024.0,566,30,4025.0,28,5,4025.3,7,1,4025.4,71,3,4025.5,146,5,4025.6,63,4
11483,2026-07-02 13:12:31+05:30,4025.0,3,4038.08,1360250,160426.0,167383.0,4100.0,4110.0,4012.0,4092.6,25134200,4501.8,3683.4,4440.0,3288.1,4024.9,4,1,4024.7,4,1,4024.5,72,2,4024.1,22,1,4024.0,566,30,4025.0,22,4,4025.1,2,1,4025.3,7,1,4025.4,71,3,4025.5,146,5
11483,2026-07-02 13:12:31+05:30,4024.9,1,4038.08,1360250,160426.0,167383.0,4100.0,4110.0,4012.0,4092.6,25134200,4501.8,3683.4,4440.0,3288.1,4024.9,4,1,4024.7,4,1,4024.5,72,2,4024.1,22,1,4024.0,566,30,4025.0,22,4,4025.1,2,1,4025.3,7,1,4025.4,71,3,4025.5,146,5
11483,2026-07-02 13:12:32+05:30,4024.9,1,4038.08,1360251,159956.0,167460.0,4100.0,4110.0,4012.0,4092.6,25134200,4501.8,3683.4,4440.0,3288.1,4024.9,3,1,4024.7,4,1,4024.5,72,2,4024.1,15,1,4024.0,541,29,4025.0,22,4,4025.2,3,1,4025.3,1,1,4025.4,71,3,4025.5,146,5
11483,2026-07-02 13:12:33+05:30,4024.7,10,4038.08,1360268,159567.0,167594.0,4100.0,4110.0,4012.0,4092.6,25134200,4501.8,3683.4,4440.0,3288.1,4024.7,10,1,4024.5,72,2,4024.0,524,27,4023.9,25,1,4023.7,12,1,4024.9,42,5,4025.0,19,4,4025.2,3,1,4025.3,1,1,4025.4,78,4
11483,2026-07-02 13:12:33+05:30,4024.7,8,4038.08,1360268,159567.0,167594.0,4100.0,4110.0,4012.0,4092.6,25134200,4501.8,3683.4,4440.0,3288.1,4024.7,10,1,4024.5,72,2,4024.0,524,27,4023.9,25,1,4023.7,12,1,4024.9,42,5,4025.0,19,4,4025.2,3,1,4025.3,1,1,4025.4,78,4
11483,2026-07-02 13:12:34+05:30,4024.5,5,4038.08,1360268,159567.0,167594.0,4100.0,4110.0,4012.0,4092.6,25134200,4501.8,3683.4,4440.0,3288.1,4024.7,10,1,4024.5,72,2,4024.0,524,27,4023.9,25,1,4023.7,12,1,4024.9,42,5,4025.0,19,4,4025.2,3,1,4025.3,1,1,4025.4,78,4
11483,2026-07-02 13:12:34+05:30,4024.5,5,4038.08,1360370,159239.0,168112.0,4100.0,4110.0,4012.0,4092.6,25134200,4501.8,3683.4,4440.0,3288.1,4024.0,511,26,4023.9,25,1,4023.7,12,1,4023.6,1,1,4023.4,13,1,4024.8,17,3,4024.9,4,2,4025.0,29,4,4025.1,16,1,4025.2,3,1
11483,2026-07-02 13:12:35+05:30,4024.8,4,4038.08,1360370,159239.0,168112.0,4100.0,4110.0,4012.0,4092.6,25134200,4501.8,3683.4,4440.0,3288.1,4024.0,511,26,4023.9,25,1,4023.7,12,1,4023.6,1,1,4023.4,13,1,4024.8,17,3,4024.9,4,2,4025.0,29,4,4025.1,16,1,4025.2,3,1
11483,2026-07-02 13:12:35+05:30,4024.8,4,4038.08,1360387,159196.0,168188.0,4100.0,4110.0,4012.0,4092.6,25134200,4501.8,3683.4,4440.0,3288.1,4024.0,499,26,4023.9,25,1,4023.7,12,1,4023.6,1,1,4023.4,13,1,4024.8,12,2,4024.9,54,4,4025.0,37,4,4025.1,48,2,4025.2,3,1
11483,2026-07-02 13:12:36+05:30,4024.0,83,4038.08,1360387,159196.0,168188.0,4100.0,4110.0,4012.0,4092.6,25134200,4501.8,3683.4,4440.0,3288.1,4024.0,499,26,4023.9,25,1,4023.7,12,1,4023.6,1,1,4023.4,13,1,4024.8,12,2,4024.9,54,4,4025.0,37,4,4025.1,48,2,4025.2,3,1
11483,2026-07-02 13:12:36+05:30,4024.0,83,4038.08,1360528,159066.0,168238.0,4100.0,4110.0,4012.0,4092.6,25134200,4501.8,3683.4,4440.0,3288.1,4024.0,358,21,4023.9,25,1,4023.7,12,1,4023.6,1,1,4023.4,13,1,4024.7,49,5,4024.8,46,4,4024.9,2,1,4025.0,4,2,4025.1,48,2
11483,2026-07-02 13:12:37+05:30,4024.5,10,4038.08,1360528,159066.0,168238.0,4100.0,4110.0,4012.0,4092.6,25134200,4501.8,3683.4,4440.0,3288.1,4024.0,358,21,4023.9,25,1,4023.7,12,1,4023.6,1,1,4023.4,13,1,4024.7,49,5,4024.8,46,4,4024.9,2,1,4025.0,4,2,4025.1,48,2
11483,2026-07-02 13:12:37+05:30,4024.5,10,4038.08,1360555,159003.0,168521.0,4100.0,4110.0,4012.0,4092.6,25134200,4501.8,3683.4,4440.0,3288.1,4024.0,325,19,4023.9,25,1,4023.6,1,1,4023.4,13,1,4023.3,62,1,4024.5,16,1,4024.6,21,3,4024.7,17,5,4024.8,59,4,4024.9,11,2
11483,2026-07-02 13:12:38+05:30,4023.6,1,4038.08,1360555,159003.0,168521.0,4100.0,4110.0,4012.0,4092.6,25134200,4501.8,3683.4,4440.0,3288.1,4024.0,325,19,4023.9,25,1,4023.6,1,1,4023.4,13,1,4023.3,62,1,4024.5,16,1,4024.6,21,3,4024.7,17,5,4024.8,59,4,4024.9,11,2
11483,2026-07-02 13:12:38+05:30,4023.6,1,4038.07,1360960,156889.0,169432.0,4100.0,4110.0,4012.0,4092.6,25134200,4501.8,3683.4,4440.0,3288.1,4023.1,25,2,4023.0,579,14,4022.8,12,1,4022.5,33,2,4022.3,100,1,4023.7,49,5,4023.8,3,1,4023.9,27,3,4024.0,40,4,4024.1,43,4
11483,2026-07-02 13:12:39+05:30,4023.7,1,4038.07,1360960,156889.0,169432.0,4100.0,4110.0,4012.0,4092.6,25134200,4501.8,3683.4,4440.0,3288.1,4023.1,25,2,4023.0,579,14,4022.8,12,1,4022.5,33,2,4022.3,100,1,4023.7,49,5,4023.8,3,1,4023.9,27,3,4024.0,40,4,4024.1,43,4
11483,2026-07-02 13:12:39+05:30,4023.7,1,4038.07,1361111,157028.0,169338.0,4100.0,4110.0,4012.0,4092.6,25134200,4501.8,3683.4,4440.0,3288.1,4023.4,1,1,4023.1,5,1,4023.0,579,14,4022.8,12,1,4022.5,33,2,4023.7,27,5,4023.9,31,2,4024.0,56,3,4024.1,48,5,4024.2,51,4
11483,2026-07-02 13:12:40+05:30,4023.1,1,4038.07,1361111,157028.0,169338.0,4100.0,4110.0,4012.0,4092.6,25134200,4501.8,3683.4,4440.0,3288.1,4023.4,1,1,4023.1,5,1,4023.0,579,14,4022.8,12,1,4022.5,33,2,4023.7,27,5,4023.9,31,2,4024.0,56,3,4024.1,48,5,4024.2,51,4
11483,2026-07-02 13:12:40+05:30,4023.1,1,4038.07,1361113,156764.0,169407.0,4100.0,4110.0,4012.0,4092.6,25134200,4501.8,3683.4,4440.0,3288.1,4023.1,4,1,4023.0,480,14,4022.5,33,2,4022.3,100,1,4022.2,12,1,4023.4,1,1,4023.6,41,2,4023.7,22,4,4023.9,41,3,4024.0,56,3
11483,2026-07-02 13:12:41+05:30,4023.1,1,4038.07,1361113,156769.0,169416.0,4100.0,4110.0,4012.0,4092.6,25134200,4501.8,3683.4,4440.0,3288.1,4023.1,4,1,4023.0,480,14,4022.5,33,2,4022.3,100,1,4022.2,12,1,4023.4,1,1,4023.6,41,2,4023.7,22,4,4023.9,41,3,4024.0,56,3
11483,2026-07-02 13:12:42+05:30,4023.1,1,4038.07,1361113,156770.0,169378.0,4100.0,4110.0,4012.0,4092.6,25134200,4501.8,3683.4,4440.0,3288.1,4023.1,4,1,4023.0,480,14,4022.5,33,2,4022.3,100,1,4022.2,12,1,4023.4,1,1,4023.6,41,2,4023.7,22,4,4023.9,41,3,4024.0,56,3
11483,2026-07-02 13:12:43+05:30,4023.1,1,4038.07,1361113,156791.0,169378.0,4100.0,4110.0,4012.0,4092.6,25134200,4501.8,3683.4,4440.0,3288.1,4023.1,4,1,4023.0,480,14,4022.5,33,2,4022.3,100,1,4022.2,12,1,4023.4,1,1,4023.6,41,2,4023.7,22,4,4023.9,41,3,4024.0,56,3
11483,2026-07-02 13:12:45+05:30,4023.1,1,4038.07,1361113,156792.0,169378.0,4100.0,4110.0,4012.0,4092.6,25134200,4501.8,3683.4,4440.0,3288.1,4023.1,4,1,4023.0,480,14,4022.5,33,2,4022.3,100,1,4022.2,12,1,4023.4,1,1,4023.6,41,2,4023.7,22,4,4023.9,41,3,4024.0,56,3
11483,2026-07-02 13:12:45+05:30,4023.4,1,4038.07,1361113,156792.0,169378.0,4100.0,4110.0,4012.0,4092.6,25134200,4501.8,3683.4,4440.0,3288.1,4023.1,4,1,4023.0,480,14,4022.5,33,2,4022.3,100,1,4022.2,12,1,4023.4,1,1,4023.6,41,2,4023.7,22,4,4023.9,41,3,4024.0,56,3
11483,2026-07-02 13:12:46+05:30,4023.4,1,4038.07,1361121,156923.0,169430.0,4100.0,4110.0,4012.0,4092.6,25134200,4501.8,3683.4,4440.0,3288.1,4023.1,4,1,4023.0,480,14,4022.5,33,2,4022.3,100,1,4022.2,12,1,4023.4,1,1,4023.6,41,2,4023.7,22,4,4023.9,29,3,4024.0,65,4
11483,2026-07-02 13:12:46+05:30,4023.4,7,4038.07,1361121,156923.0,169430.0,4100.0,4110.0,4012.0,4092.6,25134200,4501.8,3683.4,4440.0,3288.1,4023.1,4,1,4023.0,480,14,4022.5,33,2,4022.3,100,1,4022.2,12,1,4023.4,1,1,4023.6,41,2,4023.7,22,4,4023.9,29,3,4024.0,65,4
11483,2026-07-02 13:12:47+05:30,4023.4,7,4038.07,1361129,156922.0,169469.0,4100.0,4110.0,4012.0,4092.6,25134200,4501.8,3683.4,4440.0,3288.1,4023.1,3,1,4023.0,480,14,4022.5,33,2,4022.3,100,1,4022.2,12,1,4023.4,8,3,4023.6,30,2,4023.7,18,3,4023.8,5,1,4023.9,60,3
11483,2026-07-02 13:12:47+05:30,4023.1,1,4038.07,1361129,156922.0,169469.0,4100.0,4110.0,4012.0,4092.6,25134200,4501.8,3683.4,4440.0,3288.1,4023.1,3,1,4023.0,480,14,4022.5,33,2,4022.3,100,1,4022.2,12,1,4023.4,8,3,4023.6,30,2,4023.7,18,3,4023.8,5,1,4023.9,60,3
11483,2026-07-02 13:12:48+05:30,4023.1,1,4038.07,1361130,156931.0,169423.0,4100.0,4110.0,4012.0,4092.6,25134200,4501.8,3683.4,4440.0,3288.1,4023.1,2,1,4023.0,489,15,4022.5,33,2,4022.3,100,1,4022.2,12,1,4023.4,12,4,4023.6,25,1,4023.7,20,3,4023.8,5,1,4023.9,60,3
11483,2026-07-02 13:12:48+05:30,4023.9,5,4038.07,1361130,156931.0,169423.0,4100.0,4110.0,4012.0,4092.6,25134200,4501.8,3683.4,4440.0,3288.1,4023.1,2,1,4023.0,489,15,4022.5,33,2,4022.3,100,1,4022.2,12,1,4023.4,12,4,4023.6,25,1,4023.7,20,3,4023.8,5,1,4023.9,60,3
11483,2026-07-02 13:12:49+05:30,4023.3,1,4038.07,1361232,157000.0,169256.0,4100.0,4110.0,4012.0,4092.6,25134200,4501.8,3683.4,4440.0,3288.1,4023.1,1,1,4023.0,491,16,4022.8,13,1,4022.5,33,2,4022.3,100,1,4023.6,60,4,4023.7,27,2,4023.8,8,2,4023.9,54,2,4024.0,65,4
11483,2026-07-02 13:12:49+05:30,4023.1,12,4038.07,1361232,157000.0,169256.0,4100.0,4110.0,4012.0,4092.6,25134200,4501.8,3683.4,4440.0,3288.1,4023.1,1,1,4023.0,491,16,4022.8,13,1,4022.5,33,2,4022.3,100,1,4023.6,60,4,4023.7,27,2,4023.8,8,2,4023.9,54,2,4024.0,65,4
11483,2026-07-02 13:12:49+05:30,4023.1,12,4038.07,1361244,157127.0,169248.0,4100.0,4110.0,4012.0,4092.6,25134200,4501.8,3683.4,4440.0,3288.1,4023.0,491,16,4022.8,13,1,4022.5,33,2,4022.3,100,1,4022.2,12,1,4023.6,50,5,4023.7,6,1,4023.8,8,2,4023.9,70,3,4024.0,119,6
11483,2026-07-02 13:12:50+05:30,4023.0,2,4038.07,1361244,157127.0,169248.0,4100.0,4110.0,4012.0,4092.6,25134200,4501.8,3683.4,4440.0,3288.1,4023.0,491,16,4022.8,13,1,4022.5,33,2,4022.3,100,1,4022.2,12,1,4023.6,50,5,4023.7,6,1,4023.8,8,2,4023.9,70,3,4024.0,119,6
11483,2026-07-02 13:12:50+05:30,4023.0,2,4038.07,1361246,157031.0,169283.0,4100.0,4110.0,4012.0,4092.6,25134200,4501.8,3683.4,4440.0,3288.1,4023.0,489,16,4022.8,13,1,4022.5,33,2,4022.3,100,1,4022.2,12,1,4023.6,50,5,4023.7,6,1,4023.8,8,2,4023.9,70,3,4024.0,99,5
11483,2026-07-02 13:12:52+05:30,4023.0,2,4038.07,1361246,157109.0,169336.0,4100.0,4110.0,4012.0,4092.6,25134200,4501.8,3683.4,4440.0,3288.1,4023.0,489,16,4022.8,13,1,4022.5,33,2,4022.3,100,1,4022.2,12,1,4023.8,27,4,4023.9,73,4,4024.0,65,4,4024.1,36,4,4024.2,83,7
11483,2026-07-02 13:12:52+05:30,4023.6,1,4038.07,1361246,157109.0,169336.0,4100.0,4110.0,4012.0,4092.6,25134200,4501.8,3683.4,4440.0,3288.1,4023.0,489,16,4022.8,13,1,4022.5,33,2,4022.3,100,1,4022.2,12,1,4023.8,27,4,4023.9,73,4,4024.0,65,4,4024.1,36,4,4024.2,83,7
11483,2026-07-02 13:12:53+05:30,4023.6,1,4038.07,1361248,157247.0,169201.0,4100.0,4110.0,4012.0,4092.6,25134200,4501.8,3683.4,4440.0,3288.1,4023.1,16,1,4023.0,489,17,4022.8,13,1,4022.5,33,2,4022.3,100,1,4023.9,56,3,4024.0,125,6,4024.1,21,2,4024.2,51,4,4024.3,93,6
11483,2026-07-02 13:12:53+05:30,4023.1,2,4038.07,1361248,157247.0,169201.0,4100.0,4110.0,4012.0,4092.6,25134200,4501.8,3683.4,4440.0,3288.1,4023.1,16,1,4023.0,489,17,4022.8,13,1,4022.5,33,2,4022.3,100,1,4023.9,56,3,4024.0,125,6,4024.1,21,2,4024.2,51,4,4024.3,93,6
11483,2026-07-02 13:12:54+05:30,4023.9,3,4038.07,1361253,157300.0,169113.0,4100.0,4110.0,4012.0,4092.6,25134200,4501.8,3683.4,4440.0,3288.1,4023.1,14,1,4023.0,489,17,4022.8,13,1,4022.5,33,2,4022.4,19,1,4023.9,47,2,4024.0,10,1,4024.1,21,2,4024.2,51,4,4024.3,74,5
11483,2026-07-02 13:12:54+05:30,4023.1,5,4038.07,1361253,157300.0,169113.0,4100.0,4110.0,4012.0,4092.6,25134200,4501.8,3683.4,4440.0,3288.1,4023.1,14,1,4023.0,489,17,4022.8,13,1,4022.5,33,2,4022.4,19,1,4023.9,47,2,4024.0,10,1,4024.1,21,2,4024.2,51,4,4024.3,74,5
11483,2026-07-02 13:12:55+05:30,4023.1,5,4038.07,1361259,157295.0,169167.0,4100.0,4110.0,4012.0,4092.6,25134200,4501.8,3683.4,4440.0,3288.1,4023.1,8,1,4023.0,489,17,4022.8,13,1,4022.5,38,3,4022.3,100,1,4023.9,47,2,4024.0,10,1,4024.1,21,2,4024.2,51,4,4024.3,72,4
11483,2026-07-02 13:12:55+05:30,4023.2,1,4038.07,1361259,157295.0,169167.0,4100.0,4110.0,4012.0,4092.6,25134200,4501.8,3683.4,4440.0,3288.1,4023.1,8,1,4023.0,489,17,4022.8,13,1,4022.5,38,3,4022.3,100,1,4023.9,47,2,4024.0,10,1,4024.1,21,2,4024.2,51,4,4024.3,72,4
11483,2026-07-02 13:12:55+05:30,4023.2,1,4038.07,1361261,157292.0,169149.0,4100.0,4110.0,4012.0,4092.6,25134200,4501.8,3683.4,4440.0,3288.1,4023.2,7,1,4023.1,8,1,4023.0,489,17,4022.8,13,1,4022.5,33,2,4023.9,48,3,4024.0,10,1,4024.1,21,2,4024.2,88,6,4024.3,72,4
11483,2026-07-02 13:12:56+05:30,4023.2,1,4038.07,1361261,157292.0,169149.0,4100.0,4110.0,4012.0,4092.6,25134200,4501.8,3683.4,4440.0,3288.1,4023.2,7,1,4023.1,8,1,4023.0,489,17,4022.8,13,1,4022.5,33,2,4023.9,48,3,4024.0,10,1,4024.1,21,2,4024.2,88,6,4024.3,72,4
11483,2026-07-02 13:12:56+05:30,4023.2,1,4038.07,1361262,157286.0,169150.0,4100.0,4110.0,4012.0,4092.6,25134200,4501.8,3683.4,4440.0,3288.1,4023.2,6,1,4023.1,8,1,4023.0,489,17,4022.8,13,1,4022.5,33,2,4023.9,48,3,4024.0,10,1,4024.1,21,2,4024.2,88,6,4024.3,72,4
11483,2026-07-02 13:12:57+05:30,4023.2,1,4038.07,1361262,157288.0,169172.0,4100.0,4110.0,4012.0,4092.6,25134200,4501.8,3683.4,4440.0,3288.1,4023.2,6,1,4023.1,8,1,4023.0,489,17,4022.8,13,1,4022.5,33,2,4023.9,48,3,4024.0,10,1,4024.1,21,2,4024.2,88,6,4024.3,72,4
11483,2026-07-02 13:12:58+05:30,4023.2,30,4038.07,1361262,157288.0,169172.0,4100.0,4110.0,4012.0,4092.6,25134200,4501.8,3683.4,4440.0,3288.1,4023.2,6,1,4023.1,8,1,4023.0,489,17,4022.8,13,1,4022.5,33,2,4023.9,48,3,4024.0,10,1,4024.1,21,2,4024.2,88,6,4024.3,72,4
11483,2026-07-02 13:12:58+05:30,4023.2,6,4038.07,1361382,157159.0,168721.0,4100.0,4110.0,4012.0,4092.6,25134200,4501.8,3683.4,4440.0,3288.1,4023.7,1,1,4023.1,21,2,4023.0,489,17,4022.8,12,1,4022.5,33,2,4023.9,8,1,4024.2,37,3,4024.3,51,3,4024.4,5,2,4024.5,64,6
11483,2026-07-02 13:12:59+05:30,4023.7,1,4038.07,1361382,157159.0,168721.0,4100.0,4110.0,4012.0,4092.6,25134200,4501.8,3683.4,4440.0,3288.1,4023.7,1,1,4023.1,21,2,4023.0,489,17,4022.8,12,1,4022.5,33,2,4023.9,8,1,4024.2,37,3,4024.3,51,3,4024.4,5,2,4024.5,64,6
11483,2026-07-02 13:12:59+05:30,4023.7,1,4038.07,1361383,157186.0,168862.0,4100.0,4110.0,4012.0,4092.6,25134200,4501.8,3683.4,4440.0,3288.1,4023.2,1,1,4023.1,21,3,4023.0,510,19,4022.8,38,2,4022.6,32,1,4023.7,1,1,4023.9,8,1,4024.4,5,2,4024.5,47,4,4024.6,31,3
11483,2026-07-02 13:13:00+05:30,4023.7,1,4038.07,1361383,157184.0,168846.0,4100.0,4110.0,4012.0,4092.6,25134200,4501.8,3683.4,4440.0,3288.1,4023.2,1,1,4023.1,22,4,4023.0,513,20,4022.8,38,2,4022.6,32,1,4023.7,1,1,4023.9,8,1,4024.4,5,2,4024.5,47,4,4024.6,31,3
11483,2026-07-02 13:13:01+05:30,4023.1,5,4038.07,1361383,157184.0,168846.0,4100.0,4110.0,4012.0,4092.6,25134200,4501.8,3683.4,4440.0,3288.1,4023.2,1,1,4023.1,22,4,4023.0,513,20,4022.8,38,2,4022.6,32,1,4023.7,1,1,4023.9,8,1,4024.4,5,2,4024.5,47,4,4024.6,31,3
11483,2026-07-02 13:13:01+05:30,4023.1,5,4038.07,1361402,157174.0,168966.0,4100.0,4110.0,4012.0,4092.6,25134200,4501.8,3683.4,4440.0,3288.1,4023.1,12,3,4023.0,513,20,4022.8,38,2,4022.6,32,1,4022.5,89,4,4023.7,2,1,4023.9,8,1,4024.3,50,1,4024.4,39,2,4024.5,47,4
11483,2026-07-02 13:13:02+05:30,4023.1,1,4038.07,1361405,157280.0,169120.0,4100.0,4110.0,4012.0,4092.6,25134200,4501.8,3683.4,4440.0,3288.1,4023.0,509,20,4022.8,12,1,4022.6,32,1,4022.5,72,4,4022.4,38,1,4023.7,2,1,4023.9,8,1,4024.2,2,1,4024.3,50,1,4024.4,73,3
11483,2026-07-02 13:13:02+05:30,4023.1,1,4038.07,1361405,157280.0,169120.0,4100.0,4110.0,4012.0,4092.6,25134200,4501.8,3683.4,4440.0,3288.1,4023.0,509,20,4022.8,12,1,4022.6,32,1,4022.5,72,4,4022.4,38,1,4023.7,2,1,4023.9,8,1,4024.2,2,1,4024.3,50,1,4024.4,73,3
11483,2026-07-02 13:13:03+05:30,4023.1,1,4038.07,1361405,157303.0,169145.0,4100.0,4110.0,4012.0,4092.6,25134200,4501.8,3683.4,4440.0,3288.1,4023.0,509,20,4022.8,12,1,4022.6,32,1,4022.5,72,4,4022.4,38,1,4023.7,3,2,4023.9,8,1,4024.3,2,1,4024.4,73,3,4024.5,47,4
11483,2026-07-02 13:13:04+05:30,4023.7,2,4038.07,1361410,157218.0,169131.0,4100.0,4110.0,4012.0,4092.6,25134200,4501.8,3683.4,4440.0,3288.1,4023.1,6,1,4023.0,509,20,4022.8,12,1,4022.6,32,1,4022.5,72,4,4023.7,2,1,4023.9,8,1,4024.3,41,2,4024.4,73,3,4024.5,47,4
11483,2026-07-02 13:13:04+05:30,4023.1,1,4038.07,1361410,157218.0,169131.0,4100.0,4110.0,4012.0,4092.6,25134200,4501.8,3683.4,4440.0,3288.1,4023.1,6,1,4023.0,509,20,4022.8,12,1,4022.6,32,1,4022.5,72,4,4023.7,2,1,4023.9,8,1,4024.3,41,2,4024.4,73,3,4024.5,47,4
11483,2026-07-02 13:13:05+05:30,4023.1,1,4038.07,1361411,157243.0,169189.0,4100.0,4110.0,4012.0,4092.6,25134200,4501.8,3683.4,4440.0,3288.1,4023.1,5,1,4023.0,509,20,4022.8,12,1,4022.5,72,4,4022.3,192,4,4023.7,2,1,4023.9,8,1,4024.3,41,2,4024.4,73,3,4024.5,66,5
11483,2026-07-02 13:13:06+05:30,4023.7,4,4038.07,1361411,157243.0,169189.0,4100.0,4110.0,4012.0,4092.6,25134200,4501.8,3683.4,4440.0,3288.1,4023.1,5,1,4023.0,509,20,4022.8,12,1,4022.5,72,4,4022.3,192,4,4023.7,2,1,4023.9,8,1,4024.3,41,2,4024.4,73,3,4024.5,66,5
11483,2026-07-02 13:13:06+05:30,4023.7,4,4038.07,1361415,157404.0,169136.0,4100.0,4110.0,4012.0,4092.6,25134200,4501.8,3683.4,4440.0,3288.1,4023.7,1,1,4023.1,5,1,4023.0,509,20,4022.8,12,1,4022.7,17,1,4023.9,8,1,4024.3,41,2,4024.4,70,2,4024.5,5,2,4024.6,29,2
11483,2026-07-02 13:13:07+05:30,4023.7,4,4038.07,1361415,157404.0,169136.0,4100.0,4110.0,4012.0,4092.6,25134200,4501.8,3683.4,4440.0,3288.1,4023.7,1,1,4023.1,5,1,4023.0,509,20,4022.8,12,1,4022.7,17,1,4023.9,8,1,4024.3,41,2,4024.4,70,2,4024.5,5,2,4024.6,29,2
11483,2026-07-02 13:13:07+05:30,4023.7,4,4038.07,1361415,157328.0,169108.0,4100.0,4110.0,4012.0,4092.6,25134200,4501.8,3683.4,4440.0,3288.1,4023.7,1,1,4023.1,5,1,4023.0,518,20,4022.8,12,1,4022.7,17,1,4023.9,9,2,4024.3,41,2,4024.4,77,3,4024.5,21,3,4024.6,39,3
11483,2026-07-02 13:13:07+05:30,4023.7,4,4038.07,1361415,157328.0,169108.0,4100.0,4110.0,4012.0,4092.6,25134200,4501.8,3683.4,4440.0,3288.1,4023.7,1,1,4023.1,5,1,4023.0,518,20,4022.8,12,1,4022.7,17,1,4023.9,9,2,4024.3,41,2,4024.4,77,3,4024.5,21,3,4024.6,39,3
11483,2026-07-02 13:13:08+05:30,4023.7,4,4038.07,1361415,157328.0,169108.0,4100.0,4110.0,4012.0,4092.6,25134200,4501.8,3683.4,4440.0,3288.1,4023.7,1,1,4023.1,5,1,4023.0,518,20,4022.8,12,1,4022.7,17,1,4023.9,9,2,4024.3,41,2,4024.4,77,3,4024.5,21,3,4024.6,39,3
11483,2026-07-02 13:13:08+05:30,4023.7,4,4038.07,1361415,157333.0,169108.0,4100.0,4110.0,4012.0,4092.6,25134200,4501.8,3683.4,4440.0,3288.1,4023.7,1,1,4023.1,5,1,4023.0,517,19,4022.8,12,1,4022.7,17,1,4023.9,9,2,4024.3,41,2,4024.4,70,2,4024.5,18,2,4024.6,36,2
11483,2026-07-02 13:13:09+05:30,4023.7,4,4038.07,1361415,157333.0,169108.0,4100.0,4110.0,4012.0,4092.6,25134200,4501.8,3683.4,4440.0,3288.1,4023.7,1,1,4023.1,5,1,4023.0,517,19,4022.8,12,1,4022.7,17,1,4023.9,9,2,4024.3,41,2,4024.4,70,2,4024.5,18,2,4024.6,36,2
11483,2026-07-02 13:13:09+05:30,4023.9,1,4038.07,1361415,157333.0,169108.0,4100.0,4110.0,4012.0,4092.6,25134200,4501.8,3683.4,4440.0,3288.1,4023.7,1,1,4023.1,5,1,4023.0,517,19,4022.8,12,1,4022.7,17,1,4023.9,9,2,4024.3,41,2,4024.4,70,2,4024.5,18,2,4024.6,36,2
11483,2026-07-02 13:13:09+05:30,4023.9,1,4038.07,1361416,157475.0,168908.0,4100.0,4110.0,4012.0,4092.6,25134200,4501.8,3683.4,4440.0,3288.1,4023.8,1,1,4023.7,1,1,4023.1,26,2,4023.0,517,19,4022.8,12,1,4023.9,8,2,4024.3,2,1,4024.4,70,2,4024.5,2,1,4024.6,26,1
11483,2026-07-02 13:13:09+05:30,4023.9,1,4038.07,1361416,157475.0,168908.0,4100.0,4110.0,4012.0,4092.6,25134200,4501.8,3683.4,4440.0,3288.1,4023.8,1,1,4023.7,1,1,4023.1,26,2,4023.0,517,19,4022.8,12,1,4023.9,8,2,4024.3,2,1,4024.4,70,2,4024.5,2,1,4024.6,26,1
11483,2026-07-02 13:13:10+05:30,4023.9,1,4038.07,1361416,157475.0,168908.0,4100.0,4110.0,4012.0,4092.6,25134200,4501.8,3683.4,4440.0,3288.1,4023.8,1,1,4023.7,1,1,4023.1,26,2,4023.0,517,19,4022.8,12,1,4023.9,8,2,4024.3,2,1,4024.4,70,2,4024.5,2,1,4024.6,26,1
11483,2026-07-02 13:13:10+05:30,4023.7,3,4038.07,1361416,157475.0,168908.0,4100.0,4110.0,4012.0,4092.6,25134200,4501.8,3683.4,4440.0,3288.1,4023.8,1,1,4023.7,1,1,4023.1,26,2,4023.0,517,19,4022.8,12,1,4023.9,8,2,4024.3,2,1,4024.4,70,2,4024.5,2,1,4024.6,26,1
11483,2026-07-02 13:13:10+05:30,4023.7,3,4038.07,1361416,157475.0,168908.0,4100.0,4110.0,4012.0,4092.6,25134200,4501.8,3683.4,4440.0,3288.1,4023.8,1,1,4023.7,1,1,4023.1,26,2,4023.0,517,19,4022.8,12,1,4023.9,8,2,4024.3,2,1,4024.4,70,2,4024.5,2,1,4024.6,26,1
11483,2026-07-02 13:13:11+05:30,4023.7,3,4038.07,1361416,157475.0,168908.0,4100.0,4110.0,4012.0,4092.6,25134200,4501.8,3683.4,4440.0,3288.1,4023.8,1,1,4023.7,1,1,4023.1,26,2,4023.0,517,19,4022.8,12,1,4023.9,8,2,4024.3,2,1,4024.4,70,2,4024.5,2,1,4024.6,26,1
11483,2026-07-02 13:13:11+05:30,4023.9,10,4038.07,1361451,157388.0,168811.0,4100.0,4110.0,4012.0,4092.6,25134200,4501.8,3683.4,4440.0,3288.1,4023.1,24,5,4023.0,517,19,4022.9,28,1,4022.8,12,1,4022.7,72,3,4023.9,19,2,4024.6,26,1,4024.7,62,2,4024.8,32,1,4024.9,34,3
11483,2026-07-02 13:13:11+05:30,4023.9,10,4038.07,1361451,157388.0,168811.0,4100.0,4110.0,4012.0,4092.6,25134200,4501.8,3683.4,4440.0,3288.1,4023.1,24,5,4023.0,517,19,4022.9,28,1,4022.8,12,1,4022.7,72,3,4023.9,19,2,4024.6,26,1,4024.7,62,2,4024.8,32,1,4024.9,34,3
11483,2026-07-02 13:13:11+05:30,4023.9,10,4038.07,1361451,157388.0,168811.0,4100.0,4110.0,4012.0,4092.6,25144000,4501.8,3683.4,4440.0,3288.1,4023.1,24,5,4023.0,517,19,4022.9,28,1,4022.8,12,1,4022.7,72,3,4023.9,19,2,4024.6,26,1,4024.7,62,2,4024.8,32,1,4024.9,34,3
11483,2026-07-02 13:13:11+05:30,4023.9,1,4038.07,1361451,157388.0,168811.0,4100.0,4110.0,4012.0,4092.6,25144000,4501.8,3683.4,4440.0,3288.1,4023.1,24,5,4023.0,517,19,4022.9,28,1,4022.8,12,1,4022.7,72,3,4023.9,19,2,4024.6,26,1,4024.7,62,2,4024.8,32,1,4024.9,34,3
11483,2026-07-02 13:13:11+05:30,4023.9,1,4038.07,1361451,157388.0,168811.0,4100.0,4110.0,4012.0,4092.6,25144000,4501.8,3683.4,4440.0,3288.1,4023.1,24,5,4023.0,517,19,4022.9,28,1,4022.8,12,1,4022.7,72,3,4023.9,19,2,4024.6,26,1,4024.7,62,2,4024.8,32,1,4024.9,34,3
11483,2026-07-02 13:13:11+05:30,4023.9,1,4038.07,1361460,157394.0,168845.0,4100.0,4110.0,4012.0,4092.6,25144000,4501.8,3683.4,4440.0,3288.1,4023.1,20,5,4023.0,517,19,4022.9,28,1,4022.8,12,1,4022.7,72,3,4023.9,14,2,4024.6,26,1,4024.7,62,2,4024.8,32,1,4024.9,34,3
11483,2026-07-02 13:13:12+05:30,4023.9,1,4038.07,1361460,157394.0,168845.0,4100.0,4110.0,4012.0,4092.6,25144000,4501.8,3683.4,4440.0,3288.1,4023.1,20,5,4023.0,517,19,4022.9,28,1,4022.8,12,1,4022.7,72,3,4023.9,14,2,4024.6,26,1,4024.7,62,2,4024.8,32,1,4024.9,34,3
11483,2026-07-02 13:13:12+05:30,4023.1,1,4038.07,1361460,157394.0,168845.0,4100.0,4110.0,4012.0,4092.6,25144000,4501.8,3683.4,4440.0,3288.1,4023.1,20,5,4023.0,517,19,4022.9,28,1,4022.8,12,1,4022.7,72,3,4023.9,14,2,4024.6,26,1,4024.7,62,2,4024.8,32,1,4024.9,34,3
11483,2026-07-02 13:13:12+05:30,4023.1,1,4038.07,1361460,157394.0,168845.0,4100.0,4110.0,4012.0,4092.6,25144000,4501.8,3683.4,4440.0,3288.1,4023.1,20,5,4023.0,517,19,4022.9,28,1,4022.8,12,1,4022.7,72,3,4023.9,14,2,4024.6,26,1,4024.7,62,2,4024.8,32,1,4024.9,34,3
11483,2026-07-02 13:13:13+05:30,4023.1,1,4038.07,1361460,157394.0,168845.0,4100.0,4110.0,4012.0,4092.6,25144000,4501.8,3683.4,4440.0,3288.1,4023.1,20,5,4023.0,517,19,4022.9,28,1,4022.8,12,1,4022.7,72,3,4023.9,14,2,4024.6,26,1,4024.7,62,2,4024.8,32,1,4024.9,34,3
11483,2026-07-02 13:13:13+05:30,4023.1,1,4038.07,1361462,157726.0,169436.0,4100.0,4110.0,4012.0,4092.6,25144000,4501.8,3683.4,4440.0,3288.1,4023.0,532,20,4022.8,28,2,4022.7,70,2,4022.6,50,1,4022.5,88,4,4023.9,14,2,4024.5,10,1,4024.6,40,2,4024.7,62,2,4024.8,48,2
11483,2026-07-02 13:13:13+05:30,4023.1,1,4038.07,1361462,157726.0,169436.0,4100.0,4110.0,4012.0,4092.6,25144000,4501.8,3683.4,4440.0,3288.1,4023.0,532,20,4022.8,28,2,4022.7,70,2,4022.6,50,1,4022.5,88,4,4023.9,14,2,4024.5,10,1,4024.6,40,2,4024.7,62,2,4024.8,48,2
11483,2026-07-02 13:13:13+05:30,4023.1,1,4038.07,1361462,157647.0,169413.0,4100.0,4110.0,4012.0,4092.6,25144000,4501.8,3683.4,4440.0,3288.1,4023.0,551,21,4022.9,28,1,4022.8,12,1,4022.7,104,3,4022.6,50,1,4023.9,14,2,4024.6,26,1,4024.7,62,2,4024.8,32,1,4024.9,29,3
11483,2026-07-02 13:13:14+05:30,4023.1,1,4038.07,1361462,157720.0,169403.0,4100.0,4110.0,4012.0,4092.6,25144000,4501.8,3683.4,4440.0,3288.1,4023.1,5,1,4023.0,621,23,4022.9,28,1,4022.8,12,1,4022.7,104,3,4023.9,14,2,4024.7,62,2,4024.8,48,2,4024.9,29,3,4025.0,20,2
11483,2026-07-02 13:13:15+05:30,4023.9,5,4038.07,1361462,157720.0,169403.0,4100.0,4110.0,4012.0,4092.6,25144000,4501.8,3683.4,4440.0,3288.1,4023.1,5,1,4023.0,621,23,4022.9,28,1,4022.8,12,1,4022.7,104,3,4023.9,14,2,4024.7,62,2,4024.8,48,2,4024.9,29,3,4025.0,20,2
11483,2026-07-02 13:13:16+05:30,4023.9,3,4038.07,1361473,157876.0,169347.0,4100.0,4110.0,4012.0,4092.6,25144000,4501.8,3683.4,4440.0,3288.1,4023.0,621,23,4022.8,12,1,4022.7,70,2,4022.6,86,2,4022.5,88,4,4023.9,3,2,4024.7,64,3,4024.8,48,2,4024.9,24,2,4025.0,25,3
11483,2026-07-02 13:13:16+05:30,4023.9,12,4038.07,1361473,157876.0,169347.0,4100.0,4110.0,4012.0,4092.6,25144000,4501.8,3683.4,4440.0,3288.1,4023.0,621,23,4022.8,12,1,4022.7,70,2,4022.6,86,2,4022.5,88,4,4023.9,3,2,4024.7,64,3,4024.8,48,2,4024.9,24,2,4025.0,25,3
11483,2026-07-02 13:13:17+05:30,4023.9,12,4038.07,1361489,158041.0,169332.0,4100.0,4110.0,4012.0,4092.6,25144000,4501.8,3683.4,4440.0,3288.1,4023.7,31,1,4023.1,55,3,4023.0,644,24,4022.8,111,5,4022.7,70,2,4023.9,1,1,4024.7,26,1,4024.8,32,1,4024.9,9,1,4025.0,25,3
11483,2026-07-02 13:13:17+05:30,4023.7,2,4038.07,1361489,158041.0,169332.0,4100.0,4110.0,4012.0,4092.6,25144000,4501.8,3683.4,4440.0,3288.1,4023.7,31,1,4023.1,55,3,4023.0,644,24,4022.8,111,5,4022.7,70,2,4023.9,1,1,4024.7,26,1,4024.8,32,1,4024.9,9,1,4025.0,25,3
11483,2026-07-02 13:13:18+05:30,4023.7,2,4038.07,1361491,157972.0,169349.0,4100.0,4110.0,4012.0,4092.6,25144000,4501.8,3683.4,4440.0,3288.1,4023.7,29,1,4023.1,55,3,4023.0,644,24,4022.8,95,4,4022.7,75,3,4023.9,1,1,4024.7,26,1,4024.8,32,1,4024.9,25,2,4025.0,20,2
11483,2026-07-02 13:13:19+05:30,4023.7,2,4038.07,1361491,158021.0,169417.0,4100.0,4110.0,4012.0,4092.6,25144000,4501.8,3683.4,4440.0,3288.1,4023.8,1,1,4023.7,29,1,4023.1,35,2,4023.0,601,22,4022.8,64,3,4023.9,1,1,4024.0,25,1,4024.7,26,1,4024.8,47,2,4024.9,25,2
11483,2026-07-02 13:13:19+05:30,4023.9,1,4038.07,1361491,158021.0,169417.0,4100.0,4110.0,4012.0,4092.6,25144000,4501.8,3683.4,4440.0,3288.1,4023.8,1,1,4023.7,29,1,4023.1,35,2,4023.0,601,22,4022.8,64,3,4023.9,1,1,4024.0,25,1,4024.7,26,1,4024.8,47,2,4024.9,25,2
11483,2026-07-02 13:13:20+05:30,4023.9,1,4038.07,1361492,158126.0,169256.0,4100.0,4110.0,4012.0,4092.6,25144000,4501.8,3683.4,4440.0,3288.1,4023.9,4,1,4023.8,1,1,4023.7,29,1,4023.1,36,3,4023.0,601,22,4024.0,25,1,4024.8,47,2,4024.9,25,2,4025.0,23,3,4025.1,47,2
11483,2026-07-02 13:13:21+05:30,4023.8,1,4038.07,1361497,158098.0,169255.0,4100.0,4110.0,4012.0,4092.6,25144000,4501.8,3683.4,4440.0,3288.1,4023.7,29,1,4023.1,36,3,4023.0,606,23,4022.8,80,4,4022.7,75,3,4024.0,25,1,4024.8,47,2,4024.9,25,2,4025.0,20,2,4025.1,50,3
11483,2026-07-02 13:13:21+05:30,4023.7,1,4038.07,1361497,158098.0,169255.0,4100.0,4110.0,4012.0,4092.6,25144000,4501.8,3683.4,4440.0,3288.1,4023.7,29,1,4023.1,36,3,4023.0,606,23,4022.8,80,4,4022.7,75,3,4024.0,25,1,4024.8,47,2,4024.9,25,2,4025.0,20,2,4025.1,50,3
11483,2026-07-02 13:13:22+05:30,4024.0,1,4038.07,1361499,158097.0,169279.0,4100.0,4110.0,4012.0,4092.6,25144000,4501.8,3683.4,4440.0,3288.1,4023.7,28,1,4023.1,36,3,4023.0,606,23,4022.8,80,4,4022.7,75,3,4024.0,26,2,4024.8,61,3,4024.9,9,1,4025.0,45,3,4025.1,50,3
11483,2026-07-02 13:13:22+05:30,4024.0,1,4038.07,1361499,158097.0,169279.0,4100.0,4110.0,4012.0,4092.6,25144000,4501.8,3683.4,4440.0,3288.1,4023.7,28,1,4023.1,36,3,4023.0,606,23,4022.8,80,4,4022.7,75,3,4024.0,26,2,4024.8,61,3,4024.9,9,1,4025.0,45,3,4025.1,50,3
11483,2026-07-02 13:13:23+05:30,4024.0,1,4038.07,1361499,158112.0,169279.0,4100.0,4110.0,4012.0,4092.6,25144000,4501.8,3683.4,4440.0,3288.1,4023.7,28,1,4023.2,25,1,4023.1,36,3,4023.0,581,22,4022.8,80,4,4024.0,26,2,4024.8,61,3,4024.9,9,1,4025.0,45,3,4025.1,50,3
11483,2026-07-02 13:13:24+05:30,4024.0,1,4038.07,1361501,158106.0,169309.0,4100.0,4110.0,4012.0,4092.6,25144000,4501.8,3683.4,4440.0,3288.1,4023.7,27,1,4023.2,25,1,4023.1,36,3,4023.0,581,22,4022.8,64,3,4024.0,26,3,4024.8,95,4,4024.9,9,1,4025.0,51,5,4025.1,47,2
11483,2026-07-02 13:13:24+05:30,4024.0,1,4038.07,1361501,158106.0,169309.0,4100.0,4110.0,4012.0,4092.6,25144000,4501.8,3683.4,4440.0,3288.1,4023.7,27,1,4023.2,25,1,4023.1,36,3,4023.0,581,22,4022.8,64,3,4024.0,26,3,4024.8,95,4,4024.9,9,1,4025.0,51,5,4025.1,47,2
11483,2026-07-02 13:13:25+05:30,4024.0,10,4038.07,1361511,158163.0,169197.0,4100.0,4110.0,4012.0,4092.6,25144000,4501.8,3683.4,4440.0,3288.1,4023.9,46,3,4023.8,8,1,4023.7,27,1,4023.2,25,1,4023.1,36,3,4024.0,17,4,4024.8,32,1,4024.9,9,1,4025.0,20,2,4025.1,47,2
11483,2026-07-02 13:13:25+05:30,4023.9,1,4038.07,1361511,158163.0,169197.0,4100.0,4110.0,4012.0,4092.6,25144000,4501.8,3683.4,4440.0,3288.1,4023.9,46,3,4023.8,8,1,4023.7,27,1,4023.2,25,1,4023.1,36,3,4024.0,17,4,4024.8,32,1,4024.9,9,1,4025.0,20,2,4025.1,47,2
11483,2026-07-02 13:13:26+05:30,4024.0,7,4038.07,1361569,158094.0,169304.0,4100.0,4110.0,4012.0,4092.6,25144000,4501.8,3683.4,4440.0,3288.1,4023.8,3,1,4023.7,67,2,4023.2,25,1,4023.1,36,3,4023.0,628,24,4024.0,10,4,4024.8,32,1,4024.9,9,1,4025.0,20,2,4025.1,47,2
11483,2026-07-02 13:13:26+05:30,4023.8,7,4038.07,1361569,158094.0,169304.0,4100.0,4110.0,4012.0,4092.6,25144000,4501.8,3683.4,4440.0,3288.1,4023.8,3,1,4023.7,67,2,4023.2,25,1,4023.1,36,3,4023.0,628,24,4024.0,10,4,4024.8,32,1,4024.9,9,1,4025.0,20,2,4025.1,47,2
11483,2026-07-02 13:13:27+05:30,4023.8,7,4038.07,1361576,158097.0,169311.0,4100.0,4110.0,4012.0,4092.6,25144000,4501.8,3683.4,4440.0,3288.1,4023.8,8,1,4023.7,67,2,4023.2,25,1,4023.1,36,3,4023.0,619,24,4023.9,1,1,4024.0,9,3,4024.8,32,1,4024.9,9,1,4025.0,20,2
11483,2026-07-02 13:13:27+05:30,4024.0,1,4038.07,1361576,158097.0,169311.0,4100.0,4110.0,4012.0,4092.6,25144000,4501.8,3683.4,4440.0,3288.1,4023.8,8,1,4023.7,67,2,4023.2,25,1,4023.1,36,3,4023.0,619,24,4023.9,1,1,4024.0,9,3,4024.8,32,1,4024.9,9,1,4025.0,20,2
11483,2026-07-02 13:13:28+05:30,4024.0,1,4038.07,1361583,158140.0,169364.0,4100.0,4110.0,4012.0,4092.6,25144000,4501.8,3683.4,4440.0,3288.1,4023.9,7,1,4023.7,67,2,4023.2,25,1,4023.1,14,2,4023.0,591,23,4024.0,4,3,4024.8,47,2,4024.9,9,1,4025.0,45,3,4025.1,47,2
11483,2026-07-02 13:13:28+05:30,4024.5,6,4038.07,1361583,158140.0,169364.0,4100.0,4110.0,4012.0,4092.6,25144000,4501.8,3683.4,4440.0,3288.1,4023.9,7,1,4023.7,67,2,4023.2,25,1,4023.1,14,2,4023.0,591,23,4024.0,4,3,4024.8,47,2,4024.9,9,1,4025.0,45,3,4025.1,47,2
11483,2026-07-02 13:13:29+05:30,4024.5,6,4038.07,1361619,158775.0,169329.0,4100.0,4110.0,4012.0,4092.6,25144000,4501.8,3683.4,4440.0,3288.1,4024.5,1,1,4023.9,7,2,4023.7,80,3,4023.4,13,1,4023.2,25,1,4024.7,25,1,4024.8,49,2,4024.9,19,2,4025.0,31,5,4025.1,53,3
11483,2026-07-02 13:13:29+05:30,4024.5,4,4038.07,1361619,158775.0,169329.0,4100.0,4110.0,4012.0,4092.6,25144000,4501.8,3683.4,4440.0,3288.1,4024.5,1,1,4023.9,7,2,4023.7,80,3,4023.4,13,1,4023.2,25,1,4024.7,25,1,4024.8,49,2,4024.9,19,2,4025.0,31,5,4025.1,53,3
11483,2026-07-02 13:13:30+05:30,4025.0,8,4038.06,1361783,158847.0,169238.0,4100.0,4110.0,4012.0,4092.6,25144000,4501.8,3683.4,4440.0,3288.1,4024.5,1,1,4023.9,7,2,4023.7,80,3,4023.4,13,1,4023.2,25,1,4024.9,45,5,4025.0,27,6,4025.1,32,1,4025.2,7,1,4025.3,11,2
11483,2026-07-02 13:13:30+05:30,4024.5,3,4038.06,1361783,158847.0,169238.0,4100.0,4110.0,4012.0,4092.6,25144000,4501.8,3683.4,4440.0,3288.1,4024.5,1,1,4023.9,7,2,4023.7,80,3,4023.4,13,1,4023.2,25,1,4024.9,45,5,4025.0,27,6,4025.1,32,1,4025.2,7,1,4025.3,11,2
11483,2026-07-02 13:13:31+05:30,4024.9,7,4038.06,1361857,158758.0,169174.0,4100.0,4110.0,4012.0,4092.6,25144000,4501.8,3683.4,4440.0,3288.1,4023.9,1,1,4023.7,67,2,4023.4,13,1,4023.2,41,2,4023.1,19,3,4024.8,25,1,4024.9,28,3,4025.0,18,4,4025.1,35,2,4025.2,7,1
11483,2026-07-02 13:13:31+05:30,4023.9,6,4038.06,1361857,158758.0,169174.0,4100.0,4110.0,4012.0,4092.6,25144000,4501.8,3683.4,4440.0,3288.1,4023.9,1,1,4023.7,67,2,4023.4,13,1,4023.2,41,2,4023.1,19,3,4024.8,25,1,4024.9,28,3,4025.0,18,4,4025.1,35,2,4025.2,7,1
11483,2026-07-02 13:13:32+05:30,4023.9,6,4038.06,1361864,158072.0,169307.0,4100.0,4110.0,4012.0,4092.6,25144000,4501.8,3683.4,4440.0,3288.1,4023.7,67,2,4023.2,25,1,4023.1,44,4,4023.0,591,23,4022.9,50,1,4023.9,1,1,4024.8,52,3,4024.9,5,2,4025.0,18,4,4025.1,50,3
11483,2026-07-02 13:13:32+05:30,4024.8,1,4038.06,1361864,158072.0,169307.0,4100.0,4110.0,4012.0,4092.6,25144000,4501.8,3683.4,4440.0,3288.1,4023.7,67,2,4023.2,25,1,4023.1,44,4,4023.0,591,23,4022.9,50,1,4023.9,1,1,4024.8,52,3,4024.9,5,2,4025.0,18,4,4025.1,50,3
11483,2026-07-02 13:13:32+05:30,4024.8,15,4038.06,1361883,158789.0,169307.0,4100.0,4110.0,4012.0,4092.6,25144000,4501.8,3683.4,4440.0,3288.1,4024.0,3,1,4023.7,66,2,4023.4,12,1,4023.2,31,2,4023.1,44,4,4024.8,41,5,4024.9,16,2,4025.0,18,4,4025.1,50,3,4025.2,7,1
11483,2026-07-02 13:13:33+05:30,4024.0,2,4038.06,1361883,158789.0,169307.0,4100.0,4110.0,4012.0,4092.6,25144000,4501.8,3683.4,4440.0,3288.1,4024.0,3,1,4023.7,66,2,4023.4,12,1,4023.2,31,2,4023.1,44,4,4024.8,41,5,4024.9,16,2,4025.0,18,4,4025.1,50,3,4025.2,7,1
11483,2026-07-02 13:13:34+05:30,4024.0,2,4038.06,1361885,158784.0,169317.0,4100.0,4110.0,4012.0,4092.6,25144000,4501.8,3683.4,4440.0,3288.1,4024.0,1,1,4023.7,66,2,4023.4,12,1,4023.2,31,2,4023.1,49,5,4024.8,41,5,4024.9,16,2,4025.0,18,4,4025.1,50,3,4025.2,20,2
11483,2026-07-02 13:13:34+05:30,4023.7,4,4038.06,1361885,158784.0,169317.0,4100.0,4110.0,4012.0,4092.6,25144000,4501.8,3683.4,4440.0,3288.1,4024.0,1,1,4023.7,66,2,4023.4,12,1,4023.2,31,2,4023.1,49,5,4024.8,41,5,4024.9,16,2,4025.0,18,4,4025.1,50,3,4025.2,20,2
11483,2026-07-02 13:13:35+05:30,4023.7,4,4038.06,1361890,158783.0,169344.0,4100.0,4110.0,4012.0,4092.6,25144000,4501.8,3683.4,4440.0,3288.1,4023.7,62,2,4023.4,12,1,4023.2,31,2,4023.1,49,5,4023.0,591,23,4024.8,62,7,4024.9,25,3,4025.0,18,4,4025.1,50,3,4025.2,37,2
11483,2026-07-02 13:13:35+05:30,4024.8,1,4038.06,1361890,158783.0,169344.0,4100.0,4110.0,4012.0,4092.6,25144000,4501.8,3683.4,4440.0,3288.1,4023.7,62,2,4023.4,12,1,4023.2,31,2,4023.1,49,5,4023.0,591,23,4024.8,62,7,4024.9,25,3,4025.0,18,4,4025.1,50,3,4025.2,37,2
11483,2026-07-02 13:13:36+05:30,4024.8,1,4038.06,1361892,158807.0,169300.0,4100.0,4110.0,4012.0,4092.6,25144000,4501.8,3683.4,4440.0,3288.1,4023.7,61,2,4023.4,12,1,4023.2,31,2,4023.1,49,5,4023.0,612,24,4024.8,61,7,4024.9,16,2,4025.0,18,4,4025.1,63,4,4025.2,37,2
11483,2026-07-02 13:13:36+05:30,4024.8,1,4038.06,1361892,158807.0,169300.0,4100.0,4110.0,4012.0,4092.6,25144000,4501.8,3683.4,4440.0,3288.1,4023.7,61,2,4023.4,12,1,4023.2,31,2,4023.1,49,5,4023.0,612,24,4024.8,61,7,4024.9,16,2,4025.0,18,4,4025.1,63,4,4025.2,37,2
11483,2026-07-02 13:13:37+05:30,4024.8,1,4038.06,1361895,158391.0,169319.0,4100.0,4110.0,4012.0,4092.6,25144000,4501.8,3683.4,4440.0,3288.1,4023.7,61,2,4023.4,12,1,4023.2,31,2,4023.1,49,5,4023.0,612,24,4024.8,58,7,4024.9,16,2,4025.0,18,4,4025.1,63,4,4025.2,37,2
11483,2026-07-02 13:13:37+05:30,4023.7,1,4038.06,1361895,158391.0,169319.0,4100.0,4110.0,4012.0,4092.6,25144000,4501.8,3683.4,4440.0,3288.1,4023.7,61,2,4023.4,12,1,4023.2,31,2,4023.1,49,5,4023.0,612,24,4024.8,58,7,4024.9,16,2,4025.0,18,4,4025.1,63,4,4025.2,37,2
11483,2026-07-02 13:13:38+05:30,4024.8,1,4038.06,1361897,158392.0,169298.0,4100.0,4110.0,4012.0,4092.6,25144000,4501.8,3683.4,4440.0,3288.1,4023.7,62,3,4023.4,12,1,4023.2,31,2,4023.1,49,5,4023.0,612,24,4024.8,54,6,4024.9,16,2,4025.0,18,4,4025.1,50,3,4025.2,37,2
11483,2026-07-02 13:13:38+05:30,4024.8,11,4038.06,1361897,158392.0,169298.0,4100.0,4110.0,4012.0,4092.6,25144000,4501.8,3683.4,4440.0,3288.1,4023.7,62,3,4023.4,12,1,4023.2,31,2,4023.1,49,5,4023.0,612,24,4024.8,54,6,4024.9,16,2,4025.0,18,4,4025.1,50,3,4025.2,37,2
11483,2026-07-02 13:13:39+05:30,4024.9,1,4038.06,1361945,158924.0,169264.0,4100.0,4110.0,4012.0,4092.6,25144000,4501.8,3683.4,4440.0,3288.1,4024.3,1,1,4023.9,2,1,4023.7,62,3,4023.4,12,1,4023.2,31,2,4024.9,18,1,4025.0,33,5,4025.1,44,2,4025.2,20,2,4025.3,11,2
11483,2026-07-02 13:13:39+05:30,4023.9,1,4038.06,1361945,158924.0,169264.0,4100.0,4110.0,4012.0,4092.6,25144000,4501.8,3683.4,4440.0,3288.1,4024.3,1,1,4023.9,2,1,4023.7,62,3,4023.4,12,1,4023.2,31,2,4024.9,18,1,4025.0,33,5,4025.1,44,2,4025.2,20,2,4025.3,11,2
11483,2026-07-02 13:13:40+05:30,4024.3,1,4038.06,1361949,158415.0,169382.0,4100.0,4110.0,4012.0,4092.6,25144000,4501.8,3683.4,4440.0,3288.1,4023.9,1,1,4023.7,62,3,4023.2,31,2,4023.1,57,6,4023.0,612,24,4024.3,1,1,4024.9,45,5,4025.0,18,4,4025.1,56,3,4025.2,33,3
11483,2026-07-02 13:13:40+05:30,4024.3,1,4038.06,1361949,158415.0,169382.0,4100.0,4110.0,4012.0,4092.6,25144000,4501.8,3683.4,4440.0,3288.1,4023.9,1,1,4023.7,62,3,4023.2,31,2,4023.1,57,6,4023.0,612,24,4024.3,1,1,4024.9,45,5,4025.0,18,4,4025.1,56,3,4025.2,33,3
11483,2026-07-02 13:13:41+05:30,4024.3,1,4038.06,1361949,158421.0,169367.0,4100.0,4110.0,4012.0,4092.6,25144000,4501.8,3683.4,4440.0,3288.1,4023.9,1,1,4023.7,62,3,4023.2,31,2,4023.1,57,6,4023.0,613,25,4024.3,1,1,4024.9,45,5,4025.0,18,4,4025.1,56,3,4025.2,33,3
11483,2026-07-02 13:13:41+05:30,4024.3,1,4038.06,1361949,158421.0,169367.0,4100.0,4110.0,4012.0,4092.6,25144000,4501.8,3683.4,4440.0,3288.1,4023.9,1,1,4023.7,62,3,4023.2,31,2,4023.1,57,6,4023.0,613,25,4024.3,1,1,4024.9,45,5,4025.0,18,4,4025.1,56,3,4025.2,33,3
11483,2026-07-02 13:13:42+05:30,4024.3,1,4038.06,1361953,158414.0,169400.0,4100.0,4110.0,4012.0,4092.6,25144000,4501.8,3683.4,4440.0,3288.1,4023.7,62,3,4023.4,12,1,4023.2,31,2,4023.1,65,6,4023.0,613,25,4024.9,45,5,4025.0,27,4,4025.1,44,2,4025.2,50,4,4025.3,8,1
11483,2026-07-02 13:13:42+05:30,4024.3,1,4038.06,1361953,158414.0,169400.0,4100.0,4110.0,4012.0,4092.6,25144000,4501.8,3683.4,4440.0,3288.1,4023.7,62,3,4023.4,12,1,4023.2,31,2,4023.1,65,6,4023.0,613,25,4024.9,45,5,4025.0,27,4,4025.1,44,2,4025.2,50,4,4025.3,8,1
11483,2026-07-02 13:13:43+05:30,4024.9,10,4038.06,1361963,158419.0,169391.0,4100.0,4110.0,4012.0,4092.6,25144000,4501.8,3683.4,4440.0,3288.1,4023.8,2,1,4023.7,60,2,4023.4,12,1,4023.2,31,2,4023.1,52,5,4024.9,35,5,4025.0,27,4,4025.1,44,2,4025.2,47,3,4025.3,11,2
11483,2026-07-02 13:13:43+05:30,4024.8,2,4038.06,1361963,158419.0,169391.0,4100.0,4110.0,4012.0,4092.6,25144000,4501.8,3683.4,4440.0,3288.1,4023.8,2,1,4023.7,60,2,4023.4,12,1,4023.2,31,2,4023.1,52,5,4024.9,35,5,4025.0,27,4,4025.1,44,2,4025.2,47,3,4025.3,11,2
11483,2026-07-02 13:13:44+05:30,4024.8,2,4038.06,1361969,158537.0,169418.0,4100.0,4110.0,4012.0,4092.6,25144000,4501.8,3683.4,4440.0,3288.1,4023.8,2,1,4023.7,60,2,4023.4,12,1,4023.2,31,2,4023.1,52,5,4024.8,56,4,4024.9,5,2,4025.0,58,5,4025.1,75,5,4025.2,47,3
11483,2026-07-02 13:13:44+05:30,4023.8,1,4038.06,1361969,158537.0,169418.0,4100.0,4110.0,4012.0,4092.6,25144000,4501.8,3683.4,4440.0,3288.1,4023.8,2,1,4023.7,60,2,4023.4,12,1,4023.2,31,2,4023.1,52,5,4024.8,56,4,4024.9,5,2,4025.0,58,5,4025.1,75,5,4025.2,47,3
11483,2026-07-02 13:13:45+05:30,4024.8,1,4038.06,1361972,158324.0,169502.0,4100.0,4110.0,4012.0,4092.6,25144000,4501.8,3683.4,4440.0,3288.1,4023.8,1,1,4023.7,60,2,4023.5,6,1,4023.4,12,1,4023.2,25,1,4024.8,95,9,4024.9,10,3,4025.0,58,5,4025.1,75,5,4025.2,47,3
11483,2026-07-02 13:13:45+05:30,4023.8,1,4038.06,1361972,158324.0,169502.0,4100.0,4110.0,4012.0,4092.6,25144000,4501.8,3683.4,4440.0,3288.1,4023.8,1,1,4023.7,60,2,4023.5,6,1,4023.4,12,1,4023.2,25,1,4024.8,95,9,4024.9,10,3,4025.0,58,5,4025.1,75,5,4025.2,47,3
11483,2026-07-02 13:13:46+05:30,4024.8,3,4038.06,1362063,158735.0,169438.0,4100.0,4110.0,4012.0,4092.6,25144000,4501.8,3683.4,4440.0,3288.1,4024.3,2,2,4023.8,2,1,4023.7,61,3,4023.5,6,1,4023.4,12,1,4024.8,61,7,4024.9,72,5,4025.0,27,4,4025.1,62,4,4025.2,20,2
11483,2026-07-02 13:13:46+05:30,4024.3,1,4038.06,1362063,158735.0,169438.0,4100.0,4110.0,4012.0,4092.6,25144000,4501.8,3683.4,4440.0,3288.1,4024.3,2,2,4023.8,2,1,4023.7,61,3,4023.5,6,1,4023.4,12,1,4024.8,61,7,4024.9,72,5,4025.0,27,4,4025.1,62,4,4025.2,20,2
11483,2026-07-02 13:13:47+05:30,4024.4,2,4038.06,1362078,158626.0,169451.0,4100.0,4110.0,4012.0,4092.6,25144000,4501.8,3683.4,4440.0,3288.1,4024.4,2,1,4023.7,61,3,4023.5,16,2,4023.4,12,1,4023.2,46,2,4024.7,68,4,4024.8,46,4,4024.9,7,2,4025.0,27,5,4025.1,62,4
11483,2026-07-02 13:13:47+05:30,4024.4,1,4038.06,1362078,158626.0,169451.0,4100.0,4110.0,4012.0,4092.6,25144000,4501.8,3683.4,4440.0,3288.1,4024.4,2,1,4023.7,61,3,4023.5,16,2,4023.4,12,1,4023.2,46,2,4024.7,68,4,4024.8,46,4,4024.9,7,2,4025.0,27,5,4025.1,62,4
11483,2026-07-02 13:13:48+05:30,4024.4,1,4038.06,1362079,158386.0,169448.0,4100.0,4110.0,4012.0,4092.6,25144000,4501.8,3683.4,4440.0,3288.1,4024.4,1,1,4023.7,61,3,4023.5,16,2,4023.4,12,1,4023.2,21,1,4024.7,73,6,4024.8,36,5,4024.9,7,2,4025.0,27,5,4025.1,62,4
11483,2026-07-02 13:13:48+05:30,4024.7,6,4038.06,1362079,158386.0,169448.0,4100.0,4110.0,4012.0,4092.6,25144000,4501.8,3683.4,4440.0,3288.1,4024.4,1,1,4023.7,61,3,4023.5,16,2,4023.4,12,1,4023.2,21,1,4024.7,73,6,4024.8,36,5,4024.9,7,2,4025.0,27,5,4025.1,62,4
11483,2026-07-02 13:13:49+05:30,4024.7,6,4038.06,1362110,158509.0,169500.0,4100.0,4110.0,4012.0,4092.6,25144000,4501.8,3683.4,4440.0,3288.1,4024.2,1,1,4023.7,61,3,4023.5,16,2,4023.4,12,1,4023.2,9,1,4024.7,45,6,4024.8,47,5,4024.9,7,2,4025.0,25,4,4025.1,64,5
11483,2026-07-02 13:13:49+05:30,4024.2,1,4038.06,1362110,158509.0,169500.0,4100.0,4110.0,4012.0,4092.6,25144000,4501.8,3683.4,4440.0,3288.1,4024.2,1,1,4023.7,61,3,4023.5,16,2,4023.4,12,1,4023.2,9,1,4024.7,45,6,4024.8,47,5,4024.9,7,2,4025.0,25,4,4025.1,64,5
11483,2026-07-02 13:13:50+05:30,4024.2,1,4038.06,1362112,158009.0,169562.0,4100.0,4110.0,4012.0,4092.6,25144000,4501.8,3683.4,4440.0,3288.1,4023.7,61,3,4023.5,16,2,4023.1,44,4,4023.0,607,24,4022.8,12,1,4024.2,1,1,4024.7,45,6,4024.8,47,5,4024.9,20,3,4025.0,25,4
11483,2026-07-02 13:13:50+05:30,4024.2,1,4038.06,1362112,158009.0,169562.0,4100.0,4110.0,4012.0,4092.6,25144000,4501.8,3683.4,4440.0,3288.1,4023.7,61,3,4023.5,16,2,4023.1,44,4,4023.0,607,24,4022.8,12,1,4024.2,1,1,4024.7,45,6,4024.8,47,5,4024.9,20,3,4025.0,25,4
11483,2026-07-02 13:13:51+05:30,4024.2,1,4038.06,1362112,158027.0,169537.0,4100.0,4110.0,4012.0,4092.6,25144000,4501.8,3683.4,4440.0,3288.1,4023.7,61,3,4023.5,16,2,4023.1,64,5,4023.0,607,24,4022.8,12,1,4024.2,9,3,4024.3,6,1,4024.5,19,2,4024.7,34,3,4024.8,47,5
11483,2026-07-02 13:13:52+05:30,4024.2,3,4038.06,1362116,158034.0,169527.0,4100.0,4110.0,4012.0,4092.6,25144000,4501.8,3683.4,4440.0,3288.1,4023.7,61,3,4023.5,16,2,4023.1,64,5,4023.0,607,24,4022.8,12,1,4024.2,5,2,4024.3,6,1,4024.5,19,2,4024.7,34,3,4024.8,41,4
11483,2026-07-02 13:13:52+05:30,4023.7,3,4038.06,1362116,158034.0,169527.0,4100.0,4110.0,4012.0,4092.6,25144000,4501.8,3683.4,4440.0,3288.1,4023.7,61,3,4023.5,16,2,4023.1,64,5,4023.0,607,24,4022.8,12,1,4024.2,5,2,4024.3,6,1,4024.5,19,2,4024.7,34,3,4024.8,41,4
11483,2026-07-02 13:13:53+05:30,4023.7,3,4038.06,1362120,158029.0,169559.0,4100.0,4110.0,4012.0,4092.6,25144000,4501.8,3683.4,4440.0,3288.1,4023.7,57,3,4023.5,37,3,4023.1,64,5,4023.0,586,23,4022.8,12,1,4024.2,5,2,4024.3,6,1,4024.5,19,2,4024.7,66,4,4024.8,41,4
11483,2026-07-02 13:13:53+05:30,4023.7,1,4038.06,1362120,158029.0,169559.0,4100.0,4110.0,4012.0,4092.6,25144000,4501.8,3683.4,4440.0,3288.1,4023.7,57,3,4023.5,37,3,4023.1,64,5,4023.0,586,23,4022.8,12,1,4024.2,5,2,4024.3,6,1,4024.5,19,2,4024.7,66,4,4024.8,41,4
11483,2026-07-02 13:13:54+05:30,4024.2,1,4038.06,1362132,158023.0,169572.0,4100.0,4110.0,4012.0,4092.6,25144000,4501.8,3683.4,4440.0,3288.1,4023.7,56,3,4023.5,37,3,4023.1,39,3,4023.0,586,23,4022.8,12,1,4024.5,37,4,4024.6,23,1,4024.7,66,4,4024.8,9,2,4024.9,25,4
11483,2026-07-02 13:13:54+05:30,4023.8,1,4038.06,1362132,158023.0,169572.0,4100.0,4110.0,4012.0,4092.6,25144000,4501.8,3683.4,4440.0,3288.1,4023.7,56,3,4023.5,37,3,4023.1,39,3,4023.0,586,23,4022.8,12,1,4024.5,37,4,4024.6,23,1,4024.7,66,4,4024.8,9,2,4024.9,25,4
11483,2026-07-02 13:13:55+05:30,4023.8,1,4038.06,1362134,158283.0,169387.0,4100.0,4110.0,4012.0,4092.6,25144000,4501.8,3683.4,4440.0,3288.1,4023.8,68,3,4023.7,65,4,4023.6,3,1,4023.5,38,4,4023.4,36,2,4024.9,6,2,4025.0,18,3,4025.1,32,1,4025.4,34,2,4025.5,44,2
11483,2026-07-02 13:13:55+05:30,4023.8,1,4038.06,1362134,158283.0,169387.0,4100.0,4110.0,4012.0,4092.6,25144000,4501.8,3683.4,4440.0,3288.1,4023.8,68,3,4023.7,65,4,4023.6,3,1,4023.5,38,4,4023.4,36,2,4024.9,6,2,4025.0,18,3,4025.1,32,1,4025.4,34,2,4025.5,44,2
11483,2026-07-02 13:13:56+05:30,4023.8,1,4038.06,1362135,158294.0,169414.0,4100.0,4110.0,4012.0,4092.6,25144000,4501.8,3683.4,4440.0,3288.1,4023.8,67,3,4023.7,65,4,4023.5,38,4,4023.4,36,2,4023.3,44,1,4024.9,6,2,4025.0,18,3,4025.1,47,2,4025.4,34,2,4025.5,56,3
11483,2026-07-02 13:13:56+05:30,4023.8,1,4038.06,1362135,158294.0,169414.0,4100.0,4110.0,4012.0,4092.6,25144000,4501.8,3683.4,4440.0,3288.1,4023.8,67,3,4023.7,65,4,4023.5,38,4,4023.4,36,2,4023.3,44,1,4024.9,6,2,4025.0,18,3,4025.1,47,2,4025.4,34,2,4025.5,56,3
11483,2026-07-02 13:13:57+05:30,4025.4,14,4038.06,1362351,158269.0,169000.0,4100.0,4110.0,4012.0,4092.6,25144000,4501.8,3683.4,4440.0,3288.1,4023.8,51,3,4023.7,55,3,4023.5,38,4,4023.4,12,1,4023.3,44,1,4025.0,15,1,4025.3,64,3,4025.4,5,1,4025.5,44,2,4025.6,27,3
11483,2026-07-02 13:13:57+05:30,4023.8,1,4038.06,1362351,158269.0,169000.0,4100.0,4110.0,4012.0,4092.6,25144000,4501.8,3683.4,4440.0,3288.1,4023.8,51,3,4023.7,55,3,4023.5,38,4,4023.4,12,1,4023.3,44,1,4025.0,15,1,4025.3,64,3,4025.4,5,1,4025.5,44,2,4025.6,27,3
11483,2026-07-02 13:13:58+05:30,4023.9,1,4038.06,1362459,158829.0,168897.0,4100.0,4110.0,4012.0,4092.6,25144000,4501.8,3683.4,4440.0,3288.1,4023.9,15,1,4023.8,7,1,4023.7,55,3,4023.5,38,4,4023.4,12,1,4025.0,15,1,4025.3,27,2,4025.4,10,2,4025.5,36,1,4025.6,12,1
11483,2026-07-02 13:13:58+05:30,4023.9,1,4038.06,1362459,158829.0,168897.0,4100.0,4110.0,4012.0,4092.6,25144000,4501.8,3683.4,4440.0,3288.1,4023.9,15,1,4023.8,7,1,4023.7,55,3,4023.5,38,4,4023.4,12,1,4025.0,15,1,4025.3,27,2,4025.4,10,2,4025.5,36,1,4025.6,12,1
11483,2026-07-02 13:13:59+05:30,4024.4,1,4038.06,1362481,158917.0,168852.0,4100.0,4110.0,4012.0,4092.6,25144000,4501.8,3683.4,4440.0,3288.1,4024.4,1,1,4023.8,7,1,4023.7,68,4,4023.6,3,1,4023.5,38,4,4025.0,7,1,4025.3,27,2,4025.4,5,1,4025.5,36,1,4025.7,88,3
11483,2026-07-02 13:13:59+05:30,4024.4,1,4038.06,1362481,158917.0,168852.0,4100.0,4110.0,4012.0,4092.6,25144000,4501.8,3683.4,4440.0,3288.1,4024.4,1,1,4023.8,7,1,4023.7,68,4,4023.6,3,1,4023.5,38,4,4025.0,7,1,4025.3,27,2,4025.4,5,1,4025.5,36,1,4025.7,88,3
11483,2026-07-02 13:14:00+05:30,4023.8,1,4038.06,1362481,158917.0,168852.0,4100.0,4110.0,4012.0,4092.6,25144000,4501.8,3683.4,4440.0,3288.1,4024.4,1,1,4023.8,7,1,4023.7,68,4,4023.6,3,1,4023.5,38,4,4025.0,7,1,4025.3,27,2,4025.4,5,1,4025.5,36,1,4025.7,88,3
11483,2026-07-02 13:14:00+05:30,4024.4,1,4038.06,1362484,158780.0,169407.0,4100.0,4110.0,4012.0,4092.6,25144000,4501.8,3683.4,4440.0,3288.1,4023.8,6,1,4023.7,55,3,4023.5,38,4,4023.4,12,1,4023.2,13,1,4024.4,1,1,4025.0,129,4,4025.2,22,2,4025.3,25,3,4025.4,32,3
11483,2026-07-02 13:14:01+05:30,4024.7,1,4038.06,1362484,158780.0,169407.0,4100.0,4110.0,4012.0,4092.6,25144000,4501.8,3683.4,4440.0,3288.1,4023.8,6,1,4023.7,55,3,4023.5,38,4,4023.4,12,1,4023.2,13,1,4024.4,1,1,4025.0,129,4,4025.2,22,2,4025.3,25,3,4025.4,32,3
11483,2026-07-02 13:14:01+05:30,4024.7,1,4038.06,1362506,158118.0,169469.0,4100.0,4110.0,4012.0,4092.6,25144000,4501.8,3683.4,4440.0,3288.1,4023.8,5,1,4023.7,55,3,4023.5,37,3,4023.4,12,1,4023.1,62,5,4024.8,17,3,4024.9,46,3,4025.0,139,6,4025.1,31,4,4025.2,24,3
11483,2026-07-02 13:14:02+05:30,4024.2,3,4038.06,1362506,158118.0,169469.0,4100.0,4110.0,4012.0,4092.6,25144000,4501.8,3683.4,4440.0,3288.1,4023.8,5,1,4023.7,55,3,4023.5,37,3,4023.4,12,1,4023.1,62,5,4024.8,17,3,4024.9,46,3,4025.0,139,6,4025.1,31,4,4025.2,24,3
11483,2026-07-02 13:14:02+05:30,4024.7,1,4038.06,1362513,158066.0,169401.0,4100.0,4110.0,4012.0,4092.6,25144000,4501.8,3683.4,4440.0,3288.1,4023.8,2,1,4023.7,55,3,4023.5,37,3,4023.4,12,1,4023.1,44,4,4024.7,36,3,4024.8,12,3,4024.9,74,5,4025.0,127,5,4025.1,20,3
11483,2026-07-02 13:14:03+05:30,4023.8,1,4038.06,1362513,158066.0,169401.0,4100.0,4110.0,4012.0,4092.6,25144000,4501.8,3683.4,4440.0,3288.1,4023.8,2,1,4023.7,55,3,4023.5,37,3,4023.4,12,1,4023.1,44,4,4024.7,36,3,4024.8,12,3,4024.9,74,5,4025.0,127,5,4025.1,20,3
11483,2026-07-02 13:14:03+05:30,4024.7,1,4038.06,1362515,158065.0,169377.0,4100.0,4110.0,4012.0,4092.6,25144000,4501.8,3683.4,4440.0,3288.1,4023.8,1,1,4023.7,55,3,4023.5,37,3,4023.4,12,1,4023.1,44,4,4024.7,35,3,4024.8,12,3,4024.9,63,4,4025.0,115,4,4025.1,20,3
11483,2026-07-02 13:14:04+05:30,4024.7,1,4038.06,1362515,158065.0,169377.0,4100.0,4110.0,4012.0,4092.6,25144000,4501.8,3683.4,4440.0,3288.1,4023.8,1,1,4023.7,55,3,4023.5,37,3,4023.4,12,1,4023.1,44,4,4024.7,35,3,4024.8,12,3,4024.9,63,4,4025.0,115,4,4025.1,20,3
11483,2026-07-02 13:14:05+05:30,4024.7,1,4038.06,1362516,158079.0,169376.0,4100.0,4110.0,4012.0,4092.6,25144000,4501.8,3683.4,4440.0,3288.1,4023.8,1,1,4023.7,55,3,4023.5,37,3,4023.4,12,1,4023.2,14,1,4024.7,34,3,4024.8,12,3,4024.9,63,4,4025.0,115,4,4025.1,20,3
11483,2026-07-02 13:14:05+05:30,4024.7,5,4038.06,1362516,158079.0,169376.0,4100.0,4110.0,4012.0,4092.6,25144000,4501.8,3683.4,4440.0,3288.1,4023.8,1,1,4023.7,55,3,4023.5,37,3,4023.4,12,1,4023.2,14,1,4024.7,34,3,4024.8,12,3,4024.9,63,4,4025.0,115,4,4025.1,20,3
11483,2026-07-02 13:14:06+05:30,4024.7,1,4038.06,1362523,158142.0,169423.0,4100.0,4110.0,4012.0,4092.6,25144000,4501.8,3683.4,4440.0,3288.1,4023.7,55,3,4023.5,37,3,4023.4,12,1,4023.1,44,4,4023.0,586,23,4024.7,10,3,4024.8,12,3,4024.9,51,3,4025.0,115,4,4025.1,20,3
11483,2026-07-02 13:14:06+05:30,4023.7,6,4038.06,1362523,158142.0,169423.0,4100.0,4110.0,4012.0,4092.6,25144000,4501.8,3683.4,4440.0,3288.1,4023.7,55,3,4023.5,37,3,4023.4,12,1,4023.1,44,4,4023.0,586,23,4024.7,10,3,4024.8,12,3,4024.9,51,3,4025.0,115,4,4025.1,20,3
11483,2026-07-02 13:14:07+05:30,4024.7,1,4038.06,1362547,158206.0,169319.0,4100.0,4110.0,4012.0,4092.6,25144000,4501.8,3683.4,4440.0,3288.1,4023.7,49,3,4023.5,37,3,4023.4,12,1,4023.1,39,3,4023.0,586,23,4024.8,47,6,4024.9,25,2,4025.0,140,5,4025.1,31,4,4025.2,47,4
11483,2026-07-02 13:14:07+05:30,4023.7,3,4038.06,1362547,158206.0,169319.0,4100.0,4110.0,4012.0,4092.6,25144000,4501.8,3683.4,4440.0,3288.1,4023.7,49,3,4023.5,37,3,4023.4,12,1,4023.1,39,3,4023.0,586,23,4024.8,47,6,4024.9,25,2,4025.0,140,5,4025.1,31,4,4025.2,47,4
11483,2026-07-02 13:14:07+05:30,4023.7,3,4038.06,1362547,158206.0,169319.0,4100.0,4110.0,4012.0,4092.6,25144000,4501.8,3683.4,4440.0,3288.1,4023.7,49,3,4023.5,37,3,4023.4,12,1,4023.1,39,3,4023.0,586,23,4024.8,47,6,4024.9,25,2,4025.0,140,5,4025.1,31,4,4025.2,47,4
11483,2026-07-02 13:14:08+05:30,4024.7,1,4038.06,1362552,158896.0,169172.0,4100.0,4110.0,4012.0,4092.6,25144000,4501.8,3683.4,4440.0,3288.1,4024.7,80,1,4024.6,42,1,4024.5,42,1,4024.4,1,1,4024.3,42,1,4025.0,136,4,4025.2,3,1,4025.4,32,4,4025.5,36,1,4025.6,8,2
11483,2026-07-02 13:14:08+05:30,4024.7,1,4038.06,1362552,158896.0,169172.0,4100.0,4110.0,4012.0,4092.6,25144000,4501.8,3683.4,4440.0,3288.1,4024.7,80,1,4024.6,42,1,4024.5,42,1,4024.4,1,1,4024.3,42,1,4025.0,136,4,4025.2,3,1,4025.4,32,4,4025.5,36,1,4025.6,8,2
11483,2026-07-02 13:14:08+05:30,4024.7,1,4038.06,1362552,158896.0,169172.0,4100.0,4110.0,4012.0,4092.6,25144000,4501.8,3683.4,4440.0,3288.1,4024.7,80,1,4024.6,42,1,4024.5,42,1,4024.4,1,1,4024.3,42,1,4025.0,136,4,4025.2,3,1,4025.4,32,4,4025.5,36,1,4025.6,8,2
11483,2026-07-02 13:14:09+05:30,4025.0,1,4038.06,1362624,158996.0,169116.0,4100.0,4110.0,4012.0,4092.6,25144000,4501.8,3683.4,4440.0,3288.1,4024.8,43,2,4024.7,42,1,4024.5,42,1,4024.4,1,1,4024.3,42,1,4025.0,79,4,4025.4,27,3,4025.6,42,3,4025.7,120,5,4025.8,26,3
11483,2026-07-02 13:14:09+05:30,4025.0,1,4038.06,1362624,158996.0,169116.0,4100.0,4110.0,4012.0,4092.6,25144000,4501.8,3683.4,4440.0,3288.1,4024.8,43,2,4024.7,42,1,4024.5,42,1,4024.4,1,1,4024.3,42,1,4025.0,79,4,4025.4,27,3,4025.6,42,3,4025.7,120,5,4025.8,26,3
11483,2026-07-02 13:14:09+05:30,4025.0,6,4038.06,1362624,158996.0,169116.0,4100.0,4110.0,4012.0,4092.6,25144000,4501.8,3683.4,4440.0,3288.1,4024.8,43,2,4024.7,42,1,4024.5,42,1,4024.4,1,1,4024.3,42,1,4025.0,79,4,4025.4,27,3,4025.6,42,3,4025.7,120,5,4025.8,26,3
11483,2026-07-02 13:14:09+05:30,4025.0,6,4038.06,1362624,158996.0,169116.0,4100.0,4110.0,4012.0,4092.6,25144000,4501.8,3683.4,4440.0,3288.1,4024.8,43,2,4024.7,42,1,4024.5,42,1,4024.4,1,1,4024.3,42,1,4025.0,79,4,4025.4,27,3,4025.6,42,3,4025.7,120,5,4025.8,26,3
11483,2026-07-02 13:14:10+05:30,4024.8,1,4038.06,1362706,159022.0,169060.0,4100.0,4110.0,4012.0,4092.6,25144000,4501.8,3683.4,4440.0,3288.1,4024.8,74,3,4024.6,42,1,4024.4,43,2,4023.8,11,1,4023.7,58,4,4025.0,13,3,4025.1,6,2,4025.2,4,1,4025.4,27,3,4025.6,42,3
11483,2026-07-02 13:14:10+05:30,4024.8,1,4038.06,1362706,159022.0,169060.0,4100.0,4110.0,4012.0,4092.6,25144000,4501.8,3683.4,4440.0,3288.1,4024.8,74,3,4024.6,42,1,4024.4,43,2,4023.8,11,1,4023.7,58,4,4025.0,13,3,4025.1,6,2,4025.2,4,1,4025.4,27,3,4025.6,42,3
11483,2026-07-02 13:14:10+05:30,4025.0,17,4038.06,1362706,159022.0,169060.0,4100.0,4110.0,4012.0,4092.6,25144000,4501.8,3683.4,4440.0,3288.1,4024.8,74,3,4024.6,42,1,4024.4,43,2,4023.8,11,1,4023.7,58,4,4025.0,13,3,4025.1,6,2,4025.2,4,1,4025.4,27,3,4025.6,42,3
11483,2026-07-02 13:14:10+05:30,4025.0,17,4038.06,1362706,159022.0,169060.0,4100.0,4110.0,4012.0,4092.6,25144000,4501.8,3683.4,4440.0,3288.1,4024.8,74,3,4024.6,42,1,4024.4,43,2,4023.8,11,1,4023.7,58,4,4025.0,13,3,4025.1,6,2,4025.2,4,1,4025.4,27,3,4025.6,42,3
11483,2026-07-02 13:14:11+05:30,4025.0,17,4038.06,1362706,159022.0,169060.0,4100.0,4110.0,4012.0,4092.6,25144000,4501.8,3683.4,4440.0,3288.1,4024.8,74,3,4024.6,42,1,4024.4,43,2,4023.8,11,1,4023.7,58,4,4025.0,13,3,4025.1,6,2,4025.2,4,1,4025.4,27,3,4025.6,42,3
11483,2026-07-02 13:14:11+05:30,4025.0,1,4038.05,1362787,159079.0,168571.0,4100.0,4110.0,4012.0,4092.6,25144000,4501.8,3683.4,4440.0,3288.1,4024.8,64,3,4024.6,42,1,4024.4,43,2,4024.0,23,2,4023.7,58,4,4025.0,14,1,4025.4,20,2,4025.5,5,1,4025.6,42,3,4025.7,120,5
11483,2026-07-02 13:14:11+05:30,4025.0,1,4038.05,1362787,159079.0,168571.0,4100.0,4110.0,4012.0,4092.6,25144000,4501.8,3683.4,4440.0,3288.1,4024.8,64,3,4024.6,42,1,4024.4,43,2,4024.0,23,2,4023.7,58,4,4025.0,14,1,4025.4,20,2,4025.5,5,1,4025.6,42,3,4025.7,120,5
11483,2026-07-02 13:14:11+05:30,4025.0,71,4038.05,1362787,159079.0,168571.0,4100.0,4110.0,4012.0,4092.6,25144000,4501.8,3683.4,4440.0,3288.1,4024.8,64,3,4024.6,42,1,4024.4,43,2,4024.0,23,2,4023.7,58,4,4025.0,14,1,4025.4,20,2,4025.5,5,1,4025.6,42,3,4025.7,120,5
11483,2026-07-02 13:14:11+05:30,4025.0,71,4038.05,1362787,159079.0,168571.0,4100.0,4110.0,4012.0,4092.6,25145925,4501.8,3683.4,4440.0,3288.1,4024.8,64,3,4024.6,42,1,4024.4,43,2,4024.0,23,2,4023.7,58,4,4025.0,14,1,4025.4,20,2,4025.5,5,1,4025.6,42,3,4025.7,120,5
11483,2026-07-02 13:14:12+05:30,4025.0,1,4038.05,1362869,158979.0,168559.0,4100.0,4110.0,4012.0,4092.6,25145925,4501.8,3683.4,4440.0,3288.1,4024.8,54,3,4024.6,42,1,4024.4,43,2,4023.7,69,5,4023.6,2,1,4025.0,14,1,4025.4,15,1,4025.5,5,1,4025.6,8,2,4025.7,120,5
11483,2026-07-02 13:14:12+05:30,4025.0,1,4038.05,1362869,158979.0,168559.0,4100.0,4110.0,4012.0,4092.6,25145925,4501.8,3683.4,4440.0,3288.1,4024.8,54,3,4024.6,42,1,4024.4,43,2,4023.7,69,5,4023.6,2,1,4025.0,14,1,4025.4,15,1,4025.5,5,1,4025.6,8,2,4025.7,120,5
11483,2026-07-02 13:14:12+05:30,4025.0,11,4038.05,1362869,158979.0,168559.0,4100.0,4110.0,4012.0,4092.6,25145925,4501.8,3683.4,4440.0,3288.1,4024.8,54,3,4024.6,42,1,4024.4,43,2,4023.7,69,5,4023.6,2,1,4025.0,14,1,4025.4,15,1,4025.5,5,1,4025.6,8,2,4025.7,120,5
11483,2026-07-02 13:14:12+05:30,4025.0,11,4038.05,1362869,158979.0,168559.0,4100.0,4110.0,4012.0,4092.6,25145925,4501.8,3683.4,4440.0,3288.1,4024.8,54,3,4024.6,42,1,4024.4,43,2,4023.7,69,5,4023.6,2,1,4025.0,14,1,4025.4,15,1,4025.5,5,1,4025.6,8,2,4025.7,120,5
11483,2026-07-02 13:14:12+05:30,4025.0,1,4038.05,1362951,158896.0,168400.0,4100.0,4110.0,4012.0,4092.6,25145925,4501.8,3683.4,4440.0,3288.1,4024.8,44,3,4024.6,42,1,4024.4,43,2,4024.0,23,2,4023.7,69,5,4025.0,3,1,4025.6,15,2,4025.7,83,3,4025.8,9,2,4025.9,54,3
11483,2026-07-02 13:14:13+05:30,4025.0,1,4038.05,1362951,158896.0,168400.0,4100.0,4110.0,4012.0,4092.6,25145925,4501.8,3683.4,4440.0,3288.1,4024.8,44,3,4024.6,42,1,4024.4,43,2,4024.0,23,2,4023.7,69,5,4025.0,3,1,4025.6,15,2,4025.7,83,3,4025.8,9,2,4025.9,54,3
11483,2026-07-02 13:14:13+05:30,4024.8,5,4038.05,1362951,158896.0,168400.0,4100.0,4110.0,4012.0,4092.6,25145925,4501.8,3683.4,4440.0,3288.1,4024.8,44,3,4024.6,42,1,4024.4,43,2,4024.0,23,2,4023.7,69,5,4025.0,3,1,4025.6,15,2,4025.7,83,3,4025.8,9,2,4025.9,54,3
11483,2026-07-02 13:14:13+05:30,4024.8,5,4038.05,1362951,158896.0,168400.0,4100.0,4110.0,4012.0,4092.6,25145925,4501.8,3683.4,4440.0,3288.1,4024.8,44,3,4024.6,42,1,4024.4,43,2,4024.0,23,2,4023.7,69,5,4025.0,3,1,4025.6,15,2,4025.7,83,3,4025.8,9,2,4025.9,54,3
11483,2026-07-02 13:14:14+05:30,4025.0,1,4038.05,1363039,158940.0,168368.0,4100.0,4110.0,4012.0,4092.6,25145925,4501.8,3683.4,4440.0,3288.1,4024.8,29,1,4024.6,42,1,4024.4,43,2,4024.0,10,1,4023.9,11,1,4025.0,14,1,4025.6,15,2,4025.7,83,3,4025.8,1,1,4025.9,34,1
11483,2026-07-02 13:14:14+05:30,4025.0,1,4038.05,1363039,158940.0,168368.0,4100.0,4110.0,4012.0,4092.6,25145925,4501.8,3683.4,4440.0,3288.1,4024.8,29,1,4024.6,42,1,4024.4,43,2,4024.0,10,1,4023.9,11,1,4025.0,14,1,4025.6,15,2,4025.7,83,3,4025.8,1,1,4025.9,34,1
11483,2026-07-02 13:14:15+05:30,4025.0,81,4038.05,1363197,159038.0,168342.0,4100.0,4110.0,4012.0,4092.6,25145925,4501.8,3683.4,4440.0,3288.1,4024.8,29,2,4024.6,42,1,4024.4,43,2,4024.0,23,2,4023.8,19,1,4025.0,15,1,4025.6,28,2,4025.7,83,3,4025.8,1,1,4026.0,82,6
11483,2026-07-02 13:14:15+05:30,4025.0,1,4038.05,1363197,159038.0,168342.0,4100.0,4110.0,4012.0,4092.6,25145925,4501.8,3683.4,4440.0,3288.1,4024.8,29,2,4024.6,42,1,4024.4,43,2,4024.0,23,2,4023.8,19,1,4025.0,15,1,4025.6,28,2,4025.7,83,3,4025.8,1,1,4026.0,82,6
11483,2026-07-02 13:14:16+05:30,4024.8,1,4038.05,1363338,159095.0,168383.0,4100.0,4110.0,4012.0,4092.6,25145925,4501.8,3683.4,4440.0,3288.1,4024.8,9,1,4024.6,42,1,4024.4,43,2,4024.0,28,3,4023.8,19,1,4025.0,15,1,4025.6,31,3,4025.7,117,4,4025.8,12,2,4026.0,82,6
11483,2026-07-02 13:14:16+05:30,4025.0,8,4038.05,1363338,159095.0,168383.0,4100.0,4110.0,4012.0,4092.6,25145925,4501.8,3683.4,4440.0,3288.1,4024.8,9,1,4024.6,42,1,4024.4,43,2,4024.0,28,3,4023.8,19,1,4025.0,15,1,4025.6,31,3,4025.7,117,4,4025.8,12,2,4026.0,82,6
11483,2026-07-02 13:14:17+05:30,4024.8,1,4038.05,1363363,159243.0,168323.0,4100.0,4110.0,4012.0,4092.6,25145925,4501.8,3683.4,4440.0,3288.1,4024.9,81,1,4024.5,42,1,4024.4,1,1,4024.3,42,1,4024.0,15,2,4025.0,7,1,4025.2,14,1,4025.6,14,1,4025.7,133,6,4025.8,32,3
11483,2026-07-02 13:14:17+05:30,4024.9,3,4038.05,1363363,159243.0,168323.0,4100.0,4110.0,4012.0,4092.6,25145925,4501.8,3683.4,4440.0,3288.1,4024.9,81,1,4024.5,42,1,4024.4,1,1,4024.3,42,1,4024.0,15,2,4025.0,7,1,4025.2,14,1,4025.6,14,1,4025.7,133,6,4025.8,32,3
11483,2026-07-02 13:14:18+05:30,4025.0,1,4038.05,1363367,159269.0,168329.0,4100.0,4110.0,4012.0,4092.6,25145925,4501.8,3683.4,4440.0,3288.1,4024.9,42,1,4024.8,42,1,4024.6,42,1,4024.4,43,2,4024.0,15,2,4025.0,6,1,4025.6,14,1,4025.7,131,5,4025.8,6,2,4025.9,13,2
11483,2026-07-02 13:14:18+05:30,4025.0,1,4038.05,1363367,159269.0,168329.0,4100.0,4110.0,4012.0,4092.6,25145925,4501.8,3683.4,4440.0,3288.1,4024.9,42,1,4024.8,42,1,4024.6,42,1,4024.4,43,2,4024.0,15,2,4025.0,6,1,4025.6,14,1,4025.7,131,5,4025.8,6,2,4025.9,13,2
11483,2026-07-02 13:14:19+05:30,4025.0,1,4038.05,1363368,159126.0,168409.0,4100.0,4110.0,4012.0,4092.6,25145925,4501.8,3683.4,4440.0,3288.1,4024.7,1,1,4024.4,1,1,4024.0,15,2,4023.8,22,1,4023.7,127,7,4025.0,5,1,4025.5,14,1,4025.6,18,3,4025.7,117,4,4025.8,6,2
11483,2026-07-02 13:14:19+05:30,4025.0,1,4038.05,1363368,159126.0,168409.0,4100.0,4110.0,4012.0,4092.6,25145925,4501.8,3683.4,4440.0,3288.1,4024.7,1,1,4024.4,1,1,4024.0,15,2,4023.8,22,1,4023.7,127,7,4025.0,5,1,4025.5,14,1,4025.6,18,3,4025.7,117,4,4025.8,6,2
11483,2026-07-02 13:14:20+05:30,4025.0,1,4038.05,1363371,159127.0,168410.0,4100.0,4110.0,4012.0,4092.6,25145925,4501.8,3683.4,4440.0,3288.1,4024.4,1,1,4024.0,15,2,4023.8,22,1,4023.7,66,5,4023.6,13,2,4025.0,3,1,4025.5,17,2,4025.6,15,2,4025.7,117,4,4025.8,6,2
11483,2026-07-02 13:14:20+05:30,4025.0,3,4038.05,1363371,159127.0,168410.0,4100.0,4110.0,4012.0,4092.6,25145925,4501.8,3683.4,4440.0,3288.1,4024.4,1,1,4024.0,15,2,4023.8,22,1,4023.7,66,5,4023.6,13,2,4025.0,3,1,4025.5,17,2,4025.6,15,2,4025.7,117,4,4025.8,6,2
11483,2026-07-02 13:14:21+05:30,4024.6,1,4038.05,1363376,159028.0,169088.0,4100.0,4110.0,4012.0,4092.6,25145925,4501.8,3683.4,4440.0,3288.1,4024.4,1,1,4024.0,15,2,4023.7,46,3,4023.5,42,4,4023.4,12,1,4024.6,79,1,4024.7,42,1,4024.8,42,1,4025.0,70,3,4025.1,3,1
11483,2026-07-02 13:14:21+05:30,4024.3,1,4038.05,1363376,159028.0,169088.0,4100.0,4110.0,4012.0,4092.6,25145925,4501.8,3683.4,4440.0,3288.1,4024.4,1,1,4024.0,15,2,4023.7,46,3,4023.5,42,4,4023.4,12,1,4024.6,79,1,4024.7,42,1,4024.8,42,1,4025.0,70,3,4025.1,3,1
11483,2026-07-02 13:14:22+05:30,4024.3,1,4038.05,1363379,158988.0,169146.0,4100.0,4110.0,4012.0,4092.6,25145925,4501.8,3683.4,4440.0,3288.1,4024.0,25,3,4023.9,25,1,4023.7,46,3,4023.5,42,4,4023.1,65,6,4024.3,40,1,4024.4,42,1,4024.6,42,1,4024.8,42,1,4025.0,28,2
11483,2026-07-02 13:14:22+05:30,4024.3,1,4038.05,1363379,158988.0,169146.0,4100.0,4110.0,4012.0,4092.6,25145925,4501.8,3683.4,4440.0,3288.1,4024.0,25,3,4023.9,25,1,4023.7,46,3,4023.5,42,4,4023.1,65,6,4024.3,40,1,4024.4,42,1,4024.6,42,1,4024.8,42,1,4025.0,28,2
11483,2026-07-02 13:14:23+05:30,4024.1,1,4038.05,1363381,158930.0,169261.0,4100.0,4110.0,4012.0,4092.6,25145925,4501.8,3683.4,4440.0,3288.1,4024.0,15,2,4023.9,35,2,4023.7,46,3,4023.5,42,4,4023.1,65,6,4024.1,75,1,4024.3,82,2,4024.5,42,1,4024.7,42,1,4025.0,28,2
11483,2026-07-02 13:14:23+05:30,4024.0,1,4038.05,1363381,158930.0,169261.0,4100.0,4110.0,4012.0,4092.6,25145925,4501.8,3683.4,4440.0,3288.1,4024.0,15,2,4023.9,35,2,4023.7,46,3,4023.5,42,4,4023.1,65,6,4024.1,75,1,4024.3,82,2,4024.5,42,1,4024.7,42,1,4025.0,28,2
11483,2026-07-02 13:14:24+05:30,4024.0,5,4038.05,1363400,158880.0,169239.0,4100.0,4110.0,4012.0,4092.6,25145925,4501.8,3683.4,4440.0,3288.1,4023.9,35,2,4023.7,46,3,4023.5,42,4,4023.1,65,6,4023.0,603,26,4024.0,57,1,4024.2,38,1,4024.3,40,1,4024.4,42,1,4024.5,15,1
11483,2026-07-02 13:14:24+05:30,4024.0,1,4038.05,1363400,158880.0,169239.0,4100.0,4110.0,4012.0,4092.6,25145925,4501.8,3683.4,4440.0,3288.1,4023.9,35,2,4023.7,46,3,4023.5,42,4,4023.1,65,6,4023.0,603,26,4024.0,57,1,4024.2,38,1,4024.3,40,1,4024.4,42,1,4024.5,15,1
11483,2026-07-02 13:14:25+05:30,4023.9,3,4038.05,1363430,158808.0,169247.0,4100.0,4110.0,4012.0,4092.6,25145925,4501.8,3683.4,4440.0,3288.1,4023.7,55,4,4023.5,42,4,4023.1,31,3,4023.0,685,24,4022.9,52,1,4023.9,30,1,4024.0,2,1,4024.2,38,1,4024.3,82,2,4024.5,57,2
11483,2026-07-02 13:14:25+05:30,4023.7,4,4038.05,1363430,158808.0,169247.0,4100.0,4110.0,4012.0,4092.6,25145925,4501.8,3683.4,4440.0,3288.1,4023.7,55,4,4023.5,42,4,4023.1,31,3,4023.0,685,24,4022.9,52,1,4023.9,30,1,4024.0,2,1,4024.2,38,1,4024.3,82,2,4024.5,57,2
11483,2026-07-02 13:14:26+05:30,4023.8,28,4038.05,1363465,158774.0,169191.0,4100.0,4110.0,4012.0,4092.6,25145925,4501.8,3683.4,4440.0,3288.1,4023.8,8,1,4023.7,51,4,4023.5,42,4,4023.1,31,3,4023.0,685,24,4023.9,2,1,4024.2,80,2,4024.3,40,1,4024.4,42,1,4024.5,15,1
11483,2026-07-02 13:14:26+05:30,4023.9,2,4038.05,1363465,158774.0,169191.0,4100.0,4110.0,4012.0,4092.6,25145925,4501.8,3683.4,4440.0,3288.1,4023.8,8,1,4023.7,51,4,4023.5,42,4,4023.1,31,3,4023.0,685,24,4023.9,2,1,4024.2,80,2,4024.3,40,1,4024.4,42,1,4024.5,15,1
11483,2026-07-02 13:14:27+05:30,4024.0,1,4038.05,1363473,158783.0,169276.0,4100.0,4110.0,4012.0,4092.6,25145925,4501.8,3683.4,4440.0,3288.1,4023.9,1,1,4023.8,4,1,4023.7,51,4,4023.5,42,4,4023.1,42,4,4024.0,80,1,4024.2,37,1,4024.3,40,1,4024.4,42,1,4024.5,15,1
11483,2026-07-02 13:14:27+05:30,4024.0,10,4038.05,1363473,158783.0,169276.0,4100.0,4110.0,4012.0,4092.6,25145925,4501.8,3683.4,4440.0,3288.1,4023.9,1,1,4023.8,4,1,4023.7,51,4,4023.5,42,4,4023.1,42,4,4024.0,80,1,4024.2,37,1,4024.3,40,1,4024.4,42,1,4024.5,15,1
11483,2026-07-02 13:14:28+05:30,4024.0,1,4038.05,1363486,158777.0,169303.0,4100.0,4110.0,4012.0,4092.6,25145925,4501.8,3683.4,4440.0,3288.1,4023.9,1,1,4023.8,4,1,4023.7,51,4,4023.5,42,4,4023.1,42,4,4024.0,68,1,4024.2,37,1,4024.3,82,2,4024.5,57,2,4024.8,36,2
11483,2026-07-02 13:14:28+05:30,4024.0,46,4038.05,1363486,158777.0,169303.0,4100.0,4110.0,4012.0,4092.6,25145925,4501.8,3683.4,4440.0,3288.1,4023.9,1,1,4023.8,4,1,4023.7,51,4,4023.5,42,4,4023.1,42,4,4024.0,68,1,4024.2,37,1,4024.3,82,2,4024.5,57,2,4024.8,36,2
11483,2026-07-02 13:14:29+05:30,4024.0,1,4038.05,1363544,158761.0,169230.0,4100.0,4110.0,4012.0,4092.6,25145925,4501.8,3683.4,4440.0,3288.1,4023.9,11,3,4023.7,42,3,4023.5,42,4,4023.3,18,1,4023.1,66,5,4024.0,12,1,4024.2,37,1,4024.3,82,2,4024.5,57,2,4024.8,36,2
11483,2026-07-02 13:14:29+05:30,4023.9,5,4038.05,1363544,158761.0,169230.0,4100.0,4110.0,4012.0,4092.6,25145925,4501.8,3683.4,4440.0,3288.1,4023.9,11,3,4023.7,42,3,4023.5,42,4,4023.3,18,1,4023.1,66,5,4024.0,12,1,4024.2,37,1,4024.3,82,2,4024.5,57,2,4024.8,36,2
11483,2026-07-02 13:14:30+05:30,4024.0,1,4038.05,1363552,158793.0,169238.0,4100.0,4110.0,4012.0,4092.6,25145925,4501.8,3683.4,4440.0,3288.1,4023.9,1,1,4023.7,42,3,4023.5,42,4,4023.3,18,1,4023.1,55,4,4024.0,11,1,4024.2,37,1,4024.3,82,2,4024.5,57,2,4024.8,36,2
11483,2026-07-02 13:14:30+05:30,4024.0,10,4038.05,1363552,158793.0,169238.0,4100.0,4110.0,4012.0,4092.6,25145925,4501.8,3683.4,4440.0,3288.1,4023.9,1,1,4023.7,42,3,4023.5,42,4,4023.3,18,1,4023.1,55,4,4024.0,11,1,4024.2,37,1,4024.3,82,2,4024.5,57,2,4024.8,36,2
11483,2026-07-02 13:14:30+05:30,4023.8,1,4038.05,1363570,158353.0,169450.0,4100.0,4110.0,4012.0,4092.6,25145925,4501.8,3683.4,4440.0,3288.1,4023.7,56,5,4023.5,36,3,4023.1,31,3,4023.0,718,26,4022.9,52,1,4023.8,74,1,4024.0,1,1,4024.2,79,2,4024.3,40,1,4024.4,42,1
11483,2026-07-02 13:14:31+05:30,4024.0,1,4038.05,1363570,158353.0,169450.0,4100.0,4110.0,4012.0,4092.6,25145925,4501.8,3683.4,4440.0,3288.1,4023.7,56,5,4023.5,36,3,4023.1,31,3,4023.0,718,26,4022.9,52,1,4023.8,74,1,4024.0,1,1,4024.2,79,2,4024.3,40,1,4024.4,42,1
11483,2026-07-02 13:14:32+05:30,4025.0,64,4038.05,1363719,158283.0,169161.0,4100.0,4110.0,4012.0,4092.6,25145925,4501.8,3683.4,4440.0,3288.1,4023.7,46,3,4023.5,36,3,4023.3,11,1,4023.1,72,5,4023.0,718,26,4025.0,78,2,4025.1,10,1,4025.2,76,3,4025.3,3,1,4025.5,5,2
11483,2026-07-02 13:14:32+05:30,4023.7,18,4038.05,1363719,158283.0,169161.0,4100.0,4110.0,4012.0,4092.6,25145925,4501.8,3683.4,4440.0,3288.1,4023.7,46,3,4023.5,36,3,4023.3,11,1,4023.1,72,5,4023.0,718,26,4025.0,78,2,4025.1,10,1,4025.2,76,3,4025.3,3,1,4025.5,5,2
11483,2026-07-02 13:14:33+05:30,4023.7,1,4038.05,1363739,158242.0,169091.0,4100.0,4110.0,4012.0,4092.6,25145925,4501.8,3683.4,4440.0,3288.1,4023.7,27,3,4023.5,36,3,4023.1,72,5,4023.0,718,26,4022.9,102,2,4025.0,87,3,4025.2,76,3,4025.3,3,1,4025.4,12,1,4025.5,2,1
11483,2026-07-02 13:14:33+05:30,4023.7,3,4038.05,1363739,158242.0,169091.0,4100.0,4110.0,4012.0,4092.6,25145925,4501.8,3683.4,4440.0,3288.1,4023.7,27,3,4023.5,36,3,4023.1,72,5,4023.0,718,26,4022.9,102,2,4025.0,87,3,4025.2,76,3,4025.3,3,1,4025.4,12,1,4025.5,2,1
11483,2026-07-02 13:14:34+05:30,4023.7,1,4038.05,1363743,158299.0,169274.0,4100.0,4110.0,4012.0,4092.6,25145925,4501.8,3683.4,4440.0,3288.1,4023.7,23,3,4023.5,36,3,4023.1,72,5,4023.0,697,25,4022.9,102,2,4024.9,28,2,4025.0,88,5,4025.1,17,2,4025.2,66,3,4025.3,12,1
11483,2026-07-02 13:14:34+05:30,4023.7,1,4038.05,1363743,158299.0,169274.0,4100.0,4110.0,4012.0,4092.6,25145925,4501.8,3683.4,4440.0,3288.1,4023.7,23,3,4023.5,36,3,4023.1,72,5,4023.0,697,25,4022.9,102,2,4024.9,28,2,4025.0,88,5,4025.1,17,2,4025.2,66,3,4025.3,12,1
11483,2026-07-02 13:14:35+05:30,4023.2,1,4038.04,1364225,157818.0,169342.0,4100.0,4110.0,4012.0,4092.6,25145925,4501.8,3683.4,4440.0,3288.1,4023.3,8,1,4023.2,7,1,4023.1,32,3,4023.0,465,20,4022.9,62,2,4024.7,39,2,4024.8,45,4,4024.9,53,4,4025.0,91,6,4025.1,23,3
11483,2026-07-02 13:14:35+05:30,4023.3,20,4038.04,1364225,157818.0,169342.0,4100.0,4110.0,4012.0,4092.6,25145925,4501.8,3683.4,4440.0,3288.1,4023.3,8,1,4023.2,7,1,4023.1,32,3,4023.0,465,20,4022.9,62,2,4024.7,39,2,4024.8,45,4,4024.9,53,4,4025.0,91,6,4025.1,23,3
11483,2026-07-02 13:14:35+05:30,4024.3,1,4038.04,1364284,157227.0,169133.0,4100.0,4110.0,4012.0,4092.6,25145925,4501.8,3683.4,4440.0,3288.1,4023.4,13,2,4023.3,48,3,4023.2,28,4,4023.1,52,4,4023.0,549,23,4024.7,2,1,4024.8,1,1,4025.0,77,2,4025.2,34,1,4025.3,5,2
11483,2026-07-02 13:14:36+05:30,4024.7,1,4038.04,1364284,157227.0,169133.0,4100.0,4110.0,4012.0,4092.6,25145925,4501.8,3683.4,4440.0,3288.1,4023.4,13,2,4023.3,48,3,4023.2,28,4,4023.1,52,4,4023.0,549,23,4024.7,2,1,4024.8,1,1,4025.0,77,2,4025.2,34,1,4025.3,5,2
11483,2026-07-02 13:14:36+05:30,4025.0,25,4038.04,1364318,157941.0,169023.0,4100.0,4110.0,4012.0,4092.6,25145925,4501.8,3683.4,4440.0,3288.1,4023.6,13,2,4023.5,3,1,4023.4,26,4,4023.3,121,5,4023.2,71,5,4025.0,52,2,4025.2,36,2,4025.5,2,1,4025.6,43,4,4025.7,158,7
11483,2026-07-02 13:14:37+05:30,4023.6,1,4038.04,1364318,157941.0,169023.0,4100.0,4110.0,4012.0,4092.6,25145925,4501.8,3683.4,4440.0,3288.1,4023.6,13,2,4023.5,3,1,4023.4,26,4,4023.3,121,5,4023.2,71,5,4025.0,52,2,4025.2,36,2,4025.5,2,1,4025.6,43,4,4025.7,158,7
11483,2026-07-02 13:14:37+05:30,4023.6,1,4038.04,1364324,157857.0,169150.0,4100.0,4110.0,4012.0,4092.6,25145925,4501.8,3683.4,4440.0,3288.1,4023.6,10,2,4023.5,42,2,4023.4,17,4,4023.3,135,5,4023.2,68,4,4025.0,52,2,4025.1,24,1,4025.2,35,2,4025.4,16,2,4025.5,46,2
11483,2026-07-02 13:14:38+05:30,4023.6,1,4038.04,1364324,157857.0,169150.0,4100.0,4110.0,4012.0,4092.6,25145925,4501.8,3683.4,4440.0,3288.1,4023.6,10,2,4023.5,42,2,4023.4,17,4,4023.3,135,5,4023.2,68,4,4025.0,52,2,4025.1,24,1,4025.2,35,2,4025.4,16,2,4025.5,46,2
11483,2026-07-02 13:14:38+05:30,4023.6,1,4038.04,1364325,157899.0,169163.0,4100.0,4110.0,4012.0,4092.6,25145925,4501.8,3683.4,4440.0,3288.1,4023.6,29,3,4023.5,42,2,4023.4,17,4,4023.3,135,5,4023.2,68,4,4025.0,52,2,4025.1,24,1,4025.2,35,2,4025.4,16,2,4025.5,46,2
11483,2026-07-02 13:14:39+05:30,4024.3,1,4038.04,1364325,157899.0,169163.0,4100.0,4110.0,4012.0,4092.6,25145925,4501.8,3683.4,4440.0,3288.1,4023.6,29,3,4023.5,42,2,4023.4,17,4,4023.3,135,5,4023.2,68,4,4025.0,52,2,4025.1,24,1,4025.2,35,2,4025.4,16,2,4025.5,46,2
11483,2026-07-02 13:14:39+05:30,4023.9,1,4038.04,1364330,157985.0,168897.0,4100.0,4110.0,4012.0,4092.6,25145925,4501.8,3683.4,4440.0,3288.1,4023.9,23,4,4023.8,35,3,4023.7,42,3,4023.6,25,4,4023.5,139,6,4025.0,50,2,4025.2,35,2,4025.5,2,1,4025.6,20,1,4025.7,135,6
11483,2026-07-02 13:14:40+05:30,4023.9,1,4038.04,1364330,157985.0,168897.0,4100.0,4110.0,4012.0,4092.6,25145925,4501.8,3683.4,4440.0,3288.1,4023.9,23,4,4023.8,35,3,4023.7,42,3,4023.6,25,4,4023.5,139,6,4025.0,50,2,4025.2,35,2,4025.5,2,1,4025.6,20,1,4025.7,135,6
11483,2026-07-02 13:14:40+05:30,4025.0,1,4038.04,1364331,158221.0,168176.0,4100.0,4110.0,4012.0,4092.6,25145925,4501.8,3683.4,4440.0,3288.1,4024.5,32,5,4024.4,8,2,4024.3,42,5,4024.2,28,4,4024.1,49,3,4025.0,49,2,4025.7,122,4,4025.8,1,1,4025.9,5,1,4026.0,48,3
11483,2026-07-02 13:14:41+05:30,4025.0,68,4038.04,1364331,158221.0,168176.0,4100.0,4110.0,4012.0,4092.6,25145925,4501.8,3683.4,4440.0,3288.1,4024.5,32,5,4024.4,8,2,4024.3,42,5,4024.2,28,4,4024.1,49,3,4025.0,49,2,4025.7,122,4,4025.8,1,1,4025.9,5,1,4026.0,48,3
11483,2026-07-02 13:14:41+05:30,4024.8,1,4038.04,1364435,159491.0,167698.0,4100.0,4110.0,4012.0,4092.6,25145925,4501.8,3683.4,4440.0,3288.1,4024.8,2,1,4024.7,44,4,4024.6,18,4,4024.5,12,3,4024.4,3,1,4025.0,15,1,4025.7,88,3,4025.8,1,1,4026.2,39,2,4026.5,14,2
11483,2026-07-02 13:14:42+05:30,4024.8,1,4038.04,1364435,159491.0,167698.0,4100.0,4110.0,4012.0,4092.6,25145925,4501.8,3683.4,4440.0,3288.1,4024.8,2,1,4024.7,44,4,4024.6,18,4,4024.5,12,3,4024.4,3,1,4025.0,15,1,4025.7,88,3,4025.8,1,1,4026.2,39,2,4026.5,14,2
11483,2026-07-02 13:14:42+05:30,4024.8,1,4038.04,1364448,159707.0,167749.0,4100.0,4110.0,4012.0,4092.6,25145925,4501.8,3683.4,4440.0,3288.1,4024.7,49,4,4024.6,6,3,4024.5,12,3,4024.4,3,1,4024.3,75,4,4025.0,17,2,4025.7,88,3,4025.8,1,1,4026.2,39,2,4026.3,13,1
11483,2026-07-02 13:14:43+05:30,4024.7,1,4038.04,1364448,159707.0,167749.0,4100.0,4110.0,4012.0,4092.6,25145925,4501.8,3683.4,4440.0,3288.1,4024.7,49,4,4024.6,6,3,4024.5,12,3,4024.4,3,1,4024.3,75,4,4025.0,17,2,4025.7,88,3,4025.8,1,1,4026.2,39,2,4026.3,13,1
11483,2026-07-02 13:14:43+05:30,4024.7,1,4038.04,1364452,159648.0,167750.0,4100.0,4110.0,4012.0,4092.6,25145925,4501.8,3683.4,4440.0,3288.1,4024.7,28,3,4024.6,17,4,4024.5,12,3,4024.4,3,1,4024.3,75,4,4025.0,17,2,4025.7,88,3,4025.8,1,1,4026.2,39,2,4026.3,13,1
11483,2026-07-02 13:14:44+05:30,4024.7,1,4038.04,1364452,159648.0,167750.0,4100.0,4110.0,4012.0,4092.6,25145925,4501.8,3683.4,4440.0,3288.1,4024.7,28,3,4024.6,17,4,4024.5,12,3,4024.4,3,1,4024.3,75,4,4025.0,17,2,4025.7,88,3,4025.8,1,1,4026.2,39,2,4026.3,13,1
11483,2026-07-02 13:14:44+05:30,4024.7,1,4038.04,1364452,159688.0,167916.0,4100.0,4110.0,4012.0,4092.6,25145925,4501.8,3683.4,4440.0,3288.1,4024.7,21,2,4024.6,14,3,4024.5,12,3,4024.4,3,1,4024.3,75,4,4025.0,17,2,4025.7,88,3,4025.8,1,1,4026.2,39,2,4026.3,13,1
11483,2026-07-02 13:14:45+05:30,4024.7,1,4038.04,1364452,159688.0,167916.0,4100.0,4110.0,4012.0,4092.6,25145925,4501.8,3683.4,4440.0,3288.1,4024.7,21,2,4024.6,14,3,4024.5,12,3,4024.4,3,1,4024.3,75,4,4025.0,17,2,4025.7,88,3,4025.8,1,1,4026.2,39,2,4026.3,13,1
11483,2026-07-02 13:14:45+05:30,4025.0,3,4038.04,1364458,159785.0,167918.0,4100.0,4110.0,4012.0,4092.6,25145925,4501.8,3683.4,4440.0,3288.1,4024.6,26,5,4024.5,19,3,4024.4,3,1,4024.3,53,2,4024.2,68,3,4025.0,12,2,4025.7,88,3,4025.8,1,1,4026.2,39,2,4026.3,13,1
11483,2026-07-02 13:14:46+05:30,4025.0,7,4038.04,1364458,159785.0,167918.0,4100.0,4110.0,4012.0,4092.6,25145925,4501.8,3683.4,4440.0,3288.1,4024.6,26,5,4024.5,19,3,4024.4,3,1,4024.3,53,2,4024.2,68,3,4025.0,12,2,4025.7,88,3,4025.8,1,1,4026.2,39,2,4026.3,13,1
11483,2026-07-02 13:14:46+05:30,4025.0,7,4038.04,1364467,159619.0,167947.0,4100.0,4110.0,4012.0,4092.6,25145925,4501.8,3683.4,4440.0,3288.1,4024.6,21,3,4024.5,15,2,4024.4,3,1,4024.3,53,2,4024.2,68,3,4025.0,5,2,4025.7,88,3,4025.8,1,1,4026.2,42,3,4026.3,13,1
11483,2026-07-02 13:14:47+05:30,4025.0,1,4038.04,1364467,159619.0,167947.0,4100.0,4110.0,4012.0,4092.6,25145925,4501.8,3683.4,4440.0,3288.1,4024.6,21,3,4024.5,15,2,4024.4,3,1,4024.3,53,2,4024.2,68,3,4025.0,5,2,4025.7,88,3,4025.8,1,1,4026.2,42,3,4026.3,13,1
11483,2026-07-02 13:14:47+05:30,4025.0,1,4038.04,1364496,159537.0,167989.0,4100.0,4110.0,4012.0,4092.6,25145925,4501.8,3683.4,4440.0,3288.1,4024.7,2,1,4024.6,21,3,4024.5,15,2,4024.4,3,1,4024.3,73,4,4025.0,14,1,4025.7,88,3,4025.8,1,1,4026.2,54,4,4026.3,13,1
11483,2026-07-02 13:14:48+05:30,4024.7,1,4038.04,1364496,159537.0,167989.0,4100.0,4110.0,4012.0,4092.6,25145925,4501.8,3683.4,4440.0,3288.1,4024.7,2,1,4024.6,21,3,4024.5,15,2,4024.4,3,1,4024.3,73,4,4025.0,14,1,4025.7,88,3,4025.8,1,1,4026.2,54,4,4026.3,13,1
11483,2026-07-02 13:14:48+05:30,4024.7,1,4038.04,1364503,159526.0,167991.0,4100.0,4110.0,4012.0,4092.6,25145925,4501.8,3683.4,4440.0,3288.1,4024.7,22,4,4024.6,22,3,4024.5,3,1,4024.4,3,1,4024.3,73,4,4025.0,14,1,4025.7,88,3,4025.8,1,1,4026.2,42,3,4026.3,25,2
11483,2026-07-02 13:14:49+05:30,4025.2,6,4038.04,1364503,159526.0,167991.0,4100.0,4110.0,4012.0,4092.6,25145925,4501.8,3683.4,4440.0,3288.1,4024.7,22,4,4024.6,22,3,4024.5,3,1,4024.4,3,1,4024.3,73,4,4025.0,14,1,4025.7,88,3,4025.8,1,1,4026.2,42,3,4026.3,25,2
11483,2026-07-02 13:14:49+05:30,4025.2,6,4038.04,1364515,159524.0,167972.0,4100.0,4110.0,4012.0,4092.6,25145925,4501.8,3683.4,4440.0,3288.1,4024.7,24,4,4024.6,12,2,4024.5,21,2,4024.4,23,2,4024.3,95,5,4025.2,8,1,4025.7,88,3,4025.8,1,1,4026.2,39,2,4026.3,13,1
11483,2026-07-02 13:14:50+05:30,4024.7,2,4038.04,1364515,159524.0,167972.0,4100.0,4110.0,4012.0,4092.6,25145925,4501.8,3683.4,4440.0,3288.1,4024.7,24,4,4024.6,12,2,4024.5,21,2,4024.4,23,2,4024.3,95,5,4025.2,8,1,4025.7,88,3,4025.8,1,1,4026.2,39,2,4026.3,13,1
11483,2026-07-02 13:14:50+05:30,4024.7,2,4038.04,1364518,159583.0,167996.0,4100.0,4110.0,4012.0,4092.6,25145925,4501.8,3683.4,4440.0,3288.1,4025.0,50,1,4024.7,28,4,4024.6,12,2,4024.5,21,2,4024.4,3,1,4025.2,34,2,4025.7,88,3,4025.8,1,1,4026.2,39,2,4026.4,3,1
11483,2026-07-02 13:14:51+05:30,4025.0,1,4038.04,1364518,159583.0,167996.0,4100.0,4110.0,4012.0,4092.6,25145925,4501.8,3683.4,4440.0,3288.1,4025.0,50,1,4024.7,28,4,4024.6,12,2,4024.5,21,2,4024.4,3,1,4025.2,34,2,4025.7,88,3,4025.8,1,1,4026.2,39,2,4026.4,3,1
11483,2026-07-02 13:14:51+05:30,4025.0,1,4038.04,1364574,159520.0,168092.0,4100.0,4110.0,4012.0,4092.6,25145925,4501.8,3683.4,4440.0,3288.1,4024.7,4,2,4024.6,9,1,4024.5,15,2,4024.4,3,1,4024.3,23,3,4025.0,53,2,4025.2,28,2,4025.7,88,3,4025.8,35,2,4026.1,17,2
11483,2026-07-02 13:14:52+05:30,4025.0,1,4038.04,1364574,159520.0,168092.0,4100.0,4110.0,4012.0,4092.6,25145925,4501.8,3683.4,4440.0,3288.1,4024.7,4,2,4024.6,9,1,4024.5,15,2,4024.4,3,1,4024.3,23,3,4025.0,53,2,4025.2,28,2,4025.7,88,3,4025.8,35,2,4026.1,17,2
11483,2026-07-02 13:14:52+05:30,4024.6,1,4038.04,1364587,159669.0,168128.0,4100.0,4110.0,4012.0,4092.6,25145925,4501.8,3683.4,4440.0,3288.1,4024.6,8,1,4024.2,3,1,4024.1,3,1,4024.0,33,3,4023.9,8,3,4025.0,66,3,4025.2,26,1,4025.5,27,2,4025.6,21,2,4025.7,88,3
11483,2026-07-02 13:14:53+05:30,4024.6,2,4038.04,1364587,159669.0,168128.0,4100.0,4110.0,4012.0,4092.6,25145925,4501.8,3683.4,4440.0,3288.1,4024.6,8,1,4024.2,3,1,4024.1,3,1,4024.0,33,3,4023.9,8,3,4025.0,66,3,4025.2,26,1,4025.5,27,2,4025.6,21,2,4025.7,88,3
11483,2026-07-02 13:14:53+05:30,4024.6,2,4038.04,1364589,159676.0,168104.0,4100.0,4110.0,4012.0,4092.6,25145925,4501.8,3683.4,4440.0,3288.1,4024.6,6,1,4024.2,3,1,4024.1,3,1,4024.0,33,3,4023.9,8,3,4025.0,66,3,4025.2,26,1,4025.5,27,2,4025.6,11,1,4025.7,88,3
11483,2026-07-02 13:14:54+05:30,4024.6,1,4038.04,1364589,159676.0,168104.0,4100.0,4110.0,4012.0,4092.6,25145925,4501.8,3683.4,4440.0,3288.1,4024.6,6,1,4024.2,3,1,4024.1,3,1,4024.0,33,3,4023.9,8,3,4025.0,66,3,4025.2,26,1,4025.5,27,2,4025.6,11,1,4025.7,88,3
11483,2026-07-02 13:14:54+05:30,4024.6,3,4038.04,1364595,159655.0,168126.0,4100.0,4110.0,4012.0,4092.6,25145925,4501.8,3683.4,4440.0,3288.1,4024.6,2,1,4024.1,3,1,4024.0,33,3,4023.9,19,4,4023.8,21,1,4025.0,65,3,4025.2,26,1,4025.5,27,2,4025.7,88,3,4025.8,47,3
11483,2026-07-02 13:14:55+05:30,4024.6,1,4038.04,1364595,159655.0,168126.0,4100.0,4110.0,4012.0,4092.6,25145925,4501.8,3683.4,4440.0,3288.1,4024.6,2,1,4024.1,3,1,4024.0,33,3,4023.9,19,4,4023.8,21,1,4025.0,65,3,4025.2,26,1,4025.5,27,2,4025.7,88,3,4025.8,47,3
11483,2026-07-02 13:14:55+05:30,4025.0,22,4038.04,1364619,159651.0,168155.0,4100.0,4110.0,4012.0,4092.6,25145925,4501.8,3683.4,4440.0,3288.1,4024.7,8,1,4024.0,39,4,4023.9,19,4,4023.8,21,1,4023.7,75,3,4025.0,44,4,4025.2,26,1,4025.7,88,3,4025.8,37,3,4025.9,17,2
11483,2026-07-02 13:14:56+05:30,4024.7,1,4038.04,1364619,159651.0,168155.0,4100.0,4110.0,4012.0,4092.6,25145925,4501.8,3683.4,4440.0,3288.1,4024.7,8,1,4024.0,39,4,4023.9,19,4,4023.8,21,1,4023.7,75,3,4025.0,44,4,4025.2,26,1,4025.7,88,3,4025.8,37,3,4025.9,17,2
11483,2026-07-02 13:14:56+05:30,4024.7,1,4038.04,1364623,159647.0,168192.0,4100.0,4110.0,4012.0,4092.6,25145925,4501.8,3683.4,4440.0,3288.1,4024.7,4,1,4024.0,39,4,4023.9,19,4,4023.8,21,1,4023.7,75,3,4025.0,44,4,4025.2,26,1,4025.7,88,3,4025.8,37,3,4025.9,17,2
11483,2026-07-02 13:14:57+05:30,4024.7,1,4038.04,1364623,159647.0,168192.0,4100.0,4110.0,4012.0,4092.6,25145925,4501.8,3683.4,4440.0,3288.1,4024.7,4,1,4024.0,39,4,4023.9,19,4,4023.8,21,1,4023.7,75,3,4025.0,44,4,4025.2,26,1,4025.7,88,3,4025.8,37,3,4025.9,17,2
11483,2026-07-02 13:14:57+05:30,4024.7,1,4038.03,1364825,159636.0,168140.0,4100.0,4110.0,4012.0,4092.6,25145925,4501.8,3683.4,4440.0,3288.1,4024.7,2,1,4024.0,39,4,4023.9,8,3,4023.8,21,1,4023.7,75,3,4025.0,39,2,4025.2,26,1,4025.7,88,3,4025.8,37,3,4025.9,28,3
11483,2026-07-02 13:14:58+05:30,4025.0,9,4038.03,1364825,159636.0,168140.0,4100.0,4110.0,4012.0,4092.6,25145925,4501.8,3683.4,4440.0,3288.1,4024.7,2,1,4024.0,39,4,4023.9,8,3,4023.8,21,1,4023.7,75,3,4025.0,39,2,4025.2,26,1,4025.7,88,3,4025.8,37,3,4025.9,28,3
11483,2026-07-02 13:14:58+05:30,4025.0,7,4038.03,1364906,159709.0,168184.0,4100.0,4110.0,4012.0,4092.6,25145925,4501.8,3683.4,4440.0,3288.1,4024.0,39,4,4023.9,8,3,4023.8,21,1,4023.7,75,3,4023.6,147,4,4025.0,49,2,4025.2,26,1,4025.7,100,4,4025.8,37,3,4025.9,17,2
11483,2026-07-02 13:14:59+05:30,4025.0,22,4038.03,1364906,159709.0,168184.0,4100.0,4110.0,4012.0,4092.6,25145925,4501.8,3683.4,4440.0,3288.1,4024.0,39,4,4023.9,8,3,4023.8,21,1,4023.7,75,3,4023.6,147,4,4025.0,49,2,4025.2,26,1,4025.7,100,4,4025.8,37,3,4025.9,17,2
11483,2026-07-02 13:14:59+05:30,4025.0,22,4038.03,1364949,159629.0,168465.0,4100.0,4110.0,4012.0,4092.6,25145925,4501.8,3683.4,4440.0,3288.1,4024.0,38,5,4023.9,85,5,4023.8,113,4,4023.7,63,2,4023.6,82,4,4025.0,27,2,4025.2,26,1,4025.7,88,3,4025.8,37,3,4025.9,17,2
11483,2026-07-02 13:15:00+05:30,4024.0,1,4038.03,1364949,159629.0,168465.0,4100.0,4110.0,4012.0,4092.6,25145925,4501.8,3683.4,4440.0,3288.1,4024.0,38,5,4023.9,85,5,4023.8,113,4,4023.7,63,2,4023.6,82,4,4025.0,27,2,4025.2,26,1,4025.7,88,3,4025.8,37,3,4025.9,17,2
11483,2026-07-02 13:15:00+05:30,4024.0,1,4038.03,1364955,159621.0,168533.0,4100.0,4110.0,4012.0,4092.6,25145925,4501.8,3683.4,4440.0,3288.1,4024.5,11,3,4024.1,6,1,4024.0,24,4,4023.9,85,5,4023.8,101,3,4025.0,29,3,4025.2,26,1,4025.6,3,1,4025.7,88,3,4025.8,37,3
11483,2026-07-02 13:15:01+05:30,4024.5,1,4038.03,1364955,159621.0,168533.0,4100.0,4110.0,4012.0,4092.6,25145925,4501.8,3683.4,4440.0,3288.1,4024.5,11,3,4024.1,6,1,4024.0,24,4,4023.9,85,5,4023.8,101,3,4025.0,29,3,4025.2,26,1,4025.6,3,1,4025.7,88,3,4025.8,37,3
11483,2026-07-02 13:15:01+05:30,4024.5,1,4038.03,1364957,159391.0,168550.0,4100.0,4110.0,4012.0,4092.6,25145925,4501.8,3683.4,4440.0,3288.1,4024.5,11,3,4024.4,15,1,4024.3,12,1,4024.2,20,1,4024.1,6,1,4025.0,29,3,4025.2,26,1,4025.6,3,1,4025.7,88,3,4025.8,37,3
11483,2026-07-02 13:15:02+05:30,4025.0,1,4038.03,1364957,159391.0,168550.0,4100.0,4110.0,4012.0,4092.6,25145925,4501.8,3683.4,4440.0,3288.1,4024.5,11,3,4024.4,15,1,4024.3,12,1,4024.2,20,1,4024.1,6,1,4025.0,29,3,4025.2,26,1,4025.6,3,1,4025.7,88,3,4025.8,37,3
11483,2026-07-02 13:15:02+05:30,4025.0,1,4038.03,1364959,159359.0,168550.0,4100.0,4110.0,4012.0,4092.6,25145925,4501.8,3683.4,4440.0,3288.1,4024.5,15,4,4024.3,12,1,4024.2,20,1,4024.1,29,2,4024.0,5,2,4025.0,28,3,4025.2,26,1,4025.6,3,1,4025.7,88,3,4025.8,37,3
11483,2026-07-02 13:15:03+05:30,4024.5,1,4038.03,1364959,159359.0,168550.0,4100.0,4110.0,4012.0,4092.6,25145925,4501.8,3683.4,4440.0,3288.1,4024.5,15,4,4024.3,12,1,4024.2,20,1,4024.1,29,2,4024.0,5,2,4025.0,28,3,4025.2,26,1,4025.6,3,1,4025.7,88,3,4025.8,37,3
11483,2026-07-02 13:15:03+05:30,4024.5,1,4038.03,1364964,159423.0,168521.0,4100.0,4110.0,4012.0,4092.6,25145925,4501.8,3683.4,4440.0,3288.1,4024.5,23,5,4024.2,53,3,4024.1,51,3,4024.0,5,2,4023.9,31,5,4025.0,25,3,4025.2,26,1,4025.6,3,1,4025.7,88,3,4025.8,37,3
11483,2026-07-02 13:15:04+05:30,4025.0,1,4038.03,1364964,159423.0,168521.0,4100.0,4110.0,4012.0,4092.6,25145925,4501.8,3683.4,4440.0,3288.1,4024.5,23,5,4024.2,53,3,4024.1,51,3,4024.0,5,2,4023.9,31,5,4025.0,25,3,4025.2,26,1,4025.6,3,1,4025.7,88,3,4025.8,37,3
11483,2026-07-02 13:15:04+05:30,4025.0,1,4038.03,1364966,159543.0,168559.0,4100.0,4110.0,4012.0,4092.6,25145925,4501.8,3683.4,4440.0,3288.1,4024.5,8,3,4024.2,13,1,4024.1,6,1,4024.0,5,2,4023.9,47,5,4025.0,23,3,4025.1,28,1,4025.2,26,1,4025.6,3,1,4025.7,88,3
11483,2026-07-02 13:15:05+05:30,4025.0,1,4038.03,1364966,159543.0,168559.0,4100.0,4110.0,4012.0,4092.6,25145925,4501.8,3683.4,4440.0,3288.1,4024.5,8,3,4024.2,13,1,4024.1,6,1,4024.0,5,2,4023.9,47,5,4025.0,23,3,4025.1,28,1,4025.2,26,1,4025.6,3,1,4025.7,88,3
11483,2026-07-02 13:15:05+05:30,4025.0,1,4038.03,1364968,159481.0,168541.0,4100.0,4110.0,4012.0,4092.6,25145925,4501.8,3683.4,4440.0,3288.1,4024.5,7,3,4024.3,18,1,4024.2,13,1,4024.1,29,2,4024.0,10,3,4025.0,22,3,4025.1,28,1,4025.2,26,1,4025.7,88,3,4025.8,37,3
11483,2026-07-02 13:15:06+05:30,4025.0,4,4038.03,1364968,159481.0,168541.0,4100.0,4110.0,4012.0,4092.6,25145925,4501.8,3683.4,4440.0,3288.1,4024.5,7,3,4024.3,18,1,4024.2,13,1,4024.1,29,2,4024.0,10,3,4025.0,22,3,4025.1,28,1,4025.2,26,1,4025.7,88,3,4025.8,37,3
11483,2026-07-02 13:15:06+05:30,4025.0,4,4038.03,1364977,159296.0,168470.0,4100.0,4110.0,4012.0,4092.6,25145925,4501.8,3683.4,4440.0,3288.1,4024.5,20,5,4024.3,18,1,4024.2,33,2,4024.1,51,3,4024.0,30,3,4025.0,63,3,4025.1,28,1,4025.2,26,1,4025.7,88,3,4025.8,35,2
11483,2026-07-02 13:15:07+05:30,4025.0,1,4038.03,1364979,159512.0,168472.0,4100.0,4110.0,4012.0,4092.6,25145925,4501.8,3683.4,4440.0,3288.1,4024.5,19,5,4024.3,18,1,4024.2,33,2,4024.1,51,3,4024.0,30,3,4025.0,62,3,4025.1,28,1,4025.2,26,1,4025.7,88,3,4025.8,35,2
11483,2026-07-02 13:15:07+05:30,4024.5,1,4038.03,1364979,159512.0,168472.0,4100.0,4110.0,4012.0,4092.6,25145925,4501.8,3683.4,4440.0,3288.1,4024.5,19,5,4024.3,18,1,4024.2,33,2,4024.1,51,3,4024.0,30,3,4025.0,62,3,4025.1,28,1,4025.2,26,1,4025.7,88,3,4025.8,35,2
11483,2026-07-02 13:15:08+05:30,4024.5,1,4038.03,1364979,159512.0,168472.0,4100.0,4110.0,4012.0,4092.6,25145925,4501.8,3683.4,4440.0,3288.1,4024.5,19,5,4024.3,18,1,4024.2,33,2,4024.1,51,3,4024.0,30,3,4025.0,62,3,4025.1,28,1,4025.2,26,1,4025.7,88,3,4025.8,35,2
11483,2026-07-02 13:15:08+05:30,4024.2,1,4038.03,1365016,159280.0,169141.0,4100.0,4110.0,4012.0,4092.6,25145925,4501.8,3683.4,4440.0,3288.1,4024.2,20,2,4024.1,16,2,4024.0,5,2,4023.9,20,4,4023.8,118,4,4024.5,1,1,4025.0,89,4,4025.1,28,1,4025.2,26,1,4025.4,15,1
11483,2026-07-02 13:15:08+05:30,4024.2,4,4038.03,1365016,159280.0,169141.0,4100.0,4110.0,4012.0,4092.6,25145925,4501.8,3683.4,4440.0,3288.1,4024.2,20,2,4024.1,16,2,4024.0,5,2,4023.9,20,4,4023.8,118,4,4024.5,1,1,4025.0,89,4,4025.1,28,1,4025.2,26,1,4025.4,15,1
11483,2026-07-02 13:15:08+05:30,4024.2,4,4038.03,1365016,159280.0,169141.0,4100.0,4110.0,4012.0,4092.6,25145925,4501.8,3683.4,4440.0,3288.1,4024.2,20,2,4024.1,16,2,4024.0,5,2,4023.9,20,4,4023.8,118,4,4024.5,1,1,4025.0,89,4,4025.1,28,1,4025.2,26,1,4025.4,15,1
11483,2026-07-02 13:15:09+05:30,4024.2,4,4038.03,1365016,159280.0,169141.0,4100.0,4110.0,4012.0,4092.6,25145925,4501.8,3683.4,4440.0,3288.1,4024.2,20,2,4024.1,16,2,4024.0,5,2,4023.9,20,4,4023.8,118,4,4024.5,1,1,4025.0,89,4,4025.1,28,1,4025.2,26,1,4025.4,15,1
11483,2026-07-02 13:15:09+05:30,4025.0,1,4038.03,1365024,159570.0,169091.0,4100.0,4110.0,4012.0,4092.6,25145925,4501.8,3683.4,4440.0,3288.1,4024.2,16,2,4024.0,5,2,4023.9,24,5,4023.8,88,3,4023.7,94,3,4025.0,60,3,4025.4,15,1,4025.7,129,4,4025.8,46,3,4026.0,15,2
11483,2026-07-02 13:15:09+05:30,4025.0,1,4038.03,1365024,159570.0,169091.0,4100.0,4110.0,4012.0,4092.6,25145925,4501.8,3683.4,4440.0,3288.1,4024.2,16,2,4024.0,5,2,4023.9,24,5,4023.8,88,3,4023.7,94,3,4025.0,60,3,4025.4,15,1,4025.7,129,4,4025.8,46,3,4026.0,15,2
11483,2026-07-02 13:15:10+05:30,4025.0,1,4038.03,1365024,159570.0,169091.0,4100.0,4110.0,4012.0,4092.6,25145925,4501.8,3683.4,4440.0,3288.1,4024.2,16,2,4024.0,5,2,4023.9,24,5,4023.8,88,3,4023.7,94,3,4025.0,60,3,4025.4,15,1,4025.7,129,4,4025.8,46,3,4026.0,15,2
11483,2026-07-02 13:15:10+05:30,4025.0,2,4038.03,1365050,159540.0,169063.0,4100.0,4110.0,4012.0,4092.6,25145925,4501.8,3683.4,4440.0,3288.1,4024.0,18,5,4023.9,20,4,4023.8,71,2,4023.7,62,2,4023.6,82,4,4024.9,27,1,4025.0,50,2,4025.4,15,1,4025.7,144,5,4025.8,46,3
11483,2026-07-02 13:15:10+05:30,4024.0,3,4038.03,1365050,159540.0,169063.0,4100.0,4110.0,4012.0,4092.6,25145925,4501.8,3683.4,4440.0,3288.1,4024.0,18,5,4023.9,20,4,4023.8,71,2,4023.7,62,2,4023.6,82,4,4024.9,27,1,4025.0,50,2,4025.4,15,1,4025.7,144,5,4025.8,46,3
11483,2026-07-02 13:15:11+05:30,4024.0,3,4038.03,1365050,159540.0,169063.0,4100.0,4110.0,4012.0,4092.6,25145925,4501.8,3683.4,4440.0,3288.1,4024.0,18,5,4023.9,20,4,4023.8,71,2,4023.7,62,2,4023.6,82,4,4024.9,27,1,4025.0,50,2,4025.4,15,1,4025.7,144,5,4025.8,46,3
11483,2026-07-02 13:15:11+05:30,4024.9,1,4038.03,1365059,159530.0,169081.0,4100.0,4110.0,4012.0,4092.6,25145925,4501.8,3683.4,4440.0,3288.1,4024.0,28,6,4023.9,10,4,4023.8,71,2,4023.7,67,3,4023.6,115,6,4024.9,21,1,4025.0,50,2,4025.4,15,1,4025.7,144,5,4025.8,35,2
11483,2026-07-02 13:15:11+05:30,4024.0,1,4038.03,1365059,159530.0,169081.0,4100.0,4110.0,4012.0,4092.6,25145925,4501.8,3683.4,4440.0,3288.1,4024.0,28,6,4023.9,10,4,4023.8,71,2,4023.7,67,3,4023.6,115,6,4024.9,21,1,4025.0,50,2,4025.4,15,1,4025.7,144,5,4025.8,35,2
11483,2026-07-02 13:15:11+05:30,4024.0,1,4038.03,1365059,159530.0,169081.0,4100.0,4110.0,4012.0,4092.6,25145925,4501.8,3683.4,4440.0,3288.1,4024.0,28,6,4023.9,10,4,4023.8,71,2,4023.7,67,3,4023.6,115,6,4024.9,21,1,4025.0,50,2,4025.4,15,1,4025.7,144,5,4025.8,35,2
11483,2026-07-02 13:15:12+05:30,4024.0,1,4038.03,1365059,159530.0,169081.0,4100.0,4110.0,4012.0,4092.6,25149425,4501.8,3683.4,4440.0,3288.1,4024.0,28,6,4023.9,10,4,4023.8,71,2,4023.7,67,3,4023.6,115,6,4024.9,21,1,4025.0,50,2,4025.4,15,1,4025.7,144,5,4025.8,35,2
11483,2026-07-02 13:15:12+05:30,4024.9,1,4038.03,1365070,159520.0,169122.0,4100.0,4110.0,4012.0,4092.6,25149425,4501.8,3683.4,4440.0,3288.1,4024.0,18,3,4023.9,10,4,4023.8,71,2,4023.7,67,3,4023.6,115,6,4024.9,12,1,4025.0,50,2,4025.4,15,1,4025.7,144,5,4025.8,35,2
11483,2026-07-02 13:15:12+05:30,4024.0,1,4038.03,1365070,159520.0,169122.0,4100.0,4110.0,4012.0,4092.6,25149425,4501.8,3683.4,4440.0,3288.1,4024.0,18,3,4023.9,10,4,4023.8,71,2,4023.7,67,3,4023.6,115,6,4024.9,12,1,4025.0,50,2,4025.4,15,1,4025.7,144,5,4025.8,35,2
11483,2026-07-02 13:15:12+05:30,4024.0,1,4038.03,1365070,159520.0,169122.0,4100.0,4110.0,4012.0,4092.6,25149425,4501.8,3683.4,4440.0,3288.1,4024.0,18,3,4023.9,10,4,4023.8,71,2,4023.7,67,3,4023.6,115,6,4024.9,12,1,4025.0,50,2,4025.4,15,1,4025.7,144,5,4025.8,35,2
11483,2026-07-02 13:15:13+05:30,4024.0,1,4038.03,1365070,159520.0,169122.0,4100.0,4110.0,4012.0,4092.6,25149425,4501.8,3683.4,4440.0,3288.1,4024.0,18,3,4023.9,10,4,4023.8,71,2,4023.7,67,3,4023.6,115,6,4024.9,12,1,4025.0,50,2,4025.4,15,1,4025.7,144,5,4025.8,35,2
11483,2026-07-02 13:15:13+05:30,4024.0,1,4038.03,1365074,159544.0,169125.0,4100.0,4110.0,4012.0,4092.6,25149425,4501.8,3683.4,4440.0,3288.1,4024.0,20,4,4023.9,82,5,4023.8,71,2,4023.7,67,3,4023.6,125,7,4024.9,12,1,4025.0,50,2,4025.4,15,1,4025.7,144,5,4025.8,35,2
11483,2026-07-02 13:15:13+05:30,4024.0,1,4038.03,1365074,159544.0,169125.0,4100.0,4110.0,4012.0,4092.6,25149425,4501.8,3683.4,4440.0,3288.1,4024.0,20,4,4023.9,82,5,4023.8,71,2,4023.7,67,3,4023.6,125,7,4024.9,12,1,4025.0,50,2,4025.4,15,1,4025.7,144,5,4025.8,35,2
11483,2026-07-02 13:15:13+05:30,4024.0,1,4038.03,1365074,159544.0,169125.0,4100.0,4110.0,4012.0,4092.6,25149425,4501.8,3683.4,4440.0,3288.1,4024.0,20,4,4023.9,82,5,4023.8,71,2,4023.7,67,3,4023.6,125,7,4024.9,12,1,4025.0,50,2,4025.4,15,1,4025.7,144,5,4025.8,35,2
11483,2026-07-02 13:15:14+05:30,4024.0,1,4038.03,1365074,159544.0,169125.0,4100.0,4110.0,4012.0,4092.6,25149425,4501.8,3683.4,4440.0,3288.1,4024.0,20,4,4023.9,82,5,4023.8,71,2,4023.7,67,3,4023.6,125,7,4024.9,12,1,4025.0,50,2,4025.4,15,1,4025.7,144,5,4025.8,35,2
11483,2026-07-02 13:15:14+05:30,4024.0,1,4038.03,1365075,159542.0,169125.0,4100.0,4110.0,4012.0,4092.6,25149425,4501.8,3683.4,4440.0,3288.1,4024.0,28,5,4023.9,82,5,4023.8,71,2,4023.7,67,3,4023.6,125,7,4024.9,12,1,4025.0,50,2,4025.4,15,1,4025.7,144,5,4025.8,35,2
11483,2026-07-02 13:15:14+05:30,4024.0,1,4038.03,1365075,159542.0,169125.0,4100.0,4110.0,4012.0,4092.6,25149425,4501.8,3683.4,4440.0,3288.1,4024.0,28,5,4023.9,82,5,4023.8,71,2,4023.7,67,3,4023.6,125,7,4024.9,12,1,4025.0,50,2,4025.4,15,1,4025.7,144,5,4025.8,35,2
11483,2026-07-02 13:15:15+05:30,4024.0,1,4038.03,1365077,158943.0,169240.0,4100.0,4110.0,4012.0,4092.6,25149425,4501.8,3683.4,4440.0,3288.1,4024.0,16,2,4023.9,5,2,4023.7,12,1,4023.6,67,2,4023.5,101,2,4024.9,12,1,4025.0,50,2,4025.3,14,2,4025.4,45,2,4025.5,36,2
11483,2026-07-02 13:15:15+05:30,4024.0,1,4038.03,1365077,158943.0,169240.0,4100.0,4110.0,4012.0,4092.6,25149425,4501.8,3683.4,4440.0,3288.1,4024.0,16,2,4023.9,5,2,4023.7,12,1,4023.6,67,2,4023.5,101,2,4024.9,12,1,4025.0,50,2,4025.3,14,2,4025.4,45,2,4025.5,36,2
11483,2026-07-02 13:15:16+05:30,4024.5,1,4038.03,1365078,159535.0,169202.0,4100.0,4110.0,4012.0,4092.6,25149425,4501.8,3683.4,4440.0,3288.1,4024.5,9,3,4024.0,9,1,4023.9,5,2,4023.8,5,1,4023.7,32,3,4024.9,12,1,4025.0,50,2,4025.4,45,2,4025.7,147,6,4025.8,50,4
11483,2026-07-02 13:15:16+05:30,4024.5,1,4038.03,1365078,159535.0,169202.0,4100.0,4110.0,4012.0,4092.6,25149425,4501.8,3683.4,4440.0,3288.1,4024.5,9,3,4024.0,9,1,4023.9,5,2,4023.8,5,1,4023.7,32,3,4024.9,12,1,4025.0,50,2,4025.4,45,2,4025.7,147,6,4025.8,50,4
11483,2026-07-02 13:15:17+05:30,4024.5,1,4038.03,1365079,159456.0,169047.0,4100.0,4110.0,4012.0,4092.6,25149425,4501.8,3683.4,4440.0,3288.1,4024.5,9,3,4024.3,10,1,4024.1,19,1,4024.0,9,1,4023.9,15,3,4024.9,12,1,4025.0,50,2,4025.4,15,1,4025.7,129,4,4025.8,40,3
11483,2026-07-02 13:15:17+05:30,4024.5,1,4038.03,1365079,159456.0,169047.0,4100.0,4110.0,4012.0,4092.6,25149425,4501.8,3683.4,4440.0,3288.1,4024.5,9,3,4024.3,10,1,4024.1,19,1,4024.0,9,1,4023.9,15,3,4024.9,12,1,4025.0,50,2,4025.4,15,1,4025.7,129,4,4025.8,40,3
11483,2026-07-02 13:15:18+05:30,4024.9,1,4038.03,1365103,159525.0,169179.0,4100.0,4110.0,4012.0,4092.6,25149425,4501.8,3683.4,4440.0,3288.1,4024.5,8,3,4024.0,10,2,4023.9,15,3,4023.8,55,2,4023.7,62,2,4024.9,17,1,4025.0,50,2,4025.4,15,1,4025.7,129,4,4025.8,40,3
11483,2026-07-02 13:15:18+05:30,4024.9,10,4038.03,1365103,159525.0,169179.0,4100.0,4110.0,4012.0,4092.6,25149425,4501.8,3683.4,4440.0,3288.1,4024.5,8,3,4024.0,10,2,4023.9,15,3,4023.8,55,2,4023.7,62,2,4024.9,17,1,4025.0,50,2,4025.4,15,1,4025.7,129,4,4025.8,40,3
11483,2026-07-02 13:15:19+05:30,4024.2,1,4038.03,1365133,159293.0,168808.0,4100.0,4110.0,4012.0,4092.6,25149425,4501.8,3683.4,4440.0,3288.1,4024.0,34,5,4023.9,86,5,4023.8,60,2,4023.7,62,2,4023.6,87,4,4024.9,6,1,4025.0,50,2,4025.4,15,1,4025.7,129,4,4025.8,35,2
11483,2026-07-02 13:15:19+05:30,4024.0,4,4038.03,1365133,159293.0,168808.0,4100.0,4110.0,4012.0,4092.6,25149425,4501.8,3683.4,4440.0,3288.1,4024.0,34,5,4023.9,86,5,4023.8,60,2,4023.7,62,2,4023.6,87,4,4024.9,6,1,4025.0,50,2,4025.4,15,1,4025.7,129,4,4025.8,35,2
11483,2026-07-02 13:15:20+05:30,4024.0,1,4038.03,1365138,159429.0,168791.0,4100.0,4110.0,4012.0,4092.6,25149425,4501.8,3683.4,4440.0,3288.1,4024.1,24,3,4024.0,12,2,4023.9,96,6,4023.8,60,2,4023.7,62,2,4024.9,6,1,4025.0,50,2,4025.4,15,1,4025.7,129,4,4025.8,35,2
11483,2026-07-02 13:15:20+05:30,4024.1,1,4038.03,1365138,159429.0,168791.0,4100.0,4110.0,4012.0,4092.6,25149425,4501.8,3683.4,4440.0,3288.1,4024.1,24,3,4024.0,12,2,4023.9,96,6,4023.8,60,2,4023.7,62,2,4024.9,6,1,4025.0,50,2,4025.4,15,1,4025.7,129,4,4025.8,35,2
11483,2026-07-02 13:15:21+05:30,4024.1,1,4038.03,1365140,159464.0,168819.0,4100.0,4110.0,4012.0,4092.6,25149425,4501.8,3683.4,4440.0,3288.1,4024.1,16,2,4024.0,62,3,4023.9,86,5,4023.8,60,2,4023.7,62,2,4024.9,6,1,4025.0,51,3,4025.4,15,1,4025.7,129,4,4025.8,35,2
11483,2026-07-02 13:15:21+05:30,4024.1,1,4038.03,1365140,159464.0,168819.0,4100.0,4110.0,4012.0,4092.6,25149425,4501.8,3683.4,4440.0,3288.1,4024.1,16,2,4024.0,62,3,4023.9,86,5,4023.8,60,2,4023.7,62,2,4024.9,6,1,4025.0,51,3,4025.4,15,1,4025.7,129,4,4025.8,35,2
11483,2026-07-02 13:15:22+05:30,4024.1,1,4038.03,1365141,159495.0,168843.0,4100.0,4110.0,4012.0,4092.6,25149425,4501.8,3683.4,4440.0,3288.1,4024.0,69,4,4023.9,71,5,4023.8,60,2,4023.7,62,2,4023.6,41,4,4024.9,6,1,4025.0,51,3,4025.4,15,1,4025.7,129,4,4025.8,35,2
11483,2026-07-02 13:15:22+05:30,4024.1,1,4038.03,1365141,159495.0,168843.0,4100.0,4110.0,4012.0,4092.6,25149425,4501.8,3683.4,4440.0,3288.1,4024.0,69,4,4023.9,71,5,4023.8,60,2,4023.7,62,2,4023.6,41,4,4024.9,6,1,4025.0,51,3,4025.4,15,1,4025.7,129,4,4025.8,35,2
11483,2026-07-02 13:15:23+05:30,4025.0,6,4038.03,1365189,159563.0,168860.0,4100.0,4110.0,4012.0,4092.6,25149425,4501.8,3683.4,4440.0,3288.1,4024.0,57,2,4023.9,55,3,4023.8,50,1,4023.7,62,2,4023.6,66,4,4025.0,60,3,4025.4,15,1,4025.6,53,2,4025.7,129,4,4025.8,35,2
11483,2026-07-02 13:15:23+05:30,4024.0,6,4038.03,1365189,159563.0,168860.0,4100.0,4110.0,4012.0,4092.6,25149425,4501.8,3683.4,4440.0,3288.1,4024.0,57,2,4023.9,55,3,4023.8,50,1,4023.7,62,2,4023.6,66,4,4025.0,60,3,4025.4,15,1,4025.6,53,2,4025.7,129,4,4025.8,35,2
11483,2026-07-02 13:15:24+05:30,4025.0,5,4038.03,1365202,159577.0,168839.0,4100.0,4110.0,4012.0,4092.6,25149425,4501.8,3683.4,4440.0,3288.1,4024.0,57,4,4023.9,64,4,4023.8,59,2,4023.7,62,2,4023.6,66,4,4025.0,54,3,4025.4,15,1,4025.7,129,4,4025.8,35,2,4025.9,3,1
11483,2026-07-02 13:15:24+05:30,4025.0,5,4038.03,1365202,159577.0,168839.0,4100.0,4110.0,4012.0,4092.6,25149425,4501.8,3683.4,4440.0,3288.1,4024.0,57,4,4023.9,64,4,4023.8,59,2,4023.7,62,2,4023.6,66,4,4025.0,54,3,4025.4,15,1,4025.7,129,4,4025.8,35,2,4025.9,3,1
11483,2026-07-02 13:15:25+05:30,4025.0,1,4038.03,1365207,159562.0,168845.0,4100.0,4110.0,4012.0,4092.6,25149425,4501.8,3683.4,4440.0,3288.1,4024.1,8,1,4024.0,99,9,4023.9,55,3,4023.8,50,1,4023.7,62,2,4025.0,52,3,4025.4,15,1,4025.7,129,4,4025.8,35,2,4025.9,3,1
11483,2026-07-02 13:15:25+05:30,4024.1,1,4038.03,1365207,159562.0,168845.0,4100.0,4110.0,4012.0,4092.6,25149425,4501.8,3683.4,4440.0,3288.1,4024.1,8,1,4024.0,99,9,4023.9,55,3,4023.8,50,1,4023.7,62,2,4025.0,52,3,4025.4,15,1,4025.7,129,4,4025.8,35,2,4025.9,3,1
11483,2026-07-02 13:15:26+05:30,4025.0,6,4038.03,1365217,159565.0,168871.0,4100.0,4110.0,4012.0,4092.6,25149425,4501.8,3683.4,4440.0,3288.1,4024.1,6,1,4024.0,66,3,4023.9,55,3,4023.8,88,3,4023.7,62,2,4025.0,56,3,4025.4,17,2,4025.7,129,4,4025.8,36,3,4025.9,3,1
11483,2026-07-02 13:15:26+05:30,4025.0,6,4038.03,1365217,159565.0,168871.0,4100.0,4110.0,4012.0,4092.6,25149425,4501.8,3683.4,4440.0,3288.1,4024.1,6,1,4024.0,66,3,4023.9,55,3,4023.8,88,3,4023.7,62,2,4025.0,56,3,4025.4,17,2,4025.7,129,4,4025.8,36,3,4025.9,3,1
11483,2026-07-02 13:15:27+05:30,4025.0,1,4038.03,1365219,159700.0,168881.0,4100.0,4110.0,4012.0,4092.6,25149425,4501.8,3683.4,4440.0,3288.1,4024.5,99,1,4024.1,6,1,4024.0,29,3,4023.9,5,2,4023.8,38,2,4025.0,55,3,4025.4,17,2,4025.7,129,4,4025.8,36,3,4025.9,3,1
11483,2026-07-02 13:15:27+05:30,4025.0,1,4038.03,1365219,159700.0,168881.0,4100.0,4110.0,4012.0,4092.6,25149425,4501.8,3683.4,4440.0,3288.1,4024.5,99,1,4024.1,6,1,4024.0,29,3,4023.9,5,2,4023.8,38,2,4025.0,55,3,4025.4,17,2,4025.7,129,4,4025.8,36,3,4025.9,3,1
11483,2026-07-02 13:15:28+05:30,4025.0,24,4038.03,1365298,159789.0,168859.0,4100.0,4110.0,4012.0,4092.6,25149425,4501.8,3683.4,4440.0,3288.1,4024.5,99,1,4024.0,29,3,4023.9,5,2,4023.8,38,2,4023.7,67,4,4025.0,41,2,4025.4,17,2,4025.7,129,4,4025.8,36,3,4025.9,3,1
11483,2026-07-02 13:15:28+05:30,4025.0,24,4038.03,1365298,159789.0,168859.0,4100.0,4110.0,4012.0,4092.6,25149425,4501.8,3683.4,4440.0,3288.1,4024.5,99,1,4024.0,29,3,4023.9,5,2,4023.8,38,2,4023.7,67,4,4025.0,41,2,4025.4,17,2,4025.7,129,4,4025.8,36,3,4025.9,3,1
11483,2026-07-02 13:15:29+05:30,4025.0,1,4038.03,1365317,159762.0,168827.0,4100.0,4110.0,4012.0,4092.6,25149425,4501.8,3683.4,4440.0,3288.1,4024.7,1,1,4024.5,89,1,4024.0,29,3,4023.9,5,2,4023.8,38,2,4025.0,32,2,4025.4,17,2,4025.7,129,4,4025.8,36,3,4025.9,3,1
11483,2026-07-02 13:15:29+05:30,4025.0,1,4038.03,1365317,159762.0,168827.0,4100.0,4110.0,4012.0,4092.6,25149425,4501.8,3683.4,4440.0,3288.1,4024.7,1,1,4024.5,89,1,4024.0,29,3,4023.9,5,2,4023.8,38,2,4025.0,32,2,4025.4,17,2,4025.7,129,4,4025.8,36,3,4025.9,3,1
11483,2026-07-02 13:15:30+05:30,4024.7,1,4038.03,1365319,160278.0,168841.0,4100.0,4110.0,4012.0,4092.6,25149425,4501.8,3683.4,4440.0,3288.1,4024.5,89,1,4024.0,516,3,4023.9,5,2,4023.8,38,2,4023.7,64,3,4025.0,32,2,4025.4,17,2,4025.7,129,4,4025.8,36,3,4026.0,8,3
11483,2026-07-02 13:15:30+05:30,4024.7,1,4038.03,1365319,160278.0,168841.0,4100.0,4110.0,4012.0,4092.6,25149425,4501.8,3683.4,4440.0,3288.1,4024.5,89,1,4024.0,516,3,4023.9,5,2,4023.8,38,2,4023.7,64,3,4025.0,32,2,4025.4,17,2,4025.7,129,4,4025.8,36,3,4026.0,8,3
11483,2026-07-02 13:15:31+05:30,4025.0,1,4038.03,1365327,160279.0,168831.0,4100.0,4110.0,4012.0,4092.6,25149425,4501.8,3683.4,4440.0,3288.1,4024.5,88,1,4024.0,516,3,4023.9,5,2,4023.8,38,2,4023.7,64,3,4025.0,25,2,4025.4,17,2,4025.7,129,4,4025.8,36,3,4026.0,8,3
11483,2026-07-02 13:15:31+05:30,4025.0,1,4038.03,1365327,160279.0,168831.0,4100.0,4110.0,4012.0,4092.6,25149425,4501.8,3683.4,4440.0,3288.1,4024.5,88,1,4024.0,516,3,4023.9,5,2,4023.8,38,2,4023.7,64,3,4025.0,25,2,4025.4,17,2,4025.7,129,4,4025.8,36,3,4026.0,8,3
11483,2026-07-02 13:15:32+05:30,4025.0,1,4038.03,1365327,160279.0,168831.0,4100.0,4110.0,4012.0,4092.6,25149425,4501.8,3683.4,4440.0,3288.1,4024.5,87,1,4024.0,516,3,4023.9,5,2,4023.8,38,2,4023.7,14,2,4025.0,23,2,4025.4,17,2,4025.7,129,4,4025.8,2,2,4026.0,8,3
11483,2026-07-02 13:15:32+05:30,4025.0,1,4038.03,1365330,160278.0,168797.0,4100.0,4110.0,4012.0,4092.6,25149425,4501.8,3683.4,4440.0,3288.1,4024.5,87,1,4024.0,516,3,4023.9,5,2,4023.8,38,2,4023.7,14,2,4025.0,23,2,4025.4,17,2,4025.7,129,4,4025.8,2,2,4026.0,8,3
11483,2026-07-02 13:15:33+05:30,4025.0,1,4038.03,1365331,160278.0,168799.0,4100.0,4110.0,4012.0,4092.6,25149425,4501.8,3683.4,4440.0,3288.1,4024.5,87,1,4024.0,516,3,4023.9,5,2,4023.8,38,2,4023.7,14,2,4025.0,22,2,4025.4,17,2,4025.7,129,4,4025.8,2,2,4026.0,8,3
11483,2026-07-02 13:15:33+05:30,4025.0,1,4038.03,1365331,160278.0,168799.0,4100.0,4110.0,4012.0,4092.6,25149425,4501.8,3683.4,4440.0,3288.1,4024.5,87,1,4024.0,516,3,4023.9,5,2,4023.8,38,2,4023.7,14,2,4025.0,22,2,4025.4,17,2,4025.7,129,4,4025.8,2,2,4026.0,8,3
11483,2026-07-02 13:15:34+05:30,4024.5,1,4038.03,1365333,160277.0,168809.0,4100.0,4110.0,4012.0,4092.6,25149425,4501.8,3683.4,4440.0,3288.1,4024.5,86,1,4024.0,516,3,4023.9,5,2,4023.8,38,2,4023.7,14,2,4025.0,21,2,4025.4,17,2,4025.7,129,4,4025.8,2,2,4026.0,8,3
11483,2026-07-02 13:15:34+05:30,4024.5,1,4038.03,1365333,160277.0,168809.0,4100.0,4110.0,4012.0,4092.6,25149425,4501.8,3683.4,4440.0,3288.1,4024.5,86,1,4024.0,516,3,4023.9,5,2,4023.8,38,2,4023.7,14,2,4025.0,21,2,4025.4,17,2,4025.7,129,4,4025.8,2,2,4026.0,8,3
11483,2026-07-02 13:15:35+05:30,4025.0,1,4038.03,1365337,160232.0,168861.0,4100.0,4110.0,4012.0,4092.6,25149425,4501.8,3683.4,4440.0,3288.1,4024.5,86,1,4024.0,507,2,4023.9,5,2,4023.7,14,2,4023.6,120,5,4025.0,19,3,4025.4,17,2,4025.5,10,1,4025.7,129,4,4025.8,47,4
11483,2026-07-02 13:15:35+05:30,4025.0,1,4038.03,1365337,160232.0,168861.0,4100.0,4110.0,4012.0,4092.6,25149425,4501.8,3683.4,4440.0,3288.1,4024.5,86,1,4024.0,507,2,4023.9,5,2,4023.7,14,2,4023.6,120,5,4025.0,19,3,4025.4,17,2,4025.5,10,1,4025.7,129,4,4025.8,47,4
11483,2026-07-02 13:15:36+05:30,4024.9,1,4038.03,1365338,160240.0,169316.0,4100.0,4110.0,4012.0,4092.6,25149425,4501.8,3683.4,4440.0,3288.1,4024.5,86,1,4024.0,507,2,4023.9,5,2,4023.7,14,2,4023.6,111,4,4024.9,39,1,4025.0,66,4,4025.4,17,2,4025.7,129,4,4025.8,56,5
11483,2026-07-02 13:15:36+05:30,4024.5,1,4038.03,1365338,160240.0,169316.0,4100.0,4110.0,4012.0,4092.6,25149425,4501.8,3683.4,4440.0,3288.1,4024.5,86,1,4024.0,507,2,4023.9,5,2,4023.7,14,2,4023.6,111,4,4024.9,39,1,4025.0,66,4,4025.4,17,2,4025.7,129,4,4025.8,56,5
11483,2026-07-02 13:15:37+05:30,4024.9,5,4038.03,1365338,160240.0,169316.0,4100.0,4110.0,4012.0,4092.6,25149425,4501.8,3683.4,4440.0,3288.1,4024.5,86,1,4024.0,507,2,4023.9,5,2,4023.7,14,2,4023.6,111,4,4024.9,39,1,4025.0,66,4,4025.4,17,2,4025.7,129,4,4025.8,56,5
11483,2026-07-02 13:15:37+05:30,4024.9,5,4038.03,1365345,160256.0,169484.0,4100.0,4110.0,4012.0,4092.6,25149425,4501.8,3683.4,4440.0,3288.1,4024.5,87,2,4024.0,507,2,4023.9,5,2,4023.7,14,2,4023.6,111,4,4024.9,35,2,4025.0,64,3,4025.4,17,2,4025.7,129,4,4025.8,56,5
11483,2026-07-02 13:15:38+05:30,4024.9,1,4038.03,1365345,160256.0,169484.0,4100.0,4110.0,4012.0,4092.6,25149425,4501.8,3683.4,4440.0,3288.1,4024.5,87,2,4024.0,507,2,4023.9,5,2,4023.7,14,2,4023.6,111,4,4024.9,35,2,4025.0,64,3,4025.4,17,2,4025.7,129,4,4025.8,56,5
11483,2026-07-02 13:15:38+05:30,4024.9,1,4038.03,1365348,160257.0,169458.0,4100.0,4110.0,4012.0,4092.6,25149425,4501.8,3683.4,4440.0,3288.1,4024.5,92,3,4024.0,500,1,4023.9,5,2,4023.7,14,2,4023.6,111,4,4024.9,33,2,4025.0,64,3,4025.4,17,2,4025.7,129,4,4025.8,47,4
11483,2026-07-02 13:15:39+05:30,4024.9,1,4038.03,1365355,160258.0,169458.0,4100.0,4110.0,4012.0,4092.6,25149425,4501.8,3683.4,4440.0,3288.1,4024.7,1,1,4024.5,92,3,4024.0,500,1,4023.9,5,2,4023.7,14,2,4024.9,26,2,4025.0,64,3,4025.4,17,2,4025.7,129,4,4025.8,47,4
11483,2026-07-02 13:15:39+05:30,4024.7,1,4038.03,1365355,160258.0,169458.0,4100.0,4110.0,4012.0,4092.6,25149425,4501.8,3683.4,4440.0,3288.1,4024.7,1,1,4024.5,92,3,4024.0,500,1,4023.9,5,2,4023.7,14,2,4024.9,26,2,4025.0,64,3,4025.4,17,2,4025.7,129,4,4025.8,47,4
11483,2026-07-02 13:15:40+05:30,4024.7,1,4038.03,1365357,160258.0,169463.0,4100.0,4110.0,4012.0,4092.6,25149425,4501.8,3683.4,4440.0,3288.1,4024.5,92,3,4024.0,558,3,4023.9,55,3,4023.8,50,1,4023.7,64,3,4024.9,26,2,4025.0,64,3,4025.4,17,2,4025.7,129,4,4025.8,47,4
11483,2026-07-02 13:15:40+05:30,4024.7,1,4038.03,1365357,160258.0,169463.0,4100.0,4110.0,4012.0,4092.6,25149425,4501.8,3683.4,4440.0,3288.1,4024.5,92,3,4024.0,558,3,4023.9,55,3,4023.8,50,1,4023.7,64,3,4024.9,26,2,4025.0,64,3,4025.4,17,2,4025.7,129,4,4025.8,47,4
11483,2026-07-02 13:15:41+05:30,4024.5,1,4038.03,1365357,160258.0,169463.0,4100.0,4110.0,4012.0,4092.6,25149425,4501.8,3683.4,4440.0,3288.1,4024.5,92,3,4024.0,558,3,4023.9,55,3,4023.8,50,1,4023.7,64,3,4024.9,26,2,4025.0,64,3,4025.4,17,2,4025.7,129,4,4025.8,47,4
11483,2026-07-02 13:15:41+05:30,4024.5,1,4038.03,1365389,160264.0,169439.0,4100.0,4110.0,4012.0,4092.6,25149425,4501.8,3683.4,4440.0,3288.1,4024.5,69,3,4024.2,8,1,4024.1,1,1,4024.0,550,2,4023.9,87,5,4024.9,18,3,4025.0,64,3,4025.4,17,2,4025.7,129,4,4025.8,15,3
11483,2026-07-02 13:15:42+05:30,4024.6,1,4038.03,1365393,160501.0,169468.0,4100.0,4110.0,4012.0,4092.6,25149425,4501.8,3683.4,4440.0,3288.1,4024.6,1,1,4024.5,64,2,4024.2,8,1,4024.1,1,1,4024.0,550,2,4024.9,18,3,4025.0,64,3,4025.4,17,2,4025.7,129,4,4025.8,15,3
11483,2026-07-02 13:15:42+05:30,4024.6,1,4038.03,1365393,160501.0,169468.0,4100.0,4110.0,4012.0,4092.6,25149425,4501.8,3683.4,4440.0,3288.1,4024.6,1,1,4024.5,64,2,4024.2,8,1,4024.1,1,1,4024.0,550,2,4024.9,18,3,4025.0,64,3,4025.4,17,2,4025.7,129,4,4025.8,15,3
11483,2026-07-02 13:15:43+05:30,4024.6,1,4038.03,1365395,160500.0,169475.0,4100.0,4110.0,4012.0,4092.6,25149425,4501.8,3683.4,4440.0,3288.1,4024.6,1,1,4024.5,64,2,4024.2,8,1,4024.1,1,1,4024.0,550,2,4024.9,20,4,4025.0,64,3,4025.4,17,2,4025.7,129,4,4025.8,15,3
11483,2026-07-02 13:15:43+05:30,4024.6,1,4038.03,1365395,160500.0,169475.0,4100.0,4110.0,4012.0,4092.6,25149425,4501.8,3683.4,4440.0,3288.1,4024.6,1,1,4024.5,64,2,4024.2,8,1,4024.1,1,1,4024.0,550,2,4024.9,20,4,4025.0,64,3,4025.4,17,2,4025.7,129,4,4025.8,15,3
11483,2026-07-02 13:15:44+05:30,4024.6,1,4038.03,1365398,160503.0,169474.0,4100.0,4110.0,4012.0,4092.6,25149425,4501.8,3683.4,4440.0,3288.1,4024.6,2,1,4024.5,64,2,4024.2,8,1,4024.1,1,1,4024.0,550,2,4024.9,19,3,4025.0,64,3,4025.4,17,2,4025.7,129,4,4025.8,15,3
11483,2026-07-02 13:15:44+05:30,4024.6,1,4038.03,1365398,160503.0,169474.0,4100.0,4110.0,4012.0,4092.6,25149425,4501.8,3683.4,4440.0,3288.1,4024.6,2,1,4024.5,64,2,4024.2,8,1,4024.1,1,1,4024.0,550,2,4024.9,19,3,4025.0,64,3,4025.4,17,2,4025.7,129,4,4025.8,15,3
11483,2026-07-02 13:15:45+05:30,4024.6,1,4038.03,1365399,160486.0,169452.0,4100.0,4110.0,4012.0,4092.6,25149425,4501.8,3683.4,4440.0,3288.1,4024.6,1,1,4024.5,64,2,4024.1,1,1,4024.0,565,3,4023.9,79,4,4024.9,19,3,4025.0,64,3,4025.4,17,2,4025.7,129,4,4025.8,15,3
11483,2026-07-02 13:15:45+05:30,4024.6,1,4038.03,1365399,160486.0,169452.0,4100.0,4110.0,4012.0,4092.6,25149425,4501.8,3683.4,4440.0,3288.1,4024.6,1,1,4024.5,64,2,4024.1,1,1,4024.0,565,3,4023.9,79,4,4024.9,19,3,4025.0,64,3,4025.4,17,2,4025.7,129,4,4025.8,15,3
11483,2026-07-02 13:15:46+05:30,4024.6,1,4038.03,1365414,160487.0,169419.0,4100.0,4110.0,4012.0,4092.6,25149425,4501.8,3683.4,4440.0,3288.1,4024.6,2,1,4024.5,64,2,4024.1,1,1,4024.0,565,3,4023.9,79,4,4024.9,5,3,4025.0,64,3,4025.4,17,2,4025.7,129,4,4025.8,15,3
11483,2026-07-02 13:15:46+05:30,4024.6,2,4038.03,1365414,160487.0,169419.0,4100.0,4110.0,4012.0,4092.6,25149425,4501.8,3683.4,4440.0,3288.1,4024.6,2,1,4024.5,64,2,4024.1,1,1,4024.0,565,3,4023.9,79,4,4024.9,5,3,4025.0,64,3,4025.4,17,2,4025.7,129,4,4025.8,15,3
11483,2026-07-02 13:15:47+05:30,4024.6,1,4038.03,1365417,160487.0,169403.0,4100.0,4110.0,4012.0,4092.6,25149425,4501.8,3683.4,4440.0,3288.1,4024.6,1,1,4024.5,64,2,4024.1,1,1,4024.0,565,3,4023.9,79,4,4024.9,5,3,4025.0,64,3,4025.4,17,2,4025.7,129,4,4025.8,15,3
11483,2026-07-02 13:15:47+05:30,4024.6,1,4038.03,1365417,160487.0,169403.0,4100.0,4110.0,4012.0,4092.6,25149425,4501.8,3683.4,4440.0,3288.1,4024.6,1,1,4024.5,64,2,4024.1,1,1,4024.0,565,3,4023.9,79,4,4024.9,5,3,4025.0,64,3,4025.4,17,2,4025.7,129,4,4025.8,15,3
11483,2026-07-02 13:15:48+05:30,4024.6,1,4038.03,1365419,160502.0,169424.0,4100.0,4110.0,4012.0,4092.6,25149425,4501.8,3683.4,4440.0,3288.1,4024.6,1,1,4024.5,64,2,4024.1,51,2,4024.0,565,3,4023.9,79,4,4024.7,4,1,4024.9,5,3,4025.0,64,3,4025.4,17,2,4025.7,129,4
11483,2026-07-02 13:15:48+05:30,4024.6,1,4038.03,1365419,160502.0,169424.0,4100.0,4110.0,4012.0,4092.6,25149425,4501.8,3683.4,4440.0,3288.1,4024.6,1,1,4024.5,64,2,4024.1,51,2,4024.0,565,3,4023.9,79,4,4024.7,4,1,4024.9,5,3,4025.0,64,3,4025.4,17,2,4025.7,129,4
11483,2026-07-02 13:15:49+05:30,4024.6,1,4038.03,1365422,160502.0,169422.0,4100.0,4110.0,4012.0,4092.6,25149425,4501.8,3683.4,4440.0,3288.1,4024.6,7,3,4024.5,58,1,4024.1,51,2,4024.0,570,4,4023.9,79,4,4024.7,2,1,4024.9,5,3,4025.0,64,3,4025.4,17,2,4025.7,129,4
11483,2026-07-02 13:15:49+05:30,4024.6,1,4038.03,1365422,160502.0,169422.0,4100.0,4110.0,4012.0,4092.6,25149425,4501.8,3683.4,4440.0,3288.1,4024.6,7,3,4024.5,58,1,4024.1,51,2,4024.0,570,4,4023.9,79,4,4024.7,2,1,4024.9,5,3,4025.0,64,3,4025.4,17,2,4025.7,129,4
11483,2026-07-02 13:15:50+05:30,4024.6,1,4038.03,1365423,160507.0,169465.0,4100.0,4110.0,4012.0,4092.6,25149425,4501.8,3683.4,4440.0,3288.1,4024.6,1,1,4024.5,58,1,4024.1,51,2,4024.0,575,5,4023.9,79,4,4024.7,6,2,4024.9,1,1,4025.0,64,3,4025.4,17,2,4025.7,129,4
11483,2026-07-02 13:15:50+05:30,4024.6,1,4038.03,1365423,160507.0,169465.0,4100.0,4110.0,4012.0,4092.6,25149425,4501.8,3683.4,4440.0,3288.1,4024.6,1,1,4024.5,58,1,4024.1,51,2,4024.0,575,5,4023.9,79,4,4024.7,6,2,4024.9,1,1,4025.0,64,3,4025.4,17,2,4025.7,129,4
11483,2026-07-02 13:15:51+05:30,4024.5,1,4038.03,1365426,160473.0,169457.0,4100.0,4110.0,4012.0,4092.6,25149425,4501.8,3683.4,4440.0,3288.1,4024.5,57,1,4024.1,1,1,4024.0,520,3,4023.9,55,3,4023.8,50,1,4024.7,5,2,4024.9,1,1,4025.0,64,3,4025.4,17,2,4025.6,48,1
11483,2026-07-02 13:15:51+05:30,4024.5,1,4038.03,1365426,160473.0,169457.0,4100.0,4110.0,4012.0,4092.6,25149425,4501.8,3683.4,4440.0,3288.1,4024.5,57,1,4024.1,1,1,4024.0,520,3,4023.9,55,3,4023.8,50,1,4024.7,5,2,4024.9,1,1,4025.0,64,3,4025.4,17,2,4025.6,48,1
11483,2026-07-02 13:15:52+05:30,4024.9,1,4038.03,1365436,161895.0,168917.0,4100.0,4110.0,4012.0,4092.6,25149425,4501.8,3683.4,4440.0,3288.1,4024.7,548,1,4024.6,325,1,4024.5,380,2,4024.3,42,1,4024.1,43,2,4025.0,64,3,4025.4,17,2,4025.7,129,4,4025.8,15,3,4026.0,15,4
11483,2026-07-02 13:15:52+05:30,4024.7,1,4038.03,1365436,161895.0,168917.0,4100.0,4110.0,4012.0,4092.6,25149425,4501.8,3683.4,4440.0,3288.1,4024.7,548,1,4024.6,325,1,4024.5,380,2,4024.3,42,1,4024.1,43,2,4025.0,64,3,4025.4,17,2,4025.7,129,4,4025.8,15,3,4026.0,15,4
11483,2026-07-02 13:15:53+05:30,4024.7,1,4038.03,1365443,161347.0,168987.0,4100.0,4110.0,4012.0,4092.6,25149425,4501.8,3683.4,4440.0,3288.1,4024.8,325,1,4024.7,325,1,4024.5,97,2,4024.3,42,1,4024.2,50,1,4025.0,109,3,4025.4,17,2,4025.7,129,4,4025.8,15,3,4026.0,8,3
11483,2026-07-02 13:15:53+05:30,4024.8,1,4038.03,1365443,161347.0,168987.0,4100.0,4110.0,4012.0,4092.6,25149425,4501.8,3683.4,4440.0,3288.1,4024.8,325,1,4024.7,325,1,4024.5,97,2,4024.3,42,1,4024.2,50,1,4025.0,109,3,4025.4,17,2,4025.7,129,4,4025.8,15,3,4026.0,8,3
11483,2026-07-02 13:15:54+05:30,4024.8,1,4038.02,1365992,161331.0,168750.0,4100.0,4110.0,4012.0,4092.6,25149425,4501.8,3683.4,4440.0,3288.1,4024.8,653,3,4024.6,42,1,4024.5,55,1,4024.4,49,2,4024.2,50,1,4025.0,15,1,4025.4,17,2,4025.7,129,4,4025.8,2,2,4026.0,8,3
11483,2026-07-02 13:15:54+05:30,4024.8,66,4038.02,1365992,161331.0,168750.0,4100.0,4110.0,4012.0,4092.6,25149425,4501.8,3683.4,4440.0,3288.1,4024.8,653,3,4024.6,42,1,4024.5,55,1,4024.4,49,2,4024.2,50,1,4025.0,15,1,4025.4,17,2,4025.7,129,4,4025.8,2,2,4026.0,8,3
11483,2026-07-02 13:15:55+05:30,4024.9,1,4038.02,1366547,161170.0,168835.0,4100.0,4110.0,4012.0,4092.6,25149425,4501.8,3683.4,4440.0,3288.1,4024.9,7,1,4024.8,598,4,4024.6,42,1,4024.5,64,2,4024.4,42,1,4025.0,9,1,4025.4,17,2,4025.7,129,4,4025.8,2,2,4026.0,8,3
11483,2026-07-02 13:15:55+05:30,4024.9,11,4038.02,1366547,161170.0,168835.0,4100.0,4110.0,4012.0,4092.6,25149425,4501.8,3683.4,4440.0,3288.1,4024.9,7,1,4024.8,598,4,4024.6,42,1,4024.5,64,2,4024.4,42,1,4025.0,9,1,4025.4,17,2,4025.7,129,4,4025.8,2,2,4026.0,8,3
11483,2026-07-02 13:15:56+05:30,4024.9,1,4038.02,1366674,161613.0,168860.0,4100.0,4110.0,4012.0,4092.6,25149425,4501.8,3683.4,4440.0,3288.1,4024.9,506,1,4024.8,262,2,4024.7,325,1,4024.5,106,3,4024.3,42,1,4025.0,9,1,4025.4,2,1,4025.6,15,1,4025.7,129,4,4025.8,17,3
11483,2026-07-02 13:15:56+05:30,4024.9,15,4038.02,1366674,161613.0,168860.0,4100.0,4110.0,4012.0,4092.6,25149425,4501.8,3683.4,4440.0,3288.1,4024.9,506,1,4024.8,262,2,4024.7,325,1,4024.5,106,3,4024.3,42,1,4025.0,9,1,4025.4,2,1,4025.6,15,1,4025.7,129,4,4025.8,17,3
11483,2026-07-02 13:15:57+05:30,4024.8,1,4038.02,1366750,161069.0,168822.0,4100.0,4110.0,4012.0,4092.6,25149425,4501.8,3683.4,4440.0,3288.1,4024.8,547,3,4024.6,42,1,4024.5,55,1,4024.4,42,1,4024.2,61,2,4025.0,9,1,4025.4,2,1,4025.6,15,1,4025.7,129,4,4025.8,17,3
11483,2026-07-02 13:15:57+05:30,4024.8,10,4038.02,1366750,161069.0,168822.0,4100.0,4110.0,4012.0,4092.6,25149425,4501.8,3683.4,4440.0,3288.1,4024.8,547,3,4024.6,42,1,4024.5,55,1,4024.4,42,1,4024.2,61,2,4025.0,9,1,4025.4,2,1,4025.6,15,1,4025.7,129,4,4025.8,17,3
11483,2026-07-02 13:15:58+05:30,4024.8,1,4038.01,1367181,160993.0,168827.0,4100.0,4110.0,4012.0,4092.6,25149425,4501.8,3683.4,4440.0,3288.1,4024.8,539,3,4024.6,42,1,4024.5,55,1,4024.4,42,1,4024.2,11,1,4025.0,15,1,4025.4,2,1,4025.6,15,1,4025.7,129,4,4025.8,17,3
11483,2026-07-02 13:15:58+05:30,4024.8,51,4038.01,1367181,160993.0,168827.0,4100.0,4110.0,4012.0,4092.6,25149425,4501.8,3683.4,4440.0,3288.1,4024.8,539,3,4024.6,42,1,4024.5,55,1,4024.4,42,1,4024.2,11,1,4025.0,15,1,4025.4,2,1,4025.6,15,1,4025.7,129,4,4025.8,17,3
11483,2026-07-02 13:15:59+05:30,4024.9,1,4038.0,1367919,160885.0,168783.0,4100.0,4110.0,4012.0,4092.6,25149425,4501.8,3683.4,4440.0,3288.1,4024.8,418,2,4024.7,1,1,4024.6,42,1,4024.5,55,1,4024.4,42,1,4024.9,19,1,4025.0,15,1,4025.6,15,1,4025.7,129,4,4025.8,17,3
11483,2026-07-02 13:15:59+05:30,4024.9,2,4038.0,1367919,160885.0,168783.0,4100.0,4110.0,4012.0,4092.6,25149425,4501.8,3683.4,4440.0,3288.1,4024.8,418,2,4024.7,1,1,4024.6,42,1,4024.5,55,1,4024.4,42,1,4024.9,19,1,4025.0,15,1,4025.6,15,1,4025.7,129,4,4025.8,17,3
11483,2026-07-02 13:16:00+05:30,4025.0,1,4038.0,1368032,160797.0,168776.0,4100.0,4110.0,4012.0,4092.6,25149425,4501.8,3683.4,4440.0,3288.1,4024.8,330,2,4024.7,1,1,4024.6,42,1,4024.5,55,1,4024.4,42,1,4025.0,12,1,4025.6,43,2,4025.7,129,4,4025.8,17,3,4025.9,7,1
11483,2026-07-02 13:16:00+05:30,4024.8,9,4038.0,1368032,160797.0,168776.0,4100.0,4110.0,4012.0,4092.6,25149425,4501.8,3683.4,4440.0,3288.1,4024.8,330,2,4024.7,1,1,4024.6,42,1,4024.5,55,1,4024.4,42,1,4025.0,12,1,4025.6,43,2,4025.7,129,4,4025.8,17,3,4025.9,7,1
11483,2026-07-02 13:16:01+05:30,4025.0,147,4038.0,1368420,160923.0,168797.0,4100.0,4110.0,4012.0,4092.6,25149425,4501.8,3683.4,4440.0,3288.1,4024.8,316,1,4024.7,1,1,4024.6,42,1,4024.5,55,1,4024.4,42,1,4025.0,62,2,4025.4,6,1,4025.6,23,2,4025.7,129,4,4025.8,30,4
11483,2026-07-02 13:16:01+05:30,4025.0,1,4038.0,1368420,160923.0,168797.0,4100.0,4110.0,4012.0,4092.6,25149425,4501.8,3683.4,4440.0,3288.1,4024.8,316,1,4024.7,1,1,4024.6,42,1,4024.5,55,1,4024.4,42,1,4025.0,62,2,4025.4,6,1,4025.6,23,2,4025.7,129,4,4025.8,30,4
11483,2026-07-02 13:16:02+05:30,4025.0,457,4037.99,1368986,160973.0,168737.0,4100.0,4110.0,4012.0,4092.6,25149425,4501.8,3683.4,4440.0,3288.1,4024.8,269,1,4024.7,1,1,4024.6,42,1,4024.5,55,1,4024.4,42,1,4025.0,215,2,4025.6,15,1,4025.7,129,4,4025.8,17,3,4025.9,41,2
11483,2026-07-02 13:16:02+05:30,4024.8,68,4037.99,1368986,160973.0,168737.0,4100.0,4110.0,4012.0,4092.6,25149425,4501.8,3683.4,4440.0,3288.1,4024.8,269,1,4024.7,1,1,4024.6,42,1,4024.5,55,1,4024.4,42,1,4025.0,215,2,4025.6,15,1,4025.7,129,4,4025.8,17,3,4025.9,41,2
11483,2026-07-02 13:16:03+05:30,4025.0,1,4037.99,1369544,160993.0,168737.0,4100.0,4110.0,4012.0,4092.6,25149425,4501.8,3683.4,4440.0,3288.1,4024.8,201,1,4024.7,1,1,4024.6,42,1,4024.5,55,1,4024.4,42,1,4025.0,155,2,4025.6,15,1,4025.7,129,4,4025.8,17,3,4025.9,56,3
11483,2026-07-02 13:16:03+05:30,4024.8,67,4037.99,1369544,160993.0,168737.0,4100.0,4110.0,4012.0,4092.6,25149425,4501.8,3683.4,4440.0,3288.1,4024.8,201,1,4024.7,1,1,4024.6,42,1,4024.5,55,1,4024.4,42,1,4025.0,155,2,4025.6,15,1,4025.7,129,4,4025.8,17,3,4025.9,56,3
11483,2026-07-02 13:16:04+05:30,4025.0,1,4037.98,1370100,161021.0,168678.0,4100.0,4110.0,4012.0,4092.6,25149425,4501.8,3683.4,4440.0,3288.1,4024.8,134,1,4024.7,1,1,4024.6,42,1,4024.5,55,1,4024.4,42,1,4025.0,96,2,4025.6,15,1,4025.7,129,4,4025.8,17,3,4025.9,9,1
11483,2026-07-02 13:16:04+05:30,4025.0,1,4037.98,1370100,161021.0,168678.0,4100.0,4110.0,4012.0,4092.6,25149425,4501.8,3683.4,4440.0,3288.1,4024.8,134,1,4024.7,1,1,4024.6,42,1,4024.5,55,1,4024.4,42,1,4025.0,96,2,4025.6,15,1,4025.7,129,4,4025.8,17,3,4025.9,9,1
11483,2026-07-02 13:16:05+05:30,4025.0,25,4037.98,1370656,161109.0,168677.0,4100.0,4110.0,4012.0,4092.6,25149425,4501.8,3683.4,4440.0,3288.1,4024.8,67,1,4024.7,1,1,4024.6,42,1,4024.5,55,1,4024.4,42,1,4025.0,15,1,4025.6,15,1,4025.7,129,4,4025.8,17,3,4025.9,9,1
11483,2026-07-02 13:16:05+05:30,4025.0,1,4037.98,1370656,161109.0,168677.0,4100.0,4110.0,4012.0,4092.6,25149425,4501.8,3683.4,4440.0,3288.1,4024.8,67,1,4024.7,1,1,4024.6,42,1,4024.5,55,1,4024.4,42,1,4025.0,15,1,4025.6,15,1,4025.7,129,4,4025.8,17,3,4025.9,9,1
11483,2026-07-02 13:16:06+05:30,4025.0,7,4037.97,1371219,160855.0,168730.0,4100.0,4110.0,4012.0,4092.6,25149425,4501.8,3683.4,4440.0,3288.1,4024.9,1,1,4024.8,1,1,4024.7,1,1,4024.6,42,1,4024.5,55,1,4025.0,8,1,4025.6,15,1,4025.7,129,4,4025.8,17,3,4025.9,13,1
11483,2026-07-02 13:16:06+05:30,4024.9,1,4037.97,1371219,160855.0,168730.0,4100.0,4110.0,4012.0,4092.6,25149425,4501.8,3683.4,4440.0,3288.1,4024.9,1,1,4024.8,1,1,4024.7,1,1,4024.6,42,1,4024.5,55,1,4025.0,8,1,4025.6,15,1,4025.7,129,4,4025.8,17,3,4025.9,13,1
11483,2026-07-02 13:16:07+05:30,4024.9,66,4037.97,1371287,161312.0,168776.0,4100.0,4110.0,4012.0,4092.6,25149425,4501.8,3683.4,4440.0,3288.1,4024.9,506,3,4024.8,1,1,4024.7,13,2,4024.5,97,2,4024.3,42,1,4025.0,8,1,4025.6,15,1,4025.7,129,4,4025.8,17,3,4025.9,13,1
11483,2026-07-02 13:16:07+05:30,4025.0,1,4037.97,1371287,161312.0,168776.0,4100.0,4110.0,4012.0,4092.6,25149425,4501.8,3683.4,4440.0,3288.1,4024.9,506,3,4024.8,1,1,4024.7,13,2,4024.5,97,2,4024.3,42,1,4025.0,8,1,4025.6,15,1,4025.7,129,4,4025.8,17,3,4025.9,13,1
11483,2026-07-02 13:16:08+05:30,4025.0,1,4037.97,1371287,161312.0,168776.0,4100.0,4110.0,4012.0,4092.6,25149425,4501.8,3683.4,4440.0,3288.1,4024.9,506,3,4024.8,1,1,4024.7,13,2,4024.5,97,2,4024.3,42,1,4025.0,8,1,4025.6,15,1,4025.7,129,4,4025.8,17,3,4025.9,13,1
11483,2026-07-02 13:16:08+05:30,4025.0,105,4037.97,1371778,160662.0,168800.0,4100.0,4110.0,4012.0,4092.6,25149425,4501.8,3683.4,4440.0,3288.1,4024.9,1,1,4024.8,18,1,4024.7,13,2,4024.5,79,2,4024.2,24,1,4025.0,15,1,4025.6,15,1,4025.7,129,4,4025.8,17,3,4025.9,13,1
11483,2026-07-02 13:16:08+05:30,4024.9,1,4037.97,1371778,160662.0,168800.0,4100.0,4110.0,4012.0,4092.6,25149425,4501.8,3683.4,4440.0,3288.1,4024.9,1,1,4024.8,18,1,4024.7,13,2,4024.5,79,2,4024.2,24,1,4025.0,15,1,4025.6,15,1,4025.7,129,4,4025.8,17,3,4025.9,13,1
11483,2026-07-02 13:16:08+05:30,4024.9,1,4037.97,1371778,160662.0,168800.0,4100.0,4110.0,4012.0,4092.6,25149425,4501.8,3683.4,4440.0,3288.1,4024.9,1,1,4024.8,18,1,4024.7,13,2,4024.5,79,2,4024.2,24,1,4025.0,15,1,4025.6,15,1,4025.7,129,4,4025.8,17,3,4025.9,13,1
11483,2026-07-02 13:16:09+05:30,4024.9,1,4037.97,1371778,160662.0,168800.0,4100.0,4110.0,4012.0,4092.6,25149425,4501.8,3683.4,4440.0,3288.1,4024.9,1,1,4024.8,18,1,4024.7,13,2,4024.5,79,2,4024.2,24,1,4025.0,15,1,4025.6,15,1,4025.7,129,4,4025.8,17,3,4025.9,13,1
11483,2026-07-02 13:16:09+05:30,4024.9,1,4037.97,1371782,160631.0,168896.0,4100.0,4110.0,4012.0,4092.6,25149425,4501.8,3683.4,4440.0,3288.1,4024.8,1,1,4024.7,22,3,4024.5,79,2,4024.2,24,1,4024.1,12,5,4024.9,2,1,4025.0,17,2,4025.6,15,1,4025.7,129,4,4025.8,17,3
11483,2026-07-02 13:16:09+05:30,4024.9,1,4037.97,1371782,160631.0,168896.0,4100.0,4110.0,4012.0,4092.6,25149425,4501.8,3683.4,4440.0,3288.1,4024.8,1,1,4024.7,22,3,4024.5,79,2,4024.2,24,1,4024.1,12,5,4024.9,2,1,4025.0,17,2,4025.6,15,1,4025.7,129,4,4025.8,17,3
11483,2026-07-02 13:16:09+05:30,4024.9,1,4037.97,1371782,160631.0,168896.0,4100.0,4110.0,4012.0,4092.6,25149425,4501.8,3683.4,4440.0,3288.1,4024.8,1,1,4024.7,22,3,4024.5,79,2,4024.2,24,1,4024.1,12,5,4024.9,2,1,4025.0,17,2,4025.6,15,1,4025.7,129,4,4025.8,17,3
11483,2026-07-02 13:16:10+05:30,4024.9,1,4037.97,1371782,160631.0,168896.0,4100.0,4110.0,4012.0,4092.6,25149425,4501.8,3683.4,4440.0,3288.1,4024.8,1,1,4024.7,22,3,4024.5,79,2,4024.2,24,1,4024.1,12,5,4024.9,2,1,4025.0,17,2,4025.6,15,1,4025.7,129,4,4025.8,17,3
11483,2026-07-02 13:16:10+05:30,4024.9,1,4037.97,1371784,160595.0,169195.0,4100.0,4110.0,4012.0,4092.6,25149425,4501.8,3683.4,4440.0,3288.1,4024.7,22,3,4024.5,55,1,4024.2,24,1,4024.1,12,5,4024.0,640,7,4024.9,1,1,4025.0,267,3,4025.6,15,1,4025.7,161,5,4025.8,17,3
11483,2026-07-02 13:16:10+05:30,4025.0,1,4037.97,1371784,160595.0,169195.0,4100.0,4110.0,4012.0,4092.6,25149425,4501.8,3683.4,4440.0,3288.1,4024.7,22,3,4024.5,55,1,4024.2,24,1,4024.1,12,5,4024.0,640,7,4024.9,1,1,4025.0,267,3,4025.6,15,1,4025.7,161,5,4025.8,17,3
11483,2026-07-02 13:16:10+05:30,4025.0,1,4037.97,1371784,160595.0,169195.0,4100.0,4110.0,4012.0,4092.6,25149425,4501.8,3683.4,4440.0,3288.1,4024.7,22,3,4024.5,55,1,4024.2,24,1,4024.1,12,5,4024.0,640,7,4024.9,1,1,4025.0,267,3,4025.6,15,1,4025.7,161,5,4025.8,17,3
11483,2026-07-02 13:16:11+05:30,4025.0,1,4037.97,1371784,160595.0,169195.0,4100.0,4110.0,4012.0,4092.6,25149425,4501.8,3683.4,4440.0,3288.1,4024.7,22,3,4024.5,55,1,4024.2,24,1,4024.1,12,5,4024.0,640,7,4024.9,1,1,4025.0,267,3,4025.6,15,1,4025.7,161,5,4025.8,17,3
11483,2026-07-02 13:16:11+05:30,4025.0,1,4037.97,1371927,160652.0,169116.0,4100.0,4110.0,4012.0,4092.6,25149425,4501.8,3683.4,4440.0,3288.1,4024.7,22,3,4024.5,55,1,4024.1,12,5,4024.0,740,8,4023.9,36,4,4024.9,1,1,4025.0,191,2,4025.6,15,1,4025.7,129,4,4025.8,17,3
11483,2026-07-02 13:16:11+05:30,4025.0,1,4037.97,1371927,160652.0,169116.0,4100.0,4110.0,4012.0,4092.6,25149425,4501.8,3683.4,4440.0,3288.1,4024.7,22,3,4024.5,55,1,4024.1,12,5,4024.0,740,8,4023.9,36,4,4024.9,1,1,4025.0,191,2,4025.6,15,1,4025.7,129,4,4025.8,17,3
11483,2026-07-02 13:16:11+05:30,4025.0,1,4037.97,1371927,160652.0,169116.0,4100.0,4110.0,4012.0,4092.6,25149425,4501.8,3683.4,4440.0,3288.1,4024.7,22,3,4024.5,55,1,4024.1,12,5,4024.0,740,8,4023.9,36,4,4024.9,1,1,4025.0,191,2,4025.6,15,1,4025.7,129,4,4025.8,17,3
11483,2026-07-02 13:16:11+05:30,4025.0,1,4037.97,1371927,160652.0,169116.0,4100.0,4110.0,4012.0,4092.6,25149425,4501.8,3683.4,4440.0,3288.1,4024.7,22,3,4024.5,55,1,4024.1,12,5,4024.0,740,8,4023.9,36,4,4024.9,1,1,4025.0,191,2,4025.6,15,1,4025.7,129,4,4025.8,17,3
11483,2026-07-02 13:16:12+05:30,4025.0,1,4037.97,1371927,160652.0,169116.0,4100.0,4110.0,4012.0,4092.6,25149425,4501.8,3683.4,4440.0,3288.1,4024.7,22,3,4024.5,55,1,4024.1,12,5,4024.0,740,8,4023.9,36,4,4024.9,1,1,4025.0,191,2,4025.6,15,1,4025.7,129,4,4025.8,17,3
11483,2026-07-02 13:16:12+05:30,4025.0,1,4037.97,1371927,160652.0,169116.0,4100.0,4110.0,4012.0,4092.6,25153275,4501.8,3683.4,4440.0,3288.1,4024.7,22,3,4024.5,55,1,4024.1,12,5,4024.0,740,8,4023.9,36,4,4024.9,1,1,4025.0,191,2,4025.6,15,1,4025.7,129,4,4025.8,17,3
11483,2026-07-02 13:16:12+05:30,4025.0,1,4037.97,1371947,160441.0,169183.0,4100.0,4110.0,4012.0,4092.6,25153275,4501.8,3683.4,4440.0,3288.1,4024.5,55,1,4024.1,28,4,4024.0,740,8,4023.9,13,3,4023.8,50,1,4025.0,190,2,4025.6,15,1,4025.7,129,4,4025.8,17,3,4025.9,13,1
11483,2026-07-02 13:16:12+05:30,4025.0,1,4037.97,1371947,160441.0,169183.0,4100.0,4110.0,4012.0,4092.6,25153275,4501.8,3683.4,4440.0,3288.1,4024.5,55,1,4024.1,28,4,4024.0,740,8,4023.9,13,3,4023.8,50,1,4025.0,190,2,4025.6,15,1,4025.7,129,4,4025.8,17,3,4025.9,13,1
11483,2026-07-02 13:16:12+05:30,4025.0,1,4037.97,1371947,160441.0,169183.0,4100.0,4110.0,4012.0,4092.6,25153275,4501.8,3683.4,4440.0,3288.1,4024.5,55,1,4024.1,28,4,4024.0,740,8,4023.9,13,3,4023.8,50,1,4025.0,190,2,4025.6,15,1,4025.7,129,4,4025.8,17,3,4025.9,13,1
11483,2026-07-02 13:16:12+05:30,4025.0,1,4037.97,1371947,160441.0,169183.0,4100.0,4110.0,4012.0,4092.6,25153275,4501.8,3683.4,4440.0,3288.1,4024.5,55,1,4024.1,28,4,4024.0,740,8,4023.9,13,3,4023.8,50,1,4025.0,190,2,4025.6,15,1,4025.7,129,4,4025.8,17,3,4025.9,13,1
11483,2026-07-02 13:16:13+05:30,4025.0,1,4037.97,1371947,160441.0,169183.0,4100.0,4110.0,4012.0,4092.6,25153275,4501.8,3683.4,4440.0,3288.1,4024.5,55,1,4024.1,28,4,4024.0,740,8,4023.9,13,3,4023.8,50,1,4025.0,190,2,4025.6,15,1,4025.7,129,4,4025.8,17,3,4025.9,13,1
11483,2026-07-02 13:16:13+05:30,4025.0,1,4037.97,1371950,160435.0,170828.0,4100.0,4110.0,4012.0,4092.6,25153275,4501.8,3683.4,4440.0,3288.1,4024.5,53,1,4024.1,2,2,4024.0,727,7,4023.9,5,2,4023.7,12,1,4024.7,555,1,4024.8,325,1,4024.9,325,1,4025.0,190,3,4025.1,42,1
11483,2026-07-02 13:16:13+05:30,4025.0,1,4037.97,1371950,160435.0,170828.0,4100.0,4110.0,4012.0,4092.6,25153275,4501.8,3683.4,4440.0,3288.1,4024.5,53,1,4024.1,2,2,4024.0,727,7,4023.9,5,2,4023.7,12,1,4024.7,555,1,4024.8,325,1,4024.9,325,1,4025.0,190,3,4025.1,42,1
11483,2026-07-02 13:16:13+05:30,4024.7,1,4037.97,1371950,160435.0,170828.0,4100.0,4110.0,4012.0,4092.6,25153275,4501.8,3683.4,4440.0,3288.1,4024.5,53,1,4024.1,2,2,4024.0,727,7,4023.9,5,2,4023.7,12,1,4024.7,555,1,4024.8,325,1,4024.9,325,1,4025.0,190,3,4025.1,42,1
11483,2026-07-02 13:16:13+05:30,4024.7,1,4037.97,1371950,160435.0,170828.0,4100.0,4110.0,4012.0,4092.6,25153275,4501.8,3683.4,4440.0,3288.1,4024.5,53,1,4024.1,2,2,4024.0,727,7,4023.9,5,2,4023.7,12,1,4024.7,555,1,4024.8,325,1,4024.9,325,1,4025.0,190,3,4025.1,42,1
11483,2026-07-02 13:16:14+05:30,4024.7,1,4037.97,1371950,160435.0,170828.0,4100.0,4110.0,4012.0,4092.6,25153275,4501.8,3683.4,4440.0,3288.1,4024.5,53,1,4024.1,2,2,4024.0,727,7,4023.9,5,2,4023.7,12,1,4024.7,555,1,4024.8,325,1,4024.9,325,1,4025.0,190,3,4025.1,42,1
11483,2026-07-02 13:16:14+05:30,4024.5,2,4037.97,1371967,160411.0,170300.0,4100.0,4110.0,4012.0,4092.6,25153275,4501.8,3683.4,4440.0,3288.1,4024.5,50,1,4024.1,2,2,4024.0,726,6,4023.9,5,2,4023.7,12,1,4024.6,315,1,4024.7,325,1,4024.8,15,1,4024.9,42,1,4025.0,190,3
11483,2026-07-02 13:16:14+05:30,4024.6,1,4037.97,1371967,160411.0,170300.0,4100.0,4110.0,4012.0,4092.6,25153275,4501.8,3683.4,4440.0,3288.1,4024.5,50,1,4024.1,2,2,4024.0,726,6,4023.9,5,2,4023.7,12,1,4024.6,315,1,4024.7,325,1,4024.8,15,1,4024.9,42,1,4025.0,190,3
11483,2026-07-02 13:16:15+05:30,4024.5,4,4037.97,1372022,159914.0,170896.0,4100.0,4110.0,4012.0,4092.6,25153275,4501.8,3683.4,4440.0,3288.1,4024.1,2,2,4024.0,726,6,4023.9,5,2,4023.5,1,1,4023.4,75,2,4024.5,488,1,4024.6,315,2,4024.7,325,1,4024.8,15,1,4024.9,42,1
11483,2026-07-02 13:16:15+05:30,4024.1,2,4037.97,1372022,159914.0,170896.0,4100.0,4110.0,4012.0,4092.6,25153275,4501.8,3683.4,4440.0,3288.1,4024.1,2,2,4024.0,726,6,4023.9,5,2,4023.5,1,1,4023.4,75,2,4024.5,488,1,4024.6,315,2,4024.7,325,1,4024.8,15,1,4024.9,42,1
11483,2026-07-02 13:16:16+05:30,4024.1,1,4037.97,1372033,159734.0,170508.0,4100.0,4110.0,4012.0,4092.6,25153275,4501.8,3683.4,4440.0,3288.1,4024.0,734,7,4023.9,5,2,4023.5,1,1,4023.4,74,2,4023.3,43,2,4024.4,325,1,4024.6,357,3,4024.8,57,2,4025.0,221,3,4025.1,6,1
11483,2026-07-02 13:16:16+05:30,4024.4,13,4037.97,1372033,159734.0,170508.0,4100.0,4110.0,4012.0,4092.6,25153275,4501.8,3683.4,4440.0,3288.1,4024.0,734,7,4023.9,5,2,4023.5,1,1,4023.4,74,2,4023.3,43,2,4024.4,325,1,4024.6,357,3,4024.8,57,2,4025.0,221,3,4025.1,6,1
11483,2026-07-02 13:16:17+05:30,4024.4,62,4037.96,1372110,160131.0,170881.0,4100.0,4110.0,4012.0,4092.6,25153275,4501.8,3683.4,4440.0,3288.1,4024.0,733,7,4023.9,5,2,4023.5,1,1,4023.4,74,2,4023.3,15,1,4024.1,470,1,4024.4,250,2,4024.5,42,1,4024.6,314,1,4024.7,42,1
11483,2026-07-02 13:16:17+05:30,4024.1,1,4037.96,1372110,160131.0,170881.0,4100.0,4110.0,4012.0,4092.6,25153275,4501.8,3683.4,4440.0,3288.1,4024.0,733,7,4023.9,5,2,4023.5,1,1,4023.4,74,2,4023.3,15,1,4024.1,470,1,4024.4,250,2,4024.5,42,1,4024.6,314,1,4024.7,42,1
11483,2026-07-02 13:16:18+05:30,4024.1,1,4037.96,1372120,159210.0,171008.0,4100.0,4110.0,4012.0,4092.6,25153275,4501.8,3683.4,4440.0,3288.1,4024.0,724,7,4023.9,5,2,4023.5,1,1,4023.4,62,1,4023.1,37,3,4024.1,469,1,4024.4,292,3,4024.6,356,2,4024.7,32,1,4024.8,36,2
11483,2026-07-02 13:16:18+05:30,4024.1,1,4037.96,1372120,159210.0,171008.0,4100.0,4110.0,4012.0,4092.6,25153275,4501.8,3683.4,4440.0,3288.1,4024.0,724,7,4023.9,5,2,4023.5,1,1,4023.4,62,1,4023.1,37,3,4024.1,469,1,4024.4,292,3,4024.6,356,2,4024.7,32,1,4024.8,36,2
11483,2026-07-02 13:16:19+05:30,4024.1,1,4037.96,1372123,159267.0,170987.0,4100.0,4110.0,4012.0,4092.6,25153275,4501.8,3683.4,4440.0,3288.1,4024.0,723,8,4023.9,5,2,4023.5,1,1,4023.4,62,1,4023.1,39,4,4024.1,470,2,4024.4,291,2,4024.6,356,2,4024.7,32,1,4024.8,15,1
11483,2026-07-02 13:16:21+05:30,4024.1,3,4037.96,1372123,159267.0,170987.0,4100.0,4110.0,4012.0,4092.6,25153275,4501.8,3683.4,4440.0,3288.1,4024.0,723,8,4023.9,5,2,4023.5,1,1,4023.4,62,1,4023.1,39,4,4024.1,470,2,4024.4,291,2,4024.6,356,2,4024.7,32,1,4024.8,15,1
11483,2026-07-02 13:16:23+05:30,4024.1,1,4037.96,1372123,159267.0,170987.0,4100.0,4110.0,4012.0,4092.6,25153275,4501.8,3683.4,4440.0,3288.1,4024.0,723,8,4023.9,5,2,4023.5,1,1,4023.4,62,1,4023.1,39,4,4024.1,470,2,4024.4,291,2,4024.6,356,2,4024.7,32,1,4024.8,15,1
11483,2026-07-02 13:16:23+05:30,4024.1,10,4037.96,1372172,159910.0,170503.0,4100.0,4110.0,4012.0,4092.6,25153275,4501.8,3683.4,4440.0,3288.1,4024.0,773,11,4023.9,5,2,4023.5,6,2,4023.4,62,1,4023.2,22,1,4024.1,422,3,4024.4,291,2,4024.6,356,2,4024.8,15,1,4025.0,47,2
11483,2026-07-02 13:16:25+05:30,4024.1,80,4037.96,1372172,159910.0,170503.0,4100.0,4110.0,4012.0,4092.6,25153275,4501.8,3683.4,4440.0,3288.1,4024.0,773,11,4023.9,5,2,4023.5,6,2,4023.4,62,1,4023.2,22,1,4024.1,422,3,4024.4,291,2,4024.6,356,2,4024.8,15,1,4025.0,47,2
11483,2026-07-02 13:16:27+05:30,4024.1,17,4037.96,1372172,159910.0,170503.0,4100.0,4110.0,4012.0,4092.6,25153275,4501.8,3683.4,4440.0,3288.1,4024.0,773,11,4023.9,5,2,4023.5,6,2,4023.4,62,1,4023.2,22,1,4024.1,422,3,4024.4,291,2,4024.6,356,2,4024.8,15,1,4025.0,47,2
11483,2026-07-02 13:16:28+05:30,4024.1,17,4037.96,1372572,159838.0,170179.0,4100.0,4110.0,4012.0,4092.6,25153275,4501.8,3683.4,4440.0,3288.1,4024.0,767,11,4023.9,5,2,4023.6,10,1,4023.5,6,2,4023.4,62,1,4024.1,31,5,4024.4,291,2,4024.6,356,2,4024.8,15,1,4025.0,15,1
11483,2026-07-02 13:16:29+05:30,4024.1,5,4037.96,1372572,159838.0,170179.0,4100.0,4110.0,4012.0,4092.6,25153275,4501.8,3683.4,4440.0,3288.1,4024.0,767,11,4023.9,5,2,4023.6,10,1,4023.5,6,2,4023.4,62,1,4024.1,31,5,4024.4,291,2,4024.6,356,2,4024.8,15,1,4025.0,15,1
11483,2026-07-02 13:16:31+05:30,4024.4,4,4037.96,1372572,159838.0,170179.0,4100.0,4110.0,4012.0,4092.6,25153275,4501.8,3683.4,4440.0,3288.1,4024.0,767,11,4023.9,5,2,4023.6,10,1,4023.5,6,2,4023.4,62,1,4024.1,31,5,4024.4,291,2,4024.6,356,2,4024.8,15,1,4025.0,15,1
11483,2026-07-02 13:16:32+05:30,4024.0,4,4037.96,1372679,160315.0,169167.0,4100.0,4110.0,4012.0,4092.6,25153275,4501.8,3683.4,4440.0,3288.1,4024.0,705,12,4023.9,5,2,4023.7,12,1,4023.6,37,3,4023.5,56,3,4024.8,13,1,4025.0,15,1,4025.4,21,2,4025.6,47,2,4025.7,131,5
11483,2026-07-02 13:16:33+05:30,4024.0,13,4037.96,1372679,160315.0,169167.0,4100.0,4110.0,4012.0,4092.6,25153275,4501.8,3683.4,4440.0,3288.1,4024.0,705,12,4023.9,5,2,4023.7,12,1,4023.6,37,3,4023.5,56,3,4024.8,13,1,4025.0,15,1,4025.4,21,2,4025.6,47,2,4025.7,131,5
11483,2026-07-02 13:16:35+05:30,4024.6,1,4037.96,1372679,160315.0,169167.0,4100.0,4110.0,4012.0,4092.6,25153275,4501.8,3683.4,4440.0,3288.1,4024.0,705,12,4023.9,5,2,4023.7,12,1,4023.6,37,3,4023.5,56,3,4024.8,13,1,4025.0,15,1,4025.4,21,2,4025.6,47,2,4025.7,131,5
11483,2026-07-02 13:16:37+05:30,4025.0,5,4037.96,1372728,160933.0,168298.0,4100.0,4110.0,4012.0,4092.6,25153275,4501.8,3683.4,4440.0,3288.1,4024.6,39,1,4024.5,74,4,4024.4,79,5,4024.3,40,1,4024.2,92,3,4024.8,2,1,4025.0,24,2,4025.6,15,1,4025.7,129,4,4025.8,17,3
11483,2026-07-02 13:16:37+05:30,4025.0,5,4037.96,1372728,160933.0,168298.0,4100.0,4110.0,4012.0,4092.6,25153275,4501.8,3683.4,4440.0,3288.1,4024.6,39,1,4024.5,74,4,4024.4,79,5,4024.3,40,1,4024.2,92,3,4024.8,2,1,4025.0,24,2,4025.6,15,1,4025.7,129,4,4025.8,17,3
11483,2026-07-02 13:16:39+05:30,4024.8,2,4037.96,1372728,160933.0,168298.0,4100.0,4110.0,4012.0,4092.6,25153275,4501.8,3683.4,4440.0,3288.1,4024.6,39,1,4024.5,74,4,4024.4,79,5,4024.3,40,1,4024.2,92,3,4024.8,2,1,4025.0,24,2,4025.6,15,1,4025.7,129,4,4025.8,17,3
11483,2026-07-02 13:16:42+05:30,4025.0,3,4037.9,1378222,157124.0,169996.0,4100.0,4110.0,4012.0,4092.6,25153275,4501.8,3683.4,4440.0,3288.1,4024.7,1,1,4023.9,24,1,4023.7,16,2,4023.6,58,2,4023.5,39,1,4025.0,131,6,4025.6,47,2,4025.7,129,4,4025.8,17,3,4025.9,17,2
11483,2026-07-02 13:16:43+05:30,4024.7,1,4037.9,1378222,157124.0,169996.0,4100.0,4110.0,4012.0,4092.6,25153275,4501.8,3683.4,4440.0,3288.1,4024.7,1,1,4023.9,24,1,4023.7,16,2,4023.6,58,2,4023.5,39,1,4025.0,131,6,4025.6,47,2,4025.7,129,4,4025.8,17,3,4025.9,17,2
11483,2026-07-02 13:16:45+05:30,4024.7,5,4037.9,1378222,157124.0,169996.0,4100.0,4110.0,4012.0,4092.6,25153275,4501.8,3683.4,4440.0,3288.1,4024.7,1,1,4023.9,24,1,4023.7,16,2,4023.6,58,2,4023.5,39,1,4025.0,131,6,4025.6,47,2,4025.7,129,4,4025.8,17,3,4025.9,17,2
11483,2026-07-02 13:16:47+05:30,4024.7,7,4037.9,1378244,157658.0,170178.0,4100.0,4110.0,4012.0,4092.6,25153275,4501.8,3683.4,4440.0,3288.1,4024.1,48,4,4024.0,23,2,4023.9,28,3,4023.7,14,1,4023.6,24,1,4024.7,44,1,4024.8,2,1,4024.9,12,1,4025.0,175,8,4025.5,17,2
11483,2026-07-02 13:16:47+05:30,4024.7,3,4037.9,1378244,157658.0,170178.0,4100.0,4110.0,4012.0,4092.6,25153275,4501.8,3683.4,4440.0,3288.1,4024.1,48,4,4024.0,23,2,4023.9,28,3,4023.7,14,1,4023.6,24,1,4024.7,44,1,4024.8,2,1,4024.9,12,1,4025.0,175,8,4025.5,17,2
11483,2026-07-02 13:16:49+05:30,4024.9,9,4037.9,1378244,157658.0,170178.0,4100.0,4110.0,4012.0,4092.6,25153275,4501.8,3683.4,4440.0,3288.1,4024.1,48,4,4024.0,23,2,4023.9,28,3,4023.7,14,1,4023.6,24,1,4024.7,44,1,4024.8,2,1,4024.9,12,1,4025.0,175,8,4025.5,17,2
11483,2026-07-02 13:16:51+05:30,4024.9,1,4037.9,1378244,157658.0,170178.0,4100.0,4110.0,4012.0,4092.6,25153275,4501.8,3683.4,4440.0,3288.1,4024.1,48,4,4024.0,23,2,4023.9,28,3,4023.7,14,1,4023.6,24,1,4024.7,44,1,4024.8,2,1,4024.9,12,1,4025.0,175,8,4025.5,17,2
11483,2026-07-02 13:16:51+05:30,4024.9,1,4037.89,1379017,158879.0,169342.0,4100.0,4110.0,4012.0,4092.6,25153275,4501.8,3683.4,4440.0,3288.1,4024.9,12,3,4024.8,19,2,4024.7,384,2,4024.4,6,2,4024.2,24,1,4025.0,164,7,4025.5,15,1,4025.6,67,2,4025.7,129,4,4025.8,2,2
11483,2026-07-02 13:16:53+05:30,4024.9,1,4037.89,1379017,158879.0,169342.0,4100.0,4110.0,4012.0,4092.6,25153275,4501.8,3683.4,4440.0,3288.1,4024.9,12,3,4024.8,19,2,4024.7,384,2,4024.4,6,2,4024.2,24,1,4025.0,164,7,4025.5,15,1,4025.6,67,2,4025.7,129,4,4025.8,2,2
11483,2026-07-02 13:16:55+05:30,4025.0,1,4037.89,1379017,158879.0,169342.0,4100.0,4110.0,4012.0,4092.6,25153275,4501.8,3683.4,4440.0,3288.1,4024.9,12,3,4024.8,19,2,4024.7,384,2,4024.4,6,2,4024.2,24,1,4025.0,164,7,4025.5,15,1,4025.6,67,2,4025.7,129,4,4025.8,2,2
11483,2026-07-02 13:16:56+05:30,4024.9,1,4037.89,1379195,158905.0,169822.0,4100.0,4110.0,4012.0,4092.6,25153275,4501.8,3683.4,4440.0,3288.1,4024.9,1,1,4024.7,397,2,4024.4,27,1,4024.0,56,4,4023.9,59,3,4025.0,170,8,4025.5,15,1,4025.6,67,2,4025.7,129,4,4025.8,2,2
11483,2026-07-02 13:16:57+05:30,4024.7,9,4037.89,1379195,158905.0,169822.0,4100.0,4110.0,4012.0,4092.6,25153275,4501.8,3683.4,4440.0,3288.1,4024.9,1,1,4024.7,397,2,4024.4,27,1,4024.0,56,4,4023.9,59,3,4025.0,170,8,4025.5,15,1,4025.6,67,2,4025.7,129,4,4025.8,2,2
11483,2026-07-02 13:16:59+05:30,4024.7,14,4037.89,1379195,158905.0,169822.0,4100.0,4110.0,4012.0,4092.6,25153275,4501.8,3683.4,4440.0,3288.1,4024.9,1,1,4024.7,397,2,4024.4,27,1,4024.0,56,4,4023.9,59,3,4025.0,170,8,4025.5,15,1,4025.6,67,2,4025.7,129,4,4025.8,2,2
11483,2026-07-02 13:17:01+05:30,4024.9,6,4037.89,1379244,158829.0,169807.0,4100.0,4110.0,4012.0,4092.6,25153275,4501.8,3683.4,4440.0,3288.1,4024.7,440,2,4024.4,27,1,4024.0,156,5,4023.9,35,2,4023.7,14,2,4024.9,5,2,4025.0,170,8,4025.1,4,1,4025.4,22,2,4025.5,15,1
11483,2026-07-02 13:17:01+05:30,4024.7,1,4037.89,1379244,158829.0,169807.0,4100.0,4110.0,4012.0,4092.6,25153275,4501.8,3683.4,4440.0,3288.1,4024.7,440,2,4024.4,27,1,4024.0,156,5,4023.9,35,2,4023.7,14,2,4024.9,5,2,4025.0,170,8,4025.1,4,1,4025.4,22,2,4025.5,15,1
11483,2026-07-02 13:17:03+05:30,4024.8,1,4037.89,1379244,158829.0,169807.0,4100.0,4110.0,4012.0,4092.6,25153275,4501.8,3683.4,4440.0,3288.1,4024.7,440,2,4024.4,27,1,4024.0,156,5,4023.9,35,2,4023.7,14,2,4024.9,5,2,4025.0,170,8,4025.1,4,1,4025.4,22,2,4025.5,15,1
11483,2026-07-02 13:17:05+05:30,4024.8,1,4037.89,1379244,158829.0,169807.0,4100.0,4110.0,4012.0,4092.6,25153275,4501.8,3683.4,4440.0,3288.1,4024.7,440,2,4024.4,27,1,4024.0,156,5,4023.9,35,2,4023.7,14,2,4024.9,5,2,4025.0,170,8,4025.1,4,1,4025.4,22,2,4025.5,15,1
11483,2026-07-02 13:17:05+05:30,4024.8,1,4037.89,1379261,158665.0,169951.0,4100.0,4110.0,4012.0,4092.6,25153275,4501.8,3683.4,4440.0,3288.1,4024.8,42,1,4024.7,460,3,4024.0,123,4,4023.7,14,2,4023.6,20,1,4024.9,3,2,4025.0,168,7,4025.1,34,3,4025.2,1,1,4025.4,22,2
11483,2026-07-02 13:17:07+05:30,4025.0,1,4037.89,1379261,158665.0,169951.0,4100.0,4110.0,4012.0,4092.6,25153275,4501.8,3683.4,4440.0,3288.1,4024.8,42,1,4024.7,460,3,4024.0,123,4,4023.7,14,2,4023.6,20,1,4024.9,3,2,4025.0,168,7,4025.1,34,3,4025.2,1,1,4025.4,22,2
11483,2026-07-02 13:17:08+05:30,4025.0,1,4037.89,1379261,158665.0,169951.0,4100.0,4110.0,4012.0,4092.6,25153275,4501.8,3683.4,4440.0,3288.1,4024.8,42,1,4024.7,460,3,4024.0,123,4,4023.7,14,2,4023.6,20,1,4024.9,3,2,4025.0,168,7,4025.1,34,3,4025.2,1,1,4025.4,22,2
11483,2026-07-02 13:17:09+05:30,4025.0,1,4037.89,1379261,158665.0,169951.0,4100.0,4110.0,4012.0,4092.6,25153275,4501.8,3683.4,4440.0,3288.1,4024.8,42,1,4024.7,460,3,4024.0,123,4,4023.7,14,2,4023.6,20,1,4024.9,3,2,4025.0,168,7,4025.1,34,3,4025.2,1,1,4025.4,22,2
11483,2026-07-02 13:17:09+05:30,4025.0,1,4037.89,1379261,158665.0,169951.0,4100.0,4110.0,4012.0,4092.6,25153275,4501.8,3683.4,4440.0,3288.1,4024.8,42,1,4024.7,460,3,4024.0,123,4,4023.7,14,2,4023.6,20,1,4024.9,3,2,4025.0,168,7,4025.1,34,3,4025.2,1,1,4025.4,22,2
11483,2026-07-02 13:17:09+05:30,4025.0,1,4037.89,1379261,158665.0,169951.0,4100.0,4110.0,4012.0,4092.6,25153275,4501.8,3683.4,4440.0,3288.1,4024.8,42,1,4024.7,460,3,4024.0,123,4,4023.7,14,2,4023.6,20,1,4024.9,3,2,4025.0,168,7,4025.1,34,3,4025.2,1,1,4025.4,22,2
11483,2026-07-02 13:17:10+05:30,4025.0,1,4037.89,1379261,158665.0,169951.0,4100.0,4110.0,4012.0,4092.6,25153275,4501.8,3683.4,4440.0,3288.1,4024.8,42,1,4024.7,460,3,4024.0,123,4,4023.7,14,2,4023.6,20,1,4024.9,3,2,4025.0,168,7,4025.1,34,3,4025.2,1,1,4025.4,22,2
11483,2026-07-02 13:17:10+05:30,4024.8,1,4037.89,1379364,158789.0,170184.0,4100.0,4110.0,4012.0,4092.6,25153275,4501.8,3683.4,4440.0,3288.1,4024.8,32,2,4024.7,460,3,4024.0,123,4,4023.7,14,2,4023.6,20,1,4025.0,150,9,4025.1,40,2,4025.2,13,2,4025.4,22,2,4025.5,15,1
11483,2026-07-02 13:17:11+05:30,4024.8,1,4037.89,1379364,158789.0,170184.0,4100.0,4110.0,4012.0,4092.6,25153275,4501.8,3683.4,4440.0,3288.1,4024.8,32,2,4024.7,460,3,4024.0,123,4,4023.7,14,2,4023.6,20,1,4025.0,150,9,4025.1,40,2,4025.2,13,2,4025.4,22,2,4025.5,15,1
11483,2026-07-02 13:17:11+05:30,4024.8,1,4037.89,1379364,158789.0,170184.0,4100.0,4110.0,4012.0,4092.6,25153275,4501.8,3683.4,4440.0,3288.1,4024.8,32,2,4024.7,460,3,4024.0,123,4,4023.7,14,2,4023.6,20,1,4025.0,150,9,4025.1,40,2,4025.2,13,2,4025.4,22,2,4025.5,15,1
11483,2026-07-02 13:17:11+05:30,4024.8,1,4037.89,1379364,158789.0,170184.0,4100.0,4110.0,4012.0,4092.6,25153275,4501.8,3683.4,4440.0,3288.1,4024.8,32,2,4024.7,460,3,4024.0,123,4,4023.7,14,2,4023.6,20,1,4025.0,150,9,4025.1,40,2,4025.2,13,2,4025.4,22,2,4025.5,15,1
11483,2026-07-02 13:17:12+05:30,4024.8,1,4037.89,1379364,158789.0,170184.0,4100.0,4110.0,4012.0,4092.6,25153275,4501.8,3683.4,4440.0,3288.1,4024.8,32,2,4024.7,460,3,4024.0,123,4,4023.7,14,2,4023.6,20,1,4025.0,150,9,4025.1,40,2,4025.2,13,2,4025.4,22,2,4025.5,15,1
11483,2026-07-02 13:17:12+05:30,4024.8,1,4037.89,1379364,158789.0,170184.0,4100.0,4110.0,4012.0,4092.6,25159575,4501.8,3683.4,4440.0,3288.1,4024.8,32,2,4024.7,460,3,4024.0,123,4,4023.7,14,2,4023.6,20,1,4025.0,150,9,4025.1,40,2,4025.2,13,2,4025.4,22,2,4025.5,15,1
11483,2026-07-02 13:17:13+05:30,4024.8,1,4037.89,1379364,158789.0,170184.0,4100.0,4110.0,4012.0,4092.6,25159575,4501.8,3683.4,4440.0,3288.1,4024.8,32,2,4024.7,460,3,4024.0,123,4,4023.7,14,2,4023.6,20,1,4025.0,150,9,4025.1,40,2,4025.2,13,2,4025.4,22,2,4025.5,15,1
11483,2026-07-02 13:17:13+05:30,4024.8,1,4037.89,1379364,158789.0,170184.0,4100.0,4110.0,4012.0,4092.6,25159575,4501.8,3683.4,4440.0,3288.1,4024.8,32,2,4024.7,460,3,4024.0,123,4,4023.7,14,2,4023.6,20,1,4025.0,150,9,4025.1,40,2,4025.2,13,2,4025.4,22,2,4025.5,15,1
11483,2026-07-02 13:17:13+05:30,4024.8,1,4037.89,1379364,158789.0,170184.0,4100.0,4110.0,4012.0,4092.6,25159575,4501.8,3683.4,4440.0,3288.1,4024.8,32,2,4024.7,460,3,4024.0,123,4,4023.7,14,2,4023.6,20,1,4025.0,150,9,4025.1,40,2,4025.2,13,2,4025.4,22,2,4025.5,15,1
11483,2026-07-02 13:17:14+05:30,4024.8,1,4037.89,1379364,158789.0,170184.0,4100.0,4110.0,4012.0,4092.6,25159575,4501.8,3683.4,4440.0,3288.1,4024.8,32,2,4024.7,460,3,4024.0,123,4,4023.7,14,2,4023.6,20,1,4025.0,150,9,4025.1,40,2,4025.2,13,2,4025.4,22,2,4025.5,15,1
11483,2026-07-02 13:17:15+05:30,4024.4,4,4037.88,1379885,156974.0,170924.0,4100.0,4110.0,4012.0,4092.6,25159575,4501.8,3683.4,4440.0,3288.1,4024.0,102,2,4023.4,12,1,4023.3,81,2,4023.2,19,1,4023.1,12,1,4024.4,68,5,4024.5,42,2,4024.6,6,1,4024.7,22,3,4024.8,27,6
11483,2026-07-02 13:17:15+05:30,4024.0,61,4037.88,1379885,156974.0,170924.0,4100.0,4110.0,4012.0,4092.6,25159575,4501.8,3683.4,4440.0,3288.1,4024.0,102,2,4023.4,12,1,4023.3,81,2,4023.2,19,1,4023.1,12,1,4024.4,68,5,4024.5,42,2,4024.6,6,1,4024.7,22,3,4024.8,27,6
11483,2026-07-02 13:17:17+05:30,4024.0,1,4037.88,1379885,156974.0,170924.0,4100.0,4110.0,4012.0,4092.6,25159575,4501.8,3683.4,4440.0,3288.1,4024.0,102,2,4023.4,12,1,4023.3,81,2,4023.2,19,1,4023.1,12,1,4024.4,68,5,4024.5,42,2,4024.6,6,1,4024.7,22,3,4024.8,27,6
11483,2026-07-02 13:17:19+05:30,4024.2,1,4037.88,1379885,156974.0,170924.0,4100.0,4110.0,4012.0,4092.6,25159575,4501.8,3683.4,4440.0,3288.1,4024.0,102,2,4023.4,12,1,4023.3,81,2,4023.2,19,1,4023.1,12,1,4024.4,68,5,4024.5,42,2,4024.6,6,1,4024.7,22,3,4024.8,27,6
11483,2026-07-02 13:17:20+05:30,4024.4,1,4037.88,1379960,156955.0,170968.0,4100.0,4110.0,4012.0,4092.6,25159575,4501.8,3683.4,4440.0,3288.1,4024.2,1,1,4024.0,36,1,4023.4,12,1,4023.3,19,1,4023.2,19,1,4024.4,17,3,4024.5,42,2,4024.6,18,2,4024.7,5,1,4024.8,30,7
11483,2026-07-02 13:17:21+05:30,4024.4,2,4037.88,1379960,156955.0,170968.0,4100.0,4110.0,4012.0,4092.6,25159575,4501.8,3683.4,4440.0,3288.1,4024.2,1,1,4024.0,36,1,4023.4,12,1,4023.3,19,1,4023.2,19,1,4024.4,17,3,4024.5,42,2,4024.6,18,2,4024.7,5,1,4024.8,30,7
11483,2026-07-02 13:17:24+05:30,4024.4,1,4037.88,1379976,156936.0,170973.0,4100.0,4110.0,4012.0,4092.6,25159575,4501.8,3683.4,4440.0,3288.1,4024.0,36,1,4023.5,10,1,4023.4,12,1,4023.3,19,1,4023.2,19,1,4024.4,12,4,4024.5,15,2,4024.6,12,1,4024.7,3,1,4024.8,35,7
11483,2026-07-02 13:17:25+05:30,4024.1,1,4037.88,1379976,156936.0,170973.0,4100.0,4110.0,4012.0,4092.6,25159575,4501.8,3683.4,4440.0,3288.1,4024.0,36,1,4023.5,10,1,4023.4,12,1,4023.3,19,1,4023.2,19,1,4024.4,12,4,4024.5,15,2,4024.6,12,1,4024.7,3,1,4024.8,35,7
11483,2026-07-02 13:17:27+05:30,4024.1,1,4037.88,1379976,156936.0,170973.0,4100.0,4110.0,4012.0,4092.6,25159575,4501.8,3683.4,4440.0,3288.1,4024.0,36,1,4023.5,10,1,4023.4,12,1,4023.3,19,1,4023.2,19,1,4024.4,12,4,4024.5,15,2,4024.6,12,1,4024.7,3,1,4024.8,35,7
11483,2026-07-02 13:17:29+05:30,4024.4,1,4037.88,1380022,156967.0,170693.0,4100.0,4110.0,4012.0,4092.6,25159575,4501.8,3683.4,4440.0,3288.1,4024.4,6,1,4024.0,34,1,4023.9,11,1,4023.7,13,1,4023.5,10,1,4024.6,23,4,4024.8,15,6,4024.9,56,4,4025.0,139,9,4025.1,45,2
11483,2026-07-02 13:17:29+05:30,4024.4,6,4037.88,1380022,156967.0,170693.0,4100.0,4110.0,4012.0,4092.6,25159575,4501.8,3683.4,4440.0,3288.1,4024.4,6,1,4024.0,34,1,4023.9,11,1,4023.7,13,1,4023.5,10,1,4024.6,23,4,4024.8,15,6,4024.9,56,4,4025.0,139,9,4025.1,45,2
11483,2026-07-02 13:17:31+05:30,4024.4,1,4037.88,1380022,156967.0,170693.0,4100.0,4110.0,4012.0,4092.6,25159575,4501.8,3683.4,4440.0,3288.1,4024.4,6,1,4024.0,34,1,4023.9,11,1,4023.7,13,1,4023.5,10,1,4024.6,23,4,4024.8,15,6,4024.9,56,4,4025.0,139,9,4025.1,45,2
11483,2026-07-02 13:17:33+05:30,4024.6,1,4037.88,1380022,156967.0,170693.0,4100.0,4110.0,4012.0,4092.6,25159575,4501.8,3683.4,4440.0,3288.1,4024.4,6,1,4024.0,34,1,4023.9,11,1,4023.7,13,1,4023.5,10,1,4024.6,23,4,4024.8,15,6,4024.9,56,4,4025.0,139,9,4025.1,45,2
11483,2026-07-02 13:17:33+05:30,4024.6,1,4037.88,1380051,157148.0,170606.0,4100.0,4110.0,4012.0,4092.6,25159575,4501.8,3683.4,4440.0,3288.1,4024.6,1,1,4024.4,5,1,4024.3,81,6,4024.1,12,1,4024.0,34,1,4024.8,8,2,4024.9,89,2,4025.0,191,8,4025.1,15,1,4025.2,7,3
11483,2026-07-02 13:17:35+05:30,4024.3,10,4037.88,1380051,157148.0,170606.0,4100.0,4110.0,4012.0,4092.6,25159575,4501.8,3683.4,4440.0,3288.1,4024.6,1,1,4024.4,5,1,4024.3,81,6,4024.1,12,1,4024.0,34,1,4024.8,8,2,4024.9,89,2,4025.0,191,8,4025.1,15,1,4025.2,7,3
11483,2026-07-02 13:17:38+05:30,4024.4,1,4037.88,1380129,156948.0,170739.0,4100.0,4110.0,4012.0,4092.6,25159575,4501.8,3683.4,4440.0,3288.1,4024.4,2,1,4024.3,70,6,4024.1,25,2,4024.0,39,2,4023.7,13,1,4024.6,1,1,4024.9,143,7,4025.0,198,9,4025.1,34,2,4025.2,13,3
11483,2026-07-02 13:17:38+05:30,4024.4,10,4037.88,1380129,156948.0,170739.0,4100.0,4110.0,4012.0,4092.6,25159575,4501.8,3683.4,4440.0,3288.1,4024.4,2,1,4024.3,70,6,4024.1,25,2,4024.0,39,2,4023.7,13,1,4024.6,1,1,4024.9,143,7,4025.0,198,9,4025.1,34,2,4025.2,13,3
11483,2026-07-02 13:17:41+05:30,4024.9,4,4037.88,1380129,156948.0,170739.0,4100.0,4110.0,4012.0,4092.6,25159575,4501.8,3683.4,4440.0,3288.1,4024.4,2,1,4024.3,70,6,4024.1,25,2,4024.0,39,2,4023.7,13,1,4024.6,1,1,4024.9,143,7,4025.0,198,9,4025.1,34,2,4025.2,13,3
11483,2026-07-02 13:17:43+05:30,4024.4,1,4037.88,1380150,157039.0,170695.0,4100.0,4110.0,4012.0,4092.6,25159575,4501.8,3683.4,4440.0,3288.1,4024.3,69,6,4024.2,25,1,4024.1,25,2,4024.0,99,3,4023.5,10,1,4024.4,10,4,4024.5,2,1,4024.6,20,2,4024.7,4,1,4024.8,20,2
11483,2026-07-02 13:17:44+05:30,4024.3,1,4037.88,1380150,157039.0,170695.0,4100.0,4110.0,4012.0,4092.6,25159575,4501.8,3683.4,4440.0,3288.1,4024.3,69,6,4024.2,25,1,4024.1,25,2,4024.0,99,3,4023.5,10,1,4024.4,10,4,4024.5,2,1,4024.6,20,2,4024.7,4,1,4024.8,20,2
11483,2026-07-02 13:17:47+05:30,4024.3,1,4037.88,1380150,157039.0,170695.0,4100.0,4110.0,4012.0,4092.6,25159575,4501.8,3683.4,4440.0,3288.1,4024.3,69,6,4024.2,25,1,4024.1,25,2,4024.0,99,3,4023.5,10,1,4024.4,10,4,4024.5,2,1,4024.6,20,2,4024.7,4,1,4024.8,20,2
11483,2026-07-02 13:17:48+05:30,4024.3,1,4037.88,1380275,156958.0,170870.0,4100.0,4110.0,4012.0,4092.6,25159575,4501.8,3683.4,4440.0,3288.1,4024.3,39,6,4024.2,25,1,4024.1,25,2,4024.0,109,4,4023.5,10,1,4024.5,21,2,4024.6,32,2,4024.8,25,3,4024.9,1,1,4025.0,207,11
11483,2026-07-02 13:17:50+05:30,4024.4,1,4037.88,1380275,156958.0,170870.0,4100.0,4110.0,4012.0,4092.6,25159575,4501.8,3683.4,4440.0,3288.1,4024.3,39,6,4024.2,25,1,4024.1,25,2,4024.0,109,4,4023.5,10,1,4024.5,21,2,4024.6,32,2,4024.8,25,3,4024.9,1,1,4025.0,207,11
11483,2026-07-02 13:17:52+05:30,4024.3,1,4037.88,1380294,157187.0,170465.0,4100.0,4110.0,4012.0,4092.6,25159575,4501.8,3683.4,4440.0,3288.1,4024.3,67,6,4024.2,25,1,4024.1,25,2,4024.0,109,4,4023.7,12,1,4024.9,20,4,4025.0,197,9,4025.1,16,2,4025.2,33,3,4025.3,7,2
11483,2026-07-02 13:17:53+05:30,4024.3,1,4037.88,1380294,157187.0,170465.0,4100.0,4110.0,4012.0,4092.6,25159575,4501.8,3683.4,4440.0,3288.1,4024.3,67,6,4024.2,25,1,4024.1,25,2,4024.0,109,4,4023.7,12,1,4024.9,20,4,4025.0,197,9,4025.1,16,2,4025.2,33,3,4025.3,7,2
11483,2026-07-02 13:17:56+05:30,4024.4,1,4037.88,1380294,157187.0,170465.0,4100.0,4110.0,4012.0,4092.6,25159575,4501.8,3683.4,4440.0,3288.1,4024.3,67,6,4024.2,25,1,4024.1,25,2,4024.0,109,4,4023.7,12,1,4024.9,20,4,4025.0,197,9,4025.1,16,2,4025.2,33,3,4025.3,7,2
11483,2026-07-02 13:17:57+05:30,4024.4,1,4037.88,1380318,157284.0,170483.0,4100.0,4110.0,4012.0,4092.6,25159575,4501.8,3683.4,4440.0,3288.1,4024.4,45,2,4024.3,81,6,4024.2,85,2,4024.1,25,2,4024.0,58,4,4024.9,20,5,4025.0,215,10,4025.1,16,2,4025.2,13,1,4025.3,8,2
11483,2026-07-02 13:17:59+05:30,4024.6,1,4037.88,1380318,157284.0,170483.0,4100.0,4110.0,4012.0,4092.6,25159575,4501.8,3683.4,4440.0,3288.1,4024.4,45,2,4024.3,81,6,4024.2,85,2,4024.1,25,2,4024.0,58,4,4024.9,20,5,4025.0,215,10,4025.1,16,2,4025.2,13,1,4025.3,8,2
11483,2026-07-02 13:18:01+05:30,4024.4,1,4037.88,1380423,157279.0,170579.0,4100.0,4110.0,4012.0,4092.6,25159575,4501.8,3683.4,4440.0,3288.1,4024.4,30,1,4024.3,81,6,4024.2,85,2,4024.1,23,2,4024.0,58,4,4024.9,28,6,4025.0,219,12,4025.1,16,2,4025.2,18,1,4025.3,5,1
11483,2026-07-02 13:18:02+05:30,4024.4,1,4037.88,1380423,157279.0,170579.0,4100.0,4110.0,4012.0,4092.6,25159575,4501.8,3683.4,4440.0,3288.1,4024.4,30,1,4024.3,81,6,4024.2,85,2,4024.1,23,2,4024.0,58,4,4024.9,28,6,4025.0,219,12,4025.1,16,2,4025.2,18,1,4025.3,5,1
11483,2026-07-02 13:18:05+05:30,4024.3,1,4037.88,1380423,157279.0,170579.0,4100.0,4110.0,4012.0,4092.6,25159575,4501.8,3683.4,4440.0,3288.1,4024.4,30,1,4024.3,81,6,4024.2,85,2,4024.1,23,2,4024.0,58,4,4024.9,28,6,4025.0,219,12,4025.1,16,2,4025.2,18,1,4025.3,5,1
11483,2026-07-02 13:18:06+05:30,4024.6,1,4037.88,1380641,156611.0,171133.0,4100.0,4110.0,4012.0,4092.6,25159575,4501.8,3683.4,4440.0,3288.1,4024.6,1,1,4024.3,80,6,4024.2,85,2,4024.1,12,1,4024.0,58,4,4024.7,17,1,4024.8,36,4,4024.9,43,4,4025.0,269,13,4025.1,47,4
11483,2026-07-02 13:18:08+05:30,4024.3,1,4037.88,1380641,156611.0,171133.0,4100.0,4110.0,4012.0,4092.6,25159575,4501.8,3683.4,4440.0,3288.1,4024.6,1,1,4024.3,80,6,4024.2,85,2,4024.1,12,1,4024.0,58,4,4024.7,17,1,4024.8,36,4,4024.9,43,4,4025.0,269,13,4025.1,47,4
11483,2026-07-02 13:18:08+05:30,4024.3,1,4037.88,1380641,156611.0,171133.0,4100.0,4110.0,4012.0,4092.6,25159575,4501.8,3683.4,4440.0,3288.1,4024.6,1,1,4024.3,80,6,4024.2,85,2,4024.1,12,1,4024.0,58,4,4024.7,17,1,4024.8,36,4,4024.9,43,4,4025.0,269,13,4025.1,47,4
11483,2026-07-02 13:18:09+05:30,4024.3,1,4037.88,1380641,156611.0,171133.0,4100.0,4110.0,4012.0,4092.6,25159575,4501.8,3683.4,4440.0,3288.1,4024.6,1,1,4024.3,80,6,4024.2,85,2,4024.1,12,1,4024.0,58,4,4024.7,17,1,4024.8,36,4,4024.9,43,4,4025.0,269,13,4025.1,47,4
11483,2026-07-02 13:18:10+05:30,4024.3,1,4037.88,1380641,156611.0,171133.0,4100.0,4110.0,4012.0,4092.6,25159575,4501.8,3683.4,4440.0,3288.1,4024.6,1,1,4024.3,80,6,4024.2,85,2,4024.1,12,1,4024.0,58,4,4024.7,17,1,4024.8,36,4,4024.9,43,4,4025.0,269,13,4025.1,47,4
11483,2026-07-02 13:18:11+05:30,4024.3,1,4037.88,1380641,156611.0,171133.0,4100.0,4110.0,4012.0,4092.6,25159575,4501.8,3683.4,4440.0,3288.1,4024.6,1,1,4024.3,80,6,4024.2,85,2,4024.1,12,1,4024.0,58,4,4024.7,17,1,4024.8,36,4,4024.9,43,4,4025.0,269,13,4025.1,47,4
11483,2026-07-02 13:18:11+05:30,4024.6,2,4037.87,1380739,156515.0,171466.0,4100.0,4110.0,4012.0,4092.6,25159575,4501.8,3683.4,4440.0,3288.1,4024.3,81,6,4024.2,85,2,4024.1,12,1,4024.0,64,6,4023.5,10,1,4024.5,9,1,4024.6,44,9,4024.7,10,3,4024.8,28,3,4024.9,46,5
11483,2026-07-02 13:18:11+05:30,4024.3,14,4037.87,1380739,156515.0,171466.0,4100.0,4110.0,4012.0,4092.6,25159575,4501.8,3683.4,4440.0,3288.1,4024.3,81,6,4024.2,85,2,4024.1,12,1,4024.0,64,6,4023.5,10,1,4024.5,9,1,4024.6,44,9,4024.7,10,3,4024.8,28,3,4024.9,46,5
11483,2026-07-02 13:18:11+05:30,4024.3,14,4037.87,1380739,156515.0,171466.0,4100.0,4110.0,4012.0,4092.6,25159575,4501.8,3683.4,4440.0,3288.1,4024.3,81,6,4024.2,85,2,4024.1,12,1,4024.0,64,6,4023.5,10,1,4024.5,9,1,4024.6,44,9,4024.7,10,3,4024.8,28,3,4024.9,46,5
11483,2026-07-02 13:18:12+05:30,4024.3,14,4037.87,1380739,156515.0,171466.0,4100.0,4110.0,4012.0,4092.6,25159575,4501.8,3683.4,4440.0,3288.1,4024.3,81,6,4024.2,85,2,4024.1,12,1,4024.0,64,6,4023.5,10,1,4024.5,9,1,4024.6,44,9,4024.7,10,3,4024.8,28,3,4024.9,46,5
11483,2026-07-02 13:18:12+05:30,4024.3,14,4037.87,1380739,156515.0,171466.0,4100.0,4110.0,4012.0,4092.6,25162900,4501.8,3683.4,4440.0,3288.1,4024.3,81,6,4024.2,85,2,4024.1,12,1,4024.0,64,6,4023.5,10,1,4024.5,9,1,4024.6,44,9,4024.7,10,3,4024.8,28,3,4024.9,46,5
11483,2026-07-02 13:18:13+05:30,4024.3,14,4037.87,1380739,156515.0,171466.0,4100.0,4110.0,4012.0,4092.6,25162900,4501.8,3683.4,4440.0,3288.1,4024.3,81,6,4024.2,85,2,4024.1,12,1,4024.0,64,6,4023.5,10,1,4024.5,9,1,4024.6,44,9,4024.7,10,3,4024.8,28,3,4024.9,46,5
11483,2026-07-02 13:18:14+05:30,4024.3,14,4037.87,1380739,156515.0,171466.0,4100.0,4110.0,4012.0,4092.6,25162900,4501.8,3683.4,4440.0,3288.1,4024.3,81,6,4024.2,85,2,4024.1,12,1,4024.0,64,6,4023.5,10,1,4024.5,9,1,4024.6,44,9,4024.7,10,3,4024.8,28,3,4024.9,46,5
11483,2026-07-02 13:18:14+05:30,4024.5,4,4037.87,1380739,156515.0,171466.0,4100.0,4110.0,4012.0,4092.6,25162900,4501.8,3683.4,4440.0,3288.1,4024.3,81,6,4024.2,85,2,4024.1,12,1,4024.0,64,6,4023.5,10,1,4024.5,9,1,4024.6,44,9,4024.7,10,3,4024.8,28,3,4024.9,46,5
11483,2026-07-02 13:18:14+05:30,4024.5,4,4037.87,1380739,156515.0,171466.0,4100.0,4110.0,4012.0,4092.6,25162900,4501.8,3683.4,4440.0,3288.1,4024.3,81,6,4024.2,85,2,4024.1,12,1,4024.0,64,6,4023.5,10,1,4024.5,9,1,4024.6,44,9,4024.7,10,3,4024.8,28,3,4024.9,46,5
11483,2026-07-02 13:18:16+05:30,4024.8,2,4037.86,1382141,157037.0,171156.0,4100.0,4110.0,4012.0,4092.6,25162900,4501.8,3683.4,4440.0,3288.1,4024.8,61,1,4024.7,1,1,4024.6,42,1,4024.5,137,2,4024.4,42,1,4024.9,8,1,4025.0,262,11,4025.3,5,1,4025.4,34,2,4025.5,10,1
11483,2026-07-02 13:18:17+05:30,4024.8,2,4037.86,1382141,157037.0,171156.0,4100.0,4110.0,4012.0,4092.6,25162900,4501.8,3683.4,4440.0,3288.1,4024.8,61,1,4024.7,1,1,4024.6,42,1,4024.5,137,2,4024.4,42,1,4024.9,8,1,4025.0,262,11,4025.3,5,1,4025.4,34,2,4025.5,10,1
11483,2026-07-02 13:18:20+05:30,4024.8,3,4037.86,1382141,157037.0,171156.0,4100.0,4110.0,4012.0,4092.6,25162900,4501.8,3683.4,4440.0,3288.1,4024.8,61,1,4024.7,1,1,4024.6,42,1,4024.5,137,2,4024.4,42,1,4024.9,8,1,4025.0,262,11,4025.3,5,1,4025.4,34,2,4025.5,10,1
11483,2026-07-02 13:18:21+05:30,4025.0,1,4037.86,1382436,156703.0,170981.0,4100.0,4110.0,4012.0,4092.6,25162900,4501.8,3683.4,4440.0,3288.1,4024.8,39,1,4024.6,42,1,4024.5,137,2,4024.4,42,1,4024.3,65,5,4025.0,320,13,4025.1,3,2,4025.3,9,2,4025.4,49,3,4025.5,16,2
11483,2026-07-02 13:18:23+05:30,4024.9,1,4037.86,1382436,156703.0,170981.0,4100.0,4110.0,4012.0,4092.6,25162900,4501.8,3683.4,4440.0,3288.1,4024.8,39,1,4024.6,42,1,4024.5,137,2,4024.4,42,1,4024.3,65,5,4025.0,320,13,4025.1,3,2,4025.3,9,2,4025.4,49,3,4025.5,16,2
11483,2026-07-02 13:18:25+05:30,4024.6,1,4037.86,1382554,156111.0,171614.0,4100.0,4110.0,4012.0,4092.6,25162900,4501.8,3683.4,4440.0,3288.1,4024.5,100,1,4024.3,65,5,4023.5,10,1,4023.4,12,1,4023.3,81,2,4024.6,70,1,4024.7,42,1,4024.8,58,3,4024.9,4,1,4025.0,342,12
11483,2026-07-02 13:18:26+05:30,4024.6,7,4037.86,1382554,156111.0,171614.0,4100.0,4110.0,4012.0,4092.6,25162900,4501.8,3683.4,4440.0,3288.1,4024.5,100,1,4024.3,65,5,4023.5,10,1,4023.4,12,1,4023.3,81,2,4024.6,70,1,4024.7,42,1,4024.8,58,3,4024.9,4,1,4025.0,342,12
11483,2026-07-02 13:18:29+05:30,4024.3,37,4037.86,1382554,156111.0,171614.0,4100.0,4110.0,4012.0,4092.6,25162900,4501.8,3683.4,4440.0,3288.1,4024.3,43,5,4023.5,11,2,4023.4,12,1,4023.1,22,3,4023.0,3,2,4024.5,49,4,4024.6,38,1,4024.7,42,1,4024.8,16,2,4024.9,45,2
11483,2026-07-02 13:18:29+05:30,4024.3,37,4037.85,1382813,155619.0,171587.0,4100.0,4110.0,4012.0,4092.6,25162900,4501.8,3683.4,4440.0,3288.1,4024.3,43,5,4023.5,11,2,4023.4,12,1,4023.1,22,3,4023.0,3,2,4024.5,49,4,4024.6,38,1,4024.7,42,1,4024.8,16,2,4024.9,45,2
11483,2026-07-02 13:18:32+05:30,4025.0,11,4037.85,1382813,155619.0,171587.0,4100.0,4110.0,4012.0,4092.6,25162900,4501.8,3683.4,4440.0,3288.1,4024.3,43,5,4023.5,11,2,4023.4,12,1,4023.1,22,3,4023.0,3,2,4024.5,49,4,4024.6,38,1,4024.7,42,1,4024.8,16,2,4024.9,45,2
11483,2026-07-02 13:18:33+05:30,4024.5,1,4037.85,1383565,156148.0,171352.0,4100.0,4110.0,4012.0,4092.6,25162900,4501.8,3683.4,4440.0,3288.1,4024.3,77,5,4023.5,10,1,4023.2,39,1,4023.1,14,2,4023.0,6,3,4024.5,15,1,4024.7,117,2,4024.8,67,1,4024.9,61,2,4025.0,470,13
11483,2026-07-02 13:18:35+05:30,4024.3,18,4037.85,1383565,156148.0,171352.0,4100.0,4110.0,4012.0,4092.6,25162900,4501.8,3683.4,4440.0,3288.1,4024.3,77,5,4023.5,10,1,4023.2,39,1,4023.1,14,2,4023.0,6,3,4024.5,15,1,4024.7,117,2,4024.8,67,1,4024.9,61,2,4025.0,470,13
11483,2026-07-02 13:18:38+05:30,4024.3,3,4037.85,1383766,156754.0,171654.0,4100.0,4110.0,4012.0,4092.6,25162900,4501.8,3683.4,4440.0,3288.1,4024.3,53,6,4024.0,1,1,4023.5,10,1,4023.4,36,3,4023.2,33,2,4024.4,42,1,4024.5,42,1,4024.7,117,2,4024.8,67,1,4024.9,61,2
11483,2026-07-02 13:18:38+05:30,4024.4,2,4037.85,1383766,156754.0,171654.0,4100.0,4110.0,4012.0,4092.6,25162900,4501.8,3683.4,4440.0,3288.1,4024.3,53,6,4024.0,1,1,4023.5,10,1,4023.4,36,3,4023.2,33,2,4024.4,42,1,4024.5,42,1,4024.7,117,2,4024.8,67,1,4024.9,61,2
11483,2026-07-02 13:18:40+05:30,4024.4,1,4037.85,1383766,156754.0,171654.0,4100.0,4110.0,4012.0,4092.6,25162900,4501.8,3683.4,4440.0,3288.1,4024.3,53,6,4024.0,1,1,4023.5,10,1,4023.4,36,3,4023.2,33,2,4024.4,42,1,4024.5,42,1,4024.7,117,2,4024.8,67,1,4024.9,61,2
11483,2026-07-02 13:18:42+05:30,4024.3,1,4037.85,1383766,156754.0,171654.0,4100.0,4110.0,4012.0,4092.6,25162900,4501.8,3683.4,4440.0,3288.1,4024.3,53,6,4024.0,1,1,4023.5,10,1,4023.4,36,3,4023.2,33,2,4024.4,42,1,4024.5,42,1,4024.7,117,2,4024.8,67,1,4024.9,61,2
11483,2026-07-02 13:18:42+05:30,4024.3,1,4037.84,1384205,156081.0,171728.0,4100.0,4110.0,4012.0,4092.6,25162900,4501.8,3683.4,4440.0,3288.1,4024.3,19,2,4024.0,1,1,4023.5,10,1,4023.4,5,1,4023.2,5,1,4024.5,42,1,4024.6,12,1,4024.7,164,4,4024.8,69,2,4024.9,61,2
11483,2026-07-02 13:18:44+05:30,4023.5,8,4037.84,1384205,156081.0,171728.0,4100.0,4110.0,4012.0,4092.6,25162900,4501.8,3683.4,4440.0,3288.1,4024.3,19,2,4024.0,1,1,4023.5,10,1,4023.4,5,1,4023.2,5,1,4024.5,42,1,4024.6,12,1,4024.7,164,4,4024.8,69,2,4024.9,61,2
11483,2026-07-02 13:18:46+05:30,4024.3,1,4037.84,1384205,156081.0,171728.0,4100.0,4110.0,4012.0,4092.6,25162900,4501.8,3683.4,4440.0,3288.1,4024.3,19,2,4024.0,1,1,4023.5,10,1,4023.4,5,1,4023.2,5,1,4024.5,42,1,4024.6,12,1,4024.7,164,4,4024.8,69,2,4024.9,61,2
11483,2026-07-02 13:18:46+05:30,4024.3,1,4037.84,1384265,155917.0,171685.0,4100.0,4110.0,4012.0,4092.6,25162900,4501.8,3683.4,4440.0,3288.1,4024.0,2,2,4023.5,2,1,4023.2,3,1,4023.1,51,2,4023.0,3,2,4024.3,19,8,4024.4,4,1,4024.7,114,3,4024.8,97,4,4024.9,33,4
11483,2026-07-02 13:18:48+05:30,4023.1,1,4037.84,1384265,155917.0,171685.0,4100.0,4110.0,4012.0,4092.6,25162900,4501.8,3683.4,4440.0,3288.1,4024.0,2,2,4023.5,2,1,4023.2,3,1,4023.1,51,2,4023.0,3,2,4024.3,19,8,4024.4,4,1,4024.7,114,3,4024.8,97,4,4024.9,33,4
11483,2026-07-02 13:18:50+05:30,4024.8,4,4037.84,1384265,155917.0,171685.0,4100.0,4110.0,4012.0,4092.6,25162900,4501.8,3683.4,4440.0,3288.1,4024.0,2,2,4023.5,2,1,4023.2,3,1,4023.1,51,2,4023.0,3,2,4024.3,19,8,4024.4,4,1,4024.7,114,3,4024.8,97,4,4024.9,33,4
11483,2026-07-02 13:18:51+05:30,4024.8,4,4037.83,1385167,156128.0,172346.0,4100.0,4110.0,4012.0,4092.6,25162900,4501.8,3683.4,4440.0,3288.1,4023.0,1,1,4022.8,13,1,4022.6,27,1,4022.5,15,3,4022.4,5,1,4024.0,1,1,4024.2,53,2,4024.3,28,3,4024.4,18,2,4024.5,30,2
11483,2026-07-02 13:18:52+05:30,4023.0,50,4037.83,1385167,156128.0,172346.0,4100.0,4110.0,4012.0,4092.6,25162900,4501.8,3683.4,4440.0,3288.1,4023.0,1,1,4022.8,13,1,4022.6,27,1,4022.5,15,3,4022.4,5,1,4024.0,1,1,4024.2,53,2,4024.3,28,3,4024.4,18,2,4024.5,30,2
11483,2026-07-02 13:18:54+05:30,4022.0,24,4037.83,1385167,156128.0,172346.0,4100.0,4110.0,4012.0,4092.6,25162900,4501.8,3683.4,4440.0,3288.1,4023.0,1,1,4022.8,13,1,4022.6,27,1,4022.5,15,3,4022.4,5,1,4024.0,1,1,4024.2,53,2,4024.3,28,3,4024.4,18,2,4024.5,30,2
11483,2026-07-02 13:18:55+05:30,4023.1,1,4037.83,1385654,156396.0,172412.0,4100.0,4110.0,4012.0,4092.6,25162900,4501.8,3683.4,4440.0,3288.1,4023.1,6,1,4022.5,12,1,4022.2,14,2,4022.1,24,2,4022.0,21,4,4024.0,74,6,4024.3,67,6,4024.4,46,2,4024.5,50,4,4024.6,43,2
11483,2026-07-02 13:18:56+05:30,4022.1,1,4037.83,1385654,156396.0,172412.0,4100.0,4110.0,4012.0,4092.6,25162900,4501.8,3683.4,4440.0,3288.1,4023.1,6,1,4022.5,12,1,4022.2,14,2,4022.1,24,2,4022.0,21,4,4024.0,74,6,4024.3,67,6,4024.4,46,2,4024.5,50,4,4024.6,43,2
11483,2026-07-02 13:18:58+05:30,4023.1,1,4037.83,1385654,156396.0,172412.0,4100.0,4110.0,4012.0,4092.6,25162900,4501.8,3683.4,4440.0,3288.1,4023.1,6,1,4022.5,12,1,4022.2,14,2,4022.1,24,2,4022.0,21,4,4024.0,74,6,4024.3,67,6,4024.4,46,2,4024.5,50,4,4024.6,43,2
11483,2026-07-02 13:18:59+05:30,4022.5,1,4037.83,1385693,156241.0,173290.0,4100.0,4110.0,4012.0,4092.6,25162900,4501.8,3683.4,4440.0,3288.1,4022.5,1,1,4022.0,20,4,4021.9,13,1,4021.6,67,4,4021.5,2,1,4023.1,13,8,4023.3,15,1,4023.4,9,1,4023.6,17,1,4023.7,32,2
11483,2026-07-02 13:19:00+05:30,4022.0,1,4037.83,1385693,156241.0,173290.0,4100.0,4110.0,4012.0,4092.6,25162900,4501.8,3683.4,4440.0,3288.1,4022.5,1,1,4022.0,20,4,4021.9,13,1,4021.6,67,4,4021.5,2,1,4023.1,13,8,4023.3,15,1,4023.4,9,1,4023.6,17,1,4023.7,32,2
11483,2026-07-02 13:19:02+05:30,4022.2,1,4037.83,1385693,156241.0,173290.0,4100.0,4110.0,4012.0,4092.6,25162900,4501.8,3683.4,4440.0,3288.1,4022.5,1,1,4022.0,20,4,4021.9,13,1,4021.6,67,4,4021.5,2,1,4023.1,13,8,4023.3,15,1,4023.4,9,1,4023.6,17,1,4023.7,32,2
11483,2026-07-02 13:19:04+05:30,4022.0,1,4037.83,1385723,155471.0,173455.0,4100.0,4110.0,4012.0,4092.6,25162900,4501.8,3683.4,4440.0,3288.1,4022.0,3,3,4021.9,13,1,4021.6,32,2,4021.5,2,1,4021.4,4,1,4023.1,21,7,4023.2,7,2,4023.3,15,1,4023.4,4,1,4023.5,16,1
11483,2026-07-02 13:19:04+05:30,4022.0,1,4037.83,1385723,155471.0,173455.0,4100.0,4110.0,4012.0,4092.6,25162900,4501.8,3683.4,4440.0,3288.1,4022.0,3,3,4021.9,13,1,4021.6,32,2,4021.5,2,1,4021.4,4,1,4023.1,21,7,4023.2,7,2,4023.3,15,1,4023.4,4,1,4023.5,16,1
11483,2026-07-02 13:19:06+05:30,4023.1,4,4037.83,1385723,155471.0,173455.0,4100.0,4110.0,4012.0,4092.6,25162900,4501.8,3683.4,4440.0,3288.1,4022.0,3,3,4021.9,13,1,4021.6,32,2,4021.5,2,1,4021.4,4,1,4023.1,21,7,4023.2,7,2,4023.3,15,1,4023.4,4,1,4023.5,16,1
11483,2026-07-02 13:19:08+05:30,4021.9,1,4037.83,1385755,155304.0,173490.0,4100.0,4110.0,4012.0,4092.6,25162900,4501.8,3683.4,4440.0,3288.1,4021.9,10,1,4021.6,62,4,4021.5,7,2,4021.4,7,2,4021.3,30,2,4023.1,4,2,4023.3,40,3,4023.5,24,2,4023.6,15,1,4023.7,52,2
11483,2026-07-02 13:19:08+05:30,4021.9,4,4037.83,1385755,155304.0,173490.0,4100.0,4110.0,4012.0,4092.6,25162900,4501.8,3683.4,4440.0,3288.1,4021.9,10,1,4021.6,62,4,4021.5,7,2,4021.4,7,2,4021.3,30,2,4023.1,4,2,4023.3,40,3,4023.5,24,2,4023.6,15,1,4023.7,52,2
11483,2026-07-02 13:19:09+05:30,4021.9,4,4037.83,1385755,155304.0,173490.0,4100.0,4110.0,4012.0,4092.6,25162900,4501.8,3683.4,4440.0,3288.1,4021.9,10,1,4021.6,62,4,4021.5,7,2,4021.4,7,2,4021.3,30,2,4023.1,4,2,4023.3,40,3,4023.5,24,2,4023.6,15,1,4023.7,52,2
11483,2026-07-02 13:19:10+05:30,4021.9,4,4037.83,1385755,155304.0,173490.0,4100.0,4110.0,4012.0,4092.6,25162900,4501.8,3683.4,4440.0,3288.1,4021.9,10,1,4021.6,62,4,4021.5,7,2,4021.4,7,2,4021.3,30,2,4023.1,4,2,4023.3,40,3,4023.5,24,2,4023.6,15,1,4023.7,52,2
11483,2026-07-02 13:19:10+05:30,4023.3,3,4037.83,1385755,155304.0,173490.0,4100.0,4110.0,4012.0,4092.6,25162900,4501.8,3683.4,4440.0,3288.1,4021.9,10,1,4021.6,62,4,4021.5,7,2,4021.4,7,2,4021.3,30,2,4023.1,4,2,4023.3,40,3,4023.5,24,2,4023.6,15,1,4023.7,52,2
11483,2026-07-02 13:19:11+05:30,4023.3,3,4037.83,1385755,155304.0,173490.0,4100.0,4110.0,4012.0,4092.6,25162900,4501.8,3683.4,4440.0,3288.1,4021.9,10,1,4021.6,62,4,4021.5,7,2,4021.4,7,2,4021.3,30,2,4023.1,4,2,4023.3,40,3,4023.5,24,2,4023.6,15,1,4023.7,52,2
11483,2026-07-02 13:19:12+05:30,4023.3,3,4037.83,1385755,155304.0,173490.0,4100.0,4110.0,4012.0,4092.6,25162900,4501.8,3683.4,4440.0,3288.1,4021.9,10,1,4021.6,62,4,4021.5,7,2,4021.4,7,2,4021.3,30,2,4023.1,4,2,4023.3,40,3,4023.5,24,2,4023.6,15,1,4023.7,52,2
11483,2026-07-02 13:19:12+05:30,4023.3,10,4037.83,1385755,155304.0,173490.0,4100.0,4110.0,4012.0,4092.6,25162900,4501.8,3683.4,4440.0,3288.1,4021.9,10,1,4021.6,62,4,4021.5,7,2,4021.4,7,2,4021.3,30,2,4023.1,4,2,4023.3,40,3,4023.5,24,2,4023.6,15,1,4023.7,52,2
11483,2026-07-02 13:19:12+05:30,4023.3,10,4037.83,1385755,155304.0,173490.0,4100.0,4110.0,4012.0,4092.6,25162900,4501.8,3683.4,4440.0,3288.1,4021.9,10,1,4021.6,62,4,4021.5,7,2,4021.4,7,2,4021.3,30,2,4023.1,4,2,4023.3,40,3,4023.5,24,2,4023.6,15,1,4023.7,52,2
11483,2026-07-02 13:19:13+05:30,4023.3,10,4037.83,1385755,155304.0,173490.0,4100.0,4110.0,4012.0,4092.6,25162900,4501.8,3683.4,4440.0,3288.1,4021.9,10,1,4021.6,62,4,4021.5,7,2,4021.4,7,2,4021.3,30,2,4023.1,4,2,4023.3,40,3,4023.5,24,2,4023.6,15,1,4023.7,52,2
11483,2026-07-02 13:19:13+05:30,4023.3,10,4037.83,1385755,155304.0,173490.0,4100.0,4110.0,4012.0,4092.6,25166575,4501.8,3683.4,4440.0,3288.1,4021.9,10,1,4021.6,62,4,4021.5,7,2,4021.4,7,2,4021.3,30,2,4023.1,4,2,4023.3,40,3,4023.5,24,2,4023.6,15,1,4023.7,52,2
11483,2026-07-02 13:19:13+05:30,4023.3,10,4037.82,1385795,156088.0,173476.0,4100.0,4110.0,4012.0,4092.6,25166575,4501.8,3683.4,4440.0,3288.1,4022.5,1,1,4022.3,1,1,4022.0,10,1,4021.9,6,1,4021.7,5,1,4023.3,6,1,4023.5,15,1,4023.6,13,1,4023.7,47,2,4023.8,2,1
11483,2026-07-02 13:19:13+05:30,4023.3,10,4037.82,1385795,156088.0,173476.0,4100.0,4110.0,4012.0,4092.6,25166575,4501.8,3683.4,4440.0,3288.1,4022.5,1,1,4022.3,1,1,4022.0,10,1,4021.9,6,1,4021.7,5,1,4023.3,6,1,4023.5,15,1,4023.6,13,1,4023.7,47,2,4023.8,2,1
11483,2026-07-02 13:19:14+05:30,4023.3,10,4037.82,1385795,156088.0,173476.0,4100.0,4110.0,4012.0,4092.6,25166575,4501.8,3683.4,4440.0,3288.1,4022.5,1,1,4022.3,1,1,4022.0,10,1,4021.9,6,1,4021.7,5,1,4023.3,6,1,4023.5,15,1,4023.6,13,1,4023.7,47,2,4023.8,2,1
11483,2026-07-02 13:19:14+05:30,4023.3,2,4037.82,1385795,156088.0,173476.0,4100.0,4110.0,4012.0,4092.6,25166575,4501.8,3683.4,4440.0,3288.1,4022.5,1,1,4022.3,1,1,4022.0,10,1,4021.9,6,1,4021.7,5,1,4023.3,6,1,4023.5,15,1,4023.6,13,1,4023.7,47,2,4023.8,2,1
11483,2026-07-02 13:19:14+05:30,4023.3,2,4037.82,1385795,156088.0,173476.0,4100.0,4110.0,4012.0,4092.6,25166575,4501.8,3683.4,4440.0,3288.1,4022.5,1,1,4022.3,1,1,4022.0,10,1,4021.9,6,1,4021.7,5,1,4023.3,6,1,4023.5,15,1,4023.6,13,1,4023.7,47,2,4023.8,2,1
11483,2026-07-02 13:19:15+05:30,4023.3,2,4037.82,1385795,156088.0,173476.0,4100.0,4110.0,4012.0,4092.6,25166575,4501.8,3683.4,4440.0,3288.1,4022.5,1,1,4022.3,1,1,4022.0,10,1,4021.9,6,1,4021.7,5,1,4023.3,6,1,4023.5,15,1,4023.6,13,1,4023.7,47,2,4023.8,2,1
11483,2026-07-02 13:19:16+05:30,4023.5,1,4037.82,1385795,156088.0,173476.0,4100.0,4110.0,4012.0,4092.6,25166575,4501.8,3683.4,4440.0,3288.1,4022.5,1,1,4022.3,1,1,4022.0,10,1,4021.9,6,1,4021.7,5,1,4023.3,6,1,4023.5,15,1,4023.6,13,1,4023.7,47,2,4023.8,2,1
11483,2026-07-02 13:19:17+05:30,4022.5,1,4037.82,1385807,156468.0,172928.0,4100.0,4110.0,4012.0,4092.6,25166575,4501.8,3683.4,4440.0,3288.1,4022.5,104,1,4022.3,1,1,4022.2,13,1,4022.0,79,3,4021.9,12,1,4023.3,2,1,4023.6,32,3,4023.7,47,2,4023.8,15,2,4023.9,49,4
11483,2026-07-02 13:19:18+05:30,4023.3,8,4037.82,1385807,156468.0,172928.0,4100.0,4110.0,4012.0,4092.6,25166575,4501.8,3683.4,4440.0,3288.1,4022.5,104,1,4022.3,1,1,4022.2,13,1,4022.0,79,3,4021.9,12,1,4023.3,2,1,4023.6,32,3,4023.7,47,2,4023.8,15,2,4023.9,49,4
11483,2026-07-02 13:19:20+05:30,4023.6,2,4037.82,1385823,156315.0,172810.0,4100.0,4110.0,4012.0,4092.6,25166575,4501.8,3683.4,4440.0,3288.1,4023.0,1,1,4022.6,3,1,4022.5,114,2,4022.3,1,1,4022.2,13,1,4023.6,31,4,4023.7,38,2,4023.8,13,1,4023.9,38,5,4024.0,70,4
11483,2026-07-02 13:19:20+05:30,4023.0,1,4037.82,1385823,156315.0,172810.0,4100.0,4110.0,4012.0,4092.6,25166575,4501.8,3683.4,4440.0,3288.1,4023.0,1,1,4022.6,3,1,4022.5,114,2,4022.3,1,1,4022.2,13,1,4023.6,31,4,4023.7,38,2,4023.8,13,1,4023.9,38,5,4024.0,70,4
11483,2026-07-02 13:19:21+05:30,4023.0,1,4037.82,1385824,156283.0,173386.0,4100.0,4110.0,4012.0,4092.6,25166575,4501.8,3683.4,4440.0,3288.1,4022.5,102,1,4022.3,1,1,4022.0,60,2,4021.9,12,1,4021.7,3,1,4023.0,3,3,4023.6,31,4,4023.7,38,2,4023.8,31,2,4023.9,37,4
11483,2026-07-02 13:19:22+05:30,4023.0,1,4037.82,1385824,156283.0,173386.0,4100.0,4110.0,4012.0,4092.6,25166575,4501.8,3683.4,4440.0,3288.1,4022.5,102,1,4022.3,1,1,4022.0,60,2,4021.9,12,1,4021.7,3,1,4023.0,3,3,4023.6,31,4,4023.7,38,2,4023.8,31,2,4023.9,37,4
11483,2026-07-02 13:19:22+05:30,4023.0,1,4037.82,1385848,156267.0,173278.0,4100.0,4110.0,4012.0,4092.6,25166575,4501.8,3683.4,4440.0,3288.1,4022.5,101,1,4022.3,1,1,4022.2,13,1,4022.0,60,2,4021.9,12,1,4023.0,2,1,4023.6,24,4,4023.7,38,2,4023.8,13,1,4023.9,37,4
11483,2026-07-02 13:19:23+05:30,4022.5,1,4037.82,1385848,156267.0,173278.0,4100.0,4110.0,4012.0,4092.6,25166575,4501.8,3683.4,4440.0,3288.1,4022.5,101,1,4022.3,1,1,4022.2,13,1,4022.0,60,2,4021.9,12,1,4023.0,2,1,4023.6,24,4,4023.7,38,2,4023.8,13,1,4023.9,37,4
11483,2026-07-02 13:19:23+05:30,4024.0,21,4037.82,1386152,156599.0,172241.0,4100.0,4110.0,4012.0,4092.6,25166575,4501.8,3683.4,4440.0,3288.1,4022.7,37,3,4022.6,10,2,4022.5,130,3,4022.4,4,1,4022.3,7,2,4024.3,34,3,4024.4,42,2,4024.5,1,1,4024.7,82,3,4024.8,92,3
11483,2026-07-02 13:19:24+05:30,4023.6,1,4037.82,1386152,156599.0,172241.0,4100.0,4110.0,4012.0,4092.6,25166575,4501.8,3683.4,4440.0,3288.1,4022.7,37,3,4022.6,10,2,4022.5,130,3,4022.4,4,1,4022.3,7,2,4024.3,34,3,4024.4,42,2,4024.5,1,1,4024.7,82,3,4024.8,92,3
11483,2026-07-02 13:19:24+05:30,4023.6,1,4037.82,1386190,156549.0,172247.0,4100.0,4110.0,4012.0,4092.6,25166575,4501.8,3683.4,4440.0,3288.1,4022.5,110,2,4022.3,7,2,4022.2,18,2,4022.0,83,4,4021.9,31,3,4024.1,42,4,4024.2,12,2,4024.3,65,6,4024.4,53,5,4024.5,30,2
11483,2026-07-02 13:19:25+05:30,4023.3,1,4037.82,1386190,156549.0,172247.0,4100.0,4110.0,4012.0,4092.6,25166575,4501.8,3683.4,4440.0,3288.1,4022.5,110,2,4022.3,7,2,4022.2,18,2,4022.0,83,4,4021.9,31,3,4024.1,42,4,4024.2,12,2,4024.3,65,6,4024.4,53,5,4024.5,30,2
11483,2026-07-02 13:19:25+05:30,4023.3,1,4037.82,1386196,156592.0,172201.0,4100.0,4110.0,4012.0,4092.6,25166575,4501.8,3683.4,4440.0,3288.1,4023.3,1,1,4022.8,13,1,4022.7,4,1,4022.6,8,1,4022.5,106,2,4024.1,44,5,4024.2,6,1,4024.3,38,4,4024.4,42,3,4024.5,30,2
11483,2026-07-02 13:19:26+05:30,4023.3,5,4037.82,1386211,156663.0,172142.0,4100.0,4110.0,4012.0,4092.6,25166575,4501.8,3683.4,4440.0,3288.1,4023.3,44,1,4022.8,12,1,4022.7,4,1,4022.6,16,3,4022.5,105,2,4024.1,22,4,4024.2,10,1,4024.3,27,2,4024.4,42,3,4024.5,30,2
11483,2026-07-02 13:19:26+05:30,4023.3,1,4037.82,1386211,156663.0,172142.0,4100.0,4110.0,4012.0,4092.6,25166575,4501.8,3683.4,4440.0,3288.1,4023.3,44,1,4022.8,12,1,4022.7,4,1,4022.6,16,3,4022.5,105,2,4024.1,22,4,4024.2,10,1,4024.3,27,2,4024.4,42,3,4024.5,30,2
11483,2026-07-02 13:19:27+05:30,4023.3,1,4037.82,1386211,156663.0,172142.0,4100.0,4110.0,4012.0,4092.6,25166575,4501.8,3683.4,4440.0,3288.1,4023.3,44,1,4022.8,12,1,4022.7,4,1,4022.6,16,3,4022.5,105,2,4024.1,22,4,4024.2,10,1,4024.3,27,2,4024.4,42,3,4024.5,30,2
11483,2026-07-02 13:19:27+05:30,4023.3,1,4037.82,1386247,156750.0,172105.0,4100.0,4110.0,4012.0,4092.6,25166575,4501.8,3683.4,4440.0,3288.1,4023.3,30,1,4022.8,12,1,4022.7,4,1,4022.6,16,3,4022.5,105,2,4024.3,41,4,4024.4,40,2,4024.5,17,2,4024.6,31,2,4024.7,49,3
11483,2026-07-02 13:19:28+05:30,4024.3,7,4037.82,1386247,156750.0,172105.0,4100.0,4110.0,4012.0,4092.6,25166575,4501.8,3683.4,4440.0,3288.1,4023.3,30,1,4022.8,12,1,4022.7,4,1,4022.6,16,3,4022.5,105,2,4024.3,41,4,4024.4,40,2,4024.5,17,2,4024.6,31,2,4024.7,49,3
11483,2026-07-02 13:19:28+05:30,4023.3,1,4037.82,1386341,157568.0,171695.0,4100.0,4110.0,4012.0,4092.6,25166575,4501.8,3683.4,4440.0,3288.1,4023.3,25,2,4022.8,12,1,4022.6,11,3,4022.5,105,2,4022.4,2,1,4024.3,34,6,4024.4,48,5,4024.5,57,5,4024.6,29,4,4024.7,49,3
11483,2026-07-02 13:19:29+05:30,4023.8,1,4037.82,1386341,157568.0,171695.0,4100.0,4110.0,4012.0,4092.6,25166575,4501.8,3683.4,4440.0,3288.1,4023.3,25,2,4022.8,12,1,4022.6,11,3,4022.5,105,2,4022.4,2,1,4024.3,34,6,4024.4,48,5,4024.5,57,5,4024.6,29,4,4024.7,49,3
11483,2026-07-02 13:19:30+05:30,4025.0,157,4037.79,1389853,157235.0,170344.0,4100.0,4110.0,4012.0,4092.6,25166575,4501.8,3683.4,4440.0,3288.1,4023.5,20,1,4023.4,27,1,4023.3,23,3,4023.1,12,1,4023.0,39,1,4024.9,65,8,4025.0,74,7,4025.1,25,2,4025.2,57,2,4025.3,32,2
11483,2026-07-02 13:19:30+05:30,4023.5,115,4037.79,1389853,157235.0,170344.0,4100.0,4110.0,4012.0,4092.6,25166575,4501.8,3683.4,4440.0,3288.1,4023.5,20,1,4023.4,27,1,4023.3,23,3,4023.1,12,1,4023.0,39,1,4024.9,65,8,4025.0,74,7,4025.1,25,2,4025.2,57,2,4025.3,32,2
11483,2026-07-02 13:19:31+05:30,4023.5,22,4037.78,1390016,157454.0,171041.0,4100.0,4110.0,4012.0,4092.6,25166575,4501.8,3683.4,4440.0,3288.1,4023.3,14,2,4022.7,41,2,4022.6,80,5,4022.5,125,3,4022.4,3,1,4023.5,17,3,4024.4,15,1,4024.7,84,3,4024.8,17,2,4024.9,26,4
11483,2026-07-02 13:19:31+05:30,4023.1,1,4037.78,1390016,157454.0,171041.0,4100.0,4110.0,4012.0,4092.6,25166575,4501.8,3683.4,4440.0,3288.1,4023.3,14,2,4022.7,41,2,4022.6,80,5,4022.5,125,3,4022.4,3,1,4023.5,17,3,4024.4,15,1,4024.7,84,3,4024.8,17,2,4024.9,26,4
11483,2026-07-02 13:19:32+05:30,4023.1,1,4037.78,1390042,157784.0,171151.0,4100.0,4110.0,4012.0,4092.6,25166575,4501.8,3683.4,4440.0,3288.1,4023.1,23,2,4023.0,27,3,4022.9,10,1,4022.8,13,2,4022.7,22,2,4023.3,4,3,4023.5,18,4,4024.7,84,3,4024.8,42,3,4024.9,25,3
11483,2026-07-02 13:19:32+05:30,4023.3,4,4037.78,1390042,157784.0,171151.0,4100.0,4110.0,4012.0,4092.6,25166575,4501.8,3683.4,4440.0,3288.1,4023.1,23,2,4023.0,27,3,4022.9,10,1,4022.8,13,2,4022.7,22,2,4023.3,4,3,4023.5,18,4,4024.7,84,3,4024.8,42,3,4024.9,25,3
11483,2026-07-02 13:19:33+05:30,4023.3,4,4037.78,1390053,157793.0,171017.0,4100.0,4110.0,4012.0,4092.6,25166575,4501.8,3683.4,4440.0,3288.1,4022.9,33,3,4022.8,12,2,4022.6,8,3,4022.5,107,3,4022.4,24,1,4023.1,2,2,4023.5,18,4,4024.6,81,2,4024.7,84,3,4024.8,55,4
11483,2026-07-02 13:19:33+05:30,4022.9,2,4037.78,1390053,157793.0,171017.0,4100.0,4110.0,4012.0,4092.6,25166575,4501.8,3683.4,4440.0,3288.1,4022.9,33,3,4022.8,12,2,4022.6,8,3,4022.5,107,3,4022.4,24,1,4023.1,2,2,4023.5,18,4,4024.6,81,2,4024.7,84,3,4024.8,55,4
11483,2026-07-02 13:19:34+05:30,4022.9,3,4037.78,1390083,157605.0,172162.0,4100.0,4110.0,4012.0,4092.6,25166575,4501.8,3683.4,4440.0,3288.1,4022.6,20,2,4022.5,95,2,4022.3,1,1,4022.0,60,2,4021.9,48,3,4022.9,57,1,4023.0,42,1,4023.1,44,3,4023.3,42,1,4023.5,59,4
11483,2026-07-02 13:19:34+05:30,4022.6,1,4037.78,1390083,157605.0,172162.0,4100.0,4110.0,4012.0,4092.6,25166575,4501.8,3683.4,4440.0,3288.1,4022.6,20,2,4022.5,95,2,4022.3,1,1,4022.0,60,2,4021.9,48,3,4022.9,57,1,4023.0,42,1,4023.1,44,3,4023.3,42,1,4023.5,59,4
11483,2026-07-02 13:19:35+05:30,4022.6,1,4037.78,1390096,157562.0,172116.0,4100.0,4110.0,4012.0,4092.6,25166575,4501.8,3683.4,4440.0,3288.1,4022.5,95,2,4022.3,1,1,4022.1,2,1,4022.0,60,2,4021.9,45,2,4022.7,48,1,4022.8,42,1,4022.9,43,2,4023.1,44,3,4023.3,42,1
11483,2026-07-02 13:19:35+05:30,4022.5,1,4037.78,1390096,157562.0,172116.0,4100.0,4110.0,4012.0,4092.6,25166575,4501.8,3683.4,4440.0,3288.1,4022.5,95,2,4022.3,1,1,4022.1,2,1,4022.0,60,2,4021.9,45,2,4022.7,48,1,4022.8,42,1,4022.9,43,2,4023.1,44,3,4023.3,42,1
11483,2026-07-02 13:19:36+05:30,4022.6,1,4037.78,1390149,157681.0,172076.0,4100.0,4110.0,4012.0,4092.6,25166575,4501.8,3683.4,4440.0,3288.1,4022.5,62,2,4022.3,1,1,4022.1,2,1,4022.0,60,2,4021.9,12,1,4022.6,41,1,4022.7,43,2,4022.9,43,2,4023.1,43,2,4023.5,40,4
11483,2026-07-02 13:19:36+05:30,4022.5,1,4037.78,1390149,157681.0,172076.0,4100.0,4110.0,4012.0,4092.6,25166575,4501.8,3683.4,4440.0,3288.1,4022.5,62,2,4022.3,1,1,4022.1,2,1,4022.0,60,2,4021.9,12,1,4022.6,41,1,4022.7,43,2,4022.9,43,2,4023.1,43,2,4023.5,40,4
11483,2026-07-02 13:19:37+05:30,4022.9,42,4037.78,1390347,157790.0,171631.0,4100.0,4110.0,4012.0,4092.6,25166575,4501.8,3683.4,4440.0,3288.1,4022.8,10,2,4022.7,22,3,4022.6,8,3,4022.5,99,1,4022.4,41,2,4023.1,43,2,4023.5,17,3,4024.3,36,2,4024.7,76,4,4024.8,44,4
11483,2026-07-02 13:19:37+05:30,4022.9,1,4037.78,1390347,157790.0,171631.0,4100.0,4110.0,4012.0,4092.6,25166575,4501.8,3683.4,4440.0,3288.1,4022.8,10,2,4022.7,22,3,4022.6,8,3,4022.5,99,1,4022.4,41,2,4023.1,43,2,4023.5,17,3,4024.3,36,2,4024.7,76,4,4024.8,44,4
11483,2026-07-02 13:19:38+05:30,4022.9,1,4037.78,1390560,157921.0,171463.0,4100.0,4110.0,4012.0,4092.6,25166575,4501.8,3683.4,4440.0,3288.1,4022.8,36,3,4022.7,22,4,4022.6,18,4,4022.5,101,2,4022.4,55,3,4023.5,7,1,4024.0,50,1,4024.3,34,1,4024.7,84,3,4024.8,51,4
11483,2026-07-02 13:19:38+05:30,4022.8,23,4037.78,1390560,157921.0,171463.0,4100.0,4110.0,4012.0,4092.6,25166575,4501.8,3683.4,4440.0,3288.1,4022.8,36,3,4022.7,22,4,4022.6,18,4,4022.5,101,2,4022.4,55,3,4023.5,7,1,4024.0,50,1,4024.3,34,1,4024.7,84,3,4024.8,51,4
11483,2026-07-02 13:19:39+05:30,4023.1,2,4037.78,1390589,157927.0,172189.0,4100.0,4110.0,4012.0,4092.6,25166575,4501.8,3683.4,4440.0,3288.1,4022.5,125,4,4022.4,31,1,4022.3,23,3,4022.1,74,6,4022.0,68,5,4023.1,56,1,4023.2,42,1,4023.3,42,1,4023.5,59,3,4023.6,12,1
11483,2026-07-02 13:19:39+05:30,4022.5,1,4037.78,1390589,157927.0,172189.0,4100.0,4110.0,4012.0,4092.6,25166575,4501.8,3683.4,4440.0,3288.1,4022.5,125,4,4022.4,31,1,4022.3,23,3,4022.1,74,6,4022.0,68,5,4023.1,56,1,4023.2,42,1,4023.3,42,1,4023.5,59,3,4023.6,12,1
11483,2026-07-02 13:19:40+05:30,4022.5,1,4037.78,1390616,157935.0,172269.0,4100.0,4110.0,4012.0,4092.6,25166575,4501.8,3683.4,4440.0,3288.1,4022.6,12,1,4022.5,120,4,4022.4,31,1,4022.3,23,3,4022.1,51,4,4022.8,42,1,4022.9,42,1,4023.1,42,1,4023.3,54,2,4023.5,17,2
11483,2026-07-02 13:19:40+05:30,4022.6,1,4037.78,1390616,157935.0,172269.0,4100.0,4110.0,4012.0,4092.6,25166575,4501.8,3683.4,4440.0,3288.1,4022.6,12,1,4022.5,120,4,4022.4,31,1,4022.3,23,3,4022.1,51,4,4022.8,42,1,4022.9,42,1,4023.1,42,1,4023.3,54,2,4023.5,17,2
11483,2026-07-02 13:19:41+05:30,4023.0,5,4037.78,1390704,158074.0,171959.0,4100.0,4110.0,4012.0,4092.6,25166575,4501.8,3683.4,4440.0,3288.1,4022.9,44,4,4022.8,39,4,4022.7,61,7,4022.6,40,4,4022.5,130,5,4023.3,10,1,4023.5,17,2,4024.0,50,1,4024.3,34,1,4024.6,2,1
11483,2026-07-02 13:19:41+05:30,4023.5,5,4037.78,1390704,158074.0,171959.0,4100.0,4110.0,4012.0,4092.6,25166575,4501.8,3683.4,4440.0,3288.1,4022.9,44,4,4022.8,39,4,4022.7,61,7,4022.6,40,4,4022.5,130,5,4023.3,10,1,4023.5,17,2,4024.0,50,1,4024.3,34,1,4024.6,2,1
11483,2026-07-02 13:19:42+05:30,4023.5,5,4037.78,1390737,158097.0,171463.0,4100.0,4110.0,4012.0,4092.6,25166575,4501.8,3683.4,4440.0,3288.1,4023.1,34,4,4023.0,17,2,4022.9,8,1,4022.8,14,2,4022.7,83,7,4023.5,38,1,4023.6,13,1,4024.0,50,1,4024.3,34,1,4024.6,2,1
11483,2026-07-02 13:19:42+05:30,4023.6,1,4037.78,1390737,158097.0,171463.0,4100.0,4110.0,4012.0,4092.6,25166575,4501.8,3683.4,4440.0,3288.1,4023.1,34,4,4023.0,17,2,4022.9,8,1,4022.8,14,2,4022.7,83,7,4023.5,38,1,4023.6,13,1,4024.0,50,1,4024.3,34,1,4024.6,2,1
11483,2026-07-02 13:19:43+05:30,4023.5,2,4037.77,1390961,158328.0,170654.0,4100.0,4110.0,4012.0,4092.6,25166575,4501.8,3683.4,4440.0,3288.1,4023.5,39,5,4023.4,80,2,4023.3,47,3,4023.2,53,3,4023.1,14,2,4023.6,13,1,4024.0,50,1,4025.0,18,3,4025.3,37,2,4025.4,51,3
11483,2026-07-02 13:19:43+05:30,4024.0,50,4037.77,1390961,158328.0,170654.0,4100.0,4110.0,4012.0,4092.6,25166575,4501.8,3683.4,4440.0,3288.1,4023.5,39,5,4023.4,80,2,4023.3,47,3,4023.2,53,3,4023.1,14,2,4023.6,13,1,4024.0,50,1,4025.0,18,3,4025.3,37,2,4025.4,51,3
11483,2026-07-02 13:19:44+05:30,4024.0,50,4037.77,1391095,159525.0,169795.0,4100.0,4110.0,4012.0,4092.6,25166575,4501.8,3683.4,4440.0,3288.1,4024.0,63,7,4023.8,5,2,4023.7,62,5,4023.6,122,7,4023.5,77,4,4025.0,18,3,4025.3,15,1,4025.4,34,1,4025.7,23,1,4025.8,36,3
11483,2026-07-02 13:19:44+05:30,4024.0,4,4037.77,1391095,159525.0,169795.0,4100.0,4110.0,4012.0,4092.6,25166575,4501.8,3683.4,4440.0,3288.1,4024.0,63,7,4023.8,5,2,4023.7,62,5,4023.6,122,7,4023.5,77,4,4025.0,18,3,4025.3,15,1,4025.4,34,1,4025.7,23,1,4025.8,36,3
11483,2026-07-02 13:19:45+05:30,4024.0,4,4037.77,1391112,159768.0,169589.0,4100.0,4110.0,4012.0,4092.6,25166575,4501.8,3683.4,4440.0,3288.1,4024.8,42,1,4024.7,42,1,4024.5,42,1,4024.3,42,1,4024.0,49,5,4025.0,18,3,4025.7,23,1,4025.8,36,3,4026.0,236,5,4026.2,36,2
11483,2026-07-02 13:19:45+05:30,4025.0,2,4037.77,1391112,159768.0,169589.0,4100.0,4110.0,4012.0,4092.6,25166575,4501.8,3683.4,4440.0,3288.1,4024.8,42,1,4024.7,42,1,4024.5,42,1,4024.3,42,1,4024.0,49,5,4025.0,18,3,4025.7,23,1,4025.8,36,3,4026.0,236,5,4026.2,36,2
11483,2026-07-02 13:19:46+05:30,4025.0,7,4037.77,1391157,159956.0,169423.0,4100.0,4110.0,4012.0,4092.6,25166575,4501.8,3683.4,4440.0,3288.1,4024.8,82,2,4024.6,42,1,4024.4,47,2,4024.3,1,1,4024.0,49,5,4025.0,8,1,4025.7,23,1,4025.8,36,3,4026.0,221,4,4026.2,51,3
11483,2026-07-02 13:19:46+05:30,4024.8,5,4037.77,1391157,159956.0,169423.0,4100.0,4110.0,4012.0,4092.6,25166575,4501.8,3683.4,4440.0,3288.1,4024.8,82,2,4024.6,42,1,4024.4,47,2,4024.3,1,1,4024.0,49,5,4025.0,8,1,4025.7,23,1,4025.8,36,3,4026.0,221,4,4026.2,51,3
11483,2026-07-02 13:19:47+05:30,4025.0,22,4037.77,1391237,160059.0,169638.0,4100.0,4110.0,4012.0,4092.6,25166575,4501.8,3683.4,4440.0,3288.1,4024.9,25,2,4024.8,35,1,4024.7,42,1,4024.5,42,1,4024.3,43,2,4025.0,15,1,4025.7,46,3,4025.8,36,3,4026.0,236,5,4026.2,36,2
11483,2026-07-02 13:19:47+05:30,4025.0,13,4037.77,1391237,160059.0,169638.0,4100.0,4110.0,4012.0,4092.6,25166575,4501.8,3683.4,4440.0,3288.1,4024.9,25,2,4024.8,35,1,4024.7,42,1,4024.5,42,1,4024.3,43,2,4025.0,15,1,4025.7,46,3,4025.8,36,3,4026.0,236,5,4026.2,36,2
11483,2026-07-02 13:19:48+05:30,4025.0,13,4037.77,1391260,160201.0,169047.0,4100.0,4110.0,4012.0,4092.6,25166575,4501.8,3683.4,4440.0,3288.1,4024.9,2,1,4024.8,77,2,4024.6,42,1,4024.4,42,1,4024.3,1,1,4025.0,2,1,4025.7,38,2,4025.8,36,3,4026.0,236,5,4026.2,58,2
11483,2026-07-02 13:19:48+05:30,4025.0,6,4037.77,1391260,160201.0,169047.0,4100.0,4110.0,4012.0,4092.6,25166575,4501.8,3683.4,4440.0,3288.1,4024.9,2,1,4024.8,77,2,4024.6,42,1,4024.4,42,1,4024.3,1,1,4025.0,2,1,4025.7,38,2,4025.8,36,3,4026.0,236,5,4026.2,58,2
11483,2026-07-02 13:19:49+05:30,4025.0,6,4037.77,1391343,160273.0,169291.0,4100.0,4110.0,4012.0,4092.6,25166575,4501.8,3683.4,4440.0,3288.1,4024.9,3,2,4024.8,77,2,4024.6,42,1,4024.4,42,1,4024.3,1,1,4025.0,9,1,4025.6,29,2,4025.7,41,4,4025.8,10,3,4025.9,18,1
11483,2026-07-02 13:19:49+05:30,4025.0,81,4037.77,1391343,160273.0,169291.0,4100.0,4110.0,4012.0,4092.6,25166575,4501.8,3683.4,4440.0,3288.1,4024.9,3,2,4024.8,77,2,4024.6,42,1,4024.4,42,1,4024.3,1,1,4025.0,9,1,4025.6,29,2,4025.7,41,4,4025.8,10,3,4025.9,18,1
11483,2026-07-02 13:19:50+05:30,4024.9,5,4037.77,1391440,160296.0,169348.0,4100.0,4110.0,4012.0,4092.6,25166575,4501.8,3683.4,4440.0,3288.1,4024.8,77,2,4024.6,42,1,4024.4,42,1,4024.3,1,1,4024.0,42,3,4025.0,15,1,4025.6,29,2,4025.7,48,5,4025.8,10,3,4025.9,27,2
11483,2026-07-02 13:19:50+05:30,4025.0,7,4037.77,1391440,160296.0,169348.0,4100.0,4110.0,4012.0,4092.6,25166575,4501.8,3683.4,4440.0,3288.1,4024.8,77,2,4024.6,42,1,4024.4,42,1,4024.3,1,1,4024.0,42,3,4025.0,15,1,4025.6,29,2,4025.7,48,5,4025.8,10,3,4025.9,27,2
11483,2026-07-02 13:19:51+05:30,4025.0,4,4037.77,1391525,160273.0,169322.0,4100.0,4110.0,4012.0,4092.6,25166575,4501.8,3683.4,4440.0,3288.1,4024.8,65,2,4024.6,42,1,4024.4,42,1,4024.3,1,1,4024.0,18,2,4025.0,4,1,4025.6,32,3,4025.7,41,4,4025.8,10,3,4025.9,9,1
11483,2026-07-02 13:19:51+05:30,4025.0,71,4037.77,1391525,160273.0,169322.0,4100.0,4110.0,4012.0,4092.6,25166575,4501.8,3683.4,4440.0,3288.1,4024.8,65,2,4024.6,42,1,4024.4,42,1,4024.3,1,1,4024.0,18,2,4025.0,4,1,4025.6,32,3,4025.7,41,4,4025.8,10,3,4025.9,9,1
11483,2026-07-02 13:19:52+05:30,4025.0,12,4037.77,1391688,160312.0,169312.0,4100.0,4110.0,4012.0,4092.6,25166575,4501.8,3683.4,4440.0,3288.1,4024.8,55,2,4024.6,42,1,4024.4,42,1,4024.3,14,2,4024.0,23,3,4025.0,3,1,4025.6,45,5,4025.7,33,3,4025.8,10,3,4025.9,43,2
11483,2026-07-02 13:19:52+05:30,4024.8,7,4037.77,1391688,160312.0,169312.0,4100.0,4110.0,4012.0,4092.6,25166575,4501.8,3683.4,4440.0,3288.1,4024.8,55,2,4024.6,42,1,4024.4,42,1,4024.3,14,2,4024.0,23,3,4025.0,3,1,4025.6,45,5,4025.7,33,3,4025.8,10,3,4025.9,43,2
11483,2026-07-02 13:19:53+05:30,4025.0,61,4037.77,1391769,160279.0,169332.0,4100.0,4110.0,4012.0,4092.6,25166575,4501.8,3683.4,4440.0,3288.1,4024.8,35,1,4024.6,42,1,4024.4,42,1,4024.3,1,1,4024.0,23,3,4025.0,15,1,4025.6,45,5,4025.7,33,3,4025.8,10,3,4025.9,43,2
11483,2026-07-02 13:19:53+05:30,4024.8,15,4037.77,1391769,160279.0,169332.0,4100.0,4110.0,4012.0,4092.6,25166575,4501.8,3683.4,4440.0,3288.1,4024.8,35,1,4024.6,42,1,4024.4,42,1,4024.3,1,1,4024.0,23,3,4025.0,15,1,4025.6,45,5,4025.7,33,3,4025.8,10,3,4025.9,43,2
11483,2026-07-02 13:19:54+05:30,4025.0,2,4037.77,1391852,160256.0,169458.0,4100.0,4110.0,4012.0,4092.6,25166575,4501.8,3683.4,4440.0,3288.1,4024.8,11,1,4024.6,42,1,4024.4,42,1,4024.3,1,1,4024.0,57,4,4025.0,13,1,4025.6,39,4,4025.7,33,3,4025.8,10,3,4025.9,9,1
11483,2026-07-02 13:19:54+05:30,4024.8,10,4037.77,1391852,160256.0,169458.0,4100.0,4110.0,4012.0,4092.6,25166575,4501.8,3683.4,4440.0,3288.1,4024.8,11,1,4024.6,42,1,4024.4,42,1,4024.3,1,1,4024.0,57,4,4025.0,13,1,4025.6,39,4,4025.7,33,3,4025.8,10,3,4025.9,9,1
11483,2026-07-02 13:19:55+05:30,4025.1,5,4037.77,1391867,160320.0,169522.0,4100.0,4110.0,4012.0,4092.6,25166575,4501.8,3683.4,4440.0,3288.1,4025.0,71,1,4024.9,8,1,4024.8,1,1,4024.6,42,1,4024.4,42,1,4025.1,8,1,4025.6,24,3,4025.7,33,3,4025.8,10,3,4025.9,34,1
11483,2026-07-02 13:19:55+05:30,4025.0,71,4037.77,1391867,160320.0,169522.0,4100.0,4110.0,4012.0,4092.6,25166575,4501.8,3683.4,4440.0,3288.1,4025.0,71,1,4024.9,8,1,4024.8,1,1,4024.6,42,1,4024.4,42,1,4025.1,8,1,4025.6,24,3,4025.7,33,3,4025.8,10,3,4025.9,34,1
11483,2026-07-02 13:19:56+05:30,4025.0,2,4037.77,1391940,160289.0,169505.0,4100.0,4110.0,4012.0,4092.6,25166575,4501.8,3683.4,4440.0,3288.1,4025.0,79,1,4024.9,8,1,4024.8,1,1,4024.6,42,1,4024.4,42,1,4025.1,8,1,4025.2,15,1,4025.3,3,1,4025.6,31,4,4025.7,46,4
11483,2026-07-02 13:19:56+05:30,4025.0,49,4037.77,1391940,160289.0,169505.0,4100.0,4110.0,4012.0,4092.6,25166575,4501.8,3683.4,4440.0,3288.1,4025.0,79,1,4024.9,8,1,4024.8,1,1,4024.6,42,1,4024.4,42,1,4025.1,8,1,4025.2,15,1,4025.3,3,1,4025.6,31,4,4025.7,46,4
11483,2026-07-02 13:19:57+05:30,4025.0,49,4037.76,1392117,159354.0,169630.0,4100.0,4110.0,4012.0,4092.6,25166575,4501.8,3683.4,4440.0,3288.1,4024.9,8,1,4024.8,14,2,4024.6,42,1,4024.4,42,1,4024.3,1,1,4025.0,15,1,4025.3,33,4,4025.5,1,1,4025.6,51,5,4025.7,49,5
11483,2026-07-02 13:19:57+05:30,4025.0,81,4037.76,1392117,159354.0,169630.0,4100.0,4110.0,4012.0,4092.6,25166575,4501.8,3683.4,4440.0,3288.1,4024.9,8,1,4024.8,14,2,4024.6,42,1,4024.4,42,1,4024.3,1,1,4025.0,15,1,4025.3,33,4,4025.5,1,1,4025.6,51,5,4025.7,49,5
11483,2026-07-02 13:19:58+05:30,4025.0,81,4037.76,1392219,159714.0,169664.0,4100.0,4110.0,4012.0,4092.6,25166575,4501.8,3683.4,4440.0,3288.1,4024.9,8,1,4024.8,14,2,4024.6,42,1,4024.4,42,1,4024.3,1,1,4025.0,15,1,4025.3,40,5,4025.5,1,1,4025.6,51,5,4025.7,46,4
11483,2026-07-02 13:19:58+05:30,4025.0,7,4037.76,1392219,159714.0,169664.0,4100.0,4110.0,4012.0,4092.6,25166575,4501.8,3683.4,4440.0,3288.1,4024.9,8,1,4024.8,14,2,4024.6,42,1,4024.4,42,1,4024.3,1,1,4025.0,15,1,4025.3,40,5,4025.5,1,1,4025.6,51,5,4025.7,46,4
11483,2026-07-02 13:19:59+05:30,4025.0,7,4037.76,1392348,159603.0,169883.0,4100.0,4110.0,4012.0,4092.6,25166575,4501.8,3683.4,4440.0,3288.1,4024.9,1,1,4024.8,13,1,4024.3,1,1,4024.0,13,1,4023.7,13,1,4025.0,8,1,4025.3,40,5,4025.5,6,2,4025.6,51,5,4025.7,73,6
11483,2026-07-02 13:19:59+05:30,4024.9,5,4037.76,1392348,159603.0,169883.0,4100.0,4110.0,4012.0,4092.6,25166575,4501.8,3683.4,4440.0,3288.1,4024.9,1,1,4024.8,13,1,4024.3,1,1,4024.0,13,1,4023.7,13,1,4025.0,8,1,4025.3,40,5,4025.5,6,2,4025.6,51,5,4025.7,73,6
11483,2026-07-02 13:20:00+05:30,4024.9,1,4037.76,1392355,159604.0,169823.0,4100.0,4110.0,4012.0,4092.6,25166575,4501.8,3683.4,4440.0,3288.1,4024.8,13,1,4024.3,1,1,4023.7,13,1,4023.6,12,2,4023.5,300,2,4024.9,1,1,4025.0,25,3,4025.3,25,4,4025.4,21,2,4025.5,6,2
11483,2026-07-02 13:20:00+05:30,4025.0,1,4037.76,1392355,159604.0,169823.0,4100.0,4110.0,4012.0,4092.6,25166575,4501.8,3683.4,4440.0,3288.1,4024.8,13,1,4024.3,1,1,4023.7,13,1,4023.6,12,2,4023.5,300,2,4024.9,1,1,4025.0,25,3,4025.3,25,4,4025.4,21,2,4025.5,6,2
11483,2026-07-02 13:20:01+05:30,4025.0,1,4037.76,1392366,159698.0,169747.0,4100.0,4110.0,4012.0,4092.6,25166575,4501.8,3683.4,4440.0,3288.1,4024.8,12,1,4024.3,1,1,4023.7,13,1,4023.6,12,2,4023.5,300,2,4024.9,1,1,4025.0,22,2,4025.3,25,4,4025.4,21,2,4025.5,6,2
11483,2026-07-02 13:20:01+05:30,4024.8,1,4037.76,1392366,159698.0,169747.0,4100.0,4110.0,4012.0,4092.6,25166575,4501.8,3683.4,4440.0,3288.1,4024.8,12,1,4024.3,1,1,4023.7,13,1,4023.6,12,2,4023.5,300,2,4024.9,1,1,4025.0,22,2,4025.3,25,4,4025.4,21,2,4025.5,6,2
11483,2026-07-02 13:20:02+05:30,4023.0,48,4037.75,1393051,158651.0,170915.0,4100.0,4110.0,4012.0,4092.6,25166575,4501.8,3683.4,4440.0,3288.1,4023.2,35,3,4023.1,21,2,4023.0,10,1,4022.9,11,1,4022.8,68,5,4024.9,16,3,4025.0,7,1,4025.2,5,1,4025.3,32,5,4025.4,57,2
11483,2026-07-02 13:20:02+05:30,4023.2,7,4037.75,1393051,158651.0,170915.0,4100.0,4110.0,4012.0,4092.6,25166575,4501.8,3683.4,4440.0,3288.1,4023.2,35,3,4023.1,21,2,4023.0,10,1,4022.9,11,1,4022.8,68,5,4024.9,16,3,4025.0,7,1,4025.2,5,1,4025.3,32,5,4025.4,57,2
11483,2026-07-02 13:20:03+05:30,4025.0,3,4037.75,1393138,158488.0,170920.0,4100.0,4110.0,4012.0,4092.6,25166575,4501.8,3683.4,4440.0,3288.1,4023.3,46,4,4023.2,66,4,4023.1,43,4,4022.9,19,2,4022.8,51,4,4025.0,4,1,4025.2,15,1,4025.3,19,2,4025.4,36,2,4025.5,66,4
11483,2026-07-02 13:20:03+05:30,4023.3,11,4037.75,1393138,158488.0,170920.0,4100.0,4110.0,4012.0,4092.6,25166575,4501.8,3683.4,4440.0,3288.1,4023.3,46,4,4023.2,66,4,4023.1,43,4,4022.9,19,2,4022.8,51,4,4025.0,4,1,4025.2,15,1,4025.3,19,2,4025.4,36,2,4025.5,66,4
11483,2026-07-02 13:20:04+05:30,4023.4,1,4037.75,1393150,158746.0,171220.0,4100.0,4110.0,4012.0,4092.6,25166575,4501.8,3683.4,4440.0,3288.1,4023.3,5,1,4023.2,19,1,4023.1,31,3,4022.8,27,3,4022.7,33,6,4024.8,6,1,4024.9,45,5,4025.0,49,5,4025.1,82,3,4025.2,11,1
11483,2026-07-02 13:20:04+05:30,4023.3,1,4037.75,1393150,158746.0,171220.0,4100.0,4110.0,4012.0,4092.6,25166575,4501.8,3683.4,4440.0,3288.1,4023.3,5,1,4023.2,19,1,4023.1,31,3,4022.8,27,3,4022.7,33,6,4024.8,6,1,4024.9,45,5,4025.0,49,5,4025.1,82,3,4025.2,11,1
11483,2026-07-02 13:20:05+05:30,4023.3,1,4037.75,1393203,158798.0,171291.0,4100.0,4110.0,4012.0,4092.6,25166575,4501.8,3683.4,4440.0,3288.1,4023.3,2,1,4023.1,28,2,4022.8,27,3,4022.7,32,5,4022.6,65,5,4024.7,12,1,4024.8,75,6,4024.9,119,6,4025.0,15,3,4025.1,82,3
11483,2026-07-02 13:20:05+05:30,4023.3,2,4037.75,1393203,158798.0,171291.0,4100.0,4110.0,4012.0,4092.6,25166575,4501.8,3683.4,4440.0,3288.1,4023.3,2,1,4023.1,28,2,4022.8,27,3,4022.7,32,5,4022.6,65,5,4024.7,12,1,4024.8,75,6,4024.9,119,6,4025.0,15,3,4025.1,82,3
11483,2026-07-02 13:20:06+05:30,4023.3,4,4037.75,1393210,158880.0,171370.0,4100.0,4110.0,4012.0,4092.6,25166575,4501.8,3683.4,4440.0,3288.1,4023.3,18,3,4023.2,22,1,4023.1,42,3,4023.0,50,6,4022.9,14,3,4024.9,14,2,4025.0,4,1,4025.2,11,1,4025.3,34,3,4025.4,12,1
11483,2026-07-02 13:20:06+05:30,4023.3,1,4037.75,1393210,158880.0,171370.0,4100.0,4110.0,4012.0,4092.6,25166575,4501.8,3683.4,4440.0,3288.1,4023.3,18,3,4023.2,22,1,4023.1,42,3,4023.0,50,6,4022.9,14,3,4024.9,14,2,4025.0,4,1,4025.2,11,1,4025.3,34,3,4025.4,12,1
11483,2026-07-02 13:20:07+05:30,4024.6,9,4037.75,1393233,158819.0,171655.0,4100.0,4110.0,4012.0,4092.6,25166575,4501.8,3683.4,4440.0,3288.1,4023.3,1,1,4023.0,7,1,4022.9,3,1,4022.8,15,2,4022.7,19,3,4024.6,37,4,4024.7,99,5,4024.8,126,9,4024.9,29,2,4025.0,79,4
11483,2026-07-02 13:20:07+05:30,4023.3,2,4037.75,1393233,158819.0,171655.0,4100.0,4110.0,4012.0,4092.6,25166575,4501.8,3683.4,4440.0,3288.1,4023.3,1,1,4023.0,7,1,4022.9,3,1,4022.8,15,2,4022.7,19,3,4024.6,37,4,4024.7,99,5,4024.8,126,9,4024.9,29,2,4025.0,79,4
11483,2026-07-02 13:20:08+05:30,4022.8,1,4037.75,1393236,158374.0,172064.0,4100.0,4110.0,4012.0,4092.6,25166575,4501.8,3683.4,4440.0,3288.1,4022.7,26,4,4022.6,5,2,4022.4,5,1,4022.3,41,6,4022.2,68,3,4023.3,1,1,4024.5,64,3,4024.6,89,6,4024.7,99,5,4024.8,99,7
11483,2026-07-02 13:20:08+05:30,4022.7,1,4037.75,1393236,158374.0,172064.0,4100.0,4110.0,4012.0,4092.6,25166575,4501.8,3683.4,4440.0,3288.1,4022.7,26,4,4022.6,5,2,4022.4,5,1,4022.3,41,6,4022.2,68,3,4023.3,1,1,4024.5,64,3,4024.6,89,6,4024.7,99,5,4024.8,99,7
11483,2026-07-02 13:20:09+05:30,4023.3,1,4037.75,1393239,158419.0,171954.0,4100.0,4110.0,4012.0,4092.6,25166575,4501.8,3683.4,4440.0,3288.1,4023.0,1,1,4022.7,3,1,4022.6,2,1,4022.5,13,1,4022.3,13,3,4024.2,4,1,4024.3,42,2,4024.4,10,1,4024.5,82,5,4024.6,99,8
11483,2026-07-02 13:20:09+05:30,4023.3,1,4037.75,1393239,158419.0,171954.0,4100.0,4110.0,4012.0,4092.6,25166575,4501.8,3683.4,4440.0,3288.1,4023.0,1,1,4022.7,3,1,4022.6,2,1,4022.5,13,1,4022.3,13,3,4024.2,4,1,4024.3,42,2,4024.4,10,1,4024.5,82,5,4024.6,99,8
11483,2026-07-02 13:20:09+05:30,4024.2,1,4037.75,1393239,158419.0,171954.0,4100.0,4110.0,4012.0,4092.6,25166575,4501.8,3683.4,4440.0,3288.1,4023.0,1,1,4022.7,3,1,4022.6,2,1,4022.5,13,1,4022.3,13,3,4024.2,4,1,4024.3,42,2,4024.4,10,1,4024.5,82,5,4024.6,99,8
11483,2026-07-02 13:20:10+05:30,4024.2,1,4037.75,1393239,158419.0,171954.0,4100.0,4110.0,4012.0,4092.6,25166575,4501.8,3683.4,4440.0,3288.1,4023.0,1,1,4022.7,3,1,4022.6,2,1,4022.5,13,1,4022.3,13,3,4024.2,4,1,4024.3,42,2,4024.4,10,1,4024.5,82,5,4024.6,99,8
11483,2026-07-02 13:20:10+05:30,4024.2,2,4037.75,1393246,158381.0,171868.0,4100.0,4110.0,4012.0,4092.6,25166575,4501.8,3683.4,4440.0,3288.1,4022.7,3,1,4022.6,2,1,4022.5,13,1,4022.3,13,3,4022.2,12,1,4024.2,7,3,4024.3,77,4,4024.5,75,5,4024.6,79,7,4024.7,77,4
11483,2026-07-02 13:20:10+05:30,4024.2,2,4037.75,1393246,158381.0,171868.0,4100.0,4110.0,4012.0,4092.6,25166575,4501.8,3683.4,4440.0,3288.1,4022.7,3,1,4022.6,2,1,4022.5,13,1,4022.3,13,3,4022.2,12,1,4024.2,7,3,4024.3,77,4,4024.5,75,5,4024.6,79,7,4024.7,77,4
11483,2026-07-02 13:20:10+05:30,4022.7,1,4037.75,1393246,158381.0,171868.0,4100.0,4110.0,4012.0,4092.6,25166575,4501.8,3683.4,4440.0,3288.1,4022.7,3,1,4022.6,2,1,4022.5,13,1,4022.3,13,3,4022.2,12,1,4024.2,7,3,4024.3,77,4,4024.5,75,5,4024.6,79,7,4024.7,77,4
11483,2026-07-02 13:20:10+05:30,4022.7,1,4037.75,1393246,158381.0,171868.0,4100.0,4110.0,4012.0,4092.6,25166575,4501.8,3683.4,4440.0,3288.1,4022.7,3,1,4022.6,2,1,4022.5,13,1,4022.3,13,3,4022.2,12,1,4024.2,7,3,4024.3,77,4,4024.5,75,5,4024.6,79,7,4024.7,77,4
11483,2026-07-02 13:20:11+05:30,4022.7,1,4037.75,1393248,158441.0,171921.0,4100.0,4110.0,4012.0,4092.6,25166575,4501.8,3683.4,4440.0,3288.1,4022.7,1,1,4022.6,2,1,4022.5,13,1,4022.3,11,2,4022.2,12,1,4024.1,10,1,4024.2,43,6,4024.3,55,3,4024.4,28,1,4024.5,66,5
11483,2026-07-02 13:20:11+05:30,4022.7,1,4037.75,1393248,158441.0,171921.0,4100.0,4110.0,4012.0,4092.6,25166575,4501.8,3683.4,4440.0,3288.1,4022.7,1,1,4022.6,2,1,4022.5,13,1,4022.3,11,2,4022.2,12,1,4024.1,10,1,4024.2,43,6,4024.3,55,3,4024.4,28,1,4024.5,66,5
11483,2026-07-02 13:20:11+05:30,4022.7,1,4037.75,1393248,158441.0,171921.0,4100.0,4110.0,4012.0,4092.6,25166575,4501.8,3683.4,4440.0,3288.1,4022.7,1,1,4022.6,2,1,4022.5,13,1,4022.3,11,2,4022.2,12,1,4024.1,10,1,4024.2,43,6,4024.3,55,3,4024.4,28,1,4024.5,66,5
11483,2026-07-02 13:20:12+05:30,4022.7,1,4037.75,1393248,158441.0,171921.0,4100.0,4110.0,4012.0,4092.6,25166575,4501.8,3683.4,4440.0,3288.1,4022.7,1,1,4022.6,2,1,4022.5,13,1,4022.3,11,2,4022.2,12,1,4024.1,10,1,4024.2,43,6,4024.3,55,3,4024.4,28,1,4024.5,66,5
11483,2026-07-02 13:20:12+05:30,4024.3,1,4037.75,1393338,158456.0,171842.0,4100.0,4110.0,4012.0,4092.6,25166575,4501.8,3683.4,4440.0,3288.1,4022.7,2,1,4022.6,2,1,4022.5,13,1,4022.3,11,2,4022.2,12,1,4024.1,8,1,4024.2,52,5,4024.3,17,3,4024.5,55,5,4024.6,68,5
11483,2026-07-02 13:20:12+05:30,4024.3,1,4037.75,1393338,158456.0,171842.0,4100.0,4110.0,4012.0,4092.6,25166575,4501.8,3683.4,4440.0,3288.1,4022.7,2,1,4022.6,2,1,4022.5,13,1,4022.3,11,2,4022.2,12,1,4024.1,8,1,4024.2,52,5,4024.3,17,3,4024.5,55,5,4024.6,68,5
11483,2026-07-02 13:20:12+05:30,4022.7,1,4037.75,1393338,158456.0,171842.0,4100.0,4110.0,4012.0,4092.6,25166575,4501.8,3683.4,4440.0,3288.1,4022.7,2,1,4022.6,2,1,4022.5,13,1,4022.3,11,2,4022.2,12,1,4024.1,8,1,4024.2,52,5,4024.3,17,3,4024.5,55,5,4024.6,68,5
11483,2026-07-02 13:20:12+05:30,4022.7,1,4037.75,1393338,158456.0,171842.0,4100.0,4110.0,4012.0,4092.6,25166575,4501.8,3683.4,4440.0,3288.1,4022.7,2,1,4022.6,2,1,4022.5,13,1,4022.3,11,2,4022.2,12,1,4024.1,8,1,4024.2,52,5,4024.3,17,3,4024.5,55,5,4024.6,68,5
11483,2026-07-02 13:20:13+05:30,4022.7,1,4037.75,1393338,158456.0,171842.0,4100.0,4110.0,4012.0,4092.6,25166575,4501.8,3683.4,4440.0,3288.1,4022.7,2,1,4022.6,2,1,4022.5,13,1,4022.3,11,2,4022.2,12,1,4024.1,8,1,4024.2,52,5,4024.3,17,3,4024.5,55,5,4024.6,68,5
11483,2026-07-02 13:20:13+05:30,4024.2,2,4037.75,1393405,158458.0,171815.0,4100.0,4110.0,4012.0,4092.6,25166575,4501.8,3683.4,4440.0,3288.1,4022.7,1,1,4022.6,2,1,4022.5,13,1,4022.3,11,2,4022.2,12,1,4024.2,45,4,4024.3,26,3,4024.4,4,1,4024.5,55,5,4024.6,68,5
11483,2026-07-02 13:20:13+05:30,4024.2,2,4037.75,1393405,158458.0,171815.0,4100.0,4110.0,4012.0,4092.6,25166575,4501.8,3683.4,4440.0,3288.1,4022.7,1,1,4022.6,2,1,4022.5,13,1,4022.3,11,2,4022.2,12,1,4024.2,45,4,4024.3,26,3,4024.4,4,1,4024.5,55,5,4024.6,68,5
11483,2026-07-02 13:20:13+05:30,4024.3,5,4037.75,1393405,158458.0,171815.0,4100.0,4110.0,4012.0,4092.6,25166575,4501.8,3683.4,4440.0,3288.1,4022.7,1,1,4022.6,2,1,4022.5,13,1,4022.3,11,2,4022.2,12,1,4024.2,45,4,4024.3,26,3,4024.4,4,1,4024.5,55,5,4024.6,68,5
11483,2026-07-02 13:20:13+05:30,4024.3,5,4037.75,1393405,158458.0,171815.0,4100.0,4110.0,4012.0,4092.6,25166050,4501.8,3683.4,4440.0,3288.1,4022.7,1,1,4022.6,2,1,4022.5,13,1,4022.3,11,2,4022.2,12,1,4024.2,45,4,4024.3,26,3,4024.4,4,1,4024.5,55,5,4024.6,68,5
11483,2026-07-02 13:20:14+05:30,4024.3,5,4037.75,1393405,158458.0,171815.0,4100.0,4110.0,4012.0,4092.6,25166050,4501.8,3683.4,4440.0,3288.1,4022.7,1,1,4022.6,2,1,4022.5,13,1,4022.3,11,2,4022.2,12,1,4024.2,45,4,4024.3,26,3,4024.4,4,1,4024.5,55,5,4024.6,68,5
11483,2026-07-02 13:20:14+05:30,4024.3,2,4037.75,1393454,158481.0,171557.0,4100.0,4110.0,4012.0,4092.6,25166050,4501.8,3683.4,4440.0,3288.1,4022.7,12,1,4022.6,29,3,4022.5,17,2,4022.4,4,1,4022.3,14,3,4024.3,55,5,4024.4,11,1,4024.5,21,1,4024.6,18,3,4024.7,18,2
11483,2026-07-02 13:20:14+05:30,4024.3,2,4037.75,1393454,158481.0,171557.0,4100.0,4110.0,4012.0,4092.6,25166050,4501.8,3683.4,4440.0,3288.1,4022.7,12,1,4022.6,29,3,4022.5,17,2,4022.4,4,1,4022.3,14,3,4024.3,55,5,4024.4,11,1,4024.5,21,1,4024.6,18,3,4024.7,18,2
11483,2026-07-02 13:20:14+05:30,4024.3,1,4037.75,1393454,158481.0,171557.0,4100.0,4110.0,4012.0,4092.6,25166050,4501.8,3683.4,4440.0,3288.1,4022.7,12,1,4022.6,29,3,4022.5,17,2,4022.4,4,1,4022.3,14,3,4024.3,55,5,4024.4,11,1,4024.5,21,1,4024.6,18,3,4024.7,18,2
11483,2026-07-02 13:20:14+05:30,4024.3,1,4037.75,1393454,158481.0,171557.0,4100.0,4110.0,4012.0,4092.6,25166050,4501.8,3683.4,4440.0,3288.1,4022.7,12,1,4022.6,29,3,4022.5,17,2,4022.4,4,1,4022.3,14,3,4024.3,55,5,4024.4,11,1,4024.5,21,1,4024.6,18,3,4024.7,18,2
11483,2026-07-02 13:20:15+05:30,4022.8,1,4037.75,1393462,158469.0,171518.0,4100.0,4110.0,4012.0,4092.6,25166050,4501.8,3683.4,4440.0,3288.1,4022.8,18,1,4022.7,17,2,4022.6,29,3,4022.5,17,2,4022.4,4,1,4024.3,41,4,4024.4,11,1,4024.5,21,1,4024.6,30,4,4024.7,18,2
11483,2026-07-02 13:20:15+05:30,4022.8,1,4037.75,1393462,158469.0,171518.0,4100.0,4110.0,4012.0,4092.6,25166050,4501.8,3683.4,4440.0,3288.1,4022.8,18,1,4022.7,17,2,4022.6,29,3,4022.5,17,2,4022.4,4,1,4024.3,41,4,4024.4,11,1,4024.5,21,1,4024.6,30,4,4024.7,18,2
11483,2026-07-02 13:20:15+05:30,4022.8,1,4037.75,1393462,158469.0,171518.0,4100.0,4110.0,4012.0,4092.6,25166050,4501.8,3683.4,4440.0,3288.1,4022.8,18,1,4022.7,17,2,4022.6,29,3,4022.5,17,2,4022.4,4,1,4024.3,41,4,4024.4,11,1,4024.5,21,1,4024.6,30,4,4024.7,18,2
11483,2026-07-02 13:20:16+05:30,4023.3,1,4037.75,1393465,158711.0,171563.0,4100.0,4110.0,4012.0,4092.6,25166050,4501.8,3683.4,4440.0,3288.1,4023.3,2,2,4022.8,40,3,4022.7,27,2,4022.6,19,2,4022.5,17,2,4024.3,54,5,4024.4,11,1,4024.6,15,2,4024.7,18,2,4024.8,36,5
11483,2026-07-02 13:20:16+05:30,4024.2,1,4037.75,1393465,158711.0,171563.0,4100.0,4110.0,4012.0,4092.6,25166050,4501.8,3683.4,4440.0,3288.1,4023.3,2,2,4022.8,40,3,4022.7,27,2,4022.6,19,2,4022.5,17,2,4024.3,54,5,4024.4,11,1,4024.6,15,2,4024.7,18,2,4024.8,36,5
11483,2026-07-02 13:20:17+05:30,4024.6,2,4037.75,1393497,158756.0,171304.0,4100.0,4110.0,4012.0,4092.6,25166050,4501.8,3683.4,4440.0,3288.1,4024.2,98,1,4023.4,13,1,4023.3,2,2,4023.2,4,1,4023.1,12,1,4024.6,41,5,4024.7,10,2,4024.8,8,2,4024.9,18,1,4025.0,29,4
11483,2026-07-02 13:20:17+05:30,4024.2,4,4037.75,1393497,158756.0,171304.0,4100.0,4110.0,4012.0,4092.6,25166050,4501.8,3683.4,4440.0,3288.1,4024.2,98,1,4023.4,13,1,4023.3,2,2,4023.2,4,1,4023.1,12,1,4024.6,41,5,4024.7,10,2,4024.8,8,2,4024.9,18,1,4025.0,29,4
11483,2026-07-02 13:20:18+05:30,4024.2,1,4037.75,1393502,158756.0,171307.0,4100.0,4110.0,4012.0,4092.6,25166050,4501.8,3683.4,4440.0,3288.1,4024.2,93,1,4023.4,13,1,4023.3,2,2,4023.2,4,1,4023.1,12,1,4024.6,41,5,4024.7,10,2,4024.8,8,2,4024.9,18,1,4025.0,29,4
11483,2026-07-02 13:20:18+05:30,4024.6,1,4037.75,1393502,158756.0,171307.0,4100.0,4110.0,4012.0,4092.6,25166050,4501.8,3683.4,4440.0,3288.1,4024.2,93,1,4023.4,13,1,4023.3,2,2,4023.2,4,1,4023.1,12,1,4024.6,41,5,4024.7,10,2,4024.8,8,2,4024.9,18,1,4025.0,29,4
11483,2026-07-02 13:20:19+05:30,4024.6,1,4037.75,1393525,158765.0,171122.0,4100.0,4110.0,4012.0,4092.6,25166050,4501.8,3683.4,4440.0,3288.1,4024.4,1,1,4024.2,91,1,4023.4,13,1,4023.3,2,2,4023.2,4,1,4024.6,18,5,4024.7,10,2,4024.8,8,2,4024.9,30,2,4025.0,29,4
11483,2026-07-02 13:20:19+05:30,4024.4,1,4037.75,1393525,158765.0,171122.0,4100.0,4110.0,4012.0,4092.6,25166050,4501.8,3683.4,4440.0,3288.1,4024.4,1,1,4024.2,91,1,4023.4,13,1,4023.3,2,2,4023.2,4,1,4024.6,18,5,4024.7,10,2,4024.8,8,2,4024.9,30,2,4025.0,29,4
11483,2026-07-02 13:20:20+05:30,4024.2,1,4037.75,1393528,158789.0,171131.0,4100.0,4110.0,4012.0,4092.6,25166050,4501.8,3683.4,4440.0,3288.1,4024.2,89,1,4023.4,13,1,4023.3,2,2,4023.1,12,1,4023.0,10,2,4024.4,1,1,4024.6,17,4,4024.7,10,2,4024.8,8,2,4024.9,30,2
11483,2026-07-02 13:20:20+05:30,4024.2,1,4037.75,1393528,158789.0,171131.0,4100.0,4110.0,4012.0,4092.6,25166050,4501.8,3683.4,4440.0,3288.1,4024.2,89,1,4023.4,13,1,4023.3,2,2,4023.1,12,1,4023.0,10,2,4024.4,1,1,4024.6,17,4,4024.7,10,2,4024.8,8,2,4024.9,30,2
11483,2026-07-02 13:20:21+05:30,4024.2,5,4037.75,1393534,158813.0,171185.0,4100.0,4110.0,4012.0,4092.6,25166050,4501.8,3683.4,4440.0,3288.1,4024.2,83,1,4023.4,13,1,4023.3,2,2,4023.1,12,1,4023.0,11,3,4024.4,1,1,4024.6,34,6,4024.7,10,2,4024.8,8,2,4024.9,18,1
11483,2026-07-02 13:20:21+05:30,4024.6,1,4037.75,1393534,158813.0,171185.0,4100.0,4110.0,4012.0,4092.6,25166050,4501.8,3683.4,4440.0,3288.1,4024.2,83,1,4023.4,13,1,4023.3,2,2,4023.1,12,1,4023.0,11,3,4024.4,1,1,4024.6,34,6,4024.7,10,2,4024.8,8,2,4024.9,18,1
11483,2026-07-02 13:20:22+05:30,4024.2,1,4037.75,1393539,158808.0,171192.0,4100.0,4110.0,4012.0,4092.6,25166050,4501.8,3683.4,4440.0,3288.1,4024.2,81,1,4023.4,13,1,4023.3,2,2,4023.1,12,1,4023.0,11,3,4024.4,1,1,4024.6,14,3,4024.7,10,2,4024.8,8,2,4024.9,38,3
11483,2026-07-02 13:20:22+05:30,4024.2,1,4037.75,1393539,158808.0,171192.0,4100.0,4110.0,4012.0,4092.6,25166050,4501.8,3683.4,4440.0,3288.1,4024.2,81,1,4023.4,13,1,4023.3,2,2,4023.1,12,1,4023.0,11,3,4024.4,1,1,4024.6,14,3,4024.7,10,2,4024.8,8,2,4024.9,38,3
11483,2026-07-02 13:20:23+05:30,4024.4,1,4037.75,1393542,158773.0,171112.0,4100.0,4110.0,4012.0,4092.6,25166050,4501.8,3683.4,4440.0,3288.1,4024.4,1,1,4024.2,79,1,4023.4,13,1,4023.3,2,2,4023.1,12,1,4024.6,27,4,4024.7,10,2,4024.8,6,1,4024.9,25,2,4025.0,33,4
11483,2026-07-02 13:20:23+05:30,4024.6,2,4037.75,1393542,158773.0,171112.0,4100.0,4110.0,4012.0,4092.6,25166050,4501.8,3683.4,4440.0,3288.1,4024.4,1,1,4024.2,79,1,4023.4,13,1,4023.3,2,2,4023.1,12,1,4024.6,27,4,4024.7,10,2,4024.8,6,1,4024.9,25,2,4025.0,33,4
11483,2026-07-02 13:20:24+05:30,4024.6,2,4037.75,1393547,158615.0,171065.0,4100.0,4110.0,4012.0,4092.6,25166050,4501.8,3683.4,4440.0,3288.1,4024.2,79,1,4023.4,13,1,4023.3,2,2,4023.1,12,1,4023.0,11,3,4024.6,11,4,4024.7,10,2,4024.8,6,1,4024.9,39,3,4025.0,33,4
11483,2026-07-02 13:20:24+05:30,4024.2,1,4037.75,1393547,158615.0,171065.0,4100.0,4110.0,4012.0,4092.6,25166050,4501.8,3683.4,4440.0,3288.1,4024.2,79,1,4023.4,13,1,4023.3,2,2,4023.1,12,1,4023.0,11,3,4024.6,11,4,4024.7,10,2,4024.8,6,1,4024.9,39,3,4025.0,33,4
11483,2026-07-02 13:20:25+05:30,4024.2,1,4037.75,1393549,158619.0,171019.0,4100.0,4110.0,4012.0,4092.6,25166050,4501.8,3683.4,4440.0,3288.1,4024.3,8,1,4024.2,77,1,4023.4,13,1,4023.3,2,2,4023.1,12,1,4024.6,25,5,4024.7,10,2,4024.8,6,1,4024.9,25,2,4025.0,33,4
11483,2026-07-02 13:20:25+05:30,4024.6,3,4037.75,1393549,158619.0,171019.0,4100.0,4110.0,4012.0,4092.6,25166050,4501.8,3683.4,4440.0,3288.1,4024.3,8,1,4024.2,77,1,4023.4,13,1,4023.3,2,2,4023.1,12,1,4024.6,25,5,4024.7,10,2,4024.8,6,1,4024.9,25,2,4025.0,33,4
11483,2026-07-02 13:20:26+05:30,4024.3,1,4037.75,1393556,158682.0,171037.0,4100.0,4110.0,4012.0,4092.6,25166050,4501.8,3683.4,4440.0,3288.1,4024.3,6,1,4024.2,77,1,4023.4,13,1,4023.1,12,1,4023.0,3,2,4024.6,11,3,4024.7,9,2,4024.8,5,1,4024.9,39,3,4025.0,40,5
11483,2026-07-02 13:20:26+05:30,4024.6,1,4037.75,1393556,158682.0,171037.0,4100.0,4110.0,4012.0,4092.6,25166050,4501.8,3683.4,4440.0,3288.1,4024.3,6,1,4024.2,77,1,4023.4,13,1,4023.1,12,1,4023.0,3,2,4024.6,11,3,4024.7,9,2,4024.8,5,1,4024.9,39,3,4025.0,40,5
11483,2026-07-02 13:20:27+05:30,4024.6,1,4037.75,1393566,158702.0,171033.0,4100.0,4110.0,4012.0,4092.6,25166050,4501.8,3683.4,4440.0,3288.1,4024.3,5,1,4024.2,77,1,4023.4,13,1,4023.1,12,1,4023.0,3,2,4024.6,25,5,4024.7,9,2,4024.8,5,1,4024.9,25,2,4025.0,40,5
11483,2026-07-02 13:20:27+05:30,4024.6,1,4037.75,1393566,158702.0,171033.0,4100.0,4110.0,4012.0,4092.6,25166050,4501.8,3683.4,4440.0,3288.1,4024.3,5,1,4024.2,77,1,4023.4,13,1,4023.1,12,1,4023.0,3,2,4024.6,25,5,4024.7,9,2,4024.8,5,1,4024.9,25,2,4025.0,40,5
11483,2026-07-02 13:20:28+05:30,4024.6,1,4037.75,1393570,158845.0,171094.0,4100.0,4110.0,4012.0,4092.6,25166050,4501.8,3683.4,4440.0,3288.1,4024.3,3,1,4024.2,77,1,4023.4,13,1,4023.1,12,1,4023.0,3,2,4024.6,29,5,4024.7,9,2,4024.8,5,1,4024.9,25,2,4025.0,40,5
11483,2026-07-02 13:20:28+05:30,4024.6,8,4037.75,1393570,158845.0,171094.0,4100.0,4110.0,4012.0,4092.6,25166050,4501.8,3683.4,4440.0,3288.1,4024.3,3,1,4024.2,77,1,4023.4,13,1,4023.1,12,1,4023.0,3,2,4024.6,29,5,4024.7,9,2,4024.8,5,1,4024.9,25,2,4025.0,40,5
11483,2026-07-02 13:20:29+05:30,4024.6,1,4037.75,1393655,158839.0,171088.0,4100.0,4110.0,4012.0,4092.6,25166050,4501.8,3683.4,4440.0,3288.1,4024.4,1,1,4024.2,79,2,4023.4,13,1,4023.1,12,1,4023.0,3,2,4024.6,20,4,4024.7,9,2,4024.8,7,2,4024.9,25,2,4025.0,40,5
11483,2026-07-02 13:20:29+05:30,4024.4,1,4037.75,1393655,158839.0,171088.0,4100.0,4110.0,4012.0,4092.6,25166050,4501.8,3683.4,4440.0,3288.1,4024.4,1,1,4024.2,79,2,4023.4,13,1,4023.1,12,1,4023.0,3,2,4024.6,20,4,4024.7,9,2,4024.8,7,2,4024.9,25,2,4025.0,40,5
11483,2026-07-02 13:20:30+05:30,4024.4,1,4037.75,1393657,158569.0,170972.0,4100.0,4110.0,4012.0,4092.6,25166050,4501.8,3683.4,4440.0,3288.1,4024.2,79,2,4023.4,13,1,4023.1,18,2,4023.0,3,2,4022.9,15,1,4024.4,12,5,4024.6,4,1,4024.7,5,1,4024.8,22,3,4024.9,25,2
11483,2026-07-02 13:20:30+05:30,4024.4,3,4037.75,1393657,158569.0,170972.0,4100.0,4110.0,4012.0,4092.6,25166050,4501.8,3683.4,4440.0,3288.1,4024.2,79,2,4023.4,13,1,4023.1,18,2,4023.0,3,2,4022.9,15,1,4024.4,12,5,4024.6,4,1,4024.7,5,1,4024.8,22,3,4024.9,25,2
11483,2026-07-02 13:20:31+05:30,4024.4,3,4037.75,1393663,158609.0,170971.0,4100.0,4110.0,4012.0,4092.6,25166050,4501.8,3683.4,4440.0,3288.1,4024.2,79,2,4023.4,13,1,4023.1,18,2,4023.0,3,2,4022.9,17,2,4024.4,11,4,4024.6,4,1,4024.7,5,1,4024.8,22,3,4024.9,25,2
11483,2026-07-02 13:20:31+05:30,4024.4,1,4037.75,1393663,158609.0,170971.0,4100.0,4110.0,4012.0,4092.6,25166050,4501.8,3683.4,4440.0,3288.1,4024.2,79,2,4023.4,13,1,4023.1,18,2,4023.0,3,2,4022.9,17,2,4024.4,11,4,4024.6,4,1,4024.7,5,1,4024.8,22,3,4024.9,25,2
11483,2026-07-02 13:20:32+05:30,4024.4,1,4037.75,1393666,158620.0,170931.0,4100.0,4110.0,4012.0,4092.6,25166050,4501.8,3683.4,4440.0,3288.1,4024.2,78,2,4023.4,13,1,4023.1,18,2,4023.0,3,2,4022.9,17,2,4024.4,8,3,4024.6,4,1,4024.7,5,1,4024.8,22,3,4024.9,25,2
11483,2026-07-02 13:20:32+05:30,4024.4,1,4037.75,1393666,158620.0,170931.0,4100.0,4110.0,4012.0,4092.6,25166050,4501.8,3683.4,4440.0,3288.1,4024.2,78,2,4023.4,13,1,4023.1,18,2,4023.0,3,2,4022.9,17,2,4024.4,8,3,4024.6,4,1,4024.7,5,1,4024.8,22,3,4024.9,25,2
11483,2026-07-02 13:20:33+05:30,4024.4,1,4037.75,1393667,158620.0,170983.0,4100.0,4110.0,4012.0,4092.6,25166050,4501.8,3683.4,4440.0,3288.1,4024.2,78,2,4023.4,13,1,4023.1,18,2,4023.0,3,2,4022.9,17,2,4024.4,5,2,4024.6,4,1,4024.7,5,1,4024.8,22,3,4024.9,25,2
11483,2026-07-02 13:20:33+05:30,4024.6,1,4037.75,1393667,158620.0,170983.0,4100.0,4110.0,4012.0,4092.6,25166050,4501.8,3683.4,4440.0,3288.1,4024.2,78,2,4023.4,13,1,4023.1,18,2,4023.0,3,2,4022.9,17,2,4024.4,5,2,4024.6,4,1,4024.7,5,1,4024.8,22,3,4024.9,25,2
11483,2026-07-02 13:20:34+05:30,4024.6,1,4037.75,1393694,158622.0,170959.0,4100.0,4110.0,4012.0,4092.6,25166050,4501.8,3683.4,4440.0,3288.1,4024.4,2,1,4024.2,78,2,4023.4,13,1,4023.1,18,2,4023.0,3,2,4024.6,12,1,4024.7,15,1,4024.8,7,2,4024.9,25,2,4025.0,35,4
11483,2026-07-02 13:20:34+05:30,4024.4,1,4037.75,1393694,158622.0,170959.0,4100.0,4110.0,4012.0,4092.6,25166050,4501.8,3683.4,4440.0,3288.1,4024.4,2,1,4024.2,78,2,4023.4,13,1,4023.1,18,2,4023.0,3,2,4024.6,12,1,4024.7,15,1,4024.8,7,2,4024.9,25,2,4025.0,35,4
11483,2026-07-02 13:20:35+05:30,4024.4,1,4037.75,1393697,158613.0,170970.0,4100.0,4110.0,4012.0,4092.6,25166050,4501.8,3683.4,4440.0,3288.1,4024.2,78,2,4023.4,13,1,4023.1,18,2,4023.0,3,2,4022.9,17,2,4024.4,1,1,4024.6,27,2,4024.8,2,1,4024.9,18,1,4025.0,35,4
11483,2026-07-02 13:20:35+05:30,4024.2,1,4037.75,1393697,158613.0,170970.0,4100.0,4110.0,4012.0,4092.6,25166050,4501.8,3683.4,4440.0,3288.1,4024.2,78,2,4023.4,13,1,4023.1,18,2,4023.0,3,2,4022.9,17,2,4024.4,1,1,4024.6,27,2,4024.8,2,1,4024.9,18,1,4025.0,35,4
11483,2026-07-02 13:20:36+05:30,4024.2,1,4037.75,1393699,158547.0,170933.0,4100.0,4110.0,4012.0,4092.6,25166050,4501.8,3683.4,4440.0,3288.1,4024.2,77,2,4023.4,13,1,4023.1,18,2,4023.0,3,2,4022.9,17,2,4024.4,1,1,4024.6,27,2,4024.8,2,1,4024.9,18,1,4025.0,35,4
11483,2026-07-02 13:20:36+05:30,4024.4,1,4037.75,1393699,158547.0,170933.0,4100.0,4110.0,4012.0,4092.6,25166050,4501.8,3683.4,4440.0,3288.1,4024.2,77,2,4023.4,13,1,4023.1,18,2,4023.0,3,2,4022.9,17,2,4024.4,1,1,4024.6,27,2,4024.8,2,1,4024.9,18,1,4025.0,35,4
11483,2026-07-02 13:20:37+05:30,4024.4,1,4037.75,1393700,158543.0,170932.0,4100.0,4110.0,4012.0,4092.6,25166050,4501.8,3683.4,4440.0,3288.1,4024.2,79,3,4023.4,13,1,4023.1,18,2,4023.0,3,2,4022.9,17,2,4024.6,27,2,4024.8,2,1,4024.9,18,1,4025.0,35,4,4025.1,24,2
11483,2026-07-02 13:20:37+05:30,4024.6,1,4037.75,1393700,158543.0,170932.0,4100.0,4110.0,4012.0,4092.6,25166050,4501.8,3683.4,4440.0,3288.1,4024.2,79,3,4023.4,13,1,4023.1,18,2,4023.0,3,2,4022.9,17,2,4024.6,27,2,4024.8,2,1,4024.9,18,1,4025.0,35,4,4025.1,24,2
11483,2026-07-02 13:20:38+05:30,4024.6,1,4037.75,1393701,158549.0,170985.0,4100.0,4110.0,4012.0,4092.6,25166050,4501.8,3683.4,4440.0,3288.1,4024.2,79,3,4023.4,13,1,4023.1,18,2,4023.0,3,2,4022.9,17,2,4024.6,12,2,4024.8,17,2,4024.9,18,1,4025.0,27,3,4025.1,24,2
11483,2026-07-02 13:20:38+05:30,4024.6,1,4037.75,1393701,158549.0,170985.0,4100.0,4110.0,4012.0,4092.6,25166050,4501.8,3683.4,4440.0,3288.1,4024.2,79,3,4023.4,13,1,4023.1,18,2,4023.0,3,2,4022.9,17,2,4024.6,12,2,4024.8,17,2,4024.9,18,1,4025.0,27,3,4025.1,24,2
11483,2026-07-02 13:20:39+05:30,4024.6,1,4037.75,1393705,158549.0,170982.0,4100.0,4110.0,4012.0,4092.6,25166050,4501.8,3683.4,4440.0,3288.1,4024.4,2,2,4024.2,78,3,4023.4,13,1,4023.1,18,2,4023.0,34,3,4024.6,9,2,4024.8,2,1,4024.9,18,1,4025.0,27,3,4025.1,24,2
11483,2026-07-02 13:20:39+05:30,4024.6,1,4037.75,1393705,158549.0,170982.0,4100.0,4110.0,4012.0,4092.6,25166050,4501.8,3683.4,4440.0,3288.1,4024.4,2,2,4024.2,78,3,4023.4,13,1,4023.1,18,2,4023.0,34,3,4024.6,9,2,4024.8,2,1,4024.9,18,1,4025.0,27,3,4025.1,24,2
11483,2026-07-02 13:20:40+05:30,4024.6,1,4037.75,1393710,159243.0,170946.0,4100.0,4110.0,4012.0,4092.6,25166050,4501.8,3683.4,4440.0,3288.1,4024.4,50,1,4024.2,78,3,4023.4,13,1,4023.1,19,3,4023.0,74,5,4024.6,7,2,4024.8,2,1,4024.9,31,2,4025.0,20,2,4025.2,10,1
11483,2026-07-02 13:20:40+05:30,4024.6,1,4037.75,1393710,159243.0,170946.0,4100.0,4110.0,4012.0,4092.6,25166050,4501.8,3683.4,4440.0,3288.1,4024.4,50,1,4024.2,78,3,4023.4,13,1,4023.1,19,3,4023.0,74,5,4024.6,7,2,4024.8,2,1,4024.9,31,2,4025.0,20,2,4025.2,10,1
11483,2026-07-02 13:20:41+05:30,4024.6,1,4037.75,1393715,159280.0,170967.0,4100.0,4110.0,4012.0,4092.6,25166050,4501.8,3683.4,4440.0,3288.1,4024.4,47,1,4024.2,78,3,4023.4,13,1,4023.2,1,1,4023.1,52,3,4024.6,5,2,4024.8,2,1,4024.9,31,2,4025.0,4,1,4025.3,20,2
11483,2026-07-02 13:20:41+05:30,4024.6,1,4037.75,1393715,159280.0,170967.0,4100.0,4110.0,4012.0,4092.6,25166050,4501.8,3683.4,4440.0,3288.1,4024.4,47,1,4024.2,78,3,4023.4,13,1,4023.2,1,1,4023.1,52,3,4024.6,5,2,4024.8,2,1,4024.9,31,2,4025.0,4,1,4025.3,20,2
11483,2026-07-02 13:20:42+05:30,4024.4,1,4037.75,1393724,159289.0,170980.0,4100.0,4110.0,4012.0,4092.6,25166050,4501.8,3683.4,4440.0,3288.1,4024.4,53,2,4024.2,78,3,4023.4,35,2,4023.3,17,2,4023.2,1,1,4024.6,14,1,4024.8,2,1,4024.9,31,2,4025.0,4,1,4025.3,20,2
11483,2026-07-02 13:20:42+05:30,4024.6,1,4037.75,1393724,159289.0,170980.0,4100.0,4110.0,4012.0,4092.6,25166050,4501.8,3683.4,4440.0,3288.1,4024.4,53,2,4024.2,78,3,4023.4,35,2,4023.3,17,2,4023.2,1,1,4024.6,14,1,4024.8,2,1,4024.9,31,2,4025.0,4,1,4025.3,20,2
11483,2026-07-02 13:20:43+05:30,4024.5,1,4037.75,1393729,159277.0,170973.0,4100.0,4110.0,4012.0,4092.6,25166050,4501.8,3683.4,4440.0,3288.1,4024.5,1,1,4024.4,52,2,4024.2,76,2,4023.4,35,2,4023.3,15,1,4024.6,13,1,4024.8,2,1,4024.9,31,2,4025.0,4,1,4025.3,16,1
11483,2026-07-02 13:20:43+05:30,4024.5,2,4037.75,1393729,159277.0,170973.0,4100.0,4110.0,4012.0,4092.6,25166050,4501.8,3683.4,4440.0,3288.1,4024.5,1,1,4024.4,52,2,4024.2,76,2,4023.4,35,2,4023.3,15,1,4024.6,13,1,4024.8,2,1,4024.9,31,2,4025.0,4,1,4025.3,16,1
11483,2026-07-02 13:20:44+05:30,4024.5,1,4037.75,1393733,159285.0,171016.0,4100.0,4110.0,4012.0,4092.6,25166050,4501.8,3683.4,4440.0,3288.1,4024.5,1,1,4024.4,52,2,4024.2,76,2,4023.4,35,2,4023.3,18,1,4024.6,13,1,4024.8,2,1,4024.9,31,2,4025.0,4,1,4025.3,16,1
11483,2026-07-02 13:20:44+05:30,4024.5,2,4037.75,1393733,159285.0,171016.0,4100.0,4110.0,4012.0,4092.6,25166050,4501.8,3683.4,4440.0,3288.1,4024.5,1,1,4024.4,52,2,4024.2,76,2,4023.4,35,2,4023.3,18,1,4024.6,13,1,4024.8,2,1,4024.9,31,2,4025.0,4,1,4025.3,16,1
11483,2026-07-02 13:20:45+05:30,4024.5,1,4037.75,1393740,159290.0,171007.0,4100.0,4110.0,4012.0,4092.6,25166050,4501.8,3683.4,4440.0,3288.1,4024.5,1,1,4024.4,52,2,4024.2,76,2,4023.8,15,1,4023.4,35,2,4024.6,12,2,4024.8,2,1,4024.9,31,2,4025.0,4,1,4025.3,31,2
11483,2026-07-02 13:20:45+05:30,4024.6,3,4037.75,1393740,159290.0,171007.0,4100.0,4110.0,4012.0,4092.6,25166050,4501.8,3683.4,4440.0,3288.1,4024.5,1,1,4024.4,52,2,4024.2,76,2,4023.8,15,1,4023.4,35,2,4024.6,12,2,4024.8,2,1,4024.9,31,2,4025.0,4,1,4025.3,31,2
11483,2026-07-02 13:20:46+05:30,4024.6,7,4037.75,1393797,159210.0,171007.0,4100.0,4110.0,4012.0,4092.6,25166050,4501.8,3683.4,4440.0,3288.1,4024.4,52,2,4024.2,76,2,4023.8,15,1,4023.4,53,3,4023.2,2,2,4024.6,28,2,4024.8,2,1,4024.9,18,1,4025.0,4,1,4025.3,31,2
11483,2026-07-02 13:20:46+05:30,4024.4,2,4037.75,1393797,159210.0,171007.0,4100.0,4110.0,4012.0,4092.6,25166050,4501.8,3683.4,4440.0,3288.1,4024.4,52,2,4024.2,76,2,4023.8,15,1,4023.4,53,3,4023.2,2,2,4024.6,28,2,4024.8,2,1,4024.9,18,1,4025.0,4,1,4025.3,31,2
11483,2026-07-02 13:20:47+05:30,4024.4,1,4037.75,1393808,159550.0,170953.0,4100.0,4110.0,4012.0,4092.6,25166050,4501.8,3683.4,4440.0,3288.1,4024.4,41,2,4024.2,76,2,4023.8,15,1,4023.4,41,2,4023.3,18,1,4024.6,28,2,4024.8,2,1,4024.9,18,1,4025.0,19,2,4025.3,16,1
11483,2026-07-02 13:20:47+05:30,4024.4,2,4037.75,1393808,159550.0,170953.0,4100.0,4110.0,4012.0,4092.6,25166050,4501.8,3683.4,4440.0,3288.1,4024.4,41,2,4024.2,76,2,4023.8,15,1,4023.4,41,2,4023.3,18,1,4024.6,28,2,4024.8,2,1,4024.9,18,1,4025.0,19,2,4025.3,16,1
11483,2026-07-02 13:20:48+05:30,4024.5,1,4037.75,1393812,159551.0,170981.0,4100.0,4110.0,4012.0,4092.6,25166050,4501.8,3683.4,4440.0,3288.1,4024.5,4,1,4024.4,38,2,4024.2,76,2,4023.8,15,1,4023.4,59,3,4024.6,28,2,4024.8,2,1,4024.9,18,1,4025.0,54,2,4025.1,15,1
11483,2026-07-02 13:20:48+05:30,4024.5,1,4037.75,1393812,159551.0,170981.0,4100.0,4110.0,4012.0,4092.6,25166050,4501.8,3683.4,4440.0,3288.1,4024.5,4,1,4024.4,38,2,4024.2,76,2,4023.8,15,1,4023.4,59,3,4024.6,28,2,4024.8,2,1,4024.9,18,1,4025.0,54,2,4025.1,15,1
11483,2026-07-02 13:20:49+05:30,4024.5,1,4037.75,1393821,159543.0,170976.0,4100.0,4110.0,4012.0,4092.6,25166050,4501.8,3683.4,4440.0,3288.1,4024.5,1,1,4024.4,38,2,4024.2,76,2,4023.8,15,1,4023.4,41,2,4024.6,23,2,4024.8,2,1,4024.9,18,1,4025.0,54,2,4025.1,15,1
11483,2026-07-02 13:20:49+05:30,4024.6,1,4037.75,1393821,159543.0,170976.0,4100.0,4110.0,4012.0,4092.6,25166050,4501.8,3683.4,4440.0,3288.1,4024.5,1,1,4024.4,38,2,4024.2,76,2,4023.8,15,1,4023.4,41,2,4024.6,23,2,4024.8,2,1,4024.9,18,1,4025.0,54,2,4025.1,15,1
11483,2026-07-02 13:20:50+05:30,4024.4,1,4037.75,1393826,159539.0,171020.0,4100.0,4110.0,4012.0,4092.6,25166050,4501.8,3683.4,4440.0,3288.1,4024.4,35,2,4024.2,76,2,4023.8,15,1,4023.4,41,2,4023.3,18,1,4024.5,1,1,4024.6,22,2,4024.8,2,1,4024.9,18,1,4025.0,54,2
11483,2026-07-02 13:20:50+05:30,4024.4,2,4037.75,1393826,159539.0,171020.0,4100.0,4110.0,4012.0,4092.6,25166050,4501.8,3683.4,4440.0,3288.1,4024.4,35,2,4024.2,76,2,4023.8,15,1,4023.4,41,2,4023.3,18,1,4024.5,1,1,4024.6,22,2,4024.8,2,1,4024.9,18,1,4025.0,54,2
11483,2026-07-02 13:20:51+05:30,4024.4,1,4037.75,1393830,159589.0,171053.0,4100.0,4110.0,4012.0,4092.6,25166050,4501.8,3683.4,4440.0,3288.1,4024.4,31,2,4024.2,76,2,4023.8,15,1,4023.4,13,1,4023.3,18,1,4024.5,1,1,4024.6,22,2,4024.7,15,1,4024.8,2,1,4024.9,23,2
11483,2026-07-02 13:20:51+05:30,4024.4,2,4037.75,1393830,159589.0,171053.0,4100.0,4110.0,4012.0,4092.6,25166050,4501.8,3683.4,4440.0,3288.1,4024.4,31,2,4024.2,76,2,4023.8,15,1,4023.4,13,1,4023.3,18,1,4024.5,1,1,4024.6,22,2,4024.7,15,1,4024.8,2,1,4024.9,23,2
11483,2026-07-02 13:20:52+05:30,4024.4,1,4037.75,1393834,159099.0,171008.0,4100.0,4110.0,4012.0,4092.6,25166050,4501.8,3683.4,4440.0,3288.1,4024.4,27,2,4024.2,76,2,4023.8,15,1,4023.6,5,1,4023.4,13,1,4024.5,1,1,4024.6,37,3,4024.8,2,1,4024.9,23,2,4025.0,94,4
11483,2026-07-02 13:20:52+05:30,4024.4,1,4037.75,1393834,159099.0,171008.0,4100.0,4110.0,4012.0,4092.6,25166050,4501.8,3683.4,4440.0,3288.1,4024.4,27,2,4024.2,76,2,4023.8,15,1,4023.6,5,1,4023.4,13,1,4024.5,1,1,4024.6,37,3,4024.8,2,1,4024.9,23,2,4025.0,94,4
11483,2026-07-02 13:20:53+05:30,4024.4,1,4037.75,1393853,159539.0,170989.0,4100.0,4110.0,4012.0,4092.6,25166050,4501.8,3683.4,4440.0,3288.1,4024.4,8,1,4024.2,76,2,4023.8,15,1,4023.6,5,1,4023.4,13,1,4024.5,6,3,4024.6,22,2,4024.7,3,1,4024.8,17,2,4024.9,23,2
11483,2026-07-02 13:20:53+05:30,4024.4,1,4037.75,1393853,159539.0,170989.0,4100.0,4110.0,4012.0,4092.6,25166050,4501.8,3683.4,4440.0,3288.1,4024.4,8,1,4024.2,76,2,4023.8,15,1,4023.6,5,1,4023.4,13,1,4024.5,6,3,4024.6,22,2,4024.7,3,1,4024.8,17,2,4024.9,23,2
11483,2026-07-02 13:20:54+05:30,4024.5,1,4037.75,1393869,159601.0,171072.0,4100.0,4110.0,4012.0,4092.6,25166050,4501.8,3683.4,4440.0,3288.1,4024.4,3,1,4024.2,76,2,4023.6,20,2,4023.4,13,1,4023.1,19,3,4024.6,28,3,4024.7,3,1,4024.8,21,4,4024.9,23,2,4025.0,94,4
11483,2026-07-02 13:20:54+05:30,4024.2,1,4037.75,1393869,159601.0,171072.0,4100.0,4110.0,4012.0,4092.6,25166050,4501.8,3683.4,4440.0,3288.1,4024.4,3,1,4024.2,76,2,4023.6,20,2,4023.4,13,1,4023.1,19,3,4024.6,28,3,4024.7,3,1,4024.8,21,4,4024.9,23,2,4025.0,94,4
11483,2026-07-02 13:20:55+05:30,4024.5,1,4037.75,1393874,159572.0,171059.0,4100.0,4110.0,4012.0,4092.6,25166050,4501.8,3683.4,4440.0,3288.1,4024.5,10,1,4024.2,75,2,4023.6,20,2,4023.4,13,1,4023.2,18,1,4024.6,29,4,4024.8,17,3,4024.9,24,3,4025.0,99,5,4025.1,28,4
11483,2026-07-02 13:20:55+05:30,4024.6,1,4037.75,1393874,159572.0,171059.0,4100.0,4110.0,4012.0,4092.6,25166050,4501.8,3683.4,4440.0,3288.1,4024.5,10,1,4024.2,75,2,4023.6,20,2,4023.4,13,1,4023.2,18,1,4024.6,29,4,4024.8,17,3,4024.9,24,3,4025.0,99,5,4025.1,28,4
11483,2026-07-02 13:20:56+05:30,4024.5,1,4037.75,1393958,159152.0,170794.0,4100.0,4110.0,4012.0,4092.6,25166050,4501.8,3683.4,4440.0,3288.1,4024.5,6,1,4024.2,75,2,4023.6,20,2,4023.4,13,1,4023.2,18,1,4024.6,12,1,4024.8,31,4,4024.9,24,3,4025.0,99,5,4025.1,22,2
11483,2026-07-02 13:20:56+05:30,4024.2,2,4037.75,1393958,159152.0,170794.0,4100.0,4110.0,4012.0,4092.6,25166050,4501.8,3683.4,4440.0,3288.1,4024.5,6,1,4024.2,75,2,4023.6,20,2,4023.4,13,1,4023.2,18,1,4024.6,12,1,4024.8,31,4,4024.9,24,3,4025.0,99,5,4025.1,22,2
11483,2026-07-02 13:20:57+05:30,4024.2,1,4037.75,1393967,159167.0,170859.0,4100.0,4110.0,4012.0,4092.6,25166050,4501.8,3683.4,4440.0,3288.1,4024.2,72,2,4023.6,20,2,4023.4,13,1,4023.1,37,4,4023.0,28,3,4024.5,1,1,4024.6,26,2,4024.8,17,3,4024.9,24,3,4025.0,99,5
11483,2026-07-02 13:20:57+05:30,4024.6,1,4037.75,1393967,159167.0,170859.0,4100.0,4110.0,4012.0,4092.6,25166050,4501.8,3683.4,4440.0,3288.1,4024.2,72,2,4023.6,20,2,4023.4,13,1,4023.1,37,4,4023.0,28,3,4024.5,1,1,4024.6,26,2,4024.8,17,3,4024.9,24,3,4025.0,99,5
11483,2026-07-02 13:20:58+05:30,4024.2,1,4037.75,1394004,159138.0,170923.0,4100.0,4110.0,4012.0,4092.6,25166050,4501.8,3683.4,4440.0,3288.1,4024.2,42,2,4023.6,20,2,4023.4,13,1,4023.1,19,3,4023.0,28,3,4024.6,27,3,4024.8,17,3,4024.9,24,3,4025.0,99,5,4025.1,22,2
11483,2026-07-02 13:20:58+05:30,4024.6,7,4037.75,1394004,159138.0,170923.0,4100.0,4110.0,4012.0,4092.6,25166050,4501.8,3683.4,4440.0,3288.1,4024.2,42,2,4023.6,20,2,4023.4,13,1,4023.1,19,3,4023.0,28,3,4024.6,27,3,4024.8,17,3,4024.9,24,3,4025.0,99,5,4025.1,22,2
11483,2026-07-02 13:20:59+05:30,4024.4,1,4037.75,1394019,159124.0,170886.0,4100.0,4110.0,4012.0,4092.6,25166050,4501.8,3683.4,4440.0,3288.1,4024.2,35,2,4023.6,20,2,4023.4,13,1,4023.1,19,3,4023.0,28,3,4024.6,30,5,4024.7,5,1,4024.8,6,2,4024.9,24,3,4025.0,99,5
11483,2026-07-02 13:20:59+05:30,4024.2,1,4037.75,1394019,159124.0,170886.0,4100.0,4110.0,4012.0,4092.6,25166050,4501.8,3683.4,4440.0,3288.1,4024.2,35,2,4023.6,20,2,4023.4,13,1,4023.1,19,3,4023.0,28,3,4024.6,30,5,4024.7,5,1,4024.8,6,2,4024.9,24,3,4025.0,99,5
11483,2026-07-02 13:21:00+05:30,4024.2,1,4037.75,1394025,159118.0,170988.0,4100.0,4110.0,4012.0,4092.6,25166050,4501.8,3683.4,4440.0,3288.1,4024.2,29,2,4023.6,20,2,4023.4,13,1,4023.1,19,3,4023.0,28,3,4024.6,29,5,4024.7,5,1,4024.8,12,3,4024.9,42,4,4025.0,99,5
11483,2026-07-02 13:21:00+05:30,4024.6,4,4037.75,1394025,159118.0,170988.0,4100.0,4110.0,4012.0,4092.6,25166050,4501.8,3683.4,4440.0,3288.1,4024.2,29,2,4023.6,20,2,4023.4,13,1,4023.1,19,3,4023.0,28,3,4024.6,29,5,4024.7,5,1,4024.8,12,3,4024.9,42,4,4025.0,99,5
11483,2026-07-02 13:21:01+05:30,4024.6,1,4037.75,1394036,159115.0,170927.0,4100.0,4110.0,4012.0,4092.6,25166050,4501.8,3683.4,4440.0,3288.1,4024.2,26,2,4023.6,20,2,4023.4,13,1,4023.1,19,3,4023.0,28,3,4024.6,34,5,4024.7,5,1,4024.8,13,4,4024.9,24,3,4025.0,99,5
11483,2026-07-02 13:21:01+05:30,4024.6,5,4037.75,1394036,159115.0,170927.0,4100.0,4110.0,4012.0,4092.6,25166050,4501.8,3683.4,4440.0,3288.1,4024.2,26,2,4023.6,20,2,4023.4,13,1,4023.1,19,3,4023.0,28,3,4024.6,34,5,4024.7,5,1,4024.8,13,4,4024.9,24,3,4025.0,99,5
11483,2026-07-02 13:21:02+05:30,4024.3,1,4037.75,1394045,158900.0,171340.0,4100.0,4110.0,4012.0,4092.6,25166050,4501.8,3683.4,4440.0,3288.1,4024.2,23,2,4023.6,20,2,4023.1,19,3,4023.0,28,3,4022.8,50,4,4024.3,80,1,4024.4,57,3,4024.5,45,2,4024.6,28,5,4024.7,79,3
11483,2026-07-02 13:21:02+05:30,4023.6,2,4037.75,1394045,158900.0,171340.0,4100.0,4110.0,4012.0,4092.6,25166050,4501.8,3683.4,4440.0,3288.1,4024.2,23,2,4023.6,20,2,4023.1,19,3,4023.0,28,3,4022.8,50,4,4024.3,80,1,4024.4,57,3,4024.5,45,2,4024.6,28,5,4024.7,79,3
11483,2026-07-02 13:21:03+05:30,4024.0,1,4037.75,1394071,158965.0,171410.0,4100.0,4110.0,4012.0,4092.6,25166050,4501.8,3683.4,4440.0,3288.1,4023.6,18,2,4023.1,7,2,4023.0,28,3,4022.8,39,3,4022.7,77,2,4024.0,41,1,4024.1,55,2,4024.3,42,1,4024.4,10,2,4024.5,58,3
11483,2026-07-02 13:21:03+05:30,4024.0,5,4037.75,1394071,158965.0,171410.0,4100.0,4110.0,4012.0,4092.6,25166050,4501.8,3683.4,4440.0,3288.1,4023.6,18,2,4023.1,7,2,4023.0,28,3,4022.8,39,3,4022.7,77,2,4024.0,41,1,4024.1,55,2,4024.3,42,1,4024.4,10,2,4024.5,58,3
11483,2026-07-02 13:21:04+05:30,4023.7,1,4037.74,1394083,158960.0,171390.0,4100.0,4110.0,4012.0,4092.6,25166050,4501.8,3683.4,4440.0,3288.1,4023.6,12,1,4023.1,7,2,4023.0,26,2,4022.8,22,2,4022.7,77,2,4023.7,73,1,4023.9,55,2,4024.0,39,3,4024.1,42,1,4024.2,13,1
11483,2026-07-02 13:21:04+05:30,4023.8,2,4037.74,1394083,158960.0,171390.0,4100.0,4110.0,4012.0,4092.6,25166050,4501.8,3683.4,4440.0,3288.1,4023.6,12,1,4023.1,7,2,4023.0,26,2,4022.8,22,2,4022.7,77,2,4023.7,73,1,4023.9,55,2,4024.0,39,3,4024.1,42,1,4024.2,13,1
11483,2026-07-02 13:21:05+05:30,4023.6,11,4037.74,1394098,158856.0,171434.0,4100.0,4110.0,4012.0,4092.6,25166050,4501.8,3683.4,4440.0,3288.1,4023.1,7,2,4023.0,26,2,4022.8,10,1,4022.7,60,1,4022.6,9,2,4023.6,59,1,4023.8,39,1,4023.9,13,1,4024.0,81,4,4024.2,55,2
11483,2026-07-02 13:21:05+05:30,4023.1,2,4037.74,1394098,158856.0,171434.0,4100.0,4110.0,4012.0,4092.6,25166050,4501.8,3683.4,4440.0,3288.1,4023.1,7,2,4023.0,26,2,4022.8,10,1,4022.7,60,1,4022.6,9,2,4023.6,59,1,4023.8,39,1,4023.9,13,1,4024.0,81,4,4024.2,55,2
11483,2026-07-02 13:21:06+05:30,4023.1,1,4037.74,1394109,158675.0,171415.0,4100.0,4110.0,4012.0,4092.6,25166050,4501.8,3683.4,4440.0,3288.1,4023.1,4,2,4023.0,26,2,4022.8,10,1,4022.7,60,1,4022.6,7,1,4023.3,51,1,4023.6,2,1,4023.7,42,1,4023.8,39,1,4023.9,55,2
11483,2026-07-02 13:21:06+05:30,4023.1,2,4037.74,1394109,158675.0,171415.0,4100.0,4110.0,4012.0,4092.6,25166050,4501.8,3683.4,4440.0,3288.1,4023.1,4,2,4023.0,26,2,4022.8,10,1,4022.7,60,1,4022.6,7,1,4023.3,51,1,4023.6,2,1,4023.7,42,1,4023.8,39,1,4023.9,55,2
11483,2026-07-02 13:21:07+05:30,4023.3,1,4037.74,1394113,158668.0,171454.0,4100.0,4110.0,4012.0,4092.6,25166050,4501.8,3683.4,4440.0,3288.1,4023.1,2,2,4023.0,26,2,4022.8,10,1,4022.7,60,1,4022.6,7,1,4023.3,49,1,4023.5,42,1,4023.6,2,1,4023.7,42,1,4023.8,39,1
11483,2026-07-02 13:21:07+05:30,4023.3,20,4037.74,1394113,158668.0,171454.0,4100.0,4110.0,4012.0,4092.6,25166050,4501.8,3683.4,4440.0,3288.1,4023.1,2,2,4023.0,26,2,4022.8,10,1,4022.7,60,1,4022.6,7,1,4023.3,49,1,4023.5,42,1,4023.6,2,1,4023.7,42,1,4023.8,39,1
11483,2026-07-02 13:21:08+05:30,4023.1,1,4037.74,1394137,158092.0,172258.0,4100.0,4110.0,4012.0,4092.6,25166050,4501.8,3683.4,4440.0,3288.1,4023.0,26,2,4022.8,10,1,4022.7,60,1,4022.6,7,1,4022.5,50,1,4023.1,25,1,4023.3,2,1,4023.5,42,1,4023.7,43,2,4023.8,51,2
11483,2026-07-02 13:21:08+05:30,4023.0,2,4037.74,1394137,158092.0,172258.0,4100.0,4110.0,4012.0,4092.6,25166050,4501.8,3683.4,4440.0,3288.1,4023.0,26,2,4022.8,10,1,4022.7,60,1,4022.6,7,1,4022.5,50,1,4023.1,25,1,4023.3,2,1,4023.5,42,1,4023.7,43,2,4023.8,51,2
11483,2026-07-02 13:21:09+05:30,4023.3,1,4037.74,1394142,158456.0,171549.0,4100.0,4110.0,4012.0,4092.6,25166050,4501.8,3683.4,4440.0,3288.1,4023.1,1,1,4023.0,32,3,4022.8,10,1,4022.7,71,2,4022.6,4,2,4024.0,14,2,4024.4,10,1,4024.5,17,3,4024.6,51,4,4024.7,37,2
11483,2026-07-02 13:21:09+05:30,4023.3,1,4037.74,1394142,158456.0,171549.0,4100.0,4110.0,4012.0,4092.6,25166050,4501.8,3683.4,4440.0,3288.1,4023.1,1,1,4023.0,32,3,4022.8,10,1,4022.7,71,2,4022.6,4,2,4024.0,14,2,4024.4,10,1,4024.5,17,3,4024.6,51,4,4024.7,37,2
11483,2026-07-02 13:21:09+05:30,4023.1,1,4037.74,1394142,158456.0,171549.0,4100.0,4110.0,4012.0,4092.6,25166050,4501.8,3683.4,4440.0,3288.1,4023.1,1,1,4023.0,32,3,4022.8,10,1,4022.7,71,2,4022.6,4,2,4024.0,14,2,4024.4,10,1,4024.5,17,3,4024.6,51,4,4024.7,37,2
11483,2026-07-02 13:21:10+05:30,4023.1,1,4037.74,1394142,158456.0,171549.0,4100.0,4110.0,4012.0,4092.6,25166050,4501.8,3683.4,4440.0,3288.1,4023.1,1,1,4023.0,32,3,4022.8,10,1,4022.7,71,2,4022.6,4,2,4024.0,14,2,4024.4,10,1,4024.5,17,3,4024.6,51,4,4024.7,37,2
11483,2026-07-02 13:21:10+05:30,4024.0,1,4037.74,1394145,158505.0,171608.0,4100.0,4110.0,4012.0,4092.6,25166050,4501.8,3683.4,4440.0,3288.1,4023.1,1,1,4023.0,32,3,4022.8,10,1,4022.7,60,1,4022.6,1,1,4023.6,12,1,4024.0,102,2,4024.4,41,3,4024.5,17,3,4024.6,51,4
11483,2026-07-02 13:21:10+05:30,4024.0,1,4037.74,1394145,158505.0,171608.0,4100.0,4110.0,4012.0,4092.6,25166050,4501.8,3683.4,4440.0,3288.1,4023.1,1,1,4023.0,32,3,4022.8,10,1,4022.7,60,1,4022.6,1,1,4023.6,12,1,4024.0,102,2,4024.4,41,3,4024.5,17,3,4024.6,51,4
11483,2026-07-02 13:21:10+05:30,4024.0,1,4037.74,1394145,158505.0,171608.0,4100.0,4110.0,4012.0,4092.6,25166050,4501.8,3683.4,4440.0,3288.1,4023.1,1,1,4023.0,32,3,4022.8,10,1,4022.7,60,1,4022.6,1,1,4023.6,12,1,4024.0,102,2,4024.4,41,3,4024.5,17,3,4024.6,51,4
11483,2026-07-02 13:21:11+05:30,4024.0,1,4037.74,1394145,158505.0,171608.0,4100.0,4110.0,4012.0,4092.6,25166050,4501.8,3683.4,4440.0,3288.1,4023.3,9,1,4023.1,1,1,4023.0,32,3,4022.8,10,1,4022.7,60,1,4024.0,114,3,4024.4,30,2,4024.5,17,3,4024.6,51,4,4024.7,37,2
11483,2026-07-02 13:21:11+05:30,4023.3,1,4037.74,1394146,158515.0,171545.0,4100.0,4110.0,4012.0,4092.6,25166050,4501.8,3683.4,4440.0,3288.1,4023.3,9,1,4023.1,1,1,4023.0,32,3,4022.8,10,1,4022.7,60,1,4024.0,114,3,4024.4,30,2,4024.5,17,3,4024.6,51,4,4024.7,37,2
11483,2026-07-02 13:21:11+05:30,4024.0,1,4037.74,1394146,158515.0,171545.0,4100.0,4110.0,4012.0,4092.6,25166050,4501.8,3683.4,4440.0,3288.1,4023.3,9,1,4023.1,1,1,4023.0,32,3,4022.8,10,1,4022.7,60,1,4024.0,114,3,4024.4,30,2,4024.5,17,3,4024.6,51,4,4024.7,37,2
11483,2026-07-02 13:21:11+05:30,4024.0,1,4037.74,1394146,158515.0,171545.0,4100.0,4110.0,4012.0,4092.6,25166050,4501.8,3683.4,4440.0,3288.1,4023.3,9,1,4023.1,1,1,4023.0,32,3,4022.8,10,1,4022.7,60,1,4024.0,114,3,4024.4,30,2,4024.5,17,3,4024.6,51,4,4024.7,37,2
11483,2026-07-02 13:21:12+05:30,4024.0,1,4037.74,1394150,158528.0,171547.0,4100.0,4110.0,4012.0,4092.6,25166050,4501.8,3683.4,4440.0,3288.1,4023.3,9,1,4023.0,32,3,4022.8,23,2,4022.7,60,1,4022.6,1,1,4024.0,98,2,4024.4,65,3,4024.5,17,3,4024.6,64,5,4024.7,37,2
11483,2026-07-02 13:21:12+05:30,4024.0,1,4037.74,1394150,158528.0,171547.0,4100.0,4110.0,4012.0,4092.6,25166050,4501.8,3683.4,4440.0,3288.1,4023.3,9,1,4023.0,32,3,4022.8,23,2,4022.7,60,1,4022.6,1,1,4024.0,98,2,4024.4,65,3,4024.5,17,3,4024.6,64,5,4024.7,37,2
11483,2026-07-02 13:21:12+05:30,4023.3,1,4037.74,1394150,158528.0,171547.0,4100.0,4110.0,4012.0,4092.6,25166050,4501.8,3683.4,4440.0,3288.1,4023.3,9,1,4023.0,32,3,4022.8,23,2,4022.7,60,1,4022.6,1,1,4024.0,98,2,4024.4,65,3,4024.5,17,3,4024.6,64,5,4024.7,37,2
11483,2026-07-02 13:21:13+05:30,4023.3,1,4037.74,1394150,158528.0,171547.0,4100.0,4110.0,4012.0,4092.6,25166050,4501.8,3683.4,4440.0,3288.1,4023.3,9,1,4023.0,32,3,4022.8,23,2,4022.7,60,1,4022.6,1,1,4024.0,98,2,4024.4,65,3,4024.5,17,3,4024.6,64,5,4024.7,37,2
11483,2026-07-02 13:21:13+05:30,4024.0,1,4037.74,1394152,158416.0,171540.0,4100.0,4110.0,4012.0,4092.6,25166050,4501.8,3683.4,4440.0,3288.1,4023.3,8,1,4023.0,32,3,4022.8,25,3,4022.7,71,2,4022.6,3,1,4024.0,110,3,4024.4,35,1,4024.5,16,2,4024.6,28,2,4024.7,38,3
11483,2026-07-02 13:21:13+05:30,4024.0,1,4037.74,1394152,158416.0,171540.0,4100.0,4110.0,4012.0,4092.6,25166050,4501.8,3683.4,4440.0,3288.1,4023.3,8,1,4023.0,32,3,4022.8,25,3,4022.7,71,2,4022.6,3,1,4024.0,110,3,4024.4,35,1,4024.5,16,2,4024.6,28,2,4024.7,38,3
11483,2026-07-02 13:21:13+05:30,4024.0,1,4037.74,1394152,158416.0,171540.0,4100.0,4110.0,4012.0,4092.6,25166050,4501.8,3683.4,4440.0,3288.1,4023.3,8,1,4023.0,32,3,4022.8,25,3,4022.7,71,2,4022.6,3,1,4024.0,110,3,4024.4,35,1,4024.5,16,2,4024.6,28,2,4024.7,38,3
11483,2026-07-02 13:21:14+05:30,4024.0,1,4037.74,1394152,158416.0,171540.0,4100.0,4110.0,4012.0,4092.6,25173750,4501.8,3683.4,4440.0,3288.1,4023.3,8,1,4023.0,32,3,4022.8,25,3,4022.7,71,2,4022.6,3,1,4024.0,110,3,4024.4,35,1,4024.5,16,2,4024.6,28,2,4024.7,38,3
11483,2026-07-02 13:21:14+05:30,4024.0,1,4037.74,1394164,158409.0,171530.0,4100.0,4110.0,4012.0,4092.6,25173750,4501.8,3683.4,4440.0,3288.1,4023.3,8,1,4023.0,31,2,4022.8,25,3,4022.7,71,2,4022.6,3,1,4024.0,85,2,4024.4,35,1,4024.5,16,2,4024.6,42,3,4024.7,38,3
11483,2026-07-02 13:21:14+05:30,4024.0,1,4037.74,1394164,158409.0,171530.0,4100.0,4110.0,4012.0,4092.6,25173750,4501.8,3683.4,4440.0,3288.1,4023.3,8,1,4023.0,31,2,4022.8,25,3,4022.7,71,2,4022.6,3,1,4024.0,85,2,4024.4,35,1,4024.5,16,2,4024.6,42,3,4024.7,38,3
11483,2026-07-02 13:21:14+05:30,4023.3,2,4037.74,1394164,158409.0,171530.0,4100.0,4110.0,4012.0,4092.6,25173750,4501.8,3683.4,4440.0,3288.1,4023.3,8,1,4023.0,31,2,4022.8,25,3,4022.7,71,2,4022.6,3,1,4024.0,85,2,4024.4,35,1,4024.5,16,2,4024.6,42,3,4024.7,38,3
11483,2026-07-02 13:21:15+05:30,4024.0,15,4037.74,1394181,158425.0,171529.0,4100.0,4110.0,4012.0,4092.6,25173750,4501.8,3683.4,4440.0,3288.1,4023.3,6,1,4023.0,31,2,4022.8,25,3,4022.7,71,2,4022.6,3,1,4024.0,84,3,4024.4,35,1,4024.5,16,2,4024.6,33,3,4024.7,38,3
11483,2026-07-02 13:21:15+05:30,4024.0,15,4037.74,1394181,158425.0,171529.0,4100.0,4110.0,4012.0,4092.6,25173750,4501.8,3683.4,4440.0,3288.1,4023.3,6,1,4023.0,31,2,4022.8,25,3,4022.7,71,2,4022.6,3,1,4024.0,84,3,4024.4,35,1,4024.5,16,2,4024.6,33,3,4024.7,38,3
11483,2026-07-02 13:21:15+05:30,4024.0,3,4037.74,1394181,158425.0,171529.0,4100.0,4110.0,4012.0,4092.6,25173750,4501.8,3683.4,4440.0,3288.1,4023.3,6,1,4023.0,31,2,4022.8,25,3,4022.7,71,2,4022.6,3,1,4024.0,84,3,4024.4,35,1,4024.5,16,2,4024.6,33,3,4024.7,38,3
11483,2026-07-02 13:21:16+05:30,4024.0,3,4037.74,1394181,158425.0,171529.0,4100.0,4110.0,4012.0,4092.6,25173750,4501.8,3683.4,4440.0,3288.1,4023.3,6,1,4023.0,31,2,4022.8,25,3,4022.7,71,2,4022.6,3,1,4024.0,84,3,4024.4,35,1,4024.5,16,2,4024.6,33,3,4024.7,38,3
11483,2026-07-02 13:21:16+05:30,4024.0,1,4037.74,1394190,158412.0,171624.0,4100.0,4110.0,4012.0,4092.6,25173750,4501.8,3683.4,4440.0,3288.1,4023.3,4,1,4023.0,31,2,4022.8,25,3,4022.7,71,2,4022.6,3,1,4024.0,99,3,4024.3,11,1,4024.4,67,2,4024.5,16,2,4024.6,30,2
11483,2026-07-02 13:21:16+05:30,4023.3,1,4037.74,1394190,158412.0,171624.0,4100.0,4110.0,4012.0,4092.6,25173750,4501.8,3683.4,4440.0,3288.1,4023.3,4,1,4023.0,31,2,4022.8,25,3,4022.7,71,2,4022.6,3,1,4024.0,99,3,4024.3,11,1,4024.4,67,2,4024.5,16,2,4024.6,30,2
11483,2026-07-02 13:21:17+05:30,4024.0,1,4037.74,1394192,158402.0,171694.0,4100.0,4110.0,4012.0,4092.6,25173750,4501.8,3683.4,4440.0,3288.1,4023.3,3,1,4023.0,31,2,4022.8,23,2,4022.7,60,1,4022.6,14,3,4024.0,113,4,4024.4,35,1,4024.5,13,1,4024.6,25,1,4024.7,32,1
11483,2026-07-02 13:21:17+05:30,4024.0,1,4037.74,1394192,158402.0,171694.0,4100.0,4110.0,4012.0,4092.6,25173750,4501.8,3683.4,4440.0,3288.1,4023.3,3,1,4023.0,31,2,4022.8,23,2,4022.7,60,1,4022.6,14,3,4024.0,113,4,4024.4,35,1,4024.5,13,1,4024.6,25,1,4024.7,32,1
11483,2026-07-02 13:21:18+05:30,4024.0,1,4037.74,1394193,158350.0,171684.0,4100.0,4110.0,4012.0,4092.6,25173750,4501.8,3683.4,4440.0,3288.1,4023.3,3,1,4023.0,31,2,4022.8,23,2,4022.7,60,1,4022.6,14,3,4024.0,97,3,4024.3,12,1,4024.4,35,1,4024.5,13,1,4024.6,25,1
11483,2026-07-02 13:21:18+05:30,4024.0,50,4037.74,1394193,158350.0,171684.0,4100.0,4110.0,4012.0,4092.6,25173750,4501.8,3683.4,4440.0,3288.1,4023.3,3,1,4023.0,31,2,4022.8,23,2,4022.7,60,1,4022.6,14,3,4024.0,97,3,4024.3,12,1,4024.4,35,1,4024.5,13,1,4024.6,25,1
11483,2026-07-02 13:21:19+05:30,4024.0,1,4037.74,1394247,158367.0,171632.0,4100.0,4110.0,4012.0,4092.6,25173750,4501.8,3683.4,4440.0,3288.1,4023.6,1,1,4023.0,31,2,4022.8,23,2,4022.7,60,1,4022.6,4,2,4024.0,63,5,4024.4,35,1,4024.5,13,1,4024.6,35,2,4024.7,32,1
11483,2026-07-02 13:21:19+05:30,4023.7,10,4037.74,1394247,158367.0,171632.0,4100.0,4110.0,4012.0,4092.6,25173750,4501.8,3683.4,4440.0,3288.1,4023.6,1,1,4023.0,31,2,4022.8,23,2,4022.7,60,1,4022.6,4,2,4024.0,63,5,4024.4,35,1,4024.5,13,1,4024.6,35,2,4024.7,32,1
11483,2026-07-02 13:21:20+05:30,4023.7,1,4037.74,1394269,158279.0,173059.0,4100.0,4110.0,4012.0,4092.6,25173750,4501.8,3683.4,4440.0,3288.1,4023.6,1,1,4023.0,23,1,4022.8,23,2,4022.7,60,1,4022.5,263,3,4023.7,544,1,4023.8,335,2,4023.9,325,1,4024.0,47,5,4024.1,42,1
11483,2026-07-02 13:21:20+05:30,4023.6,1,4037.74,1394269,158279.0,173059.0,4100.0,4110.0,4012.0,4092.6,25173750,4501.8,3683.4,4440.0,3288.1,4023.6,1,1,4023.0,23,1,4022.8,23,2,4022.7,60,1,4022.5,263,3,4023.7,544,1,4023.8,335,2,4023.9,325,1,4024.0,47,5,4024.1,42,1
11483,2026-07-02 13:21:21+05:30,4023.2,1,4037.74,1394271,158283.0,172747.0,4100.0,4110.0,4012.0,4092.6,25173750,4501.8,3683.4,4440.0,3288.1,4023.0,23,1,4022.8,10,1,4022.7,60,1,4022.5,250,2,4022.3,26,2,4023.1,325,1,4023.2,325,1,4023.3,10,1,4023.4,42,1,4023.6,59,4
11483,2026-07-02 13:21:21+05:30,4023.2,1,4037.74,1394271,158283.0,172747.0,4100.0,4110.0,4012.0,4092.6,25173750,4501.8,3683.4,4440.0,3288.1,4023.0,23,1,4022.8,10,1,4022.7,60,1,4022.5,250,2,4022.3,26,2,4023.1,325,1,4023.2,325,1,4023.3,10,1,4023.4,42,1,4023.6,59,4
11483,2026-07-02 13:21:22+05:30,4023.0,23,4037.74,1394296,157708.0,173261.0,4100.0,4110.0,4012.0,4092.6,25173750,4501.8,3683.4,4440.0,3288.1,4022.8,10,1,4022.7,60,1,4022.5,250,2,4022.3,26,2,4022.2,3,2,4023.0,518,1,4023.1,323,1,4023.2,325,1,4023.4,42,1,4023.6,56,3
11483,2026-07-02 13:21:22+05:30,4022.8,1,4037.74,1394296,157708.0,173261.0,4100.0,4110.0,4012.0,4092.6,25173750,4501.8,3683.4,4440.0,3288.1,4022.8,10,1,4022.7,60,1,4022.5,250,2,4022.3,26,2,4022.2,3,2,4023.0,518,1,4023.1,323,1,4023.2,325,1,4023.4,42,1,4023.6,56,3
11483,2026-07-02 13:21:23+05:30,4022.8,92,4037.74,1394399,157423.0,173843.0,4100.0,4110.0,4012.0,4092.6,25173750,4501.8,3683.4,4440.0,3288.1,4022.7,60,1,4022.5,250,2,4022.3,26,2,4022.2,1,1,4022.0,785,9,4022.8,423,1,4023.0,329,2,4023.1,323,1,4023.2,42,1,4023.4,42,1
11483,2026-07-02 13:21:23+05:30,4022.8,20,4037.74,1394399,157423.0,173843.0,4100.0,4110.0,4012.0,4092.6,25173750,4501.8,3683.4,4440.0,3288.1,4022.7,60,1,4022.5,250,2,4022.3,26,2,4022.2,1,1,4022.0,785,9,4022.8,423,1,4023.0,329,2,4023.1,323,1,4023.2,42,1,4023.4,42,1
11483,2026-07-02 13:21:24+05:30,4022.8,1,4037.74,1394437,157920.0,173546.0,4100.0,4110.0,4012.0,4092.6,25173750,4501.8,3683.4,4440.0,3288.1,4022.7,48,1,4022.5,250,2,4022.3,26,2,4022.2,1,1,4022.0,795,10,4022.9,325,1,4023.0,15,2,4023.1,365,2,4023.3,42,1,4023.6,14,2
11483,2026-07-02 13:21:24+05:30,4022.9,5,4037.74,1394437,157920.0,173546.0,4100.0,4110.0,4012.0,4092.6,25173750,4501.8,3683.4,4440.0,3288.1,4022.7,48,1,4022.5,250,2,4022.3,26,2,4022.2,1,1,4022.0,795,10,4022.9,325,1,4023.0,15,2,4023.1,365,2,4023.3,42,1,4023.6,14,2
11483,2026-07-02 13:21:25+05:30,4022.7,3,4037.74,1394532,158235.0,173883.0,4100.0,4110.0,4012.0,4092.6,25173750,4501.8,3683.4,4440.0,3288.1,4022.7,40,1,4022.5,250,2,4022.3,37,3,4022.2,1,1,4022.1,17,2,4022.8,310,1,4022.9,324,2,4023.0,11,1,4023.1,323,1,4023.2,42,1
11483,2026-07-02 13:21:25+05:30,4022.7,11,4037.74,1394532,158235.0,173883.0,4100.0,4110.0,4012.0,4092.6,25173750,4501.8,3683.4,4440.0,3288.1,4022.7,40,1,4022.5,250,2,4022.3,37,3,4022.2,1,1,4022.1,17,2,4022.8,310,1,4022.9,324,2,4023.0,11,1,4023.1,323,1,4023.2,42,1
11483,2026-07-02 13:21:26+05:30,4023.3,10,4037.73,1395507,158438.0,170300.0,4100.0,4110.0,4012.0,4092.6,25173750,4501.8,3683.4,4440.0,3288.1,4023.3,6,1,4023.2,28,4,4023.1,48,6,4023.0,23,4,4022.9,33,4,4023.6,1,1,4024.0,39,2,4024.4,35,1,4024.6,25,1,4024.8,2,1
11483,2026-07-02 13:21:26+05:30,4023.3,18,4037.73,1395507,158438.0,170300.0,4100.0,4110.0,4012.0,4092.6,25173750,4501.8,3683.4,4440.0,3288.1,4023.3,6,1,4023.2,28,4,4023.1,48,6,4023.0,23,4,4022.9,33,4,4023.6,1,1,4024.0,39,2,4024.4,35,1,4024.6,25,1,4024.8,2,1
11483,2026-07-02 13:21:27+05:30,4023.2,1,4037.73,1395567,158308.0,171275.0,4100.0,4110.0,4012.0,4092.6,25173750,4501.8,3683.4,4440.0,3288.1,4023.1,7,1,4023.0,6,1,4022.9,8,1,4022.8,1,1,4022.7,33,2,4023.2,121,1,4023.3,5,1,4023.6,2,2,4024.0,39,2,4024.4,35,1
11483,2026-07-02 13:21:27+05:30,4023.1,7,4037.73,1395567,158308.0,171275.0,4100.0,4110.0,4012.0,4092.6,25173750,4501.8,3683.4,4440.0,3288.1,4023.1,7,1,4023.0,6,1,4022.9,8,1,4022.8,1,1,4022.7,33,2,4023.2,121,1,4023.3,5,1,4023.6,2,2,4024.0,39,2,4024.4,35,1
11483,2026-07-02 13:21:28+05:30,4022.9,20,4037.73,1395633,158273.0,172591.0,4100.0,4110.0,4012.0,4092.6,25173750,4501.8,3683.4,4440.0,3288.1,4022.8,1,1,4022.7,29,1,4022.5,250,2,4022.3,26,2,4022.2,3,2,4022.9,62,1,4023.0,325,1,4023.1,327,3,4023.2,1,1,4023.3,47,2
11483,2026-07-02 13:21:28+05:30,4022.8,19,4037.73,1395633,158273.0,172591.0,4100.0,4110.0,4012.0,4092.6,25173750,4501.8,3683.4,4440.0,3288.1,4022.8,1,1,4022.7,29,1,4022.5,250,2,4022.3,26,2,4022.2,3,2,4022.9,62,1,4023.0,325,1,4023.1,327,3,4023.2,1,1,4023.3,47,2
11483,2026-07-02 13:21:29+05:30,4022.7,40,4037.73,1395778,157444.0,173278.0,4100.0,4110.0,4012.0,4092.6,25173750,4501.8,3683.4,4440.0,3288.1,4022.5,250,2,4022.3,26,2,4022.2,1,1,4022.1,25,2,4022.0,832,14,4022.7,695,2,4022.8,259,3,4022.9,327,2,4023.1,44,3,4023.3,47,2
11483,2026-07-02 13:21:29+05:30,4022.5,17,4037.73,1395778,157444.0,173278.0,4100.0,4110.0,4012.0,4092.6,25173750,4501.8,3683.4,4440.0,3288.1,4022.5,250,2,4022.3,26,2,4022.2,1,1,4022.1,25,2,4022.0,832,14,4022.7,695,2,4022.8,259,3,4022.9,327,2,4023.1,44,3,4023.3,47,2
11483,2026-07-02 13:21:30+05:30,4021.1,1,4037.71,1397587,154721.0,174129.0,4100.0,4110.0,4012.0,4092.6,25173750,4501.8,3683.4,4440.0,3288.1,4021.1,27,2,4021.0,1021,22,4020.9,12,3,4020.8,10,1,4020.7,37,5,4022.5,550,2,4022.6,29,3,4022.7,479,3,4022.8,259,3,4022.9,76,3
11483,2026-07-02 13:21:30+05:30,4021.1,3,4037.71,1397587,154721.0,174129.0,4100.0,4110.0,4012.0,4092.6,25173750,4501.8,3683.4,4440.0,3288.1,4021.1,27,2,4021.0,1021,22,4020.9,12,3,4020.8,10,1,4020.7,37,5,4022.5,550,2,4022.6,29,3,4022.7,479,3,4022.8,259,3,4022.9,76,3
11483,2026-07-02 13:21:31+05:30,4022.0,3,4037.7,1397818,157573.0,172984.0,4100.0,4110.0,4012.0,4092.6,25173750,4501.8,3683.4,4440.0,3288.1,4021.6,29,5,4021.2,67,3,4021.1,105,5,4021.0,1000,22,4020.9,85,6,4022.0,542,1,4022.2,325,1,4022.4,42,1,4022.5,149,3,4022.6,58,2
11483,2026-07-02 13:21:31+05:30,4021.6,6,4037.7,1397818,157573.0,172984.0,4100.0,4110.0,4012.0,4092.6,25173750,4501.8,3683.4,4440.0,3288.1,4021.6,29,5,4021.2,67,3,4021.1,105,5,4021.0,1000,22,4020.9,85,6,4022.0,542,1,4022.2,325,1,4022.4,42,1,4022.5,149,3,4022.6,58,2
11483,2026-07-02 13:21:32+05:30,4021.7,1,4037.7,1397847,158056.0,172473.0,4100.0,4110.0,4012.0,4092.6,25173750,4501.8,3683.4,4440.0,3288.1,4021.7,18,1,4021.6,21,2,4021.3,39,1,4021.2,60,3,4021.1,98,4,4022.0,471,2,4022.2,42,1,4022.4,42,1,4022.5,3,2,4022.6,16,1
11483,2026-07-02 13:21:32+05:30,4021.7,4,4037.7,1397847,158056.0,172473.0,4100.0,4110.0,4012.0,4092.6,25173750,4501.8,3683.4,4440.0,3288.1,4021.7,18,1,4021.6,21,2,4021.3,39,1,4021.2,60,3,4021.1,98,4,4022.0,471,2,4022.2,42,1,4022.4,42,1,4022.5,3,2,4022.6,16,1
11483,2026-07-02 13:21:33+05:30,4021.7,3,4037.7,1397858,157886.0,172065.0,4100.0,4110.0,4012.0,4092.6,25173750,4501.8,3683.4,4440.0,3288.1,4021.7,7,1,4021.6,21,2,4021.3,52,2,4021.2,61,4,4021.1,82,3,4022.0,148,2,4022.5,1,1,4022.6,16,1,4022.8,18,3,4023.1,2,2
11483,2026-07-02 13:21:33+05:30,4022.0,12,4037.7,1397858,157886.0,172065.0,4100.0,4110.0,4012.0,4092.6,25173750,4501.8,3683.4,4440.0,3288.1,4021.7,7,1,4021.6,21,2,4021.3,52,2,4021.2,61,4,4021.1,82,3,4022.0,148,2,4022.5,1,1,4022.6,16,1,4022.8,18,3,4023.1,2,2
11483,2026-07-02 13:21:34+05:30,4021.8,1,4037.7,1397888,157781.0,171255.0,4100.0,4110.0,4012.0,4092.6,25173750,4501.8,3683.4,4440.0,3288.1,4021.8,1,1,4021.7,31,3,4021.6,1,1,4021.4,22,2,4021.3,65,4,4022.0,124,2,4022.5,1,1,4022.6,16,1,4022.8,8,3,4023.1,2,2
11483,2026-07-02 13:21:34+05:30,4022.0,2,4037.7,1397888,157781.0,171255.0,4100.0,4110.0,4012.0,4092.6,25173750,4501.8,3683.4,4440.0,3288.1,4021.8,1,1,4021.7,31,3,4021.6,1,1,4021.4,22,2,4021.3,65,4,4022.0,124,2,4022.5,1,1,4022.6,16,1,4022.8,8,3,4023.1,2,2
11483,2026-07-02 13:21:35+05:30,4022.0,1,4037.7,1398023,157642.0,171279.0,4100.0,4110.0,4012.0,4092.6,25173750,4501.8,3683.4,4440.0,3288.1,4022.0,28,4,4021.6,22,5,4021.5,19,1,4021.4,22,2,4021.3,41,3,4022.5,1,1,4022.6,16,1,4022.8,2,2,4023.1,8,3,4023.3,5,1
11483,2026-07-02 13:21:35+05:30,4022.6,12,4037.7,1398023,157642.0,171279.0,4100.0,4110.0,4012.0,4092.6,25173750,4501.8,3683.4,4440.0,3288.1,4022.0,28,4,4021.6,22,5,4021.5,19,1,4021.4,22,2,4021.3,41,3,4022.5,1,1,4022.6,16,1,4022.8,2,2,4023.1,8,3,4023.3,5,1
11483,2026-07-02 13:21:36+05:30,4022.1,3,4037.7,1398060,158156.0,170807.0,4100.0,4110.0,4012.0,4092.6,25173750,4501.8,3683.4,4440.0,3288.1,4022.1,39,4,4022.0,8,1,4021.9,25,2,4021.8,19,1,4021.7,17,2,4022.6,4,1,4022.8,2,2,4023.1,2,2,4023.3,5,1,4023.6,1,1
11483,2026-07-02 13:21:36+05:30,4022.1,3,4037.7,1398060,158156.0,170807.0,4100.0,4110.0,4012.0,4092.6,25173750,4501.8,3683.4,4440.0,3288.1,4022.1,39,4,4022.0,8,1,4021.9,25,2,4021.8,19,1,4021.7,17,2,4022.6,4,1,4022.8,2,2,4023.1,2,2,4023.3,5,1,4023.6,1,1
11483,2026-07-02 13:21:37+05:30,4022.1,3,4037.7,1398078,158075.0,171073.0,4100.0,4110.0,4012.0,4092.6,25173750,4501.8,3683.4,4440.0,3288.1,4022.1,32,4,4022.0,8,1,4021.9,12,1,4021.8,19,1,4021.6,30,5,4022.6,12,1,4022.8,2,2,4023.1,2,2,4023.3,5,1,4023.6,33,2
11483,2026-07-02 13:21:37+05:30,4023.8,25,4037.7,1398078,158075.0,171073.0,4100.0,4110.0,4012.0,4092.6,25173750,4501.8,3683.4,4440.0,3288.1,4022.1,32,4,4022.0,8,1,4021.9,12,1,4021.8,19,1,4021.6,30,5,4022.6,12,1,4022.8,2,2,4023.1,2,2,4023.3,5,1,4023.6,33,2
11483,2026-07-02 13:21:38+05:30,4024.0,12,4037.7,1398252,159576.0,166689.0,4100.0,4110.0,4012.0,4092.6,25173750,4501.8,3683.4,4440.0,3288.1,4023.3,35,6,4023.2,14,1,4023.1,44,3,4023.0,33,2,4022.9,20,1,4024.0,15,1,4024.4,35,1,4024.6,25,1,4024.8,2,1,4025.0,101,4
11483,2026-07-02 13:21:38+05:30,4023.3,6,4037.7,1398252,159576.0,166689.0,4100.0,4110.0,4012.0,4092.6,25173750,4501.8,3683.4,4440.0,3288.1,4023.3,35,6,4023.2,14,1,4023.1,44,3,4023.0,33,2,4022.9,20,1,4024.0,15,1,4024.4,35,1,4024.6,25,1,4024.8,2,1,4025.0,101,4
11483,2026-07-02 13:21:39+05:30,4024.4,12,4037.7,1398357,160417.0,167160.0,4100.0,4110.0,4012.0,4092.6,25173750,4501.8,3683.4,4440.0,3288.1,4024.1,7,1,4024.0,50,5,4023.8,11,1,4023.7,5,1,4023.6,42,5,4024.4,23,1,4024.6,25,1,4024.8,2,1,4025.0,69,3,4025.3,25,1
11483,2026-07-02 13:21:39+05:30,4024.1,2,4037.7,1398357,160417.0,167160.0,4100.0,4110.0,4012.0,4092.6,25173750,4501.8,3683.4,4440.0,3288.1,4024.1,7,1,4024.0,50,5,4023.8,11,1,4023.7,5,1,4023.6,42,5,4024.4,23,1,4024.6,25,1,4024.8,2,1,4025.0,69,3,4025.3,25,1
11483,2026-07-02 13:21:40+05:30,4024.4,8,4037.7,1398426,160668.0,166911.0,4100.0,4110.0,4012.0,4092.6,25173750,4501.8,3683.4,4440.0,3288.1,4024.4,6,1,4024.2,25,2,4024.1,2,1,4024.0,24,3,4023.9,18,1,4024.6,25,1,4024.8,2,1,4025.0,69,3,4025.3,25,1,4025.6,18,2
11483,2026-07-02 13:21:40+05:30,4024.4,1,4037.7,1398426,160668.0,166911.0,4100.0,4110.0,4012.0,4092.6,25173750,4501.8,3683.4,4440.0,3288.1,4024.4,6,1,4024.2,25,2,4024.1,2,1,4024.0,24,3,4023.9,18,1,4024.6,25,1,4024.8,2,1,4025.0,69,3,4025.3,25,1,4025.6,18,2
11483,2026-07-02 13:21:41+05:30,4024.4,1,4037.7,1398435,160525.0,167055.0,4100.0,4110.0,4012.0,4092.6,25173750,4501.8,3683.4,4440.0,3288.1,4024.3,7,1,4024.2,13,2,4024.1,2,1,4024.0,17,2,4023.9,18,1,4024.4,1,1,4024.6,25,1,4024.8,2,1,4025.0,69,3,4025.3,25,1
11483,2026-07-02 13:21:41+05:30,4024.3,1,4037.7,1398435,160525.0,167055.0,4100.0,4110.0,4012.0,4092.6,25173750,4501.8,3683.4,4440.0,3288.1,4024.3,7,1,4024.2,13,2,4024.1,2,1,4024.0,17,2,4023.9,18,1,4024.4,1,1,4024.6,25,1,4024.8,2,1,4025.0,69,3,4025.3,25,1
11483,2026-07-02 13:21:42+05:30,4025.0,1,4037.69,1398774,159693.0,166353.0,4100.0,4110.0,4012.0,4092.6,25173750,4501.8,3683.4,4440.0,3288.1,4024.7,22,3,4024.5,21,3,4024.4,8,2,4024.3,18,2,4024.2,54,3,4025.0,34,2,4025.6,15,1,4025.7,23,1,4025.8,17,2,4026.0,206,3
11483,2026-07-02 13:21:42+05:30,4024.7,8,4037.69,1398774,159693.0,166353.0,4100.0,4110.0,4012.0,4092.6,25173750,4501.8,3683.4,4440.0,3288.1,4024.7,22,3,4024.5,21,3,4024.4,8,2,4024.3,18,2,4024.2,54,3,4025.0,34,2,4025.6,15,1,4025.7,23,1,4025.8,17,2,4026.0,206,3
11483,2026-07-02 13:21:43+05:30,4024.7,1,4037.69,1398916,158737.0,165957.0,4100.0,4110.0,4012.0,4092.6,25173750,4501.8,3683.4,4440.0,3288.1,4024.7,30,5,4024.6,8,1,4024.5,2,1,4024.4,17,2,4024.3,6,1,4025.0,14,1,4025.6,15,1,4025.7,23,1,4025.8,17,2,4026.0,206,3
11483,2026-07-02 13:21:43+05:30,4024.7,1,4037.69,1398916,158737.0,165957.0,4100.0,4110.0,4012.0,4092.6,25173750,4501.8,3683.4,4440.0,3288.1,4024.7,30,5,4024.6,8,1,4024.5,2,1,4024.4,17,2,4024.3,6,1,4025.0,14,1,4025.6,15,1,4025.7,23,1,4025.8,17,2,4026.0,206,3
11483,2026-07-02 13:21:44+05:30,4025.0,1,4037.69,1399093,159042.0,165381.0,4100.0,4110.0,4012.0,4092.6,25173750,4501.8,3683.4,4440.0,3288.1,4024.9,13,2,4024.8,7,1,4024.7,12,1,4024.6,8,1,4024.5,2,1,4025.0,13,1,4025.2,14,1,4025.6,15,1,4025.7,23,1,4025.8,1,1
11483,2026-07-02 13:21:44+05:30,4025.0,4,4037.69,1399093,159042.0,165381.0,4100.0,4110.0,4012.0,4092.6,25173750,4501.8,3683.4,4440.0,3288.1,4024.9,13,2,4024.8,7,1,4024.7,12,1,4024.6,8,1,4024.5,2,1,4025.0,13,1,4025.2,14,1,4025.6,15,1,4025.7,23,1,4025.8,1,1
11483,2026-07-02 13:21:45+05:30,4024.9,1,4037.69,1399120,159218.0,166133.0,4100.0,4110.0,4012.0,4092.6,25173750,4501.8,3683.4,4440.0,3288.1,4024.9,5,1,4024.8,7,1,4024.6,8,1,4024.5,2,1,4024.4,7,1,4025.0,8,1,4025.2,14,1,4025.6,15,1,4025.7,23,1,4025.8,33,2
11483,2026-07-02 13:21:45+05:30,4025.0,3,4037.69,1399120,159218.0,166133.0,4100.0,4110.0,4012.0,4092.6,25173750,4501.8,3683.4,4440.0,3288.1,4024.9,5,1,4024.8,7,1,4024.6,8,1,4024.5,2,1,4024.4,7,1,4025.0,8,1,4025.2,14,1,4025.6,15,1,4025.7,23,1,4025.8,33,2
11483,2026-07-02 13:21:46+05:30,4025.0,8,4037.69,1399150,159076.0,165773.0,4100.0,4110.0,4012.0,4092.6,25173750,4501.8,3683.4,4440.0,3288.1,4024.9,2,1,4024.8,7,1,4024.6,8,1,4024.5,2,1,4024.4,7,1,4025.0,6,1,4025.2,14,1,4025.6,15,1,4025.7,23,1,4025.8,33,2
11483,2026-07-02 13:21:46+05:30,4024.9,2,4037.69,1399150,159076.0,165773.0,4100.0,4110.0,4012.0,4092.6,25173750,4501.8,3683.4,4440.0,3288.1,4024.9,2,1,4024.8,7,1,4024.6,8,1,4024.5,2,1,4024.4,7,1,4025.0,6,1,4025.2,14,1,4025.6,15,1,4025.7,23,1,4025.8,33,2
11483,2026-07-02 13:21:47+05:30,4025.0,15,4037.68,1399856,159152.0,166759.0,4100.0,4110.0,4012.0,4092.6,25173750,4501.8,3683.4,4440.0,3288.1,4024.7,13,2,4024.5,36,4,4024.4,7,1,4024.3,6,1,4024.2,20,1,4025.0,215,2,4026.2,31,2,4026.3,5,1,4026.4,190,3,4026.5,34,2
11483,2026-07-02 13:21:47+05:30,4024.7,9,4037.68,1399856,159152.0,166759.0,4100.0,4110.0,4012.0,4092.6,25173750,4501.8,3683.4,4440.0,3288.1,4024.7,13,2,4024.5,36,4,4024.4,7,1,4024.3,6,1,4024.2,20,1,4025.0,215,2,4026.2,31,2,4026.3,5,1,4026.4,190,3,4026.5,34,2
11483,2026-07-02 13:21:48+05:30,4024.7,1,4037.68,1399934,158797.0,166485.0,4100.0,4110.0,4012.0,4092.6,25173750,4501.8,3683.4,4440.0,3288.1,4024.6,8,1,4024.5,13,2,4024.4,7,1,4024.3,6,1,4024.1,2,1,4024.7,6,1,4025.0,215,2,4026.1,4,1,4026.2,63,3,4026.3,5,1
11483,2026-07-02 13:21:48+05:30,4024.7,6,4037.68,1399934,158797.0,166485.0,4100.0,4110.0,4012.0,4092.6,25173750,4501.8,3683.4,4440.0,3288.1,4024.6,8,1,4024.5,13,2,4024.4,7,1,4024.3,6,1,4024.1,2,1,4024.7,6,1,4025.0,215,2,4026.1,4,1,4026.2,63,3,4026.3,5,1
11483,2026-07-02 13:21:49+05:30,4025.0,15,4037.68,1400776,159669.0,165892.0,4100.0,4110.0,4012.0,4092.6,25173750,4501.8,3683.4,4440.0,3288.1,4024.9,49,5,4024.8,55,2,4024.7,19,4,4024.6,35,4,4024.5,95,5,4025.0,15,1,4026.2,27,3,4026.3,5,1,4026.5,2,1,4026.8,20,2
11483,2026-07-02 13:21:49+05:30,4024.9,6,4037.68,1400776,159669.0,165892.0,4100.0,4110.0,4012.0,4092.6,25173750,4501.8,3683.4,4440.0,3288.1,4024.9,49,5,4024.8,55,2,4024.7,19,4,4024.6,35,4,4024.5,95,5,4025.0,15,1,4026.2,27,3,4026.3,5,1,4026.5,2,1,4026.8,20,2
11483,2026-07-02 13:21:50+05:30,4025.0,6,4037.68,1400884,159570.0,166102.0,4100.0,4110.0,4012.0,4092.6,25173750,4501.8,3683.4,4440.0,3288.1,4024.9,27,4,4024.8,8,1,4024.7,13,3,4024.6,16,3,4024.5,52,4,4025.0,9,1,4026.2,20,2,4026.3,5,1,4026.5,2,1,4026.8,52,3
11483,2026-07-02 13:21:50+05:30,4024.9,3,4037.68,1400884,159570.0,166102.0,4100.0,4110.0,4012.0,4092.6,25173750,4501.8,3683.4,4440.0,3288.1,4024.9,27,4,4024.8,8,1,4024.7,13,3,4024.6,16,3,4024.5,52,4,4025.0,9,1,4026.2,20,2,4026.3,5,1,4026.5,2,1,4026.8,52,3
11483,2026-07-02 13:21:51+05:30,4025.0,1,4037.67,1401021,159770.0,166388.0,4100.0,4110.0,4012.0,4092.6,25173750,4501.8,3683.4,4440.0,3288.1,4024.9,38,3,4024.8,8,1,4024.7,13,3,4024.6,9,2,4024.5,46,4,4025.0,14,1,4026.0,50,1,4026.2,30,4,4026.3,5,1,4026.5,34,2
11483,2026-07-02 13:21:51+05:30,4024.9,8,4037.67,1401021,159770.0,166388.0,4100.0,4110.0,4012.0,4092.6,25173750,4501.8,3683.4,4440.0,3288.1,4024.9,38,3,4024.8,8,1,4024.7,13,3,4024.6,9,2,4024.5,46,4,4025.0,14,1,4026.0,50,1,4026.2,30,4,4026.3,5,1,4026.5,34,2
11483,2026-07-02 13:21:52+05:30,4025.0,7,4037.67,1401627,159712.0,165664.0,4100.0,4110.0,4012.0,4092.6,25173750,4501.8,3683.4,4440.0,3288.1,4024.9,25,5,4024.8,11,2,4024.7,18,4,4024.6,16,3,4024.5,37,3,4025.0,8,1,4026.0,50,1,4026.2,10,1,4026.3,22,2,4026.5,2,1
11483,2026-07-02 13:21:52+05:30,4024.8,5,4037.67,1401627,159712.0,165664.0,4100.0,4110.0,4012.0,4092.6,25173750,4501.8,3683.4,4440.0,3288.1,4024.9,25,5,4024.8,11,2,4024.7,18,4,4024.6,16,3,4024.5,37,3,4025.0,8,1,4026.0,50,1,4026.2,10,1,4026.3,22,2,4026.5,2,1
11483,2026-07-02 13:21:53+05:30,4025.0,15,4037.66,1402255,160496.0,165638.0,4100.0,4110.0,4012.0,4092.6,25173750,4501.8,3683.4,4440.0,3288.1,4024.9,84,7,4024.8,56,3,4024.7,67,4,4024.6,123,7,4024.5,60,4,4025.0,15,1,4026.2,15,2,4026.3,5,1,4026.5,2,1,4026.8,20,2
11483,2026-07-02 13:21:53+05:30,4024.9,1,4037.66,1402255,160496.0,165638.0,4100.0,4110.0,4012.0,4092.6,25173750,4501.8,3683.4,4440.0,3288.1,4024.9,84,7,4024.8,56,3,4024.7,67,4,4024.6,123,7,4024.5,60,4,4025.0,15,1,4026.2,15,2,4026.3,5,1,4026.5,2,1,4026.8,20,2
11483,2026-07-02 13:21:54+05:30,4025.0,11,4037.66,1402590,160435.0,165843.0,4100.0,4110.0,4012.0,4092.6,25173750,4501.8,3683.4,4440.0,3288.1,4024.9,204,6,4024.8,6,2,4024.7,15,3,4024.6,27,2,4024.5,31,2,4025.0,15,1,4026.1,39,2,4026.2,44,3,4026.3,5,1,4026.5,2,1
11483,2026-07-02 13:21:54+05:30,4024.9,36,4037.66,1402590,160435.0,165843.0,4100.0,4110.0,4012.0,4092.6,25173750,4501.8,3683.4,4440.0,3288.1,4024.9,204,6,4024.8,6,2,4024.7,15,3,4024.6,27,2,4024.5,31,2,4025.0,15,1,4026.1,39,2,4026.2,44,3,4026.3,5,1,4026.5,2,1
11483,2026-07-02 13:21:55+05:30,4025.0,27,4037.64,1404727,159898.0,165875.0,4100.0,4110.0,4012.0,4092.6,25173750,4501.8,3683.4,4440.0,3288.1,4024.6,36,4,4024.5,9,1,4024.4,27,3,4024.3,18,2,4024.2,50,4,4025.0,15,1,4026.0,15,3,4026.1,29,3,4026.2,22,3,4026.3,5,1
11483,2026-07-02 13:21:55+05:30,4024.6,3,4037.64,1404727,159898.0,165875.0,4100.0,4110.0,4012.0,4092.6,25173750,4501.8,3683.4,4440.0,3288.1,4024.6,36,4,4024.5,9,1,4024.4,27,3,4024.3,18,2,4024.2,50,4,4025.0,15,1,4026.0,15,3,4026.1,29,3,4026.2,22,3,4026.3,5,1
11483,2026-07-02 13:21:56+05:30,4024.6,3,4037.64,1404769,159926.0,166600.0,4100.0,4110.0,4012.0,4092.6,25173750,4501.8,3683.4,4440.0,3288.1,4024.4,7,1,4024.3,30,2,4024.1,2,1,4024.0,50,6,4023.9,37,2,4024.6,11,1,4025.0,15,1,4026.0,47,4,4026.1,27,2,4026.2,22,3
11483,2026-07-02 13:21:56+05:30,4024.4,5,4037.64,1404769,159926.0,166600.0,4100.0,4110.0,4012.0,4092.6,25173750,4501.8,3683.4,4440.0,3288.1,4024.4,7,1,4024.3,30,2,4024.1,2,1,4024.0,50,6,4023.9,37,2,4024.6,11,1,4025.0,15,1,4026.0,47,4,4026.1,27,2,4026.2,22,3
11483,2026-07-02 13:21:57+05:30,4024.6,1,4037.64,1404775,160115.0,166459.0,4100.0,4110.0,4012.0,4092.6,25173750,4501.8,3683.4,4440.0,3288.1,4024.5,12,2,4024.4,2,1,4024.3,6,1,4024.1,2,1,4024.0,53,6,4024.6,10,1,4025.0,15,1,4026.0,44,3,4026.1,3,1,4026.2,22,3
11483,2026-07-02 13:21:57+05:30,4024.5,1,4037.64,1404775,160115.0,166459.0,4100.0,4110.0,4012.0,4092.6,25173750,4501.8,3683.4,4440.0,3288.1,4024.5,12,2,4024.4,2,1,4024.3,6,1,4024.1,2,1,4024.0,53,6,4024.6,10,1,4025.0,15,1,4026.0,44,3,4026.1,3,1,4026.2,22,3
11483,2026-07-02 13:21:58+05:30,4024.6,7,4037.64,1404775,160115.0,166459.0,4100.0,4110.0,4012.0,4092.6,25173750,4501.8,3683.4,4440.0,3288.1,4024.5,12,2,4024.4,2,1,4024.3,6,1,4024.1,2,1,4024.0,53,6,4024.6,10,1,4025.0,15,1,4026.0,44,3,4026.1,3,1,4026.2,22,3
11483,2026-07-02 13:21:58+05:30,4024.6,7,4037.64,1404785,160090.0,166365.0,4100.0,4110.0,4012.0,4092.6,25173750,4501.8,3683.4,4440.0,3288.1,4024.5,13,3,4024.4,2,1,4024.3,6,1,4024.2,7,1,4024.1,2,1,4024.6,1,1,4025.0,15,1,4026.0,44,3,4026.1,3,1,4026.2,22,3
11483,2026-07-02 13:21:59+05:30,4024.6,1,4037.64,1404785,160090.0,166365.0,4100.0,4110.0,4012.0,4092.6,25173750,4501.8,3683.4,4440.0,3288.1,4024.5,13,3,4024.4,2,1,4024.3,6,1,4024.2,7,1,4024.1,2,1,4024.6,1,1,4025.0,15,1,4026.0,44,3,4026.1,3,1,4026.2,22,3
11483,2026-07-02 13:21:59+05:30,4024.6,1,4037.64,1404789,160216.0,166666.0,4100.0,4110.0,4012.0,4092.6,25173750,4501.8,3683.4,4440.0,3288.1,4024.5,4,2,4024.4,2,1,4024.3,6,1,4024.1,2,1,4024.0,53,6,4024.6,24,1,4025.0,15,1,4025.6,11,1,4025.8,13,1,4026.0,44,3
11483,2026-07-02 13:22:00+05:30,4024.6,3,4037.64,1404789,160216.0,166666.0,4100.0,4110.0,4012.0,4092.6,25173750,4501.8,3683.4,4440.0,3288.1,4024.5,4,2,4024.4,2,1,4024.3,6,1,4024.1,2,1,4024.0,53,6,4024.6,24,1,4025.0,15,1,4025.6,11,1,4025.8,13,1,4026.0,44,3
11483,2026-07-02 13:22:01+05:30,4024.6,3,4037.64,1404794,159689.0,167091.0,4100.0,4110.0,4012.0,4092.6,25173750,4501.8,3683.4,4440.0,3288.1,4024.5,4,2,4024.4,2,1,4024.3,6,1,4024.1,2,1,4024.0,53,6,4024.6,21,2,4025.0,15,1,4025.6,22,2,4025.8,13,1,4026.0,44,3
11483,2026-07-02 13:22:01+05:30,4024.5,1,4037.64,1404794,159689.0,167091.0,4100.0,4110.0,4012.0,4092.6,25173750,4501.8,3683.4,4440.0,3288.1,4024.5,4,2,4024.4,2,1,4024.3,6,1,4024.1,2,1,4024.0,53,6,4024.6,21,2,4025.0,15,1,4025.6,22,2,4025.8,13,1,4026.0,44,3
11483,2026-07-02 13:22:02+05:30,4024.5,1,4037.64,1404795,159690.0,167102.0,4100.0,4110.0,4012.0,4092.6,25173750,4501.8,3683.4,4440.0,3288.1,4024.5,3,2,4024.4,4,2,4024.3,6,1,4024.1,2,1,4024.0,53,6,4024.6,21,2,4025.0,15,1,4025.6,22,2,4025.8,13,1,4026.0,44,3
11483,2026-07-02 13:22:02+05:30,4024.0,2,4037.64,1404795,159690.0,167102.0,4100.0,4110.0,4012.0,4092.6,25173750,4501.8,3683.4,4440.0,3288.1,4024.5,3,2,4024.4,4,2,4024.3,6,1,4024.1,2,1,4024.0,53,6,4024.6,21,2,4025.0,15,1,4025.6,22,2,4025.8,13,1,4026.0,44,3
11483,2026-07-02 13:22:03+05:30,4024.0,2,4037.64,1404812,159604.0,167212.0,4100.0,4110.0,4012.0,4092.6,25173750,4501.8,3683.4,4440.0,3288.1,4024.0,43,5,4023.7,36,2,4023.6,20,1,4023.4,16,3,4023.3,38,4,4024.6,21,2,4025.0,15,1,4025.6,56,3,4025.8,13,1,4026.0,44,3
11483,2026-07-02 13:22:03+05:30,4025.0,29,4037.64,1404812,159604.0,167212.0,4100.0,4110.0,4012.0,4092.6,25173750,4501.8,3683.4,4440.0,3288.1,4024.0,43,5,4023.7,36,2,4023.6,20,1,4023.4,16,3,4023.3,38,4,4024.6,21,2,4025.0,15,1,4025.6,56,3,4025.8,13,1,4026.0,44,3
11483,2026-07-02 13:22:04+05:30,4025.0,29,4037.64,1405164,159773.0,166216.0,4100.0,4110.0,4012.0,4092.6,25173750,4501.8,3683.4,4440.0,3288.1,4024.2,10,1,4024.1,10,1,4024.0,72,7,4023.8,4,1,4023.7,12,1,4025.0,15,1,4025.4,35,1,4025.5,21,2,4025.6,27,3,4025.8,16,1
11483,2026-07-02 13:22:04+05:30,4024.2,10,4037.64,1405164,159773.0,166216.0,4100.0,4110.0,4012.0,4092.6,25173750,4501.8,3683.4,4440.0,3288.1,4024.2,10,1,4024.1,10,1,4024.0,72,7,4023.8,4,1,4023.7,12,1,4025.0,15,1,4025.4,35,1,4025.5,21,2,4025.6,27,3,4025.8,16,1
11483,2026-07-02 13:22:05+05:30,4023.7,5,4037.64,1405306,159917.0,166744.0,4100.0,4110.0,4012.0,4092.6,25173750,4501.8,3683.4,4440.0,3288.1,4024.0,26,3,4023.8,16,2,4023.7,7,1,4023.6,54,2,4023.5,35,2,4025.0,15,1,4025.4,35,1,4025.5,27,2,4025.6,39,3,4026.0,37,2
11483,2026-07-02 13:22:05+05:30,4024.0,5,4037.64,1405306,159917.0,166744.0,4100.0,4110.0,4012.0,4092.6,25173750,4501.8,3683.4,4440.0,3288.1,4024.0,26,3,4023.8,16,2,4023.7,7,1,4023.6,54,2,4023.5,35,2,4025.0,15,1,4025.4,35,1,4025.5,27,2,4025.6,39,3,4026.0,37,2
11483,2026-07-02 13:22:06+05:30,4025.0,10,4037.64,1405333,160076.0,166905.0,4100.0,4110.0,4012.0,4092.6,25173750,4501.8,3683.4,4440.0,3288.1,4024.6,5,1,4024.0,16,3,4023.8,4,1,4023.7,7,1,4023.6,68,3,4025.0,5,1,4025.4,48,2,4025.5,14,2,4025.6,28,3,4025.7,42,2
11483,2026-07-02 13:22:06+05:30,4025.0,7,4037.64,1405333,160076.0,166905.0,4100.0,4110.0,4012.0,4092.6,25173750,4501.8,3683.4,4440.0,3288.1,4024.6,5,1,4024.0,16,3,4023.8,4,1,4023.7,7,1,4023.6,68,3,4025.0,5,1,4025.4,48,2,4025.5,14,2,4025.6,28,3,4025.7,42,2
11483,2026-07-02 13:22:07+05:30,4025.0,7,4037.63,1405345,160058.0,166357.0,4100.0,4110.0,4012.0,4092.6,25173750,4501.8,3683.4,4440.0,3288.1,4024.2,9,1,4024.0,16,3,4023.8,4,1,4023.7,7,1,4023.6,30,1,4025.0,15,1,4025.4,48,2,4025.5,26,2,4025.6,28,3,4026.0,37,2
11483,2026-07-02 13:22:07+05:30,4024.2,1,4037.63,1405345,160058.0,166357.0,4100.0,4110.0,4012.0,4092.6,25173750,4501.8,3683.4,4440.0,3288.1,4024.2,9,1,4024.0,16,3,4023.8,4,1,4023.7,7,1,4023.6,30,1,4025.0,15,1,4025.4,48,2,4025.5,26,2,4025.6,28,3,4026.0,37,2
11483,2026-07-02 13:22:08+05:30,4024.2,1,4037.63,1405347,160055.0,166481.0,4100.0,4110.0,4012.0,4092.6,25173750,4501.8,3683.4,4440.0,3288.1,4024.2,7,1,4024.0,35,5,4023.8,4,1,4023.7,7,1,4023.6,30,1,4025.0,15,1,4025.4,48,2,4025.5,28,3,4025.6,28,3,4026.0,37,2
11483,2026-07-02 13:22:08+05:30,4024.2,1,4037.63,1405347,160055.0,166481.0,4100.0,4110.0,4012.0,4092.6,25173750,4501.8,3683.4,4440.0,3288.1,4024.2,7,1,4024.0,35,5,4023.8,4,1,4023.7,7,1,4023.6,30,1,4025.0,15,1,4025.4,48,2,4025.5,28,3,4025.6,28,3,4026.0,37,2
11483,2026-07-02 13:22:09+05:30,4025.0,1,4037.63,1405348,160093.0,167258.0,4100.0,4110.0,4012.0,4092.6,25173750,4501.8,3683.4,4440.0,3288.1,4024.6,1,1,4024.2,7,1,4024.0,36,6,4023.8,4,1,4023.7,7,1,4025.0,14,1,4025.4,50,3,4025.5,26,2,4025.6,28,3,4026.0,50,3
11483,2026-07-02 13:22:09+05:30,4025.0,1,4037.63,1405348,160093.0,167258.0,4100.0,4110.0,4012.0,4092.6,25173750,4501.8,3683.4,4440.0,3288.1,4024.6,1,1,4024.2,7,1,4024.0,36,6,4023.8,4,1,4023.7,7,1,4025.0,14,1,4025.4,50,3,4025.5,26,2,4025.6,28,3,4026.0,50,3
11483,2026-07-02 13:22:10+05:30,4025.0,1,4037.63,1405348,160093.0,167258.0,4100.0,4110.0,4012.0,4092.6,25173750,4501.8,3683.4,4440.0,3288.1,4024.6,1,1,4024.2,7,1,4024.0,36,6,4023.8,4,1,4023.7,7,1,4025.0,14,1,4025.4,50,3,4025.5,26,2,4025.6,28,3,4026.0,50,3
11483,2026-07-02 13:22:10+05:30,4025.0,1,4037.63,1405359,160081.0,167423.0,4100.0,4110.0,4012.0,4092.6,25173750,4501.8,3683.4,4440.0,3288.1,4024.6,1,1,4024.2,7,1,4024.0,36,6,4023.8,4,1,4023.7,7,1,4025.0,5,2,4025.1,5,1,4025.4,58,4,4025.5,35,3,4025.6,52,4
11483,2026-07-02 13:22:10+05:30,4025.0,1,4037.63,1405359,160081.0,167423.0,4100.0,4110.0,4012.0,4092.6,25173750,4501.8,3683.4,4440.0,3288.1,4024.6,1,1,4024.2,7,1,4024.0,36,6,4023.8,4,1,4023.7,7,1,4025.0,5,2,4025.1,5,1,4025.4,58,4,4025.5,35,3,4025.6,52,4
11483,2026-07-02 13:22:10+05:30,4025.0,1,4037.63,1405359,160081.0,167423.0,4100.0,4110.0,4012.0,4092.6,25173750,4501.8,3683.4,4440.0,3288.1,4024.6,1,1,4024.2,7,1,4024.0,36,6,4023.8,4,1,4023.7,7,1,4025.0,5,2,4025.1,5,1,4025.4,58,4,4025.5,35,3,4025.6,52,4
11483,2026-07-02 13:22:11+05:30,4025.0,1,4037.63,1405359,160081.0,167423.0,4100.0,4110.0,4012.0,4092.6,25173750,4501.8,3683.4,4440.0,3288.1,4024.6,1,1,4024.2,7,1,4024.0,36,6,4023.8,4,1,4023.7,7,1,4025.0,5,2,4025.1,5,1,4025.4,58,4,4025.5,35,3,4025.6,52,4
11483,2026-07-02 13:22:11+05:30,4025.0,1,4037.63,1405361,160207.0,167399.0,4100.0,4110.0,4012.0,4092.6,25173750,4501.8,3683.4,4440.0,3288.1,4024.2,7,1,4024.1,6,1,4024.0,36,6,4023.8,4,1,4023.7,7,1,4025.0,4,2,4025.1,5,1,4025.4,58,4,4025.5,35,3,4025.6,52,4
11483,2026-07-02 13:22:11+05:30,4025.0,1,4037.63,1405361,160207.0,167399.0,4100.0,4110.0,4012.0,4092.6,25173750,4501.8,3683.4,4440.0,3288.1,4024.2,7,1,4024.1,6,1,4024.0,36,6,4023.8,4,1,4023.7,7,1,4025.0,4,2,4025.1,5,1,4025.4,58,4,4025.5,35,3,4025.6,52,4
11483,2026-07-02 13:22:11+05:30,4025.0,22,4037.63,1405361,160207.0,167399.0,4100.0,4110.0,4012.0,4092.6,25173750,4501.8,3683.4,4440.0,3288.1,4024.2,7,1,4024.1,6,1,4024.0,36,6,4023.8,4,1,4023.7,7,1,4025.0,4,2,4025.1,5,1,4025.4,58,4,4025.5,35,3,4025.6,52,4
11483,2026-07-02 13:22:12+05:30,4025.0,22,4037.63,1405361,160207.0,167399.0,4100.0,4110.0,4012.0,4092.6,25173750,4501.8,3683.4,4440.0,3288.1,4024.2,7,1,4024.1,6,1,4024.0,36,6,4023.8,4,1,4023.7,7,1,4025.0,4,2,4025.1,5,1,4025.4,58,4,4025.5,35,3,4025.6,52,4
11483,2026-07-02 13:22:12+05:30,4025.0,22,4037.63,1405388,160164.0,167580.0,4100.0,4110.0,4012.0,4092.6,25173750,4501.8,3683.4,4440.0,3288.1,4024.2,6,1,4024.1,6,1,4024.0,36,6,4023.8,4,1,4023.7,7,1,4025.0,15,1,4025.4,41,3,4025.5,17,2,4025.6,19,3,4025.8,16,2
11483,2026-07-02 13:22:12+05:30,4025.0,22,4037.63,1405388,160164.0,167580.0,4100.0,4110.0,4012.0,4092.6,25173750,4501.8,3683.4,4440.0,3288.1,4024.2,6,1,4024.1,6,1,4024.0,36,6,4023.8,4,1,4023.7,7,1,4025.0,15,1,4025.4,41,3,4025.5,17,2,4025.6,19,3,4025.8,16,2
11483,2026-07-02 13:22:12+05:30,4024.7,1,4037.63,1405388,160164.0,167580.0,4100.0,4110.0,4012.0,4092.6,25173750,4501.8,3683.4,4440.0,3288.1,4024.2,6,1,4024.1,6,1,4024.0,36,6,4023.8,4,1,4023.7,7,1,4025.0,15,1,4025.4,41,3,4025.5,17,2,4025.6,19,3,4025.8,16,2
11483,2026-07-02 13:22:13+05:30,4024.7,1,4037.63,1405388,160164.0,167580.0,4100.0,4110.0,4012.0,4092.6,25173750,4501.8,3683.4,4440.0,3288.1,4024.2,6,1,4024.1,6,1,4024.0,36,6,4023.8,4,1,4023.7,7,1,4025.0,15,1,4025.4,41,3,4025.5,17,2,4025.6,19,3,4025.8,16,2
11483,2026-07-02 13:22:13+05:30,4024.7,1,4037.63,1405392,159092.0,169329.0,4100.0,4110.0,4012.0,4092.6,25173750,4501.8,3683.4,4440.0,3288.1,4024.2,3,1,4024.1,6,1,4024.0,12,2,4023.7,7,1,4023.4,15,3,4024.7,19,3,4024.8,36,4,4024.9,20,3,4025.0,26,3,4025.1,14,1
11483,2026-07-02 13:22:13+05:30,4024.7,1,4037.63,1405392,159092.0,169329.0,4100.0,4110.0,4012.0,4092.6,25173750,4501.8,3683.4,4440.0,3288.1,4024.2,3,1,4024.1,6,1,4024.0,12,2,4023.7,7,1,4023.4,15,3,4024.7,19,3,4024.8,36,4,4024.9,20,3,4025.0,26,3,4025.1,14,1
11483,2026-07-02 13:22:14+05:30,4024.7,1,4037.63,1405392,159092.0,169329.0,4100.0,4110.0,4012.0,4092.6,25188275,4501.8,3683.4,4440.0,3288.1,4024.2,3,1,4024.1,6,1,4024.0,12,2,4023.7,7,1,4023.4,15,3,4024.7,19,3,4024.8,36,4,4024.9,20,3,4025.0,26,3,4025.1,14,1
11483,2026-07-02 13:22:14+05:30,4024.7,1,4037.63,1405392,159029.0,169970.0,4100.0,4110.0,4012.0,4092.6,25188275,4501.8,3683.4,4440.0,3288.1,4024.1,6,1,4024.0,12,2,4023.7,7,1,4023.4,13,2,4023.1,12,1,4024.5,22,3,4024.6,7,2,4024.7,3,1,4024.8,61,7,4024.9,41,5
11483,2026-07-02 13:22:14+05:30,4024.7,1,4037.63,1405392,159029.0,169970.0,4100.0,4110.0,4012.0,4092.6,25188275,4501.8,3683.4,4440.0,3288.1,4024.1,6,1,4024.0,12,2,4023.7,7,1,4023.4,13,2,4023.1,12,1,4024.5,22,3,4024.6,7,2,4024.7,3,1,4024.8,61,7,4024.9,41,5
11483,2026-07-02 13:22:15+05:30,4024.7,1,4037.63,1405392,159029.0,169970.0,4100.0,4110.0,4012.0,4092.6,25188275,4501.8,3683.4,4440.0,3288.1,4024.1,6,1,4024.0,12,2,4023.7,7,1,4023.4,13,2,4023.1,12,1,4024.5,22,3,4024.6,7,2,4024.7,3,1,4024.8,61,7,4024.9,41,5
11483,2026-07-02 13:22:15+05:30,4024.5,1,4037.63,1405393,159034.0,169803.0,4100.0,4110.0,4012.0,4092.6,25188275,4501.8,3683.4,4440.0,3288.1,4024.1,6,1,4024.0,12,2,4023.7,7,1,4023.4,13,2,4023.1,12,1,4024.5,21,3,4024.6,7,2,4024.7,3,1,4024.8,61,7,4024.9,41,5
11483,2026-07-02 13:22:15+05:30,4024.5,1,4037.63,1405393,159034.0,169803.0,4100.0,4110.0,4012.0,4092.6,25188275,4501.8,3683.4,4440.0,3288.1,4024.1,6,1,4024.0,12,2,4023.7,7,1,4023.4,13,2,4023.1,12,1,4024.5,21,3,4024.6,7,2,4024.7,3,1,4024.8,61,7,4024.9,41,5
11483,2026-07-02 13:22:15+05:30,4024.5,3,4037.63,1405393,159034.0,169803.0,4100.0,4110.0,4012.0,4092.6,25188275,4501.8,3683.4,4440.0,3288.1,4024.1,6,1,4024.0,12,2,4023.7,7,1,4023.4,13,2,4023.1,12,1,4024.5,21,3,4024.6,7,2,4024.7,3,1,4024.8,61,7,4024.9,41,5
11483,2026-07-02 13:22:16+05:30,4024.5,3,4037.63,1405413,159060.0,169803.0,4100.0,4110.0,4012.0,4092.6,25188275,4501.8,3683.4,4440.0,3288.1,4024.1,6,1,4024.0,12,2,4023.7,7,1,4023.4,13,2,4023.1,12,1,4024.5,12,2,4024.6,4,1,4024.7,29,1,4024.8,61,7,4024.9,41,5
11483,2026-07-02 13:22:16+05:30,4024.5,3,4037.63,1405413,159060.0,169803.0,4100.0,4110.0,4012.0,4092.6,25188275,4501.8,3683.4,4440.0,3288.1,4024.1,6,1,4024.0,12,2,4023.7,7,1,4023.4,13,2,4023.1,12,1,4024.5,12,2,4024.6,4,1,4024.7,29,1,4024.8,61,7,4024.9,41,5
11483,2026-07-02 13:22:16+05:30,4024.5,1,4037.63,1405413,159060.0,169803.0,4100.0,4110.0,4012.0,4092.6,25188275,4501.8,3683.4,4440.0,3288.1,4024.1,6,1,4024.0,12,2,4023.7,7,1,4023.4,13,2,4023.1,12,1,4024.5,12,2,4024.6,4,1,4024.7,29,1,4024.8,61,7,4024.9,41,5
11483,2026-07-02 13:22:17+05:30,4024.5,1,4037.63,1405417,159199.0,169804.0,4100.0,4110.0,4012.0,4092.6,25188275,4501.8,3683.4,4440.0,3288.1,4024.2,20,1,4024.1,3,1,4024.0,32,4,4023.7,7,1,4023.4,13,2,4024.5,6,1,4024.6,4,1,4024.7,29,1,4024.8,50,4,4024.9,42,5
11483,2026-07-02 13:22:17+05:30,4024.8,2,4037.63,1405417,159199.0,169804.0,4100.0,4110.0,4012.0,4092.6,25188275,4501.8,3683.4,4440.0,3288.1,4024.2,20,1,4024.1,3,1,4024.0,32,4,4023.7,7,1,4023.4,13,2,4024.5,6,1,4024.6,4,1,4024.7,29,1,4024.8,50,4,4024.9,42,5
11483,2026-07-02 13:22:18+05:30,4024.8,2,4037.63,1405420,159261.0,170068.0,4100.0,4110.0,4012.0,4092.6,25188275,4501.8,3683.4,4440.0,3288.1,4024.2,19,1,4024.1,3,1,4024.0,32,4,4023.7,7,1,4023.4,13,2,4024.5,2,1,4024.7,16,2,4024.8,9,2,4024.9,29,4,4025.0,526,4
11483,2026-07-02 13:22:18+05:30,4024.2,1,4037.63,1405420,159261.0,170068.0,4100.0,4110.0,4012.0,4092.6,25188275,4501.8,3683.4,4440.0,3288.1,4024.2,19,1,4024.1,3,1,4024.0,32,4,4023.7,7,1,4023.4,13,2,4024.5,2,1,4024.7,16,2,4024.8,9,2,4024.9,29,4,4025.0,526,4
11483,2026-07-02 13:22:19+05:30,4024.2,1,4037.63,1405421,159271.0,170029.0,4100.0,4110.0,4012.0,4092.6,25188275,4501.8,3683.4,4440.0,3288.1,4024.3,1,1,4024.2,18,1,4024.1,3,1,4024.0,32,4,4023.7,7,1,4024.5,2,1,4024.6,31,3,4024.7,12,1,4024.8,14,4,4024.9,29,3
11483,2026-07-02 13:22:19+05:30,4024.3,1,4037.63,1405421,159271.0,170029.0,4100.0,4110.0,4012.0,4092.6,25188275,4501.8,3683.4,4440.0,3288.1,4024.3,1,1,4024.2,18,1,4024.1,3,1,4024.0,32,4,4023.7,7,1,4024.5,2,1,4024.6,31,3,4024.7,12,1,4024.8,14,4,4024.9,29,3
11483,2026-07-02 13:22:20+05:30,4024.6,1,4037.63,1405473,159308.0,170002.0,4100.0,4110.0,4012.0,4092.6,25188275,4501.8,3683.4,4440.0,3288.1,4024.3,1,1,4024.2,18,1,4024.1,3,1,4024.0,62,5,4023.7,7,1,4024.6,29,4,4024.8,12,3,4024.9,15,3,4025.0,526,4,4025.1,14,1
11483,2026-07-02 13:22:20+05:30,4024.3,4,4037.63,1405473,159308.0,170002.0,4100.0,4110.0,4012.0,4092.6,25188275,4501.8,3683.4,4440.0,3288.1,4024.3,1,1,4024.2,18,1,4024.1,3,1,4024.0,62,5,4023.7,7,1,4024.6,29,4,4024.8,12,3,4024.9,15,3,4025.0,526,4,4025.1,14,1
11483,2026-07-02 13:22:21+05:30,4024.6,1,4037.63,1405480,159218.0,170019.0,4100.0,4110.0,4012.0,4092.6,25188275,4501.8,3683.4,4440.0,3288.1,4024.5,20,2,4024.2,18,1,4024.1,3,1,4024.0,62,5,4023.7,7,1,4024.6,17,2,4024.8,5,1,4024.9,15,2,4025.0,525,4,4025.1,14,1
11483,2026-07-02 13:22:21+05:30,4024.5,1,4037.63,1405480,159218.0,170019.0,4100.0,4110.0,4012.0,4092.6,25188275,4501.8,3683.4,4440.0,3288.1,4024.5,20,2,4024.2,18,1,4024.1,3,1,4024.0,62,5,4023.7,7,1,4024.6,17,2,4024.8,5,1,4024.9,15,2,4025.0,525,4,4025.1,14,1
11483,2026-07-02 13:22:22+05:30,4024.9,1,4037.63,1405512,159319.0,170031.0,4100.0,4110.0,4012.0,4092.6,25188275,4501.8,3683.4,4440.0,3288.1,4024.5,19,2,4024.2,18,1,4024.1,3,1,4024.0,62,5,4023.7,7,1,4024.9,17,2,4025.0,537,4,4025.1,13,2,4025.2,30,2,4025.4,69,4
11483,2026-07-02 13:22:22+05:30,4024.9,1,4037.63,1405512,159319.0,170031.0,4100.0,4110.0,4012.0,4092.6,25188275,4501.8,3683.4,4440.0,3288.1,4024.5,19,2,4024.2,18,1,4024.1,3,1,4024.0,62,5,4023.7,7,1,4024.9,17,2,4025.0,537,4,4025.1,13,2,4025.2,30,2,4025.4,69,4
11483,2026-07-02 13:22:23+05:30,4024.9,1,4037.63,1405557,159276.0,169908.0,4100.0,4110.0,4012.0,4092.6,25188275,4501.8,3683.4,4440.0,3288.1,4024.6,4,1,4024.5,11,1,4024.2,18,1,4024.1,3,1,4024.0,62,5,4024.8,2,1,4024.9,27,2,4025.0,523,3,4025.1,14,2,4025.2,30,2
11483,2026-07-02 13:22:23+05:30,4024.8,2,4037.63,1405557,159276.0,169908.0,4100.0,4110.0,4012.0,4092.6,25188275,4501.8,3683.4,4440.0,3288.1,4024.6,4,1,4024.5,11,1,4024.2,18,1,4024.1,3,1,4024.0,62,5,4024.8,2,1,4024.9,27,2,4025.0,523,3,4025.1,14,2,4025.2,30,2
11483,2026-07-02 13:22:24+05:30,4024.6,1,4037.63,1405562,159329.0,169740.0,4100.0,4110.0,4012.0,4092.6,25188275,4501.8,3683.4,4440.0,3288.1,4024.5,11,1,4024.2,18,1,4024.1,3,1,4024.0,74,6,4023.7,7,1,4024.6,1,1,4025.0,531,4,4025.1,14,2,4025.2,32,3,4025.4,71,4
11483,2026-07-02 13:22:24+05:30,4024.6,1,4037.63,1405562,159329.0,169740.0,4100.0,4110.0,4012.0,4092.6,25188275,4501.8,3683.4,4440.0,3288.1,4024.5,11,1,4024.2,18,1,4024.1,3,1,4024.0,74,6,4023.7,7,1,4024.6,1,1,4025.0,531,4,4025.1,14,2,4025.2,32,3,4025.4,71,4
11483,2026-07-02 13:22:25+05:30,4024.6,3,4037.63,1405565,159334.0,169721.0,4100.0,4110.0,4012.0,4092.6,25188275,4501.8,3683.4,4440.0,3288.1,4024.6,5,1,4024.5,11,1,4024.2,18,1,4024.1,3,1,4024.0,74,6,4025.0,531,4,4025.1,11,1,4025.2,33,3,4025.3,2,1,4025.4,53,3
11483,2026-07-02 13:22:25+05:30,4024.6,1,4037.63,1405565,159334.0,169721.0,4100.0,4110.0,4012.0,4092.6,25188275,4501.8,3683.4,4440.0,3288.1,4024.6,5,1,4024.5,11,1,4024.2,18,1,4024.1,3,1,4024.0,74,6,4025.0,531,4,4025.1,11,1,4025.2,33,3,4025.3,2,1,4025.4,53,3
11483,2026-07-02 13:22:26+05:30,4025.0,7,4037.63,1405596,161348.0,169245.0,4100.0,4110.0,4012.0,4092.6,25188275,4501.8,3683.4,4440.0,3288.1,4024.9,555,1,4024.8,325,1,4024.7,537,2,4024.6,5,1,4024.5,53,2,4025.0,508,2,4025.4,16,2,4025.5,5,1,4025.6,10,1,4025.7,16,2
11483,2026-07-02 13:22:26+05:30,4024.9,4,4037.63,1405596,161348.0,169245.0,4100.0,4110.0,4012.0,4092.6,25188275,4501.8,3683.4,4440.0,3288.1,4024.9,555,1,4024.8,325,1,4024.7,537,2,4024.6,5,1,4024.5,53,2,4025.0,508,2,4025.4,16,2,4025.5,5,1,4025.6,10,1,4025.7,16,2
11483,2026-07-02 13:22:27+05:30,4025.0,4,4037.62,1407639,161638.0,167571.0,4100.0,4110.0,4012.0,4092.6,25188275,4501.8,3683.4,4440.0,3288.1,4024.9,547,3,4024.8,349,2,4024.6,49,3,4024.5,84,4,4024.4,48,2,4025.0,8,1,4026.4,14,1,4026.5,17,2,4026.6,11,1,4026.7,21,3
11483,2026-07-02 13:22:27+05:30,4024.9,1,4037.62,1407639,161638.0,167571.0,4100.0,4110.0,4012.0,4092.6,25188275,4501.8,3683.4,4440.0,3288.1,4024.9,547,3,4024.8,349,2,4024.6,49,3,4024.5,84,4,4024.4,48,2,4025.0,8,1,4026.4,14,1,4026.5,17,2,4026.6,11,1,4026.7,21,3
11483,2026-07-02 13:22:28+05:30,4025.0,8,4037.61,1408497,163154.0,168551.0,4100.0,4110.0,4012.0,4092.6,25188275,4501.8,3683.4,4440.0,3288.1,4024.9,297,1,4024.8,325,1,4024.6,44,2,4024.5,51,2,4024.4,42,1,4025.0,22,2,4025.5,6,1,4025.7,8,1,4025.9,36,2,4026.0,58,3
11483,2026-07-02 13:22:28+05:30,4025.0,1,4037.61,1408497,163154.0,168551.0,4100.0,4110.0,4012.0,4092.6,25188275,4501.8,3683.4,4440.0,3288.1,4024.9,297,1,4024.8,325,1,4024.6,44,2,4024.5,51,2,4024.4,42,1,4025.0,22,2,4025.5,6,1,4025.7,8,1,4025.9,36,2,4026.0,58,3
11483,2026-07-02 13:22:29+05:30,4024.9,15,4037.6,1409071,163153.0,168806.0,4100.0,4110.0,4012.0,4092.6,25188275,4501.8,3683.4,4440.0,3288.1,4024.9,191,3,4024.8,325,1,4024.6,42,1,4024.5,51,2,4024.4,42,1,4025.0,15,1,4025.2,13,1,4026.0,58,3,4026.1,35,3,4026.2,54,2
11483,2026-07-02 13:22:29+05:30,4025.0,4,4037.6,1409071,163153.0,168806.0,4100.0,4110.0,4012.0,4092.6,25188275,4501.8,3683.4,4440.0,3288.1,4024.9,191,3,4024.8,325,1,4024.6,42,1,4024.5,51,2,4024.4,42,1,4025.0,15,1,4025.2,13,1,4026.0,58,3,4026.1,35,3,4026.2,54,2
11483,2026-07-02 13:22:30+05:30,4024.9,1,4037.6,1409645,163103.0,168917.0,4100.0,4110.0,4012.0,4092.6,25188275,4501.8,3683.4,4440.0,3288.1,4024.9,96,2,4024.8,325,1,4024.6,42,1,4024.5,51,2,4024.4,42,1,4025.0,30,2,4025.2,13,1,4025.4,5,1,4025.6,7,1,4026.0,94,4
11483,2026-07-02 13:22:30+05:30,4025.0,3,4037.6,1409645,163103.0,168917.0,4100.0,4110.0,4012.0,4092.6,25188275,4501.8,3683.4,4440.0,3288.1,4024.9,96,2,4024.8,325,1,4024.6,42,1,4024.5,51,2,4024.4,42,1,4025.0,30,2,4025.2,13,1,4025.4,5,1,4025.6,7,1,4026.0,94,4
11483,2026-07-02 13:22:31+05:30,4024.9,4,4037.59,1410235,162967.0,168809.0,4100.0,4110.0,4012.0,4092.6,25188275,4501.8,3683.4,4440.0,3288.1,4024.9,23,2,4024.8,325,1,4024.7,12,1,4024.6,42,1,4024.5,51,2,4025.0,66,2,4025.2,13,1,4025.9,5,1,4026.0,55,2,4026.1,21,1
11483,2026-07-02 13:22:31+05:30,4025.0,4,4037.59,1410235,162967.0,168809.0,4100.0,4110.0,4012.0,4092.6,25188275,4501.8,3683.4,4440.0,3288.1,4024.9,23,2,4024.8,325,1,4024.7,12,1,4024.6,42,1,4024.5,51,2,4025.0,66,2,4025.2,13,1,4025.9,5,1,4026.0,55,2,4026.1,21,1
11483,2026-07-02 13:22:32+05:30,4024.9,2,4037.59,1410351,163491.0,169009.0,4100.0,4110.0,4012.0,4092.6,25188275,4501.8,3683.4,4440.0,3288.1,4024.9,473,1,4024.7,337,2,4024.5,93,3,4024.3,54,2,4024.2,20,2,4025.0,44,2,4025.2,13,1,4026.0,55,2,4026.1,21,1,4026.2,54,2
11483,2026-07-02 13:22:32+05:30,4025.0,12,4037.59,1410351,163491.0,169009.0,4100.0,4110.0,4012.0,4092.6,25188275,4501.8,3683.4,4440.0,3288.1,4024.9,473,1,4024.7,337,2,4024.5,93,3,4024.3,54,2,4024.2,20,2,4025.0,44,2,4025.2,13,1,4026.0,55,2,4026.1,21,1,4026.2,54,2
11483,2026-07-02 13:22:33+05:30,4024.9,10,4037.59,1410458,163253.0,169217.0,4100.0,4110.0,4012.0,4092.6,25188275,4501.8,3683.4,4440.0,3288.1,4024.9,315,1,4024.8,325,1,4024.7,12,1,4024.6,42,1,4024.5,51,2,4025.0,29,2,4025.1,14,1,4025.2,13,1,4025.4,19,2,4025.6,7,1
11483,2026-07-02 13:22:33+05:30,4025.0,5,4037.59,1410458,163253.0,169217.0,4100.0,4110.0,4012.0,4092.6,25188275,4501.8,3683.4,4440.0,3288.1,4024.9,315,1,4024.8,325,1,4024.7,12,1,4024.6,42,1,4024.5,51,2,4025.0,29,2,4025.1,14,1,4025.2,13,1,4025.4,19,2,4025.6,7,1
11483,2026-07-02 13:22:34+05:30,4025.0,1,4037.59,1410923,163267.0,169086.0,4100.0,4110.0,4012.0,4092.6,25188275,4501.8,3683.4,4440.0,3288.1,4024.9,307,2,4024.8,325,1,4024.7,12,1,4024.6,42,1,4024.5,51,2,4025.0,16,2,4025.1,14,1,4025.2,13,1,4025.4,14,1,4025.7,42,2
11483,2026-07-02 13:22:34+05:30,4025.2,2,4037.59,1410923,163267.0,169086.0,4100.0,4110.0,4012.0,4092.6,25188275,4501.8,3683.4,4440.0,3288.1,4024.9,307,2,4024.8,325,1,4024.7,12,1,4024.6,42,1,4024.5,51,2,4025.0,16,2,4025.1,14,1,4025.2,13,1,4025.4,14,1,4025.7,42,2
11483,2026-07-02 13:22:35+05:30,4025.0,54,4037.58,1412071,163194.0,169122.0,4100.0,4110.0,4012.0,4092.6,25188275,4501.8,3683.4,4440.0,3288.1,4024.9,237,2,4024.8,325,1,4024.7,12,1,4024.6,45,2,4024.5,51,2,4025.0,15,1,4025.2,11,1,4026.0,91,5,4026.1,50,2,4026.2,54,2
11483,2026-07-02 13:22:35+05:30,4025.0,2,4037.58,1412071,163194.0,169122.0,4100.0,4110.0,4012.0,4092.6,25188275,4501.8,3683.4,4440.0,3288.1,4024.9,237,2,4024.8,325,1,4024.7,12,1,4024.6,45,2,4024.5,51,2,4025.0,15,1,4025.2,11,1,4026.0,91,5,4026.1,50,2,4026.2,54,2
11483,2026-07-02 13:22:36+05:30,4025.0,31,4037.57,1412644,163070.0,169084.0,4100.0,4110.0,4012.0,4092.6,25188275,4501.8,3683.4,4440.0,3288.1,4024.9,93,2,4024.8,325,1,4024.7,12,1,4024.6,45,2,4024.5,51,2,4025.0,15,1,4025.2,11,1,4025.6,14,1,4025.7,42,2,4026.0,91,5
11483,2026-07-02 13:22:36+05:30,4025.2,2,4037.57,1412644,163070.0,169084.0,4100.0,4110.0,4012.0,4092.6,25188275,4501.8,3683.4,4440.0,3288.1,4024.9,93,2,4024.8,325,1,4024.7,12,1,4024.6,45,2,4024.5,51,2,4025.0,15,1,4025.2,11,1,4025.6,14,1,4025.7,42,2,4026.0,91,5
11483,2026-07-02 13:22:37+05:30,4025.2,2,4037.57,1412744,163337.0,169228.0,4100.0,4110.0,4012.0,4092.6,25188275,4501.8,3683.4,4440.0,3288.1,4025.1,476,1,4024.9,341,4,4024.7,54,2,4024.6,3,1,4024.5,93,3,4025.2,13,1,4026.0,80,4,4026.1,21,1,4026.2,54,2,4026.3,94,5
11483,2026-07-02 13:22:37+05:30,4025.8,4,4037.57,1412744,163337.0,169228.0,4100.0,4110.0,4012.0,4092.6,25188275,4501.8,3683.4,4440.0,3288.1,4025.1,476,1,4024.9,341,4,4024.7,54,2,4024.6,3,1,4024.5,93,3,4025.2,13,1,4026.0,80,4,4026.1,21,1,4026.2,54,2,4026.3,94,5
11483,2026-07-02 13:22:38+05:30,4025.3,7,4037.57,1412888,162973.0,169095.0,4100.0,4110.0,4012.0,4092.6,25188275,4501.8,3683.4,4440.0,3288.1,4025.3,221,1,4025.1,42,1,4025.0,12,1,4024.9,58,4,4024.7,12,1,4025.7,20,1,4025.8,30,3,4025.9,1,1,4026.0,64,3,4026.1,21,1
11483,2026-07-02 13:22:38+05:30,4025.3,17,4037.57,1412888,162973.0,169095.0,4100.0,4110.0,4012.0,4092.6,25188275,4501.8,3683.4,4440.0,3288.1,4025.3,221,1,4025.1,42,1,4025.0,12,1,4024.9,58,4,4024.7,12,1,4025.7,20,1,4025.8,30,3,4025.9,1,1,4026.0,64,3,4026.1,21,1
11483,2026-07-02 13:22:39+05:30,4026.5,2,4037.57,1412923,164399.0,168073.0,4100.0,4110.0,4012.0,4092.6,25188275,4501.8,3683.4,4440.0,3288.1,4025.7,6,2,4025.6,353,2,4025.5,1,1,4025.3,248,3,4025.2,42,1,4026.5,19,1,4026.8,34,1,4027.1,49,2,4027.2,65,4,4027.3,5,1
11483,2026-07-02 13:22:39+05:30,4025.7,2,4037.57,1412923,164399.0,168073.0,4100.0,4110.0,4012.0,4092.6,25188275,4501.8,3683.4,4440.0,3288.1,4025.7,6,2,4025.6,353,2,4025.5,1,1,4025.3,248,3,4025.2,42,1,4026.5,19,1,4026.8,34,1,4027.1,49,2,4027.2,65,4,4027.3,5,1
11483,2026-07-02 13:22:40+05:30,4026.2,7,4037.57,1412942,163657.0,168031.0,4100.0,4110.0,4012.0,4092.6,25188275,4501.8,3683.4,4440.0,3288.1,4026.2,333,1,4025.9,13,1,4025.8,42,1,4025.7,7,1,4025.6,59,3,4026.7,31,2,4027.0,27,2,4027.1,39,3,4027.2,70,5,4027.3,5,1
11483,2026-07-02 13:22:40+05:30,4026.3,3,4037.57,1412942,163657.0,168031.0,4100.0,4110.0,4012.0,4092.6,25188275,4501.8,3683.4,4440.0,3288.1,4026.2,333,1,4025.9,13,1,4025.8,42,1,4025.7,7,1,4025.6,59,3,4026.7,31,2,4027.0,27,2,4027.1,39,3,4027.2,70,5,4027.3,5,1
11483,2026-07-02 13:22:41+05:30,4027.8,8,4037.57,1413230,163368.0,167550.0,4100.0,4110.0,4012.0,4092.6,25188275,4501.8,3683.4,4440.0,3288.1,4026.3,39,1,4026.2,13,1,4026.1,42,1,4026.0,33,4,4025.9,13,1,4027.0,21,1,4027.1,36,4,4027.2,12,2,4027.3,31,2,4027.4,39,2
11483,2026-07-02 13:22:41+05:30,4026.3,35,4037.57,1413230,163368.0,167550.0,4100.0,4110.0,4012.0,4092.6,25188275,4501.8,3683.4,4440.0,3288.1,4026.3,39,1,4026.2,13,1,4026.1,42,1,4026.0,33,4,4025.9,13,1,4027.0,21,1,4027.1,36,4,4027.2,12,2,4027.3,31,2,4027.4,39,2
11483,2026-07-02 13:22:42+05:30,4026.7,13,4037.57,1413308,163586.0,167247.0,4100.0,4110.0,4012.0,4092.6,25188275,4501.8,3683.4,4440.0,3288.1,4026.7,280,1,4026.5,12,1,4026.3,4,1,4026.2,13,1,4026.1,42,1,4027.6,21,1,4027.7,33,4,4027.8,33,2,4027.9,18,4,4028.0,151,6
11483,2026-07-02 13:22:42+05:30,4026.7,3,4037.57,1413308,163586.0,167247.0,4100.0,4110.0,4012.0,4092.6,25188275,4501.8,3683.4,4440.0,3288.1,4026.7,280,1,4026.5,12,1,4026.3,4,1,4026.2,13,1,4026.1,42,1,4027.6,21,1,4027.7,33,4,4027.8,33,2,4027.9,18,4,4028.0,151,6
11483,2026-07-02 13:22:43+05:30,4027.6,2,4037.57,1413332,163270.0,167069.0,4100.0,4110.0,4012.0,4092.6,25188275,4501.8,3683.4,4440.0,3288.1,4026.6,42,1,4026.4,2,1,4026.3,4,1,4026.2,13,1,4026.1,16,1,4027.6,35,4,4027.7,7,1,4027.8,19,1,4027.9,30,5,4028.0,147,6
11483,2026-07-02 13:22:43+05:30,4026.6,7,4037.57,1413332,163270.0,167069.0,4100.0,4110.0,4012.0,4092.6,25188275,4501.8,3683.4,4440.0,3288.1,4026.6,42,1,4026.4,2,1,4026.3,4,1,4026.2,13,1,4026.1,16,1,4027.6,35,4,4027.7,7,1,4027.8,19,1,4027.9,30,5,4028.0,147,6
11483,2026-07-02 13:22:44+05:30,4027.5,2,4037.57,1413362,163831.0,167157.0,4100.0,4110.0,4012.0,4092.6,25188275,4501.8,3683.4,4440.0,3288.1,4027.1,257,1,4026.6,32,1,4026.5,13,1,4026.4,2,1,4026.3,17,2,4027.5,10,1,4027.8,14,1,4027.9,30,5,4028.0,143,6,4028.1,24,2
11483,2026-07-02 13:22:44+05:30,4027.1,3,4037.57,1413362,163831.0,167157.0,4100.0,4110.0,4012.0,4092.6,25188275,4501.8,3683.4,4440.0,3288.1,4027.1,257,1,4026.6,32,1,4026.5,13,1,4026.4,2,1,4026.3,17,2,4027.5,10,1,4027.8,14,1,4027.9,30,5,4028.0,143,6,4028.1,24,2
11483,2026-07-02 13:22:45+05:30,4026.0,1,4037.56,1413572,163077.0,168691.0,4100.0,4110.0,4012.0,4092.6,25188275,4501.8,3683.4,4440.0,3288.1,4025.9,218,1,4025.6,14,1,4025.3,218,3,4025.1,6,1,4025.0,12,1,4026.0,134,1,4027.1,63,4,4027.3,38,2,4027.4,58,4,4027.5,237,7
11483,2026-07-02 13:22:45+05:30,4026.0,3,4037.56,1413572,163077.0,168691.0,4100.0,4110.0,4012.0,4092.6,25188275,4501.8,3683.4,4440.0,3288.1,4025.9,218,1,4025.6,14,1,4025.3,218,3,4025.1,6,1,4025.0,12,1,4026.0,134,1,4027.1,63,4,4027.3,38,2,4027.4,58,4,4027.5,237,7
11483,2026-07-02 13:22:46+05:30,4026.0,11,4037.56,1413653,162996.0,168665.0,4100.0,4110.0,4012.0,4092.6,25188275,4501.8,3683.4,4440.0,3288.1,4025.6,68,3,4025.4,42,1,4025.3,218,3,4025.0,12,1,4024.9,49,4,4026.0,82,1,4027.0,14,1,4027.1,49,3,4027.3,38,2,4027.4,58,4
11483,2026-07-02 13:22:46+05:30,4025.0,18,4037.56,1413653,162996.0,168665.0,4100.0,4110.0,4012.0,4092.6,25188275,4501.8,3683.4,4440.0,3288.1,4025.6,68,3,4025.4,42,1,4025.3,218,3,4025.0,12,1,4024.9,49,4,4026.0,82,1,4027.0,14,1,4027.1,49,3,4027.3,38,2,4027.4,58,4
11483,2026-07-02 13:22:47+05:30,4025.0,100,4037.55,1414643,161465.0,169323.0,4100.0,4110.0,4012.0,4092.6,25188275,4501.8,3683.4,4440.0,3288.1,4024.9,21,3,4024.8,1,1,4024.7,5,1,4024.6,3,1,4024.5,51,2,4025.0,214,1,4025.6,1,1,4025.9,26,1,4026.0,76,3,4026.1,9,1
11483,2026-07-02 13:22:47+05:30,4024.9,7,4037.55,1414643,161465.0,169323.0,4100.0,4110.0,4012.0,4092.6,25188275,4501.8,3683.4,4440.0,3288.1,4024.9,21,3,4024.8,1,1,4024.7,5,1,4024.6,3,1,4024.5,51,2,4025.0,214,1,4025.6,1,1,4025.9,26,1,4026.0,76,3,4026.1,9,1
11483,2026-07-02 13:22:48+05:30,4025.0,1,4037.55,1414763,162295.0,169347.0,4100.0,4110.0,4012.0,4092.6,25188275,4501.8,3683.4,4440.0,3288.1,4024.9,449,1,4024.8,13,3,4024.7,330,2,4024.6,3,1,4024.5,93,3,4025.0,213,1,4025.6,1,1,4025.9,26,1,4026.0,75,2,4026.1,9,1
11483,2026-07-02 13:22:48+05:30,4025.0,1,4037.55,1414763,162295.0,169347.0,4100.0,4110.0,4012.0,4092.6,25188275,4501.8,3683.4,4440.0,3288.1,4024.9,449,1,4024.8,13,3,4024.7,330,2,4024.6,3,1,4024.5,93,3,4025.0,213,1,4025.6,1,1,4025.9,26,1,4026.0,75,2,4026.1,9,1
11483,2026-07-02 13:22:49+05:30,4025.0,1,4037.55,1414780,161360.0,169572.0,4100.0,4110.0,4012.0,4092.6,25188275,4501.8,3683.4,4440.0,3288.1,4024.9,1,1,4024.8,12,2,4024.7,5,1,4024.6,3,1,4024.5,51,2,4025.0,211,1,4025.6,1,1,4025.9,61,3,4026.0,75,2,4026.1,9,1
11483,2026-07-02 13:22:49+05:30,4024.9,1,4037.55,1414780,161360.0,169572.0,4100.0,4110.0,4012.0,4092.6,25188275,4501.8,3683.4,4440.0,3288.1,4024.9,1,1,4024.8,12,2,4024.7,5,1,4024.6,3,1,4024.5,51,2,4025.0,211,1,4025.6,1,1,4025.9,61,3,4026.0,75,2,4026.1,9,1
11483,2026-07-02 13:22:50+05:30,4025.0,1,4037.55,1414795,161402.0,169237.0,4100.0,4110.0,4012.0,4092.6,25188275,4501.8,3683.4,4440.0,3288.1,4024.8,17,3,4024.7,18,2,4024.6,47,3,4024.5,64,2,4024.4,26,2,4025.6,1,1,4026.4,42,2,4026.6,50,2,4026.7,18,1,4026.9,14,1
11483,2026-07-02 13:22:50+05:30,4025.6,1,4037.55,1414795,161402.0,169237.0,4100.0,4110.0,4012.0,4092.6,25188275,4501.8,3683.4,4440.0,3288.1,4024.8,17,3,4024.7,18,2,4024.6,47,3,4024.5,64,2,4024.4,26,2,4025.6,1,1,4026.4,42,2,4026.6,50,2,4026.7,18,1,4026.9,14,1
11483,2026-07-02 13:22:51+05:30,4026.4,1,4037.55,1414799,161953.0,169087.0,4100.0,4110.0,4012.0,4092.6,25188275,4501.8,3683.4,4440.0,3288.1,4025.0,13,2,4024.8,10,2,4024.7,19,3,4024.6,37,3,4024.5,64,2,4026.4,71,5,4026.6,50,2,4026.7,18,1,4026.9,52,2,4027.0,17,1
11483,2026-07-02 13:22:51+05:30,4026.4,1,4037.55,1414799,161953.0,169087.0,4100.0,4110.0,4012.0,4092.6,25188275,4501.8,3683.4,4440.0,3288.1,4025.0,13,2,4024.8,10,2,4024.7,19,3,4024.6,37,3,4024.5,64,2,4026.4,71,5,4026.6,50,2,4026.7,18,1,4026.9,52,2,4027.0,17,1
11483,2026-07-02 13:22:52+05:30,4025.3,1,4037.55,1414801,162228.0,168952.0,4100.0,4110.0,4012.0,4092.6,25188275,4501.8,3683.4,4440.0,3288.1,4026.0,7,1,4025.3,11,1,4025.0,41,5,4024.9,38,1,4024.8,3,1,4026.4,1,1,4026.9,23,2,4027.1,66,4,4027.2,14,1,4027.3,40,3
11483,2026-07-02 13:22:52+05:30,4025.3,1,4037.55,1414801,162228.0,168952.0,4100.0,4110.0,4012.0,4092.6,25188275,4501.8,3683.4,4440.0,3288.1,4026.0,7,1,4025.3,11,1,4025.0,41,5,4024.9,38,1,4024.8,3,1,4026.4,1,1,4026.9,23,2,4027.1,66,4,4027.2,14,1,4027.3,40,3
11483,2026-07-02 13:22:53+05:30,4026.4,1,4037.55,1414802,162660.0,168796.0,4100.0,4110.0,4012.0,4092.6,25188275,4501.8,3683.4,4440.0,3288.1,4026.0,11,2,4025.3,11,1,4025.0,32,4,4024.8,3,1,4024.7,40,5,4026.4,3,1,4027.1,77,6,4027.2,9,1,4027.3,71,5,4027.4,19,1
11483,2026-07-02 13:22:53+05:30,4026.4,1,4037.55,1414802,162660.0,168796.0,4100.0,4110.0,4012.0,4092.6,25188275,4501.8,3683.4,4440.0,3288.1,4026.0,11,2,4025.3,11,1,4025.0,32,4,4024.8,3,1,4024.7,40,5,4026.4,3,1,4027.1,77,6,4027.2,9,1,4027.3,71,5,4027.4,19,1
11483,2026-07-02 13:22:54+05:30,4026.4,1,4037.55,1414805,162579.0,168609.0,4100.0,4110.0,4012.0,4092.6,25188275,4501.8,3683.4,4440.0,3288.1,4026.0,26,3,4025.3,11,1,4025.0,52,5,4024.8,3,1,4024.7,34,4,4026.4,8,3,4026.6,6,1,4026.7,14,1,4027.1,63,5,4027.2,17,2
11483,2026-07-02 13:22:54+05:30,4026.0,1,4037.55,1414805,162579.0,168609.0,4100.0,4110.0,4012.0,4092.6,25188275,4501.8,3683.4,4440.0,3288.1,4026.0,26,3,4025.3,11,1,4025.0,52,5,4024.8,3,1,4024.7,34,4,4026.4,8,3,4026.6,6,1,4026.7,14,1,4027.1,63,5,4027.2,17,2
11483,2026-07-02 13:22:55+05:30,4026.0,10,4037.55,1414827,162571.0,168512.0,4100.0,4110.0,4012.0,4092.6,25188275,4501.8,3683.4,4440.0,3288.1,4026.0,55,2,4025.6,12,1,4025.3,11,1,4025.0,78,6,4024.9,6,1,4026.4,4,2,4026.9,23,2,4027.0,11,2,4027.1,56,4,4027.2,17,2
11483,2026-07-02 13:22:55+05:30,4026.0,2,4037.55,1414827,162571.0,168512.0,4100.0,4110.0,4012.0,4092.6,25188275,4501.8,3683.4,4440.0,3288.1,4026.0,55,2,4025.6,12,1,4025.3,11,1,4025.0,78,6,4024.9,6,1,4026.4,4,2,4026.9,23,2,4027.0,11,2,4027.1,56,4,4027.2,17,2
11483,2026-07-02 13:22:56+05:30,4026.0,2,4037.55,1414829,162773.0,168682.0,4100.0,4110.0,4012.0,4092.6,25188275,4501.8,3683.4,4440.0,3288.1,4026.0,53,2,4025.6,12,1,4025.3,11,1,4025.0,80,7,4024.8,34,3,4026.4,4,2,4026.9,23,2,4027.0,11,2,4027.1,56,4,4027.2,44,3
11483,2026-07-02 13:22:56+05:30,4026.0,1,4037.55,1414829,162773.0,168682.0,4100.0,4110.0,4012.0,4092.6,25188275,4501.8,3683.4,4440.0,3288.1,4026.0,53,2,4025.6,12,1,4025.3,11,1,4025.0,80,7,4024.8,34,3,4026.4,4,2,4026.9,23,2,4027.0,11,2,4027.1,56,4,4027.2,44,3
11483,2026-07-02 13:22:57+05:30,4026.0,1,4037.55,1414830,162782.0,168687.0,4100.0,4110.0,4012.0,4092.6,25188275,4501.8,3683.4,4440.0,3288.1,4026.0,52,2,4025.6,12,1,4025.3,11,1,4025.0,86,8,4024.9,3,1,4026.4,4,2,4026.9,23,2,4027.0,11,2,4027.1,56,4,4027.2,44,3
11483,2026-07-02 13:22:58+05:30,4026.0,1,4037.55,1414831,162751.0,168632.0,4100.0,4110.0,4012.0,4092.6,25188275,4501.8,3683.4,4440.0,3288.1,4026.0,51,2,4025.6,12,1,4025.3,11,1,4025.0,86,8,4024.9,3,1,4026.4,17,3,4026.5,14,1,4026.6,6,1,4026.8,8,1,4026.9,23,2
11483,2026-07-02 13:22:58+05:30,4026.4,4,4037.55,1414831,162751.0,168632.0,4100.0,4110.0,4012.0,4092.6,25188275,4501.8,3683.4,4440.0,3288.1,4026.0,51,2,4025.6,12,1,4025.3,11,1,4025.0,86,8,4024.9,3,1,4026.4,17,3,4026.5,14,1,4026.6,6,1,4026.8,8,1,4026.9,23,2
11483,2026-07-02 13:22:59+05:30,4026.0,14,4037.55,1414858,162564.0,168579.0,4100.0,4110.0,4012.0,4092.6,25188275,4501.8,3683.4,4440.0,3288.1,4026.0,36,1,4025.6,12,1,4025.3,11,1,4025.1,3,1,4025.0,89,8,4026.4,6,1,4026.9,30,3,4027.0,11,2,4027.1,78,5,4027.2,17,2
11483,2026-07-02 13:22:59+05:30,4026.0,3,4037.55,1414858,162564.0,168579.0,4100.0,4110.0,4012.0,4092.6,25188275,4501.8,3683.4,4440.0,3288.1,4026.0,36,1,4025.6,12,1,4025.3,11,1,4025.1,3,1,4025.0,89,8,4026.4,6,1,4026.9,30,3,4027.0,11,2,4027.1,78,5,4027.2,17,2
11483,2026-07-02 13:23:00+05:30,4026.0,1,4037.55,1414862,162548.0,168594.0,4100.0,4110.0,4012.0,4092.6,25188275,4501.8,3683.4,4440.0,3288.1,4026.0,32,1,4025.3,11,1,4025.0,89,8,4024.9,5,2,4024.8,25,1,4026.4,6,1,4026.9,30,3,4027.0,11,2,4027.1,78,5,4027.2,17,2
11483,2026-07-02 13:23:00+05:30,4026.4,3,4037.55,1414862,162548.0,168594.0,4100.0,4110.0,4012.0,4092.6,25188275,4501.8,3683.4,4440.0,3288.1,4026.0,32,1,4025.3,11,1,4025.0,89,8,4024.9,5,2,4024.8,25,1,4026.4,6,1,4026.9,30,3,4027.0,11,2,4027.1,78,5,4027.2,17,2
11483,2026-07-02 13:23:01+05:30,4026.0,30,4037.55,1414899,162294.0,168775.0,4100.0,4110.0,4012.0,4092.6,25188275,4501.8,3683.4,4440.0,3288.1,4025.0,649,10,4024.9,3,1,4024.8,2,1,4024.7,32,3,4024.6,39,5,4026.0,23,1,4026.4,4,2,4026.8,2,1,4026.9,30,3,4027.0,53,2
11483,2026-07-02 13:23:01+05:30,4025.0,4,4037.55,1414899,162294.0,168775.0,4100.0,4110.0,4012.0,4092.6,25188275,4501.8,3683.4,4440.0,3288.1,4025.0,649,10,4024.9,3,1,4024.8,2,1,4024.7,32,3,4024.6,39,5,4026.0,23,1,4026.4,4,2,4026.8,2,1,4026.9,30,3,4027.0,53,2
11483,2026-07-02 13:23:02+05:30,4025.0,1,4037.55,1414905,162359.0,168805.0,4100.0,4110.0,4012.0,4092.6,25188275,4501.8,3683.4,4440.0,3288.1,4025.0,643,10,4024.9,3,1,4024.8,2,1,4024.7,32,3,4024.6,39,5,4026.0,23,1,4026.4,1,1,4026.7,5,1,4026.8,2,1,4026.9,30,3
11483,2026-07-02 13:23:02+05:30,4025.0,1,4037.55,1414905,162359.0,168805.0,4100.0,4110.0,4012.0,4092.6,25188275,4501.8,3683.4,4440.0,3288.1,4025.0,643,10,4024.9,3,1,4024.8,2,1,4024.7,32,3,4024.6,39,5,4026.0,23,1,4026.4,1,1,4026.7,5,1,4026.8,2,1,4026.9,30,3
11483,2026-07-02 13:23:03+05:30,4025.0,1,4037.55,1414907,162418.0,168877.0,4100.0,4110.0,4012.0,4092.6,25188275,4501.8,3683.4,4440.0,3288.1,4025.0,642,10,4024.9,3,1,4024.8,2,1,4024.7,32,3,4024.6,33,4,4026.0,77,3,4026.4,1,1,4026.7,5,1,4026.8,2,1,4026.9,30,3
11483,2026-07-02 13:23:03+05:30,4025.0,1,4037.55,1414907,162418.0,168877.0,4100.0,4110.0,4012.0,4092.6,25188275,4501.8,3683.4,4440.0,3288.1,4025.0,642,10,4024.9,3,1,4024.8,2,1,4024.7,32,3,4024.6,33,4,4026.0,77,3,4026.4,1,1,4026.7,5,1,4026.8,2,1,4026.9,30,3
11483,2026-07-02 13:23:04+05:30,4025.1,1,4037.55,1414919,162496.0,168909.0,4100.0,4110.0,4012.0,4092.6,25188275,4501.8,3683.4,4440.0,3288.1,4025.1,3,1,4025.0,641,10,4024.8,26,2,4024.7,32,3,4024.6,33,4,4026.0,67,3,4026.4,1,1,4026.7,5,1,4026.8,2,1,4026.9,30,3
11483,2026-07-02 13:23:04+05:30,4025.1,1,4037.55,1414919,162496.0,168909.0,4100.0,4110.0,4012.0,4092.6,25188275,4501.8,3683.4,4440.0,3288.1,4025.1,3,1,4025.0,641,10,4024.8,26,2,4024.7,32,3,4024.6,33,4,4026.0,67,3,4026.4,1,1,4026.7,5,1,4026.8,2,1,4026.9,30,3
11483,2026-07-02 13:23:05+05:30,4025.1,1,4037.55,1414971,162408.0,168934.0,4100.0,4110.0,4012.0,4092.6,25188275,4501.8,3683.4,4440.0,3288.1,4025.1,1,1,4025.0,641,10,4024.9,19,1,4024.8,24,1,4024.7,57,5,4026.0,70,2,4026.4,1,1,4026.7,5,1,4026.8,38,2,4026.9,30,3
11483,2026-07-02 13:23:05+05:30,4025.1,6,4037.55,1414971,162408.0,168934.0,4100.0,4110.0,4012.0,4092.6,25188275,4501.8,3683.4,4440.0,3288.1,4025.1,1,1,4025.0,641,10,4024.9,19,1,4024.8,24,1,4024.7,57,5,4026.0,70,2,4026.4,1,1,4026.7,5,1,4026.8,38,2,4026.9,30,3
11483,2026-07-02 13:23:06+05:30,4026.0,3,4037.55,1414999,162178.0,169092.0,4100.0,4110.0,4012.0,4092.6,25188275,4501.8,3683.4,4440.0,3288.1,4025.1,27,3,4025.0,619,8,4024.8,45,2,4024.7,32,3,4024.6,65,7,4026.0,58,2,4026.1,13,1,4026.7,1,1,4026.8,52,3,4026.9,16,2
11483,2026-07-02 13:23:06+05:30,4025.1,3,4037.55,1414999,162178.0,169092.0,4100.0,4110.0,4012.0,4092.6,25188275,4501.8,3683.4,4440.0,3288.1,4025.1,27,3,4025.0,619,8,4024.8,45,2,4024.7,32,3,4024.6,65,7,4026.0,58,2,4026.1,13,1,4026.7,1,1,4026.8,52,3,4026.9,16,2
11483,2026-07-02 13:23:07+05:30,4025.2,1,4037.55,1415003,162238.0,169134.0,4100.0,4110.0,4012.0,4092.6,25188275,4501.8,3683.4,4440.0,3288.1,4025.2,19,2,4025.1,100,6,4025.0,633,10,4024.8,45,2,4024.7,32,3,4026.0,58,2,4026.1,13,1,4026.7,1,1,4026.8,52,3,4026.9,9,1
11483,2026-07-02 13:23:07+05:30,4025.2,1,4037.55,1415003,162238.0,169134.0,4100.0,4110.0,4012.0,4092.6,25188275,4501.8,3683.4,4440.0,3288.1,4025.2,19,2,4025.1,100,6,4025.0,633,10,4024.8,45,2,4024.7,32,3,4026.0,58,2,4026.1,13,1,4026.7,1,1,4026.8,52,3,4026.9,9,1
11483,2026-07-02 13:23:08+05:30,4025.2,1,4037.55,1415005,162382.0,169112.0,4100.0,4110.0,4012.0,4092.6,25188275,4501.8,3683.4,4440.0,3288.1,4025.2,21,3,4025.1,124,7,4025.0,644,12,4024.8,45,2,4024.7,32,3,4026.0,58,2,4026.1,13,1,4026.7,1,1,4026.8,38,2,4026.9,9,1
11483,2026-07-02 13:23:08+05:30,4025.2,1,4037.55,1415005,162382.0,169112.0,4100.0,4110.0,4012.0,4092.6,25188275,4501.8,3683.4,4440.0,3288.1,4025.2,21,3,4025.1,124,7,4025.0,644,12,4024.8,45,2,4024.7,32,3,4026.0,58,2,4026.1,13,1,4026.7,1,1,4026.8,38,2,4026.9,9,1
11483,2026-07-02 13:23:09+05:30,4026.0,5,4037.55,1415022,162931.0,169141.0,4100.0,4110.0,4012.0,4092.6,25188275,4501.8,3683.4,4440.0,3288.1,4025.6,1,1,4025.2,8,1,4025.1,73,3,4025.0,644,12,4024.9,3,1,4026.0,95,2,4026.1,13,1,4026.7,1,1,4026.8,38,2,4026.9,9,1
11483,2026-07-02 13:23:09+05:30,4025.6,1,4037.55,1415022,162931.0,169141.0,4100.0,4110.0,4012.0,4092.6,25188275,4501.8,3683.4,4440.0,3288.1,4025.6,1,1,4025.2,8,1,4025.1,73,3,4025.0,644,12,4024.9,3,1,4026.0,95,2,4026.1,13,1,4026.7,1,1,4026.8,38,2,4026.9,9,1
11483,2026-07-02 13:23:10+05:30,4025.6,1,4037.55,1415022,162931.0,169141.0,4100.0,4110.0,4012.0,4092.6,25188275,4501.8,3683.4,4440.0,3288.1,4025.6,1,1,4025.2,8,1,4025.1,73,3,4025.0,644,12,4024.9,3,1,4026.0,95,2,4026.1,13,1,4026.7,1,1,4026.8,38,2,4026.9,9,1
11483,2026-07-02 13:23:10+05:30,4025.1,1,4037.55,1415024,162310.0,169248.0,4100.0,4110.0,4012.0,4092.6,25188275,4501.8,3683.4,4440.0,3288.1,4025.1,91,4,4025.0,608,10,4024.8,3,1,4024.7,32,3,4024.6,28,3,4025.6,1,1,4026.0,95,2,4026.1,13,1,4026.7,15,2,4026.8,64,3
11483,2026-07-02 13:23:10+05:30,4025.1,1,4037.55,1415024,162310.0,169248.0,4100.0,4110.0,4012.0,4092.6,25188275,4501.8,3683.4,4440.0,3288.1,4025.1,91,4,4025.0,608,10,4024.8,3,1,4024.7,32,3,4024.6,28,3,4025.6,1,1,4026.0,95,2,4026.1,13,1,4026.7,15,2,4026.8,64,3
11483,2026-07-02 13:23:10+05:30,4025.1,1,4037.55,1415024,162310.0,169248.0,4100.0,4110.0,4012.0,4092.6,25188275,4501.8,3683.4,4440.0,3288.1,4025.1,91,4,4025.0,608,10,4024.8,3,1,4024.7,32,3,4024.6,28,3,4025.6,1,1,4026.0,95,2,4026.1,13,1,4026.7,15,2,4026.8,64,3
11483,2026-07-02 13:23:11+05:30,4025.1,1,4037.55,1415024,162310.0,169248.0,4100.0,4110.0,4012.0,4092.6,25188275,4501.8,3683.4,4440.0,3288.1,4025.1,91,4,4025.0,608,10,4024.8,3,1,4024.7,32,3,4024.6,28,3,4025.6,1,1,4026.0,95,2,4026.1,13,1,4026.7,15,2,4026.8,64,3
11483,2026-07-02 13:23:11+05:30,4025.2,1,4037.55,1415024,162310.0,169248.0,4100.0,4110.0,4012.0,4092.6,25188275,4501.8,3683.4,4440.0,3288.1,4025.1,91,4,4025.0,608,10,4024.8,3,1,4024.7,32,3,4024.6,28,3,4025.6,1,1,4026.0,95,2,4026.1,13,1,4026.7,15,2,4026.8,64,3
11483,2026-07-02 13:23:11+05:30,4025.2,1,4037.55,1415038,162394.0,169178.0,4100.0,4110.0,4012.0,4092.6,25188275,4501.8,3683.4,4440.0,3288.1,4025.2,9,1,4025.1,103,5,4025.0,621,11,4024.8,12,1,4024.7,32,3,4025.6,1,1,4026.0,85,2,4026.1,13,1,4026.7,15,2,4026.8,57,3
11483,2026-07-02 13:23:12+05:30,4025.2,1,4037.55,1415038,162394.0,169178.0,4100.0,4110.0,4012.0,4092.6,25188275,4501.8,3683.4,4440.0,3288.1,4025.2,9,1,4025.1,103,5,4025.0,621,11,4024.8,12,1,4024.7,32,3,4025.6,1,1,4026.0,85,2,4026.1,13,1,4026.7,15,2,4026.8,57,3
11483,2026-07-02 13:23:12+05:30,4025.2,1,4037.55,1415038,162394.0,169178.0,4100.0,4110.0,4012.0,4092.6,25188275,4501.8,3683.4,4440.0,3288.1,4025.2,9,1,4025.1,103,5,4025.0,621,11,4024.8,12,1,4024.7,32,3,4025.6,1,1,4026.0,85,2,4026.1,13,1,4026.7,15,2,4026.8,57,3
11483,2026-07-02 13:23:13+05:30,4025.2,1,4037.55,1415039,162351.0,169184.0,4100.0,4110.0,4012.0,4092.6,25188275,4501.8,3683.4,4440.0,3288.1,4025.2,8,1,4025.1,103,5,4025.0,621,11,4024.8,12,1,4024.7,32,3,4025.6,1,1,4026.0,85,2,4026.1,13,1,4026.7,15,2,4026.8,57,3
11483,2026-07-02 13:23:13+05:30,4025.2,1,4037.55,1415039,162351.0,169184.0,4100.0,4110.0,4012.0,4092.6,25188275,4501.8,3683.4,4440.0,3288.1,4025.2,8,1,4025.1,103,5,4025.0,621,11,4024.8,12,1,4024.7,32,3,4025.6,1,1,4026.0,85,2,4026.1,13,1,4026.7,15,2,4026.8,57,3
11483,2026-07-02 13:23:14+05:30,4025.2,1,4037.55,1415039,162326.0,169220.0,4100.0,4110.0,4012.0,4092.6,25188275,4501.8,3683.4,4440.0,3288.1,4025.2,8,1,4025.1,103,5,4025.0,621,11,4024.8,3,1,4024.7,13,1,4025.6,1,1,4026.0,85,2,4026.1,13,1,4026.7,15,2,4026.8,57,3
11483,2026-07-02 13:23:14+05:30,4025.2,1,4037.55,1415039,162326.0,169220.0,4100.0,4110.0,4012.0,4092.6,25188275,4501.8,3683.4,4440.0,3288.1,4025.2,8,1,4025.1,103,5,4025.0,621,11,4024.8,3,1,4024.7,13,1,4025.6,1,1,4026.0,85,2,4026.1,13,1,4026.7,15,2,4026.8,57,3
11483,2026-07-02 13:23:14+05:30,4025.2,1,4037.55,1415039,162326.0,169220.0,4100.0,4110.0,4012.0,4092.6,25188625,4501.8,3683.4,4440.0,3288.1,4025.2,8,1,4025.1,103,5,4025.0,621,11,4024.8,3,1,4024.7,13,1,4025.6,1,1,4026.0,85,2,4026.1,13,1,4026.7,15,2,4026.8,57,3
11483,2026-07-02 13:23:15+05:30,4025.2,1,4037.55,1415039,162220.0,169317.0,4100.0,4110.0,4012.0,4092.6,25188625,4501.8,3683.4,4440.0,3288.1,4025.1,91,4,4025.0,608,10,4024.7,16,2,4024.6,3,1,4024.5,40,1,4025.6,1,1,4026.0,85,2,4026.1,13,1,4026.7,15,2,4026.8,57,3
11483,2026-07-02 13:23:15+05:30,4025.2,1,4037.55,1415039,162220.0,169317.0,4100.0,4110.0,4012.0,4092.6,25188625,4501.8,3683.4,4440.0,3288.1,4025.1,91,4,4025.0,608,10,4024.7,16,2,4024.6,3,1,4024.5,40,1,4025.6,1,1,4026.0,85,2,4026.1,13,1,4026.7,15,2,4026.8,57,3
11483,2026-07-02 13:23:15+05:30,4025.6,1,4037.55,1415039,162220.0,169317.0,4100.0,4110.0,4012.0,4092.6,25188625,4501.8,3683.4,4440.0,3288.1,4025.1,91,4,4025.0,608,10,4024.7,16,2,4024.6,3,1,4024.5,40,1,4025.6,1,1,4026.0,85,2,4026.1,13,1,4026.7,15,2,4026.8,57,3
11483,2026-07-02 13:23:15+05:30,4025.6,1,4037.55,1415049,162759.0,169041.0,4100.0,4110.0,4012.0,4092.6,25188625,4501.8,3683.4,4440.0,3288.1,4025.7,2,2,4025.6,15,1,4025.1,91,4,4025.0,620,11,4024.9,6,1,4026.0,85,2,4026.1,13,1,4026.5,9,1,4026.6,24,2,4026.7,11,1
11483,2026-07-02 13:23:15+05:30,4025.6,1,4037.55,1415049,162759.0,169041.0,4100.0,4110.0,4012.0,4092.6,25188625,4501.8,3683.4,4440.0,3288.1,4025.7,2,2,4025.6,15,1,4025.1,91,4,4025.0,620,11,4024.9,6,1,4026.0,85,2,4026.1,13,1,4026.5,9,1,4026.6,24,2,4026.7,11,1
11483,2026-07-02 13:23:16+05:30,4025.6,1,4037.55,1415049,162759.0,169041.0,4100.0,4110.0,4012.0,4092.6,25188625,4501.8,3683.4,4440.0,3288.1,4025.7,2,2,4025.6,15,1,4025.1,91,4,4025.0,620,11,4024.9,6,1,4026.0,85,2,4026.1,13,1,4026.5,9,1,4026.6,24,2,4026.7,11,1
11483,2026-07-02 13:23:16+05:30,4025.0,185,4037.55,1415049,162759.0,169041.0,4100.0,4110.0,4012.0,4092.6,25188625,4501.8,3683.4,4440.0,3288.1,4025.7,2,2,4025.6,15,1,4025.1,91,4,4025.0,620,11,4024.9,6,1,4026.0,85,2,4026.1,13,1,4026.5,9,1,4026.6,24,2,4026.7,11,1
11483,2026-07-02 13:23:16+05:30,4025.0,185,4037.51,1419543,161077.0,169230.0,4100.0,4110.0,4012.0,4092.6,25188625,4501.8,3683.4,4440.0,3288.1,4025.1,11,1,4025.0,323,2,4024.8,6,1,4024.7,13,1,4024.6,28,3,4026.0,86,3,4026.1,13,1,4026.5,35,2,4026.6,10,1,4026.7,11,1
11483,2026-07-02 13:23:17+05:30,4025.1,100,4037.51,1419543,161077.0,169230.0,4100.0,4110.0,4012.0,4092.6,25188625,4501.8,3683.4,4440.0,3288.1,4025.1,11,1,4025.0,323,2,4024.8,6,1,4024.7,13,1,4024.6,28,3,4026.0,86,3,4026.1,13,1,4026.5,35,2,4026.6,10,1,4026.7,11,1
11483,2026-07-02 13:23:18+05:30,4025.1,100,4037.51,1420082,163873.0,168677.0,4100.0,4110.0,4012.0,4092.6,25188625,4501.8,3683.4,4440.0,3288.1,4025.8,40,4,4025.7,35,5,4025.6,34,4,4025.5,26,4,4025.4,65,5,4026.0,86,3,4026.1,13,1,4026.8,38,2,4027.0,85,2,4027.1,34,1
11483,2026-07-02 13:23:18+05:30,4025.8,10,4037.51,1420082,163873.0,168677.0,4100.0,4110.0,4012.0,4092.6,25188625,4501.8,3683.4,4440.0,3288.1,4025.8,40,4,4025.7,35,5,4025.6,34,4,4025.5,26,4,4025.4,65,5,4026.0,86,3,4026.1,13,1,4026.8,38,2,4027.0,85,2,4027.1,34,1
11483,2026-07-02 13:23:19+05:30,4025.8,10,4037.51,1420122,163866.0,169033.0,4100.0,4110.0,4012.0,4092.6,25188625,4501.8,3683.4,4440.0,3288.1,4025.7,34,5,4025.6,22,3,4025.5,26,4,4025.4,67,6,4025.3,53,4,4025.8,7,1,4026.0,86,3,4026.1,13,1,4026.8,38,2,4027.0,85,2
11483,2026-07-02 13:23:19+05:30,4026.0,25,4037.51,1420122,163866.0,169033.0,4100.0,4110.0,4012.0,4092.6,25188625,4501.8,3683.4,4440.0,3288.1,4025.7,34,5,4025.6,22,3,4025.5,26,4,4025.4,67,6,4025.3,53,4,4025.8,7,1,4026.0,86,3,4026.1,13,1,4026.8,38,2,4027.0,85,2
11483,2026-07-02 13:23:20+05:30,4025.8,1,4037.51,1420177,164038.0,168802.0,4100.0,4110.0,4012.0,4092.6,25188625,4501.8,3683.4,4440.0,3288.1,4025.8,28,4,4025.7,12,2,4025.6,40,4,4025.5,26,4,4025.4,67,6,4026.0,60,2,4026.1,13,1,4026.8,38,2,4027.0,85,2,4027.1,34,1
11483,2026-07-02 13:23:20+05:30,4026.0,9,4037.51,1420177,164038.0,168802.0,4100.0,4110.0,4012.0,4092.6,25188625,4501.8,3683.4,4440.0,3288.1,4025.8,28,4,4025.7,12,2,4025.6,40,4,4025.5,26,4,4025.4,67,6,4026.0,60,2,4026.1,13,1,4026.8,38,2,4027.0,85,2,4027.1,34,1
11483,2026-07-02 13:23:21+05:30,4026.0,9,4037.5,1420359,163971.0,168894.0,4100.0,4110.0,4012.0,4092.6,25188625,4501.8,3683.4,4440.0,3288.1,4025.8,21,4,4025.7,12,2,4025.6,11,1,4025.5,27,4,4025.4,64,5,4026.0,99,3,4026.1,13,1,4026.8,38,2,4027.0,87,3,4027.1,34,1
11483,2026-07-02 13:23:21+05:30,4025.8,2,4037.5,1420359,163971.0,168894.0,4100.0,4110.0,4012.0,4092.6,25188625,4501.8,3683.4,4440.0,3288.1,4025.8,21,4,4025.7,12,2,4025.6,11,1,4025.5,27,4,4025.4,64,5,4026.0,99,3,4026.1,13,1,4026.8,38,2,4027.0,87,3,4027.1,34,1
11483,2026-07-02 13:23:22+05:30,4025.8,2,4037.5,1420381,163993.0,169066.0,4100.0,4110.0,4012.0,4092.6,25188625,4501.8,3683.4,4440.0,3288.1,4025.7,38,5,4025.6,11,1,4025.5,30,4,4025.4,73,5,4025.3,19,2,4026.0,105,5,4026.1,13,1,4026.8,38,2,4027.0,87,3,4027.1,34,1
11483,2026-07-02 13:23:22+05:30,4025.7,2,4037.5,1420381,163993.0,169066.0,4100.0,4110.0,4012.0,4092.6,25188625,4501.8,3683.4,4440.0,3288.1,4025.7,38,5,4025.6,11,1,4025.5,30,4,4025.4,73,5,4025.3,19,2,4026.0,105,5,4026.1,13,1,4026.8,38,2,4027.0,87,3,4027.1,34,1
11483,2026-07-02 13:23:23+05:30,4026.0,2,4037.5,1420387,163942.0,169068.0,4100.0,4110.0,4012.0,4092.6,25188625,4501.8,3683.4,4440.0,3288.1,4025.7,32,6,4025.6,11,1,4025.5,30,4,4025.4,62,4,4025.3,19,2,4026.0,102,5,4026.1,13,1,4026.8,38,2,4027.0,87,3,4027.1,34,1
11483,2026-07-02 13:23:23+05:30,4025.7,1,4037.5,1420387,163942.0,169068.0,4100.0,4110.0,4012.0,4092.6,25188625,4501.8,3683.4,4440.0,3288.1,4025.7,32,6,4025.6,11,1,4025.5,30,4,4025.4,62,4,4025.3,19,2,4026.0,102,5,4026.1,13,1,4026.8,38,2,4027.0,87,3,4027.1,34,1
11483,2026-07-02 13:23:24+05:30,4026.0,8,4037.5,1420403,163963.0,167749.0,4100.0,4110.0,4012.0,4092.6,25188625,4501.8,3683.4,4440.0,3288.1,4025.9,27,3,4025.8,14,2,4025.7,54,3,4025.6,11,1,4025.5,39,5,4026.0,87,5,4026.1,13,1,4027.0,85,2,4027.3,5,1,4027.5,96,2
11483,2026-07-02 13:23:24+05:30,4026.0,1,4037.5,1420403,163963.0,167749.0,4100.0,4110.0,4012.0,4092.6,25188625,4501.8,3683.4,4440.0,3288.1,4025.9,27,3,4025.8,14,2,4025.7,54,3,4025.6,11,1,4025.5,39,5,4026.0,87,5,4026.1,13,1,4027.0,85,2,4027.3,5,1,4027.5,96,2
11483,2026-07-02 13:23:25+05:30,4026.1,29,4037.5,1421191,164603.0,167536.0,4100.0,4110.0,4012.0,4092.6,25188625,4501.8,3683.4,4440.0,3288.1,4026.1,88,6,4026.0,59,9,4025.9,60,5,4025.8,41,4,4025.7,39,3,4027.0,85,2,4027.3,5,1,4027.6,25,1,4027.9,47,3,4028.0,90,5
11483,2026-07-02 13:23:25+05:30,4027.0,1,4037.5,1421191,164603.0,167536.0,4100.0,4110.0,4012.0,4092.6,25188625,4501.8,3683.4,4440.0,3288.1,4026.1,88,6,4026.0,59,9,4025.9,60,5,4025.8,41,4,4025.7,39,3,4027.0,85,2,4027.3,5,1,4027.6,25,1,4027.9,47,3,4028.0,90,5
11483,2026-07-02 13:23:26+05:30,4027.0,7,4037.5,1421296,164564.0,167590.0,4100.0,4110.0,4012.0,4092.6,25188625,4501.8,3683.4,4440.0,3288.1,4026.0,79,10,4025.9,61,5,4025.8,17,4,4025.7,39,3,4025.6,51,4,4027.0,75,2,4027.3,5,1,4027.6,25,1,4027.9,47,3,4028.0,90,5
11483,2026-07-02 13:23:26+05:30,4026.0,5,4037.5,1421296,164564.0,167590.0,4100.0,4110.0,4012.0,4092.6,25188625,4501.8,3683.4,4440.0,3288.1,4026.0,79,10,4025.9,61,5,4025.8,17,4,4025.7,39,3,4025.6,51,4,4027.0,75,2,4027.3,5,1,4027.6,25,1,4027.9,47,3,4028.0,90,5
11483,2026-07-02 13:23:27+05:30,4027.0,1,4037.5,1421310,164531.0,167721.0,4100.0,4110.0,4012.0,4092.6,25188625,4501.8,3683.4,4440.0,3288.1,4026.0,55,8,4025.9,26,3,4025.8,17,4,4025.7,39,3,4025.6,51,4,4027.0,85,3,4027.3,5,1,4027.6,25,1,4027.9,47,3,4028.0,90,5
11483,2026-07-02 13:23:27+05:30,4027.0,10,4037.5,1421310,164531.0,167721.0,4100.0,4110.0,4012.0,4092.6,25188625,4501.8,3683.4,4440.0,3288.1,4026.0,55,8,4025.9,26,3,4025.8,17,4,4025.7,39,3,4025.6,51,4,4027.0,85,3,4027.3,5,1,4027.6,25,1,4027.9,47,3,4028.0,90,5
11483,2026-07-02 13:23:28+05:30,4026.0,1,4037.5,1421386,164408.0,167729.0,4100.0,4110.0,4012.0,4092.6,25188625,4501.8,3683.4,4440.0,3288.1,4026.0,44,6,4025.9,26,3,4025.8,5,1,4025.7,39,3,4025.6,52,5,4027.0,72,3,4027.3,5,1,4027.6,25,1,4027.9,47,3,4028.0,90,5
11483,2026-07-02 13:23:28+05:30,4027.0,7,4037.5,1421386,164408.0,167729.0,4100.0,4110.0,4012.0,4092.6,25188625,4501.8,3683.4,4440.0,3288.1,4026.0,44,6,4025.9,26,3,4025.8,5,1,4025.7,39,3,4025.6,52,5,4027.0,72,3,4027.3,5,1,4027.6,25,1,4027.9,47,3,4028.0,90,5
11483,2026-07-02 13:23:29+05:30,4027.0,1,4037.5,1421405,163849.0,167733.0,4100.0,4110.0,4012.0,4092.6,25188625,4501.8,3683.4,4440.0,3288.1,4026.5,1,1,4026.1,46,3,4026.0,39,4,4025.9,39,4,4025.8,5,1,4027.0,63,3,4027.3,5,1,4027.6,25,1,4027.9,47,3,4028.0,90,5
11483,2026-07-02 13:23:29+05:30,4026.5,1,4037.5,1421405,163849.0,167733.0,4100.0,4110.0,4012.0,4092.6,25188625,4501.8,3683.4,4440.0,3288.1,4026.5,1,1,4026.1,46,3,4026.0,39,4,4025.9,39,4,4025.8,5,1,4027.0,63,3,4027.3,5,1,4027.6,25,1,4027.9,47,3,4028.0,90,5
11483,2026-07-02 13:23:30+05:30,4027.0,1,4037.5,1421408,163710.0,167314.0,4100.0,4110.0,4012.0,4092.6,25188625,4501.8,3683.4,4440.0,3288.1,4026.3,6,1,4026.2,29,2,4026.1,14,2,4026.0,30,3,4025.9,26,3,4027.0,62,2,4027.3,5,1,4027.6,25,1,4027.7,29,1,4027.9,47,3
11483,2026-07-02 13:23:30+05:30,4027.0,3,4037.5,1421408,163710.0,167314.0,4100.0,4110.0,4012.0,4092.6,25188625,4501.8,3683.4,4440.0,3288.1,4026.3,6,1,4026.2,29,2,4026.1,14,2,4026.0,30,3,4025.9,26,3,4027.0,62,2,4027.3,5,1,4027.6,25,1,4027.7,29,1,4027.9,47,3
11483,2026-07-02 13:23:31+05:30,4027.0,1,4037.5,1421420,163749.0,167313.0,4100.0,4110.0,4012.0,4092.6,25188625,4501.8,3683.4,4440.0,3288.1,4026.3,6,1,4026.2,29,2,4026.1,14,2,4026.0,30,3,4025.9,26,3,4027.0,52,3,4027.3,5,1,4027.6,25,1,4027.9,47,3,4028.0,90,5
11483,2026-07-02 13:23:31+05:30,4026.3,2,4037.5,1421420,163749.0,167313.0,4100.0,4110.0,4012.0,4092.6,25188625,4501.8,3683.4,4440.0,3288.1,4026.3,6,1,4026.2,29,2,4026.1,14,2,4026.0,30,3,4025.9,26,3,4027.0,52,3,4027.3,5,1,4027.6,25,1,4027.9,47,3,4028.0,90,5
11483,2026-07-02 13:23:32+05:30,4027.0,1,4037.5,1421424,163828.0,167421.0,4100.0,4110.0,4012.0,4092.6,25188625,4501.8,3683.4,4440.0,3288.1,4026.3,4,1,4026.2,29,2,4026.1,14,2,4026.0,130,4,4025.9,55,4,4027.0,50,3,4027.3,5,1,4027.6,25,1,4027.9,47,3,4028.0,90,5
11483,2026-07-02 13:23:32+05:30,4026.3,1,4037.5,1421424,163828.0,167421.0,4100.0,4110.0,4012.0,4092.6,25188625,4501.8,3683.4,4440.0,3288.1,4026.3,4,1,4026.2,29,2,4026.1,14,2,4026.0,130,4,4025.9,55,4,4027.0,50,3,4027.3,5,1,4027.6,25,1,4027.9,47,3,4028.0,90,5
11483,2026-07-02 13:23:33+05:30,4027.0,1,4037.5,1421427,163855.0,167759.0,4100.0,4110.0,4012.0,4092.6,25188625,4501.8,3683.4,4440.0,3288.1,4026.3,3,1,4026.2,29,2,4026.1,14,2,4026.0,130,4,4025.9,26,3,4027.0,363,4,4027.3,5,1,4027.6,61,2,4027.9,47,3,4028.0,93,6
11483,2026-07-02 13:23:33+05:30,4027.0,147,4037.5,1421427,163855.0,167759.0,4100.0,4110.0,4012.0,4092.6,25188625,4501.8,3683.4,4440.0,3288.1,4026.3,3,1,4026.2,29,2,4026.1,14,2,4026.0,130,4,4025.9,26,3,4027.0,363,4,4027.3,5,1,4027.6,61,2,4027.9,47,3,4028.0,93,6
11483,2026-07-02 13:23:34+05:30,4027.0,1,4037.49,1422278,163911.0,167559.0,4100.0,4110.0,4012.0,4092.6,25188625,4501.8,3683.4,4440.0,3288.1,4026.6,1,1,4026.3,3,1,4026.2,5,1,4026.1,14,2,4026.0,123,3,4027.0,178,2,4027.3,5,1,4027.5,11,1,4027.6,61,2,4027.7,13,1
11483,2026-07-02 13:23:34+05:30,4026.6,1,4037.49,1422278,163911.0,167559.0,4100.0,4110.0,4012.0,4092.6,25188625,4501.8,3683.4,4440.0,3288.1,4026.6,1,1,4026.3,3,1,4026.2,5,1,4026.1,14,2,4026.0,123,3,4027.0,178,2,4027.3,5,1,4027.5,11,1,4027.6,61,2,4027.7,13,1
11483,2026-07-02 13:23:35+05:30,4026.6,1,4037.49,1422281,163676.0,167547.0,4100.0,4110.0,4012.0,4092.6,25188625,4501.8,3683.4,4440.0,3288.1,4026.3,3,1,4026.2,5,1,4026.1,14,2,4026.0,123,3,4025.9,16,2,4026.6,8,1,4027.0,178,2,4027.2,9,1,4027.3,5,1,4027.4,11,1
11483,2026-07-02 13:23:35+05:30,4026.6,1,4037.49,1422281,163676.0,167547.0,4100.0,4110.0,4012.0,4092.6,25188625,4501.8,3683.4,4440.0,3288.1,4026.3,3,1,4026.2,5,1,4026.1,14,2,4026.0,123,3,4025.9,16,2,4026.6,8,1,4027.0,178,2,4027.2,9,1,4027.3,5,1,4027.4,11,1
11483,2026-07-02 13:23:36+05:30,4026.6,1,4037.49,1422288,163675.0,167521.0,4100.0,4110.0,4012.0,4092.6,25188625,4501.8,3683.4,4440.0,3288.1,4026.3,2,1,4026.2,5,1,4026.1,14,2,4026.0,123,3,4025.9,16,2,4026.6,2,1,4027.0,178,2,4027.2,9,1,4027.3,5,1,4027.4,11,1
11483,2026-07-02 13:23:36+05:30,4026.3,1,4037.49,1422288,163675.0,167521.0,4100.0,4110.0,4012.0,4092.6,25188625,4501.8,3683.4,4440.0,3288.1,4026.3,2,1,4026.2,5,1,4026.1,14,2,4026.0,123,3,4025.9,16,2,4026.6,2,1,4027.0,178,2,4027.2,9,1,4027.3,5,1,4027.4,11,1
11483,2026-07-02 13:23:37+05:30,4027.0,9,4037.49,1422392,163689.0,167579.0,4100.0,4110.0,4012.0,4092.6,25188625,4501.8,3683.4,4440.0,3288.1,4026.2,5,1,4026.1,14,2,4026.0,123,3,4025.9,16,2,4025.8,5,1,4027.0,169,2,4027.2,9,1,4027.3,5,1,4027.4,25,2,4027.5,11,1
11483,2026-07-02 13:23:37+05:30,4026.2,7,4037.49,1422392,163689.0,167579.0,4100.0,4110.0,4012.0,4092.6,25188625,4501.8,3683.4,4440.0,3288.1,4026.2,5,1,4026.1,14,2,4026.0,123,3,4025.9,16,2,4025.8,5,1,4027.0,169,2,4027.2,9,1,4027.3,5,1,4027.4,25,2,4027.5,11,1
11483,2026-07-02 13:23:38+05:30,4027.0,1,4037.49,1422405,163580.0,167658.0,4100.0,4110.0,4012.0,4092.6,25188625,4501.8,3683.4,4440.0,3288.1,4026.3,2,1,4026.1,3,1,4026.0,108,2,4025.9,2,1,4025.8,5,1,4027.0,187,6,4027.2,23,2,4027.3,36,3,4027.4,11,1,4027.5,25,2
11483,2026-07-02 13:23:38+05:30,4026.3,1,4037.49,1422405,163580.0,167658.0,4100.0,4110.0,4012.0,4092.6,25188625,4501.8,3683.4,4440.0,3288.1,4026.3,2,1,4026.1,3,1,4026.0,108,2,4025.9,2,1,4025.8,5,1,4027.0,187,6,4027.2,23,2,4027.3,36,3,4027.4,11,1,4027.5,25,2
11483,2026-07-02 13:23:39+05:30,4027.0,1,4037.49,1422409,163700.0,167644.0,4100.0,4110.0,4012.0,4092.6,25188625,4501.8,3683.4,4440.0,3288.1,4026.6,1,1,4026.3,1,1,4026.1,3,1,4026.0,120,3,4025.9,2,1,4027.0,194,8,4027.2,9,1,4027.3,36,3,4027.4,11,1,4027.5,25,2
11483,2026-07-02 13:23:39+05:30,4026.6,1,4037.49,1422409,163700.0,167644.0,4100.0,4110.0,4012.0,4092.6,25188625,4501.8,3683.4,4440.0,3288.1,4026.6,1,1,4026.3,1,1,4026.1,3,1,4026.0,120,3,4025.9,2,1,4027.0,194,8,4027.2,9,1,4027.3,36,3,4027.4,11,1,4027.5,25,2
11483,2026-07-02 13:23:40+05:30,4026.3,1,4037.49,1422411,163957.0,167742.0,4100.0,4110.0,4012.0,4092.6,25188625,4501.8,3683.4,4440.0,3288.1,4026.3,302,2,4026.1,8,2,4026.0,130,5,4025.9,14,2,4025.8,5,1,4027.0,175,6,4027.3,5,1,4027.5,25,2,4027.6,74,3,4027.7,27,2
11483,2026-07-02 13:23:40+05:30,4027.0,1,4037.49,1422411,163957.0,167742.0,4100.0,4110.0,4012.0,4092.6,25188625,4501.8,3683.4,4440.0,3288.1,4026.3,302,2,4026.1,8,2,4026.0,130,5,4025.9,14,2,4025.8,5,1,4027.0,175,6,4027.3,5,1,4027.5,25,2,4027.6,74,3,4027.7,27,2
11483,2026-07-02 13:23:41+05:30,4027.0,25,4037.49,1422463,164172.0,167925.0,4100.0,4110.0,4012.0,4092.6,25188625,4501.8,3683.4,4440.0,3288.1,4026.3,301,2,4026.1,8,2,4026.0,130,5,4025.9,14,2,4025.8,5,1,4027.0,124,6,4027.3,61,3,4027.5,37,2,4027.6,38,2,4027.7,27,2
11483,2026-07-02 13:23:41+05:30,4026.3,1,4037.49,1422463,164172.0,167925.0,4100.0,4110.0,4012.0,4092.6,25188625,4501.8,3683.4,4440.0,3288.1,4026.3,301,2,4026.1,8,2,4026.0,130,5,4025.9,14,2,4025.8,5,1,4027.0,124,6,4027.3,61,3,4027.5,37,2,4027.6,38,2,4027.7,27,2
11483,2026-07-02 13:23:42+05:30,4026.3,1,4037.49,1422471,164245.0,167887.0,4100.0,4110.0,4012.0,4092.6,25188625,4501.8,3683.4,4440.0,3288.1,4026.4,2,1,4026.3,291,1,4026.1,8,2,4026.0,130,5,4025.9,14,2,4027.0,129,7,4027.3,61,3,4027.5,53,3,4027.6,38,2,4027.7,27,2
11483,2026-07-02 13:23:42+05:30,4026.4,1,4037.49,1422471,164245.0,167887.0,4100.0,4110.0,4012.0,4092.6,25188625,4501.8,3683.4,4440.0,3288.1,4026.4,2,1,4026.3,291,1,4026.1,8,2,4026.0,130,5,4025.9,14,2,4027.0,129,7,4027.3,61,3,4027.5,53,3,4027.6,38,2,4027.7,27,2
11483,2026-07-02 13:23:43+05:30,4027.0,1,4037.49,1422494,164172.0,167875.0,4100.0,4110.0,4012.0,4092.6,25188625,4501.8,3683.4,4440.0,3288.1,4026.4,2,1,4026.3,291,1,4026.1,8,2,4026.0,130,5,4025.9,14,2,4027.0,108,7,4027.3,61,3,4027.5,37,2,4027.6,38,2,4027.7,27,2
11483,2026-07-02 13:23:43+05:30,4026.3,1,4037.49,1422494,164172.0,167875.0,4100.0,4110.0,4012.0,4092.6,25188625,4501.8,3683.4,4440.0,3288.1,4026.4,2,1,4026.3,291,1,4026.1,8,2,4026.0,130,5,4025.9,14,2,4027.0,108,7,4027.3,61,3,4027.5,37,2,4027.6,38,2,4027.7,27,2
11483,2026-07-02 13:23:44+05:30,4027.0,1,4037.49,1422500,163881.0,167915.0,4100.0,4110.0,4012.0,4092.6,25188625,4501.8,3683.4,4440.0,3288.1,4026.3,290,1,4026.1,8,2,4026.0,127,4,4025.9,2,1,4025.8,5,1,4027.0,106,7,4027.3,61,3,4027.5,37,2,4027.6,38,2,4027.7,29,3
11483,2026-07-02 13:23:44+05:30,4027.0,1,4037.49,1422500,163881.0,167915.0,4100.0,4110.0,4012.0,4092.6,25188625,4501.8,3683.4,4440.0,3288.1,4026.3,290,1,4026.1,8,2,4026.0,127,4,4025.9,2,1,4025.8,5,1,4027.0,106,7,4027.3,61,3,4027.5,37,2,4027.6,38,2,4027.7,29,3
11483,2026-07-02 13:23:45+05:30,4026.3,1,4037.49,1422503,163975.0,167553.0,4100.0,4110.0,4012.0,4092.6,25188625,4501.8,3683.4,4440.0,3288.1,4026.3,289,1,4026.2,5,1,4026.1,8,2,4026.0,127,4,4025.9,2,1,4027.0,106,8,4027.3,61,3,4027.5,53,3,4027.6,38,2,4027.7,29,3
11483,2026-07-02 13:23:45+05:30,4027.0,2,4037.49,1422503,163975.0,167553.0,4100.0,4110.0,4012.0,4092.6,25188625,4501.8,3683.4,4440.0,3288.1,4026.3,289,1,4026.2,5,1,4026.1,8,2,4026.0,127,4,4025.9,2,1,4027.0,106,8,4027.3,61,3,4027.5,53,3,4027.6,38,2,4027.7,29,3
11483,2026-07-02 13:23:46+05:30,4027.0,1,4037.49,1422503,163975.0,167553.0,4100.0,4110.0,4012.0,4092.6,25188625,4501.8,3683.4,4440.0,3288.1,4026.8,1,1,4026.3,289,1,4026.2,20,2,4026.1,8,2,4026.0,127,4,4027.0,95,8,4027.3,52,2,4027.5,53,3,4027.6,38,2,4027.7,29,3
11483,2026-07-02 13:23:46+05:30,4027.0,1,4037.49,1422514,158654.0,167603.0,4100.0,4110.0,4012.0,4092.6,25188625,4501.8,3683.4,4440.0,3288.1,4026.8,1,1,4026.3,289,1,4026.2,20,2,4026.1,8,2,4026.0,127,4,4027.0,95,8,4027.3,52,2,4027.5,53,3,4027.6,38,2,4027.7,29,3
11483,2026-07-02 13:23:47+05:30,4027.0,1,4037.49,1422514,158654.0,167603.0,4100.0,4110.0,4012.0,4092.6,25188625,4501.8,3683.4,4440.0,3288.1,4026.8,1,1,4026.3,289,1,4026.2,20,2,4026.1,8,2,4026.0,127,4,4027.0,95,8,4027.3,52,2,4027.5,53,3,4027.6,38,2,4027.7,29,3
11483,2026-07-02 13:23:47+05:30,4027.0,1,4037.49,1422517,164407.0,167775.0,4100.0,4110.0,4012.0,4092.6,25188625,4501.8,3683.4,4440.0,3288.1,4026.8,1,1,4026.3,289,1,4026.2,20,2,4026.1,8,2,4026.0,127,4,4027.0,93,8,4027.3,52,2,4027.5,51,3,4027.6,38,2,4027.7,45,4
11483,2026-07-02 13:23:48+05:30,4027.0,1,4037.49,1422517,164407.0,167775.0,4100.0,4110.0,4012.0,4092.6,25188625,4501.8,3683.4,4440.0,3288.1,4026.8,1,1,4026.3,289,1,4026.2,20,2,4026.1,8,2,4026.0,127,4,4027.0,93,8,4027.3,52,2,4027.5,51,3,4027.6,38,2,4027.7,45,4
11483,2026-07-02 13:23:48+05:30,4027.0,1,4037.49,1422520,164137.0,167757.0,4100.0,4110.0,4012.0,4092.6,25188625,4501.8,3683.4,4440.0,3288.1,4026.8,1,1,4026.2,20,2,4026.1,8,2,4026.0,137,5,4025.9,14,2,4027.0,91,8,4027.3,52,2,4027.5,51,3,4027.6,38,2,4027.7,29,3
11483,2026-07-02 13:23:49+05:30,4027.0,1,4037.49,1422520,164137.0,167757.0,4100.0,4110.0,4012.0,4092.6,25188625,4501.8,3683.4,4440.0,3288.1,4026.8,1,1,4026.2,20,2,4026.1,8,2,4026.0,137,5,4025.9,14,2,4027.0,91,8,4027.3,52,2,4027.5,51,3,4027.6,38,2,4027.7,29,3
11483,2026-07-02 13:23:49+05:30,4027.0,1,4037.49,1422522,164162.0,167756.0,4100.0,4110.0,4012.0,4092.6,25188625,4501.8,3683.4,4440.0,3288.1,4026.9,1,1,4026.8,1,1,4026.2,20,2,4026.1,8,2,4026.0,137,5,4027.0,89,8,4027.3,52,2,4027.5,51,3,4027.6,38,2,4027.7,29,3
11483,2026-07-02 13:23:50+05:30,4027.0,10,4037.49,1422522,164162.0,167756.0,4100.0,4110.0,4012.0,4092.6,25188625,4501.8,3683.4,4440.0,3288.1,4026.9,1,1,4026.8,1,1,4026.2,20,2,4026.1,8,2,4026.0,137,5,4027.0,89,8,4027.3,52,2,4027.5,51,3,4027.6,38,2,4027.7,29,3
11483,2026-07-02 13:23:50+05:30,4027.0,10,4037.49,1422535,164191.0,167798.0,4100.0,4110.0,4012.0,4092.6,25188625,4501.8,3683.4,4440.0,3288.1,4026.8,1,1,4026.2,20,2,4026.1,8,2,4026.0,137,5,4025.9,14,2,4027.0,79,9,4027.3,52,2,4027.5,37,2,4027.6,38,2,4027.7,43,4
11483,2026-07-02 13:23:51+05:30,4027.0,1,4037.49,1422535,164191.0,167798.0,4100.0,4110.0,4012.0,4092.6,25188625,4501.8,3683.4,4440.0,3288.1,4026.8,1,1,4026.2,20,2,4026.1,8,2,4026.0,137,5,4025.9,14,2,4027.0,79,9,4027.3,52,2,4027.5,37,2,4027.6,38,2,4027.7,43,4
11483,2026-07-02 13:23:51+05:30,4027.0,1,4037.49,1422545,164165.0,168008.0,4100.0,4110.0,4012.0,4092.6,25188625,4501.8,3683.4,4440.0,3288.1,4026.2,20,2,4026.1,8,2,4026.0,165,7,4025.9,14,2,4025.8,28,2,4027.0,70,9,4027.3,52,2,4027.5,37,2,4027.6,38,2,4027.7,43,4
11483,2026-07-02 13:23:52+05:30,4026.2,2,4037.49,1422545,164165.0,168008.0,4100.0,4110.0,4012.0,4092.6,25188625,4501.8,3683.4,4440.0,3288.1,4026.2,20,2,4026.1,8,2,4026.0,165,7,4025.9,14,2,4025.8,28,2,4027.0,70,9,4027.3,52,2,4027.5,37,2,4027.6,38,2,4027.7,43,4
11483,2026-07-02 13:23:52+05:30,4026.2,2,4037.49,1422547,164163.0,168008.0,4100.0,4110.0,4012.0,4092.6,25188625,4501.8,3683.4,4440.0,3288.1,4026.2,18,2,4026.1,8,2,4026.0,165,7,4025.9,14,2,4025.8,28,2,4027.0,70,9,4027.3,52,2,4027.5,37,2,4027.6,38,2,4027.7,43,4
11483,2026-07-02 13:23:53+05:30,4026.2,2,4037.49,1422547,164163.0,168008.0,4100.0,4110.0,4012.0,4092.6,25188625,4501.8,3683.4,4440.0,3288.1,4026.2,18,2,4026.1,8,2,4026.0,165,7,4025.9,14,2,4025.8,28,2,4027.0,70,9,4027.3,52,2,4027.5,37,2,4027.6,38,2,4027.7,43,4
11483,2026-07-02 13:23:53+05:30,4026.1,2,4037.49,1422567,164096.0,168023.0,4100.0,4110.0,4012.0,4092.6,25188625,4501.8,3683.4,4440.0,3288.1,4026.1,6,2,4026.0,165,7,4025.9,14,2,4025.8,5,1,4025.6,33,4,4027.0,70,9,4027.3,52,2,4027.5,37,2,4027.6,41,3,4027.7,43,4
11483,2026-07-02 13:23:54+05:30,4027.0,20,4037.49,1422567,164096.0,168023.0,4100.0,4110.0,4012.0,4092.6,25188625,4501.8,3683.4,4440.0,3288.1,4026.1,6,2,4026.0,165,7,4025.9,14,2,4025.8,5,1,4025.6,33,4,4027.0,70,9,4027.3,52,2,4027.5,37,2,4027.6,41,3,4027.7,43,4
11483,2026-07-02 13:23:54+05:30,4027.0,20,4037.49,1422590,164053.0,168060.0,4100.0,4110.0,4012.0,4092.6,25188625,4501.8,3683.4,4440.0,3288.1,4026.1,4,1,4026.0,165,7,4025.9,14,2,4025.8,5,1,4025.6,33,4,4027.0,54,10,4027.3,52,2,4027.5,37,2,4027.6,71,4,4027.7,60,5
11483,2026-07-02 13:23:55+05:30,4026.1,1,4037.49,1422590,164053.0,168060.0,4100.0,4110.0,4012.0,4092.6,25188625,4501.8,3683.4,4440.0,3288.1,4026.1,4,1,4026.0,165,7,4025.9,14,2,4025.8,5,1,4025.6,33,4,4027.0,54,10,4027.3,52,2,4027.5,37,2,4027.6,71,4,4027.7,60,5
11483,2026-07-02 13:23:55+05:30,4026.1,1,4037.49,1422594,163987.0,168082.0,4100.0,4110.0,4012.0,4092.6,25188625,4501.8,3683.4,4440.0,3288.1,4026.0,165,7,4025.9,12,2,4025.8,5,1,4025.6,33,4,4025.5,21,3,4027.0,80,13,4027.2,9,1,4027.3,52,2,4027.5,84,5,4027.6,38,2
11483,2026-07-02 13:23:56+05:30,4026.0,13,4037.49,1422594,163987.0,168082.0,4100.0,4110.0,4012.0,4092.6,25188625,4501.8,3683.4,4440.0,3288.1,4026.0,165,7,4025.9,12,2,4025.8,5,1,4025.6,33,4,4025.5,21,3,4027.0,80,13,4027.2,9,1,4027.3,52,2,4027.5,84,5,4027.6,38,2
11483,2026-07-02 13:23:56+05:30,4026.0,13,4037.49,1422615,164074.0,167492.0,4100.0,4110.0,4012.0,4092.6,25188625,4501.8,3683.4,4440.0,3288.1,4026.3,12,1,4026.2,66,4,4026.1,42,4,4026.0,171,9,4025.9,32,4,4027.0,54,10,4027.3,52,2,4027.6,25,1,4027.9,47,3,4028.0,90,5
11483,2026-07-02 13:23:57+05:30,4027.0,5,4037.49,1422615,164074.0,167492.0,4100.0,4110.0,4012.0,4092.6,25188625,4501.8,3683.4,4440.0,3288.1,4026.3,12,1,4026.2,66,4,4026.1,42,4,4026.0,171,9,4025.9,32,4,4027.0,54,10,4027.3,52,2,4027.6,25,1,4027.9,47,3,4028.0,90,5
11483,2026-07-02 13:23:58+05:30,4027.0,5,4037.49,1422636,164174.0,167487.0,4100.0,4110.0,4012.0,4092.6,25188625,4501.8,3683.4,4440.0,3288.1,4026.3,28,3,4026.2,20,2,4026.1,24,2,4026.0,208,10,4025.9,32,4,4027.0,35,10,4027.3,52,2,4027.6,25,1,4027.9,47,3,4028.0,90,5
11483,2026-07-02 13:23:58+05:30,4027.0,6,4037.49,1422636,164174.0,167487.0,4100.0,4110.0,4012.0,4092.6,25188625,4501.8,3683.4,4440.0,3288.1,4026.3,28,3,4026.2,20,2,4026.1,24,2,4026.0,208,10,4025.9,32,4,4027.0,35,10,4027.3,52,2,4027.6,25,1,4027.9,47,3,4028.0,90,5
11483,2026-07-02 13:23:59+05:30,4027.0,6,4037.49,1422646,164537.0,167818.0,4100.0,4110.0,4012.0,4092.6,25188625,4501.8,3683.4,4440.0,3288.1,4026.6,1,1,4026.3,42,5,4026.2,8,1,4026.1,28,2,4026.0,208,10,4027.0,345,11,4027.3,52,2,4027.6,25,1,4027.9,47,3,4028.0,90,5
11483,2026-07-02 13:23:59+05:30,4026.6,1,4037.49,1422646,164537.0,167818.0,4100.0,4110.0,4012.0,4092.6,25188625,4501.8,3683.4,4440.0,3288.1,4026.6,1,1,4026.3,42,5,4026.2,8,1,4026.1,28,2,4026.0,208,10,4027.0,345,11,4027.3,52,2,4027.6,25,1,4027.9,47,3,4028.0,90,5
11483,2026-07-02 13:24:00+05:30,4026.6,1,4037.49,1422647,164598.0,167809.0,4100.0,4110.0,4012.0,4092.6,25188625,4501.8,3683.4,4440.0,3288.1,4026.6,1,1,4026.3,31,4,4026.2,8,1,4026.1,12,1,4026.0,186,9,4027.0,358,12,4027.3,52,2,4027.6,25,1,4027.9,47,3,4028.0,90,5
11483,2026-07-02 13:24:00+05:30,4026.9,3,4037.49,1422647,164598.0,167809.0,4100.0,4110.0,4012.0,4092.6,25188625,4501.8,3683.4,4440.0,3288.1,4026.6,1,1,4026.3,31,4,4026.2,8,1,4026.1,12,1,4026.0,186,9,4027.0,358,12,4027.3,52,2,4027.6,25,1,4027.9,47,3,4028.0,90,5
11483,2026-07-02 13:24:01+05:30,4026.9,18,4037.49,1422671,164657.0,166924.0,4100.0,4110.0,4012.0,4092.6,25188625,4501.8,3683.4,4440.0,3288.1,4026.6,1,1,4026.3,32,5,4026.2,8,1,4026.1,12,1,4026.0,186,9,4026.9,192,1,4027.0,43,11,4027.3,52,2,4027.6,25,1,4027.9,47,3
11483,2026-07-02 13:24:01+05:30,4026.9,1,4037.49,1422671,164657.0,166924.0,4100.0,4110.0,4012.0,4092.6,25188625,4501.8,3683.4,4440.0,3288.1,4026.6,1,1,4026.3,32,5,4026.2,8,1,4026.1,12,1,4026.0,186,9,4026.9,192,1,4027.0,43,11,4027.3,52,2,4027.6,25,1,4027.9,47,3
11483,2026-07-02 13:24:02+05:30,4026.9,1,4037.49,1422678,164586.0,166906.0,4100.0,4110.0,4012.0,4092.6,25188625,4501.8,3683.4,4440.0,3288.1,4026.3,24,4,4026.2,8,1,4026.1,12,1,4026.0,186,9,4025.9,2,1,4026.9,194,2,4027.0,37,8,4027.3,52,2,4027.6,25,1,4027.9,71,4
11483,2026-07-02 13:24:02+05:30,4026.3,1,4037.49,1422678,164586.0,166906.0,4100.0,4110.0,4012.0,4092.6,25188625,4501.8,3683.4,4440.0,3288.1,4026.3,24,4,4026.2,8,1,4026.1,12,1,4026.0,186,9,4025.9,2,1,4026.9,194,2,4027.0,37,8,4027.3,52,2,4027.6,25,1,4027.9,71,4
11483,2026-07-02 13:24:03+05:30,4026.3,1,4037.49,1422679,164632.0,167423.0,4100.0,4110.0,4012.0,4092.6,25188625,4501.8,3683.4,4440.0,3288.1,4026.3,5,1,4026.0,182,9,4025.9,2,1,4025.8,5,1,4025.7,24,1,4026.9,194,2,4027.0,37,8,4027.3,52,2,4027.6,76,3,4027.8,17,2
11483,2026-07-02 13:24:03+05:30,4026.0,13,4037.49,1422679,164632.0,167423.0,4100.0,4110.0,4012.0,4092.6,25188625,4501.8,3683.4,4440.0,3288.1,4026.3,5,1,4026.0,182,9,4025.9,2,1,4025.8,5,1,4025.7,24,1,4026.9,194,2,4027.0,37,8,4027.3,52,2,4027.6,76,3,4027.8,17,2
11483,2026-07-02 13:24:04+05:30,4026.0,13,4037.49,1422697,164647.0,167656.0,4100.0,4110.0,4012.0,4092.6,25188625,4501.8,3683.4,4440.0,3288.1,4026.0,169,9,4025.9,12,2,4025.8,5,1,4025.7,24,1,4025.6,45,4,4026.9,194,2,4027.0,37,8,4027.3,52,2,4027.6,76,3,4027.8,17,2
11483,2026-07-02 13:24:04+05:30,4026.0,2,4037.49,1422697,164647.0,167656.0,4100.0,4110.0,4012.0,4092.6,25188625,4501.8,3683.4,4440.0,3288.1,4026.0,169,9,4025.9,12,2,4025.8,5,1,4025.7,24,1,4025.6,45,4,4026.9,194,2,4027.0,37,8,4027.3,52,2,4027.6,76,3,4027.8,17,2
11483,2026-07-02 13:24:05+05:30,4026.0,2,4037.49,1422699,164773.0,167565.0,4100.0,4110.0,4012.0,4092.6,25188625,4501.8,3683.4,4440.0,3288.1,4026.0,182,10,4025.9,12,2,4025.8,5,1,4025.7,46,2,4025.6,45,4,4026.9,194,2,4027.0,37,8,4027.3,52,2,4027.6,76,3,4027.8,17,2
11483,2026-07-02 13:24:05+05:30,4026.9,6,4037.49,1422699,164773.0,167565.0,4100.0,4110.0,4012.0,4092.6,25188625,4501.8,3683.4,4440.0,3288.1,4026.0,182,10,4025.9,12,2,4025.8,5,1,4025.7,46,2,4025.6,45,4,4026.9,194,2,4027.0,37,8,4027.3,52,2,4027.6,76,3,4027.8,17,2
11483,2026-07-02 13:24:06+05:30,4026.9,1,4037.48,1422900,164765.0,167630.0,4100.0,4110.0,4012.0,4092.6,25188625,4501.8,3683.4,4440.0,3288.1,4026.0,182,10,4025.9,12,2,4025.8,5,1,4025.7,46,2,4025.6,45,4,4026.9,209,1,4027.0,37,8,4027.3,52,2,4027.6,38,2,4027.8,42,3
11483,2026-07-02 13:24:06+05:30,4026.9,7,4037.48,1422900,164765.0,167630.0,4100.0,4110.0,4012.0,4092.6,25188625,4501.8,3683.4,4440.0,3288.1,4026.0,182,10,4025.9,12,2,4025.8,5,1,4025.7,46,2,4025.6,45,4,4026.9,209,1,4027.0,37,8,4027.3,52,2,4027.6,38,2,4027.8,42,3
11483,2026-07-02 13:24:07+05:30,4026.9,7,4037.48,1422931,164630.0,167651.0,4100.0,4110.0,4012.0,4092.6,25188625,4501.8,3683.4,4440.0,3288.1,4026.2,16,1,4026.0,158,10,4025.9,12,2,4025.8,5,1,4025.7,24,1,4026.9,202,1,4027.0,37,8,4027.3,52,2,4027.6,38,2,4027.8,17,2
11483,2026-07-02 13:24:07+05:30,4026.0,12,4037.48,1422931,164630.0,167651.0,4100.0,4110.0,4012.0,4092.6,25188625,4501.8,3683.4,4440.0,3288.1,4026.2,16,1,4026.0,158,10,4025.9,12,2,4025.8,5,1,4025.7,24,1,4026.9,202,1,4027.0,37,8,4027.3,52,2,4027.6,38,2,4027.8,17,2
11483,2026-07-02 13:24:08+05:30,4026.0,12,4037.48,1423118,163902.0,168511.0,4100.0,4110.0,4012.0,4092.6,25188625,4501.8,3683.4,4440.0,3288.1,4025.5,58,6,4025.4,7,1,4025.3,14,2,4025.2,26,3,4025.1,114,6,4026.0,40,1,4026.9,202,2,4027.0,37,8,4027.3,90,3,4027.5,12,1
11483,2026-07-02 13:24:08+05:30,4025.5,12,4037.48,1423118,163902.0,168511.0,4100.0,4110.0,4012.0,4092.6,25188625,4501.8,3683.4,4440.0,3288.1,4025.5,58,6,4025.4,7,1,4025.3,14,2,4025.2,26,3,4025.1,114,6,4026.0,40,1,4026.9,202,2,4027.0,37,8,4027.3,90,3,4027.5,12,1
11483,2026-07-02 13:24:09+05:30,4026.0,2,4037.48,1423142,163998.0,168513.0,4100.0,4110.0,4012.0,4092.6,25188625,4501.8,3683.4,4440.0,3288.1,4025.8,1,1,4025.5,49,3,4025.4,7,1,4025.3,14,2,4025.2,26,3,4026.0,41,3,4026.8,10,1,4026.9,202,2,4027.0,36,7,4027.3,90,3
11483,2026-07-02 13:24:09+05:30,4025.5,1,4037.48,1423142,163998.0,168513.0,4100.0,4110.0,4012.0,4092.6,25188625,4501.8,3683.4,4440.0,3288.1,4025.8,1,1,4025.5,49,3,4025.4,7,1,4025.3,14,2,4025.2,26,3,4026.0,41,3,4026.8,10,1,4026.9,202,2,4027.0,36,7,4027.3,90,3
11483,2026-07-02 13:24:10+05:30,4025.5,1,4037.48,1423144,164147.0,168665.0,4100.0,4110.0,4012.0,4092.6,25188625,4501.8,3683.4,4440.0,3288.1,4025.5,35,2,4025.4,7,1,4025.3,2,1,4025.2,22,2,4025.1,114,6,4025.8,1,1,4026.0,146,4,4026.7,5,1,4026.8,39,1,4026.9,202,2
11483,2026-07-02 13:24:10+05:30,4025.5,1,4037.48,1423144,164147.0,168665.0,4100.0,4110.0,4012.0,4092.6,25188625,4501.8,3683.4,4440.0,3288.1,4025.5,35,2,4025.4,7,1,4025.3,2,1,4025.2,22,2,4025.1,114,6,4025.8,1,1,4026.0,146,4,4026.7,5,1,4026.8,39,1,4026.9,202,2
11483,2026-07-02 13:24:10+05:30,4025.5,1,4037.48,1423144,164147.0,168665.0,4100.0,4110.0,4012.0,4092.6,25188625,4501.8,3683.4,4440.0,3288.1,4025.5,35,2,4025.4,7,1,4025.3,2,1,4025.2,22,2,4025.1,114,6,4025.8,1,1,4026.0,146,4,4026.7,5,1,4026.8,39,1,4026.9,202,2
11483,2026-07-02 13:24:11+05:30,4025.5,1,4037.48,1423146,163665.0,168771.0,4100.0,4110.0,4012.0,4092.6,25188625,4501.8,3683.4,4440.0,3288.1,4025.4,41,3,4025.3,4,2,4025.2,22,2,4025.1,114,6,4025.0,199,10,4025.8,1,1,4026.0,146,4,4026.7,16,2,4026.8,39,1,4026.9,212,2
11483,2026-07-02 13:24:11+05:30,4025.5,1,4037.48,1423146,163665.0,168771.0,4100.0,4110.0,4012.0,4092.6,25188625,4501.8,3683.4,4440.0,3288.1,4025.4,41,3,4025.3,4,2,4025.2,22,2,4025.1,114,6,4025.0,199,10,4025.8,1,1,4026.0,146,4,4026.7,16,2,4026.8,39,1,4026.9,212,2
11483,2026-07-02 13:24:12+05:30,4025.5,1,4037.48,1423146,163665.0,168771.0,4100.0,4110.0,4012.0,4092.6,25188625,4501.8,3683.4,4440.0,3288.1,4025.4,41,3,4025.3,4,2,4025.2,22,2,4025.1,114,6,4025.0,199,10,4025.8,1,1,4026.0,146,4,4026.7,16,2,4026.8,39,1,4026.9,212,2
11483,2026-07-02 13:24:12+05:30,4025.5,1,4037.48,1423146,163713.0,168717.0,4100.0,4110.0,4012.0,4092.6,25188625,4501.8,3683.4,4440.0,3288.1,4025.3,12,3,4025.2,22,2,4025.1,90,5,4025.0,199,10,4024.8,27,1,4025.8,2,2,4026.0,144,3,4026.1,12,1,4026.5,11,1,4026.7,18,2
11483,2026-07-02 13:24:12+05:30,4025.5,1,4037.48,1423146,163713.0,168717.0,4100.0,4110.0,4012.0,4092.6,25188625,4501.8,3683.4,4440.0,3288.1,4025.3,12,3,4025.2,22,2,4025.1,90,5,4025.0,199,10,4024.8,27,1,4025.8,2,2,4026.0,144,3,4026.1,12,1,4026.5,11,1,4026.7,18,2
11483,2026-07-02 13:24:13+05:30,4025.5,1,4037.48,1423146,163713.0,168717.0,4100.0,4110.0,4012.0,4092.6,25188625,4501.8,3683.4,4440.0,3288.1,4025.3,12,3,4025.2,22,2,4025.1,90,5,4025.0,199,10,4024.8,27,1,4025.8,2,2,4026.0,144,3,4026.1,12,1,4026.5,11,1,4026.7,18,2
11483,2026-07-02 13:24:13+05:30,4025.5,1,4037.48,1423146,163715.0,168758.0,4100.0,4110.0,4012.0,4092.6,25188625,4501.8,3683.4,4440.0,3288.1,4025.3,25,5,4025.2,22,2,4025.1,90,5,4025.0,199,10,4024.8,27,1,4025.8,2,2,4026.0,144,3,4026.1,12,1,4026.8,54,2,4026.9,238,3
11483,2026-07-02 13:24:13+05:30,4025.5,1,4037.48,1423146,163715.0,168758.0,4100.0,4110.0,4012.0,4092.6,25188625,4501.8,3683.4,4440.0,3288.1,4025.3,25,5,4025.2,22,2,4025.1,90,5,4025.0,199,10,4024.8,27,1,4025.8,2,2,4026.0,144,3,4026.1,12,1,4026.8,54,2,4026.9,238,3
11483,2026-07-02 13:24:14+05:30,4025.5,1,4037.48,1423146,163728.0,168750.0,4100.0,4110.0,4012.0,4092.6,25188625,4501.8,3683.4,4440.0,3288.1,4025.3,21,4,4025.2,22,2,4025.1,90,5,4025.0,199,10,4024.8,27,1,4025.8,17,3,4026.0,144,3,4026.8,54,2,4026.9,201,1,4027.0,73,7
11483,2026-07-02 13:24:14+05:30,4025.5,1,4037.48,1423146,163728.0,168750.0,4100.0,4110.0,4012.0,4092.6,25188625,4501.8,3683.4,4440.0,3288.1,4025.3,21,4,4025.2,22,2,4025.1,90,5,4025.0,199,10,4024.8,27,1,4025.8,17,3,4026.0,144,3,4026.8,54,2,4026.9,201,1,4027.0,73,7
11483,2026-07-02 13:24:14+05:30,4025.5,1,4037.48,1423146,163728.0,168750.0,4100.0,4110.0,4012.0,4092.6,25175325,4501.8,3683.4,4440.0,3288.1,4025.3,21,4,4025.2,22,2,4025.1,90,5,4025.0,199,10,4024.8,27,1,4025.8,17,3,4026.0,144,3,4026.8,54,2,4026.9,201,1,4027.0,73,7
11483,2026-07-02 13:24:15+05:30,4025.5,1,4037.48,1423146,163728.0,168750.0,4100.0,4110.0,4012.0,4092.6,25175325,4501.8,3683.4,4440.0,3288.1,4025.3,21,4,4025.2,22,2,4025.1,90,5,4025.0,199,10,4024.8,27,1,4025.8,17,3,4026.0,144,3,4026.8,54,2,4026.9,201,1,4027.0,73,7
11483,2026-07-02 13:24:15+05:30,4025.5,1,4037.48,1423146,163803.0,168752.0,4100.0,4110.0,4012.0,4092.6,25175325,4501.8,3683.4,4440.0,3288.1,4025.3,13,3,4025.2,22,2,4025.1,114,6,4025.0,199,10,4024.8,27,1,4025.8,18,4,4026.0,144,3,4026.8,54,2,4026.9,201,1,4027.0,73,7
11483,2026-07-02 13:24:15+05:30,4025.5,1,4037.48,1423146,163803.0,168752.0,4100.0,4110.0,4012.0,4092.6,25175325,4501.8,3683.4,4440.0,3288.1,4025.3,13,3,4025.2,22,2,4025.1,114,6,4025.0,199,10,4024.8,27,1,4025.8,18,4,4026.0,144,3,4026.8,54,2,4026.9,201,1,4027.0,73,7
11483,2026-07-02 13:24:15+05:30,4025.8,3,4037.48,1423146,163803.0,168752.0,4100.0,4110.0,4012.0,4092.6,25175325,4501.8,3683.4,4440.0,3288.1,4025.3,13,3,4025.2,22,2,4025.1,114,6,4025.0,199,10,4024.8,27,1,4025.8,18,4,4026.0,144,3,4026.8,54,2,4026.9,201,1,4027.0,73,7
11483,2026-07-02 13:24:15+05:30,4025.8,3,4037.48,1423146,163803.0,168752.0,4100.0,4110.0,4012.0,4092.6,25175325,4501.8,3683.4,4440.0,3288.1,4025.3,13,3,4025.2,22,2,4025.1,114,6,4025.0,199,10,4024.8,27,1,4025.8,18,4,4026.0,144,3,4026.8,54,2,4026.9,201,1,4027.0,73,7
11483,2026-07-02 13:24:16+05:30,4025.8,3,4037.48,1423152,163990.0,168681.0,4100.0,4110.0,4012.0,4092.6,25175325,4501.8,3683.4,4440.0,3288.1,4025.5,20,1,4025.3,35,3,4025.2,22,2,4025.1,90,5,4025.0,199,10,4025.8,13,3,4026.0,144,3,4026.8,15,1,4026.9,201,1,4027.0,73,7
11483,2026-07-02 13:24:16+05:30,4025.8,3,4037.48,1423152,163990.0,168681.0,4100.0,4110.0,4012.0,4092.6,25175325,4501.8,3683.4,4440.0,3288.1,4025.5,20,1,4025.3,35,3,4025.2,22,2,4025.1,90,5,4025.0,199,10,4025.8,13,3,4026.0,144,3,4026.8,15,1,4026.9,201,1,4027.0,73,7
11483,2026-07-02 13:24:16+05:30,4025.5,1,4037.48,1423152,163990.0,168681.0,4100.0,4110.0,4012.0,4092.6,25175325,4501.8,3683.4,4440.0,3288.1,4025.5,20,1,4025.3,35,3,4025.2,22,2,4025.1,90,5,4025.0,199,10,4025.8,13,3,4026.0,144,3,4026.8,15,1,4026.9,201,1,4027.0,73,7
11483,2026-07-02 13:24:17+05:30,4025.5,1,4037.48,1423153,162751.0,168657.0,4100.0,4110.0,4012.0,4092.6,25175325,4501.8,3683.4,4440.0,3288.1,4025.5,19,1,4025.3,35,3,4025.2,22,2,4025.1,90,5,4025.0,199,10,4025.8,13,3,4026.0,144,3,4026.8,15,1,4026.9,201,1,4027.0,73,7
11483,2026-07-02 13:24:18+05:30,4025.5,1,4037.48,1423153,162763.0,168529.0,4100.0,4110.0,4012.0,4092.6,25175325,4501.8,3683.4,4440.0,3288.1,4025.5,135,3,4025.3,26,2,4025.2,22,2,4025.1,90,5,4025.0,199,10,4025.8,15,4,4026.0,144,3,4026.8,15,1,4026.9,201,1,4027.0,73,7
11483,2026-07-02 13:24:19+05:30,4025.5,1,4037.48,1423153,162595.0,168610.0,4100.0,4110.0,4012.0,4092.6,25175325,4501.8,3683.4,4440.0,3288.1,4025.6,1,1,4025.5,150,4,4025.2,22,2,4025.1,116,6,4025.0,199,10,4025.8,15,4,4026.0,144,3,4026.8,15,1,4026.9,201,1,4027.0,73,7
11483,2026-07-02 13:24:19+05:30,4025.8,5,4037.48,1423153,162595.0,168610.0,4100.0,4110.0,4012.0,4092.6,25175325,4501.8,3683.4,4440.0,3288.1,4025.6,1,1,4025.5,150,4,4025.2,22,2,4025.1,116,6,4025.0,199,10,4025.8,15,4,4026.0,144,3,4026.8,15,1,4026.9,201,1,4027.0,73,7
11483,2026-07-02 13:24:19+05:30,4025.8,5,4037.48,1423159,163096.0,168588.0,4100.0,4110.0,4012.0,4092.6,25175325,4501.8,3683.4,4440.0,3288.1,4025.6,1,1,4025.5,650,5,4025.2,22,2,4025.1,116,6,4025.0,199,10,4025.8,9,4,4026.0,144,3,4026.1,12,1,4026.8,15,1,4026.9,201,1
11483,2026-07-02 13:24:20+05:30,4025.6,1,4037.48,1423159,163096.0,168588.0,4100.0,4110.0,4012.0,4092.6,25175325,4501.8,3683.4,4440.0,3288.1,4025.6,1,1,4025.5,650,5,4025.2,22,2,4025.1,116,6,4025.0,199,10,4025.8,9,4,4026.0,144,3,4026.1,12,1,4026.8,15,1,4026.9,201,1
11483,2026-07-02 13:24:21+05:30,4025.6,1,4037.48,1423160,163237.0,168724.0,4100.0,4110.0,4012.0,4092.6,25175325,4501.8,3683.4,4440.0,3288.1,4025.6,145,1,4025.5,635,4,4025.4,24,1,4025.2,22,2,4025.1,116,6,4025.8,9,4,4026.0,144,3,4026.1,12,1,4026.8,15,1,4026.9,201,1
11483,2026-07-02 13:24:21+05:30,4025.6,1,4037.48,1423160,163237.0,168724.0,4100.0,4110.0,4012.0,4092.6,25175325,4501.8,3683.4,4440.0,3288.1,4025.6,145,1,4025.5,635,4,4025.4,24,1,4025.2,22,2,4025.1,116,6,4025.8,9,4,4026.0,144,3,4026.1,12,1,4026.8,15,1,4026.9,201,1
11483,2026-07-02 13:24:22+05:30,4025.8,1,4037.48,1423165,163202.0,168720.0,4100.0,4110.0,4012.0,4092.6,25175325,4501.8,3683.4,4440.0,3288.1,4025.6,144,1,4025.5,635,4,4025.4,24,1,4025.2,22,2,4025.1,116,6,4025.8,5,4,4026.0,144,3,4026.1,12,1,4026.8,15,1,4026.9,201,1
11483,2026-07-02 13:24:22+05:30,4026.0,30,4037.48,1423165,163202.0,168720.0,4100.0,4110.0,4012.0,4092.6,25175325,4501.8,3683.4,4440.0,3288.1,4025.6,144,1,4025.5,635,4,4025.4,24,1,4025.2,22,2,4025.1,116,6,4025.8,5,4,4026.0,144,3,4026.1,12,1,4026.8,15,1,4026.9,201,1
11483,2026-07-02 13:24:23+05:30,4026.0,30,4037.48,1423365,163207.0,168799.0,4100.0,4110.0,4012.0,4092.6,25175325,4501.8,3683.4,4440.0,3288.1,4025.6,144,1,4025.5,635,4,4025.2,22,2,4025.1,116,6,4025.0,200,11,4025.8,12,1,4026.0,180,2,4026.8,15,1,4026.9,201,1,4027.0,101,8
11483,2026-07-02 13:24:23+05:30,4026.0,1,4037.48,1423365,163207.0,168799.0,4100.0,4110.0,4012.0,4092.6,25175325,4501.8,3683.4,4440.0,3288.1,4025.6,144,1,4025.5,635,4,4025.2,22,2,4025.1,116,6,4025.0,200,11,4025.8,12,1,4026.0,180,2,4026.8,15,1,4026.9,201,1,4027.0,101,8
11483,2026-07-02 13:24:24+05:30,4026.0,1,4037.48,1423394,163278.0,168276.0,4100.0,4110.0,4012.0,4092.6,25175325,4501.8,3683.4,4440.0,3288.1,4025.6,120,1,4025.5,635,4,4025.4,5,1,4025.2,23,3,4025.1,116,6,4026.0,176,2,4026.1,12,1,4026.8,15,1,4026.9,201,1,4027.0,101,8
11483,2026-07-02 13:24:24+05:30,4025.6,4,4037.48,1423394,163278.0,168276.0,4100.0,4110.0,4012.0,4092.6,25175325,4501.8,3683.4,4440.0,3288.1,4025.6,120,1,4025.5,635,4,4025.4,5,1,4025.2,23,3,4025.1,116,6,4026.0,176,2,4026.1,12,1,4026.8,15,1,4026.9,201,1,4027.0,101,8
11483,2026-07-02 13:24:25+05:30,4025.6,4,4037.48,1423398,163150.0,168620.0,4100.0,4110.0,4012.0,4092.6,25175325,4501.8,3683.4,4440.0,3288.1,4025.6,116,1,4025.5,635,4,4025.4,5,1,4025.2,22,2,4025.1,116,6,4026.0,176,2,4026.1,12,1,4026.8,15,1,4026.9,201,1,4027.0,101,8
11483,2026-07-02 13:24:25+05:30,4026.0,104,4037.48,1423398,163150.0,168620.0,4100.0,4110.0,4012.0,4092.6,25175325,4501.8,3683.4,4440.0,3288.1,4025.6,116,1,4025.5,635,4,4025.4,5,1,4025.2,22,2,4025.1,116,6,4026.0,176,2,4026.1,12,1,4026.8,15,1,4026.9,201,1,4027.0,101,8
11483,2026-07-02 13:24:26+05:30,4026.0,7,4037.48,1423582,162739.0,168653.0,4100.0,4110.0,4012.0,4092.6,25175325,4501.8,3683.4,4440.0,3288.1,4025.8,4,1,4025.6,115,1,4025.5,135,3,4025.4,5,1,4025.2,22,2,4026.0,203,2,4026.1,12,1,4026.8,15,1,4026.9,201,1,4027.0,73,7
11483,2026-07-02 13:24:26+05:30,4025.8,1,4037.48,1423582,162739.0,168653.0,4100.0,4110.0,4012.0,4092.6,25175325,4501.8,3683.4,4440.0,3288.1,4025.8,4,1,4025.6,115,1,4025.5,135,3,4025.4,5,1,4025.2,22,2,4026.0,203,2,4026.1,12,1,4026.8,15,1,4026.9,201,1,4027.0,73,7
11483,2026-07-02 13:24:27+05:30,4025.8,1,4037.48,1423587,162702.0,168880.0,4100.0,4110.0,4012.0,4092.6,25175325,4501.8,3683.4,4440.0,3288.1,4025.6,115,1,4025.5,140,4,4025.4,5,1,4025.2,22,2,4025.1,90,5,4025.8,2,1,4026.0,205,3,4026.1,12,1,4026.8,15,1,4026.9,201,1
11483,2026-07-02 13:24:27+05:30,4025.0,12,4037.48,1423587,162702.0,168880.0,4100.0,4110.0,4012.0,4092.6,25175325,4501.8,3683.4,4440.0,3288.1,4025.6,115,1,4025.5,140,4,4025.4,5,1,4025.2,22,2,4025.1,90,5,4025.8,2,1,4026.0,205,3,4026.1,12,1,4026.8,15,1,4026.9,201,1
11483,2026-07-02 13:24:28+05:30,4025.0,12,4037.48,1424052,160727.0,169787.0,4100.0,4110.0,4012.0,4092.6,25175325,4501.8,3683.4,4440.0,3288.1,4025.0,185,10,4024.6,3,1,4024.5,40,1,4024.3,12,1,4024.1,4,2,4025.5,43,6,4025.6,10,2,4025.7,6,1,4025.8,19,3,4025.9,26,2
11483,2026-07-02 13:24:28+05:30,4025.0,15,4037.48,1424052,160727.0,169787.0,4100.0,4110.0,4012.0,4092.6,25175325,4501.8,3683.4,4440.0,3288.1,4025.0,185,10,4024.6,3,1,4024.5,40,1,4024.3,12,1,4024.1,4,2,4025.5,43,6,4025.6,10,2,4025.7,6,1,4025.8,19,3,4025.9,26,2
11483,2026-07-02 13:24:29+05:30,4025.0,15,4037.47,1424350,160306.0,168031.0,4100.0,4110.0,4012.0,4092.6,25175325,4501.8,3683.4,4440.0,3288.1,4025.3,1,1,4025.0,75,2,4024.7,12,1,4024.6,3,1,4024.5,40,1,4025.5,2,1,4025.6,2,1,4025.8,2,1,4025.9,4,1,4026.0,219,4
11483,2026-07-02 13:24:29+05:30,4025.3,20,4037.47,1424350,160306.0,168031.0,4100.0,4110.0,4012.0,4092.6,25175325,4501.8,3683.4,4440.0,3288.1,4025.3,1,1,4025.0,75,2,4024.7,12,1,4024.6,3,1,4024.5,40,1,4025.5,2,1,4025.6,2,1,4025.8,2,1,4025.9,4,1,4026.0,219,4
11483,2026-07-02 13:24:30+05:30,4025.3,20,4037.47,1424371,160451.0,168004.0,4100.0,4110.0,4012.0,4092.6,25175325,4501.8,3683.4,4440.0,3288.1,4025.0,75,2,4024.7,12,1,4024.6,3,1,4024.5,40,1,4024.3,12,1,4025.3,4,1,4025.5,2,1,4025.6,2,1,4025.8,15,2,4025.9,4,1
11483,2026-07-02 13:24:30+05:30,4025.3,3,4037.47,1424371,160451.0,168004.0,4100.0,4110.0,4012.0,4092.6,25175325,4501.8,3683.4,4440.0,3288.1,4025.0,75,2,4024.7,12,1,4024.6,3,1,4024.5,40,1,4024.3,12,1,4025.3,4,1,4025.5,2,1,4025.6,2,1,4025.8,15,2,4025.9,4,1
11483,2026-07-02 13:24:31+05:30,4025.3,3,4037.47,1424379,160474.0,168058.0,4100.0,4110.0,4012.0,4092.6,25175325,4501.8,3683.4,4440.0,3288.1,4025.0,72,2,4024.7,12,1,4024.6,3,1,4024.5,40,1,4024.3,12,1,4025.3,6,2,4025.6,2,1,4025.8,77,3,4025.9,4,1,4026.0,247,5
11483,2026-07-02 13:24:31+05:30,4025.0,1,4037.47,1424379,160474.0,168058.0,4100.0,4110.0,4012.0,4092.6,25175325,4501.8,3683.4,4440.0,3288.1,4025.0,72,2,4024.7,12,1,4024.6,3,1,4024.5,40,1,4024.3,12,1,4025.3,6,2,4025.6,2,1,4025.8,77,3,4025.9,4,1,4026.0,247,5
11483,2026-07-02 13:24:31+05:30,4025.0,1,4037.47,1424380,160476.0,168058.0,4100.0,4110.0,4012.0,4092.6,25175325,4501.8,3683.4,4440.0,3288.1,4025.0,99,4,4024.7,12,1,4024.6,3,1,4024.5,40,1,4024.3,12,1,4025.3,6,2,4025.6,2,1,4025.8,77,3,4025.9,4,1,4026.0,247,5
11483,2026-07-02 13:24:32+05:30,4025.5,6,4037.47,1424380,160476.0,168058.0,4100.0,4110.0,4012.0,4092.6,25175325,4501.8,3683.4,4440.0,3288.1,4025.0,99,4,4024.7,12,1,4024.6,3,1,4024.5,40,1,4024.3,12,1,4025.3,6,2,4025.6,2,1,4025.8,77,3,4025.9,4,1,4026.0,247,5
11483,2026-07-02 13:24:33+05:30,4025.5,6,4037.47,1424397,160694.0,168445.0,4100.0,4110.0,4012.0,4092.6,25175325,4501.8,3683.4,4440.0,3288.1,4025.0,101,6,4024.7,12,1,4024.6,3,1,4024.5,40,1,4024.3,12,1,4025.5,6,1,4025.6,2,1,4025.8,64,2,4025.9,4,1,4026.0,209,3
11483,2026-07-02 13:24:33+05:30,4025.5,5,4037.47,1424397,160694.0,168445.0,4100.0,4110.0,4012.0,4092.6,25175325,4501.8,3683.4,4440.0,3288.1,4025.0,101,6,4024.7,12,1,4024.6,3,1,4024.5,40,1,4024.3,12,1,4025.5,6,1,4025.6,2,1,4025.8,64,2,4025.9,4,1,4026.0,209,3
11483,2026-07-02 13:24:34+05:30,4025.5,5,4037.47,1424404,161250.0,168218.0,4100.0,4110.0,4012.0,4092.6,25175325,4501.8,3683.4,4440.0,3288.1,4025.0,134,9,4024.7,12,1,4024.6,5,2,4024.5,102,3,4024.3,52,3,4025.5,1,1,4025.6,2,1,4025.8,64,2,4025.9,4,1,4026.0,203,2
11483,2026-07-02 13:24:34+05:30,4025.0,1,4037.47,1424404,161250.0,168218.0,4100.0,4110.0,4012.0,4092.6,25175325,4501.8,3683.4,4440.0,3288.1,4025.0,134,9,4024.7,12,1,4024.6,5,2,4024.5,102,3,4024.3,52,3,4025.5,1,1,4025.6,2,1,4025.8,64,2,4025.9,4,1,4026.0,203,2
11483,2026-07-02 13:24:35+05:30,4025.0,1,4037.47,1424405,161474.0,167755.0,4100.0,4110.0,4012.0,4092.6,25175325,4501.8,3683.4,4440.0,3288.1,4025.1,37,4,4025.0,103,7,4024.8,44,3,4024.7,12,1,4024.6,5,2,4025.5,1,1,4025.6,2,1,4025.8,64,2,4025.9,4,1,4026.0,203,2
11483,2026-07-02 13:24:35+05:30,4025.0,60,4037.47,1424405,161474.0,167755.0,4100.0,4110.0,4012.0,4092.6,25175325,4501.8,3683.4,4440.0,3288.1,4025.1,37,4,4025.0,103,7,4024.8,44,3,4024.7,12,1,4024.6,5,2,4025.5,1,1,4025.6,2,1,4025.8,64,2,4025.9,4,1,4026.0,203,2
11483,2026-07-02 13:24:36+05:30,4025.0,60,4037.47,1424931,161273.0,168455.0,4100.0,4110.0,4012.0,4092.6,25175325,4501.8,3683.4,4440.0,3288.1,4025.0,70,4,4024.7,12,1,4024.6,7,3,4024.5,130,4,4024.3,30,2,4025.5,13,2,4025.6,2,1,4025.8,64,2,4025.9,4,1,4026.0,203,2
11483,2026-07-02 13:24:36+05:30,4025.5,4,4037.47,1424931,161273.0,168455.0,4100.0,4110.0,4012.0,4092.6,25175325,4501.8,3683.4,4440.0,3288.1,4025.0,70,4,4024.7,12,1,4024.6,7,3,4024.5,130,4,4024.3,30,2,4025.5,13,2,4025.6,2,1,4025.8,64,2,4025.9,4,1,4026.0,203,2
11483,2026-07-02 13:24:37+05:30,4025.5,4,4037.47,1424998,161329.0,168495.0,4100.0,4110.0,4012.0,4092.6,25175325,4501.8,3683.4,4440.0,3288.1,4025.0,87,2,4024.7,12,1,4024.6,7,3,4024.5,106,3,4024.3,30,2,4025.5,10,3,4025.6,2,1,4025.8,64,2,4025.9,4,1,4026.0,213,3
11483,2026-07-02 13:24:37+05:30,4025.0,8,4037.47,1424998,161329.0,168495.0,4100.0,4110.0,4012.0,4092.6,25175325,4501.8,3683.4,4440.0,3288.1,4025.0,87,2,4024.7,12,1,4024.6,7,3,4024.5,106,3,4024.3,30,2,4025.5,10,3,4025.6,2,1,4025.8,64,2,4025.9,4,1,4026.0,213,3
11483,2026-07-02 13:24:38+05:30,4025.0,8,4037.47,1425006,161352.0,168463.0,4100.0,4110.0,4012.0,4092.6,25175325,4501.8,3683.4,4440.0,3288.1,4025.0,90,4,4024.7,12,1,4024.6,7,3,4024.5,78,2,4024.3,30,2,4025.5,10,3,4025.6,2,1,4025.8,64,2,4025.9,4,1,4026.0,213,3
11483,2026-07-02 13:24:38+05:30,4025.0,1,4037.47,1425006,161352.0,168463.0,4100.0,4110.0,4012.0,4092.6,25175325,4501.8,3683.4,4440.0,3288.1,4025.0,90,4,4024.7,12,1,4024.6,7,3,4024.5,78,2,4024.3,30,2,4025.5,10,3,4025.6,2,1,4025.8,64,2,4025.9,4,1,4026.0,213,3
11483,2026-07-02 13:24:39+05:30,4025.5,1,4037.47,1425008,161484.0,167876.0,4100.0,4110.0,4012.0,4092.6,25175325,4501.8,3683.4,4440.0,3288.1,4025.2,1,1,4025.0,89,4,4024.7,30,2,4024.6,3,1,4024.5,80,3,4025.5,9,3,4025.6,2,1,4025.8,64,2,4025.9,4,1,4026.0,203,2
11483,2026-07-02 13:24:39+05:30,4025.2,1,4037.47,1425008,161484.0,167876.0,4100.0,4110.0,4012.0,4092.6,25175325,4501.8,3683.4,4440.0,3288.1,4025.2,1,1,4025.0,89,4,4024.7,30,2,4024.6,3,1,4024.5,80,3,4025.5,9,3,4025.6,2,1,4025.8,64,2,4025.9,4,1,4026.0,203,2
11483,2026-07-02 13:24:40+05:30,4025.2,1,4037.47,1425010,161516.0,167998.0,4100.0,4110.0,4012.0,4092.6,25175325,4501.8,3683.4,4440.0,3288.1,4025.0,104,5,4024.8,2,1,4024.7,30,2,4024.6,3,1,4024.5,78,2,4025.5,8,3,4025.6,2,1,4025.8,77,3,4025.9,4,1,4026.0,203,2
11483,2026-07-02 13:24:40+05:30,4025.0,1,4037.47,1425010,161516.0,167998.0,4100.0,4110.0,4012.0,4092.6,25175325,4501.8,3683.4,4440.0,3288.1,4025.0,104,5,4024.8,2,1,4024.7,30,2,4024.6,3,1,4024.5,78,2,4025.5,8,3,4025.6,2,1,4025.8,77,3,4025.9,4,1,4026.0,203,2
11483,2026-07-02 13:24:41+05:30,4025.0,1,4037.47,1425011,161053.0,168931.0,4100.0,4110.0,4012.0,4092.6,25175325,4501.8,3683.4,4440.0,3288.1,4025.0,88,4,4024.7,12,1,4024.6,3,1,4024.5,40,1,4024.3,12,1,4025.5,12,4,4025.6,2,1,4025.7,7,1,4025.8,85,4,4025.9,22,3
11483,2026-07-02 13:24:42+05:30,4025.5,1,4037.47,1425012,161038.0,168936.0,4100.0,4110.0,4012.0,4092.6,25175325,4501.8,3683.4,4440.0,3288.1,4025.0,88,4,4024.7,12,1,4024.6,3,1,4024.5,40,1,4024.3,12,1,4025.5,28,8,4025.6,8,2,4025.7,7,1,4025.8,85,4,4025.9,22,3
11483,2026-07-02 13:24:42+05:30,4025.5,1,4037.47,1425012,161038.0,168936.0,4100.0,4110.0,4012.0,4092.6,25175325,4501.8,3683.4,4440.0,3288.1,4025.0,88,4,4024.7,12,1,4024.6,3,1,4024.5,40,1,4024.3,12,1,4025.5,28,8,4025.6,8,2,4025.7,7,1,4025.8,85,4,4025.9,22,3
11483,2026-07-02 13:24:43+05:30,4025.5,1,4037.47,1425012,161349.0,168902.0,4100.0,4110.0,4012.0,4092.6,25175325,4501.8,3683.4,4440.0,3288.1,4025.1,2,1,4025.0,88,4,4024.7,12,1,4024.6,3,1,4024.5,40,1,4025.5,23,7,4025.6,2,1,4025.7,13,2,4025.8,85,4,4025.9,22,3
11483,2026-07-02 13:24:44+05:30,4025.5,1,4037.47,1425012,161356.0,168919.0,4100.0,4110.0,4012.0,4092.6,25175325,4501.8,3683.4,4440.0,3288.1,4025.1,2,1,4025.0,88,4,4024.7,12,1,4024.6,3,1,4024.5,40,1,4025.5,16,5,4025.6,2,1,4025.7,13,2,4025.8,85,4,4025.9,22,3
11483,2026-07-02 13:24:45+05:30,4025.5,1,4037.47,1425012,161350.0,168948.0,4100.0,4110.0,4012.0,4092.6,25175325,4501.8,3683.4,4440.0,3288.1,4025.1,2,1,4025.0,88,4,4024.7,12,1,4024.6,3,1,4024.5,40,1,4025.5,24,7,4025.6,32,3,4025.7,13,2,4025.8,85,4,4025.9,25,4
11483,2026-07-02 13:24:45+05:30,4025.5,1,4037.47,1425012,161350.0,168948.0,4100.0,4110.0,4012.0,4092.6,25175325,4501.8,3683.4,4440.0,3288.1,4025.1,2,1,4025.0,88,4,4024.7,12,1,4024.6,3,1,4024.5,40,1,4025.5,24,7,4025.6,32,3,4025.7,13,2,4025.8,85,4,4025.9,25,4
11483,2026-07-02 13:24:46+05:30,4025.5,2,4037.47,1425025,161350.0,168942.0,4100.0,4110.0,4012.0,4092.6,25175325,4501.8,3683.4,4440.0,3288.1,4025.1,2,1,4025.0,88,4,4024.7,12,1,4024.6,3,1,4024.5,40,1,4025.5,31,6,4025.6,8,3,4025.7,13,2,4025.8,85,4,4025.9,25,4
11483,2026-07-02 13:24:46+05:30,4025.1,2,4037.47,1425025,161350.0,168942.0,4100.0,4110.0,4012.0,4092.6,25175325,4501.8,3683.4,4440.0,3288.1,4025.1,2,1,4025.0,88,4,4024.7,12,1,4024.6,3,1,4024.5,40,1,4025.5,31,6,4025.6,8,3,4025.7,13,2,4025.8,85,4,4025.9,25,4
11483,2026-07-02 13:24:47+05:30,4025.5,3,4037.47,1425037,161309.0,168980.0,4100.0,4110.0,4012.0,4092.6,25175325,4501.8,3683.4,4440.0,3288.1,4025.1,2,1,4025.0,88,4,4024.7,12,1,4024.6,3,1,4024.5,40,1,4025.5,34,7,4025.6,8,3,4025.7,13,2,4025.8,85,4,4025.9,25,4
11483,2026-07-02 13:24:47+05:30,4025.4,3,4037.47,1425037,161309.0,168980.0,4100.0,4110.0,4012.0,4092.6,25175325,4501.8,3683.4,4440.0,3288.1,4025.1,2,1,4025.0,88,4,4024.7,12,1,4024.6,3,1,4024.5,40,1,4025.5,34,7,4025.6,8,3,4025.7,13,2,4025.8,85,4,4025.9,25,4
11483,2026-07-02 13:24:48+05:30,4025.4,3,4037.47,1425047,161350.0,169011.0,4100.0,4110.0,4012.0,4092.6,25175325,4501.8,3683.4,4440.0,3288.1,4025.1,1,1,4025.0,81,4,4024.7,12,1,4024.6,3,1,4024.5,40,1,4025.4,12,3,4025.5,22,5,4025.6,8,3,4025.7,28,3,4025.8,85,4
11483,2026-07-02 13:24:48+05:30,4025.1,1,4037.47,1425047,161350.0,169011.0,4100.0,4110.0,4012.0,4092.6,25175325,4501.8,3683.4,4440.0,3288.1,4025.1,1,1,4025.0,81,4,4024.7,12,1,4024.6,3,1,4024.5,40,1,4025.4,12,3,4025.5,22,5,4025.6,8,3,4025.7,28,3,4025.8,85,4
11483,2026-07-02 13:24:49+05:30,4025.2,5,4037.47,1425065,160746.0,169088.0,4100.0,4110.0,4012.0,4092.6,25175325,4501.8,3683.4,4440.0,3288.1,4025.1,2,1,4025.0,81,4,4024.6,3,1,4024.5,40,1,4024.3,13,2,4025.2,32,4,4025.3,4,2,4025.4,49,5,4025.5,17,3,4025.6,17,3
11483,2026-07-02 13:24:49+05:30,4025.1,2,4037.47,1425065,160746.0,169088.0,4100.0,4110.0,4012.0,4092.6,25175325,4501.8,3683.4,4440.0,3288.1,4025.1,2,1,4025.0,81,4,4024.6,3,1,4024.5,40,1,4024.3,13,2,4025.2,32,4,4025.3,4,2,4025.4,49,5,4025.5,17,3,4025.6,17,3
11483,2026-07-02 13:24:50+05:30,4025.2,3,4037.47,1425077,160640.0,169367.0,4100.0,4110.0,4012.0,4092.6,25175325,4501.8,3683.4,4440.0,3288.1,4025.1,2,1,4025.0,81,4,4024.6,3,1,4024.5,40,1,4024.3,13,2,4025.4,29,6,4025.5,29,4,4025.6,7,2,4025.7,48,4,4025.8,75,4
11483,2026-07-02 13:24:50+05:30,4025.1,2,4037.47,1425077,160640.0,169367.0,4100.0,4110.0,4012.0,4092.6,25175325,4501.8,3683.4,4440.0,3288.1,4025.1,2,1,4025.0,81,4,4024.6,3,1,4024.5,40,1,4024.3,13,2,4025.4,29,6,4025.5,29,4,4025.6,7,2,4025.7,48,4,4025.8,75,4
11483,2026-07-02 13:24:51+05:30,4025.4,1,4037.47,1425083,160663.0,169201.0,4100.0,4110.0,4012.0,4092.6,25175325,4501.8,3683.4,4440.0,3288.1,4025.1,2,1,4025.0,81,4,4024.6,3,1,4024.5,40,1,4024.3,13,2,4025.4,28,6,4025.5,29,4,4025.6,7,2,4025.7,48,4,4025.8,75,4
11483,2026-07-02 13:24:51+05:30,4025.4,1,4037.47,1425083,160663.0,169201.0,4100.0,4110.0,4012.0,4092.6,25175325,4501.8,3683.4,4440.0,3288.1,4025.1,2,1,4025.0,81,4,4024.6,3,1,4024.5,40,1,4024.3,13,2,4025.4,28,6,4025.5,29,4,4025.6,7,2,4025.7,48,4,4025.8,75,4
11483,2026-07-02 13:24:52+05:30,4025.4,1,4037.47,1425085,161187.0,169223.0,4100.0,4110.0,4012.0,4092.6,25175325,4501.8,3683.4,4440.0,3288.1,4025.1,1,1,4025.0,581,5,4024.6,3,1,4024.5,40,1,4024.3,13,2,4025.4,24,4,4025.5,29,4,4025.6,7,2,4025.7,28,3,4025.8,72,3
11483,2026-07-02 13:24:53+05:30,4025.1,1,4037.47,1425086,161197.0,168877.0,4100.0,4110.0,4012.0,4092.6,25175325,4501.8,3683.4,4440.0,3288.1,4025.1,2,1,4025.0,581,5,4024.6,3,1,4024.5,40,1,4024.4,5,1,4025.4,24,4,4025.5,28,3,4025.6,2,1,4025.7,28,3,4025.8,72,3
11483,2026-07-02 13:24:53+05:30,4025.1,1,4037.47,1425086,161197.0,168877.0,4100.0,4110.0,4012.0,4092.6,25175325,4501.8,3683.4,4440.0,3288.1,4025.1,2,1,4025.0,581,5,4024.6,3,1,4024.5,40,1,4024.4,5,1,4025.4,24,4,4025.5,28,3,4025.6,2,1,4025.7,28,3,4025.8,72,3
11483,2026-07-02 13:24:54+05:30,4025.4,2,4037.47,1425089,161207.0,168879.0,4100.0,4110.0,4012.0,4092.6,25175325,4501.8,3683.4,4440.0,3288.1,4025.1,11,2,4025.0,582,6,4024.6,3,1,4024.5,40,1,4024.4,5,1,4025.4,22,3,4025.5,28,3,4025.6,2,1,4025.7,28,3,4025.8,72,3
11483,2026-07-02 13:24:54+05:30,4025.1,1,4037.47,1425089,161207.0,168879.0,4100.0,4110.0,4012.0,4092.6,25175325,4501.8,3683.4,4440.0,3288.1,4025.1,11,2,4025.0,582,6,4024.6,3,1,4024.5,40,1,4024.4,5,1,4025.4,22,3,4025.5,28,3,4025.6,2,1,4025.7,28,3,4025.8,72,3
11483,2026-07-02 13:24:55+05:30,4025.1,1,4037.47,1425118,161553.0,169037.0,4100.0,4110.0,4012.0,4092.6,25175325,4501.8,3683.4,4440.0,3288.1,4025.1,9,2,4025.0,590,7,4024.6,3,1,4024.5,40,1,4024.4,5,1,4025.2,12,1,4025.5,18,2,4025.6,2,1,4025.7,21,2,4025.8,72,3
11483,2026-07-02 13:24:55+05:30,4025.1,3,4037.47,1425118,161553.0,169037.0,4100.0,4110.0,4012.0,4092.6,25175325,4501.8,3683.4,4440.0,3288.1,4025.1,9,2,4025.0,590,7,4024.6,3,1,4024.5,40,1,4024.4,5,1,4025.2,12,1,4025.5,18,2,4025.6,2,1,4025.7,21,2,4025.8,72,3
11483,2026-07-02 13:24:56+05:30,4025.1,1,4037.46,1425447,161855.0,168631.0,4100.0,4110.0,4012.0,4092.6,25175325,4501.8,3683.4,4440.0,3288.1,4025.5,13,2,4025.0,590,7,4024.8,5,1,4024.7,17,2,4024.6,3,1,4025.8,2,1,4026.0,218,3,4026.2,7,1,4026.3,15,1,4026.4,18,2
11483,2026-07-02 13:24:56+05:30,4025.5,4,4037.46,1425447,161855.0,168631.0,4100.0,4110.0,4012.0,4092.6,25175325,4501.8,3683.4,4440.0,3288.1,4025.5,13,2,4025.0,590,7,4024.8,5,1,4024.7,17,2,4024.6,3,1,4025.8,2,1,4026.0,218,3,4026.2,7,1,4026.3,15,1,4026.4,18,2
11483,2026-07-02 13:24:57+05:30,4025.5,5,4037.46,1425472,161783.0,168689.0,4100.0,4110.0,4012.0,4092.6,25175325,4501.8,3683.4,4440.0,3288.1,4025.2,1,1,4025.0,590,7,4024.8,5,1,4024.7,5,1,4024.6,3,1,4025.5,5,2,4025.8,2,1,4026.0,218,3,4026.2,7,1,4026.3,15,1
11483,2026-07-02 13:24:57+05:30,4025.2,1,4037.46,1425472,161783.0,168689.0,4100.0,4110.0,4012.0,4092.6,25175325,4501.8,3683.4,4440.0,3288.1,4025.2,1,1,4025.0,590,7,4024.8,5,1,4024.7,5,1,4024.6,3,1,4025.5,5,2,4025.8,2,1,4026.0,218,3,4026.2,7,1,4026.3,15,1
11483,2026-07-02 13:24:58+05:30,4025.5,4,4037.46,1425485,161790.0,168671.0,4100.0,4110.0,4012.0,4092.6,25175325,4501.8,3683.4,4440.0,3288.1,4025.0,610,8,4024.8,105,2,4024.6,3,1,4024.5,40,1,4024.4,41,2,4025.5,4,1,4025.8,2,1,4026.0,218,3,4026.2,7,1,4026.3,15,1
11483,2026-07-02 13:24:58+05:30,4025.0,1,4037.46,1425485,161790.0,168671.0,4100.0,4110.0,4012.0,4092.6,25175325,4501.8,3683.4,4440.0,3288.1,4025.0,610,8,4024.8,105,2,4024.6,3,1,4024.5,40,1,4024.4,41,2,4025.5,4,1,4025.8,2,1,4026.0,218,3,4026.2,7,1,4026.3,15,1
11483,2026-07-02 13:24:59+05:30,4025.0,2,4037.46,1425492,161873.0,170094.0,4100.0,4110.0,4012.0,4092.6,25175325,4501.8,3683.4,4440.0,3288.1,4025.1,1,1,4025.0,607,8,4024.8,105,2,4024.6,3,1,4024.5,40,1,4025.5,4,1,4025.8,2,1,4026.0,203,2,4026.2,7,1,4026.3,15,1
11483,2026-07-02 13:24:59+05:30,4025.8,1,4037.46,1425492,161873.0,170094.0,4100.0,4110.0,4012.0,4092.6,25175325,4501.8,3683.4,4440.0,3288.1,4025.1,1,1,4025.0,607,8,4024.8,105,2,4024.6,3,1,4024.5,40,1,4025.5,4,1,4025.8,2,1,4026.0,203,2,4026.2,7,1,4026.3,15,1
11483,2026-07-02 13:25:00+05:30,4025.8,1,4037.46,1425516,161668.0,170266.0,4100.0,4110.0,4012.0,4092.6,25175325,4501.8,3683.4,4440.0,3288.1,4025.0,593,8,4024.8,100,1,4024.6,3,1,4024.5,40,1,4024.4,42,2,4025.1,2,2,4025.8,59,1,4026.0,203,2,4026.2,31,2,4026.3,15,1
11483,2026-07-02 13:25:00+05:30,4025.8,2,4037.46,1425516,161668.0,170266.0,4100.0,4110.0,4012.0,4092.6,25175325,4501.8,3683.4,4440.0,3288.1,4025.0,593,8,4024.8,100,1,4024.6,3,1,4024.5,40,1,4024.4,42,2,4025.1,2,2,4025.8,59,1,4026.0,203,2,4026.2,31,2,4026.3,15,1
11483,2026-07-02 13:25:01+05:30,4025.0,1,4037.46,1425529,161797.0,170306.0,4100.0,4110.0,4012.0,4092.6,25175325,4501.8,3683.4,4440.0,3288.1,4025.0,597,9,4024.8,100,1,4024.6,3,1,4024.5,40,1,4024.4,36,1,4025.8,103,5,4026.0,213,3,4026.2,7,1,4026.3,45,2,4026.4,18,2
11483,2026-07-02 13:25:01+05:30,4025.0,1,4037.46,1425529,161797.0,170306.0,4100.0,4110.0,4012.0,4092.6,25175325,4501.8,3683.4,4440.0,3288.1,4025.0,597,9,4024.8,100,1,4024.6,3,1,4024.5,40,1,4024.4,36,1,4025.8,103,5,4026.0,213,3,4026.2,7,1,4026.3,45,2,4026.4,18,2
11483,2026-07-02 13:25:02+05:30,4025.0,2,4037.46,1425568,161886.0,170387.0,4100.0,4110.0,4012.0,4092.6,25175325,4501.8,3683.4,4440.0,3288.1,4025.0,602,10,4024.8,100,1,4024.6,3,1,4024.5,40,1,4024.4,36,1,4025.8,61,4,4026.0,213,3,4026.2,7,1,4026.3,45,2,4026.4,41,3
11483,2026-07-02 13:25:02+05:30,4025.0,4,4037.46,1425568,161886.0,170387.0,4100.0,4110.0,4012.0,4092.6,25175325,4501.8,3683.4,4440.0,3288.1,4025.0,602,10,4024.8,100,1,4024.6,3,1,4024.5,40,1,4024.4,36,1,4025.8,61,4,4026.0,213,3,4026.2,7,1,4026.3,45,2,4026.4,41,3
11483,2026-07-02 13:25:03+05:30,4025.0,1,4037.46,1425584,161939.0,170282.0,4100.0,4110.0,4012.0,4092.6,25175325,4501.8,3683.4,4440.0,3288.1,4025.0,597,10,4024.8,100,1,4024.6,3,1,4024.5,40,1,4024.4,65,3,4025.8,42,3,4026.0,218,3,4026.3,45,2,4026.4,18,2,4026.6,70,3
11483,2026-07-02 13:25:03+05:30,4025.0,2,4037.46,1425584,161939.0,170282.0,4100.0,4110.0,4012.0,4092.6,25175325,4501.8,3683.4,4440.0,3288.1,4025.0,597,10,4024.8,100,1,4024.6,3,1,4024.5,40,1,4024.4,65,3,4025.8,42,3,4026.0,218,3,4026.3,45,2,4026.4,18,2,4026.6,70,3
11483,2026-07-02 13:25:04+05:30,4025.8,1,4037.46,1425598,161903.0,170353.0,4100.0,4110.0,4012.0,4092.6,25175325,4501.8,3683.4,4440.0,3288.1,4025.0,594,10,4024.8,100,1,4024.6,3,1,4024.5,40,1,4024.4,36,1,4025.8,95,4,4026.0,218,3,4026.3,45,2,4026.4,18,2,4026.5,3,1
11483,2026-07-02 13:25:04+05:30,4025.0,1,4037.46,1425598,161903.0,170353.0,4100.0,4110.0,4012.0,4092.6,25175325,4501.8,3683.4,4440.0,3288.1,4025.0,594,10,4024.8,100,1,4024.6,3,1,4024.5,40,1,4024.4,36,1,4025.8,95,4,4026.0,218,3,4026.3,45,2,4026.4,18,2,4026.5,3,1
11483,2026-07-02 13:25:05+05:30,4025.8,1,4037.46,1425622,161893.0,170393.0,4100.0,4110.0,4012.0,4092.6,25175325,4501.8,3683.4,4440.0,3288.1,4025.0,590,10,4024.8,100,1,4024.6,3,1,4024.5,63,2,4024.4,36,1,4025.8,83,5,4026.0,203,2,4026.3,45,2,4026.4,18,2,4026.5,35,1
11483,2026-07-02 13:25:05+05:30,4025.0,3,4037.46,1425622,161893.0,170393.0,4100.0,4110.0,4012.0,4092.6,25175325,4501.8,3683.4,4440.0,3288.1,4025.0,590,10,4024.8,100,1,4024.6,3,1,4024.5,63,2,4024.4,36,1,4025.8,83,5,4026.0,203,2,4026.3,45,2,4026.4,18,2,4026.5,35,1
11483,2026-07-02 13:25:06+05:30,4025.8,1,4037.46,1425661,161963.0,170292.0,4100.0,4110.0,4012.0,4092.6,25175325,4501.8,3683.4,4440.0,3288.1,4025.1,10,1,4025.0,584,10,4024.8,100,1,4024.7,13,1,4024.6,3,1,4025.8,83,4,4026.0,203,2,4026.3,45,2,4026.4,18,2,4026.6,96,5
11483,2026-07-02 13:25:06+05:30,4025.1,4,4037.46,1425661,161963.0,170292.0,4100.0,4110.0,4012.0,4092.6,25175325,4501.8,3683.4,4440.0,3288.1,4025.1,10,1,4025.0,584,10,4024.8,100,1,4024.7,13,1,4024.6,3,1,4025.8,83,4,4026.0,203,2,4026.3,45,2,4026.4,18,2,4026.6,96,5
11483,2026-07-02 13:25:07+05:30,4025.8,1,4037.46,1425679,162015.0,170280.0,4100.0,4110.0,4012.0,4092.6,25175325,4501.8,3683.4,4440.0,3288.1,4025.1,33,2,4025.0,584,10,4024.8,100,1,4024.7,13,1,4024.6,3,1,4025.8,70,4,4026.0,203,2,4026.3,45,2,4026.4,18,2,4026.6,70,3
11483,2026-07-02 13:25:07+05:30,4025.1,1,4037.46,1425679,162015.0,170280.0,4100.0,4110.0,4012.0,4092.6,25175325,4501.8,3683.4,4440.0,3288.1,4025.1,33,2,4025.0,584,10,4024.8,100,1,4024.7,13,1,4024.6,3,1,4025.8,70,4,4026.0,203,2,4026.3,45,2,4026.4,18,2,4026.6,70,3
11483,2026-07-02 13:25:08+05:30,4025.1,1,4037.46,1425704,161976.0,169970.0,4100.0,4110.0,4012.0,4092.6,25175325,4501.8,3683.4,4440.0,3288.1,4025.1,28,1,4025.0,584,10,4024.8,100,1,4024.7,13,1,4024.6,8,2,4025.8,42,3,4025.9,15,1,4026.0,203,2,4026.3,15,1,4026.4,9,1
11483,2026-07-02 13:25:08+05:30,4025.1,3,4037.46,1425704,161976.0,169970.0,4100.0,4110.0,4012.0,4092.6,25175325,4501.8,3683.4,4440.0,3288.1,4025.1,28,1,4025.0,584,10,4024.8,100,1,4024.7,13,1,4024.6,8,2,4025.8,42,3,4025.9,15,1,4026.0,203,2,4026.3,15,1,4026.4,9,1
11483,2026-07-02 13:25:09+05:30,4025.8,1,4037.46,1425721,162071.0,170057.0,4100.0,4110.0,4012.0,4092.6,25175325,4501.8,3683.4,4440.0,3288.1,4025.1,25,1,4025.0,594,11,4024.8,100,1,4024.7,13,1,4024.6,8,2,4025.8,48,3,4025.9,15,1,4026.0,203,2,4026.3,15,1,4026.4,9,1
11483,2026-07-02 13:25:09+05:30,4025.1,1,4037.46,1425721,162071.0,170057.0,4100.0,4110.0,4012.0,4092.6,25175325,4501.8,3683.4,4440.0,3288.1,4025.1,25,1,4025.0,594,11,4024.8,100,1,4024.7,13,1,4024.6,8,2,4025.8,48,3,4025.9,15,1,4026.0,203,2,4026.3,15,1,4026.4,9,1
11483,2026-07-02 13:25:10+05:30,4025.8,1,4037.46,1425760,162030.0,170057.0,4100.0,4110.0,4012.0,4092.6,25175325,4501.8,3683.4,4440.0,3288.1,4025.1,8,1,4025.0,594,11,4024.8,100,1,4024.7,13,1,4024.6,8,2,4025.8,32,3,4026.0,203,2,4026.3,15,1,4026.4,9,1,4026.6,76,3
11483,2026-07-02 13:25:10+05:30,4025.1,5,4037.46,1425760,162030.0,170057.0,4100.0,4110.0,4012.0,4092.6,25175325,4501.8,3683.4,4440.0,3288.1,4025.1,8,1,4025.0,594,11,4024.8,100,1,4024.7,13,1,4024.6,8,2,4025.8,32,3,4026.0,203,2,4026.3,15,1,4026.4,9,1,4026.6,76,3
11483,2026-07-02 13:25:11+05:30,4025.1,5,4037.46,1425760,162030.0,170057.0,4100.0,4110.0,4012.0,4092.6,25175325,4501.8,3683.4,4440.0,3288.1,4025.1,8,1,4025.0,594,11,4024.8,100,1,4024.7,13,1,4024.6,8,2,4025.8,32,3,4026.0,203,2,4026.3,15,1,4026.4,9,1,4026.6,76,3
11483,2026-07-02 13:25:11+05:30,4025.1,2,4037.46,1425789,162017.0,170118.0,4100.0,4110.0,4012.0,4092.6,25175325,4501.8,3683.4,4440.0,3288.1,4025.0,594,11,4024.8,100,1,4024.7,13,1,4024.6,8,2,4024.5,40,1,4025.8,29,4,4026.0,203,2,4026.3,15,1,4026.4,9,1,4026.5,15,1
11483,2026-07-02 13:25:11+05:30,4025.0,3,4037.46,1425789,162017.0,170118.0,4100.0,4110.0,4012.0,4092.6,25175325,4501.8,3683.4,4440.0,3288.1,4025.0,594,11,4024.8,100,1,4024.7,13,1,4024.6,8,2,4024.5,40,1,4025.8,29,4,4026.0,203,2,4026.3,15,1,4026.4,9,1,4026.5,15,1
11483,2026-07-02 13:25:11+05:30,4025.0,3,4037.46,1425789,162017.0,170118.0,4100.0,4110.0,4012.0,4092.6,25175325,4501.8,3683.4,4440.0,3288.1,4025.0,594,11,4024.8,100,1,4024.7,13,1,4024.6,8,2,4024.5,40,1,4025.8,29,4,4026.0,203,2,4026.3,15,1,4026.4,9,1,4026.5,15,1
11483,2026-07-02 13:25:12+05:30,4025.0,3,4037.46,1425789,162017.0,170118.0,4100.0,4110.0,4012.0,4092.6,25175325,4501.8,3683.4,4440.0,3288.1,4025.0,594,11,4024.8,100,1,4024.7,13,1,4024.6,8,2,4024.5,40,1,4025.8,29,4,4026.0,203,2,4026.3,15,1,4026.4,9,1,4026.5,15,1
11483,2026-07-02 13:25:12+05:30,4025.8,1,4037.46,1425811,162005.0,170112.0,4100.0,4110.0,4012.0,4092.6,25175325,4501.8,3683.4,4440.0,3288.1,4025.0,580,10,4024.8,100,1,4024.7,13,1,4024.6,8,2,4024.5,40,1,4025.8,21,3,4026.0,203,2,4026.3,15,1,4026.4,9,1,4026.5,15,1
11483,2026-07-02 13:25:12+05:30,4025.0,1,4037.46,1425811,162005.0,170112.0,4100.0,4110.0,4012.0,4092.6,25175325,4501.8,3683.4,4440.0,3288.1,4025.0,580,10,4024.8,100,1,4024.7,13,1,4024.6,8,2,4024.5,40,1,4025.8,21,3,4026.0,203,2,4026.3,15,1,4026.4,9,1,4026.5,15,1
11483,2026-07-02 13:25:12+05:30,4025.0,1,4037.46,1425811,162005.0,170112.0,4100.0,4110.0,4012.0,4092.6,25175325,4501.8,3683.4,4440.0,3288.1,4025.0,580,10,4024.8,100,1,4024.7,13,1,4024.6,8,2,4024.5,40,1,4025.8,21,3,4026.0,203,2,4026.3,15,1,4026.4,9,1,4026.5,15,1
11483,2026-07-02 13:25:13+05:30,4025.0,1,4037.46,1425811,162005.0,170112.0,4100.0,4110.0,4012.0,4092.6,25175325,4501.8,3683.4,4440.0,3288.1,4025.0,580,10,4024.8,100,1,4024.7,13,1,4024.6,8,2,4024.5,40,1,4025.8,21,3,4026.0,203,2,4026.3,15,1,4026.4,9,1,4026.5,15,1
11483,2026-07-02 13:25:13+05:30,4025.8,1,4037.46,1425817,162037.0,170143.0,4100.0,4110.0,4012.0,4092.6,25175325,4501.8,3683.4,4440.0,3288.1,4025.0,576,10,4024.8,100,1,4024.7,13,1,4024.6,8,2,4024.5,40,1,4025.8,21,4,4026.0,203,2,4026.3,15,1,4026.4,9,1,4026.5,15,1
11483,2026-07-02 13:25:13+05:30,4025.0,1,4037.46,1425817,162037.0,170143.0,4100.0,4110.0,4012.0,4092.6,25175325,4501.8,3683.4,4440.0,3288.1,4025.0,576,10,4024.8,100,1,4024.7,13,1,4024.6,8,2,4024.5,40,1,4025.8,21,4,4026.0,203,2,4026.3,15,1,4026.4,9,1,4026.5,15,1
11483,2026-07-02 13:25:14+05:30,4025.0,1,4037.46,1425817,162037.0,170143.0,4100.0,4110.0,4012.0,4092.6,25175325,4501.8,3683.4,4440.0,3288.1,4025.0,576,10,4024.8,100,1,4024.7,13,1,4024.6,8,2,4024.5,40,1,4025.8,21,4,4026.0,203,2,4026.3,15,1,4026.4,9,1,4026.5,15,1
11483,2026-07-02 13:25:14+05:30,4025.6,1,4037.46,1425820,161469.0,170231.0,4100.0,4110.0,4012.0,4092.6,25175325,4501.8,3683.4,4440.0,3288.1,4025.0,575,10,4024.8,100,1,4024.6,3,1,4024.5,40,1,4024.3,18,3,4025.6,10,2,4025.7,8,1,4025.8,11,2,4025.9,10,1,4026.0,219,3
11483,2026-07-02 13:25:14+05:30,4025.6,1,4037.46,1425820,161469.0,170231.0,4100.0,4110.0,4012.0,4092.6,25175325,4501.8,3683.4,4440.0,3288.1,4025.0,575,10,4024.8,100,1,4024.6,3,1,4024.5,40,1,4024.3,18,3,4025.6,10,2,4025.7,8,1,4025.8,11,2,4025.9,10,1,4026.0,219,3
11483,2026-07-02 13:25:14+05:30,4025.6,1,4037.46,1425820,161469.0,170231.0,4100.0,4110.0,4012.0,4092.6,25175325,4501.8,3683.4,4440.0,3288.1,4025.0,575,10,4024.8,100,1,4024.6,3,1,4024.5,40,1,4024.3,18,3,4025.6,10,2,4025.7,8,1,4025.8,11,2,4025.9,10,1,4026.0,219,3
11483,2026-07-02 13:25:15+05:30,4025.6,1,4037.46,1425820,161469.0,170231.0,4100.0,4110.0,4012.0,4092.6,25179700,4501.8,3683.4,4440.0,3288.1,4025.0,575,10,4024.8,100,1,4024.6,3,1,4024.5,40,1,4024.3,18,3,4025.6,10,2,4025.7,8,1,4025.8,11,2,4025.9,10,1,4026.0,219,3
11483,2026-07-02 13:25:15+05:30,4025.5,1,4037.42,1430821,161811.0,170694.0,4100.0,4110.0,4012.0,4092.6,25179700,4501.8,3683.4,4440.0,3288.1,4025.0,411,2,4024.8,100,1,4024.6,3,1,4024.5,40,1,4024.3,13,2,4025.5,15,3,4025.6,2,1,4025.7,8,1,4025.8,18,2,4025.9,20,2
11483,2026-07-02 13:25:15+05:30,4025.0,3,4037.42,1430821,161811.0,170694.0,4100.0,4110.0,4012.0,4092.6,25179700,4501.8,3683.4,4440.0,3288.1,4025.0,411,2,4024.8,100,1,4024.6,3,1,4024.5,40,1,4024.3,13,2,4025.5,15,3,4025.6,2,1,4025.7,8,1,4025.8,18,2,4025.9,20,2
11483,2026-07-02 13:25:16+05:30,4025.0,3,4037.42,1430821,161811.0,170694.0,4100.0,4110.0,4012.0,4092.6,25179700,4501.8,3683.4,4440.0,3288.1,4025.0,411,2,4024.8,100,1,4024.6,3,1,4024.5,40,1,4024.3,13,2,4025.5,15,3,4025.6,2,1,4025.7,8,1,4025.8,18,2,4025.9,20,2
11483,2026-07-02 13:25:16+05:30,4025.0,1,4037.41,1431240,161446.0,170791.0,4100.0,4110.0,4012.0,4092.6,25179700,4501.8,3683.4,4440.0,3288.1,4024.8,99,1,4024.6,3,1,4024.5,40,1,4024.3,1,1,4024.1,4,2,4025.0,46,1,4025.4,15,1,4025.5,10,2,4025.6,2,1,4025.7,63,4
11483,2026-07-02 13:25:16+05:30,4024.8,50,4037.41,1431240,161446.0,170791.0,4100.0,4110.0,4012.0,4092.6,25179700,4501.8,3683.4,4440.0,3288.1,4024.8,99,1,4024.6,3,1,4024.5,40,1,4024.3,1,1,4024.1,4,2,4025.0,46,1,4025.4,15,1,4025.5,10,2,4025.6,2,1,4025.7,63,4
11483,2026-07-02 13:25:16+05:30,4024.8,50,4037.41,1431240,161446.0,170791.0,4100.0,4110.0,4012.0,4092.6,25179700,4501.8,3683.4,4440.0,3288.1,4024.8,99,1,4024.6,3,1,4024.5,40,1,4024.3,1,1,4024.1,4,2,4025.0,46,1,4025.4,15,1,4025.5,10,2,4025.6,2,1,4025.7,63,4
11483,2026-07-02 13:25:17+05:30,4025.0,1,4037.41,1431293,161430.0,170901.0,4100.0,4110.0,4012.0,4092.6,25179700,4501.8,3683.4,4440.0,3288.1,4024.8,49,1,4024.6,3,1,4024.5,40,1,4024.3,1,1,4024.1,4,2,4025.0,61,4,4025.3,5,1,4025.4,15,1,4025.5,4,1,4025.7,63,4
11483,2026-07-02 13:25:17+05:30,4024.8,6,4037.41,1431293,161430.0,170901.0,4100.0,4110.0,4012.0,4092.6,25179700,4501.8,3683.4,4440.0,3288.1,4024.8,49,1,4024.6,3,1,4024.5,40,1,4024.3,1,1,4024.1,4,2,4025.0,61,4,4025.3,5,1,4025.4,15,1,4025.5,4,1,4025.7,63,4
11483,2026-07-02 13:25:18+05:30,4024.8,1,4037.41,1431300,161423.0,170850.0,4100.0,4110.0,4012.0,4092.6,25179700,4501.8,3683.4,4440.0,3288.1,4024.8,42,1,4024.6,3,1,4024.5,40,1,4024.3,1,1,4024.1,4,2,4025.0,61,4,4025.3,5,1,4025.4,15,1,4025.5,4,1,4025.7,63,4
11483,2026-07-02 13:25:18+05:30,4024.8,1,4037.41,1431300,161423.0,170850.0,4100.0,4110.0,4012.0,4092.6,25179700,4501.8,3683.4,4440.0,3288.1,4024.8,42,1,4024.6,3,1,4024.5,40,1,4024.3,1,1,4024.1,4,2,4025.0,61,4,4025.3,5,1,4025.4,15,1,4025.5,4,1,4025.7,63,4
11483,2026-07-02 13:25:19+05:30,4025.0,5,4037.41,1431306,161428.0,170843.0,4100.0,4110.0,4012.0,4092.6,25179700,4501.8,3683.4,4440.0,3288.1,4024.9,1,1,4024.8,41,1,4024.6,3,1,4024.5,40,1,4024.3,1,1,4025.0,56,4,4025.4,15,1,4025.5,16,2,4025.7,63,4,4025.8,9,1
11483,2026-07-02 13:25:19+05:30,4024.8,1,4037.41,1431306,161428.0,170843.0,4100.0,4110.0,4012.0,4092.6,25179700,4501.8,3683.4,4440.0,3288.1,4024.9,1,1,4024.8,41,1,4024.6,3,1,4024.5,40,1,4024.3,1,1,4025.0,56,4,4025.4,15,1,4025.5,16,2,4025.7,63,4,4025.8,9,1
11483,2026-07-02 13:25:20+05:30,4024.8,1,4037.41,1431306,161428.0,170843.0,4100.0,4110.0,4012.0,4092.6,25179700,4501.8,3683.4,4440.0,3288.1,4024.9,1,1,4024.8,41,1,4024.6,3,1,4024.5,40,1,4024.3,1,1,4025.0,56,4,4025.4,15,1,4025.5,16,2,4025.7,63,4,4025.8,9,1
11483,2026-07-02 13:25:21+05:30,4024.8,1,4037.41,1431309,161421.0,170936.0,4100.0,4110.0,4012.0,4092.6,25179700,4501.8,3683.4,4440.0,3288.1,4024.8,39,1,4024.6,3,1,4024.5,40,1,4024.3,1,1,4024.1,4,2,4025.0,56,4,4025.2,4,1,4025.4,57,2,4025.5,16,2,4025.6,3,1
11483,2026-07-02 13:25:21+05:30,4024.8,1,4037.41,1431309,161421.0,170936.0,4100.0,4110.0,4012.0,4092.6,25179700,4501.8,3683.4,4440.0,3288.1,4024.8,39,1,4024.6,3,1,4024.5,40,1,4024.3,1,1,4024.1,4,2,4025.0,56,4,4025.2,4,1,4025.4,57,2,4025.5,16,2,4025.6,3,1
11483,2026-07-02 13:25:22+05:30,4025.0,1,4037.41,1431487,161408.0,170760.0,4100.0,4110.0,4012.0,4092.6,25179700,4501.8,3683.4,4440.0,3288.1,4024.8,38,1,4024.6,3,1,4024.5,40,1,4024.3,1,1,4024.1,4,2,4025.0,32,4,4025.1,3,1,4025.3,5,1,4025.4,63,3,4025.5,21,3
11483,2026-07-02 13:25:22+05:30,4024.8,22,4037.41,1431487,161408.0,170760.0,4100.0,4110.0,4012.0,4092.6,25179700,4501.8,3683.4,4440.0,3288.1,4024.8,38,1,4024.6,3,1,4024.5,40,1,4024.3,1,1,4024.1,4,2,4025.0,32,4,4025.1,3,1,4025.3,5,1,4025.4,63,3,4025.5,21,3
11483,2026-07-02 13:25:23+05:30,4024.8,22,4037.41,1431509,161380.0,170740.0,4100.0,4110.0,4012.0,4092.6,25179700,4501.8,3683.4,4440.0,3288.1,4024.8,16,1,4024.6,3,1,4024.5,40,1,4024.3,1,1,4024.1,4,2,4025.0,32,4,4025.1,3,1,4025.2,11,1,4025.3,5,1,4025.4,63,3
11483,2026-07-02 13:25:23+05:30,4024.6,1,4037.41,1431509,161380.0,170740.0,4100.0,4110.0,4012.0,4092.6,25179700,4501.8,3683.4,4440.0,3288.1,4024.8,16,1,4024.6,3,1,4024.5,40,1,4024.3,1,1,4024.1,4,2,4025.0,32,4,4025.1,3,1,4025.2,11,1,4025.3,5,1,4025.4,63,3
11483,2026-07-02 13:25:24+05:30,4024.6,2,4037.41,1431529,161522.0,171529.0,4100.0,4110.0,4012.0,4092.6,25179700,4501.8,3683.4,4440.0,3288.1,4024.5,40,1,4024.3,1,1,4024.1,4,2,4024.0,122,5,4023.7,7,1,4024.9,19,1,4025.0,561,7,4025.1,15,4,4025.2,15,2,4025.3,23,2
11483,2026-07-02 13:25:24+05:30,4024.9,1,4037.41,1431529,161522.0,171529.0,4100.0,4110.0,4012.0,4092.6,25179700,4501.8,3683.4,4440.0,3288.1,4024.5,40,1,4024.3,1,1,4024.1,4,2,4024.0,122,5,4023.7,7,1,4024.9,19,1,4025.0,561,7,4025.1,15,4,4025.2,15,2,4025.3,23,2
11483,2026-07-02 13:25:25+05:30,4024.9,1,4037.41,1431533,162179.0,171393.0,4100.0,4110.0,4012.0,4092.6,25179700,4501.8,3683.4,4440.0,3288.1,4024.6,8,1,4024.5,37,1,4024.3,1,1,4024.1,4,2,4024.0,622,6,4025.0,561,7,4025.1,6,2,4025.2,15,2,4025.3,23,2,4025.4,75,4
11483,2026-07-02 13:25:26+05:30,4024.9,1,4037.41,1431533,162163.0,171384.0,4100.0,4110.0,4012.0,4092.6,25179700,4501.8,3683.4,4440.0,3288.1,4024.6,8,1,4024.5,37,1,4024.3,1,1,4024.1,4,2,4024.0,622,6,4025.0,560,6,4025.1,6,2,4025.2,15,2,4025.3,23,2,4025.4,75,4
11483,2026-07-02 13:25:26+05:30,4025.0,7,4037.41,1431533,162163.0,171384.0,4100.0,4110.0,4012.0,4092.6,25179700,4501.8,3683.4,4440.0,3288.1,4024.6,8,1,4024.5,37,1,4024.3,1,1,4024.1,4,2,4024.0,622,6,4025.0,560,6,4025.1,6,2,4025.2,15,2,4025.3,23,2,4025.4,75,4
11483,2026-07-02 13:25:27+05:30,4025.0,1,4037.41,1431541,162193.0,171373.0,4100.0,4110.0,4012.0,4092.6,25179700,4501.8,3683.4,4440.0,3288.1,4024.6,8,1,4024.5,37,1,4024.3,1,1,4024.1,4,2,4024.0,622,6,4025.0,548,5,4025.1,6,2,4025.2,15,2,4025.3,31,3,4025.4,63,3
11483,2026-07-02 13:25:27+05:30,4024.6,1,4037.41,1431541,162193.0,171373.0,4100.0,4110.0,4012.0,4092.6,25179700,4501.8,3683.4,4440.0,3288.1,4024.6,8,1,4024.5,37,1,4024.3,1,1,4024.1,4,2,4024.0,622,6,4025.0,548,5,4025.1,6,2,4025.2,15,2,4025.3,31,3,4025.4,63,3
11483,2026-07-02 13:25:28+05:30,4025.0,56,4037.41,1431621,162129.0,171315.0,4100.0,4110.0,4012.0,4092.6,25179700,4501.8,3683.4,4440.0,3288.1,4024.5,37,1,4024.3,1,1,4024.1,4,2,4024.0,622,6,4023.7,7,1,4025.0,490,4,4025.1,6,2,4025.2,15,2,4025.3,31,3,4025.4,63,3
11483,2026-07-02 13:25:28+05:30,4025.0,7,4037.41,1431621,162129.0,171315.0,4100.0,4110.0,4012.0,4092.6,25179700,4501.8,3683.4,4440.0,3288.1,4024.5,37,1,4024.3,1,1,4024.1,4,2,4024.0,622,6,4023.7,7,1,4025.0,490,4,4025.1,6,2,4025.2,15,2,4025.3,31,3,4025.4,63,3
11483,2026-07-02 13:25:29+05:30,4024.5,27,4037.41,1431667,161638.0,171594.0,4100.0,4110.0,4012.0,4092.6,25179700,4501.8,3683.4,4440.0,3288.1,4024.3,1,1,4024.1,4,2,4024.0,622,6,4023.7,7,1,4023.5,1,1,4024.5,1,1,4024.7,42,7,4024.8,15,3,4024.9,54,7,4025.0,503,3
11483,2026-07-02 13:25:29+05:30,4023.4,12,4037.41,1431667,161638.0,171594.0,4100.0,4110.0,4012.0,4092.6,25179700,4501.8,3683.4,4440.0,3288.1,4024.3,1,1,4024.1,4,2,4024.0,622,6,4023.7,7,1,4023.5,1,1,4024.5,1,1,4024.7,42,7,4024.8,15,3,4024.9,54,7,4025.0,503,3
11483,2026-07-02 13:25:30+05:30,4021.0,12,4037.38,1434385,153698.0,174231.0,4100.0,4110.0,4012.0,4092.6,25179700,4501.8,3683.4,4440.0,3288.1,4021.4,24,1,4021.1,9,1,4021.0,348,24,4020.9,35,4,4020.7,16,4,4022.9,18,5,4023.0,76,5,4023.1,67,3,4023.2,38,5,4023.3,24,3
11483,2026-07-02 13:25:30+05:30,4021.6,4,4037.38,1434385,153698.0,174231.0,4100.0,4110.0,4012.0,4092.6,25179700,4501.8,3683.4,4440.0,3288.1,4021.4,24,1,4021.1,9,1,4021.0,348,24,4020.9,35,4,4020.7,16,4,4022.9,18,5,4023.0,76,5,4023.1,67,3,4023.2,38,5,4023.3,24,3
11483,2026-07-02 13:25:31+05:30,4021.6,4,4037.38,1434715,156413.0,173255.0,4100.0,4110.0,4012.0,4092.6,25179700,4501.8,3683.4,4440.0,3288.1,4021.9,2,2,4021.4,38,1,4021.3,76,4,4021.2,4,1,4021.1,40,1,4022.9,21,4,4023.0,58,3,4023.1,218,3,4023.2,9,2,4023.3,48,4
11483,2026-07-02 13:25:31+05:30,4021.9,2,4037.38,1434715,156413.0,173255.0,4100.0,4110.0,4012.0,4092.6,25179700,4501.8,3683.4,4440.0,3288.1,4021.9,2,2,4021.4,38,1,4021.3,76,4,4021.2,4,1,4021.1,40,1,4022.9,21,4,4023.0,58,3,4023.1,218,3,4023.2,9,2,4023.3,48,4
11483,2026-07-02 13:25:32+05:30,4021.9,2,4037.38,1434722,156149.0,173732.0,4100.0,4110.0,4012.0,4092.6,25179700,4501.8,3683.4,4440.0,3288.1,4021.2,12,1,4021.0,360,25,4020.9,12,3,4020.8,2,1,4020.7,16,4,4021.9,214,3,4022.6,15,1,4022.8,3,1,4022.9,35,4,4023.0,106,6
11483,2026-07-02 13:25:32+05:30,4021.2,5,4037.38,1434722,156149.0,173732.0,4100.0,4110.0,4012.0,4092.6,25179700,4501.8,3683.4,4440.0,3288.1,4021.2,12,1,4021.0,360,25,4020.9,12,3,4020.8,2,1,4020.7,16,4,4021.9,214,3,4022.6,15,1,4022.8,3,1,4022.9,35,4,4023.0,106,6
11483,2026-07-02 13:25:33+05:30,4021.2,5,4037.38,1434728,156180.0,173703.0,4100.0,4110.0,4012.0,4092.6,25179700,4501.8,3683.4,4440.0,3288.1,4021.2,6,1,4021.0,360,25,4020.9,12,3,4020.8,2,1,4020.7,16,4,4021.9,216,4,4022.6,15,1,4022.8,3,1,4022.9,33,3,4023.0,106,6
11483,2026-07-02 13:25:33+05:30,4021.9,1,4037.38,1434728,156180.0,173703.0,4100.0,4110.0,4012.0,4092.6,25179700,4501.8,3683.4,4440.0,3288.1,4021.2,6,1,4021.0,360,25,4020.9,12,3,4020.8,2,1,4020.7,16,4,4021.9,216,4,4022.6,15,1,4022.8,3,1,4022.9,33,3,4023.0,106,6
11483,2026-07-02 13:25:34+05:30,4021.1,1,4037.38,1434850,156246.0,173805.0,4100.0,4110.0,4012.0,4092.6,25179700,4501.8,3683.4,4440.0,3288.1,4021.1,11,1,4021.0,510,26,4020.9,12,3,4020.7,16,4,4020.6,43,3,4021.9,104,4,4022.6,53,2,4022.7,23,2,4022.8,22,2,4022.9,33,3
11483,2026-07-02 13:25:34+05:30,4021.1,2,4037.38,1434850,156246.0,173805.0,4100.0,4110.0,4012.0,4092.6,25179700,4501.8,3683.4,4440.0,3288.1,4021.1,11,1,4021.0,510,26,4020.9,12,3,4020.7,16,4,4020.6,43,3,4021.9,104,4,4022.6,53,2,4022.7,23,2,4022.8,22,2,4022.9,33,3
11483,2026-07-02 13:25:35+05:30,4021.1,1,4037.37,1434893,156352.0,173512.0,4100.0,4110.0,4012.0,4092.6,25179700,4501.8,3683.4,4440.0,3288.1,4021.1,23,2,4021.0,515,27,4020.9,12,3,4020.8,79,3,4020.7,48,5,4021.9,84,4,4022.6,36,1,4022.9,24,3,4023.0,69,3,4023.1,24,2
11483,2026-07-02 13:25:35+05:30,4021.9,1,4037.37,1434893,156352.0,173512.0,4100.0,4110.0,4012.0,4092.6,25179700,4501.8,3683.4,4440.0,3288.1,4021.1,23,2,4021.0,515,27,4020.9,12,3,4020.8,79,3,4020.7,48,5,4021.9,84,4,4022.6,36,1,4022.9,24,3,4023.0,69,3,4023.1,24,2
11483,2026-07-02 13:25:36+05:30,4021.1,4,4037.37,1434909,156360.0,173509.0,4100.0,4110.0,4012.0,4092.6,25179700,4501.8,3683.4,4440.0,3288.1,4021.0,500,26,4020.9,12,3,4020.7,16,4,4020.6,43,3,4020.5,227,6,4021.9,81,4,4022.5,15,1,4022.6,36,1,4022.7,11,1,4022.9,11,2
11483,2026-07-02 13:25:36+05:30,4021.0,2,4037.37,1434909,156360.0,173509.0,4100.0,4110.0,4012.0,4092.6,25179700,4501.8,3683.4,4440.0,3288.1,4021.0,500,26,4020.9,12,3,4020.7,16,4,4020.6,43,3,4020.5,227,6,4021.9,81,4,4022.5,15,1,4022.6,36,1,4022.7,11,1,4022.9,11,2
11483,2026-07-02 13:25:37+05:30,4021.2,1,4037.37,1434912,156461.0,174382.0,4100.0,4110.0,4012.0,4092.6,25179700,4501.8,3683.4,4440.0,3288.1,4021.2,87,1,4021.1,2,1,4021.0,496,25,4020.9,12,3,4020.7,16,4,4021.9,97,6,4022.1,10,1,4022.2,10,1,4022.4,23,2,4022.6,36,1
11483,2026-07-02 13:25:37+05:30,4021.2,3,4037.37,1434912,156461.0,174382.0,4100.0,4110.0,4012.0,4092.6,25179700,4501.8,3683.4,4440.0,3288.1,4021.2,87,1,4021.1,2,1,4021.0,496,25,4020.9,12,3,4020.7,16,4,4021.9,97,6,4022.1,10,1,4022.2,10,1,4022.4,23,2,4022.6,36,1
11483,2026-07-02 13:25:38+05:30,4021.2,1,4037.37,1434918,156963.0,174045.0,4100.0,4110.0,4012.0,4092.6,25179700,4501.8,3683.4,4440.0,3288.1,4021.2,583,2,4021.1,2,1,4021.0,496,25,4020.9,12,3,4020.7,16,4,4021.9,87,5,4022.1,38,3,4022.2,10,1,4022.4,23,2,4022.6,36,1
11483,2026-07-02 13:25:38+05:30,4021.9,1,4037.37,1434918,156963.0,174045.0,4100.0,4110.0,4012.0,4092.6,25179700,4501.8,3683.4,4440.0,3288.1,4021.2,583,2,4021.1,2,1,4021.0,496,25,4020.9,12,3,4020.7,16,4,4021.9,87,5,4022.1,38,3,4022.2,10,1,4022.4,23,2,4022.6,36,1
11483,2026-07-02 13:25:39+05:30,4021.5,1,4037.37,1434930,156950.0,174031.0,4100.0,4110.0,4012.0,4092.6,25179700,4501.8,3683.4,4440.0,3288.1,4021.5,1,1,4021.2,575,2,4021.1,2,1,4021.0,496,25,4020.9,12,3,4021.9,85,6,4022.1,28,2,4022.4,36,3,4022.6,51,2,4022.7,16,1
11483,2026-07-02 13:25:39+05:30,4021.9,18,4037.37,1434930,156950.0,174031.0,4100.0,4110.0,4012.0,4092.6,25179700,4501.8,3683.4,4440.0,3288.1,4021.5,1,1,4021.2,575,2,4021.1,2,1,4021.0,496,25,4020.9,12,3,4021.9,85,6,4022.1,28,2,4022.4,36,3,4022.6,51,2,4022.7,16,1
11483,2026-07-02 13:25:40+05:30,4021.2,1,4037.37,1434954,156946.0,174111.0,4100.0,4110.0,4012.0,4092.6,25179700,4501.8,3683.4,4440.0,3288.1,4021.2,572,2,4021.1,2,1,4021.0,546,26,4020.9,12,3,4020.7,16,4,4021.9,91,9,4022.4,36,3,4022.6,51,2,4022.7,16,1,4022.9,3,1
11483,2026-07-02 13:25:40+05:30,4021.2,3,4037.37,1434954,156946.0,174111.0,4100.0,4110.0,4012.0,4092.6,25179700,4501.8,3683.4,4440.0,3288.1,4021.2,572,2,4021.1,2,1,4021.0,546,26,4020.9,12,3,4020.7,16,4,4021.9,91,9,4022.4,36,3,4022.6,51,2,4022.7,16,1,4022.9,3,1
11483,2026-07-02 13:25:41+05:30,4021.2,1,4037.37,1434967,156990.0,174122.0,4100.0,4110.0,4012.0,4092.6,25179700,4501.8,3683.4,4440.0,3288.1,4021.2,565,2,4021.1,2,1,4021.0,549,28,4020.9,12,3,4020.7,16,4,4021.9,63,7,4022.1,15,1,4022.4,36,3,4022.5,14,1,4022.6,51,2
11483,2026-07-02 13:25:41+05:30,4021.2,3,4037.37,1434967,156990.0,174122.0,4100.0,4110.0,4012.0,4092.6,25179700,4501.8,3683.4,4440.0,3288.1,4021.2,565,2,4021.1,2,1,4021.0,549,28,4020.9,12,3,4020.7,16,4,4021.9,63,7,4022.1,15,1,4022.4,36,3,4022.5,14,1,4022.6,51,2
11483,2026-07-02 13:25:42+05:30,4021.2,1,4037.37,1434979,156973.0,174131.0,4100.0,4110.0,4012.0,4092.6,25179700,4501.8,3683.4,4440.0,3288.1,4021.3,2,1,4021.2,553,2,4021.0,549,28,4020.9,12,3,4020.7,16,4,4021.9,77,7,4022.1,15,1,4022.4,36,3,4022.6,51,2,4022.7,16,1
11483,2026-07-02 13:25:42+05:30,4021.3,7,4037.37,1434979,156973.0,174131.0,4100.0,4110.0,4012.0,4092.6,25179700,4501.8,3683.4,4440.0,3288.1,4021.3,2,1,4021.2,553,2,4021.0,549,28,4020.9,12,3,4020.7,16,4,4021.9,77,7,4022.1,15,1,4022.4,36,3,4022.6,51,2,4022.7,16,1
11483,2026-07-02 13:25:43+05:30,4021.3,1,4037.37,1434989,156949.0,174191.0,4100.0,4110.0,4012.0,4092.6,25179700,4501.8,3683.4,4440.0,3288.1,4021.3,1,1,4021.2,555,4,4021.0,549,28,4020.9,12,3,4020.7,16,4,4021.9,76,8,4022.0,7,1,4022.3,11,1,4022.4,29,2,4022.5,29,2
11483,2026-07-02 13:25:43+05:30,4021.9,1,4037.37,1434989,156949.0,174191.0,4100.0,4110.0,4012.0,4092.6,25179700,4501.8,3683.4,4440.0,3288.1,4021.3,1,1,4021.2,555,4,4021.0,549,28,4020.9,12,3,4020.7,16,4,4021.9,76,8,4022.0,7,1,4022.3,11,1,4022.4,29,2,4022.5,29,2
11483,2026-07-02 13:25:44+05:30,4021.2,15,4037.37,1435011,156935.0,174387.0,4100.0,4110.0,4012.0,4092.6,25179700,4501.8,3683.4,4440.0,3288.1,4021.2,540,4,4021.0,552,29,4020.9,12,3,4020.7,16,4,4020.6,43,3,4021.9,90,9,4022.0,7,1,4022.3,11,1,4022.4,29,2,4022.5,28,2
11483,2026-07-02 13:25:44+05:30,4021.2,3,4037.37,1435011,156935.0,174387.0,4100.0,4110.0,4012.0,4092.6,25179700,4501.8,3683.4,4440.0,3288.1,4021.2,540,4,4021.0,552,29,4020.9,12,3,4020.7,16,4,4020.6,43,3,4021.9,90,9,4022.0,7,1,4022.3,11,1,4022.4,29,2,4022.5,28,2
11483,2026-07-02 13:25:45+05:30,4021.2,1,4037.37,1435019,156923.0,174388.0,4100.0,4110.0,4012.0,4092.6,25179700,4501.8,3683.4,4440.0,3288.1,4021.2,532,4,4021.0,552,29,4020.9,12,3,4020.7,16,4,4020.6,43,3,4021.9,90,9,4022.0,7,1,4022.3,11,1,4022.4,29,2,4022.5,28,2
11483,2026-07-02 13:25:45+05:30,4021.2,4,4037.37,1435019,156923.0,174388.0,4100.0,4110.0,4012.0,4092.6,25179700,4501.8,3683.4,4440.0,3288.1,4021.2,532,4,4021.0,552,29,4020.9,12,3,4020.7,16,4,4020.6,43,3,4021.9,90,9,4022.0,7,1,4022.3,11,1,4022.4,29,2,4022.5,28,2
11483,2026-07-02 13:25:46+05:30,4021.7,1,4037.37,1435032,156976.0,174295.0,4100.0,4110.0,4012.0,4092.6,25179700,4501.8,3683.4,4440.0,3288.1,4021.7,2,2,4021.2,528,4,4021.0,552,29,4020.9,12,3,4020.7,16,4,4021.9,78,9,4022.0,3,1,4022.1,8,2,4022.2,5,1,4022.3,53,3
11483,2026-07-02 13:25:46+05:30,4021.7,2,4037.37,1435032,156976.0,174295.0,4100.0,4110.0,4012.0,4092.6,25179700,4501.8,3683.4,4440.0,3288.1,4021.7,2,2,4021.2,528,4,4021.0,552,29,4020.9,12,3,4020.7,16,4,4021.9,78,9,4022.0,3,1,4022.1,8,2,4022.2,5,1,4022.3,53,3
11483,2026-07-02 13:25:47+05:30,4021.2,1,4037.37,1435039,157018.0,174438.0,4100.0,4110.0,4012.0,4092.6,25179700,4501.8,3683.4,4440.0,3288.1,4021.2,527,4,4021.0,652,30,4020.9,12,3,4020.7,16,4,4020.6,43,3,4021.7,1,1,4021.9,76,8,4022.1,4,1,4022.2,5,1,4022.3,53,3
11483,2026-07-02 13:25:47+05:30,4021.2,4,4037.37,1435039,157018.0,174438.0,4100.0,4110.0,4012.0,4092.6,25179700,4501.8,3683.4,4440.0,3288.1,4021.2,527,4,4021.0,652,30,4020.9,12,3,4020.7,16,4,4020.6,43,3,4021.7,1,1,4021.9,76,8,4022.1,4,1,4022.2,5,1,4022.3,53,3
11483,2026-07-02 13:25:48+05:30,4021.2,1,4037.37,1435045,157345.0,174471.0,4100.0,4110.0,4012.0,4092.6,25179700,4501.8,3683.4,4440.0,3288.1,4021.2,521,4,4021.0,652,30,4020.9,12,3,4020.7,16,4,4020.6,43,3,4021.7,55,5,4021.8,6,1,4021.9,12,3,4022.1,36,3,4022.2,5,1
11483,2026-07-02 13:25:48+05:30,4021.2,1,4037.37,1435045,157345.0,174471.0,4100.0,4110.0,4012.0,4092.6,25179700,4501.8,3683.4,4440.0,3288.1,4021.2,521,4,4021.0,652,30,4020.9,12,3,4020.7,16,4,4020.6,43,3,4021.7,55,5,4021.8,6,1,4021.9,12,3,4022.1,36,3,4022.2,5,1
11483,2026-07-02 13:25:49+05:30,4021.2,1,4037.37,1435048,157358.0,174434.0,4100.0,4110.0,4012.0,4092.6,25179700,4501.8,3683.4,4440.0,3288.1,4021.4,1,1,4021.2,519,4,4021.0,652,30,4020.9,12,3,4020.7,16,4,4021.7,70,7,4021.9,5,2,4022.0,6,1,4022.1,29,3,4022.2,5,1
11483,2026-07-02 13:25:49+05:30,4021.7,9,4037.37,1435048,157358.0,174434.0,4100.0,4110.0,4012.0,4092.6,25179700,4501.8,3683.4,4440.0,3288.1,4021.4,1,1,4021.2,519,4,4021.0,652,30,4020.9,12,3,4020.7,16,4,4021.7,70,7,4021.9,5,2,4022.0,6,1,4022.1,29,3,4022.2,5,1
11483,2026-07-02 13:25:50+05:30,4021.7,9,4037.37,1435060,157392.0,174430.0,4100.0,4110.0,4012.0,4092.6,25179700,4501.8,3683.4,4440.0,3288.1,4021.4,30,1,4021.2,518,4,4021.0,652,30,4020.9,12,3,4020.7,16,4,4021.7,61,7,4021.9,5,2,4022.0,6,1,4022.1,29,3,4022.2,5,1
11483,2026-07-02 13:25:50+05:30,4021.7,2,4037.37,1435060,157392.0,174430.0,4100.0,4110.0,4012.0,4092.6,25179700,4501.8,3683.4,4440.0,3288.1,4021.4,30,1,4021.2,518,4,4021.0,652,30,4020.9,12,3,4020.7,16,4,4021.7,61,7,4021.9,5,2,4022.0,6,1,4022.1,29,3,4022.2,5,1
11483,2026-07-02 13:25:51+05:30,4021.7,2,4037.37,1435067,157387.0,174458.0,4100.0,4110.0,4012.0,4092.6,25179700,4501.8,3683.4,4440.0,3288.1,4021.4,25,1,4021.2,518,4,4021.0,652,30,4020.9,12,3,4020.7,16,4,4021.7,46,6,4021.9,23,3,4022.0,6,1,4022.1,19,2,4022.2,5,1
11483,2026-07-02 13:25:51+05:30,4021.7,2,4037.37,1435067,157387.0,174458.0,4100.0,4110.0,4012.0,4092.6,25179700,4501.8,3683.4,4440.0,3288.1,4021.4,25,1,4021.2,518,4,4021.0,652,30,4020.9,12,3,4020.7,16,4,4021.7,46,6,4021.9,23,3,4022.0,6,1,4022.1,19,2,4022.2,5,1
11483,2026-07-02 13:25:52+05:30,4021.7,2,4037.37,1435079,157421.0,174484.0,4100.0,4110.0,4012.0,4092.6,25179700,4501.8,3683.4,4440.0,3288.1,4021.4,23,1,4021.2,534,5,4021.0,622,29,4020.9,12,3,4020.7,16,4,4021.7,45,6,4021.8,15,1,4021.9,5,2,4022.0,6,1,4022.1,19,2
11483,2026-07-02 13:25:52+05:30,4021.4,1,4037.37,1435079,157421.0,174484.0,4100.0,4110.0,4012.0,4092.6,25179700,4501.8,3683.4,4440.0,3288.1,4021.4,23,1,4021.2,534,5,4021.0,622,29,4020.9,12,3,4020.7,16,4,4021.7,45,6,4021.8,15,1,4021.9,5,2,4022.0,6,1,4022.1,19,2
11483,2026-07-02 13:25:53+05:30,4021.4,1,4037.37,1435082,157443.0,174472.0,4100.0,4110.0,4012.0,4092.6,25179700,4501.8,3683.4,4440.0,3288.1,4021.4,20,1,4021.2,534,5,4021.0,622,29,4020.9,12,3,4020.7,16,4,4021.7,45,6,4021.8,15,1,4021.9,5,2,4022.0,6,1,4022.1,19,2
11483,2026-07-02 13:25:53+05:30,4021.4,15,4037.37,1435082,157443.0,174472.0,4100.0,4110.0,4012.0,4092.6,25179700,4501.8,3683.4,4440.0,3288.1,4021.4,20,1,4021.2,534,5,4021.0,622,29,4020.9,12,3,4020.7,16,4,4021.7,45,6,4021.8,15,1,4021.9,5,2,4022.0,6,1,4022.1,19,2
11483,2026-07-02 13:25:54+05:30,4021.7,1,4037.37,1435099,156917.0,174424.0,4100.0,4110.0,4012.0,4092.6,25179700,4501.8,3683.4,4440.0,3288.1,4021.4,4,1,4021.2,534,5,4021.0,622,29,4020.9,12,3,4020.7,16,4,4021.7,44,6,4021.8,15,1,4021.9,5,2,4022.1,19,2,4022.2,5,1
11483,2026-07-02 13:25:54+05:30,4021.7,2,4037.37,1435099,156917.0,174424.0,4100.0,4110.0,4012.0,4092.6,25179700,4501.8,3683.4,4440.0,3288.1,4021.4,4,1,4021.2,534,5,4021.0,622,29,4020.9,12,3,4020.7,16,4,4021.7,44,6,4021.8,15,1,4021.9,5,2,4022.1,19,2,4022.2,5,1
11483,2026-07-02 13:25:55+05:30,4021.7,2,4037.37,1435105,157411.0,174415.0,4100.0,4110.0,4012.0,4092.6,25179700,4501.8,3683.4,4440.0,3288.1,4021.5,9,1,4021.2,534,5,4021.0,622,29,4020.9,12,3,4020.7,16,4,4021.7,50,7,4021.9,5,2,4022.1,19,2,4022.2,5,1,4022.3,42,2
11483,2026-07-02 13:25:55+05:30,4021.5,1,4037.37,1435105,157411.0,174415.0,4100.0,4110.0,4012.0,4092.6,25179700,4501.8,3683.4,4440.0,3288.1,4021.5,9,1,4021.2,534,5,4021.0,622,29,4020.9,12,3,4020.7,16,4,4021.7,50,7,4021.9,5,2,4022.1,19,2,4022.2,5,1,4022.3,42,2
11483,2026-07-02 13:25:56+05:30,4021.5,1,4037.37,1435106,157480.0,174346.0,4100.0,4110.0,4012.0,4092.6,25179700,4501.8,3683.4,4440.0,3288.1,4021.5,8,1,4021.2,534,5,4021.0,642,30,4020.9,12,3,4020.7,16,4,4021.7,50,7,4021.9,5,2,4022.1,15,1,4022.3,42,2,4022.4,29,2
11483,2026-07-02 13:25:56+05:30,4021.7,2,4037.37,1435106,157480.0,174346.0,4100.0,4110.0,4012.0,4092.6,25179700,4501.8,3683.4,4440.0,3288.1,4021.5,8,1,4021.2,534,5,4021.0,642,30,4020.9,12,3,4020.7,16,4,4021.7,50,7,4021.9,5,2,4022.1,15,1,4022.3,42,2,4022.4,29,2
11483,2026-07-02 13:25:57+05:30,4021.7,3,4037.37,1435138,157781.0,174319.0,4100.0,4110.0,4012.0,4092.6,25179700,4501.8,3683.4,4440.0,3288.1,4021.5,9,1,4021.2,534,5,4021.0,642,30,4020.9,12,3,4020.7,16,4,4021.7,45,7,4021.9,17,3,4022.1,15,1,4022.3,51,3,4022.4,29,2
11483,2026-07-02 13:25:57+05:30,4021.5,1,4037.37,1435138,157781.0,174319.0,4100.0,4110.0,4012.0,4092.6,25179700,4501.8,3683.4,4440.0,3288.1,4021.5,9,1,4021.2,534,5,4021.0,642,30,4020.9,12,3,4020.7,16,4,4021.7,45,7,4021.9,17,3,4022.1,15,1,4022.3,51,3,4022.4,29,2
11483,2026-07-02 13:25:58+05:30,4021.2,1,4037.37,1435192,157780.0,174309.0,4100.0,4110.0,4012.0,4092.6,25179700,4501.8,3683.4,4440.0,3288.1,4021.2,533,5,4021.0,672,32,4020.9,12,3,4020.7,16,4,4020.6,43,3,4021.7,16,1,4021.9,32,4,4022.3,42,2,4022.4,29,2,4022.5,28,1
11483,2026-07-02 13:25:58+05:30,4021.7,7,4037.37,1435192,157780.0,174309.0,4100.0,4110.0,4012.0,4092.6,25179700,4501.8,3683.4,4440.0,3288.1,4021.2,533,5,4021.0,672,32,4020.9,12,3,4020.7,16,4,4020.6,43,3,4021.7,16,1,4021.9,32,4,4022.3,42,2,4022.4,29,2,4022.5,28,1
11483,2026-07-02 13:25:59+05:30,4021.7,7,4037.37,1435205,157775.0,174380.0,4100.0,4110.0,4012.0,4092.6,25179700,4501.8,3683.4,4440.0,3288.1,4021.4,1,1,4021.2,527,5,4021.0,672,32,4020.9,12,3,4020.7,16,4,4021.7,9,1,4021.9,32,4,4022.3,42,2,4022.4,29,2,4022.5,28,1
11483,2026-07-02 13:25:59+05:30,4021.4,1,4037.37,1435205,157775.0,174380.0,4100.0,4110.0,4012.0,4092.6,25179700,4501.8,3683.4,4440.0,3288.1,4021.4,1,1,4021.2,527,5,4021.0,672,32,4020.9,12,3,4020.7,16,4,4021.7,9,1,4021.9,32,4,4022.3,42,2,4022.4,29,2,4022.5,28,1
11483,2026-07-02 13:26:00+05:30,4021.4,1,4037.37,1435211,157606.0,174690.0,4100.0,4110.0,4012.0,4092.6,25179700,4501.8,3683.4,4440.0,3288.1,4021.2,527,5,4021.0,660,31,4020.9,12,3,4020.7,16,4,4020.6,43,3,4021.4,10,4,4021.7,9,1,4021.8,15,1,4021.9,17,3,4022.1,15,1
11483,2026-07-02 13:26:00+05:30,4021.4,3,4037.37,1435211,157606.0,174690.0,4100.0,4110.0,4012.0,4092.6,25179700,4501.8,3683.4,4440.0,3288.1,4021.2,527,5,4021.0,660,31,4020.9,12,3,4020.7,16,4,4020.6,43,3,4021.4,10,4,4021.7,9,1,4021.8,15,1,4021.9,17,3,4022.1,15,1
11483,2026-07-02 13:26:01+05:30,4021.4,3,4037.37,1435219,157063.0,174756.0,4100.0,4110.0,4012.0,4092.6,25179700,4501.8,3683.4,4440.0,3288.1,4021.2,525,5,4021.0,665,32,4020.9,12,3,4020.7,16,4,4020.6,43,3,4021.4,6,3,4021.5,15,1,4021.7,9,1,4021.8,15,1,4021.9,5,2
11483,2026-07-02 13:26:01+05:30,4021.4,1,4037.37,1435219,157063.0,174756.0,4100.0,4110.0,4012.0,4092.6,25179700,4501.8,3683.4,4440.0,3288.1,4021.2,525,5,4021.0,665,32,4020.9,12,3,4020.7,16,4,4020.6,43,3,4021.4,6,3,4021.5,15,1,4021.7,9,1,4021.8,15,1,4021.9,5,2
11483,2026-07-02 13:26:02+05:30,4021.3,1,4037.37,1435448,157120.0,171954.0,4100.0,4110.0,4012.0,4092.6,25179700,4501.8,3683.4,4440.0,3288.1,4021.2,489,5,4021.0,677,33,4020.9,12,3,4020.8,15,1,4020.7,16,4,4021.7,12,1,4022.7,88,3,4022.8,2,1,4023.0,54,3,4023.1,77,5
11483,2026-07-02 13:26:02+05:30,4021.3,8,4037.37,1435448,157120.0,171954.0,4100.0,4110.0,4012.0,4092.6,25179700,4501.8,3683.4,4440.0,3288.1,4021.2,489,5,4021.0,677,33,4020.9,12,3,4020.8,15,1,4020.7,16,4,4021.7,12,1,4022.7,88,3,4022.8,2,1,4023.0,54,3,4023.1,77,5
11483,2026-07-02 13:26:03+05:30,4021.5,1,4037.37,1435766,157692.0,173632.0,4100.0,4110.0,4012.0,4092.6,25179700,4501.8,3683.4,4440.0,3288.1,4021.5,32,3,4021.4,63,4,4021.3,55,3,4021.2,552,8,4021.1,5,1,4022.9,68,2,4023.0,10,1,4023.2,34,2,4023.3,43,3,4023.5,7,2
11483,2026-07-02 13:26:03+05:30,4023.3,1,4037.37,1435766,157692.0,173632.0,4100.0,4110.0,4012.0,4092.6,25179700,4501.8,3683.4,4440.0,3288.1,4021.5,32,3,4021.4,63,4,4021.3,55,3,4021.2,552,8,4021.1,5,1,4022.9,68,2,4023.0,10,1,4023.2,34,2,4023.3,43,3,4023.5,7,2
11483,2026-07-02 13:26:04+05:30,4023.3,1,4037.36,1435956,158122.0,173324.0,4100.0,4110.0,4012.0,4092.6,25179700,4501.8,3683.4,4440.0,3288.1,4021.8,32,3,4021.7,53,4,4021.6,63,6,4021.5,57,5,4021.4,73,6,4023.3,33,1,4023.4,49,2,4023.5,12,2,4023.6,65,5,4023.7,49,3
11483,2026-07-02 13:26:04+05:30,4022.5,12,4037.36,1435956,158122.0,173324.0,4100.0,4110.0,4012.0,4092.6,25179700,4501.8,3683.4,4440.0,3288.1,4021.8,32,3,4021.7,53,4,4021.6,63,6,4021.5,57,5,4021.4,73,6,4023.3,33,1,4023.4,49,2,4023.5,12,2,4023.6,65,5,4023.7,49,3
11483,2026-07-02 13:26:05+05:30,4022.5,5,4037.36,1436171,158844.0,171954.0,4100.0,4110.0,4012.0,4092.6,25179700,4501.8,3683.4,4440.0,3288.1,4022.4,12,1,4022.3,11,1,4022.2,31,3,4022.1,32,4,4022.0,25,3,4023.8,12,1,4023.9,65,7,4024.0,103,7,4024.1,66,3,4024.2,31,2
11483,2026-07-02 13:26:05+05:30,4024.0,1,4037.36,1436171,158844.0,171954.0,4100.0,4110.0,4012.0,4092.6,25179700,4501.8,3683.4,4440.0,3288.1,4022.4,12,1,4022.3,11,1,4022.2,31,3,4022.1,32,4,4022.0,25,3,4023.8,12,1,4023.9,65,7,4024.0,103,7,4024.1,66,3,4024.2,31,2
11483,2026-07-02 13:26:06+05:30,4024.0,2,4037.36,1436423,159461.0,172083.0,4100.0,4110.0,4012.0,4092.6,25179700,4501.8,3683.4,4440.0,3288.1,4022.4,44,2,4022.2,17,2,4022.1,58,4,4022.0,35,2,4021.9,41,4,4023.9,14,1,4024.0,23,4,4024.1,50,4,4024.2,63,4,4024.3,65,4
11483,2026-07-02 13:26:06+05:30,4023.9,1,4037.36,1436423,159461.0,172083.0,4100.0,4110.0,4012.0,4092.6,25179700,4501.8,3683.4,4440.0,3288.1,4022.4,44,2,4022.2,17,2,4022.1,58,4,4022.0,35,2,4021.9,41,4,4023.9,14,1,4024.0,23,4,4024.1,50,4,4024.2,63,4,4024.3,65,4
11483,2026-07-02 13:26:07+05:30,4023.9,1,4037.36,1436541,159587.0,172054.0,4100.0,4110.0,4012.0,4092.6,25179700,4501.8,3683.4,4440.0,3288.1,4022.6,13,1,4022.5,22,2,4022.4,34,1,4022.2,17,2,4022.1,58,4,4023.9,1,1,4024.4,108,5,4024.5,46,2,4024.6,36,3,4024.7,13,1
11483,2026-07-02 13:26:07+05:30,4022.5,1,4037.36,1436541,159587.0,172054.0,4100.0,4110.0,4012.0,4092.6,25179700,4501.8,3683.4,4440.0,3288.1,4022.6,13,1,4022.5,22,2,4022.4,34,1,4022.2,17,2,4022.1,58,4,4023.9,1,1,4024.4,108,5,4024.5,46,2,4024.6,36,3,4024.7,13,1
11483,2026-07-02 13:26:08+05:30,4022.6,1,4037.36,1436711,158724.0,172301.0,4100.0,4110.0,4012.0,4092.6,25179700,4501.8,3683.4,4440.0,3288.1,4022.2,14,1,4022.1,59,5,4022.0,43,5,4021.9,41,4,4021.8,46,3,4023.9,42,6,4024.1,42,4,4024.2,30,3,4024.3,59,3,4024.4,63,3
11483,2026-07-02 13:26:08+05:30,4023.8,1,4037.36,1436711,158724.0,172301.0,4100.0,4110.0,4012.0,4092.6,25179700,4501.8,3683.4,4440.0,3288.1,4022.2,14,1,4022.1,59,5,4022.0,43,5,4021.9,41,4,4021.8,46,3,4023.9,42,6,4024.1,42,4,4024.2,30,3,4024.3,59,3,4024.4,63,3
11483,2026-07-02 13:26:09+05:30,4023.9,5,4037.35,1436840,159421.0,172101.0,4100.0,4110.0,4012.0,4092.6,25179700,4501.8,3683.4,4440.0,3288.1,4023.1,1,1,4022.5,12,1,4022.3,29,2,4022.2,13,1,4022.1,25,2,4023.9,40,5,4024.0,30,2,4024.1,27,3,4024.2,82,4,4024.3,37,3
11483,2026-07-02 13:26:09+05:30,4023.1,1,4037.35,1436840,159421.0,172101.0,4100.0,4110.0,4012.0,4092.6,25179700,4501.8,3683.4,4440.0,3288.1,4023.1,1,1,4022.5,12,1,4022.3,29,2,4022.2,13,1,4022.1,25,2,4023.9,40,5,4024.0,30,2,4024.1,27,3,4024.2,82,4,4024.3,37,3
11483,2026-07-02 13:26:10+05:30,4023.1,1,4037.35,1436894,159392.0,172884.0,4100.0,4110.0,4012.0,4092.6,25179700,4501.8,3683.4,4440.0,3288.1,4022.3,22,2,4022.1,11,1,4022.0,28,3,4021.9,41,4,4021.8,41,2,4023.1,1,1,4024.0,63,2,4024.1,85,3,4024.2,34,3,4024.3,17,2
11483,2026-07-02 13:26:10+05:30,4023.8,1,4037.35,1436894,159392.0,172884.0,4100.0,4110.0,4012.0,4092.6,25179700,4501.8,3683.4,4440.0,3288.1,4022.3,22,2,4022.1,11,1,4022.0,28,3,4021.9,41,4,4021.8,41,2,4023.1,1,1,4024.0,63,2,4024.1,85,3,4024.2,34,3,4024.3,17,2
11483,2026-07-02 13:26:11+05:30,4023.8,1,4037.35,1436993,159004.0,172062.0,4100.0,4110.0,4012.0,4092.6,25179700,4501.8,3683.4,4440.0,3288.1,4022.3,11,2,4022.2,59,3,4022.1,21,2,4022.0,37,5,4021.9,46,5,4023.8,18,3,4023.9,8,1,4024.0,20,2,4024.1,38,1,4024.2,42,3
11483,2026-07-02 13:26:11+05:30,4023.8,1,4037.35,1436993,159004.0,172062.0,4100.0,4110.0,4012.0,4092.6,25179700,4501.8,3683.4,4440.0,3288.1,4022.3,11,2,4022.2,59,3,4022.1,21,2,4022.0,37,5,4021.9,46,5,4023.8,18,3,4023.9,8,1,4024.0,20,2,4024.1,38,1,4024.2,42,3
11483,2026-07-02 13:26:11+05:30,4024.1,1,4037.35,1436993,159004.0,172062.0,4100.0,4110.0,4012.0,4092.6,25179700,4501.8,3683.4,4440.0,3288.1,4022.3,11,2,4022.2,59,3,4022.1,21,2,4022.0,37,5,4021.9,46,5,4023.8,18,3,4023.9,8,1,4024.0,20,2,4024.1,38,1,4024.2,42,3
11483,2026-07-02 13:26:12+05:30,4024.1,1,4037.35,1436993,159004.0,172062.0,4100.0,4110.0,4012.0,4092.6,25179700,4501.8,3683.4,4440.0,3288.1,4022.3,11,2,4022.2,59,3,4022.1,21,2,4022.0,37,5,4021.9,46,5,4023.8,18,3,4023.9,8,1,4024.0,20,2,4024.1,38,1,4024.2,42,3
11483,2026-07-02 13:26:12+05:30,4024.1,1,4037.35,1437024,159780.0,171979.0,4100.0,4110.0,4012.0,4092.6,25179700,4501.8,3683.4,4440.0,3288.1,4022.5,42,2,4022.3,18,2,4022.2,13,1,4022.1,16,2,4022.0,5,1,4024.0,31,4,4024.1,68,5,4024.2,49,4,4024.3,19,2,4024.4,10,1
11483,2026-07-02 13:26:12+05:30,4024.1,1,4037.35,1437024,159780.0,171979.0,4100.0,4110.0,4012.0,4092.6,25179700,4501.8,3683.4,4440.0,3288.1,4022.5,42,2,4022.3,18,2,4022.2,13,1,4022.1,16,2,4022.0,5,1,4024.0,31,4,4024.1,68,5,4024.2,49,4,4024.3,19,2,4024.4,10,1
11483,2026-07-02 13:26:12+05:30,4024.1,1,4037.35,1437024,159780.0,171979.0,4100.0,4110.0,4012.0,4092.6,25179700,4501.8,3683.4,4440.0,3288.1,4022.5,42,2,4022.3,18,2,4022.2,13,1,4022.1,16,2,4022.0,5,1,4024.0,31,4,4024.1,68,5,4024.2,49,4,4024.3,19,2,4024.4,10,1
11483,2026-07-02 13:26:13+05:30,4024.1,1,4037.35,1437059,158574.0,174495.0,4100.0,4110.0,4012.0,4092.6,25179700,4501.8,3683.4,4440.0,3288.1,4021.7,50,3,4021.6,44,3,4021.5,225,5,4021.4,61,5,4021.3,69,4,4022.5,1,1,4023.0,1015,2,4023.2,7,1,4023.3,9,1,4023.9,69,4
11483,2026-07-02 13:26:13+05:30,4024.1,1,4037.35,1437059,158574.0,174495.0,4100.0,4110.0,4012.0,4092.6,25179700,4501.8,3683.4,4440.0,3288.1,4021.7,50,3,4021.6,44,3,4021.5,225,5,4021.4,61,5,4021.3,69,4,4022.5,1,1,4023.0,1015,2,4023.2,7,1,4023.3,9,1,4023.9,69,4
11483,2026-07-02 13:26:13+05:30,4023.0,1,4037.35,1437059,158574.0,174495.0,4100.0,4110.0,4012.0,4092.6,25179700,4501.8,3683.4,4440.0,3288.1,4021.7,50,3,4021.6,44,3,4021.5,225,5,4021.4,61,5,4021.3,69,4,4022.5,1,1,4023.0,1015,2,4023.2,7,1,4023.3,9,1,4023.9,69,4
11483,2026-07-02 13:26:14+05:30,4023.0,1,4037.35,1437139,158453.0,174604.0,4100.0,4110.0,4012.0,4092.6,25179700,4501.8,3683.4,4440.0,3288.1,4021.8,13,1,4021.7,48,2,4021.6,17,1,4021.5,222,4,4021.4,18,2,4023.0,974,6,4023.1,11,1,4023.3,21,3,4023.4,6,1,4023.5,88,4
11483,2026-07-02 13:26:14+05:30,4023.0,1,4037.35,1437139,158453.0,174604.0,4100.0,4110.0,4012.0,4092.6,25179700,4501.8,3683.4,4440.0,3288.1,4021.8,13,1,4021.7,48,2,4021.6,17,1,4021.5,222,4,4021.4,18,2,4023.0,974,6,4023.1,11,1,4023.3,21,3,4023.4,6,1,4023.5,88,4
11483,2026-07-02 13:26:14+05:30,4023.0,1,4037.35,1437139,158453.0,174604.0,4100.0,4110.0,4012.0,4092.6,25179700,4501.8,3683.4,4440.0,3288.1,4021.8,13,1,4021.7,48,2,4021.6,17,1,4021.5,222,4,4021.4,18,2,4023.0,974,6,4023.1,11,1,4023.3,21,3,4023.4,6,1,4023.5,88,4
11483,2026-07-02 13:26:14+05:30,4023.0,1,4037.35,1437139,158453.0,174604.0,4100.0,4110.0,4012.0,4092.6,25179700,4501.8,3683.4,4440.0,3288.1,4021.8,13,1,4021.7,48,2,4021.6,17,1,4021.5,222,4,4021.4,18,2,4023.0,974,6,4023.1,11,1,4023.3,21,3,4023.4,6,1,4023.5,88,4
11483,2026-07-02 13:26:15+05:30,4023.0,1,4037.35,1437139,158453.0,174604.0,4100.0,4110.0,4012.0,4092.6,25179700,4501.8,3683.4,4440.0,3288.1,4021.8,13,1,4021.7,48,2,4021.6,17,1,4021.5,222,4,4021.4,18,2,4023.0,974,6,4023.1,11,1,4023.3,21,3,4023.4,6,1,4023.5,88,4
11483,2026-07-02 13:26:15+05:30,4023.0,1,4037.35,1437150,158474.0,174649.0,4100.0,4110.0,4012.0,4092.6,25179700,4501.8,3683.4,4440.0,3288.1,4021.7,57,3,4021.6,17,1,4021.5,253,5,4021.4,20,3,4021.3,64,3,4023.0,973,6,4023.1,11,1,4023.3,21,3,4023.4,6,1,4023.5,60,3
11483,2026-07-02 13:26:15+05:30,4023.0,1,4037.35,1437150,158474.0,174649.0,4100.0,4110.0,4012.0,4092.6,25188800,4501.8,3683.4,4440.0,3288.1,4021.7,57,3,4021.6,17,1,4021.5,253,5,4021.4,20,3,4021.3,64,3,4023.0,973,6,4023.1,11,1,4023.3,21,3,4023.4,6,1,4023.5,60,3
11483,2026-07-02 13:26:15+05:30,4023.0,3,4037.35,1437150,158474.0,174649.0,4100.0,4110.0,4012.0,4092.6,25188800,4501.8,3683.4,4440.0,3288.1,4021.7,57,3,4021.6,17,1,4021.5,253,5,4021.4,20,3,4021.3,64,3,4023.0,973,6,4023.1,11,1,4023.3,21,3,4023.4,6,1,4023.5,60,3
11483,2026-07-02 13:26:16+05:30,4023.0,3,4037.35,1437150,158474.0,174649.0,4100.0,4110.0,4012.0,4092.6,25188800,4501.8,3683.4,4440.0,3288.1,4021.7,57,3,4021.6,17,1,4021.5,253,5,4021.4,20,3,4021.3,64,3,4023.0,973,6,4023.1,11,1,4023.3,21,3,4023.4,6,1,4023.5,60,3
11483,2026-07-02 13:26:16+05:30,4023.0,1,4037.35,1437185,158539.0,174658.0,4100.0,4110.0,4012.0,4092.6,25188800,4501.8,3683.4,4440.0,3288.1,4021.8,9,1,4021.7,56,3,4021.6,17,1,4021.5,252,5,4021.4,51,4,4023.0,933,6,4023.1,11,1,4023.3,21,3,4023.4,6,1,4023.5,60,3
11483,2026-07-02 13:26:16+05:30,4023.0,1,4037.35,1437185,158539.0,174658.0,4100.0,4110.0,4012.0,4092.6,25188800,4501.8,3683.4,4440.0,3288.1,4021.8,9,1,4021.7,56,3,4021.6,17,1,4021.5,252,5,4021.4,51,4,4023.0,933,6,4023.1,11,1,4023.3,21,3,4023.4,6,1,4023.5,60,3
11483,2026-07-02 13:26:16+05:30,4023.0,1,4037.35,1437185,158539.0,174658.0,4100.0,4110.0,4012.0,4092.6,25188800,4501.8,3683.4,4440.0,3288.1,4021.8,9,1,4021.7,56,3,4021.6,17,1,4021.5,252,5,4021.4,51,4,4023.0,933,6,4023.1,11,1,4023.3,21,3,4023.4,6,1,4023.5,60,3
11483,2026-07-02 13:26:16+05:30,4023.0,1,4037.35,1437185,158539.0,174658.0,4100.0,4110.0,4012.0,4092.6,25188800,4501.8,3683.4,4440.0,3288.1,4021.8,9,1,4021.7,56,3,4021.6,17,1,4021.5,252,5,4021.4,51,4,4023.0,933,6,4023.1,11,1,4023.3,21,3,4023.4,6,1,4023.5,60,3
11483,2026-07-02 13:26:17+05:30,4023.0,10,4037.35,1437200,158575.0,174709.0,4100.0,4110.0,4012.0,4092.6,25188800,4501.8,3683.4,4440.0,3288.1,4021.8,5,1,4021.7,56,3,4021.6,17,1,4021.5,252,5,4021.4,20,3,4023.0,914,5,4023.3,11,2,4023.4,6,1,4023.5,60,3,4023.6,38,2
11483,2026-07-02 13:26:17+05:30,4023.0,10,4037.35,1437200,158575.0,174709.0,4100.0,4110.0,4012.0,4092.6,25188800,4501.8,3683.4,4440.0,3288.1,4021.8,5,1,4021.7,56,3,4021.6,17,1,4021.5,252,5,4021.4,20,3,4023.0,914,5,4023.3,11,2,4023.4,6,1,4023.5,60,3,4023.6,38,2
11483,2026-07-02 13:26:17+05:30,4023.0,1,4037.35,1437200,158575.0,174709.0,4100.0,4110.0,4012.0,4092.6,25188800,4501.8,3683.4,4440.0,3288.1,4021.8,5,1,4021.7,56,3,4021.6,17,1,4021.5,252,5,4021.4,20,3,4023.0,914,5,4023.3,11,2,4023.4,6,1,4023.5,60,3,4023.6,38,2
11483,2026-07-02 13:26:18+05:30,4023.0,1,4037.35,1437203,158825.0,174750.0,4100.0,4110.0,4012.0,4092.6,25188800,4501.8,3683.4,4440.0,3288.1,4021.8,212,1,4021.7,47,2,4021.6,17,1,4021.5,198,3,4021.4,20,3,4023.0,929,7,4023.1,31,2,4023.3,67,3,4023.4,36,2,4023.5,60,3
11483,2026-07-02 13:26:18+05:30,4024.2,2,4037.35,1437203,158825.0,174750.0,4100.0,4110.0,4012.0,4092.6,25188800,4501.8,3683.4,4440.0,3288.1,4021.8,212,1,4021.7,47,2,4021.6,17,1,4021.5,198,3,4021.4,20,3,4023.0,929,7,4023.1,31,2,4023.3,67,3,4023.4,36,2,4023.5,60,3
11483,2026-07-02 13:26:19+05:30,4024.1,2,4037.33,1438994,160134.0,172449.0,4100.0,4110.0,4012.0,4092.6,25188800,4501.8,3683.4,4440.0,3288.1,4022.5,13,1,4022.4,16,4,4022.3,10,1,4022.2,13,1,4022.1,51,3,4024.1,30,4,4024.2,28,3,4024.3,51,4,4024.4,10,1,4024.5,53,2
11483,2026-07-02 13:26:19+05:30,4022.5,45,4037.33,1438994,160134.0,172449.0,4100.0,4110.0,4012.0,4092.6,25188800,4501.8,3683.4,4440.0,3288.1,4022.5,13,1,4022.4,16,4,4022.3,10,1,4022.2,13,1,4022.1,51,3,4024.1,30,4,4024.2,28,3,4024.3,51,4,4024.4,10,1,4024.5,53,2
11483,2026-07-02 13:26:20+05:30,4022.5,100,4037.33,1439153,159186.0,173643.0,4100.0,4110.0,4012.0,4092.6,25188800,4501.8,3683.4,4440.0,3288.1,4022.4,211,1,4022.1,10,1,4022.0,106,8,4021.7,88,4,4021.6,41,5,4022.5,22,1,4023.9,91,4,4024.0,59,2,4024.1,54,3,4024.2,113,6
11483,2026-07-02 13:26:20+05:30,4022.4,19,4037.33,1439153,159186.0,173643.0,4100.0,4110.0,4012.0,4092.6,25188800,4501.8,3683.4,4440.0,3288.1,4022.4,211,1,4022.1,10,1,4022.0,106,8,4021.7,88,4,4021.6,41,5,4022.5,22,1,4023.9,91,4,4024.0,59,2,4024.1,54,3,4024.2,113,6
11483,2026-07-02 13:26:21+05:30,4022.4,19,4037.33,1439172,158599.0,173721.0,4100.0,4110.0,4012.0,4092.6,25188800,4501.8,3683.4,4440.0,3288.1,4022.1,202,2,4022.0,106,8,4021.7,85,3,4021.6,44,6,4021.5,198,3,4022.5,22,1,4023.8,80,3,4023.9,76,3,4024.0,59,2,4024.1,54,3
11483,2026-07-02 13:26:21+05:30,4022.5,2,4037.33,1439172,158599.0,173721.0,4100.0,4110.0,4012.0,4092.6,25188800,4501.8,3683.4,4440.0,3288.1,4022.1,202,2,4022.0,106,8,4021.7,85,3,4021.6,44,6,4021.5,198,3,4022.5,22,1,4023.8,80,3,4023.9,76,3,4024.0,59,2,4024.1,54,3
11483,2026-07-02 13:26:22+05:30,4022.5,2,4037.33,1439186,158780.0,173761.0,4100.0,4110.0,4012.0,4092.6,25188800,4501.8,3683.4,4440.0,3288.1,4022.1,200,2,4022.0,86,7,4021.8,3,1,4021.7,85,3,4021.6,37,4,4022.5,10,1,4023.8,63,2,4023.9,119,5,4024.0,59,2,4024.1,54,3
11483,2026-07-02 13:26:22+05:30,4022.1,2,4037.33,1439186,158780.0,173761.0,4100.0,4110.0,4012.0,4092.6,25188800,4501.8,3683.4,4440.0,3288.1,4022.1,200,2,4022.0,86,7,4021.8,3,1,4021.7,85,3,4021.6,37,4,4022.5,10,1,4023.8,63,2,4023.9,119,5,4024.0,59,2,4024.1,54,3
11483,2026-07-02 13:26:23+05:30,4023.9,22,4037.33,1439438,158552.0,172436.0,4100.0,4110.0,4012.0,4092.6,25188800,4501.8,3683.4,4440.0,3288.1,4022.2,3,1,4022.1,192,1,4022.0,70,6,4021.9,13,1,4021.8,40,2,4023.3,15,1,4023.8,21,2,4023.9,16,2,4024.0,42,3,4024.1,66,3
11483,2026-07-02 13:26:23+05:30,4022.2,1,4037.33,1439438,158552.0,172436.0,4100.0,4110.0,4012.0,4092.6,25188800,4501.8,3683.4,4440.0,3288.1,4022.2,3,1,4022.1,192,1,4022.0,70,6,4021.9,13,1,4021.8,40,2,4023.3,15,1,4023.8,21,2,4023.9,16,2,4024.0,42,3,4024.1,66,3
11483,2026-07-02 13:26:24+05:30,4022.2,4,4037.33,1439483,159122.0,172137.0,4100.0,4110.0,4012.0,4092.6,25188800,4501.8,3683.4,4440.0,3288.1,4022.2,302,7,4022.1,52,2,4022.0,101,10,4021.9,13,1,4021.8,14,2,4023.9,6,1,4024.0,6,1,4024.1,39,2,4024.2,54,3,4024.3,31,2
11483,2026-07-02 13:26:24+05:30,4022.2,5,4037.33,1439483,159122.0,172137.0,4100.0,4110.0,4012.0,4092.6,25188800,4501.8,3683.4,4440.0,3288.1,4022.2,302,7,4022.1,52,2,4022.0,101,10,4021.9,13,1,4021.8,14,2,4023.9,6,1,4024.0,6,1,4024.1,39,2,4024.2,54,3,4024.3,31,2
11483,2026-07-02 13:26:25+05:30,4022.2,5,4037.33,1439488,158515.0,173155.0,4100.0,4110.0,4012.0,4092.6,25188800,4501.8,3683.4,4440.0,3288.1,4022.3,215,3,4022.2,24,2,4022.0,44,6,4021.8,2,1,4021.7,85,3,4022.5,11,1,4023.5,20,2,4023.7,30,1,4023.8,5,1,4023.9,40,5
11483,2026-07-02 13:26:25+05:30,4022.3,1,4037.33,1439488,158515.0,173155.0,4100.0,4110.0,4012.0,4092.6,25188800,4501.8,3683.4,4440.0,3288.1,4022.3,215,3,4022.2,24,2,4022.0,44,6,4021.8,2,1,4021.7,85,3,4022.5,11,1,4023.5,20,2,4023.7,30,1,4023.8,5,1,4023.9,40,5
11483,2026-07-02 13:26:26+05:30,4022.5,2,4037.33,1439498,158552.0,173149.0,4100.0,4110.0,4012.0,4092.6,25188800,4501.8,3683.4,4440.0,3288.1,4022.3,214,3,4022.2,24,2,4022.0,47,7,4021.8,2,1,4021.7,88,4,4022.5,2,1,4023.5,20,2,4023.7,30,1,4023.8,5,1,4023.9,40,5
11483,2026-07-02 13:26:26+05:30,4022.3,1,4037.33,1439498,158552.0,173149.0,4100.0,4110.0,4012.0,4092.6,25188800,4501.8,3683.4,4440.0,3288.1,4022.3,214,3,4022.2,24,2,4022.0,47,7,4021.8,2,1,4021.7,88,4,4022.5,2,1,4023.5,20,2,4023.7,30,1,4023.8,5,1,4023.9,40,5
11483,2026-07-02 13:26:27+05:30,4022.3,1,4037.33,1439499,158612.0,173174.0,4100.0,4110.0,4012.0,4092.6,25188800,4501.8,3683.4,4440.0,3288.1,4022.3,213,3,4022.2,24,2,4022.0,47,7,4021.8,5,2,4021.7,85,3,4022.5,3,2,4023.5,35,3,4023.7,30,1,4023.8,5,1,4023.9,38,4
11483,2026-07-02 13:26:28+05:30,4022.5,1,4037.33,1439503,159394.0,172408.0,4100.0,4110.0,4012.0,4092.6,25188800,4501.8,3683.4,4440.0,3288.1,4022.5,17,2,4022.3,192,1,4022.2,26,2,4022.0,60,9,4021.9,48,3,4023.5,52,5,4023.6,11,1,4023.8,14,1,4023.9,21,2,4024.0,57,3
11483,2026-07-02 13:26:28+05:30,4022.5,1,4037.33,1439503,159394.0,172408.0,4100.0,4110.0,4012.0,4092.6,25188800,4501.8,3683.4,4440.0,3288.1,4022.5,17,2,4022.3,192,1,4022.2,26,2,4022.0,60,9,4021.9,48,3,4023.5,52,5,4023.6,11,1,4023.8,14,1,4023.9,21,2,4024.0,57,3
11483,2026-07-02 13:26:29+05:30,4023.5,9,4037.33,1439528,159725.0,172782.0,4100.0,4110.0,4012.0,4092.6,25188800,4501.8,3683.4,4440.0,3288.1,4023.2,16,2,4023.0,193,2,4022.5,1,1,4022.3,1,1,4022.2,26,2,4023.5,25,6,4023.6,17,2,4023.7,5,1,4023.8,14,2,4023.9,28,3
11483,2026-07-02 13:26:29+05:30,4023.2,2,4037.33,1439528,159725.0,172782.0,4100.0,4110.0,4012.0,4092.6,25188800,4501.8,3683.4,4440.0,3288.1,4023.2,16,2,4023.0,193,2,4022.5,1,1,4022.3,1,1,4022.2,26,2,4023.5,25,6,4023.6,17,2,4023.7,5,1,4023.8,14,2,4023.9,28,3
11483,2026-07-02 13:26:30+05:30,4023.5,3,4037.33,1439536,159602.0,172621.0,4100.0,4110.0,4012.0,4092.6,25188800,4501.8,3683.4,4440.0,3288.1,4023.2,206,3,4023.0,1,1,4022.5,1,1,4022.3,6,3,4022.2,27,3,4023.5,9,3,4023.6,28,2,4023.9,22,2,4024.0,6,1,4024.1,24,1
11483,2026-07-02 13:26:30+05:30,4023.2,1,4037.33,1439536,159602.0,172621.0,4100.0,4110.0,4012.0,4092.6,25188800,4501.8,3683.4,4440.0,3288.1,4023.2,206,3,4023.0,1,1,4022.5,1,1,4022.3,6,3,4022.2,27,3,4023.5,9,3,4023.6,28,2,4023.9,22,2,4024.0,6,1,4024.1,24,1
11483,2026-07-02 13:26:31+05:30,4023.5,15,4037.33,1439561,159658.0,172345.0,4100.0,4110.0,4012.0,4092.6,25188800,4501.8,3683.4,4440.0,3288.1,4023.5,217,5,4023.2,1,1,4023.0,1,1,4022.6,40,2,4022.5,12,1,4023.6,13,1,4024.2,23,2,4024.3,31,2,4024.4,19,2,4024.5,21,2
11483,2026-07-02 13:26:31+05:30,4023.5,3,4037.33,1439561,159658.0,172345.0,4100.0,4110.0,4012.0,4092.6,25188800,4501.8,3683.4,4440.0,3288.1,4023.5,217,5,4023.2,1,1,4023.0,1,1,4022.6,40,2,4022.5,12,1,4023.6,13,1,4024.2,23,2,4024.3,31,2,4024.4,19,2,4024.5,21,2
11483,2026-07-02 13:26:32+05:30,4023.5,5,4037.33,1439561,159658.0,172345.0,4100.0,4110.0,4012.0,4092.6,25188800,4501.8,3683.4,4440.0,3288.1,4023.5,217,5,4023.2,1,1,4023.0,1,1,4022.6,40,2,4022.5,12,1,4023.6,13,1,4024.2,23,2,4024.3,31,2,4024.4,19,2,4024.5,21,2
11483,2026-07-02 13:26:32+05:30,4023.5,5,4037.33,1439569,159558.0,172287.0,4100.0,4110.0,4012.0,4092.6,25188800,4501.8,3683.4,4440.0,3288.1,4023.5,217,5,4023.2,1,1,4023.0,1,1,4022.6,2,1,4022.5,12,1,4024.0,78,4,4024.2,7,1,4024.3,20,1,4024.4,10,1,4024.5,31,3
11483,2026-07-02 13:26:33+05:30,4024.0,2,4037.33,1439569,159558.0,172287.0,4100.0,4110.0,4012.0,4092.6,25188800,4501.8,3683.4,4440.0,3288.1,4023.5,217,5,4023.2,1,1,4023.0,1,1,4022.6,2,1,4022.5,12,1,4024.0,78,4,4024.2,7,1,4024.3,20,1,4024.4,10,1,4024.5,31,3
11483,2026-07-02 13:26:33+05:30,4024.0,2,4037.33,1439622,159752.0,172288.0,4100.0,4110.0,4012.0,4092.6,25188800,4501.8,3683.4,4440.0,3288.1,4023.6,203,2,4023.5,9,2,4023.2,1,1,4022.9,31,1,4022.6,2,1,4024.0,16,3,4024.3,33,2,4024.4,10,1,4024.5,31,3,4024.6,2,1
11483,2026-07-02 13:26:34+05:30,4024.2,2,4037.33,1439622,159752.0,172288.0,4100.0,4110.0,4012.0,4092.6,25188800,4501.8,3683.4,4440.0,3288.1,4023.6,203,2,4023.5,9,2,4023.2,1,1,4022.9,31,1,4022.6,2,1,4024.0,16,3,4024.3,33,2,4024.4,10,1,4024.5,31,3,4024.6,2,1
11483,2026-07-02 13:26:35+05:30,4024.2,2,4037.33,1439772,159740.0,172072.0,4100.0,4110.0,4012.0,4092.6,25188800,4501.8,3683.4,4440.0,3288.1,4024.0,86,3,4022.8,12,1,4022.7,7,1,4022.6,102,3,4022.5,12,1,4024.1,3,1,4024.2,23,2,4024.3,38,3,4024.4,4,1,4024.5,15,1
11483,2026-07-02 13:26:35+05:30,4024.0,4,4037.33,1439772,159740.0,172072.0,4100.0,4110.0,4012.0,4092.6,25188800,4501.8,3683.4,4440.0,3288.1,4024.0,86,3,4022.8,12,1,4022.7,7,1,4022.6,102,3,4022.5,12,1,4024.1,3,1,4024.2,23,2,4024.3,38,3,4024.4,4,1,4024.5,15,1
11483,2026-07-02 13:26:36+05:30,4024.0,4,4037.33,1439870,158573.0,172759.0,4100.0,4110.0,4012.0,4092.6,25188800,4501.8,3683.4,4440.0,3288.1,4023.0,5,1,4022.3,1,1,4022.2,13,2,4022.0,85,6,4021.9,12,1,4023.5,9,1,4023.6,21,2,4023.7,15,3,4023.8,18,2,4023.9,42,4
11483,2026-07-02 13:26:36+05:30,4023.0,5,4037.33,1439870,158573.0,172759.0,4100.0,4110.0,4012.0,4092.6,25188800,4501.8,3683.4,4440.0,3288.1,4023.0,5,1,4022.3,1,1,4022.2,13,2,4022.0,85,6,4021.9,12,1,4023.5,9,1,4023.6,21,2,4023.7,15,3,4023.8,18,2,4023.9,42,4
11483,2026-07-02 13:26:37+05:30,4023.0,5,4037.33,1439875,157819.0,173450.0,4100.0,4110.0,4012.0,4092.6,25188800,4501.8,3683.4,4440.0,3288.1,4022.3,1,1,4022.2,1,1,4022.0,86,7,4021.9,32,1,4021.8,2,1,4023.0,2,1,4023.5,32,3,4023.6,6,1,4023.7,49,4,4023.8,55,4
11483,2026-07-02 13:26:37+05:30,4023.0,7,4037.33,1439875,157819.0,173450.0,4100.0,4110.0,4012.0,4092.6,25188800,4501.8,3683.4,4440.0,3288.1,4022.3,1,1,4022.2,1,1,4022.0,86,7,4021.9,32,1,4021.8,2,1,4023.0,2,1,4023.5,32,3,4023.6,6,1,4023.7,49,4,4023.8,55,4
11483,2026-07-02 13:26:38+05:30,4023.5,1,4037.33,1439892,158410.0,172765.0,4100.0,4110.0,4012.0,4092.6,25188800,4501.8,3683.4,4440.0,3288.1,4023.0,2,1,4022.3,7,2,4022.2,1,1,4022.0,86,7,4021.9,13,1,4023.5,26,3,4023.6,6,1,4023.7,15,3,4023.8,20,3,4023.9,42,4
11483,2026-07-02 13:26:38+05:30,4023.0,2,4037.33,1439892,158410.0,172765.0,4100.0,4110.0,4012.0,4092.6,25188800,4501.8,3683.4,4440.0,3288.1,4023.0,2,1,4022.3,7,2,4022.2,1,1,4022.0,86,7,4021.9,13,1,4023.5,26,3,4023.6,6,1,4023.7,15,3,4023.8,20,3,4023.9,42,4
11483,2026-07-02 13:26:39+05:30,4023.5,1,4037.33,1439895,158528.0,172757.0,4100.0,4110.0,4012.0,4092.6,25188800,4501.8,3683.4,4440.0,3288.1,4023.2,1,1,4023.0,2,1,4022.3,7,2,4022.2,13,2,4022.0,86,7,4023.5,25,3,4023.6,6,1,4023.7,15,3,4023.8,18,2,4023.9,37,3
11483,2026-07-02 13:26:39+05:30,4023.2,1,4037.33,1439895,158528.0,172757.0,4100.0,4110.0,4012.0,4092.6,25188800,4501.8,3683.4,4440.0,3288.1,4023.2,1,1,4023.0,2,1,4022.3,7,2,4022.2,13,2,4022.0,86,7,4023.5,25,3,4023.6,6,1,4023.7,15,3,4023.8,18,2,4023.9,37,3
11483,2026-07-02 13:26:40+05:30,4023.2,1,4037.33,1439896,158528.0,172758.0,4100.0,4110.0,4012.0,4092.6,25188800,4501.8,3683.4,4440.0,3288.1,4023.2,1,1,4023.0,2,1,4022.3,7,2,4022.2,13,2,4022.0,86,7,4023.5,25,3,4023.6,6,1,4023.7,15,3,4023.8,18,2,4023.9,37,3
11483,2026-07-02 13:26:41+05:30,4023.2,1,4037.33,1439896,158617.0,172756.0,4100.0,4110.0,4012.0,4092.6,25188800,4501.8,3683.4,4440.0,3288.1,4023.2,1,1,4023.0,5,2,4022.3,7,2,4022.2,13,2,4022.0,97,7,4023.5,20,2,4023.6,6,1,4023.7,8,2,4023.8,18,2,4023.9,37,3
11483,2026-07-02 13:26:41+05:30,4023.5,2,4037.33,1439896,158617.0,172756.0,4100.0,4110.0,4012.0,4092.6,25188800,4501.8,3683.4,4440.0,3288.1,4023.2,1,1,4023.0,5,2,4022.3,7,2,4022.2,13,2,4022.0,97,7,4023.5,20,2,4023.6,6,1,4023.7,8,2,4023.8,18,2,4023.9,37,3
11483,2026-07-02 13:26:42+05:30,4023.5,2,4037.33,1439898,158641.0,172747.0,4100.0,4110.0,4012.0,4092.6,25188800,4501.8,3683.4,4440.0,3288.1,4023.2,1,1,4023.0,5,2,4022.3,7,2,4022.2,13,2,4022.0,97,7,4023.5,18,2,4023.6,6,1,4023.7,8,2,4023.8,18,2,4023.9,37,3
11483,2026-07-02 13:26:43+05:30,4023.5,2,4037.33,1439898,158642.0,172698.0,4100.0,4110.0,4012.0,4092.6,25188800,4501.8,3683.4,4440.0,3288.1,4023.3,2,1,4023.2,1,1,4023.0,3,1,4022.3,7,2,4022.2,13,2,4023.5,2,1,4023.6,30,2,4023.7,1,1,4023.8,18,2,4023.9,24,2
11483,2026-07-02 13:26:43+05:30,4023.6,3,4037.33,1439898,158642.0,172698.0,4100.0,4110.0,4012.0,4092.6,25188800,4501.8,3683.4,4440.0,3288.1,4023.3,2,1,4023.2,1,1,4023.0,3,1,4022.3,7,2,4022.2,13,2,4023.5,2,1,4023.6,30,2,4023.7,1,1,4023.8,18,2,4023.9,24,2
11483,2026-07-02 13:26:44+05:30,4023.6,1,4037.33,1439904,158679.0,172682.0,4100.0,4110.0,4012.0,4092.6,25188800,4501.8,3683.4,4440.0,3288.1,4023.3,2,1,4023.0,3,1,4022.3,7,2,4022.2,13,2,4022.0,150,9,4023.6,26,2,4023.7,1,1,4023.8,18,2,4023.9,24,2,4024.0,26,3
11483,2026-07-02 13:26:44+05:30,4024.3,8,4037.33,1439904,158679.0,172682.0,4100.0,4110.0,4012.0,4092.6,25188800,4501.8,3683.4,4440.0,3288.1,4023.3,2,1,4023.0,3,1,4022.3,7,2,4022.2,13,2,4022.0,150,9,4023.6,26,2,4023.7,1,1,4023.8,18,2,4023.9,24,2,4024.0,26,3
11483,2026-07-02 13:26:45+05:30,4024.3,8,4037.32,1440050,158758.0,172373.0,4100.0,4110.0,4012.0,4092.6,25188800,4501.8,3683.4,4440.0,3288.1,4023.3,1,1,4023.0,3,1,4022.5,12,1,4022.3,7,2,4022.2,13,2,4024.0,12,1,4024.1,24,3,4024.3,68,4,4024.4,57,4,4024.5,26,2
11483,2026-07-02 13:26:45+05:30,4023.3,3,4037.32,1440050,158758.0,172373.0,4100.0,4110.0,4012.0,4092.6,25188800,4501.8,3683.4,4440.0,3288.1,4023.3,1,1,4023.0,3,1,4022.5,12,1,4022.3,7,2,4022.2,13,2,4024.0,12,1,4024.1,24,3,4024.3,68,4,4024.4,57,4,4024.5,26,2
11483,2026-07-02 13:26:46+05:30,4023.3,7,4037.32,1440067,158746.0,172579.0,4100.0,4110.0,4012.0,4092.6,25188800,4501.8,3683.4,4440.0,3288.1,4023.0,3,1,4022.3,1,1,4022.2,13,2,4022.1,2,1,4022.0,155,10,4023.9,22,3,4024.1,17,3,4024.2,69,3,4024.3,73,5,4024.4,81,6
11483,2026-07-02 13:26:46+05:30,4023.9,2,4037.32,1440067,158746.0,172579.0,4100.0,4110.0,4012.0,4092.6,25188800,4501.8,3683.4,4440.0,3288.1,4023.0,3,1,4022.3,1,1,4022.2,13,2,4022.1,2,1,4022.0,155,10,4023.9,22,3,4024.1,17,3,4024.2,69,3,4024.3,73,5,4024.4,81,6
11483,2026-07-02 13:26:47+05:30,4023.9,1,4037.32,1440072,158775.0,172333.0,4100.0,4110.0,4012.0,4092.6,25188800,4501.8,3683.4,4440.0,3288.1,4023.0,1,1,4022.5,12,1,4022.4,3,1,4022.3,40,2,4022.2,19,3,4024.0,12,1,4024.1,66,7,4024.2,21,2,4024.3,42,3,4024.4,8,2
11483,2026-07-02 13:26:47+05:30,4023.0,1,4037.32,1440072,158775.0,172333.0,4100.0,4110.0,4012.0,4092.6,25188800,4501.8,3683.4,4440.0,3288.1,4023.0,1,1,4022.5,12,1,4022.4,3,1,4022.3,40,2,4022.2,19,3,4024.0,12,1,4024.1,66,7,4024.2,21,2,4024.3,42,3,4024.4,8,2
11483,2026-07-02 13:26:48+05:30,4023.5,1,4037.32,1440099,158895.0,172177.0,4100.0,4110.0,4012.0,4092.6,25188800,4501.8,3683.4,4440.0,3288.1,4023.5,49,1,4023.0,4,1,4022.5,13,1,4022.4,3,1,4022.3,1,1,4023.9,12,1,4024.0,37,5,4024.1,35,4,4024.2,12,1,4024.3,42,3
11483,2026-07-02 13:26:48+05:30,4023.5,1,4037.32,1440099,158895.0,172177.0,4100.0,4110.0,4012.0,4092.6,25188800,4501.8,3683.4,4440.0,3288.1,4023.5,49,1,4023.0,4,1,4022.5,13,1,4022.4,3,1,4022.3,1,1,4023.9,12,1,4024.0,37,5,4024.1,35,4,4024.2,12,1,4024.3,42,3
11483,2026-07-02 13:26:49+05:30,4023.5,1,4037.32,1440123,158899.0,172235.0,4100.0,4110.0,4012.0,4092.6,25188800,4501.8,3683.4,4440.0,3288.1,4023.7,1,1,4023.5,45,1,4023.3,1,1,4023.0,4,1,4022.5,13,1,4023.8,12,1,4023.9,11,3,4024.0,25,3,4024.1,35,4,4024.2,15,1
11483,2026-07-02 13:26:49+05:30,4023.0,4,4037.32,1440123,158899.0,172235.0,4100.0,4110.0,4012.0,4092.6,25188800,4501.8,3683.4,4440.0,3288.1,4023.7,1,1,4023.5,45,1,4023.3,1,1,4023.0,4,1,4022.5,13,1,4023.8,12,1,4023.9,11,3,4024.0,25,3,4024.1,35,4,4024.2,15,1
11483,2026-07-02 13:26:50+05:30,4023.0,4,4037.32,1440174,157926.0,173118.0,4100.0,4110.0,4012.0,4092.6,25188800,4501.8,3683.4,4440.0,3288.1,4022.3,1,1,4022.2,1,1,4022.1,2,1,4022.0,139,8,4021.9,38,1,4023.0,75,1,4023.7,17,5,4023.8,24,1,4023.9,3,1,4024.0,13,2
11483,2026-07-02 13:26:50+05:30,4022.3,1,4037.32,1440174,157926.0,173118.0,4100.0,4110.0,4012.0,4092.6,25188800,4501.8,3683.4,4440.0,3288.1,4022.3,1,1,4022.2,1,1,4022.1,2,1,4022.0,139,8,4021.9,38,1,4023.0,75,1,4023.7,17,5,4023.8,24,1,4023.9,3,1,4024.0,13,2
11483,2026-07-02 13:26:51+05:30,4021.5,76,4037.32,1440477,156885.0,173896.0,4100.0,4110.0,4012.0,4092.6,25188800,4501.8,3683.4,4440.0,3288.1,4021.5,115,4,4021.4,1,1,4021.2,529,6,4021.1,58,2,4021.0,705,38,4022.3,6,3,4022.5,10,1,4022.6,8,1,4022.9,4,1,4023.0,109,3
11483,2026-07-02 13:26:51+05:30,4021.5,1,4037.32,1440477,156885.0,173896.0,4100.0,4110.0,4012.0,4092.6,25188800,4501.8,3683.4,4440.0,3288.1,4021.5,115,4,4021.4,1,1,4021.2,529,6,4021.1,58,2,4021.0,705,38,4022.3,6,3,4022.5,10,1,4022.6,8,1,4022.9,4,1,4023.0,109,3
11483,2026-07-02 13:26:52+05:30,4021.5,1,4037.32,1440533,156893.0,174184.0,4100.0,4110.0,4012.0,4092.6,25188800,4501.8,3683.4,4440.0,3288.1,4021.5,77,4,4021.4,9,2,4021.3,2,1,4021.2,529,6,4021.1,58,2,4022.3,2,1,4022.9,24,3,4023.0,119,4,4023.1,8,1,4023.2,28,2
11483,2026-07-02 13:26:52+05:30,4021.5,15,4037.32,1440533,156893.0,174184.0,4100.0,4110.0,4012.0,4092.6,25188800,4501.8,3683.4,4440.0,3288.1,4021.5,77,4,4021.4,9,2,4021.3,2,1,4021.2,529,6,4021.1,58,2,4022.3,2,1,4022.9,24,3,4023.0,119,4,4023.1,8,1,4023.2,28,2
11483,2026-07-02 13:26:53+05:30,4021.5,15,4037.32,1440557,156852.0,174194.0,4100.0,4110.0,4012.0,4092.6,25188800,4501.8,3683.4,4440.0,3288.1,4021.5,53,4,4021.4,9,2,4021.3,2,1,4021.2,529,6,4021.1,58,2,4022.3,2,1,4022.9,24,3,4023.0,119,4,4023.1,8,1,4023.2,28,2
11483,2026-07-02 13:26:53+05:30,4021.5,1,4037.32,1440557,156852.0,174194.0,4100.0,4110.0,4012.0,4092.6,25188800,4501.8,3683.4,4440.0,3288.1,4021.5,53,4,4021.4,9,2,4021.3,2,1,4021.2,529,6,4021.1,58,2,4022.3,2,1,4022.9,24,3,4023.0,119,4,4023.1,8,1,4023.2,28,2
11483,2026-07-02 13:26:54+05:30,4022.3,2,4037.32,1440565,156958.0,173990.0,4100.0,4110.0,4012.0,4092.6,25188800,4501.8,3683.4,4440.0,3288.1,4021.5,47,4,4021.4,9,2,4021.2,556,7,4021.1,58,2,4021.0,705,38,4022.8,12,1,4022.9,52,6,4023.0,119,4,4023.1,8,1,4023.2,23,1
11483,2026-07-02 13:26:54+05:30,4021.5,1,4037.32,1440565,156958.0,173990.0,4100.0,4110.0,4012.0,4092.6,25188800,4501.8,3683.4,4440.0,3288.1,4021.5,47,4,4021.4,9,2,4021.2,556,7,4021.1,58,2,4021.0,705,38,4022.8,12,1,4022.9,52,6,4023.0,119,4,4023.1,8,1,4023.2,23,1
11483,2026-07-02 13:26:55+05:30,4021.5,1,4037.32,1440569,157039.0,173989.0,4100.0,4110.0,4012.0,4092.6,25188800,4501.8,3683.4,4440.0,3288.1,4021.6,8,1,4021.5,43,4,4021.4,9,2,4021.2,556,7,4021.1,58,2,4022.8,12,1,4022.9,52,6,4023.0,119,4,4023.1,8,1,4023.2,23,1
11483,2026-07-02 13:26:55+05:30,4021.6,1,4037.32,1440569,157039.0,173989.0,4100.0,4110.0,4012.0,4092.6,25188800,4501.8,3683.4,4440.0,3288.1,4021.6,8,1,4021.5,43,4,4021.4,9,2,4021.2,556,7,4021.1,58,2,4022.8,12,1,4022.9,52,6,4023.0,119,4,4023.1,8,1,4023.2,23,1
11483,2026-07-02 13:26:56+05:30,4021.6,1,4037.32,1440574,157066.0,174039.0,4100.0,4110.0,4012.0,4092.6,25188800,4501.8,3683.4,4440.0,3288.1,4021.6,4,1,4021.5,43,4,4021.4,1,1,4021.2,529,6,4021.1,58,2,4022.8,11,1,4022.9,52,6,4023.0,119,4,4023.1,8,1,4023.3,67,4
11483,2026-07-02 13:26:56+05:30,4021.6,1,4037.32,1440574,157066.0,174039.0,4100.0,4110.0,4012.0,4092.6,25188800,4501.8,3683.4,4440.0,3288.1,4021.6,4,1,4021.5,43,4,4021.4,1,1,4021.2,529,6,4021.1,58,2,4022.8,11,1,4022.9,52,6,4023.0,119,4,4023.1,8,1,4023.3,67,4
11483,2026-07-02 13:26:57+05:30,4021.6,1,4037.32,1440577,156596.0,174086.0,4100.0,4110.0,4012.0,4092.6,25188800,4501.8,3683.4,4440.0,3288.1,4021.6,1,1,4021.5,43,4,4021.4,1,1,4021.2,529,6,4021.0,705,38,4022.8,70,5,4022.9,32,4,4023.0,157,5,4023.1,8,1,4023.2,30,3
11483,2026-07-02 13:26:57+05:30,4021.6,1,4037.32,1440577,156596.0,174086.0,4100.0,4110.0,4012.0,4092.6,25188800,4501.8,3683.4,4440.0,3288.1,4021.6,1,1,4021.5,43,4,4021.4,1,1,4021.2,529,6,4021.0,705,38,4022.8,70,5,4022.9,32,4,4023.0,157,5,4023.1,8,1,4023.2,30,3
11483,2026-07-02 13:26:58+05:30,4022.5,24,4037.32,1440650,156558.0,174316.0,4100.0,4110.0,4012.0,4092.6,25188800,4501.8,3683.4,4440.0,3288.1,4021.5,43,4,4021.4,1,1,4021.2,529,6,4021.0,705,38,4020.9,12,3,4022.5,63,5,4022.6,23,3,4022.7,32,3,4022.8,7,1,4022.9,48,4
11483,2026-07-02 13:26:58+05:30,4021.5,2,4037.32,1440650,156558.0,174316.0,4100.0,4110.0,4012.0,4092.6,25188800,4501.8,3683.4,4440.0,3288.1,4021.5,43,4,4021.4,1,1,4021.2,529,6,4021.0,705,38,4020.9,12,3,4022.5,63,5,4022.6,23,3,4022.7,32,3,4022.8,7,1,4022.9,48,4
11483,2026-07-02 13:26:59+05:30,4021.5,2,4037.32,1440670,156424.0,174330.0,4100.0,4110.0,4012.0,4092.6,25188800,4501.8,3683.4,4440.0,3288.1,4022.0,1,1,4021.5,30,4,4021.4,1,1,4021.3,13,1,4021.2,529,6,4022.4,62,6,4022.5,12,2,4022.6,19,2,4022.7,30,3,4022.8,38,3
11483,2026-07-02 13:26:59+05:30,4021.5,1,4037.32,1440670,156424.0,174330.0,4100.0,4110.0,4012.0,4092.6,25188800,4501.8,3683.4,4440.0,3288.1,4022.0,1,1,4021.5,30,4,4021.4,1,1,4021.3,13,1,4021.2,529,6,4022.4,62,6,4022.5,12,2,4022.6,19,2,4022.7,30,3,4022.8,38,3
11483,2026-07-02 13:27:00+05:30,4021.5,1,4037.32,1440672,156380.0,174509.0,4100.0,4110.0,4012.0,4092.6,25188800,4501.8,3683.4,4440.0,3288.1,4021.5,29,4,4021.4,1,1,4021.2,529,6,4021.0,743,39,4020.9,12,3,4022.0,11,5,4022.4,42,4,4022.5,7,1,4022.6,7,1,4022.7,30,3
11483,2026-07-02 13:27:00+05:30,4022.0,10,4037.32,1440672,156380.0,174509.0,4100.0,4110.0,4012.0,4092.6,25188800,4501.8,3683.4,4440.0,3288.1,4021.5,29,4,4021.4,1,1,4021.2,529,6,4021.0,743,39,4020.9,12,3,4022.0,11,5,4022.4,42,4,4022.5,7,1,4022.6,7,1,4022.7,30,3
11483,2026-07-02 13:27:01+05:30,4021.5,2,4037.32,1440696,156231.0,174729.0,4100.0,4110.0,4012.0,4092.6,25188800,4501.8,3683.4,4440.0,3288.1,4021.5,27,4,4021.4,1,1,4021.2,528,5,4021.0,705,38,4020.9,12,3,4022.3,55,5,4022.4,43,4,4022.5,7,1,4022.6,7,1,4022.7,31,4
11483,2026-07-02 13:27:01+05:30,4021.5,1,4037.32,1440696,156231.0,174729.0,4100.0,4110.0,4012.0,4092.6,25188800,4501.8,3683.4,4440.0,3288.1,4021.5,27,4,4021.4,1,1,4021.2,528,5,4021.0,705,38,4020.9,12,3,4022.3,55,5,4022.4,43,4,4022.5,7,1,4022.6,7,1,4022.7,31,4
11483,2026-07-02 13:27:02+05:30,4021.5,1,4037.32,1440711,155624.0,174637.0,4100.0,4110.0,4012.0,4092.6,25188800,4501.8,3683.4,4440.0,3288.1,4021.5,22,4,4021.4,1,1,4021.2,528,5,4021.0,705,38,4020.9,12,3,4022.3,47,6,4022.4,43,4,4022.5,12,2,4022.6,7,1,4022.7,73,6
11483,2026-07-02 13:27:02+05:30,4021.5,1,4037.32,1440711,155624.0,174637.0,4100.0,4110.0,4012.0,4092.6,25188800,4501.8,3683.4,4440.0,3288.1,4021.5,22,4,4021.4,1,1,4021.2,528,5,4021.0,705,38,4020.9,12,3,4022.3,47,6,4022.4,43,4,4022.5,12,2,4022.6,7,1,4022.7,73,6
11483,2026-07-02 13:27:03+05:30,4022.3,1,4037.32,1440717,156021.0,174643.0,4100.0,4110.0,4012.0,4092.6,25188800,4501.8,3683.4,4440.0,3288.1,4021.5,17,4,4021.4,1,1,4021.2,528,5,4021.0,705,38,4020.9,12,3,4022.3,46,6,4022.4,43,4,4022.5,25,3,4022.6,7,1,4022.7,61,5
11483,2026-07-02 13:27:03+05:30,4021.5,1,4037.32,1440717,156021.0,174643.0,4100.0,4110.0,4012.0,4092.6,25188800,4501.8,3683.4,4440.0,3288.1,4021.5,17,4,4021.4,1,1,4021.2,528,5,4021.0,705,38,4020.9,12,3,4022.3,46,6,4022.4,43,4,4022.5,25,3,4022.6,7,1,4022.7,61,5
11483,2026-07-02 13:27:04+05:30,4022.0,2,4037.32,1440723,155795.0,174473.0,4100.0,4110.0,4012.0,4092.6,25188800,4501.8,3683.4,4440.0,3288.1,4022.0,18,1,4021.5,13,2,4021.4,1,1,4021.2,528,5,4021.0,705,38,4022.3,46,6,4022.4,43,4,4022.5,25,3,4022.6,7,1,4022.7,61,5
11483,2026-07-02 13:27:04+05:30,4022.0,1,4037.32,1440723,155795.0,174473.0,4100.0,4110.0,4012.0,4092.6,25188800,4501.8,3683.4,4440.0,3288.1,4022.0,18,1,4021.5,13,2,4021.4,1,1,4021.2,528,5,4021.0,705,38,4022.3,46,6,4022.4,43,4,4022.5,25,3,4022.6,7,1,4022.7,61,5
11483,2026-07-02 13:27:05+05:30,4022.0,1,4037.32,1440730,155926.0,174466.0,4100.0,4110.0,4012.0,4092.6,25188800,4501.8,3683.4,4440.0,3288.1,4022.0,13,1,4021.5,3,1,4021.4,1,1,4021.2,528,5,4021.0,730,39,4022.3,43,5,4022.4,31,3,4022.5,25,3,4022.6,7,1,4022.7,31,4
11483,2026-07-02 13:27:05+05:30,4022.0,1,4037.32,1440730,155926.0,174466.0,4100.0,4110.0,4012.0,4092.6,25188800,4501.8,3683.4,4440.0,3288.1,4022.0,13,1,4021.5,3,1,4021.4,1,1,4021.2,528,5,4021.0,730,39,4022.3,43,5,4022.4,31,3,4022.5,25,3,4022.6,7,1,4022.7,31,4
11483,2026-07-02 13:27:06+05:30,4022.3,8,4037.32,1440741,155937.0,174439.0,4100.0,4110.0,4012.0,4092.6,25188800,4501.8,3683.4,4440.0,3288.1,4022.0,10,1,4021.5,3,1,4021.4,1,1,4021.2,528,5,4021.0,730,39,4022.3,16,3,4022.4,31,3,4022.5,25,3,4022.6,7,1,4022.7,31,4
11483,2026-07-02 13:27:06+05:30,4022.0,1,4037.32,1440741,155937.0,174439.0,4100.0,4110.0,4012.0,4092.6,25188800,4501.8,3683.4,4440.0,3288.1,4022.0,10,1,4021.5,3,1,4021.4,1,1,4021.2,528,5,4021.0,730,39,4022.3,16,3,4022.4,31,3,4022.5,25,3,4022.6,7,1,4022.7,31,4
11483,2026-07-02 13:27:07+05:30,4022.0,1,4037.32,1440744,156281.0,174439.0,4100.0,4110.0,4012.0,4092.6,25188800,4501.8,3683.4,4440.0,3288.1,4022.0,7,1,4021.5,3,1,4021.4,1,1,4021.2,528,5,4021.0,730,39,4022.3,16,3,4022.4,15,1,4022.5,18,2,4022.7,23,3,4022.8,7,1
11483,2026-07-02 13:27:07+05:30,4022.5,86,4037.32,1440744,156281.0,174439.0,4100.0,4110.0,4012.0,4092.6,25188800,4501.8,3683.4,4440.0,3288.1,4022.0,7,1,4021.5,3,1,4021.4,1,1,4021.2,528,5,4021.0,730,39,4022.3,16,3,4022.4,15,1,4022.5,18,2,4022.7,23,3,4022.8,7,1
11483,2026-07-02 13:27:08+05:30,4022.5,86,4037.32,1440876,156538.0,174152.0,4100.0,4110.0,4012.0,4092.6,25188800,4501.8,3683.4,4440.0,3288.1,4022.3,10,1,4022.0,3,1,4021.5,3,1,4021.4,1,1,4021.3,13,1,4022.5,13,1,4022.7,23,3,4022.8,7,1,4022.9,11,2,4023.0,115,5
11483,2026-07-02 13:27:08+05:30,4022.3,10,4037.32,1440876,156538.0,174152.0,4100.0,4110.0,4012.0,4092.6,25188800,4501.8,3683.4,4440.0,3288.1,4022.3,10,1,4022.0,3,1,4021.5,3,1,4021.4,1,1,4021.3,13,1,4022.5,13,1,4022.7,23,3,4022.8,7,1,4022.9,11,2,4023.0,115,5
11483,2026-07-02 13:27:09+05:30,4022.3,2,4037.31,1440889,156523.0,174171.0,4100.0,4110.0,4012.0,4092.6,25188800,4501.8,3683.4,4440.0,3288.1,4022.1,1,1,4022.0,2,1,4021.5,3,1,4021.4,1,1,4021.3,13,1,4022.3,2,1,4022.5,13,1,4022.7,23,3,4022.8,7,1,4022.9,11,2
11483,2026-07-02 13:27:09+05:30,4022.5,20,4037.31,1440889,156523.0,174171.0,4100.0,4110.0,4012.0,4092.6,25188800,4501.8,3683.4,4440.0,3288.1,4022.1,1,1,4022.0,2,1,4021.5,3,1,4021.4,1,1,4021.3,13,1,4022.3,2,1,4022.5,13,1,4022.7,23,3,4022.8,7,1,4022.9,11,2
11483,2026-07-02 13:27:10+05:30,4022.5,20,4037.31,1440916,156414.0,174169.0,4100.0,4110.0,4012.0,4092.6,25188800,4501.8,3683.4,4440.0,3288.1,4022.0,1,1,4021.5,3,1,4021.4,1,1,4021.3,13,1,4021.2,528,5,4022.5,13,1,4022.7,23,3,4022.8,7,1,4022.9,11,2,4023.0,105,4
11483,2026-07-02 13:27:10+05:30,4021.4,1,4037.31,1440916,156414.0,174169.0,4100.0,4110.0,4012.0,4092.6,25188800,4501.8,3683.4,4440.0,3288.1,4022.0,1,1,4021.5,3,1,4021.4,1,1,4021.3,13,1,4021.2,528,5,4022.5,13,1,4022.7,23,3,4022.8,7,1,4022.9,11,2,4023.0,105,4
11483,2026-07-02 13:27:11+05:30,4021.5,8,4037.31,1440929,156265.0,175196.0,4100.0,4110.0,4012.0,4092.6,25188800,4501.8,3683.4,4440.0,3288.1,4021.5,2,1,4021.2,528,5,4021.0,693,37,4020.9,60,5,4020.7,21,6,4022.0,1,1,4022.5,15,2,4022.6,15,2,4022.7,7,1,4022.8,23,3
11483,2026-07-02 13:27:11+05:30,4021.5,8,4037.31,1440929,156265.0,175196.0,4100.0,4110.0,4012.0,4092.6,25188800,4501.8,3683.4,4440.0,3288.1,4021.5,2,1,4021.2,528,5,4021.0,693,37,4020.9,60,5,4020.7,21,6,4022.0,1,1,4022.5,15,2,4022.6,15,2,4022.7,7,1,4022.8,23,3
11483,2026-07-02 13:27:11+05:30,4021.2,1,4037.31,1440929,156265.0,175196.0,4100.0,4110.0,4012.0,4092.6,25188800,4501.8,3683.4,4440.0,3288.1,4021.5,2,1,4021.2,528,5,4021.0,693,37,4020.9,60,5,4020.7,21,6,4022.0,1,1,4022.5,15,2,4022.6,15,2,4022.7,7,1,4022.8,23,3
11483,2026-07-02 13:27:12+05:30,4021.2,1,4037.31,1440929,156265.0,175196.0,4100.0,4110.0,4012.0,4092.6,25188800,4501.8,3683.4,4440.0,3288.1,4021.5,2,1,4021.2,528,5,4021.0,693,37,4020.9,60,5,4020.7,21,6,4022.0,1,1,4022.5,15,2,4022.6,15,2,4022.7,7,1,4022.8,23,3
11483,2026-07-02 13:27:12+05:30,4021.2,1,4037.31,1440932,156300.0,175231.0,4100.0,4110.0,4012.0,4092.6,25188800,4501.8,3683.4,4440.0,3288.1,4021.2,527,5,4021.0,693,37,4020.9,60,5,4020.7,18,5,4020.6,81,4,4022.0,11,4,4022.1,9,1,4022.2,21,2,4022.5,28,3,4022.6,1,1
11483,2026-07-02 13:27:12+05:30,4021.2,1,4037.31,1440932,156300.0,175231.0,4100.0,4110.0,4012.0,4092.6,25188800,4501.8,3683.4,4440.0,3288.1,4021.2,527,5,4021.0,693,37,4020.9,60,5,4020.7,18,5,4020.6,81,4,4022.0,11,4,4022.1,9,1,4022.2,21,2,4022.5,28,3,4022.6,1,1
11483,2026-07-02 13:27:12+05:30,4021.2,1,4037.31,1440932,156300.0,175231.0,4100.0,4110.0,4012.0,4092.6,25188800,4501.8,3683.4,4440.0,3288.1,4021.2,527,5,4021.0,693,37,4020.9,60,5,4020.7,18,5,4020.6,81,4,4022.0,11,4,4022.1,9,1,4022.2,21,2,4022.5,28,3,4022.6,1,1
11483,2026-07-02 13:27:12+05:30,4021.2,1,4037.31,1440932,156300.0,175231.0,4100.0,4110.0,4012.0,4092.6,25188800,4501.8,3683.4,4440.0,3288.1,4021.2,527,5,4021.0,693,37,4020.9,60,5,4020.7,18,5,4020.6,81,4,4022.0,11,4,4022.1,9,1,4022.2,21,2,4022.5,28,3,4022.6,1,1
11483,2026-07-02 13:27:13+05:30,4021.2,1,4037.31,1440933,156293.0,175210.0,4100.0,4110.0,4012.0,4092.6,25188800,4501.8,3683.4,4440.0,3288.1,4021.2,526,5,4021.0,693,37,4020.9,60,5,4020.7,16,4,4020.6,81,4,4022.0,15,5,4022.1,9,1,4022.2,7,1,4022.4,14,1,4022.5,28,3
11483,2026-07-02 13:27:13+05:30,4021.2,1,4037.31,1440933,156293.0,175210.0,4100.0,4110.0,4012.0,4092.6,25188800,4501.8,3683.4,4440.0,3288.1,4021.2,526,5,4021.0,693,37,4020.9,60,5,4020.7,16,4,4020.6,81,4,4022.0,15,5,4022.1,9,1,4022.2,7,1,4022.4,14,1,4022.5,28,3
11483,2026-07-02 13:27:13+05:30,4021.2,1,4037.31,1440933,156293.0,175210.0,4100.0,4110.0,4012.0,4092.6,25188800,4501.8,3683.4,4440.0,3288.1,4021.2,526,5,4021.0,693,37,4020.9,60,5,4020.7,16,4,4020.6,81,4,4022.0,15,5,4022.1,9,1,4022.2,7,1,4022.4,14,1,4022.5,28,3
11483,2026-07-02 13:27:14+05:30,4021.2,1,4037.31,1440933,156293.0,175210.0,4100.0,4110.0,4012.0,4092.6,25188800,4501.8,3683.4,4440.0,3288.1,4021.2,526,5,4021.0,693,37,4020.9,60,5,4020.7,16,4,4020.6,81,4,4022.0,15,5,4022.1,9,1,4022.2,7,1,4022.4,14,1,4022.5,28,3
11483,2026-07-02 13:27:14+05:30,4021.2,1,4037.31,1440934,155915.0,174675.0,4100.0,4110.0,4012.0,4092.6,25188800,4501.8,3683.4,4440.0,3288.1,4021.2,525,5,4021.0,693,37,4020.9,22,4,4020.7,16,4,4020.6,43,3,4022.0,43,9,4022.1,9,1,4022.2,7,1,4022.3,21,3,4022.4,14,1
11483,2026-07-02 13:27:14+05:30,4021.2,1,4037.31,1440934,155915.0,174675.0,4100.0,4110.0,4012.0,4092.6,25188800,4501.8,3683.4,4440.0,3288.1,4021.2,525,5,4021.0,693,37,4020.9,22,4,4020.7,16,4,4020.6,43,3,4022.0,43,9,4022.1,9,1,4022.2,7,1,4022.3,21,3,4022.4,14,1
11483,2026-07-02 13:27:14+05:30,4021.2,1,4037.31,1440934,155915.0,174675.0,4100.0,4110.0,4012.0,4092.6,25188800,4501.8,3683.4,4440.0,3288.1,4021.2,525,5,4021.0,693,37,4020.9,22,4,4020.7,16,4,4020.6,43,3,4022.0,43,9,4022.1,9,1,4022.2,7,1,4022.3,21,3,4022.4,14,1
11483,2026-07-02 13:27:14+05:30,4021.2,1,4037.31,1440934,155915.0,174675.0,4100.0,4110.0,4012.0,4092.6,25188800,4501.8,3683.4,4440.0,3288.1,4021.2,525,5,4021.0,693,37,4020.9,22,4,4020.7,16,4,4020.6,43,3,4022.0,43,9,4022.1,9,1,4022.2,7,1,4022.3,21,3,4022.4,14,1
11483,2026-07-02 13:27:15+05:30,4021.2,1,4037.31,1440934,155915.0,174675.0,4100.0,4110.0,4012.0,4092.6,25188800,4501.8,3683.4,4440.0,3288.1,4021.2,525,5,4021.0,693,37,4020.9,22,4,4020.7,16,4,4020.6,43,3,4022.0,43,9,4022.1,9,1,4022.2,7,1,4022.3,21,3,4022.4,14,1
11483,2026-07-02 13:27:15+05:30,4021.2,1,4037.31,1440936,155865.0,174638.0,4100.0,4110.0,4012.0,4092.6,25188800,4501.8,3683.4,4440.0,3288.1,4021.2,523,5,4021.0,693,37,4020.9,22,4,4020.7,16,4,4020.6,81,4,4021.9,12,1,4022.0,42,8,4022.1,10,2,4022.2,12,2,4022.3,7,1
11483,2026-07-02 13:27:15+05:30,4021.2,1,4037.31,1440936,155865.0,174638.0,4100.0,4110.0,4012.0,4092.6,25188800,4501.8,3683.4,4440.0,3288.1,4021.2,523,5,4021.0,693,37,4020.9,22,4,4020.7,16,4,4020.6,81,4,4021.9,12,1,4022.0,42,8,4022.1,10,2,4022.2,12,2,4022.3,7,1
11483,2026-07-02 13:27:15+05:30,4021.2,1,4037.31,1440936,155865.0,174638.0,4100.0,4110.0,4012.0,4092.6,25202800,4501.8,3683.4,4440.0,3288.1,4021.2,523,5,4021.0,693,37,4020.9,22,4,4020.7,16,4,4020.6,81,4,4021.9,12,1,4022.0,42,8,4022.1,10,2,4022.2,12,2,4022.3,7,1
11483,2026-07-02 13:27:15+05:30,4021.2,1,4037.31,1440936,155865.0,174638.0,4100.0,4110.0,4012.0,4092.6,25202800,4501.8,3683.4,4440.0,3288.1,4021.2,523,5,4021.0,693,37,4020.9,22,4,4020.7,16,4,4020.6,81,4,4021.9,12,1,4022.0,42,8,4022.1,10,2,4022.2,12,2,4022.3,7,1
11483,2026-07-02 13:27:16+05:30,4021.2,1,4037.31,1440936,155865.0,174638.0,4100.0,4110.0,4012.0,4092.6,25202800,4501.8,3683.4,4440.0,3288.1,4021.2,523,5,4021.0,693,37,4020.9,22,4,4020.7,16,4,4020.6,81,4,4021.9,12,1,4022.0,42,8,4022.1,10,2,4022.2,12,2,4022.3,7,1
11483,2026-07-02 13:27:16+05:30,4021.2,1,4037.31,1440937,156072.0,174632.0,4100.0,4110.0,4012.0,4092.6,25202800,4501.8,3683.4,4440.0,3288.1,4021.7,2,2,4021.2,822,6,4021.0,693,37,4020.9,22,4,4020.7,16,4,4021.9,12,1,4022.0,52,9,4022.1,10,2,4022.2,7,1,4022.3,7,1
11483,2026-07-02 13:27:16+05:30,4021.2,1,4037.31,1440937,156072.0,174632.0,4100.0,4110.0,4012.0,4092.6,25202800,4501.8,3683.4,4440.0,3288.1,4021.7,2,2,4021.2,822,6,4021.0,693,37,4020.9,22,4,4020.7,16,4,4021.9,12,1,4022.0,52,9,4022.1,10,2,4022.2,7,1,4022.3,7,1
11483,2026-07-02 13:27:16+05:30,4021.9,1,4037.31,1440937,156072.0,174632.0,4100.0,4110.0,4012.0,4092.6,25202800,4501.8,3683.4,4440.0,3288.1,4021.7,2,2,4021.2,822,6,4021.0,693,37,4020.9,22,4,4020.7,16,4,4021.9,12,1,4022.0,52,9,4022.1,10,2,4022.2,7,1,4022.3,7,1
11483,2026-07-02 13:27:16+05:30,4021.9,1,4037.31,1440937,156072.0,174632.0,4100.0,4110.0,4012.0,4092.6,25202800,4501.8,3683.4,4440.0,3288.1,4021.7,2,2,4021.2,822,6,4021.0,693,37,4020.9,22,4,4020.7,16,4,4021.9,12,1,4022.0,52,9,4022.1,10,2,4022.2,7,1,4022.3,7,1
11483,2026-07-02 13:27:17+05:30,4021.9,1,4037.31,1440938,156088.0,174635.0,4100.0,4110.0,4012.0,4092.6,25202800,4501.8,3683.4,4440.0,3288.1,4021.7,2,2,4021.2,822,6,4021.0,693,37,4020.9,22,4,4020.7,16,4,4021.9,25,5,4022.0,38,6,4022.1,10,2,4022.2,7,1,4022.3,7,1
11483,2026-07-02 13:27:17+05:30,4021.9,1,4037.31,1440938,156088.0,174635.0,4100.0,4110.0,4012.0,4092.6,25202800,4501.8,3683.4,4440.0,3288.1,4021.7,2,2,4021.2,822,6,4021.0,693,37,4020.9,22,4,4020.7,16,4,4021.9,25,5,4022.0,38,6,4022.1,10,2,4022.2,7,1,4022.3,7,1
11483,2026-07-02 13:27:18+05:30,4021.9,1,4037.31,1440938,156082.0,174654.0,4100.0,4110.0,4012.0,4092.6,25202800,4501.8,3683.4,4440.0,3288.1,4021.7,2,2,4021.2,822,6,4021.0,693,37,4020.9,22,4,4020.7,39,5,4021.9,25,5,4022.0,43,7,4022.1,10,2,4022.2,7,1,4022.3,7,1
11483,2026-07-02 13:27:18+05:30,4021.9,4,4037.31,1440938,156082.0,174654.0,4100.0,4110.0,4012.0,4092.6,25202800,4501.8,3683.4,4440.0,3288.1,4021.7,2,2,4021.2,822,6,4021.0,693,37,4020.9,22,4,4020.7,39,5,4021.9,25,5,4022.0,43,7,4022.1,10,2,4022.2,7,1,4022.3,7,1
11483,2026-07-02 13:27:19+05:30,4021.9,1,4037.31,1440966,156045.0,174613.0,4100.0,4110.0,4012.0,4092.6,25202800,4501.8,3683.4,4440.0,3288.1,4021.9,1,1,4021.8,1,1,4021.7,2,2,4021.2,822,6,4021.0,705,38,4022.0,46,7,4022.1,3,2,4022.2,3,1,4022.3,7,1,4022.4,14,1
11483,2026-07-02 13:27:19+05:30,4021.8,1,4037.31,1440966,156045.0,174613.0,4100.0,4110.0,4012.0,4092.6,25202800,4501.8,3683.4,4440.0,3288.1,4021.9,1,1,4021.8,1,1,4021.7,2,2,4021.2,822,6,4021.0,705,38,4022.0,46,7,4022.1,3,2,4022.2,3,1,4022.3,7,1,4022.4,14,1
11483,2026-07-02 13:27:20+05:30,4021.8,1,4037.31,1440970,156035.0,174627.0,4100.0,4110.0,4012.0,4092.6,25202800,4501.8,3683.4,4440.0,3288.1,4021.7,2,2,4021.2,822,6,4021.0,705,38,4020.9,22,4,4020.7,16,4,4021.9,14,8,4022.0,31,6,4022.1,3,2,4022.2,3,1,4022.3,7,1
11483,2026-07-02 13:27:20+05:30,4021.7,1,4037.31,1440970,156035.0,174627.0,4100.0,4110.0,4012.0,4092.6,25202800,4501.8,3683.4,4440.0,3288.1,4021.7,2,2,4021.2,822,6,4021.0,705,38,4020.9,22,4,4020.7,16,4,4021.9,14,8,4022.0,31,6,4022.1,3,2,4022.2,3,1,4022.3,7,1
11483,2026-07-02 13:27:21+05:30,4021.9,1,4037.31,1440977,155708.0,174517.0,4100.0,4110.0,4012.0,4092.6,25202800,4501.8,3683.4,4440.0,3288.1,4021.7,2,2,4021.2,827,7,4021.0,705,38,4020.9,22,4,4020.7,16,4,4021.9,14,7,4022.0,32,6,4022.1,22,3,4022.2,3,1,4022.3,13,3
11483,2026-07-02 13:27:21+05:30,4021.7,1,4037.31,1440977,155708.0,174517.0,4100.0,4110.0,4012.0,4092.6,25202800,4501.8,3683.4,4440.0,3288.1,4021.7,2,2,4021.2,827,7,4021.0,705,38,4020.9,22,4,4020.7,16,4,4021.9,14,7,4022.0,32,6,4022.1,22,3,4022.2,3,1,4022.3,13,3
11483,2026-07-02 13:27:22+05:30,4021.9,6,4037.31,1440999,155701.0,174563.0,4100.0,4110.0,4012.0,4092.6,25202800,4501.8,3683.4,4440.0,3288.1,4021.7,1,1,4021.2,827,7,4021.0,705,38,4020.9,22,4,4020.7,16,4,4021.9,29,4,4022.0,32,6,4022.1,17,2,4022.2,3,1,4022.3,8,2
11483,2026-07-02 13:27:22+05:30,4021.2,8,4037.31,1440999,155701.0,174563.0,4100.0,4110.0,4012.0,4092.6,25202800,4501.8,3683.4,4440.0,3288.1,4021.7,1,1,4021.2,827,7,4021.0,705,38,4020.9,22,4,4020.7,16,4,4021.9,29,4,4022.0,32,6,4022.1,17,2,4022.2,3,1,4022.3,8,2
11483,2026-07-02 13:27:23+05:30,4021.9,1,4037.31,1441032,155955.0,175177.0,4100.0,4110.0,4012.0,4092.6,25202800,4501.8,3683.4,4440.0,3288.1,4021.2,819,7,4021.0,693,37,4020.9,22,4,4020.7,54,5,4020.6,43,3,4021.9,21,4,4022.0,30,5,4022.1,4,1,4022.2,3,1,4022.3,8,2
11483,2026-07-02 13:27:23+05:30,4022.0,10,4037.31,1441032,155955.0,175177.0,4100.0,4110.0,4012.0,4092.6,25202800,4501.8,3683.4,4440.0,3288.1,4021.2,819,7,4021.0,693,37,4020.9,22,4,4020.7,54,5,4020.6,43,3,4021.9,21,4,4022.0,30,5,4022.1,4,1,4022.2,3,1,4022.3,8,2
11483,2026-07-02 13:27:24+05:30,4022.0,1,4037.31,1441104,155749.0,175127.0,4100.0,4110.0,4012.0,4092.6,25202800,4501.8,3683.4,4440.0,3288.1,4021.2,775,7,4021.0,693,37,4020.9,22,4,4020.7,54,5,4020.6,43,3,4022.0,69,9,4022.1,15,2,4022.2,3,1,4022.3,18,3,4022.4,14,1
11483,2026-07-02 13:27:24+05:30,4021.2,9,4037.31,1441104,155749.0,175127.0,4100.0,4110.0,4012.0,4092.6,25202800,4501.8,3683.4,4440.0,3288.1,4021.2,775,7,4021.0,693,37,4020.9,22,4,4020.7,54,5,4020.6,43,3,4022.0,69,9,4022.1,15,2,4022.2,3,1,4022.3,18,3,4022.4,14,1
11483,2026-07-02 13:27:25+05:30,4022.0,1,4037.31,1441114,155829.0,175107.0,4100.0,4110.0,4012.0,4092.6,25202800,4501.8,3683.4,4440.0,3288.1,4021.3,9,1,4021.2,766,7,4021.0,693,37,4020.9,22,4,4020.7,16,4,4022.0,57,8,4022.1,15,2,4022.2,3,1,4022.3,8,2,4022.4,14,1
11483,2026-07-02 13:27:25+05:30,4021.3,1,4037.31,1441114,155829.0,175107.0,4100.0,4110.0,4012.0,4092.6,25202800,4501.8,3683.4,4440.0,3288.1,4021.3,9,1,4021.2,766,7,4021.0,693,37,4020.9,22,4,4020.7,16,4,4022.0,57,8,4022.1,15,2,4022.2,3,1,4022.3,8,2,4022.4,14,1
11483,2026-07-02 13:27:26+05:30,4022.0,1,4037.31,1441125,155837.0,175103.0,4100.0,4110.0,4012.0,4092.6,25202800,4501.8,3683.4,4440.0,3288.1,4021.3,8,2,4021.2,766,7,4021.0,693,37,4020.9,22,4,4020.7,16,4,4022.0,49,8,4022.1,15,2,4022.2,3,1,4022.3,8,2,4022.4,14,1
11483,2026-07-02 13:27:26+05:30,4022.0,1,4037.31,1441125,155837.0,175103.0,4100.0,4110.0,4012.0,4092.6,25202800,4501.8,3683.4,4440.0,3288.1,4021.3,8,2,4021.2,766,7,4021.0,693,37,4020.9,22,4,4020.7,16,4,4022.0,49,8,4022.1,15,2,4022.2,3,1,4022.3,8,2,4022.4,14,1
11483,2026-07-02 13:27:27+05:30,4022.0,1,4037.31,1441130,155813.0,175113.0,4100.0,4110.0,4012.0,4092.6,25202800,4501.8,3683.4,4440.0,3288.1,4021.3,5,2,4021.2,766,7,4021.0,693,37,4020.9,22,4,4020.7,16,4,4022.0,59,9,4022.1,15,2,4022.2,3,1,4022.3,8,2,4022.4,14,1
11483,2026-07-02 13:27:27+05:30,4021.8,1,4037.31,1441130,155813.0,175113.0,4100.0,4110.0,4012.0,4092.6,25202800,4501.8,3683.4,4440.0,3288.1,4021.3,5,2,4021.2,766,7,4021.0,693,37,4020.9,22,4,4020.7,16,4,4022.0,59,9,4022.1,15,2,4022.2,3,1,4022.3,8,2,4022.4,14,1
11483,2026-07-02 13:27:28+05:30,4022.1,1,4037.31,1441183,155955.0,174649.0,4100.0,4110.0,4012.0,4092.6,25202800,4501.8,3683.4,4440.0,3288.1,4022.0,9,1,4021.8,99,1,4021.7,2,1,4021.3,2,1,4021.2,766,7,4022.1,23,4,4022.3,8,2,4022.4,20,2,4022.5,13,2,4022.6,5,1
11483,2026-07-02 13:27:28+05:30,4022.1,7,4037.31,1441183,155955.0,174649.0,4100.0,4110.0,4012.0,4092.6,25202800,4501.8,3683.4,4440.0,3288.1,4022.0,9,1,4021.8,99,1,4021.7,2,1,4021.3,2,1,4021.2,766,7,4022.1,23,4,4022.3,8,2,4022.4,20,2,4022.5,13,2,4022.6,5,1
11483,2026-07-02 13:27:29+05:30,4022.1,1,4037.31,1441199,155766.0,174517.0,4100.0,4110.0,4012.0,4092.6,25202800,4501.8,3683.4,4440.0,3288.1,4022.0,2,2,4021.8,99,1,4021.7,2,1,4021.3,2,1,4021.2,766,7,4022.1,38,5,4022.2,7,2,4022.3,8,2,4022.4,20,2,4022.5,13,2
11483,2026-07-02 13:27:29+05:30,4022.0,1,4037.31,1441199,155766.0,174517.0,4100.0,4110.0,4012.0,4092.6,25202800,4501.8,3683.4,4440.0,3288.1,4022.0,2,2,4021.8,99,1,4021.7,2,1,4021.3,2,1,4021.2,766,7,4022.1,38,5,4022.2,7,2,4022.3,8,2,4022.4,20,2,4022.5,13,2
11483,2026-07-02 13:27:30+05:30,4022.1,1,4037.31,1441212,155769.0,174513.0,4100.0,4110.0,4012.0,4092.6,25202800,4501.8,3683.4,4440.0,3288.1,4022.0,8,1,4021.8,99,1,4021.7,2,1,4021.4,1,1,4021.3,2,1,4022.1,28,5,4022.2,5,1,4022.3,4,2,4022.4,20,2,4022.5,25,3
11483,2026-07-02 13:27:30+05:30,4022.1,3,4037.31,1441212,155769.0,174513.0,4100.0,4110.0,4012.0,4092.6,25202800,4501.8,3683.4,4440.0,3288.1,4022.0,8,1,4021.8,99,1,4021.7,2,1,4021.4,1,1,4021.3,2,1,4022.1,28,5,4022.2,5,1,4022.3,4,2,4022.4,20,2,4022.5,25,3
11483,2026-07-02 13:27:31+05:30,4022.1,1,4037.31,1441246,155743.0,174625.0,4100.0,4110.0,4012.0,4092.6,25202800,4501.8,3683.4,4440.0,3288.1,4021.8,99,1,4021.7,2,1,4021.4,1,1,4021.3,2,1,4021.2,766,7,4021.9,5,1,4022.1,11,3,4022.2,5,1,4022.3,1,1,4022.4,20,2
11483,2026-07-02 13:27:31+05:30,4021.8,1,4037.31,1441246,155743.0,174625.0,4100.0,4110.0,4012.0,4092.6,25202800,4501.8,3683.4,4440.0,3288.1,4021.8,99,1,4021.7,2,1,4021.4,1,1,4021.3,2,1,4021.2,766,7,4021.9,5,1,4022.1,11,3,4022.2,5,1,4022.3,1,1,4022.4,20,2
11483,2026-07-02 13:27:32+05:30,4021.8,1,4037.31,1441254,155691.0,174648.0,4100.0,4110.0,4012.0,4092.6,25202800,4501.8,3683.4,4440.0,3288.1,4021.8,91,1,4021.7,2,1,4021.4,1,1,4021.3,2,1,4021.2,766,7,4021.9,5,1,4022.0,28,2,4022.1,18,3,4022.2,5,1,4022.3,1,1
11483,2026-07-02 13:27:32+05:30,4021.8,1,4037.31,1441254,155691.0,174648.0,4100.0,4110.0,4012.0,4092.6,25202800,4501.8,3683.4,4440.0,3288.1,4021.8,91,1,4021.7,2,1,4021.4,1,1,4021.3,2,1,4021.2,766,7,4021.9,5,1,4022.0,28,2,4022.1,18,3,4022.2,5,1,4022.3,1,1
11483,2026-07-02 13:27:33+05:30,4021.9,1,4037.31,1441261,155676.0,174645.0,4100.0,4110.0,4012.0,4092.6,25202800,4501.8,3683.4,4440.0,3288.1,4021.8,88,1,4021.4,1,1,4021.3,2,1,4021.2,766,7,4021.0,693,37,4021.9,1,1,4022.0,28,2,4022.1,6,2,4022.2,5,1,4022.3,14,2
11483,2026-07-02 13:27:33+05:30,4021.8,1,4037.31,1441261,155676.0,174645.0,4100.0,4110.0,4012.0,4092.6,25202800,4501.8,3683.4,4440.0,3288.1,4021.8,88,1,4021.4,1,1,4021.3,2,1,4021.2,766,7,4021.0,693,37,4021.9,1,1,4022.0,28,2,4022.1,6,2,4022.2,5,1,4022.3,14,2
11483,2026-07-02 13:27:34+05:30,4021.8,1,4037.31,1441262,155703.0,174645.0,4100.0,4110.0,4012.0,4092.6,25202800,4501.8,3683.4,4440.0,3288.1,4021.8,87,1,4021.4,1,1,4021.3,2,1,4021.2,766,7,4021.0,693,37,4021.9,1,1,4022.0,28,2,4022.1,19,3,4022.2,5,1,4022.3,1,1
11483,2026-07-02 13:27:34+05:30,4021.8,1,4037.31,1441262,155703.0,174645.0,4100.0,4110.0,4012.0,4092.6,25202800,4501.8,3683.4,4440.0,3288.1,4021.8,87,1,4021.4,1,1,4021.3,2,1,4021.2,766,7,4021.0,693,37,4021.9,1,1,4022.0,28,2,4022.1,19,3,4022.2,5,1,4022.3,1,1
11483,2026-07-02 13:27:35+05:30,4022.0,1,4037.31,1441265,155852.0,174639.0,4100.0,4110.0,4012.0,4092.6,25202800,4501.8,3683.4,4440.0,3288.1,4021.8,86,1,4021.4,1,1,4021.3,2,1,4021.2,766,7,4021.0,693,37,4022.0,33,3,4022.1,14,2,4022.3,1,1,4022.4,20,2,4022.5,13,2
11483,2026-07-02 13:27:35+05:30,4021.8,1,4037.31,1441265,155852.0,174639.0,4100.0,4110.0,4012.0,4092.6,25202800,4501.8,3683.4,4440.0,3288.1,4021.8,86,1,4021.4,1,1,4021.3,2,1,4021.2,766,7,4021.0,693,37,4022.0,33,3,4022.1,14,2,4022.3,1,1,4022.4,20,2,4022.5,13,2
11483,2026-07-02 13:27:36+05:30,4021.8,1,4037.31,1441275,155873.0,174806.0,4100.0,4110.0,4012.0,4092.6,25202800,4501.8,3683.4,4440.0,3288.1,4021.8,84,1,4021.4,1,1,4021.3,2,1,4021.2,766,7,4021.0,696,38,4022.0,25,3,4022.1,14,2,4022.3,1,1,4022.4,20,2,4022.5,13,2
11483,2026-07-02 13:27:36+05:30,4021.8,1,4037.31,1441275,155873.0,174806.0,4100.0,4110.0,4012.0,4092.6,25202800,4501.8,3683.4,4440.0,3288.1,4021.8,84,1,4021.4,1,1,4021.3,2,1,4021.2,766,7,4021.0,696,38,4022.0,25,3,4022.1,14,2,4022.3,1,1,4022.4,20,2,4022.5,13,2
11483,2026-07-02 13:27:37+05:30,4022.0,1,4037.31,1441290,155879.0,174819.0,4100.0,4110.0,4012.0,4092.6,25202800,4501.8,3683.4,4440.0,3288.1,4021.8,76,1,4021.4,1,1,4021.3,2,1,4021.2,766,7,4021.0,696,38,4022.0,18,2,4022.1,14,2,4022.3,1,1,4022.4,20,2,4022.5,13,2
11483,2026-07-02 13:27:37+05:30,4021.8,2,4037.31,1441290,155879.0,174819.0,4100.0,4110.0,4012.0,4092.6,25202800,4501.8,3683.4,4440.0,3288.1,4021.8,76,1,4021.4,1,1,4021.3,2,1,4021.2,766,7,4021.0,696,38,4022.0,18,2,4022.1,14,2,4022.3,1,1,4022.4,20,2,4022.5,13,2
11483,2026-07-02 13:27:38+05:30,4022.0,1,4037.31,1441296,155872.0,174938.0,4100.0,4110.0,4012.0,4092.6,25202800,4501.8,3683.4,4440.0,3288.1,4021.8,73,2,4021.4,1,1,4021.3,12,2,4021.2,766,7,4021.0,687,38,4022.0,17,2,4022.1,13,1,4022.2,4,1,4022.3,1,1,4022.4,20,2
11483,2026-07-02 13:27:38+05:30,4021.8,2,4037.31,1441296,155872.0,174938.0,4100.0,4110.0,4012.0,4092.6,25202800,4501.8,3683.4,4440.0,3288.1,4021.8,73,2,4021.4,1,1,4021.3,12,2,4021.2,766,7,4021.0,687,38,4022.0,17,2,4022.1,13,1,4022.2,4,1,4022.3,1,1,4022.4,20,2
11483,2026-07-02 13:27:39+05:30,4021.9,1,4037.31,1441301,155871.0,174955.0,4100.0,4110.0,4012.0,4092.6,25202800,4501.8,3683.4,4440.0,3288.1,4021.8,72,3,4021.4,1,1,4021.3,12,2,4021.2,766,7,4021.0,707,39,4022.0,17,3,4022.1,13,1,4022.4,20,2,4022.5,13,2,4022.6,7,1
11483,2026-07-02 13:27:39+05:30,4021.8,1,4037.31,1441301,155871.0,174955.0,4100.0,4110.0,4012.0,4092.6,25202800,4501.8,3683.4,4440.0,3288.1,4021.8,72,3,4021.4,1,1,4021.3,12,2,4021.2,766,7,4021.0,707,39,4022.0,17,3,4022.1,13,1,4022.4,20,2,4022.5,13,2,4022.6,7,1
11483,2026-07-02 13:27:40+05:30,4022.9,19,4037.31,1441602,156038.0,174228.0,4100.0,4110.0,4012.0,4092.6,25202800,4501.8,3683.4,4440.0,3288.1,4021.8,79,5,4021.4,1,1,4021.3,12,2,4021.2,766,7,4021.0,719,40,4022.3,14,1,4022.4,8,1,4022.8,14,1,4023.0,75,1,4023.2,2,1
11483,2026-07-02 13:27:40+05:30,4021.8,1,4037.31,1441602,156038.0,174228.0,4100.0,4110.0,4012.0,4092.6,25202800,4501.8,3683.4,4440.0,3288.1,4021.8,79,5,4021.4,1,1,4021.3,12,2,4021.2,766,7,4021.0,719,40,4022.3,14,1,4022.4,8,1,4022.8,14,1,4023.0,75,1,4023.2,2,1
11483,2026-07-02 13:27:41+05:30,4021.8,4,4037.31,1441677,155949.0,174418.0,4100.0,4110.0,4012.0,4092.6,25202800,4501.8,3683.4,4440.0,3288.1,4021.8,7,2,4021.4,1,1,4021.3,12,2,4021.2,766,7,4021.0,719,40,4022.3,13,1,4022.4,8,1,4022.8,14,1,4023.0,75,1,4023.2,40,2
11483,2026-07-02 13:27:41+05:30,4021.8,1,4037.31,1441677,155949.0,174418.0,4100.0,4110.0,4012.0,4092.6,25202800,4501.8,3683.4,4440.0,3288.1,4021.8,7,2,4021.4,1,1,4021.3,12,2,4021.2,766,7,4021.0,719,40,4022.3,13,1,4022.4,8,1,4022.8,14,1,4023.0,75,1,4023.2,40,2
11483,2026-07-02 13:27:42+05:30,4022.3,1,4037.31,1441691,156056.0,174421.0,4100.0,4110.0,4012.0,4092.6,25202800,4501.8,3683.4,4440.0,3288.1,4021.8,2,1,4021.4,1,1,4021.3,12,2,4021.2,766,7,4021.0,757,41,4022.3,12,1,4022.4,8,1,4022.8,14,1,4023.0,75,1,4023.1,18,1
11483,2026-07-02 13:27:42+05:30,4021.9,1,4037.31,1441691,156056.0,174421.0,4100.0,4110.0,4012.0,4092.6,25202800,4501.8,3683.4,4440.0,3288.1,4021.8,2,1,4021.4,1,1,4021.3,12,2,4021.2,766,7,4021.0,757,41,4022.3,12,1,4022.4,8,1,4022.8,14,1,4023.0,75,1,4023.1,18,1
11483,2026-07-02 13:27:43+05:30,4021.3,1,4037.31,1441708,156056.0,174787.0,4100.0,4110.0,4012.0,4092.6,25202800,4501.8,3683.4,4440.0,3288.1,4021.3,11,2,4021.2,766,7,4021.0,725,39,4020.9,22,4,4020.7,84,8,4021.8,1,1,4022.3,12,1,4022.4,8,1,4022.7,2,1,4022.8,14,1
11483,2026-07-02 13:27:43+05:30,4021.3,1,4037.31,1441708,156056.0,174787.0,4100.0,4110.0,4012.0,4092.6,25202800,4501.8,3683.4,4440.0,3288.1,4021.3,11,2,4021.2,766,7,4021.0,725,39,4020.9,22,4,4020.7,84,8,4021.8,1,1,4022.3,12,1,4022.4,8,1,4022.7,2,1,4022.8,14,1
11483,2026-07-02 13:27:44+05:30,4021.3,1,4037.31,1441713,156244.0,174799.0,4100.0,4110.0,4012.0,4092.6,25202800,4501.8,3683.4,4440.0,3288.1,4021.3,157,2,4021.2,766,7,4021.0,687,38,4020.9,22,4,4020.7,59,7,4022.3,12,1,4022.4,21,2,4022.7,35,3,4022.8,75,2,4022.9,55,2
11483,2026-07-02 13:27:44+05:30,4021.3,1,4037.31,1441713,156244.0,174799.0,4100.0,4110.0,4012.0,4092.6,25202800,4501.8,3683.4,4440.0,3288.1,4021.3,157,2,4021.2,766,7,4021.0,687,38,4020.9,22,4,4020.7,59,7,4022.3,12,1,4022.4,21,2,4022.7,35,3,4022.8,75,2,4022.9,55,2
11483,2026-07-02 13:27:45+05:30,4021.3,1,4037.31,1441718,156236.0,174709.0,4100.0,4110.0,4012.0,4092.6,25202800,4501.8,3683.4,4440.0,3288.1,4021.3,152,2,4021.2,766,7,4021.0,687,38,4020.9,22,4,4020.7,59,7,4022.3,12,1,4022.4,21,2,4022.6,5,1,4022.7,35,3,4022.8,75,2
11483,2026-07-02 13:27:45+05:30,4021.3,1,4037.31,1441718,156236.0,174709.0,4100.0,4110.0,4012.0,4092.6,25202800,4501.8,3683.4,4440.0,3288.1,4021.3,152,2,4021.2,766,7,4021.0,687,38,4020.9,22,4,4020.7,59,7,4022.3,12,1,4022.4,21,2,4022.6,5,1,4022.7,35,3,4022.8,75,2
11483,2026-07-02 13:27:46+05:30,4022.4,7,4037.31,1441750,156056.0,174652.0,4100.0,4110.0,4012.0,4092.6,25202800,4501.8,3683.4,4440.0,3288.1,4021.8,2,2,4021.3,149,1,4021.2,766,7,4021.0,699,39,4020.9,22,4,4022.4,17,3,4022.6,5,1,4022.7,12,2,4022.9,38,1,4023.0,75,1
11483,2026-07-02 13:27:46+05:30,4021.8,1,4037.31,1441750,156056.0,174652.0,4100.0,4110.0,4012.0,4092.6,25202800,4501.8,3683.4,4440.0,3288.1,4021.8,2,2,4021.3,149,1,4021.2,766,7,4021.0,699,39,4020.9,22,4,4022.4,17,3,4022.6,5,1,4022.7,12,2,4022.9,38,1,4023.0,75,1
11483,2026-07-02 13:27:47+05:30,4021.8,1,4037.31,1441758,156220.0,175077.0,4100.0,4110.0,4012.0,4092.6,25202800,4501.8,3683.4,4440.0,3288.1,4021.3,149,1,4021.2,766,7,4021.0,687,38,4020.9,22,4,4020.8,38,1,4021.8,1,1,4022.4,17,3,4022.6,5,1,4022.7,12,2,4022.8,48,1
11483,2026-07-02 13:27:47+05:30,4021.3,1,4037.31,1441758,156220.0,175077.0,4100.0,4110.0,4012.0,4092.6,25202800,4501.8,3683.4,4440.0,3288.1,4021.3,149,1,4021.2,766,7,4021.0,687,38,4020.9,22,4,4020.8,38,1,4021.8,1,1,4022.4,17,3,4022.6,5,1,4022.7,12,2,4022.8,48,1
11483,2026-07-02 13:27:48+05:30,4021.3,1,4037.31,1441761,156225.0,175094.0,4100.0,4110.0,4012.0,4092.6,25202800,4501.8,3683.4,4440.0,3288.1,4021.3,146,1,4021.2,766,7,4021.0,690,39,4020.9,22,4,4020.8,38,1,4021.8,2,2,4022.4,17,3,4022.6,5,1,4022.7,12,2,4022.8,49,2
11483,2026-07-02 13:27:48+05:30,4021.3,1,4037.31,1441761,156225.0,175094.0,4100.0,4110.0,4012.0,4092.6,25202800,4501.8,3683.4,4440.0,3288.1,4021.3,146,1,4021.2,766,7,4021.0,690,39,4020.9,22,4,4020.8,38,1,4021.8,2,2,4022.4,17,3,4022.6,5,1,4022.7,12,2,4022.8,49,2
11483,2026-07-02 13:27:49+05:30,4022.4,1,4037.31,1441769,156172.0,174626.0,4100.0,4110.0,4012.0,4092.6,25202800,4501.8,3683.4,4440.0,3288.1,4021.8,8,1,4021.3,166,2,4021.2,766,7,4021.0,702,40,4020.9,22,4,4022.4,12,2,4022.6,5,1,4022.7,12,2,4022.8,1,1,4022.9,38,1
11483,2026-07-02 13:27:49+05:30,4021.8,1,4037.31,1441769,156172.0,174626.0,4100.0,4110.0,4012.0,4092.6,25202800,4501.8,3683.4,4440.0,3288.1,4021.8,8,1,4021.3,166,2,4021.2,766,7,4021.0,702,40,4020.9,22,4,4022.4,12,2,4022.6,5,1,4022.7,12,2,4022.8,1,1,4022.9,38,1
11483,2026-07-02 13:27:50+05:30,4021.8,1,4037.31,1441771,156131.0,174568.0,4100.0,4110.0,4012.0,4092.6,25202800,4501.8,3683.4,4440.0,3288.1,4022.3,5,1,4021.8,6,1,4021.3,166,2,4021.2,766,7,4021.0,702,40,4022.4,17,4,4022.6,5,1,4022.7,10,1,4022.8,1,1,4022.9,38,1
11483,2026-07-02 13:27:50+05:30,4022.3,1,4037.31,1441771,156131.0,174568.0,4100.0,4110.0,4012.0,4092.6,25202800,4501.8,3683.4,4440.0,3288.1,4022.3,5,1,4021.8,6,1,4021.3,166,2,4021.2,766,7,4021.0,702,40,4022.4,17,4,4022.6,5,1,4022.7,10,1,4022.8,1,1,4022.9,38,1
11483,2026-07-02 13:27:51+05:30,4022.9,1,4037.3,1441847,156080.0,174402.0,4100.0,4110.0,4012.0,4092.6,25202800,4501.8,3683.4,4440.0,3288.1,4022.3,2,1,4021.8,6,1,4021.3,179,3,4021.2,766,7,4021.0,702,40,4023.0,102,4,4023.1,16,2,4023.2,52,2,4023.3,72,3,4023.4,53,2
11483,2026-07-02 13:27:51+05:30,4022.8,2,4037.3,1441847,156080.0,174402.0,4100.0,4110.0,4012.0,4092.6,25202800,4501.8,3683.4,4440.0,3288.1,4022.3,2,1,4021.8,6,1,4021.3,179,3,4021.2,766,7,4021.0,702,40,4023.0,102,4,4023.1,16,2,4023.2,52,2,4023.3,72,3,4023.4,53,2
11483,2026-07-02 13:27:52+05:30,4022.3,1,4037.3,1441861,156091.0,174386.0,4100.0,4110.0,4012.0,4092.6,25202800,4501.8,3683.4,4440.0,3288.1,4022.3,3,1,4021.8,6,1,4021.3,179,3,4021.2,766,7,4021.0,702,40,4022.8,34,5,4022.9,12,2,4023.0,81,2,4023.1,16,2,4023.2,52,2
11483,2026-07-02 13:27:52+05:30,4022.3,1,4037.3,1441861,156091.0,174386.0,4100.0,4110.0,4012.0,4092.6,25202800,4501.8,3683.4,4440.0,3288.1,4022.3,3,1,4021.8,6,1,4021.3,179,3,4021.2,766,7,4021.0,702,40,4022.8,34,5,4022.9,12,2,4023.0,81,2,4023.1,16,2,4023.2,52,2
11483,2026-07-02 13:27:53+05:30,4022.4,5,4037.3,1441935,156126.0,174168.0,4100.0,4110.0,4012.0,4092.6,25202800,4501.8,3683.4,4440.0,3288.1,4022.4,19,1,4022.3,5,1,4021.8,6,1,4021.3,204,5,4021.2,766,7,4022.9,25,5,4023.0,81,2,4023.1,16,2,4023.2,61,3,4023.3,72,3
11483,2026-07-02 13:27:53+05:30,4022.4,9,4037.3,1441935,156126.0,174168.0,4100.0,4110.0,4012.0,4092.6,25202800,4501.8,3683.4,4440.0,3288.1,4022.4,19,1,4022.3,5,1,4021.8,6,1,4021.3,204,5,4021.2,766,7,4022.9,25,5,4023.0,81,2,4023.1,16,2,4023.2,61,3,4023.3,72,3
11483,2026-07-02 13:27:54+05:30,4022.4,1,4037.3,1441947,156621.0,174175.0,4100.0,4110.0,4012.0,4092.6,25202800,4501.8,3683.4,4440.0,3288.1,4022.4,9,1,4022.3,5,1,4021.8,6,1,4021.3,204,5,4021.2,766,7,4022.9,32,7,4023.0,81,2,4023.1,16,2,4023.2,61,3,4023.3,72,3
11483,2026-07-02 13:27:54+05:30,4022.9,4,4037.3,1441947,156621.0,174175.0,4100.0,4110.0,4012.0,4092.6,25202800,4501.8,3683.4,4440.0,3288.1,4022.4,9,1,4022.3,5,1,4021.8,6,1,4021.3,204,5,4021.2,766,7,4022.9,32,7,4023.0,81,2,4023.1,16,2,4023.2,61,3,4023.3,72,3
11483,2026-07-02 13:27:55+05:30,4022.9,2,4037.3,1441974,156747.0,174149.0,4100.0,4110.0,4012.0,4092.6,25202800,4501.8,3683.4,4440.0,3288.1,4022.5,8,1,4022.4,17,2,4022.3,5,1,4022.0,80,1,4021.8,6,1,4022.9,32,6,4023.0,81,2,4023.1,16,2,4023.2,61,3,4023.3,72,3
11483,2026-07-02 13:27:55+05:30,4022.5,1,4037.3,1441974,156747.0,174149.0,4100.0,4110.0,4012.0,4092.6,25202800,4501.8,3683.4,4440.0,3288.1,4022.5,8,1,4022.4,17,2,4022.3,5,1,4022.0,80,1,4021.8,6,1,4022.9,32,6,4023.0,81,2,4023.1,16,2,4023.2,61,3,4023.3,72,3
11483,2026-07-02 13:27:56+05:30,4022.5,1,4037.3,1441980,156858.0,173916.0,4100.0,4110.0,4012.0,4092.6,25202800,4501.8,3683.4,4440.0,3288.1,4022.5,2,1,4022.4,17,2,4022.3,5,1,4022.0,80,1,4021.8,46,2,4022.9,12,2,4023.0,74,1,4023.1,8,1,4023.3,14,1,4023.4,5,1
11483,2026-07-02 13:27:56+05:30,4022.5,1,4037.3,1441980,156858.0,173916.0,4100.0,4110.0,4012.0,4092.6,25202800,4501.8,3683.4,4440.0,3288.1,4022.5,2,1,4022.4,17,2,4022.3,5,1,4022.0,80,1,4021.8,46,2,4022.9,12,2,4023.0,74,1,4023.1,8,1,4023.3,14,1,4023.4,5,1
11483,2026-07-02 13:27:57+05:30,4022.5,1,4037.3,1441983,156868.0,173925.0,4100.0,4110.0,4012.0,4092.6,25202800,4501.8,3683.4,4440.0,3288.1,4022.5,7,1,4022.4,17,2,4022.3,5,1,4022.0,80,1,4021.8,46,2,4022.8,5,1,4022.9,12,2,4023.0,87,2,4023.3,14,1,4023.4,5,1
11483,2026-07-02 13:27:57+05:30,4022.5,1,4037.3,1441983,156868.0,173925.0,4100.0,4110.0,4012.0,4092.6,25202800,4501.8,3683.4,4440.0,3288.1,4022.5,7,1,4022.4,17,2,4022.3,5,1,4022.0,80,1,4021.8,46,2,4022.8,5,1,4022.9,12,2,4023.0,87,2,4023.3,14,1,4023.4,5,1
11483,2026-07-02 13:27:58+05:30,4022.8,4,4037.3,1441999,156824.0,173806.0,4100.0,4110.0,4012.0,4092.6,25202800,4501.8,3683.4,4440.0,3288.1,4022.8,8,1,4022.4,17,2,4022.3,5,1,4022.0,80,1,4021.8,46,2,4023.0,101,4,4023.2,4,1,4023.3,14,1,4023.4,5,1,4023.5,62,3
11483,2026-07-02 13:27:58+05:30,4023.0,7,4037.3,1441999,156824.0,173806.0,4100.0,4110.0,4012.0,4092.6,25202800,4501.8,3683.4,4440.0,3288.1,4022.8,8,1,4022.4,17,2,4022.3,5,1,4022.0,80,1,4021.8,46,2,4023.0,101,4,4023.2,4,1,4023.3,14,1,4023.4,5,1,4023.5,62,3
11483,2026-07-02 13:27:59+05:30,4023.0,7,4037.3,1442009,156827.0,173762.0,4100.0,4110.0,4012.0,4092.6,25202800,4501.8,3683.4,4440.0,3288.1,4022.9,1,1,4022.8,6,2,4022.4,17,2,4022.3,5,1,4022.0,80,1,4023.0,94,4,4023.2,4,1,4023.3,19,2,4023.4,11,2,4023.5,53,4
11483,2026-07-02 13:27:59+05:30,4022.9,1,4037.3,1442009,156827.0,173762.0,4100.0,4110.0,4012.0,4092.6,25202800,4501.8,3683.4,4440.0,3288.1,4022.9,1,1,4022.8,6,2,4022.4,17,2,4022.3,5,1,4022.0,80,1,4023.0,94,4,4023.2,4,1,4023.3,19,2,4023.4,11,2,4023.5,53,4
11483,2026-07-02 13:28:00+05:30,4022.9,1,4037.3,1442010,156820.0,173762.0,4100.0,4110.0,4012.0,4092.6,25202800,4501.8,3683.4,4440.0,3288.1,4022.8,6,2,4022.4,17,2,4022.3,5,1,4022.0,80,1,4021.9,17,1,4023.0,94,4,4023.2,4,1,4023.3,19,2,4023.4,11,2,4023.5,53,4
11483,2026-07-02 13:28:00+05:30,4023.0,3,4037.3,1442010,156820.0,173762.0,4100.0,4110.0,4012.0,4092.6,25202800,4501.8,3683.4,4440.0,3288.1,4022.8,6,2,4022.4,17,2,4022.3,5,1,4022.0,80,1,4021.9,17,1,4023.0,94,4,4023.2,4,1,4023.3,19,2,4023.4,11,2,4023.5,53,4
11483,2026-07-02 13:28:01+05:30,4023.0,10,4037.3,1442107,156776.0,173569.0,4100.0,4110.0,4012.0,4092.6,25202800,4501.8,3683.4,4440.0,3288.1,4022.9,3,1,4022.8,1,1,4022.4,17,2,4022.3,5,1,4022.0,84,2,4023.0,3,1,4023.4,51,2,4023.5,54,4,4023.6,11,1,4023.7,8,1
11483,2026-07-02 13:28:01+05:30,4022.9,3,4037.3,1442107,156776.0,173569.0,4100.0,4110.0,4012.0,4092.6,25202800,4501.8,3683.4,4440.0,3288.1,4022.9,3,1,4022.8,1,1,4022.4,17,2,4022.3,5,1,4022.0,84,2,4023.0,3,1,4023.4,51,2,4023.5,54,4,4023.6,11,1,4023.7,8,1
11483,2026-07-02 13:28:02+05:30,4022.8,1,4037.3,1442111,156672.0,173392.0,4100.0,4110.0,4012.0,4092.6,25202800,4501.8,3683.4,4440.0,3288.1,4022.4,17,2,4022.3,5,1,4022.0,84,2,4021.9,17,1,4021.8,46,2,4022.9,2,1,4023.0,15,2,4023.3,11,1,4023.4,39,1,4023.5,54,4
11483,2026-07-02 13:28:02+05:30,4023.0,1,4037.3,1442111,156672.0,173392.0,4100.0,4110.0,4012.0,4092.6,25202800,4501.8,3683.4,4440.0,3288.1,4022.4,17,2,4022.3,5,1,4022.0,84,2,4021.9,17,1,4021.8,46,2,4022.9,2,1,4023.0,15,2,4023.3,11,1,4023.4,39,1,4023.5,54,4
11483,2026-07-02 13:28:03+05:30,4023.0,1,4037.3,1442122,156749.0,173368.0,4100.0,4110.0,4012.0,4092.6,25202800,4501.8,3683.4,4440.0,3288.1,4022.4,6,1,4022.3,5,1,4022.0,87,3,4021.8,46,2,4021.6,13,1,4023.0,10,3,4023.1,17,2,4023.3,14,1,4023.4,39,1,4023.5,53,3
11483,2026-07-02 13:28:03+05:30,4022.4,1,4037.3,1442122,156749.0,173368.0,4100.0,4110.0,4012.0,4092.6,25202800,4501.8,3683.4,4440.0,3288.1,4022.4,6,1,4022.3,5,1,4022.0,87,3,4021.8,46,2,4021.6,13,1,4023.0,10,3,4023.1,17,2,4023.3,14,1,4023.4,39,1,4023.5,53,3
11483,2026-07-02 13:28:04+05:30,4022.4,1,4037.3,1442123,156733.0,173344.0,4100.0,4110.0,4012.0,4092.6,25202800,4501.8,3683.4,4440.0,3288.1,4022.7,1,1,4022.4,5,1,4022.3,5,1,4022.0,87,3,4021.8,46,2,4022.9,10,1,4023.0,13,4,4023.1,10,1,4023.3,14,1,4023.4,39,1
11483,2026-07-02 13:28:04+05:30,4022.4,1,4037.3,1442123,156733.0,173344.0,4100.0,4110.0,4012.0,4092.6,25202800,4501.8,3683.4,4440.0,3288.1,4022.7,1,1,4022.4,5,1,4022.3,5,1,4022.0,87,3,4021.8,46,2,4022.9,10,1,4023.0,13,4,4023.1,10,1,4023.3,14,1,4023.4,39,1
11483,2026-07-02 13:28:05+05:30,4023.7,28,4037.3,1442291,156368.0,172594.0,4100.0,4110.0,4012.0,4092.6,25202800,4501.8,3683.4,4440.0,3288.1,4023.0,30,1,4022.4,4,1,4022.3,5,1,4022.2,12,1,4022.0,387,4,4023.7,40,5,4023.8,20,2,4023.9,38,1,4024.0,46,5,4024.1,29,2
11483,2026-07-02 13:28:05+05:30,4023.0,2,4037.3,1442291,156368.0,172594.0,4100.0,4110.0,4012.0,4092.6,25202800,4501.8,3683.4,4440.0,3288.1,4023.0,30,1,4022.4,4,1,4022.3,5,1,4022.2,12,1,4022.0,387,4,4023.7,40,5,4023.8,20,2,4023.9,38,1,4024.0,46,5,4024.1,29,2
11483,2026-07-02 13:28:06+05:30,4023.6,7,4037.3,1442320,156347.0,172608.0,4100.0,4110.0,4012.0,4092.6,25202800,4501.8,3683.4,4440.0,3288.1,4023.0,8,1,4022.4,8,2,4022.3,5,1,4022.2,12,1,4022.0,387,4,4023.6,13,4,4023.7,21,2,4023.8,20,2,4023.9,52,2,4024.0,44,4
11483,2026-07-02 13:28:06+05:30,4023.0,4,4037.3,1442320,156347.0,172608.0,4100.0,4110.0,4012.0,4092.6,25202800,4501.8,3683.4,4440.0,3288.1,4023.0,8,1,4022.4,8,2,4022.3,5,1,4022.2,12,1,4022.0,387,4,4023.6,13,4,4023.7,21,2,4023.8,20,2,4023.9,52,2,4024.0,44,4
11483,2026-07-02 13:28:07+05:30,4023.0,4,4037.3,1442324,156652.0,172642.0,4100.0,4110.0,4012.0,4092.6,25202800,4501.8,3683.4,4440.0,3288.1,4023.0,4,1,4022.4,8,2,4022.3,5,1,4022.2,12,1,4022.0,387,4,4023.6,10,3,4023.7,21,2,4023.8,20,2,4023.9,53,3,4024.0,44,4
11483,2026-07-02 13:28:07+05:30,4023.6,1,4037.3,1442324,156652.0,172642.0,4100.0,4110.0,4012.0,4092.6,25202800,4501.8,3683.4,4440.0,3288.1,4023.0,4,1,4022.4,8,2,4022.3,5,1,4022.2,12,1,4022.0,387,4,4023.6,10,3,4023.7,21,2,4023.8,20,2,4023.9,53,3,4024.0,44,4
11483,2026-07-02 13:28:08+05:30,4024.0,53,4037.3,1442776,158856.0,171964.0,4100.0,4110.0,4012.0,4092.6,25202800,4501.8,3683.4,4440.0,3288.1,4024.0,27,1,4023.0,31,2,4022.8,13,1,4022.6,51,2,4022.5,85,3,4024.1,45,5,4024.5,69,3,4024.6,50,1,4024.7,72,2,4024.8,43,3
11483,2026-07-02 13:28:08+05:30,4024.0,54,4037.3,1442776,158856.0,171964.0,4100.0,4110.0,4012.0,4092.6,25202800,4501.8,3683.4,4440.0,3288.1,4024.0,27,1,4023.0,31,2,4022.8,13,1,4022.6,51,2,4022.5,85,3,4024.1,45,5,4024.5,69,3,4024.6,50,1,4024.7,72,2,4024.8,43,3
11483,2026-07-02 13:28:09+05:30,4024.0,50,4037.29,1442881,158771.0,172164.0,4100.0,4110.0,4012.0,4092.6,25202800,4501.8,3683.4,4440.0,3288.1,4024.0,31,2,4023.0,31,2,4022.9,45,2,4022.8,13,1,4022.6,3,1,4024.1,37,4,4024.2,14,1,4024.5,19,2,4024.7,22,1,4024.8,35,2
11483,2026-07-02 13:28:09+05:30,4024.0,76,4037.29,1442881,158771.0,172164.0,4100.0,4110.0,4012.0,4092.6,25202800,4501.8,3683.4,4440.0,3288.1,4024.0,31,2,4023.0,31,2,4022.9,45,2,4022.8,13,1,4022.6,3,1,4024.1,37,4,4024.2,14,1,4024.5,19,2,4024.7,22,1,4024.8,35,2
11483,2026-07-02 13:28:10+05:30,4024.1,1,4037.29,1443070,158868.0,172222.0,4100.0,4110.0,4012.0,4092.6,25202800,4501.8,3683.4,4440.0,3288.1,4024.0,4,1,4023.0,31,2,4022.9,75,2,4022.8,13,1,4022.6,3,1,4024.1,18,2,4024.2,14,1,4024.5,19,2,4024.6,2,1,4024.7,22,1
11483,2026-07-02 13:28:10+05:30,4024.0,12,4037.29,1443070,158868.0,172222.0,4100.0,4110.0,4012.0,4092.6,25202800,4501.8,3683.4,4440.0,3288.1,4024.0,4,1,4023.0,31,2,4022.9,75,2,4022.8,13,1,4022.6,3,1,4024.1,18,2,4024.2,14,1,4024.5,19,2,4024.6,2,1,4024.7,22,1
11483,2026-07-02 13:28:11+05:30,4023.0,39,4037.29,1443203,158747.0,172730.0,4100.0,4110.0,4012.0,4092.6,25202800,4501.8,3683.4,4440.0,3288.1,4023.0,30,1,4022.5,76,3,4022.4,4,1,4022.3,5,1,4022.2,50,3,4024.0,71,8,4024.1,33,4,4024.4,36,4,4024.5,129,7,4024.6,75,3
11483,2026-07-02 13:28:11+05:30,4023.0,39,4037.29,1443203,158747.0,172730.0,4100.0,4110.0,4012.0,4092.6,25202800,4501.8,3683.4,4440.0,3288.1,4023.0,30,1,4022.5,76,3,4022.4,4,1,4022.3,5,1,4022.2,50,3,4024.0,71,8,4024.1,33,4,4024.4,36,4,4024.5,129,7,4024.6,75,3
11483,2026-07-02 13:28:11+05:30,4023.0,16,4037.29,1443203,158747.0,172730.0,4100.0,4110.0,4012.0,4092.6,25202800,4501.8,3683.4,4440.0,3288.1,4023.0,30,1,4022.5,76,3,4022.4,4,1,4022.3,5,1,4022.2,50,3,4024.0,71,8,4024.1,33,4,4024.4,36,4,4024.5,129,7,4024.6,75,3
11483,2026-07-02 13:28:12+05:30,4024.0,6,4037.29,1443244,158765.0,172714.0,4100.0,4110.0,4012.0,4092.6,25202800,4501.8,3683.4,4440.0,3288.1,4023.0,14,1,4022.5,76,3,4022.4,14,2,4022.3,5,1,4022.2,50,3,4024.0,46,7,4024.1,33,4,4024.2,11,1,4024.3,8,1,4024.4,30,2
11483,2026-07-02 13:28:12+05:30,4024.0,6,4037.29,1443244,158765.0,172714.0,4100.0,4110.0,4012.0,4092.6,25202800,4501.8,3683.4,4440.0,3288.1,4023.0,14,1,4022.5,76,3,4022.4,14,2,4022.3,5,1,4022.2,50,3,4024.0,46,7,4024.1,33,4,4024.2,11,1,4024.3,8,1,4024.4,30,2
11483,2026-07-02 13:28:12+05:30,4023.0,5,4037.29,1443244,158765.0,172714.0,4100.0,4110.0,4012.0,4092.6,25202800,4501.8,3683.4,4440.0,3288.1,4023.0,14,1,4022.5,76,3,4022.4,14,2,4022.3,5,1,4022.2,50,3,4024.0,46,7,4024.1,33,4,4024.2,11,1,4024.3,8,1,4024.4,30,2
11483,2026-07-02 13:28:13+05:30,4023.0,5,4037.29,1443249,158754.0,172747.0,4100.0,4110.0,4012.0,4092.6,25202800,4501.8,3683.4,4440.0,3288.1,4023.0,9,1,4022.5,76,3,4022.4,14,2,4022.3,5,1,4022.2,50,3,4024.0,40,6,4024.1,33,4,4024.2,22,2,4024.3,8,1,4024.4,30,2
11483,2026-07-02 13:28:13+05:30,4023.0,5,4037.29,1443249,158754.0,172747.0,4100.0,4110.0,4012.0,4092.6,25202800,4501.8,3683.4,4440.0,3288.1,4023.0,9,1,4022.5,76,3,4022.4,14,2,4022.3,5,1,4022.2,50,3,4024.0,40,6,4024.1,33,4,4024.2,22,2,4024.3,8,1,4024.4,30,2
11483,2026-07-02 13:28:13+05:30,4023.0,50,4037.29,1443249,158754.0,172747.0,4100.0,4110.0,4012.0,4092.6,25202800,4501.8,3683.4,4440.0,3288.1,4023.0,9,1,4022.5,76,3,4022.4,14,2,4022.3,5,1,4022.2,50,3,4024.0,40,6,4024.1,33,4,4024.2,22,2,4024.3,8,1,4024.4,30,2
11483,2026-07-02 13:28:14+05:30,4023.0,50,4037.29,1443299,158745.0,172870.0,4100.0,4110.0,4012.0,4092.6,25202800,4501.8,3683.4,4440.0,3288.1,4023.0,30,1,4022.5,39,2,4022.4,14,2,4022.3,5,1,4022.2,29,2,4024.0,40,6,4024.1,33,4,4024.2,22,2,4024.3,8,1,4024.4,30,2
11483,2026-07-02 13:28:14+05:30,4023.0,50,4037.29,1443299,158745.0,172870.0,4100.0,4110.0,4012.0,4092.6,25202800,4501.8,3683.4,4440.0,3288.1,4023.0,30,1,4022.5,39,2,4022.4,14,2,4022.3,5,1,4022.2,29,2,4024.0,40,6,4024.1,33,4,4024.2,22,2,4024.3,8,1,4024.4,30,2
11483,2026-07-02 13:28:14+05:30,4022.4,28,4037.29,1443299,158745.0,172870.0,4100.0,4110.0,4012.0,4092.6,25202800,4501.8,3683.4,4440.0,3288.1,4023.0,30,1,4022.5,39,2,4022.4,14,2,4022.3,5,1,4022.2,29,2,4024.0,40,6,4024.1,33,4,4024.2,22,2,4024.3,8,1,4024.4,30,2
11483,2026-07-02 13:28:14+05:30,4022.4,28,4037.29,1443299,158745.0,172870.0,4100.0,4110.0,4012.0,4092.6,25202800,4501.8,3683.4,4440.0,3288.1,4023.0,30,1,4022.5,39,2,4022.4,14,2,4022.3,5,1,4022.2,29,2,4024.0,40,6,4024.1,33,4,4024.2,22,2,4024.3,8,1,4024.4,30,2
11483,2026-07-02 13:28:15+05:30,4022.4,28,4037.29,1443461,158730.0,172933.0,4100.0,4110.0,4012.0,4092.6,25202800,4501.8,3683.4,4440.0,3288.1,4022.4,54,2,4022.3,15,2,4022.2,14,2,4022.0,329,5,4021.9,12,1,4023.9,14,1,4024.0,39,6,4024.1,33,4,4024.2,22,2,4024.3,64,3
11483,2026-07-02 13:28:15+05:30,4022.4,28,4037.29,1443461,158730.0,172933.0,4100.0,4110.0,4012.0,4092.6,25202800,4501.8,3683.4,4440.0,3288.1,4022.4,54,2,4022.3,15,2,4022.2,14,2,4022.0,329,5,4021.9,12,1,4023.9,14,1,4024.0,39,6,4024.1,33,4,4024.2,22,2,4024.3,64,3
11483,2026-07-02 13:28:15+05:30,4023.9,1,4037.29,1443461,158730.0,172933.0,4100.0,4110.0,4012.0,4092.6,25202800,4501.8,3683.4,4440.0,3288.1,4022.4,54,2,4022.3,15,2,4022.2,14,2,4022.0,329,5,4021.9,12,1,4023.9,14,1,4024.0,39,6,4024.1,33,4,4024.2,22,2,4024.3,64,3
11483,2026-07-02 13:28:15+05:30,4023.9,1,4037.29,1443461,158730.0,172933.0,4100.0,4110.0,4012.0,4092.6,25212075,4501.8,3683.4,4440.0,3288.1,4022.4,54,2,4022.3,15,2,4022.2,14,2,4022.0,329,5,4021.9,12,1,4023.9,14,1,4024.0,39,6,4024.1,33,4,4024.2,22,2,4024.3,64,3
11483,2026-07-02 13:28:16+05:30,4023.9,1,4037.29,1443492,158746.0,173000.0,4100.0,4110.0,4012.0,4092.6,25212075,4501.8,3683.4,4440.0,3288.1,4022.5,19,1,4022.4,34,2,4022.3,32,3,4022.2,26,2,4022.1,2,1,4023.9,11,3,4024.0,28,5,4024.1,33,4,4024.2,36,3,4024.3,96,4
11483,2026-07-02 13:28:16+05:30,4023.9,1,4037.29,1443492,158746.0,173000.0,4100.0,4110.0,4012.0,4092.6,25212075,4501.8,3683.4,4440.0,3288.1,4022.5,19,1,4022.4,34,2,4022.3,32,3,4022.2,26,2,4022.1,2,1,4023.9,11,3,4024.0,28,5,4024.1,33,4,4024.2,36,3,4024.3,96,4
11483,2026-07-02 13:28:16+05:30,4022.5,3,4037.29,1443492,158746.0,173000.0,4100.0,4110.0,4012.0,4092.6,25212075,4501.8,3683.4,4440.0,3288.1,4022.5,19,1,4022.4,34,2,4022.3,32,3,4022.2,26,2,4022.1,2,1,4023.9,11,3,4024.0,28,5,4024.1,33,4,4024.2,36,3,4024.3,96,4
11483,2026-07-02 13:28:17+05:30,4022.5,3,4037.29,1443495,158811.0,172764.0,4100.0,4110.0,4012.0,4092.6,25212075,4501.8,3683.4,4440.0,3288.1,4022.5,41,2,4022.4,60,3,4022.3,15,2,4022.2,26,2,4022.1,12,1,4023.9,10,3,4024.0,28,5,4024.1,50,5,4024.2,14,1,4024.4,44,3
11483,2026-07-02 13:28:17+05:30,4022.5,3,4037.29,1443495,158811.0,172764.0,4100.0,4110.0,4012.0,4092.6,25212075,4501.8,3683.4,4440.0,3288.1,4022.5,41,2,4022.4,60,3,4022.3,15,2,4022.2,26,2,4022.1,12,1,4023.9,10,3,4024.0,28,5,4024.1,50,5,4024.2,14,1,4024.4,44,3
11483,2026-07-02 13:28:17+05:30,4024.0,5,4037.29,1443495,158811.0,172764.0,4100.0,4110.0,4012.0,4092.6,25212075,4501.8,3683.4,4440.0,3288.1,4022.5,41,2,4022.4,60,3,4022.3,15,2,4022.2,26,2,4022.1,12,1,4023.9,10,3,4024.0,28,5,4024.1,50,5,4024.2,14,1,4024.4,44,3
11483,2026-07-02 13:28:18+05:30,4024.0,5,4037.29,1443511,158744.0,172932.0,4100.0,4110.0,4012.0,4092.6,25212075,4501.8,3683.4,4440.0,3288.1,4023.0,1,1,4022.5,20,2,4022.4,17,1,4022.3,5,1,4022.2,28,3,4023.9,7,1,4024.0,51,7,4024.1,33,4,4024.4,30,2,4024.5,91,6
11483,2026-07-02 13:28:18+05:30,4023.0,1,4037.29,1443511,158744.0,172932.0,4100.0,4110.0,4012.0,4092.6,25212075,4501.8,3683.4,4440.0,3288.1,4023.0,1,1,4022.5,20,2,4022.4,17,1,4022.3,5,1,4022.2,28,3,4023.9,7,1,4024.0,51,7,4024.1,33,4,4024.4,30,2,4024.5,91,6
11483,2026-07-02 13:28:19+05:30,4024.0,1,4037.29,1443537,158963.0,172716.0,4100.0,4110.0,4012.0,4092.6,25212075,4501.8,3683.4,4440.0,3288.1,4022.9,19,1,4022.8,3,2,4022.6,38,3,4022.5,55,5,4022.4,48,5,4024.0,18,2,4024.1,28,3,4024.4,30,2,4024.5,39,3,4024.6,42,2
11483,2026-07-02 13:28:19+05:30,4022.8,1,4037.29,1443537,158963.0,172716.0,4100.0,4110.0,4012.0,4092.6,25212075,4501.8,3683.4,4440.0,3288.1,4022.9,19,1,4022.8,3,2,4022.6,38,3,4022.5,55,5,4022.4,48,5,4024.0,18,2,4024.1,28,3,4024.4,30,2,4024.5,39,3,4024.6,42,2
11483,2026-07-02 13:28:20+05:30,4022.8,1,4037.29,1443541,158970.0,172759.0,4100.0,4110.0,4012.0,4092.6,25212075,4501.8,3683.4,4440.0,3288.1,4022.7,28,2,4022.6,38,3,4022.5,38,3,4022.4,27,2,4022.3,8,2,4024.0,39,4,4024.1,28,3,4024.4,30,2,4024.5,70,4,4024.6,42,2
11483,2026-07-02 13:28:21+05:30,4022.8,1,4037.29,1443541,159109.0,172696.0,4100.0,4110.0,4012.0,4092.6,25212075,4501.8,3683.4,4440.0,3288.1,4022.9,2,1,4022.8,35,1,4022.7,26,1,4022.6,38,3,4022.5,51,4,4024.0,39,4,4024.1,28,3,4024.4,30,2,4024.5,70,4,4024.6,42,2
11483,2026-07-02 13:28:21+05:30,4024.0,2,4037.29,1443541,159109.0,172696.0,4100.0,4110.0,4012.0,4092.6,25212075,4501.8,3683.4,4440.0,3288.1,4022.9,2,1,4022.8,35,1,4022.7,26,1,4022.6,38,3,4022.5,51,4,4024.0,39,4,4024.1,28,3,4024.4,30,2,4024.5,70,4,4024.6,42,2
11483,2026-07-02 13:28:22+05:30,4024.0,2,4037.29,1443544,159171.0,172660.0,4100.0,4110.0,4012.0,4092.6,25212075,4501.8,3683.4,4440.0,3288.1,4022.8,35,1,4022.7,2,1,4022.6,38,3,4022.5,94,7,4022.4,30,3,4024.0,37,4,4024.1,28,3,4024.4,30,2,4024.5,39,3,4024.6,42,2
11483,2026-07-02 13:28:22+05:30,4022.8,1,4037.29,1443544,159171.0,172660.0,4100.0,4110.0,4012.0,4092.6,25212075,4501.8,3683.4,4440.0,3288.1,4022.8,35,1,4022.7,2,1,4022.6,38,3,4022.5,94,7,4022.4,30,3,4024.0,37,4,4024.1,28,3,4024.4,30,2,4024.5,39,3,4024.6,42,2
11483,2026-07-02 13:28:23+05:30,4022.8,1,4037.29,1443545,159124.0,172662.0,4100.0,4110.0,4012.0,4092.6,25212075,4501.8,3683.4,4440.0,3288.1,4022.8,34,1,4022.7,2,1,4022.6,38,3,4022.5,80,6,4022.4,30,3,4024.0,37,4,4024.1,28,3,4024.4,30,2,4024.5,39,3,4024.6,42,2
11483,2026-07-02 13:28:23+05:30,4024.0,1,4037.29,1443545,159124.0,172662.0,4100.0,4110.0,4012.0,4092.6,25212075,4501.8,3683.4,4440.0,3288.1,4022.8,34,1,4022.7,2,1,4022.6,38,3,4022.5,80,6,4022.4,30,3,4024.0,37,4,4024.1,28,3,4024.4,30,2,4024.5,39,3,4024.6,42,2
11483,2026-07-02 13:28:24+05:30,4024.0,1,4037.29,1443547,159120.0,172644.0,4100.0,4110.0,4012.0,4092.6,25212075,4501.8,3683.4,4440.0,3288.1,4022.8,34,1,4022.7,2,1,4022.6,38,3,4022.5,53,5,4022.4,47,4,4024.0,35,4,4024.1,28,3,4024.4,30,2,4024.5,22,2,4024.6,42,2
11483,2026-07-02 13:28:24+05:30,4024.0,1,4037.29,1443547,159120.0,172644.0,4100.0,4110.0,4012.0,4092.6,25212075,4501.8,3683.4,4440.0,3288.1,4022.8,34,1,4022.7,2,1,4022.6,38,3,4022.5,53,5,4022.4,47,4,4024.0,35,4,4024.1,28,3,4024.4,30,2,4024.5,22,2,4024.6,42,2
11483,2026-07-02 13:28:25+05:30,4024.0,1,4037.29,1443547,159155.0,173622.0,4100.0,4110.0,4012.0,4092.6,25212075,4501.8,3683.4,4440.0,3288.1,4022.7,2,1,4022.6,21,1,4022.5,22,2,4022.4,19,2,4022.3,5,1,4023.3,93,3,4023.4,42,1,4023.5,42,1,4023.7,42,1,4023.9,46,2
11483,2026-07-02 13:28:26+05:30,4023.0,8,4037.29,1443555,159177.0,173793.0,4100.0,4110.0,4012.0,4092.6,25212075,4501.8,3683.4,4440.0,3288.1,4022.8,8,1,4022.7,2,1,4022.6,21,1,4022.5,22,2,4022.4,19,2,4023.0,77,2,4023.1,42,1,4023.2,42,1,4023.3,12,2,4023.4,42,1
11483,2026-07-02 13:28:26+05:30,4022.8,73,4037.29,1443555,159177.0,173793.0,4100.0,4110.0,4012.0,4092.6,25212075,4501.8,3683.4,4440.0,3288.1,4022.8,8,1,4022.7,2,1,4022.6,21,1,4022.5,22,2,4022.4,19,2,4023.0,77,2,4023.1,42,1,4023.2,42,1,4023.3,12,2,4023.4,42,1
11483,2026-07-02 13:28:27+05:30,4022.8,73,4037.29,1443629,159039.0,173701.0,4100.0,4110.0,4012.0,4092.6,25212075,4501.8,3683.4,4440.0,3288.1,4022.8,6,1,4022.7,2,1,4022.5,22,2,4022.4,17,1,4022.3,5,1,4022.9,42,1,4023.0,48,3,4023.2,42,1,4023.3,12,2,4023.4,42,1
11483,2026-07-02 13:28:27+05:30,4022.7,2,4037.29,1443629,159039.0,173701.0,4100.0,4110.0,4012.0,4092.6,25212075,4501.8,3683.4,4440.0,3288.1,4022.8,6,1,4022.7,2,1,4022.5,22,2,4022.4,17,1,4022.3,5,1,4022.9,42,1,4023.0,48,3,4023.2,42,1,4023.3,12,2,4023.4,42,1
11483,2026-07-02 13:28:28+05:30,4022.5,1,4037.29,1443638,158578.0,173879.0,4100.0,4110.0,4012.0,4092.6,25212075,4501.8,3683.4,4440.0,3288.1,4022.3,5,1,4022.1,41,2,4022.0,313,5,4021.8,82,3,4021.7,2,1,4022.7,83,2,4022.8,43,2,4022.9,42,1,4023.0,6,2,4023.1,42,1
11483,2026-07-02 13:28:28+05:30,4022.4,8,4037.29,1443638,158578.0,173879.0,4100.0,4110.0,4012.0,4092.6,25212075,4501.8,3683.4,4440.0,3288.1,4022.3,5,1,4022.1,41,2,4022.0,313,5,4021.8,82,3,4021.7,2,1,4022.7,83,2,4022.8,43,2,4022.9,42,1,4023.0,6,2,4023.1,42,1
11483,2026-07-02 13:28:29+05:30,4022.3,1,4037.29,1443800,158590.0,173574.0,4100.0,4110.0,4012.0,4092.6,25212075,4501.8,3683.4,4440.0,3288.1,4022.3,3,1,4022.1,15,2,4022.0,314,6,4021.8,82,3,4021.6,14,1,4022.6,3,1,4022.7,6,2,4022.8,43,2,4023.0,46,2,4023.3,12,2
11483,2026-07-02 13:28:29+05:30,4022.1,1,4037.29,1443800,158590.0,173574.0,4100.0,4110.0,4012.0,4092.6,25212075,4501.8,3683.4,4440.0,3288.1,4022.3,3,1,4022.1,15,2,4022.0,314,6,4021.8,82,3,4021.6,14,1,4022.6,3,1,4022.7,6,2,4022.8,43,2,4023.0,46,2,4023.3,12,2
11483,2026-07-02 13:28:30+05:30,4022.0,1,4037.29,1443833,158286.0,173810.0,4100.0,4110.0,4012.0,4092.6,25212075,4501.8,3683.4,4440.0,3288.1,4022.0,315,7,4021.8,93,4,4021.6,14,1,4021.4,41,2,4021.3,191,4,4022.1,65,1,4022.3,2,1,4022.5,42,1,4022.6,3,1,4022.7,44,2
11483,2026-07-02 13:28:30+05:30,4022.1,3,4037.29,1443833,158286.0,173810.0,4100.0,4110.0,4012.0,4092.6,25212075,4501.8,3683.4,4440.0,3288.1,4022.0,315,7,4021.8,93,4,4021.6,14,1,4021.4,41,2,4021.3,191,4,4022.1,65,1,4022.3,2,1,4022.5,42,1,4022.6,3,1,4022.7,44,2
11483,2026-07-02 13:28:31+05:30,4022.1,20,4037.29,1443880,158144.0,173749.0,4100.0,4110.0,4012.0,4092.6,25212075,4501.8,3683.4,4440.0,3288.1,4022.0,307,4,4021.9,2,1,4021.8,93,4,4021.6,14,1,4021.4,41,2,4022.1,3,2,4022.3,2,1,4022.4,42,1,4022.6,45,2,4022.8,1,1
11483,2026-07-02 13:28:31+05:30,4022.1,2,4037.29,1443880,158144.0,173749.0,4100.0,4110.0,4012.0,4092.6,25212075,4501.8,3683.4,4440.0,3288.1,4022.0,307,4,4021.9,2,1,4021.8,93,4,4021.6,14,1,4021.4,41,2,4022.1,3,2,4022.3,2,1,4022.4,42,1,4022.6,45,2,4022.8,1,1
11483,2026-07-02 13:28:32+05:30,4022.3,1,4037.28,1443915,158344.0,173625.0,4100.0,4110.0,4012.0,4092.6,25212075,4501.8,3683.4,4440.0,3288.1,4022.0,286,5,4021.8,84,4,4021.6,28,2,4021.4,44,3,4021.3,219,6,4022.3,1,1,4022.4,42,1,4022.6,45,2,4022.8,1,1,4023.0,4,1
11483,2026-07-02 13:28:32+05:30,4022.5,42,4037.28,1443915,158344.0,173625.0,4100.0,4110.0,4012.0,4092.6,25212075,4501.8,3683.4,4440.0,3288.1,4022.0,286,5,4021.8,84,4,4021.6,28,2,4021.4,44,3,4021.3,219,6,4022.3,1,1,4022.4,42,1,4022.6,45,2,4022.8,1,1,4023.0,4,1
11483,2026-07-02 13:28:33+05:30,4022.5,1,4037.28,1444045,159093.0,173350.0,4100.0,4110.0,4012.0,4092.6,25212075,4501.8,3683.4,4440.0,3288.1,4022.5,2,1,4022.3,27,2,4022.2,27,1,4022.1,39,2,4022.0,294,6,4022.6,3,1,4022.7,42,1,4022.8,1,1,4023.4,12,1,4023.8,22,2
11483,2026-07-02 13:28:33+05:30,4022.5,2,4037.28,1444045,159093.0,173350.0,4100.0,4110.0,4012.0,4092.6,25212075,4501.8,3683.4,4440.0,3288.1,4022.5,2,1,4022.3,27,2,4022.2,27,1,4022.1,39,2,4022.0,294,6,4022.6,3,1,4022.7,42,1,4022.8,1,1,4023.4,12,1,4023.8,22,2
11483,2026-07-02 13:28:34+05:30,4022.4,36,4037.28,1444185,159097.0,173423.0,4100.0,4110.0,4012.0,4092.6,25212075,4501.8,3683.4,4440.0,3288.1,4022.3,42,4,4022.2,3,1,4022.1,66,3,4022.0,275,5,4021.9,5,1,4022.7,10,1,4022.8,43,2,4023.0,42,1,4023.8,10,1,4024.0,24,2
11483,2026-07-02 13:28:34+05:30,4022.3,1,4037.28,1444185,159097.0,173423.0,4100.0,4110.0,4012.0,4092.6,25212075,4501.8,3683.4,4440.0,3288.1,4022.3,42,4,4022.2,3,1,4022.1,66,3,4022.0,275,5,4021.9,5,1,4022.7,10,1,4022.8,43,2,4023.0,42,1,4023.8,10,1,4024.0,24,2
11483,2026-07-02 13:28:35+05:30,4022.5,2,4037.28,1444205,159071.0,173699.0,4100.0,4110.0,4012.0,4092.6,25212075,4501.8,3683.4,4440.0,3288.1,4022.3,11,1,4022.2,3,1,4022.0,275,5,4021.8,92,4,4021.7,5,1,4022.5,79,1,4022.6,42,1,4022.7,42,1,4022.8,1,1,4022.9,42,1
11483,2026-07-02 13:28:35+05:30,4022.5,2,4037.28,1444205,159071.0,173699.0,4100.0,4110.0,4012.0,4092.6,25212075,4501.8,3683.4,4440.0,3288.1,4022.3,11,1,4022.2,3,1,4022.0,275,5,4021.8,92,4,4021.7,5,1,4022.5,79,1,4022.6,42,1,4022.7,42,1,4022.8,1,1,4022.9,42,1
11483,2026-07-02 13:28:36+05:30,4022.2,1,4037.28,1444212,159113.0,173680.0,4100.0,4110.0,4012.0,4092.6,25212075,4501.8,3683.4,4440.0,3288.1,4022.2,41,2,4022.0,275,5,4021.8,92,4,4021.7,5,1,4021.6,17,2,4022.4,42,1,4022.5,42,1,4022.7,54,2,4022.8,1,1,4022.9,42,1
11483,2026-07-02 13:28:36+05:30,4022.2,1,4037.28,1444212,159113.0,173680.0,4100.0,4110.0,4012.0,4092.6,25212075,4501.8,3683.4,4440.0,3288.1,4022.2,41,2,4022.0,275,5,4021.8,92,4,4021.7,5,1,4021.6,17,2,4022.4,42,1,4022.5,42,1,4022.7,54,2,4022.8,1,1,4022.9,42,1
11483,2026-07-02 13:28:37+05:30,4022.0,1,4037.28,1444215,158422.0,173798.0,4100.0,4110.0,4012.0,4092.6,25212075,4501.8,3683.4,4440.0,3288.1,4022.0,274,5,4021.8,92,4,4021.7,5,1,4021.6,5,1,4021.4,38,2,4022.2,76,1,4022.3,42,1,4022.4,42,1,4022.6,57,2,4022.8,43,2
11483,2026-07-02 13:28:37+05:30,4022.0,5,4037.28,1444215,158422.0,173798.0,4100.0,4110.0,4012.0,4092.6,25212075,4501.8,3683.4,4440.0,3288.1,4022.0,274,5,4021.8,92,4,4021.7,5,1,4021.6,5,1,4021.4,38,2,4022.2,76,1,4022.3,42,1,4022.4,42,1,4022.6,57,2,4022.8,43,2
11483,2026-07-02 13:28:38+05:30,4022.0,1,4037.28,1444238,158275.0,173948.0,4100.0,4110.0,4012.0,4092.6,25212075,4501.8,3683.4,4440.0,3288.1,4022.0,267,5,4021.8,56,3,4021.7,25,2,4021.6,5,1,4021.4,36,1,4022.1,42,1,4022.2,42,1,4022.4,42,1,4022.6,57,2,4022.8,14,2
11483,2026-07-02 13:28:38+05:30,4022.1,31,4037.28,1444238,158275.0,173948.0,4100.0,4110.0,4012.0,4092.6,25212075,4501.8,3683.4,4440.0,3288.1,4022.0,267,5,4021.8,56,3,4021.7,25,2,4021.6,5,1,4021.4,36,1,4022.1,42,1,4022.2,42,1,4022.4,42,1,4022.6,57,2,4022.8,14,2
11483,2026-07-02 13:28:39+05:30,4022.5,1,4037.28,1444383,159230.0,173735.0,4100.0,4110.0,4012.0,4092.6,25212075,4501.8,3683.4,4440.0,3288.1,4022.5,13,1,4022.4,15,2,4022.3,13,1,4022.2,1,1,4022.1,59,5,4022.6,15,1,4022.8,14,2,4023.8,25,2,4023.9,12,1,4024.0,19,1
11483,2026-07-02 13:28:39+05:30,4022.5,1,4037.28,1444383,159230.0,173735.0,4100.0,4110.0,4012.0,4092.6,25212075,4501.8,3683.4,4440.0,3288.1,4022.5,13,1,4022.4,15,2,4022.3,13,1,4022.2,1,1,4022.1,59,5,4022.6,15,1,4022.8,14,2,4023.8,25,2,4023.9,12,1,4024.0,19,1
11483,2026-07-02 13:28:40+05:30,4022.4,1,4037.28,1444402,159019.0,173575.0,4100.0,4110.0,4012.0,4092.6,25212075,4501.8,3683.4,4440.0,3288.1,4022.4,3,3,4022.3,13,1,4022.2,1,1,4022.1,27,2,4022.0,300,6,4022.6,15,1,4022.7,11,1,4022.8,1,1,4023.8,25,2,4024.0,23,2
11483,2026-07-02 13:28:40+05:30,4022.4,1,4037.28,1444402,159019.0,173575.0,4100.0,4110.0,4012.0,4092.6,25212075,4501.8,3683.4,4440.0,3288.1,4022.4,3,3,4022.3,13,1,4022.2,1,1,4022.1,27,2,4022.0,300,6,4022.6,15,1,4022.7,11,1,4022.8,1,1,4023.8,25,2,4024.0,23,2
11483,2026-07-02 13:28:41+05:30,4022.4,1,4037.28,1444406,159025.0,173647.0,4100.0,4110.0,4012.0,4092.6,25212075,4501.8,3683.4,4440.0,3288.1,4022.4,1,1,4022.3,13,1,4022.2,1,1,4022.1,27,2,4022.0,300,6,4022.6,14,1,4022.7,11,1,4022.8,1,1,4023.7,31,1,4023.8,25,2
11483,2026-07-02 13:28:41+05:30,4024.7,2,4037.28,1444406,159025.0,173647.0,4100.0,4110.0,4012.0,4092.6,25212075,4501.8,3683.4,4440.0,3288.1,4022.4,1,1,4022.3,13,1,4022.2,1,1,4022.1,27,2,4022.0,300,6,4022.6,14,1,4022.7,11,1,4022.8,1,1,4023.7,31,1,4023.8,25,2
11483,2026-07-02 13:28:42+05:30,4024.0,1,4037.27,1445138,159791.0,172748.0,4100.0,4110.0,4012.0,4092.6,25212075,4501.8,3683.4,4440.0,3288.1,4022.5,36,2,4022.4,4,1,4022.3,57,2,4022.2,89,3,4022.1,27,2,4024.0,94,9,4024.1,41,4,4024.2,33,2,4024.3,16,1,4024.4,14,1
11483,2026-07-02 13:28:42+05:30,4022.5,15,4037.27,1445138,159791.0,172748.0,4100.0,4110.0,4012.0,4092.6,25212075,4501.8,3683.4,4440.0,3288.1,4022.5,36,2,4022.4,4,1,4022.3,57,2,4022.2,89,3,4022.1,27,2,4024.0,94,9,4024.1,41,4,4024.2,33,2,4024.3,16,1,4024.4,14,1
11483,2026-07-02 13:28:43+05:30,4022.5,15,4037.27,1445199,158884.0,173151.0,4100.0,4110.0,4012.0,4092.6,25212075,4501.8,3683.4,4440.0,3288.1,4022.3,13,1,4022.2,11,2,4022.1,24,1,4022.0,300,6,4021.9,25,1,4022.5,9,1,4023.9,74,3,4024.0,83,8,4024.1,77,5,4024.2,23,2
11483,2026-07-02 13:28:43+05:30,4022.5,18,4037.27,1445199,158884.0,173151.0,4100.0,4110.0,4012.0,4092.6,25212075,4501.8,3683.4,4440.0,3288.1,4022.3,13,1,4022.2,11,2,4022.1,24,1,4022.0,300,6,4021.9,25,1,4022.5,9,1,4023.9,74,3,4024.0,83,8,4024.1,77,5,4024.2,23,2
11483,2026-07-02 13:28:44+05:30,4023.9,1,4037.27,1445236,160228.0,172682.0,4100.0,4110.0,4012.0,4092.6,25212075,4501.8,3683.4,4440.0,3288.1,4022.6,13,1,4022.5,473,1,4022.3,5,1,4022.2,26,3,4022.1,24,1,4023.9,33,4,4024.0,76,7,4024.1,77,5,4024.2,24,2,4024.3,16,1
11483,2026-07-02 13:28:44+05:30,4023.9,1,4037.27,1445236,160228.0,172682.0,4100.0,4110.0,4012.0,4092.6,25212075,4501.8,3683.4,4440.0,3288.1,4022.6,13,1,4022.5,473,1,4022.3,5,1,4022.2,26,3,4022.1,24,1,4023.9,33,4,4024.0,76,7,4024.1,77,5,4024.2,24,2,4024.3,16,1
11483,2026-07-02 13:28:45+05:30,4023.9,1,4037.27,1445242,160222.0,172881.0,4100.0,4110.0,4012.0,4092.6,25212075,4501.8,3683.4,4440.0,3288.1,4022.6,8,1,4022.5,473,1,4022.3,5,1,4022.2,23,2,4022.1,24,1,4023.9,34,5,4024.0,74,6,4024.1,77,5,4024.2,42,4,4024.3,16,1
11483,2026-07-02 13:28:45+05:30,4023.8,1,4037.27,1445242,160222.0,172881.0,4100.0,4110.0,4012.0,4092.6,25212075,4501.8,3683.4,4440.0,3288.1,4022.6,8,1,4022.5,473,1,4022.3,5,1,4022.2,23,2,4022.1,24,1,4023.9,34,5,4024.0,74,6,4024.1,77,5,4024.2,42,4,4024.3,16,1
11483,2026-07-02 13:28:46+05:30,4023.9,7,4037.27,1445251,160183.0,172859.0,4100.0,4110.0,4012.0,4092.6,25212075,4501.8,3683.4,4440.0,3288.1,4023.1,2,2,4022.6,9,2,4022.5,473,1,4022.3,5,1,4022.2,25,3,4023.9,16,4,4024.0,43,5,4024.1,77,5,4024.2,24,2,4024.3,18,2
11483,2026-07-02 13:28:46+05:30,4023.9,1,4037.27,1445251,160183.0,172859.0,4100.0,4110.0,4012.0,4092.6,25212075,4501.8,3683.4,4440.0,3288.1,4023.1,2,2,4022.6,9,2,4022.5,473,1,4022.3,5,1,4022.2,25,3,4023.9,16,4,4024.0,43,5,4024.1,77,5,4024.2,24,2,4024.3,18,2
11483,2026-07-02 13:28:47+05:30,4023.1,1,4037.27,1445254,159834.0,172834.0,4100.0,4110.0,4012.0,4092.6,25212075,4501.8,3683.4,4440.0,3288.1,4023.1,2,2,4022.6,82,3,4022.3,5,1,4022.2,25,3,4022.1,87,3,4023.9,19,5,4024.0,43,5,4024.1,77,5,4024.2,26,3,4024.3,16,1
11483,2026-07-02 13:28:47+05:30,4023.9,1,4037.27,1445254,159834.0,172834.0,4100.0,4110.0,4012.0,4092.6,25212075,4501.8,3683.4,4440.0,3288.1,4023.1,2,2,4022.6,82,3,4022.3,5,1,4022.2,25,3,4022.1,87,3,4023.9,19,5,4024.0,43,5,4024.1,77,5,4024.2,26,3,4024.3,16,1
11483,2026-07-02 13:28:48+05:30,4023.9,1,4037.27,1445255,159268.0,172942.0,4100.0,4110.0,4012.0,4092.6,25212075,4501.8,3683.4,4440.0,3288.1,4023.1,2,2,4022.6,82,3,4022.3,5,1,4022.2,25,3,4022.1,87,3,4023.9,19,6,4024.0,43,5,4024.1,77,5,4024.2,26,3,4024.3,16,1
11483,2026-07-02 13:28:48+05:30,4023.9,1,4037.27,1445255,159268.0,172942.0,4100.0,4110.0,4012.0,4092.6,25212075,4501.8,3683.4,4440.0,3288.1,4023.1,2,2,4022.6,82,3,4022.3,5,1,4022.2,25,3,4022.1,87,3,4023.9,19,6,4024.0,43,5,4024.1,77,5,4024.2,26,3,4024.3,16,1
11483,2026-07-02 13:28:49+05:30,4023.9,1,4037.27,1445257,159254.0,172946.0,4100.0,4110.0,4012.0,4092.6,25212075,4501.8,3683.4,4440.0,3288.1,4023.5,1,1,4023.1,1,1,4022.6,82,3,4022.5,14,2,4022.3,5,1,4023.9,14,5,4024.0,43,5,4024.1,77,5,4024.2,24,2,4024.3,18,2
11483,2026-07-02 13:28:49+05:30,4023.5,1,4037.27,1445257,159254.0,172946.0,4100.0,4110.0,4012.0,4092.6,25212075,4501.8,3683.4,4440.0,3288.1,4023.5,1,1,4023.1,1,1,4022.6,82,3,4022.5,14,2,4022.3,5,1,4023.9,14,5,4024.0,43,5,4024.1,77,5,4024.2,24,2,4024.3,18,2
11483,2026-07-02 13:28:50+05:30,4023.5,1,4037.27,1445259,159294.0,173172.0,4100.0,4110.0,4012.0,4092.6,25212075,4501.8,3683.4,4440.0,3288.1,4023.1,1,1,4022.6,82,3,4022.5,2,1,4022.3,5,1,4022.2,25,3,4023.5,1,1,4023.9,13,5,4024.0,43,5,4024.1,77,5,4024.2,24,2
11483,2026-07-02 13:28:50+05:30,4023.9,1,4037.27,1445259,159294.0,173172.0,4100.0,4110.0,4012.0,4092.6,25212075,4501.8,3683.4,4440.0,3288.1,4023.1,1,1,4022.6,82,3,4022.5,2,1,4022.3,5,1,4022.2,25,3,4023.5,1,1,4023.9,13,5,4024.0,43,5,4024.1,77,5,4024.2,24,2
11483,2026-07-02 13:28:51+05:30,4023.9,1,4037.27,1445267,159248.0,173180.0,4100.0,4110.0,4012.0,4092.6,25212075,4501.8,3683.4,4440.0,3288.1,4023.1,1,1,4022.6,82,3,4022.5,3,2,4022.3,5,1,4022.2,36,4,4023.5,1,1,4023.9,10,4,4024.0,43,5,4024.1,77,5,4024.2,24,2
11483,2026-07-02 13:28:51+05:30,4023.5,1,4037.27,1445267,159248.0,173180.0,4100.0,4110.0,4012.0,4092.6,25212075,4501.8,3683.4,4440.0,3288.1,4023.1,1,1,4022.6,82,3,4022.5,3,2,4022.3,5,1,4022.2,36,4,4023.5,1,1,4023.9,10,4,4024.0,43,5,4024.1,77,5,4024.2,24,2
11483,2026-07-02 13:28:52+05:30,4023.5,1,4037.27,1445269,159281.0,173201.0,4100.0,4110.0,4012.0,4092.6,25212075,4501.8,3683.4,4440.0,3288.1,4022.6,80,2,4022.5,3,2,4022.4,4,1,4022.3,5,1,4022.2,12,2,4023.9,9,3,4024.0,43,5,4024.1,77,5,4024.2,24,2,4024.3,16,1
11483,2026-07-02 13:28:52+05:30,4023.9,1,4037.27,1445269,159281.0,173201.0,4100.0,4110.0,4012.0,4092.6,25212075,4501.8,3683.4,4440.0,3288.1,4022.6,80,2,4022.5,3,2,4022.4,4,1,4022.3,5,1,4022.2,12,2,4023.9,9,3,4024.0,43,5,4024.1,77,5,4024.2,24,2,4024.3,16,1
11483,2026-07-02 13:28:53+05:30,4023.9,1,4037.27,1445271,159280.0,173235.0,4100.0,4110.0,4012.0,4092.6,25212075,4501.8,3683.4,4440.0,3288.1,4022.6,79,2,4022.5,3,2,4022.4,4,1,4022.3,5,1,4022.2,12,2,4023.9,11,4,4024.0,43,5,4024.1,77,5,4024.2,53,3,4024.3,19,2
11483,2026-07-02 13:28:53+05:30,4022.6,1,4037.27,1445271,159280.0,173235.0,4100.0,4110.0,4012.0,4092.6,25212075,4501.8,3683.4,4440.0,3288.1,4022.6,79,2,4022.5,3,2,4022.4,4,1,4022.3,5,1,4022.2,12,2,4023.9,11,4,4024.0,43,5,4024.1,77,5,4024.2,53,3,4024.3,19,2
11483,2026-07-02 13:28:54+05:30,4023.8,1,4037.27,1445274,159282.0,173371.0,4100.0,4110.0,4012.0,4092.6,25212075,4501.8,3683.4,4440.0,3288.1,4022.6,78,2,4022.5,3,2,4022.4,30,1,4022.3,5,1,4022.2,10,1,4023.8,66,5,4023.9,35,5,4024.0,43,5,4024.1,106,6,4024.2,34,3
11483,2026-07-02 13:28:54+05:30,4023.8,1,4037.27,1445274,159282.0,173371.0,4100.0,4110.0,4012.0,4092.6,25212075,4501.8,3683.4,4440.0,3288.1,4022.6,78,2,4022.5,3,2,4022.4,30,1,4022.3,5,1,4022.2,10,1,4023.8,66,5,4023.9,35,5,4024.0,43,5,4024.1,106,6,4024.2,34,3
11483,2026-07-02 13:28:55+05:30,4023.8,1,4037.27,1445275,159294.0,173387.0,4100.0,4110.0,4012.0,4092.6,25212075,4501.8,3683.4,4440.0,3288.1,4022.6,78,2,4022.5,3,2,4022.4,30,1,4022.3,17,2,4022.2,10,1,4023.8,68,6,4023.9,32,4,4024.0,43,5,4024.1,106,6,4024.2,34,3
11483,2026-07-02 13:28:55+05:30,4023.8,1,4037.27,1445275,159294.0,173387.0,4100.0,4110.0,4012.0,4092.6,25212075,4501.8,3683.4,4440.0,3288.1,4022.6,78,2,4022.5,3,2,4022.4,30,1,4022.3,17,2,4022.2,10,1,4023.8,68,6,4023.9,32,4,4024.0,43,5,4024.1,106,6,4024.2,34,3
11483,2026-07-02 13:28:56+05:30,4023.8,1,4037.27,1445278,159303.0,173395.0,4100.0,4110.0,4012.0,4092.6,25212075,4501.8,3683.4,4440.0,3288.1,4022.7,9,1,4022.6,73,1,4022.5,3,2,4022.4,30,1,4022.3,21,2,4023.8,66,6,4023.9,32,4,4024.0,56,6,4024.1,106,6,4024.2,34,3
11483,2026-07-02 13:28:56+05:30,4023.8,1,4037.27,1445278,159303.0,173395.0,4100.0,4110.0,4012.0,4092.6,25212075,4501.8,3683.4,4440.0,3288.1,4022.7,9,1,4022.6,73,1,4022.5,3,2,4022.4,30,1,4022.3,21,2,4023.8,66,6,4023.9,32,4,4024.0,56,6,4024.1,106,6,4024.2,34,3
11483,2026-07-02 13:28:57+05:30,4023.8,1,4037.27,1445294,159502.0,173386.0,4100.0,4110.0,4012.0,4092.6,25212075,4501.8,3683.4,4440.0,3288.1,4022.7,9,1,4022.6,73,1,4022.5,203,3,4022.4,46,2,4022.3,5,1,4023.8,65,6,4023.9,22,3,4024.0,56,6,4024.1,106,6,4024.2,34,3
11483,2026-07-02 13:28:57+05:30,4023.8,1,4037.27,1445294,159502.0,173386.0,4100.0,4110.0,4012.0,4092.6,25212075,4501.8,3683.4,4440.0,3288.1,4022.7,9,1,4022.6,73,1,4022.5,203,3,4022.4,46,2,4022.3,5,1,4023.8,65,6,4023.9,22,3,4024.0,56,6,4024.1,106,6,4024.2,34,3
11483,2026-07-02 13:28:58+05:30,4023.8,1,4037.27,1445298,159497.0,173393.0,4100.0,4110.0,4012.0,4092.6,25212075,4501.8,3683.4,4440.0,3288.1,4022.7,7,1,4022.6,73,1,4022.5,203,3,4022.4,46,2,4022.3,5,1,4023.8,62,5,4023.9,27,4,4024.0,56,6,4024.1,106,6,4024.2,34,3
11483,2026-07-02 13:28:58+05:30,4023.8,3,4037.27,1445298,159497.0,173393.0,4100.0,4110.0,4012.0,4092.6,25212075,4501.8,3683.4,4440.0,3288.1,4022.7,7,1,4022.6,73,1,4022.5,203,3,4022.4,46,2,4022.3,5,1,4023.8,62,5,4023.9,27,4,4024.0,56,6,4024.1,106,6,4024.2,34,3
11483,2026-07-02 13:28:59+05:30,4023.8,3,4037.27,1445370,159355.0,173248.0,4100.0,4110.0,4012.0,4092.6,25212075,4501.8,3683.4,4440.0,3288.1,4023.2,1,1,4022.7,2,1,4022.6,73,1,4022.5,203,3,4022.4,30,1,4023.7,4,1,4023.8,26,4,4023.9,18,3,4024.0,54,6,4024.1,21,2
11483,2026-07-02 13:28:59+05:30,4023.8,2,4037.27,1445370,159355.0,173248.0,4100.0,4110.0,4012.0,4092.6,25212075,4501.8,3683.4,4440.0,3288.1,4023.2,1,1,4022.7,2,1,4022.6,73,1,4022.5,203,3,4022.4,30,1,4023.7,4,1,4023.8,26,4,4023.9,18,3,4024.0,54,6,4024.1,21,2
11483,2026-07-02 13:29:00+05:30,4023.8,2,4037.27,1445393,159628.0,173821.0,4100.0,4110.0,4012.0,4092.6,25212075,4501.8,3683.4,4440.0,3288.1,4022.6,73,1,4022.5,203,3,4022.4,30,1,4022.3,5,1,4022.2,10,1,4023.2,1,1,4023.8,24,3,4023.9,18,3,4024.0,54,6,4024.1,21,2
11483,2026-07-02 13:29:00+05:30,4023.2,1,4037.27,1445393,159628.0,173821.0,4100.0,4110.0,4012.0,4092.6,25212075,4501.8,3683.4,4440.0,3288.1,4022.6,73,1,4022.5,203,3,4022.4,30,1,4022.3,5,1,4022.2,10,1,4023.2,1,1,4023.8,24,3,4023.9,18,3,4024.0,54,6,4024.1,21,2
11483,2026-07-02 13:29:01+05:30,4023.2,1,4037.27,1445396,159675.0,173893.0,4100.0,4110.0,4012.0,4092.6,25212075,4501.8,3683.4,4440.0,3288.1,4023.1,2,2,4022.9,25,1,4022.6,71,1,4022.5,203,3,4022.4,30,1,4023.2,1,1,4023.8,34,5,4023.9,18,3,4024.0,56,7,4024.1,21,2
11483,2026-07-02 13:29:01+05:30,4023.6,1,4037.27,1445396,159675.0,173893.0,4100.0,4110.0,4012.0,4092.6,25212075,4501.8,3683.4,4440.0,3288.1,4023.1,2,2,4022.9,25,1,4022.6,71,1,4022.5,203,3,4022.4,30,1,4023.2,1,1,4023.8,34,5,4023.9,18,3,4024.0,56,7,4024.1,21,2
11483,2026-07-02 13:29:02+05:30,4023.6,1,4037.27,1445408,159445.0,173457.0,4100.0,4110.0,4012.0,4092.6,25212075,4501.8,3683.4,4440.0,3288.1,4022.9,25,1,4022.6,71,1,4022.5,203,3,4022.4,30,1,4022.3,5,1,4023.6,11,3,4023.7,8,2,4023.8,13,3,4023.9,31,4,4024.0,54,6
11483,2026-07-02 13:29:02+05:30,4023.6,1,4037.27,1445408,159445.0,173457.0,4100.0,4110.0,4012.0,4092.6,25212075,4501.8,3683.4,4440.0,3288.1,4022.9,25,1,4022.6,71,1,4022.5,203,3,4022.4,30,1,4022.3,5,1,4023.6,11,3,4023.7,8,2,4023.8,13,3,4023.9,31,4,4024.0,54,6
11483,2026-07-02 13:29:03+05:30,4023.6,1,4037.27,1445410,159518.0,173923.0,4100.0,4110.0,4012.0,4092.6,25212075,4501.8,3683.4,4440.0,3288.1,4022.9,24,1,4022.6,71,1,4022.5,203,3,4022.4,30,1,4022.3,5,1,4023.6,11,4,4023.7,8,2,4023.8,13,3,4023.9,31,4,4024.0,54,6
11483,2026-07-02 13:29:03+05:30,4022.9,1,4037.27,1445410,159518.0,173923.0,4100.0,4110.0,4012.0,4092.6,25212075,4501.8,3683.4,4440.0,3288.1,4022.9,24,1,4022.6,71,1,4022.5,203,3,4022.4,30,1,4022.3,5,1,4023.6,11,4,4023.7,8,2,4023.8,13,3,4023.9,31,4,4024.0,54,6
11483,2026-07-02 13:29:04+05:30,4022.9,1,4037.27,1445413,159536.0,173923.0,4100.0,4110.0,4012.0,4092.6,25212075,4501.8,3683.4,4440.0,3288.1,4022.9,22,1,4022.6,71,1,4022.5,203,3,4022.4,30,1,4022.3,5,1,4023.6,8,3,4023.7,5,1,4023.8,13,3,4023.9,31,4,4024.0,54,6
11483,2026-07-02 13:29:04+05:30,4023.6,1,4037.27,1445413,159536.0,173923.0,4100.0,4110.0,4012.0,4092.6,25212075,4501.8,3683.4,4440.0,3288.1,4022.9,22,1,4022.6,71,1,4022.5,203,3,4022.4,30,1,4022.3,5,1,4023.6,8,3,4023.7,5,1,4023.8,13,3,4023.9,31,4,4024.0,54,6
11483,2026-07-02 13:29:05+05:30,4023.6,1,4037.27,1445414,159536.0,173922.0,4100.0,4110.0,4012.0,4092.6,25212075,4501.8,3683.4,4440.0,3288.1,4022.9,22,1,4022.6,71,1,4022.5,203,3,4022.4,30,1,4022.3,5,1,4023.6,7,3,4023.7,5,1,4023.8,13,3,4023.9,31,4,4024.0,54,6
11483,2026-07-02 13:29:05+05:30,4023.5,1,4037.27,1445414,159536.0,173922.0,4100.0,4110.0,4012.0,4092.6,25212075,4501.8,3683.4,4440.0,3288.1,4022.9,22,1,4022.6,71,1,4022.5,203,3,4022.4,30,1,4022.3,5,1,4023.6,7,3,4023.7,5,1,4023.8,13,3,4023.9,31,4,4024.0,54,6
11483,2026-07-02 13:29:06+05:30,4023.0,1,4037.27,1445416,159477.0,173939.0,4100.0,4110.0,4012.0,4092.6,25212075,4501.8,3683.4,4440.0,3288.1,4022.9,22,1,4022.6,71,1,4022.5,203,3,4022.4,30,1,4022.2,10,1,4023.5,3,1,4023.6,27,5,4023.7,12,2,4023.8,13,3,4023.9,31,4
11483,2026-07-02 13:29:06+05:30,4023.6,1,4037.27,1445416,159477.0,173939.0,4100.0,4110.0,4012.0,4092.6,25212075,4501.8,3683.4,4440.0,3288.1,4022.9,22,1,4022.6,71,1,4022.5,203,3,4022.4,30,1,4022.2,10,1,4023.5,3,1,4023.6,27,5,4023.7,12,2,4023.8,13,3,4023.9,31,4
11483,2026-07-02 13:29:07+05:30,4023.6,5,4037.27,1445435,159426.0,173925.0,4100.0,4110.0,4012.0,4092.6,25212075,4501.8,3683.4,4440.0,3288.1,4023.0,35,1,4022.9,22,1,4022.6,71,1,4022.5,203,3,4022.4,30,1,4023.7,15,4,4023.8,13,3,4023.9,29,4,4024.0,41,5,4024.1,21,2
11483,2026-07-02 13:29:07+05:30,4023.0,2,4037.27,1445435,159426.0,173925.0,4100.0,4110.0,4012.0,4092.6,25212075,4501.8,3683.4,4440.0,3288.1,4023.0,35,1,4022.9,22,1,4022.6,71,1,4022.5,203,3,4022.4,30,1,4023.7,15,4,4023.8,13,3,4023.9,29,4,4024.0,41,5,4024.1,21,2
11483,2026-07-02 13:29:08+05:30,4023.0,2,4037.27,1445437,159388.0,173927.0,4100.0,4110.0,4012.0,4092.6,25212075,4501.8,3683.4,4440.0,3288.1,4023.0,33,1,4022.9,22,1,4022.6,71,1,4022.5,203,3,4022.4,30,1,4023.6,13,1,4023.7,15,4,4023.8,13,3,4023.9,18,3,4024.0,41,5
11483,2026-07-02 13:29:09+05:30,4023.2,1,4037.27,1445438,159362.0,173978.0,4100.0,4110.0,4012.0,4092.6,25212075,4501.8,3683.4,4440.0,3288.1,4023.1,1,1,4023.0,33,1,4022.9,22,1,4022.6,71,1,4022.5,203,3,4023.2,49,1,4023.6,20,3,4023.7,11,3,4023.8,13,3,4023.9,30,4
11483,2026-07-02 13:29:09+05:30,4023.0,3,4037.27,1445438,159362.0,173978.0,4100.0,4110.0,4012.0,4092.6,25212075,4501.8,3683.4,4440.0,3288.1,4023.1,1,1,4023.0,33,1,4022.9,22,1,4022.6,71,1,4022.5,203,3,4023.2,49,1,4023.6,20,3,4023.7,11,3,4023.8,13,3,4023.9,30,4
11483,2026-07-02 13:29:10+05:30,4023.0,3,4037.27,1445612,159220.0,174375.0,4100.0,4110.0,4012.0,4092.6,25212075,4501.8,3683.4,4440.0,3288.1,4023.0,7,1,4022.9,22,1,4022.6,71,1,4022.5,203,3,4022.4,30,1,4023.1,42,1,4023.2,110,4,4023.4,50,3,4023.5,1,1,4023.6,73,5
11483,2026-07-02 13:29:10+05:30,4023.1,1,4037.27,1445612,159220.0,174375.0,4100.0,4110.0,4012.0,4092.6,25212075,4501.8,3683.4,4440.0,3288.1,4023.0,7,1,4022.9,22,1,4022.6,71,1,4022.5,203,3,4022.4,30,1,4023.1,42,1,4023.2,110,4,4023.4,50,3,4023.5,1,1,4023.6,73,5
11483,2026-07-02 13:29:11+05:30,4022.9,1,4037.27,1445694,159238.0,174447.0,4100.0,4110.0,4012.0,4092.6,25212075,4501.8,3683.4,4440.0,3288.1,4022.6,71,1,4022.5,203,3,4022.4,30,1,4022.2,10,1,4022.1,23,3,4022.9,31,1,4023.1,79,5,4023.2,49,1,4023.3,42,1,4023.4,8,2
11483,2026-07-02 13:29:11+05:30,4022.6,10,4037.27,1445694,159238.0,174447.0,4100.0,4110.0,4012.0,4092.6,25212075,4501.8,3683.4,4440.0,3288.1,4022.6,71,1,4022.5,203,3,4022.4,30,1,4022.2,10,1,4022.1,23,3,4022.9,31,1,4023.1,79,5,4023.2,49,1,4023.3,42,1,4023.4,8,2
11483,2026-07-02 13:29:12+05:30,4022.9,1,4037.27,1445705,159352.0,174442.0,4100.0,4110.0,4012.0,4092.6,25212075,4501.8,3683.4,4440.0,3288.1,4022.6,61,1,4022.5,203,3,4022.4,30,1,4022.2,10,1,4022.1,23,3,4022.9,41,1,4023.1,79,5,4023.2,49,1,4023.3,42,1,4023.4,8,2
11483,2026-07-02 13:29:12+05:30,4022.9,1,4037.27,1445705,159352.0,174442.0,4100.0,4110.0,4012.0,4092.6,25212075,4501.8,3683.4,4440.0,3288.1,4022.6,61,1,4022.5,203,3,4022.4,30,1,4022.2,10,1,4022.1,23,3,4022.9,41,1,4023.1,79,5,4023.2,49,1,4023.3,42,1,4023.4,8,2
11483,2026-07-02 13:29:12+05:30,4022.9,2,4037.27,1445705,159352.0,174442.0,4100.0,4110.0,4012.0,4092.6,25212075,4501.8,3683.4,4440.0,3288.1,4022.6,61,1,4022.5,203,3,4022.4,30,1,4022.2,10,1,4022.1,23,3,4022.9,41,1,4023.1,79,5,4023.2,49,1,4023.3,42,1,4023.4,8,2
11483,2026-07-02 13:29:13+05:30,4022.9,2,4037.27,1445705,159352.0,174442.0,4100.0,4110.0,4012.0,4092.6,25212075,4501.8,3683.4,4440.0,3288.1,4022.6,61,1,4022.5,203,3,4022.4,30,1,4022.2,10,1,4022.1,23,3,4022.9,41,1,4023.1,79,5,4023.2,49,1,4023.3,42,1,4023.4,8,2
11483,2026-07-02 13:29:13+05:30,4022.6,60,4037.27,1445768,158187.0,174675.0,4100.0,4110.0,4012.0,4092.6,25212075,4501.8,3683.4,4440.0,3288.1,4022.5,203,3,4022.4,30,1,4022.2,10,1,4022.1,21,2,4022.0,308,9,4022.7,53,5,4022.9,48,4,4023.0,19,2,4023.1,65,2,4023.2,49,1
11483,2026-07-02 13:29:13+05:30,4022.6,60,4037.27,1445768,158187.0,174675.0,4100.0,4110.0,4012.0,4092.6,25212075,4501.8,3683.4,4440.0,3288.1,4022.5,203,3,4022.4,30,1,4022.2,10,1,4022.1,21,2,4022.0,308,9,4022.7,53,5,4022.9,48,4,4023.0,19,2,4023.1,65,2,4023.2,49,1
11483,2026-07-02 13:29:13+05:30,4022.5,5,4037.27,1445768,158187.0,174675.0,4100.0,4110.0,4012.0,4092.6,25212075,4501.8,3683.4,4440.0,3288.1,4022.5,203,3,4022.4,30,1,4022.2,10,1,4022.1,21,2,4022.0,308,9,4022.7,53,5,4022.9,48,4,4023.0,19,2,4023.1,65,2,4023.2,49,1
11483,2026-07-02 13:29:14+05:30,4022.5,5,4037.27,1445776,158339.0,174685.0,4100.0,4110.0,4012.0,4092.6,25212075,4501.8,3683.4,4440.0,3288.1,4022.5,195,1,4022.4,30,1,4022.2,10,1,4022.1,21,2,4022.0,308,9,4022.7,55,6,4022.8,3,1,4022.9,90,5,4023.0,19,2,4023.1,65,2
11483,2026-07-02 13:29:14+05:30,4022.5,5,4037.27,1445776,158339.0,174685.0,4100.0,4110.0,4012.0,4092.6,25212075,4501.8,3683.4,4440.0,3288.1,4022.5,195,1,4022.4,30,1,4022.2,10,1,4022.1,21,2,4022.0,308,9,4022.7,55,6,4022.8,3,1,4022.9,90,5,4023.0,19,2,4023.1,65,2
11483,2026-07-02 13:29:14+05:30,4022.5,1,4037.27,1445776,158339.0,174685.0,4100.0,4110.0,4012.0,4092.6,25212075,4501.8,3683.4,4440.0,3288.1,4022.5,195,1,4022.4,30,1,4022.2,10,1,4022.1,21,2,4022.0,308,9,4022.7,55,6,4022.8,3,1,4022.9,90,5,4023.0,19,2,4023.1,65,2
11483,2026-07-02 13:29:15+05:30,4022.5,1,4037.27,1445777,158462.0,174693.0,4100.0,4110.0,4012.0,4092.6,25212075,4501.8,3683.4,4440.0,3288.1,4022.5,194,1,4022.4,30,1,4022.2,10,1,4022.1,21,2,4022.0,309,10,4022.7,57,7,4022.8,3,1,4022.9,88,4,4023.0,31,3,4023.1,65,2
11483,2026-07-02 13:29:15+05:30,4022.5,1,4037.27,1445777,158462.0,174693.0,4100.0,4110.0,4012.0,4092.6,25212075,4501.8,3683.4,4440.0,3288.1,4022.5,194,1,4022.4,30,1,4022.2,10,1,4022.1,21,2,4022.0,309,10,4022.7,57,7,4022.8,3,1,4022.9,88,4,4023.0,31,3,4023.1,65,2
11483,2026-07-02 13:29:15+05:30,4022.7,3,4037.27,1445777,158462.0,174693.0,4100.0,4110.0,4012.0,4092.6,25212075,4501.8,3683.4,4440.0,3288.1,4022.5,194,1,4022.4,30,1,4022.2,10,1,4022.1,21,2,4022.0,309,10,4022.7,57,7,4022.8,3,1,4022.9,88,4,4023.0,31,3,4023.1,65,2
11483,2026-07-02 13:29:16+05:30,4022.7,3,4037.27,1445777,158462.0,174693.0,4100.0,4110.0,4012.0,4092.6,25212075,4501.8,3683.4,4440.0,3288.1,4022.5,194,1,4022.4,30,1,4022.2,10,1,4022.1,21,2,4022.0,309,10,4022.7,57,7,4022.8,3,1,4022.9,88,4,4023.0,31,3,4023.1,65,2
11483,2026-07-02 13:29:16+05:30,4022.7,3,4037.27,1445783,158496.0,174594.0,4100.0,4110.0,4012.0,4092.6,25212075,4501.8,3683.4,4440.0,3288.1,4022.5,194,1,4022.4,30,1,4022.2,10,1,4022.1,21,2,4022.0,309,10,4022.7,51,7,4022.8,3,1,4022.9,88,4,4023.0,31,3,4023.1,65,2
11483,2026-07-02 13:29:16+05:30,4022.7,3,4037.27,1445783,158496.0,174594.0,4100.0,4110.0,4012.0,4092.6,25216800,4501.8,3683.4,4440.0,3288.1,4022.5,194,1,4022.4,30,1,4022.2,10,1,4022.1,21,2,4022.0,309,10,4022.7,51,7,4022.8,3,1,4022.9,88,4,4023.0,31,3,4023.1,65,2
11483,2026-07-02 13:29:16+05:30,4022.5,5,4037.27,1445783,158496.0,174594.0,4100.0,4110.0,4012.0,4092.6,25216800,4501.8,3683.4,4440.0,3288.1,4022.5,194,1,4022.4,30,1,4022.2,10,1,4022.1,21,2,4022.0,309,10,4022.7,51,7,4022.8,3,1,4022.9,88,4,4023.0,31,3,4023.1,65,2
11483,2026-07-02 13:29:17+05:30,4022.5,5,4037.27,1445789,158490.0,174601.0,4100.0,4110.0,4012.0,4092.6,25216800,4501.8,3683.4,4440.0,3288.1,4022.5,188,1,4022.4,30,1,4022.2,10,1,4022.1,21,2,4022.0,309,10,4022.7,63,8,4022.8,3,1,4022.9,88,4,4023.0,19,2,4023.1,65,2
11483,2026-07-02 13:29:17+05:30,4022.5,5,4037.27,1445789,158490.0,174601.0,4100.0,4110.0,4012.0,4092.6,25216800,4501.8,3683.4,4440.0,3288.1,4022.5,188,1,4022.4,30,1,4022.2,10,1,4022.1,21,2,4022.0,309,10,4022.7,63,8,4022.8,3,1,4022.9,88,4,4023.0,19,2,4023.1,65,2
11483,2026-07-02 13:29:17+05:30,4022.7,5,4037.27,1445789,158490.0,174601.0,4100.0,4110.0,4012.0,4092.6,25216800,4501.8,3683.4,4440.0,3288.1,4022.5,188,1,4022.4,30,1,4022.2,10,1,4022.1,21,2,4022.0,309,10,4022.7,63,8,4022.8,3,1,4022.9,88,4,4023.0,19,2,4023.1,65,2
11483,2026-07-02 13:29:18+05:30,4022.7,1,4037.27,1445796,158841.0,174515.0,4100.0,4110.0,4012.0,4092.6,25216800,4501.8,3683.4,4440.0,3288.1,4022.5,187,1,4022.4,30,1,4022.2,10,1,4022.1,31,2,4022.0,309,10,4022.7,22,5,4022.9,3,1,4023.0,27,2,4023.1,6,1,4023.2,56,2
11483,2026-07-02 13:29:18+05:30,4022.7,1,4037.27,1445796,158841.0,174515.0,4100.0,4110.0,4012.0,4092.6,25216800,4501.8,3683.4,4440.0,3288.1,4022.5,187,1,4022.4,30,1,4022.2,10,1,4022.1,31,2,4022.0,309,10,4022.7,22,5,4022.9,3,1,4023.0,27,2,4023.1,6,1,4023.2,56,2
11483,2026-07-02 13:29:18+05:30,4022.5,3,4037.27,1445796,158841.0,174515.0,4100.0,4110.0,4012.0,4092.6,25216800,4501.8,3683.4,4440.0,3288.1,4022.5,187,1,4022.4,30,1,4022.2,10,1,4022.1,31,2,4022.0,309,10,4022.7,22,5,4022.9,3,1,4023.0,27,2,4023.1,6,1,4023.2,56,2
11483,2026-07-02 13:29:19+05:30,4022.5,3,4037.27,1445799,158756.0,174503.0,4100.0,4110.0,4012.0,4092.6,25216800,4501.8,3683.4,4440.0,3288.1,4022.6,1,1,4022.5,184,1,4022.4,30,1,4022.2,10,1,4022.1,31,2,4022.7,31,5,4022.9,3,1,4023.0,14,1,4023.1,6,1,4023.2,56,2
11483,2026-07-02 13:29:19+05:30,4022.7,10,4037.27,1445799,158756.0,174503.0,4100.0,4110.0,4012.0,4092.6,25216800,4501.8,3683.4,4440.0,3288.1,4022.6,1,1,4022.5,184,1,4022.4,30,1,4022.2,10,1,4022.1,31,2,4022.7,31,5,4022.9,3,1,4023.0,14,1,4023.1,6,1,4023.2,56,2
11483,2026-07-02 13:29:20+05:30,4022.7,49,4037.26,1445940,159013.0,174453.0,4100.0,4110.0,4012.0,4092.6,25216800,4501.8,3683.4,4440.0,3288.1,4022.7,32,1,4022.6,42,1,4022.5,226,2,4022.4,30,1,4022.3,42,1,4023.2,49,1,4023.3,12,1,4023.4,4,1,4023.5,8,1,4023.6,13,2
11483,2026-07-02 13:29:20+05:30,4022.7,17,4037.26,1445940,159013.0,174453.0,4100.0,4110.0,4012.0,4092.6,25216800,4501.8,3683.4,4440.0,3288.1,4022.7,32,1,4022.6,42,1,4022.5,226,2,4022.4,30,1,4022.3,42,1,4023.2,49,1,4023.3,12,1,4023.4,4,1,4023.5,8,1,4023.6,13,2
11483,2026-07-02 13:29:21+05:30,4022.7,17,4037.26,1445957,159091.0,174467.0,4100.0,4110.0,4012.0,4092.6,25216800,4501.8,3683.4,4440.0,3288.1,4023.0,15,1,4022.9,42,1,4022.8,42,1,4022.7,50,1,4022.6,42,1,4023.2,49,1,4023.6,13,2,4023.7,7,2,4023.8,12,2,4023.9,46,6
11483,2026-07-02 13:29:21+05:30,4023.0,2,4037.26,1445957,159091.0,174467.0,4100.0,4110.0,4012.0,4092.6,25216800,4501.8,3683.4,4440.0,3288.1,4023.0,15,1,4022.9,42,1,4022.8,42,1,4022.7,50,1,4022.6,42,1,4023.2,49,1,4023.6,13,2,4023.7,7,2,4023.8,12,2,4023.9,46,6
11483,2026-07-02 13:29:22+05:30,4023.0,2,4037.26,1445959,159070.0,174504.0,4100.0,4110.0,4012.0,4092.6,25216800,4501.8,3683.4,4440.0,3288.1,4023.1,42,1,4023.0,42,1,4022.8,42,1,4022.7,50,1,4022.6,44,2,4023.2,49,1,4023.6,28,3,4023.7,7,2,4023.8,12,2,4023.9,46,6
11483,2026-07-02 13:29:22+05:30,4023.2,13,4037.26,1445959,159070.0,174504.0,4100.0,4110.0,4012.0,4092.6,25216800,4501.8,3683.4,4440.0,3288.1,4023.1,42,1,4023.0,42,1,4022.8,42,1,4022.7,50,1,4022.6,44,2,4023.2,49,1,4023.6,28,3,4023.7,7,2,4023.8,12,2,4023.9,46,6
11483,2026-07-02 13:29:23+05:30,4023.2,13,4037.26,1445972,159032.0,174496.0,4100.0,4110.0,4012.0,4092.6,25216800,4501.8,3683.4,4440.0,3288.1,4023.1,42,1,4023.0,42,1,4022.8,42,1,4022.7,50,1,4022.6,44,2,4023.2,36,1,4023.6,28,3,4023.7,7,2,4023.8,12,2,4023.9,46,6
11483,2026-07-02 13:29:23+05:30,4023.2,36,4037.26,1445972,159032.0,174496.0,4100.0,4110.0,4012.0,4092.6,25216800,4501.8,3683.4,4440.0,3288.1,4023.1,42,1,4023.0,42,1,4022.8,42,1,4022.7,50,1,4022.6,44,2,4023.2,36,1,4023.6,28,3,4023.7,7,2,4023.8,12,2,4023.9,46,6
11483,2026-07-02 13:29:24+05:30,4023.6,2,4037.26,1446012,159455.0,173667.0,4100.0,4110.0,4012.0,4092.6,25216800,4501.8,3683.4,4440.0,3288.1,4023.2,43,1,4023.1,40,1,4023.0,42,1,4022.8,42,1,4022.7,50,1,4023.6,32,4,4023.8,12,2,4023.9,46,6,4024.0,67,8,4024.1,26,3
11483,2026-07-02 13:29:24+05:30,4023.2,4,4037.26,1446012,159455.0,173667.0,4100.0,4110.0,4012.0,4092.6,25216800,4501.8,3683.4,4440.0,3288.1,4023.2,43,1,4023.1,40,1,4023.0,42,1,4022.8,42,1,4022.7,50,1,4023.6,32,4,4023.8,12,2,4023.9,46,6,4024.0,67,8,4024.1,26,3
11483,2026-07-02 13:29:25+05:30,4023.2,4,4037.26,1446016,159317.0,173665.0,4100.0,4110.0,4012.0,4092.6,25216800,4501.8,3683.4,4440.0,3288.1,4023.3,42,1,4023.1,82,2,4022.9,42,1,4022.8,2,1,4022.7,50,1,4023.6,32,4,4023.8,12,2,4023.9,46,6,4024.0,58,7,4024.1,26,3
11483,2026-07-02 13:29:25+05:30,4023.4,1,4037.26,1446016,159317.0,173665.0,4100.0,4110.0,4012.0,4092.6,25216800,4501.8,3683.4,4440.0,3288.1,4023.3,42,1,4023.1,82,2,4022.9,42,1,4022.8,2,1,4022.7,50,1,4023.6,32,4,4023.8,12,2,4023.9,46,6,4024.0,58,7,4024.1,26,3
11483,2026-07-02 13:29:26+05:30,4023.6,1,4037.26,1446065,159293.0,173517.0,4100.0,4110.0,4012.0,4092.6,25216800,4501.8,3683.4,4440.0,3288.1,4023.4,5,1,4023.3,41,1,4023.2,42,1,4023.1,40,1,4023.0,42,1,4023.6,20,4,4023.7,3,1,4023.9,34,5,4024.0,58,7,4024.1,26,3
11483,2026-07-02 13:29:26+05:30,4023.4,1,4037.26,1446065,159293.0,173517.0,4100.0,4110.0,4012.0,4092.6,25216800,4501.8,3683.4,4440.0,3288.1,4023.4,5,1,4023.3,41,1,4023.2,42,1,4023.1,40,1,4023.0,42,1,4023.6,20,4,4023.7,3,1,4023.9,34,5,4024.0,58,7,4024.1,26,3
11483,2026-07-02 13:29:27+05:30,4023.6,1,4037.26,1446154,159297.0,173357.0,4100.0,4110.0,4012.0,4092.6,25216800,4501.8,3683.4,4440.0,3288.1,4023.4,7,1,4023.3,41,1,4023.2,42,1,4023.1,40,1,4023.0,92,2,4023.6,10,1,4023.7,15,2,4023.8,4,1,4023.9,25,5,4024.0,60,8
11483,2026-07-02 13:29:27+05:30,4023.4,1,4037.26,1446154,159297.0,173357.0,4100.0,4110.0,4012.0,4092.6,25216800,4501.8,3683.4,4440.0,3288.1,4023.4,7,1,4023.3,41,1,4023.2,42,1,4023.1,40,1,4023.0,92,2,4023.6,10,1,4023.7,15,2,4023.8,4,1,4023.9,25,5,4024.0,60,8
11483,2026-07-02 13:29:28+05:30,4023.4,1,4037.26,1446237,159149.0,173492.0,4100.0,4110.0,4012.0,4092.6,25216800,4501.8,3683.4,4440.0,3288.1,4023.4,5,1,4023.3,41,1,4023.2,42,1,4023.1,40,1,4023.0,92,2,4023.6,11,1,4023.7,29,5,4023.8,4,1,4023.9,35,6,4024.0,67,9
11483,2026-07-02 13:29:28+05:30,4023.3,10,4037.26,1446237,159149.0,173492.0,4100.0,4110.0,4012.0,4092.6,25216800,4501.8,3683.4,4440.0,3288.1,4023.4,5,1,4023.3,41,1,4023.2,42,1,4023.1,40,1,4023.0,92,2,4023.6,11,1,4023.7,29,5,4023.8,4,1,4023.9,35,6,4024.0,67,9
11483,2026-07-02 13:29:29+05:30,4023.5,6,4037.26,1446410,158981.0,173621.0,4100.0,4110.0,4012.0,4092.6,25216800,4501.8,3683.4,4440.0,3288.1,4023.5,65,1,4023.3,31,1,4023.1,82,2,4023.0,50,1,4022.9,42,1,4023.6,14,3,4023.7,14,2,4023.8,47,3,4023.9,59,7,4024.0,67,9
11483,2026-07-02 13:29:29+05:30,4023.5,6,4037.26,1446410,158981.0,173621.0,4100.0,4110.0,4012.0,4092.6,25216800,4501.8,3683.4,4440.0,3288.1,4023.5,65,1,4023.3,31,1,4023.1,82,2,4023.0,50,1,4022.9,42,1,4023.6,14,3,4023.7,14,2,4023.8,47,3,4023.9,59,7,4024.0,67,9
11483,2026-07-02 13:29:30+05:30,4023.5,74,4037.26,1446556,158712.0,173629.0,4100.0,4110.0,4012.0,4092.6,25216800,4501.8,3683.4,4440.0,3288.1,4023.3,30,1,4023.1,82,2,4023.0,50,1,4022.9,42,1,4022.8,2,1,4023.5,7,1,4023.6,19,5,4023.7,20,3,4023.8,47,3,4023.9,46,6
11483,2026-07-02 13:29:30+05:30,4023.5,1,4037.26,1446556,158712.0,173629.0,4100.0,4110.0,4012.0,4092.6,25216800,4501.8,3683.4,4440.0,3288.1,4023.3,30,1,4023.1,82,2,4023.0,50,1,4022.9,42,1,4022.8,2,1,4023.5,7,1,4023.6,19,5,4023.7,20,3,4023.8,47,3,4023.9,46,6
11483,2026-07-02 13:29:31+05:30,4023.5,1,4037.26,1446583,158694.0,173588.0,4100.0,4110.0,4012.0,4092.6,25216800,4501.8,3683.4,4440.0,3288.1,4023.5,60,1,4023.3,10,1,4023.1,82,2,4023.0,50,1,4022.9,42,1,4023.6,16,4,4023.7,3,1,4023.8,47,3,4023.9,46,6,4024.0,67,9
11483,2026-07-02 13:29:31+05:30,4023.3,1,4037.26,1446583,158694.0,173588.0,4100.0,4110.0,4012.0,4092.6,25216800,4501.8,3683.4,4440.0,3288.1,4023.5,60,1,4023.3,10,1,4023.1,82,2,4023.0,50,1,4022.9,42,1,4023.6,16,4,4023.7,3,1,4023.8,47,3,4023.9,46,6,4024.0,67,9
11483,2026-07-02 13:29:32+05:30,4023.3,1,4037.26,1446589,158924.0,173589.0,4100.0,4110.0,4012.0,4092.6,25216800,4501.8,3683.4,4440.0,3288.1,4023.3,9,1,4023.2,42,1,4023.1,40,1,4023.0,92,2,4022.8,2,1,4023.6,16,4,4023.7,3,1,4023.8,44,2,4023.9,50,7,4024.0,67,9
11483,2026-07-02 13:29:32+05:30,4023.1,1,4037.26,1446589,158924.0,173589.0,4100.0,4110.0,4012.0,4092.6,25216800,4501.8,3683.4,4440.0,3288.1,4023.3,9,1,4023.2,42,1,4023.1,40,1,4023.0,92,2,4022.8,2,1,4023.6,16,4,4023.7,3,1,4023.8,44,2,4023.9,50,7,4024.0,67,9
11483,2026-07-02 13:29:33+05:30,4023.1,1,4037.26,1446646,158673.0,174293.0,4100.0,4110.0,4012.0,4092.6,25216800,4501.8,3683.4,4440.0,3288.1,4023.1,39,1,4023.0,50,1,4022.6,44,2,4022.5,194,2,4022.4,30,1,4023.2,3,1,4023.3,181,5,4023.5,4,1,4023.6,15,3,4023.7,3,1
11483,2026-07-02 13:29:33+05:30,4023.3,2,4037.26,1446646,158673.0,174293.0,4100.0,4110.0,4012.0,4092.6,25216800,4501.8,3683.4,4440.0,3288.1,4023.1,39,1,4023.0,50,1,4022.6,44,2,4022.5,194,2,4022.4,30,1,4023.2,3,1,4023.3,181,5,4023.5,4,1,4023.6,15,3,4023.7,3,1
11483,2026-07-02 13:29:34+05:30,4023.3,2,4037.26,1446657,158664.0,174296.0,4100.0,4110.0,4012.0,4092.6,25216800,4501.8,3683.4,4440.0,3288.1,4023.2,71,1,4023.1,33,1,4023.0,92,2,4022.8,42,1,4022.6,44,2,4023.3,179,5,4023.5,4,1,4023.6,15,3,4023.7,3,1,4023.8,44,2
11483,2026-07-02 13:29:34+05:30,4023.1,1,4037.26,1446657,158664.0,174296.0,4100.0,4110.0,4012.0,4092.6,25216800,4501.8,3683.4,4440.0,3288.1,4023.2,71,1,4023.1,33,1,4023.0,92,2,4022.8,42,1,4022.6,44,2,4023.3,179,5,4023.5,4,1,4023.6,15,3,4023.7,3,1,4023.8,44,2
11483,2026-07-02 13:29:35+05:30,4023.1,1,4037.26,1446676,158538.0,174326.0,4100.0,4110.0,4012.0,4092.6,25216800,4501.8,3683.4,4440.0,3288.1,4023.0,50,1,4022.5,194,2,4022.4,30,1,4022.2,50,2,4022.1,31,2,4023.3,176,6,4023.6,15,3,4023.7,8,2,4023.8,44,2,4023.9,82,8
11483,2026-07-02 13:29:35+05:30,4023.0,2,4037.26,1446676,158538.0,174326.0,4100.0,4110.0,4012.0,4092.6,25216800,4501.8,3683.4,4440.0,3288.1,4023.0,50,1,4022.5,194,2,4022.4,30,1,4022.2,50,2,4022.1,31,2,4023.3,176,6,4023.6,15,3,4023.7,8,2,4023.8,44,2,4023.9,82,8
11483,2026-07-02 13:29:36+05:30,4023.0,2,4037.26,1446678,158575.0,174486.0,4100.0,4110.0,4012.0,4092.6,25216800,4501.8,3683.4,4440.0,3288.1,4023.0,48,1,4022.8,5,1,4022.7,10,1,4022.5,194,2,4022.4,30,1,4023.1,1,1,4023.3,175,5,4023.6,15,3,4023.7,8,2,4023.8,44,2
11483,2026-07-02 13:29:36+05:30,4023.0,1,4037.26,1446678,158575.0,174486.0,4100.0,4110.0,4012.0,4092.6,25216800,4501.8,3683.4,4440.0,3288.1,4023.0,48,1,4022.8,5,1,4022.7,10,1,4022.5,194,2,4022.4,30,1,4023.1,1,1,4023.3,175,5,4023.6,15,3,4023.7,8,2,4023.8,44,2
11483,2026-07-02 13:29:37+05:30,4023.0,1,4037.26,1446680,158551.0,174483.0,4100.0,4110.0,4012.0,4092.6,25216800,4501.8,3683.4,4440.0,3288.1,4023.0,46,1,4022.8,5,1,4022.7,10,1,4022.5,194,2,4022.4,30,1,4023.1,1,1,4023.3,175,5,4023.6,15,3,4023.7,8,2,4023.8,44,2
11483,2026-07-02 13:29:38+05:30,4023.0,1,4037.26,1446680,158559.0,174481.0,4100.0,4110.0,4012.0,4092.6,25216800,4501.8,3683.4,4440.0,3288.1,4023.0,48,2,4022.8,5,1,4022.7,10,1,4022.5,194,2,4022.4,30,1,4023.1,11,4,4023.3,168,3,4023.6,15,3,4023.7,8,2,4023.8,53,3
11483,2026-07-02 13:29:38+05:30,4022.0,44,4037.26,1446680,158559.0,174481.0,4100.0,4110.0,4012.0,4092.6,25216800,4501.8,3683.4,4440.0,3288.1,4023.0,48,2,4022.8,5,1,4022.7,10,1,4022.5,194,2,4022.4,30,1,4023.1,11,4,4023.3,168,3,4023.6,15,3,4023.7,8,2,4023.8,53,3
11483,2026-07-02 13:29:39+05:30,4023.0,4,4037.25,1447541,158017.0,174599.0,4100.0,4110.0,4012.0,4092.6,25216800,4501.8,3683.4,4440.0,3288.1,4023.0,40,1,4022.5,1,1,4022.1,2,1,4022.0,260,10,4021.8,6,1,4023.1,18,5,4023.4,10,1,4023.5,1,1,4023.6,93,4,4023.7,8,2
11483,2026-07-02 13:29:39+05:30,4022.5,1,4037.25,1447541,158017.0,174599.0,4100.0,4110.0,4012.0,4092.6,25216800,4501.8,3683.4,4440.0,3288.1,4023.0,40,1,4022.5,1,1,4022.1,2,1,4022.0,260,10,4021.8,6,1,4023.1,18,5,4023.4,10,1,4023.5,1,1,4023.6,93,4,4023.7,8,2
11483,2026-07-02 13:29:40+05:30,4023.0,4,4037.25,1447601,157365.0,174677.0,4100.0,4110.0,4012.0,4092.6,25216800,4501.8,3683.4,4440.0,3288.1,4022.0,260,10,4021.8,6,1,4021.6,26,1,4021.5,8,1,4021.4,4,2,4023.0,24,4,4023.1,10,3,4023.3,14,1,4023.4,18,2,4023.5,28,2
11483,2026-07-02 13:29:40+05:30,4022.0,1,4037.25,1447601,157365.0,174677.0,4100.0,4110.0,4012.0,4092.6,25216800,4501.8,3683.4,4440.0,3288.1,4022.0,260,10,4021.8,6,1,4021.6,26,1,4021.5,8,1,4021.4,4,2,4023.0,24,4,4023.1,10,3,4023.3,14,1,4023.4,18,2,4023.5,28,2
11483,2026-07-02 13:29:41+05:30,4022.9,1,4037.25,1447613,157354.0,174699.0,4100.0,4110.0,4012.0,4092.6,25216800,4501.8,3683.4,4440.0,3288.1,4022.0,306,11,4021.8,6,1,4021.5,8,1,4021.4,20,3,4021.3,214,4,4022.9,4,1,4023.0,24,5,4023.1,9,2,4023.3,14,1,4023.4,18,2
11483,2026-07-02 13:29:41+05:30,4022.0,1,4037.25,1447613,157354.0,174699.0,4100.0,4110.0,4012.0,4092.6,25216800,4501.8,3683.4,4440.0,3288.1,4022.0,306,11,4021.8,6,1,4021.5,8,1,4021.4,20,3,4021.3,214,4,4022.9,4,1,4023.0,24,5,4023.1,9,2,4023.3,14,1,4023.4,18,2
11483,2026-07-02 13:29:42+05:30,4022.0,1,4037.25,1447618,157296.0,174731.0,4100.0,4110.0,4012.0,4092.6,25216800,4501.8,3683.4,4440.0,3288.1,4022.0,302,11,4021.8,6,1,4021.5,11,2,4021.4,2,1,4021.3,229,5,4022.9,3,1,4023.0,24,5,4023.1,9,2,4023.3,14,1,4023.4,18,2
11483,2026-07-02 13:29:42+05:30,4022.0,1,4037.25,1447618,157296.0,174731.0,4100.0,4110.0,4012.0,4092.6,25216800,4501.8,3683.4,4440.0,3288.1,4022.0,302,11,4021.8,6,1,4021.5,11,2,4021.4,2,1,4021.3,229,5,4022.9,3,1,4023.0,24,5,4023.1,9,2,4023.3,14,1,4023.4,18,2
11483,2026-07-02 13:29:43+05:30,4022.0,1,4037.25,1447621,157323.0,174726.0,4100.0,4110.0,4012.0,4092.6,25216800,4501.8,3683.4,4440.0,3288.1,4022.0,300,11,4021.8,6,1,4021.5,8,1,4021.4,5,2,4021.3,229,5,4022.9,2,1,4023.0,24,5,4023.1,9,2,4023.3,14,1,4023.4,25,2
11483,2026-07-02 13:29:43+05:30,4023.0,2,4037.25,1447621,157323.0,174726.0,4100.0,4110.0,4012.0,4092.6,25216800,4501.8,3683.4,4440.0,3288.1,4022.0,300,11,4021.8,6,1,4021.5,8,1,4021.4,5,2,4021.3,229,5,4022.9,2,1,4023.0,24,5,4023.1,9,2,4023.3,14,1,4023.4,25,2
11483,2026-07-02 13:29:44+05:30,4023.0,2,4037.25,1447630,157391.0,174747.0,4100.0,4110.0,4012.0,4092.6,25216800,4501.8,3683.4,4440.0,3288.1,4022.0,298,11,4021.8,6,1,4021.6,3,1,4021.5,8,1,4021.4,2,1,4022.9,1,1,4023.0,23,4,4023.1,3,1,4023.3,14,1,4023.4,10,1
11483,2026-07-02 13:29:44+05:30,4022.0,1,4037.25,1447630,157391.0,174747.0,4100.0,4110.0,4012.0,4092.6,25216800,4501.8,3683.4,4440.0,3288.1,4022.0,298,11,4021.8,6,1,4021.6,3,1,4021.5,8,1,4021.4,2,1,4022.9,1,1,4023.0,23,4,4023.1,3,1,4023.3,14,1,4023.4,10,1
11483,2026-07-02 13:29:45+05:30,4022.0,1,4037.25,1447633,157468.0,174735.0,4100.0,4110.0,4012.0,4092.6,25216800,4501.8,3683.4,4440.0,3288.1,4022.0,296,11,4021.8,6,1,4021.7,3,1,4021.5,11,2,4021.4,2,1,4022.9,1,1,4023.0,23,4,4023.1,3,1,4023.3,14,1,4023.4,10,1
11483,2026-07-02 13:29:45+05:30,4022.0,1,4037.25,1447633,157468.0,174735.0,4100.0,4110.0,4012.0,4092.6,25216800,4501.8,3683.4,4440.0,3288.1,4022.0,296,11,4021.8,6,1,4021.7,3,1,4021.5,11,2,4021.4,2,1,4022.9,1,1,4023.0,23,4,4023.1,3,1,4023.3,14,1,4023.4,10,1
11483,2026-07-02 13:29:46+05:30,4023.0,1,4037.25,1447653,158070.0,174408.0,4100.0,4110.0,4012.0,4092.6,25216800,4501.8,3683.4,4440.0,3288.1,4022.9,1,1,4022.5,12,3,4022.1,2,1,4022.0,293,11,4021.8,6,1,4023.0,11,1,4023.3,18,2,4023.4,10,1,4023.5,1,1,4023.6,53,5
11483,2026-07-02 13:29:46+05:30,4022.9,1,4037.25,1447653,158070.0,174408.0,4100.0,4110.0,4012.0,4092.6,25216800,4501.8,3683.4,4440.0,3288.1,4022.9,1,1,4022.5,12,3,4022.1,2,1,4022.0,293,11,4021.8,6,1,4023.0,11,1,4023.3,18,2,4023.4,10,1,4023.5,1,1,4023.6,53,5
11483,2026-07-02 13:29:47+05:30,4023.0,1,4037.25,1447661,158046.0,174406.0,4100.0,4110.0,4012.0,4092.6,25216800,4501.8,3683.4,4440.0,3288.1,4022.9,1,1,4022.5,12,3,4022.1,2,1,4022.0,293,11,4021.8,6,1,4023.0,19,5,4023.3,18,2,4023.4,26,4,4023.5,7,2,4023.6,53,5
11483,2026-07-02 13:29:47+05:30,4023.0,1,4037.25,1447661,158046.0,174406.0,4100.0,4110.0,4012.0,4092.6,25216800,4501.8,3683.4,4440.0,3288.1,4022.9,1,1,4022.5,12,3,4022.1,2,1,4022.0,293,11,4021.8,6,1,4023.0,19,5,4023.3,18,2,4023.4,26,4,4023.5,7,2,4023.6,53,5
11483,2026-07-02 13:29:48+05:30,4023.0,1,4037.25,1447712,158350.0,174326.0,4100.0,4110.0,4012.0,4092.6,25216800,4501.8,3683.4,4440.0,3288.1,4023.0,101,1,4022.9,1,1,4022.5,12,3,4022.1,2,1,4022.0,293,11,4023.2,5,1,4023.3,23,3,4023.4,11,2,4023.5,1,1,4023.6,12,3
11483,2026-07-02 13:29:48+05:30,4023.8,36,4037.25,1447712,158350.0,174326.0,4100.0,4110.0,4012.0,4092.6,25216800,4501.8,3683.4,4440.0,3288.1,4023.0,101,1,4022.9,1,1,4022.5,12,3,4022.1,2,1,4022.0,293,11,4023.2,5,1,4023.3,23,3,4023.4,11,2,4023.5,1,1,4023.6,12,3
11483,2026-07-02 13:29:49+05:30,4023.8,36,4037.25,1447845,158131.0,173578.0,4100.0,4110.0,4012.0,4092.6,25216800,4501.8,3683.4,4440.0,3288.1,4023.1,1,1,4023.0,94,1,4022.9,1,1,4022.5,12,3,4022.1,2,1,4023.7,40,5,4023.8,20,4,4023.9,36,6,4024.0,80,9,4024.1,40,4
11483,2026-07-02 13:29:49+05:30,4023.1,1,4037.25,1447845,158131.0,173578.0,4100.0,4110.0,4012.0,4092.6,25216800,4501.8,3683.4,4440.0,3288.1,4023.1,1,1,4023.0,94,1,4022.9,1,1,4022.5,12,3,4022.1,2,1,4023.7,40,5,4023.8,20,4,4023.9,36,6,4024.0,80,9,4024.1,40,4
11483,2026-07-02 13:29:50+05:30,4023.1,6,4037.25,1447854,158221.0,174080.0,4100.0,4110.0,4012.0,4092.6,25216800,4501.8,3683.4,4440.0,3288.1,4023.0,94,1,4022.9,1,1,4022.5,12,3,4022.1,2,1,4022.0,293,11,4023.1,2,1,4023.7,40,5,4023.8,20,4,4023.9,36,6,4024.0,95,10
11483,2026-07-02 13:29:50+05:30,4023.1,1,4037.25,1447854,158221.0,174080.0,4100.0,4110.0,4012.0,4092.6,25216800,4501.8,3683.4,4440.0,3288.1,4023.0,94,1,4022.9,1,1,4022.5,12,3,4022.1,2,1,4022.0,293,11,4023.1,2,1,4023.7,40,5,4023.8,20,4,4023.9,36,6,4024.0,95,10
11483,2026-07-02 13:29:51+05:30,4023.1,1,4037.25,1447861,158154.0,174058.0,4100.0,4110.0,4012.0,4092.6,25216800,4501.8,3683.4,4440.0,3288.1,4023.0,93,1,4022.5,12,3,4022.2,2,1,4022.1,2,1,4022.0,308,12,4023.1,1,1,4023.7,28,3,4023.8,12,2,4023.9,32,5,4024.0,74,8
11483,2026-07-02 13:29:51+05:30,4023.1,1,4037.25,1447861,158154.0,174058.0,4100.0,4110.0,4012.0,4092.6,25216800,4501.8,3683.4,4440.0,3288.1,4023.0,93,1,4022.5,12,3,4022.2,2,1,4022.1,2,1,4022.0,308,12,4023.1,1,1,4023.7,28,3,4023.8,12,2,4023.9,32,5,4024.0,74,8
11483,2026-07-02 13:29:52+05:30,4023.0,1,4037.25,1447865,158143.0,173600.0,4100.0,4110.0,4012.0,4092.6,25216800,4501.8,3683.4,4440.0,3288.1,4023.0,91,1,4022.5,12,3,4022.2,2,1,4022.1,2,1,4022.0,293,11,4023.8,20,4,4023.9,32,5,4024.0,64,7,4024.1,41,5,4024.2,79,7
11483,2026-07-02 13:29:52+05:30,4023.0,1,4037.25,1447865,158143.0,173600.0,4100.0,4110.0,4012.0,4092.6,25216800,4501.8,3683.4,4440.0,3288.1,4023.0,91,1,4022.5,12,3,4022.2,2,1,4022.1,2,1,4022.0,293,11,4023.8,20,4,4023.9,32,5,4024.0,64,7,4024.1,41,5,4024.2,79,7
11483,2026-07-02 13:29:53+05:30,4023.0,1,4037.25,1447865,158148.0,173630.0,4100.0,4110.0,4012.0,4092.6,25216800,4501.8,3683.4,4440.0,3288.1,4023.0,91,1,4022.5,12,3,4022.2,2,1,4022.1,2,1,4022.0,308,12,4023.8,33,6,4023.9,32,5,4024.0,64,7,4024.1,41,5,4024.2,94,8
11483,2026-07-02 13:29:54+05:30,4023.7,1,4037.25,1447866,158148.0,173592.0,4100.0,4110.0,4012.0,4092.6,25216800,4501.8,3683.4,4440.0,3288.1,4023.0,91,1,4022.5,12,3,4022.2,2,1,4022.1,2,1,4022.0,308,12,4023.7,10,1,4023.8,44,7,4023.9,32,5,4024.0,64,7,4024.1,41,5
11483,2026-07-02 13:29:54+05:30,4023.7,1,4037.25,1447866,158148.0,173592.0,4100.0,4110.0,4012.0,4092.6,25216800,4501.8,3683.4,4440.0,3288.1,4023.0,91,1,4022.5,12,3,4022.2,2,1,4022.1,2,1,4022.0,308,12,4023.7,10,1,4023.8,44,7,4023.9,32,5,4024.0,64,7,4024.1,41,5
11483,2026-07-02 13:29:55+05:30,4023.7,1,4037.25,1447866,158148.0,173582.0,4100.0,4110.0,4012.0,4092.6,25216800,4501.8,3683.4,4440.0,3288.1,4023.0,91,1,4022.5,12,3,4022.2,2,1,4022.1,2,1,4022.0,308,12,4023.7,1,1,4023.8,43,6,4023.9,32,5,4024.0,64,7,4024.1,41,5
11483,2026-07-02 13:29:55+05:30,4023.7,1,4037.25,1447866,158148.0,173582.0,4100.0,4110.0,4012.0,4092.6,25216800,4501.8,3683.4,4440.0,3288.1,4023.0,91,1,4022.5,12,3,4022.2,2,1,4022.1,2,1,4022.0,308,12,4023.7,1,1,4023.8,43,6,4023.9,32,5,4024.0,64,7,4024.1,41,5
11483,2026-07-02 13:29:56+05:30,4023.7,1,4037.25,1447867,158060.0,173489.0,4100.0,4110.0,4012.0,4092.6,25216800,4501.8,3683.4,4440.0,3288.1,4023.7,2,2,4023.1,11,2,4023.0,91,1,4022.5,10,1,4022.2,14,2,4023.8,43,6,4023.9,32,5,4024.0,67,8,4024.1,27,4,4024.2,77,6
11483,2026-07-02 13:29:57+05:30,4023.7,1,4037.25,1447867,158060.0,173490.0,4100.0,4110.0,4012.0,4092.6,25216800,4501.8,3683.4,4440.0,3288.1,4023.7,2,2,4023.1,11,2,4023.0,91,1,4022.5,10,1,4022.2,14,2,4023.8,43,6,4023.9,32,5,4024.0,67,8,4024.1,27,4,4024.2,77,6
11483,2026-07-02 13:29:57+05:30,4023.7,1,4037.25,1447867,158060.0,173490.0,4100.0,4110.0,4012.0,4092.6,25216800,4501.8,3683.4,4440.0,3288.1,4023.7,2,2,4023.1,11,2,4023.0,91,1,4022.5,10,1,4022.2,14,2,4023.8,43,6,4023.9,32,5,4024.0,67,8,4024.1,27,4,4024.2,77,6
11483,2026-07-02 13:29:58+05:30,4023.7,1,4037.25,1447869,157995.0,173516.0,4100.0,4110.0,4012.0,4092.6,25216800,4501.8,3683.4,4440.0,3288.1,4023.7,1,1,4023.1,11,2,4023.0,91,1,4022.5,10,1,4022.2,14,2,4023.8,44,7,4023.9,34,6,4024.0,67,8,4024.1,27,4,4024.2,77,6
11483,2026-07-02 13:29:58+05:30,4023.7,2,4037.25,1447869,157995.0,173516.0,4100.0,4110.0,4012.0,4092.6,25216800,4501.8,3683.4,4440.0,3288.1,4023.7,1,1,4023.1,11,2,4023.0,91,1,4022.5,10,1,4022.2,14,2,4023.8,44,7,4023.9,34,6,4024.0,67,8,4024.1,27,4,4024.2,77,6
11483,2026-07-02 13:29:59+05:30,4023.7,2,4037.25,1447961,158040.0,173548.0,4100.0,4110.0,4012.0,4092.6,25216800,4501.8,3683.4,4440.0,3288.1,4023.3,1,1,4023.0,91,1,4022.5,10,1,4022.3,2,1,4022.2,12,1,4023.7,49,5,4023.8,23,2,4023.9,34,6,4024.0,70,9,4024.1,27,4
11483,2026-07-02 13:29:59+05:30,4023.3,1,4037.25,1447961,158040.0,173548.0,4100.0,4110.0,4012.0,4092.6,25216800,4501.8,3683.4,4440.0,3288.1,4023.3,1,1,4023.0,91,1,4022.5,10,1,4022.3,2,1,4022.2,12,1,4023.7,49,5,4023.8,23,2,4023.9,34,6,4024.0,70,9,4024.1,27,4
11483,2026-07-02 13:30:00+05:30,4023.3,1,4037.25,1447963,158085.0,174034.0,4100.0,4110.0,4012.0,4092.6,25216800,4501.8,3683.4,4440.0,3288.1,4023.0,91,1,4022.5,10,1,4022.3,2,1,4022.0,293,11,4021.9,13,1,4023.3,2,1,4023.7,49,5,4023.8,12,1,4023.9,34,6,4024.0,70,9
11483,2026-07-02 13:30:00+05:30,4023.3,4,4037.25,1447963,158085.0,174034.0,4100.0,4110.0,4012.0,4092.6,25216800,4501.8,3683.4,4440.0,3288.1,4023.0,91,1,4022.5,10,1,4022.3,2,1,4022.0,293,11,4021.9,13,1,4023.3,2,1,4023.7,49,5,4023.8,12,1,4023.9,34,6,4024.0,70,9
11483,2026-07-02 13:30:01+05:30,4023.3,4,4037.25,1447971,158099.0,173981.0,4100.0,4110.0,4012.0,4092.6,25216800,4501.8,3683.4,4440.0,3288.1,4023.0,91,1,4022.5,10,1,4022.3,2,1,4022.0,293,11,4021.9,13,1,4023.3,1,1,4023.7,49,5,4023.8,12,1,4023.9,34,6,4024.0,70,9
11483,2026-07-02 13:30:01+05:30,4023.0,248,4037.25,1447971,158099.0,173981.0,4100.0,4110.0,4012.0,4092.6,25216800,4501.8,3683.4,4440.0,3288.1,4023.0,91,1,4022.5,10,1,4022.3,2,1,4022.0,293,11,4021.9,13,1,4023.3,1,1,4023.7,49,5,4023.8,12,1,4023.9,34,6,4024.0,70,9
11483,2026-07-02 13:30:02+05:30,4023.0,248,4037.24,1448233,158870.0,175693.0,4100.0,4110.0,4012.0,4092.6,25216800,4501.8,3683.4,4440.0,3288.1,4023.0,150,1,4022.5,10,1,4022.3,2,1,4022.0,303,12,4021.9,13,1,4023.2,16,3,4023.3,9,4,4023.5,6,2,4023.6,16,2,4023.7,35,2
11483,2026-07-02 13:30:02+05:30,4023.2,5,4037.24,1448233,158870.0,175693.0,4100.0,4110.0,4012.0,4092.6,25216800,4501.8,3683.4,4440.0,3288.1,4023.0,150,1,4022.5,10,1,4022.3,2,1,4022.0,303,12,4021.9,13,1,4023.2,16,3,4023.3,9,4,4023.5,6,2,4023.6,16,2,4023.7,35,2
11483,2026-07-02 13:30:03+05:30,4023.2,5,4037.24,1448269,159007.0,175746.0,4100.0,4110.0,4012.0,4092.6,25216800,4501.8,3683.4,4440.0,3288.1,4023.0,119,1,4022.5,10,1,4022.3,2,1,4022.0,303,12,4021.9,13,1,4023.2,12,4,4023.3,12,5,4023.4,4,1,4023.5,7,3,4023.6,16,2
11483,2026-07-02 13:30:03+05:30,4023.0,5,4037.24,1448269,159007.0,175746.0,4100.0,4110.0,4012.0,4092.6,25216800,4501.8,3683.4,4440.0,3288.1,4023.0,119,1,4022.5,10,1,4022.3,2,1,4022.0,303,12,4021.9,13,1,4023.2,12,4,4023.3,12,5,4023.4,4,1,4023.5,7,3,4023.6,16,2
11483,2026-07-02 13:30:04+05:30,4023.2,1,4037.24,1448275,158983.0,175758.0,4100.0,4110.0,4012.0,4092.6,25216800,4501.8,3683.4,4440.0,3288.1,4023.0,114,1,4022.5,10,1,4022.3,2,1,4022.0,303,12,4021.9,13,1,4023.2,12,4,4023.3,11,4,4023.4,4,1,4023.5,7,3,4023.6,16,2
11483,2026-07-02 13:30:04+05:30,4023.6,4,4037.24,1448275,158983.0,175758.0,4100.0,4110.0,4012.0,4092.6,25216800,4501.8,3683.4,4440.0,3288.1,4023.0,114,1,4022.5,10,1,4022.3,2,1,4022.0,303,12,4021.9,13,1,4023.2,12,4,4023.3,11,4,4023.4,4,1,4023.5,7,3,4023.6,16,2
11483,2026-07-02 13:30:05+05:30,4023.6,4,4037.24,1448340,158837.0,175697.0,4100.0,4110.0,4012.0,4092.6,25216800,4501.8,3683.4,4440.0,3288.1,4023.0,99,1,4022.5,10,1,4022.3,2,1,4022.0,303,12,4021.9,13,1,4023.7,55,5,4023.8,12,1,4023.9,34,6,4024.0,79,10,4024.1,26,3
11483,2026-07-02 13:30:05+05:30,4023.0,8,4037.24,1448340,158837.0,175697.0,4100.0,4110.0,4012.0,4092.6,25216800,4501.8,3683.4,4440.0,3288.1,4023.0,99,1,4022.5,10,1,4022.3,2,1,4022.0,303,12,4021.9,13,1,4023.7,55,5,4023.8,12,1,4023.9,34,6,4024.0,79,10,4024.1,26,3
11483,2026-07-02 13:30:06+05:30,4023.7,7,4037.24,1448355,158816.0,175702.0,4100.0,4110.0,4012.0,4092.6,25216800,4501.8,3683.4,4440.0,3288.1,4023.0,91,1,4022.5,10,1,4022.3,2,1,4022.0,303,12,4021.9,13,1,4023.7,48,5,4023.9,34,6,4024.0,79,10,4024.1,38,4,4024.2,41,6
11483,2026-07-02 13:30:06+05:30,4023.0,2,4037.24,1448355,158816.0,175702.0,4100.0,4110.0,4012.0,4092.6,25216800,4501.8,3683.4,4440.0,3288.1,4023.0,91,1,4022.5,10,1,4022.3,2,1,4022.0,303,12,4021.9,13,1,4023.7,48,5,4023.9,34,6,4024.0,79,10,4024.1,38,4,4024.2,41,6
11483,2026-07-02 13:30:07+05:30,4023.0,2,4037.24,1448357,158814.0,175685.0,4100.0,4110.0,4012.0,4092.6,25216800,4501.8,3683.4,4440.0,3288.1,4023.0,89,1,4022.5,10,1,4022.3,2,1,4022.0,303,12,4021.9,13,1,4023.6,11,1,4023.7,59,6,4023.9,34,6,4024.0,79,10,4024.1,38,4
11483,2026-07-02 13:30:08+05:30,4023.0,89,4037.24,1448446,158849.0,175790.0,4100.0,4110.0,4012.0,4092.6,25216800,4501.8,3683.4,4440.0,3288.1,4023.0,150,1,4022.5,10,1,4022.3,2,1,4022.0,303,12,4021.9,13,1,4023.4,11,1,4023.6,50,7,4023.7,95,5,4023.8,7,1,4023.9,60,8
11483,2026-07-02 13:30:08+05:30,4023.4,10,4037.24,1448446,158849.0,175790.0,4100.0,4110.0,4012.0,4092.6,25216800,4501.8,3683.4,4440.0,3288.1,4023.0,150,1,4022.5,10,1,4022.3,2,1,4022.0,303,12,4021.9,13,1,4023.4,11,1,4023.6,50,7,4023.7,95,5,4023.8,7,1,4023.9,60,8
11483,2026-07-02 13:30:09+05:30,4023.6,2,4037.24,1448469,159040.0,175773.0,4100.0,4110.0,4012.0,4092.6,25216800,4501.8,3683.4,4440.0,3288.1,4023.3,1,1,4023.0,139,1,4022.5,10,1,4022.3,2,1,4022.0,303,12,4023.6,39,7,4023.7,95,5,4023.8,7,1,4023.9,47,7,4024.0,91,11
11483,2026-07-02 13:30:09+05:30,4023.7,22,4037.24,1448469,159040.0,175773.0,4100.0,4110.0,4012.0,4092.6,25216800,4501.8,3683.4,4440.0,3288.1,4023.3,1,1,4023.0,139,1,4022.5,10,1,4022.3,2,1,4022.0,303,12,4023.6,39,7,4023.7,95,5,4023.8,7,1,4023.9,47,7,4024.0,91,11
11483,2026-07-02 13:30:10+05:30,4023.7,22,4037.24,1448611,159023.0,175709.0,4100.0,4110.0,4012.0,4092.6,25216800,4501.8,3683.4,4440.0,3288.1,4023.0,139,1,4022.5,10,1,4022.3,2,1,4022.0,303,12,4021.9,13,1,4023.5,11,1,4023.7,42,5,4023.8,7,1,4023.9,34,6,4024.0,104,12
11483,2026-07-02 13:30:10+05:30,4023.0,1,4037.24,1448611,159023.0,175709.0,4100.0,4110.0,4012.0,4092.6,25216800,4501.8,3683.4,4440.0,3288.1,4023.0,139,1,4022.5,10,1,4022.3,2,1,4022.0,303,12,4021.9,13,1,4023.5,11,1,4023.7,42,5,4023.8,7,1,4023.9,34,6,4024.0,104,12
11483,2026-07-02 13:30:11+05:30,4023.0,1,4037.24,1448640,159014.0,175709.0,4100.0,4110.0,4012.0,4092.6,25216800,4501.8,3683.4,4440.0,3288.1,4023.0,115,2,4022.5,10,1,4022.3,2,1,4022.0,303,12,4021.9,13,1,4023.5,11,1,4023.7,42,5,4023.8,7,1,4023.9,34,6,4024.0,104,12
11483,2026-07-02 13:30:11+05:30,4023.0,1,4037.24,1448640,159014.0,175709.0,4100.0,4110.0,4012.0,4092.6,25216800,4501.8,3683.4,4440.0,3288.1,4023.0,115,2,4022.5,10,1,4022.3,2,1,4022.0,303,12,4021.9,13,1,4023.5,11,1,4023.7,42,5,4023.8,7,1,4023.9,34,6,4024.0,104,12
11483,2026-07-02 13:30:12+05:30,4023.0,1,4037.24,1448644,159020.0,175709.0,4100.0,4110.0,4012.0,4092.6,25216800,4501.8,3683.4,4440.0,3288.1,4023.0,111,2,4022.5,10,1,4022.3,2,1,4022.0,303,12,4021.9,13,1,4023.5,11,1,4023.7,42,5,4023.8,7,1,4023.9,34,6,4024.0,104,12
11483,2026-07-02 13:30:12+05:30,4023.0,1,4037.24,1448644,159020.0,175709.0,4100.0,4110.0,4012.0,4092.6,25216800,4501.8,3683.4,4440.0,3288.1,4023.0,111,2,4022.5,10,1,4022.3,2,1,4022.0,303,12,4021.9,13,1,4023.5,11,1,4023.7,42,5,4023.8,7,1,4023.9,34,6,4024.0,104,12
11483,2026-07-02 13:30:13+05:30,4023.0,1,4037.24,1448644,159029.0,175796.0,4100.0,4110.0,4012.0,4092.6,25216800,4501.8,3683.4,4440.0,3288.1,4023.0,111,2,4022.5,10,1,4022.3,2,1,4022.0,303,12,4021.9,13,1,4023.5,11,1,4023.7,43,6,4023.8,27,2,4023.9,34,6,4024.0,91,11
11483,2026-07-02 13:30:13+05:30,4023.0,1,4037.24,1448644,159029.0,175796.0,4100.0,4110.0,4012.0,4092.6,25216800,4501.8,3683.4,4440.0,3288.1,4023.0,111,2,4022.5,10,1,4022.3,2,1,4022.0,303,12,4021.9,13,1,4023.5,11,1,4023.7,43,6,4023.8,27,2,4023.9,34,6,4024.0,91,11
11483,2026-07-02 13:30:13+05:30,4023.0,60,4037.24,1448644,159029.0,175796.0,4100.0,4110.0,4012.0,4092.6,25216800,4501.8,3683.4,4440.0,3288.1,4023.0,111,2,4022.5,10,1,4022.3,2,1,4022.0,303,12,4021.9,13,1,4023.5,11,1,4023.7,43,6,4023.8,27,2,4023.9,34,6,4024.0,91,11
11483,2026-07-02 13:30:14+05:30,4023.0,60,4037.24,1448704,159083.0,175813.0,4100.0,4110.0,4012.0,4092.6,25216800,4501.8,3683.4,4440.0,3288.1,4023.0,51,2,4022.5,10,1,4022.3,2,1,4022.0,303,12,4021.9,13,1,4023.5,11,1,4023.7,43,6,4023.8,27,2,4023.9,34,6,4024.0,104,12
11483,2026-07-02 13:30:14+05:30,4023.0,60,4037.24,1448704,159083.0,175813.0,4100.0,4110.0,4012.0,4092.6,25216800,4501.8,3683.4,4440.0,3288.1,4023.0,51,2,4022.5,10,1,4022.3,2,1,4022.0,303,12,4021.9,13,1,4023.5,11,1,4023.7,43,6,4023.8,27,2,4023.9,34,6,4024.0,104,12
11483,2026-07-02 13:30:14+05:30,4023.0,1,4037.24,1448704,159083.0,175813.0,4100.0,4110.0,4012.0,4092.6,25216800,4501.8,3683.4,4440.0,3288.1,4023.0,51,2,4022.5,10,1,4022.3,2,1,4022.0,303,12,4021.9,13,1,4023.5,11,1,4023.7,43,6,4023.8,27,2,4023.9,34,6,4024.0,104,12
11483,2026-07-02 13:30:15+05:30,4023.0,1,4037.24,1448713,159074.0,175780.0,4100.0,4110.0,4012.0,4092.6,25216800,4501.8,3683.4,4440.0,3288.1,4023.0,42,2,4022.5,10,1,4022.3,2,1,4022.0,303,12,4021.9,13,1,4023.5,25,4,4023.6,29,3,4023.7,31,5,4023.8,27,2,4023.9,46,6
11483,2026-07-02 13:30:15+05:30,4023.0,1,4037.24,1448713,159074.0,175780.0,4100.0,4110.0,4012.0,4092.6,25216800,4501.8,3683.4,4440.0,3288.1,4023.0,42,2,4022.5,10,1,4022.3,2,1,4022.0,303,12,4021.9,13,1,4023.5,25,4,4023.6,29,3,4023.7,31,5,4023.8,27,2,4023.9,46,6
11483,2026-07-02 13:30:15+05:30,4023.4,3,4037.24,1448713,159074.0,175780.0,4100.0,4110.0,4012.0,4092.6,25216800,4501.8,3683.4,4440.0,3288.1,4023.0,42,2,4022.5,10,1,4022.3,2,1,4022.0,303,12,4021.9,13,1,4023.5,25,4,4023.6,29,3,4023.7,31,5,4023.8,27,2,4023.9,46,6
11483,2026-07-02 13:30:16+05:30,4023.4,3,4037.24,1448713,159074.0,175780.0,4100.0,4110.0,4012.0,4092.6,25216800,4501.8,3683.4,4440.0,3288.1,4023.0,42,2,4022.5,10,1,4022.3,2,1,4022.0,303,12,4021.9,13,1,4023.5,25,4,4023.6,29,3,4023.7,31,5,4023.8,27,2,4023.9,46,6
11483,2026-07-02 13:30:16+05:30,4023.4,3,4037.24,1448821,159043.0,175734.0,4100.0,4110.0,4012.0,4092.6,25216800,4501.8,3683.4,4440.0,3288.1,4023.0,90,1,4022.5,10,1,4022.3,2,1,4022.0,303,12,4021.9,13,1,4023.4,30,6,4023.5,15,2,4023.6,29,3,4023.7,20,4,4023.8,27,2
11483,2026-07-02 13:30:16+05:30,4023.4,3,4037.24,1448821,159043.0,175734.0,4100.0,4110.0,4012.0,4092.6,25216800,4501.8,3683.4,4440.0,3288.1,4023.0,90,1,4022.5,10,1,4022.3,2,1,4022.0,303,12,4021.9,13,1,4023.4,30,6,4023.5,15,2,4023.6,29,3,4023.7,20,4,4023.8,27,2
11483,2026-07-02 13:30:16+05:30,4023.4,3,4037.24,1448821,159043.0,175734.0,4100.0,4110.0,4012.0,4092.6,25222225,4501.8,3683.4,4440.0,3288.1,4023.0,90,1,4022.5,10,1,4022.3,2,1,4022.0,303,12,4021.9,13,1,4023.4,30,6,4023.5,15,2,4023.6,29,3,4023.7,20,4,4023.8,27,2
11483,2026-07-02 13:30:16+05:30,4023.0,1,4037.24,1448821,159043.0,175734.0,4100.0,4110.0,4012.0,4092.6,25222225,4501.8,3683.4,4440.0,3288.1,4023.0,90,1,4022.5,10,1,4022.3,2,1,4022.0,303,12,4021.9,13,1,4023.4,30,6,4023.5,15,2,4023.6,29,3,4023.7,20,4,4023.8,27,2
11483,2026-07-02 13:30:17+05:30,4023.0,1,4037.24,1448835,159029.0,175750.0,4100.0,4110.0,4012.0,4092.6,25222225,4501.8,3683.4,4440.0,3288.1,4023.0,76,1,4022.5,10,1,4022.3,2,1,4022.0,303,12,4021.9,26,2,4023.3,11,1,4023.4,32,7,4023.5,15,2,4023.6,29,3,4023.7,20,4
11483,2026-07-02 13:30:17+05:30,4023.0,1,4037.24,1448835,159029.0,175750.0,4100.0,4110.0,4012.0,4092.6,25222225,4501.8,3683.4,4440.0,3288.1,4023.0,76,1,4022.5,10,1,4022.3,2,1,4022.0,303,12,4021.9,26,2,4023.3,11,1,4023.4,32,7,4023.5,15,2,4023.6,29,3,4023.7,20,4
11483,2026-07-02 13:30:17+05:30,4023.0,1,4037.24,1448835,159029.0,175750.0,4100.0,4110.0,4012.0,4092.6,25222225,4501.8,3683.4,4440.0,3288.1,4023.0,76,1,4022.5,10,1,4022.3,2,1,4022.0,303,12,4021.9,26,2,4023.3,11,1,4023.4,32,7,4023.5,15,2,4023.6,29,3,4023.7,20,4
11483,2026-07-02 13:30:18+05:30,4023.0,1,4037.24,1448838,159026.0,175750.0,4100.0,4110.0,4012.0,4092.6,25222225,4501.8,3683.4,4440.0,3288.1,4023.0,73,1,4022.5,10,1,4022.3,2,1,4022.0,303,12,4021.9,26,2,4023.3,11,1,4023.4,32,7,4023.5,15,2,4023.6,29,3,4023.7,20,4
11483,2026-07-02 13:30:18+05:30,4023.0,1,4037.24,1448838,159026.0,175750.0,4100.0,4110.0,4012.0,4092.6,25222225,4501.8,3683.4,4440.0,3288.1,4023.0,73,1,4022.5,10,1,4022.3,2,1,4022.0,303,12,4021.9,26,2,4023.3,11,1,4023.4,32,7,4023.5,15,2,4023.6,29,3,4023.7,20,4
11483,2026-07-02 13:30:18+05:30,4023.1,1,4037.24,1448838,159026.0,175750.0,4100.0,4110.0,4012.0,4092.6,25222225,4501.8,3683.4,4440.0,3288.1,4023.0,73,1,4022.5,10,1,4022.3,2,1,4022.0,303,12,4021.9,26,2,4023.3,11,1,4023.4,32,7,4023.5,15,2,4023.6,29,3,4023.7,20,4
11483,2026-07-02 13:30:19+05:30,4023.1,1,4037.24,1448841,158995.0,175734.0,4100.0,4110.0,4012.0,4092.6,25222225,4501.8,3683.4,4440.0,3288.1,4023.2,1,1,4023.0,71,1,4022.5,10,1,4022.3,2,1,4022.0,303,12,4023.3,11,1,4023.4,27,5,4023.5,11,1,4023.6,29,3,4023.7,20,4
11483,2026-07-02 13:30:19+05:30,4023.0,1,4037.24,1448841,158995.0,175734.0,4100.0,4110.0,4012.0,4092.6,25222225,4501.8,3683.4,4440.0,3288.1,4023.2,1,1,4023.0,71,1,4022.5,10,1,4022.3,2,1,4022.0,303,12,4023.3,11,1,4023.4,27,5,4023.5,11,1,4023.6,29,3,4023.7,20,4
11483,2026-07-02 13:30:20+05:30,4023.0,1,4037.24,1448961,158918.0,175773.0,4100.0,4110.0,4012.0,4092.6,25222225,4501.8,3683.4,4440.0,3288.1,4023.0,149,1,4022.5,10,1,4022.3,2,1,4022.0,337,13,4021.9,26,2,4023.2,1,1,4023.3,26,3,4023.4,5,1,4023.5,15,1,4023.6,13,1
11483,2026-07-02 13:30:20+05:30,4023.0,1,4037.24,1448961,158918.0,175773.0,4100.0,4110.0,4012.0,4092.6,25222225,4501.8,3683.4,4440.0,3288.1,4023.0,149,1,4022.5,10,1,4022.3,2,1,4022.0,337,13,4021.9,26,2,4023.2,1,1,4023.3,26,3,4023.4,5,1,4023.5,15,1,4023.6,13,1
11483,2026-07-02 13:30:21+05:30,4023.0,1,4037.24,1448976,159189.0,175776.0,4100.0,4110.0,4012.0,4092.6,25222225,4501.8,3683.4,4440.0,3288.1,4023.0,134,1,4022.5,210,2,4022.3,2,1,4022.0,337,13,4021.9,26,2,4023.2,1,1,4023.3,27,3,4023.4,5,1,4023.5,19,2,4023.6,13,1
11483,2026-07-02 13:30:22+05:30,4023.0,1,4037.24,1448976,159189.0,175776.0,4100.0,4110.0,4012.0,4092.6,25222225,4501.8,3683.4,4440.0,3288.1,4023.0,134,1,4022.5,210,2,4022.3,2,1,4022.0,337,13,4021.9,26,2,4023.2,1,1,4023.3,27,3,4023.4,5,1,4023.5,19,2,4023.6,13,1
11483,2026-07-02 13:30:24+05:30,4023.0,1,4037.24,1448976,159189.0,175776.0,4100.0,4110.0,4012.0,4092.6,25222225,4501.8,3683.4,4440.0,3288.1,4023.0,134,1,4022.5,210,2,4022.3,2,1,4022.0,337,13,4021.9,26,2,4023.2,1,1,4023.3,27,3,4023.4,5,1,4023.5,19,2,4023.6,13,1
11483,2026-07-02 13:30:25+05:30,4023.1,10,4037.23,1449134,159061.0,175792.0,4100.0,4110.0,4012.0,4092.6,25222225,4501.8,3683.4,4440.0,3288.1,4023.1,8,1,4023.0,155,2,4022.6,2,1,4022.5,210,2,4022.0,350,14,4023.3,31,4,4023.4,21,1,4023.5,15,1,4023.6,13,1,4023.7,8,1
11483,2026-07-02 13:30:26+05:30,4023.1,1,4037.23,1449134,159061.0,175792.0,4100.0,4110.0,4012.0,4092.6,25222225,4501.8,3683.4,4440.0,3288.1,4023.1,8,1,4023.0,155,2,4022.6,2,1,4022.5,210,2,4022.0,350,14,4023.3,31,4,4023.4,21,1,4023.5,15,1,4023.6,13,1,4023.7,8,1
11483,2026-07-02 13:30:28+05:30,4023.0,1,4037.23,1449134,159061.0,175792.0,4100.0,4110.0,4012.0,4092.6,25222225,4501.8,3683.4,4440.0,3288.1,4023.1,8,1,4023.0,155,2,4022.6,2,1,4022.5,210,2,4022.0,350,14,4023.3,31,4,4023.4,21,1,4023.5,15,1,4023.6,13,1,4023.7,8,1
11483,2026-07-02 13:30:30+05:30,4023.1,1,4037.23,1449221,159260.0,175861.0,4100.0,4110.0,4012.0,4092.6,25222225,4501.8,3683.4,4440.0,3288.1,4023.1,1,1,4023.0,154,2,4022.6,2,1,4022.5,210,2,4022.0,353,15,4023.3,4,1,4023.4,33,2,4023.5,15,1,4023.7,8,1,4023.9,46,6
11483,2026-07-02 13:30:30+05:30,4023.0,1,4037.23,1449221,159260.0,175861.0,4100.0,4110.0,4012.0,4092.6,25222225,4501.8,3683.4,4440.0,3288.1,4023.1,1,1,4023.0,154,2,4022.6,2,1,4022.5,210,2,4022.0,353,15,4023.3,4,1,4023.4,33,2,4023.5,15,1,4023.7,8,1,4023.9,46,6
11483,2026-07-02 13:30:32+05:30,4023.1,4,4037.23,1449221,159260.0,175861.0,4100.0,4110.0,4012.0,4092.6,25222225,4501.8,3683.4,4440.0,3288.1,4023.1,1,1,4023.0,154,2,4022.6,2,1,4022.5,210,2,4022.0,353,15,4023.3,4,1,4023.4,33,2,4023.5,15,1,4023.7,8,1,4023.9,46,6
11483,2026-07-02 13:30:34+05:30,4023.0,1,4037.23,1449246,159216.0,175806.0,4100.0,4110.0,4012.0,4092.6,25222225,4501.8,3683.4,4440.0,3288.1,4023.0,148,2,4022.5,210,2,4022.1,6,1,4022.0,340,14,4021.9,13,1,4023.1,1,1,4023.3,34,5,4023.4,25,2,4023.5,15,1,4023.6,17,2
11483,2026-07-02 13:30:34+05:30,4023.0,3,4037.23,1449246,159216.0,175806.0,4100.0,4110.0,4012.0,4092.6,25222225,4501.8,3683.4,4440.0,3288.1,4023.0,148,2,4022.5,210,2,4022.1,6,1,4022.0,340,14,4021.9,13,1,4023.1,1,1,4023.3,34,5,4023.4,25,2,4023.5,15,1,4023.6,17,2
11483,2026-07-02 13:30:36+05:30,4023.0,1,4037.23,1449246,159216.0,175806.0,4100.0,4110.0,4012.0,4092.6,25222225,4501.8,3683.4,4440.0,3288.1,4023.0,148,2,4022.5,210,2,4022.1,6,1,4022.0,340,14,4021.9,13,1,4023.1,1,1,4023.3,34,5,4023.4,25,2,4023.5,15,1,4023.6,17,2
11483,2026-07-02 13:30:38+05:30,4023.0,1,4037.23,1449246,159216.0,175806.0,4100.0,4110.0,4012.0,4092.6,25222225,4501.8,3683.4,4440.0,3288.1,4023.0,148,2,4022.5,210,2,4022.1,6,1,4022.0,340,14,4021.9,13,1,4023.1,1,1,4023.3,34,5,4023.4,25,2,4023.5,15,1,4023.6,17,2
11483,2026-07-02 13:30:39+05:30,4023.3,1,4037.23,1449375,159255.0,175851.0,4100.0,4110.0,4012.0,4092.6,25222225,4501.8,3683.4,4440.0,3288.1,4023.1,1,1,4023.0,32,6,4022.6,3,2,4022.5,210,2,4022.1,9,2,4023.3,27,4,4023.4,21,1,4023.5,15,1,4023.6,17,2,4023.7,14,2
11483,2026-07-02 13:30:40+05:30,4023.0,1,4037.23,1449375,159255.0,175851.0,4100.0,4110.0,4012.0,4092.6,25222225,4501.8,3683.4,4440.0,3288.1,4023.1,1,1,4023.0,32,6,4022.6,3,2,4022.5,210,2,4022.1,9,2,4023.3,27,4,4023.4,21,1,4023.5,15,1,4023.6,17,2,4023.7,14,2
11483,2026-07-02 13:30:42+05:30,4023.0,1,4037.23,1449375,159255.0,175851.0,4100.0,4110.0,4012.0,4092.6,25222225,4501.8,3683.4,4440.0,3288.1,4023.1,1,1,4023.0,32,6,4022.6,3,2,4022.5,210,2,4022.1,9,2,4023.3,27,4,4023.4,21,1,4023.5,15,1,4023.6,17,2,4023.7,14,2
11483,2026-07-02 13:30:43+05:30,4023.0,16,4037.23,1449741,160164.0,175942.0,4100.0,4110.0,4012.0,4092.6,25222225,4501.8,3683.4,4440.0,3288.1,4023.0,134,1,4022.6,1,1,4022.5,210,2,4022.3,3,1,4022.1,6,1,4023.1,54,5,4023.2,42,1,4023.3,13,3,4023.4,67,3,4023.5,19,2
11483,2026-07-02 13:30:44+05:30,4023.0,10,4037.23,1449741,160164.0,175942.0,4100.0,4110.0,4012.0,4092.6,25222225,4501.8,3683.4,4440.0,3288.1,4023.0,134,1,4022.6,1,1,4022.5,210,2,4022.3,3,1,4022.1,6,1,4023.1,54,5,4023.2,42,1,4023.3,13,3,4023.4,67,3,4023.5,19,2
11483,2026-07-02 13:30:46+05:30,4022.5,1,4037.23,1449741,160164.0,175942.0,4100.0,4110.0,4012.0,4092.6,25222225,4501.8,3683.4,4440.0,3288.1,4023.0,134,1,4022.6,1,1,4022.5,210,2,4022.3,3,1,4022.1,6,1,4023.1,54,5,4023.2,42,1,4023.3,13,3,4023.4,67,3,4023.5,19,2
11483,2026-07-02 13:30:48+05:30,4022.5,39,4037.22,1450063,159974.0,176110.0,4100.0,4110.0,4012.0,4092.6,25222225,4501.8,3683.4,4440.0,3288.1,4022.5,161,1,4022.3,3,1,4022.1,6,1,4022.0,302,11,4021.8,6,1,4022.6,42,1,4022.7,15,3,4022.9,42,1,4023.0,21,4,4023.1,42,1
11483,2026-07-02 13:30:48+05:30,4022.5,1,4037.22,1450063,159974.0,176110.0,4100.0,4110.0,4012.0,4092.6,25222225,4501.8,3683.4,4440.0,3288.1,4022.5,161,1,4022.3,3,1,4022.1,6,1,4022.0,302,11,4021.8,6,1,4022.6,42,1,4022.7,15,3,4022.9,42,1,4023.0,21,4,4023.1,42,1
11483,2026-07-02 13:30:50+05:30,4022.6,1,4037.22,1450063,159974.0,176110.0,4100.0,4110.0,4012.0,4092.6,25222225,4501.8,3683.4,4440.0,3288.1,4022.5,161,1,4022.3,3,1,4022.1,6,1,4022.0,302,11,4021.8,6,1,4022.6,42,1,4022.7,15,3,4022.9,42,1,4023.0,21,4,4023.1,42,1
11483,2026-07-02 13:30:52+05:30,4023.3,20,4037.22,1450133,159443.0,175526.0,4100.0,4110.0,4012.0,4092.6,25222225,4501.8,3683.4,4440.0,3288.1,4023.2,42,1,4023.1,2,1,4023.0,42,1,4022.8,83,2,4022.6,2,1,4023.4,21,1,4023.5,15,1,4023.6,8,1,4023.8,6,1,4023.9,24,3
11483,2026-07-02 13:30:52+05:30,4023.2,9,4037.22,1450133,159443.0,175526.0,4100.0,4110.0,4012.0,4092.6,25222225,4501.8,3683.4,4440.0,3288.1,4023.2,42,1,4023.1,2,1,4023.0,42,1,4022.8,83,2,4022.6,2,1,4023.4,21,1,4023.5,15,1,4023.6,8,1,4023.8,6,1,4023.9,24,3
11483,2026-07-02 13:30:54+05:30,4023.4,20,4037.22,1450133,159443.0,175526.0,4100.0,4110.0,4012.0,4092.6,25222225,4501.8,3683.4,4440.0,3288.1,4023.2,42,1,4023.1,2,1,4023.0,42,1,4022.8,83,2,4022.6,2,1,4023.4,21,1,4023.5,15,1,4023.6,8,1,4023.8,6,1,4023.9,24,3
11483,2026-07-02 13:30:56+05:30,4023.3,51,4037.22,1450133,159443.0,175526.0,4100.0,4110.0,4012.0,4092.6,25222225,4501.8,3683.4,4440.0,3288.1,4023.2,42,1,4023.1,2,1,4023.0,42,1,4022.8,83,2,4022.6,2,1,4023.4,21,1,4023.5,15,1,4023.6,8,1,4023.8,6,1,4023.9,24,3
11483,2026-07-02 13:30:57+05:30,4023.3,1,4037.22,1450264,159303.0,175221.0,4100.0,4110.0,4012.0,4092.6,25222225,4501.8,3683.4,4440.0,3288.1,4023.3,7,1,4023.1,2,1,4023.0,2,1,4022.6,2,1,4022.5,124,3,4023.5,15,1,4023.6,21,2,4023.8,6,1,4023.9,24,3,4024.0,56,7
11483,2026-07-02 13:30:58+05:30,4023.5,7,4037.22,1450264,159303.0,175221.0,4100.0,4110.0,4012.0,4092.6,25222225,4501.8,3683.4,4440.0,3288.1,4023.3,7,1,4023.1,2,1,4023.0,2,1,4022.6,2,1,4022.5,124,3,4023.5,15,1,4023.6,21,2,4023.8,6,1,4023.9,24,3,4024.0,56,7
11483,2026-07-02 13:31:00+05:30,4023.5,3,4037.22,1450264,159303.0,175221.0,4100.0,4110.0,4012.0,4092.6,25222225,4501.8,3683.4,4440.0,3288.1,4023.3,7,1,4023.1,2,1,4023.0,2,1,4022.6,2,1,4022.5,124,3,4023.5,15,1,4023.6,21,2,4023.8,6,1,4023.9,24,3,4024.0,56,7
11483,2026-07-02 13:31:02+05:30,4023.5,2,4037.22,1450619,160044.0,175724.0,4100.0,4110.0,4012.0,4092.6,25222225,4501.8,3683.4,4440.0,3288.1,4022.5,174,4,4022.3,13,2,4022.2,2,1,4022.1,9,2,4022.0,349,13,4023.5,24,4,4023.6,12,1,4023.8,3,1,4023.9,15,2,4024.0,74,6
11483,2026-07-02 13:31:02+05:30,4023.5,1,4037.22,1450619,160044.0,175724.0,4100.0,4110.0,4012.0,4092.6,25222225,4501.8,3683.4,4440.0,3288.1,4022.5,174,4,4022.3,13,2,4022.2,2,1,4022.1,9,2,4022.0,349,13,4023.5,24,4,4023.6,12,1,4023.8,3,1,4023.9,15,2,4024.0,74,6
11483,2026-07-02 13:31:04+05:30,4022.5,1,4037.22,1450619,160044.0,175724.0,4100.0,4110.0,4012.0,4092.6,25222225,4501.8,3683.4,4440.0,3288.1,4022.5,174,4,4022.3,13,2,4022.2,2,1,4022.1,9,2,4022.0,349,13,4023.5,24,4,4023.6,12,1,4023.8,3,1,4023.9,15,2,4024.0,74,6
11483,2026-07-02 13:31:06+05:30,4023.5,6,4037.22,1450713,160188.0,175669.0,4100.0,4110.0,4012.0,4092.6,25222225,4501.8,3683.4,4440.0,3288.1,4022.5,91,4,4022.3,3,1,4022.2,3,1,4022.1,18,2,4022.0,454,15,4023.5,5,1,4023.6,30,3,4023.9,15,2,4024.0,74,6,4024.1,35,3
11483,2026-07-02 13:31:06+05:30,4022.5,11,4037.22,1450713,160188.0,175669.0,4100.0,4110.0,4012.0,4092.6,25222225,4501.8,3683.4,4440.0,3288.1,4022.5,91,4,4022.3,3,1,4022.2,3,1,4022.1,18,2,4022.0,454,15,4023.5,5,1,4023.6,30,3,4023.9,15,2,4024.0,74,6,4024.1,35,3
11483,2026-07-02 13:31:08+05:30,4024.0,10,4037.22,1450713,160188.0,175669.0,4100.0,4110.0,4012.0,4092.6,25222225,4501.8,3683.4,4440.0,3288.1,4022.5,91,4,4022.3,3,1,4022.2,3,1,4022.1,18,2,4022.0,454,15,4023.5,5,1,4023.6,30,3,4023.9,15,2,4024.0,74,6,4024.1,35,3
11483,2026-07-02 13:31:10+05:30,4022.5,11,4037.22,1450713,160188.0,175669.0,4100.0,4110.0,4012.0,4092.6,25222225,4501.8,3683.4,4440.0,3288.1,4022.5,91,4,4022.3,3,1,4022.2,3,1,4022.1,18,2,4022.0,454,15,4023.5,5,1,4023.6,30,3,4023.9,15,2,4024.0,74,6,4024.1,35,3
11483,2026-07-02 13:31:11+05:30,4022.5,11,4037.22,1450926,159805.0,174982.0,4100.0,4110.0,4012.0,4092.6,25222225,4501.8,3683.4,4440.0,3288.1,4022.5,64,4,4022.3,6,2,4022.2,6,2,4022.1,38,3,4022.0,455,16,4023.8,175,1,4023.9,29,3,4024.0,79,8,4024.1,35,3,4024.2,71,6
11483,2026-07-02 13:31:12+05:30,4022.5,11,4037.22,1450926,159805.0,174982.0,4100.0,4110.0,4012.0,4092.6,25222225,4501.8,3683.4,4440.0,3288.1,4022.5,64,4,4022.3,6,2,4022.2,6,2,4022.1,38,3,4022.0,455,16,4023.8,175,1,4023.9,29,3,4024.0,79,8,4024.1,35,3,4024.2,71,6
11483,2026-07-02 13:31:12+05:30,4022.5,12,4037.22,1450926,159805.0,174982.0,4100.0,4110.0,4012.0,4092.6,25222225,4501.8,3683.4,4440.0,3288.1,4022.5,64,4,4022.3,6,2,4022.2,6,2,4022.1,38,3,4022.0,455,16,4023.8,175,1,4023.9,29,3,4024.0,79,8,4024.1,35,3,4024.2,71,6
11483,2026-07-02 13:31:13+05:30,4022.5,12,4037.22,1450926,159805.0,174982.0,4100.0,4110.0,4012.0,4092.6,25222225,4501.8,3683.4,4440.0,3288.1,4022.5,64,4,4022.3,6,2,4022.2,6,2,4022.1,38,3,4022.0,455,16,4023.8,175,1,4023.9,29,3,4024.0,79,8,4024.1,35,3,4024.2,71,6
11483,2026-07-02 13:31:14+05:30,4022.5,12,4037.22,1450926,159805.0,174982.0,4100.0,4110.0,4012.0,4092.6,25222225,4501.8,3683.4,4440.0,3288.1,4022.5,64,4,4022.3,6,2,4022.2,6,2,4022.1,38,3,4022.0,455,16,4023.8,175,1,4023.9,29,3,4024.0,79,8,4024.1,35,3,4024.2,71,6
11483,2026-07-02 13:31:14+05:30,4023.8,1,4037.22,1450926,159805.0,174982.0,4100.0,4110.0,4012.0,4092.6,25222225,4501.8,3683.4,4440.0,3288.1,4022.5,64,4,4022.3,6,2,4022.2,6,2,4022.1,38,3,4022.0,455,16,4023.8,175,1,4023.9,29,3,4024.0,79,8,4024.1,35,3,4024.2,71,6
11483,2026-07-02 13:31:15+05:30,4023.8,1,4037.22,1450926,159805.0,174982.0,4100.0,4110.0,4012.0,4092.6,25222225,4501.8,3683.4,4440.0,3288.1,4022.5,64,4,4022.3,6,2,4022.2,6,2,4022.1,38,3,4022.0,455,16,4023.8,175,1,4023.9,29,3,4024.0,79,8,4024.1,35,3,4024.2,71,6
11483,2026-07-02 13:31:15+05:30,4023.8,3,4037.22,1450965,160098.0,174921.0,4100.0,4110.0,4012.0,4092.6,25222225,4501.8,3683.4,4440.0,3288.1,4022.5,237,2,4022.3,3,1,4022.2,3,1,4022.1,22,3,4022.0,442,15,4023.8,168,1,4023.9,18,2,4024.0,103,8,4024.1,35,3,4024.2,71,6
11483,2026-07-02 13:31:15+05:30,4023.8,3,4037.22,1450965,160098.0,174921.0,4100.0,4110.0,4012.0,4092.6,25222225,4501.8,3683.4,4440.0,3288.1,4022.5,237,2,4022.3,3,1,4022.2,3,1,4022.1,22,3,4022.0,442,15,4023.8,168,1,4023.9,18,2,4024.0,103,8,4024.1,35,3,4024.2,71,6
11483,2026-07-02 13:31:16+05:30,4023.8,3,4037.22,1450965,160098.0,174921.0,4100.0,4110.0,4012.0,4092.6,25222225,4501.8,3683.4,4440.0,3288.1,4022.5,237,2,4022.3,3,1,4022.2,3,1,4022.1,22,3,4022.0,442,15,4023.8,168,1,4023.9,18,2,4024.0,103,8,4024.1,35,3,4024.2,71,6
11483,2026-07-02 13:31:16+05:30,4022.5,1,4037.22,1450965,160098.0,174921.0,4100.0,4110.0,4012.0,4092.6,25222225,4501.8,3683.4,4440.0,3288.1,4022.5,237,2,4022.3,3,1,4022.2,3,1,4022.1,22,3,4022.0,442,15,4023.8,168,1,4023.9,18,2,4024.0,103,8,4024.1,35,3,4024.2,71,6
11483,2026-07-02 13:31:17+05:30,4022.5,1,4037.22,1450965,160098.0,174921.0,4100.0,4110.0,4012.0,4092.6,25226950,4501.8,3683.4,4440.0,3288.1,4022.5,237,2,4022.3,3,1,4022.2,3,1,4022.1,22,3,4022.0,442,15,4023.8,168,1,4023.9,18,2,4024.0,103,8,4024.1,35,3,4024.2,71,6
11483,2026-07-02 13:31:18+05:30,4022.5,1,4037.22,1450965,160098.0,174921.0,4100.0,4110.0,4012.0,4092.6,25226950,4501.8,3683.4,4440.0,3288.1,4022.5,237,2,4022.3,3,1,4022.2,3,1,4022.1,22,3,4022.0,442,15,4023.8,168,1,4023.9,18,2,4024.0,103,8,4024.1,35,3,4024.2,71,6
11483,2026-07-02 13:31:18+05:30,4023.5,4,4037.22,1450965,160098.0,174921.0,4100.0,4110.0,4012.0,4092.6,25226950,4501.8,3683.4,4440.0,3288.1,4022.5,237,2,4022.3,3,1,4022.2,3,1,4022.1,22,3,4022.0,442,15,4023.8,168,1,4023.9,18,2,4024.0,103,8,4024.1,35,3,4024.2,71,6
11483,2026-07-02 13:31:20+05:30,4023.8,2,4037.22,1450976,159802.0,174766.0,4100.0,4110.0,4012.0,4092.6,25226950,4501.8,3683.4,4440.0,3288.1,4023.6,1,1,4023.5,16,1,4022.6,89,3,4022.5,232,2,4022.3,3,1,4023.8,168,2,4024.0,73,7,4024.1,35,3,4024.2,46,4,4024.3,40,4
11483,2026-07-02 13:31:20+05:30,4023.6,1,4037.22,1450976,159802.0,174766.0,4100.0,4110.0,4012.0,4092.6,25226950,4501.8,3683.4,4440.0,3288.1,4023.6,1,1,4023.5,16,1,4022.6,89,3,4022.5,232,2,4022.3,3,1,4023.8,168,2,4024.0,73,7,4024.1,35,3,4024.2,46,4,4024.3,40,4
11483,2026-07-02 13:31:22+05:30,4023.8,2,4037.22,1450976,159802.0,174766.0,4100.0,4110.0,4012.0,4092.6,25226950,4501.8,3683.4,4440.0,3288.1,4023.6,1,1,4023.5,16,1,4022.6,89,3,4022.5,232,2,4022.3,3,1,4023.8,168,2,4024.0,73,7,4024.1,35,3,4024.2,46,4,4024.3,40,4
11483,2026-07-02 13:31:24+05:30,4023.8,1,4037.22,1450994,159755.0,174845.0,4100.0,4110.0,4012.0,4092.6,25226950,4501.8,3683.4,4440.0,3288.1,4023.5,6,1,4022.6,12,2,4022.5,232,2,4022.3,3,1,4022.2,60,5,4023.8,168,3,4024.0,73,7,4024.1,47,4,4024.2,46,4,4024.3,40,4
11483,2026-07-02 13:31:24+05:30,4023.5,2,4037.22,1450994,159755.0,174845.0,4100.0,4110.0,4012.0,4092.6,25226950,4501.8,3683.4,4440.0,3288.1,4023.5,6,1,4022.6,12,2,4022.5,232,2,4022.3,3,1,4022.2,60,5,4023.8,168,3,4024.0,73,7,4024.1,47,4,4024.2,46,4,4024.3,40,4
11483,2026-07-02 13:31:26+05:30,4023.6,1,4037.22,1450994,159755.0,174845.0,4100.0,4110.0,4012.0,4092.6,25226950,4501.8,3683.4,4440.0,3288.1,4023.5,6,1,4022.6,12,2,4022.5,232,2,4022.3,3,1,4022.2,60,5,4023.8,168,3,4024.0,73,7,4024.1,47,4,4024.2,46,4,4024.3,40,4
11483,2026-07-02 13:31:28+05:30,4023.8,7,4037.22,1450994,159755.0,174845.0,4100.0,4110.0,4012.0,4092.6,25226950,4501.8,3683.4,4440.0,3288.1,4023.5,6,1,4022.6,12,2,4022.5,232,2,4022.3,3,1,4022.2,60,5,4023.8,168,3,4024.0,73,7,4024.1,47,4,4024.2,46,4,4024.3,40,4
11483,2026-07-02 13:31:29+05:30,4023.8,7,4037.21,1451101,159749.0,175136.0,4100.0,4110.0,4012.0,4092.6,25226950,4501.8,3683.4,4440.0,3288.1,4023.6,1,1,4023.5,4,1,4022.6,12,2,4022.5,282,3,4022.3,3,1,4023.8,106,3,4023.9,12,1,4024.0,73,7,4024.1,35,3,4024.2,58,5
11483,2026-07-02 13:31:30+05:30,4023.5,3,4037.21,1451101,159749.0,175136.0,4100.0,4110.0,4012.0,4092.6,25226950,4501.8,3683.4,4440.0,3288.1,4023.6,1,1,4023.5,4,1,4022.6,12,2,4022.5,282,3,4022.3,3,1,4023.8,106,3,4023.9,12,1,4024.0,73,7,4024.1,35,3,4024.2,58,5
11483,2026-07-02 13:31:32+05:30,4023.5,5,4037.21,1451101,159749.0,175136.0,4100.0,4110.0,4012.0,4092.6,25226950,4501.8,3683.4,4440.0,3288.1,4023.6,1,1,4023.5,4,1,4022.6,12,2,4022.5,282,3,4022.3,3,1,4023.8,106,3,4023.9,12,1,4024.0,73,7,4024.1,35,3,4024.2,58,5
11483,2026-07-02 13:31:33+05:30,4023.5,5,4037.21,1451165,159687.0,175196.0,4100.0,4110.0,4012.0,4092.6,25226950,4501.8,3683.4,4440.0,3288.1,4022.6,3,1,4022.5,282,3,4022.3,3,1,4022.2,78,6,4022.1,12,3,4023.5,116,2,4023.6,80,2,4023.8,156,4,4024.0,87,8,4024.1,20,2
11483,2026-07-02 13:31:34+05:30,4022.5,1,4037.21,1451165,159687.0,175196.0,4100.0,4110.0,4012.0,4092.6,25226950,4501.8,3683.4,4440.0,3288.1,4022.6,3,1,4022.5,282,3,4022.3,3,1,4022.2,78,6,4022.1,12,3,4023.5,116,2,4023.6,80,2,4023.8,156,4,4024.0,87,8,4024.1,20,2
11483,2026-07-02 13:31:36+05:30,4023.4,1,4037.21,1451165,159687.0,175196.0,4100.0,4110.0,4012.0,4092.6,25226950,4501.8,3683.4,4440.0,3288.1,4022.6,3,1,4022.5,282,3,4022.3,3,1,4022.2,78,6,4022.1,12,3,4023.5,116,2,4023.6,80,2,4023.8,156,4,4024.0,87,8,4024.1,20,2
11483,2026-07-02 13:31:38+05:30,4023.4,1,4037.21,1451179,159593.0,175495.0,4100.0,4110.0,4012.0,4092.6,25226950,4501.8,3683.4,4440.0,3288.1,4022.6,1,1,4022.5,290,4,4022.4,2,1,4022.3,13,2,4022.2,40,1,4023.5,118,3,4023.6,91,3,4023.8,152,2,4024.0,88,8,4024.1,49,4
11483,2026-07-02 13:31:38+05:30,4022.6,1,4037.21,1451179,159593.0,175495.0,4100.0,4110.0,4012.0,4092.6,25226950,4501.8,3683.4,4440.0,3288.1,4022.6,1,1,4022.5,290,4,4022.4,2,1,4022.3,13,2,4022.2,40,1,4023.5,118,3,4023.6,91,3,4023.8,152,2,4024.0,88,8,4024.1,49,4
11483,2026-07-02 13:31:40+05:30,4022.6,1,4037.21,1451179,159593.0,175495.0,4100.0,4110.0,4012.0,4092.6,25226950,4501.8,3683.4,4440.0,3288.1,4022.6,1,1,4022.5,290,4,4022.4,2,1,4022.3,13,2,4022.2,40,1,4023.5,118,3,4023.6,91,3,4023.8,152,2,4024.0,88,8,4024.1,49,4
11483,2026-07-02 13:31:42+05:30,4023.4,6,4037.21,1451201,159667.0,175369.0,4100.0,4110.0,4012.0,4092.6,25226950,4501.8,3683.4,4440.0,3288.1,4022.6,2,1,4022.5,281,3,4022.3,13,2,4022.2,40,1,4022.1,39,4,4023.4,93,1,4023.5,124,5,4023.6,91,3,4023.8,50,1,4024.0,88,8
11483,2026-07-02 13:31:42+05:30,4022.6,1,4037.21,1451201,159667.0,175369.0,4100.0,4110.0,4012.0,4092.6,25226950,4501.8,3683.4,4440.0,3288.1,4022.6,2,1,4022.5,281,3,4022.3,13,2,4022.2,40,1,4022.1,39,4,4023.4,93,1,4023.5,124,5,4023.6,91,3,4023.8,50,1,4024.0,88,8
11483,2026-07-02 13:31:44+05:30,4023.0,1,4037.21,1451201,159667.0,175369.0,4100.0,4110.0,4012.0,4092.6,25226950,4501.8,3683.4,4440.0,3288.1,4022.6,2,1,4022.5,281,3,4022.3,13,2,4022.2,40,1,4022.1,39,4,4023.4,93,1,4023.5,124,5,4023.6,91,3,4023.8,50,1,4024.0,88,8
11483,2026-07-02 13:31:46+05:30,4023.1,2,4037.21,1451201,159667.0,175369.0,4100.0,4110.0,4012.0,4092.6,25226950,4501.8,3683.4,4440.0,3288.1,4022.6,2,1,4022.5,281,3,4022.3,13,2,4022.2,40,1,4022.1,39,4,4023.4,93,1,4023.5,124,5,4023.6,91,3,4023.8,50,1,4024.0,88,8
11483,2026-07-02 13:31:47+05:30,4023.1,2,4037.21,1451543,159600.0,175918.0,4100.0,4110.0,4012.0,4092.6,25226950,4501.8,3683.4,4440.0,3288.1,4023.0,38,1,4022.5,281,3,4022.3,3,1,4022.2,43,2,4022.1,6,1,4023.1,53,2,4023.4,144,4,4023.5,113,2,4023.6,134,5,4023.8,50,1
11483,2026-07-02 13:31:48+05:30,4023.0,92,4037.21,1451543,159600.0,175918.0,4100.0,4110.0,4012.0,4092.6,25226950,4501.8,3683.4,4440.0,3288.1,4023.0,38,1,4022.5,281,3,4022.3,3,1,4022.2,43,2,4022.1,6,1,4023.1,53,2,4023.4,144,4,4023.5,113,2,4023.6,134,5,4023.8,50,1
11483,2026-07-02 13:31:50+05:30,4023.0,1,4037.21,1451543,159600.0,175918.0,4100.0,4110.0,4012.0,4092.6,25226950,4501.8,3683.4,4440.0,3288.1,4023.0,38,1,4022.5,281,3,4022.3,3,1,4022.2,43,2,4022.1,6,1,4023.1,53,2,4023.4,144,4,4023.5,113,2,4023.6,134,5,4023.8,50,1
11483,2026-07-02 13:31:51+05:30,4023.0,1,4037.21,1451800,159566.0,176198.0,4100.0,4110.0,4012.0,4092.6,25226950,4501.8,3683.4,4440.0,3288.1,4023.0,5,2,4022.5,281,3,4022.3,3,1,4022.2,40,1,4022.1,9,2,4023.1,54,3,4023.4,44,2,4023.5,113,2,4023.6,122,3,4023.8,50,1
11483,2026-07-02 13:31:52+05:30,4023.0,1,4037.21,1451800,159566.0,176198.0,4100.0,4110.0,4012.0,4092.6,25226950,4501.8,3683.4,4440.0,3288.1,4023.0,5,2,4022.5,281,3,4022.3,3,1,4022.2,40,1,4022.1,9,2,4023.1,54,3,4023.4,44,2,4023.5,113,2,4023.6,122,3,4023.8,50,1
11483,2026-07-02 13:31:54+05:30,4023.0,1,4037.21,1451800,159566.0,176198.0,4100.0,4110.0,4012.0,4092.6,25226950,4501.8,3683.4,4440.0,3288.1,4023.0,5,2,4022.5,281,3,4022.3,3,1,4022.2,40,1,4022.1,9,2,4023.1,54,3,4023.4,44,2,4023.5,113,2,4023.6,122,3,4023.8,50,1
11483,2026-07-02 13:31:55+05:30,4023.2,1,4037.2,1452309,159727.0,175777.0,4100.0,4110.0,4012.0,4092.6,25226950,4501.8,3683.4,4440.0,3288.1,4023.2,32,1,4023.1,49,2,4023.0,35,1,4022.9,42,1,4022.7,42,1,4023.4,2,1,4023.5,23,1,4023.6,80,2,4023.8,50,1,4023.9,2,1
11483,2026-07-02 13:31:56+05:30,4023.2,1,4037.2,1452309,159727.0,175777.0,4100.0,4110.0,4012.0,4092.6,25226950,4501.8,3683.4,4440.0,3288.1,4023.2,32,1,4023.1,49,2,4023.0,35,1,4022.9,42,1,4022.7,42,1,4023.4,2,1,4023.5,23,1,4023.6,80,2,4023.8,50,1,4023.9,2,1
11483,2026-07-02 13:31:58+05:30,4023.5,1,4037.2,1452309,159727.0,175777.0,4100.0,4110.0,4012.0,4092.6,25226950,4501.8,3683.4,4440.0,3288.1,4023.2,32,1,4023.1,49,2,4023.0,35,1,4022.9,42,1,4022.7,42,1,4023.4,2,1,4023.5,23,1,4023.6,80,2,4023.8,50,1,4023.9,2,1
11483,2026-07-02 13:32:00+05:30,4023.5,1,4037.2,1452492,160050.0,174937.0,4100.0,4110.0,4012.0,4092.6,25226950,4501.8,3683.4,4440.0,3288.1,4023.5,40,3,4023.4,49,2,4023.3,13,1,4023.2,48,2,4023.0,98,4,4023.6,11,1,4023.8,50,1,4024.0,65,5,4024.2,14,1,4024.3,11,1
11483,2026-07-02 13:32:00+05:30,4023.5,1,4037.2,1452492,160050.0,174937.0,4100.0,4110.0,4012.0,4092.6,25226950,4501.8,3683.4,4440.0,3288.1,4023.5,40,3,4023.4,49,2,4023.3,13,1,4023.2,48,2,4023.0,98,4,4023.6,11,1,4023.8,50,1,4024.0,65,5,4024.2,14,1,4024.3,11,1
11483,2026-07-02 13:32:02+05:30,4023.5,1,4037.2,1452492,160050.0,174937.0,4100.0,4110.0,4012.0,4092.6,25226950,4501.8,3683.4,4440.0,3288.1,4023.5,40,3,4023.4,49,2,4023.3,13,1,4023.2,48,2,4023.0,98,4,4023.6,11,1,4023.8,50,1,4024.0,65,5,4024.2,14,1,4024.3,11,1
11483,2026-07-02 13:32:04+05:30,4024.0,1,4037.2,1452806,161323.0,174433.0,4100.0,4110.0,4012.0,4092.6,25226950,4501.8,3683.4,4440.0,3288.1,4023.8,42,1,4023.6,42,1,4023.5,1,1,4023.4,42,1,4023.1,2,1,4024.0,66,5,4024.2,14,1,4024.3,11,1,4024.6,1,1,4024.7,20,2
11483,2026-07-02 13:32:05+05:30,4023.8,1,4037.2,1452806,161323.0,174433.0,4100.0,4110.0,4012.0,4092.6,25226950,4501.8,3683.4,4440.0,3288.1,4023.8,42,1,4023.6,42,1,4023.5,1,1,4023.4,42,1,4023.1,2,1,4024.0,66,5,4024.2,14,1,4024.3,11,1,4024.6,1,1,4024.7,20,2
11483,2026-07-02 13:32:07+05:30,4023.8,1,4037.2,1452806,161323.0,174433.0,4100.0,4110.0,4012.0,4092.6,25226950,4501.8,3683.4,4440.0,3288.1,4023.8,42,1,4023.6,42,1,4023.5,1,1,4023.4,42,1,4023.1,2,1,4024.0,66,5,4024.2,14,1,4024.3,11,1,4024.6,1,1,4024.7,20,2
11483,2026-07-02 13:32:09+05:30,4023.6,1,4037.2,1452806,161323.0,174433.0,4100.0,4110.0,4012.0,4092.6,25226950,4501.8,3683.4,4440.0,3288.1,4023.8,42,1,4023.6,42,1,4023.5,1,1,4023.4,42,1,4023.1,2,1,4024.0,66,5,4024.2,14,1,4024.3,11,1,4024.6,1,1,4024.7,20,2
11483,2026-07-02 13:32:09+05:30,4023.8,1,4037.2,1453078,161522.0,174436.0,4100.0,4110.0,4012.0,4092.6,25226950,4501.8,3683.4,4440.0,3288.1,4023.0,249,3,4022.7,2,1,4022.5,81,2,4022.4,34,1,4022.3,15,2,4023.9,100,1,4024.0,72,8,4024.1,3,1,4024.2,13,1,4024.4,5,1
11483,2026-07-02 13:32:11+05:30,4023.0,189,4037.2,1453078,161522.0,174436.0,4100.0,4110.0,4012.0,4092.6,25226950,4501.8,3683.4,4440.0,3288.1,4023.0,249,3,4022.7,2,1,4022.5,81,2,4022.4,34,1,4022.3,15,2,4023.9,100,1,4024.0,72,8,4024.1,3,1,4024.2,13,1,4024.4,5,1
11483,2026-07-02 13:32:13+05:30,4024.0,6,4037.2,1453078,161522.0,174436.0,4100.0,4110.0,4012.0,4092.6,25226950,4501.8,3683.4,4440.0,3288.1,4023.0,249,3,4022.7,2,1,4022.5,81,2,4022.4,34,1,4022.3,15,2,4023.9,100,1,4024.0,72,8,4024.1,3,1,4024.2,13,1,4024.4,5,1
11483,2026-07-02 13:32:13+05:30,4024.0,6,4037.2,1453078,161522.0,174436.0,4100.0,4110.0,4012.0,4092.6,25226950,4501.8,3683.4,4440.0,3288.1,4023.0,249,3,4022.7,2,1,4022.5,81,2,4022.4,34,1,4022.3,15,2,4023.9,100,1,4024.0,72,8,4024.1,3,1,4024.2,13,1,4024.4,5,1
11483,2026-07-02 13:32:14+05:30,4024.0,6,4037.2,1453078,161522.0,174436.0,4100.0,4110.0,4012.0,4092.6,25226950,4501.8,3683.4,4440.0,3288.1,4023.0,249,3,4022.7,2,1,4022.5,81,2,4022.4,34,1,4022.3,15,2,4023.9,100,1,4024.0,72,8,4024.1,3,1,4024.2,13,1,4024.4,5,1
11483,2026-07-02 13:32:14+05:30,4024.0,3,4037.19,1453694,161481.0,174170.0,4100.0,4110.0,4012.0,4092.6,25226950,4501.8,3683.4,4440.0,3288.1,4023.0,2,1,4022.7,3,1,4022.6,31,2,4022.5,113,3,4022.3,26,2,4024.0,30,5,4024.5,51,2,4024.6,1,1,4024.7,59,4,4024.8,44,4
11483,2026-07-02 13:32:14+05:30,4024.0,3,4037.19,1453694,161481.0,174170.0,4100.0,4110.0,4012.0,4092.6,25226950,4501.8,3683.4,4440.0,3288.1,4023.0,2,1,4022.7,3,1,4022.6,31,2,4022.5,113,3,4022.3,26,2,4024.0,30,5,4024.5,51,2,4024.6,1,1,4024.7,59,4,4024.8,44,4
11483,2026-07-02 13:32:15+05:30,4023.0,74,4037.19,1453694,161481.0,174170.0,4100.0,4110.0,4012.0,4092.6,25226950,4501.8,3683.4,4440.0,3288.1,4023.0,2,1,4022.7,3,1,4022.6,31,2,4022.5,113,3,4022.3,26,2,4024.0,30,5,4024.5,51,2,4024.6,1,1,4024.7,59,4,4024.8,44,4
11483,2026-07-02 13:32:15+05:30,4023.0,74,4037.19,1453694,161481.0,174170.0,4100.0,4110.0,4012.0,4092.6,25226950,4501.8,3683.4,4440.0,3288.1,4023.0,2,1,4022.7,3,1,4022.6,31,2,4022.5,113,3,4022.3,26,2,4024.0,30,5,4024.5,51,2,4024.6,1,1,4024.7,59,4,4024.8,44,4
11483,2026-07-02 13:32:16+05:30,4023.0,74,4037.19,1453694,161481.0,174170.0,4100.0,4110.0,4012.0,4092.6,25226950,4501.8,3683.4,4440.0,3288.1,4023.0,2,1,4022.7,3,1,4022.6,31,2,4022.5,113,3,4022.3,26,2,4024.0,30,5,4024.5,51,2,4024.6,1,1,4024.7,59,4,4024.8,44,4
11483,2026-07-02 13:32:17+05:30,4023.1,2,4037.19,1453694,161481.0,174170.0,4100.0,4110.0,4012.0,4092.6,25226950,4501.8,3683.4,4440.0,3288.1,4023.0,2,1,4022.7,3,1,4022.6,31,2,4022.5,113,3,4022.3,26,2,4024.0,30,5,4024.5,51,2,4024.6,1,1,4024.7,59,4,4024.8,44,4
11483,2026-07-02 13:32:17+05:30,4023.1,2,4037.19,1453694,161481.0,174170.0,4100.0,4110.0,4012.0,4092.6,25228000,4501.8,3683.4,4440.0,3288.1,4023.0,2,1,4022.7,3,1,4022.6,31,2,4022.5,113,3,4022.3,26,2,4024.0,30,5,4024.5,51,2,4024.6,1,1,4024.7,59,4,4024.8,44,4
11483,2026-07-02 13:32:18+05:30,4023.1,2,4037.19,1453694,161481.0,174170.0,4100.0,4110.0,4012.0,4092.6,25228000,4501.8,3683.4,4440.0,3288.1,4023.0,2,1,4022.7,3,1,4022.6,31,2,4022.5,113,3,4022.3,26,2,4024.0,30,5,4024.5,51,2,4024.6,1,1,4024.7,59,4,4024.8,44,4
11483,2026-07-02 13:32:19+05:30,4023.9,1,4037.19,1453694,161481.0,174170.0,4100.0,4110.0,4012.0,4092.6,25228000,4501.8,3683.4,4440.0,3288.1,4023.0,2,1,4022.7,3,1,4022.6,31,2,4022.5,113,3,4022.3,26,2,4024.0,30,5,4024.5,51,2,4024.6,1,1,4024.7,59,4,4024.8,44,4
11483,2026-07-02 13:32:19+05:30,4023.9,1,4037.19,1453694,161481.0,174170.0,4100.0,4110.0,4012.0,4092.6,25228000,4501.8,3683.4,4440.0,3288.1,4023.0,2,1,4022.7,3,1,4022.6,31,2,4022.5,113,3,4022.3,26,2,4024.0,30,5,4024.5,51,2,4024.6,1,1,4024.7,59,4,4024.8,44,4
11483,2026-07-02 13:32:19+05:30,4024.0,5,4037.19,1453840,161072.0,174056.0,4100.0,4110.0,4012.0,4092.6,25228000,4501.8,3683.4,4440.0,3288.1,4023.5,1,1,4023.1,16,2,4023.0,233,4,4022.7,12,1,4022.6,22,2,4024.0,24,5,4024.6,1,1,4024.7,9,1,4024.8,23,3,4024.9,60,2
11483,2026-07-02 13:32:21+05:30,4023.5,1,4037.19,1453840,161072.0,174056.0,4100.0,4110.0,4012.0,4092.6,25228000,4501.8,3683.4,4440.0,3288.1,4023.5,1,1,4023.1,16,2,4023.0,233,4,4022.7,12,1,4022.6,22,2,4024.0,24,5,4024.6,1,1,4024.7,9,1,4024.8,23,3,4024.9,60,2
11483,2026-07-02 13:32:23+05:30,4023.0,22,4037.19,1453840,161072.0,174056.0,4100.0,4110.0,4012.0,4092.6,25228000,4501.8,3683.4,4440.0,3288.1,4023.5,1,1,4023.1,16,2,4023.0,233,4,4022.7,12,1,4022.6,22,2,4024.0,24,5,4024.6,1,1,4024.7,9,1,4024.8,23,3,4024.9,60,2
11483,2026-07-02 13:32:24+05:30,4023.5,2,4037.19,1453919,161439.0,174202.0,4100.0,4110.0,4012.0,4092.6,25228000,4501.8,3683.4,4440.0,3288.1,4023.0,224,6,4022.8,17,1,4022.7,32,3,4022.6,20,1,4022.5,113,3,4024.0,24,5,4024.6,1,1,4024.7,9,1,4024.8,65,4,4024.9,39,1
11483,2026-07-02 13:32:25+05:30,4024.0,1,4037.19,1453919,161439.0,174202.0,4100.0,4110.0,4012.0,4092.6,25228000,4501.8,3683.4,4440.0,3288.1,4023.0,224,6,4022.8,17,1,4022.7,32,3,4022.6,20,1,4022.5,113,3,4024.0,24,5,4024.6,1,1,4024.7,9,1,4024.8,65,4,4024.9,39,1
11483,2026-07-02 13:32:27+05:30,4024.0,1,4037.19,1453919,161439.0,174202.0,4100.0,4110.0,4012.0,4092.6,25228000,4501.8,3683.4,4440.0,3288.1,4023.0,224,6,4022.8,17,1,4022.7,32,3,4022.6,20,1,4022.5,113,3,4024.0,24,5,4024.6,1,1,4024.7,9,1,4024.8,65,4,4024.9,39,1
11483,2026-07-02 13:32:28+05:30,4024.0,1,4037.19,1454168,161119.0,173792.0,4100.0,4110.0,4012.0,4092.6,25228000,4501.8,3683.4,4440.0,3288.1,4023.0,77,4,4022.6,15,1,4022.5,144,4,4022.4,12,1,4022.3,11,3,4024.0,30,5,4024.5,13,1,4024.6,2,2,4024.7,23,2,4024.8,35,5
11483,2026-07-02 13:32:29+05:30,4024.0,7,4037.19,1454168,161119.0,173792.0,4100.0,4110.0,4012.0,4092.6,25228000,4501.8,3683.4,4440.0,3288.1,4023.0,77,4,4022.6,15,1,4022.5,144,4,4022.4,12,1,4022.3,11,3,4024.0,30,5,4024.5,13,1,4024.6,2,2,4024.7,23,2,4024.8,35,5
11483,2026-07-02 13:32:31+05:30,4024.0,2,4037.19,1454168,161119.0,173792.0,4100.0,4110.0,4012.0,4092.6,25228000,4501.8,3683.4,4440.0,3288.1,4023.0,77,4,4022.6,15,1,4022.5,144,4,4022.4,12,1,4022.3,11,3,4024.0,30,5,4024.5,13,1,4024.6,2,2,4024.7,23,2,4024.8,35,5
11483,2026-07-02 13:32:33+05:30,4023.5,1,4037.19,1454168,161119.0,173792.0,4100.0,4110.0,4012.0,4092.6,25228000,4501.8,3683.4,4440.0,3288.1,4023.0,77,4,4022.6,15,1,4022.5,144,4,4022.4,12,1,4022.3,11,3,4024.0,30,5,4024.5,13,1,4024.6,2,2,4024.7,23,2,4024.8,35,5
11483,2026-07-02 13:32:33+05:30,4024.0,1,4037.18,1454217,160589.0,174013.0,4100.0,4110.0,4012.0,4092.6,25228000,4501.8,3683.4,4440.0,3288.1,4023.5,5,1,4023.0,47,4,4022.6,15,1,4022.5,113,3,4022.4,12,1,4024.0,38,6,4024.1,27,1,4024.2,13,1,4024.5,13,1,4024.6,12,3
11483,2026-07-02 13:32:35+05:30,4024.0,1,4037.18,1454217,160589.0,174013.0,4100.0,4110.0,4012.0,4092.6,25228000,4501.8,3683.4,4440.0,3288.1,4023.5,5,1,4023.0,47,4,4022.6,15,1,4022.5,113,3,4022.4,12,1,4024.0,38,6,4024.1,27,1,4024.2,13,1,4024.5,13,1,4024.6,12,3
11483,2026-07-02 13:32:37+05:30,4024.0,1,4037.18,1454217,160589.0,174013.0,4100.0,4110.0,4012.0,4092.6,25228000,4501.8,3683.4,4440.0,3288.1,4023.5,5,1,4023.0,47,4,4022.6,15,1,4022.5,113,3,4022.4,12,1,4024.0,38,6,4024.1,27,1,4024.2,13,1,4024.5,13,1,4024.6,12,3
11483,2026-07-02 13:32:37+05:30,4023.5,5,4037.18,1454233,160182.0,173910.0,4100.0,4110.0,4012.0,4092.6,25228000,4501.8,3683.4,4440.0,3288.1,4023.5,44,1,4023.0,50,6,4022.7,3,1,4022.6,44,2,4022.5,126,4,4024.0,28,5,4024.1,27,1,4024.5,18,2,4024.6,2,2,4024.7,26,3
11483,2026-07-02 13:32:39+05:30,4023.9,1,4037.18,1454233,160182.0,173910.0,4100.0,4110.0,4012.0,4092.6,25228000,4501.8,3683.4,4440.0,3288.1,4023.5,44,1,4023.0,50,6,4022.7,3,1,4022.6,44,2,4022.5,126,4,4024.0,28,5,4024.1,27,1,4024.5,18,2,4024.6,2,2,4024.7,26,3
11483,2026-07-02 13:32:41+05:30,4023.9,1,4037.18,1454233,160182.0,173910.0,4100.0,4110.0,4012.0,4092.6,25228000,4501.8,3683.4,4440.0,3288.1,4023.5,44,1,4023.0,50,6,4022.7,3,1,4022.6,44,2,4022.5,126,4,4024.0,28,5,4024.1,27,1,4024.5,18,2,4024.6,2,2,4024.7,26,3
11483,2026-07-02 13:32:41+05:30,4023.9,1,4037.18,1454249,159991.0,174080.0,4100.0,4110.0,4012.0,4092.6,25228000,4501.8,3683.4,4440.0,3288.1,4023.7,1,1,4023.5,42,1,4023.1,2,1,4023.0,54,7,4022.9,4,1,4023.9,161,1,4024.0,21,4,4024.1,27,1,4024.3,5,1,4024.5,20,3
11483,2026-07-02 13:32:43+05:30,4023.7,1,4037.18,1454249,159991.0,174080.0,4100.0,4110.0,4012.0,4092.6,25228000,4501.8,3683.4,4440.0,3288.1,4023.7,1,1,4023.5,42,1,4023.1,2,1,4023.0,54,7,4022.9,4,1,4023.9,161,1,4024.0,21,4,4024.1,27,1,4024.3,5,1,4024.5,20,3
11483,2026-07-02 13:32:45+05:30,4023.7,16,4037.18,1454249,159991.0,174080.0,4100.0,4110.0,4012.0,4092.6,25228000,4501.8,3683.4,4440.0,3288.1,4023.7,1,1,4023.5,42,1,4023.1,2,1,4023.0,54,7,4022.9,4,1,4023.9,161,1,4024.0,21,4,4024.1,27,1,4024.3,5,1,4024.5,20,3
11483,2026-07-02 13:32:46+05:30,4024.0,3,4037.18,1454472,160031.0,174114.0,4100.0,4110.0,4012.0,4092.6,25228000,4501.8,3683.4,4440.0,3288.1,4023.9,1,1,4023.8,39,1,4023.6,42,1,4023.5,12,1,4023.4,42,1,4024.0,77,4,4024.3,5,1,4024.5,5,1,4024.6,1,1,4024.7,25,3
11483,2026-07-02 13:32:47+05:30,4024.0,1,4037.18,1454472,160031.0,174114.0,4100.0,4110.0,4012.0,4092.6,25228000,4501.8,3683.4,4440.0,3288.1,4023.9,1,1,4023.8,39,1,4023.6,42,1,4023.5,12,1,4023.4,42,1,4024.0,77,4,4024.3,5,1,4024.5,5,1,4024.6,1,1,4024.7,25,3
11483,2026-07-02 13:32:49+05:30,4024.0,1,4037.18,1454472,160031.0,174114.0,4100.0,4110.0,4012.0,4092.6,25228000,4501.8,3683.4,4440.0,3288.1,4023.9,1,1,4023.8,39,1,4023.6,42,1,4023.5,12,1,4023.4,42,1,4024.0,77,4,4024.3,5,1,4024.5,5,1,4024.6,1,1,4024.7,25,3
11483,2026-07-02 13:32:50+05:30,4024.0,7,4037.18,1454721,160824.0,173978.0,4100.0,4110.0,4012.0,4092.6,25228000,4501.8,3683.4,4440.0,3288.1,4024.0,74,1,4023.9,46,3,4023.8,42,1,4023.6,42,1,4023.5,12,1,4024.3,5,1,4024.6,1,1,4024.9,2,1,4025.0,424,9,4025.1,29,2
11483,2026-07-02 13:32:51+05:30,4024.3,4,4037.18,1454721,160824.0,173978.0,4100.0,4110.0,4012.0,4092.6,25228000,4501.8,3683.4,4440.0,3288.1,4024.0,74,1,4023.9,46,3,4023.8,42,1,4023.6,42,1,4023.5,12,1,4024.3,5,1,4024.6,1,1,4024.9,2,1,4025.0,424,9,4025.1,29,2
11483,2026-07-02 13:32:53+05:30,4024.0,28,4037.18,1454721,160824.0,173978.0,4100.0,4110.0,4012.0,4092.6,25228000,4501.8,3683.4,4440.0,3288.1,4024.0,74,1,4023.9,46,3,4023.8,42,1,4023.6,42,1,4023.5,12,1,4024.3,5,1,4024.6,1,1,4024.9,2,1,4025.0,424,9,4025.1,29,2
11483,2026-07-02 13:32:54+05:30,4024.3,11,4037.18,1454880,161410.0,173860.0,4100.0,4110.0,4012.0,4092.6,25228000,4501.8,3683.4,4440.0,3288.1,4024.3,2,1,4024.2,42,1,4024.1,52,2,4024.0,21,3,4023.9,45,2,4024.6,1,1,4025.0,429,10,4025.2,15,1,4025.4,12,1,4025.5,5,1
11483,2026-07-02 13:32:55+05:30,4024.3,2,4037.18,1454880,161410.0,173860.0,4100.0,4110.0,4012.0,4092.6,25228000,4501.8,3683.4,4440.0,3288.1,4024.3,2,1,4024.2,42,1,4024.1,52,2,4024.0,21,3,4023.9,45,2,4024.6,1,1,4025.0,429,10,4025.2,15,1,4025.4,12,1,4025.5,5,1
11483,2026-07-02 13:32:57+05:30,4024.6,20,4037.18,1454880,161410.0,173860.0,4100.0,4110.0,4012.0,4092.6,25228000,4501.8,3683.4,4440.0,3288.1,4024.3,2,1,4024.2,42,1,4024.1,52,2,4024.0,21,3,4023.9,45,2,4024.6,1,1,4025.0,429,10,4025.2,15,1,4025.4,12,1,4025.5,5,1
11483,2026-07-02 13:32:58+05:30,4025.0,7,4037.18,1454990,160850.0,173682.0,4100.0,4110.0,4012.0,4092.6,25228000,4501.8,3683.4,4440.0,3288.1,4024.9,43,2,4024.8,42,1,4024.6,51,2,4024.4,42,1,4024.3,13,2,4025.0,435,10,4025.2,28,2,4025.5,5,1,4025.7,27,2,4025.8,72,3
11483,2026-07-02 13:32:59+05:30,4024.9,20,4037.18,1454990,160850.0,173682.0,4100.0,4110.0,4012.0,4092.6,25228000,4501.8,3683.4,4440.0,3288.1,4024.9,43,2,4024.8,42,1,4024.6,51,2,4024.4,42,1,4024.3,13,2,4025.0,435,10,4025.2,28,2,4025.5,5,1,4025.7,27,2,4025.8,72,3
11483,2026-07-02 13:33:01+05:30,4025.0,81,4037.18,1454990,160850.0,173682.0,4100.0,4110.0,4012.0,4092.6,25228000,4501.8,3683.4,4440.0,3288.1,4024.9,43,2,4024.8,42,1,4024.6,51,2,4024.4,42,1,4024.3,13,2,4025.0,435,10,4025.2,28,2,4025.5,5,1,4025.7,27,2,4025.8,72,3
11483,2026-07-02 13:33:03+05:30,4024.9,69,4037.18,1454990,160850.0,173682.0,4100.0,4110.0,4012.0,4092.6,25228000,4501.8,3683.4,4440.0,3288.1,4024.9,43,2,4024.8,42,1,4024.6,51,2,4024.4,42,1,4024.3,13,2,4025.0,435,10,4025.2,28,2,4025.5,5,1,4025.7,27,2,4025.8,72,3
11483,2026-07-02 13:33:03+05:30,4024.9,69,4037.17,1455472,160923.0,172887.0,4100.0,4110.0,4012.0,4092.6,25228000,4501.8,3683.4,4440.0,3288.1,4024.8,40,1,4024.5,42,1,4024.3,44,2,4024.1,10,1,4024.0,19,3,4024.9,95,1,4025.0,69,4,4025.2,28,2,4025.5,10,2,4025.7,28,2
11483,2026-07-02 13:33:05+05:30,4024.8,11,4037.17,1455472,160923.0,172887.0,4100.0,4110.0,4012.0,4092.6,25228000,4501.8,3683.4,4440.0,3288.1,4024.8,40,1,4024.5,42,1,4024.3,44,2,4024.1,10,1,4024.0,19,3,4024.9,95,1,4025.0,69,4,4025.2,28,2,4025.5,10,2,4025.7,28,2
11483,2026-07-02 13:33:07+05:30,4024.8,46,4037.17,1455472,160923.0,172887.0,4100.0,4110.0,4012.0,4092.6,25228000,4501.8,3683.4,4440.0,3288.1,4024.8,40,1,4024.5,42,1,4024.3,44,2,4024.1,10,1,4024.0,19,3,4024.9,95,1,4025.0,69,4,4025.2,28,2,4025.5,10,2,4025.7,28,2
11483,2026-07-02 13:33:07+05:30,4024.8,2,4037.17,1455802,160948.0,172736.0,4100.0,4110.0,4012.0,4092.6,25228000,4501.8,3683.4,4440.0,3288.1,4024.8,40,1,4024.7,42,1,4024.6,8,1,4024.5,42,1,4024.3,42,1,4024.9,3,1,4025.0,57,2,4025.2,26,2,4025.4,5,1,4025.5,5,1
11483,2026-07-02 13:33:09+05:30,4024.9,68,4037.17,1455802,160948.0,172736.0,4100.0,4110.0,4012.0,4092.6,25228000,4501.8,3683.4,4440.0,3288.1,4024.8,40,1,4024.7,42,1,4024.6,8,1,4024.5,42,1,4024.3,42,1,4024.9,3,1,4025.0,57,2,4025.2,26,2,4025.4,5,1,4025.5,5,1
11483,2026-07-02 13:33:11+05:30,4023.0,7,4037.17,1455802,160948.0,172736.0,4100.0,4110.0,4012.0,4092.6,25228000,4501.8,3683.4,4440.0,3288.1,4024.8,40,1,4024.7,42,1,4024.6,8,1,4024.5,42,1,4024.3,42,1,4024.9,3,1,4025.0,57,2,4025.2,26,2,4025.4,5,1,4025.5,5,1
11483,2026-07-02 13:33:12+05:30,4024.0,5,4037.17,1456432,161049.0,173821.0,4100.0,4110.0,4012.0,4092.6,25228000,4501.8,3683.4,4440.0,3288.1,4023.3,25,3,4023.2,13,2,4023.1,65,5,4023.0,179,9,4022.9,6,2,4024.0,45,3,4024.8,5,1,4025.0,57,2,4025.2,15,1,4025.3,35,2
11483,2026-07-02 13:33:13+05:30,4023.3,23,4037.17,1456432,161049.0,173821.0,4100.0,4110.0,4012.0,4092.6,25228000,4501.8,3683.4,4440.0,3288.1,4023.3,25,3,4023.2,13,2,4023.1,65,5,4023.0,179,9,4022.9,6,2,4024.0,45,3,4024.8,5,1,4025.0,57,2,4025.2,15,1,4025.3,35,2
11483,2026-07-02 13:33:13+05:30,4023.3,23,4037.17,1456432,161049.0,173821.0,4100.0,4110.0,4012.0,4092.6,25228000,4501.8,3683.4,4440.0,3288.1,4023.3,25,3,4023.2,13,2,4023.1,65,5,4023.0,179,9,4022.9,6,2,4024.0,45,3,4024.8,5,1,4025.0,57,2,4025.2,15,1,4025.3,35,2
11483,2026-07-02 13:33:14+05:30,4023.3,23,4037.17,1456432,161049.0,173821.0,4100.0,4110.0,4012.0,4092.6,25228000,4501.8,3683.4,4440.0,3288.1,4023.3,25,3,4023.2,13,2,4023.1,65,5,4023.0,179,9,4022.9,6,2,4024.0,45,3,4024.8,5,1,4025.0,57,2,4025.2,15,1,4025.3,35,2
11483,2026-07-02 13:33:15+05:30,4023.3,23,4037.17,1456432,161049.0,173821.0,4100.0,4110.0,4012.0,4092.6,25228000,4501.8,3683.4,4440.0,3288.1,4023.3,25,3,4023.2,13,2,4023.1,65,5,4023.0,179,9,4022.9,6,2,4024.0,45,3,4024.8,5,1,4025.0,57,2,4025.2,15,1,4025.3,35,2
11483,2026-07-02 13:33:16+05:30,4023.3,23,4037.17,1456432,161049.0,173821.0,4100.0,4110.0,4012.0,4092.6,25228000,4501.8,3683.4,4440.0,3288.1,4023.3,25,3,4023.2,13,2,4023.1,65,5,4023.0,179,9,4022.9,6,2,4024.0,45,3,4024.8,5,1,4025.0,57,2,4025.2,15,1,4025.3,35,2
11483,2026-07-02 13:33:16+05:30,4024.0,40,4037.16,1456754,160844.0,173890.0,4100.0,4110.0,4012.0,4092.6,25228000,4501.8,3683.4,4440.0,3288.1,4023.0,180,9,4022.9,4,1,4022.8,2,1,4022.7,12,1,4022.6,70,5,4024.0,89,2,4024.2,42,1,4024.4,42,1,4025.0,57,2,4025.1,16,2
11483,2026-07-02 13:33:16+05:30,4024.0,40,4037.16,1456754,160844.0,173890.0,4100.0,4110.0,4012.0,4092.6,25228000,4501.8,3683.4,4440.0,3288.1,4023.0,180,9,4022.9,4,1,4022.8,2,1,4022.7,12,1,4022.6,70,5,4024.0,89,2,4024.2,42,1,4024.4,42,1,4025.0,57,2,4025.1,16,2
11483,2026-07-02 13:33:17+05:30,4023.0,2,4037.16,1456754,160844.0,173890.0,4100.0,4110.0,4012.0,4092.6,25228000,4501.8,3683.4,4440.0,3288.1,4023.0,180,9,4022.9,4,1,4022.8,2,1,4022.7,12,1,4022.6,70,5,4024.0,89,2,4024.2,42,1,4024.4,42,1,4025.0,57,2,4025.1,16,2
11483,2026-07-02 13:33:17+05:30,4023.0,2,4037.16,1456754,160844.0,173890.0,4100.0,4110.0,4012.0,4092.6,25228000,4501.8,3683.4,4440.0,3288.1,4023.0,180,9,4022.9,4,1,4022.8,2,1,4022.7,12,1,4022.6,70,5,4024.0,89,2,4024.2,42,1,4024.4,42,1,4025.0,57,2,4025.1,16,2
11483,2026-07-02 13:33:17+05:30,4023.0,2,4037.16,1456754,160844.0,173890.0,4100.0,4110.0,4012.0,4092.6,25234650,4501.8,3683.4,4440.0,3288.1,4023.0,180,9,4022.9,4,1,4022.8,2,1,4022.7,12,1,4022.6,70,5,4024.0,89,2,4024.2,42,1,4024.4,42,1,4025.0,57,2,4025.1,16,2
11483,2026-07-02 13:33:18+05:30,4023.0,2,4037.16,1456754,160844.0,173890.0,4100.0,4110.0,4012.0,4092.6,25234650,4501.8,3683.4,4440.0,3288.1,4023.0,180,9,4022.9,4,1,4022.8,2,1,4022.7,12,1,4022.6,70,5,4024.0,89,2,4024.2,42,1,4024.4,42,1,4025.0,57,2,4025.1,16,2
11483,2026-07-02 13:33:19+05:30,4023.0,62,4037.16,1456754,160844.0,173890.0,4100.0,4110.0,4012.0,4092.6,25234650,4501.8,3683.4,4440.0,3288.1,4023.0,180,9,4022.9,4,1,4022.8,2,1,4022.7,12,1,4022.6,70,5,4024.0,89,2,4024.2,42,1,4024.4,42,1,4025.0,57,2,4025.1,16,2
11483,2026-07-02 13:33:19+05:30,4023.0,62,4037.16,1456754,160844.0,173890.0,4100.0,4110.0,4012.0,4092.6,25234650,4501.8,3683.4,4440.0,3288.1,4023.0,180,9,4022.9,4,1,4022.8,2,1,4022.7,12,1,4022.6,70,5,4024.0,89,2,4024.2,42,1,4024.4,42,1,4025.0,57,2,4025.1,16,2
11483,2026-07-02 13:33:20+05:30,4022.9,4,4037.15,1458029,160765.0,175246.0,4100.0,4110.0,4012.0,4092.6,25234650,4501.8,3683.4,4440.0,3288.1,4022.5,96,3,4022.3,8,2,4022.1,11,2,4022.0,396,18,4021.9,38,3,4022.9,76,1,4023.0,25,2,4023.1,42,1,4023.2,39,2,4023.3,42,1
11483,2026-07-02 13:33:21+05:30,4022.5,57,4037.15,1458029,160765.0,175246.0,4100.0,4110.0,4012.0,4092.6,25234650,4501.8,3683.4,4440.0,3288.1,4022.5,96,3,4022.3,8,2,4022.1,11,2,4022.0,396,18,4021.9,38,3,4022.9,76,1,4023.0,25,2,4023.1,42,1,4023.2,39,2,4023.3,42,1
11483,2026-07-02 13:33:21+05:30,4022.5,57,4037.15,1458182,160685.0,175242.0,4100.0,4110.0,4012.0,4092.6,25234650,4501.8,3683.4,4440.0,3288.1,4022.5,50,1,4022.3,8,2,4022.1,11,2,4022.0,496,19,4021.9,25,2,4022.6,76,1,4022.8,42,1,4022.9,3,1,4023.0,67,3,4023.2,81,3
11483,2026-07-02 13:33:22+05:30,4022.6,1,4037.15,1458182,160685.0,175242.0,4100.0,4110.0,4012.0,4092.6,25234650,4501.8,3683.4,4440.0,3288.1,4022.5,50,1,4022.3,8,2,4022.1,11,2,4022.0,496,19,4021.9,25,2,4022.6,76,1,4022.8,42,1,4022.9,3,1,4023.0,67,3,4023.2,81,3
11483,2026-07-02 13:33:22+05:30,4022.5,1,4037.15,1458203,160733.0,175296.0,4100.0,4110.0,4012.0,4092.6,25234650,4501.8,3683.4,4440.0,3288.1,4022.5,41,2,4022.3,8,2,4022.2,22,1,4022.1,11,2,4022.0,496,19,4022.7,42,1,4022.9,42,1,4023.0,25,2,4023.1,42,1,4023.2,38,1
11483,2026-07-02 13:33:23+05:30,4022.5,2,4037.15,1458203,160733.0,175296.0,4100.0,4110.0,4012.0,4092.6,25234650,4501.8,3683.4,4440.0,3288.1,4022.5,41,2,4022.3,8,2,4022.2,22,1,4022.1,11,2,4022.0,496,19,4022.7,42,1,4022.9,42,1,4023.0,25,2,4023.1,42,1,4023.2,38,1
11483,2026-07-02 13:33:23+05:30,4022.5,29,4037.15,1458280,161150.0,175226.0,4100.0,4110.0,4012.0,4092.6,25234650,4501.8,3683.4,4440.0,3288.1,4022.5,21,1,4022.3,8,2,4022.1,6,1,4022.0,496,19,4021.8,31,3,4022.7,38,3,4022.9,42,1,4023.0,25,2,4023.1,42,1,4023.2,38,1
11483,2026-07-02 13:33:24+05:30,4022.7,1,4037.15,1458280,161150.0,175226.0,4100.0,4110.0,4012.0,4092.6,25234650,4501.8,3683.4,4440.0,3288.1,4022.5,21,1,4022.3,8,2,4022.1,6,1,4022.0,496,19,4021.8,31,3,4022.7,38,3,4022.9,42,1,4023.0,25,2,4023.1,42,1,4023.2,38,1
11483,2026-07-02 13:33:24+05:30,4022.5,80,4037.15,1458370,161208.0,175230.0,4100.0,4110.0,4012.0,4092.6,25234650,4501.8,3683.4,4440.0,3288.1,4022.5,50,1,4022.3,16,3,4022.1,27,2,4022.0,496,19,4021.9,3,1,4022.7,37,3,4022.9,42,1,4023.0,25,2,4023.1,42,1,4023.2,38,1
11483,2026-07-02 13:33:25+05:30,4022.5,11,4037.15,1458370,161208.0,175230.0,4100.0,4110.0,4012.0,4092.6,25234650,4501.8,3683.4,4440.0,3288.1,4022.5,50,1,4022.3,16,3,4022.1,27,2,4022.0,496,19,4021.9,3,1,4022.7,37,3,4022.9,42,1,4023.0,25,2,4023.1,42,1,4023.2,38,1
11483,2026-07-02 13:33:25+05:30,4023.0,37,4037.14,1458561,160880.0,175180.0,4100.0,4110.0,4012.0,4092.6,25234650,4501.8,3683.4,4440.0,3288.1,4022.5,39,1,4022.3,16,3,4022.1,6,1,4022.0,510,21,4021.9,3,1,4023.0,5,1,4023.2,80,2,4024.0,122,5,4024.1,5,1,4024.2,30,3
11483,2026-07-02 13:33:26+05:30,4023.0,5,4037.14,1458561,160880.0,175180.0,4100.0,4110.0,4012.0,4092.6,25234650,4501.8,3683.4,4440.0,3288.1,4022.5,39,1,4022.3,16,3,4022.1,6,1,4022.0,510,21,4021.9,3,1,4023.0,5,1,4023.2,80,2,4024.0,122,5,4024.1,5,1,4024.2,30,3
11483,2026-07-02 13:33:26+05:30,4023.0,1,4037.14,1458597,161357.0,175194.0,4100.0,4110.0,4012.0,4092.6,25234650,4501.8,3683.4,4440.0,3288.1,4023.0,1,1,4022.5,14,1,4022.3,16,3,4022.1,51,3,4022.0,497,20,4023.2,38,1,4023.6,42,1,4024.0,132,6,4024.1,5,1,4024.2,5,1
11483,2026-07-02 13:33:27+05:30,4023.0,1,4037.14,1458597,161357.0,175194.0,4100.0,4110.0,4012.0,4092.6,25234650,4501.8,3683.4,4440.0,3288.1,4023.0,1,1,4022.5,14,1,4022.3,16,3,4022.1,51,3,4022.0,497,20,4023.2,38,1,4023.6,42,1,4024.0,132,6,4024.1,5,1,4024.2,5,1
11483,2026-07-02 13:33:27+05:30,4023.0,1,4037.14,1458604,161289.0,175509.0,4100.0,4110.0,4012.0,4092.6,25234650,4501.8,3683.4,4440.0,3288.1,4022.5,14,1,4022.3,16,3,4022.1,6,1,4022.0,497,20,4021.9,12,1,4023.0,79,1,4023.2,80,2,4023.4,42,1,4023.6,42,1,4023.7,15,1
11483,2026-07-02 13:33:28+05:30,4022.5,1,4037.14,1458604,161289.0,175509.0,4100.0,4110.0,4012.0,4092.6,25234650,4501.8,3683.4,4440.0,3288.1,4022.5,14,1,4022.3,16,3,4022.1,6,1,4022.0,497,20,4021.9,12,1,4023.0,79,1,4023.2,80,2,4023.4,42,1,4023.6,42,1,4023.7,15,1
11483,2026-07-02 13:33:28+05:30,4022.5,1,4037.14,1458652,160981.0,175508.0,4100.0,4110.0,4012.0,4092.6,25234650,4501.8,3683.4,4440.0,3288.1,4022.5,18,1,4022.3,16,3,4022.1,6,1,4022.0,497,20,4021.8,6,1,4022.7,84,2,4022.9,42,1,4023.0,5,1,4023.1,42,1,4023.2,38,1
11483,2026-07-02 13:33:29+05:30,4022.5,1,4037.14,1458652,160981.0,175508.0,4100.0,4110.0,4012.0,4092.6,25234650,4501.8,3683.4,4440.0,3288.1,4022.5,18,1,4022.3,16,3,4022.1,6,1,4022.0,497,20,4021.8,6,1,4022.7,84,2,4022.9,42,1,4023.0,5,1,4023.1,42,1,4023.2,38,1
11483,2026-07-02 13:33:29+05:30,4022.5,1,4037.14,1458738,161037.0,175457.0,4100.0,4110.0,4012.0,4092.6,25234650,4501.8,3683.4,4440.0,3288.1,4022.6,1,1,4022.5,377,2,4022.3,16,3,4022.1,6,1,4022.0,497,20,4022.7,47,2,4022.9,42,1,4023.0,5,1,4023.1,42,1,4023.2,51,2
11483,2026-07-02 13:33:30+05:30,4022.5,8,4037.14,1458738,161037.0,175457.0,4100.0,4110.0,4012.0,4092.6,25234650,4501.8,3683.4,4440.0,3288.1,4022.6,1,1,4022.5,377,2,4022.3,16,3,4022.1,6,1,4022.0,497,20,4022.7,47,2,4022.9,42,1,4023.0,5,1,4023.1,42,1,4023.2,51,2
11483,2026-07-02 13:33:30+05:30,4022.5,20,4037.14,1458858,160908.0,175491.0,4100.0,4110.0,4012.0,4092.6,25234650,4501.8,3683.4,4440.0,3288.1,4022.5,263,2,4022.4,15,1,4022.3,8,2,4022.1,6,1,4022.0,497,20,4022.6,1,1,4022.7,47,2,4022.9,42,1,4023.0,5,1,4023.1,42,1
11483,2026-07-02 13:33:31+05:30,4022.5,1,4037.14,1458858,160908.0,175491.0,4100.0,4110.0,4012.0,4092.6,25234650,4501.8,3683.4,4440.0,3288.1,4022.5,263,2,4022.4,15,1,4022.3,8,2,4022.1,6,1,4022.0,497,20,4022.6,1,1,4022.7,47,2,4022.9,42,1,4023.0,5,1,4023.1,42,1
11483,2026-07-02 13:33:31+05:30,4022.5,5,4037.14,1458966,160806.0,175528.0,4100.0,4110.0,4012.0,4092.6,25234650,4501.8,3683.4,4440.0,3288.1,4022.5,160,2,4022.4,15,1,4022.3,8,2,4022.1,6,1,4022.0,465,19,4022.7,46,2,4022.9,42,1,4023.0,5,1,4023.1,42,1,4023.2,51,2
11483,2026-07-02 13:33:32+05:30,4022.5,81,4037.14,1458966,160806.0,175528.0,4100.0,4110.0,4012.0,4092.6,25234650,4501.8,3683.4,4440.0,3288.1,4022.5,160,2,4022.4,15,1,4022.3,8,2,4022.1,6,1,4022.0,465,19,4022.7,46,2,4022.9,42,1,4023.0,5,1,4023.1,42,1,4023.2,51,2
11483,2026-07-02 13:33:32+05:30,4022.5,44,4037.14,1459145,160598.0,175487.0,4100.0,4110.0,4012.0,4092.6,25234650,4501.8,3683.4,4440.0,3288.1,4022.5,6,1,4022.4,15,1,4022.3,8,2,4022.1,6,1,4022.0,465,19,4022.7,23,2,4022.9,42,1,4023.0,5,1,4023.1,42,1,4023.2,51,2
11483,2026-07-02 13:33:33+05:30,4022.5,21,4037.14,1459145,160598.0,175487.0,4100.0,4110.0,4012.0,4092.6,25234650,4501.8,3683.4,4440.0,3288.1,4022.5,6,1,4022.4,15,1,4022.3,8,2,4022.1,6,1,4022.0,465,19,4022.7,23,2,4022.9,42,1,4023.0,5,1,4023.1,42,1,4023.2,51,2
11483,2026-07-02 13:33:33+05:30,4022.5,58,4037.14,1459224,160144.0,175653.0,4100.0,4110.0,4012.0,4092.6,25234650,4501.8,3683.4,4440.0,3288.1,4022.3,8,2,4022.1,6,1,4022.0,465,19,4021.8,6,1,4021.6,12,1,4022.5,23,1,4022.7,23,2,4022.9,42,1,4023.0,18,2,4023.1,42,1
11483,2026-07-02 13:33:34+05:30,4022.5,8,4037.14,1459224,160144.0,175653.0,4100.0,4110.0,4012.0,4092.6,25234650,4501.8,3683.4,4440.0,3288.1,4022.3,8,2,4022.1,6,1,4022.0,465,19,4021.8,6,1,4021.6,12,1,4022.5,23,1,4022.7,23,2,4022.9,42,1,4023.0,18,2,4023.1,42,1
11483,2026-07-02 13:33:34+05:30,4022.5,8,4037.14,1459442,159744.0,175491.0,4100.0,4110.0,4012.0,4092.6,25234650,4501.8,3683.4,4440.0,3288.1,4022.0,286,16,4021.8,6,1,4021.5,4,1,4021.4,15,1,4021.3,39,4,4022.2,15,1,4022.5,2,1,4022.6,42,1,4022.7,32,2,4022.8,42,1
11483,2026-07-02 13:33:35+05:30,4022.0,26,4037.14,1459442,159744.0,175491.0,4100.0,4110.0,4012.0,4092.6,25234650,4501.8,3683.4,4440.0,3288.1,4022.0,286,16,4021.8,6,1,4021.5,4,1,4021.4,15,1,4021.3,39,4,4022.2,15,1,4022.5,2,1,4022.6,42,1,4022.7,32,2,4022.8,42,1
11483,2026-07-02 13:33:35+05:30,4022.0,26,4037.14,1459468,159809.0,175650.0,4100.0,4110.0,4012.0,4092.6,25234650,4501.8,3683.4,4440.0,3288.1,4022.0,264,17,4021.8,6,1,4021.5,4,1,4021.4,15,1,4021.3,71,5,4022.4,42,1,4022.5,2,1,4022.6,42,1,4022.7,21,1,4023.0,5,1
11483,2026-07-02 13:33:36+05:30,4022.4,4,4037.14,1459468,159809.0,175650.0,4100.0,4110.0,4012.0,4092.6,25234650,4501.8,3683.4,4440.0,3288.1,4022.0,264,17,4021.8,6,1,4021.5,4,1,4021.4,15,1,4021.3,71,5,4022.4,42,1,4022.5,2,1,4022.6,42,1,4022.7,21,1,4023.0,5,1
11483,2026-07-02 13:33:36+05:30,4022.2,5,4037.14,1459480,159948.0,175669.0,4100.0,4110.0,4012.0,4092.6,25234650,4501.8,3683.4,4440.0,3288.1,4022.0,261,16,4021.8,6,1,4021.5,24,2,4021.4,15,1,4021.3,87,6,4022.2,6,1,4022.4,40,2,4022.7,34,2,4022.8,42,1,4023.0,5,1
11483,2026-07-02 13:33:37+05:30,4022.2,2,4037.14,1459480,159948.0,175669.0,4100.0,4110.0,4012.0,4092.6,25234650,4501.8,3683.4,4440.0,3288.1,4022.0,261,16,4021.8,6,1,4021.5,24,2,4021.4,15,1,4021.3,87,6,4022.2,6,1,4022.4,40,2,4022.7,34,2,4022.8,42,1,4023.0,5,1
11483,2026-07-02 13:33:37+05:30,4022.2,2,4037.14,1459483,159990.0,175678.0,4100.0,4110.0,4012.0,4092.6,25234650,4501.8,3683.4,4440.0,3288.1,4022.0,262,17,4021.8,6,1,4021.5,4,1,4021.4,15,1,4021.3,74,6,4022.4,40,2,4022.6,42,1,4022.7,21,1,4023.0,17,2,4023.2,38,1
11483,2026-07-02 13:33:38+05:30,4022.0,1,4037.14,1459483,159990.0,175678.0,4100.0,4110.0,4012.0,4092.6,25234650,4501.8,3683.4,4440.0,3288.1,4022.0,262,17,4021.8,6,1,4021.5,4,1,4021.4,15,1,4021.3,74,6,4022.4,40,2,4022.6,42,1,4022.7,21,1,4023.0,17,2,4023.2,38,1
11483,2026-07-02 13:33:38+05:30,4022.0,1,4037.14,1459484,159997.0,175805.0,4100.0,4110.0,4012.0,4092.6,25234650,4501.8,3683.4,4440.0,3288.1,4022.0,246,15,4021.8,21,2,4021.5,4,1,4021.4,15,1,4021.3,71,5,4022.1,4,1,4022.4,40,2,4022.7,76,3,4023.0,5,1,4023.2,38,1
11483,2026-07-02 13:33:39+05:30,4022.4,1,4037.14,1459484,159997.0,175805.0,4100.0,4110.0,4012.0,4092.6,25234650,4501.8,3683.4,4440.0,3288.1,4022.0,246,15,4021.8,21,2,4021.5,4,1,4021.4,15,1,4021.3,71,5,4022.1,4,1,4022.4,40,2,4022.7,76,3,4023.0,5,1,4023.2,38,1
11483,2026-07-02 13:33:39+05:30,4022.4,1,4037.14,1459485,160069.0,175579.0,4100.0,4110.0,4012.0,4092.6,25234650,4501.8,3683.4,4440.0,3288.1,4022.2,41,2,4022.0,246,15,4021.8,43,3,4021.7,3,1,4021.6,19,1,4022.4,1,1,4022.7,13,1,4023.4,16,1,4023.6,2,1,4023.7,15,1
11483,2026-07-02 13:33:40+05:30,4022.2,1,4037.14,1459485,160069.0,175579.0,4100.0,4110.0,4012.0,4092.6,25234650,4501.8,3683.4,4440.0,3288.1,4022.2,41,2,4022.0,246,15,4021.8,43,3,4021.7,3,1,4021.6,19,1,4022.4,1,1,4022.7,13,1,4023.4,16,1,4023.6,2,1,4023.7,15,1
11483,2026-07-02 13:33:40+05:30,4022.2,1,4037.14,1459487,160086.0,175577.0,4100.0,4110.0,4012.0,4092.6,25234650,4501.8,3683.4,4440.0,3288.1,4022.2,39,1,4022.0,265,16,4021.8,43,3,4021.6,3,1,4021.5,23,2,4022.4,1,1,4022.5,11,1,4023.4,16,1,4023.6,2,1,4023.7,15,1
11483,2026-07-02 13:33:41+05:30,4022.2,1,4037.14,1459487,160086.0,175577.0,4100.0,4110.0,4012.0,4092.6,25234650,4501.8,3683.4,4440.0,3288.1,4022.2,39,1,4022.0,265,16,4021.8,43,3,4021.6,3,1,4021.5,23,2,4022.4,1,1,4022.5,11,1,4023.4,16,1,4023.6,2,1,4023.7,15,1
11483,2026-07-02 13:33:41+05:30,4022.2,1,4037.14,1459488,160028.0,175632.0,4100.0,4110.0,4012.0,4092.6,25234650,4501.8,3683.4,4440.0,3288.1,4022.2,38,1,4022.0,256,16,4021.8,43,3,4021.6,3,1,4021.5,23,2,4022.4,1,1,4022.5,11,1,4023.4,16,1,4023.6,2,1,4023.7,15,1
11483,2026-07-02 13:33:42+05:30,4022.4,1,4037.14,1459488,160028.0,175632.0,4100.0,4110.0,4012.0,4092.6,25234650,4501.8,3683.4,4440.0,3288.1,4022.2,38,1,4022.0,256,16,4021.8,43,3,4021.6,3,1,4021.5,23,2,4022.4,1,1,4022.5,11,1,4023.4,16,1,4023.6,2,1,4023.7,15,1
11483,2026-07-02 13:33:42+05:30,4022.4,1,4037.14,1459489,160523.0,175660.0,4100.0,4110.0,4012.0,4092.6,25234650,4501.8,3683.4,4440.0,3288.1,4022.2,38,1,4022.0,256,16,4021.8,43,3,4021.6,3,1,4021.5,23,2,4022.4,1,1,4022.5,11,1,4023.6,44,3,4023.7,15,1,4023.8,13,1
11483,2026-07-02 13:33:43+05:30,4021.3,1,4037.14,1459489,160523.0,175660.0,4100.0,4110.0,4012.0,4092.6,25234650,4501.8,3683.4,4440.0,3288.1,4022.2,38,1,4022.0,256,16,4021.8,43,3,4021.6,3,1,4021.5,23,2,4022.4,1,1,4022.5,11,1,4023.6,44,3,4023.7,15,1,4023.8,13,1
11483,2026-07-02 13:33:43+05:30,4022.4,2,4037.13,1459985,159917.0,176120.0,4100.0,4110.0,4012.0,4092.6,25234650,4501.8,3683.4,4440.0,3288.1,4021.3,64,3,4021.2,70,4,4021.1,60,4,4021.0,785,46,4020.9,69,7,4022.4,10,2,4023.3,106,3,4023.5,51,2,4023.6,77,5,4023.7,47,2
11483,2026-07-02 13:33:44+05:30,4022.5,60,4037.13,1459985,159917.0,176120.0,4100.0,4110.0,4012.0,4092.6,25234650,4501.8,3683.4,4440.0,3288.1,4021.3,64,3,4021.2,70,4,4021.1,60,4,4021.0,785,46,4020.9,69,7,4022.4,10,2,4023.3,106,3,4023.5,51,2,4023.6,77,5,4023.7,47,2
11483,2026-07-02 13:33:44+05:30,4022.5,60,4037.13,1460130,160656.0,175960.0,4100.0,4110.0,4012.0,4092.6,25234650,4501.8,3683.4,4440.0,3288.1,4022.4,90,2,4021.6,12,1,4021.4,39,1,4021.3,82,4,4021.2,70,4,4022.5,12,1,4023.5,60,3,4023.6,62,4,4023.7,66,4,4023.8,3,1
11483,2026-07-02 13:33:45+05:30,4022.4,20,4037.13,1460130,160656.0,175960.0,4100.0,4110.0,4012.0,4092.6,25234650,4501.8,3683.4,4440.0,3288.1,4022.4,90,2,4021.6,12,1,4021.4,39,1,4021.3,82,4,4021.2,70,4,4022.5,12,1,4023.5,60,3,4023.6,62,4,4023.7,66,4,4023.8,3,1
11483,2026-07-02 13:33:45+05:30,4022.4,20,4037.13,1460168,160580.0,175986.0,4100.0,4110.0,4012.0,4092.6,25234650,4501.8,3683.4,4440.0,3288.1,4022.4,52,2,4021.6,12,1,4021.4,39,1,4021.3,82,4,4021.2,70,4,4022.5,12,1,4023.5,60,3,4023.6,62,4,4023.7,66,4,4023.8,3,1
11483,2026-07-02 13:33:46+05:30,4022.4,19,4037.13,1460168,160580.0,175986.0,4100.0,4110.0,4012.0,4092.6,25234650,4501.8,3683.4,4440.0,3288.1,4022.4,52,2,4021.6,12,1,4021.4,39,1,4021.3,82,4,4021.2,70,4,4022.5,12,1,4023.5,60,3,4023.6,62,4,4023.7,66,4,4023.8,3,1
11483,2026-07-02 13:33:46+05:30,4022.5,7,4037.13,1460207,161721.0,175639.0,4100.0,4110.0,4012.0,4092.6,25234650,4501.8,3683.4,4440.0,3288.1,4022.4,27,1,4021.6,12,1,4021.5,68,2,4021.4,39,1,4021.3,130,5,4022.5,12,1,4023.5,60,3,4023.6,10,1,4023.7,50,3,4023.8,3,1
11483,2026-07-02 13:33:47+05:30,4022.4,5,4037.13,1460207,161721.0,175639.0,4100.0,4110.0,4012.0,4092.6,25234650,4501.8,3683.4,4440.0,3288.1,4022.4,27,1,4021.6,12,1,4021.5,68,2,4021.4,39,1,4021.3,130,5,4022.5,12,1,4023.5,60,3,4023.6,10,1,4023.7,50,3,4023.8,3,1
11483,2026-07-02 13:33:47+05:30,4022.4,5,4037.13,1460212,161568.0,175718.0,4100.0,4110.0,4012.0,4092.6,25234650,4501.8,3683.4,4440.0,3288.1,4022.4,22,1,4021.6,44,2,4021.5,20,1,4021.4,40,1,4021.3,82,4,4022.5,12,1,4023.5,60,3,4023.6,26,2,4023.7,50,3,4023.8,5,2
11483,2026-07-02 13:33:48+05:30,4022.5,2,4037.13,1460212,161568.0,175718.0,4100.0,4110.0,4012.0,4092.6,25234650,4501.8,3683.4,4440.0,3288.1,4022.4,22,1,4021.6,44,2,4021.5,20,1,4021.4,40,1,4021.3,82,4,4022.5,12,1,4023.5,60,3,4023.6,26,2,4023.7,50,3,4023.8,5,2
11483,2026-07-02 13:33:48+05:30,4022.5,2,4037.13,1460214,161573.0,175716.0,4100.0,4110.0,4012.0,4092.6,25234650,4501.8,3683.4,4440.0,3288.1,4022.4,27,2,4021.6,44,2,4021.5,20,1,4021.4,40,1,4021.3,82,4,4022.5,10,1,4023.5,60,3,4023.6,26,2,4023.7,50,3,4023.8,5,2
11483,2026-07-02 13:33:49+05:30,4022.4,1,4037.13,1460214,161573.0,175716.0,4100.0,4110.0,4012.0,4092.6,25234650,4501.8,3683.4,4440.0,3288.1,4022.4,27,2,4021.6,44,2,4021.5,20,1,4021.4,40,1,4021.3,82,4,4022.5,10,1,4023.5,60,3,4023.6,26,2,4023.7,50,3,4023.8,5,2
11483,2026-07-02 13:33:49+05:30,4022.4,1,4037.13,1460215,161598.0,175566.0,4100.0,4110.0,4012.0,4092.6,25234650,4501.8,3683.4,4440.0,3288.1,4022.4,27,3,4021.6,44,2,4021.5,20,1,4021.4,40,1,4021.3,82,4,4022.5,10,1,4023.5,60,3,4023.6,26,2,4023.7,50,3,4023.8,5,2
11483,2026-07-02 13:33:50+05:30,4022.4,1,4037.13,1460215,161626.0,175462.0,4100.0,4110.0,4012.0,4092.6,25234650,4501.8,3683.4,4440.0,3288.1,4022.4,27,3,4021.8,20,1,4021.7,4,1,4021.6,44,2,4021.5,20,1,4022.5,12,2,4023.5,60,3,4023.6,26,2,4023.7,50,3,4023.8,5,2
11483,2026-07-02 13:33:51+05:30,4022.4,1,4037.13,1460215,161642.0,175462.0,4100.0,4110.0,4012.0,4092.6,25234650,4501.8,3683.4,4440.0,3288.1,4022.4,27,3,4022.2,15,1,4022.0,1,1,4021.8,20,1,4021.7,4,1,4022.5,12,2,4023.5,60,3,4023.6,26,2,4023.7,50,3,4023.8,5,2
11483,2026-07-02 13:33:52+05:30,4022.5,6,4037.13,1460215,161642.0,175462.0,4100.0,4110.0,4012.0,4092.6,25234650,4501.8,3683.4,4440.0,3288.1,4022.4,27,3,4022.2,15,1,4022.0,1,1,4021.8,20,1,4021.7,4,1,4022.5,12,2,4023.5,60,3,4023.6,26,2,4023.7,50,3,4023.8,5,2
11483,2026-07-02 13:33:52+05:30,4022.5,1,4037.13,1460222,161643.0,175510.0,4100.0,4110.0,4012.0,4092.6,25234650,4501.8,3683.4,4440.0,3288.1,4022.4,27,3,4022.2,15,1,4022.0,1,1,4021.8,20,1,4021.7,4,1,4022.5,5,2,4023.5,60,3,4023.6,26,2,4023.7,50,3,4023.8,5,2
11483,2026-07-02 13:33:53+05:30,4022.5,1,4037.13,1460222,161643.0,175510.0,4100.0,4110.0,4012.0,4092.6,25234650,4501.8,3683.4,4440.0,3288.1,4022.4,27,3,4022.2,15,1,4022.0,1,1,4021.8,20,1,4021.7,4,1,4022.5,5,2,4023.5,60,3,4023.6,26,2,4023.7,50,3,4023.8,5,2
11483,2026-07-02 13:33:53+05:30,4022.5,1,4037.13,1460223,161638.0,175508.0,4100.0,4110.0,4012.0,4092.6,25234650,4501.8,3683.4,4440.0,3288.1,4022.4,27,3,4022.2,15,1,4022.0,1,1,4021.8,20,1,4021.7,4,1,4022.5,4,2,4023.5,60,3,4023.6,26,2,4023.7,50,3,4023.8,5,2
11483,2026-07-02 13:33:54+05:30,4023.5,3,4037.13,1460223,161638.0,175508.0,4100.0,4110.0,4012.0,4092.6,25234650,4501.8,3683.4,4440.0,3288.1,4022.4,27,3,4022.2,15,1,4022.0,1,1,4021.8,20,1,4021.7,4,1,4022.5,4,2,4023.5,60,3,4023.6,26,2,4023.7,50,3,4023.8,5,2
11483,2026-07-02 13:33:54+05:30,4023.5,3,4037.13,1460279,162231.0,174424.0,4100.0,4110.0,4012.0,4092.6,25234650,4501.8,3683.4,4440.0,3288.1,4022.5,24,3,4022.4,28,3,4022.3,4,1,4022.2,15,1,4022.1,55,3,4023.5,46,1,4023.7,15,1,4024.0,151,6,4024.1,32,1,4024.4,16,1
11483,2026-07-02 13:33:55+05:30,4022.5,1,4037.13,1460279,162231.0,174424.0,4100.0,4110.0,4012.0,4092.6,25234650,4501.8,3683.4,4440.0,3288.1,4022.5,24,3,4022.4,28,3,4022.3,4,1,4022.2,15,1,4022.1,55,3,4023.5,46,1,4023.7,15,1,4024.0,151,6,4024.1,32,1,4024.4,16,1
11483,2026-07-02 13:33:55+05:30,4022.5,1,4037.13,1460285,162363.0,174455.0,4100.0,4110.0,4012.0,4092.6,25234650,4501.8,3683.4,4440.0,3288.1,4022.6,9,1,4022.5,23,3,4022.4,9,2,4022.3,4,1,4022.2,15,1,4023.5,46,1,4023.7,15,1,4024.0,151,6,4024.1,32,1,4024.4,18,2
11483,2026-07-02 13:33:56+05:30,4022.6,1,4037.13,1460285,162363.0,174455.0,4100.0,4110.0,4012.0,4092.6,25234650,4501.8,3683.4,4440.0,3288.1,4022.6,9,1,4022.5,23,3,4022.4,9,2,4022.3,4,1,4022.2,15,1,4023.5,46,1,4023.7,15,1,4024.0,151,6,4024.1,32,1,4024.4,18,2
11483,2026-07-02 13:33:56+05:30,4022.6,1,4037.13,1460286,162110.0,174366.0,4100.0,4110.0,4012.0,4092.6,25234650,4501.8,3683.4,4440.0,3288.1,4022.6,8,1,4022.5,23,3,4022.4,9,2,4022.2,15,1,4022.1,6,1,4023.5,46,1,4023.7,15,1,4023.9,4,1,4024.0,156,7,4024.1,37,2
11483,2026-07-02 13:33:57+05:30,4022.6,1,4037.13,1460286,162116.0,174353.0,4100.0,4110.0,4012.0,4092.6,25234650,4501.8,3683.4,4440.0,3288.1,4022.6,8,1,4022.5,23,3,4022.4,9,2,4022.2,15,1,4022.1,6,1,4023.5,46,1,4023.7,15,1,4023.9,4,1,4024.0,156,7,4024.1,37,2
11483,2026-07-02 13:33:58+05:30,4022.6,1,4037.13,1460286,162110.0,174353.0,4100.0,4110.0,4012.0,4092.6,25234650,4501.8,3683.4,4440.0,3288.1,4022.6,8,1,4022.5,23,3,4022.4,9,2,4022.2,15,1,4022.1,6,1,4023.5,46,1,4023.7,15,1,4023.9,6,2,4024.0,156,7,4024.1,37,2
11483,2026-07-02 13:33:59+05:30,4023.6,7,4037.13,1460286,162110.0,174353.0,4100.0,4110.0,4012.0,4092.6,25234650,4501.8,3683.4,4440.0,3288.1,4022.6,8,1,4022.5,23,3,4022.4,9,2,4022.2,15,1,4022.1,6,1,4023.5,46,1,4023.7,15,1,4023.9,6,2,4024.0,156,7,4024.1,37,2
11483,2026-07-02 13:33:59+05:30,4023.5,2,4037.13,1460341,161059.0,174215.0,4100.0,4110.0,4012.0,4092.6,25234650,4501.8,3683.4,4440.0,3288.1,4023.5,8,2,4022.5,14,2,4022.4,9,2,4022.2,54,3,4022.1,22,2,4023.6,4,1,4023.7,15,1,4023.8,13,1,4024.0,157,8,4024.1,37,2
11483,2026-07-02 13:34:00+05:30,4023.5,7,4037.13,1460341,161059.0,174215.0,4100.0,4110.0,4012.0,4092.6,25234650,4501.8,3683.4,4440.0,3288.1,4023.5,8,2,4022.5,14,2,4022.4,9,2,4022.2,54,3,4022.1,22,2,4023.6,4,1,4023.7,15,1,4023.8,13,1,4024.0,157,8,4024.1,37,2
11483,2026-07-02 13:34:00+05:30,4023.7,1,4037.13,1460349,161188.0,174224.0,4100.0,4110.0,4012.0,4092.6,25234650,4501.8,3683.4,4440.0,3288.1,4023.6,1,1,4023.5,10,2,4022.6,38,1,4022.5,26,3,4022.4,59,3,4023.7,14,1,4024.0,165,8,4024.1,37,2,4024.2,21,3,4024.3,2,1
11483,2026-07-02 13:34:01+05:30,4023.7,3,4037.13,1460349,161188.0,174224.0,4100.0,4110.0,4012.0,4092.6,25234650,4501.8,3683.4,4440.0,3288.1,4023.6,1,1,4023.5,10,2,4022.6,38,1,4022.5,26,3,4022.4,59,3,4023.7,14,1,4024.0,165,8,4024.1,37,2,4024.2,21,3,4024.3,2,1
11483,2026-07-02 13:34:01+05:30,4023.7,3,4037.13,1460355,161169.0,174221.0,4100.0,4110.0,4012.0,4092.6,25234650,4501.8,3683.4,4440.0,3288.1,4023.5,35,3,4022.6,38,1,4022.5,41,4,4022.4,59,3,4022.2,27,2,4023.7,9,1,4024.0,163,7,4024.1,39,3,4024.2,8,2,4024.3,2,1
11483,2026-07-02 13:34:02+05:30,4023.7,2,4037.13,1460368,161289.0,174261.0,4100.0,4110.0,4012.0,4092.6,25234650,4501.8,3683.4,4440.0,3288.1,4023.7,7,1,4023.6,5,1,4023.5,36,3,4022.6,29,1,4022.5,41,4,4024.0,163,7,4024.4,11,3,4024.5,39,2,4024.7,31,2,4024.8,92,3
11483,2026-07-02 13:34:02+05:30,4023.7,1,4037.13,1460368,161289.0,174261.0,4100.0,4110.0,4012.0,4092.6,25234650,4501.8,3683.4,4440.0,3288.1,4023.7,7,1,4023.6,5,1,4023.5,36,3,4022.6,29,1,4022.5,41,4,4024.0,163,7,4024.4,11,3,4024.5,39,2,4024.7,31,2,4024.8,92,3
11483,2026-07-02 13:34:03+05:30,4023.7,1,4037.13,1460369,161263.0,174239.0,4100.0,4110.0,4012.0,4092.6,25234650,4501.8,3683.4,4440.0,3288.1,4023.7,6,1,4023.6,5,1,4023.5,36,3,4022.6,32,2,4022.5,46,5,4024.0,163,7,4024.4,11,3,4024.5,39,2,4024.7,31,2,4024.8,92,3
11483,2026-07-02 13:34:04+05:30,4024.0,5,4037.13,1460374,161265.0,174234.0,4100.0,4110.0,4012.0,4092.6,25234650,4501.8,3683.4,4440.0,3288.1,4023.7,6,1,4023.5,36,3,4022.6,32,2,4022.5,46,5,4022.4,59,3,4024.0,158,7,4024.4,11,3,4024.5,39,2,4024.7,31,2,4024.8,92,3
11483,2026-07-02 13:34:04+05:30,4023.7,1,4037.13,1460374,161265.0,174234.0,4100.0,4110.0,4012.0,4092.6,25234650,4501.8,3683.4,4440.0,3288.1,4023.7,6,1,4023.5,36,3,4022.6,32,2,4022.5,46,5,4022.4,59,3,4024.0,158,7,4024.4,11,3,4024.5,39,2,4024.7,31,2,4024.8,92,3
11483,2026-07-02 13:34:05+05:30,4023.5,4,4037.13,1460391,161309.0,174078.0,4100.0,4110.0,4012.0,4092.6,25234650,4501.8,3683.4,4440.0,3288.1,4023.5,31,2,4022.6,32,2,4022.5,46,5,4022.4,59,3,4022.2,27,2,4024.0,146,7,4024.4,11,3,4024.5,52,3,4024.7,31,2,4024.8,92,3
11483,2026-07-02 13:34:05+05:30,4023.5,2,4037.13,1460391,161309.0,174078.0,4100.0,4110.0,4012.0,4092.6,25234650,4501.8,3683.4,4440.0,3288.1,4023.5,31,2,4022.6,32,2,4022.5,46,5,4022.4,59,3,4022.2,27,2,4024.0,146,7,4024.4,11,3,4024.5,52,3,4024.7,31,2,4024.8,92,3
11483,2026-07-02 13:34:05+05:30,4023.5,2,4037.13,1460393,161283.0,174068.0,4100.0,4110.0,4012.0,4092.6,25234650,4501.8,3683.4,4440.0,3288.1,4023.5,29,2,4022.6,3,1,4022.5,46,5,4022.4,59,3,4022.2,27,2,4024.0,147,8,4024.1,3,1,4024.2,19,2,4024.4,16,3,4024.5,54,4
11483,2026-07-02 13:34:06+05:30,4024.0,5,4037.13,1460406,161277.0,174040.0,4100.0,4110.0,4012.0,4092.6,25234650,4501.8,3683.4,4440.0,3288.1,4023.5,29,2,4022.6,3,1,4022.5,46,5,4022.4,59,3,4022.2,27,2,4024.0,134,8,4024.1,3,1,4024.2,19,2,4024.4,16,3,4024.5,54,4
11483,2026-07-02 13:34:07+05:30,4023.5,2,4037.13,1460406,161277.0,174040.0,4100.0,4110.0,4012.0,4092.6,25234650,4501.8,3683.4,4440.0,3288.1,4023.5,29,2,4022.6,3,1,4022.5,46,5,4022.4,59,3,4022.2,27,2,4024.0,134,8,4024.1,3,1,4024.2,19,2,4024.4,16,3,4024.5,54,4
11483,2026-07-02 13:34:08+05:30,4023.5,2,4037.13,1460408,161280.0,174043.0,4100.0,4110.0,4012.0,4092.6,25234650,4501.8,3683.4,4440.0,3288.1,4023.5,27,2,4022.6,3,1,4022.5,46,5,4022.4,59,3,4022.2,27,2,4024.0,134,8,4024.1,3,1,4024.2,19,2,4024.4,16,3,4024.5,54,4
11483,2026-07-02 13:34:09+05:30,4023.5,13,4037.13,1460422,161245.0,174017.0,4100.0,4110.0,4012.0,4092.6,25234650,4501.8,3683.4,4440.0,3288.1,4023.7,1,1,4023.5,13,2,4022.6,3,1,4022.5,61,6,4022.4,59,3,4024.0,157,11,4024.1,3,1,4024.2,11,2,4024.4,16,3,4024.5,54,4
11483,2026-07-02 13:34:09+05:30,4023.7,1,4037.13,1460422,161245.0,174017.0,4100.0,4110.0,4012.0,4092.6,25234650,4501.8,3683.4,4440.0,3288.1,4023.7,1,1,4023.5,13,2,4022.6,3,1,4022.5,61,6,4022.4,59,3,4024.0,157,11,4024.1,3,1,4024.2,11,2,4024.4,16,3,4024.5,54,4
11483,2026-07-02 13:34:09+05:30,4023.7,1,4037.13,1460425,161245.0,174049.0,4100.0,4110.0,4012.0,4092.6,25234650,4501.8,3683.4,4440.0,3288.1,4023.5,13,2,4022.6,3,1,4022.5,61,6,4022.4,59,3,4022.2,27,2,4024.0,156,11,4024.1,3,1,4024.2,11,2,4024.4,16,3,4024.5,54,4
11483,2026-07-02 13:34:10+05:30,4023.7,1,4037.13,1460425,161245.0,174049.0,4100.0,4110.0,4012.0,4092.6,25234650,4501.8,3683.4,4440.0,3288.1,4023.5,13,2,4022.6,3,1,4022.5,61,6,4022.4,59,3,4022.2,27,2,4024.0,156,11,4024.1,3,1,4024.2,11,2,4024.4,16,3,4024.5,54,4
11483,2026-07-02 13:34:11+05:30,4023.5,8,4037.13,1460436,162962.0,173797.0,4100.0,4110.0,4012.0,4092.6,25234650,4501.8,3683.4,4440.0,3288.1,4023.5,2,1,4022.8,15,1,4022.7,88,3,4022.6,63,3,4022.5,61,6,4024.0,123,7,4024.1,5,1,4024.2,12,1,4024.4,8,1,4024.5,13,1
11483,2026-07-02 13:34:11+05:30,4023.5,1,4037.13,1460436,162962.0,173797.0,4100.0,4110.0,4012.0,4092.6,25234650,4501.8,3683.4,4440.0,3288.1,4023.5,2,1,4022.8,15,1,4022.7,88,3,4022.6,63,3,4022.5,61,6,4024.0,123,7,4024.1,5,1,4024.2,12,1,4024.4,8,1,4024.5,13,1
11483,2026-07-02 13:34:11+05:30,4023.5,1,4037.13,1460443,162399.0,174104.0,4100.0,4110.0,4012.0,4092.6,25234650,4501.8,3683.4,4440.0,3288.1,4023.2,5,1,4022.7,8,2,4022.6,35,2,4022.5,40,4,4022.4,59,3,4024.0,133,9,4024.1,5,1,4024.4,11,2,4024.5,23,2,4024.6,9,1
11483,2026-07-02 13:34:12+05:30,4023.2,1,4037.13,1460443,162399.0,174104.0,4100.0,4110.0,4012.0,4092.6,25234650,4501.8,3683.4,4440.0,3288.1,4023.2,5,1,4022.7,8,2,4022.6,35,2,4022.5,40,4,4022.4,59,3,4024.0,133,9,4024.1,5,1,4024.4,11,2,4024.5,23,2,4024.6,9,1
11483,2026-07-02 13:34:12+05:30,4023.2,1,4037.13,1460444,162412.0,174149.0,4100.0,4110.0,4012.0,4092.6,25234650,4501.8,3683.4,4440.0,3288.1,4023.2,4,1,4022.7,8,2,4022.6,35,2,4022.5,40,4,4022.4,54,2,4023.5,5,1,4024.0,110,8,4024.1,5,1,4024.2,3,1,4024.3,15,1
11483,2026-07-02 13:34:13+05:30,4023.2,1,4037.13,1460444,162412.0,174149.0,4100.0,4110.0,4012.0,4092.6,25234650,4501.8,3683.4,4440.0,3288.1,4023.2,4,1,4022.7,8,2,4022.6,35,2,4022.5,40,4,4022.4,54,2,4023.5,5,1,4024.0,110,8,4024.1,5,1,4024.2,3,1,4024.3,15,1
11483,2026-07-02 13:34:14+05:30,4023.2,1,4037.13,1460444,162811.0,174033.0,4100.0,4110.0,4012.0,4092.6,25234650,4501.8,3683.4,4440.0,3288.1,4023.2,4,1,4023.0,256,1,4022.7,8,2,4022.6,35,2,4022.5,40,4,4023.5,5,1,4024.0,100,7,4024.3,15,1,4024.4,3,1,4024.5,13,1
11483,2026-07-02 13:34:14+05:30,4023.2,1,4037.13,1460444,162811.0,174033.0,4100.0,4110.0,4012.0,4092.6,25234650,4501.8,3683.4,4440.0,3288.1,4023.2,4,1,4023.0,256,1,4022.7,8,2,4022.6,35,2,4022.5,40,4,4023.5,5,1,4024.0,100,7,4024.3,15,1,4024.4,3,1,4024.5,13,1
11483,2026-07-02 13:34:14+05:30,4024.0,21,4037.13,1460470,163000.0,173962.0,4100.0,4110.0,4012.0,4092.6,25234650,4501.8,3683.4,4440.0,3288.1,4023.2,4,1,4023.0,256,1,4022.7,8,2,4022.6,35,2,4022.5,53,5,4024.0,74,6,4024.3,15,1,4024.5,13,1,4024.6,12,2,4024.7,39,2
11483,2026-07-02 13:34:15+05:30,4024.0,21,4037.13,1460470,163000.0,173962.0,4100.0,4110.0,4012.0,4092.6,25234650,4501.8,3683.4,4440.0,3288.1,4023.2,4,1,4023.0,256,1,4022.7,8,2,4022.6,35,2,4022.5,53,5,4024.0,74,6,4024.3,15,1,4024.5,13,1,4024.6,12,2,4024.7,39,2
11483,2026-07-02 13:34:15+05:30,4023.2,3,4037.13,1460470,163000.0,173962.0,4100.0,4110.0,4012.0,4092.6,25234650,4501.8,3683.4,4440.0,3288.1,4023.2,4,1,4023.0,256,1,4022.7,8,2,4022.6,35,2,4022.5,53,5,4024.0,74,6,4024.3,15,1,4024.5,13,1,4024.6,12,2,4024.7,39,2
11483,2026-07-02 13:34:15+05:30,4023.2,3,4037.13,1460470,163000.0,173962.0,4100.0,4110.0,4012.0,4092.6,25234650,4501.8,3683.4,4440.0,3288.1,4023.2,4,1,4023.0,256,1,4022.7,8,2,4022.6,35,2,4022.5,53,5,4024.0,74,6,4024.3,15,1,4024.5,13,1,4024.6,12,2,4024.7,39,2
11483,2026-07-02 13:34:15+05:30,4024.0,3,4037.13,1460479,163056.0,174056.0,4100.0,4110.0,4012.0,4092.6,25234650,4501.8,3683.4,4440.0,3288.1,4023.2,1,1,4023.0,256,1,4022.7,8,2,4022.6,35,2,4022.5,53,5,4024.0,68,6,4024.2,12,1,4024.3,15,1,4024.5,16,2,4024.6,9,1
11483,2026-07-02 13:34:16+05:30,4023.2,1,4037.13,1460479,163056.0,174056.0,4100.0,4110.0,4012.0,4092.6,25234650,4501.8,3683.4,4440.0,3288.1,4023.2,1,1,4023.0,256,1,4022.7,8,2,4022.6,35,2,4022.5,53,5,4024.0,68,6,4024.2,12,1,4024.3,15,1,4024.5,16,2,4024.6,9,1
11483,2026-07-02 13:34:16+05:30,4023.2,1,4037.13,1460479,163056.0,174056.0,4100.0,4110.0,4012.0,4092.6,25234650,4501.8,3683.4,4440.0,3288.1,4023.2,1,1,4023.0,256,1,4022.7,8,2,4022.6,35,2,4022.5,53,5,4024.0,68,6,4024.2,12,1,4024.3,15,1,4024.5,16,2,4024.6,9,1
11483,2026-07-02 13:34:16+05:30,4023.0,1,4037.13,1460481,162984.0,174034.0,4100.0,4110.0,4012.0,4092.6,25234650,4501.8,3683.4,4440.0,3288.1,4023.0,255,1,4022.7,2,1,4022.6,35,2,4022.5,53,5,4022.4,54,2,4024.0,78,7,4024.3,15,1,4024.4,3,1,4024.5,35,2,4024.6,9,1
11483,2026-07-02 13:34:17+05:30,4023.0,1,4037.13,1460481,162984.0,174034.0,4100.0,4110.0,4012.0,4092.6,25234650,4501.8,3683.4,4440.0,3288.1,4023.0,255,1,4022.7,2,1,4022.6,35,2,4022.5,53,5,4022.4,54,2,4024.0,78,7,4024.3,15,1,4024.4,3,1,4024.5,35,2,4024.6,9,1
11483,2026-07-02 13:34:17+05:30,4023.0,1,4037.13,1460481,162984.0,174034.0,4100.0,4110.0,4012.0,4092.6,25234650,4501.8,3683.4,4440.0,3288.1,4023.0,255,1,4022.7,2,1,4022.6,35,2,4022.5,53,5,4022.4,54,2,4024.0,78,7,4024.3,15,1,4024.4,3,1,4024.5,35,2,4024.6,9,1
11483,2026-07-02 13:34:17+05:30,4023.0,1,4037.13,1460482,162981.0,174151.0,4100.0,4110.0,4012.0,4092.6,25234650,4501.8,3683.4,4440.0,3288.1,4023.0,254,1,4022.7,2,1,4022.6,35,2,4022.5,53,5,4022.4,54,2,4024.0,80,8,4024.3,15,1,4024.4,3,1,4024.5,35,2,4024.6,9,1
11483,2026-07-02 13:34:17+05:30,4023.0,1,4037.13,1460482,162981.0,174151.0,4100.0,4110.0,4012.0,4092.6,25234650,4501.8,3683.4,4440.0,3288.1,4023.0,254,1,4022.7,2,1,4022.6,35,2,4022.5,53,5,4022.4,54,2,4024.0,80,8,4024.3,15,1,4024.4,3,1,4024.5,35,2,4024.6,9,1
11483,2026-07-02 13:34:18+05:30,4023.0,1,4037.13,1460482,162981.0,174151.0,4100.0,4110.0,4012.0,4092.6,25240425,4501.8,3683.4,4440.0,3288.1,4023.0,254,1,4022.7,2,1,4022.6,35,2,4022.5,53,5,4022.4,54,2,4024.0,80,8,4024.3,15,1,4024.4,3,1,4024.5,35,2,4024.6,9,1
11483,2026-07-02 13:34:18+05:30,4023.0,1,4037.13,1460482,162929.0,174114.0,4100.0,4110.0,4012.0,4092.6,25240425,4501.8,3683.4,4440.0,3288.1,4023.5,5,1,4023.0,254,1,4022.7,2,1,4022.6,35,2,4022.5,53,5,4024.0,80,8,4024.3,15,1,4024.4,3,1,4024.5,13,1,4024.6,9,1
11483,2026-07-02 13:34:19+05:30,4023.0,1,4037.13,1460482,162929.0,174114.0,4100.0,4110.0,4012.0,4092.6,25240425,4501.8,3683.4,4440.0,3288.1,4023.5,5,1,4023.0,254,1,4022.7,2,1,4022.6,35,2,4022.5,53,5,4024.0,80,8,4024.3,15,1,4024.4,3,1,4024.5,13,1,4024.6,9,1
11483,2026-07-02 13:34:19+05:30,4023.5,1,4037.13,1460482,162929.0,174114.0,4100.0,4110.0,4012.0,4092.6,25240425,4501.8,3683.4,4440.0,3288.1,4023.5,5,1,4023.0,254,1,4022.7,2,1,4022.6,35,2,4022.5,53,5,4024.0,80,8,4024.3,15,1,4024.4,3,1,4024.5,13,1,4024.6,9,1
11483,2026-07-02 13:34:19+05:30,4023.5,1,4037.13,1460482,162929.0,174114.0,4100.0,4110.0,4012.0,4092.6,25240425,4501.8,3683.4,4440.0,3288.1,4023.5,5,1,4023.0,254,1,4022.7,2,1,4022.6,35,2,4022.5,53,5,4024.0,80,8,4024.3,15,1,4024.4,3,1,4024.5,13,1,4024.6,9,1
11483,2026-07-02 13:34:19+05:30,4023.5,1,4037.13,1460483,162932.0,174150.0,4100.0,4110.0,4012.0,4092.6,25240425,4501.8,3683.4,4440.0,3288.1,4023.5,5,2,4023.2,21,2,4023.0,254,1,4022.8,3,1,4022.7,2,1,4024.0,60,6,4024.2,12,1,4024.3,42,2,4024.5,16,2,4024.6,9,1
11483,2026-07-02 13:34:19+05:30,4023.5,1,4037.13,1460483,162932.0,174150.0,4100.0,4110.0,4012.0,4092.6,25240425,4501.8,3683.4,4440.0,3288.1,4023.5,5,2,4023.2,21,2,4023.0,254,1,4022.8,3,1,4022.7,2,1,4024.0,60,6,4024.2,12,1,4024.3,42,2,4024.5,16,2,4024.6,9,1
11483,2026-07-02 13:34:20+05:30,4023.5,1,4037.13,1460483,162923.0,174130.0,4100.0,4110.0,4012.0,4092.6,25240425,4501.8,3683.4,4440.0,3288.1,4023.5,5,2,4023.2,21,2,4023.0,254,1,4022.8,3,1,4022.7,2,1,4024.0,37,4,4024.2,12,1,4024.3,42,2,4024.5,16,2,4024.6,9,1
11483,2026-07-02 13:34:21+05:30,4024.0,1,4037.13,1460505,162920.0,174233.0,4100.0,4110.0,4012.0,4092.6,25240425,4501.8,3683.4,4440.0,3288.1,4023.5,5,2,4023.2,21,2,4023.0,254,1,4022.8,3,1,4022.7,2,1,4024.0,139,4,4024.3,42,2,4024.4,3,1,4024.5,13,1,4024.6,9,1
11483,2026-07-02 13:34:22+05:30,4024.0,1,4037.13,1460505,162920.0,174233.0,4100.0,4110.0,4012.0,4092.6,25240425,4501.8,3683.4,4440.0,3288.1,4023.5,5,2,4023.2,21,2,4023.0,254,1,4022.8,3,1,4022.7,2,1,4024.0,139,4,4024.3,42,2,4024.4,3,1,4024.5,13,1,4024.6,9,1
11483,2026-07-02 13:34:22+05:30,4024.0,1,4037.13,1460509,162946.0,174236.0,4100.0,4110.0,4012.0,4092.6,25240425,4501.8,3683.4,4440.0,3288.1,4023.5,2,2,4023.2,21,2,4023.0,254,1,4022.8,3,1,4022.7,2,1,4024.0,138,4,4024.3,42,2,4024.4,3,1,4024.5,13,1,4024.6,9,1
11483,2026-07-02 13:34:23+05:30,4024.0,5,4037.13,1460514,162005.0,174252.0,4100.0,4110.0,4012.0,4092.6,25240425,4501.8,3683.4,4440.0,3288.1,4023.5,2,2,4023.2,21,2,4023.0,254,1,4022.8,3,1,4022.7,2,1,4024.0,170,7,4024.3,42,2,4024.4,3,1,4024.5,13,1,4024.6,9,1
11483,2026-07-02 13:34:24+05:30,4024.0,1,4037.13,1460514,162005.0,174252.0,4100.0,4110.0,4012.0,4092.6,25240425,4501.8,3683.4,4440.0,3288.1,4023.5,2,2,4023.2,21,2,4023.0,254,1,4022.8,3,1,4022.7,2,1,4024.0,170,7,4024.3,42,2,4024.4,3,1,4024.5,13,1,4024.6,9,1
11483,2026-07-02 13:34:24+05:30,4023.0,154,4037.12,1460742,162109.0,174364.0,4100.0,4110.0,4012.0,4092.6,25240425,4501.8,3683.4,4440.0,3288.1,4023.0,100,1,4022.6,3,1,4022.5,25,3,4022.4,54,2,4022.3,70,3,4024.0,235,8,4024.1,3,1,4024.2,14,2,4024.3,42,2,4024.4,5,1
11483,2026-07-02 13:34:25+05:30,4024.0,1,4037.12,1460742,162109.0,174364.0,4100.0,4110.0,4012.0,4092.6,25240425,4501.8,3683.4,4440.0,3288.1,4023.0,100,1,4022.6,3,1,4022.5,25,3,4022.4,54,2,4022.3,70,3,4024.0,235,8,4024.1,3,1,4024.2,14,2,4024.3,42,2,4024.4,5,1
11483,2026-07-02 13:34:25+05:30,4024.0,10,4037.12,1460780,162453.0,174355.0,4100.0,4110.0,4012.0,4092.6,25240425,4501.8,3683.4,4440.0,3288.1,4023.1,8,1,4023.0,78,2,4022.6,21,2,4022.5,25,3,4022.4,67,3,4024.0,226,9,4024.1,3,1,4024.2,14,2,4024.3,42,2,4024.4,5,1
11483,2026-07-02 13:34:26+05:30,4023.1,5,4037.12,1460780,162453.0,174355.0,4100.0,4110.0,4012.0,4092.6,25240425,4501.8,3683.4,4440.0,3288.1,4023.1,8,1,4023.0,78,2,4022.6,21,2,4022.5,25,3,4022.4,67,3,4024.0,226,9,4024.1,3,1,4024.2,14,2,4024.3,42,2,4024.4,5,1
11483,2026-07-02 13:34:26+05:30,4024.0,2,4037.12,1460792,162533.0,174354.0,4100.0,4110.0,4012.0,4092.6,25240425,4501.8,3683.4,4440.0,3288.1,4023.1,3,1,4023.0,81,3,4022.6,21,2,4022.5,25,3,4022.4,67,3,4024.0,224,9,4024.1,3,1,4024.2,12,1,4024.3,42,2,4024.4,5,1
11483,2026-07-02 13:34:27+05:30,4023.1,1,4037.12,1460792,162533.0,174354.0,4100.0,4110.0,4012.0,4092.6,25240425,4501.8,3683.4,4440.0,3288.1,4023.1,3,1,4023.0,81,3,4022.6,21,2,4022.5,25,3,4022.4,67,3,4024.0,224,9,4024.1,3,1,4024.2,12,1,4024.3,42,2,4024.4,5,1
11483,2026-07-02 13:34:27+05:30,4023.1,1,4037.12,1460793,162527.0,174480.0,4100.0,4110.0,4012.0,4092.6,25240425,4501.8,3683.4,4440.0,3288.1,4023.1,2,1,4023.0,81,3,4022.6,21,2,4022.5,25,3,4022.4,67,3,4024.0,224,9,4024.2,3,1,4024.3,42,2,4024.4,5,1,4024.5,13,1
11483,2026-07-02 13:34:28+05:30,4024.0,8,4037.12,1460875,162533.0,174506.0,4100.0,4110.0,4012.0,4092.6,25240425,4501.8,3683.4,4440.0,3288.1,4023.0,81,3,4022.6,21,2,4022.5,25,3,4022.4,67,3,4022.3,57,2,4024.0,266,9,4024.2,15,2,4024.3,42,2,4024.4,5,1,4024.5,37,2
11483,2026-07-02 13:34:29+05:30,4023.0,10,4037.12,1460875,162533.0,174506.0,4100.0,4110.0,4012.0,4092.6,25240425,4501.8,3683.4,4440.0,3288.1,4023.0,81,3,4022.6,21,2,4022.5,25,3,4022.4,67,3,4022.3,57,2,4024.0,266,9,4024.2,15,2,4024.3,42,2,4024.4,5,1,4024.5,37,2
11483,2026-07-02 13:34:29+05:30,4023.0,10,4037.12,1460885,161511.0,174470.0,4100.0,4110.0,4012.0,4092.6,25240425,4501.8,3683.4,4440.0,3288.1,4023.5,1,1,4023.0,71,3,4022.6,21,2,4022.5,38,4,4022.4,67,3,4024.0,266,9,4024.2,15,2,4024.3,42,2,4024.4,5,1,4024.5,13,1
11483,2026-07-02 13:34:30+05:30,4023.5,1,4037.12,1460885,161511.0,174470.0,4100.0,4110.0,4012.0,4092.6,25240425,4501.8,3683.4,4440.0,3288.1,4023.5,1,1,4023.0,71,3,4022.6,21,2,4022.5,38,4,4022.4,67,3,4024.0,266,9,4024.2,15,2,4024.3,42,2,4024.4,5,1,4024.5,13,1
11483,2026-07-02 13:34:30+05:30,4024.0,1,4037.12,1460893,162107.0,174480.0,4100.0,4110.0,4012.0,4092.6,25240425,4501.8,3683.4,4440.0,3288.1,4023.0,71,3,4022.6,21,2,4022.5,38,4,4022.4,67,3,4022.3,32,1,4024.0,259,8,4024.2,15,2,4024.3,42,2,4024.4,5,1,4024.5,13,1
11483,2026-07-02 13:34:31+05:30,4023.0,1,4037.12,1460893,162107.0,174480.0,4100.0,4110.0,4012.0,4092.6,25240425,4501.8,3683.4,4440.0,3288.1,4023.0,71,3,4022.6,21,2,4022.5,38,4,4022.4,67,3,4022.3,32,1,4024.0,259,8,4024.2,15,2,4024.3,42,2,4024.4,5,1,4024.5,13,1
11483,2026-07-02 13:34:31+05:30,4024.0,1,4037.12,1460896,162425.0,174610.0,4100.0,4110.0,4012.0,4092.6,25240425,4501.8,3683.4,4440.0,3288.1,4023.0,71,4,4022.6,21,2,4022.5,38,4,4022.4,67,3,4022.3,32,1,4024.0,257,8,4024.2,15,2,4024.3,42,2,4024.4,5,1,4024.5,40,2
11483,2026-07-02 13:34:32+05:30,4024.0,1,4037.12,1460896,162425.0,174610.0,4100.0,4110.0,4012.0,4092.6,25240425,4501.8,3683.4,4440.0,3288.1,4023.0,71,4,4022.6,21,2,4022.5,38,4,4022.4,67,3,4022.3,32,1,4024.0,257,8,4024.2,15,2,4024.3,42,2,4024.4,5,1,4024.5,40,2
11483,2026-07-02 13:34:32+05:30,4024.0,11,4037.12,1460911,161449.0,174472.0,4100.0,4110.0,4012.0,4092.6,25240425,4501.8,3683.4,4440.0,3288.1,4023.0,71,4,4022.6,21,2,4022.5,10,2,4022.4,54,2,4022.3,45,2,4024.0,279,10,4024.2,5,2,4024.3,42,2,4024.4,5,1,4024.5,13,1
11483,2026-07-02 13:34:33+05:30,4023.0,2,4037.12,1460911,161449.0,174472.0,4100.0,4110.0,4012.0,4092.6,25240425,4501.8,3683.4,4440.0,3288.1,4023.0,71,4,4022.6,21,2,4022.5,10,2,4022.4,54,2,4022.3,45,2,4024.0,279,10,4024.2,5,2,4024.3,42,2,4024.4,5,1,4024.5,13,1
11483,2026-07-02 13:34:33+05:30,4023.0,2,4037.12,1460913,161420.0,174646.0,4100.0,4110.0,4012.0,4092.6,25240425,4501.8,3683.4,4440.0,3288.1,4023.0,69,4,4022.6,3,1,4022.5,10,2,4022.4,54,2,4022.3,45,2,4024.0,282,11,4024.1,26,1,4024.2,2,1,4024.3,42,2,4024.4,5,1
11483,2026-07-02 13:34:34+05:30,4023.0,1,4037.12,1460913,161420.0,174646.0,4100.0,4110.0,4012.0,4092.6,25240425,4501.8,3683.4,4440.0,3288.1,4023.0,69,4,4022.6,3,1,4022.5,10,2,4022.4,54,2,4022.3,45,2,4024.0,282,11,4024.1,26,1,4024.2,2,1,4024.3,42,2,4024.4,5,1
11483,2026-07-02 13:34:34+05:30,4023.0,1,4037.12,1460915,161423.0,174648.0,4100.0,4110.0,4012.0,4092.6,25240425,4501.8,3683.4,4440.0,3288.1,4023.0,67,4,4022.6,3,1,4022.5,10,2,4022.4,66,3,4022.3,32,1,4024.0,284,12,4024.1,26,1,4024.2,2,1,4024.3,42,2,4024.4,5,1
11483,2026-07-02 13:34:35+05:30,4024.0,36,4037.12,1460915,161423.0,174648.0,4100.0,4110.0,4012.0,4092.6,25240425,4501.8,3683.4,4440.0,3288.1,4023.0,67,4,4022.6,3,1,4022.5,10,2,4022.4,66,3,4022.3,32,1,4024.0,284,12,4024.1,26,1,4024.2,2,1,4024.3,42,2,4024.4,5,1
11483,2026-07-02 13:34:35+05:30,4024.0,36,4037.12,1461059,161473.0,174529.0,4100.0,4110.0,4012.0,4092.6,25240425,4501.8,3683.4,4440.0,3288.1,4023.0,67,4,4022.6,21,2,4022.5,10,2,4022.4,87,4,4022.3,32,1,4024.0,153,9,4024.1,29,2,4024.2,14,2,4024.3,42,2,4024.4,5,1
11483,2026-07-02 13:34:36+05:30,4023.0,17,4037.12,1461059,161473.0,174529.0,4100.0,4110.0,4012.0,4092.6,25240425,4501.8,3683.4,4440.0,3288.1,4023.0,67,4,4022.6,21,2,4022.5,10,2,4022.4,87,4,4022.3,32,1,4024.0,153,9,4024.1,29,2,4024.2,14,2,4024.3,42,2,4024.4,5,1
11483,2026-07-02 13:34:36+05:30,4023.0,17,4037.12,1461076,161437.0,174527.0,4100.0,4110.0,4012.0,4092.6,25240425,4501.8,3683.4,4440.0,3288.1,4023.0,50,4,4022.6,21,2,4022.5,10,2,4022.4,75,3,4022.3,32,1,4024.0,163,10,4024.1,29,2,4024.2,2,1,4024.3,42,2,4024.4,5,1
11483,2026-07-02 13:34:37+05:30,4023.0,2,4037.12,1461076,161437.0,174527.0,4100.0,4110.0,4012.0,4092.6,25240425,4501.8,3683.4,4440.0,3288.1,4023.0,50,4,4022.6,21,2,4022.5,10,2,4022.4,75,3,4022.3,32,1,4024.0,163,10,4024.1,29,2,4024.2,2,1,4024.3,42,2,4024.4,5,1
11483,2026-07-02 13:34:37+05:30,4023.0,2,4037.12,1461078,161443.0,174554.0,4100.0,4110.0,4012.0,4092.6,25240425,4501.8,3683.4,4440.0,3288.1,4023.0,47,4,4022.6,3,1,4022.5,10,2,4022.4,75,3,4022.3,44,2,4024.0,163,10,4024.1,29,2,4024.2,2,1,4024.3,42,2,4024.4,5,1
11483,2026-07-02 13:34:39+05:30,4024.0,2,4037.12,1461078,161443.0,174554.0,4100.0,4110.0,4012.0,4092.6,25240425,4501.8,3683.4,4440.0,3288.1,4023.5,1,1,4023.1,3,1,4023.0,47,4,4022.6,5,2,4022.5,54,4,4024.0,128,7,4024.1,26,1,4024.3,42,2,4024.4,8,2,4024.5,13,1
11483,2026-07-02 13:34:39+05:30,4024.0,2,4037.12,1461090,161403.0,174518.0,4100.0,4110.0,4012.0,4092.6,25240425,4501.8,3683.4,4440.0,3288.1,4023.5,1,1,4023.1,3,1,4023.0,47,4,4022.6,5,2,4022.5,54,4,4024.0,128,7,4024.1,26,1,4024.3,42,2,4024.4,8,2,4024.5,13,1
11483,2026-07-02 13:34:40+05:30,4023.5,1,4037.12,1461090,161403.0,174518.0,4100.0,4110.0,4012.0,4092.6,25240425,4501.8,3683.4,4440.0,3288.1,4023.5,1,1,4023.1,3,1,4023.0,47,4,4022.6,5,2,4022.5,54,4,4024.0,128,7,4024.1,26,1,4024.3,42,2,4024.4,8,2,4024.5,13,1
11483,2026-07-02 13:34:40+05:30,4023.5,1,4037.12,1461092,161778.0,174716.0,4100.0,4110.0,4012.0,4092.6,25240425,4501.8,3683.4,4440.0,3288.1,4023.8,42,1,4023.7,42,1,4023.5,42,1,4023.3,42,1,4023.1,3,1,4024.0,112,5,4024.1,26,1,4024.3,42,2,4024.4,5,1,4024.7,2,1
11483,2026-07-02 13:34:41+05:30,4023.9,3,4037.12,1461092,161778.0,174716.0,4100.0,4110.0,4012.0,4092.6,25240425,4501.8,3683.4,4440.0,3288.1,4023.8,42,1,4023.7,42,1,4023.5,42,1,4023.3,42,1,4023.1,3,1,4024.0,112,5,4024.1,26,1,4024.3,42,2,4024.4,5,1,4024.7,2,1
11483,2026-07-02 13:34:41+05:30,4023.9,3,4037.12,1461176,161611.0,174764.0,4100.0,4110.0,4012.0,4092.6,25240425,4501.8,3683.4,4440.0,3288.1,4023.9,39,1,4023.8,42,1,4023.6,42,1,4023.5,5,1,4023.4,42,1,4024.0,166,6,4024.1,38,2,4024.3,42,2,4024.4,5,1,4024.5,17,2
11483,2026-07-02 13:34:42+05:30,4023.9,39,4037.12,1461176,161611.0,174764.0,4100.0,4110.0,4012.0,4092.6,25240425,4501.8,3683.4,4440.0,3288.1,4023.9,39,1,4023.8,42,1,4023.6,42,1,4023.5,5,1,4023.4,42,1,4024.0,166,6,4024.1,38,2,4024.3,42,2,4024.4,5,1,4024.5,17,2
11483,2026-07-02 13:34:42+05:30,4023.9,39,4037.12,1461254,161602.0,174586.0,4100.0,4110.0,4012.0,4092.6,25240425,4501.8,3683.4,4440.0,3288.1,4023.7,42,1,4023.5,47,2,4023.3,42,1,4023.1,3,1,4023.0,73,6,4023.9,13,1,4024.0,143,4,4024.1,38,2,4024.3,42,2,4024.4,5,1
11483,2026-07-02 13:34:43+05:30,4023.9,20,4037.12,1461254,161602.0,174586.0,4100.0,4110.0,4012.0,4092.6,25240425,4501.8,3683.4,4440.0,3288.1,4023.7,42,1,4023.5,47,2,4023.3,42,1,4023.1,3,1,4023.0,73,6,4023.9,13,1,4024.0,143,4,4024.1,38,2,4024.3,42,2,4024.4,5,1
11483,2026-07-02 13:34:43+05:30,4023.9,20,4037.12,1461411,161708.0,174624.0,4100.0,4110.0,4012.0,4092.6,25240425,4501.8,3683.4,4440.0,3288.1,4023.9,52,1,4023.8,42,1,4023.7,33,1,4023.5,47,2,4023.3,42,1,4024.0,41,4,4024.1,26,1,4024.3,42,2,4024.5,12,1,4024.7,2,1
11483,2026-07-02 13:34:44+05:30,4023.9,81,4037.12,1461411,161708.0,174624.0,4100.0,4110.0,4012.0,4092.6,25240425,4501.8,3683.4,4440.0,3288.1,4023.9,52,1,4023.8,42,1,4023.7,33,1,4023.5,47,2,4023.3,42,1,4024.0,41,4,4024.1,26,1,4024.3,42,2,4024.5,12,1,4024.7,2,1
11483,2026-07-02 13:34:44+05:30,4023.9,81,4037.12,1461559,161662.0,174762.0,4100.0,4110.0,4012.0,4092.6,25240425,4501.8,3683.4,4440.0,3288.1,4023.8,42,1,4023.7,33,1,4023.5,47,2,4023.3,42,1,4023.1,3,1,4024.0,141,4,4024.1,26,1,4024.3,42,2,4024.5,12,1,4024.7,5,2
11483,2026-07-02 13:34:45+05:30,4024.0,46,4037.12,1461559,161662.0,174762.0,4100.0,4110.0,4012.0,4092.6,25240425,4501.8,3683.4,4440.0,3288.1,4023.8,42,1,4023.7,33,1,4023.5,47,2,4023.3,42,1,4023.1,3,1,4024.0,141,4,4024.1,26,1,4024.3,42,2,4024.5,12,1,4024.7,5,2
11483,2026-07-02 13:34:45+05:30,4024.0,46,4037.11,1461640,161926.0,174564.0,4100.0,4110.0,4012.0,4092.6,25240425,4501.8,3683.4,4440.0,3288.1,4023.8,24,1,4023.7,33,1,4023.6,42,1,4023.5,5,1,4023.4,42,1,4024.0,97,3,4024.1,26,1,4024.3,42,2,4024.5,17,2,4024.7,2,1
11483,2026-07-02 13:34:46+05:30,4024.0,3,4037.11,1461640,161926.0,174564.0,4100.0,4110.0,4012.0,4092.6,25240425,4501.8,3683.4,4440.0,3288.1,4023.8,24,1,4023.7,33,1,4023.6,42,1,4023.5,5,1,4023.4,42,1,4024.0,97,3,4024.1,26,1,4024.3,42,2,4024.5,17,2,4024.7,2,1
11483,2026-07-02 13:34:46+05:30,4024.0,7,4037.11,1461734,161763.0,174700.0,4100.0,4110.0,4012.0,4092.6,25240425,4501.8,3683.4,4440.0,3288.1,4023.9,2,1,4023.5,5,1,4023.1,3,1,4023.0,135,8,4022.8,12,1,4024.0,136,3,4024.1,26,1,4024.3,42,2,4024.4,3,1,4024.5,5,1
11483,2026-07-02 13:34:47+05:30,4023.0,2,4037.11,1461734,161763.0,174700.0,4100.0,4110.0,4012.0,4092.6,25240425,4501.8,3683.4,4440.0,3288.1,4023.9,2,1,4023.5,5,1,4023.1,3,1,4023.0,135,8,4022.8,12,1,4024.0,136,3,4024.1,26,1,4024.3,42,2,4024.4,3,1,4024.5,5,1
11483,2026-07-02 13:34:47+05:30,4023.0,2,4037.11,1461792,162703.0,174718.0,4100.0,4110.0,4012.0,4092.6,25240425,4501.8,3683.4,4440.0,3288.1,4023.0,48,3,4022.6,27,3,4022.5,73,4,4022.4,95,4,4022.3,32,1,4023.9,2,1,4024.0,139,4,4024.1,26,1,4024.2,3,1,4024.3,42,2
11483,2026-07-02 13:34:48+05:30,4023.9,1,4037.11,1461792,162703.0,174718.0,4100.0,4110.0,4012.0,4092.6,25240425,4501.8,3683.4,4440.0,3288.1,4023.0,48,3,4022.6,27,3,4022.5,73,4,4022.4,95,4,4022.3,32,1,4023.9,2,1,4024.0,139,4,4024.1,26,1,4024.2,3,1,4024.3,42,2
11483,2026-07-02 13:34:48+05:30,4023.9,1,4037.11,1461800,162648.0,174734.0,4100.0,4110.0,4012.0,4092.6,25240425,4501.8,3683.4,4440.0,3288.1,4023.0,41,3,4022.6,25,2,4022.5,18,2,4022.4,80,3,4022.3,32,1,4023.9,1,1,4024.0,139,4,4024.1,31,2,4024.2,3,1,4024.3,42,2
11483,2026-07-02 13:34:49+05:30,4023.6,2,4037.11,1461800,162648.0,174734.0,4100.0,4110.0,4012.0,4092.6,25240425,4501.8,3683.4,4440.0,3288.1,4023.0,41,3,4022.6,25,2,4022.5,18,2,4022.4,80,3,4022.3,32,1,4023.9,1,1,4024.0,139,4,4024.1,31,2,4024.2,3,1,4024.3,42,2
11483,2026-07-02 13:34:49+05:30,4023.6,2,4037.11,1461803,162440.0,174876.0,4100.0,4110.0,4012.0,4092.6,25240425,4501.8,3683.4,4440.0,3288.1,4023.4,1,1,4023.0,40,3,4022.6,25,2,4022.5,43,3,4022.4,54,2,4023.5,42,1,4023.6,42,1,4023.8,54,2,4023.9,1,1,4024.0,195,7
11483,2026-07-02 13:34:50+05:30,4023.4,1,4037.11,1461803,162440.0,174876.0,4100.0,4110.0,4012.0,4092.6,25240425,4501.8,3683.4,4440.0,3288.1,4023.4,1,1,4023.0,40,3,4022.6,25,2,4022.5,43,3,4022.4,54,2,4023.5,42,1,4023.6,42,1,4023.8,54,2,4023.9,1,1,4024.0,195,7
11483,2026-07-02 13:34:50+05:30,4023.4,1,4037.11,1461804,162389.0,174963.0,4100.0,4110.0,4012.0,4092.6,25240425,4501.8,3683.4,4440.0,3288.1,4023.0,40,3,4022.6,25,2,4022.5,5,1,4022.4,54,2,4022.3,32,1,4023.4,1,1,4023.5,42,1,4023.6,42,1,4023.8,42,1,4023.9,1,1
11483,2026-07-02 13:34:51+05:30,4023.2,1,4037.11,1461804,162389.0,174963.0,4100.0,4110.0,4012.0,4092.6,25240425,4501.8,3683.4,4440.0,3288.1,4023.0,40,3,4022.6,25,2,4022.5,5,1,4022.4,54,2,4022.3,32,1,4023.4,1,1,4023.5,42,1,4023.6,42,1,4023.8,42,1,4023.9,1,1
11483,2026-07-02 13:34:51+05:30,4023.2,1,4037.11,1461805,162400.0,175072.0,4100.0,4110.0,4012.0,4092.6,25240425,4501.8,3683.4,4440.0,3288.1,4023.0,40,3,4022.6,25,2,4022.5,5,1,4022.4,54,2,4022.3,32,1,4023.2,41,1,4023.3,42,1,4023.5,42,1,4023.7,42,1,4023.9,1,1
11483,2026-07-02 13:34:51+05:30,4023.0,5,4037.11,1461849,162280.0,176051.0,4100.0,4110.0,4012.0,4092.6,25240425,4501.8,3683.4,4440.0,3288.1,4022.6,3,1,4022.5,5,1,4022.4,54,2,4022.3,32,1,4022.2,55,2,4023.0,37,1,4023.2,80,3,4023.4,44,3,4023.6,54,2,4023.9,16,3
11483,2026-07-02 13:34:52+05:30,4022.6,3,4037.11,1461849,162280.0,176051.0,4100.0,4110.0,4012.0,4092.6,25240425,4501.8,3683.4,4440.0,3288.1,4022.6,3,1,4022.5,5,1,4022.4,54,2,4022.3,32,1,4022.2,55,2,4023.0,37,1,4023.2,80,3,4023.4,44,3,4023.6,54,2,4023.9,16,3
11483,2026-07-02 13:34:52+05:30,4022.5,5,4037.11,1461858,162010.0,176119.0,4100.0,4110.0,4012.0,4092.6,25240425,4501.8,3683.4,4440.0,3288.1,4022.4,66,3,4022.2,55,2,4022.1,24,2,4022.0,26,4,4021.9,32,1,4022.5,32,1,4022.6,1,1,4022.7,42,1,4022.9,42,1,4023.1,42,1
11483,2026-07-02 13:34:53+05:30,4022.4,2,4037.11,1461858,162010.0,176119.0,4100.0,4110.0,4012.0,4092.6,25240425,4501.8,3683.4,4440.0,3288.1,4022.4,66,3,4022.2,55,2,4022.1,24,2,4022.0,26,4,4021.9,32,1,4022.5,32,1,4022.6,1,1,4022.7,42,1,4022.9,42,1,4023.1,42,1
11483,2026-07-02 13:34:53+05:30,4022.4,15,4037.11,1461908,161968.0,176099.0,4100.0,4110.0,4012.0,4092.6,25240425,4501.8,3683.4,4440.0,3288.1,4022.4,4,1,4022.2,55,2,4022.1,24,2,4022.0,26,4,4021.9,32,1,4022.5,2,1,4022.6,43,2,4022.8,42,1,4023.0,42,1,4023.2,37,1
11483,2026-07-02 13:34:54+05:30,4022.4,1,4037.11,1461908,161968.0,176099.0,4100.0,4110.0,4012.0,4092.6,25240425,4501.8,3683.4,4440.0,3288.1,4022.4,4,1,4022.2,55,2,4022.1,24,2,4022.0,26,4,4021.9,32,1,4022.5,2,1,4022.6,43,2,4022.8,42,1,4023.0,42,1,4023.2,37,1
11483,2026-07-02 13:34:54+05:30,4022.4,1,4037.11,1462001,161372.0,176198.0,4100.0,4110.0,4012.0,4092.6,25240425,4501.8,3683.4,4440.0,3288.1,4022.1,34,3,4022.0,38,5,4021.9,16,1,4021.5,49,3,4021.4,42,1,4022.4,37,1,4022.5,2,1,4022.6,43,2,4022.8,42,1,4023.1,12,1
11483,2026-07-02 13:34:55+05:30,4022.1,11,4037.11,1462001,161372.0,176198.0,4100.0,4110.0,4012.0,4092.6,25240425,4501.8,3683.4,4440.0,3288.1,4022.1,34,3,4022.0,38,5,4021.9,16,1,4021.5,49,3,4021.4,42,1,4022.4,37,1,4022.5,2,1,4022.6,43,2,4022.8,42,1,4023.1,12,1
11483,2026-07-02 13:34:55+05:30,4022.2,1,4037.11,1462089,161245.0,176172.0,4100.0,4110.0,4012.0,4092.6,25240425,4501.8,3683.4,4440.0,3288.1,4022.2,3,1,4022.1,23,3,4022.0,38,5,4021.9,16,1,4021.6,11,1,4022.4,39,2,4022.6,43,2,4022.8,42,1,4023.1,12,1,4023.2,37,1
11483,2026-07-02 13:34:56+05:30,4022.2,3,4037.11,1462089,161245.0,176172.0,4100.0,4110.0,4012.0,4092.6,25240425,4501.8,3683.4,4440.0,3288.1,4022.2,3,1,4022.1,23,3,4022.0,38,5,4021.9,16,1,4021.6,11,1,4022.4,39,2,4022.6,43,2,4022.8,42,1,4023.1,12,1,4023.2,37,1
11483,2026-07-02 13:34:56+05:30,4022.1,5,4037.11,1462115,160915.0,176400.0,4100.0,4110.0,4012.0,4092.6,25240425,4501.8,3683.4,4440.0,3288.1,4022.0,35,5,4021.5,59,4,4021.4,14,1,4021.3,42,2,4021.2,105,7,4022.1,58,1,4022.2,1,1,4022.4,39,2,4022.5,42,1,4022.6,1,1
11483,2026-07-02 13:34:57+05:30,4022.0,3,4037.11,1462115,160915.0,176400.0,4100.0,4110.0,4012.0,4092.6,25240425,4501.8,3683.4,4440.0,3288.1,4022.0,35,5,4021.5,59,4,4021.4,14,1,4021.3,42,2,4021.2,105,7,4022.1,58,1,4022.2,1,1,4022.4,39,2,4022.5,42,1,4022.6,1,1
11483,2026-07-02 13:34:57+05:30,4022.0,9,4037.11,1462159,160903.0,176445.0,4100.0,4110.0,4012.0,4092.6,25240425,4501.8,3683.4,4440.0,3288.1,4021.6,34,3,4021.5,30,4,4021.3,42,2,4021.2,105,7,4021.1,65,3,4022.0,18,1,4022.1,2,1,4022.2,1,1,4022.4,79,2,4022.6,43,2
11483,2026-07-02 13:34:58+05:30,4021.6,5,4037.11,1462159,160903.0,176445.0,4100.0,4110.0,4012.0,4092.6,25240425,4501.8,3683.4,4440.0,3288.1,4021.6,34,3,4021.5,30,4,4021.3,42,2,4021.2,105,7,4021.1,65,3,4022.0,18,1,4022.1,2,1,4022.2,1,1,4022.4,79,2,4022.6,43,2
11483,2026-07-02 13:34:58+05:30,4022.2,2,4037.11,1462173,161878.0,175931.0,4100.0,4110.0,4012.0,4092.6,25240425,4501.8,3683.4,4440.0,3288.1,4022.4,24,4,4022.1,27,2,4021.9,56,2,4021.8,61,4,4021.7,19,2,4022.5,11,1,4022.6,1,1,4023.5,3,1,4023.8,2,1,4023.9,25,4
11483,2026-07-02 13:34:59+05:30,4022.4,2,4037.11,1462173,161878.0,175931.0,4100.0,4110.0,4012.0,4092.6,25240425,4501.8,3683.4,4440.0,3288.1,4022.4,24,4,4022.1,27,2,4021.9,56,2,4021.8,61,4,4021.7,19,2,4022.5,11,1,4022.6,1,1,4023.5,3,1,4023.8,2,1,4023.9,25,4
11483,2026-07-02 13:34:59+05:30,4023.5,7,4037.11,1462288,162235.0,175769.0,4100.0,4110.0,4012.0,4092.6,25240425,4501.8,3683.4,4440.0,3288.1,4022.4,15,4,4022.1,49,2,4022.0,500,1,4021.9,21,2,4021.8,61,4,4023.1,18,1,4023.2,42,1,4023.3,42,1,4023.5,54,2,4023.7,42,1
11483,2026-07-02 13:35:00+05:30,4022.4,7,4037.11,1462288,162235.0,175769.0,4100.0,4110.0,4012.0,4092.6,25240425,4501.8,3683.4,4440.0,3288.1,4022.4,15,4,4022.1,49,2,4022.0,500,1,4021.9,21,2,4021.8,61,4,4023.1,18,1,4023.2,42,1,4023.3,42,1,4023.5,54,2,4023.7,42,1
11483,2026-07-02 13:35:00+05:30,4023.9,7,4037.11,1462311,161438.0,175045.0,4100.0,4110.0,4012.0,4092.6,25240425,4501.8,3683.4,4440.0,3288.1,4022.9,2,2,4022.4,1,1,4022.3,15,1,4022.2,62,3,4022.1,48,1,4023.9,5,2,4024.0,178,6,4024.1,5,1,4024.2,15,1,4024.3,77,4
11483,2026-07-02 13:35:01+05:30,4022.9,1,4037.11,1462311,161438.0,175045.0,4100.0,4110.0,4012.0,4092.6,25240425,4501.8,3683.4,4440.0,3288.1,4022.9,2,2,4022.4,1,1,4022.3,15,1,4022.2,62,3,4022.1,48,1,4023.9,5,2,4024.0,178,6,4024.1,5,1,4024.2,15,1,4024.3,77,4
11483,2026-07-02 13:35:01+05:30,4022.3,53,4037.11,1462370,162180.0,175017.0,4100.0,4110.0,4012.0,4092.6,25240425,4501.8,3683.4,4440.0,3288.1,4022.3,19,2,4022.2,38,3,4022.1,80,2,4022.0,500,1,4021.9,12,1,4023.9,5,2,4024.0,208,8,4024.1,17,2,4024.2,15,1,4024.3,74,3
11483,2026-07-02 13:35:02+05:30,4022.3,7,4037.11,1462370,162180.0,175017.0,4100.0,4110.0,4012.0,4092.6,25240425,4501.8,3683.4,4440.0,3288.1,4022.3,19,2,4022.2,38,3,4022.1,80,2,4022.0,500,1,4021.9,12,1,4023.9,5,2,4024.0,208,8,4024.1,17,2,4024.2,15,1,4024.3,74,3
11483,2026-07-02 13:35:02+05:30,4023.9,1,4037.11,1462390,162285.0,174947.0,4100.0,4110.0,4012.0,4092.6,25240425,4501.8,3683.4,4440.0,3288.1,4022.3,12,2,4022.2,14,2,4022.1,80,2,4022.0,508,2,4021.9,12,1,4023.9,36,5,4024.0,182,7,4024.1,17,2,4024.2,27,2,4024.3,74,3
11483,2026-07-02 13:35:03+05:30,4022.3,3,4037.11,1462390,162285.0,174947.0,4100.0,4110.0,4012.0,4092.6,25240425,4501.8,3683.4,4440.0,3288.1,4022.3,12,2,4022.2,14,2,4022.1,80,2,4022.0,508,2,4021.9,12,1,4023.9,36,5,4024.0,182,7,4024.1,17,2,4024.2,27,2,4024.3,74,3
11483,2026-07-02 13:35:03+05:30,4023.9,1,4037.11,1462394,162283.0,174936.0,4100.0,4110.0,4012.0,4092.6,25240425,4501.8,3683.4,4440.0,3288.1,4022.3,9,1,4022.2,14,2,4022.1,80,2,4022.0,508,2,4021.9,12,1,4023.9,50,6,4024.0,182,7,4024.1,17,2,4024.2,30,3,4024.3,74,3
11483,2026-07-02 13:35:04+05:30,4023.9,1,4037.11,1462394,162283.0,174936.0,4100.0,4110.0,4012.0,4092.6,25240425,4501.8,3683.4,4440.0,3288.1,4022.3,9,1,4022.2,14,2,4022.1,80,2,4022.0,508,2,4021.9,12,1,4023.9,50,6,4024.0,182,7,4024.1,17,2,4024.2,30,3,4024.3,74,3
11483,2026-07-02 13:35:04+05:30,4023.9,1,4037.11,1462394,162316.0,174942.0,4100.0,4110.0,4012.0,4092.6,25240425,4501.8,3683.4,4440.0,3288.1,4022.5,3,1,4022.3,9,1,4022.2,14,2,4022.1,80,2,4022.0,508,2,4023.9,35,5,4024.0,182,7,4024.1,17,2,4024.2,30,3,4024.3,74,3
11483,2026-07-02 13:35:05+05:30,4024.0,5,4037.1,1463004,162088.0,174294.0,4100.0,4110.0,4012.0,4092.6,25240425,4501.8,3683.4,4440.0,3288.1,4024.0,495,1,4022.9,34,2,4022.8,49,3,4022.6,203,3,4022.5,77,5,4024.1,19,2,4024.2,17,2,4024.3,42,2,4025.0,257,4,4025.2,2,1
11483,2026-07-02 13:35:06+05:30,4024.0,73,4037.1,1463004,162088.0,174294.0,4100.0,4110.0,4012.0,4092.6,25240425,4501.8,3683.4,4440.0,3288.1,4024.0,495,1,4022.9,34,2,4022.8,49,3,4022.6,203,3,4022.5,77,5,4024.1,19,2,4024.2,17,2,4024.3,42,2,4025.0,257,4,4025.2,2,1
11483,2026-07-02 13:35:06+05:30,4024.1,5,4037.1,1463089,162092.0,174353.0,4100.0,4110.0,4012.0,4092.6,25240425,4501.8,3683.4,4440.0,3288.1,4024.0,437,2,4022.9,34,2,4022.8,49,3,4022.6,203,3,4022.5,77,5,4024.1,14,2,4024.2,17,2,4024.3,42,2,4025.0,257,4,4025.2,4,2
11483,2026-07-02 13:35:07+05:30,4024.0,10,4037.1,1463089,162092.0,174353.0,4100.0,4110.0,4012.0,4092.6,25240425,4501.8,3683.4,4440.0,3288.1,4024.0,437,2,4022.9,34,2,4022.8,49,3,4022.6,203,3,4022.5,77,5,4024.1,14,2,4024.2,17,2,4024.3,42,2,4025.0,257,4,4025.2,4,2
11483,2026-07-02 13:35:07+05:30,4024.0,10,4037.1,1463099,162018.0,174354.0,4100.0,4110.0,4012.0,4092.6,25240425,4501.8,3683.4,4440.0,3288.1,4024.0,427,2,4022.9,34,2,4022.8,49,3,4022.6,203,3,4022.5,77,5,4024.1,14,2,4024.2,17,2,4024.3,42,2,4025.0,257,4,4025.2,4,2
11483,2026-07-02 13:35:08+05:30,4024.1,3,4037.1,1463099,162018.0,174354.0,4100.0,4110.0,4012.0,4092.6,25240425,4501.8,3683.4,4440.0,3288.1,4024.0,427,2,4022.9,34,2,4022.8,49,3,4022.6,203,3,4022.5,77,5,4024.1,14,2,4024.2,17,2,4024.3,42,2,4025.0,257,4,4025.2,4,2
11483,2026-07-02 13:35:08+05:30,4024.1,1,4037.1,1463105,161947.0,174424.0,4100.0,4110.0,4012.0,4092.6,25240425,4501.8,3683.4,4440.0,3288.1,4024.0,425,2,4022.9,34,2,4022.8,49,3,4022.6,203,3,4022.5,77,5,4024.1,10,2,4024.2,17,2,4024.3,27,1,4024.7,15,1,4024.9,50,1
11483,2026-07-02 13:35:09+05:30,4024.0,10,4037.1,1463105,161947.0,174424.0,4100.0,4110.0,4012.0,4092.6,25240425,4501.8,3683.4,4440.0,3288.1,4024.0,425,2,4022.9,34,2,4022.8,49,3,4022.6,203,3,4022.5,77,5,4024.1,10,2,4024.2,17,2,4024.3,27,1,4024.7,15,1,4024.9,50,1
11483,2026-07-02 13:35:09+05:30,4024.0,10,4037.1,1463116,162068.0,174377.0,4100.0,4110.0,4012.0,4092.6,25240425,4501.8,3683.4,4440.0,3288.1,4024.0,416,3,4022.9,34,2,4022.8,49,3,4022.6,229,4,4022.5,77,5,4024.1,11,3,4024.2,17,2,4024.3,27,1,4024.7,15,1,4025.0,306,5
11483,2026-07-02 13:35:10+05:30,4024.0,2,4037.1,1463116,162068.0,174377.0,4100.0,4110.0,4012.0,4092.6,25240425,4501.8,3683.4,4440.0,3288.1,4024.0,416,3,4022.9,34,2,4022.8,49,3,4022.6,229,4,4022.5,77,5,4024.1,11,3,4024.2,17,2,4024.3,27,1,4024.7,15,1,4025.0,306,5
11483,2026-07-02 13:35:10+05:30,4024.0,1,4037.1,1463306,161899.0,174392.0,4100.0,4110.0,4012.0,4092.6,25240425,4501.8,3683.4,4440.0,3288.1,4024.0,226,3,4022.9,34,2,4022.8,66,4,4022.6,229,4,4022.5,59,4,4024.1,11,3,4024.2,17,2,4024.3,27,1,4024.7,15,1,4025.0,306,5
11483,2026-07-02 13:35:11+05:30,4024.0,22,4037.1,1463306,161899.0,174392.0,4100.0,4110.0,4012.0,4092.6,25240425,4501.8,3683.4,4440.0,3288.1,4024.0,226,3,4022.9,34,2,4022.8,66,4,4022.6,229,4,4022.5,59,4,4024.1,11,3,4024.2,17,2,4024.3,27,1,4024.7,15,1,4025.0,306,5
11483,2026-07-02 13:35:11+05:30,4024.0,22,4037.1,1463328,161897.0,174429.0,4100.0,4110.0,4012.0,4092.6,25240425,4501.8,3683.4,4440.0,3288.1,4024.0,204,3,4022.9,34,2,4022.8,66,4,4022.6,229,4,4022.5,59,4,4024.1,11,3,4024.2,17,2,4024.3,27,1,4024.7,15,1,4025.0,306,5
11483,2026-07-02 13:35:12+05:30,4024.0,3,4037.1,1463328,161897.0,174429.0,4100.0,4110.0,4012.0,4092.6,25240425,4501.8,3683.4,4440.0,3288.1,4024.0,204,3,4022.9,34,2,4022.8,66,4,4022.6,229,4,4022.5,59,4,4024.1,11,3,4024.2,17,2,4024.3,27,1,4024.7,15,1,4025.0,306,5
11483,2026-07-02 13:35:12+05:30,4024.0,175,4037.1,1463506,161609.0,174454.0,4100.0,4110.0,4012.0,4092.6,25240425,4501.8,3683.4,4440.0,3288.1,4024.0,26,3,4022.9,35,2,4022.8,66,4,4022.6,48,2,4022.5,59,4,4024.1,2,1,4024.2,12,1,4024.3,27,1,4024.4,5,1,4024.6,3,1
11483,2026-07-02 13:35:13+05:30,4024.3,8,4037.1,1463506,161609.0,174454.0,4100.0,4110.0,4012.0,4092.6,25240425,4501.8,3683.4,4440.0,3288.1,4024.0,26,3,4022.9,35,2,4022.8,66,4,4022.6,48,2,4022.5,59,4,4024.1,2,1,4024.2,12,1,4024.3,27,1,4024.4,5,1,4024.6,3,1
11483,2026-07-02 13:35:13+05:30,4024.3,8,4037.1,1463537,162940.0,174377.0,4100.0,4110.0,4012.0,4092.6,25240425,4501.8,3683.4,4440.0,3288.1,4024.0,505,3,4022.9,34,2,4022.8,66,4,4022.6,203,3,4022.5,59,4,4024.3,19,1,4024.4,5,1,4024.7,15,1,4025.0,306,5,4025.1,45,2
11483,2026-07-02 13:35:13+05:30,4024.3,8,4037.1,1463537,162940.0,174377.0,4100.0,4110.0,4012.0,4092.6,25240425,4501.8,3683.4,4440.0,3288.1,4024.0,505,3,4022.9,34,2,4022.8,66,4,4022.6,203,3,4022.5,59,4,4024.3,19,1,4024.4,5,1,4024.7,15,1,4025.0,306,5,4025.1,45,2
11483,2026-07-02 13:35:14+05:30,4024.3,1,4037.1,1463537,162940.0,174377.0,4100.0,4110.0,4012.0,4092.6,25240425,4501.8,3683.4,4440.0,3288.1,4024.0,505,3,4022.9,34,2,4022.8,66,4,4022.6,203,3,4022.5,59,4,4024.3,19,1,4024.4,5,1,4024.7,15,1,4025.0,306,5,4025.1,45,2
11483,2026-07-02 13:35:14+05:30,4024.3,1,4037.1,1463537,162940.0,174377.0,4100.0,4110.0,4012.0,4092.6,25240425,4501.8,3683.4,4440.0,3288.1,4024.0,505,3,4022.9,34,2,4022.8,66,4,4022.6,203,3,4022.5,59,4,4024.3,19,1,4024.4,5,1,4024.7,15,1,4025.0,306,5,4025.1,45,2
11483,2026-07-02 13:35:14+05:30,4024.0,2,4037.1,1463548,162937.0,174381.0,4100.0,4110.0,4012.0,4092.6,25240425,4501.8,3683.4,4440.0,3288.1,4024.0,498,1,4022.9,34,2,4022.8,66,4,4022.6,203,3,4022.5,59,4,4024.3,14,1,4024.7,15,1,4025.0,306,5,4025.2,15,2,4025.3,5,2
11483,2026-07-02 13:35:14+05:30,4024.0,2,4037.1,1463548,162937.0,174381.0,4100.0,4110.0,4012.0,4092.6,25240425,4501.8,3683.4,4440.0,3288.1,4024.0,498,1,4022.9,34,2,4022.8,66,4,4022.6,203,3,4022.5,59,4,4024.3,14,1,4024.7,15,1,4025.0,306,5,4025.2,15,2,4025.3,5,2
11483,2026-07-02 13:35:15+05:30,4024.0,2,4037.1,1463548,162937.0,174381.0,4100.0,4110.0,4012.0,4092.6,25240425,4501.8,3683.4,4440.0,3288.1,4024.0,498,1,4022.9,34,2,4022.8,66,4,4022.6,203,3,4022.5,59,4,4024.3,14,1,4024.7,15,1,4025.0,306,5,4025.2,15,2,4025.3,5,2
11483,2026-07-02 13:35:15+05:30,4024.0,2,4037.1,1463548,162937.0,174381.0,4100.0,4110.0,4012.0,4092.6,25240425,4501.8,3683.4,4440.0,3288.1,4024.0,498,1,4022.9,34,2,4022.8,66,4,4022.6,203,3,4022.5,59,4,4024.3,14,1,4024.7,15,1,4025.0,306,5,4025.2,15,2,4025.3,5,2
11483,2026-07-02 13:35:15+05:30,4024.0,2,4037.1,1463550,162936.0,174424.0,4100.0,4110.0,4012.0,4092.6,25240425,4501.8,3683.4,4440.0,3288.1,4024.0,496,1,4022.9,52,3,4022.8,49,3,4022.6,203,3,4022.5,59,4,4024.3,14,1,4024.7,15,1,4025.0,306,5,4025.2,15,2,4025.3,5,2
11483,2026-07-02 13:35:16+05:30,4024.0,2,4037.1,1463550,162936.0,174424.0,4100.0,4110.0,4012.0,4092.6,25240425,4501.8,3683.4,4440.0,3288.1,4024.0,496,1,4022.9,52,3,4022.8,49,3,4022.6,203,3,4022.5,59,4,4024.3,14,1,4024.7,15,1,4025.0,306,5,4025.2,15,2,4025.3,5,2
11483,2026-07-02 13:35:16+05:30,4024.3,3,4037.1,1463550,162936.0,174424.0,4100.0,4110.0,4012.0,4092.6,25240425,4501.8,3683.4,4440.0,3288.1,4024.0,496,1,4022.9,52,3,4022.8,49,3,4022.6,203,3,4022.5,59,4,4024.3,14,1,4024.7,15,1,4025.0,306,5,4025.2,15,2,4025.3,5,2
11483,2026-07-02 13:35:16+05:30,4024.3,3,4037.1,1463550,162936.0,174424.0,4100.0,4110.0,4012.0,4092.6,25240425,4501.8,3683.4,4440.0,3288.1,4024.0,496,1,4022.9,52,3,4022.8,49,3,4022.6,203,3,4022.5,59,4,4024.3,14,1,4024.7,15,1,4025.0,306,5,4025.2,15,2,4025.3,5,2
11483,2026-07-02 13:35:16+05:30,4024.3,3,4037.1,1463557,162950.0,174374.0,4100.0,4110.0,4012.0,4092.6,25240425,4501.8,3683.4,4440.0,3288.1,4024.0,496,1,4022.9,52,3,4022.8,49,3,4022.6,206,4,4022.5,59,4,4024.3,7,1,4024.7,15,1,4025.0,306,5,4025.2,15,2,4025.3,2,1
11483,2026-07-02 13:35:17+05:30,4024.0,1,4037.1,1463557,162950.0,174374.0,4100.0,4110.0,4012.0,4092.6,25240425,4501.8,3683.4,4440.0,3288.1,4024.0,496,1,4022.9,52,3,4022.8,49,3,4022.6,206,4,4022.5,59,4,4024.3,7,1,4024.7,15,1,4025.0,306,5,4025.2,15,2,4025.3,2,1
11483,2026-07-02 13:35:17+05:30,4024.0,1,4037.1,1463557,162950.0,174374.0,4100.0,4110.0,4012.0,4092.6,25240425,4501.8,3683.4,4440.0,3288.1,4024.0,496,1,4022.9,52,3,4022.8,49,3,4022.6,206,4,4022.5,59,4,4024.3,7,1,4024.7,15,1,4025.0,306,5,4025.2,15,2,4025.3,2,1
11483,2026-07-02 13:35:17+05:30,4024.0,1,4037.1,1463558,162955.0,174388.0,4100.0,4110.0,4012.0,4092.6,25240425,4501.8,3683.4,4440.0,3288.1,4024.0,495,1,4022.9,52,3,4022.8,49,3,4022.6,206,4,4022.5,59,4,4024.3,19,2,4024.7,15,1,4025.0,306,5,4025.2,15,2,4025.3,2,1
11483,2026-07-02 13:35:17+05:30,4024.0,1,4037.1,1463558,162955.0,174388.0,4100.0,4110.0,4012.0,4092.6,25240425,4501.8,3683.4,4440.0,3288.1,4024.0,495,1,4022.9,52,3,4022.8,49,3,4022.6,206,4,4022.5,59,4,4024.3,19,2,4024.7,15,1,4025.0,306,5,4025.2,15,2,4025.3,2,1
11483,2026-07-02 13:35:18+05:30,4024.0,1,4037.1,1463558,162955.0,174388.0,4100.0,4110.0,4012.0,4092.6,25247075,4501.8,3683.4,4440.0,3288.1,4024.0,495,1,4022.9,52,3,4022.8,49,3,4022.6,206,4,4022.5,59,4,4024.3,19,2,4024.7,15,1,4025.0,306,5,4025.2,15,2,4025.3,2,1
11483,2026-07-02 13:35:18+05:30,4024.0,5,4037.1,1463563,162839.0,174357.0,4100.0,4110.0,4012.0,4092.6,25247075,4501.8,3683.4,4440.0,3288.1,4024.0,384,1,4022.9,52,3,4022.8,49,3,4022.6,206,4,4022.5,59,4,4024.3,21,3,4024.7,15,1,4025.0,306,5,4025.2,15,2,4025.3,5,2
11483,2026-07-02 13:35:18+05:30,4024.0,5,4037.1,1463563,162839.0,174357.0,4100.0,4110.0,4012.0,4092.6,25247075,4501.8,3683.4,4440.0,3288.1,4024.0,384,1,4022.9,52,3,4022.8,49,3,4022.6,206,4,4022.5,59,4,4024.3,21,3,4024.7,15,1,4025.0,306,5,4025.2,15,2,4025.3,5,2
11483,2026-07-02 13:35:19+05:30,4024.0,5,4037.1,1463563,162839.0,174357.0,4100.0,4110.0,4012.0,4092.6,25247075,4501.8,3683.4,4440.0,3288.1,4024.0,384,1,4022.9,52,3,4022.8,49,3,4022.6,206,4,4022.5,59,4,4024.3,21,3,4024.7,15,1,4025.0,306,5,4025.2,15,2,4025.3,5,2
11483,2026-07-02 13:35:19+05:30,4024.0,5,4037.1,1463563,162839.0,174357.0,4100.0,4110.0,4012.0,4092.6,25247075,4501.8,3683.4,4440.0,3288.1,4024.0,384,1,4022.9,52,3,4022.8,49,3,4022.6,206,4,4022.5,59,4,4024.3,21,3,4024.7,15,1,4025.0,306,5,4025.2,15,2,4025.3,5,2
11483,2026-07-02 13:35:19+05:30,4024.3,1,4037.1,1463564,162903.0,174361.0,4100.0,4110.0,4012.0,4092.6,25247075,4501.8,3683.4,4440.0,3288.1,4024.1,1,1,4024.0,384,1,4022.9,52,3,4022.8,49,3,4022.6,206,4,4024.3,20,3,4024.7,15,1,4025.0,306,5,4025.2,15,2,4025.3,3,1
11483,2026-07-02 13:35:19+05:30,4024.3,1,4037.1,1463564,162903.0,174361.0,4100.0,4110.0,4012.0,4092.6,25247075,4501.8,3683.4,4440.0,3288.1,4024.1,1,1,4024.0,384,1,4022.9,52,3,4022.8,49,3,4022.6,206,4,4024.3,20,3,4024.7,15,1,4025.0,306,5,4025.2,15,2,4025.3,3,1
11483,2026-07-02 13:35:20+05:30,4024.3,1,4037.1,1463564,162903.0,174361.0,4100.0,4110.0,4012.0,4092.6,25247075,4501.8,3683.4,4440.0,3288.1,4024.1,1,1,4024.0,384,1,4022.9,52,3,4022.8,49,3,4022.6,206,4,4024.3,20,3,4024.7,15,1,4025.0,306,5,4025.2,15,2,4025.3,3,1
11483,2026-07-02 13:35:20+05:30,4024.7,13,4037.1,1463564,162903.0,174361.0,4100.0,4110.0,4012.0,4092.6,25247075,4501.8,3683.4,4440.0,3288.1,4024.1,1,1,4024.0,384,1,4022.9,52,3,4022.8,49,3,4022.6,206,4,4024.3,20,3,4024.7,15,1,4025.0,306,5,4025.2,15,2,4025.3,3,1
11483,2026-07-02 13:35:20+05:30,4024.7,13,4037.1,1463764,163029.0,174299.0,4100.0,4110.0,4012.0,4092.6,25247075,4501.8,3683.4,4440.0,3288.1,4024.1,1,1,4024.0,384,1,4023.1,13,1,4022.9,50,2,4022.8,49,3,4024.7,5,2,4025.0,319,6,4025.2,2,1,4025.3,5,2,4025.4,82,5
11483,2026-07-02 13:35:21+05:30,4024.0,5,4037.1,1463764,163029.0,174299.0,4100.0,4110.0,4012.0,4092.6,25247075,4501.8,3683.4,4440.0,3288.1,4024.1,1,1,4024.0,384,1,4023.1,13,1,4022.9,50,2,4022.8,49,3,4024.7,5,2,4025.0,319,6,4025.2,2,1,4025.3,5,2,4025.4,82,5
11483,2026-07-02 13:35:21+05:30,4024.0,5,4037.1,1463771,162982.0,174267.0,4100.0,4110.0,4012.0,4092.6,25247075,4501.8,3683.4,4440.0,3288.1,4024.0,379,1,4022.9,32,1,4022.8,49,3,4022.7,19,1,4022.6,231,6,4024.1,2,2,4024.7,5,2,4025.0,306,5,4025.2,2,1,4025.3,5,2
11483,2026-07-02 13:35:22+05:30,4024.1,21,4037.1,1463771,162982.0,174267.0,4100.0,4110.0,4012.0,4092.6,25247075,4501.8,3683.4,4440.0,3288.1,4024.0,379,1,4022.9,32,1,4022.8,49,3,4022.7,19,1,4022.6,231,6,4024.1,2,2,4024.7,5,2,4025.0,306,5,4025.2,2,1,4025.3,5,2
11483,2026-07-02 13:35:22+05:30,4024.1,21,4037.09,1463794,163021.0,174257.0,4100.0,4110.0,4012.0,4092.6,25247075,4501.8,3683.4,4440.0,3288.1,4024.1,117,1,4024.0,404,2,4023.1,12,1,4023.0,18,1,4022.9,32,1,4024.7,2,1,4025.0,308,6,4025.1,13,1,4025.2,2,1,4025.3,16,3
11483,2026-07-02 13:35:23+05:30,4024.1,3,4037.09,1463794,163021.0,174257.0,4100.0,4110.0,4012.0,4092.6,25247075,4501.8,3683.4,4440.0,3288.1,4024.1,117,1,4024.0,404,2,4023.1,12,1,4023.0,18,1,4022.9,32,1,4024.7,2,1,4025.0,308,6,4025.1,13,1,4025.2,2,1,4025.3,16,3
11483,2026-07-02 13:35:23+05:30,4025.0,307,4037.06,1467677,161856.0,173830.0,4100.0,4110.0,4012.0,4092.6,25247075,4501.8,3683.4,4440.0,3288.1,4024.1,115,2,4024.0,25,1,4023.1,43,2,4022.9,14,1,4022.8,62,4,4024.8,39,5,4024.9,46,5,4025.0,90,6,4025.1,55,6,4025.2,23,2
11483,2026-07-02 13:35:24+05:30,4024.1,2,4037.06,1467677,161856.0,173830.0,4100.0,4110.0,4012.0,4092.6,25247075,4501.8,3683.4,4440.0,3288.1,4024.1,115,2,4024.0,25,1,4023.1,43,2,4022.9,14,1,4022.8,62,4,4024.8,39,5,4024.9,46,5,4025.0,90,6,4025.1,55,6,4025.2,23,2
11483,2026-07-02 13:35:24+05:30,4024.1,2,4037.06,1467800,161315.0,173882.0,4100.0,4110.0,4012.0,4092.6,25247075,4501.8,3683.4,4440.0,3288.1,4024.0,25,1,4022.9,39,1,4022.8,13,1,4022.6,9,1,4022.5,32,4,4024.1,85,6,4024.2,13,1,4024.4,4,1,4024.5,11,2,4024.6,8,2
11483,2026-07-02 13:35:25+05:30,4024.1,1,4037.06,1467800,161315.0,173882.0,4100.0,4110.0,4012.0,4092.6,25247075,4501.8,3683.4,4440.0,3288.1,4024.0,25,1,4022.9,39,1,4022.8,13,1,4022.6,9,1,4022.5,32,4,4024.1,85,6,4024.2,13,1,4024.4,4,1,4024.5,11,2,4024.6,8,2
11483,2026-07-02 13:35:25+05:30,4024.1,7,4037.06,1467907,161133.0,174238.0,4100.0,4110.0,4012.0,4092.6,25247075,4501.8,3683.4,4440.0,3288.1,4022.9,8,1,4022.6,48,2,4022.5,50,5,4022.4,227,3,4022.3,38,5,4024.1,62,4,4024.2,13,1,4024.3,3,1,4024.4,38,1,4024.5,8,1
11483,2026-07-02 13:35:26+05:30,4022.6,1,4037.06,1467907,161133.0,174238.0,4100.0,4110.0,4012.0,4092.6,25247075,4501.8,3683.4,4440.0,3288.1,4022.9,8,1,4022.6,48,2,4022.5,50,5,4022.4,227,3,4022.3,38,5,4024.1,62,4,4024.2,13,1,4024.3,3,1,4024.4,38,1,4024.5,8,1
11483,2026-07-02 13:35:26+05:30,4022.9,5,4037.06,1467927,160721.0,174503.0,4100.0,4110.0,4012.0,4092.6,25247075,4501.8,3683.4,4440.0,3288.1,4022.9,5,2,4022.7,32,1,4022.6,22,2,4022.5,33,3,4022.4,209,3,4024.0,37,4,4024.1,62,4,4024.3,16,2,4024.4,73,3,4024.5,2,1
11483,2026-07-02 13:35:27+05:30,4022.9,1,4037.06,1467927,160721.0,174503.0,4100.0,4110.0,4012.0,4092.6,25247075,4501.8,3683.4,4440.0,3288.1,4022.9,5,2,4022.7,32,1,4022.6,22,2,4022.5,33,3,4022.4,209,3,4024.0,37,4,4024.1,62,4,4024.3,16,2,4024.4,73,3,4024.5,2,1
11483,2026-07-02 13:35:27+05:30,4024.0,1,4037.06,1467970,160561.0,174554.0,4100.0,4110.0,4012.0,4092.6,25247075,4501.8,3683.4,4440.0,3288.1,4022.9,1,1,4022.7,32,1,4022.6,22,2,4022.5,35,3,4022.4,209,3,4024.0,37,4,4024.1,62,4,4024.3,16,2,4024.4,73,3,4024.5,2,1
11483,2026-07-02 13:35:28+05:30,4022.9,1,4037.06,1467970,160561.0,174554.0,4100.0,4110.0,4012.0,4092.6,25247075,4501.8,3683.4,4440.0,3288.1,4022.9,1,1,4022.7,32,1,4022.6,22,2,4022.5,35,3,4022.4,209,3,4024.0,37,4,4024.1,62,4,4024.3,16,2,4024.4,73,3,4024.5,2,1
11483,2026-07-02 13:35:28+05:30,4022.9,1,4037.06,1467973,161662.0,174976.0,4100.0,4110.0,4012.0,4092.6,25247075,4501.8,3683.4,4440.0,3288.1,4022.6,21,3,4022.5,37,4,4022.4,202,2,4022.3,9,1,4022.2,64,3,4022.9,4,2,4024.0,37,4,4024.1,62,4,4024.3,3,1,4024.4,3,1
11483,2026-07-02 13:35:29+05:30,4023.4,1,4037.06,1467973,161662.0,174976.0,4100.0,4110.0,4012.0,4092.6,25247075,4501.8,3683.4,4440.0,3288.1,4022.6,21,3,4022.5,37,4,4022.4,202,2,4022.3,9,1,4022.2,64,3,4022.9,4,2,4024.0,37,4,4024.1,62,4,4024.3,3,1,4024.4,3,1
11483,2026-07-02 13:35:29+05:30,4024.0,1,4037.06,1467981,161014.0,174626.0,4100.0,4110.0,4012.0,4092.6,25247075,4501.8,3683.4,4440.0,3288.1,4023.7,1,1,4022.8,18,1,4022.7,42,2,4022.6,69,4,4022.5,41,4,4024.0,13,1,4024.1,53,2,4024.6,16,2,4024.7,26,2,4024.8,34,5
11483,2026-07-02 13:35:30+05:30,4024.1,14,4037.06,1467981,161014.0,174626.0,4100.0,4110.0,4012.0,4092.6,25247075,4501.8,3683.4,4440.0,3288.1,4023.7,1,1,4022.8,18,1,4022.7,42,2,4022.6,69,4,4022.5,41,4,4024.0,13,1,4024.1,53,2,4024.6,16,2,4024.7,26,2,4024.8,34,5
11483,2026-07-02 13:35:30+05:30,4024.1,7,4037.06,1468091,161534.0,174560.0,4100.0,4110.0,4012.0,4092.6,25247075,4501.8,3683.4,4440.0,3288.1,4022.7,16,2,4022.6,10,2,4022.5,15,2,4022.4,200,1,4022.2,105,4,4023.4,18,1,4023.5,42,1,4023.6,42,1,4023.8,42,1,4024.0,79,5
11483,2026-07-02 13:35:31+05:30,4022.7,1,4037.06,1468091,161534.0,174560.0,4100.0,4110.0,4012.0,4092.6,25247075,4501.8,3683.4,4440.0,3288.1,4022.7,16,2,4022.6,10,2,4022.5,15,2,4022.4,200,1,4022.2,105,4,4023.4,18,1,4023.5,42,1,4023.6,42,1,4023.8,42,1,4024.0,79,5
11483,2026-07-02 13:35:31+05:30,4022.7,1,4037.06,1468111,161909.0,174958.0,4100.0,4110.0,4012.0,4092.6,25247075,4501.8,3683.4,4440.0,3288.1,4022.6,32,3,4022.5,3,1,4022.4,200,1,4022.2,92,3,4022.1,63,7,4023.1,42,1,4023.2,42,1,4023.4,42,1,4023.6,42,1,4024.0,44,5
11483,2026-07-02 13:35:32+05:30,4022.6,2,4037.06,1468111,161909.0,174958.0,4100.0,4110.0,4012.0,4092.6,25247075,4501.8,3683.4,4440.0,3288.1,4022.6,32,3,4022.5,3,1,4022.4,200,1,4022.2,92,3,4022.1,63,7,4023.1,42,1,4023.2,42,1,4023.4,42,1,4023.6,42,1,4024.0,44,5
11483,2026-07-02 13:35:32+05:30,4022.6,2,4037.06,1468113,161818.0,175205.0,4100.0,4110.0,4012.0,4092.6,25247075,4501.8,3683.4,4440.0,3288.1,4022.6,27,2,4022.5,3,1,4022.4,200,1,4022.2,4,1,4022.1,46,5,4022.8,13,1,4022.9,42,1,4023.0,42,1,4023.2,42,1,4023.3,13,1
11483,2026-07-02 13:35:33+05:30,4022.6,3,4037.06,1468113,161818.0,175205.0,4100.0,4110.0,4012.0,4092.6,25247075,4501.8,3683.4,4440.0,3288.1,4022.6,27,2,4022.5,3,1,4022.4,200,1,4022.2,4,1,4022.1,46,5,4022.8,13,1,4022.9,42,1,4023.0,42,1,4023.2,42,1,4023.3,13,1
11483,2026-07-02 13:35:33+05:30,4022.9,37,4037.06,1468166,161896.0,175341.0,4100.0,4110.0,4012.0,4092.6,25247075,4501.8,3683.4,4440.0,3288.1,4022.6,2,1,4022.5,103,2,4022.4,222,2,4022.2,4,1,4022.1,24,4,4022.7,44,1,4022.9,47,2,4023.1,42,1,4023.3,55,2,4024.0,43,5
11483,2026-07-02 13:35:34+05:30,4022.6,2,4037.06,1468166,161896.0,175341.0,4100.0,4110.0,4012.0,4092.6,25247075,4501.8,3683.4,4440.0,3288.1,4022.6,2,1,4022.5,103,2,4022.4,222,2,4022.2,4,1,4022.1,24,4,4022.7,44,1,4022.9,47,2,4023.1,42,1,4023.3,55,2,4024.0,43,5
11483,2026-07-02 13:35:34+05:30,4022.5,41,4037.06,1468212,161869.0,175353.0,4100.0,4110.0,4012.0,4092.6,25247075,4501.8,3683.4,4440.0,3288.1,4022.5,93,3,4022.4,200,1,4022.2,10,2,4022.1,46,5,4022.0,527,3,4022.6,1,1,4022.7,42,1,4022.9,47,2,4023.1,42,1,4023.3,13,1
11483,2026-07-02 13:35:35+05:30,4022.5,10,4037.06,1468212,161869.0,175353.0,4100.0,4110.0,4012.0,4092.6,25247075,4501.8,3683.4,4440.0,3288.1,4022.5,93,3,4022.4,200,1,4022.2,10,2,4022.1,46,5,4022.0,527,3,4022.6,1,1,4022.7,42,1,4022.9,47,2,4023.1,42,1,4023.3,13,1
11483,2026-07-02 13:35:35+05:30,4022.6,2,4037.06,1468301,161818.0,175298.0,4100.0,4110.0,4012.0,4092.6,25247075,4501.8,3683.4,4440.0,3288.1,4022.5,35,3,4022.4,200,1,4022.2,6,1,4022.1,44,5,4022.0,527,3,4022.6,1,1,4022.7,42,1,4022.9,47,2,4023.1,42,1,4023.3,13,1
11483,2026-07-02 13:35:36+05:30,4022.5,50,4037.06,1468301,161818.0,175298.0,4100.0,4110.0,4012.0,4092.6,25247075,4501.8,3683.4,4440.0,3288.1,4022.5,35,3,4022.4,200,1,4022.2,6,1,4022.1,44,5,4022.0,527,3,4022.6,1,1,4022.7,42,1,4022.9,47,2,4023.1,42,1,4023.3,13,1
11483,2026-07-02 13:35:36+05:30,4022.5,50,4037.06,1468388,161632.0,175387.0,4100.0,4110.0,4012.0,4092.6,25247075,4501.8,3683.4,4440.0,3288.1,4022.4,200,1,4022.2,28,2,4022.1,22,4,4022.0,527,3,4021.9,15,1,4022.5,4,1,4022.6,2,2,4022.7,42,1,4022.9,47,2,4023.1,42,1
11483,2026-07-02 13:35:37+05:30,4022.5,1,4037.06,1468388,161632.0,175387.0,4100.0,4110.0,4012.0,4092.6,25247075,4501.8,3683.4,4440.0,3288.1,4022.4,200,1,4022.2,28,2,4022.1,22,4,4022.0,527,3,4021.9,15,1,4022.5,4,1,4022.6,2,2,4022.7,42,1,4022.9,47,2,4023.1,42,1
11483,2026-07-02 13:35:37+05:30,4023.0,16,4037.05,1468539,161356.0,174217.0,4100.0,4110.0,4012.0,4092.6,25247075,4501.8,3683.4,4440.0,3288.1,4023.0,10,1,4022.9,79,5,4022.8,55,4,4022.7,6,2,4022.6,46,3,4024.1,26,1,4024.7,15,2,4024.8,13,1,4024.9,52,1,4025.0,79,2
11483,2026-07-02 13:35:38+05:30,4023.0,4,4037.05,1468539,161356.0,174217.0,4100.0,4110.0,4012.0,4092.6,25247075,4501.8,3683.4,4440.0,3288.1,4023.0,10,1,4022.9,79,5,4022.8,55,4,4022.7,6,2,4022.6,46,3,4024.1,26,1,4024.7,15,2,4024.8,13,1,4024.9,52,1,4025.0,79,2
11483,2026-07-02 13:35:38+05:30,4023.0,4,4037.05,1468557,161276.0,174282.0,4100.0,4110.0,4012.0,4092.6,25247075,4501.8,3683.4,4440.0,3288.1,4022.9,56,3,4022.8,10,1,4022.7,32,4,4022.6,98,5,4022.5,41,4,4024.1,26,1,4024.7,15,2,4024.8,13,1,4024.9,27,1,4025.0,56,1
11483,2026-07-02 13:35:39+05:30,4024.1,2,4037.05,1468557,161276.0,174282.0,4100.0,4110.0,4012.0,4092.6,25247075,4501.8,3683.4,4440.0,3288.1,4022.9,56,3,4022.8,10,1,4022.7,32,4,4022.6,98,5,4022.5,41,4,4024.1,26,1,4024.7,15,2,4024.8,13,1,4024.9,27,1,4025.0,56,1
11483,2026-07-02 13:35:39+05:30,4024.1,2,4037.05,1468575,161567.0,174560.0,4100.0,4110.0,4012.0,4092.6,25247075,4501.8,3683.4,4440.0,3288.1,4023.9,81,1,4023.8,42,1,4023.7,42,1,4023.5,43,2,4023.4,23,1,4024.1,11,1,4024.7,2,1,4025.0,56,1,4025.1,32,3,4025.2,12,2
11483,2026-07-02 13:35:40+05:30,4023.9,1,4037.05,1468575,161567.0,174560.0,4100.0,4110.0,4012.0,4092.6,25247075,4501.8,3683.4,4440.0,3288.1,4023.9,81,1,4023.8,42,1,4023.7,42,1,4023.5,43,2,4023.4,23,1,4024.1,11,1,4024.7,2,1,4025.0,56,1,4025.1,32,3,4025.2,12,2
11483,2026-07-02 13:35:40+05:30,4023.9,1,4037.05,1468579,161481.0,174614.0,4100.0,4110.0,4012.0,4092.6,25247075,4501.8,3683.4,4440.0,3288.1,4024.0,42,1,4023.9,42,1,4023.7,42,1,4023.5,43,2,4023.2,42,2,4024.1,11,1,4024.9,2,1,4025.0,134,2,4025.1,11,1,4025.2,10,1
11483,2026-07-02 13:35:41+05:30,4024.0,1,4037.05,1468579,161481.0,174614.0,4100.0,4110.0,4012.0,4092.6,25247075,4501.8,3683.4,4440.0,3288.1,4024.0,42,1,4023.9,42,1,4023.7,42,1,4023.5,43,2,4023.2,42,2,4024.1,11,1,4024.9,2,1,4025.0,134,2,4025.1,11,1,4025.2,10,1
11483,2026-07-02 13:35:41+05:30,4024.1,76,4037.05,1468660,161313.0,174562.0,4100.0,4110.0,4012.0,4092.6,25247075,4501.8,3683.4,4440.0,3288.1,4024.0,41,1,4023.9,42,1,4023.7,42,1,4023.6,23,1,4023.5,43,2,4024.1,47,1,4024.9,2,1,4025.0,134,2,4025.1,11,1,4025.3,9,3
11483,2026-07-02 13:35:42+05:30,4024.0,1,4037.05,1468660,161313.0,174562.0,4100.0,4110.0,4012.0,4092.6,25247075,4501.8,3683.4,4440.0,3288.1,4024.0,41,1,4023.9,42,1,4023.7,42,1,4023.6,23,1,4023.5,43,2,4024.1,47,1,4024.9,2,1,4025.0,134,2,4025.1,11,1,4025.3,9,3
11483,2026-07-02 13:35:42+05:30,4023.9,39,4037.05,1468811,161305.0,174824.0,4100.0,4110.0,4012.0,4092.6,25247075,4501.8,3683.4,4440.0,3288.1,4023.9,3,1,4023.7,42,1,4023.5,43,2,4023.1,25,2,4023.0,22,2,4024.1,47,1,4024.9,5,2,4025.0,134,2,4025.1,33,2,4025.3,6,2
11483,2026-07-02 13:35:43+05:30,4023.7,1,4037.05,1468811,161305.0,174824.0,4100.0,4110.0,4012.0,4092.6,25247075,4501.8,3683.4,4440.0,3288.1,4023.9,3,1,4023.7,42,1,4023.5,43,2,4023.1,25,2,4023.0,22,2,4024.1,47,1,4024.9,5,2,4025.0,134,2,4025.1,33,2,4025.3,6,2
11483,2026-07-02 13:35:43+05:30,4023.7,1,4037.05,1468830,161258.0,174774.0,4100.0,4110.0,4012.0,4092.6,25247075,4501.8,3683.4,4440.0,3288.1,4024.0,7,1,4023.7,41,1,4023.5,1,1,4023.4,42,1,4023.1,7,1,4024.1,47,1,4024.8,3,1,4024.9,52,3,4025.0,134,2,4025.1,45,3
11483,2026-07-02 13:35:44+05:30,4024.1,2,4037.05,1468830,161258.0,174774.0,4100.0,4110.0,4012.0,4092.6,25247075,4501.8,3683.4,4440.0,3288.1,4024.0,7,1,4023.7,41,1,4023.5,1,1,4023.4,42,1,4023.1,7,1,4024.1,47,1,4024.8,3,1,4024.9,52,3,4025.0,134,2,4025.1,45,3
11483,2026-07-02 13:35:44+05:30,4024.1,2,4037.05,1468836,161369.0,174614.0,4100.0,4110.0,4012.0,4092.6,25247075,4501.8,3683.4,4440.0,3288.1,4024.0,42,1,4023.9,42,1,4023.7,41,1,4023.5,42,1,4023.1,62,3,4024.1,45,1,4024.9,2,1,4025.0,134,2,4025.1,33,2,4025.3,4,2
11483,2026-07-02 13:35:45+05:30,4024.1,3,4037.05,1468836,161369.0,174614.0,4100.0,4110.0,4012.0,4092.6,25247075,4501.8,3683.4,4440.0,3288.1,4024.0,42,1,4023.9,42,1,4023.7,41,1,4023.5,42,1,4023.1,62,3,4024.1,45,1,4024.9,2,1,4025.0,134,2,4025.1,33,2,4025.3,4,2
11483,2026-07-02 13:35:45+05:30,4024.1,3,4037.05,1468839,161370.0,174619.0,4100.0,4110.0,4012.0,4092.6,25247075,4501.8,3683.4,4440.0,3288.1,4024.0,42,1,4023.9,42,1,4023.7,41,1,4023.5,42,1,4023.1,62,3,4024.1,44,2,4024.9,4,2,4025.0,134,2,4025.1,33,2,4025.3,4,2
11483,2026-07-02 13:35:46+05:30,4024.1,24,4037.05,1468839,161370.0,174619.0,4100.0,4110.0,4012.0,4092.6,25247075,4501.8,3683.4,4440.0,3288.1,4024.0,42,1,4023.9,42,1,4023.7,41,1,4023.5,42,1,4023.1,62,3,4024.1,44,2,4024.9,4,2,4025.0,134,2,4025.1,33,2,4025.3,4,2
11483,2026-07-02 13:35:46+05:30,4024.1,24,4037.05,1468908,161908.0,174389.0,4100.0,4110.0,4012.0,4092.6,25247075,4501.8,3683.4,4440.0,3288.1,4024.1,20,3,4024.0,41,1,4023.9,42,1,4023.7,41,1,4023.6,22,1,4025.0,136,3,4025.1,11,1,4025.3,1,1,4025.4,62,3,4025.5,3,1
11483,2026-07-02 13:35:47+05:30,4024.1,5,4037.05,1468908,161908.0,174389.0,4100.0,4110.0,4012.0,4092.6,25247075,4501.8,3683.4,4440.0,3288.1,4024.1,20,3,4024.0,41,1,4023.9,42,1,4023.7,41,1,4023.6,22,1,4025.0,136,3,4025.1,11,1,4025.3,1,1,4025.4,62,3,4025.5,3,1
11483,2026-07-02 13:35:47+05:30,4024.1,5,4037.05,1468921,162003.0,174197.0,4100.0,4110.0,4012.0,4092.6,25247075,4501.8,3683.4,4440.0,3288.1,4024.6,5,1,4024.4,42,1,4024.1,2,2,4024.0,83,2,4023.7,41,1,4025.0,136,3,4025.3,1,1,4025.4,62,3,4025.5,3,1,4025.6,9,2
11483,2026-07-02 13:35:48+05:30,4024.6,2,4037.05,1468921,162003.0,174197.0,4100.0,4110.0,4012.0,4092.6,25247075,4501.8,3683.4,4440.0,3288.1,4024.6,5,1,4024.4,42,1,4024.1,2,2,4024.0,83,2,4023.7,41,1,4025.0,136,3,4025.3,1,1,4025.4,62,3,4025.5,3,1,4025.6,9,2
11483,2026-07-02 13:35:48+05:30,4024.8,3,4037.05,1468926,162313.0,173558.0,4100.0,4110.0,4012.0,4092.6,25247075,4501.8,3683.4,4440.0,3288.1,4024.7,42,1,4024.3,42,1,4024.1,2,2,4024.0,41,1,4023.7,41,1,4024.8,347,2,4025.0,69,2,4025.2,11,1,4025.3,1,1,4025.4,13,1
11483,2026-07-02 13:35:49+05:30,4024.7,42,4037.05,1468926,162313.0,173558.0,4100.0,4110.0,4012.0,4092.6,25247075,4501.8,3683.4,4440.0,3288.1,4024.7,42,1,4024.3,42,1,4024.1,2,2,4024.0,41,1,4023.7,41,1,4024.8,347,2,4025.0,69,2,4025.2,11,1,4025.3,1,1,4025.4,13,1
11483,2026-07-02 13:35:49+05:30,4025.0,39,4037.05,1469007,162441.0,173279.0,4100.0,4110.0,4012.0,4092.6,25247075,4501.8,3683.4,4440.0,3288.1,4024.8,2,2,4024.4,42,1,4024.1,1,1,4024.0,41,1,4023.7,43,2,4025.0,17,1,4025.2,11,1,4025.3,1,1,4025.4,13,1,4025.6,8,1
11483,2026-07-02 13:35:50+05:30,4024.8,8,4037.05,1469007,162441.0,173279.0,4100.0,4110.0,4012.0,4092.6,25247075,4501.8,3683.4,4440.0,3288.1,4024.8,2,2,4024.4,42,1,4024.1,1,1,4024.0,41,1,4023.7,43,2,4025.0,17,1,4025.2,11,1,4025.3,1,1,4025.4,13,1,4025.6,8,1
11483,2026-07-02 13:35:50+05:30,4024.9,4,4037.05,1469119,162520.0,173007.0,4100.0,4110.0,4012.0,4092.6,25247075,4501.8,3683.4,4440.0,3288.1,4024.9,16,1,4024.8,42,1,4024.4,42,1,4024.1,40,2,4024.0,73,2,4025.0,56,1,4025.2,11,1,4025.3,1,1,4025.7,5,1,4025.8,9,1
11483,2026-07-02 13:35:51+05:30,4024.9,13,4037.05,1469119,162520.0,173007.0,4100.0,4110.0,4012.0,4092.6,25247075,4501.8,3683.4,4440.0,3288.1,4024.9,16,1,4024.8,42,1,4024.4,42,1,4024.1,40,2,4024.0,73,2,4025.0,56,1,4025.2,11,1,4025.3,1,1,4025.7,5,1,4025.8,9,1
11483,2026-07-02 13:35:51+05:30,4025.0,1,4037.05,1469140,162334.0,173232.0,4100.0,4110.0,4012.0,4092.6,25247075,4501.8,3683.4,4440.0,3288.1,4024.9,3,1,4024.1,39,1,4023.7,2,1,4023.6,54,2,4023.5,2,1,4025.0,48,1,4025.2,11,1,4025.3,1,1,4025.7,21,3,4025.8,9,1
11483,2026-07-02 13:35:52+05:30,4024.9,3,4037.05,1469140,162334.0,173232.0,4100.0,4110.0,4012.0,4092.6,25247075,4501.8,3683.4,4440.0,3288.1,4024.9,3,1,4024.1,39,1,4023.7,2,1,4023.6,54,2,4023.5,2,1,4025.0,48,1,4025.2,11,1,4025.3,1,1,4025.7,21,3,4025.8,9,1
11483,2026-07-02 13:35:52+05:30,4024.9,3,4037.05,1469143,163176.0,173232.0,4100.0,4110.0,4012.0,4092.6,25247075,4501.8,3683.4,4440.0,3288.1,4024.1,2,1,4023.7,41,2,4023.6,54,2,4023.5,40,2,4023.4,13,1,4025.0,48,1,4025.2,11,1,4025.3,1,1,4025.7,32,4,4025.8,15,2
11483,2026-07-02 13:35:53+05:30,4023.7,11,4037.05,1469143,163176.0,173232.0,4100.0,4110.0,4012.0,4092.6,25247075,4501.8,3683.4,4440.0,3288.1,4024.1,2,1,4023.7,41,2,4023.6,54,2,4023.5,40,2,4023.4,13,1,4025.0,48,1,4025.2,11,1,4025.3,1,1,4025.7,32,4,4025.8,15,2
11483,2026-07-02 13:35:53+05:30,4023.7,11,4037.05,1469160,162944.0,173872.0,4100.0,4110.0,4012.0,4092.6,25247075,4501.8,3683.4,4440.0,3288.1,4023.4,86,3,4023.3,36,2,4023.2,59,3,4023.1,70,2,4023.0,23,1,4024.7,15,1,4025.0,61,3,4025.2,16,2,4025.3,4,2,4025.4,25,2
11483,2026-07-02 13:35:54+05:30,4023.2,5,4037.05,1469160,162944.0,173872.0,4100.0,4110.0,4012.0,4092.6,25247075,4501.8,3683.4,4440.0,3288.1,4023.4,86,3,4023.3,36,2,4023.2,59,3,4023.1,70,2,4023.0,23,1,4024.7,15,1,4025.0,61,3,4025.2,16,2,4025.3,4,2,4025.4,25,2
11483,2026-07-02 13:35:54+05:30,4023.2,12,4037.05,1469346,162923.0,173932.0,4100.0,4110.0,4012.0,4092.6,25247075,4501.8,3683.4,4440.0,3288.1,4023.2,107,5,4023.1,32,1,4023.0,5,1,4022.9,15,1,4022.8,62,3,4024.7,16,2,4025.0,61,3,4025.2,16,2,4025.3,4,2,4025.4,25,2
11483,2026-07-02 13:35:55+05:30,4023.2,9,4037.05,1469346,162923.0,173932.0,4100.0,4110.0,4012.0,4092.6,25247075,4501.8,3683.4,4440.0,3288.1,4023.2,107,5,4023.1,32,1,4023.0,5,1,4022.9,15,1,4022.8,62,3,4024.7,16,2,4025.0,61,3,4025.2,16,2,4025.3,4,2,4025.4,25,2
11483,2026-07-02 13:35:55+05:30,4023.2,9,4037.05,1469369,162831.0,173941.0,4100.0,4110.0,4012.0,4092.6,25247075,4501.8,3683.4,4440.0,3288.1,4023.4,13,1,4023.3,36,3,4023.2,69,3,4023.1,32,1,4023.0,23,1,4024.7,16,2,4025.0,61,3,4025.2,16,2,4025.3,4,2,4025.4,25,2
11483,2026-07-02 13:35:56+05:30,4023.4,2,4037.05,1469369,162831.0,173941.0,4100.0,4110.0,4012.0,4092.6,25247075,4501.8,3683.4,4440.0,3288.1,4023.4,13,1,4023.3,36,3,4023.2,69,3,4023.1,32,1,4023.0,23,1,4024.7,16,2,4025.0,61,3,4025.2,16,2,4025.3,4,2,4025.4,25,2
11483,2026-07-02 13:35:56+05:30,4023.4,2,4037.05,1469371,162884.0,173918.0,4100.0,4110.0,4012.0,4092.6,25247075,4501.8,3683.4,4440.0,3288.1,4023.5,69,4,4023.4,72,3,4023.3,8,1,4023.2,70,3,4023.1,32,1,4024.7,16,2,4025.0,51,2,4025.2,16,2,4025.3,1,1,4025.4,12,1
11483,2026-07-02 13:35:57+05:30,4023.5,1,4037.05,1469371,162884.0,173918.0,4100.0,4110.0,4012.0,4092.6,25247075,4501.8,3683.4,4440.0,3288.1,4023.5,69,4,4023.4,72,3,4023.3,8,1,4023.2,70,3,4023.1,32,1,4024.7,16,2,4025.0,51,2,4025.2,16,2,4025.3,1,1,4025.4,12,1
11483,2026-07-02 13:35:57+05:30,4024.7,2,4037.05,1469374,162902.0,173928.0,4100.0,4110.0,4012.0,4092.6,25247075,4501.8,3683.4,4440.0,3288.1,4023.5,46,3,4023.4,32,1,4023.3,8,1,4023.2,91,4,4023.1,32,1,4024.7,14,2,4025.0,78,3,4025.2,16,2,4025.3,4,2,4025.4,12,1
11483,2026-07-02 13:35:58+05:30,4024.7,2,4037.05,1469374,162902.0,173928.0,4100.0,4110.0,4012.0,4092.6,25247075,4501.8,3683.4,4440.0,3288.1,4023.5,46,3,4023.4,32,1,4023.3,8,1,4023.2,91,4,4023.1,32,1,4024.7,14,2,4025.0,78,3,4025.2,16,2,4025.3,4,2,4025.4,12,1
11483,2026-07-02 13:35:58+05:30,4024.9,7,4037.05,1469413,162466.0,173744.0,4100.0,4110.0,4012.0,4092.6,25247075,4501.8,3683.4,4440.0,3288.1,4024.7,6,1,4023.6,94,4,4023.5,126,5,4023.4,22,2,4023.3,48,1,4024.9,5,1,4025.0,73,2,4025.1,13,1,4025.3,1,1,4025.4,19,2
11483,2026-07-02 13:35:59+05:30,4024.9,5,4037.05,1469413,162466.0,173744.0,4100.0,4110.0,4012.0,4092.6,25247075,4501.8,3683.4,4440.0,3288.1,4024.7,6,1,4023.6,94,4,4023.5,126,5,4023.4,22,2,4023.3,48,1,4024.9,5,1,4025.0,73,2,4025.1,13,1,4025.3,1,1,4025.4,19,2
11483,2026-07-02 13:35:59+05:30,4024.9,5,4037.05,1469423,162439.0,173771.0,4100.0,4110.0,4012.0,4092.6,25247075,4501.8,3683.4,4440.0,3288.1,4024.8,1,1,4024.7,1,1,4023.7,7,1,4023.6,94,4,4023.5,126,5,4024.9,12,1,4025.0,73,2,4025.1,13,1,4025.3,1,1,4025.4,19,2
11483,2026-07-02 13:36:00+05:30,4024.8,1,4037.05,1469423,162439.0,173771.0,4100.0,4110.0,4012.0,4092.6,25247075,4501.8,3683.4,4440.0,3288.1,4024.8,1,1,4024.7,1,1,4023.7,7,1,4023.6,94,4,4023.5,126,5,4024.9,12,1,4025.0,73,2,4025.1,13,1,4025.3,1,1,4025.4,19,2
11483,2026-07-02 13:36:00+05:30,4024.9,3,4037.05,1469443,162179.0,173368.0,4100.0,4110.0,4012.0,4092.6,25247075,4501.8,3683.4,4440.0,3288.1,4024.7,2,1,4023.5,14,2,4023.4,12,1,4023.2,22,1,4023.1,44,2,4024.9,6,1,4025.0,89,4,4025.1,8,2,4025.2,8,2,4025.3,12,3
11483,2026-07-02 13:36:01+05:30,4024.9,1,4037.05,1469443,162179.0,173368.0,4100.0,4110.0,4012.0,4092.6,25247075,4501.8,3683.4,4440.0,3288.1,4024.7,2,1,4023.5,14,2,4023.4,12,1,4023.2,22,1,4023.1,44,2,4024.9,6,1,4025.0,89,4,4025.1,8,2,4025.2,8,2,4025.3,12,3
11483,2026-07-02 13:36:01+05:30,4024.9,46,4037.05,1469492,161699.0,173975.0,4100.0,4110.0,4012.0,4092.6,25247075,4501.8,3683.4,4440.0,3288.1,4023.5,14,2,4023.1,44,2,4023.0,22,2,4022.9,15,1,4022.8,44,2,4024.9,15,2,4025.0,86,3,4025.2,56,3,4025.3,12,3,4025.4,18,2
11483,2026-07-02 13:36:02+05:30,4023.5,1,4037.05,1469492,161699.0,173975.0,4100.0,4110.0,4012.0,4092.6,25247075,4501.8,3683.4,4440.0,3288.1,4023.5,14,2,4023.1,44,2,4023.0,22,2,4022.9,15,1,4022.8,44,2,4024.9,15,2,4025.0,86,3,4025.2,56,3,4025.3,12,3,4025.4,18,2
11483,2026-07-02 13:36:02+05:30,4023.5,1,4037.05,1469499,162802.0,174161.0,4100.0,4110.0,4012.0,4092.6,25247075,4501.8,3683.4,4440.0,3288.1,4023.2,7,1,4023.1,18,2,4023.0,16,2,4022.9,14,1,4022.8,90,4,4024.8,49,4,4024.9,17,3,4025.0,86,3,4025.1,33,1,4025.2,9,2
11483,2026-07-02 13:36:03+05:30,4023.2,1,4037.05,1469499,162802.0,174161.0,4100.0,4110.0,4012.0,4092.6,25247075,4501.8,3683.4,4440.0,3288.1,4023.2,7,1,4023.1,18,2,4023.0,16,2,4022.9,14,1,4022.8,90,4,4024.8,49,4,4024.9,17,3,4025.0,86,3,4025.1,33,1,4025.2,9,2
11483,2026-07-02 13:36:03+05:30,4023.2,1,4037.05,1469500,163115.0,174064.0,4100.0,4110.0,4012.0,4092.6,25247075,4501.8,3683.4,4440.0,3288.1,4023.5,20,2,4023.4,26,2,4023.3,88,4,4023.2,38,2,4023.1,72,3,4024.8,20,2,4024.9,14,2,4025.0,73,2,4025.3,14,4,4025.4,18,2
11483,2026-07-02 13:36:04+05:30,4023.2,1,4037.05,1469500,163109.0,174023.0,4100.0,4110.0,4012.0,4092.6,25247075,4501.8,3683.4,4440.0,3288.1,4023.5,20,2,4023.4,26,2,4023.3,66,3,4023.2,38,2,4023.1,72,3,4024.8,20,2,4024.9,14,2,4025.0,273,3,4025.2,3,1,4025.3,14,4
11483,2026-07-02 13:36:05+05:30,4023.2,1,4037.05,1469500,162978.0,173977.0,4100.0,4110.0,4012.0,4092.6,25247075,4501.8,3683.4,4440.0,3288.1,4023.5,20,2,4023.3,43,2,4023.2,58,3,4023.1,8,1,4023.0,1050,3,4024.8,20,2,4024.9,14,2,4025.0,273,3,4025.2,3,1,4025.3,14,4
11483,2026-07-02 13:36:06+05:30,4024.8,1,4037.05,1469508,163491.0,173953.0,4100.0,4110.0,4012.0,4092.6,25247075,4501.8,3683.4,4440.0,3288.1,4023.5,20,2,4023.4,50,2,4023.3,114,4,4023.2,132,6,4023.1,8,1,4024.8,12,2,4024.9,14,2,4025.0,273,3,4025.3,12,3,4025.4,31,3
11483,2026-07-02 13:36:07+05:30,4023.5,1,4037.05,1469508,163491.0,173953.0,4100.0,4110.0,4012.0,4092.6,25247075,4501.8,3683.4,4440.0,3288.1,4023.5,20,2,4023.4,50,2,4023.3,114,4,4023.2,132,6,4023.1,8,1,4024.8,12,2,4024.9,14,2,4025.0,273,3,4025.3,12,3,4025.4,31,3
11483,2026-07-02 13:36:07+05:30,4024.8,1,4037.05,1469510,163485.0,173999.0,4100.0,4110.0,4012.0,4092.6,25247075,4501.8,3683.4,4440.0,3288.1,4023.5,19,2,4023.4,50,2,4023.3,114,4,4023.2,112,5,4023.1,8,1,4024.8,13,3,4024.9,12,1,4025.0,273,3,4025.3,12,3,4025.4,31,3
11483,2026-07-02 13:36:08+05:30,4024.8,1,4037.05,1469510,163485.0,173999.0,4100.0,4110.0,4012.0,4092.6,25247075,4501.8,3683.4,4440.0,3288.1,4023.5,19,2,4023.4,50,2,4023.3,114,4,4023.2,112,5,4023.1,8,1,4024.8,13,3,4024.9,12,1,4025.0,273,3,4025.3,12,3,4025.4,31,3
11483,2026-07-02 13:36:08+05:30,4024.8,1,4037.05,1469510,163365.0,173982.0,4100.0,4110.0,4012.0,4092.6,25247075,4501.8,3683.4,4440.0,3288.1,4023.5,19,2,4023.4,48,1,4023.3,116,5,4023.2,96,4,4023.1,56,2,4024.8,16,4,4024.9,12,1,4025.0,273,3,4025.3,12,3,4025.4,31,3
11483,2026-07-02 13:36:09+05:30,4024.8,2,4037.05,1469510,163365.0,173982.0,4100.0,4110.0,4012.0,4092.6,25247075,4501.8,3683.4,4440.0,3288.1,4023.5,19,2,4023.4,48,1,4023.3,116,5,4023.2,96,4,4023.1,56,2,4024.8,16,4,4024.9,12,1,4025.0,273,3,4025.3,12,3,4025.4,31,3
11483,2026-07-02 13:36:09+05:30,4024.8,2,4037.05,1469512,163799.0,174014.0,4100.0,4110.0,4012.0,4092.6,25247075,4501.8,3683.4,4440.0,3288.1,4024.1,1,1,4023.5,10,1,4023.3,62,4,4023.2,78,2,4023.1,68,3,4024.4,31,1,4024.5,42,1,4024.6,42,1,4024.8,44,2,4024.9,12,1
11483,2026-07-02 13:36:10+05:30,4024.1,1,4037.05,1469512,163799.0,174014.0,4100.0,4110.0,4012.0,4092.6,25247075,4501.8,3683.4,4440.0,3288.1,4024.1,1,1,4023.5,10,1,4023.3,62,4,4023.2,78,2,4023.1,68,3,4024.4,31,1,4024.5,42,1,4024.6,42,1,4024.8,44,2,4024.9,12,1
11483,2026-07-02 13:36:10+05:30,4024.0,2,4037.05,1469515,162970.0,174436.0,4100.0,4110.0,4012.0,4092.6,25247075,4501.8,3683.4,4440.0,3288.1,4023.3,2,1,4023.2,78,2,4023.1,8,1,4023.0,1000,1,4022.9,2,1,4023.5,2,1,4024.0,40,1,4024.1,42,1,4024.3,42,1,4024.5,42,1
11483,2026-07-02 13:36:11+05:30,4023.3,2,4037.05,1469515,162970.0,174436.0,4100.0,4110.0,4012.0,4092.6,25247075,4501.8,3683.4,4440.0,3288.1,4023.3,2,1,4023.2,78,2,4023.1,8,1,4023.0,1000,1,4022.9,2,1,4023.5,2,1,4024.0,40,1,4024.1,42,1,4024.3,42,1,4024.5,42,1
11483,2026-07-02 13:36:11+05:30,4023.3,1,4037.05,1469523,162920.0,174456.0,4100.0,4110.0,4012.0,4092.6,25247075,4501.8,3683.4,4440.0,3288.1,4023.2,65,3,4023.0,1000,1,4022.9,2,1,4022.8,55,2,4022.7,12,2,4023.3,21,1,4023.5,45,3,4023.7,42,1,4023.9,42,1,4024.0,40,1
11483,2026-07-02 13:36:12+05:30,4023.2,21,4037.05,1469523,162920.0,174456.0,4100.0,4110.0,4012.0,4092.6,25247075,4501.8,3683.4,4440.0,3288.1,4023.2,65,3,4023.0,1000,1,4022.9,2,1,4022.8,55,2,4022.7,12,2,4023.3,21,1,4023.5,45,3,4023.7,42,1,4023.9,42,1,4024.0,40,1
11483,2026-07-02 13:36:12+05:30,4023.2,21,4037.05,1469545,162908.0,174295.0,4100.0,4110.0,4012.0,4092.6,25247075,4501.8,3683.4,4440.0,3288.1,4023.2,28,1,4023.1,2,1,4023.0,1017,2,4022.9,2,1,4022.8,55,2,4023.3,3,1,4023.4,42,1,4023.5,3,2,4023.6,42,1,4023.8,42,1
11483,2026-07-02 13:36:13+05:30,4023.2,25,4037.05,1469545,162908.0,174295.0,4100.0,4110.0,4012.0,4092.6,25247075,4501.8,3683.4,4440.0,3288.1,4023.2,28,1,4023.1,2,1,4023.0,1017,2,4022.9,2,1,4022.8,55,2,4023.3,3,1,4023.4,42,1,4023.5,3,2,4023.6,42,1,4023.8,42,1
11483,2026-07-02 13:36:13+05:30,4023.5,39,4037.04,1469727,161985.0,174282.0,4100.0,4110.0,4012.0,4092.6,25247075,4501.8,3683.4,4440.0,3288.1,4023.5,31,1,4023.0,1000,1,4022.7,42,2,4022.6,30,1,4022.5,14,3,4023.9,42,1,4024.0,40,1,4024.1,42,1,4024.3,19,2,4024.5,13,1
11483,2026-07-02 13:36:14+05:30,4023.5,22,4037.04,1469727,161985.0,174282.0,4100.0,4110.0,4012.0,4092.6,25247075,4501.8,3683.4,4440.0,3288.1,4023.5,31,1,4023.0,1000,1,4022.7,42,2,4022.6,30,1,4022.5,14,3,4023.9,42,1,4024.0,40,1,4024.1,42,1,4024.3,19,2,4024.5,13,1
11483,2026-07-02 13:36:14+05:30,4023.5,22,4037.04,1469727,161985.0,174282.0,4100.0,4110.0,4012.0,4092.6,25247075,4501.8,3683.4,4440.0,3288.1,4023.5,31,1,4023.0,1000,1,4022.7,42,2,4022.6,30,1,4022.5,14,3,4023.9,42,1,4024.0,40,1,4024.1,42,1,4024.3,19,2,4024.5,13,1
11483,2026-07-02 13:36:14+05:30,4023.5,22,4037.04,1469749,162271.0,174038.0,4100.0,4110.0,4012.0,4092.6,25247075,4501.8,3683.4,4440.0,3288.1,4023.5,9,1,4023.1,14,1,4023.0,1000,1,4022.8,13,1,4022.7,42,2,4024.4,36,4,4024.5,27,4,4024.6,21,2,4024.8,29,4,4024.9,15,2
11483,2026-07-02 13:36:15+05:30,4023.5,2,4037.04,1469749,162271.0,174038.0,4100.0,4110.0,4012.0,4092.6,25247075,4501.8,3683.4,4440.0,3288.1,4023.5,9,1,4023.1,14,1,4023.0,1000,1,4022.8,13,1,4022.7,42,2,4024.4,36,4,4024.5,27,4,4024.6,21,2,4024.8,29,4,4024.9,15,2
11483,2026-07-02 13:36:15+05:30,4023.5,2,4037.04,1469749,162271.0,174038.0,4100.0,4110.0,4012.0,4092.6,25247075,4501.8,3683.4,4440.0,3288.1,4023.5,9,1,4023.1,14,1,4023.0,1000,1,4022.8,13,1,4022.7,42,2,4024.4,36,4,4024.5,27,4,4024.6,21,2,4024.8,29,4,4024.9,15,2
11483,2026-07-02 13:36:15+05:30,4024.5,17,4037.04,1469878,162269.0,174104.0,4100.0,4110.0,4012.0,4092.6,25247075,4501.8,3683.4,4440.0,3288.1,4023.7,81,1,4023.6,42,1,4023.5,42,1,4023.3,42,1,4023.2,18,1,4024.5,48,4,4024.6,37,3,4024.7,10,1,4024.8,27,3,4024.9,2,1
11483,2026-07-02 13:36:16+05:30,4024.5,3,4037.04,1469878,162269.0,174104.0,4100.0,4110.0,4012.0,4092.6,25247075,4501.8,3683.4,4440.0,3288.1,4023.7,81,1,4023.6,42,1,4023.5,42,1,4023.3,42,1,4023.2,18,1,4024.5,48,4,4024.6,37,3,4024.7,10,1,4024.8,27,3,4024.9,2,1
11483,2026-07-02 13:36:16+05:30,4024.5,3,4037.04,1469878,162269.0,174104.0,4100.0,4110.0,4012.0,4092.6,25247075,4501.8,3683.4,4440.0,3288.1,4023.7,81,1,4023.6,42,1,4023.5,42,1,4023.3,42,1,4023.2,18,1,4024.5,48,4,4024.6,37,3,4024.7,10,1,4024.8,27,3,4024.9,2,1
11483,2026-07-02 13:36:16+05:30,4024.5,3,4037.04,1469899,161935.0,174045.0,4100.0,4110.0,4012.0,4092.6,25247075,4501.8,3683.4,4440.0,3288.1,4024.0,42,1,4023.9,42,1,4023.7,42,1,4023.5,42,1,4023.3,1,1,4024.4,12,2,4024.5,21,2,4024.6,37,3,4024.7,10,1,4024.8,27,3
11483,2026-07-02 13:36:17+05:30,4024.0,2,4037.04,1469899,161935.0,174045.0,4100.0,4110.0,4012.0,4092.6,25247075,4501.8,3683.4,4440.0,3288.1,4024.0,42,1,4023.9,42,1,4023.7,42,1,4023.5,42,1,4023.3,1,1,4024.4,12,2,4024.5,21,2,4024.6,37,3,4024.7,10,1,4024.8,27,3
11483,2026-07-02 13:36:17+05:30,4024.0,2,4037.04,1469899,161935.0,174045.0,4100.0,4110.0,4012.0,4092.6,25247075,4501.8,3683.4,4440.0,3288.1,4024.0,42,1,4023.9,42,1,4023.7,42,1,4023.5,42,1,4023.3,1,1,4024.4,12,2,4024.5,21,2,4024.6,37,3,4024.7,10,1,4024.8,27,3
11483,2026-07-02 13:36:17+05:30,4024.0,2,4037.04,1469901,162534.0,174358.0,4100.0,4110.0,4012.0,4092.6,25247075,4501.8,3683.4,4440.0,3288.1,4024.3,63,1,4024.1,42,1,4024.0,40,1,4023.9,42,1,4023.7,42,1,4024.6,13,1,4024.7,10,1,4024.8,20,3,4025.0,379,5,4025.1,13,1
11483,2026-07-02 13:36:17+05:30,4024.0,2,4037.04,1469901,162534.0,174358.0,4100.0,4110.0,4012.0,4092.6,25247075,4501.8,3683.4,4440.0,3288.1,4024.3,63,1,4024.1,42,1,4024.0,40,1,4023.9,42,1,4023.7,42,1,4024.6,13,1,4024.7,10,1,4024.8,20,3,4025.0,379,5,4025.1,13,1
11483,2026-07-02 13:36:18+05:30,4024.3,1,4037.04,1469901,162534.0,174358.0,4100.0,4110.0,4012.0,4092.6,25247075,4501.8,3683.4,4440.0,3288.1,4024.3,63,1,4024.1,42,1,4024.0,40,1,4023.9,42,1,4023.7,42,1,4024.6,13,1,4024.7,10,1,4024.8,20,3,4025.0,379,5,4025.1,13,1
11483,2026-07-02 13:36:18+05:30,4024.3,1,4037.04,1469901,162534.0,174358.0,4100.0,4110.0,4012.0,4092.6,25248650,4501.8,3683.4,4440.0,3288.1,4024.3,63,1,4024.1,42,1,4024.0,40,1,4023.9,42,1,4023.7,42,1,4024.6,13,1,4024.7,10,1,4024.8,20,3,4025.0,379,5,4025.1,13,1
11483,2026-07-02 13:36:18+05:30,4024.6,1,4037.04,1469903,162476.0,174375.0,4100.0,4110.0,4012.0,4092.6,25248650,4501.8,3683.4,4440.0,3288.1,4024.3,42,1,4024.1,42,1,4024.0,40,1,4023.9,42,1,4023.3,29,3,4024.8,43,3,4024.9,19,2,4025.0,399,7,4025.3,28,4,4025.4,18,2
11483,2026-07-02 13:36:18+05:30,4024.6,1,4037.04,1469903,162476.0,174375.0,4100.0,4110.0,4012.0,4092.6,25248650,4501.8,3683.4,4440.0,3288.1,4024.3,42,1,4024.1,42,1,4024.0,40,1,4023.9,42,1,4023.3,29,3,4024.8,43,3,4024.9,19,2,4025.0,399,7,4025.3,28,4,4025.4,18,2
11483,2026-07-02 13:36:19+05:30,4024.6,1,4037.04,1469903,162476.0,174375.0,4100.0,4110.0,4012.0,4092.6,25248650,4501.8,3683.4,4440.0,3288.1,4024.3,42,1,4024.1,42,1,4024.0,40,1,4023.9,42,1,4023.3,29,3,4024.8,43,3,4024.9,19,2,4025.0,399,7,4025.3,28,4,4025.4,18,2
11483,2026-07-02 13:36:19+05:30,4024.6,1,4037.04,1469903,162476.0,174375.0,4100.0,4110.0,4012.0,4092.6,25248650,4501.8,3683.4,4440.0,3288.1,4024.3,42,1,4024.1,42,1,4024.0,40,1,4023.9,42,1,4023.3,29,3,4024.8,43,3,4024.9,19,2,4025.0,399,7,4025.3,28,4,4025.4,18,2
11483,2026-07-02 13:36:19+05:30,4024.6,1,4037.04,1469903,162575.0,174381.0,4100.0,4110.0,4012.0,4092.6,25248650,4501.8,3683.4,4440.0,3288.1,4024.7,62,1,4024.5,42,1,4024.4,1,1,4024.3,42,1,4024.1,42,1,4024.8,43,3,4024.9,39,2,4025.0,379,5,4025.1,4,1,4025.3,28,4
11483,2026-07-02 13:36:19+05:30,4024.6,1,4037.04,1469903,162575.0,174381.0,4100.0,4110.0,4012.0,4092.6,25248650,4501.8,3683.4,4440.0,3288.1,4024.7,62,1,4024.5,42,1,4024.4,1,1,4024.3,42,1,4024.1,42,1,4024.8,43,3,4024.9,39,2,4025.0,379,5,4025.1,4,1,4025.3,28,4
11483,2026-07-02 13:36:20+05:30,4024.7,1,4037.04,1469903,162575.0,174381.0,4100.0,4110.0,4012.0,4092.6,25248650,4501.8,3683.4,4440.0,3288.1,4024.7,62,1,4024.5,42,1,4024.4,1,1,4024.3,42,1,4024.1,42,1,4024.8,43,3,4024.9,39,2,4025.0,379,5,4025.1,4,1,4025.3,28,4
11483,2026-07-02 13:36:20+05:30,4024.7,1,4037.04,1469903,162575.0,174381.0,4100.0,4110.0,4012.0,4092.6,25248650,4501.8,3683.4,4440.0,3288.1,4024.7,62,1,4024.5,42,1,4024.4,1,1,4024.3,42,1,4024.1,42,1,4024.8,43,3,4024.9,39,2,4025.0,379,5,4025.1,4,1,4025.3,28,4
11483,2026-07-02 13:36:20+05:30,4024.7,1,4037.04,1469904,162772.0,174308.0,4100.0,4110.0,4012.0,4092.6,25248650,4501.8,3683.4,4440.0,3288.1,4024.6,42,1,4024.4,43,2,4024.2,42,1,4024.0,44,2,4023.5,18,1,4024.8,43,3,4024.9,43,3,4025.0,384,6,4025.1,17,2,4025.3,28,4
11483,2026-07-02 13:36:21+05:30,4024.8,9,4037.04,1469904,162772.0,174308.0,4100.0,4110.0,4012.0,4092.6,25248650,4501.8,3683.4,4440.0,3288.1,4024.6,42,1,4024.4,43,2,4024.2,42,1,4024.0,44,2,4023.5,18,1,4024.8,43,3,4024.9,43,3,4025.0,384,6,4025.1,17,2,4025.3,28,4
11483,2026-07-02 13:36:21+05:30,4024.8,9,4037.04,1469965,162767.0,174126.0,4100.0,4110.0,4012.0,4092.6,25248650,4501.8,3683.4,4440.0,3288.1,4024.6,42,1,4024.4,43,2,4024.2,42,1,4024.0,44,2,4023.5,18,1,4024.8,16,1,4024.9,27,3,4025.0,379,5,4025.1,4,1,4025.2,6,1
11483,2026-07-02 13:36:22+05:30,4024.8,41,4037.04,1469965,162767.0,174126.0,4100.0,4110.0,4012.0,4092.6,25248650,4501.8,3683.4,4440.0,3288.1,4024.6,42,1,4024.4,43,2,4024.2,42,1,4024.0,44,2,4023.5,18,1,4024.8,16,1,4024.9,27,3,4025.0,379,5,4025.1,4,1,4025.2,6,1
11483,2026-07-02 13:36:22+05:30,4024.8,41,4037.04,1470013,162903.0,174115.0,4100.0,4110.0,4012.0,4092.6,25248650,4501.8,3683.4,4440.0,3288.1,4024.8,33,1,4024.6,35,1,4024.4,43,2,4024.2,42,1,4024.0,44,2,4024.9,34,4,4025.0,379,5,4025.2,6,1,4025.3,28,4,4025.4,18,2
11483,2026-07-02 13:36:23+05:30,4024.8,6,4037.04,1470013,162903.0,174115.0,4100.0,4110.0,4012.0,4092.6,25248650,4501.8,3683.4,4440.0,3288.1,4024.8,33,1,4024.6,35,1,4024.4,43,2,4024.2,42,1,4024.0,44,2,4024.9,34,4,4025.0,379,5,4025.2,6,1,4025.3,28,4,4025.4,18,2
11483,2026-07-02 13:36:23+05:30,4024.9,1,4037.04,1470020,162988.0,174127.0,4100.0,4110.0,4012.0,4092.6,25248650,4501.8,3683.4,4440.0,3288.1,4024.6,35,1,4024.5,42,1,4024.4,1,1,4024.3,42,1,4024.0,44,2,4024.9,24,4,4025.0,381,6,4025.2,18,2,4025.3,28,4,4025.4,18,2
11483,2026-07-02 13:36:24+05:30,4024.9,1,4037.04,1470020,162988.0,174127.0,4100.0,4110.0,4012.0,4092.6,25248650,4501.8,3683.4,4440.0,3288.1,4024.6,35,1,4024.5,42,1,4024.4,1,1,4024.3,42,1,4024.0,44,2,4024.9,24,4,4025.0,381,6,4025.2,18,2,4025.3,28,4,4025.4,18,2
11483,2026-07-02 13:36:24+05:30,4024.8,9,4037.04,1470049,162977.0,174181.0,4100.0,4110.0,4012.0,4092.6,25248650,4501.8,3683.4,4440.0,3288.1,4024.6,34,1,4024.4,42,1,4024.2,42,1,4024.0,44,2,4023.4,13,1,4024.7,9,1,4024.8,30,4,4024.9,15,4,4025.0,379,5,4025.1,18,2
11483,2026-07-02 13:36:25+05:30,4024.7,9,4037.04,1470049,162977.0,174181.0,4100.0,4110.0,4012.0,4092.6,25248650,4501.8,3683.4,4440.0,3288.1,4024.6,34,1,4024.4,42,1,4024.2,42,1,4024.0,44,2,4023.4,13,1,4024.7,9,1,4024.8,30,4,4024.9,15,4,4025.0,379,5,4025.1,18,2
11483,2026-07-02 13:36:25+05:30,4024.7,9,4037.04,1470061,163068.0,174149.0,4100.0,4110.0,4012.0,4092.6,25248650,4501.8,3683.4,4440.0,3288.1,4024.7,77,2,4024.6,31,1,4024.3,42,1,4024.1,42,1,4024.0,44,2,4024.8,17,3,4024.9,1,1,4025.0,379,5,4025.1,18,2,4025.2,18,2
11483,2026-07-02 13:36:26+05:30,4024.7,8,4037.04,1470061,163068.0,174149.0,4100.0,4110.0,4012.0,4092.6,25248650,4501.8,3683.4,4440.0,3288.1,4024.7,77,2,4024.6,31,1,4024.3,42,1,4024.1,42,1,4024.0,44,2,4024.8,17,3,4024.9,1,1,4025.0,379,5,4025.1,18,2,4025.2,18,2
11483,2026-07-02 13:36:26+05:30,4024.6,7,4037.04,1470249,162875.0,174310.0,4100.0,4110.0,4012.0,4092.6,25248650,4501.8,3683.4,4440.0,3288.1,4024.4,42,1,4024.2,42,1,4024.0,44,2,4023.3,46,5,4023.2,20,2,4024.6,23,4,4024.7,32,5,4024.8,45,6,4024.9,54,5,4025.0,387,7
11483,2026-07-02 13:36:27+05:30,4024.6,5,4037.04,1470249,162875.0,174310.0,4100.0,4110.0,4012.0,4092.6,25248650,4501.8,3683.4,4440.0,3288.1,4024.4,42,1,4024.2,42,1,4024.0,44,2,4023.3,46,5,4023.2,20,2,4024.6,23,4,4024.7,32,5,4024.8,45,6,4024.9,54,5,4025.0,387,7
11483,2026-07-02 13:36:27+05:30,4024.6,71,4037.04,1470385,162864.0,174259.0,4100.0,4110.0,4012.0,4092.6,25248650,4501.8,3683.4,4440.0,3288.1,4024.4,62,2,4024.0,86,3,4023.3,14,4,4023.2,23,2,4023.1,94,5,4024.7,25,4,4024.8,31,4,4024.9,26,3,4025.0,382,6,4025.1,23,3
11483,2026-07-02 13:36:28+05:30,4024.4,4,4037.04,1470385,162864.0,174259.0,4100.0,4110.0,4012.0,4092.6,25248650,4501.8,3683.4,4440.0,3288.1,4024.4,62,2,4024.0,86,3,4023.3,14,4,4023.2,23,2,4023.1,94,5,4024.7,25,4,4024.8,31,4,4024.9,26,3,4025.0,382,6,4025.1,23,3
11483,2026-07-02 13:36:28+05:30,4024.4,2,4037.04,1470436,162911.0,174265.0,4100.0,4110.0,4012.0,4092.6,25248650,4501.8,3683.4,4440.0,3288.1,4024.6,56,1,4024.4,33,1,4024.0,106,4,4023.3,46,5,4023.2,23,2,4024.7,12,4,4024.8,31,4,4024.9,26,3,4025.0,399,7,4025.1,23,3
11483,2026-07-02 13:36:29+05:30,4024.7,1,4037.04,1470436,162911.0,174265.0,4100.0,4110.0,4012.0,4092.6,25248650,4501.8,3683.4,4440.0,3288.1,4024.6,56,1,4024.4,33,1,4024.0,106,4,4023.3,46,5,4023.2,23,2,4024.7,12,4,4024.8,31,4,4024.9,26,3,4025.0,399,7,4025.1,23,3
11483,2026-07-02 13:36:29+05:30,4024.6,11,4037.04,1470461,162874.0,174278.0,4100.0,4110.0,4012.0,4092.6,25248650,4501.8,3683.4,4440.0,3288.1,4024.6,39,1,4024.5,1,1,4024.4,33,1,4024.1,42,1,4024.0,64,3,4024.7,42,10,4024.8,12,3,4024.9,43,4,4025.0,382,6,4025.1,23,3
11483,2026-07-02 13:36:30+05:30,4024.5,1,4037.04,1470461,162874.0,174278.0,4100.0,4110.0,4012.0,4092.6,25248650,4501.8,3683.4,4440.0,3288.1,4024.6,39,1,4024.5,1,1,4024.4,33,1,4024.1,42,1,4024.0,64,3,4024.7,42,10,4024.8,12,3,4024.9,43,4,4025.0,382,6,4025.1,23,3
11483,2026-07-02 13:36:30+05:30,4024.5,1,4037.04,1470502,162869.0,174324.0,4100.0,4110.0,4012.0,4092.6,25248650,4501.8,3683.4,4440.0,3288.1,4024.4,33,1,4024.1,42,1,4024.0,74,4,4023.9,42,1,4023.5,930,1,4024.5,22,6,4024.6,47,6,4024.7,40,9,4024.8,30,5,4024.9,20,3
11483,2026-07-02 13:36:31+05:30,4024.4,3,4037.04,1470502,162869.0,174324.0,4100.0,4110.0,4012.0,4092.6,25248650,4501.8,3683.4,4440.0,3288.1,4024.4,33,1,4024.1,42,1,4024.0,74,4,4023.9,42,1,4023.5,930,1,4024.5,22,6,4024.6,47,6,4024.7,40,9,4024.8,30,5,4024.9,20,3
11483,2026-07-02 13:36:31+05:30,4024.4,1,4037.04,1470517,161882.0,174610.0,4100.0,4110.0,4012.0,4092.6,25248650,4501.8,3683.4,4440.0,3288.1,4024.0,34,3,4023.5,930,1,4023.3,14,4,4022.8,13,1,4022.7,42,2,4024.2,53,6,4024.3,60,8,4024.4,7,2,4024.5,71,8,4024.6,34,4
11483,2026-07-02 13:36:32+05:30,4024.0,1,4037.04,1470517,161882.0,174610.0,4100.0,4110.0,4012.0,4092.6,25248650,4501.8,3683.4,4440.0,3288.1,4024.0,34,3,4023.5,930,1,4023.3,14,4,4022.8,13,1,4022.7,42,2,4024.2,53,6,4024.3,60,8,4024.4,7,2,4024.5,71,8,4024.6,34,4
11483,2026-07-02 13:36:32+05:30,4024.0,1,4037.04,1470518,161876.0,174509.0,4100.0,4110.0,4012.0,4092.6,25248650,4501.8,3683.4,4440.0,3288.1,4024.0,33,3,4023.5,930,1,4023.3,14,4,4022.8,13,1,4022.7,42,2,4024.2,52,6,4024.3,60,8,4024.4,7,2,4024.5,71,8,4024.6,45,5
11483,2026-07-02 13:36:33+05:30,4023.5,10,4037.04,1470518,161876.0,174509.0,4100.0,4110.0,4012.0,4092.6,25248650,4501.8,3683.4,4440.0,3288.1,4024.0,33,3,4023.5,930,1,4023.3,14,4,4022.8,13,1,4022.7,42,2,4024.2,52,6,4024.3,60,8,4024.4,7,2,4024.5,71,8,4024.6,45,5
11483,2026-07-02 13:36:33+05:30,4023.5,10,4037.04,1470561,161493.0,174760.0,4100.0,4110.0,4012.0,4092.6,25248650,4501.8,3683.4,4440.0,3288.1,4023.5,920,1,4023.3,14,4,4022.7,42,2,4022.6,30,1,4022.5,138,4,4024.0,40,6,4024.1,18,3,4024.2,52,5,4024.3,62,8,4024.4,7,2
11483,2026-07-02 13:36:34+05:30,4024.0,8,4037.04,1470561,161493.0,174760.0,4100.0,4110.0,4012.0,4092.6,25248650,4501.8,3683.4,4440.0,3288.1,4023.5,920,1,4023.3,14,4,4022.7,42,2,4022.6,30,1,4022.5,138,4,4024.0,40,6,4024.1,18,3,4024.2,52,5,4024.3,62,8,4024.4,7,2
11483,2026-07-02 13:36:34+05:30,4024.0,4,4037.04,1470600,161487.0,174698.0,4100.0,4110.0,4012.0,4092.6,25248650,4501.8,3683.4,4440.0,3288.1,4023.5,914,1,4023.3,14,4,4022.7,42,2,4022.6,30,1,4022.5,138,4,4024.0,36,8,4024.1,18,3,4024.2,52,5,4024.3,62,8,4024.4,20,3
11483,2026-07-02 13:36:35+05:30,4023.5,4,4037.04,1470600,161487.0,174698.0,4100.0,4110.0,4012.0,4092.6,25248650,4501.8,3683.4,4440.0,3288.1,4023.5,914,1,4023.3,14,4,4022.7,42,2,4022.6,30,1,4022.5,138,4,4024.0,36,8,4024.1,18,3,4024.2,52,5,4024.3,62,8,4024.4,20,3
11483,2026-07-02 13:36:35+05:30,4023.5,4,4037.04,1470604,161483.0,174276.0,4100.0,4110.0,4012.0,4092.6,25248650,4501.8,3683.4,4440.0,3288.1,4023.5,910,1,4023.3,14,4,4022.7,42,2,4022.6,30,1,4022.5,138,4,4023.9,24,1,4024.0,52,12,4024.1,31,4,4024.2,33,3,4024.3,75,9
11483,2026-07-02 13:36:36+05:30,4022.0,302,4037.04,1470604,161483.0,174276.0,4100.0,4110.0,4012.0,4092.6,25248650,4501.8,3683.4,4440.0,3288.1,4023.5,910,1,4023.3,14,4,4022.7,42,2,4022.6,30,1,4022.5,138,4,4023.9,24,1,4024.0,52,12,4024.1,31,4,4024.2,33,3,4024.3,75,9
11483,2026-07-02 13:36:36+05:30,4022.0,302,4037.02,1472079,158896.0,175980.0,4100.0,4110.0,4012.0,4092.6,25248650,4501.8,3683.4,4440.0,3288.1,4022.0,179,5,4021.2,102,5,4021.1,20,1,4021.0,756,44,4020.9,27,5,4022.5,21,2,4023.0,28,3,4023.1,15,2,4023.2,14,2,4023.3,23,4
11483,2026-07-02 13:36:37+05:30,4022.0,7,4037.02,1472079,158896.0,175980.0,4100.0,4110.0,4012.0,4092.6,25248650,4501.8,3683.4,4440.0,3288.1,4022.0,179,5,4021.2,102,5,4021.1,20,1,4021.0,756,44,4020.9,27,5,4022.5,21,2,4023.0,28,3,4023.1,15,2,4023.2,14,2,4023.3,23,4
11483,2026-07-02 13:36:37+05:30,4022.0,7,4037.02,1472258,158863.0,176590.0,4100.0,4110.0,4012.0,4092.6,25248650,4501.8,3683.4,4440.0,3288.1,4021.2,102,5,4021.1,20,1,4021.0,744,43,4020.9,27,5,4020.8,32,1,4022.0,12,2,4022.5,2,1,4022.9,73,2,4023.0,67,4,4023.1,42,2
11483,2026-07-02 13:36:38+05:30,4022.0,2,4037.02,1472258,158863.0,176590.0,4100.0,4110.0,4012.0,4092.6,25248650,4501.8,3683.4,4440.0,3288.1,4021.2,102,5,4021.1,20,1,4021.0,744,43,4020.9,27,5,4020.8,32,1,4022.0,12,2,4022.5,2,1,4022.9,73,2,4023.0,67,4,4023.1,42,2
11483,2026-07-02 13:36:38+05:30,4022.0,2,4037.02,1472296,158595.0,176582.0,4100.0,4110.0,4012.0,4092.6,25248650,4501.8,3683.4,4440.0,3288.1,4021.2,49,3,4021.1,20,1,4021.0,744,43,4020.9,27,5,4020.8,32,1,4022.0,4,3,4022.5,2,1,4022.7,5,1,4022.8,54,2,4022.9,90,3
11483,2026-07-02 13:36:39+05:30,4021.2,1,4037.02,1472296,158595.0,176582.0,4100.0,4110.0,4012.0,4092.6,25248650,4501.8,3683.4,4440.0,3288.1,4021.2,49,3,4021.1,20,1,4021.0,744,43,4020.9,27,5,4020.8,32,1,4022.0,4,3,4022.5,2,1,4022.7,5,1,4022.8,54,2,4022.9,90,3
11483,2026-07-02 13:36:39+05:30,4021.2,1,4037.02,1472327,158250.0,176561.0,4100.0,4110.0,4012.0,4092.6,25248650,4501.8,3683.4,4440.0,3288.1,4021.2,42,3,4021.1,20,1,4021.0,744,43,4020.9,27,5,4020.8,32,1,4022.0,20,3,4022.5,46,4,4022.6,46,4,4022.7,43,2,4022.8,1,1
11483,2026-07-02 13:36:40+05:30,4021.2,2,4037.02,1472327,158250.0,176561.0,4100.0,4110.0,4012.0,4092.6,25248650,4501.8,3683.4,4440.0,3288.1,4021.2,42,3,4021.1,20,1,4021.0,744,43,4020.9,27,5,4020.8,32,1,4022.0,20,3,4022.5,46,4,4022.6,46,4,4022.7,43,2,4022.8,1,1
11483,2026-07-02 13:36:40+05:30,4021.2,2,4037.02,1472436,158194.0,176330.0,4100.0,4110.0,4012.0,4092.6,25248650,4501.8,3683.4,4440.0,3288.1,4021.2,34,3,4021.1,20,1,4021.0,745,44,4020.9,47,6,4020.7,16,4,4022.4,17,4,4022.5,43,3,4022.6,7,2,4022.7,56,3,4022.8,8,2
11483,2026-07-02 13:36:41+05:30,4021.2,2,4037.02,1472436,158194.0,176330.0,4100.0,4110.0,4012.0,4092.6,25248650,4501.8,3683.4,4440.0,3288.1,4021.2,34,3,4021.1,20,1,4021.0,745,44,4020.9,47,6,4020.7,16,4,4022.4,17,4,4022.5,43,3,4022.6,7,2,4022.7,56,3,4022.8,8,2
11483,2026-07-02 13:36:41+05:30,4021.2,2,4037.02,1472452,158166.0,176341.0,4100.0,4110.0,4012.0,4092.6,25248650,4501.8,3683.4,4440.0,3288.1,4021.2,18,1,4021.1,20,1,4021.0,745,44,4020.9,47,6,4020.7,16,4,4022.2,24,5,4022.3,16,2,4022.4,15,3,4022.5,18,2,4022.6,20,3
11483,2026-07-02 13:36:42+05:30,4021.2,2,4037.02,1472452,158166.0,176341.0,4100.0,4110.0,4012.0,4092.6,25248650,4501.8,3683.4,4440.0,3288.1,4021.2,18,1,4021.1,20,1,4021.0,745,44,4020.9,47,6,4020.7,16,4,4022.2,24,5,4022.3,16,2,4022.4,15,3,4022.5,18,2,4022.6,20,3
11483,2026-07-02 13:36:42+05:30,4021.2,2,4037.02,1472454,158304.0,176265.0,4100.0,4110.0,4012.0,4092.6,25248650,4501.8,3683.4,4440.0,3288.1,4021.2,16,1,4021.1,20,1,4021.0,745,44,4020.9,47,6,4020.7,16,4,4022.2,19,3,4022.3,16,2,4022.4,15,3,4022.5,31,4,4022.6,7,2
11483,2026-07-02 13:36:43+05:30,4022.3,6,4037.02,1472454,158304.0,176265.0,4100.0,4110.0,4012.0,4092.6,25248650,4501.8,3683.4,4440.0,3288.1,4021.2,16,1,4021.1,20,1,4021.0,745,44,4020.9,47,6,4020.7,16,4,4022.2,19,3,4022.3,16,2,4022.4,15,3,4022.5,31,4,4022.6,7,2
11483,2026-07-02 13:36:43+05:30,4022.3,6,4037.02,1472484,158450.0,176232.0,4100.0,4110.0,4012.0,4092.6,25248650,4501.8,3683.4,4440.0,3288.1,4021.2,11,1,4021.1,20,1,4021.0,745,44,4020.9,47,6,4020.8,8,1,4022.3,1,1,4022.4,24,3,4022.5,31,4,4022.6,7,2,4022.7,51,2
11483,2026-07-02 13:36:44+05:30,4021.2,1,4037.02,1472484,158450.0,176232.0,4100.0,4110.0,4012.0,4092.6,25248650,4501.8,3683.4,4440.0,3288.1,4021.2,11,1,4021.1,20,1,4021.0,745,44,4020.9,47,6,4020.8,8,1,4022.3,1,1,4022.4,24,3,4022.5,31,4,4022.6,7,2,4022.7,51,2
11483,2026-07-02 13:36:44+05:30,4021.2,1,4037.02,1472490,158349.0,176328.0,4100.0,4110.0,4012.0,4092.6,25248650,4501.8,3683.4,4440.0,3288.1,4022.0,1,1,4021.2,19,2,4021.1,20,1,4021.0,745,44,4020.9,27,5,4022.3,15,5,4022.4,14,3,4022.5,31,4,4022.6,27,3,4022.7,13,1
11483,2026-07-02 13:36:45+05:30,4022.0,1,4037.02,1472490,158349.0,176328.0,4100.0,4110.0,4012.0,4092.6,25248650,4501.8,3683.4,4440.0,3288.1,4022.0,1,1,4021.2,19,2,4021.1,20,1,4021.0,745,44,4020.9,27,5,4022.3,15,5,4022.4,14,3,4022.5,31,4,4022.6,27,3,4022.7,13,1
11483,2026-07-02 13:36:45+05:30,4022.0,1,4037.02,1472491,158246.0,176393.0,4100.0,4110.0,4012.0,4092.6,25248650,4501.8,3683.4,4440.0,3288.1,4021.2,5,1,4021.1,20,1,4021.0,745,44,4020.9,27,5,4020.8,28,1,4022.0,8,4,4022.3,9,4,4022.4,17,2,4022.5,20,3,4022.6,7,2
11483,2026-07-02 13:36:46+05:30,4021.7,3,4037.02,1472491,158246.0,176393.0,4100.0,4110.0,4012.0,4092.6,25248650,4501.8,3683.4,4440.0,3288.1,4021.2,5,1,4021.1,20,1,4021.0,745,44,4020.9,27,5,4020.8,28,1,4022.0,8,4,4022.3,9,4,4022.4,17,2,4022.5,20,3,4022.6,7,2
11483,2026-07-02 13:36:46+05:30,4021.7,3,4037.02,1472497,157498.0,177243.0,4100.0,4110.0,4012.0,4092.6,25248650,4501.8,3683.4,4440.0,3288.1,4021.7,1,1,4021.2,2,1,4021.1,20,1,4021.0,745,44,4020.9,27,5,4021.8,17,4,4021.9,10,1,4022.0,21,5,4022.1,34,4,4022.2,27,2
11483,2026-07-02 13:36:47+05:30,4021.7,50,4037.02,1472497,157498.0,177243.0,4100.0,4110.0,4012.0,4092.6,25248650,4501.8,3683.4,4440.0,3288.1,4021.7,1,1,4021.2,2,1,4021.1,20,1,4021.0,745,44,4020.9,27,5,4021.8,17,4,4021.9,10,1,4022.0,21,5,4022.1,34,4,4022.2,27,2
11483,2026-07-02 13:36:47+05:30,4021.7,50,4037.02,1472559,157581.0,177696.0,4100.0,4110.0,4012.0,4092.6,25248650,4501.8,3683.4,4440.0,3288.1,4021.2,2,1,4021.1,20,1,4021.0,745,44,4020.9,27,5,4020.7,4,3,4021.4,29,1,4021.5,55,2,4021.6,42,1,4021.7,34,4,4021.8,50,2
11483,2026-07-02 13:36:48+05:30,4021.1,20,4037.02,1472559,157581.0,177696.0,4100.0,4110.0,4012.0,4092.6,25248650,4501.8,3683.4,4440.0,3288.1,4021.2,2,1,4021.1,20,1,4021.0,745,44,4020.9,27,5,4020.7,4,3,4021.4,29,1,4021.5,55,2,4021.6,42,1,4021.7,34,4,4021.8,50,2
11483,2026-07-02 13:36:48+05:30,4021.1,20,4037.02,1472581,157477.0,177888.0,4100.0,4110.0,4012.0,4092.6,25248650,4501.8,3683.4,4440.0,3288.1,4021.0,745,44,4020.9,27,5,4020.7,4,3,4020.6,43,3,4020.5,162,6,4021.1,9,1,4021.2,53,4,4021.3,42,1,4021.4,2,1,4021.5,55,2
11483,2026-07-02 13:36:49+05:30,4021.0,9,4037.02,1472581,157477.0,177888.0,4100.0,4110.0,4012.0,4092.6,25248650,4501.8,3683.4,4440.0,3288.1,4021.0,745,44,4020.9,27,5,4020.7,4,3,4020.6,43,3,4020.5,162,6,4021.1,9,1,4021.2,53,4,4021.3,42,1,4021.4,2,1,4021.5,55,2
11483,2026-07-02 13:36:49+05:30,4021.0,9,4037.01,1472869,157237.0,177759.0,4100.0,4110.0,4012.0,4092.6,25248650,4501.8,3683.4,4440.0,3288.1,4021.1,1,1,4021.0,482,30,4020.9,27,5,4020.7,4,3,4020.6,43,3,4021.2,71,3,4021.4,44,2,4021.6,42,1,4021.7,13,2,4021.8,8,1
11483,2026-07-02 13:36:50+05:30,4021.2,4,4037.01,1473003,157307.0,177471.0,4100.0,4110.0,4012.0,4092.6,25248650,4501.8,3683.4,4440.0,3288.1,4021.2,91,1,4021.0,480,29,4020.9,27,5,4020.7,4,3,4020.6,43,3,4021.6,42,1,4021.7,13,2,4021.8,42,1,4021.9,18,3,4022.0,2,2
11483,2026-07-02 13:36:50+05:30,4021.2,16,4037.01,1473003,157307.0,177471.0,4100.0,4110.0,4012.0,4092.6,25248650,4501.8,3683.4,4440.0,3288.1,4021.2,91,1,4021.0,480,29,4020.9,27,5,4020.7,4,3,4020.6,43,3,4021.6,42,1,4021.7,13,2,4021.8,42,1,4021.9,18,3,4022.0,2,2
11483,2026-07-02 13:36:51+05:30,4021.2,1,4037.01,1473024,157351.0,177674.0,4100.0,4110.0,4012.0,4092.6,25248650,4501.8,3683.4,4440.0,3288.1,4021.2,80,2,4021.1,1,1,4021.0,480,29,4020.9,27,5,4020.7,4,3,4021.3,81,1,4021.4,42,1,4021.5,42,1,4021.6,11,2,4021.7,55,3
11483,2026-07-02 13:36:51+05:30,4021.2,2,4037.01,1473024,157351.0,177674.0,4100.0,4110.0,4012.0,4092.6,25248650,4501.8,3683.4,4440.0,3288.1,4021.2,80,2,4021.1,1,1,4021.0,480,29,4020.9,27,5,4020.7,4,3,4021.3,81,1,4021.4,42,1,4021.5,42,1,4021.6,11,2,4021.7,55,3
11483,2026-07-02 13:36:52+05:30,4021.2,2,4037.01,1473026,157410.0,177424.0,4100.0,4110.0,4012.0,4092.6,25248650,4501.8,3683.4,4440.0,3288.1,4021.2,78,2,4021.1,1,1,4021.0,480,29,4020.9,27,5,4020.7,4,3,4021.3,2,1,4021.5,13,1,4021.7,13,2,4021.8,20,1,4022.0,3,3
11483,2026-07-02 13:36:53+05:30,4021.0,3,4037.01,1473208,157448.0,177403.0,4100.0,4110.0,4012.0,4092.6,25248650,4501.8,3683.4,4440.0,3288.1,4021.0,467,27,4020.9,27,5,4020.7,4,3,4020.6,43,3,4020.5,162,6,4021.2,1,1,4021.3,2,1,4021.7,13,2,4021.8,20,1,4022.0,3,3
11483,2026-07-02 13:36:53+05:30,4021.0,11,4037.01,1473208,157448.0,177403.0,4100.0,4110.0,4012.0,4092.6,25248650,4501.8,3683.4,4440.0,3288.1,4021.0,467,27,4020.9,27,5,4020.7,4,3,4020.6,43,3,4020.5,162,6,4021.2,1,1,4021.3,2,1,4021.7,13,2,4021.8,20,1,4022.0,3,3
11483,2026-07-02 13:36:54+05:30,4021.2,2,4037.01,1473333,157481.0,177472.0,4100.0,4110.0,4012.0,4092.6,25248650,4501.8,3683.4,4440.0,3288.1,4021.1,40,1,4021.0,469,23,4020.9,27,5,4020.8,42,1,4020.7,4,3,4021.2,29,2,4021.3,2,1,4021.7,13,2,4021.8,20,1,4022.0,2,2
11483,2026-07-02 13:36:54+05:30,4021.2,5,4037.01,1473333,157481.0,177472.0,4100.0,4110.0,4012.0,4092.6,25248650,4501.8,3683.4,4440.0,3288.1,4021.1,40,1,4021.0,469,23,4020.9,27,5,4020.8,42,1,4020.7,4,3,4021.2,29,2,4021.3,2,1,4021.7,13,2,4021.8,20,1,4022.0,2,2
11483,2026-07-02 13:36:55+05:30,4021.2,2,4037.01,1473405,157623.0,177169.0,4100.0,4110.0,4012.0,4092.6,25248650,4501.8,3683.4,4440.0,3288.1,4021.2,14,1,4021.1,23,1,4021.0,469,23,4020.9,27,5,4020.8,42,1,4021.7,19,3,4022.1,15,3,4022.2,10,2,4022.3,21,2,4022.4,77,4
11483,2026-07-02 13:36:55+05:30,4021.2,8,4037.01,1473405,157623.0,177169.0,4100.0,4110.0,4012.0,4092.6,25248650,4501.8,3683.4,4440.0,3288.1,4021.2,14,1,4021.1,23,1,4021.0,469,23,4020.9,27,5,4020.8,42,1,4021.7,19,3,4022.1,15,3,4022.2,10,2,4022.3,21,2,4022.4,77,4
11483,2026-07-02 13:36:55+05:30,4021.7,8,4037.01,1473446,157631.0,177051.0,4100.0,4110.0,4012.0,4092.6,25248650,4501.8,3683.4,4440.0,3288.1,4021.3,51,2,4021.2,14,3,4021.1,65,2,4021.0,427,22,4020.9,69,6,4021.7,4,1,4022.0,1,1,4022.1,5,1,4022.2,2,1,4022.3,1,1
11483,2026-07-02 13:36:56+05:30,4021.3,5,4037.01,1473446,157631.0,177051.0,4100.0,4110.0,4012.0,4092.6,25248650,4501.8,3683.4,4440.0,3288.1,4021.3,51,2,4021.2,14,3,4021.1,65,2,4021.0,427,22,4020.9,69,6,4021.7,4,1,4022.0,1,1,4022.1,5,1,4022.2,2,1,4022.3,1,1
11483,2026-07-02 13:36:56+05:30,4021.3,7,4037.01,1473458,157446.0,177171.0,4100.0,4110.0,4012.0,4092.6,25248650,4501.8,3683.4,4440.0,3288.1,4021.3,39,2,4021.2,56,4,4021.1,23,1,4021.0,469,23,4020.9,27,5,4021.7,5,2,4022.0,1,1,4022.1,5,1,4022.2,2,1,4022.3,1,1
11483,2026-07-02 13:36:57+05:30,4021.3,2,4037.01,1473458,157446.0,177171.0,4100.0,4110.0,4012.0,4092.6,25248650,4501.8,3683.4,4440.0,3288.1,4021.3,39,2,4021.2,56,4,4021.1,23,1,4021.0,469,23,4020.9,27,5,4021.7,5,2,4022.0,1,1,4022.1,5,1,4022.2,2,1,4022.3,1,1
11483,2026-07-02 13:36:57+05:30,4021.7,22,4037.01,1473537,157427.0,177267.0,4100.0,4110.0,4012.0,4092.6,25248650,4501.8,3683.4,4440.0,3288.1,4021.3,10,2,4021.2,56,4,4021.1,23,1,4021.0,469,23,4020.9,27,5,4021.7,19,3,4021.8,13,1,4022.0,1,1,4022.1,25,3,4022.2,2,1
11483,2026-07-02 13:36:58+05:30,4021.3,8,4037.01,1473537,157427.0,177267.0,4100.0,4110.0,4012.0,4092.6,25248650,4501.8,3683.4,4440.0,3288.1,4021.3,10,2,4021.2,56,4,4021.1,23,1,4021.0,469,23,4020.9,27,5,4021.7,19,3,4021.8,13,1,4022.0,1,1,4022.1,25,3,4022.2,2,1
11483,2026-07-02 13:36:58+05:30,4022.0,3,4037.01,1473627,157245.0,177224.0,4100.0,4110.0,4012.0,4092.6,25248650,4501.8,3683.4,4440.0,3288.1,4021.3,42,1,4021.2,14,3,4021.1,65,2,4021.0,427,22,4020.9,27,5,4022.0,20,3,4022.1,12,2,4022.2,80,2,4022.3,30,3,4022.4,66,3
11483,2026-07-02 13:36:59+05:30,4021.3,11,4037.01,1473627,157245.0,177224.0,4100.0,4110.0,4012.0,4092.6,25248650,4501.8,3683.4,4440.0,3288.1,4021.3,42,1,4021.2,14,3,4021.1,65,2,4021.0,427,22,4020.9,27,5,4022.0,20,3,4022.1,12,2,4022.2,80,2,4022.3,30,3,4022.4,66,3
11483,2026-07-02 13:36:59+05:30,4021.3,2,4037.01,1473641,157339.0,177297.0,4100.0,4110.0,4012.0,4092.6,25248650,4501.8,3683.4,4440.0,3288.1,4021.5,42,1,4021.3,29,1,4021.2,14,3,4021.1,65,2,4021.0,427,22,4022.0,20,3,4022.1,5,1,4022.2,78,1,4022.3,17,3,4022.4,81,5
11483,2026-07-02 13:37:00+05:30,4021.5,2,4037.01,1473641,157339.0,177297.0,4100.0,4110.0,4012.0,4092.6,25248650,4501.8,3683.4,4440.0,3288.1,4021.5,42,1,4021.3,29,1,4021.2,14,3,4021.1,65,2,4021.0,427,22,4022.0,20,3,4022.1,5,1,4022.2,78,1,4022.3,17,3,4022.4,81,5
11483,2026-07-02 13:37:00+05:30,4022.0,3,4037.01,1473652,157319.0,177287.0,4100.0,4110.0,4012.0,4092.6,25248650,4501.8,3683.4,4440.0,3288.1,4021.5,40,1,4021.3,29,1,4021.2,56,4,4021.1,23,1,4021.0,427,22,4022.0,12,4,4022.1,32,2,4022.2,78,1,4022.3,17,3,4022.4,81,5
11483,2026-07-02 13:37:01+05:30,4021.5,1,4037.01,1473652,157319.0,177287.0,4100.0,4110.0,4012.0,4092.6,25248650,4501.8,3683.4,4440.0,3288.1,4021.5,40,1,4021.3,29,1,4021.2,56,4,4021.1,23,1,4021.0,427,22,4022.0,12,4,4022.1,32,2,4022.2,78,1,4022.3,17,3,4022.4,81,5
11483,2026-07-02 13:37:01+05:30,4021.5,1,4037.01,1473653,157373.0,177333.0,4100.0,4110.0,4012.0,4092.6,25248650,4501.8,3683.4,4440.0,3288.1,4021.5,39,1,4021.3,29,1,4021.2,106,5,4021.1,23,1,4021.0,427,22,4022.0,27,5,4022.1,34,2,4022.2,78,1,4022.3,17,3,4022.4,81,5
11483,2026-07-02 13:37:02+05:30,4022.0,2,4037.01,1473659,157440.0,177301.0,4100.0,4110.0,4012.0,4092.6,25248650,4501.8,3683.4,4440.0,3288.1,4021.7,1,1,4021.5,39,1,4021.3,29,1,4021.2,106,5,4021.1,23,1,4022.0,28,6,4022.1,43,4,4022.2,78,1,4022.3,17,3,4022.4,74,4
11483,2026-07-02 13:37:03+05:30,4021.7,1,4037.01,1473659,157440.0,177301.0,4100.0,4110.0,4012.0,4092.6,25248650,4501.8,3683.4,4440.0,3288.1,4021.7,1,1,4021.5,39,1,4021.3,29,1,4021.2,106,5,4021.1,23,1,4022.0,28,6,4022.1,43,4,4022.2,78,1,4022.3,17,3,4022.4,74,4
11483,2026-07-02 13:37:03+05:30,4021.7,1,4037.01,1473660,157440.0,177311.0,4100.0,4110.0,4012.0,4092.6,25248650,4501.8,3683.4,4440.0,3288.1,4021.5,39,1,4021.3,29,1,4021.2,106,5,4021.1,23,1,4021.0,427,22,4022.0,23,5,4022.1,47,3,4022.2,78,1,4022.3,10,2,4022.4,74,4
11483,2026-07-02 13:37:04+05:30,4021.7,1,4037.01,1473660,157443.0,177249.0,4100.0,4110.0,4012.0,4092.6,25248650,4501.8,3683.4,4440.0,3288.1,4021.5,39,1,4021.3,29,1,4021.2,106,5,4021.1,23,1,4021.0,427,22,4022.0,23,5,4022.1,47,3,4022.2,78,1,4022.3,10,2,4022.4,74,4
11483,2026-07-02 13:37:05+05:30,4021.5,24,4037.01,1473689,157415.0,177249.0,4100.0,4110.0,4012.0,4092.6,25248650,4501.8,3683.4,4440.0,3288.1,4021.5,15,1,4021.3,29,1,4021.2,106,5,4021.1,23,1,4021.0,427,22,4022.0,64,9,4022.1,12,3,4022.2,78,1,4022.3,10,2,4022.4,82,5
11483,2026-07-02 13:37:06+05:30,4021.0,16,4037.01,1473689,157415.0,177249.0,4100.0,4110.0,4012.0,4092.6,25248650,4501.8,3683.4,4440.0,3288.1,4021.5,15,1,4021.3,29,1,4021.2,106,5,4021.1,23,1,4021.0,427,22,4022.0,64,9,4022.1,12,3,4022.2,78,1,4022.3,10,2,4022.4,82,5
11483,2026-07-02 13:37:06+05:30,4021.2,7,4037.0,1474071,156944.0,177626.0,4100.0,4110.0,4012.0,4092.6,25248650,4501.8,3683.4,4440.0,3288.1,4021.1,42,1,4021.0,367,22,4020.9,27,5,4020.8,42,1,4020.7,4,3,4021.2,2,2,4021.5,1,1,4021.9,10,2,4022.0,49,7,4022.1,30,3
11483,2026-07-02 13:37:07+05:30,4021.1,42,4037.0,1474071,156944.0,177626.0,4100.0,4110.0,4012.0,4092.6,25248650,4501.8,3683.4,4440.0,3288.1,4021.1,42,1,4021.0,367,22,4020.9,27,5,4020.8,42,1,4020.7,4,3,4021.2,2,2,4021.5,1,1,4021.9,10,2,4022.0,49,7,4022.1,30,3
11483,2026-07-02 13:37:07+05:30,4021.0,1,4037.0,1474114,156800.0,177779.0,4100.0,4110.0,4012.0,4092.6,25248650,4501.8,3683.4,4440.0,3288.1,4021.0,324,21,4020.9,69,6,4020.7,46,4,4020.6,43,3,4020.5,204,7,4021.1,10,3,4021.2,3,3,4021.5,1,1,4021.9,10,2,4022.0,47,6
11483,2026-07-02 13:37:08+05:30,4021.0,2,4037.0,1474114,156800.0,177779.0,4100.0,4110.0,4012.0,4092.6,25248650,4501.8,3683.4,4440.0,3288.1,4021.0,324,21,4020.9,69,6,4020.7,46,4,4020.6,43,3,4020.5,204,7,4021.1,10,3,4021.2,3,3,4021.5,1,1,4021.9,10,2,4022.0,47,6
11483,2026-07-02 13:37:08+05:30,4021.0,3,4037.0,1474128,156819.0,177787.0,4100.0,4110.0,4012.0,4092.6,25248650,4501.8,3683.4,4440.0,3288.1,4021.0,358,21,4020.9,69,6,4020.7,46,4,4020.6,43,3,4020.5,204,7,4021.1,6,4,4021.2,16,4,4021.5,1,1,4021.8,13,1,4021.9,5,1
11483,2026-07-02 13:37:09+05:30,4021.1,1,4037.0,1474128,156819.0,177787.0,4100.0,4110.0,4012.0,4092.6,25248650,4501.8,3683.4,4440.0,3288.1,4021.0,358,21,4020.9,69,6,4020.7,46,4,4020.6,43,3,4020.5,204,7,4021.1,6,4,4021.2,16,4,4021.5,1,1,4021.8,13,1,4021.9,5,1
11483,2026-07-02 13:37:09+05:30,4020.4,3,4036.99,1474858,153385.0,178382.0,4100.0,4110.0,4012.0,4092.6,25248650,4501.8,3683.4,4440.0,3288.1,4020.4,27,2,4020.3,103,4,4020.2,47,11,4020.1,592,21,4020.0,6425,381,4020.6,23,4,4020.7,3,1,4020.8,78,1,4020.9,34,6,4021.0,195,4
11483,2026-07-02 13:37:10+05:30,4020.4,5,4036.99,1474858,153385.0,178382.0,4100.0,4110.0,4012.0,4092.6,25248650,4501.8,3683.4,4440.0,3288.1,4020.4,27,2,4020.3,103,4,4020.2,47,11,4020.1,592,21,4020.0,6425,381,4020.6,23,4,4020.7,3,1,4020.8,78,1,4020.9,34,6,4021.0,195,4
11483,2026-07-02 13:37:10+05:30,4020.3,11,4036.99,1474896,154241.0,177845.0,4100.0,4110.0,4012.0,4092.6,25248650,4501.8,3683.4,4440.0,3288.1,4020.3,92,4,4020.2,47,11,4020.1,592,21,4020.0,6428,382,4019.8,56,3,4020.4,16,5,4020.6,4,3,4020.7,3,1,4020.8,78,1,4020.9,34,6
11483,2026-07-02 13:37:11+05:30,4020.3,4,4036.99,1474896,154241.0,177845.0,4100.0,4110.0,4012.0,4092.6,25248650,4501.8,3683.4,4440.0,3288.1,4020.3,92,4,4020.2,47,11,4020.1,592,21,4020.0,6428,382,4019.8,56,3,4020.4,16,5,4020.6,4,3,4020.7,3,1,4020.8,78,1,4020.9,34,6
11483,2026-07-02 13:37:11+05:30,4020.4,1,4036.99,1474901,154621.0,177865.0,4100.0,4110.0,4012.0,4092.6,25248650,4501.8,3683.4,4440.0,3288.1,4020.3,88,4,4020.2,47,11,4020.1,592,21,4020.0,6428,382,4019.8,56,3,4020.4,10,4,4020.6,17,4,4020.7,3,1,4020.8,78,1,4020.9,45,7
11483,2026-07-02 13:37:12+05:30,4019.8,5,4036.99,1474901,154621.0,177865.0,4100.0,4110.0,4012.0,4092.6,25248650,4501.8,3683.4,4440.0,3288.1,4020.3,88,4,4020.2,47,11,4020.1,592,21,4020.0,6428,382,4019.8,56,3,4020.4,10,4,4020.6,17,4,4020.7,3,1,4020.8,78,1,4020.9,45,7
11483,2026-07-02 13:37:12+05:30,4019.0,20,4036.91,1482266,147422.0,179565.0,4100.0,4110.0,4012.0,4092.6,25248650,4501.8,3683.4,4440.0,3288.1,4019.0,236,13,4018.8,1,1,4018.6,10,1,4018.5,2,2,4018.3,115,9,4019.9,28,4,4020.0,37,3,4020.1,73,4,4020.2,56,2,4020.3,79,6
11483,2026-07-02 13:37:13+05:30,4019.0,180,4036.91,1482266,147422.0,179565.0,4100.0,4110.0,4012.0,4092.6,25248650,4501.8,3683.4,4440.0,3288.1,4019.0,236,13,4018.8,1,1,4018.6,10,1,4018.5,2,2,4018.3,115,9,4019.9,28,4,4020.0,37,3,4020.1,73,4,4020.2,56,2,4020.3,79,6
11483,2026-07-02 13:37:13+05:30,4018.0,30,4036.9,1483035,146342.0,179267.0,4100.0,4110.0,4012.0,4092.6,25248650,4501.8,3683.4,4440.0,3288.1,4018.0,429,32,4017.9,1,1,4017.8,10,1,4017.7,19,2,4017.5,64,5,4018.9,175,1,4019.0,100,3,4019.4,12,2,4019.5,31,2,4019.6,7,1
11483,2026-07-02 13:37:14+05:30,4018.9,24,4036.9,1483035,146342.0,179267.0,4100.0,4110.0,4012.0,4092.6,25248650,4501.8,3683.4,4440.0,3288.1,4018.0,429,32,4017.9,1,1,4017.8,10,1,4017.7,19,2,4017.5,64,5,4018.9,175,1,4019.0,100,3,4019.4,12,2,4019.5,31,2,4019.6,7,1
11483,2026-07-02 13:37:14+05:30,4018.9,24,4036.9,1483035,146342.0,179267.0,4100.0,4110.0,4012.0,4092.6,25248650,4501.8,3683.4,4440.0,3288.1,4018.0,429,32,4017.9,1,1,4017.8,10,1,4017.7,19,2,4017.5,64,5,4018.9,175,1,4019.0,100,3,4019.4,12,2,4019.5,31,2,4019.6,7,1
11483,2026-07-02 13:37:14+05:30,4018.0,8,4036.9,1483160,147112.0,179267.0,4100.0,4110.0,4012.0,4092.6,25248650,4501.8,3683.4,4440.0,3288.1,4018.0,329,25,4017.9,1,1,4017.8,10,1,4017.7,51,3,4017.5,64,5,4018.9,170,4,4019.0,100,3,4019.3,12,1,4019.4,12,2,4019.5,45,3
11483,2026-07-02 13:37:15+05:30,4018.0,8,4036.9,1483160,147112.0,179267.0,4100.0,4110.0,4012.0,4092.6,25248650,4501.8,3683.4,4440.0,3288.1,4018.0,329,25,4017.9,1,1,4017.8,10,1,4017.7,51,3,4017.5,64,5,4018.9,170,4,4019.0,100,3,4019.3,12,1,4019.4,12,2,4019.5,45,3
11483,2026-07-02 13:37:15+05:30,4018.0,1,4036.9,1483160,147112.0,179267.0,4100.0,4110.0,4012.0,4092.6,25248650,4501.8,3683.4,4440.0,3288.1,4018.0,329,25,4017.9,1,1,4017.8,10,1,4017.7,51,3,4017.5,64,5,4018.9,170,4,4019.0,100,3,4019.3,12,1,4019.4,12,2,4019.5,45,3
11483,2026-07-02 13:37:15+05:30,4018.0,1,4036.9,1483160,147112.0,179267.0,4100.0,4110.0,4012.0,4092.6,25248650,4501.8,3683.4,4440.0,3288.1,4018.0,329,25,4017.9,1,1,4017.8,10,1,4017.7,51,3,4017.5,64,5,4018.9,170,4,4019.0,100,3,4019.3,12,1,4019.4,12,2,4019.5,45,3
11483,2026-07-02 13:37:15+05:30,4018.0,1,4036.9,1483175,146916.0,179287.0,4100.0,4110.0,4012.0,4092.6,25248650,4501.8,3683.4,4440.0,3288.1,4018.5,1,1,4018.0,314,22,4017.9,1,1,4017.8,10,1,4017.7,19,2,4018.9,179,6,4019.0,100,3,4019.1,10,1,4019.3,32,2,4019.4,12,2
11483,2026-07-02 13:37:15+05:30,4018.0,1,4036.9,1483175,146916.0,179287.0,4100.0,4110.0,4012.0,4092.6,25248650,4501.8,3683.4,4440.0,3288.1,4018.5,1,1,4018.0,314,22,4017.9,1,1,4017.8,10,1,4017.7,19,2,4018.9,179,6,4019.0,100,3,4019.1,10,1,4019.3,32,2,4019.4,12,2
11483,2026-07-02 13:37:16+05:30,4018.5,1,4036.9,1483175,146916.0,179287.0,4100.0,4110.0,4012.0,4092.6,25248650,4501.8,3683.4,4440.0,3288.1,4018.5,1,1,4018.0,314,22,4017.9,1,1,4017.8,10,1,4017.7,19,2,4018.9,179,6,4019.0,100,3,4019.1,10,1,4019.3,32,2,4019.4,12,2
11483,2026-07-02 13:37:16+05:30,4018.5,1,4036.9,1483175,146916.0,179287.0,4100.0,4110.0,4012.0,4092.6,25248650,4501.8,3683.4,4440.0,3288.1,4018.5,1,1,4018.0,314,22,4017.9,1,1,4017.8,10,1,4017.7,19,2,4018.9,179,6,4019.0,100,3,4019.1,10,1,4019.3,32,2,4019.4,12,2
11483,2026-07-02 13:37:16+05:30,4018.5,1,4036.9,1483177,146766.0,179261.0,4100.0,4110.0,4012.0,4092.6,25248650,4501.8,3683.4,4440.0,3288.1,4018.5,2,2,4018.0,324,23,4017.9,1,1,4017.8,10,1,4017.7,19,2,4018.9,171,5,4019.0,100,3,4019.3,12,1,4019.4,12,2,4019.5,64,2
11483,2026-07-02 13:37:17+05:30,4018.5,1,4036.9,1483177,146766.0,179261.0,4100.0,4110.0,4012.0,4092.6,25248650,4501.8,3683.4,4440.0,3288.1,4018.5,2,2,4018.0,324,23,4017.9,1,1,4017.8,10,1,4017.7,19,2,4018.9,171,5,4019.0,100,3,4019.3,12,1,4019.4,12,2,4019.5,64,2
11483,2026-07-02 13:37:17+05:30,4018.5,2,4036.9,1483177,146766.0,179261.0,4100.0,4110.0,4012.0,4092.6,25248650,4501.8,3683.4,4440.0,3288.1,4018.5,2,2,4018.0,324,23,4017.9,1,1,4017.8,10,1,4017.7,19,2,4018.9,171,5,4019.0,100,3,4019.3,12,1,4019.4,12,2,4019.5,64,2
11483,2026-07-02 13:37:17+05:30,4018.5,2,4036.9,1483177,146766.0,179261.0,4100.0,4110.0,4012.0,4092.6,25248650,4501.8,3683.4,4440.0,3288.1,4018.5,2,2,4018.0,324,23,4017.9,1,1,4017.8,10,1,4017.7,19,2,4018.9,171,5,4019.0,100,3,4019.3,12,1,4019.4,12,2,4019.5,64,2
11483,2026-07-02 13:37:17+05:30,4018.5,2,4036.9,1483180,147267.0,180056.0,4100.0,4110.0,4012.0,4092.6,25248650,4501.8,3683.4,4440.0,3288.1,4018.0,324,23,4017.9,1,1,4017.8,10,1,4017.7,19,2,4017.5,64,5,4018.4,150,1,4018.5,1,1,4018.6,13,1,4018.8,5,1,4018.9,3,2
11483,2026-07-02 13:37:17+05:30,4018.5,2,4036.9,1483180,147267.0,180056.0,4100.0,4110.0,4012.0,4092.6,25248650,4501.8,3683.4,4440.0,3288.1,4018.0,324,23,4017.9,1,1,4017.8,10,1,4017.7,19,2,4017.5,64,5,4018.4,150,1,4018.5,1,1,4018.6,13,1,4018.8,5,1,4018.9,3,2
11483,2026-07-02 13:37:18+05:30,4018.5,2,4036.9,1483180,147267.0,180056.0,4100.0,4110.0,4012.0,4092.6,25248650,4501.8,3683.4,4440.0,3288.1,4018.0,324,23,4017.9,1,1,4017.8,10,1,4017.7,19,2,4017.5,64,5,4018.4,150,1,4018.5,1,1,4018.6,13,1,4018.8,5,1,4018.9,3,2
11483,2026-07-02 13:37:18+05:30,4018.5,2,4036.9,1483180,147267.0,180056.0,4100.0,4110.0,4012.0,4092.6,25273850,4501.8,3683.4,4440.0,3288.1,4018.0,324,23,4017.9,1,1,4017.8,10,1,4017.7,19,2,4017.5,64,5,4018.4,150,1,4018.5,1,1,4018.6,13,1,4018.8,5,1,4018.9,3,2
11483,2026-07-02 13:37:18+05:30,4018.5,2,4036.9,1483180,147267.0,180116.0,4100.0,4110.0,4012.0,4092.6,25273850,4501.8,3683.4,4440.0,3288.1,4018.0,324,23,4017.9,1,1,4017.8,10,1,4017.7,19,2,4017.5,64,5,4018.4,153,2,4018.5,11,2,4018.6,13,1,4018.8,5,1,4019.0,120,4
11483,2026-07-02 13:37:18+05:30,4018.5,2,4036.9,1483180,147267.0,180116.0,4100.0,4110.0,4012.0,4092.6,25273850,4501.8,3683.4,4440.0,3288.1,4018.0,324,23,4017.9,1,1,4017.8,10,1,4017.7,19,2,4017.5,64,5,4018.4,153,2,4018.5,11,2,4018.6,13,1,4018.8,5,1,4019.0,120,4
11483,2026-07-02 13:37:19+05:30,4018.5,2,4036.9,1483180,147267.0,180116.0,4100.0,4110.0,4012.0,4092.6,25273850,4501.8,3683.4,4440.0,3288.1,4018.0,324,23,4017.9,1,1,4017.8,10,1,4017.7,19,2,4017.5,64,5,4018.4,153,2,4018.5,11,2,4018.6,13,1,4018.8,5,1,4019.0,120,4
11483,2026-07-02 13:37:19+05:30,4018.5,2,4036.9,1483180,147175.0,180032.0,4100.0,4110.0,4012.0,4092.6,25273850,4501.8,3683.4,4440.0,3288.1,4018.2,1,1,4018.0,324,23,4017.9,1,1,4017.8,10,1,4017.7,19,2,4018.4,153,2,4018.5,11,2,4018.6,13,1,4018.8,5,1,4019.0,113,4
11483,2026-07-02 13:37:19+05:30,4018.5,2,4036.9,1483180,147175.0,180032.0,4100.0,4110.0,4012.0,4092.6,25273850,4501.8,3683.4,4440.0,3288.1,4018.2,1,1,4018.0,324,23,4017.9,1,1,4017.8,10,1,4017.7,19,2,4018.4,153,2,4018.5,11,2,4018.6,13,1,4018.8,5,1,4019.0,113,4
11483,2026-07-02 13:37:20+05:30,4018.0,16,4036.9,1483180,147175.0,180032.0,4100.0,4110.0,4012.0,4092.6,25273850,4501.8,3683.4,4440.0,3288.1,4018.2,1,1,4018.0,324,23,4017.9,1,1,4017.8,10,1,4017.7,19,2,4018.4,153,2,4018.5,11,2,4018.6,13,1,4018.8,5,1,4019.0,113,4
11483,2026-07-02 13:37:20+05:30,4018.0,16,4036.9,1483180,147175.0,180032.0,4100.0,4110.0,4012.0,4092.6,25273850,4501.8,3683.4,4440.0,3288.1,4018.2,1,1,4018.0,324,23,4017.9,1,1,4017.8,10,1,4017.7,19,2,4018.4,153,2,4018.5,11,2,4018.6,13,1,4018.8,5,1,4019.0,113,4
11483,2026-07-02 13:37:20+05:30,4018.4,100,4036.9,1483301,146427.0,179864.0,4100.0,4110.0,4012.0,4092.6,25273850,4501.8,3683.4,4440.0,3288.1,4018.0,306,21,4017.9,1,1,4017.8,10,1,4017.7,19,2,4017.5,64,5,4018.4,52,2,4018.5,11,2,4018.6,13,1,4018.8,5,1,4019.0,113,4
11483,2026-07-02 13:37:21+05:30,4018.4,1,4036.9,1483301,146427.0,179864.0,4100.0,4110.0,4012.0,4092.6,25273850,4501.8,3683.4,4440.0,3288.1,4018.0,306,21,4017.9,1,1,4017.8,10,1,4017.7,19,2,4017.5,64,5,4018.4,52,2,4018.5,11,2,4018.6,13,1,4018.8,5,1,4019.0,113,4
11483,2026-07-02 13:37:21+05:30,4018.4,4,4036.89,1483322,146420.0,179889.0,4100.0,4110.0,4012.0,4092.6,25273850,4501.8,3683.4,4440.0,3288.1,4018.0,291,20,4017.9,1,1,4017.8,10,1,4017.7,19,2,4017.5,64,5,4018.4,48,3,4018.5,21,3,4018.6,13,1,4018.8,5,1,4018.9,38,1
11483,2026-07-02 13:37:22+05:30,4018.0,2,4036.89,1483322,146420.0,179889.0,4100.0,4110.0,4012.0,4092.6,25273850,4501.8,3683.4,4440.0,3288.1,4018.0,291,20,4017.9,1,1,4017.8,10,1,4017.7,19,2,4017.5,64,5,4018.4,48,3,4018.5,21,3,4018.6,13,1,4018.8,5,1,4018.9,38,1
11483,2026-07-02 13:37:22+05:30,4018.0,1,4036.89,1483346,146571.0,179948.0,4100.0,4110.0,4012.0,4092.6,25273850,4501.8,3683.4,4440.0,3288.1,4018.0,527,21,4017.9,1,1,4017.8,10,1,4017.7,19,2,4017.5,64,5,4018.4,70,7,4018.5,31,4,4018.6,22,3,4018.7,27,2,4018.8,32,4
11483,2026-07-02 13:37:23+05:30,4018.0,3,4036.89,1483346,146571.0,179948.0,4100.0,4110.0,4012.0,4092.6,25273850,4501.8,3683.4,4440.0,3288.1,4018.0,527,21,4017.9,1,1,4017.8,10,1,4017.7,19,2,4017.5,64,5,4018.4,70,7,4018.5,31,4,4018.6,22,3,4018.7,27,2,4018.8,32,4
11483,2026-07-02 13:37:23+05:30,4018.0,3,4036.89,1483349,146591.0,179940.0,4100.0,4110.0,4012.0,4092.6,25273850,4501.8,3683.4,4440.0,3288.1,4018.0,526,22,4017.9,1,1,4017.8,10,1,4017.7,19,2,4017.5,64,5,4018.4,70,7,4018.5,21,3,4018.6,22,3,4018.7,27,2,4018.8,32,4
11483,2026-07-02 13:37:24+05:30,4018.4,2,4036.89,1483349,146591.0,179940.0,4100.0,4110.0,4012.0,4092.6,25273850,4501.8,3683.4,4440.0,3288.1,4018.0,526,22,4017.9,1,1,4017.8,10,1,4017.7,19,2,4017.5,64,5,4018.4,70,7,4018.5,21,3,4018.6,22,3,4018.7,27,2,4018.8,32,4
11483,2026-07-02 13:37:24+05:30,4018.0,1,4036.89,1483427,146433.0,179818.0,4100.0,4110.0,4012.0,4092.6,25273850,4501.8,3683.4,4440.0,3288.1,4018.0,524,19,4017.9,1,1,4017.8,10,1,4017.7,19,2,4017.5,64,5,4018.4,15,3,4018.5,21,3,4018.6,38,3,4018.8,32,4,4018.9,8,1
11483,2026-07-02 13:37:25+05:30,4018.0,86,4036.89,1483427,146433.0,179818.0,4100.0,4110.0,4012.0,4092.6,25273850,4501.8,3683.4,4440.0,3288.1,4018.0,524,19,4017.9,1,1,4017.8,10,1,4017.7,19,2,4017.5,64,5,4018.4,15,3,4018.5,21,3,4018.6,38,3,4018.8,32,4,4018.9,8,1
11483,2026-07-02 13:37:25+05:30,4018.4,6,4036.89,1483619,146518.0,179897.0,4100.0,4110.0,4012.0,4092.6,25273850,4501.8,3683.4,4440.0,3288.1,4018.4,394,1,4018.1,7,1,4018.0,340,11,4017.9,1,1,4017.8,10,1,4018.5,22,4,4018.6,33,2,4018.8,18,2,4019.0,108,3,4019.1,22,2
11483,2026-07-02 13:37:26+05:30,4018.4,23,4036.89,1483619,146518.0,179897.0,4100.0,4110.0,4012.0,4092.6,25273850,4501.8,3683.4,4440.0,3288.1,4018.4,394,1,4018.1,7,1,4018.0,340,11,4017.9,1,1,4017.8,10,1,4018.5,22,4,4018.6,33,2,4018.8,18,2,4019.0,108,3,4019.1,22,2
11483,2026-07-02 13:37:26+05:30,4018.5,6,4036.89,1483781,146312.0,179826.0,4100.0,4110.0,4012.0,4092.6,25273850,4501.8,3683.4,4440.0,3288.1,4018.4,259,2,4018.1,7,1,4018.0,346,13,4017.9,1,1,4017.8,10,1,4018.5,6,3,4018.6,21,1,4018.8,18,2,4019.0,99,2,4019.1,22,2
11483,2026-07-02 13:37:27+05:30,4018.5,1,4036.89,1483781,146312.0,179826.0,4100.0,4110.0,4012.0,4092.6,25273850,4501.8,3683.4,4440.0,3288.1,4018.4,259,2,4018.1,7,1,4018.0,346,13,4017.9,1,1,4017.8,10,1,4018.5,6,3,4018.6,21,1,4018.8,18,2,4019.0,99,2,4019.1,22,2
11483,2026-07-02 13:37:27+05:30,4018.4,1,4036.89,1483812,146340.0,179813.0,4100.0,4110.0,4012.0,4092.6,25273850,4501.8,3683.4,4440.0,3288.1,4018.4,242,3,4018.1,7,1,4018.0,336,12,4017.9,1,1,4017.8,10,1,4018.6,21,1,4018.8,1,1,4019.0,99,2,4019.1,22,2,4019.2,10,1
11483,2026-07-02 13:37:28+05:30,4018.4,4,4036.89,1483812,146340.0,179813.0,4100.0,4110.0,4012.0,4092.6,25273850,4501.8,3683.4,4440.0,3288.1,4018.4,242,3,4018.1,7,1,4018.0,336,12,4017.9,1,1,4017.8,10,1,4018.6,21,1,4018.8,1,1,4019.0,99,2,4019.1,22,2,4019.2,10,1
11483,2026-07-02 13:37:28+05:30,4018.6,1,4036.89,1483886,146370.0,179802.0,4100.0,4110.0,4012.0,4092.6,25273850,4501.8,3683.4,4440.0,3288.1,4018.6,7,1,4018.4,238,3,4018.0,336,12,4017.9,1,1,4017.8,10,1,4018.8,1,1,4019.0,99,2,4019.1,13,1,4019.3,12,1,4019.4,7,1
11483,2026-07-02 13:37:29+05:30,4018.4,70,4036.89,1483886,146370.0,179802.0,4100.0,4110.0,4012.0,4092.6,25273850,4501.8,3683.4,4440.0,3288.1,4018.6,7,1,4018.4,238,3,4018.0,336,12,4017.9,1,1,4017.8,10,1,4018.8,1,1,4019.0,99,2,4019.1,13,1,4019.3,12,1,4019.4,7,1
11483,2026-07-02 13:37:29+05:30,4018.0,1,4036.88,1484148,146023.0,179746.0,4100.0,4110.0,4012.0,4092.6,25273850,4501.8,3683.4,4440.0,3288.1,4018.0,330,13,4017.9,1,1,4017.8,10,1,4017.7,19,2,4017.5,64,5,4018.4,5,1,4019.0,114,5,4019.1,91,4,4019.2,10,2,4019.4,32,3
11483,2026-07-02 13:37:30+05:30,4018.0,1,4036.88,1484148,146023.0,179746.0,4100.0,4110.0,4012.0,4092.6,25273850,4501.8,3683.4,4440.0,3288.1,4018.0,330,13,4017.9,1,1,4017.8,10,1,4017.7,19,2,4017.5,64,5,4018.4,5,1,4019.0,114,5,4019.1,91,4,4019.2,10,2,4019.4,32,3
11483,2026-07-02 13:37:30+05:30,4018.6,2,4036.88,1484211,146143.0,180084.0,4100.0,4110.0,4012.0,4092.6,25273850,4501.8,3683.4,4440.0,3288.1,4018.4,27,1,4018.0,298,12,4017.9,1,1,4017.8,10,1,4017.7,19,2,4018.6,58,1,4018.7,55,2,4018.8,45,2,4019.0,147,5,4019.1,85,4
11483,2026-07-02 13:37:31+05:30,4018.4,7,4036.88,1484211,146143.0,180084.0,4100.0,4110.0,4012.0,4092.6,25273850,4501.8,3683.4,4440.0,3288.1,4018.4,27,1,4018.0,298,12,4017.9,1,1,4017.8,10,1,4017.7,19,2,4018.6,58,1,4018.7,55,2,4018.8,45,2,4019.0,147,5,4019.1,85,4
11483,2026-07-02 13:37:31+05:30,4018.4,1,4036.88,1484221,146255.0,180063.0,4100.0,4110.0,4012.0,4092.6,25273850,4501.8,3683.4,4440.0,3288.1,4018.4,18,1,4018.0,298,12,4017.9,1,1,4017.8,10,1,4017.7,19,2,4018.5,41,1,4018.6,55,2,4018.7,9,1,4018.8,42,1,4018.9,4,1
11483,2026-07-02 13:37:32+05:30,4018.4,1,4036.88,1484221,146255.0,180063.0,4100.0,4110.0,4012.0,4092.6,25273850,4501.8,3683.4,4440.0,3288.1,4018.4,18,1,4018.0,298,12,4017.9,1,1,4017.8,10,1,4017.7,19,2,4018.5,41,1,4018.6,55,2,4018.7,9,1,4018.8,42,1,4018.9,4,1
11483,2026-07-02 13:37:32+05:30,4018.0,1,4036.88,1484240,146243.0,179941.0,4100.0,4110.0,4012.0,4092.6,25273850,4501.8,3683.4,4440.0,3288.1,4018.0,302,13,4017.9,1,1,4017.8,10,1,4017.7,19,2,4017.5,64,5,4018.4,40,1,4018.5,41,1,4018.6,55,2,4018.7,9,1,4018.8,42,1
11483,2026-07-02 13:37:33+05:30,4018.0,2,4036.88,1484240,146243.0,179941.0,4100.0,4110.0,4012.0,4092.6,25273850,4501.8,3683.4,4440.0,3288.1,4018.0,302,13,4017.9,1,1,4017.8,10,1,4017.7,19,2,4017.5,64,5,4018.4,40,1,4018.5,41,1,4018.6,55,2,4018.7,9,1,4018.8,42,1
11483,2026-07-02 13:37:33+05:30,4018.0,1,4036.88,1484333,146116.0,179930.0,4100.0,4110.0,4012.0,4092.6,25273850,4501.8,3683.4,4440.0,3288.1,4018.0,209,8,4017.9,1,1,4017.8,10,1,4017.7,19,2,4017.5,64,5,4018.3,42,1,4018.5,96,3,4018.7,51,2,4018.8,13,1,4018.9,32,2
11483,2026-07-02 13:37:34+05:30,4018.0,9,4036.88,1484333,146116.0,179930.0,4100.0,4110.0,4012.0,4092.6,25273850,4501.8,3683.4,4440.0,3288.1,4018.0,209,8,4017.9,1,1,4017.8,10,1,4017.7,19,2,4017.5,64,5,4018.3,42,1,4018.5,96,3,4018.7,51,2,4018.8,13,1,4018.9,32,2
11483,2026-07-02 13:37:34+05:30,4018.1,1,4036.88,1484534,145753.0,180101.0,4100.0,4110.0,4012.0,4092.6,25273850,4501.8,3683.4,4440.0,3288.1,4018.0,11,4,4017.9,1,1,4017.8,10,1,4017.7,19,2,4017.5,64,5,4018.1,46,3,4018.2,13,1,4018.3,47,2,4018.5,96,3,4018.6,5,1
11483,2026-07-02 13:37:35+05:30,4017.9,1,4036.88,1484534,145753.0,180101.0,4100.0,4110.0,4012.0,4092.6,25273850,4501.8,3683.4,4440.0,3288.1,4018.0,11,4,4017.9,1,1,4017.8,10,1,4017.7,19,2,4017.5,64,5,4018.1,46,3,4018.2,13,1,4018.3,47,2,4018.5,96,3,4018.6,5,1
11483,2026-07-02 13:37:35+05:30,4017.9,1,4036.88,1484546,145887.0,180107.0,4100.0,4110.0,4012.0,4092.6,25273850,4501.8,3683.4,4440.0,3288.1,4017.8,10,1,4017.7,19,2,4017.5,64,5,4017.4,30,1,4017.3,10,1,4017.9,45,3,4018.0,25,3,4018.1,42,1,4018.3,42,1,4018.4,5,1
11483,2026-07-02 13:37:36+05:30,4017.8,2,4036.88,1484546,145887.0,180107.0,4100.0,4110.0,4012.0,4092.6,25273850,4501.8,3683.4,4440.0,3288.1,4017.8,10,1,4017.7,19,2,4017.5,64,5,4017.4,30,1,4017.3,10,1,4017.9,45,3,4018.0,25,3,4018.1,42,1,4018.3,42,1,4018.4,5,1
11483,2026-07-02 13:37:36+05:30,4017.8,1,4036.88,1484574,145770.0,179169.0,4100.0,4110.0,4012.0,4092.6,25273850,4501.8,3683.4,4440.0,3288.1,4017.7,19,2,4017.5,64,5,4017.4,30,1,4017.3,10,1,4017.1,8,4,4017.8,1,1,4017.9,1,1,4018.0,12,2,4018.5,42,2,4018.6,5,1
11483,2026-07-02 13:37:37+05:30,4017.8,1,4036.88,1484574,145770.0,179169.0,4100.0,4110.0,4012.0,4092.6,25273850,4501.8,3683.4,4440.0,3288.1,4017.7,19,2,4017.5,64,5,4017.4,30,1,4017.3,10,1,4017.1,8,4,4017.8,1,1,4017.9,1,1,4018.0,12,2,4018.5,42,2,4018.6,5,1
11483,2026-07-02 13:37:37+05:30,4017.5,1,4036.88,1484610,145692.0,179172.0,4100.0,4110.0,4012.0,4092.6,25273850,4501.8,3683.4,4440.0,3288.1,4017.5,63,5,4017.4,30,1,4017.3,10,1,4017.1,40,5,4017.0,553,26,4017.7,5,1,4017.8,1,1,4017.9,1,1,4018.0,12,2,4018.5,42,2
11483,2026-07-02 13:37:38+05:30,4017.5,4,4036.88,1484610,145692.0,179172.0,4100.0,4110.0,4012.0,4092.6,25273850,4501.8,3683.4,4440.0,3288.1,4017.5,63,5,4017.4,30,1,4017.3,10,1,4017.1,40,5,4017.0,553,26,4017.7,5,1,4017.8,1,1,4017.9,1,1,4018.0,12,2,4018.5,42,2
11483,2026-07-02 13:37:38+05:30,4018.0,3,4036.88,1484631,145981.0,179119.0,4100.0,4110.0,4012.0,4092.6,25273850,4501.8,3683.4,4440.0,3288.1,4017.7,79,1,4017.6,42,1,4017.5,101,6,4017.4,30,1,4017.3,52,2,4018.0,9,2,4018.5,1,1,4018.8,69,4,4018.9,4,1,4019.0,145,3
11483,2026-07-02 13:37:39+05:30,4017.7,1,4036.88,1484631,145981.0,179119.0,4100.0,4110.0,4012.0,4092.6,25273850,4501.8,3683.4,4440.0,3288.1,4017.7,79,1,4017.6,42,1,4017.5,101,6,4017.4,30,1,4017.3,52,2,4018.0,9,2,4018.5,1,1,4018.8,69,4,4018.9,4,1,4019.0,145,3
11483,2026-07-02 13:37:39+05:30,4017.9,1,4036.88,1484645,146004.0,179277.0,4100.0,4110.0,4012.0,4092.6,25273850,4501.8,3683.4,4440.0,3288.1,4017.9,73,1,4017.8,42,1,4017.7,43,2,4017.6,1,1,4017.5,101,6,4018.0,1,1,4018.5,1,1,4018.8,56,3,4019.0,95,2,4019.1,94,4
11483,2026-07-02 13:37:40+05:30,4017.9,1,4036.88,1484645,146004.0,179277.0,4100.0,4110.0,4012.0,4092.6,25273850,4501.8,3683.4,4440.0,3288.1,4017.9,73,1,4017.8,42,1,4017.7,43,2,4017.6,1,1,4017.5,101,6,4018.0,1,1,4018.5,1,1,4018.8,56,3,4019.0,95,2,4019.1,94,4
11483,2026-07-02 13:37:40+05:30,4017.9,3,4036.88,1484722,146129.0,179583.0,4100.0,4110.0,4012.0,4092.6,25273850,4501.8,3683.4,4440.0,3288.1,4017.9,80,2,4017.8,42,1,4017.7,43,2,4017.6,1,1,4017.5,301,7,4018.0,12,3,4018.1,5,1,4018.5,13,1,4018.6,13,1,4018.8,54,3
11483,2026-07-02 13:37:41+05:30,4017.9,1,4036.88,1484722,146129.0,179583.0,4100.0,4110.0,4012.0,4092.6,25273850,4501.8,3683.4,4440.0,3288.1,4017.9,80,2,4017.8,42,1,4017.7,43,2,4017.6,1,1,4017.5,301,7,4018.0,12,3,4018.1,5,1,4018.5,13,1,4018.6,13,1,4018.8,54,3
11483,2026-07-02 13:37:41+05:30,4018.0,1,4036.88,1484755,146254.0,179463.0,4100.0,4110.0,4012.0,4092.6,25273850,4501.8,3683.4,4440.0,3288.1,4018.0,45,1,4017.9,44,2,4017.8,42,1,4017.7,1,1,4017.6,43,2,4018.5,1,1,4018.8,22,3,4019.0,95,2,4019.1,93,4,4019.2,56,4
11483,2026-07-02 13:37:42+05:30,4018.5,1,4036.88,1484755,146254.0,179463.0,4100.0,4110.0,4012.0,4092.6,25273850,4501.8,3683.4,4440.0,3288.1,4018.0,45,1,4017.9,44,2,4017.8,42,1,4017.7,1,1,4017.6,43,2,4018.5,1,1,4018.8,22,3,4019.0,95,2,4019.1,93,4,4019.2,56,4
11483,2026-07-02 13:37:42+05:30,4018.8,1,4036.88,1484766,146167.0,179255.0,4100.0,4110.0,4012.0,4092.6,25273850,4501.8,3683.4,4440.0,3288.1,4018.4,40,1,4018.3,42,1,4018.1,42,1,4017.9,44,2,4017.6,34,2,4018.8,6,1,4019.0,95,2,4019.1,65,1,4019.2,5,1,4019.4,97,3
11483,2026-07-02 13:37:43+05:30,4018.4,1,4036.88,1484766,146167.0,179255.0,4100.0,4110.0,4012.0,4092.6,25273850,4501.8,3683.4,4440.0,3288.1,4018.4,40,1,4018.3,42,1,4018.1,42,1,4017.9,44,2,4017.6,34,2,4018.8,6,1,4019.0,95,2,4019.1,65,1,4019.2,5,1,4019.4,97,3
11483,2026-07-02 13:37:43+05:30,4018.4,1,4036.88,1484887,146024.0,179086.0,4100.0,4110.0,4012.0,4092.6,25273850,4501.8,3683.4,4440.0,3288.1,4018.2,42,1,4018.0,42,1,4017.9,2,1,4017.8,42,1,4017.6,1,1,4018.4,97,2,4018.7,13,1,4019.0,1,1,4019.1,71,2,4019.2,5,1
11483,2026-07-02 13:37:44+05:30,4018.4,1,4036.88,1484887,146024.0,179086.0,4100.0,4110.0,4012.0,4092.6,25273850,4501.8,3683.4,4440.0,3288.1,4018.2,42,1,4018.0,42,1,4017.9,2,1,4017.8,42,1,4017.6,1,1,4018.4,97,2,4018.7,13,1,4019.0,1,1,4019.1,71,2,4019.2,5,1
11483,2026-07-02 13:37:44+05:30,4018.4,66,4036.87,1485342,147200.0,178719.0,4100.0,4110.0,4012.0,4092.6,25273850,4501.8,3683.4,4440.0,3288.1,4018.4,264,2,4018.3,367,2,4018.2,353,2,4018.0,85,3,4017.9,2,1,4018.7,70,1,4019.2,5,1,4019.5,35,1,4019.6,2,1,4019.7,12,1
11483,2026-07-02 13:37:45+05:30,4018.7,10,4036.87,1485342,147200.0,178719.0,4100.0,4110.0,4012.0,4092.6,25273850,4501.8,3683.4,4440.0,3288.1,4018.4,264,2,4018.3,367,2,4018.2,353,2,4018.0,85,3,4017.9,2,1,4018.7,70,1,4019.2,5,1,4019.5,35,1,4019.6,2,1,4019.7,12,1
11483,2026-07-02 13:37:45+05:30,4018.7,3,4036.87,1485470,147283.0,178687.0,4100.0,4110.0,4012.0,4092.6,25273850,4501.8,3683.4,4440.0,3288.1,4018.6,225,3,4018.5,367,2,4018.4,341,2,4018.3,24,1,4018.2,152,5,4018.7,67,1,4019.2,11,1,4019.6,2,1,4019.9,27,3,4020.0,36,3
11483,2026-07-02 13:37:46+05:30,4018.6,2,4036.87,1485470,147283.0,178687.0,4100.0,4110.0,4012.0,4092.6,25273850,4501.8,3683.4,4440.0,3288.1,4018.6,225,3,4018.5,367,2,4018.4,341,2,4018.3,24,1,4018.2,152,5,4018.7,67,1,4019.2,11,1,4019.6,2,1,4019.9,27,3,4020.0,36,3
11483,2026-07-02 13:37:46+05:30,4019.2,1,4036.87,1485647,147333.0,178134.0,4100.0,4110.0,4012.0,4092.6,25273850,4501.8,3683.4,4440.0,3288.1,4018.7,43,2,4018.6,367,2,4018.5,325,1,4018.4,16,1,4018.3,134,4,4019.2,10,1,4019.9,27,3,4020.0,31,3,4020.1,8,1,4020.3,34,2
11483,2026-07-02 13:37:47+05:30,4018.6,157,4036.87,1485647,147333.0,178134.0,4100.0,4110.0,4012.0,4092.6,25273850,4501.8,3683.4,4440.0,3288.1,4018.7,43,2,4018.6,367,2,4018.5,325,1,4018.4,16,1,4018.3,134,4,4019.2,10,1,4019.9,27,3,4020.0,31,3,4020.1,8,1,4020.3,34,2
11483,2026-07-02 13:37:47+05:30,4019.2,1,4036.86,1486030,147385.0,178378.0,4100.0,4110.0,4012.0,4092.6,25273850,4501.8,3683.4,4440.0,3288.1,4019.0,304,2,4018.9,42,1,4018.8,325,1,4018.6,286,4,4018.4,100,3,4019.2,10,1,4019.4,78,1,4019.9,25,2,4020.0,23,2,4020.1,8,1
11483,2026-07-02 13:37:48+05:30,4019.0,46,4036.86,1486030,147385.0,178378.0,4100.0,4110.0,4012.0,4092.6,25273850,4501.8,3683.4,4440.0,3288.1,4019.0,304,2,4018.9,42,1,4018.8,325,1,4018.6,286,4,4018.4,100,3,4019.2,10,1,4019.4,78,1,4019.9,25,2,4020.0,23,2,4020.1,8,1
11483,2026-07-02 13:37:48+05:30,4019.9,1,4036.85,1487142,148450.0,177103.0,4100.0,4110.0,4012.0,4092.6,25273850,4501.8,3683.4,4440.0,3288.1,4019.0,19,1,4018.9,325,1,4018.8,25,2,4018.7,148,5,4018.6,194,2,4019.9,4,1,4020.0,15,1,4020.6,86,3,4020.7,3,1,4020.9,22,3
11483,2026-07-02 13:37:49+05:30,4019.0,1,4036.85,1487142,148450.0,177103.0,4100.0,4110.0,4012.0,4092.6,25273850,4501.8,3683.4,4440.0,3288.1,4019.0,19,1,4018.9,325,1,4018.8,25,2,4018.7,148,5,4018.6,194,2,4019.9,4,1,4020.0,15,1,4020.6,86,3,4020.7,3,1,4020.9,22,3
11483,2026-07-02 13:37:49+05:30,4019.9,1,4036.85,1487354,149499.0,177102.0,4100.0,4110.0,4012.0,4092.6,25273850,4501.8,3683.4,4440.0,3288.1,4019.0,522,5,4018.9,32,1,4018.8,332,2,4018.7,31,2,4018.6,318,5,4019.9,5,2,4020.6,1,1,4020.7,3,1,4020.9,22,3,4021.0,57,2
11483,2026-07-02 13:37:50+05:30,4019.0,26,4036.85,1487354,149499.0,177102.0,4100.0,4110.0,4012.0,4092.6,25273850,4501.8,3683.4,4440.0,3288.1,4019.0,522,5,4018.9,32,1,4018.8,332,2,4018.7,31,2,4018.6,318,5,4019.9,5,2,4020.6,1,1,4020.7,3,1,4020.9,22,3,4021.0,57,2
11483,2026-07-02 13:37:50+05:30,4019.9,1,4036.84,1487381,151017.0,177023.0,4100.0,4110.0,4012.0,4092.6,25273850,4501.8,3683.4,4440.0,3288.1,4019.5,466,3,4019.4,42,1,4019.3,357,2,4019.1,141,5,4019.0,16,1,4019.9,4,2,4020.6,1,1,4020.7,3,1,4020.9,9,2,4021.0,57,2
11483,2026-07-02 13:37:51+05:30,4019.5,5,4036.84,1487381,151017.0,177023.0,4100.0,4110.0,4012.0,4092.6,25273850,4501.8,3683.4,4440.0,3288.1,4019.5,466,3,4019.4,42,1,4019.3,357,2,4019.1,141,5,4019.0,16,1,4019.9,4,2,4020.6,1,1,4020.7,3,1,4020.9,9,2,4021.0,57,2
11483,2026-07-02 13:37:51+05:30,4019.9,1,4036.84,1487418,150864.0,176838.0,4100.0,4110.0,4012.0,4092.6,25273850,4501.8,3683.4,4440.0,3288.1,4019.7,451,3,4019.6,42,1,4019.5,325,1,4019.4,31,2,4019.3,116,3,4019.9,7,2,4020.9,3,1,4021.0,50,1,4021.1,8,2,4021.2,13,1
11483,2026-07-02 13:37:52+05:30,4019.9,10,4036.84,1487418,150864.0,176838.0,4100.0,4110.0,4012.0,4092.6,25273850,4501.8,3683.4,4440.0,3288.1,4019.7,451,3,4019.6,42,1,4019.5,325,1,4019.4,31,2,4019.3,116,3,4019.9,7,2,4020.9,3,1,4021.0,50,1,4021.1,8,2,4021.2,13,1
11483,2026-07-02 13:37:52+05:30,4020.5,1,4036.84,1487452,150752.0,176083.0,4100.0,4110.0,4012.0,4092.6,25273850,4501.8,3683.4,4440.0,3288.1,4019.9,402,2,4019.8,42,1,4019.7,325,1,4019.5,84,2,4019.3,116,3,4020.5,38,1,4020.6,29,1,4020.8,20,1,4021.0,66,2,4021.1,11,3
11483,2026-07-02 13:37:53+05:30,4020.3,59,4036.84,1487452,150752.0,176083.0,4100.0,4110.0,4012.0,4092.6,25273850,4501.8,3683.4,4440.0,3288.1,4019.9,402,2,4019.8,42,1,4019.7,325,1,4019.5,84,2,4019.3,116,3,4020.5,38,1,4020.6,29,1,4020.8,20,1,4021.0,66,2,4021.1,11,3
11483,2026-07-02 13:37:53+05:30,4020.5,1,4036.84,1487516,151052.0,176220.0,4100.0,4110.0,4012.0,4092.6,25273850,4501.8,3683.4,4440.0,3288.1,4020.3,339,2,4020.2,42,1,4020.1,325,1,4019.9,84,2,4019.8,35,1,4020.4,59,1,4020.8,20,1,4021.0,66,2,4021.1,8,2,4021.2,13,1
11483,2026-07-02 13:37:54+05:30,4020.5,1,4036.84,1487516,151052.0,176220.0,4100.0,4110.0,4012.0,4092.6,25273850,4501.8,3683.4,4440.0,3288.1,4020.3,339,2,4020.2,42,1,4020.1,325,1,4019.9,84,2,4019.8,35,1,4020.4,59,1,4020.8,20,1,4021.0,66,2,4021.1,8,2,4021.2,13,1
11483,2026-07-02 13:37:54+05:30,4020.4,20,4036.84,1487967,151069.0,176134.0,4100.0,4110.0,4012.0,4092.6,25273850,4501.8,3683.4,4440.0,3288.1,4020.4,526,2,4020.2,325,1,4020.0,84,2,4019.8,84,2,4018.9,168,3,4020.5,22,4,4020.6,35,2,4020.8,20,1,4020.9,13,1,4021.0,77,4
11483,2026-07-02 13:37:55+05:30,4020.4,54,4036.84,1487967,151069.0,176134.0,4100.0,4110.0,4012.0,4092.6,25273850,4501.8,3683.4,4440.0,3288.1,4020.4,526,2,4020.2,325,1,4020.0,84,2,4019.8,84,2,4018.9,168,3,4020.5,22,4,4020.6,35,2,4020.8,20,1,4020.9,13,1,4021.0,77,4
11483,2026-07-02 13:37:55+05:30,4020.0,1,4036.83,1489013,149252.0,177689.0,4100.0,4110.0,4012.0,4092.6,25273850,4501.8,3683.4,4440.0,3288.1,4019.9,199,2,4019.3,84,2,4018.6,181,2,4018.5,102,2,4018.4,124,1,4020.0,48,6,4020.1,11,1,4020.2,39,4,4020.3,13,1,4020.4,209,5
11483,2026-07-02 13:37:56+05:30,4019.9,125,4036.83,1489013,149252.0,177689.0,4100.0,4110.0,4012.0,4092.6,25273850,4501.8,3683.4,4440.0,3288.1,4019.9,199,2,4019.3,84,2,4018.6,181,2,4018.5,102,2,4018.4,124,1,4020.0,48,6,4020.1,11,1,4020.2,39,4,4020.3,13,1,4020.4,209,5
11483,2026-07-02 13:37:56+05:30,4020.1,1,4036.82,1489188,149297.0,177319.0,4100.0,4110.0,4012.0,4092.6,25273850,4501.8,3683.4,4440.0,3288.1,4019.8,325,1,4019.6,42,1,4019.4,42,1,4018.8,8,1,4018.7,34,2,4020.2,1,1,4020.3,13,1,4020.4,201,3,4020.6,48,3,4020.7,7,1
11483,2026-07-02 13:37:57+05:30,4019.8,21,4036.82,1489188,149297.0,177319.0,4100.0,4110.0,4012.0,4092.6,25273850,4501.8,3683.4,4440.0,3288.1,4019.8,325,1,4019.6,42,1,4019.4,42,1,4018.8,8,1,4018.7,34,2,4020.2,1,1,4020.3,13,1,4020.4,201,3,4020.6,48,3,4020.7,7,1
11483,2026-07-02 13:37:57+05:30,4020.1,1,4036.82,1489211,147838.0,177314.0,4100.0,4110.0,4012.0,4092.6,25273850,4501.8,3683.4,4440.0,3288.1,4019.9,1,1,4018.6,23,1,4018.5,43,2,4018.3,13,1,4018.2,64,2,4020.1,36,4,4020.2,20,4,4020.3,3,1,4020.4,201,3,4020.6,48,3
11483,2026-07-02 13:37:58+05:30,4019.9,1,4036.82,1489211,147838.0,177314.0,4100.0,4110.0,4012.0,4092.6,25273850,4501.8,3683.4,4440.0,3288.1,4019.9,1,1,4018.6,23,1,4018.5,43,2,4018.3,13,1,4018.2,64,2,4020.1,36,4,4020.2,20,4,4020.3,3,1,4020.4,201,3,4020.6,48,3
11483,2026-07-02 13:37:58+05:30,4020.0,6,4036.82,1489220,148355.0,177506.0,4100.0,4110.0,4012.0,4092.6,25273850,4501.8,3683.4,4440.0,3288.1,4018.7,10,1,4018.6,115,5,4018.5,99,4,4018.4,38,1,4018.3,52,2,4020.0,8,1,4020.1,2,1,4020.2,6,2,4020.3,3,1,4020.4,201,3
11483,2026-07-02 13:37:59+05:30,4018.7,1,4036.82,1489220,148355.0,177506.0,4100.0,4110.0,4012.0,4092.6,25273850,4501.8,3683.4,4440.0,3288.1,4018.7,10,1,4018.6,115,5,4018.5,99,4,4018.4,38,1,4018.3,52,2,4020.0,8,1,4020.1,2,1,4020.2,6,2,4020.3,3,1,4020.4,201,3
11483,2026-07-02 13:37:59+05:30,4019.9,1,4036.82,1489223,148357.0,177686.0,4100.0,4110.0,4012.0,4092.6,25273850,4501.8,3683.4,4440.0,3288.1,4018.7,9,1,4018.6,31,2,4018.5,63,3,4018.4,24,1,4018.2,101,3,4019.9,174,1,4020.0,10,2,4020.1,8,1,4020.2,9,3,4020.3,38,1
11483,2026-07-02 13:38:00+05:30,4018.7,1,4036.82,1489223,148357.0,177686.0,4100.0,4110.0,4012.0,4092.6,25273850,4501.8,3683.4,4440.0,3288.1,4018.7,9,1,4018.6,31,2,4018.5,63,3,4018.4,24,1,4018.2,101,3,4019.9,174,1,4020.0,10,2,4020.1,8,1,4020.2,9,3,4020.3,38,1
11483,2026-07-02 13:38:00+05:30,4018.7,1,4036.82,1489225,148386.0,177643.0,4100.0,4110.0,4012.0,4092.6,25273850,4501.8,3683.4,4440.0,3288.1,4019.2,10,3,4019.0,2,1,4018.8,27,1,4018.7,24,1,4018.6,3,1,4019.9,174,1,4020.0,10,2,4020.2,9,3,4020.3,38,1,4020.4,26,2
11483,2026-07-02 13:38:01+05:30,4019.2,1,4036.82,1489226,149511.0,177434.0,4100.0,4110.0,4012.0,4092.6,25273850,4501.8,3683.4,4440.0,3288.1,4019.5,300,1,4019.2,10,3,4019.1,24,1,4019.0,2,1,4018.8,61,2,4019.9,176,2,4020.0,8,1,4020.2,5,1,4020.4,26,2,4020.6,32,1
11483,2026-07-02 13:38:02+05:30,4019.5,1,4036.82,1489226,149511.0,177434.0,4100.0,4110.0,4012.0,4092.6,25273850,4501.8,3683.4,4440.0,3288.1,4019.5,300,1,4019.2,10,3,4019.1,24,1,4019.0,2,1,4018.8,61,2,4019.9,176,2,4020.0,8,1,4020.2,5,1,4020.4,26,2,4020.6,32,1
11483,2026-07-02 13:38:02+05:30,4019.9,10,4036.82,1489238,149548.0,177400.0,4100.0,4110.0,4012.0,4092.6,25273850,4501.8,3683.4,4440.0,3288.1,4019.5,298,1,4019.2,34,4,4019.0,2,1,4018.8,61,2,4018.7,50,3,4019.9,166,2,4020.0,8,1,4020.2,5,1,4020.4,26,2,4020.6,32,1
11483,2026-07-02 13:38:03+05:30,4019.5,2,4036.82,1489238,149548.0,177400.0,4100.0,4110.0,4012.0,4092.6,25273850,4501.8,3683.4,4440.0,3288.1,4019.5,298,1,4019.2,34,4,4019.0,2,1,4018.8,61,2,4018.7,50,3,4019.9,166,2,4020.0,8,1,4020.2,5,1,4020.4,26,2,4020.6,32,1
11483,2026-07-02 13:38:03+05:30,4019.5,1,4036.82,1489241,149551.0,177399.0,4100.0,4110.0,4012.0,4092.6,25273850,4501.8,3683.4,4440.0,3288.1,4019.5,295,1,4019.2,34,4,4019.0,2,1,4018.8,61,2,4018.7,50,3,4019.9,166,2,4020.0,8,1,4020.2,5,1,4020.4,26,2,4020.6,32,1
11483,2026-07-02 13:38:04+05:30,4019.5,1,4036.82,1489241,149551.0,177399.0,4100.0,4110.0,4012.0,4092.6,25273850,4501.8,3683.4,4440.0,3288.1,4019.5,295,1,4019.2,34,4,4019.0,2,1,4018.8,61,2,4018.7,50,3,4019.9,166,2,4020.0,8,1,4020.2,5,1,4020.4,26,2,4020.6,32,1
11483,2026-07-02 13:38:04+05:30,4019.5,30,4036.82,1489275,149503.0,177483.0,4100.0,4110.0,4012.0,4092.6,25273850,4501.8,3683.4,4440.0,3288.1,4019.5,263,1,4019.2,34,4,4019.0,2,1,4018.8,61,2,4018.7,50,3,4019.9,164,2,4020.0,8,1,4020.2,5,1,4020.4,26,2,4020.6,32,1
11483,2026-07-02 13:38:05+05:30,4019.9,10,4036.82,1489275,149503.0,177483.0,4100.0,4110.0,4012.0,4092.6,25273850,4501.8,3683.4,4440.0,3288.1,4019.5,263,1,4019.2,34,4,4019.0,2,1,4018.8,61,2,4018.7,50,3,4019.9,164,2,4020.0,8,1,4020.2,5,1,4020.4,26,2,4020.6,32,1
11483,2026-07-02 13:38:05+05:30,4019.5,1,4036.82,1489290,149532.0,177473.0,4100.0,4110.0,4012.0,4092.6,25273850,4501.8,3683.4,4440.0,3288.1,4019.5,258,1,4019.2,34,4,4019.0,2,1,4018.8,61,2,4018.7,50,3,4019.9,154,2,4020.0,8,1,4020.2,5,1,4020.4,26,2,4020.6,32,1
11483,2026-07-02 13:38:06+05:30,4019.5,2,4036.82,1489290,149532.0,177473.0,4100.0,4110.0,4012.0,4092.6,25273850,4501.8,3683.4,4440.0,3288.1,4019.5,258,1,4019.2,34,4,4019.0,2,1,4018.8,61,2,4018.7,50,3,4019.9,154,2,4020.0,8,1,4020.2,5,1,4020.4,26,2,4020.6,32,1
11483,2026-07-02 13:38:06+05:30,4019.5,1,4036.82,1489301,149529.0,177467.0,4100.0,4110.0,4012.0,4092.6,25273850,4501.8,3683.4,4440.0,3288.1,4019.5,255,1,4019.2,34,4,4019.0,2,1,4018.8,61,2,4018.7,50,3,4019.9,146,2,4020.0,8,1,4020.2,5,1,4020.4,26,2,4020.6,32,1
11483,2026-07-02 13:38:07+05:30,4019.5,1,4036.82,1489301,149529.0,177467.0,4100.0,4110.0,4012.0,4092.6,25273850,4501.8,3683.4,4440.0,3288.1,4019.5,255,1,4019.2,34,4,4019.0,2,1,4018.8,61,2,4018.7,50,3,4019.9,146,2,4020.0,8,1,4020.2,5,1,4020.4,26,2,4020.6,32,1
11483,2026-07-02 13:38:07+05:30,4019.5,1,4036.82,1489304,149655.0,177471.0,4100.0,4110.0,4012.0,4092.6,25273850,4501.8,3683.4,4440.0,3288.1,4019.5,252,1,4019.2,34,4,4019.0,3,2,4018.8,61,2,4018.7,36,2,4019.9,148,3,4020.0,8,1,4020.2,5,1,4020.4,26,2,4020.6,32,1
11483,2026-07-02 13:38:08+05:30,4019.5,1,4036.82,1489304,149655.0,177471.0,4100.0,4110.0,4012.0,4092.6,25273850,4501.8,3683.4,4440.0,3288.1,4019.5,252,1,4019.2,34,4,4019.0,3,2,4018.8,61,2,4018.7,36,2,4019.9,148,3,4020.0,8,1,4020.2,5,1,4020.4,26,2,4020.6,32,1
11483,2026-07-02 13:38:08+05:30,4019.5,1,4036.82,1489305,149664.0,177471.0,4100.0,4110.0,4012.0,4092.6,25273850,4501.8,3683.4,4440.0,3288.1,4019.5,251,1,4019.2,34,4,4019.1,10,1,4019.0,3,2,4018.8,61,2,4019.9,148,3,4020.0,8,1,4020.2,5,1,4020.4,26,2,4020.6,32,1
11483,2026-07-02 13:38:09+05:30,4019.9,1,4036.82,1489305,149664.0,177471.0,4100.0,4110.0,4012.0,4092.6,25273850,4501.8,3683.4,4440.0,3288.1,4019.5,251,1,4019.2,34,4,4019.1,10,1,4019.0,3,2,4018.8,61,2,4019.9,148,3,4020.0,8,1,4020.2,5,1,4020.4,26,2,4020.6,32,1
11483,2026-07-02 13:38:09+05:30,4019.7,1,4036.82,1489308,149856.0,177000.0,4100.0,4110.0,4012.0,4092.6,25273850,4501.8,3683.4,4440.0,3288.1,4019.5,298,4,4019.3,26,1,4019.2,22,4,4019.1,47,3,4019.0,33,4,4019.9,147,3,4020.2,5,1,4020.4,7,1,4020.7,16,1,4020.8,39,2
11483,2026-07-02 13:38:10+05:30,4019.5,1,4036.82,1489308,149856.0,177000.0,4100.0,4110.0,4012.0,4092.6,25273850,4501.8,3683.4,4440.0,3288.1,4019.5,298,4,4019.3,26,1,4019.2,22,4,4019.1,47,3,4019.0,33,4,4019.9,147,3,4020.2,5,1,4020.4,7,1,4020.7,16,1,4020.8,39,2
11483,2026-07-02 13:38:10+05:30,4019.9,1,4036.82,1489322,149898.0,177051.0,4100.0,4110.0,4012.0,4092.6,25273850,4501.8,3683.4,4440.0,3288.1,4019.5,285,4,4019.3,26,1,4019.2,21,3,4019.1,47,3,4019.0,33,4,4019.9,146,3,4020.2,5,1,4020.4,7,1,4020.8,39,2,4020.9,35,3
11483,2026-07-02 13:38:11+05:30,4019.9,4,4036.82,1489322,149898.0,177051.0,4100.0,4110.0,4012.0,4092.6,25273850,4501.8,3683.4,4440.0,3288.1,4019.5,285,4,4019.3,26,1,4019.2,21,3,4019.1,47,3,4019.0,33,4,4019.9,146,3,4020.2,5,1,4020.4,7,1,4020.8,39,2,4020.9,35,3
11483,2026-07-02 13:38:11+05:30,4019.5,1,4036.82,1489336,150220.0,176967.0,4100.0,4110.0,4012.0,4092.6,25273850,4501.8,3683.4,4440.0,3288.1,4019.5,300,4,4019.4,8,1,4019.2,20,2,4019.1,47,3,4019.0,33,4,4019.9,134,3,4020.2,5,1,4020.4,7,1,4020.8,20,1,4020.9,18,2
11483,2026-07-02 13:38:12+05:30,4019.9,15,4036.82,1489336,150220.0,176967.0,4100.0,4110.0,4012.0,4092.6,25273850,4501.8,3683.4,4440.0,3288.1,4019.5,300,4,4019.4,8,1,4019.2,20,2,4019.1,47,3,4019.0,33,4,4019.9,134,3,4020.2,5,1,4020.4,7,1,4020.8,20,1,4020.9,18,2
11483,2026-07-02 13:38:12+05:30,4019.5,1,4036.82,1489354,150085.0,176845.0,4100.0,4110.0,4012.0,4092.6,25273850,4501.8,3683.4,4440.0,3288.1,4019.5,297,4,4019.4,8,1,4019.2,40,3,4019.1,47,3,4019.0,33,4,4019.9,119,3,4020.2,5,1,4020.4,7,1,4020.8,20,1,4020.9,18,2
11483,2026-07-02 13:38:13+05:30,4019.9,1,4036.82,1489354,150085.0,176845.0,4100.0,4110.0,4012.0,4092.6,25273850,4501.8,3683.4,4440.0,3288.1,4019.5,297,4,4019.4,8,1,4019.2,40,3,4019.1,47,3,4019.0,33,4,4019.9,119,3,4020.2,5,1,4020.4,7,1,4020.8,20,1,4020.9,18,2
11483,2026-07-02 13:38:13+05:30,4019.9,20,4036.82,1489379,150114.0,176921.0,4100.0,4110.0,4012.0,4092.6,25273850,4501.8,3683.4,4440.0,3288.1,4019.5,293,4,4019.2,40,3,4019.1,47,3,4019.0,33,4,4018.8,82,4,4019.9,98,3,4020.0,13,1,4020.2,5,1,4020.8,33,2,4020.9,18,2
11483,2026-07-02 13:38:14+05:30,4019.5,3,4036.82,1489379,150114.0,176921.0,4100.0,4110.0,4012.0,4092.6,25273850,4501.8,3683.4,4440.0,3288.1,4019.5,293,4,4019.2,40,3,4019.1,47,3,4019.0,33,4,4018.8,82,4,4019.9,98,3,4020.0,13,1,4020.2,5,1,4020.8,33,2,4020.9,18,2
11483,2026-07-02 13:38:14+05:30,4019.5,3,4036.82,1489379,150114.0,176921.0,4100.0,4110.0,4012.0,4092.6,25273850,4501.8,3683.4,4440.0,3288.1,4019.5,293,4,4019.2,40,3,4019.1,47,3,4019.0,33,4,4018.8,82,4,4019.9,98,3,4020.0,13,1,4020.2,5,1,4020.8,33,2,4020.9,18,2
11483,2026-07-02 13:38:14+05:30,4019.5,5,4036.82,1489388,150100.0,176955.0,4100.0,4110.0,4012.0,4092.6,25273850,4501.8,3683.4,4440.0,3288.1,4019.5,284,4,4019.2,40,3,4019.1,47,3,4019.0,33,4,4018.8,79,3,4019.9,98,3,4020.0,13,1,4020.2,5,1,4020.7,5,1,4020.8,33,2
11483,2026-07-02 13:38:15+05:30,4019.5,1,4036.82,1489388,150100.0,176955.0,4100.0,4110.0,4012.0,4092.6,25273850,4501.8,3683.4,4440.0,3288.1,4019.5,284,4,4019.2,40,3,4019.1,47,3,4019.0,33,4,4018.8,79,3,4019.9,98,3,4020.0,13,1,4020.2,5,1,4020.7,5,1,4020.8,33,2
11483,2026-07-02 13:38:15+05:30,4019.5,1,4036.82,1489388,150100.0,176955.0,4100.0,4110.0,4012.0,4092.6,25273850,4501.8,3683.4,4440.0,3288.1,4019.5,284,4,4019.2,40,3,4019.1,47,3,4019.0,33,4,4018.8,79,3,4019.9,98,3,4020.0,13,1,4020.2,5,1,4020.7,5,1,4020.8,33,2
11483,2026-07-02 13:38:15+05:30,4019.9,3,4036.82,1489404,150145.0,176915.0,4100.0,4110.0,4012.0,4092.6,25273850,4501.8,3683.4,4440.0,3288.1,4019.5,253,3,4019.2,20,2,4019.1,47,3,4019.0,33,4,4018.8,79,3,4019.9,89,3,4020.0,13,1,4020.2,5,1,4020.7,5,1,4020.8,20,1
11483,2026-07-02 13:38:16+05:30,4019.9,3,4036.82,1489404,150145.0,176915.0,4100.0,4110.0,4012.0,4092.6,25273850,4501.8,3683.4,4440.0,3288.1,4019.5,253,3,4019.2,20,2,4019.1,47,3,4019.0,33,4,4018.8,79,3,4019.9,89,3,4020.0,13,1,4020.2,5,1,4020.7,5,1,4020.8,20,1
11483,2026-07-02 13:38:16+05:30,4019.5,2,4036.82,1489404,150145.0,176915.0,4100.0,4110.0,4012.0,4092.6,25273850,4501.8,3683.4,4440.0,3288.1,4019.5,253,3,4019.2,20,2,4019.1,47,3,4019.0,33,4,4018.8,79,3,4019.9,89,3,4020.0,13,1,4020.2,5,1,4020.7,5,1,4020.8,20,1
11483,2026-07-02 13:38:16+05:30,4019.5,2,4036.82,1489404,150145.0,176915.0,4100.0,4110.0,4012.0,4092.6,25273850,4501.8,3683.4,4440.0,3288.1,4019.5,253,3,4019.2,20,2,4019.1,47,3,4019.0,33,4,4018.8,79,3,4019.9,89,3,4020.0,13,1,4020.2,5,1,4020.7,5,1,4020.8,20,1
11483,2026-07-02 13:38:16+05:30,4019.5,1,4036.82,1489407,150124.0,176945.0,4100.0,4110.0,4012.0,4092.6,25273850,4501.8,3683.4,4440.0,3288.1,4019.5,226,2,4019.4,24,1,4019.2,8,1,4019.1,47,3,4019.0,33,4,4019.9,91,4,4020.0,23,2,4020.2,5,1,4020.7,19,2,4020.8,20,1
11483,2026-07-02 13:38:17+05:30,4019.9,1,4036.82,1489407,150124.0,176945.0,4100.0,4110.0,4012.0,4092.6,25273850,4501.8,3683.4,4440.0,3288.1,4019.5,226,2,4019.4,24,1,4019.2,8,1,4019.1,47,3,4019.0,33,4,4019.9,91,4,4020.0,23,2,4020.2,5,1,4020.7,19,2,4020.8,20,1
11483,2026-07-02 13:38:17+05:30,4019.9,1,4036.82,1489407,150124.0,176945.0,4100.0,4110.0,4012.0,4092.6,25273850,4501.8,3683.4,4440.0,3288.1,4019.5,226,2,4019.4,24,1,4019.2,8,1,4019.1,47,3,4019.0,33,4,4019.9,91,4,4020.0,23,2,4020.2,5,1,4020.7,19,2,4020.8,20,1
11483,2026-07-02 13:38:17+05:30,4019.5,1,4036.82,1489450,150078.0,177051.0,4100.0,4110.0,4012.0,4092.6,25273850,4501.8,3683.4,4440.0,3288.1,4019.5,224,2,4019.2,8,1,4019.1,10,1,4019.0,3,2,4018.8,79,3,4019.9,50,4,4020.0,23,2,4020.2,7,2,4020.7,19,2,4020.8,20,1
11483,2026-07-02 13:38:17+05:30,4019.5,1,4036.82,1489450,150078.0,177051.0,4100.0,4110.0,4012.0,4092.6,25273850,4501.8,3683.4,4440.0,3288.1,4019.5,224,2,4019.2,8,1,4019.1,10,1,4019.0,3,2,4018.8,79,3,4019.9,50,4,4020.0,23,2,4020.2,7,2,4020.7,19,2,4020.8,20,1
11483,2026-07-02 13:38:18+05:30,4019.5,1,4036.82,1489450,150078.0,177051.0,4100.0,4110.0,4012.0,4092.6,25273850,4501.8,3683.4,4440.0,3288.1,4019.5,224,2,4019.2,8,1,4019.1,10,1,4019.0,3,2,4018.8,79,3,4019.9,50,4,4020.0,23,2,4020.2,7,2,4020.7,19,2,4020.8,20,1
11483,2026-07-02 13:38:18+05:30,4019.5,1,4036.82,1489450,150078.0,177051.0,4100.0,4110.0,4012.0,4092.6,25273850,4501.8,3683.4,4440.0,3288.1,4019.5,224,2,4019.2,8,1,4019.1,10,1,4019.0,3,2,4018.8,79,3,4019.9,50,4,4020.0,23,2,4020.2,7,2,4020.7,19,2,4020.8,20,1
11483,2026-07-02 13:38:18+05:30,4019.5,1,4036.82,1489450,150078.0,177051.0,4100.0,4110.0,4012.0,4092.6,25273850,4501.8,3683.4,4440.0,3288.1,4019.5,224,2,4019.2,8,1,4019.1,10,1,4019.0,3,2,4018.8,79,3,4019.9,50,4,4020.0,23,2,4020.2,7,2,4020.7,19,2,4020.8,20,1
11483,2026-07-02 13:38:18+05:30,4019.5,1,4036.82,1489450,150078.0,177051.0,4100.0,4110.0,4012.0,4092.6,25281900,4501.8,3683.4,4440.0,3288.1,4019.5,224,3,4019.4,24,1,4019.2,8,1,4019.1,58,3,4019.0,3,2,4019.9,49,4,4020.0,23,2,4020.2,7,2,4020.7,5,1,4020.8,20,1
11483,2026-07-02 13:38:18+05:30,4019.9,1,4036.82,1489462,150150.0,176925.0,4100.0,4110.0,4012.0,4092.6,25281900,4501.8,3683.4,4440.0,3288.1,4019.5,224,3,4019.4,24,1,4019.2,8,1,4019.1,58,3,4019.0,3,2,4019.9,49,4,4020.0,23,2,4020.2,7,2,4020.7,5,1,4020.8,20,1
11483,2026-07-02 13:38:19+05:30,4019.9,1,4036.82,1489462,150150.0,176925.0,4100.0,4110.0,4012.0,4092.6,25281900,4501.8,3683.4,4440.0,3288.1,4019.5,224,3,4019.4,24,1,4019.2,8,1,4019.1,58,3,4019.0,3,2,4019.9,49,4,4020.0,23,2,4020.2,7,2,4020.7,5,1,4020.8,20,1
11483,2026-07-02 13:38:19+05:30,4019.5,2,4036.82,1489462,150150.0,176925.0,4100.0,4110.0,4012.0,4092.6,25281900,4501.8,3683.4,4440.0,3288.1,4019.5,224,3,4019.4,24,1,4019.2,8,1,4019.1,58,3,4019.0,3,2,4019.9,49,4,4020.0,23,2,4020.2,7,2,4020.7,5,1,4020.8,20,1
11483,2026-07-02 13:38:19+05:30,4019.5,2,4036.82,1489462,150150.0,176925.0,4100.0,4110.0,4012.0,4092.6,25281900,4501.8,3683.4,4440.0,3288.1,4019.5,224,3,4019.4,24,1,4019.2,8,1,4019.1,58,3,4019.0,3,2,4019.9,49,4,4020.0,23,2,4020.2,7,2,4020.7,5,1,4020.8,20,1
11483,2026-07-02 13:38:19+05:30,4019.7,1,4036.82,1489508,150083.0,177076.0,4100.0,4110.0,4012.0,4092.6,25281900,4501.8,3683.4,4440.0,3288.1,4019.5,179,3,4019.4,24,1,4019.2,44,2,4019.1,34,2,4019.0,3,2,4019.9,6,3,4020.0,23,2,4020.2,5,1,4020.7,5,1,4020.8,38,2
11483,2026-07-02 13:38:19+05:30,4019.7,1,4036.82,1489508,150083.0,177076.0,4100.0,4110.0,4012.0,4092.6,25281900,4501.8,3683.4,4440.0,3288.1,4019.5,179,3,4019.4,24,1,4019.2,44,2,4019.1,34,2,4019.0,3,2,4019.9,6,3,4020.0,23,2,4020.2,5,1,4020.7,5,1,4020.8,38,2
11483,2026-07-02 13:38:20+05:30,4019.5,5,4036.82,1489508,150083.0,177076.0,4100.0,4110.0,4012.0,4092.6,25281900,4501.8,3683.4,4440.0,3288.1,4019.5,179,3,4019.4,24,1,4019.2,44,2,4019.1,34,2,4019.0,3,2,4019.9,6,3,4020.0,23,2,4020.2,5,1,4020.7,5,1,4020.8,38,2
11483,2026-07-02 13:38:20+05:30,4019.5,5,4036.82,1489508,150083.0,177076.0,4100.0,4110.0,4012.0,4092.6,25281900,4501.8,3683.4,4440.0,3288.1,4019.5,179,3,4019.4,24,1,4019.2,44,2,4019.1,34,2,4019.0,3,2,4019.9,6,3,4020.0,23,2,4020.2,5,1,4020.7,5,1,4020.8,38,2
11483,2026-07-02 13:38:21+05:30,4019.5,1,4036.82,1489515,149407.0,177916.0,4100.0,4110.0,4012.0,4092.6,25281900,4501.8,3683.4,4440.0,3288.1,4019.5,156,2,4019.4,18,1,4019.2,8,1,4019.1,10,1,4019.0,3,2,4019.6,325,1,4019.7,325,1,4019.9,48,4,4020.0,37,3,4020.1,42,1
11483,2026-07-02 13:38:21+05:30,4019.5,1,4036.82,1489515,149407.0,177916.0,4100.0,4110.0,4012.0,4092.6,25281900,4501.8,3683.4,4440.0,3288.1,4019.5,156,2,4019.4,18,1,4019.2,8,1,4019.1,10,1,4019.0,3,2,4019.6,325,1,4019.7,325,1,4019.9,48,4,4020.0,37,3,4020.1,42,1
11483,2026-07-02 13:38:22+05:30,4019.5,1,4036.82,1489672,149240.0,178277.0,4100.0,4110.0,4012.0,4092.6,25281900,4501.8,3683.4,4440.0,3288.1,4019.1,10,1,4019.0,3,2,4018.7,318,2,4018.5,40,1,4018.4,1,1,4019.5,400,1,4019.6,331,2,4019.7,325,1,4019.9,42,1,4020.0,37,3
11483,2026-07-02 13:38:22+05:30,4019.1,10,4036.82,1489672,149240.0,178277.0,4100.0,4110.0,4012.0,4092.6,25281900,4501.8,3683.4,4440.0,3288.1,4019.1,10,1,4019.0,3,2,4018.7,318,2,4018.5,40,1,4018.4,1,1,4019.5,400,1,4019.6,331,2,4019.7,325,1,4019.9,42,1,4020.0,37,3
11483,2026-07-02 13:38:23+05:30,4018.7,19,4036.82,1489672,149240.0,178277.0,4100.0,4110.0,4012.0,4092.6,25281900,4501.8,3683.4,4440.0,3288.1,4019.1,10,1,4019.0,3,2,4018.7,318,2,4018.5,40,1,4018.4,1,1,4019.5,400,1,4019.6,331,2,4019.7,325,1,4019.9,42,1,4020.0,37,3
11483,2026-07-02 13:38:23+05:30,4018.7,1,4036.82,1489724,149794.0,178682.0,4100.0,4110.0,4012.0,4092.6,25281900,4501.8,3683.4,4440.0,3288.1,4018.7,316,3,4018.5,40,1,4018.4,1,1,4018.0,146,10,4017.9,30,4,4018.8,400,1,4018.9,325,1,4019.0,325,1,4019.1,2,1,4019.2,42,1
11483,2026-07-02 13:38:24+05:30,4018.8,2,4036.82,1489724,149794.0,178682.0,4100.0,4110.0,4012.0,4092.6,25281900,4501.8,3683.4,4440.0,3288.1,4018.7,316,3,4018.5,40,1,4018.4,1,1,4018.0,146,10,4017.9,30,4,4018.8,400,1,4018.9,325,1,4019.0,325,1,4019.1,2,1,4019.2,42,1
11483,2026-07-02 13:38:24+05:30,4018.7,1,4036.82,1489748,148918.0,178286.0,4100.0,4110.0,4012.0,4092.6,25281900,4501.8,3683.4,4440.0,3288.1,4018.7,309,3,4018.5,40,1,4018.4,1,1,4018.0,146,10,4017.9,4,2,4018.8,326,2,4018.9,325,1,4019.1,44,2,4019.3,42,1,4019.8,32,2
11483,2026-07-02 13:38:25+05:30,4018.8,80,4036.82,1489748,148918.0,178286.0,4100.0,4110.0,4012.0,4092.6,25281900,4501.8,3683.4,4440.0,3288.1,4018.7,309,3,4018.5,40,1,4018.4,1,1,4018.0,146,10,4017.9,4,2,4018.8,326,2,4018.9,325,1,4019.1,44,2,4019.3,42,1,4019.8,32,2
11483,2026-07-02 13:38:25+05:30,4018.7,1,4036.81,1490215,148481.0,178217.0,4100.0,4110.0,4012.0,4092.6,25281900,4501.8,3683.4,4440.0,3288.1,4018.7,2,1,4018.5,40,1,4018.4,1,1,4018.0,125,8,4017.9,4,2,4018.8,246,2,4018.9,325,1,4019.1,44,2,4019.3,44,2,4019.8,32,2
11483,2026-07-02 13:38:26+05:30,4018.5,1,4036.81,1490215,148481.0,178217.0,4100.0,4110.0,4012.0,4092.6,25281900,4501.8,3683.4,4440.0,3288.1,4018.7,2,1,4018.5,40,1,4018.4,1,1,4018.0,125,8,4017.9,4,2,4018.8,246,2,4018.9,325,1,4019.1,44,2,4019.3,44,2,4019.8,32,2
11483,2026-07-02 13:38:26+05:30,4019.1,1,4036.8,1490986,149490.0,176438.0,4100.0,4110.0,4012.0,4092.6,25281900,4501.8,3683.4,4440.0,3288.1,4019.3,49,5,4019.2,44,4,4019.1,16,2,4019.0,38,2,4018.9,54,3,4019.9,13,1,4020.0,10,1,4020.2,5,1,4020.6,12,1,4020.8,20,1
11483,2026-07-02 13:38:27+05:30,4019.3,19,4036.8,1490986,149490.0,176438.0,4100.0,4110.0,4012.0,4092.6,25281900,4501.8,3683.4,4440.0,3288.1,4019.3,49,5,4019.2,44,4,4019.1,16,2,4019.0,38,2,4018.9,54,3,4019.9,13,1,4020.0,10,1,4020.2,5,1,4020.6,12,1,4020.8,20,1
11483,2026-07-02 13:38:27+05:30,4019.3,4,4036.8,1491413,149367.0,176364.0,4100.0,4110.0,4012.0,4092.6,25281900,4501.8,3683.4,4440.0,3288.1,4019.3,22,1,4019.2,59,4,4019.1,65,5,4019.0,31,5,4018.9,12,2,4019.9,13,1,4020.0,10,1,4020.2,5,1,4020.6,12,1,4020.8,20,1
11483,2026-07-02 13:38:28+05:30,4019.8,1,4036.8,1491413,149367.0,176364.0,4100.0,4110.0,4012.0,4092.6,25281900,4501.8,3683.4,4440.0,3288.1,4019.3,22,1,4019.2,59,4,4019.1,65,5,4019.0,31,5,4018.9,12,2,4019.9,13,1,4020.0,10,1,4020.2,5,1,4020.6,12,1,4020.8,20,1
11483,2026-07-02 13:38:28+05:30,4019.8,10,4036.8,1491481,149734.0,177958.0,4100.0,4110.0,4012.0,4092.6,25281900,4501.8,3683.4,4440.0,3288.1,4019.3,34,2,4019.2,9,1,4019.0,2,1,4018.9,5,1,4018.8,6,1,4019.8,539,1,4019.9,325,1,4020.0,335,2,4020.2,47,2,4020.4,42,1
11483,2026-07-02 13:38:29+05:30,4019.8,1,4036.8,1491481,149734.0,177958.0,4100.0,4110.0,4012.0,4092.6,25281900,4501.8,3683.4,4440.0,3288.1,4019.3,34,2,4019.2,9,1,4019.0,2,1,4018.9,5,1,4018.8,6,1,4019.8,539,1,4019.9,325,1,4020.0,335,2,4020.2,47,2,4020.4,42,1
11483,2026-07-02 13:38:29+05:30,4019.8,1,4036.8,1491498,149803.0,177333.0,4100.0,4110.0,4012.0,4092.6,25281900,4501.8,3683.4,4440.0,3288.1,4019.5,1,1,4019.3,26,2,4019.0,2,1,4018.9,5,1,4018.8,30,2,4019.6,325,1,4019.7,325,1,4019.9,42,1,4020.0,10,1,4020.1,42,1
11483,2026-07-02 13:38:30+05:30,4019.4,4,4036.8,1491498,149803.0,177333.0,4100.0,4110.0,4012.0,4092.6,25281900,4501.8,3683.4,4440.0,3288.1,4019.5,1,1,4019.3,26,2,4019.0,2,1,4018.9,5,1,4018.8,30,2,4019.6,325,1,4019.7,325,1,4019.9,42,1,4020.0,10,1,4020.1,42,1
11483,2026-07-02 13:38:30+05:30,4019.4,4,4036.8,1491505,149119.0,177993.0,4100.0,4110.0,4012.0,4092.6,25281900,4501.8,3683.4,4440.0,3288.1,4019.0,2,1,4018.9,5,1,4018.8,6,1,4018.7,16,3,4018.6,12,3,4019.4,525,1,4019.5,325,1,4019.6,325,1,4019.8,42,1,4019.9,3,1
11483,2026-07-02 13:38:31+05:30,4019.2,1,4036.8,1491505,149119.0,177993.0,4100.0,4110.0,4012.0,4092.6,25281900,4501.8,3683.4,4440.0,3288.1,4019.0,2,1,4018.9,5,1,4018.8,6,1,4018.7,16,3,4018.6,12,3,4019.4,525,1,4019.5,325,1,4019.6,325,1,4019.8,42,1,4019.9,3,1
11483,2026-07-02 13:38:31+05:30,4019.2,1,4036.8,1491514,149147.0,177537.0,4100.0,4110.0,4012.0,4092.6,25281900,4501.8,3683.4,4440.0,3288.1,4019.0,1,1,4018.8,6,1,4018.7,16,3,4018.6,12,3,4018.5,10,2,4019.2,317,1,4019.3,325,1,4019.5,42,1,4019.7,42,1,4019.9,3,1
11483,2026-07-02 13:38:32+05:30,4018.9,1,4036.8,1491514,149147.0,177537.0,4100.0,4110.0,4012.0,4092.6,25281900,4501.8,3683.4,4440.0,3288.1,4019.0,1,1,4018.8,6,1,4018.7,16,3,4018.6,12,3,4018.5,10,2,4019.2,317,1,4019.3,325,1,4019.5,42,1,4019.7,42,1,4019.9,3,1
11483,2026-07-02 13:38:32+05:30,4018.7,1,4036.8,1491517,148945.0,177746.0,4100.0,4110.0,4012.0,4092.6,25281900,4501.8,3683.4,4440.0,3288.1,4018.7,39,3,4018.6,30,2,4018.5,14,2,4018.4,28,3,4018.3,11,2,4018.9,325,1,4019.1,42,1,4019.2,317,1,4019.3,42,1,4019.9,3,1
11483,2026-07-02 13:38:33+05:30,4018.9,1,4036.8,1491517,148945.0,177746.0,4100.0,4110.0,4012.0,4092.6,25281900,4501.8,3683.4,4440.0,3288.1,4018.7,39,3,4018.6,30,2,4018.5,14,2,4018.4,28,3,4018.3,11,2,4018.9,325,1,4019.1,42,1,4019.2,317,1,4019.3,42,1,4019.9,3,1
11483,2026-07-02 13:38:33+05:30,4019.3,42,4036.78,1492844,149822.0,176242.0,4100.0,4110.0,4012.0,4092.6,25281900,4501.8,3683.4,4440.0,3288.1,4019.5,12,1,4019.4,39,3,4019.3,26,3,4019.2,32,4,4019.1,66,4,4020.0,15,2,4020.2,5,1,4020.3,15,1,4020.8,20,1,4020.9,13,1
11483,2026-07-02 13:38:34+05:30,4019.5,16,4036.78,1492844,149822.0,176242.0,4100.0,4110.0,4012.0,4092.6,25281900,4501.8,3683.4,4440.0,3288.1,4019.5,12,1,4019.4,39,3,4019.3,26,3,4019.2,32,4,4019.1,66,4,4020.0,15,2,4020.2,5,1,4020.3,15,1,4020.8,20,1,4020.9,13,1
11483,2026-07-02 13:38:34+05:30,4019.4,24,4036.78,1492977,149622.0,176692.0,4100.0,4110.0,4012.0,4092.6,25281900,4501.8,3683.4,4440.0,3288.1,4019.1,36,2,4019.0,31,2,4018.9,3,1,4018.8,37,4,4018.7,3,1,4019.4,313,1,4019.5,16,1,4020.0,15,2,4020.2,5,1,4020.3,43,3
11483,2026-07-02 13:38:35+05:30,4019.5,5,4036.78,1492977,149622.0,176692.0,4100.0,4110.0,4012.0,4092.6,25281900,4501.8,3683.4,4440.0,3288.1,4019.1,36,2,4019.0,31,2,4018.9,3,1,4018.8,37,4,4018.7,3,1,4019.4,313,1,4019.5,16,1,4020.0,15,2,4020.2,5,1,4020.3,43,3
11483,2026-07-02 13:38:35+05:30,4019.1,1,4036.78,1492999,149839.0,176316.0,4100.0,4110.0,4012.0,4092.6,25281900,4501.8,3683.4,4440.0,3288.1,4019.2,164,6,4019.1,58,3,4019.0,22,3,4018.9,3,1,4018.8,61,5,4019.5,11,1,4020.0,15,2,4020.2,5,1,4020.3,15,1,4020.6,27,3
11483,2026-07-02 13:38:36+05:30,4019.5,16,4036.78,1492999,149839.0,176316.0,4100.0,4110.0,4012.0,4092.6,25281900,4501.8,3683.4,4440.0,3288.1,4019.2,164,6,4019.1,58,3,4019.0,22,3,4018.9,3,1,4018.8,61,5,4019.5,11,1,4020.0,15,2,4020.2,5,1,4020.3,15,1,4020.6,27,3
11483,2026-07-02 13:38:36+05:30,4019.4,1,4036.78,1493079,150087.0,176354.0,4100.0,4110.0,4012.0,4092.6,25281900,4501.8,3683.4,4440.0,3288.1,4019.4,62,5,4019.3,138,3,4019.2,101,3,4019.1,71,3,4019.0,10,2,4019.5,16,1,4020.0,15,2,4020.2,5,1,4020.3,15,1,4020.6,25,2
11483,2026-07-02 13:38:37+05:30,4019.5,1,4036.78,1493079,150087.0,176354.0,4100.0,4110.0,4012.0,4092.6,25281900,4501.8,3683.4,4440.0,3288.1,4019.4,62,5,4019.3,138,3,4019.2,101,3,4019.1,71,3,4019.0,10,2,4019.5,16,1,4020.0,15,2,4020.2,5,1,4020.3,15,1,4020.6,25,2
11483,2026-07-02 13:38:37+05:30,4019.5,1,4036.78,1493109,150231.0,176383.0,4100.0,4110.0,4012.0,4092.6,25281900,4501.8,3683.4,4440.0,3288.1,4019.5,48,4,4019.4,4,2,4019.3,137,3,4019.2,98,3,4019.1,71,3,4020.0,115,3,4020.2,5,1,4020.3,15,1,4020.6,13,1,4020.8,20,1
11483,2026-07-02 13:38:38+05:30,4019.5,3,4036.78,1493109,150231.0,176383.0,4100.0,4110.0,4012.0,4092.6,25281900,4501.8,3683.4,4440.0,3288.1,4019.5,48,4,4019.4,4,2,4019.3,137,3,4019.2,98,3,4019.1,71,3,4020.0,115,3,4020.2,5,1,4020.3,15,1,4020.6,13,1,4020.8,20,1
11483,2026-07-02 13:38:38+05:30,4019.0,1,4036.77,1494161,149276.0,176771.0,4100.0,4110.0,4012.0,4092.6,25281900,4501.8,3683.4,4440.0,3288.1,4019.0,49,3,4018.9,41,2,4018.8,36,2,4018.7,49,3,4018.6,5,1,4020.0,115,3,4020.2,5,1,4020.3,15,1,4020.5,15,2,4020.6,13,1
11483,2026-07-02 13:38:39+05:30,4019.0,1,4036.77,1494161,149276.0,176771.0,4100.0,4110.0,4012.0,4092.6,25281900,4501.8,3683.4,4440.0,3288.1,4019.0,49,3,4018.9,41,2,4018.8,36,2,4018.7,49,3,4018.6,5,1,4020.0,115,3,4020.2,5,1,4020.3,15,1,4020.5,15,2,4020.6,13,1
11483,2026-07-02 13:38:39+05:30,4019.0,13,4036.76,1494289,149323.0,176434.0,4100.0,4110.0,4012.0,4092.6,25281900,4501.8,3683.4,4440.0,3288.1,4018.9,91,6,4018.7,54,4,4018.6,40,3,4018.5,67,3,4018.4,6,1,4020.0,128,4,4020.2,5,1,4020.3,15,1,4020.6,13,1,4020.8,20,1
11483,2026-07-02 13:38:40+05:30,4018.9,15,4036.76,1494289,149323.0,176434.0,4100.0,4110.0,4012.0,4092.6,25281900,4501.8,3683.4,4440.0,3288.1,4018.9,91,6,4018.7,54,4,4018.6,40,3,4018.5,67,3,4018.4,6,1,4020.0,128,4,4020.2,5,1,4020.3,15,1,4020.6,13,1,4020.8,20,1
11483,2026-07-02 13:38:40+05:30,4018.9,1,4036.76,1494305,149396.0,176634.0,4100.0,4110.0,4012.0,4092.6,25281900,4501.8,3683.4,4440.0,3288.1,4018.9,57,5,4018.7,78,5,4018.6,40,3,4018.5,91,4,4018.4,6,1,4020.0,128,4,4020.2,5,1,4020.3,15,1,4020.6,13,1,4020.7,14,1
11483,2026-07-02 13:38:41+05:30,4018.9,2,4036.76,1494305,149396.0,176634.0,4100.0,4110.0,4012.0,4092.6,25281900,4501.8,3683.4,4440.0,3288.1,4018.9,57,5,4018.7,78,5,4018.6,40,3,4018.5,91,4,4018.4,6,1,4020.0,128,4,4020.2,5,1,4020.3,15,1,4020.6,13,1,4020.7,14,1
11483,2026-07-02 13:38:41+05:30,4018.9,1,4036.76,1494308,149440.0,176791.0,4100.0,4110.0,4012.0,4092.6,25281900,4501.8,3683.4,4440.0,3288.1,4018.9,1,1,4018.7,5,1,4018.6,5,1,4018.5,67,3,4018.4,32,2,4019.9,19,1,4020.0,131,6,4020.2,32,2,4020.3,28,2,4020.5,21,2
11483,2026-07-02 13:38:42+05:30,4018.9,1,4036.76,1494308,149440.0,176791.0,4100.0,4110.0,4012.0,4092.6,25281900,4501.8,3683.4,4440.0,3288.1,4018.9,1,1,4018.7,5,1,4018.6,5,1,4018.5,67,3,4018.4,32,2,4019.9,19,1,4020.0,131,6,4020.2,32,2,4020.3,28,2,4020.5,21,2
11483,2026-07-02 13:38:42+05:30,4018.9,1,4036.76,1494309,149345.0,176819.0,4100.0,4110.0,4012.0,4092.6,25281900,4501.8,3683.4,4440.0,3288.1,4018.7,5,1,4018.6,5,1,4018.5,67,3,4018.4,32,2,4018.3,75,5,4019.9,19,1,4020.0,131,6,4020.2,32,2,4020.3,28,2,4020.5,24,3
11483,2026-07-02 13:38:43+05:30,4019.9,5,4036.76,1494309,149345.0,176819.0,4100.0,4110.0,4012.0,4092.6,25281900,4501.8,3683.4,4440.0,3288.1,4018.7,5,1,4018.6,5,1,4018.5,67,3,4018.4,32,2,4018.3,75,5,4019.9,19,1,4020.0,131,6,4020.2,32,2,4020.3,28,2,4020.5,24,3
11483,2026-07-02 13:38:43+05:30,4019.9,5,4036.76,1494314,149281.0,176998.0,4100.0,4110.0,4012.0,4092.6,25281900,4501.8,3683.4,4440.0,3288.1,4018.7,5,1,4018.6,5,1,4018.5,43,2,4018.4,6,1,4018.3,48,4,4019.9,19,2,4020.0,131,6,4020.2,32,2,4020.3,31,3,4020.4,13,1
11483,2026-07-02 13:38:44+05:30,4018.7,1,4036.76,1494314,149281.0,176998.0,4100.0,4110.0,4012.0,4092.6,25281900,4501.8,3683.4,4440.0,3288.1,4018.7,5,1,4018.6,5,1,4018.5,43,2,4018.4,6,1,4018.3,48,4,4019.9,19,2,4020.0,131,6,4020.2,32,2,4020.3,31,3,4020.4,13,1
11483,2026-07-02 13:38:44+05:30,4018.7,1,4036.76,1494316,149298.0,177038.0,4100.0,4110.0,4012.0,4092.6,25281900,4501.8,3683.4,4440.0,3288.1,4018.7,3,1,4018.6,5,1,4018.5,43,2,4018.4,6,1,4018.3,31,4,4019.9,119,3,4020.0,30,4,4020.2,35,3,4020.3,28,2,4020.4,13,1
11483,2026-07-02 13:38:45+05:30,4018.7,1,4036.76,1494316,149298.0,177038.0,4100.0,4110.0,4012.0,4092.6,25281900,4501.8,3683.4,4440.0,3288.1,4018.7,3,1,4018.6,5,1,4018.5,43,2,4018.4,6,1,4018.3,31,4,4019.9,119,3,4020.0,30,4,4020.2,35,3,4020.3,28,2,4020.4,13,1
11483,2026-07-02 13:38:45+05:30,4018.5,1,4036.76,1494317,149134.0,177274.0,4100.0,4110.0,4012.0,4092.6,25281900,4501.8,3683.4,4440.0,3288.1,4018.5,50,2,4018.3,9,2,4018.2,28,2,4018.1,28,2,4018.0,306,17,4019.8,13,1,4019.9,121,4,4020.0,23,3,4020.1,16,2,4020.2,5,1
11483,2026-07-02 13:38:46+05:30,4018.5,1,4036.76,1494317,149134.0,177274.0,4100.0,4110.0,4012.0,4092.6,25281900,4501.8,3683.4,4440.0,3288.1,4018.5,50,2,4018.3,9,2,4018.2,28,2,4018.1,28,2,4018.0,306,17,4019.8,13,1,4019.9,121,4,4020.0,23,3,4020.1,16,2,4020.2,5,1
11483,2026-07-02 13:38:46+05:30,4019.8,7,4036.76,1494324,149230.0,177356.0,4100.0,4110.0,4012.0,4092.6,25281900,4501.8,3683.4,4440.0,3288.1,4019.1,5,1,4019.0,22,4,4018.5,37,1,4018.3,9,2,4018.2,28,2,4019.8,6,1,4019.9,102,2,4020.0,15,2,4020.2,8,2,4020.3,30,3
11483,2026-07-02 13:38:47+05:30,4019.1,1,4036.76,1494324,149230.0,177356.0,4100.0,4110.0,4012.0,4092.6,25281900,4501.8,3683.4,4440.0,3288.1,4019.1,5,1,4019.0,22,4,4018.5,37,1,4018.3,9,2,4018.2,28,2,4019.8,6,1,4019.9,102,2,4020.0,15,2,4020.2,8,2,4020.3,30,3
11483,2026-07-02 13:38:47+05:30,4019.8,5,4036.76,1494331,149254.0,177367.0,4100.0,4110.0,4012.0,4092.6,25281900,4501.8,3683.4,4440.0,3288.1,4019.1,4,1,4019.0,22,4,4018.5,37,1,4018.3,9,2,4018.2,52,3,4019.8,15,2,4019.9,100,1,4020.0,15,2,4020.2,8,2,4020.3,30,3
11483,2026-07-02 13:38:48+05:30,4020.0,90,4036.76,1494331,149254.0,177367.0,4100.0,4110.0,4012.0,4092.6,25281900,4501.8,3683.4,4440.0,3288.1,4019.1,4,1,4019.0,22,4,4018.5,37,1,4018.3,9,2,4018.2,52,3,4019.8,15,2,4019.9,100,1,4020.0,15,2,4020.2,8,2,4020.3,30,3
11483,2026-07-02 13:38:48+05:30,4020.2,1,4036.76,1494658,149876.0,177470.0,4100.0,4110.0,4012.0,4092.6,25281900,4501.8,3683.4,4440.0,3288.1,4020.0,31,1,4019.1,3,1,4019.0,12,3,4018.9,5,1,4018.8,12,1,4020.2,4,1,4020.3,15,1,4020.5,14,1,4020.6,2,1,4020.7,6,1
11483,2026-07-02 13:38:49+05:30,4020.0,39,4036.76,1494658,149876.0,177470.0,4100.0,4110.0,4012.0,4092.6,25281900,4501.8,3683.4,4440.0,3288.1,4020.0,31,1,4019.1,3,1,4019.0,12,3,4018.9,5,1,4018.8,12,1,4020.2,4,1,4020.3,15,1,4020.5,14,1,4020.6,2,1,4020.7,6,1
11483,2026-07-02 13:38:50+05:30,4020.0,39,4036.76,1494697,150033.0,176256.0,4100.0,4110.0,4012.0,4092.6,25281900,4501.8,3683.4,4440.0,3288.1,4020.1,1,1,4020.0,6,1,4019.1,3,1,4019.0,12,3,4018.9,5,1,4020.2,4,1,4020.3,15,1,4020.5,14,1,4020.8,20,1,4020.9,357,2
11483,2026-07-02 13:38:50+05:30,4020.1,1,4036.76,1494697,150033.0,176256.0,4100.0,4110.0,4012.0,4092.6,25281900,4501.8,3683.4,4440.0,3288.1,4020.1,1,1,4020.0,6,1,4019.1,3,1,4019.0,12,3,4018.9,5,1,4020.2,4,1,4020.3,15,1,4020.5,14,1,4020.8,20,1,4020.9,357,2
11483,2026-07-02 13:38:51+05:30,4020.1,1,4036.76,1494698,150094.0,175626.0,4100.0,4110.0,4012.0,4092.6,25281900,4501.8,3683.4,4440.0,3288.1,4020.0,6,1,4019.1,62,3,4019.0,50,5,4018.9,5,1,4018.8,48,1,4020.1,1,1,4020.2,6,2,4020.3,15,1,4020.5,14,1,4020.8,20,1
11483,2026-07-02 13:38:52+05:30,4019.1,6,4036.76,1494713,150096.0,176377.0,4100.0,4110.0,4012.0,4092.6,25281900,4501.8,3683.4,4440.0,3288.1,4019.1,47,3,4019.0,50,5,4018.7,60,2,4018.6,46,2,4018.5,40,2,4020.0,78,2,4020.1,2,2,4020.2,4,1,4020.3,15,1,4020.4,9,1
11483,2026-07-02 13:38:52+05:30,4019.1,2,4036.76,1494713,150096.0,176377.0,4100.0,4110.0,4012.0,4092.6,25281900,4501.8,3683.4,4440.0,3288.1,4019.1,47,3,4019.0,50,5,4018.7,60,2,4018.6,46,2,4018.5,40,2,4020.0,78,2,4020.1,2,2,4020.2,4,1,4020.3,15,1,4020.4,9,1
11483,2026-07-02 13:38:53+05:30,4019.1,2,4036.76,1494715,150092.0,176395.0,4100.0,4110.0,4012.0,4092.6,25281900,4501.8,3683.4,4440.0,3288.1,4019.1,45,3,4019.0,50,5,4018.7,36,1,4018.6,46,2,4018.5,40,2,4020.0,79,3,4020.1,2,2,4020.2,4,1,4020.3,15,1,4020.4,22,2
11483,2026-07-02 13:38:53+05:30,4019.1,2,4036.76,1494715,150119.0,176405.0,4100.0,4110.0,4012.0,4092.6,25281900,4501.8,3683.4,4440.0,3288.1,4019.1,45,3,4019.0,52,6,4018.7,36,1,4018.6,46,2,4018.5,65,3,4020.0,71,3,4020.1,1,1,4020.2,4,1,4020.3,15,1,4020.4,22,2
11483,2026-07-02 13:38:54+05:30,4019.1,5,4036.76,1494715,150119.0,176405.0,4100.0,4110.0,4012.0,4092.6,25281900,4501.8,3683.4,4440.0,3288.1,4019.1,45,3,4019.0,52,6,4018.7,36,1,4018.6,46,2,4018.5,65,3,4020.0,71,3,4020.1,1,1,4020.2,4,1,4020.3,15,1,4020.4,22,2
11483,2026-07-02 13:38:55+05:30,4019.1,5,4036.76,1494731,150186.0,176390.0,4100.0,4110.0,4012.0,4092.6,25281900,4501.8,3683.4,4440.0,3288.1,4019.1,30,2,4019.0,52,6,4018.7,36,1,4018.6,46,2,4018.5,64,3,4020.0,70,3,4020.1,1,1,4020.2,4,1,4020.3,15,1,4020.4,13,1
11483,2026-07-02 13:38:55+05:30,4019.1,2,4036.76,1494731,150186.0,176390.0,4100.0,4110.0,4012.0,4092.6,25281900,4501.8,3683.4,4440.0,3288.1,4019.1,30,2,4019.0,52,6,4018.7,36,1,4018.6,46,2,4018.5,64,3,4020.0,70,3,4020.1,1,1,4020.2,4,1,4020.3,15,1,4020.4,13,1
11483,2026-07-02 13:38:56+05:30,4019.2,6,4036.76,1494746,150245.0,176462.0,4100.0,4110.0,4012.0,4092.6,25281900,4501.8,3683.4,4440.0,3288.1,4019.2,35,3,4019.1,38,3,4019.0,50,4,4018.9,5,1,4018.8,24,1,4020.0,78,4,4020.1,1,1,4020.2,4,1,4020.3,15,1,4020.8,20,1
11483,2026-07-02 13:38:56+05:30,4019.2,2,4036.76,1494746,150245.0,176462.0,4100.0,4110.0,4012.0,4092.6,25281900,4501.8,3683.4,4440.0,3288.1,4019.2,35,3,4019.1,38,3,4019.0,50,4,4018.9,5,1,4018.8,24,1,4020.0,78,4,4020.1,1,1,4020.2,4,1,4020.3,15,1,4020.8,20,1
11483,2026-07-02 13:38:57+05:30,4019.2,2,4036.76,1494748,150201.0,176491.0,4100.0,4110.0,4012.0,4092.6,25281900,4501.8,3683.4,4440.0,3288.1,4019.2,41,3,4019.1,38,3,4019.0,50,4,4018.9,5,1,4018.8,24,1,4020.0,65,3,4020.1,1,1,4020.2,4,1,4020.3,15,1,4020.5,12,1
11483,2026-07-02 13:38:58+05:30,4020.0,19,4036.76,1494832,150424.0,176406.0,4100.0,4110.0,4012.0,4092.6,25281900,4501.8,3683.4,4440.0,3288.1,4019.3,12,1,4019.2,45,3,4019.1,25,2,4019.0,50,4,4018.9,5,1,4020.0,14,1,4020.1,1,1,4020.2,4,1,4020.3,15,1,4020.8,20,1
11483,2026-07-02 13:38:58+05:30,4020.0,19,4036.76,1494832,150424.0,176406.0,4100.0,4110.0,4012.0,4092.6,25281900,4501.8,3683.4,4440.0,3288.1,4019.3,12,1,4019.2,45,3,4019.1,25,2,4019.0,50,4,4018.9,5,1,4020.0,14,1,4020.1,1,1,4020.2,4,1,4020.3,15,1,4020.8,20,1
11483,2026-07-02 13:38:59+05:30,4020.0,7,4036.76,1494849,150458.0,176410.0,4100.0,4110.0,4012.0,4092.6,25281900,4501.8,3683.4,4440.0,3288.1,4019.6,1,1,4019.3,35,3,4019.2,20,1,4019.1,1,1,4019.0,50,4,4020.1,1,1,4020.2,4,1,4020.3,15,1,4020.5,11,1,4020.9,12,1
11483,2026-07-02 13:38:59+05:30,4020.0,7,4036.76,1494849,150458.0,176410.0,4100.0,4110.0,4012.0,4092.6,25281900,4501.8,3683.4,4440.0,3288.1,4019.6,1,1,4019.3,35,3,4019.2,20,1,4019.1,1,1,4019.0,50,4,4020.1,1,1,4020.2,4,1,4020.3,15,1,4020.5,11,1,4020.9,12,1
11483,2026-07-02 13:39:00+05:30,4019.6,2,4036.76,1494849,150458.0,176410.0,4100.0,4110.0,4012.0,4092.6,25281900,4501.8,3683.4,4440.0,3288.1,4019.6,1,1,4019.3,35,3,4019.2,20,1,4019.1,1,1,4019.0,50,4,4020.1,1,1,4020.2,4,1,4020.3,15,1,4020.5,11,1,4020.9,12,1
11483,2026-07-02 13:39:00+05:30,4019.6,2,4036.76,1494851,150302.0,176442.0,4100.0,4110.0,4012.0,4092.6,25281900,4501.8,3683.4,4440.0,3288.1,4019.3,24,2,4019.2,20,1,4019.1,24,1,4019.0,50,4,4018.8,26,2,4020.0,2,1,4020.1,1,1,4020.2,4,1,4020.3,15,1,4020.5,11,1
11483,2026-07-02 13:39:01+05:30,4020.0,2,4036.76,1494851,150302.0,176442.0,4100.0,4110.0,4012.0,4092.6,25281900,4501.8,3683.4,4440.0,3288.1,4019.3,24,2,4019.2,20,1,4019.1,24,1,4019.0,50,4,4018.8,26,2,4020.0,2,1,4020.1,1,1,4020.2,4,1,4020.3,15,1,4020.5,11,1
11483,2026-07-02 13:39:01+05:30,4020.0,2,4036.76,1494854,150338.0,176442.0,4100.0,4110.0,4012.0,4092.6,25281900,4501.8,3683.4,4440.0,3288.1,4020.0,3,1,4019.8,11,3,4019.3,13,1,4019.2,20,1,4019.1,24,1,4020.1,1,1,4020.2,4,1,4020.3,15,1,4020.5,11,1,4020.6,5,1
11483,2026-07-02 13:39:02+05:30,4020.1,4,4036.76,1494858,150515.0,176301.0,4100.0,4110.0,4012.0,4092.6,25281900,4501.8,3683.4,4440.0,3288.1,4020.0,121,3,4019.8,26,3,4019.4,37,2,4019.3,47,2,4019.2,36,2,4020.2,4,1,4020.3,15,1,4020.5,11,1,4021.0,50,1,4021.1,5,1
11483,2026-07-02 13:39:02+05:30,4020.1,4,4036.76,1494858,150515.0,176301.0,4100.0,4110.0,4012.0,4092.6,25281900,4501.8,3683.4,4440.0,3288.1,4020.0,121,3,4019.8,26,3,4019.4,37,2,4019.3,47,2,4019.2,36,2,4020.2,4,1,4020.3,15,1,4020.5,11,1,4021.0,50,1,4021.1,5,1
11483,2026-07-02 13:39:03+05:30,4020.2,1,4036.76,1494858,150515.0,176301.0,4100.0,4110.0,4012.0,4092.6,25281900,4501.8,3683.4,4440.0,3288.1,4020.0,121,3,4019.8,26,3,4019.4,37,2,4019.3,47,2,4019.2,36,2,4020.2,4,1,4020.3,15,1,4020.5,11,1,4021.0,50,1,4021.1,5,1
11483,2026-07-02 13:39:03+05:30,4020.2,1,4036.76,1494861,150390.0,176316.0,4100.0,4110.0,4012.0,4092.6,25281900,4501.8,3683.4,4440.0,3288.1,4020.0,119,3,4019.8,26,3,4019.4,24,1,4019.3,47,2,4019.2,36,2,4020.2,3,1,4020.3,15,1,4020.5,11,1,4021.0,50,1,4021.1,5,1
11483,2026-07-02 13:39:04+05:30,4020.2,1,4036.76,1494861,150390.0,176316.0,4100.0,4110.0,4012.0,4092.6,25281900,4501.8,3683.4,4440.0,3288.1,4020.0,119,3,4019.8,26,3,4019.4,24,1,4019.3,47,2,4019.2,36,2,4020.2,3,1,4020.3,15,1,4020.5,11,1,4021.0,50,1,4021.1,5,1
11483,2026-07-02 13:39:04+05:30,4020.2,1,4036.76,1494862,150363.0,176365.0,4100.0,4110.0,4012.0,4092.6,25281900,4501.8,3683.4,4440.0,3288.1,4020.0,120,3,4019.8,2,2,4019.4,24,1,4019.3,47,2,4019.2,36,2,4020.2,2,1,4020.3,15,1,4020.5,11,1,4021.0,50,1,4021.1,5,1
11483,2026-07-02 13:39:05+05:30,4020.2,1,4036.76,1494862,150365.0,176345.0,4100.0,4110.0,4012.0,4092.6,25281900,4501.8,3683.4,4440.0,3288.1,4020.0,120,3,4019.8,2,2,4019.4,24,1,4019.3,49,3,4019.2,36,2,4020.2,2,1,4020.3,15,1,4020.5,11,1,4021.0,50,1,4021.1,5,1
11483,2026-07-02 13:39:06+05:30,4020.3,26,4036.76,1494862,150365.0,176345.0,4100.0,4110.0,4012.0,4092.6,25281900,4501.8,3683.4,4440.0,3288.1,4020.0,120,3,4019.8,2,2,4019.4,24,1,4019.3,49,3,4019.2,36,2,4020.2,2,1,4020.3,15,1,4020.5,11,1,4021.0,50,1,4021.1,5,1
11483,2026-07-02 13:39:06+05:30,4020.3,26,4036.76,1494911,150561.0,176268.0,4100.0,4110.0,4012.0,4092.6,25281900,4501.8,3683.4,4440.0,3288.1,4020.2,1,1,4020.0,129,4,4019.8,3,3,4019.7,24,1,4019.6,34,2,4020.5,11,1,4021.0,50,1,4021.1,5,1,4021.3,2,1,4021.5,28,2
11483,2026-07-02 13:39:07+05:30,4020.0,4,4036.76,1494911,150561.0,176268.0,4100.0,4110.0,4012.0,4092.6,25281900,4501.8,3683.4,4440.0,3288.1,4020.2,1,1,4020.0,129,4,4019.8,3,3,4019.7,24,1,4019.6,34,2,4020.5,11,1,4021.0,50,1,4021.1,5,1,4021.3,2,1,4021.5,28,2
11483,2026-07-02 13:39:07+05:30,4020.0,4,4036.76,1494922,150815.0,175558.0,4100.0,4110.0,4012.0,4092.6,25281900,4501.8,3683.4,4440.0,3288.1,4020.1,53,4,4020.0,119,5,4019.8,14,4,4019.7,24,1,4019.6,68,4,4020.5,13,2,4021.0,50,1,4021.1,5,1,4021.5,28,2,4021.8,44,3
11483,2026-07-02 13:39:08+05:30,4020.5,1,4036.76,1494922,150815.0,175558.0,4100.0,4110.0,4012.0,4092.6,25281900,4501.8,3683.4,4440.0,3288.1,4020.1,53,4,4020.0,119,5,4019.8,14,4,4019.7,24,1,4019.6,68,4,4020.5,13,2,4021.0,50,1,4021.1,5,1,4021.5,28,2,4021.8,44,3
11483,2026-07-02 13:39:08+05:30,4020.5,1,4036.76,1494924,150814.0,175578.0,4100.0,4110.0,4012.0,4092.6,25281900,4501.8,3683.4,4440.0,3288.1,4020.1,52,4,4020.0,155,6,4019.8,14,4,4019.7,24,1,4019.6,68,4,4020.5,1,1,4021.0,50,1,4021.1,17,2,4021.5,28,2,4021.8,44,3
11483,2026-07-02 13:39:09+05:30,4020.5,2,4036.76,1494924,150814.0,175578.0,4100.0,4110.0,4012.0,4092.6,25281900,4501.8,3683.4,4440.0,3288.1,4020.1,52,4,4020.0,155,6,4019.8,14,4,4019.7,24,1,4019.6,68,4,4020.5,1,1,4021.0,50,1,4021.1,17,2,4021.5,28,2,4021.8,44,3
11483,2026-07-02 13:39:09+05:30,4020.5,13,4036.76,1494941,150937.0,174959.0,4100.0,4110.0,4012.0,4092.6,25281900,4501.8,3683.4,4440.0,3288.1,4020.3,49,4,4020.1,27,2,4020.0,201,9,4019.9,14,2,4019.8,25,5,4021.0,50,1,4021.1,16,2,4021.5,15,1,4021.8,15,2,4021.9,37,2
11483,2026-07-02 13:39:10+05:30,4021.1,13,4036.76,1494941,150937.0,174959.0,4100.0,4110.0,4012.0,4092.6,25281900,4501.8,3683.4,4440.0,3288.1,4020.3,49,4,4020.1,27,2,4020.0,201,9,4019.9,14,2,4019.8,25,5,4021.0,50,1,4021.1,16,2,4021.5,15,1,4021.8,15,2,4021.9,37,2
11483,2026-07-02 13:39:10+05:30,4020.3,1,4036.76,1495054,150911.0,174538.0,4100.0,4110.0,4012.0,4092.6,25281900,4501.8,3683.4,4440.0,3288.1,4020.1,23,2,4020.0,197,8,4019.8,12,4,4019.7,40,2,4019.6,81,5,4020.3,1,1,4020.4,2,1,4020.5,12,1,4021.1,13,1,4021.5,15,1
11483,2026-07-02 13:39:11+05:30,4022.0,1,4036.76,1495054,150911.0,174538.0,4100.0,4110.0,4012.0,4092.6,25281900,4501.8,3683.4,4440.0,3288.1,4020.1,23,2,4020.0,197,8,4019.8,12,4,4019.7,40,2,4019.6,81,5,4020.3,1,1,4020.4,2,1,4020.5,12,1,4021.1,13,1,4021.5,15,1
11483,2026-07-02 13:39:11+05:30,4022.0,43,4036.74,1496089,150563.0,176485.0,4100.0,4110.0,4012.0,4092.6,25281900,4501.8,3683.4,4440.0,3288.1,4020.6,32,2,4020.5,17,1,4020.3,25,3,4020.2,3,1,4020.1,19,1,4021.5,307,1,4021.7,3,1,4021.8,5,1,4022.0,350,1,4022.2,12,1
11483,2026-07-02 13:39:12+05:30,4020.6,13,4036.74,1496089,150563.0,176485.0,4100.0,4110.0,4012.0,4092.6,25281900,4501.8,3683.4,4440.0,3288.1,4020.6,32,2,4020.5,17,1,4020.3,25,3,4020.2,3,1,4020.1,19,1,4021.5,307,1,4021.7,3,1,4021.8,5,1,4022.0,350,1,4022.2,12,1
11483,2026-07-02 13:39:12+05:30,4020.6,13,4036.74,1496214,150001.0,175565.0,4100.0,4110.0,4012.0,4092.6,25281900,4501.8,3683.4,4440.0,3288.1,4020.4,43,1,4020.3,55,4,4020.2,9,2,4020.1,26,1,4020.0,200,8,4020.6,1,1,4021.8,13,1,4022.1,12,1,4022.3,56,2,4022.4,33,2
11483,2026-07-02 13:39:13+05:30,4020.6,1,4036.74,1496214,150001.0,175565.0,4100.0,4110.0,4012.0,4092.6,25281900,4501.8,3683.4,4440.0,3288.1,4020.4,43,1,4020.3,55,4,4020.2,9,2,4020.1,26,1,4020.0,200,8,4020.6,1,1,4021.8,13,1,4022.1,12,1,4022.3,56,2,4022.4,33,2
11483,2026-07-02 13:39:13+05:30,4020.6,1,4036.74,1496230,150240.0,175333.0,4100.0,4110.0,4012.0,4092.6,25281900,4501.8,3683.4,4440.0,3288.1,4020.6,28,1,4020.5,15,2,4020.4,33,2,4020.3,31,2,4020.2,3,1,4021.9,3,1,4022.0,175,1,4022.1,43,1,4022.2,69,3,4022.3,62,3
11483,2026-07-02 13:39:14+05:30,4020.6,2,4036.74,1496230,150240.0,175333.0,4100.0,4110.0,4012.0,4092.6,25281900,4501.8,3683.4,4440.0,3288.1,4020.6,28,1,4020.5,15,2,4020.4,33,2,4020.3,31,2,4020.2,3,1,4021.9,3,1,4022.0,175,1,4022.1,43,1,4022.2,69,3,4022.3,62,3
11483,2026-07-02 13:39:14+05:30,4020.6,2,4036.74,1496232,150238.0,175295.0,4100.0,4110.0,4012.0,4092.6,25281900,4501.8,3683.4,4440.0,3288.1,4020.6,26,1,4020.5,17,3,4020.4,63,3,4020.3,1,1,4020.2,3,1,4021.9,3,1,4022.0,187,2,4022.1,43,1,4022.2,83,4,4022.3,62,3
11483,2026-07-02 13:39:15+05:30,4020.6,2,4036.74,1496232,150238.0,175295.0,4100.0,4110.0,4012.0,4092.6,25281900,4501.8,3683.4,4440.0,3288.1,4020.6,26,1,4020.5,17,3,4020.4,63,3,4020.3,1,1,4020.2,3,1,4021.9,3,1,4022.0,187,2,4022.1,43,1,4022.2,83,4,4022.3,62,3
11483,2026-07-02 13:39:15+05:30,4020.6,1,4036.74,1496232,150238.0,175295.0,4100.0,4110.0,4012.0,4092.6,25281900,4501.8,3683.4,4440.0,3288.1,4020.6,26,1,4020.5,17,3,4020.4,63,3,4020.3,1,1,4020.2,3,1,4021.9,3,1,4022.0,187,2,4022.1,43,1,4022.2,83,4,4022.3,62,3
11483,2026-07-02 13:39:15+05:30,4020.6,1,4036.74,1496232,150238.0,175295.0,4100.0,4110.0,4012.0,4092.6,25281900,4501.8,3683.4,4440.0,3288.1,4020.6,26,1,4020.5,17,3,4020.4,63,3,4020.3,1,1,4020.2,3,1,4021.9,3,1,4022.0,187,2,4022.1,43,1,4022.2,83,4,4022.3,62,3
11483,2026-07-02 13:39:15+05:30,4022.0,10,4036.74,1496258,150359.0,175509.0,4100.0,4110.0,4012.0,4092.6,25281900,4501.8,3683.4,4440.0,3288.1,4020.5,36,4,4020.4,42,2,4020.3,1,1,4020.2,23,1,4020.0,214,9,4022.0,352,3,4022.1,56,3,4022.2,73,3,4022.3,62,3,4022.4,113,6
11483,2026-07-02 13:39:15+05:30,4022.0,10,4036.74,1496258,150359.0,175509.0,4100.0,4110.0,4012.0,4092.6,25281900,4501.8,3683.4,4440.0,3288.1,4020.5,36,4,4020.4,42,2,4020.3,1,1,4020.2,23,1,4020.0,214,9,4022.0,352,3,4022.1,56,3,4022.2,73,3,4022.3,62,3,4022.4,113,6
11483,2026-07-02 13:39:16+05:30,4020.5,3,4036.74,1496258,150359.0,175509.0,4100.0,4110.0,4012.0,4092.6,25281900,4501.8,3683.4,4440.0,3288.1,4020.5,36,4,4020.4,42,2,4020.3,1,1,4020.2,23,1,4020.0,214,9,4022.0,352,3,4022.1,56,3,4022.2,73,3,4022.3,62,3,4022.4,113,6
11483,2026-07-02 13:39:16+05:30,4020.5,3,4036.74,1496258,150359.0,175509.0,4100.0,4110.0,4012.0,4092.6,25281900,4501.8,3683.4,4440.0,3288.1,4020.5,36,4,4020.4,42,2,4020.3,1,1,4020.2,23,1,4020.0,214,9,4022.0,352,3,4022.1,56,3,4022.2,73,3,4022.3,62,3,4022.4,113,6
11483,2026-07-02 13:39:16+05:30,4020.5,1,4036.74,1496269,150211.0,175996.0,4100.0,4110.0,4012.0,4092.6,25281900,4501.8,3683.4,4440.0,3288.1,4020.5,41,3,4020.4,12,1,4020.3,1,1,4020.0,138,6,4019.9,34,2,4021.8,43,1,4021.9,56,4,4022.0,339,3,4022.1,66,3,4022.2,73,3
11483,2026-07-02 13:39:17+05:30,4020.5,1,4036.74,1496269,150211.0,175996.0,4100.0,4110.0,4012.0,4092.6,25281900,4501.8,3683.4,4440.0,3288.1,4020.5,41,3,4020.4,12,1,4020.3,1,1,4020.0,138,6,4019.9,34,2,4021.8,43,1,4021.9,56,4,4022.0,339,3,4022.1,66,3,4022.2,73,3
11483,2026-07-02 13:39:17+05:30,4020.5,1,4036.74,1496269,150211.0,175996.0,4100.0,4110.0,4012.0,4092.6,25281900,4501.8,3683.4,4440.0,3288.1,4020.5,41,3,4020.4,12,1,4020.3,1,1,4020.0,138,6,4019.9,34,2,4021.8,43,1,4021.9,56,4,4022.0,339,3,4022.1,66,3,4022.2,73,3
11483,2026-07-02 13:39:17+05:30,4020.5,1,4036.74,1496269,150211.0,175996.0,4100.0,4110.0,4012.0,4092.6,25281900,4501.8,3683.4,4440.0,3288.1,4020.5,41,3,4020.4,12,1,4020.3,1,1,4020.0,138,6,4019.9,34,2,4021.8,43,1,4021.9,56,4,4022.0,339,3,4022.1,66,3,4022.2,73,3
11483,2026-07-02 13:39:17+05:30,4020.5,1,4036.74,1496270,150180.0,176099.0,4100.0,4110.0,4012.0,4092.6,25281900,4501.8,3683.4,4440.0,3288.1,4021.1,1,1,4020.5,42,3,4020.4,12,1,4020.3,1,1,4020.0,138,6,4021.8,3,1,4021.9,56,4,4022.0,339,3,4022.1,66,3,4022.2,79,4
11483,2026-07-02 13:39:18+05:30,4020.5,1,4036.74,1496270,150180.0,176099.0,4100.0,4110.0,4012.0,4092.6,25281900,4501.8,3683.4,4440.0,3288.1,4021.1,1,1,4020.5,42,3,4020.4,12,1,4020.3,1,1,4020.0,138,6,4021.8,3,1,4021.9,56,4,4022.0,339,3,4022.1,66,3,4022.2,79,4
11483,2026-07-02 13:39:18+05:30,4021.8,1,4036.74,1496293,150187.0,176022.0,4100.0,4110.0,4012.0,4092.6,25281900,4501.8,3683.4,4440.0,3288.1,4020.5,21,2,4020.4,12,1,4020.3,1,1,4020.0,164,7,4019.9,45,2,4021.8,2,1,4021.9,56,4,4022.0,339,3,4022.1,79,4,4022.2,79,4
11483,2026-07-02 13:39:18+05:30,4021.8,1,4036.74,1496293,150187.0,176022.0,4100.0,4110.0,4012.0,4092.6,25281900,4501.8,3683.4,4440.0,3288.1,4020.5,21,2,4020.4,12,1,4020.3,1,1,4020.0,164,7,4019.9,45,2,4021.8,2,1,4021.9,56,4,4022.0,339,3,4022.1,79,4,4022.2,79,4
11483,2026-07-02 13:39:19+05:30,4021.8,1,4036.74,1496293,150187.0,176022.0,4100.0,4110.0,4012.0,4092.6,25286800,4501.8,3683.4,4440.0,3288.1,4020.5,21,2,4020.4,12,1,4020.3,1,1,4020.0,164,7,4019.9,45,2,4021.8,2,1,4021.9,56,4,4022.0,339,3,4022.1,79,4,4022.2,79,4
11483,2026-07-02 13:39:19+05:30,4021.6,1,4036.74,1496293,150187.0,176022.0,4100.0,4110.0,4012.0,4092.6,25286800,4501.8,3683.4,4440.0,3288.1,4020.5,21,2,4020.4,12,1,4020.3,1,1,4020.0,164,7,4019.9,45,2,4021.8,2,1,4021.9,56,4,4022.0,339,3,4022.1,79,4,4022.2,79,4
11483,2026-07-02 13:39:19+05:30,4021.6,1,4036.74,1496293,150187.0,176022.0,4100.0,4110.0,4012.0,4092.6,25286800,4501.8,3683.4,4440.0,3288.1,4020.5,21,2,4020.4,12,1,4020.3,1,1,4020.0,164,7,4019.9,45,2,4021.8,2,1,4021.9,56,4,4022.0,339,3,4022.1,79,4,4022.2,79,4
11483,2026-07-02 13:39:19+05:30,4021.6,1,4036.74,1496297,150631.0,176349.0,4100.0,4110.0,4012.0,4092.6,25286800,4501.8,3683.4,4440.0,3288.1,4021.1,1,1,4020.6,10,1,4020.5,18,2,4020.4,12,1,4020.3,1,1,4021.6,49,2,4021.7,64,4,4021.8,9,3,4021.9,238,6,4022.0,162,1
11483,2026-07-02 13:39:19+05:30,4021.6,1,4036.74,1496297,150631.0,176349.0,4100.0,4110.0,4012.0,4092.6,25286800,4501.8,3683.4,4440.0,3288.1,4021.1,1,1,4020.6,10,1,4020.5,18,2,4020.4,12,1,4020.3,1,1,4021.6,49,2,4021.7,64,4,4021.8,9,3,4021.9,238,6,4022.0,162,1
11483,2026-07-02 13:39:20+05:30,4021.6,1,4036.74,1496297,150631.0,176349.0,4100.0,4110.0,4012.0,4092.6,25286800,4501.8,3683.4,4440.0,3288.1,4021.1,1,1,4020.6,10,1,4020.5,18,2,4020.4,12,1,4020.3,1,1,4021.6,49,2,4021.7,64,4,4021.8,9,3,4021.9,238,6,4022.0,162,1
11483,2026-07-02 13:39:20+05:30,4021.1,1,4036.74,1496297,150631.0,176349.0,4100.0,4110.0,4012.0,4092.6,25286800,4501.8,3683.4,4440.0,3288.1,4021.1,1,1,4020.6,10,1,4020.5,18,2,4020.4,12,1,4020.3,1,1,4021.6,49,2,4021.7,64,4,4021.8,9,3,4021.9,238,6,4022.0,162,1
11483,2026-07-02 13:39:20+05:30,4021.1,1,4036.74,1496297,150631.0,176349.0,4100.0,4110.0,4012.0,4092.6,25286800,4501.8,3683.4,4440.0,3288.1,4021.1,1,1,4020.6,10,1,4020.5,18,2,4020.4,12,1,4020.3,1,1,4021.6,49,2,4021.7,64,4,4021.8,9,3,4021.9,238,6,4022.0,162,1
11483,2026-07-02 13:39:20+05:30,4021.1,1,4036.74,1496298,150236.0,176523.0,4100.0,4110.0,4012.0,4092.6,25286800,4501.8,3683.4,4440.0,3288.1,4020.6,10,1,4020.5,2,1,4020.4,12,1,4020.3,1,1,4020.0,107,3,4021.4,47,3,4021.5,53,3,4021.6,50,3,4021.7,51,3,4021.8,28,6
11483,2026-07-02 13:39:21+05:30,4021.1,1,4036.74,1496298,150236.0,176523.0,4100.0,4110.0,4012.0,4092.6,25286800,4501.8,3683.4,4440.0,3288.1,4020.6,10,1,4020.5,2,1,4020.4,12,1,4020.3,1,1,4020.0,107,3,4021.4,47,3,4021.5,53,3,4021.6,50,3,4021.7,51,3,4021.8,28,6
11483,2026-07-02 13:39:21+05:30,4021.4,1,4036.74,1496298,150236.0,176523.0,4100.0,4110.0,4012.0,4092.6,25286800,4501.8,3683.4,4440.0,3288.1,4020.6,10,1,4020.5,2,1,4020.4,12,1,4020.3,1,1,4020.0,107,3,4021.4,47,3,4021.5,53,3,4021.6,50,3,4021.7,51,3,4021.8,28,6
11483,2026-07-02 13:39:21+05:30,4021.4,1,4036.74,1496302,150240.0,176522.0,4100.0,4110.0,4012.0,4092.6,25286800,4501.8,3683.4,4440.0,3288.1,4020.6,10,1,4020.5,2,1,4020.4,12,1,4020.0,107,3,4019.6,71,4,4021.4,42,3,4021.5,53,3,4021.6,49,2,4021.7,51,3,4021.8,27,5
11483,2026-07-02 13:39:22+05:30,4020.6,1,4036.74,1496302,150240.0,176522.0,4100.0,4110.0,4012.0,4092.6,25286800,4501.8,3683.4,4440.0,3288.1,4020.6,10,1,4020.5,2,1,4020.4,12,1,4020.0,107,3,4019.6,71,4,4021.4,42,3,4021.5,53,3,4021.6,49,2,4021.7,51,3,4021.8,27,5
11483,2026-07-02 13:39:22+05:30,4020.6,1,4036.74,1496303,150240.0,176523.0,4100.0,4110.0,4012.0,4092.6,25286800,4501.8,3683.4,4440.0,3288.1,4020.6,9,1,4020.5,2,1,4020.4,12,1,4020.0,107,3,4019.6,71,4,4021.4,42,3,4021.5,53,3,4021.6,49,2,4021.7,51,3,4021.8,27,5
11483,2026-07-02 13:39:23+05:30,4020.6,4,4036.74,1496307,150230.0,176510.0,4100.0,4110.0,4012.0,4092.6,25286800,4501.8,3683.4,4440.0,3288.1,4020.6,5,1,4020.5,2,1,4020.4,12,1,4020.0,107,3,4019.6,35,3,4021.4,45,4,4021.5,53,3,4021.6,49,2,4021.7,51,3,4021.8,27,5
11483,2026-07-02 13:39:24+05:30,4021.4,1,4036.74,1496307,150230.0,176510.0,4100.0,4110.0,4012.0,4092.6,25286800,4501.8,3683.4,4440.0,3288.1,4020.6,5,1,4020.5,2,1,4020.4,12,1,4020.0,107,3,4019.6,35,3,4021.4,45,4,4021.5,53,3,4021.6,49,2,4021.7,51,3,4021.8,27,5
11483,2026-07-02 13:39:24+05:30,4021.4,1,4036.74,1496309,150273.0,176575.0,4100.0,4110.0,4012.0,4092.6,25286800,4501.8,3683.4,4440.0,3288.1,4020.6,4,1,4020.5,2,1,4020.4,12,1,4020.0,108,4,4019.6,35,3,4021.4,46,5,4021.5,53,3,4021.6,49,2,4021.7,51,3,4021.8,27,5
11483,2026-07-02 13:39:25+05:30,4021.4,1,4036.74,1496309,150274.0,176539.0,4100.0,4110.0,4012.0,4092.6,25286800,4501.8,3683.4,4440.0,3288.1,4020.7,9,1,4020.6,4,1,4020.5,2,1,4020.4,12,1,4020.0,108,4,4021.4,7,3,4021.5,53,3,4021.6,49,2,4021.7,51,3,4021.8,24,4
11483,2026-07-02 13:39:26+05:30,4021.4,3,4036.74,1496309,150274.0,176539.0,4100.0,4110.0,4012.0,4092.6,25286800,4501.8,3683.4,4440.0,3288.1,4020.7,9,1,4020.6,4,1,4020.5,2,1,4020.4,12,1,4020.0,108,4,4021.4,7,3,4021.5,53,3,4021.6,49,2,4021.7,51,3,4021.8,24,4
11483,2026-07-02 13:39:26+05:30,4021.4,3,4036.74,1496317,150366.0,176780.0,4100.0,4110.0,4012.0,4092.6,25286800,4501.8,3683.4,4440.0,3288.1,4021.4,1,1,4020.7,8,1,4020.6,4,1,4020.5,2,1,4020.4,12,1,4021.5,53,3,4021.6,49,2,4021.7,51,3,4021.8,18,3,4021.9,235,5
11483,2026-07-02 13:39:27+05:30,4020.7,1,4036.74,1496317,150366.0,176780.0,4100.0,4110.0,4012.0,4092.6,25286800,4501.8,3683.4,4440.0,3288.1,4021.4,1,1,4020.7,8,1,4020.6,4,1,4020.5,2,1,4020.4,12,1,4021.5,53,3,4021.6,49,2,4021.7,51,3,4021.8,18,3,4021.9,235,5
11483,2026-07-02 13:39:27+05:30,4020.7,12,4036.74,1496331,150183.0,176959.0,4100.0,4110.0,4012.0,4092.6,25286800,4501.8,3683.4,4440.0,3288.1,4020.7,9,1,4020.6,4,1,4020.5,2,1,4020.4,12,1,4020.2,31,1,4021.3,49,3,4021.4,6,1,4021.5,41,3,4021.6,49,2,4021.7,56,5
11483,2026-07-02 13:39:28+05:30,4021.3,9,4036.74,1496331,150183.0,176959.0,4100.0,4110.0,4012.0,4092.6,25286800,4501.8,3683.4,4440.0,3288.1,4020.7,9,1,4020.6,4,1,4020.5,2,1,4020.4,12,1,4020.2,31,1,4021.3,49,3,4021.4,6,1,4021.5,41,3,4021.6,49,2,4021.7,56,5
11483,2026-07-02 13:39:28+05:30,4021.5,1,4036.74,1496382,150261.0,176883.0,4100.0,4110.0,4012.0,4092.6,25286800,4501.8,3683.4,4440.0,3288.1,4021.3,9,1,4020.6,4,1,4020.5,2,1,4020.4,12,1,4020.3,1,1,4021.7,14,3,4021.8,6,2,4021.9,230,4,4022.0,168,2,4022.1,56,2
11483,2026-07-02 13:39:29+05:30,4021.3,7,4036.74,1496382,150261.0,176883.0,4100.0,4110.0,4012.0,4092.6,25286800,4501.8,3683.4,4440.0,3288.1,4021.3,9,1,4020.6,4,1,4020.5,2,1,4020.4,12,1,4020.3,1,1,4021.7,14,3,4021.8,6,2,4021.9,230,4,4022.0,168,2,4022.1,56,2
11483,2026-07-02 13:39:29+05:30,4021.3,7,4036.74,1496396,150551.0,177454.0,4100.0,4110.0,4012.0,4092.6,25286800,4501.8,3683.4,4440.0,3288.1,4021.4,1,1,4021.3,2,1,4020.6,4,1,4020.5,2,1,4020.4,12,1,4021.5,710,3,4021.7,1,1,4021.8,22,4,4021.9,245,5,4022.0,168,2
11483,2026-07-02 13:39:30+05:30,4021.4,1,4036.74,1496396,150551.0,177454.0,4100.0,4110.0,4012.0,4092.6,25286800,4501.8,3683.4,4440.0,3288.1,4021.4,1,1,4021.3,2,1,4020.6,4,1,4020.5,2,1,4020.4,12,1,4021.5,710,3,4021.7,1,1,4021.8,22,4,4021.9,245,5,4022.0,168,2
11483,2026-07-02 13:39:30+05:30,4021.8,1,4036.74,1496430,151039.0,176914.0,4100.0,4110.0,4012.0,4092.6,25286800,4501.8,3683.4,4440.0,3288.1,4021.8,1,1,4021.4,10,1,4020.6,10,2,4020.5,2,1,4020.3,1,1,4021.9,15,1,4022.0,177,3,4022.1,49,2,4022.2,68,3,4022.3,17,3
11483,2026-07-02 13:39:31+05:30,4021.8,3,4036.74,1496430,151039.0,176914.0,4100.0,4110.0,4012.0,4092.6,25286800,4501.8,3683.4,4440.0,3288.1,4021.8,1,1,4021.4,10,1,4020.6,10,2,4020.5,2,1,4020.3,1,1,4021.9,15,1,4022.0,177,3,4022.1,49,2,4022.2,68,3,4022.3,17,3
11483,2026-07-02 13:39:31+05:30,4021.8,3,4036.74,1496443,150369.0,177065.0,4100.0,4110.0,4012.0,4092.6,25286800,4501.8,3683.4,4440.0,3288.1,4020.6,4,1,4020.5,2,1,4020.3,1,1,4020.2,31,1,4020.0,174,8,4020.8,347,1,4021.7,3,1,4021.8,36,5,4021.9,11,2,4022.0,192,3
11483,2026-07-02 13:39:32+05:30,4020.6,2,4036.74,1496443,150369.0,177065.0,4100.0,4110.0,4012.0,4092.6,25286800,4501.8,3683.4,4440.0,3288.1,4020.6,4,1,4020.5,2,1,4020.3,1,1,4020.2,31,1,4020.0,174,8,4020.8,347,1,4021.7,3,1,4021.8,36,5,4021.9,11,2,4022.0,192,3
11483,2026-07-02 13:39:32+05:30,4020.2,29,4036.74,1496492,150527.0,176878.0,4100.0,4110.0,4012.0,4092.6,25286800,4501.8,3683.4,4440.0,3288.1,4020.4,30,2,4020.3,31,1,4020.2,2,1,4020.0,203,9,4019.9,52,2,4021.8,1,1,4021.9,15,2,4022.0,164,2,4022.1,32,3,4022.2,149,5
11483,2026-07-02 13:39:33+05:30,4020.4,6,4036.74,1496492,150527.0,176878.0,4100.0,4110.0,4012.0,4092.6,25286800,4501.8,3683.4,4440.0,3288.1,4020.4,30,2,4020.3,31,1,4020.2,2,1,4020.0,203,9,4019.9,52,2,4021.8,1,1,4021.9,15,2,4022.0,164,2,4022.1,32,3,4022.2,149,5
11483,2026-07-02 13:39:33+05:30,4020.4,6,4036.74,1496498,150437.0,176973.0,4100.0,4110.0,4012.0,4092.6,25286800,4501.8,3683.4,4440.0,3288.1,4020.4,11,1,4020.2,2,1,4020.0,165,7,4019.9,36,1,4019.7,27,1,4021.8,11,4,4021.9,15,2,4022.0,164,2,4022.1,35,4,4022.2,210,7
11483,2026-07-02 13:39:34+05:30,4021.8,1,4036.74,1496498,150437.0,176973.0,4100.0,4110.0,4012.0,4092.6,25286800,4501.8,3683.4,4440.0,3288.1,4020.4,11,1,4020.2,2,1,4020.0,165,7,4019.9,36,1,4019.7,27,1,4021.8,11,4,4021.9,15,2,4022.0,164,2,4022.1,35,4,4022.2,210,7
11483,2026-07-02 13:39:34+05:30,4021.8,1,4036.74,1496506,150437.0,177018.0,4100.0,4110.0,4012.0,4092.6,25286800,4501.8,3683.4,4440.0,3288.1,4020.4,11,1,4020.2,2,1,4020.0,165,7,4019.9,36,1,4019.7,27,1,4021.8,115,5,4021.9,15,2,4022.0,195,3,4022.1,41,5,4022.2,173,5
11483,2026-07-02 13:39:35+05:30,4022.7,17,4036.74,1496506,150437.0,177018.0,4100.0,4110.0,4012.0,4092.6,25286800,4501.8,3683.4,4440.0,3288.1,4020.4,11,1,4020.2,2,1,4020.0,165,7,4019.9,36,1,4019.7,27,1,4021.8,115,5,4021.9,15,2,4022.0,195,3,4022.1,41,5,4022.2,173,5
11483,2026-07-02 13:39:35+05:30,4021.8,1,4036.73,1497509,151054.0,175785.0,4100.0,4110.0,4012.0,4092.6,25286800,4501.8,3683.4,4440.0,3288.1,4020.7,31,1,4020.6,63,2,4020.5,88,5,4020.4,34,3,4020.3,67,2,4022.4,86,4,4022.5,183,2,4022.6,175,1,4022.7,13,2,4022.8,17,1
11483,2026-07-02 13:39:36+05:30,4020.7,24,4036.73,1497509,151054.0,175785.0,4100.0,4110.0,4012.0,4092.6,25286800,4501.8,3683.4,4440.0,3288.1,4020.7,31,1,4020.6,63,2,4020.5,88,5,4020.4,34,3,4020.3,67,2,4022.4,86,4,4022.5,183,2,4022.6,175,1,4022.7,13,2,4022.8,17,1
11483,2026-07-02 13:39:36+05:30,4020.5,1,4036.73,1497577,150818.0,176276.0,4100.0,4110.0,4012.0,4092.6,25286800,4501.8,3683.4,4440.0,3288.1,4020.5,1,1,4020.4,10,1,4020.3,36,1,4020.2,38,2,4020.1,2,1,4020.7,12,1,4021.7,75,1,4021.8,13,1,4022.1,13,1,4022.3,28,3
11483,2026-07-02 13:39:37+05:30,4020.5,1,4036.73,1497577,150818.0,176276.0,4100.0,4110.0,4012.0,4092.6,25286800,4501.8,3683.4,4440.0,3288.1,4020.5,1,1,4020.4,10,1,4020.3,36,1,4020.2,38,2,4020.1,2,1,4020.7,12,1,4021.7,75,1,4021.8,13,1,4022.1,13,1,4022.3,28,3
11483,2026-07-02 13:39:37+05:30,4020.6,1,4036.73,1497639,151650.0,176211.0,4100.0,4110.0,4012.0,4092.6,25286800,4501.8,3683.4,4440.0,3288.1,4021.4,10,1,4020.6,102,6,4020.5,68,5,4020.4,18,3,4020.3,40,3,4021.7,75,1,4022.4,12,1,4022.7,22,2,4022.8,17,1,4022.9,25,2
11483,2026-07-02 13:39:38+05:30,4021.4,8,4036.73,1497639,151650.0,176211.0,4100.0,4110.0,4012.0,4092.6,25286800,4501.8,3683.4,4440.0,3288.1,4021.4,10,1,4020.6,102,6,4020.5,68,5,4020.4,18,3,4020.3,40,3,4021.7,75,1,4022.4,12,1,4022.7,22,2,4022.8,17,1,4022.9,25,2
11483,2026-07-02 13:39:38+05:30,4021.4,1,4036.73,1497648,151582.0,176782.0,4100.0,4110.0,4012.0,4092.6,25286800,4501.8,3683.4,4440.0,3288.1,4021.4,1,1,4021.0,10,1,4020.6,32,2,4020.5,56,4,4020.4,3,1,4021.6,350,1,4021.7,75,1,4022.2,78,1,4022.4,12,1,4022.7,22,2
11483,2026-07-02 13:39:39+05:30,4021.6,1,4036.73,1497648,151582.0,176782.0,4100.0,4110.0,4012.0,4092.6,25286800,4501.8,3683.4,4440.0,3288.1,4021.4,1,1,4021.0,10,1,4020.6,32,2,4020.5,56,4,4020.4,3,1,4021.6,350,1,4021.7,75,1,4022.2,78,1,4022.4,12,1,4022.7,22,2
11483,2026-07-02 13:39:39+05:30,4020.4,1,4036.73,1497693,150902.0,176472.0,4100.0,4110.0,4012.0,4092.6,25286800,4501.8,3683.4,4440.0,3288.1,4020.3,3,1,4020.2,5,2,4020.1,4,1,4020.0,210,11,4019.9,38,2,4020.9,307,1,4021.7,75,1,4021.8,13,1,4022.1,13,1,4022.4,12,1
11483,2026-07-02 13:39:40+05:30,4020.3,1,4036.73,1497693,150902.0,176472.0,4100.0,4110.0,4012.0,4092.6,25286800,4501.8,3683.4,4440.0,3288.1,4020.3,3,1,4020.2,5,2,4020.1,4,1,4020.0,210,11,4019.9,38,2,4020.9,307,1,4021.7,75,1,4021.8,13,1,4022.1,13,1,4022.4,12,1
11483,2026-07-02 13:39:40+05:30,4020.4,1,4036.73,1497700,150994.0,176622.0,4100.0,4110.0,4012.0,4092.6,25286800,4501.8,3683.4,4440.0,3288.1,4020.4,103,7,4020.3,81,4,4020.2,36,3,4020.1,6,2,4020.0,225,13,4021.7,75,1,4021.8,25,1,4022.1,13,1,4022.4,12,1,4022.7,78,4
11483,2026-07-02 13:39:41+05:30,4020.3,18,4036.73,1497700,150994.0,176622.0,4100.0,4110.0,4012.0,4092.6,25286800,4501.8,3683.4,4440.0,3288.1,4020.4,103,7,4020.3,81,4,4020.2,36,3,4020.1,6,2,4020.0,225,13,4021.7,75,1,4021.8,25,1,4022.1,13,1,4022.4,12,1,4022.7,78,4
11483,2026-07-02 13:39:41+05:30,4020.2,1,4036.73,1497793,150752.0,176986.0,4100.0,4110.0,4012.0,4092.6,25286800,4501.8,3683.4,4440.0,3288.1,4020.2,32,2,4020.1,6,2,4020.0,159,6,4019.9,36,1,4019.8,2,1,4021.6,37,3,4021.7,107,4,4021.8,57,4,4021.9,27,2,4022.0,57,2
11483,2026-07-02 13:39:42+05:30,4020.2,1,4036.73,1497793,150752.0,176986.0,4100.0,4110.0,4012.0,4092.6,25286800,4501.8,3683.4,4440.0,3288.1,4020.2,32,2,4020.1,6,2,4020.0,159,6,4019.9,36,1,4019.8,2,1,4021.6,37,3,4021.7,107,4,4021.8,57,4,4021.9,27,2,4022.0,57,2
11483,2026-07-02 13:39:42+05:30,4020.2,1,4036.73,1497809,150855.0,176564.0,4100.0,4110.0,4012.0,4092.6,25286800,4501.8,3683.4,4440.0,3288.1,4020.2,37,3,4020.1,34,3,4020.0,166,8,4019.9,36,1,4019.7,17,2,4021.6,18,2,4021.7,67,2,4021.8,57,4,4021.9,27,2,4022.0,74,2
11483,2026-07-02 13:39:43+05:30,4020.2,2,4036.73,1497809,150855.0,176564.0,4100.0,4110.0,4012.0,4092.6,25286800,4501.8,3683.4,4440.0,3288.1,4020.2,37,3,4020.1,34,3,4020.0,166,8,4019.9,36,1,4019.7,17,2,4021.6,18,2,4021.7,67,2,4021.8,57,4,4021.9,27,2,4022.0,74,2
11483,2026-07-02 13:39:43+05:30,4020.2,1,4036.73,1497812,150852.0,176766.0,4100.0,4110.0,4012.0,4092.6,25286800,4501.8,3683.4,4440.0,3288.1,4020.2,34,3,4020.1,4,1,4020.0,169,9,4019.9,63,2,4019.7,17,2,4021.6,18,2,4021.7,67,2,4021.8,57,4,4021.9,27,2,4022.0,74,2
11483,2026-07-02 13:39:44+05:30,4020.2,1,4036.73,1497812,150852.0,176766.0,4100.0,4110.0,4012.0,4092.6,25286800,4501.8,3683.4,4440.0,3288.1,4020.2,34,3,4020.1,4,1,4020.0,169,9,4019.9,63,2,4019.7,17,2,4021.6,18,2,4021.7,67,2,4021.8,57,4,4021.9,27,2,4022.0,74,2
11483,2026-07-02 13:39:44+05:30,4020.2,1,4036.73,1497823,150854.0,176629.0,4100.0,4110.0,4012.0,4092.6,25286800,4501.8,3683.4,4440.0,3288.1,4020.2,33,3,4020.1,7,2,4020.0,166,8,4019.9,63,2,4019.7,12,1,4021.5,19,2,4021.6,20,3,4021.7,92,3,4021.8,57,4,4021.9,27,2
11483,2026-07-02 13:39:45+05:30,4020.2,2,4036.73,1497823,150854.0,176629.0,4100.0,4110.0,4012.0,4092.6,25286800,4501.8,3683.4,4440.0,3288.1,4020.2,33,3,4020.1,7,2,4020.0,166,8,4019.9,63,2,4019.7,12,1,4021.5,19,2,4021.6,20,3,4021.7,92,3,4021.8,57,4,4021.9,27,2
11483,2026-07-02 13:39:45+05:30,4020.2,1,4036.73,1497826,150875.0,176679.0,4100.0,4110.0,4012.0,4092.6,25286800,4501.8,3683.4,4440.0,3288.1,4020.2,30,3,4020.1,4,1,4020.0,178,9,4019.9,63,2,4019.7,12,1,4021.5,66,3,4021.6,20,3,4021.7,92,3,4021.8,57,4,4021.9,27,2
11483,2026-07-02 13:39:46+05:30,4021.6,7,4036.73,1497826,150875.0,176679.0,4100.0,4110.0,4012.0,4092.6,25286800,4501.8,3683.4,4440.0,3288.1,4020.2,30,3,4020.1,4,1,4020.0,178,9,4019.9,63,2,4019.7,12,1,4021.5,66,3,4021.6,20,3,4021.7,92,3,4021.8,57,4,4021.9,27,2
11483,2026-07-02 13:39:46+05:30,4021.0,1,4036.73,1497834,150862.0,176986.0,4100.0,4110.0,4012.0,4092.6,25286800,4501.8,3683.4,4440.0,3288.1,4021.0,1,1,4020.7,2,2,4020.2,11,1,4020.1,4,1,4020.0,159,6,4021.5,2,1,4021.6,11,2,4021.7,92,3,4021.8,57,4,4021.9,27,2
11483,2026-07-02 13:39:47+05:30,4021.0,1,4036.73,1497834,150862.0,176986.0,4100.0,4110.0,4012.0,4092.6,25286800,4501.8,3683.4,4440.0,3288.1,4021.0,1,1,4020.7,2,2,4020.2,11,1,4020.1,4,1,4020.0,159,6,4021.5,2,1,4021.6,11,2,4021.7,92,3,4021.8,57,4,4021.9,27,2
11483,2026-07-02 13:39:47+05:30,4020.7,1,4036.73,1497836,150835.0,176988.0,4100.0,4110.0,4012.0,4092.6,25286800,4501.8,3683.4,4440.0,3288.1,4020.7,2,2,4020.2,11,1,4020.1,4,1,4020.0,159,6,4019.9,63,2,4021.5,2,1,4021.6,11,2,4021.7,92,3,4021.8,52,3,4021.9,27,2
11483,2026-07-02 13:39:48+05:30,4021.7,7,4036.73,1497836,150835.0,176988.0,4100.0,4110.0,4012.0,4092.6,25286800,4501.8,3683.4,4440.0,3288.1,4020.7,2,2,4020.2,11,1,4020.1,4,1,4020.0,159,6,4019.9,63,2,4021.5,2,1,4021.6,11,2,4021.7,92,3,4021.8,52,3,4021.9,27,2
11483,2026-07-02 13:39:48+05:30,4020.7,1,4036.73,1497858,150855.0,176893.0,4100.0,4110.0,4012.0,4092.6,25286800,4501.8,3683.4,4440.0,3288.1,4020.7,2,2,4020.2,11,1,4020.1,7,2,4020.0,159,6,4019.9,63,2,4021.7,85,3,4021.8,52,3,4021.9,27,2,4022.0,74,2,4022.1,59,4
11483,2026-07-02 13:39:49+05:30,4020.7,1,4036.73,1497858,150855.0,176893.0,4100.0,4110.0,4012.0,4092.6,25286800,4501.8,3683.4,4440.0,3288.1,4020.7,2,2,4020.2,11,1,4020.1,7,2,4020.0,159,6,4019.9,63,2,4021.7,85,3,4021.8,52,3,4021.9,27,2,4022.0,74,2,4022.1,59,4
11483,2026-07-02 13:39:49+05:30,4021.2,1,4036.73,1497861,150894.0,177530.0,4100.0,4110.0,4012.0,4092.6,25286800,4501.8,3683.4,4440.0,3288.1,4021.2,1,1,4020.7,1,1,4020.2,11,1,4020.1,4,1,4020.0,161,7,4021.6,700,2,4021.7,85,3,4021.8,39,2,4021.9,20,1,4022.0,81,3
11483,2026-07-02 13:39:50+05:30,4021.2,1,4036.73,1497861,150894.0,177530.0,4100.0,4110.0,4012.0,4092.6,25286800,4501.8,3683.4,4440.0,3288.1,4021.2,1,1,4020.7,1,1,4020.2,11,1,4020.1,4,1,4020.0,161,7,4021.6,700,2,4021.7,85,3,4021.8,39,2,4021.9,20,1,4022.0,81,3
11483,2026-07-02 13:39:50+05:30,4020.2,1,4036.73,1497866,150920.0,176739.0,4100.0,4110.0,4012.0,4092.6,25286800,4501.8,3683.4,4440.0,3288.1,4020.2,44,3,4020.1,30,3,4020.0,175,9,4019.9,36,1,4019.8,23,1,4021.7,72,2,4021.8,25,1,4021.9,20,1,4022.0,95,4,4022.1,66,5
11483,2026-07-02 13:39:51+05:30,4021.7,4,4036.73,1497866,150920.0,176739.0,4100.0,4110.0,4012.0,4092.6,25286800,4501.8,3683.4,4440.0,3288.1,4020.2,44,3,4020.1,30,3,4020.0,175,9,4019.9,36,1,4019.8,23,1,4021.7,72,2,4021.8,25,1,4021.9,20,1,4022.0,95,4,4022.1,66,5
11483,2026-07-02 13:39:51+05:30,4020.3,1,4036.73,1497873,150932.0,176909.0,4100.0,4110.0,4012.0,4092.6,25286800,4501.8,3683.4,4440.0,3288.1,4020.3,13,1,4020.2,62,5,4020.1,5,2,4020.0,175,9,4019.9,36,1,4021.7,67,2,4021.8,25,1,4021.9,20,1,4022.0,95,4,4022.1,66,5
11483,2026-07-02 13:39:52+05:30,4020.3,1,4036.73,1497873,150932.0,176909.0,4100.0,4110.0,4012.0,4092.6,25286800,4501.8,3683.4,4440.0,3288.1,4020.3,13,1,4020.2,62,5,4020.1,5,2,4020.0,175,9,4019.9,36,1,4021.7,67,2,4021.8,25,1,4021.9,20,1,4022.0,95,4,4022.1,66,5
11483,2026-07-02 13:39:52+05:30,4022.9,4,4036.71,1499124,151490.0,175798.0,4100.0,4110.0,4012.0,4092.6,25286800,4501.8,3683.4,4440.0,3288.1,4020.7,12,1,4020.6,54,2,4020.5,22,2,4020.4,44,5,4020.3,94,5,4022.1,15,1,4022.2,15,1,4022.3,52,2,4022.4,14,1,4022.5,188,2
11483,2026-07-02 13:39:53+05:30,4020.7,20,4036.71,1499124,151490.0,175798.0,4100.0,4110.0,4012.0,4092.6,25286800,4501.8,3683.4,4440.0,3288.1,4020.7,12,1,4020.6,54,2,4020.5,22,2,4020.4,44,5,4020.3,94,5,4022.1,15,1,4022.2,15,1,4022.3,52,2,4022.4,14,1,4022.5,188,2
11483,2026-07-02 13:39:53+05:30,4020.4,1,4036.71,1499165,150968.0,175941.0,4100.0,4110.0,4012.0,4092.6,25286800,4501.8,3683.4,4440.0,3288.1,4020.4,24,4,4020.3,12,1,4020.2,19,2,4020.1,12,3,4020.0,251,11,4020.7,16,1,4022.5,103,3,4022.6,75,2,4022.7,47,1,4022.8,39,2
11483,2026-07-02 13:39:54+05:30,4020.7,2,4036.71,1499165,150968.0,175941.0,4100.0,4110.0,4012.0,4092.6,25286800,4501.8,3683.4,4440.0,3288.1,4020.4,24,4,4020.3,12,1,4020.2,19,2,4020.1,12,3,4020.0,251,11,4020.7,16,1,4022.5,103,3,4022.6,75,2,4022.7,47,1,4022.8,39,2
11483,2026-07-02 13:39:54+05:30,4020.6,1,4036.71,1499320,151111.0,175745.0,4100.0,4110.0,4012.0,4092.6,25286800,4501.8,3683.4,4440.0,3288.1,4020.6,31,2,4020.5,68,5,4020.4,37,3,4020.3,44,7,4020.2,8,3,4022.2,66,2,4022.3,57,2,4022.4,59,2,4022.5,41,1,4022.6,36,1
11483,2026-07-02 13:39:55+05:30,4020.6,18,4036.71,1499320,151111.0,175745.0,4100.0,4110.0,4012.0,4092.6,25286800,4501.8,3683.4,4440.0,3288.1,4020.6,31,2,4020.5,68,5,4020.4,37,3,4020.3,44,7,4020.2,8,3,4022.2,66,2,4022.3,57,2,4022.4,59,2,4022.5,41,1,4022.6,36,1
11483,2026-07-02 13:39:55+05:30,4022.1,1,4036.71,1499370,154408.0,174394.0,4100.0,4110.0,4012.0,4092.6,25286800,4501.8,3683.4,4440.0,3288.1,4022.1,77,5,4022.0,79,5,4021.9,34,4,4021.8,59,5,4021.7,58,3,4023.5,63,2,4023.7,16,1,4023.9,40,3,4024.2,13,1,4024.3,79,3
11483,2026-07-02 13:39:56+05:30,4023.5,1,4036.71,1499370,154408.0,174394.0,4100.0,4110.0,4012.0,4092.6,25286800,4501.8,3683.4,4440.0,3288.1,4022.1,77,5,4022.0,79,5,4021.9,34,4,4021.8,59,5,4021.7,58,3,4023.5,63,2,4023.7,16,1,4023.9,40,3,4024.2,13,1,4024.3,79,3
11483,2026-07-02 13:39:56+05:30,4023.5,1,4036.71,1499378,154503.0,174320.0,4100.0,4110.0,4012.0,4092.6,25286800,4501.8,3683.4,4440.0,3288.1,4022.2,70,5,4022.1,17,2,4022.0,76,5,4021.9,34,4,4021.8,59,5,4023.5,62,2,4023.7,16,1,4023.9,40,3,4024.2,13,1,4024.3,79,3
11483,2026-07-02 13:39:57+05:30,4023.5,1,4036.71,1499378,154503.0,174320.0,4100.0,4110.0,4012.0,4092.6,25286800,4501.8,3683.4,4440.0,3288.1,4022.2,70,5,4022.1,17,2,4022.0,76,5,4021.9,34,4,4021.8,59,5,4023.5,62,2,4023.7,16,1,4023.9,40,3,4024.2,13,1,4024.3,79,3
11483,2026-07-02 13:39:57+05:30,4023.5,1,4036.71,1499380,154470.0,174323.0,4100.0,4110.0,4012.0,4092.6,25286800,4501.8,3683.4,4440.0,3288.1,4022.2,69,5,4022.1,17,2,4022.0,76,5,4021.9,34,4,4021.8,53,4,4023.5,61,2,4023.7,16,1,4023.9,40,3,4024.2,13,1,4024.3,79,3
11483,2026-07-02 13:39:58+05:30,4023.5,2,4036.71,1499380,154470.0,174323.0,4100.0,4110.0,4012.0,4092.6,25286800,4501.8,3683.4,4440.0,3288.1,4022.2,69,5,4022.1,17,2,4022.0,76,5,4021.9,34,4,4021.8,53,4,4023.5,61,2,4023.7,16,1,4023.9,40,3,4024.2,13,1,4024.3,79,3
11483,2026-07-02 13:39:58+05:30,4023.9,1,4036.71,1499452,154489.0,173906.0,4100.0,4110.0,4012.0,4092.6,25286800,4501.8,3683.4,4440.0,3288.1,4023.5,6,1,4022.6,2,1,4022.5,15,1,4022.4,87,4,4022.3,72,2,4023.9,38,3,4024.3,79,3,4024.5,31,2,4024.7,2,1,4024.8,14,2
11483,2026-07-02 13:39:59+05:30,4023.5,9,4036.71,1499452,154489.0,173906.0,4100.0,4110.0,4012.0,4092.6,25286800,4501.8,3683.4,4440.0,3288.1,4023.5,6,1,4022.6,2,1,4022.5,15,1,4022.4,87,4,4022.3,72,2,4023.9,38,3,4024.3,79,3,4024.5,31,2,4024.7,2,1,4024.8,14,2
11483,2026-07-02 13:39:59+05:30,4023.5,9,4036.71,1499461,154838.0,173815.0,4100.0,4110.0,4012.0,4092.6,25286800,4501.8,3683.4,4440.0,3288.1,4023.6,1,1,4023.5,8,1,4022.6,3,2,4022.5,15,1,4022.4,86,3,4023.9,38,3,4024.3,79,3,4024.5,13,1,4024.7,2,1,4024.8,14,2
11483,2026-07-02 13:40:00+05:30,4023.8,1,4036.71,1499461,154838.0,173815.0,4100.0,4110.0,4012.0,4092.6,25286800,4501.8,3683.4,4440.0,3288.1,4023.6,1,1,4023.5,8,1,4022.6,3,2,4022.5,15,1,4022.4,86,3,4023.9,38,3,4024.3,79,3,4024.5,13,1,4024.7,2,1,4024.8,14,2
11483,2026-07-02 13:40:00+05:30,4023.9,3,4036.71,1499470,154879.0,173788.0,4100.0,4110.0,4012.0,4092.6,25286800,4501.8,3683.4,4440.0,3288.1,4023.5,8,1,4022.6,3,2,4022.5,63,2,4022.4,86,3,4022.3,72,2,4023.9,9,1,4024.3,79,3,4024.5,13,1,4024.7,2,1,4024.8,14,2
11483,2026-07-02 13:40:01+05:30,4023.9,1,4036.71,1499470,154879.0,173788.0,4100.0,4110.0,4012.0,4092.6,25286800,4501.8,3683.4,4440.0,3288.1,4023.5,8,1,4022.6,3,2,4022.5,63,2,4022.4,86,3,4022.3,72,2,4023.9,9,1,4024.3,79,3,4024.5,13,1,4024.7,2,1,4024.8,14,2
11483,2026-07-02 13:40:01+05:30,4023.9,1,4036.71,1499481,154530.0,174014.0,4100.0,4110.0,4012.0,4092.6,25286800,4501.8,3683.4,4440.0,3288.1,4022.6,11,2,4022.5,10,1,4022.4,67,2,4022.2,3,1,4022.1,36,1,4023.9,20,2,4024.2,25,2,4024.3,79,3,4024.4,5,1,4024.5,26,2
11483,2026-07-02 13:40:02+05:30,4022.6,2,4036.71,1499481,154530.0,174014.0,4100.0,4110.0,4012.0,4092.6,25286800,4501.8,3683.4,4440.0,3288.1,4022.6,11,2,4022.5,10,1,4022.4,67,2,4022.2,3,1,4022.1,36,1,4023.9,20,2,4024.2,25,2,4024.3,79,3,4024.4,5,1,4024.5,26,2
11483,2026-07-02 13:40:02+05:30,4022.6,2,4036.71,1499483,154515.0,174034.0,4100.0,4110.0,4012.0,4092.6,25286800,4501.8,3683.4,4440.0,3288.1,4022.6,11,2,4022.5,10,1,4022.4,67,2,4022.2,3,1,4022.1,51,2,4023.9,13,1,4024.2,25,2,4024.3,79,3,4024.4,5,1,4024.5,26,2
11483,2026-07-02 13:40:03+05:30,4023.9,1,4036.71,1499483,154515.0,174034.0,4100.0,4110.0,4012.0,4092.6,25286800,4501.8,3683.4,4440.0,3288.1,4022.6,11,2,4022.5,10,1,4022.4,67,2,4022.2,3,1,4022.1,51,2,4023.9,13,1,4024.2,25,2,4024.3,79,3,4024.4,5,1,4024.5,26,2
11483,2026-07-02 13:40:03+05:30,4023.9,1,4036.71,1499484,154531.0,174033.0,4100.0,4110.0,4012.0,4092.6,25286800,4501.8,3683.4,4440.0,3288.1,4022.6,11,2,4022.5,10,1,4022.4,67,2,4022.1,62,4,4022.0,26,4,4023.9,12,1,4024.2,25,2,4024.3,79,3,4024.4,5,1,4024.5,26,2
11483,2026-07-02 13:40:04+05:30,4023.9,1,4036.71,1499484,154531.0,174033.0,4100.0,4110.0,4012.0,4092.6,25286800,4501.8,3683.4,4440.0,3288.1,4022.6,11,2,4022.5,10,1,4022.4,67,2,4022.1,62,4,4022.0,26,4,4023.9,12,1,4024.2,25,2,4024.3,79,3,4024.4,5,1,4024.5,26,2
11483,2026-07-02 13:40:04+05:30,4023.9,1,4036.71,1499487,154489.0,174159.0,4100.0,4110.0,4012.0,4092.6,25286800,4501.8,3683.4,4440.0,3288.1,4022.6,10,2,4022.5,10,1,4022.4,67,2,4022.1,68,5,4022.0,9,2,4023.9,10,1,4024.2,25,2,4024.3,79,3,4024.4,5,1,4024.5,26,2
11483,2026-07-02 13:40:05+05:30,4022.6,1,4036.71,1499487,154489.0,174159.0,4100.0,4110.0,4012.0,4092.6,25286800,4501.8,3683.4,4440.0,3288.1,4022.6,10,2,4022.5,10,1,4022.4,67,2,4022.1,68,5,4022.0,9,2,4023.9,10,1,4024.2,25,2,4024.3,79,3,4024.4,5,1,4024.5,26,2
11483,2026-07-02 13:40:06+05:30,4023.9,1,4036.71,1499489,154504.0,174164.0,4100.0,4110.0,4012.0,4092.6,25286800,4501.8,3683.4,4440.0,3288.1,4022.6,12,3,4022.5,10,1,4022.4,67,2,4022.1,68,5,4022.0,33,3,4023.9,9,1,4024.2,25,2,4024.3,79,3,4024.4,5,1,4024.5,26,2
11483,2026-07-02 13:40:06+05:30,4023.9,7,4036.71,1499489,154504.0,174164.0,4100.0,4110.0,4012.0,4092.6,25286800,4501.8,3683.4,4440.0,3288.1,4022.6,12,3,4022.5,10,1,4022.4,67,2,4022.1,68,5,4022.0,33,3,4023.9,9,1,4024.2,25,2,4024.3,79,3,4024.4,5,1,4024.5,26,2
11483,2026-07-02 13:40:07+05:30,4023.9,1,4036.71,1499498,154575.0,174176.0,4100.0,4110.0,4012.0,4092.6,25286800,4501.8,3683.4,4440.0,3288.1,4022.6,11,3,4022.5,10,1,4022.4,67,2,4022.2,51,2,4022.1,65,4,4023.9,1,1,4024.2,12,1,4024.3,79,3,4024.5,26,2,4024.6,29,2
11483,2026-07-02 13:40:07+05:30,4022.6,2,4036.71,1499498,154575.0,174176.0,4100.0,4110.0,4012.0,4092.6,25286800,4501.8,3683.4,4440.0,3288.1,4022.6,11,3,4022.5,10,1,4022.4,67,2,4022.2,51,2,4022.1,65,4,4023.9,1,1,4024.2,12,1,4024.3,79,3,4024.5,26,2,4024.6,29,2
11483,2026-07-02 13:40:08+05:30,4022.6,1,4036.71,1499504,155237.0,174034.0,4100.0,4110.0,4012.0,4092.6,25286800,4501.8,3683.4,4440.0,3288.1,4022.6,20,3,4022.5,10,1,4022.4,70,3,4022.3,5,1,4022.2,23,1,4023.9,13,1,4024.0,2,1,4024.2,12,1,4024.3,79,3,4024.5,13,1
11483,2026-07-02 13:40:08+05:30,4022.6,1,4036.71,1499504,155237.0,174034.0,4100.0,4110.0,4012.0,4092.6,25286800,4501.8,3683.4,4440.0,3288.1,4022.6,20,3,4022.5,10,1,4022.4,70,3,4022.3,5,1,4022.2,23,1,4023.9,13,1,4024.0,2,1,4024.2,12,1,4024.3,79,3,4024.5,13,1
11483,2026-07-02 13:40:09+05:30,4023.9,1,4036.71,1499508,155075.0,174064.0,4100.0,4110.0,4012.0,4092.6,25286800,4501.8,3683.4,4440.0,3288.1,4023.3,1,1,4022.7,27,3,4022.6,26,2,4022.5,13,2,4022.4,91,3,4023.9,38,4,4024.0,2,1,4024.3,79,3,4024.5,13,1,4024.6,5,1
11483,2026-07-02 13:40:09+05:30,4023.9,1,4036.71,1499508,155075.0,174064.0,4100.0,4110.0,4012.0,4092.6,25286800,4501.8,3683.4,4440.0,3288.1,4023.3,1,1,4022.7,27,3,4022.6,26,2,4022.5,13,2,4022.4,91,3,4023.9,38,4,4024.0,2,1,4024.3,79,3,4024.5,13,1,4024.6,5,1
11483,2026-07-02 13:40:10+05:30,4024.9,1,4036.71,1499863,154825.0,174304.0,4100.0,4110.0,4012.0,4092.6,25286800,4501.8,3683.4,4440.0,3288.1,4023.1,23,3,4023.0,41,2,4022.9,42,3,4022.8,35,3,4022.7,3,1,4024.3,18,1,4024.4,57,2,4024.5,18,1,4024.6,25,1,4024.7,75,3
11483,2026-07-02 13:40:10+05:30,4023.1,9,4036.71,1499863,154825.0,174304.0,4100.0,4110.0,4012.0,4092.6,25286800,4501.8,3683.4,4440.0,3288.1,4023.1,23,3,4023.0,41,2,4022.9,42,3,4022.8,35,3,4022.7,3,1,4024.3,18,1,4024.4,57,2,4024.5,18,1,4024.6,25,1,4024.7,75,3
11483,2026-07-02 13:40:11+05:30,4023.1,1,4036.71,1499934,155306.0,174424.0,4100.0,4110.0,4012.0,4092.6,25286800,4501.8,3683.4,4440.0,3288.1,4022.3,33,4,4022.2,61,4,4022.1,137,6,4022.0,93,7,4021.9,46,4,4023.1,1,1,4024.1,19,1,4024.2,46,3,4024.3,46,2,4024.4,67,3
11483,2026-07-02 13:40:11+05:30,4022.3,9,4036.71,1499934,155306.0,174424.0,4100.0,4110.0,4012.0,4092.6,25286800,4501.8,3683.4,4440.0,3288.1,4022.3,33,4,4022.2,61,4,4022.1,137,6,4022.0,93,7,4021.9,46,4,4023.1,1,1,4024.1,19,1,4024.2,46,3,4024.3,46,2,4024.4,67,3
11483,2026-07-02 13:40:12+05:30,4024.0,10,4036.69,1502643,154116.0,174497.0,4100.0,4110.0,4012.0,4092.6,25286800,4501.8,3683.4,4440.0,3288.1,4022.7,23,2,4022.6,30,2,4022.5,5,1,4022.4,47,2,4022.3,86,5,4024.0,71,3,4024.1,23,2,4024.2,16,2,4024.3,64,4,4024.4,19,2
11483,2026-07-02 13:40:12+05:30,4022.7,9,4036.69,1502643,154116.0,174497.0,4100.0,4110.0,4012.0,4092.6,25286800,4501.8,3683.4,4440.0,3288.1,4022.7,23,2,4022.6,30,2,4022.5,5,1,4022.4,47,2,4022.3,86,5,4024.0,71,3,4024.1,23,2,4024.2,16,2,4024.3,64,4,4024.4,19,2
11483,2026-07-02 13:40:13+05:30,4023.1,1,4036.68,1503024,154073.0,173948.0,4100.0,4110.0,4012.0,4092.6,25286800,4501.8,3683.4,4440.0,3288.1,4023.1,61,5,4023.0,46,4,4022.9,92,2,4022.8,46,3,4022.7,54,4,4024.6,10,1,4024.7,1,1,4024.8,32,2,4024.9,5,1,4025.0,70,2
11483,2026-07-02 13:40:13+05:30,4023.1,7,4036.68,1503024,154073.0,173948.0,4100.0,4110.0,4012.0,4092.6,25286800,4501.8,3683.4,4440.0,3288.1,4023.1,61,5,4023.0,46,4,4022.9,92,2,4022.8,46,3,4022.7,54,4,4024.6,10,1,4024.7,1,1,4024.8,32,2,4024.9,5,1,4025.0,70,2
11483,2026-07-02 13:40:14+05:30,4024.6,1,4036.68,1503072,153857.0,173919.0,4100.0,4110.0,4012.0,4092.6,25286800,4501.8,3683.4,4440.0,3288.1,4023.1,46,3,4023.0,39,5,4022.9,34,1,4022.8,72,5,4022.7,54,4,4024.6,10,2,4024.7,1,1,4024.8,32,2,4024.9,5,1,4025.0,70,2
11483,2026-07-02 13:40:14+05:30,4023.1,6,4036.68,1503072,153857.0,173919.0,4100.0,4110.0,4012.0,4092.6,25286800,4501.8,3683.4,4440.0,3288.1,4023.1,46,3,4023.0,39,5,4022.9,34,1,4022.8,72,5,4022.7,54,4,4024.6,10,2,4024.7,1,1,4024.8,32,2,4024.9,5,1,4025.0,70,2
11483,2026-07-02 13:40:15+05:30,4024.5,1,4036.68,1503072,153857.0,173919.0,4100.0,4110.0,4012.0,4092.6,25286800,4501.8,3683.4,4440.0,3288.1,4023.1,46,3,4023.0,39,5,4022.9,34,1,4022.8,72,5,4022.7,54,4,4024.6,10,2,4024.7,1,1,4024.8,32,2,4024.9,5,1,4025.0,70,2
11483,2026-07-02 13:40:15+05:30,4024.5,1,4036.68,1503081,154063.0,173902.0,4100.0,4110.0,4012.0,4092.6,25286800,4501.8,3683.4,4440.0,3288.1,4023.2,32,3,4023.1,9,1,4023.0,36,4,4022.9,99,3,4022.8,50,4,4024.6,1,1,4024.7,1,1,4024.8,32,2,4025.0,70,2,4025.1,27,2
11483,2026-07-02 13:40:15+05:30,4024.5,1,4036.68,1503081,154063.0,173902.0,4100.0,4110.0,4012.0,4092.6,25286800,4501.8,3683.4,4440.0,3288.1,4023.2,32,3,4023.1,9,1,4023.0,36,4,4022.9,99,3,4022.8,50,4,4024.6,1,1,4024.7,1,1,4024.8,32,2,4025.0,70,2,4025.1,27,2
11483,2026-07-02 13:40:16+05:30,4021.0,350,4036.68,1503081,154063.0,173902.0,4100.0,4110.0,4012.0,4092.6,25286800,4501.8,3683.4,4440.0,3288.1,4023.2,32,3,4023.1,9,1,4023.0,36,4,4022.9,99,3,4022.8,50,4,4024.6,1,1,4024.7,1,1,4024.8,32,2,4025.0,70,2,4025.1,27,2
11483,2026-07-02 13:40:16+05:30,4021.0,350,4036.68,1503081,154063.0,173902.0,4100.0,4110.0,4012.0,4092.6,25286800,4501.8,3683.4,4440.0,3288.1,4023.2,32,3,4023.1,9,1,4023.0,36,4,4022.9,99,3,4022.8,50,4,4024.6,1,1,4024.7,1,1,4024.8,32,2,4025.0,70,2,4025.1,27,2
11483,2026-07-02 13:40:16+05:30,4021.0,350,4036.65,1506042,148695.0,175548.0,4100.0,4110.0,4012.0,4092.6,25286800,4501.8,3683.4,4440.0,3288.1,4021.2,25,1,4021.0,20,3,4020.9,15,2,4020.8,32,3,4020.7,1,1,4022.7,19,2,4022.8,66,5,4022.9,44,2,4023.0,13,1,4023.1,45,3
11483,2026-07-02 13:40:16+05:30,4021.0,350,4036.65,1506042,148695.0,175548.0,4100.0,4110.0,4012.0,4092.6,25286800,4501.8,3683.4,4440.0,3288.1,4021.2,25,1,4021.0,20,3,4020.9,15,2,4020.8,32,3,4020.7,1,1,4022.7,19,2,4022.8,66,5,4022.9,44,2,4023.0,13,1,4023.1,45,3
11483,2026-07-02 13:40:17+05:30,4021.2,20,4036.65,1506042,148695.0,175548.0,4100.0,4110.0,4012.0,4092.6,25286800,4501.8,3683.4,4440.0,3288.1,4021.2,25,1,4021.0,20,3,4020.9,15,2,4020.8,32,3,4020.7,1,1,4022.7,19,2,4022.8,66,5,4022.9,44,2,4023.0,13,1,4023.1,45,3
11483,2026-07-02 13:40:17+05:30,4021.2,20,4036.65,1506042,148695.0,175548.0,4100.0,4110.0,4012.0,4092.6,25286800,4501.8,3683.4,4440.0,3288.1,4021.2,25,1,4021.0,20,3,4020.9,15,2,4020.8,32,3,4020.7,1,1,4022.7,19,2,4022.8,66,5,4022.9,44,2,4023.0,13,1,4023.1,45,3
11483,2026-07-02 13:40:17+05:30,4021.2,1,4036.65,1506400,149323.0,174958.0,4100.0,4110.0,4012.0,4092.6,25286800,4501.8,3683.4,4440.0,3288.1,4021.1,38,6,4021.0,42,4,4020.9,54,3,4020.8,57,2,4020.7,9,2,4022.4,31,1,4022.7,23,3,4022.9,39,1,4023.0,12,1,4023.1,38,2
11483,2026-07-02 13:40:17+05:30,4021.2,1,4036.65,1506400,149323.0,174958.0,4100.0,4110.0,4012.0,4092.6,25286800,4501.8,3683.4,4440.0,3288.1,4021.1,38,6,4021.0,42,4,4020.9,54,3,4020.8,57,2,4020.7,9,2,4022.4,31,1,4022.7,23,3,4022.9,39,1,4023.0,12,1,4023.1,38,2
11483,2026-07-02 13:40:18+05:30,4021.1,1,4036.65,1506400,149323.0,174958.0,4100.0,4110.0,4012.0,4092.6,25286800,4501.8,3683.4,4440.0,3288.1,4021.1,38,6,4021.0,42,4,4020.9,54,3,4020.8,57,2,4020.7,9,2,4022.4,31,1,4022.7,23,3,4022.9,39,1,4023.0,12,1,4023.1,38,2
11483,2026-07-02 13:40:18+05:30,4021.1,1,4036.65,1506447,145083.0,175450.0,4100.0,4110.0,4012.0,4092.6,25286800,4501.8,3683.4,4440.0,3288.1,4020.5,3,1,4020.3,1,1,4020.2,16,2,4020.1,6,2,4020.0,89,6,4022.2,114,5,4022.3,40,4,4022.4,57,4,4022.6,3,1,4022.7,67,6
11483,2026-07-02 13:40:18+05:30,4021.1,1,4036.65,1506447,145083.0,175450.0,4100.0,4110.0,4012.0,4092.6,25286800,4501.8,3683.4,4440.0,3288.1,4020.5,3,1,4020.3,1,1,4020.2,16,2,4020.1,6,2,4020.0,89,6,4022.2,114,5,4022.3,40,4,4022.4,57,4,4022.6,3,1,4022.7,67,6
11483,2026-07-02 13:40:19+05:30,4021.1,1,4036.65,1506447,145083.0,175450.0,4100.0,4110.0,4012.0,4092.6,25286800,4501.8,3683.4,4440.0,3288.1,4020.5,3,1,4020.3,1,1,4020.2,16,2,4020.1,6,2,4020.0,89,6,4022.2,114,5,4022.3,40,4,4022.4,57,4,4022.6,3,1,4022.7,67,6
11483,2026-07-02 13:40:19+05:30,4022.2,1,4036.65,1506456,145561.0,175486.0,4100.0,4110.0,4012.0,4092.6,25286800,4501.8,3683.4,4440.0,3288.1,4021.3,1,1,4020.6,22,1,4020.5,48,4,4020.4,70,5,4020.3,3,1,4022.2,34,1,4022.4,28,1,4022.7,24,3,4022.8,28,2,4022.9,39,1
11483,2026-07-02 13:40:19+05:30,4021.3,1,4036.65,1506456,145561.0,175486.0,4100.0,4110.0,4012.0,4092.6,25286800,4501.8,3683.4,4440.0,3288.1,4021.3,1,1,4020.6,22,1,4020.5,48,4,4020.4,70,5,4020.3,3,1,4022.2,34,1,4022.4,28,1,4022.7,24,3,4022.8,28,2,4022.9,39,1
11483,2026-07-02 13:40:19+05:30,4021.3,1,4036.65,1506456,145561.0,175486.0,4100.0,4110.0,4012.0,4092.6,25304650,4501.8,3683.4,4440.0,3288.1,4021.3,1,1,4020.6,22,1,4020.5,48,4,4020.4,70,5,4020.3,3,1,4022.2,34,1,4022.4,28,1,4022.7,24,3,4022.8,28,2,4022.9,39,1
11483,2026-07-02 13:40:20+05:30,4021.3,1,4036.65,1506456,145561.0,175486.0,4100.0,4110.0,4012.0,4092.6,25304650,4501.8,3683.4,4440.0,3288.1,4021.3,1,1,4020.6,22,1,4020.5,48,4,4020.4,70,5,4020.3,3,1,4022.2,34,1,4022.4,28,1,4022.7,24,3,4022.8,28,2,4022.9,39,1
11483,2026-07-02 13:40:20+05:30,4022.1,4,4036.65,1506456,145561.0,175486.0,4100.0,4110.0,4012.0,4092.6,25304650,4501.8,3683.4,4440.0,3288.1,4021.3,1,1,4020.6,22,1,4020.5,48,4,4020.4,70,5,4020.3,3,1,4022.2,34,1,4022.4,28,1,4022.7,24,3,4022.8,28,2,4022.9,39,1
11483,2026-07-02 13:40:20+05:30,4022.1,4,4036.65,1506456,145561.0,175486.0,4100.0,4110.0,4012.0,4092.6,25304650,4501.8,3683.4,4440.0,3288.1,4021.3,1,1,4020.6,22,1,4020.5,48,4,4020.4,70,5,4020.3,3,1,4022.2,34,1,4022.4,28,1,4022.7,24,3,4022.8,28,2,4022.9,39,1
11483,2026-07-02 13:40:20+05:30,4022.6,65,4036.64,1506664,145024.0,176191.0,4100.0,4110.0,4012.0,4092.6,25304650,4501.8,3683.4,4440.0,3288.1,4020.5,25,3,4020.4,26,4,4020.3,7,2,4020.2,12,2,4020.1,2,2,4021.3,1,1,4022.3,39,3,4022.4,30,2,4022.5,28,2,4022.7,35,3
11483,2026-07-02 13:40:20+05:30,4022.6,65,4036.64,1506664,145024.0,176191.0,4100.0,4110.0,4012.0,4092.6,25304650,4501.8,3683.4,4440.0,3288.1,4020.5,25,3,4020.4,26,4,4020.3,7,2,4020.2,12,2,4020.1,2,2,4021.3,1,1,4022.3,39,3,4022.4,30,2,4022.5,28,2,4022.7,35,3
11483,2026-07-02 13:40:21+05:30,4022.1,20,4036.64,1506664,145024.0,176191.0,4100.0,4110.0,4012.0,4092.6,25304650,4501.8,3683.4,4440.0,3288.1,4020.5,25,3,4020.4,26,4,4020.3,7,2,4020.2,12,2,4020.1,2,2,4021.3,1,1,4022.3,39,3,4022.4,30,2,4022.5,28,2,4022.7,35,3
11483,2026-07-02 13:40:21+05:30,4022.1,20,4036.64,1506664,145024.0,176191.0,4100.0,4110.0,4012.0,4092.6,25304650,4501.8,3683.4,4440.0,3288.1,4020.5,25,3,4020.4,26,4,4020.3,7,2,4020.2,12,2,4020.1,2,2,4021.3,1,1,4022.3,39,3,4022.4,30,2,4022.5,28,2,4022.7,35,3
11483,2026-07-02 13:40:21+05:30,4022.1,20,4036.64,1506712,145555.0,176146.0,4100.0,4110.0,4012.0,4092.6,25304650,4501.8,3683.4,4440.0,3288.1,4021.0,4,1,4020.6,43,2,4020.5,12,1,4020.4,24,4,4020.3,7,2,4022.1,9,1,4022.2,10,1,4022.3,26,2,4022.4,18,1,4022.5,46,2
11483,2026-07-02 13:40:22+05:30,4021.0,1,4036.64,1506712,145555.0,176146.0,4100.0,4110.0,4012.0,4092.6,25304650,4501.8,3683.4,4440.0,3288.1,4021.0,4,1,4020.6,43,2,4020.5,12,1,4020.4,24,4,4020.3,7,2,4022.1,9,1,4022.2,10,1,4022.3,26,2,4022.4,18,1,4022.5,46,2
11483,2026-07-02 13:40:22+05:30,4021.0,1,4036.64,1506720,144874.0,176533.0,4100.0,4110.0,4012.0,4092.6,25304650,4501.8,3683.4,4440.0,3288.1,4020.4,26,4,4020.3,28,3,4020.1,5,1,4020.0,120,8,4019.8,8,2,4021.0,1,1,4022.0,53,4,4022.1,62,3,4022.2,21,3,4022.3,39,3
11483,2026-07-02 13:40:23+05:30,4020.4,1,4036.64,1506720,144874.0,176533.0,4100.0,4110.0,4012.0,4092.6,25304650,4501.8,3683.4,4440.0,3288.1,4020.4,26,4,4020.3,28,3,4020.1,5,1,4020.0,120,8,4019.8,8,2,4021.0,1,1,4022.0,53,4,4022.1,62,3,4022.2,21,3,4022.3,39,3
11483,2026-07-02 13:40:23+05:30,4020.5,2,4036.64,1506726,145146.0,176233.0,4100.0,4110.0,4012.0,4092.6,25304650,4501.8,3683.4,4440.0,3288.1,4020.4,42,3,4020.3,16,3,4020.2,5,1,4020.1,32,1,4020.0,204,9,4021.9,185,2,4022.0,6,1,4022.1,14,2,4022.2,24,2,4022.3,42,4
11483,2026-07-02 13:40:24+05:30,4021.9,1,4036.64,1506726,145146.0,176233.0,4100.0,4110.0,4012.0,4092.6,25304650,4501.8,3683.4,4440.0,3288.1,4020.4,42,3,4020.3,16,3,4020.2,5,1,4020.1,32,1,4020.0,204,9,4021.9,185,2,4022.0,6,1,4022.1,14,2,4022.2,24,2,4022.3,42,4
11483,2026-07-02 13:40:24+05:30,4020.5,1,4036.64,1506729,145302.0,176154.0,4100.0,4110.0,4012.0,4092.6,25304650,4501.8,3683.4,4440.0,3288.1,4020.4,34,2,4020.3,28,4,4020.2,5,1,4020.1,32,1,4020.0,304,10,4021.9,184,2,4022.0,6,1,4022.1,14,2,4022.3,39,3,4022.4,34,4
11483,2026-07-02 13:40:25+05:30,4020.3,1,4036.64,1506729,145302.0,176154.0,4100.0,4110.0,4012.0,4092.6,25304650,4501.8,3683.4,4440.0,3288.1,4020.4,34,2,4020.3,28,4,4020.2,5,1,4020.1,32,1,4020.0,304,10,4021.9,184,2,4022.0,6,1,4022.1,14,2,4022.3,39,3,4022.4,34,4
11483,2026-07-02 13:40:25+05:30,4020.3,1,4036.64,1506732,145437.0,175845.0,4100.0,4110.0,4012.0,4092.6,25304650,4501.8,3683.4,4440.0,3288.1,4020.6,23,2,4020.5,41,4,4020.4,29,2,4020.3,30,2,4020.2,3,1,4021.9,176,2,4022.3,18,1,4022.5,2,1,4022.6,3,1,4022.7,22,2
11483,2026-07-02 13:40:26+05:30,4021.9,7,4036.64,1506732,145437.0,175845.0,4100.0,4110.0,4012.0,4092.6,25304650,4501.8,3683.4,4440.0,3288.1,4020.6,23,2,4020.5,41,4,4020.4,29,2,4020.3,30,2,4020.2,3,1,4021.9,176,2,4022.3,18,1,4022.5,2,1,4022.6,3,1,4022.7,22,2
11483,2026-07-02 13:40:26+05:30,4021.9,7,4036.64,1506743,145757.0,176099.0,4100.0,4110.0,4012.0,4092.6,25304650,4501.8,3683.4,4440.0,3288.1,4020.6,20,2,4020.5,41,4,4020.4,24,1,4020.3,30,2,4020.1,40,4,4021.9,169,2,4022.0,1,1,4022.3,18,1,4022.5,20,3,4022.6,34,1
11483,2026-07-02 13:40:27+05:30,4020.6,1,4036.64,1506743,145757.0,176099.0,4100.0,4110.0,4012.0,4092.6,25304650,4501.8,3683.4,4440.0,3288.1,4020.6,20,2,4020.5,41,4,4020.4,24,1,4020.3,30,2,4020.1,40,4,4021.9,169,2,4022.0,1,1,4022.3,18,1,4022.5,20,3,4022.6,34,1
11483,2026-07-02 13:40:27+05:30,4020.6,1,4036.64,1506746,145632.0,176200.0,4100.0,4110.0,4012.0,4092.6,25304650,4501.8,3683.4,4440.0,3288.1,4020.6,6,1,4020.5,33,4,4020.3,30,2,4020.1,37,3,4020.0,280,8,4021.9,169,2,4022.0,16,2,4022.1,28,2,4022.3,37,3,4022.4,19,2
11483,2026-07-02 13:40:28+05:30,4020.6,1,4036.64,1506746,145632.0,176200.0,4100.0,4110.0,4012.0,4092.6,25304650,4501.8,3683.4,4440.0,3288.1,4020.6,6,1,4020.5,33,4,4020.3,30,2,4020.1,37,3,4020.0,280,8,4021.9,169,2,4022.0,16,2,4022.1,28,2,4022.3,37,3,4022.4,19,2
11483,2026-07-02 13:40:28+05:30,4021.9,80,4036.64,1506829,145257.0,176068.0,4100.0,4110.0,4012.0,4092.6,25304650,4501.8,3683.4,4440.0,3288.1,4020.5,19,1,4020.4,2,1,4020.3,30,2,4020.1,45,4,4020.0,285,9,4021.9,88,2,4022.0,16,2,4022.1,28,2,4022.3,37,3,4022.4,19,2
11483,2026-07-02 13:40:29+05:30,4020.5,1,4036.64,1506829,145257.0,176068.0,4100.0,4110.0,4012.0,4092.6,25304650,4501.8,3683.4,4440.0,3288.1,4020.5,19,1,4020.4,2,1,4020.3,30,2,4020.1,45,4,4020.0,285,9,4021.9,88,2,4022.0,16,2,4022.1,28,2,4022.3,37,3,4022.4,19,2
11483,2026-07-02 13:40:29+05:30,4020.5,1,4036.64,1506848,145800.0,175948.0,4100.0,4110.0,4012.0,4092.6,25304650,4501.8,3683.4,4440.0,3288.1,4021.2,1,1,4020.5,17,2,4020.4,4,2,4020.1,94,7,4020.0,285,9,4021.9,80,2,4022.0,16,2,4022.1,14,1,4022.3,51,4,4022.4,16,1
11483,2026-07-02 13:40:30+05:30,4021.2,1,4036.64,1506848,145800.0,175948.0,4100.0,4110.0,4012.0,4092.6,25304650,4501.8,3683.4,4440.0,3288.1,4021.2,1,1,4020.5,17,2,4020.4,4,2,4020.1,94,7,4020.0,285,9,4021.9,80,2,4022.0,16,2,4022.1,14,1,4022.3,51,4,4022.4,16,1
11483,2026-07-02 13:40:30+05:30,4020.1,3,4036.64,1507026,144865.0,176648.0,4100.0,4110.0,4012.0,4092.6,25304650,4501.8,3683.4,4440.0,3288.1,4020.1,18,1,4020.0,257,7,4019.8,35,3,4019.7,40,2,4019.6,28,1,4021.8,40,3,4021.9,106,6,4022.0,37,5,4022.1,18,2,4022.2,3,1
11483,2026-07-02 13:40:31+05:30,4021.8,1,4036.64,1507026,144865.0,176648.0,4100.0,4110.0,4012.0,4092.6,25304650,4501.8,3683.4,4440.0,3288.1,4020.1,18,1,4020.0,257,7,4019.8,35,3,4019.7,40,2,4019.6,28,1,4021.8,40,3,4021.9,106,6,4022.0,37,5,4022.1,18,2,4022.2,3,1
11483,2026-07-02 13:40:31+05:30,4021.8,1,4036.64,1507055,145384.0,176475.0,4100.0,4110.0,4012.0,4092.6,25304650,4501.8,3683.4,4440.0,3288.1,4020.6,2,2,4020.4,9,1,4020.3,24,1,4020.1,20,3,4020.0,359,14,4021.8,20,3,4021.9,83,2,4022.0,16,2,4022.3,21,2,4022.4,46,3
11483,2026-07-02 13:40:32+05:30,4020.6,1,4036.64,1507055,145384.0,176475.0,4100.0,4110.0,4012.0,4092.6,25304650,4501.8,3683.4,4440.0,3288.1,4020.6,2,2,4020.4,9,1,4020.3,24,1,4020.1,20,3,4020.0,359,14,4021.8,20,3,4021.9,83,2,4022.0,16,2,4022.3,21,2,4022.4,46,3
11483,2026-07-02 13:40:32+05:30,4022.0,15,4036.64,1507174,145713.0,176270.0,4100.0,4110.0,4012.0,4092.6,25304650,4501.8,3683.4,4440.0,3288.1,4020.6,2,2,4020.4,51,3,4020.3,36,1,4020.1,35,5,4020.0,335,13,4021.9,17,1,4022.0,1,1,4022.3,18,1,4022.4,34,2,4022.5,18,3
11483,2026-07-02 13:40:33+05:30,4021.9,4,4036.64,1507174,145713.0,176270.0,4100.0,4110.0,4012.0,4092.6,25304650,4501.8,3683.4,4440.0,3288.1,4020.6,2,2,4020.4,51,3,4020.3,36,1,4020.1,35,5,4020.0,335,13,4021.9,17,1,4022.0,1,1,4022.3,18,1,4022.4,34,2,4022.5,18,3
11483,2026-07-02 13:40:33+05:30,4021.7,1,4036.64,1507194,145599.0,176308.0,4100.0,4110.0,4012.0,4092.6,25304650,4501.8,3683.4,4440.0,3288.1,4021.0,2,1,4020.5,35,2,4020.4,36,1,4020.3,2,1,4020.2,41,3,4021.7,174,1,4021.9,2,1,4022.0,1,1,4022.4,18,1,4022.5,3,1
11483,2026-07-02 13:40:34+05:30,4022.0,1,4036.64,1507194,145599.0,176308.0,4100.0,4110.0,4012.0,4092.6,25304650,4501.8,3683.4,4440.0,3288.1,4021.0,2,1,4020.5,35,2,4020.4,36,1,4020.3,2,1,4020.2,41,3,4021.7,174,1,4021.9,2,1,4022.0,1,1,4022.4,18,1,4022.5,3,1
11483,2026-07-02 13:40:34+05:30,4022.9,1,4036.64,1507378,147016.0,174995.0,4100.0,4110.0,4012.0,4092.6,25304650,4501.8,3683.4,4440.0,3288.1,4021.5,11,1,4021.4,67,7,4021.3,37,5,4021.2,70,7,4021.1,47,6,4022.9,18,1,4023.2,2,2,4023.4,20,1,4023.6,13,1,4023.7,36,1
11483,2026-07-02 13:40:35+05:30,4021.4,7,4036.64,1507378,147016.0,174995.0,4100.0,4110.0,4012.0,4092.6,25304650,4501.8,3683.4,4440.0,3288.1,4021.5,11,1,4021.4,67,7,4021.3,37,5,4021.2,70,7,4021.1,47,6,4022.9,18,1,4023.2,2,2,4023.4,20,1,4023.6,13,1,4023.7,36,1
11483,2026-07-02 13:40:35+05:30,4024.0,5,4036.63,1507611,147834.0,173909.0,4100.0,4110.0,4012.0,4092.6,25304650,4501.8,3683.4,4440.0,3288.1,4021.9,109,10,4021.8,80,8,4021.7,124,8,4021.6,131,9,4021.5,77,7,4024.0,182,2,4024.2,17,2,4024.3,45,1,4024.4,21,1,4024.5,248,3
11483,2026-07-02 13:40:36+05:30,4022.0,2,4036.63,1507611,147834.0,173909.0,4100.0,4110.0,4012.0,4092.6,25304650,4501.8,3683.4,4440.0,3288.1,4021.9,109,10,4021.8,80,8,4021.7,124,8,4021.6,131,9,4021.5,77,7,4024.0,182,2,4024.2,17,2,4024.3,45,1,4024.4,21,1,4024.5,248,3
11483,2026-07-02 13:40:36+05:30,4024.0,1,4036.63,1507675,147818.0,174250.0,4100.0,4110.0,4012.0,4092.6,25304650,4501.8,3683.4,4440.0,3288.1,4022.0,122,9,4021.9,67,7,4021.8,114,8,4021.7,92,6,4021.6,120,8,4024.0,181,2,4024.2,15,2,4024.4,21,1,4024.5,248,3,4024.6,54,2
11483,2026-07-02 13:40:37+05:30,4024.0,1,4036.63,1507675,147818.0,174250.0,4100.0,4110.0,4012.0,4092.6,25304650,4501.8,3683.4,4440.0,3288.1,4022.0,122,9,4021.9,67,7,4021.8,114,8,4021.7,92,6,4021.6,120,8,4024.0,181,2,4024.2,15,2,4024.4,21,1,4024.5,248,3,4024.6,54,2
11483,2026-07-02 13:40:37+05:30,4024.0,1,4036.63,1507684,148225.0,174310.0,4100.0,4110.0,4012.0,4092.6,25304650,4501.8,3683.4,4440.0,3288.1,4022.1,111,8,4022.0,32,4,4021.9,67,7,4021.8,136,9,4021.7,92,6,4024.0,180,2,4024.2,5,1,4024.4,21,1,4024.5,248,3,4024.6,54,2
11483,2026-07-02 13:40:38+05:30,4022.1,1,4036.63,1507684,148225.0,174310.0,4100.0,4110.0,4012.0,4092.6,25304650,4501.8,3683.4,4440.0,3288.1,4022.1,111,8,4022.0,32,4,4021.9,67,7,4021.8,136,9,4021.7,92,6,4024.0,180,2,4024.2,5,1,4024.4,21,1,4024.5,248,3,4024.6,54,2
11483,2026-07-02 13:40:38+05:30,4022.2,1,4036.63,1507687,148619.0,174272.0,4100.0,4110.0,4012.0,4092.6,25304650,4501.8,3683.4,4440.0,3288.1,4022.2,58,5,4022.1,56,4,4022.0,34,5,4021.9,35,5,4021.8,127,9,4024.0,179,2,4024.2,5,1,4024.4,21,1,4024.5,248,3,4024.6,54,2
11483,2026-07-02 13:40:39+05:30,4024.0,3,4036.63,1507687,148619.0,174272.0,4100.0,4110.0,4012.0,4092.6,25304650,4501.8,3683.4,4440.0,3288.1,4022.2,58,5,4022.1,56,4,4022.0,34,5,4021.9,35,5,4021.8,127,9,4024.0,179,2,4024.2,5,1,4024.4,21,1,4024.5,248,3,4024.6,54,2
11483,2026-07-02 13:40:39+05:30,4024.0,1,4036.63,1507692,149036.0,174175.0,4100.0,4110.0,4012.0,4092.6,25304650,4501.8,3683.4,4440.0,3288.1,4023.1,1,1,4022.5,26,1,4022.4,26,2,4022.3,22,1,4022.2,84,5,4024.0,174,1,4024.2,5,1,4024.4,21,1,4024.5,236,2,4024.6,54,2
11483,2026-07-02 13:40:40+05:30,4024.0,1,4036.63,1507692,149036.0,174175.0,4100.0,4110.0,4012.0,4092.6,25304650,4501.8,3683.4,4440.0,3288.1,4023.1,1,1,4022.5,26,1,4022.4,26,2,4022.3,22,1,4022.2,84,5,4024.0,174,1,4024.2,5,1,4024.4,21,1,4024.5,236,2,4024.6,54,2
11483,2026-07-02 13:40:40+05:30,4024.0,1,4036.63,1507695,149036.0,174191.0,4100.0,4110.0,4012.0,4092.6,25304650,4501.8,3683.4,4440.0,3288.1,4023.1,1,1,4022.5,72,3,4022.4,21,3,4022.2,85,6,4022.1,85,4,4024.0,172,1,4024.2,5,1,4024.4,21,1,4024.5,236,2,4024.6,59,3
11483,2026-07-02 13:40:41+05:30,4024.0,1,4036.63,1507695,149036.0,174191.0,4100.0,4110.0,4012.0,4092.6,25304650,4501.8,3683.4,4440.0,3288.1,4023.1,1,1,4022.5,72,3,4022.4,21,3,4022.2,85,6,4022.1,85,4,4024.0,172,1,4024.2,5,1,4024.4,21,1,4024.5,236,2,4024.6,59,3
11483,2026-07-02 13:40:41+05:30,4024.0,1,4036.63,1507701,149045.0,174199.0,4100.0,4110.0,4012.0,4092.6,25304650,4501.8,3683.4,4440.0,3288.1,4023.1,1,1,4022.5,72,3,4022.4,21,3,4022.2,88,7,4022.1,85,4,4024.0,166,1,4024.2,5,1,4024.4,21,1,4024.5,236,2,4024.6,70,4
11483,2026-07-02 13:40:42+05:30,4023.1,1,4036.63,1507701,149045.0,174199.0,4100.0,4110.0,4012.0,4092.6,25304650,4501.8,3683.4,4440.0,3288.1,4023.1,1,1,4022.5,72,3,4022.4,21,3,4022.2,88,7,4022.1,85,4,4024.0,166,1,4024.2,5,1,4024.4,21,1,4024.5,236,2,4024.6,70,4
11483,2026-07-02 13:40:42+05:30,4024.0,1,4036.63,1507704,149003.0,174293.0,4100.0,4110.0,4012.0,4092.6,25304650,4501.8,3683.4,4440.0,3288.1,4023.2,2,1,4022.5,75,4,4022.4,21,3,4022.2,54,3,4022.1,94,6,4024.0,166,2,4024.2,5,1,4024.4,24,2,4024.5,200,1,4024.6,106,5
11483,2026-07-02 13:40:43+05:30,4023.2,1,4036.63,1507704,149003.0,174293.0,4100.0,4110.0,4012.0,4092.6,25304650,4501.8,3683.4,4440.0,3288.1,4023.2,2,1,4022.5,75,4,4022.4,21,3,4022.2,54,3,4022.1,94,6,4024.0,166,2,4024.2,5,1,4024.4,24,2,4024.5,200,1,4024.6,106,5
11483,2026-07-02 13:40:43+05:30,4023.2,1,4036.63,1507707,148575.0,174503.0,4100.0,4110.0,4012.0,4092.6,25304650,4501.8,3683.4,4440.0,3288.1,4023.2,2,1,4022.5,15,1,4022.4,3,2,4022.2,3,1,4022.1,47,3,4023.8,13,1,4023.9,28,2,4024.0,193,5,4024.2,5,1,4024.3,14,2
11483,2026-07-02 13:40:44+05:30,4022.2,1,4036.63,1507707,148575.0,174503.0,4100.0,4110.0,4012.0,4092.6,25304650,4501.8,3683.4,4440.0,3288.1,4023.2,2,1,4022.5,15,1,4022.4,3,2,4022.2,3,1,4022.1,47,3,4023.8,13,1,4023.9,28,2,4024.0,193,5,4024.2,5,1,4024.3,14,2
11483,2026-07-02 13:40:44+05:30,4023.6,1,4036.63,1507723,149619.0,174544.0,4100.0,4110.0,4012.0,4092.6,25304650,4501.8,3683.4,4440.0,3288.1,4022.2,86,5,4022.1,145,3,4022.0,1013,3,4021.9,59,3,4021.7,31,3,4023.7,11,1,4023.8,13,1,4023.9,28,2,4024.0,178,4,4024.2,32,3
11483,2026-07-02 13:40:45+05:30,4022.2,2,4036.63,1507723,149619.0,174544.0,4100.0,4110.0,4012.0,4092.6,25304650,4501.8,3683.4,4440.0,3288.1,4022.2,86,5,4022.1,145,3,4022.0,1013,3,4021.9,59,3,4021.7,31,3,4023.7,11,1,4023.8,13,1,4023.9,28,2,4024.0,178,4,4024.2,32,3
11483,2026-07-02 13:40:45+05:30,4023.7,1,4036.63,1507726,149405.0,174463.0,4100.0,4110.0,4012.0,4092.6,25304650,4501.8,3683.4,4440.0,3288.1,4022.2,100,5,4022.1,175,4,4022.0,1013,3,4021.9,29,2,4021.8,5,1,4023.7,2,1,4023.8,13,1,4023.9,28,2,4024.0,176,3,4024.2,32,3
11483,2026-07-02 13:40:46+05:30,4023.7,2,4036.63,1507726,149405.0,174463.0,4100.0,4110.0,4012.0,4092.6,25304650,4501.8,3683.4,4440.0,3288.1,4022.2,100,5,4022.1,175,4,4022.0,1013,3,4021.9,29,2,4021.8,5,1,4023.7,2,1,4023.8,13,1,4023.9,28,2,4024.0,176,3,4024.2,32,3
11483,2026-07-02 13:40:46+05:30,4024.0,1,4036.63,1507730,151206.0,173977.0,4100.0,4110.0,4012.0,4092.6,25304650,4501.8,3683.4,4440.0,3288.1,4023.7,1,1,4022.7,47,3,4022.6,48,1,4022.5,69,2,4022.4,102,4,4024.0,175,3,4024.2,5,1,4024.4,21,1,4024.5,200,1,4024.6,41,2
11483,2026-07-02 13:40:47+05:30,4024.0,3,4036.63,1507730,151206.0,173977.0,4100.0,4110.0,4012.0,4092.6,25304650,4501.8,3683.4,4440.0,3288.1,4023.7,1,1,4022.7,47,3,4022.6,48,1,4022.5,69,2,4022.4,102,4,4024.0,175,3,4024.2,5,1,4024.4,21,1,4024.5,200,1,4024.6,41,2
11483,2026-07-02 13:40:47+05:30,4024.0,1,4036.63,1507734,151206.0,174002.0,4100.0,4110.0,4012.0,4092.6,25304650,4501.8,3683.4,4440.0,3288.1,4023.7,1,1,4022.7,83,4,4022.6,48,1,4022.5,69,2,4022.4,85,3,4024.0,171,3,4024.2,5,1,4024.4,21,1,4024.5,200,1,4024.6,41,2
11483,2026-07-02 13:40:48+05:30,4023.7,1,4036.63,1507734,151206.0,174002.0,4100.0,4110.0,4012.0,4092.6,25304650,4501.8,3683.4,4440.0,3288.1,4023.7,1,1,4022.7,83,4,4022.6,48,1,4022.5,69,2,4022.4,85,3,4024.0,171,3,4024.2,5,1,4024.4,21,1,4024.5,200,1,4024.6,41,2
11483,2026-07-02 13:40:48+05:30,4024.0,1,4036.63,1507737,151228.0,174054.0,4100.0,4110.0,4012.0,4092.6,25304650,4501.8,3683.4,4440.0,3288.1,4023.7,1,1,4022.8,53,1,4022.7,76,4,4022.5,48,1,4022.4,85,3,4023.9,1,1,4024.0,169,2,4024.2,5,1,4024.4,21,1,4024.5,200,1
11483,2026-07-02 13:40:49+05:30,4024.0,65,4036.63,1507737,151228.0,174054.0,4100.0,4110.0,4012.0,4092.6,25304650,4501.8,3683.4,4440.0,3288.1,4023.7,1,1,4022.8,53,1,4022.7,76,4,4022.5,48,1,4022.4,85,3,4023.9,1,1,4024.0,169,2,4024.2,5,1,4024.4,21,1,4024.5,200,1
11483,2026-07-02 13:40:49+05:30,4024.0,1,4036.63,1507962,151509.0,171123.0,4100.0,4110.0,4012.0,4092.6,25304650,4501.8,3683.4,4440.0,3288.1,4023.8,1,1,4023.7,1,1,4023.0,63,3,4022.9,2,2,4022.8,23,1,4024.0,10,1,4024.2,5,1,4024.5,200,1,4024.6,41,2,4024.8,19,1
11483,2026-07-02 13:40:50+05:30,4023.8,1,4036.63,1507962,151509.0,171123.0,4100.0,4110.0,4012.0,4092.6,25304650,4501.8,3683.4,4440.0,3288.1,4023.8,1,1,4023.7,1,1,4023.0,63,3,4022.9,2,2,4022.8,23,1,4024.0,10,1,4024.2,5,1,4024.5,200,1,4024.6,41,2,4024.8,19,1
11483,2026-07-02 13:40:50+05:30,4023.8,1,4036.63,1507964,151444.0,171233.0,4100.0,4110.0,4012.0,4092.6,25304650,4501.8,3683.4,4440.0,3288.1,4023.7,1,1,4023.0,63,3,4022.9,2,2,4022.8,23,1,4022.7,40,4,4023.8,2,2,4024.0,10,1,4024.2,5,1,4024.5,200,1,4024.6,41,2
11483,2026-07-02 13:40:51+05:30,4024.5,4,4036.63,1507964,151444.0,171233.0,4100.0,4110.0,4012.0,4092.6,25304650,4501.8,3683.4,4440.0,3288.1,4023.7,1,1,4023.0,63,3,4022.9,2,2,4022.8,23,1,4022.7,40,4,4023.8,2,2,4024.0,10,1,4024.2,5,1,4024.5,200,1,4024.6,41,2
11483,2026-07-02 13:40:51+05:30,4023.8,1,4036.63,1508130,152057.0,171217.0,4100.0,4110.0,4012.0,4092.6,25304650,4501.8,3683.4,4440.0,3288.1,4023.0,54,4,4022.9,26,3,4022.8,96,4,4022.7,49,6,4022.6,14,2,4024.5,110,1,4024.6,5,1,4024.8,32,2,4025.0,70,2,4025.1,13,2
11483,2026-07-02 13:40:52+05:30,4024.7,2,4036.63,1508130,152057.0,171217.0,4100.0,4110.0,4012.0,4092.6,25304650,4501.8,3683.4,4440.0,3288.1,4023.0,54,4,4022.9,26,3,4022.8,96,4,4022.7,49,6,4022.6,14,2,4024.5,110,1,4024.6,5,1,4024.8,32,2,4025.0,70,2,4025.1,13,2
11483,2026-07-02 13:40:52+05:30,4024.6,1,4036.63,1508459,152007.0,171698.0,4100.0,4110.0,4012.0,4092.6,25304650,4501.8,3683.4,4440.0,3288.1,4023.1,33,2,4023.0,34,2,4022.9,2,2,4022.8,61,3,4022.7,4,3,4024.7,4,1,4024.8,51,3,4024.9,14,2,4025.0,59,2,4025.1,13,2
11483,2026-07-02 13:40:53+05:30,4023.1,1,4036.63,1508459,152007.0,171698.0,4100.0,4110.0,4012.0,4092.6,25304650,4501.8,3683.4,4440.0,3288.1,4023.1,33,2,4023.0,34,2,4022.9,2,2,4022.8,61,3,4022.7,4,3,4024.7,4,1,4024.8,51,3,4024.9,14,2,4025.0,59,2,4025.1,13,2
11483,2026-07-02 13:40:53+05:30,4024.9,1,4036.63,1508500,152084.0,171443.0,4100.0,4110.0,4012.0,4092.6,25304650,4501.8,3683.4,4440.0,3288.1,4023.1,174,7,4023.0,108,8,4022.9,84,5,4022.8,67,3,4022.7,29,4,4024.9,15,2,4025.0,56,1,4025.1,13,2,4025.3,2,1,4025.4,31,3
11483,2026-07-02 13:40:54+05:30,4025.0,2,4036.63,1508500,152084.0,171443.0,4100.0,4110.0,4012.0,4092.6,25304650,4501.8,3683.4,4440.0,3288.1,4023.1,174,7,4023.0,108,8,4022.9,84,5,4022.8,67,3,4022.7,29,4,4024.9,15,2,4025.0,56,1,4025.1,13,2,4025.3,2,1,4025.4,31,3
11483,2026-07-02 13:40:54+05:30,4025.0,2,4036.63,1508529,152372.0,171691.0,4100.0,4110.0,4012.0,4092.6,25304650,4501.8,3683.4,4440.0,3288.1,4023.3,113,6,4023.2,90,4,4023.1,95,6,4023.0,42,3,4022.9,84,5,4025.0,42,1,4025.1,13,2,4025.4,29,2,4025.5,500,1,4025.6,3,1
11483,2026-07-02 13:40:55+05:30,4023.2,4,4036.63,1508547,152602.0,171627.0,4100.0,4110.0,4012.0,4092.6,25304650,4501.8,3683.4,4440.0,3288.1,4023.4,11,1,4023.3,118,4,4023.2,67,5,4023.1,57,6,4023.0,69,2,4025.0,42,1,4025.1,13,2,4025.4,13,1,4025.5,500,1,4025.7,129,5
11483,2026-07-02 13:40:55+05:30,4023.4,2,4036.63,1508547,152602.0,171627.0,4100.0,4110.0,4012.0,4092.6,25304650,4501.8,3683.4,4440.0,3288.1,4023.4,11,1,4023.3,118,4,4023.2,67,5,4023.1,57,6,4023.0,69,2,4025.0,42,1,4025.1,13,2,4025.4,13,1,4025.5,500,1,4025.7,129,5
11483,2026-07-02 13:40:56+05:30,4025.0,3,4036.63,1508554,152342.0,171133.0,4100.0,4110.0,4012.0,4092.6,25304650,4501.8,3683.4,4440.0,3288.1,4024.8,1,1,4023.7,18,1,4023.6,27,1,4023.5,37,3,4023.4,48,1,4025.0,37,1,4025.1,1,1,4025.3,3,1,4025.4,15,1,4025.5,500,1
11483,2026-07-02 13:40:56+05:30,4024.8,1,4036.63,1508554,152342.0,171133.0,4100.0,4110.0,4012.0,4092.6,25304650,4501.8,3683.4,4440.0,3288.1,4024.8,1,1,4023.7,18,1,4023.6,27,1,4023.5,37,3,4023.4,48,1,4025.0,37,1,4025.1,1,1,4025.3,3,1,4025.4,15,1,4025.5,500,1
11483,2026-07-02 13:40:57+05:30,4024.3,1,4036.63,1508561,150995.0,172058.0,4100.0,4110.0,4012.0,4092.6,25304650,4501.8,3683.4,4440.0,3288.1,4023.5,9,1,4022.8,2,1,4022.6,20,1,4022.5,55,2,4022.4,61,3,4024.3,22,2,4024.4,6,2,4024.5,10,2,4024.6,42,4,4024.7,3,1
11483,2026-07-02 13:40:57+05:30,4023.5,1,4036.63,1508561,150995.0,172058.0,4100.0,4110.0,4012.0,4092.6,25304650,4501.8,3683.4,4440.0,3288.1,4023.5,9,1,4022.8,2,1,4022.6,20,1,4022.5,55,2,4022.4,61,3,4024.3,22,2,4024.4,6,2,4024.5,10,2,4024.6,42,4,4024.7,3,1
11483,2026-07-02 13:40:58+05:30,4023.5,1,4036.63,1508562,151107.0,172031.0,4100.0,4110.0,4012.0,4092.6,25304650,4501.8,3683.4,4440.0,3288.1,4023.5,8,1,4022.8,2,1,4022.6,20,1,4022.5,55,2,4022.4,61,3,4024.3,7,1,4024.4,6,2,4024.5,25,3,4024.6,24,3,4024.7,6,2
11483,2026-07-02 13:40:59+05:30,4024.3,9,4036.63,1508644,150956.0,171890.0,4100.0,4110.0,4012.0,4092.6,25304650,4501.8,3683.4,4440.0,3288.1,4024.3,6,2,4023.5,5,1,4022.6,52,1,4022.5,15,2,4022.4,23,1,4024.4,11,1,4024.5,15,1,4024.6,18,4,4024.7,10,3,4024.8,23,3
11483,2026-07-02 13:40:59+05:30,4024.3,1,4036.63,1508644,150956.0,171890.0,4100.0,4110.0,4012.0,4092.6,25304650,4501.8,3683.4,4440.0,3288.1,4024.3,6,2,4023.5,5,1,4022.6,52,1,4022.5,15,2,4022.4,23,1,4024.4,11,1,4024.5,15,1,4024.6,18,4,4024.7,10,3,4024.8,23,3
11483,2026-07-02 13:41:00+05:30,4024.3,1,4036.63,1508650,151230.0,171936.0,4100.0,4110.0,4012.0,4092.6,25304650,4501.8,3683.4,4440.0,3288.1,4023.5,5,1,4022.8,59,1,4022.7,97,3,4022.6,53,2,4022.5,25,4,4024.3,2,2,4024.6,4,2,4024.7,3,1,4024.8,3,1,4024.9,17,2
11483,2026-07-02 13:41:00+05:30,4023.5,1,4036.63,1508650,151230.0,171936.0,4100.0,4110.0,4012.0,4092.6,25304650,4501.8,3683.4,4440.0,3288.1,4023.5,5,1,4022.8,59,1,4022.7,97,3,4022.6,53,2,4022.5,25,4,4024.3,2,2,4024.6,4,2,4024.7,3,1,4024.8,3,1,4024.9,17,2
11483,2026-07-02 13:41:01+05:30,4024.0,1,4036.63,1508653,151294.0,171995.0,4100.0,4110.0,4012.0,4092.6,25304650,4501.8,3683.4,4440.0,3288.1,4024.0,1,1,4023.5,4,1,4022.7,82,2,4022.6,36,1,4022.5,23,3,4024.3,3,3,4024.5,32,2,4024.6,9,2,4024.7,8,2,4024.8,18,2
11483,2026-07-02 13:41:01+05:30,4024.0,1,4036.63,1508653,151294.0,171995.0,4100.0,4110.0,4012.0,4092.6,25304650,4501.8,3683.4,4440.0,3288.1,4024.0,1,1,4023.5,4,1,4022.7,82,2,4022.6,36,1,4022.5,23,3,4024.3,3,3,4024.5,32,2,4024.6,9,2,4024.7,8,2,4024.8,18,2
11483,2026-07-02 13:41:02+05:30,4024.0,1,4036.63,1508653,151299.0,171992.0,4100.0,4110.0,4012.0,4092.6,25304650,4501.8,3683.4,4440.0,3288.1,4024.0,1,1,4023.5,4,1,4022.7,82,2,4022.6,36,1,4022.5,23,3,4024.3,3,3,4024.5,32,2,4024.6,9,2,4024.7,8,2,4024.8,21,3
11483,2026-07-02 13:41:03+05:30,4024.3,1,4036.63,1508655,151304.0,171976.0,4100.0,4110.0,4012.0,4092.6,25304650,4501.8,3683.4,4440.0,3288.1,4024.0,1,1,4023.5,4,1,4022.7,82,2,4022.6,36,1,4022.5,25,4,4024.3,2,2,4024.5,15,1,4024.6,9,2,4024.7,8,2,4024.8,18,2
11483,2026-07-02 13:41:03+05:30,4024.3,1,4036.63,1508655,151304.0,171976.0,4100.0,4110.0,4012.0,4092.6,25304650,4501.8,3683.4,4440.0,3288.1,4024.0,1,1,4023.5,4,1,4022.7,82,2,4022.6,36,1,4022.5,25,4,4024.3,2,2,4024.5,15,1,4024.6,9,2,4024.7,8,2,4024.8,18,2
11483,2026-07-02 13:41:04+05:30,4024.3,1,4036.63,1508655,151304.0,171956.0,4100.0,4110.0,4012.0,4092.6,25304650,4501.8,3683.4,4440.0,3288.1,4024.0,1,1,4023.5,4,1,4022.7,82,2,4022.6,36,1,4022.5,25,4,4024.3,2,2,4024.6,3,1,4024.7,8,2,4024.8,3,1,4024.9,20,3
11483,2026-07-02 13:41:05+05:30,4024.3,1,4036.63,1508655,151310.0,171947.0,4100.0,4110.0,4012.0,4092.6,25304650,4501.8,3683.4,4440.0,3288.1,4024.0,1,1,4023.5,4,1,4022.7,82,2,4022.6,38,2,4022.5,23,3,4024.3,2,2,4024.7,5,1,4024.8,3,1,4024.9,32,4,4025.0,56,4
11483,2026-07-02 13:41:06+05:30,4024.3,1,4036.63,1508655,151333.0,171947.0,4100.0,4110.0,4012.0,4092.6,25304650,4501.8,3683.4,4440.0,3288.1,4024.0,1,1,4023.5,4,1,4022.7,82,2,4022.6,38,2,4022.5,23,3,4024.3,2,2,4024.7,5,1,4024.8,3,1,4024.9,32,4,4025.0,56,4
11483,2026-07-02 13:41:06+05:30,4024.3,1,4036.63,1508655,151333.0,171947.0,4100.0,4110.0,4012.0,4092.6,25304650,4501.8,3683.4,4440.0,3288.1,4024.0,1,1,4023.5,4,1,4022.7,82,2,4022.6,38,2,4022.5,23,3,4024.3,2,2,4024.7,5,1,4024.8,3,1,4024.9,32,4,4025.0,56,4
11483,2026-07-02 13:41:07+05:30,4024.3,1,4036.63,1508660,151462.0,171799.0,4100.0,4110.0,4012.0,4092.6,25304650,4501.8,3683.4,4440.0,3288.1,4024.3,1,1,4024.0,1,1,4023.5,4,1,4022.9,30,1,4022.8,60,2,4024.9,15,2,4025.0,44,4,4025.1,34,3,4025.2,30,2,4025.3,79,4
11483,2026-07-02 13:41:07+05:30,4024.3,1,4036.63,1508660,151462.0,171799.0,4100.0,4110.0,4012.0,4092.6,25304650,4501.8,3683.4,4440.0,3288.1,4024.3,1,1,4024.0,1,1,4023.5,4,1,4022.9,30,1,4022.8,60,2,4024.9,15,2,4025.0,44,4,4025.1,34,3,4025.2,30,2,4025.3,79,4
11483,2026-07-02 13:41:08+05:30,4024.9,2,4036.63,1508663,151560.0,171739.0,4100.0,4110.0,4012.0,4092.6,25304650,4501.8,3683.4,4440.0,3288.1,4024.3,1,1,4024.0,1,1,4023.6,7,1,4023.5,4,1,4023.2,2,1,4025.0,41,3,4025.1,18,2,4025.2,34,2,4025.3,24,2,4025.4,35,3
11483,2026-07-02 13:41:08+05:30,4024.9,2,4036.63,1508663,151560.0,171739.0,4100.0,4110.0,4012.0,4092.6,25304650,4501.8,3683.4,4440.0,3288.1,4024.3,1,1,4024.0,1,1,4023.6,7,1,4023.5,4,1,4023.2,2,1,4025.0,41,3,4025.1,18,2,4025.2,34,2,4025.3,24,2,4025.4,35,3
11483,2026-07-02 13:41:09+05:30,4025.0,1,4036.63,1508664,151546.0,171887.0,4100.0,4110.0,4012.0,4092.6,25304650,4501.8,3683.4,4440.0,3288.1,4024.6,1,1,4024.3,1,1,4024.0,1,1,4023.6,7,1,4023.5,4,1,4025.0,38,2,4025.1,1,1,4025.2,34,2,4025.3,22,1,4025.4,35,3
11483,2026-07-02 13:41:09+05:30,4025.0,1,4036.63,1508664,151546.0,171887.0,4100.0,4110.0,4012.0,4092.6,25304650,4501.8,3683.4,4440.0,3288.1,4024.6,1,1,4024.3,1,1,4024.0,1,1,4023.6,7,1,4023.5,4,1,4025.0,38,2,4025.1,1,1,4025.2,34,2,4025.3,22,1,4025.4,35,3
11483,2026-07-02 13:41:10+05:30,4025.0,1,4036.63,1508664,151567.0,171906.0,4100.0,4110.0,4012.0,4092.6,25304650,4501.8,3683.4,4440.0,3288.1,4024.6,1,1,4024.3,1,1,4024.0,1,1,4023.6,7,1,4023.5,4,1,4025.0,40,3,4025.1,1,1,4025.2,34,2,4025.3,22,1,4025.4,16,2
11483,2026-07-02 13:41:11+05:30,4024.0,1,4036.63,1508672,151133.0,172030.0,4100.0,4110.0,4012.0,4092.6,25304650,4501.8,3683.4,4440.0,3288.1,4023.5,14,2,4023.4,16,1,4023.3,20,1,4023.2,14,2,4023.1,13,1,4024.0,1,1,4025.0,51,4,4025.1,13,2,4025.2,37,3,4025.3,22,1
11483,2026-07-02 13:41:11+05:30,4023.5,1,4036.63,1508672,151133.0,172030.0,4100.0,4110.0,4012.0,4092.6,25304650,4501.8,3683.4,4440.0,3288.1,4023.5,14,2,4023.4,16,1,4023.3,20,1,4023.2,14,2,4023.1,13,1,4024.0,1,1,4025.0,51,4,4025.1,13,2,4025.2,37,3,4025.3,22,1
11483,2026-07-02 13:41:12+05:30,4023.5,1,4036.63,1508674,151044.0,172136.0,4100.0,4110.0,4012.0,4092.6,25304650,4501.8,3683.4,4440.0,3288.1,4023.5,2,1,4023.0,15,1,4022.9,36,1,4022.6,55,2,4022.5,27,1,4024.0,2,2,4024.6,5,1,4024.7,18,2,4024.8,13,1,4024.9,48,1
11483,2026-07-02 13:41:12+05:30,4023.5,1,4036.63,1508674,151044.0,172136.0,4100.0,4110.0,4012.0,4092.6,25304650,4501.8,3683.4,4440.0,3288.1,4023.5,2,1,4023.0,15,1,4022.9,36,1,4022.6,55,2,4022.5,27,1,4024.0,2,2,4024.6,5,1,4024.7,18,2,4024.8,13,1,4024.9,48,1
11483,2026-07-02 13:41:13+05:30,4023.5,1,4036.63,1508675,150933.0,172135.0,4100.0,4110.0,4012.0,4092.6,25304650,4501.8,3683.4,4440.0,3288.1,4023.5,1,1,4023.0,15,1,4022.9,36,1,4022.6,36,1,4022.5,27,1,4024.0,2,2,4024.6,5,1,4024.8,30,3,4024.9,48,1,4025.0,49,3
11483,2026-07-02 13:41:14+05:30,4023.5,1,4036.63,1508675,150933.0,172135.0,4100.0,4110.0,4012.0,4092.6,25304650,4501.8,3683.4,4440.0,3288.1,4023.5,1,1,4023.0,15,1,4022.9,36,1,4022.6,36,1,4022.5,27,1,4024.0,2,2,4024.6,5,1,4024.8,30,3,4024.9,48,1,4025.0,49,3
11483,2026-07-02 13:41:14+05:30,4023.5,1,4036.63,1508684,150964.0,172333.0,4100.0,4110.0,4012.0,4092.6,25304650,4501.8,3683.4,4440.0,3288.1,4023.0,9,1,4022.9,36,1,4022.6,36,1,4022.4,24,2,4022.3,36,1,4024.0,6,2,4024.5,55,3,4024.6,7,2,4024.7,3,1,4024.8,27,2
11483,2026-07-02 13:41:15+05:30,4024.0,1,4036.63,1508686,150924.0,172406.0,4100.0,4110.0,4012.0,4092.6,25304650,4501.8,3683.4,4440.0,3288.1,4023.5,10,1,4023.0,8,1,4022.9,36,1,4022.6,36,1,4022.4,38,2,4024.0,6,2,4024.4,15,1,4024.5,15,1,4024.6,7,2,4024.7,3,1
11483,2026-07-02 13:41:15+05:30,4024.0,1,4036.63,1508686,150924.0,172406.0,4100.0,4110.0,4012.0,4092.6,25304650,4501.8,3683.4,4440.0,3288.1,4023.5,10,1,4023.0,8,1,4022.9,36,1,4022.6,36,1,4022.4,38,2,4024.0,6,2,4024.4,15,1,4024.5,15,1,4024.6,7,2,4024.7,3,1
11483,2026-07-02 13:41:15+05:30,4024.0,1,4036.63,1508686,150924.0,172406.0,4100.0,4110.0,4012.0,4092.6,25304650,4501.8,3683.4,4440.0,3288.1,4023.5,10,1,4023.0,8,1,4022.9,36,1,4022.6,36,1,4022.4,38,2,4024.0,6,2,4024.4,15,1,4024.5,15,1,4024.6,7,2,4024.7,3,1
11483,2026-07-02 13:41:16+05:30,4024.0,1,4036.63,1508686,150924.0,172406.0,4100.0,4110.0,4012.0,4092.6,25304650,4501.8,3683.4,4440.0,3288.1,4023.5,10,1,4023.0,8,1,4022.9,36,1,4022.6,36,1,4022.4,38,2,4024.0,6,2,4024.4,15,1,4024.5,15,1,4024.6,7,2,4024.7,3,1
11483,2026-07-02 13:41:16+05:30,4024.5,1,4036.62,1508810,150793.0,171991.0,4100.0,4110.0,4012.0,4092.6,25304650,4501.8,3683.4,4440.0,3288.1,4023.5,10,1,4023.0,8,1,4022.4,27,1,4022.3,65,3,4022.2,76,5,4024.5,14,1,4024.6,51,3,4024.7,13,2,4024.8,17,3,4024.9,59,2
11483,2026-07-02 13:41:16+05:30,4023.5,10,4036.62,1508810,150793.0,171991.0,4100.0,4110.0,4012.0,4092.6,25304650,4501.8,3683.4,4440.0,3288.1,4023.5,10,1,4023.0,8,1,4022.4,27,1,4022.3,65,3,4022.2,76,5,4024.5,14,1,4024.6,51,3,4024.7,13,2,4024.8,17,3,4024.9,59,2
11483,2026-07-02 13:41:16+05:30,4023.5,10,4036.62,1508810,150793.0,171991.0,4100.0,4110.0,4012.0,4092.6,25304650,4501.8,3683.4,4440.0,3288.1,4023.5,10,1,4023.0,8,1,4022.4,27,1,4022.3,65,3,4022.2,76,5,4024.5,14,1,4024.6,51,3,4024.7,13,2,4024.8,17,3,4024.9,59,2
11483,2026-07-02 13:41:17+05:30,4023.5,10,4036.62,1508810,150793.0,171991.0,4100.0,4110.0,4012.0,4092.6,25304650,4501.8,3683.4,4440.0,3288.1,4023.5,10,1,4023.0,8,1,4022.4,27,1,4022.3,65,3,4022.2,76,5,4024.5,14,1,4024.6,51,3,4024.7,13,2,4024.8,17,3,4024.9,59,2
11483,2026-07-02 13:41:17+05:30,4023.5,1,4036.62,1509119,149480.0,172793.0,4100.0,4110.0,4012.0,4092.6,25304650,4501.8,3683.4,4440.0,3288.1,4022.2,14,2,4022.1,14,2,4022.0,848,4,4021.7,2,1,4021.6,27,1,4023.5,11,2,4023.9,6,1,4024.0,27,4,4024.1,15,1,4024.2,12,1
11483,2026-07-02 13:41:17+05:30,4022.2,4,4036.62,1509119,149480.0,172793.0,4100.0,4110.0,4012.0,4092.6,25304650,4501.8,3683.4,4440.0,3288.1,4022.2,14,2,4022.1,14,2,4022.0,848,4,4021.7,2,1,4021.6,27,1,4023.5,11,2,4023.9,6,1,4024.0,27,4,4024.1,15,1,4024.2,12,1
11483,2026-07-02 13:41:17+05:30,4022.2,4,4036.62,1509119,149480.0,172793.0,4100.0,4110.0,4012.0,4092.6,25304650,4501.8,3683.4,4440.0,3288.1,4022.2,14,2,4022.1,14,2,4022.0,848,4,4021.7,2,1,4021.6,27,1,4023.5,11,2,4023.9,6,1,4024.0,27,4,4024.1,15,1,4024.2,12,1
11483,2026-07-02 13:41:18+05:30,4022.2,1,4036.62,1509147,155038.0,173739.0,4100.0,4110.0,4012.0,4092.6,25304650,4501.8,3683.4,4440.0,3288.1,4022.0,825,3,4021.6,4,2,4021.5,38,2,4021.4,11,1,4021.3,16,2,4022.2,12,3,4023.5,2,1,4023.6,13,1,4023.8,64,1,4023.9,21,3
11483,2026-07-02 13:41:18+05:30,4022.0,3,4036.62,1509147,155038.0,173739.0,4100.0,4110.0,4012.0,4092.6,25304650,4501.8,3683.4,4440.0,3288.1,4022.0,825,3,4021.6,4,2,4021.5,38,2,4021.4,11,1,4021.3,16,2,4022.2,12,3,4023.5,2,1,4023.6,13,1,4023.8,64,1,4023.9,21,3
11483,2026-07-02 13:41:18+05:30,4022.0,3,4036.62,1509147,155038.0,173739.0,4100.0,4110.0,4012.0,4092.6,25304650,4501.8,3683.4,4440.0,3288.1,4022.0,825,3,4021.6,4,2,4021.5,38,2,4021.4,11,1,4021.3,16,2,4022.2,12,3,4023.5,2,1,4023.6,13,1,4023.8,64,1,4023.9,21,3
11483,2026-07-02 13:41:19+05:30,4022.2,1,4036.62,1509152,155266.0,175286.0,4100.0,4110.0,4012.0,4092.6,25304650,4501.8,3683.4,4440.0,3288.1,4022.1,1,1,4022.0,1022,4,4021.7,7,1,4021.6,4,2,4021.5,38,2,4022.2,16,4,4023.5,27,2,4023.6,13,1,4023.7,48,1,4023.8,64,1
11483,2026-07-02 13:41:19+05:30,4022.2,1,4036.62,1509152,155266.0,175286.0,4100.0,4110.0,4012.0,4092.6,25304650,4501.8,3683.4,4440.0,3288.1,4022.1,1,1,4022.0,1022,4,4021.7,7,1,4021.6,4,2,4021.5,38,2,4022.2,16,4,4023.5,27,2,4023.6,13,1,4023.7,48,1,4023.8,64,1
11483,2026-07-02 13:41:19+05:30,4022.1,1,4036.62,1509152,155266.0,175286.0,4100.0,4110.0,4012.0,4092.6,25304650,4501.8,3683.4,4440.0,3288.1,4022.1,1,1,4022.0,1022,4,4021.7,7,1,4021.6,4,2,4021.5,38,2,4022.2,16,4,4023.5,27,2,4023.6,13,1,4023.7,48,1,4023.8,64,1
11483,2026-07-02 13:41:19+05:30,4022.1,1,4036.62,1509152,155266.0,175286.0,4100.0,4110.0,4012.0,4092.6,25304650,4501.8,3683.4,4440.0,3288.1,4022.1,1,1,4022.0,1022,4,4021.7,7,1,4021.6,4,2,4021.5,38,2,4022.2,16,4,4023.5,27,2,4023.6,13,1,4023.7,48,1,4023.8,64,1
11483,2026-07-02 13:41:20+05:30,4022.1,1,4036.62,1509152,155266.0,175286.0,4100.0,4110.0,4012.0,4092.6,25299225,4501.8,3683.4,4440.0,3288.1,4022.1,1,1,4022.0,1022,4,4021.7,7,1,4021.6,4,2,4021.5,38,2,4022.2,16,4,4023.5,27,2,4023.6,13,1,4023.7,48,1,4023.8,64,1
11483,2026-07-02 13:41:20+05:30,4022.2,1,4036.62,1509152,155266.0,175286.0,4100.0,4110.0,4012.0,4092.6,25299225,4501.8,3683.4,4440.0,3288.1,4022.1,1,1,4022.0,1022,4,4021.7,7,1,4021.6,4,2,4021.5,38,2,4022.2,16,4,4023.5,27,2,4023.6,13,1,4023.7,48,1,4023.8,64,1
11483,2026-07-02 13:41:20+05:30,4022.2,1,4036.62,1509154,155208.0,175178.0,4100.0,4110.0,4012.0,4092.6,25299225,4501.8,3683.4,4440.0,3288.1,4022.0,1022,4,4021.7,2,1,4021.6,2,1,4021.5,38,2,4021.4,11,1,4022.2,15,4,4023.4,4,1,4023.5,27,2,4023.6,13,1,4023.7,36,1
11483,2026-07-02 13:41:20+05:30,4022.2,1,4036.62,1509154,155208.0,175178.0,4100.0,4110.0,4012.0,4092.6,25299225,4501.8,3683.4,4440.0,3288.1,4022.0,1022,4,4021.7,2,1,4021.6,2,1,4021.5,38,2,4021.4,11,1,4022.2,15,4,4023.4,4,1,4023.5,27,2,4023.6,13,1,4023.7,36,1
11483,2026-07-02 13:41:21+05:30,4022.2,1,4036.62,1509154,155208.0,175178.0,4100.0,4110.0,4012.0,4092.6,25299225,4501.8,3683.4,4440.0,3288.1,4022.0,1022,4,4021.7,2,1,4021.6,2,1,4021.5,38,2,4021.4,11,1,4022.2,15,4,4023.4,4,1,4023.5,27,2,4023.6,13,1,4023.7,36,1
11483,2026-07-02 13:41:21+05:30,4022.2,1,4036.62,1509154,155208.0,175178.0,4100.0,4110.0,4012.0,4092.6,25299225,4501.8,3683.4,4440.0,3288.1,4022.0,1022,4,4021.7,2,1,4021.6,2,1,4021.5,38,2,4021.4,11,1,4022.2,15,4,4023.4,4,1,4023.5,27,2,4023.6,13,1,4023.7,36,1
11483,2026-07-02 13:41:21+05:30,4022.2,1,4036.62,1509154,155208.0,175178.0,4100.0,4110.0,4012.0,4092.6,25299225,4501.8,3683.4,4440.0,3288.1,4022.0,1022,4,4021.7,2,1,4021.6,2,1,4021.5,38,2,4021.4,11,1,4022.2,15,4,4023.4,4,1,4023.5,27,2,4023.6,13,1,4023.7,36,1
11483,2026-07-02 13:41:21+05:30,4022.2,1,4036.62,1509155,155308.0,175182.0,4100.0,4110.0,4012.0,4092.6,25299225,4501.8,3683.4,4440.0,3288.1,4022.0,1022,4,4021.6,2,1,4021.5,40,3,4021.4,11,1,4021.3,16,2,4022.2,14,4,4023.4,4,1,4023.5,27,2,4023.6,13,1,4023.7,36,1
11483,2026-07-02 13:41:21+05:30,4022.2,1,4036.62,1509155,155308.0,175182.0,4100.0,4110.0,4012.0,4092.6,25299225,4501.8,3683.4,4440.0,3288.1,4022.0,1022,4,4021.6,2,1,4021.5,40,3,4021.4,11,1,4021.3,16,2,4022.2,14,4,4023.4,4,1,4023.5,27,2,4023.6,13,1,4023.7,36,1
11483,2026-07-02 13:41:22+05:30,4023.4,3,4036.62,1509175,154811.0,174739.0,4100.0,4110.0,4012.0,4092.6,25299225,4501.8,3683.4,4440.0,3288.1,4022.0,1078,6,4021.6,2,1,4021.5,48,4,4021.4,11,1,4021.3,28,3,4023.4,1,1,4023.5,3,2,4023.6,13,1,4023.8,52,3,4023.9,3,1
11483,2026-07-02 13:41:23+05:30,4022.0,25,4036.62,1509175,154811.0,174739.0,4100.0,4110.0,4012.0,4092.6,25299225,4501.8,3683.4,4440.0,3288.1,4022.0,1078,6,4021.6,2,1,4021.5,48,4,4021.4,11,1,4021.3,28,3,4023.4,1,1,4023.5,3,2,4023.6,13,1,4023.8,52,3,4023.9,3,1
11483,2026-07-02 13:41:23+05:30,4023.4,1,4036.62,1509204,154832.0,175410.0,4100.0,4110.0,4012.0,4092.6,25299225,4501.8,3683.4,4440.0,3288.1,4022.0,1050,6,4021.6,16,3,4021.5,46,3,4021.4,11,1,4021.3,28,3,4023.5,3,2,4023.6,23,2,4023.7,31,1,4023.8,6,1,4023.9,3,1
11483,2026-07-02 13:41:24+05:30,4023.5,2,4036.62,1509204,154832.0,175410.0,4100.0,4110.0,4012.0,4092.6,25299225,4501.8,3683.4,4440.0,3288.1,4022.0,1050,6,4021.6,16,3,4021.5,46,3,4021.4,11,1,4021.3,28,3,4023.5,3,2,4023.6,23,2,4023.7,31,1,4023.8,6,1,4023.9,3,1
11483,2026-07-02 13:41:24+05:30,4023.5,2,4036.62,1509209,154990.0,175400.0,4100.0,4110.0,4012.0,4092.6,25299225,4501.8,3683.4,4440.0,3288.1,4022.0,1011,5,4021.6,32,4,4021.5,46,3,4021.4,11,1,4021.3,28,3,4023.5,2,2,4023.6,23,2,4023.7,31,1,4023.8,6,1,4023.9,3,1
11483,2026-07-02 13:41:25+05:30,4022.0,1,4036.62,1509209,154990.0,175400.0,4100.0,4110.0,4012.0,4092.6,25299225,4501.8,3683.4,4440.0,3288.1,4022.0,1011,5,4021.6,32,4,4021.5,46,3,4021.4,11,1,4021.3,28,3,4023.5,2,2,4023.6,23,2,4023.7,31,1,4023.8,6,1,4023.9,3,1
11483,2026-07-02 13:41:25+05:30,4022.0,1,4036.62,1509210,155044.0,175428.0,4100.0,4110.0,4012.0,4092.6,25299225,4501.8,3683.4,4440.0,3288.1,4022.1,8,1,4022.0,1010,5,4021.7,2,1,4021.6,14,2,4021.5,46,3,4023.5,2,2,4023.6,23,2,4023.7,31,1,4023.8,6,1,4023.9,3,1
11483,2026-07-02 13:41:26+05:30,4023.6,7,4036.62,1509210,155044.0,175428.0,4100.0,4110.0,4012.0,4092.6,25299225,4501.8,3683.4,4440.0,3288.1,4022.1,8,1,4022.0,1010,5,4021.7,2,1,4021.6,14,2,4021.5,46,3,4023.5,2,2,4023.6,23,2,4023.7,31,1,4023.8,6,1,4023.9,3,1
11483,2026-07-02 13:41:26+05:30,4023.0,3,4036.62,1509522,155175.0,175905.0,4100.0,4110.0,4012.0,4092.6,25299225,4501.8,3683.4,4440.0,3288.1,4022.1,10,2,4022.0,995,4,4021.6,14,2,4021.5,46,3,4021.4,11,1,4023.5,3,2,4023.7,13,2,4023.8,8,1,4023.9,56,2,4024.0,94,7
11483,2026-07-02 13:41:27+05:30,4023.4,1,4036.62,1509522,155175.0,175905.0,4100.0,4110.0,4012.0,4092.6,25299225,4501.8,3683.4,4440.0,3288.1,4022.1,10,2,4022.0,995,4,4021.6,14,2,4021.5,46,3,4021.4,11,1,4023.5,3,2,4023.7,13,2,4023.8,8,1,4023.9,56,2,4024.0,94,7
11483,2026-07-02 13:41:27+05:30,4023.4,1,4036.62,1509562,155362.0,175994.0,4100.0,4110.0,4012.0,4092.6,25299225,4501.8,3683.4,4440.0,3288.1,4022.1,24,4,4022.0,1031,5,4021.8,6,1,4021.7,2,1,4021.6,14,2,4023.5,1,1,4023.7,7,1,4023.8,8,1,4023.9,56,2,4024.0,94,7
11483,2026-07-02 13:41:28+05:30,4022.1,1,4036.62,1509562,155362.0,175994.0,4100.0,4110.0,4012.0,4092.6,25299225,4501.8,3683.4,4440.0,3288.1,4022.1,24,4,4022.0,1031,5,4021.8,6,1,4021.7,2,1,4021.6,14,2,4023.5,1,1,4023.7,7,1,4023.8,8,1,4023.9,56,2,4024.0,94,7
11483,2026-07-02 13:41:28+05:30,4023.5,7,4036.62,1509577,149730.0,175741.0,4100.0,4110.0,4012.0,4092.6,25299225,4501.8,3683.4,4440.0,3288.1,4023.5,10,2,4022.2,13,1,4022.1,10,2,4022.0,1003,5,4021.9,39,2,4023.7,22,2,4023.9,8,2,4024.0,44,4,4024.1,90,5,4024.2,63,4
11483,2026-07-02 13:41:29+05:30,4023.6,1,4036.62,1509577,149730.0,175741.0,4100.0,4110.0,4012.0,4092.6,25299225,4501.8,3683.4,4440.0,3288.1,4023.5,10,2,4022.2,13,1,4022.1,10,2,4022.0,1003,5,4021.9,39,2,4023.7,22,2,4023.9,8,2,4024.0,44,4,4024.1,90,5,4024.2,63,4
11483,2026-07-02 13:41:29+05:30,4023.5,8,4036.62,1509612,150171.0,175711.0,4100.0,4110.0,4012.0,4092.6,25299225,4501.8,3683.4,4440.0,3288.1,4023.5,8,1,4022.2,13,1,4022.1,10,2,4022.0,1003,5,4021.9,13,1,4023.7,23,2,4023.9,16,2,4024.0,44,4,4024.1,90,5,4024.2,66,5
11483,2026-07-02 13:41:30+05:30,4022.0,61,4036.62,1509612,150171.0,175711.0,4100.0,4110.0,4012.0,4092.6,25299225,4501.8,3683.4,4440.0,3288.1,4023.5,8,1,4022.2,13,1,4022.1,10,2,4022.0,1003,5,4021.9,13,1,4023.7,23,2,4023.9,16,2,4024.0,44,4,4024.1,90,5,4024.2,66,5
11483,2026-07-02 13:41:30+05:30,4022.3,1,4036.62,1509721,155414.0,175677.0,4100.0,4110.0,4012.0,4092.6,25299225,4501.8,3683.4,4440.0,3288.1,4022.3,17,3,4022.2,32,5,4022.1,59,5,4022.0,980,6,4021.9,36,3,4023.5,1,1,4024.0,48,5,4024.1,54,4,4024.2,63,4,4024.3,15,4
11483,2026-07-02 13:41:31+05:30,4023.7,1,4036.62,1509721,155414.0,175677.0,4100.0,4110.0,4012.0,4092.6,25299225,4501.8,3683.4,4440.0,3288.1,4022.3,17,3,4022.2,32,5,4022.1,59,5,4022.0,980,6,4021.9,36,3,4023.5,1,1,4024.0,48,5,4024.1,54,4,4024.2,63,4,4024.3,15,4
11483,2026-07-02 13:41:31+05:30,4023.7,1,4036.62,1509775,155786.0,175784.0,4100.0,4110.0,4012.0,4092.6,25299225,4501.8,3683.4,4440.0,3288.1,4023.7,3,1,4022.8,10,3,4022.5,6,1,4022.4,18,3,4022.3,58,3,4024.0,5,1,4024.1,21,2,4024.2,19,2,4024.3,10,2,4024.4,45,2
11483,2026-07-02 13:41:32+05:30,4022.8,1,4036.62,1509775,155786.0,175784.0,4100.0,4110.0,4012.0,4092.6,25299225,4501.8,3683.4,4440.0,3288.1,4023.7,3,1,4022.8,10,3,4022.5,6,1,4022.4,18,3,4022.3,58,3,4024.0,5,1,4024.1,21,2,4024.2,19,2,4024.3,10,2,4024.4,45,2
11483,2026-07-02 13:41:32+05:30,4022.8,1,4036.62,1509780,149540.0,175637.0,4100.0,4110.0,4012.0,4092.6,25299225,4501.8,3683.4,4440.0,3288.1,4023.2,1,1,4022.8,10,3,4022.4,18,3,4022.3,11,3,4022.2,20,4,4023.7,1,1,4024.0,30,4,4024.1,21,2,4024.2,19,2,4024.3,10,2
11483,2026-07-02 13:41:33+05:30,4023.7,1,4036.62,1509780,149540.0,175637.0,4100.0,4110.0,4012.0,4092.6,25299225,4501.8,3683.4,4440.0,3288.1,4023.2,1,1,4022.8,10,3,4022.4,18,3,4022.3,11,3,4022.2,20,4,4023.7,1,1,4024.0,30,4,4024.1,21,2,4024.2,19,2,4024.3,10,2
11483,2026-07-02 13:41:33+05:30,4022.8,1,4036.62,1509783,149728.0,175633.0,4100.0,4110.0,4012.0,4092.6,25299225,4501.8,3683.4,4440.0,3288.1,4023.4,50,1,4022.8,9,3,4022.4,18,3,4022.3,11,3,4022.2,68,6,4023.7,1,1,4024.0,30,4,4024.1,21,2,4024.2,19,2,4024.3,10,2
11483,2026-07-02 13:41:34+05:30,4023.4,1,4036.62,1509783,149728.0,175633.0,4100.0,4110.0,4012.0,4092.6,25299225,4501.8,3683.4,4440.0,3288.1,4023.4,50,1,4022.8,9,3,4022.4,18,3,4022.3,11,3,4022.2,68,6,4023.7,1,1,4024.0,30,4,4024.1,21,2,4024.2,19,2,4024.3,10,2
11483,2026-07-02 13:41:34+05:30,4023.4,7,4036.62,1509792,149723.0,175619.0,4100.0,4110.0,4012.0,4092.6,25299225,4501.8,3683.4,4440.0,3288.1,4023.4,41,1,4022.8,9,3,4022.4,18,3,4022.3,11,3,4022.2,68,6,4023.7,1,1,4024.0,30,4,4024.1,21,2,4024.2,19,2,4024.3,10,2
11483,2026-07-02 13:41:35+05:30,4023.7,1,4036.62,1509792,149723.0,175619.0,4100.0,4110.0,4012.0,4092.6,25299225,4501.8,3683.4,4440.0,3288.1,4023.4,41,1,4022.8,9,3,4022.4,18,3,4022.3,11,3,4022.2,68,6,4023.7,1,1,4024.0,30,4,4024.1,21,2,4024.2,19,2,4024.3,10,2
11483,2026-07-02 13:41:35+05:30,4023.4,1,4036.62,1509796,149716.0,175629.0,4100.0,4110.0,4012.0,4092.6,25299225,4501.8,3683.4,4440.0,3288.1,4023.4,38,1,4022.8,9,3,4022.4,18,3,4022.3,11,3,4022.2,68,6,4023.7,2,2,4024.0,30,4,4024.1,21,2,4024.2,19,2,4024.3,10,2
11483,2026-07-02 13:41:36+05:30,4023.4,1,4036.62,1509796,149716.0,175629.0,4100.0,4110.0,4012.0,4092.6,25299225,4501.8,3683.4,4440.0,3288.1,4023.4,38,1,4022.8,9,3,4022.4,18,3,4022.3,11,3,4022.2,68,6,4023.7,2,2,4024.0,30,4,4024.1,21,2,4024.2,19,2,4024.3,10,2
11483,2026-07-02 13:41:36+05:30,4024.0,3,4036.62,1509807,149782.0,175601.0,4100.0,4110.0,4012.0,4092.6,25299225,4501.8,3683.4,4440.0,3288.1,4023.4,37,1,4022.8,9,3,4022.4,18,3,4022.3,65,4,4022.2,70,7,4024.0,22,3,4024.1,21,2,4024.2,19,2,4024.3,10,2,4024.4,24,2
11483,2026-07-02 13:41:37+05:30,4023.4,1,4036.62,1509807,149782.0,175601.0,4100.0,4110.0,4012.0,4092.6,25299225,4501.8,3683.4,4440.0,3288.1,4023.4,37,1,4022.8,9,3,4022.4,18,3,4022.3,65,4,4022.2,70,7,4024.0,22,3,4024.1,21,2,4024.2,19,2,4024.3,10,2,4024.4,24,2
11483,2026-07-02 13:41:37+05:30,4023.4,1,4036.62,1509810,149831.0,175599.0,4100.0,4110.0,4012.0,4092.6,25299225,4501.8,3683.4,4440.0,3288.1,4023.4,36,2,4022.8,9,3,4022.4,18,3,4022.3,65,4,4022.2,70,7,4024.0,23,4,4024.1,21,2,4024.2,19,2,4024.3,10,2,4024.4,24,2
11483,2026-07-02 13:41:38+05:30,4024.0,2,4036.62,1509810,149831.0,175599.0,4100.0,4110.0,4012.0,4092.6,25299225,4501.8,3683.4,4440.0,3288.1,4023.4,36,2,4022.8,9,3,4022.4,18,3,4022.3,65,4,4022.2,70,7,4024.0,23,4,4024.1,21,2,4024.2,19,2,4024.3,10,2,4024.4,24,2
11483,2026-07-02 13:41:38+05:30,4023.4,1,4036.62,1509821,149830.0,175720.0,4100.0,4110.0,4012.0,4092.6,25299225,4501.8,3683.4,4440.0,3288.1,4023.4,35,2,4022.8,9,3,4022.4,18,3,4022.3,65,4,4022.2,70,7,4024.0,13,3,4024.1,21,2,4024.2,19,2,4024.3,10,2,4024.4,24,2
11483,2026-07-02 13:41:39+05:30,4023.7,1,4036.62,1509821,149830.0,175720.0,4100.0,4110.0,4012.0,4092.6,25299225,4501.8,3683.4,4440.0,3288.1,4023.4,35,2,4022.8,9,3,4022.4,18,3,4022.3,65,4,4022.2,70,7,4024.0,13,3,4024.1,21,2,4024.2,19,2,4024.3,10,2,4024.4,24,2
11483,2026-07-02 13:41:39+05:30,4023.4,1,4036.62,1509826,149953.0,176150.0,4100.0,4110.0,4012.0,4092.6,25299225,4501.8,3683.4,4440.0,3288.1,4023.4,33,2,4022.8,9,3,4022.4,20,4,4022.3,65,3,4022.2,68,6,4024.0,29,4,4024.1,21,2,4024.2,19,2,4024.3,10,2,4024.4,24,2
11483,2026-07-02 13:41:40+05:30,4023.4,1,4036.62,1509826,149953.0,176150.0,4100.0,4110.0,4012.0,4092.6,25299225,4501.8,3683.4,4440.0,3288.1,4023.4,33,2,4022.8,9,3,4022.4,20,4,4022.3,65,3,4022.2,68,6,4024.0,29,4,4024.1,21,2,4024.2,19,2,4024.3,10,2,4024.4,24,2
11483,2026-07-02 13:41:40+05:30,4023.4,1,4036.62,1509828,149953.0,176710.0,4100.0,4110.0,4012.0,4092.6,25299225,4501.8,3683.4,4440.0,3288.1,4023.4,31,2,4022.8,9,3,4022.4,20,4,4022.3,65,3,4022.2,20,4,4023.9,350,1,4024.0,46,6,4024.1,21,2,4024.2,22,3,4024.3,360,3
11483,2026-07-02 13:41:41+05:30,4023.8,10,4036.62,1509828,149953.0,176710.0,4100.0,4110.0,4012.0,4092.6,25299225,4501.8,3683.4,4440.0,3288.1,4023.4,31,2,4022.8,9,3,4022.4,20,4,4022.3,65,3,4022.2,20,4,4023.9,350,1,4024.0,46,6,4024.1,21,2,4024.2,22,3,4024.3,360,3
11483,2026-07-02 13:41:41+05:30,4023.4,1,4036.62,1509843,149905.0,176589.0,4100.0,4110.0,4012.0,4092.6,25299225,4501.8,3683.4,4440.0,3288.1,4023.4,29,2,4022.8,7,1,4022.4,10,2,4022.3,3,1,4022.2,20,4,4023.5,337,1,4023.7,350,1,4023.9,1,1,4024.0,52,6,4024.1,24,3
11483,2026-07-02 13:41:42+05:30,4023.5,1,4036.62,1509843,149905.0,176589.0,4100.0,4110.0,4012.0,4092.6,25299225,4501.8,3683.4,4440.0,3288.1,4023.4,29,2,4022.8,7,1,4022.4,10,2,4022.3,3,1,4022.2,20,4,4023.5,337,1,4023.7,350,1,4023.9,1,1,4024.0,52,6,4024.1,24,3
11483,2026-07-02 13:41:42+05:30,4023.5,1,4036.61,1509890,150160.0,176141.0,4100.0,4110.0,4012.0,4092.6,25299225,4501.8,3683.4,4440.0,3288.1,4023.5,51,2,4023.0,20,1,4022.6,5,1,4022.5,2,1,4022.4,55,2,4024.0,11,2,4024.3,5,1,4024.4,1,1,4024.5,27,2,4024.6,58,3
11483,2026-07-02 13:41:43+05:30,4024.0,1,4036.61,1509890,150160.0,176141.0,4100.0,4110.0,4012.0,4092.6,25299225,4501.8,3683.4,4440.0,3288.1,4023.5,51,2,4023.0,20,1,4022.6,5,1,4022.5,2,1,4022.4,55,2,4024.0,11,2,4024.3,5,1,4024.4,1,1,4024.5,27,2,4024.6,58,3
11483,2026-07-02 13:41:43+05:30,4024.0,1,4036.61,1509896,150155.0,176210.0,4100.0,4110.0,4012.0,4092.6,25299225,4501.8,3683.4,4440.0,3288.1,4023.5,46,2,4023.0,20,1,4022.6,5,1,4022.5,2,1,4022.4,55,2,4024.0,10,2,4024.3,5,1,4024.4,1,1,4024.5,27,2,4024.6,58,3
11483,2026-07-02 13:41:44+05:30,4024.0,1,4036.61,1509896,150155.0,176210.0,4100.0,4110.0,4012.0,4092.6,25299225,4501.8,3683.4,4440.0,3288.1,4023.5,46,2,4023.0,20,1,4022.6,5,1,4022.5,2,1,4022.4,55,2,4024.0,10,2,4024.3,5,1,4024.4,1,1,4024.5,27,2,4024.6,58,3
11483,2026-07-02 13:41:44+05:30,4024.0,1,4036.61,1509899,150270.0,176136.0,4100.0,4110.0,4012.0,4092.6,25299225,4501.8,3683.4,4440.0,3288.1,4023.5,45,2,4023.0,20,1,4022.6,5,1,4022.5,2,1,4022.4,55,2,4024.0,10,3,4024.3,5,1,4024.4,1,1,4024.5,27,2,4024.6,58,3
11483,2026-07-02 13:41:45+05:30,4023.9,1,4036.61,1509899,150270.0,176136.0,4100.0,4110.0,4012.0,4092.6,25299225,4501.8,3683.4,4440.0,3288.1,4023.5,45,2,4023.0,20,1,4022.6,5,1,4022.5,2,1,4022.4,55,2,4024.0,10,3,4024.3,5,1,4024.4,1,1,4024.5,27,2,4024.6,58,3
11483,2026-07-02 13:41:45+05:30,4023.9,1,4036.61,1510415,150046.0,176349.0,4100.0,4110.0,4012.0,4092.6,25299225,4501.8,3683.4,4440.0,3288.1,4022.6,8,1,4022.5,10,2,4022.4,3,1,4022.3,3,1,4022.2,214,3,4023.5,349,1,4023.9,351,2,4024.0,11,1,4024.2,15,2,4024.3,5,1
11483,2026-07-02 13:41:46+05:30,4023.9,7,4036.61,1510415,150046.0,176349.0,4100.0,4110.0,4012.0,4092.6,25299225,4501.8,3683.4,4440.0,3288.1,4022.6,8,1,4022.5,10,2,4022.4,3,1,4022.3,3,1,4022.2,214,3,4023.5,349,1,4023.9,351,2,4024.0,11,1,4024.2,15,2,4024.3,5,1
11483,2026-07-02 13:41:46+05:30,4023.9,7,4036.61,1510484,149947.0,175953.0,4100.0,4110.0,4012.0,4092.6,25299225,4501.8,3683.4,4440.0,3288.1,4022.6,47,5,4022.5,32,3,4022.4,80,4,4022.3,43,4,4022.2,216,4,4023.9,344,2,4024.0,36,2,4024.3,5,1,4024.5,48,2,4024.6,34,1
11483,2026-07-02 13:41:47+05:30,4023.9,1,4036.61,1510484,149947.0,175953.0,4100.0,4110.0,4012.0,4092.6,25299225,4501.8,3683.4,4440.0,3288.1,4022.6,47,5,4022.5,32,3,4022.4,80,4,4022.3,43,4,4022.2,216,4,4023.9,344,2,4024.0,36,2,4024.3,5,1,4024.5,48,2,4024.6,34,1
11483,2026-07-02 13:41:47+05:30,4023.9,1,4036.61,1510494,149773.0,176176.0,4100.0,4110.0,4012.0,4092.6,25299225,4501.8,3683.4,4440.0,3288.1,4022.6,19,2,4022.5,3,1,4022.4,44,3,4022.3,19,2,4022.2,214,3,4022.9,341,1,4023.9,1,1,4024.0,36,2,4024.2,13,1,4024.3,8,2
11483,2026-07-02 13:41:48+05:30,4022.6,1,4036.61,1510494,149773.0,176176.0,4100.0,4110.0,4012.0,4092.6,25299225,4501.8,3683.4,4440.0,3288.1,4022.6,19,2,4022.5,3,1,4022.4,44,3,4022.3,19,2,4022.2,214,3,4022.9,341,1,4023.9,1,1,4024.0,36,2,4024.2,13,1,4024.3,8,2
11483,2026-07-02 13:41:48+05:30,4022.6,1,4036.61,1510497,149757.0,176304.0,4100.0,4110.0,4012.0,4092.6,25299225,4501.8,3683.4,4440.0,3288.1,4022.6,17,2,4022.4,44,3,4022.3,19,2,4022.2,214,3,4022.1,61,5,4022.9,340,1,4023.9,13,2,4024.0,36,2,4024.2,52,3,4024.3,5,1
11483,2026-07-02 13:41:49+05:30,4022.9,120,4036.61,1510497,149757.0,176304.0,4100.0,4110.0,4012.0,4092.6,25299225,4501.8,3683.4,4440.0,3288.1,4022.6,17,2,4022.4,44,3,4022.3,19,2,4022.2,214,3,4022.1,61,5,4022.9,340,1,4023.9,13,2,4024.0,36,2,4024.2,52,3,4024.3,5,1
11483,2026-07-02 13:41:49+05:30,4022.9,120,4036.61,1510838,157044.0,171823.0,4100.0,4110.0,4012.0,4092.6,25299225,4501.8,3683.4,4440.0,3288.1,4023.4,23,3,4023.3,17,2,4023.2,10,1,4023.1,49,4,4023.0,64,4,4024.0,36,2,4024.6,59,2,4025.0,48,3,4025.1,19,3,4025.2,22,1
11483,2026-07-02 13:41:50+05:30,4023.4,1,4036.61,1510838,157044.0,171823.0,4100.0,4110.0,4012.0,4092.6,25299225,4501.8,3683.4,4440.0,3288.1,4023.4,23,3,4023.3,17,2,4023.2,10,1,4023.1,49,4,4023.0,64,4,4024.0,36,2,4024.6,59,2,4025.0,48,3,4025.1,19,3,4025.2,22,1
11483,2026-07-02 13:41:50+05:30,4023.4,1,4036.61,1510867,157238.0,172481.0,4100.0,4110.0,4012.0,4092.6,25299225,4501.8,3683.4,4440.0,3288.1,4022.7,39,4,4022.6,69,3,4022.5,90,4,4022.4,58,4,4022.3,69,4,4023.4,50,3,4024.0,136,3,4024.5,12,1,4024.6,59,2,4024.7,5,1
11483,2026-07-02 13:41:51+05:30,4023.4,1,4036.61,1510867,157238.0,172481.0,4100.0,4110.0,4012.0,4092.6,25299225,4501.8,3683.4,4440.0,3288.1,4022.7,39,4,4022.6,69,3,4022.5,90,4,4022.4,58,4,4022.3,69,4,4023.4,50,3,4024.0,136,3,4024.5,12,1,4024.6,59,2,4024.7,5,1
11483,2026-07-02 13:41:51+05:30,4023.4,1,4036.61,1510898,157236.0,172420.0,4100.0,4110.0,4012.0,4092.6,25299225,4501.8,3683.4,4440.0,3288.1,4022.7,35,3,4022.6,69,3,4022.5,90,4,4022.4,60,5,4022.3,89,4,4023.4,29,3,4024.0,136,3,4024.5,12,1,4024.6,59,2,4024.7,5,1
11483,2026-07-02 13:41:52+05:30,4023.4,1,4036.61,1510898,157236.0,172420.0,4100.0,4110.0,4012.0,4092.6,25299225,4501.8,3683.4,4440.0,3288.1,4022.7,35,3,4022.6,69,3,4022.5,90,4,4022.4,60,5,4022.3,89,4,4023.4,29,3,4024.0,136,3,4024.5,12,1,4024.6,59,2,4024.7,5,1
11483,2026-07-02 13:41:52+05:30,4023.4,1,4036.61,1510905,149535.0,172909.0,4100.0,4110.0,4012.0,4092.6,25299225,4501.8,3683.4,4440.0,3288.1,4023.0,100,1,4022.7,1,1,4022.6,22,1,4022.5,18,1,4022.4,36,2,4023.4,26,3,4023.9,16,1,4024.0,111,2,4024.1,5,1,4024.2,14,1
11483,2026-07-02 13:41:53+05:30,4023.4,1,4036.61,1510905,149535.0,172909.0,4100.0,4110.0,4012.0,4092.6,25299225,4501.8,3683.4,4440.0,3288.1,4023.0,100,1,4022.7,1,1,4022.6,22,1,4022.5,18,1,4022.4,36,2,4023.4,26,3,4023.9,16,1,4024.0,111,2,4024.1,5,1,4024.2,14,1
11483,2026-07-02 13:41:53+05:30,4023.4,1,4036.61,1510922,149515.0,173073.0,4100.0,4110.0,4012.0,4092.6,25299225,4501.8,3683.4,4440.0,3288.1,4023.0,84,1,4022.7,1,1,4022.6,22,1,4022.5,54,2,4022.4,36,2,4023.4,27,4,4024.0,111,2,4024.1,5,1,4024.3,16,1,4024.4,17,2
11483,2026-07-02 13:41:54+05:30,4023.4,1,4036.61,1510922,149515.0,173073.0,4100.0,4110.0,4012.0,4092.6,25299225,4501.8,3683.4,4440.0,3288.1,4023.0,84,1,4022.7,1,1,4022.6,22,1,4022.5,54,2,4022.4,36,2,4023.4,27,4,4024.0,111,2,4024.1,5,1,4024.3,16,1,4024.4,17,2
11483,2026-07-02 13:41:54+05:30,4023.4,1,4036.61,1510926,149498.0,173075.0,4100.0,4110.0,4012.0,4092.6,25299225,4501.8,3683.4,4440.0,3288.1,4023.0,82,1,4022.7,1,1,4022.6,22,1,4022.5,54,2,4022.4,36,2,4023.4,25,4,4024.0,111,2,4024.1,5,1,4024.3,16,1,4024.4,17,2
11483,2026-07-02 13:41:55+05:30,4023.4,1,4036.61,1510926,149498.0,173075.0,4100.0,4110.0,4012.0,4092.6,25299225,4501.8,3683.4,4440.0,3288.1,4023.0,82,1,4022.7,1,1,4022.6,22,1,4022.5,54,2,4022.4,36,2,4023.4,25,4,4024.0,111,2,4024.1,5,1,4024.3,16,1,4024.4,17,2
11483,2026-07-02 13:41:55+05:30,4023.1,1,4036.61,1510934,149561.0,173069.0,4100.0,4110.0,4012.0,4092.6,25299225,4501.8,3683.4,4440.0,3288.1,4023.1,7,1,4023.0,82,1,4022.7,1,1,4022.6,22,1,4022.5,54,2,4023.4,19,4,4024.0,111,2,4024.3,16,1,4024.4,17,2,4024.5,4,2
11483,2026-07-02 13:41:56+05:30,4023.4,1,4036.61,1510934,149561.0,173069.0,4100.0,4110.0,4012.0,4092.6,25299225,4501.8,3683.4,4440.0,3288.1,4023.1,7,1,4023.0,82,1,4022.7,1,1,4022.6,22,1,4022.5,54,2,4023.4,19,4,4024.0,111,2,4024.3,16,1,4024.4,17,2,4024.5,4,2
11483,2026-07-02 13:41:56+05:30,4023.4,1,4036.61,1510937,149578.0,173081.0,4100.0,4110.0,4012.0,4092.6,25299225,4501.8,3683.4,4440.0,3288.1,4023.1,6,1,4023.0,82,1,4022.7,1,1,4022.6,22,1,4022.5,54,2,4023.4,17,4,4023.6,13,1,4024.0,100,1,4024.3,16,1,4024.4,17,2
11483,2026-07-02 13:41:57+05:30,4023.4,1,4036.61,1510937,149578.0,173081.0,4100.0,4110.0,4012.0,4092.6,25299225,4501.8,3683.4,4440.0,3288.1,4023.1,6,1,4023.0,82,1,4022.7,1,1,4022.6,22,1,4022.5,54,2,4023.4,17,4,4023.6,13,1,4024.0,100,1,4024.3,16,1,4024.4,17,2
11483,2026-07-02 13:41:57+05:30,4023.4,1,4036.6,1510945,149573.0,173124.0,4100.0,4110.0,4012.0,4092.6,25299225,4501.8,3683.4,4440.0,3288.1,4023.1,8,1,4023.0,82,1,4022.7,1,1,4022.6,22,1,4022.5,54,2,4023.4,16,4,4023.6,13,1,4024.0,100,1,4024.3,16,1,4024.4,15,1
11483,2026-07-02 13:41:58+05:30,4023.4,1,4036.6,1510945,149573.0,173124.0,4100.0,4110.0,4012.0,4092.6,25299225,4501.8,3683.4,4440.0,3288.1,4023.1,8,1,4023.0,82,1,4022.7,1,1,4022.6,22,1,4022.5,54,2,4023.4,16,4,4023.6,13,1,4024.0,100,1,4024.3,16,1,4024.4,15,1
11483,2026-07-02 13:41:58+05:30,4023.4,1,4036.6,1510947,149598.0,173133.0,4100.0,4110.0,4012.0,4092.6,25299225,4501.8,3683.4,4440.0,3288.1,4023.1,7,1,4023.0,82,1,4022.7,1,1,4022.6,22,1,4022.5,54,2,4023.4,15,4,4023.6,13,1,4024.0,100,1,4024.3,16,1,4024.4,15,1
11483,2026-07-02 13:41:59+05:30,4023.5,1,4036.6,1510976,149853.0,172697.0,4100.0,4110.0,4012.0,4092.6,25299225,4501.8,3683.4,4440.0,3288.1,4023.4,7,1,4023.0,82,1,4022.7,1,1,4022.6,22,1,4022.5,18,1,4023.6,5,1,4024.0,116,2,4024.4,19,3,4024.5,18,2,4024.6,98,5
11483,2026-07-02 13:41:59+05:30,4023.5,1,4036.6,1510976,149853.0,172697.0,4100.0,4110.0,4012.0,4092.6,25299225,4501.8,3683.4,4440.0,3288.1,4023.4,7,1,4023.0,82,1,4022.7,1,1,4022.6,22,1,4022.5,18,1,4023.6,5,1,4024.0,116,2,4024.4,19,3,4024.5,18,2,4024.6,98,5
11483,2026-07-02 13:42:00+05:30,4023.4,1,4036.6,1510976,149853.0,172697.0,4100.0,4110.0,4012.0,4092.6,25299225,4501.8,3683.4,4440.0,3288.1,4023.4,7,1,4023.0,82,1,4022.7,1,1,4022.6,22,1,4022.5,18,1,4023.6,5,1,4024.0,116,2,4024.4,19,3,4024.5,18,2,4024.6,98,5
11483,2026-07-02 13:42:00+05:30,4023.4,1,4036.6,1510980,149861.0,172535.0,4100.0,4110.0,4012.0,4092.6,25299225,4501.8,3683.4,4440.0,3288.1,4023.6,1,1,4023.4,3,1,4023.0,82,1,4022.7,1,1,4022.6,22,1,4024.0,113,2,4024.2,16,1,4024.4,19,3,4024.5,18,2,4024.6,98,5
11483,2026-07-02 13:42:01+05:30,4023.4,1,4036.6,1510980,149861.0,172535.0,4100.0,4110.0,4012.0,4092.6,25299225,4501.8,3683.4,4440.0,3288.1,4023.6,1,1,4023.4,3,1,4023.0,82,1,4022.7,1,1,4022.6,22,1,4024.0,113,2,4024.2,16,1,4024.4,19,3,4024.5,18,2,4024.6,98,5
11483,2026-07-02 13:42:01+05:30,4023.4,1,4036.6,1511182,149867.0,172639.0,4100.0,4110.0,4012.0,4092.6,25299225,4501.8,3683.4,4440.0,3288.1,4023.9,2,2,4023.4,2,1,4023.0,382,2,4022.7,1,1,4022.6,38,2,4024.0,18,2,4024.4,2,1,4024.5,2,1,4024.6,59,2,4024.7,14,1
11483,2026-07-02 13:42:02+05:30,4023.0,1,4036.6,1511182,149867.0,172639.0,4100.0,4110.0,4012.0,4092.6,25299225,4501.8,3683.4,4440.0,3288.1,4023.9,2,2,4023.4,2,1,4023.0,382,2,4022.7,1,1,4022.6,38,2,4024.0,18,2,4024.4,2,1,4024.5,2,1,4024.6,59,2,4024.7,14,1
11483,2026-07-02 13:42:02+05:30,4023.0,1,4036.6,1511234,149749.0,172303.0,4100.0,4110.0,4012.0,4092.6,25299225,4501.8,3683.4,4440.0,3288.1,4023.0,430,4,4022.8,10,1,4022.7,1,1,4022.6,36,1,4022.5,35,3,4023.9,2,2,4024.0,2,1,4024.4,19,1,4024.5,2,1,4024.6,59,2
11483,2026-07-02 13:42:03+05:30,4023.0,1,4036.6,1511234,149749.0,172303.0,4100.0,4110.0,4012.0,4092.6,25299225,4501.8,3683.4,4440.0,3288.1,4023.0,430,4,4022.8,10,1,4022.7,1,1,4022.6,36,1,4022.5,35,3,4023.9,2,2,4024.0,2,1,4024.4,19,1,4024.5,2,1,4024.6,59,2
11483,2026-07-02 13:42:03+05:30,4023.0,1,4036.6,1511243,149688.0,172306.0,4100.0,4110.0,4012.0,4092.6,25299225,4501.8,3683.4,4440.0,3288.1,4023.0,385,3,4022.8,10,1,4022.7,1,1,4022.6,36,1,4022.5,2,1,4023.9,2,2,4024.0,2,1,4024.4,19,1,4024.6,77,4,4024.7,34,1
11483,2026-07-02 13:42:04+05:30,4023.0,1,4036.6,1511243,149688.0,172306.0,4100.0,4110.0,4012.0,4092.6,25299225,4501.8,3683.4,4440.0,3288.1,4023.0,385,3,4022.8,10,1,4022.7,1,1,4022.6,36,1,4022.5,2,1,4023.9,2,2,4024.0,2,1,4024.4,19,1,4024.6,77,4,4024.7,34,1
11483,2026-07-02 13:42:04+05:30,4023.0,1,4036.6,1511433,149457.0,172280.0,4100.0,4110.0,4012.0,4092.6,25299225,4501.8,3683.4,4440.0,3288.1,4023.1,9,1,4023.0,183,1,4022.7,1,1,4022.5,2,1,4022.4,14,1,4023.9,1,1,4024.0,2,1,4024.1,5,1,4024.2,16,1,4024.3,5,1
11483,2026-07-02 13:42:05+05:30,4023.0,1,4036.6,1511433,149457.0,172280.0,4100.0,4110.0,4012.0,4092.6,25299225,4501.8,3683.4,4440.0,3288.1,4023.1,9,1,4023.0,183,1,4022.7,1,1,4022.5,2,1,4022.4,14,1,4023.9,1,1,4024.0,2,1,4024.1,5,1,4024.2,16,1,4024.3,5,1
11483,2026-07-02 13:42:05+05:30,4023.0,1,4036.6,1511740,149626.0,173091.0,4100.0,4110.0,4012.0,4092.6,25299225,4501.8,3683.4,4440.0,3288.1,4023.0,182,1,4022.4,25,2,4022.3,63,3,4022.2,200,1,4022.1,8,1,4023.1,1,1,4024.2,22,3,4024.3,67,3,4024.4,40,4,4024.5,37,2
11483,2026-07-02 13:42:06+05:30,4023.1,1,4036.6,1511781,149645.0,172489.0,4100.0,4110.0,4012.0,4092.6,25299225,4501.8,3683.4,4440.0,3288.1,4023.1,1,1,4023.0,142,1,4022.4,25,2,4022.3,84,4,4022.2,12,1,4024.2,54,5,4024.3,57,2,4024.4,19,3,4024.5,53,3,4024.6,57,2
11483,2026-07-02 13:42:06+05:30,4023.1,1,4036.6,1511781,149645.0,172489.0,4100.0,4110.0,4012.0,4092.6,25299225,4501.8,3683.4,4440.0,3288.1,4023.1,1,1,4023.0,142,1,4022.4,25,2,4022.3,84,4,4022.2,12,1,4024.2,54,5,4024.3,57,2,4024.4,19,3,4024.5,53,3,4024.6,57,2
11483,2026-07-02 13:42:07+05:30,4023.0,9,4036.6,1511781,149645.0,172489.0,4100.0,4110.0,4012.0,4092.6,25299225,4501.8,3683.4,4440.0,3288.1,4023.1,1,1,4023.0,142,1,4022.4,25,2,4022.3,84,4,4022.2,12,1,4024.2,54,5,4024.3,57,2,4024.4,19,3,4024.5,53,3,4024.6,57,2
11483,2026-07-02 13:42:07+05:30,4023.0,9,4036.6,1511797,149503.0,173134.0,4100.0,4110.0,4012.0,4092.6,25299225,4501.8,3683.4,4440.0,3288.1,4023.0,133,1,4022.4,22,1,4022.3,30,3,4022.2,36,1,4022.1,17,1,4023.1,2,2,4024.0,34,3,4024.1,7,1,4024.2,5,2,4024.3,58,3
11483,2026-07-02 13:42:08+05:30,4023.0,2,4036.6,1511797,149503.0,173134.0,4100.0,4110.0,4012.0,4092.6,25299225,4501.8,3683.4,4440.0,3288.1,4023.0,133,1,4022.4,22,1,4022.3,30,3,4022.2,36,1,4022.1,17,1,4023.1,2,2,4024.0,34,3,4024.1,7,1,4024.2,5,2,4024.3,58,3
11483,2026-07-02 13:42:08+05:30,4023.0,2,4036.6,1511803,149582.0,172694.0,4100.0,4110.0,4012.0,4092.6,25299225,4501.8,3683.4,4440.0,3288.1,4023.0,129,1,4022.4,22,1,4022.3,30,3,4022.2,36,1,4022.1,17,1,4023.1,1,1,4024.0,44,4,4024.1,7,1,4024.2,5,2,4024.3,108,4
11483,2026-07-02 13:42:09+05:30,4024.0,1,4036.6,1511803,149582.0,172694.0,4100.0,4110.0,4012.0,4092.6,25299225,4501.8,3683.4,4440.0,3288.1,4023.0,129,1,4022.4,22,1,4022.3,30,3,4022.2,36,1,4022.1,17,1,4023.1,1,1,4024.0,44,4,4024.1,7,1,4024.2,5,2,4024.3,108,4
11483,2026-07-02 13:42:09+05:30,4023.0,2,4036.6,1511809,149519.0,172497.0,4100.0,4110.0,4012.0,4092.6,25299225,4501.8,3683.4,4440.0,3288.1,4023.0,126,2,4022.4,37,3,4022.3,22,1,4022.2,49,2,4022.1,17,1,4023.9,2,1,4024.0,19,3,4024.1,7,1,4024.2,5,2,4024.3,10,2
11483,2026-07-02 13:42:10+05:30,4023.1,2,4036.6,1511809,149519.0,172497.0,4100.0,4110.0,4012.0,4092.6,25299225,4501.8,3683.4,4440.0,3288.1,4023.0,126,2,4022.4,37,3,4022.3,22,1,4022.2,49,2,4022.1,17,1,4023.9,2,1,4024.0,19,3,4024.1,7,1,4024.2,5,2,4024.3,10,2
11483,2026-07-02 13:42:10+05:30,4023.1,8,4036.6,1511820,149686.0,172642.0,4100.0,4110.0,4012.0,4092.6,25299225,4501.8,3683.4,4440.0,3288.1,4023.0,125,2,4022.4,47,4,4022.3,22,1,4022.2,38,2,4022.1,17,1,4023.1,2,1,4024.2,5,2,4024.3,9,1,4024.4,98,6,4024.5,66,4
11483,2026-07-02 13:42:11+05:30,4023.0,1,4036.6,1511820,149686.0,172642.0,4100.0,4110.0,4012.0,4092.6,25299225,4501.8,3683.4,4440.0,3288.1,4023.0,119,2,4022.4,25,2,4022.3,22,1,4022.2,50,3,4022.1,38,2,4024.0,5,1,4024.1,24,3,4024.2,3,1,4024.4,27,4,4024.5,53,3
11483,2026-07-02 13:42:11+05:30,4023.0,1,4036.6,1511846,149698.0,172566.0,4100.0,4110.0,4012.0,4092.6,25299225,4501.8,3683.4,4440.0,3288.1,4023.0,119,2,4022.4,25,2,4022.3,22,1,4022.2,50,3,4022.1,38,2,4024.0,5,1,4024.1,24,3,4024.2,3,1,4024.4,27,4,4024.5,53,3
11483,2026-07-02 13:42:12+05:30,4023.0,1,4036.6,1511846,149698.0,172566.0,4100.0,4110.0,4012.0,4092.6,25299225,4501.8,3683.4,4440.0,3288.1,4023.0,113,2,4022.4,25,2,4022.3,22,1,4022.2,50,3,4022.1,17,1,4023.9,6,1,4024.0,25,4,4024.1,20,3,4024.2,3,1,4024.3,12,1
11483,2026-07-02 13:42:12+05:30,4023.0,1,4036.6,1511852,149707.0,172552.0,4100.0,4110.0,4012.0,4092.6,25299225,4501.8,3683.4,4440.0,3288.1,4023.0,113,2,4022.4,25,2,4022.3,22,1,4022.2,50,3,4022.1,17,1,4023.9,6,1,4024.0,25,4,4024.1,20,3,4024.2,3,1,4024.3,12,1
11483,2026-07-02 13:42:13+05:30,4023.0,1,4036.6,1511852,149707.0,172552.0,4100.0,4110.0,4012.0,4092.6,25299225,4501.8,3683.4,4440.0,3288.1,4023.0,99,2,4022.0,556,3,4021.9,49,2,4021.8,62,1,4021.7,21,1,4023.6,30,5,4023.7,23,4,4023.8,8,2,4023.9,63,5,4024.0,20,4
11483,2026-07-02 13:42:13+05:30,4023.0,1,4036.6,1511866,149567.0,172832.0,4100.0,4110.0,4012.0,4092.6,25299225,4501.8,3683.4,4440.0,3288.1,4023.0,99,2,4022.0,556,3,4021.9,49,2,4021.8,62,1,4021.7,21,1,4023.6,30,5,4023.7,23,4,4023.8,8,2,4023.9,63,5,4024.0,20,4
11483,2026-07-02 13:42:14+05:30,4023.6,1,4036.6,1511866,149567.0,172832.0,4100.0,4110.0,4012.0,4092.6,25299225,4501.8,3683.4,4440.0,3288.1,4023.0,99,2,4022.0,556,3,4021.9,49,2,4021.8,62,1,4021.7,21,1,4023.6,30,5,4023.7,23,4,4023.8,8,2,4023.9,63,5,4024.0,20,4
11483,2026-07-02 13:42:14+05:30,4023.6,1,4036.6,1511870,149562.0,172778.0,4100.0,4110.0,4012.0,4092.6,25299225,4501.8,3683.4,4440.0,3288.1,4023.0,95,1,4022.0,556,3,4021.9,49,2,4021.8,62,1,4021.7,21,1,4023.5,4,1,4023.6,24,4,4023.7,16,3,4023.8,17,3,4023.9,73,6
11483,2026-07-02 13:42:15+05:30,4023.0,2,4036.6,1511870,149562.0,172778.0,4100.0,4110.0,4012.0,4092.6,25299225,4501.8,3683.4,4440.0,3288.1,4023.0,95,1,4022.0,556,3,4021.9,49,2,4021.8,62,1,4021.7,21,1,4023.5,4,1,4023.6,24,4,4023.7,16,3,4023.8,17,3,4023.9,73,6
11483,2026-07-02 13:42:15+05:30,4023.0,2,4036.6,1511876,149599.0,173150.0,4100.0,4110.0,4012.0,4092.6,25299225,4501.8,3683.4,4440.0,3288.1,4023.0,91,1,4022.1,3,1,4022.0,553,2,4021.9,49,2,4021.8,62,1,4023.6,13,2,4023.7,16,3,4023.8,17,3,4023.9,73,6,4024.0,14,2
11483,2026-07-02 13:42:15+05:30,4023.0,2,4036.6,1511876,149599.0,173150.0,4100.0,4110.0,4012.0,4092.6,25299225,4501.8,3683.4,4440.0,3288.1,4023.0,91,1,4022.1,3,1,4022.0,553,2,4021.9,49,2,4021.8,62,1,4023.6,13,2,4023.7,16,3,4023.8,17,3,4023.9,73,6,4024.0,14,2
11483,2026-07-02 13:42:16+05:30,4023.8,2,4036.6,1511876,149599.0,173150.0,4100.0,4110.0,4012.0,4092.6,25299225,4501.8,3683.4,4440.0,3288.1,4023.0,91,1,4022.1,3,1,4022.0,553,2,4021.9,49,2,4021.8,62,1,4023.6,13,2,4023.7,16,3,4023.8,17,3,4023.9,73,6,4024.0,14,2
11483,2026-07-02 13:42:16+05:30,4023.8,2,4036.6,1511898,149398.0,172831.0,4100.0,4110.0,4012.0,4092.6,25299225,4501.8,3683.4,4440.0,3288.1,4023.5,1,1,4023.0,89,1,4022.2,12,1,4022.1,5,1,4022.0,556,3,4023.8,35,3,4023.9,29,3,4024.0,20,3,4024.1,27,3,4024.2,26,3
11483,2026-07-02 13:42:16+05:30,4023.8,2,4036.6,1511898,149398.0,172831.0,4100.0,4110.0,4012.0,4092.6,25299225,4501.8,3683.4,4440.0,3288.1,4023.5,1,1,4023.0,89,1,4022.2,12,1,4022.1,5,1,4022.0,556,3,4023.8,35,3,4023.9,29,3,4024.0,20,3,4024.1,27,3,4024.2,26,3
11483,2026-07-02 13:42:17+05:30,4023.8,5,4036.6,1511898,149398.0,172831.0,4100.0,4110.0,4012.0,4092.6,25299225,4501.8,3683.4,4440.0,3288.1,4023.0,88,1,4022.2,12,1,4022.1,39,2,4022.0,553,2,4021.9,34,2,4023.5,1,1,4023.8,21,2,4023.9,37,4,4024.0,20,3,4024.1,27,3
11483,2026-07-02 13:42:17+05:30,4023.8,5,4036.6,1511925,149299.0,172682.0,4100.0,4110.0,4012.0,4092.6,25299225,4501.8,3683.4,4440.0,3288.1,4023.0,88,1,4022.2,12,1,4022.1,39,2,4022.0,553,2,4021.9,34,2,4023.5,1,1,4023.8,21,2,4023.9,37,4,4024.0,20,3,4024.1,27,3
11483,2026-07-02 13:42:17+05:30,4023.8,5,4036.6,1511925,149299.0,172682.0,4100.0,4110.0,4012.0,4092.6,25299225,4501.8,3683.4,4440.0,3288.1,4023.0,88,1,4022.2,12,1,4022.1,39,2,4022.0,553,2,4021.9,34,2,4023.5,1,1,4023.8,21,2,4023.9,37,4,4024.0,20,3,4024.1,27,3
11483,2026-07-02 13:42:18+05:30,4023.0,1,4036.6,1511925,149299.0,172682.0,4100.0,4110.0,4012.0,4092.6,25299225,4501.8,3683.4,4440.0,3288.1,4023.0,88,1,4022.2,12,1,4022.1,39,2,4022.0,553,2,4021.9,34,2,4023.5,1,1,4023.8,21,2,4023.9,37,4,4024.0,20,3,4024.1,27,3
11483,2026-07-02 13:42:18+05:30,4023.0,1,4036.6,1511932,149199.0,172682.0,4100.0,4110.0,4012.0,4092.6,25299225,4501.8,3683.4,4440.0,3288.1,4023.0,81,1,4022.2,12,1,4022.1,39,2,4022.0,553,2,4021.9,34,2,4023.5,1,1,4023.8,21,2,4023.9,37,4,4024.0,20,3,4024.1,27,3
11483,2026-07-02 13:42:18+05:30,4023.0,1,4036.6,1511932,149199.0,172682.0,4100.0,4110.0,4012.0,4092.6,25299225,4501.8,3683.4,4440.0,3288.1,4023.0,81,1,4022.2,12,1,4022.1,39,2,4022.0,553,2,4021.9,34,2,4023.5,1,1,4023.8,21,2,4023.9,37,4,4024.0,20,3,4024.1,27,3
11483,2026-07-02 13:42:19+05:30,4023.0,1,4036.6,1511932,149199.0,172682.0,4100.0,4110.0,4012.0,4092.6,25299225,4501.8,3683.4,4440.0,3288.1,4023.0,81,1,4022.2,12,1,4022.1,39,2,4022.0,553,2,4021.9,34,2,4023.5,1,1,4023.8,21,2,4023.9,37,4,4024.0,20,3,4024.1,27,3
11483,2026-07-02 13:42:19+05:30,4023.0,1,4036.6,1511932,149199.0,172682.0,4100.0,4110.0,4012.0,4092.6,25299225,4501.8,3683.4,4440.0,3288.1,4023.0,81,1,4022.2,12,1,4022.1,39,2,4022.0,553,2,4021.9,34,2,4023.5,1,1,4023.8,21,2,4023.9,37,4,4024.0,20,3,4024.1,27,3
11483,2026-07-02 13:42:19+05:30,4023.0,1,4036.6,1511935,149202.0,172687.0,4100.0,4110.0,4012.0,4092.6,25299225,4501.8,3683.4,4440.0,3288.1,4023.2,1,1,4023.0,78,1,4022.2,12,1,4022.1,39,2,4022.0,553,2,4023.5,1,1,4023.8,21,2,4023.9,37,4,4024.0,20,3,4024.1,27,3
11483,2026-07-02 13:42:19+05:30,4023.0,1,4036.6,1511935,149202.0,172687.0,4100.0,4110.0,4012.0,4092.6,25299225,4501.8,3683.4,4440.0,3288.1,4023.2,1,1,4023.0,78,1,4022.2,12,1,4022.1,39,2,4022.0,553,2,4023.5,1,1,4023.8,21,2,4023.9,37,4,4024.0,20,3,4024.1,27,3
11483,2026-07-02 13:42:20+05:30,4023.0,1,4036.6,1511935,149202.0,172687.0,4100.0,4110.0,4012.0,4092.6,25302725,4501.8,3683.4,4440.0,3288.1,4023.2,1,1,4023.0,78,1,4022.2,12,1,4022.1,39,2,4022.0,553,2,4023.5,1,1,4023.8,21,2,4023.9,37,4,4024.0,20,3,4024.1,27,3
11483,2026-07-02 13:42:20+05:30,4023.5,1,4036.6,1511935,149202.0,172687.0,4100.0,4110.0,4012.0,4092.6,25302725,4501.8,3683.4,4440.0,3288.1,4023.2,1,1,4023.0,78,1,4022.2,12,1,4022.1,39,2,4022.0,553,2,4023.5,1,1,4023.8,21,2,4023.9,37,4,4024.0,20,3,4024.1,27,3
11483,2026-07-02 13:42:20+05:30,4023.5,1,4036.6,1511941,149191.0,175055.0,4100.0,4110.0,4012.0,4092.6,25302725,4501.8,3683.4,4440.0,3288.1,4023.5,7,1,4023.0,77,1,4022.2,14,2,4022.1,16,2,4022.0,553,2,4023.9,49,4,4024.0,15,2,4024.1,27,3,4024.2,76,4,4024.3,4,2
11483,2026-07-02 13:42:20+05:30,4023.5,1,4036.6,1511941,149191.0,175055.0,4100.0,4110.0,4012.0,4092.6,25302725,4501.8,3683.4,4440.0,3288.1,4023.5,7,1,4023.0,77,1,4022.2,14,2,4022.1,16,2,4022.0,553,2,4023.9,49,4,4024.0,15,2,4024.1,27,3,4024.2,76,4,4024.3,4,2
11483,2026-07-02 13:42:21+05:30,4023.5,4,4036.6,1511941,149191.0,175055.0,4100.0,4110.0,4012.0,4092.6,25302725,4501.8,3683.4,4440.0,3288.1,4023.5,7,1,4023.0,77,1,4022.2,14,2,4022.1,16,2,4022.0,553,2,4023.9,49,4,4024.0,15,2,4024.1,27,3,4024.2,76,4,4024.3,4,2
11483,2026-07-02 13:42:21+05:30,4023.5,4,4036.6,1511941,149191.0,175055.0,4100.0,4110.0,4012.0,4092.6,25302725,4501.8,3683.4,4440.0,3288.1,4023.5,7,1,4023.0,77,1,4022.2,14,2,4022.1,16,2,4022.0,553,2,4023.9,49,4,4024.0,15,2,4024.1,27,3,4024.2,76,4,4024.3,4,2
11483,2026-07-02 13:42:21+05:30,4023.5,4,4036.6,1511952,148941.0,176373.0,4100.0,4110.0,4012.0,4092.6,25302725,4501.8,3683.4,4440.0,3288.1,4023.0,77,1,4022.0,553,2,4021.9,13,1,4021.8,62,1,4021.6,18,2,4023.5,21,5,4023.6,700,2,4023.7,15,2,4023.8,24,3,4023.9,41,4
11483,2026-07-02 13:42:21+05:30,4023.5,4,4036.6,1511952,148941.0,176373.0,4100.0,4110.0,4012.0,4092.6,25302725,4501.8,3683.4,4440.0,3288.1,4023.0,77,1,4022.0,553,2,4021.9,13,1,4021.8,62,1,4021.6,18,2,4023.5,21,5,4023.6,700,2,4023.7,15,2,4023.8,24,3,4023.9,41,4
11483,2026-07-02 13:42:22+05:30,4023.0,1,4036.6,1511952,148941.0,176373.0,4100.0,4110.0,4012.0,4092.6,25302725,4501.8,3683.4,4440.0,3288.1,4023.0,77,1,4022.0,553,2,4021.9,13,1,4021.8,62,1,4021.6,18,2,4023.5,21,5,4023.6,700,2,4023.7,15,2,4023.8,24,3,4023.9,41,4
11483,2026-07-02 13:42:22+05:30,4023.0,1,4036.6,1511952,148941.0,176373.0,4100.0,4110.0,4012.0,4092.6,25302725,4501.8,3683.4,4440.0,3288.1,4023.0,77,1,4022.0,553,2,4021.9,13,1,4021.8,62,1,4021.6,18,2,4023.5,21,5,4023.6,700,2,4023.7,15,2,4023.8,24,3,4023.9,41,4
11483,2026-07-02 13:42:22+05:30,4023.0,1,4036.6,1511955,149070.0,175672.0,4100.0,4110.0,4012.0,4092.6,25302725,4501.8,3683.4,4440.0,3288.1,4023.0,176,3,4022.0,556,3,4021.9,49,2,4021.8,62,1,4021.7,21,1,4023.5,18,4,4023.7,15,2,4023.8,24,3,4023.9,40,3,4024.0,5,2
11483,2026-07-02 13:42:23+05:30,4023.0,1,4036.6,1511955,149070.0,175672.0,4100.0,4110.0,4012.0,4092.6,25302725,4501.8,3683.4,4440.0,3288.1,4023.0,176,3,4022.0,556,3,4021.9,49,2,4021.8,62,1,4021.7,21,1,4023.5,18,4,4023.7,15,2,4023.8,24,3,4023.9,40,3,4024.0,5,2
11483,2026-07-02 13:42:23+05:30,4023.0,1,4036.6,1511956,149056.0,175691.0,4100.0,4110.0,4012.0,4092.6,25302725,4501.8,3683.4,4440.0,3288.1,4023.0,175,3,4022.0,553,2,4021.9,52,3,4021.8,62,1,4021.7,21,1,4023.5,19,5,4023.7,20,2,4023.8,24,3,4023.9,40,3,4024.0,5,2
11483,2026-07-02 13:42:24+05:30,4023.5,1,4036.6,1511956,149056.0,175691.0,4100.0,4110.0,4012.0,4092.6,25302725,4501.8,3683.4,4440.0,3288.1,4023.0,175,3,4022.0,553,2,4021.9,52,3,4021.8,62,1,4021.7,21,1,4023.5,19,5,4023.7,20,2,4023.8,24,3,4023.9,40,3,4024.0,5,2
11483,2026-07-02 13:42:24+05:30,4023.5,1,4036.6,1511959,149136.0,175711.0,4100.0,4110.0,4012.0,4092.6,25302725,4501.8,3683.4,4440.0,3288.1,4023.0,174,3,4022.0,556,3,4021.9,49,2,4021.8,62,1,4021.7,21,1,4023.5,17,5,4023.6,13,1,4023.7,13,1,4023.8,10,2,4023.9,40,3
11483,2026-07-02 13:42:25+05:30,4023.6,33,4036.6,1511959,149136.0,175711.0,4100.0,4110.0,4012.0,4092.6,25302725,4501.8,3683.4,4440.0,3288.1,4023.0,174,3,4022.0,556,3,4021.9,49,2,4021.8,62,1,4021.7,21,1,4023.5,17,5,4023.6,13,1,4023.7,13,1,4023.8,10,2,4023.9,40,3
11483,2026-07-02 13:42:25+05:30,4023.6,33,4036.6,1512011,149161.0,175872.0,4100.0,4110.0,4012.0,4092.6,25302725,4501.8,3683.4,4440.0,3288.1,4023.1,8,1,4023.0,172,3,4022.1,3,1,4022.0,553,2,4021.9,49,2,4023.7,27,2,4023.8,10,2,4023.9,25,2,4024.0,13,1,4024.1,29,4
11483,2026-07-02 13:42:26+05:30,4023.7,7,4036.6,1512011,149161.0,175872.0,4100.0,4110.0,4012.0,4092.6,25302725,4501.8,3683.4,4440.0,3288.1,4023.1,8,1,4023.0,172,3,4022.1,3,1,4022.0,553,2,4021.9,49,2,4023.7,27,2,4023.8,10,2,4023.9,25,2,4024.0,13,1,4024.1,29,4
11483,2026-07-02 13:42:26+05:30,4023.7,7,4036.6,1512027,149217.0,175868.0,4100.0,4110.0,4012.0,4092.6,25302725,4501.8,3683.4,4440.0,3288.1,4023.1,8,1,4023.0,172,3,4022.1,22,2,4022.0,553,2,4021.9,49,2,4023.7,19,2,4023.8,10,2,4023.9,25,2,4024.0,13,1,4024.1,29,4
11483,2026-07-02 13:42:27+05:30,4023.7,1,4036.6,1512027,149217.0,175868.0,4100.0,4110.0,4012.0,4092.6,25302725,4501.8,3683.4,4440.0,3288.1,4023.1,8,1,4023.0,172,3,4022.1,22,2,4022.0,553,2,4021.9,49,2,4023.7,19,2,4023.8,10,2,4023.9,25,2,4024.0,13,1,4024.1,29,4
11483,2026-07-02 13:42:27+05:30,4023.7,1,4036.6,1512032,149238.0,175862.0,4100.0,4110.0,4012.0,4092.6,25302725,4501.8,3683.4,4440.0,3288.1,4023.1,4,1,4023.0,172,3,4022.1,22,2,4022.0,553,2,4021.9,49,2,4023.7,18,2,4023.8,5,1,4023.9,25,2,4024.0,13,1,4024.1,29,4
11483,2026-07-02 13:42:28+05:30,4023.7,1,4036.6,1512032,149238.0,175862.0,4100.0,4110.0,4012.0,4092.6,25302725,4501.8,3683.4,4440.0,3288.1,4023.1,4,1,4023.0,172,3,4022.1,22,2,4022.0,553,2,4021.9,49,2,4023.7,18,2,4023.8,5,1,4023.9,25,2,4024.0,13,1,4024.1,29,4
11483,2026-07-02 13:42:28+05:30,4023.7,40,4036.6,1512098,149060.0,175878.0,4100.0,4110.0,4012.0,4092.6,25302725,4501.8,3683.4,4440.0,3288.1,4023.7,4,1,4023.0,172,3,4022.2,15,2,4022.1,18,1,4022.0,553,2,4023.9,40,4,4024.0,13,1,4024.1,15,2,4024.2,71,4,4024.3,8,2
11483,2026-07-02 13:42:29+05:30,4023.9,1,4036.6,1512098,149060.0,175878.0,4100.0,4110.0,4012.0,4092.6,25302725,4501.8,3683.4,4440.0,3288.1,4023.7,4,1,4023.0,172,3,4022.2,15,2,4022.1,18,1,4022.0,553,2,4023.9,40,4,4024.0,13,1,4024.1,15,2,4024.2,71,4,4024.3,8,2
11483,2026-07-02 13:42:29+05:30,4023.9,1,4036.6,1512111,149245.0,176141.0,4100.0,4110.0,4012.0,4092.6,25302725,4501.8,3683.4,4440.0,3288.1,4023.4,1,1,4023.0,272,4,4022.2,51,3,4022.1,4,1,4022.0,556,3,4023.9,30,3,4024.0,28,2,4024.1,17,3,4024.2,69,3,4024.3,8,2
11483,2026-07-02 13:42:30+05:30,4023.4,1,4036.6,1512111,149245.0,176141.0,4100.0,4110.0,4012.0,4092.6,25302725,4501.8,3683.4,4440.0,3288.1,4023.4,1,1,4023.0,272,4,4022.2,51,3,4022.1,4,1,4022.0,556,3,4023.9,30,3,4024.0,28,2,4024.1,17,3,4024.2,69,3,4024.3,8,2
11483,2026-07-02 13:42:30+05:30,4023.4,1,4036.6,1512113,149229.0,176464.0,4100.0,4110.0,4012.0,4092.6,25302725,4501.8,3683.4,4440.0,3288.1,4023.0,272,4,4022.2,38,2,4022.1,7,2,4022.0,553,2,4021.9,49,2,4023.9,30,3,4024.0,28,2,4024.1,49,4,4024.2,69,3,4024.3,108,5
11483,2026-07-02 13:42:31+05:30,4023.9,1,4036.6,1512113,149229.0,176464.0,4100.0,4110.0,4012.0,4092.6,25302725,4501.8,3683.4,4440.0,3288.1,4023.0,272,4,4022.2,38,2,4022.1,7,2,4022.0,553,2,4021.9,49,2,4023.9,30,3,4024.0,28,2,4024.1,49,4,4024.2,69,3,4024.3,108,5
11483,2026-07-02 13:42:31+05:30,4023.9,1,4036.59,1512120,149235.0,176209.0,4100.0,4110.0,4012.0,4092.6,25302725,4501.8,3683.4,4440.0,3288.1,4023.0,272,4,4022.2,38,2,4022.1,7,2,4022.0,553,2,4021.9,49,2,4023.9,23,3,4024.0,28,2,4024.1,49,4,4024.2,69,3,4024.3,108,5
11483,2026-07-02 13:42:32+05:30,4023.9,1,4036.59,1512120,149235.0,176209.0,4100.0,4110.0,4012.0,4092.6,25302725,4501.8,3683.4,4440.0,3288.1,4023.0,272,4,4022.2,38,2,4022.1,7,2,4022.0,553,2,4021.9,49,2,4023.9,23,3,4024.0,28,2,4024.1,49,4,4024.2,69,3,4024.3,108,5
11483,2026-07-02 13:42:32+05:30,4023.9,2,4036.59,1512124,149242.0,176156.0,4100.0,4110.0,4012.0,4092.6,25302725,4501.8,3683.4,4440.0,3288.1,4023.0,271,4,4022.2,49,3,4022.1,3,1,4022.0,553,2,4021.9,49,2,4023.9,21,4,4024.0,28,2,4024.1,49,4,4024.2,69,3,4024.3,108,5
11483,2026-07-02 13:42:33+05:30,4023.9,1,4036.59,1512124,149242.0,176156.0,4100.0,4110.0,4012.0,4092.6,25302725,4501.8,3683.4,4440.0,3288.1,4023.0,271,4,4022.2,49,3,4022.1,3,1,4022.0,553,2,4021.9,49,2,4023.9,21,4,4024.0,28,2,4024.1,49,4,4024.2,69,3,4024.3,108,5
11483,2026-07-02 13:42:33+05:30,4023.9,1,4036.59,1512126,149269.0,176155.0,4100.0,4110.0,4012.0,4092.6,25302725,4501.8,3683.4,4440.0,3288.1,4023.0,270,4,4022.2,49,3,4022.1,20,2,4022.0,553,2,4021.9,49,2,4023.9,20,4,4024.0,28,2,4024.1,49,4,4024.2,69,3,4024.3,108,5
11483,2026-07-02 13:42:34+05:30,4023.9,1,4036.59,1512126,149269.0,176155.0,4100.0,4110.0,4012.0,4092.6,25302725,4501.8,3683.4,4440.0,3288.1,4023.0,270,4,4022.2,49,3,4022.1,20,2,4022.0,553,2,4021.9,49,2,4023.9,20,4,4024.0,28,2,4024.1,49,4,4024.2,69,3,4024.3,108,5
11483,2026-07-02 13:42:34+05:30,4023.9,1,4036.59,1512138,149254.0,176175.0,4100.0,4110.0,4012.0,4092.6,25302725,4501.8,3683.4,4440.0,3288.1,4023.0,259,4,4022.2,38,2,4022.1,20,2,4022.0,553,2,4021.9,49,2,4023.9,22,5,4024.0,28,2,4024.1,49,4,4024.2,69,3,4024.3,108,5
11483,2026-07-02 13:42:35+05:30,4023.0,19,4036.59,1512317,148830.0,176011.0,4100.0,4110.0,4012.0,4092.6,25302725,4501.8,3683.4,4440.0,3288.1,4023.0,81,1,4022.1,17,1,4022.0,553,2,4021.9,52,3,4021.8,62,1,4023.8,3,1,4023.9,25,5,4024.0,28,2,4024.1,47,3,4024.2,71,4
11483,2026-07-02 13:42:35+05:30,4023.0,21,4036.59,1512317,148830.0,176011.0,4100.0,4110.0,4012.0,4092.6,25302725,4501.8,3683.4,4440.0,3288.1,4023.0,81,1,4022.1,17,1,4022.0,553,2,4021.9,52,3,4021.8,62,1,4023.8,3,1,4023.9,25,5,4024.0,28,2,4024.1,47,3,4024.2,71,4
11483,2026-07-02 13:42:36+05:30,4023.7,4,4036.59,1512317,148830.0,176011.0,4100.0,4110.0,4012.0,4092.6,25302725,4501.8,3683.4,4440.0,3288.1,4023.0,81,1,4022.1,17,1,4022.0,553,2,4021.9,52,3,4021.8,62,1,4023.8,3,1,4023.9,25,5,4024.0,28,2,4024.1,47,3,4024.2,71,4
11483,2026-07-02 13:42:36+05:30,4023.7,4,4036.59,1512345,148923.0,176013.0,4100.0,4110.0,4012.0,4092.6,25302725,4501.8,3683.4,4440.0,3288.1,4023.0,60,1,4022.1,35,2,4022.0,553,2,4021.9,49,2,4021.8,62,1,4023.8,15,3,4023.9,15,4,4024.0,28,2,4024.1,47,3,4024.2,71,4
11483,2026-07-02 13:42:37+05:30,4023.7,1,4036.59,1512351,148935.0,176022.0,4100.0,4110.0,4012.0,4092.6,25302725,4501.8,3683.4,4440.0,3288.1,4023.0,56,1,4022.1,17,1,4022.0,553,2,4021.9,52,3,4021.8,62,1,4023.7,21,4,4023.8,3,1,4023.9,15,4,4024.0,28,2,4024.1,47,3
11483,2026-07-02 13:42:37+05:30,4023.7,1,4036.59,1512351,148935.0,176022.0,4100.0,4110.0,4012.0,4092.6,25302725,4501.8,3683.4,4440.0,3288.1,4023.0,56,1,4022.1,17,1,4022.0,553,2,4021.9,52,3,4021.8,62,1,4023.7,21,4,4023.8,3,1,4023.9,15,4,4024.0,28,2,4024.1,47,3
11483,2026-07-02 13:42:38+05:30,4023.7,1,4036.59,1512351,149023.0,175860.0,4100.0,4110.0,4012.0,4092.6,25302725,4501.8,3683.4,4440.0,3288.1,4023.0,58,2,4022.2,36,1,4022.1,35,2,4022.0,553,2,4021.9,49,2,4023.7,20,5,4023.8,3,1,4023.9,15,4,4024.0,58,3,4024.1,47,3
11483,2026-07-02 13:42:39+05:30,4023.9,2,4036.59,1512391,148934.0,176453.0,4100.0,4110.0,4012.0,4092.6,25302725,4501.8,3683.4,4440.0,3288.1,4023.6,1,1,4023.4,19,1,4023.0,58,2,4022.2,49,2,4022.1,9,1,4023.8,713,3,4023.9,10,3,4024.0,72,6,4024.1,38,3,4024.2,69,3
11483,2026-07-02 13:42:39+05:30,4023.6,1,4036.59,1512391,148934.0,176453.0,4100.0,4110.0,4012.0,4092.6,25302725,4501.8,3683.4,4440.0,3288.1,4023.6,1,1,4023.4,19,1,4023.0,58,2,4022.2,49,2,4022.1,9,1,4023.8,713,3,4023.9,10,3,4024.0,72,6,4024.1,38,3,4024.2,69,3
11483,2026-07-02 13:42:40+05:30,4023.6,1,4036.59,1512392,148909.0,176362.0,4100.0,4110.0,4012.0,4092.6,25302725,4501.8,3683.4,4440.0,3288.1,4023.4,19,1,4023.0,59,3,4022.2,36,1,4022.1,9,1,4022.0,553,2,4023.5,713,3,4023.6,1,1,4023.7,1,1,4023.9,25,5,4024.0,70,5
11483,2026-07-02 13:42:40+05:30,4023.4,19,4036.59,1512392,148909.0,176362.0,4100.0,4110.0,4012.0,4092.6,25302725,4501.8,3683.4,4440.0,3288.1,4023.4,19,1,4023.0,59,3,4022.2,36,1,4022.1,9,1,4022.0,553,2,4023.5,713,3,4023.6,1,1,4023.7,1,1,4023.9,25,5,4024.0,70,5
11483,2026-07-02 13:42:41+05:30,4023.0,13,4036.59,1512483,148675.0,175918.0,4100.0,4110.0,4012.0,4092.6,25302725,4501.8,3683.4,4440.0,3288.1,4022.2,26,4,4022.1,15,3,4022.0,553,2,4021.9,61,3,4021.8,27,2,4023.1,84,1,4023.6,1,1,4023.7,12,2,4023.9,19,2,4024.0,45,2
11483,2026-07-02 13:42:41+05:30,4022.2,2,4036.59,1512483,148675.0,175918.0,4100.0,4110.0,4012.0,4092.6,25302725,4501.8,3683.4,4440.0,3288.1,4022.2,26,4,4022.1,15,3,4022.0,553,2,4021.9,61,3,4021.8,27,2,4023.1,84,1,4023.6,1,1,4023.7,12,2,4023.9,19,2,4024.0,45,2
11483,2026-07-02 13:42:42+05:30,4022.2,7,4036.59,1512509,154496.0,175779.0,4100.0,4110.0,4012.0,4092.6,25302725,4501.8,3683.4,4440.0,3288.1,4022.2,15,2,4022.1,3,1,4022.0,553,2,4021.9,61,3,4021.8,27,2,4023.0,84,1,4023.6,1,1,4023.7,12,2,4023.9,35,3,4024.0,59,3
11483,2026-07-02 13:42:42+05:30,4022.2,3,4036.59,1512509,154496.0,175779.0,4100.0,4110.0,4012.0,4092.6,25302725,4501.8,3683.4,4440.0,3288.1,4022.2,15,2,4022.1,3,1,4022.0,553,2,4021.9,61,3,4021.8,27,2,4023.0,84,1,4023.6,1,1,4023.7,12,2,4023.9,35,3,4024.0,59,3
11483,2026-07-02 13:42:43+05:30,4022.2,4,4036.59,1512516,154231.0,175737.0,4100.0,4110.0,4012.0,4092.6,25302725,4501.8,3683.4,4440.0,3288.1,4022.2,36,4,4022.1,3,1,4022.0,553,2,4021.9,61,3,4021.8,27,2,4023.0,84,1,4023.6,14,2,4023.7,12,2,4023.9,35,3,4024.0,45,2
11483,2026-07-02 13:42:43+05:30,4022.2,4,4036.59,1512516,154231.0,175737.0,4100.0,4110.0,4012.0,4092.6,25302725,4501.8,3683.4,4440.0,3288.1,4022.2,36,4,4022.1,3,1,4022.0,553,2,4021.9,61,3,4021.8,27,2,4023.0,84,1,4023.6,14,2,4023.7,12,2,4023.9,35,3,4024.0,45,2
11483,2026-07-02 13:42:44+05:30,4022.3,1,4036.59,1512669,154352.0,175758.0,4100.0,4110.0,4012.0,4092.6,25302725,4501.8,3683.4,4440.0,3288.1,4022.3,21,4,4022.2,38,4,4022.1,10,2,4022.0,591,3,4021.9,61,3,4023.6,13,1,4023.7,12,2,4023.9,5,1,4024.0,45,2,4024.1,34,2
11483,2026-07-02 13:42:44+05:30,4022.3,9,4036.59,1512669,154352.0,175758.0,4100.0,4110.0,4012.0,4092.6,25302725,4501.8,3683.4,4440.0,3288.1,4022.3,21,4,4022.2,38,4,4022.1,10,2,4022.0,591,3,4021.9,61,3,4023.6,13,1,4023.7,12,2,4023.9,5,1,4024.0,45,2,4024.1,34,2
11483,2026-07-02 13:42:45+05:30,4022.5,3,4036.59,1512693,154396.0,175816.0,4100.0,4110.0,4012.0,4092.6,25302725,4501.8,3683.4,4440.0,3288.1,4022.5,22,3,4022.4,5,2,4022.3,30,4,4022.2,42,4,4022.1,48,3,4023.6,13,1,4023.7,12,2,4023.9,5,1,4024.0,45,2,4024.1,34,2
11483,2026-07-02 13:42:45+05:30,4023.6,1,4036.59,1512693,154396.0,175816.0,4100.0,4110.0,4012.0,4092.6,25302725,4501.8,3683.4,4440.0,3288.1,4022.5,22,3,4022.4,5,2,4022.3,30,4,4022.2,42,4,4022.1,48,3,4023.6,13,1,4023.7,12,2,4023.9,5,1,4024.0,45,2,4024.1,34,2
11483,2026-07-02 13:42:46+05:30,4022.6,1,4036.59,1512715,154432.0,176271.0,4100.0,4110.0,4012.0,4092.6,25302725,4501.8,3683.4,4440.0,3288.1,4022.6,19,2,4022.5,14,2,4022.4,5,2,4022.3,20,3,4022.2,45,5,4023.6,10,1,4023.7,11,1,4023.9,5,1,4024.0,30,1,4024.1,34,2
11483,2026-07-02 13:42:46+05:30,4023.6,7,4036.59,1512715,154432.0,176271.0,4100.0,4110.0,4012.0,4092.6,25302725,4501.8,3683.4,4440.0,3288.1,4022.6,19,2,4022.5,14,2,4022.4,5,2,4022.3,20,3,4022.2,45,5,4023.6,10,1,4023.7,11,1,4023.9,5,1,4024.0,30,1,4024.1,34,2
11483,2026-07-02 13:42:47+05:30,4023.6,2,4036.59,1512728,154448.0,176278.0,4100.0,4110.0,4012.0,4092.6,25302725,4501.8,3683.4,4440.0,3288.1,4022.6,9,1,4022.5,11,1,4022.4,2,1,4022.3,20,3,4022.2,45,5,4023.6,3,2,4023.7,11,1,4023.9,5,1,4024.0,30,1,4024.1,34,2
11483,2026-07-02 13:42:47+05:30,4022.6,2,4036.59,1512728,154448.0,176278.0,4100.0,4110.0,4012.0,4092.6,25302725,4501.8,3683.4,4440.0,3288.1,4022.6,9,1,4022.5,11,1,4022.4,2,1,4022.3,20,3,4022.2,45,5,4023.6,3,2,4023.7,11,1,4023.9,5,1,4024.0,30,1,4024.1,34,2
11483,2026-07-02 13:42:48+05:30,4023.6,1,4036.59,1512732,154422.0,176311.0,4100.0,4110.0,4012.0,4092.6,25302725,4501.8,3683.4,4440.0,3288.1,4022.6,6,1,4022.5,11,1,4022.4,2,1,4022.3,5,2,4022.2,28,3,4023.6,15,2,4023.7,11,1,4023.8,25,1,4023.9,33,2,4024.0,46,2
11483,2026-07-02 13:42:48+05:30,4023.6,1,4036.59,1512732,154422.0,176311.0,4100.0,4110.0,4012.0,4092.6,25302725,4501.8,3683.4,4440.0,3288.1,4022.6,6,1,4022.5,11,1,4022.4,2,1,4022.3,5,2,4022.2,28,3,4023.6,15,2,4023.7,11,1,4023.8,25,1,4023.9,33,2,4024.0,46,2
11483,2026-07-02 13:42:48+05:30,4023.6,1,4036.59,1512733,154371.0,176403.0,4100.0,4110.0,4012.0,4092.6,25302725,4501.8,3683.4,4440.0,3288.1,4022.6,6,1,4022.4,2,1,4022.3,2,1,4022.2,25,2,4022.1,25,2,4023.6,14,2,4023.7,11,1,4023.8,25,1,4023.9,33,2,4024.0,70,4
11483,2026-07-02 13:42:49+05:30,4023.6,3,4036.59,1512733,154371.0,176403.0,4100.0,4110.0,4012.0,4092.6,25302725,4501.8,3683.4,4440.0,3288.1,4022.6,6,1,4022.4,2,1,4022.3,2,1,4022.2,25,2,4022.1,25,2,4023.6,14,2,4023.7,11,1,4023.8,25,1,4023.9,33,2,4024.0,70,4
11483,2026-07-02 13:42:49+05:30,4023.8,14,4036.59,1512794,154164.0,176819.0,4100.0,4110.0,4012.0,4092.6,25302725,4501.8,3683.4,4440.0,3288.1,4022.3,2,1,4022.2,37,2,4022.1,9,2,4022.0,570,4,4021.9,70,4,4023.5,700,2,4023.6,11,1,4023.8,11,1,4023.9,50,3,4024.0,44,4
11483,2026-07-02 13:42:50+05:30,4022.3,1,4036.59,1512794,154164.0,176819.0,4100.0,4110.0,4012.0,4092.6,25302725,4501.8,3683.4,4440.0,3288.1,4022.3,2,1,4022.2,37,2,4022.1,9,2,4022.0,570,4,4021.9,70,4,4023.5,700,2,4023.6,11,1,4023.8,11,1,4023.9,50,3,4024.0,44,4
11483,2026-07-02 13:42:51+05:30,4022.3,1,4036.59,1512801,154328.0,175353.0,4100.0,4110.0,4012.0,4092.6,25302725,4501.8,3683.4,4440.0,3288.1,4022.4,1,1,4022.3,36,2,4022.2,46,3,4022.1,41,2,4022.0,589,6,4023.6,11,1,4023.8,11,1,4023.9,33,2,4024.0,30,1,4024.1,34,2
11483,2026-07-02 13:42:51+05:30,4022.4,1,4036.59,1512801,154328.0,175353.0,4100.0,4110.0,4012.0,4092.6,25302725,4501.8,3683.4,4440.0,3288.1,4022.4,1,1,4022.3,36,2,4022.2,46,3,4022.1,41,2,4022.0,589,6,4023.6,11,1,4023.8,11,1,4023.9,33,2,4024.0,30,1,4024.1,34,2
11483,2026-07-02 13:42:51+05:30,4023.6,1,4036.59,1512803,148998.0,175393.0,4100.0,4110.0,4012.0,4092.6,25302725,4501.8,3683.4,4440.0,3288.1,4022.3,19,2,4022.2,26,1,4022.1,58,3,4022.0,589,6,4021.9,36,1,4023.6,10,1,4023.8,11,1,4023.9,33,2,4024.0,30,1,4024.1,34,2
11483,2026-07-02 13:42:52+05:30,4023.6,1,4036.59,1512803,148998.0,175393.0,4100.0,4110.0,4012.0,4092.6,25302725,4501.8,3683.4,4440.0,3288.1,4022.3,19,2,4022.2,26,1,4022.1,58,3,4022.0,589,6,4021.9,36,1,4023.6,10,1,4023.8,11,1,4023.9,33,2,4024.0,30,1,4024.1,34,2
11483,2026-07-02 13:42:52+05:30,4023.6,1,4036.59,1512803,148994.0,175413.0,4100.0,4110.0,4012.0,4092.6,25302725,4501.8,3683.4,4440.0,3288.1,4022.3,19,2,4022.2,26,1,4022.1,58,3,4022.0,589,6,4021.9,36,1,4023.6,10,1,4023.8,11,1,4023.9,33,2,4024.0,30,1,4024.1,34,2
11483,2026-07-02 13:42:53+05:30,4022.4,9,4036.59,1512815,149016.0,175396.0,4100.0,4110.0,4012.0,4092.6,25302725,4501.8,3683.4,4440.0,3288.1,4022.5,1,1,4022.4,32,4,4022.3,15,2,4022.2,26,1,4022.1,41,2,4023.6,7,1,4023.8,11,1,4023.9,33,2,4024.0,30,1,4024.1,34,2
11483,2026-07-02 13:42:54+05:30,4023.6,3,4036.59,1512815,149016.0,175396.0,4100.0,4110.0,4012.0,4092.6,25302725,4501.8,3683.4,4440.0,3288.1,4022.5,1,1,4022.4,32,4,4022.3,15,2,4022.2,26,1,4022.1,41,2,4023.6,7,1,4023.8,11,1,4023.9,33,2,4024.0,30,1,4024.1,34,2
11483,2026-07-02 13:42:54+05:30,4022.6,1,4036.59,1512836,148837.0,175627.0,4100.0,4110.0,4012.0,4092.6,25302725,4501.8,3683.4,4440.0,3288.1,4022.4,10,1,4022.2,25,3,4022.1,19,3,4022.0,573,5,4021.9,36,1,4022.5,1,1,4022.6,15,1,4023.6,2,1,4023.8,11,1,4023.9,46,3
11483,2026-07-02 13:42:55+05:30,4022.3,2,4036.59,1512836,148837.0,175627.0,4100.0,4110.0,4012.0,4092.6,25302725,4501.8,3683.4,4440.0,3288.1,4022.4,10,1,4022.2,25,3,4022.1,19,3,4022.0,573,5,4021.9,36,1,4022.5,1,1,4022.6,15,1,4023.6,2,1,4023.8,11,1,4023.9,46,3
11483,2026-07-02 13:42:55+05:30,4022.5,1,4036.59,1512873,148979.0,175866.0,4100.0,4110.0,4012.0,4092.6,25302725,4501.8,3683.4,4440.0,3288.1,4022.5,7,1,4022.0,598,7,4021.9,42,2,4021.6,38,3,4021.5,262,4,4022.6,15,1,4023.6,2,1,4023.8,13,2,4023.9,48,4,4024.0,30,1
11483,2026-07-02 13:42:56+05:30,4022.5,15,4036.59,1512873,148979.0,175866.0,4100.0,4110.0,4012.0,4092.6,25302725,4501.8,3683.4,4440.0,3288.1,4022.5,7,1,4022.0,598,7,4021.9,42,2,4021.6,38,3,4021.5,262,4,4022.6,15,1,4023.6,2,1,4023.8,13,2,4023.9,48,4,4024.0,30,1
11483,2026-07-02 13:42:56+05:30,4022.5,1,4036.59,1512908,148931.0,175918.0,4100.0,4110.0,4012.0,4092.6,25302725,4501.8,3683.4,4440.0,3288.1,4022.5,7,1,4022.1,3,1,4022.0,579,5,4021.9,42,2,4021.7,16,1,4022.6,16,2,4023.6,2,1,4023.8,63,3,4023.9,46,3,4024.0,81,2
11483,2026-07-02 13:42:57+05:30,4022.5,2,4036.59,1512908,148931.0,175918.0,4100.0,4110.0,4012.0,4092.6,25302725,4501.8,3683.4,4440.0,3288.1,4022.5,7,1,4022.1,3,1,4022.0,579,5,4021.9,42,2,4021.7,16,1,4022.6,16,2,4023.6,2,1,4023.8,63,3,4023.9,46,3,4024.0,81,2
11483,2026-07-02 13:42:57+05:30,4022.6,1,4036.59,1512922,148876.0,175954.0,4100.0,4110.0,4012.0,4092.6,25302725,4501.8,3683.4,4440.0,3288.1,4022.5,2,1,4022.1,3,1,4022.0,579,5,4021.9,36,1,4021.7,16,1,4022.6,15,2,4023.6,2,1,4023.8,75,4,4023.9,48,4,4024.0,30,1
11483,2026-07-02 13:42:58+05:30,4022.5,2,4036.59,1512922,148876.0,175954.0,4100.0,4110.0,4012.0,4092.6,25302725,4501.8,3683.4,4440.0,3288.1,4022.5,2,1,4022.1,3,1,4022.0,579,5,4021.9,36,1,4021.7,16,1,4022.6,15,2,4023.6,2,1,4023.8,75,4,4023.9,48,4,4024.0,30,1
11483,2026-07-02 13:42:58+05:30,4022.6,11,4036.59,1512935,148272.0,175813.0,4100.0,4110.0,4012.0,4092.6,25302725,4501.8,3683.4,4440.0,3288.1,4022.1,3,1,4022.0,579,5,4021.7,16,1,4021.6,20,1,4021.5,212,2,4022.6,4,2,4023.3,13,1,4023.5,11,1,4023.6,2,1,4023.7,43,1
11483,2026-07-02 13:42:59+05:30,4022.6,1,4036.59,1512935,148272.0,175813.0,4100.0,4110.0,4012.0,4092.6,25302725,4501.8,3683.4,4440.0,3288.1,4022.1,3,1,4022.0,579,5,4021.7,16,1,4021.6,20,1,4021.5,212,2,4022.6,4,2,4023.3,13,1,4023.5,11,1,4023.6,2,1,4023.7,43,1
11483,2026-07-02 13:42:59+05:30,4022.6,1,4036.59,1512941,148967.0,176260.0,4100.0,4110.0,4012.0,4092.6,25302725,4501.8,3683.4,4440.0,3288.1,4023.1,1,1,4022.3,1,1,4022.2,24,2,4022.1,65,2,4022.0,579,5,4023.5,700,2,4023.6,23,3,4023.8,105,4,4023.9,65,6,4024.0,38,2
11483,2026-07-02 13:43:00+05:30,4023.1,1,4036.59,1512941,148967.0,176260.0,4100.0,4110.0,4012.0,4092.6,25302725,4501.8,3683.4,4440.0,3288.1,4023.1,1,1,4022.3,1,1,4022.2,24,2,4022.1,65,2,4022.0,579,5,4023.5,700,2,4023.6,23,3,4023.8,105,4,4023.9,65,6,4024.0,38,2
11483,2026-07-02 13:43:00+05:30,4023.1,1,4036.59,1512942,148986.0,176319.0,4100.0,4110.0,4012.0,4092.6,25302725,4501.8,3683.4,4440.0,3288.1,4023.1,1,1,4022.3,1,1,4022.2,2,1,4022.1,17,1,4022.0,584,6,4023.3,702,3,4023.4,12,1,4023.5,4,1,4023.6,16,3,4023.8,105,4
11483,2026-07-02 13:43:01+05:30,4023.2,3,4036.59,1512942,148986.0,176319.0,4100.0,4110.0,4012.0,4092.6,25302725,4501.8,3683.4,4440.0,3288.1,4023.1,1,1,4022.3,1,1,4022.2,2,1,4022.1,17,1,4022.0,584,6,4023.3,702,3,4023.4,12,1,4023.5,4,1,4023.6,16,3,4023.8,105,4
11483,2026-07-02 13:43:01+05:30,4023.2,3,4036.59,1512949,148878.0,176139.0,4100.0,4110.0,4012.0,4092.6,25302725,4501.8,3683.4,4440.0,3288.1,4022.3,1,1,4022.2,2,1,4022.0,584,6,4021.6,20,1,4021.5,200,1,4022.7,345,1,4023.3,3,2,4023.5,18,2,4023.6,21,4,4023.7,15,1
11483,2026-07-02 13:43:02+05:30,4022.7,1,4036.59,1512949,148878.0,176139.0,4100.0,4110.0,4012.0,4092.6,25302725,4501.8,3683.4,4440.0,3288.1,4022.3,1,1,4022.2,2,1,4022.0,584,6,4021.6,20,1,4021.5,200,1,4022.7,345,1,4023.3,3,2,4023.5,18,2,4023.6,21,4,4023.7,15,1
11483,2026-07-02 13:43:02+05:30,4022.7,1,4036.59,1512950,149060.0,176312.0,4100.0,4110.0,4012.0,4092.6,25302725,4501.8,3683.4,4440.0,3288.1,4022.4,6,1,4022.3,1,1,4022.2,2,1,4022.0,584,6,4021.7,52,3,4023.5,5,2,4023.6,24,5,4023.8,107,4,4023.9,44,4,4024.0,75,6
11483,2026-07-02 13:43:03+05:30,4022.0,1,4036.59,1512950,149060.0,176312.0,4100.0,4110.0,4012.0,4092.6,25302725,4501.8,3683.4,4440.0,3288.1,4022.4,6,1,4022.3,1,1,4022.2,2,1,4022.0,584,6,4021.7,52,3,4023.5,5,2,4023.6,24,5,4023.8,107,4,4023.9,44,4,4024.0,75,6
11483,2026-07-02 13:43:03+05:30,4022.0,1,4036.57,1514452,147973.0,176853.0,4100.0,4110.0,4012.0,4092.6,25302725,4501.8,3683.4,4440.0,3288.1,4021.7,18,2,4021.4,34,1,4021.3,56,2,4021.2,26,2,4021.1,77,5,4022.0,524,1,4023.2,19,3,4023.3,36,4,4023.4,65,4,4023.5,216,5
11483,2026-07-02 13:43:04+05:30,4021.7,15,4036.57,1514452,147973.0,176853.0,4100.0,4110.0,4012.0,4092.6,25302725,4501.8,3683.4,4440.0,3288.1,4021.7,18,2,4021.4,34,1,4021.3,56,2,4021.2,26,2,4021.1,77,5,4022.0,524,1,4023.2,19,3,4023.3,36,4,4023.4,65,4,4023.5,216,5
11483,2026-07-02 13:43:04+05:30,4021.7,15,4036.57,1514546,148840.0,177527.0,4100.0,4110.0,4012.0,4092.6,25302725,4501.8,3683.4,4440.0,3288.1,4021.3,12,3,4021.2,5,1,4021.1,55,5,4021.0,36,3,4020.9,43,3,4021.7,18,1,4022.0,526,2,4022.4,2,2,4023.0,12,1,4023.1,6,1
11483,2026-07-02 13:43:05+05:30,4021.7,2,4036.57,1514546,148840.0,177527.0,4100.0,4110.0,4012.0,4092.6,25302725,4501.8,3683.4,4440.0,3288.1,4021.3,12,3,4021.2,5,1,4021.1,55,5,4021.0,36,3,4020.9,43,3,4021.7,18,1,4022.0,526,2,4022.4,2,2,4023.0,12,1,4023.1,6,1
11483,2026-07-02 13:43:05+05:30,4021.7,2,4036.57,1514567,148702.0,177864.0,4100.0,4110.0,4012.0,4092.6,25302725,4501.8,3683.4,4440.0,3288.1,4021.2,18,2,4021.1,34,3,4021.0,7,1,4020.9,40,3,4020.8,19,2,4021.3,2,1,4021.7,8,1,4022.0,526,2,4022.4,2,2,4023.0,46,2
11483,2026-07-02 13:43:06+05:30,4021.3,7,4036.57,1514567,148702.0,177864.0,4100.0,4110.0,4012.0,4092.6,25302725,4501.8,3683.4,4440.0,3288.1,4021.2,18,2,4021.1,34,3,4021.0,7,1,4020.9,40,3,4020.8,19,2,4021.3,2,1,4021.7,8,1,4022.0,526,2,4022.4,2,2,4023.0,46,2
11483,2026-07-02 13:43:06+05:30,4021.3,7,4036.57,1514576,148634.0,178001.0,4100.0,4110.0,4012.0,4092.6,25302725,4501.8,3683.4,4440.0,3288.1,4021.2,25,4,4021.1,17,2,4021.0,7,1,4020.9,45,3,4020.8,19,2,4021.3,2,1,4021.7,8,1,4022.0,526,2,4022.4,2,2,4023.0,48,3
11483,2026-07-02 13:43:07+05:30,4021.3,5,4036.57,1514576,148634.0,178001.0,4100.0,4110.0,4012.0,4092.6,25302725,4501.8,3683.4,4440.0,3288.1,4021.2,25,4,4021.1,17,2,4021.0,7,1,4020.9,45,3,4020.8,19,2,4021.3,2,1,4021.7,8,1,4022.0,526,2,4022.4,2,2,4023.0,48,3
11483,2026-07-02 13:43:07+05:30,4021.3,5,4036.57,1514582,148598.0,178020.0,4100.0,4110.0,4012.0,4092.6,25302725,4501.8,3683.4,4440.0,3288.1,4021.2,15,2,4021.1,17,2,4021.0,7,1,4020.9,45,3,4020.8,19,2,4021.3,1,1,4021.7,8,1,4022.0,524,1,4022.2,11,1,4022.4,2,2
11483,2026-07-02 13:43:08+05:30,4021.7,24,4036.57,1514582,148598.0,178020.0,4100.0,4110.0,4012.0,4092.6,25302725,4501.8,3683.4,4440.0,3288.1,4021.2,15,2,4021.1,17,2,4021.0,7,1,4020.9,45,3,4020.8,19,2,4021.3,1,1,4021.7,8,1,4022.0,524,1,4022.2,11,1,4022.4,2,2
11483,2026-07-02 13:43:08+05:30,4021.7,24,4036.57,1514608,148614.0,177993.0,4100.0,4110.0,4012.0,4092.6,25302725,4501.8,3683.4,4440.0,3288.1,4021.2,14,2,4021.1,6,1,4021.0,7,1,4020.9,23,2,4020.8,19,2,4021.3,1,1,4021.7,18,1,4022.0,524,1,4022.2,11,1,4022.4,2,2
11483,2026-07-02 13:43:09+05:30,4021.0,1,4036.57,1514608,148614.0,177993.0,4100.0,4110.0,4012.0,4092.6,25302725,4501.8,3683.4,4440.0,3288.1,4021.2,14,2,4021.1,6,1,4021.0,7,1,4020.9,23,2,4020.8,19,2,4021.3,1,1,4021.7,18,1,4022.0,524,1,4022.2,11,1,4022.4,2,2
11483,2026-07-02 13:43:09+05:30,4021.0,1,4036.57,1514633,148598.0,177481.0,4100.0,4110.0,4012.0,4092.6,25302725,4501.8,3683.4,4440.0,3288.1,4020.9,32,3,4020.8,19,2,4020.6,40,2,4020.5,5,1,4020.4,17,3,4021.0,507,1,4021.7,14,1,4022.0,3,1,4022.1,13,1,4022.2,11,1
11483,2026-07-02 13:43:10+05:30,4020.9,3,4036.57,1514633,148598.0,177481.0,4100.0,4110.0,4012.0,4092.6,25302725,4501.8,3683.4,4440.0,3288.1,4020.9,32,3,4020.8,19,2,4020.6,40,2,4020.5,5,1,4020.4,17,3,4021.0,507,1,4021.7,14,1,4022.0,3,1,4022.1,13,1,4022.2,11,1
11483,2026-07-02 13:43:10+05:30,4020.9,11,4036.57,1514647,148412.0,177485.0,4100.0,4110.0,4012.0,4092.6,25302725,4501.8,3683.4,4440.0,3288.1,4020.9,9,2,4020.8,19,2,4020.6,40,2,4020.5,5,1,4020.4,17,3,4021.0,507,1,4021.7,37,3,4022.0,3,1,4022.2,11,1,4022.3,8,2
11483,2026-07-02 13:43:11+05:30,4020.0,4,4036.57,1514647,148412.0,177485.0,4100.0,4110.0,4012.0,4092.6,25302725,4501.8,3683.4,4440.0,3288.1,4020.9,9,2,4020.8,19,2,4020.6,40,2,4020.5,5,1,4020.4,17,3,4021.0,507,1,4021.7,37,3,4022.0,3,1,4022.2,11,1,4022.3,8,2
11483,2026-07-02 13:43:11+05:30,4020.0,5,4036.55,1516420,144366.0,179187.0,4100.0,4110.0,4012.0,4092.6,25302725,4501.8,3683.4,4440.0,3288.1,4019.8,25,1,4019.3,18,1,4019.2,33,2,4019.1,23,1,4019.0,136,9,4020.0,515,1,4021.2,56,3,4021.3,8,2,4021.4,84,2,4021.5,19,1
11483,2026-07-02 13:43:12+05:30,4019.8,1,4036.55,1516420,144366.0,179187.0,4100.0,4110.0,4012.0,4092.6,25302725,4501.8,3683.4,4440.0,3288.1,4019.8,25,1,4019.3,18,1,4019.2,33,2,4019.1,23,1,4019.0,136,9,4020.0,515,1,4021.2,56,3,4021.3,8,2,4021.4,84,2,4021.5,19,1
11483,2026-07-02 13:43:12+05:30,4019.8,1,4036.55,1516456,145121.0,179424.0,4100.0,4110.0,4012.0,4092.6,25302725,4501.8,3683.4,4440.0,3288.1,4019.1,11,1,4019.0,135,9,4018.9,32,3,4018.8,2,1,4018.7,1,1,4019.8,11,1,4020.0,2,1,4021.1,47,2,4021.2,82,3,4021.3,5,2
11483,2026-07-02 13:43:13+05:30,4019.1,5,4036.55,1516456,145121.0,179424.0,4100.0,4110.0,4012.0,4092.6,25302725,4501.8,3683.4,4440.0,3288.1,4019.1,11,1,4019.0,135,9,4018.9,32,3,4018.8,2,1,4018.7,1,1,4019.8,11,1,4020.0,2,1,4021.1,47,2,4021.2,82,3,4021.3,5,2
11483,2026-07-02 13:43:13+05:30,4019.1,5,4036.55,1516461,145144.0,179440.0,4100.0,4110.0,4012.0,4092.6,25302725,4501.8,3683.4,4440.0,3288.1,4019.1,6,1,4019.0,146,10,4018.9,32,3,4018.8,2,1,4018.6,44,4,4019.8,11,1,4020.0,2,1,4021.1,95,3,4021.2,85,4,4021.3,2,1
11483,2026-07-02 13:43:14+05:30,4019.1,5,4036.55,1516461,145553.0,179429.0,4100.0,4110.0,4012.0,4092.6,25302725,4501.8,3683.4,4440.0,3288.1,4019.1,6,1,4019.0,146,10,4018.9,32,3,4018.8,2,1,4018.7,1,1,4019.8,13,2,4021.1,95,3,4021.2,85,4,4021.3,2,1,4021.4,106,3
11483,2026-07-02 13:43:15+05:30,4019.1,1,4036.55,1516461,145553.0,179429.0,4100.0,4110.0,4012.0,4092.6,25302725,4501.8,3683.4,4440.0,3288.1,4019.1,6,1,4019.0,146,10,4018.9,32,3,4018.8,2,1,4018.7,1,1,4019.8,13,2,4021.1,95,3,4021.2,85,4,4021.3,2,1,4021.4,106,3
11483,2026-07-02 13:43:15+05:30,4019.1,1,4036.55,1516463,145591.0,179445.0,4100.0,4110.0,4012.0,4092.6,25302725,4501.8,3683.4,4440.0,3288.1,4019.1,4,1,4019.0,146,10,4018.9,32,3,4018.8,2,1,4018.6,28,3,4019.8,13,2,4021.1,110,5,4021.2,82,3,4021.3,2,1,4021.4,106,3
11483,2026-07-02 13:43:16+05:30,4019.1,1,4036.55,1516463,145591.0,179445.0,4100.0,4110.0,4012.0,4092.6,25302725,4501.8,3683.4,4440.0,3288.1,4019.1,4,1,4019.0,146,10,4018.9,32,3,4018.8,2,1,4018.6,28,3,4019.8,13,2,4021.1,110,5,4021.2,82,3,4021.3,2,1,4021.4,106,3
11483,2026-07-02 13:43:16+05:30,4019.1,2,4036.55,1516463,145591.0,179445.0,4100.0,4110.0,4012.0,4092.6,25302725,4501.8,3683.4,4440.0,3288.1,4019.1,4,1,4019.0,146,10,4018.9,32,3,4018.8,2,1,4018.6,28,3,4019.8,13,2,4021.1,110,5,4021.2,82,3,4021.3,2,1,4021.4,106,3
11483,2026-07-02 13:43:16+05:30,4019.1,2,4036.55,1516463,145591.0,179445.0,4100.0,4110.0,4012.0,4092.6,25302725,4501.8,3683.4,4440.0,3288.1,4019.1,4,1,4019.0,146,10,4018.9,32,3,4018.8,2,1,4018.6,28,3,4019.8,13,2,4021.1,110,5,4021.2,82,3,4021.3,2,1,4021.4,106,3
11483,2026-07-02 13:43:16+05:30,4019.1,1,4036.55,1516490,145216.0,178287.0,4100.0,4110.0,4012.0,4092.6,25302725,4501.8,3683.4,4440.0,3288.1,4019.0,155,9,4018.9,33,4,4018.8,7,2,4018.7,5,1,4018.6,13,2,4019.8,13,2,4020.7,5,1,4020.9,34,1,4021.0,2,1,4021.1,12,1
11483,2026-07-02 13:43:17+05:30,4019.1,1,4036.55,1516490,145216.0,178287.0,4100.0,4110.0,4012.0,4092.6,25302725,4501.8,3683.4,4440.0,3288.1,4019.0,155,9,4018.9,33,4,4018.8,7,2,4018.7,5,1,4018.6,13,2,4019.8,13,2,4020.7,5,1,4020.9,34,1,4021.0,2,1,4021.1,12,1
11483,2026-07-02 13:43:17+05:30,4019.0,3,4036.55,1516490,145216.0,178287.0,4100.0,4110.0,4012.0,4092.6,25302725,4501.8,3683.4,4440.0,3288.1,4019.0,155,9,4018.9,33,4,4018.8,7,2,4018.7,5,1,4018.6,13,2,4019.8,13,2,4020.7,5,1,4020.9,34,1,4021.0,2,1,4021.1,12,1
11483,2026-07-02 13:43:17+05:30,4019.0,3,4036.55,1516490,145216.0,178287.0,4100.0,4110.0,4012.0,4092.6,25302725,4501.8,3683.4,4440.0,3288.1,4019.0,155,9,4018.9,33,4,4018.8,7,2,4018.7,5,1,4018.6,13,2,4019.8,13,2,4020.7,5,1,4020.9,34,1,4021.0,2,1,4021.1,12,1
11483,2026-07-02 13:43:17+05:30,4019.0,3,4036.55,1516493,145760.0,178323.0,4100.0,4110.0,4012.0,4092.6,25302725,4501.8,3683.4,4440.0,3288.1,4019.0,153,10,4018.9,33,4,4018.8,4,1,4018.7,5,1,4018.6,13,2,4019.8,14,3,4020.7,5,1,4020.8,11,1,4020.9,36,2,4021.1,38,1
11483,2026-07-02 13:43:18+05:30,4019.0,3,4036.55,1516493,145760.0,178323.0,4100.0,4110.0,4012.0,4092.6,25302725,4501.8,3683.4,4440.0,3288.1,4019.0,153,10,4018.9,33,4,4018.8,4,1,4018.7,5,1,4018.6,13,2,4019.8,14,3,4020.7,5,1,4020.8,11,1,4020.9,36,2,4021.1,38,1
11483,2026-07-02 13:43:18+05:30,4019.0,1,4036.55,1516493,145760.0,178323.0,4100.0,4110.0,4012.0,4092.6,25302725,4501.8,3683.4,4440.0,3288.1,4019.0,153,10,4018.9,33,4,4018.8,4,1,4018.7,5,1,4018.6,13,2,4019.8,14,3,4020.7,5,1,4020.8,11,1,4020.9,36,2,4021.1,38,1
11483,2026-07-02 13:43:18+05:30,4019.0,1,4036.55,1516494,145782.0,178459.0,4100.0,4110.0,4012.0,4092.6,25302725,4501.8,3683.4,4440.0,3288.1,4019.2,14,1,4019.0,139,9,4018.9,34,5,4018.8,21,1,4018.7,5,1,4019.8,14,3,4020.7,5,1,4020.9,36,2,4021.1,36,1,4021.2,77,3
11483,2026-07-02 13:43:18+05:30,4019.0,1,4036.55,1516494,145782.0,178459.0,4100.0,4110.0,4012.0,4092.6,25302725,4501.8,3683.4,4440.0,3288.1,4019.2,14,1,4019.0,139,9,4018.9,34,5,4018.8,21,1,4018.7,5,1,4019.8,14,3,4020.7,5,1,4020.9,36,2,4021.1,36,1,4021.2,77,3
11483,2026-07-02 13:43:19+05:30,4019.0,1,4036.55,1516494,145782.0,178459.0,4100.0,4110.0,4012.0,4092.6,25302725,4501.8,3683.4,4440.0,3288.1,4019.2,14,1,4019.0,139,9,4018.9,34,5,4018.8,21,1,4018.7,5,1,4019.8,14,3,4020.7,5,1,4020.9,36,2,4021.1,36,1,4021.2,77,3
11483,2026-07-02 13:43:19+05:30,4019.8,1,4036.55,1516494,145782.0,178459.0,4100.0,4110.0,4012.0,4092.6,25302725,4501.8,3683.4,4440.0,3288.1,4019.2,14,1,4019.0,139,9,4018.9,34,5,4018.8,21,1,4018.7,5,1,4019.8,14,3,4020.7,5,1,4020.9,36,2,4021.1,36,1,4021.2,77,3
11483,2026-07-02 13:43:19+05:30,4019.8,1,4036.55,1516494,145782.0,178459.0,4100.0,4110.0,4012.0,4092.6,25302725,4501.8,3683.4,4440.0,3288.1,4019.2,14,1,4019.0,139,9,4018.9,34,5,4018.8,21,1,4018.7,5,1,4019.8,14,3,4020.7,5,1,4020.9,36,2,4021.1,36,1,4021.2,77,3
11483,2026-07-02 13:43:19+05:30,4019.8,1,4036.55,1516495,144954.0,178424.0,4100.0,4110.0,4012.0,4092.6,25302725,4501.8,3683.4,4440.0,3288.1,4019.5,1,1,4019.2,14,1,4019.0,128,8,4018.9,34,5,4018.8,21,1,4019.8,13,3,4020.7,5,1,4020.8,18,2,4020.9,34,1,4021.1,38,2
11483,2026-07-02 13:43:19+05:30,4019.8,1,4036.55,1516495,144954.0,178424.0,4100.0,4110.0,4012.0,4092.6,25302725,4501.8,3683.4,4440.0,3288.1,4019.5,1,1,4019.2,14,1,4019.0,128,8,4018.9,34,5,4018.8,21,1,4019.8,13,3,4020.7,5,1,4020.8,18,2,4020.9,34,1,4021.1,38,2
11483,2026-07-02 13:43:20+05:30,4019.8,1,4036.55,1516495,144954.0,178424.0,4100.0,4110.0,4012.0,4092.6,25314275,4501.8,3683.4,4440.0,3288.1,4019.5,1,1,4019.2,14,1,4019.0,128,8,4018.9,34,5,4018.8,21,1,4019.8,13,3,4020.7,5,1,4020.8,18,2,4020.9,34,1,4021.1,38,2
11483,2026-07-02 13:43:20+05:30,4019.8,1,4036.55,1516495,144953.0,178468.0,4100.0,4110.0,4012.0,4092.6,25314275,4501.8,3683.4,4440.0,3288.1,4019.5,1,1,4019.2,14,1,4019.1,4,1,4019.0,129,9,4018.9,33,4,4019.8,30,4,4020.7,5,1,4020.8,2,1,4020.9,34,1,4021.0,38,1
11483,2026-07-02 13:43:20+05:30,4019.8,1,4036.55,1516495,144953.0,178468.0,4100.0,4110.0,4012.0,4092.6,25314275,4501.8,3683.4,4440.0,3288.1,4019.5,1,1,4019.2,14,1,4019.1,4,1,4019.0,129,9,4018.9,33,4,4019.8,30,4,4020.7,5,1,4020.8,2,1,4020.9,34,1,4021.0,38,1
11483,2026-07-02 13:43:21+05:30,4019.8,1,4036.55,1516495,144953.0,178468.0,4100.0,4110.0,4012.0,4092.6,25314275,4501.8,3683.4,4440.0,3288.1,4019.5,1,1,4019.2,14,1,4019.1,4,1,4019.0,129,9,4018.9,33,4,4019.8,30,4,4020.7,5,1,4020.8,2,1,4020.9,34,1,4021.0,38,1
11483,2026-07-02 13:43:21+05:30,4019.8,4,4036.55,1516495,144953.0,178468.0,4100.0,4110.0,4012.0,4092.6,25314275,4501.8,3683.4,4440.0,3288.1,4019.5,1,1,4019.2,14,1,4019.1,4,1,4019.0,129,9,4018.9,33,4,4019.8,30,4,4020.7,5,1,4020.8,2,1,4020.9,34,1,4021.0,38,1
11483,2026-07-02 13:43:21+05:30,4019.8,4,4036.55,1516495,144953.0,178468.0,4100.0,4110.0,4012.0,4092.6,25314275,4501.8,3683.4,4440.0,3288.1,4019.5,1,1,4019.2,14,1,4019.1,4,1,4019.0,129,9,4018.9,33,4,4019.8,30,4,4020.7,5,1,4020.8,2,1,4020.9,34,1,4021.0,38,1
11483,2026-07-02 13:43:21+05:30,4019.8,4,4036.55,1516500,144962.0,178532.0,4100.0,4110.0,4012.0,4092.6,25314275,4501.8,3683.4,4440.0,3288.1,4019.2,23,2,4019.1,4,1,4019.0,116,8,4018.9,32,3,4018.6,12,1,4019.8,10,3,4020.6,71,4,4020.7,48,2,4020.8,41,3,4020.9,34,1
11483,2026-07-02 13:43:21+05:30,4019.8,4,4036.55,1516500,144962.0,178532.0,4100.0,4110.0,4012.0,4092.6,25314275,4501.8,3683.4,4440.0,3288.1,4019.2,23,2,4019.1,4,1,4019.0,116,8,4018.9,32,3,4018.6,12,1,4019.8,10,3,4020.6,71,4,4020.7,48,2,4020.8,41,3,4020.9,34,1
11483,2026-07-02 13:43:22+05:30,4019.8,4,4036.55,1516500,144962.0,178532.0,4100.0,4110.0,4012.0,4092.6,25314275,4501.8,3683.4,4440.0,3288.1,4019.2,23,2,4019.1,4,1,4019.0,116,8,4018.9,32,3,4018.6,12,1,4019.8,10,3,4020.6,71,4,4020.7,48,2,4020.8,41,3,4020.9,34,1
11483,2026-07-02 13:43:22+05:30,4019.8,1,4036.55,1516500,144962.0,178532.0,4100.0,4110.0,4012.0,4092.6,25314275,4501.8,3683.4,4440.0,3288.1,4019.2,23,2,4019.1,4,1,4019.0,116,8,4018.9,32,3,4018.6,12,1,4019.8,10,3,4020.6,71,4,4020.7,48,2,4020.8,41,3,4020.9,34,1
11483,2026-07-02 13:43:22+05:30,4019.8,1,4036.55,1516516,144934.0,178746.0,4100.0,4110.0,4012.0,4092.6,25314275,4501.8,3683.4,4440.0,3288.1,4019.1,4,1,4019.0,116,8,4018.9,20,2,4018.6,12,1,4018.5,27,3,4019.8,27,4,4019.9,19,1,4020.3,68,3,4020.4,2,1,4020.5,74,3
11483,2026-07-02 13:43:23+05:30,4019.1,2,4036.55,1516516,144934.0,178746.0,4100.0,4110.0,4012.0,4092.6,25314275,4501.8,3683.4,4440.0,3288.1,4019.1,4,1,4019.0,116,8,4018.9,20,2,4018.6,12,1,4018.5,27,3,4019.8,27,4,4019.9,19,1,4020.3,68,3,4020.4,2,1,4020.5,74,3
11483,2026-07-02 13:43:23+05:30,4019.1,2,4036.55,1516518,144858.0,178747.0,4100.0,4110.0,4012.0,4092.6,25314275,4501.8,3683.4,4440.0,3288.1,4019.1,2,1,4019.0,117,9,4018.9,20,2,4018.6,12,1,4018.5,27,3,4019.8,27,4,4019.9,19,1,4020.3,68,3,4020.5,76,4,4020.6,85,5
11483,2026-07-02 13:43:24+05:30,4019.8,1,4036.55,1516518,144858.0,178747.0,4100.0,4110.0,4012.0,4092.6,25314275,4501.8,3683.4,4440.0,3288.1,4019.1,2,1,4019.0,117,9,4018.9,20,2,4018.6,12,1,4018.5,27,3,4019.8,27,4,4019.9,19,1,4020.3,68,3,4020.5,76,4,4020.6,85,5
11483,2026-07-02 13:43:24+05:30,4019.8,1,4036.55,1516525,144873.0,178751.0,4100.0,4110.0,4012.0,4092.6,25314275,4501.8,3683.4,4440.0,3288.1,4019.1,1,1,4019.0,117,9,4018.9,20,2,4018.6,12,1,4018.5,27,3,4019.8,43,4,4019.9,19,1,4020.3,68,3,4020.5,79,5,4020.6,82,4
11483,2026-07-02 13:43:25+05:30,4019.8,1,4036.55,1516525,144858.0,178743.0,4100.0,4110.0,4012.0,4092.6,25314275,4501.8,3683.4,4440.0,3288.1,4019.1,1,1,4019.0,117,9,4018.9,20,2,4018.6,12,1,4018.5,27,3,4019.8,43,4,4019.9,19,1,4020.3,68,3,4020.5,79,5,4020.6,82,4
11483,2026-07-02 13:43:26+05:30,4019.8,5,4036.55,1516525,144858.0,178743.0,4100.0,4110.0,4012.0,4092.6,25314275,4501.8,3683.4,4440.0,3288.1,4019.1,1,1,4019.0,117,9,4018.9,20,2,4018.6,12,1,4018.5,27,3,4019.8,43,4,4019.9,19,1,4020.3,68,3,4020.5,79,5,4020.6,82,4
11483,2026-07-02 13:43:26+05:30,4019.8,5,4036.55,1516534,144918.0,178736.0,4100.0,4110.0,4012.0,4092.6,25314275,4501.8,3683.4,4440.0,3288.1,4019.2,8,1,4019.1,1,1,4019.0,117,9,4018.9,40,3,4018.7,20,1,4019.8,35,2,4020.3,71,2,4020.5,59,3,4020.6,39,2,4020.7,59,3
11483,2026-07-02 13:43:27+05:30,4019.2,1,4036.55,1516534,144918.0,178736.0,4100.0,4110.0,4012.0,4092.6,25314275,4501.8,3683.4,4440.0,3288.1,4019.2,8,1,4019.1,1,1,4019.0,117,9,4018.9,40,3,4018.7,20,1,4019.8,35,2,4020.3,71,2,4020.5,59,3,4020.6,39,2,4020.7,59,3
11483,2026-07-02 13:43:27+05:30,4019.2,1,4036.55,1516536,144890.0,178761.0,4100.0,4110.0,4012.0,4092.6,25314275,4501.8,3683.4,4440.0,3288.1,4019.2,6,1,4019.1,1,1,4019.0,117,9,4018.9,20,2,4018.7,20,1,4019.8,22,1,4020.3,71,2,4020.5,76,3,4020.6,44,4,4020.7,56,2
11483,2026-07-02 13:43:28+05:30,4019.2,1,4036.55,1516536,144890.0,178761.0,4100.0,4110.0,4012.0,4092.6,25314275,4501.8,3683.4,4440.0,3288.1,4019.2,6,1,4019.1,1,1,4019.0,117,9,4018.9,20,2,4018.7,20,1,4019.8,22,1,4020.3,71,2,4020.5,76,3,4020.6,44,4,4020.7,56,2
11483,2026-07-02 13:43:28+05:30,4019.2,1,4036.55,1516537,144895.0,178763.0,4100.0,4110.0,4012.0,4092.6,25314275,4501.8,3683.4,4440.0,3288.1,4019.2,5,1,4019.1,1,1,4019.0,117,9,4018.9,20,2,4018.7,20,1,4019.8,22,1,4020.3,71,2,4020.5,76,3,4020.6,41,3,4020.7,59,3
11483,2026-07-02 13:43:29+05:30,4019.6,7,4036.55,1516537,144895.0,178763.0,4100.0,4110.0,4012.0,4092.6,25314275,4501.8,3683.4,4440.0,3288.1,4019.2,5,1,4019.1,1,1,4019.0,117,9,4018.9,20,2,4018.7,20,1,4019.8,22,1,4020.3,71,2,4020.5,76,3,4020.6,41,3,4020.7,59,3
11483,2026-07-02 13:43:29+05:30,4019.6,7,4036.55,1516621,145109.0,178555.0,4100.0,4110.0,4012.0,4092.6,25314275,4501.8,3683.4,4440.0,3288.1,4019.5,1,1,4019.1,114,3,4019.0,117,9,4018.9,20,2,4018.7,4,1,4019.6,11,1,4019.8,35,3,4020.3,37,1,4020.6,24,2,4020.8,2,1
11483,2026-07-02 13:43:30+05:30,4019.5,1,4036.55,1516621,145109.0,178555.0,4100.0,4110.0,4012.0,4092.6,25314275,4501.8,3683.4,4440.0,3288.1,4019.5,1,1,4019.1,114,3,4019.0,117,9,4018.9,20,2,4018.7,4,1,4019.6,11,1,4019.8,35,3,4020.3,37,1,4020.6,24,2,4020.8,2,1
11483,2026-07-02 13:43:30+05:30,4019.5,1,4036.55,1516622,145070.0,178845.0,4100.0,4110.0,4012.0,4092.6,25314275,4501.8,3683.4,4440.0,3288.1,4019.1,101,2,4019.0,117,9,4018.9,1,1,4018.6,13,2,4018.5,27,3,4019.5,1,1,4019.6,11,1,4019.8,35,3,4020.2,19,1,4020.3,37,1
11483,2026-07-02 13:43:31+05:30,4019.5,1,4036.55,1516622,145070.0,178845.0,4100.0,4110.0,4012.0,4092.6,25314275,4501.8,3683.4,4440.0,3288.1,4019.1,101,2,4019.0,117,9,4018.9,1,1,4018.6,13,2,4018.5,27,3,4019.5,1,1,4019.6,11,1,4019.8,35,3,4020.2,19,1,4020.3,37,1
11483,2026-07-02 13:43:31+05:30,4019.5,1,4036.55,1516631,145089.0,178757.0,4100.0,4110.0,4012.0,4092.6,25314275,4501.8,3683.4,4440.0,3288.1,4019.1,114,3,4019.0,117,9,4018.9,1,1,4018.7,1,1,4018.6,12,1,4019.5,1,1,4019.6,11,1,4019.8,34,2,4020.2,19,1,4020.3,37,1
11483,2026-07-02 13:43:32+05:30,4019.0,10,4036.55,1516631,145089.0,178757.0,4100.0,4110.0,4012.0,4092.6,25314275,4501.8,3683.4,4440.0,3288.1,4019.1,114,3,4019.0,117,9,4018.9,1,1,4018.7,1,1,4018.6,12,1,4019.5,1,1,4019.6,11,1,4019.8,34,2,4020.2,19,1,4020.3,37,1
11483,2026-07-02 13:43:32+05:30,4019.0,10,4036.55,1516812,144885.0,178826.0,4100.0,4110.0,4012.0,4092.6,25314275,4501.8,3683.4,4440.0,3288.1,4019.0,67,9,4018.9,1,1,4018.6,12,1,4018.5,27,3,4018.4,40,3,4019.6,7,1,4019.8,22,1,4020.2,35,2,4020.3,69,3,4020.4,2,1
11483,2026-07-02 13:43:33+05:30,4020.3,27,4036.55,1516812,144885.0,178826.0,4100.0,4110.0,4012.0,4092.6,25314275,4501.8,3683.4,4440.0,3288.1,4019.0,67,9,4018.9,1,1,4018.6,12,1,4018.5,27,3,4018.4,40,3,4019.6,7,1,4019.8,22,1,4020.2,35,2,4020.3,69,3,4020.4,2,1
11483,2026-07-02 13:43:33+05:30,4020.3,27,4036.54,1517214,145035.0,178642.0,4100.0,4110.0,4012.0,4092.6,25314275,4501.8,3683.4,4440.0,3288.1,4019.5,1,1,4019.0,44,6,4018.9,1,1,4018.6,12,1,4018.5,27,3,4020.1,19,1,4020.3,78,4,4020.4,2,1,4020.5,3,2,4020.6,53,2
11483,2026-07-02 13:43:34+05:30,4019.5,1,4036.54,1517214,145035.0,178642.0,4100.0,4110.0,4012.0,4092.6,25314275,4501.8,3683.4,4440.0,3288.1,4019.5,1,1,4019.0,44,6,4018.9,1,1,4018.6,12,1,4018.5,27,3,4020.1,19,1,4020.3,78,4,4020.4,2,1,4020.5,3,2,4020.6,53,2
11483,2026-07-02 13:43:34+05:30,4019.5,1,4036.54,1517217,144549.0,178774.0,4100.0,4110.0,4012.0,4092.6,25314275,4501.8,3683.4,4440.0,3288.1,4019.0,32,5,4018.9,1,1,4018.5,27,3,4018.4,29,2,4018.3,29,2,4019.5,17,3,4020.1,19,1,4020.3,78,4,4020.4,21,2,4020.5,38,3
11483,2026-07-02 13:43:35+05:30,4019.5,2,4036.54,1517230,144975.0,178833.0,4100.0,4110.0,4012.0,4092.6,25314275,4501.8,3683.4,4440.0,3288.1,4019.0,32,5,4018.9,1,1,4018.5,27,3,4018.4,29,2,4018.3,29,2,4019.5,9,2,4020.1,68,2,4020.3,78,4,4020.4,21,2,4020.5,38,3
11483,2026-07-02 13:43:35+05:30,4019.0,2,4036.54,1517230,144975.0,178833.0,4100.0,4110.0,4012.0,4092.6,25314275,4501.8,3683.4,4440.0,3288.1,4019.0,32,5,4018.9,1,1,4018.5,27,3,4018.4,29,2,4018.3,29,2,4019.5,9,2,4020.1,68,2,4020.3,78,4,4020.4,21,2,4020.5,38,3
11483,2026-07-02 13:43:36+05:30,4019.0,2,4036.54,1517232,144962.0,178858.0,4100.0,4110.0,4012.0,4092.6,25314275,4501.8,3683.4,4440.0,3288.1,4019.0,39,6,4018.9,1,1,4018.5,27,3,4018.4,29,2,4018.3,29,2,4019.5,9,2,4020.1,68,2,4020.3,80,5,4020.4,21,2,4020.5,36,2
11483,2026-07-02 13:43:37+05:30,4019.5,13,4036.54,1517254,144985.0,178789.0,4100.0,4110.0,4012.0,4092.6,25314275,4501.8,3683.4,4440.0,3288.1,4019.0,40,7,4018.9,1,1,4018.7,11,1,4018.5,27,3,4018.4,50,3,4019.5,10,2,4020.1,68,2,4020.3,31,3,4020.4,2,1,4020.5,22,2
11483,2026-07-02 13:43:37+05:30,4019.0,3,4036.54,1517254,144985.0,178789.0,4100.0,4110.0,4012.0,4092.6,25314275,4501.8,3683.4,4440.0,3288.1,4019.0,40,7,4018.9,1,1,4018.7,11,1,4018.5,27,3,4018.4,50,3,4019.5,10,2,4020.1,68,2,4020.3,31,3,4020.4,2,1,4020.5,22,2
11483,2026-07-02 13:43:38+05:30,4020.5,2,4036.54,1517639,145114.0,178675.0,4100.0,4110.0,4012.0,4092.6,25314275,4501.8,3683.4,4440.0,3288.1,4019.0,38,8,4018.9,1,1,4018.7,27,2,4018.6,13,1,4018.5,68,5,4020.4,19,1,4020.5,34,2,4020.6,44,2,4020.7,22,2,4020.8,19,1
11483,2026-07-02 13:43:38+05:30,4019.0,10,4036.54,1517639,145114.0,178675.0,4100.0,4110.0,4012.0,4092.6,25314275,4501.8,3683.4,4440.0,3288.1,4019.0,38,8,4018.9,1,1,4018.7,27,2,4018.6,13,1,4018.5,68,5,4020.4,19,1,4020.5,34,2,4020.6,44,2,4020.7,22,2,4020.8,19,1
11483,2026-07-02 13:43:39+05:30,4020.2,2,4036.54,1517688,144621.0,178422.0,4100.0,4110.0,4012.0,4092.6,25314275,4501.8,3683.4,4440.0,3288.1,4019.0,2,1,4018.9,1,1,4018.7,14,1,4018.6,13,1,4018.5,27,3,4020.2,17,1,4020.3,21,2,4020.4,34,4,4020.5,46,3,4020.6,53,2
11483,2026-07-02 13:43:39+05:30,4019.0,6,4036.54,1517688,144621.0,178422.0,4100.0,4110.0,4012.0,4092.6,25314275,4501.8,3683.4,4440.0,3288.1,4019.0,2,1,4018.9,1,1,4018.7,14,1,4018.6,13,1,4018.5,27,3,4020.2,17,1,4020.3,21,2,4020.4,34,4,4020.5,46,3,4020.6,53,2
11483,2026-07-02 13:43:40+05:30,4018.9,1,4036.54,1517695,144590.0,178843.0,4100.0,4110.0,4012.0,4092.6,25314275,4501.8,3683.4,4440.0,3288.1,4018.5,27,3,4018.3,31,2,4018.2,45,2,4018.1,50,2,4018.0,211,14,4019.9,22,2,4020.0,47,3,4020.1,33,3,4020.2,26,3,4020.3,41,3
11483,2026-07-02 13:43:40+05:30,4018.5,1,4036.54,1517695,144590.0,178843.0,4100.0,4110.0,4012.0,4092.6,25314275,4501.8,3683.4,4440.0,3288.1,4018.5,27,3,4018.3,31,2,4018.2,45,2,4018.1,50,2,4018.0,211,14,4019.9,22,2,4020.0,47,3,4020.1,33,3,4020.2,26,3,4020.3,41,3
11483,2026-07-02 13:43:41+05:30,4019.0,1,4036.54,1517697,145376.0,178774.0,4100.0,4110.0,4012.0,4092.6,25314275,4501.8,3683.4,4440.0,3288.1,4018.5,26,3,4018.3,12,1,4018.2,23,1,4018.1,28,2,4018.0,211,14,4019.8,22,2,4019.9,18,2,4020.0,38,3,4020.1,17,3,4020.2,27,4
11483,2026-07-02 13:43:41+05:30,4018.5,1,4036.54,1517697,145376.0,178774.0,4100.0,4110.0,4012.0,4092.6,25314275,4501.8,3683.4,4440.0,3288.1,4018.5,26,3,4018.3,12,1,4018.2,23,1,4018.1,28,2,4018.0,211,14,4019.8,22,2,4019.9,18,2,4020.0,38,3,4020.1,17,3,4020.2,27,4
11483,2026-07-02 13:43:42+05:30,4018.5,1,4036.54,1517699,145321.0,179046.0,4100.0,4110.0,4012.0,4092.6,25314275,4501.8,3683.4,4440.0,3288.1,4018.5,24,2,4018.2,23,1,4018.1,28,2,4018.0,211,14,4017.9,18,3,4019.6,212,1,4019.7,13,2,4019.8,22,2,4019.9,48,3,4020.0,38,3
11483,2026-07-02 13:43:43+05:30,4017.0,3,4036.51,1519516,142727.0,181271.0,4100.0,4110.0,4012.0,4092.6,25314275,4501.8,3683.4,4440.0,3288.1,4017.0,1032,29,4016.8,13,1,4016.7,5,1,4016.6,203,4,4016.5,43,4,4018.0,40,4,4018.1,11,1,4018.3,9,3,4018.4,11,3,4018.5,57,6
11483,2026-07-02 13:43:43+05:30,4017.0,46,4036.51,1519516,142727.0,181271.0,4100.0,4110.0,4012.0,4092.6,25314275,4501.8,3683.4,4440.0,3288.1,4017.0,1032,29,4016.8,13,1,4016.7,5,1,4016.6,203,4,4016.5,43,4,4018.0,40,4,4018.1,11,1,4018.3,9,3,4018.4,11,3,4018.5,57,6
11483,2026-07-02 13:43:44+05:30,4017.0,1,4036.5,1520330,143167.0,179618.0,4100.0,4110.0,4012.0,4092.6,25314275,4501.8,3683.4,4440.0,3288.1,4017.0,807,20,4016.8,13,1,4016.7,5,1,4016.6,281,5,4016.5,16,3,4018.2,3,1,4018.3,40,4,4018.4,25,3,4018.5,28,6,4018.6,36,4
11483,2026-07-02 13:43:44+05:30,4017.0,67,4036.5,1520330,143167.0,179618.0,4100.0,4110.0,4012.0,4092.6,25314275,4501.8,3683.4,4440.0,3288.1,4017.0,807,20,4016.8,13,1,4016.7,5,1,4016.6,281,5,4016.5,16,3,4018.2,3,1,4018.3,40,4,4018.4,25,3,4018.5,28,6,4018.6,36,4
11483,2026-07-02 13:43:44+05:30,4018.1,73,4036.5,1520592,143480.0,179722.0,4100.0,4110.0,4012.0,4092.6,25314275,4501.8,3683.4,4440.0,3288.1,4018.1,82,1,4017.1,13,1,4017.0,709,16,4016.9,84,1,4016.8,93,2,4018.3,37,5,4018.4,6,2,4018.5,66,6,4018.6,30,4,4018.7,71,5
11483,2026-07-02 13:43:45+05:30,4018.1,2,4036.5,1520592,143480.0,179722.0,4100.0,4110.0,4012.0,4092.6,25314275,4501.8,3683.4,4440.0,3288.1,4018.1,82,1,4017.1,13,1,4017.0,709,16,4016.9,84,1,4016.8,93,2,4018.3,37,5,4018.4,6,2,4018.5,66,6,4018.6,30,4,4018.7,71,5
11483,2026-07-02 13:43:45+05:30,4018.4,1,4036.5,1520651,143241.0,179779.0,4100.0,4110.0,4012.0,4092.6,25314275,4501.8,3683.4,4440.0,3288.1,4018.1,80,1,4018.0,84,1,4017.1,13,1,4017.0,709,16,4016.8,13,1,4018.5,70,7,4018.6,24,3,4018.7,71,5,4018.8,127,7,4018.9,50,1
11483,2026-07-02 13:43:46+05:30,4018.4,7,4036.5,1520651,143241.0,179779.0,4100.0,4110.0,4012.0,4092.6,25314275,4501.8,3683.4,4440.0,3288.1,4018.1,80,1,4018.0,84,1,4017.1,13,1,4017.0,709,16,4016.8,13,1,4018.5,70,7,4018.6,24,3,4018.7,71,5,4018.8,127,7,4018.9,50,1
11483,2026-07-02 13:43:46+05:30,4018.4,7,4036.5,1520665,143386.0,179753.0,4100.0,4110.0,4012.0,4092.6,25314275,4501.8,3683.4,4440.0,3288.1,4018.1,73,1,4018.0,84,1,4017.9,5,1,4017.1,13,1,4017.0,709,16,4018.4,1,1,4018.5,61,7,4018.6,16,2,4018.7,71,5,4018.8,127,7
11483,2026-07-02 13:43:47+05:30,4018.1,2,4036.5,1520665,143386.0,179753.0,4100.0,4110.0,4012.0,4092.6,25314275,4501.8,3683.4,4440.0,3288.1,4018.1,73,1,4018.0,84,1,4017.9,5,1,4017.1,13,1,4017.0,709,16,4018.4,1,1,4018.5,61,7,4018.6,16,2,4018.7,71,5,4018.8,127,7
11483,2026-07-02 13:43:47+05:30,4018.1,2,4036.5,1520667,143452.0,179795.0,4100.0,4110.0,4012.0,4092.6,25314275,4501.8,3683.4,4440.0,3288.1,4018.3,1,1,4018.1,71,1,4018.0,84,1,4017.9,5,1,4017.4,12,1,4018.4,1,1,4018.5,13,2,4018.6,13,1,4018.7,10,2,4018.8,69,5
11483,2026-07-02 13:43:48+05:30,4018.4,1,4036.5,1520668,143587.0,179376.0,4100.0,4110.0,4012.0,4092.6,25314275,4501.8,3683.4,4440.0,3288.1,4018.3,85,2,4018.2,71,1,4018.1,66,1,4017.9,5,1,4017.5,1,1,4018.5,1,1,4018.6,13,1,4018.8,23,2,4018.9,2,1,4019.0,186,2
11483,2026-07-02 13:43:49+05:30,4018.4,1,4036.5,1520668,143587.0,179376.0,4100.0,4110.0,4012.0,4092.6,25314275,4501.8,3683.4,4440.0,3288.1,4018.3,85,2,4018.2,71,1,4018.1,66,1,4017.9,5,1,4017.5,1,1,4018.5,1,1,4018.6,13,1,4018.8,23,2,4018.9,2,1,4019.0,186,2
11483,2026-07-02 13:43:49+05:30,4018.4,1,4036.5,1520669,143698.0,179362.0,4100.0,4110.0,4012.0,4092.6,25314275,4501.8,3683.4,4440.0,3288.1,4018.3,95,3,4018.2,71,1,4018.1,66,1,4018.0,2,1,4017.9,5,1,4018.5,2,2,4018.6,13,1,4018.8,18,1,4018.9,2,1,4019.0,175,1
11483,2026-07-02 13:43:50+05:30,4019.2,14,4036.5,1520669,143698.0,179362.0,4100.0,4110.0,4012.0,4092.6,25314275,4501.8,3683.4,4440.0,3288.1,4018.3,95,3,4018.2,71,1,4018.1,66,1,4018.0,2,1,4017.9,5,1,4018.5,2,2,4018.6,13,1,4018.8,18,1,4018.9,2,1,4019.0,175,1
11483,2026-07-02 13:43:50+05:30,4019.2,14,4036.5,1521050,143808.0,178783.0,4100.0,4110.0,4012.0,4092.6,25314275,4501.8,3683.4,4440.0,3288.1,4018.3,94,2,4018.2,71,1,4018.1,66,1,4018.0,2,1,4017.9,24,2,4019.4,76,7,4019.5,36,2,4019.6,34,1,4019.7,18,1,4019.8,30,2
11483,2026-07-02 13:43:51+05:30,4019.4,1,4036.5,1521050,143808.0,178783.0,4100.0,4110.0,4012.0,4092.6,25314275,4501.8,3683.4,4440.0,3288.1,4018.3,94,2,4018.2,71,1,4018.1,66,1,4018.0,2,1,4017.9,24,2,4019.4,76,7,4019.5,36,2,4019.6,34,1,4019.7,18,1,4019.8,30,2
11483,2026-07-02 13:43:51+05:30,4019.4,1,4036.49,1521098,143822.0,178962.0,4100.0,4110.0,4012.0,4092.6,25314275,4501.8,3683.4,4440.0,3288.1,4018.3,62,3,4018.2,71,1,4018.1,66,1,4018.0,2,1,4017.9,5,1,4019.4,87,7,4019.5,40,4,4019.6,34,1,4019.7,18,1,4019.8,27,1
11483,2026-07-02 13:43:52+05:30,4019.5,12,4036.49,1521098,143822.0,178962.0,4100.0,4110.0,4012.0,4092.6,25314275,4501.8,3683.4,4440.0,3288.1,4018.3,62,3,4018.2,71,1,4018.1,66,1,4018.0,2,1,4017.9,5,1,4019.4,87,7,4019.5,40,4,4019.6,34,1,4019.7,18,1,4019.8,27,1
11483,2026-07-02 13:43:52+05:30,4019.5,12,4036.49,1521217,143711.0,178977.0,4100.0,4110.0,4012.0,4092.6,25314275,4501.8,3683.4,4440.0,3288.1,4018.4,2,1,4018.3,56,3,4018.2,71,1,4018.1,66,1,4018.0,2,1,4019.5,93,6,4019.6,37,2,4019.7,33,2,4019.8,41,2,4019.9,112,5
11483,2026-07-02 13:43:53+05:30,4019.5,175,4036.49,1521217,143711.0,178977.0,4100.0,4110.0,4012.0,4092.6,25314275,4501.8,3683.4,4440.0,3288.1,4018.4,2,1,4018.3,56,3,4018.2,71,1,4018.1,66,1,4018.0,2,1,4019.5,93,6,4019.6,37,2,4019.7,33,2,4019.8,41,2,4019.9,112,5
11483,2026-07-02 13:43:53+05:30,4019.5,175,4036.49,1521458,144154.0,178271.0,4100.0,4110.0,4012.0,4092.6,25314275,4501.8,3683.4,4440.0,3288.1,4019.5,73,1,4018.4,97,3,4018.3,35,3,4018.2,33,1,4018.1,71,1,4019.8,9,1,4019.9,47,4,4020.0,62,4,4020.1,18,1,4020.2,30,4
11483,2026-07-02 13:43:54+05:30,4019.4,142,4036.49,1521458,144154.0,178271.0,4100.0,4110.0,4012.0,4092.6,25314275,4501.8,3683.4,4440.0,3288.1,4019.5,73,1,4018.4,97,3,4018.3,35,3,4018.2,33,1,4018.1,71,1,4019.8,9,1,4019.9,47,4,4020.0,62,4,4020.1,18,1,4020.2,30,4
11483,2026-07-02 13:43:54+05:30,4019.0,208,4036.48,1522448,149425.0,177756.0,4100.0,4110.0,4012.0,4092.6,25314275,4501.8,3683.4,4440.0,3288.1,4019.3,74,1,4019.0,10,1,4018.4,69,1,4018.3,43,4,4018.1,3,1,4019.9,11,1,4020.0,35,4,4020.3,18,1,4020.4,58,3,4020.5,29,3
11483,2026-07-02 13:43:55+05:30,4019.3,15,4036.48,1522448,149425.0,177756.0,4100.0,4110.0,4012.0,4092.6,25314275,4501.8,3683.4,4440.0,3288.1,4019.3,74,1,4019.0,10,1,4018.4,69,1,4018.3,43,4,4018.1,3,1,4019.9,11,1,4020.0,35,4,4020.3,18,1,4020.4,58,3,4020.5,29,3
11483,2026-07-02 13:43:55+05:30,4020.0,8,4036.48,1522592,144906.0,177692.0,4100.0,4110.0,4012.0,4092.6,25314275,4501.8,3683.4,4440.0,3288.1,4019.4,8,1,4019.2,59,1,4019.0,10,1,4018.5,2,1,4018.4,103,2,4020.0,27,3,4020.3,18,1,4020.5,5,1,4020.6,94,4,4020.7,50,1
11483,2026-07-02 13:43:56+05:30,4019.4,17,4036.48,1522592,144906.0,177692.0,4100.0,4110.0,4012.0,4092.6,25314275,4501.8,3683.4,4440.0,3288.1,4019.4,8,1,4019.2,59,1,4019.0,10,1,4018.5,2,1,4018.4,103,2,4020.0,27,3,4020.3,18,1,4020.5,5,1,4020.6,94,4,4020.7,50,1
11483,2026-07-02 13:43:56+05:30,4019.4,17,4036.48,1522609,145448.0,177681.0,4100.0,4110.0,4012.0,4092.6,25314275,4501.8,3683.4,4440.0,3288.1,4019.5,2,1,4019.4,77,2,4019.3,59,1,4019.1,6,1,4019.0,10,1,4020.0,27,3,4020.5,5,1,4020.6,23,1,4020.8,23,1,4020.9,102,4
11483,2026-07-02 13:43:57+05:30,4019.5,2,4036.48,1522609,145448.0,177681.0,4100.0,4110.0,4012.0,4092.6,25314275,4501.8,3683.4,4440.0,3288.1,4019.5,2,1,4019.4,77,2,4019.3,59,1,4019.1,6,1,4019.0,10,1,4020.0,27,3,4020.5,5,1,4020.6,23,1,4020.8,23,1,4020.9,102,4
11483,2026-07-02 13:43:57+05:30,4019.5,2,4036.48,1522611,151098.0,176190.0,4100.0,4110.0,4012.0,4092.6,25314275,4501.8,3683.4,4440.0,3288.1,4019.4,21,2,4019.3,105,3,4019.2,88,2,4019.1,12,1,4019.0,30,2,4020.8,8,1,4020.9,22,3,4021.0,30,2,4021.1,3,1,4021.2,24,1
11483,2026-07-02 13:43:58+05:30,4019.4,1,4036.48,1522611,151098.0,176190.0,4100.0,4110.0,4012.0,4092.6,25314275,4501.8,3683.4,4440.0,3288.1,4019.4,21,2,4019.3,105,3,4019.2,88,2,4019.1,12,1,4019.0,30,2,4020.8,8,1,4020.9,22,3,4021.0,30,2,4021.1,3,1,4021.2,24,1
11483,2026-07-02 13:43:58+05:30,4020.8,15,4036.48,1522679,145706.0,176465.0,4100.0,4110.0,4012.0,4092.6,25314275,4501.8,3683.4,4440.0,3288.1,4019.4,59,1,4019.2,69,1,4019.1,29,1,4018.9,12,1,4018.6,26,3,4020.5,21,3,4020.6,25,2,4020.7,18,2,4020.8,6,1,4020.9,69,4
11483,2026-07-02 13:43:59+05:30,4020.0,3,4036.48,1522679,145706.0,176465.0,4100.0,4110.0,4012.0,4092.6,25314275,4501.8,3683.4,4440.0,3288.1,4019.4,59,1,4019.2,69,1,4019.1,29,1,4018.9,12,1,4018.6,26,3,4020.5,21,3,4020.6,25,2,4020.7,18,2,4020.8,6,1,4020.9,69,4
11483,2026-07-02 13:43:59+05:30,4019.4,1,4036.48,1522698,146751.0,177328.0,4100.0,4110.0,4012.0,4092.6,25314275,4501.8,3683.4,4440.0,3288.1,4019.4,1,1,4019.3,120,2,4019.2,84,1,4018.9,41,2,4018.7,18,1,4020.0,207,1,4020.6,5,1,4020.7,7,1,4020.8,18,1,4021.0,2,1
11483,2026-07-02 13:44:00+05:30,4019.4,1,4036.48,1522698,146751.0,177328.0,4100.0,4110.0,4012.0,4092.6,25314275,4501.8,3683.4,4440.0,3288.1,4019.4,1,1,4019.3,120,2,4019.2,84,1,4018.9,41,2,4018.7,18,1,4020.0,207,1,4020.6,5,1,4020.7,7,1,4020.8,18,1,4021.0,2,1
11483,2026-07-02 13:44:00+05:30,4019.4,1,4036.48,1522701,147148.0,177283.0,4100.0,4110.0,4012.0,4092.6,25314275,4501.8,3683.4,4440.0,3288.1,4019.4,83,1,4019.3,2,1,4019.2,120,2,4018.9,26,1,4018.7,65,3,4020.0,207,1,4021.0,2,1,4021.1,37,2,4021.2,81,4,4021.3,6,1
11483,2026-07-02 13:44:01+05:30,4020.0,5,4036.48,1522701,147148.0,177283.0,4100.0,4110.0,4012.0,4092.6,25314275,4501.8,3683.4,4440.0,3288.1,4019.4,83,1,4019.3,2,1,4019.2,120,2,4018.9,26,1,4018.7,65,3,4020.0,207,1,4021.0,2,1,4021.1,37,2,4021.2,81,4,4021.3,6,1
11483,2026-07-02 13:44:01+05:30,4019.9,1,4036.48,1522709,146082.0,177509.0,4100.0,4110.0,4012.0,4092.6,25314275,4501.8,3683.4,4440.0,3288.1,4019.9,1,1,4019.4,82,1,4019.2,120,2,4018.7,6,1,4018.6,22,2,4020.0,210,2,4020.5,18,1,4020.9,60,4,4021.0,39,5,4021.1,57,3
11483,2026-07-02 13:44:02+05:30,4020.0,1,4036.48,1522709,146082.0,177509.0,4100.0,4110.0,4012.0,4092.6,25314275,4501.8,3683.4,4440.0,3288.1,4019.9,1,1,4019.4,82,1,4019.2,120,2,4018.7,6,1,4018.6,22,2,4020.0,210,2,4020.5,18,1,4020.9,60,4,4021.0,39,5,4021.1,57,3
11483,2026-07-02 13:44:02+05:30,4019.9,1,4036.48,1522712,146017.0,177422.0,4100.0,4110.0,4012.0,4092.6,25314275,4501.8,3683.4,4440.0,3288.1,4019.9,52,2,4019.8,82,1,4019.7,69,1,4018.9,12,1,4018.7,42,2,4020.0,209,2,4020.6,10,1,4020.9,41,3,4021.0,4,2,4021.1,86,5
11483,2026-07-02 13:44:03+05:30,4019.9,1,4036.48,1522712,146017.0,177422.0,4100.0,4110.0,4012.0,4092.6,25314275,4501.8,3683.4,4440.0,3288.1,4019.9,52,2,4019.8,82,1,4019.7,69,1,4018.9,12,1,4018.7,42,2,4020.0,209,2,4020.6,10,1,4020.9,41,3,4021.0,4,2,4021.1,86,5
11483,2026-07-02 13:44:03+05:30,4019.9,1,4036.48,1522803,146066.0,177569.0,4100.0,4110.0,4012.0,4092.6,25314275,4501.8,3683.4,4440.0,3288.1,4019.9,17,1,4019.8,82,1,4019.7,69,1,4018.9,12,1,4018.7,6,1,4020.0,204,3,4020.5,123,2,4020.9,41,3,4021.0,40,4,4021.1,83,4
11483,2026-07-02 13:44:04+05:30,4019.9,11,4036.48,1522803,146066.0,177569.0,4100.0,4110.0,4012.0,4092.6,25314275,4501.8,3683.4,4440.0,3288.1,4019.9,17,1,4019.8,82,1,4019.7,69,1,4018.9,12,1,4018.7,6,1,4020.0,204,3,4020.5,123,2,4020.9,41,3,4021.0,40,4,4021.1,83,4
11483,2026-07-02 13:44:04+05:30,4019.9,1,4036.48,1522815,146067.0,177578.0,4100.0,4110.0,4012.0,4092.6,25314275,4501.8,3683.4,4440.0,3288.1,4019.9,5,1,4019.8,82,1,4019.7,69,1,4018.9,12,1,4018.7,6,1,4020.0,204,3,4020.2,18,1,4020.5,105,1,4020.6,40,2,4020.9,41,3
11483,2026-07-02 13:44:05+05:30,4019.8,10,4036.48,1522815,146067.0,177578.0,4100.0,4110.0,4012.0,4092.6,25314275,4501.8,3683.4,4440.0,3288.1,4019.9,5,1,4019.8,82,1,4019.7,69,1,4018.9,12,1,4018.7,6,1,4020.0,204,3,4020.2,18,1,4020.5,105,1,4020.6,40,2,4020.9,41,3
11483,2026-07-02 13:44:05+05:30,4019.8,1,4036.48,1522831,146122.0,177626.0,4100.0,4110.0,4012.0,4092.6,25314275,4501.8,3683.4,4440.0,3288.1,4019.9,69,1,4019.8,71,1,4019.7,60,1,4018.9,12,1,4018.7,6,1,4020.0,204,3,4020.5,105,1,4020.6,145,3,4020.9,41,3,4021.0,40,4
11483,2026-07-02 13:44:06+05:30,4020.0,1,4036.48,1522831,146122.0,177626.0,4100.0,4110.0,4012.0,4092.6,25314275,4501.8,3683.4,4440.0,3288.1,4019.9,69,1,4019.8,71,1,4019.7,60,1,4018.9,12,1,4018.7,6,1,4020.0,204,3,4020.5,105,1,4020.6,145,3,4020.9,41,3,4021.0,40,4
11483,2026-07-02 13:44:06+05:30,4020.0,1,4036.47,1523068,147271.0,177361.0,4100.0,4110.0,4012.0,4092.6,25314275,4501.8,3683.4,4440.0,3288.1,4019.9,62,1,4019.8,71,1,4019.7,60,1,4019.1,13,1,4019.0,2,1,4020.0,184,1,4020.5,105,1,4020.6,105,1,4021.0,35,2,4021.1,37,2
11483,2026-07-02 13:44:07+05:30,4019.9,28,4036.47,1523068,147271.0,177361.0,4100.0,4110.0,4012.0,4092.6,25314275,4501.8,3683.4,4440.0,3288.1,4019.9,62,1,4019.8,71,1,4019.7,60,1,4019.1,13,1,4019.0,2,1,4020.0,184,1,4020.5,105,1,4020.6,105,1,4021.0,35,2,4021.1,37,2
11483,2026-07-02 13:44:07+05:30,4020.0,1,4036.47,1523097,147296.0,177381.0,4100.0,4110.0,4012.0,4092.6,25314275,4501.8,3683.4,4440.0,3288.1,4019.9,34,1,4019.8,71,1,4019.7,60,1,4019.2,2,1,4019.1,13,1,4020.0,183,1,4020.5,105,1,4020.6,105,1,4021.0,35,2,4021.1,37,2
11483,2026-07-02 13:44:08+05:30,4020.0,20,4036.47,1523097,147296.0,177381.0,4100.0,4110.0,4012.0,4092.6,25314275,4501.8,3683.4,4440.0,3288.1,4019.9,34,1,4019.8,71,1,4019.7,60,1,4019.2,2,1,4019.1,13,1,4020.0,183,1,4020.5,105,1,4020.6,105,1,4021.0,35,2,4021.1,37,2
11483,2026-07-02 13:44:08+05:30,4020.0,20,4036.47,1523131,147294.0,177361.0,4100.0,4110.0,4012.0,4092.6,25314275,4501.8,3683.4,4440.0,3288.1,4019.9,30,1,4019.8,71,1,4019.7,60,1,4019.2,2,1,4018.9,12,1,4020.0,153,1,4020.5,105,1,4020.6,105,1,4020.9,18,1,4021.0,35,2
11483,2026-07-02 13:44:09+05:30,4020.0,500,4036.47,1523131,147294.0,177361.0,4100.0,4110.0,4012.0,4092.6,25314275,4501.8,3683.4,4440.0,3288.1,4019.9,30,1,4019.8,71,1,4019.7,60,1,4019.2,2,1,4018.9,12,1,4020.0,153,1,4020.5,105,1,4020.6,105,1,4020.9,18,1,4021.0,35,2
11483,2026-07-02 13:44:09+05:30,4020.0,500,4036.47,1523636,152681.0,177448.0,4100.0,4110.0,4012.0,4092.6,25314275,4501.8,3683.4,4440.0,3288.1,4019.9,27,2,4019.8,71,1,4019.7,60,1,4019.0,2,1,4018.9,12,1,4020.0,223,2,4020.5,105,1,4020.6,105,1,4020.9,18,1,4021.0,71,3
11483,2026-07-02 13:44:10+05:30,4019.8,12,4036.47,1523636,152681.0,177448.0,4100.0,4110.0,4012.0,4092.6,25314275,4501.8,3683.4,4440.0,3288.1,4019.9,27,2,4019.8,71,1,4019.7,60,1,4019.0,2,1,4018.9,12,1,4020.0,223,2,4020.5,105,1,4020.6,105,1,4020.9,18,1,4021.0,71,3
11483,2026-07-02 13:44:10+05:30,4019.8,12,4036.46,1523896,145476.0,177686.0,4100.0,4110.0,4012.0,4092.6,25314275,4501.8,3683.4,4440.0,3288.1,4019.8,84,1,4019.7,60,1,4018.6,12,1,4018.4,6,1,4018.3,25,2,4019.9,4,1,4020.0,285,7,4020.2,5,1,4020.3,12,1,4020.5,113,2
11483,2026-07-02 13:44:11+05:30,4019.9,4,4036.46,1523896,145476.0,177686.0,4100.0,4110.0,4012.0,4092.6,25314275,4501.8,3683.4,4440.0,3288.1,4019.8,84,1,4019.7,60,1,4018.6,12,1,4018.4,6,1,4018.3,25,2,4019.9,4,1,4020.0,285,7,4020.2,5,1,4020.3,12,1,4020.5,113,2
11483,2026-07-02 13:44:11+05:30,4019.9,4,4036.46,1523932,145833.0,177798.0,4100.0,4110.0,4012.0,4092.6,25314275,4501.8,3683.4,4440.0,3288.1,4019.9,56,1,4019.8,52,1,4019.7,67,1,4018.6,12,1,4018.4,11,2,4020.0,253,4,4020.3,36,2,4020.5,131,3,4020.6,169,4,4020.7,3,1
11483,2026-07-02 13:44:12+05:30,4019.9,4,4036.46,1523932,145833.0,177798.0,4100.0,4110.0,4012.0,4092.6,25314275,4501.8,3683.4,4440.0,3288.1,4019.9,56,1,4019.8,52,1,4019.7,67,1,4018.6,12,1,4018.4,11,2,4020.0,253,4,4020.3,36,2,4020.5,131,3,4020.6,169,4,4020.7,3,1
11483,2026-07-02 13:44:12+05:30,4019.9,4,4036.46,1523936,145862.0,177808.0,4100.0,4110.0,4012.0,4092.6,25314275,4501.8,3683.4,4440.0,3288.1,4019.9,53,2,4019.8,52,1,4019.7,67,1,4018.6,12,1,4018.4,11,2,4020.0,275,6,4020.3,41,3,4020.5,123,2,4020.6,169,4,4020.7,3,1
11483,2026-07-02 13:44:13+05:30,4019.9,1,4036.46,1523936,145862.0,177808.0,4100.0,4110.0,4012.0,4092.6,25314275,4501.8,3683.4,4440.0,3288.1,4019.9,53,2,4019.8,52,1,4019.7,67,1,4018.6,12,1,4018.4,11,2,4020.0,275,6,4020.3,41,3,4020.5,123,2,4020.6,169,4,4020.7,3,1
11483,2026-07-02 13:44:13+05:30,4019.9,1,4036.46,1523937,145865.0,177761.0,4100.0,4110.0,4012.0,4092.6,25314275,4501.8,3683.4,4440.0,3288.1,4019.9,52,2,4019.8,52,1,4019.7,67,1,4018.6,12,1,4018.4,11,2,4020.0,275,6,4020.3,41,3,4020.5,105,1,4020.6,169,4,4020.7,3,1
11483,2026-07-02 13:44:14+05:30,4019.9,1,4036.46,1523937,145865.0,177761.0,4100.0,4110.0,4012.0,4092.6,25314275,4501.8,3683.4,4440.0,3288.1,4019.9,52,2,4019.8,52,1,4019.7,67,1,4018.6,12,1,4018.4,11,2,4020.0,275,6,4020.3,41,3,4020.5,105,1,4020.6,169,4,4020.7,3,1
11483,2026-07-02 13:44:14+05:30,4019.9,1,4036.46,1523938,145870.0,178021.0,4100.0,4110.0,4012.0,4092.6,25314275,4501.8,3683.4,4440.0,3288.1,4019.9,51,2,4019.8,52,1,4019.7,67,1,4018.6,12,1,4018.4,11,2,4020.0,255,5,4020.3,41,3,4020.5,105,1,4020.6,169,4,4020.7,21,2
11483,2026-07-02 13:44:15+05:30,4020.0,5,4036.46,1523943,145871.0,177968.0,4100.0,4110.0,4012.0,4092.6,25314275,4501.8,3683.4,4440.0,3288.1,4019.9,51,2,4019.8,52,1,4019.7,67,1,4018.6,12,1,4018.4,11,2,4020.0,240,4,4020.3,36,2,4020.5,113,2,4020.6,169,4,4020.7,21,2
11483,2026-07-02 13:44:16+05:30,4019.9,1,4036.46,1523943,145871.0,177968.0,4100.0,4110.0,4012.0,4092.6,25314275,4501.8,3683.4,4440.0,3288.1,4019.9,51,2,4019.8,52,1,4019.7,67,1,4018.6,12,1,4018.4,11,2,4020.0,240,4,4020.3,36,2,4020.5,113,2,4020.6,169,4,4020.7,21,2
11483,2026-07-02 13:44:16+05:30,4019.9,1,4036.46,1524000,145736.0,177929.0,4100.0,4110.0,4012.0,4092.6,25314275,4501.8,3683.4,4440.0,3288.1,4019.9,60,1,4018.6,12,1,4018.4,5,1,4018.3,25,2,4018.1,3,1,4020.0,214,3,4020.2,18,1,4020.3,36,2,4020.5,116,3,4020.6,169,4
11483,2026-07-02 13:44:16+05:30,4019.9,1,4036.46,1524000,145736.0,177929.0,4100.0,4110.0,4012.0,4092.6,25314275,4501.8,3683.4,4440.0,3288.1,4019.9,60,1,4018.6,12,1,4018.4,5,1,4018.3,25,2,4018.1,3,1,4020.0,214,3,4020.2,18,1,4020.3,36,2,4020.5,116,3,4020.6,169,4
11483,2026-07-02 13:44:17+05:30,4019.9,3,4036.46,1524000,145736.0,177929.0,4100.0,4110.0,4012.0,4092.6,25314275,4501.8,3683.4,4440.0,3288.1,4019.9,60,1,4018.6,12,1,4018.4,5,1,4018.3,25,2,4018.1,3,1,4020.0,214,3,4020.2,18,1,4020.3,36,2,4020.5,116,3,4020.6,169,4
11483,2026-07-02 13:44:17+05:30,4019.9,3,4036.46,1524063,145787.0,178501.0,4100.0,4110.0,4012.0,4092.6,25314275,4501.8,3683.4,4440.0,3288.1,4018.4,19,2,4018.3,25,2,4018.0,26,5,4017.9,30,3,4017.7,19,2,4019.9,57,2,4020.0,309,8,4020.2,14,2,4020.3,44,4,4020.4,9,2
11483,2026-07-02 13:44:17+05:30,4019.9,3,4036.46,1524063,145787.0,178501.0,4100.0,4110.0,4012.0,4092.6,25314275,4501.8,3683.4,4440.0,3288.1,4018.4,19,2,4018.3,25,2,4018.0,26,5,4017.9,30,3,4017.7,19,2,4019.9,57,2,4020.0,309,8,4020.2,14,2,4020.3,44,4,4020.4,9,2
11483,2026-07-02 13:44:18+05:30,4018.4,3,4036.46,1524063,145787.0,178501.0,4100.0,4110.0,4012.0,4092.6,25314275,4501.8,3683.4,4440.0,3288.1,4018.4,19,2,4018.3,25,2,4018.0,26,5,4017.9,30,3,4017.7,19,2,4019.9,57,2,4020.0,309,8,4020.2,14,2,4020.3,44,4,4020.4,9,2
11483,2026-07-02 13:44:18+05:30,4018.4,3,4036.46,1524079,145803.0,178863.0,4100.0,4110.0,4012.0,4092.6,25314275,4501.8,3683.4,4440.0,3288.1,4018.4,13,2,4018.3,13,1,4018.0,28,6,4017.9,10,2,4017.7,13,1,4019.6,27,2,4019.7,50,3,4019.8,93,4,4019.9,72,4,4020.0,287,6
11483,2026-07-02 13:44:18+05:30,4018.4,3,4036.46,1524079,145803.0,178863.0,4100.0,4110.0,4012.0,4092.6,25314275,4501.8,3683.4,4440.0,3288.1,4018.4,13,2,4018.3,13,1,4018.0,28,6,4017.9,10,2,4017.7,13,1,4019.6,27,2,4019.7,50,3,4019.8,93,4,4019.9,72,4,4020.0,287,6
11483,2026-07-02 13:44:19+05:30,4019.6,5,4036.46,1524079,145803.0,178863.0,4100.0,4110.0,4012.0,4092.6,25314275,4501.8,3683.4,4440.0,3288.1,4018.4,13,2,4018.3,13,1,4018.0,28,6,4017.9,10,2,4017.7,13,1,4019.6,27,2,4019.7,50,3,4019.8,93,4,4019.9,72,4,4020.0,287,6
11483,2026-07-02 13:44:19+05:30,4019.7,1,4036.46,1524108,146257.0,178878.0,4100.0,4110.0,4012.0,4092.6,25314275,4501.8,3683.4,4440.0,3288.1,4019.0,1,1,4018.4,11,2,4018.3,25,2,4018.0,26,5,4017.9,10,2,4019.8,14,1,4019.9,15,2,4020.0,267,4,4020.2,14,1,4020.3,94,5
11483,2026-07-02 13:44:19+05:30,4019.7,1,4036.46,1524108,146257.0,178878.0,4100.0,4110.0,4012.0,4092.6,25314275,4501.8,3683.4,4440.0,3288.1,4019.0,1,1,4018.4,11,2,4018.3,25,2,4018.0,26,5,4017.9,10,2,4019.8,14,1,4019.9,15,2,4020.0,267,4,4020.2,14,1,4020.3,94,5
11483,2026-07-02 13:44:20+05:30,4019.7,1,4036.46,1524108,146257.0,178878.0,4100.0,4110.0,4012.0,4092.6,25314275,4501.8,3683.4,4440.0,3288.1,4019.0,1,1,4018.4,11,2,4018.3,25,2,4018.0,26,5,4017.9,10,2,4019.8,14,1,4019.9,15,2,4020.0,267,4,4020.2,14,1,4020.3,94,5
11483,2026-07-02 13:44:20+05:30,4019.0,3,4036.46,1524108,146257.0,178878.0,4100.0,4110.0,4012.0,4092.6,25314275,4501.8,3683.4,4440.0,3288.1,4019.0,1,1,4018.4,11,2,4018.3,25,2,4018.0,26,5,4017.9,10,2,4019.8,14,1,4019.9,15,2,4020.0,267,4,4020.2,14,1,4020.3,94,5
11483,2026-07-02 13:44:20+05:30,4019.0,3,4036.46,1524108,146257.0,178878.0,4100.0,4110.0,4012.0,4092.6,25314275,4501.8,3683.4,4440.0,3288.1,4019.0,1,1,4018.4,11,2,4018.3,25,2,4018.0,26,5,4017.9,10,2,4019.8,14,1,4019.9,15,2,4020.0,267,4,4020.2,14,1,4020.3,94,5
11483,2026-07-02 13:44:20+05:30,4019.8,1,4036.46,1524113,146916.0,179142.0,4100.0,4110.0,4012.0,4092.6,25314275,4501.8,3683.4,4440.0,3288.1,4019.1,3,1,4018.4,32,3,4018.3,39,3,4018.1,78,3,4018.0,48,6,4019.8,10,1,4019.9,2,1,4020.0,249,4,4020.2,20,1,4020.3,24,1
11483,2026-07-02 13:44:20+05:30,4019.8,1,4036.46,1524113,146916.0,179142.0,4100.0,4110.0,4012.0,4092.6,25329500,4501.8,3683.4,4440.0,3288.1,4019.1,3,1,4018.4,32,3,4018.3,39,3,4018.1,78,3,4018.0,48,6,4019.8,10,1,4019.9,2,1,4020.0,249,4,4020.2,20,1,4020.3,24,1
11483,2026-07-02 13:44:21+05:30,4019.8,1,4036.46,1524113,146916.0,179142.0,4100.0,4110.0,4012.0,4092.6,25329500,4501.8,3683.4,4440.0,3288.1,4019.1,3,1,4018.4,32,3,4018.3,39,3,4018.1,78,3,4018.0,48,6,4019.8,10,1,4019.9,2,1,4020.0,249,4,4020.2,20,1,4020.3,24,1
11483,2026-07-02 13:44:21+05:30,4019.8,1,4036.46,1524113,146916.0,179142.0,4100.0,4110.0,4012.0,4092.6,25329500,4501.8,3683.4,4440.0,3288.1,4019.1,3,1,4018.4,32,3,4018.3,39,3,4018.1,78,3,4018.0,48,6,4019.8,10,1,4019.9,2,1,4020.0,249,4,4020.2,20,1,4020.3,24,1
11483,2026-07-02 13:44:21+05:30,4019.8,1,4036.46,1524127,146923.0,179131.0,4100.0,4110.0,4012.0,4092.6,25329500,4501.8,3683.4,4440.0,3288.1,4019.1,3,1,4018.4,32,3,4018.3,26,2,4018.1,78,3,4018.0,48,6,4019.8,4,1,4020.0,258,5,4020.2,20,1,4020.3,30,2,4020.4,11,2
11483,2026-07-02 13:44:21+05:30,4019.8,1,4036.46,1524127,146923.0,179131.0,4100.0,4110.0,4012.0,4092.6,25329500,4501.8,3683.4,4440.0,3288.1,4019.1,3,1,4018.4,32,3,4018.3,26,2,4018.1,78,3,4018.0,48,6,4019.8,4,1,4020.0,258,5,4020.2,20,1,4020.3,30,2,4020.4,11,2
11483,2026-07-02 13:44:22+05:30,4019.8,1,4036.46,1524127,146923.0,179131.0,4100.0,4110.0,4012.0,4092.6,25329500,4501.8,3683.4,4440.0,3288.1,4019.1,3,1,4018.4,32,3,4018.3,26,2,4018.1,78,3,4018.0,48,6,4019.8,4,1,4020.0,258,5,4020.2,20,1,4020.3,30,2,4020.4,11,2
11483,2026-07-02 13:44:22+05:30,4019.8,3,4036.46,1524127,146923.0,179131.0,4100.0,4110.0,4012.0,4092.6,25329500,4501.8,3683.4,4440.0,3288.1,4019.1,3,1,4018.4,32,3,4018.3,26,2,4018.1,78,3,4018.0,48,6,4019.8,4,1,4020.0,258,5,4020.2,20,1,4020.3,30,2,4020.4,11,2
11483,2026-07-02 13:44:22+05:30,4019.8,1,4036.46,1524133,146932.0,179142.0,4100.0,4110.0,4012.0,4092.6,25329500,4501.8,3683.4,4440.0,3288.1,4019.1,1,1,4018.4,12,2,4018.3,26,2,4018.1,78,3,4018.0,48,6,4020.0,295,7,4020.3,50,3,4020.4,11,2,4020.5,132,2,4020.6,260,7
11483,2026-07-02 13:44:22+05:30,4019.8,1,4036.46,1524133,146932.0,179142.0,4100.0,4110.0,4012.0,4092.6,25329500,4501.8,3683.4,4440.0,3288.1,4019.1,1,1,4018.4,12,2,4018.3,26,2,4018.1,78,3,4018.0,48,6,4020.0,295,7,4020.3,50,3,4020.4,11,2,4020.5,132,2,4020.6,260,7
11483,2026-07-02 13:44:23+05:30,4019.9,10,4036.46,1524133,146932.0,179142.0,4100.0,4110.0,4012.0,4092.6,25329500,4501.8,3683.4,4440.0,3288.1,4019.1,1,1,4018.4,12,2,4018.3,26,2,4018.1,78,3,4018.0,48,6,4020.0,295,7,4020.3,50,3,4020.4,11,2,4020.5,132,2,4020.6,260,7
11483,2026-07-02 13:44:23+05:30,4019.8,1,4036.46,1524146,146866.0,179244.0,4100.0,4110.0,4012.0,4092.6,25329500,4501.8,3683.4,4440.0,3288.1,4018.5,38,3,4018.4,21,2,4018.3,59,3,4018.2,36,1,4018.1,45,2,4019.8,10,1,4020.0,263,5,4020.3,44,2,4020.4,6,1,4020.5,119,4
11483,2026-07-02 13:44:24+05:30,4019.9,1,4036.46,1524146,146866.0,179244.0,4100.0,4110.0,4012.0,4092.6,25329500,4501.8,3683.4,4440.0,3288.1,4018.5,38,3,4018.4,21,2,4018.3,59,3,4018.2,36,1,4018.1,45,2,4019.8,10,1,4020.0,263,5,4020.3,44,2,4020.4,6,1,4020.5,119,4
11483,2026-07-02 13:44:24+05:30,4019.9,1,4036.46,1524152,146780.0,179111.0,4100.0,4110.0,4012.0,4092.6,25329500,4501.8,3683.4,4440.0,3288.1,4018.5,18,2,4018.4,12,2,4018.3,21,2,4018.2,36,1,4018.1,26,2,4019.9,8,1,4020.0,296,7,4020.2,38,1,4020.3,47,3,4020.4,12,2
11483,2026-07-02 13:44:25+05:30,4018.5,1,4036.46,1524152,146780.0,179111.0,4100.0,4110.0,4012.0,4092.6,25329500,4501.8,3683.4,4440.0,3288.1,4018.5,18,2,4018.4,12,2,4018.3,21,2,4018.2,36,1,4018.1,26,2,4019.9,8,1,4020.0,296,7,4020.2,38,1,4020.3,47,3,4020.4,12,2
11483,2026-07-02 13:44:25+05:30,4020.0,1,4036.46,1524167,146810.0,179045.0,4100.0,4110.0,4012.0,4092.6,25329500,4501.8,3683.4,4440.0,3288.1,4018.6,18,2,4018.5,23,3,4018.4,5,1,4018.3,21,2,4018.2,36,1,4020.0,282,7,4020.2,38,1,4020.3,47,3,4020.4,12,2,4020.5,110,2
11483,2026-07-02 13:44:26+05:30,4020.0,7,4036.46,1524167,146810.0,179045.0,4100.0,4110.0,4012.0,4092.6,25329500,4501.8,3683.4,4440.0,3288.1,4018.6,18,2,4018.5,23,3,4018.4,5,1,4018.3,21,2,4018.2,36,1,4020.0,282,7,4020.2,38,1,4020.3,47,3,4020.4,12,2,4020.5,110,2
11483,2026-07-02 13:44:26+05:30,4020.0,1,4036.46,1524177,146919.0,178969.0,4100.0,4110.0,4012.0,4092.6,25329500,4501.8,3683.4,4440.0,3288.1,4018.7,19,1,4018.6,32,4,4018.5,8,1,4018.4,53,3,4018.3,33,3,4020.0,264,7,4020.3,44,2,4020.4,9,2,4020.5,116,3,4020.6,169,4
11483,2026-07-02 13:44:27+05:30,4018.7,1,4036.46,1524177,146919.0,178969.0,4100.0,4110.0,4012.0,4092.6,25329500,4501.8,3683.4,4440.0,3288.1,4018.7,19,1,4018.6,32,4,4018.5,8,1,4018.4,53,3,4018.3,33,3,4020.0,264,7,4020.3,44,2,4020.4,9,2,4020.5,116,3,4020.6,169,4
11483,2026-07-02 13:44:27+05:30,4019.8,1,4036.46,1524179,149949.0,179417.0,4100.0,4110.0,4012.0,4092.6,25329500,4501.8,3683.4,4440.0,3288.1,4018.6,16,2,4018.4,15,2,4018.3,13,1,4018.1,7,1,4018.0,181,7,4019.8,59,3,4019.9,45,5,4020.0,330,11,4020.1,47,3,4020.2,56,5
11483,2026-07-02 13:44:28+05:30,4019.8,5,4036.46,1524179,149949.0,179417.0,4100.0,4110.0,4012.0,4092.6,25329500,4501.8,3683.4,4440.0,3288.1,4018.6,16,2,4018.4,15,2,4018.3,13,1,4018.1,7,1,4018.0,181,7,4019.8,59,3,4019.9,45,5,4020.0,330,11,4020.1,47,3,4020.2,56,5
11483,2026-07-02 13:44:28+05:30,4019.8,1,4036.46,1524262,149537.0,179493.0,4100.0,4110.0,4012.0,4092.6,25329500,4501.8,3683.4,4440.0,3288.1,4018.6,6,1,4018.4,15,2,4018.3,13,1,4018.1,5,1,4018.0,181,7,4019.8,28,2,4019.9,69,5,4020.0,314,10,4020.1,45,2,4020.2,58,6
11483,2026-07-02 13:44:29+05:30,4018.6,4,4036.46,1524262,149537.0,179493.0,4100.0,4110.0,4012.0,4092.6,25329500,4501.8,3683.4,4440.0,3288.1,4018.6,6,1,4018.4,15,2,4018.3,13,1,4018.1,5,1,4018.0,181,7,4019.8,28,2,4019.9,69,5,4020.0,314,10,4020.1,45,2,4020.2,58,6
11483,2026-07-02 13:44:29+05:30,4019.7,1,4036.46,1524273,149674.0,179302.0,4100.0,4110.0,4012.0,4092.6,25329500,4501.8,3683.4,4440.0,3288.1,4019.1,1,1,4018.5,1,1,4018.4,15,2,4018.3,13,1,4018.1,2,1,4019.7,102,7,4019.8,8,1,4019.9,62,5,4020.0,155,9,4020.1,7,1
11483,2026-07-02 13:44:30+05:30,4019.7,1,4036.46,1524273,149674.0,179302.0,4100.0,4110.0,4012.0,4092.6,25329500,4501.8,3683.4,4440.0,3288.1,4019.1,1,1,4018.5,1,1,4018.4,15,2,4018.3,13,1,4018.1,2,1,4019.7,102,7,4019.8,8,1,4019.9,62,5,4020.0,155,9,4020.1,7,1
11483,2026-07-02 13:44:30+05:30,4019.7,2,4036.46,1524277,149758.0,179327.0,4100.0,4110.0,4012.0,4092.6,25329500,4501.8,3683.4,4440.0,3288.1,4019.1,1,1,4018.5,1,1,4018.4,15,2,4018.3,13,1,4018.1,2,1,4019.7,86,6,4019.8,12,1,4019.9,43,4,4020.0,142,8,4020.1,7,1
11483,2026-07-02 13:44:31+05:30,4019.7,3,4036.46,1524277,149758.0,179327.0,4100.0,4110.0,4012.0,4092.6,25329500,4501.8,3683.4,4440.0,3288.1,4019.1,1,1,4018.5,1,1,4018.4,15,2,4018.3,13,1,4018.1,2,1,4019.7,86,6,4019.8,12,1,4019.9,43,4,4020.0,142,8,4020.1,7,1
11483,2026-07-02 13:44:31+05:30,4019.7,1,4036.46,1524286,145189.0,179396.0,4100.0,4110.0,4012.0,4092.6,25329500,4501.8,3683.4,4440.0,3288.1,4019.1,1,1,4018.5,1,1,4018.4,15,2,4018.3,13,1,4018.1,2,1,4019.7,60,7,4019.8,36,5,4019.9,43,4,4020.0,142,8,4020.1,7,1
11483,2026-07-02 13:44:32+05:30,4019.7,1,4036.46,1524286,145189.0,179396.0,4100.0,4110.0,4012.0,4092.6,25329500,4501.8,3683.4,4440.0,3288.1,4019.1,1,1,4018.5,1,1,4018.4,15,2,4018.3,13,1,4018.1,2,1,4019.7,60,7,4019.8,36,5,4019.9,43,4,4020.0,142,8,4020.1,7,1
11483,2026-07-02 13:44:32+05:30,4019.8,8,4036.46,1524297,146255.0,178477.0,4100.0,4110.0,4012.0,4092.6,25329500,4501.8,3683.4,4440.0,3288.1,4019.1,1,1,4018.6,55,2,4018.5,75,4,4018.4,15,2,4018.3,104,6,4019.8,4,1,4020.0,60,5,4020.2,15,1,4020.3,15,1,4020.4,22,2
11483,2026-07-02 13:44:33+05:30,4018.8,3,4036.46,1524297,146255.0,178477.0,4100.0,4110.0,4012.0,4092.6,25329500,4501.8,3683.4,4440.0,3288.1,4019.1,1,1,4018.6,55,2,4018.5,75,4,4018.4,15,2,4018.3,104,6,4019.8,4,1,4020.0,60,5,4020.2,15,1,4020.3,15,1,4020.4,22,2
11483,2026-07-02 13:44:33+05:30,4019.8,1,4036.46,1524302,147377.0,178479.0,4100.0,4110.0,4012.0,4092.6,25329500,4501.8,3683.4,4440.0,3288.1,4018.8,33,3,4018.7,61,3,4018.6,36,2,4018.5,72,3,4018.4,48,5,4020.0,71,5,4020.2,15,1,4020.3,15,1,4020.8,55,3,4020.9,32,2
11483,2026-07-02 13:44:34+05:30,4019.8,1,4036.46,1524302,147377.0,178479.0,4100.0,4110.0,4012.0,4092.6,25329500,4501.8,3683.4,4440.0,3288.1,4018.8,33,3,4018.7,61,3,4018.6,36,2,4018.5,72,3,4018.4,48,5,4020.0,71,5,4020.2,15,1,4020.3,15,1,4020.8,55,3,4020.9,32,2
11483,2026-07-02 13:44:34+05:30,4018.6,9,4036.46,1524315,146302.0,178499.0,4100.0,4110.0,4012.0,4092.6,25329500,4501.8,3683.4,4440.0,3288.1,4018.6,16,3,4018.4,27,3,4018.3,72,2,4018.1,18,4,4018.0,196,8,4019.8,13,1,4019.9,8,1,4020.0,78,5,4020.2,15,1,4020.3,36,3
11483,2026-07-02 13:44:35+05:30,4018.4,3,4036.46,1524315,146302.0,178499.0,4100.0,4110.0,4012.0,4092.6,25329500,4501.8,3683.4,4440.0,3288.1,4018.6,16,3,4018.4,27,3,4018.3,72,2,4018.1,18,4,4018.0,196,8,4019.8,13,1,4019.9,8,1,4020.0,78,5,4020.2,15,1,4020.3,36,3
11483,2026-07-02 13:44:35+05:30,4019.9,1,4036.46,1524365,146478.0,178350.0,4100.0,4110.0,4012.0,4092.6,25329500,4501.8,3683.4,4440.0,3288.1,4018.5,37,3,4018.4,14,2,4018.3,36,1,4018.2,29,2,4018.1,90,5,4019.9,5,1,4020.0,72,5,4020.2,15,1,4020.3,16,2,4020.4,69,3
11483,2026-07-02 13:44:36+05:30,4019.9,3,4036.46,1524365,146478.0,178350.0,4100.0,4110.0,4012.0,4092.6,25329500,4501.8,3683.4,4440.0,3288.1,4018.5,37,3,4018.4,14,2,4018.3,36,1,4018.2,29,2,4018.1,90,5,4019.9,5,1,4020.0,72,5,4020.2,15,1,4020.3,16,2,4020.4,69,3
11483,2026-07-02 13:44:36+05:30,4018.5,1,4036.46,1524376,150936.0,178433.0,4100.0,4110.0,4012.0,4092.6,25329500,4501.8,3683.4,4440.0,3288.1,4018.5,11,2,4018.4,14,2,4018.3,36,1,4018.1,42,2,4018.0,295,9,4019.9,2,1,4020.0,92,6,4020.2,51,2,4020.3,39,4,4020.4,78,4
11483,2026-07-02 13:44:37+05:30,4018.5,1,4036.46,1524376,150936.0,178433.0,4100.0,4110.0,4012.0,4092.6,25329500,4501.8,3683.4,4440.0,3288.1,4018.5,11,2,4018.4,14,2,4018.3,36,1,4018.1,42,2,4018.0,295,9,4019.9,2,1,4020.0,92,6,4020.2,51,2,4020.3,39,4,4020.4,78,4
11483,2026-07-02 13:44:37+05:30,4018.6,1,4036.46,1524378,150924.0,178433.0,4100.0,4110.0,4012.0,4092.6,25329500,4501.8,3683.4,4440.0,3288.1,4018.6,1,1,4018.5,10,2,4018.4,14,2,4018.1,49,3,4018.0,295,9,4019.9,2,1,4020.0,92,6,4020.1,36,1,4020.2,15,1,4020.3,62,5
11483,2026-07-02 13:44:38+05:30,4018.6,1,4036.46,1524378,150924.0,178433.0,4100.0,4110.0,4012.0,4092.6,25329500,4501.8,3683.4,4440.0,3288.1,4018.6,1,1,4018.5,10,2,4018.4,14,2,4018.1,49,3,4018.0,295,9,4019.9,2,1,4020.0,92,6,4020.1,36,1,4020.2,15,1,4020.3,62,5
11483,2026-07-02 13:44:38+05:30,4018.6,1,4036.46,1524379,150957.0,178386.0,4100.0,4110.0,4012.0,4092.6,25329500,4501.8,3683.4,4440.0,3288.1,4018.6,2,1,4018.5,10,2,4018.4,14,2,4018.1,49,3,4018.0,295,9,4019.9,3,2,4020.0,92,6,4020.1,36,1,4020.2,15,1,4020.3,39,4
11483,2026-07-02 13:44:39+05:30,4019.9,1,4036.46,1524379,150957.0,178386.0,4100.0,4110.0,4012.0,4092.6,25329500,4501.8,3683.4,4440.0,3288.1,4018.6,2,1,4018.5,10,2,4018.4,14,2,4018.1,49,3,4018.0,295,9,4019.9,3,2,4020.0,92,6,4020.1,36,1,4020.2,15,1,4020.3,39,4
11483,2026-07-02 13:44:39+05:30,4019.2,1,4036.46,1524383,146427.0,178532.0,4100.0,4110.0,4012.0,4092.6,25329500,4501.8,3683.4,4440.0,3288.1,4018.6,1,1,4018.5,9,1,4018.4,14,2,4018.2,4,1,4018.1,42,2,4019.8,12,1,4019.9,13,2,4020.0,58,4,4020.1,47,2,4020.2,27,2
11483,2026-07-02 13:44:40+05:30,4018.6,1,4036.46,1524383,146427.0,178532.0,4100.0,4110.0,4012.0,4092.6,25329500,4501.8,3683.4,4440.0,3288.1,4018.6,1,1,4018.5,9,1,4018.4,14,2,4018.2,4,1,4018.1,42,2,4019.8,12,1,4019.9,13,2,4020.0,58,4,4020.1,47,2,4020.2,27,2
11483,2026-07-02 13:44:40+05:30,4018.6,1,4036.46,1524384,146392.0,178428.0,4100.0,4110.0,4012.0,4092.6,25329500,4501.8,3683.4,4440.0,3288.1,4018.6,2,1,4018.5,9,1,4018.4,14,2,4018.2,4,1,4018.1,42,2,4019.8,13,2,4019.9,14,3,4020.0,58,4,4020.1,47,2,4020.2,57,3
11483,2026-07-02 13:44:41+05:30,4018.6,1,4036.46,1524384,146392.0,178428.0,4100.0,4110.0,4012.0,4092.6,25329500,4501.8,3683.4,4440.0,3288.1,4018.6,2,1,4018.5,9,1,4018.4,14,2,4018.2,4,1,4018.1,42,2,4019.8,13,2,4019.9,14,3,4020.0,58,4,4020.1,47,2,4020.2,57,3
11483,2026-07-02 13:44:41+05:30,4018.6,1,4036.46,1524386,147111.0,178853.0,4100.0,4110.0,4012.0,4092.6,25329500,4501.8,3683.4,4440.0,3288.1,4018.6,2,1,4018.5,9,1,4018.4,14,2,4018.1,40,1,4018.0,260,7,4019.1,250,1,4019.8,14,3,4019.9,15,3,4020.0,61,5,4020.1,106,5
11483,2026-07-02 13:44:42+05:30,4019.1,2,4036.46,1524386,147111.0,178853.0,4100.0,4110.0,4012.0,4092.6,25329500,4501.8,3683.4,4440.0,3288.1,4018.6,2,1,4018.5,9,1,4018.4,14,2,4018.1,40,1,4018.0,260,7,4019.1,250,1,4019.8,14,3,4019.9,15,3,4020.0,61,5,4020.1,106,5
11483,2026-07-02 13:44:42+05:30,4019.1,2,4036.46,1524389,151770.0,178480.0,4100.0,4110.0,4012.0,4092.6,25329500,4501.8,3683.4,4440.0,3288.1,4018.6,1,1,4018.5,106,2,4018.4,14,2,4018.1,40,1,4018.0,260,7,4019.1,249,2,4019.8,13,2,4019.9,15,3,4020.0,61,5,4020.1,106,5
11483,2026-07-02 13:44:43+05:30,4018.6,1,4036.46,1524389,151770.0,178480.0,4100.0,4110.0,4012.0,4092.6,25329500,4501.8,3683.4,4440.0,3288.1,4018.6,1,1,4018.5,106,2,4018.4,14,2,4018.1,40,1,4018.0,260,7,4019.1,249,2,4019.8,13,2,4019.9,15,3,4020.0,61,5,4020.1,106,5
11483,2026-07-02 13:44:43+05:30,4018.6,1,4036.46,1524390,151779.0,178523.0,4100.0,4110.0,4012.0,4092.6,25329500,4501.8,3683.4,4440.0,3288.1,4018.6,2,1,4018.5,98,2,4018.4,14,2,4018.1,40,1,4018.0,260,7,4019.1,250,3,4019.8,12,1,4019.9,13,2,4020.0,61,5,4020.1,77,3
11483,2026-07-02 13:44:44+05:30,4018.6,1,4036.46,1524390,151779.0,178523.0,4100.0,4110.0,4012.0,4092.6,25329500,4501.8,3683.4,4440.0,3288.1,4018.6,2,1,4018.5,98,2,4018.4,14,2,4018.1,40,1,4018.0,260,7,4019.1,250,3,4019.8,12,1,4019.9,13,2,4020.0,61,5,4020.1,77,3
11483,2026-07-02 13:44:44+05:30,4018.6,1,4036.46,1524392,151773.0,178508.0,4100.0,4110.0,4012.0,4092.6,25329500,4501.8,3683.4,4440.0,3288.1,4018.6,2,1,4018.5,98,2,4018.4,14,2,4018.1,40,1,4018.0,260,7,4019.1,250,3,4019.8,12,1,4019.9,13,2,4020.0,58,4,4020.1,80,4
11483,2026-07-02 13:44:45+05:30,4018.6,1,4036.46,1524392,151773.0,178508.0,4100.0,4110.0,4012.0,4092.6,25329500,4501.8,3683.4,4440.0,3288.1,4018.6,2,1,4018.5,98,2,4018.4,14,2,4018.1,40,1,4018.0,260,7,4019.1,250,3,4019.8,12,1,4019.9,13,2,4020.0,58,4,4020.1,80,4
11483,2026-07-02 13:44:45+05:30,4018.6,1,4036.46,1524393,145779.0,178750.0,4100.0,4110.0,4012.0,4092.6,25329500,4501.8,3683.4,4440.0,3288.1,4018.6,1,1,4018.5,98,2,4018.4,14,2,4018.0,258,6,4017.9,10,2,4019.1,286,6,4019.3,18,2,4019.4,28,2,4019.5,5,1,4019.7,49,3
11483,2026-07-02 13:44:46+05:30,4019.1,3,4036.46,1524393,145779.0,178750.0,4100.0,4110.0,4012.0,4092.6,25329500,4501.8,3683.4,4440.0,3288.1,4018.6,1,1,4018.5,98,2,4018.4,14,2,4018.0,258,6,4017.9,10,2,4019.1,286,6,4019.3,18,2,4019.4,28,2,4019.5,5,1,4019.7,49,3
11483,2026-07-02 13:44:46+05:30,4019.1,3,4036.46,1524399,145777.0,179130.0,4100.0,4110.0,4012.0,4092.6,25329500,4501.8,3683.4,4440.0,3288.1,4019.0,1,1,4018.7,10,1,4018.6,1,1,4018.5,98,2,4018.4,14,2,4019.1,266,5,4019.2,11,1,4019.3,10,1,4019.4,28,2,4019.5,14,2
11483,2026-07-02 13:44:47+05:30,4018.0,32,4036.46,1524399,145777.0,179130.0,4100.0,4110.0,4012.0,4092.6,25329500,4501.8,3683.4,4440.0,3288.1,4019.0,1,1,4018.7,10,1,4018.6,1,1,4018.5,98,2,4018.4,14,2,4019.1,266,5,4019.2,11,1,4019.3,10,1,4019.4,28,2,4019.5,14,2
11483,2026-07-02 13:44:47+05:30,4018.0,32,4036.45,1524701,145545.0,179235.0,4100.0,4110.0,4012.0,4092.6,25329500,4501.8,3683.4,4440.0,3288.1,4018.0,218,2,4017.9,10,2,4017.6,5,1,4017.5,10,1,4017.4,75,3,4019.1,268,6,4019.2,21,2,4019.4,19,1,4019.5,14,2,4019.6,41,2
11483,2026-07-02 13:44:48+05:30,4019.0,10,4036.45,1524749,145516.0,179294.0,4100.0,4110.0,4012.0,4092.6,25329500,4501.8,3683.4,4440.0,3288.1,4018.0,230,3,4017.9,10,2,4017.6,5,1,4017.5,10,1,4017.4,75,3,4019.0,3,1,4019.1,268,6,4019.2,10,1,4019.4,19,1,4019.5,14,2
11483,2026-07-02 13:44:48+05:30,4019.0,1,4036.45,1524749,145516.0,179294.0,4100.0,4110.0,4012.0,4092.6,25329500,4501.8,3683.4,4440.0,3288.1,4018.0,230,3,4017.9,10,2,4017.6,5,1,4017.5,10,1,4017.4,75,3,4019.0,3,1,4019.1,268,6,4019.2,10,1,4019.4,19,1,4019.5,14,2
11483,2026-07-02 13:44:49+05:30,4018.0,1,4036.45,1524757,145439.0,179348.0,4100.0,4110.0,4012.0,4092.6,25329500,4501.8,3683.4,4440.0,3288.1,4018.5,1,1,4018.0,223,3,4017.9,10,2,4017.6,5,1,4017.5,10,1,4019.0,3,2,4019.1,268,6,4019.2,10,1,4019.4,55,2,4019.5,14,2
11483,2026-07-02 13:44:49+05:30,4018.0,1,4036.45,1524757,145439.0,179348.0,4100.0,4110.0,4012.0,4092.6,25329500,4501.8,3683.4,4440.0,3288.1,4018.5,1,1,4018.0,223,3,4017.9,10,2,4017.6,5,1,4017.5,10,1,4019.0,3,2,4019.1,268,6,4019.2,10,1,4019.4,55,2,4019.5,14,2
11483,2026-07-02 13:44:50+05:30,4018.5,1,4036.45,1524759,145418.0,179364.0,4100.0,4110.0,4012.0,4092.6,25329500,4501.8,3683.4,4440.0,3288.1,4018.0,223,3,4017.9,10,2,4017.6,5,1,4017.5,10,1,4017.4,48,2,4019.0,5,3,4019.1,247,3,4019.2,10,1,4019.4,55,2,4019.5,44,3
11483,2026-07-02 13:44:50+05:30,4019.0,2,4036.45,1524759,145418.0,179364.0,4100.0,4110.0,4012.0,4092.6,25329500,4501.8,3683.4,4440.0,3288.1,4018.0,223,3,4017.9,10,2,4017.6,5,1,4017.5,10,1,4017.4,48,2,4019.0,5,3,4019.1,247,3,4019.2,10,1,4019.4,55,2,4019.5,44,3
11483,2026-07-02 13:44:51+05:30,4019.0,4,4036.45,1524771,145603.0,179522.0,4100.0,4110.0,4012.0,4092.6,25329500,4501.8,3683.4,4440.0,3288.1,4018.1,211,1,4018.0,223,3,4017.9,10,2,4017.6,5,1,4017.5,10,1,4019.0,97,3,4019.1,245,2,4019.2,74,2,4019.4,55,2,4019.5,77,4
11483,2026-07-02 13:44:51+05:30,4018.2,1,4036.45,1524771,145603.0,179522.0,4100.0,4110.0,4012.0,4092.6,25329500,4501.8,3683.4,4440.0,3288.1,4018.1,211,1,4018.0,223,3,4017.9,10,2,4017.6,5,1,4017.5,10,1,4019.0,97,3,4019.1,245,2,4019.2,74,2,4019.4,55,2,4019.5,77,4
11483,2026-07-02 13:44:52+05:30,4018.5,1,4036.43,1526561,150624.0,178374.0,4100.0,4110.0,4012.0,4092.6,25329500,4501.8,3683.4,4440.0,3288.1,4018.3,21,3,4018.2,222,3,4018.1,4,1,4018.0,225,4,4017.9,10,2,4019.1,134,2,4019.2,74,2,4019.9,33,1,4020.0,55,2,4020.2,2,1
11483,2026-07-02 13:44:52+05:30,4018.3,8,4036.43,1526561,150624.0,178374.0,4100.0,4110.0,4012.0,4092.6,25329500,4501.8,3683.4,4440.0,3288.1,4018.3,21,3,4018.2,222,3,4018.1,4,1,4018.0,225,4,4017.9,10,2,4019.1,134,2,4019.2,74,2,4019.9,33,1,4020.0,55,2,4020.2,2,1
11483,2026-07-02 13:44:53+05:30,4018.3,1,4036.43,1526584,150359.0,178997.0,4100.0,4110.0,4012.0,4092.6,25329500,4501.8,3683.4,4440.0,3288.1,4018.2,220,3,4018.0,225,4,4017.9,10,2,4017.8,36,1,4017.7,48,3,4018.3,22,1,4019.1,134,2,4019.2,74,2,4019.9,33,1,4020.0,87,4
11483,2026-07-02 13:44:53+05:30,4018.2,1,4036.43,1526584,150359.0,178997.0,4100.0,4110.0,4012.0,4092.6,25329500,4501.8,3683.4,4440.0,3288.1,4018.2,220,3,4018.0,225,4,4017.9,10,2,4017.8,36,1,4017.7,48,3,4018.3,22,1,4019.1,134,2,4019.2,74,2,4019.9,33,1,4020.0,87,4
11483,2026-07-02 13:44:54+05:30,4018.3,1,4036.43,1526604,150865.0,178915.0,4100.0,4110.0,4012.0,4092.6,25329500,4501.8,3683.4,4440.0,3288.1,4018.0,449,8,4017.9,10,2,4017.5,21,2,4017.4,56,2,4017.3,3,1,4018.3,83,2,4018.4,68,1,4018.5,66,1,4019.2,12,1,4019.6,19,1
11483,2026-07-02 13:44:54+05:30,4018.0,3,4036.43,1526604,150865.0,178915.0,4100.0,4110.0,4012.0,4092.6,25329500,4501.8,3683.4,4440.0,3288.1,4018.0,449,8,4017.9,10,2,4017.5,21,2,4017.4,56,2,4017.3,3,1,4018.3,83,2,4018.4,68,1,4018.5,66,1,4019.2,12,1,4019.6,19,1
11483,2026-07-02 13:44:55+05:30,4018.2,1,4036.43,1526618,150372.0,178873.0,4100.0,4110.0,4012.0,4092.6,25329500,4501.8,3683.4,4440.0,3288.1,4018.1,222,4,4018.0,233,6,4017.9,10,2,4017.5,21,2,4017.4,56,2,4018.3,73,2,4018.4,68,1,4018.5,66,1,4019.2,12,1,4019.6,19,1
11483,2026-07-02 13:44:55+05:30,4018.3,1,4036.43,1526618,150372.0,178873.0,4100.0,4110.0,4012.0,4092.6,25329500,4501.8,3683.4,4440.0,3288.1,4018.1,222,4,4018.0,233,6,4017.9,10,2,4017.5,21,2,4017.4,56,2,4018.3,73,2,4018.4,68,1,4018.5,66,1,4019.2,12,1,4019.6,19,1
11483,2026-07-02 13:44:56+05:30,4018.3,2,4036.43,1526649,150420.0,178867.0,4100.0,4110.0,4012.0,4092.6,25329500,4501.8,3683.4,4440.0,3288.1,4018.1,220,3,4018.0,233,6,4017.9,10,2,4017.5,71,3,4017.4,56,2,4018.3,66,2,4018.4,68,1,4018.5,66,1,4019.2,12,1,4019.6,19,1
11483,2026-07-02 13:44:56+05:30,4018.1,4,4036.43,1526649,150420.0,178867.0,4100.0,4110.0,4012.0,4092.6,25329500,4501.8,3683.4,4440.0,3288.1,4018.1,220,3,4018.0,233,6,4017.9,10,2,4017.5,71,3,4017.4,56,2,4018.3,66,2,4018.4,68,1,4018.5,66,1,4019.2,12,1,4019.6,19,1
11483,2026-07-02 13:44:57+05:30,4018.3,30,4036.43,1526683,150420.0,178860.0,4100.0,4110.0,4012.0,4092.6,25329500,4501.8,3683.4,4440.0,3288.1,4018.1,216,3,4018.0,233,6,4017.9,10,2,4017.5,71,3,4017.4,56,2,4018.3,38,3,4018.4,68,1,4018.5,66,1,4019.2,12,1,4019.6,19,1
11483,2026-07-02 13:44:57+05:30,4018.1,4,4036.43,1526683,150420.0,178860.0,4100.0,4110.0,4012.0,4092.6,25329500,4501.8,3683.4,4440.0,3288.1,4018.1,216,3,4018.0,233,6,4017.9,10,2,4017.5,71,3,4017.4,56,2,4018.3,38,3,4018.4,68,1,4018.5,66,1,4019.2,12,1,4019.6,19,1
11483,2026-07-02 13:44:58+05:30,4018.3,43,4036.43,1526768,145650.0,178933.0,4100.0,4110.0,4012.0,4092.6,25329500,4501.8,3683.4,4440.0,3288.1,4018.1,203,2,4018.0,223,6,4017.9,10,2,4017.5,60,2,4017.4,56,2,4018.3,41,2,4018.4,68,1,4018.5,66,1,4019.2,12,1,4019.4,5,1
11483,2026-07-02 13:44:58+05:30,4018.1,10,4036.43,1526768,145650.0,178933.0,4100.0,4110.0,4012.0,4092.6,25329500,4501.8,3683.4,4440.0,3288.1,4018.1,203,2,4018.0,223,6,4017.9,10,2,4017.5,60,2,4017.4,56,2,4018.3,41,2,4018.4,68,1,4018.5,66,1,4019.2,12,1,4019.4,5,1
11483,2026-07-02 13:44:59+05:30,4018.1,9,4036.43,1526794,145610.0,178981.0,4100.0,4110.0,4012.0,4092.6,25329500,4501.8,3683.4,4440.0,3288.1,4018.2,1,1,4018.1,184,2,4018.0,223,6,4017.9,10,2,4017.5,60,2,4018.3,26,2,4018.4,66,1,4018.6,19,1,4018.7,68,1,4019.0,33,1
11483,2026-07-02 13:44:59+05:30,4018.2,1,4036.43,1526794,145610.0,178981.0,4100.0,4110.0,4012.0,4092.6,25329500,4501.8,3683.4,4440.0,3288.1,4018.2,1,1,4018.1,184,2,4018.0,223,6,4017.9,10,2,4017.5,60,2,4018.3,26,2,4018.4,66,1,4018.6,19,1,4018.7,68,1,4019.0,33,1
11483,2026-07-02 13:45:00+05:30,4018.2,1,4036.43,1526795,145612.0,178973.0,4100.0,4110.0,4012.0,4092.6,25329500,4501.8,3683.4,4440.0,3288.1,4018.1,186,4,4018.0,223,6,4017.9,10,2,4017.5,60,2,4017.4,36,1,4018.2,1,1,4018.3,83,2,4018.5,19,1,4018.6,77,2,4019.0,33,1
11483,2026-07-02 13:45:01+05:30,4018.2,3,4036.43,1526801,145630.0,178788.0,4100.0,4110.0,4012.0,4092.6,25329500,4501.8,3683.4,4440.0,3288.1,4018.1,174,3,4018.0,223,6,4017.9,29,3,4017.5,60,2,4017.4,36,1,4018.2,62,2,4018.3,46,3,4018.4,68,1,4019.0,33,1,4019.3,20,1
11483,2026-07-02 13:45:01+05:30,4018.1,1,4036.43,1526801,145630.0,178788.0,4100.0,4110.0,4012.0,4092.6,25329500,4501.8,3683.4,4440.0,3288.1,4018.1,174,3,4018.0,223,6,4017.9,29,3,4017.5,60,2,4017.4,36,1,4018.2,62,2,4018.3,46,3,4018.4,68,1,4019.0,33,1,4019.3,20,1
11483,2026-07-02 13:45:01+05:30,4018.1,1,4036.43,1526802,145629.0,178813.0,4100.0,4110.0,4012.0,4092.6,25329500,4501.8,3683.4,4440.0,3288.1,4018.1,173,3,4018.0,223,6,4017.9,29,3,4017.5,60,2,4017.4,36,1,4018.2,62,2,4018.3,46,3,4018.4,68,1,4019.0,33,1,4019.3,34,2
11483,2026-07-02 13:45:02+05:30,4018.2,5,4036.43,1526802,145629.0,178813.0,4100.0,4110.0,4012.0,4092.6,25329500,4501.8,3683.4,4440.0,3288.1,4018.1,173,3,4018.0,223,6,4017.9,29,3,4017.5,60,2,4017.4,36,1,4018.2,62,2,4018.3,46,3,4018.4,68,1,4019.0,33,1,4019.3,34,2
11483,2026-07-02 13:45:02+05:30,4018.1,106,4036.43,1526925,145508.0,178827.0,4100.0,4110.0,4012.0,4092.6,25329500,4501.8,3683.4,4440.0,3288.1,4018.1,68,4,4018.0,225,7,4017.9,29,3,4017.5,60,2,4017.3,26,2,4018.2,45,2,4018.3,34,2,4018.4,68,1,4019.0,33,1,4019.3,14,1
11483,2026-07-02 13:45:03+05:30,4018.1,15,4036.43,1526925,145508.0,178827.0,4100.0,4110.0,4012.0,4092.6,25329500,4501.8,3683.4,4440.0,3288.1,4018.1,68,4,4018.0,225,7,4017.9,29,3,4017.5,60,2,4017.3,26,2,4018.2,45,2,4018.3,34,2,4018.4,68,1,4019.0,33,1,4019.3,14,1
11483,2026-07-02 13:45:03+05:30,4018.2,2,4036.43,1526942,145534.0,179003.0,4100.0,4110.0,4012.0,4092.6,25329500,4501.8,3683.4,4440.0,3288.1,4018.1,53,4,4018.0,225,7,4017.9,29,3,4017.5,60,2,4017.3,26,2,4018.2,43,2,4018.3,34,2,4018.4,68,1,4019.0,33,1,4019.3,14,1
11483,2026-07-02 13:45:04+05:30,4018.1,2,4036.43,1526942,145534.0,179003.0,4100.0,4110.0,4012.0,4092.6,25329500,4501.8,3683.4,4440.0,3288.1,4018.1,53,4,4018.0,225,7,4017.9,29,3,4017.5,60,2,4017.3,26,2,4018.2,43,2,4018.3,34,2,4018.4,68,1,4019.0,33,1,4019.3,14,1
11483,2026-07-02 13:45:04+05:30,4018.1,2,4036.43,1526944,145538.0,179091.0,4100.0,4110.0,4012.0,4092.6,25329500,4501.8,3683.4,4440.0,3288.1,4018.1,51,4,4018.0,225,7,4017.9,29,3,4017.5,60,2,4017.3,26,2,4018.2,43,2,4018.3,34,2,4018.4,68,1,4019.0,33,1,4019.3,14,1
11483,2026-07-02 13:45:05+05:30,4018.1,10,4036.43,1526944,145538.0,179091.0,4100.0,4110.0,4012.0,4092.6,25329500,4501.8,3683.4,4440.0,3288.1,4018.1,51,4,4018.0,225,7,4017.9,29,3,4017.5,60,2,4017.3,26,2,4018.2,43,2,4018.3,34,2,4018.4,68,1,4019.0,33,1,4019.3,14,1
11483,2026-07-02 13:45:05+05:30,4018.1,10,4036.43,1526955,145308.0,179175.0,4100.0,4110.0,4012.0,4092.6,25329500,4501.8,3683.4,4440.0,3288.1,4018.1,40,4,4018.0,225,7,4017.9,29,3,4017.5,60,2,4017.2,3,1,4018.2,45,3,4018.3,34,2,4018.4,68,1,4018.9,5,1,4019.0,88,3
11483,2026-07-02 13:45:06+05:30,4018.2,7,4036.43,1526955,145308.0,179175.0,4100.0,4110.0,4012.0,4092.6,25329500,4501.8,3683.4,4440.0,3288.1,4018.1,40,4,4018.0,225,7,4017.9,29,3,4017.5,60,2,4017.2,3,1,4018.2,45,3,4018.3,34,2,4018.4,68,1,4018.9,5,1,4019.0,88,3
11483,2026-07-02 13:45:06+05:30,4018.2,7,4036.43,1526970,145337.0,179151.0,4100.0,4110.0,4012.0,4092.6,25329500,4501.8,3683.4,4440.0,3288.1,4018.1,51,6,4018.0,228,8,4017.9,29,3,4017.5,60,2,4017.2,26,2,4018.2,31,3,4018.3,46,3,4018.4,68,1,4018.9,5,1,4019.0,69,2
11483,2026-07-02 13:45:07+05:30,4018.1,2,4036.43,1526970,145337.0,179151.0,4100.0,4110.0,4012.0,4092.6,25329500,4501.8,3683.4,4440.0,3288.1,4018.1,51,6,4018.0,228,8,4017.9,29,3,4017.5,60,2,4017.2,26,2,4018.2,31,3,4018.3,46,3,4018.4,68,1,4018.9,5,1,4019.0,69,2
11483,2026-07-02 13:45:07+05:30,4018.1,2,4036.43,1526972,145326.0,179179.0,4100.0,4110.0,4012.0,4092.6,25329500,4501.8,3683.4,4440.0,3288.1,4018.1,49,6,4018.0,228,8,4017.9,28,3,4017.5,60,2,4017.4,11,1,4018.2,31,3,4018.3,46,3,4018.4,68,1,4018.9,5,1,4019.0,33,1
11483,2026-07-02 13:45:08+05:30,4018.2,2,4036.43,1526974,145330.0,179160.0,4100.0,4110.0,4012.0,4092.6,25329500,4501.8,3683.4,4440.0,3288.1,4018.1,49,6,4018.0,228,8,4017.9,28,3,4017.5,63,3,4017.4,11,1,4018.2,29,3,4018.3,46,3,4018.4,68,1,4018.9,5,1,4019.0,33,1
11483,2026-07-02 13:45:09+05:30,4018.2,2,4036.43,1526974,145330.0,179160.0,4100.0,4110.0,4012.0,4092.6,25329500,4501.8,3683.4,4440.0,3288.1,4018.1,49,6,4018.0,228,8,4017.9,28,3,4017.5,63,3,4017.4,11,1,4018.2,29,3,4018.3,46,3,4018.4,68,1,4018.9,5,1,4019.0,33,1
11483,2026-07-02 13:45:09+05:30,4018.2,1,4036.43,1527004,145324.0,179120.0,4100.0,4110.0,4012.0,4092.6,25329500,4501.8,3683.4,4440.0,3288.1,4018.1,48,7,4018.0,228,8,4017.9,10,2,4017.8,1,1,4017.5,60,2,4018.2,67,2,4018.3,46,3,4018.4,68,1,4018.9,28,2,4019.0,33,1
11483,2026-07-02 13:45:10+05:30,4018.2,1,4036.43,1527004,145324.0,179120.0,4100.0,4110.0,4012.0,4092.6,25329500,4501.8,3683.4,4440.0,3288.1,4018.1,48,7,4018.0,228,8,4017.9,10,2,4017.8,1,1,4017.5,60,2,4018.2,67,2,4018.3,46,3,4018.4,68,1,4018.9,28,2,4019.0,33,1
11483,2026-07-02 13:45:10+05:30,4018.2,2,4036.43,1527023,145280.0,179227.0,4100.0,4110.0,4012.0,4092.6,25329500,4501.8,3683.4,4440.0,3288.1,4018.1,33,7,4018.0,227,7,4017.9,10,2,4017.8,1,1,4017.5,60,2,4018.2,63,1,4018.3,46,3,4018.4,68,1,4018.8,5,1,4019.0,33,1
11483,2026-07-02 13:45:11+05:30,4018.0,60,4036.43,1527023,145280.0,179227.0,4100.0,4110.0,4012.0,4092.6,25329500,4501.8,3683.4,4440.0,3288.1,4018.1,33,7,4018.0,227,7,4017.9,10,2,4017.8,1,1,4017.5,60,2,4018.2,63,1,4018.3,46,3,4018.4,68,1,4018.8,5,1,4019.0,33,1
11483,2026-07-02 13:45:11+05:30,4018.0,4,4036.43,1527289,144580.0,179536.0,4100.0,4110.0,4012.0,4092.6,25329500,4501.8,3683.4,4440.0,3288.1,4018.0,16,4,4017.9,10,2,4017.8,1,1,4017.5,60,2,4017.2,12,1,4018.2,62,1,4018.3,46,3,4018.4,100,2,4018.8,41,2,4019.0,33,1
11483,2026-07-02 13:45:12+05:30,4017.9,1,4036.43,1527289,144580.0,179536.0,4100.0,4110.0,4012.0,4092.6,25329500,4501.8,3683.4,4440.0,3288.1,4018.0,16,4,4017.9,10,2,4017.8,1,1,4017.5,60,2,4017.2,12,1,4018.2,62,1,4018.3,46,3,4018.4,100,2,4018.8,41,2,4019.0,33,1
11483,2026-07-02 13:45:12+05:30,4017.5,12,4036.42,1527338,144596.0,179872.0,4100.0,4110.0,4012.0,4092.6,25329500,4501.8,3683.4,4440.0,3288.1,4017.5,47,2,4017.1,3,1,4017.0,1760,21,4016.8,79,4,4016.7,116,5,4018.0,4,1,4018.2,62,1,4018.3,46,3,4018.4,100,2,4018.8,41,2
11483,2026-07-02 13:45:13+05:30,4017.5,6,4036.42,1527338,144596.0,179872.0,4100.0,4110.0,4012.0,4092.6,25329500,4501.8,3683.4,4440.0,3288.1,4017.5,47,2,4017.1,3,1,4017.0,1760,21,4016.8,79,4,4016.7,116,5,4018.0,4,1,4018.2,62,1,4018.3,46,3,4018.4,100,2,4018.8,41,2
11483,2026-07-02 13:45:13+05:30,4017.0,3,4036.42,1527428,144477.0,179900.0,4100.0,4110.0,4012.0,4092.6,25329500,4501.8,3683.4,4440.0,3288.1,4017.0,1729,18,4016.7,5,1,4016.6,217,6,4016.5,58,5,4016.4,119,5,4018.0,74,3,4018.1,19,1,4018.3,89,3,4018.4,32,1,4018.5,21,1
11483,2026-07-02 13:45:14+05:30,4017.0,41,4036.42,1527428,144477.0,179900.0,4100.0,4110.0,4012.0,4092.6,25329500,4501.8,3683.4,4440.0,3288.1,4017.0,1729,18,4016.7,5,1,4016.6,217,6,4016.5,58,5,4016.4,119,5,4018.0,74,3,4018.1,19,1,4018.3,89,3,4018.4,32,1,4018.5,21,1
11483,2026-07-02 13:45:14+05:30,4018.0,5,4036.42,1527502,144616.0,179985.0,4100.0,4110.0,4012.0,4092.6,25329500,4501.8,3683.4,4440.0,3288.1,4017.0,1674,14,4016.7,34,3,4016.6,205,5,4016.5,79,6,4016.4,69,4,4018.0,59,2,4018.1,19,1,4018.3,89,3,4018.4,32,1,4018.5,36,1
11483,2026-07-02 13:45:15+05:30,4018.0,1,4036.42,1527502,144616.0,179985.0,4100.0,4110.0,4012.0,4092.6,25329500,4501.8,3683.4,4440.0,3288.1,4017.0,1674,14,4016.7,34,3,4016.6,205,5,4016.5,79,6,4016.4,69,4,4018.0,59,2,4018.1,19,1,4018.3,89,3,4018.4,32,1,4018.5,36,1
11483,2026-07-02 13:45:15+05:30,4018.0,3,4036.42,1527579,144556.0,179970.0,4100.0,4110.0,4012.0,4092.6,25329500,4501.8,3683.4,4440.0,3288.1,4017.0,1619,12,4016.7,34,3,4016.6,205,5,4016.5,79,6,4016.4,69,4,4018.0,37,2,4018.1,32,2,4018.3,77,2,4018.4,32,1,4018.5,36,1
11483,2026-07-02 13:45:16+05:30,4018.0,1,4036.42,1527579,144556.0,179970.0,4100.0,4110.0,4012.0,4092.6,25329500,4501.8,3683.4,4440.0,3288.1,4017.0,1619,12,4016.7,34,3,4016.6,205,5,4016.5,79,6,4016.4,69,4,4018.0,37,2,4018.1,32,2,4018.3,77,2,4018.4,32,1,4018.5,36,1
11483,2026-07-02 13:45:16+05:30,4017.5,1,4036.42,1527595,144564.0,180056.0,4100.0,4110.0,4012.0,4092.6,25329500,4501.8,3683.4,4440.0,3288.1,4017.0,1605,11,4016.8,3,1,4016.7,31,2,4016.6,205,5,4016.5,58,5,4018.0,36,2,4018.1,32,2,4018.3,77,2,4018.4,32,1,4018.5,21,1
11483,2026-07-02 13:45:16+05:30,4017.5,1,4036.42,1527595,144564.0,180056.0,4100.0,4110.0,4012.0,4092.6,25329500,4501.8,3683.4,4440.0,3288.1,4017.0,1605,11,4016.8,3,1,4016.7,31,2,4016.6,205,5,4016.5,58,5,4018.0,36,2,4018.1,32,2,4018.3,77,2,4018.4,32,1,4018.5,21,1
11483,2026-07-02 13:45:17+05:30,4017.5,1,4036.42,1527595,144564.0,180056.0,4100.0,4110.0,4012.0,4092.6,25329500,4501.8,3683.4,4440.0,3288.1,4017.0,1605,11,4016.8,3,1,4016.7,31,2,4016.6,205,5,4016.5,58,5,4018.0,36,2,4018.1,32,2,4018.3,77,2,4018.4,32,1,4018.5,21,1
11483,2026-07-02 13:45:17+05:30,4017.0,11,4036.42,1527595,144564.0,180056.0,4100.0,4110.0,4012.0,4092.6,25329500,4501.8,3683.4,4440.0,3288.1,4017.0,1605,11,4016.8,3,1,4016.7,31,2,4016.6,205,5,4016.5,58,5,4018.0,36,2,4018.1,32,2,4018.3,77,2,4018.4,32,1,4018.5,21,1
11483,2026-07-02 13:45:17+05:30,4017.0,11,4036.42,1527595,144564.0,180056.0,4100.0,4110.0,4012.0,4092.6,25329500,4501.8,3683.4,4440.0,3288.1,4017.0,1605,11,4016.8,3,1,4016.7,31,2,4016.6,205,5,4016.5,58,5,4018.0,36,2,4018.1,32,2,4018.3,77,2,4018.4,32,1,4018.5,21,1
11483,2026-07-02 13:45:17+05:30,4017.0,1,4036.42,1527640,144549.0,180105.0,4100.0,4110.0,4012.0,4092.6,25329500,4501.8,3683.4,4440.0,3288.1,4017.0,1560,9,4016.7,34,3,4016.6,205,5,4016.5,58,5,4016.4,90,5,4018.0,36,2,4018.1,32,2,4018.3,77,2,4018.4,51,2,4018.5,57,2
11483,2026-07-02 13:45:18+05:30,4017.0,1,4036.42,1527640,144549.0,180105.0,4100.0,4110.0,4012.0,4092.6,25329500,4501.8,3683.4,4440.0,3288.1,4017.0,1560,9,4016.7,34,3,4016.6,205,5,4016.5,58,5,4016.4,90,5,4018.0,36,2,4018.1,32,2,4018.3,77,2,4018.4,51,2,4018.5,57,2
11483,2026-07-02 13:45:18+05:30,4017.0,55,4036.42,1527640,144549.0,180105.0,4100.0,4110.0,4012.0,4092.6,25329500,4501.8,3683.4,4440.0,3288.1,4017.0,1560,9,4016.7,34,3,4016.6,205,5,4016.5,58,5,4016.4,90,5,4018.0,36,2,4018.1,32,2,4018.3,77,2,4018.4,51,2,4018.5,57,2
11483,2026-07-02 13:45:18+05:30,4018.0,19,4036.42,1527721,144451.0,180165.0,4100.0,4110.0,4012.0,4092.6,25329500,4501.8,3683.4,4440.0,3288.1,4017.0,1478,9,4016.7,8,2,4016.6,205,5,4016.5,16,3,4016.4,90,5,4018.0,51,3,4018.1,51,3,4018.3,77,2,4018.4,32,1,4018.5,75,3
11483,2026-07-02 13:45:18+05:30,4018.0,19,4036.42,1527721,144451.0,180165.0,4100.0,4110.0,4012.0,4092.6,25329500,4501.8,3683.4,4440.0,3288.1,4017.0,1478,9,4016.7,8,2,4016.6,205,5,4016.5,16,3,4016.4,90,5,4018.0,51,3,4018.1,51,3,4018.3,77,2,4018.4,32,1,4018.5,75,3
11483,2026-07-02 13:45:19+05:30,4018.0,19,4036.42,1527721,144451.0,180165.0,4100.0,4110.0,4012.0,4092.6,25329500,4501.8,3683.4,4440.0,3288.1,4017.0,1478,9,4016.7,8,2,4016.6,205,5,4016.5,16,3,4016.4,90,5,4018.0,51,3,4018.1,51,3,4018.3,77,2,4018.4,32,1,4018.5,75,3
11483,2026-07-02 13:45:19+05:30,4017.0,10,4036.42,1527721,144451.0,180165.0,4100.0,4110.0,4012.0,4092.6,25329500,4501.8,3683.4,4440.0,3288.1,4017.0,1478,9,4016.7,8,2,4016.6,205,5,4016.5,16,3,4016.4,90,5,4018.0,51,3,4018.1,51,3,4018.3,77,2,4018.4,32,1,4018.5,75,3
11483,2026-07-02 13:45:19+05:30,4018.0,34,4036.42,1527898,144434.0,179829.0,4100.0,4110.0,4012.0,4092.6,25329500,4501.8,3683.4,4440.0,3288.1,4017.0,1403,9,4016.8,13,2,4016.7,35,3,4016.6,203,4,4016.5,16,3,4018.0,38,2,4018.1,32,2,4018.3,77,2,4018.4,32,1,4018.5,19,1
11483,2026-07-02 13:45:19+05:30,4018.0,34,4036.42,1527898,144434.0,179829.0,4100.0,4110.0,4012.0,4092.6,25329500,4501.8,3683.4,4440.0,3288.1,4017.0,1403,9,4016.8,13,2,4016.7,35,3,4016.6,203,4,4016.5,16,3,4018.0,38,2,4018.1,32,2,4018.3,77,2,4018.4,32,1,4018.5,19,1
11483,2026-07-02 13:45:20+05:30,4018.0,34,4036.42,1527898,144434.0,179829.0,4100.0,4110.0,4012.0,4092.6,25329500,4501.8,3683.4,4440.0,3288.1,4017.0,1403,9,4016.8,13,2,4016.7,35,3,4016.6,203,4,4016.5,16,3,4018.0,38,2,4018.1,32,2,4018.3,77,2,4018.4,32,1,4018.5,19,1
11483,2026-07-02 13:45:20+05:30,4017.0,49,4036.42,1527898,144434.0,179829.0,4100.0,4110.0,4012.0,4092.6,25329500,4501.8,3683.4,4440.0,3288.1,4017.0,1403,9,4016.8,13,2,4016.7,35,3,4016.6,203,4,4016.5,16,3,4018.0,38,2,4018.1,32,2,4018.3,77,2,4018.4,32,1,4018.5,19,1
11483,2026-07-02 13:45:20+05:30,4017.0,49,4036.42,1527898,144434.0,179829.0,4100.0,4110.0,4012.0,4092.6,25329500,4501.8,3683.4,4440.0,3288.1,4017.0,1403,9,4016.8,13,2,4016.7,35,3,4016.6,203,4,4016.5,16,3,4018.0,38,2,4018.1,32,2,4018.3,77,2,4018.4,32,1,4018.5,19,1
11483,2026-07-02 13:45:20+05:30,4017.0,78,4036.41,1528237,144300.0,179991.0,4100.0,4110.0,4012.0,4092.6,25329500,4501.8,3683.4,4440.0,3288.1,4017.0,1205,9,4016.8,12,2,4016.7,33,2,4016.6,203,4,4016.5,16,3,4018.1,23,2,4018.2,19,1,4018.3,77,2,4018.4,32,1,4018.5,55,2
11483,2026-07-02 13:45:20+05:30,4017.0,78,4036.41,1528237,144300.0,179991.0,4100.0,4110.0,4012.0,4092.6,25344025,4501.8,3683.4,4440.0,3288.1,4017.0,1205,9,4016.8,12,2,4016.7,33,2,4016.6,203,4,4016.5,16,3,4018.1,23,2,4018.2,19,1,4018.3,77,2,4018.4,32,1,4018.5,55,2
11483,2026-07-02 13:45:21+05:30,4017.0,78,4036.41,1528237,144300.0,179991.0,4100.0,4110.0,4012.0,4092.6,25344025,4501.8,3683.4,4440.0,3288.1,4017.0,1205,9,4016.8,12,2,4016.7,33,2,4016.6,203,4,4016.5,16,3,4018.1,23,2,4018.2,19,1,4018.3,77,2,4018.4,32,1,4018.5,55,2
11483,2026-07-02 13:45:21+05:30,4018.0,1,4036.41,1528237,144300.0,179991.0,4100.0,4110.0,4012.0,4092.6,25344025,4501.8,3683.4,4440.0,3288.1,4017.0,1205,9,4016.8,12,2,4016.7,33,2,4016.6,203,4,4016.5,16,3,4018.1,23,2,4018.2,19,1,4018.3,77,2,4018.4,32,1,4018.5,55,2
11483,2026-07-02 13:45:21+05:30,4018.0,1,4036.41,1528237,144300.0,179991.0,4100.0,4110.0,4012.0,4092.6,25344025,4501.8,3683.4,4440.0,3288.1,4017.0,1205,9,4016.8,12,2,4016.7,33,2,4016.6,203,4,4016.5,16,3,4018.1,23,2,4018.2,19,1,4018.3,77,2,4018.4,32,1,4018.5,55,2
11483,2026-07-02 13:45:21+05:30,4018.1,3,4036.41,1528323,144299.0,180063.0,4100.0,4110.0,4012.0,4092.6,25344025,4501.8,3683.4,4440.0,3288.1,4017.0,1191,12,4016.8,3,1,4016.7,55,3,4016.6,203,4,4016.5,16,3,4018.1,20,2,4018.2,112,2,4018.3,15,1,4018.4,32,1,4018.5,19,1
11483,2026-07-02 13:45:21+05:30,4018.1,3,4036.41,1528323,144299.0,180063.0,4100.0,4110.0,4012.0,4092.6,25344025,4501.8,3683.4,4440.0,3288.1,4017.0,1191,12,4016.8,3,1,4016.7,55,3,4016.6,203,4,4016.5,16,3,4018.1,20,2,4018.2,112,2,4018.3,15,1,4018.4,32,1,4018.5,19,1
11483,2026-07-02 13:45:22+05:30,4018.1,3,4036.41,1528323,144299.0,180063.0,4100.0,4110.0,4012.0,4092.6,25344025,4501.8,3683.4,4440.0,3288.1,4017.0,1191,12,4016.8,3,1,4016.7,55,3,4016.6,203,4,4016.5,16,3,4018.1,20,2,4018.2,112,2,4018.3,15,1,4018.4,32,1,4018.5,19,1
11483,2026-07-02 13:45:22+05:30,4017.0,64,4036.41,1528323,144299.0,180063.0,4100.0,4110.0,4012.0,4092.6,25344025,4501.8,3683.4,4440.0,3288.1,4017.0,1191,12,4016.8,3,1,4016.7,55,3,4016.6,203,4,4016.5,16,3,4018.1,20,2,4018.2,112,2,4018.3,15,1,4018.4,32,1,4018.5,19,1
11483,2026-07-02 13:45:22+05:30,4017.0,64,4036.41,1528323,144299.0,180063.0,4100.0,4110.0,4012.0,4092.6,25344025,4501.8,3683.4,4440.0,3288.1,4017.0,1191,12,4016.8,3,1,4016.7,55,3,4016.6,203,4,4016.5,16,3,4018.1,20,2,4018.2,112,2,4018.3,15,1,4018.4,32,1,4018.5,19,1
11483,2026-07-02 13:45:22+05:30,4017.0,9,4036.41,1528632,148077.0,180142.0,4100.0,4110.0,4012.0,4092.6,25344025,4501.8,3683.4,4440.0,3288.1,4017.0,895,5,4016.7,5,1,4016.6,206,5,4016.5,37,4,4016.4,69,4,4018.3,146,5,4018.4,39,2,4018.5,60,3,4018.6,5,1,4018.7,22,1
11483,2026-07-02 13:45:22+05:30,4017.0,9,4036.41,1528632,148077.0,180142.0,4100.0,4110.0,4012.0,4092.6,25344025,4501.8,3683.4,4440.0,3288.1,4017.0,895,5,4016.7,5,1,4016.6,206,5,4016.5,37,4,4016.4,69,4,4018.3,146,5,4018.4,39,2,4018.5,60,3,4018.6,5,1,4018.7,22,1
11483,2026-07-02 13:45:23+05:30,4017.0,84,4036.41,1528632,148077.0,180142.0,4100.0,4110.0,4012.0,4092.6,25344025,4501.8,3683.4,4440.0,3288.1,4017.0,895,5,4016.7,5,1,4016.6,206,5,4016.5,37,4,4016.4,69,4,4018.3,146,5,4018.4,39,2,4018.5,60,3,4018.6,5,1,4018.7,22,1
11483,2026-07-02 13:45:23+05:30,4017.0,1,4036.41,1528754,148133.0,180062.0,4100.0,4110.0,4012.0,4092.6,25344025,4501.8,3683.4,4440.0,3288.1,4017.0,776,7,4016.7,5,1,4016.6,206,5,4016.5,15,3,4016.4,69,4,4018.1,31,3,4018.3,23,2,4018.4,144,3,4018.5,79,4,4018.6,41,2
11483,2026-07-02 13:45:24+05:30,4018.1,1,4036.41,1528754,148133.0,180062.0,4100.0,4110.0,4012.0,4092.6,25344025,4501.8,3683.4,4440.0,3288.1,4017.0,776,7,4016.7,5,1,4016.6,206,5,4016.5,15,3,4016.4,69,4,4018.1,31,3,4018.3,23,2,4018.4,144,3,4018.5,79,4,4018.6,41,2
11483,2026-07-02 13:45:24+05:30,4017.0,1,4036.41,1528770,148121.0,180052.0,4100.0,4110.0,4012.0,4092.6,25344025,4501.8,3683.4,4440.0,3288.1,4017.0,775,10,4016.7,5,1,4016.6,206,5,4016.5,15,3,4016.4,91,5,4018.1,11,1,4018.2,76,1,4018.3,50,3,4018.4,32,1,4018.5,66,4
11483,2026-07-02 13:45:25+05:30,4017.0,58,4036.41,1528770,148121.0,180052.0,4100.0,4110.0,4012.0,4092.6,25344025,4501.8,3683.4,4440.0,3288.1,4017.0,775,10,4016.7,5,1,4016.6,206,5,4016.5,15,3,4016.4,91,5,4018.1,11,1,4018.2,76,1,4018.3,50,3,4018.4,32,1,4018.5,66,4
11483,2026-07-02 13:45:25+05:30,4018.0,1,4036.41,1528924,147885.0,179976.0,4100.0,4110.0,4012.0,4092.6,25344025,4501.8,3683.4,4440.0,3288.1,4017.1,6,1,4017.0,625,10,4016.7,5,1,4016.6,203,4,4016.5,15,3,4018.0,23,2,4018.1,20,2,4018.2,36,1,4018.3,23,2,4018.4,123,3
11483,2026-07-02 13:45:26+05:30,4018.0,7,4036.41,1528924,147885.0,179976.0,4100.0,4110.0,4012.0,4092.6,25344025,4501.8,3683.4,4440.0,3288.1,4017.1,6,1,4017.0,625,10,4016.7,5,1,4016.6,203,4,4016.5,15,3,4018.0,23,2,4018.1,20,2,4018.2,36,1,4018.3,23,2,4018.4,123,3
11483,2026-07-02 13:45:26+05:30,4017.1,1,4036.4,1529070,147789.0,180256.0,4100.0,4110.0,4012.0,4092.6,25344025,4501.8,3683.4,4440.0,3288.1,4017.0,595,10,4016.7,5,1,4016.6,203,4,4016.5,3,2,4016.4,69,4,4017.1,1,1,4018.0,80,2,4018.1,37,2,4018.3,43,4,4018.4,47,2
11483,2026-07-02 13:45:27+05:30,4017.0,4,4036.4,1529070,147789.0,180256.0,4100.0,4110.0,4012.0,4092.6,25344025,4501.8,3683.4,4440.0,3288.1,4017.0,595,10,4016.7,5,1,4016.6,203,4,4016.5,3,2,4016.4,69,4,4017.1,1,1,4018.0,80,2,4018.1,37,2,4018.3,43,4,4018.4,47,2
11483,2026-07-02 13:45:27+05:30,4017.1,2,4036.4,1529140,147592.0,180260.0,4100.0,4110.0,4012.0,4092.6,25344025,4501.8,3683.4,4440.0,3288.1,4017.0,530,9,4016.7,5,1,4016.6,203,4,4016.5,3,2,4016.4,33,3,4017.1,3,1,4017.2,76,1,4017.3,36,1,4018.0,23,2,4018.1,14,2
11483,2026-07-02 13:45:28+05:30,4017.1,22,4036.4,1529140,147592.0,180260.0,4100.0,4110.0,4012.0,4092.6,25344025,4501.8,3683.4,4440.0,3288.1,4017.0,530,9,4016.7,5,1,4016.6,203,4,4016.5,3,2,4016.4,33,3,4017.1,3,1,4017.2,76,1,4017.3,36,1,4018.0,23,2,4018.1,14,2
11483,2026-07-02 13:45:28+05:30,4017.2,1,4036.4,1529314,147793.0,180391.0,4100.0,4110.0,4012.0,4092.6,25344025,4501.8,3683.4,4440.0,3288.1,4017.0,582,11,4016.7,5,1,4016.6,203,4,4016.5,3,2,4016.4,33,3,4017.2,95,3,4017.3,36,1,4017.4,67,2,4017.6,19,1,4017.7,14,2
11483,2026-07-02 13:45:29+05:30,4017.0,27,4036.4,1529314,147793.0,180391.0,4100.0,4110.0,4012.0,4092.6,25344025,4501.8,3683.4,4440.0,3288.1,4017.0,582,11,4016.7,5,1,4016.6,203,4,4016.5,3,2,4016.4,33,3,4017.2,95,3,4017.3,36,1,4017.4,67,2,4017.6,19,1,4017.7,14,2
11483,2026-07-02 13:45:29+05:30,4017.2,1,4036.4,1529385,147773.0,180316.0,4100.0,4110.0,4012.0,4092.6,25344025,4501.8,3683.4,4440.0,3288.1,4017.0,532,15,4016.7,5,1,4016.6,203,4,4016.5,3,2,4016.4,33,3,4017.2,70,3,4017.3,36,1,4017.4,67,2,4017.7,5,1,4017.9,30,2
11483,2026-07-02 13:45:30+05:30,4017.0,8,4036.4,1529385,147773.0,180316.0,4100.0,4110.0,4012.0,4092.6,25344025,4501.8,3683.4,4440.0,3288.1,4017.0,532,15,4016.7,5,1,4016.6,203,4,4016.5,3,2,4016.4,33,3,4017.2,70,3,4017.3,36,1,4017.4,67,2,4017.7,5,1,4017.9,30,2
11483,2026-07-02 13:45:30+05:30,4017.2,1,4036.4,1529395,147689.0,179813.0,4100.0,4110.0,4012.0,4092.6,25344025,4501.8,3683.4,4440.0,3288.1,4017.5,1,1,4017.0,526,16,4016.7,5,1,4016.6,203,4,4016.5,16,3,4018.0,31,4,4018.3,23,2,4018.4,47,2,4018.5,21,2,4018.6,36,1
11483,2026-07-02 13:45:31+05:30,4017.7,1,4036.4,1529395,147689.0,179813.0,4100.0,4110.0,4012.0,4092.6,25344025,4501.8,3683.4,4440.0,3288.1,4017.5,1,1,4017.0,526,16,4016.7,5,1,4016.6,203,4,4016.5,16,3,4018.0,31,4,4018.3,23,2,4018.4,47,2,4018.5,21,2,4018.6,36,1
11483,2026-07-02 13:45:31+05:30,4018.0,1,4036.4,1529447,147744.0,180170.0,4100.0,4110.0,4012.0,4092.6,25344025,4501.8,3683.4,4440.0,3288.1,4017.0,489,17,4016.7,5,1,4016.6,203,4,4016.5,74,5,4016.4,33,3,4018.0,5,2,4018.3,23,2,4018.4,47,2,4018.5,73,4,4018.6,36,1
11483,2026-07-02 13:45:32+05:30,4017.0,6,4036.4,1529447,147744.0,180170.0,4100.0,4110.0,4012.0,4092.6,25344025,4501.8,3683.4,4440.0,3288.1,4017.0,489,17,4016.7,5,1,4016.6,203,4,4016.5,74,5,4016.4,33,3,4018.0,5,2,4018.3,23,2,4018.4,47,2,4018.5,73,4,4018.6,36,1
11483,2026-07-02 13:45:32+05:30,4017.0,2,4036.4,1529456,147691.0,180268.0,4100.0,4110.0,4012.0,4092.6,25344025,4501.8,3683.4,4440.0,3288.1,4017.0,483,18,4016.7,5,1,4016.6,225,5,4016.5,39,3,4016.4,33,3,4018.0,5,2,4018.2,19,1,4018.3,34,3,4018.4,47,2,4018.5,59,3
11483,2026-07-02 13:45:33+05:30,4017.0,16,4036.4,1529456,147691.0,180268.0,4100.0,4110.0,4012.0,4092.6,25344025,4501.8,3683.4,4440.0,3288.1,4017.0,483,18,4016.7,5,1,4016.6,225,5,4016.5,39,3,4016.4,33,3,4018.0,5,2,4018.2,19,1,4018.3,34,3,4018.4,47,2,4018.5,59,3
11483,2026-07-02 13:45:33+05:30,4017.9,1,4036.4,1529494,147411.0,180348.0,4100.0,4110.0,4012.0,4092.6,25344025,4501.8,3683.4,4440.0,3288.1,4017.0,446,18,4016.7,5,1,4016.6,203,4,4016.5,3,2,4016.4,33,3,4017.9,51,6,4018.0,13,4,4018.1,13,1,4018.2,99,5,4018.3,63,5
11483,2026-07-02 13:45:34+05:30,4017.0,5,4036.4,1529494,147411.0,180348.0,4100.0,4110.0,4012.0,4092.6,25344025,4501.8,3683.4,4440.0,3288.1,4017.0,446,18,4016.7,5,1,4016.6,203,4,4016.5,3,2,4016.4,33,3,4017.9,51,6,4018.0,13,4,4018.1,13,1,4018.2,99,5,4018.3,63,5
11483,2026-07-02 13:45:34+05:30,4017.9,1,4036.4,1529500,147548.0,180159.0,4100.0,4110.0,4012.0,4092.6,25344025,4501.8,3683.4,4440.0,3288.1,4017.5,1,1,4017.0,496,20,4016.7,5,1,4016.6,203,4,4016.5,15,3,4017.9,22,3,4018.0,10,3,4018.1,26,2,4018.2,85,4,4018.3,45,3
11483,2026-07-02 13:45:35+05:30,4017.0,40,4036.4,1529500,147548.0,180159.0,4100.0,4110.0,4012.0,4092.6,25344025,4501.8,3683.4,4440.0,3288.1,4017.5,1,1,4017.0,496,20,4016.7,5,1,4016.6,203,4,4016.5,15,3,4017.9,22,3,4018.0,10,3,4018.1,26,2,4018.2,85,4,4018.3,45,3
11483,2026-07-02 13:45:35+05:30,4017.9,6,4036.4,1529550,147645.0,180155.0,4100.0,4110.0,4012.0,4092.6,25344025,4501.8,3683.4,4440.0,3288.1,4017.0,456,20,4016.7,5,1,4016.6,203,4,4016.5,15,3,4016.4,33,3,4017.9,14,2,4018.0,10,3,4018.1,26,2,4018.2,85,4,4018.3,15,2
11483,2026-07-02 13:45:36+05:30,4017.9,4,4036.4,1529550,147645.0,180155.0,4100.0,4110.0,4012.0,4092.6,25344025,4501.8,3683.4,4440.0,3288.1,4017.0,456,20,4016.7,5,1,4016.6,203,4,4016.5,15,3,4016.4,33,3,4017.9,14,2,4018.0,10,3,4018.1,26,2,4018.2,85,4,4018.3,15,2
11483,2026-07-02 13:45:36+05:30,4017.9,4,4036.4,1529562,147664.0,180160.0,4100.0,4110.0,4012.0,4092.6,25344025,4501.8,3683.4,4440.0,3288.1,4017.1,25,1,4017.0,450,20,4016.7,5,1,4016.6,203,4,4016.5,15,3,4017.9,39,2,4018.0,29,4,4018.1,26,2,4018.2,46,3,4018.3,15,2
11483,2026-07-02 13:45:37+05:30,4017.9,14,4036.4,1529562,147664.0,180160.0,4100.0,4110.0,4012.0,4092.6,25344025,4501.8,3683.4,4440.0,3288.1,4017.1,25,1,4017.0,450,20,4016.7,5,1,4016.6,203,4,4016.5,15,3,4017.9,39,2,4018.0,29,4,4018.1,26,2,4018.2,46,3,4018.3,15,2
11483,2026-07-02 13:45:37+05:30,4018.4,1,4036.39,1530080,148131.0,179771.0,4100.0,4110.0,4012.0,4092.6,25344025,4501.8,3683.4,4440.0,3288.1,4017.1,26,2,4017.0,450,20,4016.8,35,2,4016.7,5,1,4016.6,206,5,4018.4,30,3,4018.7,38,1,4018.8,47,4,4018.9,54,4,4019.0,84,3
11483,2026-07-02 13:45:38+05:30,4017.0,1,4036.39,1530080,148131.0,179771.0,4100.0,4110.0,4012.0,4092.6,25344025,4501.8,3683.4,4440.0,3288.1,4017.1,26,2,4017.0,450,20,4016.8,35,2,4016.7,5,1,4016.6,206,5,4018.4,30,3,4018.7,38,1,4018.8,47,4,4018.9,54,4,4019.0,84,3
11483,2026-07-02 13:45:38+05:30,4017.1,1,4036.39,1530133,148012.0,180122.0,4100.0,4110.0,4012.0,4092.6,25344025,4501.8,3683.4,4440.0,3288.1,4017.0,462,22,4016.8,30,1,4016.7,5,1,4016.6,203,4,4016.5,42,4,4017.1,5,1,4018.1,14,1,4018.4,2,1,4018.6,19,1,4018.7,13,1
11483,2026-07-02 13:45:39+05:30,4017.1,5,4036.39,1530133,148012.0,180122.0,4100.0,4110.0,4012.0,4092.6,25344025,4501.8,3683.4,4440.0,3288.1,4017.0,462,22,4016.8,30,1,4016.7,5,1,4016.6,203,4,4016.5,42,4,4017.1,5,1,4018.1,14,1,4018.4,2,1,4018.6,19,1,4018.7,13,1
11483,2026-07-02 13:45:39+05:30,4018.1,20,4036.39,1530171,148016.0,179698.0,4100.0,4110.0,4012.0,4092.6,25344025,4501.8,3683.4,4440.0,3288.1,4017.0,457,23,4016.8,90,4,4016.7,5,1,4016.6,244,6,4016.5,51,4,4018.1,14,1,4018.4,2,1,4018.9,67,2,4019.0,103,4,4019.1,14,2
11483,2026-07-02 13:45:40+05:30,4017.1,2,4036.39,1530171,148016.0,179698.0,4100.0,4110.0,4012.0,4092.6,25344025,4501.8,3683.4,4440.0,3288.1,4017.0,457,23,4016.8,90,4,4016.7,5,1,4016.6,244,6,4016.5,51,4,4018.1,14,1,4018.4,2,1,4018.9,67,2,4019.0,103,4,4019.1,14,2
11483,2026-07-02 13:45:40+05:30,4018.1,1,4036.39,1530180,148606.0,179771.0,4100.0,4110.0,4012.0,4092.6,25344025,4501.8,3683.4,4440.0,3288.1,4017.2,10,1,4017.1,21,3,4017.0,479,23,4016.8,40,2,4016.7,5,1,4018.1,15,2,4018.9,78,2,4019.0,103,4,4019.1,35,2,4019.2,2,1
11483,2026-07-02 13:45:41+05:30,4017.2,1,4036.39,1530180,148606.0,179771.0,4100.0,4110.0,4012.0,4092.6,25344025,4501.8,3683.4,4440.0,3288.1,4017.2,10,1,4017.1,21,3,4017.0,479,23,4016.8,40,2,4016.7,5,1,4018.1,15,2,4018.9,78,2,4019.0,103,4,4019.1,35,2,4019.2,2,1
11483,2026-07-02 13:45:41+05:30,4018.0,3,4036.39,1530187,148845.0,179966.0,4100.0,4110.0,4012.0,4092.6,25344025,4501.8,3683.4,4440.0,3288.1,4018.0,22,1,4017.2,6,1,4017.1,29,4,4017.0,480,24,4016.8,25,3,4018.1,15,2,4018.7,19,1,4018.9,78,2,4019.0,59,2,4019.1,19,1
11483,2026-07-02 13:45:42+05:30,4018.0,1,4036.39,1530187,148845.0,179966.0,4100.0,4110.0,4012.0,4092.6,25344025,4501.8,3683.4,4440.0,3288.1,4018.0,22,1,4017.2,6,1,4017.1,29,4,4017.0,480,24,4016.8,25,3,4018.1,15,2,4018.7,19,1,4018.9,78,2,4019.0,59,2,4019.1,19,1
11483,2026-07-02 13:45:42+05:30,4018.0,1,4036.39,1530189,148865.0,180033.0,4100.0,4110.0,4012.0,4092.6,25344025,4501.8,3683.4,4440.0,3288.1,4018.0,21,1,4017.2,6,1,4017.1,29,4,4017.0,480,24,4016.8,25,3,4018.1,14,2,4018.7,19,1,4018.9,78,2,4019.0,59,2,4019.1,19,1
11483,2026-07-02 13:45:43+05:30,4018.1,4,4036.39,1530189,148865.0,180033.0,4100.0,4110.0,4012.0,4092.6,25344025,4501.8,3683.4,4440.0,3288.1,4018.0,21,1,4017.2,6,1,4017.1,29,4,4017.0,480,24,4016.8,25,3,4018.1,14,2,4018.7,19,1,4018.9,78,2,4019.0,59,2,4019.1,19,1
11483,2026-07-02 13:45:43+05:30,4018.1,4,4036.39,1530196,150210.0,180175.0,4100.0,4110.0,4012.0,4092.6,25344025,4501.8,3683.4,4440.0,3288.1,4018.0,19,1,4017.9,2,1,4017.2,6,1,4017.1,2,1,4017.0,1491,26,4018.1,9,2,4018.8,15,1,4018.9,75,1,4019.0,59,2,4019.1,19,1
11483,2026-07-02 13:45:44+05:30,4018.0,1,4036.39,1530196,150210.0,180175.0,4100.0,4110.0,4012.0,4092.6,25344025,4501.8,3683.4,4440.0,3288.1,4018.0,19,1,4017.9,2,1,4017.2,6,1,4017.1,2,1,4017.0,1491,26,4018.1,9,2,4018.8,15,1,4018.9,75,1,4019.0,59,2,4019.1,19,1
11483,2026-07-02 13:45:44+05:30,4018.0,1,4036.39,1530200,150236.0,180189.0,4100.0,4110.0,4012.0,4092.6,25344025,4501.8,3683.4,4440.0,3288.1,4018.0,17,1,4017.9,2,1,4017.2,6,1,4017.1,2,1,4017.0,1490,25,4018.1,7,2,4018.8,15,1,4018.9,75,1,4019.0,59,2,4019.1,19,1
11483,2026-07-02 13:45:45+05:30,4018.0,1,4036.39,1530200,150236.0,180189.0,4100.0,4110.0,4012.0,4092.6,25344025,4501.8,3683.4,4440.0,3288.1,4018.0,17,1,4017.9,2,1,4017.2,6,1,4017.1,2,1,4017.0,1490,25,4018.1,7,2,4018.8,15,1,4018.9,75,1,4019.0,59,2,4019.1,19,1
11483,2026-07-02 13:45:45+05:30,4018.0,1,4036.39,1530201,150245.0,180204.0,4100.0,4110.0,4012.0,4092.6,25344025,4501.8,3683.4,4440.0,3288.1,4018.0,16,1,4017.9,2,1,4017.2,6,1,4017.1,2,1,4017.0,1490,25,4018.1,7,2,4018.8,15,1,4018.9,75,1,4019.0,59,2,4019.1,19,1
11483,2026-07-02 13:45:46+05:30,4018.1,7,4036.39,1530201,150245.0,180204.0,4100.0,4110.0,4012.0,4092.6,25344025,4501.8,3683.4,4440.0,3288.1,4018.0,16,1,4017.9,2,1,4017.2,6,1,4017.1,2,1,4017.0,1490,25,4018.1,7,2,4018.8,15,1,4018.9,75,1,4019.0,59,2,4019.1,19,1
11483,2026-07-02 13:45:46+05:30,4018.1,7,4036.39,1530217,150273.0,180260.0,4100.0,4110.0,4012.0,4092.6,25344025,4501.8,3683.4,4440.0,3288.1,4018.0,15,1,4017.9,2,1,4017.2,6,1,4017.1,31,3,4017.0,1490,25,4018.1,8,2,4018.8,15,1,4018.9,75,1,4019.0,59,2,4019.1,19,1
11483,2026-07-02 13:45:47+05:30,4018.0,1,4036.39,1530217,150273.0,180260.0,4100.0,4110.0,4012.0,4092.6,25344025,4501.8,3683.4,4440.0,3288.1,4018.0,15,1,4017.9,2,1,4017.2,6,1,4017.1,31,3,4017.0,1490,25,4018.1,8,2,4018.8,15,1,4018.9,75,1,4019.0,59,2,4019.1,19,1
11483,2026-07-02 13:45:47+05:30,4018.0,1,4036.39,1530221,150246.0,180303.0,4100.0,4110.0,4012.0,4092.6,25344025,4501.8,3683.4,4440.0,3288.1,4018.0,12,2,4017.9,2,1,4017.2,6,1,4017.1,7,2,4017.0,1490,25,4018.1,8,2,4018.5,19,1,4018.8,15,1,4018.9,75,1,4019.0,59,2
11483,2026-07-02 13:45:48+05:30,4018.0,1,4036.39,1530221,150246.0,180303.0,4100.0,4110.0,4012.0,4092.6,25344025,4501.8,3683.4,4440.0,3288.1,4018.0,12,2,4017.9,2,1,4017.2,6,1,4017.1,7,2,4017.0,1490,25,4018.1,8,2,4018.5,19,1,4018.8,15,1,4018.9,75,1,4019.0,59,2
11483,2026-07-02 13:45:48+05:30,4018.0,1,4036.39,1530223,150294.0,180282.0,4100.0,4110.0,4012.0,4092.6,25344025,4501.8,3683.4,4440.0,3288.1,4018.0,10,2,4017.9,2,1,4017.2,6,1,4017.1,54,3,4017.0,1490,25,4018.1,8,2,4018.8,15,1,4018.9,75,1,4019.0,59,2,4019.1,19,1
11483,2026-07-02 13:45:49+05:30,4018.0,1,4036.39,1530223,150294.0,180282.0,4100.0,4110.0,4012.0,4092.6,25344025,4501.8,3683.4,4440.0,3288.1,4018.0,10,2,4017.9,2,1,4017.2,6,1,4017.1,54,3,4017.0,1490,25,4018.1,8,2,4018.8,15,1,4018.9,75,1,4019.0,59,2,4019.1,19,1
11483,2026-07-02 13:45:49+05:30,4018.0,1,4036.39,1530224,150294.0,180308.0,4100.0,4110.0,4012.0,4092.6,25344025,4501.8,3683.4,4440.0,3288.1,4018.0,10,3,4017.9,2,1,4017.2,6,1,4017.1,54,3,4017.0,1490,25,4018.1,8,2,4018.5,18,1,4018.8,15,1,4018.9,75,1,4019.0,59,2
11483,2026-07-02 13:45:50+05:30,4018.0,1,4036.39,1530224,150294.0,180308.0,4100.0,4110.0,4012.0,4092.6,25344025,4501.8,3683.4,4440.0,3288.1,4018.0,10,3,4017.9,2,1,4017.2,6,1,4017.1,54,3,4017.0,1490,25,4018.1,8,2,4018.5,18,1,4018.8,15,1,4018.9,75,1,4019.0,59,2
11483,2026-07-02 13:45:50+05:30,4018.0,1,4036.39,1530239,150291.0,180180.0,4100.0,4110.0,4012.0,4092.6,25344025,4501.8,3683.4,4440.0,3288.1,4018.0,6,3,4017.9,3,2,4017.2,6,1,4017.1,54,3,4017.0,1490,25,4018.1,11,1,4018.8,15,1,4018.9,75,1,4019.0,59,2,4019.1,19,1
11483,2026-07-02 13:45:51+05:30,4018.0,1,4036.39,1530239,150291.0,180180.0,4100.0,4110.0,4012.0,4092.6,25344025,4501.8,3683.4,4440.0,3288.1,4018.0,6,3,4017.9,3,2,4017.2,6,1,4017.1,54,3,4017.0,1490,25,4018.1,11,1,4018.8,15,1,4018.9,75,1,4019.0,59,2,4019.1,19,1
11483,2026-07-02 13:45:51+05:30,4018.0,1,4036.39,1530254,150331.0,180192.0,4100.0,4110.0,4012.0,4092.6,25344025,4501.8,3683.4,4440.0,3288.1,4018.0,3,3,4017.9,1,1,4017.2,6,1,4017.1,54,3,4017.0,1490,25,4018.1,14,1,4018.8,15,1,4018.9,75,1,4019.0,23,1,4019.1,55,2
11483,2026-07-02 13:45:52+05:30,4018.0,1,4036.39,1530254,150331.0,180192.0,4100.0,4110.0,4012.0,4092.6,25344025,4501.8,3683.4,4440.0,3288.1,4018.0,3,3,4017.9,1,1,4017.2,6,1,4017.1,54,3,4017.0,1490,25,4018.1,14,1,4018.8,15,1,4018.9,75,1,4019.0,23,1,4019.1,55,2
11483,2026-07-02 13:45:52+05:30,4018.0,1,4036.39,1530256,149446.0,180196.0,4100.0,4110.0,4012.0,4092.6,25344025,4501.8,3683.4,4440.0,3288.1,4018.0,1,1,4017.9,1,1,4017.2,6,1,4017.1,54,3,4017.0,1490,25,4018.1,14,1,4018.8,15,1,4018.9,75,1,4019.0,23,1,4019.1,55,2
11483,2026-07-02 13:45:53+05:30,4017.9,1,4036.39,1530256,149446.0,180196.0,4100.0,4110.0,4012.0,4092.6,25344025,4501.8,3683.4,4440.0,3288.1,4018.0,1,1,4017.9,1,1,4017.2,6,1,4017.1,54,3,4017.0,1490,25,4018.1,14,1,4018.8,15,1,4018.9,75,1,4019.0,23,1,4019.1,55,2
11483,2026-07-02 13:45:53+05:30,4017.9,1,4036.39,1530258,149104.0,180842.0,4100.0,4110.0,4012.0,4092.6,25344025,4501.8,3683.4,4440.0,3288.1,4017.2,14,2,4017.1,7,2,4017.0,1490,25,4016.8,38,2,4016.7,5,1,4018.0,1,1,4018.1,14,1,4018.8,15,1,4018.9,75,1,4019.0,23,1
11483,2026-07-02 13:45:54+05:30,4017.2,1,4036.39,1530258,149104.0,180842.0,4100.0,4110.0,4012.0,4092.6,25344025,4501.8,3683.4,4440.0,3288.1,4017.2,14,2,4017.1,7,2,4017.0,1490,25,4016.8,38,2,4016.7,5,1,4018.0,1,1,4018.1,14,1,4018.8,15,1,4018.9,75,1,4019.0,23,1
11483,2026-07-02 13:45:54+05:30,4017.2,1,4036.39,1530276,149027.0,180699.0,4100.0,4110.0,4012.0,4092.6,25344025,4501.8,3683.4,4440.0,3288.1,4017.1,15,3,4017.0,1490,25,4016.8,38,2,4016.7,5,1,4016.6,227,6,4018.0,16,2,4018.1,13,1,4018.8,15,1,4018.9,75,1,4019.0,23,1
11483,2026-07-02 13:45:55+05:30,4018.0,1,4036.39,1530276,149027.0,180699.0,4100.0,4110.0,4012.0,4092.6,25344025,4501.8,3683.4,4440.0,3288.1,4017.1,15,3,4017.0,1490,25,4016.8,38,2,4016.7,5,1,4016.6,227,6,4018.0,16,2,4018.1,13,1,4018.8,15,1,4018.9,75,1,4019.0,23,1
11483,2026-07-02 13:45:55+05:30,4018.0,1,4036.39,1530290,149009.0,180846.0,4100.0,4110.0,4012.0,4092.6,25344025,4501.8,3683.4,4440.0,3288.1,4017.2,17,2,4017.1,7,2,4017.0,1490,25,4016.9,5,1,4016.8,56,4,4018.0,6,2,4018.1,13,1,4018.8,15,1,4018.9,75,1,4019.0,23,1
11483,2026-07-02 13:45:56+05:30,4017.2,1,4036.39,1530292,149008.0,180825.0,4100.0,4110.0,4012.0,4092.6,25344025,4501.8,3683.4,4440.0,3288.1,4017.2,15,2,4017.1,7,2,4017.0,1490,25,4016.9,5,1,4016.8,56,4,4018.0,22,3,4018.1,13,1,4018.8,15,1,4018.9,75,1,4019.0,44,2
11483,2026-07-02 13:45:56+05:30,4017.2,1,4036.39,1530292,149008.0,180825.0,4100.0,4110.0,4012.0,4092.6,25344025,4501.8,3683.4,4440.0,3288.1,4017.2,15,2,4017.1,7,2,4017.0,1490,25,4016.9,5,1,4016.8,56,4,4018.0,22,3,4018.1,13,1,4018.8,15,1,4018.9,75,1,4019.0,44,2
11483,2026-07-02 13:45:57+05:30,4017.2,1,4036.39,1530293,148852.0,180913.0,4100.0,4110.0,4012.0,4092.6,25344025,4501.8,3683.4,4440.0,3288.1,4017.2,17,3,4017.1,7,2,4017.0,1490,25,4016.8,41,3,4016.7,43,3,4018.0,28,4,4018.1,13,1,4018.9,75,1,4019.0,21,1,4019.1,68,3
11483,2026-07-02 13:45:58+05:30,4018.0,50,4036.39,1530372,148892.0,180861.0,4100.0,4110.0,4012.0,4092.6,25344025,4501.8,3683.4,4440.0,3288.1,4018.0,3,1,4017.3,14,1,4017.2,58,3,4017.1,7,2,4017.0,1440,24,4018.1,13,1,4018.9,92,2,4019.1,49,2,4019.2,2,1,4019.3,14,1
11483,2026-07-02 13:45:58+05:30,4018.0,3,4036.39,1530372,148892.0,180861.0,4100.0,4110.0,4012.0,4092.6,25344025,4501.8,3683.4,4440.0,3288.1,4018.0,3,1,4017.3,14,1,4017.2,58,3,4017.1,7,2,4017.0,1440,24,4018.1,13,1,4018.9,92,2,4019.1,49,2,4019.2,2,1,4019.3,14,1
11483,2026-07-02 13:45:59+05:30,4018.0,6,4036.39,1530382,148945.0,180940.0,4100.0,4110.0,4012.0,4092.6,25344025,4501.8,3683.4,4440.0,3288.1,4017.6,1,1,4017.3,3,1,4017.2,94,4,4017.1,26,4,4017.0,1440,24,4018.0,9,2,4018.1,13,1,4018.8,5,1,4018.9,75,1,4019.1,13,1
11483,2026-07-02 13:45:59+05:30,4017.6,1,4036.39,1530382,148945.0,180940.0,4100.0,4110.0,4012.0,4092.6,25344025,4501.8,3683.4,4440.0,3288.1,4017.6,1,1,4017.3,3,1,4017.2,94,4,4017.1,26,4,4017.0,1440,24,4018.0,9,2,4018.1,13,1,4018.8,5,1,4018.9,75,1,4019.1,13,1
11483,2026-07-02 13:46:00+05:30,4018.0,1,4036.39,1530385,149032.0,180758.0,4100.0,4110.0,4012.0,4092.6,25344025,4501.8,3683.4,4440.0,3288.1,4017.5,35,4,4017.4,16,2,4017.3,24,2,4017.2,97,4,4017.1,24,5,4018.0,7,2,4018.1,13,1,4018.9,75,1,4019.1,13,1,4019.2,2,1
11483,2026-07-02 13:46:00+05:30,4017.5,1,4036.39,1530385,149032.0,180758.0,4100.0,4110.0,4012.0,4092.6,25344025,4501.8,3683.4,4440.0,3288.1,4017.5,35,4,4017.4,16,2,4017.3,24,2,4017.2,97,4,4017.1,24,5,4018.0,7,2,4018.1,13,1,4018.9,75,1,4019.1,13,1,4019.2,2,1
11483,2026-07-02 13:46:01+05:30,4018.0,3,4036.39,1530391,149044.0,180829.0,4100.0,4110.0,4012.0,4092.6,25344025,4501.8,3683.4,4440.0,3288.1,4017.7,21,3,4017.6,14,2,4017.5,25,3,4017.4,24,3,4017.3,23,2,4018.1,13,1,4018.9,75,1,4019.1,13,1,4019.2,2,1,4019.4,98,4
11483,2026-07-02 13:46:01+05:30,4018.1,25,4036.39,1530391,149044.0,180829.0,4100.0,4110.0,4012.0,4092.6,25344025,4501.8,3683.4,4440.0,3288.1,4017.7,21,3,4017.6,14,2,4017.5,25,3,4017.4,24,3,4017.3,23,2,4018.1,13,1,4018.9,75,1,4019.1,13,1,4019.2,2,1,4019.4,98,4
11483,2026-07-02 13:46:02+05:30,4018.1,22,4036.39,1530438,149145.0,180644.0,4100.0,4110.0,4012.0,4092.6,25344025,4501.8,3683.4,4440.0,3288.1,4017.9,1,1,4017.8,21,3,4017.7,8,2,4017.6,21,3,4017.5,23,3,4018.1,14,1,4018.9,75,1,4019.1,13,1,4019.4,33,2,4019.5,38,2
11483,2026-07-02 13:46:02+05:30,4017.9,1,4036.39,1530438,149145.0,180644.0,4100.0,4110.0,4012.0,4092.6,25344025,4501.8,3683.4,4440.0,3288.1,4017.9,1,1,4017.8,21,3,4017.7,8,2,4017.6,21,3,4017.5,23,3,4018.1,14,1,4018.9,75,1,4019.1,13,1,4019.4,33,2,4019.5,38,2
11483,2026-07-02 13:46:02+05:30,4017.9,1,4036.39,1530439,149142.0,180657.0,4100.0,4110.0,4012.0,4092.6,25344025,4501.8,3683.4,4440.0,3288.1,4017.8,21,3,4017.7,8,2,4017.6,14,2,4017.5,15,2,4017.4,24,3,4017.9,1,1,4018.1,14,1,4018.9,75,1,4019.1,13,1,4019.4,33,2
11483,2026-07-02 13:46:03+05:30,4017.9,1,4036.39,1530439,149142.0,180657.0,4100.0,4110.0,4012.0,4092.6,25344025,4501.8,3683.4,4440.0,3288.1,4017.8,21,3,4017.7,8,2,4017.6,14,2,4017.5,15,2,4017.4,24,3,4017.9,1,1,4018.1,14,1,4018.9,75,1,4019.1,13,1,4019.4,33,2
11483,2026-07-02 13:46:03+05:30,4017.8,1,4036.39,1530442,149156.0,180659.0,4100.0,4110.0,4012.0,4092.6,25344025,4501.8,3683.4,4440.0,3288.1,4017.8,11,2,4017.7,3,1,4017.6,30,3,4017.5,15,2,4017.4,24,3,4017.9,2,2,4018.1,14,1,4018.9,75,1,4019.1,13,1,4019.4,33,2
11483,2026-07-02 13:46:04+05:30,4017.8,1,4036.39,1530442,149156.0,180659.0,4100.0,4110.0,4012.0,4092.6,25344025,4501.8,3683.4,4440.0,3288.1,4017.8,11,2,4017.7,3,1,4017.6,30,3,4017.5,15,2,4017.4,24,3,4017.9,2,2,4018.1,14,1,4018.9,75,1,4019.1,13,1,4019.4,33,2
11483,2026-07-02 13:46:05+05:30,4017.9,3,4036.39,1530447,148762.0,181024.0,4100.0,4110.0,4012.0,4092.6,25344025,4501.8,3683.4,4440.0,3288.1,4017.7,38,4,4017.6,20,3,4017.5,68,2,4017.4,16,2,4017.3,31,3,4017.9,1,1,4018.1,14,1,4018.9,75,1,4019.1,13,1,4019.4,81,4
11483,2026-07-02 13:46:05+05:30,4018.9,2,4036.39,1530447,148762.0,181024.0,4100.0,4110.0,4012.0,4092.6,25344025,4501.8,3683.4,4440.0,3288.1,4017.7,38,4,4017.6,20,3,4017.5,68,2,4017.4,16,2,4017.3,31,3,4017.9,1,1,4018.1,14,1,4018.9,75,1,4019.1,13,1,4019.4,81,4
11483,2026-07-02 13:46:05+05:30,4018.9,2,4036.39,1530469,149201.0,180855.0,4100.0,4110.0,4012.0,4092.6,25344025,4501.8,3683.4,4440.0,3288.1,4017.8,20,2,4017.7,16,2,4017.6,16,2,4017.5,68,2,4017.4,6,2,4018.1,13,1,4018.9,73,1,4019.3,4,1,4019.4,33,2,4019.5,38,2
11483,2026-07-02 13:46:06+05:30,4018.1,8,4036.39,1530469,149201.0,180855.0,4100.0,4110.0,4012.0,4092.6,25344025,4501.8,3683.4,4440.0,3288.1,4017.8,20,2,4017.7,16,2,4017.6,16,2,4017.5,68,2,4017.4,6,2,4018.1,13,1,4018.9,73,1,4019.3,4,1,4019.4,33,2,4019.5,38,2
11483,2026-07-02 13:46:06+05:30,4017.9,1,4036.39,1530481,149455.0,180848.0,4100.0,4110.0,4012.0,4092.6,25344025,4501.8,3683.4,4440.0,3288.1,4017.9,34,4,4017.8,15,3,4017.7,56,2,4017.6,93,5,4017.5,136,7,4018.1,6,2,4018.9,73,1,4019.1,13,1,4019.4,33,2,4019.5,38,2
11483,2026-07-02 13:46:07+05:30,4017.9,1,4036.39,1530481,149455.0,180848.0,4100.0,4110.0,4012.0,4092.6,25344025,4501.8,3683.4,4440.0,3288.1,4017.9,34,4,4017.8,15,3,4017.7,56,2,4017.6,93,5,4017.5,136,7,4018.1,6,2,4018.9,73,1,4019.1,13,1,4019.4,33,2,4019.5,38,2
11483,2026-07-02 13:46:07+05:30,4017.9,9,4036.39,1530491,149488.0,180868.0,4100.0,4110.0,4012.0,4092.6,25344025,4501.8,3683.4,4440.0,3288.1,4017.9,24,4,4017.8,15,3,4017.7,56,2,4017.6,93,5,4017.5,136,7,4018.1,6,2,4018.9,73,1,4019.1,13,1,4019.4,33,2,4019.5,38,2
11483,2026-07-02 13:46:08+05:30,4017.9,2,4036.39,1530491,149488.0,180868.0,4100.0,4110.0,4012.0,4092.6,25344025,4501.8,3683.4,4440.0,3288.1,4017.9,24,4,4017.8,15,3,4017.7,56,2,4017.6,93,5,4017.5,136,7,4018.1,6,2,4018.9,73,1,4019.1,13,1,4019.4,33,2,4019.5,38,2
11483,2026-07-02 13:46:09+05:30,4018.1,8,4036.39,1530520,149696.0,180750.0,4100.0,4110.0,4012.0,4092.6,25344025,4501.8,3683.4,4440.0,3288.1,4018.0,14,4,4017.9,13,2,4017.8,16,4,4017.7,56,2,4017.6,46,5,4018.1,5,1,4018.9,73,1,4019.1,13,1,4019.4,33,2,4019.5,38,2
11483,2026-07-02 13:46:09+05:30,4018.0,1,4036.39,1530520,149696.0,180750.0,4100.0,4110.0,4012.0,4092.6,25344025,4501.8,3683.4,4440.0,3288.1,4018.0,14,4,4017.9,13,2,4017.8,16,4,4017.7,56,2,4017.6,46,5,4018.1,5,1,4018.9,73,1,4019.1,13,1,4019.4,33,2,4019.5,38,2
11483,2026-07-02 13:46:09+05:30,4018.0,1,4036.39,1530525,149705.0,180723.0,4100.0,4110.0,4012.0,4092.6,25344025,4501.8,3683.4,4440.0,3288.1,4018.0,9,2,4017.9,13,2,4017.8,16,4,4017.7,56,2,4017.6,46,5,4018.1,3,1,4018.9,73,1,4019.1,13,1,4019.4,33,2,4019.5,57,3
11483,2026-07-02 13:46:10+05:30,4018.0,1,4036.39,1530525,149705.0,180723.0,4100.0,4110.0,4012.0,4092.6,25344025,4501.8,3683.4,4440.0,3288.1,4018.0,9,2,4017.9,13,2,4017.8,16,4,4017.7,56,2,4017.6,46,5,4018.1,3,1,4018.9,73,1,4019.1,13,1,4019.4,33,2,4019.5,57,3
11483,2026-07-02 13:46:10+05:30,4018.1,13,4036.38,1530627,149677.0,180833.0,4100.0,4110.0,4012.0,4092.6,25344025,4501.8,3683.4,4440.0,3288.1,4017.9,72,5,4017.8,12,3,4017.7,56,2,4017.6,39,4,4017.5,122,5,4018.1,6,1,4018.9,73,1,4019.4,33,2,4019.5,38,2,4019.6,32,2
11483,2026-07-02 13:46:11+05:30,4017.9,12,4036.38,1530627,149677.0,180833.0,4100.0,4110.0,4012.0,4092.6,25344025,4501.8,3683.4,4440.0,3288.1,4017.9,72,5,4017.8,12,3,4017.7,56,2,4017.6,39,4,4017.5,122,5,4018.1,6,1,4018.9,73,1,4019.4,33,2,4019.5,38,2,4019.6,32,2
11483,2026-07-02 13:46:11+05:30,4017.9,12,4036.38,1530639,149724.0,180899.0,4100.0,4110.0,4012.0,4092.6,25344025,4501.8,3683.4,4440.0,3288.1,4017.9,60,5,4017.8,12,3,4017.7,56,2,4017.6,39,4,4017.5,122,5,4018.1,6,1,4018.9,73,1,4019.4,33,2,4019.5,38,2,4019.6,32,2
11483,2026-07-02 13:46:12+05:30,4018.9,12,4036.38,1530639,149724.0,180899.0,4100.0,4110.0,4012.0,4092.6,25344025,4501.8,3683.4,4440.0,3288.1,4017.9,60,5,4017.8,12,3,4017.7,56,2,4017.6,39,4,4017.5,122,5,4018.1,6,1,4018.9,73,1,4019.4,33,2,4019.5,38,2,4019.6,32,2
11483,2026-07-02 13:46:12+05:30,4018.9,15,4036.38,1530675,149689.0,180509.0,4100.0,4110.0,4012.0,4092.6,25344025,4501.8,3683.4,4440.0,3288.1,4017.9,51,3,4017.8,29,4,4017.7,56,2,4017.6,39,4,4017.5,114,4,4018.9,46,1,4019.4,20,1,4019.5,2,1,4019.6,51,2,4019.7,13,1
11483,2026-07-02 13:46:13+05:30,4017.9,3,4036.38,1530675,149689.0,180509.0,4100.0,4110.0,4012.0,4092.6,25344025,4501.8,3683.4,4440.0,3288.1,4017.9,51,3,4017.8,29,4,4017.7,56,2,4017.6,39,4,4017.5,114,4,4018.9,46,1,4019.4,20,1,4019.5,2,1,4019.6,51,2,4019.7,13,1
11483,2026-07-02 13:46:13+05:30,4018.9,2,4036.38,1530686,150160.0,179243.0,4100.0,4110.0,4012.0,4092.6,25344025,4501.8,3683.4,4440.0,3288.1,4018.0,18,2,4017.9,11,2,4017.8,32,3,4017.7,59,3,4017.6,16,2,4018.9,56,2,4019.5,2,1,4019.6,15,1,4019.7,13,1,4019.8,18,1
11483,2026-07-02 13:46:14+05:30,4018.0,1,4036.38,1530686,150160.0,179243.0,4100.0,4110.0,4012.0,4092.6,25344025,4501.8,3683.4,4440.0,3288.1,4018.0,18,2,4017.9,11,2,4017.8,32,3,4017.7,59,3,4017.6,16,2,4018.9,56,2,4019.5,2,1,4019.6,15,1,4019.7,13,1,4019.8,18,1
11483,2026-07-02 13:46:14+05:30,4018.0,1,4036.38,1530687,150248.0,179261.0,4100.0,4110.0,4012.0,4092.6,25344025,4501.8,3683.4,4440.0,3288.1,4018.0,17,2,4017.9,11,2,4017.8,17,2,4017.7,59,3,4017.6,16,2,4018.9,56,2,4019.5,2,1,4019.6,23,2,4019.7,13,1,4019.8,18,1
11483,2026-07-02 13:46:15+05:30,4018.9,1,4036.38,1530687,150248.0,179261.0,4100.0,4110.0,4012.0,4092.6,25344025,4501.8,3683.4,4440.0,3288.1,4018.0,17,2,4017.9,11,2,4017.8,17,2,4017.7,59,3,4017.6,16,2,4018.9,56,2,4019.5,2,1,4019.6,23,2,4019.7,13,1,4019.8,18,1
11483,2026-07-02 13:46:15+05:30,4018.9,3,4036.38,1530694,150424.0,179277.0,4100.0,4110.0,4012.0,4092.6,25344025,4501.8,3683.4,4440.0,3288.1,4018.1,19,1,4018.0,27,4,4017.9,26,3,4017.8,50,4,4017.7,56,2,4018.9,49,2,4019.5,2,1,4019.6,15,1,4019.7,13,1,4019.9,46,2
11483,2026-07-02 13:46:16+05:30,4018.9,22,4036.38,1530694,150424.0,179277.0,4100.0,4110.0,4012.0,4092.6,25344025,4501.8,3683.4,4440.0,3288.1,4018.1,19,1,4018.0,27,4,4017.9,26,3,4017.8,50,4,4017.7,56,2,4018.9,49,2,4019.5,2,1,4019.6,15,1,4019.7,13,1,4019.9,46,2
11483,2026-07-02 13:46:16+05:30,4018.9,22,4036.38,1530717,150495.0,179216.0,4100.0,4110.0,4012.0,4092.6,25344025,4501.8,3683.4,4440.0,3288.1,4018.1,30,3,4018.0,18,3,4017.9,26,3,4017.8,50,4,4017.7,56,2,4018.9,27,2,4019.5,2,1,4019.6,15,1,4019.7,13,1,4019.9,46,2
11483,2026-07-02 13:46:17+05:30,4018.9,22,4036.38,1530717,150495.0,179216.0,4100.0,4110.0,4012.0,4092.6,25344025,4501.8,3683.4,4440.0,3288.1,4018.1,30,3,4018.0,18,3,4017.9,26,3,4017.8,50,4,4017.7,56,2,4018.9,27,2,4019.5,2,1,4019.6,15,1,4019.7,13,1,4019.9,46,2
11483,2026-07-02 13:46:17+05:30,4018.0,5,4036.38,1530717,150495.0,179216.0,4100.0,4110.0,4012.0,4092.6,25344025,4501.8,3683.4,4440.0,3288.1,4018.1,30,3,4018.0,18,3,4017.9,26,3,4017.8,50,4,4017.7,56,2,4018.9,27,2,4019.5,2,1,4019.6,15,1,4019.7,13,1,4019.9,46,2
11483,2026-07-02 13:46:17+05:30,4018.0,5,4036.38,1530717,150495.0,179216.0,4100.0,4110.0,4012.0,4092.6,25344025,4501.8,3683.4,4440.0,3288.1,4018.1,30,3,4018.0,18,3,4017.9,26,3,4017.8,50,4,4017.7,56,2,4018.9,27,2,4019.5,2,1,4019.6,15,1,4019.7,13,1,4019.9,46,2
11483,2026-07-02 13:46:17+05:30,4018.0,5,4036.38,1530725,150437.0,179245.0,4100.0,4110.0,4012.0,4092.6,25344025,4501.8,3683.4,4440.0,3288.1,4017.9,22,3,4017.8,67,5,4017.7,56,2,4017.6,31,3,4017.5,122,5,4018.9,27,2,4019.5,2,1,4019.6,15,1,4019.7,13,1,4019.8,16,1
11483,2026-07-02 13:46:18+05:30,4018.0,5,4036.38,1530725,150437.0,179245.0,4100.0,4110.0,4012.0,4092.6,25344025,4501.8,3683.4,4440.0,3288.1,4017.9,22,3,4017.8,67,5,4017.7,56,2,4017.6,31,3,4017.5,122,5,4018.9,27,2,4019.5,2,1,4019.6,15,1,4019.7,13,1,4019.8,16,1
11483,2026-07-02 13:46:18+05:30,4019.8,72,4036.38,1530725,150437.0,179245.0,4100.0,4110.0,4012.0,4092.6,25344025,4501.8,3683.4,4440.0,3288.1,4017.9,22,3,4017.8,67,5,4017.7,56,2,4017.6,31,3,4017.5,122,5,4018.9,27,2,4019.5,2,1,4019.6,15,1,4019.7,13,1,4019.8,16,1
11483,2026-07-02 13:46:18+05:30,4019.8,72,4036.38,1530725,150437.0,179245.0,4100.0,4110.0,4012.0,4092.6,25344025,4501.8,3683.4,4440.0,3288.1,4017.9,22,3,4017.8,67,5,4017.7,56,2,4017.6,31,3,4017.5,122,5,4018.9,27,2,4019.5,2,1,4019.6,15,1,4019.7,13,1,4019.8,16,1
11483,2026-07-02 13:46:18+05:30,4019.8,72,4036.38,1530871,150800.0,179148.0,4100.0,4110.0,4012.0,4092.6,25344025,4501.8,3683.4,4440.0,3288.1,4018.1,12,1,4018.0,98,6,4017.9,10,2,4017.8,17,2,4017.7,68,3,4019.6,3,1,4019.7,3,1,4019.9,41,2,4020.0,81,4,4020.2,23,1
11483,2026-07-02 13:46:19+05:30,4019.8,72,4036.38,1530871,150800.0,179148.0,4100.0,4110.0,4012.0,4092.6,25344025,4501.8,3683.4,4440.0,3288.1,4018.1,12,1,4018.0,98,6,4017.9,10,2,4017.8,17,2,4017.7,68,3,4019.6,3,1,4019.7,3,1,4019.9,41,2,4020.0,81,4,4020.2,23,1
11483,2026-07-02 13:46:19+05:30,4018.1,1,4036.38,1530871,150800.0,179148.0,4100.0,4110.0,4012.0,4092.6,25344025,4501.8,3683.4,4440.0,3288.1,4018.1,12,1,4018.0,98,6,4017.9,10,2,4017.8,17,2,4017.7,68,3,4019.6,3,1,4019.7,3,1,4019.9,41,2,4020.0,81,4,4020.2,23,1
11483,2026-07-02 13:46:19+05:30,4018.1,1,4036.38,1530871,150800.0,179148.0,4100.0,4110.0,4012.0,4092.6,25344025,4501.8,3683.4,4440.0,3288.1,4018.1,12,1,4018.0,98,6,4017.9,10,2,4017.8,17,2,4017.7,68,3,4019.6,3,1,4019.7,3,1,4019.9,41,2,4020.0,81,4,4020.2,23,1
11483,2026-07-02 13:46:19+05:30,4019.5,6,4036.38,1530906,149973.0,179355.0,4100.0,4110.0,4012.0,4092.6,25344025,4501.8,3683.4,4440.0,3288.1,4017.9,21,3,4017.8,11,2,4017.7,48,1,4017.6,13,1,4017.5,121,4,4019.3,12,2,4019.4,22,2,4019.5,22,2,4019.6,57,3,4019.7,39,2
11483,2026-07-02 13:46:20+05:30,4019.5,6,4036.38,1530906,149973.0,179355.0,4100.0,4110.0,4012.0,4092.6,25344025,4501.8,3683.4,4440.0,3288.1,4017.9,21,3,4017.8,11,2,4017.7,48,1,4017.6,13,1,4017.5,121,4,4019.3,12,2,4019.4,22,2,4019.5,22,2,4019.6,57,3,4019.7,39,2
11483,2026-07-02 13:46:20+05:30,4017.9,5,4036.38,1530906,149973.0,179355.0,4100.0,4110.0,4012.0,4092.6,25344025,4501.8,3683.4,4440.0,3288.1,4017.9,21,3,4017.8,11,2,4017.7,48,1,4017.6,13,1,4017.5,121,4,4019.3,12,2,4019.4,22,2,4019.5,22,2,4019.6,57,3,4019.7,39,2
11483,2026-07-02 13:46:20+05:30,4017.9,5,4036.38,1530906,149973.0,179355.0,4100.0,4110.0,4012.0,4092.6,25344025,4501.8,3683.4,4440.0,3288.1,4017.9,21,3,4017.8,11,2,4017.7,48,1,4017.6,13,1,4017.5,121,4,4019.3,12,2,4019.4,22,2,4019.5,22,2,4019.6,57,3,4019.7,39,2
11483,2026-07-02 13:46:20+05:30,4017.9,5,4036.38,1530911,150030.0,179334.0,4100.0,4110.0,4012.0,4092.6,25344025,4501.8,3683.4,4440.0,3288.1,4017.9,16,3,4017.8,11,2,4017.7,48,1,4017.6,13,1,4017.5,121,4,4019.3,25,4,4019.4,40,2,4019.5,28,2,4019.6,20,2,4019.7,57,3
11483,2026-07-02 13:46:20+05:30,4017.9,5,4036.38,1530911,150030.0,179334.0,4100.0,4110.0,4012.0,4092.6,25344025,4501.8,3683.4,4440.0,3288.1,4017.9,16,3,4017.8,11,2,4017.7,48,1,4017.6,13,1,4017.5,121,4,4019.3,25,4,4019.4,40,2,4019.5,28,2,4019.6,20,2,4019.7,57,3
11483,2026-07-02 13:46:21+05:30,4017.9,5,4036.38,1530911,150030.0,179334.0,4100.0,4110.0,4012.0,4092.6,25344025,4501.8,3683.4,4440.0,3288.1,4017.9,16,3,4017.8,11,2,4017.7,48,1,4017.6,13,1,4017.5,121,4,4019.3,25,4,4019.4,40,2,4019.5,28,2,4019.6,20,2,4019.7,57,3
11483,2026-07-02 13:46:21+05:30,4017.9,5,4036.38,1530911,150030.0,179334.0,4100.0,4110.0,4012.0,4092.6,25366075,4501.8,3683.4,4440.0,3288.1,4017.9,16,3,4017.8,11,2,4017.7,48,1,4017.6,13,1,4017.5,121,4,4019.3,25,4,4019.4,40,2,4019.5,28,2,4019.6,20,2,4019.7,57,3
11483,2026-07-02 13:46:21+05:30,4017.0,158,4036.37,1531720,149072.0,179306.0,4100.0,4110.0,4012.0,4092.6,25366075,4501.8,3683.4,4440.0,3288.1,4017.6,11,2,4017.5,32,1,4017.3,32,1,4017.2,6,1,4017.1,94,4,4019.2,22,2,4019.3,58,6,4019.4,39,2,4019.5,28,2,4019.6,3,1
11483,2026-07-02 13:46:21+05:30,4017.0,158,4036.37,1531720,149072.0,179306.0,4100.0,4110.0,4012.0,4092.6,25366075,4501.8,3683.4,4440.0,3288.1,4017.6,11,2,4017.5,32,1,4017.3,32,1,4017.2,6,1,4017.1,94,4,4019.2,22,2,4019.3,58,6,4019.4,39,2,4019.5,28,2,4019.6,3,1
11483,2026-07-02 13:46:22+05:30,4017.0,158,4036.37,1531720,149072.0,179306.0,4100.0,4110.0,4012.0,4092.6,25366075,4501.8,3683.4,4440.0,3288.1,4017.6,11,2,4017.5,32,1,4017.3,32,1,4017.2,6,1,4017.1,94,4,4019.2,22,2,4019.3,58,6,4019.4,39,2,4019.5,28,2,4019.6,3,1
11483,2026-07-02 13:46:22+05:30,4017.6,5,4036.37,1531720,149072.0,179306.0,4100.0,4110.0,4012.0,4092.6,25366075,4501.8,3683.4,4440.0,3288.1,4017.6,11,2,4017.5,32,1,4017.3,32,1,4017.2,6,1,4017.1,94,4,4019.2,22,2,4019.3,58,6,4019.4,39,2,4019.5,28,2,4019.6,3,1
11483,2026-07-02 13:46:22+05:30,4017.6,5,4036.37,1531720,149072.0,179306.0,4100.0,4110.0,4012.0,4092.6,25366075,4501.8,3683.4,4440.0,3288.1,4017.6,11,2,4017.5,32,1,4017.3,32,1,4017.2,6,1,4017.1,94,4,4019.2,22,2,4019.3,58,6,4019.4,39,2,4019.5,28,2,4019.6,3,1
11483,2026-07-02 13:46:22+05:30,4017.6,5,4036.37,1531736,149426.0,180322.0,4100.0,4110.0,4012.0,4092.6,25366075,4501.8,3683.4,4440.0,3288.1,4017.5,32,1,4017.3,32,1,4017.2,6,1,4017.1,7,2,4017.0,1192,15,4017.6,5,1,4019.0,19,2,4019.1,79,2,4019.2,80,4,4019.3,15,4
11483,2026-07-02 13:46:22+05:30,4017.6,5,4036.37,1531736,149426.0,180322.0,4100.0,4110.0,4012.0,4092.6,25366075,4501.8,3683.4,4440.0,3288.1,4017.5,32,1,4017.3,32,1,4017.2,6,1,4017.1,7,2,4017.0,1192,15,4017.6,5,1,4019.0,19,2,4019.1,79,2,4019.2,80,4,4019.3,15,4
11483,2026-07-02 13:46:23+05:30,4017.6,5,4036.37,1531736,149426.0,180322.0,4100.0,4110.0,4012.0,4092.6,25366075,4501.8,3683.4,4440.0,3288.1,4017.5,32,1,4017.3,32,1,4017.2,6,1,4017.1,7,2,4017.0,1192,15,4017.6,5,1,4019.0,19,2,4019.1,79,2,4019.2,80,4,4019.3,15,4
11483,2026-07-02 13:46:23+05:30,4017.5,2,4036.37,1531736,149426.0,180322.0,4100.0,4110.0,4012.0,4092.6,25366075,4501.8,3683.4,4440.0,3288.1,4017.5,32,1,4017.3,32,1,4017.2,6,1,4017.1,7,2,4017.0,1192,15,4017.6,5,1,4019.0,19,2,4019.1,79,2,4019.2,80,4,4019.3,15,4
11483,2026-07-02 13:46:23+05:30,4017.5,2,4036.37,1531738,149428.0,180293.0,4100.0,4110.0,4012.0,4092.6,25366075,4501.8,3683.4,4440.0,3288.1,4017.5,30,1,4017.3,32,1,4017.2,6,1,4017.1,7,2,4017.0,1217,16,4017.6,7,2,4019.0,19,2,4019.1,79,2,4019.2,80,4,4019.3,13,3
11483,2026-07-02 13:46:24+05:30,4017.5,1,4036.37,1531738,149428.0,180293.0,4100.0,4110.0,4012.0,4092.6,25366075,4501.8,3683.4,4440.0,3288.1,4017.5,30,1,4017.3,32,1,4017.2,6,1,4017.1,7,2,4017.0,1217,16,4017.6,7,2,4019.0,19,2,4019.1,79,2,4019.2,80,4,4019.3,13,3
11483,2026-07-02 13:46:24+05:30,4017.5,1,4036.37,1531741,149443.0,180571.0,4100.0,4110.0,4012.0,4092.6,25366075,4501.8,3683.4,4440.0,3288.1,4017.5,28,1,4017.3,32,1,4017.1,7,2,4017.0,1217,16,4016.8,27,2,4017.6,6,2,4018.8,27,1,4018.9,110,1,4019.0,19,2,4019.1,12,1
11483,2026-07-02 13:46:25+05:30,4017.6,75,4036.37,1531741,149443.0,180571.0,4100.0,4110.0,4012.0,4092.6,25366075,4501.8,3683.4,4440.0,3288.1,4017.5,28,1,4017.3,32,1,4017.1,7,2,4017.0,1217,16,4016.8,27,2,4017.6,6,2,4018.8,27,1,4018.9,110,1,4019.0,19,2,4019.1,12,1
11483,2026-07-02 13:46:25+05:30,4017.6,75,4036.37,1531822,149601.0,180523.0,4100.0,4110.0,4012.0,4092.6,25366075,4501.8,3683.4,4440.0,3288.1,4017.5,77,3,4017.3,32,1,4017.2,17,1,4017.1,7,2,4017.0,1217,16,4017.6,1,1,4018.8,27,1,4018.9,110,1,4019.0,2,1,4019.1,12,1
11483,2026-07-02 13:46:26+05:30,4017.6,1,4036.37,1531822,149601.0,180523.0,4100.0,4110.0,4012.0,4092.6,25366075,4501.8,3683.4,4440.0,3288.1,4017.5,77,3,4017.3,32,1,4017.2,17,1,4017.1,7,2,4017.0,1217,16,4017.6,1,1,4018.8,27,1,4018.9,110,1,4019.0,2,1,4019.1,12,1
11483,2026-07-02 13:46:26+05:30,4017.6,1,4036.37,1531833,149561.0,180395.0,4100.0,4110.0,4012.0,4092.6,25366075,4501.8,3683.4,4440.0,3288.1,4018.0,25,1,4017.6,6,2,4017.5,13,1,4017.3,32,1,4017.2,12,1,4018.8,3,1,4018.9,110,1,4019.0,36,3,4019.2,83,5,4019.3,12,2
11483,2026-07-02 13:46:27+05:30,4018.0,1,4036.37,1531833,149561.0,180395.0,4100.0,4110.0,4012.0,4092.6,25366075,4501.8,3683.4,4440.0,3288.1,4018.0,25,1,4017.6,6,2,4017.5,13,1,4017.3,32,1,4017.2,12,1,4018.8,3,1,4018.9,110,1,4019.0,36,3,4019.2,83,5,4019.3,12,2
11483,2026-07-02 13:46:27+05:30,4018.9,2,4036.37,1531839,149605.0,180391.0,4100.0,4110.0,4012.0,4092.6,25366075,4501.8,3683.4,4440.0,3288.1,4018.0,24,1,4017.6,6,2,4017.5,13,1,4017.3,32,1,4017.2,12,1,4018.9,108,1,4019.0,36,3,4019.2,83,5,4019.3,12,2,4019.4,57,3
11483,2026-07-02 13:46:28+05:30,4018.0,1,4036.37,1531839,149605.0,180391.0,4100.0,4110.0,4012.0,4092.6,25366075,4501.8,3683.4,4440.0,3288.1,4018.0,24,1,4017.6,6,2,4017.5,13,1,4017.3,32,1,4017.2,12,1,4018.9,108,1,4019.0,36,3,4019.2,83,5,4019.3,12,2,4019.4,57,3
11483,2026-07-02 13:46:28+05:30,4018.9,8,4036.37,1531848,149605.0,180383.0,4100.0,4110.0,4012.0,4092.6,25366075,4501.8,3683.4,4440.0,3288.1,4018.0,23,1,4017.6,6,2,4017.5,13,1,4017.3,32,1,4017.2,12,1,4018.9,100,1,4019.0,36,3,4019.2,83,5,4019.3,12,2,4019.4,57,3
11483,2026-07-02 13:46:29+05:30,4018.0,1,4036.37,1531848,149605.0,180383.0,4100.0,4110.0,4012.0,4092.6,25366075,4501.8,3683.4,4440.0,3288.1,4018.0,23,1,4017.6,6,2,4017.5,13,1,4017.3,32,1,4017.2,12,1,4018.9,100,1,4019.0,36,3,4019.2,83,5,4019.3,12,2,4019.4,57,3
11483,2026-07-02 13:46:29+05:30,4017.6,5,4036.37,1531879,149598.0,180434.0,4100.0,4110.0,4012.0,4092.6,25366075,4501.8,3683.4,4440.0,3288.1,4017.6,1,1,4017.5,23,2,4017.4,15,1,4017.3,32,1,4017.2,2,1,4018.9,102,2,4019.0,2,1,4019.2,64,4,4019.3,32,3,4019.4,57,3
11483,2026-07-02 13:46:30+05:30,4017.6,3,4036.37,1531879,149598.0,180434.0,4100.0,4110.0,4012.0,4092.6,25366075,4501.8,3683.4,4440.0,3288.1,4017.6,1,1,4017.5,23,2,4017.4,15,1,4017.3,32,1,4017.2,2,1,4018.9,102,2,4019.0,2,1,4019.2,64,4,4019.3,32,3,4019.4,57,3
11483,2026-07-02 13:46:30+05:30,4017.6,3,4036.37,1531882,149768.0,180439.0,4100.0,4110.0,4012.0,4092.6,25366075,4501.8,3683.4,4440.0,3288.1,4017.6,2,2,4017.5,38,3,4017.4,35,1,4017.3,32,1,4017.2,2,1,4018.9,102,2,4019.0,2,1,4019.2,64,4,4019.3,32,3,4019.4,57,3
11483,2026-07-02 13:46:31+05:30,4018.9,1,4036.37,1531882,149768.0,180439.0,4100.0,4110.0,4012.0,4092.6,25366075,4501.8,3683.4,4440.0,3288.1,4017.6,2,2,4017.5,38,3,4017.4,35,1,4017.3,32,1,4017.2,2,1,4018.9,102,2,4019.0,2,1,4019.2,64,4,4019.3,32,3,4019.4,57,3
11483,2026-07-02 13:46:31+05:30,4018.9,1,4036.37,1531893,149791.0,180429.0,4100.0,4110.0,4012.0,4092.6,25366075,4501.8,3683.4,4440.0,3288.1,4018.1,2,2,4017.6,1,1,4017.5,38,3,4017.4,35,1,4017.3,32,1,4018.9,92,2,4019.0,2,1,4019.2,64,4,4019.3,32,3,4019.4,57,3
11483,2026-07-02 13:46:32+05:30,4018.1,1,4036.37,1531893,149791.0,180429.0,4100.0,4110.0,4012.0,4092.6,25366075,4501.8,3683.4,4440.0,3288.1,4018.1,2,2,4017.6,1,1,4017.5,38,3,4017.4,35,1,4017.3,32,1,4018.9,92,2,4019.0,2,1,4019.2,64,4,4019.3,32,3,4019.4,57,3
11483,2026-07-02 13:46:32+05:30,4018.1,1,4036.37,1531894,149788.0,180440.0,4100.0,4110.0,4012.0,4092.6,25366075,4501.8,3683.4,4440.0,3288.1,4018.1,2,2,4017.6,1,1,4017.5,38,3,4017.4,35,1,4017.3,32,1,4018.9,92,2,4019.0,2,1,4019.2,75,5,4019.3,32,3,4019.4,57,3
11483,2026-07-02 13:46:33+05:30,4018.1,1,4036.37,1531894,149780.0,180409.0,4100.0,4110.0,4012.0,4092.6,25366075,4501.8,3683.4,4440.0,3288.1,4018.1,2,2,4017.6,1,1,4017.5,38,3,4017.4,35,1,4017.3,32,1,4018.9,92,2,4019.0,14,2,4019.2,75,5,4019.3,32,3,4019.4,57,3
11483,2026-07-02 13:46:34+05:30,4018.1,1,4036.37,1531894,149775.0,180409.0,4100.0,4110.0,4012.0,4092.6,25366075,4501.8,3683.4,4440.0,3288.1,4018.1,2,2,4017.6,1,1,4017.5,28,2,4017.4,35,1,4017.3,32,1,4018.9,92,2,4019.0,14,2,4019.1,17,1,4019.2,75,5,4019.3,32,3
11483,2026-07-02 13:46:35+05:30,4018.9,25,4036.37,1531894,149775.0,180409.0,4100.0,4110.0,4012.0,4092.6,25366075,4501.8,3683.4,4440.0,3288.1,4018.1,2,2,4017.6,1,1,4017.5,28,2,4017.4,35,1,4017.3,32,1,4018.9,92,2,4019.0,14,2,4019.1,17,1,4019.2,75,5,4019.3,32,3
11483,2026-07-02 13:46:35+05:30,4018.9,4,4036.37,1531923,145705.0,180381.0,4100.0,4110.0,4012.0,4092.6,25366075,4501.8,3683.4,4440.0,3288.1,4018.1,2,2,4017.6,1,1,4017.5,28,2,4017.3,32,1,4017.2,2,1,4018.9,63,2,4019.0,14,2,4019.1,17,1,4019.2,75,5,4019.3,32,3
11483,2026-07-02 13:46:36+05:30,4018.1,1,4036.37,1531923,145705.0,180381.0,4100.0,4110.0,4012.0,4092.6,25366075,4501.8,3683.4,4440.0,3288.1,4018.1,2,2,4017.6,1,1,4017.5,28,2,4017.3,32,1,4017.2,2,1,4018.9,63,2,4019.0,14,2,4019.1,17,1,4019.2,75,5,4019.3,32,3
11483,2026-07-02 13:46:36+05:30,4017.5,11,4036.37,1531958,145216.0,179184.0,4100.0,4110.0,4012.0,4092.6,25366075,4501.8,3683.4,4440.0,3288.1,4017.3,4,1,4017.2,25,3,4017.1,71,3,4017.0,1185,16,4016.9,35,1,4018.9,66,3,4019.0,14,2,4019.2,75,5,4019.3,32,3,4019.4,78,6
11483,2026-07-02 13:46:37+05:30,4017.3,4,4036.37,1531958,145216.0,179184.0,4100.0,4110.0,4012.0,4092.6,25366075,4501.8,3683.4,4440.0,3288.1,4017.3,4,1,4017.2,25,3,4017.1,71,3,4017.0,1185,16,4016.9,35,1,4018.9,66,3,4019.0,14,2,4019.2,75,5,4019.3,32,3,4019.4,78,6
11483,2026-07-02 13:46:37+05:30,4017.3,1,4036.37,1531963,145115.0,179230.0,4100.0,4110.0,4012.0,4092.6,25366075,4501.8,3683.4,4440.0,3288.1,4017.3,57,4,4017.2,24,3,4017.1,1,1,4017.0,1185,16,4016.9,36,1,4018.9,66,3,4019.0,14,2,4019.2,75,5,4019.3,32,3,4019.4,78,6
11483,2026-07-02 13:46:38+05:30,4017.3,1,4036.37,1531963,145115.0,179230.0,4100.0,4110.0,4012.0,4092.6,25366075,4501.8,3683.4,4440.0,3288.1,4017.3,57,4,4017.2,24,3,4017.1,1,1,4017.0,1185,16,4016.9,36,1,4018.9,66,3,4019.0,14,2,4019.2,75,5,4019.3,32,3,4019.4,78,6
11483,2026-07-02 13:46:38+05:30,4017.3,1,4036.37,1531964,145141.0,179237.0,4100.0,4110.0,4012.0,4092.6,25366075,4501.8,3683.4,4440.0,3288.1,4017.3,56,4,4017.2,24,3,4017.1,45,2,4017.0,1185,16,4016.9,36,1,4018.9,68,4,4019.0,14,2,4019.2,75,5,4019.3,35,4,4019.4,75,5
11483,2026-07-02 13:46:39+05:30,4018.9,2,4036.37,1531964,145141.0,179237.0,4100.0,4110.0,4012.0,4092.6,25366075,4501.8,3683.4,4440.0,3288.1,4017.3,56,4,4017.2,24,3,4017.1,45,2,4017.0,1185,16,4016.9,36,1,4018.9,68,4,4019.0,14,2,4019.2,75,5,4019.3,35,4,4019.4,75,5
11483,2026-07-02 13:46:39+05:30,4018.9,2,4036.37,1531977,145627.0,179834.0,4100.0,4110.0,4012.0,4092.6,25366075,4501.8,3683.4,4440.0,3288.1,4018.1,1,1,4017.3,13,2,4017.2,20,2,4017.1,50,4,4017.0,1177,15,4018.9,65,5,4019.0,20,3,4019.1,25,2,4019.2,59,5,4019.3,14,3
11483,2026-07-02 13:46:40+05:30,4017.3,1,4036.37,1531977,145627.0,179834.0,4100.0,4110.0,4012.0,4092.6,25366075,4501.8,3683.4,4440.0,3288.1,4018.1,1,1,4017.3,13,2,4017.2,20,2,4017.1,50,4,4017.0,1177,15,4018.9,65,5,4019.0,20,3,4019.1,25,2,4019.2,59,5,4019.3,14,3
11483,2026-07-02 13:46:40+05:30,4017.3,4,4036.37,1531984,145010.0,179712.0,4100.0,4110.0,4012.0,4092.6,25366075,4501.8,3683.4,4440.0,3288.1,4017.3,9,2,4017.2,11,1,4017.1,3,2,4017.0,1213,16,4016.8,54,3,4018.8,8,2,4018.9,77,8,4019.0,18,2,4019.1,58,3,4019.2,59,5
11483,2026-07-02 13:46:41+05:30,4017.3,1,4036.37,1531984,145010.0,179712.0,4100.0,4110.0,4012.0,4092.6,25366075,4501.8,3683.4,4440.0,3288.1,4017.3,9,2,4017.2,11,1,4017.1,3,2,4017.0,1213,16,4016.8,54,3,4018.8,8,2,4018.9,77,8,4019.0,18,2,4019.1,58,3,4019.2,59,5
11483,2026-07-02 13:46:41+05:30,4017.3,1,4036.37,1531985,145066.0,179541.0,4100.0,4110.0,4012.0,4092.6,25366075,4501.8,3683.4,4440.0,3288.1,4017.3,8,2,4017.2,11,1,4017.1,1,1,4017.0,1213,16,4016.8,54,3,4018.8,8,2,4018.9,77,8,4019.0,18,2,4019.1,61,4,4019.2,56,4
11483,2026-07-02 13:46:42+05:30,4017.3,4,4036.37,1532004,144581.0,179635.0,4100.0,4110.0,4012.0,4092.6,25366075,4501.8,3683.4,4440.0,3288.1,4017.1,1,1,4017.0,1177,15,4016.7,5,1,4016.6,201,3,4016.5,50,4,4017.3,2,1,4018.6,63,3,4018.7,57,4,4018.8,101,8,4018.9,100,7
11483,2026-07-02 13:46:43+05:30,4017.1,1,4036.37,1532004,144581.0,179635.0,4100.0,4110.0,4012.0,4092.6,25366075,4501.8,3683.4,4440.0,3288.1,4017.1,1,1,4017.0,1177,15,4016.7,5,1,4016.6,201,3,4016.5,50,4,4017.3,2,1,4018.6,63,3,4018.7,57,4,4018.8,101,8,4018.9,100,7
11483,2026-07-02 13:46:43+05:30,4017.3,2,4036.37,1532013,144540.0,179659.0,4100.0,4110.0,4012.0,4092.6,25366075,4501.8,3683.4,4440.0,3288.1,4017.1,9,1,4017.0,1198,18,4016.8,16,1,4016.7,10,2,4016.6,201,3,4017.3,1,1,4018.6,34,1,4018.7,75,3,4018.8,37,6,4018.9,63,5
11483,2026-07-02 13:46:44+05:30,4017.3,4,4036.37,1532013,144540.0,179659.0,4100.0,4110.0,4012.0,4092.6,25366075,4501.8,3683.4,4440.0,3288.1,4017.1,9,1,4017.0,1198,18,4016.8,16,1,4016.7,10,2,4016.6,201,3,4017.3,1,1,4018.6,34,1,4018.7,75,3,4018.8,37,6,4018.9,63,5
11483,2026-07-02 13:46:44+05:30,4017.3,4,4036.37,1532019,144284.0,179498.0,4100.0,4110.0,4012.0,4092.6,25366075,4501.8,3683.4,4440.0,3288.1,4017.3,11,2,4017.2,33,1,4017.1,8,1,4017.0,1175,17,4016.9,36,1,4018.7,3,1,4018.8,19,3,4018.9,63,5,4019.0,3,2,4019.1,8,2
11483,2026-07-02 13:46:45+05:30,4017.5,1,4036.37,1532019,144284.0,179498.0,4100.0,4110.0,4012.0,4092.6,25366075,4501.8,3683.4,4440.0,3288.1,4017.3,11,2,4017.2,33,1,4017.1,8,1,4017.0,1175,17,4016.9,36,1,4018.7,3,1,4018.8,19,3,4018.9,63,5,4019.0,3,2,4019.1,8,2
11483,2026-07-02 13:46:45+05:30,4017.5,1,4036.37,1532023,144311.0,179501.0,4100.0,4110.0,4012.0,4092.6,25366075,4501.8,3683.4,4440.0,3288.1,4017.3,20,3,4017.2,44,2,4017.1,8,1,4017.0,1166,17,4016.9,36,1,4018.7,1,1,4018.8,19,3,4018.9,62,4,4019.0,3,2,4019.1,8,2
11483,2026-07-02 13:46:46+05:30,4018.6,1,4036.37,1532023,144311.0,179501.0,4100.0,4110.0,4012.0,4092.6,25366075,4501.8,3683.4,4440.0,3288.1,4017.3,20,3,4017.2,44,2,4017.1,8,1,4017.0,1166,17,4016.9,36,1,4018.7,1,1,4018.8,19,3,4018.9,62,4,4019.0,3,2,4019.1,8,2
11483,2026-07-02 13:46:46+05:30,4018.6,1,4036.37,1532032,145131.0,179611.0,4100.0,4110.0,4012.0,4092.6,25366075,4501.8,3683.4,4440.0,3288.1,4018.0,26,2,4017.4,40,1,4017.3,85,3,4017.1,13,1,4017.0,1166,17,4018.6,12,1,4018.7,3,2,4018.8,29,4,4018.9,67,5,4019.0,8,3
11483,2026-07-02 13:46:47+05:30,4018.7,1,4036.37,1532032,145131.0,179611.0,4100.0,4110.0,4012.0,4092.6,25366075,4501.8,3683.4,4440.0,3288.1,4018.0,26,2,4017.4,40,1,4017.3,85,3,4017.1,13,1,4017.0,1166,17,4018.6,12,1,4018.7,3,2,4018.8,29,4,4018.9,67,5,4019.0,8,3
11483,2026-07-02 13:46:47+05:30,4018.7,1,4036.37,1532034,145241.0,179609.0,4100.0,4110.0,4012.0,4092.6,25366075,4501.8,3683.4,4440.0,3288.1,4018.0,30,3,4017.3,86,4,4017.1,73,3,4017.0,1166,17,4016.8,81,5,4018.6,2,1,4018.7,2,1,4018.8,59,6,4018.9,67,5,4019.0,8,3
11483,2026-07-02 13:46:48+05:30,4018.0,1,4036.37,1532034,145241.0,179609.0,4100.0,4110.0,4012.0,4092.6,25366075,4501.8,3683.4,4440.0,3288.1,4018.0,30,3,4017.3,86,4,4017.1,73,3,4017.0,1166,17,4016.8,81,5,4018.6,2,1,4018.7,2,1,4018.8,59,6,4018.9,67,5,4019.0,8,3
11483,2026-07-02 13:46:48+05:30,4018.0,1,4036.37,1532065,144729.0,179458.0,4100.0,4110.0,4012.0,4092.6,25366075,4501.8,3683.4,4440.0,3288.1,4017.3,87,5,4017.1,46,2,4017.0,1166,17,4016.8,53,3,4016.7,10,2,4018.0,60,1,4018.6,9,3,4018.7,2,1,4018.8,34,4,4018.9,67,5
11483,2026-07-02 13:46:49+05:30,4017.3,12,4036.37,1532065,144729.0,179458.0,4100.0,4110.0,4012.0,4092.6,25366075,4501.8,3683.4,4440.0,3288.1,4017.3,87,5,4017.1,46,2,4017.0,1166,17,4016.8,53,3,4016.7,10,2,4018.0,60,1,4018.6,9,3,4018.7,2,1,4018.8,34,4,4018.9,67,5
11483,2026-07-02 13:46:49+05:30,4017.3,12,4036.37,1532115,144691.0,179627.0,4100.0,4110.0,4012.0,4092.6,25366075,4501.8,3683.4,4440.0,3288.1,4017.6,1,1,4017.3,48,4,4017.1,46,2,4017.0,1175,18,4016.8,53,3,4018.0,62,2,4018.6,7,2,4018.7,2,1,4018.8,23,3,4018.9,67,5
11483,2026-07-02 13:46:50+05:30,4017.6,1,4036.37,1532116,144289.0,179529.0,4100.0,4110.0,4012.0,4092.6,25366075,4501.8,3683.4,4440.0,3288.1,4017.3,48,4,4017.1,46,2,4017.0,1175,18,4016.8,36,1,4016.7,10,2,4017.6,1,1,4018.0,62,2,4018.6,19,3,4018.7,2,1,4018.8,23,3
11483,2026-07-02 13:46:50+05:30,4017.6,1,4036.37,1532116,144289.0,179529.0,4100.0,4110.0,4012.0,4092.6,25366075,4501.8,3683.4,4440.0,3288.1,4017.3,48,4,4017.1,46,2,4017.0,1175,18,4016.8,36,1,4016.7,10,2,4017.6,1,1,4018.0,62,2,4018.6,19,3,4018.7,2,1,4018.8,23,3
11483,2026-07-02 13:46:51+05:30,4017.3,9,4036.37,1532125,144361.0,179545.0,4100.0,4110.0,4012.0,4092.6,25366075,4501.8,3683.4,4440.0,3288.1,4017.3,53,4,4017.1,11,2,4017.0,1175,18,4016.8,36,1,4016.7,10,2,4017.6,1,1,4018.0,62,2,4018.6,7,2,4018.7,2,1,4018.8,91,5
11483,2026-07-02 13:46:51+05:30,4017.3,1,4036.37,1532125,144361.0,179545.0,4100.0,4110.0,4012.0,4092.6,25366075,4501.8,3683.4,4440.0,3288.1,4017.3,53,4,4017.1,11,2,4017.0,1175,18,4016.8,36,1,4016.7,10,2,4017.6,1,1,4018.0,62,2,4018.6,7,2,4018.7,2,1,4018.8,91,5
11483,2026-07-02 13:46:52+05:30,4017.3,1,4036.37,1532126,144365.0,179635.0,4100.0,4110.0,4012.0,4092.6,25366075,4501.8,3683.4,4440.0,3288.1,4017.3,52,4,4017.1,11,2,4017.0,1175,18,4016.8,36,1,4016.7,10,2,4017.6,2,2,4018.0,60,1,4018.6,20,3,4018.7,2,1,4018.8,78,4
11483,2026-07-02 13:46:52+05:30,4017.3,1,4036.37,1532126,144365.0,179635.0,4100.0,4110.0,4012.0,4092.6,25366075,4501.8,3683.4,4440.0,3288.1,4017.3,52,4,4017.1,11,2,4017.0,1175,18,4016.8,36,1,4016.7,10,2,4017.6,2,2,4018.0,60,1,4018.6,20,3,4018.7,2,1,4018.8,78,4
11483,2026-07-02 13:46:53+05:30,4017.3,1,4036.37,1532127,144320.0,179912.0,4100.0,4110.0,4012.0,4092.6,25366075,4501.8,3683.4,4440.0,3288.1,4017.3,51,4,4017.1,12,3,4017.0,1175,18,4016.7,5,1,4016.6,201,3,4017.6,2,2,4018.0,61,2,4018.1,17,2,4018.3,5,1,4018.4,15,1
11483,2026-07-02 13:46:54+05:30,4017.0,26,4036.36,1532240,144130.0,180002.0,4100.0,4110.0,4012.0,4092.6,25366075,4501.8,3683.4,4440.0,3288.1,4017.0,1136,18,4016.7,5,1,4016.6,201,3,4016.5,3,2,4016.4,33,3,4017.6,2,2,4018.0,61,2,4018.1,17,2,4018.3,7,2,4018.4,36,1
11483,2026-07-02 13:46:54+05:30,4017.0,1,4036.36,1532240,144130.0,180002.0,4100.0,4110.0,4012.0,4092.6,25366075,4501.8,3683.4,4440.0,3288.1,4017.0,1136,18,4016.7,5,1,4016.6,201,3,4016.5,3,2,4016.4,33,3,4017.6,2,2,4018.0,61,2,4018.1,17,2,4018.3,7,2,4018.4,36,1
11483,2026-07-02 13:46:55+05:30,4017.0,1,4036.36,1532253,144344.0,179993.0,4100.0,4110.0,4012.0,4092.6,25366075,4501.8,3683.4,4440.0,3288.1,4017.1,8,1,4017.0,1173,16,4016.7,5,1,4016.6,201,3,4016.5,3,2,4017.6,2,2,4017.7,12,1,4018.0,61,2,4018.1,5,1,4018.3,7,2
11483,2026-07-02 13:46:55+05:30,4017.1,2,4036.36,1532253,144344.0,179993.0,4100.0,4110.0,4012.0,4092.6,25366075,4501.8,3683.4,4440.0,3288.1,4017.1,8,1,4017.0,1173,16,4016.7,5,1,4016.6,201,3,4016.5,3,2,4017.6,2,2,4017.7,12,1,4018.0,61,2,4018.1,5,1,4018.3,7,2
11483,2026-07-02 13:46:56+05:30,4017.1,5,4036.36,1532271,144317.0,180035.0,4100.0,4110.0,4012.0,4092.6,25366075,4501.8,3683.4,4440.0,3288.1,4017.1,1,1,4017.0,1174,17,4016.7,5,1,4016.6,201,3,4016.5,16,3,4017.6,1,1,4017.7,12,1,4018.0,61,2,4018.1,5,1,4018.3,7,2
11483,2026-07-02 13:46:56+05:30,4017.1,2,4036.36,1532271,144317.0,180035.0,4100.0,4110.0,4012.0,4092.6,25366075,4501.8,3683.4,4440.0,3288.1,4017.1,1,1,4017.0,1174,17,4016.7,5,1,4016.6,201,3,4016.5,16,3,4017.6,1,1,4017.7,12,1,4018.0,61,2,4018.1,5,1,4018.3,7,2
11483,2026-07-02 13:46:57+05:30,4017.5,4,4036.36,1532277,144335.0,180047.0,4100.0,4110.0,4012.0,4092.6,25366075,4501.8,3683.4,4440.0,3288.1,4017.1,8,1,4017.0,1174,17,4016.7,41,2,4016.6,201,3,4016.5,16,3,4017.5,8,1,4017.6,2,2,4018.0,61,2,4018.1,5,1,4018.3,7,2
11483,2026-07-02 13:46:57+05:30,4017.1,1,4036.36,1532277,144335.0,180047.0,4100.0,4110.0,4012.0,4092.6,25366075,4501.8,3683.4,4440.0,3288.1,4017.1,8,1,4017.0,1174,17,4016.7,41,2,4016.6,201,3,4016.5,16,3,4017.5,8,1,4017.6,2,2,4018.0,61,2,4018.1,5,1,4018.3,7,2
11483,2026-07-02 13:46:58+05:30,4017.3,1,4036.36,1532279,144278.0,180139.0,4100.0,4110.0,4012.0,4092.6,25366075,4501.8,3683.4,4440.0,3288.1,4017.1,7,1,4017.0,1184,18,4016.7,5,1,4016.6,201,3,4016.5,3,2,4017.3,9,1,4017.5,10,2,4017.6,2,2,4018.0,61,2,4018.1,5,1
11483,2026-07-02 13:46:58+05:30,4017.3,9,4036.36,1532279,144278.0,180139.0,4100.0,4110.0,4012.0,4092.6,25366075,4501.8,3683.4,4440.0,3288.1,4017.1,7,1,4017.0,1184,18,4016.7,5,1,4016.6,201,3,4016.5,3,2,4017.3,9,1,4017.5,10,2,4017.6,2,2,4018.0,61,2,4018.1,5,1
11483,2026-07-02 13:46:59+05:30,4017.5,7,4036.36,1532296,144396.0,180241.0,4100.0,4110.0,4012.0,4092.6,25366075,4501.8,3683.4,4440.0,3288.1,4017.3,107,2,4017.2,1,1,4017.0,1186,19,4016.7,5,1,4016.6,215,4,4017.5,3,2,4017.6,1,1,4018.0,61,2,4018.1,5,1,4018.3,7,2
11483,2026-07-02 13:46:59+05:30,4017.5,1,4036.36,1532296,144396.0,180241.0,4100.0,4110.0,4012.0,4092.6,25366075,4501.8,3683.4,4440.0,3288.1,4017.3,107,2,4017.2,1,1,4017.0,1186,19,4016.7,5,1,4016.6,215,4,4017.5,3,2,4017.6,1,1,4018.0,61,2,4018.1,5,1,4018.3,7,2
11483,2026-07-02 13:47:00+05:30,4017.5,1,4036.36,1532302,144476.0,180253.0,4100.0,4110.0,4012.0,4092.6,25366075,4501.8,3683.4,4440.0,3288.1,4017.3,105,2,4017.2,1,1,4017.0,1186,19,4016.7,41,2,4016.6,215,4,4017.5,11,1,4017.6,1,1,4018.0,61,2,4018.1,5,1,4018.3,7,2
11483,2026-07-02 13:47:00+05:30,4017.3,1,4036.36,1532302,144476.0,180253.0,4100.0,4110.0,4012.0,4092.6,25366075,4501.8,3683.4,4440.0,3288.1,4017.3,105,2,4017.2,1,1,4017.0,1186,19,4016.7,41,2,4016.6,215,4,4017.5,11,1,4017.6,1,1,4018.0,61,2,4018.1,5,1,4018.3,7,2
11483,2026-07-02 13:47:01+05:30,4017.3,2,4036.36,1532311,144484.0,180248.0,4100.0,4110.0,4012.0,4092.6,25366075,4501.8,3683.4,4440.0,3288.1,4017.3,122,4,4017.2,1,1,4017.1,1,1,4017.0,1186,19,4016.7,41,2,4017.5,5,1,4017.6,1,1,4018.0,61,2,4018.1,5,1,4018.3,7,2
11483,2026-07-02 13:47:01+05:30,4017.5,46,4036.36,1532311,144484.0,180248.0,4100.0,4110.0,4012.0,4092.6,25366075,4501.8,3683.4,4440.0,3288.1,4017.3,122,4,4017.2,1,1,4017.1,1,1,4017.0,1186,19,4016.7,41,2,4017.5,5,1,4017.6,1,1,4018.0,61,2,4018.1,5,1,4018.3,7,2
11483,2026-07-02 13:47:02+05:30,4017.5,50,4036.36,1532462,144499.0,180199.0,4100.0,4110.0,4012.0,4092.6,25366075,4501.8,3683.4,4440.0,3288.1,4017.3,110,2,4017.2,1,1,4017.1,1,1,4017.0,1186,19,4016.7,41,2,4017.5,13,1,4017.6,1,1,4018.0,60,1,4018.3,2,1,4018.6,3,1
11483,2026-07-02 13:47:02+05:30,4017.3,18,4036.36,1532462,144499.0,180199.0,4100.0,4110.0,4012.0,4092.6,25366075,4501.8,3683.4,4440.0,3288.1,4017.3,110,2,4017.2,1,1,4017.1,1,1,4017.0,1186,19,4016.7,41,2,4017.5,13,1,4017.6,1,1,4018.0,60,1,4018.3,2,1,4018.6,3,1
11483,2026-07-02 13:47:03+05:30,4017.5,1,4036.36,1532481,144577.0,180185.0,4100.0,4110.0,4012.0,4092.6,25366075,4501.8,3683.4,4440.0,3288.1,4017.3,123,4,4017.2,1,1,4017.1,1,1,4017.0,1186,19,4016.7,41,2,4017.5,12,1,4017.6,1,1,4018.0,60,1,4018.3,2,1,4018.4,20,1
11483,2026-07-02 13:47:03+05:30,4017.3,2,4036.36,1532481,144577.0,180185.0,4100.0,4110.0,4012.0,4092.6,25366075,4501.8,3683.4,4440.0,3288.1,4017.3,123,4,4017.2,1,1,4017.1,1,1,4017.0,1186,19,4016.7,41,2,4017.5,12,1,4017.6,1,1,4018.0,60,1,4018.3,2,1,4018.4,20,1
11483,2026-07-02 13:47:04+05:30,4017.5,1,4036.36,1532484,144589.0,180186.0,4100.0,4110.0,4012.0,4092.6,25366075,4501.8,3683.4,4440.0,3288.1,4017.3,121,4,4017.1,1,1,4017.0,1186,19,4016.8,1,1,4016.7,41,2,4017.5,11,1,4017.6,1,1,4018.0,60,1,4018.3,2,1,4018.4,20,1
11483,2026-07-02 13:47:04+05:30,4017.3,1,4036.36,1532484,144589.0,180186.0,4100.0,4110.0,4012.0,4092.6,25366075,4501.8,3683.4,4440.0,3288.1,4017.3,121,4,4017.1,1,1,4017.0,1186,19,4016.8,1,1,4016.7,41,2,4017.5,11,1,4017.6,1,1,4018.0,60,1,4018.3,2,1,4018.4,20,1
11483,2026-07-02 13:47:05+05:30,4017.3,1,4036.36,1532485,144618.0,180192.0,4100.0,4110.0,4012.0,4092.6,25366075,4501.8,3683.4,4440.0,3288.1,4017.3,119,4,4017.1,1,1,4017.0,1187,20,4016.8,1,1,4016.7,41,2,4017.5,13,2,4017.6,1,1,4018.0,60,1,4018.3,2,1,4018.4,20,1
11483,2026-07-02 13:47:06+05:30,4017.5,1,4036.36,1532486,144630.0,180186.0,4100.0,4110.0,4012.0,4092.6,25366075,4501.8,3683.4,4440.0,3288.1,4017.3,109,3,4017.1,1,1,4017.0,1175,19,4016.8,1,1,4016.7,41,2,4017.5,12,2,4017.6,1,1,4018.0,60,1,4018.3,2,1,4018.4,20,1
11483,2026-07-02 13:47:06+05:30,4017.5,7,4036.36,1532486,144630.0,180186.0,4100.0,4110.0,4012.0,4092.6,25366075,4501.8,3683.4,4440.0,3288.1,4017.3,109,3,4017.1,1,1,4017.0,1175,19,4016.8,1,1,4016.7,41,2,4017.5,12,2,4017.6,1,1,4018.0,60,1,4018.3,2,1,4018.4,20,1
11483,2026-07-02 13:47:07+05:30,4018.0,133,4036.36,1532693,144639.0,180151.0,4100.0,4110.0,4012.0,4092.6,25366075,4501.8,3683.4,4440.0,3288.1,4017.3,109,3,4017.1,1,1,4017.0,1181,21,4016.8,1,1,4016.7,5,1,4018.0,90,1,4018.3,2,1,4018.4,34,2,4018.6,37,2,4018.7,2,1
11483,2026-07-02 13:47:07+05:30,4017.3,25,4036.36,1532693,144639.0,180151.0,4100.0,4110.0,4012.0,4092.6,25366075,4501.8,3683.4,4440.0,3288.1,4017.3,109,3,4017.1,1,1,4017.0,1181,21,4016.8,1,1,4016.7,5,1,4018.0,90,1,4018.3,2,1,4018.4,34,2,4018.6,37,2,4018.7,2,1
11483,2026-07-02 13:47:08+05:30,4017.3,25,4036.36,1532718,144638.0,180240.0,4100.0,4110.0,4012.0,4092.6,25366075,4501.8,3683.4,4440.0,3288.1,4017.3,84,3,4017.1,1,1,4017.0,1181,21,4016.8,1,1,4016.7,5,1,4018.0,91,2,4018.3,3,2,4018.4,34,2,4018.6,37,2,4018.7,2,1
11483,2026-07-02 13:47:08+05:30,4018.0,1,4036.36,1532718,144638.0,180240.0,4100.0,4110.0,4012.0,4092.6,25366075,4501.8,3683.4,4440.0,3288.1,4017.3,84,3,4017.1,1,1,4017.0,1181,21,4016.8,1,1,4016.7,5,1,4018.0,91,2,4018.3,3,2,4018.4,34,2,4018.6,37,2,4018.7,2,1
11483,2026-07-02 13:47:09+05:30,4018.0,1,4036.36,1532723,145197.0,180295.0,4100.0,4110.0,4012.0,4092.6,25366075,4501.8,3683.4,4440.0,3288.1,4017.6,6,2,4017.5,51,2,4017.3,81,3,4017.1,1,1,4017.0,1180,20,4018.0,89,2,4018.3,3,2,4018.6,37,2,4018.7,2,1,4018.8,38,4
11483,2026-07-02 13:47:09+05:30,4018.0,1,4036.36,1532723,145197.0,180295.0,4100.0,4110.0,4012.0,4092.6,25366075,4501.8,3683.4,4440.0,3288.1,4017.6,6,2,4017.5,51,2,4017.3,81,3,4017.1,1,1,4017.0,1180,20,4018.0,89,2,4018.3,3,2,4018.6,37,2,4018.7,2,1,4018.8,38,4
11483,2026-07-02 13:47:10+05:30,4018.0,1,4036.36,1532723,145263.0,180203.0,4100.0,4110.0,4012.0,4092.6,25366075,4501.8,3683.4,4440.0,3288.1,4017.6,6,2,4017.5,51,2,4017.3,81,3,4017.1,1,1,4017.0,1240,21,4018.0,89,2,4018.8,31,3,4018.9,103,7,4019.0,7,2,4019.1,68,6
11483,2026-07-02 13:47:10+05:30,4017.6,1,4036.36,1532723,145263.0,180203.0,4100.0,4110.0,4012.0,4092.6,25366075,4501.8,3683.4,4440.0,3288.1,4017.6,6,2,4017.5,51,2,4017.3,81,3,4017.1,1,1,4017.0,1240,21,4018.0,89,2,4018.8,31,3,4018.9,103,7,4019.0,7,2,4019.1,68,6
11483,2026-07-02 13:47:11+05:30,4017.6,1,4036.36,1532730,144814.0,180185.0,4100.0,4110.0,4012.0,4092.6,25366075,4501.8,3683.4,4440.0,3288.1,4017.5,51,2,4017.3,107,5,4017.1,1,1,4017.0,1240,21,4016.8,1,1,4017.6,1,1,4018.0,87,1,4018.4,5,1,4018.7,2,1,4018.8,31,3
11483,2026-07-02 13:47:11+05:30,4017.5,1,4036.36,1532730,144814.0,180185.0,4100.0,4110.0,4012.0,4092.6,25366075,4501.8,3683.4,4440.0,3288.1,4017.5,51,2,4017.3,107,5,4017.1,1,1,4017.0,1240,21,4016.8,1,1,4017.6,1,1,4018.0,87,1,4018.4,5,1,4018.7,2,1,4018.8,31,3
11483,2026-07-02 13:47:12+05:30,4017.5,1,4036.36,1532731,144825.0,180189.0,4100.0,4110.0,4012.0,4092.6,25366075,4501.8,3683.4,4440.0,3288.1,4017.5,50,1,4017.3,107,5,4017.1,1,1,4017.0,1240,21,4016.8,1,1,4017.6,1,1,4018.0,87,1,4018.4,5,1,4018.7,2,1,4018.8,31,3
11483,2026-07-02 13:47:12+05:30,4017.6,1,4036.36,1532733,144783.0,180162.0,4100.0,4110.0,4012.0,4092.6,25366075,4501.8,3683.4,4440.0,3288.1,4017.5,50,1,4017.3,107,5,4017.1,1,1,4017.0,1240,21,4016.8,1,1,4017.6,2,1,4018.0,87,1,4018.4,5,1,4018.7,2,1,4018.8,31,3
11483,2026-07-02 13:47:13+05:30,4017.5,5,4036.36,1532733,144783.0,180162.0,4100.0,4110.0,4012.0,4092.6,25366075,4501.8,3683.4,4440.0,3288.1,4017.5,50,1,4017.3,107,5,4017.1,1,1,4017.0,1240,21,4016.8,1,1,4017.6,2,1,4018.0,87,1,4018.4,5,1,4018.7,2,1,4018.8,31,3
11483,2026-07-02 13:47:13+05:30,4017.5,5,4036.36,1532738,144778.0,180160.0,4100.0,4110.0,4012.0,4092.6,25366075,4501.8,3683.4,4440.0,3288.1,4017.5,45,1,4017.3,107,5,4017.1,1,1,4017.0,1240,21,4016.8,1,1,4017.6,1,1,4018.0,87,1,4018.4,5,1,4018.5,14,1,4018.7,2,1
11483,2026-07-02 13:47:14+05:30,4017.5,1,4036.36,1532738,144778.0,180160.0,4100.0,4110.0,4012.0,4092.6,25366075,4501.8,3683.4,4440.0,3288.1,4017.5,45,1,4017.3,107,5,4017.1,1,1,4017.0,1240,21,4016.8,1,1,4017.6,1,1,4018.0,87,1,4018.4,5,1,4018.5,14,1,4018.7,2,1
11483,2026-07-02 13:47:14+05:30,4017.5,1,4036.36,1532739,144928.0,180163.0,4100.0,4110.0,4012.0,4092.6,25366075,4501.8,3683.4,4440.0,3288.1,4017.5,44,1,4017.3,107,5,4017.1,1,1,4017.0,1240,21,4016.8,1,1,4017.6,1,1,4018.0,87,1,4018.4,5,1,4018.5,14,1,4018.7,2,1
11483,2026-07-02 13:47:15+05:30,4017.5,1,4036.36,1532739,144928.0,180163.0,4100.0,4110.0,4012.0,4092.6,25366075,4501.8,3683.4,4440.0,3288.1,4017.5,44,1,4017.3,107,5,4017.1,1,1,4017.0,1240,21,4016.8,1,1,4017.6,1,1,4018.0,87,1,4018.4,5,1,4018.5,14,1,4018.7,2,1
11483,2026-07-02 13:47:15+05:30,4018.0,3,4036.36,1532746,145352.0,180328.0,4100.0,4110.0,4012.0,4092.6,25366075,4501.8,3683.4,4440.0,3288.1,4017.5,43,1,4017.3,107,5,4017.1,1,1,4017.0,1240,21,4016.9,13,1,4018.0,82,1,4018.4,19,2,4018.7,2,1,4018.8,31,3,4018.9,98,5
11483,2026-07-02 13:47:16+05:30,4018.0,3,4036.36,1532746,145352.0,180328.0,4100.0,4110.0,4012.0,4092.6,25366075,4501.8,3683.4,4440.0,3288.1,4017.5,43,1,4017.3,107,5,4017.1,1,1,4017.0,1240,21,4016.9,13,1,4018.0,82,1,4018.4,19,2,4018.7,2,1,4018.8,31,3,4018.9,98,5
11483,2026-07-02 13:47:16+05:30,4018.0,1,4036.36,1532747,145362.0,180340.0,4100.0,4110.0,4012.0,4092.6,25366075,4501.8,3683.4,4440.0,3288.1,4017.5,43,1,4017.3,107,5,4017.1,1,1,4017.0,1240,21,4016.9,13,1,4018.0,81,1,4018.4,19,2,4018.7,2,1,4018.8,31,3,4018.9,111,6
11483,2026-07-02 13:47:17+05:30,4018.0,1,4036.36,1532747,145362.0,180340.0,4100.0,4110.0,4012.0,4092.6,25366075,4501.8,3683.4,4440.0,3288.1,4017.5,43,1,4017.3,107,5,4017.1,1,1,4017.0,1240,21,4016.9,13,1,4018.0,81,1,4018.4,19,2,4018.7,2,1,4018.8,31,3,4018.9,111,6
11483,2026-07-02 13:47:17+05:30,4018.0,2,4036.36,1532747,145362.0,180340.0,4100.0,4110.0,4012.0,4092.6,25366075,4501.8,3683.4,4440.0,3288.1,4017.5,43,1,4017.3,107,5,4017.1,1,1,4017.0,1240,21,4016.9,13,1,4018.0,81,1,4018.4,19,2,4018.7,2,1,4018.8,31,3,4018.9,111,6
11483,2026-07-02 13:47:17+05:30,4018.0,2,4036.36,1532747,145362.0,180340.0,4100.0,4110.0,4012.0,4092.6,25366075,4501.8,3683.4,4440.0,3288.1,4017.5,43,1,4017.3,107,5,4017.1,1,1,4017.0,1240,21,4016.9,13,1,4018.0,81,1,4018.4,19,2,4018.7,2,1,4018.8,31,3,4018.9,111,6
11483,2026-07-02 13:47:17+05:30,4018.0,2,4036.36,1532749,145351.0,180316.0,4100.0,4110.0,4012.0,4092.6,25366075,4501.8,3683.4,4440.0,3288.1,4017.5,43,1,4017.3,96,4,4017.1,1,1,4017.0,1240,21,4016.8,1,1,4018.0,102,3,4018.4,5,1,4018.5,14,1,4018.7,2,1,4018.8,31,3
11483,2026-07-02 13:47:18+05:30,4018.0,2,4036.36,1532749,145351.0,180316.0,4100.0,4110.0,4012.0,4092.6,25366075,4501.8,3683.4,4440.0,3288.1,4017.5,43,1,4017.3,96,4,4017.1,1,1,4017.0,1240,21,4016.8,1,1,4018.0,102,3,4018.4,5,1,4018.5,14,1,4018.7,2,1,4018.8,31,3
11483,2026-07-02 13:47:18+05:30,4017.5,1,4036.36,1532749,145351.0,180316.0,4100.0,4110.0,4012.0,4092.6,25366075,4501.8,3683.4,4440.0,3288.1,4017.5,43,1,4017.3,96,4,4017.1,1,1,4017.0,1240,21,4016.8,1,1,4018.0,102,3,4018.4,5,1,4018.5,14,1,4018.7,2,1,4018.8,31,3
11483,2026-07-02 13:47:18+05:30,4017.5,1,4036.36,1532749,145351.0,180316.0,4100.0,4110.0,4012.0,4092.6,25366075,4501.8,3683.4,4440.0,3288.1,4017.5,43,1,4017.3,96,4,4017.1,1,1,4017.0,1240,21,4016.8,1,1,4018.0,102,3,4018.4,5,1,4018.5,14,1,4018.7,2,1,4018.8,31,3
11483,2026-07-02 13:47:18+05:30,4018.0,10,4036.36,1532760,145368.0,180358.0,4100.0,4110.0,4012.0,4092.6,25366075,4501.8,3683.4,4440.0,3288.1,4017.5,42,1,4017.3,96,4,4017.1,1,1,4017.0,1240,21,4016.8,14,2,4018.0,92,3,4018.4,5,1,4018.5,14,1,4018.7,2,1,4018.8,31,3
11483,2026-07-02 13:47:19+05:30,4018.0,1,4036.36,1532760,145368.0,180358.0,4100.0,4110.0,4012.0,4092.6,25366075,4501.8,3683.4,4440.0,3288.1,4017.5,42,1,4017.3,96,4,4017.1,1,1,4017.0,1240,21,4016.8,14,2,4018.0,92,3,4018.4,5,1,4018.5,14,1,4018.7,2,1,4018.8,31,3
11483,2026-07-02 13:47:19+05:30,4018.0,1,4036.36,1532760,145368.0,180358.0,4100.0,4110.0,4012.0,4092.6,25366075,4501.8,3683.4,4440.0,3288.1,4017.5,42,1,4017.3,96,4,4017.1,1,1,4017.0,1240,21,4016.8,14,2,4018.0,92,3,4018.4,5,1,4018.5,14,1,4018.7,2,1,4018.8,31,3
11483,2026-07-02 13:47:19+05:30,4018.0,1,4036.36,1532762,145385.0,180386.0,4100.0,4110.0,4012.0,4092.6,25366075,4501.8,3683.4,4440.0,3288.1,4017.7,1,1,4017.5,41,1,4017.3,96,4,4017.1,1,1,4017.0,1243,23,4018.0,91,3,4018.3,7,1,4018.4,13,2,4018.5,14,1,4018.7,2,1
11483,2026-07-02 13:47:20+05:30,4018.0,1,4036.36,1532762,145385.0,180386.0,4100.0,4110.0,4012.0,4092.6,25366075,4501.8,3683.4,4440.0,3288.1,4017.7,1,1,4017.5,41,1,4017.3,96,4,4017.1,1,1,4017.0,1243,23,4018.0,91,3,4018.3,7,1,4018.4,13,2,4018.5,14,1,4018.7,2,1
11483,2026-07-02 13:47:21+05:30,4018.0,1,4036.36,1532762,145373.0,180211.0,4100.0,4110.0,4012.0,4092.6,25366075,4501.8,3683.4,4440.0,3288.1,4017.7,1,1,4017.5,141,2,4017.3,96,4,4017.1,1,1,4017.0,1243,23,4018.0,77,2,4018.2,13,1,4018.5,14,1,4018.7,13,2,4018.8,32,3
11483,2026-07-02 13:47:21+05:30,4018.0,1,4036.36,1532762,145373.0,180211.0,4100.0,4110.0,4012.0,4092.6,25366075,4501.8,3683.4,4440.0,3288.1,4017.7,1,1,4017.5,141,2,4017.3,96,4,4017.1,1,1,4017.0,1243,23,4018.0,77,2,4018.2,13,1,4018.5,14,1,4018.7,13,2,4018.8,32,3
11483,2026-07-02 13:47:21+05:30,4017.5,3,4036.36,1532762,145373.0,180211.0,4100.0,4110.0,4012.0,4092.6,25366075,4501.8,3683.4,4440.0,3288.1,4017.7,1,1,4017.5,141,2,4017.3,96,4,4017.1,1,1,4017.0,1243,23,4018.0,77,2,4018.2,13,1,4018.5,14,1,4018.7,13,2,4018.8,32,3
11483,2026-07-02 13:47:21+05:30,4017.5,3,4036.36,1532762,145373.0,180211.0,4100.0,4110.0,4012.0,4092.6,25372375,4501.8,3683.4,4440.0,3288.1,4017.7,1,1,4017.5,141,2,4017.3,96,4,4017.1,1,1,4017.0,1243,23,4018.0,77,2,4018.2,13,1,4018.5,14,1,4018.7,13,2,4018.8,32,3
11483,2026-07-02 13:47:22+05:30,4017.5,3,4036.36,1532762,145373.0,180211.0,4100.0,4110.0,4012.0,4092.6,25372375,4501.8,3683.4,4440.0,3288.1,4017.5,138,2,4017.3,96,4,4017.1,1,1,4017.0,1243,23,4016.8,1,1,4018.0,75,3,4018.5,13,1,4018.7,13,2,4018.8,32,3,4018.9,111,6
11483,2026-07-02 13:47:22+05:30,4017.5,3,4036.36,1532771,145381.0,180050.0,4100.0,4110.0,4012.0,4092.6,25372375,4501.8,3683.4,4440.0,3288.1,4017.5,138,2,4017.3,96,4,4017.1,1,1,4017.0,1243,23,4016.8,1,1,4018.0,75,3,4018.5,13,1,4018.7,13,2,4018.8,32,3,4018.9,111,6
11483,2026-07-02 13:47:22+05:30,4017.5,1,4036.36,1532771,145381.0,180050.0,4100.0,4110.0,4012.0,4092.6,25372375,4501.8,3683.4,4440.0,3288.1,4017.5,138,2,4017.3,96,4,4017.1,1,1,4017.0,1243,23,4016.8,1,1,4018.0,75,3,4018.5,13,1,4018.7,13,2,4018.8,32,3,4018.9,111,6
11483,2026-07-02 13:47:22+05:30,4017.5,1,4036.36,1532771,145381.0,180050.0,4100.0,4110.0,4012.0,4092.6,25372375,4501.8,3683.4,4440.0,3288.1,4017.5,138,2,4017.3,96,4,4017.1,1,1,4017.0,1243,23,4016.8,1,1,4018.0,75,3,4018.5,13,1,4018.7,13,2,4018.8,32,3,4018.9,111,6
11483,2026-07-02 13:47:23+05:30,4017.5,1,4036.36,1532771,145381.0,180050.0,4100.0,4110.0,4012.0,4092.6,25372375,4501.8,3683.4,4440.0,3288.1,4017.5,138,2,4017.3,96,4,4017.1,1,1,4017.0,1243,23,4016.8,1,1,4018.0,75,3,4018.5,13,1,4018.7,13,2,4018.8,32,3,4018.9,111,6
11483,2026-07-02 13:47:23+05:30,4017.5,1,4036.36,1532772,145384.0,180054.0,4100.0,4110.0,4012.0,4092.6,25372375,4501.8,3683.4,4440.0,3288.1,4017.5,137,2,4017.3,96,4,4017.1,1,1,4017.0,1243,23,4016.8,1,1,4018.0,75,3,4018.5,13,1,4018.7,13,2,4018.8,32,3,4018.9,111,6
11483,2026-07-02 13:47:23+05:30,4017.5,1,4036.36,1532772,145384.0,180054.0,4100.0,4110.0,4012.0,4092.6,25372375,4501.8,3683.4,4440.0,3288.1,4017.5,137,2,4017.3,96,4,4017.1,1,1,4017.0,1243,23,4016.8,1,1,4018.0,75,3,4018.5,13,1,4018.7,13,2,4018.8,32,3,4018.9,111,6
11483,2026-07-02 13:47:24+05:30,4018.0,2,4036.36,1532775,150536.0,180032.0,4100.0,4110.0,4012.0,4092.6,25372375,4501.8,3683.4,4440.0,3288.1,4017.5,136,2,4017.3,96,4,4017.1,1,1,4017.0,1243,23,4016.8,1,1,4018.0,73,3,4018.5,13,1,4018.7,13,2,4018.8,30,2,4018.9,111,6
11483,2026-07-02 13:47:24+05:30,4017.5,1,4036.36,1532775,150536.0,180032.0,4100.0,4110.0,4012.0,4092.6,25372375,4501.8,3683.4,4440.0,3288.1,4017.5,136,2,4017.3,96,4,4017.1,1,1,4017.0,1243,23,4016.8,1,1,4018.0,73,3,4018.5,13,1,4018.7,13,2,4018.8,30,2,4018.9,111,6
11483,2026-07-02 13:47:25+05:30,4017.5,1,4036.36,1532776,150531.0,179947.0,4100.0,4110.0,4012.0,4092.6,25372375,4501.8,3683.4,4440.0,3288.1,4017.5,135,2,4017.3,96,4,4017.1,1,1,4017.0,1294,25,4016.8,1,1,4018.0,123,4,4018.5,13,1,4018.7,13,2,4018.8,30,2,4018.9,111,6
11483,2026-07-02 13:47:25+05:30,4017.5,1,4036.36,1532776,150531.0,179947.0,4100.0,4110.0,4012.0,4092.6,25372375,4501.8,3683.4,4440.0,3288.1,4017.5,135,2,4017.3,96,4,4017.1,1,1,4017.0,1294,25,4016.8,1,1,4018.0,123,4,4018.5,13,1,4018.7,13,2,4018.8,30,2,4018.9,111,6
11483,2026-07-02 13:47:26+05:30,4018.0,2,4036.36,1532782,150537.0,179927.0,4100.0,4110.0,4012.0,4092.6,25372375,4501.8,3683.4,4440.0,3288.1,4017.6,9,1,4017.5,132,2,4017.3,96,4,4017.1,1,1,4017.0,1294,25,4018.0,120,4,4018.1,13,1,4018.5,13,1,4018.7,13,2,4018.8,30,2
11483,2026-07-02 13:47:26+05:30,4018.0,8,4036.36,1532782,150537.0,179927.0,4100.0,4110.0,4012.0,4092.6,25372375,4501.8,3683.4,4440.0,3288.1,4017.6,9,1,4017.5,132,2,4017.3,96,4,4017.1,1,1,4017.0,1294,25,4018.0,120,4,4018.1,13,1,4018.5,13,1,4018.7,13,2,4018.8,30,2
11483,2026-07-02 13:47:26+05:30,4018.0,6,4036.36,1532900,150543.0,179872.0,4100.0,4110.0,4012.0,4092.6,25372375,4501.8,3683.4,4440.0,3288.1,4017.5,124,4,4017.3,98,5,4017.1,1,1,4017.0,1299,26,4016.8,13,1,4018.0,93,3,4018.1,13,1,4018.7,2,1,4018.8,15,1,4018.9,98,5
11483,2026-07-02 13:47:27+05:30,4017.5,1,4036.36,1532900,150543.0,179872.0,4100.0,4110.0,4012.0,4092.6,25372375,4501.8,3683.4,4440.0,3288.1,4017.5,124,4,4017.3,98,5,4017.1,1,1,4017.0,1299,26,4016.8,13,1,4018.0,93,3,4018.1,13,1,4018.7,2,1,4018.8,15,1,4018.9,98,5
11483,2026-07-02 13:47:27+05:30,4017.5,1,4036.36,1532915,150547.0,179887.0,4100.0,4110.0,4012.0,4092.6,25372375,4501.8,3683.4,4440.0,3288.1,4017.5,109,3,4017.3,98,5,4017.1,1,1,4017.0,1300,27,4016.8,25,2,4018.0,93,3,4018.1,13,1,4018.7,2,1,4018.8,15,1,4018.9,110,6
11483,2026-07-02 13:47:28+05:30,4017.5,2,4036.36,1532915,150547.0,179887.0,4100.0,4110.0,4012.0,4092.6,25372375,4501.8,3683.4,4440.0,3288.1,4017.5,109,3,4017.3,98,5,4017.1,1,1,4017.0,1300,27,4016.8,25,2,4018.0,93,3,4018.1,13,1,4018.7,2,1,4018.8,15,1,4018.9,110,6
11483,2026-07-02 13:47:29+05:30,4017.9,1,4036.36,1532925,150758.0,179862.0,4100.0,4110.0,4012.0,4092.6,25372375,4501.8,3683.4,4440.0,3288.1,4017.9,52,3,4017.8,42,1,4017.6,42,1,4017.5,97,2,4017.4,42,1,4018.0,86,3,4018.1,13,1,4018.5,15,1,4018.7,47,2,4018.9,98,5
11483,2026-07-02 13:47:29+05:30,4018.0,30,4036.36,1532925,150758.0,179862.0,4100.0,4110.0,4012.0,4092.6,25372375,4501.8,3683.4,4440.0,3288.1,4017.9,52,3,4017.8,42,1,4017.6,42,1,4017.5,97,2,4017.4,42,1,4018.0,86,3,4018.1,13,1,4018.5,15,1,4018.7,47,2,4018.9,98,5
11483,2026-07-02 13:47:29+05:30,4018.0,21,4036.35,1533035,150729.0,180583.0,4100.0,4110.0,4012.0,4092.6,25372375,4501.8,3683.4,4440.0,3288.1,4017.9,41,2,4017.8,42,1,4017.6,42,1,4017.5,97,2,4017.4,42,1,4018.0,69,1,4018.1,13,1,4018.5,15,1,4018.7,47,2,4018.9,64,4
11483,2026-07-02 13:47:30+05:30,4017.9,13,4036.35,1533035,150729.0,180583.0,4100.0,4110.0,4012.0,4092.6,25372375,4501.8,3683.4,4440.0,3288.1,4017.9,41,2,4017.8,42,1,4017.6,42,1,4017.5,97,2,4017.4,42,1,4018.0,69,1,4018.1,13,1,4018.5,15,1,4018.7,47,2,4018.9,64,4
11483,2026-07-02 13:47:31+05:30,4018.0,3,4036.35,1533121,150709.0,180814.0,4100.0,4110.0,4012.0,4092.6,25372375,4501.8,3683.4,4440.0,3288.1,4017.9,28,2,4017.8,42,1,4017.6,42,1,4017.5,97,2,4017.4,42,1,4018.0,87,1,4018.1,13,1,4018.5,15,1,4018.7,47,2,4018.9,64,4
11483,2026-07-02 13:47:31+05:30,4017.9,11,4036.35,1533121,150709.0,180814.0,4100.0,4110.0,4012.0,4092.6,25372375,4501.8,3683.4,4440.0,3288.1,4017.9,28,2,4017.8,42,1,4017.6,42,1,4017.5,97,2,4017.4,42,1,4018.0,87,1,4018.1,13,1,4018.5,15,1,4018.7,47,2,4018.9,64,4
11483,2026-07-02 13:47:31+05:30,4018.0,70,4036.35,1533202,150698.0,180697.0,4100.0,4110.0,4012.0,4092.6,25372375,4501.8,3683.4,4440.0,3288.1,4017.9,17,2,4017.8,42,1,4017.6,42,1,4017.5,97,2,4017.4,42,1,4018.0,17,1,4018.1,13,1,4018.5,15,1,4018.7,47,2,4018.9,64,4
11483,2026-07-02 13:47:32+05:30,4017.9,9,4036.35,1533202,150698.0,180697.0,4100.0,4110.0,4012.0,4092.6,25372375,4501.8,3683.4,4440.0,3288.1,4017.9,17,2,4017.8,42,1,4017.6,42,1,4017.5,97,2,4017.4,42,1,4018.0,17,1,4018.1,13,1,4018.5,15,1,4018.7,47,2,4018.9,64,4
11483,2026-07-02 13:47:32+05:30,4018.0,30,4036.35,1533313,150695.0,180719.0,4100.0,4110.0,4012.0,4092.6,25372375,4501.8,3683.4,4440.0,3288.1,4017.9,8,2,4017.8,42,1,4017.6,42,1,4017.5,97,2,4017.4,42,1,4018.0,60,1,4018.1,13,1,4018.5,15,1,4018.7,47,2,4018.9,64,4
11483,2026-07-02 13:47:33+05:30,4017.9,4,4036.35,1533313,150695.0,180719.0,4100.0,4110.0,4012.0,4092.6,25372375,4501.8,3683.4,4440.0,3288.1,4017.9,8,2,4017.8,42,1,4017.6,42,1,4017.5,97,2,4017.4,42,1,4018.0,60,1,4018.1,13,1,4018.5,15,1,4018.7,47,2,4018.9,64,4
11483,2026-07-02 13:47:33+05:30,4018.0,1,4036.35,1533328,150789.0,180590.0,4100.0,4110.0,4012.0,4092.6,25372375,4501.8,3683.4,4440.0,3288.1,4017.9,70,1,4017.7,42,1,4017.5,139,3,4017.3,89,5,4017.1,77,4,4018.0,59,1,4018.1,13,1,4018.5,15,1,4018.7,47,2,4018.9,64,4
11483,2026-07-02 13:47:34+05:30,4017.9,1,4036.35,1533328,150789.0,180590.0,4100.0,4110.0,4012.0,4092.6,25372375,4501.8,3683.4,4440.0,3288.1,4017.9,70,1,4017.7,42,1,4017.5,139,3,4017.3,89,5,4017.1,77,4,4018.0,59,1,4018.1,13,1,4018.5,15,1,4018.7,47,2,4018.9,64,4
11483,2026-07-02 13:47:34+05:30,4017.8,29,4036.35,1533400,150631.0,180635.0,4100.0,4110.0,4012.0,4092.6,25372375,4501.8,3683.4,4440.0,3288.1,4017.8,13,1,4017.6,42,1,4017.5,97,2,4017.4,42,1,4017.3,47,4,4018.0,59,1,4018.1,11,1,4018.5,15,1,4018.7,47,2,4018.8,13,1
11483,2026-07-02 13:47:35+05:30,4018.0,70,4036.35,1533400,150631.0,180635.0,4100.0,4110.0,4012.0,4092.6,25372375,4501.8,3683.4,4440.0,3288.1,4017.8,13,1,4017.6,42,1,4017.5,97,2,4017.4,42,1,4017.3,47,4,4018.0,59,1,4018.1,11,1,4018.5,15,1,4018.7,47,2,4018.8,13,1
11483,2026-07-02 13:47:36+05:30,4017.4,104,4036.35,1533829,150707.0,179517.0,4100.0,4110.0,4012.0,4092.6,25372375,4501.8,3683.4,4440.0,3288.1,4017.3,57,5,4017.2,41,1,4017.1,52,2,4017.0,1342,31,4016.8,28,2,4018.0,90,1,4018.1,11,1,4018.5,15,1,4018.7,45,1,4018.9,133,5
11483,2026-07-02 13:47:36+05:30,4019.4,66,4036.35,1533829,150707.0,179517.0,4100.0,4110.0,4012.0,4092.6,25372375,4501.8,3683.4,4440.0,3288.1,4017.3,57,5,4017.2,41,1,4017.1,52,2,4017.0,1342,31,4016.8,28,2,4018.0,90,1,4018.1,11,1,4018.5,15,1,4018.7,45,1,4018.9,133,5
11483,2026-07-02 13:47:37+05:30,4018.8,13,4036.33,1534894,146800.0,178058.0,4100.0,4110.0,4012.0,4092.6,25372375,4501.8,3683.4,4440.0,3288.1,4018.8,61,1,4018.7,42,1,4018.6,42,1,4018.5,3,1,4018.4,42,1,4019.4,38,4,4019.5,3,1,4019.6,20,3,4019.7,181,5,4019.9,12,1
11483,2026-07-02 13:47:37+05:30,4018.8,60,4036.33,1534894,146800.0,178058.0,4100.0,4110.0,4012.0,4092.6,25372375,4501.8,3683.4,4440.0,3288.1,4018.8,61,1,4018.7,42,1,4018.6,42,1,4018.5,3,1,4018.4,42,1,4019.4,38,4,4019.5,3,1,4019.6,20,3,4019.7,181,5,4019.9,12,1
11483,2026-07-02 13:47:38+05:30,4018.8,5,4036.33,1535021,152048.0,177826.0,4100.0,4110.0,4012.0,4092.6,25372375,4501.8,3683.4,4440.0,3288.1,4018.8,76,1,4018.7,42,1,4018.6,42,1,4018.4,42,1,4018.2,54,2,4019.4,2,1,4019.7,137,3,4020.0,19,3,4020.2,52,3,4020.3,28,2
11483,2026-07-02 13:47:38+05:30,4018.8,57,4036.33,1535021,152048.0,177826.0,4100.0,4110.0,4012.0,4092.6,25372375,4501.8,3683.4,4440.0,3288.1,4018.8,76,1,4018.7,42,1,4018.6,42,1,4018.4,42,1,4018.2,54,2,4019.4,2,1,4019.7,137,3,4020.0,19,3,4020.2,52,3,4020.3,28,2
11483,2026-07-02 13:47:39+05:30,4019.4,2,4036.33,1535096,151933.0,177716.0,4100.0,4110.0,4012.0,4092.6,25372375,4501.8,3683.4,4440.0,3288.1,4019.4,1,1,4019.2,43,2,4019.1,42,1,4018.9,42,1,4018.7,54,2,4019.7,119,2,4020.0,2,2,4020.2,70,4,4020.4,38,2,4020.5,57,2
11483,2026-07-02 13:47:39+05:30,4019.4,1,4036.33,1535096,151933.0,177716.0,4100.0,4110.0,4012.0,4092.6,25372375,4501.8,3683.4,4440.0,3288.1,4019.4,1,1,4019.2,43,2,4019.1,42,1,4018.9,42,1,4018.7,54,2,4019.7,119,2,4020.0,2,2,4020.2,70,4,4020.4,38,2,4020.5,57,2
11483,2026-07-02 13:47:40+05:30,4019.3,1,4036.33,1535101,152033.0,177726.0,4100.0,4110.0,4012.0,4092.6,25372375,4501.8,3683.4,4440.0,3288.1,4019.3,41,1,4019.2,43,2,4019.0,42,1,4018.8,42,1,4018.7,12,1,4019.4,2,2,4019.7,120,3,4019.9,18,1,4020.0,1,1,4020.2,2,1
11483,2026-07-02 13:47:40+05:30,4019.3,1,4036.33,1535101,152033.0,177726.0,4100.0,4110.0,4012.0,4092.6,25372375,4501.8,3683.4,4440.0,3288.1,4019.3,41,1,4019.2,43,2,4019.0,42,1,4018.8,42,1,4018.7,12,1,4019.4,2,2,4019.7,120,3,4019.9,18,1,4020.0,1,1,4020.2,2,1
11483,2026-07-02 13:47:41+05:30,4019.7,1,4036.33,1535108,152523.0,177725.0,4100.0,4110.0,4012.0,4092.6,25372375,4501.8,3683.4,4440.0,3288.1,4019.4,75,1,4019.3,41,1,4019.2,43,2,4019.0,42,1,4018.8,42,1,4019.7,119,3,4019.9,18,1,4020.0,1,1,4020.2,2,1,4020.3,18,1
11483,2026-07-02 13:47:41+05:30,4019.4,1,4036.33,1535108,152523.0,177725.0,4100.0,4110.0,4012.0,4092.6,25372375,4501.8,3683.4,4440.0,3288.1,4019.4,75,1,4019.3,41,1,4019.2,43,2,4019.0,42,1,4018.8,42,1,4019.7,119,3,4019.9,18,1,4020.0,1,1,4020.2,2,1,4020.3,18,1
11483,2026-07-02 13:47:42+05:30,4019.7,1,4036.33,1535110,152133.0,177718.0,4100.0,4110.0,4012.0,4092.6,25372375,4501.8,3683.4,4440.0,3288.1,4019.4,42,1,4019.3,41,1,4019.2,43,2,4019.0,42,1,4018.7,12,1,4019.7,150,5,4020.0,17,2,4020.2,2,1,4020.3,18,1,4020.4,25,2
11483,2026-07-02 13:47:42+05:30,4019.7,1,4036.33,1535110,152133.0,177718.0,4100.0,4110.0,4012.0,4092.6,25372375,4501.8,3683.4,4440.0,3288.1,4019.4,42,1,4019.3,41,1,4019.2,43,2,4019.0,42,1,4018.7,12,1,4019.7,150,5,4020.0,17,2,4020.2,2,1,4020.3,18,1,4020.4,25,2
11483,2026-07-02 13:47:43+05:30,4019.7,1,4036.33,1535110,152275.0,177561.0,4100.0,4110.0,4012.0,4092.6,25372375,4501.8,3683.4,4440.0,3288.1,4019.5,44,2,4019.3,83,2,4019.2,1,1,4019.1,42,1,4018.5,46,2,4019.7,118,3,4020.0,1,1,4020.3,18,1,4020.5,57,2,4020.6,22,2
11483,2026-07-02 13:47:44+05:30,4019.7,74,4036.33,1535110,152275.0,177561.0,4100.0,4110.0,4012.0,4092.6,25372375,4501.8,3683.4,4440.0,3288.1,4019.5,44,2,4019.3,83,2,4019.2,1,1,4019.1,42,1,4018.5,46,2,4019.7,118,3,4020.0,1,1,4020.3,18,1,4020.5,57,2,4020.6,22,2
11483,2026-07-02 13:47:44+05:30,4019.7,74,4036.33,1535185,152528.0,177646.0,4100.0,4110.0,4012.0,4092.6,25372375,4501.8,3683.4,4440.0,3288.1,4019.5,44,2,4019.3,83,2,4019.1,42,1,4018.8,39,2,4018.6,69,3,4019.7,43,3,4020.0,1,1,4020.7,4,2,4020.8,75,2,4020.9,104,6
11483,2026-07-02 13:47:45+05:30,4020.0,1,4036.33,1535240,147591.0,176728.0,4100.0,4110.0,4012.0,4092.6,25372375,4501.8,3683.4,4440.0,3288.1,4019.7,29,1,4019.5,37,2,4019.3,83,2,4019.2,4,1,4019.1,76,2,4020.7,40,4,4020.9,32,2,4021.0,13,1,4021.1,3,1,4021.2,82,4
11483,2026-07-02 13:47:45+05:30,4019.7,2,4036.33,1535240,147591.0,176728.0,4100.0,4110.0,4012.0,4092.6,25372375,4501.8,3683.4,4440.0,3288.1,4019.7,29,1,4019.5,37,2,4019.3,83,2,4019.2,4,1,4019.1,76,2,4020.7,40,4,4020.9,32,2,4021.0,13,1,4021.1,3,1,4021.2,82,4
11483,2026-07-02 13:47:46+05:30,4020.7,4,4036.33,1535240,147591.0,176728.0,4100.0,4110.0,4012.0,4092.6,25372375,4501.8,3683.4,4440.0,3288.1,4019.7,29,1,4019.5,37,2,4019.3,83,2,4019.2,4,1,4019.1,76,2,4020.7,40,4,4020.9,32,2,4021.0,13,1,4021.1,3,1,4021.2,82,4
11483,2026-07-02 13:47:46+05:30,4020.7,4,4036.33,1535259,147835.0,176287.0,4100.0,4110.0,4012.0,4092.6,25372375,4501.8,3683.4,4440.0,3288.1,4020.7,1,1,4020.5,20,1,4020.2,2,2,4020.1,42,1,4019.9,58,2,4020.9,15,1,4021.1,3,1,4021.4,2,1,4021.5,23,2,4021.6,25,2
11483,2026-07-02 13:47:47+05:30,4020.3,1,4036.33,1535263,147715.0,176672.0,4100.0,4110.0,4012.0,4092.6,25372375,4501.8,3683.4,4440.0,3288.1,4020.3,41,1,4020.2,2,2,4020.1,42,1,4019.9,16,1,4019.6,2,1,4020.7,1,1,4020.9,15,1,4021.1,3,1,4021.4,2,1,4021.5,23,2
11483,2026-07-02 13:47:47+05:30,4020.3,1,4036.33,1535263,147715.0,176672.0,4100.0,4110.0,4012.0,4092.6,25372375,4501.8,3683.4,4440.0,3288.1,4020.3,41,1,4020.2,2,2,4020.1,42,1,4019.9,16,1,4019.6,2,1,4020.7,1,1,4020.9,15,1,4021.1,3,1,4021.4,2,1,4021.5,23,2
11483,2026-07-02 13:47:48+05:30,4020.3,1,4036.33,1535263,147786.0,176882.0,4100.0,4110.0,4012.0,4092.6,25372375,4501.8,3683.4,4440.0,3288.1,4020.6,19,1,4020.3,41,1,4020.2,2,2,4020.0,42,1,4019.9,16,1,4020.7,1,1,4020.9,33,2,4021.1,3,1,4021.2,18,1,4021.3,3,1
11483,2026-07-02 13:47:49+05:30,4020.3,1,4036.33,1535263,147761.0,176819.0,4100.0,4110.0,4012.0,4092.6,25372375,4501.8,3683.4,4440.0,3288.1,4020.6,1,1,4020.3,41,1,4020.2,2,2,4020.1,42,1,4019.9,16,1,4020.7,1,1,4020.9,33,2,4021.1,3,1,4021.2,18,1,4021.3,3,1
11483,2026-07-02 13:47:50+05:30,4020.7,1,4036.33,1535264,147784.0,177073.0,4100.0,4110.0,4012.0,4092.6,25372375,4501.8,3683.4,4440.0,3288.1,4020.7,18,1,4020.6,1,1,4020.3,41,1,4020.2,2,2,4020.1,42,1,4020.9,15,1,4021.1,3,1,4021.2,18,1,4021.3,3,1,4021.4,2,1
11483,2026-07-02 13:47:50+05:30,4020.7,1,4036.33,1535264,147784.0,177073.0,4100.0,4110.0,4012.0,4092.6,25372375,4501.8,3683.4,4440.0,3288.1,4020.7,18,1,4020.6,1,1,4020.3,41,1,4020.2,2,2,4020.1,42,1,4020.9,15,1,4021.1,3,1,4021.2,18,1,4021.3,3,1,4021.4,2,1
11483,2026-07-02 13:47:51+05:30,4020.9,1,4036.33,1535265,147775.0,177077.0,4100.0,4110.0,4012.0,4092.6,25372375,4501.8,3683.4,4440.0,3288.1,4020.6,1,1,4020.3,83,2,4020.2,2,2,4019.8,2,1,4019.6,18,2,4020.9,14,1,4021.1,20,2,4021.3,3,1,4021.4,2,1,4021.5,23,2
11483,2026-07-02 13:47:51+05:30,4020.9,1,4036.33,1535265,147775.0,177077.0,4100.0,4110.0,4012.0,4092.6,25372375,4501.8,3683.4,4440.0,3288.1,4020.6,1,1,4020.3,83,2,4020.2,2,2,4019.8,2,1,4019.6,18,2,4020.9,14,1,4021.1,20,2,4021.3,3,1,4021.4,2,1,4021.5,23,2
11483,2026-07-02 13:47:52+05:30,4020.9,2,4036.33,1535267,147964.0,176905.0,4100.0,4110.0,4012.0,4092.6,25372375,4501.8,3683.4,4440.0,3288.1,4020.8,18,1,4020.7,2,1,4020.6,1,1,4020.4,4,1,4020.3,41,1,4020.9,12,1,4021.3,3,1,4021.6,12,1,4021.7,10,1,4021.8,62,4
11483,2026-07-02 13:47:52+05:30,4020.9,3,4036.33,1535267,147964.0,176905.0,4100.0,4110.0,4012.0,4092.6,25372375,4501.8,3683.4,4440.0,3288.1,4020.8,18,1,4020.7,2,1,4020.6,1,1,4020.4,4,1,4020.3,41,1,4020.9,12,1,4021.3,3,1,4021.6,12,1,4021.7,10,1,4021.8,62,4
11483,2026-07-02 13:47:53+05:30,4020.6,1,4036.33,1535285,147663.0,176834.0,4100.0,4110.0,4012.0,4092.6,25372375,4501.8,3683.4,4440.0,3288.1,4020.2,2,2,4019.6,93,4,4019.5,34,1,4019.4,122,2,4019.3,69,2,4020.6,12,2,4020.9,9,1,4021.1,17,1,4021.3,3,1,4021.4,3,1
11483,2026-07-02 13:47:53+05:30,4020.2,1,4036.33,1535285,147663.0,176834.0,4100.0,4110.0,4012.0,4092.6,25372375,4501.8,3683.4,4440.0,3288.1,4020.2,2,2,4019.6,93,4,4019.5,34,1,4019.4,122,2,4019.3,69,2,4020.6,12,2,4020.9,9,1,4021.1,17,1,4021.3,3,1,4021.4,3,1
11483,2026-07-02 13:47:54+05:30,4020.6,2,4036.33,1535289,147702.0,176839.0,4100.0,4110.0,4012.0,4092.6,25372375,4501.8,3683.4,4440.0,3288.1,4020.3,50,1,4020.2,2,2,4019.6,93,4,4019.5,34,1,4019.4,122,2,4020.6,12,3,4020.7,17,1,4020.9,9,1,4021.2,17,1,4021.3,3,1
11483,2026-07-02 13:47:54+05:30,4020.6,2,4036.33,1535289,147702.0,176839.0,4100.0,4110.0,4012.0,4092.6,25372375,4501.8,3683.4,4440.0,3288.1,4020.3,50,1,4020.2,2,2,4019.6,93,4,4019.5,34,1,4019.4,122,2,4020.6,12,3,4020.7,17,1,4020.9,9,1,4021.2,17,1,4021.3,3,1
11483,2026-07-02 13:47:55+05:30,4020.6,2,4036.33,1535289,147707.0,176840.0,4100.0,4110.0,4012.0,4092.6,25372375,4501.8,3683.4,4440.0,3288.1,4020.3,50,1,4020.2,2,2,4019.6,93,4,4019.5,34,1,4019.4,122,2,4020.6,12,3,4020.7,17,1,4020.9,9,1,4021.2,17,1,4021.3,3,1
11483,2026-07-02 13:47:56+05:30,4020.3,50,4036.33,1535423,147456.0,177508.0,4100.0,4110.0,4012.0,4092.6,25372375,4501.8,3683.4,4440.0,3288.1,4019.6,8,2,4019.4,122,2,4019.1,34,1,4019.0,30,3,4018.8,57,4,4020.0,80,1,4020.4,1,1,4020.6,7,2,4020.8,3,1,4020.9,39,4
11483,2026-07-02 13:47:56+05:30,4019.6,5,4036.33,1535423,147456.0,177508.0,4100.0,4110.0,4012.0,4092.6,25372375,4501.8,3683.4,4440.0,3288.1,4019.6,8,2,4019.4,122,2,4019.1,34,1,4019.0,30,3,4018.8,57,4,4020.0,80,1,4020.4,1,1,4020.6,7,2,4020.8,3,1,4020.9,39,4
11483,2026-07-02 13:47:57+05:30,4019.6,5,4036.33,1535435,151659.0,177801.0,4100.0,4110.0,4012.0,4092.6,25372375,4501.8,3683.4,4440.0,3288.1,4019.4,122,2,4019.0,2,1,4018.8,5,1,4018.5,16,2,4018.4,34,1,4019.6,2,1,4020.0,82,2,4020.4,6,2,4020.6,34,3,4020.8,62,3
11483,2026-07-02 13:47:57+05:30,4019.6,1,4036.33,1535435,151659.0,177801.0,4100.0,4110.0,4012.0,4092.6,25372375,4501.8,3683.4,4440.0,3288.1,4019.4,122,2,4019.0,2,1,4018.8,5,1,4018.5,16,2,4018.4,34,1,4019.6,2,1,4020.0,82,2,4020.4,6,2,4020.6,34,3,4020.8,62,3
11483,2026-07-02 13:47:58+05:30,4019.6,1,4036.33,1535438,151691.0,177770.0,4100.0,4110.0,4012.0,4092.6,25372375,4501.8,3683.4,4440.0,3288.1,4019.4,133,3,4019.0,2,1,4018.8,5,1,4018.5,16,2,4018.4,34,1,4019.6,1,1,4020.0,82,2,4020.4,6,2,4020.6,17,2,4020.8,62,3
11483,2026-07-02 13:47:59+05:30,4019.5,1,4036.33,1535447,147102.0,177935.0,4100.0,4110.0,4012.0,4092.6,25372375,4501.8,3683.4,4440.0,3288.1,4019.4,132,3,4019.0,2,1,4018.8,39,2,4018.5,85,5,4018.4,34,1,4020.0,75,1,4020.4,5,1,4020.6,17,2,4020.8,30,3,4020.9,73,5
11483,2026-07-02 13:47:59+05:30,4019.4,1,4036.33,1535447,147102.0,177935.0,4100.0,4110.0,4012.0,4092.6,25372375,4501.8,3683.4,4440.0,3288.1,4019.4,132,3,4019.0,2,1,4018.8,39,2,4018.5,85,5,4018.4,34,1,4020.0,75,1,4020.4,5,1,4020.6,17,2,4020.8,30,3,4020.9,73,5
11483,2026-07-02 13:48:00+05:30,4020.0,50,4036.33,1535502,146129.0,177731.0,4100.0,4110.0,4012.0,4092.6,25372375,4501.8,3683.4,4440.0,3288.1,4019.4,119,2,4019.0,2,1,4018.8,39,2,4018.5,52,4,4018.4,58,2,4020.0,23,2,4020.4,5,1,4020.6,17,2,4020.8,30,3,4020.9,73,5
11483,2026-07-02 13:48:00+05:30,4019.4,7,4036.33,1535502,146129.0,177731.0,4100.0,4110.0,4012.0,4092.6,25372375,4501.8,3683.4,4440.0,3288.1,4019.4,119,2,4019.0,2,1,4018.8,39,2,4018.5,52,4,4018.4,58,2,4020.0,23,2,4020.4,5,1,4020.6,17,2,4020.8,30,3,4020.9,73,5
11483,2026-07-02 13:48:01+05:30,4019.4,8,4036.33,1535524,145916.0,177721.0,4100.0,4110.0,4012.0,4092.6,25372375,4501.8,3683.4,4440.0,3288.1,4019.4,104,2,4019.0,2,1,4018.8,5,1,4018.5,16,2,4018.4,34,1,4020.0,23,2,4020.3,17,1,4020.6,59,4,4020.7,13,1,4020.8,40,2
11483,2026-07-02 13:48:01+05:30,4019.4,3,4036.33,1535524,145916.0,177721.0,4100.0,4110.0,4012.0,4092.6,25372375,4501.8,3683.4,4440.0,3288.1,4019.4,104,2,4019.0,2,1,4018.8,5,1,4018.5,16,2,4018.4,34,1,4020.0,23,2,4020.3,17,1,4020.6,59,4,4020.7,13,1,4020.8,40,2
11483,2026-07-02 13:48:02+05:30,4019.7,19,4036.32,1535627,150254.0,178324.0,4100.0,4110.0,4012.0,4092.6,25372375,4501.8,3683.4,4440.0,3288.1,4019.4,101,2,4019.0,2,1,4018.8,5,1,4018.5,2,1,4018.2,30,2,4019.7,39,2,4019.8,42,1,4020.0,76,4,4020.2,45,2,4020.3,53,3
11483,2026-07-02 13:48:02+05:30,4019.4,12,4036.32,1535627,150254.0,178324.0,4100.0,4110.0,4012.0,4092.6,25372375,4501.8,3683.4,4440.0,3288.1,4019.4,101,2,4019.0,2,1,4018.8,5,1,4018.5,2,1,4018.2,30,2,4019.7,39,2,4019.8,42,1,4020.0,76,4,4020.2,45,2,4020.3,53,3
11483,2026-07-02 13:48:03+05:30,4019.4,12,4036.32,1535639,145371.0,179424.0,4100.0,4110.0,4012.0,4092.6,25372375,4501.8,3683.4,4440.0,3288.1,4019.4,89,2,4019.0,2,1,4018.8,5,1,4018.5,2,1,4018.2,30,2,4019.5,62,1,4019.7,81,3,4019.9,392,2,4020.0,80,6,4020.1,51,2
11483,2026-07-02 13:48:03+05:30,4019.4,22,4036.32,1535639,145371.0,179424.0,4100.0,4110.0,4012.0,4092.6,25372375,4501.8,3683.4,4440.0,3288.1,4019.4,89,2,4019.0,2,1,4018.8,5,1,4018.5,2,1,4018.2,30,2,4019.5,62,1,4019.7,81,3,4019.9,392,2,4020.0,80,6,4020.1,51,2
11483,2026-07-02 13:48:04+05:30,4019.5,4,4036.32,1535732,144989.0,178698.0,4100.0,4110.0,4012.0,4092.6,25372375,4501.8,3683.4,4440.0,3288.1,4019.0,2,1,4018.8,5,1,4018.0,11,4,4017.9,24,1,4017.8,64,2,4019.2,58,1,4019.4,59,2,4019.5,17,4,4019.6,42,1,4019.7,74,3
11483,2026-07-02 13:48:04+05:30,4019.0,5,4036.32,1535732,144989.0,178698.0,4100.0,4110.0,4012.0,4092.6,25372375,4501.8,3683.4,4440.0,3288.1,4019.0,2,1,4018.8,5,1,4018.0,11,4,4017.9,24,1,4017.8,64,2,4019.2,58,1,4019.4,59,2,4019.5,17,4,4019.6,42,1,4019.7,74,3
11483,2026-07-02 13:48:05+05:30,4019.0,1,4036.32,1535740,144901.0,179149.0,4100.0,4110.0,4012.0,4092.6,25372375,4501.8,3683.4,4440.0,3288.1,4018.0,11,4,4017.8,50,1,4017.5,134,4,4017.4,64,3,4017.2,27,1,4018.4,58,1,4018.6,42,1,4018.8,42,1,4019.0,43,2,4019.1,13,1
11483,2026-07-02 13:48:05+05:30,4018.0,1,4036.32,1535740,144901.0,179149.0,4100.0,4110.0,4012.0,4092.6,25372375,4501.8,3683.4,4440.0,3288.1,4018.0,11,4,4017.8,50,1,4017.5,134,4,4017.4,64,3,4017.2,27,1,4018.4,58,1,4018.6,42,1,4018.8,42,1,4019.0,43,2,4019.1,13,1
11483,2026-07-02 13:48:06+05:30,4018.1,1,4036.32,1535743,145081.0,179357.0,4100.0,4110.0,4012.0,4092.6,25372375,4501.8,3683.4,4440.0,3288.1,4018.0,9,2,4017.8,50,1,4017.5,106,3,4017.4,64,3,4017.3,11,1,4018.1,56,1,4018.3,42,1,4018.4,1,1,4018.5,42,1,4018.7,42,1
11483,2026-07-02 13:48:06+05:30,4018.1,7,4036.32,1535743,145081.0,179357.0,4100.0,4110.0,4012.0,4092.6,25372375,4501.8,3683.4,4440.0,3288.1,4018.0,9,2,4017.8,50,1,4017.5,106,3,4017.4,64,3,4017.3,11,1,4018.1,56,1,4018.3,42,1,4018.4,1,1,4018.5,42,1,4018.7,42,1
11483,2026-07-02 13:48:07+05:30,4018.0,8,4036.32,1535759,145042.0,179536.0,4100.0,4110.0,4012.0,4092.6,25372375,4501.8,3683.4,4440.0,3288.1,4017.8,72,3,4017.5,106,3,4017.4,34,1,4017.3,2,1,4017.2,27,1,4018.0,40,1,4018.1,2,1,4018.2,42,1,4018.4,43,2,4018.6,42,1
11483,2026-07-02 13:48:07+05:30,4017.8,2,4036.32,1535759,145042.0,179536.0,4100.0,4110.0,4012.0,4092.6,25372375,4501.8,3683.4,4440.0,3288.1,4017.8,72,3,4017.5,106,3,4017.4,34,1,4017.3,2,1,4017.2,27,1,4018.0,40,1,4018.1,2,1,4018.2,42,1,4018.4,43,2,4018.6,42,1
11483,2026-07-02 13:48:08+05:30,4018.0,2,4036.32,1535805,145020.0,179490.0,4100.0,4110.0,4012.0,4092.6,25372375,4501.8,3683.4,4440.0,3288.1,4017.8,8,1,4017.6,12,1,4017.5,106,3,4017.2,2,1,4017.1,311,6,4018.0,40,1,4018.1,2,1,4018.2,42,1,4018.4,42,1,4018.9,13,1
11483,2026-07-02 13:48:08+05:30,4017.8,5,4036.32,1535805,145020.0,179490.0,4100.0,4110.0,4012.0,4092.6,25372375,4501.8,3683.4,4440.0,3288.1,4017.8,8,1,4017.6,12,1,4017.5,106,3,4017.2,2,1,4017.1,311,6,4018.0,40,1,4018.1,2,1,4018.2,42,1,4018.4,42,1,4018.9,13,1
11483,2026-07-02 13:48:09+05:30,4019.0,1,4036.32,1535812,144763.0,179202.0,4100.0,4110.0,4012.0,4092.6,25372375,4501.8,3683.4,4440.0,3288.1,4018.4,1,1,4017.8,16,3,4017.5,140,4,4017.4,16,1,4017.3,2,1,4019.0,313,3,4019.3,19,2,4019.4,126,4,4019.5,27,3,4019.6,8,1
11483,2026-07-02 13:48:09+05:30,4018.4,1,4036.32,1535812,144763.0,179202.0,4100.0,4110.0,4012.0,4092.6,25372375,4501.8,3683.4,4440.0,3288.1,4018.4,1,1,4017.8,16,3,4017.5,140,4,4017.4,16,1,4017.3,2,1,4019.0,313,3,4019.3,19,2,4019.4,126,4,4019.5,27,3,4019.6,8,1
11483,2026-07-02 13:48:10+05:30,4019.0,1,4036.32,1535864,144763.0,178966.0,4100.0,4110.0,4012.0,4092.6,25372375,4501.8,3683.4,4440.0,3288.1,4018.4,1,1,4017.8,3,1,4017.5,140,4,4017.4,5,1,4017.3,2,1,4019.0,254,3,4019.4,105,3,4019.5,15,2,4019.6,34,3,4019.7,89,5
11483,2026-07-02 13:48:10+05:30,4017.8,9,4036.32,1535864,144763.0,178966.0,4100.0,4110.0,4012.0,4092.6,25372375,4501.8,3683.4,4440.0,3288.1,4018.4,1,1,4017.8,3,1,4017.5,140,4,4017.4,5,1,4017.3,2,1,4019.0,254,3,4019.4,105,3,4019.5,15,2,4019.6,34,3,4019.7,89,5
11483,2026-07-02 13:48:11+05:30,4018.4,4,4036.32,1535881,144653.0,178812.0,4100.0,4110.0,4012.0,4092.6,25372375,4501.8,3683.4,4440.0,3288.1,4018.0,5,1,4017.9,46,3,4017.8,20,4,4017.7,26,2,4017.6,11,1,4018.4,1,1,4019.0,254,3,4019.4,115,3,4019.5,6,2,4019.6,34,3
11483,2026-07-02 13:48:11+05:30,4018.0,3,4036.32,1535881,144653.0,178812.0,4100.0,4110.0,4012.0,4092.6,25372375,4501.8,3683.4,4440.0,3288.1,4018.0,5,1,4017.9,46,3,4017.8,20,4,4017.7,26,2,4017.6,11,1,4018.4,1,1,4019.0,254,3,4019.4,115,3,4019.5,6,2,4019.6,34,3
11483,2026-07-02 13:48:12+05:30,4017.1,42,4036.31,1536594,144408.0,179533.0,4100.0,4110.0,4012.0,4092.6,25372375,4501.8,3683.4,4440.0,3288.1,4017.7,19,1,4017.4,38,3,4017.3,34,3,4017.2,22,1,4017.1,238,5,4018.4,3,2,4019.0,252,2,4019.1,13,1,4019.4,149,4,4019.5,3,1
11483,2026-07-02 13:48:12+05:30,4017.7,19,4036.31,1536594,144408.0,179533.0,4100.0,4110.0,4012.0,4092.6,25372375,4501.8,3683.4,4440.0,3288.1,4017.7,19,1,4017.4,38,3,4017.3,34,3,4017.2,22,1,4017.1,238,5,4018.4,3,2,4019.0,252,2,4019.1,13,1,4019.4,149,4,4019.5,3,1
11483,2026-07-02 13:48:12+05:30,4017.7,19,4036.31,1536613,143971.0,179997.0,4100.0,4110.0,4012.0,4092.6,25372375,4501.8,3683.4,4440.0,3288.1,4017.6,24,1,4017.5,5,1,4017.4,34,3,4017.3,12,2,4017.2,29,2,4017.7,9,1,4018.4,5,3,4018.9,59,1,4019.0,252,2,4019.1,18,2
11483,2026-07-02 13:48:13+05:30,4017.7,1,4036.31,1536613,143971.0,179997.0,4100.0,4110.0,4012.0,4092.6,25372375,4501.8,3683.4,4440.0,3288.1,4017.6,24,1,4017.5,5,1,4017.4,34,3,4017.3,12,2,4017.2,29,2,4017.7,9,1,4018.4,5,3,4018.9,59,1,4019.0,252,2,4019.1,18,2
11483,2026-07-02 13:48:13+05:30,4017.7,1,4036.31,1536616,143957.0,179967.0,4100.0,4110.0,4012.0,4092.6,25372375,4501.8,3683.4,4440.0,3288.1,4017.6,22,1,4017.4,34,3,4017.3,12,2,4017.2,47,3,4017.1,46,3,4017.7,8,1,4018.4,10,4,4018.9,59,1,4019.0,286,3,4019.1,18,2
11483,2026-07-02 13:48:14+05:30,4017.6,1,4036.31,1536616,143957.0,179967.0,4100.0,4110.0,4012.0,4092.6,25372375,4501.8,3683.4,4440.0,3288.1,4017.6,22,1,4017.4,34,3,4017.3,12,2,4017.2,47,3,4017.1,46,3,4017.7,8,1,4018.4,10,4,4018.9,59,1,4019.0,286,3,4019.1,18,2
11483,2026-07-02 13:48:14+05:30,4017.8,3,4036.3,1537835,144010.0,179966.0,4100.0,4110.0,4012.0,4092.6,25372375,4501.8,3683.4,4440.0,3288.1,4017.8,428,1,4016.9,47,3,4016.7,2,1,4016.6,3,1,4016.5,40,2,4018.4,6,2,4018.9,23,1,4019.0,286,3,4019.1,18,2,4019.3,37,2
11483,2026-07-02 13:48:15+05:30,4017.8,146,4036.3,1537835,144010.0,179966.0,4100.0,4110.0,4012.0,4092.6,25372375,4501.8,3683.4,4440.0,3288.1,4017.8,428,1,4016.9,47,3,4016.7,2,1,4016.6,3,1,4016.5,40,2,4018.4,6,2,4018.9,23,1,4019.0,286,3,4019.1,18,2,4019.3,37,2
11483,2026-07-02 13:48:15+05:30,4018.4,3,4036.3,1537987,143961.0,180052.0,4100.0,4110.0,4012.0,4092.6,25372375,4501.8,3683.4,4440.0,3288.1,4018.3,1,1,4017.8,282,1,4017.7,1,1,4017.0,50,1,4016.9,81,4,4018.4,16,2,4018.6,12,1,4018.9,35,3,4019.0,291,4,4019.1,21,3
11483,2026-07-02 13:48:16+05:30,4018.3,3,4036.3,1537987,143961.0,180052.0,4100.0,4110.0,4012.0,4092.6,25372375,4501.8,3683.4,4440.0,3288.1,4018.3,1,1,4017.8,282,1,4017.7,1,1,4017.0,50,1,4016.9,81,4,4018.4,16,2,4018.6,12,1,4018.9,35,3,4019.0,291,4,4019.1,21,3
11483,2026-07-02 13:48:16+05:30,4018.3,3,4036.3,1537995,143844.0,179982.0,4100.0,4110.0,4012.0,4092.6,25372375,4501.8,3683.4,4440.0,3288.1,4018.0,1,1,4017.8,282,1,4017.7,1,1,4017.0,50,1,4016.9,24,1,4018.3,12,2,4018.4,16,2,4018.6,36,2,4018.7,6,2,4018.9,63,4
11483,2026-07-02 13:48:17+05:30,4018.3,5,4036.3,1537995,143844.0,179982.0,4100.0,4110.0,4012.0,4092.6,25372375,4501.8,3683.4,4440.0,3288.1,4018.0,1,1,4017.8,282,1,4017.7,1,1,4017.0,50,1,4016.9,24,1,4018.3,12,2,4018.4,16,2,4018.6,36,2,4018.7,6,2,4018.9,63,4
11483,2026-07-02 13:48:17+05:30,4018.3,5,4036.3,1537995,143844.0,179982.0,4100.0,4110.0,4012.0,4092.6,25372375,4501.8,3683.4,4440.0,3288.1,4018.0,1,1,4017.8,282,1,4017.7,1,1,4017.0,50,1,4016.9,24,1,4018.3,12,2,4018.4,16,2,4018.6,36,2,4018.7,6,2,4018.9,63,4
11483,2026-07-02 13:48:17+05:30,4018.6,5,4036.27,1540006,143924.0,179122.0,4100.0,4110.0,4012.0,4092.6,25372375,4501.8,3683.4,4440.0,3288.1,4017.9,10,1,4017.8,292,2,4017.7,1,1,4017.2,22,2,4017.1,13,1,4018.6,15,2,4018.7,18,2,4018.8,17,2,4018.9,38,3,4019.0,23,2
11483,2026-07-02 13:48:18+05:30,4018.6,5,4036.27,1540006,143924.0,179122.0,4100.0,4110.0,4012.0,4092.6,25372375,4501.8,3683.4,4440.0,3288.1,4017.9,10,1,4017.8,292,2,4017.7,1,1,4017.2,22,2,4017.1,13,1,4018.6,15,2,4018.7,18,2,4018.8,17,2,4018.9,38,3,4019.0,23,2
11483,2026-07-02 13:48:18+05:30,4017.9,75,4036.27,1540006,143924.0,179122.0,4100.0,4110.0,4012.0,4092.6,25372375,4501.8,3683.4,4440.0,3288.1,4017.9,10,1,4017.8,292,2,4017.7,1,1,4017.2,22,2,4017.1,13,1,4018.6,15,2,4018.7,18,2,4018.8,17,2,4018.9,38,3,4019.0,23,2
11483,2026-07-02 13:48:18+05:30,4017.9,75,4036.27,1540006,143924.0,179122.0,4100.0,4110.0,4012.0,4092.6,25372375,4501.8,3683.4,4440.0,3288.1,4017.9,10,1,4017.8,292,2,4017.7,1,1,4017.2,22,2,4017.1,13,1,4018.6,15,2,4018.7,18,2,4018.8,17,2,4018.9,38,3,4019.0,23,2
11483,2026-07-02 13:48:18+05:30,4017.9,75,4036.27,1540091,143875.0,179366.0,4100.0,4110.0,4012.0,4092.6,25372375,4501.8,3683.4,4440.0,3288.1,4017.8,282,1,4017.7,1,1,4017.2,34,1,4017.1,3,1,4017.0,72,2,4017.9,26,2,4018.9,18,1,4019.2,3,1,4019.3,53,3,4019.4,31,2
11483,2026-07-02 13:48:19+05:30,4017.9,75,4036.27,1540091,143875.0,179366.0,4100.0,4110.0,4012.0,4092.6,25372375,4501.8,3683.4,4440.0,3288.1,4017.8,282,1,4017.7,1,1,4017.2,34,1,4017.1,3,1,4017.0,72,2,4017.9,26,2,4018.9,18,1,4019.2,3,1,4019.3,53,3,4019.4,31,2
11483,2026-07-02 13:48:19+05:30,4017.8,11,4036.27,1540091,143875.0,179366.0,4100.0,4110.0,4012.0,4092.6,25372375,4501.8,3683.4,4440.0,3288.1,4017.8,282,1,4017.7,1,1,4017.2,34,1,4017.1,3,1,4017.0,72,2,4017.9,26,2,4018.9,18,1,4019.2,3,1,4019.3,53,3,4019.4,31,2
11483,2026-07-02 13:48:19+05:30,4017.8,11,4036.27,1540102,143884.0,179060.0,4100.0,4110.0,4012.0,4092.6,25372375,4501.8,3683.4,4440.0,3288.1,4017.8,272,2,4017.7,1,1,4017.2,34,1,4017.1,3,1,4017.0,85,3,4017.9,26,2,4018.9,18,1,4019.2,52,2,4019.3,53,3,4019.4,31,2
11483,2026-07-02 13:48:19+05:30,4017.8,11,4036.27,1540102,143884.0,179060.0,4100.0,4110.0,4012.0,4092.6,25372375,4501.8,3683.4,4440.0,3288.1,4017.8,272,2,4017.7,1,1,4017.2,34,1,4017.1,3,1,4017.0,85,3,4017.9,26,2,4018.9,18,1,4019.2,52,2,4019.3,53,3,4019.4,31,2
11483,2026-07-02 13:48:20+05:30,4017.8,11,4036.27,1540102,143884.0,179060.0,4100.0,4110.0,4012.0,4092.6,25372375,4501.8,3683.4,4440.0,3288.1,4017.8,272,2,4017.7,1,1,4017.2,34,1,4017.1,3,1,4017.0,85,3,4017.9,26,2,4018.9,18,1,4019.2,52,2,4019.3,53,3,4019.4,31,2
11483,2026-07-02 13:48:20+05:30,4017.8,1,4036.27,1540102,143884.0,179060.0,4100.0,4110.0,4012.0,4092.6,25372375,4501.8,3683.4,4440.0,3288.1,4017.8,272,2,4017.7,1,1,4017.2,34,1,4017.1,3,1,4017.0,85,3,4017.9,26,2,4018.9,18,1,4019.2,52,2,4019.3,53,3,4019.4,31,2
11483,2026-07-02 13:48:20+05:30,4017.8,1,4036.27,1540103,143842.0,179143.0,4100.0,4110.0,4012.0,4092.6,25372375,4501.8,3683.4,4440.0,3288.1,4017.8,271,2,4017.7,1,1,4017.2,34,1,4017.1,3,1,4017.0,50,1,4017.9,28,3,4018.9,18,1,4019.2,52,2,4019.3,53,3,4019.4,31,2
11483,2026-07-02 13:48:20+05:30,4017.8,1,4036.27,1540103,143842.0,179143.0,4100.0,4110.0,4012.0,4092.6,25372375,4501.8,3683.4,4440.0,3288.1,4017.8,271,2,4017.7,1,1,4017.2,34,1,4017.1,3,1,4017.0,50,1,4017.9,28,3,4018.9,18,1,4019.2,52,2,4019.3,53,3,4019.4,31,2
11483,2026-07-02 13:48:21+05:30,4017.8,1,4036.27,1540103,143842.0,179143.0,4100.0,4110.0,4012.0,4092.6,25372375,4501.8,3683.4,4440.0,3288.1,4017.8,271,2,4017.7,1,1,4017.2,34,1,4017.1,3,1,4017.0,50,1,4017.9,28,3,4018.9,18,1,4019.2,52,2,4019.3,53,3,4019.4,31,2
11483,2026-07-02 13:48:21+05:30,4017.9,2,4036.27,1540103,143842.0,179143.0,4100.0,4110.0,4012.0,4092.6,25372375,4501.8,3683.4,4440.0,3288.1,4017.8,271,2,4017.7,1,1,4017.2,34,1,4017.1,3,1,4017.0,50,1,4017.9,28,3,4018.9,18,1,4019.2,52,2,4019.3,53,3,4019.4,31,2
11483,2026-07-02 13:48:21+05:30,4017.9,2,4036.27,1540103,143842.0,179143.0,4100.0,4110.0,4012.0,4092.6,25372375,4501.8,3683.4,4440.0,3288.1,4017.8,271,2,4017.7,1,1,4017.2,34,1,4017.1,3,1,4017.0,50,1,4017.9,28,3,4018.9,18,1,4019.2,52,2,4019.3,53,3,4019.4,31,2
11483,2026-07-02 13:48:21+05:30,4017.9,2,4036.27,1540105,143869.0,179138.0,4100.0,4110.0,4012.0,4092.6,25372375,4501.8,3683.4,4440.0,3288.1,4017.8,271,2,4017.7,1,1,4017.2,34,1,4017.1,3,1,4017.0,50,1,4017.9,26,3,4018.9,18,1,4019.2,52,2,4019.3,53,3,4019.4,31,2
11483,2026-07-02 13:48:21+05:30,4017.9,2,4036.27,1540105,143869.0,179138.0,4100.0,4110.0,4012.0,4092.6,25375875,4501.8,3683.4,4440.0,3288.1,4017.8,271,2,4017.7,1,1,4017.2,34,1,4017.1,3,1,4017.0,50,1,4017.9,26,3,4018.9,18,1,4019.2,52,2,4019.3,53,3,4019.4,31,2
11483,2026-07-02 13:48:22+05:30,4017.9,2,4036.27,1540105,143869.0,179138.0,4100.0,4110.0,4012.0,4092.6,25375875,4501.8,3683.4,4440.0,3288.1,4017.8,271,2,4017.7,1,1,4017.2,34,1,4017.1,3,1,4017.0,50,1,4017.9,26,3,4018.9,18,1,4019.2,52,2,4019.3,53,3,4019.4,31,2
11483,2026-07-02 13:48:22+05:30,4017.9,2,4036.27,1540105,143897.0,179090.0,4100.0,4110.0,4012.0,4092.6,25375875,4501.8,3683.4,4440.0,3288.1,4017.8,271,2,4017.7,1,1,4017.2,34,1,4017.1,3,1,4017.0,50,1,4017.9,26,3,4018.9,18,1,4019.2,3,1,4019.3,53,3,4019.4,31,2
11483,2026-07-02 13:48:22+05:30,4017.9,2,4036.27,1540105,143897.0,179090.0,4100.0,4110.0,4012.0,4092.6,25375875,4501.8,3683.4,4440.0,3288.1,4017.8,271,2,4017.7,1,1,4017.2,34,1,4017.1,3,1,4017.0,50,1,4017.9,26,3,4018.9,18,1,4019.2,3,1,4019.3,53,3,4019.4,31,2
11483,2026-07-02 13:48:23+05:30,4017.9,2,4036.27,1540105,143897.0,179090.0,4100.0,4110.0,4012.0,4092.6,25375875,4501.8,3683.4,4440.0,3288.1,4017.8,271,2,4017.7,1,1,4017.2,34,1,4017.1,3,1,4017.0,50,1,4017.9,26,3,4018.9,18,1,4019.2,3,1,4019.3,53,3,4019.4,31,2
11483,2026-07-02 13:48:23+05:30,4017.9,1,4036.27,1540105,143897.0,179090.0,4100.0,4110.0,4012.0,4092.6,25375875,4501.8,3683.4,4440.0,3288.1,4017.8,271,2,4017.7,1,1,4017.2,34,1,4017.1,3,1,4017.0,50,1,4017.9,26,3,4018.9,18,1,4019.2,3,1,4019.3,53,3,4019.4,31,2
11483,2026-07-02 13:48:23+05:30,4017.9,1,4036.27,1540105,143897.0,179090.0,4100.0,4110.0,4012.0,4092.6,25375875,4501.8,3683.4,4440.0,3288.1,4017.8,271,2,4017.7,1,1,4017.2,34,1,4017.1,3,1,4017.0,50,1,4017.9,26,3,4018.9,18,1,4019.2,3,1,4019.3,53,3,4019.4,31,2
11483,2026-07-02 13:48:23+05:30,4017.9,1,4036.27,1540107,143874.0,179194.0,4100.0,4110.0,4012.0,4092.6,25375875,4501.8,3683.4,4440.0,3288.1,4017.8,270,2,4017.7,1,1,4017.0,53,2,4016.9,24,2,4016.8,34,1,4017.9,25,3,4018.5,5,1,4018.6,18,1,4018.9,47,2,4019.1,31,2
11483,2026-07-02 13:48:24+05:30,4017.9,1,4036.27,1540107,143874.0,179194.0,4100.0,4110.0,4012.0,4092.6,25375875,4501.8,3683.4,4440.0,3288.1,4017.8,270,2,4017.7,1,1,4017.0,53,2,4016.9,24,2,4016.8,34,1,4017.9,25,3,4018.5,5,1,4018.6,18,1,4018.9,47,2,4019.1,31,2
11483,2026-07-02 13:48:24+05:30,4017.9,1,4036.27,1540111,143933.0,179160.0,4100.0,4110.0,4012.0,4092.6,25375875,4501.8,3683.4,4440.0,3288.1,4017.8,269,1,4017.7,1,1,4017.5,50,1,4017.0,55,2,4016.9,24,2,4017.9,21,3,4018.5,5,1,4018.6,18,1,4018.9,47,2,4019.1,44,3
11483,2026-07-02 13:48:25+05:30,4017.9,59,4036.27,1540111,143933.0,179160.0,4100.0,4110.0,4012.0,4092.6,25375875,4501.8,3683.4,4440.0,3288.1,4017.8,269,1,4017.7,1,1,4017.5,50,1,4017.0,55,2,4016.9,24,2,4017.9,21,3,4018.5,5,1,4018.6,18,1,4018.9,47,2,4019.1,44,3
11483,2026-07-02 13:48:25+05:30,4017.9,59,4036.27,1540192,143868.0,179118.0,4100.0,4110.0,4012.0,4092.6,25375875,4501.8,3683.4,4440.0,3288.1,4017.8,268,1,4017.7,1,1,4017.5,50,1,4017.0,55,2,4016.9,24,2,4017.9,25,1,4018.1,12,1,4018.5,5,1,4018.6,18,1,4018.9,47,2
11483,2026-07-02 13:48:26+05:30,4017.9,5,4036.27,1540192,143868.0,179118.0,4100.0,4110.0,4012.0,4092.6,25375875,4501.8,3683.4,4440.0,3288.1,4017.8,268,1,4017.7,1,1,4017.5,50,1,4017.0,55,2,4016.9,24,2,4017.9,25,1,4018.1,12,1,4018.5,5,1,4018.6,18,1,4018.9,47,2
11483,2026-07-02 13:48:26+05:30,4017.9,50,4036.27,1540263,143914.0,179244.0,4100.0,4110.0,4012.0,4092.6,25375875,4501.8,3683.4,4440.0,3288.1,4017.8,259,1,4017.7,1,1,4017.5,50,1,4017.0,55,2,4016.9,22,1,4017.9,11,1,4018.1,12,1,4018.9,47,2,4019.0,5,1,4019.1,31,2
11483,2026-07-02 13:48:27+05:30,4017.8,9,4036.27,1540263,143914.0,179244.0,4100.0,4110.0,4012.0,4092.6,25375875,4501.8,3683.4,4440.0,3288.1,4017.8,259,1,4017.7,1,1,4017.5,50,1,4017.0,55,2,4016.9,22,1,4017.9,11,1,4018.1,12,1,4018.9,47,2,4019.0,5,1,4019.1,31,2
11483,2026-07-02 13:48:27+05:30,4018.1,14,4036.27,1540297,143819.0,179331.0,4100.0,4110.0,4012.0,4092.6,25375875,4501.8,3683.4,4440.0,3288.1,4017.8,251,2,4017.7,1,1,4017.5,50,1,4017.0,55,2,4016.9,22,1,4018.1,12,1,4018.9,47,2,4019.1,31,2,4019.2,5,1,4019.3,55,4
11483,2026-07-02 13:48:28+05:30,4017.8,4,4036.27,1540297,143819.0,179331.0,4100.0,4110.0,4012.0,4092.6,25375875,4501.8,3683.4,4440.0,3288.1,4017.8,251,2,4017.7,1,1,4017.5,50,1,4017.0,55,2,4016.9,22,1,4018.1,12,1,4018.9,47,2,4019.1,31,2,4019.2,5,1,4019.3,55,4
11483,2026-07-02 13:48:28+05:30,4017.8,4,4036.27,1540301,144135.0,179158.0,4100.0,4110.0,4012.0,4092.6,25375875,4501.8,3683.4,4440.0,3288.1,4018.6,1,1,4017.8,269,3,4017.7,1,1,4017.5,50,1,4017.4,12,1,4019.0,8,1,4019.1,47,4,4019.2,12,1,4019.3,53,3,4019.4,36,2
11483,2026-07-02 13:48:29+05:30,4018.6,1,4036.27,1540302,144190.0,179230.0,4100.0,4110.0,4012.0,4092.6,25375875,4501.8,3683.4,4440.0,3288.1,4018.6,1,1,4017.9,6,2,4017.8,247,2,4017.7,1,1,4017.5,50,1,4019.0,29,4,4019.1,11,2,4019.2,12,1,4019.3,61,4,4019.4,36,2
11483,2026-07-02 13:48:30+05:30,4018.6,1,4036.27,1540302,144190.0,179230.0,4100.0,4110.0,4012.0,4092.6,25375875,4501.8,3683.4,4440.0,3288.1,4018.6,1,1,4017.9,6,2,4017.8,247,2,4017.7,1,1,4017.5,50,1,4019.0,29,4,4019.1,11,2,4019.2,12,1,4019.3,61,4,4019.4,36,2
11483,2026-07-02 13:48:30+05:30,4017.9,38,4036.23,1543777,144526.0,178067.0,4100.0,4110.0,4012.0,4092.6,25375875,4501.8,3683.4,4440.0,3288.1,4018.4,38,3,4018.3,88,2,4018.2,96,4,4018.1,50,1,4018.0,66,3,4020.0,33,3,4020.1,14,1,4020.2,200,3,4020.3,48,2,4020.4,11,1
11483,2026-07-02 13:48:31+05:30,4018.0,10,4036.23,1543777,144526.0,178067.0,4100.0,4110.0,4012.0,4092.6,25375875,4501.8,3683.4,4440.0,3288.1,4018.4,38,3,4018.3,88,2,4018.2,96,4,4018.1,50,1,4018.0,66,3,4020.0,33,3,4020.1,14,1,4020.2,200,3,4020.3,48,2,4020.4,11,1
11483,2026-07-02 13:48:31+05:30,4018.0,1,4036.23,1544055,144547.0,177993.0,4100.0,4110.0,4012.0,4092.6,25375875,4501.8,3683.4,4440.0,3288.1,4018.0,25,5,4017.9,11,2,4017.8,255,3,4017.7,1,1,4017.6,13,1,4018.4,35,2,4019.6,2,1,4019.7,46,2,4019.9,44,1,4020.0,69,4
11483,2026-07-02 13:48:32+05:30,4018.0,6,4036.23,1544055,144547.0,177993.0,4100.0,4110.0,4012.0,4092.6,25375875,4501.8,3683.4,4440.0,3288.1,4018.0,25,5,4017.9,11,2,4017.8,255,3,4017.7,1,1,4017.6,13,1,4018.4,35,2,4019.6,2,1,4019.7,46,2,4019.9,44,1,4020.0,69,4
11483,2026-07-02 13:48:32+05:30,4018.0,6,4036.23,1544080,144413.0,178775.0,4100.0,4110.0,4012.0,4092.6,25375875,4501.8,3683.4,4440.0,3288.1,4017.9,32,4,4017.8,258,4,4017.7,24,3,4017.6,39,3,4017.5,112,5,4018.0,4,1,4018.4,35,2,4019.6,2,1,4019.7,46,2,4019.9,44,1
11483,2026-07-02 13:48:33+05:30,4018.0,4,4036.23,1544080,144413.0,178775.0,4100.0,4110.0,4012.0,4092.6,25375875,4501.8,3683.4,4440.0,3288.1,4017.9,32,4,4017.8,258,4,4017.7,24,3,4017.6,39,3,4017.5,112,5,4018.0,4,1,4018.4,35,2,4019.6,2,1,4019.7,46,2,4019.9,44,1
11483,2026-07-02 13:48:33+05:30,4018.4,1,4036.23,1544126,144884.0,178733.0,4100.0,4110.0,4012.0,4092.6,25375875,4501.8,3683.4,4440.0,3288.1,4018.2,49,5,4018.1,45,4,4018.0,86,6,4017.9,61,6,4017.8,261,5,4018.4,42,1,4019.4,12,1,4019.7,12,1,4019.9,2,1,4020.0,54,3
11483,2026-07-02 13:48:34+05:30,4018.4,55,4036.23,1544126,144884.0,178733.0,4100.0,4110.0,4012.0,4092.6,25375875,4501.8,3683.4,4440.0,3288.1,4018.2,49,5,4018.1,45,4,4018.0,86,6,4017.9,61,6,4017.8,261,5,4018.4,42,1,4019.4,12,1,4019.7,12,1,4019.9,2,1,4020.0,54,3
11483,2026-07-02 13:48:34+05:30,4018.4,37,4036.22,1544713,144843.0,178252.0,4100.0,4110.0,4012.0,4092.6,25375875,4501.8,3683.4,4440.0,3288.1,4018.3,111,3,4018.2,66,5,4018.1,55,4,4018.0,46,6,4017.9,98,8,4019.7,19,1,4019.8,24,1,4019.9,4,1,4020.0,22,3,4020.1,2,1
11483,2026-07-02 13:48:35+05:30,4018.3,32,4036.22,1544713,144843.0,178252.0,4100.0,4110.0,4012.0,4092.6,25375875,4501.8,3683.4,4440.0,3288.1,4018.3,111,3,4018.2,66,5,4018.1,55,4,4018.0,46,6,4017.9,98,8,4019.7,19,1,4019.8,24,1,4019.9,4,1,4020.0,22,3,4020.1,2,1
11483,2026-07-02 13:48:35+05:30,4018.3,32,4036.22,1544783,144766.0,178391.0,4100.0,4110.0,4012.0,4092.6,25375875,4501.8,3683.4,4440.0,3288.1,4018.3,28,1,4018.2,66,4,4018.1,29,3,4018.0,42,6,4017.9,92,7,4019.7,19,1,4019.8,24,1,4019.9,4,1,4020.0,35,5,4020.1,2,1
11483,2026-07-02 13:48:36+05:30,4018.3,9,4036.22,1544783,144766.0,178391.0,4100.0,4110.0,4012.0,4092.6,25375875,4501.8,3683.4,4440.0,3288.1,4018.3,28,1,4018.2,66,4,4018.1,29,3,4018.0,42,6,4017.9,92,7,4019.7,19,1,4019.8,24,1,4019.9,4,1,4020.0,35,5,4020.1,2,1
11483,2026-07-02 13:48:36+05:30,4018.3,9,4036.22,1544792,144787.0,178428.0,4100.0,4110.0,4012.0,4092.6,25375875,4501.8,3683.4,4440.0,3288.1,4018.3,19,1,4018.2,66,4,4018.1,29,3,4018.0,42,6,4017.9,122,8,4019.7,4,1,4019.8,34,2,4019.9,4,1,4020.0,35,5,4020.1,2,1
11483,2026-07-02 13:48:37+05:30,4018.3,1,4036.22,1544792,144787.0,178428.0,4100.0,4110.0,4012.0,4092.6,25375875,4501.8,3683.4,4440.0,3288.1,4018.3,19,1,4018.2,66,4,4018.1,29,3,4018.0,42,6,4017.9,122,8,4019.7,4,1,4019.8,34,2,4019.9,4,1,4020.0,35,5,4020.1,2,1
11483,2026-07-02 13:48:37+05:30,4018.3,1,4036.22,1544793,144813.0,178270.0,4100.0,4110.0,4012.0,4092.6,25375875,4501.8,3683.4,4440.0,3288.1,4018.3,20,2,4018.2,66,4,4018.1,25,2,4018.0,42,6,4017.9,122,8,4019.7,19,1,4019.8,34,2,4019.9,4,1,4020.0,35,5,4020.1,2,1
11483,2026-07-02 13:48:38+05:30,4018.3,1,4036.22,1544793,144734.0,178398.0,4100.0,4110.0,4012.0,4092.6,25375875,4501.8,3683.4,4440.0,3288.1,4018.3,20,2,4018.2,28,3,4018.1,30,2,4018.0,42,6,4017.9,52,3,4019.6,10,1,4019.7,31,3,4019.8,34,2,4019.9,60,3,4020.0,35,5
11483,2026-07-02 13:48:39+05:30,4019.6,1,4036.22,1544793,144734.0,178398.0,4100.0,4110.0,4012.0,4092.6,25375875,4501.8,3683.4,4440.0,3288.1,4018.3,20,2,4018.2,28,3,4018.1,30,2,4018.0,42,6,4017.9,52,3,4019.6,10,1,4019.7,31,3,4019.8,34,2,4019.9,60,3,4020.0,35,5
11483,2026-07-02 13:48:39+05:30,4019.6,1,4036.22,1544795,144849.0,178181.0,4100.0,4110.0,4012.0,4092.6,25375875,4501.8,3683.4,4440.0,3288.1,4019.0,1,1,4018.4,27,2,4018.3,24,3,4018.2,8,1,4018.1,26,2,4019.7,2,1,4019.9,18,1,4020.0,20,3,4020.2,175,1,4020.3,91,6
11483,2026-07-02 13:48:40+05:30,4019.0,1,4036.22,1544795,144849.0,178181.0,4100.0,4110.0,4012.0,4092.6,25375875,4501.8,3683.4,4440.0,3288.1,4019.0,1,1,4018.4,27,2,4018.3,24,3,4018.2,8,1,4018.1,26,2,4019.7,2,1,4019.9,18,1,4020.0,20,3,4020.2,175,1,4020.3,91,6
11483,2026-07-02 13:48:40+05:30,4019.0,1,4036.22,1544796,145759.0,178588.0,4100.0,4110.0,4012.0,4092.6,25375875,4501.8,3683.4,4440.0,3288.1,4018.3,2,1,4018.0,57,2,4017.9,1040,4,4017.8,285,6,4017.7,70,5,4019.5,700,2,4019.6,1,1,4019.7,2,1,4019.8,5,1,4019.9,52,2
11483,2026-07-02 13:48:41+05:30,4020.0,25,4036.22,1544796,145759.0,178588.0,4100.0,4110.0,4012.0,4092.6,25375875,4501.8,3683.4,4440.0,3288.1,4018.3,2,1,4018.0,57,2,4017.9,1040,4,4017.8,285,6,4017.7,70,5,4019.5,700,2,4019.6,1,1,4019.7,2,1,4019.8,5,1,4019.9,52,2
11483,2026-07-02 13:48:41+05:30,4020.0,100,4036.22,1545023,146684.0,177643.0,4100.0,4110.0,4012.0,4092.6,25375875,4501.8,3683.4,4440.0,3288.1,4020.0,100,1,4018.5,32,1,4018.4,95,5,4018.3,51,4,4018.1,20,1,4020.2,175,1,4020.3,21,1,4020.4,2,1,4020.5,8,1,4020.6,18,1
11483,2026-07-02 13:48:42+05:30,4019.0,10,4036.22,1545023,146684.0,177643.0,4100.0,4110.0,4012.0,4092.6,25375875,4501.8,3683.4,4440.0,3288.1,4020.0,100,1,4018.5,32,1,4018.4,95,5,4018.3,51,4,4018.1,20,1,4020.2,175,1,4020.3,21,1,4020.4,2,1,4020.5,8,1,4020.6,18,1
11483,2026-07-02 13:48:42+05:30,4019.0,10,4036.21,1545831,147350.0,176395.0,4100.0,4110.0,4012.0,4092.6,25375875,4501.8,3683.4,4440.0,3288.1,4019.0,85,6,4018.9,39,3,4018.8,39,5,4018.7,89,5,4018.6,36,4,4020.2,150,1,4020.7,15,1,4020.9,28,4,4021.1,61,2,4021.2,43,2
11483,2026-07-02 13:48:43+05:30,4020.2,1,4036.21,1545831,147350.0,176395.0,4100.0,4110.0,4012.0,4092.6,25375875,4501.8,3683.4,4440.0,3288.1,4019.0,85,6,4018.9,39,3,4018.8,39,5,4018.7,89,5,4018.6,36,4,4020.2,150,1,4020.7,15,1,4020.9,28,4,4021.1,61,2,4021.2,43,2
11483,2026-07-02 13:48:43+05:30,4020.2,1,4036.21,1545929,147432.0,176473.0,4100.0,4110.0,4012.0,4092.6,25375875,4501.8,3683.4,4440.0,3288.1,4018.9,40,6,4018.8,40,3,4018.7,134,8,4018.6,46,4,4018.5,21,2,4020.2,176,2,4020.7,15,1,4020.9,23,3,4021.0,29,1,4021.1,61,2
11483,2026-07-02 13:48:44+05:30,4018.9,1,4036.21,1545929,147432.0,176473.0,4100.0,4110.0,4012.0,4092.6,25375875,4501.8,3683.4,4440.0,3288.1,4018.9,40,6,4018.8,40,3,4018.7,134,8,4018.6,46,4,4018.5,21,2,4020.2,176,2,4020.7,15,1,4020.9,23,3,4021.0,29,1,4021.1,61,2
11483,2026-07-02 13:48:44+05:30,4018.9,1,4036.21,1545941,147451.0,176471.0,4100.0,4110.0,4012.0,4092.6,25375875,4501.8,3683.4,4440.0,3288.1,4018.9,37,5,4018.8,40,3,4018.7,131,7,4018.6,46,4,4018.5,21,2,4020.2,176,2,4020.7,15,1,4020.9,23,3,4021.1,61,2,4021.2,43,2
11483,2026-07-02 13:48:45+05:30,4020.2,1,4036.21,1545941,147451.0,176471.0,4100.0,4110.0,4012.0,4092.6,25375875,4501.8,3683.4,4440.0,3288.1,4018.9,37,5,4018.8,40,3,4018.7,131,7,4018.6,46,4,4018.5,21,2,4020.2,176,2,4020.7,15,1,4020.9,23,3,4021.1,61,2,4021.2,43,2
11483,2026-07-02 13:48:45+05:30,4018.7,9,4036.21,1546092,147307.0,176987.0,4100.0,4110.0,4012.0,4092.6,25375875,4501.8,3683.4,4440.0,3288.1,4019.2,2,2,4018.6,11,1,4018.4,10,2,4018.3,31,2,4018.2,42,2,4019.9,12,1,4020.0,32,2,4020.1,10,1,4020.2,37,2,4020.5,6,1
11483,2026-07-02 13:48:46+05:30,4019.1,8,4036.21,1546092,147307.0,176987.0,4100.0,4110.0,4012.0,4092.6,25375875,4501.8,3683.4,4440.0,3288.1,4019.2,2,2,4018.6,11,1,4018.4,10,2,4018.3,31,2,4018.2,42,2,4019.9,12,1,4020.0,32,2,4020.1,10,1,4020.2,37,2,4020.5,6,1
11483,2026-07-02 13:48:46+05:30,4019.1,1,4036.21,1546108,147023.0,177574.0,4100.0,4110.0,4012.0,4092.6,25375875,4501.8,3683.4,4440.0,3288.1,4018.1,2,1,4018.0,22,3,4017.9,1071,4,4017.8,250,4,4017.7,14,3,4019.1,11,1,4019.2,1,1,4019.6,6,1,4019.7,5,1,4019.9,12,1
11483,2026-07-02 13:48:47+05:30,4018.1,1,4036.21,1546108,147023.0,177574.0,4100.0,4110.0,4012.0,4092.6,25375875,4501.8,3683.4,4440.0,3288.1,4018.1,2,1,4018.0,22,3,4017.9,1071,4,4017.8,250,4,4017.7,14,3,4019.1,11,1,4019.2,1,1,4019.6,6,1,4019.7,5,1,4019.9,12,1
11483,2026-07-02 13:48:47+05:30,4018.1,1,4036.21,1546111,146940.0,177594.0,4100.0,4110.0,4012.0,4092.6,25375875,4501.8,3683.4,4440.0,3288.1,4019.0,1,1,4018.0,60,4,4017.9,1071,4,4017.8,253,5,4017.7,24,3,4019.1,11,1,4019.2,1,1,4019.7,5,1,4019.9,12,1,4020.0,12,1
11483,2026-07-02 13:48:48+05:30,4019.0,12,4036.21,1546123,147059.0,177630.0,4100.0,4110.0,4012.0,4092.6,25375875,4501.8,3683.4,4440.0,3288.1,4018.0,34,4,4017.9,1064,3,4017.8,252,4,4017.7,1,1,4017.6,57,4,4019.0,19,1,4019.1,2,1,4019.2,1,1,4019.7,5,1,4019.9,12,1
11483,2026-07-02 13:48:49+05:30,4019.0,1,4036.21,1546123,147059.0,177630.0,4100.0,4110.0,4012.0,4092.6,25375875,4501.8,3683.4,4440.0,3288.1,4018.0,34,4,4017.9,1064,3,4017.8,252,4,4017.7,1,1,4017.6,57,4,4019.0,19,1,4019.1,2,1,4019.2,1,1,4019.7,5,1,4019.9,12,1
11483,2026-07-02 13:48:49+05:30,4019.0,1,4036.21,1546126,151616.0,177772.0,4100.0,4110.0,4012.0,4092.6,25375875,4501.8,3683.4,4440.0,3288.1,4018.0,32,3,4017.9,1064,3,4017.8,272,5,4017.7,1,1,4017.6,87,5,4019.0,18,1,4019.1,2,1,4019.2,1,1,4019.7,5,1,4019.9,23,2
11483,2026-07-02 13:48:50+05:30,4019.0,1,4036.21,1546126,145845.0,178189.0,4100.0,4110.0,4012.0,4092.6,25375875,4501.8,3683.4,4440.0,3288.1,4017.9,1107,7,4017.8,267,4,4017.7,24,3,4017.6,102,4,4017.5,50,1,4019.0,20,2,4019.2,1,1,4019.4,38,1,4019.6,2,1,4019.7,5,1
11483,2026-07-02 13:48:51+05:30,4019.0,4,4036.21,1546130,146167.0,178021.0,4100.0,4110.0,4012.0,4092.6,25375875,4501.8,3683.4,4440.0,3288.1,4018.1,3,1,4018.0,39,3,4017.9,1095,6,4017.8,297,5,4017.7,21,2,4019.0,16,2,4019.2,1,1,4019.6,2,1,4019.9,13,2,4020.0,79,5
11483,2026-07-02 13:48:52+05:30,4018.1,1,4036.21,1546130,146167.0,178021.0,4100.0,4110.0,4012.0,4092.6,25375875,4501.8,3683.4,4440.0,3288.1,4018.1,3,1,4018.0,39,3,4017.9,1095,6,4017.8,297,5,4017.7,21,2,4019.0,16,2,4019.2,1,1,4019.6,2,1,4019.9,13,2,4020.0,79,5
11483,2026-07-02 13:48:52+05:30,4018.1,1,4036.21,1546132,146172.0,178066.0,4100.0,4110.0,4012.0,4092.6,25375875,4501.8,3683.4,4440.0,3288.1,4018.1,1,1,4018.0,39,3,4017.9,1078,4,4017.8,267,4,4017.7,27,3,4019.0,16,2,4019.2,1,1,4019.7,12,1,4019.9,12,1,4020.0,78,4
11483,2026-07-02 13:48:53+05:30,4019.9,6,4036.21,1546132,146172.0,178066.0,4100.0,4110.0,4012.0,4092.6,25375875,4501.8,3683.4,4440.0,3288.1,4018.1,1,1,4018.0,39,3,4017.9,1078,4,4017.8,267,4,4017.7,27,3,4019.0,16,2,4019.2,1,1,4019.7,12,1,4019.9,12,1,4020.0,78,4
11483,2026-07-02 13:48:53+05:30,4019.9,6,4036.21,1546276,145948.0,178018.0,4100.0,4110.0,4012.0,4092.6,25375875,4501.8,3683.4,4440.0,3288.1,4017.9,1064,3,4017.8,251,4,4017.7,1,1,4017.6,55,3,4017.5,60,2,4019.1,19,1,4019.5,56,2,4019.6,40,2,4019.7,31,2,4019.8,48,2
11483,2026-07-02 13:48:54+05:30,4019.1,2,4036.21,1546276,145948.0,178018.0,4100.0,4110.0,4012.0,4092.6,25375875,4501.8,3683.4,4440.0,3288.1,4017.9,1064,3,4017.8,251,4,4017.7,1,1,4017.6,55,3,4017.5,60,2,4019.1,19,1,4019.5,56,2,4019.6,40,2,4019.7,31,2,4019.8,48,2
11483,2026-07-02 13:48:54+05:30,4019.1,2,4036.21,1546296,146029.0,178093.0,4100.0,4110.0,4012.0,4092.6,25375875,4501.8,3683.4,4440.0,3288.1,4018.2,3,1,4018.1,12,1,4017.9,1046,3,4017.8,249,3,4017.7,3,2,4019.0,37,1,4019.5,77,3,4019.6,40,2,4019.7,31,2,4019.8,21,1
11483,2026-07-02 13:48:55+05:30,4018.9,1,4036.21,1546296,146029.0,178093.0,4100.0,4110.0,4012.0,4092.6,25375875,4501.8,3683.4,4440.0,3288.1,4018.2,3,1,4018.1,12,1,4017.9,1046,3,4017.8,249,3,4017.7,3,2,4019.0,37,1,4019.5,77,3,4019.6,40,2,4019.7,31,2,4019.8,21,1
11483,2026-07-02 13:48:55+05:30,4018.9,1,4036.21,1546300,146036.0,178142.0,4100.0,4110.0,4012.0,4092.6,25375875,4501.8,3683.4,4440.0,3288.1,4018.3,9,1,4018.2,1,1,4018.1,12,1,4018.0,50,1,4017.9,1048,4,4018.9,55,1,4019.5,56,2,4019.6,40,2,4019.7,21,1,4019.8,21,1
11483,2026-07-02 13:48:56+05:30,4018.3,15,4036.21,1546300,146036.0,178142.0,4100.0,4110.0,4012.0,4092.6,25375875,4501.8,3683.4,4440.0,3288.1,4018.3,9,1,4018.2,1,1,4018.1,12,1,4018.0,50,1,4017.9,1048,4,4018.9,55,1,4019.5,56,2,4019.6,40,2,4019.7,21,1,4019.8,21,1
11483,2026-07-02 13:48:56+05:30,4018.3,15,4036.2,1546315,146046.0,178243.0,4100.0,4110.0,4012.0,4092.6,25375875,4501.8,3683.4,4440.0,3288.1,4018.3,9,1,4018.2,1,1,4018.1,12,1,4018.0,60,2,4017.9,1046,3,4018.8,59,1,4019.5,56,2,4019.6,40,2,4019.7,21,1,4019.8,55,2
11483,2026-07-02 13:48:57+05:30,4018.8,1,4036.2,1546315,146046.0,178243.0,4100.0,4110.0,4012.0,4092.6,25375875,4501.8,3683.4,4440.0,3288.1,4018.3,9,1,4018.2,1,1,4018.1,12,1,4018.0,60,2,4017.9,1046,3,4018.8,59,1,4019.5,56,2,4019.6,40,2,4019.7,21,1,4019.8,55,2
11483,2026-07-02 13:48:57+05:30,4018.3,20,4036.2,1546338,145391.0,177797.0,4100.0,4110.0,4012.0,4092.6,25375875,4501.8,3683.4,4440.0,3288.1,4018.3,9,1,4018.2,1,1,4018.1,12,1,4018.0,101,4,4017.9,1012,2,4018.6,59,1,4018.8,2,1,4019.5,18,1,4019.6,40,2,4019.7,34,2
11483,2026-07-02 13:48:58+05:30,4017.9,96,4036.2,1546338,145391.0,177797.0,4100.0,4110.0,4012.0,4092.6,25375875,4501.8,3683.4,4440.0,3288.1,4018.3,9,1,4018.2,1,1,4018.1,12,1,4018.0,101,4,4017.9,1012,2,4018.6,59,1,4018.8,2,1,4019.5,18,1,4019.6,40,2,4019.7,34,2
11483,2026-07-02 13:48:58+05:30,4017.9,96,4036.2,1546605,145036.0,178907.0,4100.0,4110.0,4012.0,4092.6,25375875,4501.8,3683.4,4440.0,3288.1,4017.9,904,1,4017.8,249,3,4017.7,1,1,4017.6,3,1,4017.2,2,1,4018.2,1,1,4018.3,59,1,4018.8,2,1,4019.0,45,2,4019.1,21,1
11483,2026-07-02 13:48:59+05:30,4018.3,6,4036.2,1546605,145036.0,178907.0,4100.0,4110.0,4012.0,4092.6,25375875,4501.8,3683.4,4440.0,3288.1,4017.9,904,1,4017.8,249,3,4017.7,1,1,4017.6,3,1,4017.2,2,1,4018.2,1,1,4018.3,59,1,4018.8,2,1,4019.0,45,2,4019.1,21,1
11483,2026-07-02 13:48:59+05:30,4018.3,6,4036.2,1546644,145167.0,178727.0,4100.0,4110.0,4012.0,4092.6,25375875,4501.8,3683.4,4440.0,3288.1,4018.1,1,1,4017.9,872,1,4017.8,249,3,4017.7,1,1,4017.6,3,1,4018.2,59,1,4018.8,2,1,4019.0,45,2,4019.1,21,1,4019.2,2,1
11483,2026-07-02 13:49:00+05:30,4018.1,1,4036.2,1546644,145167.0,178727.0,4100.0,4110.0,4012.0,4092.6,25375875,4501.8,3683.4,4440.0,3288.1,4018.1,1,1,4017.9,872,1,4017.8,249,3,4017.7,1,1,4017.6,3,1,4018.2,59,1,4018.8,2,1,4019.0,45,2,4019.1,21,1,4019.2,2,1
11483,2026-07-02 13:49:00+05:30,4018.1,2,4036.2,1546649,144968.0,178350.0,4100.0,4110.0,4012.0,4092.6,25375875,4501.8,3683.4,4440.0,3288.1,4017.9,872,1,4017.8,249,3,4017.7,1,1,4017.6,3,1,4017.2,38,3,4018.2,61,2,4019.0,45,2,4019.2,2,1,4019.3,79,3,4019.4,72,4
11483,2026-07-02 13:49:01+05:30,4018.0,36,4036.2,1546649,144968.0,178350.0,4100.0,4110.0,4012.0,4092.6,25375875,4501.8,3683.4,4440.0,3288.1,4017.9,872,1,4017.8,249,3,4017.7,1,1,4017.6,3,1,4017.2,38,3,4018.2,61,2,4019.0,45,2,4019.2,2,1,4019.3,79,3,4019.4,72,4
11483,2026-07-02 13:49:01+05:30,4018.0,6,4036.2,1546785,145019.0,178332.0,4100.0,4110.0,4012.0,4092.6,25375875,4501.8,3683.4,4440.0,3288.1,4017.9,914,2,4017.8,249,3,4017.7,43,2,4017.6,3,1,4017.5,42,1,4018.0,13,1,4018.1,20,1,4018.2,2,1,4019.0,45,2,4019.2,2,1
11483,2026-07-02 13:49:02+05:30,4018.5,2,4036.2,1546785,145019.0,178332.0,4100.0,4110.0,4012.0,4092.6,25375875,4501.8,3683.4,4440.0,3288.1,4017.9,914,2,4017.8,249,3,4017.7,43,2,4017.6,3,1,4017.5,42,1,4018.0,13,1,4018.1,20,1,4018.2,2,1,4019.0,45,2,4019.2,2,1
11483,2026-07-02 13:49:02+05:30,4018.8,12,4036.2,1546886,145282.0,177724.0,4100.0,4110.0,4012.0,4092.6,25375875,4501.8,3683.4,4440.0,3288.1,4018.6,42,1,4018.5,42,1,4018.3,42,1,4018.1,42,1,4017.9,855,1,4018.8,8,1,4018.9,14,2,4019.0,40,3,4019.2,23,2,4019.4,1,1
11483,2026-07-02 13:49:03+05:30,4018.6,12,4036.2,1546886,145282.0,177724.0,4100.0,4110.0,4012.0,4092.6,25375875,4501.8,3683.4,4440.0,3288.1,4018.6,42,1,4018.5,42,1,4018.3,42,1,4018.1,42,1,4017.9,855,1,4018.8,8,1,4018.9,14,2,4019.0,40,3,4019.2,23,2,4019.4,1,1
11483,2026-07-02 13:49:03+05:30,4018.7,25,4036.2,1546923,145246.0,177705.0,4100.0,4110.0,4012.0,4092.6,25375875,4501.8,3683.4,4440.0,3288.1,4018.6,30,1,4018.5,42,1,4018.3,42,1,4018.1,42,1,4017.9,855,1,4018.7,2,1,4019.0,40,3,4019.2,2,1,4019.4,1,1,4019.5,19,2
11483,2026-07-02 13:49:04+05:30,4019.0,7,4036.2,1546923,145246.0,177705.0,4100.0,4110.0,4012.0,4092.6,25375875,4501.8,3683.4,4440.0,3288.1,4018.6,30,1,4018.5,42,1,4018.3,42,1,4018.1,42,1,4017.9,855,1,4018.7,2,1,4019.0,40,3,4019.2,2,1,4019.4,1,1,4019.5,19,2
11483,2026-07-02 13:49:04+05:30,4019.0,7,4036.2,1546936,145647.0,177511.0,4100.0,4110.0,4012.0,4092.6,25375875,4501.8,3683.4,4440.0,3288.1,4018.9,77,1,4018.7,42,1,4018.6,26,1,4018.5,42,1,4018.3,42,1,4019.0,1,1,4019.4,17,1,4019.5,18,1,4019.6,40,2,4019.9,14,3
11483,2026-07-02 13:49:05+05:30,4019.4,1,4036.2,1546936,145647.0,177511.0,4100.0,4110.0,4012.0,4092.6,25375875,4501.8,3683.4,4440.0,3288.1,4018.9,77,1,4018.7,42,1,4018.6,26,1,4018.5,42,1,4018.3,42,1,4019.0,1,1,4019.4,17,1,4019.5,18,1,4019.6,40,2,4019.9,14,3
11483,2026-07-02 13:49:05+05:30,4019.4,1,4036.2,1547004,145615.0,177374.0,4100.0,4110.0,4012.0,4092.6,25375875,4501.8,3683.4,4440.0,3288.1,4019.1,42,1,4018.9,42,1,4018.7,42,1,4018.6,26,1,4018.0,34,4,4019.6,21,1,4019.9,56,3,4020.0,73,4,4020.2,11,4,4020.3,121,5
11483,2026-07-02 13:49:06+05:30,4019.3,23,4036.2,1547046,145701.0,177288.0,4100.0,4110.0,4012.0,4092.6,25375875,4501.8,3683.4,4440.0,3288.1,4019.1,30,1,4018.9,42,1,4018.7,42,1,4018.6,26,1,4018.1,29,1,4019.3,29,1,4019.7,21,1,4019.9,56,3,4020.0,85,5,4020.2,11,4
11483,2026-07-02 13:49:06+05:30,4019.1,5,4036.2,1547046,145701.0,177288.0,4100.0,4110.0,4012.0,4092.6,25375875,4501.8,3683.4,4440.0,3288.1,4019.1,30,1,4018.9,42,1,4018.7,42,1,4018.6,26,1,4018.1,29,1,4019.3,29,1,4019.7,21,1,4019.9,56,3,4020.0,85,5,4020.2,11,4
11483,2026-07-02 13:49:07+05:30,4019.3,2,4036.2,1547082,145973.0,177498.0,4100.0,4110.0,4012.0,4092.6,25375875,4501.8,3683.4,4440.0,3288.1,4019.3,47,1,4019.1,25,1,4018.9,42,1,4018.7,42,1,4018.6,26,1,4019.7,30,2,4019.8,10,1,4019.9,42,3,4020.0,57,4,4020.2,11,4
11483,2026-07-02 13:49:07+05:30,4019.3,4,4036.2,1547082,145973.0,177498.0,4100.0,4110.0,4012.0,4092.6,25375875,4501.8,3683.4,4440.0,3288.1,4019.3,47,1,4019.1,25,1,4018.9,42,1,4018.7,42,1,4018.6,26,1,4019.7,30,2,4019.8,10,1,4019.9,42,3,4020.0,57,4,4020.2,11,4
11483,2026-07-02 13:49:08+05:30,4019.3,4,4036.2,1547086,146398.0,177528.0,4100.0,4110.0,4012.0,4092.6,25375875,4501.8,3683.4,4440.0,3288.1,4019.2,42,1,4019.1,25,1,4019.0,42,1,4018.6,26,1,4018.1,2,1,4019.7,20,1,4019.9,42,3,4020.0,57,4,4020.2,11,4,4020.3,96,4
11483,2026-07-02 13:49:08+05:30,4019.7,1,4036.2,1547086,146398.0,177528.0,4100.0,4110.0,4012.0,4092.6,25375875,4501.8,3683.4,4440.0,3288.1,4019.2,42,1,4019.1,25,1,4019.0,42,1,4018.6,26,1,4018.1,2,1,4019.7,20,1,4019.9,42,3,4020.0,57,4,4020.2,11,4,4020.3,96,4
11483,2026-07-02 13:49:09+05:30,4019.2,40,4036.2,1547172,146514.0,177217.0,4100.0,4110.0,4012.0,4092.6,25375875,4501.8,3683.4,4440.0,3288.1,4019.2,1,1,4019.1,25,1,4018.9,42,1,4018.6,26,1,4018.1,31,1,4019.4,18,1,4019.6,26,2,4019.9,67,4,4020.0,57,4,4020.2,11,4
11483,2026-07-02 13:49:09+05:30,4019.1,5,4036.2,1547172,146514.0,177217.0,4100.0,4110.0,4012.0,4092.6,25375875,4501.8,3683.4,4440.0,3288.1,4019.2,1,1,4019.1,25,1,4018.9,42,1,4018.6,26,1,4018.1,31,1,4019.4,18,1,4019.6,26,2,4019.9,67,4,4020.0,57,4,4020.2,11,4
11483,2026-07-02 13:49:10+05:30,4019.1,15,4036.19,1547213,145998.0,177098.0,4100.0,4110.0,4012.0,4092.6,25375875,4501.8,3683.4,4440.0,3288.1,4018.6,26,1,4018.5,42,1,4018.1,2,1,4018.0,201,2,4017.9,901,3,4019.1,5,1,4019.2,1,1,4019.3,5,1,4019.6,26,2,4019.9,43,4
11483,2026-07-02 13:49:10+05:30,4018.6,11,4036.19,1547213,145998.0,177098.0,4100.0,4110.0,4012.0,4092.6,25375875,4501.8,3683.4,4440.0,3288.1,4018.6,26,1,4018.5,42,1,4018.1,2,1,4018.0,201,2,4017.9,901,3,4019.1,5,1,4019.2,1,1,4019.3,5,1,4019.6,26,2,4019.9,43,4
11483,2026-07-02 13:49:11+05:30,4018.9,5,4036.19,1547267,146063.0,177442.0,4100.0,4110.0,4012.0,4092.6,25375875,4501.8,3683.4,4440.0,3288.1,4018.8,33,2,4018.6,52,2,4018.4,42,1,4018.2,42,1,4018.1,2,1,4018.9,39,2,4019.2,21,2,4019.3,5,1,4019.5,6,1,4019.6,5,1
11483,2026-07-02 13:49:11+05:30,4018.6,5,4036.19,1547267,146063.0,177442.0,4100.0,4110.0,4012.0,4092.6,25375875,4501.8,3683.4,4440.0,3288.1,4018.8,33,2,4018.6,52,2,4018.4,42,1,4018.2,42,1,4018.1,2,1,4018.9,39,2,4019.2,21,2,4019.3,5,1,4019.5,6,1,4019.6,5,1
11483,2026-07-02 13:49:12+05:30,4018.9,3,4036.19,1547308,146102.0,177384.0,4100.0,4110.0,4012.0,4092.6,25375875,4501.8,3683.4,4440.0,3288.1,4018.8,76,1,4018.6,47,2,4018.4,42,1,4018.2,42,1,4018.0,217,3,4018.9,16,1,4019.2,21,2,4019.7,20,1,4019.8,12,1,4019.9,42,3
11483,2026-07-02 13:49:12+05:30,4018.8,36,4036.19,1547308,146102.0,177384.0,4100.0,4110.0,4012.0,4092.6,25375875,4501.8,3683.4,4440.0,3288.1,4018.8,76,1,4018.6,47,2,4018.4,42,1,4018.2,42,1,4018.0,217,3,4018.9,16,1,4019.2,21,2,4019.7,20,1,4019.8,12,1,4019.9,42,3
11483,2026-07-02 13:49:13+05:30,4019.2,1,4036.19,1547350,146101.0,177524.0,4100.0,4110.0,4012.0,4092.6,25375875,4501.8,3683.4,4440.0,3288.1,4018.9,42,1,4018.7,42,1,4018.6,5,1,4018.5,42,1,4018.3,15,1,4019.1,20,1,4019.2,1,1,4019.4,20,1,4019.7,20,1,4019.9,42,3
11483,2026-07-02 13:49:13+05:30,4018.9,5,4036.19,1547350,146101.0,177524.0,4100.0,4110.0,4012.0,4092.6,25375875,4501.8,3683.4,4440.0,3288.1,4018.9,42,1,4018.7,42,1,4018.6,5,1,4018.5,42,1,4018.3,15,1,4019.1,20,1,4019.2,1,1,4019.4,20,1,4019.7,20,1,4019.9,42,3
11483,2026-07-02 13:49:14+05:30,4019.9,12,4036.19,1547449,146026.0,177323.0,4100.0,4110.0,4012.0,4092.6,25375875,4501.8,3683.4,4440.0,3288.1,4019.1,10,1,4018.9,37,1,4018.7,42,1,4018.6,5,1,4018.5,42,1,4019.6,19,1,4019.8,13,1,4019.9,23,3,4020.0,76,6,4020.1,27,1
11483,2026-07-02 13:49:14+05:30,4019.1,2,4036.19,1547449,146026.0,177323.0,4100.0,4110.0,4012.0,4092.6,25375875,4501.8,3683.4,4440.0,3288.1,4019.1,10,1,4018.9,37,1,4018.7,42,1,4018.6,5,1,4018.5,42,1,4019.6,19,1,4019.8,13,1,4019.9,23,3,4020.0,76,6,4020.1,27,1
11483,2026-07-02 13:49:15+05:30,4019.1,2,4036.19,1547461,146520.0,177459.0,4100.0,4110.0,4012.0,4092.6,25375875,4501.8,3683.4,4440.0,3288.1,4019.0,42,1,4018.9,37,1,4018.8,42,1,4018.6,5,1,4018.3,15,1,4019.6,2,1,4019.9,15,1,4020.0,55,5,4020.1,27,1,4020.2,8,3
11483,2026-07-02 13:49:15+05:30,4019.0,2,4036.19,1547461,146520.0,177459.0,4100.0,4110.0,4012.0,4092.6,25375875,4501.8,3683.4,4440.0,3288.1,4019.0,42,1,4018.9,37,1,4018.8,42,1,4018.6,5,1,4018.3,15,1,4019.6,2,1,4019.9,15,1,4020.0,55,5,4020.1,27,1,4020.2,8,3
11483,2026-07-02 13:49:16+05:30,4019.4,16,4036.19,1547484,146578.0,177652.0,4100.0,4110.0,4012.0,4092.6,25375875,4501.8,3683.4,4440.0,3288.1,4019.3,77,1,4019.0,40,1,4018.9,37,1,4018.7,42,1,4018.6,5,1,4019.4,18,1,4019.6,2,1,4019.9,15,1,4020.0,67,6,4020.1,27,1
11483,2026-07-02 13:49:16+05:30,4019.6,2,4036.19,1547484,146578.0,177652.0,4100.0,4110.0,4012.0,4092.6,25375875,4501.8,3683.4,4440.0,3288.1,4019.3,77,1,4019.0,40,1,4018.9,37,1,4018.7,42,1,4018.6,5,1,4019.4,18,1,4019.6,2,1,4019.9,15,1,4020.0,67,6,4020.1,27,1
11483,2026-07-02 13:49:17+05:30,4019.6,2,4036.19,1547506,146493.0,177687.0,4100.0,4110.0,4012.0,4092.6,25375875,4501.8,3683.4,4440.0,3288.1,4019.0,82,2,4018.9,37,1,4018.6,5,1,4018.3,51,2,4018.1,20,2,4019.7,20,1,4019.8,19,1,4019.9,11,1,4020.0,68,7,4020.2,8,3
11483,2026-07-02 13:49:17+05:30,4019.0,3,4036.19,1547506,146493.0,177687.0,4100.0,4110.0,4012.0,4092.6,25375875,4501.8,3683.4,4440.0,3288.1,4019.0,82,2,4018.9,37,1,4018.6,5,1,4018.3,51,2,4018.1,20,2,4019.7,20,1,4019.8,19,1,4019.9,11,1,4020.0,68,7,4020.2,8,3
11483,2026-07-02 13:49:18+05:30,4019.0,3,4036.19,1547506,146493.0,177687.0,4100.0,4110.0,4012.0,4092.6,25375875,4501.8,3683.4,4440.0,3288.1,4019.0,82,2,4018.9,37,1,4018.6,5,1,4018.3,51,2,4018.1,20,2,4019.7,20,1,4019.8,19,1,4019.9,11,1,4020.0,68,7,4020.2,8,3
11483,2026-07-02 13:49:18+05:30,4019.0,3,4036.19,1547509,146606.0,177366.0,4100.0,4110.0,4012.0,4092.6,25375875,4501.8,3683.4,4440.0,3288.1,4019.4,72,1,4019.0,45,2,4018.9,37,1,4018.8,42,1,4018.6,5,1,4019.6,40,1,4019.8,30,1,4019.9,11,1,4020.0,68,7,4020.2,8,3
11483,2026-07-02 13:49:18+05:30,4019.4,19,4036.19,1547509,146606.0,177366.0,4100.0,4110.0,4012.0,4092.6,25375875,4501.8,3683.4,4440.0,3288.1,4019.4,72,1,4019.0,45,2,4018.9,37,1,4018.8,42,1,4018.6,5,1,4019.6,40,1,4019.8,30,1,4019.9,11,1,4020.0,68,7,4020.2,8,3
11483,2026-07-02 13:49:18+05:30,4019.4,19,4036.19,1547509,146606.0,177366.0,4100.0,4110.0,4012.0,4092.6,25375875,4501.8,3683.4,4440.0,3288.1,4019.4,72,1,4019.0,45,2,4018.9,37,1,4018.8,42,1,4018.6,5,1,4019.6,40,1,4019.8,30,1,4019.9,11,1,4020.0,68,7,4020.2,8,3
11483,2026-07-02 13:49:19+05:30,4019.4,19,4036.19,1547509,146606.0,177366.0,4100.0,4110.0,4012.0,4092.6,25375875,4501.8,3683.4,4440.0,3288.1,4019.4,72,1,4019.0,45,2,4018.9,37,1,4018.8,42,1,4018.6,5,1,4019.6,40,1,4019.8,30,1,4019.9,11,1,4020.0,68,7,4020.2,8,3
11483,2026-07-02 13:49:19+05:30,4018.9,25,4036.19,1547599,145875.0,177821.0,4100.0,4110.0,4012.0,4092.6,25375875,4501.8,3683.4,4440.0,3288.1,4018.9,54,2,4018.6,5,1,4018.3,15,1,4018.1,48,1,4018.0,226,4,4019.5,27,1,4019.6,390,2,4019.7,6,1,4019.8,8,2,4019.9,11,1
11483,2026-07-02 13:49:19+05:30,4018.9,11,4036.19,1547599,145875.0,177821.0,4100.0,4110.0,4012.0,4092.6,25375875,4501.8,3683.4,4440.0,3288.1,4018.9,54,2,4018.6,5,1,4018.3,15,1,4018.1,48,1,4018.0,226,4,4019.5,27,1,4019.6,390,2,4019.7,6,1,4019.8,8,2,4019.9,11,1
11483,2026-07-02 13:49:19+05:30,4018.9,11,4036.19,1547599,145875.0,177821.0,4100.0,4110.0,4012.0,4092.6,25375875,4501.8,3683.4,4440.0,3288.1,4018.9,54,2,4018.6,5,1,4018.3,15,1,4018.1,48,1,4018.0,226,4,4019.5,27,1,4019.6,390,2,4019.7,6,1,4019.8,8,2,4019.9,11,1
11483,2026-07-02 13:49:20+05:30,4018.9,11,4036.19,1547599,145875.0,177821.0,4100.0,4110.0,4012.0,4092.6,25375875,4501.8,3683.4,4440.0,3288.1,4018.9,54,2,4018.6,5,1,4018.3,15,1,4018.1,48,1,4018.0,226,4,4019.5,27,1,4019.6,390,2,4019.7,6,1,4019.8,8,2,4019.9,11,1
11483,2026-07-02 13:49:20+05:30,4019.3,1,4036.19,1547599,145875.0,177821.0,4100.0,4110.0,4012.0,4092.6,25375875,4501.8,3683.4,4440.0,3288.1,4018.9,54,2,4018.6,5,1,4018.3,15,1,4018.1,48,1,4018.0,226,4,4019.5,27,1,4019.6,390,2,4019.7,6,1,4019.8,8,2,4019.9,11,1
11483,2026-07-02 13:49:20+05:30,4019.3,1,4036.19,1547613,146427.0,177662.0,4100.0,4110.0,4012.0,4092.6,25375875,4501.8,3683.4,4440.0,3288.1,4019.0,42,1,4018.9,1,1,4018.8,42,1,4018.6,5,1,4018.3,15,1,4019.4,59,1,4019.5,25,1,4019.8,8,2,4019.9,11,1,4020.0,52,5
11483,2026-07-02 13:49:20+05:30,4019.3,1,4036.19,1547613,146427.0,177662.0,4100.0,4110.0,4012.0,4092.6,25375875,4501.8,3683.4,4440.0,3288.1,4019.0,42,1,4018.9,1,1,4018.8,42,1,4018.6,5,1,4018.3,15,1,4019.4,59,1,4019.5,25,1,4019.8,8,2,4019.9,11,1,4020.0,52,5
11483,2026-07-02 13:49:21+05:30,4019.3,1,4036.19,1547613,146427.0,177662.0,4100.0,4110.0,4012.0,4092.6,25375875,4501.8,3683.4,4440.0,3288.1,4019.0,42,1,4018.9,1,1,4018.8,42,1,4018.6,5,1,4018.3,15,1,4019.4,59,1,4019.5,25,1,4019.8,8,2,4019.9,11,1,4020.0,52,5
11483,2026-07-02 13:49:21+05:30,4019.0,2,4036.19,1547613,146427.0,177662.0,4100.0,4110.0,4012.0,4092.6,25375875,4501.8,3683.4,4440.0,3288.1,4019.0,42,1,4018.9,1,1,4018.8,42,1,4018.6,5,1,4018.3,15,1,4019.4,59,1,4019.5,25,1,4019.8,8,2,4019.9,11,1,4020.0,52,5
11483,2026-07-02 13:49:21+05:30,4019.0,2,4036.19,1547613,146427.0,177662.0,4100.0,4110.0,4012.0,4092.6,25375875,4501.8,3683.4,4440.0,3288.1,4019.0,42,1,4018.9,1,1,4018.8,42,1,4018.6,5,1,4018.3,15,1,4019.4,59,1,4019.5,25,1,4019.8,8,2,4019.9,11,1,4020.0,52,5
11483,2026-07-02 13:49:21+05:30,4019.4,1,4036.19,1547616,146514.0,177648.0,4100.0,4110.0,4012.0,4092.6,25375875,4501.8,3683.4,4440.0,3288.1,4019.3,58,1,4019.0,40,1,4018.9,1,1,4018.7,42,1,4018.6,5,1,4019.4,58,1,4019.5,25,1,4019.8,18,2,4020.0,40,4,4020.1,5,1
11483,2026-07-02 13:49:21+05:30,4019.4,1,4036.19,1547616,146514.0,177648.0,4100.0,4110.0,4012.0,4092.6,25375875,4501.8,3683.4,4440.0,3288.1,4019.3,58,1,4019.0,40,1,4018.9,1,1,4018.7,42,1,4018.6,5,1,4019.4,58,1,4019.5,25,1,4019.8,18,2,4020.0,40,4,4020.1,5,1
11483,2026-07-02 13:49:22+05:30,4019.4,1,4036.19,1547616,146514.0,177648.0,4100.0,4110.0,4012.0,4092.6,25379550,4501.8,3683.4,4440.0,3288.1,4019.3,58,1,4019.0,40,1,4018.9,1,1,4018.7,42,1,4018.6,5,1,4019.4,58,1,4019.5,25,1,4019.8,18,2,4020.0,40,4,4020.1,5,1
11483,2026-07-02 13:49:22+05:30,4019.4,1,4036.19,1547616,146514.0,177648.0,4100.0,4110.0,4012.0,4092.6,25379550,4501.8,3683.4,4440.0,3288.1,4019.3,58,1,4019.0,40,1,4018.9,1,1,4018.7,42,1,4018.6,5,1,4019.4,58,1,4019.5,25,1,4019.8,18,2,4020.0,40,4,4020.1,5,1
11483,2026-07-02 13:49:22+05:30,4019.4,1,4036.19,1547616,146514.0,177648.0,4100.0,4110.0,4012.0,4092.6,25379550,4501.8,3683.4,4440.0,3288.1,4019.3,58,1,4019.0,40,1,4018.9,1,1,4018.7,42,1,4018.6,5,1,4019.4,58,1,4019.5,25,1,4019.8,18,2,4020.0,40,4,4020.1,5,1
11483,2026-07-02 13:49:22+05:30,4019.4,1,4036.19,1547616,146957.0,177687.0,4100.0,4110.0,4012.0,4092.6,25379550,4501.8,3683.4,4440.0,3288.1,4019.0,40,1,4018.9,1,1,4018.8,42,1,4018.6,5,1,4018.3,51,2,4019.4,58,1,4019.5,25,1,4019.6,13,1,4019.8,5,1,4020.0,40,4
11483,2026-07-02 13:49:22+05:30,4019.4,1,4036.19,1547616,146957.0,177687.0,4100.0,4110.0,4012.0,4092.6,25379550,4501.8,3683.4,4440.0,3288.1,4019.0,40,1,4018.9,1,1,4018.8,42,1,4018.6,5,1,4018.3,51,2,4019.4,58,1,4019.5,25,1,4019.6,13,1,4019.8,5,1,4020.0,40,4
11483,2026-07-02 13:49:23+05:30,4019.4,1,4036.19,1547616,146957.0,177687.0,4100.0,4110.0,4012.0,4092.6,25379550,4501.8,3683.4,4440.0,3288.1,4019.0,40,1,4018.9,1,1,4018.8,42,1,4018.6,5,1,4018.3,51,2,4019.4,58,1,4019.5,25,1,4019.6,13,1,4019.8,5,1,4020.0,40,4
11483,2026-07-02 13:49:23+05:30,4019.4,1,4036.19,1547616,146957.0,177687.0,4100.0,4110.0,4012.0,4092.6,25379550,4501.8,3683.4,4440.0,3288.1,4019.0,40,1,4018.9,1,1,4018.8,42,1,4018.6,5,1,4018.3,51,2,4019.4,58,1,4019.5,25,1,4019.6,13,1,4019.8,5,1,4020.0,40,4
11483,2026-07-02 13:49:23+05:30,4019.4,1,4036.19,1547616,146957.0,177687.0,4100.0,4110.0,4012.0,4092.6,25379550,4501.8,3683.4,4440.0,3288.1,4019.0,40,1,4018.9,1,1,4018.8,42,1,4018.6,5,1,4018.3,51,2,4019.4,58,1,4019.5,25,1,4019.6,13,1,4019.8,5,1,4020.0,40,4
11483,2026-07-02 13:49:23+05:30,4019.4,1,4036.19,1547617,147044.0,177691.0,4100.0,4110.0,4012.0,4092.6,25379550,4501.8,3683.4,4440.0,3288.1,4019.3,58,1,4019.0,40,1,4018.9,1,1,4018.7,42,1,4018.6,5,1,4019.4,59,2,4019.5,25,1,4019.6,13,1,4019.8,5,1,4020.0,40,4
11483,2026-07-02 13:49:23+05:30,4019.4,1,4036.19,1547617,147044.0,177691.0,4100.0,4110.0,4012.0,4092.6,25379550,4501.8,3683.4,4440.0,3288.1,4019.3,58,1,4019.0,40,1,4018.9,1,1,4018.7,42,1,4018.6,5,1,4019.4,59,2,4019.5,25,1,4019.6,13,1,4019.8,5,1,4020.0,40,4
11483,2026-07-02 13:49:24+05:30,4019.4,1,4036.19,1547617,147044.0,177691.0,4100.0,4110.0,4012.0,4092.6,25379550,4501.8,3683.4,4440.0,3288.1,4019.3,58,1,4019.0,40,1,4018.9,1,1,4018.7,42,1,4018.6,5,1,4019.4,59,2,4019.5,25,1,4019.6,13,1,4019.8,5,1,4020.0,40,4
11483,2026-07-02 13:49:24+05:30,4019.4,1,4036.19,1547617,147044.0,177691.0,4100.0,4110.0,4012.0,4092.6,25379550,4501.8,3683.4,4440.0,3288.1,4019.3,58,1,4019.0,40,1,4018.9,1,1,4018.7,42,1,4018.6,5,1,4019.4,59,2,4019.5,25,1,4019.6,13,1,4019.8,5,1,4020.0,40,4
11483,2026-07-02 13:49:24+05:30,4019.4,1,4036.19,1547618,147016.0,177693.0,4100.0,4110.0,4012.0,4092.6,25379550,4501.8,3683.4,4440.0,3288.1,4019.0,50,2,4018.9,11,2,4018.8,42,1,4018.6,5,1,4018.4,49,1,4019.4,58,2,4019.5,25,1,4019.6,13,1,4019.8,5,1,4020.0,40,4
11483,2026-07-02 13:49:25+05:30,4019.4,10,4036.19,1547618,147016.0,177693.0,4100.0,4110.0,4012.0,4092.6,25379550,4501.8,3683.4,4440.0,3288.1,4019.0,50,2,4018.9,11,2,4018.8,42,1,4018.6,5,1,4018.4,49,1,4019.4,58,2,4019.5,25,1,4019.6,13,1,4019.8,5,1,4020.0,40,4
11483,2026-07-02 13:49:25+05:30,4019.4,10,4036.19,1547629,146948.0,177577.0,4100.0,4110.0,4012.0,4092.6,25379550,4501.8,3683.4,4440.0,3288.1,4019.3,57,1,4019.1,8,1,4019.0,49,2,4018.9,11,2,4018.7,42,1,4019.4,49,3,4019.5,25,1,4019.6,13,1,4019.8,5,1,4020.0,40,4
11483,2026-07-02 13:49:26+05:30,4019.4,7,4036.19,1547629,146948.0,177577.0,4100.0,4110.0,4012.0,4092.6,25379550,4501.8,3683.4,4440.0,3288.1,4019.3,57,1,4019.1,8,1,4019.0,49,2,4018.9,11,2,4018.7,42,1,4019.4,49,3,4019.5,25,1,4019.6,13,1,4019.8,5,1,4020.0,40,4
11483,2026-07-02 13:49:26+05:30,4019.4,7,4036.19,1547637,146900.0,177883.0,4100.0,4110.0,4012.0,4092.6,25379550,4501.8,3683.4,4440.0,3288.1,4019.1,8,1,4019.0,49,2,4018.9,11,2,4018.8,42,1,4018.6,5,1,4019.4,42,3,4019.5,25,1,4019.6,13,1,4019.8,5,1,4020.0,59,6
11483,2026-07-02 13:49:27+05:30,4019.2,1,4036.19,1547637,146900.0,177883.0,4100.0,4110.0,4012.0,4092.6,25379550,4501.8,3683.4,4440.0,3288.1,4019.1,8,1,4019.0,49,2,4018.9,11,2,4018.8,42,1,4018.6,5,1,4019.4,42,3,4019.5,25,1,4019.6,13,1,4019.8,5,1,4020.0,59,6
11483,2026-07-02 13:49:27+05:30,4019.2,1,4036.19,1547734,146365.0,178135.0,4100.0,4110.0,4012.0,4092.6,25379550,4501.8,3683.4,4440.0,3288.1,4019.1,8,1,4019.0,59,3,4018.9,11,2,4018.7,42,1,4018.6,5,1,4019.2,294,1,4019.3,13,1,4019.4,3,2,4019.5,25,1,4019.8,5,1
11483,2026-07-02 13:49:28+05:30,4018.7,66,4036.19,1547734,146365.0,178135.0,4100.0,4110.0,4012.0,4092.6,25379550,4501.8,3683.4,4440.0,3288.1,4019.1,8,1,4019.0,59,3,4018.9,11,2,4018.7,42,1,4018.6,5,1,4019.2,294,1,4019.3,13,1,4019.4,3,2,4019.5,25,1,4019.8,5,1
11483,2026-07-02 13:49:28+05:30,4019.1,4,4036.19,1548040,151910.0,176959.0,4100.0,4110.0,4012.0,4092.6,25379550,4501.8,3683.4,4440.0,3288.1,4018.9,81,1,4018.8,70,3,4018.7,85,3,4018.6,66,7,4018.5,110,7,4019.1,2,1,4019.2,2,1,4019.5,37,2,4020.0,25,3,4020.2,3,2
11483,2026-07-02 13:49:29+05:30,4018.9,37,4036.19,1548040,151910.0,176959.0,4100.0,4110.0,4012.0,4092.6,25379550,4501.8,3683.4,4440.0,3288.1,4018.9,81,1,4018.8,70,3,4018.7,85,3,4018.6,66,7,4018.5,110,7,4019.1,2,1,4019.2,2,1,4019.5,37,2,4020.0,25,3,4020.2,3,2
11483,2026-07-02 13:49:29+05:30,4018.9,37,4036.19,1548077,151656.0,176982.0,4100.0,4110.0,4012.0,4092.6,25379550,4501.8,3683.4,4440.0,3288.1,4018.8,39,4,4018.7,36,1,4018.6,33,5,4018.5,66,5,4018.4,21,3,4019.1,2,1,4019.2,2,1,4020.0,37,4,4020.2,3,2,4020.3,12,1
11483,2026-07-02 13:49:30+05:30,4018.8,5,4036.19,1548077,151656.0,176982.0,4100.0,4110.0,4012.0,4092.6,25379550,4501.8,3683.4,4440.0,3288.1,4018.8,39,4,4018.7,36,1,4018.6,33,5,4018.5,66,5,4018.4,21,3,4019.1,2,1,4019.2,2,1,4020.0,37,4,4020.2,3,2,4020.3,12,1
11483,2026-07-02 13:49:30+05:30,4020.0,3,4036.18,1548092,147112.0,176757.0,4100.0,4110.0,4012.0,4092.6,25379550,4501.8,3683.4,4440.0,3288.1,4018.8,23,4,4018.7,36,1,4018.6,31,4,4018.5,43,4,4018.4,41,4,4019.2,12,1,4020.0,22,3,4020.2,3,2,4020.4,2,1,4020.5,101,2
11483,2026-07-02 13:49:31+05:30,4019.2,1,4036.18,1548092,147112.0,176757.0,4100.0,4110.0,4012.0,4092.6,25379550,4501.8,3683.4,4440.0,3288.1,4018.8,23,4,4018.7,36,1,4018.6,31,4,4018.5,43,4,4018.4,41,4,4019.2,12,1,4020.0,22,3,4020.2,3,2,4020.4,2,1,4020.5,101,2
11483,2026-07-02 13:49:31+05:30,4018.8,1,4036.18,1548101,147011.0,176655.0,4100.0,4110.0,4012.0,4092.6,25379550,4501.8,3683.4,4440.0,3288.1,4018.8,27,5,4018.7,45,2,4018.6,31,4,4018.5,43,4,4018.4,21,3,4019.2,5,1,4020.0,22,3,4020.2,3,2,4020.4,2,1,4020.5,101,2
11483,2026-07-02 13:49:32+05:30,4018.8,1,4036.18,1548101,147011.0,176655.0,4100.0,4110.0,4012.0,4092.6,25379550,4501.8,3683.4,4440.0,3288.1,4018.8,27,5,4018.7,45,2,4018.6,31,4,4018.5,43,4,4018.4,21,3,4019.2,5,1,4020.0,22,3,4020.2,3,2,4020.4,2,1,4020.5,101,2
11483,2026-07-02 13:49:32+05:30,4018.8,1,4036.18,1548102,151284.0,176737.0,4100.0,4110.0,4012.0,4092.6,25379550,4501.8,3683.4,4440.0,3288.1,4018.8,20,4,4018.7,36,1,4018.6,5,2,4018.5,43,4,4018.4,92,4,4019.2,15,2,4020.0,22,3,4020.2,3,2,4020.4,2,1,4020.5,101,2
11483,2026-07-02 13:49:33+05:30,4018.8,1,4036.18,1548102,146805.0,176733.0,4100.0,4110.0,4012.0,4092.6,25379550,4501.8,3683.4,4440.0,3288.1,4018.8,20,4,4018.7,36,1,4018.6,5,2,4018.5,43,4,4018.4,92,4,4019.2,2,1,4020.0,35,4,4020.2,3,2,4020.4,2,1,4020.5,101,2
11483,2026-07-02 13:49:34+05:30,4019.2,1,4036.18,1548102,146805.0,176733.0,4100.0,4110.0,4012.0,4092.6,25379550,4501.8,3683.4,4440.0,3288.1,4018.8,20,4,4018.7,36,1,4018.6,5,2,4018.5,43,4,4018.4,92,4,4019.2,2,1,4020.0,35,4,4020.2,3,2,4020.4,2,1,4020.5,101,2
11483,2026-07-02 13:49:34+05:30,4019.2,1,4036.18,1548104,146872.0,176868.0,4100.0,4110.0,4012.0,4092.6,25379550,4501.8,3683.4,4440.0,3288.1,4018.9,19,1,4018.8,51,4,4018.7,36,1,4018.6,5,2,4018.5,107,7,4020.0,22,3,4020.2,3,2,4020.4,2,1,4020.5,115,3,4020.6,12,1
11483,2026-07-02 13:49:35+05:30,4020.0,1,4036.18,1548104,146872.0,176868.0,4100.0,4110.0,4012.0,4092.6,25379550,4501.8,3683.4,4440.0,3288.1,4018.9,19,1,4018.8,51,4,4018.7,36,1,4018.6,5,2,4018.5,107,7,4020.0,22,3,4020.2,3,2,4020.4,2,1,4020.5,115,3,4020.6,12,1
11483,2026-07-02 13:49:35+05:30,4020.0,1,4036.18,1548106,147352.0,177037.0,4100.0,4110.0,4012.0,4092.6,25379550,4501.8,3683.4,4440.0,3288.1,4019.5,75,1,4018.9,27,2,4018.8,16,2,4018.6,37,3,4018.5,47,6,4020.0,35,4,4020.2,3,2,4020.4,2,1,4020.5,101,2,4020.7,51,2
11483,2026-07-02 13:49:36+05:30,4019.7,2,4036.18,1548106,147352.0,177037.0,4100.0,4110.0,4012.0,4092.6,25379550,4501.8,3683.4,4440.0,3288.1,4019.5,75,1,4018.9,27,2,4018.8,16,2,4018.6,37,3,4018.5,47,6,4020.0,35,4,4020.2,3,2,4020.4,2,1,4020.5,101,2,4020.7,51,2
11483,2026-07-02 13:49:36+05:30,4019.7,2,4036.18,1548109,147437.0,177074.0,4100.0,4110.0,4012.0,4092.6,25379550,4501.8,3683.4,4440.0,3288.1,4019.5,74,1,4018.9,18,1,4018.8,9,1,4018.6,37,3,4018.5,43,4,4019.6,42,1,4019.7,42,1,4019.9,42,1,4020.0,30,3,4020.1,42,1
11483,2026-07-02 13:49:37+05:30,4019.5,3,4036.18,1548188,147605.0,177188.0,4100.0,4110.0,4012.0,4092.6,25379550,4501.8,3683.4,4440.0,3288.1,4019.5,11,2,4019.2,73,2,4018.8,32,2,4018.6,35,2,4018.5,43,4,4019.6,42,1,4019.7,42,1,4019.9,42,1,4020.0,30,3,4020.1,42,1
11483,2026-07-02 13:49:38+05:30,4019.5,1,4036.18,1548188,147605.0,177188.0,4100.0,4110.0,4012.0,4092.6,25379550,4501.8,3683.4,4440.0,3288.1,4019.5,11,2,4019.2,73,2,4018.8,32,2,4018.6,35,2,4018.5,43,4,4019.6,42,1,4019.7,42,1,4019.9,42,1,4020.0,30,3,4020.1,42,1
11483,2026-07-02 13:49:38+05:30,4019.5,12,4036.18,1548210,147525.0,177106.0,4100.0,4110.0,4012.0,4092.6,25379550,4501.8,3683.4,4440.0,3288.1,4019.2,72,2,4018.8,9,1,4018.6,3,1,4018.5,43,4,4018.4,5,1,4019.5,69,1,4019.6,42,1,4019.7,42,1,4019.8,12,1,4019.9,42,1
11483,2026-07-02 13:49:39+05:30,4019.5,3,4036.18,1548210,147525.0,177106.0,4100.0,4110.0,4012.0,4092.6,25379550,4501.8,3683.4,4440.0,3288.1,4019.2,72,2,4018.8,9,1,4018.6,3,1,4018.5,43,4,4018.4,5,1,4019.5,69,1,4019.6,42,1,4019.7,42,1,4019.8,12,1,4019.9,42,1
11483,2026-07-02 13:49:40+05:30,4019.2,1,4036.18,1548217,147556.0,176225.0,4100.0,4110.0,4012.0,4092.6,25379550,4501.8,3683.4,4440.0,3288.1,4019.2,47,1,4018.8,9,1,4018.6,3,1,4018.5,62,4,4018.4,44,2,4019.4,42,1,4019.5,42,1,4019.6,14,1,4019.7,42,1,4019.9,42,1
11483,2026-07-02 13:49:40+05:30,4019.2,1,4036.18,1548217,147556.0,176225.0,4100.0,4110.0,4012.0,4092.6,25379550,4501.8,3683.4,4440.0,3288.1,4019.2,47,1,4018.8,9,1,4018.6,3,1,4018.5,62,4,4018.4,44,2,4019.4,42,1,4019.5,42,1,4019.6,14,1,4019.7,42,1,4019.9,42,1
11483,2026-07-02 13:49:41+05:30,4019.2,46,4036.18,1548264,147002.0,176620.0,4100.0,4110.0,4012.0,4092.6,25379550,4501.8,3683.4,4440.0,3288.1,4018.5,5,1,4018.4,39,1,4018.3,57,3,4018.2,33,2,4018.1,20,1,4019.2,19,1,4019.3,42,1,4019.4,43,2,4019.6,56,2,4019.7,15,1
11483,2026-07-02 13:49:41+05:30,4018.4,19,4036.18,1548264,147002.0,176620.0,4100.0,4110.0,4012.0,4092.6,25379550,4501.8,3683.4,4440.0,3288.1,4018.5,5,1,4018.4,39,1,4018.3,57,3,4018.2,33,2,4018.1,20,1,4019.2,19,1,4019.3,42,1,4019.4,43,2,4019.6,56,2,4019.7,15,1
11483,2026-07-02 13:49:42+05:30,4018.4,19,4036.18,1548288,151684.0,176868.0,4100.0,4110.0,4012.0,4092.6,25379550,4501.8,3683.4,4440.0,3288.1,4018.4,20,1,4018.3,15,1,4018.0,841,9,4017.9,888,3,4017.8,261,4,4018.5,43,2,4018.6,42,1,4018.8,42,1,4019.0,42,1,4019.2,2,1
11483,2026-07-02 13:49:42+05:30,4018.4,17,4036.18,1548288,151684.0,176868.0,4100.0,4110.0,4012.0,4092.6,25379550,4501.8,3683.4,4440.0,3288.1,4018.4,20,1,4018.3,15,1,4018.0,841,9,4017.9,888,3,4017.8,261,4,4018.5,43,2,4018.6,42,1,4018.8,42,1,4019.0,42,1,4019.2,2,1
11483,2026-07-02 13:49:43+05:30,4018.4,1,4036.18,1548309,151591.0,177831.0,4100.0,4110.0,4012.0,4092.6,25379550,4501.8,3683.4,4440.0,3288.1,4018.3,15,1,4018.0,841,9,4017.9,888,3,4017.8,261,4,4017.7,55,4,4018.4,42,1,4018.5,45,3,4018.7,42,1,4018.9,42,1,4019.4,23,2
11483,2026-07-02 13:49:43+05:30,4018.3,2,4036.18,1548309,151591.0,177831.0,4100.0,4110.0,4012.0,4092.6,25379550,4501.8,3683.4,4440.0,3288.1,4018.3,15,1,4018.0,841,9,4017.9,888,3,4017.8,261,4,4017.7,55,4,4018.4,42,1,4018.5,45,3,4018.7,42,1,4018.9,42,1,4019.4,23,2
11483,2026-07-02 13:49:44+05:30,4018.3,13,4036.18,1548329,151400.0,177949.0,4100.0,4110.0,4012.0,4092.6,25379550,4501.8,3683.4,4440.0,3288.1,4018.0,816,9,4017.9,865,2,4017.8,249,3,4017.7,55,4,4017.6,51,3,4018.3,45,1,4018.4,37,1,4018.5,45,3,4018.7,42,1,4018.9,42,1
11483,2026-07-02 13:49:44+05:30,4018.0,2,4036.18,1548329,151400.0,177949.0,4100.0,4110.0,4012.0,4092.6,25379550,4501.8,3683.4,4440.0,3288.1,4018.0,816,9,4017.9,865,2,4017.8,249,3,4017.7,55,4,4017.6,51,3,4018.3,45,1,4018.4,37,1,4018.5,45,3,4018.7,42,1,4018.9,42,1
11483,2026-07-02 13:49:45+05:30,4018.0,2,4036.18,1548332,151357.0,178305.0,4100.0,4110.0,4012.0,4092.6,25379550,4501.8,3683.4,4440.0,3288.1,4018.0,813,8,4017.9,865,2,4017.8,249,3,4017.7,15,2,4017.6,51,3,4018.1,45,1,4018.2,1,1,4018.3,44,2,4018.4,37,1,4018.5,43,2
11483,2026-07-02 13:49:46+05:30,4018.1,7,4036.18,1548349,151260.0,178260.0,4100.0,4110.0,4012.0,4092.6,25379550,4501.8,3683.4,4440.0,3288.1,4018.0,813,8,4017.9,865,2,4017.8,249,3,4017.7,15,2,4017.6,53,4,4018.1,28,1,4018.2,43,2,4018.3,2,1,4018.4,79,2,4018.5,13,2
11483,2026-07-02 13:49:46+05:30,4018.0,2,4036.18,1548349,151260.0,178260.0,4100.0,4110.0,4012.0,4092.6,25379550,4501.8,3683.4,4440.0,3288.1,4018.0,813,8,4017.9,865,2,4017.8,249,3,4017.7,15,2,4017.6,53,4,4018.1,28,1,4018.2,43,2,4018.3,2,1,4018.4,79,2,4018.5,13,2
11483,2026-07-02 13:49:47+05:30,4018.0,28,4036.18,1548379,151184.0,178253.0,4100.0,4110.0,4012.0,4092.6,25379550,4501.8,3683.4,4440.0,3288.1,4018.0,783,8,4017.9,865,2,4017.8,249,3,4017.7,15,2,4017.6,53,4,4018.1,2,1,4018.2,43,2,4018.3,11,1,4018.4,79,2,4018.5,1,1
11483,2026-07-02 13:49:47+05:30,4018.0,4,4036.18,1548379,151184.0,178253.0,4100.0,4110.0,4012.0,4092.6,25379550,4501.8,3683.4,4440.0,3288.1,4018.0,783,8,4017.9,865,2,4017.8,249,3,4017.7,15,2,4017.6,53,4,4018.1,2,1,4018.2,43,2,4018.3,11,1,4018.4,79,2,4018.5,1,1
11483,2026-07-02 13:49:48+05:30,4018.0,42,4036.18,1548591,150826.0,178280.0,4100.0,4110.0,4012.0,4092.6,25379550,4501.8,3683.4,4440.0,3288.1,4018.0,571,5,4017.9,869,3,4017.8,249,3,4017.7,15,2,4017.6,59,4,4018.1,2,1,4018.2,43,2,4018.4,79,2,4018.5,14,2,4018.6,42,1
11483,2026-07-02 13:49:48+05:30,4018.0,25,4036.18,1548591,150826.0,178280.0,4100.0,4110.0,4012.0,4092.6,25379550,4501.8,3683.4,4440.0,3288.1,4018.0,571,5,4017.9,869,3,4017.8,249,3,4017.7,15,2,4017.6,59,4,4018.1,2,1,4018.2,43,2,4018.4,79,2,4018.5,14,2,4018.6,42,1
11483,2026-07-02 13:49:49+05:30,4018.0,81,4036.18,1548697,150721.0,178282.0,4100.0,4110.0,4012.0,4092.6,25379550,4501.8,3683.4,4440.0,3288.1,4018.0,466,6,4017.9,865,2,4017.8,254,4,4017.7,15,2,4017.6,59,4,4018.1,2,1,4018.2,43,2,4018.4,79,2,4018.5,14,2,4018.6,42,1
11483,2026-07-02 13:49:49+05:30,4018.0,13,4036.18,1548697,150721.0,178282.0,4100.0,4110.0,4012.0,4092.6,25379550,4501.8,3683.4,4440.0,3288.1,4018.0,466,6,4017.9,865,2,4017.8,254,4,4017.7,15,2,4017.6,59,4,4018.1,2,1,4018.2,43,2,4018.4,79,2,4018.5,14,2,4018.6,42,1
11483,2026-07-02 13:49:50+05:30,4018.1,2,4036.18,1548793,150598.0,178282.0,4100.0,4110.0,4012.0,4092.6,25379550,4501.8,3683.4,4440.0,3288.1,4018.0,372,6,4017.9,865,2,4017.8,254,4,4017.7,15,2,4017.6,61,5,4018.2,43,2,4018.4,79,2,4018.5,14,2,4018.6,42,1,4019.1,22,1
11483,2026-07-02 13:49:50+05:30,4018.0,1,4036.18,1548793,150598.0,178282.0,4100.0,4110.0,4012.0,4092.6,25379550,4501.8,3683.4,4440.0,3288.1,4018.0,372,6,4017.9,865,2,4017.8,254,4,4017.7,15,2,4017.6,61,5,4018.2,43,2,4018.4,79,2,4018.5,14,2,4018.6,42,1,4019.1,22,1
11483,2026-07-02 13:49:51+05:30,4018.0,1,4036.18,1548887,150494.0,177388.0,4100.0,4110.0,4012.0,4092.6,25379550,4501.8,3683.4,4440.0,3288.1,4018.1,4,1,4018.0,288,7,4017.9,865,2,4017.8,249,3,4017.7,15,2,4018.2,44,2,4018.3,12,1,4018.4,79,2,4018.5,1,1,4018.6,42,1
11483,2026-07-02 13:49:51+05:30,4018.0,81,4036.18,1548887,150494.0,177388.0,4100.0,4110.0,4012.0,4092.6,25379550,4501.8,3683.4,4440.0,3288.1,4018.1,4,1,4018.0,288,7,4017.9,865,2,4017.8,249,3,4017.7,15,2,4018.2,44,2,4018.3,12,1,4018.4,79,2,4018.5,1,1,4018.6,42,1
11483,2026-07-02 13:49:52+05:30,4018.0,81,4036.17,1549053,150307.0,177376.0,4100.0,4110.0,4012.0,4092.6,25379550,4501.8,3683.4,4440.0,3288.1,4018.0,131,8,4017.9,865,2,4017.8,254,4,4017.7,15,2,4017.6,23,3,4018.1,2,1,4018.2,44,2,4018.3,12,1,4018.4,79,2,4018.5,1,1
11483,2026-07-02 13:49:52+05:30,4018.0,18,4036.17,1549053,150307.0,177376.0,4100.0,4110.0,4012.0,4092.6,25379550,4501.8,3683.4,4440.0,3288.1,4018.0,131,8,4017.9,865,2,4017.8,254,4,4017.7,15,2,4017.6,23,3,4018.1,2,1,4018.2,44,2,4018.3,12,1,4018.4,79,2,4018.5,1,1
11483,2026-07-02 13:49:53+05:30,4018.0,47,4036.17,1549154,150230.0,177386.0,4100.0,4110.0,4012.0,4092.6,25379550,4501.8,3683.4,4440.0,3288.1,4018.0,40,6,4017.9,865,2,4017.8,249,3,4017.7,15,2,4017.6,23,3,4018.1,2,1,4018.2,44,2,4018.3,12,1,4018.4,79,2,4018.5,1,1
11483,2026-07-02 13:49:53+05:30,4018.0,9,4036.17,1549154,150230.0,177386.0,4100.0,4110.0,4012.0,4092.6,25379550,4501.8,3683.4,4440.0,3288.1,4018.0,40,6,4017.9,865,2,4017.8,249,3,4017.7,15,2,4017.6,23,3,4018.1,2,1,4018.2,44,2,4018.3,12,1,4018.4,79,2,4018.5,1,1
11483,2026-07-02 13:49:54+05:30,4018.0,1,4036.17,1549201,150017.0,177607.0,4100.0,4110.0,4012.0,4092.6,25379550,4501.8,3683.4,4440.0,3288.1,4017.9,876,3,4017.8,249,3,4017.7,1,1,4017.6,3,1,4017.5,12,1,4018.0,52,1,4018.1,2,1,4018.2,42,1,4018.3,12,1,4018.4,79,2
11483,2026-07-02 13:49:54+05:30,4017.9,5,4036.17,1549201,150017.0,177607.0,4100.0,4110.0,4012.0,4092.6,25379550,4501.8,3683.4,4440.0,3288.1,4017.9,876,3,4017.8,249,3,4017.7,1,1,4017.6,3,1,4017.5,12,1,4018.0,52,1,4018.1,2,1,4018.2,42,1,4018.3,12,1,4018.4,79,2
11483,2026-07-02 13:49:55+05:30,4017.9,52,4036.17,1549258,145178.0,177636.0,4100.0,4110.0,4012.0,4092.6,25379550,4501.8,3683.4,4440.0,3288.1,4017.9,819,3,4017.8,249,3,4017.7,1,1,4017.6,3,1,4017.3,2,1,4018.0,1,1,4018.1,56,3,4018.3,42,1,4018.4,37,1,4018.5,43,2
11483,2026-07-02 13:49:55+05:30,4017.9,7,4036.17,1549258,145178.0,177636.0,4100.0,4110.0,4012.0,4092.6,25379550,4501.8,3683.4,4440.0,3288.1,4017.9,819,3,4017.8,249,3,4017.7,1,1,4017.6,3,1,4017.3,2,1,4018.0,1,1,4018.1,56,3,4018.3,42,1,4018.4,37,1,4018.5,43,2
11483,2026-07-02 13:49:56+05:30,4018.1,8,4036.17,1549370,145189.0,177556.0,4100.0,4110.0,4012.0,4092.6,25379550,4501.8,3683.4,4440.0,3288.1,4017.9,812,3,4017.8,249,3,4017.7,1,1,4017.6,3,1,4017.3,2,1,4018.1,4,1,4018.2,42,1,4018.4,79,2,4018.5,1,1,4018.6,42,1
11483,2026-07-02 13:49:56+05:30,4017.9,14,4036.17,1549370,145189.0,177556.0,4100.0,4110.0,4012.0,4092.6,25379550,4501.8,3683.4,4440.0,3288.1,4017.9,812,3,4017.8,249,3,4017.7,1,1,4017.6,3,1,4017.3,2,1,4018.1,4,1,4018.2,42,1,4018.4,79,2,4018.5,1,1,4018.6,42,1
11483,2026-07-02 13:49:57+05:30,4018.1,10,4036.17,1549481,145096.0,177583.0,4100.0,4110.0,4012.0,4092.6,25379550,4501.8,3683.4,4440.0,3288.1,4017.9,717,3,4017.8,249,3,4017.7,1,1,4017.6,3,1,4017.3,2,1,4018.1,42,2,4018.3,42,1,4018.4,37,1,4018.5,43,2,4019.0,21,1
11483,2026-07-02 13:49:57+05:30,4017.9,13,4036.17,1549481,145096.0,177583.0,4100.0,4110.0,4012.0,4092.6,25379550,4501.8,3683.4,4440.0,3288.1,4017.9,717,3,4017.8,249,3,4017.7,1,1,4017.6,3,1,4017.3,2,1,4018.1,42,2,4018.3,42,1,4018.4,37,1,4018.5,43,2,4019.0,21,1
11483,2026-07-02 13:49:58+05:30,4017.9,69,4036.17,1549563,145000.0,177583.0,4100.0,4110.0,4012.0,4092.6,25379550,4501.8,3683.4,4440.0,3288.1,4017.9,635,3,4017.8,249,3,4017.7,1,1,4017.6,35,3,4017.5,7,1,4018.1,42,2,4018.3,42,1,4018.4,37,1,4018.5,43,2,4019.0,21,1
11483,2026-07-02 13:49:58+05:30,4017.9,10,4036.17,1549563,145000.0,177583.0,4100.0,4110.0,4012.0,4092.6,25379550,4501.8,3683.4,4440.0,3288.1,4017.9,635,3,4017.8,249,3,4017.7,1,1,4017.6,35,3,4017.5,7,1,4018.1,42,2,4018.3,42,1,4018.4,37,1,4018.5,43,2,4019.0,21,1
11483,2026-07-02 13:49:59+05:30,4018.1,7,4036.17,1549661,145037.0,177531.0,4100.0,4110.0,4012.0,4092.6,25379550,4501.8,3683.4,4440.0,3288.1,4018.0,1,1,4017.9,544,3,4017.8,249,3,4017.7,1,1,4017.6,35,3,4018.1,23,1,4018.3,54,2,4018.4,37,1,4018.5,43,2,4019.0,21,1
11483,2026-07-02 13:49:59+05:30,4017.9,74,4036.17,1549661,145037.0,177531.0,4100.0,4110.0,4012.0,4092.6,25379550,4501.8,3683.4,4440.0,3288.1,4018.0,1,1,4017.9,544,3,4017.8,249,3,4017.7,1,1,4017.6,35,3,4018.1,23,1,4018.3,54,2,4018.4,37,1,4018.5,43,2,4019.0,21,1
11483,2026-07-02 13:50:00+05:30,4017.9,81,4036.16,1549822,144779.0,177691.0,4100.0,4110.0,4012.0,4092.6,25379550,4501.8,3683.4,4440.0,3288.1,4017.9,389,3,4017.8,249,3,4017.7,1,1,4017.6,27,2,4017.4,13,2,4018.0,2,1,4018.1,38,3,4018.3,42,1,4018.4,37,1,4018.5,43,2
11483,2026-07-02 13:50:00+05:30,4017.9,19,4036.16,1549822,144779.0,177691.0,4100.0,4110.0,4012.0,4092.6,25379550,4501.8,3683.4,4440.0,3288.1,4017.9,389,3,4017.8,249,3,4017.7,1,1,4017.6,27,2,4017.4,13,2,4018.0,2,1,4018.1,38,3,4018.3,42,1,4018.4,37,1,4018.5,43,2
11483,2026-07-02 13:50:01+05:30,4017.9,81,4036.16,1549928,144671.0,177547.0,4100.0,4110.0,4012.0,4092.6,25379550,4501.8,3683.4,4440.0,3288.1,4017.9,289,3,4017.8,249,3,4017.7,1,1,4017.6,27,2,4017.4,13,2,4018.1,25,2,4018.3,55,2,4018.4,37,1,4018.5,43,2,4019.0,21,1
11483,2026-07-02 13:50:01+05:30,4017.9,13,4036.16,1549928,144671.0,177547.0,4100.0,4110.0,4012.0,4092.6,25379550,4501.8,3683.4,4440.0,3288.1,4017.9,289,3,4017.8,249,3,4017.7,1,1,4017.6,27,2,4017.4,13,2,4018.1,25,2,4018.3,55,2,4018.4,37,1,4018.5,43,2,4019.0,21,1
11483,2026-07-02 13:50:02+05:30,4017.9,58,4036.16,1550044,149666.0,177493.0,4100.0,4110.0,4012.0,4092.6,25379550,4501.8,3683.4,4440.0,3288.1,4017.9,218,3,4017.8,249,3,4017.7,1,1,4017.6,27,2,4017.4,13,2,4018.1,13,1,4018.3,42,1,4018.4,37,1,4018.5,43,2,4019.0,21,1
11483,2026-07-02 13:50:02+05:30,4017.9,14,4036.16,1550044,149666.0,177493.0,4100.0,4110.0,4012.0,4092.6,25379550,4501.8,3683.4,4440.0,3288.1,4017.9,218,3,4017.8,249,3,4017.7,1,1,4017.6,27,2,4017.4,13,2,4018.1,13,1,4018.3,42,1,4018.4,37,1,4018.5,43,2,4019.0,21,1
11483,2026-07-02 13:50:03+05:30,4017.9,2,4036.16,1550064,149614.0,177223.0,4100.0,4110.0,4012.0,4092.6,25379550,4501.8,3683.4,4440.0,3288.1,4017.9,202,3,4017.8,249,3,4017.7,1,1,4017.6,11,3,4017.5,32,1,4018.1,10,1,4018.5,1,1,4019.3,13,2,4019.4,41,2,4019.7,106,5
11483,2026-07-02 13:50:03+05:30,4017.9,2,4036.16,1550064,149614.0,177223.0,4100.0,4110.0,4012.0,4092.6,25379550,4501.8,3683.4,4440.0,3288.1,4017.9,202,3,4017.8,249,3,4017.7,1,1,4017.6,11,3,4017.5,32,1,4018.1,10,1,4018.5,1,1,4019.3,13,2,4019.4,41,2,4019.7,106,5
11483,2026-07-02 13:50:04+05:30,4017.9,2,4036.16,1550066,149625.0,177265.0,4100.0,4110.0,4012.0,4092.6,25379550,4501.8,3683.4,4440.0,3288.1,4017.9,200,3,4017.8,249,3,4017.7,1,1,4017.6,9,2,4017.5,34,2,4018.5,1,1,4018.6,13,1,4019.3,13,2,4019.4,79,3,4019.7,106,5
11483,2026-07-02 13:50:05+05:30,4017.9,2,4036.16,1550066,149670.0,177238.0,4100.0,4110.0,4012.0,4092.6,25379550,4501.8,3683.4,4440.0,3288.1,4017.9,200,3,4017.8,273,5,4017.7,1,1,4017.6,9,2,4017.5,32,1,4018.5,1,1,4018.6,13,1,4019.3,13,2,4019.4,43,2,4019.7,106,5
11483,2026-07-02 13:50:06+05:30,4020.0,113,4036.16,1550678,144833.0,177627.0,4100.0,4110.0,4012.0,4092.6,25379550,4501.8,3683.4,4440.0,3288.1,4018.5,1,1,4018.0,14,2,4017.9,211,4,4017.8,249,3,4017.7,14,2,4019.4,49,1,4019.6,38,1,4019.7,49,1,4019.9,120,5,4020.0,131,6
11483,2026-07-02 13:50:06+05:30,4018.5,8,4036.16,1550678,144833.0,177627.0,4100.0,4110.0,4012.0,4092.6,25379550,4501.8,3683.4,4440.0,3288.1,4018.5,1,1,4018.0,14,2,4017.9,211,4,4017.8,249,3,4017.7,14,2,4019.4,49,1,4019.6,38,1,4019.7,49,1,4019.9,120,5,4020.0,131,6
11483,2026-07-02 13:50:07+05:30,4018.5,1,4036.16,1550695,144806.0,177714.0,4100.0,4110.0,4012.0,4092.6,25379550,4501.8,3683.4,4440.0,3288.1,4018.0,11,1,4017.9,191,4,4017.8,252,4,4017.7,1,1,4017.6,33,2,4018.5,7,1,4019.4,67,2,4019.5,20,1,4019.7,83,2,4019.8,60,1
11483,2026-07-02 13:50:07+05:30,4018.0,2,4036.16,1550695,144806.0,177714.0,4100.0,4110.0,4012.0,4092.6,25379550,4501.8,3683.4,4440.0,3288.1,4018.0,11,1,4017.9,191,4,4017.8,252,4,4017.7,1,1,4017.6,33,2,4018.5,7,1,4019.4,67,2,4019.5,20,1,4019.7,83,2,4019.8,60,1
11483,2026-07-02 13:50:08+05:30,4018.0,2,4036.16,1550697,144804.0,177702.0,4100.0,4110.0,4012.0,4092.6,25379550,4501.8,3683.4,4440.0,3288.1,4018.0,9,1,4017.9,194,5,4017.8,249,3,4017.7,1,1,4017.6,33,2,4018.5,7,1,4019.4,67,2,4019.5,20,1,4019.7,83,2,4019.9,79,3
11483,2026-07-02 13:50:08+05:30,4017.9,6,4036.16,1550697,144804.0,177702.0,4100.0,4110.0,4012.0,4092.6,25379550,4501.8,3683.4,4440.0,3288.1,4018.0,9,1,4017.9,194,5,4017.8,249,3,4017.7,1,1,4017.6,33,2,4018.5,7,1,4019.4,67,2,4019.5,20,1,4019.7,83,2,4019.9,79,3
11483,2026-07-02 13:50:09+05:30,4018.5,1,4036.15,1550713,144803.0,177858.0,4100.0,4110.0,4012.0,4092.6,25379550,4501.8,3683.4,4440.0,3288.1,4018.2,1,1,4018.0,10,1,4017.9,199,6,4017.8,249,3,4017.7,1,1,4018.5,8,2,4019.4,67,2,4019.7,83,2,4019.9,79,3,4020.0,163,8
11483,2026-07-02 13:50:09+05:30,4018.2,1,4036.15,1550713,144803.0,177858.0,4100.0,4110.0,4012.0,4092.6,25379550,4501.8,3683.4,4440.0,3288.1,4018.2,1,1,4018.0,10,1,4017.9,199,6,4017.8,249,3,4017.7,1,1,4018.5,8,2,4019.4,67,2,4019.7,83,2,4019.9,79,3,4020.0,163,8
11483,2026-07-02 13:50:10+05:30,4018.0,1,4036.15,1550726,144828.0,177753.0,4100.0,4110.0,4012.0,4092.6,25379550,4501.8,3683.4,4440.0,3288.1,4018.0,2,1,4017.9,213,7,4017.8,249,3,4017.7,1,1,4017.6,96,5,4018.5,8,2,4019.4,67,2,4019.7,83,2,4019.9,79,3,4020.0,163,8
11483,2026-07-02 13:50:10+05:30,4018.0,1,4036.15,1550726,144828.0,177753.0,4100.0,4110.0,4012.0,4092.6,25379550,4501.8,3683.4,4440.0,3288.1,4018.0,2,1,4017.9,213,7,4017.8,249,3,4017.7,1,1,4017.6,96,5,4018.5,8,2,4019.4,67,2,4019.7,83,2,4019.9,79,3,4020.0,163,8
11483,2026-07-02 13:50:11+05:30,4017.9,41,4036.15,1550770,144613.0,177894.0,4100.0,4110.0,4012.0,4092.6,25379550,4501.8,3683.4,4440.0,3288.1,4017.9,203,7,4017.8,252,4,4017.7,1,1,4017.6,66,4,4017.5,6,1,4018.5,8,3,4019.4,49,1,4019.6,5,1,4019.7,83,2,4019.9,79,3
11483,2026-07-02 13:50:11+05:30,4017.9,6,4036.15,1550770,144613.0,177894.0,4100.0,4110.0,4012.0,4092.6,25379550,4501.8,3683.4,4440.0,3288.1,4017.9,203,7,4017.8,252,4,4017.7,1,1,4017.6,66,4,4017.5,6,1,4018.5,8,3,4019.4,49,1,4019.6,5,1,4019.7,83,2,4019.9,79,3
11483,2026-07-02 13:50:12+05:30,4017.9,6,4036.15,1550776,144641.0,177914.0,4100.0,4110.0,4012.0,4092.6,25379550,4501.8,3683.4,4440.0,3288.1,4017.9,163,6,4017.8,249,3,4017.7,4,2,4017.6,33,2,4017.5,6,1,4018.5,8,3,4019.4,49,1,4019.6,35,2,4019.7,103,3,4019.9,89,5
11483,2026-07-02 13:50:13+05:30,4017.9,13,4036.15,1550952,144542.0,177962.0,4100.0,4110.0,4012.0,4092.6,25379550,4501.8,3683.4,4440.0,3288.1,4017.8,249,3,4017.7,1,1,4017.6,103,2,4017.4,15,2,4017.3,3,2,4018.4,23,1,4018.5,8,3,4018.9,5,1,4019.0,25,2,4019.3,17,1
11483,2026-07-02 13:50:13+05:30,4018.4,6,4036.15,1550952,144542.0,177962.0,4100.0,4110.0,4012.0,4092.6,25379550,4501.8,3683.4,4440.0,3288.1,4017.8,249,3,4017.7,1,1,4017.6,103,2,4017.4,15,2,4017.3,3,2,4018.4,23,1,4018.5,8,3,4018.9,5,1,4019.0,25,2,4019.3,17,1
11483,2026-07-02 13:50:14+05:30,4018.4,6,4036.15,1550979,144571.0,178048.0,4100.0,4110.0,4012.0,4092.6,25379550,4501.8,3683.4,4440.0,3288.1,4017.9,50,1,4017.8,228,3,4017.7,1,1,4017.6,103,2,4017.4,15,2,4018.5,8,3,4018.6,20,1,4018.9,5,1,4019.0,5,1,4019.1,20,1
11483,2026-07-02 13:50:14+05:30,4017.9,1,4036.15,1550979,144571.0,178048.0,4100.0,4110.0,4012.0,4092.6,25379550,4501.8,3683.4,4440.0,3288.1,4017.9,50,1,4017.8,228,3,4017.7,1,1,4017.6,103,2,4017.4,15,2,4018.5,8,3,4018.6,20,1,4018.9,5,1,4019.0,5,1,4019.1,20,1
11483,2026-07-02 13:50:15+05:30,4017.9,1,4036.15,1550983,144607.0,178063.0,4100.0,4110.0,4012.0,4092.6,25379550,4501.8,3683.4,4440.0,3288.1,4017.9,46,1,4017.8,228,3,4017.7,1,1,4017.6,103,2,4017.4,15,2,4018.5,7,2,4019.0,5,1,4019.1,20,1,4019.2,2,1,4019.3,39,2
11483,2026-07-02 13:50:15+05:30,4018.4,5,4036.15,1550983,144607.0,178063.0,4100.0,4110.0,4012.0,4092.6,25379550,4501.8,3683.4,4440.0,3288.1,4017.9,46,1,4017.8,228,3,4017.7,1,1,4017.6,103,2,4017.4,15,2,4018.5,7,2,4019.0,5,1,4019.1,20,1,4019.2,2,1,4019.3,39,2
11483,2026-07-02 13:50:16+05:30,4018.4,4,4036.15,1550997,144600.0,177957.0,4100.0,4110.0,4012.0,4092.6,25379550,4501.8,3683.4,4440.0,3288.1,4017.9,45,1,4017.8,228,3,4017.7,1,1,4017.6,103,2,4017.5,3,1,4018.5,7,2,4019.0,5,1,4019.1,20,1,4019.2,2,1,4019.3,17,1
11483,2026-07-02 13:50:16+05:30,4017.9,2,4036.15,1550997,144600.0,177957.0,4100.0,4110.0,4012.0,4092.6,25379550,4501.8,3683.4,4440.0,3288.1,4017.9,45,1,4017.8,228,3,4017.7,1,1,4017.6,103,2,4017.5,3,1,4018.5,7,2,4019.0,5,1,4019.1,20,1,4019.2,2,1,4019.3,17,1
11483,2026-07-02 13:50:17+05:30,4017.9,2,4036.15,1550999,144604.0,178000.0,4100.0,4110.0,4012.0,4092.6,25379550,4501.8,3683.4,4440.0,3288.1,4017.9,43,1,4017.8,228,3,4017.7,1,1,4017.6,103,2,4017.5,3,1,4018.5,7,2,4019.0,5,1,4019.1,20,1,4019.2,2,1,4019.3,28,2
11483,2026-07-02 13:50:17+05:30,4018.5,1,4036.15,1550999,144604.0,178000.0,4100.0,4110.0,4012.0,4092.6,25379550,4501.8,3683.4,4440.0,3288.1,4017.9,43,1,4017.8,228,3,4017.7,1,1,4017.6,103,2,4017.5,3,1,4018.5,7,2,4019.0,5,1,4019.1,20,1,4019.2,2,1,4019.3,28,2
11483,2026-07-02 13:50:18+05:30,4018.5,1,4036.15,1551000,144736.0,177980.0,4100.0,4110.0,4012.0,4092.6,25379550,4501.8,3683.4,4440.0,3288.1,4018.1,5,1,4018.0,1,1,4017.9,43,1,4017.8,228,3,4017.7,1,1,4018.4,12,1,4018.5,8,3,4019.0,5,1,4019.1,20,1,4019.2,2,1
11483,2026-07-02 13:50:18+05:30,4018.5,1,4036.15,1551000,144736.0,177980.0,4100.0,4110.0,4012.0,4092.6,25379550,4501.8,3683.4,4440.0,3288.1,4018.1,5,1,4018.0,1,1,4017.9,43,1,4017.8,228,3,4017.7,1,1,4018.4,12,1,4018.5,8,3,4019.0,5,1,4019.1,20,1,4019.2,2,1
11483,2026-07-02 13:50:19+05:30,4018.5,1,4036.15,1551000,144751.0,178050.0,4100.0,4110.0,4012.0,4092.6,25379550,4501.8,3683.4,4440.0,3288.1,4018.1,5,1,4018.0,6,2,4017.9,53,2,4017.8,228,3,4017.7,1,1,4018.4,12,1,4018.5,8,3,4018.6,13,1,4019.0,5,1,4019.1,20,1
11483,2026-07-02 13:50:19+05:30,4018.5,1,4036.15,1551000,144751.0,178050.0,4100.0,4110.0,4012.0,4092.6,25379550,4501.8,3683.4,4440.0,3288.1,4018.1,5,1,4018.0,6,2,4017.9,53,2,4017.8,228,3,4017.7,1,1,4018.4,12,1,4018.5,8,3,4018.6,13,1,4019.0,5,1,4019.1,20,1
11483,2026-07-02 13:50:19+05:30,4018.0,5,4036.15,1551000,144751.0,178050.0,4100.0,4110.0,4012.0,4092.6,25379550,4501.8,3683.4,4440.0,3288.1,4018.1,5,1,4018.0,6,2,4017.9,53,2,4017.8,228,3,4017.7,1,1,4018.4,12,1,4018.5,8,3,4018.6,13,1,4019.0,5,1,4019.1,20,1
11483,2026-07-02 13:50:19+05:30,4018.0,5,4036.15,1551000,144751.0,178050.0,4100.0,4110.0,4012.0,4092.6,25379550,4501.8,3683.4,4440.0,3288.1,4018.1,5,1,4018.0,6,2,4017.9,53,2,4017.8,228,3,4017.7,1,1,4018.4,12,1,4018.5,8,3,4018.6,13,1,4019.0,5,1,4019.1,20,1
11483,2026-07-02 13:50:20+05:30,4017.9,1,4036.15,1551013,144041.0,177892.0,4100.0,4110.0,4012.0,4092.6,25379550,4501.8,3683.4,4440.0,3288.1,4017.9,52,2,4017.8,228,3,4017.7,4,2,4017.6,103,2,4017.3,29,3,4018.5,8,3,4018.6,13,1,4019.2,2,1,4019.3,17,1,4019.4,103,3
11483,2026-07-02 13:50:20+05:30,4017.9,1,4036.15,1551013,144041.0,177892.0,4100.0,4110.0,4012.0,4092.6,25379550,4501.8,3683.4,4440.0,3288.1,4017.9,52,2,4017.8,228,3,4017.7,4,2,4017.6,103,2,4017.3,29,3,4018.5,8,3,4018.6,13,1,4019.2,2,1,4019.3,17,1,4019.4,103,3
11483,2026-07-02 13:50:20+05:30,4017.9,7,4036.15,1551013,144041.0,177892.0,4100.0,4110.0,4012.0,4092.6,25379550,4501.8,3683.4,4440.0,3288.1,4017.9,52,2,4017.8,228,3,4017.7,4,2,4017.6,103,2,4017.3,29,3,4018.5,8,3,4018.6,13,1,4019.2,2,1,4019.3,17,1,4019.4,103,3
11483,2026-07-02 13:50:20+05:30,4017.9,7,4036.15,1551013,144041.0,177892.0,4100.0,4110.0,4012.0,4092.6,25379550,4501.8,3683.4,4440.0,3288.1,4017.9,52,2,4017.8,228,3,4017.7,4,2,4017.6,103,2,4017.3,29,3,4018.5,8,3,4018.6,13,1,4019.2,2,1,4019.3,17,1,4019.4,103,3
11483,2026-07-02 13:50:21+05:30,4017.9,7,4036.15,1551022,144043.0,177696.0,4100.0,4110.0,4012.0,4092.6,25379550,4501.8,3683.4,4440.0,3288.1,4017.9,43,2,4017.8,226,2,4017.7,5,3,4017.6,103,2,4017.3,7,2,4018.5,8,3,4018.6,13,1,4019.2,2,1,4019.3,17,1,4019.4,103,3
11483,2026-07-02 13:50:21+05:30,4017.9,7,4036.15,1551022,144043.0,177696.0,4100.0,4110.0,4012.0,4092.6,25379550,4501.8,3683.4,4440.0,3288.1,4017.9,43,2,4017.8,226,2,4017.7,5,3,4017.6,103,2,4017.3,7,2,4018.5,8,3,4018.6,13,1,4019.2,2,1,4019.3,17,1,4019.4,103,3
11483,2026-07-02 13:50:21+05:30,4017.9,1,4036.15,1551022,144043.0,177696.0,4100.0,4110.0,4012.0,4092.6,25379550,4501.8,3683.4,4440.0,3288.1,4017.9,43,2,4017.8,226,2,4017.7,5,3,4017.6,103,2,4017.3,7,2,4018.5,8,3,4018.6,13,1,4019.2,2,1,4019.3,17,1,4019.4,103,3
11483,2026-07-02 13:50:21+05:30,4017.9,1,4036.15,1551022,144043.0,177696.0,4100.0,4110.0,4012.0,4092.6,25379550,4501.8,3683.4,4440.0,3288.1,4017.9,43,2,4017.8,226,2,4017.7,5,3,4017.6,103,2,4017.3,7,2,4018.5,8,3,4018.6,13,1,4019.2,2,1,4019.3,17,1,4019.4,103,3
11483,2026-07-02 13:50:22+05:30,4017.9,1,4036.15,1551022,144043.0,177696.0,4100.0,4110.0,4012.0,4092.6,25379550,4501.8,3683.4,4440.0,3288.1,4017.9,43,2,4017.8,226,2,4017.7,5,3,4017.6,103,2,4017.3,7,2,4018.5,8,3,4018.6,13,1,4019.2,2,1,4019.3,17,1,4019.4,103,3
11483,2026-07-02 13:50:22+05:30,4017.9,1,4036.15,1551023,144044.0,177730.0,4100.0,4110.0,4012.0,4092.6,25379550,4501.8,3683.4,4440.0,3288.1,4017.9,43,3,4017.8,226,2,4017.7,5,3,4017.6,103,2,4017.3,7,2,4018.5,8,3,4018.6,13,1,4019.2,2,1,4019.3,17,1,4019.4,103,3
11483,2026-07-02 13:50:22+05:30,4017.9,1,4036.15,1551023,144044.0,177730.0,4100.0,4110.0,4012.0,4092.6,25382875,4501.8,3683.4,4440.0,3288.1,4017.9,43,3,4017.8,226,2,4017.7,5,3,4017.6,103,2,4017.3,7,2,4018.5,8,3,4018.6,13,1,4019.2,2,1,4019.3,17,1,4019.4,103,3
11483,2026-07-02 13:50:23+05:30,4017.9,1,4036.15,1551023,144044.0,177730.0,4100.0,4110.0,4012.0,4092.6,25382875,4501.8,3683.4,4440.0,3288.1,4017.9,43,3,4017.8,226,2,4017.7,5,3,4017.6,103,2,4017.3,7,2,4018.5,8,3,4018.6,13,1,4019.2,2,1,4019.3,17,1,4019.4,103,3
11483,2026-07-02 13:50:23+05:30,4017.9,1,4036.15,1551023,143822.0,177839.0,4100.0,4110.0,4012.0,4092.6,25382875,4501.8,3683.4,4440.0,3288.1,4017.9,43,3,4017.8,1,1,4017.7,2,2,4017.6,103,2,4017.4,12,1,4018.5,14,4,4018.6,13,1,4019.2,2,1,4019.3,17,1,4019.4,103,3
11483,2026-07-02 13:50:23+05:30,4017.9,1,4036.15,1551023,143822.0,177839.0,4100.0,4110.0,4012.0,4092.6,25382875,4501.8,3683.4,4440.0,3288.1,4017.9,43,3,4017.8,1,1,4017.7,2,2,4017.6,103,2,4017.4,12,1,4018.5,14,4,4018.6,13,1,4019.2,2,1,4019.3,17,1,4019.4,103,3
11483,2026-07-02 13:50:24+05:30,4018.5,2,4036.15,1551035,143799.0,177877.0,4100.0,4110.0,4012.0,4092.6,25382875,4501.8,3683.4,4440.0,3288.1,4017.9,43,3,4017.8,1,1,4017.7,2,2,4017.6,103,2,4017.4,3,1,4018.5,10,2,4018.6,13,1,4019.1,2,1,4019.2,4,2,4019.3,17,1
11483,2026-07-02 13:50:24+05:30,4018.5,2,4036.15,1551035,143799.0,177877.0,4100.0,4110.0,4012.0,4092.6,25382875,4501.8,3683.4,4440.0,3288.1,4017.9,43,3,4017.8,1,1,4017.7,2,2,4017.6,103,2,4017.4,3,1,4018.5,10,2,4018.6,13,1,4019.1,2,1,4019.2,4,2,4019.3,17,1
11483,2026-07-02 13:50:24+05:30,4017.9,1,4036.15,1551035,143799.0,177877.0,4100.0,4110.0,4012.0,4092.6,25382875,4501.8,3683.4,4440.0,3288.1,4017.9,43,3,4017.8,1,1,4017.7,2,2,4017.6,103,2,4017.4,3,1,4018.5,10,2,4018.6,13,1,4019.1,2,1,4019.2,4,2,4019.3,17,1
11483,2026-07-02 13:50:25+05:30,4017.9,1,4036.15,1551036,143818.0,177872.0,4100.0,4110.0,4012.0,4092.6,25382875,4501.8,3683.4,4440.0,3288.1,4017.9,42,3,4017.8,1,1,4017.7,2,2,4017.6,103,2,4017.4,3,1,4018.5,10,2,4018.6,13,1,4019.1,2,1,4019.2,4,2,4019.3,17,1
11483,2026-07-02 13:50:25+05:30,4017.9,1,4036.15,1551036,143818.0,177872.0,4100.0,4110.0,4012.0,4092.6,25382875,4501.8,3683.4,4440.0,3288.1,4017.9,42,3,4017.8,1,1,4017.7,2,2,4017.6,103,2,4017.4,3,1,4018.5,10,2,4018.6,13,1,4019.1,2,1,4019.2,4,2,4019.3,17,1
11483,2026-07-02 13:50:26+05:30,4018.5,5,4036.15,1551044,143851.0,178068.0,4100.0,4110.0,4012.0,4092.6,25382875,4501.8,3683.4,4440.0,3288.1,4018.4,1,1,4018.0,9,1,4017.9,41,3,4017.8,1,1,4017.7,2,2,4018.5,3,1,4018.6,13,1,4019.1,2,1,4019.2,4,2,4019.4,103,3
11483,2026-07-02 13:50:26+05:30,4018.5,1,4036.15,1551044,143851.0,178068.0,4100.0,4110.0,4012.0,4092.6,25382875,4501.8,3683.4,4440.0,3288.1,4018.4,1,1,4018.0,9,1,4017.9,41,3,4017.8,1,1,4017.7,2,2,4018.5,3,1,4018.6,13,1,4019.1,2,1,4019.2,4,2,4019.4,103,3
11483,2026-07-02 13:50:27+05:30,4018.5,1,4036.15,1551046,143859.0,178000.0,4100.0,4110.0,4012.0,4092.6,25382875,4501.8,3683.4,4440.0,3288.1,4018.4,1,1,4018.0,9,1,4017.9,41,3,4017.8,1,1,4017.7,2,2,4018.5,1,1,4018.6,13,1,4019.1,2,1,4019.2,4,2,4019.4,103,3
11483,2026-07-02 13:50:27+05:30,4018.4,1,4036.15,1551046,143859.0,178000.0,4100.0,4110.0,4012.0,4092.6,25382875,4501.8,3683.4,4440.0,3288.1,4018.4,1,1,4018.0,9,1,4017.9,41,3,4017.8,1,1,4017.7,2,2,4018.5,1,1,4018.6,13,1,4019.1,2,1,4019.2,4,2,4019.4,103,3
11483,2026-07-02 13:50:28+05:30,4018.4,1,4036.15,1551047,143796.0,178038.0,4100.0,4110.0,4012.0,4092.6,25382875,4501.8,3683.4,4440.0,3288.1,4018.0,9,1,4017.9,41,3,4017.8,1,1,4017.7,2,2,4017.6,103,2,4018.5,2,2,4018.6,13,1,4019.1,2,1,4019.2,4,2,4019.4,103,3
11483,2026-07-02 13:50:29+05:30,4018.6,8,4036.15,1551104,143909.0,178234.0,4100.0,4110.0,4012.0,4092.6,25382875,4501.8,3683.4,4440.0,3288.1,4018.5,9,1,4018.2,1,1,4018.0,1,1,4017.9,41,3,4017.8,1,1,4018.6,13,1,4019.1,2,1,4019.2,2,1,4019.4,103,3,4019.5,20,1
11483,2026-07-02 13:50:29+05:30,4018.5,7,4036.15,1551104,143909.0,178234.0,4100.0,4110.0,4012.0,4092.6,25382875,4501.8,3683.4,4440.0,3288.1,4018.5,9,1,4018.2,1,1,4018.0,1,1,4017.9,41,3,4017.8,1,1,4018.6,13,1,4019.1,2,1,4019.2,2,1,4019.4,103,3,4019.5,20,1
11483,2026-07-02 13:50:30+05:30,4018.5,30,4036.15,1551141,143792.0,178813.0,4100.0,4110.0,4012.0,4092.6,25382875,4501.8,3683.4,4440.0,3288.1,4018.2,1,1,4018.0,11,2,4017.9,41,3,4017.8,1,1,4017.7,2,2,4018.5,320,1,4018.6,1,1,4019.1,54,3,4019.2,14,2,4019.4,107,5
11483,2026-07-02 13:50:30+05:30,4018.2,1,4036.15,1551141,143792.0,178813.0,4100.0,4110.0,4012.0,4092.6,25382875,4501.8,3683.4,4440.0,3288.1,4018.2,1,1,4018.0,11,2,4017.9,41,3,4017.8,1,1,4017.7,2,2,4018.5,320,1,4018.6,1,1,4019.1,54,3,4019.2,14,2,4019.4,107,5
11483,2026-07-02 13:50:31+05:30,4018.5,3,4036.15,1551159,143890.0,178612.0,4100.0,4110.0,4012.0,4092.6,25382875,4501.8,3683.4,4440.0,3288.1,4018.0,33,1,4017.9,41,3,4017.8,1,1,4017.7,2,2,4017.6,103,2,4018.5,1,1,4018.6,12,1,4019.1,56,4,4019.2,2,1,4019.4,103,3
11483,2026-07-02 13:50:31+05:30,4018.5,1,4036.15,1551159,143890.0,178612.0,4100.0,4110.0,4012.0,4092.6,25382875,4501.8,3683.4,4440.0,3288.1,4018.0,33,1,4017.9,41,3,4017.8,1,1,4017.7,2,2,4017.6,103,2,4018.5,1,1,4018.6,12,1,4019.1,56,4,4019.2,2,1,4019.4,103,3
11483,2026-07-02 13:50:32+05:30,4018.5,1,4036.15,1551162,144001.0,178034.0,4100.0,4110.0,4012.0,4092.6,25382875,4501.8,3683.4,4440.0,3288.1,4018.5,40,1,4018.3,31,1,4018.2,1,1,4017.9,41,3,4017.8,1,1,4019.1,2,1,4019.2,14,2,4019.4,83,2,4019.5,2,1,4019.7,103,3
11483,2026-07-02 13:50:32+05:30,4018.6,1,4036.15,1551162,144001.0,178034.0,4100.0,4110.0,4012.0,4092.6,25382875,4501.8,3683.4,4440.0,3288.1,4018.5,40,1,4018.3,31,1,4018.2,1,1,4017.9,41,3,4017.8,1,1,4019.1,2,1,4019.2,14,2,4019.4,83,2,4019.5,2,1,4019.7,103,3
11483,2026-07-02 13:50:33+05:30,4018.5,40,4036.15,1551243,143923.0,179143.0,4100.0,4110.0,4012.0,4092.6,25382875,4501.8,3683.4,4440.0,3288.1,4018.2,1,1,4017.9,41,3,4017.8,1,1,4017.7,2,2,4017.6,153,3,4018.5,300,1,4019.1,19,1,4019.2,24,3,4019.4,85,3,4019.5,45,2
11483,2026-07-02 13:50:33+05:30,4018.2,1,4036.15,1551243,143923.0,179143.0,4100.0,4110.0,4012.0,4092.6,25382875,4501.8,3683.4,4440.0,3288.1,4018.2,1,1,4017.9,41,3,4017.8,1,1,4017.7,2,2,4017.6,153,3,4018.5,300,1,4019.1,19,1,4019.2,24,3,4019.4,85,3,4019.5,45,2
11483,2026-07-02 13:50:34+05:30,4018.2,1,4036.15,1551244,143960.0,178553.0,4100.0,4110.0,4012.0,4092.6,25382875,4501.8,3683.4,4440.0,3288.1,4018.0,101,4,4017.9,41,3,4017.8,1,1,4017.7,2,2,4017.6,188,6,4018.2,1,1,4019.1,19,1,4019.2,4,2,4019.4,85,3,4019.5,43,1
11483,2026-07-02 13:50:34+05:30,4018.2,5,4036.15,1551244,143960.0,178553.0,4100.0,4110.0,4012.0,4092.6,25382875,4501.8,3683.4,4440.0,3288.1,4018.0,101,4,4017.9,41,3,4017.8,1,1,4017.7,2,2,4017.6,188,6,4018.2,1,1,4019.1,19,1,4019.2,4,2,4019.4,85,3,4019.5,43,1
11483,2026-07-02 13:50:35+05:30,4018.2,5,4036.15,1551249,143932.0,178523.0,4100.0,4110.0,4012.0,4092.6,25382875,4501.8,3683.4,4440.0,3288.1,4018.0,101,4,4017.9,41,3,4017.8,1,1,4017.7,2,2,4017.6,188,6,4018.2,1,1,4019.1,19,1,4019.2,4,2,4019.4,51,2,4019.5,43,1
11483,2026-07-02 13:50:35+05:30,4018.0,1,4036.15,1551249,143932.0,178523.0,4100.0,4110.0,4012.0,4092.6,25382875,4501.8,3683.4,4440.0,3288.1,4018.0,101,4,4017.9,41,3,4017.8,1,1,4017.7,2,2,4017.6,188,6,4018.2,1,1,4019.1,19,1,4019.2,4,2,4019.4,51,2,4019.5,43,1
11483,2026-07-02 13:50:36+05:30,4018.0,1,4036.15,1551250,143933.0,178659.0,4100.0,4110.0,4012.0,4092.6,25382875,4501.8,3683.4,4440.0,3288.1,4018.0,100,4,4017.9,41,3,4017.8,1,1,4017.7,2,2,4017.6,188,6,4018.2,1,1,4019.1,19,1,4019.2,4,2,4019.4,51,2,4019.5,43,1
11483,2026-07-02 13:50:36+05:30,4018.0,10,4036.15,1551250,143933.0,178659.0,4100.0,4110.0,4012.0,4092.6,25382875,4501.8,3683.4,4440.0,3288.1,4018.0,100,4,4017.9,41,3,4017.8,1,1,4017.7,2,2,4017.6,188,6,4018.2,1,1,4019.1,19,1,4019.2,4,2,4019.4,51,2,4019.5,43,1
11483,2026-07-02 13:50:37+05:30,4019.2,35,4036.15,1551307,143988.0,178230.0,4100.0,4110.0,4012.0,4092.6,25382875,4501.8,3683.4,4440.0,3288.1,4018.0,20,1,4017.9,41,3,4017.8,1,1,4017.7,2,2,4017.6,156,4,4019.2,12,1,4019.5,101,3,4019.6,2,1,4019.7,83,2,4019.8,2,1
11483,2026-07-02 13:50:37+05:30,4018.0,7,4036.15,1551307,143988.0,178230.0,4100.0,4110.0,4012.0,4092.6,25382875,4501.8,3683.4,4440.0,3288.1,4018.0,20,1,4017.9,41,3,4017.8,1,1,4017.7,2,2,4017.6,156,4,4019.2,12,1,4019.5,101,3,4019.6,2,1,4019.7,83,2,4019.8,2,1
11483,2026-07-02 13:50:38+05:30,4019.2,1,4036.15,1551320,144074.0,178280.0,4100.0,4110.0,4012.0,4092.6,25382875,4501.8,3683.4,4440.0,3288.1,4018.1,18,1,4018.0,36,4,4017.9,41,3,4017.8,1,1,4017.7,40,3,4019.2,7,2,4019.5,43,1,4019.6,19,1,4019.7,85,3,4019.8,48,1
11483,2026-07-02 13:50:38+05:30,4018.1,2,4036.15,1551320,144074.0,178280.0,4100.0,4110.0,4012.0,4092.6,25382875,4501.8,3683.4,4440.0,3288.1,4018.1,18,1,4018.0,36,4,4017.9,41,3,4017.8,1,1,4017.7,40,3,4019.2,7,2,4019.5,43,1,4019.6,19,1,4019.7,85,3,4019.8,48,1
11483,2026-07-02 13:50:39+05:30,4019.2,1,4036.15,1551323,144179.0,178248.0,4100.0,4110.0,4012.0,4092.6,25382875,4501.8,3683.4,4440.0,3288.1,4018.7,1,1,4018.5,2,1,4018.2,6,2,4018.0,36,4,4017.9,66,4,4019.2,6,2,4019.5,43,1,4019.7,85,3,4019.9,51,2,4020.0,257,11
11483,2026-07-02 13:50:39+05:30,4019.2,1,4036.15,1551323,144179.0,178248.0,4100.0,4110.0,4012.0,4092.6,25382875,4501.8,3683.4,4440.0,3288.1,4018.7,1,1,4018.5,2,1,4018.2,6,2,4018.0,36,4,4017.9,66,4,4019.2,6,2,4019.5,43,1,4019.7,85,3,4019.9,51,2,4020.0,257,11
11483,2026-07-02 13:50:40+05:30,4018.2,1,4036.15,1551329,143982.0,178763.0,4100.0,4110.0,4012.0,4092.6,25382875,4501.8,3683.4,4440.0,3288.1,4018.2,5,1,4018.0,36,4,4017.9,66,4,4017.8,1,1,4017.7,2,2,4018.5,345,1,4019.2,7,3,4019.5,45,2,4019.6,2,1,4019.7,117,5
11483,2026-07-02 13:50:40+05:30,4018.0,5,4036.15,1551329,143982.0,178763.0,4100.0,4110.0,4012.0,4092.6,25382875,4501.8,3683.4,4440.0,3288.1,4018.2,5,1,4018.0,36,4,4017.9,66,4,4017.8,1,1,4017.7,2,2,4018.5,345,1,4019.2,7,3,4019.5,45,2,4019.6,2,1,4019.7,117,5
11483,2026-07-02 13:50:41+05:30,4019.2,4,4036.15,1551354,144144.0,178018.0,4100.0,4110.0,4012.0,4092.6,25382875,4501.8,3683.4,4440.0,3288.1,4018.5,31,2,4018.4,18,1,4018.3,30,3,4018.1,3,1,4018.0,30,4,4019.2,2,2,4019.5,43,1,4019.7,2,1,4019.9,49,1,4020.0,211,7
11483,2026-07-02 13:50:41+05:30,4018.5,3,4036.15,1551354,144144.0,178018.0,4100.0,4110.0,4012.0,4092.6,25382875,4501.8,3683.4,4440.0,3288.1,4018.5,31,2,4018.4,18,1,4018.3,30,3,4018.1,3,1,4018.0,30,4,4019.2,2,2,4019.5,43,1,4019.7,2,1,4019.9,49,1,4020.0,211,7
11483,2026-07-02 13:50:42+05:30,4019.2,1,4036.15,1551358,144434.0,178046.0,4100.0,4110.0,4012.0,4092.6,25382875,4501.8,3683.4,4440.0,3288.1,4018.9,81,1,4018.8,42,1,4018.7,42,1,4018.5,70,3,4018.4,18,1,4019.2,13,2,4019.5,43,1,4019.9,2,1,4020.0,165,5,4020.2,47,4
11483,2026-07-02 13:50:42+05:30,4019.2,11,4036.15,1551358,144434.0,178046.0,4100.0,4110.0,4012.0,4092.6,25382875,4501.8,3683.4,4440.0,3288.1,4018.9,81,1,4018.8,42,1,4018.7,42,1,4018.5,70,3,4018.4,18,1,4019.2,13,2,4019.5,43,1,4019.9,2,1,4020.0,165,5,4020.2,47,4
11483,2026-07-02 13:50:43+05:30,4019.2,11,4036.15,1551370,144337.0,178612.0,4100.0,4110.0,4012.0,4092.6,25382875,4501.8,3683.4,4440.0,3288.1,4018.9,42,1,4018.8,42,1,4018.6,44,2,4018.5,16,1,4018.4,60,2,4019.0,350,1,4019.2,2,2,4019.5,43,1,4019.8,21,1,4019.9,4,2
11483,2026-07-02 13:50:43+05:30,4018.9,2,4036.15,1551370,144337.0,178612.0,4100.0,4110.0,4012.0,4092.6,25382875,4501.8,3683.4,4440.0,3288.1,4018.9,42,1,4018.8,42,1,4018.6,44,2,4018.5,16,1,4018.4,60,2,4019.0,350,1,4019.2,2,2,4019.5,43,1,4019.8,21,1,4019.9,4,2
11483,2026-07-02 13:50:44+05:30,4018.5,116,4036.14,1551722,144685.0,176836.0,4100.0,4110.0,4012.0,4092.6,25382875,4501.8,3683.4,4440.0,3288.1,4018.6,16,1,4018.5,9,2,4018.4,55,3,4018.3,11,2,4018.2,10,1,4018.9,350,1,4019.2,2,2,4019.5,43,1,4020.0,169,5,4020.2,3,2
11483,2026-07-02 13:50:44+05:30,4018.5,38,4036.14,1551722,144685.0,176836.0,4100.0,4110.0,4012.0,4092.6,25382875,4501.8,3683.4,4440.0,3288.1,4018.6,16,1,4018.5,9,2,4018.4,55,3,4018.3,11,2,4018.2,10,1,4018.9,350,1,4019.2,2,2,4019.5,43,1,4020.0,169,5,4020.2,3,2
11483,2026-07-02 13:50:45+05:30,4018.6,5,4036.14,1551796,149527.0,177867.0,4100.0,4110.0,4012.0,4092.6,25382875,4501.8,3683.4,4440.0,3288.1,4018.5,30,3,4018.3,3,1,4018.2,25,3,4018.1,6,2,4018.0,87,7,4018.6,5,1,4019.2,2,2,4019.5,43,1,4019.9,44,1,4020.0,186,6
11483,2026-07-02 13:50:45+05:30,4018.6,2,4036.14,1551796,149527.0,177867.0,4100.0,4110.0,4012.0,4092.6,25382875,4501.8,3683.4,4440.0,3288.1,4018.5,30,3,4018.3,3,1,4018.2,25,3,4018.1,6,2,4018.0,87,7,4018.6,5,1,4019.2,2,2,4019.5,43,1,4019.9,44,1,4020.0,186,6
11483,2026-07-02 13:50:46+05:30,4018.9,1,4036.14,1551829,150030.0,177095.0,4100.0,4110.0,4012.0,4092.6,25382875,4501.8,3683.4,4440.0,3288.1,4019.1,7,3,4018.6,111,2,4018.5,79,3,4018.4,42,1,4018.3,19,1,4019.2,1,1,4019.5,43,1,4020.0,108,3,4020.2,3,2,4020.3,2,1
11483,2026-07-02 13:50:46+05:30,4019.2,12,4036.14,1551829,150030.0,177095.0,4100.0,4110.0,4012.0,4092.6,25382875,4501.8,3683.4,4440.0,3288.1,4019.1,7,3,4018.6,111,2,4018.5,79,3,4018.4,42,1,4018.3,19,1,4019.2,1,1,4019.5,43,1,4020.0,108,3,4020.2,3,2,4020.3,2,1
11483,2026-07-02 13:50:47+05:30,4019.5,5,4036.14,1551987,150670.0,177166.0,4100.0,4110.0,4012.0,4092.6,25382875,4501.8,3683.4,4440.0,3288.1,4019.4,39,1,4019.2,83,4,4019.1,2,2,4019.0,42,1,4018.8,76,2,4019.5,38,1,4020.0,108,3,4020.2,3,2,4020.3,2,1,4020.5,51,2
11483,2026-07-02 13:50:47+05:30,4019.5,1,4036.14,1551987,150670.0,177166.0,4100.0,4110.0,4012.0,4092.6,25382875,4501.8,3683.4,4440.0,3288.1,4019.4,39,1,4019.2,83,4,4019.1,2,2,4019.0,42,1,4018.8,76,2,4019.5,38,1,4020.0,108,3,4020.2,3,2,4020.3,2,1,4020.5,51,2
11483,2026-07-02 13:50:48+05:30,4019.5,1,4036.14,1552008,150580.0,177192.0,4100.0,4110.0,4012.0,4092.6,25382875,4501.8,3683.4,4440.0,3288.1,4019.3,42,1,4019.2,41,3,4019.1,44,3,4018.9,42,1,4018.8,34,1,4019.5,36,1,4020.0,108,3,4020.2,3,2,4020.3,2,1,4020.5,51,2
11483,2026-07-02 13:50:48+05:30,4019.3,2,4036.14,1552008,150580.0,177192.0,4100.0,4110.0,4012.0,4092.6,25382875,4501.8,3683.4,4440.0,3288.1,4019.3,42,1,4019.2,41,3,4019.1,44,3,4018.9,42,1,4018.8,34,1,4019.5,36,1,4020.0,108,3,4020.2,3,2,4020.3,2,1,4020.5,51,2
11483,2026-07-02 13:50:49+05:30,4019.5,18,4036.14,1552028,150388.0,177076.0,4100.0,4110.0,4012.0,4092.6,25382875,4501.8,3683.4,4440.0,3288.1,4019.4,52,3,4019.3,40,1,4019.2,31,2,4019.1,44,3,4018.9,42,1,4019.5,18,1,4020.0,108,3,4020.2,3,2,4020.3,2,1,4020.5,51,2
11483,2026-07-02 13:50:49+05:30,4019.4,3,4036.14,1552028,150388.0,177076.0,4100.0,4110.0,4012.0,4092.6,25382875,4501.8,3683.4,4440.0,3288.1,4019.4,52,3,4019.3,40,1,4019.2,31,2,4019.1,44,3,4018.9,42,1,4019.5,18,1,4020.0,108,3,4020.2,3,2,4020.3,2,1,4020.5,51,2
11483,2026-07-02 13:50:49+05:30,4019.5,78,4036.14,1552109,150488.0,176956.0,4100.0,4110.0,4012.0,4092.6,25382875,4501.8,3683.4,4440.0,3288.1,4019.4,40,2,4019.3,40,1,4019.2,31,2,4019.1,44,3,4018.9,42,1,4019.5,40,1,4020.0,108,3,4020.2,3,2,4020.3,2,1,4020.5,51,2
11483,2026-07-02 13:50:50+05:30,4019.4,10,4036.14,1552109,150488.0,176956.0,4100.0,4110.0,4012.0,4092.6,25382875,4501.8,3683.4,4440.0,3288.1,4019.4,40,2,4019.3,40,1,4019.2,31,2,4019.1,44,3,4018.9,42,1,4019.5,40,1,4020.0,108,3,4020.2,3,2,4020.3,2,1,4020.5,51,2
11483,2026-07-02 13:50:50+05:30,4019.5,40,4036.14,1552159,150554.0,176770.0,4100.0,4110.0,4012.0,4092.6,25382875,4501.8,3683.4,4440.0,3288.1,4019.5,31,1,4019.4,30,2,4019.3,40,1,4019.2,31,2,4019.1,44,3,4020.0,108,3,4020.2,3,2,4020.3,2,1,4020.5,51,2,4020.6,13,1
11483,2026-07-02 13:50:51+05:30,4020.0,7,4036.14,1552159,150554.0,176770.0,4100.0,4110.0,4012.0,4092.6,25382875,4501.8,3683.4,4440.0,3288.1,4019.5,31,1,4019.4,30,2,4019.3,40,1,4019.2,31,2,4019.1,44,3,4020.0,108,3,4020.2,3,2,4020.3,2,1,4020.5,51,2,4020.6,13,1
11483,2026-07-02 13:50:51+05:30,4020.0,4,4036.14,1552177,150556.0,176781.0,4100.0,4110.0,4012.0,4092.6,25382875,4501.8,3683.4,4440.0,3288.1,4019.4,72,3,4019.3,40,1,4019.2,72,2,4019.1,2,2,4018.8,51,2,4020.0,111,2,4020.2,3,2,4020.3,2,1,4020.5,51,2,4020.6,13,1
11483,2026-07-02 13:50:52+05:30,4020.0,1,4036.14,1552177,150556.0,176781.0,4100.0,4110.0,4012.0,4092.6,25382875,4501.8,3683.4,4440.0,3288.1,4019.4,72,3,4019.3,40,1,4019.2,72,2,4019.1,2,2,4018.8,51,2,4020.0,111,2,4020.2,3,2,4020.3,2,1,4020.5,51,2,4020.6,13,1
11483,2026-07-02 13:50:52+05:30,4020.0,1,4036.14,1552180,150617.0,176610.0,4100.0,4110.0,4012.0,4092.6,25382875,4501.8,3683.4,4440.0,3288.1,4019.8,23,1,4019.4,70,3,4019.3,40,1,4019.2,72,2,4019.1,2,2,4020.0,110,2,4020.2,3,2,4020.3,2,1,4020.5,51,2,4020.6,13,1
11483,2026-07-02 13:50:53+05:30,4020.0,23,4036.14,1552180,150617.0,176610.0,4100.0,4110.0,4012.0,4092.6,25382875,4501.8,3683.4,4440.0,3288.1,4019.8,23,1,4019.4,70,3,4019.3,40,1,4019.2,72,2,4019.1,2,2,4020.0,110,2,4020.2,3,2,4020.3,2,1,4020.5,51,2,4020.6,13,1
11483,2026-07-02 13:50:53+05:30,4020.0,23,4036.14,1552203,150634.0,176587.0,4100.0,4110.0,4012.0,4092.6,25382875,4501.8,3683.4,4440.0,3288.1,4019.9,1,1,4019.6,42,1,4019.4,70,3,4019.3,40,1,4019.2,30,1,4020.0,87,2,4020.2,3,2,4020.3,2,1,4020.5,51,2,4020.6,13,1
11483,2026-07-02 13:50:54+05:30,4019.9,1,4036.14,1552203,150634.0,176587.0,4100.0,4110.0,4012.0,4092.6,25382875,4501.8,3683.4,4440.0,3288.1,4019.9,1,1,4019.6,42,1,4019.4,70,3,4019.3,40,1,4019.2,30,1,4020.0,87,2,4020.2,3,2,4020.3,2,1,4020.5,51,2,4020.6,13,1
11483,2026-07-02 13:50:54+05:30,4019.6,4,4036.14,1552291,150695.0,176539.0,4100.0,4110.0,4012.0,4092.6,25382875,4501.8,3683.4,4440.0,3288.1,4019.6,23,1,4019.4,27,1,4019.3,82,2,4019.2,30,1,4019.1,2,2,4020.0,87,2,4020.2,3,2,4020.3,2,1,4020.5,51,2,4020.6,13,1
11483,2026-07-02 13:50:55+05:30,4019.6,1,4036.14,1552291,150695.0,176539.0,4100.0,4110.0,4012.0,4092.6,25382875,4501.8,3683.4,4440.0,3288.1,4019.6,23,1,4019.4,27,1,4019.3,82,2,4019.2,30,1,4019.1,2,2,4020.0,87,2,4020.2,3,2,4020.3,2,1,4020.5,51,2,4020.6,13,1
11483,2026-07-02 13:50:55+05:30,4019.9,5,4036.14,1552308,150754.0,176808.0,4100.0,4110.0,4012.0,4092.6,25382875,4501.8,3683.4,4440.0,3288.1,4019.9,60,1,4019.7,8,1,4019.6,12,1,4019.4,27,1,4019.3,82,2,4020.0,89,3,4020.2,3,2,4020.3,2,1,4020.5,72,3,4020.7,14,1
11483,2026-07-02 13:50:56+05:30,4019.7,10,4036.14,1552308,150754.0,176808.0,4100.0,4110.0,4012.0,4092.6,25382875,4501.8,3683.4,4440.0,3288.1,4019.9,60,1,4019.7,8,1,4019.6,12,1,4019.4,27,1,4019.3,82,2,4020.0,89,3,4020.2,3,2,4020.3,2,1,4020.5,72,3,4020.7,14,1
11483,2026-07-02 13:50:56+05:30,4019.7,10,4036.14,1552324,150631.0,176921.0,4100.0,4110.0,4012.0,4092.6,25382875,4501.8,3683.4,4440.0,3288.1,4019.7,8,1,4019.6,12,1,4019.5,5,1,4019.4,69,2,4019.3,40,1,4019.9,10,1,4020.0,115,5,4020.2,8,3,4020.3,22,2,4020.4,16,2
11483,2026-07-02 13:50:57+05:30,4019.9,10,4036.14,1552324,150631.0,176921.0,4100.0,4110.0,4012.0,4092.6,25382875,4501.8,3683.4,4440.0,3288.1,4019.7,8,1,4019.6,12,1,4019.5,5,1,4019.4,69,2,4019.3,40,1,4019.9,10,1,4020.0,115,5,4020.2,8,3,4020.3,22,2,4020.4,16,2
11483,2026-07-02 13:50:57+05:30,4019.9,10,4036.14,1552336,150397.0,176719.0,4100.0,4110.0,4012.0,4092.6,25382875,4501.8,3683.4,4440.0,3288.1,4019.7,6,1,4019.5,5,1,4019.2,30,1,4018.9,17,1,4018.6,12,1,4019.8,10,1,4019.9,42,6,4020.0,83,2,4020.1,6,1,4020.2,8,3
11483,2026-07-02 13:50:58+05:30,4019.7,4,4036.14,1552336,150397.0,176719.0,4100.0,4110.0,4012.0,4092.6,25382875,4501.8,3683.4,4440.0,3288.1,4019.7,6,1,4019.5,5,1,4019.2,30,1,4018.9,17,1,4018.6,12,1,4019.8,10,1,4019.9,42,6,4020.0,83,2,4020.1,6,1,4020.2,8,3
11483,2026-07-02 13:50:58+05:30,4019.7,4,4036.14,1552409,150387.0,175915.0,4100.0,4110.0,4012.0,4092.6,25382875,4501.8,3683.4,4440.0,3288.1,4019.5,5,1,4019.2,30,1,4018.9,17,1,4018.6,12,1,4018.5,10,1,4019.7,88,1,4019.9,39,5,4020.0,83,2,4020.1,6,1,4020.2,9,4
11483,2026-07-02 13:50:59+05:30,4019.7,1,4036.14,1552409,150387.0,175915.0,4100.0,4110.0,4012.0,4092.6,25382875,4501.8,3683.4,4440.0,3288.1,4019.5,5,1,4019.2,30,1,4018.9,17,1,4018.6,12,1,4018.5,10,1,4019.7,88,1,4019.9,39,5,4020.0,83,2,4020.1,6,1,4020.2,9,4
11483,2026-07-02 13:50:59+05:30,4019.7,1,4036.14,1552422,150312.0,175951.0,4100.0,4110.0,4012.0,4092.6,25382875,4501.8,3683.4,4440.0,3288.1,4019.4,1,1,4019.2,30,1,4018.5,10,1,4018.4,4,1,4018.3,13,1,4019.7,106,3,4019.9,1,1,4020.0,103,3,4020.1,6,1,4020.2,31,5
11483,2026-07-02 13:51:00+05:30,4019.2,1,4036.14,1552422,150312.0,175951.0,4100.0,4110.0,4012.0,4092.6,25382875,4501.8,3683.4,4440.0,3288.1,4019.4,1,1,4019.2,30,1,4018.5,10,1,4018.4,4,1,4018.3,13,1,4019.7,106,3,4019.9,1,1,4020.0,103,3,4020.1,6,1,4020.2,31,5
11483,2026-07-02 13:51:00+05:30,4019.2,1,4036.14,1552424,150311.0,175884.0,4100.0,4110.0,4012.0,4092.6,25382875,4501.8,3683.4,4440.0,3288.1,4019.2,29,1,4018.5,10,1,4018.4,4,1,4018.3,13,1,4018.2,5,2,4019.4,1,1,4019.7,86,2,4020.0,103,3,4020.2,30,4,4020.3,41,4
11483,2026-07-02 13:51:01+05:30,4017.6,73,4036.14,1552424,150311.0,175884.0,4100.0,4110.0,4012.0,4092.6,25382875,4501.8,3683.4,4440.0,3288.1,4019.2,29,1,4018.5,10,1,4018.4,4,1,4018.3,13,1,4018.2,5,2,4019.4,1,1,4019.7,86,2,4020.0,103,3,4020.2,30,4,4020.3,41,4
11483,2026-07-02 13:51:01+05:30,4017.6,73,4036.13,1553136,149401.0,176393.0,4100.0,4110.0,4012.0,4092.6,25382875,4501.8,3683.4,4440.0,3288.1,4018.2,31,3,4018.1,17,2,4018.0,30,3,4017.9,51,3,4017.8,52,5,4019.7,66,3,4019.9,32,1,4020.0,85,3,4020.1,12,1,4020.2,30,4
11483,2026-07-02 13:51:02+05:30,4018.2,9,4036.13,1553136,149401.0,176393.0,4100.0,4110.0,4012.0,4092.6,25382875,4501.8,3683.4,4440.0,3288.1,4018.2,31,3,4018.1,17,2,4018.0,30,3,4017.9,51,3,4017.8,52,5,4019.7,66,3,4019.9,32,1,4020.0,85,3,4020.1,12,1,4020.2,30,4
11483,2026-07-02 13:51:02+05:30,4018.2,9,4036.13,1553221,150035.0,176085.0,4100.0,4110.0,4012.0,4092.6,25382875,4501.8,3683.4,4440.0,3288.1,4019.4,1,1,4018.4,2,1,4018.3,31,2,4018.2,85,2,4018.1,97,6,4019.7,66,3,4020.0,83,2,4020.2,30,4,4020.3,2,1,4020.5,96,4
11483,2026-07-02 13:51:03+05:30,4019.4,1,4036.13,1553221,150035.0,176085.0,4100.0,4110.0,4012.0,4092.6,25382875,4501.8,3683.4,4440.0,3288.1,4019.4,1,1,4018.4,2,1,4018.3,31,2,4018.2,85,2,4018.1,97,6,4019.7,66,3,4020.0,83,2,4020.2,30,4,4020.3,2,1,4020.5,96,4
11483,2026-07-02 13:51:03+05:30,4019.4,1,4036.13,1553224,149578.0,176146.0,4100.0,4110.0,4012.0,4092.6,25382875,4501.8,3683.4,4440.0,3288.1,4018.2,48,2,4018.1,99,5,4018.0,94,7,4017.9,42,4,4017.8,45,4,4019.4,1,1,4019.7,91,4,4020.0,84,3,4020.2,30,4,4020.3,14,2
11483,2026-07-02 13:51:04+05:30,4018.2,1,4036.13,1553224,149578.0,176146.0,4100.0,4110.0,4012.0,4092.6,25382875,4501.8,3683.4,4440.0,3288.1,4018.2,48,2,4018.1,99,5,4018.0,94,7,4017.9,42,4,4017.8,45,4,4019.4,1,1,4019.7,91,4,4020.0,84,3,4020.2,30,4,4020.3,14,2
11483,2026-07-02 13:51:04+05:30,4018.2,1,4036.13,1553225,149612.0,176101.0,4100.0,4110.0,4012.0,4092.6,25382875,4501.8,3683.4,4440.0,3288.1,4018.2,47,2,4018.1,75,3,4018.0,80,7,4017.9,58,4,4017.8,45,4,4019.4,2,2,4019.7,89,3,4020.0,97,4,4020.1,4,1,4020.2,30,4
11483,2026-07-02 13:51:05+05:30,4018.2,1,4036.13,1553225,149597.0,176130.0,4100.0,4110.0,4012.0,4092.6,25382875,4501.8,3683.4,4440.0,3288.1,4018.2,71,3,4018.1,53,2,4018.0,67,5,4017.9,58,4,4017.8,45,4,4019.4,2,2,4019.7,89,3,4020.0,97,4,4020.1,7,2,4020.2,30,4
11483,2026-07-02 13:51:06+05:30,4019.4,5,4036.13,1553232,149496.0,176120.0,4100.0,4110.0,4012.0,4092.6,25382875,4501.8,3683.4,4440.0,3288.1,4018.4,34,2,4018.2,48,2,4018.1,53,2,4018.0,87,6,4017.9,21,3,4019.4,2,1,4019.7,89,3,4019.8,12,1,4020.0,84,3,4020.1,3,1
11483,2026-07-02 13:51:06+05:30,4018.4,1,4036.13,1553232,149496.0,176120.0,4100.0,4110.0,4012.0,4092.6,25382875,4501.8,3683.4,4440.0,3288.1,4018.4,34,2,4018.2,48,2,4018.1,53,2,4018.0,87,6,4017.9,21,3,4019.4,2,1,4019.7,89,3,4019.8,12,1,4020.0,84,3,4020.1,3,1
11483,2026-07-02 13:51:07+05:30,4019.4,1,4036.13,1553232,149496.0,176120.0,4100.0,4110.0,4012.0,4092.6,25382875,4501.8,3683.4,4440.0,3288.1,4018.4,34,2,4018.2,48,2,4018.1,53,2,4018.0,87,6,4017.9,21,3,4019.4,2,1,4019.7,89,3,4019.8,12,1,4020.0,84,3,4020.1,3,1
11483,2026-07-02 13:51:07+05:30,4019.4,1,4036.13,1553234,149317.0,177035.0,4100.0,4110.0,4012.0,4092.6,25382875,4501.8,3683.4,4440.0,3288.1,4018.4,8,1,4018.1,19,1,4017.8,33,2,4017.7,77,7,4017.6,104,5,4019.4,2,2,4019.7,89,3,4019.8,52,4,4019.9,27,2,4020.0,84,3
11483,2026-07-02 13:51:08+05:30,4019.4,1,4036.13,1553234,149293.0,177000.0,4100.0,4110.0,4012.0,4092.6,25382875,4501.8,3683.4,4440.0,3288.1,4018.4,8,1,4018.1,19,1,4018.0,102,2,4017.8,22,1,4017.7,70,6,4019.4,2,2,4019.6,11,1,4019.7,89,3,4019.8,40,3,4019.9,27,2
11483,2026-07-02 13:51:09+05:30,4019.4,1,4036.13,1553237,149182.0,177160.0,4100.0,4110.0,4012.0,4092.6,25382875,4501.8,3683.4,4440.0,3288.1,4018.9,1,1,4018.4,8,1,4018.0,129,4,4017.8,21,1,4017.7,65,5,4019.5,12,1,4019.6,11,1,4019.7,89,3,4019.8,45,4,4019.9,29,3
11483,2026-07-02 13:51:09+05:30,4019.4,1,4036.13,1553237,149182.0,177160.0,4100.0,4110.0,4012.0,4092.6,25382875,4501.8,3683.4,4440.0,3288.1,4018.9,1,1,4018.4,8,1,4018.0,129,4,4017.8,21,1,4017.7,65,5,4019.5,12,1,4019.6,11,1,4019.7,89,3,4019.8,45,4,4019.9,29,3
11483,2026-07-02 13:51:10+05:30,4017.7,3,4036.12,1553412,148810.0,177564.0,4100.0,4110.0,4012.0,4092.6,25382875,4501.8,3683.4,4440.0,3288.1,4018.2,6,1,4018.0,9,2,4017.9,6,1,4017.8,16,2,4017.7,30,2,4018.9,1,1,4019.3,17,1,4019.4,17,1,4019.5,21,4,4019.6,57,3
11483,2026-07-02 13:51:10+05:30,4018.2,6,4036.12,1553412,148810.0,177564.0,4100.0,4110.0,4012.0,4092.6,25382875,4501.8,3683.4,4440.0,3288.1,4018.2,6,1,4018.0,9,2,4017.9,6,1,4017.8,16,2,4017.7,30,2,4018.9,1,1,4019.3,17,1,4019.4,17,1,4019.5,21,4,4019.6,57,3
11483,2026-07-02 13:51:11+05:30,4018.2,6,4036.12,1553418,148445.0,177632.0,4100.0,4110.0,4012.0,4092.6,25382875,4501.8,3683.4,4440.0,3288.1,4017.7,59,5,4017.6,87,3,4017.5,1,1,4017.4,40,2,4017.3,39,5,4018.2,3,1,4018.4,2,1,4018.9,1,1,4019.3,17,1,4019.4,17,1
11483,2026-07-02 13:51:12+05:30,4018.2,6,4036.12,1553418,148484.0,177615.0,4100.0,4110.0,4012.0,4092.6,25382875,4501.8,3683.4,4440.0,3288.1,4017.7,75,6,4017.6,90,5,4017.5,13,2,4017.4,37,2,4017.3,43,5,4018.2,5,2,4018.4,2,1,4018.9,6,2,4019.3,17,1,4019.4,13,1
11483,2026-07-02 13:51:13+05:30,4018.2,1,4036.12,1553419,148511.0,177621.0,4100.0,4110.0,4012.0,4092.6,25382875,4501.8,3683.4,4440.0,3288.1,4017.7,75,6,4017.6,88,4,4017.5,13,2,4017.4,44,3,4017.3,43,5,4018.2,4,2,4018.4,2,1,4018.9,6,2,4019.3,17,1,4019.4,13,1
11483,2026-07-02 13:51:13+05:30,4017.7,4,4036.12,1553419,148511.0,177621.0,4100.0,4110.0,4012.0,4092.6,25382875,4501.8,3683.4,4440.0,3288.1,4017.7,75,6,4017.6,88,4,4017.5,13,2,4017.4,44,3,4017.3,43,5,4018.2,4,2,4018.4,2,1,4018.9,6,2,4019.3,17,1,4019.4,13,1
11483,2026-07-02 13:51:14+05:30,4017.7,3,4036.12,1553445,148548.0,177545.0,4100.0,4110.0,4012.0,4092.6,25382875,4501.8,3683.4,4440.0,3288.1,4017.7,70,6,4017.6,90,5,4017.5,13,2,4017.4,37,2,4017.3,43,5,4018.2,6,3,4018.9,22,3,4019.3,71,2,4019.4,13,1,4019.5,63,5
11483,2026-07-02 13:51:14+05:30,4017.7,4,4036.12,1553445,148548.0,177545.0,4100.0,4110.0,4012.0,4092.6,25382875,4501.8,3683.4,4440.0,3288.1,4017.7,70,6,4017.6,90,5,4017.5,13,2,4017.4,37,2,4017.3,43,5,4018.2,6,3,4018.9,22,3,4019.3,71,2,4019.4,13,1,4019.5,63,5
11483,2026-07-02 13:51:14+05:30,4017.7,4,4036.12,1553449,147846.0,177548.0,4100.0,4110.0,4012.0,4092.6,25382875,4501.8,3683.4,4440.0,3288.1,4017.7,76,6,4017.6,90,5,4017.5,13,2,4017.4,37,2,4017.3,43,5,4018.2,6,3,4018.9,22,3,4019.3,71,2,4019.4,13,1,4019.5,63,5
11483,2026-07-02 13:51:15+05:30,4018.2,1,4036.12,1553454,147645.0,177542.0,4100.0,4110.0,4012.0,4092.6,25382875,4501.8,3683.4,4440.0,3288.1,4017.7,76,6,4017.6,90,5,4017.5,13,2,4017.4,37,2,4017.3,43,5,4018.2,4,2,4018.9,22,3,4019.2,12,1,4019.3,71,2,4019.5,63,5
11483,2026-07-02 13:51:16+05:30,4017.7,1,4036.12,1553454,147645.0,177542.0,4100.0,4110.0,4012.0,4092.6,25382875,4501.8,3683.4,4440.0,3288.1,4017.7,76,6,4017.6,90,5,4017.5,13,2,4017.4,37,2,4017.3,43,5,4018.2,4,2,4018.9,22,3,4019.2,12,1,4019.3,71,2,4019.5,63,5
11483,2026-07-02 13:51:16+05:30,4018.2,1,4036.12,1553457,147724.0,177562.0,4100.0,4110.0,4012.0,4092.6,25382875,4501.8,3683.4,4440.0,3288.1,4017.7,75,6,4017.6,90,5,4017.5,13,2,4017.4,37,2,4017.3,43,5,4018.2,2,1,4018.3,13,1,4018.9,22,3,4019.2,20,1,4019.3,71,2
11483,2026-07-02 13:51:17+05:30,4018.2,3,4036.12,1553457,147724.0,177562.0,4100.0,4110.0,4012.0,4092.6,25382875,4501.8,3683.4,4440.0,3288.1,4017.7,75,6,4017.6,90,5,4017.5,13,2,4017.4,37,2,4017.3,43,5,4018.2,2,1,4018.3,13,1,4018.9,22,3,4019.2,20,1,4019.3,71,2
11483,2026-07-02 13:51:17+05:30,4018.2,3,4036.12,1553460,147838.0,177564.0,4100.0,4110.0,4012.0,4092.6,25382875,4501.8,3683.4,4440.0,3288.1,4018.0,10,1,4017.7,75,6,4017.6,90,5,4017.5,13,2,4017.4,37,2,4018.2,3,1,4018.3,13,1,4018.9,22,3,4019.2,20,1,4019.3,71,2
11483,2026-07-02 13:51:18+05:30,4018.2,3,4036.12,1553460,147838.0,177564.0,4100.0,4110.0,4012.0,4092.6,25382875,4501.8,3683.4,4440.0,3288.1,4018.0,10,1,4017.7,75,6,4017.6,90,5,4017.5,13,2,4017.4,37,2,4018.2,3,1,4018.3,13,1,4018.9,22,3,4019.2,20,1,4019.3,71,2
11483,2026-07-02 13:51:18+05:30,4018.2,3,4036.12,1553460,147864.0,177567.0,4100.0,4110.0,4012.0,4092.6,25382875,4501.8,3683.4,4440.0,3288.1,4018.0,10,1,4017.7,77,7,4017.6,90,5,4017.5,13,2,4017.4,37,2,4018.2,3,1,4018.3,13,1,4018.9,22,3,4019.2,20,1,4019.3,71,2
11483,2026-07-02 13:51:19+05:30,4018.2,3,4036.12,1553460,147864.0,177567.0,4100.0,4110.0,4012.0,4092.6,25382875,4501.8,3683.4,4440.0,3288.1,4018.0,10,1,4017.7,77,7,4017.6,90,5,4017.5,13,2,4017.4,37,2,4018.2,3,1,4018.3,13,1,4018.9,22,3,4019.2,20,1,4019.3,71,2
11483,2026-07-02 13:51:19+05:30,4018.2,1,4036.12,1553460,147864.0,177567.0,4100.0,4110.0,4012.0,4092.6,25382875,4501.8,3683.4,4440.0,3288.1,4018.0,10,1,4017.7,77,7,4017.6,90,5,4017.5,13,2,4017.4,37,2,4018.2,3,1,4018.3,13,1,4018.9,22,3,4019.2,20,1,4019.3,71,2
11483,2026-07-02 13:51:19+05:30,4018.2,1,4036.12,1553460,147864.0,177567.0,4100.0,4110.0,4012.0,4092.6,25382875,4501.8,3683.4,4440.0,3288.1,4018.0,10,1,4017.7,77,7,4017.6,90,5,4017.5,13,2,4017.4,37,2,4018.2,3,1,4018.3,13,1,4018.9,22,3,4019.2,20,1,4019.3,71,2
11483,2026-07-02 13:51:19+05:30,4018.3,13,4036.12,1553481,147851.0,177751.0,4100.0,4110.0,4012.0,4092.6,25382875,4501.8,3683.4,4440.0,3288.1,4018.1,1,1,4018.0,34,3,4017.9,5,1,4017.8,8,1,4017.7,41,5,4018.3,13,1,4018.9,22,3,4019.2,20,1,4019.3,76,3,4019.5,48,3
11483,2026-07-02 13:51:20+05:30,4018.1,1,4036.12,1553481,147851.0,177751.0,4100.0,4110.0,4012.0,4092.6,25382875,4501.8,3683.4,4440.0,3288.1,4018.1,1,1,4018.0,34,3,4017.9,5,1,4017.8,8,1,4017.7,41,5,4018.3,13,1,4018.9,22,3,4019.2,20,1,4019.3,76,3,4019.5,48,3
11483,2026-07-02 13:51:20+05:30,4018.1,1,4036.12,1553481,147851.0,177751.0,4100.0,4110.0,4012.0,4092.6,25382875,4501.8,3683.4,4440.0,3288.1,4018.1,1,1,4018.0,34,3,4017.9,5,1,4017.8,8,1,4017.7,41,5,4018.3,13,1,4018.9,22,3,4019.2,20,1,4019.3,76,3,4019.5,48,3
11483,2026-07-02 13:51:20+05:30,4018.1,1,4036.12,1553484,144724.0,176191.0,4100.0,4110.0,4012.0,4092.6,25382875,4501.8,3683.4,4440.0,3288.1,4018.1,14,1,4018.0,83,8,4017.9,19,3,4017.8,18,1,4017.7,17,4,4018.9,22,3,4019.2,32,2,4019.3,54,1,4019.5,12,1,4019.7,51,3
11483,2026-07-02 13:51:21+05:30,4018.1,1,4036.12,1553484,144724.0,176191.0,4100.0,4110.0,4012.0,4092.6,25382875,4501.8,3683.4,4440.0,3288.1,4018.1,14,1,4018.0,83,8,4017.9,19,3,4017.8,18,1,4017.7,17,4,4018.9,22,3,4019.2,32,2,4019.3,54,1,4019.5,12,1,4019.7,51,3
11483,2026-07-02 13:51:21+05:30,4018.1,1,4036.12,1553484,144724.0,176191.0,4100.0,4110.0,4012.0,4092.6,25382875,4501.8,3683.4,4440.0,3288.1,4018.1,14,1,4018.0,83,8,4017.9,19,3,4017.8,18,1,4017.7,17,4,4018.9,22,3,4019.2,32,2,4019.3,54,1,4019.5,12,1,4019.7,51,3
11483,2026-07-02 13:51:21+05:30,4018.1,1,4036.12,1553484,144724.0,176191.0,4100.0,4110.0,4012.0,4092.6,25382875,4501.8,3683.4,4440.0,3288.1,4018.1,14,1,4018.0,83,8,4017.9,19,3,4017.8,18,1,4017.7,17,4,4018.9,22,3,4019.2,32,2,4019.3,54,1,4019.5,12,1,4019.7,51,3
11483,2026-07-02 13:51:21+05:30,4018.1,1,4036.12,1553484,145305.0,176218.0,4100.0,4110.0,4012.0,4092.6,25382875,4501.8,3683.4,4440.0,3288.1,4018.1,14,1,4018.0,118,10,4017.9,35,4,4017.8,20,2,4017.7,28,4,4018.9,22,3,4019.2,32,2,4019.3,54,1,4019.5,12,1,4019.7,35,2
11483,2026-07-02 13:51:22+05:30,4018.1,1,4036.12,1553484,145305.0,176218.0,4100.0,4110.0,4012.0,4092.6,25382875,4501.8,3683.4,4440.0,3288.1,4018.1,14,1,4018.0,118,10,4017.9,35,4,4017.8,20,2,4017.7,28,4,4018.9,22,3,4019.2,32,2,4019.3,54,1,4019.5,12,1,4019.7,35,2
11483,2026-07-02 13:51:22+05:30,4018.1,1,4036.12,1553484,145289.0,176234.0,4100.0,4110.0,4012.0,4092.6,25382875,4501.8,3683.4,4440.0,3288.1,4018.1,14,1,4018.0,118,10,4017.9,19,3,4017.8,20,2,4017.7,28,4,4018.9,22,3,4019.2,32,2,4019.3,54,1,4019.5,12,1,4019.7,51,3
11483,2026-07-02 13:51:23+05:30,4018.1,1,4036.12,1553484,145289.0,176234.0,4100.0,4110.0,4012.0,4092.6,25390225,4501.8,3683.4,4440.0,3288.1,4018.1,14,1,4018.0,118,10,4017.9,19,3,4017.8,20,2,4017.7,28,4,4018.9,22,3,4019.2,32,2,4019.3,54,1,4019.5,12,1,4019.7,51,3
11483,2026-07-02 13:51:23+05:30,4018.9,27,4036.12,1553484,145289.0,176234.0,4100.0,4110.0,4012.0,4092.6,25390225,4501.8,3683.4,4440.0,3288.1,4018.1,14,1,4018.0,118,10,4017.9,19,3,4017.8,20,2,4017.7,28,4,4018.9,22,3,4019.2,32,2,4019.3,54,1,4019.5,12,1,4019.7,51,3
11483,2026-07-02 13:51:23+05:30,4018.9,27,4036.12,1553484,145289.0,176234.0,4100.0,4110.0,4012.0,4092.6,25390225,4501.8,3683.4,4440.0,3288.1,4018.1,14,1,4018.0,118,10,4017.9,19,3,4017.8,20,2,4017.7,28,4,4018.9,22,3,4019.2,32,2,4019.3,54,1,4019.5,12,1,4019.7,51,3
11483,2026-07-02 13:51:23+05:30,4018.9,5,4036.12,1553540,145348.0,176272.0,4100.0,4110.0,4012.0,4092.6,25390225,4501.8,3683.4,4440.0,3288.1,4018.0,92,7,4017.9,21,4,4017.8,20,2,4017.7,28,4,4017.6,125,6,4018.9,6,2,4019.2,32,2,4019.3,70,2,4019.5,12,1,4019.7,35,2
11483,2026-07-02 13:51:24+05:30,4018.9,5,4036.12,1553540,145348.0,176272.0,4100.0,4110.0,4012.0,4092.6,25390225,4501.8,3683.4,4440.0,3288.1,4018.0,92,7,4017.9,21,4,4017.8,20,2,4017.7,28,4,4017.6,125,6,4018.9,6,2,4019.2,32,2,4019.3,70,2,4019.5,12,1,4019.7,35,2
11483,2026-07-02 13:51:24+05:30,4019.2,6,4036.12,1553540,145348.0,176272.0,4100.0,4110.0,4012.0,4092.6,25390225,4501.8,3683.4,4440.0,3288.1,4018.0,92,7,4017.9,21,4,4017.8,20,2,4017.7,28,4,4017.6,125,6,4018.9,6,2,4019.2,32,2,4019.3,70,2,4019.5,12,1,4019.7,35,2
11483,2026-07-02 13:51:24+05:30,4019.2,6,4036.12,1553540,145348.0,176272.0,4100.0,4110.0,4012.0,4092.6,25390225,4501.8,3683.4,4440.0,3288.1,4018.0,92,7,4017.9,21,4,4017.8,20,2,4017.7,28,4,4017.6,125,6,4018.9,6,2,4019.2,32,2,4019.3,70,2,4019.5,12,1,4019.7,35,2
11483,2026-07-02 13:51:25+05:30,4018.0,3,4036.12,1553589,145773.0,176201.0,4100.0,4110.0,4012.0,4092.6,25390225,4501.8,3683.4,4440.0,3288.1,4018.1,37,4,4018.0,69,6,4017.9,35,5,4017.8,26,2,4017.7,114,8,4019.2,26,2,4019.3,70,2,4019.7,35,2,4020.0,84,3,4020.2,42,4
11483,2026-07-02 13:51:25+05:30,4018.1,6,4036.12,1553589,145773.0,176201.0,4100.0,4110.0,4012.0,4092.6,25390225,4501.8,3683.4,4440.0,3288.1,4018.1,37,4,4018.0,69,6,4017.9,35,5,4017.8,26,2,4017.7,114,8,4019.2,26,2,4019.3,70,2,4019.7,35,2,4020.0,84,3,4020.2,42,4
11483,2026-07-02 13:51:25+05:30,4018.6,3,4036.12,1553598,146406.0,176351.0,4100.0,4110.0,4012.0,4092.6,25390225,4501.8,3683.4,4440.0,3288.1,4018.1,31,4,4018.0,45,3,4017.9,21,4,4017.8,20,2,4017.7,70,5,4018.6,51,1,4019.2,26,2,4019.3,16,1,4019.7,36,3,4020.0,97,4
11483,2026-07-02 13:51:26+05:30,4018.6,8,4036.12,1553598,146406.0,176351.0,4100.0,4110.0,4012.0,4092.6,25390225,4501.8,3683.4,4440.0,3288.1,4018.1,31,4,4018.0,45,3,4017.9,21,4,4017.8,20,2,4017.7,70,5,4018.6,51,1,4019.2,26,2,4019.3,16,1,4019.7,36,3,4020.0,97,4
11483,2026-07-02 13:51:26+05:30,4018.6,2,4036.12,1553609,146426.0,176318.0,4100.0,4110.0,4012.0,4092.6,25390225,4501.8,3683.4,4440.0,3288.1,4018.1,30,4,4018.0,45,3,4017.9,21,4,4017.8,18,1,4017.7,77,7,4018.6,41,1,4019.2,26,2,4019.3,16,1,4019.7,36,3,4019.9,56,2
11483,2026-07-02 13:51:27+05:30,4018.1,1,4036.12,1553609,146426.0,176318.0,4100.0,4110.0,4012.0,4092.6,25390225,4501.8,3683.4,4440.0,3288.1,4018.1,30,4,4018.0,45,3,4017.9,21,4,4017.8,18,1,4017.7,77,7,4018.6,41,1,4019.2,26,2,4019.3,16,1,4019.7,36,3,4019.9,56,2
11483,2026-07-02 13:51:27+05:30,4018.1,1,4036.12,1553611,146422.0,176322.0,4100.0,4110.0,4012.0,4092.6,25390225,4501.8,3683.4,4440.0,3288.1,4018.2,1,1,4018.1,23,3,4018.0,45,3,4017.9,21,4,4017.8,18,1,4018.6,41,1,4019.2,26,2,4019.3,16,1,4019.7,36,3,4019.9,56,2
11483,2026-07-02 13:51:28+05:30,4019.2,1,4036.12,1553611,146422.0,176322.0,4100.0,4110.0,4012.0,4092.6,25390225,4501.8,3683.4,4440.0,3288.1,4018.2,1,1,4018.1,23,3,4018.0,45,3,4017.9,21,4,4017.8,18,1,4018.6,41,1,4019.2,26,2,4019.3,16,1,4019.7,36,3,4019.9,56,2
11483,2026-07-02 13:51:29+05:30,4019.2,7,4036.12,1553660,145710.0,176249.0,4100.0,4110.0,4012.0,4092.6,25390225,4501.8,3683.4,4440.0,3288.1,4018.6,9,1,4018.2,1,1,4018.1,14,2,4018.0,30,2,4017.9,18,3,4019.2,18,2,4019.3,16,1,4019.7,36,3,4019.9,34,1,4020.0,90,4
11483,2026-07-02 13:51:29+05:30,4019.2,1,4036.12,1553660,145710.0,176249.0,4100.0,4110.0,4012.0,4092.6,25390225,4501.8,3683.4,4440.0,3288.1,4018.6,9,1,4018.2,1,1,4018.1,14,2,4018.0,30,2,4017.9,18,3,4019.2,18,2,4019.3,16,1,4019.7,36,3,4019.9,34,1,4020.0,90,4
11483,2026-07-02 13:51:30+05:30,4017.9,18,4036.12,1553767,145914.0,176348.0,4100.0,4110.0,4012.0,4092.6,25390225,4501.8,3683.4,4440.0,3288.1,4017.9,32,5,4017.8,27,3,4017.7,115,9,4017.6,131,7,4017.5,13,2,4019.2,17,2,4019.3,16,1,4019.7,36,3,4019.9,34,1,4020.0,101,5
11483,2026-07-02 13:51:30+05:30,4019.2,6,4036.12,1553767,145914.0,176348.0,4100.0,4110.0,4012.0,4092.6,25390225,4501.8,3683.4,4440.0,3288.1,4017.9,32,5,4017.8,27,3,4017.7,115,9,4017.6,131,7,4017.5,13,2,4019.2,17,2,4019.3,16,1,4019.7,36,3,4019.9,34,1,4020.0,101,5
11483,2026-07-02 13:51:31+05:30,4019.0,3,4036.12,1553796,145715.0,176358.0,4100.0,4110.0,4012.0,4092.6,25390225,4501.8,3683.4,4440.0,3288.1,4018.2,1,1,4017.9,18,3,4017.8,66,2,4017.7,152,12,4017.6,88,4,4019.0,20,1,4019.2,6,1,4019.3,16,1,4019.7,36,3,4019.9,34,1
11483,2026-07-02 13:51:31+05:30,4019.0,3,4036.12,1553796,145715.0,176358.0,4100.0,4110.0,4012.0,4092.6,25390225,4501.8,3683.4,4440.0,3288.1,4018.2,1,1,4017.9,18,3,4017.8,66,2,4017.7,152,12,4017.6,88,4,4019.0,20,1,4019.2,6,1,4019.3,16,1,4019.7,36,3,4019.9,34,1
11483,2026-07-02 13:51:32+05:30,4019.0,3,4036.12,1553807,145613.0,176297.0,4100.0,4110.0,4012.0,4092.6,25390225,4501.8,3683.4,4440.0,3288.1,4018.2,3,1,4018.0,53,4,4017.9,23,4,4017.8,7,1,4017.7,29,6,4019.0,13,1,4019.2,6,1,4019.3,16,1,4019.7,36,3,4019.9,34,1
11483,2026-07-02 13:51:32+05:30,4018.2,1,4036.12,1553807,145613.0,176297.0,4100.0,4110.0,4012.0,4092.6,25390225,4501.8,3683.4,4440.0,3288.1,4018.2,3,1,4018.0,53,4,4017.9,23,4,4017.8,7,1,4017.7,29,6,4019.0,13,1,4019.2,6,1,4019.3,16,1,4019.7,36,3,4019.9,34,1
11483,2026-07-02 13:51:33+05:30,4018.2,2,4036.12,1553810,146001.0,176360.0,4100.0,4110.0,4012.0,4092.6,25390225,4501.8,3683.4,4440.0,3288.1,4018.0,53,4,4017.9,16,3,4017.8,22,2,4017.7,29,6,4017.6,123,7,4019.0,15,2,4019.2,6,1,4019.3,16,1,4019.7,36,3,4019.9,34,1
11483,2026-07-02 13:51:33+05:30,4018.2,2,4036.12,1553810,146001.0,176360.0,4100.0,4110.0,4012.0,4092.6,25390225,4501.8,3683.4,4440.0,3288.1,4018.0,53,4,4017.9,16,3,4017.8,22,2,4017.7,29,6,4017.6,123,7,4019.0,15,2,4019.2,6,1,4019.3,16,1,4019.7,36,3,4019.9,34,1
11483,2026-07-02 13:51:34+05:30,4018.2,2,4036.12,1553810,146449.0,176367.0,4100.0,4110.0,4012.0,4092.6,25390225,4501.8,3683.4,4440.0,3288.1,4018.0,55,5,4017.9,16,3,4017.8,36,3,4017.7,29,6,4017.6,123,7,4019.0,15,2,4019.2,6,1,4019.3,16,1,4019.7,36,3,4019.9,34,1
11483,2026-07-02 13:51:35+05:30,4019.0,1,4036.12,1553820,147096.0,176330.0,4100.0,4110.0,4012.0,4092.6,25390225,4501.8,3683.4,4440.0,3288.1,4018.1,28,3,4018.0,50,5,4017.9,18,4,4017.8,65,2,4017.7,85,6,4019.0,5,2,4019.2,6,1,4019.3,16,1,4019.7,36,3,4020.0,97,4
11483,2026-07-02 13:51:35+05:30,4018.1,2,4036.12,1553820,147096.0,176330.0,4100.0,4110.0,4012.0,4092.6,25390225,4501.8,3683.4,4440.0,3288.1,4018.1,28,3,4018.0,50,5,4017.9,18,4,4017.8,65,2,4017.7,85,6,4019.0,5,2,4019.2,6,1,4019.3,16,1,4019.7,36,3,4020.0,97,4
11483,2026-07-02 13:51:36+05:30,4018.1,2,4036.12,1553822,146351.0,176359.0,4100.0,4110.0,4012.0,4092.6,25390225,4501.8,3683.4,4440.0,3288.1,4018.1,26,3,4018.0,53,7,4017.9,18,4,4017.8,7,1,4017.7,85,6,4019.0,5,2,4019.2,6,1,4019.3,16,1,4019.7,36,3,4020.0,97,4
11483,2026-07-02 13:51:37+05:30,4018.1,2,4036.12,1553822,146326.0,176359.0,4100.0,4110.0,4012.0,4092.6,25390225,4501.8,3683.4,4440.0,3288.1,4018.1,26,3,4018.0,53,7,4017.9,18,4,4017.8,7,1,4017.7,85,6,4019.0,5,2,4019.2,6,1,4019.3,16,1,4019.7,36,3,4020.0,84,3
11483,2026-07-02 13:51:37+05:30,4019.0,1,4036.12,1553822,146326.0,176359.0,4100.0,4110.0,4012.0,4092.6,25390225,4501.8,3683.4,4440.0,3288.1,4018.1,26,3,4018.0,53,7,4017.9,18,4,4017.8,7,1,4017.7,85,6,4019.0,5,2,4019.2,6,1,4019.3,16,1,4019.7,36,3,4020.0,84,3
11483,2026-07-02 13:51:38+05:30,4019.0,1,4036.12,1553824,146345.0,176329.0,4100.0,4110.0,4012.0,4092.6,25390225,4501.8,3683.4,4440.0,3288.1,4018.2,14,1,4018.1,14,2,4018.0,60,9,4017.9,18,4,4017.8,7,1,4019.0,3,2,4019.2,6,1,4019.3,16,1,4019.7,36,3,4020.0,84,3
11483,2026-07-02 13:51:38+05:30,4019.0,1,4036.12,1553824,146345.0,176329.0,4100.0,4110.0,4012.0,4092.6,25390225,4501.8,3683.4,4440.0,3288.1,4018.2,14,1,4018.1,14,2,4018.0,60,9,4017.9,18,4,4017.8,7,1,4019.0,3,2,4019.2,6,1,4019.3,16,1,4019.7,36,3,4020.0,84,3
11483,2026-07-02 13:51:39+05:30,4019.0,1,4036.12,1553825,146362.0,176340.0,4100.0,4110.0,4012.0,4092.6,25390225,4501.8,3683.4,4440.0,3288.1,4018.6,1,1,4018.2,56,4,4018.0,53,9,4017.9,38,4,4017.8,7,1,4019.0,2,1,4019.2,6,1,4019.3,16,1,4019.7,36,3,4020.0,84,3
11483,2026-07-02 13:51:39+05:30,4019.0,1,4036.12,1553825,146362.0,176340.0,4100.0,4110.0,4012.0,4092.6,25390225,4501.8,3683.4,4440.0,3288.1,4018.6,1,1,4018.2,56,4,4018.0,53,9,4017.9,38,4,4017.8,7,1,4019.0,2,1,4019.2,6,1,4019.3,16,1,4019.7,36,3,4020.0,84,3
11483,2026-07-02 13:51:40+05:30,4018.9,1,4036.12,1553827,146695.0,176564.0,4100.0,4110.0,4012.0,4092.6,25390225,4501.8,3683.4,4440.0,3288.1,4018.9,80,1,4018.8,60,2,4018.7,42,1,4018.6,7,2,4018.5,75,3,4019.0,1,1,4019.2,6,1,4019.3,16,1,4019.6,13,1,4019.7,36,3
11483,2026-07-02 13:51:40+05:30,4018.9,42,4036.12,1553827,146695.0,176564.0,4100.0,4110.0,4012.0,4092.6,25390225,4501.8,3683.4,4440.0,3288.1,4018.9,80,1,4018.8,60,2,4018.7,42,1,4018.6,7,2,4018.5,75,3,4019.0,1,1,4019.2,6,1,4019.3,16,1,4019.6,13,1,4019.7,36,3
11483,2026-07-02 13:51:40+05:30,4018.9,42,4036.12,1553920,146220.0,176439.0,4100.0,4110.0,4012.0,4092.6,25390225,4501.8,3683.4,4440.0,3288.1,4018.7,42,1,4018.6,7,2,4018.5,60,2,4018.3,10,1,4018.2,42,3,4018.9,22,2,4019.3,16,1,4019.7,36,3,4020.0,84,3,4020.2,59,6
11483,2026-07-02 13:51:41+05:30,4018.9,3,4036.12,1553920,146220.0,176439.0,4100.0,4110.0,4012.0,4092.6,25390225,4501.8,3683.4,4440.0,3288.1,4018.7,42,1,4018.6,7,2,4018.5,60,2,4018.3,10,1,4018.2,42,3,4018.9,22,2,4019.3,16,1,4019.7,36,3,4020.0,84,3,4020.2,59,6
11483,2026-07-02 13:51:41+05:30,4018.9,1,4036.12,1554004,146319.0,176533.0,4100.0,4110.0,4012.0,4092.6,25390225,4501.8,3683.4,4440.0,3288.1,4018.7,30,1,4018.6,1,1,4018.3,82,3,4018.2,47,4,4018.1,2,1,4018.9,18,2,4019.3,16,1,4019.7,36,3,4020.0,84,3,4020.2,59,6
11483,2026-07-02 13:51:42+05:30,4018.9,20,4036.12,1554004,146319.0,176533.0,4100.0,4110.0,4012.0,4092.6,25390225,4501.8,3683.4,4440.0,3288.1,4018.7,30,1,4018.6,1,1,4018.3,82,3,4018.2,47,4,4018.1,2,1,4018.9,18,2,4019.3,16,1,4019.7,36,3,4020.0,84,3,4020.2,59,6
11483,2026-07-02 13:51:42+05:30,4018.9,20,4036.12,1554063,146481.0,176554.0,4100.0,4110.0,4012.0,4092.6,25390225,4501.8,3683.4,4440.0,3288.1,4018.9,30,1,4018.8,44,2,4018.7,62,2,4018.6,1,1,4018.5,18,1,4019.0,39,1,4019.3,16,1,4019.7,36,3,4020.0,84,3,4020.2,8,3
11483,2026-07-02 13:51:43+05:30,4019.0,4,4036.12,1554063,146481.0,176554.0,4100.0,4110.0,4012.0,4092.6,25390225,4501.8,3683.4,4440.0,3288.1,4018.9,30,1,4018.8,44,2,4018.7,62,2,4018.6,1,1,4018.5,18,1,4019.0,39,1,4019.3,16,1,4019.7,36,3,4020.0,84,3,4020.2,8,3
11483,2026-07-02 13:51:43+05:30,4019.0,4,4036.12,1554074,146454.0,176589.0,4100.0,4110.0,4012.0,4092.6,25390225,4501.8,3683.4,4440.0,3288.1,4018.9,42,1,4018.8,53,3,4018.7,20,1,4018.6,1,1,4018.4,42,1,4019.0,36,2,4019.3,16,1,4019.7,36,3,4020.0,84,3,4020.2,8,3
11483,2026-07-02 13:51:44+05:30,4019.3,1,4036.12,1554074,146454.0,176589.0,4100.0,4110.0,4012.0,4092.6,25390225,4501.8,3683.4,4440.0,3288.1,4018.9,42,1,4018.8,53,3,4018.7,20,1,4018.6,1,1,4018.4,42,1,4019.0,36,2,4019.3,16,1,4019.7,36,3,4020.0,84,3,4020.2,8,3
11483,2026-07-02 13:51:44+05:30,4019.3,28,4036.12,1554141,147170.0,176559.0,4100.0,4110.0,4012.0,4092.6,25390225,4501.8,3683.4,4440.0,3288.1,4019.3,53,1,4019.2,136,1,4019.1,42,1,4018.9,40,1,4018.8,11,2,4019.7,36,3,4020.0,84,3,4020.2,3,2,4020.3,2,1,4020.5,85,3
11483,2026-07-02 13:51:45+05:30,4019.6,25,4036.12,1554141,147170.0,176559.0,4100.0,4110.0,4012.0,4092.6,25390225,4501.8,3683.4,4440.0,3288.1,4019.3,53,1,4019.2,136,1,4019.1,42,1,4018.9,40,1,4018.8,11,2,4019.7,36,3,4020.0,84,3,4020.2,3,2,4020.3,2,1,4020.5,85,3
11483,2026-07-02 13:51:45+05:30,4019.6,3,4036.12,1554185,147148.0,176354.0,4100.0,4110.0,4012.0,4092.6,25390225,4501.8,3683.4,4440.0,3288.1,4019.3,42,1,4019.2,136,1,4018.9,82,2,4018.8,11,2,4018.7,20,1,4019.6,14,1,4019.7,36,3,4020.0,84,3,4020.2,3,2,4020.3,2,1
11483,2026-07-02 13:51:46+05:30,4019.6,7,4036.12,1554185,147148.0,176354.0,4100.0,4110.0,4012.0,4092.6,25390225,4501.8,3683.4,4440.0,3288.1,4019.3,42,1,4019.2,136,1,4018.9,82,2,4018.8,11,2,4018.7,20,1,4019.6,14,1,4019.7,36,3,4020.0,84,3,4020.2,3,2,4020.3,2,1
11483,2026-07-02 13:51:46+05:30,4019.6,7,4036.12,1554197,147040.0,176228.0,4100.0,4110.0,4012.0,4092.6,25390225,4501.8,3683.4,4440.0,3288.1,4019.2,136,1,4018.8,11,2,4018.6,17,1,4018.4,27,2,4018.3,54,5,4019.6,7,1,4019.7,36,3,4020.0,84,3,4020.2,3,2,4020.3,2,1
11483,2026-07-02 13:51:47+05:30,4019.2,1,4036.12,1554197,147040.0,176228.0,4100.0,4110.0,4012.0,4092.6,25390225,4501.8,3683.4,4440.0,3288.1,4019.2,136,1,4018.8,11,2,4018.6,17,1,4018.4,27,2,4018.3,54,5,4019.6,7,1,4019.7,36,3,4020.0,84,3,4020.2,3,2,4020.3,2,1
11483,2026-07-02 13:51:47+05:30,4019.2,1,4036.12,1554198,146651.0,176328.0,4100.0,4110.0,4012.0,4092.6,25390225,4501.8,3683.4,4440.0,3288.1,4019.3,2,1,4019.2,135,1,4018.8,9,1,4018.6,17,1,4018.4,14,1,4019.6,7,1,4019.7,36,3,4020.0,84,3,4020.2,3,2,4020.3,2,1
11483,2026-07-02 13:51:48+05:30,4019.3,2,4036.12,1554198,146651.0,176328.0,4100.0,4110.0,4012.0,4092.6,25390225,4501.8,3683.4,4440.0,3288.1,4019.3,2,1,4019.2,135,1,4018.8,9,1,4018.6,17,1,4018.4,14,1,4019.6,7,1,4019.7,36,3,4020.0,84,3,4020.2,3,2,4020.3,2,1
11483,2026-07-02 13:51:48+05:30,4019.3,2,4036.12,1554205,147224.0,176573.0,4100.0,4110.0,4012.0,4092.6,25390225,4501.8,3683.4,4440.0,3288.1,4019.3,2,1,4019.2,135,1,4018.8,9,1,4018.4,14,1,4018.3,15,2,4019.4,81,1,4019.5,42,1,4019.6,45,2,4019.7,36,3,4019.8,54,2
11483,2026-07-02 13:51:49+05:30,4019.4,3,4036.12,1554205,147224.0,176573.0,4100.0,4110.0,4012.0,4092.6,25390225,4501.8,3683.4,4440.0,3288.1,4019.3,2,1,4019.2,135,1,4018.8,9,1,4018.4,14,1,4018.3,15,2,4019.4,81,1,4019.5,42,1,4019.6,45,2,4019.7,36,3,4019.8,54,2
11483,2026-07-02 13:51:49+05:30,4019.4,3,4036.12,1554210,147280.0,176482.0,4100.0,4110.0,4012.0,4092.6,25390225,4501.8,3683.4,4440.0,3288.1,4019.3,1,1,4019.2,135,1,4018.8,9,1,4018.3,32,3,4018.2,88,4,4019.4,39,1,4019.5,42,1,4019.6,3,1,4019.7,78,4,4019.8,12,1
11483,2026-07-02 13:51:50+05:30,4019.3,10,4036.12,1554210,147280.0,176482.0,4100.0,4110.0,4012.0,4092.6,25390225,4501.8,3683.4,4440.0,3288.1,4019.3,1,1,4019.2,135,1,4018.8,9,1,4018.3,32,3,4018.2,88,4,4019.4,39,1,4019.5,42,1,4019.6,3,1,4019.7,78,4,4019.8,12,1
11483,2026-07-02 13:51:50+05:30,4019.3,10,4036.12,1554232,147271.0,176342.0,4100.0,4110.0,4012.0,4092.6,25390225,4501.8,3683.4,4440.0,3288.1,4019.2,135,1,4018.8,9,1,4018.3,34,2,4018.2,38,3,4018.1,100,2,4019.3,56,1,4019.4,41,2,4019.5,42,1,4019.6,14,2,4019.7,78,4
11483,2026-07-02 13:51:51+05:30,4019.2,3,4036.12,1554232,147271.0,176342.0,4100.0,4110.0,4012.0,4092.6,25390225,4501.8,3683.4,4440.0,3288.1,4019.2,135,1,4018.8,9,1,4018.3,34,2,4018.2,38,3,4018.1,100,2,4019.3,56,1,4019.4,41,2,4019.5,42,1,4019.6,14,2,4019.7,78,4
11483,2026-07-02 13:51:51+05:30,4019.2,3,4036.12,1554235,146496.0,176295.0,4100.0,4110.0,4012.0,4092.6,25390225,4501.8,3683.4,4440.0,3288.1,4019.3,1,1,4019.2,132,1,4018.8,9,1,4018.3,34,2,4018.2,38,3,4019.4,83,3,4019.6,56,3,4019.7,36,3,4019.8,42,1,4019.9,1,1
11483,2026-07-02 13:51:52+05:30,4019.3,2,4036.12,1554235,146496.0,176295.0,4100.0,4110.0,4012.0,4092.6,25390225,4501.8,3683.4,4440.0,3288.1,4019.3,1,1,4019.2,132,1,4018.8,9,1,4018.3,34,2,4018.2,38,3,4019.4,83,3,4019.6,56,3,4019.7,36,3,4019.8,42,1,4019.9,1,1
11483,2026-07-02 13:51:52+05:30,4019.3,2,4036.12,1554237,146499.0,176283.0,4100.0,4110.0,4012.0,4092.6,25390225,4501.8,3683.4,4440.0,3288.1,4019.2,132,1,4018.8,9,1,4018.3,2,1,4018.2,73,4,4018.1,50,1,4019.4,83,3,4019.6,56,3,4019.7,36,3,4019.8,42,1,4019.9,1,1
11483,2026-07-02 13:51:53+05:30,4019.2,54,4036.11,1554341,145987.0,176297.0,4100.0,4110.0,4012.0,4092.6,25390225,4501.8,3683.4,4440.0,3288.1,4019.2,28,1,4019.0,1,1,4018.8,9,1,4018.3,2,1,4018.2,83,5,4019.4,83,3,4019.6,56,3,4019.7,36,3,4019.8,42,1,4019.9,1,1
11483,2026-07-02 13:51:54+05:30,4019.4,2,4036.11,1554341,145987.0,176297.0,4100.0,4110.0,4012.0,4092.6,25390225,4501.8,3683.4,4440.0,3288.1,4019.2,28,1,4019.0,1,1,4018.8,9,1,4018.3,2,1,4018.2,83,5,4019.4,83,3,4019.6,56,3,4019.7,36,3,4019.8,42,1,4019.9,1,1
11483,2026-07-02 13:51:54+05:30,4019.2,15,4036.11,1554371,145983.0,176400.0,4100.0,4110.0,4012.0,4092.6,25390225,4501.8,3683.4,4440.0,3288.1,4019.0,1,1,4018.8,9,1,4018.3,70,2,4018.2,48,4,4018.1,50,1,4019.2,64,1,4019.4,81,3,4019.6,56,3,4019.7,36,3,4019.8,42,1
11483,2026-07-02 13:51:55+05:30,4019.2,1,4036.11,1554371,145983.0,176400.0,4100.0,4110.0,4012.0,4092.6,25390225,4501.8,3683.4,4440.0,3288.1,4019.0,1,1,4018.8,9,1,4018.3,70,2,4018.2,48,4,4018.1,50,1,4019.2,64,1,4019.4,81,3,4019.6,56,3,4019.7,36,3,4019.8,42,1
11483,2026-07-02 13:51:55+05:30,4019.1,63,4036.11,1554438,146035.0,176330.0,4100.0,4110.0,4012.0,4092.6,25390225,4501.8,3683.4,4440.0,3288.1,4019.1,8,1,4019.0,14,1,4018.5,4,1,4018.3,18,1,4018.2,38,4,4019.2,17,2,4019.3,42,1,4019.4,37,1,4019.5,42,1,4019.6,11,1
11483,2026-07-02 13:51:56+05:30,4019.1,8,4036.11,1554438,146035.0,176330.0,4100.0,4110.0,4012.0,4092.6,25390225,4501.8,3683.4,4440.0,3288.1,4019.1,8,1,4019.0,14,1,4018.5,4,1,4018.3,18,1,4018.2,38,4,4019.2,17,2,4019.3,42,1,4019.4,37,1,4019.5,42,1,4019.6,11,1
11483,2026-07-02 13:51:57+05:30,4019.1,5,4036.11,1554458,146066.0,176448.0,4100.0,4110.0,4012.0,4092.6,25390225,4501.8,3683.4,4440.0,3288.1,4019.0,14,1,4018.5,4,1,4018.2,38,4,4018.1,50,1,4018.0,79,10,4019.1,69,1,4019.2,17,2,4019.3,42,1,4019.4,37,1,4019.5,42,1
11483,2026-07-02 13:51:57+05:30,4018.2,3,4036.11,1554458,146066.0,176448.0,4100.0,4110.0,4012.0,4092.6,25390225,4501.8,3683.4,4440.0,3288.1,4019.0,14,1,4018.5,4,1,4018.2,38,4,4018.1,50,1,4018.0,79,10,4019.1,69,1,4019.2,17,2,4019.3,42,1,4019.4,37,1,4019.5,42,1
11483,2026-07-02 13:51:57+05:30,4018.2,3,4036.11,1554488,146014.0,176126.0,4100.0,4110.0,4012.0,4092.6,25390225,4501.8,3683.4,4440.0,3288.1,4018.2,19,3,4018.1,50,1,4018.0,73,10,4017.9,27,2,4017.8,59,4,4019.1,2,1,4019.2,15,1,4019.5,13,1,4019.7,38,4,4019.9,37,2
11483,2026-07-02 13:51:58+05:30,4019.2,15,4036.11,1554488,146014.0,176126.0,4100.0,4110.0,4012.0,4092.6,25390225,4501.8,3683.4,4440.0,3288.1,4018.2,19,3,4018.1,50,1,4018.0,73,10,4017.9,27,2,4017.8,59,4,4019.1,2,1,4019.2,15,1,4019.5,13,1,4019.7,38,4,4019.9,37,2
11483,2026-07-02 13:51:58+05:30,4019.7,7,4036.11,1554515,146128.0,176574.0,4100.0,4110.0,4012.0,4092.6,25390225,4501.8,3683.4,4440.0,3288.1,4019.4,20,1,4018.3,29,2,4018.2,64,3,4018.1,91,2,4018.0,95,12,4019.7,29,3,4019.8,12,1,4020.0,93,4,4020.2,42,5,4020.3,2,1
11483,2026-07-02 13:51:59+05:30,4019.4,4,4036.11,1554515,146128.0,176574.0,4100.0,4110.0,4012.0,4092.6,25390225,4501.8,3683.4,4440.0,3288.1,4019.4,20,1,4018.3,29,2,4018.2,64,3,4018.1,91,2,4018.0,95,12,4019.7,29,3,4019.8,12,1,4020.0,93,4,4020.2,42,5,4020.3,2,1
11483,2026-07-02 13:51:59+05:30,4019.4,4,4036.11,1554519,146082.0,176812.0,4100.0,4110.0,4012.0,4092.6,25390225,4501.8,3683.4,4440.0,3288.1,4019.4,17,2,4018.3,29,2,4018.2,16,2,4018.1,91,2,4018.0,95,12,4019.6,350,1,4019.7,31,4,4019.8,12,1,4019.9,3,1,4020.0,84,3
11483,2026-07-02 13:52:00+05:30,4019.4,3,4036.11,1554541,145939.0,176726.0,4100.0,4110.0,4012.0,4092.6,25390225,4501.8,3683.4,4440.0,3288.1,4018.3,8,1,4018.2,9,1,4018.1,91,2,4018.0,83,11,4017.9,30,2,4019.4,38,1,4019.6,350,1,4019.7,31,4,4019.8,12,1,4019.9,27,3
11483,2026-07-02 13:52:01+05:30,4018.3,1,4036.11,1554541,145939.0,176726.0,4100.0,4110.0,4012.0,4092.6,25390225,4501.8,3683.4,4440.0,3288.1,4018.3,8,1,4018.2,9,1,4018.1,91,2,4018.0,83,11,4017.9,30,2,4019.4,38,1,4019.6,350,1,4019.7,31,4,4019.8,12,1,4019.9,27,3
11483,2026-07-02 13:52:01+05:30,4018.1,50,4036.11,1554654,146032.0,176335.0,4100.0,4110.0,4012.0,4092.6,25390225,4501.8,3683.4,4440.0,3288.1,4018.1,83,3,4018.0,92,12,4017.9,54,4,4017.8,49,4,4017.7,38,5,4019.4,40,2,4019.7,29,3,4019.8,12,1,4020.0,86,4,4020.2,42,5
11483,2026-07-02 13:52:02+05:30,4018.1,13,4036.11,1554654,146032.0,176335.0,4100.0,4110.0,4012.0,4092.6,25390225,4501.8,3683.4,4440.0,3288.1,4018.1,83,3,4018.0,92,12,4017.9,54,4,4017.8,49,4,4017.7,38,5,4019.4,40,2,4019.7,29,3,4019.8,12,1,4020.0,86,4,4020.2,42,5
11483,2026-07-02 13:52:02+05:30,4019.3,10,4036.11,1554681,145857.0,177005.0,4100.0,4110.0,4012.0,4092.6,25390225,4501.8,3683.4,4440.0,3288.1,4019.3,1,1,4018.2,15,2,4018.1,38,2,4018.0,78,10,4017.9,30,2,4019.4,40,2,4019.5,350,1,4019.7,56,4,4019.8,12,1,4019.9,5,2
11483,2026-07-02 13:52:03+05:30,4019.3,1,4036.11,1554681,145857.0,177005.0,4100.0,4110.0,4012.0,4092.6,25390225,4501.8,3683.4,4440.0,3288.1,4019.3,1,1,4018.2,15,2,4018.1,38,2,4018.0,78,10,4017.9,30,2,4019.4,40,2,4019.5,350,1,4019.7,56,4,4019.8,12,1,4019.9,5,2
11483,2026-07-02 13:52:03+05:30,4018.1,1,4036.11,1554685,145928.0,176381.0,4100.0,4110.0,4012.0,4092.6,25390225,4501.8,3683.4,4440.0,3288.1,4018.1,27,1,4018.0,79,10,4017.9,21,2,4017.8,66,3,4017.7,40,6,4019.4,40,2,4019.6,5,1,4019.7,56,4,4019.8,12,1,4019.9,3,1
11483,2026-07-02 13:52:04+05:30,4018.1,1,4036.11,1554685,145928.0,176381.0,4100.0,4110.0,4012.0,4092.6,25390225,4501.8,3683.4,4440.0,3288.1,4018.1,27,1,4018.0,79,10,4017.9,21,2,4017.8,66,3,4017.7,40,6,4019.4,40,2,4019.6,5,1,4019.7,56,4,4019.8,12,1,4019.9,3,1
11483,2026-07-02 13:52:04+05:30,4018.1,1,4036.11,1554686,145946.0,176383.0,4100.0,4110.0,4012.0,4092.6,25390225,4501.8,3683.4,4440.0,3288.1,4018.1,26,1,4018.0,89,11,4017.9,46,3,4017.8,43,3,4017.7,38,5,4019.4,40,2,4019.6,17,2,4019.7,56,4,4020.0,110,6,4020.1,3,1
11483,2026-07-02 13:52:05+05:30,4018.1,1,4036.11,1554686,146025.0,176522.0,4100.0,4110.0,4012.0,4092.6,25390225,4501.8,3683.4,4440.0,3288.1,4019.1,25,1,4018.2,31,1,4018.1,58,2,4018.0,101,12,4017.9,46,3,4019.4,40,2,4019.6,12,1,4019.7,56,4,4020.0,94,5,4020.2,42,5
11483,2026-07-02 13:52:06+05:30,4019.1,24,4036.11,1554686,146025.0,176522.0,4100.0,4110.0,4012.0,4092.6,25390225,4501.8,3683.4,4440.0,3288.1,4019.1,25,1,4018.2,31,1,4018.1,58,2,4018.0,101,12,4017.9,46,3,4019.4,40,2,4019.6,12,1,4019.7,56,4,4020.0,94,5,4020.2,42,5
11483,2026-07-02 13:52:06+05:30,4019.4,2,4036.11,1554750,146039.0,176565.0,4100.0,4110.0,4012.0,4092.6,25390225,4501.8,3683.4,4440.0,3288.1,4019.1,1,1,4018.2,33,2,4018.1,58,2,4018.0,103,13,4017.9,46,3,4019.6,12,1,4019.7,56,4,4020.0,94,5,4020.2,3,2,4020.3,2,1
11483,2026-07-02 13:52:07+05:30,4019.1,1,4036.11,1554750,146039.0,176565.0,4100.0,4110.0,4012.0,4092.6,25390225,4501.8,3683.4,4440.0,3288.1,4019.1,1,1,4018.2,33,2,4018.1,58,2,4018.0,103,13,4017.9,46,3,4019.6,12,1,4019.7,56,4,4020.0,94,5,4020.2,3,2,4020.3,2,1
11483,2026-07-02 13:52:07+05:30,4019.6,5,4036.11,1554763,150361.0,176404.0,4100.0,4110.0,4012.0,4092.6,25390225,4501.8,3683.4,4440.0,3288.1,4018.3,39,4,4018.2,15,2,4018.1,110,5,4018.0,78,11,4017.9,21,2,4019.6,7,1,4019.7,56,4,4020.0,107,5,4020.2,37,4,4020.3,14,2
11483,2026-07-02 13:52:08+05:30,4018.3,1,4036.11,1554763,150361.0,176404.0,4100.0,4110.0,4012.0,4092.6,25390225,4501.8,3683.4,4440.0,3288.1,4018.3,39,4,4018.2,15,2,4018.1,110,5,4018.0,78,11,4017.9,21,2,4019.6,7,1,4019.7,56,4,4020.0,107,5,4020.2,37,4,4020.3,14,2
11483,2026-07-02 13:52:08+05:30,4018.3,1,4036.11,1554764,150410.0,176406.0,4100.0,4110.0,4012.0,4092.6,25390225,4501.8,3683.4,4440.0,3288.1,4018.3,38,4,4018.2,15,2,4018.1,110,5,4018.0,78,11,4017.9,21,2,4019.6,9,2,4019.7,56,4,4020.0,107,5,4020.2,37,4,4020.3,14,2
11483,2026-07-02 13:52:09+05:30,4019.6,1,4036.11,1554764,150410.0,176406.0,4100.0,4110.0,4012.0,4092.6,25390225,4501.8,3683.4,4440.0,3288.1,4018.3,38,4,4018.2,15,2,4018.1,110,5,4018.0,78,11,4017.9,21,2,4019.6,9,2,4019.7,56,4,4020.0,107,5,4020.2,37,4,4020.3,14,2
11483,2026-07-02 13:52:09+05:30,4019.6,1,4036.11,1554766,150472.0,176460.0,4100.0,4110.0,4012.0,4092.6,25390225,4501.8,3683.4,4440.0,3288.1,4018.9,1,1,4018.3,38,4,4018.2,15,2,4018.1,110,5,4018.0,90,12,4019.6,7,2,4019.7,56,4,4020.0,107,5,4020.2,5,3,4020.3,2,1
11483,2026-07-02 13:52:10+05:30,4018.3,12,4036.11,1554766,150472.0,176460.0,4100.0,4110.0,4012.0,4092.6,25390225,4501.8,3683.4,4440.0,3288.1,4018.9,1,1,4018.3,38,4,4018.2,15,2,4018.1,110,5,4018.0,90,12,4019.6,7,2,4019.7,56,4,4020.0,107,5,4020.2,5,3,4020.3,2,1
11483,2026-07-02 13:52:10+05:30,4018.3,12,4036.11,1554806,150434.0,176434.0,4100.0,4110.0,4012.0,4092.6,25390225,4501.8,3683.4,4440.0,3288.1,4018.3,26,3,4018.2,28,3,4018.1,97,4,4018.0,91,12,4017.9,21,2,4019.6,12,1,4019.7,56,4,4020.0,108,6,4020.2,28,2,4020.3,2,1
11483,2026-07-02 13:52:11+05:30,4018.3,4,4036.11,1554806,150434.0,176434.0,4100.0,4110.0,4012.0,4092.6,25390225,4501.8,3683.4,4440.0,3288.1,4018.3,26,3,4018.2,28,3,4018.1,97,4,4018.0,91,12,4017.9,21,2,4019.6,12,1,4019.7,56,4,4020.0,108,6,4020.2,28,2,4020.3,2,1
11483,2026-07-02 13:52:11+05:30,4018.3,8,4036.11,1554820,146105.0,176436.0,4100.0,4110.0,4012.0,4092.6,25390225,4501.8,3683.4,4440.0,3288.1,4018.3,16,3,4018.2,15,2,4018.1,97,4,4018.0,104,13,4017.9,21,2,4019.6,12,1,4019.7,56,4,4020.0,108,6,4020.2,28,2,4020.3,2,1
11483,2026-07-02 13:52:12+05:30,4019.0,2,4036.11,1554820,146105.0,176436.0,4100.0,4110.0,4012.0,4092.6,25390225,4501.8,3683.4,4440.0,3288.1,4018.3,16,3,4018.2,15,2,4018.1,97,4,4018.0,104,13,4017.9,21,2,4019.6,12,1,4019.7,56,4,4020.0,108,6,4020.2,28,2,4020.3,2,1
11483,2026-07-02 13:52:12+05:30,4019.0,2,4036.11,1554822,146301.0,176650.0,4100.0,4110.0,4012.0,4092.6,25390225,4501.8,3683.4,4440.0,3288.1,4019.0,84,4,4018.6,15,1,4018.3,4,1,4018.2,30,3,4018.1,99,5,4019.6,12,1,4019.7,56,4,4020.0,108,6,4020.2,28,2,4020.3,2,1
11483,2026-07-02 13:52:13+05:30,4019.0,2,4036.11,1554822,146316.0,176712.0,4100.0,4110.0,4012.0,4092.6,25390225,4501.8,3683.4,4440.0,3288.1,4019.0,84,4,4018.6,15,1,4018.3,4,1,4018.2,30,3,4018.1,99,5,4019.6,12,1,4019.7,56,4,4020.0,108,6,4020.2,28,2,4020.3,2,1
11483,2026-07-02 13:52:14+05:30,4019.0,2,4036.11,1554822,146315.0,176729.0,4100.0,4110.0,4012.0,4092.6,25390225,4501.8,3683.4,4440.0,3288.1,4019.0,84,4,4018.6,15,1,4018.3,4,1,4018.2,30,3,4018.1,106,7,4019.6,12,1,4019.7,56,4,4020.0,113,7,4020.2,28,2,4020.3,2,1
11483,2026-07-02 13:52:15+05:30,4019.0,2,4036.11,1554822,146116.0,176170.0,4100.0,4110.0,4012.0,4092.6,25390225,4501.8,3683.4,4440.0,3288.1,4019.0,84,4,4018.2,49,3,4018.1,33,3,4018.0,203,13,4017.9,26,3,4019.6,12,1,4019.7,56,4,4020.0,113,7,4020.2,2,1,4020.3,4,2
11483,2026-07-02 13:52:16+05:30,4019.6,1,4036.11,1554822,146116.0,176170.0,4100.0,4110.0,4012.0,4092.6,25390225,4501.8,3683.4,4440.0,3288.1,4019.0,84,4,4018.2,49,3,4018.1,33,3,4018.0,203,13,4017.9,26,3,4019.6,12,1,4019.7,56,4,4020.0,113,7,4020.2,2,1,4020.3,4,2
11483,2026-07-02 13:52:16+05:30,4019.6,1,4036.11,1554823,147484.0,176146.0,4100.0,4110.0,4012.0,4092.6,25390225,4501.8,3683.4,4440.0,3288.1,4019.5,2,2,4019.4,15,1,4019.0,84,4,4018.3,49,2,4018.2,34,2,4019.6,11,1,4019.7,56,4,4019.8,12,1,4020.0,90,5,4020.2,2,1
11483,2026-07-02 13:52:17+05:30,4019.6,1,4036.11,1554823,147464.0,176146.0,4100.0,4110.0,4012.0,4092.6,25390225,4501.8,3683.4,4440.0,3288.1,4019.5,2,2,4019.4,15,1,4019.0,84,4,4018.3,27,2,4018.2,34,2,4019.6,11,1,4019.7,56,4,4019.8,12,1,4020.0,90,5,4020.2,2,1
11483,2026-07-02 13:52:18+05:30,4019.6,1,4036.11,1554823,147464.0,176148.0,4100.0,4110.0,4012.0,4092.6,25390225,4501.8,3683.4,4440.0,3288.1,4019.5,2,2,4019.4,15,1,4019.0,84,4,4018.3,27,2,4018.2,34,2,4019.6,13,2,4019.7,56,4,4019.8,12,1,4020.0,90,5,4020.2,2,1
11483,2026-07-02 13:52:18+05:30,4019.6,1,4036.11,1554823,147464.0,176148.0,4100.0,4110.0,4012.0,4092.6,25390225,4501.8,3683.4,4440.0,3288.1,4019.5,2,2,4019.4,15,1,4019.0,84,4,4018.3,27,2,4018.2,34,2,4019.6,13,2,4019.7,56,4,4019.8,12,1,4020.0,90,5,4020.2,2,1
11483,2026-07-02 13:52:19+05:30,4019.6,1,4036.11,1554823,147464.0,176148.0,4100.0,4110.0,4012.0,4092.6,25390225,4501.8,3683.4,4440.0,3288.1,4019.5,2,2,4019.4,15,1,4019.0,84,4,4018.3,27,2,4018.2,34,2,4019.6,13,2,4019.7,56,4,4019.8,12,1,4020.0,90,5,4020.2,2,1
11483,2026-07-02 13:52:19+05:30,4019.6,37,4036.11,1554823,147464.0,176148.0,4100.0,4110.0,4012.0,4092.6,25390225,4501.8,3683.4,4440.0,3288.1,4019.5,2,2,4019.4,15,1,4019.0,84,4,4018.3,27,2,4018.2,34,2,4019.6,13,2,4019.7,56,4,4019.8,12,1,4020.0,90,5,4020.2,2,1
11483,2026-07-02 13:52:19+05:30,4019.6,37,4036.11,1554873,147396.0,176345.0,4100.0,4110.0,4012.0,4092.6,25390225,4501.8,3683.4,4440.0,3288.1,4019.5,3,3,4019.4,15,1,4019.0,34,3,4018.3,13,1,4018.2,32,1,4019.6,12,1,4019.7,56,4,4019.8,12,1,4020.0,100,7,4020.2,2,1
11483,2026-07-02 13:52:19+05:30,4019.6,37,4036.11,1554873,147396.0,176345.0,4100.0,4110.0,4012.0,4092.6,25390225,4501.8,3683.4,4440.0,3288.1,4019.5,3,3,4019.4,15,1,4019.0,34,3,4018.3,13,1,4018.2,32,1,4019.6,12,1,4019.7,56,4,4019.8,12,1,4020.0,100,7,4020.2,2,1
11483,2026-07-02 13:52:20+05:30,4019.6,37,4036.11,1554873,147396.0,176345.0,4100.0,4110.0,4012.0,4092.6,25390225,4501.8,3683.4,4440.0,3288.1,4019.5,3,3,4019.4,15,1,4019.0,34,3,4018.3,13,1,4018.2,32,1,4019.6,12,1,4019.7,56,4,4019.8,12,1,4020.0,100,7,4020.2,2,1
11483,2026-07-02 13:52:20+05:30,4019.5,1,4036.11,1554873,147396.0,176345.0,4100.0,4110.0,4012.0,4092.6,25390225,4501.8,3683.4,4440.0,3288.1,4019.5,3,3,4019.4,15,1,4019.0,34,3,4018.3,13,1,4018.2,32,1,4019.6,12,1,4019.7,56,4,4019.8,12,1,4020.0,100,7,4020.2,2,1
11483,2026-07-02 13:52:20+05:30,4019.6,7,4036.11,1554888,147398.0,176332.0,4100.0,4110.0,4012.0,4092.6,25390225,4501.8,3683.4,4440.0,3288.1,4019.4,15,1,4019.0,34,3,4018.4,2,1,4018.3,13,1,4018.2,32,1,4019.6,5,1,4019.7,56,4,4019.8,12,1,4020.0,91,6,4020.2,2,1
11483,2026-07-02 13:52:20+05:30,4019.6,7,4036.11,1554888,147398.0,176332.0,4100.0,4110.0,4012.0,4092.6,25390225,4501.8,3683.4,4440.0,3288.1,4019.4,15,1,4019.0,34,3,4018.4,2,1,4018.3,13,1,4018.2,32,1,4019.6,5,1,4019.7,56,4,4019.8,12,1,4020.0,91,6,4020.2,2,1
11483,2026-07-02 13:52:21+05:30,4019.6,7,4036.11,1554888,147398.0,176332.0,4100.0,4110.0,4012.0,4092.6,25390225,4501.8,3683.4,4440.0,3288.1,4019.4,15,1,4019.0,34,3,4018.4,2,1,4018.3,13,1,4018.2,32,1,4019.6,5,1,4019.7,56,4,4019.8,12,1,4020.0,91,6,4020.2,2,1
11483,2026-07-02 13:52:22+05:30,4019.6,7,4036.11,1554888,147398.0,176332.0,4100.0,4110.0,4012.0,4092.6,25390225,4501.8,3683.4,4440.0,3288.1,4019.4,15,1,4019.0,34,3,4018.4,2,1,4018.3,13,1,4018.2,32,1,4019.6,5,1,4019.7,56,4,4019.8,12,1,4020.0,91,6,4020.2,2,1
11483,2026-07-02 13:52:23+05:30,4019.6,7,4036.11,1554888,147398.0,176332.0,4100.0,4110.0,4012.0,4092.6,25388650,4501.8,3683.4,4440.0,3288.1,4019.4,15,1,4019.0,34,3,4018.4,2,1,4018.3,13,1,4018.2,32,1,4019.6,5,1,4019.7,56,4,4019.8,12,1,4020.0,91,6,4020.2,2,1
11483,2026-07-02 13:52:23+05:30,4019.0,1,4036.11,1554888,147398.0,176332.0,4100.0,4110.0,4012.0,4092.6,25388650,4501.8,3683.4,4440.0,3288.1,4019.4,15,1,4019.0,34,3,4018.4,2,1,4018.3,13,1,4018.2,32,1,4019.6,5,1,4019.7,56,4,4019.8,12,1,4020.0,91,6,4020.2,2,1
11483,2026-07-02 13:52:23+05:30,4019.0,1,4036.11,1554888,147398.0,176332.0,4100.0,4110.0,4012.0,4092.6,25388650,4501.8,3683.4,4440.0,3288.1,4019.4,15,1,4019.0,34,3,4018.4,2,1,4018.3,13,1,4018.2,32,1,4019.6,5,1,4019.7,56,4,4019.8,12,1,4020.0,91,6,4020.2,2,1
11483,2026-07-02 13:52:24+05:30,4019.0,1,4036.11,1554888,147398.0,176332.0,4100.0,4110.0,4012.0,4092.6,25388650,4501.8,3683.4,4440.0,3288.1,4019.4,15,1,4019.0,34,3,4018.4,2,1,4018.3,13,1,4018.2,32,1,4019.6,5,1,4019.7,56,4,4019.8,12,1,4020.0,91,6,4020.2,2,1
11483,2026-07-02 13:52:25+05:30,4019.0,38,4036.11,1554995,146831.0,176464.0,4100.0,4110.0,4012.0,4092.6,25388650,4501.8,3683.4,4440.0,3288.1,4019.5,8,1,4018.3,13,1,4018.2,15,3,4018.1,63,3,4018.0,199,12,4019.6,5,1,4019.7,56,4,4019.8,12,1,4020.0,98,7,4020.2,37,3
11483,2026-07-02 13:52:25+05:30,4019.0,38,4036.11,1554995,146831.0,176464.0,4100.0,4110.0,4012.0,4092.6,25388650,4501.8,3683.4,4440.0,3288.1,4019.5,8,1,4018.3,13,1,4018.2,15,3,4018.1,63,3,4018.0,199,12,4019.6,5,1,4019.7,56,4,4019.8,12,1,4020.0,98,7,4020.2,37,3
11483,2026-07-02 13:52:26+05:30,4019.5,29,4036.11,1554995,146831.0,176464.0,4100.0,4110.0,4012.0,4092.6,25388650,4501.8,3683.4,4440.0,3288.1,4019.5,8,1,4018.3,13,1,4018.2,15,3,4018.1,63,3,4018.0,199,12,4019.6,5,1,4019.7,56,4,4019.8,12,1,4020.0,98,7,4020.2,37,3
11483,2026-07-02 13:52:29+05:30,4019.7,1,4036.11,1554995,146831.0,176464.0,4100.0,4110.0,4012.0,4092.6,25388650,4501.8,3683.4,4440.0,3288.1,4019.5,8,1,4018.3,13,1,4018.2,15,3,4018.1,63,3,4018.0,199,12,4019.6,5,1,4019.7,56,4,4019.8,12,1,4020.0,98,7,4020.2,37,3
11483,2026-07-02 13:52:29+05:30,4019.7,1,4036.11,1555059,146961.0,176347.0,4100.0,4110.0,4012.0,4092.6,25388650,4501.8,3683.4,4440.0,3288.1,4019.0,1,1,4018.3,25,2,4018.2,24,3,4018.1,84,4,4018.0,173,10,4019.7,55,5,4019.8,13,1,4020.0,105,7,4020.2,39,4,4020.3,16,2
11483,2026-07-02 13:52:32+05:30,4019.0,1,4036.11,1555059,146961.0,176347.0,4100.0,4110.0,4012.0,4092.6,25388650,4501.8,3683.4,4440.0,3288.1,4019.0,1,1,4018.3,25,2,4018.2,24,3,4018.1,84,4,4018.0,173,10,4019.7,55,5,4019.8,13,1,4020.0,105,7,4020.2,39,4,4020.3,16,2
11483,2026-07-02 13:52:33+05:30,4019.0,1,4036.11,1555069,147047.0,176248.0,4100.0,4110.0,4012.0,4092.6,25388650,4501.8,3683.4,4440.0,3288.1,4019.0,57,1,4018.3,32,3,4018.2,33,3,4018.1,90,6,4018.0,203,12,4019.7,54,4,4019.8,14,2,4020.0,105,7,4020.2,2,1,4020.3,2,1
11483,2026-07-02 13:52:35+05:30,4019.7,29,4036.11,1555069,147047.0,176248.0,4100.0,4110.0,4012.0,4092.6,25388650,4501.8,3683.4,4440.0,3288.1,4019.0,57,1,4018.3,32,3,4018.2,33,3,4018.1,90,6,4018.0,203,12,4019.7,54,4,4019.8,14,2,4020.0,105,7,4020.2,2,1,4020.3,2,1
11483,2026-07-02 13:52:38+05:30,4019.0,1,4036.11,1555135,147317.0,176259.0,4100.0,4110.0,4012.0,4092.6,25388650,4501.8,3683.4,4440.0,3288.1,4019.4,1,1,4018.3,47,6,4018.2,15,2,4018.1,76,5,4018.0,206,14,4019.6,4,1,4019.7,29,2,4019.8,1,1,4020.0,86,5,4020.1,23,2
11483,2026-07-02 13:52:38+05:30,4019.4,8,4036.11,1555135,147317.0,176259.0,4100.0,4110.0,4012.0,4092.6,25388650,4501.8,3683.4,4440.0,3288.1,4019.4,1,1,4018.3,47,6,4018.2,15,2,4018.1,76,5,4018.0,206,14,4019.6,4,1,4019.7,29,2,4019.8,1,1,4020.0,86,5,4020.1,23,2
11483,2026-07-02 13:52:41+05:30,4019.6,1,4036.11,1555135,147317.0,176259.0,4100.0,4110.0,4012.0,4092.6,25388650,4501.8,3683.4,4440.0,3288.1,4019.4,1,1,4018.3,47,6,4018.2,15,2,4018.1,76,5,4018.0,206,14,4019.6,4,1,4019.7,29,2,4019.8,1,1,4020.0,86,5,4020.1,23,2
11483,2026-07-02 13:52:42+05:30,4019.6,1,4036.1,1555183,147461.0,176323.0,4100.0,4110.0,4012.0,4092.6,25388650,4501.8,3683.4,4440.0,3288.1,4019.5,1,1,4019.4,2,1,4018.4,45,1,4018.3,35,4,4018.2,2,1,4019.6,4,2,4019.7,29,2,4019.8,15,2,4019.9,4,1,4020.0,86,5
11483,2026-07-02 13:52:44+05:30,4019.5,3,4036.1,1555183,147461.0,176323.0,4100.0,4110.0,4012.0,4092.6,25388650,4501.8,3683.4,4440.0,3288.1,4019.5,1,1,4019.4,2,1,4018.4,45,1,4018.3,35,4,4018.2,2,1,4019.6,4,2,4019.7,29,2,4019.8,15,2,4019.9,4,1,4020.0,86,5
11483,2026-07-02 13:52:46+05:30,4019.6,2,4036.1,1555205,147491.0,176323.0,4100.0,4110.0,4012.0,4092.6,25388650,4501.8,3683.4,4440.0,3288.1,4019.5,2,2,4019.4,10,1,4019.2,1,1,4018.3,35,4,4018.2,2,1,4019.6,2,1,4019.7,27,1,4019.8,15,2,4019.9,4,1,4020.0,92,6
11483,2026-07-02 13:52:47+05:30,4019.5,1,4036.1,1555205,147491.0,176323.0,4100.0,4110.0,4012.0,4092.6,25388650,4501.8,3683.4,4440.0,3288.1,4019.5,2,2,4019.4,10,1,4019.2,1,1,4018.3,35,4,4018.2,2,1,4019.6,2,1,4019.7,27,1,4019.8,15,2,4019.9,4,1,4020.0,92,6
11483,2026-07-02 13:52:50+05:30,4019.4,21,4036.1,1555205,147491.0,176323.0,4100.0,4110.0,4012.0,4092.6,25388650,4501.8,3683.4,4440.0,3288.1,4019.5,2,2,4019.4,10,1,4019.2,1,1,4018.3,35,4,4018.2,2,1,4019.6,2,1,4019.7,27,1,4019.8,15,2,4019.9,4,1,4020.0,92,6
11483,2026-07-02 13:52:50+05:30,4019.4,21,4036.1,1555581,147231.0,176189.0,4100.0,4110.0,4012.0,4092.6,25388650,4501.8,3683.4,4440.0,3288.1,4019.1,22,1,4019.0,105,3,4018.6,11,1,4018.5,22,2,4018.4,16,2,4019.6,3,2,4019.7,28,2,4019.8,14,1,4019.9,4,1,4020.0,86,5
11483,2026-07-02 13:52:53+05:30,4019.1,1,4036.1,1555581,147231.0,176189.0,4100.0,4110.0,4012.0,4092.6,25388650,4501.8,3683.4,4440.0,3288.1,4019.1,22,1,4019.0,105,3,4018.6,11,1,4018.5,22,2,4018.4,16,2,4019.6,3,2,4019.7,28,2,4019.8,14,1,4019.9,4,1,4020.0,86,5
11483,2026-07-02 13:52:55+05:30,4019.1,1,4036.1,1555646,147450.0,176160.0,4100.0,4110.0,4012.0,4092.6,25388650,4501.8,3683.4,4440.0,3288.1,4019.0,126,4,4018.3,37,5,4018.2,29,4,4018.1,108,8,4018.0,265,16,4019.1,6,2,4019.6,3,2,4019.7,28,2,4019.8,14,1,4019.9,4,1
11483,2026-07-02 13:52:56+05:30,4019.1,2,4036.1,1555646,147450.0,176160.0,4100.0,4110.0,4012.0,4092.6,25388650,4501.8,3683.4,4440.0,3288.1,4019.0,126,4,4018.3,37,5,4018.2,29,4,4018.1,108,8,4018.0,265,16,4019.1,6,2,4019.6,3,2,4019.7,28,2,4019.8,14,1,4019.9,4,1
11483,2026-07-02 13:52:59+05:30,4019.6,7,4036.1,1555646,147450.0,176160.0,4100.0,4110.0,4012.0,4092.6,25388650,4501.8,3683.4,4440.0,3288.1,4019.0,126,4,4018.3,37,5,4018.2,29,4,4018.1,108,8,4018.0,265,16,4019.1,6,2,4019.6,3,2,4019.7,28,2,4019.8,14,1,4019.9,4,1
11483,2026-07-02 13:52:59+05:30,4019.6,7,4036.1,1555890,148033.0,175907.0,4100.0,4110.0,4012.0,4092.6,25388650,4501.8,3683.4,4440.0,3288.1,4019.3,1,1,4019.0,6,1,4018.6,14,1,4018.4,78,4,4018.3,37,5,4019.6,5,1,4019.7,28,2,4019.9,4,1,4020.0,86,5,4020.2,2,1
11483,2026-07-02 13:53:02+05:30,4020.0,3,4036.1,1555890,148033.0,175907.0,4100.0,4110.0,4012.0,4092.6,25388650,4501.8,3683.4,4440.0,3288.1,4019.3,1,1,4019.0,6,1,4018.6,14,1,4018.4,78,4,4018.3,37,5,4019.6,5,1,4019.7,28,2,4019.9,4,1,4020.0,86,5,4020.2,2,1
11483,2026-07-02 13:53:04+05:30,4020.0,2,4036.1,1556062,148320.0,175837.0,4100.0,4110.0,4012.0,4092.6,25388650,4501.8,3683.4,4440.0,3288.1,4019.0,17,3,4018.9,50,3,4018.8,2,1,4018.7,2,1,4018.6,22,2,4020.0,37,6,4020.2,2,1,4020.3,2,1,4020.5,50,1,4020.9,57,3
11483,2026-07-02 13:53:05+05:30,4020.0,1,4036.1,1556062,148320.0,175837.0,4100.0,4110.0,4012.0,4092.6,25388650,4501.8,3683.4,4440.0,3288.1,4019.0,17,3,4018.9,50,3,4018.8,2,1,4018.7,2,1,4018.6,22,2,4020.0,37,6,4020.2,2,1,4020.3,2,1,4020.5,50,1,4020.9,57,3
11483,2026-07-02 13:53:08+05:30,4020.0,2,4036.1,1556062,148320.0,175837.0,4100.0,4110.0,4012.0,4092.6,25388650,4501.8,3683.4,4440.0,3288.1,4019.0,17,3,4018.9,50,3,4018.8,2,1,4018.7,2,1,4018.6,22,2,4020.0,37,6,4020.2,2,1,4020.3,2,1,4020.5,50,1,4020.9,57,3
11483,2026-07-02 13:53:08+05:30,4020.0,2,4036.09,1556092,148588.0,175862.0,4100.0,4110.0,4012.0,4092.6,25388650,4501.8,3683.4,4440.0,3288.1,4019.6,147,6,4019.2,42,2,4019.0,13,2,4018.9,14,2,4018.8,54,5,4020.0,28,7,4020.2,2,1,4020.3,2,1,4020.5,50,1,4020.9,9,1
11483,2026-07-02 13:53:11+05:30,4020.0,1,4036.09,1556092,148588.0,175862.0,4100.0,4110.0,4012.0,4092.6,25388650,4501.8,3683.4,4440.0,3288.1,4019.6,147,6,4019.2,42,2,4019.0,13,2,4018.9,14,2,4018.8,54,5,4020.0,28,7,4020.2,2,1,4020.3,2,1,4020.5,50,1,4020.9,9,1
11483,2026-07-02 13:53:13+05:30,4020.0,5,4036.09,1556125,149108.0,175779.0,4100.0,4110.0,4012.0,4092.6,25388650,4501.8,3683.4,4440.0,3288.1,4019.9,81,1,4019.8,42,1,4019.7,42,1,4019.6,125,6,4019.5,51,2,4020.0,39,8,4020.2,2,1,4020.3,2,1,4020.5,50,1,4020.8,5,1
11483,2026-07-02 13:53:14+05:30,4020.0,11,4036.09,1556125,149108.0,175779.0,4100.0,4110.0,4012.0,4092.6,25388650,4501.8,3683.4,4440.0,3288.1,4019.9,81,1,4019.8,42,1,4019.7,42,1,4019.6,125,6,4019.5,51,2,4020.0,39,8,4020.2,2,1,4020.3,2,1,4020.5,50,1,4020.8,5,1
11483,2026-07-02 13:53:17+05:30,4020.0,69,4036.09,1556125,149108.0,175779.0,4100.0,4110.0,4012.0,4092.6,25388650,4501.8,3683.4,4440.0,3288.1,4019.9,81,1,4019.8,42,1,4019.7,42,1,4019.6,125,6,4019.5,51,2,4020.0,39,8,4020.2,2,1,4020.3,2,1,4020.5,50,1,4020.8,5,1
11483,2026-07-02 13:53:17+05:30,4020.0,81,4036.09,1556542,148912.0,175681.0,4100.0,4110.0,4012.0,4092.6,25388650,4501.8,3683.4,4440.0,3288.1,4019.9,41,1,4019.8,42,1,4019.6,116,5,4019.4,42,1,4019.2,12,1,4020.0,15,1,4020.2,2,1,4020.3,2,1,4020.5,50,1,4020.8,5,1
11483,2026-07-02 13:53:19+05:30,4020.0,81,4036.09,1556542,148912.0,175681.0,4100.0,4110.0,4012.0,4092.6,25388650,4501.8,3683.4,4440.0,3288.1,4019.9,41,1,4019.8,42,1,4019.6,116,5,4019.4,42,1,4019.2,12,1,4020.0,15,1,4020.2,2,1,4020.3,2,1,4020.5,50,1,4020.8,5,1
11483,2026-07-02 13:53:20+05:30,4020.0,81,4036.09,1556542,148912.0,175681.0,4100.0,4110.0,4012.0,4092.6,25388650,4501.8,3683.4,4440.0,3288.1,4019.9,41,1,4019.8,42,1,4019.6,116,5,4019.4,42,1,4019.2,12,1,4020.0,15,1,4020.2,2,1,4020.3,2,1,4020.5,50,1,4020.8,5,1
11483,2026-07-02 13:53:20+05:30,4019.9,9,4036.09,1556592,148710.0,175779.0,4100.0,4110.0,4012.0,4092.6,25388650,4501.8,3683.4,4440.0,3288.1,4019.8,1,1,4019.6,74,4,4019.2,12,1,4019.1,37,2,4019.0,41,5,4020.0,16,2,4020.1,25,1,4020.2,2,1,4020.3,2,1,4020.5,65,2
11483,2026-07-02 13:53:20+05:30,4019.8,1,4036.09,1556592,148710.0,175779.0,4100.0,4110.0,4012.0,4092.6,25388650,4501.8,3683.4,4440.0,3288.1,4019.8,1,1,4019.6,74,4,4019.2,12,1,4019.1,37,2,4019.0,41,5,4020.0,16,2,4020.1,25,1,4020.2,2,1,4020.3,2,1,4020.5,65,2
11483,2026-07-02 13:53:20+05:30,4019.8,1,4036.09,1556592,148710.0,175779.0,4100.0,4110.0,4012.0,4092.6,25388650,4501.8,3683.4,4440.0,3288.1,4019.8,1,1,4019.6,74,4,4019.2,12,1,4019.1,37,2,4019.0,41,5,4020.0,16,2,4020.1,25,1,4020.2,2,1,4020.3,2,1,4020.5,65,2
11483,2026-07-02 13:53:21+05:30,4019.8,1,4036.09,1556592,148710.0,175779.0,4100.0,4110.0,4012.0,4092.6,25388650,4501.8,3683.4,4440.0,3288.1,4019.8,1,1,4019.6,74,4,4019.2,12,1,4019.1,37,2,4019.0,41,5,4020.0,16,2,4020.1,25,1,4020.2,2,1,4020.3,2,1,4020.5,65,2
11483,2026-07-02 13:53:21+05:30,4019.6,1,4036.09,1556667,148180.0,175960.0,4100.0,4110.0,4012.0,4092.6,25388650,4501.8,3683.4,4440.0,3288.1,4019.0,49,6,4018.6,13,1,4018.5,23,1,4018.4,26,1,4018.3,32,4,4019.6,7,1,4019.7,42,1,4019.8,43,2,4020.0,58,3,4020.1,25,1
11483,2026-07-02 13:53:21+05:30,4019.0,1,4036.09,1556667,148180.0,175960.0,4100.0,4110.0,4012.0,4092.6,25388650,4501.8,3683.4,4440.0,3288.1,4019.0,49,6,4018.6,13,1,4018.5,23,1,4018.4,26,1,4018.3,32,4,4019.6,7,1,4019.7,42,1,4019.8,43,2,4020.0,58,3,4020.1,25,1
11483,2026-07-02 13:53:21+05:30,4019.0,1,4036.09,1556667,148180.0,175960.0,4100.0,4110.0,4012.0,4092.6,25388650,4501.8,3683.4,4440.0,3288.1,4019.0,49,6,4018.6,13,1,4018.5,23,1,4018.4,26,1,4018.3,32,4,4019.6,7,1,4019.7,42,1,4019.8,43,2,4020.0,58,3,4020.1,25,1
11483,2026-07-02 13:53:22+05:30,4019.0,1,4036.09,1556667,148180.0,175960.0,4100.0,4110.0,4012.0,4092.6,25388650,4501.8,3683.4,4440.0,3288.1,4019.0,49,6,4018.6,13,1,4018.5,23,1,4018.4,26,1,4018.3,32,4,4019.6,7,1,4019.7,42,1,4019.8,43,2,4020.0,58,3,4020.1,25,1
11483,2026-07-02 13:53:22+05:30,4019.0,1,4036.09,1556677,148021.0,176127.0,4100.0,4110.0,4012.0,4092.6,25388650,4501.8,3683.4,4440.0,3288.1,4019.0,39,5,4018.4,26,1,4018.3,26,3,4018.2,33,3,4018.1,96,6,4019.2,7,1,4019.3,42,1,4019.4,42,1,4019.6,44,2,4019.8,43,2
11483,2026-07-02 13:53:22+05:30,4019.0,1,4036.09,1556677,148021.0,176127.0,4100.0,4110.0,4012.0,4092.6,25388650,4501.8,3683.4,4440.0,3288.1,4019.0,39,5,4018.4,26,1,4018.3,26,3,4018.2,33,3,4018.1,96,6,4019.2,7,1,4019.3,42,1,4019.4,42,1,4019.6,44,2,4019.8,43,2
11483,2026-07-02 13:53:22+05:30,4019.0,1,4036.09,1556677,148021.0,176127.0,4100.0,4110.0,4012.0,4092.6,25388650,4501.8,3683.4,4440.0,3288.1,4019.0,39,5,4018.4,26,1,4018.3,26,3,4018.2,33,3,4018.1,96,6,4019.2,7,1,4019.3,42,1,4019.4,42,1,4019.6,44,2,4019.8,43,2
11483,2026-07-02 13:53:22+05:30,4019.0,1,4036.09,1556677,148021.0,176127.0,4100.0,4110.0,4012.0,4092.6,25388650,4501.8,3683.4,4440.0,3288.1,4019.0,39,5,4018.4,26,1,4018.3,26,3,4018.2,33,3,4018.1,96,6,4019.2,7,1,4019.3,42,1,4019.4,42,1,4019.6,44,2,4019.8,43,2
11483,2026-07-02 13:53:23+05:30,4019.0,1,4036.09,1556677,148021.0,176127.0,4100.0,4110.0,4012.0,4092.6,25391800,4501.8,3683.4,4440.0,3288.1,4019.0,39,5,4018.4,26,1,4018.3,26,3,4018.2,33,3,4018.1,96,6,4019.2,7,1,4019.3,42,1,4019.4,42,1,4019.6,44,2,4019.8,43,2
11483,2026-07-02 13:53:23+05:30,4019.3,1,4036.09,1556687,147999.0,176208.0,4100.0,4110.0,4012.0,4092.6,25391800,4501.8,3683.4,4440.0,3288.1,4019.0,39,5,4018.3,14,2,4018.2,4,2,4018.1,51,3,4018.0,284,17,4019.1,80,1,4019.3,83,2,4019.5,42,1,4019.6,2,1,4019.7,42,1
11483,2026-07-02 13:53:23+05:30,4019.0,1,4036.09,1556687,147999.0,176208.0,4100.0,4110.0,4012.0,4092.6,25391800,4501.8,3683.4,4440.0,3288.1,4019.0,39,5,4018.3,14,2,4018.2,4,2,4018.1,51,3,4018.0,284,17,4019.1,80,1,4019.3,83,2,4019.5,42,1,4019.6,2,1,4019.7,42,1
11483,2026-07-02 13:53:23+05:30,4019.0,1,4036.09,1556687,147999.0,176208.0,4100.0,4110.0,4012.0,4092.6,25391800,4501.8,3683.4,4440.0,3288.1,4019.0,39,5,4018.3,14,2,4018.2,4,2,4018.1,51,3,4018.0,284,17,4019.1,80,1,4019.3,83,2,4019.5,42,1,4019.6,2,1,4019.7,42,1
11483,2026-07-02 13:53:24+05:30,4019.0,1,4036.09,1556687,147999.0,176208.0,4100.0,4110.0,4012.0,4092.6,25391800,4501.8,3683.4,4440.0,3288.1,4019.0,39,5,4018.3,14,2,4018.2,4,2,4018.1,51,3,4018.0,284,17,4019.1,80,1,4019.3,83,2,4019.5,42,1,4019.6,2,1,4019.7,42,1
11483,2026-07-02 13:53:24+05:30,4019.3,20,4036.09,1556833,148742.0,176190.0,4100.0,4110.0,4012.0,4092.6,25391800,4501.8,3683.4,4440.0,3288.1,4018.3,26,4,4018.2,2,1,4018.1,37,2,4018.0,310,18,4017.9,33,2,4019.3,21,1,4019.4,42,1,4019.6,42,1,4019.8,1,1,4020.0,59,5
11483,2026-07-02 13:53:24+05:30,4019.3,20,4036.09,1556833,148742.0,176190.0,4100.0,4110.0,4012.0,4092.6,25391800,4501.8,3683.4,4440.0,3288.1,4018.3,26,4,4018.2,2,1,4018.1,37,2,4018.0,310,18,4017.9,33,2,4019.3,21,1,4019.4,42,1,4019.6,42,1,4019.8,1,1,4020.0,59,5
11483,2026-07-02 13:53:24+05:30,4018.3,9,4036.09,1556833,148742.0,176190.0,4100.0,4110.0,4012.0,4092.6,25391800,4501.8,3683.4,4440.0,3288.1,4018.3,26,4,4018.2,2,1,4018.1,37,2,4018.0,310,18,4017.9,33,2,4019.3,21,1,4019.4,42,1,4019.6,42,1,4019.8,1,1,4020.0,59,5
11483,2026-07-02 13:53:24+05:30,4018.3,9,4036.09,1556833,148742.0,176190.0,4100.0,4110.0,4012.0,4092.6,25391800,4501.8,3683.4,4440.0,3288.1,4018.3,26,4,4018.2,2,1,4018.1,37,2,4018.0,310,18,4017.9,33,2,4019.3,21,1,4019.4,42,1,4019.6,42,1,4019.8,1,1,4020.0,59,5
11483,2026-07-02 13:53:25+05:30,4018.3,9,4036.09,1556833,148742.0,176190.0,4100.0,4110.0,4012.0,4092.6,25391800,4501.8,3683.4,4440.0,3288.1,4018.3,26,4,4018.2,2,1,4018.1,37,2,4018.0,310,18,4017.9,33,2,4019.3,21,1,4019.4,42,1,4019.6,42,1,4019.8,1,1,4020.0,59,5
11483,2026-07-02 13:53:25+05:30,4018.3,9,4036.09,1556850,148705.0,176459.0,4100.0,4110.0,4012.0,4092.6,25391800,4501.8,3683.4,4440.0,3288.1,4018.4,8,1,4018.2,12,2,4018.1,37,2,4018.0,288,16,4017.9,19,1,4018.7,19,1,4019.1,42,1,4019.3,63,2,4019.8,1,1,4020.0,100,7
11483,2026-07-02 13:53:25+05:30,4018.4,3,4036.09,1556850,148705.0,176459.0,4100.0,4110.0,4012.0,4092.6,25391800,4501.8,3683.4,4440.0,3288.1,4018.4,8,1,4018.2,12,2,4018.1,37,2,4018.0,288,16,4017.9,19,1,4018.7,19,1,4019.1,42,1,4019.3,63,2,4019.8,1,1,4020.0,100,7
11483,2026-07-02 13:53:26+05:30,4018.7,6,4036.09,1556859,148702.0,176946.0,4100.0,4110.0,4012.0,4092.6,25391800,4501.8,3683.4,4440.0,3288.1,4018.4,5,1,4018.2,12,2,4018.1,37,2,4018.0,288,16,4017.9,19,1,4018.7,36,1,4018.9,42,1,4019.1,42,1,4019.3,21,1,4019.8,1,1
11483,2026-07-02 13:53:26+05:30,4018.7,7,4036.09,1556859,148702.0,176946.0,4100.0,4110.0,4012.0,4092.6,25391800,4501.8,3683.4,4440.0,3288.1,4018.4,5,1,4018.2,12,2,4018.1,37,2,4018.0,288,16,4017.9,19,1,4018.7,36,1,4018.9,42,1,4019.1,42,1,4019.3,21,1,4019.8,1,1
11483,2026-07-02 13:53:27+05:30,4018.7,7,4036.09,1556867,148904.0,176981.0,4100.0,4110.0,4012.0,4092.6,25391800,4501.8,3683.4,4440.0,3288.1,4018.4,4,1,4018.3,200,1,4018.2,12,2,4018.1,37,2,4018.0,274,16,4018.5,6,1,4018.7,29,1,4018.9,42,1,4019.1,42,1,4019.3,21,1
11483,2026-07-02 13:53:27+05:30,4018.4,1,4036.09,1556867,148904.0,176981.0,4100.0,4110.0,4012.0,4092.6,25391800,4501.8,3683.4,4440.0,3288.1,4018.4,4,1,4018.3,200,1,4018.2,12,2,4018.1,37,2,4018.0,274,16,4018.5,6,1,4018.7,29,1,4018.9,42,1,4019.1,42,1,4019.3,21,1
11483,2026-07-02 13:53:28+05:30,4018.4,1,4036.09,1556869,148205.0,176291.0,4100.0,4110.0,4012.0,4092.6,25391800,4501.8,3683.4,4440.0,3288.1,4018.7,1,1,4018.4,90,5,4018.3,244,3,4018.2,2,1,4018.1,66,4,4019.8,1,1,4019.9,8,1,4020.0,73,6,4020.2,2,1,4020.3,76,5
11483,2026-07-02 13:53:28+05:30,4019.8,8,4036.09,1556869,148205.0,176291.0,4100.0,4110.0,4012.0,4092.6,25391800,4501.8,3683.4,4440.0,3288.1,4018.7,1,1,4018.4,90,5,4018.3,244,3,4018.2,2,1,4018.1,66,4,4019.8,1,1,4019.9,8,1,4020.0,73,6,4020.2,2,1,4020.3,76,5
11483,2026-07-02 13:53:29+05:30,4020.0,80,4036.08,1557089,148407.0,175881.0,4100.0,4110.0,4012.0,4092.6,25391800,4501.8,3683.4,4440.0,3288.1,4019.8,9,2,4018.9,13,1,4018.7,1,1,4018.6,12,1,4018.5,4,2,4020.0,49,4,4020.2,2,1,4020.3,22,3,4020.5,65,2,4020.8,111,7
11483,2026-07-02 13:53:29+05:30,4020.0,3,4036.08,1557089,148407.0,175881.0,4100.0,4110.0,4012.0,4092.6,25391800,4501.8,3683.4,4440.0,3288.1,4019.8,9,2,4018.9,13,1,4018.7,1,1,4018.6,12,1,4018.5,4,2,4020.0,49,4,4020.2,2,1,4020.3,22,3,4020.5,65,2,4020.8,111,7
11483,2026-07-02 13:53:30+05:30,4020.0,3,4036.08,1557130,148509.0,176050.0,4100.0,4110.0,4012.0,4092.6,25391800,4501.8,3683.4,4440.0,3288.1,4019.8,8,1,4018.9,13,1,4018.7,2,2,4018.6,12,1,4018.5,9,2,4020.0,69,5,4020.2,2,1,4020.3,23,4,4020.4,7,1,4020.5,141,4
11483,2026-07-02 13:53:30+05:30,4019.8,8,4036.08,1557130,148509.0,176050.0,4100.0,4110.0,4012.0,4092.6,25391800,4501.8,3683.4,4440.0,3288.1,4019.8,8,1,4018.9,13,1,4018.7,2,2,4018.6,12,1,4018.5,9,2,4020.0,69,5,4020.2,2,1,4020.3,23,4,4020.4,7,1,4020.5,141,4
11483,2026-07-02 13:53:31+05:30,4018.3,8,4036.08,1557289,147978.0,176114.0,4100.0,4110.0,4012.0,4092.6,25391800,4501.8,3683.4,4440.0,3288.1,4018.3,24,4,4018.2,72,3,4018.1,47,4,4018.0,289,18,4017.9,8,2,4019.9,19,1,4020.0,65,6,4020.2,10,2,4020.3,28,4,4020.4,45,3
11483,2026-07-02 13:53:31+05:30,4018.3,1,4036.08,1557289,147978.0,176114.0,4100.0,4110.0,4012.0,4092.6,25391800,4501.8,3683.4,4440.0,3288.1,4018.3,24,4,4018.2,72,3,4018.1,47,4,4018.0,289,18,4017.9,8,2,4019.9,19,1,4020.0,65,6,4020.2,10,2,4020.3,28,4,4020.4,45,3
11483,2026-07-02 13:53:32+05:30,4018.3,1,4036.08,1557308,147943.0,176215.0,4100.0,4110.0,4012.0,4092.6,25391800,4501.8,3683.4,4440.0,3288.1,4018.4,10,1,4018.3,19,3,4018.2,33,3,4018.1,64,5,4018.0,291,19,4019.9,19,1,4020.0,52,5,4020.2,10,2,4020.3,22,3,4020.4,43,2
11483,2026-07-02 13:53:32+05:30,4018.4,2,4036.08,1557308,147943.0,176215.0,4100.0,4110.0,4012.0,4092.6,25391800,4501.8,3683.4,4440.0,3288.1,4018.4,10,1,4018.3,19,3,4018.2,33,3,4018.1,64,5,4018.0,291,19,4019.9,19,1,4020.0,52,5,4020.2,10,2,4020.3,22,3,4020.4,43,2
11483,2026-07-02 13:53:33+05:30,4018.4,2,4036.08,1557310,147992.0,176236.0,4100.0,4110.0,4012.0,4092.6,25391800,4501.8,3683.4,4440.0,3288.1,4018.5,87,5,4018.4,53,6,4018.3,36,4,4018.2,16,2,4018.1,77,6,4020.0,52,5,4020.2,2,1,4020.3,16,2,4020.4,13,1,4020.5,141,4
11483,2026-07-02 13:53:33+05:30,4020.0,1,4036.08,1557310,147992.0,176236.0,4100.0,4110.0,4012.0,4092.6,25391800,4501.8,3683.4,4440.0,3288.1,4018.5,87,5,4018.4,53,6,4018.3,36,4,4018.2,16,2,4018.1,77,6,4020.0,52,5,4020.2,2,1,4020.3,16,2,4020.4,13,1,4020.5,141,4
11483,2026-07-02 13:53:33+05:30,4020.0,1,4036.08,1557362,148285.0,176255.0,4100.0,4110.0,4012.0,4092.6,25391800,4501.8,3683.4,4440.0,3288.1,4018.5,86,5,4018.4,53,6,4018.3,97,5,4018.2,16,2,4018.1,72,5,4020.0,63,5,4020.2,2,1,4020.3,16,2,4020.4,13,1,4020.5,141,4
11483,2026-07-02 13:53:34+05:30,4018.5,6,4036.08,1557362,148285.0,176255.0,4100.0,4110.0,4012.0,4092.6,25391800,4501.8,3683.4,4440.0,3288.1,4018.5,86,5,4018.4,53,6,4018.3,97,5,4018.2,16,2,4018.1,72,5,4020.0,63,5,4020.2,2,1,4020.3,16,2,4020.4,13,1,4020.5,141,4
11483,2026-07-02 13:53:34+05:30,4018.5,6,4036.08,1557368,148253.0,176288.0,4100.0,4110.0,4012.0,4092.6,25391800,4501.8,3683.4,4440.0,3288.1,4018.5,49,3,4018.4,33,4,4018.3,97,5,4018.2,4,2,4018.1,66,4,4019.9,69,2,4020.0,75,6,4020.1,21,1,4020.2,2,1,4020.3,16,2
11483,2026-07-02 13:53:35+05:30,4018.5,1,4036.08,1557368,148253.0,176288.0,4100.0,4110.0,4012.0,4092.6,25391800,4501.8,3683.4,4440.0,3288.1,4018.5,49,3,4018.4,33,4,4018.3,97,5,4018.2,4,2,4018.1,66,4,4019.9,69,2,4020.0,75,6,4020.1,21,1,4020.2,2,1,4020.3,16,2
11483,2026-07-02 13:53:35+05:30,4018.5,1,4036.08,1557369,148252.0,176291.0,4100.0,4110.0,4012.0,4092.6,25391800,4501.8,3683.4,4440.0,3288.1,4018.5,48,3,4018.4,23,3,4018.3,97,5,4018.2,14,3,4018.1,66,4,4019.9,70,3,4020.0,88,6,4020.1,21,1,4020.2,2,1,4020.3,16,2
11483,2026-07-02 13:53:36+05:30,4018.5,1,4036.08,1557369,148190.0,176288.0,4100.0,4110.0,4012.0,4092.6,25391800,4501.8,3683.4,4440.0,3288.1,4018.5,9,1,4018.4,22,2,4018.3,78,3,4018.2,2,1,4018.1,78,6,4019.9,70,3,4020.0,88,6,4020.1,21,1,4020.2,2,1,4020.3,16,2
11483,2026-07-02 13:53:37+05:30,4018.5,1,4036.08,1557369,147861.0,176327.0,4100.0,4110.0,4012.0,4092.6,25391800,4501.8,3683.4,4440.0,3288.1,4018.5,11,2,4018.3,61,1,4018.2,2,1,4018.1,42,3,4018.0,289,18,4019.9,84,4,4020.0,99,7,4020.1,10,1,4020.2,17,3,4020.3,18,3
11483,2026-07-02 13:53:38+05:30,4019.9,31,4036.08,1557369,147861.0,176327.0,4100.0,4110.0,4012.0,4092.6,25391800,4501.8,3683.4,4440.0,3288.1,4018.5,11,2,4018.3,61,1,4018.2,2,1,4018.1,42,3,4018.0,289,18,4019.9,84,4,4020.0,99,7,4020.1,10,1,4020.2,17,3,4020.3,18,3
11483,2026-07-02 13:53:38+05:30,4019.8,1,4036.08,1557420,147884.0,176310.0,4100.0,4110.0,4012.0,4092.6,25391800,4501.8,3683.4,4440.0,3288.1,4018.5,2,1,4018.3,93,2,4018.2,12,2,4018.1,71,3,4018.0,289,18,4019.8,15,1,4019.9,60,5,4020.0,125,9,4020.2,5,2,4020.3,42,5
11483,2026-07-02 13:53:39+05:30,4019.8,1,4036.08,1557420,147884.0,176310.0,4100.0,4110.0,4012.0,4092.6,25391800,4501.8,3683.4,4440.0,3288.1,4018.5,2,1,4018.3,93,2,4018.2,12,2,4018.1,71,3,4018.0,289,18,4019.8,15,1,4019.9,60,5,4020.0,125,9,4020.2,5,2,4020.3,42,5
11483,2026-07-02 13:53:39+05:30,4019.8,10,4036.08,1557437,148339.0,176623.0,4100.0,4110.0,4012.0,4092.6,25391800,4501.8,3683.4,4440.0,3288.1,4019.2,1,1,4018.5,2,1,4018.4,43,1,4018.3,83,3,4018.2,2,1,4019.8,24,3,4019.9,20,2,4020.0,82,6,4020.1,11,1,4020.2,32,3
11483,2026-07-02 13:53:40+05:30,4019.2,1,4036.08,1557437,148339.0,176623.0,4100.0,4110.0,4012.0,4092.6,25391800,4501.8,3683.4,4440.0,3288.1,4019.2,1,1,4018.5,2,1,4018.4,43,1,4018.3,83,3,4018.2,2,1,4019.8,24,3,4019.9,20,2,4020.0,82,6,4020.1,11,1,4020.2,32,3
11483,2026-07-02 13:53:40+05:30,4019.2,1,4036.08,1557438,147822.0,176258.0,4100.0,4110.0,4012.0,4092.6,25391800,4501.8,3683.4,4440.0,3288.1,4018.5,17,2,4018.3,63,2,4018.2,2,1,4018.1,37,2,4018.0,296,20,4019.2,1,1,4019.8,27,5,4019.9,53,2,4020.0,55,5,4020.1,11,1
11483,2026-07-02 13:53:41+05:30,4019.9,6,4036.08,1557438,147822.0,176258.0,4100.0,4110.0,4012.0,4092.6,25391800,4501.8,3683.4,4440.0,3288.1,4018.5,17,2,4018.3,63,2,4018.2,2,1,4018.1,37,2,4018.0,296,20,4019.2,1,1,4019.8,27,5,4019.9,53,2,4020.0,55,5,4020.1,11,1
11483,2026-07-02 13:53:41+05:30,4019.2,1,4036.08,1557459,147840.0,176253.0,4100.0,4110.0,4012.0,4092.6,25391800,4501.8,3683.4,4440.0,3288.1,4018.5,17,2,4018.3,63,2,4018.2,2,1,4018.1,37,2,4018.0,296,20,4019.9,63,4,4020.0,68,6,4020.1,11,1,4020.2,35,4,4020.3,55,6
11483,2026-07-02 13:53:42+05:30,4018.5,1,4036.08,1557459,147840.0,176253.0,4100.0,4110.0,4012.0,4092.6,25391800,4501.8,3683.4,4440.0,3288.1,4018.5,17,2,4018.3,63,2,4018.2,2,1,4018.1,37,2,4018.0,296,20,4019.9,63,4,4020.0,68,6,4020.1,11,1,4020.2,35,4,4020.3,55,6
11483,2026-07-02 13:53:42+05:30,4018.5,1,4036.08,1557462,148353.0,176396.0,4100.0,4110.0,4012.0,4092.6,25391800,4501.8,3683.4,4440.0,3288.1,4019.3,2,1,4018.5,14,1,4018.3,75,3,4018.2,2,1,4018.1,61,3,4019.8,88,5,4019.9,14,2,4020.0,37,4,4020.1,11,1,4020.2,35,4
11483,2026-07-02 13:53:43+05:30,4019.8,6,4036.08,1557462,148353.0,176396.0,4100.0,4110.0,4012.0,4092.6,25391800,4501.8,3683.4,4440.0,3288.1,4019.3,2,1,4018.5,14,1,4018.3,75,3,4018.2,2,1,4018.1,61,3,4019.8,88,5,4019.9,14,2,4020.0,37,4,4020.1,11,1,4020.2,35,4
11483,2026-07-02 13:53:44+05:30,4019.8,1,4036.08,1557478,148431.0,176493.0,4100.0,4110.0,4012.0,4092.6,25391800,4501.8,3683.4,4440.0,3288.1,4019.3,2,1,4019.2,1,1,4019.0,50,1,4018.4,54,1,4018.3,75,3,4019.8,62,4,4019.9,13,1,4020.0,38,4,4020.1,11,1,4020.2,32,3
11483,2026-07-02 13:53:44+05:30,4019.3,2,4036.08,1557478,148431.0,176493.0,4100.0,4110.0,4012.0,4092.6,25391800,4501.8,3683.4,4440.0,3288.1,4019.3,2,1,4019.2,1,1,4019.0,50,1,4018.4,54,1,4018.3,75,3,4019.8,62,4,4019.9,13,1,4020.0,38,4,4020.1,11,1,4020.2,32,3
11483,2026-07-02 13:53:44+05:30,4019.3,2,4036.08,1557480,148441.0,176495.0,4100.0,4110.0,4012.0,4092.6,25391800,4501.8,3683.4,4440.0,3288.1,4019.3,2,1,4019.2,1,1,4019.0,50,1,4018.5,10,1,4018.4,54,1,4019.8,75,5,4019.9,13,1,4020.0,26,3,4020.1,11,1,4020.2,32,3
11483,2026-07-02 13:53:45+05:30,4019.0,3,4036.08,1557480,148441.0,176495.0,4100.0,4110.0,4012.0,4092.6,25391800,4501.8,3683.4,4440.0,3288.1,4019.3,2,1,4019.2,1,1,4019.0,50,1,4018.5,10,1,4018.4,54,1,4019.8,75,5,4019.9,13,1,4020.0,26,3,4020.1,11,1,4020.2,32,3
11483,2026-07-02 13:53:45+05:30,4019.0,3,4036.08,1557490,148548.0,176151.0,4100.0,4110.0,4012.0,4092.6,25391800,4501.8,3683.4,4440.0,3288.1,4019.5,2,2,4019.0,47,1,4018.6,12,1,4018.5,10,1,4018.3,77,4,4019.8,12,2,4019.9,13,1,4020.0,35,3,4020.2,32,3,4020.3,55,6
11483,2026-07-02 13:53:46+05:30,4019.8,6,4036.08,1557490,148548.0,176151.0,4100.0,4110.0,4012.0,4092.6,25391800,4501.8,3683.4,4440.0,3288.1,4019.5,2,2,4019.0,47,1,4018.6,12,1,4018.5,10,1,4018.3,77,4,4019.8,12,2,4019.9,13,1,4020.0,35,3,4020.2,32,3,4020.3,55,6
11483,2026-07-02 13:53:46+05:30,4019.8,6,4036.08,1557498,148569.0,176053.0,4100.0,4110.0,4012.0,4092.6,25391800,4501.8,3683.4,4440.0,3288.1,4019.5,2,2,4019.0,47,1,4018.6,12,1,4018.5,10,1,4018.3,79,5,4019.9,13,1,4020.0,49,4,4020.2,2,1,4020.3,18,3,4020.4,14,1
11483,2026-07-02 13:53:47+05:30,4019.5,1,4036.08,1557498,148569.0,176053.0,4100.0,4110.0,4012.0,4092.6,25391800,4501.8,3683.4,4440.0,3288.1,4019.5,2,2,4019.0,47,1,4018.6,12,1,4018.5,10,1,4018.3,79,5,4019.9,13,1,4020.0,49,4,4020.2,2,1,4020.3,18,3,4020.4,14,1
11483,2026-07-02 13:53:47+05:30,4019.5,1,4036.08,1557499,148502.0,176188.0,4100.0,4110.0,4012.0,4092.6,25391800,4501.8,3683.4,4440.0,3288.1,4019.5,2,2,4019.0,47,1,4018.6,12,1,4018.5,10,1,4018.3,79,5,4019.9,13,1,4020.0,49,4,4020.2,2,1,4020.3,18,3,4020.4,14,1
11483,2026-07-02 13:53:48+05:30,4019.5,1,4036.08,1557499,148502.0,176188.0,4100.0,4110.0,4012.0,4092.6,25391800,4501.8,3683.4,4440.0,3288.1,4019.5,2,2,4019.0,47,1,4018.6,12,1,4018.5,10,1,4018.3,79,5,4019.9,13,1,4020.0,49,4,4020.2,2,1,4020.3,18,3,4020.4,14,1
11483,2026-07-02 13:53:48+05:30,4019.5,1,4036.08,1557501,148458.0,176271.0,4100.0,4110.0,4012.0,4092.6,25391800,4501.8,3683.4,4440.0,3288.1,4019.5,1,1,4019.0,47,1,4018.6,12,1,4018.5,20,2,4018.3,77,4,4019.8,61,4,4019.9,24,3,4020.0,34,3,4020.1,14,2,4020.2,2,1
11483,2026-07-02 13:53:49+05:30,4019.8,1,4036.08,1557501,148458.0,176271.0,4100.0,4110.0,4012.0,4092.6,25391800,4501.8,3683.4,4440.0,3288.1,4019.5,1,1,4019.0,47,1,4018.6,12,1,4018.5,20,2,4018.3,77,4,4019.8,61,4,4019.9,24,3,4020.0,34,3,4020.1,14,2,4020.2,2,1
11483,2026-07-02 13:53:49+05:30,4019.7,4,4036.08,1557507,148562.0,176535.0,4100.0,4110.0,4012.0,4092.6,25391800,4501.8,3683.4,4440.0,3288.1,4019.6,1,1,4019.5,1,1,4019.0,47,1,4018.6,12,1,4018.5,10,1,4019.7,24,4,4019.8,386,3,4019.9,24,3,4020.0,48,4,4020.1,7,1
11483,2026-07-02 13:53:50+05:30,4018.4,51,4036.08,1557507,148562.0,176535.0,4100.0,4110.0,4012.0,4092.6,25391800,4501.8,3683.4,4440.0,3288.1,4019.6,1,1,4019.5,1,1,4019.0,47,1,4018.6,12,1,4018.5,10,1,4019.7,24,4,4019.8,386,3,4019.9,24,3,4020.0,48,4,4020.1,7,1
11483,2026-07-02 13:53:50+05:30,4018.4,51,4036.08,1557631,148856.0,176025.0,4100.0,4110.0,4012.0,4092.6,25391800,4501.8,3683.4,4440.0,3288.1,4018.4,10,1,4018.3,73,3,4018.2,22,2,4018.1,26,1,4018.0,267,19,4019.7,13,2,4019.8,11,1,4019.9,13,1,4020.0,51,4,4020.1,25,2
11483,2026-07-02 13:53:51+05:30,4018.4,1,4036.08,1557631,148856.0,176025.0,4100.0,4110.0,4012.0,4092.6,25391800,4501.8,3683.4,4440.0,3288.1,4018.4,10,1,4018.3,73,3,4018.2,22,2,4018.1,26,1,4018.0,267,19,4019.7,13,2,4019.8,11,1,4019.9,13,1,4020.0,51,4,4020.1,25,2
11483,2026-07-02 13:53:51+05:30,4019.8,8,4036.08,1557656,149179.0,175910.0,4100.0,4110.0,4012.0,4092.6,25391800,4501.8,3683.4,4440.0,3288.1,4019.5,1,1,4019.2,5,1,4018.6,20,1,4018.5,46,1,4018.4,77,6,4019.8,3,1,4019.9,23,2,4020.0,15,1,4020.2,15,2,4020.3,2,1
11483,2026-07-02 13:53:52+05:30,4019.8,10,4036.08,1557656,149179.0,175910.0,4100.0,4110.0,4012.0,4092.6,25391800,4501.8,3683.4,4440.0,3288.1,4019.5,1,1,4019.2,5,1,4018.6,20,1,4018.5,46,1,4018.4,77,6,4019.8,3,1,4019.9,23,2,4020.0,15,1,4020.2,15,2,4020.3,2,1
11483,2026-07-02 13:53:52+05:30,4019.8,10,4036.08,1557672,149338.0,176096.0,4100.0,4110.0,4012.0,4092.6,25391800,4501.8,3683.4,4440.0,3288.1,4019.5,1,1,4019.2,5,1,4019.0,5,1,4018.7,50,2,4018.6,52,2,4019.8,1,1,4019.9,23,2,4020.0,15,1,4020.2,2,1,4020.3,2,1
11483,2026-07-02 13:53:53+05:30,4019.5,1,4036.08,1557672,149338.0,176096.0,4100.0,4110.0,4012.0,4092.6,25391800,4501.8,3683.4,4440.0,3288.1,4019.5,1,1,4019.2,5,1,4019.0,5,1,4018.7,50,2,4018.6,52,2,4019.8,1,1,4019.9,23,2,4020.0,15,1,4020.2,2,1,4020.3,2,1
11483,2026-07-02 13:53:53+05:30,4019.5,1,4036.08,1557673,149313.0,176118.0,4100.0,4110.0,4012.0,4092.6,25391800,4501.8,3683.4,4440.0,3288.1,4019.2,5,1,4019.0,5,1,4018.7,21,1,4018.6,52,2,4018.5,21,1,4019.8,1,1,4019.9,23,2,4020.0,15,1,4020.2,2,1,4020.3,2,1
11483,2026-07-02 13:53:54+05:30,4019.8,1,4036.08,1557673,149313.0,176118.0,4100.0,4110.0,4012.0,4092.6,25391800,4501.8,3683.4,4440.0,3288.1,4019.2,5,1,4019.0,5,1,4018.7,21,1,4018.6,52,2,4018.5,21,1,4019.8,1,1,4019.9,23,2,4020.0,15,1,4020.2,2,1,4020.3,2,1
11483,2026-07-02 13:53:54+05:30,4019.8,1,4036.08,1557676,149302.0,176131.0,4100.0,4110.0,4012.0,4092.6,25391800,4501.8,3683.4,4440.0,3288.1,4019.2,4,1,4019.0,5,1,4018.7,21,1,4018.6,52,2,4018.5,21,1,4019.8,10,1,4019.9,23,2,4020.0,15,1,4020.2,2,1,4020.3,2,1
11483,2026-07-02 13:53:55+05:30,4019.8,1,4036.08,1557676,149490.0,175656.0,4100.0,4110.0,4012.0,4092.6,25391800,4501.8,3683.4,4440.0,3288.1,4019.3,8,1,4019.2,4,1,4019.0,5,1,4018.7,53,2,4018.6,22,2,4019.8,10,1,4019.9,23,2,4020.0,15,1,4020.2,2,1,4020.3,2,1
11483,2026-07-02 13:53:56+05:30,4019.8,2,4036.08,1557676,149490.0,175656.0,4100.0,4110.0,4012.0,4092.6,25391800,4501.8,3683.4,4440.0,3288.1,4019.3,8,1,4019.2,4,1,4019.0,5,1,4018.7,53,2,4018.6,22,2,4019.8,10,1,4019.9,23,2,4020.0,15,1,4020.2,2,1,4020.3,2,1
11483,2026-07-02 13:53:56+05:30,4019.8,2,4036.08,1557678,149707.0,175690.0,4100.0,4110.0,4012.0,4092.6,25391800,4501.8,3683.4,4440.0,3288.1,4019.3,8,1,4019.2,4,1,4019.0,5,1,4018.7,53,2,4018.6,20,1,4019.8,10,2,4019.9,23,2,4020.0,15,1,4020.2,2,1,4020.3,2,1
11483,2026-07-02 13:53:57+05:30,4020.5,41,4036.08,1557978,149806.0,175426.0,4100.0,4110.0,4012.0,4092.6,25391800,4501.8,3683.4,4440.0,3288.1,4019.3,8,1,4019.2,4,1,4019.0,17,2,4018.9,2,1,4018.6,38,2,4020.0,15,1,4020.3,6,1,4020.5,26,4,4020.7,13,1,4020.8,48,3
11483,2026-07-02 13:53:58+05:30,4019.8,44,4036.08,1557978,149806.0,175426.0,4100.0,4110.0,4012.0,4092.6,25391800,4501.8,3683.4,4440.0,3288.1,4019.3,8,1,4019.2,4,1,4019.0,17,2,4018.9,2,1,4018.6,38,2,4020.0,15,1,4020.3,6,1,4020.5,26,4,4020.7,13,1,4020.8,48,3
11483,2026-07-02 13:53:58+05:30,4019.8,44,4036.07,1558058,149817.0,175284.0,4100.0,4110.0,4012.0,4092.6,25391800,4501.8,3683.4,4440.0,3288.1,4019.2,4,1,4019.0,5,1,4018.9,2,1,4018.7,19,1,4018.6,45,2,4019.8,13,1,4020.0,15,1,4020.3,6,1,4020.5,24,3,4020.7,45,2
11483,2026-07-02 13:53:59+05:30,4019.8,25,4036.07,1558094,149793.0,175424.0,4100.0,4110.0,4012.0,4092.6,25391800,4501.8,3683.4,4440.0,3288.1,4019.5,1,1,4019.0,5,1,4018.8,21,1,4018.7,32,4,4018.6,61,4,4019.8,13,1,4020.0,15,1,4020.3,6,1,4020.5,24,3,4020.7,32,1
11483,2026-07-02 13:53:59+05:30,4019.5,2,4036.07,1558094,149793.0,175424.0,4100.0,4110.0,4012.0,4092.6,25391800,4501.8,3683.4,4440.0,3288.1,4019.5,1,1,4019.0,5,1,4018.8,21,1,4018.7,32,4,4018.6,61,4,4019.8,13,1,4020.0,15,1,4020.3,6,1,4020.5,24,3,4020.7,32,1
11483,2026-07-02 13:54:00+05:30,4019.5,15,4036.07,1558214,150209.0,175644.0,4100.0,4110.0,4012.0,4092.6,25391800,4501.8,3683.4,4440.0,3288.1,4019.5,41,3,4019.0,27,3,4018.9,65,2,4018.8,58,2,4018.7,77,4,4020.0,15,1,4020.5,18,2,4020.8,5,1,4020.9,9,1,4021.1,75,4
11483,2026-07-02 13:54:00+05:30,4019.5,15,4036.07,1558214,150209.0,175644.0,4100.0,4110.0,4012.0,4092.6,25391800,4501.8,3683.4,4440.0,3288.1,4019.5,41,3,4019.0,27,3,4018.9,65,2,4018.8,58,2,4018.7,77,4,4020.0,15,1,4020.5,18,2,4020.8,5,1,4020.9,9,1,4021.1,75,4
11483,2026-07-02 13:54:01+05:30,4020.0,3,4036.07,1558236,150447.0,175547.0,4100.0,4110.0,4012.0,4092.6,25391800,4501.8,3683.4,4440.0,3288.1,4019.8,5,1,4019.7,2,1,4019.5,26,3,4019.1,2,1,4019.0,25,2,4020.0,9,2,4020.5,18,2,4020.8,5,1,4020.9,9,1,4021.1,75,4
11483,2026-07-02 13:54:01+05:30,4019.8,2,4036.07,1558236,150447.0,175547.0,4100.0,4110.0,4012.0,4092.6,25391800,4501.8,3683.4,4440.0,3288.1,4019.8,5,1,4019.7,2,1,4019.5,26,3,4019.1,2,1,4019.0,25,2,4020.0,9,2,4020.5,18,2,4020.8,5,1,4020.9,9,1,4021.1,75,4
11483,2026-07-02 13:54:02+05:30,4020.0,1,4036.07,1558236,150447.0,175547.0,4100.0,4110.0,4012.0,4092.6,25391800,4501.8,3683.4,4440.0,3288.1,4019.8,5,1,4019.7,2,1,4019.5,26,3,4019.1,2,1,4019.0,25,2,4020.0,9,2,4020.5,18,2,4020.8,5,1,4020.9,9,1,4021.1,75,4
11483,2026-07-02 13:54:02+05:30,4020.0,1,4036.07,1558239,150457.0,175617.0,4100.0,4110.0,4012.0,4092.6,25391800,4501.8,3683.4,4440.0,3288.1,4019.8,3,1,4019.7,2,1,4019.5,26,3,4019.0,27,3,4018.9,66,3,4020.0,8,2,4020.5,18,2,4020.8,5,1,4020.9,9,1,4021.1,75,4
11483,2026-07-02 13:54:03+05:30,4019.8,1,4036.07,1558240,150428.0,175618.0,4100.0,4110.0,4012.0,4092.6,25391800,4501.8,3683.4,4440.0,3288.1,4019.8,2,1,4019.7,2,1,4019.5,28,4,4019.0,27,3,4018.9,66,3,4020.0,8,2,4020.5,18,2,4020.8,5,1,4020.9,9,1,4021.1,75,4
11483,2026-07-02 13:54:03+05:30,4019.8,1,4036.07,1558240,150428.0,175618.0,4100.0,4110.0,4012.0,4092.6,25391800,4501.8,3683.4,4440.0,3288.1,4019.8,2,1,4019.7,2,1,4019.5,28,4,4019.0,27,3,4018.9,66,3,4020.0,8,2,4020.5,18,2,4020.8,5,1,4020.9,9,1,4021.1,75,4
11483,2026-07-02 13:54:04+05:30,4020.0,2,4036.07,1558243,150431.0,175626.0,4100.0,4110.0,4012.0,4092.6,25391800,4501.8,3683.4,4440.0,3288.1,4019.7,2,1,4019.5,28,4,4019.0,27,3,4018.9,66,3,4018.8,48,1,4020.0,5,2,4020.5,18,2,4020.8,5,1,4020.9,9,1,4021.1,75,4
11483,2026-07-02 13:54:04+05:30,4020.0,2,4036.07,1558243,150431.0,175626.0,4100.0,4110.0,4012.0,4092.6,25391800,4501.8,3683.4,4440.0,3288.1,4019.7,2,1,4019.5,28,4,4019.0,27,3,4018.9,66,3,4018.8,48,1,4020.0,5,2,4020.5,18,2,4020.8,5,1,4020.9,9,1,4021.1,75,4
11483,2026-07-02 13:54:05+05:30,4020.0,8,4036.07,1558301,150398.0,174738.0,4100.0,4110.0,4012.0,4092.6,25391800,4501.8,3683.4,4440.0,3288.1,4019.7,2,1,4019.5,21,3,4019.1,2,1,4019.0,26,3,4018.9,66,3,4020.0,7,1,4020.5,18,2,4020.9,9,1,4021.1,14,2,4021.2,14,1
11483,2026-07-02 13:54:05+05:30,4019.7,1,4036.07,1558301,150398.0,174738.0,4100.0,4110.0,4012.0,4092.6,25391800,4501.8,3683.4,4440.0,3288.1,4019.7,2,1,4019.5,21,3,4019.1,2,1,4019.0,26,3,4018.9,66,3,4020.0,7,1,4020.5,18,2,4020.9,9,1,4021.1,14,2,4021.2,14,1
11483,2026-07-02 13:54:06+05:30,4020.0,7,4036.07,1558316,150147.0,174881.0,4100.0,4110.0,4012.0,4092.6,25391800,4501.8,3683.4,4440.0,3288.1,4019.5,21,3,4019.0,28,4,4018.9,14,2,4018.7,54,2,4018.6,61,4,4020.0,17,2,4020.5,18,2,4020.8,2,1,4020.9,23,2,4021.1,14,2
11483,2026-07-02 13:54:06+05:30,4019.5,2,4036.07,1558316,150147.0,174881.0,4100.0,4110.0,4012.0,4092.6,25391800,4501.8,3683.4,4440.0,3288.1,4019.5,21,3,4019.0,28,4,4018.9,14,2,4018.7,54,2,4018.6,61,4,4020.0,17,2,4020.5,18,2,4020.8,2,1,4020.9,23,2,4021.1,14,2
11483,2026-07-02 13:54:07+05:30,4019.5,1,4036.07,1558329,150099.0,174875.0,4100.0,4110.0,4012.0,4092.6,25391800,4501.8,3683.4,4440.0,3288.1,4019.5,17,3,4019.0,26,3,4018.9,14,2,4018.8,2,1,4018.7,2,1,4020.0,8,1,4020.5,18,2,4020.8,2,1,4020.9,23,2,4021.1,14,2
11483,2026-07-02 13:54:07+05:30,4019.5,2,4036.07,1558329,150099.0,174875.0,4100.0,4110.0,4012.0,4092.6,25391800,4501.8,3683.4,4440.0,3288.1,4019.5,17,3,4019.0,26,3,4018.9,14,2,4018.8,2,1,4018.7,2,1,4020.0,8,1,4020.5,18,2,4020.8,2,1,4020.9,23,2,4021.1,14,2
11483,2026-07-02 13:54:08+05:30,4019.5,1,4036.07,1558341,150258.0,174844.0,4100.0,4110.0,4012.0,4092.6,25391800,4501.8,3683.4,4440.0,3288.1,4019.5,19,4,4019.0,28,4,4018.9,14,2,4018.8,62,1,4018.7,50,2,4020.0,11,1,4020.5,18,2,4020.9,23,2,4021.1,14,2,4021.2,47,3
11483,2026-07-02 13:54:08+05:30,4019.5,1,4036.07,1558341,150258.0,174844.0,4100.0,4110.0,4012.0,4092.6,25391800,4501.8,3683.4,4440.0,3288.1,4019.5,19,4,4019.0,28,4,4018.9,14,2,4018.8,62,1,4018.7,50,2,4020.0,11,1,4020.5,18,2,4020.9,23,2,4021.1,14,2,4021.2,47,3
11483,2026-07-02 13:54:09+05:30,4020.0,1,4036.07,1558353,150180.0,174863.0,4100.0,4110.0,4012.0,4092.6,25391800,4501.8,3683.4,4440.0,3288.1,4019.7,1,1,4019.5,17,4,4019.0,28,4,4018.9,14,2,4018.7,50,2,4020.0,1,1,4020.5,18,2,4020.9,23,2,4021.1,17,3,4021.2,44,2
11483,2026-07-02 13:54:09+05:30,4020.0,2,4036.07,1558353,150180.0,174863.0,4100.0,4110.0,4012.0,4092.6,25391800,4501.8,3683.4,4440.0,3288.1,4019.7,1,1,4019.5,17,4,4019.0,28,4,4018.9,14,2,4018.7,50,2,4020.0,1,1,4020.5,18,2,4020.9,23,2,4021.1,17,3,4021.2,44,2
11483,2026-07-02 13:54:10+05:30,4020.0,2,4036.07,1558372,150217.0,175268.0,4100.0,4110.0,4012.0,4092.6,25391800,4501.8,3683.4,4440.0,3288.1,4019.5,12,3,4019.0,37,4,4018.9,13,1,4018.8,2,1,4018.7,50,2,4019.7,1,1,4020.0,15,1,4020.5,18,2,4020.8,13,1,4020.9,9,1
11483,2026-07-02 13:54:10+05:30,4019.5,2,4036.07,1558372,150217.0,175268.0,4100.0,4110.0,4012.0,4092.6,25391800,4501.8,3683.4,4440.0,3288.1,4019.5,12,3,4019.0,37,4,4018.9,13,1,4018.8,2,1,4018.7,50,2,4019.7,1,1,4020.0,15,1,4020.5,18,2,4020.8,13,1,4020.9,9,1
11483,2026-07-02 13:54:11+05:30,4020.0,1,4036.07,1558388,150666.0,175598.0,4100.0,4110.0,4012.0,4092.6,25391800,4501.8,3683.4,4440.0,3288.1,4019.1,10,1,4019.0,53,5,4018.6,46,3,4018.5,116,3,4018.4,78,5,4019.5,1,1,4020.0,14,1,4020.5,18,2,4020.7,2,1,4020.8,13,1
11483,2026-07-02 13:54:11+05:30,4019.1,2,4036.07,1558388,150666.0,175598.0,4100.0,4110.0,4012.0,4092.6,25391800,4501.8,3683.4,4440.0,3288.1,4019.1,10,1,4019.0,53,5,4018.6,46,3,4018.5,116,3,4018.4,78,5,4019.5,1,1,4020.0,14,1,4020.5,18,2,4020.7,2,1,4020.8,13,1
11483,2026-07-02 13:54:11+05:30,4020.0,1,4036.07,1558394,150233.0,175573.0,4100.0,4110.0,4012.0,4092.6,25391800,4501.8,3683.4,4440.0,3288.1,4019.1,7,1,4019.0,23,4,4018.8,2,1,4018.6,46,3,4018.5,139,5,4020.0,12,1,4020.5,18,2,4020.7,2,1,4020.9,51,3,4021.0,3,1
11483,2026-07-02 13:54:12+05:30,4019.1,1,4036.07,1558394,150233.0,175573.0,4100.0,4110.0,4012.0,4092.6,25391800,4501.8,3683.4,4440.0,3288.1,4019.1,7,1,4019.0,23,4,4018.8,2,1,4018.6,46,3,4018.5,139,5,4020.0,12,1,4020.5,18,2,4020.7,2,1,4020.9,51,3,4021.0,3,1
11483,2026-07-02 13:54:12+05:30,4019.1,1,4036.07,1558398,150236.0,175574.0,4100.0,4110.0,4012.0,4092.6,25391800,4501.8,3683.4,4440.0,3288.1,4019.1,5,1,4019.0,23,4,4018.8,2,1,4018.6,46,3,4018.5,139,5,4020.0,10,1,4020.5,30,3,4020.7,2,1,4020.8,3,1,4020.9,51,3
11483,2026-07-02 13:54:13+05:30,4019.1,1,4036.07,1558398,150236.0,175574.0,4100.0,4110.0,4012.0,4092.6,25391800,4501.8,3683.4,4440.0,3288.1,4019.1,5,1,4019.0,23,4,4018.8,2,1,4018.6,46,3,4018.5,139,5,4020.0,10,1,4020.5,30,3,4020.7,2,1,4020.8,3,1,4020.9,51,3
11483,2026-07-02 13:54:13+05:30,4019.1,1,4036.07,1558411,150349.0,175562.0,4100.0,4110.0,4012.0,4092.6,25391800,4501.8,3683.4,4440.0,3288.1,4019.1,16,3,4019.0,37,5,4018.8,2,1,4018.7,76,2,4018.6,54,4,4020.0,15,1,4020.5,18,2,4020.7,2,1,4020.9,24,3,4021.0,13,1
11483,2026-07-02 13:54:14+05:30,4020.0,1,4036.07,1558411,150349.0,175562.0,4100.0,4110.0,4012.0,4092.6,25391800,4501.8,3683.4,4440.0,3288.1,4019.1,16,3,4019.0,37,5,4018.8,2,1,4018.7,76,2,4018.6,54,4,4020.0,15,1,4020.5,18,2,4020.7,2,1,4020.9,24,3,4021.0,13,1
11483,2026-07-02 13:54:14+05:30,4019.1,1,4036.07,1558421,150225.0,175595.0,4100.0,4110.0,4012.0,4092.6,25391800,4501.8,3683.4,4440.0,3288.1,4019.1,73,3,4019.0,28,4,4018.8,9,1,4018.6,54,4,4018.5,139,6,4020.0,11,2,4020.5,18,2,4020.6,12,1,4020.7,2,1,4020.9,24,3
11483,2026-07-02 13:54:15+05:30,4020.0,1,4036.07,1558421,150225.0,175595.0,4100.0,4110.0,4012.0,4092.6,25391800,4501.8,3683.4,4440.0,3288.1,4019.1,73,3,4019.0,28,4,4018.8,9,1,4018.6,54,4,4018.5,139,6,4020.0,11,2,4020.5,18,2,4020.6,12,1,4020.7,2,1,4020.9,24,3
11483,2026-07-02 13:54:15+05:30,4019.1,1,4036.07,1558432,150241.0,175589.0,4100.0,4110.0,4012.0,4092.6,25391800,4501.8,3683.4,4440.0,3288.1,4019.1,70,3,4019.0,16,3,4018.8,9,1,4018.6,48,3,4018.5,145,7,4020.0,3,2,4020.5,18,2,4020.6,12,1,4020.7,2,1,4020.9,54,4
11483,2026-07-02 13:54:16+05:30,4020.0,1,4036.07,1558432,150241.0,175589.0,4100.0,4110.0,4012.0,4092.6,25391800,4501.8,3683.4,4440.0,3288.1,4019.1,70,3,4019.0,16,3,4018.8,9,1,4018.6,48,3,4018.5,145,7,4020.0,3,2,4020.5,18,2,4020.6,12,1,4020.7,2,1,4020.9,54,4
11483,2026-07-02 13:54:16+05:30,4020.0,1,4036.07,1558581,149604.0,175663.0,4100.0,4110.0,4012.0,4092.6,25391800,4501.8,3683.4,4440.0,3288.1,4018.8,25,3,4018.7,29,3,4018.6,45,3,4018.5,122,5,4018.4,69,4,4020.0,26,3,4020.5,18,2,4020.7,60,3,4020.8,12,1,4020.9,52,3
11483,2026-07-02 13:54:17+05:30,4018.8,1,4036.07,1558581,149604.0,175663.0,4100.0,4110.0,4012.0,4092.6,25391800,4501.8,3683.4,4440.0,3288.1,4018.8,25,3,4018.7,29,3,4018.6,45,3,4018.5,122,5,4018.4,69,4,4020.0,26,3,4020.5,18,2,4020.7,60,3,4020.8,12,1,4020.9,52,3
11483,2026-07-02 13:54:17+05:30,4018.8,1,4036.07,1558610,150386.0,176008.0,4100.0,4110.0,4012.0,4092.6,25391800,4501.8,3683.4,4440.0,3288.1,4018.8,4,1,4018.5,103,3,4018.4,49,2,4018.3,46,3,4018.2,3,2,4019.4,39,1,4019.5,42,1,4019.7,42,1,4019.9,42,1,4020.0,19,2
11483,2026-07-02 13:54:18+05:30,4018.9,9,4036.07,1558610,150386.0,176008.0,4100.0,4110.0,4012.0,4092.6,25391800,4501.8,3683.4,4440.0,3288.1,4018.8,4,1,4018.5,103,3,4018.4,49,2,4018.3,46,3,4018.2,3,2,4019.4,39,1,4019.5,42,1,4019.7,42,1,4019.9,42,1,4020.0,19,2
11483,2026-07-02 13:54:18+05:30,4018.9,8,4036.07,1558632,150088.0,176487.0,4100.0,4110.0,4012.0,4092.6,25391800,4501.8,3683.4,4440.0,3288.1,4018.5,103,3,4018.4,30,1,4018.3,2,1,4018.2,1,1,4018.1,26,1,4018.8,1,1,4018.9,61,1,4019.1,42,1,4019.3,42,1,4019.4,39,1
11483,2026-07-02 13:54:19+05:30,4018.9,8,4036.07,1558632,150088.0,176487.0,4100.0,4110.0,4012.0,4092.6,25391800,4501.8,3683.4,4440.0,3288.1,4018.5,103,3,4018.4,30,1,4018.3,2,1,4018.2,1,1,4018.1,26,1,4018.8,1,1,4018.9,61,1,4019.1,42,1,4019.3,42,1,4019.4,39,1
11483,2026-07-02 13:54:19+05:30,4018.5,2,4036.07,1558632,150088.0,176487.0,4100.0,4110.0,4012.0,4092.6,25391800,4501.8,3683.4,4440.0,3288.1,4018.5,103,3,4018.4,30,1,4018.3,2,1,4018.2,1,1,4018.1,26,1,4018.8,1,1,4018.9,61,1,4019.1,42,1,4019.3,42,1,4019.4,39,1
11483,2026-07-02 13:54:19+05:30,4018.5,2,4036.07,1558646,149962.0,176454.0,4100.0,4110.0,4012.0,4092.6,25391800,4501.8,3683.4,4440.0,3288.1,4018.5,99,2,4018.4,30,1,4018.3,2,1,4018.2,1,1,4018.1,26,1,4018.6,51,1,4018.8,43,2,4019.0,42,1,4019.2,42,1,4019.4,39,1
11483,2026-07-02 13:54:19+05:30,4018.5,2,4036.07,1558646,149962.0,176454.0,4100.0,4110.0,4012.0,4092.6,25391800,4501.8,3683.4,4440.0,3288.1,4018.5,99,2,4018.4,30,1,4018.3,2,1,4018.2,1,1,4018.1,26,1,4018.6,51,1,4018.8,43,2,4019.0,42,1,4019.2,42,1,4019.4,39,1
11483,2026-07-02 13:54:20+05:30,4018.5,2,4036.07,1558646,149962.0,176454.0,4100.0,4110.0,4012.0,4092.6,25391800,4501.8,3683.4,4440.0,3288.1,4018.5,99,2,4018.4,30,1,4018.3,2,1,4018.2,1,1,4018.1,26,1,4018.6,51,1,4018.8,43,2,4019.0,42,1,4019.2,42,1,4019.4,39,1
11483,2026-07-02 13:54:20+05:30,4018.5,1,4036.07,1558646,149962.0,176454.0,4100.0,4110.0,4012.0,4092.6,25391800,4501.8,3683.4,4440.0,3288.1,4018.5,99,2,4018.4,30,1,4018.3,2,1,4018.2,1,1,4018.1,26,1,4018.6,51,1,4018.8,43,2,4019.0,42,1,4019.2,42,1,4019.4,39,1
11483,2026-07-02 13:54:20+05:30,4018.5,72,4036.07,1558782,149881.0,176337.0,4100.0,4110.0,4012.0,4092.6,25391800,4501.8,3683.4,4440.0,3288.1,4018.5,31,3,4018.4,30,1,4018.3,2,1,4018.2,1,1,4018.1,26,1,4018.7,33,1,4018.8,1,1,4018.9,42,1,4019.1,42,1,4019.4,39,1
11483,2026-07-02 13:54:20+05:30,4018.5,72,4036.07,1558782,149881.0,176337.0,4100.0,4110.0,4012.0,4092.6,25391800,4501.8,3683.4,4440.0,3288.1,4018.5,31,3,4018.4,30,1,4018.3,2,1,4018.2,1,1,4018.1,26,1,4018.7,33,1,4018.8,1,1,4018.9,42,1,4019.1,42,1,4019.4,39,1
11483,2026-07-02 13:54:21+05:30,4018.5,72,4036.07,1558782,149881.0,176337.0,4100.0,4110.0,4012.0,4092.6,25391800,4501.8,3683.4,4440.0,3288.1,4018.5,31,3,4018.4,30,1,4018.3,2,1,4018.2,1,1,4018.1,26,1,4018.7,33,1,4018.8,1,1,4018.9,42,1,4019.1,42,1,4019.4,39,1
11483,2026-07-02 13:54:21+05:30,4018.5,1,4036.07,1558782,149881.0,176337.0,4100.0,4110.0,4012.0,4092.6,25391800,4501.8,3683.4,4440.0,3288.1,4018.5,31,3,4018.4,30,1,4018.3,2,1,4018.2,1,1,4018.1,26,1,4018.7,33,1,4018.8,1,1,4018.9,42,1,4019.1,42,1,4019.4,39,1
11483,2026-07-02 13:54:21+05:30,4018.5,8,4036.07,1558822,149879.0,176868.0,4100.0,4110.0,4012.0,4092.6,25391800,4501.8,3683.4,4440.0,3288.1,4018.4,38,3,4018.3,2,1,4018.2,1,1,4018.1,26,1,4018.0,367,24,4018.5,58,1,4018.7,24,1,4018.8,1,1,4018.9,42,1,4019.1,42,1
11483,2026-07-02 13:54:21+05:30,4018.5,8,4036.07,1558822,149879.0,176868.0,4100.0,4110.0,4012.0,4092.6,25391800,4501.8,3683.4,4440.0,3288.1,4018.4,38,3,4018.3,2,1,4018.2,1,1,4018.1,26,1,4018.0,367,24,4018.5,58,1,4018.7,24,1,4018.8,1,1,4018.9,42,1,4019.1,42,1
11483,2026-07-02 13:54:22+05:30,4018.4,1,4036.07,1558822,149879.0,176868.0,4100.0,4110.0,4012.0,4092.6,25391800,4501.8,3683.4,4440.0,3288.1,4018.4,38,3,4018.3,2,1,4018.2,1,1,4018.1,26,1,4018.0,367,24,4018.5,58,1,4018.7,24,1,4018.8,1,1,4018.9,42,1,4019.1,42,1
11483,2026-07-02 13:54:22+05:30,4018.4,1,4036.07,1558822,149879.0,176868.0,4100.0,4110.0,4012.0,4092.6,25391800,4501.8,3683.4,4440.0,3288.1,4018.4,38,3,4018.3,2,1,4018.2,1,1,4018.1,26,1,4018.0,367,24,4018.5,58,1,4018.7,24,1,4018.8,1,1,4018.9,42,1,4019.1,42,1
11483,2026-07-02 13:54:22+05:30,4018.4,1,4036.07,1558847,149860.0,176906.0,4100.0,4110.0,4012.0,4092.6,25391800,4501.8,3683.4,4440.0,3288.1,4018.4,24,2,4018.3,2,1,4018.2,9,2,4018.1,26,1,4018.0,367,24,4018.7,24,1,4018.8,43,2,4019.0,42,1,4019.4,39,1,4019.5,50,1
11483,2026-07-02 13:54:23+05:30,4018.4,1,4036.07,1558847,149860.0,176906.0,4100.0,4110.0,4012.0,4092.6,25391800,4501.8,3683.4,4440.0,3288.1,4018.4,24,2,4018.3,2,1,4018.2,9,2,4018.1,26,1,4018.0,367,24,4018.7,24,1,4018.8,43,2,4019.0,42,1,4019.4,39,1,4019.5,50,1
11483,2026-07-02 13:54:23+05:30,4018.5,20,4036.07,1558847,149860.0,176906.0,4100.0,4110.0,4012.0,4092.6,25391800,4501.8,3683.4,4440.0,3288.1,4018.4,24,2,4018.3,2,1,4018.2,9,2,4018.1,26,1,4018.0,367,24,4018.7,24,1,4018.8,43,2,4019.0,42,1,4019.4,39,1,4019.5,50,1
11483,2026-07-02 13:54:23+05:30,4018.5,20,4036.07,1558847,149860.0,176906.0,4100.0,4110.0,4012.0,4092.6,25397050,4501.8,3683.4,4440.0,3288.1,4018.4,24,2,4018.3,2,1,4018.2,9,2,4018.1,26,1,4018.0,367,24,4018.7,24,1,4018.8,43,2,4019.0,42,1,4019.4,39,1,4019.5,50,1
11483,2026-07-02 13:54:23+05:30,4018.4,1,4036.07,1558905,149854.0,176705.0,4100.0,4110.0,4012.0,4092.6,25397050,4501.8,3683.4,4440.0,3288.1,4018.4,19,2,4018.3,2,1,4018.2,9,2,4018.1,26,1,4018.0,398,26,4018.7,3,2,4018.8,1,1,4018.9,42,1,4019.1,42,1,4019.4,39,1
11483,2026-07-02 13:54:23+05:30,4018.4,1,4036.07,1558905,149854.0,176705.0,4100.0,4110.0,4012.0,4092.6,25397050,4501.8,3683.4,4440.0,3288.1,4018.4,19,2,4018.3,2,1,4018.2,9,2,4018.1,26,1,4018.0,398,26,4018.7,3,2,4018.8,1,1,4018.9,42,1,4019.1,42,1,4019.4,39,1
11483,2026-07-02 13:54:24+05:30,4018.4,1,4036.07,1558905,149854.0,176705.0,4100.0,4110.0,4012.0,4092.6,25397050,4501.8,3683.4,4440.0,3288.1,4018.4,19,2,4018.3,2,1,4018.2,9,2,4018.1,26,1,4018.0,398,26,4018.7,3,2,4018.8,1,1,4018.9,42,1,4019.1,42,1,4019.4,39,1
11483,2026-07-02 13:54:24+05:30,4018.4,2,4036.07,1558905,149854.0,176705.0,4100.0,4110.0,4012.0,4092.6,25397050,4501.8,3683.4,4440.0,3288.1,4018.4,19,2,4018.3,2,1,4018.2,9,2,4018.1,26,1,4018.0,398,26,4018.7,3,2,4018.8,1,1,4018.9,42,1,4019.1,42,1,4019.4,39,1
11483,2026-07-02 13:54:24+05:30,4018.4,2,4036.07,1558905,149854.0,176705.0,4100.0,4110.0,4012.0,4092.6,25397050,4501.8,3683.4,4440.0,3288.1,4018.4,19,2,4018.3,2,1,4018.2,9,2,4018.1,26,1,4018.0,398,26,4018.7,3,2,4018.8,1,1,4018.9,42,1,4019.1,42,1,4019.4,39,1
11483,2026-07-02 13:54:24+05:30,4018.4,1,4036.06,1558926,149934.0,176571.0,4100.0,4110.0,4012.0,4092.6,25397050,4501.8,3683.4,4440.0,3288.1,4018.4,9,2,4018.3,2,1,4018.2,9,2,4018.1,28,2,4018.0,403,26,4019.5,50,1,4019.6,13,2,4019.9,22,2,4020.0,47,5,4020.1,57,3
11483,2026-07-02 13:54:25+05:30,4018.4,1,4036.06,1558926,149934.0,176571.0,4100.0,4110.0,4012.0,4092.6,25397050,4501.8,3683.4,4440.0,3288.1,4018.4,9,2,4018.3,2,1,4018.2,9,2,4018.1,28,2,4018.0,403,26,4019.5,50,1,4019.6,13,2,4019.9,22,2,4020.0,47,5,4020.1,57,3
11483,2026-07-02 13:54:25+05:30,4019.6,1,4036.06,1558926,149934.0,176571.0,4100.0,4110.0,4012.0,4092.6,25397050,4501.8,3683.4,4440.0,3288.1,4018.4,9,2,4018.3,2,1,4018.2,9,2,4018.1,28,2,4018.0,403,26,4019.5,50,1,4019.6,13,2,4019.9,22,2,4020.0,47,5,4020.1,57,3
11483,2026-07-02 13:54:25+05:30,4019.6,1,4036.06,1558979,150132.0,176603.0,4100.0,4110.0,4012.0,4092.6,25397050,4501.8,3683.4,4440.0,3288.1,4018.5,15,3,4018.4,17,4,4018.3,19,3,4018.2,9,2,4018.1,63,4,4019.6,12,1,4020.0,18,3,4020.3,11,1,4020.4,44,3,4020.5,48,3
11483,2026-07-02 13:54:26+05:30,4019.6,7,4036.06,1558979,150132.0,176603.0,4100.0,4110.0,4012.0,4092.6,25397050,4501.8,3683.4,4440.0,3288.1,4018.5,15,3,4018.4,17,4,4018.3,19,3,4018.2,9,2,4018.1,63,4,4019.6,12,1,4020.0,18,3,4020.3,11,1,4020.4,44,3,4020.5,48,3
11483,2026-07-02 13:54:26+05:30,4019.6,7,4036.06,1558992,149980.0,176357.0,4100.0,4110.0,4012.0,4092.6,25397050,4501.8,3683.4,4440.0,3288.1,4019.1,31,1,4019.0,42,1,4018.9,42,1,4018.8,2,1,4018.7,72,2,4020.0,20,2,4020.4,35,2,4020.5,18,2,4020.6,20,1,4020.7,24,2
11483,2026-07-02 13:54:27+05:30,4019.1,2,4036.06,1558992,149980.0,176357.0,4100.0,4110.0,4012.0,4092.6,25397050,4501.8,3683.4,4440.0,3288.1,4019.1,31,1,4019.0,42,1,4018.9,42,1,4018.8,2,1,4018.7,72,2,4020.0,20,2,4020.4,35,2,4020.5,18,2,4020.6,20,1,4020.7,24,2
11483,2026-07-02 13:54:27+05:30,4019.1,2,4036.06,1558994,152044.0,176479.0,4100.0,4110.0,4012.0,4092.6,25397050,4501.8,3683.4,4440.0,3288.1,4019.5,42,1,4019.4,42,1,4019.2,42,1,4019.0,42,1,4018.9,13,1,4020.0,21,2,4020.4,46,4,4020.5,31,3,4020.7,24,2,4020.9,71,4
11483,2026-07-02 13:54:28+05:30,4020.0,55,4036.06,1558994,152044.0,176479.0,4100.0,4110.0,4012.0,4092.6,25397050,4501.8,3683.4,4440.0,3288.1,4019.5,42,1,4019.4,42,1,4019.2,42,1,4019.0,42,1,4018.9,13,1,4020.0,21,2,4020.4,46,4,4020.5,31,3,4020.7,24,2,4020.9,71,4
11483,2026-07-02 13:54:28+05:30,4020.0,8,4036.06,1559078,151998.0,176214.0,4100.0,4110.0,4012.0,4092.6,25397050,4501.8,3683.4,4440.0,3288.1,4019.9,42,1,4019.8,42,1,4019.6,42,1,4019.4,42,1,4019.0,6,1,4020.0,19,2,4020.4,12,4,4020.5,18,2,4020.7,2,1,4020.9,39,2
11483,2026-07-02 13:54:29+05:30,4020.0,2,4036.06,1559078,151998.0,176214.0,4100.0,4110.0,4012.0,4092.6,25397050,4501.8,3683.4,4440.0,3288.1,4019.9,42,1,4019.8,42,1,4019.6,42,1,4019.4,42,1,4019.0,6,1,4020.0,19,2,4020.4,12,4,4020.5,18,2,4020.7,2,1,4020.9,39,2
11483,2026-07-02 13:54:29+05:30,4020.0,4,4036.06,1559131,152061.0,176495.0,4100.0,4110.0,4012.0,4092.6,25397050,4501.8,3683.4,4440.0,3288.1,4019.9,33,2,4019.8,42,1,4019.6,42,1,4019.4,51,2,4018.9,15,2,4020.0,23,2,4020.4,1,1,4020.5,20,3,4020.8,11,1,4020.9,39,2
11483,2026-07-02 13:54:30+05:30,4019.9,7,4036.06,1559131,152061.0,176495.0,4100.0,4110.0,4012.0,4092.6,25397050,4501.8,3683.4,4440.0,3288.1,4019.9,33,2,4019.8,42,1,4019.6,42,1,4019.4,51,2,4018.9,15,2,4020.0,23,2,4020.4,1,1,4020.5,20,3,4020.8,11,1,4020.9,39,2
11483,2026-07-02 13:54:30+05:30,4020.0,2,4036.06,1559214,152029.0,176520.0,4100.0,4110.0,4012.0,4092.6,25397050,4501.8,3683.4,4440.0,3288.1,4019.9,26,2,4019.8,42,1,4019.6,42,1,4019.4,42,1,4019.0,1,1,4020.0,13,1,4020.4,12,2,4020.5,31,3,4020.8,2,1,4020.9,59,4
11483,2026-07-02 13:54:31+05:30,4020.0,1,4036.06,1559214,152029.0,176520.0,4100.0,4110.0,4012.0,4092.6,25397050,4501.8,3683.4,4440.0,3288.1,4019.9,26,2,4019.8,42,1,4019.6,42,1,4019.4,42,1,4019.0,1,1,4020.0,13,1,4020.4,12,2,4020.5,31,3,4020.8,2,1,4020.9,59,4
11483,2026-07-02 13:54:31+05:30,4020.0,10,4036.06,1559299,152048.0,176552.0,4100.0,4110.0,4012.0,4092.6,25397050,4501.8,3683.4,4440.0,3288.1,4019.9,16,2,4019.8,42,1,4019.6,42,1,4019.4,42,1,4019.0,6,2,4020.0,15,1,4020.4,1,1,4020.5,18,2,4020.8,2,1,4020.9,59,4
11483,2026-07-02 13:54:32+05:30,4020.0,46,4036.06,1559299,152048.0,176552.0,4100.0,4110.0,4012.0,4092.6,25397050,4501.8,3683.4,4440.0,3288.1,4019.9,16,2,4019.8,42,1,4019.6,42,1,4019.4,42,1,4019.0,6,2,4020.0,15,1,4020.4,1,1,4020.5,18,2,4020.8,2,1,4020.9,59,4
11483,2026-07-02 13:54:32+05:30,4020.0,80,4036.06,1559482,152043.0,176590.0,4100.0,4110.0,4012.0,4092.6,25397050,4501.8,3683.4,4440.0,3288.1,4019.9,6,2,4019.8,42,1,4019.6,42,1,4019.4,42,1,4019.0,6,2,4020.0,15,1,4020.4,1,1,4020.5,29,3,4020.8,3,1,4020.9,61,5
11483,2026-07-02 13:54:33+05:30,4019.9,16,4036.06,1559482,152043.0,176590.0,4100.0,4110.0,4012.0,4092.6,25397050,4501.8,3683.4,4440.0,3288.1,4019.9,6,2,4019.8,42,1,4019.6,42,1,4019.4,42,1,4019.0,6,2,4020.0,15,1,4020.4,1,1,4020.5,29,3,4020.8,3,1,4020.9,61,5
11483,2026-07-02 13:54:33+05:30,4019.9,16,4036.06,1559504,152072.0,176289.0,4100.0,4110.0,4012.0,4092.6,25397050,4501.8,3683.4,4440.0,3288.1,4019.9,60,1,4019.7,42,1,4019.5,42,1,4019.3,42,1,4019.0,12,3,4020.0,15,1,4020.4,1,1,4020.5,18,2,4020.9,61,5,4021.0,2,1
11483,2026-07-02 13:54:34+05:30,4020.0,10,4036.06,1559504,152072.0,176289.0,4100.0,4110.0,4012.0,4092.6,25397050,4501.8,3683.4,4440.0,3288.1,4019.9,60,1,4019.7,42,1,4019.5,42,1,4019.3,42,1,4019.0,12,3,4020.0,15,1,4020.4,1,1,4020.5,18,2,4020.9,61,5,4021.0,2,1
11483,2026-07-02 13:54:34+05:30,4020.0,10,4036.06,1559516,152105.0,176631.0,4100.0,4110.0,4012.0,4092.6,25397050,4501.8,3683.4,4440.0,3288.1,4019.9,42,1,4019.8,42,1,4019.6,42,1,4019.4,42,1,4019.0,6,2,4020.0,5,1,4020.1,350,1,4020.4,1,1,4020.5,18,2,4020.8,13,2
11483,2026-07-02 13:54:35+05:30,4020.0,42,4036.06,1559516,152105.0,176631.0,4100.0,4110.0,4012.0,4092.6,25397050,4501.8,3683.4,4440.0,3288.1,4019.9,42,1,4019.8,42,1,4019.6,42,1,4019.4,42,1,4019.0,6,2,4020.0,5,1,4020.1,350,1,4020.4,1,1,4020.5,18,2,4020.8,13,2
11483,2026-07-02 13:54:35+05:30,4020.0,42,4036.06,1559574,152136.0,176681.0,4100.0,4110.0,4012.0,4092.6,25397050,4501.8,3683.4,4440.0,3288.1,4019.9,40,1,4019.8,42,1,4019.6,42,1,4019.4,42,1,4019.0,6,2,4020.0,15,1,4020.1,351,2,4020.5,18,2,4020.8,3,1,4020.9,59,4
11483,2026-07-02 13:54:36+05:30,4020.0,10,4036.06,1559574,152136.0,176681.0,4100.0,4110.0,4012.0,4092.6,25397050,4501.8,3683.4,4440.0,3288.1,4019.9,40,1,4019.8,42,1,4019.6,42,1,4019.4,42,1,4019.0,6,2,4020.0,15,1,4020.1,351,2,4020.5,18,2,4020.8,3,1,4020.9,59,4
11483,2026-07-02 13:54:36+05:30,4020.0,10,4036.06,1559665,152136.0,175944.0,4100.0,4110.0,4012.0,4092.6,25397050,4501.8,3683.4,4440.0,3288.1,4019.6,19,1,4019.5,25,1,4019.1,50,3,4019.0,31,5,4018.9,15,2,4020.0,18,2,4020.5,18,2,4020.9,9,1,4021.0,2,1,4021.1,13,2
11483,2026-07-02 13:54:37+05:30,4019.6,11,4036.06,1559665,152136.0,175944.0,4100.0,4110.0,4012.0,4092.6,25397050,4501.8,3683.4,4440.0,3288.1,4019.6,19,1,4019.5,25,1,4019.1,50,3,4019.0,31,5,4018.9,15,2,4020.0,18,2,4020.5,18,2,4020.9,9,1,4021.0,2,1,4021.1,13,2
11483,2026-07-02 13:54:37+05:30,4020.0,1,4036.06,1559677,152156.0,175900.0,4100.0,4110.0,4012.0,4092.6,25397050,4501.8,3683.4,4440.0,3288.1,4019.9,2,1,4019.6,19,1,4019.5,45,3,4019.2,10,1,4019.1,50,3,4020.0,17,2,4020.5,18,2,4020.9,9,1,4021.0,2,1,4021.1,4,1
11483,2026-07-02 13:54:38+05:30,4020.0,1,4036.06,1559677,152156.0,175900.0,4100.0,4110.0,4012.0,4092.6,25397050,4501.8,3683.4,4440.0,3288.1,4019.9,2,1,4019.6,19,1,4019.5,45,3,4019.2,10,1,4019.1,50,3,4020.0,17,2,4020.5,18,2,4020.9,9,1,4021.0,2,1,4021.1,4,1
11483,2026-07-02 13:54:38+05:30,4020.0,1,4036.06,1559679,152212.0,175928.0,4100.0,4110.0,4012.0,4092.6,25397050,4501.8,3683.4,4440.0,3288.1,4019.9,1,1,4019.5,33,2,4019.2,10,1,4019.1,40,2,4019.0,31,5,4020.0,44,4,4020.1,1,1,4020.5,18,2,4020.9,9,1,4021.0,2,1
11483,2026-07-02 13:54:39+05:30,4020.0,1,4036.06,1559679,152212.0,175928.0,4100.0,4110.0,4012.0,4092.6,25397050,4501.8,3683.4,4440.0,3288.1,4019.9,1,1,4019.5,33,2,4019.2,10,1,4019.1,40,2,4019.0,31,5,4020.0,44,4,4020.1,1,1,4020.5,18,2,4020.9,9,1,4021.0,2,1
11483,2026-07-02 13:54:39+05:30,4020.0,1,4036.06,1559680,152201.0,175933.0,4100.0,4110.0,4012.0,4092.6,25397050,4501.8,3683.4,4440.0,3288.1,4019.9,2,2,4019.5,33,2,4019.2,10,1,4019.1,28,1,4019.0,31,5,4020.0,43,4,4020.1,1,1,4020.5,18,2,4020.9,9,1,4021.0,2,1
11483,2026-07-02 13:54:40+05:30,4018.8,2,4036.06,1559680,152201.0,175933.0,4100.0,4110.0,4012.0,4092.6,25397050,4501.8,3683.4,4440.0,3288.1,4019.9,2,2,4019.5,33,2,4019.2,10,1,4019.1,28,1,4019.0,31,5,4020.0,43,4,4020.1,1,1,4020.5,18,2,4020.9,9,1,4021.0,2,1
11483,2026-07-02 13:54:40+05:30,4018.9,10,4036.05,1559900,151710.0,176189.0,4100.0,4110.0,4012.0,4092.6,25397050,4501.8,3683.4,4440.0,3288.1,4018.6,53,5,4018.5,115,5,4018.4,25,4,4018.3,24,3,4018.2,153,8,4020.0,39,7,4020.1,1,1,4020.3,2,1,4020.4,5,1,4020.5,18,2
11483,2026-07-02 13:54:41+05:30,4020.0,1,4036.05,1559900,151710.0,176189.0,4100.0,4110.0,4012.0,4092.6,25397050,4501.8,3683.4,4440.0,3288.1,4018.6,53,5,4018.5,115,5,4018.4,25,4,4018.3,24,3,4018.2,153,8,4020.0,39,7,4020.1,1,1,4020.3,2,1,4020.4,5,1,4020.5,18,2
11483,2026-07-02 13:54:41+05:30,4020.0,1,4036.05,1559937,151737.0,176188.0,4100.0,4110.0,4012.0,4092.6,25397050,4501.8,3683.4,4440.0,3288.1,4018.7,16,2,4018.6,30,4,4018.5,129,7,4018.4,25,4,4018.3,30,4,4020.0,28,7,4020.1,1,1,4020.4,5,1,4020.5,18,2,4020.7,10,1
11483,2026-07-02 13:54:42+05:30,4018.7,4,4036.05,1559937,151737.0,176188.0,4100.0,4110.0,4012.0,4092.6,25397050,4501.8,3683.4,4440.0,3288.1,4018.7,16,2,4018.6,30,4,4018.5,129,7,4018.4,25,4,4018.3,30,4,4020.0,28,7,4020.1,1,1,4020.4,5,1,4020.5,18,2,4020.7,10,1
11483,2026-07-02 13:54:42+05:30,4020.0,14,4036.05,1559963,151699.0,176183.0,4100.0,4110.0,4012.0,4092.6,25397050,4501.8,3683.4,4440.0,3288.1,4018.7,22,3,4018.6,30,4,4018.5,129,7,4018.4,31,5,4018.3,24,3,4020.0,21,5,4020.1,1,1,4020.4,5,1,4020.5,18,2,4020.7,10,1
11483,2026-07-02 13:54:43+05:30,4018.7,4,4036.05,1559963,151699.0,176183.0,4100.0,4110.0,4012.0,4092.6,25397050,4501.8,3683.4,4440.0,3288.1,4018.7,22,3,4018.6,30,4,4018.5,129,7,4018.4,31,5,4018.3,24,3,4020.0,21,5,4020.1,1,1,4020.4,5,1,4020.5,18,2,4020.7,10,1
11483,2026-07-02 13:54:43+05:30,4018.7,4,4036.05,1559967,151634.0,176188.0,4100.0,4110.0,4012.0,4092.6,25397050,4501.8,3683.4,4440.0,3288.1,4018.7,8,2,4018.6,25,3,4018.5,141,8,4018.4,31,5,4018.3,24,3,4020.0,21,5,4020.1,1,1,4020.4,5,1,4020.5,18,2,4020.7,10,1
11483,2026-07-02 13:54:44+05:30,4018.7,1,4036.05,1559967,151634.0,176188.0,4100.0,4110.0,4012.0,4092.6,25397050,4501.8,3683.4,4440.0,3288.1,4018.7,8,2,4018.6,25,3,4018.5,141,8,4018.4,31,5,4018.3,24,3,4020.0,21,5,4020.1,1,1,4020.4,5,1,4020.5,18,2,4020.7,10,1
11483,2026-07-02 13:54:44+05:30,4018.7,1,4036.05,1559968,151642.0,176123.0,4100.0,4110.0,4012.0,4092.6,25397050,4501.8,3683.4,4440.0,3288.1,4018.7,7,2,4018.6,25,3,4018.5,129,7,4018.4,31,5,4018.3,24,3,4020.0,21,5,4020.1,1,1,4020.4,5,1,4020.5,18,2,4020.7,10,1
11483,2026-07-02 13:54:45+05:30,4018.7,1,4036.05,1559968,151754.0,176094.0,4100.0,4110.0,4012.0,4092.6,25397050,4501.8,3683.4,4440.0,3288.1,4019.2,6,3,4018.7,79,2,4018.6,25,3,4018.5,135,8,4018.4,25,4,4019.9,1,1,4020.0,15,3,4020.1,1,1,4020.4,5,1,4020.5,18,2
11483,2026-07-02 13:54:46+05:30,4019.9,1,4036.05,1559968,151754.0,176094.0,4100.0,4110.0,4012.0,4092.6,25397050,4501.8,3683.4,4440.0,3288.1,4019.2,6,3,4018.7,79,2,4018.6,25,3,4018.5,135,8,4018.4,25,4,4019.9,1,1,4020.0,15,3,4020.1,1,1,4020.4,5,1,4020.5,18,2
11483,2026-07-02 13:54:46+05:30,4019.9,1,4036.05,1559970,152393.0,175895.0,4100.0,4110.0,4012.0,4092.6,25397050,4501.8,3683.4,4440.0,3288.1,4019.9,1,1,4019.2,6,3,4018.9,13,1,4018.7,20,2,4018.6,28,3,4020.0,36,5,4020.1,1,1,4020.5,19,3,4020.7,14,2,4020.8,10,1
11483,2026-07-02 13:54:47+05:30,4020.0,1,4036.05,1559970,152393.0,175895.0,4100.0,4110.0,4012.0,4092.6,25397050,4501.8,3683.4,4440.0,3288.1,4019.9,1,1,4019.2,6,3,4018.9,13,1,4018.7,20,2,4018.6,28,3,4020.0,36,5,4020.1,1,1,4020.5,19,3,4020.7,14,2,4020.8,10,1
11483,2026-07-02 13:54:47+05:30,4020.0,1,4036.05,1559981,152287.0,175884.0,4100.0,4110.0,4012.0,4092.6,25397050,4501.8,3683.4,4440.0,3288.1,4019.9,1,1,4019.2,6,3,4018.9,13,1,4018.7,20,2,4018.6,28,3,4020.0,30,6,4020.1,1,1,4020.5,19,3,4020.6,12,1,4020.7,17,3
11483,2026-07-02 13:54:48+05:30,4020.0,1,4036.05,1559981,152287.0,175884.0,4100.0,4110.0,4012.0,4092.6,25397050,4501.8,3683.4,4440.0,3288.1,4019.9,1,1,4019.2,6,3,4018.9,13,1,4018.7,20,2,4018.6,28,3,4020.0,30,6,4020.1,1,1,4020.5,19,3,4020.6,12,1,4020.7,17,3
11483,2026-07-02 13:54:48+05:30,4020.0,1,4036.05,1559985,152431.0,175882.0,4100.0,4110.0,4012.0,4092.6,25397050,4501.8,3683.4,4440.0,3288.1,4019.9,1,1,4019.2,2,2,4018.9,13,1,4018.7,20,2,4018.6,13,1,4020.0,29,6,4020.1,1,1,4020.5,19,3,4020.6,38,2,4020.7,17,3
11483,2026-07-02 13:54:49+05:30,4020.0,1,4036.05,1559985,152465.0,175887.0,4100.0,4110.0,4012.0,4092.6,25397050,4501.8,3683.4,4440.0,3288.1,4019.9,2,2,4019.2,2,2,4018.9,13,1,4018.8,2,1,4018.7,20,2,4020.0,31,7,4020.1,1,1,4020.5,19,3,4020.6,38,2,4020.7,17,3
11483,2026-07-02 13:54:50+05:30,4019.9,1,4036.05,1559985,152465.0,175887.0,4100.0,4110.0,4012.0,4092.6,25397050,4501.8,3683.4,4440.0,3288.1,4019.9,2,2,4019.2,2,2,4018.9,13,1,4018.8,2,1,4018.7,20,2,4020.0,31,7,4020.1,1,1,4020.5,19,3,4020.6,38,2,4020.7,17,3
11483,2026-07-02 13:54:50+05:30,4019.9,1,4036.05,1559986,152472.0,175863.0,4100.0,4110.0,4012.0,4092.6,25397050,4501.8,3683.4,4440.0,3288.1,4019.9,2,2,4019.2,2,2,4018.9,13,1,4018.8,2,1,4018.7,20,2,4020.0,30,6,4020.1,1,1,4020.5,19,3,4020.6,38,2,4020.7,17,3
11483,2026-07-02 13:54:51+05:30,4020.0,3,4036.05,1559986,152472.0,175863.0,4100.0,4110.0,4012.0,4092.6,25397050,4501.8,3683.4,4440.0,3288.1,4019.9,2,2,4019.2,2,2,4018.9,13,1,4018.8,2,1,4018.7,20,2,4020.0,30,6,4020.1,1,1,4020.5,19,3,4020.6,38,2,4020.7,17,3
11483,2026-07-02 13:54:51+05:30,4020.0,3,4036.05,1559995,152586.0,175857.0,4100.0,4110.0,4012.0,4092.6,25397050,4501.8,3683.4,4440.0,3288.1,4019.9,1,1,4019.2,2,2,4018.9,13,1,4018.8,2,1,4018.7,50,3,4020.0,19,3,4020.1,1,1,4020.5,19,3,4020.6,12,1,4020.7,9,1
11483,2026-07-02 13:54:52+05:30,4020.0,1,4036.05,1559995,152586.0,175857.0,4100.0,4110.0,4012.0,4092.6,25397050,4501.8,3683.4,4440.0,3288.1,4019.9,1,1,4019.2,2,2,4018.9,13,1,4018.8,2,1,4018.7,50,3,4020.0,19,3,4020.1,1,1,4020.5,19,3,4020.6,12,1,4020.7,9,1
11483,2026-07-02 13:54:52+05:30,4020.0,1,4036.05,1559997,156952.0,175967.0,4100.0,4110.0,4012.0,4092.6,25397050,4501.8,3683.4,4440.0,3288.1,4019.2,6,3,4018.7,51,4,4018.6,13,1,4018.5,114,6,4018.4,25,4,4020.0,65,3,4020.1,1,1,4020.5,18,2,4020.7,10,1,4020.8,3,1
11483,2026-07-02 13:54:53+05:30,4020.0,1,4036.05,1559997,156978.0,175958.0,4100.0,4110.0,4012.0,4092.6,25397050,4501.8,3683.4,4440.0,3288.1,4019.2,6,3,4018.7,51,4,4018.6,13,1,4018.5,124,7,4018.4,25,4,4020.0,65,3,4020.1,1,1,4020.5,18,2,4020.7,10,1,4020.8,3,1
11483,2026-07-02 13:54:54+05:30,4020.0,1,4036.05,1559997,156978.0,175958.0,4100.0,4110.0,4012.0,4092.6,25397050,4501.8,3683.4,4440.0,3288.1,4019.2,6,3,4018.7,51,4,4018.6,13,1,4018.5,124,7,4018.4,25,4,4020.0,65,3,4020.1,1,1,4020.5,18,2,4020.7,10,1,4020.8,3,1
11483,2026-07-02 13:54:54+05:30,4018.7,2,4036.05,1560015,157010.0,176017.0,4100.0,4110.0,4012.0,4092.6,25397050,4501.8,3683.4,4440.0,3288.1,4018.7,72,6,4018.6,45,4,4018.5,114,6,4018.4,25,4,4018.3,20,3,4020.0,62,2,4020.1,1,1,4020.5,18,2,4020.7,10,1,4020.8,3,1
11483,2026-07-02 13:54:55+05:30,4020.0,1,4036.05,1560015,157010.0,176017.0,4100.0,4110.0,4012.0,4092.6,25397050,4501.8,3683.4,4440.0,3288.1,4018.7,72,6,4018.6,45,4,4018.5,114,6,4018.4,25,4,4018.3,20,3,4020.0,62,2,4020.1,1,1,4020.5,18,2,4020.7,10,1,4020.8,3,1
11483,2026-07-02 13:54:55+05:30,4020.0,1,4036.05,1560018,156831.0,175971.0,4100.0,4110.0,4012.0,4092.6,25397050,4501.8,3683.4,4440.0,3288.1,4018.8,8,1,4018.7,56,6,4018.6,44,4,4018.5,114,6,4018.4,25,4,4020.0,61,2,4020.1,1,1,4020.5,18,2,4020.7,10,1,4020.8,3,1
11483,2026-07-02 13:54:56+05:30,4020.0,1,4036.05,1560018,156831.0,175972.0,4100.0,4110.0,4012.0,4092.6,25397050,4501.8,3683.4,4440.0,3288.1,4018.8,8,1,4018.7,56,6,4018.6,44,4,4018.5,114,6,4018.4,25,4,4020.0,61,2,4020.1,1,1,4020.5,18,2,4020.7,10,1,4020.8,3,1
11483,2026-07-02 13:54:57+05:30,4020.0,1,4036.05,1560018,156831.0,175972.0,4100.0,4110.0,4012.0,4092.6,25397050,4501.8,3683.4,4440.0,3288.1,4018.8,8,1,4018.7,56,6,4018.6,44,4,4018.5,114,6,4018.4,25,4,4020.0,61,2,4020.1,1,1,4020.5,18,2,4020.7,10,1,4020.8,3,1
11483,2026-07-02 13:54:57+05:30,4020.0,1,4036.05,1560019,152453.0,176043.0,4100.0,4110.0,4012.0,4092.6,25397050,4501.8,3683.4,4440.0,3288.1,4018.9,31,4,4018.8,18,2,4018.7,40,4,4018.6,44,4,4018.5,127,7,4020.0,60,2,4020.1,1,1,4020.5,18,2,4020.9,39,2,4021.0,3,1
11483,2026-07-02 13:54:58+05:30,4020.0,7,4036.05,1560019,152453.0,176043.0,4100.0,4110.0,4012.0,4092.6,25397050,4501.8,3683.4,4440.0,3288.1,4018.9,31,4,4018.8,18,2,4018.7,40,4,4018.6,44,4,4018.5,127,7,4020.0,60,2,4020.1,1,1,4020.5,18,2,4020.9,39,2,4021.0,3,1
11483,2026-07-02 13:54:58+05:30,4020.0,7,4036.05,1560099,152435.0,176041.0,4100.0,4110.0,4012.0,4092.6,25397050,4501.8,3683.4,4440.0,3288.1,4018.9,21,3,4018.8,10,1,4018.7,40,4,4018.6,44,4,4018.5,127,7,4020.0,58,3,4020.1,1,1,4020.5,18,2,4020.9,39,2,4021.0,3,1
11483,2026-07-02 13:54:59+05:30,4020.0,1,4036.05,1560099,152435.0,176041.0,4100.0,4110.0,4012.0,4092.6,25397050,4501.8,3683.4,4440.0,3288.1,4019.4,1,1,4018.9,11,2,4018.8,24,1,4018.7,40,4,4018.6,53,5,4020.0,64,3,4020.1,1,1,4020.5,18,2,4020.9,39,2,4021.0,3,1
11483,2026-07-02 13:54:59+05:30,4020.0,1,4036.05,1560166,152832.0,176006.0,4100.0,4110.0,4012.0,4092.6,25397050,4501.8,3683.4,4440.0,3288.1,4019.4,1,1,4018.9,11,2,4018.8,24,1,4018.7,40,4,4018.6,53,5,4020.0,64,3,4020.1,1,1,4020.5,18,2,4020.9,39,2,4021.0,3,1
11483,2026-07-02 13:55:00+05:30,4018.8,1,4036.05,1560166,152832.0,176006.0,4100.0,4110.0,4012.0,4092.6,25397050,4501.8,3683.4,4440.0,3288.1,4018.8,18,2,4018.7,40,4,4018.6,21,2,4018.5,98,4,4018.4,27,5,4019.4,1,1,4020.0,64,3,4020.5,39,3,4020.8,54,3,4020.9,52,3
11483,2026-07-02 13:55:00+05:30,4018.8,1,4036.05,1560168,157146.0,176215.0,4100.0,4110.0,4012.0,4092.6,25397050,4501.8,3683.4,4440.0,3288.1,4018.8,18,2,4018.7,40,4,4018.6,21,2,4018.5,98,4,4018.4,27,5,4019.4,1,1,4020.0,64,3,4020.5,39,3,4020.8,54,3,4020.9,52,3
11483,2026-07-02 13:55:01+05:30,4019.4,1,4036.05,1560168,157146.0,176215.0,4100.0,4110.0,4012.0,4092.6,25397050,4501.8,3683.4,4440.0,3288.1,4019.3,10,4,4019.2,9,1,4019.1,5,2,4018.9,2,1,4018.8,18,2,4019.4,1,1,4020.0,64,3,4020.5,39,3,4020.9,52,3,4021.1,18,2
11483,2026-07-02 13:55:01+05:30,4019.4,1,4036.05,1560172,152945.0,176085.0,4100.0,4110.0,4012.0,4092.6,25397050,4501.8,3683.4,4440.0,3288.1,4019.3,10,4,4019.2,9,1,4019.1,5,2,4018.9,2,1,4018.8,18,2,4019.4,1,1,4020.0,64,3,4020.5,39,3,4020.9,52,3,4021.1,18,2
11483,2026-07-02 13:55:02+05:30,4019.4,1,4036.05,1560172,152945.0,176085.0,4100.0,4110.0,4012.0,4092.6,25397050,4501.8,3683.4,4440.0,3288.1,4019.3,10,4,4019.2,9,1,4019.1,5,2,4018.9,2,1,4018.8,18,2,4019.4,1,1,4020.0,64,3,4020.5,39,3,4020.9,52,3,4021.1,18,2
11483,2026-07-02 13:55:02+05:30,4019.4,1,4036.05,1560174,153256.0,176098.0,4100.0,4110.0,4012.0,4092.6,25397050,4501.8,3683.4,4440.0,3288.1,4019.3,6,3,4019.1,1,1,4019.0,5,1,4018.8,18,2,4018.7,40,4,4019.4,2,2,4020.0,63,2,4020.5,39,3,4020.9,52,3,4021.1,18,2
11483,2026-07-02 13:55:03+05:30,4019.4,1,4036.05,1560174,153256.0,176098.0,4100.0,4110.0,4012.0,4092.6,25397050,4501.8,3683.4,4440.0,3288.1,4019.3,6,3,4019.1,1,1,4019.0,5,1,4018.8,18,2,4018.7,40,4,4019.4,2,2,4020.0,63,2,4020.5,39,3,4020.9,52,3,4021.1,18,2
11483,2026-07-02 13:55:03+05:30,4019.4,1,4036.05,1560175,152793.0,175965.0,4100.0,4110.0,4012.0,4092.6,25397050,4501.8,3683.4,4440.0,3288.1,4019.3,6,3,4019.1,1,1,4018.8,8,1,4018.7,40,4,4018.6,45,3,4019.4,2,2,4020.0,13,1,4020.5,39,3,4020.9,52,3,4021.0,3,1
11483,2026-07-02 13:55:04+05:30,4019.4,1,4036.05,1560175,152793.0,175965.0,4100.0,4110.0,4012.0,4092.6,25397050,4501.8,3683.4,4440.0,3288.1,4019.3,6,3,4019.1,1,1,4018.8,8,1,4018.7,40,4,4018.6,45,3,4019.4,2,2,4020.0,13,1,4020.5,39,3,4020.9,52,3,4021.0,3,1
11483,2026-07-02 13:55:04+05:30,4019.4,1,4036.05,1560176,152845.0,175952.0,4100.0,4110.0,4012.0,4092.6,25397050,4501.8,3683.4,4440.0,3288.1,4019.3,6,3,4018.8,8,1,4018.7,40,4,4018.6,57,4,4018.5,114,5,4019.4,1,1,4019.6,13,1,4020.5,39,3,4020.9,39,2,4021.0,3,1
11483,2026-07-02 13:55:05+05:30,4019.4,1,4036.05,1560176,157393.0,175953.0,4100.0,4110.0,4012.0,4092.6,25397050,4501.8,3683.4,4440.0,3288.1,4019.3,6,3,4018.8,8,1,4018.7,40,4,4018.6,57,4,4018.5,114,5,4019.4,1,1,4019.6,13,1,4020.5,39,3,4020.9,39,2,4021.0,3,1
11483,2026-07-02 13:55:06+05:30,4019.6,7,4036.05,1560176,157393.0,175953.0,4100.0,4110.0,4012.0,4092.6,25397050,4501.8,3683.4,4440.0,3288.1,4019.3,6,3,4018.8,8,1,4018.7,40,4,4018.6,57,4,4018.5,114,5,4019.4,1,1,4019.6,13,1,4020.5,39,3,4020.9,39,2,4021.0,3,1
11483,2026-07-02 13:55:06+05:30,4019.6,7,4036.05,1560192,153286.0,175805.0,4100.0,4110.0,4012.0,4092.6,25397050,4501.8,3683.4,4440.0,3288.1,4019.3,6,3,4019.0,3,2,4018.9,14,2,4018.8,75,3,4018.7,90,6,4020.5,52,4,4020.8,17,1,4020.9,39,2,4021.0,3,1,4021.1,2,1
11483,2026-07-02 13:55:07+05:30,4019.3,1,4036.05,1560192,153286.0,175805.0,4100.0,4110.0,4012.0,4092.6,25397050,4501.8,3683.4,4440.0,3288.1,4019.3,6,3,4019.0,3,2,4018.9,14,2,4018.8,75,3,4018.7,90,6,4020.5,52,4,4020.8,17,1,4020.9,39,2,4021.0,3,1,4021.1,2,1
11483,2026-07-02 13:55:07+05:30,4019.3,1,4036.05,1560194,153235.0,175942.0,4100.0,4110.0,4012.0,4092.6,25397050,4501.8,3683.4,4440.0,3288.1,4019.3,5,3,4019.0,17,3,4018.9,19,3,4018.8,39,3,4018.7,96,7,4020.5,54,5,4020.8,17,1,4020.9,9,1,4021.1,6,3,4021.2,63,3
11483,2026-07-02 13:55:08+05:30,4019.3,1,4036.05,1560194,153254.0,176004.0,4100.0,4110.0,4012.0,4092.6,25397050,4501.8,3683.4,4440.0,3288.1,4019.3,5,3,4019.0,17,3,4018.9,19,3,4018.8,47,3,4018.7,96,7,4020.5,54,5,4020.8,17,1,4020.9,9,1,4021.1,6,3,4021.2,63,3
11483,2026-07-02 13:55:09+05:30,4020.6,1,4036.05,1560820,153274.0,175503.0,4100.0,4110.0,4012.0,4092.6,25397050,4501.8,3683.4,4440.0,3288.1,4019.9,1,1,4019.3,2,2,4019.2,12,1,4019.0,1,1,4018.9,12,1,4020.6,28,3,4020.7,21,2,4020.8,35,4,4020.9,73,6,4021.0,69,7
11483,2026-07-02 13:55:09+05:30,4020.6,1,4036.05,1560820,153274.0,175503.0,4100.0,4110.0,4012.0,4092.6,25397050,4501.8,3683.4,4440.0,3288.1,4019.9,1,1,4019.3,2,2,4019.2,12,1,4019.0,1,1,4018.9,12,1,4020.6,28,3,4020.7,21,2,4020.8,35,4,4020.9,73,6,4021.0,69,7
11483,2026-07-02 13:55:10+05:30,4019.9,2,4036.05,1560834,153225.0,175690.0,4100.0,4110.0,4012.0,4092.6,25397050,4501.8,3683.4,4440.0,3288.1,4019.1,10,1,4019.0,53,6,4018.9,9,2,4018.8,42,3,4018.7,25,5,4019.3,1,1,4019.9,5,1,4020.8,5,2,4020.9,15,2,4021.0,12,2
11483,2026-07-02 13:55:10+05:30,4019.2,1,4036.05,1560834,153225.0,175690.0,4100.0,4110.0,4012.0,4092.6,25397050,4501.8,3683.4,4440.0,3288.1,4019.1,10,1,4019.0,53,6,4018.9,9,2,4018.8,42,3,4018.7,25,5,4019.3,1,1,4019.9,5,1,4020.8,5,2,4020.9,15,2,4021.0,12,2
11483,2026-07-02 13:55:11+05:30,4019.9,1,4036.05,1560837,154124.0,175622.0,4100.0,4110.0,4012.0,4092.6,25397050,4501.8,3683.4,4440.0,3288.1,4019.2,13,3,4019.1,42,5,4019.0,53,6,4018.9,12,2,4018.8,48,4,4019.9,4,1,4020.8,3,1,4020.9,3,1,4021.0,12,2,4021.2,31,3
11483,2026-07-02 13:55:11+05:30,4019.2,1,4036.05,1560837,154124.0,175622.0,4100.0,4110.0,4012.0,4092.6,25397050,4501.8,3683.4,4440.0,3288.1,4019.2,13,3,4019.1,42,5,4019.0,53,6,4018.9,12,2,4018.8,48,4,4019.9,4,1,4020.8,3,1,4020.9,3,1,4021.0,12,2,4021.2,31,3
11483,2026-07-02 13:55:12+05:30,4019.9,1,4036.05,1560839,154128.0,175623.0,4100.0,4110.0,4012.0,4092.6,25397050,4501.8,3683.4,4440.0,3288.1,4019.2,12,3,4019.1,42,5,4019.0,53,6,4018.9,12,2,4018.8,48,4,4019.9,3,1,4020.8,3,1,4020.9,3,1,4021.0,12,2,4021.2,31,3
11483,2026-07-02 13:55:12+05:30,4019.9,1,4036.05,1560839,154128.0,175623.0,4100.0,4110.0,4012.0,4092.6,25397050,4501.8,3683.4,4440.0,3288.1,4019.2,12,3,4019.1,42,5,4019.0,53,6,4018.9,12,2,4018.8,48,4,4019.9,3,1,4020.8,3,1,4020.9,3,1,4021.0,12,2,4021.2,31,3
11483,2026-07-02 13:55:13+05:30,4019.9,1,4036.05,1560839,154079.0,175680.0,4100.0,4110.0,4012.0,4092.6,25397050,4501.8,3683.4,4440.0,3288.1,4019.2,9,2,4019.1,38,5,4019.0,33,4,4018.9,6,1,4018.8,54,5,4019.9,3,1,4020.8,48,2,4020.9,3,1,4021.0,12,2,4021.2,31,3
11483,2026-07-02 13:55:14+05:30,4019.9,2,4036.05,1560844,153701.0,175815.0,4100.0,4110.0,4012.0,4092.6,25397050,4501.8,3683.4,4440.0,3288.1,4019.1,33,3,4019.0,35,5,4018.9,3,1,4018.8,83,3,4018.7,81,6,4019.2,1,1,4019.9,8,1,4020.8,48,2,4020.9,16,2,4021.0,12,2
11483,2026-07-02 13:55:14+05:30,4019.1,1,4036.05,1560844,153701.0,175815.0,4100.0,4110.0,4012.0,4092.6,25397050,4501.8,3683.4,4440.0,3288.1,4019.1,33,3,4019.0,35,5,4018.9,3,1,4018.8,83,3,4018.7,81,6,4019.2,1,1,4019.9,8,1,4020.8,48,2,4020.9,16,2,4021.0,12,2
11483,2026-07-02 13:55:15+05:30,4019.1,1,4036.05,1560853,154252.0,175406.0,4100.0,4110.0,4012.0,4092.6,25397050,4501.8,3683.4,4440.0,3288.1,4019.1,23,4,4019.0,38,6,4018.9,2,1,4018.8,113,7,4018.7,70,4,4019.9,2,1,4020.0,22,1,4020.9,3,1,4021.0,12,2,4021.2,61,4
11483,2026-07-02 13:55:15+05:30,4019.2,1,4036.05,1560853,154252.0,175406.0,4100.0,4110.0,4012.0,4092.6,25397050,4501.8,3683.4,4440.0,3288.1,4019.1,23,4,4019.0,38,6,4018.9,2,1,4018.8,113,7,4018.7,70,4,4019.9,2,1,4020.0,22,1,4020.9,3,1,4021.0,12,2,4021.2,61,4
11483,2026-07-02 13:55:16+05:30,4019.7,1,4036.04,1560874,154799.0,175389.0,4100.0,4110.0,4012.0,4092.6,25397050,4501.8,3683.4,4440.0,3288.1,4019.7,6,3,4019.6,5,1,4019.5,12,1,4019.4,16,2,4019.1,26,5,4019.9,1,1,4020.0,22,1,4020.5,5,1,4021.0,9,1,4021.2,49,3
11483,2026-07-02 13:55:16+05:30,4019.7,1,4036.04,1560874,154799.0,175389.0,4100.0,4110.0,4012.0,4092.6,25397050,4501.8,3683.4,4440.0,3288.1,4019.7,6,3,4019.6,5,1,4019.5,12,1,4019.4,16,2,4019.1,26,5,4019.9,1,1,4020.0,22,1,4020.5,5,1,4021.0,9,1,4021.2,49,3
11483,2026-07-02 13:55:17+05:30,4019.9,1,4036.04,1560888,154667.0,175425.0,4100.0,4110.0,4012.0,4092.6,25397050,4501.8,3683.4,4440.0,3288.1,4019.7,2,2,4019.6,5,1,4019.1,18,3,4019.0,81,5,4018.9,60,2,4019.9,9,2,4020.0,22,1,4020.5,5,1,4021.0,9,1,4021.2,49,3
11483,2026-07-02 13:55:17+05:30,4019.7,1,4036.04,1560888,154667.0,175425.0,4100.0,4110.0,4012.0,4092.6,25397050,4501.8,3683.4,4440.0,3288.1,4019.7,2,2,4019.6,5,1,4019.1,18,3,4019.0,81,5,4018.9,60,2,4019.9,9,2,4020.0,22,1,4020.5,5,1,4021.0,9,1,4021.2,49,3
11483,2026-07-02 13:55:18+05:30,4019.7,1,4036.04,1560935,155020.0,175647.0,4100.0,4110.0,4012.0,4092.6,25397050,4501.8,3683.4,4440.0,3288.1,4019.6,5,1,4019.4,156,2,4019.2,3,1,4019.1,38,3,4019.0,110,8,4020.0,99,2,4020.5,5,1,4021.0,9,1,4021.2,49,3,4021.3,49,2
11483,2026-07-02 13:55:18+05:30,4020.0,1,4036.04,1560935,155020.0,175647.0,4100.0,4110.0,4012.0,4092.6,25397050,4501.8,3683.4,4440.0,3288.1,4019.6,5,1,4019.4,156,2,4019.2,3,1,4019.1,38,3,4019.0,110,8,4020.0,99,2,4020.5,5,1,4021.0,9,1,4021.2,49,3,4021.3,49,2
11483,2026-07-02 13:55:19+05:30,4020.0,2,4036.04,1560961,154255.0,175836.0,4100.0,4110.0,4012.0,4092.6,25397050,4501.8,3683.4,4440.0,3288.1,4019.1,38,3,4019.0,91,7,4018.9,70,2,4018.8,83,5,4018.7,70,4,4019.6,1,1,4020.0,80,1,4020.5,5,1,4020.9,2,1,4021.0,9,1
11483,2026-07-02 13:55:19+05:30,4020.0,50,4036.04,1560961,154255.0,175836.0,4100.0,4110.0,4012.0,4092.6,25397050,4501.8,3683.4,4440.0,3288.1,4019.1,38,3,4019.0,91,7,4018.9,70,2,4018.8,83,5,4018.7,70,4,4019.6,1,1,4020.0,80,1,4020.5,5,1,4020.9,2,1,4021.0,9,1
11483,2026-07-02 13:55:19+05:30,4020.0,50,4036.04,1560961,154255.0,175836.0,4100.0,4110.0,4012.0,4092.6,25397050,4501.8,3683.4,4440.0,3288.1,4019.1,38,3,4019.0,91,7,4018.9,70,2,4018.8,83,5,4018.7,70,4,4019.6,1,1,4020.0,80,1,4020.5,5,1,4020.9,2,1,4021.0,9,1
11483,2026-07-02 13:55:20+05:30,4019.1,2,4036.04,1561028,154311.0,175648.0,4100.0,4110.0,4012.0,4092.6,25397050,4501.8,3683.4,4440.0,3288.1,4019.1,67,6,4019.0,91,7,4018.9,81,3,4018.8,96,6,4018.7,79,5,4020.0,19,1,4020.5,20,2,4021.0,9,1,4021.1,23,1,4021.2,61,4
11483,2026-07-02 13:55:20+05:30,4019.1,2,4036.04,1561028,154311.0,175648.0,4100.0,4110.0,4012.0,4092.6,25397050,4501.8,3683.4,4440.0,3288.1,4019.1,67,6,4019.0,91,7,4018.9,81,3,4018.8,96,6,4018.7,79,5,4020.0,19,1,4020.5,20,2,4021.0,9,1,4021.1,23,1,4021.2,61,4
11483,2026-07-02 13:55:20+05:30,4020.0,2,4036.04,1561028,154311.0,175648.0,4100.0,4110.0,4012.0,4092.6,25397050,4501.8,3683.4,4440.0,3288.1,4019.1,67,6,4019.0,91,7,4018.9,81,3,4018.8,96,6,4018.7,79,5,4020.0,19,1,4020.5,20,2,4021.0,9,1,4021.1,23,1,4021.2,61,4
11483,2026-07-02 13:55:20+05:30,4020.0,2,4036.04,1561028,154311.0,175648.0,4100.0,4110.0,4012.0,4092.6,25397050,4501.8,3683.4,4440.0,3288.1,4019.1,67,6,4019.0,91,7,4018.9,81,3,4018.8,96,6,4018.7,79,5,4020.0,19,1,4020.5,20,2,4021.0,9,1,4021.1,23,1,4021.2,61,4
11483,2026-07-02 13:55:21+05:30,4020.0,2,4036.04,1561028,154311.0,175648.0,4100.0,4110.0,4012.0,4092.6,25397050,4501.8,3683.4,4440.0,3288.1,4019.1,67,6,4019.0,91,7,4018.9,81,3,4018.8,96,6,4018.7,79,5,4020.0,19,1,4020.5,20,2,4021.0,9,1,4021.1,23,1,4021.2,61,4
11483,2026-07-02 13:55:21+05:30,4019.2,2,4036.04,1561054,154293.0,175703.0,4100.0,4110.0,4012.0,4092.6,25397050,4501.8,3683.4,4440.0,3288.1,4019.2,35,5,4019.1,60,6,4019.0,92,8,4018.9,98,5,4018.8,168,7,4020.0,4,1,4020.5,20,2,4021.0,9,1,4021.1,60,1,4021.2,61,4
11483,2026-07-02 13:55:21+05:30,4019.2,4,4036.04,1561054,154293.0,175703.0,4100.0,4110.0,4012.0,4092.6,25397050,4501.8,3683.4,4440.0,3288.1,4019.2,35,5,4019.1,60,6,4019.0,92,8,4018.9,98,5,4018.8,168,7,4020.0,4,1,4020.5,20,2,4021.0,9,1,4021.1,60,1,4021.2,61,4
11483,2026-07-02 13:55:21+05:30,4019.2,4,4036.04,1561054,154293.0,175703.0,4100.0,4110.0,4012.0,4092.6,25397050,4501.8,3683.4,4440.0,3288.1,4019.2,35,5,4019.1,60,6,4019.0,92,8,4018.9,98,5,4018.8,168,7,4020.0,4,1,4020.5,20,2,4021.0,9,1,4021.1,60,1,4021.2,61,4
11483,2026-07-02 13:55:22+05:30,4019.2,4,4036.04,1561054,154293.0,175703.0,4100.0,4110.0,4012.0,4092.6,25397050,4501.8,3683.4,4440.0,3288.1,4019.2,35,5,4019.1,60,6,4019.0,92,8,4018.9,98,5,4018.8,168,7,4020.0,4,1,4020.5,20,2,4021.0,9,1,4021.1,60,1,4021.2,61,4
11483,2026-07-02 13:55:22+05:30,4020.0,2,4036.04,1561066,154269.0,175704.0,4100.0,4110.0,4012.0,4092.6,25397050,4501.8,3683.4,4440.0,3288.1,4019.2,30,5,4019.1,58,5,4019.0,92,8,4018.9,92,4,4018.8,118,6,4020.0,81,1,4020.5,20,2,4021.1,67,1,4021.2,61,4,4021.3,4,2
11483,2026-07-02 13:55:22+05:30,4019.2,1,4036.04,1561066,154269.0,175704.0,4100.0,4110.0,4012.0,4092.6,25397050,4501.8,3683.4,4440.0,3288.1,4019.2,30,5,4019.1,58,5,4019.0,92,8,4018.9,92,4,4018.8,118,6,4020.0,81,1,4020.5,20,2,4021.1,67,1,4021.2,61,4,4021.3,4,2
11483,2026-07-02 13:55:22+05:30,4019.2,1,4036.04,1561066,154269.0,175704.0,4100.0,4110.0,4012.0,4092.6,25397050,4501.8,3683.4,4440.0,3288.1,4019.2,30,5,4019.1,58,5,4019.0,92,8,4018.9,92,4,4018.8,118,6,4020.0,81,1,4020.5,20,2,4021.1,67,1,4021.2,61,4,4021.3,4,2
11483,2026-07-02 13:55:23+05:30,4019.2,1,4036.04,1561066,154269.0,175704.0,4100.0,4110.0,4012.0,4092.6,25397050,4501.8,3683.4,4440.0,3288.1,4019.2,30,5,4019.1,58,5,4019.0,92,8,4018.9,92,4,4018.8,118,6,4020.0,81,1,4020.5,20,2,4021.1,67,1,4021.2,61,4,4021.3,4,2
11483,2026-07-02 13:55:23+05:30,4020.0,2,4036.04,1561102,154338.0,175636.0,4100.0,4110.0,4012.0,4092.6,25397050,4501.8,3683.4,4440.0,3288.1,4019.9,15,1,4019.2,9,3,4019.1,65,3,4019.0,92,8,4018.9,82,3,4020.0,69,2,4020.5,20,2,4021.2,51,4,4021.3,2,1,4021.4,19,1
11483,2026-07-02 13:55:23+05:30,4020.0,2,4036.04,1561102,154338.0,175636.0,4100.0,4110.0,4012.0,4092.6,25397050,4501.8,3683.4,4440.0,3288.1,4019.9,15,1,4019.2,9,3,4019.1,65,3,4019.0,92,8,4018.9,82,3,4020.0,69,2,4020.5,20,2,4021.2,51,4,4021.3,2,1,4021.4,19,1
11483,2026-07-02 13:55:23+05:30,4019.9,4,4036.04,1561102,154338.0,175636.0,4100.0,4110.0,4012.0,4092.6,25397050,4501.8,3683.4,4440.0,3288.1,4019.9,15,1,4019.2,9,3,4019.1,65,3,4019.0,92,8,4018.9,82,3,4020.0,69,2,4020.5,20,2,4021.2,51,4,4021.3,2,1,4021.4,19,1
11483,2026-07-02 13:55:23+05:30,4019.9,4,4036.04,1561102,154338.0,175636.0,4100.0,4110.0,4012.0,4092.6,25397050,4501.8,3683.4,4440.0,3288.1,4019.9,15,1,4019.2,9,3,4019.1,65,3,4019.0,92,8,4018.9,82,3,4020.0,69,2,4020.5,20,2,4021.2,51,4,4021.3,2,1,4021.4,19,1
11483,2026-07-02 13:55:23+05:30,4019.9,4,4036.04,1561102,154338.0,175636.0,4100.0,4110.0,4012.0,4092.6,25402475,4501.8,3683.4,4440.0,3288.1,4019.9,15,1,4019.2,9,3,4019.1,65,3,4019.0,92,8,4018.9,82,3,4020.0,69,2,4020.5,20,2,4021.2,51,4,4021.3,2,1,4021.4,19,1
11483,2026-07-02 13:55:24+05:30,4019.9,4,4036.04,1561102,154338.0,175636.0,4100.0,4110.0,4012.0,4092.6,25402475,4501.8,3683.4,4440.0,3288.1,4019.9,15,1,4019.2,9,3,4019.1,65,3,4019.0,92,8,4018.9,82,3,4020.0,69,2,4020.5,20,2,4021.2,51,4,4021.3,2,1,4021.4,19,1
11483,2026-07-02 13:55:24+05:30,4020.0,2,4036.04,1561130,154320.0,175630.0,4100.0,4110.0,4012.0,4092.6,25402475,4501.8,3683.4,4440.0,3288.1,4019.9,8,1,4019.2,18,3,4019.1,87,5,4019.0,92,8,4018.9,82,3,4020.0,48,2,4020.2,1,1,4020.5,20,2,4021.2,49,3,4021.3,25,4
11483,2026-07-02 13:55:24+05:30,4020.0,2,4036.04,1561130,154320.0,175630.0,4100.0,4110.0,4012.0,4092.6,25402475,4501.8,3683.4,4440.0,3288.1,4019.9,8,1,4019.2,18,3,4019.1,87,5,4019.0,92,8,4018.9,82,3,4020.0,48,2,4020.2,1,1,4020.5,20,2,4021.2,49,3,4021.3,25,4
11483,2026-07-02 13:55:24+05:30,4019.9,3,4036.04,1561130,154320.0,175630.0,4100.0,4110.0,4012.0,4092.6,25402475,4501.8,3683.4,4440.0,3288.1,4019.9,8,1,4019.2,18,3,4019.1,87,5,4019.0,92,8,4018.9,82,3,4020.0,48,2,4020.2,1,1,4020.5,20,2,4021.2,49,3,4021.3,25,4
11483,2026-07-02 13:55:24+05:30,4019.9,3,4036.04,1561130,154320.0,175630.0,4100.0,4110.0,4012.0,4092.6,25402475,4501.8,3683.4,4440.0,3288.1,4019.9,8,1,4019.2,18,3,4019.1,87,5,4019.0,92,8,4018.9,82,3,4020.0,48,2,4020.2,1,1,4020.5,20,2,4021.2,49,3,4021.3,25,4
11483,2026-07-02 13:55:25+05:30,4019.9,3,4036.04,1561130,154320.0,175630.0,4100.0,4110.0,4012.0,4092.6,25402475,4501.8,3683.4,4440.0,3288.1,4019.9,8,1,4019.2,18,3,4019.1,87,5,4019.0,92,8,4018.9,82,3,4020.0,48,2,4020.2,1,1,4020.5,20,2,4021.2,49,3,4021.3,25,4
11483,2026-07-02 13:55:25+05:30,4020.0,9,4036.04,1561193,154481.0,175606.0,4100.0,4110.0,4012.0,4092.6,25402475,4501.8,3683.4,4440.0,3288.1,4019.9,4,1,4019.3,82,2,4019.2,87,6,4019.1,114,5,4019.0,106,10,4020.0,87,2,4020.2,1,1,4020.5,20,2,4021.2,49,3,4021.3,3,2
11483,2026-07-02 13:55:25+05:30,4020.0,9,4036.04,1561193,154481.0,175606.0,4100.0,4110.0,4012.0,4092.6,25402475,4501.8,3683.4,4440.0,3288.1,4019.9,4,1,4019.3,82,2,4019.2,87,6,4019.1,114,5,4019.0,106,10,4020.0,87,2,4020.2,1,1,4020.5,20,2,4021.2,49,3,4021.3,3,2
11483,2026-07-02 13:55:25+05:30,4020.0,1,4036.04,1561193,154481.0,175606.0,4100.0,4110.0,4012.0,4092.6,25402475,4501.8,3683.4,4440.0,3288.1,4019.9,4,1,4019.3,82,2,4019.2,87,6,4019.1,114,5,4019.0,106,10,4020.0,87,2,4020.2,1,1,4020.5,20,2,4021.2,49,3,4021.3,3,2
11483,2026-07-02 13:55:25+05:30,4020.0,1,4036.04,1561193,154481.0,175606.0,4100.0,4110.0,4012.0,4092.6,25402475,4501.8,3683.4,4440.0,3288.1,4019.9,4,1,4019.3,82,2,4019.2,87,6,4019.1,114,5,4019.0,106,10,4020.0,87,2,4020.2,1,1,4020.5,20,2,4021.2,49,3,4021.3,3,2
11483,2026-07-02 13:55:26+05:30,4020.0,2,4036.04,1561292,154380.0,175625.0,4100.0,4110.0,4012.0,4092.6,25402475,4501.8,3683.4,4440.0,3288.1,4019.9,1,1,4019.4,20,3,4019.3,7,2,4019.2,53,3,4019.1,132,7,4020.0,93,2,4020.2,1,1,4020.5,20,2,4021.1,2,1,4021.2,49,3
11483,2026-07-02 13:55:26+05:30,4020.0,5,4036.04,1561292,154380.0,175625.0,4100.0,4110.0,4012.0,4092.6,25402475,4501.8,3683.4,4440.0,3288.1,4019.9,1,1,4019.4,20,3,4019.3,7,2,4019.2,53,3,4019.1,132,7,4020.0,93,2,4020.2,1,1,4020.5,20,2,4021.1,2,1,4021.2,49,3
11483,2026-07-02 13:55:27+05:30,4019.5,1,4036.04,1561324,154359.0,175527.0,4100.0,4110.0,4012.0,4092.6,25402475,4501.8,3683.4,4440.0,3288.1,4019.5,23,3,4019.4,10,1,4019.3,7,2,4019.2,13,2,4019.1,132,7,4020.0,76,2,4020.2,1,1,4020.5,20,2,4021.1,2,1,4021.2,49,3
11483,2026-07-02 13:55:27+05:30,4020.0,2,4036.04,1561324,154359.0,175527.0,4100.0,4110.0,4012.0,4092.6,25402475,4501.8,3683.4,4440.0,3288.1,4019.5,23,3,4019.4,10,1,4019.3,7,2,4019.2,13,2,4019.1,132,7,4020.0,76,2,4020.2,1,1,4020.5,20,2,4021.1,2,1,4021.2,49,3
11483,2026-07-02 13:55:28+05:30,4019.5,1,4036.04,1561351,154343.0,175558.0,4100.0,4110.0,4012.0,4092.6,25402475,4501.8,3683.4,4440.0,3288.1,4019.5,7,2,4019.4,20,2,4019.3,7,2,4019.2,16,3,4019.1,129,6,4020.0,56,2,4020.2,1,1,4020.5,20,2,4021.2,49,3,4021.3,14,4
11483,2026-07-02 13:55:28+05:30,4020.0,2,4036.04,1561351,154343.0,175558.0,4100.0,4110.0,4012.0,4092.6,25402475,4501.8,3683.4,4440.0,3288.1,4019.5,7,2,4019.4,20,2,4019.3,7,2,4019.2,16,3,4019.1,129,6,4020.0,56,2,4020.2,1,1,4020.5,20,2,4021.2,49,3,4021.3,14,4
11483,2026-07-02 13:55:29+05:30,4019.5,1,4036.04,1561373,154254.0,175641.0,4100.0,4110.0,4012.0,4092.6,25402475,4501.8,3683.4,4440.0,3288.1,4019.7,1,1,4019.4,17,2,4019.3,7,2,4019.2,16,3,4019.1,138,7,4020.0,38,2,4020.2,1,1,4020.5,20,2,4021.2,49,3,4021.3,5,3
11483,2026-07-02 13:55:29+05:30,4020.0,1,4036.04,1561373,154254.0,175641.0,4100.0,4110.0,4012.0,4092.6,25402475,4501.8,3683.4,4440.0,3288.1,4019.7,1,1,4019.4,17,2,4019.3,7,2,4019.2,16,3,4019.1,138,7,4020.0,38,2,4020.2,1,1,4020.5,20,2,4021.2,49,3,4021.3,5,3
11483,2026-07-02 13:55:30+05:30,4019.4,8,4036.04,1561393,153627.0,175648.0,4100.0,4110.0,4012.0,4092.6,25402475,4501.8,3683.4,4440.0,3288.1,4019.4,9,2,4019.3,3,1,4019.2,13,2,4019.1,36,3,4019.0,48,7,4019.7,1,1,4020.0,29,2,4020.2,1,1,4020.5,20,2,4021.1,2,1
11483,2026-07-02 13:55:30+05:30,4019.4,1,4036.04,1561393,153627.0,175648.0,4100.0,4110.0,4012.0,4092.6,25402475,4501.8,3683.4,4440.0,3288.1,4019.4,9,2,4019.3,3,1,4019.2,13,2,4019.1,36,3,4019.0,48,7,4019.7,1,1,4020.0,29,2,4020.2,1,1,4020.5,20,2,4021.1,2,1
11483,2026-07-02 13:55:31+05:30,4019.7,1,4036.04,1561398,153173.0,175809.0,4100.0,4110.0,4012.0,4092.6,25402475,4501.8,3683.4,4440.0,3288.1,4019.9,2,2,4019.2,19,4,4019.1,36,3,4019.0,43,6,4018.9,94,4,4020.0,29,2,4020.2,1,1,4020.5,43,4,4020.8,35,2,4021.0,9,1
11483,2026-07-02 13:55:31+05:30,4020.0,2,4036.04,1561398,153173.0,175809.0,4100.0,4110.0,4012.0,4092.6,25402475,4501.8,3683.4,4440.0,3288.1,4019.9,2,2,4019.2,19,4,4019.1,36,3,4019.0,43,6,4018.9,94,4,4020.0,29,2,4020.2,1,1,4020.5,43,4,4020.8,35,2,4021.0,9,1
11483,2026-07-02 13:55:32+05:30,4019.9,1,4036.04,1561412,153205.0,175829.0,4100.0,4110.0,4012.0,4092.6,25402475,4501.8,3683.4,4440.0,3288.1,4019.9,1,1,4019.2,19,4,4019.1,36,3,4019.0,83,7,4018.9,94,4,4020.0,17,2,4020.2,1,1,4020.5,20,2,4020.8,30,1,4021.0,9,1
11483,2026-07-02 13:55:32+05:30,4020.0,2,4036.04,1561412,153205.0,175829.0,4100.0,4110.0,4012.0,4092.6,25402475,4501.8,3683.4,4440.0,3288.1,4019.9,1,1,4019.2,19,4,4019.1,36,3,4019.0,83,7,4018.9,94,4,4020.0,17,2,4020.2,1,1,4020.5,20,2,4020.8,30,1,4021.0,9,1
11483,2026-07-02 13:55:33+05:30,4020.0,1,4036.04,1561425,153185.0,175930.0,4100.0,4110.0,4012.0,4092.6,25402475,4501.8,3683.4,4440.0,3288.1,4019.4,5,1,4019.2,19,4,4019.1,36,3,4019.0,43,6,4018.9,22,1,4019.9,1,1,4020.0,92,2,4020.2,1,1,4020.5,20,2,4020.8,30,1
11483,2026-07-02 13:55:33+05:30,4019.9,1,4036.04,1561425,153185.0,175930.0,4100.0,4110.0,4012.0,4092.6,25402475,4501.8,3683.4,4440.0,3288.1,4019.4,5,1,4019.2,19,4,4019.1,36,3,4019.0,43,6,4018.9,22,1,4019.9,1,1,4020.0,92,2,4020.2,1,1,4020.5,20,2,4020.8,30,1
11483,2026-07-02 13:55:34+05:30,4019.4,1,4036.04,1561463,153183.0,175862.0,4100.0,4110.0,4012.0,4092.6,25402475,4501.8,3683.4,4440.0,3288.1,4019.4,3,1,4019.2,19,4,4019.1,36,3,4019.0,43,6,4018.9,22,1,4020.0,70,2,4020.2,1,1,4020.5,20,2,4020.8,30,1,4020.9,17,1
11483,2026-07-02 13:55:34+05:30,4019.4,2,4036.04,1561463,153183.0,175862.0,4100.0,4110.0,4012.0,4092.6,25402475,4501.8,3683.4,4440.0,3288.1,4019.4,3,1,4019.2,19,4,4019.1,36,3,4019.0,43,6,4018.9,22,1,4020.0,70,2,4020.2,1,1,4020.5,20,2,4020.8,30,1,4020.9,17,1
11483,2026-07-02 13:55:35+05:30,4019.4,1,4036.04,1561469,152995.0,176068.0,4100.0,4110.0,4012.0,4092.6,25402475,4501.8,3683.4,4440.0,3288.1,4019.2,19,4,4019.1,36,3,4019.0,43,6,4018.9,22,1,4018.8,22,1,4020.0,76,4,4020.2,1,1,4020.5,20,2,4020.8,30,1,4020.9,29,2
11483,2026-07-02 13:55:35+05:30,4020.0,2,4036.04,1561469,152995.0,176068.0,4100.0,4110.0,4012.0,4092.6,25402475,4501.8,3683.4,4440.0,3288.1,4019.2,19,4,4019.1,36,3,4019.0,43,6,4018.9,22,1,4018.8,22,1,4020.0,76,4,4020.2,1,1,4020.5,20,2,4020.8,30,1,4020.9,29,2
11483,2026-07-02 13:55:36+05:30,4020.0,2,4036.04,1561472,153046.0,175871.0,4100.0,4110.0,4012.0,4092.6,25402475,4501.8,3683.4,4440.0,3288.1,4019.4,1,1,4019.2,47,5,4019.1,36,3,4019.0,43,6,4018.9,22,1,4020.0,74,4,4020.2,1,1,4020.5,20,2,4020.8,30,1,4020.9,17,1
11483,2026-07-02 13:55:36+05:30,4020.0,2,4036.04,1561472,153046.0,175871.0,4100.0,4110.0,4012.0,4092.6,25402475,4501.8,3683.4,4440.0,3288.1,4019.4,1,1,4019.2,47,5,4019.1,36,3,4019.0,43,6,4018.9,22,1,4020.0,74,4,4020.2,1,1,4020.5,20,2,4020.8,30,1,4020.9,17,1
11483,2026-07-02 13:55:37+05:30,4020.0,2,4036.04,1561474,153100.0,175865.0,4100.0,4110.0,4012.0,4092.6,25402475,4501.8,3683.4,4440.0,3288.1,4019.4,1,1,4019.2,47,5,4019.1,36,3,4019.0,43,6,4018.9,22,1,4020.0,72,4,4020.2,1,1,4020.5,20,2,4020.8,30,1,4020.9,17,1
11483,2026-07-02 13:55:37+05:30,4019.1,1,4036.04,1561474,153100.0,175865.0,4100.0,4110.0,4012.0,4092.6,25402475,4501.8,3683.4,4440.0,3288.1,4019.4,1,1,4019.2,47,5,4019.1,36,3,4019.0,43,6,4018.9,22,1,4020.0,72,4,4020.2,1,1,4020.5,20,2,4020.8,30,1,4020.9,17,1
11483,2026-07-02 13:55:38+05:30,4019.1,1,4036.04,1561576,153140.0,175861.0,4100.0,4110.0,4012.0,4092.6,25402475,4501.8,3683.4,4440.0,3288.1,4019.2,10,1,4019.1,40,6,4019.0,31,5,4018.9,22,1,4018.8,31,2,4019.4,1,1,4020.0,70,4,4020.2,1,1,4020.5,20,2,4020.8,30,1
11483,2026-07-02 13:55:38+05:30,4019.4,2,4036.04,1561576,153140.0,175861.0,4100.0,4110.0,4012.0,4092.6,25402475,4501.8,3683.4,4440.0,3288.1,4019.2,10,1,4019.1,40,6,4019.0,31,5,4018.9,22,1,4018.8,31,2,4019.4,1,1,4020.0,70,4,4020.2,1,1,4020.5,20,2,4020.8,30,1
11483,2026-07-02 13:55:39+05:30,4020.0,2,4036.04,1561592,153172.0,175773.0,4100.0,4110.0,4012.0,4092.6,25402475,4501.8,3683.4,4440.0,3288.1,4019.7,3,1,4019.2,55,1,4019.1,31,6,4019.0,72,8,4018.9,22,1,4020.0,68,4,4020.2,1,1,4020.5,20,2,4020.8,30,1,4021.1,20,1
11483,2026-07-02 13:55:39+05:30,4020.0,2,4036.04,1561592,153172.0,175773.0,4100.0,4110.0,4012.0,4092.6,25402475,4501.8,3683.4,4440.0,3288.1,4019.7,3,1,4019.2,55,1,4019.1,31,6,4019.0,72,8,4018.9,22,1,4020.0,68,4,4020.2,1,1,4020.5,20,2,4020.8,30,1,4021.1,20,1
11483,2026-07-02 13:55:40+05:30,4020.0,2,4036.04,1561596,153039.0,175894.0,4100.0,4110.0,4012.0,4092.6,25402475,4501.8,3683.4,4440.0,3288.1,4019.7,1,1,4019.1,93,6,4019.0,71,7,4018.9,22,1,4018.8,22,1,4020.0,66,4,4020.2,1,1,4020.5,20,2,4020.8,30,1,4021.1,29,2
11483,2026-07-02 13:55:40+05:30,4020.0,2,4036.04,1561596,153039.0,175894.0,4100.0,4110.0,4012.0,4092.6,25402475,4501.8,3683.4,4440.0,3288.1,4019.7,1,1,4019.1,93,6,4019.0,71,7,4018.9,22,1,4018.8,22,1,4020.0,66,4,4020.2,1,1,4020.5,20,2,4020.8,30,1,4021.1,29,2
11483,2026-07-02 13:55:41+05:30,4020.0,4,4036.04,1561605,153008.0,175972.0,4100.0,4110.0,4012.0,4092.6,25402475,4501.8,3683.4,4440.0,3288.1,4019.2,10,1,4019.1,68,5,4019.0,71,7,4018.9,22,1,4018.8,32,2,4020.0,58,4,4020.2,1,1,4020.5,20,2,4020.8,30,1,4020.9,12,1
11483,2026-07-02 13:55:41+05:30,4020.0,2,4036.04,1561605,153008.0,175972.0,4100.0,4110.0,4012.0,4092.6,25402475,4501.8,3683.4,4440.0,3288.1,4019.2,10,1,4019.1,68,5,4019.0,71,7,4018.9,22,1,4018.8,32,2,4020.0,58,4,4020.2,1,1,4020.5,20,2,4020.8,30,1,4020.9,12,1
11483,2026-07-02 13:55:42+05:30,4020.0,2,4036.04,1561608,153083.0,175999.0,4100.0,4110.0,4012.0,4092.6,25402475,4501.8,3683.4,4440.0,3288.1,4019.2,9,1,4019.1,83,7,4019.0,72,8,4018.9,22,1,4018.8,32,2,4020.0,56,4,4020.2,1,1,4020.5,20,2,4020.8,30,1,4020.9,12,1
11483,2026-07-02 13:55:42+05:30,4020.0,2,4036.04,1561608,153083.0,175999.0,4100.0,4110.0,4012.0,4092.6,25402475,4501.8,3683.4,4440.0,3288.1,4019.2,9,1,4019.1,83,7,4019.0,72,8,4018.9,22,1,4018.8,32,2,4020.0,56,4,4020.2,1,1,4020.5,20,2,4020.8,30,1,4020.9,12,1
11483,2026-07-02 13:55:43+05:30,4020.0,2,4036.04,1561611,153075.0,176279.0,4100.0,4110.0,4012.0,4092.6,25402475,4501.8,3683.4,4440.0,3288.1,4019.2,8,1,4019.1,83,7,4019.0,72,8,4018.9,22,1,4018.8,22,1,4020.0,345,6,4020.2,1,1,4020.5,20,2,4020.8,30,1,4020.9,12,1
11483,2026-07-02 13:55:43+05:30,4020.0,2,4036.04,1561611,153075.0,176279.0,4100.0,4110.0,4012.0,4092.6,25402475,4501.8,3683.4,4440.0,3288.1,4019.2,8,1,4019.1,83,7,4019.0,72,8,4018.9,22,1,4018.8,22,1,4020.0,345,6,4020.2,1,1,4020.5,20,2,4020.8,30,1,4020.9,12,1
11483,2026-07-02 13:55:44+05:30,4020.0,2,4036.04,1561615,153083.0,176202.0,4100.0,4110.0,4012.0,4092.6,25402475,4501.8,3683.4,4440.0,3288.1,4019.2,23,3,4019.1,77,5,4019.0,72,8,4018.9,22,1,4018.8,22,1,4020.0,341,6,4020.2,1,1,4020.5,20,2,4020.8,30,1,4020.9,12,1
11483,2026-07-02 13:55:44+05:30,4020.0,2,4036.04,1561615,153083.0,176202.0,4100.0,4110.0,4012.0,4092.6,25402475,4501.8,3683.4,4440.0,3288.1,4019.2,23,3,4019.1,77,5,4019.0,72,8,4018.9,22,1,4018.8,22,1,4020.0,341,6,4020.2,1,1,4020.5,20,2,4020.8,30,1,4020.9,12,1
11483,2026-07-02 13:55:45+05:30,4020.0,2,4036.04,1561617,153105.0,176251.0,4100.0,4110.0,4012.0,4092.6,25402475,4501.8,3683.4,4440.0,3288.1,4019.2,23,3,4019.1,77,5,4019.0,72,8,4018.9,22,1,4018.8,22,1,4020.0,339,6,4020.2,1,1,4020.5,20,2,4020.8,30,1,4020.9,12,1
11483,2026-07-02 13:55:45+05:30,4020.0,2,4036.04,1561617,153105.0,176251.0,4100.0,4110.0,4012.0,4092.6,25402475,4501.8,3683.4,4440.0,3288.1,4019.2,23,3,4019.1,77,5,4019.0,72,8,4018.9,22,1,4018.8,22,1,4020.0,339,6,4020.2,1,1,4020.5,20,2,4020.8,30,1,4020.9,12,1
11483,2026-07-02 13:55:46+05:30,4020.0,5,4036.04,1561657,153092.0,176296.0,4100.0,4110.0,4012.0,4092.6,25402475,4501.8,3683.4,4440.0,3288.1,4019.2,15,2,4019.1,67,4,4019.0,72,8,4018.9,22,1,4018.8,22,1,4020.0,385,6,4020.2,1,1,4020.5,20,2,4020.8,30,1,4020.9,12,1
11483,2026-07-02 13:55:46+05:30,4020.0,2,4036.04,1561657,153092.0,176296.0,4100.0,4110.0,4012.0,4092.6,25402475,4501.8,3683.4,4440.0,3288.1,4019.2,15,2,4019.1,67,4,4019.0,72,8,4018.9,22,1,4018.8,22,1,4020.0,385,6,4020.2,1,1,4020.5,20,2,4020.8,30,1,4020.9,12,1
11483,2026-07-02 13:55:47+05:30,4020.0,3,4036.04,1561675,153182.0,176280.0,4100.0,4110.0,4012.0,4092.6,25402475,4501.8,3683.4,4440.0,3288.1,4019.2,11,2,4019.1,67,4,4019.0,63,7,4018.9,30,2,4018.8,22,1,4020.0,382,3,4020.2,1,1,4020.5,20,2,4020.6,5,1,4020.8,30,1
11483,2026-07-02 13:55:47+05:30,4019.9,2,4036.04,1561675,153182.0,176280.0,4100.0,4110.0,4012.0,4092.6,25402475,4501.8,3683.4,4440.0,3288.1,4019.2,11,2,4019.1,67,4,4019.0,63,7,4018.9,30,2,4018.8,22,1,4020.0,382,3,4020.2,1,1,4020.5,20,2,4020.6,5,1,4020.8,30,1
11483,2026-07-02 13:55:48+05:30,4019.2,1,4036.04,1561681,153181.0,176276.0,4100.0,4110.0,4012.0,4092.6,25402475,4501.8,3683.4,4440.0,3288.1,4019.2,7,2,4019.1,67,4,4019.0,65,8,4018.9,30,2,4018.8,22,1,4019.9,6,1,4020.0,382,3,4020.2,1,1,4020.5,20,2,4020.8,39,2
11483,2026-07-02 13:55:48+05:30,4019.9,2,4036.04,1561681,153181.0,176276.0,4100.0,4110.0,4012.0,4092.6,25402475,4501.8,3683.4,4440.0,3288.1,4019.2,7,2,4019.1,67,4,4019.0,65,8,4018.9,30,2,4018.8,22,1,4019.9,6,1,4020.0,382,3,4020.2,1,1,4020.5,20,2,4020.8,39,2
11483,2026-07-02 13:55:49+05:30,4019.9,2,4036.04,1561683,153184.0,176274.0,4100.0,4110.0,4012.0,4092.6,25402475,4501.8,3683.4,4440.0,3288.1,4019.5,1,1,4019.2,7,2,4019.1,67,4,4019.0,65,8,4018.9,30,2,4019.9,4,1,4020.0,382,3,4020.2,1,1,4020.5,20,2,4020.7,9,1
11483,2026-07-02 13:55:49+05:30,4019.9,2,4036.04,1561683,153184.0,176274.0,4100.0,4110.0,4012.0,4092.6,25402475,4501.8,3683.4,4440.0,3288.1,4019.5,1,1,4019.2,7,2,4019.1,67,4,4019.0,65,8,4018.9,30,2,4019.9,4,1,4020.0,382,3,4020.2,1,1,4020.5,20,2,4020.7,9,1
11483,2026-07-02 13:55:50+05:30,4019.9,2,4036.04,1561686,153166.0,176265.0,4100.0,4110.0,4012.0,4092.6,25402475,4501.8,3683.4,4440.0,3288.1,4019.2,7,2,4019.1,76,5,4019.0,74,9,4018.9,30,2,4018.8,35,2,4019.9,2,1,4020.0,382,3,4020.2,1,1,4020.5,20,2,4020.8,30,1
11483,2026-07-02 13:55:50+05:30,4019.9,2,4036.04,1561686,153166.0,176265.0,4100.0,4110.0,4012.0,4092.6,25402475,4501.8,3683.4,4440.0,3288.1,4019.2,7,2,4019.1,76,5,4019.0,74,9,4018.9,30,2,4018.8,35,2,4019.9,2,1,4020.0,382,3,4020.2,1,1,4020.5,20,2,4020.8,30,1
11483,2026-07-02 13:55:51+05:30,4019.9,2,4036.04,1561688,153241.0,176277.0,4100.0,4110.0,4012.0,4092.6,25402475,4501.8,3683.4,4440.0,3288.1,4019.2,7,2,4019.1,67,4,4019.0,65,8,4018.9,30,2,4018.8,47,3,4019.9,9,2,4020.0,382,3,4020.2,1,1,4020.5,20,2,4020.8,30,1
11483,2026-07-02 13:55:51+05:30,4020.0,72,4036.04,1561688,153241.0,176277.0,4100.0,4110.0,4012.0,4092.6,25402475,4501.8,3683.4,4440.0,3288.1,4019.2,7,2,4019.1,67,4,4019.0,65,8,4018.9,30,2,4018.8,47,3,4019.9,9,2,4020.0,382,3,4020.2,1,1,4020.5,20,2,4020.8,30,1
11483,2026-07-02 13:55:51+05:30,4020.0,72,4036.03,1562307,153288.0,176009.0,4100.0,4110.0,4012.0,4092.6,25402475,4501.8,3683.4,4440.0,3288.1,4019.3,19,3,4019.2,41,5,4019.1,67,4,4019.0,83,9,4018.9,22,1,4020.0,24,2,4020.2,1,1,4020.5,20,2,4020.9,62,2,4021.1,99,2
11483,2026-07-02 13:55:52+05:30,4020.0,5,4036.03,1562307,153288.0,176009.0,4100.0,4110.0,4012.0,4092.6,25402475,4501.8,3683.4,4440.0,3288.1,4019.3,19,3,4019.2,41,5,4019.1,67,4,4019.0,83,9,4018.9,22,1,4020.0,24,2,4020.2,1,1,4020.5,20,2,4020.9,62,2,4021.1,99,2
11483,2026-07-02 13:55:53+05:30,4020.0,5,4036.03,1562390,153255.0,176013.0,4100.0,4110.0,4012.0,4092.6,25402475,4501.8,3683.4,4440.0,3288.1,4019.5,33,4,4019.4,21,2,4019.3,21,3,4019.2,13,3,4019.1,82,5,4019.9,11,1,4020.0,15,2,4020.2,1,1,4020.5,56,3,4020.9,12,1
11483,2026-07-02 13:55:53+05:30,4019.4,9,4036.03,1562390,153255.0,176013.0,4100.0,4110.0,4012.0,4092.6,25402475,4501.8,3683.4,4440.0,3288.1,4019.5,33,4,4019.4,21,2,4019.3,21,3,4019.2,13,3,4019.1,82,5,4019.9,11,1,4020.0,15,2,4020.2,1,1,4020.5,56,3,4020.9,12,1
11483,2026-07-02 13:55:53+05:30,4019.4,9,4036.03,1562417,153360.0,176015.0,4100.0,4110.0,4012.0,4092.6,25402475,4501.8,3683.4,4440.0,3288.1,4019.4,28,4,4019.3,17,2,4019.2,18,4,4019.1,91,6,4019.0,157,12,4019.9,9,1,4020.0,15,2,4020.2,1,1,4020.5,56,3,4020.9,12,1
11483,2026-07-02 13:55:54+05:30,4019.9,2,4036.03,1562417,153360.0,176015.0,4100.0,4110.0,4012.0,4092.6,25402475,4501.8,3683.4,4440.0,3288.1,4019.4,28,4,4019.3,17,2,4019.2,18,4,4019.1,91,6,4019.0,157,12,4019.9,9,1,4020.0,15,2,4020.2,1,1,4020.5,56,3,4020.9,12,1
11483,2026-07-02 13:55:55+05:30,4019.9,2,4036.03,1562434,153356.0,176159.0,4100.0,4110.0,4012.0,4092.6,25402475,4501.8,3683.4,4440.0,3288.1,4019.4,24,3,4019.3,17,2,4019.2,18,4,4019.1,91,6,4019.0,157,12,4019.9,9,1,4020.0,26,3,4020.2,1,1,4020.5,56,3,4020.9,12,1
11483,2026-07-02 13:55:55+05:30,4019.4,2,4036.03,1562434,153356.0,176159.0,4100.0,4110.0,4012.0,4092.6,25402475,4501.8,3683.4,4440.0,3288.1,4019.4,24,3,4019.3,17,2,4019.2,18,4,4019.1,91,6,4019.0,157,12,4019.9,9,1,4020.0,26,3,4020.2,1,1,4020.5,56,3,4020.9,12,1
11483,2026-07-02 13:55:56+05:30,4019.4,2,4036.03,1562436,153353.0,176166.0,4100.0,4110.0,4012.0,4092.6,25402475,4501.8,3683.4,4440.0,3288.1,4019.5,8,1,4019.4,22,3,4019.3,10,1,4019.2,8,3,4019.1,99,7,4019.9,9,1,4020.0,26,3,4020.2,1,1,4020.5,56,3,4020.9,12,1
11483,2026-07-02 13:55:56+05:30,4019.4,2,4036.03,1562436,153345.0,176184.0,4100.0,4110.0,4012.0,4092.6,25402475,4501.8,3683.4,4440.0,3288.1,4019.5,8,1,4019.4,12,2,4019.3,10,1,4019.2,7,2,4019.1,82,5,4019.9,9,1,4020.0,26,3,4020.2,1,1,4020.5,56,3,4020.9,12,1
11483,2026-07-02 13:55:58+05:30,4019.4,2,4036.03,1562436,153335.0,176176.0,4100.0,4110.0,4012.0,4092.6,25402475,4501.8,3683.4,4440.0,3288.1,4019.5,14,3,4019.3,17,2,4019.2,7,2,4019.1,82,5,4019.0,151,11,4019.9,9,1,4020.0,26,3,4020.2,1,1,4020.5,56,3,4020.9,12,1
11483,2026-07-02 13:55:58+05:30,4019.9,80,4036.03,1562436,153335.0,176176.0,4100.0,4110.0,4012.0,4092.6,25402475,4501.8,3683.4,4440.0,3288.1,4019.5,14,3,4019.3,17,2,4019.2,7,2,4019.1,82,5,4019.0,151,11,4019.9,9,1,4020.0,26,3,4020.2,1,1,4020.5,56,3,4020.9,12,1
11483,2026-07-02 13:55:58+05:30,4020.0,7,4036.03,1562533,153317.0,176172.0,4100.0,4110.0,4012.0,4092.6,25402475,4501.8,3683.4,4440.0,3288.1,4019.5,6,2,4019.4,10,1,4019.2,15,3,4019.1,82,5,4019.0,151,11,4020.0,99,3,4020.2,1,1,4020.5,56,3,4020.9,12,1,4021.2,53,3
11483,2026-07-02 13:55:59+05:30,4019.5,1,4036.03,1562533,153317.0,176172.0,4100.0,4110.0,4012.0,4092.6,25402475,4501.8,3683.4,4440.0,3288.1,4019.5,6,2,4019.4,10,1,4019.2,15,3,4019.1,82,5,4019.0,151,11,4020.0,99,3,4020.2,1,1,4020.5,56,3,4020.9,12,1,4021.2,53,3
11483,2026-07-02 13:55:59+05:30,4019.5,1,4036.03,1562541,153239.0,176537.0,4100.0,4110.0,4012.0,4092.6,25402475,4501.8,3683.4,4440.0,3288.1,4019.2,25,5,4019.1,67,4,4019.0,125,9,4018.9,22,1,4018.8,58,4,4019.3,81,1,4019.4,42,1,4019.5,45,3,4019.7,42,1,4019.9,42,1
11483,2026-07-02 13:56:00+05:30,4019.3,1,4036.03,1562541,153239.0,176537.0,4100.0,4110.0,4012.0,4092.6,25402475,4501.8,3683.4,4440.0,3288.1,4019.2,25,5,4019.1,67,4,4019.0,125,9,4018.9,22,1,4018.8,58,4,4019.3,81,1,4019.4,42,1,4019.5,45,3,4019.7,42,1,4019.9,42,1
11483,2026-07-02 13:56:00+05:30,4019.2,3,4036.03,1562596,152801.0,176484.0,4100.0,4110.0,4012.0,4092.6,25402475,4501.8,3683.4,4440.0,3288.1,4019.1,69,6,4019.0,113,8,4018.9,26,2,4018.8,58,4,4018.7,23,4,4019.2,34,1,4019.3,42,1,4019.5,45,3,4019.7,42,1,4020.0,101,4
11483,2026-07-02 13:56:01+05:30,4019.2,1,4036.03,1562596,152801.0,176484.0,4100.0,4110.0,4012.0,4092.6,25402475,4501.8,3683.4,4440.0,3288.1,4019.1,69,6,4019.0,113,8,4018.9,26,2,4018.8,58,4,4018.7,23,4,4019.2,34,1,4019.3,42,1,4019.5,45,3,4019.7,42,1,4020.0,101,4
11483,2026-07-02 13:56:01+05:30,4019.2,1,4036.03,1562675,152795.0,176386.0,4100.0,4110.0,4012.0,4092.6,25402475,4501.8,3683.4,4440.0,3288.1,4019.1,10,1,4019.0,123,9,4018.9,22,1,4018.8,32,3,4018.7,23,4,4019.2,28,2,4019.3,42,1,4019.5,45,3,4019.7,42,1,4020.0,85,1
11483,2026-07-02 13:56:02+05:30,4019.1,10,4036.03,1562675,152795.0,176386.0,4100.0,4110.0,4012.0,4092.6,25402475,4501.8,3683.4,4440.0,3288.1,4019.1,10,1,4019.0,123,9,4018.9,22,1,4018.8,32,3,4018.7,23,4,4019.2,28,2,4019.3,42,1,4019.5,45,3,4019.7,42,1,4020.0,85,1
11483,2026-07-02 13:56:02+05:30,4019.1,76,4036.03,1562761,152488.0,176698.0,4100.0,4110.0,4012.0,4092.6,25402475,4501.8,3683.4,4440.0,3288.1,4019.0,138,11,4018.9,22,1,4018.8,28,2,4018.7,28,5,4018.6,18,1,4019.1,4,1,4019.2,28,2,4019.3,42,1,4019.5,45,3,4019.6,11,1
11483,2026-07-02 13:56:03+05:30,4019.1,1,4036.03,1562761,152488.0,176698.0,4100.0,4110.0,4012.0,4092.6,25402475,4501.8,3683.4,4440.0,3288.1,4019.0,138,11,4018.9,22,1,4018.8,28,2,4018.7,28,5,4018.6,18,1,4019.1,4,1,4019.2,28,2,4019.3,42,1,4019.5,45,3,4019.6,11,1
11483,2026-07-02 13:56:03+05:30,4019.1,1,4036.03,1562772,152536.0,176547.0,4100.0,4110.0,4012.0,4092.6,25402475,4501.8,3683.4,4440.0,3288.1,4019.0,106,7,4018.9,22,1,4018.8,22,1,4018.7,23,4,4018.6,18,1,4019.1,2,1,4019.2,68,2,4019.4,42,1,4019.5,3,2,4019.6,53,2
11483,2026-07-02 13:56:04+05:30,4019.0,3,4036.03,1562772,152536.0,176547.0,4100.0,4110.0,4012.0,4092.6,25402475,4501.8,3683.4,4440.0,3288.1,4019.0,106,7,4018.9,22,1,4018.8,22,1,4018.7,23,4,4018.6,18,1,4019.1,2,1,4019.2,68,2,4019.4,42,1,4019.5,3,2,4019.6,53,2
11483,2026-07-02 13:56:04+05:30,4019.2,3,4036.02,1562781,152553.0,176514.0,4100.0,4110.0,4012.0,4092.6,25402475,4501.8,3683.4,4440.0,3288.1,4019.0,95,6,4018.9,22,1,4018.8,29,2,4018.7,23,4,4018.6,18,1,4019.2,78,3,4019.4,42,1,4019.5,3,2,4019.6,42,1,4020.0,95,2
11483,2026-07-02 13:56:05+05:30,4019.0,45,4036.02,1562781,152553.0,176514.0,4100.0,4110.0,4012.0,4092.6,25402475,4501.8,3683.4,4440.0,3288.1,4019.0,95,6,4018.9,22,1,4018.8,29,2,4018.7,23,4,4018.6,18,1,4019.2,78,3,4019.4,42,1,4019.5,3,2,4019.6,42,1,4020.0,95,2
11483,2026-07-02 13:56:05+05:30,4019.0,45,4036.02,1562860,156967.0,176547.0,4100.0,4110.0,4012.0,4092.6,25402475,4501.8,3683.4,4440.0,3288.1,4019.0,16,2,4018.8,29,2,4018.7,23,4,4018.6,18,1,4018.5,82,3,4019.2,78,3,4019.4,42,1,4019.5,3,2,4019.6,42,1,4020.0,85,1
11483,2026-07-02 13:56:06+05:30,4019.2,25,4036.02,1562860,156967.0,176547.0,4100.0,4110.0,4012.0,4092.6,25402475,4501.8,3683.4,4440.0,3288.1,4019.0,16,2,4018.8,29,2,4018.7,23,4,4018.6,18,1,4018.5,82,3,4019.2,78,3,4019.4,42,1,4019.5,3,2,4019.6,42,1,4020.0,85,1
11483,2026-07-02 13:56:06+05:30,4019.2,25,4036.02,1562902,152435.0,176414.0,4100.0,4110.0,4012.0,4092.6,25402475,4501.8,3683.4,4440.0,3288.1,4019.0,6,1,4018.8,7,1,4018.7,23,4,4018.6,18,1,4018.5,82,3,4019.2,13,1,4019.5,3,2,4020.0,85,1,4020.1,5,1,4020.2,1,1
11483,2026-07-02 13:56:07+05:30,4019.2,3,4036.02,1562902,152435.0,176414.0,4100.0,4110.0,4012.0,4092.6,25402475,4501.8,3683.4,4440.0,3288.1,4019.0,6,1,4018.8,7,1,4018.7,23,4,4018.6,18,1,4018.5,82,3,4019.2,13,1,4019.5,3,2,4020.0,85,1,4020.1,5,1,4020.2,1,1
11483,2026-07-02 13:56:07+05:30,4019.2,53,4036.02,1562999,152718.0,176922.0,4100.0,4110.0,4012.0,4092.6,25402475,4501.8,3683.4,4440.0,3288.1,4019.2,28,1,4019.1,42,1,4019.0,43,2,4018.8,49,2,4018.7,4,3,4019.5,3,2,4020.0,85,1,4020.1,5,1,4020.2,1,1,4020.4,2,1
11483,2026-07-02 13:56:08+05:30,4019.2,2,4036.02,1562999,152718.0,176922.0,4100.0,4110.0,4012.0,4092.6,25402475,4501.8,3683.4,4440.0,3288.1,4019.2,28,1,4019.1,42,1,4019.0,43,2,4018.8,49,2,4018.7,4,3,4019.5,3,2,4020.0,85,1,4020.1,5,1,4020.2,1,1,4020.4,2,1
11483,2026-07-02 13:56:08+05:30,4019.2,2,4036.02,1563012,152771.0,176917.0,4100.0,4110.0,4012.0,4092.6,25402475,4501.8,3683.4,4440.0,3288.1,4019.4,15,1,4019.3,42,1,4019.2,44,2,4019.0,43,2,4018.8,49,2,4019.5,5,3,4020.0,85,1,4020.1,5,1,4020.2,1,1,4020.4,2,1
11483,2026-07-02 13:56:09+05:30,4020.0,2,4036.02,1563012,152771.0,176917.0,4100.0,4110.0,4012.0,4092.6,25402475,4501.8,3683.4,4440.0,3288.1,4019.4,15,1,4019.3,42,1,4019.2,44,2,4019.0,43,2,4018.8,49,2,4019.5,5,3,4020.0,85,1,4020.1,5,1,4020.2,1,1,4020.4,2,1
11483,2026-07-02 13:56:09+05:30,4020.5,3,4036.02,1563272,152746.0,176949.0,4100.0,4110.0,4012.0,4092.6,25402475,4501.8,3683.4,4440.0,3288.1,4019.7,42,1,4019.6,42,1,4019.4,42,1,4019.3,11,2,4019.2,44,2,4020.4,52,1,4020.5,38,2,4020.9,12,2,4021.0,21,1,4021.2,83,5
11483,2026-07-02 13:56:10+05:30,4019.7,11,4036.02,1563272,152746.0,176949.0,4100.0,4110.0,4012.0,4092.6,25402475,4501.8,3683.4,4440.0,3288.1,4019.7,42,1,4019.6,42,1,4019.4,42,1,4019.3,11,2,4019.2,44,2,4020.4,52,1,4020.5,38,2,4020.9,12,2,4021.0,21,1,4021.2,83,5
11483,2026-07-02 13:56:10+05:30,4019.7,52,4036.02,1563367,152754.0,177311.0,4100.0,4110.0,4012.0,4092.6,25402475,4501.8,3683.4,4440.0,3288.1,4019.5,42,1,4019.3,43,2,4019.2,2,1,4019.1,42,1,4019.0,2,2,4019.7,298,1,4020.0,5,1,4020.4,2,1,4020.5,68,3,4020.7,3,1
11483,2026-07-02 13:56:11+05:30,4019.5,12,4036.02,1563367,152754.0,177311.0,4100.0,4110.0,4012.0,4092.6,25402475,4501.8,3683.4,4440.0,3288.1,4019.5,42,1,4019.3,43,2,4019.2,2,1,4019.1,42,1,4019.0,2,2,4019.7,298,1,4020.0,5,1,4020.4,2,1,4020.5,68,3,4020.7,3,1
11483,2026-07-02 13:56:11+05:30,4019.7,69,4036.02,1563448,152701.0,177132.0,4100.0,4110.0,4012.0,4092.6,25402475,4501.8,3683.4,4440.0,3288.1,4019.6,42,1,4019.5,30,1,4019.3,43,2,4019.2,10,4,4019.1,42,1,4019.7,54,1,4020.5,51,3,4020.7,2,1,4020.8,75,3,4020.9,13,1
11483,2026-07-02 13:56:12+05:30,4019.7,24,4036.02,1563448,152701.0,177132.0,4100.0,4110.0,4012.0,4092.6,25402475,4501.8,3683.4,4440.0,3288.1,4019.6,42,1,4019.5,30,1,4019.3,43,2,4019.2,10,4,4019.1,42,1,4019.7,54,1,4020.5,51,3,4020.7,2,1,4020.8,75,3,4020.9,13,1
11483,2026-07-02 13:56:12+05:30,4019.7,24,4036.02,1563512,152736.0,177447.0,4100.0,4110.0,4012.0,4092.6,25402475,4501.8,3683.4,4440.0,3288.1,4019.7,47,1,4019.6,32,1,4019.5,30,1,4019.3,43,2,4019.2,10,4,4020.0,5,1,4020.5,51,3,4020.7,352,2,4020.8,75,3,4020.9,15,2
11483,2026-07-02 13:56:13+05:30,4019.7,8,4036.02,1563512,152736.0,177447.0,4100.0,4110.0,4012.0,4092.6,25402475,4501.8,3683.4,4440.0,3288.1,4019.7,47,1,4019.6,32,1,4019.5,30,1,4019.3,43,2,4019.2,10,4,4020.0,5,1,4020.5,51,3,4020.7,352,2,4020.8,75,3,4020.9,15,2
11483,2026-07-02 13:56:13+05:30,4019.6,32,4036.02,1563557,152687.0,177568.0,4100.0,4110.0,4012.0,4092.6,25402475,4501.8,3683.4,4440.0,3288.1,4019.5,72,2,4019.3,43,2,4019.2,20,5,4019.0,2,2,4018.8,7,1,4019.6,143,1,4020.5,81,4,4020.7,363,3,4020.8,86,4,4020.9,12,1
11483,2026-07-02 13:56:14+05:30,4019.6,1,4036.02,1563557,152687.0,177568.0,4100.0,4110.0,4012.0,4092.6,25402475,4501.8,3683.4,4440.0,3288.1,4019.5,72,2,4019.3,43,2,4019.2,20,5,4019.0,2,2,4018.8,7,1,4019.6,143,1,4020.5,81,4,4020.7,363,3,4020.8,86,4,4020.9,12,1
11483,2026-07-02 13:56:14+05:30,4019.6,1,4036.02,1563567,152726.0,177491.0,4100.0,4110.0,4012.0,4092.6,25402475,4501.8,3683.4,4440.0,3288.1,4019.5,24,1,4019.2,62,6,4019.0,44,3,4018.8,7,1,4018.7,14,4,4019.6,139,1,4020.5,81,4,4020.7,360,2,4020.8,89,5,4020.9,12,1
11483,2026-07-02 13:56:15+05:30,4019.6,1,4036.02,1563567,152726.0,177491.0,4100.0,4110.0,4012.0,4092.6,25402475,4501.8,3683.4,4440.0,3288.1,4019.5,24,1,4019.2,62,6,4019.0,44,3,4018.8,7,1,4018.7,14,4,4019.6,139,1,4020.5,81,4,4020.7,360,2,4020.8,89,5,4020.9,12,1
11483,2026-07-02 13:56:15+05:30,4019.5,1,4036.02,1563650,152746.0,177142.0,4100.0,4110.0,4012.0,4092.6,25402475,4501.8,3683.4,4440.0,3288.1,4019.5,70,3,4019.2,62,6,4019.1,11,1,4019.0,44,3,4018.9,8,1,4019.6,59,1,4020.5,51,3,4020.7,360,2,4020.8,75,3,4020.9,12,1
11483,2026-07-02 13:56:16+05:30,4019.6,53,4036.02,1563650,152746.0,177142.0,4100.0,4110.0,4012.0,4092.6,25402475,4501.8,3683.4,4440.0,3288.1,4019.5,70,3,4019.2,62,6,4019.1,11,1,4019.0,44,3,4018.9,8,1,4019.6,59,1,4020.5,51,3,4020.7,360,2,4020.8,75,3,4020.9,12,1
11483,2026-07-02 13:56:16+05:30,4019.6,53,4036.02,1563720,152883.0,176774.0,4100.0,4110.0,4012.0,4092.6,25402475,4501.8,3683.4,4440.0,3288.1,4019.6,16,1,4019.5,59,3,4019.2,62,6,4019.1,11,1,4019.0,55,4,4020.5,51,3,4020.7,350,1,4020.8,75,3,4021.1,23,2,4021.2,56,4
11483,2026-07-02 13:56:17+05:30,4020.0,1,4036.02,1563720,152883.0,176774.0,4100.0,4110.0,4012.0,4092.6,25402475,4501.8,3683.4,4440.0,3288.1,4019.6,16,1,4019.5,59,3,4019.2,62,6,4019.1,11,1,4019.0,55,4,4020.5,51,3,4020.7,350,1,4020.8,75,3,4021.1,23,2,4021.2,56,4
11483,2026-07-02 13:56:17+05:30,4020.0,1,4036.02,1563731,153029.0,176912.0,4100.0,4110.0,4012.0,4092.6,25402475,4501.8,3683.4,4440.0,3288.1,4020.0,41,1,4019.7,42,1,4019.6,3,1,4019.5,52,2,4019.4,11,1,4020.2,350,1,4020.5,53,4,4021.2,53,3,4021.3,11,3,4021.4,19,1
11483,2026-07-02 13:56:18+05:30,4020.0,1,4036.02,1563731,153029.0,176912.0,4100.0,4110.0,4012.0,4092.6,25402475,4501.8,3683.4,4440.0,3288.1,4020.0,41,1,4019.7,42,1,4019.6,3,1,4019.5,52,2,4019.4,11,1,4020.2,350,1,4020.5,53,4,4021.2,53,3,4021.3,11,3,4021.4,19,1
11483,2026-07-02 13:56:18+05:30,4020.0,1,4036.01,1563738,153201.0,177119.0,4100.0,4110.0,4012.0,4092.6,25402475,4501.8,3683.4,4440.0,3288.1,4020.0,38,1,4019.8,42,1,4019.6,42,1,4019.5,10,1,4019.2,31,6,4020.5,53,4,4020.7,346,1,4021.2,53,3,4021.3,11,3,4021.4,30,2
11483,2026-07-02 13:56:19+05:30,4020.3,1,4036.01,1563740,153281.0,176206.0,4100.0,4110.0,4012.0,4092.6,25402475,4501.8,3683.4,4440.0,3288.1,4020.3,77,1,4020.2,1,1,4020.1,4,1,4020.0,37,1,4019.9,42,1,4020.5,54,5,4021.2,11,1,4021.3,6,2,4021.4,19,1,4021.5,26,3
11483,2026-07-02 13:56:19+05:30,4020.3,1,4036.01,1563740,153281.0,176206.0,4100.0,4110.0,4012.0,4092.6,25402475,4501.8,3683.4,4440.0,3288.1,4020.3,77,1,4020.2,1,1,4020.1,4,1,4020.0,37,1,4019.9,42,1,4020.5,54,5,4021.2,11,1,4021.3,6,2,4021.4,19,1,4021.5,26,3
11483,2026-07-02 13:56:20+05:30,4020.3,1,4036.01,1563740,153281.0,176206.0,4100.0,4110.0,4012.0,4092.6,25402475,4501.8,3683.4,4440.0,3288.1,4020.3,77,1,4020.2,1,1,4020.1,4,1,4020.0,37,1,4019.9,42,1,4020.5,54,5,4021.2,11,1,4021.3,6,2,4021.4,19,1,4021.5,26,3
11483,2026-07-02 13:56:20+05:30,4018.2,25,4036.01,1564389,152094.0,177016.0,4100.0,4110.0,4012.0,4092.6,25402475,4501.8,3683.4,4440.0,3288.1,4018.4,11,1,4018.3,26,1,4018.2,37,2,4018.1,28,2,4018.0,276,33,4020.0,77,8,4020.1,45,6,4020.2,53,3,4020.3,1,1,4020.4,11,3
11483,2026-07-02 13:56:20+05:30,4018.4,8,4036.01,1564389,152094.0,177016.0,4100.0,4110.0,4012.0,4092.6,25402475,4501.8,3683.4,4440.0,3288.1,4018.4,11,1,4018.3,26,1,4018.2,37,2,4018.1,28,2,4018.0,276,33,4020.0,77,8,4020.1,45,6,4020.2,53,3,4020.3,1,1,4020.4,11,3
11483,2026-07-02 13:56:20+05:30,4018.4,8,4036.01,1564389,152094.0,177016.0,4100.0,4110.0,4012.0,4092.6,25402475,4501.8,3683.4,4440.0,3288.1,4018.4,11,1,4018.3,26,1,4018.2,37,2,4018.1,28,2,4018.0,276,33,4020.0,77,8,4020.1,45,6,4020.2,53,3,4020.3,1,1,4020.4,11,3
11483,2026-07-02 13:56:21+05:30,4018.4,8,4036.01,1564389,152094.0,177016.0,4100.0,4110.0,4012.0,4092.6,25402475,4501.8,3683.4,4440.0,3288.1,4018.4,11,1,4018.3,26,1,4018.2,37,2,4018.1,28,2,4018.0,276,33,4020.0,77,8,4020.1,45,6,4020.2,53,3,4020.3,1,1,4020.4,11,3
11483,2026-07-02 13:56:21+05:30,4018.6,1,4036.01,1564389,152094.0,177016.0,4100.0,4110.0,4012.0,4092.6,25402475,4501.8,3683.4,4440.0,3288.1,4018.4,11,1,4018.3,26,1,4018.2,37,2,4018.1,28,2,4018.0,276,33,4020.0,77,8,4020.1,45,6,4020.2,53,3,4020.3,1,1,4020.4,11,3
11483,2026-07-02 13:56:21+05:30,4018.6,1,4036.01,1564486,152541.0,177227.0,4100.0,4110.0,4012.0,4092.6,25402475,4501.8,3683.4,4440.0,3288.1,4018.7,3,1,4018.6,36,4,4018.5,45,3,4018.4,101,7,4018.3,91,6,4020.0,7,2,4020.3,12,2,4020.5,53,5,4020.6,16,2,4020.7,91,3
11483,2026-07-02 13:56:21+05:30,4018.6,1,4036.01,1564486,152541.0,177227.0,4100.0,4110.0,4012.0,4092.6,25402475,4501.8,3683.4,4440.0,3288.1,4018.7,3,1,4018.6,36,4,4018.5,45,3,4018.4,101,7,4018.3,91,6,4020.0,7,2,4020.3,12,2,4020.5,53,5,4020.6,16,2,4020.7,91,3
11483,2026-07-02 13:56:22+05:30,4018.6,1,4036.01,1564486,152541.0,177227.0,4100.0,4110.0,4012.0,4092.6,25402475,4501.8,3683.4,4440.0,3288.1,4018.7,3,1,4018.6,36,4,4018.5,45,3,4018.4,101,7,4018.3,91,6,4020.0,7,2,4020.3,12,2,4020.5,53,5,4020.6,16,2,4020.7,91,3
11483,2026-07-02 13:56:22+05:30,4018.8,1,4036.01,1564486,152541.0,177227.0,4100.0,4110.0,4012.0,4092.6,25402475,4501.8,3683.4,4440.0,3288.1,4018.7,3,1,4018.6,36,4,4018.5,45,3,4018.4,101,7,4018.3,91,6,4020.0,7,2,4020.3,12,2,4020.5,53,5,4020.6,16,2,4020.7,91,3
11483,2026-07-02 13:56:22+05:30,4018.8,1,4036.01,1564501,152263.0,177167.0,4100.0,4110.0,4012.0,4092.6,25402475,4501.8,3683.4,4440.0,3288.1,4018.8,34,4,4018.7,32,3,4018.6,34,4,4018.5,49,4,4018.4,45,2,4020.0,1,1,4020.3,1,1,4020.5,52,4,4020.6,5,1,4020.7,30,2
11483,2026-07-02 13:56:23+05:30,4018.8,1,4036.01,1564501,152263.0,177167.0,4100.0,4110.0,4012.0,4092.6,25402475,4501.8,3683.4,4440.0,3288.1,4018.8,34,4,4018.7,32,3,4018.6,34,4,4018.5,49,4,4018.4,45,2,4020.0,1,1,4020.3,1,1,4020.5,52,4,4020.6,5,1,4020.7,30,2
11483,2026-07-02 13:56:23+05:30,4018.8,7,4036.01,1564501,152263.0,177167.0,4100.0,4110.0,4012.0,4092.6,25402475,4501.8,3683.4,4440.0,3288.1,4018.8,34,4,4018.7,32,3,4018.6,34,4,4018.5,49,4,4018.4,45,2,4020.0,1,1,4020.3,1,1,4020.5,52,4,4020.6,5,1,4020.7,30,2
11483,2026-07-02 13:56:23+05:30,4018.8,7,4036.01,1564501,152263.0,177167.0,4100.0,4110.0,4012.0,4092.6,25402475,4501.8,3683.4,4440.0,3288.1,4018.8,34,4,4018.7,32,3,4018.6,34,4,4018.5,49,4,4018.4,45,2,4020.0,1,1,4020.3,1,1,4020.5,52,4,4020.6,5,1,4020.7,30,2
11483,2026-07-02 13:56:23+05:30,4018.8,1,4036.01,1564522,152485.0,176671.0,4100.0,4110.0,4012.0,4092.6,25402475,4501.8,3683.4,4440.0,3288.1,4018.8,38,3,4018.7,55,3,4018.6,3,1,4018.5,32,2,4018.4,25,2,4020.3,6,2,4020.5,52,4,4020.6,5,1,4020.7,36,3,4020.8,80,2
11483,2026-07-02 13:56:23+05:30,4018.8,1,4036.01,1564522,152485.0,176671.0,4100.0,4110.0,4012.0,4092.6,25402475,4501.8,3683.4,4440.0,3288.1,4018.8,38,3,4018.7,55,3,4018.6,3,1,4018.5,32,2,4018.4,25,2,4020.3,6,2,4020.5,52,4,4020.6,5,1,4020.7,36,3,4020.8,80,2
11483,2026-07-02 13:56:24+05:30,4018.8,1,4036.01,1564522,152485.0,176671.0,4100.0,4110.0,4012.0,4092.6,25410525,4501.8,3683.4,4440.0,3288.1,4018.8,38,3,4018.7,55,3,4018.6,3,1,4018.5,32,2,4018.4,25,2,4020.3,6,2,4020.5,52,4,4020.6,5,1,4020.7,36,3,4020.8,80,2
11483,2026-07-02 13:56:24+05:30,4018.8,1,4036.01,1564522,152485.0,176671.0,4100.0,4110.0,4012.0,4092.6,25410525,4501.8,3683.4,4440.0,3288.1,4018.8,38,3,4018.7,55,3,4018.6,3,1,4018.5,32,2,4018.4,25,2,4020.3,6,2,4020.5,52,4,4020.6,5,1,4020.7,36,3,4020.8,80,2
11483,2026-07-02 13:56:24+05:30,4018.8,1,4036.01,1564522,152485.0,176671.0,4100.0,4110.0,4012.0,4092.6,25410525,4501.8,3683.4,4440.0,3288.1,4018.8,38,3,4018.7,55,3,4018.6,3,1,4018.5,32,2,4018.4,25,2,4020.3,6,2,4020.5,52,4,4020.6,5,1,4020.7,36,3,4020.8,80,2
11483,2026-07-02 13:56:24+05:30,4018.8,1,4036.01,1564529,152533.0,177723.0,4100.0,4110.0,4012.0,4092.6,25410525,4501.8,3683.4,4440.0,3288.1,4018.8,14,2,4018.4,19,1,4018.3,28,1,4018.2,70,4,4018.1,89,5,4020.0,838,1,4020.2,10,1,4020.3,46,4,4020.4,6,2,4020.5,52,4
11483,2026-07-02 13:56:25+05:30,4018.8,1,4036.01,1564529,152533.0,177723.0,4100.0,4110.0,4012.0,4092.6,25410525,4501.8,3683.4,4440.0,3288.1,4018.8,14,2,4018.4,19,1,4018.3,28,1,4018.2,70,4,4018.1,89,5,4020.0,838,1,4020.2,10,1,4020.3,46,4,4020.4,6,2,4020.5,52,4
11483,2026-07-02 13:56:25+05:30,4018.8,1,4036.01,1564529,152533.0,177723.0,4100.0,4110.0,4012.0,4092.6,25410525,4501.8,3683.4,4440.0,3288.1,4018.8,14,2,4018.4,19,1,4018.3,28,1,4018.2,70,4,4018.1,89,5,4020.0,838,1,4020.2,10,1,4020.3,46,4,4020.4,6,2,4020.5,52,4
11483,2026-07-02 13:56:25+05:30,4018.8,1,4036.01,1564529,152533.0,177723.0,4100.0,4110.0,4012.0,4092.6,25410525,4501.8,3683.4,4440.0,3288.1,4018.8,14,2,4018.4,19,1,4018.3,28,1,4018.2,70,4,4018.1,89,5,4020.0,838,1,4020.2,10,1,4020.3,46,4,4020.4,6,2,4020.5,52,4
11483,2026-07-02 13:56:25+05:30,4018.9,1,4036.01,1564531,152584.0,177797.0,4100.0,4110.0,4012.0,4092.6,25410525,4501.8,3683.4,4440.0,3288.1,4018.9,7,1,4018.8,13,2,4018.6,1,1,4018.4,19,1,4018.3,28,1,4020.0,838,1,4020.2,10,1,4020.3,46,4,4020.4,6,2,4020.5,52,4
11483,2026-07-02 13:56:26+05:30,4018.9,1,4036.01,1564531,152584.0,177797.0,4100.0,4110.0,4012.0,4092.6,25410525,4501.8,3683.4,4440.0,3288.1,4018.9,7,1,4018.8,13,2,4018.6,1,1,4018.4,19,1,4018.3,28,1,4020.0,838,1,4020.2,10,1,4020.3,46,4,4020.4,6,2,4020.5,52,4
11483,2026-07-02 13:56:26+05:30,4020.0,7,4036.01,1564531,152584.0,177797.0,4100.0,4110.0,4012.0,4092.6,25410525,4501.8,3683.4,4440.0,3288.1,4018.9,7,1,4018.8,13,2,4018.6,1,1,4018.4,19,1,4018.3,28,1,4020.0,838,1,4020.2,10,1,4020.3,46,4,4020.4,6,2,4020.5,52,4
11483,2026-07-02 13:56:27+05:30,4019.0,1,4036.01,1564540,152647.0,177884.0,4100.0,4110.0,4012.0,4092.6,25410525,4501.8,3683.4,4440.0,3288.1,4018.9,6,1,4018.8,3,1,4018.6,1,1,4018.2,44,3,4018.1,85,4,4020.0,833,2,4020.2,10,1,4020.3,46,4,4020.4,3,1,4020.5,52,4
11483,2026-07-02 13:56:27+05:30,4018.9,1,4036.01,1564540,152647.0,177884.0,4100.0,4110.0,4012.0,4092.6,25410525,4501.8,3683.4,4440.0,3288.1,4018.9,6,1,4018.8,3,1,4018.6,1,1,4018.2,44,3,4018.1,85,4,4020.0,833,2,4020.2,10,1,4020.3,46,4,4020.4,3,1,4020.5,52,4
11483,2026-07-02 13:56:28+05:30,4018.9,1,4036.01,1564543,152645.0,177904.0,4100.0,4110.0,4012.0,4092.6,25410525,4501.8,3683.4,4440.0,3288.1,4018.9,3,1,4018.8,3,1,4018.6,1,1,4018.2,44,3,4018.1,80,4,4020.0,845,3,4020.1,15,1,4020.2,10,1,4020.3,46,4,4020.4,3,1
11483,2026-07-02 13:56:28+05:30,4020.0,74,4036.01,1564543,152645.0,177904.0,4100.0,4110.0,4012.0,4092.6,25410525,4501.8,3683.4,4440.0,3288.1,4018.9,3,1,4018.8,3,1,4018.6,1,1,4018.2,44,3,4018.1,80,4,4020.0,845,3,4020.1,15,1,4020.2,10,1,4020.3,46,4,4020.4,3,1
11483,2026-07-02 13:56:29+05:30,4018.9,1,4036.01,1564619,156800.0,177724.0,4100.0,4110.0,4012.0,4092.6,25410525,4501.8,3683.4,4440.0,3288.1,4019.4,1,1,4019.0,49,1,4018.7,1,1,4018.6,5,2,4018.4,3,1,4020.0,771,3,4020.1,15,1,4020.3,20,3,4020.4,3,1,4020.5,39,3
11483,2026-07-02 13:56:29+05:30,4019.4,8,4036.01,1564619,156800.0,177724.0,4100.0,4110.0,4012.0,4092.6,25410525,4501.8,3683.4,4440.0,3288.1,4019.4,1,1,4019.0,49,1,4018.7,1,1,4018.6,5,2,4018.4,3,1,4020.0,771,3,4020.1,15,1,4020.3,20,3,4020.4,3,1,4020.5,39,3
11483,2026-07-02 13:56:30+05:30,4019.4,8,4036.01,1564627,156908.0,177782.0,4100.0,4110.0,4012.0,4092.6,25410525,4501.8,3683.4,4440.0,3288.1,4019.0,49,1,4018.7,1,1,4018.6,5,2,4018.4,3,1,4018.3,77,4,4019.4,3,3,4020.0,771,3,4020.1,15,1,4020.3,20,3,4020.4,3,1
11483,2026-07-02 13:56:30+05:30,4020.0,18,4036.01,1564627,156908.0,177782.0,4100.0,4110.0,4012.0,4092.6,25410525,4501.8,3683.4,4440.0,3288.1,4019.0,49,1,4018.7,1,1,4018.6,5,2,4018.4,3,1,4018.3,77,4,4019.4,3,3,4020.0,771,3,4020.1,15,1,4020.3,20,3,4020.4,3,1
11483,2026-07-02 13:56:31+05:30,4019.0,22,4036.0,1564677,156980.0,177725.0,4100.0,4110.0,4012.0,4092.6,25410525,4501.8,3683.4,4440.0,3288.1,4019.0,25,1,4018.7,1,1,4018.6,5,2,4018.5,11,1,4018.3,76,3,4020.0,751,2,4020.1,15,1,4020.3,20,3,4020.4,13,2,4020.5,49,3
11483,2026-07-02 13:56:31+05:30,4019.0,2,4036.0,1564677,156980.0,177725.0,4100.0,4110.0,4012.0,4092.6,25410525,4501.8,3683.4,4440.0,3288.1,4019.0,25,1,4018.7,1,1,4018.6,5,2,4018.5,11,1,4018.3,76,3,4020.0,751,2,4020.1,15,1,4020.3,20,3,4020.4,13,2,4020.5,49,3
11483,2026-07-02 13:56:32+05:30,4019.0,1,4036.0,1564688,156886.0,177760.0,4100.0,4110.0,4012.0,4092.6,25410525,4501.8,3683.4,4440.0,3288.1,4019.0,16,1,4018.9,4,1,4018.7,1,1,4018.6,5,2,4018.3,46,4,4020.0,749,2,4020.1,15,1,4020.3,23,4,4020.4,10,1,4020.5,84,4
11483,2026-07-02 13:56:32+05:30,4019.0,1,4036.0,1564688,156886.0,177760.0,4100.0,4110.0,4012.0,4092.6,25410525,4501.8,3683.4,4440.0,3288.1,4019.0,16,1,4018.9,4,1,4018.7,1,1,4018.6,5,2,4018.3,46,4,4020.0,749,2,4020.1,15,1,4020.3,23,4,4020.4,10,1,4020.5,84,4
11483,2026-07-02 13:56:33+05:30,4019.0,7,4036.0,1564697,152981.0,177766.0,4100.0,4110.0,4012.0,4092.6,25410525,4501.8,3683.4,4440.0,3288.1,4019.0,7,1,4018.9,4,1,4018.7,1,1,4018.6,5,2,4018.3,46,4,4020.0,749,2,4020.1,15,1,4020.3,20,3,4020.4,10,1,4020.5,87,5
11483,2026-07-02 13:56:33+05:30,4019.0,1,4036.0,1564697,152981.0,177766.0,4100.0,4110.0,4012.0,4092.6,25410525,4501.8,3683.4,4440.0,3288.1,4019.0,7,1,4018.9,4,1,4018.7,1,1,4018.6,5,2,4018.3,46,4,4020.0,749,2,4020.1,15,1,4020.3,20,3,4020.4,10,1,4020.5,87,5
11483,2026-07-02 13:56:34+05:30,4020.0,2,4036.0,1564706,152978.0,177776.0,4100.0,4110.0,4012.0,4092.6,25410525,4501.8,3683.4,4440.0,3288.1,4019.0,4,1,4018.9,4,1,4018.6,5,2,4018.3,46,4,4018.2,74,3,4020.0,743,2,4020.1,15,1,4020.3,20,3,4020.4,10,1,4020.5,87,5
11483,2026-07-02 13:56:34+05:30,4019.0,1,4036.0,1564706,152978.0,177776.0,4100.0,4110.0,4012.0,4092.6,25410525,4501.8,3683.4,4440.0,3288.1,4019.0,4,1,4018.9,4,1,4018.6,5,2,4018.3,46,4,4018.2,74,3,4020.0,743,2,4020.1,15,1,4020.3,20,3,4020.4,10,1,4020.5,87,5
11483,2026-07-02 13:56:35+05:30,4019.0,1,4036.0,1564708,152996.0,177798.0,4100.0,4110.0,4012.0,4092.6,25410525,4501.8,3683.4,4440.0,3288.1,4019.0,2,1,4018.9,4,1,4018.6,5,2,4018.4,43,1,4018.3,20,3,4020.0,743,2,4020.1,15,1,4020.3,20,3,4020.5,76,4,4020.6,5,1
11483,2026-07-02 13:56:35+05:30,4019.0,1,4036.0,1564708,152996.0,177798.0,4100.0,4110.0,4012.0,4092.6,25410525,4501.8,3683.4,4440.0,3288.1,4019.0,2,1,4018.9,4,1,4018.6,5,2,4018.4,43,1,4018.3,20,3,4020.0,743,2,4020.1,15,1,4020.3,20,3,4020.5,76,4,4020.6,5,1
11483,2026-07-02 13:56:36+05:30,4019.0,1,4036.0,1564709,152988.0,177817.0,4100.0,4110.0,4012.0,4092.6,25410525,4501.8,3683.4,4440.0,3288.1,4019.0,1,1,4018.9,4,1,4018.6,5,2,4018.4,43,1,4018.3,14,2,4020.0,745,3,4020.1,15,1,4020.3,20,3,4020.5,88,5,4020.6,5,1
11483,2026-07-02 13:56:37+05:30,4020.0,2,4036.0,1564711,153015.0,177766.0,4100.0,4110.0,4012.0,4092.6,25410525,4501.8,3683.4,4440.0,3288.1,4019.0,1,1,4018.9,4,1,4018.6,5,2,4018.3,71,3,4018.2,86,4,4020.0,743,3,4020.1,15,1,4020.3,20,3,4020.5,85,4,4020.6,8,2
11483,2026-07-02 13:56:37+05:30,4020.0,2,4036.0,1564711,153015.0,177766.0,4100.0,4110.0,4012.0,4092.6,25410525,4501.8,3683.4,4440.0,3288.1,4019.0,1,1,4018.9,4,1,4018.6,5,2,4018.3,71,3,4018.2,86,4,4020.0,743,3,4020.1,15,1,4020.3,20,3,4020.5,85,4,4020.6,8,2
11483,2026-07-02 13:56:38+05:30,4020.0,2,4036.0,1564711,153011.0,177800.0,4100.0,4110.0,4012.0,4092.6,25410525,4501.8,3683.4,4440.0,3288.1,4019.0,3,2,4018.9,4,1,4018.6,5,2,4018.3,71,3,4018.2,86,4,4020.0,743,3,4020.1,15,1,4020.3,20,3,4020.5,85,4,4020.6,8,2
11483,2026-07-02 13:56:39+05:30,4020.0,2,4036.0,1564715,153203.0,177750.0,4100.0,4110.0,4012.0,4092.6,25410525,4501.8,3683.4,4440.0,3288.1,4019.5,1,1,4019.0,3,2,4018.9,4,1,4018.6,5,2,4018.5,61,1,4020.0,740,3,4020.1,15,1,4020.3,20,3,4020.5,50,3,4020.6,8,2
11483,2026-07-02 13:56:39+05:30,4020.0,1,4036.0,1564715,153203.0,177750.0,4100.0,4110.0,4012.0,4092.6,25410525,4501.8,3683.4,4440.0,3288.1,4019.5,1,1,4019.0,3,2,4018.9,4,1,4018.6,5,2,4018.5,61,1,4020.0,740,3,4020.1,15,1,4020.3,20,3,4020.5,50,3,4020.6,8,2
11483,2026-07-02 13:56:40+05:30,4019.0,3,4036.0,1564739,156966.0,177717.0,4100.0,4110.0,4012.0,4092.6,25410525,4501.8,3683.4,4440.0,3288.1,4019.0,2,1,4018.9,4,1,4018.6,1,1,4018.4,3,1,4018.3,13,1,4019.9,14,2,4020.0,724,4,4020.1,27,2,4020.2,3,1,4020.3,31,4
11483,2026-07-02 13:56:40+05:30,4019.0,3,4036.0,1564739,156966.0,177717.0,4100.0,4110.0,4012.0,4092.6,25410525,4501.8,3683.4,4440.0,3288.1,4019.0,2,1,4018.9,4,1,4018.6,1,1,4018.4,3,1,4018.3,13,1,4019.9,14,2,4020.0,724,4,4020.1,27,2,4020.2,3,1,4020.3,31,4
11483,2026-07-02 13:56:41+05:30,4019.0,3,4036.0,1564742,156963.0,177777.0,4100.0,4110.0,4012.0,4092.6,25410525,4501.8,3683.4,4440.0,3288.1,4019.0,16,2,4018.9,4,1,4018.6,1,1,4018.3,13,1,4018.2,26,2,4019.9,14,2,4020.0,727,5,4020.1,27,2,4020.3,31,4,4020.4,16,1
11483,2026-07-02 13:56:42+05:30,4019.0,3,4036.0,1564742,157003.0,177719.0,4100.0,4110.0,4012.0,4092.6,25410525,4501.8,3683.4,4440.0,3288.1,4019.1,2,1,4019.0,14,1,4018.9,4,1,4018.6,1,1,4018.3,13,1,4019.9,46,3,4020.0,725,4,4020.1,27,2,4020.3,31,4,4020.4,16,1
11483,2026-07-02 13:56:43+05:30,4019.0,10,4036.0,1564742,157003.0,177719.0,4100.0,4110.0,4012.0,4092.6,25410525,4501.8,3683.4,4440.0,3288.1,4019.1,2,1,4019.0,14,1,4018.9,4,1,4018.6,1,1,4018.3,13,1,4019.9,46,3,4020.0,725,4,4020.1,27,2,4020.3,31,4,4020.4,16,1
11483,2026-07-02 13:56:43+05:30,4019.0,10,4036.0,1564773,152360.0,177921.0,4100.0,4110.0,4012.0,4092.6,25410525,4501.8,3683.4,4440.0,3288.1,4018.9,4,1,4018.6,1,1,4018.1,29,3,4018.0,291,31,4017.9,1,1,4019.0,37,1,4019.7,22,2,4019.8,40,5,4019.9,21,5,4020.0,734,5
11483,2026-07-02 13:56:44+05:30,4019.0,5,4036.0,1564782,152232.0,178060.0,4100.0,4110.0,4012.0,4092.6,25410525,4501.8,3683.4,4440.0,3288.1,4018.6,1,1,4018.1,29,3,4018.0,291,31,4017.9,1,1,4017.8,37,2,4019.0,32,1,4019.7,22,2,4019.8,42,6,4019.9,16,3,4020.0,757,5
11483,2026-07-02 13:56:44+05:30,4018.6,1,4036.0,1564782,152232.0,178060.0,4100.0,4110.0,4012.0,4092.6,25410525,4501.8,3683.4,4440.0,3288.1,4018.6,1,1,4018.1,29,3,4018.0,291,31,4017.9,1,1,4017.8,37,2,4019.0,32,1,4019.7,22,2,4019.8,42,6,4019.9,16,3,4020.0,757,5
11483,2026-07-02 13:56:45+05:30,4019.0,4,4036.0,1564782,152232.0,178060.0,4100.0,4110.0,4012.0,4092.6,25410525,4501.8,3683.4,4440.0,3288.1,4018.6,1,1,4018.1,29,3,4018.0,291,31,4017.9,1,1,4017.8,37,2,4019.0,32,1,4019.7,22,2,4019.8,42,6,4019.9,16,3,4020.0,757,5
11483,2026-07-02 13:56:45+05:30,4019.0,4,4036.0,1564819,152614.0,178211.0,4100.0,4110.0,4012.0,4092.6,25410525,4501.8,3683.4,4440.0,3288.1,4019.1,65,1,4018.1,46,4,4018.0,301,31,4017.9,3,2,4017.8,48,3,4019.6,24,3,4019.7,22,3,4019.8,87,8,4019.9,8,2,4020.0,756,4
11483,2026-07-02 13:56:46+05:30,4019.1,400,4036.0,1565235,152566.0,177716.0,4100.0,4110.0,4012.0,4092.6,25410525,4501.8,3683.4,4440.0,3288.1,4019.1,61,1,4018.1,50,4,4018.0,301,31,4017.9,3,2,4017.8,37,2,4019.5,24,3,4019.6,2,1,4019.7,11,1,4019.8,87,8,4019.9,8,2
11483,2026-07-02 13:56:46+05:30,4019.1,50,4036.0,1565235,152566.0,177716.0,4100.0,4110.0,4012.0,4092.6,25410525,4501.8,3683.4,4440.0,3288.1,4019.1,61,1,4018.1,50,4,4018.0,301,31,4017.9,3,2,4017.8,37,2,4019.5,24,3,4019.6,2,1,4019.7,11,1,4019.8,87,8,4019.9,8,2
11483,2026-07-02 13:56:47+05:30,4019.1,50,4036.0,1565285,152550.0,177717.0,4100.0,4110.0,4012.0,4092.6,25410525,4501.8,3683.4,4440.0,3288.1,4019.1,11,1,4018.2,55,1,4018.1,29,3,4018.0,301,31,4017.9,3,2,4019.5,24,3,4019.6,13,1,4019.7,11,1,4019.8,75,7,4019.9,8,2
11483,2026-07-02 13:56:47+05:30,4019.1,6,4036.0,1565285,152550.0,177717.0,4100.0,4110.0,4012.0,4092.6,25410525,4501.8,3683.4,4440.0,3288.1,4019.1,11,1,4018.2,55,1,4018.1,29,3,4018.0,301,31,4017.9,3,2,4019.5,24,3,4019.6,13,1,4019.7,11,1,4019.8,75,7,4019.9,8,2
11483,2026-07-02 13:56:48+05:30,4019.1,6,4036.0,1565291,152562.0,177734.0,4100.0,4110.0,4012.0,4092.6,25410525,4501.8,3683.4,4440.0,3288.1,4019.1,5,1,4018.2,55,1,4018.1,29,3,4018.0,302,32,4017.9,3,2,4019.5,24,3,4019.6,13,1,4019.7,11,1,4019.8,75,7,4019.9,8,2
11483,2026-07-02 13:56:49+05:30,4019.1,1,4036.0,1565292,153028.0,177739.0,4100.0,4110.0,4012.0,4092.6,25410525,4501.8,3683.4,4440.0,3288.1,4019.3,1,1,4019.1,4,1,4018.2,55,1,4018.1,29,3,4018.0,272,31,4019.6,33,3,4019.7,20,2,4019.8,73,6,4019.9,8,2,4020.0,789,6
11483,2026-07-02 13:56:49+05:30,4019.1,1,4036.0,1565292,153028.0,177739.0,4100.0,4110.0,4012.0,4092.6,25410525,4501.8,3683.4,4440.0,3288.1,4019.3,1,1,4019.1,4,1,4018.2,55,1,4018.1,29,3,4018.0,272,31,4019.6,33,3,4019.7,20,2,4019.8,73,6,4019.9,8,2,4020.0,789,6
11483,2026-07-02 13:56:50+05:30,4019.3,1,4036.0,1565293,152986.0,177708.0,4100.0,4110.0,4012.0,4092.6,25410525,4501.8,3683.4,4440.0,3288.1,4019.1,4,1,4018.2,55,1,4018.1,59,4,4018.0,297,33,4017.9,3,2,4019.3,1,1,4019.5,1,1,4019.6,25,2,4019.7,20,2,4019.8,72,5
11483,2026-07-02 13:56:50+05:30,4019.3,1,4036.0,1565293,152986.0,177708.0,4100.0,4110.0,4012.0,4092.6,25410525,4501.8,3683.4,4440.0,3288.1,4019.1,4,1,4018.2,55,1,4018.1,59,4,4018.0,297,33,4017.9,3,2,4019.3,1,1,4019.5,1,1,4019.6,25,2,4019.7,20,2,4019.8,72,5
11483,2026-07-02 13:56:51+05:30,4019.1,1,4036.0,1565390,152876.0,177440.0,4100.0,4110.0,4012.0,4092.6,25410525,4501.8,3683.4,4440.0,3288.1,4018.1,66,5,4018.0,285,32,4017.9,3,2,4017.8,37,2,4017.7,61,5,4019.1,3,1,4019.6,25,2,4019.7,2,1,4019.8,81,5,4019.9,8,2
11483,2026-07-02 13:56:51+05:30,4019.1,1,4036.0,1565390,152876.0,177440.0,4100.0,4110.0,4012.0,4092.6,25410525,4501.8,3683.4,4440.0,3288.1,4018.1,66,5,4018.0,285,32,4017.9,3,2,4017.8,37,2,4017.7,61,5,4019.1,3,1,4019.6,25,2,4019.7,2,1,4019.8,81,5,4019.9,8,2
11483,2026-07-02 13:56:52+05:30,4018.1,12,4036.0,1565402,152832.0,177296.0,4100.0,4110.0,4012.0,4092.6,25410525,4501.8,3683.4,4440.0,3288.1,4018.1,54,5,4018.0,290,33,4017.9,3,2,4017.8,37,2,4017.7,61,5,4019.1,3,1,4019.6,25,2,4019.7,2,1,4019.8,81,5,4019.9,8,2
11483,2026-07-02 13:56:52+05:30,4018.1,12,4036.0,1565402,152832.0,177296.0,4100.0,4110.0,4012.0,4092.6,25410525,4501.8,3683.4,4440.0,3288.1,4018.1,54,5,4018.0,290,33,4017.9,3,2,4017.8,37,2,4017.7,61,5,4019.1,3,1,4019.6,25,2,4019.7,2,1,4019.8,81,5,4019.9,8,2
11483,2026-07-02 13:56:53+05:30,4019.1,1,4036.0,1565404,152776.0,177324.0,4100.0,4110.0,4012.0,4092.6,25410525,4501.8,3683.4,4440.0,3288.1,4018.1,53,5,4018.0,290,33,4017.9,3,2,4017.8,37,2,4017.7,61,5,4019.1,4,2,4019.6,25,2,4019.7,2,1,4019.8,81,5,4019.9,11,3
11483,2026-07-02 13:56:53+05:30,4019.1,1,4036.0,1565404,152776.0,177324.0,4100.0,4110.0,4012.0,4092.6,25410525,4501.8,3683.4,4440.0,3288.1,4018.1,53,5,4018.0,290,33,4017.9,3,2,4017.8,37,2,4017.7,61,5,4019.1,4,2,4019.6,25,2,4019.7,2,1,4019.8,81,5,4019.9,11,3
11483,2026-07-02 13:56:54+05:30,4019.1,1,4036.0,1565406,152797.0,177316.0,4100.0,4110.0,4012.0,4092.6,25410525,4501.8,3683.4,4440.0,3288.1,4018.2,2,1,4018.1,52,5,4018.0,290,33,4017.9,1,1,4017.8,37,2,4019.1,3,2,4019.6,25,2,4019.7,2,1,4019.8,80,4,4019.9,8,2
11483,2026-07-02 13:56:54+05:30,4019.1,1,4036.0,1565406,152797.0,177316.0,4100.0,4110.0,4012.0,4092.6,25410525,4501.8,3683.4,4440.0,3288.1,4018.2,2,1,4018.1,52,5,4018.0,290,33,4017.9,1,1,4017.8,37,2,4019.1,3,2,4019.6,25,2,4019.7,2,1,4019.8,80,4,4019.9,8,2
11483,2026-07-02 13:56:55+05:30,4019.1,1,4036.0,1565427,152989.0,177326.0,4100.0,4110.0,4012.0,4092.6,25410525,4501.8,3683.4,4440.0,3288.1,4018.3,9,1,4018.1,78,3,4018.0,290,33,4017.9,1,1,4017.8,39,3,4019.1,3,1,4019.2,12,1,4019.6,43,2,4019.7,2,1,4019.8,68,3
11483,2026-07-02 13:56:55+05:30,4019.1,1,4036.0,1565427,152989.0,177326.0,4100.0,4110.0,4012.0,4092.6,25410525,4501.8,3683.4,4440.0,3288.1,4018.3,9,1,4018.1,78,3,4018.0,290,33,4017.9,1,1,4017.8,39,3,4019.1,3,1,4019.2,12,1,4019.6,43,2,4019.7,2,1,4019.8,68,3
11483,2026-07-02 13:56:56+05:30,4018.3,1,4036.0,1565430,152927.0,177347.0,4100.0,4110.0,4012.0,4092.6,25410525,4501.8,3683.4,4440.0,3288.1,4018.3,6,1,4018.1,78,3,4018.0,290,33,4017.9,1,1,4017.8,39,3,4019.1,3,1,4019.2,12,1,4019.6,55,3,4019.7,2,1,4019.8,68,3
11483,2026-07-02 13:56:56+05:30,4018.3,1,4036.0,1565430,152927.0,177347.0,4100.0,4110.0,4012.0,4092.6,25410525,4501.8,3683.4,4440.0,3288.1,4018.3,6,1,4018.1,78,3,4018.0,290,33,4017.9,1,1,4017.8,39,3,4019.1,3,1,4019.2,12,1,4019.6,55,3,4019.7,2,1,4019.8,68,3
11483,2026-07-02 13:56:57+05:30,4019.1,21,4036.0,1565452,152674.0,177564.0,4100.0,4110.0,4012.0,4092.6,25410525,4501.8,3683.4,4440.0,3288.1,4019.1,5,1,4018.3,9,2,4018.2,50,2,4018.1,78,3,4018.0,302,34,4019.2,12,1,4019.8,54,1,4019.9,3,1,4020.0,786,5,4020.1,39,3
11483,2026-07-02 13:56:57+05:30,4019.1,2,4036.0,1565452,152674.0,177564.0,4100.0,4110.0,4012.0,4092.6,25410525,4501.8,3683.4,4440.0,3288.1,4019.1,5,1,4018.3,9,2,4018.2,50,2,4018.1,78,3,4018.0,302,34,4019.2,12,1,4019.8,54,1,4019.9,3,1,4020.0,786,5,4020.1,39,3
11483,2026-07-02 13:56:58+05:30,4019.1,26,4036.0,1565485,153005.0,177434.0,4100.0,4110.0,4012.0,4092.6,25410525,4501.8,3683.4,4440.0,3288.1,4018.4,2,1,4018.3,13,3,4018.1,71,2,4018.0,305,34,4017.9,1,1,4019.2,13,1,4019.7,71,1,4019.8,106,4,4019.9,3,1,4020.0,753,5
11483,2026-07-02 13:56:58+05:30,4018.4,2,4036.0,1565485,153005.0,177434.0,4100.0,4110.0,4012.0,4092.6,25410525,4501.8,3683.4,4440.0,3288.1,4018.4,2,1,4018.3,13,3,4018.1,71,2,4018.0,305,34,4017.9,1,1,4019.2,13,1,4019.7,71,1,4019.8,106,4,4019.9,3,1,4020.0,753,5
11483,2026-07-02 13:56:59+05:30,4018.4,2,4036.0,1565489,152700.0,177814.0,4100.0,4110.0,4012.0,4092.6,25410525,4501.8,3683.4,4440.0,3288.1,4019.2,3,1,4018.9,1,1,4018.3,5,2,4018.2,79,2,4018.1,41,1,4019.7,3,1,4019.8,88,4,4019.9,15,3,4020.0,745,3,4020.1,29,3
11483,2026-07-02 13:56:59+05:30,4019.2,1,4036.0,1565489,152700.0,177814.0,4100.0,4110.0,4012.0,4092.6,25410525,4501.8,3683.4,4440.0,3288.1,4019.2,3,1,4018.9,1,1,4018.3,5,2,4018.2,79,2,4018.1,41,1,4019.7,3,1,4019.8,88,4,4019.9,15,3,4020.0,745,3,4020.1,29,3
11483,2026-07-02 13:57:00+05:30,4019.2,1,4036.0,1565490,153221.0,177744.0,4100.0,4110.0,4012.0,4092.6,25410525,4501.8,3683.4,4440.0,3288.1,4019.2,2,1,4018.9,1,1,4018.3,17,3,4018.2,79,2,4018.1,41,1,4019.8,88,4,4019.9,15,3,4020.0,745,3,4020.1,29,3,4020.3,47,3
11483,2026-07-02 13:57:01+05:30,4019.7,4,4036.0,1565497,153294.0,177443.0,4100.0,4110.0,4012.0,4092.6,25410525,4501.8,3683.4,4440.0,3288.1,4019.2,2,1,4018.9,1,1,4018.4,62,1,4018.3,17,3,4018.2,48,1,4019.8,89,5,4019.9,3,1,4020.0,734,2,4020.1,28,3,4020.2,12,1
11483,2026-07-02 13:57:01+05:30,4019.8,6,4036.0,1565497,153294.0,177443.0,4100.0,4110.0,4012.0,4092.6,25410525,4501.8,3683.4,4440.0,3288.1,4019.2,2,1,4018.9,1,1,4018.4,62,1,4018.3,17,3,4018.2,48,1,4019.8,89,5,4019.9,3,1,4020.0,734,2,4020.1,28,3,4020.2,12,1
11483,2026-07-02 13:57:02+05:30,4019.8,6,4035.99,1565571,153239.0,177294.0,4100.0,4110.0,4012.0,4092.6,25410525,4501.8,3683.4,4440.0,3288.1,4018.9,1,1,4018.4,63,2,4018.3,17,3,4018.2,48,1,4018.1,43,2,4019.8,99,7,4019.9,11,2,4020.0,739,3,4020.1,28,3,4020.2,12,1
11483,2026-07-02 13:57:02+05:30,4018.9,7,4035.99,1565571,153239.0,177294.0,4100.0,4110.0,4012.0,4092.6,25410525,4501.8,3683.4,4440.0,3288.1,4018.9,1,1,4018.4,63,2,4018.3,17,3,4018.2,48,1,4018.1,43,2,4019.8,99,7,4019.9,11,2,4020.0,739,3,4020.1,28,3,4020.2,12,1
11483,2026-07-02 13:57:03+05:30,4018.9,7,4035.99,1565578,153257.0,177395.0,4100.0,4110.0,4012.0,4092.6,25410525,4501.8,3683.4,4440.0,3288.1,4018.4,8,2,4018.3,1,1,4018.1,43,2,4018.0,336,36,4017.9,1,1,4018.9,1,1,4019.8,81,5,4019.9,3,1,4020.0,741,4,4020.1,15,1
11483,2026-07-02 13:57:04+05:30,4019.8,1,4035.99,1565582,153032.0,177339.0,4100.0,4110.0,4012.0,4092.6,25410525,4501.8,3683.4,4440.0,3288.1,4018.4,8,2,4018.2,22,1,4018.1,43,2,4018.0,348,37,4017.9,1,1,4019.8,81,6,4019.9,49,3,4020.0,761,5,4020.1,15,1,4020.2,12,1
11483,2026-07-02 13:57:04+05:30,4018.4,1,4035.99,1565582,153032.0,177339.0,4100.0,4110.0,4012.0,4092.6,25410525,4501.8,3683.4,4440.0,3288.1,4018.4,8,2,4018.2,22,1,4018.1,43,2,4018.0,348,37,4017.9,1,1,4019.8,81,6,4019.9,49,3,4020.0,761,5,4020.1,15,1,4020.2,12,1
11483,2026-07-02 13:57:05+05:30,4018.4,1,4035.99,1565583,153422.0,177343.0,4100.0,4110.0,4012.0,4092.6,25410525,4501.8,3683.4,4440.0,3288.1,4018.1,47,3,4018.0,348,37,4017.9,9,2,4017.8,49,4,4017.7,54,4,4019.8,115,7,4019.9,16,3,4020.0,761,5,4020.1,15,1,4020.2,12,1
11483,2026-07-02 13:57:05+05:30,4019.7,1,4035.99,1565583,153422.0,177343.0,4100.0,4110.0,4012.0,4092.6,25410525,4501.8,3683.4,4440.0,3288.1,4018.1,47,3,4018.0,348,37,4017.9,9,2,4017.8,49,4,4017.7,54,4,4019.8,115,7,4019.9,16,3,4020.0,761,5,4020.1,15,1,4020.2,12,1
11483,2026-07-02 13:57:06+05:30,4019.7,1,4035.99,1565589,153663.0,177476.0,4100.0,4110.0,4012.0,4092.6,25410525,4501.8,3683.4,4440.0,3288.1,4019.7,1,1,4019.0,23,1,4018.6,13,1,4018.4,40,1,4018.3,60,2,4019.8,88,7,4019.9,32,4,4020.0,739,3,4020.1,20,2,4020.2,12,1
11483,2026-07-02 13:57:06+05:30,4019.7,1,4035.99,1565589,153663.0,177476.0,4100.0,4110.0,4012.0,4092.6,25410525,4501.8,3683.4,4440.0,3288.1,4019.7,1,1,4019.0,23,1,4018.6,13,1,4018.4,40,1,4018.3,60,2,4019.8,88,7,4019.9,32,4,4020.0,739,3,4020.1,20,2,4020.2,12,1
11483,2026-07-02 13:57:07+05:30,4019.7,1,4035.99,1565683,153161.0,177480.0,4100.0,4110.0,4012.0,4092.6,25410525,4501.8,3683.4,4440.0,3288.1,4019.7,1,1,4019.0,23,1,4018.6,13,1,4018.4,21,1,4018.3,60,2,4019.8,69,4,4019.9,29,3,4020.0,747,4,4020.1,20,2,4020.2,22,2
11483,2026-07-02 13:57:07+05:30,4019.7,1,4035.99,1565683,153161.0,177480.0,4100.0,4110.0,4012.0,4092.6,25410525,4501.8,3683.4,4440.0,3288.1,4019.7,1,1,4019.0,23,1,4018.6,13,1,4018.4,21,1,4018.3,60,2,4019.8,69,4,4019.9,29,3,4020.0,747,4,4020.1,20,2,4020.2,22,2
11483,2026-07-02 13:57:08+05:30,4019.0,1,4035.99,1565708,153486.0,177476.0,4100.0,4110.0,4012.0,4092.6,25410525,4501.8,3683.4,4440.0,3288.1,4018.1,182,6,4018.0,336,37,4017.9,1,1,4017.8,37,2,4017.7,54,4,4019.0,1,1,4019.7,92,5,4019.8,58,3,4019.9,1,1,4020.0,733,4
11483,2026-07-02 13:57:08+05:30,4018.1,3,4035.99,1565708,153486.0,177476.0,4100.0,4110.0,4012.0,4092.6,25410525,4501.8,3683.4,4440.0,3288.1,4018.1,182,6,4018.0,336,37,4017.9,1,1,4017.8,37,2,4017.7,54,4,4019.0,1,1,4019.7,92,5,4019.8,58,3,4019.9,1,1,4020.0,733,4
11483,2026-07-02 13:57:09+05:30,4019.7,1,4035.99,1565713,153103.0,177674.0,4100.0,4110.0,4012.0,4092.6,25410525,4501.8,3683.4,4440.0,3288.1,4018.5,1,1,4018.1,179,6,4018.0,348,38,4017.9,1,1,4017.8,37,2,4019.7,27,4,4019.8,57,2,4019.9,1,1,4020.0,779,6,4020.1,15,1
11483,2026-07-02 13:57:09+05:30,4018.5,1,4035.99,1565713,153103.0,177674.0,4100.0,4110.0,4012.0,4092.6,25410525,4501.8,3683.4,4440.0,3288.1,4018.5,1,1,4018.1,179,6,4018.0,348,38,4017.9,1,1,4017.8,37,2,4019.7,27,4,4019.8,57,2,4019.9,1,1,4020.0,779,6,4020.1,15,1
11483,2026-07-02 13:57:10+05:30,4018.2,2,4035.99,1565722,153202.0,177455.0,4100.0,4110.0,4012.0,4092.6,25410525,4501.8,3683.4,4440.0,3288.1,4018.1,149,5,4018.0,356,38,4017.9,1,1,4017.8,41,3,4017.7,43,4,4018.2,2,1,4019.5,10,1,4019.6,18,1,4019.7,50,4,4019.8,54,1
11483,2026-07-02 13:57:10+05:30,4018.1,1,4035.99,1565722,153202.0,177455.0,4100.0,4110.0,4012.0,4092.6,25410525,4501.8,3683.4,4440.0,3288.1,4018.1,149,5,4018.0,356,38,4017.9,1,1,4017.8,41,3,4017.7,43,4,4018.2,2,1,4019.5,10,1,4019.6,18,1,4019.7,50,4,4019.8,54,1
11483,2026-07-02 13:57:11+05:30,4018.2,1,4035.99,1565724,153130.0,178050.0,4100.0,4110.0,4012.0,4092.6,25410525,4501.8,3683.4,4440.0,3288.1,4018.1,146,4,4018.0,358,39,4017.9,5,2,4017.8,41,3,4017.7,43,4,4018.2,1,1,4019.3,42,2,4019.4,39,1,4019.5,56,2,4019.6,18,1
11483,2026-07-02 13:57:11+05:30,4019.3,2,4035.99,1565724,153130.0,178050.0,4100.0,4110.0,4012.0,4092.6,25410525,4501.8,3683.4,4440.0,3288.1,4018.1,146,4,4018.0,358,39,4017.9,5,2,4017.8,41,3,4017.7,43,4,4018.2,1,1,4019.3,42,2,4019.4,39,1,4019.5,56,2,4019.6,18,1
11483,2026-07-02 13:57:12+05:30,4019.3,2,4035.99,1565728,152223.0,177862.0,4100.0,4110.0,4012.0,4092.6,25410525,4501.8,3683.4,4440.0,3288.1,4018.1,139,3,4018.0,336,37,4017.9,1,1,4017.8,37,2,4017.7,12,2,4019.1,99,7,4019.2,32,5,4019.3,3,1,4019.4,33,4,4019.6,98,5
11483,2026-07-02 13:57:13+05:30,4019.3,2,4035.99,1565728,157010.0,177832.0,4100.0,4110.0,4012.0,4092.6,25410525,4501.8,3683.4,4440.0,3288.1,4018.1,139,3,4018.0,336,37,4017.9,1,1,4017.8,37,2,4017.7,12,2,4019.1,58,6,4019.2,25,4,4019.3,3,1,4019.4,30,3,4019.6,118,6
11483,2026-07-02 13:57:14+05:30,4019.1,5,4035.99,1565733,152084.0,177877.0,4100.0,4110.0,4012.0,4092.6,25410525,4501.8,3683.4,4440.0,3288.1,4018.1,140,4,4018.0,336,37,4017.9,1,1,4017.8,37,2,4017.7,12,2,4019.1,53,6,4019.2,25,4,4019.3,3,1,4019.4,28,2,4019.5,42,1
11483,2026-07-02 13:57:14+05:30,4018.1,1,4035.99,1565733,152084.0,177877.0,4100.0,4110.0,4012.0,4092.6,25410525,4501.8,3683.4,4440.0,3288.1,4018.1,140,4,4018.0,336,37,4017.9,1,1,4017.8,37,2,4017.7,12,2,4019.1,53,6,4019.2,25,4,4019.3,3,1,4019.4,28,2,4019.5,42,1
11483,2026-07-02 13:57:15+05:30,4018.1,2,4035.99,1565736,152050.0,177781.0,4100.0,4110.0,4012.0,4092.6,25410525,4501.8,3683.4,4440.0,3288.1,4018.1,137,4,4018.0,336,37,4017.9,1,1,4017.8,37,2,4017.7,12,2,4019.0,33,4,4019.1,29,3,4019.2,39,5,4019.4,28,2,4019.5,10,1
11483,2026-07-02 13:57:15+05:30,4018.1,2,4035.99,1565736,152050.0,177781.0,4100.0,4110.0,4012.0,4092.6,25410525,4501.8,3683.4,4440.0,3288.1,4018.1,137,4,4018.0,336,37,4017.9,1,1,4017.8,37,2,4017.7,12,2,4019.0,33,4,4019.1,29,3,4019.2,39,5,4019.4,28,2,4019.5,10,1
11483,2026-07-02 13:57:16+05:30,4019.0,3,4035.99,1565761,152023.0,177945.0,4100.0,4110.0,4012.0,4092.6,25410525,4501.8,3683.4,4440.0,3288.1,4018.5,1,1,4018.1,137,4,4018.0,336,37,4017.9,1,1,4017.8,37,2,4019.0,28,4,4019.1,27,2,4019.2,37,5,4019.4,28,2,4019.6,64,4
11483,2026-07-02 13:57:16+05:30,4018.5,1,4035.99,1565761,152023.0,177945.0,4100.0,4110.0,4012.0,4092.6,25410525,4501.8,3683.4,4440.0,3288.1,4018.5,1,1,4018.1,137,4,4018.0,336,37,4017.9,1,1,4017.8,37,2,4019.0,28,4,4019.1,27,2,4019.2,37,5,4019.4,28,2,4019.6,64,4
11483,2026-07-02 13:57:17+05:30,4018.5,1,4035.99,1565762,152021.0,178348.0,4100.0,4110.0,4012.0,4092.6,25410525,4501.8,3683.4,4440.0,3288.1,4018.1,137,4,4018.0,341,38,4017.9,1,1,4017.8,37,2,4017.7,12,2,4018.5,1,1,4019.0,28,4,4019.1,32,3,4019.2,27,4,4019.4,38,3
11483,2026-07-02 13:57:17+05:30,4018.1,1,4035.99,1565762,152021.0,178348.0,4100.0,4110.0,4012.0,4092.6,25410525,4501.8,3683.4,4440.0,3288.1,4018.1,137,4,4018.0,341,38,4017.9,1,1,4017.8,37,2,4017.7,12,2,4018.5,1,1,4019.0,28,4,4019.1,32,3,4019.2,27,4,4019.4,38,3
11483,2026-07-02 13:57:18+05:30,4018.8,7,4035.99,1565815,151935.0,178362.0,4100.0,4110.0,4012.0,4092.6,25410525,4501.8,3683.4,4440.0,3288.1,4018.1,136,4,4018.0,371,39,4017.9,1,1,4017.8,37,2,4017.7,12,2,4018.8,21,1,4019.0,29,3,4019.1,32,3,4019.2,25,2,4019.3,14,1
11483,2026-07-02 13:57:18+05:30,4018.1,6,4035.99,1565815,151935.0,178362.0,4100.0,4110.0,4012.0,4092.6,25410525,4501.8,3683.4,4440.0,3288.1,4018.1,136,4,4018.0,371,39,4017.9,1,1,4017.8,37,2,4017.7,12,2,4018.8,21,1,4019.0,29,3,4019.1,32,3,4019.2,25,2,4019.3,14,1
11483,2026-07-02 13:57:19+05:30,4018.6,2,4035.99,1565824,151538.0,178676.0,4100.0,4110.0,4012.0,4092.6,25410525,4501.8,3683.4,4440.0,3288.1,4018.4,1,1,4018.1,130,4,4018.0,371,39,4017.9,1,1,4017.8,37,2,4018.5,56,5,4018.6,10,2,4018.7,23,4,4018.8,19,4,4018.9,10,1
11483,2026-07-02 13:57:19+05:30,4018.4,1,4035.99,1565824,151538.0,178676.0,4100.0,4110.0,4012.0,4092.6,25410525,4501.8,3683.4,4440.0,3288.1,4018.4,1,1,4018.1,130,4,4018.0,371,39,4017.9,1,1,4017.8,37,2,4018.5,56,5,4018.6,10,2,4018.7,23,4,4018.8,19,4,4018.9,10,1
11483,2026-07-02 13:57:20+05:30,4018.4,1,4035.99,1565824,151538.0,178676.0,4100.0,4110.0,4012.0,4092.6,25410525,4501.8,3683.4,4440.0,3288.1,4018.4,1,1,4018.1,130,4,4018.0,371,39,4017.9,1,1,4017.8,37,2,4018.5,56,5,4018.6,10,2,4018.7,23,4,4018.8,19,4,4018.9,10,1
11483,2026-07-02 13:57:20+05:30,4018.4,1,4035.99,1565825,151539.0,178738.0,4100.0,4110.0,4012.0,4092.6,25410525,4501.8,3683.4,4440.0,3288.1,4018.1,130,4,4018.0,371,39,4017.9,1,1,4017.8,37,2,4017.7,12,2,4018.5,56,5,4018.6,22,3,4018.7,23,4,4018.8,19,4,4018.9,20,2
11483,2026-07-02 13:57:20+05:30,4018.4,1,4035.99,1565825,151539.0,178738.0,4100.0,4110.0,4012.0,4092.6,25410525,4501.8,3683.4,4440.0,3288.1,4018.1,130,4,4018.0,371,39,4017.9,1,1,4017.8,37,2,4017.7,12,2,4018.5,56,5,4018.6,22,3,4018.7,23,4,4018.8,19,4,4018.9,20,2
11483,2026-07-02 13:57:21+05:30,4018.4,1,4035.99,1565825,151539.0,178738.0,4100.0,4110.0,4012.0,4092.6,25410525,4501.8,3683.4,4440.0,3288.1,4018.1,130,4,4018.0,371,39,4017.9,1,1,4017.8,37,2,4017.7,12,2,4018.5,56,5,4018.6,22,3,4018.7,23,4,4018.8,19,4,4018.9,20,2
11483,2026-07-02 13:57:21+05:30,4018.1,1,4035.99,1565831,151975.0,178613.0,4100.0,4110.0,4012.0,4092.6,25410525,4501.8,3683.4,4440.0,3288.1,4018.1,130,5,4018.0,671,40,4017.9,1,1,4017.8,37,2,4017.7,12,2,4018.5,48,5,4018.6,22,3,4018.7,20,3,4018.8,18,3,4018.9,10,1
11483,2026-07-02 13:57:21+05:30,4018.1,1,4035.99,1565831,151975.0,178613.0,4100.0,4110.0,4012.0,4092.6,25410525,4501.8,3683.4,4440.0,3288.1,4018.1,130,5,4018.0,671,40,4017.9,1,1,4017.8,37,2,4017.7,12,2,4018.5,48,5,4018.6,22,3,4018.7,20,3,4018.8,18,3,4018.9,10,1
11483,2026-07-02 13:57:21+05:30,4018.1,1,4035.99,1565831,151975.0,178613.0,4100.0,4110.0,4012.0,4092.6,25410525,4501.8,3683.4,4440.0,3288.1,4018.1,130,5,4018.0,671,40,4017.9,1,1,4017.8,37,2,4017.7,12,2,4018.5,48,5,4018.6,22,3,4018.7,20,3,4018.8,18,3,4018.9,10,1
11483,2026-07-02 13:57:22+05:30,4018.1,1,4035.99,1565831,151975.0,178613.0,4100.0,4110.0,4012.0,4092.6,25410525,4501.8,3683.4,4440.0,3288.1,4018.1,130,5,4018.0,671,40,4017.9,1,1,4017.8,37,2,4017.7,12,2,4018.5,48,5,4018.6,22,3,4018.7,20,3,4018.8,18,3,4018.9,10,1
11483,2026-07-02 13:57:22+05:30,4018.1,6,4035.99,1565838,151852.0,178616.0,4100.0,4110.0,4012.0,4092.6,25410525,4501.8,3683.4,4440.0,3288.1,4018.1,125,7,4018.0,676,41,4017.9,1,1,4017.8,37,2,4017.7,12,2,4018.5,50,6,4018.6,22,3,4018.7,20,3,4018.8,18,3,4018.9,10,1
11483,2026-07-02 13:57:22+05:30,4018.5,2,4035.99,1565838,151852.0,178616.0,4100.0,4110.0,4012.0,4092.6,25410525,4501.8,3683.4,4440.0,3288.1,4018.1,125,7,4018.0,676,41,4017.9,1,1,4017.8,37,2,4017.7,12,2,4018.5,50,6,4018.6,22,3,4018.7,20,3,4018.8,18,3,4018.9,10,1
11483,2026-07-02 13:57:22+05:30,4018.5,2,4035.99,1565838,151852.0,178616.0,4100.0,4110.0,4012.0,4092.6,25410525,4501.8,3683.4,4440.0,3288.1,4018.1,125,7,4018.0,676,41,4017.9,1,1,4017.8,37,2,4017.7,12,2,4018.5,50,6,4018.6,22,3,4018.7,20,3,4018.8,18,3,4018.9,10,1
11483,2026-07-02 13:57:23+05:30,4018.5,2,4035.99,1565838,151852.0,178616.0,4100.0,4110.0,4012.0,4092.6,25410525,4501.8,3683.4,4440.0,3288.1,4018.1,125,7,4018.0,676,41,4017.9,1,1,4017.8,37,2,4017.7,12,2,4018.5,50,6,4018.6,22,3,4018.7,20,3,4018.8,18,3,4018.9,10,1
11483,2026-07-02 13:57:23+05:30,4018.5,2,4035.99,1565841,151982.0,178769.0,4100.0,4110.0,4012.0,4092.6,25410525,4501.8,3683.4,4440.0,3288.1,4018.1,125,8,4018.0,676,41,4017.9,1,1,4017.8,37,2,4017.7,12,2,4018.5,22,4,4018.6,12,1,4018.8,18,3,4018.9,10,1,4019.0,18,2
11483,2026-07-02 13:57:23+05:30,4018.5,2,4035.99,1565841,151982.0,178769.0,4100.0,4110.0,4012.0,4092.6,25410525,4501.8,3683.4,4440.0,3288.1,4018.1,125,8,4018.0,676,41,4017.9,1,1,4017.8,37,2,4017.7,12,2,4018.5,22,4,4018.6,12,1,4018.8,18,3,4018.9,10,1,4019.0,18,2
11483,2026-07-02 13:57:24+05:30,4018.5,2,4035.99,1565841,151982.0,178769.0,4100.0,4110.0,4012.0,4092.6,25410525,4501.8,3683.4,4440.0,3288.1,4018.1,125,8,4018.0,676,41,4017.9,1,1,4017.8,37,2,4017.7,12,2,4018.5,22,4,4018.6,12,1,4018.8,18,3,4018.9,10,1,4019.0,18,2
11483,2026-07-02 13:57:24+05:30,4018.5,2,4035.99,1565841,151982.0,178769.0,4100.0,4110.0,4012.0,4092.6,25419625,4501.8,3683.4,4440.0,3288.1,4018.1,125,8,4018.0,676,41,4017.9,1,1,4017.8,37,2,4017.7,12,2,4018.5,22,4,4018.6,12,1,4018.8,18,3,4018.9,10,1,4019.0,18,2
11483,2026-07-02 13:57:24+05:30,4018.3,1,4035.99,1565848,151978.0,178822.0,4100.0,4110.0,4012.0,4092.6,25419625,4501.8,3683.4,4440.0,3288.1,4018.1,125,8,4018.0,676,41,4017.9,1,1,4017.8,37,2,4017.7,12,2,4018.3,11,1,4018.5,9,3,4018.6,12,1,4018.8,18,3,4018.9,10,1
11483,2026-07-02 13:57:24+05:30,4018.1,1,4035.99,1565848,151978.0,178822.0,4100.0,4110.0,4012.0,4092.6,25419625,4501.8,3683.4,4440.0,3288.1,4018.1,125,8,4018.0,676,41,4017.9,1,1,4017.8,37,2,4017.7,12,2,4018.3,11,1,4018.5,9,3,4018.6,12,1,4018.8,18,3,4018.9,10,1
11483,2026-07-02 13:57:24+05:30,4018.1,1,4035.99,1565848,151978.0,178822.0,4100.0,4110.0,4012.0,4092.6,25419625,4501.8,3683.4,4440.0,3288.1,4018.1,125,8,4018.0,676,41,4017.9,1,1,4017.8,37,2,4017.7,12,2,4018.3,11,1,4018.5,9,3,4018.6,12,1,4018.8,18,3,4018.9,10,1
11483,2026-07-02 13:57:25+05:30,4018.1,1,4035.99,1565848,151978.0,178822.0,4100.0,4110.0,4012.0,4092.6,25419625,4501.8,3683.4,4440.0,3288.1,4018.1,125,8,4018.0,676,41,4017.9,1,1,4017.8,37,2,4017.7,12,2,4018.3,11,1,4018.5,9,3,4018.6,12,1,4018.8,18,3,4018.9,10,1
11483,2026-07-02 13:57:25+05:30,4018.1,1,4035.99,1565848,151978.0,178822.0,4100.0,4110.0,4012.0,4092.6,25419625,4501.8,3683.4,4440.0,3288.1,4018.1,125,8,4018.0,676,41,4017.9,1,1,4017.8,37,2,4017.7,12,2,4018.3,11,1,4018.5,9,3,4018.6,12,1,4018.8,18,3,4018.9,10,1
11483,2026-07-02 13:57:25+05:30,4018.1,1,4035.99,1565852,156734.0,178520.0,4100.0,4110.0,4012.0,4092.6,25419625,4501.8,3683.4,4440.0,3288.1,4018.2,8,1,4018.1,121,8,4018.0,726,42,4017.9,1,1,4017.8,37,2,4018.3,3,1,4018.6,24,2,4018.8,1,1,4018.9,10,1,4019.0,11,1
11483,2026-07-02 13:57:25+05:30,4018.1,1,4035.99,1565852,156734.0,178520.0,4100.0,4110.0,4012.0,4092.6,25419625,4501.8,3683.4,4440.0,3288.1,4018.2,8,1,4018.1,121,8,4018.0,726,42,4017.9,1,1,4017.8,37,2,4018.3,3,1,4018.6,24,2,4018.8,1,1,4018.9,10,1,4019.0,11,1
11483,2026-07-02 13:57:26+05:30,4018.1,1,4035.99,1565852,156734.0,178520.0,4100.0,4110.0,4012.0,4092.6,25419625,4501.8,3683.4,4440.0,3288.1,4018.2,8,1,4018.1,121,8,4018.0,726,42,4017.9,1,1,4017.8,37,2,4018.3,3,1,4018.6,24,2,4018.8,1,1,4018.9,10,1,4019.0,11,1
11483,2026-07-02 13:57:26+05:30,4018.6,9,4035.99,1565852,156734.0,178520.0,4100.0,4110.0,4012.0,4092.6,25419625,4501.8,3683.4,4440.0,3288.1,4018.2,8,1,4018.1,121,8,4018.0,726,42,4017.9,1,1,4017.8,37,2,4018.3,3,1,4018.6,24,2,4018.8,1,1,4018.9,10,1,4019.0,11,1
11483,2026-07-02 13:57:26+05:30,4018.6,9,4035.99,1565912,156725.0,178657.0,4100.0,4110.0,4012.0,4092.6,25419625,4501.8,3683.4,4440.0,3288.1,4018.3,1,1,4018.2,10,3,4018.1,119,6,4018.0,726,42,4017.9,1,1,4018.6,15,1,4018.8,1,1,4019.1,5,1,4019.3,2,1,4019.4,28,2
11483,2026-07-02 13:57:27+05:30,4018.2,1,4035.99,1565912,156725.0,178657.0,4100.0,4110.0,4012.0,4092.6,25419625,4501.8,3683.4,4440.0,3288.1,4018.3,1,1,4018.2,10,3,4018.1,119,6,4018.0,726,42,4017.9,1,1,4018.6,15,1,4018.8,1,1,4019.1,5,1,4019.3,2,1,4019.4,28,2
11483,2026-07-02 13:57:27+05:30,4018.2,1,4035.99,1565921,156772.0,178667.0,4100.0,4110.0,4012.0,4092.6,25419625,4501.8,3683.4,4440.0,3288.1,4018.3,6,2,4018.2,8,3,4018.1,121,7,4018.0,726,42,4017.9,1,1,4018.8,17,2,4019.1,5,1,4019.3,2,1,4019.4,28,2,4019.5,25,2
11483,2026-07-02 13:57:28+05:30,4018.8,78,4035.99,1565921,156772.0,178667.0,4100.0,4110.0,4012.0,4092.6,25419625,4501.8,3683.4,4440.0,3288.1,4018.3,6,2,4018.2,8,3,4018.1,121,7,4018.0,726,42,4017.9,1,1,4018.8,17,2,4019.1,5,1,4019.3,2,1,4019.4,28,2,4019.5,25,2
11483,2026-07-02 13:57:28+05:30,4018.8,78,4035.99,1566003,152070.0,178312.0,4100.0,4110.0,4012.0,4092.6,25419625,4501.8,3683.4,4440.0,3288.1,4018.3,4,1,4018.2,2,2,4018.1,121,7,4018.0,726,42,4017.9,1,1,4019.1,27,4,4019.2,12,1,4019.3,46,2,4019.4,39,3,4019.5,17,2
11483,2026-07-02 13:57:29+05:30,4019.1,2,4035.99,1566003,152070.0,178312.0,4100.0,4110.0,4012.0,4092.6,25419625,4501.8,3683.4,4440.0,3288.1,4018.3,4,1,4018.2,2,2,4018.1,121,7,4018.0,726,42,4017.9,1,1,4019.1,27,4,4019.2,12,1,4019.3,46,2,4019.4,39,3,4019.5,17,2
11483,2026-07-02 13:57:29+05:30,4019.1,2,4035.99,1566023,152198.0,178377.0,4100.0,4110.0,4012.0,4092.6,25419625,4501.8,3683.4,4440.0,3288.1,4018.5,1,1,4018.2,24,4,4018.1,136,8,4018.0,728,44,4017.9,1,1,4019.1,12,2,4019.2,22,2,4019.3,17,1,4019.4,11,1,4019.5,1,1
11483,2026-07-02 13:57:30+05:30,4018.5,1,4035.99,1566023,152198.0,178377.0,4100.0,4110.0,4012.0,4092.6,25419625,4501.8,3683.4,4440.0,3288.1,4018.5,1,1,4018.2,24,4,4018.1,136,8,4018.0,728,44,4017.9,1,1,4019.1,12,2,4019.2,22,2,4019.3,17,1,4019.4,11,1,4019.5,1,1
11483,2026-07-02 13:57:30+05:30,4018.6,3,4035.99,1566087,152183.0,178643.0,4100.0,4110.0,4012.0,4092.6,25419625,4501.8,3683.4,4440.0,3288.1,4018.2,15,3,4018.1,136,8,4018.0,728,44,4017.9,1,1,4017.8,46,3,4018.6,37,3,4018.7,43,2,4018.8,42,1,4019.0,53,2,4019.1,25,3
11483,2026-07-02 13:57:31+05:30,4018.2,1,4035.99,1566087,152183.0,178643.0,4100.0,4110.0,4012.0,4092.6,25419625,4501.8,3683.4,4440.0,3288.1,4018.2,15,3,4018.1,136,8,4018.0,728,44,4017.9,1,1,4017.8,46,3,4018.6,37,3,4018.7,43,2,4018.8,42,1,4019.0,53,2,4019.1,25,3
11483,2026-07-02 13:57:31+05:30,4018.4,2,4035.99,1566119,152114.0,178693.0,4100.0,4110.0,4012.0,4092.6,25419625,4501.8,3683.4,4440.0,3288.1,4018.1,136,8,4018.0,728,44,4017.9,1,1,4017.8,37,2,4017.7,12,2,4018.2,79,1,4018.4,80,2,4018.6,54,3,4018.8,42,1,4019.1,26,4
11483,2026-07-02 13:57:32+05:30,4018.2,2,4035.99,1566119,152114.0,178693.0,4100.0,4110.0,4012.0,4092.6,25419625,4501.8,3683.4,4440.0,3288.1,4018.1,136,8,4018.0,728,44,4017.9,1,1,4017.8,37,2,4017.7,12,2,4018.2,79,1,4018.4,80,2,4018.6,54,3,4018.8,42,1,4019.1,26,4
11483,2026-07-02 13:57:32+05:30,4018.2,2,4035.99,1566127,152145.0,178699.0,4100.0,4110.0,4012.0,4092.6,25419625,4501.8,3683.4,4440.0,3288.1,4018.1,133,9,4018.0,728,44,4017.9,1,1,4017.8,37,2,4017.7,12,2,4018.2,75,1,4018.3,42,1,4018.4,38,1,4018.5,42,1,4018.6,12,2
11483,2026-07-02 13:57:33+05:30,4018.1,94,4035.99,1566127,152145.0,178699.0,4100.0,4110.0,4012.0,4092.6,25419625,4501.8,3683.4,4440.0,3288.1,4018.1,133,9,4018.0,728,44,4017.9,1,1,4017.8,37,2,4017.7,12,2,4018.2,75,1,4018.3,42,1,4018.4,38,1,4018.5,42,1,4018.6,12,2
11483,2026-07-02 13:57:33+05:30,4018.2,2,4035.99,1566236,152082.0,178694.0,4100.0,4110.0,4012.0,4092.6,25419625,4501.8,3683.4,4440.0,3288.1,4018.1,70,9,4018.0,729,45,4017.9,1,1,4017.8,37,2,4017.7,12,2,4018.2,72,2,4018.3,42,1,4018.4,38,1,4018.5,42,1,4018.6,12,1
11483,2026-07-02 13:57:34+05:30,4018.2,2,4035.99,1566236,152082.0,178694.0,4100.0,4110.0,4012.0,4092.6,25419625,4501.8,3683.4,4440.0,3288.1,4018.1,70,9,4018.0,729,45,4017.9,1,1,4017.8,37,2,4017.7,12,2,4018.2,72,2,4018.3,42,1,4018.4,38,1,4018.5,42,1,4018.6,12,1
11483,2026-07-02 13:57:34+05:30,4018.2,2,4035.99,1566258,152201.0,178695.0,4100.0,4110.0,4012.0,4092.6,25419625,4501.8,3683.4,4440.0,3288.1,4018.1,177,5,4018.0,724,44,4017.9,1,1,4017.8,37,2,4017.7,12,2,4018.2,63,2,4018.3,42,1,4018.4,38,1,4018.5,42,1,4018.6,12,1
11483,2026-07-02 13:57:35+05:30,4018.2,14,4035.99,1566258,152201.0,178695.0,4100.0,4110.0,4012.0,4092.6,25419625,4501.8,3683.4,4440.0,3288.1,4018.1,177,5,4018.0,724,44,4017.9,1,1,4017.8,37,2,4017.7,12,2,4018.2,63,2,4018.3,42,1,4018.4,38,1,4018.5,42,1,4018.6,12,1
11483,2026-07-02 13:57:35+05:30,4018.2,2,4035.99,1566279,152203.0,178653.0,4100.0,4110.0,4012.0,4092.6,25419625,4501.8,3683.4,4440.0,3288.1,4018.1,174,5,4018.0,724,44,4017.9,1,1,4017.8,37,2,4017.7,12,2,4018.2,45,2,4018.3,42,1,4018.4,38,1,4018.5,42,1,4018.6,12,1
11483,2026-07-02 13:57:36+05:30,4018.2,10,4035.99,1566279,152203.0,178653.0,4100.0,4110.0,4012.0,4092.6,25419625,4501.8,3683.4,4440.0,3288.1,4018.1,174,5,4018.0,724,44,4017.9,1,1,4017.8,37,2,4017.7,12,2,4018.2,45,2,4018.3,42,1,4018.4,38,1,4018.5,42,1,4018.6,12,1
11483,2026-07-02 13:57:37+05:30,4018.2,2,4035.99,1566296,152308.0,178483.0,4100.0,4110.0,4012.0,4092.6,25419625,4501.8,3683.4,4440.0,3288.1,4018.1,171,5,4018.0,724,44,4017.9,1,1,4017.8,37,2,4017.7,12,2,4018.2,31,2,4018.3,53,2,4018.4,38,1,4018.5,42,1,4018.7,42,1
11483,2026-07-02 13:57:37+05:30,4018.1,79,4035.99,1566296,152308.0,178483.0,4100.0,4110.0,4012.0,4092.6,25419625,4501.8,3683.4,4440.0,3288.1,4018.1,171,5,4018.0,724,44,4017.9,1,1,4017.8,37,2,4017.7,12,2,4018.2,31,2,4018.3,53,2,4018.4,38,1,4018.5,42,1,4018.7,42,1
11483,2026-07-02 13:57:38+05:30,4018.2,2,4035.99,1566430,152204.0,178461.0,4100.0,4110.0,4012.0,4092.6,25419625,4501.8,3683.4,4440.0,3288.1,4018.1,84,4,4018.0,724,44,4017.9,1,1,4017.8,37,2,4017.7,12,2,4018.2,27,2,4018.3,42,1,4018.4,38,1,4018.5,42,1,4018.7,42,1
11483,2026-07-02 13:57:38+05:30,4018.2,1,4035.99,1566430,152204.0,178461.0,4100.0,4110.0,4012.0,4092.6,25419625,4501.8,3683.4,4440.0,3288.1,4018.1,84,4,4018.0,724,44,4017.9,1,1,4017.8,37,2,4017.7,12,2,4018.2,27,2,4018.3,42,1,4018.4,38,1,4018.5,42,1,4018.7,42,1
11483,2026-07-02 13:57:39+05:30,4018.2,1,4035.98,1566506,156932.0,178432.0,4100.0,4110.0,4012.0,4092.6,25419625,4501.8,3683.4,4440.0,3288.1,4018.2,1,1,4018.1,68,4,4018.0,724,44,4017.9,1,1,4017.8,37,2,4018.3,10,1,4018.4,38,1,4018.5,42,1,4018.7,42,1,4019.1,1,1
11483,2026-07-02 13:57:39+05:30,4018.2,1,4035.98,1566506,156932.0,178432.0,4100.0,4110.0,4012.0,4092.6,25419625,4501.8,3683.4,4440.0,3288.1,4018.2,1,1,4018.1,68,4,4018.0,724,44,4017.9,1,1,4017.8,37,2,4018.3,10,1,4018.4,38,1,4018.5,42,1,4018.7,42,1,4019.1,1,1
11483,2026-07-02 13:57:40+05:30,4018.1,1,4035.98,1566510,156997.0,178116.0,4100.0,4110.0,4012.0,4092.6,25419625,4501.8,3683.4,4440.0,3288.1,4018.1,67,4,4018.0,726,45,4017.9,8,2,4017.8,37,2,4017.7,23,4,4018.2,1,1,4019.3,17,1,4019.6,25,2,4019.7,75,5,4019.8,70,2
11483,2026-07-02 13:57:40+05:30,4018.1,1,4035.98,1566510,156997.0,178116.0,4100.0,4110.0,4012.0,4092.6,25419625,4501.8,3683.4,4440.0,3288.1,4018.1,67,4,4018.0,726,45,4017.9,8,2,4017.8,37,2,4017.7,23,4,4018.2,1,1,4019.3,17,1,4019.6,25,2,4019.7,75,5,4019.8,70,2
11483,2026-07-02 13:57:41+05:30,4018.2,1,4035.98,1566515,156928.0,178095.0,4100.0,4110.0,4012.0,4092.6,25419625,4501.8,3683.4,4440.0,3288.1,4018.1,66,4,4018.0,724,44,4017.9,26,3,4017.8,37,2,4017.7,17,3,4018.2,1,1,4019.3,40,2,4019.5,51,3,4019.6,1,1,4019.7,42,4
11483,2026-07-02 13:57:41+05:30,4018.1,2,4035.98,1566515,156928.0,178095.0,4100.0,4110.0,4012.0,4092.6,25419625,4501.8,3683.4,4440.0,3288.1,4018.1,66,4,4018.0,724,44,4017.9,26,3,4017.8,37,2,4017.7,17,3,4018.2,1,1,4019.3,40,2,4019.5,51,3,4019.6,1,1,4019.7,42,4
11483,2026-07-02 13:57:42+05:30,4018.2,1,4035.98,1566528,151816.0,178020.0,4100.0,4110.0,4012.0,4092.6,25419625,4501.8,3683.4,4440.0,3288.1,4018.2,73,1,4018.1,106,5,4018.0,766,45,4017.9,1,1,4017.8,79,3,4018.9,5,1,4019.1,48,4,4019.2,78,5,4019.3,228,4,4019.4,35,2
11483,2026-07-02 13:57:42+05:30,4018.2,1,4035.98,1566528,151816.0,178020.0,4100.0,4110.0,4012.0,4092.6,25419625,4501.8,3683.4,4440.0,3288.1,4018.2,73,1,4018.1,106,5,4018.0,766,45,4017.9,1,1,4017.8,79,3,4018.9,5,1,4019.1,48,4,4019.2,78,5,4019.3,228,4,4019.4,35,2
11483,2026-07-02 13:57:43+05:30,4018.6,16,4035.98,1566553,152016.0,178253.0,4100.0,4110.0,4012.0,4092.6,25419625,4501.8,3683.4,4440.0,3288.1,4018.6,55,1,4018.5,42,1,4018.4,42,1,4018.2,66,4,4018.1,62,3,4018.8,168,1,4018.9,15,3,4019.0,5,1,4019.2,7,1,4019.3,62,5
11483,2026-07-02 13:57:43+05:30,4018.4,9,4035.98,1566553,152016.0,178253.0,4100.0,4110.0,4012.0,4092.6,25419625,4501.8,3683.4,4440.0,3288.1,4018.6,55,1,4018.5,42,1,4018.4,42,1,4018.2,66,4,4018.1,62,3,4018.8,168,1,4018.9,15,3,4019.0,5,1,4019.2,7,1,4019.3,62,5
11483,2026-07-02 13:57:44+05:30,4018.6,1,4035.98,1566725,152495.0,178322.0,4100.0,4110.0,4012.0,4092.6,25419625,4501.8,3683.4,4440.0,3288.1,4018.5,59,1,4018.2,24,3,4018.1,104,4,4018.0,724,44,4017.9,43,2,4018.6,2,2,4018.8,1,1,4018.9,5,1,4019.3,53,4,4019.4,9,1
11483,2026-07-02 13:57:44+05:30,4018.6,1,4035.98,1566725,152495.0,178322.0,4100.0,4110.0,4012.0,4092.6,25419625,4501.8,3683.4,4440.0,3288.1,4018.5,59,1,4018.2,24,3,4018.1,104,4,4018.0,724,44,4017.9,43,2,4018.6,2,2,4018.8,1,1,4018.9,5,1,4019.3,53,4,4019.4,9,1
11483,2026-07-02 13:57:45+05:30,4018.9,4,4035.98,1566755,152759.0,178157.0,4100.0,4110.0,4012.0,4092.6,25419625,4501.8,3683.4,4440.0,3288.1,4018.6,41,1,4018.5,42,1,4018.3,51,2,4018.2,24,3,4018.1,104,4,4019.3,45,3,4019.5,4,2,4019.6,13,1,4019.7,60,4,4019.8,19,1
11483,2026-07-02 13:57:45+05:30,4019.0,1,4035.98,1566755,152759.0,178157.0,4100.0,4110.0,4012.0,4092.6,25419625,4501.8,3683.4,4440.0,3288.1,4018.6,41,1,4018.5,42,1,4018.3,51,2,4018.2,24,3,4018.1,104,4,4019.3,45,3,4019.5,4,2,4019.6,13,1,4019.7,60,4,4019.8,19,1
11483,2026-07-02 13:57:46+05:30,4019.2,3,4035.98,1566777,152888.0,178006.0,4100.0,4110.0,4012.0,4092.6,25419625,4501.8,3683.4,4440.0,3288.1,4019.0,31,1,4018.8,42,1,4018.6,79,2,4018.4,42,1,4018.3,9,1,4019.2,10,1,4019.3,40,2,4019.7,55,3,4019.8,9,1,4019.9,16,3
11483,2026-07-02 13:57:46+05:30,4019.2,2,4035.98,1566777,152888.0,178006.0,4100.0,4110.0,4012.0,4092.6,25419625,4501.8,3683.4,4440.0,3288.1,4019.0,31,1,4018.8,42,1,4018.6,79,2,4018.4,42,1,4018.3,9,1,4019.2,10,1,4019.3,40,2,4019.7,55,3,4019.8,9,1,4019.9,16,3
11483,2026-07-02 13:57:47+05:30,4019.2,13,4035.98,1566817,152944.0,177976.0,4100.0,4110.0,4012.0,4092.6,25419625,4501.8,3683.4,4440.0,3288.1,4019.2,13,1,4019.0,40,1,4018.8,42,1,4018.6,79,2,4018.3,9,1,4019.3,40,2,4019.6,6,1,4019.7,15,1,4019.9,7,3,4020.0,755,4
11483,2026-07-02 13:57:47+05:30,4019.2,5,4035.98,1566817,152944.0,177976.0,4100.0,4110.0,4012.0,4092.6,25419625,4501.8,3683.4,4440.0,3288.1,4019.2,13,1,4019.0,40,1,4018.8,42,1,4018.6,79,2,4018.3,9,1,4019.3,40,2,4019.6,6,1,4019.7,15,1,4019.9,7,3,4020.0,755,4
11483,2026-07-02 13:57:48+05:30,4019.2,2,4035.98,1566833,157615.0,177988.0,4100.0,4110.0,4012.0,4092.6,25419625,4501.8,3683.4,4440.0,3288.1,4019.0,40,1,4018.9,42,1,4018.7,44,2,4018.6,37,1,4018.3,9,1,4019.3,31,2,4019.6,17,2,4019.7,15,1,4019.9,16,4,4020.0,755,4
11483,2026-07-02 13:57:48+05:30,4018.2,2,4035.98,1566833,157615.0,177988.0,4100.0,4110.0,4012.0,4092.6,25419625,4501.8,3683.4,4440.0,3288.1,4019.0,40,1,4018.9,42,1,4018.7,44,2,4018.6,37,1,4018.3,9,1,4019.3,31,2,4019.6,17,2,4019.7,15,1,4019.9,16,4,4020.0,755,4
11483,2026-07-02 13:57:49+05:30,4019.3,2,4035.98,1567025,152437.0,178287.0,4100.0,4110.0,4012.0,4092.6,25419625,4501.8,3683.4,4440.0,3288.1,4018.8,7,1,4018.7,1,1,4018.2,35,5,4018.1,112,4,4018.0,683,44,4019.3,41,3,4019.5,9,1,4019.6,17,2,4019.7,15,1,4019.9,6,2
11483,2026-07-02 13:57:49+05:30,4018.8,2,4035.98,1567025,152437.0,178287.0,4100.0,4110.0,4012.0,4092.6,25419625,4501.8,3683.4,4440.0,3288.1,4018.8,7,1,4018.7,1,1,4018.2,35,5,4018.1,112,4,4018.0,683,44,4019.3,41,3,4019.5,9,1,4019.6,17,2,4019.7,15,1,4019.9,6,2
11483,2026-07-02 13:57:50+05:30,4018.8,5,4035.98,1567048,152940.0,177985.0,4100.0,4110.0,4012.0,4092.6,25419625,4501.8,3683.4,4440.0,3288.1,4018.8,76,1,4018.7,43,2,4018.6,42,1,4018.4,42,1,4018.2,77,6,4019.0,1,1,4019.3,34,2,4019.6,17,2,4019.7,15,1,4019.9,22,3
11483,2026-07-02 13:57:50+05:30,4018.8,1,4035.98,1567048,152940.0,177985.0,4100.0,4110.0,4012.0,4092.6,25419625,4501.8,3683.4,4440.0,3288.1,4018.8,76,1,4018.7,43,2,4018.6,42,1,4018.4,42,1,4018.2,77,6,4019.0,1,1,4019.3,34,2,4019.6,17,2,4019.7,15,1,4019.9,22,3
11483,2026-07-02 13:57:51+05:30,4019.3,2,4035.98,1567081,158876.0,177932.0,4100.0,4110.0,4012.0,4092.6,25419625,4501.8,3683.4,4440.0,3288.1,4018.9,27,1,4018.8,42,1,4018.7,1,1,4018.6,42,1,4018.4,51,2,4019.3,23,2,4019.6,17,2,4019.7,15,1,4019.9,6,2,4020.0,739,2
11483,2026-07-02 13:57:51+05:30,4019.3,1,4035.98,1567081,158876.0,177932.0,4100.0,4110.0,4012.0,4092.6,25419625,4501.8,3683.4,4440.0,3288.1,4018.9,27,1,4018.8,42,1,4018.7,1,1,4018.6,42,1,4018.4,51,2,4019.3,23,2,4019.6,17,2,4019.7,15,1,4019.9,6,2,4020.0,739,2
11483,2026-07-02 13:57:52+05:30,4019.2,1,4035.98,1567108,158988.0,177665.0,4100.0,4110.0,4012.0,4092.6,25419625,4501.8,3683.4,4440.0,3288.1,4019.2,51,1,4019.0,42,1,4018.9,23,1,4018.8,42,1,4018.7,1,1,4019.3,27,4,4019.6,17,2,4019.7,15,1,4019.9,6,2,4020.0,709,1
11483,2026-07-02 13:57:52+05:30,4018.3,14,4035.98,1567108,158988.0,177665.0,4100.0,4110.0,4012.0,4092.6,25419625,4501.8,3683.4,4440.0,3288.1,4019.2,51,1,4019.0,42,1,4018.9,23,1,4018.8,42,1,4018.7,1,1,4019.3,27,4,4019.6,17,2,4019.7,15,1,4019.9,6,2,4020.0,709,1
11483,2026-07-02 13:57:53+05:30,4019.3,1,4035.98,1567135,158743.0,177750.0,4100.0,4110.0,4012.0,4092.6,25419625,4501.8,3683.4,4440.0,3288.1,4018.3,22,3,4018.2,50,6,4018.1,140,5,4018.0,743,48,4017.9,18,2,4019.2,1,1,4019.3,35,2,4019.6,17,2,4019.7,15,1,4019.9,6,2
11483,2026-07-02 13:57:53+05:30,4018.4,3,4035.98,1567135,158743.0,177750.0,4100.0,4110.0,4012.0,4092.6,25419625,4501.8,3683.4,4440.0,3288.1,4018.3,22,3,4018.2,50,6,4018.1,140,5,4018.0,743,48,4017.9,18,2,4019.2,1,1,4019.3,35,2,4019.6,17,2,4019.7,15,1,4019.9,6,2
11483,2026-07-02 13:57:54+05:30,4018.4,2,4035.98,1567148,157856.0,178707.0,4100.0,4110.0,4012.0,4092.6,25419625,4501.8,3683.4,4440.0,3288.1,4018.2,34,5,4018.1,112,4,4018.0,674,43,4017.9,1,1,4017.8,37,2,4018.4,183,3,4018.6,5,1,4018.7,6,1,4018.8,16,2,4019.1,91,7
11483,2026-07-02 13:57:54+05:30,4018.4,9,4035.98,1567148,157856.0,178707.0,4100.0,4110.0,4012.0,4092.6,25419625,4501.8,3683.4,4440.0,3288.1,4018.2,34,5,4018.1,112,4,4018.0,674,43,4017.9,1,1,4017.8,37,2,4018.4,183,3,4018.6,5,1,4018.7,6,1,4018.8,16,2,4019.1,91,7
11483,2026-07-02 13:57:55+05:30,4018.4,1,4035.98,1567175,157883.0,178566.0,4100.0,4110.0,4012.0,4092.6,25419625,4501.8,3683.4,4440.0,3288.1,4018.3,28,1,4018.2,31,5,4018.1,212,5,4018.0,669,42,4017.9,1,1,4018.5,14,2,4018.8,9,1,4019.0,9,1,4019.1,98,7,4019.2,50,4
11483,2026-07-02 13:57:55+05:30,4018.5,1,4035.98,1567175,157883.0,178566.0,4100.0,4110.0,4012.0,4092.6,25419625,4501.8,3683.4,4440.0,3288.1,4018.3,28,1,4018.2,31,5,4018.1,212,5,4018.0,669,42,4017.9,1,1,4018.5,14,2,4018.8,9,1,4019.0,9,1,4019.1,98,7,4019.2,50,4
11483,2026-07-02 13:57:56+05:30,4018.5,2,4035.98,1567193,157958.0,178033.0,4100.0,4110.0,4012.0,4092.6,25419625,4501.8,3683.4,4440.0,3288.1,4018.5,22,1,4018.4,8,1,4018.2,31,5,4018.1,212,5,4018.0,669,42,4019.2,66,5,4019.3,214,5,4019.5,207,3,4019.6,6,1,4019.7,69,4
11483,2026-07-02 13:57:56+05:30,4018.5,2,4035.98,1567193,157958.0,178033.0,4100.0,4110.0,4012.0,4092.6,25419625,4501.8,3683.4,4440.0,3288.1,4018.5,22,1,4018.4,8,1,4018.2,31,5,4018.1,212,5,4018.0,669,42,4019.2,66,5,4019.3,214,5,4019.5,207,3,4019.6,6,1,4019.7,69,4
11483,2026-07-02 13:57:57+05:30,4019.2,5,4035.98,1567204,157957.0,178028.0,4100.0,4110.0,4012.0,4092.6,25419625,4501.8,3683.4,4440.0,3288.1,4018.5,19,1,4018.4,8,1,4018.2,31,5,4018.1,212,5,4018.0,679,43,4019.2,46,3,4019.3,212,4,4019.4,2,1,4019.5,207,3,4019.6,19,2
11483,2026-07-02 13:57:57+05:30,4018.5,1,4035.98,1567204,157957.0,178028.0,4100.0,4110.0,4012.0,4092.6,25419625,4501.8,3683.4,4440.0,3288.1,4018.5,19,1,4018.4,8,1,4018.2,31,5,4018.1,212,5,4018.0,679,43,4019.2,46,3,4019.3,212,4,4019.4,2,1,4019.5,207,3,4019.6,19,2
11483,2026-07-02 13:57:58+05:30,4018.4,2,4035.98,1567366,158495.0,178036.0,4100.0,4110.0,4012.0,4092.6,25419625,4501.8,3683.4,4440.0,3288.1,4018.2,21,4,4018.1,212,5,4018.0,697,45,4017.9,1,1,4017.8,37,2,4018.5,1,1,4019.3,37,3,4019.6,19,2,4019.7,27,2,4019.8,8,1
11483,2026-07-02 13:57:58+05:30,4018.2,2,4035.98,1567366,158495.0,178036.0,4100.0,4110.0,4012.0,4092.6,25419625,4501.8,3683.4,4440.0,3288.1,4018.2,21,4,4018.1,212,5,4018.0,697,45,4017.9,1,1,4017.8,37,2,4018.5,1,1,4019.3,37,3,4019.6,19,2,4019.7,27,2,4019.8,8,1
11483,2026-07-02 13:57:59+05:30,4019.3,2,4035.97,1567430,158681.0,177664.0,4100.0,4110.0,4012.0,4092.6,25419625,4501.8,3683.4,4440.0,3288.1,4018.7,1,1,4018.1,217,6,4018.0,712,47,4017.9,1,1,4017.8,65,3,4019.3,32,3,4019.4,8,1,4019.6,19,2,4019.7,43,3,4019.9,28,3
11483,2026-07-02 13:57:59+05:30,4018.7,1,4035.97,1567430,158681.0,177664.0,4100.0,4110.0,4012.0,4092.6,25419625,4501.8,3683.4,4440.0,3288.1,4018.7,1,1,4018.1,217,6,4018.0,712,47,4017.9,1,1,4017.8,65,3,4019.3,32,3,4019.4,8,1,4019.6,19,2,4019.7,43,3,4019.9,28,3
11483,2026-07-02 13:58:00+05:30,4018.7,2,4035.97,1567440,158869.0,177349.0,4100.0,4110.0,4012.0,4092.6,25419625,4501.8,3683.4,4440.0,3288.1,4018.6,3,1,4018.2,12,2,4018.1,227,7,4018.0,702,46,4017.9,3,2,4019.3,32,3,4019.6,19,2,4019.7,15,1,4019.9,6,2,4020.0,759,4
11483,2026-07-02 13:58:00+05:30,4018.6,1,4035.97,1567440,158869.0,177349.0,4100.0,4110.0,4012.0,4092.6,25419625,4501.8,3683.4,4440.0,3288.1,4018.6,3,1,4018.2,12,2,4018.1,227,7,4018.0,702,46,4017.9,3,2,4019.3,32,3,4019.6,19,2,4019.7,15,1,4019.9,6,2,4020.0,759,4
11483,2026-07-02 13:58:01+05:30,4019.1,1,4035.97,1567465,158109.0,178028.0,4100.0,4110.0,4012.0,4092.6,25419625,4501.8,3683.4,4440.0,3288.1,4019.1,2,2,4018.6,1,1,4018.1,227,7,4018.0,684,44,4017.9,1,1,4019.3,43,5,4019.4,176,2,4019.6,201,4,4019.7,61,5,4019.8,8,1
11483,2026-07-02 13:58:01+05:30,4019.3,2,4035.97,1567465,158109.0,178028.0,4100.0,4110.0,4012.0,4092.6,25419625,4501.8,3683.4,4440.0,3288.1,4019.1,2,2,4018.6,1,1,4018.1,227,7,4018.0,684,44,4017.9,1,1,4019.3,43,5,4019.4,176,2,4019.6,201,4,4019.7,61,5,4019.8,8,1
11483,2026-07-02 13:58:02+05:30,4019.1,2,4035.97,1567473,158201.0,178577.0,4100.0,4110.0,4012.0,4092.6,25419625,4501.8,3683.4,4440.0,3288.1,4018.6,1,1,4018.1,227,7,4018.0,779,45,4017.9,1,1,4017.8,37,2,4019.2,175,1,4019.3,41,5,4019.4,178,3,4019.6,201,4,4019.7,61,5
11483,2026-07-02 13:58:02+05:30,4018.6,1,4035.97,1567473,158201.0,178577.0,4100.0,4110.0,4012.0,4092.6,25419625,4501.8,3683.4,4440.0,3288.1,4018.6,1,1,4018.1,227,7,4018.0,779,45,4017.9,1,1,4017.8,37,2,4019.2,175,1,4019.3,41,5,4019.4,178,3,4019.6,201,4,4019.7,61,5
11483,2026-07-02 13:58:03+05:30,4019.1,1,4035.97,1567477,157956.0,178618.0,4100.0,4110.0,4012.0,4092.6,25419625,4501.8,3683.4,4440.0,3288.1,4018.1,217,6,4018.0,789,46,4017.9,1,1,4017.8,37,2,4017.7,19,4,4019.3,39,4,4019.4,175,1,4019.5,2,1,4019.6,201,4,4019.7,61,5
11483,2026-07-02 13:58:03+05:30,4019.1,1,4035.97,1567477,157956.0,178618.0,4100.0,4110.0,4012.0,4092.6,25419625,4501.8,3683.4,4440.0,3288.1,4018.1,217,6,4018.0,789,46,4017.9,1,1,4017.8,37,2,4017.7,19,4,4019.3,39,4,4019.4,175,1,4019.5,2,1,4019.6,201,4,4019.7,61,5
11483,2026-07-02 13:58:03+05:30,4019.3,2,4035.97,1567479,158002.0,178622.0,4100.0,4110.0,4012.0,4092.6,25419625,4501.8,3683.4,4440.0,3288.1,4018.8,4,1,4018.1,217,6,4018.0,779,45,4017.9,1,1,4017.8,47,3,4019.3,43,4,4019.4,175,1,4019.5,2,1,4019.6,201,4,4019.7,61,5
11483,2026-07-02 13:58:04+05:30,4018.8,1,4035.97,1567479,158002.0,178622.0,4100.0,4110.0,4012.0,4092.6,25419625,4501.8,3683.4,4440.0,3288.1,4018.8,4,1,4018.1,217,6,4018.0,779,45,4017.9,1,1,4017.8,47,3,4019.3,43,4,4019.4,175,1,4019.5,2,1,4019.6,201,4,4019.7,61,5
11483,2026-07-02 13:58:04+05:30,4019.2,2,4035.97,1567483,158001.0,178796.0,4100.0,4110.0,4012.0,4092.6,25419625,4501.8,3683.4,4440.0,3288.1,4018.8,2,1,4018.1,217,6,4018.0,780,46,4017.9,1,1,4017.8,47,3,4019.2,173,1,4019.3,43,4,4019.4,175,1,4019.5,2,1,4019.6,201,4
11483,2026-07-02 13:58:05+05:30,4018.5,1,4035.97,1567483,158001.0,178796.0,4100.0,4110.0,4012.0,4092.6,25419625,4501.8,3683.4,4440.0,3288.1,4018.8,2,1,4018.1,217,6,4018.0,780,46,4017.9,1,1,4017.8,47,3,4019.2,173,1,4019.3,43,4,4019.4,175,1,4019.5,2,1,4019.6,201,4
11483,2026-07-02 13:58:05+05:30,4018.8,2,4035.97,1567490,158196.0,177325.0,4100.0,4110.0,4012.0,4092.6,25419625,4501.8,3683.4,4440.0,3288.1,4019.0,1,1,4018.3,39,2,4018.2,29,4,4018.1,222,7,4018.0,801,48,4019.3,29,2,4019.6,19,2,4019.7,15,1,4019.9,6,2,4020.0,751,3
11483,2026-07-02 13:58:06+05:30,4019.3,10,4035.97,1567490,158196.0,177325.0,4100.0,4110.0,4012.0,4092.6,25419625,4501.8,3683.4,4440.0,3288.1,4019.0,1,1,4018.3,39,2,4018.2,29,4,4018.1,222,7,4018.0,801,48,4019.3,29,2,4019.6,19,2,4019.7,15,1,4019.9,6,2,4020.0,751,3
11483,2026-07-02 13:58:06+05:30,4019.1,1,4035.97,1567512,158642.0,177121.0,4100.0,4110.0,4012.0,4092.6,25419625,4501.8,3683.4,4440.0,3288.1,4019.1,6,1,4019.0,1,1,4018.3,26,2,4018.2,76,5,4018.1,250,8,4019.3,8,2,4019.6,19,2,4019.7,15,1,4019.9,6,2,4020.0,709,1
11483,2026-07-02 13:58:07+05:30,4019.3,2,4035.97,1567512,158642.0,177121.0,4100.0,4110.0,4012.0,4092.6,25419625,4501.8,3683.4,4440.0,3288.1,4019.1,6,1,4019.0,1,1,4018.3,26,2,4018.2,76,5,4018.1,250,8,4019.3,8,2,4019.6,19,2,4019.7,15,1,4019.9,6,2,4020.0,709,1
11483,2026-07-02 13:58:07+05:30,4019.3,2,4035.97,1567518,158808.0,176929.0,4100.0,4110.0,4012.0,4092.6,25419625,4501.8,3683.4,4440.0,3288.1,4019.1,4,1,4019.0,3,2,4018.3,36,1,4018.2,58,5,4018.1,277,10,4019.3,6,2,4019.6,19,2,4019.7,15,1,4019.9,1,1,4020.0,709,1
11483,2026-07-02 13:58:08+05:30,4019.1,3,4035.97,1567518,158808.0,176929.0,4100.0,4110.0,4012.0,4092.6,25419625,4501.8,3683.4,4440.0,3288.1,4019.1,4,1,4019.0,3,2,4018.3,36,1,4018.2,58,5,4018.1,277,10,4019.3,6,2,4019.6,19,2,4019.7,15,1,4019.9,1,1,4020.0,709,1
11483,2026-07-02 13:58:08+05:30,4019.3,2,4035.97,1567526,158766.0,176936.0,4100.0,4110.0,4012.0,4092.6,25419625,4501.8,3683.4,4440.0,3288.1,4019.0,3,2,4018.3,45,1,4018.2,58,5,4018.1,270,9,4018.0,812,52,4019.3,2,1,4019.6,19,2,4019.7,15,1,4019.9,1,1,4020.0,716,2
11483,2026-07-02 13:58:09+05:30,4019.3,1,4035.97,1567526,158766.0,176936.0,4100.0,4110.0,4012.0,4092.6,25419625,4501.8,3683.4,4440.0,3288.1,4019.0,3,2,4018.3,45,1,4018.2,58,5,4018.1,270,9,4018.0,812,52,4019.3,2,1,4019.6,19,2,4019.7,15,1,4019.9,1,1,4020.0,716,2
11483,2026-07-02 13:58:09+05:30,4019.3,1,4035.97,1567531,159301.0,176848.0,4100.0,4110.0,4012.0,4092.6,25419625,4501.8,3683.4,4440.0,3288.1,4019.1,1,1,4019.0,2,1,4018.4,24,1,4018.3,93,2,4018.2,60,6,4019.6,19,2,4019.7,15,1,4019.9,1,1,4020.0,709,1,4020.1,15,1
11483,2026-07-02 13:58:10+05:30,4019.0,1,4035.97,1567531,159301.0,176848.0,4100.0,4110.0,4012.0,4092.6,25419625,4501.8,3683.4,4440.0,3288.1,4019.1,1,1,4019.0,2,1,4018.4,24,1,4018.3,93,2,4018.2,60,6,4019.6,19,2,4019.7,15,1,4019.9,1,1,4020.0,709,1,4020.1,15,1
11483,2026-07-02 13:58:10+05:30,4019.0,1,4035.97,1567623,155441.0,176942.0,4100.0,4110.0,4012.0,4092.6,25419625,4501.8,3683.4,4440.0,3288.1,4018.5,10,1,4018.1,325,8,4018.0,780,47,4017.9,1,1,4017.8,37,2,4019.0,30,5,4019.1,7,2,4019.2,5,1,4019.3,14,1,4019.4,182,2
11483,2026-07-02 13:58:11+05:30,4018.9,2,4035.97,1567623,155441.0,176942.0,4100.0,4110.0,4012.0,4092.6,25419625,4501.8,3683.4,4440.0,3288.1,4018.5,10,1,4018.1,325,8,4018.0,780,47,4017.9,1,1,4017.8,37,2,4019.0,30,5,4019.1,7,2,4019.2,5,1,4019.3,14,1,4019.4,182,2
11483,2026-07-02 13:58:11+05:30,4018.5,2,4035.97,1567639,155448.0,177602.0,4100.0,4110.0,4012.0,4092.6,25419625,4501.8,3683.4,4440.0,3288.1,4018.1,315,7,4018.0,780,47,4017.9,1,1,4017.8,37,2,4017.7,23,4,4018.5,171,1,4018.9,12,2,4019.0,3,2,4019.1,7,2,4019.2,16,2
11483,2026-07-02 13:58:12+05:30,4018.5,1,4035.97,1567639,155448.0,177602.0,4100.0,4110.0,4012.0,4092.6,25419625,4501.8,3683.4,4440.0,3288.1,4018.1,315,7,4018.0,780,47,4017.9,1,1,4017.8,37,2,4017.7,23,4,4018.5,171,1,4018.9,12,2,4019.0,3,2,4019.1,7,2,4019.2,16,2
11483,2026-07-02 13:58:12+05:30,4019.0,2,4035.97,1567644,155461.0,178251.0,4100.0,4110.0,4012.0,4092.6,25419625,4501.8,3683.4,4440.0,3288.1,4018.2,5,1,4018.1,313,7,4018.0,780,47,4017.9,11,2,4017.8,37,2,4019.0,178,3,4019.1,2,1,4019.2,11,1,4019.4,182,2,4019.5,28,1
11483,2026-07-02 13:58:13+05:30,4018.7,4,4035.97,1567644,155461.0,178251.0,4100.0,4110.0,4012.0,4092.6,25419625,4501.8,3683.4,4440.0,3288.1,4018.2,5,1,4018.1,313,7,4018.0,780,47,4017.9,11,2,4017.8,37,2,4019.0,178,3,4019.1,2,1,4019.2,11,1,4019.4,182,2,4019.5,28,1
11483,2026-07-02 13:58:13+05:30,4018.6,9,4035.97,1567661,155441.0,178643.0,4100.0,4110.0,4012.0,4092.6,25419625,4501.8,3683.4,4440.0,3288.1,4018.1,313,7,4018.0,780,47,4017.9,1,1,4017.8,37,2,4017.7,13,3,4018.5,164,1,4019.0,176,2,4019.1,2,1,4019.2,11,1,4019.4,175,1
11483,2026-07-02 13:58:14+05:30,4018.1,3,4035.97,1567661,155441.0,178643.0,4100.0,4110.0,4012.0,4092.6,25419625,4501.8,3683.4,4440.0,3288.1,4018.1,313,7,4018.0,780,47,4017.9,1,1,4017.8,37,2,4017.7,13,3,4018.5,164,1,4019.0,176,2,4019.1,2,1,4019.2,11,1,4019.4,175,1
11483,2026-07-02 13:58:14+05:30,4019.0,1,4035.97,1567666,155925.0,177030.0,4100.0,4110.0,4012.0,4092.6,25419625,4501.8,3683.4,4440.0,3288.1,4018.2,15,2,4018.1,310,7,4018.0,792,48,4017.9,11,2,4017.8,67,4,4019.0,174,1,4019.2,11,1,4019.6,4,1,4019.7,15,1,4019.8,5,1
11483,2026-07-02 13:58:15+05:30,4019.0,1,4035.97,1567666,155925.0,177030.0,4100.0,4110.0,4012.0,4092.6,25419625,4501.8,3683.4,4440.0,3288.1,4018.2,15,2,4018.1,310,7,4018.0,792,48,4017.9,11,2,4017.8,67,4,4019.0,174,1,4019.2,11,1,4019.6,4,1,4019.7,15,1,4019.8,5,1
11483,2026-07-02 13:58:15+05:30,4019.0,1,4035.97,1567668,155918.0,177537.0,4100.0,4110.0,4012.0,4092.6,25419625,4501.8,3683.4,4440.0,3288.1,4018.2,14,2,4018.1,310,7,4018.0,780,47,4017.9,1,1,4017.8,65,3,4019.0,173,1,4019.2,11,1,4019.6,4,1,4019.7,15,1,4019.8,7,1
11483,2026-07-02 13:58:16+05:30,4018.2,4,4035.97,1567668,155918.0,177537.0,4100.0,4110.0,4012.0,4092.6,25419625,4501.8,3683.4,4440.0,3288.1,4018.2,14,2,4018.1,310,7,4018.0,780,47,4017.9,1,1,4017.8,65,3,4019.0,173,1,4019.2,11,1,4019.6,4,1,4019.7,15,1,4019.8,7,1
11483,2026-07-02 13:58:16+05:30,4018.2,2,4035.97,1567693,155884.0,177281.0,4100.0,4110.0,4012.0,4092.6,25419625,4501.8,3683.4,4440.0,3288.1,4018.1,315,8,4018.0,780,47,4017.9,1,1,4017.8,67,4,4017.7,13,3,4018.2,1,1,4019.0,166,1,4019.2,11,1,4019.6,4,1,4019.7,28,2
11483,2026-07-02 13:58:17+05:30,4019.0,2,4035.97,1567693,155884.0,177281.0,4100.0,4110.0,4012.0,4092.6,25419625,4501.8,3683.4,4440.0,3288.1,4018.1,315,8,4018.0,780,47,4017.9,1,1,4017.8,67,4,4017.7,13,3,4018.2,1,1,4019.0,166,1,4019.2,11,1,4019.6,4,1,4019.7,28,2
11483,2026-07-02 13:58:17+05:30,4019.0,2,4035.97,1567702,156314.0,177425.0,4100.0,4110.0,4012.0,4092.6,25419625,4501.8,3683.4,4440.0,3288.1,4018.5,5,1,4018.2,9,1,4018.1,311,8,4018.0,804,49,4017.9,3,2,4019.0,162,1,4019.2,11,1,4019.6,4,1,4019.7,15,1,4019.9,34,3
11483,2026-07-02 13:58:18+05:30,4019.0,1,4035.97,1567702,156314.0,177425.0,4100.0,4110.0,4012.0,4092.6,25419625,4501.8,3683.4,4440.0,3288.1,4018.5,5,1,4018.2,9,1,4018.1,311,8,4018.0,804,49,4017.9,3,2,4019.0,162,1,4019.2,11,1,4019.6,4,1,4019.7,15,1,4019.9,34,3
11483,2026-07-02 13:58:18+05:30,4019.0,1,4035.97,1567712,156656.0,177356.0,4100.0,4110.0,4012.0,4092.6,25419625,4501.8,3683.4,4440.0,3288.1,4018.5,4,1,4018.2,9,1,4018.1,311,8,4018.0,1095,49,4017.9,3,2,4019.0,155,2,4019.2,11,1,4019.6,4,1,4019.7,15,1,4019.9,34,3
11483,2026-07-02 13:58:19+05:30,4019.0,2,4035.97,1567712,156656.0,177356.0,4100.0,4110.0,4012.0,4092.6,25419625,4501.8,3683.4,4440.0,3288.1,4018.5,4,1,4018.2,9,1,4018.1,311,8,4018.0,1095,49,4017.9,3,2,4019.0,155,2,4019.2,11,1,4019.6,4,1,4019.7,15,1,4019.9,34,3
11483,2026-07-02 13:58:19+05:30,4019.0,2,4035.97,1567722,155955.0,178019.0,4100.0,4110.0,4012.0,4092.6,25419625,4501.8,3683.4,4440.0,3288.1,4018.7,1,1,4018.5,2,1,4018.1,306,7,4018.0,1080,48,4017.9,1,1,4018.9,175,1,4019.0,158,4,4019.2,11,1,4019.4,181,2,4019.5,12,1
11483,2026-07-02 13:58:20+05:30,4018.5,2,4035.97,1567727,155074.0,178591.0,4100.0,4110.0,4012.0,4092.6,25419625,4501.8,3683.4,4440.0,3288.1,4018.1,306,7,4018.0,1080,48,4017.9,1,1,4017.8,37,2,4017.7,13,3,4018.5,171,1,4018.7,3,1,4019.0,156,3,4019.2,11,1,4019.4,202,4
11483,2026-07-02 13:58:20+05:30,4018.5,2,4035.97,1567727,155074.0,178591.0,4100.0,4110.0,4012.0,4092.6,25419625,4501.8,3683.4,4440.0,3288.1,4018.1,306,7,4018.0,1080,48,4017.9,1,1,4017.8,37,2,4017.7,13,3,4018.5,171,1,4018.7,3,1,4019.0,156,3,4019.2,11,1,4019.4,202,4
11483,2026-07-02 13:58:20+05:30,4018.1,1,4035.97,1567727,155074.0,178591.0,4100.0,4110.0,4012.0,4092.6,25419625,4501.8,3683.4,4440.0,3288.1,4018.1,306,7,4018.0,1080,48,4017.9,1,1,4017.8,37,2,4017.7,13,3,4018.5,171,1,4018.7,3,1,4019.0,156,3,4019.2,11,1,4019.4,202,4
11483,2026-07-02 13:58:21+05:30,4018.1,1,4035.97,1567727,155074.0,178591.0,4100.0,4110.0,4012.0,4092.6,25419625,4501.8,3683.4,4440.0,3288.1,4018.1,306,7,4018.0,1080,48,4017.9,1,1,4017.8,37,2,4017.7,13,3,4018.5,171,1,4018.7,3,1,4019.0,156,3,4019.2,11,1,4019.4,202,4
11483,2026-07-02 13:58:21+05:30,4018.2,1,4035.97,1567727,155074.0,178591.0,4100.0,4110.0,4012.0,4092.6,25419625,4501.8,3683.4,4440.0,3288.1,4018.1,306,7,4018.0,1080,48,4017.9,1,1,4017.8,37,2,4017.7,13,3,4018.5,171,1,4018.7,3,1,4019.0,156,3,4019.2,11,1,4019.4,202,4
11483,2026-07-02 13:58:21+05:30,4018.2,1,4035.97,1567731,154896.0,178224.0,4100.0,4110.0,4012.0,4092.6,25419625,4501.8,3683.4,4440.0,3288.1,4018.2,3,1,4018.1,305,7,4018.0,1080,48,4017.9,1,1,4017.8,37,2,4018.7,3,1,4019.0,156,3,4019.2,11,1,4019.4,183,3,4019.5,12,1
11483,2026-07-02 13:58:21+05:30,4018.2,1,4035.97,1567731,154896.0,178224.0,4100.0,4110.0,4012.0,4092.6,25419625,4501.8,3683.4,4440.0,3288.1,4018.2,3,1,4018.1,305,7,4018.0,1080,48,4017.9,1,1,4017.8,37,2,4018.7,3,1,4019.0,156,3,4019.2,11,1,4019.4,183,3,4019.5,12,1
11483,2026-07-02 13:58:22+05:30,4018.2,1,4035.97,1567731,154896.0,178224.0,4100.0,4110.0,4012.0,4092.6,25419625,4501.8,3683.4,4440.0,3288.1,4018.2,9,3,4018.1,305,7,4018.0,1080,48,4017.9,1,1,4017.8,37,2,4018.7,1,1,4018.8,13,1,4019.0,150,2,4019.4,181,2,4019.5,14,2
11483,2026-07-02 13:58:22+05:30,4018.2,1,4035.97,1567734,154909.0,178052.0,4100.0,4110.0,4012.0,4092.6,25419625,4501.8,3683.4,4440.0,3288.1,4018.2,9,3,4018.1,305,7,4018.0,1080,48,4017.9,1,1,4017.8,37,2,4018.7,1,1,4018.8,13,1,4019.0,150,2,4019.4,181,2,4019.5,14,2
11483,2026-07-02 13:58:22+05:30,4018.2,1,4035.97,1567734,154909.0,178052.0,4100.0,4110.0,4012.0,4092.6,25419625,4501.8,3683.4,4440.0,3288.1,4018.2,9,3,4018.1,305,7,4018.0,1080,48,4017.9,1,1,4017.8,37,2,4018.7,1,1,4018.8,13,1,4019.0,150,2,4019.4,181,2,4019.5,14,2
11483,2026-07-02 13:58:23+05:30,4018.2,1,4035.97,1567734,154909.0,178052.0,4100.0,4110.0,4012.0,4092.6,25419625,4501.8,3683.4,4440.0,3288.1,4018.2,9,3,4018.1,305,7,4018.0,1080,48,4017.9,1,1,4017.8,37,2,4018.7,1,1,4018.8,13,1,4019.0,150,2,4019.4,181,2,4019.5,14,2
11483,2026-07-02 13:58:23+05:30,4018.6,2,4035.97,1567913,155070.0,178469.0,4100.0,4110.0,4012.0,4092.6,25419625,4501.8,3683.4,4440.0,3288.1,4018.5,170,1,4018.2,7,2,4018.1,305,7,4018.0,1120,50,4017.9,1,1,4018.6,186,2,4018.7,3,1,4019.0,145,1,4019.4,175,1,4019.5,2,1
11483,2026-07-02 13:58:23+05:30,4018.5,170,4035.97,1567913,155070.0,178469.0,4100.0,4110.0,4012.0,4092.6,25419625,4501.8,3683.4,4440.0,3288.1,4018.5,170,1,4018.2,7,2,4018.1,305,7,4018.0,1120,50,4017.9,1,1,4018.6,186,2,4018.7,3,1,4019.0,145,1,4019.4,175,1,4019.5,2,1
11483,2026-07-02 13:58:23+05:30,4018.5,170,4035.97,1567913,155070.0,178469.0,4100.0,4110.0,4012.0,4092.6,25419625,4501.8,3683.4,4440.0,3288.1,4018.5,170,1,4018.2,7,2,4018.1,305,7,4018.0,1120,50,4017.9,1,1,4018.6,186,2,4018.7,3,1,4019.0,145,1,4019.4,175,1,4019.5,2,1
11483,2026-07-02 13:58:24+05:30,4018.5,170,4035.97,1567913,155070.0,178469.0,4100.0,4110.0,4012.0,4092.6,25419625,4501.8,3683.4,4440.0,3288.1,4018.5,170,1,4018.2,7,2,4018.1,305,7,4018.0,1120,50,4017.9,1,1,4018.6,186,2,4018.7,3,1,4019.0,145,1,4019.4,175,1,4019.5,2,1
11483,2026-07-02 13:58:24+05:30,4018.5,1,4035.97,1568089,154952.0,178587.0,4100.0,4110.0,4012.0,4092.6,25419625,4501.8,3683.4,4440.0,3288.1,4018.2,11,3,4018.1,305,7,4018.0,1129,51,4017.9,1,1,4017.8,37,2,4018.5,179,3,4018.6,11,1,4018.7,3,1,4019.0,145,1,4019.4,175,1
11483,2026-07-02 13:58:24+05:30,4018.2,4,4035.97,1568089,154952.0,178587.0,4100.0,4110.0,4012.0,4092.6,25419625,4501.8,3683.4,4440.0,3288.1,4018.2,11,3,4018.1,305,7,4018.0,1129,51,4017.9,1,1,4017.8,37,2,4018.5,179,3,4018.6,11,1,4018.7,3,1,4019.0,145,1,4019.4,175,1
11483,2026-07-02 13:58:24+05:30,4018.2,4,4035.97,1568089,154952.0,178587.0,4100.0,4110.0,4012.0,4092.6,25429250,4501.8,3683.4,4440.0,3288.1,4018.2,11,3,4018.1,305,7,4018.0,1129,51,4017.9,1,1,4017.8,37,2,4018.5,179,3,4018.6,11,1,4018.7,3,1,4019.0,145,1,4019.4,175,1
11483,2026-07-02 13:58:25+05:30,4018.2,4,4035.97,1568089,154952.0,178587.0,4100.0,4110.0,4012.0,4092.6,25429250,4501.8,3683.4,4440.0,3288.1,4018.2,11,3,4018.1,305,7,4018.0,1129,51,4017.9,1,1,4017.8,37,2,4018.5,179,3,4018.6,11,1,4018.7,3,1,4019.0,145,1,4019.4,175,1
11483,2026-07-02 13:58:25+05:30,4018.2,13,4035.97,1568129,154886.0,178498.0,4100.0,4110.0,4012.0,4092.6,25429250,4501.8,3683.4,4440.0,3288.1,4018.3,9,1,4018.1,310,8,4018.0,1120,50,4017.9,1,1,4017.8,37,2,4018.5,4,2,4018.6,11,1,4018.7,3,1,4019.0,145,1,4019.4,175,1
11483,2026-07-02 13:58:25+05:30,4018.3,4,4035.97,1568129,154886.0,178498.0,4100.0,4110.0,4012.0,4092.6,25429250,4501.8,3683.4,4440.0,3288.1,4018.3,9,1,4018.1,310,8,4018.0,1120,50,4017.9,1,1,4017.8,37,2,4018.5,4,2,4018.6,11,1,4018.7,3,1,4019.0,145,1,4019.4,175,1
11483,2026-07-02 13:58:25+05:30,4018.3,4,4035.97,1568129,154886.0,178498.0,4100.0,4110.0,4012.0,4092.6,25429250,4501.8,3683.4,4440.0,3288.1,4018.3,9,1,4018.1,310,8,4018.0,1120,50,4017.9,1,1,4017.8,37,2,4018.5,4,2,4018.6,11,1,4018.7,3,1,4019.0,145,1,4019.4,175,1
11483,2026-07-02 13:58:26+05:30,4018.3,4,4035.97,1568129,154886.0,178498.0,4100.0,4110.0,4012.0,4092.6,25429250,4501.8,3683.4,4440.0,3288.1,4018.3,9,1,4018.1,310,8,4018.0,1120,50,4017.9,1,1,4017.8,37,2,4018.5,4,2,4018.6,11,1,4018.7,3,1,4019.0,145,1,4019.4,175,1
11483,2026-07-02 13:58:26+05:30,4018.5,6,4035.97,1568144,154991.0,178673.0,4100.0,4110.0,4012.0,4092.6,25429250,4501.8,3683.4,4440.0,3288.1,4018.3,4,1,4018.2,20,1,4018.1,311,9,4018.0,1120,50,4017.9,1,1,4018.5,172,2,4018.6,11,1,4018.7,3,1,4019.0,145,1,4019.4,175,1
11483,2026-07-02 13:58:26+05:30,4018.3,2,4035.97,1568144,154991.0,178673.0,4100.0,4110.0,4012.0,4092.6,25429250,4501.8,3683.4,4440.0,3288.1,4018.3,4,1,4018.2,20,1,4018.1,311,9,4018.0,1120,50,4017.9,1,1,4018.5,172,2,4018.6,11,1,4018.7,3,1,4019.0,145,1,4019.4,175,1
11483,2026-07-02 13:58:26+05:30,4018.3,2,4035.97,1568144,154991.0,178673.0,4100.0,4110.0,4012.0,4092.6,25429250,4501.8,3683.4,4440.0,3288.1,4018.3,4,1,4018.2,20,1,4018.1,311,9,4018.0,1120,50,4017.9,1,1,4018.5,172,2,4018.6,11,1,4018.7,3,1,4019.0,145,1,4019.4,175,1
11483,2026-07-02 13:58:27+05:30,4018.5,2,4035.97,1568148,155020.0,178502.0,4100.0,4110.0,4012.0,4092.6,25429250,4501.8,3683.4,4440.0,3288.1,4018.4,8,1,4018.3,2,1,4018.2,20,1,4018.1,311,9,4018.0,1120,50,4018.5,3,1,4018.6,11,1,4018.7,3,1,4019.0,145,1,4019.4,175,1
11483,2026-07-02 13:58:27+05:30,4018.5,2,4035.97,1568148,155020.0,178502.0,4100.0,4110.0,4012.0,4092.6,25429250,4501.8,3683.4,4440.0,3288.1,4018.4,8,1,4018.3,2,1,4018.2,20,1,4018.1,311,9,4018.0,1120,50,4018.5,3,1,4018.6,11,1,4018.7,3,1,4019.0,145,1,4019.4,175,1
11483,2026-07-02 13:58:28+05:30,4018.5,29,4035.97,1568197,155141.0,178523.0,4100.0,4110.0,4012.0,4092.6,25429250,4501.8,3683.4,4440.0,3288.1,4018.4,8,1,4018.2,20,1,4018.1,411,9,4018.0,1127,51,4017.9,1,1,4018.5,12,1,4018.7,3,1,4018.8,12,1,4019.0,145,1,4019.4,175,1
11483,2026-07-02 13:58:28+05:30,4018.4,5,4035.97,1568197,155141.0,178523.0,4100.0,4110.0,4012.0,4092.6,25429250,4501.8,3683.4,4440.0,3288.1,4018.4,8,1,4018.2,20,1,4018.1,411,9,4018.0,1127,51,4017.9,1,1,4018.5,12,1,4018.7,3,1,4018.8,12,1,4019.0,145,1,4019.4,175,1
11483,2026-07-02 13:58:29+05:30,4018.4,1,4035.97,1568213,155136.0,178507.0,4100.0,4110.0,4012.0,4092.6,25429250,4501.8,3683.4,4440.0,3288.1,4018.4,3,2,4018.2,20,1,4018.1,406,8,4018.0,1120,50,4017.9,1,1,4018.5,8,3,4018.7,3,1,4019.0,145,1,4019.4,175,1,4019.6,207,3
11483,2026-07-02 13:58:29+05:30,4018.4,2,4035.97,1568213,155136.0,178507.0,4100.0,4110.0,4012.0,4092.6,25429250,4501.8,3683.4,4440.0,3288.1,4018.4,3,2,4018.2,20,1,4018.1,406,8,4018.0,1120,50,4017.9,1,1,4018.5,8,3,4018.7,3,1,4019.0,145,1,4019.4,175,1,4019.6,207,3
11483,2026-07-02 13:58:30+05:30,4018.5,1,4035.97,1568216,155138.0,178676.0,4100.0,4110.0,4012.0,4092.6,25429250,4501.8,3683.4,4440.0,3288.1,4018.4,1,1,4018.2,20,1,4018.1,406,8,4018.0,1120,50,4017.9,10,2,4018.5,176,2,4018.6,11,1,4018.7,3,1,4019.0,145,1,4019.4,175,1
11483,2026-07-02 13:58:30+05:30,4018.5,1,4035.97,1568216,155138.0,178676.0,4100.0,4110.0,4012.0,4092.6,25429250,4501.8,3683.4,4440.0,3288.1,4018.4,1,1,4018.2,20,1,4018.1,406,8,4018.0,1120,50,4017.9,10,2,4018.5,176,2,4018.6,11,1,4018.7,3,1,4019.0,145,1,4019.4,175,1
11483,2026-07-02 13:58:31+05:30,4018.5,1,4035.97,1568224,154609.0,178762.0,4100.0,4110.0,4012.0,4092.6,25429250,4501.8,3683.4,4440.0,3288.1,4018.2,20,1,4018.1,406,8,4018.0,1120,50,4017.9,1,1,4017.8,37,2,4018.5,169,1,4018.6,186,2,4018.7,3,1,4019.0,170,2,4019.4,174,1
11483,2026-07-02 13:58:31+05:30,4018.2,1,4035.97,1568224,154609.0,178762.0,4100.0,4110.0,4012.0,4092.6,25429250,4501.8,3683.4,4440.0,3288.1,4018.2,20,1,4018.1,406,8,4018.0,1120,50,4017.9,1,1,4017.8,37,2,4018.5,169,1,4018.6,186,2,4018.7,3,1,4019.0,170,2,4019.4,174,1
11483,2026-07-02 13:58:32+05:30,4018.3,16,4035.97,1568247,154967.0,178628.0,4100.0,4110.0,4012.0,4092.6,25429250,4501.8,3683.4,4440.0,3288.1,4018.3,79,1,4018.2,19,1,4018.1,406,8,4018.0,1025,49,4017.9,1,1,4018.5,175,1,4018.6,186,2,4018.7,3,1,4019.0,170,2,4019.4,174,1
11483,2026-07-02 13:58:32+05:30,4018.3,2,4035.97,1568247,154967.0,178628.0,4100.0,4110.0,4012.0,4092.6,25429250,4501.8,3683.4,4440.0,3288.1,4018.3,79,1,4018.2,19,1,4018.1,406,8,4018.0,1025,49,4017.9,1,1,4018.5,175,1,4018.6,186,2,4018.7,3,1,4019.0,170,2,4019.4,174,1
11483,2026-07-02 13:58:33+05:30,4018.3,1,4035.97,1568250,155065.0,178632.0,4100.0,4110.0,4012.0,4092.6,25429250,4501.8,3683.4,4440.0,3288.1,4018.4,7,1,4018.3,76,1,4018.2,19,1,4018.1,416,9,4018.0,1025,49,4018.5,175,1,4018.6,186,2,4018.7,3,1,4019.0,170,2,4019.4,174,1
11483,2026-07-02 13:58:33+05:30,4018.3,1,4035.97,1568250,155065.0,178632.0,4100.0,4110.0,4012.0,4092.6,25429250,4501.8,3683.4,4440.0,3288.1,4018.4,7,1,4018.3,76,1,4018.2,19,1,4018.1,416,9,4018.0,1025,49,4018.5,175,1,4018.6,186,2,4018.7,3,1,4019.0,170,2,4019.4,174,1
11483,2026-07-02 13:58:34+05:30,4018.5,2,4035.96,1568368,155239.0,178414.0,4100.0,4110.0,4012.0,4092.6,25429250,4501.8,3683.4,4440.0,3288.1,4018.3,71,1,4018.2,19,1,4018.1,416,9,4018.0,1045,50,4017.9,1,1,4018.5,69,1,4018.6,11,1,4018.7,3,1,4018.8,13,1,4019.0,170,2
11483,2026-07-02 13:58:34+05:30,4018.5,2,4035.96,1568368,155239.0,178414.0,4100.0,4110.0,4012.0,4092.6,25429250,4501.8,3683.4,4440.0,3288.1,4018.3,71,1,4018.2,19,1,4018.1,416,9,4018.0,1045,50,4017.9,1,1,4018.5,69,1,4018.6,11,1,4018.7,3,1,4018.8,13,1,4019.0,170,2
11483,2026-07-02 13:58:35+05:30,4018.3,1,4035.96,1568385,154966.0,178504.0,4100.0,4110.0,4012.0,4092.6,25429250,4501.8,3683.4,4440.0,3288.1,4018.3,56,1,4018.2,29,2,4018.1,416,9,4018.0,1045,50,4017.9,1,1,4018.5,67,1,4018.6,11,1,4018.7,3,1,4018.8,13,1,4019.0,170,2
11483,2026-07-02 13:58:35+05:30,4018.3,1,4035.96,1568385,154966.0,178504.0,4100.0,4110.0,4012.0,4092.6,25429250,4501.8,3683.4,4440.0,3288.1,4018.3,56,1,4018.2,29,2,4018.1,416,9,4018.0,1045,50,4017.9,1,1,4018.5,67,1,4018.6,11,1,4018.7,3,1,4018.8,13,1,4019.0,170,2
11483,2026-07-02 13:58:36+05:30,4018.3,54,4035.96,1568441,154910.0,178587.0,4100.0,4110.0,4012.0,4092.6,25429250,4501.8,3683.4,4440.0,3288.1,4018.2,29,2,4018.1,416,9,4018.0,1045,50,4017.9,1,1,4017.8,37,2,4018.3,12,1,4018.5,67,1,4018.6,11,1,4018.7,3,1,4019.0,170,2
11483,2026-07-02 13:58:36+05:30,4018.2,10,4035.96,1568441,154910.0,178587.0,4100.0,4110.0,4012.0,4092.6,25429250,4501.8,3683.4,4440.0,3288.1,4018.2,29,2,4018.1,416,9,4018.0,1045,50,4017.9,1,1,4017.8,37,2,4018.3,12,1,4018.5,67,1,4018.6,11,1,4018.7,3,1,4019.0,170,2
11483,2026-07-02 13:58:37+05:30,4018.2,15,4035.96,1568488,154793.0,178604.0,4100.0,4110.0,4012.0,4092.6,25429250,4501.8,3683.4,4440.0,3288.1,4018.1,415,9,4018.0,1045,50,4017.9,1,1,4017.8,37,2,4017.7,13,3,4018.2,23,3,4018.6,11,1,4018.7,3,1,4019.0,170,2,4019.1,174,1
11483,2026-07-02 13:58:37+05:30,4018.1,5,4035.96,1568488,154793.0,178604.0,4100.0,4110.0,4012.0,4092.6,25429250,4501.8,3683.4,4440.0,3288.1,4018.1,415,9,4018.0,1045,50,4017.9,1,1,4017.8,37,2,4017.7,13,3,4018.2,23,3,4018.6,11,1,4018.7,3,1,4019.0,170,2,4019.1,174,1
11483,2026-07-02 13:58:38+05:30,4018.2,1,4035.96,1568517,154811.0,178577.0,4100.0,4110.0,4012.0,4092.6,25429250,4501.8,3683.4,4440.0,3288.1,4018.1,388,9,4018.0,1045,50,4017.9,1,1,4017.8,37,2,4017.7,13,3,4018.2,3,2,4018.6,11,1,4018.7,3,1,4019.0,170,2,4019.1,174,1
11483,2026-07-02 13:58:38+05:30,4018.1,2,4035.96,1568517,154811.0,178577.0,4100.0,4110.0,4012.0,4092.6,25429250,4501.8,3683.4,4440.0,3288.1,4018.1,388,9,4018.0,1045,50,4017.9,1,1,4017.8,37,2,4017.7,13,3,4018.2,3,2,4018.6,11,1,4018.7,3,1,4019.0,170,2,4019.1,174,1
11483,2026-07-02 13:58:39+05:30,4018.2,2,4035.96,1568522,154481.0,178911.0,4100.0,4110.0,4012.0,4092.6,25429250,4501.8,3683.4,4440.0,3288.1,4018.1,427,10,4018.0,1045,50,4017.9,6,2,4017.8,37,2,4017.7,13,3,4018.2,176,2,4018.6,11,1,4018.7,3,1,4019.0,170,2,4019.1,174,1
11483,2026-07-02 13:58:39+05:30,4018.2,2,4035.96,1568522,154481.0,178911.0,4100.0,4110.0,4012.0,4092.6,25429250,4501.8,3683.4,4440.0,3288.1,4018.1,427,10,4018.0,1045,50,4017.9,6,2,4017.8,37,2,4017.7,13,3,4018.2,176,2,4018.6,11,1,4018.7,3,1,4019.0,170,2,4019.1,174,1
11483,2026-07-02 13:58:40+05:30,4018.1,69,4035.96,1568668,155208.0,177846.0,4100.0,4110.0,4012.0,4092.6,25429250,4501.8,3683.4,4440.0,3288.1,4018.1,284,6,4018.0,1045,50,4017.9,13,4,4017.8,37,2,4017.7,41,4,4018.2,2,2,4018.7,3,1,4019.0,185,3,4019.3,9,1,4019.5,2,1
11483,2026-07-02 13:58:40+05:30,4018.1,18,4035.96,1568668,155208.0,177846.0,4100.0,4110.0,4012.0,4092.6,25429250,4501.8,3683.4,4440.0,3288.1,4018.1,284,6,4018.0,1045,50,4017.9,13,4,4017.8,37,2,4017.7,41,4,4018.2,2,2,4018.7,3,1,4019.0,185,3,4019.3,9,1,4019.5,2,1
11483,2026-07-02 13:58:41+05:30,4018.2,1,4035.96,1568690,155364.0,177892.0,4100.0,4110.0,4012.0,4092.6,25429250,4501.8,3683.4,4440.0,3288.1,4018.1,266,6,4018.0,1045,50,4017.9,14,4,4017.8,37,2,4017.7,47,5,4018.7,3,1,4018.8,11,1,4019.0,185,3,4019.5,2,1,4019.6,4,1
11483,2026-07-02 13:58:41+05:30,4018.1,164,4035.96,1568690,155364.0,177892.0,4100.0,4110.0,4012.0,4092.6,25429250,4501.8,3683.4,4440.0,3288.1,4018.1,266,6,4018.0,1045,50,4017.9,14,4,4017.8,37,2,4017.7,47,5,4018.7,3,1,4018.8,11,1,4019.0,185,3,4019.5,2,1,4019.6,4,1
11483,2026-07-02 13:58:42+05:30,4018.1,164,4035.96,1568869,155425.0,178060.0,4100.0,4110.0,4012.0,4092.6,25429250,4501.8,3683.4,4440.0,3288.1,4018.1,189,6,4018.0,1045,50,4017.9,12,3,4017.8,39,3,4017.7,41,4,4018.7,2,1,4018.8,11,1,4019.0,185,3,4019.5,2,1,4019.6,4,1
11483,2026-07-02 13:58:42+05:30,4018.1,21,4035.96,1568869,155425.0,178060.0,4100.0,4110.0,4012.0,4092.6,25429250,4501.8,3683.4,4440.0,3288.1,4018.1,189,6,4018.0,1045,50,4017.9,12,3,4017.8,39,3,4017.7,41,4,4018.7,2,1,4018.8,11,1,4019.0,185,3,4019.5,2,1,4019.6,4,1
11483,2026-07-02 13:58:43+05:30,4018.1,1,4035.96,1568892,155409.0,178061.0,4100.0,4110.0,4012.0,4092.6,25429250,4501.8,3683.4,4440.0,3288.1,4018.1,174,8,4018.0,1045,50,4017.9,6,2,4017.8,39,3,4017.7,41,4,4018.7,1,1,4018.8,11,1,4019.0,200,4,4019.3,18,1,4019.5,2,1
11483,2026-07-02 13:58:43+05:30,4018.1,2,4035.96,1568892,155409.0,178061.0,4100.0,4110.0,4012.0,4092.6,25429250,4501.8,3683.4,4440.0,3288.1,4018.1,174,8,4018.0,1045,50,4017.9,6,2,4017.8,39,3,4017.7,41,4,4018.7,1,1,4018.8,11,1,4019.0,200,4,4019.3,18,1,4019.5,2,1
11483,2026-07-02 13:58:44+05:30,4018.7,1,4035.96,1568895,155478.0,178050.0,4100.0,4110.0,4012.0,4092.6,25429250,4501.8,3683.4,4440.0,3288.1,4018.1,172,8,4018.0,1045,50,4017.9,6,2,4017.8,39,3,4017.7,41,4,4018.7,3,1,4018.8,11,1,4019.0,200,4,4019.3,18,1,4019.5,2,1
11483,2026-07-02 13:58:44+05:30,4018.1,1,4035.96,1568895,155478.0,178050.0,4100.0,4110.0,4012.0,4092.6,25429250,4501.8,3683.4,4440.0,3288.1,4018.1,172,8,4018.0,1045,50,4017.9,6,2,4017.8,39,3,4017.7,41,4,4018.7,3,1,4018.8,11,1,4019.0,200,4,4019.3,18,1,4019.5,2,1
11483,2026-07-02 13:58:45+05:30,4018.1,1,4035.96,1568896,154994.0,178779.0,4100.0,4110.0,4012.0,4092.6,25429250,4501.8,3683.4,4440.0,3288.1,4018.1,165,7,4018.0,1045,50,4017.9,6,2,4017.8,37,2,4017.7,13,3,4018.7,17,4,4018.8,19,2,4019.0,200,4,4019.1,8,1,4019.2,13,1
11483,2026-07-02 13:58:45+05:30,4018.1,79,4035.96,1568896,154994.0,178779.0,4100.0,4110.0,4012.0,4092.6,25429250,4501.8,3683.4,4440.0,3288.1,4018.1,165,7,4018.0,1045,50,4017.9,6,2,4017.8,37,2,4017.7,13,3,4018.7,17,4,4018.8,19,2,4019.0,200,4,4019.1,8,1,4019.2,13,1
11483,2026-07-02 13:58:46+05:30,4018.7,2,4035.95,1569397,155129.0,178808.0,4100.0,4110.0,4012.0,4092.6,25429250,4501.8,3683.4,4440.0,3288.1,4018.6,1,1,4018.1,163,4,4018.0,1052,52,4017.9,6,2,4017.8,37,2,4018.7,8,2,4018.8,19,2,4019.0,200,4,4019.1,8,1,4019.2,13,1
11483,2026-07-02 13:58:46+05:30,4018.6,6,4035.95,1569397,155129.0,178808.0,4100.0,4110.0,4012.0,4092.6,25429250,4501.8,3683.4,4440.0,3288.1,4018.6,1,1,4018.1,163,4,4018.0,1052,52,4017.9,6,2,4017.8,37,2,4018.7,8,2,4018.8,19,2,4019.0,200,4,4019.1,8,1,4019.2,13,1
11483,2026-07-02 13:58:47+05:30,4018.6,1,4035.95,1569404,155118.0,178846.0,4100.0,4110.0,4012.0,4092.6,25429250,4501.8,3683.4,4440.0,3288.1,4018.1,163,4,4018.0,1052,52,4017.9,6,2,4017.8,37,2,4017.7,13,3,4018.6,5,1,4018.7,10,3,4018.8,19,2,4019.0,200,4,4019.1,8,1
11483,2026-07-02 13:58:47+05:30,4018.1,1,4035.95,1569404,155118.0,178846.0,4100.0,4110.0,4012.0,4092.6,25429250,4501.8,3683.4,4440.0,3288.1,4018.1,163,4,4018.0,1052,52,4017.9,6,2,4017.8,37,2,4017.7,13,3,4018.6,5,1,4018.7,10,3,4018.8,19,2,4019.0,200,4,4019.1,8,1
11483,2026-07-02 13:58:48+05:30,4018.1,1,4035.95,1569406,155540.0,178848.0,4100.0,4110.0,4012.0,4092.6,25429250,4501.8,3683.4,4440.0,3288.1,4018.1,161,4,4018.0,1052,52,4017.9,6,2,4017.8,37,2,4017.7,13,3,4018.6,7,2,4018.7,8,2,4018.8,19,2,4019.0,200,4,4019.1,8,1
11483,2026-07-02 13:58:48+05:30,4018.1,1,4035.95,1569406,155540.0,178848.0,4100.0,4110.0,4012.0,4092.6,25429250,4501.8,3683.4,4440.0,3288.1,4018.1,161,4,4018.0,1052,52,4017.9,6,2,4017.8,37,2,4017.7,13,3,4018.6,7,2,4018.7,8,2,4018.8,19,2,4019.0,200,4,4019.1,8,1
11483,2026-07-02 13:58:49+05:30,4018.1,14,4035.95,1569584,155233.0,178818.0,4100.0,4110.0,4012.0,4092.6,25429250,4501.8,3683.4,4440.0,3288.1,4018.3,1,1,4018.1,28,2,4018.0,1297,52,4017.9,6,2,4017.8,37,2,4018.5,5,1,4018.6,5,2,4018.7,8,2,4018.8,46,3,4018.9,174,1
11483,2026-07-02 13:58:49+05:30,4018.3,1,4035.95,1569584,155233.0,178818.0,4100.0,4110.0,4012.0,4092.6,25429250,4501.8,3683.4,4440.0,3288.1,4018.3,1,1,4018.1,28,2,4018.0,1297,52,4017.9,6,2,4017.8,37,2,4018.5,5,1,4018.6,5,2,4018.7,8,2,4018.8,46,3,4018.9,174,1
11483,2026-07-02 13:58:50+05:30,4018.3,1,4035.95,1569586,155308.0,179031.0,4100.0,4110.0,4012.0,4092.6,25429250,4501.8,3683.4,4440.0,3288.1,4018.1,52,3,4018.0,1297,52,4017.9,6,2,4017.8,37,2,4017.7,13,3,4018.2,175,1,4018.3,5,3,4018.6,5,2,4018.7,5,1,4018.8,46,3
11483,2026-07-02 13:58:51+05:30,4018.1,2,4035.95,1569723,155293.0,179005.0,4100.0,4110.0,4012.0,4092.6,25429250,4501.8,3683.4,4440.0,3288.1,4018.0,1297,52,4017.9,6,2,4017.8,37,2,4017.7,13,3,4017.6,78,3,4018.1,38,1,4018.2,2,1,4018.3,5,3,4018.5,10,1,4018.6,15,2
11483,2026-07-02 13:58:51+05:30,4017.9,1,4035.95,1569723,155293.0,179005.0,4100.0,4110.0,4012.0,4092.6,25429250,4501.8,3683.4,4440.0,3288.1,4018.0,1297,52,4017.9,6,2,4017.8,37,2,4017.7,13,3,4017.6,78,3,4018.1,38,1,4018.2,2,1,4018.3,5,3,4018.5,10,1,4018.6,15,2
11483,2026-07-02 13:58:52+05:30,4017.8,12,4035.93,1571069,153094.0,179381.0,4100.0,4110.0,4012.0,4092.6,25429250,4501.8,3683.4,4440.0,3288.1,4017.7,13,3,4017.6,78,3,4017.5,10,4,4017.3,1,1,4017.2,24,4,4018.0,190,4,4018.1,2,1,4018.2,8,2,4018.3,13,4,4018.5,18,2
11483,2026-07-02 13:58:52+05:30,4017.7,1,4035.93,1571069,153094.0,179381.0,4100.0,4110.0,4012.0,4092.6,25429250,4501.8,3683.4,4440.0,3288.1,4017.7,13,3,4017.6,78,3,4017.5,10,4,4017.3,1,1,4017.2,24,4,4018.0,190,4,4018.1,2,1,4018.2,8,2,4018.3,13,4,4018.5,18,2
11483,2026-07-02 13:58:53+05:30,4017.7,20,4035.93,1571102,153147.0,179665.0,4100.0,4110.0,4012.0,4092.6,25429250,4501.8,3683.4,4440.0,3288.1,4017.6,78,3,4017.5,10,4,4017.3,1,1,4017.2,24,4,4017.0,755,23,4017.7,17,1,4018.0,192,5,4018.2,6,1,4018.3,13,4,4018.5,8,1
11483,2026-07-02 13:58:53+05:30,4017.7,1,4035.93,1571102,153147.0,179665.0,4100.0,4110.0,4012.0,4092.6,25429250,4501.8,3683.4,4440.0,3288.1,4017.6,78,3,4017.5,10,4,4017.3,1,1,4017.2,24,4,4017.0,755,23,4017.7,17,1,4018.0,192,5,4018.2,6,1,4018.3,13,4,4018.5,8,1
11483,2026-07-02 13:58:54+05:30,4017.7,1,4035.93,1571113,153368.0,179194.0,4100.0,4110.0,4012.0,4092.6,25429250,4501.8,3683.4,4440.0,3288.1,4017.6,74,3,4017.5,10,4,4017.3,1,1,4017.2,24,4,4017.0,905,24,4017.7,10,1,4018.0,192,5,4018.3,18,5,4018.5,8,1,4018.6,50,4
11483,2026-07-02 13:58:54+05:30,4017.6,2,4035.93,1571113,153368.0,179194.0,4100.0,4110.0,4012.0,4092.6,25429250,4501.8,3683.4,4440.0,3288.1,4017.6,74,3,4017.5,10,4,4017.3,1,1,4017.2,24,4,4017.0,905,24,4017.7,10,1,4018.0,192,5,4018.3,18,5,4018.5,8,1,4018.6,50,4
11483,2026-07-02 13:58:55+05:30,4017.7,9,4035.93,1571204,153365.0,179163.0,4100.0,4110.0,4012.0,4092.6,25429250,4501.8,3683.4,4440.0,3288.1,4017.6,72,3,4017.5,10,4,4017.3,1,1,4017.2,24,4,4017.0,905,24,4017.7,8,1,4018.0,178,3,4018.1,13,1,4018.3,7,4,4018.6,50,4
11483,2026-07-02 13:58:55+05:30,4017.6,11,4035.93,1571204,153365.0,179163.0,4100.0,4110.0,4012.0,4092.6,25429250,4501.8,3683.4,4440.0,3288.1,4017.6,72,3,4017.5,10,4,4017.3,1,1,4017.2,24,4,4017.0,905,24,4017.7,8,1,4018.0,178,3,4018.1,13,1,4018.3,7,4,4018.6,50,4
11483,2026-07-02 13:58:56+05:30,4017.6,1,4035.93,1571236,153333.0,179692.0,4100.0,4110.0,4012.0,4092.6,25429250,4501.8,3683.4,4440.0,3288.1,4017.6,40,2,4017.5,10,4,4017.3,1,1,4017.2,24,4,4017.0,905,24,4017.7,10,2,4018.0,178,3,4018.1,13,1,4018.3,7,4,4018.6,50,4
11483,2026-07-02 13:58:56+05:30,4017.6,3,4035.93,1571236,153333.0,179692.0,4100.0,4110.0,4012.0,4092.6,25429250,4501.8,3683.4,4440.0,3288.1,4017.6,40,2,4017.5,10,4,4017.3,1,1,4017.2,24,4,4017.0,905,24,4017.7,10,2,4018.0,178,3,4018.1,13,1,4018.3,7,4,4018.6,50,4
11483,2026-07-02 13:58:57+05:30,4017.6,2,4035.93,1571264,153490.0,180000.0,4100.0,4110.0,4012.0,4092.6,25429250,4501.8,3683.4,4440.0,3288.1,4017.6,15,2,4017.5,10,4,4017.3,1,1,4017.2,24,4,4017.0,905,24,4017.7,19,3,4018.0,178,3,4018.3,7,4,4018.6,50,4,4018.7,13,2
11483,2026-07-02 13:58:57+05:30,4017.6,3,4035.93,1571264,153490.0,180000.0,4100.0,4110.0,4012.0,4092.6,25429250,4501.8,3683.4,4440.0,3288.1,4017.6,15,2,4017.5,10,4,4017.3,1,1,4017.2,24,4,4017.0,905,24,4017.7,19,3,4018.0,178,3,4018.3,7,4,4018.6,50,4,4018.7,13,2
11483,2026-07-02 13:58:58+05:30,4017.5,5,4035.93,1571289,153061.0,180131.0,4100.0,4110.0,4012.0,4092.6,25429250,4501.8,3683.4,4440.0,3288.1,4017.3,1,1,4017.2,24,4,4017.0,905,24,4016.6,5,1,4016.5,2,1,4017.5,123,1,4017.6,1,1,4017.7,19,3,4018.0,189,4,4018.3,7,4
11483,2026-07-02 13:58:58+05:30,4017.3,1,4035.93,1571289,153061.0,180131.0,4100.0,4110.0,4012.0,4092.6,25429250,4501.8,3683.4,4440.0,3288.1,4017.3,1,1,4017.2,24,4,4017.0,905,24,4016.6,5,1,4016.5,2,1,4017.5,123,1,4017.6,1,1,4017.7,19,3,4018.0,189,4,4018.3,7,4
11483,2026-07-02 13:58:59+05:30,4017.5,1,4035.93,1571299,153055.0,180211.0,4100.0,4110.0,4012.0,4092.6,25429250,4501.8,3683.4,4440.0,3288.1,4017.4,1,1,4017.2,24,4,4017.0,905,24,4016.6,5,1,4016.4,2,1,4017.5,121,3,4017.6,1,1,4017.7,17,2,4018.0,189,4,4018.3,35,5
11483,2026-07-02 13:58:59+05:30,4017.4,1,4035.93,1571299,153055.0,180211.0,4100.0,4110.0,4012.0,4092.6,25429250,4501.8,3683.4,4440.0,3288.1,4017.4,1,1,4017.2,24,4,4017.0,905,24,4016.6,5,1,4016.4,2,1,4017.5,121,3,4017.6,1,1,4017.7,17,2,4018.0,189,4,4018.3,35,5
11483,2026-07-02 13:59:00+05:30,4017.2,2,4035.93,1571302,153082.0,179937.0,4100.0,4110.0,4012.0,4092.6,25429250,4501.8,3683.4,4440.0,3288.1,4017.2,22,3,4017.0,905,24,4016.6,5,1,4016.4,28,1,4016.3,7,2,4017.4,2,2,4017.5,132,3,4017.6,1,1,4017.7,5,1,4018.0,189,4
11483,2026-07-02 13:59:00+05:30,4017.2,1,4035.93,1571302,153082.0,179937.0,4100.0,4110.0,4012.0,4092.6,25429250,4501.8,3683.4,4440.0,3288.1,4017.2,22,3,4017.0,905,24,4016.6,5,1,4016.4,28,1,4016.3,7,2,4017.4,2,2,4017.5,132,3,4017.6,1,1,4017.7,5,1,4018.0,189,4
11483,2026-07-02 13:59:01+05:30,4017.2,2,4035.93,1571316,153107.0,180004.0,4100.0,4110.0,4012.0,4092.6,25429250,4501.8,3683.4,4440.0,3288.1,4017.2,18,2,4017.0,905,24,4016.6,5,1,4016.4,28,1,4016.3,5,1,4017.5,125,4,4017.6,1,1,4017.7,5,1,4018.0,178,3,4018.1,11,1
11483,2026-07-02 13:59:01+05:30,4017.2,1,4035.93,1571316,153107.0,180004.0,4100.0,4110.0,4012.0,4092.6,25429250,4501.8,3683.4,4440.0,3288.1,4017.2,18,2,4017.0,905,24,4016.6,5,1,4016.4,28,1,4016.3,5,1,4017.5,125,4,4017.6,1,1,4017.7,5,1,4018.0,178,3,4018.1,11,1
11483,2026-07-02 13:59:02+05:30,4017.2,1,4035.93,1571422,153201.0,179942.0,4100.0,4110.0,4012.0,4092.6,25429250,4501.8,3683.4,4440.0,3288.1,4017.2,12,2,4017.0,905,24,4016.6,5,1,4016.4,28,1,4016.3,5,1,4017.5,25,4,4017.6,1,1,4017.7,5,1,4018.0,178,3,4018.1,11,1
11483,2026-07-02 13:59:02+05:30,4017.2,1,4035.93,1571422,153201.0,179942.0,4100.0,4110.0,4012.0,4092.6,25429250,4501.8,3683.4,4440.0,3288.1,4017.2,12,2,4017.0,905,24,4016.6,5,1,4016.4,28,1,4016.3,5,1,4017.5,25,4,4017.6,1,1,4017.7,5,1,4018.0,178,3,4018.1,11,1
11483,2026-07-02 13:59:03+05:30,4017.2,2,4035.93,1571438,153249.0,180290.0,4100.0,4110.0,4012.0,4092.6,25429250,4501.8,3683.4,4440.0,3288.1,4017.2,3,2,4017.0,905,24,4016.6,5,1,4016.4,28,1,4016.2,517,5,4017.5,25,4,4017.6,1,1,4017.7,5,1,4017.9,11,1,4018.0,178,3
11483,2026-07-02 13:59:03+05:30,4017.2,1,4035.93,1571438,153249.0,180290.0,4100.0,4110.0,4012.0,4092.6,25429250,4501.8,3683.4,4440.0,3288.1,4017.2,3,2,4017.0,905,24,4016.6,5,1,4016.4,28,1,4016.2,517,5,4017.5,25,4,4017.6,1,1,4017.7,5,1,4017.9,11,1,4018.0,178,3
11483,2026-07-02 13:59:04+05:30,4017.1,2,4035.93,1571443,153734.0,179405.0,4100.0,4110.0,4012.0,4092.6,25429250,4501.8,3683.4,4440.0,3288.1,4017.1,198,1,4017.0,905,24,4016.7,28,1,4016.6,5,1,4016.4,28,1,4017.2,1,1,4017.5,24,3,4017.6,1,1,4017.7,5,1,4018.0,178,3
11483,2026-07-02 13:59:04+05:30,4017.2,2,4035.93,1571443,153734.0,179405.0,4100.0,4110.0,4012.0,4092.6,25429250,4501.8,3683.4,4440.0,3288.1,4017.1,198,1,4017.0,905,24,4016.7,28,1,4016.6,5,1,4016.4,28,1,4017.2,1,1,4017.5,24,3,4017.6,1,1,4017.7,5,1,4018.0,178,3
11483,2026-07-02 13:59:05+05:30,4017.1,1,4035.93,1571451,154469.0,179257.0,4100.0,4110.0,4012.0,4092.6,25429250,4501.8,3683.4,4440.0,3288.1,4017.1,196,1,4017.0,905,24,4016.7,41,2,4016.6,5,1,4016.4,41,2,4017.5,23,3,4017.6,1,1,4017.7,5,1,4018.0,177,2,4018.1,14,1
11483,2026-07-02 13:59:05+05:30,4017.1,1,4035.93,1571451,154469.0,179257.0,4100.0,4110.0,4012.0,4092.6,25429250,4501.8,3683.4,4440.0,3288.1,4017.1,196,1,4017.0,905,24,4016.7,41,2,4016.6,5,1,4016.4,41,2,4017.5,23,3,4017.6,1,1,4017.7,5,1,4018.0,177,2,4018.1,14,1
11483,2026-07-02 13:59:06+05:30,4017.1,2,4035.93,1571476,154679.0,179254.0,4100.0,4110.0,4012.0,4092.6,25429250,4501.8,3683.4,4440.0,3288.1,4017.1,178,1,4017.0,905,24,4016.7,28,1,4016.6,5,1,4016.4,41,2,4017.5,16,3,4017.6,1,1,4017.7,5,1,4018.0,177,2,4018.1,14,1
11483,2026-07-02 13:59:06+05:30,4017.1,1,4035.93,1571476,154679.0,179254.0,4100.0,4110.0,4012.0,4092.6,25429250,4501.8,3683.4,4440.0,3288.1,4017.1,178,1,4017.0,905,24,4016.7,28,1,4016.6,5,1,4016.4,41,2,4017.5,16,3,4017.6,1,1,4017.7,5,1,4018.0,177,2,4018.1,14,1
11483,2026-07-02 13:59:07+05:30,4017.1,1,4035.93,1571486,154672.0,178895.0,4100.0,4110.0,4012.0,4092.6,25429250,4501.8,3683.4,4440.0,3288.1,4017.1,171,1,4017.0,933,25,4016.7,41,2,4016.6,5,1,4016.4,41,2,4017.5,13,2,4017.6,1,1,4017.7,5,1,4018.0,2,1,4018.1,14,1
11483,2026-07-02 13:59:07+05:30,4017.1,1,4035.93,1571486,154672.0,178895.0,4100.0,4110.0,4012.0,4092.6,25429250,4501.8,3683.4,4440.0,3288.1,4017.1,171,1,4017.0,933,25,4016.7,41,2,4016.6,5,1,4016.4,41,2,4017.5,13,2,4017.6,1,1,4017.7,5,1,4018.0,2,1,4018.1,14,1
11483,2026-07-02 13:59:08+05:30,4017.1,2,4035.93,1571491,154648.0,178909.0,4100.0,4110.0,4012.0,4092.6,25429250,4501.8,3683.4,4440.0,3288.1,4017.1,166,1,4017.0,905,24,4016.7,41,2,4016.6,5,1,4016.4,41,2,4017.5,13,2,4017.6,1,1,4017.7,5,1,4017.9,3,1,4018.0,2,1
11483,2026-07-02 13:59:08+05:30,4017.1,1,4035.93,1571491,154648.0,178909.0,4100.0,4110.0,4012.0,4092.6,25429250,4501.8,3683.4,4440.0,3288.1,4017.1,166,1,4017.0,905,24,4016.7,41,2,4016.6,5,1,4016.4,41,2,4017.5,13,2,4017.6,1,1,4017.7,5,1,4017.9,3,1,4018.0,2,1
11483,2026-07-02 13:59:09+05:30,4017.2,2,4035.93,1571497,154650.0,178876.0,4100.0,4110.0,4012.0,4092.6,25429250,4501.8,3683.4,4440.0,3288.1,4017.2,7,1,4017.1,165,1,4017.0,905,24,4016.8,7,1,4016.7,50,3,4017.5,12,1,4017.6,1,1,4017.7,5,1,4018.0,2,1,4018.1,4,1
11483,2026-07-02 13:59:09+05:30,4017.2,2,4035.93,1571497,154650.0,178876.0,4100.0,4110.0,4012.0,4092.6,25429250,4501.8,3683.4,4440.0,3288.1,4017.2,7,1,4017.1,165,1,4017.0,905,24,4016.8,7,1,4016.7,50,3,4017.5,12,1,4017.6,1,1,4017.7,5,1,4018.0,2,1,4018.1,4,1
11483,2026-07-02 13:59:10+05:30,4017.2,3,4035.93,1571504,154653.0,179260.0,4100.0,4110.0,4012.0,4092.6,25429250,4501.8,3683.4,4440.0,3288.1,4017.1,174,3,4017.0,905,24,4016.7,28,1,4016.6,16,2,4016.5,11,1,4017.2,2,1,4017.5,12,1,4017.6,1,1,4017.7,5,1,4018.0,2,1
11483,2026-07-02 13:59:10+05:30,4017.1,1,4035.93,1571504,154653.0,179260.0,4100.0,4110.0,4012.0,4092.6,25429250,4501.8,3683.4,4440.0,3288.1,4017.1,174,3,4017.0,905,24,4016.7,28,1,4016.6,16,2,4016.5,11,1,4017.2,2,1,4017.5,12,1,4017.6,1,1,4017.7,5,1,4018.0,2,1
11483,2026-07-02 13:59:11+05:30,4017.1,2,4035.93,1571518,154687.0,179257.0,4100.0,4110.0,4012.0,4092.6,25429250,4501.8,3683.4,4440.0,3288.1,4017.1,169,3,4017.0,905,24,4016.7,28,1,4016.6,5,1,4016.5,11,1,4017.5,11,1,4017.6,1,1,4017.7,5,1,4018.0,6,2,4018.3,6,4
11483,2026-07-02 13:59:11+05:30,4017.1,1,4035.93,1571518,154687.0,179257.0,4100.0,4110.0,4012.0,4092.6,25429250,4501.8,3683.4,4440.0,3288.1,4017.1,169,3,4017.0,905,24,4016.7,28,1,4016.6,5,1,4016.5,11,1,4017.5,11,1,4017.6,1,1,4017.7,5,1,4018.0,6,2,4018.3,6,4
11483,2026-07-02 13:59:12+05:30,4017.5,24,4035.93,1571544,154228.0,179261.0,4100.0,4110.0,4012.0,4092.6,25429250,4501.8,3683.4,4440.0,3288.1,4017.1,168,4,4017.0,471,23,4016.7,28,1,4016.6,5,1,4016.5,11,1,4017.5,12,1,4017.6,1,1,4017.7,5,1,4018.0,2,1,4018.3,6,4
11483,2026-07-02 13:59:12+05:30,4017.1,1,4035.93,1571544,154228.0,179261.0,4100.0,4110.0,4012.0,4092.6,25429250,4501.8,3683.4,4440.0,3288.1,4017.1,168,4,4017.0,471,23,4016.7,28,1,4016.6,5,1,4016.5,11,1,4017.5,12,1,4017.6,1,1,4017.7,5,1,4018.0,2,1,4018.3,6,4
11483,2026-07-02 13:59:13+05:30,4017.1,2,4035.93,1571612,154084.0,178876.0,4100.0,4110.0,4012.0,4092.6,25429250,4501.8,3683.4,4440.0,3288.1,4017.1,152,3,4017.0,471,23,4016.7,28,1,4016.6,5,1,4016.5,11,1,4017.5,2,1,4017.6,1,1,4017.7,18,2,4018.0,2,1,4018.3,6,4
11483,2026-07-02 13:59:13+05:30,4017.1,2,4035.93,1571612,154084.0,178876.0,4100.0,4110.0,4012.0,4092.6,25429250,4501.8,3683.4,4440.0,3288.1,4017.1,152,3,4017.0,471,23,4016.7,28,1,4016.6,5,1,4016.5,11,1,4017.5,2,1,4017.6,1,1,4017.7,18,2,4018.0,2,1,4018.3,6,4
11483,2026-07-02 13:59:14+05:30,4017.1,1,4035.93,1571623,154091.0,179440.0,4100.0,4110.0,4012.0,4092.6,25429250,4501.8,3683.4,4440.0,3288.1,4017.1,141,3,4017.0,471,23,4016.7,28,1,4016.6,5,1,4016.4,30,2,4017.5,3,2,4017.6,1,1,4017.7,18,2,4018.0,3,2,4018.3,6,4
11483,2026-07-02 13:59:14+05:30,4017.1,2,4035.93,1571623,154091.0,179440.0,4100.0,4110.0,4012.0,4092.6,25429250,4501.8,3683.4,4440.0,3288.1,4017.1,141,3,4017.0,471,23,4016.7,28,1,4016.6,5,1,4016.4,30,2,4017.5,3,2,4017.6,1,1,4017.7,18,2,4018.0,3,2,4018.3,6,4
11483,2026-07-02 13:59:15+05:30,4017.1,1,4035.93,1571628,154082.0,179445.0,4100.0,4110.0,4012.0,4092.6,25429250,4501.8,3683.4,4440.0,3288.1,4017.1,146,4,4017.0,471,23,4016.7,28,1,4016.6,5,1,4016.4,30,2,4017.5,3,2,4017.6,1,1,4017.7,18,2,4018.0,3,2,4018.3,5,3
11483,2026-07-02 13:59:15+05:30,4017.1,1,4035.93,1571628,154082.0,179445.0,4100.0,4110.0,4012.0,4092.6,25429250,4501.8,3683.4,4440.0,3288.1,4017.1,146,4,4017.0,471,23,4016.7,28,1,4016.6,5,1,4016.4,30,2,4017.5,3,2,4017.6,1,1,4017.7,18,2,4018.0,3,2,4018.3,5,3
11483,2026-07-02 13:59:16+05:30,4017.5,4,4035.93,1571640,154078.0,179444.0,4100.0,4110.0,4012.0,4092.6,25429250,4501.8,3683.4,4440.0,3288.1,4017.1,142,4,4017.0,471,23,4016.7,28,1,4016.6,5,1,4016.4,30,2,4017.5,7,1,4017.6,1,1,4017.7,18,2,4018.0,3,2,4018.3,5,3
11483,2026-07-02 13:59:16+05:30,4017.1,51,4035.93,1571640,154078.0,179444.0,4100.0,4110.0,4012.0,4092.6,25429250,4501.8,3683.4,4440.0,3288.1,4017.1,142,4,4017.0,471,23,4016.7,28,1,4016.6,5,1,4016.4,30,2,4017.5,7,1,4017.6,1,1,4017.7,18,2,4018.0,3,2,4018.3,5,3
11483,2026-07-02 13:59:17+05:30,4017.1,8,4035.93,1571713,154077.0,178893.0,4100.0,4110.0,4012.0,4092.6,25429250,4501.8,3683.4,4440.0,3288.1,4017.1,88,6,4017.0,471,23,4016.8,10,1,4016.7,28,1,4016.6,5,1,4017.5,10,1,4017.6,1,1,4017.7,18,2,4018.0,3,2,4018.3,5,3
11483,2026-07-02 13:59:17+05:30,4017.1,2,4035.93,1571713,154077.0,178893.0,4100.0,4110.0,4012.0,4092.6,25429250,4501.8,3683.4,4440.0,3288.1,4017.1,88,6,4017.0,471,23,4016.8,10,1,4016.7,28,1,4016.6,5,1,4017.5,10,1,4017.6,1,1,4017.7,18,2,4018.0,3,2,4018.3,5,3
11483,2026-07-02 13:59:18+05:30,4017.1,2,4035.93,1571724,154044.0,178897.0,4100.0,4110.0,4012.0,4092.6,25429250,4501.8,3683.4,4440.0,3288.1,4017.1,77,6,4017.0,471,23,4016.8,10,1,4016.7,28,1,4016.6,5,1,4017.5,10,1,4017.6,1,1,4017.7,18,2,4017.9,3,1,4018.0,3,2
11483,2026-07-02 13:59:18+05:30,4017.1,2,4035.93,1571724,154044.0,178897.0,4100.0,4110.0,4012.0,4092.6,25429250,4501.8,3683.4,4440.0,3288.1,4017.1,77,6,4017.0,471,23,4016.8,10,1,4016.7,28,1,4016.6,5,1,4017.5,10,1,4017.6,1,1,4017.7,18,2,4017.9,3,1,4018.0,3,2
11483,2026-07-02 13:59:19+05:30,4017.5,5,4035.93,1571731,154253.0,179067.0,4100.0,4110.0,4012.0,4092.6,25429250,4501.8,3683.4,4440.0,3288.1,4017.3,1,1,4017.1,75,6,4017.0,471,23,4016.8,10,1,4016.7,28,1,4017.5,17,2,4017.6,1,1,4017.7,5,1,4018.0,3,2,4018.3,5,3
11483,2026-07-02 13:59:19+05:30,4017.6,1,4035.93,1571731,154253.0,179067.0,4100.0,4110.0,4012.0,4092.6,25429250,4501.8,3683.4,4440.0,3288.1,4017.3,1,1,4017.1,75,6,4017.0,471,23,4016.8,10,1,4016.7,28,1,4017.5,17,2,4017.6,1,1,4017.7,5,1,4018.0,3,2,4018.3,5,3
11483,2026-07-02 13:59:20+05:30,4017.3,3,4035.93,1571756,154459.0,178802.0,4100.0,4110.0,4012.0,4092.6,25429250,4501.8,3683.4,4440.0,3288.1,4017.2,6,2,4017.1,78,6,4017.0,471,23,4016.8,14,3,4016.7,44,3,4017.3,3,1,4017.7,18,2,4018.0,2,1,4018.6,3,1,4018.7,30,2
11483,2026-07-02 13:59:20+05:30,4017.2,2,4035.93,1571756,154459.0,178802.0,4100.0,4110.0,4012.0,4092.6,25429250,4501.8,3683.4,4440.0,3288.1,4017.2,6,2,4017.1,78,6,4017.0,471,23,4016.8,14,3,4016.7,44,3,4017.3,3,1,4017.7,18,2,4018.0,2,1,4018.6,3,1,4018.7,30,2
11483,2026-07-02 13:59:20+05:30,4017.2,2,4035.93,1571756,154459.0,178802.0,4100.0,4110.0,4012.0,4092.6,25429250,4501.8,3683.4,4440.0,3288.1,4017.2,6,2,4017.1,78,6,4017.0,471,23,4016.8,14,3,4016.7,44,3,4017.3,3,1,4017.7,18,2,4018.0,2,1,4018.6,3,1,4018.7,30,2
11483,2026-07-02 13:59:21+05:30,4017.3,11,4035.92,1571770,154067.0,178770.0,4100.0,4110.0,4012.0,4092.6,25429250,4501.8,3683.4,4440.0,3288.1,4017.1,88,8,4017.0,487,25,4016.9,17,3,4016.8,2,1,4016.7,44,3,4017.7,18,2,4018.0,2,1,4018.7,30,2,4018.9,67,3,4019.0,394,5
11483,2026-07-02 13:59:21+05:30,4017.3,11,4035.92,1571770,154067.0,178770.0,4100.0,4110.0,4012.0,4092.6,25429250,4501.8,3683.4,4440.0,3288.1,4017.1,88,8,4017.0,487,25,4016.9,17,3,4016.8,2,1,4016.7,44,3,4017.7,18,2,4018.0,2,1,4018.7,30,2,4018.9,67,3,4019.0,394,5
11483,2026-07-02 13:59:21+05:30,4017.1,17,4035.92,1571770,154067.0,178770.0,4100.0,4110.0,4012.0,4092.6,25429250,4501.8,3683.4,4440.0,3288.1,4017.1,88,8,4017.0,487,25,4016.9,17,3,4016.8,2,1,4016.7,44,3,4017.7,18,2,4018.0,2,1,4018.7,30,2,4018.9,67,3,4019.0,394,5
11483,2026-07-02 13:59:21+05:30,4017.1,17,4035.92,1571770,154067.0,178770.0,4100.0,4110.0,4012.0,4092.6,25429250,4501.8,3683.4,4440.0,3288.1,4017.1,88,8,4017.0,487,25,4016.9,17,3,4016.8,2,1,4016.7,44,3,4017.7,18,2,4018.0,2,1,4018.7,30,2,4018.9,67,3,4019.0,394,5
11483,2026-07-02 13:59:22+05:30,4017.5,14,4035.92,1571803,154070.0,179053.0,4100.0,4110.0,4012.0,4092.6,25429250,4501.8,3683.4,4440.0,3288.1,4017.3,19,4,4017.2,9,2,4017.1,59,7,4017.0,530,28,4016.9,10,1,4017.7,18,2,4018.8,64,1,4018.9,48,2,4019.0,394,5,4019.1,12,1
11483,2026-07-02 13:59:22+05:30,4017.5,14,4035.92,1571803,154070.0,179053.0,4100.0,4110.0,4012.0,4092.6,25429250,4501.8,3683.4,4440.0,3288.1,4017.3,19,4,4017.2,9,2,4017.1,59,7,4017.0,530,28,4016.9,10,1,4017.7,18,2,4018.8,64,1,4018.9,48,2,4019.0,394,5,4019.1,12,1
11483,2026-07-02 13:59:22+05:30,4017.3,9,4035.92,1571803,154070.0,179053.0,4100.0,4110.0,4012.0,4092.6,25429250,4501.8,3683.4,4440.0,3288.1,4017.3,19,4,4017.2,9,2,4017.1,59,7,4017.0,530,28,4016.9,10,1,4017.7,18,2,4018.8,64,1,4018.9,48,2,4019.0,394,5,4019.1,12,1
11483,2026-07-02 13:59:22+05:30,4017.3,9,4035.92,1571803,154070.0,179053.0,4100.0,4110.0,4012.0,4092.6,25429250,4501.8,3683.4,4440.0,3288.1,4017.3,19,4,4017.2,9,2,4017.1,59,7,4017.0,530,28,4016.9,10,1,4017.7,18,2,4018.8,64,1,4018.9,48,2,4019.0,394,5,4019.1,12,1
11483,2026-07-02 13:59:23+05:30,4017.3,9,4035.92,1571838,153915.0,178729.0,4100.0,4110.0,4012.0,4092.6,25429250,4501.8,3683.4,4440.0,3288.1,4017.2,22,4,4017.1,54,7,4017.0,516,28,4016.9,10,1,4016.7,44,3,4017.7,16,3,4018.9,41,3,4019.0,394,5,4019.1,12,1,4019.3,46,2
11483,2026-07-02 13:59:23+05:30,4017.3,9,4035.92,1571838,153915.0,178729.0,4100.0,4110.0,4012.0,4092.6,25429250,4501.8,3683.4,4440.0,3288.1,4017.2,22,4,4017.1,54,7,4017.0,516,28,4016.9,10,1,4016.7,44,3,4017.7,16,3,4018.9,41,3,4019.0,394,5,4019.1,12,1,4019.3,46,2
11483,2026-07-02 13:59:23+05:30,4017.2,1,4035.92,1571838,153915.0,178729.0,4100.0,4110.0,4012.0,4092.6,25429250,4501.8,3683.4,4440.0,3288.1,4017.2,22,4,4017.1,54,7,4017.0,516,28,4016.9,10,1,4016.7,44,3,4017.7,16,3,4018.9,41,3,4019.0,394,5,4019.1,12,1,4019.3,46,2
11483,2026-07-02 13:59:23+05:30,4017.2,1,4035.92,1571838,153915.0,178729.0,4100.0,4110.0,4012.0,4092.6,25429250,4501.8,3683.4,4440.0,3288.1,4017.2,22,4,4017.1,54,7,4017.0,516,28,4016.9,10,1,4016.7,44,3,4017.7,16,3,4018.9,41,3,4019.0,394,5,4019.1,12,1,4019.3,46,2
11483,2026-07-02 13:59:24+05:30,4017.7,2,4035.92,1571844,153916.0,178734.0,4100.0,4110.0,4012.0,4092.6,25429250,4501.8,3683.4,4440.0,3288.1,4017.2,21,4,4017.1,56,8,4017.0,508,26,4016.9,10,1,4016.8,5,1,4017.7,14,3,4018.9,41,3,4019.0,394,5,4019.1,12,1,4019.3,46,2
11483,2026-07-02 13:59:24+05:30,4017.7,2,4035.92,1571844,153916.0,178734.0,4100.0,4110.0,4012.0,4092.6,25429250,4501.8,3683.4,4440.0,3288.1,4017.2,21,4,4017.1,56,8,4017.0,508,26,4016.9,10,1,4016.8,5,1,4017.7,14,3,4018.9,41,3,4019.0,394,5,4019.1,12,1,4019.3,46,2
11483,2026-07-02 13:59:24+05:30,4017.2,1,4035.92,1571844,153916.0,178734.0,4100.0,4110.0,4012.0,4092.6,25429250,4501.8,3683.4,4440.0,3288.1,4017.2,21,4,4017.1,56,8,4017.0,508,26,4016.9,10,1,4016.8,5,1,4017.7,14,3,4018.9,41,3,4019.0,394,5,4019.1,12,1,4019.3,46,2
11483,2026-07-02 13:59:24+05:30,4017.2,1,4035.92,1571844,153916.0,178734.0,4100.0,4110.0,4012.0,4092.6,25429250,4501.8,3683.4,4440.0,3288.1,4017.2,21,4,4017.1,56,8,4017.0,508,26,4016.9,10,1,4016.8,5,1,4017.7,14,3,4018.9,41,3,4019.0,394,5,4019.1,12,1,4019.3,46,2
11483,2026-07-02 13:59:24+05:30,4017.2,1,4035.92,1571844,153916.0,178734.0,4100.0,4110.0,4012.0,4092.6,25439750,4501.8,3683.4,4440.0,3288.1,4017.2,21,4,4017.1,56,8,4017.0,508,26,4016.9,10,1,4016.8,5,1,4017.7,14,3,4018.9,41,3,4019.0,394,5,4019.1,12,1,4019.3,46,2
11483,2026-07-02 13:59:25+05:30,4017.7,10,4035.92,1571855,153987.0,178726.0,4100.0,4110.0,4012.0,4092.6,25439750,4501.8,3683.4,4440.0,3288.1,4017.2,17,3,4017.1,58,9,4017.0,508,26,4016.9,10,1,4016.8,5,1,4017.7,4,3,4018.9,41,3,4019.0,394,5,4019.1,12,1,4019.3,46,2
11483,2026-07-02 13:59:25+05:30,4017.7,10,4035.92,1571855,153987.0,178726.0,4100.0,4110.0,4012.0,4092.6,25439750,4501.8,3683.4,4440.0,3288.1,4017.2,17,3,4017.1,58,9,4017.0,508,26,4016.9,10,1,4016.8,5,1,4017.7,4,3,4018.9,41,3,4019.0,394,5,4019.1,12,1,4019.3,46,2
11483,2026-07-02 13:59:25+05:30,4017.2,1,4035.92,1571855,153987.0,178726.0,4100.0,4110.0,4012.0,4092.6,25439750,4501.8,3683.4,4440.0,3288.1,4017.2,17,3,4017.1,58,9,4017.0,508,26,4016.9,10,1,4016.8,5,1,4017.7,4,3,4018.9,41,3,4019.0,394,5,4019.1,12,1,4019.3,46,2
11483,2026-07-02 13:59:25+05:30,4017.2,1,4035.92,1571855,153987.0,178726.0,4100.0,4110.0,4012.0,4092.6,25439750,4501.8,3683.4,4440.0,3288.1,4017.2,17,3,4017.1,58,9,4017.0,508,26,4016.9,10,1,4016.8,5,1,4017.7,4,3,4018.9,41,3,4019.0,394,5,4019.1,12,1,4019.3,46,2
11483,2026-07-02 13:59:26+05:30,4017.7,1,4035.92,1571857,153983.0,178945.0,4100.0,4110.0,4012.0,4092.6,25439750,4501.8,3683.4,4440.0,3288.1,4017.3,30,5,4017.2,4,1,4017.1,58,9,4017.0,521,27,4016.9,22,2,4017.7,16,3,4018.9,70,3,4019.0,394,5,4019.1,12,1,4019.3,58,3
11483,2026-07-02 13:59:26+05:30,4017.7,1,4035.92,1571857,153983.0,178945.0,4100.0,4110.0,4012.0,4092.6,25439750,4501.8,3683.4,4440.0,3288.1,4017.3,30,5,4017.2,4,1,4017.1,58,9,4017.0,521,27,4016.9,22,2,4017.7,16,3,4018.9,70,3,4019.0,394,5,4019.1,12,1,4019.3,58,3
11483,2026-07-02 13:59:26+05:30,4017.3,6,4035.92,1571857,153983.0,178945.0,4100.0,4110.0,4012.0,4092.6,25439750,4501.8,3683.4,4440.0,3288.1,4017.3,30,5,4017.2,4,1,4017.1,58,9,4017.0,521,27,4016.9,22,2,4017.7,16,3,4018.9,70,3,4019.0,394,5,4019.1,12,1,4019.3,58,3
11483,2026-07-02 13:59:26+05:30,4017.3,6,4035.92,1571857,153983.0,178945.0,4100.0,4110.0,4012.0,4092.6,25439750,4501.8,3683.4,4440.0,3288.1,4017.3,30,5,4017.2,4,1,4017.1,58,9,4017.0,521,27,4016.9,22,2,4017.7,16,3,4018.9,70,3,4019.0,394,5,4019.1,12,1,4019.3,58,3
11483,2026-07-02 13:59:27+05:30,4017.3,1,4035.92,1571879,154011.0,178961.0,4100.0,4110.0,4012.0,4092.6,25439750,4501.8,3683.4,4440.0,3288.1,4017.3,19,3,4017.2,4,1,4017.1,56,8,4017.0,476,24,4016.9,7,1,4017.5,28,1,4017.7,18,2,4018.8,2,1,4018.9,70,3,4019.0,394,5
11483,2026-07-02 13:59:27+05:30,4017.3,2,4035.92,1571879,154011.0,178961.0,4100.0,4110.0,4012.0,4092.6,25439750,4501.8,3683.4,4440.0,3288.1,4017.3,19,3,4017.2,4,1,4017.1,56,8,4017.0,476,24,4016.9,7,1,4017.5,28,1,4017.7,18,2,4018.8,2,1,4018.9,70,3,4019.0,394,5
11483,2026-07-02 13:59:28+05:30,4017.5,27,4035.92,1571909,154421.0,178450.0,4100.0,4110.0,4012.0,4092.6,25439750,4501.8,3683.4,4440.0,3288.1,4017.5,8,1,4017.3,11,2,4017.1,53,7,4017.0,500,23,4016.8,16,3,4017.7,25,3,4018.9,67,2,4019.0,394,5,4019.1,12,1,4019.3,46,2
11483,2026-07-02 13:59:28+05:30,4017.5,4,4035.92,1571909,154421.0,178450.0,4100.0,4110.0,4012.0,4092.6,25439750,4501.8,3683.4,4440.0,3288.1,4017.5,8,1,4017.3,11,2,4017.1,53,7,4017.0,500,23,4016.8,16,3,4017.7,25,3,4018.9,67,2,4019.0,394,5,4019.1,12,1,4019.3,46,2
11483,2026-07-02 13:59:29+05:30,4017.7,7,4035.92,1571920,154572.0,178644.0,4100.0,4110.0,4012.0,4092.6,25439750,4501.8,3683.4,4440.0,3288.1,4017.6,1,1,4017.5,4,1,4017.3,3,1,4017.1,53,7,4017.0,496,23,4017.7,18,3,4018.9,79,3,4019.0,394,5,4019.1,12,1,4019.3,49,3
11483,2026-07-02 13:59:29+05:30,4017.6,1,4035.92,1571920,154572.0,178644.0,4100.0,4110.0,4012.0,4092.6,25439750,4501.8,3683.4,4440.0,3288.1,4017.6,1,1,4017.5,4,1,4017.3,3,1,4017.1,53,7,4017.0,496,23,4017.7,18,3,4018.9,79,3,4019.0,394,5,4019.1,12,1,4019.3,49,3
11483,2026-07-02 13:59:30+05:30,4017.6,1,4035.92,1571921,154568.0,178702.0,4100.0,4110.0,4012.0,4092.6,25439750,4501.8,3683.4,4440.0,3288.1,4017.5,4,1,4017.3,3,1,4017.1,53,7,4017.0,487,22,4016.8,8,1,4017.7,18,3,4018.9,79,3,4019.0,394,5,4019.1,12,1,4019.3,49,3
11483,2026-07-02 13:59:31+05:30,4018.9,25,4035.92,1572070,154583.0,178250.0,4100.0,4110.0,4012.0,4092.6,25439750,4501.8,3683.4,4440.0,3288.1,4017.6,1,1,4017.5,4,1,4017.3,3,1,4017.2,47,1,4017.1,53,7,4018.8,39,4,4018.9,13,2,4019.0,366,4,4019.1,31,1,4019.2,11,1
11483,2026-07-02 13:59:31+05:30,4018.8,2,4035.92,1572070,154583.0,178250.0,4100.0,4110.0,4012.0,4092.6,25439750,4501.8,3683.4,4440.0,3288.1,4017.6,1,1,4017.5,4,1,4017.3,3,1,4017.2,47,1,4017.1,53,7,4018.8,39,4,4018.9,13,2,4019.0,366,4,4019.1,31,1,4019.2,11,1
11483,2026-07-02 13:59:31+05:30,4018.8,2,4035.92,1572112,155100.0,178276.0,4100.0,4110.0,4012.0,4092.6,25439750,4501.8,3683.4,4440.0,3288.1,4018.0,2,1,4017.2,49,1,4017.1,65,8,4017.0,459,21,4016.8,22,2,4018.6,22,3,4018.7,17,3,4018.8,33,5,4018.9,23,3,4019.0,366,4
11483,2026-07-02 13:59:32+05:30,4018.0,2,4035.92,1572112,155100.0,178276.0,4100.0,4110.0,4012.0,4092.6,25439750,4501.8,3683.4,4440.0,3288.1,4018.0,2,1,4017.2,49,1,4017.1,65,8,4017.0,459,21,4016.8,22,2,4018.6,22,3,4018.7,17,3,4018.8,33,5,4018.9,23,3,4019.0,366,4
11483,2026-07-02 13:59:32+05:30,4018.0,2,4035.92,1572114,155094.0,178304.0,4100.0,4110.0,4012.0,4092.6,25439750,4501.8,3683.4,4440.0,3288.1,4017.7,1,1,4017.1,60,8,4017.0,459,21,4016.8,40,2,4016.7,2,1,4018.0,1,1,4018.6,22,3,4018.7,7,2,4018.8,13,3,4018.9,28,3
11483,2026-07-02 13:59:33+05:30,4018.0,2,4035.92,1572114,155148.0,178288.0,4100.0,4110.0,4012.0,4092.6,25439750,4501.8,3683.4,4440.0,3288.1,4017.7,1,1,4017.2,10,1,4017.1,60,8,4017.0,459,21,4016.8,40,2,4018.0,1,1,4018.6,22,3,4018.7,7,2,4018.8,13,3,4018.9,28,3
11483,2026-07-02 13:59:34+05:30,4018.6,1,4035.92,1572114,155148.0,178288.0,4100.0,4110.0,4012.0,4092.6,25439750,4501.8,3683.4,4440.0,3288.1,4017.7,1,1,4017.2,10,1,4017.1,60,8,4017.0,459,21,4016.8,40,2,4018.0,1,1,4018.6,22,3,4018.7,7,2,4018.8,13,3,4018.9,28,3
11483,2026-07-02 13:59:34+05:30,4018.6,1,4035.92,1572118,155176.0,178198.0,4100.0,4110.0,4012.0,4092.6,25439750,4501.8,3683.4,4440.0,3288.1,4018.0,7,1,4017.7,1,1,4017.4,3,1,4017.3,38,1,4017.2,58,2,4018.6,1,1,4018.7,17,3,4018.8,4,2,4018.9,13,2,4019.0,366,4
11483,2026-07-02 13:59:35+05:30,4018.6,1,4035.92,1572118,155176.0,178198.0,4100.0,4110.0,4012.0,4092.6,25439750,4501.8,3683.4,4440.0,3288.1,4018.0,7,1,4017.7,1,1,4017.4,3,1,4017.3,38,1,4017.2,58,2,4018.6,1,1,4018.7,17,3,4018.8,4,2,4018.9,13,2,4019.0,366,4
11483,2026-07-02 13:59:35+05:30,4018.7,1,4035.92,1572121,155230.0,177916.0,4100.0,4110.0,4012.0,4092.6,25439750,4501.8,3683.4,4440.0,3288.1,4018.0,6,1,4017.7,2,2,4017.3,49,2,4017.2,58,2,4017.1,72,9,4018.7,8,2,4018.8,19,4,4018.9,8,1,4019.0,394,5,4019.1,26,2
11483,2026-07-02 13:59:36+05:30,4018.7,1,4035.92,1572121,155230.0,177916.0,4100.0,4110.0,4012.0,4092.6,25439750,4501.8,3683.4,4440.0,3288.1,4018.0,6,1,4017.7,2,2,4017.3,49,2,4017.2,58,2,4017.1,72,9,4018.7,8,2,4018.8,19,4,4018.9,8,1,4019.0,394,5,4019.1,26,2
11483,2026-07-02 13:59:36+05:30,4018.7,1,4035.92,1572121,155197.0,177919.0,4100.0,4110.0,4012.0,4092.6,25439750,4501.8,3683.4,4440.0,3288.1,4018.0,6,1,4017.7,2,2,4017.6,1,1,4017.3,49,2,4017.2,58,2,4018.7,9,3,4018.8,19,4,4018.9,8,1,4019.0,395,6,4019.1,26,2
11483,2026-07-02 13:59:37+05:30,4018.7,1,4035.92,1572121,155197.0,177919.0,4100.0,4110.0,4012.0,4092.6,25439750,4501.8,3683.4,4440.0,3288.1,4018.0,6,1,4017.7,2,2,4017.6,1,1,4017.3,49,2,4017.2,58,2,4018.7,9,3,4018.8,19,4,4018.9,8,1,4019.0,395,6,4019.1,26,2
11483,2026-07-02 13:59:37+05:30,4018.0,6,4035.92,1572134,155220.0,178125.0,4100.0,4110.0,4012.0,4092.6,25439750,4501.8,3683.4,4440.0,3288.1,4018.0,2,1,4017.7,2,2,4017.6,1,1,4017.2,58,2,4017.1,83,10,4018.7,14,3,4018.8,16,4,4018.9,8,1,4019.0,443,7,4019.1,26,2
11483,2026-07-02 13:59:38+05:30,4018.0,2,4035.92,1572134,155220.0,178125.0,4100.0,4110.0,4012.0,4092.6,25439750,4501.8,3683.4,4440.0,3288.1,4018.0,2,1,4017.7,2,2,4017.6,1,1,4017.2,58,2,4017.1,83,10,4018.7,14,3,4018.8,16,4,4018.9,8,1,4019.0,443,7,4019.1,26,2
11483,2026-07-02 13:59:38+05:30,4018.0,2,4035.92,1572136,155123.0,179419.0,4100.0,4110.0,4012.0,4092.6,25439750,4501.8,3683.4,4440.0,3288.1,4018.0,2,1,4017.7,2,2,4017.6,1,1,4017.2,10,1,4017.1,60,8,4018.3,81,1,4018.4,57,3,4018.5,48,2,4018.6,1042,2,4018.7,42,4
11483,2026-07-02 13:59:39+05:30,4017.1,1,4035.92,1572136,155123.0,179419.0,4100.0,4110.0,4012.0,4092.6,25439750,4501.8,3683.4,4440.0,3288.1,4018.0,2,1,4017.7,2,2,4017.6,1,1,4017.2,10,1,4017.1,60,8,4018.3,81,1,4018.4,57,3,4018.5,48,2,4018.6,1042,2,4018.7,42,4
11483,2026-07-02 13:59:39+05:30,4017.1,1,4035.92,1572214,154873.0,179184.0,4100.0,4110.0,4012.0,4092.6,25439750,4501.8,3683.4,4440.0,3288.1,4017.5,3,1,4017.1,210,4,4017.0,459,21,4016.8,78,4,4016.6,16,3,4018.3,50,3,4018.4,42,1,4018.5,42,1,4018.6,1005,2,4018.7,83,4
11483,2026-07-02 13:59:40+05:30,4018.3,1,4035.92,1572214,154873.0,179184.0,4100.0,4110.0,4012.0,4092.6,25439750,4501.8,3683.4,4440.0,3288.1,4017.5,3,1,4017.1,210,4,4017.0,459,21,4016.8,78,4,4016.6,16,3,4018.3,50,3,4018.4,42,1,4018.5,42,1,4018.6,1005,2,4018.7,83,4
11483,2026-07-02 13:59:40+05:30,4018.3,1,4035.92,1572237,154933.0,179626.0,4100.0,4110.0,4012.0,4092.6,25439750,4501.8,3683.4,4440.0,3288.1,4017.1,203,3,4017.0,459,21,4016.8,26,1,4016.6,8,2,4016.5,22,2,4017.9,74,1,4018.1,42,1,4018.2,42,1,4018.3,43,2,4018.4,44,2
11483,2026-07-02 13:59:41+05:30,4017.1,2,4035.92,1572237,154933.0,179626.0,4100.0,4110.0,4012.0,4092.6,25439750,4501.8,3683.4,4440.0,3288.1,4017.1,203,3,4017.0,459,21,4016.8,26,1,4016.6,8,2,4016.5,22,2,4017.9,74,1,4018.1,42,1,4018.2,42,1,4018.3,43,2,4018.4,44,2
11483,2026-07-02 13:59:41+05:30,4017.1,2,4035.92,1572240,155202.0,179679.0,4100.0,4110.0,4012.0,4092.6,25439750,4501.8,3683.4,4440.0,3288.1,4017.1,200,1,4017.0,459,21,4016.8,26,1,4016.6,8,2,4016.5,11,2,4017.7,42,1,4017.8,42,1,4017.9,74,1,4018.0,42,1,4018.3,43,2
11483,2026-07-02 13:59:42+05:30,4017.1,2,4035.92,1572240,156473.0,179681.0,4100.0,4110.0,4012.0,4092.6,25439750,4501.8,3683.4,4440.0,3288.1,4017.1,200,1,4017.0,459,21,4016.8,26,1,4016.7,9,1,4016.6,8,2,4017.6,42,1,4017.7,44,2,4017.9,116,2,4018.3,41,1,4018.4,2,1
11483,2026-07-02 13:59:43+05:30,4017.1,2,4035.92,1572240,156556.0,179692.0,4100.0,4110.0,4012.0,4092.6,25439750,4501.8,3683.4,4440.0,3288.1,4017.1,200,1,4017.0,459,21,4016.8,26,1,4016.6,8,2,4016.5,11,2,4017.6,42,1,4017.7,44,2,4017.9,116,2,4018.3,41,1,4018.4,13,2
11483,2026-07-02 13:59:44+05:30,4017.1,7,4035.92,1572240,156556.0,179692.0,4100.0,4110.0,4012.0,4092.6,25439750,4501.8,3683.4,4440.0,3288.1,4017.1,200,1,4017.0,459,21,4016.8,26,1,4016.6,8,2,4016.5,11,2,4017.6,42,1,4017.7,44,2,4017.9,116,2,4018.3,41,1,4018.4,13,2
11483,2026-07-02 13:59:44+05:30,4017.1,7,4035.92,1572247,156544.0,179692.0,4100.0,4110.0,4012.0,4092.6,25439750,4501.8,3683.4,4440.0,3288.1,4017.1,194,2,4017.0,459,21,4016.8,26,1,4016.6,8,2,4016.5,11,2,4017.6,42,1,4017.7,44,2,4017.9,116,2,4018.3,41,1,4018.4,13,2
11483,2026-07-02 13:59:45+05:30,4017.5,1,4035.92,1572247,156544.0,179692.0,4100.0,4110.0,4012.0,4092.6,25439750,4501.8,3683.4,4440.0,3288.1,4017.1,194,2,4017.0,459,21,4016.8,26,1,4016.6,8,2,4016.5,11,2,4017.6,42,1,4017.7,44,2,4017.9,116,2,4018.3,41,1,4018.4,13,2
11483,2026-07-02 13:59:45+05:30,4017.6,3,4035.92,1572254,156693.0,179893.0,4100.0,4110.0,4012.0,4092.6,25439750,4501.8,3683.4,4440.0,3288.1,4017.1,200,3,4017.0,459,21,4016.8,26,1,4016.6,8,2,4016.5,11,2,4017.6,40,2,4017.7,42,1,4017.9,116,2,4018.3,64,3,4018.4,2,1
11483,2026-07-02 13:59:46+05:30,4017.6,8,4035.92,1572254,156693.0,179893.0,4100.0,4110.0,4012.0,4092.6,25439750,4501.8,3683.4,4440.0,3288.1,4017.1,200,3,4017.0,459,21,4016.8,26,1,4016.6,8,2,4016.5,11,2,4017.6,40,2,4017.7,42,1,4017.9,116,2,4018.3,64,3,4018.4,2,1
11483,2026-07-02 13:59:46+05:30,4017.6,8,4035.92,1572263,156816.0,179886.0,4100.0,4110.0,4012.0,4092.6,25439750,4501.8,3683.4,4440.0,3288.1,4017.1,199,3,4017.0,459,21,4016.8,26,1,4016.7,9,1,4016.6,8,2,4017.6,32,2,4017.7,42,1,4017.9,116,2,4018.1,12,1,4018.3,52,2
11483,2026-07-02 13:59:47+05:30,4017.6,1,4035.92,1572263,156816.0,179886.0,4100.0,4110.0,4012.0,4092.6,25439750,4501.8,3683.4,4440.0,3288.1,4017.1,199,3,4017.0,459,21,4016.8,26,1,4016.7,9,1,4016.6,8,2,4017.6,32,2,4017.7,42,1,4017.9,116,2,4018.1,12,1,4018.3,52,2
11483,2026-07-02 13:59:47+05:30,4017.6,1,4035.92,1572265,156837.0,179879.0,4100.0,4110.0,4012.0,4092.6,25439750,4501.8,3683.4,4440.0,3288.1,4017.1,198,3,4017.0,468,22,4016.8,26,1,4016.7,30,3,4016.6,20,3,4017.6,31,2,4017.7,55,2,4017.9,116,2,4018.3,41,1,4018.4,2,1
11483,2026-07-02 13:59:48+05:30,4017.6,1,4035.92,1572265,156837.0,179879.0,4100.0,4110.0,4012.0,4092.6,25439750,4501.8,3683.4,4440.0,3288.1,4017.1,198,3,4017.0,468,22,4016.8,26,1,4016.7,30,3,4016.6,20,3,4017.6,31,2,4017.7,55,2,4017.9,116,2,4018.3,41,1,4018.4,2,1
11483,2026-07-02 13:59:48+05:30,4017.6,1,4035.92,1572266,156856.0,179645.0,4100.0,4110.0,4012.0,4092.6,25439750,4501.8,3683.4,4440.0,3288.1,4017.1,207,4,4017.0,459,21,4016.8,26,1,4016.7,30,3,4016.6,22,4,4017.6,1,1,4017.7,13,1,4018.4,2,1,4018.5,11,1,4018.6,1028,3
11483,2026-07-02 13:59:49+05:30,4017.6,1,4035.92,1572268,156887.0,179712.0,4100.0,4110.0,4012.0,4092.6,25439750,4501.8,3683.4,4440.0,3288.1,4017.6,4,1,4017.3,1,1,4017.1,206,4,4017.0,459,21,4016.8,26,1,4017.7,13,1,4018.6,1028,3,4018.7,7,1,4018.8,15,3,4018.9,18,2
11483,2026-07-02 13:59:49+05:30,4017.6,1,4035.92,1572268,156887.0,179712.0,4100.0,4110.0,4012.0,4092.6,25439750,4501.8,3683.4,4440.0,3288.1,4017.6,4,1,4017.3,1,1,4017.1,206,4,4017.0,459,21,4016.8,26,1,4017.7,13,1,4018.6,1028,3,4018.7,7,1,4018.8,15,3,4018.9,18,2
11483,2026-07-02 13:59:50+05:30,4017.7,77,4035.92,1572360,156587.0,179653.0,4100.0,4110.0,4012.0,4092.6,25439750,4501.8,3683.4,4440.0,3288.1,4017.6,62,4,4017.5,42,1,4017.4,42,1,4017.3,38,3,4017.2,48,2,4017.7,13,1,4018.6,1028,3,4018.7,7,1,4018.8,6,2,4018.9,8,1
11483,2026-07-02 13:59:50+05:30,4017.7,11,4035.92,1572360,156587.0,179653.0,4100.0,4110.0,4012.0,4092.6,25439750,4501.8,3683.4,4440.0,3288.1,4017.6,62,4,4017.5,42,1,4017.4,42,1,4017.3,38,3,4017.2,48,2,4017.7,13,1,4018.6,1028,3,4018.7,7,1,4018.8,6,2,4018.9,8,1
11483,2026-07-02 13:59:51+05:30,4017.7,11,4035.92,1572407,156929.0,179550.0,4100.0,4110.0,4012.0,4092.6,25439750,4501.8,3683.4,4440.0,3288.1,4018.0,90,1,4017.7,52,5,4017.6,60,4,4017.5,42,1,4017.4,42,1,4018.3,1,1,4018.6,1023,2,4019.0,415,6,4019.2,2,1,4019.3,49,2
11483,2026-07-02 13:59:52+05:30,4018.0,1,4035.92,1572407,156929.0,179550.0,4100.0,4110.0,4012.0,4092.6,25439750,4501.8,3683.4,4440.0,3288.1,4018.0,90,1,4017.7,52,5,4017.6,60,4,4017.5,42,1,4017.4,42,1,4018.3,1,1,4018.6,1023,2,4019.0,415,6,4019.2,2,1,4019.3,49,2
11483,2026-07-02 13:59:52+05:30,4018.1,10,4035.92,1572424,158580.0,179365.0,4100.0,4110.0,4012.0,4092.6,25439750,4501.8,3683.4,4440.0,3288.1,4018.1,48,3,4018.0,125,2,4017.9,42,1,4017.7,51,4,4017.6,38,6,4018.3,1,1,4018.6,1023,2,4019.0,415,6,4019.2,2,1,4019.4,12,1
11483,2026-07-02 13:59:53+05:30,4018.6,4,4035.92,1572424,158580.0,179365.0,4100.0,4110.0,4012.0,4092.6,25439750,4501.8,3683.4,4440.0,3288.1,4018.1,48,3,4018.0,125,2,4017.9,42,1,4017.7,51,4,4017.6,38,6,4018.3,1,1,4018.6,1023,2,4019.0,415,6,4019.2,2,1,4019.4,12,1
11483,2026-07-02 13:59:53+05:30,4018.6,4,4035.92,1572543,158772.0,179187.0,4100.0,4110.0,4012.0,4092.6,25439750,4501.8,3683.4,4440.0,3288.1,4018.3,24,1,4018.1,88,4,4018.0,125,2,4017.9,5,1,4017.8,48,2,4018.6,907,2,4019.0,415,6,4019.6,127,2,4019.7,46,3,4019.8,15,1
11483,2026-07-02 13:59:54+05:30,4018.6,1,4035.92,1572543,158772.0,179187.0,4100.0,4110.0,4012.0,4092.6,25439750,4501.8,3683.4,4440.0,3288.1,4018.3,24,1,4018.1,88,4,4018.0,125,2,4017.9,5,1,4017.8,48,2,4018.6,907,2,4019.0,415,6,4019.6,127,2,4019.7,46,3,4019.8,15,1
11483,2026-07-02 13:59:54+05:30,4018.6,1,4035.92,1572561,158749.0,179287.0,4100.0,4110.0,4012.0,4092.6,25439750,4501.8,3683.4,4440.0,3288.1,4018.3,10,1,4018.1,88,4,4018.0,125,2,4017.9,5,1,4017.8,48,2,4018.6,903,2,4019.0,415,6,4019.4,33,2,4019.5,5,2,4019.6,124,1
11483,2026-07-02 13:59:55+05:30,4018.6,2,4035.92,1572561,158749.0,179287.0,4100.0,4110.0,4012.0,4092.6,25439750,4501.8,3683.4,4440.0,3288.1,4018.3,10,1,4018.1,88,4,4018.0,125,2,4017.9,5,1,4017.8,48,2,4018.6,903,2,4019.0,415,6,4019.4,33,2,4019.5,5,2,4019.6,124,1
11483,2026-07-02 13:59:55+05:30,4018.6,2,4035.92,1572565,158754.0,179277.0,4100.0,4110.0,4012.0,4092.6,25439750,4501.8,3683.4,4440.0,3288.1,4018.4,9,1,4018.3,66,4,4018.2,42,1,4018.1,30,1,4018.0,132,3,4018.6,901,2,4019.0,415,6,4019.4,33,2,4019.5,5,2,4019.6,124,1
11483,2026-07-02 13:59:56+05:30,4018.6,2,4035.92,1572565,158769.0,179254.0,4100.0,4110.0,4012.0,4092.6,25439750,4501.8,3683.4,4440.0,3288.1,4018.4,67,4,4018.3,53,3,4018.1,72,2,4018.0,90,2,4017.9,24,3,4018.6,901,2,4019.0,415,6,4019.4,33,2,4019.5,5,2,4019.6,124,1
11483,2026-07-02 13:59:57+05:30,4018.6,1,4035.92,1572565,158769.0,179254.0,4100.0,4110.0,4012.0,4092.6,25439750,4501.8,3683.4,4440.0,3288.1,4018.4,67,4,4018.3,53,3,4018.1,72,2,4018.0,90,2,4017.9,24,3,4018.6,901,2,4019.0,415,6,4019.4,33,2,4019.5,5,2,4019.6,124,1
11483,2026-07-02 13:59:57+05:30,4018.6,1,4035.92,1572567,158975.0,179254.0,4100.0,4110.0,4012.0,4092.6,25439750,4501.8,3683.4,4440.0,3288.1,4018.4,67,4,4018.3,103,4,4018.1,72,2,4018.0,90,2,4017.9,24,3,4018.6,899,2,4019.0,415,6,4019.4,33,2,4019.5,5,2,4019.6,124,1
11483,2026-07-02 13:59:58+05:30,4018.6,80,4035.92,1572567,158975.0,179254.0,4100.0,4110.0,4012.0,4092.6,25439750,4501.8,3683.4,4440.0,3288.1,4018.4,67,4,4018.3,103,4,4018.1,72,2,4018.0,90,2,4017.9,24,3,4018.6,899,2,4019.0,415,6,4019.4,33,2,4019.5,5,2,4019.6,124,1
11483,2026-07-02 13:59:58+05:30,4018.6,80,4035.91,1572648,158963.0,179149.0,4100.0,4110.0,4012.0,4092.6,25439750,4501.8,3683.4,4440.0,3288.1,4018.4,58,3,4018.3,103,4,4018.1,72,2,4018.0,90,2,4017.9,24,3,4018.6,821,3,4019.0,415,6,4019.4,5,1,4019.5,5,2,4019.6,124,1
11483,2026-07-02 13:59:59+05:30,4018.4,9,4035.91,1572648,158963.0,179149.0,4100.0,4110.0,4012.0,4092.6,25439750,4501.8,3683.4,4440.0,3288.1,4018.4,58,3,4018.3,103,4,4018.1,72,2,4018.0,90,2,4017.9,24,3,4018.6,821,3,4019.0,415,6,4019.4,5,1,4019.5,5,2,4019.6,124,1
11483,2026-07-02 13:59:59+05:30,4018.4,9,4035.91,1572664,158944.0,179145.0,4100.0,4110.0,4012.0,4092.6,25439750,4501.8,3683.4,4440.0,3288.1,4018.4,40,2,4018.3,100,3,4018.2,9,1,4018.1,72,2,4018.0,90,2,4018.6,815,4,4019.0,415,6,4019.4,8,2,4019.5,2,1,4019.6,124,1
11483,2026-07-02 14:00:00+05:30,4018.6,1,4035.91,1572664,158944.0,179145.0,4100.0,4110.0,4012.0,4092.6,25439750,4501.8,3683.4,4440.0,3288.1,4018.4,40,2,4018.3,100,3,4018.2,9,1,4018.1,72,2,4018.0,90,2,4018.6,815,4,4019.0,415,6,4019.4,8,2,4019.5,2,1,4019.6,124,1
11483,2026-07-02 14:00:00+05:30,4018.6,1,4035.91,1572667,158941.0,179173.0,4100.0,4110.0,4012.0,4092.6,25439750,4501.8,3683.4,4440.0,3288.1,4018.4,38,2,4018.3,100,3,4018.2,9,1,4018.1,72,2,4018.0,90,2,4018.6,814,4,4019.0,415,6,4019.4,5,1,4019.5,5,2,4019.6,124,1
11483,2026-07-02 14:00:01+05:30,4018.6,3,4035.91,1572686,158809.0,179169.0,4100.0,4110.0,4012.0,4092.6,25439750,4501.8,3683.4,4440.0,3288.1,4018.3,50,1,4018.2,16,2,4018.0,83,1,4017.9,9,1,4017.8,6,1,4018.6,796,4,4019.0,415,6,4019.4,8,2,4019.5,2,1,4019.6,124,1
11483,2026-07-02 14:00:01+05:30,4018.3,2,4035.91,1572686,158809.0,179169.0,4100.0,4110.0,4012.0,4092.6,25439750,4501.8,3683.4,4440.0,3288.1,4018.3,50,1,4018.2,16,2,4018.0,83,1,4017.9,9,1,4017.8,6,1,4018.6,796,4,4019.0,415,6,4019.4,8,2,4019.5,2,1,4019.6,124,1
11483,2026-07-02 14:00:02+05:30,4018.0,1,4035.91,1572740,159061.0,178969.0,4100.0,4110.0,4012.0,4092.6,25439750,4501.8,3683.4,4440.0,3288.1,4018.0,82,1,4017.6,15,3,4017.4,22,2,4017.3,37,2,4017.2,55,3,4018.6,746,4,4019.0,415,6,4019.3,3,1,4019.4,33,2,4019.5,2,1
11483,2026-07-02 14:00:02+05:30,4018.0,7,4035.91,1572740,159061.0,178969.0,4100.0,4110.0,4012.0,4092.6,25439750,4501.8,3683.4,4440.0,3288.1,4018.0,82,1,4017.6,15,3,4017.4,22,2,4017.3,37,2,4017.2,55,3,4018.6,746,4,4019.0,415,6,4019.3,3,1,4019.4,33,2,4019.5,2,1
11483,2026-07-02 14:00:03+05:30,4018.6,1,4035.91,1572749,159079.0,178997.0,4100.0,4110.0,4012.0,4092.6,25439750,4501.8,3683.4,4440.0,3288.1,4018.0,82,3,4017.6,15,3,4017.4,12,1,4017.3,37,2,4017.2,55,3,4018.6,745,4,4019.0,415,6,4019.3,3,1,4019.4,33,2,4019.5,2,1
11483,2026-07-02 14:00:03+05:30,4018.0,1,4035.91,1572749,159079.0,178997.0,4100.0,4110.0,4012.0,4092.6,25439750,4501.8,3683.4,4440.0,3288.1,4018.0,82,3,4017.6,15,3,4017.4,12,1,4017.3,37,2,4017.2,55,3,4018.6,745,4,4019.0,415,6,4019.3,3,1,4019.4,33,2,4019.5,2,1
11483,2026-07-02 14:00:04+05:30,4018.0,3,4035.91,1572753,159085.0,178999.0,4100.0,4110.0,4012.0,4092.6,25439750,4501.8,3683.4,4440.0,3288.1,4018.0,78,3,4017.6,15,3,4017.4,12,1,4017.3,47,3,4017.2,55,3,4018.6,745,4,4019.0,415,6,4019.3,3,1,4019.4,33,2,4019.5,2,1
11483,2026-07-02 14:00:04+05:30,4018.0,1,4035.91,1572753,159085.0,178999.0,4100.0,4110.0,4012.0,4092.6,25439750,4501.8,3683.4,4440.0,3288.1,4018.0,78,3,4017.6,15,3,4017.4,12,1,4017.3,47,3,4017.2,55,3,4018.6,745,4,4019.0,415,6,4019.3,3,1,4019.4,33,2,4019.5,2,1
11483,2026-07-02 14:00:05+05:30,4018.0,1,4035.91,1572754,158771.0,179091.0,4100.0,4110.0,4012.0,4092.6,25439750,4501.8,3683.4,4440.0,3288.1,4018.0,70,2,4017.6,15,3,4017.3,38,2,4017.2,7,2,4017.1,364,6,4018.3,53,1,4018.6,745,4,4019.0,415,6,4019.3,3,1,4019.4,33,2
11483,2026-07-02 14:00:05+05:30,4018.3,1,4035.91,1572754,158771.0,179091.0,4100.0,4110.0,4012.0,4092.6,25439750,4501.8,3683.4,4440.0,3288.1,4018.0,70,2,4017.6,15,3,4017.3,38,2,4017.2,7,2,4017.1,364,6,4018.3,53,1,4018.6,745,4,4019.0,415,6,4019.3,3,1,4019.4,33,2
11483,2026-07-02 14:00:06+05:30,4018.3,7,4035.91,1572909,158097.0,179030.0,4100.0,4110.0,4012.0,4092.6,25439750,4501.8,3683.4,4440.0,3288.1,4017.4,19,1,4017.3,21,4,4017.1,371,5,4017.0,340,24,4016.8,77,3,4018.3,47,2,4018.6,743,3,4018.9,2,1,4019.0,443,7,4019.3,3,1
11483,2026-07-02 14:00:06+05:30,4018.3,4,4035.91,1572909,158097.0,179030.0,4100.0,4110.0,4012.0,4092.6,25439750,4501.8,3683.4,4440.0,3288.1,4017.4,19,1,4017.3,21,4,4017.1,371,5,4017.0,340,24,4016.8,77,3,4018.3,47,2,4018.6,743,3,4018.9,2,1,4019.0,443,7,4019.3,3,1
11483,2026-07-02 14:00:07+05:30,4018.3,2,4035.91,1572934,158648.0,179237.0,4100.0,4110.0,4012.0,4092.6,25439750,4501.8,3683.4,4440.0,3288.1,4018.0,25,1,4017.3,7,1,4017.2,48,1,4017.1,384,6,4017.0,331,23,4018.3,41,2,4018.6,756,4,4019.0,443,7,4019.3,3,1,4019.4,45,3
11483,2026-07-02 14:00:07+05:30,4018.0,3,4035.91,1572934,158648.0,179237.0,4100.0,4110.0,4012.0,4092.6,25439750,4501.8,3683.4,4440.0,3288.1,4018.0,25,1,4017.3,7,1,4017.2,48,1,4017.1,384,6,4017.0,331,23,4018.3,41,2,4018.6,756,4,4019.0,443,7,4019.3,3,1,4019.4,45,3
11483,2026-07-02 14:00:08+05:30,4018.0,3,4035.91,1572937,158667.0,179242.0,4100.0,4110.0,4012.0,4092.6,25439750,4501.8,3683.4,4440.0,3288.1,4018.0,23,2,4017.3,7,1,4017.2,48,1,4017.1,384,6,4017.0,331,23,4018.3,43,3,4018.6,756,4,4019.0,443,7,4019.3,3,1,4019.4,45,3
11483,2026-07-02 14:00:08+05:30,4018.3,1,4035.91,1572937,158667.0,179242.0,4100.0,4110.0,4012.0,4092.6,25439750,4501.8,3683.4,4440.0,3288.1,4018.0,23,2,4017.3,7,1,4017.2,48,1,4017.1,384,6,4017.0,331,23,4018.3,43,3,4018.6,756,4,4019.0,443,7,4019.3,3,1,4019.4,45,3
11483,2026-07-02 14:00:09+05:30,4018.3,3,4035.91,1572946,158665.0,179237.0,4100.0,4110.0,4012.0,4092.6,25439750,4501.8,3683.4,4440.0,3288.1,4018.0,23,2,4017.3,7,1,4017.2,48,1,4017.1,384,6,4017.0,340,24,4018.3,35,4,4018.6,756,4,4019.0,443,7,4019.3,3,1,4019.4,45,3
11483,2026-07-02 14:00:09+05:30,4018.0,1,4035.91,1572946,158665.0,179237.0,4100.0,4110.0,4012.0,4092.6,25439750,4501.8,3683.4,4440.0,3288.1,4018.0,23,2,4017.3,7,1,4017.2,48,1,4017.1,384,6,4017.0,340,24,4018.3,35,4,4018.6,756,4,4019.0,443,7,4019.3,3,1,4019.4,45,3
11483,2026-07-02 14:00:10+05:30,4018.0,1,4035.91,1572947,158662.0,179255.0,4100.0,4110.0,4012.0,4092.6,25439750,4501.8,3683.4,4440.0,3288.1,4018.0,22,2,4017.3,7,1,4017.2,48,1,4017.1,356,5,4017.0,338,23,4018.3,47,5,4018.6,743,3,4019.0,443,7,4019.3,3,1,4019.4,54,4
11483,2026-07-02 14:00:10+05:30,4018.0,1,4035.91,1572947,158662.0,179255.0,4100.0,4110.0,4012.0,4092.6,25439750,4501.8,3683.4,4440.0,3288.1,4018.0,22,2,4017.3,7,1,4017.2,48,1,4017.1,356,5,4017.0,338,23,4018.3,47,5,4018.6,743,3,4019.0,443,7,4019.3,3,1,4019.4,54,4
11483,2026-07-02 14:00:11+05:30,4018.0,1,4035.91,1572960,158649.0,179254.0,4100.0,4110.0,4012.0,4092.6,25439750,4501.8,3683.4,4440.0,3288.1,4018.0,9,2,4017.3,7,1,4017.2,48,1,4017.1,356,5,4017.0,338,23,4018.3,47,5,4018.6,743,3,4019.0,443,7,4019.3,5,2,4019.4,54,4
11483,2026-07-02 14:00:11+05:30,4018.0,2,4035.91,1572960,158649.0,179254.0,4100.0,4110.0,4012.0,4092.6,25439750,4501.8,3683.4,4440.0,3288.1,4018.0,9,2,4017.3,7,1,4017.2,48,1,4017.1,356,5,4017.0,338,23,4018.3,47,5,4018.6,743,3,4019.0,443,7,4019.3,5,2,4019.4,54,4
11483,2026-07-02 14:00:12+05:30,4018.0,1,4035.91,1572965,158663.0,179254.0,4100.0,4110.0,4012.0,4092.6,25439750,4501.8,3683.4,4440.0,3288.1,4018.0,6,2,4017.6,5,1,4017.3,7,1,4017.2,48,1,4017.1,356,5,4018.3,44,4,4018.6,743,3,4019.0,443,7,4019.3,5,2,4019.4,54,4
11483,2026-07-02 14:00:12+05:30,4018.0,1,4035.91,1572965,158663.0,179254.0,4100.0,4110.0,4012.0,4092.6,25439750,4501.8,3683.4,4440.0,3288.1,4018.0,6,2,4017.6,5,1,4017.3,7,1,4017.2,48,1,4017.1,356,5,4018.3,44,4,4018.6,743,3,4019.0,443,7,4019.3,5,2,4019.4,54,4
11483,2026-07-02 14:00:13+05:30,4018.0,1,4035.91,1572966,158695.0,179257.0,4100.0,4110.0,4012.0,4092.6,25439750,4501.8,3683.4,4440.0,3288.1,4018.0,32,4,4017.6,5,1,4017.3,16,2,4017.2,48,1,4017.1,356,5,4018.3,44,4,4018.6,743,3,4019.0,443,7,4019.3,5,2,4019.4,54,4
11483,2026-07-02 14:00:14+05:30,4018.0,1,4035.91,1572966,158675.0,179219.0,4100.0,4110.0,4012.0,4092.6,25439750,4501.8,3683.4,4440.0,3288.1,4018.0,34,5,4017.6,22,3,4017.3,27,3,4017.2,48,1,4017.1,356,5,4018.3,44,4,4018.6,743,3,4019.0,443,7,4019.3,5,2,4019.4,45,3
11483,2026-07-02 14:00:15+05:30,4018.3,1,4035.91,1572971,158689.0,179205.0,4100.0,4110.0,4012.0,4092.6,25439750,4501.8,3683.4,4440.0,3288.1,4018.0,34,5,4017.9,9,1,4017.6,22,3,4017.3,27,3,4017.2,48,1,4018.3,39,4,4018.6,743,3,4019.0,443,7,4019.3,5,2,4019.4,55,4
11483,2026-07-02 14:00:15+05:30,4018.3,1,4035.91,1572971,158689.0,179205.0,4100.0,4110.0,4012.0,4092.6,25439750,4501.8,3683.4,4440.0,3288.1,4018.0,34,5,4017.9,9,1,4017.6,22,3,4017.3,27,3,4017.2,48,1,4018.3,39,4,4018.6,743,3,4019.0,443,7,4019.3,5,2,4019.4,55,4
11483,2026-07-02 14:00:16+05:30,4018.0,1,4035.91,1572981,158653.0,179472.0,4100.0,4110.0,4012.0,4092.6,25439750,4501.8,3683.4,4440.0,3288.1,4018.0,29,3,4017.9,9,1,4017.6,22,3,4017.3,27,3,4017.2,48,1,4018.3,34,4,4018.6,743,3,4018.9,3,1,4019.0,443,7,4019.3,2,1
11483,2026-07-02 14:00:16+05:30,4018.0,1,4035.91,1572981,158653.0,179472.0,4100.0,4110.0,4012.0,4092.6,25439750,4501.8,3683.4,4440.0,3288.1,4018.0,29,3,4017.9,9,1,4017.6,22,3,4017.3,27,3,4017.2,48,1,4018.3,34,4,4018.6,743,3,4018.9,3,1,4019.0,443,7,4019.3,2,1
11483,2026-07-02 14:00:17+05:30,4018.0,1,4035.91,1572982,158806.0,179476.0,4100.0,4110.0,4012.0,4092.6,25439750,4501.8,3683.4,4440.0,3288.1,4018.0,53,4,4017.9,9,1,4017.6,22,3,4017.3,27,3,4017.2,48,1,4018.3,36,5,4018.6,743,3,4018.9,3,1,4019.0,443,7,4019.3,2,1
11483,2026-07-02 14:00:17+05:30,4018.0,1,4035.91,1572982,158806.0,179476.0,4100.0,4110.0,4012.0,4092.6,25439750,4501.8,3683.4,4440.0,3288.1,4018.0,53,4,4017.9,9,1,4017.6,22,3,4017.3,27,3,4017.2,48,1,4018.3,36,5,4018.6,743,3,4018.9,3,1,4019.0,443,7,4019.3,2,1
11483,2026-07-02 14:00:18+05:30,4018.0,1,4035.91,1572983,158776.0,179476.0,4100.0,4110.0,4012.0,4092.6,25439750,4501.8,3683.4,4440.0,3288.1,4018.0,52,4,4017.6,13,2,4017.3,27,3,4017.2,48,1,4017.1,356,5,4018.3,36,5,4018.6,743,3,4018.9,3,1,4019.0,443,7,4019.3,2,1
11483,2026-07-02 14:00:19+05:30,4018.6,22,4035.91,1573142,159127.0,179581.0,4100.0,4110.0,4012.0,4092.6,25439750,4501.8,3683.4,4440.0,3288.1,4018.3,1,1,4018.0,34,3,4017.6,5,1,4017.3,27,3,4017.2,62,3,4018.6,721,3,4018.9,3,1,4019.0,415,6,4019.3,2,1,4019.4,35,3
11483,2026-07-02 14:00:19+05:30,4018.3,2,4035.91,1573142,159127.0,179581.0,4100.0,4110.0,4012.0,4092.6,25439750,4501.8,3683.4,4440.0,3288.1,4018.3,1,1,4018.0,34,3,4017.6,5,1,4017.3,27,3,4017.2,62,3,4018.6,721,3,4018.9,3,1,4019.0,415,6,4019.3,2,1,4019.4,35,3
11483,2026-07-02 14:00:21+05:30,4018.3,2,4035.91,1573142,159127.0,179581.0,4100.0,4110.0,4012.0,4092.6,25439750,4501.8,3683.4,4440.0,3288.1,4018.3,1,1,4018.0,34,3,4017.6,5,1,4017.3,27,3,4017.2,62,3,4018.6,721,3,4018.9,3,1,4019.0,415,6,4019.3,2,1,4019.4,35,3
11483,2026-07-02 14:00:22+05:30,4018.3,2,4035.91,1573142,159127.0,179581.0,4100.0,4110.0,4012.0,4092.6,25439750,4501.8,3683.4,4440.0,3288.1,4018.3,1,1,4018.0,34,3,4017.6,5,1,4017.3,27,3,4017.2,62,3,4018.6,721,3,4018.9,3,1,4019.0,415,6,4019.3,2,1,4019.4,35,3
11483,2026-07-02 14:00:22+05:30,4018.3,1,4035.91,1573146,159076.0,179389.0,4100.0,4110.0,4012.0,4092.6,25439750,4501.8,3683.4,4440.0,3288.1,4018.0,39,4,4017.7,9,1,4017.6,14,2,4017.3,27,3,4017.2,62,3,4018.3,1,1,4018.6,698,2,4018.8,7,1,4018.9,3,1,4019.0,400,5
11483,2026-07-02 14:00:22+05:30,4018.3,1,4035.91,1573146,159076.0,179389.0,4100.0,4110.0,4012.0,4092.6,25439750,4501.8,3683.4,4440.0,3288.1,4018.0,39,4,4017.7,9,1,4017.6,14,2,4017.3,27,3,4017.2,62,3,4018.3,1,1,4018.6,698,2,4018.8,7,1,4018.9,3,1,4019.0,400,5
11483,2026-07-02 14:00:23+05:30,4018.3,1,4035.91,1573146,159076.0,179389.0,4100.0,4110.0,4012.0,4092.6,25439750,4501.8,3683.4,4440.0,3288.1,4018.0,39,4,4017.7,9,1,4017.6,14,2,4017.3,27,3,4017.2,62,3,4018.3,1,1,4018.6,698,2,4018.8,7,1,4018.9,3,1,4019.0,400,5
11483,2026-07-02 14:00:24+05:30,4018.3,1,4035.91,1573146,159076.0,179389.0,4100.0,4110.0,4012.0,4092.6,25439750,4501.8,3683.4,4440.0,3288.1,4018.0,39,4,4017.7,9,1,4017.6,14,2,4017.3,27,3,4017.2,62,3,4018.3,1,1,4018.6,698,2,4018.8,7,1,4018.9,3,1,4019.0,400,5
11483,2026-07-02 14:00:24+05:30,4018.6,5,4035.91,1573146,159076.0,179389.0,4100.0,4110.0,4012.0,4092.6,25439750,4501.8,3683.4,4440.0,3288.1,4018.0,39,4,4017.7,9,1,4017.6,14,2,4017.3,27,3,4017.2,62,3,4018.3,1,1,4018.6,698,2,4018.8,7,1,4018.9,3,1,4019.0,400,5
11483,2026-07-02 14:00:24+05:30,4018.6,5,4035.91,1573146,159076.0,179389.0,4100.0,4110.0,4012.0,4092.6,25439750,4501.8,3683.4,4440.0,3288.1,4018.0,39,4,4017.7,9,1,4017.6,14,2,4017.3,27,3,4017.2,62,3,4018.3,1,1,4018.6,698,2,4018.8,7,1,4018.9,3,1,4019.0,400,5
11483,2026-07-02 14:00:25+05:30,4018.6,5,4035.91,1573146,159076.0,179389.0,4100.0,4110.0,4012.0,4092.6,25439750,4501.8,3683.4,4440.0,3288.1,4018.0,39,4,4017.7,9,1,4017.6,14,2,4017.3,27,3,4017.2,62,3,4018.3,1,1,4018.6,698,2,4018.8,7,1,4018.9,3,1,4019.0,400,5
11483,2026-07-02 14:00:25+05:30,4018.6,5,4035.91,1573146,159076.0,179389.0,4100.0,4110.0,4012.0,4092.6,25442025,4501.8,3683.4,4440.0,3288.1,4018.0,39,4,4017.7,9,1,4017.6,14,2,4017.3,27,3,4017.2,62,3,4018.3,1,1,4018.6,698,2,4018.8,7,1,4018.9,3,1,4019.0,400,5
11483,2026-07-02 14:00:26+05:30,4018.6,5,4035.91,1573146,159076.0,179389.0,4100.0,4110.0,4012.0,4092.6,25442025,4501.8,3683.4,4440.0,3288.1,4018.0,39,4,4017.7,9,1,4017.6,14,2,4017.3,27,3,4017.2,62,3,4018.3,1,1,4018.6,698,2,4018.8,7,1,4018.9,3,1,4019.0,400,5
11483,2026-07-02 14:00:27+05:30,4018.6,5,4035.91,1573146,159076.0,179389.0,4100.0,4110.0,4012.0,4092.6,25442025,4501.8,3683.4,4440.0,3288.1,4018.1,14,2,4018.0,29,4,4017.6,14,2,4017.3,27,3,4017.2,116,4,4018.6,547,3,4018.8,7,1,4019.0,400,5,4019.3,17,2,4019.4,28,1
11483,2026-07-02 14:00:27+05:30,4018.6,1,4035.91,1573326,159056.0,178903.0,4100.0,4110.0,4012.0,4092.6,25442025,4501.8,3683.4,4440.0,3288.1,4018.1,14,2,4018.0,29,4,4017.6,14,2,4017.3,27,3,4017.2,116,4,4018.6,547,3,4018.8,7,1,4019.0,400,5,4019.3,17,2,4019.4,28,1
11483,2026-07-02 14:00:27+05:30,4018.6,1,4035.91,1573326,159056.0,178903.0,4100.0,4110.0,4012.0,4092.6,25442025,4501.8,3683.4,4440.0,3288.1,4018.1,14,2,4018.0,29,4,4017.6,14,2,4017.3,27,3,4017.2,116,4,4018.6,547,3,4018.8,7,1,4019.0,400,5,4019.3,17,2,4019.4,28,1
11483,2026-07-02 14:00:27+05:30,4018.1,8,4035.91,1573326,159056.0,178903.0,4100.0,4110.0,4012.0,4092.6,25442025,4501.8,3683.4,4440.0,3288.1,4018.1,14,2,4018.0,29,4,4017.6,14,2,4017.3,27,3,4017.2,116,4,4018.6,547,3,4018.8,7,1,4019.0,400,5,4019.3,17,2,4019.4,28,1
11483,2026-07-02 14:00:30+05:30,4018.6,8,4035.91,1573326,159056.0,178903.0,4100.0,4110.0,4012.0,4092.6,25442025,4501.8,3683.4,4440.0,3288.1,4018.1,14,2,4018.0,29,4,4017.6,14,2,4017.3,27,3,4017.2,116,4,4018.6,547,3,4018.8,7,1,4019.0,400,5,4019.3,17,2,4019.4,28,1
11483,2026-07-02 14:00:31+05:30,4018.6,3,4035.9,1573627,159141.0,179134.0,4100.0,4110.0,4012.0,4092.6,25442025,4501.8,3683.4,4440.0,3288.1,4018.3,10,1,4018.1,1,1,4018.0,76,7,4017.7,10,1,4017.6,14,2,4018.6,270,5,4018.8,7,1,4018.9,20,1,4019.0,400,5,4019.2,3,1
11483,2026-07-02 14:00:33+05:30,4018.3,10,4035.9,1573627,159141.0,179134.0,4100.0,4110.0,4012.0,4092.6,25442025,4501.8,3683.4,4440.0,3288.1,4018.3,10,1,4018.1,1,1,4018.0,76,7,4017.7,10,1,4017.6,14,2,4018.6,270,5,4018.8,7,1,4018.9,20,1,4019.0,400,5,4019.2,3,1
11483,2026-07-02 14:00:35+05:30,4018.3,1,4035.9,1573627,159141.0,179134.0,4100.0,4110.0,4012.0,4092.6,25442025,4501.8,3683.4,4440.0,3288.1,4018.3,10,1,4018.1,1,1,4018.0,76,7,4017.7,10,1,4017.6,14,2,4018.6,270,5,4018.8,7,1,4018.9,20,1,4019.0,400,5,4019.2,3,1
11483,2026-07-02 14:00:36+05:30,4018.0,15,4035.9,1573705,159064.0,178929.0,4100.0,4110.0,4012.0,4092.6,25442025,4501.8,3683.4,4440.0,3288.1,4018.0,26,3,4017.6,14,2,4017.3,39,4,4017.2,62,3,4017.1,347,5,4018.3,15,2,4018.6,260,5,4018.8,7,1,4018.9,20,1,4019.0,428,6
11483,2026-07-02 14:00:37+05:30,4018.3,6,4035.9,1573705,159064.0,178929.0,4100.0,4110.0,4012.0,4092.6,25442025,4501.8,3683.4,4440.0,3288.1,4018.0,26,3,4017.6,14,2,4017.3,39,4,4017.2,62,3,4017.1,347,5,4018.3,15,2,4018.6,260,5,4018.8,7,1,4018.9,20,1,4019.0,428,6
11483,2026-07-02 14:00:39+05:30,4018.6,1,4035.9,1573705,159064.0,178929.0,4100.0,4110.0,4012.0,4092.6,25442025,4501.8,3683.4,4440.0,3288.1,4018.0,26,3,4017.6,14,2,4017.3,39,4,4017.2,62,3,4017.1,347,5,4018.3,15,2,4018.6,260,5,4018.8,7,1,4018.9,20,1,4019.0,428,6
11483,2026-07-02 14:00:40+05:30,4018.6,2,4035.9,1573745,159173.0,179233.0,4100.0,4110.0,4012.0,4092.6,25442025,4501.8,3683.4,4440.0,3288.1,4018.0,39,5,4017.8,10,1,4017.7,11,1,4017.6,32,4,4017.5,12,1,4018.6,269,7,4018.8,7,1,4018.9,20,1,4019.0,400,5,4019.1,3,1
11483,2026-07-02 14:00:41+05:30,4018.6,10,4035.9,1573745,159173.0,179233.0,4100.0,4110.0,4012.0,4092.6,25442025,4501.8,3683.4,4440.0,3288.1,4018.0,39,5,4017.8,10,1,4017.7,11,1,4017.6,32,4,4017.5,12,1,4018.6,269,7,4018.8,7,1,4018.9,20,1,4019.0,400,5,4019.1,3,1
11483,2026-07-02 14:00:43+05:30,4018.6,1,4035.9,1573745,159173.0,179233.0,4100.0,4110.0,4012.0,4092.6,25442025,4501.8,3683.4,4440.0,3288.1,4018.0,39,5,4017.8,10,1,4017.7,11,1,4017.6,32,4,4017.5,12,1,4018.6,269,7,4018.8,7,1,4018.9,20,1,4019.0,400,5,4019.1,3,1
11483,2026-07-02 14:00:45+05:30,4018.6,1,4035.9,1573785,158940.0,179237.0,4100.0,4110.0,4012.0,4092.6,25442025,4501.8,3683.4,4440.0,3288.1,4018.1,182,1,4018.0,7,1,4017.9,10,1,4017.6,44,5,4017.5,12,1,4018.5,1,1,4018.6,254,7,4018.8,7,1,4018.9,20,1,4019.0,400,5
11483,2026-07-02 14:00:45+05:30,4018.1,5,4035.9,1573785,158940.0,179237.0,4100.0,4110.0,4012.0,4092.6,25442025,4501.8,3683.4,4440.0,3288.1,4018.1,182,1,4018.0,7,1,4017.9,10,1,4017.6,44,5,4017.5,12,1,4018.5,1,1,4018.6,254,7,4018.8,7,1,4018.9,20,1,4019.0,400,5
11483,2026-07-02 14:00:47+05:30,4018.1,42,4035.9,1573785,158940.0,179237.0,4100.0,4110.0,4012.0,4092.6,25442025,4501.8,3683.4,4440.0,3288.1,4018.1,182,1,4018.0,7,1,4017.9,10,1,4017.6,44,5,4017.5,12,1,4018.5,1,1,4018.6,254,7,4018.8,7,1,4018.9,20,1,4019.0,400,5
11483,2026-07-02 14:00:49+05:30,4018.6,2,4035.9,1573785,158940.0,179237.0,4100.0,4110.0,4012.0,4092.6,25442025,4501.8,3683.4,4440.0,3288.1,4018.1,182,1,4018.0,7,1,4017.9,10,1,4017.6,44,5,4017.5,12,1,4018.5,1,1,4018.6,254,7,4018.8,7,1,4018.9,20,1,4019.0,400,5
11483,2026-07-02 14:00:50+05:30,4018.1,1,4035.9,1573859,159008.0,179348.0,4100.0,4110.0,4012.0,4092.6,25442025,4501.8,3683.4,4440.0,3288.1,4018.3,50,1,4018.1,134,1,4018.0,9,2,4017.6,24,3,4017.5,12,1,4018.6,247,8,4018.7,32,1,4018.8,7,1,4018.9,20,1,4019.0,400,5
11483,2026-07-02 14:00:51+05:30,4018.3,1,4035.9,1573859,159008.0,179348.0,4100.0,4110.0,4012.0,4092.6,25442025,4501.8,3683.4,4440.0,3288.1,4018.3,50,1,4018.1,134,1,4018.0,9,2,4017.6,24,3,4017.5,12,1,4018.6,247,8,4018.7,32,1,4018.8,7,1,4018.9,20,1,4019.0,400,5
11483,2026-07-02 14:00:54+05:30,4018.6,2,4035.9,1573859,159008.0,179348.0,4100.0,4110.0,4012.0,4092.6,25442025,4501.8,3683.4,4440.0,3288.1,4018.3,50,1,4018.1,134,1,4018.0,9,2,4017.6,24,3,4017.5,12,1,4018.6,247,8,4018.7,32,1,4018.8,7,1,4018.9,20,1,4019.0,400,5
11483,2026-07-02 14:00:55+05:30,4018.6,2,4035.9,1573882,159055.0,179256.0,4100.0,4110.0,4012.0,4092.6,25442025,4501.8,3683.4,4440.0,3288.1,4018.3,40,1,4018.1,134,1,4018.0,9,2,4017.6,16,3,4017.3,53,4,4018.6,235,9,4018.7,32,1,4018.8,7,1,4018.9,20,1,4019.0,500,6
11483,2026-07-02 14:00:57+05:30,4018.5,5,4035.9,1573882,159055.0,179256.0,4100.0,4110.0,4012.0,4092.6,25442025,4501.8,3683.4,4440.0,3288.1,4018.3,40,1,4018.1,134,1,4018.0,9,2,4017.6,16,3,4017.3,53,4,4018.6,235,9,4018.7,32,1,4018.8,7,1,4018.9,20,1,4019.0,500,6
11483,2026-07-02 14:00:59+05:30,4018.5,7,4035.9,1573882,159055.0,179256.0,4100.0,4110.0,4012.0,4092.6,25442025,4501.8,3683.4,4440.0,3288.1,4018.3,40,1,4018.1,134,1,4018.0,9,2,4017.6,16,3,4017.3,53,4,4018.6,235,9,4018.7,32,1,4018.8,7,1,4018.9,20,1,4019.0,500,6
11483,2026-07-02 14:00:59+05:30,4018.5,7,4035.9,1574001,159529.0,179145.0,4100.0,4110.0,4012.0,4092.6,25442025,4501.8,3683.4,4440.0,3288.1,4018.3,37,1,4018.2,50,1,4018.1,134,1,4018.0,26,3,4017.9,9,1,4018.5,6,1,4018.6,215,10,4018.7,32,1,4018.8,7,1,4018.9,20,1
11483,2026-07-02 14:01:01+05:30,4018.5,5,4035.9,1574001,159529.0,179145.0,4100.0,4110.0,4012.0,4092.6,25442025,4501.8,3683.4,4440.0,3288.1,4018.3,37,1,4018.2,50,1,4018.1,134,1,4018.0,26,3,4017.9,9,1,4018.5,6,1,4018.6,215,10,4018.7,32,1,4018.8,7,1,4018.9,20,1
11483,2026-07-02 14:01:04+05:30,4018.3,3,4035.9,1574042,159400.0,178725.0,4100.0,4110.0,4012.0,4092.6,25442025,4501.8,3683.4,4440.0,3288.1,4018.3,70,2,4018.2,50,1,4018.1,134,1,4018.0,19,2,4017.6,16,3,4018.5,312,2,4018.6,19,5,4018.7,32,1,4018.8,7,1,4018.9,20,1
11483,2026-07-02 14:01:04+05:30,4018.3,3,4035.9,1574042,159400.0,178725.0,4100.0,4110.0,4012.0,4092.6,25442025,4501.8,3683.4,4440.0,3288.1,4018.3,70,2,4018.2,50,1,4018.1,134,1,4018.0,19,2,4017.6,16,3,4018.5,312,2,4018.6,19,5,4018.7,32,1,4018.8,7,1,4018.9,20,1
11483,2026-07-02 14:01:07+05:30,4018.5,8,4035.9,1574042,159400.0,178725.0,4100.0,4110.0,4012.0,4092.6,25442025,4501.8,3683.4,4440.0,3288.1,4018.3,70,2,4018.2,50,1,4018.1,134,1,4018.0,19,2,4017.6,16,3,4018.5,312,2,4018.6,19,5,4018.7,32,1,4018.8,7,1,4018.9,20,1
11483,2026-07-02 14:01:09+05:30,4018.5,1,4035.9,1574215,159394.0,178516.0,4100.0,4110.0,4012.0,4092.6,25442025,4501.8,3683.4,4440.0,3288.1,4018.3,44,1,4018.2,25,1,4018.1,134,1,4018.0,19,2,4017.6,26,4,4018.5,270,3,4018.6,103,4,4018.7,32,1,4018.8,7,1,4018.9,20,1
11483,2026-07-02 14:01:10+05:30,4018.3,11,4035.9,1574215,159394.0,178516.0,4100.0,4110.0,4012.0,4092.6,25442025,4501.8,3683.4,4440.0,3288.1,4018.3,44,1,4018.2,25,1,4018.1,134,1,4018.0,19,2,4017.6,26,4,4018.5,270,3,4018.6,103,4,4018.7,32,1,4018.8,7,1,4018.9,20,1
11483,2026-07-02 14:01:13+05:30,4018.5,20,4035.9,1574215,159394.0,178516.0,4100.0,4110.0,4012.0,4092.6,25442025,4501.8,3683.4,4440.0,3288.1,4018.3,44,1,4018.2,25,1,4018.1,134,1,4018.0,19,2,4017.6,26,4,4018.5,270,3,4018.6,103,4,4018.7,32,1,4018.8,7,1,4018.9,20,1
11483,2026-07-02 14:01:14+05:30,4018.7,1,4035.89,1574755,159810.0,177138.0,4100.0,4110.0,4012.0,4092.6,25442025,4501.8,3683.4,4440.0,3288.1,4018.5,14,2,4018.3,20,2,4018.2,42,3,4018.1,134,1,4018.0,40,5,4018.7,13,1,4018.8,7,1,4018.9,20,1,4019.0,89,4,4019.3,190,2
11483,2026-07-02 14:01:15+05:30,4018.5,25,4035.89,1574755,159810.0,177138.0,4100.0,4110.0,4012.0,4092.6,25442025,4501.8,3683.4,4440.0,3288.1,4018.5,14,2,4018.3,20,2,4018.2,42,3,4018.1,134,1,4018.0,40,5,4018.7,13,1,4018.8,7,1,4018.9,20,1,4019.0,89,4,4019.3,190,2
11483,2026-07-02 14:01:17+05:30,4018.7,2,4035.89,1574755,159810.0,177138.0,4100.0,4110.0,4012.0,4092.6,25442025,4501.8,3683.4,4440.0,3288.1,4018.5,14,2,4018.3,20,2,4018.2,42,3,4018.1,134,1,4018.0,40,5,4018.7,13,1,4018.8,7,1,4018.9,20,1,4019.0,89,4,4019.3,190,2
11483,2026-07-02 14:01:19+05:30,4018.7,2,4035.89,1574836,159868.0,177704.0,4100.0,4110.0,4012.0,4092.6,25442025,4501.8,3683.4,4440.0,3288.1,4018.5,127,4,4018.3,14,3,4018.2,39,2,4018.1,134,1,4018.0,34,4,4018.7,31,1,4018.8,7,1,4019.0,26,2,4019.1,15,1,4019.3,190,2
11483,2026-07-02 14:01:19+05:30,4018.5,10,4035.89,1574836,159868.0,177704.0,4100.0,4110.0,4012.0,4092.6,25442025,4501.8,3683.4,4440.0,3288.1,4018.5,127,4,4018.3,14,3,4018.2,39,2,4018.1,134,1,4018.0,34,4,4018.7,31,1,4018.8,7,1,4019.0,26,2,4019.1,15,1,4019.3,190,2
11483,2026-07-02 14:01:21+05:30,4018.5,10,4035.89,1574836,159868.0,177704.0,4100.0,4110.0,4012.0,4092.6,25442025,4501.8,3683.4,4440.0,3288.1,4018.5,127,4,4018.3,14,3,4018.2,39,2,4018.1,134,1,4018.0,34,4,4018.7,31,1,4018.8,7,1,4019.0,26,2,4019.1,15,1,4019.3,190,2
11483,2026-07-02 14:01:21+05:30,4018.8,2,4035.89,1574836,159868.0,177704.0,4100.0,4110.0,4012.0,4092.6,25442025,4501.8,3683.4,4440.0,3288.1,4018.5,127,4,4018.3,14,3,4018.2,39,2,4018.1,134,1,4018.0,34,4,4018.7,31,1,4018.8,7,1,4019.0,26,2,4019.1,15,1,4019.3,190,2
11483,2026-07-02 14:01:22+05:30,4018.8,2,4035.89,1574836,159868.0,177704.0,4100.0,4110.0,4012.0,4092.6,25442025,4501.8,3683.4,4440.0,3288.1,4018.5,127,4,4018.3,14,3,4018.2,39,2,4018.1,134,1,4018.0,34,4,4018.7,31,1,4018.8,7,1,4019.0,26,2,4019.1,15,1,4019.3,190,2
11483,2026-07-02 14:01:23+05:30,4018.8,2,4035.89,1574836,159868.0,177704.0,4100.0,4110.0,4012.0,4092.6,25442025,4501.8,3683.4,4440.0,3288.1,4018.5,127,4,4018.3,14,3,4018.2,39,2,4018.1,134,1,4018.0,34,4,4018.7,31,1,4018.8,7,1,4019.0,26,2,4019.1,15,1,4019.3,190,2
11483,2026-07-02 14:01:23+05:30,4019.0,10,4035.89,1574836,159868.0,177704.0,4100.0,4110.0,4012.0,4092.6,25442025,4501.8,3683.4,4440.0,3288.1,4018.5,127,4,4018.3,14,3,4018.2,39,2,4018.1,134,1,4018.0,34,4,4018.7,31,1,4018.8,7,1,4019.0,26,2,4019.1,15,1,4019.3,190,2
11483,2026-07-02 14:01:23+05:30,4019.0,10,4035.89,1574836,159868.0,177704.0,4100.0,4110.0,4012.0,4092.6,25442025,4501.8,3683.4,4440.0,3288.1,4018.5,127,4,4018.3,14,3,4018.2,39,2,4018.1,134,1,4018.0,34,4,4018.7,31,1,4018.8,7,1,4019.0,26,2,4019.1,15,1,4019.3,190,2
11483,2026-07-02 14:01:24+05:30,4019.0,10,4035.89,1574836,159868.0,177704.0,4100.0,4110.0,4012.0,4092.6,25442025,4501.8,3683.4,4440.0,3288.1,4018.5,127,4,4018.3,14,3,4018.2,39,2,4018.1,134,1,4018.0,34,4,4018.7,31,1,4018.8,7,1,4019.0,26,2,4019.1,15,1,4019.3,190,2
11483,2026-07-02 14:01:24+05:30,4019.0,1,4035.89,1574928,159951.0,177432.0,4100.0,4110.0,4012.0,4092.6,25442025,4501.8,3683.4,4440.0,3288.1,4019.0,132,6,4018.9,42,1,4018.8,45,2,4018.7,42,1,4018.6,6,2,4019.1,15,1,4019.2,175,1,4019.3,15,1,4019.9,8,3,4020.0,786,5
11483,2026-07-02 14:01:24+05:30,4019.0,1,4035.89,1574928,159951.0,177432.0,4100.0,4110.0,4012.0,4092.6,25442025,4501.8,3683.4,4440.0,3288.1,4019.0,132,6,4018.9,42,1,4018.8,45,2,4018.7,42,1,4018.6,6,2,4019.1,15,1,4019.2,175,1,4019.3,15,1,4019.9,8,3,4020.0,786,5
11483,2026-07-02 14:01:25+05:30,4019.0,1,4035.89,1574928,159951.0,177432.0,4100.0,4110.0,4012.0,4092.6,25442025,4501.8,3683.4,4440.0,3288.1,4019.0,132,6,4018.9,42,1,4018.8,45,2,4018.7,42,1,4018.6,6,2,4019.1,15,1,4019.2,175,1,4019.3,15,1,4019.9,8,3,4020.0,786,5
11483,2026-07-02 14:01:25+05:30,4019.2,14,4035.89,1574928,159951.0,177432.0,4100.0,4110.0,4012.0,4092.6,25442025,4501.8,3683.4,4440.0,3288.1,4019.0,132,6,4018.9,42,1,4018.8,45,2,4018.7,42,1,4018.6,6,2,4019.1,15,1,4019.2,175,1,4019.3,15,1,4019.9,8,3,4020.0,786,5
11483,2026-07-02 14:01:25+05:30,4019.2,14,4035.89,1574928,159951.0,177432.0,4100.0,4110.0,4012.0,4092.6,25441675,4501.8,3683.4,4440.0,3288.1,4019.0,132,6,4018.9,42,1,4018.8,45,2,4018.7,42,1,4018.6,6,2,4019.1,15,1,4019.2,175,1,4019.3,15,1,4019.9,8,3,4020.0,786,5
11483,2026-07-02 14:01:26+05:30,4019.2,14,4035.89,1574928,159951.0,177432.0,4100.0,4110.0,4012.0,4092.6,25441675,4501.8,3683.4,4440.0,3288.1,4019.0,132,6,4018.9,42,1,4018.8,45,2,4018.7,42,1,4018.6,6,2,4019.1,15,1,4019.2,175,1,4019.3,15,1,4019.9,8,3,4020.0,786,5
11483,2026-07-02 14:01:27+05:30,4019.2,14,4035.89,1574928,159951.0,177432.0,4100.0,4110.0,4012.0,4092.6,25441675,4501.8,3683.4,4440.0,3288.1,4019.0,132,6,4018.9,42,1,4018.8,45,2,4018.7,42,1,4018.6,6,2,4019.1,15,1,4019.2,175,1,4019.3,15,1,4019.9,8,3,4020.0,786,5
11483,2026-07-02 14:01:27+05:30,4020.0,6,4035.89,1574928,159951.0,177432.0,4100.0,4110.0,4012.0,4092.6,25441675,4501.8,3683.4,4440.0,3288.1,4019.0,132,6,4018.9,42,1,4018.8,45,2,4018.7,42,1,4018.6,6,2,4019.1,15,1,4019.2,175,1,4019.3,15,1,4019.9,8,3,4020.0,786,5
11483,2026-07-02 14:01:27+05:30,4020.0,6,4035.89,1574928,159951.0,177432.0,4100.0,4110.0,4012.0,4092.6,25441675,4501.8,3683.4,4440.0,3288.1,4019.0,132,6,4018.9,42,1,4018.8,45,2,4018.7,42,1,4018.6,6,2,4019.1,15,1,4019.2,175,1,4019.3,15,1,4019.9,8,3,4020.0,786,5
11483,2026-07-02 14:01:29+05:30,4019.9,27,4035.89,1574928,159951.0,177432.0,4100.0,4110.0,4012.0,4092.6,25441675,4501.8,3683.4,4440.0,3288.1,4019.0,132,6,4018.9,42,1,4018.8,45,2,4018.7,42,1,4018.6,6,2,4019.1,15,1,4019.2,175,1,4019.3,15,1,4019.9,8,3,4020.0,786,5
11483,2026-07-02 14:01:29+05:30,4020.0,10,4035.88,1575575,162970.0,175701.0,4100.0,4110.0,4012.0,4092.6,25441675,4501.8,3683.4,4440.0,3288.1,4019.9,64,3,4019.7,53,2,4019.5,42,1,4019.1,68,8,4019.0,12,1,4020.0,705,5,4020.3,15,1,4020.9,15,1,4021.0,1,1,4021.2,24,2
11483,2026-07-02 14:01:31+05:30,4020.0,26,4035.88,1575575,162970.0,175701.0,4100.0,4110.0,4012.0,4092.6,25441675,4501.8,3683.4,4440.0,3288.1,4019.9,64,3,4019.7,53,2,4019.5,42,1,4019.1,68,8,4019.0,12,1,4020.0,705,5,4020.3,15,1,4020.9,15,1,4021.0,1,1,4021.2,24,2
11483,2026-07-02 14:01:33+05:30,4020.0,1,4035.88,1575575,162970.0,175701.0,4100.0,4110.0,4012.0,4092.6,25441675,4501.8,3683.4,4440.0,3288.1,4019.9,64,3,4019.7,53,2,4019.5,42,1,4019.1,68,8,4019.0,12,1,4020.0,705,5,4020.3,15,1,4020.9,15,1,4021.0,1,1,4021.2,24,2
11483,2026-07-02 14:01:34+05:30,4019.9,2,4035.88,1575943,162731.0,175628.0,4100.0,4110.0,4012.0,4092.6,25441675,4501.8,3683.4,4440.0,3288.1,4019.9,1,1,4019.7,11,1,4019.1,8,1,4019.0,3,1,4018.9,60,2,4020.0,491,7,4020.1,42,1,4020.2,42,1,4020.3,57,2,4020.5,42,1
11483,2026-07-02 14:01:35+05:30,4019.9,50,4035.88,1575943,162731.0,175628.0,4100.0,4110.0,4012.0,4092.6,25441675,4501.8,3683.4,4440.0,3288.1,4019.9,1,1,4019.7,11,1,4019.1,8,1,4019.0,3,1,4018.9,60,2,4020.0,491,7,4020.1,42,1,4020.2,42,1,4020.3,57,2,4020.5,42,1
11483,2026-07-02 14:01:38+05:30,4019.8,9,4035.88,1575943,162731.0,175628.0,4100.0,4110.0,4012.0,4092.6,25441675,4501.8,3683.4,4440.0,3288.1,4019.9,1,1,4019.7,11,1,4019.1,8,1,4019.0,3,1,4018.9,60,2,4020.0,491,7,4020.1,42,1,4020.2,42,1,4020.3,57,2,4020.5,42,1
11483,2026-07-02 14:01:40+05:30,4019.4,10,4035.88,1576097,162497.0,175837.0,4100.0,4110.0,4012.0,4092.6,25441675,4501.8,3683.4,4440.0,3288.1,4019.1,1,1,4019.0,10,3,4018.8,44,3,4018.7,4,1,4018.6,149,4,4019.4,32,1,4019.5,42,1,4019.6,42,1,4019.8,42,1,4020.0,446,8
11483,2026-07-02 14:01:41+05:30,4019.1,1,4035.88,1576097,162497.0,175837.0,4100.0,4110.0,4012.0,4092.6,25441675,4501.8,3683.4,4440.0,3288.1,4019.1,1,1,4019.0,10,3,4018.8,44,3,4018.7,4,1,4018.6,149,4,4019.4,32,1,4019.5,42,1,4019.6,42,1,4019.8,42,1,4020.0,446,8
11483,2026-07-02 14:01:44+05:30,4019.0,1,4035.88,1576097,162497.0,175837.0,4100.0,4110.0,4012.0,4092.6,25441675,4501.8,3683.4,4440.0,3288.1,4019.1,1,1,4019.0,10,3,4018.8,44,3,4018.7,4,1,4018.6,149,4,4019.4,32,1,4019.5,42,1,4019.6,42,1,4019.8,42,1,4020.0,446,8
11483,2026-07-02 14:01:46+05:30,4019.1,3,4035.88,1576105,161961.0,176151.0,4100.0,4110.0,4012.0,4092.6,25441675,4501.8,3683.4,4440.0,3288.1,4019.0,10,4,4018.8,18,2,4018.7,4,1,4018.6,144,2,4018.5,18,5,4019.1,14,2,4019.3,43,2,4019.4,76,3,4019.6,54,2,4019.9,10,1
11483,2026-07-02 14:01:47+05:30,4019.1,1,4035.88,1576105,161961.0,176151.0,4100.0,4110.0,4012.0,4092.6,25441675,4501.8,3683.4,4440.0,3288.1,4019.0,10,4,4018.8,18,2,4018.7,4,1,4018.6,144,2,4018.5,18,5,4019.1,14,2,4019.3,43,2,4019.4,76,3,4019.6,54,2,4019.9,10,1
11483,2026-07-02 14:01:50+05:30,4019.1,2,4035.88,1576105,161961.0,176151.0,4100.0,4110.0,4012.0,4092.6,25441675,4501.8,3683.4,4440.0,3288.1,4019.0,10,4,4018.8,18,2,4018.7,4,1,4018.6,144,2,4018.5,18,5,4019.1,14,2,4019.3,43,2,4019.4,76,3,4019.6,54,2,4019.9,10,1
11483,2026-07-02 14:01:51+05:30,4019.1,9,4035.88,1576199,161710.0,176145.0,4100.0,4110.0,4012.0,4092.6,25441675,4501.8,3683.4,4440.0,3288.1,4019.1,165,3,4019.0,8,3,4018.8,10,1,4018.7,4,1,4018.6,10,1,4019.2,88,2,4019.4,76,3,4019.5,42,1,4019.7,42,1,4020.0,506,8
11483,2026-07-02 14:01:53+05:30,4019.2,4,4035.88,1576199,161710.0,176145.0,4100.0,4110.0,4012.0,4092.6,25441675,4501.8,3683.4,4440.0,3288.1,4019.1,165,3,4019.0,8,3,4018.8,10,1,4018.7,4,1,4018.6,10,1,4019.2,88,2,4019.4,76,3,4019.5,42,1,4019.7,42,1,4020.0,506,8
11483,2026-07-02 14:01:55+05:30,4018.6,1,4035.88,1576199,161710.0,176145.0,4100.0,4110.0,4012.0,4092.6,25441675,4501.8,3683.4,4440.0,3288.1,4019.1,165,3,4019.0,8,3,4018.8,10,1,4018.7,4,1,4018.6,10,1,4019.2,88,2,4019.4,76,3,4019.5,42,1,4019.7,42,1,4020.0,506,8
11483,2026-07-02 14:01:57+05:30,4018.6,1,4035.88,1576199,161710.0,176145.0,4100.0,4110.0,4012.0,4092.6,25441675,4501.8,3683.4,4440.0,3288.1,4019.1,165,3,4019.0,8,3,4018.8,10,1,4018.7,4,1,4018.6,10,1,4019.2,88,2,4019.4,76,3,4019.5,42,1,4019.7,42,1,4020.0,506,8
11483,2026-07-02 14:01:57+05:30,4018.6,1,4035.87,1576961,160740.0,176224.0,4100.0,4110.0,4012.0,4092.6,25441675,4501.8,3683.4,4440.0,3288.1,4018.6,8,1,4018.5,9,3,4018.3,88,3,4018.2,98,2,4018.1,79,1,4019.9,76,7,4020.0,524,8,4020.1,38,1,4020.2,26,1,4020.3,55,3
11483,2026-07-02 14:01:59+05:30,4019.8,1,4035.87,1576961,160740.0,176224.0,4100.0,4110.0,4012.0,4092.6,25441675,4501.8,3683.4,4440.0,3288.1,4018.6,8,1,4018.5,9,3,4018.3,88,3,4018.2,98,2,4018.1,79,1,4019.9,76,7,4020.0,524,8,4020.1,38,1,4020.2,26,1,4020.3,55,3
11483,2026-07-02 14:02:01+05:30,4019.8,3,4035.87,1576961,160740.0,176224.0,4100.0,4110.0,4012.0,4092.6,25441675,4501.8,3683.4,4440.0,3288.1,4018.6,8,1,4018.5,9,3,4018.3,88,3,4018.2,98,2,4018.1,79,1,4019.9,76,7,4020.0,524,8,4020.1,38,1,4020.2,26,1,4020.3,55,3
11483,2026-07-02 14:02:03+05:30,4019.7,10,4035.87,1577082,160597.0,176564.0,4100.0,4110.0,4012.0,4092.6,25441675,4501.8,3683.4,4440.0,3288.1,4018.6,5,1,4018.5,3,2,4018.3,12,1,4018.2,25,1,4018.1,17,1,4019.7,3,1,4019.8,50,5,4019.9,62,5,4020.0,548,9,4020.3,98,5
11483,2026-07-02 14:02:03+05:30,4018.6,5,4035.87,1577082,160597.0,176564.0,4100.0,4110.0,4012.0,4092.6,25441675,4501.8,3683.4,4440.0,3288.1,4018.6,5,1,4018.5,3,2,4018.3,12,1,4018.2,25,1,4018.1,17,1,4019.7,3,1,4019.8,50,5,4019.9,62,5,4020.0,548,9,4020.3,98,5
11483,2026-07-02 14:02:08+05:30,4018.6,2,4035.87,1577211,162048.0,176586.0,4100.0,4110.0,4012.0,4092.6,25441675,4501.8,3683.4,4440.0,3288.1,4018.6,40,3,4018.4,27,4,4018.3,56,4,4018.2,123,5,4018.1,59,2,4019.7,3,2,4019.8,12,1,4020.0,661,8,4020.2,3,1,4020.3,67,3
11483,2026-07-02 14:02:08+05:30,4018.6,16,4035.87,1577211,162048.0,176586.0,4100.0,4110.0,4012.0,4092.6,25441675,4501.8,3683.4,4440.0,3288.1,4018.6,40,3,4018.4,27,4,4018.3,56,4,4018.2,123,5,4018.1,59,2,4019.7,3,2,4019.8,12,1,4020.0,661,8,4020.2,3,1,4020.3,67,3
11483,2026-07-02 14:02:11+05:30,4019.7,1,4035.87,1577211,162048.0,176586.0,4100.0,4110.0,4012.0,4092.6,25441675,4501.8,3683.4,4440.0,3288.1,4018.6,40,3,4018.4,27,4,4018.3,56,4,4018.2,123,5,4018.1,59,2,4019.7,3,2,4019.8,12,1,4020.0,661,8,4020.2,3,1,4020.3,67,3
11483,2026-07-02 14:02:13+05:30,4018.7,4,4035.86,1577416,161318.0,176615.0,4100.0,4110.0,4012.0,4092.6,25441675,4501.8,3683.4,4440.0,3288.1,4018.7,20,3,4018.6,28,3,4018.5,205,2,4018.4,12,2,4018.3,70,3,4019.8,11,1,4020.0,661,8,4020.3,38,2,4020.4,50,2,4020.5,2,1
11483,2026-07-02 14:02:14+05:30,4018.7,4,4035.86,1577416,161318.0,176615.0,4100.0,4110.0,4012.0,4092.6,25441675,4501.8,3683.4,4440.0,3288.1,4018.7,20,3,4018.6,28,3,4018.5,205,2,4018.4,12,2,4018.3,70,3,4019.8,11,1,4020.0,661,8,4020.3,38,2,4020.4,50,2,4020.5,2,1
11483,2026-07-02 14:02:17+05:30,4018.9,1,4035.86,1577416,161318.0,176615.0,4100.0,4110.0,4012.0,4092.6,25441675,4501.8,3683.4,4440.0,3288.1,4018.7,20,3,4018.6,28,3,4018.5,205,2,4018.4,12,2,4018.3,70,3,4019.8,11,1,4020.0,661,8,4020.3,38,2,4020.4,50,2,4020.5,2,1
11483,2026-07-02 14:02:18+05:30,4018.9,1,4035.86,1577448,162114.0,176595.0,4100.0,4110.0,4012.0,4092.6,25441675,4501.8,3683.4,4440.0,3288.1,4019.0,27,3,4018.9,30,3,4018.8,45,3,4018.6,74,4,4018.5,219,3,4019.8,6,2,4020.0,661,8,4020.3,38,2,4020.4,26,1,4020.5,2,1
11483,2026-07-02 14:02:20+05:30,4019.0,4,4035.86,1577452,162107.0,176596.0,4100.0,4110.0,4012.0,4092.6,25441675,4501.8,3683.4,4440.0,3288.1,4019.0,23,3,4018.9,20,2,4018.8,45,3,4018.7,12,3,4018.6,73,4,4019.8,6,2,4020.0,654,7,4020.1,15,1,4020.3,38,2,4020.4,26,1
11483,2026-07-02 14:02:20+05:30,4019.0,1,4035.86,1577452,162107.0,176596.0,4100.0,4110.0,4012.0,4092.6,25441675,4501.8,3683.4,4440.0,3288.1,4019.0,23,3,4018.9,20,2,4018.8,45,3,4018.7,12,3,4018.6,73,4,4019.8,6,2,4020.0,654,7,4020.1,15,1,4020.3,38,2,4020.4,26,1
11483,2026-07-02 14:02:21+05:30,4019.8,4,4035.86,1577457,162092.0,176605.0,4100.0,4110.0,4012.0,4092.6,25441675,4501.8,3683.4,4440.0,3288.1,4019.0,22,2,4018.9,20,2,4018.8,45,3,4018.7,12,3,4018.6,73,4,4019.8,14,2,4020.0,654,7,4020.1,15,1,4020.3,38,2,4020.4,26,1
11483,2026-07-02 14:02:21+05:30,4019.8,4,4035.86,1577457,162092.0,176605.0,4100.0,4110.0,4012.0,4092.6,25441675,4501.8,3683.4,4440.0,3288.1,4019.0,22,2,4018.9,20,2,4018.8,45,3,4018.7,12,3,4018.6,73,4,4019.8,14,2,4020.0,654,7,4020.1,15,1,4020.3,38,2,4020.4,26,1
11483,2026-07-02 14:02:21+05:30,4019.8,4,4035.86,1577457,162092.0,176605.0,4100.0,4110.0,4012.0,4092.6,25441675,4501.8,3683.4,4440.0,3288.1,4019.0,22,2,4018.9,20,2,4018.8,45,3,4018.7,12,3,4018.6,73,4,4019.8,14,2,4020.0,654,7,4020.1,15,1,4020.3,38,2,4020.4,26,1
11483,2026-07-02 14:02:22+05:30,4019.8,1,4035.86,1577458,162092.0,176628.0,4100.0,4110.0,4012.0,4092.6,25441675,4501.8,3683.4,4440.0,3288.1,4019.0,22,2,4018.9,20,2,4018.8,45,3,4018.7,12,3,4018.6,73,4,4019.8,15,3,4020.0,654,7,4020.1,15,1,4020.3,38,2,4020.4,26,1
11483,2026-07-02 14:02:22+05:30,4019.8,1,4035.86,1577458,162092.0,176628.0,4100.0,4110.0,4012.0,4092.6,25441675,4501.8,3683.4,4440.0,3288.1,4019.0,22,2,4018.9,20,2,4018.8,45,3,4018.7,12,3,4018.6,73,4,4019.8,15,3,4020.0,654,7,4020.1,15,1,4020.3,38,2,4020.4,26,1
11483,2026-07-02 14:02:22+05:30,4019.8,1,4035.86,1577458,162092.0,176628.0,4100.0,4110.0,4012.0,4092.6,25441675,4501.8,3683.4,4440.0,3288.1,4019.0,22,2,4018.9,20,2,4018.8,45,3,4018.7,12,3,4018.6,73,4,4019.8,15,3,4020.0,654,7,4020.1,15,1,4020.3,38,2,4020.4,26,1
11483,2026-07-02 14:02:22+05:30,4019.8,1,4035.86,1577458,162092.0,176628.0,4100.0,4110.0,4012.0,4092.6,25441675,4501.8,3683.4,4440.0,3288.1,4019.0,22,2,4018.9,20,2,4018.8,45,3,4018.7,12,3,4018.6,73,4,4019.8,15,3,4020.0,654,7,4020.1,15,1,4020.3,38,2,4020.4,26,1
11483,2026-07-02 14:02:23+05:30,4019.8,1,4035.86,1577458,162181.0,176826.0,4100.0,4110.0,4012.0,4092.6,25441675,4501.8,3683.4,4440.0,3288.1,4019.0,22,2,4018.9,20,2,4018.8,45,3,4018.7,15,4,4018.6,73,4,4019.8,15,3,4020.0,654,7,4020.1,15,1,4020.3,38,2,4020.4,26,1
11483,2026-07-02 14:02:23+05:30,4019.8,1,4035.86,1577458,162181.0,176826.0,4100.0,4110.0,4012.0,4092.6,25441675,4501.8,3683.4,4440.0,3288.1,4019.0,22,2,4018.9,20,2,4018.8,45,3,4018.7,15,4,4018.6,73,4,4019.8,15,3,4020.0,654,7,4020.1,15,1,4020.3,38,2,4020.4,26,1
11483,2026-07-02 14:02:23+05:30,4020.0,57,4035.86,1577458,162181.0,176826.0,4100.0,4110.0,4012.0,4092.6,25441675,4501.8,3683.4,4440.0,3288.1,4019.0,22,2,4018.9,20,2,4018.8,45,3,4018.7,15,4,4018.6,73,4,4019.8,15,3,4020.0,654,7,4020.1,15,1,4020.3,38,2,4020.4,26,1
11483,2026-07-02 14:02:23+05:30,4020.0,57,4035.86,1577458,162181.0,176826.0,4100.0,4110.0,4012.0,4092.6,25441675,4501.8,3683.4,4440.0,3288.1,4019.0,22,2,4018.9,20,2,4018.8,45,3,4018.7,15,4,4018.6,73,4,4019.8,15,3,4020.0,654,7,4020.1,15,1,4020.3,38,2,4020.4,26,1
11483,2026-07-02 14:02:24+05:30,4020.0,2,4035.86,1577734,162392.0,176305.0,4100.0,4110.0,4012.0,4092.6,25441675,4501.8,3683.4,4440.0,3288.1,4019.2,20,2,4019.1,17,2,4019.0,12,1,4018.9,29,3,4018.8,60,4,4020.0,445,7,4020.1,15,1,4020.3,38,2,4020.9,38,2,4021.0,16,2
11483,2026-07-02 14:02:24+05:30,4020.0,2,4035.86,1577734,162392.0,176305.0,4100.0,4110.0,4012.0,4092.6,25441675,4501.8,3683.4,4440.0,3288.1,4019.2,20,2,4019.1,17,2,4019.0,12,1,4018.9,29,3,4018.8,60,4,4020.0,445,7,4020.1,15,1,4020.3,38,2,4020.9,38,2,4021.0,16,2
11483,2026-07-02 14:02:24+05:30,4019.2,8,4035.86,1577734,162392.0,176305.0,4100.0,4110.0,4012.0,4092.6,25441675,4501.8,3683.4,4440.0,3288.1,4019.2,20,2,4019.1,17,2,4019.0,12,1,4018.9,29,3,4018.8,60,4,4020.0,445,7,4020.1,15,1,4020.3,38,2,4020.9,38,2,4021.0,16,2
11483,2026-07-02 14:02:24+05:30,4019.2,8,4035.86,1577734,162392.0,176305.0,4100.0,4110.0,4012.0,4092.6,25441675,4501.8,3683.4,4440.0,3288.1,4019.2,20,2,4019.1,17,2,4019.0,12,1,4018.9,29,3,4018.8,60,4,4020.0,445,7,4020.1,15,1,4020.3,38,2,4020.9,38,2,4021.0,16,2
11483,2026-07-02 14:02:25+05:30,4019.2,8,4035.86,1577734,162392.0,176305.0,4100.0,4110.0,4012.0,4092.6,25441675,4501.8,3683.4,4440.0,3288.1,4019.2,20,2,4019.1,17,2,4019.0,12,1,4018.9,29,3,4018.8,60,4,4020.0,445,7,4020.1,15,1,4020.3,38,2,4020.9,38,2,4021.0,16,2
11483,2026-07-02 14:02:25+05:30,4019.2,8,4035.86,1577754,162316.0,176461.0,4100.0,4110.0,4012.0,4092.6,25441675,4501.8,3683.4,4440.0,3288.1,4019.1,30,4,4019.0,12,1,4018.9,23,3,4018.8,69,6,4018.7,4,2,4019.2,4,1,4020.0,445,7,4020.1,15,1,4020.3,38,2,4020.6,13,1
11483,2026-07-02 14:02:25+05:30,4019.2,8,4035.86,1577754,162316.0,176461.0,4100.0,4110.0,4012.0,4092.6,25441675,4501.8,3683.4,4440.0,3288.1,4019.1,30,4,4019.0,12,1,4018.9,23,3,4018.8,69,6,4018.7,4,2,4019.2,4,1,4020.0,445,7,4020.1,15,1,4020.3,38,2,4020.6,13,1
11483,2026-07-02 14:02:25+05:30,4020.0,10,4035.86,1577754,162316.0,176461.0,4100.0,4110.0,4012.0,4092.6,25441675,4501.8,3683.4,4440.0,3288.1,4019.1,30,4,4019.0,12,1,4018.9,23,3,4018.8,69,6,4018.7,4,2,4019.2,4,1,4020.0,445,7,4020.1,15,1,4020.3,38,2,4020.6,13,1
11483,2026-07-02 14:02:26+05:30,4020.0,10,4035.86,1577754,162316.0,176461.0,4100.0,4110.0,4012.0,4092.6,25450950,4501.8,3683.4,4440.0,3288.1,4019.1,30,4,4019.0,12,1,4018.9,23,3,4018.8,69,6,4018.7,4,2,4019.2,4,1,4020.0,445,7,4020.1,15,1,4020.3,38,2,4020.6,13,1
11483,2026-07-02 14:02:26+05:30,4020.0,8,4035.86,1577788,162431.0,176747.0,4100.0,4110.0,4012.0,4092.6,25450950,4501.8,3683.4,4440.0,3288.1,4019.2,9,1,4019.1,21,3,4019.0,12,1,4018.9,20,2,4018.8,60,4,4020.0,427,7,4020.1,15,1,4020.3,38,2,4020.9,42,4,4021.0,16,2
11483,2026-07-02 14:02:26+05:30,4020.0,8,4035.86,1577788,162431.0,176747.0,4100.0,4110.0,4012.0,4092.6,25450950,4501.8,3683.4,4440.0,3288.1,4019.2,9,1,4019.1,21,3,4019.0,12,1,4018.9,20,2,4018.8,60,4,4020.0,427,7,4020.1,15,1,4020.3,38,2,4020.9,42,4,4021.0,16,2
11483,2026-07-02 14:02:26+05:30,4019.2,4,4035.86,1577788,162431.0,176747.0,4100.0,4110.0,4012.0,4092.6,25450950,4501.8,3683.4,4440.0,3288.1,4019.2,9,1,4019.1,21,3,4019.0,12,1,4018.9,20,2,4018.8,60,4,4020.0,427,7,4020.1,15,1,4020.3,38,2,4020.9,42,4,4021.0,16,2
11483,2026-07-02 14:02:26+05:30,4019.2,4,4035.86,1577788,162431.0,176747.0,4100.0,4110.0,4012.0,4092.6,25450950,4501.8,3683.4,4440.0,3288.1,4019.2,9,1,4019.1,21,3,4019.0,12,1,4018.9,20,2,4018.8,60,4,4020.0,427,7,4020.1,15,1,4020.3,38,2,4020.9,42,4,4021.0,16,2
11483,2026-07-02 14:02:27+05:30,4019.2,4,4035.86,1577788,162431.0,176747.0,4100.0,4110.0,4012.0,4092.6,25450950,4501.8,3683.4,4440.0,3288.1,4019.2,9,1,4019.1,21,3,4019.0,12,1,4018.9,20,2,4018.8,60,4,4020.0,427,7,4020.1,15,1,4020.3,38,2,4020.9,42,4,4021.0,16,2
11483,2026-07-02 14:02:27+05:30,4019.2,4,4035.86,1577792,162333.0,176961.0,4100.0,4110.0,4012.0,4092.6,25450950,4501.8,3683.4,4440.0,3288.1,4019.2,5,1,4019.1,21,3,4019.0,12,1,4018.9,20,2,4018.8,45,3,4020.0,482,9,4020.1,15,1,4020.3,38,2,4020.7,15,1,4020.8,29,2
11483,2026-07-02 14:02:27+05:30,4019.2,4,4035.86,1577792,162333.0,176961.0,4100.0,4110.0,4012.0,4092.6,25450950,4501.8,3683.4,4440.0,3288.1,4019.2,5,1,4019.1,21,3,4019.0,12,1,4018.9,20,2,4018.8,45,3,4020.0,482,9,4020.1,15,1,4020.3,38,2,4020.7,15,1,4020.8,29,2
11483,2026-07-02 14:02:27+05:30,4019.2,1,4035.86,1577792,162333.0,176961.0,4100.0,4110.0,4012.0,4092.6,25450950,4501.8,3683.4,4440.0,3288.1,4019.2,5,1,4019.1,21,3,4019.0,12,1,4018.9,20,2,4018.8,45,3,4020.0,482,9,4020.1,15,1,4020.3,38,2,4020.7,15,1,4020.8,29,2
11483,2026-07-02 14:02:27+05:30,4019.2,1,4035.86,1577792,162333.0,176961.0,4100.0,4110.0,4012.0,4092.6,25450950,4501.8,3683.4,4440.0,3288.1,4019.2,5,1,4019.1,21,3,4019.0,12,1,4018.9,20,2,4018.8,45,3,4020.0,482,9,4020.1,15,1,4020.3,38,2,4020.7,15,1,4020.8,29,2
11483,2026-07-02 14:02:28+05:30,4019.2,1,4035.86,1577792,162333.0,176961.0,4100.0,4110.0,4012.0,4092.6,25450950,4501.8,3683.4,4440.0,3288.1,4019.2,5,1,4019.1,21,3,4019.0,12,1,4018.9,20,2,4018.8,45,3,4020.0,482,9,4020.1,15,1,4020.3,38,2,4020.7,15,1,4020.8,29,2
11483,2026-07-02 14:02:28+05:30,4019.2,1,4035.86,1577793,162352.0,177183.0,4100.0,4110.0,4012.0,4092.6,25450950,4501.8,3683.4,4440.0,3288.1,4019.2,4,1,4019.1,21,3,4019.0,12,1,4018.9,20,2,4018.8,45,3,4020.0,483,10,4020.1,15,1,4020.3,38,2,4020.7,55,3,4020.8,27,1
11483,2026-07-02 14:02:28+05:30,4020.0,62,4035.86,1577793,162352.0,177183.0,4100.0,4110.0,4012.0,4092.6,25450950,4501.8,3683.4,4440.0,3288.1,4019.2,4,1,4019.1,21,3,4019.0,12,1,4018.9,20,2,4018.8,45,3,4020.0,483,10,4020.1,15,1,4020.3,38,2,4020.7,55,3,4020.8,27,1
11483,2026-07-02 14:02:29+05:30,4020.0,8,4035.86,1577863,162320.0,176982.0,4100.0,4110.0,4012.0,4092.6,25450950,4501.8,3683.4,4440.0,3288.1,4019.1,15,2,4019.0,12,1,4018.9,20,2,4018.8,45,3,4018.7,3,1,4020.0,413,10,4020.1,15,1,4020.3,53,3,4020.4,20,1,4020.6,64,3
11483,2026-07-02 14:02:29+05:30,4019.1,8,4035.86,1577863,162320.0,176982.0,4100.0,4110.0,4012.0,4092.6,25450950,4501.8,3683.4,4440.0,3288.1,4019.1,15,2,4019.0,12,1,4018.9,20,2,4018.8,45,3,4018.7,3,1,4020.0,413,10,4020.1,15,1,4020.3,53,3,4020.4,20,1,4020.6,64,3
11483,2026-07-02 14:02:30+05:30,4019.1,8,4035.86,1577871,162302.0,176961.0,4100.0,4110.0,4012.0,4092.6,25450950,4501.8,3683.4,4440.0,3288.1,4019.1,207,3,4019.0,12,1,4018.9,20,2,4018.8,45,3,4018.7,3,1,4020.0,413,10,4020.1,15,1,4020.3,53,3,4020.4,20,1,4020.6,64,3
11483,2026-07-02 14:02:30+05:30,4019.1,1,4035.86,1577871,162302.0,176961.0,4100.0,4110.0,4012.0,4092.6,25450950,4501.8,3683.4,4440.0,3288.1,4019.1,207,3,4019.0,12,1,4018.9,20,2,4018.8,45,3,4018.7,3,1,4020.0,413,10,4020.1,15,1,4020.3,53,3,4020.4,20,1,4020.6,64,3
11483,2026-07-02 14:02:30+05:30,4019.1,1,4035.86,1577877,162379.0,177244.0,4100.0,4110.0,4012.0,4092.6,25450950,4501.8,3683.4,4440.0,3288.1,4019.6,2,2,4019.1,205,2,4019.0,12,1,4018.9,20,2,4018.8,45,3,4020.0,410,10,4020.1,15,1,4020.3,38,2,4020.6,64,3,4020.7,17,1
11483,2026-07-02 14:02:31+05:30,4020.0,1,4035.86,1577877,162379.0,177244.0,4100.0,4110.0,4012.0,4092.6,25450950,4501.8,3683.4,4440.0,3288.1,4019.6,2,2,4019.1,205,2,4019.0,12,1,4018.9,20,2,4018.8,45,3,4020.0,410,10,4020.1,15,1,4020.3,38,2,4020.6,64,3,4020.7,17,1
11483,2026-07-02 14:02:31+05:30,4020.0,10,4035.86,1577906,162341.0,177223.0,4100.0,4110.0,4012.0,4092.6,25450950,4501.8,3683.4,4440.0,3288.1,4019.6,2,2,4019.1,205,2,4019.0,12,1,4018.9,20,2,4018.8,45,3,4020.0,382,10,4020.1,15,1,4020.3,38,2,4020.6,64,3,4020.7,17,1
11483,2026-07-02 14:02:32+05:30,4020.0,22,4035.86,1577906,162341.0,177223.0,4100.0,4110.0,4012.0,4092.6,25450950,4501.8,3683.4,4440.0,3288.1,4019.6,2,2,4019.1,205,2,4019.0,12,1,4018.9,20,2,4018.8,45,3,4020.0,382,10,4020.1,15,1,4020.3,38,2,4020.6,64,3,4020.7,17,1
11483,2026-07-02 14:02:32+05:30,4020.0,22,4035.86,1577961,162274.0,177967.0,4100.0,4110.0,4012.0,4092.6,25450950,4501.8,3683.4,4440.0,3288.1,4019.6,1,1,4019.1,205,2,4019.0,12,1,4018.9,20,2,4018.8,45,3,4020.0,1170,9,4020.1,15,1,4020.3,64,3,4020.5,17,2,4020.6,63,3
11483,2026-07-02 14:02:33+05:30,4019.6,1,4035.86,1577961,162274.0,177967.0,4100.0,4110.0,4012.0,4092.6,25450950,4501.8,3683.4,4440.0,3288.1,4019.6,1,1,4019.1,205,2,4019.0,12,1,4018.9,20,2,4018.8,45,3,4020.0,1170,9,4020.1,15,1,4020.3,64,3,4020.5,17,2,4020.6,63,3
11483,2026-07-02 14:02:33+05:30,4019.6,1,4035.86,1577962,161813.0,177434.0,4100.0,4110.0,4012.0,4092.6,25450950,4501.8,3683.4,4440.0,3288.1,4019.1,215,3,4019.0,27,2,4018.9,20,2,4018.8,45,3,4018.7,3,1,4019.6,1,1,4020.0,1170,9,4020.1,15,1,4020.3,69,4,4020.5,15,1
11483,2026-07-02 14:02:34+05:30,4019.6,1,4035.86,1577962,161813.0,177434.0,4100.0,4110.0,4012.0,4092.6,25450950,4501.8,3683.4,4440.0,3288.1,4019.1,215,3,4019.0,27,2,4018.9,20,2,4018.8,45,3,4018.7,3,1,4019.6,1,1,4020.0,1170,9,4020.1,15,1,4020.3,69,4,4020.5,15,1
11483,2026-07-02 14:02:34+05:30,4019.6,1,4035.86,1577963,161811.0,177435.0,4100.0,4110.0,4012.0,4092.6,25450950,4501.8,3683.4,4440.0,3288.1,4019.1,215,3,4019.0,27,2,4018.9,20,2,4018.8,45,3,4018.7,3,1,4019.6,1,1,4020.0,1189,10,4020.1,15,1,4020.3,69,4,4020.5,38,3
11483,2026-07-02 14:02:35+05:30,4020.0,17,4035.86,1577963,161811.0,177435.0,4100.0,4110.0,4012.0,4092.6,25450950,4501.8,3683.4,4440.0,3288.1,4019.1,215,3,4019.0,27,2,4018.9,20,2,4018.8,45,3,4018.7,3,1,4019.6,1,1,4020.0,1189,10,4020.1,15,1,4020.3,69,4,4020.5,38,3
11483,2026-07-02 14:02:35+05:30,4020.0,17,4035.86,1577985,162206.0,177415.0,4100.0,4110.0,4012.0,4092.6,25450950,4501.8,3683.4,4440.0,3288.1,4019.1,205,2,4019.0,33,3,4018.9,20,2,4018.8,45,3,4018.7,3,1,4020.0,1172,10,4020.1,15,1,4020.3,64,3,4020.5,29,2,4020.6,73,5
11483,2026-07-02 14:02:36+05:30,4019.1,3,4035.86,1577985,162206.0,177415.0,4100.0,4110.0,4012.0,4092.6,25450950,4501.8,3683.4,4440.0,3288.1,4019.1,205,2,4019.0,33,3,4018.9,20,2,4018.8,45,3,4018.7,3,1,4020.0,1172,10,4020.1,15,1,4020.3,64,3,4020.5,29,2,4020.6,73,5
11483,2026-07-02 14:02:36+05:30,4019.1,3,4035.86,1577988,162220.0,177417.0,4100.0,4110.0,4012.0,4092.6,25450950,4501.8,3683.4,4440.0,3288.1,4019.1,202,2,4019.0,33,3,4018.9,20,2,4018.8,45,3,4018.7,3,1,4020.0,1172,10,4020.1,15,1,4020.3,64,3,4020.5,29,2,4020.6,73,5
11483,2026-07-02 14:02:37+05:30,4020.0,1,4035.86,1577988,162220.0,177417.0,4100.0,4110.0,4012.0,4092.6,25450950,4501.8,3683.4,4440.0,3288.1,4019.1,202,2,4019.0,33,3,4018.9,20,2,4018.8,45,3,4018.7,3,1,4020.0,1172,10,4020.1,15,1,4020.3,64,3,4020.5,29,2,4020.6,73,5
11483,2026-07-02 14:02:37+05:30,4020.0,1,4035.86,1577989,162226.0,177411.0,4100.0,4110.0,4012.0,4092.6,25450950,4501.8,3683.4,4440.0,3288.1,4019.1,204,3,4019.0,33,3,4018.9,20,2,4018.8,45,3,4018.7,3,1,4020.0,1171,10,4020.1,15,1,4020.3,64,3,4020.5,29,2,4020.6,64,4
11483,2026-07-02 14:02:38+05:30,4020.0,2,4035.86,1578011,162154.0,177402.0,4100.0,4110.0,4012.0,4092.6,25450950,4501.8,3683.4,4440.0,3288.1,4019.1,204,3,4019.0,33,3,4018.9,20,2,4018.8,45,3,4018.7,3,1,4020.0,1189,11,4020.1,15,1,4020.2,18,1,4020.3,78,4,4020.4,2,1
11483,2026-07-02 14:02:38+05:30,4019.1,1,4035.86,1578011,162154.0,177402.0,4100.0,4110.0,4012.0,4092.6,25450950,4501.8,3683.4,4440.0,3288.1,4019.1,204,3,4019.0,33,3,4018.9,20,2,4018.8,45,3,4018.7,3,1,4020.0,1189,11,4020.1,15,1,4020.2,18,1,4020.3,78,4,4020.4,2,1
11483,2026-07-02 14:02:39+05:30,4020.0,1,4035.86,1578015,162157.0,177405.0,4100.0,4110.0,4012.0,4092.6,25450950,4501.8,3683.4,4440.0,3288.1,4019.1,201,2,4019.0,33,3,4018.9,20,2,4018.8,45,3,4018.7,3,1,4020.0,1190,12,4020.1,15,1,4020.2,18,1,4020.3,78,4,4020.4,2,1
11483,2026-07-02 14:02:39+05:30,4020.0,1,4035.86,1578015,162157.0,177405.0,4100.0,4110.0,4012.0,4092.6,25450950,4501.8,3683.4,4440.0,3288.1,4019.1,201,2,4019.0,33,3,4018.9,20,2,4018.8,45,3,4018.7,3,1,4020.0,1190,12,4020.1,15,1,4020.2,18,1,4020.3,78,4,4020.4,2,1
11483,2026-07-02 14:02:40+05:30,4020.0,4,4035.86,1578019,162145.0,177521.0,4100.0,4110.0,4012.0,4092.6,25450950,4501.8,3683.4,4440.0,3288.1,4019.1,201,2,4019.0,33,3,4018.9,20,2,4018.8,45,3,4018.7,3,1,4020.0,1274,14,4020.1,15,1,4020.2,20,2,4020.3,78,4,4020.4,30,1
11483,2026-07-02 14:02:40+05:30,4020.0,4,4035.86,1578019,162145.0,177521.0,4100.0,4110.0,4012.0,4092.6,25450950,4501.8,3683.4,4440.0,3288.1,4019.1,201,2,4019.0,33,3,4018.9,20,2,4018.8,45,3,4018.7,3,1,4020.0,1274,14,4020.1,15,1,4020.2,20,2,4020.3,78,4,4020.4,30,1
11483,2026-07-02 14:02:41+05:30,4020.0,1,4035.86,1578021,162159.0,177503.0,4100.0,4110.0,4012.0,4092.6,25450950,4501.8,3683.4,4440.0,3288.1,4019.1,200,2,4019.0,33,3,4018.9,20,2,4018.8,45,3,4018.7,3,1,4020.0,1273,14,4020.1,15,1,4020.2,20,2,4020.3,78,4,4020.5,15,1
11483,2026-07-02 14:02:41+05:30,4020.0,1,4035.86,1578021,162159.0,177503.0,4100.0,4110.0,4012.0,4092.6,25450950,4501.8,3683.4,4440.0,3288.1,4019.1,200,2,4019.0,33,3,4018.9,20,2,4018.8,45,3,4018.7,3,1,4020.0,1273,14,4020.1,15,1,4020.2,20,2,4020.3,78,4,4020.5,15,1
11483,2026-07-02 14:02:42+05:30,4020.0,1,4035.86,1578021,162145.0,177550.0,4100.0,4110.0,4012.0,4092.6,25450950,4501.8,3683.4,4440.0,3288.1,4019.2,2,1,4019.1,198,1,4019.0,33,3,4018.9,20,2,4018.8,45,3,4019.9,44,4,4020.0,1248,12,4020.1,15,1,4020.2,18,1,4020.3,78,4
11483,2026-07-02 14:02:43+05:30,4019.1,259,4035.85,1578295,161767.0,177595.0,4100.0,4110.0,4012.0,4092.6,25450950,4501.8,3683.4,4440.0,3288.1,4019.1,200,1,4019.0,33,3,4018.9,20,2,4018.8,45,3,4018.7,3,1,4019.8,27,3,4019.9,54,4,4020.0,1308,11,4020.1,15,1,4020.2,20,2
11483,2026-07-02 14:02:43+05:30,4019.1,33,4035.85,1578295,161767.0,177595.0,4100.0,4110.0,4012.0,4092.6,25450950,4501.8,3683.4,4440.0,3288.1,4019.1,200,1,4019.0,33,3,4018.9,20,2,4018.8,45,3,4018.7,3,1,4019.8,27,3,4019.9,54,4,4020.0,1308,11,4020.1,15,1,4020.2,20,2
11483,2026-07-02 14:02:44+05:30,4019.8,5,4035.85,1578350,161603.0,177651.0,4100.0,4110.0,4012.0,4092.6,25450950,4501.8,3683.4,4440.0,3288.1,4019.1,167,1,4019.0,21,2,4018.8,25,1,4018.7,3,1,4018.6,80,3,4019.7,64,5,4019.8,3,1,4019.9,7,2,4020.0,1323,12,4020.1,15,1
11483,2026-07-02 14:02:44+05:30,4019.1,7,4035.85,1578350,161603.0,177651.0,4100.0,4110.0,4012.0,4092.6,25450950,4501.8,3683.4,4440.0,3288.1,4019.1,167,1,4019.0,21,2,4018.8,25,1,4018.7,3,1,4018.6,80,3,4019.7,64,5,4019.8,3,1,4019.9,7,2,4020.0,1323,12,4020.1,15,1
11483,2026-07-02 14:02:45+05:30,4019.1,7,4035.85,1578357,161558.0,177682.0,4100.0,4110.0,4012.0,4092.6,25450950,4501.8,3683.4,4440.0,3288.1,4019.1,160,1,4019.0,21,2,4018.8,25,1,4018.7,3,1,4018.6,80,3,4019.6,73,6,4019.7,12,3,4019.8,4,2,4019.9,16,2,4020.0,1337,12
11483,2026-07-02 14:02:46+05:30,4019.1,1,4035.85,1578371,161901.0,177739.0,4100.0,4110.0,4012.0,4092.6,25450950,4501.8,3683.4,4440.0,3288.1,4019.1,159,1,4019.0,21,2,4018.8,25,1,4018.7,3,1,4018.6,80,3,4019.5,73,4,4019.6,16,3,4019.7,12,3,4019.8,16,3,4019.9,16,2
11483,2026-07-02 14:02:46+05:30,4019.1,2,4035.85,1578371,161901.0,177739.0,4100.0,4110.0,4012.0,4092.6,25450950,4501.8,3683.4,4440.0,3288.1,4019.1,159,1,4019.0,21,2,4018.8,25,1,4018.7,3,1,4018.6,80,3,4019.5,73,4,4019.6,16,3,4019.7,12,3,4019.8,16,3,4019.9,16,2
11483,2026-07-02 14:02:47+05:30,4019.1,2,4035.85,1578373,162005.0,177750.0,4100.0,4110.0,4012.0,4092.6,25450950,4501.8,3683.4,4440.0,3288.1,4019.1,157,1,4019.0,21,2,4018.8,25,1,4018.7,3,1,4018.6,80,3,4019.5,77,5,4019.6,16,3,4019.7,8,2,4019.8,16,3,4019.9,16,2
11483,2026-07-02 14:02:47+05:30,4019.5,1,4035.85,1578373,162005.0,177750.0,4100.0,4110.0,4012.0,4092.6,25450950,4501.8,3683.4,4440.0,3288.1,4019.1,157,1,4019.0,21,2,4018.8,25,1,4018.7,3,1,4018.6,80,3,4019.5,77,5,4019.6,16,3,4019.7,8,2,4019.8,16,3,4019.9,16,2
11483,2026-07-02 14:02:48+05:30,4019.5,1,4035.85,1578376,162019.0,177731.0,4100.0,4110.0,4012.0,4092.6,25450950,4501.8,3683.4,4440.0,3288.1,4019.1,162,2,4019.0,21,2,4018.9,50,1,4018.8,25,1,4018.7,3,1,4019.5,60,5,4019.6,17,2,4019.7,8,2,4019.8,4,2,4019.9,16,2
11483,2026-07-02 14:02:48+05:30,4019.5,2,4035.85,1578376,162019.0,177731.0,4100.0,4110.0,4012.0,4092.6,25450950,4501.8,3683.4,4440.0,3288.1,4019.1,162,2,4019.0,21,2,4018.9,50,1,4018.8,25,1,4018.7,3,1,4019.5,60,5,4019.6,17,2,4019.7,8,2,4019.8,4,2,4019.9,16,2
11483,2026-07-02 14:02:49+05:30,4019.5,2,4035.85,1578413,162100.0,177807.0,4100.0,4110.0,4012.0,4092.6,25450950,4501.8,3683.4,4440.0,3288.1,4019.4,81,1,4019.3,42,1,4019.2,42,1,4019.1,161,2,4019.0,63,3,4019.6,13,1,4019.8,1,1,4019.9,13,1,4020.0,1311,10,4020.1,15,1
11483,2026-07-02 14:02:49+05:30,4019.4,4,4035.85,1578413,162100.0,177807.0,4100.0,4110.0,4012.0,4092.6,25450950,4501.8,3683.4,4440.0,3288.1,4019.4,81,1,4019.3,42,1,4019.2,42,1,4019.1,161,2,4019.0,63,3,4019.6,13,1,4019.8,1,1,4019.9,13,1,4020.0,1311,10,4020.1,15,1
11483,2026-07-02 14:02:50+05:30,4019.4,4,4035.85,1578417,162097.0,177831.0,4100.0,4110.0,4012.0,4092.6,25450950,4501.8,3683.4,4440.0,3288.1,4019.5,42,1,4019.4,42,1,4019.2,42,1,4019.1,161,2,4019.0,63,3,4019.6,13,1,4019.8,1,1,4020.0,1281,8,4020.1,15,1,4020.3,15,1
11483,2026-07-02 14:02:50+05:30,4019.5,1,4035.85,1578417,162097.0,177831.0,4100.0,4110.0,4012.0,4092.6,25450950,4501.8,3683.4,4440.0,3288.1,4019.5,42,1,4019.4,42,1,4019.2,42,1,4019.1,161,2,4019.0,63,3,4019.6,13,1,4019.8,1,1,4020.0,1281,8,4020.1,15,1,4020.3,15,1
11483,2026-07-02 14:02:51+05:30,4019.5,1,4035.85,1578419,162249.0,177638.0,4100.0,4110.0,4012.0,4092.6,25450950,4501.8,3683.4,4440.0,3288.1,4019.7,75,1,4019.5,82,2,4019.3,42,1,4019.1,203,3,4019.0,21,2,4019.8,16,1,4020.0,1281,8,4020.1,15,1,4020.5,15,1,4020.6,49,2
11483,2026-07-02 14:02:51+05:30,4019.5,1,4035.85,1578419,162186.0,177988.0,4100.0,4110.0,4012.0,4092.6,25450950,4501.8,3683.4,4440.0,3288.1,4019.7,42,1,4019.5,82,2,4019.3,45,2,4019.1,161,2,4019.0,21,2,4020.0,1312,11,4020.1,15,1,4020.2,9,1,4020.3,14,1,4020.5,15,1
11483,2026-07-02 14:02:52+05:30,4020.0,2,4035.85,1578419,162186.0,177988.0,4100.0,4110.0,4012.0,4092.6,25450950,4501.8,3683.4,4440.0,3288.1,4019.7,42,1,4019.5,82,2,4019.3,45,2,4019.1,161,2,4019.0,21,2,4020.0,1312,11,4020.1,15,1,4020.2,9,1,4020.3,14,1,4020.5,15,1
11483,2026-07-02 14:02:52+05:30,4020.0,2,4035.85,1578421,162262.0,177958.0,4100.0,4110.0,4012.0,4092.6,25450950,4501.8,3683.4,4440.0,3288.1,4019.9,75,1,4019.7,42,1,4019.5,82,2,4019.3,45,2,4019.1,161,2,4020.0,1295,9,4020.1,15,1,4020.3,21,2,4020.5,15,1,4020.6,63,3
11483,2026-07-02 14:02:53+05:30,4020.0,22,4035.85,1578421,162262.0,177958.0,4100.0,4110.0,4012.0,4092.6,25450950,4501.8,3683.4,4440.0,3288.1,4019.9,75,1,4019.7,42,1,4019.5,82,2,4019.3,45,2,4019.1,161,2,4020.0,1295,9,4020.1,15,1,4020.3,21,2,4020.5,15,1,4020.6,63,3
11483,2026-07-02 14:02:53+05:30,4020.0,22,4035.85,1578584,162252.0,177807.0,4100.0,4110.0,4012.0,4092.6,25450950,4501.8,3683.4,4440.0,3288.1,4019.9,15,1,4019.7,42,1,4019.5,82,2,4019.3,45,2,4019.1,161,2,4020.0,1292,11,4020.1,18,2,4020.3,21,2,4020.4,34,1,4020.5,15,1
11483,2026-07-02 14:02:54+05:30,4019.9,4,4035.85,1578584,162252.0,177807.0,4100.0,4110.0,4012.0,4092.6,25450950,4501.8,3683.4,4440.0,3288.1,4019.9,15,1,4019.7,42,1,4019.5,82,2,4019.3,45,2,4019.1,161,2,4020.0,1292,11,4020.1,18,2,4020.3,21,2,4020.4,34,1,4020.5,15,1
11483,2026-07-02 14:02:54+05:30,4019.9,4,4035.85,1578604,162342.0,177773.0,4100.0,4110.0,4012.0,4092.6,25450950,4501.8,3683.4,4440.0,3288.1,4019.9,77,1,4019.7,42,1,4019.5,82,2,4019.3,45,2,4019.1,161,2,4020.0,1292,11,4020.1,18,2,4020.3,21,2,4020.5,15,1,4020.6,68,4
11483,2026-07-02 14:02:55+05:30,4020.0,42,4035.85,1578686,162341.0,177702.0,4100.0,4110.0,4012.0,4092.6,25450950,4501.8,3683.4,4440.0,3288.1,4019.8,47,2,4019.6,42,1,4019.5,40,1,4019.4,42,1,4019.3,3,1,4020.0,1199,9,4020.1,20,2,4020.3,21,2,4020.5,15,1,4020.6,68,4
11483,2026-07-02 14:02:55+05:30,4019.8,5,4035.85,1578686,162341.0,177702.0,4100.0,4110.0,4012.0,4092.6,25450950,4501.8,3683.4,4440.0,3288.1,4019.8,47,2,4019.6,42,1,4019.5,40,1,4019.4,42,1,4019.3,3,1,4020.0,1199,9,4020.1,20,2,4020.3,21,2,4020.5,15,1,4020.6,68,4
11483,2026-07-02 14:02:56+05:30,4020.0,1,4035.85,1578697,162166.0,177720.0,4100.0,4110.0,4012.0,4092.6,25450950,4501.8,3683.4,4440.0,3288.1,4019.3,3,1,4019.1,161,2,4019.0,21,2,4018.9,50,1,4018.8,25,1,4020.0,1224,11,4020.1,15,1,4020.3,21,2,4020.4,2,1,4020.5,15,1
11483,2026-07-02 14:02:56+05:30,4019.3,1,4035.85,1578697,162166.0,177720.0,4100.0,4110.0,4012.0,4092.6,25450950,4501.8,3683.4,4440.0,3288.1,4019.3,3,1,4019.1,161,2,4019.0,21,2,4018.9,50,1,4018.8,25,1,4020.0,1224,11,4020.1,15,1,4020.3,21,2,4020.4,2,1,4020.5,15,1
11483,2026-07-02 14:02:57+05:30,4019.3,1,4035.85,1578698,162167.0,177736.0,4100.0,4110.0,4012.0,4092.6,25450950,4501.8,3683.4,4440.0,3288.1,4019.5,1,1,4019.3,2,1,4019.1,161,2,4019.0,21,2,4018.9,50,1,4020.0,1214,11,4020.1,25,2,4020.3,21,2,4020.4,2,1,4020.5,15,1
11483,2026-07-02 14:02:58+05:30,4019.9,1,4035.85,1578700,162128.0,178018.0,4100.0,4110.0,4012.0,4092.6,25450950,4501.8,3683.4,4440.0,3288.1,4019.5,1,1,4019.3,2,1,4019.1,161,2,4019.0,21,2,4018.9,50,1,4019.9,80,1,4020.0,1244,11,4020.1,57,2,4020.3,63,3,4020.4,2,1
11483,2026-07-02 14:02:58+05:30,4019.5,1,4035.85,1578700,162128.0,178018.0,4100.0,4110.0,4012.0,4092.6,25450950,4501.8,3683.4,4440.0,3288.1,4019.5,1,1,4019.3,2,1,4019.1,161,2,4019.0,21,2,4018.9,50,1,4019.9,80,1,4020.0,1244,11,4020.1,57,2,4020.3,63,3,4020.4,2,1
11483,2026-07-02 14:02:59+05:30,4019.9,7,4035.85,1578708,162101.0,177832.0,4100.0,4110.0,4012.0,4092.6,25450950,4501.8,3683.4,4440.0,3288.1,4019.3,2,1,4019.1,161,2,4019.0,21,2,4018.9,50,1,4018.8,25,1,4019.5,73,1,4019.6,42,1,4019.7,56,2,4019.9,65,4,4020.0,1200,9
11483,2026-07-02 14:02:59+05:30,4019.9,7,4035.85,1578708,162101.0,177832.0,4100.0,4110.0,4012.0,4092.6,25450950,4501.8,3683.4,4440.0,3288.1,4019.3,2,1,4019.1,161,2,4019.0,21,2,4018.9,50,1,4018.8,25,1,4019.5,73,1,4019.6,42,1,4019.7,56,2,4019.9,65,4,4020.0,1200,9
11483,2026-07-02 14:03:00+05:30,4019.9,7,4035.85,1578708,162038.0,177773.0,4100.0,4110.0,4012.0,4092.6,25450950,4501.8,3683.4,4440.0,3288.1,4019.3,2,1,4019.1,161,2,4019.0,21,2,4018.9,50,1,4018.8,25,1,4019.4,42,1,4019.5,42,1,4019.7,56,2,4019.9,55,3,4020.0,1200,9
11483,2026-07-02 14:03:00+05:30,4019.4,42,4035.85,1578708,162038.0,177773.0,4100.0,4110.0,4012.0,4092.6,25450950,4501.8,3683.4,4440.0,3288.1,4019.3,2,1,4019.1,161,2,4019.0,21,2,4018.9,50,1,4018.8,25,1,4019.4,42,1,4019.5,42,1,4019.7,56,2,4019.9,55,3,4020.0,1200,9
11483,2026-07-02 14:03:01+05:30,4019.3,2,4035.85,1578758,161630.0,177629.0,4100.0,4110.0,4012.0,4092.6,25450950,4501.8,3683.4,4440.0,3288.1,4019.1,161,2,4019.0,21,2,4018.9,50,1,4018.8,25,1,4018.7,3,1,4019.3,25,1,4019.5,38,1,4019.7,42,1,4019.9,53,2,4020.0,1200,9
11483,2026-07-02 14:03:01+05:30,4019.3,3,4035.85,1578758,161630.0,177629.0,4100.0,4110.0,4012.0,4092.6,25450950,4501.8,3683.4,4440.0,3288.1,4019.1,161,2,4019.0,21,2,4018.9,50,1,4018.8,25,1,4018.7,3,1,4019.3,25,1,4019.5,38,1,4019.7,42,1,4019.9,53,2,4020.0,1200,9
11483,2026-07-02 14:03:02+05:30,4019.5,29,4035.85,1578796,161626.0,177766.0,4100.0,4110.0,4012.0,4092.6,25450950,4501.8,3683.4,4440.0,3288.1,4019.1,155,2,4019.0,21,2,4018.9,50,1,4018.8,25,1,4018.7,3,1,4019.5,51,2,4019.7,56,2,4019.9,11,1,4020.0,1200,9,4020.1,20,2
11483,2026-07-02 14:03:02+05:30,4019.1,5,4035.85,1578796,161626.0,177766.0,4100.0,4110.0,4012.0,4092.6,25450950,4501.8,3683.4,4440.0,3288.1,4019.1,155,2,4019.0,21,2,4018.9,50,1,4018.8,25,1,4018.7,3,1,4019.5,51,2,4019.7,56,2,4019.9,11,1,4020.0,1200,9,4020.1,20,2
11483,2026-07-02 14:03:03+05:30,4019.2,10,4035.85,1578813,161641.0,177887.0,4100.0,4110.0,4012.0,4092.6,25450950,4501.8,3683.4,4440.0,3288.1,4019.1,150,2,4019.0,21,2,4018.9,50,1,4018.8,25,1,4018.7,3,1,4019.2,62,1,4019.3,42,1,4019.4,14,1,4019.5,9,1,4019.6,42,1
11483,2026-07-02 14:03:03+05:30,4019.2,1,4035.85,1578813,161641.0,177887.0,4100.0,4110.0,4012.0,4092.6,25450950,4501.8,3683.4,4440.0,3288.1,4019.1,150,2,4019.0,21,2,4018.9,50,1,4018.8,25,1,4018.7,3,1,4019.2,62,1,4019.3,42,1,4019.4,14,1,4019.5,9,1,4019.6,42,1
11483,2026-07-02 14:03:04+05:30,4019.5,1,4035.85,1578917,161641.0,177627.0,4100.0,4110.0,4012.0,4092.6,25450950,4501.8,3683.4,4440.0,3288.1,4019.1,148,2,4019.0,21,2,4018.9,50,1,4018.8,25,1,4018.7,3,1,4019.5,30,3,4019.6,12,1,4019.7,42,1,4019.8,12,1,4020.0,1205,9
11483,2026-07-02 14:03:04+05:30,4019.1,13,4035.85,1578917,161641.0,177627.0,4100.0,4110.0,4012.0,4092.6,25450950,4501.8,3683.4,4440.0,3288.1,4019.1,148,2,4019.0,21,2,4018.9,50,1,4018.8,25,1,4018.7,3,1,4019.5,30,3,4019.6,12,1,4019.7,42,1,4019.8,12,1,4020.0,1205,9
11483,2026-07-02 14:03:05+05:30,4019.1,6,4035.85,1578936,161613.0,177738.0,4100.0,4110.0,4012.0,4092.6,25450950,4501.8,3683.4,4440.0,3288.1,4019.1,129,2,4019.0,21,2,4018.9,50,1,4018.8,25,1,4018.7,3,1,4019.2,55,1,4019.5,32,4,4019.6,12,1,4019.8,42,1,4020.0,1189,8
11483,2026-07-02 14:03:05+05:30,4019.1,2,4035.85,1578936,161613.0,177738.0,4100.0,4110.0,4012.0,4092.6,25450950,4501.8,3683.4,4440.0,3288.1,4019.1,129,2,4019.0,21,2,4018.9,50,1,4018.8,25,1,4018.7,3,1,4019.2,55,1,4019.5,32,4,4019.6,12,1,4019.8,42,1,4020.0,1189,8
11483,2026-07-02 14:03:05+05:30,4019.1,1,4035.85,1578939,161584.0,177704.0,4100.0,4110.0,4012.0,4092.6,25450950,4501.8,3683.4,4440.0,3288.1,4019.1,126,2,4019.0,21,2,4018.9,50,1,4018.8,25,1,4018.7,3,1,4019.2,42,1,4019.3,42,1,4019.5,32,4,4019.6,12,1,4019.7,42,1
11483,2026-07-02 14:03:06+05:30,4019.1,48,4035.85,1578939,161584.0,177704.0,4100.0,4110.0,4012.0,4092.6,25450950,4501.8,3683.4,4440.0,3288.1,4019.1,126,2,4019.0,21,2,4018.9,50,1,4018.8,25,1,4018.7,3,1,4019.2,42,1,4019.3,42,1,4019.5,32,4,4019.6,12,1,4019.7,42,1
11483,2026-07-02 14:03:06+05:30,4019.1,48,4035.85,1578994,160971.0,177727.0,4100.0,4110.0,4012.0,4092.6,25450950,4501.8,3683.4,4440.0,3288.1,4019.1,78,2,4019.0,21,2,4018.9,50,1,4018.8,25,1,4018.7,3,1,4019.2,63,5,4019.3,42,1,4019.4,5,1,4019.5,6,1,4019.6,12,1
11483,2026-07-02 14:03:07+05:30,4019.1,10,4035.85,1578994,160971.0,177727.0,4100.0,4110.0,4012.0,4092.6,25450950,4501.8,3683.4,4440.0,3288.1,4019.1,78,2,4019.0,21,2,4018.9,50,1,4018.8,25,1,4018.7,3,1,4019.2,63,5,4019.3,42,1,4019.4,5,1,4019.5,6,1,4019.6,12,1
11483,2026-07-02 14:03:07+05:30,4019.2,5,4035.85,1579087,160921.0,177874.0,4100.0,4110.0,4012.0,4092.6,25450950,4501.8,3683.4,4440.0,3288.1,4019.1,29,1,4019.0,21,2,4018.9,50,1,4018.8,25,1,4018.7,3,1,4019.2,56,4,4019.3,42,1,4019.4,5,1,4019.5,13,2,4019.6,38,2
11483,2026-07-02 14:03:08+05:30,4019.1,5,4035.85,1579087,160921.0,177874.0,4100.0,4110.0,4012.0,4092.6,25450950,4501.8,3683.4,4440.0,3288.1,4019.1,29,1,4019.0,21,2,4018.9,50,1,4018.8,25,1,4018.7,3,1,4019.2,56,4,4019.3,42,1,4019.4,5,1,4019.5,13,2,4019.6,38,2
11483,2026-07-02 14:03:08+05:30,4019.1,5,4035.85,1579121,160992.0,178145.0,4100.0,4110.0,4012.0,4092.6,25450950,4501.8,3683.4,4440.0,3288.1,4019.0,21,2,4018.9,50,1,4018.8,25,1,4018.7,3,1,4018.6,80,3,4019.1,53,1,4019.2,69,5,4019.3,42,1,4019.4,5,1,4019.5,8,2
11483,2026-07-02 14:03:09+05:30,4019.0,4,4035.85,1579121,160992.0,178145.0,4100.0,4110.0,4012.0,4092.6,25450950,4501.8,3683.4,4440.0,3288.1,4019.0,21,2,4018.9,50,1,4018.8,25,1,4018.7,3,1,4018.6,80,3,4019.1,53,1,4019.2,69,5,4019.3,42,1,4019.4,5,1,4019.5,8,2
11483,2026-07-02 14:03:09+05:30,4019.0,36,4035.85,1579180,160903.0,178073.0,4100.0,4110.0,4012.0,4092.6,25450950,4501.8,3683.4,4440.0,3288.1,4019.0,39,1,4018.9,50,1,4018.8,25,1,4018.7,3,1,4018.6,80,3,4019.2,96,4,4019.4,5,1,4019.5,8,2,4019.6,81,3,4019.7,24,2
11483,2026-07-02 14:03:10+05:30,4019.0,11,4035.85,1579180,160903.0,178073.0,4100.0,4110.0,4012.0,4092.6,25450950,4501.8,3683.4,4440.0,3288.1,4019.0,39,1,4018.9,50,1,4018.8,25,1,4018.7,3,1,4018.6,80,3,4019.2,96,4,4019.4,5,1,4019.5,8,2,4019.6,81,3,4019.7,24,2
11483,2026-07-02 14:03:10+05:30,4019.0,21,4035.84,1579219,160848.0,178283.0,4100.0,4110.0,4012.0,4092.6,25450950,4501.8,3683.4,4440.0,3288.1,4018.9,50,1,4018.8,25,1,4018.7,3,1,4018.6,80,3,4018.5,1,1,4019.0,60,1,4019.2,109,5,4019.4,5,1,4019.5,8,2,4019.6,68,2
11483,2026-07-02 14:03:11+05:30,4019.0,1,4035.84,1579219,160848.0,178283.0,4100.0,4110.0,4012.0,4092.6,25450950,4501.8,3683.4,4440.0,3288.1,4018.9,50,1,4018.8,25,1,4018.7,3,1,4018.6,80,3,4018.5,1,1,4019.0,60,1,4019.2,109,5,4019.4,5,1,4019.5,8,2,4019.6,68,2
11483,2026-07-02 14:03:11+05:30,4019.0,1,4035.84,1579229,160843.0,178186.0,4100.0,4110.0,4012.0,4092.6,25450950,4501.8,3683.4,4440.0,3288.1,4018.9,45,1,4018.8,25,1,4018.7,3,1,4018.6,80,3,4018.5,1,1,4019.1,42,1,4019.2,54,3,4019.4,5,1,4019.5,50,3,4019.6,40,2
11483,2026-07-02 14:03:12+05:30,4018.9,44,4035.84,1579274,160757.0,178211.0,4100.0,4110.0,4012.0,4092.6,25450950,4501.8,3683.4,4440.0,3288.1,4018.8,25,1,4018.7,3,1,4018.6,80,3,4018.5,1,1,4018.2,25,1,4018.9,11,1,4019.1,56,2,4019.2,40,2,4019.4,19,2,4019.5,50,3
11483,2026-07-02 14:03:12+05:30,4018.8,5,4035.84,1579274,160757.0,178211.0,4100.0,4110.0,4012.0,4092.6,25450950,4501.8,3683.4,4440.0,3288.1,4018.8,25,1,4018.7,3,1,4018.6,80,3,4018.5,1,1,4018.2,25,1,4018.9,11,1,4019.1,56,2,4019.2,40,2,4019.4,19,2,4019.5,50,3
11483,2026-07-02 14:03:13+05:30,4018.8,1,4035.84,1579298,160781.0,178171.0,4100.0,4110.0,4012.0,4092.6,25450950,4501.8,3683.4,4440.0,3288.1,4018.8,11,1,4018.7,3,1,4018.6,80,3,4018.5,1,1,4018.2,25,1,4018.9,12,2,4019.0,42,1,4019.1,20,3,4019.2,54,3,4019.4,61,3
11483,2026-07-02 14:03:13+05:30,4018.8,3,4035.84,1579298,160781.0,178171.0,4100.0,4110.0,4012.0,4092.6,25450950,4501.8,3683.4,4440.0,3288.1,4018.8,11,1,4018.7,3,1,4018.6,80,3,4018.5,1,1,4018.2,25,1,4018.9,12,2,4019.0,42,1,4019.1,20,3,4019.2,54,3,4019.4,61,3
11483,2026-07-02 14:03:14+05:30,4018.8,8,4035.84,1579309,160682.0,178255.0,4100.0,4110.0,4012.0,4092.6,25450950,4501.8,3683.4,4440.0,3288.1,4018.7,3,1,4018.6,80,3,4018.5,1,1,4018.2,25,1,4018.0,141,10,4018.8,73,1,4018.9,25,3,4019.0,42,1,4019.1,6,2,4019.2,54,3
11483,2026-07-02 14:03:14+05:30,4018.7,2,4035.84,1579309,160682.0,178255.0,4100.0,4110.0,4012.0,4092.6,25450950,4501.8,3683.4,4440.0,3288.1,4018.7,3,1,4018.6,80,3,4018.5,1,1,4018.2,25,1,4018.0,141,10,4018.8,73,1,4018.9,25,3,4019.0,42,1,4019.1,6,2,4019.2,54,3
11483,2026-07-02 14:03:15+05:30,4018.7,50,4035.84,1579380,160683.0,178190.0,4100.0,4110.0,4012.0,4092.6,25450950,4501.8,3683.4,4440.0,3288.1,4018.6,80,3,4018.5,1,1,4018.2,25,1,4018.0,141,10,4017.7,88,2,4018.7,4,1,4018.8,12,2,4018.9,55,2,4019.1,1,1,4019.2,54,3
11483,2026-07-02 14:03:15+05:30,4018.6,8,4035.84,1579380,160683.0,178190.0,4100.0,4110.0,4012.0,4092.6,25450950,4501.8,3683.4,4440.0,3288.1,4018.6,80,3,4018.5,1,1,4018.2,25,1,4018.0,141,10,4017.7,88,2,4018.7,4,1,4018.8,12,2,4018.9,55,2,4019.1,1,1,4019.2,54,3
11483,2026-07-02 14:03:16+05:30,4018.8,9,4035.84,1579485,160620.0,178697.0,4100.0,4110.0,4012.0,4092.6,25450950,4501.8,3683.4,4440.0,3288.1,4018.6,14,1,4018.5,1,1,4018.2,25,1,4018.0,141,10,4017.6,50,4,4018.8,44,2,4018.9,13,1,4019.2,82,3,4019.4,18,2,4019.5,21,2
11483,2026-07-02 14:03:16+05:30,4018.6,13,4035.84,1579485,160620.0,178697.0,4100.0,4110.0,4012.0,4092.6,25450950,4501.8,3683.4,4440.0,3288.1,4018.6,14,1,4018.5,1,1,4018.2,25,1,4018.0,141,10,4017.6,50,4,4018.8,44,2,4018.9,13,1,4019.2,82,3,4019.4,18,2,4019.5,21,2
11483,2026-07-02 14:03:17+05:30,4018.6,15,4035.84,1579585,160567.0,178691.0,4100.0,4110.0,4012.0,4092.6,25450950,4501.8,3683.4,4440.0,3288.1,4018.6,15,1,4018.5,1,1,4018.2,25,1,4018.0,141,10,4017.6,21,3,4018.8,53,3,4018.9,13,1,4019.2,101,5,4019.3,11,1,4019.4,18,2
11483,2026-07-02 14:03:17+05:30,4018.6,12,4035.84,1579585,160567.0,178691.0,4100.0,4110.0,4012.0,4092.6,25450950,4501.8,3683.4,4440.0,3288.1,4018.6,15,1,4018.5,1,1,4018.2,25,1,4018.0,141,10,4017.6,21,3,4018.8,53,3,4018.9,13,1,4019.2,101,5,4019.3,11,1,4019.4,18,2
11483,2026-07-02 14:03:18+05:30,4018.6,25,4035.84,1579636,160474.0,179101.0,4100.0,4110.0,4012.0,4092.6,25450950,4501.8,3683.4,4440.0,3288.1,4018.5,1,1,4018.2,25,1,4018.0,141,10,4017.6,21,3,4017.4,12,1,4018.6,42,1,4018.8,58,4,4018.9,13,1,4019.0,9,1,4019.2,101,5
11483,2026-07-02 14:03:18+05:30,4018.2,25,4035.84,1579636,160474.0,179101.0,4100.0,4110.0,4012.0,4092.6,25450950,4501.8,3683.4,4440.0,3288.1,4018.5,1,1,4018.2,25,1,4018.0,141,10,4017.6,21,3,4017.4,12,1,4018.6,42,1,4018.8,58,4,4018.9,13,1,4019.0,9,1,4019.2,101,5
11483,2026-07-02 14:03:19+05:30,4018.2,1,4035.84,1579702,160115.0,178967.0,4100.0,4110.0,4012.0,4092.6,25450950,4501.8,3683.4,4440.0,3288.1,4018.0,132,9,4017.6,11,2,4017.2,9,1,4017.1,435,8,4017.0,1224,39,4018.2,11,1,4018.5,1,1,4018.6,13,1,4018.8,95,4,4019.0,9,1
11483,2026-07-02 14:03:19+05:30,4018.0,8,4035.84,1579702,160115.0,178967.0,4100.0,4110.0,4012.0,4092.6,25450950,4501.8,3683.4,4440.0,3288.1,4018.0,132,9,4017.6,11,2,4017.2,9,1,4017.1,435,8,4017.0,1224,39,4018.2,11,1,4018.5,1,1,4018.6,13,1,4018.8,95,4,4019.0,9,1
11483,2026-07-02 14:03:20+05:30,4018.2,5,4035.84,1579715,160122.0,178682.0,4100.0,4110.0,4012.0,4092.6,25450950,4501.8,3683.4,4440.0,3288.1,4018.0,134,10,4017.6,11,2,4017.2,9,1,4017.1,435,8,4017.0,1224,39,4018.2,6,1,4018.5,1,1,4018.6,42,1,4018.8,81,5,4019.1,13,1
11483,2026-07-02 14:03:20+05:30,4018.0,1,4035.84,1579715,160122.0,178682.0,4100.0,4110.0,4012.0,4092.6,25450950,4501.8,3683.4,4440.0,3288.1,4018.0,134,10,4017.6,11,2,4017.2,9,1,4017.1,435,8,4017.0,1224,39,4018.2,6,1,4018.5,1,1,4018.6,42,1,4018.8,81,5,4019.1,13,1
11483,2026-07-02 14:03:21+05:30,4018.2,1,4035.84,1579717,160109.0,178789.0,4100.0,4110.0,4012.0,4092.6,25450950,4501.8,3683.4,4440.0,3288.1,4018.0,133,9,4017.6,11,2,4017.1,435,8,4017.0,1233,40,4016.9,16,2,4018.2,1,1,4018.5,1,1,4018.6,55,2,4018.8,70,4,4019.1,43,2
11483,2026-07-02 14:03:21+05:30,4018.0,3,4035.84,1579717,160109.0,178789.0,4100.0,4110.0,4012.0,4092.6,25450950,4501.8,3683.4,4440.0,3288.1,4018.0,133,9,4017.6,11,2,4017.1,435,8,4017.0,1233,40,4016.9,16,2,4018.2,1,1,4018.5,1,1,4018.6,55,2,4018.8,70,4,4019.1,43,2
11483,2026-07-02 14:03:22+05:30,4018.0,3,4035.84,1579717,160109.0,178789.0,4100.0,4110.0,4012.0,4092.6,25450950,4501.8,3683.4,4440.0,3288.1,4018.0,133,9,4017.6,11,2,4017.1,435,8,4017.0,1233,40,4016.9,16,2,4018.2,1,1,4018.5,1,1,4018.6,55,2,4018.8,70,4,4019.1,43,2
11483,2026-07-02 14:03:22+05:30,4018.6,3,4035.84,1579761,160097.0,178930.0,4100.0,4110.0,4012.0,4092.6,25450950,4501.8,3683.4,4440.0,3288.1,4018.0,136,8,4017.6,11,2,4017.1,435,8,4017.0,1233,40,4016.9,16,2,4018.6,47,4,4018.8,57,3,4019.0,30,1,4019.1,13,1,4019.2,58,4
11483,2026-07-02 14:03:22+05:30,4018.6,3,4035.84,1579761,160097.0,178930.0,4100.0,4110.0,4012.0,4092.6,25450950,4501.8,3683.4,4440.0,3288.1,4018.0,136,8,4017.6,11,2,4017.1,435,8,4017.0,1233,40,4016.9,16,2,4018.6,47,4,4018.8,57,3,4019.0,30,1,4019.1,13,1,4019.2,58,4
11483,2026-07-02 14:03:22+05:30,4018.0,5,4035.84,1579761,160097.0,178930.0,4100.0,4110.0,4012.0,4092.6,25450950,4501.8,3683.4,4440.0,3288.1,4018.0,136,8,4017.6,11,2,4017.1,435,8,4017.0,1233,40,4016.9,16,2,4018.6,47,4,4018.8,57,3,4019.0,30,1,4019.1,13,1,4019.2,58,4
11483,2026-07-02 14:03:22+05:30,4018.0,5,4035.84,1579761,160097.0,178930.0,4100.0,4110.0,4012.0,4092.6,25450950,4501.8,3683.4,4440.0,3288.1,4018.0,136,8,4017.6,11,2,4017.1,435,8,4017.0,1233,40,4016.9,16,2,4018.6,47,4,4018.8,57,3,4019.0,30,1,4019.1,13,1,4019.2,58,4
11483,2026-07-02 14:03:23+05:30,4018.0,5,4035.84,1579766,160098.0,178945.0,4100.0,4110.0,4012.0,4092.6,25450950,4501.8,3683.4,4440.0,3288.1,4018.0,131,8,4017.6,11,2,4017.1,438,9,4017.0,1221,38,4016.9,16,2,4018.6,34,3,4018.8,75,4,4019.0,30,1,4019.1,13,1,4019.2,58,4
11483,2026-07-02 14:03:23+05:30,4018.0,5,4035.84,1579766,160098.0,178945.0,4100.0,4110.0,4012.0,4092.6,25450950,4501.8,3683.4,4440.0,3288.1,4018.0,131,8,4017.6,11,2,4017.1,438,9,4017.0,1221,38,4016.9,16,2,4018.6,34,3,4018.8,75,4,4019.0,30,1,4019.1,13,1,4019.2,58,4
11483,2026-07-02 14:03:23+05:30,4018.0,1,4035.84,1579766,160098.0,178945.0,4100.0,4110.0,4012.0,4092.6,25450950,4501.8,3683.4,4440.0,3288.1,4018.0,131,8,4017.6,11,2,4017.1,438,9,4017.0,1221,38,4016.9,16,2,4018.6,34,3,4018.8,75,4,4019.0,30,1,4019.1,13,1,4019.2,58,4
11483,2026-07-02 14:03:23+05:30,4018.0,1,4035.84,1579766,160098.0,178945.0,4100.0,4110.0,4012.0,4092.6,25450950,4501.8,3683.4,4440.0,3288.1,4018.0,131,8,4017.6,11,2,4017.1,438,9,4017.0,1221,38,4016.9,16,2,4018.6,34,3,4018.8,75,4,4019.0,30,1,4019.1,13,1,4019.2,58,4
11483,2026-07-02 14:03:24+05:30,4018.0,1,4035.84,1579767,160136.0,178973.0,4100.0,4110.0,4012.0,4092.6,25450950,4501.8,3683.4,4440.0,3288.1,4018.2,1,1,4018.0,130,8,4017.6,11,2,4017.2,59,1,4017.1,438,9,4018.3,50,1,4018.6,51,4,4018.8,57,3,4019.0,42,2,4019.1,13,1
11483,2026-07-02 14:03:24+05:30,4018.0,1,4035.84,1579767,160136.0,178973.0,4100.0,4110.0,4012.0,4092.6,25450950,4501.8,3683.4,4440.0,3288.1,4018.2,1,1,4018.0,130,8,4017.6,11,2,4017.2,59,1,4017.1,438,9,4018.3,50,1,4018.6,51,4,4018.8,57,3,4019.0,42,2,4019.1,13,1
11483,2026-07-02 14:03:25+05:30,4018.0,1,4035.84,1579767,160136.0,178973.0,4100.0,4110.0,4012.0,4092.6,25450950,4501.8,3683.4,4440.0,3288.1,4018.2,1,1,4018.0,130,8,4017.6,11,2,4017.2,59,1,4017.1,438,9,4018.3,50,1,4018.6,51,4,4018.8,57,3,4019.0,42,2,4019.1,13,1
11483,2026-07-02 14:03:25+05:30,4018.0,1,4035.84,1579767,160146.0,178963.0,4100.0,4110.0,4012.0,4092.6,25450950,4501.8,3683.4,4440.0,3288.1,4018.2,1,1,4018.0,130,8,4017.6,11,2,4017.2,62,2,4017.1,435,8,4018.6,40,3,4018.8,37,3,4019.0,52,3,4019.1,13,1,4019.2,28,3
11483,2026-07-02 14:03:25+05:30,4018.0,1,4035.84,1579767,160146.0,178963.0,4100.0,4110.0,4012.0,4092.6,25450950,4501.8,3683.4,4440.0,3288.1,4018.2,1,1,4018.0,130,8,4017.6,11,2,4017.2,62,2,4017.1,435,8,4018.6,40,3,4018.8,37,3,4019.0,52,3,4019.1,13,1,4019.2,28,3
11483,2026-07-02 14:03:25+05:30,4018.0,26,4035.84,1579767,160146.0,178963.0,4100.0,4110.0,4012.0,4092.6,25450950,4501.8,3683.4,4440.0,3288.1,4018.2,1,1,4018.0,130,8,4017.6,11,2,4017.2,62,2,4017.1,435,8,4018.6,40,3,4018.8,37,3,4019.0,52,3,4019.1,13,1,4019.2,28,3
11483,2026-07-02 14:03:25+05:30,4018.0,26,4035.84,1579767,160146.0,178963.0,4100.0,4110.0,4012.0,4092.6,25450950,4501.8,3683.4,4440.0,3288.1,4018.2,1,1,4018.0,130,8,4017.6,11,2,4017.2,62,2,4017.1,435,8,4018.6,40,3,4018.8,37,3,4019.0,52,3,4019.1,13,1,4019.2,28,3
11483,2026-07-02 14:03:26+05:30,4018.3,16,4035.84,1579819,160159.0,178931.0,4100.0,4110.0,4012.0,4092.6,25450950,4501.8,3683.4,4440.0,3288.1,4018.3,8,1,4018.0,103,7,4017.6,11,2,4017.3,3,1,4017.2,59,1,4018.6,20,2,4018.8,50,4,4019.0,52,3,4019.1,13,1,4019.2,19,2
11483,2026-07-02 14:03:26+05:30,4018.3,16,4035.84,1579819,160159.0,178931.0,4100.0,4110.0,4012.0,4092.6,25453575,4501.8,3683.4,4440.0,3288.1,4018.3,8,1,4018.0,103,7,4017.6,11,2,4017.3,3,1,4017.2,59,1,4018.6,20,2,4018.8,50,4,4019.0,52,3,4019.1,13,1,4019.2,19,2
11483,2026-07-02 14:03:26+05:30,4018.3,6,4035.84,1579819,160159.0,178931.0,4100.0,4110.0,4012.0,4092.6,25453575,4501.8,3683.4,4440.0,3288.1,4018.3,8,1,4018.0,103,7,4017.6,11,2,4017.3,3,1,4017.2,59,1,4018.6,20,2,4018.8,50,4,4019.0,52,3,4019.1,13,1,4019.2,19,2
11483,2026-07-02 14:03:26+05:30,4018.3,6,4035.84,1579819,160159.0,178931.0,4100.0,4110.0,4012.0,4092.6,25453575,4501.8,3683.4,4440.0,3288.1,4018.3,8,1,4018.0,103,7,4017.6,11,2,4017.3,3,1,4017.2,59,1,4018.6,20,2,4018.8,50,4,4019.0,52,3,4019.1,13,1,4019.2,19,2
11483,2026-07-02 14:03:27+05:30,4018.3,6,4035.84,1579819,160159.0,178931.0,4100.0,4110.0,4012.0,4092.6,25453575,4501.8,3683.4,4440.0,3288.1,4018.3,8,1,4018.0,103,7,4017.6,11,2,4017.3,3,1,4017.2,59,1,4018.6,20,2,4018.8,50,4,4019.0,52,3,4019.1,13,1,4019.2,19,2
11483,2026-07-02 14:03:27+05:30,4018.3,6,4035.84,1579825,160155.0,178942.0,4100.0,4110.0,4012.0,4092.6,25453575,4501.8,3683.4,4440.0,3288.1,4018.3,2,1,4018.0,103,7,4017.6,11,2,4017.4,12,1,4017.3,3,1,4018.6,20,2,4018.8,50,4,4019.0,52,3,4019.1,13,1,4019.2,19,2
11483,2026-07-02 14:03:27+05:30,4018.3,6,4035.84,1579825,160155.0,178942.0,4100.0,4110.0,4012.0,4092.6,25453575,4501.8,3683.4,4440.0,3288.1,4018.3,2,1,4018.0,103,7,4017.6,11,2,4017.4,12,1,4017.3,3,1,4018.6,20,2,4018.8,50,4,4019.0,52,3,4019.1,13,1,4019.2,19,2
11483,2026-07-02 14:03:27+05:30,4018.3,1,4035.84,1579825,160155.0,178942.0,4100.0,4110.0,4012.0,4092.6,25453575,4501.8,3683.4,4440.0,3288.1,4018.3,2,1,4018.0,103,7,4017.6,11,2,4017.4,12,1,4017.3,3,1,4018.6,20,2,4018.8,50,4,4019.0,52,3,4019.1,13,1,4019.2,19,2
11483,2026-07-02 14:03:27+05:30,4018.3,1,4035.84,1579825,160155.0,178942.0,4100.0,4110.0,4012.0,4092.6,25453575,4501.8,3683.4,4440.0,3288.1,4018.3,2,1,4018.0,103,7,4017.6,11,2,4017.4,12,1,4017.3,3,1,4018.6,20,2,4018.8,50,4,4019.0,52,3,4019.1,13,1,4019.2,19,2
11483,2026-07-02 14:03:28+05:30,4018.3,1,4035.84,1579825,160155.0,178942.0,4100.0,4110.0,4012.0,4092.6,25453575,4501.8,3683.4,4440.0,3288.1,4018.3,2,1,4018.0,103,7,4017.6,11,2,4017.4,12,1,4017.3,3,1,4018.6,20,2,4018.8,50,4,4019.0,52,3,4019.1,13,1,4019.2,19,2
11483,2026-07-02 14:03:28+05:30,4018.3,13,4035.84,1579844,159762.0,178901.0,4100.0,4110.0,4012.0,4092.6,25453575,4501.8,3683.4,4440.0,3288.1,4018.3,8,1,4018.0,103,7,4017.6,11,2,4017.4,12,1,4017.2,58,1,4018.4,50,1,4018.5,42,1,4018.6,62,3,4018.7,13,1,4018.8,88,5
11483,2026-07-02 14:03:28+05:30,4018.4,36,4035.84,1579844,159762.0,178901.0,4100.0,4110.0,4012.0,4092.6,25453575,4501.8,3683.4,4440.0,3288.1,4018.3,8,1,4018.0,103,7,4017.6,11,2,4017.4,12,1,4017.2,58,1,4018.4,50,1,4018.5,42,1,4018.6,62,3,4018.7,13,1,4018.8,88,5
11483,2026-07-02 14:03:29+05:30,4018.1,2,4035.84,1579891,159644.0,179063.0,4100.0,4110.0,4012.0,4092.6,25453575,4501.8,3683.4,4440.0,3288.1,4018.0,103,7,4017.6,11,2,4017.1,170,5,4017.0,1040,33,4016.9,1,1,4018.1,12,1,4018.2,42,1,4018.3,48,2,4018.4,2,1,4018.5,42,1
11483,2026-07-02 14:03:29+05:30,4018.0,6,4035.84,1579891,159644.0,179063.0,4100.0,4110.0,4012.0,4092.6,25453575,4501.8,3683.4,4440.0,3288.1,4018.0,103,7,4017.6,11,2,4017.1,170,5,4017.0,1040,33,4016.9,1,1,4018.1,12,1,4018.2,42,1,4018.3,48,2,4018.4,2,1,4018.5,42,1
11483,2026-07-02 14:03:30+05:30,4018.0,8,4035.84,1579905,159872.0,179100.0,4100.0,4110.0,4012.0,4092.6,25453575,4501.8,3683.4,4440.0,3288.1,4018.0,339,8,4017.6,11,2,4017.2,3,1,4017.1,170,5,4017.0,1040,33,4018.1,42,1,4018.2,42,1,4018.3,6,1,4018.4,57,3,4018.6,67,4
11483,2026-07-02 14:03:30+05:30,4018.0,12,4035.84,1579905,159872.0,179100.0,4100.0,4110.0,4012.0,4092.6,25453575,4501.8,3683.4,4440.0,3288.1,4018.0,339,8,4017.6,11,2,4017.2,3,1,4017.1,170,5,4017.0,1040,33,4018.1,42,1,4018.2,42,1,4018.3,6,1,4018.4,57,3,4018.6,67,4
11483,2026-07-02 14:03:31+05:30,4018.1,9,4035.84,1579972,159935.0,178855.0,4100.0,4110.0,4012.0,4092.6,25453575,4501.8,3683.4,4440.0,3288.1,4018.0,325,8,4017.6,11,2,4017.2,39,3,4017.1,170,5,4017.0,1040,33,4018.2,42,1,4018.3,6,1,4018.4,42,1,4018.6,54,2,4018.8,38,3
11483,2026-07-02 14:03:31+05:30,4018.0,1,4035.84,1579972,159935.0,178855.0,4100.0,4110.0,4012.0,4092.6,25453575,4501.8,3683.4,4440.0,3288.1,4018.0,325,8,4017.6,11,2,4017.2,39,3,4017.1,170,5,4017.0,1040,33,4018.2,42,1,4018.3,6,1,4018.4,42,1,4018.6,54,2,4018.8,38,3
11483,2026-07-02 14:03:32+05:30,4018.0,95,4035.83,1580142,159821.0,178870.0,4100.0,4110.0,4012.0,4092.6,25453575,4501.8,3683.4,4440.0,3288.1,4018.0,155,1,4017.6,11,2,4017.2,3,1,4017.1,170,5,4017.0,1040,33,4018.2,42,1,4018.3,6,1,4018.4,42,1,4018.6,42,1,4018.8,38,3
11483,2026-07-02 14:03:32+05:30,4018.2,4,4035.83,1580142,159821.0,178870.0,4100.0,4110.0,4012.0,4092.6,25453575,4501.8,3683.4,4440.0,3288.1,4018.0,155,1,4017.6,11,2,4017.2,3,1,4017.1,170,5,4017.0,1040,33,4018.2,42,1,4018.3,6,1,4018.4,42,1,4018.6,42,1,4018.8,38,3
11483,2026-07-02 14:03:33+05:30,4018.2,4,4035.83,1580247,160063.0,178604.0,4100.0,4110.0,4012.0,4092.6,25453575,4501.8,3683.4,4440.0,3288.1,4018.0,54,1,4017.6,11,2,4017.2,41,3,4017.1,179,6,4017.0,1066,34,4018.8,25,2,4018.9,32,2,4019.0,89,3,4019.1,75,2,4019.2,39,3
11483,2026-07-02 14:03:33+05:30,4018.0,13,4035.83,1580247,160063.0,178604.0,4100.0,4110.0,4012.0,4092.6,25453575,4501.8,3683.4,4440.0,3288.1,4018.0,54,1,4017.6,11,2,4017.2,41,3,4017.1,179,6,4017.0,1066,34,4018.8,25,2,4018.9,32,2,4019.0,89,3,4019.1,75,2,4019.2,39,3
11483,2026-07-02 14:03:34+05:30,4018.0,13,4035.83,1580260,160363.0,178876.0,4100.0,4110.0,4012.0,4092.6,25453575,4501.8,3683.4,4440.0,3288.1,4018.6,70,1,4018.5,42,1,4018.4,42,1,4018.2,43,2,4018.0,83,2,4018.8,15,1,4018.9,6,1,4019.0,89,3,4019.1,62,1,4019.2,23,2
11483,2026-07-02 14:03:34+05:30,4018.6,2,4035.83,1580260,160363.0,178876.0,4100.0,4110.0,4012.0,4092.6,25453575,4501.8,3683.4,4440.0,3288.1,4018.6,70,1,4018.5,42,1,4018.4,42,1,4018.2,43,2,4018.0,83,2,4018.8,15,1,4018.9,6,1,4019.0,89,3,4019.1,62,1,4019.2,23,2
11483,2026-07-02 14:03:35+05:30,4018.8,1,4035.83,1580263,160296.0,178875.0,4100.0,4110.0,4012.0,4092.6,25453575,4501.8,3683.4,4440.0,3288.1,4018.7,42,1,4018.6,42,1,4018.4,42,1,4018.2,43,2,4018.0,42,2,4018.8,14,1,4018.9,6,1,4019.0,89,3,4019.1,62,1,4019.2,23,2
11483,2026-07-02 14:03:35+05:30,4018.7,42,4035.83,1580263,160296.0,178875.0,4100.0,4110.0,4012.0,4092.6,25453575,4501.8,3683.4,4440.0,3288.1,4018.7,42,1,4018.6,42,1,4018.4,42,1,4018.2,43,2,4018.0,42,2,4018.8,14,1,4018.9,6,1,4019.0,89,3,4019.1,62,1,4019.2,23,2
11483,2026-07-02 14:03:36+05:30,4018.8,12,4035.83,1580331,160227.0,178891.0,4100.0,4110.0,4012.0,4092.6,25453575,4501.8,3683.4,4440.0,3288.1,4018.6,42,1,4018.4,42,1,4018.2,43,2,4018.0,47,3,4017.9,9,1,4018.8,24,3,4018.9,19,2,4019.0,89,3,4019.1,62,1,4019.2,20,2
11483,2026-07-02 14:03:36+05:30,4018.6,34,4035.83,1580331,160227.0,178891.0,4100.0,4110.0,4012.0,4092.6,25453575,4501.8,3683.4,4440.0,3288.1,4018.6,42,1,4018.4,42,1,4018.2,43,2,4018.0,47,3,4017.9,9,1,4018.8,24,3,4018.9,19,2,4019.0,89,3,4019.1,62,1,4019.2,20,2
11483,2026-07-02 14:03:37+05:30,4018.7,39,4035.83,1580412,160107.0,178997.0,4100.0,4110.0,4012.0,4092.6,25453575,4501.8,3683.4,4440.0,3288.1,4018.6,2,1,4018.3,42,1,4018.2,1,1,4018.1,42,1,4018.0,49,4,4018.7,32,1,4018.8,44,6,4018.9,11,2,4019.0,99,4,4019.1,75,2
11483,2026-07-02 14:03:37+05:30,4018.8,9,4035.83,1580412,160107.0,178997.0,4100.0,4110.0,4012.0,4092.6,25453575,4501.8,3683.4,4440.0,3288.1,4018.6,2,1,4018.3,42,1,4018.2,1,1,4018.1,42,1,4018.0,49,4,4018.7,32,1,4018.8,44,6,4018.9,11,2,4019.0,99,4,4019.1,75,2
11483,2026-07-02 14:03:38+05:30,4018.7,2,4035.83,1580434,159962.0,179254.0,4100.0,4110.0,4012.0,4092.6,25453575,4501.8,3683.4,4440.0,3288.1,4018.7,79,1,4018.6,44,2,4018.5,42,1,4018.3,42,1,4018.2,1,1,4018.9,16,2,4019.0,89,3,4019.1,86,3,4019.2,10,1,4019.3,10,2
11483,2026-07-02 14:03:38+05:30,4018.7,3,4035.83,1580434,159962.0,179254.0,4100.0,4110.0,4012.0,4092.6,25453575,4501.8,3683.4,4440.0,3288.1,4018.7,79,1,4018.6,44,2,4018.5,42,1,4018.3,42,1,4018.2,1,1,4018.9,16,2,4019.0,89,3,4019.1,86,3,4019.2,10,1,4019.3,10,2
11483,2026-07-02 14:03:39+05:30,4018.5,2,4035.83,1580573,159741.0,179051.0,4100.0,4110.0,4012.0,4092.6,25453575,4501.8,3683.4,4440.0,3288.1,4018.3,42,1,4018.2,1,1,4018.0,50,5,4017.6,11,2,4017.4,38,2,4018.5,40,1,4018.9,28,3,4019.0,89,3,4019.1,78,3,4019.2,54,4
11483,2026-07-02 14:03:39+05:30,4018.2,1,4035.83,1580573,159741.0,179051.0,4100.0,4110.0,4012.0,4092.6,25453575,4501.8,3683.4,4440.0,3288.1,4018.3,42,1,4018.2,1,1,4018.0,50,5,4017.6,11,2,4017.4,38,2,4018.5,40,1,4018.9,28,3,4019.0,89,3,4019.1,78,3,4019.2,54,4
11483,2026-07-02 14:03:40+05:30,4018.2,5,4035.83,1580610,159709.0,178696.0,4100.0,4110.0,4012.0,4092.6,25453575,4501.8,3683.4,4440.0,3288.1,4018.0,50,5,4017.9,42,1,4017.6,11,2,4017.4,26,1,4017.3,3,1,4018.2,3,1,4018.3,2,1,4018.4,5,1,4018.9,48,4,4019.0,89,3
11483,2026-07-02 14:03:40+05:30,4018.3,1,4035.83,1580610,159709.0,178696.0,4100.0,4110.0,4012.0,4092.6,25453575,4501.8,3683.4,4440.0,3288.1,4018.0,50,5,4017.9,42,1,4017.6,11,2,4017.4,26,1,4017.3,3,1,4018.2,3,1,4018.3,2,1,4018.4,5,1,4018.9,48,4,4019.0,89,3
11483,2026-07-02 14:03:41+05:30,4018.3,1,4035.83,1580626,159991.0,178597.0,4100.0,4110.0,4012.0,4092.6,25453575,4501.8,3683.4,4440.0,3288.1,4018.2,81,1,4018.1,42,1,4018.0,97,7,4017.8,42,1,4017.6,53,3,4018.3,1,1,4018.4,5,1,4018.5,1,1,4018.9,35,3,4019.0,101,4
11483,2026-07-02 14:03:41+05:30,4018.2,2,4035.83,1580626,159991.0,178597.0,4100.0,4110.0,4012.0,4092.6,25453575,4501.8,3683.4,4440.0,3288.1,4018.2,81,1,4018.1,42,1,4018.0,97,7,4017.8,42,1,4017.6,53,3,4018.3,1,1,4018.4,5,1,4018.5,1,1,4018.9,35,3,4019.0,101,4
11483,2026-07-02 14:03:42+05:30,4018.3,8,4035.83,1580636,159987.0,178995.0,4100.0,4110.0,4012.0,4092.6,25453575,4501.8,3683.4,4440.0,3288.1,4018.3,71,1,4018.2,42,1,4018.1,42,1,4018.0,55,6,4017.9,42,1,4018.4,5,1,4018.5,1,1,4018.9,25,2,4019.0,101,4,4019.1,62,1
11483,2026-07-02 14:03:42+05:30,4018.3,1,4035.83,1580636,159987.0,178995.0,4100.0,4110.0,4012.0,4092.6,25453575,4501.8,3683.4,4440.0,3288.1,4018.3,71,1,4018.2,42,1,4018.1,42,1,4018.0,55,6,4017.9,42,1,4018.4,5,1,4018.5,1,1,4018.9,25,2,4019.0,101,4,4019.1,62,1
11483,2026-07-02 14:03:43+05:30,4018.3,1,4035.83,1580637,159964.0,178998.0,4100.0,4110.0,4012.0,4092.6,25453575,4501.8,3683.4,4440.0,3288.1,4018.3,42,1,4018.2,42,1,4018.0,97,7,4017.9,13,1,4017.8,42,1,4018.4,5,1,4018.5,1,1,4018.9,25,2,4019.0,101,4,4019.1,62,1
11483,2026-07-02 14:03:44+05:30,4018.4,5,4035.83,1580642,160024.0,179127.0,4100.0,4110.0,4012.0,4092.6,25453575,4501.8,3683.4,4440.0,3288.1,4018.4,65,1,4018.3,42,1,4018.2,42,1,4018.0,101,8,4017.8,42,1,4018.5,1,1,4018.6,12,1,4018.9,25,2,4019.0,89,3,4019.1,62,1
11483,2026-07-02 14:03:44+05:30,4018.5,1,4035.83,1580642,160024.0,179127.0,4100.0,4110.0,4012.0,4092.6,25453575,4501.8,3683.4,4440.0,3288.1,4018.4,65,1,4018.3,42,1,4018.2,42,1,4018.0,101,8,4017.8,42,1,4018.5,1,1,4018.6,12,1,4018.9,25,2,4019.0,89,3,4019.1,62,1
11483,2026-07-02 14:03:45+05:30,4018.5,1,4035.83,1580644,159986.0,179143.0,4100.0,4110.0,4012.0,4092.6,25453575,4501.8,3683.4,4440.0,3288.1,4018.4,42,1,4018.3,42,1,4018.1,42,1,4018.0,59,7,4017.9,42,1,4018.5,2,2,4018.6,12,1,4018.9,25,2,4019.0,89,3,4019.1,62,1
11483,2026-07-02 14:03:45+05:30,4018.3,30,4035.83,1580644,159986.0,179143.0,4100.0,4110.0,4012.0,4092.6,25453575,4501.8,3683.4,4440.0,3288.1,4018.4,42,1,4018.3,42,1,4018.1,42,1,4018.0,59,7,4017.9,42,1,4018.5,2,2,4018.6,12,1,4018.9,25,2,4019.0,89,3,4019.1,62,1
11483,2026-07-02 14:03:46+05:30,4018.6,8,4035.83,1580762,160018.0,179085.0,4100.0,4110.0,4012.0,4092.6,25453575,4501.8,3683.4,4440.0,3288.1,4018.5,73,1,4018.3,19,2,4018.1,42,1,4018.0,59,7,4017.9,42,1,4018.6,12,1,4018.9,25,2,4019.0,89,3,4019.1,62,1,4019.5,20,1
11483,2026-07-02 14:03:46+05:30,4018.5,14,4035.83,1580762,160018.0,179085.0,4100.0,4110.0,4012.0,4092.6,25453575,4501.8,3683.4,4440.0,3288.1,4018.5,73,1,4018.3,19,2,4018.1,42,1,4018.0,59,7,4017.9,42,1,4018.6,12,1,4018.9,25,2,4019.0,89,3,4019.1,62,1,4019.5,20,1
11483,2026-07-02 14:03:47+05:30,4018.6,1,4035.83,1580777,160027.0,179087.0,4100.0,4110.0,4012.0,4092.6,25453575,4501.8,3683.4,4440.0,3288.1,4018.5,1,1,4018.3,19,2,4018.2,42,1,4018.1,9,1,4018.0,101,8,4018.9,25,2,4019.0,89,3,4019.1,75,2,4019.2,12,1,4019.4,13,1
11483,2026-07-02 14:03:47+05:30,4018.5,1,4035.83,1580777,160027.0,179087.0,4100.0,4110.0,4012.0,4092.6,25453575,4501.8,3683.4,4440.0,3288.1,4018.5,1,1,4018.3,19,2,4018.2,42,1,4018.1,9,1,4018.0,101,8,4018.9,25,2,4019.0,89,3,4019.1,75,2,4019.2,12,1,4019.4,13,1
11483,2026-07-02 14:03:48+05:30,4018.5,1,4035.83,1580779,160094.0,179110.0,4100.0,4110.0,4012.0,4092.6,25453575,4501.8,3683.4,4440.0,3288.1,4018.5,58,1,4018.4,42,1,4018.3,19,2,4018.1,51,2,4018.0,59,7,4018.6,13,1,4018.9,25,2,4019.0,89,3,4019.1,62,1,4019.6,35,2
11483,2026-07-02 14:03:48+05:30,4018.5,1,4035.83,1580779,160094.0,179110.0,4100.0,4110.0,4012.0,4092.6,25453575,4501.8,3683.4,4440.0,3288.1,4018.5,58,1,4018.4,42,1,4018.3,19,2,4018.1,51,2,4018.0,59,7,4018.6,13,1,4018.9,25,2,4019.0,89,3,4019.1,62,1,4019.6,35,2
11483,2026-07-02 14:03:49+05:30,4018.5,1,4035.83,1580779,160064.0,179231.0,4100.0,4110.0,4012.0,4092.6,25453575,4501.8,3683.4,4440.0,3288.1,4018.7,42,1,4018.4,42,1,4018.3,19,2,4018.2,42,1,4018.1,9,1,4018.9,25,2,4019.0,89,3,4019.1,62,1,4019.2,11,1,4019.4,5,1
11483,2026-07-02 14:03:49+05:30,4018.9,1,4035.83,1580779,160064.0,179231.0,4100.0,4110.0,4012.0,4092.6,25453575,4501.8,3683.4,4440.0,3288.1,4018.7,42,1,4018.4,42,1,4018.3,19,2,4018.2,42,1,4018.1,9,1,4018.9,25,2,4019.0,89,3,4019.1,62,1,4019.2,11,1,4019.4,5,1
11483,2026-07-02 14:03:50+05:30,4018.9,1,4035.83,1580837,160156.0,179206.0,4100.0,4110.0,4012.0,4092.6,25453575,4501.8,3683.4,4440.0,3288.1,4018.8,42,1,4018.5,47,2,4018.3,61,3,4018.1,9,1,4018.0,68,8,4018.9,25,2,4019.0,89,3,4019.1,62,1,4019.2,11,1,4019.4,5,1
11483,2026-07-02 14:03:50+05:30,4018.9,7,4035.83,1580837,160156.0,179206.0,4100.0,4110.0,4012.0,4092.6,25453575,4501.8,3683.4,4440.0,3288.1,4018.8,42,1,4018.5,47,2,4018.3,61,3,4018.1,9,1,4018.0,68,8,4018.9,25,2,4019.0,89,3,4019.1,62,1,4019.2,11,1,4019.4,5,1
11483,2026-07-02 14:03:51+05:30,4018.9,1,4035.83,1580927,160185.0,179145.0,4100.0,4110.0,4012.0,4092.6,25453575,4501.8,3683.4,4440.0,3288.1,4018.8,35,1,4018.5,47,2,4018.3,54,2,4018.1,9,1,4018.0,68,8,4018.9,11,1,4019.0,89,3,4019.1,62,1,4019.2,11,1,4019.4,5,1
11483,2026-07-02 14:03:51+05:30,4018.8,12,4035.83,1580927,160185.0,179145.0,4100.0,4110.0,4012.0,4092.6,25453575,4501.8,3683.4,4440.0,3288.1,4018.8,35,1,4018.5,47,2,4018.3,54,2,4018.1,9,1,4018.0,68,8,4018.9,11,1,4019.0,89,3,4019.1,62,1,4019.2,11,1,4019.4,5,1
11483,2026-07-02 14:03:52+05:30,4019.0,47,4035.82,1581089,160194.0,178682.0,4100.0,4110.0,4012.0,4092.6,25453575,4501.8,3683.4,4440.0,3288.1,4018.8,23,1,4018.6,42,1,4018.5,5,1,4018.4,42,1,4018.3,12,1,4019.0,20,1,4019.1,62,1,4019.2,11,1,4019.4,5,1,4019.8,4,2
11483,2026-07-02 14:03:52+05:30,4018.8,19,4035.82,1581089,160194.0,178682.0,4100.0,4110.0,4012.0,4092.6,25453575,4501.8,3683.4,4440.0,3288.1,4018.8,23,1,4018.6,42,1,4018.5,5,1,4018.4,42,1,4018.3,12,1,4019.0,20,1,4019.1,62,1,4019.2,11,1,4019.4,5,1,4019.8,4,2
11483,2026-07-02 14:03:53+05:30,4019.0,40,4035.82,1581170,160175.0,178759.0,4100.0,4110.0,4012.0,4092.6,25453575,4501.8,3683.4,4440.0,3288.1,4018.8,4,1,4018.6,42,1,4018.5,5,1,4018.4,42,1,4018.3,12,1,4019.0,27,1,4019.1,62,1,4019.2,11,1,4019.4,5,1,4019.5,13,1
11483,2026-07-02 14:03:53+05:30,4018.8,4,4035.82,1581170,160175.0,178759.0,4100.0,4110.0,4012.0,4092.6,25453575,4501.8,3683.4,4440.0,3288.1,4018.8,4,1,4018.6,42,1,4018.5,5,1,4018.4,42,1,4018.3,12,1,4019.0,27,1,4019.1,62,1,4019.2,11,1,4019.4,5,1,4019.5,13,1
11483,2026-07-02 14:03:54+05:30,4019.0,1,4035.82,1581183,160249.0,178640.0,4100.0,4110.0,4012.0,4092.6,25453575,4501.8,3683.4,4440.0,3288.1,4018.8,71,1,4018.5,5,1,4018.4,42,1,4018.3,12,1,4018.2,42,1,4019.0,24,1,4019.1,62,1,4019.2,11,1,4019.4,5,1,4019.8,4,2
11483,2026-07-02 14:03:54+05:30,4018.8,2,4035.82,1581183,160249.0,178640.0,4100.0,4110.0,4012.0,4092.6,25453575,4501.8,3683.4,4440.0,3288.1,4018.8,71,1,4018.5,5,1,4018.4,42,1,4018.3,12,1,4018.2,42,1,4019.0,24,1,4019.1,62,1,4019.2,11,1,4019.4,5,1,4019.8,4,2
11483,2026-07-02 14:03:55+05:30,4018.8,2,4035.82,1581185,160322.0,178643.0,4100.0,4110.0,4012.0,4092.6,25453575,4501.8,3683.4,4440.0,3288.1,4018.9,51,2,4018.6,42,1,4018.5,5,1,4018.4,42,1,4018.3,12,1,4019.0,24,1,4019.1,62,1,4019.2,11,1,4019.4,5,1,4019.8,4,2
11483,2026-07-02 14:03:55+05:30,4018.9,81,4035.82,1581185,160322.0,178643.0,4100.0,4110.0,4012.0,4092.6,25453575,4501.8,3683.4,4440.0,3288.1,4018.9,51,2,4018.6,42,1,4018.5,5,1,4018.4,42,1,4018.3,12,1,4019.0,24,1,4019.1,62,1,4019.2,11,1,4019.4,5,1,4019.8,4,2
11483,2026-07-02 14:03:56+05:30,4019.0,2,4035.82,1581320,160289.0,178638.0,4100.0,4110.0,4012.0,4092.6,25453575,4501.8,3683.4,4440.0,3288.1,4018.9,21,1,4018.5,47,2,4018.3,54,2,4018.1,22,2,4018.0,74,10,4019.0,18,1,4019.1,62,1,4019.4,5,1,4019.8,2,1,4019.9,9,1
11483,2026-07-02 14:03:56+05:30,4018.9,16,4035.82,1581320,160289.0,178638.0,4100.0,4110.0,4012.0,4092.6,25453575,4501.8,3683.4,4440.0,3288.1,4018.9,21,1,4018.5,47,2,4018.3,54,2,4018.1,22,2,4018.0,74,10,4019.0,18,1,4019.1,62,1,4019.4,5,1,4019.8,2,1,4019.9,9,1
11483,2026-07-02 14:03:57+05:30,4018.9,16,4035.82,1581336,160408.0,178635.0,4100.0,4110.0,4012.0,4092.6,25453575,4501.8,3683.4,4440.0,3288.1,4018.9,42,1,4018.6,42,1,4018.5,5,1,4018.4,42,1,4018.3,12,1,4019.0,18,1,4019.1,62,1,4019.4,5,1,4019.8,2,1,4020.0,1159,13
11483,2026-07-02 14:03:57+05:30,4019.0,3,4035.82,1581336,160408.0,178635.0,4100.0,4110.0,4012.0,4092.6,25453575,4501.8,3683.4,4440.0,3288.1,4018.9,42,1,4018.6,42,1,4018.5,5,1,4018.4,42,1,4018.3,12,1,4019.0,18,1,4019.1,62,1,4019.4,5,1,4019.8,2,1,4020.0,1159,13
11483,2026-07-02 14:03:58+05:30,4019.0,3,4035.82,1581342,160455.0,178627.0,4100.0,4110.0,4012.0,4092.6,25453575,4501.8,3683.4,4440.0,3288.1,4018.9,40,1,4018.6,74,2,4018.5,5,1,4018.4,42,1,4018.3,12,1,4019.0,14,1,4019.1,62,1,4019.4,5,1,4019.8,2,1,4020.0,1157,12
11483,2026-07-02 14:03:58+05:30,4019.0,80,4035.82,1581342,160455.0,178627.0,4100.0,4110.0,4012.0,4092.6,25453575,4501.8,3683.4,4440.0,3288.1,4018.9,40,1,4018.6,74,2,4018.5,5,1,4018.4,42,1,4018.3,12,1,4019.0,14,1,4019.1,62,1,4019.4,5,1,4019.8,2,1,4020.0,1157,12
11483,2026-07-02 14:03:59+05:30,4019.0,7,4035.82,1581430,160407.0,178602.0,4100.0,4110.0,4012.0,4092.6,25453575,4501.8,3683.4,4440.0,3288.1,4018.9,1,1,4018.7,1,1,4018.6,32,1,4018.5,5,1,4018.1,9,1,4019.0,15,1,4019.1,62,1,4019.4,5,1,4019.8,2,1,4019.9,63,1
11483,2026-07-02 14:03:59+05:30,4018.9,1,4035.82,1581430,160407.0,178602.0,4100.0,4110.0,4012.0,4092.6,25453575,4501.8,3683.4,4440.0,3288.1,4018.9,1,1,4018.7,1,1,4018.6,32,1,4018.5,5,1,4018.1,9,1,4019.0,15,1,4019.1,62,1,4019.4,5,1,4019.8,2,1,4019.9,63,1
11483,2026-07-02 14:04:00+05:30,4018.9,1,4035.82,1581431,160524.0,178595.0,4100.0,4110.0,4012.0,4092.6,25453575,4501.8,3683.4,4440.0,3288.1,4018.8,1,1,4018.7,1,1,4018.6,32,1,4018.5,6,2,4018.4,5,1,4018.9,1,1,4019.0,16,2,4019.1,62,1,4019.8,2,1,4019.9,63,1
11483,2026-07-02 14:04:01+05:30,4018.9,3,4035.82,1581437,160522.0,178495.0,4100.0,4110.0,4012.0,4092.6,25453575,4501.8,3683.4,4440.0,3288.1,4018.8,1,1,4018.7,1,1,4018.6,32,1,4018.5,6,2,4018.4,5,1,4018.9,1,1,4019.0,16,2,4019.1,62,1,4019.8,2,1,4020.0,1151,12
11483,2026-07-02 14:04:01+05:30,4019.0,1,4035.82,1581437,160522.0,178495.0,4100.0,4110.0,4012.0,4092.6,25453575,4501.8,3683.4,4440.0,3288.1,4018.8,1,1,4018.7,1,1,4018.6,32,1,4018.5,6,2,4018.4,5,1,4018.9,1,1,4019.0,16,2,4019.1,62,1,4019.8,2,1,4020.0,1151,12
11483,2026-07-02 14:04:02+05:30,4019.0,2,4035.82,1581446,160513.0,178307.0,4100.0,4110.0,4012.0,4092.6,25453575,4501.8,3683.4,4440.0,3288.1,4018.7,1,1,4018.6,32,1,4018.5,6,2,4018.2,16,2,4018.1,9,1,4019.0,13,2,4019.1,62,1,4019.8,2,1,4020.0,1153,13,4020.1,16,1
11483,2026-07-02 14:04:02+05:30,4018.7,1,4035.82,1581446,160513.0,178307.0,4100.0,4110.0,4012.0,4092.6,25453575,4501.8,3683.4,4440.0,3288.1,4018.7,1,1,4018.6,32,1,4018.5,6,2,4018.2,16,2,4018.1,9,1,4019.0,13,2,4019.1,62,1,4019.8,2,1,4020.0,1153,13,4020.1,16,1
11483,2026-07-02 14:04:03+05:30,4018.0,22,4035.82,1581524,160362.0,178767.0,4100.0,4110.0,4012.0,4092.6,25453575,4501.8,3683.4,4440.0,3288.1,4018.0,72,12,4017.9,9,1,4017.8,24,2,4017.7,27,2,4017.6,89,5,4018.7,1,1,4019.0,13,2,4019.1,62,1,4019.7,2,1,4019.8,2,1
11483,2026-07-02 14:04:03+05:30,4018.0,10,4035.82,1581524,160362.0,178767.0,4100.0,4110.0,4012.0,4092.6,25453575,4501.8,3683.4,4440.0,3288.1,4018.0,72,12,4017.9,9,1,4017.8,24,2,4017.7,27,2,4017.6,89,5,4018.7,1,1,4019.0,13,2,4019.1,62,1,4019.7,2,1,4019.8,2,1
11483,2026-07-02 14:04:04+05:30,4018.7,1,4035.82,1581535,160326.0,178542.0,4100.0,4110.0,4012.0,4092.6,25453575,4501.8,3683.4,4440.0,3288.1,4018.9,9,1,4018.1,19,1,4018.0,51,11,4017.9,19,2,4017.8,24,2,4019.0,13,2,4019.1,62,1,4019.7,26,1,4019.8,4,2,4019.9,2,1
11483,2026-07-02 14:04:04+05:30,4018.9,1,4035.82,1581535,160326.0,178542.0,4100.0,4110.0,4012.0,4092.6,25453575,4501.8,3683.4,4440.0,3288.1,4018.9,9,1,4018.1,19,1,4018.0,51,11,4017.9,19,2,4017.8,24,2,4019.0,13,2,4019.1,62,1,4019.7,26,1,4019.8,4,2,4019.9,2,1
11483,2026-07-02 14:04:05+05:30,4018.9,1,4035.82,1581536,160325.0,178542.0,4100.0,4110.0,4012.0,4092.6,25453575,4501.8,3683.4,4440.0,3288.1,4018.9,8,1,4018.1,19,1,4018.0,51,11,4017.9,19,2,4017.8,24,2,4019.0,13,2,4019.1,62,1,4019.7,26,1,4019.8,4,2,4019.9,2,1
11483,2026-07-02 14:04:06+05:30,4019.1,87,4035.82,1581636,160464.0,178164.0,4100.0,4110.0,4012.0,4092.6,25453575,4501.8,3683.4,4440.0,3288.1,4018.9,8,1,4018.2,39,1,4018.1,19,1,4018.0,51,11,4017.9,19,2,4019.1,62,1,4019.2,12,1,4019.8,4,2,4019.9,2,1,4020.0,1165,12
11483,2026-07-02 14:04:06+05:30,4019.1,3,4035.82,1581636,160464.0,178164.0,4100.0,4110.0,4012.0,4092.6,25453575,4501.8,3683.4,4440.0,3288.1,4018.9,8,1,4018.2,39,1,4018.1,19,1,4018.0,51,11,4017.9,19,2,4019.1,62,1,4019.2,12,1,4019.8,4,2,4019.9,2,1,4020.0,1165,12
11483,2026-07-02 14:04:07+05:30,4019.1,3,4035.82,1581651,160470.0,178118.0,4100.0,4110.0,4012.0,4092.6,25453575,4501.8,3683.4,4440.0,3288.1,4018.1,8,1,4018.0,33,9,4017.8,24,2,4017.7,91,3,4017.6,151,8,4019.1,59,1,4019.2,12,1,4019.8,4,2,4019.9,36,3,4020.0,1155,12
11483,2026-07-02 14:04:07+05:30,4019.1,2,4035.82,1581651,160470.0,178118.0,4100.0,4110.0,4012.0,4092.6,25453575,4501.8,3683.4,4440.0,3288.1,4018.1,8,1,4018.0,33,9,4017.8,24,2,4017.7,91,3,4017.6,151,8,4019.1,59,1,4019.2,12,1,4019.8,4,2,4019.9,36,3,4020.0,1155,12
11483,2026-07-02 14:04:08+05:30,4018.1,1,4035.82,1581657,160469.0,178304.0,4100.0,4110.0,4012.0,4092.6,25453575,4501.8,3683.4,4440.0,3288.1,4018.1,5,1,4018.0,34,10,4017.8,24,2,4017.7,91,3,4017.6,151,8,4019.1,56,1,4019.2,12,1,4019.8,4,2,4019.9,49,3,4020.0,1155,12
11483,2026-07-02 14:04:08+05:30,4019.1,45,4035.82,1581657,160469.0,178304.0,4100.0,4110.0,4012.0,4092.6,25453575,4501.8,3683.4,4440.0,3288.1,4018.1,5,1,4018.0,34,10,4017.8,24,2,4017.7,91,3,4017.6,151,8,4019.1,56,1,4019.2,12,1,4019.8,4,2,4019.9,49,3,4020.0,1155,12
11483,2026-07-02 14:04:09+05:30,4019.1,1,4035.82,1581704,161039.0,177875.0,4100.0,4110.0,4012.0,4092.6,25453575,4501.8,3683.4,4440.0,3288.1,4018.6,19,1,4018.5,42,4,4018.4,8,1,4018.3,18,2,4018.2,13,1,4019.1,12,2,4019.2,12,1,4020.0,1084,7,4020.1,16,1,4020.3,49,3
11483,2026-07-02 14:04:09+05:30,4018.6,5,4035.82,1581704,161039.0,177875.0,4100.0,4110.0,4012.0,4092.6,25453575,4501.8,3683.4,4440.0,3288.1,4018.6,19,1,4018.5,42,4,4018.4,8,1,4018.3,18,2,4018.2,13,1,4019.1,12,2,4019.2,12,1,4020.0,1084,7,4020.1,16,1,4020.3,49,3
11483,2026-07-02 14:04:09+05:30,4018.6,5,4035.82,1581709,162390.0,177481.0,4100.0,4110.0,4012.0,4092.6,25453575,4501.8,3683.4,4440.0,3288.1,4018.6,17,1,4018.5,44,4,4018.4,24,2,4018.3,18,2,4018.2,13,1,4019.1,12,2,4019.2,12,1,4020.0,1084,7,4020.1,16,1,4020.3,49,3
11483,2026-07-02 14:04:10+05:30,4019.1,1,4035.82,1581709,162390.0,177481.0,4100.0,4110.0,4012.0,4092.6,25453575,4501.8,3683.4,4440.0,3288.1,4018.6,17,1,4018.5,44,4,4018.4,24,2,4018.3,18,2,4018.2,13,1,4019.1,12,2,4019.2,12,1,4020.0,1084,7,4020.1,16,1,4020.3,49,3
11483,2026-07-02 14:04:10+05:30,4019.1,1,4035.82,1581711,162224.0,177634.0,4100.0,4110.0,4012.0,4092.6,25453575,4501.8,3683.4,4440.0,3288.1,4018.5,32,4,4018.2,22,3,4018.1,54,3,4018.0,73,12,4017.9,18,2,4018.6,2,1,4019.1,11,2,4019.2,12,1,4020.0,1084,7,4020.1,16,1
11483,2026-07-02 14:04:11+05:30,4018.6,11,4035.82,1581711,162224.0,177634.0,4100.0,4110.0,4012.0,4092.6,25453575,4501.8,3683.4,4440.0,3288.1,4018.5,32,4,4018.2,22,3,4018.1,54,3,4018.0,73,12,4017.9,18,2,4018.6,2,1,4019.1,11,2,4019.2,12,1,4020.0,1084,7,4020.1,16,1
11483,2026-07-02 14:04:11+05:30,4018.6,11,4035.82,1581726,162359.0,177662.0,4100.0,4110.0,4012.0,4092.6,25453575,4501.8,3683.4,4440.0,3288.1,4018.6,103,5,4018.5,14,1,4018.4,68,2,4018.2,22,3,4018.1,49,2,4019.1,11,2,4019.2,12,1,4020.0,1099,8,4020.1,16,1,4020.3,36,2
11483,2026-07-02 14:04:12+05:30,4018.6,1,4035.82,1581726,162359.0,177662.0,4100.0,4110.0,4012.0,4092.6,25453575,4501.8,3683.4,4440.0,3288.1,4018.6,103,5,4018.5,14,1,4018.4,68,2,4018.2,22,3,4018.1,49,2,4019.1,11,2,4019.2,12,1,4020.0,1099,8,4020.1,16,1,4020.3,36,2
11483,2026-07-02 14:04:12+05:30,4018.6,1,4035.82,1581727,162423.0,177664.0,4100.0,4110.0,4012.0,4092.6,25453575,4501.8,3683.4,4440.0,3288.1,4018.6,86,4,4018.5,80,2,4018.4,68,2,4018.2,22,3,4018.1,49,2,4019.1,11,2,4019.2,12,1,4020.0,1099,8,4020.1,16,1,4020.3,36,2
11483,2026-07-02 14:04:13+05:30,4019.0,5,4035.82,1581727,162423.0,177664.0,4100.0,4110.0,4012.0,4092.6,25453575,4501.8,3683.4,4440.0,3288.1,4018.6,86,4,4018.5,80,2,4018.4,68,2,4018.2,22,3,4018.1,49,2,4019.1,11,2,4019.2,12,1,4020.0,1099,8,4020.1,16,1,4020.3,36,2
11483,2026-07-02 14:04:13+05:30,4019.0,5,4035.82,1581732,162451.0,177625.0,4100.0,4110.0,4012.0,4092.6,25453575,4501.8,3683.4,4440.0,3288.1,4018.6,70,2,4018.5,80,2,4018.4,66,1,4018.2,9,2,4018.1,49,2,4019.1,11,2,4019.2,12,1,4019.9,20,1,4020.0,1099,8,4020.1,16,1
11483,2026-07-02 14:04:14+05:30,4018.6,1,4035.82,1581732,162451.0,177625.0,4100.0,4110.0,4012.0,4092.6,25453575,4501.8,3683.4,4440.0,3288.1,4018.6,70,2,4018.5,80,2,4018.4,66,1,4018.2,9,2,4018.1,49,2,4019.1,11,2,4019.2,12,1,4019.9,20,1,4020.0,1099,8,4020.1,16,1
11483,2026-07-02 14:04:14+05:30,4018.6,1,4035.82,1581733,162439.0,177641.0,4100.0,4110.0,4012.0,4092.6,25453575,4501.8,3683.4,4440.0,3288.1,4018.6,69,2,4018.5,80,2,4018.4,66,1,4018.2,5,1,4018.1,49,2,4019.1,11,2,4019.2,12,1,4019.9,20,1,4020.0,1099,8,4020.1,16,1
11483,2026-07-02 14:04:15+05:30,4019.1,36,4035.82,1581733,162439.0,177641.0,4100.0,4110.0,4012.0,4092.6,25453575,4501.8,3683.4,4440.0,3288.1,4018.6,69,2,4018.5,80,2,4018.4,66,1,4018.2,5,1,4018.1,49,2,4019.1,11,2,4019.2,12,1,4019.9,20,1,4020.0,1099,8,4020.1,16,1
11483,2026-07-02 14:04:15+05:30,4019.1,1,4035.82,1581786,161831.0,177604.0,4100.0,4110.0,4012.0,4092.6,25453575,4501.8,3683.4,4440.0,3288.1,4019.0,1,1,4018.6,69,2,4018.5,90,3,4018.4,66,1,4018.2,10,2,4019.1,16,1,4019.2,12,1,4019.9,20,1,4020.0,1099,8,4020.1,16,1
11483,2026-07-02 14:04:16+05:30,4019.0,5,4035.82,1581786,161831.0,177604.0,4100.0,4110.0,4012.0,4092.6,25453575,4501.8,3683.4,4440.0,3288.1,4019.0,1,1,4018.6,69,2,4018.5,90,3,4018.4,66,1,4018.2,10,2,4019.1,16,1,4019.2,12,1,4019.9,20,1,4020.0,1099,8,4020.1,16,1
11483,2026-07-02 14:04:16+05:30,4019.0,5,4035.82,1581841,161764.0,177552.0,4100.0,4110.0,4012.0,4092.6,25453575,4501.8,3683.4,4440.0,3288.1,4019.0,61,1,4018.9,18,1,4018.8,59,1,4018.6,11,2,4018.5,14,1,4019.1,18,2,4019.2,12,1,4019.9,30,2,4020.0,1099,8,4020.1,16,1
11483,2026-07-02 14:04:17+05:30,4019.2,1,4035.82,1581841,161764.0,177552.0,4100.0,4110.0,4012.0,4092.6,25453575,4501.8,3683.4,4440.0,3288.1,4019.0,61,1,4018.9,18,1,4018.8,59,1,4018.6,11,2,4018.5,14,1,4019.1,18,2,4019.2,12,1,4019.9,30,2,4020.0,1099,8,4020.1,16,1
11483,2026-07-02 14:04:17+05:30,4019.2,1,4035.82,1581889,162076.0,177454.0,4100.0,4110.0,4012.0,4092.6,25453575,4501.8,3683.4,4440.0,3288.1,4019.0,55,1,4018.9,18,1,4018.8,59,1,4018.6,11,2,4018.5,14,1,4019.9,23,2,4020.0,1099,8,4020.1,16,1,4020.3,26,1,4020.4,64,4
11483,2026-07-02 14:04:18+05:30,4019.9,1,4035.82,1581889,162076.0,177454.0,4100.0,4110.0,4012.0,4092.6,25453575,4501.8,3683.4,4440.0,3288.1,4019.0,55,1,4018.9,18,1,4018.8,59,1,4018.6,11,2,4018.5,14,1,4019.9,23,2,4020.0,1099,8,4020.1,16,1,4020.3,26,1,4020.4,64,4
11483,2026-07-02 14:04:18+05:30,4019.9,1,4035.82,1581899,162128.0,177392.0,4100.0,4110.0,4012.0,4092.6,25453575,4501.8,3683.4,4440.0,3288.1,4019.0,49,1,4018.9,18,1,4018.8,59,1,4018.7,1,1,4018.6,26,4,4019.9,16,1,4020.0,1111,9,4020.1,16,1,4020.3,26,1,4020.4,37,2
11483,2026-07-02 14:04:19+05:30,4019.9,1,4035.82,1581899,162094.0,177395.0,4100.0,4110.0,4012.0,4092.6,25453575,4501.8,3683.4,4440.0,3288.1,4019.0,49,1,4018.9,18,1,4018.8,59,1,4018.7,1,1,4018.6,29,5,4019.9,19,2,4020.0,1111,9,4020.1,16,1,4020.3,26,1,4020.4,37,2
11483,2026-07-02 14:04:20+05:30,4019.0,1,4035.82,1581899,162094.0,177395.0,4100.0,4110.0,4012.0,4092.6,25453575,4501.8,3683.4,4440.0,3288.1,4019.0,49,1,4018.9,18,1,4018.8,59,1,4018.7,1,1,4018.6,29,5,4019.9,19,2,4020.0,1111,9,4020.1,16,1,4020.3,26,1,4020.4,37,2
11483,2026-07-02 14:04:20+05:30,4019.0,1,4035.82,1581906,162077.0,177456.0,4100.0,4110.0,4012.0,4092.6,25453575,4501.8,3683.4,4440.0,3288.1,4019.0,42,1,4018.9,18,1,4018.8,59,1,4018.7,1,1,4018.6,19,4,4019.9,38,4,4020.0,1137,10,4020.1,16,1,4020.3,67,3,4020.4,24,1
11483,2026-07-02 14:04:21+05:30,4019.0,1,4035.82,1581906,162077.0,177456.0,4100.0,4110.0,4012.0,4092.6,25453575,4501.8,3683.4,4440.0,3288.1,4019.0,42,1,4018.9,18,1,4018.8,59,1,4018.7,1,1,4018.6,19,4,4019.9,38,4,4020.0,1137,10,4020.1,16,1,4020.3,67,3,4020.4,24,1
11483,2026-07-02 14:04:21+05:30,4019.0,1,4035.82,1581907,161838.0,177415.0,4100.0,4110.0,4012.0,4092.6,25453575,4501.8,3683.4,4440.0,3288.1,4019.0,41,1,4018.9,18,1,4018.8,59,1,4018.7,1,1,4018.6,19,4,4019.8,24,3,4019.9,42,4,4020.0,1166,11,4020.1,36,2,4020.3,49,4
11483,2026-07-02 14:04:22+05:30,4019.0,1,4035.82,1581907,161838.0,177415.0,4100.0,4110.0,4012.0,4092.6,25453575,4501.8,3683.4,4440.0,3288.1,4019.0,41,1,4018.9,18,1,4018.8,59,1,4018.7,1,1,4018.6,19,4,4019.8,24,3,4019.9,42,4,4020.0,1166,11,4020.1,36,2,4020.3,49,4
11483,2026-07-02 14:04:22+05:30,4019.0,1,4035.82,1581907,161844.0,177409.0,4100.0,4110.0,4012.0,4092.6,25453575,4501.8,3683.4,4440.0,3288.1,4019.0,41,1,4018.9,18,1,4018.8,59,1,4018.7,1,1,4018.6,19,4,4019.8,24,3,4019.9,42,4,4020.0,1166,11,4020.1,36,2,4020.3,49,4
11483,2026-07-02 14:04:23+05:30,4019.0,1,4035.82,1581907,161844.0,177409.0,4100.0,4110.0,4012.0,4092.6,25453575,4501.8,3683.4,4440.0,3288.1,4019.0,41,1,4018.9,18,1,4018.8,59,1,4018.7,1,1,4018.6,19,4,4019.8,24,3,4019.9,42,4,4020.0,1166,11,4020.1,36,2,4020.3,49,4
11483,2026-07-02 14:04:23+05:30,4020.0,221,4035.82,1581907,161844.0,177409.0,4100.0,4110.0,4012.0,4092.6,25453575,4501.8,3683.4,4440.0,3288.1,4019.0,41,1,4018.9,18,1,4018.8,59,1,4018.7,1,1,4018.6,19,4,4019.8,24,3,4019.9,42,4,4020.0,1166,11,4020.1,36,2,4020.3,49,4
11483,2026-07-02 14:04:23+05:30,4020.0,221,4035.8,1583408,162226.0,176282.0,4100.0,4110.0,4012.0,4092.6,25453575,4501.8,3683.4,4440.0,3288.1,4019.1,30,2,4019.0,41,1,4018.9,18,1,4018.8,59,1,4018.7,1,1,4019.8,2,1,4019.9,13,2,4020.0,650,4,4020.1,16,1,4020.2,3,1
11483,2026-07-02 14:04:24+05:30,4020.0,221,4035.8,1583408,162226.0,176282.0,4100.0,4110.0,4012.0,4092.6,25453575,4501.8,3683.4,4440.0,3288.1,4019.1,30,2,4019.0,41,1,4018.9,18,1,4018.8,59,1,4018.7,1,1,4019.8,2,1,4019.9,13,2,4020.0,650,4,4020.1,16,1,4020.2,3,1
11483,2026-07-02 14:04:24+05:30,4019.1,84,4035.8,1583408,162226.0,176282.0,4100.0,4110.0,4012.0,4092.6,25453575,4501.8,3683.4,4440.0,3288.1,4019.1,30,2,4019.0,41,1,4018.9,18,1,4018.8,59,1,4018.7,1,1,4019.8,2,1,4019.9,13,2,4020.0,650,4,4020.1,16,1,4020.2,3,1
11483,2026-07-02 14:04:24+05:30,4019.1,84,4035.8,1583588,162329.0,176425.0,4100.0,4110.0,4012.0,4092.6,25453575,4501.8,3683.4,4440.0,3288.1,4019.1,72,1,4019.0,18,1,4018.8,41,1,4018.7,1,1,4018.6,9,3,4019.8,15,2,4020.0,760,4,4020.1,16,1,4020.2,3,1,4020.3,14,2
11483,2026-07-02 14:04:24+05:30,4019.1,84,4035.8,1583588,162329.0,176425.0,4100.0,4110.0,4012.0,4092.6,25453575,4501.8,3683.4,4440.0,3288.1,4019.1,72,1,4019.0,18,1,4018.8,41,1,4018.7,1,1,4018.6,9,3,4019.8,15,2,4020.0,760,4,4020.1,16,1,4020.2,3,1,4020.3,14,2
11483,2026-07-02 14:04:25+05:30,4019.1,84,4035.8,1583588,162329.0,176425.0,4100.0,4110.0,4012.0,4092.6,25453575,4501.8,3683.4,4440.0,3288.1,4019.1,72,1,4019.0,18,1,4018.8,41,1,4018.7,1,1,4018.6,9,3,4019.8,15,2,4020.0,760,4,4020.1,16,1,4020.2,3,1,4020.3,14,2
11483,2026-07-02 14:04:25+05:30,4019.1,22,4035.8,1583588,162329.0,176425.0,4100.0,4110.0,4012.0,4092.6,25453575,4501.8,3683.4,4440.0,3288.1,4019.1,72,1,4019.0,18,1,4018.8,41,1,4018.7,1,1,4018.6,9,3,4019.8,15,2,4020.0,760,4,4020.1,16,1,4020.2,3,1,4020.3,14,2
11483,2026-07-02 14:04:25+05:30,4019.1,22,4035.8,1583610,162375.0,176461.0,4100.0,4110.0,4012.0,4092.6,25453575,4501.8,3683.4,4440.0,3288.1,4019.2,8,1,4019.1,50,1,4019.0,18,1,4018.8,41,1,4018.7,1,1,4019.8,2,1,4020.0,754,4,4020.1,16,1,4020.2,3,1,4020.3,12,1
11483,2026-07-02 14:04:25+05:30,4019.1,22,4035.8,1583610,162375.0,176461.0,4100.0,4110.0,4012.0,4092.6,25453575,4501.8,3683.4,4440.0,3288.1,4019.2,8,1,4019.1,50,1,4019.0,18,1,4018.8,41,1,4018.7,1,1,4019.8,2,1,4020.0,754,4,4020.1,16,1,4020.2,3,1,4020.3,12,1
11483,2026-07-02 14:04:26+05:30,4019.1,22,4035.8,1583610,162375.0,176461.0,4100.0,4110.0,4012.0,4092.6,25453575,4501.8,3683.4,4440.0,3288.1,4019.2,8,1,4019.1,50,1,4019.0,18,1,4018.8,41,1,4018.7,1,1,4019.8,2,1,4020.0,754,4,4020.1,16,1,4020.2,3,1,4020.3,12,1
11483,2026-07-02 14:04:26+05:30,4019.1,22,4035.8,1583610,162375.0,176461.0,4100.0,4110.0,4012.0,4092.6,25456725,4501.8,3683.4,4440.0,3288.1,4019.2,8,1,4019.1,50,1,4019.0,18,1,4018.8,41,1,4018.7,1,1,4019.8,2,1,4020.0,754,4,4020.1,16,1,4020.2,3,1,4020.3,12,1
11483,2026-07-02 14:04:26+05:30,4019.8,6,4035.8,1583610,162375.0,176461.0,4100.0,4110.0,4012.0,4092.6,25456725,4501.8,3683.4,4440.0,3288.1,4019.2,8,1,4019.1,50,1,4019.0,18,1,4018.8,41,1,4018.7,1,1,4019.8,2,1,4020.0,754,4,4020.1,16,1,4020.2,3,1,4020.3,12,1
11483,2026-07-02 14:04:26+05:30,4019.8,6,4035.8,1583625,162300.0,176509.0,4100.0,4110.0,4012.0,4092.6,25456725,4501.8,3683.4,4440.0,3288.1,4019.2,47,2,4019.0,50,1,4018.9,18,1,4018.7,1,1,4018.6,9,3,4020.0,750,4,4020.1,16,1,4020.3,18,1,4020.4,26,1,4020.5,36,2
11483,2026-07-02 14:04:26+05:30,4019.8,6,4035.8,1583625,162300.0,176509.0,4100.0,4110.0,4012.0,4092.6,25456725,4501.8,3683.4,4440.0,3288.1,4019.2,47,2,4019.0,50,1,4018.9,18,1,4018.7,1,1,4018.6,9,3,4020.0,750,4,4020.1,16,1,4020.3,18,1,4020.4,26,1,4020.5,36,2
11483,2026-07-02 14:04:27+05:30,4019.8,6,4035.8,1583625,162300.0,176509.0,4100.0,4110.0,4012.0,4092.6,25456725,4501.8,3683.4,4440.0,3288.1,4019.2,47,2,4019.0,50,1,4018.9,18,1,4018.7,1,1,4018.6,9,3,4020.0,750,4,4020.1,16,1,4020.3,18,1,4020.4,26,1,4020.5,36,2
11483,2026-07-02 14:04:27+05:30,4020.0,81,4035.8,1583625,162300.0,176509.0,4100.0,4110.0,4012.0,4092.6,25456725,4501.8,3683.4,4440.0,3288.1,4019.2,47,2,4019.0,50,1,4018.9,18,1,4018.7,1,1,4018.6,9,3,4020.0,750,4,4020.1,16,1,4020.3,18,1,4020.4,26,1,4020.5,36,2
11483,2026-07-02 14:04:27+05:30,4020.0,81,4035.8,1583708,162447.0,176652.0,4100.0,4110.0,4012.0,4092.6,25456725,4501.8,3683.4,4440.0,3288.1,4019.9,42,1,4019.8,42,1,4019.7,42,1,4019.5,42,1,4019.3,2,1,4020.0,669,4,4020.1,16,1,4020.5,29,1,4020.6,27,1,4020.7,53,3
11483,2026-07-02 14:04:28+05:30,4020.0,81,4035.8,1583708,162447.0,176652.0,4100.0,4110.0,4012.0,4092.6,25456725,4501.8,3683.4,4440.0,3288.1,4019.9,42,1,4019.8,42,1,4019.7,42,1,4019.5,42,1,4019.3,2,1,4020.0,669,4,4020.1,16,1,4020.5,29,1,4020.6,27,1,4020.7,53,3
11483,2026-07-02 14:04:28+05:30,4019.9,76,4035.8,1583708,162447.0,176652.0,4100.0,4110.0,4012.0,4092.6,25456725,4501.8,3683.4,4440.0,3288.1,4019.9,42,1,4019.8,42,1,4019.7,42,1,4019.5,42,1,4019.3,2,1,4020.0,669,4,4020.1,16,1,4020.5,29,1,4020.6,27,1,4020.7,53,3
11483,2026-07-02 14:04:28+05:30,4020.0,8,4035.79,1583991,162525.0,176287.0,4100.0,4110.0,4012.0,4092.6,25456725,4501.8,3683.4,4440.0,3288.1,4019.9,66,1,4019.8,83,2,4019.7,92,2,4019.5,42,1,4019.3,2,1,4020.0,491,3,4020.1,16,1,4020.7,25,1,4020.8,10,1,4020.9,64,3
11483,2026-07-02 14:04:29+05:30,4019.9,34,4035.79,1583991,162525.0,176287.0,4100.0,4110.0,4012.0,4092.6,25456725,4501.8,3683.4,4440.0,3288.1,4019.9,66,1,4019.8,83,2,4019.7,92,2,4019.5,42,1,4019.3,2,1,4020.0,491,3,4020.1,16,1,4020.7,25,1,4020.8,10,1,4020.9,64,3
11483,2026-07-02 14:04:29+05:30,4019.9,34,4035.79,1584025,162497.0,176287.0,4100.0,4110.0,4012.0,4092.6,25456725,4501.8,3683.4,4440.0,3288.1,4019.9,32,1,4019.8,83,2,4019.7,92,2,4019.5,42,1,4019.3,2,1,4020.0,491,3,4020.1,16,1,4020.7,25,1,4020.8,10,1,4020.9,64,3
11483,2026-07-02 14:04:30+05:30,4019.9,4,4035.79,1584025,162497.0,176287.0,4100.0,4110.0,4012.0,4092.6,25456725,4501.8,3683.4,4440.0,3288.1,4019.9,32,1,4019.8,83,2,4019.7,92,2,4019.5,42,1,4019.3,2,1,4020.0,491,3,4020.1,16,1,4020.7,25,1,4020.8,10,1,4020.9,64,3
11483,2026-07-02 14:04:30+05:30,4019.9,40,4035.79,1584071,162543.0,176422.0,4100.0,4110.0,4012.0,4092.6,25456725,4501.8,3683.4,4440.0,3288.1,4019.9,19,1,4019.8,83,2,4019.7,92,2,4019.5,42,1,4019.3,2,1,4020.0,504,4,4020.1,16,1,4020.3,19,1,4020.6,19,1,4020.7,25,1
11483,2026-07-02 14:04:31+05:30,4020.0,1,4035.79,1584071,162543.0,176422.0,4100.0,4110.0,4012.0,4092.6,25456725,4501.8,3683.4,4440.0,3288.1,4019.9,19,1,4019.8,83,2,4019.7,92,2,4019.5,42,1,4019.3,2,1,4020.0,504,4,4020.1,16,1,4020.3,19,1,4020.6,19,1,4020.7,25,1
11483,2026-07-02 14:04:31+05:30,4020.0,1,4035.79,1584085,162362.0,176397.0,4100.0,4110.0,4012.0,4092.6,25456725,4501.8,3683.4,4440.0,3288.1,4019.8,83,2,4019.7,92,2,4019.5,42,1,4019.1,3,1,4019.0,30,2,4019.9,10,1,4020.0,498,5,4020.1,16,1,4020.3,19,1,4020.6,19,1
11483,2026-07-02 14:04:32+05:30,4020.0,26,4035.79,1584123,162463.0,176433.0,4100.0,4110.0,4012.0,4092.6,25456725,4501.8,3683.4,4440.0,3288.1,4019.9,5,1,4019.8,81,2,4019.7,92,2,4019.6,42,1,4019.4,42,1,4020.0,472,5,4020.1,16,1,4020.6,18,1,4020.8,36,2,4020.9,64,3
11483,2026-07-02 14:04:32+05:30,4019.9,5,4035.79,1584123,162463.0,176433.0,4100.0,4110.0,4012.0,4092.6,25456725,4501.8,3683.4,4440.0,3288.1,4019.9,5,1,4019.8,81,2,4019.7,92,2,4019.6,42,1,4019.4,42,1,4020.0,472,5,4020.1,16,1,4020.6,18,1,4020.8,36,2,4020.9,64,3
11483,2026-07-02 14:04:33+05:30,4020.0,45,4035.79,1584123,162463.0,176433.0,4100.0,4110.0,4012.0,4092.6,25456725,4501.8,3683.4,4440.0,3288.1,4019.9,5,1,4019.8,81,2,4019.7,92,2,4019.6,42,1,4019.4,42,1,4020.0,472,5,4020.1,16,1,4020.6,18,1,4020.8,36,2,4020.9,64,3
11483,2026-07-02 14:04:33+05:30,4020.0,45,4035.79,1584173,162319.0,176455.0,4100.0,4110.0,4012.0,4092.6,25456725,4501.8,3683.4,4440.0,3288.1,4019.9,52,2,4019.7,39,1,4019.1,3,1,4019.0,30,2,4018.8,14,1,4020.0,440,6,4020.1,43,2,4020.3,18,1,4020.6,18,1,4020.8,36,2
11483,2026-07-02 14:04:34+05:30,4019.9,11,4035.79,1584173,162319.0,176455.0,4100.0,4110.0,4012.0,4092.6,25456725,4501.8,3683.4,4440.0,3288.1,4019.9,52,2,4019.7,39,1,4019.1,3,1,4019.0,30,2,4018.8,14,1,4020.0,440,6,4020.1,43,2,4020.3,18,1,4020.6,18,1,4020.8,36,2
11483,2026-07-02 14:04:34+05:30,4019.9,11,4035.79,1584354,162340.0,176421.0,4100.0,4110.0,4012.0,4092.6,25456725,4501.8,3683.4,4440.0,3288.1,4019.9,28,1,4019.8,63,1,4019.7,79,1,4019.1,3,1,4019.0,30,2,4020.0,460,7,4020.1,43,2,4020.5,26,1,4020.6,32,2,4020.8,38,3
11483,2026-07-02 14:04:35+05:30,4019.9,5,4035.79,1584354,162340.0,176421.0,4100.0,4110.0,4012.0,4092.6,25456725,4501.8,3683.4,4440.0,3288.1,4019.9,28,1,4019.8,63,1,4019.7,79,1,4019.1,3,1,4019.0,30,2,4020.0,460,7,4020.1,43,2,4020.5,26,1,4020.6,32,2,4020.8,38,3
11483,2026-07-02 14:04:35+05:30,4019.9,5,4035.79,1584584,162146.0,176662.0,4100.0,4110.0,4012.0,4092.6,25456725,4501.8,3683.4,4440.0,3288.1,4019.9,19,1,4019.8,63,1,4019.7,79,1,4019.1,3,1,4019.0,30,2,4020.0,431,9,4020.1,85,3,4020.3,68,3,4020.5,28,2,4020.6,32,2
11483,2026-07-02 14:04:36+05:30,4020.0,1,4035.79,1584584,162146.0,176662.0,4100.0,4110.0,4012.0,4092.6,25456725,4501.8,3683.4,4440.0,3288.1,4019.9,19,1,4019.8,63,1,4019.7,79,1,4019.1,3,1,4019.0,30,2,4020.0,431,9,4020.1,85,3,4020.3,68,3,4020.5,28,2,4020.6,32,2
11483,2026-07-02 14:04:36+05:30,4020.0,1,4035.79,1584613,162196.0,176668.0,4100.0,4110.0,4012.0,4092.6,25456725,4501.8,3683.4,4440.0,3288.1,4019.9,11,1,4019.8,63,1,4019.7,79,1,4019.1,3,1,4019.0,32,3,4020.0,427,9,4020.1,43,2,4020.2,42,1,4020.3,68,3,4020.4,9,1
11483,2026-07-02 14:04:37+05:30,4020.0,88,4035.79,1584613,162196.0,176668.0,4100.0,4110.0,4012.0,4092.6,25456725,4501.8,3683.4,4440.0,3288.1,4019.9,11,1,4019.8,63,1,4019.7,79,1,4019.1,3,1,4019.0,32,3,4020.0,427,9,4020.1,43,2,4020.2,42,1,4020.3,68,3,4020.4,9,1
11483,2026-07-02 14:04:37+05:30,4020.0,88,4035.79,1584704,162199.0,176647.0,4100.0,4110.0,4012.0,4092.6,25456725,4501.8,3683.4,4440.0,3288.1,4019.9,10,2,4019.8,63,1,4019.7,79,1,4019.1,3,1,4019.0,32,3,4020.0,325,8,4020.1,85,3,4020.2,42,1,4020.3,42,1,4020.5,42,1
11483,2026-07-02 14:04:38+05:30,4019.9,3,4035.79,1584704,162199.0,176647.0,4100.0,4110.0,4012.0,4092.6,25456725,4501.8,3683.4,4440.0,3288.1,4019.9,10,2,4019.8,63,1,4019.7,79,1,4019.1,3,1,4019.0,32,3,4020.0,325,8,4020.1,85,3,4020.2,42,1,4020.3,42,1,4020.5,42,1
11483,2026-07-02 14:04:38+05:30,4019.9,3,4035.79,1584715,162400.0,176673.0,4100.0,4110.0,4012.0,4092.6,25456725,4501.8,3683.4,4440.0,3288.1,4019.9,81,2,4019.8,63,1,4019.7,88,1,4019.1,3,1,4019.0,32,3,4020.0,325,8,4020.1,85,3,4020.2,42,1,4020.3,42,1,4020.5,42,1
11483,2026-07-02 14:04:39+05:30,4020.0,1,4035.79,1584804,162287.0,176534.0,4100.0,4110.0,4012.0,4092.6,25456725,4501.8,3683.4,4440.0,3288.1,4019.9,81,2,4019.8,63,1,4019.7,88,1,4019.1,3,1,4019.0,32,3,4020.0,238,8,4020.1,85,3,4020.2,42,1,4020.3,42,1,4020.5,42,1
11483,2026-07-02 14:04:39+05:30,4019.9,10,4035.79,1584804,162287.0,176534.0,4100.0,4110.0,4012.0,4092.6,25456725,4501.8,3683.4,4440.0,3288.1,4019.9,81,2,4019.8,63,1,4019.7,88,1,4019.1,3,1,4019.0,32,3,4020.0,238,8,4020.1,85,3,4020.2,42,1,4020.3,42,1,4020.5,42,1
11483,2026-07-02 14:04:40+05:30,4019.9,10,4035.79,1584865,162054.0,176664.0,4100.0,4110.0,4012.0,4092.6,25456725,4501.8,3683.4,4440.0,3288.1,4019.9,20,2,4019.8,63,1,4019.7,88,1,4019.1,3,1,4019.0,46,4,4020.0,241,10,4020.1,85,3,4020.2,42,1,4020.3,42,1,4020.4,9,1
11483,2026-07-02 14:04:40+05:30,4019.9,8,4035.79,1584865,162054.0,176664.0,4100.0,4110.0,4012.0,4092.6,25456725,4501.8,3683.4,4440.0,3288.1,4019.9,20,2,4019.8,63,1,4019.7,88,1,4019.1,3,1,4019.0,46,4,4020.0,241,10,4020.1,85,3,4020.2,42,1,4020.3,42,1,4020.4,9,1
11483,2026-07-02 14:04:41+05:30,4019.9,8,4035.79,1584873,162051.0,176664.0,4100.0,4110.0,4012.0,4092.6,25456725,4501.8,3683.4,4440.0,3288.1,4019.9,12,2,4019.8,63,1,4019.7,88,1,4019.1,3,1,4019.0,46,4,4020.0,241,10,4020.1,85,3,4020.2,42,1,4020.3,42,1,4020.4,9,1
11483,2026-07-02 14:04:41+05:30,4019.9,1,4035.79,1584873,162051.0,176664.0,4100.0,4110.0,4012.0,4092.6,25456725,4501.8,3683.4,4440.0,3288.1,4019.9,12,2,4019.8,63,1,4019.7,88,1,4019.1,3,1,4019.0,46,4,4020.0,241,10,4020.1,85,3,4020.2,42,1,4020.3,42,1,4020.4,9,1
11483,2026-07-02 14:04:42+05:30,4020.0,11,4035.79,1584885,162048.0,176623.0,4100.0,4110.0,4012.0,4092.6,25456725,4501.8,3683.4,4440.0,3288.1,4019.9,9,1,4019.8,63,1,4019.7,88,1,4019.1,3,1,4019.0,46,4,4020.0,230,10,4020.1,85,3,4020.2,47,2,4020.3,42,1,4020.4,9,1
11483,2026-07-02 14:04:42+05:30,4019.9,1,4035.79,1584885,162048.0,176623.0,4100.0,4110.0,4012.0,4092.6,25456725,4501.8,3683.4,4440.0,3288.1,4019.9,9,1,4019.8,63,1,4019.7,88,1,4019.1,3,1,4019.0,46,4,4020.0,230,10,4020.1,85,3,4020.2,47,2,4020.3,42,1,4020.4,9,1
11483,2026-07-02 14:04:43+05:30,4020.0,34,4035.78,1584936,162043.0,177413.0,4100.0,4110.0,4012.0,4092.6,25456725,4501.8,3683.4,4440.0,3288.1,4019.9,8,1,4019.8,63,1,4019.7,88,1,4019.1,3,1,4019.0,46,4,4020.0,1020,9,4020.1,85,3,4020.2,47,2,4020.3,42,1,4020.4,9,1
11483,2026-07-02 14:04:43+05:30,4019.9,6,4035.78,1584936,162043.0,177413.0,4100.0,4110.0,4012.0,4092.6,25456725,4501.8,3683.4,4440.0,3288.1,4019.9,8,1,4019.8,63,1,4019.7,88,1,4019.1,3,1,4019.0,46,4,4020.0,1020,9,4020.1,85,3,4020.2,47,2,4020.3,42,1,4020.4,9,1
11483,2026-07-02 14:04:44+05:30,4020.0,9,4035.78,1585089,162050.0,177283.0,4100.0,4110.0,4012.0,4092.6,25456725,4501.8,3683.4,4440.0,3288.1,4019.9,2,1,4019.8,63,1,4019.7,88,1,4019.1,3,1,4019.0,46,4,4020.0,886,5,4020.1,85,3,4020.2,42,1,4020.3,42,1,4020.4,9,1
11483,2026-07-02 14:04:44+05:30,4019.9,168,4035.78,1585089,162050.0,177283.0,4100.0,4110.0,4012.0,4092.6,25456725,4501.8,3683.4,4440.0,3288.1,4019.9,2,1,4019.8,63,1,4019.7,88,1,4019.1,3,1,4019.0,46,4,4020.0,886,5,4020.1,85,3,4020.2,42,1,4020.3,42,1,4020.4,9,1
11483,2026-07-02 14:04:45+05:30,4019.9,1,4035.78,1585335,162182.0,177323.0,4100.0,4110.0,4012.0,4092.6,25456725,4501.8,3683.4,4440.0,3288.1,4019.9,87,1,4019.8,63,1,4019.7,70,1,4019.1,3,1,4019.0,46,4,4020.0,917,4,4020.1,85,3,4020.2,42,1,4020.3,42,1,4020.4,11,1
11483,2026-07-02 14:04:45+05:30,4019.9,29,4035.78,1585335,162182.0,177323.0,4100.0,4110.0,4012.0,4092.6,25456725,4501.8,3683.4,4440.0,3288.1,4019.9,87,1,4019.8,63,1,4019.7,70,1,4019.1,3,1,4019.0,46,4,4020.0,917,4,4020.1,85,3,4020.2,42,1,4020.3,42,1,4020.4,11,1
11483,2026-07-02 14:04:46+05:30,4019.9,129,4035.78,1585505,162134.0,177272.0,4100.0,4110.0,4012.0,4092.6,25456725,4501.8,3683.4,4440.0,3288.1,4019.9,88,1,4019.8,63,1,4019.7,70,1,4019.1,3,1,4019.0,46,4,4020.0,892,3,4020.1,85,3,4020.2,42,1,4020.3,69,3,4020.4,9,1
11483,2026-07-02 14:04:46+05:30,4019.9,20,4035.78,1585505,162134.0,177272.0,4100.0,4110.0,4012.0,4092.6,25456725,4501.8,3683.4,4440.0,3288.1,4019.9,88,1,4019.8,63,1,4019.7,70,1,4019.1,3,1,4019.0,46,4,4020.0,892,3,4020.1,85,3,4020.2,42,1,4020.3,69,3,4020.4,9,1
11483,2026-07-02 14:04:47+05:30,4019.9,1,4035.78,1585526,162101.0,177335.0,4100.0,4110.0,4012.0,4092.6,25456725,4501.8,3683.4,4440.0,3288.1,4019.9,67,1,4019.8,63,1,4019.7,70,1,4019.1,3,1,4019.0,46,4,4020.0,892,3,4020.1,85,3,4020.2,42,1,4020.3,42,1,4020.5,42,1
11483,2026-07-02 14:04:47+05:30,4019.9,3,4035.78,1585526,162101.0,177335.0,4100.0,4110.0,4012.0,4092.6,25456725,4501.8,3683.4,4440.0,3288.1,4019.9,67,1,4019.8,63,1,4019.7,70,1,4019.1,3,1,4019.0,46,4,4020.0,892,3,4020.1,85,3,4020.2,42,1,4020.3,42,1,4020.5,42,1
11483,2026-07-02 14:04:48+05:30,4019.8,1,4035.78,1585530,162047.0,177394.0,4100.0,4110.0,4012.0,4092.6,25456725,4501.8,3683.4,4440.0,3288.1,4019.8,69,1,4019.6,64,1,4019.5,63,1,4019.1,3,1,4019.0,32,3,4019.9,81,1,4020.0,854,3,4020.1,85,3,4020.2,42,1,4020.4,42,1
11483,2026-07-02 14:04:48+05:30,4019.9,1,4035.78,1585530,162047.0,177394.0,4100.0,4110.0,4012.0,4092.6,25456725,4501.8,3683.4,4440.0,3288.1,4019.8,69,1,4019.6,64,1,4019.5,63,1,4019.1,3,1,4019.0,32,3,4019.9,81,1,4020.0,854,3,4020.1,85,3,4020.2,42,1,4020.4,42,1
11483,2026-07-02 14:04:49+05:30,4019.9,1,4035.78,1585661,162067.0,177364.0,4100.0,4110.0,4012.0,4092.6,25456725,4501.8,3683.4,4440.0,3288.1,4019.8,69,1,4019.6,64,1,4019.5,63,1,4019.1,3,1,4019.0,32,3,4019.9,79,1,4020.0,725,2,4020.1,85,3,4020.2,42,1,4020.4,42,1
11483,2026-07-02 14:04:49+05:30,4019.8,16,4035.78,1585661,162067.0,177364.0,4100.0,4110.0,4012.0,4092.6,25456725,4501.8,3683.4,4440.0,3288.1,4019.8,69,1,4019.6,64,1,4019.5,63,1,4019.1,3,1,4019.0,32,3,4019.9,79,1,4020.0,725,2,4020.1,85,3,4020.2,42,1,4020.4,42,1
11483,2026-07-02 14:04:50+05:30,4019.9,51,4035.78,1585728,162055.0,177435.0,4100.0,4110.0,4012.0,4092.6,25456725,4501.8,3683.4,4440.0,3288.1,4019.8,53,1,4019.6,64,1,4019.5,63,1,4019.1,3,1,4019.0,32,3,4019.9,28,1,4020.0,725,2,4020.1,85,3,4020.2,42,1,4020.4,42,1
11483,2026-07-02 14:04:50+05:30,4019.8,8,4035.78,1585728,162055.0,177435.0,4100.0,4110.0,4012.0,4092.6,25456725,4501.8,3683.4,4440.0,3288.1,4019.8,53,1,4019.6,64,1,4019.5,63,1,4019.1,3,1,4019.0,32,3,4019.9,28,1,4020.0,725,2,4020.1,85,3,4020.2,42,1,4020.4,42,1
11483,2026-07-02 14:04:51+05:30,4020.0,61,4035.78,1585834,162047.0,177381.0,4100.0,4110.0,4012.0,4092.6,25456725,4501.8,3683.4,4440.0,3288.1,4019.8,45,1,4019.6,64,1,4019.5,63,1,4019.1,3,1,4019.0,32,3,4020.0,655,2,4020.1,85,3,4020.2,42,1,4020.4,42,1,4020.5,2,1
11483,2026-07-02 14:04:51+05:30,4019.9,45,4035.78,1585834,162047.0,177381.0,4100.0,4110.0,4012.0,4092.6,25456725,4501.8,3683.4,4440.0,3288.1,4019.8,45,1,4019.6,64,1,4019.5,63,1,4019.1,3,1,4019.0,32,3,4020.0,655,2,4020.1,85,3,4020.2,42,1,4020.4,42,1,4020.5,2,1
11483,2026-07-02 14:04:52+05:30,4020.0,37,4035.78,1585929,162044.0,177350.0,4100.0,4110.0,4012.0,4092.6,25456725,4501.8,3683.4,4440.0,3288.1,4019.8,42,2,4019.6,64,1,4019.5,63,1,4019.1,3,1,4019.0,32,3,4020.0,618,2,4020.1,85,3,4020.2,42,1,4020.4,42,1,4020.5,2,1
11483,2026-07-02 14:04:52+05:30,4019.8,11,4035.78,1585929,162044.0,177350.0,4100.0,4110.0,4012.0,4092.6,25456725,4501.8,3683.4,4440.0,3288.1,4019.8,42,2,4019.6,64,1,4019.5,63,1,4019.1,3,1,4019.0,32,3,4020.0,618,2,4020.1,85,3,4020.2,42,1,4020.4,42,1,4020.5,2,1
11483,2026-07-02 14:04:53+05:30,4019.8,11,4035.77,1585940,162034.0,177357.0,4100.0,4110.0,4012.0,4092.6,25456725,4501.8,3683.4,4440.0,3288.1,4019.8,31,2,4019.6,64,1,4019.5,63,1,4019.1,3,1,4019.0,32,3,4020.0,618,2,4020.1,85,3,4020.2,42,1,4020.4,42,1,4020.6,16,2
11483,2026-07-02 14:04:53+05:30,4019.8,2,4035.77,1585940,162034.0,177357.0,4100.0,4110.0,4012.0,4092.6,25456725,4501.8,3683.4,4440.0,3288.1,4019.8,31,2,4019.6,64,1,4019.5,63,1,4019.1,3,1,4019.0,32,3,4020.0,618,2,4020.1,85,3,4020.2,42,1,4020.4,42,1,4020.6,16,2
11483,2026-07-02 14:04:54+05:30,4020.0,6,4035.77,1585950,162146.0,177383.0,4100.0,4110.0,4012.0,4092.6,25456725,4501.8,3683.4,4440.0,3288.1,4019.9,1,1,4019.8,27,2,4019.6,64,1,4019.5,68,2,4019.1,3,1,4020.0,612,2,4020.1,85,3,4020.2,42,1,4020.4,42,1,4020.8,38,3
11483,2026-07-02 14:04:54+05:30,4019.9,30,4035.77,1585950,162146.0,177383.0,4100.0,4110.0,4012.0,4092.6,25456725,4501.8,3683.4,4440.0,3288.1,4019.9,1,1,4019.8,27,2,4019.6,64,1,4019.5,68,2,4019.1,3,1,4020.0,612,2,4020.1,85,3,4020.2,42,1,4020.4,42,1,4020.8,38,3
11483,2026-07-02 14:04:55+05:30,4020.0,81,4035.77,1586068,162120.0,177159.0,4100.0,4110.0,4012.0,4092.6,25456725,4501.8,3683.4,4440.0,3288.1,4019.9,33,1,4019.8,10,1,4019.7,64,1,4019.6,17,1,4019.5,5,1,4020.0,489,1,4020.1,43,2,4020.8,51,3,4020.9,4,2,4021.0,48,5
11483,2026-07-02 14:04:55+05:30,4020.0,1,4035.77,1586068,162120.0,177159.0,4100.0,4110.0,4012.0,4092.6,25456725,4501.8,3683.4,4440.0,3288.1,4019.9,33,1,4019.8,10,1,4019.7,64,1,4019.6,17,1,4019.5,5,1,4020.0,489,1,4020.1,43,2,4020.8,51,3,4020.9,4,2,4021.0,48,5
11483,2026-07-02 14:04:56+05:30,4019.9,10,4035.77,1586093,162086.0,177192.0,4100.0,4110.0,4012.0,4092.6,25456725,4501.8,3683.4,4440.0,3288.1,4019.9,9,1,4019.8,10,1,4019.7,64,1,4019.6,17,1,4019.5,5,1,4020.0,490,2,4020.1,43,2,4020.8,53,4,4020.9,2,1,4021.0,77,6
11483,2026-07-02 14:04:56+05:30,4019.9,3,4035.77,1586093,162086.0,177192.0,4100.0,4110.0,4012.0,4092.6,25456725,4501.8,3683.4,4440.0,3288.1,4019.9,9,1,4019.8,10,1,4019.7,64,1,4019.6,17,1,4019.5,5,1,4020.0,490,2,4020.1,43,2,4020.8,53,4,4020.9,2,1,4021.0,77,6
11483,2026-07-02 14:04:57+05:30,4019.9,3,4035.77,1586096,162115.0,177192.0,4100.0,4110.0,4012.0,4092.6,25456725,4501.8,3683.4,4440.0,3288.1,4019.9,6,1,4019.8,10,1,4019.7,64,1,4019.6,17,1,4019.5,5,1,4020.0,490,2,4020.1,43,2,4020.8,53,4,4020.9,2,1,4021.0,77,6
11483,2026-07-02 14:04:58+05:30,4020.0,1,4035.77,1586597,162265.0,177860.0,4100.0,4110.0,4012.0,4092.6,25456725,4501.8,3683.4,4440.0,3288.1,4019.9,6,1,4019.8,10,1,4019.7,64,1,4019.6,17,1,4019.5,5,1,4020.0,829,1,4020.1,43,2,4020.8,10,1,4020.9,2,1,4021.0,44,5
11483,2026-07-02 14:04:58+05:30,4019.9,60,4035.77,1586597,162265.0,177860.0,4100.0,4110.0,4012.0,4092.6,25456725,4501.8,3683.4,4440.0,3288.1,4019.9,6,1,4019.8,10,1,4019.7,64,1,4019.6,17,1,4019.5,5,1,4020.0,829,1,4020.1,43,2,4020.8,10,1,4020.9,2,1,4021.0,44,5
11483,2026-07-02 14:04:59+05:30,4020.0,7,4035.77,1586664,162527.0,178280.0,4100.0,4110.0,4012.0,4092.6,25456725,4501.8,3683.4,4440.0,3288.1,4019.9,17,1,4019.8,84,3,4019.6,63,1,4019.5,5,1,4019.2,16,1,4020.0,822,1,4020.1,43,2,4020.8,10,1,4020.9,2,1,4021.0,31,5
11483,2026-07-02 14:04:59+05:30,4019.9,9,4035.77,1586664,162527.0,178280.0,4100.0,4110.0,4012.0,4092.6,25456725,4501.8,3683.4,4440.0,3288.1,4019.9,17,1,4019.8,84,3,4019.6,63,1,4019.5,5,1,4019.2,16,1,4020.0,822,1,4020.1,43,2,4020.8,10,1,4020.9,2,1,4021.0,31,5
11483,2026-07-02 14:05:00+05:30,4020.0,81,4035.77,1586796,162731.0,178007.0,4100.0,4110.0,4012.0,4092.6,25456725,4501.8,3683.4,4440.0,3288.1,4019.9,57,3,4019.8,132,4,4019.7,42,1,4019.6,79,2,4019.5,47,2,4020.0,702,1,4020.1,43,2,4020.9,2,1,4021.0,19,3,4021.2,63,4
11483,2026-07-02 14:05:00+05:30,4020.1,26,4035.77,1586796,162731.0,178007.0,4100.0,4110.0,4012.0,4092.6,25456725,4501.8,3683.4,4440.0,3288.1,4019.9,57,3,4019.8,132,4,4019.7,42,1,4019.6,79,2,4019.5,47,2,4020.0,702,1,4020.1,43,2,4020.9,2,1,4021.0,19,3,4021.2,63,4
11483,2026-07-02 14:05:01+05:30,4021.2,9,4035.77,1586921,163168.0,176944.0,4100.0,4110.0,4012.0,4092.6,25456725,4501.8,3683.4,4440.0,3288.1,4020.6,14,5,4020.4,51,3,4020.3,3,1,4020.2,68,1,4020.1,97,4,4021.2,6,1,4022.0,72,6,4022.1,12,1,4022.2,78,1,4022.3,48,2
11483,2026-07-02 14:05:01+05:30,4022.0,2,4035.77,1586921,163168.0,176944.0,4100.0,4110.0,4012.0,4092.6,25456725,4501.8,3683.4,4440.0,3288.1,4020.6,14,5,4020.4,51,3,4020.3,3,1,4020.2,68,1,4020.1,97,4,4021.2,6,1,4022.0,72,6,4022.1,12,1,4022.2,78,1,4022.3,48,2
11483,2026-07-02 14:05:02+05:30,4022.0,2,4035.76,1586957,163292.0,177117.0,4100.0,4110.0,4012.0,4092.6,25456725,4501.8,3683.4,4440.0,3288.1,4020.6,64,2,4020.5,64,1,4020.4,112,2,4020.3,42,1,4020.1,100,4,4021.9,38,3,4022.0,78,6,4022.1,64,2,4022.2,78,1,4022.3,45,3
11483,2026-07-02 14:05:02+05:30,4020.6,4,4035.76,1586957,163292.0,177117.0,4100.0,4110.0,4012.0,4092.6,25456725,4501.8,3683.4,4440.0,3288.1,4020.6,64,2,4020.5,64,1,4020.4,112,2,4020.3,42,1,4020.1,100,4,4021.9,38,3,4022.0,78,6,4022.1,64,2,4022.2,78,1,4022.3,45,3
11483,2026-07-02 14:05:03+05:30,4020.5,32,4035.76,1586995,163385.0,177472.0,4100.0,4110.0,4012.0,4092.6,25456725,4501.8,3683.4,4440.0,3288.1,4021.1,42,1,4021.0,42,1,4020.8,42,1,4020.5,102,2,4020.3,59,1,4022.0,67,4,4022.2,78,1,4022.3,43,2,4022.4,103,6,4022.5,37,3
11483,2026-07-02 14:05:03+05:30,4021.0,42,4035.76,1586995,163385.0,177472.0,4100.0,4110.0,4012.0,4092.6,25456725,4501.8,3683.4,4440.0,3288.1,4021.1,42,1,4021.0,42,1,4020.8,42,1,4020.5,102,2,4020.3,59,1,4022.0,67,4,4022.2,78,1,4022.3,43,2,4022.4,103,6,4022.5,37,3
11483,2026-07-02 14:05:04+05:30,4021.0,42,4035.76,1587225,163373.0,177082.0,4100.0,4110.0,4012.0,4092.6,25456725,4501.8,3683.4,4440.0,3288.1,4020.9,70,1,4020.5,32,1,4020.1,23,1,4020.0,129,4,4019.9,90,4,4021.0,41,1,4022.0,72,5,4022.1,12,1,4022.2,78,1,4022.3,13,1
11483,2026-07-02 14:05:04+05:30,4021.0,1,4035.76,1587225,163373.0,177082.0,4100.0,4110.0,4012.0,4092.6,25456725,4501.8,3683.4,4440.0,3288.1,4020.9,70,1,4020.5,32,1,4020.1,23,1,4020.0,129,4,4019.9,90,4,4021.0,41,1,4022.0,72,5,4022.1,12,1,4022.2,78,1,4022.3,13,1
11483,2026-07-02 14:05:05+05:30,4021.0,1,4035.76,1587254,163615.0,177301.0,4100.0,4110.0,4012.0,4092.6,25456725,4501.8,3683.4,4440.0,3288.1,4020.9,112,2,4020.8,42,1,4020.7,42,1,4020.5,32,1,4020.1,45,3,4021.0,40,1,4022.0,69,4,4022.1,72,2,4022.2,94,2,4022.3,13,1
11483,2026-07-02 14:05:05+05:30,4021.0,1,4035.76,1587254,163615.0,177301.0,4100.0,4110.0,4012.0,4092.6,25456725,4501.8,3683.4,4440.0,3288.1,4020.9,112,2,4020.8,42,1,4020.7,42,1,4020.5,32,1,4020.1,45,3,4021.0,40,1,4022.0,69,4,4022.1,72,2,4022.2,94,2,4022.3,13,1
11483,2026-07-02 14:05:06+05:30,4021.0,1,4035.76,1587258,163657.0,177364.0,4100.0,4110.0,4012.0,4092.6,25456725,4501.8,3683.4,4440.0,3288.1,4020.9,109,2,4020.8,42,1,4020.7,42,1,4020.5,74,2,4020.1,39,2,4021.0,41,2,4021.7,15,1,4021.8,175,1,4022.0,67,3,4022.1,23,2
11483,2026-07-02 14:05:06+05:30,4021.0,10,4035.76,1587258,163657.0,177364.0,4100.0,4110.0,4012.0,4092.6,25456725,4501.8,3683.4,4440.0,3288.1,4020.9,109,2,4020.8,42,1,4020.7,42,1,4020.5,74,2,4020.1,39,2,4021.0,41,2,4021.7,15,1,4021.8,175,1,4022.0,67,3,4022.1,23,2
11483,2026-07-02 14:05:07+05:30,4021.0,10,4035.76,1587277,163656.0,177368.0,4100.0,4110.0,4012.0,4092.6,25456725,4501.8,3683.4,4440.0,3288.1,4020.9,108,2,4020.8,42,1,4020.7,42,1,4020.5,74,2,4020.1,23,1,4021.0,23,2,4021.7,15,1,4021.8,175,1,4022.0,67,3,4022.1,23,2
11483,2026-07-02 14:05:07+05:30,4020.9,2,4035.76,1587277,163656.0,177368.0,4100.0,4110.0,4012.0,4092.6,25456725,4501.8,3683.4,4440.0,3288.1,4020.9,108,2,4020.8,42,1,4020.7,42,1,4020.5,74,2,4020.1,23,1,4021.0,23,2,4021.7,15,1,4021.8,175,1,4022.0,67,3,4022.1,23,2
11483,2026-07-02 14:05:08+05:30,4020.9,2,4035.76,1587279,163648.0,177369.0,4100.0,4110.0,4012.0,4092.6,25456725,4501.8,3683.4,4440.0,3288.1,4020.9,106,2,4020.8,42,1,4020.7,42,1,4020.5,74,2,4020.1,23,1,4021.0,23,2,4021.7,15,1,4021.8,175,1,4022.0,67,3,4022.1,23,2
11483,2026-07-02 14:05:08+05:30,4021.0,2,4035.76,1587279,163648.0,177369.0,4100.0,4110.0,4012.0,4092.6,25456725,4501.8,3683.4,4440.0,3288.1,4020.9,106,2,4020.8,42,1,4020.7,42,1,4020.5,74,2,4020.1,23,1,4021.0,23,2,4021.7,15,1,4021.8,175,1,4022.0,67,3,4022.1,23,2
11483,2026-07-02 14:05:09+05:30,4021.0,1,4035.76,1587282,163193.0,177366.0,4100.0,4110.0,4012.0,4092.6,25456725,4501.8,3683.4,4440.0,3288.1,4020.9,106,2,4020.5,32,1,4020.1,23,1,4020.0,73,4,4019.9,73,3,4021.0,20,2,4021.7,15,1,4021.8,175,1,4022.0,67,3,4022.1,72,5
11483,2026-07-02 14:05:09+05:30,4020.9,1,4035.76,1587282,163193.0,177366.0,4100.0,4110.0,4012.0,4092.6,25456725,4501.8,3683.4,4440.0,3288.1,4020.9,106,2,4020.5,32,1,4020.1,23,1,4020.0,73,4,4019.9,73,3,4021.0,20,2,4021.7,15,1,4021.8,175,1,4022.0,67,3,4022.1,72,5
11483,2026-07-02 14:05:10+05:30,4020.9,1,4035.76,1587283,163182.0,177359.0,4100.0,4110.0,4012.0,4092.6,25456725,4501.8,3683.4,4440.0,3288.1,4020.9,105,2,4020.5,32,1,4020.1,23,1,4020.0,93,5,4019.9,73,3,4021.0,20,2,4021.2,50,1,4021.7,15,1,4021.8,175,1,4021.9,13,1
11483,2026-07-02 14:05:10+05:30,4020.9,1,4035.76,1587283,163182.0,177359.0,4100.0,4110.0,4012.0,4092.6,25456725,4501.8,3683.4,4440.0,3288.1,4020.9,105,2,4020.5,32,1,4020.1,23,1,4020.0,93,5,4019.9,73,3,4021.0,20,2,4021.2,50,1,4021.7,15,1,4021.8,175,1,4021.9,13,1
11483,2026-07-02 14:05:11+05:30,4020.9,1,4035.76,1587295,163181.0,177365.0,4100.0,4110.0,4012.0,4092.6,25456725,4501.8,3683.4,4440.0,3288.1,4020.9,93,2,4020.5,32,1,4020.3,10,1,4020.1,23,1,4020.0,93,5,4021.0,20,2,4021.1,12,1,4021.2,50,1,4021.7,15,1,4021.8,175,1
11483,2026-07-02 14:05:11+05:30,4021.0,1,4035.76,1587295,163181.0,177365.0,4100.0,4110.0,4012.0,4092.6,25456725,4501.8,3683.4,4440.0,3288.1,4020.9,93,2,4020.5,32,1,4020.3,10,1,4020.1,23,1,4020.0,93,5,4021.0,20,2,4021.1,12,1,4021.2,50,1,4021.7,15,1,4021.8,175,1
11483,2026-07-02 14:05:12+05:30,4020.0,8,4035.76,1587800,162737.0,177535.0,4100.0,4110.0,4012.0,4092.6,25456725,4501.8,3683.4,4440.0,3288.1,4020.0,38,3,4019.9,35,1,4019.8,10,1,4019.7,2,1,4019.5,9,2,4021.0,35,4,4021.1,12,1,4021.2,50,1,4021.4,4,1,4021.5,58,2
11483,2026-07-02 14:05:12+05:30,4020.0,8,4035.76,1587800,162737.0,177535.0,4100.0,4110.0,4012.0,4092.6,25456725,4501.8,3683.4,4440.0,3288.1,4020.0,38,3,4019.9,35,1,4019.8,10,1,4019.7,2,1,4019.5,9,2,4021.0,35,4,4021.1,12,1,4021.2,50,1,4021.4,4,1,4021.5,58,2
11483,2026-07-02 14:05:13+05:30,4021.0,17,4035.75,1588039,163194.0,177738.0,4100.0,4110.0,4012.0,4092.6,25456725,4501.8,3683.4,4440.0,3288.1,4020.8,64,1,4020.7,87,1,4020.6,56,1,4019.6,16,2,4019.5,177,2,4021.0,24,1,4021.1,12,1,4021.2,50,1,4021.7,20,2,4021.8,238,4
11483,2026-07-02 14:05:13+05:30,4020.8,28,4035.75,1588039,163194.0,177738.0,4100.0,4110.0,4012.0,4092.6,25456725,4501.8,3683.4,4440.0,3288.1,4020.8,64,1,4020.7,87,1,4020.6,56,1,4019.6,16,2,4019.5,177,2,4021.0,24,1,4021.1,12,1,4021.2,50,1,4021.7,20,2,4021.8,238,4
11483,2026-07-02 14:05:14+05:30,4021.0,5,4035.75,1588072,163276.0,178041.0,4100.0,4110.0,4012.0,4092.6,25456725,4501.8,3683.4,4440.0,3288.1,4020.8,36,1,4020.7,87,1,4020.6,56,1,4019.6,16,2,4019.5,177,2,4021.0,19,1,4021.1,12,1,4021.2,50,1,4021.7,20,2,4021.8,226,4
11483,2026-07-02 14:05:14+05:30,4020.8,4,4035.75,1588072,163276.0,178041.0,4100.0,4110.0,4012.0,4092.6,25456725,4501.8,3683.4,4440.0,3288.1,4020.8,36,1,4020.7,87,1,4020.6,56,1,4019.6,16,2,4019.5,177,2,4021.0,19,1,4021.1,12,1,4021.2,50,1,4021.7,20,2,4021.8,226,4
11483,2026-07-02 14:05:15+05:30,4021.0,7,4035.75,1588086,163435.0,178107.0,4100.0,4110.0,4012.0,4092.6,25456725,4501.8,3683.4,4440.0,3288.1,4020.8,32,1,4020.7,87,1,4020.6,56,1,4019.6,16,2,4019.5,177,2,4021.0,69,3,4021.1,12,1,4021.2,72,2,4021.5,34,2,4021.7,38,4
11483,2026-07-02 14:05:15+05:30,4020.8,2,4035.75,1588086,163435.0,178107.0,4100.0,4110.0,4012.0,4092.6,25456725,4501.8,3683.4,4440.0,3288.1,4020.8,32,1,4020.7,87,1,4020.6,56,1,4019.6,16,2,4019.5,177,2,4021.0,69,3,4021.1,12,1,4021.2,72,2,4021.5,34,2,4021.7,38,4
11483,2026-07-02 14:05:16+05:30,4021.0,3,4035.75,1588094,163833.0,178059.0,4100.0,4110.0,4012.0,4092.6,25456725,4501.8,3683.4,4440.0,3288.1,4020.8,30,1,4020.7,87,1,4020.6,56,1,4020.0,1,1,4019.9,16,1,4021.0,46,2,4021.1,12,1,4021.2,72,2,4021.5,34,2,4021.7,36,3
11483,2026-07-02 14:05:16+05:30,4020.0,1,4035.75,1588094,163833.0,178059.0,4100.0,4110.0,4012.0,4092.6,25456725,4501.8,3683.4,4440.0,3288.1,4020.8,30,1,4020.7,87,1,4020.6,56,1,4020.0,1,1,4019.9,16,1,4021.0,46,2,4021.1,12,1,4021.2,72,2,4021.5,34,2,4021.7,36,3
11483,2026-07-02 14:05:17+05:30,4020.0,1,4035.75,1588796,162711.0,178767.0,4100.0,4110.0,4012.0,4092.6,25456725,4501.8,3683.4,4440.0,3288.1,4019.5,164,1,4019.1,5,2,4019.0,42,4,4018.9,18,2,4018.8,48,3,4020.0,194,1,4020.8,3,2,4020.9,64,2,4021.0,64,4,4021.1,40,3
11483,2026-07-02 14:05:17+05:30,4020.0,1,4035.75,1588796,162711.0,178767.0,4100.0,4110.0,4012.0,4092.6,25456725,4501.8,3683.4,4440.0,3288.1,4019.5,164,1,4019.1,5,2,4019.0,42,4,4018.9,18,2,4018.8,48,3,4020.0,194,1,4020.8,3,2,4020.9,64,2,4021.0,64,4,4021.1,40,3
11483,2026-07-02 14:05:18+05:30,4020.0,1,4035.75,1588882,162657.0,178985.0,4100.0,4110.0,4012.0,4092.6,25456725,4501.8,3683.4,4440.0,3288.1,4019.5,80,1,4019.1,3,1,4019.0,44,5,4018.9,5,1,4018.8,34,2,4020.0,192,1,4020.8,29,3,4020.9,64,2,4021.0,66,5,4021.1,38,2
11483,2026-07-02 14:05:18+05:30,4020.0,1,4035.75,1588882,162657.0,178985.0,4100.0,4110.0,4012.0,4092.6,25456725,4501.8,3683.4,4440.0,3288.1,4019.5,80,1,4019.1,3,1,4019.0,44,5,4018.9,5,1,4018.8,34,2,4020.0,192,1,4020.8,29,3,4020.9,64,2,4021.0,66,5,4021.1,38,2
11483,2026-07-02 14:05:19+05:30,4020.0,1,4035.75,1588894,162919.0,178746.0,4100.0,4110.0,4012.0,4092.6,25456725,4501.8,3683.4,4440.0,3288.1,4019.5,69,1,4019.1,3,1,4019.0,44,5,4018.9,5,1,4018.8,34,2,4020.7,25,1,4020.8,32,4,4020.9,50,2,4021.0,436,6,4021.1,88,4
11483,2026-07-02 14:05:19+05:30,4019.5,1,4035.75,1588894,162919.0,178746.0,4100.0,4110.0,4012.0,4092.6,25456725,4501.8,3683.4,4440.0,3288.1,4019.5,69,1,4019.1,3,1,4019.0,44,5,4018.9,5,1,4018.8,34,2,4020.7,25,1,4020.8,32,4,4020.9,50,2,4021.0,436,6,4021.1,88,4
11483,2026-07-02 14:05:20+05:30,4019.5,1,4035.75,1588895,162944.0,178757.0,4100.0,4110.0,4012.0,4092.6,25456725,4501.8,3683.4,4440.0,3288.1,4019.5,68,1,4019.1,3,1,4019.0,44,5,4018.9,17,2,4018.8,34,2,4020.7,30,3,4020.8,44,5,4020.9,50,2,4021.0,436,6,4021.1,92,4
11483,2026-07-02 14:05:20+05:30,4019.5,1,4035.75,1588895,162944.0,178757.0,4100.0,4110.0,4012.0,4092.6,25456725,4501.8,3683.4,4440.0,3288.1,4019.5,68,1,4019.1,3,1,4019.0,44,5,4018.9,17,2,4018.8,34,2,4020.7,30,3,4020.8,44,5,4020.9,50,2,4021.0,436,6,4021.1,92,4
11483,2026-07-02 14:05:21+05:30,4019.5,1,4035.75,1588896,162779.0,178758.0,4100.0,4110.0,4012.0,4092.6,25456725,4501.8,3683.4,4440.0,3288.1,4019.5,67,1,4019.1,3,1,4019.0,44,5,4018.9,43,3,4018.8,5,1,4020.7,46,4,4020.8,68,6,4020.9,50,2,4021.0,436,6,4021.1,26,1
11483,2026-07-02 14:05:21+05:30,4020.7,10,4035.75,1588896,162779.0,178758.0,4100.0,4110.0,4012.0,4092.6,25456725,4501.8,3683.4,4440.0,3288.1,4019.5,67,1,4019.1,3,1,4019.0,44,5,4018.9,43,3,4018.8,5,1,4020.7,46,4,4020.8,68,6,4020.9,50,2,4021.0,436,6,4021.1,26,1
11483,2026-07-02 14:05:22+05:30,4020.7,10,4035.75,1588936,162815.0,178692.0,4100.0,4110.0,4012.0,4092.6,25456725,4501.8,3683.4,4440.0,3288.1,4020.0,5,1,4019.5,77,2,4019.2,13,1,4019.1,65,2,4019.0,44,5,4020.8,32,5,4020.9,50,2,4021.0,396,4,4021.1,28,2,4021.2,74,2
11483,2026-07-02 14:05:22+05:30,4020.7,10,4035.75,1588936,162815.0,178692.0,4100.0,4110.0,4012.0,4092.6,25456725,4501.8,3683.4,4440.0,3288.1,4020.0,5,1,4019.5,77,2,4019.2,13,1,4019.1,65,2,4019.0,44,5,4020.8,32,5,4020.9,50,2,4021.0,396,4,4021.1,28,2,4021.2,74,2
11483,2026-07-02 14:05:22+05:30,4020.0,4,4035.75,1588936,162815.0,178692.0,4100.0,4110.0,4012.0,4092.6,25456725,4501.8,3683.4,4440.0,3288.1,4020.0,5,1,4019.5,77,2,4019.2,13,1,4019.1,65,2,4019.0,44,5,4020.8,32,5,4020.9,50,2,4021.0,396,4,4021.1,28,2,4021.2,74,2
11483,2026-07-02 14:05:23+05:30,4020.0,4,4035.75,1588936,162815.0,178692.0,4100.0,4110.0,4012.0,4092.6,25456725,4501.8,3683.4,4440.0,3288.1,4020.0,5,1,4019.5,77,2,4019.2,13,1,4019.1,65,2,4019.0,44,5,4020.8,32,5,4020.9,50,2,4021.0,396,4,4021.1,28,2,4021.2,74,2
11483,2026-07-02 14:05:23+05:30,4020.0,4,4035.75,1588940,162483.0,178601.0,4100.0,4110.0,4012.0,4092.6,25456725,4501.8,3683.4,4440.0,3288.1,4020.0,1,1,4019.5,77,2,4019.2,13,1,4019.1,3,1,4019.0,42,4,4020.7,35,2,4020.8,13,2,4020.9,68,4,4021.0,416,5,4021.1,51,3
11483,2026-07-02 14:05:23+05:30,4020.0,4,4035.75,1588940,162483.0,178601.0,4100.0,4110.0,4012.0,4092.6,25456725,4501.8,3683.4,4440.0,3288.1,4020.0,1,1,4019.5,77,2,4019.2,13,1,4019.1,3,1,4019.0,42,4,4020.7,35,2,4020.8,13,2,4020.9,68,4,4021.0,416,5,4021.1,51,3
11483,2026-07-02 14:05:23+05:30,4020.0,1,4035.75,1588940,162483.0,178601.0,4100.0,4110.0,4012.0,4092.6,25456725,4501.8,3683.4,4440.0,3288.1,4020.0,1,1,4019.5,77,2,4019.2,13,1,4019.1,3,1,4019.0,42,4,4020.7,35,2,4020.8,13,2,4020.9,68,4,4021.0,416,5,4021.1,51,3
11483,2026-07-02 14:05:24+05:30,4020.7,3,4035.75,1588945,162363.0,178693.0,4100.0,4110.0,4012.0,4092.6,25456725,4501.8,3683.4,4440.0,3288.1,4020.0,1,1,4019.5,77,2,4019.1,3,1,4019.0,68,5,4018.9,12,1,4020.7,32,2,4020.8,13,2,4020.9,68,4,4021.0,416,5,4021.1,51,3
11483,2026-07-02 14:05:24+05:30,4020.7,3,4035.75,1588945,162363.0,178693.0,4100.0,4110.0,4012.0,4092.6,25456725,4501.8,3683.4,4440.0,3288.1,4020.0,1,1,4019.5,77,2,4019.1,3,1,4019.0,68,5,4018.9,12,1,4020.7,32,2,4020.8,13,2,4020.9,68,4,4021.0,416,5,4021.1,51,3
11483,2026-07-02 14:05:24+05:30,4020.0,1,4035.75,1588945,162363.0,178693.0,4100.0,4110.0,4012.0,4092.6,25456725,4501.8,3683.4,4440.0,3288.1,4020.0,1,1,4019.5,77,2,4019.1,3,1,4019.0,68,5,4018.9,12,1,4020.7,32,2,4020.8,13,2,4020.9,68,4,4021.0,416,5,4021.1,51,3
11483,2026-07-02 14:05:24+05:30,4020.0,1,4035.75,1588945,162363.0,178693.0,4100.0,4110.0,4012.0,4092.6,25456725,4501.8,3683.4,4440.0,3288.1,4020.0,1,1,4019.5,77,2,4019.1,3,1,4019.0,68,5,4018.9,12,1,4020.7,32,2,4020.8,13,2,4020.9,68,4,4021.0,416,5,4021.1,51,3
11483,2026-07-02 14:05:25+05:30,4020.0,1,4035.75,1588946,162345.0,178780.0,4100.0,4110.0,4012.0,4092.6,25456725,4501.8,3683.4,4440.0,3288.1,4019.5,77,2,4019.1,3,1,4019.0,68,5,4018.9,12,1,4018.8,15,1,4020.7,33,2,4020.8,13,2,4020.9,110,6,4021.0,454,6,4021.1,51,3
11483,2026-07-02 14:05:25+05:30,4020.0,1,4035.75,1588946,162345.0,178780.0,4100.0,4110.0,4012.0,4092.6,25456725,4501.8,3683.4,4440.0,3288.1,4019.5,77,2,4019.1,3,1,4019.0,68,5,4018.9,12,1,4018.8,15,1,4020.7,33,2,4020.8,13,2,4020.9,110,6,4021.0,454,6,4021.1,51,3
11483,2026-07-02 14:05:25+05:30,4020.7,5,4035.75,1588946,162345.0,178780.0,4100.0,4110.0,4012.0,4092.6,25456725,4501.8,3683.4,4440.0,3288.1,4019.5,77,2,4019.1,3,1,4019.0,68,5,4018.9,12,1,4018.8,15,1,4020.7,33,2,4020.8,13,2,4020.9,110,6,4021.0,454,6,4021.1,51,3
11483,2026-07-02 14:05:25+05:30,4020.7,5,4035.75,1588946,162345.0,178780.0,4100.0,4110.0,4012.0,4092.6,25456725,4501.8,3683.4,4440.0,3288.1,4019.5,77,2,4019.1,3,1,4019.0,68,5,4018.9,12,1,4018.8,15,1,4020.7,33,2,4020.8,13,2,4020.9,110,6,4021.0,454,6,4021.1,51,3
11483,2026-07-02 14:05:26+05:30,4020.7,5,4035.75,1588946,162345.0,178780.0,4100.0,4110.0,4012.0,4092.6,25456725,4501.8,3683.4,4440.0,3288.1,4019.6,60,2,4019.5,77,2,4019.3,4,1,4019.2,38,1,4019.1,3,1,4020.8,13,2,4020.9,40,1,4021.0,415,5,4021.1,31,2,4021.2,103,3
11483,2026-07-02 14:05:26+05:30,4020.7,5,4035.75,1588951,162467.0,178682.0,4100.0,4110.0,4012.0,4092.6,25456725,4501.8,3683.4,4440.0,3288.1,4019.6,60,2,4019.5,77,2,4019.3,4,1,4019.2,38,1,4019.1,3,1,4020.8,13,2,4020.9,40,1,4021.0,415,5,4021.1,31,2,4021.2,103,3
11483,2026-07-02 14:05:26+05:30,4020.7,5,4035.75,1588951,162467.0,178682.0,4100.0,4110.0,4012.0,4092.6,25456725,4501.8,3683.4,4440.0,3288.1,4019.6,60,2,4019.5,77,2,4019.3,4,1,4019.2,38,1,4019.1,3,1,4020.8,13,2,4020.9,40,1,4021.0,415,5,4021.1,31,2,4021.2,103,3
11483,2026-07-02 14:05:26+05:30,4020.8,1,4035.75,1588951,162467.0,178682.0,4100.0,4110.0,4012.0,4092.6,25456725,4501.8,3683.4,4440.0,3288.1,4019.6,60,2,4019.5,77,2,4019.3,4,1,4019.2,38,1,4019.1,3,1,4020.8,13,2,4020.9,40,1,4021.0,415,5,4021.1,31,2,4021.2,103,3
11483,2026-07-02 14:05:26+05:30,4020.8,1,4035.75,1588951,162467.0,178682.0,4100.0,4110.0,4012.0,4092.6,25463900,4501.8,3683.4,4440.0,3288.1,4019.6,60,2,4019.5,77,2,4019.3,4,1,4019.2,38,1,4019.1,3,1,4020.8,13,2,4020.9,40,1,4021.0,415,5,4021.1,31,2,4021.2,103,3
11483,2026-07-02 14:05:27+05:30,4020.8,11,4035.75,1588990,162470.0,178653.0,4100.0,4110.0,4012.0,4092.6,25463900,4501.8,3683.4,4440.0,3288.1,4019.6,59,2,4019.5,77,2,4019.3,22,2,4019.2,38,1,4019.1,3,1,4020.8,2,2,4020.9,40,1,4021.0,413,4,4021.1,5,1,4021.2,103,3
11483,2026-07-02 14:05:27+05:30,4020.8,11,4035.75,1588990,162470.0,178653.0,4100.0,4110.0,4012.0,4092.6,25463900,4501.8,3683.4,4440.0,3288.1,4019.6,59,2,4019.5,77,2,4019.3,22,2,4019.2,38,1,4019.1,3,1,4020.8,2,2,4020.9,40,1,4021.0,413,4,4021.1,5,1,4021.2,103,3
11483,2026-07-02 14:05:27+05:30,4020.8,1,4035.75,1588990,162470.0,178653.0,4100.0,4110.0,4012.0,4092.6,25463900,4501.8,3683.4,4440.0,3288.1,4019.6,59,2,4019.5,77,2,4019.3,22,2,4019.2,38,1,4019.1,3,1,4020.8,2,2,4020.9,40,1,4021.0,413,4,4021.1,5,1,4021.2,103,3
11483,2026-07-02 14:05:28+05:30,4020.8,1,4035.75,1588996,162520.0,178606.0,4100.0,4110.0,4012.0,4092.6,25463900,4501.8,3683.4,4440.0,3288.1,4019.6,54,2,4019.5,87,3,4019.3,22,2,4019.2,38,1,4019.1,3,1,4020.8,14,3,4021.0,413,4,4021.1,5,1,4021.2,79,2,4021.5,75,4
11483,2026-07-02 14:05:28+05:30,4020.8,1,4035.75,1588996,162520.0,178606.0,4100.0,4110.0,4012.0,4092.6,25463900,4501.8,3683.4,4440.0,3288.1,4019.6,54,2,4019.5,87,3,4019.3,22,2,4019.2,38,1,4019.1,3,1,4020.8,14,3,4021.0,413,4,4021.1,5,1,4021.2,79,2,4021.5,75,4
11483,2026-07-02 14:05:28+05:30,4021.0,1,4035.75,1588996,162520.0,178606.0,4100.0,4110.0,4012.0,4092.6,25463900,4501.8,3683.4,4440.0,3288.1,4019.6,54,2,4019.5,87,3,4019.3,22,2,4019.2,38,1,4019.1,3,1,4020.8,14,3,4021.0,413,4,4021.1,5,1,4021.2,79,2,4021.5,75,4
11483,2026-07-02 14:05:29+05:30,4021.0,253,4035.74,1589500,162761.0,178218.0,4100.0,4110.0,4012.0,4092.6,25463900,4501.8,3683.4,4440.0,3288.1,4020.1,21,1,4020.0,65,6,4019.9,33,2,4019.8,24,3,4019.7,66,3,4021.0,155,3,4021.2,50,1,4021.7,15,1,4021.8,219,4,4021.9,56,3
11483,2026-07-02 14:05:29+05:30,4021.0,253,4035.74,1589500,162761.0,178218.0,4100.0,4110.0,4012.0,4092.6,25463900,4501.8,3683.4,4440.0,3288.1,4020.1,21,1,4020.0,65,6,4019.9,33,2,4019.8,24,3,4019.7,66,3,4021.0,155,3,4021.2,50,1,4021.7,15,1,4021.8,219,4,4021.9,56,3
11483,2026-07-02 14:05:29+05:30,4020.1,3,4035.74,1589500,162761.0,178218.0,4100.0,4110.0,4012.0,4092.6,25463900,4501.8,3683.4,4440.0,3288.1,4020.1,21,1,4020.0,65,6,4019.9,33,2,4019.8,24,3,4019.7,66,3,4021.0,155,3,4021.2,50,1,4021.7,15,1,4021.8,219,4,4021.9,56,3
11483,2026-07-02 14:05:30+05:30,4020.1,3,4035.74,1589560,163022.0,178028.0,4100.0,4110.0,4012.0,4092.6,25463900,4501.8,3683.4,4440.0,3288.1,4020.1,40,2,4020.0,45,6,4019.9,31,2,4019.8,14,2,4019.7,33,2,4021.0,155,3,4021.2,50,1,4021.5,26,1,4021.7,15,1,4021.8,214,3
11483,2026-07-02 14:05:30+05:30,4020.1,7,4035.74,1589560,163022.0,178028.0,4100.0,4110.0,4012.0,4092.6,25463900,4501.8,3683.4,4440.0,3288.1,4020.1,40,2,4020.0,45,6,4019.9,31,2,4019.8,14,2,4019.7,33,2,4021.0,155,3,4021.2,50,1,4021.5,26,1,4021.7,15,1,4021.8,214,3
11483,2026-07-02 14:05:31+05:30,4020.1,7,4035.74,1589567,163249.0,177836.0,4100.0,4110.0,4012.0,4092.6,25463900,4501.8,3683.4,4440.0,3288.1,4020.6,8,3,4020.3,44,2,4020.2,56,3,4020.1,32,2,4020.0,58,7,4021.0,155,3,4021.2,50,1,4021.7,15,1,4021.8,201,2,4021.9,2,1
11483,2026-07-02 14:05:31+05:30,4020.6,1,4035.74,1589567,163249.0,177836.0,4100.0,4110.0,4012.0,4092.6,25463900,4501.8,3683.4,4440.0,3288.1,4020.6,8,3,4020.3,44,2,4020.2,56,3,4020.1,32,2,4020.0,58,7,4021.0,155,3,4021.2,50,1,4021.7,15,1,4021.8,201,2,4021.9,2,1
11483,2026-07-02 14:05:32+05:30,4020.6,1,4035.74,1589611,163055.0,177638.0,4100.0,4110.0,4012.0,4092.6,25463900,4501.8,3683.4,4440.0,3288.1,4020.6,2,2,4020.2,34,2,4020.0,4,2,4019.9,26,1,4019.8,1,1,4021.0,114,4,4021.2,50,1,4021.6,18,1,4021.7,39,2,4021.8,224,4
11483,2026-07-02 14:05:32+05:30,4020.6,2,4035.74,1589611,163055.0,177638.0,4100.0,4110.0,4012.0,4092.6,25463900,4501.8,3683.4,4440.0,3288.1,4020.6,2,2,4020.2,34,2,4020.0,4,2,4019.9,26,1,4019.8,1,1,4021.0,114,4,4021.2,50,1,4021.6,18,1,4021.7,39,2,4021.8,224,4
11483,2026-07-02 14:05:33+05:30,4020.0,1,4035.74,1589627,163377.0,178954.0,4100.0,4110.0,4012.0,4092.6,25463900,4501.8,3683.4,4440.0,3288.1,4019.6,13,3,4019.5,87,3,4019.1,13,2,4019.0,116,8,4018.9,3,1,4020.0,307,1,4020.6,1,1,4021.0,62,3,4021.2,88,3,4021.4,2,1
11483,2026-07-02 14:05:33+05:30,4019.6,1,4035.74,1589627,163377.0,178954.0,4100.0,4110.0,4012.0,4092.6,25463900,4501.8,3683.4,4440.0,3288.1,4019.6,13,3,4019.5,87,3,4019.1,13,2,4019.0,116,8,4018.9,3,1,4020.0,307,1,4020.6,1,1,4021.0,62,3,4021.2,88,3,4021.4,2,1
11483,2026-07-02 14:05:34+05:30,4020.0,3,4035.74,1589647,163738.0,178792.0,4100.0,4110.0,4012.0,4092.6,25463900,4501.8,3683.4,4440.0,3288.1,4019.9,1,1,4019.6,11,2,4019.5,87,3,4019.1,38,3,4019.0,111,7,4020.0,288,1,4020.6,1,1,4021.0,62,3,4021.1,4,1,4021.2,88,3
11483,2026-07-02 14:05:34+05:30,4019.5,9,4035.74,1589647,163738.0,178792.0,4100.0,4110.0,4012.0,4092.6,25463900,4501.8,3683.4,4440.0,3288.1,4019.9,1,1,4019.6,11,2,4019.5,87,3,4019.1,38,3,4019.0,111,7,4020.0,288,1,4020.6,1,1,4021.0,62,3,4021.1,4,1,4021.2,88,3
11483,2026-07-02 14:05:35+05:30,4019.5,9,4035.74,1589668,163623.0,178879.0,4100.0,4110.0,4012.0,4092.6,25463900,4501.8,3683.4,4440.0,3288.1,4019.5,89,4,4019.1,13,2,4019.0,111,7,4018.9,3,1,4018.8,29,1,4019.9,1,1,4020.0,288,1,4020.6,1,1,4020.8,10,1,4021.0,61,2
11483,2026-07-02 14:05:35+05:30,4019.5,2,4035.74,1589668,163623.0,178879.0,4100.0,4110.0,4012.0,4092.6,25463900,4501.8,3683.4,4440.0,3288.1,4019.5,89,4,4019.1,13,2,4019.0,111,7,4018.9,3,1,4018.8,29,1,4019.9,1,1,4020.0,288,1,4020.6,1,1,4020.8,10,1,4021.0,61,2
11483,2026-07-02 14:05:36+05:30,4019.5,2,4035.74,1589670,163587.0,178884.0,4100.0,4110.0,4012.0,4092.6,25463900,4501.8,3683.4,4440.0,3288.1,4019.5,87,4,4019.1,3,1,4019.0,91,5,4018.9,3,1,4018.8,29,1,4019.9,2,2,4020.0,288,1,4020.6,1,1,4020.8,10,1,4021.0,61,2
11483,2026-07-02 14:05:36+05:30,4019.5,1,4035.74,1589670,163587.0,178884.0,4100.0,4110.0,4012.0,4092.6,25463900,4501.8,3683.4,4440.0,3288.1,4019.5,87,4,4019.1,3,1,4019.0,91,5,4018.9,3,1,4018.8,29,1,4019.9,2,2,4020.0,288,1,4020.6,1,1,4020.8,10,1,4021.0,61,2
11483,2026-07-02 14:05:37+05:30,4019.5,1,4035.74,1589671,163691.0,178884.0,4100.0,4110.0,4012.0,4092.6,25463900,4501.8,3683.4,4440.0,3288.1,4019.5,86,4,4019.1,3,1,4019.0,91,5,4018.9,3,1,4018.8,45,2,4019.9,2,2,4020.0,288,1,4020.6,1,1,4020.8,10,1,4021.0,61,2
11483,2026-07-02 14:05:37+05:30,4020.0,1,4035.74,1589671,163691.0,178884.0,4100.0,4110.0,4012.0,4092.6,25463900,4501.8,3683.4,4440.0,3288.1,4019.5,86,4,4019.1,3,1,4019.0,91,5,4018.9,3,1,4018.8,45,2,4019.9,2,2,4020.0,288,1,4020.6,1,1,4020.8,10,1,4021.0,61,2
11483,2026-07-02 14:05:38+05:30,4020.0,1,4035.74,1589675,163832.0,178867.0,4100.0,4110.0,4012.0,4092.6,25463900,4501.8,3683.4,4440.0,3288.1,4019.5,88,5,4019.1,59,2,4019.0,91,5,4018.9,19,2,4018.8,29,1,4019.9,1,1,4020.0,287,1,4020.6,1,1,4020.8,10,1,4021.0,61,2
11483,2026-07-02 14:05:39+05:30,4019.9,1,4035.74,1589676,163782.0,178886.0,4100.0,4110.0,4012.0,4092.6,25463900,4501.8,3683.4,4440.0,3288.1,4019.5,88,5,4019.1,3,1,4019.0,91,5,4018.9,19,2,4018.8,29,1,4020.0,287,1,4020.6,1,1,4020.8,10,1,4021.0,61,2,4021.2,106,4
11483,2026-07-02 14:05:39+05:30,4019.9,1,4035.74,1589676,163782.0,178886.0,4100.0,4110.0,4012.0,4092.6,25463900,4501.8,3683.4,4440.0,3288.1,4019.5,88,5,4019.1,3,1,4019.0,91,5,4018.9,19,2,4018.8,29,1,4020.0,287,1,4020.6,1,1,4020.8,10,1,4021.0,61,2,4021.2,106,4
11483,2026-07-02 14:05:40+05:30,4020.0,1,4035.74,1589677,163879.0,178714.0,4100.0,4110.0,4012.0,4092.6,25463900,4501.8,3683.4,4440.0,3288.1,4019.5,88,5,4019.1,3,1,4019.0,91,5,4018.9,3,1,4018.8,94,2,4020.0,286,1,4020.6,1,1,4020.8,10,1,4021.0,61,2,4021.2,106,4
11483,2026-07-02 14:05:40+05:30,4020.0,1,4035.74,1589677,163879.0,178714.0,4100.0,4110.0,4012.0,4092.6,25463900,4501.8,3683.4,4440.0,3288.1,4019.5,88,5,4019.1,3,1,4019.0,91,5,4018.9,3,1,4018.8,94,2,4020.0,286,1,4020.6,1,1,4020.8,10,1,4021.0,61,2,4021.2,106,4
11483,2026-07-02 14:05:41+05:30,4019.5,2,4035.74,1589680,163322.0,178061.0,4100.0,4110.0,4012.0,4092.6,25463900,4501.8,3683.4,4440.0,3288.1,4019.9,4,1,4019.5,88,6,4019.1,54,3,4019.0,91,5,4018.9,16,2,4020.0,286,2,4020.6,1,1,4020.8,10,1,4021.0,61,2,4021.2,88,3
11483,2026-07-02 14:05:41+05:30,4020.0,40,4035.74,1589680,163322.0,178061.0,4100.0,4110.0,4012.0,4092.6,25463900,4501.8,3683.4,4440.0,3288.1,4019.9,4,1,4019.5,88,6,4019.1,54,3,4019.0,91,5,4018.9,16,2,4020.0,286,2,4020.6,1,1,4020.8,10,1,4021.0,61,2,4021.2,88,3
11483,2026-07-02 14:05:42+05:30,4020.0,15,4035.74,1589736,163829.0,177965.0,4100.0,4110.0,4012.0,4092.6,25463900,4501.8,3683.4,4440.0,3288.1,4019.9,3,1,4019.5,92,6,4019.4,23,2,4019.2,9,1,4019.1,62,3,4020.0,231,2,4020.6,1,1,4020.8,10,1,4021.0,61,2,4021.2,93,3
11483,2026-07-02 14:05:42+05:30,4020.0,1,4035.74,1589736,163829.0,177965.0,4100.0,4110.0,4012.0,4092.6,25463900,4501.8,3683.4,4440.0,3288.1,4019.9,3,1,4019.5,92,6,4019.4,23,2,4019.2,9,1,4019.1,62,3,4020.0,231,2,4020.6,1,1,4020.8,10,1,4021.0,61,2,4021.2,93,3
11483,2026-07-02 14:05:43+05:30,4020.0,1,4035.74,1589975,164183.0,177779.0,4100.0,4110.0,4012.0,4092.6,25463900,4501.8,3683.4,4440.0,3288.1,4019.9,22,2,4019.8,26,3,4019.7,42,4,4019.6,21,3,4019.5,100,6,4020.0,319,1,4020.6,1,1,4020.8,10,1,4021.0,61,2,4021.2,50,1
11483,2026-07-02 14:05:43+05:30,4020.0,3,4035.74,1589975,164183.0,177779.0,4100.0,4110.0,4012.0,4092.6,25463900,4501.8,3683.4,4440.0,3288.1,4019.9,22,2,4019.8,26,3,4019.7,42,4,4019.6,21,3,4019.5,100,6,4020.0,319,1,4020.6,1,1,4020.8,10,1,4021.0,61,2,4021.2,50,1
11483,2026-07-02 14:05:44+05:30,4020.0,1,4035.74,1590034,164579.0,177778.0,4100.0,4110.0,4012.0,4092.6,25463900,4501.8,3683.4,4440.0,3288.1,4019.9,61,3,4019.8,56,2,4019.7,73,3,4019.6,21,3,4019.5,125,6,4020.0,290,2,4020.6,1,1,4020.8,10,1,4021.0,61,2,4021.2,50,1
11483,2026-07-02 14:05:44+05:30,4020.0,75,4035.74,1590034,164579.0,177778.0,4100.0,4110.0,4012.0,4092.6,25463900,4501.8,3683.4,4440.0,3288.1,4019.9,61,3,4019.8,56,2,4019.7,73,3,4019.6,21,3,4019.5,125,6,4020.0,290,2,4020.6,1,1,4020.8,10,1,4021.0,61,2,4021.2,50,1
11483,2026-07-02 14:05:45+05:30,4020.0,75,4035.73,1590116,164539.0,177706.0,4100.0,4110.0,4012.0,4092.6,25463900,4501.8,3683.4,4440.0,3288.1,4019.9,54,3,4019.8,58,3,4019.7,73,3,4019.6,4,2,4019.5,125,6,4020.0,215,2,4020.6,1,1,4020.8,10,1,4021.0,61,2,4021.2,50,1
11483,2026-07-02 14:05:45+05:30,4020.0,20,4035.73,1590116,164539.0,177706.0,4100.0,4110.0,4012.0,4092.6,25463900,4501.8,3683.4,4440.0,3288.1,4019.9,54,3,4019.8,58,3,4019.7,73,3,4019.6,4,2,4019.5,125,6,4020.0,215,2,4020.6,1,1,4020.8,10,1,4021.0,61,2,4021.2,50,1
11483,2026-07-02 14:05:46+05:30,4020.0,7,4035.73,1590158,164536.0,177731.0,4100.0,4110.0,4012.0,4092.6,25463900,4501.8,3683.4,4440.0,3288.1,4019.9,44,3,4019.8,58,3,4019.7,73,3,4019.6,4,2,4019.5,125,6,4020.0,183,2,4020.6,1,1,4020.8,10,1,4021.0,61,2,4021.2,50,1
11483,2026-07-02 14:05:46+05:30,4019.9,5,4035.73,1590158,164536.0,177731.0,4100.0,4110.0,4012.0,4092.6,25463900,4501.8,3683.4,4440.0,3288.1,4019.9,44,3,4019.8,58,3,4019.7,73,3,4019.6,4,2,4019.5,125,6,4020.0,183,2,4020.6,1,1,4020.8,10,1,4021.0,61,2,4021.2,50,1
11483,2026-07-02 14:05:47+05:30,4020.0,30,4035.73,1590193,164464.0,177695.0,4100.0,4110.0,4012.0,4092.6,25463900,4501.8,3683.4,4440.0,3288.1,4019.9,39,3,4019.8,58,3,4019.7,57,2,4019.6,4,2,4019.5,125,6,4020.0,153,2,4020.6,1,1,4021.0,61,2,4021.2,50,1,4021.3,17,1
11483,2026-07-02 14:05:47+05:30,4019.9,4,4035.73,1590193,164464.0,177695.0,4100.0,4110.0,4012.0,4092.6,25463900,4501.8,3683.4,4440.0,3288.1,4019.9,39,3,4019.8,58,3,4019.7,57,2,4019.6,4,2,4019.5,125,6,4020.0,153,2,4020.6,1,1,4021.0,61,2,4021.2,50,1,4021.3,17,1
11483,2026-07-02 14:05:48+05:30,4019.9,4,4035.73,1590197,163955.0,177788.0,4100.0,4110.0,4012.0,4092.6,25463900,4501.8,3683.4,4440.0,3288.1,4019.9,35,3,4019.8,58,3,4019.7,57,2,4019.6,4,2,4019.5,125,6,4020.0,153,2,4020.6,1,1,4021.0,61,2,4021.2,50,1,4021.3,17,1
11483,2026-07-02 14:05:48+05:30,4020.0,5,4035.73,1590197,163955.0,177788.0,4100.0,4110.0,4012.0,4092.6,25463900,4501.8,3683.4,4440.0,3288.1,4019.9,35,3,4019.8,58,3,4019.7,57,2,4019.6,4,2,4019.5,125,6,4020.0,153,2,4020.6,1,1,4021.0,61,2,4021.2,50,1,4021.3,17,1
11483,2026-07-02 14:05:49+05:30,4020.0,5,4035.73,1590213,164204.0,177809.0,4100.0,4110.0,4012.0,4092.6,25463900,4501.8,3683.4,4440.0,3288.1,4019.9,34,3,4019.8,58,3,4019.7,57,2,4019.6,4,2,4019.5,125,6,4020.0,138,2,4020.6,1,1,4021.0,61,2,4021.2,50,1,4021.3,17,1
11483,2026-07-02 14:05:49+05:30,4019.9,2,4035.73,1590213,164204.0,177809.0,4100.0,4110.0,4012.0,4092.6,25463900,4501.8,3683.4,4440.0,3288.1,4019.9,34,3,4019.8,58,3,4019.7,57,2,4019.6,4,2,4019.5,125,6,4020.0,138,2,4020.6,1,1,4021.0,61,2,4021.2,50,1,4021.3,17,1
11483,2026-07-02 14:05:50+05:30,4019.9,2,4035.73,1590215,164201.0,177812.0,4100.0,4110.0,4012.0,4092.6,25463900,4501.8,3683.4,4440.0,3288.1,4019.9,32,3,4019.8,56,2,4019.7,57,2,4019.6,3,1,4019.5,125,6,4020.0,138,2,4020.6,1,1,4021.0,61,2,4021.2,50,1,4021.3,17,1
11483,2026-07-02 14:05:50+05:30,4020.0,10,4035.73,1590215,164201.0,177812.0,4100.0,4110.0,4012.0,4092.6,25463900,4501.8,3683.4,4440.0,3288.1,4019.9,32,3,4019.8,56,2,4019.7,57,2,4019.6,3,1,4019.5,125,6,4020.0,138,2,4020.6,1,1,4021.0,61,2,4021.2,50,1,4021.3,17,1
11483,2026-07-02 14:05:51+05:30,4020.0,10,4035.73,1590225,164206.0,177800.0,4100.0,4110.0,4012.0,4092.6,25463900,4501.8,3683.4,4440.0,3288.1,4019.9,32,3,4019.8,56,2,4019.7,57,2,4019.6,3,1,4019.5,125,6,4020.0,141,3,4020.6,1,1,4021.0,61,2,4021.2,50,1,4021.3,17,1
11483,2026-07-02 14:05:51+05:30,4019.9,1,4035.73,1590225,164206.0,177800.0,4100.0,4110.0,4012.0,4092.6,25463900,4501.8,3683.4,4440.0,3288.1,4019.9,32,3,4019.8,56,2,4019.7,57,2,4019.6,3,1,4019.5,125,6,4020.0,141,3,4020.6,1,1,4021.0,61,2,4021.2,50,1,4021.3,17,1
11483,2026-07-02 14:05:52+05:30,4020.0,3,4035.73,1590229,164124.0,177806.0,4100.0,4110.0,4012.0,4092.6,25463900,4501.8,3683.4,4440.0,3288.1,4019.9,15,1,4019.8,30,2,4019.7,15,1,4019.5,75,4,4019.3,27,2,4020.0,140,4,4020.6,1,1,4021.0,61,2,4021.2,50,1,4021.3,17,1
11483,2026-07-02 14:05:52+05:30,4019.9,1,4035.73,1590229,164124.0,177806.0,4100.0,4110.0,4012.0,4092.6,25463900,4501.8,3683.4,4440.0,3288.1,4019.9,15,1,4019.8,30,2,4019.7,15,1,4019.5,75,4,4019.3,27,2,4020.0,140,4,4020.6,1,1,4021.0,61,2,4021.2,50,1,4021.3,17,1
11483,2026-07-02 14:05:53+05:30,4019.9,1,4035.73,1590230,163784.0,178103.0,4100.0,4110.0,4012.0,4092.6,25463900,4501.8,3683.4,4440.0,3288.1,4019.8,14,1,4019.7,15,1,4019.5,75,4,4019.1,3,1,4019.0,102,6,4020.0,221,5,4020.1,42,1,4020.2,42,1,4020.3,42,1,4020.5,42,1
11483,2026-07-02 14:05:53+05:30,4020.0,10,4035.73,1590230,163784.0,178103.0,4100.0,4110.0,4012.0,4092.6,25463900,4501.8,3683.4,4440.0,3288.1,4019.8,14,1,4019.7,15,1,4019.5,75,4,4019.1,3,1,4019.0,102,6,4020.0,221,5,4020.1,42,1,4020.2,42,1,4020.3,42,1,4020.5,42,1
11483,2026-07-02 14:05:54+05:30,4020.0,1,4035.73,1590254,163613.0,178085.0,4100.0,4110.0,4012.0,4092.6,25463900,4501.8,3683.4,4440.0,3288.1,4019.8,14,1,4019.7,15,1,4019.5,75,4,4019.1,3,1,4019.0,76,5,4019.9,81,1,4020.0,158,5,4020.1,42,1,4020.2,42,1,4020.4,42,1
11483,2026-07-02 14:05:54+05:30,4019.8,3,4035.73,1590254,163613.0,178085.0,4100.0,4110.0,4012.0,4092.6,25463900,4501.8,3683.4,4440.0,3288.1,4019.8,14,1,4019.7,15,1,4019.5,75,4,4019.1,3,1,4019.0,76,5,4019.9,81,1,4020.0,158,5,4020.1,42,1,4020.2,42,1,4020.4,42,1
11483,2026-07-02 14:05:55+05:30,4019.8,3,4035.73,1590257,163933.0,178124.0,4100.0,4110.0,4012.0,4092.6,25463900,4501.8,3683.4,4440.0,3288.1,4019.7,15,1,4019.5,75,4,4019.1,19,2,4019.0,76,5,4018.9,56,4,4019.9,85,2,4020.0,154,3,4020.1,42,1,4020.2,42,1,4020.4,42,1
11483,2026-07-02 14:05:55+05:30,4019.9,76,4035.73,1590257,163933.0,178124.0,4100.0,4110.0,4012.0,4092.6,25463900,4501.8,3683.4,4440.0,3288.1,4019.7,15,1,4019.5,75,4,4019.1,19,2,4019.0,76,5,4018.9,56,4,4019.9,85,2,4020.0,154,3,4020.1,42,1,4020.2,42,1,4020.4,42,1
11483,2026-07-02 14:05:56+05:30,4019.9,5,4035.73,1590347,164073.0,178073.0,4100.0,4110.0,4012.0,4092.6,25463900,4501.8,3683.4,4440.0,3288.1,4019.7,15,1,4019.5,175,5,4019.1,3,1,4019.0,76,5,4018.9,56,4,4019.9,47,2,4020.0,154,3,4020.1,42,1,4020.3,42,1,4020.6,1,1
11483,2026-07-02 14:05:56+05:30,4019.7,11,4035.73,1590347,164073.0,178073.0,4100.0,4110.0,4012.0,4092.6,25463900,4501.8,3683.4,4440.0,3288.1,4019.7,15,1,4019.5,175,5,4019.1,3,1,4019.0,76,5,4018.9,56,4,4019.9,47,2,4020.0,154,3,4020.1,42,1,4020.3,42,1,4020.6,1,1
11483,2026-07-02 14:05:57+05:30,4019.7,11,4035.73,1590358,164059.0,178088.0,4100.0,4110.0,4012.0,4092.6,25463900,4501.8,3683.4,4440.0,3288.1,4019.7,4,1,4019.5,175,5,4019.1,3,1,4019.0,76,5,4018.9,56,4,4019.9,47,2,4020.0,154,3,4020.1,42,1,4020.3,42,1,4020.6,1,1
11483,2026-07-02 14:05:57+05:30,4019.8,1,4035.73,1590358,164059.0,178088.0,4100.0,4110.0,4012.0,4092.6,25463900,4501.8,3683.4,4440.0,3288.1,4019.7,4,1,4019.5,175,5,4019.1,3,1,4019.0,76,5,4018.9,56,4,4019.9,47,2,4020.0,154,3,4020.1,42,1,4020.3,42,1,4020.6,1,1
11483,2026-07-02 14:05:58+05:30,4019.8,1,4035.73,1590360,164030.0,178067.0,4100.0,4110.0,4012.0,4092.6,25463900,4501.8,3683.4,4440.0,3288.1,4019.7,3,1,4019.5,175,5,4019.1,3,1,4019.0,76,5,4018.9,56,4,4019.9,47,2,4020.0,154,3,4020.1,42,1,4020.3,42,1,4020.6,1,1
11483,2026-07-02 14:05:58+05:30,4019.9,2,4035.73,1590360,164030.0,178067.0,4100.0,4110.0,4012.0,4092.6,25463900,4501.8,3683.4,4440.0,3288.1,4019.7,3,1,4019.5,175,5,4019.1,3,1,4019.0,76,5,4018.9,56,4,4019.9,47,2,4020.0,154,3,4020.1,42,1,4020.3,42,1,4020.6,1,1
11483,2026-07-02 14:05:59+05:30,4019.9,2,4035.73,1590367,164171.0,178046.0,4100.0,4110.0,4012.0,4092.6,25463900,4501.8,3683.4,4440.0,3288.1,4019.8,1,1,4019.7,3,1,4019.5,175,5,4019.1,3,1,4019.0,76,5,4019.9,40,1,4020.0,154,3,4020.1,42,1,4020.3,42,1,4020.6,1,1
11483,2026-07-02 14:05:59+05:30,4019.8,1,4035.73,1590367,164171.0,178046.0,4100.0,4110.0,4012.0,4092.6,25463900,4501.8,3683.4,4440.0,3288.1,4019.8,1,1,4019.7,3,1,4019.5,175,5,4019.1,3,1,4019.0,76,5,4019.9,40,1,4020.0,154,3,4020.1,42,1,4020.3,42,1,4020.6,1,1
11483,2026-07-02 14:06:00+05:30,4019.7,2,4035.73,1590373,164080.0,178201.0,4100.0,4110.0,4012.0,4092.6,25463900,4501.8,3683.4,4440.0,3288.1,4019.7,9,1,4019.5,175,5,4019.1,3,1,4019.0,51,4,4018.9,51,3,4019.8,78,1,4019.9,42,2,4020.0,154,3,4020.1,57,2,4020.3,42,1
11483,2026-07-02 14:06:00+05:30,4019.7,1,4035.73,1590373,164080.0,178201.0,4100.0,4110.0,4012.0,4092.6,25463900,4501.8,3683.4,4440.0,3288.1,4019.7,9,1,4019.5,175,5,4019.1,3,1,4019.0,51,4,4018.9,51,3,4019.8,78,1,4019.9,42,2,4020.0,154,3,4020.1,57,2,4020.3,42,1
11483,2026-07-02 14:06:01+05:30,4019.9,4,4035.73,1590381,164087.0,178166.0,4100.0,4110.0,4012.0,4092.6,25463900,4501.8,3683.4,4440.0,3288.1,4019.7,8,1,4019.5,175,5,4019.1,19,2,4019.0,51,4,4018.9,51,3,4019.8,71,1,4019.9,35,2,4020.0,154,3,4020.1,57,2,4020.3,42,1
11483,2026-07-02 14:06:01+05:30,4019.7,1,4035.73,1590381,164087.0,178166.0,4100.0,4110.0,4012.0,4092.6,25463900,4501.8,3683.4,4440.0,3288.1,4019.7,8,1,4019.5,175,5,4019.1,19,2,4019.0,51,4,4018.9,51,3,4019.8,71,1,4019.9,35,2,4020.0,154,3,4020.1,57,2,4020.3,42,1
11483,2026-07-02 14:06:02+05:30,4019.7,3,4035.73,1590386,164174.0,178202.0,4100.0,4110.0,4012.0,4092.6,25463900,4501.8,3683.4,4440.0,3288.1,4019.7,4,1,4019.5,175,5,4019.1,3,1,4019.0,51,4,4018.9,38,2,4019.8,72,2,4019.9,33,1,4020.0,154,3,4020.1,57,2,4020.3,42,1
11483,2026-07-02 14:06:02+05:30,4019.7,1,4035.73,1590386,164174.0,178202.0,4100.0,4110.0,4012.0,4092.6,25463900,4501.8,3683.4,4440.0,3288.1,4019.7,4,1,4019.5,175,5,4019.1,3,1,4019.0,51,4,4018.9,38,2,4019.8,72,2,4019.9,33,1,4020.0,154,3,4020.1,57,2,4020.3,42,1
11483,2026-07-02 14:06:03+05:30,4019.7,1,4035.73,1590387,164148.0,178204.0,4100.0,4110.0,4012.0,4092.6,25463900,4501.8,3683.4,4440.0,3288.1,4019.7,3,1,4019.5,175,5,4019.1,3,1,4019.0,51,4,4018.9,38,2,4019.8,84,3,4019.9,33,1,4020.0,141,2,4020.1,57,2,4020.3,42,1
11483,2026-07-02 14:06:04+05:30,4019.7,1,4035.73,1590387,164237.0,178154.0,4100.0,4110.0,4012.0,4092.6,25463900,4501.8,3683.4,4440.0,3288.1,4019.7,3,1,4019.5,175,5,4019.1,3,1,4019.0,40,3,4018.9,38,2,4019.8,72,2,4019.9,33,1,4020.0,155,3,4020.1,57,2,4020.3,42,1
11483,2026-07-02 14:06:04+05:30,4019.8,1,4035.73,1590387,164237.0,178154.0,4100.0,4110.0,4012.0,4092.6,25463900,4501.8,3683.4,4440.0,3288.1,4019.7,3,1,4019.5,175,5,4019.1,3,1,4019.0,40,3,4018.9,38,2,4019.8,72,2,4019.9,33,1,4020.0,155,3,4020.1,57,2,4020.3,42,1
11483,2026-07-02 14:06:05+05:30,4019.8,1,4035.73,1590389,164261.0,178091.0,4100.0,4110.0,4012.0,4092.6,25463900,4501.8,3683.4,4440.0,3288.1,4019.7,3,1,4019.5,175,5,4019.1,3,1,4019.0,40,3,4018.8,5,1,4019.8,11,1,4019.9,33,1,4020.0,141,2,4020.1,57,2,4020.3,42,1
11483,2026-07-02 14:06:06+05:30,4019.8,7,4035.73,1590396,164264.0,178165.0,4100.0,4110.0,4012.0,4092.6,25463900,4501.8,3683.4,4440.0,3288.1,4019.7,3,1,4019.5,175,5,4019.1,3,1,4019.0,40,3,4018.8,5,1,4019.8,74,2,4019.9,33,1,4020.0,141,2,4020.1,57,2,4020.3,42,1
11483,2026-07-02 14:06:06+05:30,4019.8,1,4035.73,1590396,164264.0,178165.0,4100.0,4110.0,4012.0,4092.6,25463900,4501.8,3683.4,4440.0,3288.1,4019.7,3,1,4019.5,175,5,4019.1,3,1,4019.0,40,3,4018.8,5,1,4019.8,74,2,4019.9,33,1,4020.0,141,2,4020.1,57,2,4020.3,42,1
11483,2026-07-02 14:06:07+05:30,4019.8,100,4035.73,1590498,164486.0,178039.0,4100.0,4110.0,4012.0,4092.6,25463900,4501.8,3683.4,4440.0,3288.1,4019.7,3,2,4019.5,175,5,4019.1,3,1,4019.0,66,4,4018.9,3,1,4020.0,99,1,4020.1,15,1,4020.9,56,3,4021.0,87,3,4021.1,26,1
11483,2026-07-02 14:06:07+05:30,4019.7,9,4035.73,1590498,164486.0,178039.0,4100.0,4110.0,4012.0,4092.6,25463900,4501.8,3683.4,4440.0,3288.1,4019.7,3,2,4019.5,175,5,4019.1,3,1,4019.0,66,4,4018.9,3,1,4020.0,99,1,4020.1,15,1,4020.9,56,3,4021.0,87,3,4021.1,26,1
11483,2026-07-02 14:06:08+05:30,4019.7,9,4035.73,1590510,164161.0,178133.0,4100.0,4110.0,4012.0,4092.6,25463900,4501.8,3683.4,4440.0,3288.1,4019.8,5,1,4019.7,2,1,4019.5,175,5,4019.1,3,1,4019.0,66,4,4020.0,101,2,4020.1,15,1,4020.9,56,3,4021.0,87,3,4021.1,47,2
11483,2026-07-02 14:06:08+05:30,4019.8,1,4035.73,1590510,164161.0,178133.0,4100.0,4110.0,4012.0,4092.6,25463900,4501.8,3683.4,4440.0,3288.1,4019.8,5,1,4019.7,2,1,4019.5,175,5,4019.1,3,1,4019.0,66,4,4020.0,101,2,4020.1,15,1,4020.9,56,3,4021.0,87,3,4021.1,47,2
11483,2026-07-02 14:06:09+05:30,4020.0,2,4035.73,1590513,163775.0,178143.0,4100.0,4110.0,4012.0,4092.6,25463900,4501.8,3683.4,4440.0,3288.1,4019.8,4,1,4019.7,2,1,4019.5,176,6,4019.1,3,1,4019.0,66,4,4020.0,99,2,4020.1,15,1,4020.9,56,3,4021.0,87,3,4021.1,49,3
11483,2026-07-02 14:06:09+05:30,4019.7,42,4035.73,1590513,163775.0,178143.0,4100.0,4110.0,4012.0,4092.6,25463900,4501.8,3683.4,4440.0,3288.1,4019.8,4,1,4019.7,2,1,4019.5,176,6,4019.1,3,1,4019.0,66,4,4020.0,99,2,4020.1,15,1,4020.9,56,3,4021.0,87,3,4021.1,49,3
11483,2026-07-02 14:06:10+05:30,4019.7,11,4035.73,1590581,164246.0,178152.0,4100.0,4110.0,4012.0,4092.6,25463900,4501.8,3683.4,4440.0,3288.1,4019.7,55,4,4019.5,166,5,4019.1,3,1,4019.0,40,3,4018.8,23,3,4020.0,88,2,4020.1,15,1,4020.9,19,1,4021.0,87,3,4021.1,17,2
11483,2026-07-02 14:06:10+05:30,4019.7,8,4035.73,1590581,164246.0,178152.0,4100.0,4110.0,4012.0,4092.6,25463900,4501.8,3683.4,4440.0,3288.1,4019.7,55,4,4019.5,166,5,4019.1,3,1,4019.0,40,3,4018.8,23,3,4020.0,88,2,4020.1,15,1,4020.9,19,1,4021.0,87,3,4021.1,17,2
11483,2026-07-02 14:06:11+05:30,4019.7,8,4035.73,1590589,163561.0,178360.0,4100.0,4110.0,4012.0,4092.6,25463900,4501.8,3683.4,4440.0,3288.1,4019.8,2,1,4019.7,47,4,4019.5,166,5,4019.1,3,1,4019.0,41,4,4020.0,151,3,4020.1,88,2,4020.7,75,1,4020.9,38,2,4021.0,89,4
11483,2026-07-02 14:06:11+05:30,4019.8,1,4035.73,1590589,163561.0,178360.0,4100.0,4110.0,4012.0,4092.6,25463900,4501.8,3683.4,4440.0,3288.1,4019.8,2,1,4019.7,47,4,4019.5,166,5,4019.1,3,1,4019.0,41,4,4020.0,151,3,4020.1,88,2,4020.7,75,1,4020.9,38,2,4021.0,89,4
11483,2026-07-02 14:06:12+05:30,4019.8,1,4035.73,1590590,163566.0,178372.0,4100.0,4110.0,4012.0,4092.6,25463900,4501.8,3683.4,4440.0,3288.1,4019.8,1,1,4019.7,47,4,4019.5,166,5,4019.1,3,1,4019.0,41,4,4020.0,151,3,4020.1,88,2,4020.7,101,2,4020.9,19,1,4021.0,89,4
11483,2026-07-02 14:06:13+05:30,4019.8,1,4035.73,1590590,163660.0,178329.0,4100.0,4110.0,4012.0,4092.6,25463900,4501.8,3683.4,4440.0,3288.1,4019.8,101,2,4019.7,47,4,4019.5,166,5,4019.1,3,1,4019.0,41,4,4020.0,151,3,4020.1,88,2,4020.7,101,2,4020.9,19,1,4021.0,89,4
11483,2026-07-02 14:06:14+05:30,4019.8,1,4035.73,1590590,163663.0,178317.0,4100.0,4110.0,4012.0,4092.6,25463900,4501.8,3683.4,4440.0,3288.1,4019.8,101,2,4019.7,47,4,4019.5,166,5,4019.1,3,1,4019.0,16,3,4020.0,151,3,4020.1,88,2,4020.7,101,2,4020.9,19,1,4021.0,89,4
11483,2026-07-02 14:06:15+05:30,4020.0,1,4035.73,1590592,163672.0,178316.0,4100.0,4110.0,4012.0,4092.6,25463900,4501.8,3683.4,4440.0,3288.1,4019.8,112,3,4019.7,48,5,4019.5,166,5,4019.1,29,3,4019.0,16,3,4020.0,150,3,4020.1,88,2,4020.7,101,2,4020.9,19,1,4021.0,87,3
11483,2026-07-02 14:06:15+05:30,4020.0,1,4035.73,1590592,163672.0,178316.0,4100.0,4110.0,4012.0,4092.6,25463900,4501.8,3683.4,4440.0,3288.1,4019.8,112,3,4019.7,48,5,4019.5,166,5,4019.1,29,3,4019.0,16,3,4020.0,150,3,4020.1,88,2,4020.7,101,2,4020.9,19,1,4021.0,87,3
11483,2026-07-02 14:06:16+05:30,4019.8,2,4035.73,1590601,163692.0,178315.0,4100.0,4110.0,4012.0,4092.6,25463900,4501.8,3683.4,4440.0,3288.1,4019.8,109,2,4019.7,58,6,4019.5,166,5,4019.4,16,1,4019.2,16,1,4020.0,146,4,4020.1,88,2,4020.7,101,2,4020.9,19,1,4021.0,87,3
11483,2026-07-02 14:06:16+05:30,4019.8,1,4035.73,1590601,163692.0,178315.0,4100.0,4110.0,4012.0,4092.6,25463900,4501.8,3683.4,4440.0,3288.1,4019.8,109,2,4019.7,58,6,4019.5,166,5,4019.4,16,1,4019.2,16,1,4020.0,146,4,4020.1,88,2,4020.7,101,2,4020.9,19,1,4021.0,87,3
11483,2026-07-02 14:06:17+05:30,4019.8,1,4035.73,1590603,163864.0,178302.0,4100.0,4110.0,4012.0,4092.6,25463900,4501.8,3683.4,4440.0,3288.1,4019.9,45,3,4019.8,96,1,4019.7,58,6,4019.5,166,5,4019.1,43,4,4020.0,157,5,4020.1,88,2,4020.7,101,2,4020.9,19,1,4021.0,87,3
11483,2026-07-02 14:06:17+05:30,4019.9,3,4035.73,1590603,163864.0,178302.0,4100.0,4110.0,4012.0,4092.6,25463900,4501.8,3683.4,4440.0,3288.1,4019.9,45,3,4019.8,96,1,4019.7,58,6,4019.5,166,5,4019.1,43,4,4020.0,157,5,4020.1,88,2,4020.7,101,2,4020.9,19,1,4021.0,87,3
11483,2026-07-02 14:06:18+05:30,4019.9,3,4035.73,1590607,163825.0,178302.0,4100.0,4110.0,4012.0,4092.6,25463900,4501.8,3683.4,4440.0,3288.1,4019.9,32,1,4019.8,96,1,4019.7,58,6,4019.5,182,6,4019.2,16,1,4020.0,158,6,4020.1,88,2,4020.7,101,2,4020.9,19,1,4021.0,87,3
11483,2026-07-02 14:06:19+05:30,4019.9,3,4035.73,1590607,163825.0,178294.0,4100.0,4110.0,4012.0,4092.6,25463900,4501.8,3683.4,4440.0,3288.1,4019.9,32,1,4019.8,96,1,4019.7,58,6,4019.5,182,6,4019.2,16,1,4020.0,158,6,4020.1,88,2,4020.7,101,2,4020.9,19,1,4021.0,87,3
11483,2026-07-02 14:06:19+05:30,4020.0,2,4035.73,1590607,163825.0,178294.0,4100.0,4110.0,4012.0,4092.6,25463900,4501.8,3683.4,4440.0,3288.1,4019.9,32,1,4019.8,96,1,4019.7,58,6,4019.5,182,6,4019.2,16,1,4020.0,158,6,4020.1,88,2,4020.7,101,2,4020.9,19,1,4021.0,87,3
11483,2026-07-02 14:06:20+05:30,4020.0,2,4035.73,1590609,164471.0,178284.0,4100.0,4110.0,4012.0,4092.6,25463900,4501.8,3683.4,4440.0,3288.1,4019.9,32,1,4019.8,696,2,4019.7,58,6,4019.5,182,6,4019.2,16,1,4020.0,156,6,4020.1,88,2,4020.7,101,2,4020.9,19,1,4021.0,87,3
11483,2026-07-02 14:06:20+05:30,4019.9,1,4035.73,1590609,164471.0,178284.0,4100.0,4110.0,4012.0,4092.6,25463900,4501.8,3683.4,4440.0,3288.1,4019.9,32,1,4019.8,696,2,4019.7,58,6,4019.5,182,6,4019.2,16,1,4020.0,156,6,4020.1,88,2,4020.7,101,2,4020.9,19,1,4021.0,87,3
11483,2026-07-02 14:06:21+05:30,4019.9,1,4035.73,1590611,164436.0,178247.0,4100.0,4110.0,4012.0,4092.6,25463900,4501.8,3683.4,4440.0,3288.1,4019.9,30,1,4019.8,696,2,4019.7,58,6,4019.5,182,6,4019.2,42,2,4020.0,155,5,4020.1,88,2,4020.7,75,1,4021.0,61,2,4021.2,90,3
11483,2026-07-02 14:06:22+05:30,4019.9,1,4035.73,1590611,164454.0,178302.0,4100.0,4110.0,4012.0,4092.6,25463900,4501.8,3683.4,4440.0,3288.1,4019.9,49,4,4019.8,696,2,4019.7,58,6,4019.5,182,6,4019.2,55,3,4020.0,155,5,4020.1,88,2,4020.7,75,1,4021.0,61,2,4021.2,63,2
11483,2026-07-02 14:06:22+05:30,4020.0,10,4035.73,1590611,164454.0,178302.0,4100.0,4110.0,4012.0,4092.6,25463900,4501.8,3683.4,4440.0,3288.1,4019.9,49,4,4019.8,696,2,4019.7,58,6,4019.5,182,6,4019.2,55,3,4020.0,155,5,4020.1,88,2,4020.7,75,1,4021.0,61,2,4021.2,63,2
11483,2026-07-02 14:06:22+05:30,4020.0,10,4035.73,1590611,164454.0,178302.0,4100.0,4110.0,4012.0,4092.6,25463900,4501.8,3683.4,4440.0,3288.1,4019.9,49,4,4019.8,696,2,4019.7,58,6,4019.5,182,6,4019.2,55,3,4020.0,155,5,4020.1,88,2,4020.7,75,1,4021.0,61,2,4021.2,63,2
11483,2026-07-02 14:06:23+05:30,4020.0,10,4035.73,1590621,164504.0,178342.0,4100.0,4110.0,4012.0,4092.6,25463900,4501.8,3683.4,4440.0,3288.1,4019.9,49,4,4019.8,696,2,4019.7,58,6,4019.5,182,6,4019.2,55,3,4020.0,145,5,4020.1,88,2,4020.7,99,2,4021.0,61,2,4021.2,63,2
11483,2026-07-02 14:06:23+05:30,4020.0,10,4035.73,1590621,164504.0,178342.0,4100.0,4110.0,4012.0,4092.6,25463900,4501.8,3683.4,4440.0,3288.1,4019.9,49,4,4019.8,696,2,4019.7,58,6,4019.5,182,6,4019.2,55,3,4020.0,145,5,4020.1,88,2,4020.7,99,2,4021.0,61,2,4021.2,63,2
11483,2026-07-02 14:06:23+05:30,4019.9,1,4035.73,1590621,164504.0,178342.0,4100.0,4110.0,4012.0,4092.6,25463900,4501.8,3683.4,4440.0,3288.1,4019.9,49,4,4019.8,696,2,4019.7,58,6,4019.5,182,6,4019.2,55,3,4020.0,145,5,4020.1,88,2,4020.7,99,2,4021.0,61,2,4021.2,63,2
11483,2026-07-02 14:06:23+05:30,4019.9,1,4035.73,1590621,164504.0,178342.0,4100.0,4110.0,4012.0,4092.6,25463900,4501.8,3683.4,4440.0,3288.1,4019.9,49,4,4019.8,696,2,4019.7,58,6,4019.5,182,6,4019.2,55,3,4020.0,145,5,4020.1,88,2,4020.7,99,2,4021.0,61,2,4021.2,63,2
11483,2026-07-02 14:06:24+05:30,4019.9,1,4035.73,1590621,164504.0,178342.0,4100.0,4110.0,4012.0,4092.6,25463900,4501.8,3683.4,4440.0,3288.1,4019.9,49,4,4019.8,696,2,4019.7,58,6,4019.5,182,6,4019.2,55,3,4020.0,145,5,4020.1,88,2,4020.7,99,2,4021.0,61,2,4021.2,63,2
11483,2026-07-02 14:06:24+05:30,4020.0,1,4035.73,1590623,164514.0,178345.0,4100.0,4110.0,4012.0,4092.6,25463900,4501.8,3683.4,4440.0,3288.1,4019.9,48,4,4019.8,696,2,4019.7,59,7,4019.5,182,6,4019.2,55,3,4020.0,146,6,4020.1,88,2,4020.7,99,2,4021.0,61,2,4021.2,63,2
11483,2026-07-02 14:06:24+05:30,4020.0,1,4035.73,1590623,164514.0,178345.0,4100.0,4110.0,4012.0,4092.6,25463900,4501.8,3683.4,4440.0,3288.1,4019.9,48,4,4019.8,696,2,4019.7,59,7,4019.5,182,6,4019.2,55,3,4020.0,146,6,4020.1,88,2,4020.7,99,2,4021.0,61,2,4021.2,63,2
11483,2026-07-02 14:06:24+05:30,4020.0,1,4035.73,1590623,164514.0,178345.0,4100.0,4110.0,4012.0,4092.6,25463900,4501.8,3683.4,4440.0,3288.1,4019.9,48,4,4019.8,696,2,4019.7,59,7,4019.5,182,6,4019.2,55,3,4020.0,146,6,4020.1,88,2,4020.7,99,2,4021.0,61,2,4021.2,63,2
11483,2026-07-02 14:06:25+05:30,4020.0,1,4035.73,1590623,164514.0,178345.0,4100.0,4110.0,4012.0,4092.6,25463900,4501.8,3683.4,4440.0,3288.1,4019.9,48,4,4019.8,696,2,4019.7,59,7,4019.5,182,6,4019.2,55,3,4020.0,146,6,4020.1,88,2,4020.7,99,2,4021.0,61,2,4021.2,63,2
11483,2026-07-02 14:06:25+05:30,4020.0,13,4035.73,1590704,164258.0,178588.0,4100.0,4110.0,4012.0,4092.6,25463900,4501.8,3683.4,4440.0,3288.1,4019.9,48,4,4019.8,696,2,4019.7,59,7,4019.5,182,6,4019.2,55,3,4020.0,385,5,4020.1,88,2,4020.7,99,2,4021.0,61,2,4021.1,31,2
11483,2026-07-02 14:06:25+05:30,4019.9,10,4035.73,1590704,164258.0,178588.0,4100.0,4110.0,4012.0,4092.6,25463900,4501.8,3683.4,4440.0,3288.1,4019.9,48,4,4019.8,696,2,4019.7,59,7,4019.5,182,6,4019.2,55,3,4020.0,385,5,4020.1,88,2,4020.7,99,2,4021.0,61,2,4021.1,31,2
11483,2026-07-02 14:06:25+05:30,4019.9,10,4035.73,1590704,164258.0,178588.0,4100.0,4110.0,4012.0,4092.6,25463900,4501.8,3683.4,4440.0,3288.1,4019.9,48,4,4019.8,696,2,4019.7,59,7,4019.5,182,6,4019.2,55,3,4020.0,385,5,4020.1,88,2,4020.7,99,2,4021.0,61,2,4021.1,31,2
11483,2026-07-02 14:06:26+05:30,4019.9,10,4035.73,1590704,164258.0,178588.0,4100.0,4110.0,4012.0,4092.6,25463900,4501.8,3683.4,4440.0,3288.1,4019.9,48,4,4019.8,696,2,4019.7,59,7,4019.5,182,6,4019.2,55,3,4020.0,385,5,4020.1,88,2,4020.7,99,2,4021.0,61,2,4021.1,31,2
11483,2026-07-02 14:06:26+05:30,4020.0,8,4035.73,1590722,165012.0,178606.0,4100.0,4110.0,4012.0,4092.6,25463900,4501.8,3683.4,4440.0,3288.1,4019.9,38,4,4019.8,696,2,4019.7,59,7,4019.5,166,5,4019.2,29,2,4020.0,377,5,4020.1,88,2,4020.7,99,2,4021.0,61,2,4021.1,26,1
11483,2026-07-02 14:06:26+05:30,4020.0,8,4035.73,1590722,165012.0,178606.0,4100.0,4110.0,4012.0,4092.6,25463900,4501.8,3683.4,4440.0,3288.1,4019.9,38,4,4019.8,696,2,4019.7,59,7,4019.5,166,5,4019.2,29,2,4020.0,377,5,4020.1,88,2,4020.7,99,2,4021.0,61,2,4021.1,26,1
11483,2026-07-02 14:06:26+05:30,4019.8,40,4035.73,1590722,165012.0,178606.0,4100.0,4110.0,4012.0,4092.6,25463900,4501.8,3683.4,4440.0,3288.1,4019.9,38,4,4019.8,696,2,4019.7,59,7,4019.5,166,5,4019.2,29,2,4020.0,377,5,4020.1,88,2,4020.7,99,2,4021.0,61,2,4021.1,26,1
11483,2026-07-02 14:06:26+05:30,4019.8,40,4035.73,1590722,165012.0,178606.0,4100.0,4110.0,4012.0,4092.6,25463900,4501.8,3683.4,4440.0,3288.1,4019.9,38,4,4019.8,696,2,4019.7,59,7,4019.5,166,5,4019.2,29,2,4020.0,377,5,4020.1,88,2,4020.7,99,2,4021.0,61,2,4021.1,26,1
11483,2026-07-02 14:06:27+05:30,4019.8,40,4035.73,1590722,165012.0,178606.0,4100.0,4110.0,4012.0,4092.6,25470725,4501.8,3683.4,4440.0,3288.1,4019.9,38,4,4019.8,696,2,4019.7,59,7,4019.5,166,5,4019.2,29,2,4020.0,377,5,4020.1,88,2,4020.7,99,2,4021.0,61,2,4021.1,26,1
11483,2026-07-02 14:06:27+05:30,4019.8,75,4035.73,1590952,164947.0,178614.0,4100.0,4110.0,4012.0,4092.6,25470725,4501.8,3683.4,4440.0,3288.1,4019.8,542,3,4019.7,59,7,4019.5,166,5,4019.4,16,1,4019.2,54,4,4020.0,377,5,4020.1,88,2,4020.7,99,2,4021.0,61,2,4021.1,26,1
11483,2026-07-02 14:06:27+05:30,4019.8,75,4035.73,1590952,164947.0,178614.0,4100.0,4110.0,4012.0,4092.6,25470725,4501.8,3683.4,4440.0,3288.1,4019.8,542,3,4019.7,59,7,4019.5,166,5,4019.4,16,1,4019.2,54,4,4020.0,377,5,4020.1,88,2,4020.7,99,2,4021.0,61,2,4021.1,26,1
11483,2026-07-02 14:06:27+05:30,4020.0,1,4035.73,1590952,164947.0,178614.0,4100.0,4110.0,4012.0,4092.6,25470725,4501.8,3683.4,4440.0,3288.1,4019.8,542,3,4019.7,59,7,4019.5,166,5,4019.4,16,1,4019.2,54,4,4020.0,377,5,4020.1,88,2,4020.7,99,2,4021.0,61,2,4021.1,26,1
11483,2026-07-02 14:06:28+05:30,4020.0,1,4035.73,1590952,164947.0,178614.0,4100.0,4110.0,4012.0,4092.6,25470725,4501.8,3683.4,4440.0,3288.1,4019.8,542,3,4019.7,59,7,4019.5,166,5,4019.4,16,1,4019.2,54,4,4020.0,377,5,4020.1,88,2,4020.7,99,2,4021.0,61,2,4021.1,26,1
11483,2026-07-02 14:06:28+05:30,4019.8,51,4035.73,1591032,164858.0,178621.0,4100.0,4110.0,4012.0,4092.6,25470725,4501.8,3683.4,4440.0,3288.1,4019.8,463,3,4019.7,59,7,4019.5,166,5,4019.3,16,1,4019.2,9,1,4020.0,376,5,4020.1,88,2,4020.7,99,2,4021.0,61,2,4021.1,26,1
11483,2026-07-02 14:06:28+05:30,4019.8,51,4035.73,1591032,164858.0,178621.0,4100.0,4110.0,4012.0,4092.6,25470725,4501.8,3683.4,4440.0,3288.1,4019.8,463,3,4019.7,59,7,4019.5,166,5,4019.3,16,1,4019.2,9,1,4020.0,376,5,4020.1,88,2,4020.7,99,2,4021.0,61,2,4021.1,26,1
11483,2026-07-02 14:06:28+05:30,4019.8,34,4035.73,1591032,164858.0,178621.0,4100.0,4110.0,4012.0,4092.6,25470725,4501.8,3683.4,4440.0,3288.1,4019.8,463,3,4019.7,59,7,4019.5,166,5,4019.3,16,1,4019.2,9,1,4020.0,376,5,4020.1,88,2,4020.7,99,2,4021.0,61,2,4021.1,26,1
11483,2026-07-02 14:06:28+05:30,4019.8,34,4035.73,1591032,164858.0,178621.0,4100.0,4110.0,4012.0,4092.6,25470725,4501.8,3683.4,4440.0,3288.1,4019.8,463,3,4019.7,59,7,4019.5,166,5,4019.3,16,1,4019.2,9,1,4020.0,376,5,4020.1,88,2,4020.7,99,2,4021.0,61,2,4021.1,26,1
11483,2026-07-02 14:06:29+05:30,4020.0,1,4035.72,1591114,164951.0,178587.0,4100.0,4110.0,4012.0,4092.6,25470725,4501.8,3683.4,4440.0,3288.1,4019.8,420,3,4019.7,59,7,4019.5,166,5,4019.3,16,1,4019.2,9,1,4020.0,337,5,4020.1,88,2,4020.7,99,2,4021.0,61,2,4021.1,26,1
11483,2026-07-02 14:06:29+05:30,4019.8,10,4035.72,1591114,164951.0,178587.0,4100.0,4110.0,4012.0,4092.6,25470725,4501.8,3683.4,4440.0,3288.1,4019.8,420,3,4019.7,59,7,4019.5,166,5,4019.3,16,1,4019.2,9,1,4020.0,337,5,4020.1,88,2,4020.7,99,2,4021.0,61,2,4021.1,26,1
11483,2026-07-02 14:06:30+05:30,4019.8,87,4035.72,1591255,164676.0,178690.0,4100.0,4110.0,4012.0,4092.6,25470725,4501.8,3683.4,4440.0,3288.1,4019.8,279,3,4019.7,59,7,4019.5,166,5,4019.2,9,1,4019.1,3,1,4019.9,10,1,4020.0,337,5,4020.1,88,2,4020.7,99,2,4021.0,111,3
11483,2026-07-02 14:06:30+05:30,4019.8,17,4035.72,1591255,164676.0,178690.0,4100.0,4110.0,4012.0,4092.6,25470725,4501.8,3683.4,4440.0,3288.1,4019.8,279,3,4019.7,59,7,4019.5,166,5,4019.2,9,1,4019.1,3,1,4019.9,10,1,4020.0,337,5,4020.1,88,2,4020.7,99,2,4021.0,111,3
11483,2026-07-02 14:06:31+05:30,4019.9,4,4035.72,1591282,164785.0,178684.0,4100.0,4110.0,4012.0,4092.6,25470725,4501.8,3683.4,4440.0,3288.1,4019.8,261,3,4019.7,59,7,4019.5,166,5,4019.2,9,1,4019.1,3,1,4019.9,76,2,4020.0,335,4,4020.1,17,2,4020.2,73,1,4020.7,50,2
11483,2026-07-02 14:06:31+05:30,4019.9,1,4035.72,1591282,164785.0,178684.0,4100.0,4110.0,4012.0,4092.6,25470725,4501.8,3683.4,4440.0,3288.1,4019.8,261,3,4019.7,59,7,4019.5,166,5,4019.2,9,1,4019.1,3,1,4019.9,76,2,4020.0,335,4,4020.1,17,2,4020.2,73,1,4020.7,50,2
11483,2026-07-02 14:06:32+05:30,4019.8,3,4035.72,1591321,164750.0,178687.0,4100.0,4110.0,4012.0,4092.6,25470725,4501.8,3683.4,4440.0,3288.1,4019.8,212,2,4019.7,59,7,4019.5,166,5,4019.2,9,1,4019.1,3,1,4019.9,77,2,4020.0,331,2,4020.1,17,2,4020.2,73,1,4020.7,50,2
11483,2026-07-02 14:06:32+05:30,4019.8,4,4035.72,1591321,164750.0,178687.0,4100.0,4110.0,4012.0,4092.6,25470725,4501.8,3683.4,4440.0,3288.1,4019.8,212,2,4019.7,59,7,4019.5,166,5,4019.2,9,1,4019.1,3,1,4019.9,77,2,4020.0,331,2,4020.1,17,2,4020.2,73,1,4020.7,50,2
11483,2026-07-02 14:06:33+05:30,4019.8,40,4035.72,1591365,164666.0,178715.0,4100.0,4110.0,4012.0,4092.6,25470725,4501.8,3683.4,4440.0,3288.1,4019.8,168,2,4019.7,59,7,4019.5,166,5,4019.1,3,1,4019.0,106,3,4019.9,81,3,4020.0,331,2,4020.1,17,2,4020.2,73,1,4020.7,50,2
11483,2026-07-02 14:06:33+05:30,4019.8,127,4035.72,1591365,164666.0,178715.0,4100.0,4110.0,4012.0,4092.6,25470725,4501.8,3683.4,4440.0,3288.1,4019.8,168,2,4019.7,59,7,4019.5,166,5,4019.1,3,1,4019.0,106,3,4019.9,81,3,4020.0,331,2,4020.1,17,2,4020.2,73,1,4020.7,50,2
11483,2026-07-02 14:06:34+05:30,4019.8,127,4035.72,1591498,164656.0,178756.0,4100.0,4110.0,4012.0,4092.6,25470725,4501.8,3683.4,4440.0,3288.1,4019.8,36,3,4019.7,59,7,4019.5,166,5,4019.1,3,1,4019.0,106,3,4019.9,81,3,4020.0,331,2,4020.1,17,2,4020.2,73,1,4020.6,18,1
11483,2026-07-02 14:06:34+05:30,4019.8,16,4035.72,1591498,164656.0,178756.0,4100.0,4110.0,4012.0,4092.6,25470725,4501.8,3683.4,4440.0,3288.1,4019.8,36,3,4019.7,59,7,4019.5,166,5,4019.1,3,1,4019.0,106,3,4019.9,81,3,4020.0,331,2,4020.1,17,2,4020.2,73,1,4020.6,18,1
11483,2026-07-02 14:06:35+05:30,4019.8,16,4035.72,1591514,164548.0,178790.0,4100.0,4110.0,4012.0,4092.6,25470725,4501.8,3683.4,4440.0,3288.1,4019.8,29,4,4019.7,59,7,4019.5,166,5,4019.1,3,1,4019.0,122,4,4019.9,81,3,4020.0,331,2,4020.1,17,2,4020.2,73,1,4020.7,50,2
11483,2026-07-02 14:06:35+05:30,4019.8,2,4035.72,1591514,164548.0,178790.0,4100.0,4110.0,4012.0,4092.6,25470725,4501.8,3683.4,4440.0,3288.1,4019.8,29,4,4019.7,59,7,4019.5,166,5,4019.1,3,1,4019.0,122,4,4019.9,81,3,4020.0,331,2,4020.1,17,2,4020.2,73,1,4020.7,50,2
11483,2026-07-02 14:06:36+05:30,4019.9,1,4035.72,1591517,164667.0,178776.0,4100.0,4110.0,4012.0,4092.6,25470725,4501.8,3683.4,4440.0,3288.1,4019.8,36,5,4019.7,59,7,4019.6,16,1,4019.5,166,5,4019.4,16,1,4019.9,80,3,4020.0,331,2,4020.1,17,2,4020.2,73,1,4020.7,50,2
11483,2026-07-02 14:06:36+05:30,4019.9,1,4035.72,1591517,164667.0,178776.0,4100.0,4110.0,4012.0,4092.6,25470725,4501.8,3683.4,4440.0,3288.1,4019.8,36,5,4019.7,59,7,4019.6,16,1,4019.5,166,5,4019.4,16,1,4019.9,80,3,4020.0,331,2,4020.1,17,2,4020.2,73,1,4020.7,50,2
11483,2026-07-02 14:06:37+05:30,4019.7,1,4035.72,1591586,164491.0,178801.0,4100.0,4110.0,4012.0,4092.6,25470725,4501.8,3683.4,4440.0,3288.1,4019.8,9,3,4019.7,28,6,4019.6,16,1,4019.5,170,6,4019.4,16,1,4019.9,80,3,4020.0,331,2,4020.1,17,2,4020.2,73,1,4020.7,50,2
11483,2026-07-02 14:06:37+05:30,4019.8,5,4035.72,1591586,164491.0,178801.0,4100.0,4110.0,4012.0,4092.6,25470725,4501.8,3683.4,4440.0,3288.1,4019.8,9,3,4019.7,28,6,4019.6,16,1,4019.5,170,6,4019.4,16,1,4019.9,80,3,4020.0,331,2,4020.1,17,2,4020.2,73,1,4020.7,50,2
11483,2026-07-02 14:06:38+05:30,4019.5,6,4035.72,1591733,164355.0,178817.0,4100.0,4110.0,4012.0,4092.6,25470725,4501.8,3683.4,4440.0,3288.1,4019.5,129,6,4019.3,6,1,4019.2,16,1,4019.1,12,2,4019.0,132,5,4019.9,80,3,4020.0,331,2,4020.1,17,2,4020.2,73,1,4020.7,50,2
11483,2026-07-02 14:06:38+05:30,4019.5,64,4035.72,1591733,164355.0,178817.0,4100.0,4110.0,4012.0,4092.6,25470725,4501.8,3683.4,4440.0,3288.1,4019.5,129,6,4019.3,6,1,4019.2,16,1,4019.1,12,2,4019.0,132,5,4019.9,80,3,4020.0,331,2,4020.1,17,2,4020.2,73,1,4020.7,50,2
11483,2026-07-02 14:06:39+05:30,4019.9,1,4035.72,1591816,164270.0,178831.0,4100.0,4110.0,4012.0,4092.6,25470725,4501.8,3683.4,4440.0,3288.1,4019.5,36,3,4019.4,16,1,4019.3,6,1,4019.2,16,1,4019.1,12,2,4019.9,79,3,4020.0,331,2,4020.1,17,2,4020.2,73,1,4020.7,50,2
11483,2026-07-02 14:06:39+05:30,4019.0,18,4035.72,1591816,164270.0,178831.0,4100.0,4110.0,4012.0,4092.6,25470725,4501.8,3683.4,4440.0,3288.1,4019.5,36,3,4019.4,16,1,4019.3,6,1,4019.2,16,1,4019.1,12,2,4019.9,79,3,4020.0,331,2,4020.1,17,2,4020.2,73,1,4020.7,50,2
11483,2026-07-02 14:06:40+05:30,4019.0,78,4035.72,1591969,163362.0,178175.0,4100.0,4110.0,4012.0,4092.6,25470725,4501.8,3683.4,4440.0,3288.1,4019.0,12,2,4018.7,4,3,4018.6,22,3,4018.5,19,2,4018.4,51,2,4019.9,81,4,4020.0,331,2,4020.1,17,2,4020.2,73,1,4020.4,39,2
11483,2026-07-02 14:06:40+05:30,4019.0,11,4035.72,1591969,163362.0,178175.0,4100.0,4110.0,4012.0,4092.6,25470725,4501.8,3683.4,4440.0,3288.1,4019.0,12,2,4018.7,4,3,4018.6,22,3,4018.5,19,2,4018.4,51,2,4019.9,81,4,4020.0,331,2,4020.1,17,2,4020.2,73,1,4020.4,39,2
11483,2026-07-02 14:06:41+05:30,4019.0,6,4035.72,1591987,163512.0,178209.0,4100.0,4110.0,4012.0,4092.6,25470725,4501.8,3683.4,4440.0,3288.1,4019.0,44,1,4018.9,33,2,4018.8,10,1,4018.7,8,3,4018.6,26,4,4019.9,82,5,4020.0,331,2,4020.1,17,2,4020.2,73,1,4020.4,26,1
11483,2026-07-02 14:06:41+05:30,4019.0,2,4035.72,1591987,163512.0,178209.0,4100.0,4110.0,4012.0,4092.6,25470725,4501.8,3683.4,4440.0,3288.1,4019.0,44,1,4018.9,33,2,4018.8,10,1,4018.7,8,3,4018.6,26,4,4019.9,82,5,4020.0,331,2,4020.1,17,2,4020.2,73,1,4020.4,26,1
11483,2026-07-02 14:06:42+05:30,4019.0,2,4035.72,1591989,163621.0,178176.0,4100.0,4110.0,4012.0,4092.6,25470725,4501.8,3683.4,4440.0,3288.1,4019.0,42,1,4018.9,33,2,4018.8,10,1,4018.7,21,4,4018.6,28,5,4019.9,82,5,4020.0,331,2,4020.1,17,2,4020.2,73,1,4020.4,26,1
11483,2026-07-02 14:06:42+05:30,4019.0,1,4035.72,1591989,163621.0,178176.0,4100.0,4110.0,4012.0,4092.6,25470725,4501.8,3683.4,4440.0,3288.1,4019.0,42,1,4018.9,33,2,4018.8,10,1,4018.7,21,4,4018.6,28,5,4019.9,82,5,4020.0,331,2,4020.1,17,2,4020.2,73,1,4020.4,26,1
11483,2026-07-02 14:06:43+05:30,4019.0,1,4035.72,1591990,163991.0,178061.0,4100.0,4110.0,4012.0,4092.6,25470725,4501.8,3683.4,4440.0,3288.1,4019.0,52,3,4018.9,33,2,4018.8,10,1,4018.7,15,3,4018.6,28,5,4019.9,82,5,4020.0,331,2,4020.1,17,2,4020.2,73,1,4020.4,26,1
11483,2026-07-02 14:06:43+05:30,4019.0,3,4035.72,1591990,163991.0,178061.0,4100.0,4110.0,4012.0,4092.6,25470725,4501.8,3683.4,4440.0,3288.1,4019.0,52,3,4018.9,33,2,4018.8,10,1,4018.7,15,3,4018.6,28,5,4019.9,82,5,4020.0,331,2,4020.1,17,2,4020.2,73,1,4020.4,26,1
11483,2026-07-02 14:06:44+05:30,4019.9,3,4035.72,1591996,164229.0,178131.0,4100.0,4110.0,4012.0,4092.6,25470725,4501.8,3683.4,4440.0,3288.1,4019.7,5,1,4019.0,49,3,4018.9,16,1,4018.7,44,4,4018.6,88,7,4019.9,76,4,4020.0,331,2,4020.1,17,2,4020.2,73,1,4020.7,50,2
11483,2026-07-02 14:06:44+05:30,4018.9,1,4035.72,1591996,164229.0,178131.0,4100.0,4110.0,4012.0,4092.6,25470725,4501.8,3683.4,4440.0,3288.1,4019.7,5,1,4019.0,49,3,4018.9,16,1,4018.7,44,4,4018.6,88,7,4019.9,76,4,4020.0,331,2,4020.1,17,2,4020.2,73,1,4020.7,50,2
11483,2026-07-02 14:06:45+05:30,4019.0,9,4035.71,1592106,164283.0,178340.0,4100.0,4110.0,4012.0,4092.6,25470725,4501.8,3683.4,4440.0,3288.1,4019.1,10,1,4019.0,22,4,4018.9,11,1,4018.8,28,2,4018.7,4,3,4019.9,72,4,4020.0,331,2,4020.1,17,2,4020.2,73,1,4020.7,50,2
11483,2026-07-02 14:06:45+05:30,4019.1,4,4035.71,1592106,164283.0,178340.0,4100.0,4110.0,4012.0,4092.6,25470725,4501.8,3683.4,4440.0,3288.1,4019.1,10,1,4019.0,22,4,4018.9,11,1,4018.8,28,2,4018.7,4,3,4019.9,72,4,4020.0,331,2,4020.1,17,2,4020.2,73,1,4020.7,50,2
11483,2026-07-02 14:06:46+05:30,4019.3,9,4035.71,1592227,163795.0,178148.0,4100.0,4110.0,4012.0,4092.6,25470725,4501.8,3683.4,4440.0,3288.1,4019.0,10,1,4018.9,22,2,4018.8,33,3,4018.7,48,1,4018.6,90,6,4019.9,71,3,4020.0,331,2,4020.1,17,2,4020.2,73,1,4020.7,50,2
11483,2026-07-02 14:06:46+05:30,4019.0,4,4035.71,1592227,163795.0,178148.0,4100.0,4110.0,4012.0,4092.6,25470725,4501.8,3683.4,4440.0,3288.1,4019.0,10,1,4018.9,22,2,4018.8,33,3,4018.7,48,1,4018.6,90,6,4019.9,71,3,4020.0,331,2,4020.1,17,2,4020.2,73,1,4020.7,50,2
11483,2026-07-02 14:06:47+05:30,4019.3,13,4035.71,1592334,164003.0,178154.0,4100.0,4110.0,4012.0,4092.6,25470725,4501.8,3683.4,4440.0,3288.1,4019.1,33,3,4018.8,89,6,4018.7,65,3,4018.6,103,5,4018.5,45,3,4019.9,71,3,4020.0,331,2,4020.1,17,2,4020.2,73,1,4020.7,50,2
11483,2026-07-02 14:06:47+05:30,4019.9,1,4035.71,1592334,164003.0,178154.0,4100.0,4110.0,4012.0,4092.6,25470725,4501.8,3683.4,4440.0,3288.1,4019.1,33,3,4018.8,89,6,4018.7,65,3,4018.6,103,5,4018.5,45,3,4019.9,71,3,4020.0,331,2,4020.1,17,2,4020.2,73,1,4020.7,50,2
11483,2026-07-02 14:06:48+05:30,4018.8,6,4035.71,1592424,163781.0,178221.0,4100.0,4110.0,4012.0,4092.6,25470725,4501.8,3683.4,4440.0,3288.1,4018.8,76,5,4018.7,15,2,4018.6,54,3,4018.5,45,3,4018.4,81,4,4019.9,72,4,4020.0,331,2,4020.1,17,2,4020.2,73,1,4020.7,50,2
11483,2026-07-02 14:06:48+05:30,4018.8,10,4035.71,1592424,163781.0,178221.0,4100.0,4110.0,4012.0,4092.6,25470725,4501.8,3683.4,4440.0,3288.1,4018.8,76,5,4018.7,15,2,4018.6,54,3,4018.5,45,3,4018.4,81,4,4019.9,72,4,4020.0,331,2,4020.1,17,2,4020.2,73,1,4020.7,50,2
11483,2026-07-02 14:06:49+05:30,4018.8,10,4035.71,1592498,163961.0,178246.0,4100.0,4110.0,4012.0,4092.6,25470725,4501.8,3683.4,4440.0,3288.1,4019.1,20,1,4018.8,15,3,4018.7,2,1,4018.6,35,2,4018.5,61,5,4019.9,72,4,4020.0,331,2,4020.1,17,2,4020.2,73,1,4020.7,50,2
11483,2026-07-02 14:06:49+05:30,4019.9,1,4035.71,1592498,163961.0,178246.0,4100.0,4110.0,4012.0,4092.6,25470725,4501.8,3683.4,4440.0,3288.1,4019.1,20,1,4018.8,15,3,4018.7,2,1,4018.6,35,2,4018.5,61,5,4019.9,72,4,4020.0,331,2,4020.1,17,2,4020.2,73,1,4020.7,50,2
11483,2026-07-02 14:06:50+05:30,4019.1,82,4035.71,1592589,163649.0,178245.0,4100.0,4110.0,4012.0,4092.6,25470725,4501.8,3683.4,4440.0,3288.1,4019.1,20,1,4018.8,31,5,4018.6,46,2,4018.5,61,5,4018.4,81,4,4019.9,71,4,4020.0,331,2,4020.1,17,2,4020.2,73,1,4020.7,50,2
11483,2026-07-02 14:06:50+05:30,4018.8,9,4035.71,1592589,163649.0,178245.0,4100.0,4110.0,4012.0,4092.6,25470725,4501.8,3683.4,4440.0,3288.1,4019.1,20,1,4018.8,31,5,4018.6,46,2,4018.5,61,5,4018.4,81,4,4019.9,71,4,4020.0,331,2,4020.1,17,2,4020.2,73,1,4020.7,50,2
11483,2026-07-02 14:06:51+05:30,4018.6,25,4035.71,1592717,163574.0,178289.0,4100.0,4110.0,4012.0,4092.6,25470725,4501.8,3683.4,4440.0,3288.1,4018.6,8,1,4018.5,45,3,4018.4,81,4,4018.3,82,5,4018.2,117,6,4019.9,70,4,4020.0,331,2,4020.1,17,2,4020.2,99,2,4020.6,13,1
11483,2026-07-02 14:06:51+05:30,4019.0,57,4035.71,1592717,163574.0,178289.0,4100.0,4110.0,4012.0,4092.6,25470725,4501.8,3683.4,4440.0,3288.1,4018.6,8,1,4018.5,45,3,4018.4,81,4,4018.3,82,5,4018.2,117,6,4019.9,70,4,4020.0,331,2,4020.1,17,2,4020.2,99,2,4020.6,13,1
11483,2026-07-02 14:06:52+05:30,4018.7,2,4035.71,1592877,163459.0,178231.0,4100.0,4110.0,4012.0,4092.6,25470725,4501.8,3683.4,4440.0,3288.1,4018.7,39,3,4018.6,10,1,4018.5,30,2,4018.4,82,5,4018.3,66,4,4019.9,70,4,4020.0,331,2,4020.1,17,2,4020.2,73,1,4020.7,50,2
11483,2026-07-02 14:06:52+05:30,4018.7,11,4035.71,1592877,163459.0,178231.0,4100.0,4110.0,4012.0,4092.6,25470725,4501.8,3683.4,4440.0,3288.1,4018.7,39,3,4018.6,10,1,4018.5,30,2,4018.4,82,5,4018.3,66,4,4019.9,70,4,4020.0,331,2,4020.1,17,2,4020.2,73,1,4020.7,50,2
11483,2026-07-02 14:06:53+05:30,4019.9,2,4035.71,1592934,163488.0,178218.0,4100.0,4110.0,4012.0,4092.6,25470725,4501.8,3683.4,4440.0,3288.1,4018.6,44,5,4018.5,18,2,4018.4,82,5,4018.3,66,4,4018.2,114,7,4019.9,68,4,4020.0,331,2,4020.1,17,2,4020.2,73,1,4020.7,50,2
11483,2026-07-02 14:06:53+05:30,4018.6,7,4035.71,1592934,163488.0,178218.0,4100.0,4110.0,4012.0,4092.6,25470725,4501.8,3683.4,4440.0,3288.1,4018.6,44,5,4018.5,18,2,4018.4,82,5,4018.3,66,4,4018.2,114,7,4019.9,68,4,4020.0,331,2,4020.1,17,2,4020.2,73,1,4020.7,50,2
11483,2026-07-02 14:06:54+05:30,4019.9,1,4035.7,1593057,163281.0,178222.0,4100.0,4110.0,4012.0,4092.6,25470725,4501.8,3683.4,4440.0,3288.1,4018.5,10,1,4018.4,104,7,4018.3,32,4,4018.2,98,6,4018.1,100,5,4019.9,65,4,4020.0,331,2,4020.1,17,2,4020.2,73,1,4020.7,50,2
11483,2026-07-02 14:06:54+05:30,4018.5,1,4035.7,1593057,163281.0,178222.0,4100.0,4110.0,4012.0,4092.6,25470725,4501.8,3683.4,4440.0,3288.1,4018.5,10,1,4018.4,104,7,4018.3,32,4,4018.2,98,6,4018.1,100,5,4019.9,65,4,4020.0,331,2,4020.1,17,2,4020.2,73,1,4020.7,50,2
11483,2026-07-02 14:06:55+05:30,4018.4,10,4035.7,1593199,163166.0,178080.0,4100.0,4110.0,4012.0,4092.6,25470725,4501.8,3683.4,4440.0,3288.1,4018.6,43,4,4018.5,26,2,4018.4,71,5,4018.3,54,4,4018.2,56,4,4019.9,65,4,4020.0,346,3,4020.1,17,2,4020.2,99,2,4020.6,12,1
11483,2026-07-02 14:06:55+05:30,4018.6,41,4035.7,1593199,163166.0,178080.0,4100.0,4110.0,4012.0,4092.6,25470725,4501.8,3683.4,4440.0,3288.1,4018.6,43,4,4018.5,26,2,4018.4,71,5,4018.3,54,4,4018.2,56,4,4019.9,65,4,4020.0,346,3,4020.1,17,2,4020.2,99,2,4020.6,12,1
11483,2026-07-02 14:06:56+05:30,4018.6,41,4035.7,1593283,163144.0,178354.0,4100.0,4110.0,4012.0,4092.6,25470725,4501.8,3683.4,4440.0,3288.1,4018.6,15,2,4018.3,13,1,4018.2,20,1,4018.1,62,4,4018.0,382,32,4019.9,75,5,4020.0,388,6,4020.1,55,3,4020.2,106,3,4020.4,84,3
11483,2026-07-02 14:06:56+05:30,4018.1,19,4035.7,1593283,163144.0,178354.0,4100.0,4110.0,4012.0,4092.6,25470725,4501.8,3683.4,4440.0,3288.1,4018.6,15,2,4018.3,13,1,4018.2,20,1,4018.1,62,4,4018.0,382,32,4019.9,75,5,4020.0,388,6,4020.1,55,3,4020.2,106,3,4020.4,84,3
11483,2026-07-02 14:06:57+05:30,4018.1,19,4035.7,1593382,163405.0,178573.0,4100.0,4110.0,4012.0,4092.6,25470725,4501.8,3683.4,4440.0,3288.1,4018.9,1,1,4018.2,39,1,4018.1,41,3,4018.0,382,32,4017.8,74,4,4019.8,55,2,4019.9,65,4,4020.0,346,3,4020.1,81,4,4020.2,104,3
11483,2026-07-02 14:06:57+05:30,4018.0,5,4035.7,1593382,163405.0,178573.0,4100.0,4110.0,4012.0,4092.6,25470725,4501.8,3683.4,4440.0,3288.1,4018.9,1,1,4018.2,39,1,4018.1,41,3,4018.0,382,32,4017.8,74,4,4019.8,55,2,4019.9,65,4,4020.0,346,3,4020.1,81,4,4020.2,104,3
11483,2026-07-02 14:06:58+05:30,4018.0,53,4035.7,1593549,162533.0,178610.0,4100.0,4110.0,4012.0,4092.6,25470725,4501.8,3683.4,4440.0,3288.1,4018.0,314,25,4017.8,74,4,4017.7,18,3,4017.6,149,9,4017.5,21,1,4018.9,2,1,4019.7,90,2,4019.8,127,4,4019.9,10,3,4020.0,404,4
11483,2026-07-02 14:06:58+05:30,4018.9,7,4035.7,1593549,162533.0,178610.0,4100.0,4110.0,4012.0,4092.6,25470725,4501.8,3683.4,4440.0,3288.1,4018.0,314,25,4017.8,74,4,4017.7,18,3,4017.6,149,9,4017.5,21,1,4018.9,2,1,4019.7,90,2,4019.8,127,4,4019.9,10,3,4020.0,404,4
11483,2026-07-02 14:06:59+05:30,4018.9,7,4035.7,1593586,162532.0,178717.0,4100.0,4110.0,4012.0,4092.6,25470725,4501.8,3683.4,4440.0,3288.1,4018.0,261,22,4017.8,63,3,4017.7,18,3,4017.6,118,6,4017.5,24,2,4018.9,45,2,4019.0,73,1,4019.1,2,1,4019.7,90,2,4019.8,93,5
11483,2026-07-02 14:06:59+05:30,4018.0,26,4035.7,1593586,162532.0,178717.0,4100.0,4110.0,4012.0,4092.6,25470725,4501.8,3683.4,4440.0,3288.1,4018.0,261,22,4017.8,63,3,4017.7,18,3,4017.6,118,6,4017.5,24,2,4018.9,45,2,4019.0,73,1,4019.1,2,1,4019.7,90,2,4019.8,93,5
11483,2026-07-02 14:07:00+05:30,4018.0,41,4035.7,1593705,162429.0,178720.0,4100.0,4110.0,4012.0,4092.6,25470725,4501.8,3683.4,4440.0,3288.1,4018.0,144,18,4017.8,42,2,4017.7,18,3,4017.6,97,5,4017.5,21,1,4018.9,50,3,4019.0,73,1,4019.1,2,1,4019.7,90,2,4019.8,87,4
11483,2026-07-02 14:07:00+05:30,4018.0,15,4035.7,1593705,162429.0,178720.0,4100.0,4110.0,4012.0,4092.6,25470725,4501.8,3683.4,4440.0,3288.1,4018.0,144,18,4017.8,42,2,4017.7,18,3,4017.6,97,5,4017.5,21,1,4018.9,50,3,4019.0,73,1,4019.1,2,1,4019.7,90,2,4019.8,87,4
11483,2026-07-02 14:07:01+05:30,4018.5,3,4035.7,1593725,162378.0,179382.0,4100.0,4110.0,4012.0,4092.6,25470725,4501.8,3683.4,4440.0,3288.1,4018.0,139,19,4017.8,16,1,4017.7,1,1,4017.6,97,5,4017.4,59,3,4018.5,76,1,4018.6,42,1,4018.7,42,1,4018.8,42,1,4018.9,50,3
11483,2026-07-02 14:07:01+05:30,4018.0,32,4035.7,1593725,162378.0,179382.0,4100.0,4110.0,4012.0,4092.6,25470725,4501.8,3683.4,4440.0,3288.1,4018.0,139,19,4017.8,16,1,4017.7,1,1,4017.6,97,5,4017.4,59,3,4018.5,76,1,4018.6,42,1,4018.7,42,1,4018.8,42,1,4018.9,50,3
11483,2026-07-02 14:07:02+05:30,4018.0,32,4035.7,1593759,162941.0,179272.0,4100.0,4110.0,4012.0,4092.6,25470725,4501.8,3683.4,4440.0,3288.1,4018.0,105,19,4017.8,16,1,4017.7,1,1,4017.6,97,5,4017.4,38,2,4018.4,42,1,4018.5,50,3,4018.6,115,2,4018.7,42,1,4018.8,42,1
11483,2026-07-02 14:07:02+05:30,4018.0,1,4035.7,1593759,162941.0,179272.0,4100.0,4110.0,4012.0,4092.6,25470725,4501.8,3683.4,4440.0,3288.1,4018.0,105,19,4017.8,16,1,4017.7,1,1,4017.6,97,5,4017.4,38,2,4018.4,42,1,4018.5,50,3,4018.6,115,2,4018.7,42,1,4018.8,42,1
11483,2026-07-02 14:07:02+05:30,4018.0,1,4035.7,1593847,162619.0,179470.0,4100.0,4110.0,4012.0,4092.6,25470725,4501.8,3683.4,4440.0,3288.1,4018.0,25,4,4017.8,16,1,4017.7,1,1,4017.6,97,5,4017.2,16,2,4018.2,76,1,4018.3,42,1,4018.4,84,2,4018.5,48,2,4018.6,2,1
11483,2026-07-02 14:07:03+05:30,4018.2,2,4035.7,1593847,162619.0,179470.0,4100.0,4110.0,4012.0,4092.6,25470725,4501.8,3683.4,4440.0,3288.1,4018.0,25,4,4017.8,16,1,4017.7,1,1,4017.6,97,5,4017.2,16,2,4018.2,76,1,4018.3,42,1,4018.4,84,2,4018.5,48,2,4018.6,2,1
11483,2026-07-02 14:07:03+05:30,4018.2,2,4035.7,1593861,162764.0,179424.0,4100.0,4110.0,4012.0,4092.6,25470725,4501.8,3683.4,4440.0,3288.1,4018.0,123,6,4017.8,16,1,4017.7,1,1,4017.6,97,5,4017.2,19,3,4018.2,116,3,4018.3,84,2,4018.4,44,2,4018.6,42,1,4018.9,2,1
11483,2026-07-02 14:07:04+05:30,4018.0,20,4035.7,1593861,162764.0,179424.0,4100.0,4110.0,4012.0,4092.6,25470725,4501.8,3683.4,4440.0,3288.1,4018.0,123,6,4017.8,16,1,4017.7,1,1,4017.6,97,5,4017.2,19,3,4018.2,116,3,4018.3,84,2,4018.4,44,2,4018.6,42,1,4018.9,2,1
11483,2026-07-02 14:07:04+05:30,4018.0,20,4035.7,1593904,162623.0,179489.0,4100.0,4110.0,4012.0,4092.6,25470725,4501.8,3683.4,4440.0,3288.1,4018.0,102,4,4017.8,16,1,4017.7,1,1,4017.6,97,5,4017.3,16,1,4018.1,75,1,4018.2,122,4,4018.3,84,2,4018.4,44,2,4018.6,42,1
11483,2026-07-02 14:07:05+05:30,4018.3,8,4035.7,1593904,162623.0,179489.0,4100.0,4110.0,4012.0,4092.6,25470725,4501.8,3683.4,4440.0,3288.1,4018.0,102,4,4017.8,16,1,4017.7,1,1,4017.6,97,5,4017.3,16,1,4018.1,75,1,4018.2,122,4,4018.3,84,2,4018.4,44,2,4018.6,42,1
11483,2026-07-02 14:07:05+05:30,4018.3,8,4035.69,1594703,163078.0,179008.0,4100.0,4110.0,4012.0,4092.6,25470725,4501.8,3683.4,4440.0,3288.1,4018.0,83,8,4017.9,16,1,4017.8,16,1,4017.7,1,1,4017.6,139,7,4018.1,31,1,4018.2,76,1,4018.3,112,3,4018.4,42,1,4018.6,42,1
11483,2026-07-02 14:07:06+05:30,4018.0,8,4035.69,1594703,163078.0,179008.0,4100.0,4110.0,4012.0,4092.6,25470725,4501.8,3683.4,4440.0,3288.1,4018.0,83,8,4017.9,16,1,4017.8,16,1,4017.7,1,1,4017.6,139,7,4018.1,31,1,4018.2,76,1,4018.3,112,3,4018.4,42,1,4018.6,42,1
11483,2026-07-02 14:07:06+05:30,4018.0,8,4035.69,1594830,162642.0,179489.0,4100.0,4110.0,4012.0,4092.6,25470725,4501.8,3683.4,4440.0,3288.1,4018.1,1,1,4018.0,41,4,4017.9,16,2,4017.8,16,1,4017.7,1,1,4018.2,31,1,4018.3,123,3,4018.4,146,2,4018.5,42,1,4018.7,42,1
11483,2026-07-02 14:07:07+05:30,4018.1,1,4035.69,1594830,162642.0,179489.0,4100.0,4110.0,4012.0,4092.6,25470725,4501.8,3683.4,4440.0,3288.1,4018.1,1,1,4018.0,41,4,4017.9,16,2,4017.8,16,1,4017.7,1,1,4018.2,31,1,4018.3,123,3,4018.4,146,2,4018.5,42,1,4018.7,42,1
11483,2026-07-02 14:07:07+05:30,4018.2,42,4035.68,1595252,162667.0,178760.0,4100.0,4110.0,4012.0,4092.6,25470725,4501.8,3683.4,4440.0,3288.1,4018.1,10,1,4018.0,57,8,4017.9,19,3,4017.8,41,4,4017.7,1,1,4018.2,76,1,4018.3,128,3,4018.4,42,1,4018.6,42,1,4018.9,2,1
11483,2026-07-02 14:07:08+05:30,4018.1,17,4035.68,1595252,162667.0,178760.0,4100.0,4110.0,4012.0,4092.6,25470725,4501.8,3683.4,4440.0,3288.1,4018.1,10,1,4018.0,57,8,4017.9,19,3,4017.8,41,4,4017.7,1,1,4018.2,76,1,4018.3,128,3,4018.4,42,1,4018.6,42,1,4018.9,2,1
11483,2026-07-02 14:07:08+05:30,4018.1,17,4035.67,1595978,162874.0,179150.0,4100.0,4110.0,4012.0,4092.6,25470725,4501.8,3683.4,4440.0,3288.1,4018.0,56,7,4017.9,16,2,4017.8,25,3,4017.7,27,2,4017.6,106,8,4018.3,47,1,4018.4,42,1,4018.6,42,1,4018.8,42,1,4018.9,2,1
11483,2026-07-02 14:07:09+05:30,4018.3,2,4035.67,1595978,162874.0,179150.0,4100.0,4110.0,4012.0,4092.6,25470725,4501.8,3683.4,4440.0,3288.1,4018.0,56,7,4017.9,16,2,4017.8,25,3,4017.7,27,2,4017.6,106,8,4018.3,47,1,4018.4,42,1,4018.6,42,1,4018.8,42,1,4018.9,2,1
11483,2026-07-02 14:07:09+05:30,4018.3,2,4035.67,1596067,162928.0,179240.0,4100.0,4110.0,4012.0,4092.6,25470725,4501.8,3683.4,4440.0,3288.1,4018.0,61,7,4017.9,26,3,4017.8,4,1,4017.7,1,1,4017.6,98,6,4018.2,45,1,4018.3,42,1,4018.4,42,1,4018.5,42,1,4018.7,42,1
11483,2026-07-02 14:07:10+05:30,4018.0,2,4035.67,1596067,162928.0,179240.0,4100.0,4110.0,4012.0,4092.6,25470725,4501.8,3683.4,4440.0,3288.1,4018.0,61,7,4017.9,26,3,4017.8,4,1,4017.7,1,1,4017.6,98,6,4018.2,45,1,4018.3,42,1,4018.4,42,1,4018.5,42,1,4018.7,42,1
11483,2026-07-02 14:07:10+05:30,4018.2,26,4035.67,1596134,162946.0,179188.0,4100.0,4110.0,4012.0,4092.6,25470725,4501.8,3683.4,4440.0,3288.1,4018.2,10,1,4018.1,34,4,4018.0,35,4,4017.9,26,3,4017.8,4,1,4018.3,42,1,4018.4,42,1,4018.5,42,1,4018.7,42,1,4018.9,14,2
11483,2026-07-02 14:07:11+05:30,4018.3,1,4035.67,1596134,162946.0,179188.0,4100.0,4110.0,4012.0,4092.6,25470725,4501.8,3683.4,4440.0,3288.1,4018.2,10,1,4018.1,34,4,4018.0,35,4,4017.9,26,3,4017.8,4,1,4018.3,42,1,4018.4,42,1,4018.5,42,1,4018.7,42,1,4018.9,14,2
11483,2026-07-02 14:07:11+05:30,4018.3,1,4035.67,1596143,163041.0,179203.0,4100.0,4110.0,4012.0,4092.6,25470725,4501.8,3683.4,4440.0,3288.1,4018.2,2,1,4018.1,34,4,4018.0,35,4,4017.9,26,3,4017.8,4,1,4018.3,2,1,4018.4,42,1,4018.5,42,1,4018.6,42,1,4018.8,42,1
11483,2026-07-02 14:07:12+05:30,4018.3,2,4035.67,1596143,163041.0,179203.0,4100.0,4110.0,4012.0,4092.6,25470725,4501.8,3683.4,4440.0,3288.1,4018.2,2,1,4018.1,34,4,4018.0,35,4,4017.9,26,3,4017.8,4,1,4018.3,2,1,4018.4,42,1,4018.5,42,1,4018.6,42,1,4018.8,42,1
11483,2026-07-02 14:07:12+05:30,4018.3,2,4035.67,1596146,163296.0,178221.0,4100.0,4110.0,4012.0,4092.6,25470725,4501.8,3683.4,4440.0,3288.1,4018.2,18,4,4018.1,20,2,4018.0,42,4,4017.9,44,5,4017.8,4,1,4018.9,2,1,4019.7,60,2,4019.8,70,2,4019.9,5,1,4020.0,335,2
11483,2026-07-02 14:07:13+05:30,4018.9,1,4035.67,1596146,163296.0,178221.0,4100.0,4110.0,4012.0,4092.6,25470725,4501.8,3683.4,4440.0,3288.1,4018.2,18,4,4018.1,20,2,4018.0,42,4,4017.9,44,5,4017.8,4,1,4018.9,2,1,4019.7,60,2,4019.8,70,2,4019.9,5,1,4020.0,335,2
11483,2026-07-02 14:07:13+05:30,4018.9,1,4035.67,1596147,163937.0,178467.0,4100.0,4110.0,4012.0,4092.6,25470725,4501.8,3683.4,4440.0,3288.1,4018.6,81,1,4018.5,57,2,4018.4,62,2,4018.3,87,5,4018.2,35,5,4018.9,1,1,4019.7,71,2,4019.8,70,2,4019.9,7,2,4020.0,335,2
11483,2026-07-02 14:07:14+05:30,4018.9,1,4035.67,1596147,163937.0,178467.0,4100.0,4110.0,4012.0,4092.6,25470725,4501.8,3683.4,4440.0,3288.1,4018.6,81,1,4018.5,57,2,4018.4,62,2,4018.3,87,5,4018.2,35,5,4018.9,1,1,4019.7,71,2,4019.8,70,2,4019.9,7,2,4020.0,335,2
11483,2026-07-02 14:07:14+05:30,4018.9,1,4035.67,1596148,163902.0,178437.0,4100.0,4110.0,4012.0,4092.6,25470725,4501.8,3683.4,4440.0,3288.1,4018.7,35,4,4018.6,10,1,4018.5,46,2,4018.4,62,2,4018.3,74,4,4018.9,2,1,4019.2,13,1,4019.7,71,2,4020.0,337,3,4020.1,41,2
11483,2026-07-02 14:07:15+05:30,4018.9,6,4035.67,1596148,163902.0,178437.0,4100.0,4110.0,4012.0,4092.6,25470725,4501.8,3683.4,4440.0,3288.1,4018.7,35,4,4018.6,10,1,4018.5,46,2,4018.4,62,2,4018.3,74,4,4018.9,2,1,4019.2,13,1,4019.7,71,2,4020.0,337,3,4020.1,41,2
11483,2026-07-02 14:07:15+05:30,4019.2,3,4035.67,1596267,163833.0,178402.0,4100.0,4110.0,4012.0,4092.6,25470725,4501.8,3683.4,4440.0,3288.1,4018.9,107,4,4018.8,15,2,4018.7,21,2,4018.6,62,2,4018.5,61,3,4019.2,10,1,4019.7,34,1,4020.0,337,3,4020.1,41,2,4020.4,63,3
11483,2026-07-02 14:07:16+05:30,4018.9,1,4035.67,1596267,163833.0,178402.0,4100.0,4110.0,4012.0,4092.6,25470725,4501.8,3683.4,4440.0,3288.1,4018.9,107,4,4018.8,15,2,4018.7,21,2,4018.6,62,2,4018.5,61,3,4019.2,10,1,4019.7,34,1,4020.0,337,3,4020.1,41,2,4020.4,63,3
11483,2026-07-02 14:07:16+05:30,4018.9,1,4035.67,1596283,164270.0,178398.0,4100.0,4110.0,4012.0,4092.6,25470725,4501.8,3683.4,4440.0,3288.1,4018.9,122,4,4018.8,42,1,4018.7,26,3,4018.6,42,1,4018.5,39,3,4019.7,34,1,4019.8,13,1,4020.0,337,3,4020.1,41,2,4020.4,63,3
11483,2026-07-02 14:07:17+05:30,4019.3,1,4035.67,1596283,164270.0,178398.0,4100.0,4110.0,4012.0,4092.6,25470725,4501.8,3683.4,4440.0,3288.1,4018.9,122,4,4018.8,42,1,4018.7,26,3,4018.6,42,1,4018.5,39,3,4019.7,34,1,4019.8,13,1,4020.0,337,3,4020.1,41,2,4020.4,63,3
11483,2026-07-02 14:07:17+05:30,4019.3,1,4035.67,1596287,164766.0,177654.0,4100.0,4110.0,4012.0,4092.6,25470725,4501.8,3683.4,4440.0,3288.1,4019.3,62,5,4019.2,42,1,4019.1,42,1,4018.9,111,3,4018.8,35,2,4019.7,34,1,4019.8,13,1,4020.0,435,3,4020.1,15,1,4020.7,25,2
11483,2026-07-02 14:07:18+05:30,4019.7,4,4035.67,1596287,164766.0,177654.0,4100.0,4110.0,4012.0,4092.6,25470725,4501.8,3683.4,4440.0,3288.1,4019.3,62,5,4019.2,42,1,4019.1,42,1,4018.9,111,3,4018.8,35,2,4019.7,34,1,4019.8,13,1,4020.0,435,3,4020.1,15,1,4020.7,25,2
11483,2026-07-02 14:07:18+05:30,4019.3,1,4035.67,1596292,164713.0,177793.0,4100.0,4110.0,4012.0,4092.6,25470725,4501.8,3683.4,4440.0,3288.1,4019.3,61,5,4019.2,42,1,4019.1,42,1,4018.9,111,3,4018.8,15,1,4019.7,30,1,4019.8,13,1,4020.0,435,3,4020.1,15,1,4020.7,25,2
11483,2026-07-02 14:07:19+05:30,4019.7,1,4035.67,1596292,164713.0,177793.0,4100.0,4110.0,4012.0,4092.6,25470725,4501.8,3683.4,4440.0,3288.1,4019.3,61,5,4019.2,42,1,4019.1,42,1,4018.9,111,3,4018.8,15,1,4019.7,30,1,4019.8,13,1,4020.0,435,3,4020.1,15,1,4020.7,25,2
11483,2026-07-02 14:07:20+05:30,4019.4,1,4035.67,1596314,164736.0,177652.0,4100.0,4110.0,4012.0,4092.6,25470725,4501.8,3683.4,4440.0,3288.1,4019.4,39,1,4019.3,103,6,4019.1,42,1,4018.9,69,2,4018.8,15,1,4019.7,11,1,4019.8,13,1,4020.0,435,3,4020.1,15,1,4020.7,25,2
11483,2026-07-02 14:07:20+05:30,4019.4,1,4035.67,1596314,164736.0,177652.0,4100.0,4110.0,4012.0,4092.6,25470725,4501.8,3683.4,4440.0,3288.1,4019.4,39,1,4019.3,103,6,4019.1,42,1,4018.9,69,2,4018.8,15,1,4019.7,11,1,4019.8,13,1,4020.0,435,3,4020.1,15,1,4020.7,25,2
11483,2026-07-02 14:07:21+05:30,4019.7,2,4035.67,1596331,164739.0,177703.0,4100.0,4110.0,4012.0,4092.6,25470725,4501.8,3683.4,4440.0,3288.1,4019.4,35,1,4019.3,92,5,4019.1,57,2,4018.9,69,2,4018.8,35,2,4019.7,34,1,4019.8,13,1,4020.0,435,3,4020.1,15,1,4020.7,25,2
11483,2026-07-02 14:07:21+05:30,4019.4,1,4035.67,1596331,164739.0,177703.0,4100.0,4110.0,4012.0,4092.6,25470725,4501.8,3683.4,4440.0,3288.1,4019.4,35,1,4019.3,92,5,4019.1,57,2,4018.9,69,2,4018.8,35,2,4019.7,34,1,4019.8,13,1,4020.0,435,3,4020.1,15,1,4020.7,25,2
11483,2026-07-02 14:07:22+05:30,4019.7,1,4035.67,1596359,164714.0,177690.0,4100.0,4110.0,4012.0,4092.6,25470725,4501.8,3683.4,4440.0,3288.1,4019.4,26,1,4019.3,91,4,4019.1,57,2,4018.9,69,2,4018.8,15,1,4019.7,15,1,4019.8,13,1,4020.0,435,3,4020.1,15,1,4020.7,45,3
11483,2026-07-02 14:07:22+05:30,4019.4,1,4035.67,1596359,164714.0,177690.0,4100.0,4110.0,4012.0,4092.6,25470725,4501.8,3683.4,4440.0,3288.1,4019.4,26,1,4019.3,91,4,4019.1,57,2,4018.9,69,2,4018.8,15,1,4019.7,15,1,4019.8,13,1,4020.0,435,3,4020.1,15,1,4020.7,45,3
11483,2026-07-02 14:07:23+05:30,4019.4,1,4035.67,1596359,164714.0,177690.0,4100.0,4110.0,4012.0,4092.6,25470725,4501.8,3683.4,4440.0,3288.1,4019.4,26,1,4019.3,91,4,4019.1,57,2,4018.9,69,2,4018.8,15,1,4019.7,15,1,4019.8,13,1,4020.0,435,3,4020.1,15,1,4020.7,45,3
11483,2026-07-02 14:07:23+05:30,4019.7,5,4035.67,1596397,164705.0,177486.0,4100.0,4110.0,4012.0,4092.6,25470725,4501.8,3683.4,4440.0,3288.1,4019.4,21,1,4019.3,96,5,4019.1,42,1,4018.9,69,2,4018.7,5,1,4019.7,20,1,4019.8,13,1,4020.0,435,3,4020.1,15,1,4020.7,25,2
11483,2026-07-02 14:07:23+05:30,4019.7,5,4035.67,1596397,164705.0,177486.0,4100.0,4110.0,4012.0,4092.6,25470725,4501.8,3683.4,4440.0,3288.1,4019.4,21,1,4019.3,96,5,4019.1,42,1,4018.9,69,2,4018.7,5,1,4019.7,20,1,4019.8,13,1,4020.0,435,3,4020.1,15,1,4020.7,25,2
11483,2026-07-02 14:07:23+05:30,4020.0,155,4035.67,1596397,164705.0,177486.0,4100.0,4110.0,4012.0,4092.6,25470725,4501.8,3683.4,4440.0,3288.1,4019.4,21,1,4019.3,96,5,4019.1,42,1,4018.9,69,2,4018.7,5,1,4019.7,20,1,4019.8,13,1,4020.0,435,3,4020.1,15,1,4020.7,25,2
11483,2026-07-02 14:07:24+05:30,4020.0,155,4035.67,1596397,164705.0,177486.0,4100.0,4110.0,4012.0,4092.6,25470725,4501.8,3683.4,4440.0,3288.1,4019.4,21,1,4019.3,96,5,4019.1,42,1,4018.9,69,2,4018.7,5,1,4019.7,20,1,4019.8,13,1,4020.0,435,3,4020.1,15,1,4020.7,25,2
11483,2026-07-02 14:07:24+05:30,4019.6,1,4035.66,1596725,164983.0,177286.0,4100.0,4110.0,4012.0,4092.6,25470725,4501.8,3683.4,4440.0,3288.1,4019.6,74,5,4019.5,22,3,4019.4,58,2,4019.3,60,4,4019.2,4,1,4020.0,268,3,4020.1,15,1,4020.7,25,2,4020.9,28,2,4021.0,111,3
11483,2026-07-02 14:07:24+05:30,4019.6,1,4035.66,1596725,164983.0,177286.0,4100.0,4110.0,4012.0,4092.6,25470725,4501.8,3683.4,4440.0,3288.1,4019.6,74,5,4019.5,22,3,4019.4,58,2,4019.3,60,4,4019.2,4,1,4020.0,268,3,4020.1,15,1,4020.7,25,2,4020.9,28,2,4021.0,111,3
11483,2026-07-02 14:07:24+05:30,4019.6,8,4035.66,1596725,164983.0,177286.0,4100.0,4110.0,4012.0,4092.6,25470725,4501.8,3683.4,4440.0,3288.1,4019.6,74,5,4019.5,22,3,4019.4,58,2,4019.3,60,4,4019.2,4,1,4020.0,268,3,4020.1,15,1,4020.7,25,2,4020.9,28,2,4021.0,111,3
11483,2026-07-02 14:07:25+05:30,4019.6,8,4035.66,1596725,164983.0,177286.0,4100.0,4110.0,4012.0,4092.6,25470725,4501.8,3683.4,4440.0,3288.1,4019.6,74,5,4019.5,22,3,4019.4,58,2,4019.3,60,4,4019.2,4,1,4020.0,268,3,4020.1,15,1,4020.7,25,2,4020.9,28,2,4021.0,111,3
11483,2026-07-02 14:07:25+05:30,4020.0,1,4035.66,1596777,165015.0,177278.0,4100.0,4110.0,4012.0,4092.6,25470725,4501.8,3683.4,4440.0,3288.1,4019.7,49,5,4019.6,46,2,4019.5,40,4,4019.4,58,2,4019.3,45,3,4020.0,257,3,4020.1,15,1,4020.7,25,2,4020.9,28,2,4021.0,111,3
11483,2026-07-02 14:07:25+05:30,4020.0,1,4035.66,1596777,165015.0,177278.0,4100.0,4110.0,4012.0,4092.6,25470725,4501.8,3683.4,4440.0,3288.1,4019.7,49,5,4019.6,46,2,4019.5,40,4,4019.4,58,2,4019.3,45,3,4020.0,257,3,4020.1,15,1,4020.7,25,2,4020.9,28,2,4021.0,111,3
11483,2026-07-02 14:07:25+05:30,4020.0,1,4035.66,1596777,165015.0,177278.0,4100.0,4110.0,4012.0,4092.6,25470725,4501.8,3683.4,4440.0,3288.1,4019.7,49,5,4019.6,46,2,4019.5,40,4,4019.4,58,2,4019.3,45,3,4020.0,257,3,4020.1,15,1,4020.7,25,2,4020.9,28,2,4021.0,111,3
11483,2026-07-02 14:07:26+05:30,4020.0,1,4035.66,1596777,165015.0,177278.0,4100.0,4110.0,4012.0,4092.6,25470725,4501.8,3683.4,4440.0,3288.1,4019.7,49,5,4019.6,46,2,4019.5,40,4,4019.4,58,2,4019.3,45,3,4020.0,257,3,4020.1,15,1,4020.7,25,2,4020.9,28,2,4021.0,111,3
11483,2026-07-02 14:07:26+05:30,4020.0,2,4035.66,1596809,165022.0,177259.0,4100.0,4110.0,4012.0,4092.6,25470725,4501.8,3683.4,4440.0,3288.1,4019.7,47,5,4019.6,46,2,4019.5,22,3,4019.4,58,2,4019.3,45,3,4020.0,235,3,4020.1,15,1,4020.7,25,2,4020.9,28,2,4021.0,111,3
11483,2026-07-02 14:07:26+05:30,4020.0,2,4035.66,1596809,165022.0,177259.0,4100.0,4110.0,4012.0,4092.6,25470725,4501.8,3683.4,4440.0,3288.1,4019.7,47,5,4019.6,46,2,4019.5,22,3,4019.4,58,2,4019.3,45,3,4020.0,235,3,4020.1,15,1,4020.7,25,2,4020.9,28,2,4021.0,111,3
11483,2026-07-02 14:07:26+05:30,4020.0,1,4035.66,1596809,165022.0,177259.0,4100.0,4110.0,4012.0,4092.6,25470725,4501.8,3683.4,4440.0,3288.1,4019.7,47,5,4019.6,46,2,4019.5,22,3,4019.4,58,2,4019.3,45,3,4020.0,235,3,4020.1,15,1,4020.7,25,2,4020.9,28,2,4021.0,111,3
11483,2026-07-02 14:07:26+05:30,4020.0,1,4035.66,1596809,165022.0,177259.0,4100.0,4110.0,4012.0,4092.6,25470725,4501.8,3683.4,4440.0,3288.1,4019.7,47,5,4019.6,46,2,4019.5,22,3,4019.4,58,2,4019.3,45,3,4020.0,235,3,4020.1,15,1,4020.7,25,2,4020.9,28,2,4021.0,111,3
11483,2026-07-02 14:07:27+05:30,4020.0,1,4035.66,1596809,165022.0,177259.0,4100.0,4110.0,4012.0,4092.6,25487875,4501.8,3683.4,4440.0,3288.1,4019.7,47,5,4019.6,46,2,4019.5,22,3,4019.4,58,2,4019.3,45,3,4020.0,235,3,4020.1,15,1,4020.7,25,2,4020.9,28,2,4021.0,111,3
11483,2026-07-02 14:07:27+05:30,4020.0,10,4035.66,1596837,164874.0,177223.0,4100.0,4110.0,4012.0,4092.6,25487875,4501.8,3683.4,4440.0,3288.1,4019.8,40,5,4019.7,35,4,4019.6,13,1,4019.5,27,4,4019.4,15,1,4020.0,212,3,4020.1,15,1,4020.7,25,2,4020.9,26,1,4021.0,111,3
11483,2026-07-02 14:07:27+05:30,4020.0,10,4035.66,1596837,164874.0,177223.0,4100.0,4110.0,4012.0,4092.6,25487875,4501.8,3683.4,4440.0,3288.1,4019.8,40,5,4019.7,35,4,4019.6,13,1,4019.5,27,4,4019.4,15,1,4020.0,212,3,4020.1,15,1,4020.7,25,2,4020.9,26,1,4021.0,111,3
11483,2026-07-02 14:07:27+05:30,4019.8,1,4035.66,1596837,164874.0,177223.0,4100.0,4110.0,4012.0,4092.6,25487875,4501.8,3683.4,4440.0,3288.1,4019.8,40,5,4019.7,35,4,4019.6,13,1,4019.5,27,4,4019.4,15,1,4020.0,212,3,4020.1,15,1,4020.7,25,2,4020.9,26,1,4021.0,111,3
11483,2026-07-02 14:07:27+05:30,4019.8,1,4035.66,1596837,164874.0,177223.0,4100.0,4110.0,4012.0,4092.6,25487875,4501.8,3683.4,4440.0,3288.1,4019.8,40,5,4019.7,35,4,4019.6,13,1,4019.5,27,4,4019.4,15,1,4020.0,212,3,4020.1,15,1,4020.7,25,2,4020.9,26,1,4021.0,111,3
11483,2026-07-02 14:07:28+05:30,4019.8,1,4035.66,1596837,164874.0,177223.0,4100.0,4110.0,4012.0,4092.6,25487875,4501.8,3683.4,4440.0,3288.1,4019.8,40,5,4019.7,35,4,4019.6,13,1,4019.5,27,4,4019.4,15,1,4020.0,212,3,4020.1,15,1,4020.7,25,2,4020.9,26,1,4021.0,111,3
11483,2026-07-02 14:07:28+05:30,4019.8,1,4035.66,1597119,164901.0,177226.0,4100.0,4110.0,4012.0,4092.6,25487875,4501.8,3683.4,4440.0,3288.1,4019.8,34,5,4019.7,27,3,4019.6,13,1,4019.5,27,4,4019.4,15,1,4020.0,272,2,4020.1,15,1,4020.7,25,2,4021.0,111,3,4021.1,62,1
11483,2026-07-02 14:07:28+05:30,4019.8,1,4035.66,1597119,164901.0,177226.0,4100.0,4110.0,4012.0,4092.6,25487875,4501.8,3683.4,4440.0,3288.1,4019.8,34,5,4019.7,27,3,4019.6,13,1,4019.5,27,4,4019.4,15,1,4020.0,272,2,4020.1,15,1,4020.7,25,2,4021.0,111,3,4021.1,62,1
11483,2026-07-02 14:07:28+05:30,4020.0,7,4035.66,1597119,164901.0,177226.0,4100.0,4110.0,4012.0,4092.6,25487875,4501.8,3683.4,4440.0,3288.1,4019.8,34,5,4019.7,27,3,4019.6,13,1,4019.5,27,4,4019.4,15,1,4020.0,272,2,4020.1,15,1,4020.7,25,2,4021.0,111,3,4021.1,62,1
11483,2026-07-02 14:07:28+05:30,4020.0,7,4035.66,1597119,164901.0,177226.0,4100.0,4110.0,4012.0,4092.6,25487875,4501.8,3683.4,4440.0,3288.1,4019.8,34,5,4019.7,27,3,4019.6,13,1,4019.5,27,4,4019.4,15,1,4020.0,272,2,4020.1,15,1,4020.7,25,2,4021.0,111,3,4021.1,62,1
11483,2026-07-02 14:07:29+05:30,4020.0,7,4035.66,1597119,164901.0,177226.0,4100.0,4110.0,4012.0,4092.6,25487875,4501.8,3683.4,4440.0,3288.1,4019.8,34,5,4019.7,27,3,4019.6,13,1,4019.5,27,4,4019.4,15,1,4020.0,272,2,4020.1,15,1,4020.7,25,2,4021.0,111,3,4021.1,62,1
11483,2026-07-02 14:07:29+05:30,4020.0,5,4035.66,1597399,164906.0,176871.0,4100.0,4110.0,4012.0,4092.6,25487875,4501.8,3683.4,4440.0,3288.1,4019.7,57,5,4019.6,13,1,4019.5,22,3,4019.3,8,2,4019.1,24,2,4019.8,1,1,4020.0,27,2,4020.1,15,1,4020.7,24,1,4021.0,137,4
11483,2026-07-02 14:07:29+05:30,4019.7,6,4035.66,1597399,164906.0,176871.0,4100.0,4110.0,4012.0,4092.6,25487875,4501.8,3683.4,4440.0,3288.1,4019.7,57,5,4019.6,13,1,4019.5,22,3,4019.3,8,2,4019.1,24,2,4019.8,1,1,4020.0,27,2,4020.1,15,1,4020.7,24,1,4021.0,137,4
11483,2026-07-02 14:07:30+05:30,4019.7,1,4035.66,1597442,165096.0,176795.0,4100.0,4110.0,4012.0,4092.6,25487875,4501.8,3683.4,4440.0,3288.1,4019.7,43,4,4019.6,13,1,4019.5,22,3,4019.4,15,1,4019.3,34,3,4020.0,8,1,4020.1,15,1,4020.7,24,1,4021.0,111,3,4021.1,18,1
11483,2026-07-02 14:07:30+05:30,4019.7,1,4035.66,1597442,165096.0,176795.0,4100.0,4110.0,4012.0,4092.6,25487875,4501.8,3683.4,4440.0,3288.1,4019.7,43,4,4019.6,13,1,4019.5,22,3,4019.4,15,1,4019.3,34,3,4020.0,8,1,4020.1,15,1,4020.7,24,1,4021.0,111,3,4021.1,18,1
11483,2026-07-02 14:07:31+05:30,4020.1,1,4035.66,1597464,165098.0,176768.0,4100.0,4110.0,4012.0,4092.6,25487875,4501.8,3683.4,4440.0,3288.1,4019.7,45,4,4019.6,13,1,4019.5,22,3,4019.4,15,1,4019.3,34,3,4020.1,14,1,4020.7,24,1,4021.0,137,4,4021.1,18,1,4021.3,26,1
11483,2026-07-02 14:07:31+05:30,4019.7,1,4035.66,1597464,165098.0,176768.0,4100.0,4110.0,4012.0,4092.6,25487875,4501.8,3683.4,4440.0,3288.1,4019.7,45,4,4019.6,13,1,4019.5,22,3,4019.4,15,1,4019.3,34,3,4020.1,14,1,4020.7,24,1,4021.0,137,4,4021.1,18,1,4021.3,26,1
11483,2026-07-02 14:07:32+05:30,4019.7,2,4035.66,1597478,165093.0,176736.0,4100.0,4110.0,4012.0,4092.6,25487875,4501.8,3683.4,4440.0,3288.1,4019.7,40,4,4019.6,13,1,4019.5,22,3,4019.4,15,1,4019.3,34,3,4020.1,5,1,4020.7,24,1,4021.0,111,3,4021.1,18,1,4021.3,26,1
11483,2026-07-02 14:07:32+05:30,4019.7,1,4035.66,1597478,165093.0,176736.0,4100.0,4110.0,4012.0,4092.6,25487875,4501.8,3683.4,4440.0,3288.1,4019.7,40,4,4019.6,13,1,4019.5,22,3,4019.4,15,1,4019.3,34,3,4020.1,5,1,4020.7,24,1,4021.0,111,3,4021.1,18,1,4021.3,26,1
11483,2026-07-02 14:07:33+05:30,4019.7,1,4035.66,1597499,165728.0,176362.0,4100.0,4110.0,4012.0,4092.6,25487875,4501.8,3683.4,4440.0,3288.1,4019.7,46,5,4019.6,39,2,4019.5,22,3,4019.4,37,3,4019.3,34,3,4020.7,23,1,4021.0,111,3,4021.5,27,1,4021.6,62,2,4021.7,35,1
11483,2026-07-02 14:07:33+05:30,4020.7,1,4035.66,1597499,165728.0,176362.0,4100.0,4110.0,4012.0,4092.6,25487875,4501.8,3683.4,4440.0,3288.1,4019.7,46,5,4019.6,39,2,4019.5,22,3,4019.4,37,3,4019.3,34,3,4020.7,23,1,4021.0,111,3,4021.5,27,1,4021.6,62,2,4021.7,35,1
11483,2026-07-02 14:07:34+05:30,4020.0,1,4035.66,1597504,165959.0,175590.0,4100.0,4110.0,4012.0,4092.6,25487875,4501.8,3683.4,4440.0,3288.1,4020.0,55,5,4019.8,52,5,4019.7,25,3,4019.6,39,2,4019.5,35,4,4020.7,22,1,4021.0,111,3,4021.5,19,1,4021.6,62,2,4021.8,58,4
11483,2026-07-02 14:07:34+05:30,4020.0,1,4035.66,1597504,165959.0,175590.0,4100.0,4110.0,4012.0,4092.6,25487875,4501.8,3683.4,4440.0,3288.1,4020.0,55,5,4019.8,52,5,4019.7,25,3,4019.6,39,2,4019.5,35,4,4020.7,22,1,4021.0,111,3,4021.5,19,1,4021.6,62,2,4021.8,58,4
11483,2026-07-02 14:07:35+05:30,4020.7,1,4035.66,1597524,165777.0,175473.0,4100.0,4110.0,4012.0,4092.6,25487875,4501.8,3683.4,4440.0,3288.1,4020.0,53,5,4019.8,36,4,4019.7,25,3,4019.6,39,2,4019.5,54,5,4020.7,4,1,4020.8,12,1,4021.0,111,3,4021.5,19,1,4021.6,62,2
11483,2026-07-02 14:07:35+05:30,4020.0,1,4035.66,1597524,165777.0,175473.0,4100.0,4110.0,4012.0,4092.6,25487875,4501.8,3683.4,4440.0,3288.1,4020.0,53,5,4019.8,36,4,4019.7,25,3,4019.6,39,2,4019.5,54,5,4020.7,4,1,4020.8,12,1,4021.0,111,3,4021.5,19,1,4021.6,62,2
11483,2026-07-02 14:07:36+05:30,4020.0,1,4035.66,1597537,165945.0,175573.0,4100.0,4110.0,4012.0,4092.6,25487875,4501.8,3683.4,4440.0,3288.1,4020.0,48,5,4019.8,36,4,4019.7,25,3,4019.6,39,2,4019.5,35,4,4020.7,20,1,4020.8,12,1,4021.0,111,3,4021.5,19,1,4021.6,62,2
11483,2026-07-02 14:07:36+05:30,4020.0,1,4035.66,1597537,165945.0,175573.0,4100.0,4110.0,4012.0,4092.6,25487875,4501.8,3683.4,4440.0,3288.1,4020.0,48,5,4019.8,36,4,4019.7,25,3,4019.6,39,2,4019.5,35,4,4020.7,20,1,4020.8,12,1,4021.0,111,3,4021.5,19,1,4021.6,62,2
11483,2026-07-02 14:07:36+05:30,4020.0,1,4035.66,1597542,165897.0,175582.0,4100.0,4110.0,4012.0,4092.6,25487875,4501.8,3683.4,4440.0,3288.1,4020.0,43,5,4019.8,36,4,4019.7,25,3,4019.6,39,2,4019.5,35,4,4020.7,20,1,4020.8,12,1,4021.0,111,3,4021.4,4,1,4021.5,19,1
11483,2026-07-02 14:07:37+05:30,4020.7,1,4035.66,1597542,165897.0,175582.0,4100.0,4110.0,4012.0,4092.6,25487875,4501.8,3683.4,4440.0,3288.1,4020.0,43,5,4019.8,36,4,4019.7,25,3,4019.6,39,2,4019.5,35,4,4020.7,20,1,4020.8,12,1,4021.0,111,3,4021.4,4,1,4021.5,19,1
11483,2026-07-02 14:07:37+05:30,4020.7,1,4035.66,1597544,166114.0,175565.0,4100.0,4110.0,4012.0,4092.6,25487875,4501.8,3683.4,4440.0,3288.1,4020.3,1,1,4020.0,59,7,4019.8,36,4,4019.7,25,3,4019.6,39,2,4020.7,21,2,4020.8,12,1,4021.0,111,3,4021.5,19,1,4021.6,63,3
11483,2026-07-02 14:07:38+05:30,4020.7,7,4035.66,1597544,166114.0,175565.0,4100.0,4110.0,4012.0,4092.6,25487875,4501.8,3683.4,4440.0,3288.1,4020.3,1,1,4020.0,59,7,4019.8,36,4,4019.7,25,3,4019.6,39,2,4020.7,21,2,4020.8,12,1,4021.0,111,3,4021.5,19,1,4021.6,63,3
11483,2026-07-02 14:07:39+05:30,4020.7,2,4035.66,1597553,166139.0,175476.0,4100.0,4110.0,4012.0,4092.6,25487875,4501.8,3683.4,4440.0,3288.1,4020.3,1,1,4020.0,64,8,4019.9,5,1,4019.8,36,4,4019.7,25,3,4020.7,12,2,4020.8,12,1,4021.0,111,3,4021.5,19,1,4021.6,63,3
11483,2026-07-02 14:07:39+05:30,4020.3,1,4035.66,1597553,166139.0,175476.0,4100.0,4110.0,4012.0,4092.6,25487875,4501.8,3683.4,4440.0,3288.1,4020.3,1,1,4020.0,64,8,4019.9,5,1,4019.8,36,4,4019.7,25,3,4020.7,12,2,4020.8,12,1,4021.0,111,3,4021.5,19,1,4021.6,63,3
11483,2026-07-02 14:07:40+05:30,4020.3,1,4035.66,1597554,166158.0,175526.0,4100.0,4110.0,4012.0,4092.6,25487875,4501.8,3683.4,4440.0,3288.1,4020.3,1,1,4020.0,65,9,4019.9,5,1,4019.8,36,4,4019.7,25,3,4020.7,12,2,4020.8,12,1,4021.0,111,3,4021.2,18,1,4021.5,19,1
11483,2026-07-02 14:07:40+05:30,4020.0,4,4035.66,1597554,166158.0,175526.0,4100.0,4110.0,4012.0,4092.6,25487875,4501.8,3683.4,4440.0,3288.1,4020.3,1,1,4020.0,65,9,4019.9,5,1,4019.8,36,4,4019.7,25,3,4020.7,12,2,4020.8,12,1,4021.0,111,3,4021.2,18,1,4021.5,19,1
11483,2026-07-02 14:07:41+05:30,4020.0,4,4035.66,1597559,165694.0,175702.0,4100.0,4110.0,4012.0,4092.6,25487875,4501.8,3683.4,4440.0,3288.1,4020.0,37,6,4019.8,23,2,4019.7,25,3,4019.6,13,1,4019.5,17,2,4020.6,38,3,4020.7,35,7,4020.8,12,1,4020.9,65,3,4021.0,123,4
11483,2026-07-02 14:07:41+05:30,4020.0,1,4035.66,1597559,165694.0,175702.0,4100.0,4110.0,4012.0,4092.6,25487875,4501.8,3683.4,4440.0,3288.1,4020.0,37,6,4019.8,23,2,4019.7,25,3,4019.6,13,1,4019.5,17,2,4020.6,38,3,4020.7,35,7,4020.8,12,1,4020.9,65,3,4021.0,123,4
11483,2026-07-02 14:07:42+05:30,4020.0,1,4035.66,1597560,165674.0,175667.0,4100.0,4110.0,4012.0,4092.6,25487875,4501.8,3683.4,4440.0,3288.1,4020.0,45,7,4019.8,23,2,4019.7,25,3,4019.6,13,1,4019.5,17,2,4020.6,5,2,4020.7,20,5,4020.8,12,1,4020.9,17,1,4021.0,111,3
11483,2026-07-02 14:07:42+05:30,4020.6,2,4035.66,1597560,165674.0,175667.0,4100.0,4110.0,4012.0,4092.6,25487875,4501.8,3683.4,4440.0,3288.1,4020.0,45,7,4019.8,23,2,4019.7,25,3,4019.6,13,1,4019.5,17,2,4020.6,5,2,4020.7,20,5,4020.8,12,1,4020.9,17,1,4021.0,111,3
11483,2026-07-02 14:07:43+05:30,4020.6,2,4035.66,1597567,165963.0,175712.0,4100.0,4110.0,4012.0,4092.6,25487875,4501.8,3683.4,4440.0,3288.1,4020.1,2,1,4020.0,43,6,4019.8,23,2,4019.7,25,3,4019.6,13,1,4020.6,29,3,4020.7,49,7,4020.8,24,2,4020.9,25,2,4021.0,127,4
11483,2026-07-02 14:07:43+05:30,4020.1,10,4035.66,1597567,165963.0,175712.0,4100.0,4110.0,4012.0,4092.6,25487875,4501.8,3683.4,4440.0,3288.1,4020.1,2,1,4020.0,43,6,4019.8,23,2,4019.7,25,3,4019.6,13,1,4020.6,29,3,4020.7,49,7,4020.8,24,2,4020.9,25,2,4021.0,127,4
11483,2026-07-02 14:07:44+05:30,4020.1,10,4035.66,1597578,165963.0,175714.0,4100.0,4110.0,4012.0,4092.6,25487875,4501.8,3683.4,4440.0,3288.1,4020.1,2,1,4020.0,43,6,4019.8,23,2,4019.7,25,3,4019.6,13,1,4020.6,29,3,4020.7,49,7,4020.8,24,2,4020.9,25,2,4021.0,127,4
11483,2026-07-02 14:07:44+05:30,4020.1,1,4035.66,1597578,165963.0,175714.0,4100.0,4110.0,4012.0,4092.6,25487875,4501.8,3683.4,4440.0,3288.1,4020.1,2,1,4020.0,43,6,4019.8,23,2,4019.7,25,3,4019.6,13,1,4020.6,29,3,4020.7,49,7,4020.8,24,2,4020.9,25,2,4021.0,127,4
11483,2026-07-02 14:07:45+05:30,4020.1,1,4035.66,1597579,165993.0,175726.0,4100.0,4110.0,4012.0,4092.6,25487875,4501.8,3683.4,4440.0,3288.1,4020.1,1,1,4020.0,45,7,4019.8,23,2,4019.7,25,3,4019.6,13,1,4020.6,29,3,4020.7,49,7,4020.8,12,1,4020.9,25,2,4021.0,127,4
11483,2026-07-02 14:07:46+05:30,4019.8,12,4035.66,1597644,165879.0,176048.0,4100.0,4110.0,4012.0,4092.6,25487875,4501.8,3683.4,4440.0,3288.1,4019.8,26,3,4019.7,25,3,4019.6,13,1,4019.5,17,2,4019.3,5,1,4020.6,16,3,4020.7,32,5,4020.8,12,1,4020.9,6,1,4021.0,127,4
11483,2026-07-02 14:07:46+05:30,4020.5,8,4035.66,1597644,165879.0,176048.0,4100.0,4110.0,4012.0,4092.6,25487875,4501.8,3683.4,4440.0,3288.1,4019.8,26,3,4019.7,25,3,4019.6,13,1,4019.5,17,2,4019.3,5,1,4020.6,16,3,4020.7,32,5,4020.8,12,1,4020.9,6,1,4021.0,127,4
11483,2026-07-02 14:07:47+05:30,4020.4,10,4035.66,1597670,166049.0,176298.0,4100.0,4110.0,4012.0,4092.6,25487875,4501.8,3683.4,4440.0,3288.1,4020.1,1,1,4020.0,37,3,4019.8,32,3,4019.7,25,3,4019.6,13,1,4020.4,36,1,4020.5,3,1,4020.6,22,4,4020.7,31,4,4020.8,12,1
11483,2026-07-02 14:07:47+05:30,4020.0,10,4035.66,1597670,166049.0,176298.0,4100.0,4110.0,4012.0,4092.6,25487875,4501.8,3683.4,4440.0,3288.1,4020.1,1,1,4020.0,37,3,4019.8,32,3,4019.7,25,3,4019.6,13,1,4020.4,36,1,4020.5,3,1,4020.6,22,4,4020.7,31,4,4020.8,12,1
11483,2026-07-02 14:07:48+05:30,4020.0,10,4035.66,1597704,165733.0,176486.0,4100.0,4110.0,4012.0,4092.6,25487875,4501.8,3683.4,4440.0,3288.1,4020.0,17,2,4019.9,10,1,4019.8,32,3,4019.7,25,3,4019.6,13,1,4020.1,26,2,4020.4,36,1,4020.5,3,1,4020.6,48,5,4020.7,50,5
11483,2026-07-02 14:07:48+05:30,4020.0,4,4035.66,1597704,165733.0,176486.0,4100.0,4110.0,4012.0,4092.6,25487875,4501.8,3683.4,4440.0,3288.1,4020.0,17,2,4019.9,10,1,4019.8,32,3,4019.7,25,3,4019.6,13,1,4020.1,26,2,4020.4,36,1,4020.5,3,1,4020.6,48,5,4020.7,50,5
11483,2026-07-02 14:07:49+05:30,4020.0,4,4035.66,1597708,165745.0,176487.0,4100.0,4110.0,4012.0,4092.6,25487875,4501.8,3683.4,4440.0,3288.1,4020.0,23,3,4019.9,10,1,4019.8,32,3,4019.7,25,3,4019.6,13,1,4020.1,26,2,4020.4,36,1,4020.5,14,1,4020.6,48,5,4020.7,50,5
11483,2026-07-02 14:07:49+05:30,4020.0,1,4035.66,1597708,165745.0,176487.0,4100.0,4110.0,4012.0,4092.6,25487875,4501.8,3683.4,4440.0,3288.1,4020.0,23,3,4019.9,10,1,4019.8,32,3,4019.7,25,3,4019.6,13,1,4020.1,26,2,4020.4,36,1,4020.5,14,1,4020.6,48,5,4020.7,50,5
11483,2026-07-02 14:07:50+05:30,4020.0,1,4035.66,1597709,165693.0,176518.0,4100.0,4110.0,4012.0,4092.6,25487875,4501.8,3683.4,4440.0,3288.1,4020.0,47,4,4019.9,10,1,4019.8,32,3,4019.7,25,3,4019.6,13,1,4020.1,29,4,4020.3,17,1,4020.4,36,1,4020.5,14,1,4020.6,46,4
11483,2026-07-02 14:07:51+05:30,4020.0,1,4035.66,1597709,165704.0,176500.0,4100.0,4110.0,4012.0,4092.6,25487875,4501.8,3683.4,4440.0,3288.1,4020.0,47,4,4019.9,10,1,4019.8,32,3,4019.7,25,3,4019.6,13,1,4020.1,29,4,4020.3,17,1,4020.4,36,1,4020.5,14,1,4020.6,43,2
11483,2026-07-02 14:07:51+05:30,4020.0,80,4035.66,1597709,165704.0,176500.0,4100.0,4110.0,4012.0,4092.6,25487875,4501.8,3683.4,4440.0,3288.1,4020.0,47,4,4019.9,10,1,4019.8,32,3,4019.7,25,3,4019.6,13,1,4020.1,29,4,4020.3,17,1,4020.4,36,1,4020.5,14,1,4020.6,43,2
11483,2026-07-02 14:07:52+05:30,4020.0,87,4035.65,1598009,165564.0,176549.0,4100.0,4110.0,4012.0,4092.6,25487875,4501.8,3683.4,4440.0,3288.1,4019.9,16,2,4019.8,32,3,4019.7,25,3,4019.6,13,1,4019.5,17,2,4020.0,74,1,4020.1,4,3,4020.3,56,2,4020.4,36,1,4020.5,14,1
11483,2026-07-02 14:07:52+05:30,4020.0,50,4035.65,1598009,165564.0,176549.0,4100.0,4110.0,4012.0,4092.6,25487875,4501.8,3683.4,4440.0,3288.1,4019.9,16,2,4019.8,32,3,4019.7,25,3,4019.6,13,1,4019.5,17,2,4020.0,74,1,4020.1,4,3,4020.3,56,2,4020.4,36,1,4020.5,14,1
11483,2026-07-02 14:07:53+05:30,4020.0,31,4035.65,1598153,165599.0,176648.0,4100.0,4110.0,4012.0,4092.6,25487875,4501.8,3683.4,4440.0,3288.1,4019.8,32,3,4019.7,25,3,4019.6,13,1,4019.5,17,2,4019.1,2,1,4020.0,43,1,4020.1,1,1,4020.3,56,2,4020.4,49,2,4020.6,17,1
11483,2026-07-02 14:07:53+05:30,4020.0,31,4035.65,1598153,165599.0,176648.0,4100.0,4110.0,4012.0,4092.6,25487875,4501.8,3683.4,4440.0,3288.1,4019.8,32,3,4019.7,25,3,4019.6,13,1,4019.5,17,2,4019.1,2,1,4020.0,43,1,4020.1,1,1,4020.3,56,2,4020.4,49,2,4020.6,17,1
11483,2026-07-02 14:07:53+05:30,4020.0,31,4035.65,1598255,165594.0,176600.0,4100.0,4110.0,4012.0,4092.6,25487875,4501.8,3683.4,4440.0,3288.1,4019.8,20,3,4019.7,25,3,4019.6,13,1,4019.5,17,2,4019.1,2,1,4020.0,54,2,4020.1,1,1,4020.3,56,2,4020.4,36,1,4020.6,17,1
11483,2026-07-02 14:07:54+05:30,4020.0,55,4035.65,1598255,165594.0,176600.0,4100.0,4110.0,4012.0,4092.6,25487875,4501.8,3683.4,4440.0,3288.1,4019.8,20,3,4019.7,25,3,4019.6,13,1,4019.5,17,2,4019.1,2,1,4020.0,54,2,4020.1,1,1,4020.3,56,2,4020.4,36,1,4020.6,17,1
11483,2026-07-02 14:07:55+05:30,4020.0,55,4035.65,1598377,165574.0,176938.0,4100.0,4110.0,4012.0,4092.6,25487875,4501.8,3683.4,4440.0,3288.1,4019.8,7,2,4019.7,25,3,4019.6,13,1,4019.5,17,2,4019.0,16,4,4020.0,30,2,4020.1,1,1,4020.3,56,2,4020.4,36,1,4020.6,17,1
11483,2026-07-02 14:07:55+05:30,4020.0,1,4035.65,1598377,165574.0,176938.0,4100.0,4110.0,4012.0,4092.6,25487875,4501.8,3683.4,4440.0,3288.1,4019.8,7,2,4019.7,25,3,4019.6,13,1,4019.5,17,2,4019.0,16,4,4020.0,30,2,4020.1,1,1,4020.3,56,2,4020.4,36,1,4020.6,17,1
11483,2026-07-02 14:07:56+05:30,4020.0,1,4035.65,1598397,165692.0,176910.0,4100.0,4110.0,4012.0,4092.6,25487875,4501.8,3683.4,4440.0,3288.1,4019.9,9,2,4019.7,25,3,4019.6,13,1,4019.5,17,2,4019.0,16,4,4020.0,26,3,4020.1,1,1,4020.3,56,2,4020.4,36,1,4020.6,17,1
11483,2026-07-02 14:07:56+05:30,4020.0,5,4035.65,1598397,165692.0,176910.0,4100.0,4110.0,4012.0,4092.6,25487875,4501.8,3683.4,4440.0,3288.1,4019.9,9,2,4019.7,25,3,4019.6,13,1,4019.5,17,2,4019.0,16,4,4020.0,26,3,4020.1,1,1,4020.3,56,2,4020.4,36,1,4020.6,17,1
11483,2026-07-02 14:07:57+05:30,4020.0,5,4035.65,1598406,165671.0,176928.0,4100.0,4110.0,4012.0,4092.6,25487875,4501.8,3683.4,4440.0,3288.1,4019.9,16,3,4019.7,20,2,4019.6,13,1,4019.5,17,2,4019.0,16,4,4020.0,20,3,4020.1,1,1,4020.3,56,2,4020.4,36,1,4020.6,17,1
11483,2026-07-02 14:07:57+05:30,4019.9,1,4035.65,1598406,165671.0,176928.0,4100.0,4110.0,4012.0,4092.6,25487875,4501.8,3683.4,4440.0,3288.1,4019.9,16,3,4019.7,20,2,4019.6,13,1,4019.5,17,2,4019.0,16,4,4020.0,20,3,4020.1,1,1,4020.3,56,2,4020.4,36,1,4020.6,17,1
11483,2026-07-02 14:07:58+05:30,4019.9,1,4035.65,1598413,165652.0,176925.0,4100.0,4110.0,4012.0,4092.6,25487875,4501.8,3683.4,4440.0,3288.1,4019.9,14,3,4019.7,20,2,4019.6,13,1,4019.5,17,2,4019.0,16,4,4020.0,15,3,4020.1,1,1,4020.3,56,2,4020.4,36,1,4020.6,17,1
11483,2026-07-02 14:07:58+05:30,4020.0,7,4035.65,1598413,165652.0,176925.0,4100.0,4110.0,4012.0,4092.6,25487875,4501.8,3683.4,4440.0,3288.1,4019.9,14,3,4019.7,20,2,4019.6,13,1,4019.5,17,2,4019.0,16,4,4020.0,15,3,4020.1,1,1,4020.3,56,2,4020.4,36,1,4020.6,17,1
11483,2026-07-02 14:07:58+05:30,4020.0,7,4035.65,1598493,165656.0,177030.0,4100.0,4110.0,4012.0,4092.6,25487875,4501.8,3683.4,4440.0,3288.1,4019.9,4,2,4019.7,20,2,4019.6,13,1,4019.5,17,2,4019.0,16,4,4020.0,21,2,4020.1,1,1,4020.3,56,2,4020.4,36,1,4020.6,17,1
11483,2026-07-02 14:07:59+05:30,4019.9,2,4035.65,1598493,165656.0,177030.0,4100.0,4110.0,4012.0,4092.6,25487875,4501.8,3683.4,4440.0,3288.1,4019.9,4,2,4019.7,20,2,4019.6,13,1,4019.5,17,2,4019.0,16,4,4020.0,21,2,4020.1,1,1,4020.3,56,2,4020.4,36,1,4020.6,17,1
11483,2026-07-02 14:08:00+05:30,4019.9,2,4035.65,1598498,165646.0,177032.0,4100.0,4110.0,4012.0,4092.6,25487875,4501.8,3683.4,4440.0,3288.1,4019.7,20,2,4019.6,13,1,4019.5,17,2,4019.0,16,4,4018.9,38,3,4019.9,2,2,4020.0,21,2,4020.1,1,1,4020.3,56,2,4020.4,36,1
11483,2026-07-02 14:08:00+05:30,4019.9,2,4035.65,1598498,165646.0,177032.0,4100.0,4110.0,4012.0,4092.6,25487875,4501.8,3683.4,4440.0,3288.1,4019.7,20,2,4019.6,13,1,4019.5,17,2,4019.0,16,4,4018.9,38,3,4019.9,2,2,4020.0,21,2,4020.1,1,1,4020.3,56,2,4020.4,36,1
11483,2026-07-02 14:08:01+05:30,4020.0,2,4035.65,1598505,166194.0,176961.0,4100.0,4110.0,4012.0,4092.6,25487875,4501.8,3683.4,4440.0,3288.1,4019.9,6,2,4019.7,20,2,4019.6,13,1,4019.5,17,2,4019.1,40,1,4020.0,19,2,4020.1,1,1,4020.3,39,1,4020.4,36,1,4020.7,31,4
11483,2026-07-02 14:08:01+05:30,4019.9,1,4035.65,1598505,166194.0,176961.0,4100.0,4110.0,4012.0,4092.6,25487875,4501.8,3683.4,4440.0,3288.1,4019.9,6,2,4019.7,20,2,4019.6,13,1,4019.5,17,2,4019.1,40,1,4020.0,19,2,4020.1,1,1,4020.3,39,1,4020.4,36,1,4020.7,31,4
11483,2026-07-02 14:08:02+05:30,4019.9,1,4035.65,1598506,166158.0,176961.0,4100.0,4110.0,4012.0,4092.6,25487875,4501.8,3683.4,4440.0,3288.1,4019.9,5,1,4019.7,20,2,4019.6,13,1,4019.5,17,2,4019.0,516,5,4020.0,19,2,4020.1,1,1,4020.3,39,1,4020.4,36,1,4020.7,31,4
11483,2026-07-02 14:08:03+05:30,4019.9,1,4035.65,1598506,166157.0,176978.0,4100.0,4110.0,4012.0,4092.6,25487875,4501.8,3683.4,4440.0,3288.1,4019.9,5,1,4019.7,20,2,4019.6,13,1,4019.5,17,2,4019.0,516,5,4020.0,19,2,4020.1,1,1,4020.3,39,1,4020.4,36,1,4020.7,31,4
11483,2026-07-02 14:08:03+05:30,4020.0,1,4035.65,1598506,166157.0,176978.0,4100.0,4110.0,4012.0,4092.6,25487875,4501.8,3683.4,4440.0,3288.1,4019.9,5,1,4019.7,20,2,4019.6,13,1,4019.5,17,2,4019.0,516,5,4020.0,19,2,4020.1,1,1,4020.3,39,1,4020.4,36,1,4020.7,31,4
11483,2026-07-02 14:08:04+05:30,4020.0,1,4035.65,1598507,166178.0,176978.0,4100.0,4110.0,4012.0,4092.6,25487875,4501.8,3683.4,4440.0,3288.1,4019.9,5,1,4019.7,20,2,4019.6,13,1,4019.5,17,2,4019.0,516,5,4020.0,20,3,4020.1,1,1,4020.3,39,1,4020.4,36,1,4020.5,11,1
11483,2026-07-02 14:08:04+05:30,4020.0,7,4035.65,1598507,166178.0,176978.0,4100.0,4110.0,4012.0,4092.6,25487875,4501.8,3683.4,4440.0,3288.1,4019.9,5,1,4019.7,20,2,4019.6,13,1,4019.5,17,2,4019.0,516,5,4020.0,20,3,4020.1,1,1,4020.3,39,1,4020.4,36,1,4020.5,11,1
11483,2026-07-02 14:08:05+05:30,4020.0,7,4035.65,1598521,166189.0,176998.0,4100.0,4110.0,4012.0,4092.6,25487875,4501.8,3683.4,4440.0,3288.1,4019.9,5,1,4019.7,20,2,4019.6,13,1,4019.5,17,2,4019.0,516,5,4020.0,36,3,4020.1,1,1,4020.3,39,1,4020.4,36,1,4020.5,11,1
11483,2026-07-02 14:08:05+05:30,4019.5,12,4035.65,1598521,166189.0,176998.0,4100.0,4110.0,4012.0,4092.6,25487875,4501.8,3683.4,4440.0,3288.1,4019.9,5,1,4019.7,20,2,4019.6,13,1,4019.5,17,2,4019.0,516,5,4020.0,36,3,4020.1,1,1,4020.3,39,1,4020.4,36,1,4020.5,11,1
11483,2026-07-02 14:08:06+05:30,4019.5,12,4035.65,1598576,165905.0,177185.0,4100.0,4110.0,4012.0,4092.6,25487875,4501.8,3683.4,4440.0,3288.1,4019.5,17,2,4019.0,537,7,4018.9,9,1,4018.7,3,1,4018.6,93,4,4020.0,36,3,4020.1,1,1,4020.3,39,1,4020.4,36,1,4020.5,11,1
11483,2026-07-02 14:08:06+05:30,4019.5,1,4035.65,1598576,165905.0,177185.0,4100.0,4110.0,4012.0,4092.6,25487875,4501.8,3683.4,4440.0,3288.1,4019.5,17,2,4019.0,537,7,4018.9,9,1,4018.7,3,1,4018.6,93,4,4020.0,36,3,4020.1,1,1,4020.3,39,1,4020.4,36,1,4020.5,11,1
11483,2026-07-02 14:08:07+05:30,4019.5,1,4035.65,1598595,165982.0,177146.0,4100.0,4110.0,4012.0,4092.6,25487875,4501.8,3683.4,4440.0,3288.1,4019.7,20,3,4019.5,5,1,4019.0,537,7,4018.9,35,2,4018.7,3,1,4020.0,10,1,4020.1,1,1,4020.3,39,1,4020.4,36,1,4020.5,11,1
11483,2026-07-02 14:08:07+05:30,4020.0,2,4035.65,1598595,165982.0,177146.0,4100.0,4110.0,4012.0,4092.6,25487875,4501.8,3683.4,4440.0,3288.1,4019.7,20,3,4019.5,5,1,4019.0,537,7,4018.9,35,2,4018.7,3,1,4020.0,10,1,4020.1,1,1,4020.3,39,1,4020.4,36,1,4020.5,11,1
11483,2026-07-02 14:08:08+05:30,4019.7,5,4035.65,1598604,165901.0,177190.0,4100.0,4110.0,4012.0,4092.6,25487875,4501.8,3683.4,4440.0,3288.1,4019.7,13,2,4019.5,5,1,4019.0,537,7,4018.9,35,2,4018.7,3,1,4020.0,8,1,4020.1,1,1,4020.3,39,1,4020.4,36,1,4020.5,11,1
11483,2026-07-02 14:08:08+05:30,4020.0,5,4035.65,1598604,165901.0,177190.0,4100.0,4110.0,4012.0,4092.6,25487875,4501.8,3683.4,4440.0,3288.1,4019.7,13,2,4019.5,5,1,4019.0,537,7,4018.9,35,2,4018.7,3,1,4020.0,8,1,4020.1,1,1,4020.3,39,1,4020.4,36,1,4020.5,11,1
11483,2026-07-02 14:08:09+05:30,4020.0,1,4035.65,1598611,165905.0,177184.0,4100.0,4110.0,4012.0,4092.6,25487875,4501.8,3683.4,4440.0,3288.1,4019.7,17,2,4019.5,5,1,4019.0,537,7,4018.9,35,2,4018.7,3,1,4020.0,2,1,4020.1,1,1,4020.3,39,1,4020.4,36,1,4020.5,11,1
11483,2026-07-02 14:08:09+05:30,4019.7,10,4035.65,1598611,165905.0,177184.0,4100.0,4110.0,4012.0,4092.6,25487875,4501.8,3683.4,4440.0,3288.1,4019.7,17,2,4019.5,5,1,4019.0,537,7,4018.9,35,2,4018.7,3,1,4020.0,2,1,4020.1,1,1,4020.3,39,1,4020.4,36,1,4020.5,11,1
11483,2026-07-02 14:08:10+05:30,4019.7,10,4035.65,1598622,165974.0,177191.0,4100.0,4110.0,4012.0,4092.6,25487875,4501.8,3683.4,4440.0,3288.1,4019.7,6,2,4019.5,5,1,4019.0,537,7,4018.9,35,2,4018.7,3,1,4020.0,2,1,4020.1,1,1,4020.3,39,1,4020.4,36,1,4020.5,11,1
11483,2026-07-02 14:08:10+05:30,4019.7,5,4035.65,1598622,165974.0,177191.0,4100.0,4110.0,4012.0,4092.6,25487875,4501.8,3683.4,4440.0,3288.1,4019.7,6,2,4019.5,5,1,4019.0,537,7,4018.9,35,2,4018.7,3,1,4020.0,2,1,4020.1,1,1,4020.3,39,1,4020.4,36,1,4020.5,11,1
11483,2026-07-02 14:08:11+05:30,4020.0,4,4035.65,1598642,165870.0,177003.0,4100.0,4110.0,4012.0,4092.6,25487875,4501.8,3683.4,4440.0,3288.1,4019.5,22,3,4019.4,6,1,4019.2,26,3,4019.1,54,3,4019.0,578,11,4020.0,7,1,4020.1,1,1,4020.5,11,1,4020.7,15,2,4020.9,52,2
11483,2026-07-02 14:08:11+05:30,4019.5,3,4035.65,1598642,165870.0,177003.0,4100.0,4110.0,4012.0,4092.6,25487875,4501.8,3683.4,4440.0,3288.1,4019.5,22,3,4019.4,6,1,4019.2,26,3,4019.1,54,3,4019.0,578,11,4020.0,7,1,4020.1,1,1,4020.5,11,1,4020.7,15,2,4020.9,52,2
11483,2026-07-02 14:08:12+05:30,4020.0,5,4035.65,1598660,166005.0,176853.0,4100.0,4110.0,4012.0,4092.6,25487875,4501.8,3683.4,4440.0,3288.1,4019.5,24,4,4019.3,3,1,4019.2,23,2,4019.1,69,4,4019.0,563,8,4020.0,5,1,4020.1,1,1,4020.5,11,1,4020.7,15,2,4020.9,52,2
11483,2026-07-02 14:08:12+05:30,4020.0,2,4035.65,1598660,166005.0,176853.0,4100.0,4110.0,4012.0,4092.6,25487875,4501.8,3683.4,4440.0,3288.1,4019.5,24,4,4019.3,3,1,4019.2,23,2,4019.1,69,4,4019.0,563,8,4020.0,5,1,4020.1,1,1,4020.5,11,1,4020.7,15,2,4020.9,52,2
11483,2026-07-02 14:08:13+05:30,4019.6,1,4035.65,1598690,166111.0,177000.0,4100.0,4110.0,4012.0,4092.6,25487875,4501.8,3683.4,4440.0,3288.1,4019.6,40,4,4019.5,49,4,4019.4,15,1,4019.3,3,1,4019.2,23,2,4020.0,9,1,4020.1,1,1,4020.5,11,1,4020.7,15,2,4020.9,6,1
11483,2026-07-02 14:08:13+05:30,4019.6,7,4035.65,1598690,166111.0,177000.0,4100.0,4110.0,4012.0,4092.6,25487875,4501.8,3683.4,4440.0,3288.1,4019.6,40,4,4019.5,49,4,4019.4,15,1,4019.3,3,1,4019.2,23,2,4020.0,9,1,4020.1,1,1,4020.5,11,1,4020.7,15,2,4020.9,6,1
11483,2026-07-02 14:08:14+05:30,4019.6,7,4035.65,1598713,166052.0,177011.0,4100.0,4110.0,4012.0,4092.6,25487875,4501.8,3683.4,4440.0,3288.1,4019.6,34,4,4019.5,27,3,4019.2,26,3,4019.1,65,2,4019.0,563,8,4020.0,9,1,4020.1,1,1,4020.5,11,1,4020.7,15,2,4020.9,6,1
11483,2026-07-02 14:08:14+05:30,4020.0,2,4035.65,1598713,166052.0,177011.0,4100.0,4110.0,4012.0,4092.6,25487875,4501.8,3683.4,4440.0,3288.1,4019.6,34,4,4019.5,27,3,4019.2,26,3,4019.1,65,2,4019.0,563,8,4020.0,9,1,4020.1,1,1,4020.5,11,1,4020.7,15,2,4020.9,6,1
11483,2026-07-02 14:08:15+05:30,4020.0,6,4035.65,1598724,166156.0,177033.0,4100.0,4110.0,4012.0,4092.6,25487875,4501.8,3683.4,4440.0,3288.1,4019.6,31,4,4019.5,27,3,4019.2,26,3,4019.1,80,3,4019.0,563,8,4020.1,1,1,4020.5,13,1,4020.7,15,2,4020.9,6,1,4021.0,111,3
11483,2026-07-02 14:08:15+05:30,4020.1,2,4035.65,1598724,166156.0,177033.0,4100.0,4110.0,4012.0,4092.6,25487875,4501.8,3683.4,4440.0,3288.1,4019.6,31,4,4019.5,27,3,4019.2,26,3,4019.1,80,3,4019.0,563,8,4020.1,1,1,4020.5,13,1,4020.7,15,2,4020.9,6,1,4021.0,111,3
11483,2026-07-02 14:08:16+05:30,4020.1,2,4035.65,1598728,166719.0,176684.0,4100.0,4110.0,4012.0,4092.6,25487875,4501.8,3683.4,4440.0,3288.1,4020.1,7,3,4020.0,217,5,4019.9,3,1,4019.8,7,1,4019.7,117,3,4020.5,13,1,4020.7,15,2,4020.9,6,1,4021.0,111,3,4021.4,2,1
11483,2026-07-02 14:08:17+05:30,4020.1,1,4035.65,1598729,166929.0,176104.0,4100.0,4110.0,4012.0,4092.6,25487875,4501.8,3683.4,4440.0,3288.1,4020.3,1,1,4020.1,6,2,4020.0,217,5,4019.9,3,1,4019.7,117,3,4020.7,15,2,4020.8,14,1,4020.9,6,1,4021.0,111,3,4021.4,2,1
11483,2026-07-02 14:08:17+05:30,4020.1,1,4035.65,1598729,166929.0,176104.0,4100.0,4110.0,4012.0,4092.6,25487875,4501.8,3683.4,4440.0,3288.1,4020.3,1,1,4020.1,6,2,4020.0,217,5,4019.9,3,1,4019.7,117,3,4020.7,15,2,4020.8,14,1,4020.9,6,1,4021.0,111,3,4021.4,2,1
11483,2026-07-02 14:08:18+05:30,4020.1,1,4035.65,1598729,167026.0,176076.0,4100.0,4110.0,4012.0,4092.6,25487875,4501.8,3683.4,4440.0,3288.1,4020.3,1,1,4020.1,6,2,4020.0,272,6,4019.9,3,1,4019.7,117,3,4020.7,15,2,4020.8,14,1,4020.9,6,1,4021.0,111,3,4021.4,2,1
11483,2026-07-02 14:08:19+05:30,4020.1,1,4035.65,1598729,167032.0,176076.0,4100.0,4110.0,4012.0,4092.6,25487875,4501.8,3683.4,4440.0,3288.1,4020.3,1,1,4020.1,6,2,4020.0,272,6,4019.9,3,1,4019.7,117,3,4020.7,15,2,4020.8,14,1,4020.9,6,1,4021.0,111,3,4021.4,2,1
11483,2026-07-02 14:08:20+05:30,4020.7,2,4035.65,1598731,167048.0,176076.0,4100.0,4110.0,4012.0,4092.6,25487875,4501.8,3683.4,4440.0,3288.1,4020.3,1,1,4020.1,6,2,4020.0,276,7,4019.9,3,1,4019.7,117,3,4020.7,15,3,4020.8,14,1,4020.9,6,1,4021.0,111,3,4021.4,2,1
11483,2026-07-02 14:08:20+05:30,4020.7,1,4035.65,1598731,167048.0,176076.0,4100.0,4110.0,4012.0,4092.6,25487875,4501.8,3683.4,4440.0,3288.1,4020.3,1,1,4020.1,6,2,4020.0,276,7,4019.9,3,1,4019.7,117,3,4020.7,15,3,4020.8,14,1,4020.9,6,1,4021.0,111,3,4021.4,2,1
11483,2026-07-02 14:08:21+05:30,4020.7,1,4035.65,1598734,167073.0,176141.0,4100.0,4110.0,4012.0,4092.6,25487875,4501.8,3683.4,4440.0,3288.1,4020.1,6,2,4020.0,276,7,4019.7,117,3,4019.6,103,6,4019.5,56,5,4020.7,13,3,4020.8,14,1,4020.9,6,1,4021.0,111,3,4021.4,2,1
11483,2026-07-02 14:08:21+05:30,4020.7,1,4035.65,1598734,167073.0,176141.0,4100.0,4110.0,4012.0,4092.6,25487875,4501.8,3683.4,4440.0,3288.1,4020.1,6,2,4020.0,276,7,4019.7,117,3,4019.6,103,6,4019.5,56,5,4020.7,13,3,4020.8,14,1,4020.9,6,1,4021.0,111,3,4021.4,2,1
11483,2026-07-02 14:08:22+05:30,4020.7,1,4035.64,1598745,166799.0,176768.0,4100.0,4110.0,4012.0,4092.6,25487875,4501.8,3683.4,4440.0,3288.1,4020.0,276,7,4019.7,18,2,4019.6,88,5,4019.5,44,4,4019.4,28,2,4020.1,1,1,4020.7,12,3,4020.8,14,1,4020.9,6,1,4021.0,111,3
11483,2026-07-02 14:08:22+05:30,4020.7,1,4035.64,1598745,166799.0,176768.0,4100.0,4110.0,4012.0,4092.6,25487875,4501.8,3683.4,4440.0,3288.1,4020.0,276,7,4019.7,18,2,4019.6,88,5,4019.5,44,4,4019.4,28,2,4020.1,1,1,4020.7,12,3,4020.8,14,1,4020.9,6,1,4021.0,111,3
11483,2026-07-02 14:08:23+05:30,4020.7,3,4035.64,1598757,166945.0,176759.0,4100.0,4110.0,4012.0,4092.6,25487875,4501.8,3683.4,4440.0,3288.1,4020.1,1,1,4020.0,285,8,4019.7,32,3,4019.6,78,4,4019.5,44,4,4020.7,26,2,4020.8,14,1,4020.9,6,1,4021.0,111,3,4021.4,16,2
11483,2026-07-02 14:08:23+05:30,4020.7,3,4035.64,1598757,166945.0,176759.0,4100.0,4110.0,4012.0,4092.6,25487875,4501.8,3683.4,4440.0,3288.1,4020.1,1,1,4020.0,285,8,4019.7,32,3,4019.6,78,4,4019.5,44,4,4020.7,26,2,4020.8,14,1,4020.9,6,1,4021.0,111,3,4021.4,16,2
11483,2026-07-02 14:08:23+05:30,4020.7,1,4035.64,1598757,166945.0,176759.0,4100.0,4110.0,4012.0,4092.6,25487875,4501.8,3683.4,4440.0,3288.1,4020.1,1,1,4020.0,285,8,4019.7,32,3,4019.6,78,4,4019.5,44,4,4020.7,26,2,4020.8,14,1,4020.9,6,1,4021.0,111,3,4021.4,16,2
11483,2026-07-02 14:08:23+05:30,4020.7,1,4035.64,1598757,166945.0,176759.0,4100.0,4110.0,4012.0,4092.6,25487875,4501.8,3683.4,4440.0,3288.1,4020.1,1,1,4020.0,285,8,4019.7,32,3,4019.6,78,4,4019.5,44,4,4020.7,26,2,4020.8,14,1,4020.9,6,1,4021.0,111,3,4021.4,16,2
11483,2026-07-02 14:08:24+05:30,4020.7,32,4035.64,1598793,167157.0,176007.0,4100.0,4110.0,4012.0,4092.6,25487875,4501.8,3683.4,4440.0,3288.1,4020.7,1,1,4020.1,1,1,4020.0,292,9,4019.8,19,3,4019.7,32,3,4020.8,14,1,4020.9,6,1,4021.0,111,3,4021.6,1,1,4021.9,194,5
11483,2026-07-02 14:08:24+05:30,4020.7,32,4035.64,1598793,167157.0,176007.0,4100.0,4110.0,4012.0,4092.6,25487875,4501.8,3683.4,4440.0,3288.1,4020.7,1,1,4020.1,1,1,4020.0,292,9,4019.8,19,3,4019.7,32,3,4020.8,14,1,4020.9,6,1,4021.0,111,3,4021.6,1,1,4021.9,194,5
11483,2026-07-02 14:08:24+05:30,4020.7,2,4035.64,1598793,167157.0,176007.0,4100.0,4110.0,4012.0,4092.6,25487875,4501.8,3683.4,4440.0,3288.1,4020.7,1,1,4020.1,1,1,4020.0,292,9,4019.8,19,3,4019.7,32,3,4020.8,14,1,4020.9,6,1,4021.0,111,3,4021.6,1,1,4021.9,194,5
11483,2026-07-02 14:08:24+05:30,4020.7,2,4035.64,1598793,167157.0,176007.0,4100.0,4110.0,4012.0,4092.6,25487875,4501.8,3683.4,4440.0,3288.1,4020.7,1,1,4020.1,1,1,4020.0,292,9,4019.8,19,3,4019.7,32,3,4020.8,14,1,4020.9,6,1,4021.0,111,3,4021.6,1,1,4021.9,194,5
11483,2026-07-02 14:08:25+05:30,4020.7,2,4035.64,1598795,167047.0,176032.0,4100.0,4110.0,4012.0,4092.6,25487875,4501.8,3683.4,4440.0,3288.1,4020.1,1,1,4020.0,299,9,4019.8,16,2,4019.7,23,3,4019.6,101,7,4020.7,1,1,4020.8,14,1,4020.9,6,1,4021.0,111,3,4021.6,15,2
11483,2026-07-02 14:08:25+05:30,4020.7,2,4035.64,1598795,167047.0,176032.0,4100.0,4110.0,4012.0,4092.6,25487875,4501.8,3683.4,4440.0,3288.1,4020.1,1,1,4020.0,299,9,4019.8,16,2,4019.7,23,3,4019.6,101,7,4020.7,1,1,4020.8,14,1,4020.9,6,1,4021.0,111,3,4021.6,15,2
11483,2026-07-02 14:08:25+05:30,4020.1,1,4035.64,1598795,167047.0,176032.0,4100.0,4110.0,4012.0,4092.6,25487875,4501.8,3683.4,4440.0,3288.1,4020.1,1,1,4020.0,299,9,4019.8,16,2,4019.7,23,3,4019.6,101,7,4020.7,1,1,4020.8,14,1,4020.9,6,1,4021.0,111,3,4021.6,15,2
11483,2026-07-02 14:08:26+05:30,4020.1,1,4035.64,1598795,167047.0,176032.0,4100.0,4110.0,4012.0,4092.6,25487875,4501.8,3683.4,4440.0,3288.1,4020.1,1,1,4020.0,299,9,4019.8,16,2,4019.7,23,3,4019.6,101,7,4020.7,1,1,4020.8,14,1,4020.9,6,1,4021.0,111,3,4021.6,15,2
11483,2026-07-02 14:08:26+05:30,4020.1,1,4035.64,1598796,167018.0,176035.0,4100.0,4110.0,4012.0,4092.6,25487875,4501.8,3683.4,4440.0,3288.1,4020.2,8,1,4020.0,299,9,4019.8,16,2,4019.7,23,3,4019.6,101,7,4020.7,1,1,4020.8,14,1,4020.9,6,1,4021.0,111,3,4021.6,15,2
11483,2026-07-02 14:08:26+05:30,4020.1,1,4035.64,1598796,167018.0,176035.0,4100.0,4110.0,4012.0,4092.6,25487875,4501.8,3683.4,4440.0,3288.1,4020.2,8,1,4020.0,299,9,4019.8,16,2,4019.7,23,3,4019.6,101,7,4020.7,1,1,4020.8,14,1,4020.9,6,1,4021.0,111,3,4021.6,15,2
11483,2026-07-02 14:08:26+05:30,4020.7,2,4035.64,1598796,167018.0,176035.0,4100.0,4110.0,4012.0,4092.6,25487875,4501.8,3683.4,4440.0,3288.1,4020.2,8,1,4020.0,299,9,4019.8,16,2,4019.7,23,3,4019.6,101,7,4020.7,1,1,4020.8,14,1,4020.9,6,1,4021.0,111,3,4021.6,15,2
11483,2026-07-02 14:08:26+05:30,4020.7,2,4035.64,1598796,167018.0,176035.0,4100.0,4110.0,4012.0,4092.6,25487875,4501.8,3683.4,4440.0,3288.1,4020.2,8,1,4020.0,299,9,4019.8,16,2,4019.7,23,3,4019.6,101,7,4020.7,1,1,4020.8,14,1,4020.9,6,1,4021.0,111,3,4021.6,15,2
11483,2026-07-02 14:08:27+05:30,4020.7,2,4035.64,1598798,167167.0,176143.0,4100.0,4110.0,4012.0,4092.6,25487875,4501.8,3683.4,4440.0,3288.1,4020.7,1,1,4020.4,1,1,4020.2,8,1,4020.0,299,9,4019.8,6,1,4020.8,14,1,4020.9,7,2,4021.0,111,3,4021.6,43,3,4021.8,2,1
11483,2026-07-02 14:08:27+05:30,4020.7,2,4035.64,1598798,167167.0,176143.0,4100.0,4110.0,4012.0,4092.6,25487875,4501.8,3683.4,4440.0,3288.1,4020.7,1,1,4020.4,1,1,4020.2,8,1,4020.0,299,9,4019.8,6,1,4020.8,14,1,4020.9,7,2,4021.0,111,3,4021.6,43,3,4021.8,2,1
11483,2026-07-02 14:08:27+05:30,4020.7,2,4035.64,1598798,167167.0,176143.0,4100.0,4110.0,4012.0,4092.6,25498375,4501.8,3683.4,4440.0,3288.1,4020.7,1,1,4020.4,1,1,4020.2,8,1,4020.0,299,9,4019.8,6,1,4020.8,14,1,4020.9,7,2,4021.0,111,3,4021.6,43,3,4021.8,2,1
11483,2026-07-02 14:08:27+05:30,4020.8,1,4035.64,1598798,167167.0,176143.0,4100.0,4110.0,4012.0,4092.6,25498375,4501.8,3683.4,4440.0,3288.1,4020.7,1,1,4020.4,1,1,4020.2,8,1,4020.0,299,9,4019.8,6,1,4020.8,14,1,4020.9,7,2,4021.0,111,3,4021.6,43,3,4021.8,2,1
11483,2026-07-02 14:08:28+05:30,4020.8,1,4035.64,1598798,167167.0,176143.0,4100.0,4110.0,4012.0,4092.6,25498375,4501.8,3683.4,4440.0,3288.1,4020.7,1,1,4020.4,1,1,4020.2,8,1,4020.0,299,9,4019.8,6,1,4020.8,14,1,4020.9,7,2,4021.0,111,3,4021.6,43,3,4021.8,2,1
11483,2026-07-02 14:08:28+05:30,4020.8,1,4035.64,1598799,167343.0,176144.0,4100.0,4110.0,4012.0,4092.6,25498375,4501.8,3683.4,4440.0,3288.1,4020.7,1,1,4020.4,1,1,4020.2,8,1,4020.1,103,2,4020.0,299,9,4020.8,15,2,4020.9,7,2,4021.0,111,3,4021.6,29,2,4021.8,2,1
11483,2026-07-02 14:08:28+05:30,4020.8,1,4035.64,1598799,167343.0,176144.0,4100.0,4110.0,4012.0,4092.6,25498375,4501.8,3683.4,4440.0,3288.1,4020.7,1,1,4020.4,1,1,4020.2,8,1,4020.1,103,2,4020.0,299,9,4020.8,15,2,4020.9,7,2,4021.0,111,3,4021.6,29,2,4021.8,2,1
11483,2026-07-02 14:08:28+05:30,4020.8,8,4035.64,1598799,167343.0,176144.0,4100.0,4110.0,4012.0,4092.6,25498375,4501.8,3683.4,4440.0,3288.1,4020.7,1,1,4020.4,1,1,4020.2,8,1,4020.1,103,2,4020.0,299,9,4020.8,15,2,4020.9,7,2,4021.0,111,3,4021.6,29,2,4021.8,2,1
11483,2026-07-02 14:08:29+05:30,4020.8,8,4035.64,1598799,167343.0,176144.0,4100.0,4110.0,4012.0,4092.6,25498375,4501.8,3683.4,4440.0,3288.1,4020.7,1,1,4020.4,1,1,4020.2,8,1,4020.1,103,2,4020.0,299,9,4020.8,15,2,4020.9,7,2,4021.0,111,3,4021.6,29,2,4021.8,2,1
11483,2026-07-02 14:08:29+05:30,4020.8,8,4035.64,1598888,167566.0,176042.0,4100.0,4110.0,4012.0,4092.6,25498375,4501.8,3683.4,4440.0,3288.1,4020.7,3,2,4020.4,1,1,4020.1,103,2,4020.0,299,9,4019.8,34,2,4020.8,6,1,4020.9,7,2,4021.0,111,3,4021.1,12,1,4021.6,29,2
11483,2026-07-02 14:08:29+05:30,4020.8,8,4035.64,1598888,167566.0,176042.0,4100.0,4110.0,4012.0,4092.6,25498375,4501.8,3683.4,4440.0,3288.1,4020.7,3,2,4020.4,1,1,4020.1,103,2,4020.0,299,9,4019.8,34,2,4020.8,6,1,4020.9,7,2,4021.0,111,3,4021.1,12,1,4021.6,29,2
11483,2026-07-02 14:08:29+05:30,4020.7,1,4035.64,1598888,167566.0,176042.0,4100.0,4110.0,4012.0,4092.6,25498375,4501.8,3683.4,4440.0,3288.1,4020.7,3,2,4020.4,1,1,4020.1,103,2,4020.0,299,9,4019.8,34,2,4020.8,6,1,4020.9,7,2,4021.0,111,3,4021.1,12,1,4021.6,29,2
11483,2026-07-02 14:08:30+05:30,4020.7,1,4035.64,1598897,167623.0,176172.0,4100.0,4110.0,4012.0,4092.6,25498375,4501.8,3683.4,4440.0,3288.1,4020.4,1,1,4020.1,103,2,4020.0,299,9,4019.8,34,2,4019.7,18,2,4020.7,1,1,4020.8,6,1,4020.9,7,2,4021.0,111,3,4021.1,12,1
11483,2026-07-02 14:08:30+05:30,4020.8,3,4035.64,1598897,167623.0,176172.0,4100.0,4110.0,4012.0,4092.6,25498375,4501.8,3683.4,4440.0,3288.1,4020.4,1,1,4020.1,103,2,4020.0,299,9,4019.8,34,2,4019.7,18,2,4020.7,1,1,4020.8,6,1,4020.9,7,2,4021.0,111,3,4021.1,12,1
11483,2026-07-02 14:08:31+05:30,4020.8,3,4035.64,1598904,167438.0,176185.0,4100.0,4110.0,4012.0,4092.6,25498375,4501.8,3683.4,4440.0,3288.1,4020.4,1,1,4020.1,103,2,4020.0,291,8,4019.8,34,2,4019.7,18,2,4020.8,2,1,4020.9,7,2,4021.0,111,3,4021.1,12,1,4021.6,29,2
11483,2026-07-02 14:08:31+05:30,4020.8,45,4035.64,1598904,167438.0,176185.0,4100.0,4110.0,4012.0,4092.6,25498375,4501.8,3683.4,4440.0,3288.1,4020.4,1,1,4020.1,103,2,4020.0,291,8,4019.8,34,2,4019.7,18,2,4020.8,2,1,4020.9,7,2,4021.0,111,3,4021.1,12,1,4021.6,29,2
11483,2026-07-02 14:08:32+05:30,4020.9,1,4035.64,1598951,168062.0,176152.0,4100.0,4110.0,4012.0,4092.6,25498375,4501.8,3683.4,4440.0,3288.1,4020.8,55,1,4020.2,24,1,4020.1,113,3,4020.0,281,7,4019.8,47,3,4020.9,6,2,4021.0,111,3,4021.6,1,1,4021.8,2,1,4021.9,199,6
11483,2026-07-02 14:08:32+05:30,4020.8,12,4035.64,1598951,168062.0,176152.0,4100.0,4110.0,4012.0,4092.6,25498375,4501.8,3683.4,4440.0,3288.1,4020.8,55,1,4020.2,24,1,4020.1,113,3,4020.0,281,7,4019.8,47,3,4020.9,6,2,4021.0,111,3,4021.6,1,1,4021.8,2,1,4021.9,199,6
11483,2026-07-02 14:08:33+05:30,4020.8,12,4035.64,1599018,167649.0,179206.0,4100.0,4110.0,4012.0,4092.6,25498375,4501.8,3683.4,4440.0,3288.1,4020.7,14,1,4020.1,113,3,4020.0,277,6,4019.7,33,4,4019.6,96,6,4020.8,1,1,4020.9,6,2,4021.0,111,3,4021.6,29,2,4021.7,2,1
11483,2026-07-02 14:08:33+05:30,4020.7,8,4035.64,1599018,167649.0,179206.0,4100.0,4110.0,4012.0,4092.6,25498375,4501.8,3683.4,4440.0,3288.1,4020.7,14,1,4020.1,113,3,4020.0,277,6,4019.7,33,4,4019.6,96,6,4020.8,1,1,4020.9,6,2,4021.0,111,3,4021.6,29,2,4021.7,2,1
11483,2026-07-02 14:08:34+05:30,4020.7,8,4035.64,1599026,167669.0,179219.0,4100.0,4110.0,4012.0,4092.6,25498375,4501.8,3683.4,4440.0,3288.1,4020.7,6,1,4020.1,113,3,4020.0,277,6,4019.7,33,4,4019.6,96,6,4020.8,1,1,4020.9,6,2,4021.0,111,3,4021.6,29,2,4021.7,2,1
11483,2026-07-02 14:08:34+05:30,4020.7,1,4035.64,1599026,167669.0,179219.0,4100.0,4110.0,4012.0,4092.6,25498375,4501.8,3683.4,4440.0,3288.1,4020.7,6,1,4020.1,113,3,4020.0,277,6,4019.7,33,4,4019.6,96,6,4020.8,1,1,4020.9,6,2,4021.0,111,3,4021.6,29,2,4021.7,2,1
11483,2026-07-02 14:08:35+05:30,4020.7,1,4035.64,1599028,167676.0,179221.0,4100.0,4110.0,4012.0,4092.6,25498375,4501.8,3683.4,4440.0,3288.1,4020.7,4,1,4020.1,103,2,4020.0,277,6,4019.7,33,4,4019.6,96,6,4020.8,1,1,4020.9,6,2,4021.0,111,3,4021.6,29,2,4021.7,2,1
11483,2026-07-02 14:08:35+05:30,4020.7,1,4035.64,1599028,167676.0,179221.0,4100.0,4110.0,4012.0,4092.6,25498375,4501.8,3683.4,4440.0,3288.1,4020.7,4,1,4020.1,103,2,4020.0,277,6,4019.7,33,4,4019.6,96,6,4020.8,1,1,4020.9,6,2,4021.0,111,3,4021.6,29,2,4021.7,2,1
11483,2026-07-02 14:08:36+05:30,4020.7,1,4035.64,1599028,167674.0,179262.0,4100.0,4110.0,4012.0,4092.6,25498375,4501.8,3683.4,4440.0,3288.1,4020.7,4,1,4020.1,103,2,4020.0,277,6,4019.7,33,4,4019.6,96,6,4020.8,3,3,4020.9,6,2,4021.0,111,3,4021.4,13,1,4021.6,29,2
11483,2026-07-02 14:08:37+05:30,4020.7,1,4035.64,1599028,167631.0,179209.0,4100.0,4110.0,4012.0,4092.6,25498375,4501.8,3683.4,4440.0,3288.1,4020.7,5,2,4020.1,103,2,4020.0,277,6,4019.7,33,4,4019.6,96,6,4020.8,3,3,4020.9,6,2,4021.0,111,3,4021.4,13,1,4021.6,29,2
11483,2026-07-02 14:08:38+05:30,4020.7,1,4035.64,1599028,167677.0,179278.0,4100.0,4110.0,4012.0,4092.6,25498375,4501.8,3683.4,4440.0,3288.1,4020.7,7,3,4020.1,103,2,4020.0,327,7,4019.7,33,4,4019.6,96,6,4020.8,3,3,4020.9,6,2,4021.0,111,3,4021.5,15,2,4021.6,29,2
11483,2026-07-02 14:08:38+05:30,4020.1,1,4035.64,1599028,167677.0,179278.0,4100.0,4110.0,4012.0,4092.6,25498375,4501.8,3683.4,4440.0,3288.1,4020.7,7,3,4020.1,103,2,4020.0,327,7,4019.7,33,4,4019.6,96,6,4020.8,3,3,4020.9,6,2,4021.0,111,3,4021.5,15,2,4021.6,29,2
11483,2026-07-02 14:08:39+05:30,4020.8,1,4035.64,1599051,167452.0,179219.0,4100.0,4110.0,4012.0,4092.6,25498375,4501.8,3683.4,4440.0,3288.1,4020.1,102,2,4020.0,313,6,4019.7,36,4,4019.6,91,5,4019.5,25,3,4020.8,1,1,4020.9,6,2,4021.0,111,3,4021.2,26,1,4021.5,29,3
11483,2026-07-02 14:08:39+05:30,4020.1,3,4035.64,1599051,167452.0,179219.0,4100.0,4110.0,4012.0,4092.6,25498375,4501.8,3683.4,4440.0,3288.1,4020.1,102,2,4020.0,313,6,4019.7,36,4,4019.6,91,5,4019.5,25,3,4020.8,1,1,4020.9,6,2,4021.0,111,3,4021.2,26,1,4021.5,29,3
11483,2026-07-02 14:08:40+05:30,4020.1,3,4035.64,1599054,167416.0,179224.0,4100.0,4110.0,4012.0,4092.6,25498375,4501.8,3683.4,4440.0,3288.1,4020.1,99,2,4020.0,313,6,4019.7,36,4,4019.6,91,5,4019.5,25,3,4020.8,14,2,4020.9,6,2,4021.0,111,3,4021.2,26,1,4021.5,29,3
11483,2026-07-02 14:08:41+05:30,4020.1,3,4035.64,1599054,167418.0,179221.0,4100.0,4110.0,4012.0,4092.6,25498375,4501.8,3683.4,4440.0,3288.1,4020.1,99,2,4020.0,313,6,4019.7,36,4,4019.6,91,5,4019.5,25,3,4020.8,16,4,4020.9,6,2,4021.0,111,3,4021.2,39,2,4021.5,29,3
11483,2026-07-02 14:08:41+05:30,4020.8,1,4035.64,1599056,167418.0,179338.0,4100.0,4110.0,4012.0,4092.6,25498375,4501.8,3683.4,4440.0,3288.1,4020.1,99,2,4020.0,313,6,4019.7,36,4,4019.6,91,5,4019.5,25,3,4020.8,15,4,4020.9,6,2,4021.0,111,3,4021.1,15,1,4021.2,106,3
11483,2026-07-02 14:08:42+05:30,4020.7,4,4035.64,1599056,167418.0,179338.0,4100.0,4110.0,4012.0,4092.6,25498375,4501.8,3683.4,4440.0,3288.1,4020.1,99,2,4020.0,313,6,4019.7,36,4,4019.6,91,5,4019.5,25,3,4020.8,15,4,4020.9,6,2,4021.0,111,3,4021.1,15,1,4021.2,106,3
11483,2026-07-02 14:08:42+05:30,4020.7,4,4035.64,1599065,167416.0,179334.0,4100.0,4110.0,4012.0,4092.6,25498375,4501.8,3683.4,4440.0,3288.1,4020.7,1,1,4020.1,99,2,4020.0,311,5,4019.7,36,4,4019.6,91,5,4020.8,25,5,4020.9,44,4,4021.0,116,4,4021.1,15,1,4021.2,114,4
11483,2026-07-02 14:08:43+05:30,4020.8,1,4035.64,1599065,167416.0,179334.0,4100.0,4110.0,4012.0,4092.6,25498375,4501.8,3683.4,4440.0,3288.1,4020.7,1,1,4020.1,99,2,4020.0,311,5,4019.7,36,4,4019.6,91,5,4020.8,25,5,4020.9,44,4,4021.0,116,4,4021.1,15,1,4021.2,114,4
11483,2026-07-02 14:08:44+05:30,4020.8,1,4035.64,1599070,167407.0,179916.0,4100.0,4110.0,4012.0,4092.6,25498375,4501.8,3683.4,4440.0,3288.1,4020.1,96,1,4020.0,311,5,4019.7,36,4,4019.6,91,5,4019.5,25,3,4020.8,23,6,4020.9,44,4,4021.0,116,4,4021.1,15,1,4021.2,114,4
11483,2026-07-02 14:08:44+05:30,4020.1,1,4035.64,1599070,167407.0,179916.0,4100.0,4110.0,4012.0,4092.6,25498375,4501.8,3683.4,4440.0,3288.1,4020.1,96,1,4020.0,311,5,4019.7,36,4,4019.6,91,5,4019.5,25,3,4020.8,23,6,4020.9,44,4,4021.0,116,4,4021.1,15,1,4021.2,114,4
11483,2026-07-02 14:08:45+05:30,4020.1,1,4035.64,1599071,167435.0,179935.0,4100.0,4110.0,4012.0,4092.6,25498375,4501.8,3683.4,4440.0,3288.1,4020.1,95,1,4020.0,311,5,4019.7,36,4,4019.6,91,5,4019.5,25,3,4020.8,36,7,4020.9,31,3,4021.0,116,4,4021.1,15,1,4021.2,114,4
11483,2026-07-02 14:08:45+05:30,4020.8,5,4035.64,1599071,167435.0,179935.0,4100.0,4110.0,4012.0,4092.6,25498375,4501.8,3683.4,4440.0,3288.1,4020.1,95,1,4020.0,311,5,4019.7,36,4,4019.6,91,5,4019.5,25,3,4020.8,36,7,4020.9,31,3,4021.0,116,4,4021.1,15,1,4021.2,114,4
11483,2026-07-02 14:08:46+05:30,4020.8,3,4035.64,1599086,167354.0,180040.0,4100.0,4110.0,4012.0,4092.6,25498375,4501.8,3683.4,4440.0,3288.1,4020.6,2,2,4020.1,95,1,4020.0,311,5,4019.8,8,1,4019.7,36,4,4020.8,36,5,4020.9,31,3,4021.0,111,3,4021.1,15,1,4021.2,88,3
11483,2026-07-02 14:08:46+05:30,4020.6,1,4035.64,1599086,167354.0,180040.0,4100.0,4110.0,4012.0,4092.6,25498375,4501.8,3683.4,4440.0,3288.1,4020.6,2,2,4020.1,95,1,4020.0,311,5,4019.8,8,1,4019.7,36,4,4020.8,36,5,4020.9,31,3,4021.0,111,3,4021.1,15,1,4021.2,88,3
11483,2026-07-02 14:08:47+05:30,4020.6,1,4035.64,1599088,167460.0,180076.0,4100.0,4110.0,4012.0,4092.6,25498375,4501.8,3683.4,4440.0,3288.1,4020.7,1,1,4020.6,2,2,4020.1,95,1,4020.0,311,5,4019.8,8,1,4020.8,16,3,4020.9,43,4,4021.0,111,3,4021.1,15,1,4021.2,80,2
11483,2026-07-02 14:08:47+05:30,4020.8,1,4035.64,1599088,167460.0,180076.0,4100.0,4110.0,4012.0,4092.6,25498375,4501.8,3683.4,4440.0,3288.1,4020.7,1,1,4020.6,2,2,4020.1,95,1,4020.0,311,5,4019.8,8,1,4020.8,16,3,4020.9,43,4,4021.0,111,3,4021.1,15,1,4021.2,80,2
11483,2026-07-02 14:08:48+05:30,4020.8,1,4035.64,1599089,167457.0,180079.0,4100.0,4110.0,4012.0,4092.6,25498375,4501.8,3683.4,4440.0,3288.1,4020.7,1,1,4020.6,2,2,4020.1,95,1,4020.0,311,5,4019.8,8,1,4020.8,15,3,4020.9,43,4,4021.0,111,3,4021.1,15,1,4021.2,80,2
11483,2026-07-02 14:08:49+05:30,4020.8,2,4035.64,1599092,167482.0,180079.0,4100.0,4110.0,4012.0,4092.6,25498375,4501.8,3683.4,4440.0,3288.1,4020.7,1,1,4020.6,2,2,4020.1,95,1,4020.0,336,6,4019.8,8,1,4020.8,12,2,4020.9,43,4,4021.0,111,3,4021.1,15,1,4021.2,80,2
11483,2026-07-02 14:08:49+05:30,4020.7,1,4035.64,1599092,167482.0,180079.0,4100.0,4110.0,4012.0,4092.6,25498375,4501.8,3683.4,4440.0,3288.1,4020.7,1,1,4020.6,2,2,4020.1,95,1,4020.0,336,6,4019.8,8,1,4020.8,12,2,4020.9,43,4,4021.0,111,3,4021.1,15,1,4021.2,80,2
11483,2026-07-02 14:08:50+05:30,4020.6,1,4035.64,1599094,167480.0,180081.0,4100.0,4110.0,4012.0,4092.6,25498375,4501.8,3683.4,4440.0,3288.1,4020.6,1,1,4020.1,95,1,4020.0,336,6,4019.8,8,1,4019.7,23,3,4020.8,12,2,4020.9,43,4,4021.0,111,3,4021.1,15,1,4021.2,80,2
11483,2026-07-02 14:08:50+05:30,4020.6,1,4035.64,1599094,167480.0,180081.0,4100.0,4110.0,4012.0,4092.6,25498375,4501.8,3683.4,4440.0,3288.1,4020.6,1,1,4020.1,95,1,4020.0,336,6,4019.8,8,1,4019.7,23,3,4020.8,12,2,4020.9,43,4,4021.0,111,3,4021.1,15,1,4021.2,80,2
11483,2026-07-02 14:08:51+05:30,4020.6,1,4035.64,1599094,167480.0,180068.0,4100.0,4110.0,4012.0,4092.6,25498375,4501.8,3683.4,4440.0,3288.1,4020.6,1,1,4020.1,95,1,4020.0,336,6,4019.8,8,1,4019.7,23,3,4020.8,12,2,4020.9,43,4,4021.0,111,3,4021.1,15,1,4021.2,80,2
11483,2026-07-02 14:08:51+05:30,4020.8,1,4035.64,1599094,167480.0,180068.0,4100.0,4110.0,4012.0,4092.6,25498375,4501.8,3683.4,4440.0,3288.1,4020.6,1,1,4020.1,95,1,4020.0,336,6,4019.8,8,1,4019.7,23,3,4020.8,12,2,4020.9,43,4,4021.0,111,3,4021.1,15,1,4021.2,80,2
11483,2026-07-02 14:08:52+05:30,4020.0,30,4035.64,1599558,166734.0,180787.0,4100.0,4110.0,4012.0,4092.6,25498375,4501.8,3683.4,4440.0,3288.1,4019.8,31,3,4019.7,23,3,4019.6,78,4,4019.5,17,2,4019.4,15,1,4020.0,23,1,4020.8,25,4,4020.9,79,5,4021.0,113,4,4021.1,34,2
11483,2026-07-02 14:08:52+05:30,4019.8,17,4035.64,1599558,166734.0,180787.0,4100.0,4110.0,4012.0,4092.6,25498375,4501.8,3683.4,4440.0,3288.1,4019.8,31,3,4019.7,23,3,4019.6,78,4,4019.5,17,2,4019.4,15,1,4020.0,23,1,4020.8,25,4,4020.9,79,5,4021.0,113,4,4021.1,34,2
11483,2026-07-02 14:08:53+05:30,4019.8,1,4035.64,1599590,166766.0,180823.0,4100.0,4110.0,4012.0,4092.6,25498375,4501.8,3683.4,4440.0,3288.1,4019.7,23,3,4019.6,78,4,4019.5,17,2,4019.3,8,1,4019.2,20,2,4019.8,5,1,4020.0,23,1,4020.8,25,4,4020.9,42,3,4021.0,113,4
11483,2026-07-02 14:08:53+05:30,4019.7,3,4035.64,1599590,166766.0,180823.0,4100.0,4110.0,4012.0,4092.6,25498375,4501.8,3683.4,4440.0,3288.1,4019.7,23,3,4019.6,78,4,4019.5,17,2,4019.3,8,1,4019.2,20,2,4019.8,5,1,4020.0,23,1,4020.8,25,4,4020.9,42,3,4021.0,113,4
11483,2026-07-02 14:08:54+05:30,4019.8,2,4035.64,1599600,166651.0,180675.0,4100.0,4110.0,4012.0,4092.6,25498375,4501.8,3683.4,4440.0,3288.1,4019.7,20,3,4019.6,78,4,4019.5,17,2,4019.1,23,3,4019.0,671,10,4019.8,6,1,4020.0,23,1,4020.6,14,1,4020.8,71,4,4020.9,84,5
11483,2026-07-02 14:08:54+05:30,4019.7,2,4035.64,1599600,166651.0,180675.0,4100.0,4110.0,4012.0,4092.6,25498375,4501.8,3683.4,4440.0,3288.1,4019.7,20,3,4019.6,78,4,4019.5,17,2,4019.1,23,3,4019.0,671,10,4019.8,6,1,4020.0,23,1,4020.6,14,1,4020.8,71,4,4020.9,84,5
11483,2026-07-02 14:08:55+05:30,4019.7,2,4035.64,1599602,166927.0,180715.0,4100.0,4110.0,4012.0,4092.6,25498375,4501.8,3683.4,4440.0,3288.1,4019.7,18,3,4019.6,78,4,4019.5,17,2,4019.1,18,2,4019.0,963,11,4019.8,6,1,4020.0,23,1,4020.6,57,3,4020.7,5,1,4020.8,89,5
11483,2026-07-02 14:08:55+05:30,4019.8,19,4035.64,1599602,166927.0,180715.0,4100.0,4110.0,4012.0,4092.6,25498375,4501.8,3683.4,4440.0,3288.1,4019.7,18,3,4019.6,78,4,4019.5,17,2,4019.1,18,2,4019.0,963,11,4019.8,6,1,4020.0,23,1,4020.6,57,3,4020.7,5,1,4020.8,89,5
11483,2026-07-02 14:08:56+05:30,4019.8,19,4035.64,1599621,166990.0,180631.0,4100.0,4110.0,4012.0,4092.6,25498375,4501.8,3683.4,4440.0,3288.1,4019.8,31,4,4019.7,18,3,4019.6,98,5,4019.5,17,2,4019.2,3,1,4020.0,23,1,4020.8,59,3,4020.9,48,4,4021.0,133,5,4021.1,15,1
11483,2026-07-02 14:08:56+05:30,4019.8,2,4035.64,1599621,166990.0,180631.0,4100.0,4110.0,4012.0,4092.6,25498375,4501.8,3683.4,4440.0,3288.1,4019.8,31,4,4019.7,18,3,4019.6,98,5,4019.5,17,2,4019.2,3,1,4020.0,23,1,4020.8,59,3,4020.9,48,4,4021.0,133,5,4021.1,15,1
11483,2026-07-02 14:08:57+05:30,4019.8,2,4035.64,1599623,167052.0,180651.0,4100.0,4110.0,4012.0,4092.6,25498375,4501.8,3683.4,4440.0,3288.1,4019.9,22,3,4019.8,29,4,4019.7,18,3,4019.6,98,5,4019.5,17,2,4020.0,36,2,4020.8,49,2,4020.9,6,2,4021.0,113,4,4021.1,15,1
11483,2026-07-02 14:08:58+05:30,4020.0,36,4035.64,1599660,167969.0,180756.0,4100.0,4110.0,4012.0,4092.6,25498375,4501.8,3683.4,4440.0,3288.1,4020.0,25,3,4019.9,22,3,4019.8,21,2,4019.7,19,4,4019.6,98,5,4020.8,14,2,4020.9,6,2,4021.0,111,3,4021.1,15,1,4021.2,67,1
11483,2026-07-02 14:08:58+05:30,4020.8,6,4035.64,1599660,167969.0,180756.0,4100.0,4110.0,4012.0,4092.6,25498375,4501.8,3683.4,4440.0,3288.1,4020.0,25,3,4019.9,22,3,4019.8,21,2,4019.7,19,4,4019.6,98,5,4020.8,14,2,4020.9,6,2,4021.0,111,3,4021.1,15,1,4021.2,67,1
11483,2026-07-02 14:08:59+05:30,4020.0,15,4035.64,1599707,168028.0,180959.0,4100.0,4110.0,4012.0,4092.6,25498375,4501.8,3683.4,4440.0,3288.1,4019.9,22,3,4019.8,21,2,4019.7,19,4,4019.6,98,5,4019.5,17,2,4020.8,36,4,4020.9,6,2,4021.0,111,3,4021.1,15,1,4021.2,92,3
11483,2026-07-02 14:08:59+05:30,4019.9,4,4035.64,1599707,168028.0,180959.0,4100.0,4110.0,4012.0,4092.6,25498375,4501.8,3683.4,4440.0,3288.1,4019.9,22,3,4019.8,21,2,4019.7,19,4,4019.6,98,5,4019.5,17,2,4020.8,36,4,4020.9,6,2,4021.0,111,3,4021.1,15,1,4021.2,92,3
11483,2026-07-02 14:09:00+05:30,4020.8,1,4035.63,1599789,167690.0,180994.0,4100.0,4110.0,4012.0,4092.6,25498375,4501.8,3683.4,4440.0,3288.1,4019.6,99,5,4019.5,17,2,4019.2,35,2,4019.1,13,2,4019.0,963,10,4020.8,39,5,4020.9,17,3,4021.0,139,4,4021.1,15,1,4021.2,81,2
11483,2026-07-02 14:09:00+05:30,4020.8,3,4035.63,1599789,167690.0,180994.0,4100.0,4110.0,4012.0,4092.6,25498375,4501.8,3683.4,4440.0,3288.1,4019.6,99,5,4019.5,17,2,4019.2,35,2,4019.1,13,2,4019.0,963,10,4020.8,39,5,4020.9,17,3,4021.0,139,4,4021.1,15,1,4021.2,81,2
11483,2026-07-02 14:09:01+05:30,4020.2,5,4035.63,1599810,167695.0,181689.0,4100.0,4110.0,4012.0,4092.6,25498375,4501.8,3683.4,4440.0,3288.1,4019.7,64,3,4019.6,89,4,4019.5,17,2,4019.2,2,1,4019.1,10,1,4020.2,76,1,4020.3,42,1,4020.4,42,1,4020.5,42,1,4020.7,42,1
11483,2026-07-02 14:09:01+05:30,4019.7,2,4035.63,1599810,167695.0,181689.0,4100.0,4110.0,4012.0,4092.6,25498375,4501.8,3683.4,4440.0,3288.1,4019.7,64,3,4019.6,89,4,4019.5,17,2,4019.2,2,1,4019.1,10,1,4020.2,76,1,4020.3,42,1,4020.4,42,1,4020.5,42,1,4020.7,42,1
11483,2026-07-02 14:09:02+05:30,4019.7,1,4035.63,1599813,167782.0,181609.0,4100.0,4110.0,4012.0,4092.6,25498375,4501.8,3683.4,4440.0,3288.1,4019.7,61,3,4019.6,89,4,4019.5,17,2,4019.2,2,1,4019.1,10,1,4019.9,76,1,4020.1,42,1,4020.2,44,2,4020.3,42,1,4020.5,42,1
11483,2026-07-02 14:09:02+05:30,4019.7,1,4035.63,1599813,167782.0,181609.0,4100.0,4110.0,4012.0,4092.6,25498375,4501.8,3683.4,4440.0,3288.1,4019.7,61,3,4019.6,89,4,4019.5,17,2,4019.2,2,1,4019.1,10,1,4019.9,76,1,4020.1,42,1,4020.2,44,2,4020.3,42,1,4020.5,42,1
11483,2026-07-02 14:09:03+05:30,4019.7,1,4035.63,1599813,167693.0,181536.0,4100.0,4110.0,4012.0,4092.6,25498375,4501.8,3683.4,4440.0,3288.1,4019.7,61,3,4019.6,89,4,4019.5,17,2,4019.1,10,1,4019.0,957,10,4019.9,76,1,4020.0,42,1,4020.1,42,1,4020.2,44,2,4020.4,42,1
11483,2026-07-02 14:09:03+05:30,4019.9,6,4035.63,1599813,167693.0,181536.0,4100.0,4110.0,4012.0,4092.6,25498375,4501.8,3683.4,4440.0,3288.1,4019.7,61,3,4019.6,89,4,4019.5,17,2,4019.1,10,1,4019.0,957,10,4019.9,76,1,4020.0,42,1,4020.1,42,1,4020.2,44,2,4020.4,42,1
11483,2026-07-02 14:09:04+05:30,4019.7,1,4035.63,1599820,167588.0,181467.0,4100.0,4110.0,4012.0,4092.6,25498375,4501.8,3683.4,4440.0,3288.1,4019.7,60,3,4019.6,89,4,4019.5,17,2,4019.1,10,1,4019.0,957,10,4019.8,70,1,4019.9,36,1,4020.0,42,1,4020.1,42,1,4020.2,2,1
11483,2026-07-02 14:09:04+05:30,4019.7,1,4035.63,1599820,167588.0,181467.0,4100.0,4110.0,4012.0,4092.6,25498375,4501.8,3683.4,4440.0,3288.1,4019.7,60,3,4019.6,89,4,4019.5,17,2,4019.1,10,1,4019.0,957,10,4019.8,70,1,4019.9,36,1,4020.0,42,1,4020.1,42,1,4020.2,2,1
11483,2026-07-02 14:09:05+05:30,4019.7,1,4035.63,1599821,167600.0,178510.0,4100.0,4110.0,4012.0,4092.6,25498375,4501.8,3683.4,4440.0,3288.1,4019.7,60,4,4019.6,89,4,4019.5,17,2,4019.1,10,1,4019.0,957,10,4019.8,72,2,4019.9,36,1,4020.0,82,2,4020.1,42,1,4020.3,42,1
11483,2026-07-02 14:09:06+05:30,4019.8,6,4035.63,1599829,167578.0,178624.0,4100.0,4110.0,4012.0,4092.6,25498375,4501.8,3683.4,4440.0,3288.1,4019.7,60,4,4019.6,89,4,4019.5,17,2,4019.1,10,1,4019.0,958,11,4019.8,64,1,4019.9,36,1,4020.0,82,2,4020.1,42,1,4020.3,55,2
11483,2026-07-02 14:09:06+05:30,4019.7,1,4035.63,1599829,167578.0,178624.0,4100.0,4110.0,4012.0,4092.6,25498375,4501.8,3683.4,4440.0,3288.1,4019.7,60,4,4019.6,89,4,4019.5,17,2,4019.1,10,1,4019.0,958,11,4019.8,64,1,4019.9,36,1,4020.0,82,2,4020.1,42,1,4020.3,55,2
11483,2026-07-02 14:09:07+05:30,4019.8,1,4035.63,1599831,167733.0,178280.0,4100.0,4110.0,4012.0,4092.6,25498375,4501.8,3683.4,4440.0,3288.1,4019.7,60,5,4019.6,89,4,4019.5,17,2,4019.2,3,1,4019.1,36,2,4020.0,53,2,4020.6,28,2,4020.8,40,3,4020.9,21,4,4021.0,139,4
11483,2026-07-02 14:09:07+05:30,4019.7,1,4035.63,1599831,167733.0,178280.0,4100.0,4110.0,4012.0,4092.6,25498375,4501.8,3683.4,4440.0,3288.1,4019.7,60,5,4019.6,89,4,4019.5,17,2,4019.2,3,1,4019.1,36,2,4020.0,53,2,4020.6,28,2,4020.8,40,3,4020.9,21,4,4021.0,139,4
11483,2026-07-02 14:09:08+05:30,4019.1,13,4035.63,1600032,167254.0,178610.0,4100.0,4110.0,4012.0,4092.6,25498375,4501.8,3683.4,4440.0,3288.1,4019.0,962,13,4018.9,18,2,4018.8,28,1,4018.6,68,3,4018.5,42,2,4019.8,13,1,4020.0,42,2,4020.6,28,2,4020.8,40,3,4020.9,34,5
11483,2026-07-02 14:09:08+05:30,4019.8,3,4035.63,1600032,167254.0,178610.0,4100.0,4110.0,4012.0,4092.6,25498375,4501.8,3683.4,4440.0,3288.1,4019.0,962,13,4018.9,18,2,4018.8,28,1,4018.6,68,3,4018.5,42,2,4019.8,13,1,4020.0,42,2,4020.6,28,2,4020.8,40,3,4020.9,34,5
11483,2026-07-02 14:09:09+05:30,4020.0,1,4035.63,1600060,167831.0,178567.0,4100.0,4110.0,4012.0,4092.6,25498375,4501.8,3683.4,4440.0,3288.1,4019.8,29,5,4019.7,13,1,4019.6,4,1,4019.5,17,2,4019.4,87,4,4020.0,41,2,4020.8,73,3,4020.9,6,2,4021.0,111,3,4021.1,15,1
11483,2026-07-02 14:09:09+05:30,4019.8,2,4035.63,1600060,167831.0,178567.0,4100.0,4110.0,4012.0,4092.6,25498375,4501.8,3683.4,4440.0,3288.1,4019.8,29,5,4019.7,13,1,4019.6,4,1,4019.5,17,2,4019.4,87,4,4020.0,41,2,4020.8,73,3,4020.9,6,2,4021.0,111,3,4021.1,15,1
11483,2026-07-02 14:09:10+05:30,4020.0,11,4035.63,1600115,168164.0,177985.0,4100.0,4110.0,4012.0,4092.6,25498375,4501.8,3683.4,4440.0,3288.1,4020.0,24,3,4019.8,25,4,4019.6,96,2,4019.5,59,3,4019.4,89,5,4020.8,50,1,4020.9,6,2,4021.0,111,3,4021.1,15,1,4021.2,67,1
11483,2026-07-02 14:09:10+05:30,4020.0,10,4035.63,1600115,168164.0,177985.0,4100.0,4110.0,4012.0,4092.6,25498375,4501.8,3683.4,4440.0,3288.1,4020.0,24,3,4019.8,25,4,4019.6,96,2,4019.5,59,3,4019.4,89,5,4020.8,50,1,4020.9,6,2,4021.0,111,3,4021.1,15,1,4021.2,67,1
11483,2026-07-02 14:09:11+05:30,4020.0,42,4035.63,1600447,167672.0,178209.0,4100.0,4110.0,4012.0,4092.6,25498375,4501.8,3683.4,4440.0,3288.1,4019.5,50,1,4019.3,65,3,4019.2,59,3,4019.1,94,4,4019.0,940,11,4020.8,54,2,4020.9,65,5,4021.0,111,3,4021.1,28,2,4021.2,93,2
11483,2026-07-02 14:09:11+05:30,4020.7,1,4035.63,1600447,167672.0,178209.0,4100.0,4110.0,4012.0,4092.6,25498375,4501.8,3683.4,4440.0,3288.1,4019.5,50,1,4019.3,65,3,4019.2,59,3,4019.1,94,4,4019.0,940,11,4020.8,54,2,4020.9,65,5,4021.0,111,3,4021.1,28,2,4021.2,93,2
11483,2026-07-02 14:09:12+05:30,4020.7,1,4035.63,1600568,167471.0,178246.0,4100.0,4110.0,4012.0,4092.6,25498375,4501.8,3683.4,4440.0,3288.1,4019.6,10,1,4019.5,11,1,4019.4,15,1,4019.3,32,2,4019.2,14,2,4020.8,44,1,4020.9,54,4,4021.0,157,5,4021.1,46,3,4021.2,101,3
11483,2026-07-02 14:09:12+05:30,4020.2,15,4035.63,1600568,167471.0,178246.0,4100.0,4110.0,4012.0,4092.6,25498375,4501.8,3683.4,4440.0,3288.1,4019.6,10,1,4019.5,11,1,4019.4,15,1,4019.3,32,2,4019.2,14,2,4020.8,44,1,4020.9,54,4,4021.0,157,5,4021.1,46,3,4021.2,101,3
11483,2026-07-02 14:09:13+05:30,4020.0,42,4035.63,1600694,167569.0,178357.0,4100.0,4110.0,4012.0,4092.6,25498375,4501.8,3683.4,4440.0,3288.1,4019.8,44,2,4019.7,12,1,4019.5,11,1,4019.3,69,2,4019.2,60,2,4020.8,98,4,4020.9,35,5,4021.0,111,3,4021.1,48,3,4021.2,101,3
11483,2026-07-02 14:09:13+05:30,4020.8,2,4035.63,1600694,167569.0,178357.0,4100.0,4110.0,4012.0,4092.6,25498375,4501.8,3683.4,4440.0,3288.1,4019.8,44,2,4019.7,12,1,4019.5,11,1,4019.3,69,2,4019.2,60,2,4020.8,98,4,4020.9,35,5,4021.0,111,3,4021.1,48,3,4021.2,101,3
11483,2026-07-02 14:09:14+05:30,4020.1,24,4035.62,1600864,167331.0,178381.0,4100.0,4110.0,4012.0,4092.6,25498375,4501.8,3683.4,4440.0,3288.1,4019.7,14,2,4019.5,11,1,4019.2,50,2,4019.1,84,4,4019.0,940,11,4020.7,3,1,4020.8,95,4,4020.9,24,4,4021.0,122,4,4021.1,48,3
11483,2026-07-02 14:09:14+05:30,4019.7,1,4035.62,1600864,167331.0,178381.0,4100.0,4110.0,4012.0,4092.6,25498375,4501.8,3683.4,4440.0,3288.1,4019.7,14,2,4019.5,11,1,4019.2,50,2,4019.1,84,4,4019.0,940,11,4020.7,3,1,4020.8,95,4,4020.9,24,4,4021.0,122,4,4021.1,48,3
11483,2026-07-02 14:09:15+05:30,4019.7,6,4035.62,1600885,167617.0,178269.0,4100.0,4110.0,4012.0,4092.6,25498375,4501.8,3683.4,4440.0,3288.1,4019.7,10,1,4019.6,81,4,4019.5,66,3,4019.4,93,4,4019.3,2,1,4020.7,2,1,4020.8,42,1,4020.9,35,4,4021.0,111,3,4021.1,33,2
11483,2026-07-02 14:09:15+05:30,4020.8,1,4035.62,1600885,167617.0,178269.0,4100.0,4110.0,4012.0,4092.6,25498375,4501.8,3683.4,4440.0,3288.1,4019.7,10,1,4019.6,81,4,4019.5,66,3,4019.4,93,4,4019.3,2,1,4020.7,2,1,4020.8,42,1,4020.9,35,4,4021.0,111,3,4021.1,33,2
11483,2026-07-02 14:09:16+05:30,4020.8,1,4035.62,1600890,167860.0,178247.0,4100.0,4110.0,4012.0,4092.6,25498375,4501.8,3683.4,4440.0,3288.1,4020.4,42,1,4020.3,42,1,4020.2,42,3,4020.1,42,1,4020.0,14,2,4020.8,85,3,4020.9,23,3,4021.0,111,3,4021.1,33,2,4021.2,75,2
11483,2026-07-02 14:09:16+05:30,4019.0,199,4035.62,1600890,167860.0,178247.0,4100.0,4110.0,4012.0,4092.6,25498375,4501.8,3683.4,4440.0,3288.1,4020.4,42,1,4020.3,42,1,4020.2,42,3,4020.1,42,1,4020.0,14,2,4020.8,85,3,4020.9,23,3,4021.0,111,3,4021.1,33,2,4021.2,75,2
11483,2026-07-02 14:09:17+05:30,4019.0,199,4035.62,1601491,167042.0,178846.0,4100.0,4110.0,4012.0,4092.6,25498375,4501.8,3683.4,4440.0,3288.1,4019.9,1,1,4019.6,16,1,4019.3,3,1,4019.2,11,1,4019.1,54,4,4020.3,25,1,4020.4,1,1,4020.8,41,1,4020.9,23,3,4021.0,111,3
11483,2026-07-02 14:09:17+05:30,4020.0,12,4035.62,1601491,167042.0,178846.0,4100.0,4110.0,4012.0,4092.6,25498375,4501.8,3683.4,4440.0,3288.1,4019.9,1,1,4019.6,16,1,4019.3,3,1,4019.2,11,1,4019.1,54,4,4020.3,25,1,4020.4,1,1,4020.8,41,1,4020.9,23,3,4021.0,111,3
11483,2026-07-02 14:09:18+05:30,4020.0,12,4035.62,1601575,167167.0,178849.0,4100.0,4110.0,4012.0,4092.6,25498375,4501.8,3683.4,4440.0,3288.1,4019.9,43,2,4019.7,42,1,4019.6,16,1,4019.3,11,1,4019.1,67,5,4020.3,25,1,4020.4,1,1,4020.8,41,1,4020.9,23,3,4021.0,111,3
11483,2026-07-02 14:09:18+05:30,4019.9,9,4035.62,1601575,167167.0,178849.0,4100.0,4110.0,4012.0,4092.6,25498375,4501.8,3683.4,4440.0,3288.1,4019.9,43,2,4019.7,42,1,4019.6,16,1,4019.3,11,1,4019.1,67,5,4020.3,25,1,4020.4,1,1,4020.8,41,1,4020.9,23,3,4021.0,111,3
11483,2026-07-02 14:09:19+05:30,4020.1,12,4035.62,1601689,167543.0,177420.0,4100.0,4110.0,4012.0,4092.6,25498375,4501.8,3683.4,4440.0,3288.1,4020.0,79,4,4019.9,34,2,4019.7,29,2,4019.6,33,2,4019.5,71,4,4020.8,12,1,4020.9,23,3,4021.0,111,3,4021.1,33,2,4021.2,75,2
11483,2026-07-02 14:09:19+05:30,4020.0,2,4035.62,1601689,167543.0,177420.0,4100.0,4110.0,4012.0,4092.6,25498375,4501.8,3683.4,4440.0,3288.1,4020.0,79,4,4019.9,34,2,4019.7,29,2,4019.6,33,2,4019.5,71,4,4020.8,12,1,4020.9,23,3,4021.0,111,3,4021.1,33,2,4021.2,75,2
11483,2026-07-02 14:09:20+05:30,4020.0,10,4035.61,1601896,167292.0,178014.0,4100.0,4110.0,4012.0,4092.6,25498375,4501.8,3683.4,4440.0,3288.1,4019.9,34,2,4019.8,16,1,4019.7,13,1,4019.5,3,1,4019.4,44,3,4020.0,10,1,4020.9,23,3,4021.0,111,3,4021.1,45,3,4021.2,75,2
11483,2026-07-02 14:09:20+05:30,4019.9,24,4035.61,1601896,167292.0,178014.0,4100.0,4110.0,4012.0,4092.6,25498375,4501.8,3683.4,4440.0,3288.1,4019.9,34,2,4019.8,16,1,4019.7,13,1,4019.5,3,1,4019.4,44,3,4020.0,10,1,4020.9,23,3,4021.0,111,3,4021.1,45,3,4021.2,75,2
11483,2026-07-02 14:09:21+05:30,4019.9,24,4035.61,1601920,167422.0,178152.0,4100.0,4110.0,4012.0,4092.6,25498375,4501.8,3683.4,4440.0,3288.1,4019.9,52,3,4019.8,42,1,4019.5,45,2,4019.4,44,3,4019.3,64,2,4020.0,21,3,4020.9,23,3,4021.0,111,3,4021.1,45,3,4021.2,75,2
11483,2026-07-02 14:09:21+05:30,4019.9,3,4035.61,1601920,167422.0,178152.0,4100.0,4110.0,4012.0,4092.6,25498375,4501.8,3683.4,4440.0,3288.1,4019.9,52,3,4019.8,42,1,4019.5,45,2,4019.4,44,3,4019.3,64,2,4020.0,21,3,4020.9,23,3,4021.0,111,3,4021.1,45,3,4021.2,75,2
11483,2026-07-02 14:09:22+05:30,4020.0,1,4035.61,1601924,167399.0,178155.0,4100.0,4110.0,4012.0,4092.6,25498375,4501.8,3683.4,4440.0,3288.1,4019.9,48,2,4019.8,42,1,4019.5,42,1,4019.4,44,3,4019.3,16,1,4020.0,20,3,4020.9,23,3,4021.0,111,3,4021.1,45,3,4021.2,75,2
11483,2026-07-02 14:09:22+05:30,4019.9,1,4035.61,1601924,167399.0,178155.0,4100.0,4110.0,4012.0,4092.6,25498375,4501.8,3683.4,4440.0,3288.1,4019.9,48,2,4019.8,42,1,4019.5,42,1,4019.4,44,3,4019.3,16,1,4020.0,20,3,4020.9,23,3,4021.0,111,3,4021.1,45,3,4021.2,75,2
11483,2026-07-02 14:09:23+05:30,4019.9,1,4035.61,1601925,167201.0,178571.0,4100.0,4110.0,4012.0,4092.6,25498375,4501.8,3683.4,4440.0,3288.1,4019.9,5,1,4019.8,42,1,4019.5,42,1,4019.4,2,1,4019.3,16,1,4020.0,22,4,4020.9,61,4,4021.0,129,4,4021.1,45,3,4021.2,117,4
11483,2026-07-02 14:09:23+05:30,4019.9,1,4035.61,1601925,167201.0,178571.0,4100.0,4110.0,4012.0,4092.6,25498375,4501.8,3683.4,4440.0,3288.1,4019.9,5,1,4019.8,42,1,4019.5,42,1,4019.4,2,1,4019.3,16,1,4020.0,22,4,4020.9,61,4,4021.0,129,4,4021.1,45,3,4021.2,117,4
11483,2026-07-02 14:09:24+05:30,4019.9,1,4035.61,1601925,167201.0,178571.0,4100.0,4110.0,4012.0,4092.6,25498375,4501.8,3683.4,4440.0,3288.1,4019.9,5,1,4019.8,42,1,4019.5,42,1,4019.4,2,1,4019.3,16,1,4020.0,22,4,4020.9,61,4,4021.0,129,4,4021.1,45,3,4021.2,117,4
11483,2026-07-02 14:09:24+05:30,4020.0,1,4035.61,1601927,167170.0,178599.0,4100.0,4110.0,4012.0,4092.6,25498375,4501.8,3683.4,4440.0,3288.1,4019.3,25,4,4019.2,3,1,4019.1,26,1,4019.0,776,14,4018.9,21,2,4019.9,1,1,4020.0,32,4,4020.9,61,4,4021.0,129,4,4021.1,59,3
11483,2026-07-02 14:09:24+05:30,4020.0,1,4035.61,1601927,167170.0,178599.0,4100.0,4110.0,4012.0,4092.6,25498375,4501.8,3683.4,4440.0,3288.1,4019.3,25,4,4019.2,3,1,4019.1,26,1,4019.0,776,14,4018.9,21,2,4019.9,1,1,4020.0,32,4,4020.9,61,4,4021.0,129,4,4021.1,59,3
11483,2026-07-02 14:09:24+05:30,4020.0,1,4035.61,1601927,167170.0,178599.0,4100.0,4110.0,4012.0,4092.6,25498375,4501.8,3683.4,4440.0,3288.1,4019.3,25,4,4019.2,3,1,4019.1,26,1,4019.0,776,14,4018.9,21,2,4019.9,1,1,4020.0,32,4,4020.9,61,4,4021.0,129,4,4021.1,59,3
11483,2026-07-02 14:09:25+05:30,4020.0,1,4035.61,1601927,167170.0,178599.0,4100.0,4110.0,4012.0,4092.6,25498375,4501.8,3683.4,4440.0,3288.1,4019.3,25,4,4019.2,3,1,4019.1,26,1,4019.0,776,14,4018.9,21,2,4019.9,1,1,4020.0,32,4,4020.9,61,4,4021.0,129,4,4021.1,59,3
11483,2026-07-02 14:09:25+05:30,4020.0,1,4035.61,1601927,167168.0,178809.0,4100.0,4110.0,4012.0,4092.6,25498375,4501.8,3683.4,4440.0,3288.1,4019.3,19,3,4019.2,3,1,4019.1,26,1,4019.0,776,14,4018.9,21,2,4019.9,2,2,4020.0,17,2,4020.9,61,4,4021.0,129,4,4021.1,73,4
11483,2026-07-02 14:09:25+05:30,4020.0,1,4035.61,1601927,167168.0,178809.0,4100.0,4110.0,4012.0,4092.6,25498375,4501.8,3683.4,4440.0,3288.1,4019.3,19,3,4019.2,3,1,4019.1,26,1,4019.0,776,14,4018.9,21,2,4019.9,2,2,4020.0,17,2,4020.9,61,4,4021.0,129,4,4021.1,73,4
11483,2026-07-02 14:09:26+05:30,4020.0,1,4035.61,1601927,167168.0,178809.0,4100.0,4110.0,4012.0,4092.6,25498375,4501.8,3683.4,4440.0,3288.1,4019.3,19,3,4019.2,3,1,4019.1,26,1,4019.0,776,14,4018.9,21,2,4019.9,2,2,4020.0,17,2,4020.9,61,4,4021.0,129,4,4021.1,73,4
11483,2026-07-02 14:09:26+05:30,4019.9,1,4035.61,1601941,167198.0,178800.0,4100.0,4110.0,4012.0,4092.6,25498375,4501.8,3683.4,4440.0,3288.1,4019.9,1,1,4019.5,16,1,4019.4,13,2,4019.3,3,1,4019.2,11,2,4020.0,30,3,4020.8,50,1,4020.9,61,4,4021.0,61,2,4021.1,59,3
11483,2026-07-02 14:09:26+05:30,4020.0,3,4035.61,1601941,167198.0,178800.0,4100.0,4110.0,4012.0,4092.6,25498375,4501.8,3683.4,4440.0,3288.1,4019.9,1,1,4019.5,16,1,4019.4,13,2,4019.3,3,1,4019.2,11,2,4020.0,30,3,4020.8,50,1,4020.9,61,4,4021.0,61,2,4021.1,59,3
11483,2026-07-02 14:09:26+05:30,4020.0,3,4035.61,1601941,167198.0,178800.0,4100.0,4110.0,4012.0,4092.6,25498375,4501.8,3683.4,4440.0,3288.1,4019.9,1,1,4019.5,16,1,4019.4,13,2,4019.3,3,1,4019.2,11,2,4020.0,30,3,4020.8,50,1,4020.9,61,4,4021.0,61,2,4021.1,59,3
11483,2026-07-02 14:09:27+05:30,4020.0,3,4035.61,1601941,167198.0,178800.0,4100.0,4110.0,4012.0,4092.6,25498375,4501.8,3683.4,4440.0,3288.1,4019.9,1,1,4019.5,16,1,4019.4,13,2,4019.3,3,1,4019.2,11,2,4020.0,30,3,4020.8,50,1,4020.9,61,4,4021.0,61,2,4021.1,59,3
11483,2026-07-02 14:09:27+05:30,4020.0,2,4035.6,1602977,165674.0,179059.0,4100.0,4110.0,4012.0,4092.6,25498375,4501.8,3683.4,4440.0,3288.1,4018.9,11,1,4018.8,36,3,4018.6,65,3,4018.5,116,5,4018.4,87,3,4020.0,18,3,4020.7,52,2,4020.8,76,2,4020.9,61,4,4021.0,61,2
11483,2026-07-02 14:09:27+05:30,4020.0,2,4035.6,1602977,165674.0,179059.0,4100.0,4110.0,4012.0,4092.6,25498375,4501.8,3683.4,4440.0,3288.1,4018.9,11,1,4018.8,36,3,4018.6,65,3,4018.5,116,5,4018.4,87,3,4020.0,18,3,4020.7,52,2,4020.8,76,2,4020.9,61,4,4021.0,61,2
11483,2026-07-02 14:09:27+05:30,4018.9,13,4035.6,1602977,165674.0,179059.0,4100.0,4110.0,4012.0,4092.6,25498375,4501.8,3683.4,4440.0,3288.1,4018.9,11,1,4018.8,36,3,4018.6,65,3,4018.5,116,5,4018.4,87,3,4020.0,18,3,4020.7,52,2,4020.8,76,2,4020.9,61,4,4021.0,61,2
11483,2026-07-02 14:09:27+05:30,4018.9,13,4035.6,1602977,165674.0,179059.0,4100.0,4110.0,4012.0,4092.6,25537925,4501.8,3683.4,4440.0,3288.1,4018.9,11,1,4018.8,36,3,4018.6,65,3,4018.5,116,5,4018.4,87,3,4020.0,18,3,4020.7,52,2,4020.8,76,2,4020.9,61,4,4021.0,61,2
11483,2026-07-02 14:09:28+05:30,4018.9,13,4035.6,1602977,165674.0,179059.0,4100.0,4110.0,4012.0,4092.6,25537925,4501.8,3683.4,4440.0,3288.1,4018.9,11,1,4018.8,36,3,4018.6,65,3,4018.5,116,5,4018.4,87,3,4020.0,18,3,4020.7,52,2,4020.8,76,2,4020.9,61,4,4021.0,61,2
11483,2026-07-02 14:09:28+05:30,4018.8,1,4035.6,1603015,165367.0,178723.0,4100.0,4110.0,4012.0,4092.6,25537925,4501.8,3683.4,4440.0,3288.1,4018.8,24,2,4018.6,53,2,4018.5,64,2,4018.4,81,3,4018.3,121,6,4018.9,12,1,4020.0,5,2,4020.5,29,2,4020.6,15,2,4020.7,54,1
11483,2026-07-02 14:09:28+05:30,4018.8,1,4035.6,1603015,165367.0,178723.0,4100.0,4110.0,4012.0,4092.6,25537925,4501.8,3683.4,4440.0,3288.1,4018.8,24,2,4018.6,53,2,4018.5,64,2,4018.4,81,3,4018.3,121,6,4018.9,12,1,4020.0,5,2,4020.5,29,2,4020.6,15,2,4020.7,54,1
11483,2026-07-02 14:09:28+05:30,4018.9,7,4035.6,1603015,165367.0,178723.0,4100.0,4110.0,4012.0,4092.6,25537925,4501.8,3683.4,4440.0,3288.1,4018.8,24,2,4018.6,53,2,4018.5,64,2,4018.4,81,3,4018.3,121,6,4018.9,12,1,4020.0,5,2,4020.5,29,2,4020.6,15,2,4020.7,54,1
11483,2026-07-02 14:09:28+05:30,4018.9,7,4035.6,1603015,165367.0,178723.0,4100.0,4110.0,4012.0,4092.6,25537925,4501.8,3683.4,4440.0,3288.1,4018.8,24,2,4018.6,53,2,4018.5,64,2,4018.4,81,3,4018.3,121,6,4018.9,12,1,4020.0,5,2,4020.5,29,2,4020.6,15,2,4020.7,54,1
11483,2026-07-02 14:09:29+05:30,4018.9,7,4035.6,1603015,165367.0,178723.0,4100.0,4110.0,4012.0,4092.6,25537925,4501.8,3683.4,4440.0,3288.1,4018.8,24,2,4018.6,53,2,4018.5,64,2,4018.4,81,3,4018.3,121,6,4018.9,12,1,4020.0,5,2,4020.5,29,2,4020.6,15,2,4020.7,54,1
11483,2026-07-02 14:09:29+05:30,4018.9,25,4035.6,1603074,165319.0,178602.0,4100.0,4110.0,4012.0,4092.6,25537925,4501.8,3683.4,4440.0,3288.1,4018.8,29,3,4018.7,2,1,4018.6,53,2,4018.5,64,2,4018.4,86,4,4018.9,13,1,4020.0,20,3,4020.6,13,1,4020.7,54,1,4020.8,76,2
11483,2026-07-02 14:09:29+05:30,4018.8,7,4035.6,1603074,165319.0,178602.0,4100.0,4110.0,4012.0,4092.6,25537925,4501.8,3683.4,4440.0,3288.1,4018.8,29,3,4018.7,2,1,4018.6,53,2,4018.5,64,2,4018.4,86,4,4018.9,13,1,4020.0,20,3,4020.6,13,1,4020.7,54,1,4020.8,76,2
11483,2026-07-02 14:09:29+05:30,4018.8,7,4035.6,1603074,165319.0,178602.0,4100.0,4110.0,4012.0,4092.6,25537925,4501.8,3683.4,4440.0,3288.1,4018.8,29,3,4018.7,2,1,4018.6,53,2,4018.5,64,2,4018.4,86,4,4018.9,13,1,4020.0,20,3,4020.6,13,1,4020.7,54,1,4020.8,76,2
11483,2026-07-02 14:09:30+05:30,4018.9,20,4035.6,1603115,165675.0,178692.0,4100.0,4110.0,4012.0,4092.6,25537925,4501.8,3683.4,4440.0,3288.1,4018.8,10,1,4018.7,10,1,4018.6,99,7,4018.5,37,2,4018.4,102,5,4020.0,20,2,4020.8,76,2,4020.9,51,4,4021.0,61,2,4021.1,41,2
11483,2026-07-02 14:09:30+05:30,4018.8,1,4035.6,1603115,165675.0,178692.0,4100.0,4110.0,4012.0,4092.6,25537925,4501.8,3683.4,4440.0,3288.1,4018.8,10,1,4018.7,10,1,4018.6,99,7,4018.5,37,2,4018.4,102,5,4020.0,20,2,4020.8,76,2,4020.9,51,4,4021.0,61,2,4021.1,41,2
11483,2026-07-02 14:09:31+05:30,4018.8,1,4035.6,1603126,166396.0,178726.0,4100.0,4110.0,4012.0,4092.6,25537925,4501.8,3683.4,4440.0,3288.1,4019.4,13,4,4019.1,21,2,4019.0,12,2,4018.8,43,5,4018.6,113,4,4020.0,6,2,4020.8,92,3,4020.9,38,3,4021.0,61,2,4021.1,41,2
11483,2026-07-02 14:09:31+05:30,4019.4,1,4035.6,1603126,166396.0,178726.0,4100.0,4110.0,4012.0,4092.6,25537925,4501.8,3683.4,4440.0,3288.1,4019.4,13,4,4019.1,21,2,4019.0,12,2,4018.8,43,5,4018.6,113,4,4020.0,6,2,4020.8,92,3,4020.9,38,3,4021.0,61,2,4021.1,41,2
11483,2026-07-02 14:09:32+05:30,4020.0,1,4035.6,1603128,166413.0,178759.0,4100.0,4110.0,4012.0,4092.6,25537925,4501.8,3683.4,4440.0,3288.1,4019.4,13,4,4019.1,21,2,4019.0,16,3,4018.8,69,6,4018.7,6,1,4020.0,5,2,4020.8,92,3,4020.9,6,2,4021.0,61,2,4021.1,41,2
11483,2026-07-02 14:09:32+05:30,4020.0,1,4035.6,1603128,166413.0,178759.0,4100.0,4110.0,4012.0,4092.6,25537925,4501.8,3683.4,4440.0,3288.1,4019.4,13,4,4019.1,21,2,4019.0,16,3,4018.8,69,6,4018.7,6,1,4020.0,5,2,4020.8,92,3,4020.9,6,2,4021.0,61,2,4021.1,41,2
11483,2026-07-02 14:09:33+05:30,4020.0,17,4035.6,1603150,166679.0,178847.0,4100.0,4110.0,4012.0,4092.6,25537925,4501.8,3683.4,4440.0,3288.1,4019.4,2,2,4019.1,16,1,4019.0,5,2,4018.9,13,1,4018.8,30,4,4020.0,16,1,4020.7,20,2,4020.8,76,2,4020.9,38,3,4021.0,116,5
11483,2026-07-02 14:09:33+05:30,4019.4,1,4035.6,1603150,166679.0,178847.0,4100.0,4110.0,4012.0,4092.6,25537925,4501.8,3683.4,4440.0,3288.1,4019.4,2,2,4019.1,16,1,4019.0,5,2,4018.9,13,1,4018.8,30,4,4020.0,16,1,4020.7,20,2,4020.8,76,2,4020.9,38,3,4021.0,116,5
11483,2026-07-02 14:09:34+05:30,4020.0,11,4035.6,1603167,166898.0,178750.0,4100.0,4110.0,4012.0,4092.6,25537925,4501.8,3683.4,4440.0,3288.1,4019.3,10,1,4019.1,10,1,4019.0,25,4,4018.9,13,1,4018.8,90,5,4020.0,5,1,4020.7,19,2,4020.8,76,2,4020.9,6,2,4021.0,129,5
11483,2026-07-02 14:09:34+05:30,4019.4,2,4035.6,1603167,166898.0,178750.0,4100.0,4110.0,4012.0,4092.6,25537925,4501.8,3683.4,4440.0,3288.1,4019.3,10,1,4019.1,10,1,4019.0,25,4,4018.9,13,1,4018.8,90,5,4020.0,5,1,4020.7,19,2,4020.8,76,2,4020.9,6,2,4021.0,129,5
11483,2026-07-02 14:09:35+05:30,4019.4,2,4035.6,1603169,166822.0,178308.0,4100.0,4110.0,4012.0,4092.6,25537925,4501.8,3683.4,4440.0,3288.1,4019.3,10,1,4019.2,15,2,4019.1,10,1,4019.0,41,5,4018.9,61,2,4020.6,29,2,4020.7,3,1,4020.8,65,2,4020.9,33,3,4021.0,105,4
11483,2026-07-02 14:09:36+05:30,4019.4,2,4035.6,1603169,167028.0,178296.0,4100.0,4110.0,4012.0,4092.6,25537925,4501.8,3683.4,4440.0,3288.1,4020.0,10,1,4019.2,18,2,4019.1,48,1,4019.0,79,5,4018.9,61,2,4020.7,3,1,4020.8,91,3,4020.9,33,3,4021.0,89,3,4021.1,41,2
11483,2026-07-02 14:09:36+05:30,4020.0,10,4035.6,1603169,167028.0,178296.0,4100.0,4110.0,4012.0,4092.6,25537925,4501.8,3683.4,4440.0,3288.1,4020.0,10,1,4019.2,18,2,4019.1,48,1,4019.0,79,5,4018.9,61,2,4020.7,3,1,4020.8,91,3,4020.9,33,3,4021.0,89,3,4021.1,41,2
11483,2026-07-02 14:09:37+05:30,4020.7,18,4035.6,1603229,167017.0,178658.0,4100.0,4110.0,4012.0,4092.6,25537925,4501.8,3683.4,4440.0,3288.1,4020.0,2,1,4019.9,1,1,4019.0,5,2,4018.9,20,2,4018.8,124,5,4020.4,45,4,4020.5,39,3,4020.6,71,5,4020.7,92,5,4020.8,80,3
11483,2026-07-02 14:09:37+05:30,4020.4,15,4035.6,1603229,167017.0,178658.0,4100.0,4110.0,4012.0,4092.6,25537925,4501.8,3683.4,4440.0,3288.1,4020.0,2,1,4019.9,1,1,4019.0,5,2,4018.9,20,2,4018.8,124,5,4020.4,45,4,4020.5,39,3,4020.6,71,5,4020.7,92,5,4020.8,80,3
11483,2026-07-02 14:09:38+05:30,4020.4,5,4035.6,1603271,167004.0,178606.0,4100.0,4110.0,4012.0,4092.6,25537925,4501.8,3683.4,4440.0,3288.1,4019.9,1,1,4019.1,11,1,4019.0,5,2,4018.9,13,1,4018.8,124,5,4020.0,1,1,4020.4,22,2,4020.5,32,2,4020.6,87,6,4020.7,92,5
11483,2026-07-02 14:09:38+05:30,4019.9,1,4035.6,1603271,167004.0,178606.0,4100.0,4110.0,4012.0,4092.6,25537925,4501.8,3683.4,4440.0,3288.1,4019.9,1,1,4019.1,11,1,4019.0,5,2,4018.9,13,1,4018.8,124,5,4020.0,1,1,4020.4,22,2,4020.5,32,2,4020.6,87,6,4020.7,92,5
11483,2026-07-02 14:09:39+05:30,4019.9,1,4035.6,1603274,166172.0,178550.0,4100.0,4110.0,4012.0,4092.6,25537925,4501.8,3683.4,4440.0,3288.1,4019.0,5,2,4018.8,117,4,4018.7,2,1,4018.6,62,2,4018.5,5,1,4019.9,17,4,4020.0,7,3,4020.1,18,1,4020.3,22,1,4020.4,47,3
11483,2026-07-02 14:09:39+05:30,4019.9,1,4035.6,1603274,166172.0,178550.0,4100.0,4110.0,4012.0,4092.6,25537925,4501.8,3683.4,4440.0,3288.1,4019.0,5,2,4018.8,117,4,4018.7,2,1,4018.6,62,2,4018.5,5,1,4019.9,17,4,4020.0,7,3,4020.1,18,1,4020.3,22,1,4020.4,47,3
11483,2026-07-02 14:09:40+05:30,4019.9,1,4035.6,1603274,166113.0,178694.0,4100.0,4110.0,4012.0,4092.6,25537925,4501.8,3683.4,4440.0,3288.1,4019.0,5,2,4018.8,120,5,4018.7,2,1,4018.6,62,2,4018.5,5,1,4019.9,18,5,4020.0,2,2,4020.1,18,1,4020.2,4,1,4020.3,22,1
11483,2026-07-02 14:09:41+05:30,4019.9,1,4035.6,1603274,166116.0,178729.0,4100.0,4110.0,4012.0,4092.6,25537925,4501.8,3683.4,4440.0,3288.1,4019.0,7,3,4018.8,120,5,4018.7,2,1,4018.6,62,2,4018.5,5,1,4019.9,16,6,4020.0,3,2,4020.1,35,2,4020.2,3,1,4020.3,22,1
11483,2026-07-02 14:09:42+05:30,4019.9,1,4035.6,1603274,166116.0,178732.0,4100.0,4110.0,4012.0,4092.6,25537925,4501.8,3683.4,4440.0,3288.1,4019.0,7,3,4018.8,120,5,4018.7,2,1,4018.6,62,2,4018.5,5,1,4019.9,16,6,4020.0,3,2,4020.1,35,2,4020.2,3,1,4020.3,22,1
11483,2026-07-02 14:09:43+05:30,4019.9,1,4035.6,1603274,166116.0,178733.0,4100.0,4110.0,4012.0,4092.6,25537925,4501.8,3683.4,4440.0,3288.1,4019.0,7,3,4018.8,120,5,4018.7,2,1,4018.6,62,2,4018.5,5,1,4019.9,16,6,4020.0,3,2,4020.1,35,2,4020.2,3,1,4020.3,22,1
11483,2026-07-02 14:09:43+05:30,4019.9,1,4035.6,1603274,166116.0,178733.0,4100.0,4110.0,4012.0,4092.6,25537925,4501.8,3683.4,4440.0,3288.1,4019.0,7,3,4018.8,120,5,4018.7,2,1,4018.6,62,2,4018.5,5,1,4019.9,16,6,4020.0,3,2,4020.1,35,2,4020.2,3,1,4020.3,22,1
11483,2026-07-02 14:09:44+05:30,4019.9,1,4035.6,1603297,166211.0,178933.0,4100.0,4110.0,4012.0,4092.6,25537925,4501.8,3683.4,4440.0,3288.1,4019.0,7,3,4018.8,120,5,4018.6,62,2,4018.5,5,1,4018.4,26,1,4020.1,17,1,4020.2,39,3,4020.3,19,1,4020.4,41,3,4020.5,96,3
11483,2026-07-02 14:09:44+05:30,4019.0,2,4035.6,1603297,166211.0,178933.0,4100.0,4110.0,4012.0,4092.6,25537925,4501.8,3683.4,4440.0,3288.1,4019.0,7,3,4018.8,120,5,4018.6,62,2,4018.5,5,1,4018.4,26,1,4020.1,17,1,4020.2,39,3,4020.3,19,1,4020.4,41,3,4020.5,96,3
11483,2026-07-02 14:09:44+05:30,4019.0,2,4035.6,1603300,166209.0,179084.0,4100.0,4110.0,4012.0,4092.6,25537925,4501.8,3683.4,4440.0,3288.1,4019.0,4,2,4018.8,120,5,4018.6,62,2,4018.5,5,1,4018.3,57,3,4020.0,48,4,4020.1,40,3,4020.2,44,3,4020.3,17,1,4020.4,67,4
11483,2026-07-02 14:09:45+05:30,4019.0,1,4035.6,1603300,166209.0,179084.0,4100.0,4110.0,4012.0,4092.6,25537925,4501.8,3683.4,4440.0,3288.1,4019.0,4,2,4018.8,120,5,4018.6,62,2,4018.5,5,1,4018.3,57,3,4020.0,48,4,4020.1,40,3,4020.2,44,3,4020.3,17,1,4020.4,67,4
11483,2026-07-02 14:09:45+05:30,4019.5,1,4035.6,1603308,166046.0,178997.0,4100.0,4110.0,4012.0,4092.6,25537925,4501.8,3683.4,4440.0,3288.1,4019.0,3,2,4018.8,120,5,4018.6,62,2,4018.5,5,1,4018.3,57,3,4020.0,43,4,4020.1,7,1,4020.3,17,1,4020.4,67,4,4020.5,124,4
11483,2026-07-02 14:09:46+05:30,4020.0,7,4035.6,1603308,166046.0,178997.0,4100.0,4110.0,4012.0,4092.6,25537925,4501.8,3683.4,4440.0,3288.1,4019.0,3,2,4018.8,120,5,4018.6,62,2,4018.5,5,1,4018.3,57,3,4020.0,43,4,4020.1,7,1,4020.3,17,1,4020.4,67,4,4020.5,124,4
11483,2026-07-02 14:09:46+05:30,4020.0,7,4035.6,1603316,166056.0,179034.0,4100.0,4110.0,4012.0,4092.6,25537925,4501.8,3683.4,4440.0,3288.1,4019.0,2,1,4018.9,1,1,4018.8,120,5,4018.6,62,2,4018.5,5,1,4020.0,36,4,4020.1,7,1,4020.2,3,1,4020.3,17,1,4020.4,67,4
11483,2026-07-02 14:09:47+05:30,4020.0,16,4035.6,1603316,166056.0,179034.0,4100.0,4110.0,4012.0,4092.6,25537925,4501.8,3683.4,4440.0,3288.1,4019.0,2,1,4018.9,1,1,4018.8,120,5,4018.6,62,2,4018.5,5,1,4020.0,36,4,4020.1,7,1,4020.2,3,1,4020.3,17,1,4020.4,67,4
11483,2026-07-02 14:09:47+05:30,4020.0,16,4035.6,1603337,166665.0,178992.0,4100.0,4110.0,4012.0,4092.6,25537925,4501.8,3683.4,4440.0,3288.1,4019.5,1,1,4019.0,1,1,4018.9,1,1,4018.8,120,5,4018.6,62,2,4019.9,49,4,4020.0,27,5,4020.1,32,3,4020.3,36,2,4020.4,147,5
11483,2026-07-02 14:09:48+05:30,4019.9,10,4035.6,1603337,166665.0,178992.0,4100.0,4110.0,4012.0,4092.6,25537925,4501.8,3683.4,4440.0,3288.1,4019.5,1,1,4019.0,1,1,4018.9,1,1,4018.8,120,5,4018.6,62,2,4019.9,49,4,4020.0,27,5,4020.1,32,3,4020.3,36,2,4020.4,147,5
11483,2026-07-02 14:09:48+05:30,4019.9,10,4035.6,1603360,166008.0,179041.0,4100.0,4110.0,4012.0,4092.6,25537925,4501.8,3683.4,4440.0,3288.1,4019.0,1,1,4018.9,1,1,4018.8,120,5,4018.6,62,2,4018.5,5,1,4019.8,12,1,4019.9,31,4,4020.0,10,1,4020.1,32,3,4020.2,17,1
11483,2026-07-02 14:09:49+05:30,4019.0,1,4035.6,1603362,165953.0,178725.0,4100.0,4110.0,4012.0,4092.6,25537925,4501.8,3683.4,4440.0,3288.1,4018.9,1,1,4018.8,120,5,4018.6,50,1,4018.5,5,1,4018.3,72,4,4019.8,12,1,4019.9,21,3,4020.0,10,1,4020.1,17,2,4020.3,12,1
11483,2026-07-02 14:09:49+05:30,4018.9,1,4035.6,1603362,165953.0,178725.0,4100.0,4110.0,4012.0,4092.6,25537925,4501.8,3683.4,4440.0,3288.1,4018.9,1,1,4018.8,120,5,4018.6,50,1,4018.5,5,1,4018.3,72,4,4019.8,12,1,4019.9,21,3,4020.0,10,1,4020.1,17,2,4020.3,12,1
11483,2026-07-02 14:09:50+05:30,4018.9,1,4035.6,1603363,165975.0,179024.0,4100.0,4110.0,4012.0,4092.6,25537925,4501.8,3683.4,4440.0,3288.1,4018.8,135,6,4018.6,50,1,4018.5,5,1,4018.3,57,3,4018.2,44,4,4019.8,12,1,4019.9,15,2,4020.0,11,1,4020.4,114,3,4020.5,128,5
11483,2026-07-02 14:09:51+05:30,4019.8,1,4035.6,1603368,165957.0,178981.0,4100.0,4110.0,4012.0,4092.6,25537925,4501.8,3683.4,4440.0,3288.1,4018.9,10,1,4018.8,135,6,4018.6,50,1,4018.5,31,2,4018.3,82,4,4019.8,7,1,4019.9,15,2,4020.0,11,1,4020.3,40,2,4020.4,114,3
11483,2026-07-02 14:09:51+05:30,4019.8,1,4035.6,1603368,165957.0,178981.0,4100.0,4110.0,4012.0,4092.6,25537925,4501.8,3683.4,4440.0,3288.1,4018.9,10,1,4018.8,135,6,4018.6,50,1,4018.5,31,2,4018.3,82,4,4019.8,7,1,4019.9,15,2,4020.0,11,1,4020.3,40,2,4020.4,114,3
11483,2026-07-02 14:09:52+05:30,4019.8,1,4035.6,1603368,165947.0,179123.0,4100.0,4110.0,4012.0,4092.6,25537925,4501.8,3683.4,4440.0,3288.1,4018.8,135,6,4018.6,50,1,4018.5,5,1,4018.3,82,4,4018.2,4,2,4019.8,9,2,4019.9,19,2,4020.0,11,1,4020.4,117,4,4020.5,112,4
11483,2026-07-02 14:09:53+05:30,4019.8,1,4035.6,1603373,165982.0,179122.0,4100.0,4110.0,4012.0,4092.6,25537925,4501.8,3683.4,4440.0,3288.1,4019.0,10,1,4018.8,135,6,4018.6,50,1,4018.5,5,1,4018.3,57,3,4019.8,4,2,4019.9,19,2,4020.0,11,1,4020.3,18,1,4020.4,117,4
11483,2026-07-02 14:09:53+05:30,4019.0,1,4035.6,1603373,165982.0,179122.0,4100.0,4110.0,4012.0,4092.6,25537925,4501.8,3683.4,4440.0,3288.1,4019.0,10,1,4018.8,135,6,4018.6,50,1,4018.5,5,1,4018.3,57,3,4019.8,4,2,4019.9,19,2,4020.0,11,1,4020.3,18,1,4020.4,117,4
11483,2026-07-02 14:09:54+05:30,4019.8,1,4035.6,1603377,165917.0,179112.0,4100.0,4110.0,4012.0,4092.6,25537925,4501.8,3683.4,4440.0,3288.1,4019.0,9,1,4018.8,75,5,4018.6,50,1,4018.5,5,1,4018.3,57,3,4019.8,13,2,4019.9,19,2,4020.0,11,1,4020.3,18,1,4020.4,117,4
11483,2026-07-02 14:09:54+05:30,4019.0,1,4035.6,1603377,165917.0,179112.0,4100.0,4110.0,4012.0,4092.6,25537925,4501.8,3683.4,4440.0,3288.1,4019.0,9,1,4018.8,75,5,4018.6,50,1,4018.5,5,1,4018.3,57,3,4019.8,13,2,4019.9,19,2,4020.0,11,1,4020.3,18,1,4020.4,117,4
11483,2026-07-02 14:09:55+05:30,4019.8,2,4035.6,1603381,165918.0,179098.0,4100.0,4110.0,4012.0,4092.6,25537925,4501.8,3683.4,4440.0,3288.1,4019.1,8,1,4019.0,8,1,4018.8,75,5,4018.6,50,1,4018.5,5,1,4019.8,12,2,4019.9,13,1,4020.0,11,1,4020.2,3,1,4020.3,18,1
11483,2026-07-02 14:09:55+05:30,4019.8,2,4035.6,1603381,165918.0,179098.0,4100.0,4110.0,4012.0,4092.6,25537925,4501.8,3683.4,4440.0,3288.1,4019.1,8,1,4019.0,8,1,4018.8,75,5,4018.6,50,1,4018.5,5,1,4019.8,12,2,4019.9,13,1,4020.0,11,1,4020.2,3,1,4020.3,18,1
11483,2026-07-02 14:09:56+05:30,4019.8,5,4035.6,1603386,166461.0,179079.0,4100.0,4110.0,4012.0,4092.6,25537925,4501.8,3683.4,4440.0,3288.1,4019.1,8,1,4019.0,8,1,4018.8,75,5,4018.6,63,2,4018.5,5,1,4019.8,7,2,4019.9,13,1,4020.0,11,1,4020.2,3,1,4020.4,117,4
11483,2026-07-02 14:09:56+05:30,4019.1,1,4035.6,1603386,166461.0,179079.0,4100.0,4110.0,4012.0,4092.6,25537925,4501.8,3683.4,4440.0,3288.1,4019.1,8,1,4019.0,8,1,4018.8,75,5,4018.6,63,2,4018.5,5,1,4019.8,7,2,4019.9,13,1,4020.0,11,1,4020.2,3,1,4020.4,117,4
11483,2026-07-02 14:09:57+05:30,4019.8,1,4035.6,1603409,166450.0,179026.0,4100.0,4110.0,4012.0,4092.6,25537925,4501.8,3683.4,4440.0,3288.1,4019.4,1,1,4019.1,7,1,4019.0,8,1,4018.8,90,6,4018.6,63,2,4019.8,11,1,4019.9,13,1,4020.0,11,1,4020.4,117,4,4020.5,96,3
11483,2026-07-02 14:09:57+05:30,4019.4,2,4035.6,1603409,166450.0,179026.0,4100.0,4110.0,4012.0,4092.6,25537925,4501.8,3683.4,4440.0,3288.1,4019.4,1,1,4019.1,7,1,4019.0,8,1,4018.8,90,6,4018.6,63,2,4019.8,11,1,4019.9,13,1,4020.0,11,1,4020.4,117,4,4020.5,96,3
11483,2026-07-02 14:09:58+05:30,4018.6,2,4035.6,1603591,165930.0,179102.0,4100.0,4110.0,4012.0,4092.6,25537925,4501.8,3683.4,4440.0,3288.1,4018.6,71,3,4018.5,15,2,4018.4,15,1,4018.3,82,4,4018.2,6,3,4019.8,1,1,4020.0,11,1,4020.3,34,1,4020.4,109,3,4020.5,96,3
11483,2026-07-02 14:09:58+05:30,4020.3,6,4035.6,1603591,165930.0,179102.0,4100.0,4110.0,4012.0,4092.6,25537925,4501.8,3683.4,4440.0,3288.1,4018.6,71,3,4018.5,15,2,4018.4,15,1,4018.3,82,4,4018.2,6,3,4019.8,1,1,4020.0,11,1,4020.3,34,1,4020.4,109,3,4020.5,96,3
11483,2026-07-02 14:09:59+05:30,4020.0,1,4035.6,1603621,166139.0,179140.0,4100.0,4110.0,4012.0,4092.6,25537925,4501.8,3683.4,4440.0,3288.1,4018.7,27,3,4018.6,85,6,4018.5,40,3,4018.4,22,2,4018.3,73,4,4020.0,14,1,4020.2,19,1,4020.3,38,1,4020.4,109,3,4020.5,96,3
11483,2026-07-02 14:09:59+05:30,4018.7,4,4035.6,1603621,166139.0,179140.0,4100.0,4110.0,4012.0,4092.6,25537925,4501.8,3683.4,4440.0,3288.1,4018.7,27,3,4018.6,85,6,4018.5,40,3,4018.4,22,2,4018.3,73,4,4020.0,14,1,4020.2,19,1,4020.3,38,1,4020.4,109,3,4020.5,96,3
11483,2026-07-02 14:10:00+05:30,4018.7,4,4035.6,1603625,166119.0,179158.0,4100.0,4110.0,4012.0,4092.6,25537925,4501.8,3683.4,4440.0,3288.1,4018.8,10,1,4018.7,24,4,4018.6,85,6,4018.5,56,4,4018.4,22,2,4020.2,19,1,4020.3,38,1,4020.4,109,3,4020.5,110,4,4020.6,90,3
11483,2026-07-02 14:10:01+05:30,4018.7,4,4035.6,1603625,166261.0,179050.0,4100.0,4110.0,4012.0,4092.6,25537925,4501.8,3683.4,4440.0,3288.1,4019.2,2,2,4019.0,1,1,4018.7,8,2,4018.6,52,3,4018.5,15,2,4020.2,19,1,4020.3,2,1,4020.4,124,4,4020.5,110,4,4020.6,108,4
11483,2026-07-02 14:10:02+05:30,4018.7,4,4035.6,1603625,166268.0,179043.0,4100.0,4110.0,4012.0,4092.6,25537925,4501.8,3683.4,4440.0,3288.1,4019.2,2,2,4019.0,2,2,4018.7,8,2,4018.6,52,3,4018.5,15,2,4020.2,21,2,4020.3,2,1,4020.4,124,4,4020.5,110,4,4020.6,108,4
11483,2026-07-02 14:10:03+05:30,4020.2,11,4035.6,1603638,166189.0,178984.0,4100.0,4110.0,4012.0,4092.6,25537925,4501.8,3683.4,4440.0,3288.1,4019.2,2,2,4019.0,2,2,4018.7,1,1,4018.6,52,3,4018.3,78,5,4020.2,2,1,4020.3,2,1,4020.4,109,3,4020.5,130,5,4020.6,108,4
11483,2026-07-02 14:10:03+05:30,4019.2,1,4035.6,1603638,166189.0,178984.0,4100.0,4110.0,4012.0,4092.6,25537925,4501.8,3683.4,4440.0,3288.1,4019.2,2,2,4019.0,2,2,4018.7,1,1,4018.6,52,3,4018.3,78,5,4020.2,2,1,4020.3,2,1,4020.4,109,3,4020.5,130,5,4020.6,108,4
11483,2026-07-02 14:10:04+05:30,4020.3,14,4035.6,1603698,166241.0,179070.0,4100.0,4110.0,4012.0,4092.6,25537925,4501.8,3683.4,4440.0,3288.1,4019.2,1,1,4019.0,2,2,4018.7,1,1,4018.6,38,2,4018.4,19,1,4020.2,7,1,4020.3,13,1,4020.4,108,3,4020.5,130,5,4020.6,108,4
11483,2026-07-02 14:10:04+05:30,4019.2,1,4035.6,1603698,166241.0,179070.0,4100.0,4110.0,4012.0,4092.6,25537925,4501.8,3683.4,4440.0,3288.1,4019.2,1,1,4019.0,2,2,4018.7,1,1,4018.6,38,2,4018.4,19,1,4020.2,7,1,4020.3,13,1,4020.4,108,3,4020.5,130,5,4020.6,108,4
11483,2026-07-02 14:10:05+05:30,4019.2,5,4035.6,1603705,166409.0,179100.0,4100.0,4110.0,4012.0,4092.6,25537925,4501.8,3683.4,4440.0,3288.1,4019.2,76,1,4019.1,42,1,4019.0,44,3,4018.9,42,1,4018.7,42,1,4020.1,4,2,4020.3,13,1,4020.4,121,3,4020.5,114,3,4020.6,112,5
11483,2026-07-02 14:10:05+05:30,4019.2,1,4035.6,1603705,166409.0,179100.0,4100.0,4110.0,4012.0,4092.6,25537925,4501.8,3683.4,4440.0,3288.1,4019.2,76,1,4019.1,42,1,4019.0,44,3,4018.9,42,1,4018.7,42,1,4020.1,4,2,4020.3,13,1,4020.4,121,3,4020.5,114,3,4020.6,112,5
11483,2026-07-02 14:10:06+05:30,4020.3,1,4035.6,1603719,166699.0,179058.0,4100.0,4110.0,4012.0,4092.6,25537925,4501.8,3683.4,4440.0,3288.1,4019.6,42,1,4019.5,42,1,4019.4,42,1,4019.2,42,1,4019.0,2,2,4020.3,7,1,4020.4,96,2,4020.5,114,3,4020.6,107,4,4020.7,67,5
11483,2026-07-02 14:10:06+05:30,4020.0,2,4035.6,1603719,166699.0,179058.0,4100.0,4110.0,4012.0,4092.6,25537925,4501.8,3683.4,4440.0,3288.1,4019.6,42,1,4019.5,42,1,4019.4,42,1,4019.2,42,1,4019.0,2,2,4020.3,7,1,4020.4,96,2,4020.5,114,3,4020.6,107,4,4020.7,67,5
11483,2026-07-02 14:10:07+05:30,4020.4,3,4035.59,1603797,166609.0,179100.0,4100.0,4110.0,4012.0,4092.6,25537925,4501.8,3683.4,4440.0,3288.1,4019.9,42,1,4019.8,42,1,4019.7,42,1,4019.6,1,1,4019.5,42,1,4020.4,122,5,4020.5,94,2,4020.6,127,5,4020.7,64,4,4020.8,55,3
11483,2026-07-02 14:10:07+05:30,4020.2,9,4035.59,1603797,166609.0,179100.0,4100.0,4110.0,4012.0,4092.6,25537925,4501.8,3683.4,4440.0,3288.1,4019.9,42,1,4019.8,42,1,4019.7,42,1,4019.6,1,1,4019.5,42,1,4020.4,122,5,4020.5,94,2,4020.6,127,5,4020.7,64,4,4020.8,55,3
11483,2026-07-02 14:10:08+05:30,4019.8,1,4035.59,1603941,166630.0,179017.0,4100.0,4110.0,4012.0,4092.6,25537925,4501.8,3683.4,4440.0,3288.1,4019.9,42,1,4019.8,91,2,4019.7,42,1,4019.6,1,1,4019.2,13,1,4020.4,74,3,4020.5,94,2,4020.6,87,2,4020.7,90,5,4020.8,50,1
11483,2026-07-02 14:10:08+05:30,4020.2,17,4035.59,1603941,166630.0,179017.0,4100.0,4110.0,4012.0,4092.6,25537925,4501.8,3683.4,4440.0,3288.1,4019.9,42,1,4019.8,91,2,4019.7,42,1,4019.6,1,1,4019.2,13,1,4020.4,74,3,4020.5,94,2,4020.6,87,2,4020.7,90,5,4020.8,50,1
11483,2026-07-02 14:10:09+05:30,4020.3,42,4035.59,1604001,166656.0,179098.0,4100.0,4110.0,4012.0,4092.6,25537925,4501.8,3683.4,4440.0,3288.1,4020.1,42,1,4019.9,42,1,4019.8,91,2,4019.6,1,1,4019.2,13,1,4020.4,73,3,4020.5,109,3,4020.6,87,2,4020.7,73,3,4020.8,50,1
11483,2026-07-02 14:10:09+05:30,4020.1,7,4035.59,1604001,166656.0,179098.0,4100.0,4110.0,4012.0,4092.6,25537925,4501.8,3683.4,4440.0,3288.1,4020.1,42,1,4019.9,42,1,4019.8,91,2,4019.6,1,1,4019.2,13,1,4020.4,73,3,4020.5,109,3,4020.6,87,2,4020.7,73,3,4020.8,50,1
11483,2026-07-02 14:10:10+05:30,4020.3,53,4035.59,1604103,166446.0,179453.0,4100.0,4110.0,4012.0,4092.6,25537925,4501.8,3683.4,4440.0,3288.1,4019.8,133,3,4019.6,1,1,4019.0,2,2,4018.7,2,1,4018.6,88,3,4019.9,1,1,4020.2,271,2,4020.3,3,2,4020.4,102,4,4020.5,110,4
11483,2026-07-02 14:10:10+05:30,4019.8,13,4035.59,1604103,166446.0,179453.0,4100.0,4110.0,4012.0,4092.6,25537925,4501.8,3683.4,4440.0,3288.1,4019.8,133,3,4019.6,1,1,4019.0,2,2,4018.7,2,1,4018.6,88,3,4019.9,1,1,4020.2,271,2,4020.3,3,2,4020.4,102,4,4020.5,110,4
11483,2026-07-02 14:10:11+05:30,4019.8,5,4035.59,1604132,166511.0,179499.0,4100.0,4110.0,4012.0,4092.6,25537925,4501.8,3683.4,4440.0,3288.1,4019.8,109,3,4019.6,43,2,4019.4,42,1,4019.0,2,2,4018.7,2,1,4020.2,350,2,4020.3,3,2,4020.4,105,5,4020.5,94,2,4020.6,87,2
11483,2026-07-02 14:10:11+05:30,4020.0,3,4035.59,1604132,166511.0,179499.0,4100.0,4110.0,4012.0,4092.6,25537925,4501.8,3683.4,4440.0,3288.1,4019.8,109,3,4019.6,43,2,4019.4,42,1,4019.0,2,2,4018.7,2,1,4020.2,350,2,4020.3,3,2,4020.4,105,5,4020.5,94,2,4020.6,87,2
11483,2026-07-02 14:10:12+05:30,4020.0,5,4035.59,1604180,166465.0,179526.0,4100.0,4110.0,4012.0,4092.6,25537925,4501.8,3683.4,4440.0,3288.1,4019.8,109,3,4019.6,42,1,4019.0,2,2,4018.7,2,1,4018.6,54,3,4020.2,351,3,4020.3,3,2,4020.4,103,4,4020.5,126,4,4020.6,87,2
11483,2026-07-02 14:10:12+05:30,4020.0,6,4035.59,1604180,166465.0,179526.0,4100.0,4110.0,4012.0,4092.6,25537925,4501.8,3683.4,4440.0,3288.1,4019.8,109,3,4019.6,42,1,4019.0,2,2,4018.7,2,1,4018.6,54,3,4020.2,351,3,4020.3,3,2,4020.4,103,4,4020.5,126,4,4020.6,87,2
11483,2026-07-02 14:10:13+05:30,4019.8,1,4035.59,1604223,166161.0,179505.0,4100.0,4110.0,4012.0,4092.6,25537925,4501.8,3683.4,4440.0,3288.1,4019.8,50,1,4019.0,2,2,4018.9,5,1,4018.7,2,1,4018.6,54,3,4020.0,2,1,4020.2,351,3,4020.4,103,4,4020.5,94,2,4020.6,87,2
11483,2026-07-02 14:10:13+05:30,4019.8,5,4035.59,1604223,166161.0,179505.0,4100.0,4110.0,4012.0,4092.6,25537925,4501.8,3683.4,4440.0,3288.1,4019.8,50,1,4019.0,2,2,4018.9,5,1,4018.7,2,1,4018.6,54,3,4020.0,2,1,4020.2,351,3,4020.4,103,4,4020.5,94,2,4020.6,87,2
11483,2026-07-02 14:10:14+05:30,4019.8,5,4035.59,1604228,166168.0,179507.0,4100.0,4110.0,4012.0,4092.6,25537925,4501.8,3683.4,4440.0,3288.1,4019.8,45,1,4019.0,2,2,4018.9,5,1,4018.7,2,1,4018.6,67,4,4020.0,2,1,4020.2,351,3,4020.4,103,4,4020.5,94,2,4020.6,87,2
11483,2026-07-02 14:10:14+05:30,4019.8,1,4035.59,1604228,166168.0,179507.0,4100.0,4110.0,4012.0,4092.6,25537925,4501.8,3683.4,4440.0,3288.1,4019.8,45,1,4019.0,2,2,4018.9,5,1,4018.7,2,1,4018.6,67,4,4020.0,2,1,4020.2,351,3,4020.4,103,4,4020.5,94,2,4020.6,87,2
11483,2026-07-02 14:10:15+05:30,4019.9,1,4035.59,1604230,166182.0,179786.0,4100.0,4110.0,4012.0,4092.6,25537925,4501.8,3683.4,4440.0,3288.1,4019.8,44,1,4019.0,502,3,4018.9,5,1,4018.7,2,1,4018.6,38,2,4019.9,80,1,4020.0,45,3,4020.1,42,1,4020.2,391,3,4020.3,19,2
11483,2026-07-02 14:10:15+05:30,4020.0,1,4035.59,1604230,166182.0,179786.0,4100.0,4110.0,4012.0,4092.6,25537925,4501.8,3683.4,4440.0,3288.1,4019.8,44,1,4019.0,502,3,4018.9,5,1,4018.7,2,1,4018.6,38,2,4019.9,80,1,4020.0,45,3,4020.1,42,1,4020.2,391,3,4020.3,19,2
11483,2026-07-02 14:10:16+05:30,4019.8,9,4035.59,1604254,166174.0,179647.0,4100.0,4110.0,4012.0,4092.6,25537925,4501.8,3683.4,4440.0,3288.1,4019.8,35,1,4019.0,506,5,4018.9,5,1,4018.8,10,1,4018.7,2,1,4020.0,57,4,4020.1,42,1,4020.2,391,3,4020.3,19,2,4020.4,126,3
11483,2026-07-02 14:10:16+05:30,4019.8,3,4035.59,1604254,166174.0,179647.0,4100.0,4110.0,4012.0,4092.6,25537925,4501.8,3683.4,4440.0,3288.1,4019.8,35,1,4019.0,506,5,4018.9,5,1,4018.8,10,1,4018.7,2,1,4020.0,57,4,4020.1,42,1,4020.2,391,3,4020.3,19,2,4020.4,126,3
11483,2026-07-02 14:10:17+05:30,4019.8,3,4035.59,1604257,166188.0,179698.0,4100.0,4110.0,4012.0,4092.6,25537925,4501.8,3683.4,4440.0,3288.1,4019.8,33,2,4019.0,506,5,4018.9,5,1,4018.8,10,1,4018.7,2,1,4019.9,69,1,4020.0,45,3,4020.1,42,1,4020.2,391,3,4020.4,129,4
11483,2026-07-02 14:10:17+05:30,4019.8,1,4035.59,1604257,166188.0,179698.0,4100.0,4110.0,4012.0,4092.6,25537925,4501.8,3683.4,4440.0,3288.1,4019.8,33,2,4019.0,506,5,4018.9,5,1,4018.8,10,1,4018.7,2,1,4019.9,69,1,4020.0,45,3,4020.1,42,1,4020.2,391,3,4020.4,129,4
11483,2026-07-02 14:10:18+05:30,4019.8,1,4035.59,1604290,166068.0,179715.0,4100.0,4110.0,4012.0,4092.6,25537925,4501.8,3683.4,4440.0,3288.1,4019.0,506,5,4018.8,10,1,4018.6,26,1,4018.4,21,1,4018.3,85,4,4019.9,70,2,4020.0,45,2,4020.1,63,2,4020.2,391,3,4020.4,142,5
11483,2026-07-02 14:10:18+05:30,4019.0,2,4035.59,1604290,166068.0,179715.0,4100.0,4110.0,4012.0,4092.6,25537925,4501.8,3683.4,4440.0,3288.1,4019.0,506,5,4018.8,10,1,4018.6,26,1,4018.4,21,1,4018.3,85,4,4019.9,70,2,4020.0,45,2,4020.1,63,2,4020.2,391,3,4020.4,142,5
11483,2026-07-02 14:10:19+05:30,4019.5,1,4035.59,1604295,165961.0,180119.0,4100.0,4110.0,4012.0,4092.6,25537925,4501.8,3683.4,4440.0,3288.1,4019.0,502,3,4018.8,10,1,4018.6,26,1,4018.4,21,1,4018.3,57,3,4019.5,68,1,4019.7,42,1,4019.8,95,2,4019.9,35,4,4020.0,387,4
11483,2026-07-02 14:10:19+05:30,4019.0,1,4035.59,1604295,165961.0,180119.0,4100.0,4110.0,4012.0,4092.6,25537925,4501.8,3683.4,4440.0,3288.1,4019.0,502,3,4018.8,10,1,4018.6,26,1,4018.4,21,1,4018.3,57,3,4019.5,68,1,4019.7,42,1,4019.8,95,2,4019.9,35,4,4020.0,387,4
11483,2026-07-02 14:10:20+05:30,4019.0,1,4035.59,1604296,165842.0,180186.0,4100.0,4110.0,4012.0,4092.6,25537925,4501.8,3683.4,4440.0,3288.1,4019.0,501,3,4018.8,10,1,4018.6,26,1,4018.3,57,3,4018.2,4,2,4019.3,68,1,4019.5,43,2,4019.6,42,1,4019.8,107,3,4019.9,34,3
11483,2026-07-02 14:10:20+05:30,4019.2,1,4035.59,1604296,165842.0,180186.0,4100.0,4110.0,4012.0,4092.6,25537925,4501.8,3683.4,4440.0,3288.1,4019.0,501,3,4018.8,10,1,4018.6,26,1,4018.3,57,3,4018.2,4,2,4019.3,68,1,4019.5,43,2,4019.6,42,1,4019.8,107,3,4019.9,34,3
11483,2026-07-02 14:10:21+05:30,4019.2,2,4035.59,1604309,165860.0,180130.0,4100.0,4110.0,4012.0,4092.6,25537925,4501.8,3683.4,4440.0,3288.1,4019.0,501,3,4018.8,10,1,4018.6,26,1,4018.3,57,3,4018.2,4,2,4019.2,55,1,4019.3,2,1,4019.4,32,1,4019.5,43,2,4019.6,12,1
11483,2026-07-02 14:10:21+05:30,4019.0,1,4035.59,1604309,165860.0,180130.0,4100.0,4110.0,4012.0,4092.6,25537925,4501.8,3683.4,4440.0,3288.1,4019.0,501,3,4018.8,10,1,4018.6,26,1,4018.3,57,3,4018.2,4,2,4019.2,55,1,4019.3,2,1,4019.4,32,1,4019.5,43,2,4019.6,12,1
11483,2026-07-02 14:10:22+05:30,4019.0,1,4035.59,1604310,165872.0,179901.0,4100.0,4110.0,4012.0,4092.6,25537925,4501.8,3683.4,4440.0,3288.1,4019.0,500,3,4018.8,10,1,4018.6,26,1,4018.3,57,3,4018.2,4,2,4019.2,56,2,4019.3,2,1,4019.4,32,1,4019.5,42,1,4019.6,12,1
11483,2026-07-02 14:10:23+05:30,4019.0,1,4035.59,1604310,165866.0,179870.0,4100.0,4110.0,4012.0,4092.6,25537925,4501.8,3683.4,4440.0,3288.1,4019.0,500,3,4018.8,10,1,4018.6,26,1,4018.3,45,2,4018.2,4,2,4019.1,55,1,4019.2,16,3,4019.4,74,2,4019.6,42,1,4019.7,3,1
11483,2026-07-02 14:10:23+05:30,4019.0,1,4035.59,1604310,165866.0,179870.0,4100.0,4110.0,4012.0,4092.6,25537925,4501.8,3683.4,4440.0,3288.1,4019.0,500,3,4018.8,10,1,4018.6,26,1,4018.3,45,2,4018.2,4,2,4019.1,55,1,4019.2,16,3,4019.4,74,2,4019.6,42,1,4019.7,3,1
11483,2026-07-02 14:10:23+05:30,4019.0,1,4035.59,1604310,165866.0,179870.0,4100.0,4110.0,4012.0,4092.6,25537925,4501.8,3683.4,4440.0,3288.1,4019.0,500,3,4018.8,10,1,4018.6,26,1,4018.3,45,2,4018.2,4,2,4019.1,55,1,4019.2,16,3,4019.4,74,2,4019.6,42,1,4019.7,3,1
11483,2026-07-02 14:10:24+05:30,4019.1,1,4035.59,1604318,165867.0,179868.0,4100.0,4110.0,4012.0,4092.6,25537925,4501.8,3683.4,4440.0,3288.1,4019.0,599,4,4018.8,10,1,4018.6,26,1,4018.3,45,2,4018.2,14,3,4019.1,53,3,4019.2,15,2,4019.4,74,2,4019.6,42,1,4019.7,3,1
11483,2026-07-02 14:10:24+05:30,4019.1,1,4035.59,1604318,165867.0,179868.0,4100.0,4110.0,4012.0,4092.6,25537925,4501.8,3683.4,4440.0,3288.1,4019.0,599,4,4018.8,10,1,4018.6,26,1,4018.3,45,2,4018.2,14,3,4019.1,53,3,4019.2,15,2,4019.4,74,2,4019.6,42,1,4019.7,3,1
11483,2026-07-02 14:10:24+05:30,4019.0,129,4035.59,1604318,165867.0,179868.0,4100.0,4110.0,4012.0,4092.6,25537925,4501.8,3683.4,4440.0,3288.1,4019.0,599,4,4018.8,10,1,4018.6,26,1,4018.3,45,2,4018.2,14,3,4019.1,53,3,4019.2,15,2,4019.4,74,2,4019.6,42,1,4019.7,3,1
11483,2026-07-02 14:10:24+05:30,4019.0,129,4035.59,1604318,165867.0,179868.0,4100.0,4110.0,4012.0,4092.6,25537925,4501.8,3683.4,4440.0,3288.1,4019.0,599,4,4018.8,10,1,4018.6,26,1,4018.3,45,2,4018.2,14,3,4019.1,53,3,4019.2,15,2,4019.4,74,2,4019.6,42,1,4019.7,3,1
11483,2026-07-02 14:10:25+05:30,4019.1,2,4035.59,1604503,165205.0,180075.0,4100.0,4110.0,4012.0,4092.6,25537925,4501.8,3683.4,4440.0,3288.1,4019.1,2,1,4019.0,469,4,4018.8,10,1,4018.6,26,1,4018.3,25,1,4019.3,81,1,4019.4,50,3,4019.5,8,1,4019.6,57,3,4019.7,49,4
11483,2026-07-02 14:10:25+05:30,4019.1,2,4035.59,1604503,165205.0,180075.0,4100.0,4110.0,4012.0,4092.6,25537925,4501.8,3683.4,4440.0,3288.1,4019.1,2,1,4019.0,469,4,4018.8,10,1,4018.6,26,1,4018.3,25,1,4019.3,81,1,4019.4,50,3,4019.5,8,1,4019.6,57,3,4019.7,49,4
11483,2026-07-02 14:10:25+05:30,4019.1,3,4035.59,1604503,165205.0,180075.0,4100.0,4110.0,4012.0,4092.6,25537925,4501.8,3683.4,4440.0,3288.1,4019.1,2,1,4019.0,469,4,4018.8,10,1,4018.6,26,1,4018.3,25,1,4019.3,81,1,4019.4,50,3,4019.5,8,1,4019.6,57,3,4019.7,49,4
11483,2026-07-02 14:10:26+05:30,4019.4,1,4035.59,1604531,165219.0,179674.0,4100.0,4110.0,4012.0,4092.6,25537925,4501.8,3683.4,4440.0,3288.1,4019.1,18,1,4019.0,469,4,4018.8,10,1,4018.6,26,1,4018.3,38,2,4019.5,19,1,4019.6,15,2,4019.7,30,3,4019.8,59,2,4019.9,33,2
11483,2026-07-02 14:10:26+05:30,4019.4,1,4035.59,1604531,165219.0,179674.0,4100.0,4110.0,4012.0,4092.6,25537925,4501.8,3683.4,4440.0,3288.1,4019.1,18,1,4019.0,469,4,4018.8,10,1,4018.6,26,1,4018.3,38,2,4019.5,19,1,4019.6,15,2,4019.7,30,3,4019.8,59,2,4019.9,33,2
11483,2026-07-02 14:10:26+05:30,4019.6,5,4035.59,1604531,165219.0,179674.0,4100.0,4110.0,4012.0,4092.6,25537925,4501.8,3683.4,4440.0,3288.1,4019.1,18,1,4019.0,469,4,4018.8,10,1,4018.6,26,1,4018.3,38,2,4019.5,19,1,4019.6,15,2,4019.7,30,3,4019.8,59,2,4019.9,33,2
11483,2026-07-02 14:10:27+05:30,4019.6,5,4035.59,1604574,165751.0,179703.0,4100.0,4110.0,4012.0,4092.6,25537925,4501.8,3683.4,4440.0,3288.1,4019.3,1,1,4019.1,3,1,4019.0,469,4,4018.8,10,1,4018.6,26,1,4019.6,22,3,4019.7,19,2,4019.8,59,2,4019.9,19,1,4020.0,319,3
11483,2026-07-02 14:10:27+05:30,4019.6,5,4035.59,1604574,165751.0,179703.0,4100.0,4110.0,4012.0,4092.6,25537925,4501.8,3683.4,4440.0,3288.1,4019.3,1,1,4019.1,3,1,4019.0,469,4,4018.8,10,1,4018.6,26,1,4019.6,22,3,4019.7,19,2,4019.8,59,2,4019.9,19,1,4020.0,319,3
11483,2026-07-02 14:10:27+05:30,4019.3,2,4035.59,1604574,165751.0,179703.0,4100.0,4110.0,4012.0,4092.6,25537925,4501.8,3683.4,4440.0,3288.1,4019.3,1,1,4019.1,3,1,4019.0,469,4,4018.8,10,1,4018.6,26,1,4019.6,22,3,4019.7,19,2,4019.8,59,2,4019.9,19,1,4020.0,319,3
11483,2026-07-02 14:10:28+05:30,4019.3,2,4035.59,1604574,165751.0,179703.0,4100.0,4110.0,4012.0,4092.6,25537925,4501.8,3683.4,4440.0,3288.1,4019.3,1,1,4019.1,3,1,4019.0,469,4,4018.8,10,1,4018.6,26,1,4019.6,22,3,4019.7,19,2,4019.8,59,2,4019.9,19,1,4020.0,319,3
11483,2026-07-02 14:10:28+05:30,4019.3,2,4035.59,1604576,165758.0,179667.0,4100.0,4110.0,4012.0,4092.6,25537925,4501.8,3683.4,4440.0,3288.1,4019.1,3,1,4019.0,469,4,4018.8,10,1,4018.6,26,1,4018.3,38,2,4019.3,1,1,4019.6,16,3,4019.7,3,1,4019.8,67,3,4019.9,19,1
11483,2026-07-02 14:10:28+05:30,4019.3,2,4035.59,1604576,165758.0,179667.0,4100.0,4110.0,4012.0,4092.6,25541425,4501.8,3683.4,4440.0,3288.1,4019.1,3,1,4019.0,469,4,4018.8,10,1,4018.6,26,1,4018.3,38,2,4019.3,1,1,4019.6,16,3,4019.7,3,1,4019.8,67,3,4019.9,19,1
11483,2026-07-02 14:10:28+05:30,4019.6,3,4035.59,1604576,165758.0,179667.0,4100.0,4110.0,4012.0,4092.6,25541425,4501.8,3683.4,4440.0,3288.1,4019.1,3,1,4019.0,469,4,4018.8,10,1,4018.6,26,1,4018.3,38,2,4019.3,1,1,4019.6,16,3,4019.7,3,1,4019.8,67,3,4019.9,19,1
11483,2026-07-02 14:10:28+05:30,4019.6,3,4035.59,1604576,165758.0,179667.0,4100.0,4110.0,4012.0,4092.6,25541425,4501.8,3683.4,4440.0,3288.1,4019.1,3,1,4019.0,469,4,4018.8,10,1,4018.6,26,1,4018.3,38,2,4019.3,1,1,4019.6,16,3,4019.7,3,1,4019.8,67,3,4019.9,19,1
11483,2026-07-02 14:10:28+05:30,4019.6,3,4035.59,1604584,165758.0,179644.0,4100.0,4110.0,4012.0,4092.6,25541425,4501.8,3683.4,4440.0,3288.1,4019.1,3,1,4019.0,469,4,4018.8,10,1,4018.6,26,1,4018.3,38,2,4019.6,25,4,4019.7,3,1,4019.8,59,2,4019.9,19,1,4020.0,300,1
11483,2026-07-02 14:10:29+05:30,4019.6,3,4035.59,1604584,165758.0,179644.0,4100.0,4110.0,4012.0,4092.6,25541425,4501.8,3683.4,4440.0,3288.1,4019.1,3,1,4019.0,469,4,4018.8,10,1,4018.6,26,1,4018.3,38,2,4019.6,25,4,4019.7,3,1,4019.8,59,2,4019.9,19,1,4020.0,300,1
11483,2026-07-02 14:10:29+05:30,4019.6,1,4035.58,1604987,164905.0,179687.0,4100.0,4110.0,4012.0,4092.6,25541425,4501.8,3683.4,4440.0,3288.1,4019.0,79,1,4018.8,10,1,4018.6,26,1,4018.3,38,2,4018.2,14,3,4019.6,5,3,4019.7,28,2,4019.8,70,3,4019.9,22,2,4020.0,315,2
11483,2026-07-02 14:10:29+05:30,4019.6,1,4035.58,1604987,164905.0,179687.0,4100.0,4110.0,4012.0,4092.6,25541425,4501.8,3683.4,4440.0,3288.1,4019.0,79,1,4018.8,10,1,4018.6,26,1,4018.3,38,2,4018.2,14,3,4019.6,5,3,4019.7,28,2,4019.8,70,3,4019.9,22,2,4020.0,315,2
11483,2026-07-02 14:10:29+05:30,4019.0,49,4035.58,1604987,164905.0,179687.0,4100.0,4110.0,4012.0,4092.6,25541425,4501.8,3683.4,4440.0,3288.1,4019.0,79,1,4018.8,10,1,4018.6,26,1,4018.3,38,2,4018.2,14,3,4019.6,5,3,4019.7,28,2,4019.8,70,3,4019.9,22,2,4020.0,315,2
11483,2026-07-02 14:10:30+05:30,4019.0,49,4035.58,1604987,164905.0,179687.0,4100.0,4110.0,4012.0,4092.6,25541425,4501.8,3683.4,4440.0,3288.1,4019.0,79,1,4018.8,10,1,4018.6,26,1,4018.3,38,2,4018.2,14,3,4019.6,5,3,4019.7,28,2,4019.8,70,3,4019.9,22,2,4020.0,315,2
11483,2026-07-02 14:10:30+05:30,4019.0,49,4035.58,1605036,165319.0,179680.0,4100.0,4110.0,4012.0,4092.6,25541425,4501.8,3683.4,4440.0,3288.1,4019.5,2,2,4019.1,33,2,4019.0,30,1,4018.8,10,1,4018.6,26,1,4019.6,17,4,4019.7,3,1,4019.8,59,2,4019.9,19,1,4020.0,318,3
11483,2026-07-02 14:10:31+05:30,4019.5,1,4035.58,1605036,165319.0,179680.0,4100.0,4110.0,4012.0,4092.6,25541425,4501.8,3683.4,4440.0,3288.1,4019.5,2,2,4019.1,33,2,4019.0,30,1,4018.8,10,1,4018.6,26,1,4019.6,17,4,4019.7,3,1,4019.8,59,2,4019.9,19,1,4020.0,318,3
11483,2026-07-02 14:10:31+05:30,4019.5,2,4035.58,1605046,165277.0,179565.0,4100.0,4110.0,4012.0,4092.6,25541425,4501.8,3683.4,4440.0,3288.1,4019.1,33,2,4019.0,30,1,4018.8,10,1,4018.6,26,1,4018.3,38,2,4019.5,2,1,4019.6,3,2,4019.7,3,1,4019.8,71,3,4020.0,300,1
11483,2026-07-02 14:10:32+05:30,4019.1,1,4035.58,1605046,165277.0,179565.0,4100.0,4110.0,4012.0,4092.6,25541425,4501.8,3683.4,4440.0,3288.1,4019.1,33,2,4019.0,30,1,4018.8,10,1,4018.6,26,1,4018.3,38,2,4019.5,2,1,4019.6,3,2,4019.7,3,1,4019.8,71,3,4020.0,300,1
11483,2026-07-02 14:10:32+05:30,4019.5,2,4035.58,1605049,165361.0,179583.0,4100.0,4110.0,4012.0,4092.6,25541425,4501.8,3683.4,4440.0,3288.1,4019.1,32,2,4019.0,80,2,4018.8,10,1,4018.7,3,1,4018.6,26,1,4019.5,3,2,4019.6,14,2,4019.7,3,1,4019.8,59,2,4019.9,15,1
11483,2026-07-02 14:10:33+05:30,4019.6,2,4035.58,1605058,165435.0,179482.0,4100.0,4110.0,4012.0,4092.6,25541425,4501.8,3683.4,4440.0,3288.1,4019.5,1,1,4019.1,26,1,4019.0,80,2,4018.8,10,1,4018.7,3,1,4019.6,14,2,4019.7,3,1,4019.8,59,2,4019.9,15,1,4020.0,481,2
11483,2026-07-02 14:10:33+05:30,4019.6,2,4035.58,1605058,165435.0,179482.0,4100.0,4110.0,4012.0,4092.6,25541425,4501.8,3683.4,4440.0,3288.1,4019.5,1,1,4019.1,26,1,4019.0,80,2,4018.8,10,1,4018.7,3,1,4019.6,14,2,4019.7,3,1,4019.8,59,2,4019.9,15,1,4020.0,481,2
11483,2026-07-02 14:10:34+05:30,4019.6,2,4035.58,1605111,165354.0,179533.0,4100.0,4110.0,4012.0,4092.6,25541425,4501.8,3683.4,4440.0,3288.1,4019.0,56,2,4018.8,15,2,4018.7,3,1,4018.6,26,1,4018.3,38,2,4019.6,4,2,4019.7,3,1,4019.8,72,3,4019.9,15,1,4020.0,481,2
11483,2026-07-02 14:10:34+05:30,4019.0,1,4035.58,1605111,165354.0,179533.0,4100.0,4110.0,4012.0,4092.6,25541425,4501.8,3683.4,4440.0,3288.1,4019.0,56,2,4018.8,15,2,4018.7,3,1,4018.6,26,1,4018.3,38,2,4019.6,4,2,4019.7,3,1,4019.8,72,3,4019.9,15,1,4020.0,481,2
11483,2026-07-02 14:10:35+05:30,4019.6,1,4035.58,1605125,166363.0,179540.0,4100.0,4110.0,4012.0,4092.6,25541425,4501.8,3683.4,4440.0,3288.1,4019.0,49,1,4018.8,15,2,4018.6,36,2,4018.3,51,3,4018.2,29,4,4019.6,15,3,4019.7,3,1,4019.8,59,2,4019.9,15,1,4020.0,481,2
11483,2026-07-02 14:10:35+05:30,4019.0,1,4035.58,1605125,166363.0,179540.0,4100.0,4110.0,4012.0,4092.6,25541425,4501.8,3683.4,4440.0,3288.1,4019.0,49,1,4018.8,15,2,4018.6,36,2,4018.3,51,3,4018.2,29,4,4019.6,15,3,4019.7,3,1,4019.8,59,2,4019.9,15,1,4020.0,481,2
11483,2026-07-02 14:10:36+05:30,4019.6,1,4035.58,1605136,166423.0,179224.0,4100.0,4110.0,4012.0,4092.6,25541425,4501.8,3683.4,4440.0,3288.1,4019.0,40,1,4018.8,15,2,4018.7,3,1,4018.6,36,2,4018.3,38,2,4019.6,3,2,4019.7,3,1,4019.8,73,3,4019.9,15,1,4020.0,481,2
11483,2026-07-02 14:10:36+05:30,4019.0,2,4035.58,1605136,166423.0,179224.0,4100.0,4110.0,4012.0,4092.6,25541425,4501.8,3683.4,4440.0,3288.1,4019.0,40,1,4018.8,15,2,4018.7,3,1,4018.6,36,2,4018.3,38,2,4019.6,3,2,4019.7,3,1,4019.8,73,3,4019.9,15,1,4020.0,481,2
11483,2026-07-02 14:10:37+05:30,4019.6,1,4035.58,1605140,166510.0,179220.0,4100.0,4110.0,4012.0,4092.6,25541425,4501.8,3683.4,4440.0,3288.1,4019.3,1,1,4019.0,62,3,4018.8,15,2,4018.7,3,1,4018.6,36,2,4019.6,14,2,4019.7,3,1,4019.8,59,2,4019.9,15,1,4020.0,481,2
11483,2026-07-02 14:10:37+05:30,4019.6,1,4035.58,1605140,166510.0,179220.0,4100.0,4110.0,4012.0,4092.6,25541425,4501.8,3683.4,4440.0,3288.1,4019.3,1,1,4019.0,62,3,4018.8,15,2,4018.7,3,1,4018.6,36,2,4019.6,14,2,4019.7,3,1,4019.8,59,2,4019.9,15,1,4020.0,481,2
11483,2026-07-02 14:10:38+05:30,4019.8,8,4035.58,1605160,166496.0,179202.0,4100.0,4110.0,4012.0,4092.6,25541425,4501.8,3683.4,4440.0,3288.1,4019.3,1,1,4019.0,62,3,4018.8,15,2,4018.7,3,1,4018.6,36,2,4019.8,64,3,4019.9,15,1,4020.0,481,2,4020.2,349,2,4020.4,84,2
11483,2026-07-02 14:10:38+05:30,4019.8,1,4035.58,1605160,166496.0,179202.0,4100.0,4110.0,4012.0,4092.6,25541425,4501.8,3683.4,4440.0,3288.1,4019.3,1,1,4019.0,62,3,4018.8,15,2,4018.7,3,1,4018.6,36,2,4019.8,64,3,4019.9,15,1,4020.0,481,2,4020.2,349,2,4020.4,84,2
11483,2026-07-02 14:10:39+05:30,4019.8,2,4035.58,1605165,166647.0,179291.0,4100.0,4110.0,4012.0,4092.6,25541425,4501.8,3683.4,4440.0,3288.1,4019.7,1,1,4019.0,73,5,4018.8,15,2,4018.7,3,1,4018.6,48,3,4019.8,50,3,4019.9,15,1,4020.0,496,4,4020.2,349,2,4020.3,16,1
11483,2026-07-02 14:10:39+05:30,4019.8,2,4035.58,1605165,166647.0,179291.0,4100.0,4110.0,4012.0,4092.6,25541425,4501.8,3683.4,4440.0,3288.1,4019.7,1,1,4019.0,73,5,4018.8,15,2,4018.7,3,1,4018.6,48,3,4019.8,50,3,4019.9,15,1,4020.0,496,4,4020.2,349,2,4020.3,16,1
11483,2026-07-02 14:10:40+05:30,4019.8,2,4035.58,1605168,166621.0,179347.0,4100.0,4110.0,4012.0,4092.6,25541425,4501.8,3683.4,4440.0,3288.1,4019.7,1,1,4019.0,74,6,4018.8,15,2,4018.7,3,1,4018.6,48,3,4019.8,77,6,4019.9,15,1,4020.0,483,3,4020.2,349,2,4020.3,16,1
11483,2026-07-02 14:10:40+05:30,4019.8,2,4035.58,1605168,166621.0,179347.0,4100.0,4110.0,4012.0,4092.6,25541425,4501.8,3683.4,4440.0,3288.1,4019.7,1,1,4019.0,74,6,4018.8,15,2,4018.7,3,1,4018.6,48,3,4019.8,77,6,4019.9,15,1,4020.0,483,3,4020.2,349,2,4020.3,16,1
11483,2026-07-02 14:10:41+05:30,4019.7,2,4035.58,1605176,166482.0,179289.0,4100.0,4110.0,4012.0,4092.6,25541425,4501.8,3683.4,4440.0,3288.1,4019.0,74,6,4018.8,15,2,4018.7,3,1,4018.6,36,2,4018.3,43,3,4019.7,2,1,4019.8,60,4,4019.9,15,1,4020.0,511,4,4020.2,349,2
11483,2026-07-02 14:10:41+05:30,4019.7,2,4035.58,1605176,166482.0,179289.0,4100.0,4110.0,4012.0,4092.6,25541425,4501.8,3683.4,4440.0,3288.1,4019.0,74,6,4018.8,15,2,4018.7,3,1,4018.6,36,2,4018.3,43,3,4019.7,2,1,4019.8,60,4,4019.9,15,1,4020.0,511,4,4020.2,349,2
11483,2026-07-02 14:10:42+05:30,4019.8,2,4035.58,1605247,166599.0,179426.0,4100.0,4110.0,4012.0,4092.6,25541425,4501.8,3683.4,4440.0,3288.1,4019.0,171,6,4018.8,15,2,4018.7,3,1,4018.6,36,2,4018.3,43,3,4019.8,15,3,4019.9,15,1,4020.0,483,3,4020.2,349,2,4020.3,16,1
11483,2026-07-02 14:10:42+05:30,4019.8,2,4035.58,1605247,166599.0,179426.0,4100.0,4110.0,4012.0,4092.6,25541425,4501.8,3683.4,4440.0,3288.1,4019.0,171,6,4018.8,15,2,4018.7,3,1,4018.6,36,2,4018.3,43,3,4019.8,15,3,4019.9,15,1,4020.0,483,3,4020.2,349,2,4020.3,16,1
11483,2026-07-02 14:10:43+05:30,4019.8,2,4035.58,1605264,166591.0,179424.0,4100.0,4110.0,4012.0,4092.6,25541425,4501.8,3683.4,4440.0,3288.1,4019.0,177,7,4018.8,15,2,4018.7,3,1,4018.6,36,2,4018.3,43,3,4019.8,13,2,4019.9,15,1,4020.0,483,3,4020.2,349,2,4020.3,16,1
11483,2026-07-02 14:10:43+05:30,4019.8,2,4035.58,1605264,166591.0,179424.0,4100.0,4110.0,4012.0,4092.6,25541425,4501.8,3683.4,4440.0,3288.1,4019.0,177,7,4018.8,15,2,4018.7,3,1,4018.6,36,2,4018.3,43,3,4019.8,13,2,4019.9,15,1,4020.0,483,3,4020.2,349,2,4020.3,16,1
11483,2026-07-02 14:10:44+05:30,4019.8,1,4035.58,1605299,166707.0,179390.0,4100.0,4110.0,4012.0,4092.6,25541425,4501.8,3683.4,4440.0,3288.1,4019.4,1,1,4019.0,176,8,4018.8,15,2,4018.7,3,1,4018.6,36,2,4019.8,14,2,4019.9,15,1,4020.0,498,4,4020.2,349,2,4020.3,16,1
11483,2026-07-02 14:10:44+05:30,4019.8,1,4035.58,1605299,166707.0,179390.0,4100.0,4110.0,4012.0,4092.6,25541425,4501.8,3683.4,4440.0,3288.1,4019.4,1,1,4019.0,176,8,4018.8,15,2,4018.7,3,1,4018.6,36,2,4019.8,14,2,4019.9,15,1,4020.0,498,4,4020.2,349,2,4020.3,16,1
11483,2026-07-02 14:10:45+05:30,4019.4,1,4035.58,1605300,166599.0,179516.0,4100.0,4110.0,4012.0,4092.6,25541425,4501.8,3683.4,4440.0,3288.1,4019.0,176,8,4018.8,15,2,4018.6,36,2,4018.3,43,3,4018.2,62,6,4019.4,1,1,4019.8,56,5,4019.9,15,1,4020.0,483,3,4020.2,361,3
11483,2026-07-02 14:10:45+05:30,4019.8,3,4035.58,1605300,166599.0,179516.0,4100.0,4110.0,4012.0,4092.6,25541425,4501.8,3683.4,4440.0,3288.1,4019.0,176,8,4018.8,15,2,4018.6,36,2,4018.3,43,3,4018.2,62,6,4019.4,1,1,4019.8,56,5,4019.9,15,1,4020.0,483,3,4020.2,361,3
11483,2026-07-02 14:10:46+05:30,4019.8,1,4035.58,1605300,166599.0,179516.0,4100.0,4110.0,4012.0,4092.6,25541425,4501.8,3683.4,4440.0,3288.1,4019.0,167,8,4018.8,15,2,4018.7,3,1,4018.6,36,2,4018.3,43,3,4019.8,29,3,4019.9,15,1,4020.0,483,3,4020.2,349,2,4020.3,16,1
11483,2026-07-02 14:10:46+05:30,4019.8,1,4035.58,1605325,166599.0,179348.0,4100.0,4110.0,4012.0,4092.6,25541425,4501.8,3683.4,4440.0,3288.1,4019.0,167,8,4018.8,15,2,4018.7,3,1,4018.6,36,2,4018.3,43,3,4019.8,29,3,4019.9,15,1,4020.0,483,3,4020.2,349,2,4020.3,16,1
11483,2026-07-02 14:10:47+05:30,4019.8,1,4035.58,1605329,166701.0,179339.0,4100.0,4110.0,4012.0,4092.6,25541425,4501.8,3683.4,4440.0,3288.1,4019.4,1,1,4019.0,164,8,4018.8,15,2,4018.7,3,1,4018.6,36,2,4019.8,13,1,4019.9,15,1,4020.0,497,4,4020.2,349,2,4020.3,16,1
11483,2026-07-02 14:10:47+05:30,4019.8,2,4035.58,1605329,166701.0,179339.0,4100.0,4110.0,4012.0,4092.6,25541425,4501.8,3683.4,4440.0,3288.1,4019.4,1,1,4019.0,164,8,4018.8,15,2,4018.7,3,1,4018.6,36,2,4019.8,13,1,4019.9,15,1,4020.0,497,4,4020.2,349,2,4020.3,16,1
11483,2026-07-02 14:10:48+05:30,4019.8,5,4035.58,1605337,166693.0,179324.0,4100.0,4110.0,4012.0,4092.6,25541425,4501.8,3683.4,4440.0,3288.1,4019.0,164,8,4018.8,15,2,4018.6,36,2,4018.3,43,3,4018.2,74,7,4019.8,6,1,4019.9,15,1,4020.0,483,3,4020.2,349,2,4020.3,16,1
11483,2026-07-02 14:10:48+05:30,4019.8,2,4035.58,1605337,166693.0,179324.0,4100.0,4110.0,4012.0,4092.6,25541425,4501.8,3683.4,4440.0,3288.1,4019.0,164,8,4018.8,15,2,4018.6,36,2,4018.3,43,3,4018.2,74,7,4019.8,6,1,4019.9,15,1,4020.0,483,3,4020.2,349,2,4020.3,16,1
11483,2026-07-02 14:10:49+05:30,4019.8,2,4035.58,1605337,166693.0,179324.0,4100.0,4110.0,4012.0,4092.6,25541425,4501.8,3683.4,4440.0,3288.1,4019.0,164,8,4018.8,15,2,4018.6,36,2,4018.3,43,3,4018.2,74,7,4019.8,6,1,4019.9,15,1,4020.0,483,3,4020.2,349,2,4020.3,16,1
11483,2026-07-02 14:10:50+05:30,4019.8,2,4035.58,1605346,166689.0,179333.0,4100.0,4110.0,4012.0,4092.6,25541425,4501.8,3683.4,4440.0,3288.1,4019.0,172,9,4018.8,15,2,4018.7,3,1,4018.6,36,2,4018.3,43,3,4019.8,15,2,4019.9,15,1,4020.0,483,3,4020.2,349,2,4020.3,16,1
11483,2026-07-02 14:10:50+05:30,4019.0,1,4035.58,1605346,166689.0,179333.0,4100.0,4110.0,4012.0,4092.6,25541425,4501.8,3683.4,4440.0,3288.1,4019.0,172,9,4018.8,15,2,4018.7,3,1,4018.6,36,2,4018.3,43,3,4019.8,15,2,4019.9,15,1,4020.0,483,3,4020.2,349,2,4020.3,16,1
11483,2026-07-02 14:10:50+05:30,4019.0,1,4035.58,1605347,166574.0,179397.0,4100.0,4110.0,4012.0,4092.6,25541425,4501.8,3683.4,4440.0,3288.1,4019.0,312,10,4018.8,15,2,4018.6,36,2,4018.5,5,1,4018.3,93,5,4019.7,2,1,4019.8,15,2,4019.9,29,2,4020.0,481,2,4020.2,349,2
11483,2026-07-02 14:10:51+05:30,4019.0,10,4035.58,1605347,166574.0,179397.0,4100.0,4110.0,4012.0,4092.6,25541425,4501.8,3683.4,4440.0,3288.1,4019.0,312,10,4018.8,15,2,4018.6,36,2,4018.5,5,1,4018.3,93,5,4019.7,2,1,4019.8,15,2,4019.9,29,2,4020.0,481,2,4020.2,349,2
11483,2026-07-02 14:10:51+05:30,4019.0,10,4035.58,1605357,166624.0,179405.0,4100.0,4110.0,4012.0,4092.6,25541425,4501.8,3683.4,4440.0,3288.1,4019.0,302,10,4018.8,15,2,4018.6,36,2,4018.5,5,1,4018.3,43,3,4019.8,13,1,4019.9,29,2,4020.0,481,2,4020.2,349,2,4020.3,14,1
11483,2026-07-02 14:10:52+05:30,4019.0,1,4035.58,1605357,166624.0,179405.0,4100.0,4110.0,4012.0,4092.6,25541425,4501.8,3683.4,4440.0,3288.1,4019.0,302,10,4018.8,15,2,4018.6,36,2,4018.5,5,1,4018.3,43,3,4019.8,13,1,4019.9,29,2,4020.0,481,2,4020.2,349,2,4020.3,14,1
11483,2026-07-02 14:10:52+05:30,4019.0,1,4035.58,1605358,166641.0,179401.0,4100.0,4110.0,4012.0,4092.6,25541425,4501.8,3683.4,4440.0,3288.1,4019.0,320,11,4018.8,15,2,4018.6,36,2,4018.5,5,1,4018.3,43,3,4019.7,2,1,4019.8,27,2,4019.9,15,1,4020.0,481,2,4020.1,3,1
11483,2026-07-02 14:10:53+05:30,4019.0,1,4035.58,1605358,166675.0,179389.0,4100.0,4110.0,4012.0,4092.6,25541425,4501.8,3683.4,4440.0,3288.1,4019.0,345,12,4018.8,15,2,4018.6,36,2,4018.5,5,1,4018.3,43,3,4019.7,24,5,4019.8,13,1,4019.9,15,1,4020.0,515,4,4020.1,31,2
11483,2026-07-02 14:10:53+05:30,4019.7,6,4035.58,1605358,166675.0,179389.0,4100.0,4110.0,4012.0,4092.6,25541425,4501.8,3683.4,4440.0,3288.1,4019.0,345,12,4018.8,15,2,4018.6,36,2,4018.5,5,1,4018.3,43,3,4019.7,24,5,4019.8,13,1,4019.9,15,1,4020.0,515,4,4020.1,31,2
11483,2026-07-02 14:10:54+05:30,4019.7,1,4035.58,1605369,166674.0,179382.0,4100.0,4110.0,4012.0,4092.6,25541425,4501.8,3683.4,4440.0,3288.1,4019.0,344,11,4018.8,15,2,4018.6,36,2,4018.5,5,1,4018.3,43,3,4019.7,16,4,4019.8,13,1,4019.9,15,1,4020.0,515,4,4020.1,31,2
11483,2026-07-02 14:10:54+05:30,4019.0,1,4035.58,1605369,166674.0,179382.0,4100.0,4110.0,4012.0,4092.6,25541425,4501.8,3683.4,4440.0,3288.1,4019.0,344,11,4018.8,15,2,4018.6,36,2,4018.5,5,1,4018.3,43,3,4019.7,16,4,4019.8,13,1,4019.9,15,1,4020.0,515,4,4020.1,31,2
11483,2026-07-02 14:10:55+05:30,4019.0,1,4035.58,1605371,166525.0,179382.0,4100.0,4110.0,4012.0,4092.6,25541425,4501.8,3683.4,4440.0,3288.1,4019.1,8,1,4019.0,343,11,4018.8,15,2,4018.6,36,2,4018.5,5,1,4019.7,16,4,4019.8,13,1,4019.9,15,1,4020.0,515,4,4020.1,28,1
11483,2026-07-02 14:10:56+05:30,4019.8,11,4035.58,1605420,166501.0,179398.0,4100.0,4110.0,4012.0,4092.6,25541425,4501.8,3683.4,4440.0,3288.1,4019.1,8,1,4019.0,342,10,4018.8,15,2,4018.6,36,2,4018.3,43,3,4019.8,35,4,4019.9,16,2,4020.0,548,6,4020.1,48,3,4020.2,371,4
11483,2026-07-02 14:10:56+05:30,4019.8,45,4035.58,1605420,166501.0,179398.0,4100.0,4110.0,4012.0,4092.6,25541425,4501.8,3683.4,4440.0,3288.1,4019.1,8,1,4019.0,342,10,4018.8,15,2,4018.6,36,2,4018.3,43,3,4019.8,35,4,4019.9,16,2,4020.0,548,6,4020.1,48,3,4020.2,371,4
11483,2026-07-02 14:10:57+05:30,4019.8,1,4035.58,1605507,166674.0,179358.0,4100.0,4110.0,4012.0,4092.6,25541425,4501.8,3683.4,4440.0,3288.1,4019.4,1,1,4019.1,2,1,4019.0,342,10,4018.8,15,2,4018.6,36,2,4019.8,21,2,4019.9,16,2,4020.0,521,5,4020.1,31,2,4020.2,356,3
11483,2026-07-02 14:10:57+05:30,4019.4,3,4035.58,1605507,166674.0,179358.0,4100.0,4110.0,4012.0,4092.6,25541425,4501.8,3683.4,4440.0,3288.1,4019.4,1,1,4019.1,2,1,4019.0,342,10,4018.8,15,2,4018.6,36,2,4019.8,21,2,4019.9,16,2,4020.0,521,5,4020.1,31,2,4020.2,356,3
11483,2026-07-02 14:10:58+05:30,4019.8,6,4035.58,1605560,166894.0,179563.0,4100.0,4110.0,4012.0,4092.6,25541425,4501.8,3683.4,4440.0,3288.1,4019.0,342,10,4018.8,15,2,4018.6,36,2,4018.3,38,2,4018.2,14,3,4019.7,24,1,4019.8,25,2,4019.9,21,3,4020.0,502,5,4020.1,31,2
11483,2026-07-02 14:10:58+05:30,4019.7,7,4035.58,1605560,166894.0,179563.0,4100.0,4110.0,4012.0,4092.6,25541425,4501.8,3683.4,4440.0,3288.1,4019.0,342,10,4018.8,15,2,4018.6,36,2,4018.3,38,2,4018.2,14,3,4019.7,24,1,4019.8,25,2,4019.9,21,3,4020.0,502,5,4020.1,31,2
11483,2026-07-02 14:10:59+05:30,4019.8,10,4035.58,1605594,167404.0,179590.0,4100.0,4110.0,4012.0,4092.6,25541425,4501.8,3683.4,4440.0,3288.1,4019.0,863,12,4018.8,15,2,4018.6,36,2,4018.3,38,2,4018.2,42,4,4019.8,34,3,4019.9,16,2,4020.0,497,4,4020.2,367,4,4020.3,38,2
11483,2026-07-02 14:10:59+05:30,4019.0,4,4035.58,1605594,167404.0,179590.0,4100.0,4110.0,4012.0,4092.6,25541425,4501.8,3683.4,4440.0,3288.1,4019.0,863,12,4018.8,15,2,4018.6,36,2,4018.3,38,2,4018.2,42,4,4019.8,34,3,4019.9,16,2,4020.0,497,4,4020.2,367,4,4020.3,38,2
11483,2026-07-02 14:11:00+05:30,4019.8,11,4035.58,1605609,167376.0,179534.0,4100.0,4110.0,4012.0,4092.6,25541425,4501.8,3683.4,4440.0,3288.1,4019.0,859,12,4018.8,15,2,4018.6,36,2,4018.3,38,2,4018.2,14,3,4019.7,10,1,4019.9,29,2,4020.0,499,4,4020.1,3,1,4020.2,356,3
11483,2026-07-02 14:11:00+05:30,4019.9,1,4035.58,1605609,167376.0,179534.0,4100.0,4110.0,4012.0,4092.6,25541425,4501.8,3683.4,4440.0,3288.1,4019.0,859,12,4018.8,15,2,4018.6,36,2,4018.3,38,2,4018.2,14,3,4019.7,10,1,4019.9,29,2,4020.0,499,4,4020.1,3,1,4020.2,356,3
11483,2026-07-02 14:11:01+05:30,4019.9,1,4035.58,1605622,167369.0,179535.0,4100.0,4110.0,4012.0,4092.6,25541425,4501.8,3683.4,4440.0,3288.1,4019.0,857,12,4018.8,15,2,4018.6,36,2,4018.3,38,2,4018.2,16,4,4019.9,24,2,4020.0,499,4,4020.1,3,1,4020.2,356,3,4020.3,14,1
11483,2026-07-02 14:11:01+05:30,4019.9,8,4035.58,1605622,167369.0,179535.0,4100.0,4110.0,4012.0,4092.6,25541425,4501.8,3683.4,4440.0,3288.1,4019.0,857,12,4018.8,15,2,4018.6,36,2,4018.3,38,2,4018.2,16,4,4019.9,24,2,4020.0,499,4,4020.1,3,1,4020.2,356,3,4020.3,14,1
11483,2026-07-02 14:11:02+05:30,4019.5,10,4035.58,1605655,167353.0,179815.0,4100.0,4110.0,4012.0,4092.6,25541425,4501.8,3683.4,4440.0,3288.1,4019.0,856,12,4018.8,15,2,4018.6,36,2,4018.3,38,2,4018.2,16,4,4019.6,65,3,4019.7,42,1,4019.8,42,1,4019.9,36,4,4020.0,541,5
11483,2026-07-02 14:11:02+05:30,4019.0,4,4035.58,1605655,167353.0,179815.0,4100.0,4110.0,4012.0,4092.6,25541425,4501.8,3683.4,4440.0,3288.1,4019.0,856,12,4018.8,15,2,4018.6,36,2,4018.3,38,2,4018.2,16,4,4019.6,65,3,4019.7,42,1,4019.8,42,1,4019.9,36,4,4020.0,541,5
11483,2026-07-02 14:11:03+05:30,4019.0,4,4035.58,1605659,167427.0,179925.0,4100.0,4110.0,4012.0,4092.6,25541425,4501.8,3683.4,4440.0,3288.1,4019.0,852,12,4018.8,15,2,4018.6,36,2,4018.3,38,2,4018.2,16,4,4019.3,42,1,4019.4,65,3,4019.5,42,1,4019.6,2,1,4019.7,13,1
11483,2026-07-02 14:11:03+05:30,4019.7,8,4035.58,1605659,167427.0,179925.0,4100.0,4110.0,4012.0,4092.6,25541425,4501.8,3683.4,4440.0,3288.1,4019.0,852,12,4018.8,15,2,4018.6,36,2,4018.3,38,2,4018.2,16,4,4019.3,42,1,4019.4,65,3,4019.5,42,1,4019.6,2,1,4019.7,13,1
11483,2026-07-02 14:11:04+05:30,4018.0,841,4035.55,1608091,163985.0,180836.0,4100.0,4110.0,4012.0,4092.6,25541425,4501.8,3683.4,4440.0,3288.1,4018.0,159,1,4017.7,13,2,4017.6,11,2,4017.5,63,2,4017.4,13,1,4019.0,1,1,4019.2,71,1,4019.3,3,1,4019.4,24,1,4019.5,18,1
11483,2026-07-02 14:11:04+05:30,4018.0,4,4035.55,1608091,163985.0,180836.0,4100.0,4110.0,4012.0,4092.6,25541425,4501.8,3683.4,4440.0,3288.1,4018.0,159,1,4017.7,13,2,4017.6,11,2,4017.5,63,2,4017.4,13,1,4019.0,1,1,4019.2,71,1,4019.3,3,1,4019.4,24,1,4019.5,18,1
11483,2026-07-02 14:11:05+05:30,4018.0,4,4035.55,1608254,163119.0,180718.0,4100.0,4110.0,4012.0,4092.6,25541425,4501.8,3683.4,4440.0,3288.1,4017.7,1,1,4017.6,11,2,4017.5,25,1,4017.2,35,4,4017.1,427,4,4018.0,69,3,4018.1,42,1,4018.2,42,1,4018.3,3,1,4018.4,42,1
11483,2026-07-02 14:11:05+05:30,4017.5,25,4035.55,1608254,163119.0,180718.0,4100.0,4110.0,4012.0,4092.6,25541425,4501.8,3683.4,4440.0,3288.1,4017.7,1,1,4017.6,11,2,4017.5,25,1,4017.2,35,4,4017.1,427,4,4018.0,69,3,4018.1,42,1,4018.2,42,1,4018.3,3,1,4018.4,42,1
11483,2026-07-02 14:11:06+05:30,4017.6,7,4035.55,1608298,162511.0,181418.0,4100.0,4110.0,4012.0,4092.6,25541425,4501.8,3683.4,4440.0,3288.1,4017.2,20,1,4017.1,200,2,4017.0,948,33,4016.9,2,2,4016.6,23,2,4017.6,35,1,4017.7,64,5,4017.8,42,1,4017.9,11,1,4018.0,75,4
11483,2026-07-02 14:11:06+05:30,4017.2,6,4035.55,1608298,162511.0,181418.0,4100.0,4110.0,4012.0,4092.6,25541425,4501.8,3683.4,4440.0,3288.1,4017.2,20,1,4017.1,200,2,4017.0,948,33,4016.9,2,2,4016.6,23,2,4017.6,35,1,4017.7,64,5,4017.8,42,1,4017.9,11,1,4018.0,75,4
11483,2026-07-02 14:11:07+05:30,4017.2,6,4035.55,1608304,162529.0,181157.0,4100.0,4110.0,4012.0,4092.6,25541425,4501.8,3683.4,4440.0,3288.1,4017.4,1,1,4017.2,14,1,4017.1,200,2,4017.0,948,33,4016.9,2,2,4017.7,2,2,4018.0,33,3,4018.1,8,1,4018.2,11,1,4018.3,3,1
11483,2026-07-02 14:11:07+05:30,4017.4,1,4035.55,1608304,162529.0,181157.0,4100.0,4110.0,4012.0,4092.6,25541425,4501.8,3683.4,4440.0,3288.1,4017.4,1,1,4017.2,14,1,4017.1,200,2,4017.0,948,33,4016.9,2,2,4017.7,2,2,4018.0,33,3,4018.1,8,1,4018.2,11,1,4018.3,3,1
11483,2026-07-02 14:11:08+05:30,4017.7,1,4035.55,1608309,162629.0,181187.0,4100.0,4110.0,4012.0,4092.6,25541425,4501.8,3683.4,4440.0,3288.1,4017.2,14,1,4017.1,200,2,4017.0,948,33,4016.9,28,3,4016.6,23,2,4017.7,8,2,4018.0,33,3,4018.1,8,1,4018.2,11,1,4018.3,3,1
11483,2026-07-02 14:11:08+05:30,4017.5,48,4035.55,1608309,162629.0,181187.0,4100.0,4110.0,4012.0,4092.6,25541425,4501.8,3683.4,4440.0,3288.1,4017.2,14,1,4017.1,200,2,4017.0,948,33,4016.9,28,3,4016.6,23,2,4017.7,8,2,4018.0,33,3,4018.1,8,1,4018.2,11,1,4018.3,3,1
11483,2026-07-02 14:11:09+05:30,4017.7,1,4035.55,1608359,162785.0,181221.0,4100.0,4110.0,4012.0,4092.6,25541425,4501.8,3683.4,4440.0,3288.1,4017.4,42,1,4017.3,42,1,4017.2,55,2,4017.1,200,2,4017.0,990,34,4017.7,9,3,4018.0,33,3,4018.1,21,2,4018.2,11,1,4018.3,3,1
11483,2026-07-02 14:11:09+05:30,4018.0,54,4035.55,1608359,162785.0,181221.0,4100.0,4110.0,4012.0,4092.6,25541425,4501.8,3683.4,4440.0,3288.1,4017.4,42,1,4017.3,42,1,4017.2,55,2,4017.1,200,2,4017.0,990,34,4017.7,9,3,4018.0,33,3,4018.1,21,2,4018.2,11,1,4018.3,3,1
11483,2026-07-02 14:11:10+05:30,4018.0,54,4035.55,1608556,163285.0,181322.0,4100.0,4110.0,4012.0,4092.6,25541425,4501.8,3683.4,4440.0,3288.1,4017.6,5,1,4017.4,36,1,4017.3,42,1,4017.2,55,2,4017.1,200,2,4018.0,30,1,4018.1,13,1,4018.6,52,3,4018.7,100,5,4018.8,43,2
11483,2026-07-02 14:11:10+05:30,4017.6,5,4035.55,1608556,163285.0,181322.0,4100.0,4110.0,4012.0,4092.6,25541425,4501.8,3683.4,4440.0,3288.1,4017.6,5,1,4017.4,36,1,4017.3,42,1,4017.2,55,2,4017.1,200,2,4018.0,30,1,4018.1,13,1,4018.6,52,3,4018.7,100,5,4018.8,43,2
11483,2026-07-02 14:11:11+05:30,4017.6,2,4035.54,1608588,162734.0,180716.0,4100.0,4110.0,4012.0,4092.6,25541425,4501.8,3683.4,4440.0,3288.1,4017.4,78,2,4017.3,42,1,4017.2,13,1,4017.1,244,4,4017.0,974,34,4017.6,2,2,4018.0,30,1,4018.1,13,1,4018.6,12,1,4018.8,54,2
11483,2026-07-02 14:11:11+05:30,4017.4,4,4035.54,1608588,162734.0,180716.0,4100.0,4110.0,4012.0,4092.6,25541425,4501.8,3683.4,4440.0,3288.1,4017.4,78,2,4017.3,42,1,4017.2,13,1,4017.1,244,4,4017.0,974,34,4017.6,2,2,4018.0,30,1,4018.1,13,1,4018.6,12,1,4018.8,54,2
11483,2026-07-02 14:11:12+05:30,4017.4,4,4035.54,1608592,162653.0,180753.0,4100.0,4110.0,4012.0,4092.6,25541425,4501.8,3683.4,4440.0,3288.1,4017.4,92,4,4017.3,42,1,4017.2,13,1,4017.1,250,5,4017.0,990,35,4017.6,2,2,4018.0,30,1,4018.1,13,1,4018.5,4,1,4018.6,12,1
11483,2026-07-02 14:11:12+05:30,4017.6,1,4035.54,1608592,162653.0,180753.0,4100.0,4110.0,4012.0,4092.6,25541425,4501.8,3683.4,4440.0,3288.1,4017.4,92,4,4017.3,42,1,4017.2,13,1,4017.1,250,5,4017.0,990,35,4017.6,2,2,4018.0,30,1,4018.1,13,1,4018.5,4,1,4018.6,12,1
11483,2026-07-02 14:11:13+05:30,4017.6,1,4035.54,1608594,162662.0,180691.0,4100.0,4110.0,4012.0,4092.6,25541425,4501.8,3683.4,4440.0,3288.1,4017.4,91,4,4017.3,42,1,4017.2,13,1,4017.1,244,4,4017.0,990,35,4017.6,1,1,4018.0,30,1,4018.1,13,1,4018.5,4,1,4018.6,12,1
11483,2026-07-02 14:11:13+05:30,4017.4,1,4035.54,1608594,162662.0,180691.0,4100.0,4110.0,4012.0,4092.6,25541425,4501.8,3683.4,4440.0,3288.1,4017.4,91,4,4017.3,42,1,4017.2,13,1,4017.1,244,4,4017.0,990,35,4017.6,1,1,4018.0,30,1,4018.1,13,1,4018.5,4,1,4018.6,12,1
11483,2026-07-02 14:11:14+05:30,4018.0,3,4035.54,1608644,163528.0,180413.0,4100.0,4110.0,4012.0,4092.6,25541425,4501.8,3683.4,4440.0,3288.1,4017.7,23,4,4017.6,47,2,4017.5,49,2,4017.4,45,3,4017.3,97,5,4018.1,13,1,4019.0,101,2,4019.2,26,1,4019.4,32,1,4019.5,32,1
11483,2026-07-02 14:11:14+05:30,4017.7,1,4035.54,1608644,163528.0,180413.0,4100.0,4110.0,4012.0,4092.6,25541425,4501.8,3683.4,4440.0,3288.1,4017.7,23,4,4017.6,47,2,4017.5,49,2,4017.4,45,3,4017.3,97,5,4018.1,13,1,4019.0,101,2,4019.2,26,1,4019.4,32,1,4019.5,32,1
11483,2026-07-02 14:11:15+05:30,4017.7,1,4035.54,1608650,163657.0,180541.0,4100.0,4110.0,4012.0,4092.6,25541425,4501.8,3683.4,4440.0,3288.1,4017.8,42,1,4017.7,65,3,4017.6,5,1,4017.5,42,1,4017.4,35,2,4018.1,13,1,4019.0,101,2,4019.2,26,1,4019.4,34,2,4019.5,32,1
11483,2026-07-02 14:11:15+05:30,4017.8,1,4035.54,1608650,163657.0,180541.0,4100.0,4110.0,4012.0,4092.6,25541425,4501.8,3683.4,4440.0,3288.1,4017.8,42,1,4017.7,65,3,4017.6,5,1,4017.5,42,1,4017.4,35,2,4018.1,13,1,4019.0,101,2,4019.2,26,1,4019.4,34,2,4019.5,32,1
11483,2026-07-02 14:11:16+05:30,4018.2,1,4035.54,1608653,164362.0,180185.0,4100.0,4110.0,4012.0,4092.6,25541425,4501.8,3683.4,4440.0,3288.1,4018.2,44,3,4018.0,42,1,4017.8,57,2,4017.7,37,3,4017.6,5,1,4019.0,101,2,4019.2,14,1,4019.5,2,1,4019.6,26,1,4019.8,46,2
11483,2026-07-02 14:11:16+05:30,4018.2,1,4035.54,1608653,164362.0,180185.0,4100.0,4110.0,4012.0,4092.6,25541425,4501.8,3683.4,4440.0,3288.1,4018.2,44,3,4018.0,42,1,4017.8,57,2,4017.7,37,3,4017.6,5,1,4019.0,101,2,4019.2,14,1,4019.5,2,1,4019.6,26,1,4019.8,46,2
11483,2026-07-02 14:11:17+05:30,4018.2,1,4035.54,1608653,164494.0,179984.0,4100.0,4110.0,4012.0,4092.6,25541425,4501.8,3683.4,4440.0,3288.1,4018.6,1,1,4018.4,42,1,4018.2,71,6,4018.0,16,2,4017.9,16,1,4019.0,101,2,4019.2,14,1,4019.5,2,1,4019.6,26,1,4019.8,2,1
11483,2026-07-02 14:11:17+05:30,4018.6,1,4035.54,1608653,164494.0,179984.0,4100.0,4110.0,4012.0,4092.6,25541425,4501.8,3683.4,4440.0,3288.1,4018.6,1,1,4018.4,42,1,4018.2,71,6,4018.0,16,2,4017.9,16,1,4019.0,101,2,4019.2,14,1,4019.5,2,1,4019.6,26,1,4019.8,2,1
11483,2026-07-02 14:11:18+05:30,4018.6,1,4035.54,1608654,164293.0,180993.0,4100.0,4110.0,4012.0,4092.6,25541425,4501.8,3683.4,4440.0,3288.1,4018.6,42,1,4018.4,42,1,4018.2,2,2,4018.1,5,1,4017.8,41,1,4019.0,101,2,4019.2,14,1,4019.3,41,2,4019.4,31,1,4019.5,67,1
11483,2026-07-02 14:11:18+05:30,4019.2,1,4035.54,1608654,164293.0,180993.0,4100.0,4110.0,4012.0,4092.6,25541425,4501.8,3683.4,4440.0,3288.1,4018.6,42,1,4018.4,42,1,4018.2,2,2,4018.1,5,1,4017.8,41,1,4019.0,101,2,4019.2,14,1,4019.3,41,2,4019.4,31,1,4019.5,67,1
11483,2026-07-02 14:11:19+05:30,4019.2,1,4035.54,1608768,164902.0,179823.0,4100.0,4110.0,4012.0,4092.6,25541425,4501.8,3683.4,4440.0,3288.1,4018.7,42,1,4018.5,42,1,4018.4,5,1,4018.2,2,2,4018.1,5,1,4019.2,1,1,4019.3,15,1,4019.5,67,1,4019.6,67,1,4019.8,68,1
11483,2026-07-02 14:11:19+05:30,4019.2,1,4035.54,1608768,164902.0,179823.0,4100.0,4110.0,4012.0,4092.6,25541425,4501.8,3683.4,4440.0,3288.1,4018.7,42,1,4018.5,42,1,4018.4,5,1,4018.2,2,2,4018.1,5,1,4019.2,1,1,4019.3,15,1,4019.5,67,1,4019.6,67,1,4019.8,68,1
11483,2026-07-02 14:11:20+05:30,4019.2,1,4035.54,1608783,164888.0,179989.0,4100.0,4110.0,4012.0,4092.6,25541425,4501.8,3683.4,4440.0,3288.1,4018.7,28,1,4018.5,42,1,4018.4,5,1,4018.2,2,2,4018.1,5,1,4019.2,14,1,4019.3,15,1,4019.5,67,1,4019.6,67,1,4019.8,68,1
11483,2026-07-02 14:11:20+05:30,4018.7,2,4035.54,1608783,164888.0,179989.0,4100.0,4110.0,4012.0,4092.6,25541425,4501.8,3683.4,4440.0,3288.1,4018.7,28,1,4018.5,42,1,4018.4,5,1,4018.2,2,2,4018.1,5,1,4019.2,14,1,4019.3,15,1,4019.5,67,1,4019.6,67,1,4019.8,68,1
11483,2026-07-02 14:11:21+05:30,4018.7,2,4035.54,1608785,164463.0,180419.0,4100.0,4110.0,4012.0,4092.6,25541425,4501.8,3683.4,4440.0,3288.1,4018.2,2,2,4018.0,11,1,4017.7,20,3,4017.6,20,1,4017.5,1,1,4019.0,7,1,4019.1,27,3,4019.2,53,4,4019.3,33,2,4019.4,29,1
11483,2026-07-02 14:11:22+05:30,4018.7,2,4035.54,1608785,164507.0,180409.0,4100.0,4110.0,4012.0,4092.6,25541425,4501.8,3683.4,4440.0,3288.1,4018.2,2,2,4018.0,11,1,4017.7,20,3,4017.6,20,1,4017.5,1,1,4019.0,7,1,4019.1,27,3,4019.2,151,5,4019.3,33,2,4019.4,29,1
11483,2026-07-02 14:11:23+05:30,4018.7,2,4035.54,1608785,164417.0,180608.0,4100.0,4110.0,4012.0,4092.6,25541425,4501.8,3683.4,4440.0,3288.1,4018.2,2,2,4017.7,18,2,4017.5,1,1,4017.4,62,4,4017.2,24,2,4018.9,9,1,4019.0,32,2,4019.1,20,2,4019.2,177,6,4019.3,33,2
11483,2026-07-02 14:11:23+05:30,4017.7,6,4035.54,1608785,164417.0,180608.0,4100.0,4110.0,4012.0,4092.6,25541425,4501.8,3683.4,4440.0,3288.1,4018.2,2,2,4017.7,18,2,4017.5,1,1,4017.4,62,4,4017.2,24,2,4018.9,9,1,4019.0,32,2,4019.1,20,2,4019.2,177,6,4019.3,33,2
11483,2026-07-02 14:11:24+05:30,4018.7,2,4035.54,1608802,164091.0,181102.0,4100.0,4110.0,4012.0,4092.6,25541425,4501.8,3683.4,4440.0,3288.1,4017.7,12,2,4017.5,1,1,4017.4,62,4,4017.3,2,1,4017.2,13,1,4018.7,13,1,4018.9,2,1,4019.0,1,1,4019.1,98,4,4019.2,160,5
11483,2026-07-02 14:11:24+05:30,4018.7,2,4035.54,1608802,164091.0,181102.0,4100.0,4110.0,4012.0,4092.6,25541425,4501.8,3683.4,4440.0,3288.1,4017.7,12,2,4017.5,1,1,4017.4,62,4,4017.3,2,1,4017.2,13,1,4018.7,13,1,4018.9,2,1,4019.0,1,1,4019.1,98,4,4019.2,160,5
11483,2026-07-02 14:11:24+05:30,4017.7,2,4035.54,1608802,164091.0,181102.0,4100.0,4110.0,4012.0,4092.6,25541425,4501.8,3683.4,4440.0,3288.1,4017.7,12,2,4017.5,1,1,4017.4,62,4,4017.3,2,1,4017.2,13,1,4018.7,13,1,4018.9,2,1,4019.0,1,1,4019.1,98,4,4019.2,160,5
11483,2026-07-02 14:11:25+05:30,4017.7,2,4035.54,1608802,164091.0,181102.0,4100.0,4110.0,4012.0,4092.6,25541425,4501.8,3683.4,4440.0,3288.1,4017.8,8,1,4017.7,5,1,4017.5,1,1,4017.4,62,4,4017.3,2,1,4018.7,13,1,4018.9,2,1,4019.0,1,1,4019.1,65,4,4019.2,198,6
11483,2026-07-02 14:11:25+05:30,4017.7,2,4035.54,1608804,164065.0,181173.0,4100.0,4110.0,4012.0,4092.6,25541425,4501.8,3683.4,4440.0,3288.1,4017.8,8,1,4017.7,5,1,4017.5,1,1,4017.4,62,4,4017.3,2,1,4018.7,13,1,4018.9,2,1,4019.0,1,1,4019.1,65,4,4019.2,198,6
11483,2026-07-02 14:11:25+05:30,4017.7,2,4035.54,1608804,164065.0,181173.0,4100.0,4110.0,4012.0,4092.6,25541425,4501.8,3683.4,4440.0,3288.1,4017.8,8,1,4017.7,5,1,4017.5,1,1,4017.4,62,4,4017.3,2,1,4018.7,13,1,4018.9,2,1,4019.0,1,1,4019.1,65,4,4019.2,198,6
11483,2026-07-02 14:11:26+05:30,4018.7,1,4035.54,1608805,164084.0,181197.0,4100.0,4110.0,4012.0,4092.6,25541425,4501.8,3683.4,4440.0,3288.1,4017.8,8,1,4017.7,5,1,4017.5,1,1,4017.4,62,4,4017.3,2,1,4018.7,14,2,4019.0,32,2,4019.1,36,3,4019.2,198,6,4019.3,62,3
11483,2026-07-02 14:11:26+05:30,4018.7,1,4035.54,1608805,164084.0,181197.0,4100.0,4110.0,4012.0,4092.6,25541425,4501.8,3683.4,4440.0,3288.1,4017.8,8,1,4017.7,5,1,4017.5,1,1,4017.4,62,4,4017.3,2,1,4018.7,14,2,4019.0,32,2,4019.1,36,3,4019.2,198,6,4019.3,62,3
11483,2026-07-02 14:11:26+05:30,4019.0,2,4035.54,1608805,164084.0,181197.0,4100.0,4110.0,4012.0,4092.6,25541425,4501.8,3683.4,4440.0,3288.1,4017.8,8,1,4017.7,5,1,4017.5,1,1,4017.4,62,4,4017.3,2,1,4018.7,14,2,4019.0,32,2,4019.1,36,3,4019.2,198,6,4019.3,62,3
11483,2026-07-02 14:11:27+05:30,4019.0,2,4035.54,1608823,164373.0,181129.0,4100.0,4110.0,4012.0,4092.6,25541425,4501.8,3683.4,4440.0,3288.1,4018.4,1,1,4017.8,7,1,4017.7,5,1,4017.5,11,2,4017.4,62,4,4018.7,1,1,4018.8,13,1,4018.9,12,1,4019.0,29,1,4019.1,20,2
11483,2026-07-02 14:11:27+05:30,4019.0,2,4035.54,1608823,164373.0,181129.0,4100.0,4110.0,4012.0,4092.6,25541425,4501.8,3683.4,4440.0,3288.1,4018.4,1,1,4017.8,7,1,4017.7,5,1,4017.5,11,2,4017.4,62,4,4018.7,1,1,4018.8,13,1,4018.9,12,1,4019.0,29,1,4019.1,20,2
11483,2026-07-02 14:11:27+05:30,4018.4,2,4035.54,1608823,164373.0,181129.0,4100.0,4110.0,4012.0,4092.6,25541425,4501.8,3683.4,4440.0,3288.1,4018.4,1,1,4017.8,7,1,4017.7,5,1,4017.5,11,2,4017.4,62,4,4018.7,1,1,4018.8,13,1,4018.9,12,1,4019.0,29,1,4019.1,20,2
11483,2026-07-02 14:11:27+05:30,4018.4,2,4035.54,1608823,164373.0,181129.0,4100.0,4110.0,4012.0,4092.6,25541425,4501.8,3683.4,4440.0,3288.1,4018.4,1,1,4017.8,7,1,4017.7,5,1,4017.5,11,2,4017.4,62,4,4018.7,1,1,4018.8,13,1,4018.9,12,1,4019.0,29,1,4019.1,20,2
11483,2026-07-02 14:11:28+05:30,4018.6,79,4035.54,1608904,164057.0,181158.0,4100.0,4110.0,4012.0,4092.6,25541425,4501.8,3683.4,4440.0,3288.1,4017.7,5,1,4017.5,1,1,4017.4,62,4,4017.3,2,1,4017.2,13,1,4018.6,13,1,4018.7,1,1,4018.9,12,1,4019.0,29,1,4019.1,20,2
11483,2026-07-02 14:11:28+05:30,4018.6,79,4035.54,1608904,164057.0,181158.0,4100.0,4110.0,4012.0,4092.6,25541425,4501.8,3683.4,4440.0,3288.1,4017.7,5,1,4017.5,1,1,4017.4,62,4,4017.3,2,1,4017.2,13,1,4018.6,13,1,4018.7,1,1,4018.9,12,1,4019.0,29,1,4019.1,20,2
11483,2026-07-02 14:11:28+05:30,4018.6,79,4035.54,1608904,164057.0,181158.0,4100.0,4110.0,4012.0,4092.6,25556125,4501.8,3683.4,4440.0,3288.1,4017.7,5,1,4017.5,1,1,4017.4,62,4,4017.3,2,1,4017.2,13,1,4018.6,13,1,4018.7,1,1,4018.9,12,1,4019.0,29,1,4019.1,20,2
11483,2026-07-02 14:11:28+05:30,4018.6,7,4035.54,1608904,164057.0,181158.0,4100.0,4110.0,4012.0,4092.6,25556125,4501.8,3683.4,4440.0,3288.1,4017.7,5,1,4017.5,1,1,4017.4,62,4,4017.3,2,1,4017.2,13,1,4018.6,13,1,4018.7,1,1,4018.9,12,1,4019.0,29,1,4019.1,20,2
11483,2026-07-02 14:11:29+05:30,4018.6,7,4035.54,1608904,164057.0,181158.0,4100.0,4110.0,4012.0,4092.6,25556125,4501.8,3683.4,4440.0,3288.1,4017.7,5,1,4017.5,1,1,4017.4,62,4,4017.3,2,1,4017.2,13,1,4018.6,13,1,4018.7,1,1,4018.9,12,1,4019.0,29,1,4019.1,20,2
11483,2026-07-02 14:11:29+05:30,4018.6,15,4035.54,1608936,163684.0,181159.0,4100.0,4110.0,4012.0,4092.6,25556125,4501.8,3683.4,4440.0,3288.1,4017.5,11,2,4017.4,79,5,4017.2,21,2,4017.1,296,7,4017.0,1002,37,4018.6,6,1,4018.7,1,1,4018.8,12,1,4019.1,20,2,4019.2,146,4
11483,2026-07-02 14:11:29+05:30,4018.6,15,4035.54,1608936,163684.0,181159.0,4100.0,4110.0,4012.0,4092.6,25556125,4501.8,3683.4,4440.0,3288.1,4017.5,11,2,4017.4,79,5,4017.2,21,2,4017.1,296,7,4017.0,1002,37,4018.6,6,1,4018.7,1,1,4018.8,12,1,4019.1,20,2,4019.2,146,4
11483,2026-07-02 14:11:29+05:30,4018.6,2,4035.54,1608936,163684.0,181159.0,4100.0,4110.0,4012.0,4092.6,25556125,4501.8,3683.4,4440.0,3288.1,4017.5,11,2,4017.4,79,5,4017.2,21,2,4017.1,296,7,4017.0,1002,37,4018.6,6,1,4018.7,1,1,4018.8,12,1,4019.1,20,2,4019.2,146,4
11483,2026-07-02 14:11:30+05:30,4018.6,2,4035.54,1608942,163667.0,181249.0,4100.0,4110.0,4012.0,4092.6,25556125,4501.8,3683.4,4440.0,3288.1,4017.5,7,1,4017.4,63,4,4017.2,21,2,4017.1,280,6,4017.0,980,35,4018.6,4,1,4018.7,1,1,4018.8,12,1,4019.1,74,3,4019.2,136,4
11483,2026-07-02 14:11:30+05:30,4018.6,2,4035.54,1608942,163667.0,181249.0,4100.0,4110.0,4012.0,4092.6,25556125,4501.8,3683.4,4440.0,3288.1,4017.5,7,1,4017.4,63,4,4017.2,21,2,4017.1,280,6,4017.0,980,35,4018.6,4,1,4018.7,1,1,4018.8,12,1,4019.1,74,3,4019.2,136,4
11483,2026-07-02 14:11:30+05:30,4018.6,1,4035.54,1608942,163667.0,181249.0,4100.0,4110.0,4012.0,4092.6,25556125,4501.8,3683.4,4440.0,3288.1,4017.5,7,1,4017.4,63,4,4017.2,21,2,4017.1,280,6,4017.0,980,35,4018.6,4,1,4018.7,1,1,4018.8,12,1,4019.1,74,3,4019.2,136,4
11483,2026-07-02 14:11:31+05:30,4018.6,1,4035.54,1608944,163965.0,181237.0,4100.0,4110.0,4012.0,4092.6,25556125,4501.8,3683.4,4440.0,3288.1,4018.0,11,3,4017.4,63,4,4017.2,31,3,4017.1,242,5,4017.0,980,35,4018.6,18,3,4018.7,1,1,4019.1,20,2,4019.2,120,3,4019.3,59,3
11483,2026-07-02 14:11:31+05:30,4018.6,1,4035.54,1608944,163965.0,181237.0,4100.0,4110.0,4012.0,4092.6,25556125,4501.8,3683.4,4440.0,3288.1,4018.0,11,3,4017.4,63,4,4017.2,31,3,4017.1,242,5,4017.0,980,35,4018.6,18,3,4018.7,1,1,4019.1,20,2,4019.2,120,3,4019.3,59,3
11483,2026-07-02 14:11:32+05:30,4018.6,1,4035.54,1608951,164072.0,181143.0,4100.0,4110.0,4012.0,4092.6,25556125,4501.8,3683.4,4440.0,3288.1,4018.0,11,3,4017.9,9,1,4017.4,63,4,4017.2,31,3,4017.1,242,5,4018.7,1,1,4018.8,12,1,4019.1,20,2,4019.2,120,3,4019.3,59,3
11483,2026-07-02 14:11:32+05:30,4019.2,43,4035.54,1608951,164072.0,181143.0,4100.0,4110.0,4012.0,4092.6,25556125,4501.8,3683.4,4440.0,3288.1,4018.0,11,3,4017.9,9,1,4017.4,63,4,4017.2,31,3,4017.1,242,5,4018.7,1,1,4018.8,12,1,4019.1,20,2,4019.2,120,3,4019.3,59,3
11483,2026-07-02 14:11:33+05:30,4019.2,43,4035.54,1609152,164130.0,180992.0,4100.0,4110.0,4012.0,4092.6,25556125,4501.8,3683.4,4440.0,3288.1,4018.0,2,2,4017.9,9,1,4017.5,3,1,4017.4,63,4,4017.2,49,5,4019.1,1,1,4019.2,66,2,4019.3,33,2,4019.4,49,3,4019.5,148,4
11483,2026-07-02 14:11:33+05:30,4018.0,7,4035.54,1609152,164130.0,180992.0,4100.0,4110.0,4012.0,4092.6,25556125,4501.8,3683.4,4440.0,3288.1,4018.0,2,2,4017.9,9,1,4017.5,3,1,4017.4,63,4,4017.2,49,5,4019.1,1,1,4019.2,66,2,4019.3,33,2,4019.4,49,3,4019.5,148,4
11483,2026-07-02 14:11:33+05:30,4018.0,7,4035.54,1609405,163793.0,180914.0,4100.0,4110.0,4012.0,4092.6,25556125,4501.8,3683.4,4440.0,3288.1,4017.9,9,1,4017.7,1,1,4017.5,5,1,4017.4,66,4,4017.2,24,3,4018.0,71,1,4019.1,82,2,4019.2,92,3,4019.3,50,4,4019.4,59,2
11483,2026-07-02 14:11:34+05:30,4017.9,1,4035.54,1609405,163793.0,180914.0,4100.0,4110.0,4012.0,4092.6,25556125,4501.8,3683.4,4440.0,3288.1,4017.9,9,1,4017.7,1,1,4017.5,5,1,4017.4,66,4,4017.2,24,3,4018.0,71,1,4019.1,82,2,4019.2,92,3,4019.3,50,4,4019.4,59,2
11483,2026-07-02 14:11:34+05:30,4017.9,1,4035.54,1609420,163783.0,180891.0,4100.0,4110.0,4012.0,4092.6,25556125,4501.8,3683.4,4440.0,3288.1,4017.7,1,1,4017.5,5,1,4017.4,66,4,4017.2,24,3,4017.1,242,5,4017.9,2,1,4018.0,71,1,4019.1,82,2,4019.2,92,3,4019.3,50,4
11483,2026-07-02 14:11:35+05:30,4017.7,1,4035.54,1609420,163783.0,180891.0,4100.0,4110.0,4012.0,4092.6,25556125,4501.8,3683.4,4440.0,3288.1,4017.7,1,1,4017.5,5,1,4017.4,66,4,4017.2,24,3,4017.1,242,5,4017.9,2,1,4018.0,71,1,4019.1,82,2,4019.2,92,3,4019.3,50,4
11483,2026-07-02 14:11:35+05:30,4017.9,5,4035.54,1609427,163691.0,180943.0,4100.0,4110.0,4012.0,4092.6,25556125,4501.8,3683.4,4440.0,3288.1,4017.4,55,3,4017.3,16,1,4017.2,13,1,4017.1,229,4,4017.0,996,36,4017.9,3,1,4018.0,71,1,4019.1,82,2,4019.2,92,3,4019.3,50,4
11483,2026-07-02 14:11:36+05:30,4017.4,1,4035.54,1609428,163498.0,181084.0,4100.0,4110.0,4012.0,4092.6,25556125,4501.8,3683.4,4440.0,3288.1,4017.5,10,1,4017.4,60,4,4017.3,16,1,4017.2,13,1,4017.1,209,3,4017.9,3,1,4018.0,71,1,4019.1,82,2,4019.2,92,3,4019.3,53,5
11483,2026-07-02 14:11:36+05:30,4017.4,1,4035.54,1609428,163498.0,181084.0,4100.0,4110.0,4012.0,4092.6,25556125,4501.8,3683.4,4440.0,3288.1,4017.5,10,1,4017.4,60,4,4017.3,16,1,4017.2,13,1,4017.1,209,3,4017.9,3,1,4018.0,71,1,4019.1,82,2,4019.2,92,3,4019.3,53,5
11483,2026-07-02 14:11:37+05:30,4018.0,9,4035.54,1609447,163471.0,181094.0,4100.0,4110.0,4012.0,4092.6,25556125,4501.8,3683.4,4440.0,3288.1,4017.6,1,1,4017.5,28,3,4017.4,60,4,4017.2,21,2,4017.1,218,4,4018.0,162,2,4019.1,26,2,4019.2,92,3,4019.3,35,3,4019.4,41,4
11483,2026-07-02 14:11:37+05:30,4017.6,1,4035.54,1609447,163471.0,181094.0,4100.0,4110.0,4012.0,4092.6,25556125,4501.8,3683.4,4440.0,3288.1,4017.6,1,1,4017.5,28,3,4017.4,60,4,4017.2,21,2,4017.1,218,4,4018.0,162,2,4019.1,26,2,4019.2,92,3,4019.3,35,3,4019.4,41,4
11483,2026-07-02 14:11:38+05:30,4017.5,3,4035.54,1609452,163420.0,181075.0,4100.0,4110.0,4012.0,4092.6,25556125,4501.8,3683.4,4440.0,3288.1,4017.5,16,3,4017.4,60,4,4017.3,16,1,4017.2,13,1,4017.1,223,5,4018.0,162,2,4019.1,26,2,4019.2,92,3,4019.3,35,3,4019.4,12,1
11483,2026-07-02 14:11:38+05:30,4017.5,1,4035.54,1609452,163420.0,181075.0,4100.0,4110.0,4012.0,4092.6,25556125,4501.8,3683.4,4440.0,3288.1,4017.5,16,3,4017.4,60,4,4017.3,16,1,4017.2,13,1,4017.1,223,5,4018.0,162,2,4019.1,26,2,4019.2,92,3,4019.3,35,3,4019.4,12,1
11483,2026-07-02 14:11:39+05:30,4018.0,3,4035.54,1609472,163443.0,181064.0,4100.0,4110.0,4012.0,4092.6,25556125,4501.8,3683.4,4440.0,3288.1,4017.5,8,2,4017.4,54,3,4017.2,13,1,4017.1,224,6,4017.0,1015,39,4018.0,146,4,4019.1,26,2,4019.2,92,3,4019.3,35,3,4019.4,12,1
11483,2026-07-02 14:11:39+05:30,4017.5,2,4035.54,1609472,163443.0,181064.0,4100.0,4110.0,4012.0,4092.6,25556125,4501.8,3683.4,4440.0,3288.1,4017.5,8,2,4017.4,54,3,4017.2,13,1,4017.1,224,6,4017.0,1015,39,4018.0,146,4,4019.1,26,2,4019.2,92,3,4019.3,35,3,4019.4,12,1
11483,2026-07-02 14:11:40+05:30,4018.0,5,4035.54,1609479,163456.0,181064.0,4100.0,4110.0,4012.0,4092.6,25556125,4501.8,3683.4,4440.0,3288.1,4017.5,6,2,4017.4,54,3,4017.2,13,1,4017.1,215,5,4017.0,1003,40,4018.0,142,5,4019.1,26,2,4019.2,92,3,4019.3,35,3,4019.4,15,2
11483,2026-07-02 14:11:40+05:30,4017.5,1,4035.54,1609479,163456.0,181064.0,4100.0,4110.0,4012.0,4092.6,25556125,4501.8,3683.4,4440.0,3288.1,4017.5,6,2,4017.4,54,3,4017.2,13,1,4017.1,215,5,4017.0,1003,40,4018.0,142,5,4019.1,26,2,4019.2,92,3,4019.3,35,3,4019.4,15,2
11483,2026-07-02 14:11:41+05:30,4017.5,4,4035.54,1609490,163354.0,181078.0,4100.0,4110.0,4012.0,4092.6,25556125,4501.8,3683.4,4440.0,3288.1,4017.5,2,1,4017.4,54,3,4017.2,13,1,4017.1,215,5,4017.0,1003,40,4018.0,142,5,4019.1,26,2,4019.2,92,3,4019.3,35,3,4019.4,15,2
11483,2026-07-02 14:11:41+05:30,4017.5,1,4035.54,1609490,163354.0,181078.0,4100.0,4110.0,4012.0,4092.6,25556125,4501.8,3683.4,4440.0,3288.1,4017.5,2,1,4017.4,54,3,4017.2,13,1,4017.1,215,5,4017.0,1003,40,4018.0,142,5,4019.1,26,2,4019.2,92,3,4019.3,35,3,4019.4,15,2
11483,2026-07-02 14:11:42+05:30,4018.0,4,4035.54,1609496,163396.0,181076.0,4100.0,4110.0,4012.0,4092.6,25556125,4501.8,3683.4,4440.0,3288.1,4017.5,2,1,4017.4,54,3,4017.2,13,1,4017.1,215,5,4017.0,1025,42,4018.0,137,4,4019.1,26,2,4019.2,92,3,4019.3,35,3,4019.4,15,2
11483,2026-07-02 14:11:42+05:30,4017.5,1,4035.54,1609496,163396.0,181076.0,4100.0,4110.0,4012.0,4092.6,25556125,4501.8,3683.4,4440.0,3288.1,4017.5,2,1,4017.4,54,3,4017.2,13,1,4017.1,215,5,4017.0,1025,42,4018.0,137,4,4019.1,26,2,4019.2,92,3,4019.3,35,3,4019.4,15,2
11483,2026-07-02 14:11:43+05:30,4017.9,5,4035.54,1609502,163645.0,181058.0,4100.0,4110.0,4012.0,4092.6,25556125,4501.8,3683.4,4440.0,3288.1,4017.9,195,1,4017.5,1,1,4017.4,44,2,4017.2,13,1,4017.1,228,6,4018.0,137,4,4019.1,26,2,4019.2,92,3,4019.3,35,3,4019.4,3,1
11483,2026-07-02 14:11:43+05:30,4017.9,1,4035.54,1609502,163645.0,181058.0,4100.0,4110.0,4012.0,4092.6,25556125,4501.8,3683.4,4440.0,3288.1,4017.9,195,1,4017.5,1,1,4017.4,44,2,4017.2,13,1,4017.1,228,6,4018.0,137,4,4019.1,26,2,4019.2,92,3,4019.3,35,3,4019.4,3,1
11483,2026-07-02 14:11:44+05:30,4018.0,1,4035.54,1609504,163644.0,181059.0,4100.0,4110.0,4012.0,4092.6,25556125,4501.8,3683.4,4440.0,3288.1,4017.9,194,1,4017.5,1,1,4017.4,44,2,4017.3,17,1,4017.2,13,1,4018.0,136,4,4019.1,26,2,4019.2,92,3,4019.3,35,3,4019.5,322,6
11483,2026-07-02 14:11:44+05:30,4018.0,1,4035.54,1609504,163644.0,181059.0,4100.0,4110.0,4012.0,4092.6,25556125,4501.8,3683.4,4440.0,3288.1,4017.9,194,1,4017.5,1,1,4017.4,44,2,4017.3,17,1,4017.2,13,1,4018.0,136,4,4019.1,26,2,4019.2,92,3,4019.3,35,3,4019.5,322,6
11483,2026-07-02 14:11:45+05:30,4017.9,1,4035.54,1609506,163644.0,180823.0,4100.0,4110.0,4012.0,4092.6,25556125,4501.8,3683.4,4440.0,3288.1,4017.9,193,1,4017.5,1,1,4017.4,44,2,4017.3,17,1,4017.2,13,1,4018.0,134,3,4019.1,26,2,4019.2,92,3,4019.3,35,3,4019.5,322,6
11483,2026-07-02 14:11:45+05:30,4018.0,3,4035.54,1609506,163644.0,180823.0,4100.0,4110.0,4012.0,4092.6,25556125,4501.8,3683.4,4440.0,3288.1,4017.9,193,1,4017.5,1,1,4017.4,44,2,4017.3,17,1,4017.2,13,1,4018.0,134,3,4019.1,26,2,4019.2,92,3,4019.3,35,3,4019.5,322,6
11483,2026-07-02 14:11:46+05:30,4017.9,9,4035.53,1609533,163645.0,180842.0,4100.0,4110.0,4012.0,4092.6,25556125,4501.8,3683.4,4440.0,3288.1,4017.9,184,1,4017.5,1,1,4017.4,44,2,4017.2,13,1,4017.1,228,6,4018.0,118,4,4019.1,26,2,4019.2,92,3,4019.3,35,3,4019.4,53,1
11483,2026-07-02 14:11:46+05:30,4017.9,4,4035.53,1609533,163645.0,180842.0,4100.0,4110.0,4012.0,4092.6,25556125,4501.8,3683.4,4440.0,3288.1,4017.9,184,1,4017.5,1,1,4017.4,44,2,4017.2,13,1,4017.1,228,6,4018.0,118,4,4019.1,26,2,4019.2,92,3,4019.3,35,3,4019.4,53,1
11483,2026-07-02 14:11:47+05:30,4018.0,5,4035.53,1609542,163641.0,180817.0,4100.0,4110.0,4012.0,4092.6,25556125,4501.8,3683.4,4440.0,3288.1,4017.9,181,2,4017.4,44,2,4017.2,13,1,4017.1,228,6,4017.0,1031,43,4018.0,113,4,4018.1,12,1,4019.1,26,2,4019.2,92,3,4019.3,35,3
11483,2026-07-02 14:11:47+05:30,4017.9,1,4035.53,1609542,163641.0,180817.0,4100.0,4110.0,4012.0,4092.6,25556125,4501.8,3683.4,4440.0,3288.1,4017.9,181,2,4017.4,44,2,4017.2,13,1,4017.1,228,6,4017.0,1031,43,4018.0,113,4,4018.1,12,1,4019.1,26,2,4019.2,92,3,4019.3,35,3
11483,2026-07-02 14:11:48+05:30,4018.0,2,4035.53,1609656,163941.0,180591.0,4100.0,4110.0,4012.0,4092.6,25556125,4501.8,3683.4,4440.0,3288.1,4017.9,230,4,4017.8,42,1,4017.7,47,2,4017.6,17,1,4017.5,42,1,4018.1,12,1,4019.1,64,1,4019.2,96,3,4019.3,35,3,4019.5,136,4
11483,2026-07-02 14:11:48+05:30,4017.9,13,4035.53,1609656,163941.0,180591.0,4100.0,4110.0,4012.0,4092.6,25556125,4501.8,3683.4,4440.0,3288.1,4017.9,230,4,4017.8,42,1,4017.7,47,2,4017.6,17,1,4017.5,42,1,4018.1,12,1,4019.1,64,1,4019.2,96,3,4019.3,35,3,4019.5,136,4
11483,2026-07-02 14:11:49+05:30,4019.2,49,4035.53,1609719,164505.0,180333.0,4100.0,4110.0,4012.0,4092.6,25556125,4501.8,3683.4,4440.0,3288.1,4018.1,81,1,4018.0,57,2,4017.9,233,4,4017.8,42,1,4017.7,18,2,4019.2,18,2,4019.3,15,1,4019.5,125,3,4019.6,67,1,4019.7,24,1
11483,2026-07-02 14:11:49+05:30,4018.1,8,4035.53,1609719,164505.0,180333.0,4100.0,4110.0,4012.0,4092.6,25556125,4501.8,3683.4,4440.0,3288.1,4018.1,81,1,4018.0,57,2,4017.9,233,4,4017.8,42,1,4017.7,18,2,4019.2,18,2,4019.3,15,1,4019.5,125,3,4019.6,67,1,4019.7,24,1
11483,2026-07-02 14:11:50+05:30,4018.1,3,4035.53,1609730,164472.0,180532.0,4100.0,4110.0,4012.0,4092.6,25556125,4501.8,3683.4,4440.0,3288.1,4018.6,42,1,4018.5,42,1,4018.4,42,1,4018.2,42,1,4018.0,10,1,4019.2,30,3,4019.3,44,3,4019.5,122,3,4019.6,83,2,4019.7,18,1
11483,2026-07-02 14:11:50+05:30,4018.6,1,4035.53,1609730,164472.0,180532.0,4100.0,4110.0,4012.0,4092.6,25556125,4501.8,3683.4,4440.0,3288.1,4018.6,42,1,4018.5,42,1,4018.4,42,1,4018.2,42,1,4018.0,10,1,4019.2,30,3,4019.3,44,3,4019.5,122,3,4019.6,83,2,4019.7,18,1
11483,2026-07-02 14:11:51+05:30,4019.2,1,4035.53,1609752,164775.0,179909.0,4100.0,4110.0,4012.0,4092.6,25556125,4501.8,3683.4,4440.0,3288.1,4019.0,92,2,4018.9,42,1,4018.6,41,1,4018.5,42,1,4018.0,38,4,4019.2,29,3,4019.3,15,1,4019.4,18,1,4019.5,93,2,4019.6,83,2
11483,2026-07-02 14:11:51+05:30,4019.0,3,4035.53,1609752,164775.0,179909.0,4100.0,4110.0,4012.0,4092.6,25556125,4501.8,3683.4,4440.0,3288.1,4019.0,92,2,4018.9,42,1,4018.6,41,1,4018.5,42,1,4018.0,38,4,4019.2,29,3,4019.3,15,1,4019.4,18,1,4019.5,93,2,4019.6,83,2
11483,2026-07-02 14:11:52+05:30,4019.2,8,4035.53,1609838,164671.0,179920.0,4100.0,4110.0,4012.0,4092.6,25556125,4501.8,3683.4,4440.0,3288.1,4019.0,19,1,4018.9,42,1,4018.7,42,1,4018.6,41,1,4018.0,24,3,4019.2,39,4,4019.3,20,2,4019.5,93,2,4019.6,83,2,4019.7,47,2
11483,2026-07-02 14:11:52+05:30,4019.0,10,4035.53,1609838,164671.0,179920.0,4100.0,4110.0,4012.0,4092.6,25556125,4501.8,3683.4,4440.0,3288.1,4019.0,19,1,4018.9,42,1,4018.7,42,1,4018.6,41,1,4018.0,24,3,4019.2,39,4,4019.3,20,2,4019.5,93,2,4019.6,83,2,4019.7,47,2
11483,2026-07-02 14:11:53+05:30,4019.0,10,4035.53,1609848,164642.0,179913.0,4100.0,4110.0,4012.0,4092.6,25556125,4501.8,3683.4,4440.0,3288.1,4019.0,9,1,4018.9,42,1,4018.7,42,1,4018.6,41,1,4018.0,24,3,4019.2,31,4,4019.3,20,2,4019.5,93,2,4019.6,83,2,4019.7,50,3
11483,2026-07-02 14:11:53+05:30,4019.0,1,4035.53,1609848,164642.0,179913.0,4100.0,4110.0,4012.0,4092.6,25556125,4501.8,3683.4,4440.0,3288.1,4019.0,9,1,4018.9,42,1,4018.7,42,1,4018.6,41,1,4018.0,24,3,4019.2,31,4,4019.3,20,2,4019.5,93,2,4019.6,83,2,4019.7,50,3
11483,2026-07-02 14:11:54+05:30,4019.2,1,4035.53,1609851,164553.0,180004.0,4100.0,4110.0,4012.0,4092.6,25556125,4501.8,3683.4,4440.0,3288.1,4018.0,12,2,4017.9,190,2,4017.7,18,2,4017.6,30,1,4017.5,42,3,4019.1,10,1,4019.2,39,5,4019.3,20,2,4019.5,134,4,4019.6,83,2
11483,2026-07-02 14:11:54+05:30,4019.1,10,4035.53,1609851,164553.0,180004.0,4100.0,4110.0,4012.0,4092.6,25556125,4501.8,3683.4,4440.0,3288.1,4018.0,12,2,4017.9,190,2,4017.7,18,2,4017.6,30,1,4017.5,42,3,4019.1,10,1,4019.2,39,5,4019.3,20,2,4019.5,134,4,4019.6,83,2
11483,2026-07-02 14:11:55+05:30,4019.1,10,4035.53,1609861,164621.0,180013.0,4100.0,4110.0,4012.0,4092.6,25556125,4501.8,3683.4,4440.0,3288.1,4018.1,9,1,4018.0,12,2,4017.9,190,2,4017.7,18,2,4017.6,30,1,4019.2,29,4,4019.3,20,2,4019.5,134,4,4019.6,83,2,4019.7,47,2
11483,2026-07-02 14:11:55+05:30,4019.2,8,4035.53,1609861,164621.0,180013.0,4100.0,4110.0,4012.0,4092.6,25556125,4501.8,3683.4,4440.0,3288.1,4018.1,9,1,4018.0,12,2,4017.9,190,2,4017.7,18,2,4017.6,30,1,4019.2,29,4,4019.3,20,2,4019.5,134,4,4019.6,83,2,4019.7,47,2
11483,2026-07-02 14:11:56+05:30,4019.2,8,4035.53,1609873,164603.0,180742.0,4100.0,4110.0,4012.0,4092.6,25556125,4501.8,3683.4,4440.0,3288.1,4018.1,7,1,4018.0,12,2,4017.9,190,2,4017.7,5,1,4017.6,30,1,4018.7,81,1,4018.8,60,2,4018.9,42,1,4019.0,45,2,4019.1,18,1
11483,2026-07-02 14:11:56+05:30,4018.1,1,4035.53,1609873,164603.0,180742.0,4100.0,4110.0,4012.0,4092.6,25556125,4501.8,3683.4,4440.0,3288.1,4018.1,7,1,4018.0,12,2,4017.9,190,2,4017.7,5,1,4017.6,30,1,4018.7,81,1,4018.8,60,2,4018.9,42,1,4019.0,45,2,4019.1,18,1
11483,2026-07-02 14:11:57+05:30,4018.4,2,4035.53,1609876,164400.0,180918.0,4100.0,4110.0,4012.0,4092.6,25556125,4501.8,3683.4,4440.0,3288.1,4018.1,6,1,4018.0,12,2,4017.9,190,2,4017.7,10,1,4017.6,30,1,4018.4,79,1,4018.5,59,2,4018.6,42,1,4018.7,44,2,4018.8,41,3
11483,2026-07-02 14:11:57+05:30,4018.4,2,4035.53,1609876,164400.0,180918.0,4100.0,4110.0,4012.0,4092.6,25556125,4501.8,3683.4,4440.0,3288.1,4018.1,6,1,4018.0,12,2,4017.9,190,2,4017.7,10,1,4017.6,30,1,4018.4,79,1,4018.5,59,2,4018.6,42,1,4018.7,44,2,4018.8,41,3
11483,2026-07-02 14:11:58+05:30,4018.4,78,4035.53,1609954,164082.0,180817.0,4100.0,4110.0,4012.0,4092.6,25556125,4501.8,3683.4,4440.0,3288.1,4018.0,12,2,4017.9,190,2,4017.7,10,1,4017.6,30,1,4017.5,40,2,4018.5,72,3,4018.6,42,1,4018.7,44,2,4018.8,41,3,4018.9,68,2
11483,2026-07-02 14:11:58+05:30,4018.4,7,4035.53,1609954,164082.0,180817.0,4100.0,4110.0,4012.0,4092.6,25556125,4501.8,3683.4,4440.0,3288.1,4018.0,12,2,4017.9,190,2,4017.7,10,1,4017.6,30,1,4017.5,40,2,4018.5,72,3,4018.6,42,1,4018.7,44,2,4018.8,41,3,4018.9,68,2
11483,2026-07-02 14:11:59+05:30,4018.4,4,4035.53,1609976,163909.0,180895.0,4100.0,4110.0,4012.0,4092.6,25556125,4501.8,3683.4,4440.0,3288.1,4018.0,2,1,4017.9,190,2,4017.7,10,1,4017.6,30,1,4017.5,40,2,4018.4,61,3,4018.5,44,2,4018.6,42,1,4018.8,83,4,4018.9,40,2
11483,2026-07-02 14:11:59+05:30,4018.0,2,4035.53,1609976,163909.0,180895.0,4100.0,4110.0,4012.0,4092.6,25556125,4501.8,3683.4,4440.0,3288.1,4018.0,2,1,4017.9,190,2,4017.7,10,1,4017.6,30,1,4017.5,40,2,4018.4,61,3,4018.5,44,2,4018.6,42,1,4018.8,83,4,4018.9,40,2
11483,2026-07-02 14:12:00+05:30,4018.0,2,4035.53,1609978,163738.0,180959.0,4100.0,4110.0,4012.0,4092.6,25556125,4501.8,3683.4,4440.0,3288.1,4017.9,190,2,4017.7,10,1,4017.6,30,1,4017.5,40,2,4017.4,37,2,4018.4,113,5,4018.5,44,2,4018.7,42,1,4018.8,41,3,4018.9,40,2
11483,2026-07-02 14:12:00+05:30,4018.4,3,4035.53,1609978,163738.0,180959.0,4100.0,4110.0,4012.0,4092.6,25556125,4501.8,3683.4,4440.0,3288.1,4017.9,190,2,4017.7,10,1,4017.6,30,1,4017.5,40,2,4017.4,37,2,4018.4,113,5,4018.5,44,2,4018.7,42,1,4018.8,41,3,4018.9,40,2
11483,2026-07-02 14:12:01+05:30,4018.4,7,4035.53,1609992,163748.0,180855.0,4100.0,4110.0,4012.0,4092.6,25556125,4501.8,3683.4,4440.0,3288.1,4017.9,189,2,4017.7,10,1,4017.6,30,1,4017.5,40,2,4017.4,37,2,4018.4,102,6,4018.5,42,1,4018.7,42,1,4018.8,52,4,4018.9,40,2
11483,2026-07-02 14:12:01+05:30,4017.9,1,4035.53,1609992,163748.0,180855.0,4100.0,4110.0,4012.0,4092.6,25556125,4501.8,3683.4,4440.0,3288.1,4017.9,189,2,4017.7,10,1,4017.6,30,1,4017.5,40,2,4017.4,37,2,4018.4,102,6,4018.5,42,1,4018.7,42,1,4018.8,52,4,4018.9,40,2
11483,2026-07-02 14:12:02+05:30,4017.9,11,4035.53,1610004,163734.0,180850.0,4100.0,4110.0,4012.0,4092.6,25556125,4501.8,3683.4,4440.0,3288.1,4017.9,177,2,4017.7,10,1,4017.6,30,1,4017.5,40,2,4017.4,37,2,4018.4,104,7,4018.5,52,2,4018.7,42,1,4018.8,52,4,4018.9,40,2
11483,2026-07-02 14:12:02+05:30,4017.9,2,4035.53,1610004,163734.0,180850.0,4100.0,4110.0,4012.0,4092.6,25556125,4501.8,3683.4,4440.0,3288.1,4017.9,177,2,4017.7,10,1,4017.6,30,1,4017.5,40,2,4017.4,37,2,4018.4,104,7,4018.5,52,2,4018.7,42,1,4018.8,52,4,4018.9,40,2
11483,2026-07-02 14:12:03+05:30,4017.9,2,4035.53,1610006,163732.0,180838.0,4100.0,4110.0,4012.0,4092.6,25556125,4501.8,3683.4,4440.0,3288.1,4017.9,175,2,4017.7,10,1,4017.6,30,1,4017.5,40,2,4017.4,37,2,4018.4,104,7,4018.5,52,2,4018.6,11,1,4018.7,42,1,4018.8,41,3
11483,2026-07-02 14:12:04+05:30,4017.9,2,4035.53,1610006,163642.0,180771.0,4100.0,4110.0,4012.0,4092.6,25556125,4501.8,3683.4,4440.0,3288.1,4017.9,175,2,4017.7,10,1,4017.6,30,1,4017.5,40,2,4017.4,37,2,4018.4,104,7,4018.5,52,2,4018.6,11,1,4018.7,42,1,4018.8,41,3
11483,2026-07-02 14:12:05+05:30,4017.9,2,4035.53,1610006,163648.0,180795.0,4100.0,4110.0,4012.0,4092.6,25556125,4501.8,3683.4,4440.0,3288.1,4017.9,175,2,4017.7,10,1,4017.6,30,1,4017.5,40,2,4017.4,37,2,4018.4,104,7,4018.5,52,2,4018.6,11,1,4018.7,42,1,4018.8,41,3
11483,2026-07-02 14:12:06+05:30,4018.4,7,4035.53,1610014,163549.0,180820.0,4100.0,4110.0,4012.0,4092.6,25556125,4501.8,3683.4,4440.0,3288.1,4017.9,175,2,4017.7,10,1,4017.6,30,1,4017.5,40,2,4017.4,24,1,4018.4,96,7,4018.5,52,2,4018.6,11,1,4018.7,42,1,4018.8,41,3
11483,2026-07-02 14:12:06+05:30,4017.9,1,4035.53,1610014,163549.0,180820.0,4100.0,4110.0,4012.0,4092.6,25556125,4501.8,3683.4,4440.0,3288.1,4017.9,175,2,4017.7,10,1,4017.6,30,1,4017.5,40,2,4017.4,24,1,4018.4,96,7,4018.5,52,2,4018.6,11,1,4018.7,42,1,4018.8,41,3
11483,2026-07-02 14:12:07+05:30,4018.4,17,4035.53,1610042,163695.0,180839.0,4100.0,4110.0,4012.0,4092.6,25556125,4501.8,3683.4,4440.0,3288.1,4018.1,1,1,4017.9,186,3,4017.7,10,1,4017.6,30,1,4017.5,40,2,4018.4,86,6,4018.5,42,1,4018.6,11,1,4018.7,42,1,4018.8,41,3
11483,2026-07-02 14:12:07+05:30,4018.1,1,4035.53,1610042,163695.0,180839.0,4100.0,4110.0,4012.0,4092.6,25556125,4501.8,3683.4,4440.0,3288.1,4018.1,1,1,4017.9,186,3,4017.7,10,1,4017.6,30,1,4017.5,40,2,4018.4,86,6,4018.5,42,1,4018.6,11,1,4018.7,42,1,4018.8,41,3
11483,2026-07-02 14:12:08+05:30,4018.1,1,4035.53,1610043,163536.0,180906.0,4100.0,4110.0,4012.0,4092.6,25556125,4501.8,3683.4,4440.0,3288.1,4017.9,186,3,4017.7,10,1,4017.6,30,1,4017.5,40,2,4017.4,24,1,4018.1,1,1,4018.4,44,5,4018.5,42,1,4018.6,53,2,4018.8,83,4
11483,2026-07-02 14:12:09+05:30,4018.1,1,4035.53,1610045,163539.0,180689.0,4100.0,4110.0,4012.0,4092.6,25556125,4501.8,3683.4,4440.0,3288.1,4017.9,186,3,4017.7,10,1,4017.6,30,1,4017.5,40,2,4017.4,24,1,4018.1,2,2,4018.4,40,3,4018.6,11,1,4018.8,41,3,4019.0,16,2
11483,2026-07-02 14:12:09+05:30,4017.9,1,4035.53,1610045,163539.0,180689.0,4100.0,4110.0,4012.0,4092.6,25556125,4501.8,3683.4,4440.0,3288.1,4017.9,186,3,4017.7,10,1,4017.6,30,1,4017.5,40,2,4017.4,24,1,4018.1,2,2,4018.4,40,3,4018.6,11,1,4018.8,41,3,4019.0,16,2
11483,2026-07-02 14:12:10+05:30,4017.9,1,4035.53,1610159,163710.0,180797.0,4100.0,4110.0,4012.0,4092.6,25556125,4501.8,3683.4,4440.0,3288.1,4017.9,177,3,4017.7,10,1,4017.6,30,1,4017.5,40,2,4017.4,36,2,4018.6,11,1,4018.8,30,2,4019.0,2,1,4019.1,67,4,4019.2,39,2
11483,2026-07-02 14:12:10+05:30,4017.9,13,4035.53,1610159,163710.0,180797.0,4100.0,4110.0,4012.0,4092.6,25556125,4501.8,3683.4,4440.0,3288.1,4017.9,177,3,4017.7,10,1,4017.6,30,1,4017.5,40,2,4017.4,36,2,4018.6,11,1,4018.8,30,2,4019.0,2,1,4019.1,67,4,4019.2,39,2
11483,2026-07-02 14:12:11+05:30,4018.6,30,4035.53,1610276,163744.0,180782.0,4100.0,4110.0,4012.0,4092.6,25556125,4501.8,3683.4,4440.0,3288.1,4017.9,99,3,4017.7,10,1,4017.6,30,1,4017.5,40,2,4017.4,36,2,4018.6,11,1,4018.8,30,2,4019.0,2,1,4019.1,50,3,4019.2,42,3
11483,2026-07-02 14:12:11+05:30,4017.9,14,4035.53,1610276,163744.0,180782.0,4100.0,4110.0,4012.0,4092.6,25556125,4501.8,3683.4,4440.0,3288.1,4017.9,99,3,4017.7,10,1,4017.6,30,1,4017.5,40,2,4017.4,36,2,4018.6,11,1,4018.8,30,2,4019.0,2,1,4019.1,50,3,4019.2,42,3
11483,2026-07-02 14:12:12+05:30,4018.1,25,4035.53,1610315,163438.0,181039.0,4100.0,4110.0,4012.0,4092.6,25556125,4501.8,3683.4,4440.0,3288.1,4017.9,85,3,4017.7,10,1,4017.6,30,1,4017.5,40,2,4017.4,24,1,4018.1,165,1,4018.6,28,2,4018.8,13,1,4019.0,94,4,4019.1,119,5
11483,2026-07-02 14:12:12+05:30,4017.9,5,4035.53,1610315,163438.0,181039.0,4100.0,4110.0,4012.0,4092.6,25556125,4501.8,3683.4,4440.0,3288.1,4017.9,85,3,4017.7,10,1,4017.6,30,1,4017.5,40,2,4017.4,24,1,4018.1,165,1,4018.6,28,2,4018.8,13,1,4019.0,94,4,4019.1,119,5
11483,2026-07-02 14:12:13+05:30,4017.9,5,4035.53,1610320,163388.0,181065.0,4100.0,4110.0,4012.0,4092.6,25556125,4501.8,3683.4,4440.0,3288.1,4017.9,100,4,4017.7,10,1,4017.6,30,1,4017.5,20,1,4017.4,24,1,4018.1,165,1,4018.6,28,2,4018.8,13,1,4019.0,117,5,4019.1,119,5
11483,2026-07-02 14:12:13+05:30,4017.9,1,4035.53,1610320,163388.0,181065.0,4100.0,4110.0,4012.0,4092.6,25556125,4501.8,3683.4,4440.0,3288.1,4017.9,100,4,4017.7,10,1,4017.6,30,1,4017.5,20,1,4017.4,24,1,4018.1,165,1,4018.6,28,2,4018.8,13,1,4019.0,117,5,4019.1,119,5
11483,2026-07-02 14:12:14+05:30,4017.9,1,4035.53,1610321,163388.0,181065.0,4100.0,4110.0,4012.0,4092.6,25556125,4501.8,3683.4,4440.0,3288.1,4017.9,99,4,4017.7,10,1,4017.6,30,1,4017.5,20,1,4017.4,24,1,4018.1,165,1,4018.6,28,2,4018.8,13,1,4019.0,117,5,4019.1,119,5
11483,2026-07-02 14:12:15+05:30,4017.9,1,4035.53,1610321,163388.0,181057.0,4100.0,4110.0,4012.0,4092.6,25556125,4501.8,3683.4,4440.0,3288.1,4017.9,99,4,4017.7,10,1,4017.6,30,1,4017.5,20,1,4017.4,24,1,4018.1,165,1,4018.6,28,2,4018.8,13,1,4019.0,117,5,4019.1,119,5
11483,2026-07-02 14:12:15+05:30,4018.1,3,4035.53,1610321,163388.0,181057.0,4100.0,4110.0,4012.0,4092.6,25556125,4501.8,3683.4,4440.0,3288.1,4017.9,99,4,4017.7,10,1,4017.6,30,1,4017.5,20,1,4017.4,24,1,4018.1,165,1,4018.6,28,2,4018.8,13,1,4019.0,117,5,4019.1,119,5
11483,2026-07-02 14:12:16+05:30,4017.7,2,4035.53,1610427,162432.0,181296.0,4100.0,4110.0,4012.0,4092.6,25556125,4501.8,3683.4,4440.0,3288.1,4017.7,8,1,4017.6,30,1,4017.5,120,2,4017.4,24,1,4017.2,14,2,4018.0,60,6,4018.1,162,2,4018.2,8,1,4018.4,8,1,4018.5,25,3
11483,2026-07-02 14:12:16+05:30,4017.7,8,4035.53,1610427,162432.0,181296.0,4100.0,4110.0,4012.0,4092.6,25556125,4501.8,3683.4,4440.0,3288.1,4017.7,8,1,4017.6,30,1,4017.5,120,2,4017.4,24,1,4017.2,14,2,4018.0,60,6,4018.1,162,2,4018.2,8,1,4018.4,8,1,4018.5,25,3
11483,2026-07-02 14:12:17+05:30,4017.7,8,4035.53,1610435,162289.0,181055.0,4100.0,4110.0,4012.0,4092.6,25556125,4501.8,3683.4,4440.0,3288.1,4017.6,31,2,4017.5,120,2,4017.4,24,1,4017.2,14,2,4017.1,201,3,4017.7,2,1,4018.1,162,2,4018.5,3,1,4018.6,11,1,4018.7,22,1
11483,2026-07-02 14:12:17+05:30,4017.7,1,4035.53,1610435,162289.0,181055.0,4100.0,4110.0,4012.0,4092.6,25556125,4501.8,3683.4,4440.0,3288.1,4017.6,31,2,4017.5,120,2,4017.4,24,1,4017.2,14,2,4017.1,201,3,4017.7,2,1,4018.1,162,2,4018.5,3,1,4018.6,11,1,4018.7,22,1
11483,2026-07-02 14:12:18+05:30,4017.7,1,4035.53,1610436,161823.0,180720.0,4100.0,4110.0,4012.0,4092.6,25556125,4501.8,3683.4,4440.0,3288.1,4017.6,31,2,4017.5,120,2,4017.4,24,1,4017.2,14,2,4017.1,201,3,4017.7,2,2,4018.1,172,2,4018.5,3,1,4018.6,11,1,4018.7,39,2
11483,2026-07-02 14:12:18+05:30,4017.6,1,4035.53,1610436,161823.0,180720.0,4100.0,4110.0,4012.0,4092.6,25556125,4501.8,3683.4,4440.0,3288.1,4017.6,31,2,4017.5,120,2,4017.4,24,1,4017.2,14,2,4017.1,201,3,4017.7,2,2,4018.1,172,2,4018.5,3,1,4018.6,11,1,4018.7,39,2
11483,2026-07-02 14:12:19+05:30,4017.6,1,4035.53,1610437,162065.0,180630.0,4100.0,4110.0,4012.0,4092.6,25556125,4501.8,3683.4,4440.0,3288.1,4017.6,30,2,4017.5,120,2,4017.4,24,1,4017.2,14,2,4017.1,229,4,4017.7,2,2,4018.1,172,2,4018.5,3,1,4018.6,11,1,4018.7,22,1
11483,2026-07-02 14:12:20+05:30,4017.6,1,4035.53,1610437,162161.0,180733.0,4100.0,4110.0,4012.0,4092.6,25556125,4501.8,3683.4,4440.0,3288.1,4017.6,30,2,4017.5,120,2,4017.4,24,1,4017.2,14,2,4017.1,229,4,4017.7,2,2,4018.1,172,2,4018.5,3,1,4018.6,11,1,4018.7,22,1
11483,2026-07-02 14:12:21+05:30,4017.7,2,4035.53,1610442,162759.0,180837.0,4100.0,4110.0,4012.0,4092.6,25556125,4501.8,3683.4,4440.0,3288.1,4017.7,2,1,4017.6,30,2,4017.5,120,2,4017.4,24,1,4017.2,14,2,4018.1,172,2,4018.6,11,1,4018.7,22,1,4018.8,3,1,4018.9,51,2
11483,2026-07-02 14:12:21+05:30,4017.7,2,4035.53,1610442,162759.0,180837.0,4100.0,4110.0,4012.0,4092.6,25556125,4501.8,3683.4,4440.0,3288.1,4017.7,2,1,4017.6,30,2,4017.5,120,2,4017.4,24,1,4017.2,14,2,4018.1,172,2,4018.6,11,1,4018.7,22,1,4018.8,3,1,4018.9,51,2
11483,2026-07-02 14:12:22+05:30,4018.1,1,4035.53,1610443,162877.0,180858.0,4100.0,4110.0,4012.0,4092.6,25556125,4501.8,3683.4,4440.0,3288.1,4017.7,2,1,4017.6,29,1,4017.5,120,2,4017.4,24,1,4017.2,14,2,4018.1,172,3,4018.6,11,1,4018.7,22,1,4018.8,3,1,4018.9,51,2
11483,2026-07-02 14:12:22+05:30,4018.1,7,4035.53,1610443,162877.0,180858.0,4100.0,4110.0,4012.0,4092.6,25556125,4501.8,3683.4,4440.0,3288.1,4017.7,2,1,4017.6,29,1,4017.5,120,2,4017.4,24,1,4017.2,14,2,4018.1,172,3,4018.6,11,1,4018.7,22,1,4018.8,3,1,4018.9,51,2
11483,2026-07-02 14:12:23+05:30,4018.1,1,4035.52,1610453,162856.0,180960.0,4100.0,4110.0,4012.0,4092.6,25556125,4501.8,3683.4,4440.0,3288.1,4017.6,29,1,4017.5,120,2,4017.4,24,1,4017.2,14,2,4017.1,241,5,4018.1,162,3,4018.6,11,1,4018.7,22,1,4018.8,3,1,4018.9,23,1
11483,2026-07-02 14:12:23+05:30,4017.6,2,4035.52,1610453,162856.0,180960.0,4100.0,4110.0,4012.0,4092.6,25556125,4501.8,3683.4,4440.0,3288.1,4017.6,29,1,4017.5,120,2,4017.4,24,1,4017.2,14,2,4017.1,241,5,4018.1,162,3,4018.6,11,1,4018.7,22,1,4018.8,3,1,4018.9,23,1
11483,2026-07-02 14:12:24+05:30,4018.1,2,4035.52,1610457,162769.0,180968.0,4100.0,4110.0,4012.0,4092.6,25556125,4501.8,3683.4,4440.0,3288.1,4017.6,52,2,4017.5,120,2,4017.4,24,1,4017.2,14,2,4017.1,213,4,4018.1,162,4,4018.6,11,1,4018.7,22,1,4018.8,3,1,4018.9,51,2
11483,2026-07-02 14:12:24+05:30,4018.1,2,4035.52,1610457,162769.0,180968.0,4100.0,4110.0,4012.0,4092.6,25556125,4501.8,3683.4,4440.0,3288.1,4017.6,52,2,4017.5,120,2,4017.4,24,1,4017.2,14,2,4017.1,213,4,4018.1,162,4,4018.6,11,1,4018.7,22,1,4018.8,3,1,4018.9,51,2
11483,2026-07-02 14:12:24+05:30,4018.1,1,4035.52,1610457,162769.0,180968.0,4100.0,4110.0,4012.0,4092.6,25556125,4501.8,3683.4,4440.0,3288.1,4017.6,52,2,4017.5,120,2,4017.4,24,1,4017.2,14,2,4017.1,213,4,4018.1,162,4,4018.6,11,1,4018.7,22,1,4018.8,3,1,4018.9,51,2
11483,2026-07-02 14:12:25+05:30,4018.1,1,4035.52,1610457,162769.0,180968.0,4100.0,4110.0,4012.0,4092.6,25556125,4501.8,3683.4,4440.0,3288.1,4017.6,52,2,4017.5,120,2,4017.4,24,1,4017.2,14,2,4017.1,213,4,4018.1,162,4,4018.6,11,1,4018.7,22,1,4018.8,3,1,4018.9,51,2
11483,2026-07-02 14:12:25+05:30,4018.1,1,4035.52,1610458,163043.0,180956.0,4100.0,4110.0,4012.0,4092.6,25556125,4501.8,3683.4,4440.0,3288.1,4018.0,10,1,4017.7,9,2,4017.6,52,2,4017.5,120,2,4017.4,24,1,4018.1,162,5,4018.6,11,1,4018.7,22,1,4018.8,3,1,4018.9,51,2
11483,2026-07-02 14:12:25+05:30,4018.1,1,4035.52,1610458,163043.0,180956.0,4100.0,4110.0,4012.0,4092.6,25556125,4501.8,3683.4,4440.0,3288.1,4018.0,10,1,4017.7,9,2,4017.6,52,2,4017.5,120,2,4017.4,24,1,4018.1,162,5,4018.6,11,1,4018.7,22,1,4018.8,3,1,4018.9,51,2
11483,2026-07-02 14:12:26+05:30,4018.1,6,4035.52,1610475,163186.0,181071.0,4100.0,4110.0,4012.0,4092.6,25556125,4501.8,3683.4,4440.0,3288.1,4017.7,9,2,4017.6,52,2,4017.5,120,2,4017.4,24,1,4017.2,13,1,4018.1,156,5,4018.6,11,1,4018.7,22,1,4018.8,3,1,4018.9,67,3
11483,2026-07-02 14:12:26+05:30,4018.1,6,4035.52,1610475,163186.0,181071.0,4100.0,4110.0,4012.0,4092.6,25556125,4501.8,3683.4,4440.0,3288.1,4017.7,9,2,4017.6,52,2,4017.5,120,2,4017.4,24,1,4017.2,13,1,4018.1,156,5,4018.6,11,1,4018.7,22,1,4018.8,3,1,4018.9,67,3
11483,2026-07-02 14:12:26+05:30,4017.7,1,4035.52,1610475,163186.0,181071.0,4100.0,4110.0,4012.0,4092.6,25556125,4501.8,3683.4,4440.0,3288.1,4017.7,9,2,4017.6,52,2,4017.5,120,2,4017.4,24,1,4017.2,13,1,4018.1,156,5,4018.6,11,1,4018.7,22,1,4018.8,3,1,4018.9,67,3
11483,2026-07-02 14:12:27+05:30,4017.7,1,4035.52,1610475,163186.0,181071.0,4100.0,4110.0,4012.0,4092.6,25556125,4501.8,3683.4,4440.0,3288.1,4017.7,9,2,4017.6,52,2,4017.5,120,2,4017.4,24,1,4017.2,13,1,4018.1,156,5,4018.6,11,1,4018.7,22,1,4018.8,3,1,4018.9,67,3
11483,2026-07-02 14:12:27+05:30,4017.7,1,4035.52,1610477,163268.0,181087.0,4100.0,4110.0,4012.0,4092.6,25556125,4501.8,3683.4,4440.0,3288.1,4017.9,1,1,4017.7,7,1,4017.6,52,2,4017.5,120,2,4017.4,24,1,4018.1,156,5,4018.6,11,1,4018.7,22,1,4018.8,3,1,4018.9,83,4
11483,2026-07-02 14:12:27+05:30,4017.7,1,4035.52,1610477,163268.0,181087.0,4100.0,4110.0,4012.0,4092.6,25556125,4501.8,3683.4,4440.0,3288.1,4017.9,1,1,4017.7,7,1,4017.6,52,2,4017.5,120,2,4017.4,24,1,4018.1,156,5,4018.6,11,1,4018.7,22,1,4018.8,3,1,4018.9,83,4
11483,2026-07-02 14:12:27+05:30,4017.9,1,4035.52,1610477,163268.0,181087.0,4100.0,4110.0,4012.0,4092.6,25556125,4501.8,3683.4,4440.0,3288.1,4017.9,1,1,4017.7,7,1,4017.6,52,2,4017.5,120,2,4017.4,24,1,4018.1,156,5,4018.6,11,1,4018.7,22,1,4018.8,3,1,4018.9,83,4
11483,2026-07-02 14:12:27+05:30,4017.9,1,4035.52,1610477,163268.0,181087.0,4100.0,4110.0,4012.0,4092.6,25556125,4501.8,3683.4,4440.0,3288.1,4017.9,1,1,4017.7,7,1,4017.6,52,2,4017.5,120,2,4017.4,24,1,4018.1,156,5,4018.6,11,1,4018.7,22,1,4018.8,3,1,4018.9,83,4
11483,2026-07-02 14:12:28+05:30,4017.9,1,4035.52,1610477,163268.0,181087.0,4100.0,4110.0,4012.0,4092.6,25556125,4501.8,3683.4,4440.0,3288.1,4017.9,1,1,4017.7,7,1,4017.6,52,2,4017.5,120,2,4017.4,24,1,4018.1,156,5,4018.6,11,1,4018.7,22,1,4018.8,3,1,4018.9,83,4
11483,2026-07-02 14:12:28+05:30,4018.1,79,4035.52,1610558,163290.0,180994.0,4100.0,4110.0,4012.0,4092.6,25556125,4501.8,3683.4,4440.0,3288.1,4017.6,52,2,4017.5,120,2,4017.4,24,1,4017.2,13,1,4017.1,213,4,4018.1,76,4,4018.6,11,1,4018.7,22,1,4018.8,3,1,4018.9,83,4
11483,2026-07-02 14:12:28+05:30,4018.1,79,4035.52,1610558,163290.0,180994.0,4100.0,4110.0,4012.0,4092.6,25556125,4501.8,3683.4,4440.0,3288.1,4017.6,52,2,4017.5,120,2,4017.4,24,1,4017.2,13,1,4017.1,213,4,4018.1,76,4,4018.6,11,1,4018.7,22,1,4018.8,3,1,4018.9,83,4
11483,2026-07-02 14:12:28+05:30,4018.1,79,4035.52,1610558,163290.0,180994.0,4100.0,4110.0,4012.0,4092.6,25567850,4501.8,3683.4,4440.0,3288.1,4017.6,52,2,4017.5,120,2,4017.4,24,1,4017.2,13,1,4017.1,213,4,4018.1,76,4,4018.6,11,1,4018.7,22,1,4018.8,3,1,4018.9,83,4
11483,2026-07-02 14:12:28+05:30,4018.1,8,4035.52,1610558,163290.0,180994.0,4100.0,4110.0,4012.0,4092.6,25567850,4501.8,3683.4,4440.0,3288.1,4017.6,52,2,4017.5,120,2,4017.4,24,1,4017.2,13,1,4017.1,213,4,4018.1,76,4,4018.6,11,1,4018.7,22,1,4018.8,3,1,4018.9,83,4
11483,2026-07-02 14:12:29+05:30,4018.1,8,4035.52,1610558,163290.0,180994.0,4100.0,4110.0,4012.0,4092.6,25567850,4501.8,3683.4,4440.0,3288.1,4017.6,52,2,4017.5,120,2,4017.4,24,1,4017.2,13,1,4017.1,213,4,4018.1,76,4,4018.6,11,1,4018.7,22,1,4018.8,3,1,4018.9,83,4
11483,2026-07-02 14:12:29+05:30,4018.1,8,4035.52,1610575,163281.0,181030.0,4100.0,4110.0,4012.0,4092.6,25567850,4501.8,3683.4,4440.0,3288.1,4017.6,43,2,4017.5,120,2,4017.4,24,1,4017.2,13,1,4017.1,213,4,4018.1,68,4,4018.6,11,1,4018.7,22,1,4018.8,3,1,4018.9,83,4
11483,2026-07-02 14:12:29+05:30,4018.1,8,4035.52,1610575,163281.0,181030.0,4100.0,4110.0,4012.0,4092.6,25567850,4501.8,3683.4,4440.0,3288.1,4017.6,43,2,4017.5,120,2,4017.4,24,1,4017.2,13,1,4017.1,213,4,4018.1,68,4,4018.6,11,1,4018.7,22,1,4018.8,3,1,4018.9,83,4
11483,2026-07-02 14:12:29+05:30,4017.6,1,4035.52,1610575,163281.0,181030.0,4100.0,4110.0,4012.0,4092.6,25567850,4501.8,3683.4,4440.0,3288.1,4017.6,43,2,4017.5,120,2,4017.4,24,1,4017.2,13,1,4017.1,213,4,4018.1,68,4,4018.6,11,1,4018.7,22,1,4018.8,3,1,4018.9,83,4
11483,2026-07-02 14:12:29+05:30,4017.6,1,4035.52,1610575,163281.0,181030.0,4100.0,4110.0,4012.0,4092.6,25567850,4501.8,3683.4,4440.0,3288.1,4017.6,43,2,4017.5,120,2,4017.4,24,1,4017.2,13,1,4017.1,213,4,4018.1,68,4,4018.6,11,1,4018.7,22,1,4018.8,3,1,4018.9,83,4
11483,2026-07-02 14:12:30+05:30,4017.6,1,4035.52,1610578,163278.0,181035.0,4100.0,4110.0,4012.0,4092.6,25567850,4501.8,3683.4,4440.0,3288.1,4017.6,40,2,4017.5,120,2,4017.4,24,1,4017.2,13,1,4017.1,213,4,4018.1,68,4,4018.6,11,1,4018.7,22,1,4018.8,3,1,4018.9,83,4
11483,2026-07-02 14:12:30+05:30,4017.6,1,4035.52,1610578,163278.0,181035.0,4100.0,4110.0,4012.0,4092.6,25567850,4501.8,3683.4,4440.0,3288.1,4017.6,40,2,4017.5,120,2,4017.4,24,1,4017.2,13,1,4017.1,213,4,4018.1,68,4,4018.6,11,1,4018.7,22,1,4018.8,3,1,4018.9,83,4
11483,2026-07-02 14:12:30+05:30,4018.1,3,4035.52,1610578,163278.0,181035.0,4100.0,4110.0,4012.0,4092.6,25567850,4501.8,3683.4,4440.0,3288.1,4017.6,40,2,4017.5,120,2,4017.4,24,1,4017.2,13,1,4017.1,213,4,4018.1,68,4,4018.6,11,1,4018.7,22,1,4018.8,3,1,4018.9,83,4
11483,2026-07-02 14:12:31+05:30,4018.1,3,4035.52,1610588,163387.0,181026.0,4100.0,4110.0,4012.0,4092.6,25567850,4501.8,3683.4,4440.0,3288.1,4018.0,100,1,4017.6,39,2,4017.5,120,2,4017.4,24,1,4017.2,13,1,4018.1,59,4,4018.6,11,1,4018.7,22,1,4018.8,3,1,4018.9,67,3
11483,2026-07-02 14:12:31+05:30,4018.0,99,4035.52,1610588,163387.0,181026.0,4100.0,4110.0,4012.0,4092.6,25567850,4501.8,3683.4,4440.0,3288.1,4018.0,100,1,4017.6,39,2,4017.5,120,2,4017.4,24,1,4017.2,13,1,4018.1,59,4,4018.6,11,1,4018.7,22,1,4018.8,3,1,4018.9,67,3
11483,2026-07-02 14:12:32+05:30,4018.0,99,4035.52,1610688,163360.0,181079.0,4100.0,4110.0,4012.0,4092.6,25567850,4501.8,3683.4,4440.0,3288.1,4017.6,39,2,4017.5,120,2,4017.4,24,1,4017.2,13,1,4017.1,213,4,4018.1,49,4,4018.6,26,2,4018.7,22,1,4018.8,3,1,4018.9,51,2
11483,2026-07-02 14:12:32+05:30,4017.6,12,4035.52,1610688,163360.0,181079.0,4100.0,4110.0,4012.0,4092.6,25567850,4501.8,3683.4,4440.0,3288.1,4017.6,39,2,4017.5,120,2,4017.4,24,1,4017.2,13,1,4017.1,213,4,4018.1,49,4,4018.6,26,2,4018.7,22,1,4018.8,3,1,4018.9,51,2
11483,2026-07-02 14:12:33+05:30,4017.6,12,4035.52,1610700,163353.0,181083.0,4100.0,4110.0,4012.0,4092.6,25567850,4501.8,3683.4,4440.0,3288.1,4017.6,27,2,4017.5,120,2,4017.4,24,1,4017.2,13,1,4017.1,213,4,4018.1,49,4,4018.6,26,2,4018.7,22,1,4018.8,3,1,4018.9,51,2
11483,2026-07-02 14:12:33+05:30,4018.1,20,4035.52,1610700,163353.0,181083.0,4100.0,4110.0,4012.0,4092.6,25567850,4501.8,3683.4,4440.0,3288.1,4017.6,27,2,4017.5,120,2,4017.4,24,1,4017.2,13,1,4017.1,213,4,4018.1,49,4,4018.6,26,2,4018.7,22,1,4018.8,3,1,4018.9,51,2
11483,2026-07-02 14:12:34+05:30,4019.0,41,4035.52,1611052,163521.0,180493.0,4100.0,4110.0,4012.0,4092.6,25567850,4501.8,3683.4,4440.0,3288.1,4017.6,26,2,4017.5,120,2,4017.4,37,2,4017.2,13,1,4017.1,213,4,4018.7,74,5,4018.8,37,4,4018.9,16,2,4019.0,85,5,4019.1,133,5
11483,2026-07-02 14:12:34+05:30,4017.6,25,4035.52,1611052,163521.0,180493.0,4100.0,4110.0,4012.0,4092.6,25567850,4501.8,3683.4,4440.0,3288.1,4017.6,26,2,4017.5,120,2,4017.4,37,2,4017.2,13,1,4017.1,213,4,4018.7,74,5,4018.8,37,4,4018.9,16,2,4019.0,85,5,4019.1,133,5
11483,2026-07-02 14:12:35+05:30,4018.6,83,4035.52,1611178,163730.0,180850.0,4100.0,4110.0,4012.0,4092.6,25567850,4501.8,3683.4,4440.0,3288.1,4018.4,25,1,4017.5,120,2,4017.4,36,2,4017.2,13,1,4017.1,214,5,4018.6,38,4,4018.7,51,5,4018.8,29,4,4018.9,24,3,4019.0,73,5
11483,2026-07-02 14:12:35+05:30,4018.4,15,4035.52,1611178,163730.0,180850.0,4100.0,4110.0,4012.0,4092.6,25567850,4501.8,3683.4,4440.0,3288.1,4018.4,25,1,4017.5,120,2,4017.4,36,2,4017.2,13,1,4017.1,214,5,4018.6,38,4,4018.7,51,5,4018.8,29,4,4018.9,24,3,4019.0,73,5
11483,2026-07-02 14:12:36+05:30,4018.4,15,4035.52,1611193,163758.0,180912.0,4100.0,4110.0,4012.0,4092.6,25567850,4501.8,3683.4,4440.0,3288.1,4018.4,10,1,4017.5,120,2,4017.4,36,2,4017.2,56,2,4017.1,213,4,4018.5,40,5,4018.6,16,2,4018.7,51,5,4018.8,63,6,4018.9,24,3
11483,2026-07-02 14:12:36+05:30,4018.5,1,4035.52,1611193,163758.0,180912.0,4100.0,4110.0,4012.0,4092.6,25567850,4501.8,3683.4,4440.0,3288.1,4018.4,10,1,4017.5,120,2,4017.4,36,2,4017.2,56,2,4017.1,213,4,4018.5,40,5,4018.6,16,2,4018.7,51,5,4018.8,63,6,4018.9,24,3
11483,2026-07-02 14:12:37+05:30,4018.5,1,4035.52,1611196,163719.0,180936.0,4100.0,4110.0,4012.0,4092.6,25567850,4501.8,3683.4,4440.0,3288.1,4018.4,9,2,4017.5,120,2,4017.4,36,2,4017.2,13,1,4017.1,213,4,4018.5,37,4,4018.6,16,2,4018.7,51,5,4018.8,46,4,4018.9,24,3
11483,2026-07-02 14:12:38+05:30,4018.5,1,4035.52,1611196,163761.0,180981.0,4100.0,4110.0,4012.0,4092.6,25567850,4501.8,3683.4,4440.0,3288.1,4018.4,11,3,4017.5,125,3,4017.4,36,2,4017.2,34,2,4017.1,214,5,4018.7,73,6,4018.8,16,2,4018.9,16,2,4019.0,50,3,4019.1,131,5
11483,2026-07-02 14:12:38+05:30,4018.7,6,4035.52,1611196,163761.0,180981.0,4100.0,4110.0,4012.0,4092.6,25567850,4501.8,3683.4,4440.0,3288.1,4018.4,11,3,4017.5,125,3,4017.4,36,2,4017.2,34,2,4017.1,214,5,4018.7,73,6,4018.8,16,2,4018.9,16,2,4019.0,50,3,4019.1,131,5
11483,2026-07-02 14:12:39+05:30,4018.7,1,4035.52,1611214,163798.0,180902.0,4100.0,4110.0,4012.0,4092.6,25567850,4501.8,3683.4,4440.0,3288.1,4018.4,11,3,4018.0,2,1,4017.5,125,3,4017.4,36,2,4017.2,13,1,4018.7,32,3,4018.8,16,2,4018.9,24,3,4019.0,50,3,4019.1,131,5
11483,2026-07-02 14:12:39+05:30,4018.4,2,4035.52,1611214,163798.0,180902.0,4100.0,4110.0,4012.0,4092.6,25567850,4501.8,3683.4,4440.0,3288.1,4018.4,11,3,4018.0,2,1,4017.5,125,3,4017.4,36,2,4017.2,13,1,4018.7,32,3,4018.8,16,2,4018.9,24,3,4019.0,50,3,4019.1,131,5
11483,2026-07-02 14:12:40+05:30,4018.4,2,4035.52,1611216,163796.0,180936.0,4100.0,4110.0,4012.0,4092.6,25567850,4501.8,3683.4,4440.0,3288.1,4018.4,9,3,4018.0,12,2,4017.5,125,3,4017.4,36,2,4017.2,23,2,4018.7,34,4,4018.8,16,2,4018.9,24,3,4019.0,50,3,4019.1,151,6
11483,2026-07-02 14:12:40+05:30,4018.7,4,4035.52,1611216,163796.0,180936.0,4100.0,4110.0,4012.0,4092.6,25567850,4501.8,3683.4,4440.0,3288.1,4018.4,9,3,4018.0,12,2,4017.5,125,3,4017.4,36,2,4017.2,23,2,4018.7,34,4,4018.8,16,2,4018.9,24,3,4019.0,50,3,4019.1,151,6
11483,2026-07-02 14:12:41+05:30,4018.7,4,4035.52,1611250,163788.0,180900.0,4100.0,4110.0,4012.0,4092.6,25567850,4501.8,3683.4,4440.0,3288.1,4018.0,10,1,4017.5,125,3,4017.4,36,2,4017.2,13,1,4017.1,214,5,4018.7,43,6,4018.8,16,2,4018.9,24,3,4019.0,50,3,4019.1,143,6
11483,2026-07-02 14:12:41+05:30,4018.0,4,4035.52,1611250,163788.0,180900.0,4100.0,4110.0,4012.0,4092.6,25567850,4501.8,3683.4,4440.0,3288.1,4018.0,10,1,4017.5,125,3,4017.4,36,2,4017.2,13,1,4017.1,214,5,4018.7,43,6,4018.8,16,2,4018.9,24,3,4019.0,50,3,4019.1,143,6
11483,2026-07-02 14:12:42+05:30,4018.0,4,4035.52,1611254,163780.0,180683.0,4100.0,4110.0,4012.0,4092.6,25567850,4501.8,3683.4,4440.0,3288.1,4018.0,6,1,4017.5,125,3,4017.4,36,2,4017.2,14,2,4017.1,218,5,4018.7,26,4,4018.8,25,2,4018.9,24,3,4019.0,50,3,4019.1,131,5
11483,2026-07-02 14:12:42+05:30,4018.0,1,4035.52,1611254,163780.0,180683.0,4100.0,4110.0,4012.0,4092.6,25567850,4501.8,3683.4,4440.0,3288.1,4018.0,6,1,4017.5,125,3,4017.4,36,2,4017.2,14,2,4017.1,218,5,4018.7,26,4,4018.8,25,2,4018.9,24,3,4019.0,50,3,4019.1,131,5
11483,2026-07-02 14:12:43+05:30,4018.0,1,4035.52,1611255,163798.0,180643.0,4100.0,4110.0,4012.0,4092.6,25567850,4501.8,3683.4,4440.0,3288.1,4018.0,5,1,4017.6,1,1,4017.5,125,3,4017.4,36,2,4017.2,14,2,4018.7,5,3,4018.8,12,1,4019.0,50,3,4019.1,120,4,4019.2,102,2
11483,2026-07-02 14:12:43+05:30,4018.0,5,4035.52,1611255,163798.0,180643.0,4100.0,4110.0,4012.0,4092.6,25567850,4501.8,3683.4,4440.0,3288.1,4018.0,5,1,4017.6,1,1,4017.5,125,3,4017.4,36,2,4017.2,14,2,4018.7,5,3,4018.8,12,1,4019.0,50,3,4019.1,120,4,4019.2,102,2
11483,2026-07-02 14:12:44+05:30,4018.0,5,4035.52,1611260,162338.0,181007.0,4100.0,4110.0,4012.0,4092.6,25567850,4501.8,3683.4,4440.0,3288.1,4017.6,1,1,4017.5,125,3,4017.4,24,1,4017.2,13,1,4017.1,213,4,4018.3,39,3,4018.4,91,2,4018.5,56,2,4018.6,53,2,4018.7,58,5
11483,2026-07-02 14:12:44+05:30,4018.4,61,4035.52,1611260,162338.0,181007.0,4100.0,4110.0,4012.0,4092.6,25567850,4501.8,3683.4,4440.0,3288.1,4017.6,1,1,4017.5,125,3,4017.4,24,1,4017.2,13,1,4017.1,213,4,4018.3,39,3,4018.4,91,2,4018.5,56,2,4018.6,53,2,4018.7,58,5
11483,2026-07-02 14:12:45+05:30,4018.4,61,4035.52,1611361,162560.0,181027.0,4100.0,4110.0,4012.0,4092.6,25567850,4501.8,3683.4,4440.0,3288.1,4017.5,125,3,4017.4,24,1,4017.2,13,1,4017.1,213,4,4017.0,1121,46,4017.8,20,1,4017.9,42,1,4018.0,42,1,4018.1,58,2,4018.3,2,1
11483,2026-07-02 14:12:45+05:30,4017.7,4,4035.52,1611361,162560.0,181027.0,4100.0,4110.0,4012.0,4092.6,25567850,4501.8,3683.4,4440.0,3288.1,4017.5,125,3,4017.4,24,1,4017.2,13,1,4017.1,213,4,4017.0,1121,46,4017.8,20,1,4017.9,42,1,4018.0,42,1,4018.1,58,2,4018.3,2,1
11483,2026-07-02 14:12:45+05:30,4017.7,4,4035.51,1611480,162479.0,181281.0,4100.0,4110.0,4012.0,4092.6,25567850,4501.8,3683.4,4440.0,3288.1,4017.5,113,3,4017.4,24,1,4017.2,13,1,4017.1,201,3,4017.0,1026,45,4017.7,8,1,4017.8,42,1,4017.9,42,1,4018.0,47,2,4018.2,43,2
11483,2026-07-02 14:12:46+05:30,4017.6,1,4035.51,1611480,162479.0,181281.0,4100.0,4110.0,4012.0,4092.6,25567850,4501.8,3683.4,4440.0,3288.1,4017.5,113,3,4017.4,24,1,4017.2,13,1,4017.1,201,3,4017.0,1026,45,4017.7,8,1,4017.8,42,1,4017.9,42,1,4018.0,47,2,4018.2,43,2
11483,2026-07-02 14:12:46+05:30,4017.6,1,4035.51,1611530,162259.0,181270.0,4100.0,4110.0,4012.0,4092.6,25567850,4501.8,3683.4,4440.0,3288.1,4017.5,74,2,4017.4,24,1,4017.2,13,1,4017.1,201,3,4017.0,1026,45,4017.6,78,1,4017.7,36,2,4017.8,42,1,4017.9,42,1,4018.0,5,1
11483,2026-07-02 14:12:47+05:30,4017.6,2,4035.51,1611530,162259.0,181270.0,4100.0,4110.0,4012.0,4092.6,25567850,4501.8,3683.4,4440.0,3288.1,4017.5,74,2,4017.4,24,1,4017.2,13,1,4017.1,201,3,4017.0,1026,45,4017.6,78,1,4017.7,36,2,4017.8,42,1,4017.9,42,1,4018.0,5,1
11483,2026-07-02 14:12:47+05:30,4017.6,2,4035.51,1611538,162211.0,181401.0,4100.0,4110.0,4012.0,4092.6,25567850,4501.8,3683.4,4440.0,3288.1,4017.5,69,2,4017.4,24,1,4017.2,13,1,4017.1,201,3,4017.0,1026,45,4017.6,76,1,4017.7,36,2,4017.8,116,2,4017.9,109,2,4018.0,79,2
11483,2026-07-02 14:12:48+05:30,4017.8,70,4035.51,1611538,162211.0,181401.0,4100.0,4110.0,4012.0,4092.6,25567850,4501.8,3683.4,4440.0,3288.1,4017.5,69,2,4017.4,24,1,4017.2,13,1,4017.1,201,3,4017.0,1026,45,4017.6,76,1,4017.7,36,2,4017.8,116,2,4017.9,109,2,4018.0,79,2
11483,2026-07-02 14:12:48+05:30,4017.8,70,4035.51,1611683,162642.0,181147.0,4100.0,4110.0,4012.0,4092.6,25567850,4501.8,3683.4,4440.0,3288.1,4017.6,5,1,4017.5,68,2,4017.4,24,1,4017.2,13,1,4017.1,201,3,4017.8,4,1,4017.9,79,2,4018.0,79,2,4018.2,1,1,4018.4,11,1
11483,2026-07-02 14:12:49+05:30,4017.5,1,4035.51,1611683,162642.0,181147.0,4100.0,4110.0,4012.0,4092.6,25567850,4501.8,3683.4,4440.0,3288.1,4017.6,5,1,4017.5,68,2,4017.4,24,1,4017.2,13,1,4017.1,201,3,4017.8,4,1,4017.9,79,2,4018.0,79,2,4018.2,1,1,4018.4,11,1
11483,2026-07-02 14:12:49+05:30,4017.5,1,4035.51,1611689,162636.0,181175.0,4100.0,4110.0,4012.0,4092.6,25567850,4501.8,3683.4,4440.0,3288.1,4017.5,67,2,4017.4,24,1,4017.2,13,1,4017.1,201,3,4017.0,1026,45,4017.6,2,1,4017.8,8,2,4017.9,79,2,4018.0,79,2,4018.1,13,1
11483,2026-07-02 14:12:50+05:30,4017.6,2,4035.51,1611689,162636.0,181175.0,4100.0,4110.0,4012.0,4092.6,25567850,4501.8,3683.4,4440.0,3288.1,4017.5,67,2,4017.4,24,1,4017.2,13,1,4017.1,201,3,4017.0,1026,45,4017.6,2,1,4017.8,8,2,4017.9,79,2,4018.0,79,2,4018.1,13,1
11483,2026-07-02 14:12:51+05:30,4017.6,2,4035.51,1611704,162827.0,181203.0,4100.0,4110.0,4012.0,4092.6,25567850,4501.8,3683.4,4440.0,3288.1,4017.7,3,1,4017.5,109,3,4017.4,66,2,4017.3,42,1,4017.2,13,1,4017.8,8,2,4017.9,67,1,4018.0,79,2,4018.1,13,1,4018.6,11,1
11483,2026-07-02 14:12:51+05:30,4017.8,23,4035.51,1611704,162827.0,181203.0,4100.0,4110.0,4012.0,4092.6,25567850,4501.8,3683.4,4440.0,3288.1,4017.7,3,1,4017.5,109,3,4017.4,66,2,4017.3,42,1,4017.2,13,1,4017.8,8,2,4017.9,67,1,4018.0,79,2,4018.1,13,1,4018.6,11,1
11483,2026-07-02 14:12:52+05:30,4017.8,23,4035.51,1611749,162854.0,180973.0,4100.0,4110.0,4012.0,4092.6,25567850,4501.8,3683.4,4440.0,3288.1,4017.7,31,1,4017.6,42,1,4017.5,109,3,4017.4,24,1,4017.3,42,1,4017.8,51,1,4017.9,67,1,4018.0,74,1,4018.1,13,1,4018.7,13,2
11483,2026-07-02 14:12:52+05:30,4017.7,5,4035.51,1611749,162854.0,180973.0,4100.0,4110.0,4012.0,4092.6,25567850,4501.8,3683.4,4440.0,3288.1,4017.7,31,1,4017.6,42,1,4017.5,109,3,4017.4,24,1,4017.3,42,1,4017.8,51,1,4017.9,67,1,4018.0,74,1,4018.1,13,1,4018.7,13,2
11483,2026-07-02 14:12:53+05:30,4017.7,5,4035.51,1611754,162870.0,181172.0,4100.0,4110.0,4012.0,4092.6,25567850,4501.8,3683.4,4440.0,3288.1,4017.7,26,1,4017.6,42,1,4017.5,109,3,4017.4,24,1,4017.3,42,1,4017.8,51,1,4017.9,67,1,4018.0,74,1,4018.1,13,1,4018.7,2,1
11483,2026-07-02 14:12:53+05:30,4017.8,20,4035.51,1611754,162870.0,181172.0,4100.0,4110.0,4012.0,4092.6,25567850,4501.8,3683.4,4440.0,3288.1,4017.7,26,1,4017.6,42,1,4017.5,109,3,4017.4,24,1,4017.3,42,1,4017.8,51,1,4017.9,67,1,4018.0,74,1,4018.1,13,1,4018.7,2,1
11483,2026-07-02 14:12:54+05:30,4017.8,20,4035.51,1611775,162706.0,181271.0,4100.0,4110.0,4012.0,4092.6,25567850,4501.8,3683.4,4440.0,3288.1,4017.7,25,1,4017.6,42,1,4017.5,109,3,4017.4,24,1,4017.3,42,1,4017.8,31,1,4017.9,67,1,4018.0,74,1,4018.1,13,1,4018.6,11,1
11483,2026-07-02 14:12:54+05:30,4017.7,2,4035.51,1611775,162706.0,181271.0,4100.0,4110.0,4012.0,4092.6,25567850,4501.8,3683.4,4440.0,3288.1,4017.7,25,1,4017.6,42,1,4017.5,109,3,4017.4,24,1,4017.3,42,1,4017.8,31,1,4017.9,67,1,4018.0,74,1,4018.1,13,1,4018.6,11,1
11483,2026-07-02 14:12:54+05:30,4017.7,2,4035.51,1611779,162699.0,181432.0,4100.0,4110.0,4012.0,4092.6,25567850,4501.8,3683.4,4440.0,3288.1,4017.7,23,1,4017.6,42,1,4017.5,109,3,4017.4,24,1,4017.3,42,1,4017.8,29,1,4017.9,67,1,4018.0,74,1,4018.1,13,1,4018.6,11,1
11483,2026-07-02 14:12:55+05:30,4017.8,1,4035.51,1611779,162699.0,181432.0,4100.0,4110.0,4012.0,4092.6,25567850,4501.8,3683.4,4440.0,3288.1,4017.7,23,1,4017.6,42,1,4017.5,109,3,4017.4,24,1,4017.3,42,1,4017.8,29,1,4017.9,67,1,4018.0,74,1,4018.1,13,1,4018.6,11,1
11483,2026-07-02 14:12:56+05:30,4017.8,1,4035.51,1611863,162781.0,181419.0,4100.0,4110.0,4012.0,4092.6,25567850,4501.8,3683.4,4440.0,3288.1,4017.7,22,1,4017.6,42,1,4017.5,109,3,4017.4,24,1,4017.3,42,1,4017.8,22,1,4017.9,67,1,4018.0,74,1,4018.1,13,1,4018.6,11,1
11483,2026-07-02 14:12:56+05:30,4017.5,46,4035.51,1611863,162781.0,181419.0,4100.0,4110.0,4012.0,4092.6,25567850,4501.8,3683.4,4440.0,3288.1,4017.7,22,1,4017.6,42,1,4017.5,109,3,4017.4,24,1,4017.3,42,1,4017.8,22,1,4017.9,67,1,4018.0,74,1,4018.1,13,1,4018.6,11,1
11483,2026-07-02 14:12:57+05:30,4017.5,46,4035.51,1611973,162343.0,181524.0,4100.0,4110.0,4012.0,4092.6,25567850,4501.8,3683.4,4440.0,3288.1,4017.5,22,3,4017.4,24,1,4017.3,42,1,4017.2,13,1,4017.1,243,4,4017.6,35,1,4017.7,1,1,4017.8,22,1,4017.9,67,1,4018.0,74,1
11483,2026-07-02 14:12:57+05:30,4017.5,13,4035.51,1611973,162343.0,181524.0,4100.0,4110.0,4012.0,4092.6,25567850,4501.8,3683.4,4440.0,3288.1,4017.5,22,3,4017.4,24,1,4017.3,42,1,4017.2,13,1,4017.1,243,4,4017.6,35,1,4017.7,1,1,4017.8,22,1,4017.9,67,1,4018.0,74,1
11483,2026-07-02 14:12:58+05:30,4017.5,13,4035.51,1612008,162392.0,181349.0,4100.0,4110.0,4012.0,4092.6,25567850,4501.8,3683.4,4440.0,3288.1,4017.5,30,2,4017.4,66,2,4017.3,42,1,4017.2,13,1,4017.1,243,4,4017.6,35,1,4017.7,1,1,4017.8,22,1,4017.9,67,1,4018.0,87,2
11483,2026-07-02 14:12:58+05:30,4017.4,7,4035.51,1612008,162392.0,181349.0,4100.0,4110.0,4012.0,4092.6,25567850,4501.8,3683.4,4440.0,3288.1,4017.5,30,2,4017.4,66,2,4017.3,42,1,4017.2,13,1,4017.1,243,4,4017.6,35,1,4017.7,1,1,4017.8,22,1,4017.9,67,1,4018.0,87,2
11483,2026-07-02 14:12:58+05:30,4017.4,7,4035.51,1612111,162436.0,181743.0,4100.0,4110.0,4012.0,4092.6,25567850,4501.8,3683.4,4440.0,3288.1,4017.3,42,1,4017.2,13,1,4017.1,243,4,4017.0,1136,47,4016.9,2,2,4017.4,93,2,4017.5,1,1,4017.7,14,2,4017.8,22,1,4017.9,67,1
11483,2026-07-02 14:12:59+05:30,4017.3,9,4035.51,1612111,162436.0,181743.0,4100.0,4110.0,4012.0,4092.6,25567850,4501.8,3683.4,4440.0,3288.1,4017.3,42,1,4017.2,13,1,4017.1,243,4,4017.0,1136,47,4016.9,2,2,4017.4,93,2,4017.5,1,1,4017.7,14,2,4017.8,22,1,4017.9,67,1
11483,2026-07-02 14:12:59+05:30,4017.3,9,4035.51,1612141,162427.0,181731.0,4100.0,4110.0,4012.0,4092.6,25567850,4501.8,3683.4,4440.0,3288.1,4017.3,56,2,4017.2,55,2,4017.1,201,3,4017.0,1136,47,4016.9,44,3,4017.4,91,2,4017.5,1,1,4017.7,1,1,4017.8,22,1,4017.9,81,2
11483,2026-07-02 14:13:00+05:30,4017.2,3,4035.51,1612141,162427.0,181731.0,4100.0,4110.0,4012.0,4092.6,25567850,4501.8,3683.4,4440.0,3288.1,4017.3,56,2,4017.2,55,2,4017.1,201,3,4017.0,1136,47,4016.9,44,3,4017.4,91,2,4017.5,1,1,4017.7,1,1,4017.8,22,1,4017.9,81,2
11483,2026-07-02 14:13:00+05:30,4017.2,3,4035.51,1612257,162481.0,181678.0,4100.0,4110.0,4012.0,4092.6,25567850,4501.8,3683.4,4440.0,3288.1,4017.1,201,3,4017.0,1136,47,4016.9,44,3,4016.6,3,1,4016.5,18,2,4017.2,79,1,4017.4,3,1,4017.5,1,1,4017.7,14,2,4017.8,22,1
11483,2026-07-02 14:13:01+05:30,4017.1,22,4035.51,1612257,162481.0,181678.0,4100.0,4110.0,4012.0,4092.6,25567850,4501.8,3683.4,4440.0,3288.1,4017.1,201,3,4017.0,1136,47,4016.9,44,3,4016.6,3,1,4016.5,18,2,4017.2,79,1,4017.4,3,1,4017.5,1,1,4017.7,14,2,4017.8,22,1
11483,2026-07-02 14:13:01+05:30,4017.1,22,4035.5,1612314,162558.0,181690.0,4100.0,4110.0,4012.0,4092.6,25567850,4501.8,3683.4,4440.0,3288.1,4017.1,187,4,4017.0,1178,48,4016.9,44,3,4016.7,42,1,4016.6,3,1,4017.2,78,1,4017.4,3,1,4017.5,12,2,4017.7,1,1,4017.8,22,1
11483,2026-07-02 14:13:02+05:30,4017.1,10,4035.5,1612314,162558.0,181690.0,4100.0,4110.0,4012.0,4092.6,25567850,4501.8,3683.4,4440.0,3288.1,4017.1,187,4,4017.0,1178,48,4016.9,44,3,4016.7,42,1,4016.6,3,1,4017.2,78,1,4017.4,3,1,4017.5,12,2,4017.7,1,1,4017.8,22,1
11483,2026-07-02 14:13:02+05:30,4017.1,10,4035.5,1612511,162364.0,181732.0,4100.0,4110.0,4012.0,4092.6,25567850,4501.8,3683.4,4440.0,3288.1,4017.0,1011,46,4016.9,44,3,4016.8,42,1,4016.6,45,2,4016.5,18,2,4017.1,100,2,4017.4,3,1,4017.5,12,2,4017.7,1,1,4017.8,22,1
11483,2026-07-02 14:13:03+05:30,4017.1,1,4035.5,1612539,162374.0,182265.0,4100.0,4110.0,4012.0,4092.6,25567850,4501.8,3683.4,4440.0,3288.1,4017.0,1028,42,4016.9,44,3,4016.8,42,1,4016.6,45,2,4016.5,18,2,4017.1,97,2,4017.2,16,2,4017.4,3,1,4017.5,1,1,4017.7,1,1
11483,2026-07-02 14:13:03+05:30,4017.0,3,4035.5,1612539,162374.0,182265.0,4100.0,4110.0,4012.0,4092.6,25567850,4501.8,3683.4,4440.0,3288.1,4017.0,1028,42,4016.9,44,3,4016.8,42,1,4016.6,45,2,4016.5,18,2,4017.1,97,2,4017.2,16,2,4017.4,3,1,4017.5,1,1,4017.7,1,1
11483,2026-07-02 14:13:04+05:30,4017.1,8,4035.5,1612539,162374.0,182265.0,4100.0,4110.0,4012.0,4092.6,25567850,4501.8,3683.4,4440.0,3288.1,4017.0,1028,42,4016.9,44,3,4016.8,42,1,4016.6,45,2,4016.5,18,2,4017.1,97,2,4017.2,16,2,4017.4,3,1,4017.5,1,1,4017.7,1,1
11483,2026-07-02 14:13:04+05:30,4017.1,2,4035.49,1613787,161046.0,182080.0,4100.0,4110.0,4012.0,4092.6,25567850,4501.8,3683.4,4440.0,3288.1,4017.1,200,1,4016.9,2,2,4016.8,42,1,4016.7,42,1,4016.6,3,1,4017.2,10,1,4017.4,3,1,4017.5,1,1,4017.7,1,1,4017.8,48,2
11483,2026-07-02 14:13:05+05:30,4017.1,150,4035.49,1613787,161046.0,182080.0,4100.0,4110.0,4012.0,4092.6,25567850,4501.8,3683.4,4440.0,3288.1,4017.1,200,1,4016.9,2,2,4016.8,42,1,4016.7,42,1,4016.6,3,1,4017.2,10,1,4017.4,3,1,4017.5,1,1,4017.7,1,1,4017.8,48,2
11483,2026-07-02 14:13:05+05:30,4017.1,150,4035.49,1613937,160963.0,182145.0,4100.0,4110.0,4012.0,4092.6,25567850,4501.8,3683.4,4440.0,3288.1,4017.1,92,2,4017.0,42,1,4016.9,44,3,4016.7,42,1,4016.6,3,1,4017.4,3,1,4017.5,14,2,4017.7,1,1,4017.8,48,2,4017.9,98,3
11483,2026-07-02 14:13:06+05:30,4017.4,1,4035.49,1613937,160963.0,182145.0,4100.0,4110.0,4012.0,4092.6,25567850,4501.8,3683.4,4440.0,3288.1,4017.1,92,2,4017.0,42,1,4016.9,44,3,4016.7,42,1,4016.6,3,1,4017.4,3,1,4017.5,14,2,4017.7,1,1,4017.8,48,2,4017.9,98,3
11483,2026-07-02 14:13:06+05:30,4017.4,1,4035.49,1613964,160934.0,182102.0,4100.0,4110.0,4012.0,4092.6,25567850,4501.8,3683.4,4440.0,3288.1,4017.2,66,2,4017.1,92,2,4017.0,1,1,4016.9,44,3,4016.6,14,2,4017.4,2,1,4017.5,14,2,4017.7,1,1,4017.8,48,2,4017.9,67,1
11483,2026-07-02 14:13:07+05:30,4017.0,1,4035.49,1613964,160934.0,182102.0,4100.0,4110.0,4012.0,4092.6,25567850,4501.8,3683.4,4440.0,3288.1,4017.2,66,2,4017.1,92,2,4017.0,1,1,4016.9,44,3,4016.6,14,2,4017.4,2,1,4017.5,14,2,4017.7,1,1,4017.8,48,2,4017.9,67,1
11483,2026-07-02 14:13:07+05:30,4017.0,1,4035.48,1614132,160763.0,181770.0,4100.0,4110.0,4012.0,4092.6,25567850,4501.8,3683.4,4440.0,3288.1,4016.9,2,2,4016.6,3,1,4016.2,574,5,4016.1,90,9,4016.0,1079,57,4017.2,23,3,4017.4,14,2,4017.5,45,3,4017.6,31,2,4017.7,13,2
11483,2026-07-02 14:13:08+05:30,4017.5,3,4035.48,1614175,161564.0,181986.0,4100.0,4110.0,4012.0,4092.6,25567850,4501.8,3683.4,4440.0,3288.1,4016.6,3,1,4016.2,574,5,4016.1,90,9,4016.0,1111,58,4015.9,39,3,4017.0,18,1,4017.5,40,2,4017.6,32,1,4017.7,1,1,4017.8,33,2
11483,2026-07-02 14:13:08+05:30,4016.2,46,4035.48,1614175,161564.0,181986.0,4100.0,4110.0,4012.0,4092.6,25567850,4501.8,3683.4,4440.0,3288.1,4016.6,3,1,4016.2,574,5,4016.1,90,9,4016.0,1111,58,4015.9,39,3,4017.0,18,1,4017.5,40,2,4017.6,32,1,4017.7,1,1,4017.8,33,2
11483,2026-07-02 14:13:09+05:30,4016.5,5,4035.48,1614246,161205.0,181105.0,4100.0,4110.0,4012.0,4092.6,25567850,4501.8,3683.4,4440.0,3288.1,4016.5,26,3,4016.4,30,5,4016.3,59,5,4016.2,534,5,4016.1,107,10,4017.0,18,1,4017.5,13,1,4017.7,1,1,4017.8,22,1,4017.9,67,1
11483,2026-07-02 14:13:09+05:30,4016.5,8,4035.48,1614246,161205.0,181105.0,4100.0,4110.0,4012.0,4092.6,25567850,4501.8,3683.4,4440.0,3288.1,4016.5,26,3,4016.4,30,5,4016.3,59,5,4016.2,534,5,4016.1,107,10,4017.0,18,1,4017.5,13,1,4017.7,1,1,4017.8,22,1,4017.9,67,1
11483,2026-07-02 14:13:10+05:30,4016.2,263,4035.48,1614540,160838.0,181077.0,4100.0,4110.0,4012.0,4092.6,25567850,4501.8,3683.4,4440.0,3288.1,4016.2,251,3,4016.1,90,9,4016.0,1089,58,4015.9,65,4,4015.8,70,6,4016.4,2,1,4017.0,17,1,4017.5,28,2,4017.6,3,1,4017.7,1,1
11483,2026-07-02 14:13:10+05:30,4016.4,9,4035.48,1614540,160838.0,181077.0,4100.0,4110.0,4012.0,4092.6,25567850,4501.8,3683.4,4440.0,3288.1,4016.2,251,3,4016.1,90,9,4016.0,1089,58,4015.9,65,4,4015.8,70,6,4016.4,2,1,4017.0,17,1,4017.5,28,2,4017.6,3,1,4017.7,1,1
11483,2026-07-02 14:13:11+05:30,4017.0,1,4035.48,1614540,160838.0,181077.0,4100.0,4110.0,4012.0,4092.6,25567850,4501.8,3683.4,4440.0,3288.1,4016.2,251,3,4016.1,90,9,4016.0,1089,58,4015.9,65,4,4015.8,70,6,4016.4,2,1,4017.0,17,1,4017.5,28,2,4017.6,3,1,4017.7,1,1
11483,2026-07-02 14:13:11+05:30,4017.0,1,4035.48,1614605,160907.0,181301.0,4100.0,4110.0,4012.0,4092.6,25567850,4501.8,3683.4,4440.0,3288.1,4016.2,214,4,4016.1,105,10,4016.0,1086,58,4015.9,82,5,4015.8,70,6,4017.0,34,2,4017.5,13,1,4017.7,1,1,4017.8,74,2,4017.9,83,2
11483,2026-07-02 14:13:12+05:30,4017.5,4,4035.48,1614657,161165.0,181680.0,4100.0,4110.0,4012.0,4092.6,25567850,4501.8,3683.4,4440.0,3288.1,4016.3,10,1,4016.2,228,7,4016.1,105,10,4016.0,1086,58,4015.9,65,4,4017.0,28,1,4017.5,4,1,4017.7,33,2,4017.8,75,3,4017.9,67,1
11483,2026-07-02 14:13:12+05:30,4016.3,6,4035.48,1614657,161165.0,181680.0,4100.0,4110.0,4012.0,4092.6,25567850,4501.8,3683.4,4440.0,3288.1,4016.3,10,1,4016.2,228,7,4016.1,105,10,4016.0,1086,58,4015.9,65,4,4017.0,28,1,4017.5,4,1,4017.7,33,2,4017.8,75,3,4017.9,67,1
11483,2026-07-02 14:13:13+05:30,4017.0,2,4035.48,1614665,161150.0,181768.0,4100.0,4110.0,4012.0,4092.6,25567850,4501.8,3683.4,4440.0,3288.1,4016.2,207,5,4016.1,105,10,4016.0,1086,58,4015.9,65,4,4015.8,73,6,4017.0,26,1,4017.5,20,2,4017.6,4,1,4017.7,33,2,4017.8,59,2
11483,2026-07-02 14:13:13+05:30,4016.2,1,4035.48,1614665,161150.0,181768.0,4100.0,4110.0,4012.0,4092.6,25567850,4501.8,3683.4,4440.0,3288.1,4016.2,207,5,4016.1,105,10,4016.0,1086,58,4015.9,65,4,4015.8,73,6,4017.0,26,1,4017.5,20,2,4017.6,4,1,4017.7,33,2,4017.8,59,2
11483,2026-07-02 14:13:14+05:30,4017.0,1,4035.48,1614667,161132.0,181753.0,4100.0,4110.0,4012.0,4092.6,25567850,4501.8,3683.4,4440.0,3288.1,4016.2,206,5,4016.1,105,10,4016.0,1086,58,4015.9,65,4,4015.8,56,5,4017.0,35,2,4017.5,20,2,4017.6,4,1,4017.7,33,2,4017.8,59,2
11483,2026-07-02 14:13:14+05:30,4017.0,1,4035.48,1614667,161132.0,181753.0,4100.0,4110.0,4012.0,4092.6,25567850,4501.8,3683.4,4440.0,3288.1,4016.2,206,5,4016.1,105,10,4016.0,1086,58,4015.9,65,4,4015.8,56,5,4017.0,35,2,4017.5,20,2,4017.6,4,1,4017.7,33,2,4017.8,59,2
11483,2026-07-02 14:13:15+05:30,4017.0,15,4035.48,1614682,165655.0,181745.0,4100.0,4110.0,4012.0,4092.6,25567850,4501.8,3683.4,4440.0,3288.1,4016.2,206,5,4016.1,105,10,4016.0,1086,58,4015.9,65,4,4015.8,73,6,4017.0,20,2,4017.2,13,1,4017.5,20,2,4017.6,4,1,4017.7,33,2
11483,2026-07-02 14:13:15+05:30,4017.0,3,4035.48,1614682,165655.0,181745.0,4100.0,4110.0,4012.0,4092.6,25567850,4501.8,3683.4,4440.0,3288.1,4016.2,206,5,4016.1,105,10,4016.0,1086,58,4015.9,65,4,4015.8,73,6,4017.0,20,2,4017.2,13,1,4017.5,20,2,4017.6,4,1,4017.7,33,2
11483,2026-07-02 14:13:16+05:30,4017.0,3,4035.48,1614691,165588.0,181840.0,4100.0,4110.0,4012.0,4092.6,25567850,4501.8,3683.4,4440.0,3288.1,4016.2,204,5,4016.1,90,9,4016.0,1085,57,4015.9,66,5,4015.8,56,5,4017.0,13,2,4017.2,13,1,4017.5,20,2,4017.6,4,1,4017.7,141,5
11483,2026-07-02 14:13:16+05:30,4016.2,1,4035.48,1614691,165588.0,181840.0,4100.0,4110.0,4012.0,4092.6,25567850,4501.8,3683.4,4440.0,3288.1,4016.2,204,5,4016.1,90,9,4016.0,1085,57,4015.9,66,5,4015.8,56,5,4017.0,13,2,4017.2,13,1,4017.5,20,2,4017.6,4,1,4017.7,141,5
11483,2026-07-02 14:13:17+05:30,4016.2,1,4035.48,1614692,165566.0,181883.0,4100.0,4110.0,4012.0,4092.6,25567850,4501.8,3683.4,4440.0,3288.1,4016.6,1,1,4016.3,3,2,4016.2,202,4,4016.1,90,9,4016.0,1085,57,4017.0,113,3,4017.2,13,1,4017.4,30,2,4017.5,20,2,4017.6,19,2
11483,2026-07-02 14:13:18+05:30,4017.0,100,4035.48,1614806,165379.0,180996.0,4100.0,4110.0,4012.0,4092.6,25567850,4501.8,3683.4,4440.0,3288.1,4016.5,19,1,4016.4,51,6,4016.3,27,4,4016.2,221,5,4016.1,120,12,4017.0,28,1,4017.2,13,1,4017.5,20,2,4017.7,1,1,4017.8,36,2
11483,2026-07-02 14:13:18+05:30,4016.5,8,4035.48,1614806,165379.0,180996.0,4100.0,4110.0,4012.0,4092.6,25567850,4501.8,3683.4,4440.0,3288.1,4016.5,19,1,4016.4,51,6,4016.3,27,4,4016.2,221,5,4016.1,120,12,4017.0,28,1,4017.2,13,1,4017.5,20,2,4017.7,1,1,4017.8,36,2
11483,2026-07-02 14:13:19+05:30,4016.5,8,4035.48,1614828,165688.0,181216.0,4100.0,4110.0,4012.0,4092.6,25567850,4501.8,3683.4,4440.0,3288.1,4016.5,33,5,4016.4,40,4,4016.3,35,5,4016.2,222,6,4016.1,120,12,4017.0,28,1,4017.2,13,1,4017.5,20,2,4017.7,3,2,4017.8,62,3
11483,2026-07-02 14:13:19+05:30,4016.5,3,4035.48,1614828,165688.0,181216.0,4100.0,4110.0,4012.0,4092.6,25567850,4501.8,3683.4,4440.0,3288.1,4016.5,33,5,4016.4,40,4,4016.3,35,5,4016.2,222,6,4016.1,120,12,4017.0,28,1,4017.2,13,1,4017.5,20,2,4017.7,3,2,4017.8,62,3
11483,2026-07-02 14:13:20+05:30,4016.6,1,4035.48,1614837,165698.0,181086.0,4100.0,4110.0,4012.0,4092.6,25567850,4501.8,3683.4,4440.0,3288.1,4016.6,4,1,4016.5,18,3,4016.4,33,3,4016.3,35,5,4016.2,231,7,4017.0,25,2,4017.2,13,1,4017.5,20,2,4017.7,1,1,4017.8,48,2
11483,2026-07-02 14:13:20+05:30,4017.0,25,4035.48,1614837,165698.0,181086.0,4100.0,4110.0,4012.0,4092.6,25567850,4501.8,3683.4,4440.0,3288.1,4016.6,4,1,4016.5,18,3,4016.4,33,3,4016.3,35,5,4016.2,231,7,4017.0,25,2,4017.2,13,1,4017.5,20,2,4017.7,1,1,4017.8,48,2
11483,2026-07-02 14:13:21+05:30,4017.0,8,4035.47,1614896,165981.0,181531.0,4100.0,4110.0,4012.0,4092.6,25567850,4501.8,3683.4,4440.0,3288.1,4016.6,33,4,4016.5,8,1,4016.4,33,3,4016.3,80,5,4016.2,232,8,4017.0,5,1,4017.2,13,1,4017.5,20,2,4017.7,3,2,4017.8,22,1
11483,2026-07-02 14:13:21+05:30,4016.6,5,4035.47,1614896,165981.0,181531.0,4100.0,4110.0,4012.0,4092.6,25567850,4501.8,3683.4,4440.0,3288.1,4016.6,33,4,4016.5,8,1,4016.4,33,3,4016.3,80,5,4016.2,232,8,4017.0,5,1,4017.2,13,1,4017.5,20,2,4017.7,3,2,4017.8,22,1
11483,2026-07-02 14:13:22+05:30,4017.0,1,4035.47,1614906,165987.0,181529.0,4100.0,4110.0,4012.0,4092.6,25567850,4501.8,3683.4,4440.0,3288.1,4016.7,21,4,4016.6,21,3,4016.5,13,2,4016.4,50,4,4016.3,80,5,4017.0,3,1,4017.2,13,1,4017.5,20,2,4017.7,3,2,4017.8,22,1
11483,2026-07-02 14:13:22+05:30,4016.7,1,4035.47,1614906,165987.0,181529.0,4100.0,4110.0,4012.0,4092.6,25567850,4501.8,3683.4,4440.0,3288.1,4016.7,21,4,4016.6,21,3,4016.5,13,2,4016.4,50,4,4016.3,80,5,4017.0,3,1,4017.2,13,1,4017.5,20,2,4017.7,3,2,4017.8,22,1
11483,2026-07-02 14:13:23+05:30,4016.7,1,4035.47,1614907,165991.0,181529.0,4100.0,4110.0,4012.0,4092.6,25567850,4501.8,3683.4,4440.0,3288.1,4016.7,20,4,4016.6,17,2,4016.5,13,2,4016.4,57,5,4016.3,80,5,4017.0,3,1,4017.2,13,1,4017.5,20,2,4017.7,3,2,4017.8,22,1
11483,2026-07-02 14:13:24+05:30,4017.0,3,4035.47,1614913,178256.0,181150.0,4100.0,4110.0,4012.0,4092.6,25567850,4501.8,3683.4,4440.0,3288.1,4016.7,11,3,4016.6,7,1,4016.5,8,1,4016.4,29,3,4016.3,32,4,4017.0,36,1,4017.2,13,1,4017.5,20,2,4017.7,1,1,4017.8,36,2
11483,2026-07-02 14:13:24+05:30,4017.0,3,4035.47,1614913,178256.0,181150.0,4100.0,4110.0,4012.0,4092.6,25567850,4501.8,3683.4,4440.0,3288.1,4016.7,11,3,4016.6,7,1,4016.5,8,1,4016.4,29,3,4016.3,32,4,4017.0,36,1,4017.2,13,1,4017.5,20,2,4017.7,1,1,4017.8,36,2
11483,2026-07-02 14:13:24+05:30,4016.7,1,4035.47,1614913,178256.0,181150.0,4100.0,4110.0,4012.0,4092.6,25567850,4501.8,3683.4,4440.0,3288.1,4016.7,11,3,4016.6,7,1,4016.5,8,1,4016.4,29,3,4016.3,32,4,4017.0,36,1,4017.2,13,1,4017.5,20,2,4017.7,1,1,4017.8,36,2
11483,2026-07-02 14:13:25+05:30,4016.7,1,4035.47,1614913,178256.0,181150.0,4100.0,4110.0,4012.0,4092.6,25567850,4501.8,3683.4,4440.0,3288.1,4016.7,11,3,4016.6,7,1,4016.5,8,1,4016.4,29,3,4016.3,32,4,4017.0,36,1,4017.2,13,1,4017.5,20,2,4017.7,1,1,4017.8,36,2
11483,2026-07-02 14:13:25+05:30,4016.7,1,4035.47,1614914,178262.0,181348.0,4100.0,4110.0,4012.0,4092.6,25567850,4501.8,3683.4,4440.0,3288.1,4016.8,8,1,4016.7,10,2,4016.6,7,1,4016.5,8,1,4016.4,29,3,4017.0,36,1,4017.2,13,1,4017.5,20,2,4017.7,1,1,4017.8,22,1
11483,2026-07-02 14:13:25+05:30,4016.7,1,4035.47,1614914,178262.0,181348.0,4100.0,4110.0,4012.0,4092.6,25567850,4501.8,3683.4,4440.0,3288.1,4016.8,8,1,4016.7,10,2,4016.6,7,1,4016.5,8,1,4016.4,29,3,4017.0,36,1,4017.2,13,1,4017.5,20,2,4017.7,1,1,4017.8,22,1
11483,2026-07-02 14:13:26+05:30,4016.7,1,4035.47,1614914,178262.0,181348.0,4100.0,4110.0,4012.0,4092.6,25567850,4501.8,3683.4,4440.0,3288.1,4016.8,8,1,4016.7,10,2,4016.6,7,1,4016.5,8,1,4016.4,29,3,4017.0,36,1,4017.2,13,1,4017.5,20,2,4017.7,1,1,4017.8,22,1
11483,2026-07-02 14:13:26+05:30,4017.0,7,4035.47,1614921,178284.0,181364.0,4100.0,4110.0,4012.0,4092.6,25567850,4501.8,3683.4,4440.0,3288.1,4016.8,8,1,4016.7,22,2,4016.6,7,1,4016.4,39,4,4016.3,3,2,4017.0,39,2,4017.2,13,1,4017.5,20,2,4017.7,1,1,4017.8,22,1
11483,2026-07-02 14:13:26+05:30,4017.0,7,4035.47,1614921,178284.0,181364.0,4100.0,4110.0,4012.0,4092.6,25567850,4501.8,3683.4,4440.0,3288.1,4016.8,8,1,4016.7,22,2,4016.6,7,1,4016.4,39,4,4016.3,3,2,4017.0,39,2,4017.2,13,1,4017.5,20,2,4017.7,1,1,4017.8,22,1
11483,2026-07-02 14:13:26+05:30,4017.0,3,4035.47,1614921,178284.0,181364.0,4100.0,4110.0,4012.0,4092.6,25567850,4501.8,3683.4,4440.0,3288.1,4016.8,8,1,4016.7,22,2,4016.6,7,1,4016.4,39,4,4016.3,3,2,4017.0,39,2,4017.2,13,1,4017.5,20,2,4017.7,1,1,4017.8,22,1
11483,2026-07-02 14:13:27+05:30,4017.0,3,4035.47,1614921,178284.0,181364.0,4100.0,4110.0,4012.0,4092.6,25567850,4501.8,3683.4,4440.0,3288.1,4016.8,8,1,4016.7,22,2,4016.6,7,1,4016.4,39,4,4016.3,3,2,4017.0,39,2,4017.2,13,1,4017.5,20,2,4017.7,1,1,4017.8,22,1
11483,2026-07-02 14:13:27+05:30,4017.0,1,4035.47,1615020,178518.0,180998.0,4100.0,4110.0,4012.0,4092.6,25567850,4501.8,3683.4,4440.0,3288.1,4016.9,68,4,4016.8,47,3,4016.7,42,1,4016.6,7,1,4016.5,42,1,4017.0,23,1,4017.2,13,1,4017.5,20,2,4017.8,22,1,4017.9,67,1
11483,2026-07-02 14:13:27+05:30,4017.0,7,4035.47,1615020,178518.0,180998.0,4100.0,4110.0,4012.0,4092.6,25567850,4501.8,3683.4,4440.0,3288.1,4016.9,68,4,4016.8,47,3,4016.7,42,1,4016.6,7,1,4016.5,42,1,4017.0,23,1,4017.2,13,1,4017.5,20,2,4017.8,22,1,4017.9,67,1
11483,2026-07-02 14:13:27+05:30,4017.0,7,4035.47,1615020,178518.0,180998.0,4100.0,4110.0,4012.0,4092.6,25567850,4501.8,3683.4,4440.0,3288.1,4016.9,68,4,4016.8,47,3,4016.7,42,1,4016.6,7,1,4016.5,42,1,4017.0,23,1,4017.2,13,1,4017.5,20,2,4017.8,22,1,4017.9,67,1
11483,2026-07-02 14:13:28+05:30,4017.0,7,4035.47,1615020,178518.0,180998.0,4100.0,4110.0,4012.0,4092.6,25567850,4501.8,3683.4,4440.0,3288.1,4016.9,68,4,4016.8,47,3,4016.7,42,1,4016.6,7,1,4016.5,42,1,4017.0,23,1,4017.2,13,1,4017.5,20,2,4017.8,22,1,4017.9,67,1
11483,2026-07-02 14:13:28+05:30,4016.9,1,4035.47,1615301,178600.0,181038.0,4100.0,4110.0,4012.0,4092.6,25567850,4501.8,3683.4,4440.0,3288.1,4016.8,42,1,4016.7,72,3,4016.6,7,1,4016.5,42,1,4016.4,39,4,4016.9,11,1,4017.0,34,1,4017.5,20,2,4017.8,22,1,4017.9,67,1
11483,2026-07-02 14:13:28+05:30,4016.9,1,4035.47,1615301,178600.0,181038.0,4100.0,4110.0,4012.0,4092.6,25567850,4501.8,3683.4,4440.0,3288.1,4016.8,42,1,4016.7,72,3,4016.6,7,1,4016.5,42,1,4016.4,39,4,4016.9,11,1,4017.0,34,1,4017.5,20,2,4017.8,22,1,4017.9,67,1
11483,2026-07-02 14:13:28+05:30,4017.0,3,4035.47,1615301,178600.0,181038.0,4100.0,4110.0,4012.0,4092.6,25567850,4501.8,3683.4,4440.0,3288.1,4016.8,42,1,4016.7,72,3,4016.6,7,1,4016.5,42,1,4016.4,39,4,4016.9,11,1,4017.0,34,1,4017.5,20,2,4017.8,22,1,4017.9,67,1
11483,2026-07-02 14:13:28+05:30,4017.0,3,4035.47,1615301,178600.0,181038.0,4100.0,4110.0,4012.0,4092.6,25588500,4501.8,3683.4,4440.0,3288.1,4016.8,42,1,4016.7,72,3,4016.6,7,1,4016.5,42,1,4016.4,39,4,4016.9,11,1,4017.0,34,1,4017.5,20,2,4017.8,22,1,4017.9,67,1
11483,2026-07-02 14:13:29+05:30,4017.0,3,4035.47,1615301,178600.0,181038.0,4100.0,4110.0,4012.0,4092.6,25588500,4501.8,3683.4,4440.0,3288.1,4016.8,42,1,4016.7,72,3,4016.6,7,1,4016.5,42,1,4016.4,39,4,4016.9,11,1,4017.0,34,1,4017.5,20,2,4017.8,22,1,4017.9,67,1
11483,2026-07-02 14:13:29+05:30,4017.0,3,4035.47,1615344,178612.0,181032.0,4100.0,4110.0,4012.0,4092.6,25588500,4501.8,3683.4,4440.0,3288.1,4016.9,39,1,4016.8,11,2,4016.7,31,3,4016.6,49,2,4016.4,81,5,4017.0,31,1,4017.2,11,1,4017.5,20,2,4017.8,37,2,4017.9,67,1
11483,2026-07-02 14:13:29+05:30,4017.0,3,4035.47,1615344,178612.0,181032.0,4100.0,4110.0,4012.0,4092.6,25588500,4501.8,3683.4,4440.0,3288.1,4016.9,39,1,4016.8,11,2,4016.7,31,3,4016.6,49,2,4016.4,81,5,4017.0,31,1,4017.2,11,1,4017.5,20,2,4017.8,37,2,4017.9,67,1
11483,2026-07-02 14:13:29+05:30,4017.2,16,4035.47,1615344,178612.0,181032.0,4100.0,4110.0,4012.0,4092.6,25588500,4501.8,3683.4,4440.0,3288.1,4016.9,39,1,4016.8,11,2,4016.7,31,3,4016.6,49,2,4016.4,81,5,4017.0,31,1,4017.2,11,1,4017.5,20,2,4017.8,37,2,4017.9,67,1
11483,2026-07-02 14:13:29+05:30,4017.2,16,4035.47,1615344,178612.0,181032.0,4100.0,4110.0,4012.0,4092.6,25588500,4501.8,3683.4,4440.0,3288.1,4016.9,39,1,4016.8,11,2,4016.7,31,3,4016.6,49,2,4016.4,81,5,4017.0,31,1,4017.2,11,1,4017.5,20,2,4017.8,37,2,4017.9,67,1
11483,2026-07-02 14:13:30+05:30,4017.2,16,4035.47,1615344,178612.0,181032.0,4100.0,4110.0,4012.0,4092.6,25588500,4501.8,3683.4,4440.0,3288.1,4016.9,39,1,4016.8,11,2,4016.7,31,3,4016.6,49,2,4016.4,81,5,4017.0,31,1,4017.2,11,1,4017.5,20,2,4017.8,37,2,4017.9,67,1
11483,2026-07-02 14:13:30+05:30,4017.2,16,4035.47,1615396,178715.0,181254.0,4100.0,4110.0,4012.0,4092.6,25588500,4501.8,3683.4,4440.0,3288.1,4016.9,76,2,4016.8,9,1,4016.7,56,3,4016.5,42,1,4016.4,39,4,4017.0,39,1,4017.2,11,1,4017.5,20,2,4017.8,22,1,4017.9,67,1
11483,2026-07-02 14:13:30+05:30,4017.2,16,4035.47,1615396,178715.0,181254.0,4100.0,4110.0,4012.0,4092.6,25588500,4501.8,3683.4,4440.0,3288.1,4016.9,76,2,4016.8,9,1,4016.7,56,3,4016.5,42,1,4016.4,39,4,4017.0,39,1,4017.2,11,1,4017.5,20,2,4017.8,22,1,4017.9,67,1
11483,2026-07-02 14:13:30+05:30,4017.0,3,4035.47,1615396,178715.0,181254.0,4100.0,4110.0,4012.0,4092.6,25588500,4501.8,3683.4,4440.0,3288.1,4016.9,76,2,4016.8,9,1,4016.7,56,3,4016.5,42,1,4016.4,39,4,4017.0,39,1,4017.2,11,1,4017.5,20,2,4017.8,22,1,4017.9,67,1
11483,2026-07-02 14:13:30+05:30,4017.0,3,4035.47,1615396,178715.0,181254.0,4100.0,4110.0,4012.0,4092.6,25588500,4501.8,3683.4,4440.0,3288.1,4016.9,76,2,4016.8,9,1,4016.7,56,3,4016.5,42,1,4016.4,39,4,4017.0,39,1,4017.2,11,1,4017.5,20,2,4017.8,22,1,4017.9,67,1
11483,2026-07-02 14:13:31+05:30,4017.0,3,4035.47,1615409,178718.0,181306.0,4100.0,4110.0,4012.0,4092.6,25588500,4501.8,3683.4,4440.0,3288.1,4016.9,69,2,4016.8,9,1,4016.7,56,3,4016.5,42,1,4016.4,39,4,4017.0,43,2,4017.2,11,1,4017.5,20,2,4017.8,22,1,4017.9,67,1
11483,2026-07-02 14:13:31+05:30,4016.9,1,4035.47,1615409,178718.0,181306.0,4100.0,4110.0,4012.0,4092.6,25588500,4501.8,3683.4,4440.0,3288.1,4016.9,69,2,4016.8,9,1,4016.7,56,3,4016.5,42,1,4016.4,39,4,4017.0,43,2,4017.2,11,1,4017.5,20,2,4017.8,22,1,4017.9,67,1
11483,2026-07-02 14:13:32+05:30,4017.0,10,4035.47,1615472,178688.0,181522.0,4100.0,4110.0,4012.0,4092.6,25588500,4501.8,3683.4,4440.0,3288.1,4016.9,68,2,4016.8,9,1,4016.7,56,3,4016.5,42,1,4016.4,14,2,4017.0,30,2,4017.2,2,1,4017.5,20,2,4017.8,22,1,4017.9,67,1
11483,2026-07-02 14:13:32+05:30,4016.9,6,4035.47,1615472,178688.0,181522.0,4100.0,4110.0,4012.0,4092.6,25588500,4501.8,3683.4,4440.0,3288.1,4016.9,68,2,4016.8,9,1,4016.7,56,3,4016.5,42,1,4016.4,14,2,4017.0,30,2,4017.2,2,1,4017.5,20,2,4017.8,22,1,4017.9,67,1
11483,2026-07-02 14:13:33+05:30,4017.0,2,4035.47,1615489,178795.0,181544.0,4100.0,4110.0,4012.0,4092.6,25588500,4501.8,3683.4,4440.0,3288.1,4016.9,54,2,4016.8,9,1,4016.7,58,4,4016.5,72,2,4016.4,14,2,4017.0,27,2,4017.2,2,1,4017.5,20,2,4017.8,22,1,4017.9,67,1
11483,2026-07-02 14:13:33+05:30,4017.0,9,4035.47,1615489,178795.0,181544.0,4100.0,4110.0,4012.0,4092.6,25588500,4501.8,3683.4,4440.0,3288.1,4016.9,54,2,4016.8,9,1,4016.7,58,4,4016.5,72,2,4016.4,14,2,4017.0,27,2,4017.2,2,1,4017.5,20,2,4017.8,22,1,4017.9,67,1
11483,2026-07-02 14:13:34+05:30,4016.9,7,4035.45,1616723,178627.0,180168.0,4100.0,4110.0,4012.0,4092.6,25588500,4501.8,3683.4,4440.0,3288.1,4016.9,82,7,4016.8,9,1,4016.7,45,3,4016.6,40,3,4016.5,127,5,4017.0,87,1,4018.0,59,2,4018.5,3,1,4018.6,62,1,4018.8,13,2
11483,2026-07-02 14:13:34+05:30,4016.9,9,4035.45,1616723,178627.0,180168.0,4100.0,4110.0,4012.0,4092.6,25588500,4501.8,3683.4,4440.0,3288.1,4016.9,82,7,4016.8,9,1,4016.7,45,3,4016.6,40,3,4016.5,127,5,4017.0,87,1,4018.0,59,2,4018.5,3,1,4018.6,62,1,4018.8,13,2
11483,2026-07-02 14:13:35+05:30,4016.9,9,4035.45,1616814,178576.0,180546.0,4100.0,4110.0,4012.0,4092.6,25588500,4501.8,3683.4,4440.0,3288.1,4016.7,28,4,4016.6,4,1,4016.5,46,2,4016.4,39,4,4016.3,53,2,4016.9,6,1,4017.0,87,1,4018.0,59,2,4018.5,29,2,4018.6,62,1
11483,2026-07-02 14:13:35+05:30,4016.7,8,4035.45,1616814,178576.0,180546.0,4100.0,4110.0,4012.0,4092.6,25588500,4501.8,3683.4,4440.0,3288.1,4016.7,28,4,4016.6,4,1,4016.5,46,2,4016.4,39,4,4016.3,53,2,4016.9,6,1,4017.0,87,1,4018.0,59,2,4018.5,29,2,4018.6,62,1
11483,2026-07-02 14:13:36+05:30,4016.7,8,4035.45,1616825,178499.0,180413.0,4100.0,4110.0,4012.0,4092.6,25588500,4501.8,3683.4,4440.0,3288.1,4016.5,46,3,4016.4,17,2,4016.3,12,2,4016.2,208,8,4016.1,237,14,4016.9,8,2,4017.0,87,1,4018.0,59,2,4018.5,36,3,4018.6,62,1
11483,2026-07-02 14:13:36+05:30,4016.5,1,4035.45,1616825,178499.0,180413.0,4100.0,4110.0,4012.0,4092.6,25588500,4501.8,3683.4,4440.0,3288.1,4016.5,46,3,4016.4,17,2,4016.3,12,2,4016.2,208,8,4016.1,237,14,4016.9,8,2,4017.0,87,1,4018.0,59,2,4018.5,36,3,4018.6,62,1
11483,2026-07-02 14:13:37+05:30,4017.0,8,4035.45,1617187,178297.0,180456.0,4100.0,4110.0,4012.0,4092.6,25588500,4501.8,3683.4,4440.0,3288.1,4016.9,33,4,4016.8,7,1,4016.7,9,3,4016.6,3,1,4016.5,74,3,4017.0,73,1,4017.2,42,1,4018.0,59,2,4018.5,7,1,4018.6,62,1
11483,2026-07-02 14:13:37+05:30,4017.0,43,4035.45,1617187,178297.0,180456.0,4100.0,4110.0,4012.0,4092.6,25588500,4501.8,3683.4,4440.0,3288.1,4016.9,33,4,4016.8,7,1,4016.7,9,3,4016.6,3,1,4016.5,74,3,4017.0,73,1,4017.2,42,1,4018.0,59,2,4018.5,7,1,4018.6,62,1
11483,2026-07-02 14:13:38+05:30,4017.0,43,4035.45,1617274,177459.0,180442.0,4100.0,4110.0,4012.0,4092.6,25588500,4501.8,3683.4,4440.0,3288.1,4016.8,7,1,4016.7,28,5,4016.5,74,3,4016.4,37,4,4016.3,41,4,4016.9,40,2,4017.0,30,1,4017.4,42,1,4018.0,59,2,4018.5,33,2
11483,2026-07-02 14:13:38+05:30,4016.8,7,4035.45,1617274,177459.0,180442.0,4100.0,4110.0,4012.0,4092.6,25588500,4501.8,3683.4,4440.0,3288.1,4016.8,7,1,4016.7,28,5,4016.5,74,3,4016.4,37,4,4016.3,41,4,4016.9,40,2,4017.0,30,1,4017.4,42,1,4018.0,59,2,4018.5,33,2
11483,2026-07-02 14:13:39+05:30,4016.8,2,4035.45,1617283,177346.0,179944.0,4100.0,4110.0,4012.0,4092.6,25588500,4501.8,3683.4,4440.0,3288.1,4016.7,16,4,4016.5,29,1,4016.4,17,2,4016.3,8,2,4016.2,177,6,4016.8,2,1,4016.9,40,2,4017.0,72,2,4017.1,42,1,4017.2,42,1
11483,2026-07-02 14:13:39+05:30,4016.9,9,4035.45,1617283,177346.0,179944.0,4100.0,4110.0,4012.0,4092.6,25588500,4501.8,3683.4,4440.0,3288.1,4016.7,16,4,4016.5,29,1,4016.4,17,2,4016.3,8,2,4016.2,177,6,4016.8,2,1,4016.9,40,2,4017.0,72,2,4017.1,42,1,4017.2,42,1
11483,2026-07-02 14:13:40+05:30,4016.9,1,4035.45,1617296,177239.0,180616.0,4100.0,4110.0,4012.0,4092.6,25588500,4501.8,3683.4,4440.0,3288.1,4016.7,15,4,4016.5,29,1,4016.4,10,1,4016.3,8,2,4016.2,160,4,4016.9,73,4,4017.0,72,2,4017.1,42,1,4017.3,42,1,4017.8,15,1
11483,2026-07-02 14:13:40+05:30,4016.7,1,4035.45,1617296,177239.0,180616.0,4100.0,4110.0,4012.0,4092.6,25588500,4501.8,3683.4,4440.0,3288.1,4016.7,15,4,4016.5,29,1,4016.4,10,1,4016.3,8,2,4016.2,160,4,4016.9,73,4,4017.0,72,2,4017.1,42,1,4017.3,42,1,4017.8,15,1
11483,2026-07-02 14:13:41+05:30,4016.7,1,4035.45,1617297,177238.0,180616.0,4100.0,4110.0,4012.0,4092.6,25588500,4501.8,3683.4,4440.0,3288.1,4016.7,14,4,4016.5,29,1,4016.4,10,1,4016.3,8,2,4016.2,160,4,4016.9,73,4,4017.0,72,2,4017.1,42,1,4017.3,42,1,4017.8,15,1
11483,2026-07-02 14:13:42+05:30,4016.9,1,4035.45,1617298,177447.0,180637.0,4100.0,4110.0,4012.0,4092.6,25588500,4501.8,3683.4,4440.0,3288.1,4016.8,2,1,4016.7,11,2,4016.5,29,1,4016.4,32,3,4016.3,8,2,4016.9,72,4,4017.0,72,2,4017.1,42,1,4017.3,42,1,4017.8,15,1
11483,2026-07-02 14:13:42+05:30,4016.9,1,4035.45,1617298,177447.0,180637.0,4100.0,4110.0,4012.0,4092.6,25588500,4501.8,3683.4,4440.0,3288.1,4016.8,2,1,4016.7,11,2,4016.5,29,1,4016.4,32,3,4016.3,8,2,4016.9,72,4,4017.0,72,2,4017.1,42,1,4017.3,42,1,4017.8,15,1
11483,2026-07-02 14:13:43+05:30,4016.9,1,4035.45,1617298,177447.0,180639.0,4100.0,4110.0,4012.0,4092.6,25588500,4501.8,3683.4,4440.0,3288.1,4016.8,2,1,4016.7,11,2,4016.5,29,1,4016.4,32,3,4016.3,8,2,4016.9,30,3,4017.0,72,2,4017.1,42,1,4017.2,42,1,4017.4,42,1
11483,2026-07-02 14:13:43+05:30,4016.9,1,4035.45,1617298,177447.0,180639.0,4100.0,4110.0,4012.0,4092.6,25588500,4501.8,3683.4,4440.0,3288.1,4016.8,2,1,4016.7,11,2,4016.5,29,1,4016.4,32,3,4016.3,8,2,4016.9,30,3,4017.0,72,2,4017.1,42,1,4017.2,42,1,4017.4,42,1
11483,2026-07-02 14:13:44+05:30,4016.9,1,4035.45,1617299,177445.0,180702.0,4100.0,4110.0,4012.0,4092.6,25588500,4501.8,3683.4,4440.0,3288.1,4016.8,2,1,4016.7,27,3,4016.6,3,1,4016.5,29,1,4016.4,32,3,4016.9,31,4,4017.0,72,2,4017.1,42,1,4017.2,42,1,4017.4,42,1
11483,2026-07-02 14:13:44+05:30,4016.8,1,4035.45,1617299,177445.0,180702.0,4100.0,4110.0,4012.0,4092.6,25588500,4501.8,3683.4,4440.0,3288.1,4016.8,2,1,4016.7,27,3,4016.6,3,1,4016.5,29,1,4016.4,32,3,4016.9,31,4,4017.0,72,2,4017.1,42,1,4017.2,42,1,4017.4,42,1
11483,2026-07-02 14:13:45+05:30,4016.8,1,4035.45,1617300,177323.0,180705.0,4100.0,4110.0,4012.0,4092.6,25588500,4501.8,3683.4,4440.0,3288.1,4016.8,1,1,4016.7,27,3,4016.5,29,1,4016.4,26,2,4016.3,8,2,4016.9,31,4,4017.0,72,2,4017.1,42,1,4017.2,42,1,4017.4,42,1
11483,2026-07-02 14:13:45+05:30,4016.9,3,4035.45,1617300,177323.0,180705.0,4100.0,4110.0,4012.0,4092.6,25588500,4501.8,3683.4,4440.0,3288.1,4016.8,1,1,4016.7,27,3,4016.5,29,1,4016.4,26,2,4016.3,8,2,4016.9,31,4,4017.0,72,2,4017.1,42,1,4017.2,42,1,4017.4,42,1
11483,2026-07-02 14:13:46+05:30,4016.9,1,4035.45,1617358,177255.0,180753.0,4100.0,4110.0,4012.0,4092.6,25588500,4501.8,3683.4,4440.0,3288.1,4016.5,2,1,4016.4,36,3,4016.2,138,2,4016.1,174,12,4016.0,1146,69,4016.9,24,3,4017.0,72,2,4017.1,42,1,4017.2,42,1,4017.4,42,1
11483,2026-07-02 14:13:46+05:30,4016.9,7,4035.45,1617358,177255.0,180753.0,4100.0,4110.0,4012.0,4092.6,25588500,4501.8,3683.4,4440.0,3288.1,4016.5,2,1,4016.4,36,3,4016.2,138,2,4016.1,174,12,4016.0,1146,69,4016.9,24,3,4017.0,72,2,4017.1,42,1,4017.2,42,1,4017.4,42,1
11483,2026-07-02 14:13:47+05:30,4016.5,1,4035.45,1617373,177483.0,180249.0,4100.0,4110.0,4012.0,4092.6,25588500,4501.8,3683.4,4440.0,3288.1,4016.6,1,1,4016.4,49,5,4016.2,143,3,4016.1,522,16,4016.0,1151,70,4016.8,42,1,4016.9,59,4,4017.0,72,2,4017.2,42,1,4018.0,85,3
11483,2026-07-02 14:13:47+05:30,4016.6,1,4035.45,1617373,177483.0,180249.0,4100.0,4110.0,4012.0,4092.6,25588500,4501.8,3683.4,4440.0,3288.1,4016.6,1,1,4016.4,49,5,4016.2,143,3,4016.1,522,16,4016.0,1151,70,4016.8,42,1,4016.9,59,4,4017.0,72,2,4017.2,42,1,4018.0,85,3
11483,2026-07-02 14:13:48+05:30,4016.6,1,4035.45,1617374,177464.0,179862.0,4100.0,4110.0,4012.0,4092.6,25588500,4501.8,3683.4,4440.0,3288.1,4016.4,49,5,4016.2,143,3,4016.1,503,15,4016.0,1151,70,4015.9,86,6,4016.6,43,2,4016.7,42,1,4016.8,44,2,4016.9,15,2,4017.0,72,2
11483,2026-07-02 14:13:49+05:30,4016.6,1,4035.45,1617374,177582.0,180406.0,4100.0,4110.0,4012.0,4092.6,25588500,4501.8,3683.4,4440.0,3288.1,4016.5,100,1,4016.4,43,4,4016.3,3,1,4016.2,143,3,4016.1,503,15,4016.6,43,2,4016.7,42,1,4016.8,44,2,4016.9,15,2,4017.0,72,2
11483,2026-07-02 14:13:49+05:30,4016.5,1,4035.45,1617374,177582.0,180406.0,4100.0,4110.0,4012.0,4092.6,25588500,4501.8,3683.4,4440.0,3288.1,4016.5,100,1,4016.4,43,4,4016.3,3,1,4016.2,143,3,4016.1,503,15,4016.6,43,2,4016.7,42,1,4016.8,44,2,4016.9,15,2,4017.0,72,2
11483,2026-07-02 14:13:50+05:30,4016.5,1,4035.45,1617375,177689.0,180608.0,4100.0,4110.0,4012.0,4092.6,25588500,4501.8,3683.4,4440.0,3288.1,4016.5,281,3,4016.4,36,3,4016.2,143,3,4016.1,499,14,4016.0,1152,71,4016.6,3,2,4016.7,42,1,4016.8,42,1,4016.9,57,3,4017.0,30,1
11483,2026-07-02 14:13:50+05:30,4016.6,1,4035.45,1617375,177689.0,180608.0,4100.0,4110.0,4012.0,4092.6,25588500,4501.8,3683.4,4440.0,3288.1,4016.5,281,3,4016.4,36,3,4016.2,143,3,4016.1,499,14,4016.0,1152,71,4016.6,3,2,4016.7,42,1,4016.8,42,1,4016.9,57,3,4017.0,30,1
11483,2026-07-02 14:13:51+05:30,4016.6,1,4035.45,1617376,177692.0,180644.0,4100.0,4110.0,4012.0,4092.6,25588500,4501.8,3683.4,4440.0,3288.1,4016.5,284,4,4016.4,36,3,4016.2,143,3,4016.1,499,14,4016.0,1152,71,4016.6,2,1,4016.7,42,1,4016.8,42,1,4016.9,57,3,4017.0,30,1
11483,2026-07-02 14:13:52+05:30,4016.6,1,4035.45,1617376,177635.0,179858.0,4100.0,4110.0,4012.0,4092.6,25588500,4501.8,3683.4,4440.0,3288.1,4016.5,290,5,4016.4,20,2,4016.2,147,4,4016.1,499,14,4016.0,1152,71,4016.6,2,1,4016.7,42,1,4016.8,42,1,4016.9,57,3,4017.0,80,2
11483,2026-07-02 14:13:52+05:30,4016.7,8,4035.45,1617376,177635.0,179858.0,4100.0,4110.0,4012.0,4092.6,25588500,4501.8,3683.4,4440.0,3288.1,4016.5,290,5,4016.4,20,2,4016.2,147,4,4016.1,499,14,4016.0,1152,71,4016.6,2,1,4016.7,42,1,4016.8,42,1,4016.9,57,3,4017.0,80,2
11483,2026-07-02 14:13:53+05:30,4016.7,8,4035.45,1617386,177670.0,179997.0,4100.0,4110.0,4012.0,4092.6,25588500,4501.8,3683.4,4440.0,3288.1,4016.5,282,4,4016.4,20,2,4016.2,143,3,4016.1,499,14,4016.0,1152,71,4016.6,1,1,4016.7,34,1,4016.8,54,2,4016.9,57,3,4017.0,80,2
11483,2026-07-02 14:13:53+05:30,4016.5,74,4035.45,1617386,177670.0,179997.0,4100.0,4110.0,4012.0,4092.6,25588500,4501.8,3683.4,4440.0,3288.1,4016.5,282,4,4016.4,20,2,4016.2,143,3,4016.1,499,14,4016.0,1152,71,4016.6,1,1,4016.7,34,1,4016.8,54,2,4016.9,57,3,4017.0,80,2
11483,2026-07-02 14:13:54+05:30,4016.8,40,4035.45,1617503,177777.0,180299.0,4100.0,4110.0,4012.0,4092.6,25588500,4501.8,3683.4,4440.0,3288.1,4016.6,5,1,4016.5,207,4,4016.4,20,2,4016.2,143,3,4016.1,499,14,4016.8,12,1,4016.9,1,1,4017.0,80,2,4017.6,17,1,4017.8,19,1
11483,2026-07-02 14:13:54+05:30,4016.6,9,4035.45,1617503,177777.0,180299.0,4100.0,4110.0,4012.0,4092.6,25588500,4501.8,3683.4,4440.0,3288.1,4016.6,5,1,4016.5,207,4,4016.4,20,2,4016.2,143,3,4016.1,499,14,4016.8,12,1,4016.9,1,1,4017.0,80,2,4017.6,17,1,4017.8,19,1
11483,2026-07-02 14:13:55+05:30,4016.6,9,4035.45,1617517,177913.0,180576.0,4100.0,4110.0,4012.0,4092.6,25588500,4501.8,3683.4,4440.0,3288.1,4016.6,91,1,4016.5,207,4,4016.4,36,3,4016.2,143,3,4016.1,499,14,4016.8,12,1,4016.9,1,1,4017.0,80,2,4017.6,17,1,4017.8,19,1
11483,2026-07-02 14:13:55+05:30,4016.6,2,4035.45,1617517,177913.0,180576.0,4100.0,4110.0,4012.0,4092.6,25588500,4501.8,3683.4,4440.0,3288.1,4016.6,91,1,4016.5,207,4,4016.4,36,3,4016.2,143,3,4016.1,499,14,4016.8,12,1,4016.9,1,1,4017.0,80,2,4017.6,17,1,4017.8,19,1
11483,2026-07-02 14:13:56+05:30,4016.6,2,4035.45,1617519,177833.0,180706.0,4100.0,4110.0,4012.0,4092.6,25588500,4501.8,3683.4,4440.0,3288.1,4016.7,9,2,4016.6,92,3,4016.5,207,4,4016.4,20,2,4016.3,6,1,4016.8,12,1,4016.9,1,1,4017.0,80,2,4017.5,1,1,4017.6,17,1
11483,2026-07-02 14:13:56+05:30,4016.7,2,4035.45,1617519,177833.0,180706.0,4100.0,4110.0,4012.0,4092.6,25588500,4501.8,3683.4,4440.0,3288.1,4016.7,9,2,4016.6,92,3,4016.5,207,4,4016.4,20,2,4016.3,6,1,4016.8,12,1,4016.9,1,1,4017.0,80,2,4017.5,1,1,4017.6,17,1
11483,2026-07-02 14:13:57+05:30,4017.0,22,4035.44,1617789,178146.0,180701.0,4100.0,4110.0,4012.0,4092.6,25588500,4501.8,3683.4,4440.0,3288.1,4016.7,1,1,4016.6,301,3,4016.5,207,4,4016.4,44,3,4016.2,155,4,4017.0,58,2,4017.5,1,1,4017.9,2,1,4018.0,89,3,4018.1,2,1
11483,2026-07-02 14:13:57+05:30,4017.4,12,4035.44,1617789,178146.0,180701.0,4100.0,4110.0,4012.0,4092.6,25588500,4501.8,3683.4,4440.0,3288.1,4016.7,1,1,4016.6,301,3,4016.5,207,4,4016.4,44,3,4016.2,155,4,4017.0,58,2,4017.5,1,1,4017.9,2,1,4018.0,89,3,4018.1,2,1
11483,2026-07-02 14:13:57+05:30,4016.7,1,4035.44,1617946,177427.0,180162.0,4100.0,4110.0,4012.0,4092.6,25588500,4501.8,3683.4,4440.0,3288.1,4016.6,501,4,4016.5,212,5,4016.4,25,3,4016.3,4,1,4016.2,147,3,4017.0,93,1,4017.5,1,1,4017.9,4,1,4018.0,127,5,4018.2,23,1
11483,2026-07-02 14:13:58+05:30,4017.0,7,4035.44,1617946,177427.0,180162.0,4100.0,4110.0,4012.0,4092.6,25588500,4501.8,3683.4,4440.0,3288.1,4016.6,501,4,4016.5,212,5,4016.4,25,3,4016.3,4,1,4016.2,147,3,4017.0,93,1,4017.5,1,1,4017.9,4,1,4018.0,127,5,4018.2,23,1
11483,2026-07-02 14:13:58+05:30,4017.0,7,4035.44,1617995,177930.0,180331.0,4100.0,4110.0,4012.0,4092.6,25588500,4501.8,3683.4,4440.0,3288.1,4016.6,466,4,4016.5,212,5,4016.4,25,3,4016.2,147,3,4016.1,441,13,4017.0,86,1,4017.5,1,1,4017.9,4,1,4018.0,109,4,4018.1,2,1
11483,2026-07-02 14:13:59+05:30,4017.0,1,4035.44,1617995,177930.0,180331.0,4100.0,4110.0,4012.0,4092.6,25588500,4501.8,3683.4,4440.0,3288.1,4016.6,466,4,4016.5,212,5,4016.4,25,3,4016.2,147,3,4016.1,441,13,4017.0,86,1,4017.5,1,1,4017.9,4,1,4018.0,109,4,4018.1,2,1
11483,2026-07-02 14:13:59+05:30,4017.0,1,4035.44,1618002,178115.0,180340.0,4100.0,4110.0,4012.0,4092.6,25588500,4501.8,3683.4,4440.0,3288.1,4016.6,460,4,4016.5,312,6,4016.4,25,3,4016.2,159,4,4016.1,441,13,4017.0,85,1,4017.5,1,1,4017.9,4,1,4018.0,109,4,4018.1,2,1
11483,2026-07-02 14:14:00+05:30,4017.0,3,4035.44,1618002,178115.0,180340.0,4100.0,4110.0,4012.0,4092.6,25588500,4501.8,3683.4,4440.0,3288.1,4016.6,460,4,4016.5,312,6,4016.4,25,3,4016.2,159,4,4016.1,441,13,4017.0,85,1,4017.5,1,1,4017.9,4,1,4018.0,109,4,4018.1,2,1
11483,2026-07-02 14:14:00+05:30,4017.0,3,4035.44,1618009,178110.0,180353.0,4100.0,4110.0,4012.0,4092.6,25588500,4501.8,3683.4,4440.0,3288.1,4016.6,452,3,4016.5,318,7,4016.4,25,3,4016.2,159,4,4016.1,441,13,4017.0,81,2,4017.5,1,1,4017.9,4,1,4018.0,109,4,4018.1,2,1
11483,2026-07-02 14:14:01+05:30,4016.6,1,4035.44,1618092,178419.0,180274.0,4100.0,4110.0,4012.0,4092.6,25588500,4501.8,3683.4,4440.0,3288.1,4016.6,443,2,4016.5,329,7,4016.4,25,3,4016.2,150,3,4016.1,447,14,4017.0,93,1,4017.5,1,1,4018.0,109,4,4018.4,6,2,4018.5,36,3
11483,2026-07-02 14:14:01+05:30,4016.6,10,4035.44,1618092,178419.0,180274.0,4100.0,4110.0,4012.0,4092.6,25588500,4501.8,3683.4,4440.0,3288.1,4016.6,443,2,4016.5,329,7,4016.4,25,3,4016.2,150,3,4016.1,447,14,4017.0,93,1,4017.5,1,1,4018.0,109,4,4018.4,6,2,4018.5,36,3
11483,2026-07-02 14:14:02+05:30,4017.0,44,4035.44,1618092,178419.0,180274.0,4100.0,4110.0,4012.0,4092.6,25588500,4501.8,3683.4,4440.0,3288.1,4016.6,443,2,4016.5,329,7,4016.4,25,3,4016.2,150,3,4016.1,447,14,4017.0,93,1,4017.5,1,1,4018.0,109,4,4018.4,6,2,4018.5,36,3
11483,2026-07-02 14:14:02+05:30,4017.0,44,4035.44,1618195,177894.0,179683.0,4100.0,4110.0,4012.0,4092.6,25588500,4501.8,3683.4,4440.0,3288.1,4016.6,438,4,4016.5,313,6,4016.4,25,3,4016.2,150,3,4016.1,435,13,4017.0,100,2,4017.5,1,1,4018.0,109,4,4018.5,33,2,4018.6,62,1
11483,2026-07-02 14:14:03+05:30,4016.6,1,4035.44,1618195,177894.0,179683.0,4100.0,4110.0,4012.0,4092.6,25588500,4501.8,3683.4,4440.0,3288.1,4016.6,438,4,4016.5,313,6,4016.4,25,3,4016.2,150,3,4016.1,435,13,4017.0,100,2,4017.5,1,1,4018.0,109,4,4018.5,33,2,4018.6,62,1
11483,2026-07-02 14:14:03+05:30,4017.0,3,4035.44,1618287,178846.0,179980.0,4100.0,4110.0,4012.0,4092.6,25588500,4501.8,3683.4,4440.0,3288.1,4016.7,6,1,4016.6,442,7,4016.5,318,7,4016.4,62,6,4016.2,156,4,4017.0,22,2,4017.5,1,1,4018.0,109,4,4018.4,33,1,4018.5,33,2
11483,2026-07-02 14:14:04+05:30,4016.7,1,4035.44,1618287,178846.0,179980.0,4100.0,4110.0,4012.0,4092.6,25588500,4501.8,3683.4,4440.0,3288.1,4016.7,6,1,4016.6,442,7,4016.5,318,7,4016.4,62,6,4016.2,156,4,4017.0,22,2,4017.5,1,1,4018.0,109,4,4018.4,33,1,4018.5,33,2
11483,2026-07-02 14:14:04+05:30,4017.0,1,4035.43,1618500,178520.0,180667.0,4100.0,4110.0,4012.0,4092.6,25588500,4501.8,3683.4,4440.0,3288.1,4016.8,5,1,4016.7,4,1,4016.6,224,3,4016.5,313,6,4016.4,25,3,4017.0,41,2,4017.5,1,1,4017.9,26,1,4018.0,137,5,4018.4,4,1
11483,2026-07-02 14:14:05+05:30,4016.8,6,4035.43,1618500,178520.0,180667.0,4100.0,4110.0,4012.0,4092.6,25588500,4501.8,3683.4,4440.0,3288.1,4016.8,5,1,4016.7,4,1,4016.6,224,3,4016.5,313,6,4016.4,25,3,4017.0,41,2,4017.5,1,1,4017.9,26,1,4018.0,137,5,4018.4,4,1
11483,2026-07-02 14:14:05+05:30,4016.8,6,4035.43,1618528,178491.0,180787.0,4100.0,4110.0,4012.0,4092.6,25588500,4501.8,3683.4,4440.0,3288.1,4016.7,2,1,4016.6,224,3,4016.5,307,5,4016.4,25,3,4016.2,150,3,4016.8,1,1,4017.0,41,2,4017.5,1,1,4017.9,28,1,4018.0,137,5
11483,2026-07-02 14:14:06+05:30,4017.0,8,4035.43,1618528,178491.0,180787.0,4100.0,4110.0,4012.0,4092.6,25588500,4501.8,3683.4,4440.0,3288.1,4016.7,2,1,4016.6,224,3,4016.5,307,5,4016.4,25,3,4016.2,150,3,4016.8,1,1,4017.0,41,2,4017.5,1,1,4017.9,28,1,4018.0,137,5
11483,2026-07-02 14:14:06+05:30,4017.0,8,4035.43,1618860,177682.0,180910.0,4100.0,4110.0,4012.0,4092.6,25588500,4501.8,3683.4,4440.0,3288.1,4016.8,1,1,4016.7,25,1,4016.6,222,3,4016.5,132,4,4016.4,20,2,4017.0,67,4,4017.2,6,1,4017.3,14,1,4017.4,40,2,4017.5,83,7
11483,2026-07-02 14:14:07+05:30,4016.6,8,4035.43,1618860,177682.0,180910.0,4100.0,4110.0,4012.0,4092.6,25588500,4501.8,3683.4,4440.0,3288.1,4016.8,1,1,4016.7,25,1,4016.6,222,3,4016.5,132,4,4016.4,20,2,4017.0,67,4,4017.2,6,1,4017.3,14,1,4017.4,40,2,4017.5,83,7
11483,2026-07-02 14:14:07+05:30,4016.6,8,4035.43,1618951,177598.0,181960.0,4100.0,4110.0,4012.0,4092.6,25588500,4501.8,3683.4,4440.0,3288.1,4016.6,176,3,4016.5,132,4,4016.4,20,2,4016.2,150,3,4016.1,415,11,4016.8,4,1,4016.9,1,1,4017.0,40,2,4017.2,34,2,4017.3,28,2
11483,2026-07-02 14:14:08+05:30,4016.6,2,4035.43,1618951,177598.0,181960.0,4100.0,4110.0,4012.0,4092.6,25588500,4501.8,3683.4,4440.0,3288.1,4016.6,176,3,4016.5,132,4,4016.4,20,2,4016.2,150,3,4016.1,415,11,4016.8,4,1,4016.9,1,1,4017.0,40,2,4017.2,34,2,4017.3,28,2
11483,2026-07-02 14:14:08+05:30,4016.5,31,4035.43,1619215,177306.0,182097.0,4100.0,4110.0,4012.0,4092.6,25588500,4501.8,3683.4,4440.0,3288.1,4016.5,69,1,4016.4,20,2,4016.2,138,2,4016.1,415,11,4016.0,1021,71,4016.8,4,1,4016.9,1,1,4017.0,40,2,4017.2,25,2,4017.3,37,2
11483,2026-07-02 14:14:09+05:30,4016.5,2,4035.43,1619215,177306.0,182097.0,4100.0,4110.0,4012.0,4092.6,25588500,4501.8,3683.4,4440.0,3288.1,4016.5,69,1,4016.4,20,2,4016.2,138,2,4016.1,415,11,4016.0,1021,71,4016.8,4,1,4016.9,1,1,4017.0,40,2,4017.2,25,2,4017.3,37,2
11483,2026-07-02 14:14:10+05:30,4016.5,2,4035.43,1619251,177330.0,182187.0,4100.0,4110.0,4012.0,4092.6,25588500,4501.8,3683.4,4440.0,3288.1,4016.5,35,1,4016.4,20,2,4016.2,138,2,4016.1,415,11,4016.0,1046,72,4016.8,2,1,4016.9,1,1,4017.0,40,2,4017.1,4,1,4017.2,25,2
11483,2026-07-02 14:14:10+05:30,4016.5,11,4035.43,1619251,177330.0,182187.0,4100.0,4110.0,4012.0,4092.6,25588500,4501.8,3683.4,4440.0,3288.1,4016.5,35,1,4016.4,20,2,4016.2,138,2,4016.1,415,11,4016.0,1046,72,4016.8,2,1,4016.9,1,1,4017.0,40,2,4017.1,4,1,4017.2,25,2
11483,2026-07-02 14:14:11+05:30,4016.5,11,4035.42,1619270,177131.0,182178.0,4100.0,4110.0,4012.0,4092.6,25588500,4501.8,3683.4,4440.0,3288.1,4016.5,17,1,4016.4,20,2,4016.2,138,2,4016.1,240,10,4016.0,1046,72,4016.8,10,3,4016.9,7,2,4017.0,38,1,4017.1,4,1,4017.2,25,2
11483,2026-07-02 14:14:11+05:30,4016.5,2,4035.42,1619274,177127.0,182303.0,4100.0,4110.0,4012.0,4092.6,25588500,4501.8,3683.4,4440.0,3288.1,4016.5,13,1,4016.4,20,2,4016.2,138,2,4016.1,240,10,4016.0,1046,72,4016.8,20,5,4016.9,20,3,4017.0,45,2,4017.1,8,1,4017.2,6,1
11483,2026-07-02 14:14:11+05:30,4016.5,1,4035.42,1619274,177127.0,182303.0,4100.0,4110.0,4012.0,4092.6,25588500,4501.8,3683.4,4440.0,3288.1,4016.5,13,1,4016.4,20,2,4016.2,138,2,4016.1,240,10,4016.0,1046,72,4016.8,20,5,4016.9,20,3,4017.0,45,2,4017.1,8,1,4017.2,6,1
11483,2026-07-02 14:14:12+05:30,4016.5,2,4035.42,1619277,177087.0,181830.0,4100.0,4110.0,4012.0,4092.6,25588500,4501.8,3683.4,4440.0,3288.1,4016.5,10,1,4016.4,20,2,4016.2,138,2,4016.1,245,11,4016.0,1046,72,4016.8,11,4,4016.9,7,2,4017.0,57,2,4017.1,8,1,4017.2,16,2
11483,2026-07-02 14:14:12+05:30,4016.5,2,4035.42,1619277,177087.0,181830.0,4100.0,4110.0,4012.0,4092.6,25588500,4501.8,3683.4,4440.0,3288.1,4016.5,10,1,4016.4,20,2,4016.2,138,2,4016.1,245,11,4016.0,1046,72,4016.8,11,4,4016.9,7,2,4017.0,57,2,4017.1,8,1,4017.2,16,2
11483,2026-07-02 14:14:13+05:30,4016.8,2,4035.42,1619277,177087.0,181830.0,4100.0,4110.0,4012.0,4092.6,25588500,4501.8,3683.4,4440.0,3288.1,4016.5,10,1,4016.4,20,2,4016.2,138,2,4016.1,245,11,4016.0,1046,72,4016.8,11,4,4016.9,7,2,4017.0,57,2,4017.1,8,1,4017.2,16,2
11483,2026-07-02 14:14:14+05:30,4016.8,2,4035.42,1619289,176955.0,181906.0,4100.0,4110.0,4012.0,4092.6,25588500,4501.8,3683.4,4440.0,3288.1,4016.5,17,2,4016.4,20,2,4016.2,138,2,4016.1,90,9,4016.0,1046,72,4016.8,2,1,4016.9,1,1,4017.0,56,2,4017.2,6,1,4017.3,62,3
11483,2026-07-02 14:14:14+05:30,4016.5,1,4035.42,1619293,176956.0,182162.0,4100.0,4110.0,4012.0,4092.6,25588500,4501.8,3683.4,4440.0,3288.1,4016.5,13,2,4016.4,20,2,4016.2,138,2,4016.1,90,9,4016.0,1046,72,4016.8,2,1,4016.9,7,2,4017.0,56,2,4017.2,6,1,4017.3,62,3
11483,2026-07-02 14:14:14+05:30,4016.5,1,4035.42,1619293,176956.0,182162.0,4100.0,4110.0,4012.0,4092.6,25588500,4501.8,3683.4,4440.0,3288.1,4016.5,13,2,4016.4,20,2,4016.2,138,2,4016.1,90,9,4016.0,1046,72,4016.8,2,1,4016.9,7,2,4017.0,56,2,4017.2,6,1,4017.3,62,3
11483,2026-07-02 14:14:15+05:30,4016.8,3,4035.42,1619302,176971.0,182082.0,4100.0,4110.0,4012.0,4092.6,25588500,4501.8,3683.4,4440.0,3288.1,4016.5,11,2,4016.4,26,3,4016.2,138,2,4016.1,90,9,4016.0,1046,72,4016.8,1,1,4016.9,36,4,4017.0,38,1,4017.1,4,1,4017.2,6,1
11483,2026-07-02 14:14:15+05:30,4016.8,3,4035.42,1619302,176971.0,182082.0,4100.0,4110.0,4012.0,4092.6,25588500,4501.8,3683.4,4440.0,3288.1,4016.5,11,2,4016.4,26,3,4016.2,138,2,4016.1,90,9,4016.0,1046,72,4016.8,1,1,4016.9,36,4,4017.0,38,1,4017.1,4,1,4017.2,6,1
11483,2026-07-02 14:14:16+05:30,4016.4,1,4035.42,1619314,176948.0,182416.0,4100.0,4110.0,4012.0,4092.6,25588500,4501.8,3683.4,4440.0,3288.1,4016.4,25,3,4016.2,138,2,4016.1,90,9,4016.0,1046,72,4015.9,39,3,4016.7,1,1,4016.8,32,5,4016.9,7,2,4017.0,70,2,4017.1,14,2
11483,2026-07-02 14:14:16+05:30,4016.4,2,4035.42,1619314,176948.0,182416.0,4100.0,4110.0,4012.0,4092.6,25588500,4501.8,3683.4,4440.0,3288.1,4016.4,25,3,4016.2,138,2,4016.1,90,9,4016.0,1046,72,4015.9,39,3,4016.7,1,1,4016.8,32,5,4016.9,7,2,4017.0,70,2,4017.1,14,2
11483,2026-07-02 14:14:17+05:30,4016.4,6,4035.42,1619341,176930.0,182454.0,4100.0,4110.0,4012.0,4092.6,25588500,4501.8,3683.4,4440.0,3288.1,4016.2,138,2,4016.1,90,9,4016.0,1045,71,4015.9,26,2,4015.8,38,3,4016.7,25,4,4016.8,35,4,4016.9,24,2,4017.0,60,2,4017.1,10,1
11483,2026-07-02 14:14:17+05:30,4016.2,4,4035.42,1619341,176930.0,182454.0,4100.0,4110.0,4012.0,4092.6,25588500,4501.8,3683.4,4440.0,3288.1,4016.2,138,2,4016.1,90,9,4016.0,1045,71,4015.9,26,2,4015.8,38,3,4016.7,25,4,4016.8,35,4,4016.9,24,2,4017.0,60,2,4017.1,10,1
11483,2026-07-02 14:14:18+05:30,4016.7,5,4035.42,1619452,176814.0,182417.0,4100.0,4110.0,4012.0,4092.6,25588500,4501.8,3683.4,4440.0,3288.1,4016.2,47,2,4016.1,90,9,4016.0,1045,71,4015.9,26,2,4015.8,38,3,4016.6,14,1,4016.7,58,6,4016.8,35,4,4016.9,16,2,4017.0,71,3
11483,2026-07-02 14:14:18+05:30,4016.7,5,4035.42,1619452,176814.0,182417.0,4100.0,4110.0,4012.0,4092.6,25588500,4501.8,3683.4,4440.0,3288.1,4016.2,47,2,4016.1,90,9,4016.0,1045,71,4015.9,26,2,4015.8,38,3,4016.6,14,1,4016.7,58,6,4016.8,35,4,4016.9,16,2,4017.0,71,3
11483,2026-07-02 14:14:19+05:30,4016.0,1,4035.41,1620686,173853.0,182836.0,4100.0,4110.0,4012.0,4092.6,25588500,4501.8,3683.4,4440.0,3288.1,4016.0,26,2,4015.9,26,2,4015.8,38,3,4015.7,151,2,4015.6,42,3,4016.1,62,4,4016.2,8,2,4016.3,15,1,4016.4,37,2,4016.5,68,6
11483,2026-07-02 14:14:19+05:30,4016.0,1,4035.41,1620686,173853.0,182836.0,4100.0,4110.0,4012.0,4092.6,25588500,4501.8,3683.4,4440.0,3288.1,4016.0,26,2,4015.9,26,2,4015.8,38,3,4015.7,151,2,4015.6,42,3,4016.1,62,4,4016.2,8,2,4016.3,15,1,4016.4,37,2,4016.5,68,6
11483,2026-07-02 14:14:20+05:30,4015.9,2,4035.41,1620897,173898.0,182829.0,4100.0,4110.0,4012.0,4092.6,25588500,4501.8,3683.4,4440.0,3288.1,4015.9,24,2,4015.8,38,3,4015.7,151,2,4015.6,42,3,4015.5,63,6,4016.1,63,5,4016.2,14,3,4016.4,37,2,4016.5,62,6,4016.6,23,4
11483,2026-07-02 14:14:20+05:30,4015.9,2,4035.41,1620897,173898.0,182829.0,4100.0,4110.0,4012.0,4092.6,25588500,4501.8,3683.4,4440.0,3288.1,4015.9,24,2,4015.8,38,3,4015.7,151,2,4015.6,42,3,4015.5,63,6,4016.1,63,5,4016.2,14,3,4016.4,37,2,4016.5,62,6,4016.6,23,4
11483,2026-07-02 14:14:21+05:30,4015.8,2,4035.41,1620923,173839.0,182788.0,4100.0,4110.0,4012.0,4092.6,25588500,4501.8,3683.4,4440.0,3288.1,4015.8,36,3,4015.7,151,2,4015.6,42,3,4015.5,63,6,4015.4,26,3,4015.9,1,1,4016.1,47,4,4016.2,3,1,4016.4,36,2,4016.5,56,5
11483,2026-07-02 14:14:21+05:30,4015.8,3,4035.41,1620923,173839.0,182788.0,4100.0,4110.0,4012.0,4092.6,25588500,4501.8,3683.4,4440.0,3288.1,4015.8,36,3,4015.7,151,2,4015.6,42,3,4015.5,63,6,4015.4,26,3,4015.9,1,1,4016.1,47,4,4016.2,3,1,4016.4,36,2,4016.5,56,5
11483,2026-07-02 14:14:22+05:30,4016.1,10,4035.4,1620940,174111.0,182729.0,4100.0,4110.0,4012.0,4092.6,25588500,4501.8,3683.4,4440.0,3288.1,4016.0,124,3,4015.8,30,1,4015.7,151,2,4015.6,42,3,4015.5,63,6,4016.1,2,2,4016.2,19,2,4016.5,37,4,4016.6,19,2,4016.7,48,4
11483,2026-07-02 14:14:22+05:30,4016.0,2,4035.4,1620940,174111.0,182729.0,4100.0,4110.0,4012.0,4092.6,25588500,4501.8,3683.4,4440.0,3288.1,4016.0,124,3,4015.8,30,1,4015.7,151,2,4015.6,42,3,4015.5,63,6,4016.1,2,2,4016.2,19,2,4016.5,37,4,4016.6,19,2,4016.7,48,4
11483,2026-07-02 14:14:23+05:30,4016.0,2,4035.4,1620944,173983.0,182786.0,4100.0,4110.0,4012.0,4092.6,25588500,4501.8,3683.4,4440.0,3288.1,4016.0,120,3,4015.8,30,1,4015.7,151,2,4015.6,42,3,4015.5,63,6,4016.1,12,4,4016.2,3,1,4016.4,5,1,4016.5,37,4,4016.6,13,1
11483,2026-07-02 14:14:23+05:30,4016.0,2,4035.4,1620944,173983.0,182786.0,4100.0,4110.0,4012.0,4092.6,25588500,4501.8,3683.4,4440.0,3288.1,4016.0,120,3,4015.8,30,1,4015.7,151,2,4015.6,42,3,4015.5,63,6,4016.1,12,4,4016.2,3,1,4016.4,5,1,4016.5,37,4,4016.6,13,1
11483,2026-07-02 14:14:24+05:30,4016.0,1,4035.4,1620949,174122.0,182755.0,4100.0,4110.0,4012.0,4092.6,25588500,4501.8,3683.4,4440.0,3288.1,4016.0,117,3,4015.8,30,1,4015.7,151,2,4015.6,42,3,4015.5,63,6,4016.1,10,2,4016.2,3,1,4016.3,13,1,4016.4,5,1,4016.5,10,2
11483,2026-07-02 14:14:24+05:30,4016.0,1,4035.4,1620949,174122.0,182755.0,4100.0,4110.0,4012.0,4092.6,25588500,4501.8,3683.4,4440.0,3288.1,4016.0,117,3,4015.8,30,1,4015.7,151,2,4015.6,42,3,4015.5,63,6,4016.1,10,2,4016.2,3,1,4016.3,13,1,4016.4,5,1,4016.5,10,2
11483,2026-07-02 14:14:25+05:30,4016.0,1,4035.4,1620949,174122.0,182755.0,4100.0,4110.0,4012.0,4092.6,25588500,4501.8,3683.4,4440.0,3288.1,4016.0,117,3,4015.8,30,1,4015.7,151,2,4015.6,42,3,4015.5,63,6,4016.1,10,2,4016.2,3,1,4016.3,13,1,4016.4,5,1,4016.5,10,2
11483,2026-07-02 14:14:25+05:30,4016.1,8,4035.4,1620961,174267.0,182804.0,4100.0,4110.0,4012.0,4092.6,25588500,4501.8,3683.4,4440.0,3288.1,4016.1,9,1,4016.0,115,3,4015.8,30,1,4015.7,151,2,4015.6,42,3,4016.3,101,4,4016.4,41,1,4016.5,10,2,4016.6,13,1,4016.7,41,3
11483,2026-07-02 14:14:25+05:30,4016.1,2,4035.4,1620961,174267.0,182804.0,4100.0,4110.0,4012.0,4092.6,25588500,4501.8,3683.4,4440.0,3288.1,4016.1,9,1,4016.0,115,3,4015.8,30,1,4015.7,151,2,4015.6,42,3,4016.3,101,4,4016.4,41,1,4016.5,10,2,4016.6,13,1,4016.7,41,3
11483,2026-07-02 14:14:26+05:30,4016.1,2,4035.4,1620961,174267.0,182804.0,4100.0,4110.0,4012.0,4092.6,25588500,4501.8,3683.4,4440.0,3288.1,4016.1,9,1,4016.0,115,3,4015.8,30,1,4015.7,151,2,4015.6,42,3,4016.3,101,4,4016.4,41,1,4016.5,10,2,4016.6,13,1,4016.7,41,3
11483,2026-07-02 14:14:26+05:30,4016.1,2,4035.4,1620973,174262.0,182938.0,4100.0,4110.0,4012.0,4092.6,25588500,4501.8,3683.4,4440.0,3288.1,4016.1,5,1,4016.0,115,3,4015.8,30,1,4015.7,151,2,4015.6,42,3,4016.2,19,1,4016.3,88,3,4016.4,62,2,4016.5,10,2,4016.6,26,2
11483,2026-07-02 14:14:26+05:30,4016.1,2,4035.4,1620973,174262.0,182938.0,4100.0,4110.0,4012.0,4092.6,25588500,4501.8,3683.4,4440.0,3288.1,4016.1,5,1,4016.0,115,3,4015.8,30,1,4015.7,151,2,4015.6,42,3,4016.2,19,1,4016.3,88,3,4016.4,62,2,4016.5,10,2,4016.6,26,2
11483,2026-07-02 14:14:26+05:30,4016.1,1,4035.4,1620973,174262.0,182938.0,4100.0,4110.0,4012.0,4092.6,25588500,4501.8,3683.4,4440.0,3288.1,4016.1,5,1,4016.0,115,3,4015.8,30,1,4015.7,151,2,4015.6,42,3,4016.2,19,1,4016.3,88,3,4016.4,62,2,4016.5,10,2,4016.6,26,2
11483,2026-07-02 14:14:27+05:30,4016.1,1,4035.4,1620973,174262.0,182938.0,4100.0,4110.0,4012.0,4092.6,25588500,4501.8,3683.4,4440.0,3288.1,4016.1,5,1,4016.0,115,3,4015.8,30,1,4015.7,151,2,4015.6,42,3,4016.2,19,1,4016.3,88,3,4016.4,62,2,4016.5,10,2,4016.6,26,2
11483,2026-07-02 14:14:27+05:30,4016.1,1,4035.4,1620977,174931.0,183002.0,4100.0,4110.0,4012.0,4092.6,25588500,4501.8,3683.4,4440.0,3288.1,4016.1,3,1,4016.0,115,3,4015.8,30,1,4015.7,151,2,4015.6,42,3,4016.3,100,4,4016.4,41,1,4016.5,10,2,4016.6,13,1,4016.7,41,3
11483,2026-07-02 14:14:27+05:30,4016.1,1,4035.4,1620977,174931.0,183002.0,4100.0,4110.0,4012.0,4092.6,25588500,4501.8,3683.4,4440.0,3288.1,4016.1,3,1,4016.0,115,3,4015.8,30,1,4015.7,151,2,4015.6,42,3,4016.3,100,4,4016.4,41,1,4016.5,10,2,4016.6,13,1,4016.7,41,3
11483,2026-07-02 14:14:27+05:30,4016.1,1,4035.4,1620977,174931.0,183002.0,4100.0,4110.0,4012.0,4092.6,25588500,4501.8,3683.4,4440.0,3288.1,4016.1,3,1,4016.0,115,3,4015.8,30,1,4015.7,151,2,4015.6,42,3,4016.3,100,4,4016.4,41,1,4016.5,10,2,4016.6,13,1,4016.7,41,3
11483,2026-07-02 14:14:28+05:30,4016.1,1,4035.4,1620977,174931.0,183002.0,4100.0,4110.0,4012.0,4092.6,25588500,4501.8,3683.4,4440.0,3288.1,4016.1,3,1,4016.0,115,3,4015.8,30,1,4015.7,151,2,4015.6,42,3,4016.3,100,4,4016.4,41,1,4016.5,10,2,4016.6,13,1,4016.7,41,3
11483,2026-07-02 14:14:28+05:30,4016.3,6,4035.4,1621048,175467.0,182897.0,4100.0,4110.0,4012.0,4092.6,25588500,4501.8,3683.4,4440.0,3288.1,4016.2,42,1,4016.1,42,1,4016.0,157,4,4015.8,72,2,4015.7,151,2,4016.3,1,1,4016.4,41,1,4016.5,10,2,4016.6,13,1,4016.7,41,3
11483,2026-07-02 14:14:28+05:30,4016.3,6,4035.4,1621048,175467.0,182897.0,4100.0,4110.0,4012.0,4092.6,25588500,4501.8,3683.4,4440.0,3288.1,4016.2,42,1,4016.1,42,1,4016.0,157,4,4015.8,72,2,4015.7,151,2,4016.3,1,1,4016.4,41,1,4016.5,10,2,4016.6,13,1,4016.7,41,3
11483,2026-07-02 14:14:28+05:30,4016.3,8,4035.4,1621048,175467.0,182897.0,4100.0,4110.0,4012.0,4092.6,25588500,4501.8,3683.4,4440.0,3288.1,4016.2,42,1,4016.1,42,1,4016.0,157,4,4015.8,72,2,4015.7,151,2,4016.3,1,1,4016.4,41,1,4016.5,10,2,4016.6,13,1,4016.7,41,3
11483,2026-07-02 14:14:28+05:30,4016.3,8,4035.4,1621048,175467.0,182897.0,4100.0,4110.0,4012.0,4092.6,25588500,4501.8,3683.4,4440.0,3288.1,4016.2,42,1,4016.1,42,1,4016.0,157,4,4015.8,72,2,4015.7,151,2,4016.3,1,1,4016.4,41,1,4016.5,10,2,4016.6,13,1,4016.7,41,3
11483,2026-07-02 14:14:29+05:30,4016.3,8,4035.4,1621048,175467.0,182897.0,4100.0,4110.0,4012.0,4092.6,25588500,4501.8,3683.4,4440.0,3288.1,4016.2,42,1,4016.1,42,1,4016.0,157,4,4015.8,72,2,4015.7,151,2,4016.3,1,1,4016.4,41,1,4016.5,10,2,4016.6,13,1,4016.7,41,3
11483,2026-07-02 14:14:29+05:30,4016.3,8,4035.4,1621048,175467.0,182897.0,4100.0,4110.0,4012.0,4092.6,25609850,4501.8,3683.4,4440.0,3288.1,4016.2,42,1,4016.1,42,1,4016.0,157,4,4015.8,72,2,4015.7,151,2,4016.3,1,1,4016.4,41,1,4016.5,10,2,4016.6,13,1,4016.7,41,3
11483,2026-07-02 14:14:29+05:30,4016.2,2,4035.4,1621148,175472.0,182957.0,4100.0,4110.0,4012.0,4092.6,25609850,4501.8,3683.4,4440.0,3288.1,4016.2,31,1,4016.1,42,1,4016.0,157,4,4015.8,72,2,4015.7,151,2,4016.3,99,3,4016.4,41,1,4016.5,4,1,4016.7,25,2,4016.8,1,1
11483,2026-07-02 14:14:29+05:30,4016.2,2,4035.4,1621148,175472.0,182957.0,4100.0,4110.0,4012.0,4092.6,25609850,4501.8,3683.4,4440.0,3288.1,4016.2,31,1,4016.1,42,1,4016.0,157,4,4015.8,72,2,4015.7,151,2,4016.3,99,3,4016.4,41,1,4016.5,4,1,4016.7,25,2,4016.8,1,1
11483,2026-07-02 14:14:29+05:30,4016.3,45,4035.4,1621148,175472.0,182957.0,4100.0,4110.0,4012.0,4092.6,25609850,4501.8,3683.4,4440.0,3288.1,4016.2,31,1,4016.1,42,1,4016.0,157,4,4015.8,72,2,4015.7,151,2,4016.3,99,3,4016.4,41,1,4016.5,4,1,4016.7,25,2,4016.8,1,1
11483,2026-07-02 14:14:30+05:30,4016.3,45,4035.4,1621148,175472.0,182957.0,4100.0,4110.0,4012.0,4092.6,25609850,4501.8,3683.4,4440.0,3288.1,4016.2,31,1,4016.1,42,1,4016.0,157,4,4015.8,72,2,4015.7,151,2,4016.3,99,3,4016.4,41,1,4016.5,4,1,4016.7,25,2,4016.8,1,1
11483,2026-07-02 14:14:30+05:30,4016.2,2,4035.4,1621307,175479.0,182746.0,4100.0,4110.0,4012.0,4092.6,25609850,4501.8,3683.4,4440.0,3288.1,4016.2,17,1,4016.1,48,2,4016.0,157,4,4015.8,72,2,4015.7,151,2,4016.3,14,1,4016.4,41,1,4016.5,4,1,4016.7,5,1,4016.8,1,1
11483,2026-07-02 14:14:30+05:30,4016.2,2,4035.4,1621307,175479.0,182746.0,4100.0,4110.0,4012.0,4092.6,25609850,4501.8,3683.4,4440.0,3288.1,4016.2,17,1,4016.1,48,2,4016.0,157,4,4015.8,72,2,4015.7,151,2,4016.3,14,1,4016.4,41,1,4016.5,4,1,4016.7,5,1,4016.8,1,1
11483,2026-07-02 14:14:30+05:30,4016.3,3,4035.4,1621307,175479.0,182746.0,4100.0,4110.0,4012.0,4092.6,25609850,4501.8,3683.4,4440.0,3288.1,4016.2,17,1,4016.1,48,2,4016.0,157,4,4015.8,72,2,4015.7,151,2,4016.3,14,1,4016.4,41,1,4016.5,4,1,4016.7,5,1,4016.8,1,1
11483,2026-07-02 14:14:31+05:30,4016.3,3,4035.4,1621307,175479.0,182746.0,4100.0,4110.0,4012.0,4092.6,25609850,4501.8,3683.4,4440.0,3288.1,4016.2,17,1,4016.1,48,2,4016.0,157,4,4015.8,72,2,4015.7,151,2,4016.3,14,1,4016.4,41,1,4016.5,4,1,4016.7,5,1,4016.8,1,1
11483,2026-07-02 14:14:31+05:30,4016.1,2,4035.4,1621332,175858.0,182540.0,4100.0,4110.0,4012.0,4092.6,25609850,4501.8,3683.4,4440.0,3288.1,4016.1,46,2,4016.0,116,4,4015.9,42,1,4015.8,30,1,4015.7,193,3,4016.2,1,1,4016.3,13,2,4016.4,41,1,4016.5,4,1,4016.8,1,1
11483,2026-07-02 14:14:31+05:30,4016.1,3,4035.4,1621332,175858.0,182540.0,4100.0,4110.0,4012.0,4092.6,25609850,4501.8,3683.4,4440.0,3288.1,4016.1,46,2,4016.0,116,4,4015.9,42,1,4015.8,30,1,4015.7,193,3,4016.2,1,1,4016.3,13,2,4016.4,41,1,4016.5,4,1,4016.8,1,1
11483,2026-07-02 14:14:32+05:30,4016.1,2,4035.4,1621338,175900.0,182279.0,4100.0,4110.0,4012.0,4092.6,25609850,4501.8,3683.4,4440.0,3288.1,4016.1,93,5,4016.0,116,4,4015.9,45,2,4015.8,30,1,4015.7,193,3,4016.2,2,1,4016.3,13,2,4016.4,41,1,4016.5,4,1,4016.8,1,1
11483,2026-07-02 14:14:32+05:30,4016.2,1,4035.4,1621338,175900.0,182279.0,4100.0,4110.0,4012.0,4092.6,25609850,4501.8,3683.4,4440.0,3288.1,4016.1,93,5,4016.0,116,4,4015.9,45,2,4015.8,30,1,4015.7,193,3,4016.2,2,1,4016.3,13,2,4016.4,41,1,4016.5,4,1,4016.8,1,1
11483,2026-07-02 14:14:33+05:30,4016.1,2,4035.4,1621342,176019.0,182423.0,4100.0,4110.0,4012.0,4092.6,25609850,4501.8,3683.4,4440.0,3288.1,4016.1,90,5,4016.0,234,8,4015.9,42,1,4015.8,46,2,4015.7,198,4,4016.2,1,1,4016.3,13,2,4016.4,41,1,4016.5,4,1,4016.7,15,1
11483,2026-07-02 14:14:33+05:30,4016.1,1,4035.4,1621342,176019.0,182423.0,4100.0,4110.0,4012.0,4092.6,25609850,4501.8,3683.4,4440.0,3288.1,4016.1,90,5,4016.0,234,8,4015.9,42,1,4015.8,46,2,4015.7,198,4,4016.2,1,1,4016.3,13,2,4016.4,41,1,4016.5,4,1,4016.7,15,1
11483,2026-07-02 14:14:34+05:30,4016.1,2,4035.4,1621345,175909.0,182457.0,4100.0,4110.0,4012.0,4092.6,25609850,4501.8,3683.4,4440.0,3288.1,4016.1,94,6,4016.0,217,6,4015.9,42,1,4015.8,34,2,4015.7,199,4,4016.2,2,2,4016.3,11,1,4016.4,41,1,4016.5,4,1,4016.8,1,1
11483,2026-07-02 14:14:34+05:30,4016.1,2,4035.4,1621345,175909.0,182457.0,4100.0,4110.0,4012.0,4092.6,25609850,4501.8,3683.4,4440.0,3288.1,4016.1,94,6,4016.0,217,6,4015.9,42,1,4015.8,34,2,4015.7,199,4,4016.2,2,2,4016.3,11,1,4016.4,41,1,4016.5,4,1,4016.8,1,1
11483,2026-07-02 14:14:35+05:30,4016.1,2,4035.4,1621455,175961.0,182506.0,4100.0,4110.0,4012.0,4092.6,25609850,4501.8,3683.4,4440.0,3288.1,4016.1,10,3,4016.0,218,7,4015.9,5,1,4015.8,80,4,4015.7,151,2,4016.4,15,1,4016.5,4,1,4016.8,1,1,4017.0,38,1,4017.4,23,2
11483,2026-07-02 14:14:35+05:30,4016.1,4,4035.4,1621455,175961.0,182506.0,4100.0,4110.0,4012.0,4092.6,25609850,4501.8,3683.4,4440.0,3288.1,4016.1,10,3,4016.0,218,7,4015.9,5,1,4015.8,80,4,4015.7,151,2,4016.4,15,1,4016.5,4,1,4016.8,1,1,4017.0,38,1,4017.4,23,2
11483,2026-07-02 14:14:36+05:30,4016.0,2,4035.4,1621467,175887.0,182691.0,4100.0,4110.0,4012.0,4092.6,25609850,4501.8,3683.4,4440.0,3288.1,4016.0,216,7,4015.8,30,1,4015.7,151,2,4015.6,41,2,4015.5,98,8,4016.1,3,2,4016.3,3,1,4016.4,58,3,4016.5,46,2,4016.6,42,1
11483,2026-07-02 14:14:36+05:30,4016.0,1,4035.4,1621467,175887.0,182691.0,4100.0,4110.0,4012.0,4092.6,25609850,4501.8,3683.4,4440.0,3288.1,4016.0,216,7,4015.8,30,1,4015.7,151,2,4015.6,41,2,4015.5,98,8,4016.1,3,2,4016.3,3,1,4016.4,58,3,4016.5,46,2,4016.6,42,1
11483,2026-07-02 14:14:37+05:30,4016.3,2,4035.4,1621560,175966.0,182738.0,4100.0,4110.0,4012.0,4092.6,25609850,4501.8,3683.4,4440.0,3288.1,4016.3,27,1,4016.0,146,7,4015.8,30,1,4015.7,151,2,4015.6,53,3,4016.4,58,3,4016.5,46,2,4016.6,42,1,4016.8,42,1,4017.0,59,2
11483,2026-07-02 14:14:37+05:30,4016.3,16,4035.4,1621560,175966.0,182738.0,4100.0,4110.0,4012.0,4092.6,25609850,4501.8,3683.4,4440.0,3288.1,4016.3,27,1,4016.0,146,7,4015.8,30,1,4015.7,151,2,4015.6,53,3,4016.4,58,3,4016.5,46,2,4016.6,42,1,4016.8,42,1,4017.0,59,2
11483,2026-07-02 14:14:38+05:30,4016.0,2,4035.4,1621589,175896.0,182972.0,4100.0,4110.0,4012.0,4092.6,25609850,4501.8,3683.4,4440.0,3288.1,4016.0,144,7,4015.8,30,1,4015.7,151,2,4015.6,41,2,4015.5,63,6,4016.2,26,1,4016.3,42,1,4016.4,141,5,4016.5,25,2,4016.6,42,1
11483,2026-07-02 14:14:38+05:30,4016.0,3,4035.4,1621589,175896.0,182972.0,4100.0,4110.0,4012.0,4092.6,25609850,4501.8,3683.4,4440.0,3288.1,4016.0,144,7,4015.8,30,1,4015.7,151,2,4015.6,41,2,4015.5,63,6,4016.2,26,1,4016.3,42,1,4016.4,141,5,4016.5,25,2,4016.6,42,1
11483,2026-07-02 14:14:39+05:30,4016.2,1,4035.4,1621593,176454.0,182979.0,4100.0,4110.0,4012.0,4092.6,25609850,4501.8,3683.4,4440.0,3288.1,4016.0,146,8,4015.8,30,1,4015.7,151,2,4015.6,41,2,4015.5,63,6,4016.2,25,1,4016.3,42,1,4016.4,141,5,4016.5,4,1,4016.6,42,1
11483,2026-07-02 14:14:39+05:30,4016.0,1,4035.4,1621593,176454.0,182979.0,4100.0,4110.0,4012.0,4092.6,25609850,4501.8,3683.4,4440.0,3288.1,4016.0,146,8,4015.8,30,1,4015.7,151,2,4015.6,41,2,4015.5,63,6,4016.2,25,1,4016.3,42,1,4016.4,141,5,4016.5,4,1,4016.6,42,1
11483,2026-07-02 14:14:40+05:30,4016.2,1,4035.4,1621595,176463.0,182997.0,4100.0,4110.0,4012.0,4092.6,25609850,4501.8,3683.4,4440.0,3288.1,4016.0,145,8,4015.8,30,1,4015.7,151,2,4015.6,41,2,4015.5,63,6,4016.2,28,3,4016.3,42,1,4016.4,138,3,4016.5,4,1,4016.6,42,1
11483,2026-07-02 14:14:40+05:30,4016.3,12,4035.4,1621595,176463.0,182997.0,4100.0,4110.0,4012.0,4092.6,25609850,4501.8,3683.4,4440.0,3288.1,4016.0,145,8,4015.8,30,1,4015.7,151,2,4015.6,41,2,4015.5,63,6,4016.2,28,3,4016.3,42,1,4016.4,138,3,4016.5,4,1,4016.6,42,1
11483,2026-07-02 14:14:41+05:30,4016.3,18,4035.4,1621664,176504.0,182878.0,4100.0,4110.0,4012.0,4092.6,25609850,4501.8,3683.4,4440.0,3288.1,4016.2,9,1,4016.0,145,8,4015.8,30,1,4015.7,151,2,4015.6,41,2,4016.3,12,1,4016.4,96,2,4016.5,4,1,4016.6,42,1,4016.8,42,1
11483,2026-07-02 14:14:41+05:30,4016.3,10,4035.4,1621664,176504.0,182878.0,4100.0,4110.0,4012.0,4092.6,25609850,4501.8,3683.4,4440.0,3288.1,4016.2,9,1,4016.0,145,8,4015.8,30,1,4015.7,151,2,4015.6,41,2,4016.3,12,1,4016.4,96,2,4016.5,4,1,4016.6,42,1,4016.8,42,1
11483,2026-07-02 14:14:42+05:30,4016.3,1,4035.4,1621683,176551.0,182909.0,4100.0,4110.0,4012.0,4092.6,25609850,4501.8,3683.4,4440.0,3288.1,4016.2,1,1,4016.0,145,8,4015.8,30,1,4015.7,151,2,4015.6,41,2,4016.3,1,1,4016.4,138,3,4016.5,4,1,4016.6,42,1,4016.8,42,1
11483,2026-07-02 14:14:42+05:30,4016.2,1,4035.4,1621683,176551.0,182909.0,4100.0,4110.0,4012.0,4092.6,25609850,4501.8,3683.4,4440.0,3288.1,4016.2,1,1,4016.0,145,8,4015.8,30,1,4015.7,151,2,4015.6,41,2,4016.3,1,1,4016.4,138,3,4016.5,4,1,4016.6,42,1,4016.8,42,1
11483,2026-07-02 14:14:43+05:30,4016.2,4,4035.4,1621689,176598.0,182938.0,4100.0,4110.0,4012.0,4092.6,25609850,4501.8,3683.4,4440.0,3288.1,4016.0,158,9,4015.8,30,1,4015.7,151,2,4015.6,41,2,4015.5,63,6,4016.2,40,3,4016.3,1,1,4016.4,138,3,4016.5,4,1,4016.6,42,1
11483,2026-07-02 14:14:43+05:30,4016.2,2,4035.4,1621689,176598.0,182938.0,4100.0,4110.0,4012.0,4092.6,25609850,4501.8,3683.4,4440.0,3288.1,4016.0,158,9,4015.8,30,1,4015.7,151,2,4015.6,41,2,4015.5,63,6,4016.2,40,3,4016.3,1,1,4016.4,138,3,4016.5,4,1,4016.6,42,1
11483,2026-07-02 14:14:44+05:30,4016.2,2,4035.4,1621692,176595.0,182942.0,4100.0,4110.0,4012.0,4092.6,25609850,4501.8,3683.4,4440.0,3288.1,4016.0,157,9,4015.8,30,1,4015.7,151,2,4015.6,41,2,4015.5,63,6,4016.2,39,4,4016.3,1,1,4016.4,138,3,4016.5,4,1,4016.6,42,1
11483,2026-07-02 14:14:45+05:30,4016.2,4,4035.4,1621696,176603.0,182897.0,4100.0,4110.0,4012.0,4092.6,25609850,4501.8,3683.4,4440.0,3288.1,4016.0,157,9,4015.9,7,1,4015.8,30,1,4015.7,151,2,4015.6,41,2,4016.2,35,4,4016.3,1,1,4016.4,138,3,4016.5,4,1,4016.6,42,1
11483,2026-07-02 14:14:45+05:30,4016.2,3,4035.4,1621696,176603.0,182897.0,4100.0,4110.0,4012.0,4092.6,25609850,4501.8,3683.4,4440.0,3288.1,4016.0,157,9,4015.9,7,1,4015.8,30,1,4015.7,151,2,4015.6,41,2,4016.2,35,4,4016.3,1,1,4016.4,138,3,4016.5,4,1,4016.6,42,1
11483,2026-07-02 14:14:46+05:30,4016.2,7,4035.4,1621710,176792.0,182657.0,4100.0,4110.0,4012.0,4092.6,25609850,4501.8,3683.4,4440.0,3288.1,4016.0,155,9,4015.9,7,1,4015.8,30,1,4015.7,151,2,4015.6,41,2,4016.2,24,4,4016.3,1,1,4016.4,138,3,4016.5,4,1,4016.6,42,1
11483,2026-07-02 14:14:46+05:30,4016.0,15,4035.4,1621710,176792.0,182657.0,4100.0,4110.0,4012.0,4092.6,25609850,4501.8,3683.4,4440.0,3288.1,4016.0,155,9,4015.9,7,1,4015.8,30,1,4015.7,151,2,4015.6,41,2,4016.2,24,4,4016.3,1,1,4016.4,138,3,4016.5,4,1,4016.6,42,1
11483,2026-07-02 14:14:47+05:30,4016.1,1,4035.4,1621728,176855.0,182766.0,4100.0,4110.0,4012.0,4092.6,25609850,4501.8,3683.4,4440.0,3288.1,4016.0,140,10,4015.9,7,1,4015.8,30,1,4015.7,151,2,4015.6,41,2,4016.2,23,4,4016.3,1,1,4016.4,138,3,4016.5,4,1,4016.6,42,1
11483,2026-07-02 14:14:47+05:30,4016.0,1,4035.4,1621728,176855.0,182766.0,4100.0,4110.0,4012.0,4092.6,25609850,4501.8,3683.4,4440.0,3288.1,4016.0,140,10,4015.9,7,1,4015.8,30,1,4015.7,151,2,4015.6,41,2,4016.2,23,4,4016.3,1,1,4016.4,138,3,4016.5,4,1,4016.6,42,1
11483,2026-07-02 14:14:48+05:30,4016.0,46,4035.39,1621792,176850.0,182776.0,4100.0,4110.0,4012.0,4092.6,25609850,4501.8,3683.4,4440.0,3288.1,4016.0,76,7,4015.9,7,1,4015.8,30,1,4015.7,151,2,4015.6,41,2,4016.2,23,4,4016.3,1,1,4016.4,138,3,4016.5,4,1,4016.6,42,1
11483,2026-07-02 14:14:48+05:30,4017.0,9,4035.39,1621792,176850.0,182776.0,4100.0,4110.0,4012.0,4092.6,25609850,4501.8,3683.4,4440.0,3288.1,4016.0,76,7,4015.9,7,1,4015.8,30,1,4015.7,151,2,4015.6,41,2,4016.2,23,4,4016.3,1,1,4016.4,138,3,4016.5,4,1,4016.6,42,1
11483,2026-07-02 14:14:49+05:30,4017.0,9,4035.39,1622171,177236.0,181528.0,4100.0,4110.0,4012.0,4092.6,25609850,4501.8,3683.4,4440.0,3288.1,4016.2,19,3,4016.1,5,1,4016.0,88,9,4015.9,19,2,4015.8,41,3,4017.0,116,2,4017.5,11,2,4017.9,22,2,4018.0,84,6,4018.1,2,1
11483,2026-07-02 14:14:49+05:30,4016.2,9,4035.39,1622171,177236.0,181528.0,4100.0,4110.0,4012.0,4092.6,25609850,4501.8,3683.4,4440.0,3288.1,4016.2,19,3,4016.1,5,1,4016.0,88,9,4015.9,19,2,4015.8,41,3,4017.0,116,2,4017.5,11,2,4017.9,22,2,4018.0,84,6,4018.1,2,1
11483,2026-07-02 14:14:50+05:30,4016.2,26,4035.39,1622218,177080.0,182019.0,4100.0,4110.0,4012.0,4092.6,25609850,4501.8,3683.4,4440.0,3288.1,4016.0,90,9,4015.8,53,3,4015.7,151,2,4015.6,107,7,4015.5,108,8,4017.0,116,2,4017.4,2,1,4017.5,11,2,4017.6,28,1,4017.8,15,1
11483,2026-07-02 14:14:50+05:30,4016.0,6,4035.39,1622218,177080.0,182019.0,4100.0,4110.0,4012.0,4092.6,25609850,4501.8,3683.4,4440.0,3288.1,4016.0,90,9,4015.8,53,3,4015.7,151,2,4015.6,107,7,4015.5,108,8,4017.0,116,2,4017.4,2,1,4017.5,11,2,4017.6,28,1,4017.8,15,1
11483,2026-07-02 14:14:51+05:30,4016.0,1,4035.39,1622225,177184.0,181834.0,4100.0,4110.0,4012.0,4092.6,25609850,4501.8,3683.4,4440.0,3288.1,4016.2,4,1,4016.0,126,13,4015.9,16,2,4015.8,48,3,4015.7,151,2,4017.0,116,2,4017.5,11,2,4017.6,28,1,4018.0,56,5,4018.1,2,1
11483,2026-07-02 14:14:51+05:30,4016.2,1,4035.39,1622225,177184.0,181834.0,4100.0,4110.0,4012.0,4092.6,25609850,4501.8,3683.4,4440.0,3288.1,4016.2,4,1,4016.0,126,13,4015.9,16,2,4015.8,48,3,4015.7,151,2,4017.0,116,2,4017.5,11,2,4017.6,28,1,4018.0,56,5,4018.1,2,1
11483,2026-07-02 14:14:52+05:30,4016.2,1,4035.39,1622228,177345.0,181884.0,4100.0,4110.0,4012.0,4092.6,25609850,4501.8,3683.4,4440.0,3288.1,4016.2,1,1,4016.0,126,13,4015.9,12,1,4015.8,48,3,4015.7,151,2,4017.0,116,2,4017.5,11,2,4017.6,28,1,4017.9,4,1,4018.0,61,6
11483,2026-07-02 14:14:52+05:30,4016.2,1,4035.39,1622228,177345.0,181884.0,4100.0,4110.0,4012.0,4092.6,25609850,4501.8,3683.4,4440.0,3288.1,4016.2,1,1,4016.0,126,13,4015.9,12,1,4015.8,48,3,4015.7,151,2,4017.0,116,2,4017.5,11,2,4017.6,28,1,4017.9,4,1,4018.0,61,6
11483,2026-07-02 14:14:53+05:30,4017.0,2,4035.39,1622231,177377.0,182069.0,4100.0,4110.0,4012.0,4092.6,25609850,4501.8,3683.4,4440.0,3288.1,4016.0,123,13,4015.9,12,1,4015.8,48,3,4015.7,155,3,4015.6,130,9,4017.0,116,3,4017.5,11,2,4017.6,28,1,4017.9,4,1,4018.0,64,7
11483,2026-07-02 14:14:53+05:30,4017.6,12,4035.39,1622231,177377.0,182069.0,4100.0,4110.0,4012.0,4092.6,25609850,4501.8,3683.4,4440.0,3288.1,4016.0,123,13,4015.9,12,1,4015.8,48,3,4015.7,155,3,4015.6,130,9,4017.0,116,3,4017.5,11,2,4017.6,28,1,4017.9,4,1,4018.0,64,7
11483,2026-07-02 14:14:54+05:30,4017.0,1,4035.39,1622387,177650.0,182445.0,4100.0,4110.0,4012.0,4092.6,25609850,4501.8,3683.4,4440.0,3288.1,4016.1,15,3,4016.0,114,13,4015.9,29,3,4015.8,48,3,4015.7,155,3,4017.0,94,1,4017.8,29,3,4017.9,14,1,4018.0,64,7,4018.1,10,2
11483,2026-07-02 14:14:54+05:30,4016.1,3,4035.39,1622387,177650.0,182445.0,4100.0,4110.0,4012.0,4092.6,25609850,4501.8,3683.4,4440.0,3288.1,4016.1,15,3,4016.0,114,13,4015.9,29,3,4015.8,48,3,4015.7,155,3,4017.0,94,1,4017.8,29,3,4017.9,14,1,4018.0,64,7,4018.1,10,2
11483,2026-07-02 14:14:55+05:30,4016.1,2,4035.39,1622404,177371.0,182556.0,4100.0,4110.0,4012.0,4092.6,25609850,4501.8,3683.4,4440.0,3288.1,4016.0,81,9,4015.9,5,1,4015.8,35,2,4015.7,155,3,4015.6,90,7,4016.1,4,3,4017.0,94,1,4017.8,19,2,4017.9,30,2,4018.0,61,6
11483,2026-07-02 14:14:55+05:30,4017.0,10,4035.39,1622404,177371.0,182556.0,4100.0,4110.0,4012.0,4092.6,25609850,4501.8,3683.4,4440.0,3288.1,4016.0,81,9,4015.9,5,1,4015.8,35,2,4015.7,155,3,4015.6,90,7,4016.1,4,3,4017.0,94,1,4017.8,19,2,4017.9,30,2,4018.0,61,6
11483,2026-07-02 14:14:56+05:30,4017.0,10,4035.38,1622860,176968.0,181840.0,4100.0,4110.0,4012.0,4092.6,25609850,4501.8,3683.4,4440.0,3288.1,4015.9,37,4,4015.8,52,4,4015.7,155,3,4015.6,102,8,4015.5,84,8,4016.0,1,1,4017.0,84,1,4017.2,12,1,4017.7,28,1,4017.8,13,2
11483,2026-07-02 14:14:56+05:30,4015.9,8,4035.38,1622860,176968.0,181840.0,4100.0,4110.0,4012.0,4092.6,25609850,4501.8,3683.4,4440.0,3288.1,4015.9,37,4,4015.8,52,4,4015.7,155,3,4015.6,102,8,4015.5,84,8,4016.0,1,1,4017.0,84,1,4017.2,12,1,4017.7,28,1,4017.8,13,2
11483,2026-07-02 14:14:57+05:30,4015.9,1,4035.38,1622905,176917.0,182018.0,4100.0,4110.0,4012.0,4092.6,25609850,4501.8,3683.4,4440.0,3288.1,4015.8,67,6,4015.7,157,4,4015.6,79,5,4015.5,88,9,4015.4,31,4,4015.9,7,2,4016.0,1,1,4017.0,84,1,4017.2,12,1,4017.7,28,1
11483,2026-07-02 14:14:57+05:30,4016.0,1,4035.38,1622905,176917.0,182018.0,4100.0,4110.0,4012.0,4092.6,25609850,4501.8,3683.4,4440.0,3288.1,4015.8,67,6,4015.7,157,4,4015.6,79,5,4015.5,88,9,4015.4,31,4,4015.9,7,2,4016.0,1,1,4017.0,84,1,4017.2,12,1,4017.7,28,1
11483,2026-07-02 14:14:58+05:30,4017.0,1,4035.38,1622927,177542.0,181939.0,4100.0,4110.0,4012.0,4092.6,25609850,4501.8,3683.4,4440.0,3288.1,4016.0,51,6,4015.9,13,1,4015.8,71,6,4015.7,157,4,4015.6,91,6,4017.0,82,1,4017.2,12,1,4017.7,28,1,4017.8,10,1,4018.0,57,6
11483,2026-07-02 14:14:58+05:30,4017.0,7,4035.38,1622927,177542.0,181939.0,4100.0,4110.0,4012.0,4092.6,25609850,4501.8,3683.4,4440.0,3288.1,4016.0,51,6,4015.9,13,1,4015.8,71,6,4015.7,157,4,4015.6,91,6,4017.0,82,1,4017.2,12,1,4017.7,28,1,4017.8,10,1,4018.0,57,6
11483,2026-07-02 14:14:59+05:30,4016.0,1,4035.38,1622939,177570.0,181981.0,4100.0,4110.0,4012.0,4092.6,25609850,4501.8,3683.4,4440.0,3288.1,4016.0,57,7,4015.9,25,2,4015.8,71,6,4015.7,157,4,4015.6,91,6,4017.0,75,1,4017.2,12,1,4017.7,28,1,4017.8,10,1,4017.9,18,1
11483,2026-07-02 14:14:59+05:30,4017.0,1,4035.38,1622939,177570.0,181981.0,4100.0,4110.0,4012.0,4092.6,25609850,4501.8,3683.4,4440.0,3288.1,4016.0,57,7,4015.9,25,2,4015.8,71,6,4015.7,157,4,4015.6,91,6,4017.0,75,1,4017.2,12,1,4017.7,28,1,4017.8,10,1,4017.9,18,1
11483,2026-07-02 14:15:00+05:30,4017.0,2,4035.38,1622945,177575.0,181963.0,4100.0,4110.0,4012.0,4092.6,25609850,4501.8,3683.4,4440.0,3288.1,4016.0,54,7,4015.9,31,3,4015.8,71,6,4015.7,157,4,4015.6,91,6,4017.0,74,2,4017.2,12,1,4017.7,28,1,4017.8,10,1,4018.0,57,6
11483,2026-07-02 14:15:00+05:30,4017.0,4,4035.38,1622945,177575.0,181963.0,4100.0,4110.0,4012.0,4092.6,25609850,4501.8,3683.4,4440.0,3288.1,4016.0,54,7,4015.9,31,3,4015.8,71,6,4015.7,157,4,4015.6,91,6,4017.0,74,2,4017.2,12,1,4017.7,28,1,4017.8,10,1,4018.0,57,6
11483,2026-07-02 14:15:01+05:30,4016.0,1,4035.38,1622956,177595.0,182338.0,4100.0,4110.0,4012.0,4092.6,25609850,4501.8,3683.4,4440.0,3288.1,4016.0,46,6,4015.9,43,4,4015.8,87,7,4015.7,157,4,4015.6,91,6,4017.0,65,2,4017.2,12,1,4017.7,28,1,4017.8,10,1,4018.0,75,7
11483,2026-07-02 14:15:01+05:30,4016.0,1,4035.38,1622956,177595.0,182338.0,4100.0,4110.0,4012.0,4092.6,25609850,4501.8,3683.4,4440.0,3288.1,4016.0,46,6,4015.9,43,4,4015.8,87,7,4015.7,157,4,4015.6,91,6,4017.0,65,2,4017.2,12,1,4017.7,28,1,4017.8,10,1,4018.0,75,7
11483,2026-07-02 14:15:02+05:30,4017.0,2,4035.38,1622961,177660.0,182321.0,4100.0,4110.0,4012.0,4092.6,25609850,4501.8,3683.4,4440.0,3288.1,4016.0,45,6,4015.9,43,4,4015.8,86,6,4015.7,157,4,4015.6,92,7,4017.0,63,2,4017.2,12,1,4017.7,28,1,4017.8,10,1,4018.0,57,6
11483,2026-07-02 14:15:02+05:30,4016.0,1,4035.38,1622961,177660.0,182321.0,4100.0,4110.0,4012.0,4092.6,25609850,4501.8,3683.4,4440.0,3288.1,4016.0,45,6,4015.9,43,4,4015.8,86,6,4015.7,157,4,4015.6,92,7,4017.0,63,2,4017.2,12,1,4017.7,28,1,4017.8,10,1,4018.0,57,6
11483,2026-07-02 14:15:03+05:30,4017.0,1,4035.38,1622965,177703.0,182341.0,4100.0,4110.0,4012.0,4092.6,25609850,4501.8,3683.4,4440.0,3288.1,4016.0,52,7,4015.9,48,5,4015.8,86,6,4015.7,157,4,4015.6,92,7,4017.0,62,2,4017.2,12,1,4017.7,28,1,4017.8,10,1,4018.0,57,6
11483,2026-07-02 14:15:03+05:30,4016.1,1,4035.38,1622965,177703.0,182341.0,4100.0,4110.0,4012.0,4092.6,25609850,4501.8,3683.4,4440.0,3288.1,4016.0,52,7,4015.9,48,5,4015.8,86,6,4015.7,157,4,4015.6,92,7,4017.0,62,2,4017.2,12,1,4017.7,28,1,4017.8,10,1,4018.0,57,6
11483,2026-07-02 14:15:04+05:30,4016.1,1,4035.38,1622967,177583.0,181936.0,4100.0,4110.0,4012.0,4092.6,25609850,4501.8,3683.4,4440.0,3288.1,4016.1,3,1,4016.0,52,7,4015.9,48,5,4015.8,52,4,4015.7,157,4,4017.0,62,2,4017.2,12,1,4017.7,28,1,4017.8,28,2,4018.0,60,7
11483,2026-07-02 14:15:04+05:30,4016.1,3,4035.38,1622967,177583.0,181936.0,4100.0,4110.0,4012.0,4092.6,25609850,4501.8,3683.4,4440.0,3288.1,4016.1,3,1,4016.0,52,7,4015.9,48,5,4015.8,52,4,4015.7,157,4,4017.0,62,2,4017.2,12,1,4017.7,28,1,4017.8,28,2,4018.0,60,7
11483,2026-07-02 14:15:05+05:30,4017.0,6,4035.38,1622979,177533.0,181949.0,4100.0,4110.0,4012.0,4092.6,25609850,4501.8,3683.4,4440.0,3288.1,4016.0,28,5,4015.9,17,2,4015.8,42,4,4015.7,175,5,4015.6,98,8,4017.0,56,2,4017.2,12,1,4017.7,28,1,4017.8,28,2,4018.0,57,6
11483,2026-07-02 14:15:05+05:30,4016.0,1,4035.38,1622979,177533.0,181949.0,4100.0,4110.0,4012.0,4092.6,25609850,4501.8,3683.4,4440.0,3288.1,4016.0,28,5,4015.9,17,2,4015.8,42,4,4015.7,175,5,4015.6,98,8,4017.0,56,2,4017.2,12,1,4017.7,28,1,4017.8,28,2,4018.0,57,6
11483,2026-07-02 14:15:06+05:30,4017.0,7,4035.38,1622987,177580.0,181702.0,4100.0,4110.0,4012.0,4092.6,25609850,4501.8,3683.4,4440.0,3288.1,4016.0,46,6,4015.9,29,3,4015.8,37,3,4015.7,157,4,4015.6,110,8,4017.0,49,2,4017.2,12,1,4017.7,28,1,4017.8,10,1,4018.0,60,7
11483,2026-07-02 14:15:06+05:30,4016.0,1,4035.38,1622987,177580.0,181702.0,4100.0,4110.0,4012.0,4092.6,25609850,4501.8,3683.4,4440.0,3288.1,4016.0,46,6,4015.9,29,3,4015.8,37,3,4015.7,157,4,4015.6,110,8,4017.0,49,2,4017.2,12,1,4017.7,28,1,4017.8,10,1,4018.0,60,7
11483,2026-07-02 14:15:07+05:30,4017.0,12,4035.38,1623011,177813.0,181833.0,4100.0,4110.0,4012.0,4092.6,25609850,4501.8,3683.4,4440.0,3288.1,4016.5,1,1,4016.1,12,1,4016.0,44,6,4015.9,29,3,4015.8,37,3,4017.0,37,2,4017.2,12,1,4017.5,5,1,4017.7,44,2,4017.8,10,1
11483,2026-07-02 14:15:07+05:30,4016.5,1,4035.38,1623011,177813.0,181833.0,4100.0,4110.0,4012.0,4092.6,25609850,4501.8,3683.4,4440.0,3288.1,4016.5,1,1,4016.1,12,1,4016.0,44,6,4015.9,29,3,4015.8,37,3,4017.0,37,2,4017.2,12,1,4017.5,5,1,4017.7,44,2,4017.8,10,1
11483,2026-07-02 14:15:08+05:30,4016.5,1,4035.38,1623012,177654.0,181964.0,4100.0,4110.0,4012.0,4092.6,25609850,4501.8,3683.4,4440.0,3288.1,4016.0,44,6,4015.9,17,2,4015.8,37,3,4015.7,166,5,4015.6,102,8,4016.5,2,2,4017.0,39,3,4017.2,12,1,4017.5,5,1,4017.6,18,1
11483,2026-07-02 14:15:09+05:30,4016.5,1,4035.38,1623014,177649.0,181968.0,4100.0,4110.0,4012.0,4092.6,25609850,4501.8,3683.4,4440.0,3288.1,4016.0,45,7,4015.9,17,2,4015.8,37,3,4015.7,166,5,4015.6,102,8,4016.5,3,2,4017.0,37,2,4017.2,27,2,4017.5,5,1,4017.6,18,1
11483,2026-07-02 14:15:09+05:30,4016.0,1,4035.38,1623014,177649.0,181968.0,4100.0,4110.0,4012.0,4092.6,25609850,4501.8,3683.4,4440.0,3288.1,4016.0,45,7,4015.9,17,2,4015.8,37,3,4015.7,166,5,4015.6,102,8,4016.5,3,2,4017.0,37,2,4017.2,27,2,4017.5,5,1,4017.6,18,1
11483,2026-07-02 14:15:10+05:30,4016.0,1,4035.38,1623015,177669.0,181819.0,4100.0,4110.0,4012.0,4092.6,25609850,4501.8,3683.4,4440.0,3288.1,4016.0,47,6,4015.9,17,2,4015.8,37,3,4015.7,164,4,4015.6,102,8,4016.5,5,3,4017.0,35,1,4017.2,27,2,4017.5,5,1,4017.6,18,1
11483,2026-07-02 14:15:10+05:30,4016.0,6,4035.38,1623015,177669.0,181819.0,4100.0,4110.0,4012.0,4092.6,25609850,4501.8,3683.4,4440.0,3288.1,4016.0,47,6,4015.9,17,2,4015.8,37,3,4015.7,164,4,4015.6,102,8,4016.5,5,3,4017.0,35,1,4017.2,27,2,4017.5,5,1,4017.6,18,1
11483,2026-07-02 14:15:11+05:30,4017.0,5,4035.38,1623043,177661.0,181835.0,4100.0,4110.0,4012.0,4092.6,25609850,4501.8,3683.4,4440.0,3288.1,4016.0,39,4,4015.9,29,3,4015.8,37,3,4015.7,155,3,4015.6,92,7,4017.0,30,1,4017.2,43,3,4017.3,18,1,4017.5,20,2,4017.6,37,3
11483,2026-07-02 14:15:11+05:30,4017.0,1,4035.38,1623043,177661.0,181835.0,4100.0,4110.0,4012.0,4092.6,25609850,4501.8,3683.4,4440.0,3288.1,4016.0,39,4,4015.9,29,3,4015.8,37,3,4015.7,155,3,4015.6,92,7,4017.0,30,1,4017.2,43,3,4017.3,18,1,4017.5,20,2,4017.6,37,3
11483,2026-07-02 14:15:12+05:30,4017.0,1,4035.38,1623188,177570.0,182934.0,4100.0,4110.0,4012.0,4092.6,25609850,4501.8,3683.4,4440.0,3288.1,4016.0,27,3,4015.9,17,2,4015.8,24,1,4015.7,151,2,4015.6,59,5,4016.3,81,1,4016.4,42,1,4016.5,42,1,4016.6,42,1,4016.8,42,1
11483,2026-07-02 14:15:12+05:30,4016.0,15,4035.38,1623188,177570.0,182934.0,4100.0,4110.0,4012.0,4092.6,25609850,4501.8,3683.4,4440.0,3288.1,4016.0,27,3,4015.9,17,2,4015.8,24,1,4015.7,151,2,4015.6,59,5,4016.3,81,1,4016.4,42,1,4016.5,42,1,4016.6,42,1,4016.8,42,1
11483,2026-07-02 14:15:13+05:30,4016.3,10,4035.38,1623215,177516.0,182494.0,4100.0,4110.0,4012.0,4092.6,25609850,4501.8,3683.4,4440.0,3288.1,4016.0,10,1,4015.9,17,2,4015.8,24,1,4015.7,156,3,4015.6,59,5,4016.3,32,1,4016.4,42,1,4016.5,42,1,4016.6,11,1,4016.7,42,1
11483,2026-07-02 14:15:13+05:30,4016.3,1,4035.38,1623215,177516.0,182494.0,4100.0,4110.0,4012.0,4092.6,25609850,4501.8,3683.4,4440.0,3288.1,4016.0,10,1,4015.9,17,2,4015.8,24,1,4015.7,156,3,4015.6,59,5,4016.3,32,1,4016.4,42,1,4016.5,42,1,4016.6,11,1,4016.7,42,1
11483,2026-07-02 14:15:14+05:30,4016.3,1,4035.38,1623220,177481.0,182644.0,4100.0,4110.0,4012.0,4092.6,25609850,4501.8,3683.4,4440.0,3288.1,4016.1,1,1,4016.0,6,1,4015.9,17,2,4015.8,24,1,4015.7,156,3,4016.2,81,1,4016.3,73,2,4016.4,42,1,4016.6,53,2,4016.9,16,1
11483,2026-07-02 14:15:14+05:30,4016.2,10,4035.38,1623220,177481.0,182644.0,4100.0,4110.0,4012.0,4092.6,25609850,4501.8,3683.4,4440.0,3288.1,4016.1,1,1,4016.0,6,1,4015.9,17,2,4015.8,24,1,4015.7,156,3,4016.2,81,1,4016.3,73,2,4016.4,42,1,4016.6,53,2,4016.9,16,1
11483,2026-07-02 14:15:15+05:30,4016.2,10,4035.38,1623230,177502.0,182634.0,4100.0,4110.0,4012.0,4092.6,25609850,4501.8,3683.4,4440.0,3288.1,4016.1,1,1,4016.0,29,3,4015.9,17,2,4015.8,24,1,4015.7,156,3,4016.2,71,1,4016.3,31,1,4016.4,42,1,4016.5,42,1,4016.6,11,1
11483,2026-07-02 14:15:15+05:30,4016.2,3,4035.38,1623230,177502.0,182634.0,4100.0,4110.0,4012.0,4092.6,25609850,4501.8,3683.4,4440.0,3288.1,4016.1,1,1,4016.0,29,3,4015.9,17,2,4015.8,24,1,4015.7,156,3,4016.2,71,1,4016.3,31,1,4016.4,42,1,4016.5,42,1,4016.6,11,1
11483,2026-07-02 14:15:16+05:30,4016.0,1,4035.38,1623238,177482.0,182814.0,4100.0,4110.0,4012.0,4092.6,25609850,4501.8,3683.4,4440.0,3288.1,4016.0,33,4,4015.9,17,2,4015.8,24,1,4015.7,156,3,4015.6,59,5,4016.2,69,2,4016.3,85,3,4016.4,42,1,4016.6,42,1,4016.8,16,1
11483,2026-07-02 14:15:16+05:30,4016.0,2,4035.38,1623238,177482.0,182814.0,4100.0,4110.0,4012.0,4092.6,25609850,4501.8,3683.4,4440.0,3288.1,4016.0,33,4,4015.9,17,2,4015.8,24,1,4015.7,156,3,4015.6,59,5,4016.2,69,2,4016.3,85,3,4016.4,42,1,4016.6,42,1,4016.8,16,1
11483,2026-07-02 14:15:16+05:30,4016.0,2,4035.38,1623242,177477.0,182571.0,4100.0,4110.0,4012.0,4092.6,25609850,4501.8,3683.4,4440.0,3288.1,4016.0,31,4,4015.9,17,2,4015.8,24,1,4015.7,156,3,4015.6,59,5,4016.3,12,1,4017.0,93,2,4017.1,19,1,4017.2,18,3,4017.3,46,2
11483,2026-07-02 14:15:17+05:30,4016.1,1,4035.38,1623242,177477.0,182571.0,4100.0,4110.0,4012.0,4092.6,25609850,4501.8,3683.4,4440.0,3288.1,4016.0,31,4,4015.9,17,2,4015.8,24,1,4015.7,156,3,4015.6,59,5,4016.3,12,1,4017.0,93,2,4017.1,19,1,4017.2,18,3,4017.3,46,2
11483,2026-07-02 14:15:17+05:30,4016.1,1,4035.38,1623278,177557.0,182553.0,4100.0,4110.0,4012.0,4092.6,25609850,4501.8,3683.4,4440.0,3288.1,4016.0,30,4,4015.9,17,2,4015.8,24,1,4015.7,156,3,4015.6,59,5,4016.1,4,1,4017.0,73,1,4017.2,31,4,4017.3,18,1,4017.4,16,1
11483,2026-07-02 14:15:18+05:30,4016.1,4,4035.38,1623278,177557.0,182553.0,4100.0,4110.0,4012.0,4092.6,25609850,4501.8,3683.4,4440.0,3288.1,4016.0,30,4,4015.9,17,2,4015.8,24,1,4015.7,156,3,4015.6,59,5,4016.1,4,1,4017.0,73,1,4017.2,31,4,4017.3,18,1,4017.4,16,1
11483,2026-07-02 14:15:18+05:30,4016.1,4,4035.38,1623286,177988.0,182584.0,4100.0,4110.0,4012.0,4092.6,25609850,4501.8,3683.4,4440.0,3288.1,4016.1,77,1,4016.0,68,4,4015.9,71,4,4015.8,67,3,4015.7,156,3,4017.0,73,1,4017.2,31,4,4017.4,16,1,4017.5,5,1,4017.6,43,2
11483,2026-07-02 14:15:19+05:30,4017.0,1,4035.38,1623286,177988.0,182584.0,4100.0,4110.0,4012.0,4092.6,25609850,4501.8,3683.4,4440.0,3288.1,4016.1,77,1,4016.0,68,4,4015.9,71,4,4015.8,67,3,4015.7,156,3,4017.0,73,1,4017.2,31,4,4017.4,16,1,4017.5,5,1,4017.6,43,2
11483,2026-07-02 14:15:19+05:30,4017.0,1,4035.38,1623288,178019.0,182527.0,4100.0,4110.0,4012.0,4092.6,25609850,4501.8,3683.4,4440.0,3288.1,4016.5,42,1,4016.4,42,1,4016.3,42,1,4016.1,42,1,4016.0,26,3,4017.0,72,1,4017.2,23,3,4017.5,5,1,4017.6,21,1,4017.7,28,1
11483,2026-07-02 14:15:20+05:30,4017.0,50,4035.38,1623344,178246.0,182417.0,4100.0,4110.0,4012.0,4092.6,25609850,4501.8,3683.4,4440.0,3288.1,4016.8,76,1,4016.7,42,1,4016.6,42,1,4016.5,42,1,4016.2,12,1,4017.0,16,1,4017.2,21,2,4017.5,5,1,4017.8,10,1,4017.9,30,3
11483,2026-07-02 14:15:20+05:30,4016.8,7,4035.38,1623344,178246.0,182417.0,4100.0,4110.0,4012.0,4092.6,25609850,4501.8,3683.4,4440.0,3288.1,4016.8,76,1,4016.7,42,1,4016.6,42,1,4016.5,42,1,4016.2,12,1,4017.0,16,1,4017.2,21,2,4017.5,5,1,4017.8,10,1,4017.9,30,3
11483,2026-07-02 14:15:21+05:30,4017.0,1,4035.37,1623508,177919.0,182687.0,4100.0,4110.0,4012.0,4092.6,25609850,4501.8,3683.4,4440.0,3288.1,4016.3,32,1,4016.1,5,1,4016.0,24,4,4015.9,29,3,4015.8,68,4,4017.0,77,1,4017.2,17,2,4017.5,5,1,4017.8,10,1,4017.9,30,3
11483,2026-07-02 14:15:21+05:30,4016.6,6,4035.37,1623508,177919.0,182687.0,4100.0,4110.0,4012.0,4092.6,25609850,4501.8,3683.4,4440.0,3288.1,4016.3,32,1,4016.1,5,1,4016.0,24,4,4015.9,29,3,4015.8,68,4,4017.0,77,1,4017.2,17,2,4017.5,5,1,4017.8,10,1,4017.9,30,3
11483,2026-07-02 14:15:22+05:30,4016.6,1,4035.37,1623532,178186.0,182684.0,4100.0,4110.0,4012.0,4092.6,25609850,4501.8,3683.4,4440.0,3288.1,4016.9,74,1,4016.6,35,1,4016.5,42,1,4016.4,42,1,4016.3,32,1,4017.0,74,1,4017.2,17,2,4017.5,5,1,4017.8,10,1,4017.9,30,3
11483,2026-07-02 14:15:22+05:30,4016.9,3,4035.37,1623532,178186.0,182684.0,4100.0,4110.0,4012.0,4092.6,25609850,4501.8,3683.4,4440.0,3288.1,4016.9,74,1,4016.6,35,1,4016.5,42,1,4016.4,42,1,4016.3,32,1,4017.0,74,1,4017.2,17,2,4017.5,5,1,4017.8,10,1,4017.9,30,3
11483,2026-07-02 14:15:23+05:30,4016.9,70,4035.37,1623532,178186.0,182684.0,4100.0,4110.0,4012.0,4092.6,25609850,4501.8,3683.4,4440.0,3288.1,4016.9,74,1,4016.6,35,1,4016.5,42,1,4016.4,42,1,4016.3,32,1,4017.0,74,1,4017.2,17,2,4017.5,5,1,4017.8,10,1,4017.9,30,3
11483,2026-07-02 14:15:23+05:30,4016.9,70,4035.37,1623611,178149.0,182830.0,4100.0,4110.0,4012.0,4092.6,25609850,4501.8,3683.4,4440.0,3288.1,4016.7,42,1,4016.6,77,2,4016.3,32,1,4016.2,28,2,4016.1,30,3,4016.9,1,1,4017.0,72,2,4017.2,17,2,4017.5,5,1,4017.8,10,1
11483,2026-07-02 14:15:24+05:30,4017.0,69,4035.37,1623692,178137.0,182740.0,4100.0,4110.0,4012.0,4092.6,25609850,4501.8,3683.4,4440.0,3288.1,4016.9,1,1,4016.8,42,1,4016.7,42,1,4016.6,35,1,4016.3,32,1,4017.0,1,1,4017.2,17,2,4017.5,5,1,4017.8,10,1,4017.9,2,1
11483,2026-07-02 14:15:24+05:30,4016.9,1,4035.37,1623692,178137.0,182740.0,4100.0,4110.0,4012.0,4092.6,25609850,4501.8,3683.4,4440.0,3288.1,4016.9,1,1,4016.8,42,1,4016.7,42,1,4016.6,35,1,4016.3,32,1,4017.0,1,1,4017.2,17,2,4017.5,5,1,4017.8,10,1,4017.9,2,1
11483,2026-07-02 14:15:25+05:30,4016.9,1,4035.37,1623692,178137.0,182740.0,4100.0,4110.0,4012.0,4092.6,25609850,4501.8,3683.4,4440.0,3288.1,4016.9,1,1,4016.8,42,1,4016.7,42,1,4016.6,35,1,4016.3,32,1,4017.0,1,1,4017.2,17,2,4017.5,5,1,4017.8,10,1,4017.9,2,1
11483,2026-07-02 14:15:25+05:30,4016.9,1,4035.37,1623855,178326.0,182031.0,4100.0,4110.0,4012.0,4092.6,25609850,4501.8,3683.4,4440.0,3288.1,4016.9,81,1,4016.7,42,1,4016.6,77,2,4016.3,32,1,4016.2,13,1,4017.0,29,1,4017.2,17,2,4017.5,5,1,4017.8,10,1,4017.9,2,1
11483,2026-07-02 14:15:25+05:30,4016.9,1,4035.37,1623855,178326.0,182031.0,4100.0,4110.0,4012.0,4092.6,25609850,4501.8,3683.4,4440.0,3288.1,4016.9,81,1,4016.7,42,1,4016.6,77,2,4016.3,32,1,4016.2,13,1,4017.0,29,1,4017.2,17,2,4017.5,5,1,4017.8,10,1,4017.9,2,1
11483,2026-07-02 14:15:25+05:30,4016.9,1,4035.37,1623855,178326.0,182031.0,4100.0,4110.0,4012.0,4092.6,25609850,4501.8,3683.4,4440.0,3288.1,4016.9,81,1,4016.7,42,1,4016.6,77,2,4016.3,32,1,4016.2,13,1,4017.0,29,1,4017.2,17,2,4017.5,5,1,4017.8,10,1,4017.9,2,1
11483,2026-07-02 14:15:26+05:30,4016.9,1,4035.37,1623855,178326.0,182031.0,4100.0,4110.0,4012.0,4092.6,25609850,4501.8,3683.4,4440.0,3288.1,4016.9,81,1,4016.7,42,1,4016.6,77,2,4016.3,32,1,4016.2,13,1,4017.0,29,1,4017.2,17,2,4017.5,5,1,4017.8,10,1,4017.9,2,1
11483,2026-07-02 14:15:26+05:30,4016.9,1,4035.37,1623887,178314.0,182636.0,4100.0,4110.0,4012.0,4092.6,25609850,4501.8,3683.4,4440.0,3288.1,4016.9,59,1,4016.7,42,1,4016.6,77,2,4016.3,32,1,4016.2,13,1,4017.0,30,2,4017.2,17,2,4017.5,5,1,4017.8,10,1,4017.9,11,2
11483,2026-07-02 14:15:26+05:30,4016.9,4,4035.37,1623887,178314.0,182636.0,4100.0,4110.0,4012.0,4092.6,25609850,4501.8,3683.4,4440.0,3288.1,4016.9,59,1,4016.7,42,1,4016.6,77,2,4016.3,32,1,4016.2,13,1,4017.0,30,2,4017.2,17,2,4017.5,5,1,4017.8,10,1,4017.9,11,2
11483,2026-07-02 14:15:27+05:30,4016.9,4,4035.37,1623887,178314.0,182636.0,4100.0,4110.0,4012.0,4092.6,25609850,4501.8,3683.4,4440.0,3288.1,4016.9,59,1,4016.7,42,1,4016.6,77,2,4016.3,32,1,4016.2,13,1,4017.0,30,2,4017.2,17,2,4017.5,5,1,4017.8,10,1,4017.9,11,2
11483,2026-07-02 14:15:27+05:30,4017.0,30,4035.37,1623952,178351.0,182274.0,4100.0,4110.0,4012.0,4092.6,25609850,4501.8,3683.4,4440.0,3288.1,4016.8,43,2,4016.7,42,1,4016.6,35,1,4016.3,32,1,4016.2,13,1,4017.0,27,1,4017.2,17,2,4017.4,1,1,4017.8,15,2,4017.9,26,3
11483,2026-07-02 14:15:27+05:30,4017.0,30,4035.37,1623952,178351.0,182274.0,4100.0,4110.0,4012.0,4092.6,25609850,4501.8,3683.4,4440.0,3288.1,4016.8,43,2,4016.7,42,1,4016.6,35,1,4016.3,32,1,4016.2,13,1,4017.0,27,1,4017.2,17,2,4017.4,1,1,4017.8,15,2,4017.9,26,3
11483,2026-07-02 14:15:27+05:30,4016.8,7,4035.37,1623952,178351.0,182274.0,4100.0,4110.0,4012.0,4092.6,25609850,4501.8,3683.4,4440.0,3288.1,4016.8,43,2,4016.7,42,1,4016.6,35,1,4016.3,32,1,4016.2,13,1,4017.0,27,1,4017.2,17,2,4017.4,1,1,4017.8,15,2,4017.9,26,3
11483,2026-07-02 14:15:28+05:30,4016.8,7,4035.37,1623952,178351.0,182274.0,4100.0,4110.0,4012.0,4092.6,25609850,4501.8,3683.4,4440.0,3288.1,4016.8,43,2,4016.7,42,1,4016.6,35,1,4016.3,32,1,4016.2,13,1,4017.0,27,1,4017.2,17,2,4017.4,1,1,4017.8,15,2,4017.9,26,3
11483,2026-07-02 14:15:28+05:30,4017.0,7,4035.37,1624074,178280.0,182221.0,4100.0,4110.0,4012.0,4092.6,25609850,4501.8,3683.4,4440.0,3288.1,4016.8,35,2,4016.7,42,1,4016.6,35,1,4016.3,32,1,4016.2,13,1,4017.0,28,1,4017.2,17,2,4017.4,1,1,4017.8,15,2,4017.9,2,1
11483,2026-07-02 14:15:28+05:30,4016.8,15,4035.37,1624074,178280.0,182221.0,4100.0,4110.0,4012.0,4092.6,25609850,4501.8,3683.4,4440.0,3288.1,4016.8,35,2,4016.7,42,1,4016.6,35,1,4016.3,32,1,4016.2,13,1,4017.0,28,1,4017.2,17,2,4017.4,1,1,4017.8,15,2,4017.9,2,1
11483,2026-07-02 14:15:29+05:30,4016.8,15,4035.37,1624074,178280.0,182221.0,4100.0,4110.0,4012.0,4092.6,25609850,4501.8,3683.4,4440.0,3288.1,4016.8,35,2,4016.7,42,1,4016.6,35,1,4016.3,32,1,4016.2,13,1,4017.0,28,1,4017.2,17,2,4017.4,1,1,4017.8,15,2,4017.9,2,1
11483,2026-07-02 14:15:29+05:30,4016.8,15,4035.37,1624074,178280.0,182221.0,4100.0,4110.0,4012.0,4092.6,25616675,4501.8,3683.4,4440.0,3288.1,4016.8,35,2,4016.7,42,1,4016.6,35,1,4016.3,32,1,4016.2,13,1,4017.0,28,1,4017.2,17,2,4017.4,1,1,4017.8,15,2,4017.9,2,1
11483,2026-07-02 14:15:29+05:30,4017.0,7,4035.37,1624098,178288.0,182244.0,4100.0,4110.0,4012.0,4092.6,25616675,4501.8,3683.4,4440.0,3288.1,4016.8,18,2,4016.7,42,1,4016.6,35,1,4016.3,32,1,4016.2,13,1,4017.0,22,2,4017.2,17,2,4017.4,1,1,4017.8,15,2,4017.9,11,2
11483,2026-07-02 14:15:29+05:30,4016.8,3,4035.37,1624098,178288.0,182244.0,4100.0,4110.0,4012.0,4092.6,25616675,4501.8,3683.4,4440.0,3288.1,4016.8,18,2,4016.7,42,1,4016.6,35,1,4016.3,32,1,4016.2,13,1,4017.0,22,2,4017.2,17,2,4017.4,1,1,4017.8,15,2,4017.9,11,2
11483,2026-07-02 14:15:30+05:30,4016.8,3,4035.37,1624098,178288.0,182244.0,4100.0,4110.0,4012.0,4092.6,25616675,4501.8,3683.4,4440.0,3288.1,4016.8,18,2,4016.7,42,1,4016.6,35,1,4016.3,32,1,4016.2,13,1,4017.0,22,2,4017.2,17,2,4017.4,1,1,4017.8,15,2,4017.9,11,2
11483,2026-07-02 14:15:30+05:30,4017.0,3,4035.37,1624113,178636.0,182230.0,4100.0,4110.0,4012.0,4092.6,25616675,4501.8,3683.4,4440.0,3288.1,4016.8,8,2,4016.7,48,2,4016.6,35,1,4016.3,32,1,4016.2,13,1,4017.0,17,2,4017.2,17,2,4017.4,1,1,4017.8,15,2,4017.9,11,2
11483,2026-07-02 14:15:30+05:30,4016.8,2,4035.37,1624113,178636.0,182230.0,4100.0,4110.0,4012.0,4092.6,25616675,4501.8,3683.4,4440.0,3288.1,4016.8,8,2,4016.7,48,2,4016.6,35,1,4016.3,32,1,4016.2,13,1,4017.0,17,2,4017.2,17,2,4017.4,1,1,4017.8,15,2,4017.9,11,2
11483,2026-07-02 14:15:30+05:30,4016.8,2,4035.37,1624113,178636.0,182230.0,4100.0,4110.0,4012.0,4092.6,25616675,4501.8,3683.4,4440.0,3288.1,4016.8,8,2,4016.7,48,2,4016.6,35,1,4016.3,32,1,4016.2,13,1,4017.0,17,2,4017.2,17,2,4017.4,1,1,4017.8,15,2,4017.9,11,2
11483,2026-07-02 14:15:31+05:30,4016.8,2,4035.37,1624113,178636.0,182230.0,4100.0,4110.0,4012.0,4092.6,25616675,4501.8,3683.4,4440.0,3288.1,4016.8,8,2,4016.7,48,2,4016.6,35,1,4016.3,32,1,4016.2,13,1,4017.0,17,2,4017.2,17,2,4017.4,1,1,4017.8,15,2,4017.9,11,2
11483,2026-07-02 14:15:31+05:30,4016.9,1,4035.37,1624113,178636.0,182230.0,4100.0,4110.0,4012.0,4092.6,25616675,4501.8,3683.4,4440.0,3288.1,4016.8,8,2,4016.7,48,2,4016.6,35,1,4016.3,32,1,4016.2,13,1,4017.0,17,2,4017.2,17,2,4017.4,1,1,4017.8,15,2,4017.9,11,2
11483,2026-07-02 14:15:32+05:30,4016.9,1,4035.37,1624318,178489.0,182297.0,4100.0,4110.0,4012.0,4092.6,25616675,4501.8,3683.4,4440.0,3288.1,4016.9,6,1,4016.8,4,2,4016.7,48,2,4016.6,35,1,4016.3,32,1,4017.0,21,1,4017.5,31,2,4017.6,25,2,4017.7,63,4,4017.8,37,2
11483,2026-07-02 14:15:32+05:30,4016.9,6,4035.37,1624318,178489.0,182297.0,4100.0,4110.0,4012.0,4092.6,25616675,4501.8,3683.4,4440.0,3288.1,4016.9,6,1,4016.8,4,2,4016.7,48,2,4016.6,35,1,4016.3,32,1,4017.0,21,1,4017.5,31,2,4017.6,25,2,4017.7,63,4,4017.8,37,2
11483,2026-07-02 14:15:33+05:30,4016.9,1,4035.37,1624330,178647.0,182209.0,4100.0,4110.0,4012.0,4092.6,25616675,4501.8,3683.4,4440.0,3288.1,4016.8,3,1,4016.7,6,1,4016.6,77,2,4016.3,32,1,4016.2,13,1,4016.9,11,3,4017.0,20,1,4017.2,15,1,4017.5,16,1,4017.6,40,3
11483,2026-07-02 14:15:33+05:30,4016.6,35,4035.37,1624330,178647.0,182209.0,4100.0,4110.0,4012.0,4092.6,25616675,4501.8,3683.4,4440.0,3288.1,4016.8,3,1,4016.7,6,1,4016.6,77,2,4016.3,32,1,4016.2,13,1,4016.9,11,3,4017.0,20,1,4017.2,15,1,4017.5,16,1,4017.6,40,3
11483,2026-07-02 14:15:34+05:30,4016.6,35,4035.36,1624409,178481.0,182614.0,4100.0,4110.0,4012.0,4092.6,25616675,4501.8,3683.4,4440.0,3288.1,4016.6,7,1,4016.3,32,1,4016.2,13,1,4016.1,20,2,4016.0,341,8,4016.8,1,1,4016.9,11,3,4017.0,20,1,4017.2,15,1,4017.5,16,1
11483,2026-07-02 14:15:34+05:30,4017.0,1,4035.36,1624409,178481.0,182614.0,4100.0,4110.0,4012.0,4092.6,25616675,4501.8,3683.4,4440.0,3288.1,4016.6,7,1,4016.3,32,1,4016.2,13,1,4016.1,20,2,4016.0,341,8,4016.8,1,1,4016.9,11,3,4017.0,20,1,4017.2,15,1,4017.5,16,1
11483,2026-07-02 14:15:35+05:30,4017.0,1,4035.36,1624466,178346.0,182974.0,4100.0,4110.0,4012.0,4092.6,25616675,4501.8,3683.4,4440.0,3288.1,4016.1,20,2,4016.0,341,8,4015.9,29,3,4015.8,27,3,4015.7,156,3,4017.0,74,1,4017.2,31,2,4017.3,19,2,4017.4,19,2,4017.5,61,3
11483,2026-07-02 14:15:35+05:30,4016.1,1,4035.36,1624466,178346.0,182974.0,4100.0,4110.0,4012.0,4092.6,25616675,4501.8,3683.4,4440.0,3288.1,4016.1,20,2,4016.0,341,8,4015.9,29,3,4015.8,27,3,4015.7,156,3,4017.0,74,1,4017.2,31,2,4017.3,19,2,4017.4,19,2,4017.5,61,3
11483,2026-07-02 14:15:36+05:30,4016.1,1,4035.36,1624475,178726.0,182962.0,4100.0,4110.0,4012.0,4092.6,25616675,4501.8,3683.4,4440.0,3288.1,4016.1,12,2,4016.0,343,9,4015.9,29,3,4015.8,27,3,4015.7,156,3,4017.0,73,1,4017.2,31,2,4017.3,16,1,4017.4,16,1,4017.5,23,2
11483,2026-07-02 14:15:36+05:30,4015.5,24,4035.36,1624475,178726.0,182962.0,4100.0,4110.0,4012.0,4092.6,25616675,4501.8,3683.4,4440.0,3288.1,4016.1,12,2,4016.0,343,9,4015.9,29,3,4015.8,27,3,4015.7,156,3,4017.0,73,1,4017.2,31,2,4017.3,16,1,4017.4,16,1,4017.5,23,2
11483,2026-07-02 14:15:37+05:30,4016.1,1,4035.36,1625189,177754.0,182947.0,4100.0,4110.0,4012.0,4092.6,25616675,4501.8,3683.4,4440.0,3288.1,4016.5,1,1,4016.0,8,1,4015.8,4,1,4015.7,11,1,4015.6,25,2,4017.0,73,1,4017.3,16,1,4017.5,23,2,4017.6,42,3,4017.7,38,3
11483,2026-07-02 14:15:37+05:30,4016.5,1,4035.36,1625189,177754.0,182947.0,4100.0,4110.0,4012.0,4092.6,25616675,4501.8,3683.4,4440.0,3288.1,4016.5,1,1,4016.0,8,1,4015.8,4,1,4015.7,11,1,4015.6,25,2,4017.0,73,1,4017.3,16,1,4017.5,23,2,4017.6,42,3,4017.7,38,3
11483,2026-07-02 14:15:38+05:30,4016.5,1,4035.36,1625193,177992.0,182923.0,4100.0,4110.0,4012.0,4092.6,25616675,4501.8,3683.4,4440.0,3288.1,4016.1,2,1,4016.0,8,1,4015.7,11,1,4015.6,22,2,4015.5,63,8,4016.5,5,1,4017.0,75,2,4017.3,16,1,4017.5,23,2,4017.6,45,4
11483,2026-07-02 14:15:38+05:30,4017.0,30,4035.36,1625193,177992.0,182923.0,4100.0,4110.0,4012.0,4092.6,25616675,4501.8,3683.4,4440.0,3288.1,4016.1,2,1,4016.0,8,1,4015.7,11,1,4015.6,22,2,4015.5,63,8,4016.5,5,1,4017.0,75,2,4017.3,16,1,4017.5,23,2,4017.6,45,4
11483,2026-07-02 14:15:39+05:30,4017.0,1,4035.35,1625394,178301.0,182969.0,4100.0,4110.0,4012.0,4092.6,25616675,4501.8,3683.4,4440.0,3288.1,4016.1,2,1,4015.9,12,1,4015.7,11,1,4015.6,22,2,4015.5,118,10,4017.0,42,1,4017.3,16,1,4017.5,26,3,4017.6,58,4,4017.7,38,3
11483,2026-07-02 14:15:39+05:30,4016.1,5,4035.35,1625394,178301.0,182969.0,4100.0,4110.0,4012.0,4092.6,25616675,4501.8,3683.4,4440.0,3288.1,4016.1,2,1,4015.9,12,1,4015.7,11,1,4015.6,22,2,4015.5,118,10,4017.0,42,1,4017.3,16,1,4017.5,26,3,4017.6,58,4,4017.7,38,3
11483,2026-07-02 14:15:40+05:30,4016.1,5,4035.35,1625415,177969.0,183140.0,4100.0,4110.0,4012.0,4092.6,25616675,4501.8,3683.4,4440.0,3288.1,4015.8,10,1,4015.7,15,2,4015.6,9,1,4015.5,80,9,4015.4,38,5,4016.1,3,1,4017.0,42,1,4017.3,16,1,4017.4,3,1,4017.5,90,3
11483,2026-07-02 14:15:40+05:30,4017.0,9,4035.35,1625415,177969.0,183140.0,4100.0,4110.0,4012.0,4092.6,25616675,4501.8,3683.4,4440.0,3288.1,4015.8,10,1,4015.7,15,2,4015.6,9,1,4015.5,80,9,4015.4,38,5,4016.1,3,1,4017.0,42,1,4017.3,16,1,4017.4,3,1,4017.5,90,3
11483,2026-07-02 14:15:41+05:30,4017.0,9,4035.35,1625430,178011.0,183092.0,4100.0,4110.0,4012.0,4092.6,25616675,4501.8,3683.4,4440.0,3288.1,4016.2,2,1,4015.9,13,1,4015.6,41,3,4015.5,34,5,4015.4,42,4,4017.0,55,4,4017.1,25,2,4017.2,5,1,4017.3,75,4,4017.4,31,2
11483,2026-07-02 14:15:41+05:30,4017.0,129,4035.35,1625430,178011.0,183092.0,4100.0,4110.0,4012.0,4092.6,25616675,4501.8,3683.4,4440.0,3288.1,4016.2,2,1,4015.9,13,1,4015.6,41,3,4015.5,34,5,4015.4,42,4,4017.0,55,4,4017.1,25,2,4017.2,5,1,4017.3,75,4,4017.4,31,2
11483,2026-07-02 14:15:42+05:30,4017.0,129,4035.35,1625636,177568.0,183043.0,4100.0,4110.0,4012.0,4092.6,25616675,4501.8,3683.4,4440.0,3288.1,4016.0,11,2,4015.9,13,1,4015.6,41,3,4015.5,34,5,4015.4,26,3,4017.0,127,5,4017.1,16,2,4017.2,7,2,4017.3,48,3,4017.4,33,2
11483,2026-07-02 14:15:42+05:30,4015.5,7,4035.35,1625636,177568.0,183043.0,4100.0,4110.0,4012.0,4092.6,25616675,4501.8,3683.4,4440.0,3288.1,4016.0,11,2,4015.9,13,1,4015.6,41,3,4015.5,34,5,4015.4,26,3,4017.0,127,5,4017.1,16,2,4017.2,7,2,4017.3,48,3,4017.4,33,2
11483,2026-07-02 14:15:43+05:30,4015.5,7,4035.35,1625699,177924.0,183189.0,4100.0,4110.0,4012.0,4092.6,25616675,4501.8,3683.4,4440.0,3288.1,4016.0,20,1,4015.6,12,1,4015.5,27,5,4015.4,80,5,4015.3,46,6,4017.0,73,1,4017.4,28,1,4017.5,62,2,4017.6,36,4,4017.7,56,4
11483,2026-07-02 14:15:43+05:30,4016.0,8,4035.35,1625699,177924.0,183189.0,4100.0,4110.0,4012.0,4092.6,25616675,4501.8,3683.4,4440.0,3288.1,4016.0,20,1,4015.6,12,1,4015.5,27,5,4015.4,80,5,4015.3,46,6,4017.0,73,1,4017.4,28,1,4017.5,62,2,4017.6,36,4,4017.7,56,4
11483,2026-07-02 14:15:44+05:30,4017.0,27,4035.35,1625734,177930.0,183159.0,4100.0,4110.0,4012.0,4092.6,25616675,4501.8,3683.4,4440.0,3288.1,4016.0,12,1,4015.6,25,2,4015.5,27,5,4015.4,80,5,4015.3,46,6,4017.0,46,1,4017.4,21,2,4017.5,105,4,4017.6,33,3,4017.7,10,2
11483,2026-07-02 14:15:44+05:30,4016.0,4,4035.35,1625734,177930.0,183159.0,4100.0,4110.0,4012.0,4092.6,25616675,4501.8,3683.4,4440.0,3288.1,4016.0,12,1,4015.6,25,2,4015.5,27,5,4015.4,80,5,4015.3,46,6,4017.0,46,1,4017.4,21,2,4017.5,105,4,4017.6,33,3,4017.7,10,2
11483,2026-07-02 14:15:45+05:30,4016.0,4,4035.35,1625738,177909.0,183159.0,4100.0,4110.0,4012.0,4092.6,25616675,4501.8,3683.4,4440.0,3288.1,4016.0,8,1,4015.6,25,2,4015.5,27,5,4015.4,80,5,4015.3,46,6,4017.0,46,1,4017.4,21,2,4017.5,105,4,4017.6,33,3,4017.7,10,2
11483,2026-07-02 14:15:45+05:30,4016.0,1,4035.35,1625738,177909.0,183159.0,4100.0,4110.0,4012.0,4092.6,25616675,4501.8,3683.4,4440.0,3288.1,4016.0,8,1,4015.6,25,2,4015.5,27,5,4015.4,80,5,4015.3,46,6,4017.0,46,1,4017.4,21,2,4017.5,105,4,4017.6,33,3,4017.7,10,2
11483,2026-07-02 14:15:46+05:30,4017.0,8,4035.35,1625747,178458.0,182534.0,4100.0,4110.0,4012.0,4092.6,25616675,4501.8,3683.4,4440.0,3288.1,4016.5,2,2,4016.3,15,1,4016.0,18,2,4015.9,24,3,4015.8,32,3,4017.0,40,2,4017.7,28,1,4017.9,2,1,4018.0,74,5,4018.1,44,2
11483,2026-07-02 14:15:46+05:30,4017.0,1,4035.35,1625747,178458.0,182534.0,4100.0,4110.0,4012.0,4092.6,25616675,4501.8,3683.4,4440.0,3288.1,4016.5,2,2,4016.3,15,1,4016.0,18,2,4015.9,24,3,4015.8,32,3,4017.0,40,2,4017.7,28,1,4017.9,2,1,4018.0,74,5,4018.1,44,2
11483,2026-07-02 14:15:47+05:30,4017.0,1,4035.35,1625761,178536.0,182703.0,4100.0,4110.0,4012.0,4092.6,25616675,4501.8,3683.4,4440.0,3288.1,4016.7,1,1,4016.5,2,2,4016.0,7,1,4015.9,24,3,4015.8,4,1,4017.0,27,2,4017.6,17,1,4017.9,36,3,4018.0,74,5,4018.1,47,3
11483,2026-07-02 14:15:47+05:30,4016.7,1,4035.35,1625761,178536.0,182703.0,4100.0,4110.0,4012.0,4092.6,25616675,4501.8,3683.4,4440.0,3288.1,4016.7,1,1,4016.5,2,2,4016.0,7,1,4015.9,24,3,4015.8,4,1,4017.0,27,2,4017.6,17,1,4017.9,36,3,4018.0,74,5,4018.1,47,3
11483,2026-07-02 14:15:48+05:30,4016.7,1,4035.35,1625762,178550.0,182704.0,4100.0,4110.0,4012.0,4092.6,25616675,4501.8,3683.4,4440.0,3288.1,4016.5,2,2,4016.0,17,2,4015.9,24,3,4015.8,4,1,4015.7,16,2,4017.0,27,2,4017.6,17,1,4017.9,36,3,4018.0,77,6,4018.1,44,2
11483,2026-07-02 14:15:48+05:30,4016.5,1,4035.35,1625762,178550.0,182704.0,4100.0,4110.0,4012.0,4092.6,25616675,4501.8,3683.4,4440.0,3288.1,4016.5,2,2,4016.0,17,2,4015.9,24,3,4015.8,4,1,4015.7,16,2,4017.0,27,2,4017.6,17,1,4017.9,36,3,4018.0,77,6,4018.1,44,2
11483,2026-07-02 14:15:49+05:30,4016.5,1,4035.35,1625763,178520.0,182711.0,4100.0,4110.0,4012.0,4092.6,25616675,4501.8,3683.4,4440.0,3288.1,4016.5,2,2,4016.0,27,3,4015.9,24,3,4015.7,16,2,4015.6,73,5,4017.0,27,2,4017.6,17,1,4017.8,31,2,4017.9,36,3,4018.0,74,5
11483,2026-07-02 14:15:49+05:30,4016.5,1,4035.35,1625763,178520.0,182711.0,4100.0,4110.0,4012.0,4092.6,25616675,4501.8,3683.4,4440.0,3288.1,4016.5,2,2,4016.0,27,3,4015.9,24,3,4015.7,16,2,4015.6,73,5,4017.0,27,2,4017.6,17,1,4017.8,31,2,4017.9,36,3,4018.0,74,5
11483,2026-07-02 14:15:50+05:30,4017.0,7,4035.35,1625772,178553.0,182693.0,4100.0,4110.0,4012.0,4092.6,25616675,4501.8,3683.4,4440.0,3288.1,4016.5,2,2,4016.0,27,3,4015.9,17,2,4015.7,16,2,4015.6,91,6,4017.0,20,2,4017.6,17,1,4017.8,31,2,4017.9,36,3,4018.0,74,5
11483,2026-07-02 14:15:50+05:30,4016.5,1,4035.35,1625772,178553.0,182693.0,4100.0,4110.0,4012.0,4092.6,25616675,4501.8,3683.4,4440.0,3288.1,4016.5,2,2,4016.0,27,3,4015.9,17,2,4015.7,16,2,4015.6,91,6,4017.0,20,2,4017.6,17,1,4017.8,31,2,4017.9,36,3,4018.0,74,5
11483,2026-07-02 14:15:51+05:30,4016.5,1,4035.35,1625773,178578.0,182329.0,4100.0,4110.0,4012.0,4092.6,25616675,4501.8,3683.4,4440.0,3288.1,4016.5,1,1,4016.1,6,2,4016.0,28,4,4015.9,17,2,4015.7,16,2,4017.0,20,2,4017.8,31,2,4017.9,90,4,4018.0,51,5,4018.1,58,3
11483,2026-07-02 14:15:51+05:30,4016.0,10,4035.35,1625773,178578.0,182329.0,4100.0,4110.0,4012.0,4092.6,25616675,4501.8,3683.4,4440.0,3288.1,4016.5,1,1,4016.1,6,2,4016.0,28,4,4015.9,17,2,4015.7,16,2,4017.0,20,2,4017.8,31,2,4017.9,90,4,4018.0,51,5,4018.1,58,3
11483,2026-07-02 14:15:52+05:30,4016.0,10,4035.35,1625799,178978.0,182401.0,4100.0,4110.0,4012.0,4092.6,25616675,4501.8,3683.4,4440.0,3288.1,4016.1,11,2,4016.0,522,4,4015.9,17,2,4015.8,48,3,4015.7,16,2,4017.0,19,2,4017.7,26,1,4017.8,54,2,4017.9,36,3,4018.0,28,4
11483,2026-07-02 14:15:52+05:30,4016.9,5,4035.35,1625799,178978.0,182401.0,4100.0,4110.0,4012.0,4092.6,25616675,4501.8,3683.4,4440.0,3288.1,4016.1,11,2,4016.0,522,4,4015.9,17,2,4015.8,48,3,4015.7,16,2,4017.0,19,2,4017.7,26,1,4017.8,54,2,4017.9,36,3,4018.0,28,4
11483,2026-07-02 14:15:53+05:30,4016.9,5,4035.34,1626425,177673.0,177557.0,4100.0,4110.0,4012.0,4092.6,25616675,4501.8,3683.4,4440.0,3288.1,4016.7,32,5,4016.6,18,1,4016.5,29,2,4016.4,51,4,4016.3,17,2,4017.0,84,2,4018.3,3,1,4018.4,3,1,4018.5,38,3,4018.6,50,2
11483,2026-07-02 14:15:53+05:30,4017.0,7,4035.34,1626425,177673.0,177557.0,4100.0,4110.0,4012.0,4092.6,25616675,4501.8,3683.4,4440.0,3288.1,4016.7,32,5,4016.6,18,1,4016.5,29,2,4016.4,51,4,4016.3,17,2,4017.0,84,2,4018.3,3,1,4018.4,3,1,4018.5,38,3,4018.6,50,2
11483,2026-07-02 14:15:54+05:30,4017.1,13,4035.32,1627899,178367.0,177421.0,4100.0,4110.0,4012.0,4092.6,25616675,4501.8,3683.4,4440.0,3288.1,4016.9,31,5,4016.8,4,2,4016.7,23,3,4016.6,8,2,4016.5,25,3,4017.0,92,1,4018.3,3,1,4018.4,3,1,4018.5,10,2,4018.6,63,2
11483,2026-07-02 14:15:54+05:30,4016.9,6,4035.32,1627899,178367.0,177421.0,4100.0,4110.0,4012.0,4092.6,25616675,4501.8,3683.4,4440.0,3288.1,4016.9,31,5,4016.8,4,2,4016.7,23,3,4016.6,8,2,4016.5,25,3,4017.0,92,1,4018.3,3,1,4018.4,3,1,4018.5,10,2,4018.6,63,2
11483,2026-07-02 14:15:55+05:30,4016.9,6,4035.32,1627936,178551.0,178061.0,4100.0,4110.0,4012.0,4092.6,25616675,4501.8,3683.4,4440.0,3288.1,4016.8,28,5,4016.7,6,2,4016.6,4,1,4016.5,10,1,4016.4,51,4,4016.9,20,2,4017.0,92,1,4017.2,13,1,4018.3,20,2,4018.4,31,2
11483,2026-07-02 14:15:55+05:30,4016.9,1,4035.32,1627936,178551.0,178061.0,4100.0,4110.0,4012.0,4092.6,25616675,4501.8,3683.4,4440.0,3288.1,4016.8,28,5,4016.7,6,2,4016.6,4,1,4016.5,10,1,4016.4,51,4,4016.9,20,2,4017.0,92,1,4017.2,13,1,4018.3,20,2,4018.4,31,2
11483,2026-07-02 14:15:56+05:30,4017.0,1,4035.32,1628447,178761.0,177952.0,4100.0,4110.0,4012.0,4092.6,25616675,4501.8,3683.4,4440.0,3288.1,4016.9,9,1,4016.8,23,3,4016.7,7,3,4016.6,4,1,4016.5,14,2,4017.0,78,1,4017.2,13,1,4018.3,3,1,4018.4,3,1,4018.5,10,2
11483,2026-07-02 14:15:56+05:30,4016.9,9,4035.32,1628447,178761.0,177952.0,4100.0,4110.0,4012.0,4092.6,25616675,4501.8,3683.4,4440.0,3288.1,4016.9,9,1,4016.8,23,3,4016.7,7,3,4016.6,4,1,4016.5,14,2,4017.0,78,1,4017.2,13,1,4018.3,3,1,4018.4,3,1,4018.5,10,2
11483,2026-07-02 14:15:57+05:30,4016.9,5,4035.32,1628461,178841.0,177535.0,4100.0,4110.0,4012.0,4092.6,25616675,4501.8,3683.4,4440.0,3288.1,4016.8,24,5,4016.7,7,3,4016.6,4,1,4016.5,10,1,4016.4,31,3,4016.9,3,2,4017.0,78,1,4017.2,13,1,4018.2,4,1,4018.3,3,1
11483,2026-07-02 14:15:57+05:30,4017.0,62,4035.32,1628461,178841.0,177535.0,4100.0,4110.0,4012.0,4092.6,25616675,4501.8,3683.4,4440.0,3288.1,4016.8,24,5,4016.7,7,3,4016.6,4,1,4016.5,10,1,4016.4,31,3,4016.9,3,2,4017.0,78,1,4017.2,13,1,4018.2,4,1,4018.3,3,1
11483,2026-07-02 14:15:58+05:30,4017.0,35,4035.27,1632786,178557.0,177081.0,4100.0,4110.0,4012.0,4092.6,25616675,4501.8,3683.4,4440.0,3288.1,4017.0,21,3,4016.9,18,4,4016.8,63,5,4016.7,199,5,4016.6,44,3,4018.5,3,1,4018.6,3,1,4018.7,3,1,4018.8,3,1,4018.9,3,1
11483,2026-07-02 14:15:58+05:30,4017.0,14,4035.27,1632786,178557.0,177081.0,4100.0,4110.0,4012.0,4092.6,25616675,4501.8,3683.4,4440.0,3288.1,4017.0,21,3,4016.9,18,4,4016.8,63,5,4016.7,199,5,4016.6,44,3,4018.5,3,1,4018.6,3,1,4018.7,3,1,4018.8,3,1,4018.9,3,1
11483,2026-07-02 14:15:59+05:30,4017.0,6,4035.21,1637829,175289.0,176753.0,4100.0,4110.0,4012.0,4092.6,25616675,4501.8,3683.4,4440.0,3288.1,4016.9,1,1,4016.8,24,4,4016.7,8,2,4016.6,20,1,4016.5,23,4,4017.0,102,3,4018.3,39,1,4018.4,54,3,4018.5,38,4,4018.6,58,3
11483,2026-07-02 14:15:59+05:30,4016.9,1,4035.21,1637829,175289.0,176753.0,4100.0,4110.0,4012.0,4092.6,25616675,4501.8,3683.4,4440.0,3288.1,4016.9,1,1,4016.8,24,4,4016.7,8,2,4016.6,20,1,4016.5,23,4,4017.0,102,3,4018.3,39,1,4018.4,54,3,4018.5,38,4,4018.6,58,3
11483,2026-07-02 14:16:00+05:30,4016.9,44,4035.21,1638383,175657.0,177136.0,4100.0,4110.0,4012.0,4092.6,25616675,4501.8,3683.4,4440.0,3288.1,4016.8,15,4,4016.7,26,3,4016.6,20,1,4016.5,13,3,4016.4,15,1,4016.9,61,1,4017.0,102,3,4018.3,4,1,4018.4,3,1,4018.5,79,3
11483,2026-07-02 14:16:00+05:30,4017.0,8,4035.21,1638383,175657.0,177136.0,4100.0,4110.0,4012.0,4092.6,25616675,4501.8,3683.4,4440.0,3288.1,4016.8,15,4,4016.7,26,3,4016.6,20,1,4016.5,13,3,4016.4,15,1,4016.9,61,1,4017.0,102,3,4018.3,4,1,4018.4,3,1,4018.5,79,3
11483,2026-07-02 14:16:01+05:30,4017.0,15,4035.2,1639071,175838.0,177276.0,4100.0,4110.0,4012.0,4092.6,25616675,4501.8,3683.4,4440.0,3288.1,4016.9,39,6,4016.8,7,1,4016.7,26,3,4016.5,26,4,4016.4,23,3,4017.0,78,2,4018.2,3,1,4018.3,3,1,4018.4,25,2,4018.5,3,1
11483,2026-07-02 14:16:01+05:30,4016.9,9,4035.2,1639071,175838.0,177276.0,4100.0,4110.0,4012.0,4092.6,25616675,4501.8,3683.4,4440.0,3288.1,4016.9,39,6,4016.8,7,1,4016.7,26,3,4016.5,26,4,4016.4,23,3,4017.0,78,2,4018.2,3,1,4018.3,3,1,4018.4,25,2,4018.5,3,1
11483,2026-07-02 14:16:02+05:30,4017.0,5,4035.2,1639237,176318.0,178143.0,4100.0,4110.0,4012.0,4092.6,25616675,4501.8,3683.4,4440.0,3288.1,4016.9,156,4,4016.7,6,1,4016.5,26,4,4016.4,15,1,4016.3,30,4,4017.0,94,2,4018.1,39,2,4018.2,11,1,4018.4,3,1,4018.5,57,3
11483,2026-07-02 14:16:02+05:30,4017.0,7,4035.2,1639237,176318.0,178143.0,4100.0,4110.0,4012.0,4092.6,25616675,4501.8,3683.4,4440.0,3288.1,4016.9,156,4,4016.7,6,1,4016.5,26,4,4016.4,15,1,4016.3,30,4,4017.0,94,2,4018.1,39,2,4018.2,11,1,4018.4,3,1,4018.5,57,3
11483,2026-07-02 14:16:03+05:30,4016.9,6,4035.15,1643406,177200.0,176834.0,4100.0,4110.0,4012.0,4092.6,25616675,4501.8,3683.4,4440.0,3288.1,4016.9,136,4,4016.8,9,3,4016.7,181,2,4016.6,4,1,4016.5,217,5,4017.0,93,1,4018.4,12,2,4018.5,35,2,4018.6,3,1,4018.7,3,1
11483,2026-07-02 14:16:03+05:30,4016.7,30,4035.15,1643406,177200.0,176834.0,4100.0,4110.0,4012.0,4092.6,25616675,4501.8,3683.4,4440.0,3288.1,4016.9,136,4,4016.8,9,3,4016.7,181,2,4016.6,4,1,4016.5,217,5,4017.0,93,1,4018.4,12,2,4018.5,35,2,4018.6,3,1,4018.7,3,1
11483,2026-07-02 14:16:04+05:30,4016.9,4,4035.14,1644241,175236.0,177391.0,4100.0,4110.0,4012.0,4092.6,25616675,4501.8,3683.4,4440.0,3288.1,4016.9,6,2,4016.8,2,1,4016.6,4,1,4016.5,17,2,4016.4,6,1,4017.0,92,2,4017.1,42,1,4017.2,42,1,4017.3,42,1,4017.5,42,1
11483,2026-07-02 14:16:04+05:30,4016.9,1,4035.14,1644241,175236.0,177391.0,4100.0,4110.0,4012.0,4092.6,25616675,4501.8,3683.4,4440.0,3288.1,4016.9,6,2,4016.8,2,1,4016.6,4,1,4016.5,17,2,4016.4,6,1,4017.0,92,2,4017.1,42,1,4017.2,42,1,4017.3,42,1,4017.5,42,1
11483,2026-07-02 14:16:05+05:30,4017.0,2,4035.13,1645159,176589.0,176901.0,4100.0,4110.0,4012.0,4092.6,25616675,4501.8,3683.4,4440.0,3288.1,4016.9,36,4,4016.8,20,2,4016.7,10,2,4016.6,20,1,4016.5,87,7,4017.0,67,1,4017.2,42,1,4018.4,3,1,4018.5,35,2,4018.6,3,1
11483,2026-07-02 14:16:05+05:30,4016.9,4,4035.13,1645159,176589.0,176901.0,4100.0,4110.0,4012.0,4092.6,25616675,4501.8,3683.4,4440.0,3288.1,4016.9,36,4,4016.8,20,2,4016.7,10,2,4016.6,20,1,4016.5,87,7,4017.0,67,1,4017.2,42,1,4018.4,3,1,4018.5,35,2,4018.6,3,1
11483,2026-07-02 14:16:06+05:30,4016.9,7,4035.13,1645213,175396.0,177882.0,4100.0,4110.0,4012.0,4092.6,25616675,4501.8,3683.4,4440.0,3288.1,4016.8,15,2,4016.7,15,1,4016.5,18,3,4016.3,10,1,4016.2,66,4,4016.9,41,3,4017.0,109,2,4017.1,42,1,4017.2,42,1,4017.4,42,1
11483,2026-07-02 14:16:06+05:30,4016.8,6,4035.13,1645213,175396.0,177882.0,4100.0,4110.0,4012.0,4092.6,25616675,4501.8,3683.4,4440.0,3288.1,4016.8,15,2,4016.7,15,1,4016.5,18,3,4016.3,10,1,4016.2,66,4,4016.9,41,3,4017.0,109,2,4017.1,42,1,4017.2,42,1,4017.4,42,1
11483,2026-07-02 14:16:07+05:30,4016.9,22,4035.13,1645245,175368.0,177853.0,4100.0,4110.0,4012.0,4092.6,25616675,4501.8,3683.4,4440.0,3288.1,4016.8,15,4,4016.5,18,3,4016.3,10,1,4016.2,66,4,4016.1,74,3,4016.9,28,4,4017.0,109,2,4017.1,42,1,4017.2,42,1,4017.4,42,1
11483,2026-07-02 14:16:07+05:30,4016.8,1,4035.13,1645245,175368.0,177853.0,4100.0,4110.0,4012.0,4092.6,25616675,4501.8,3683.4,4440.0,3288.1,4016.8,15,4,4016.5,18,3,4016.3,10,1,4016.2,66,4,4016.1,74,3,4016.9,28,4,4017.0,109,2,4017.1,42,1,4017.2,42,1,4017.4,42,1
11483,2026-07-02 14:16:08+05:30,4017.0,38,4035.13,1645424,175571.0,177986.0,4100.0,4110.0,4012.0,4092.6,25616675,4501.8,3683.4,4440.0,3288.1,4016.9,9,1,4016.8,35,5,4016.6,4,1,4016.5,18,3,4016.4,21,2,4017.0,133,3,4017.2,42,1,4017.3,42,1,4017.5,42,1,4017.8,32,1
11483,2026-07-02 14:16:08+05:30,4016.9,9,4035.13,1645424,175571.0,177986.0,4100.0,4110.0,4012.0,4092.6,25616675,4501.8,3683.4,4440.0,3288.1,4016.9,9,1,4016.8,35,5,4016.6,4,1,4016.5,18,3,4016.4,21,2,4017.0,133,3,4017.2,42,1,4017.3,42,1,4017.5,42,1,4017.8,32,1
11483,2026-07-02 14:16:09+05:30,4016.9,1,4035.13,1645445,175412.0,178056.0,4100.0,4110.0,4012.0,4092.6,25616675,4501.8,3683.4,4440.0,3288.1,4016.8,15,3,4016.7,15,1,4016.5,18,3,4016.4,15,1,4016.3,10,1,4016.9,44,2,4017.0,90,2,4017.1,42,1,4017.2,2,1,4017.3,42,1
11483,2026-07-02 14:16:09+05:30,4016.8,2,4035.13,1645445,175412.0,178056.0,4100.0,4110.0,4012.0,4092.6,25616675,4501.8,3683.4,4440.0,3288.1,4016.8,15,3,4016.7,15,1,4016.5,18,3,4016.4,15,1,4016.3,10,1,4016.9,44,2,4017.0,90,2,4017.1,42,1,4017.2,2,1,4017.3,42,1
11483,2026-07-02 14:16:10+05:30,4016.8,9,4035.13,1645445,175412.0,178056.0,4100.0,4110.0,4012.0,4092.6,25616675,4501.8,3683.4,4440.0,3288.1,4016.8,15,3,4016.7,15,1,4016.5,18,3,4016.4,15,1,4016.3,10,1,4016.9,44,2,4017.0,90,2,4017.1,42,1,4017.2,2,1,4017.3,42,1
11483,2026-07-02 14:16:11+05:30,4016.8,9,4035.13,1645458,175406.0,178182.0,4100.0,4110.0,4012.0,4092.6,25616675,4501.8,3683.4,4440.0,3288.1,4016.6,9,1,4016.5,27,4,4016.3,10,1,4016.2,66,4,4016.1,59,2,4016.7,43,1,4016.8,3,2,4016.9,44,2,4017.0,132,3,4017.2,44,2
11483,2026-07-02 14:16:11+05:30,4016.6,2,4035.13,1645458,175406.0,178182.0,4100.0,4110.0,4012.0,4092.6,25616675,4501.8,3683.4,4440.0,3288.1,4016.6,9,1,4016.5,27,4,4016.3,10,1,4016.2,66,4,4016.1,59,2,4016.7,43,1,4016.8,3,2,4016.9,44,2,4017.0,132,3,4017.2,44,2
11483,2026-07-02 14:16:12+05:30,4016.6,2,4035.13,1645460,175406.0,178083.0,4100.0,4110.0,4012.0,4092.6,25616675,4501.8,3683.4,4440.0,3288.1,4016.6,7,1,4016.5,27,4,4016.3,10,1,4016.2,61,3,4016.1,59,2,4016.7,45,2,4016.8,4,3,4016.9,42,1,4017.0,132,3,4017.2,44,2
11483,2026-07-02 14:16:13+05:30,4016.6,2,4035.13,1645460,175394.0,178069.0,4100.0,4110.0,4012.0,4092.6,25616675,4501.8,3683.4,4440.0,3288.1,4016.6,7,1,4016.5,27,4,4016.3,10,1,4016.2,61,3,4016.1,59,2,4016.7,2,1,4016.8,4,3,4016.9,175,1,4017.0,86,1,4017.3,9,1
11483,2026-07-02 14:16:13+05:30,4016.6,2,4035.13,1645460,175394.0,178069.0,4100.0,4110.0,4012.0,4092.6,25616675,4501.8,3683.4,4440.0,3288.1,4016.6,7,1,4016.5,27,4,4016.3,10,1,4016.2,61,3,4016.1,59,2,4016.7,2,1,4016.8,4,3,4016.9,175,1,4017.0,86,1,4017.3,9,1
11483,2026-07-02 14:16:13+05:30,4016.6,2,4035.13,1645462,175417.0,178058.0,4100.0,4110.0,4012.0,4092.6,25616675,4501.8,3683.4,4440.0,3288.1,4016.6,5,1,4016.5,27,4,4016.3,10,1,4016.2,61,3,4016.1,59,2,4016.7,2,1,4016.8,2,2,4016.9,175,1,4017.0,86,1,4017.3,9,1
11483,2026-07-02 14:16:14+05:30,4016.6,4,4035.13,1645462,175417.0,178058.0,4100.0,4110.0,4012.0,4092.6,25616675,4501.8,3683.4,4440.0,3288.1,4016.6,5,1,4016.5,27,4,4016.3,10,1,4016.2,61,3,4016.1,59,2,4016.7,2,1,4016.8,2,2,4016.9,175,1,4017.0,86,1,4017.3,9,1
11483,2026-07-02 14:16:14+05:30,4016.6,4,4035.13,1645615,175694.0,178677.0,4100.0,4110.0,4012.0,4092.6,25616675,4501.8,3683.4,4440.0,3288.1,4016.7,9,1,4016.6,29,1,4016.5,69,5,4016.4,42,1,4016.2,55,2,4016.9,175,1,4017.0,86,1,4017.4,37,3,4017.5,48,3,4017.6,13,1
11483,2026-07-02 14:16:15+05:30,4016.0,249,4035.13,1645615,175694.0,178677.0,4100.0,4110.0,4012.0,4092.6,25616675,4501.8,3683.4,4440.0,3288.1,4016.7,9,1,4016.6,29,1,4016.5,69,5,4016.4,42,1,4016.2,55,2,4016.9,175,1,4017.0,86,1,4017.4,37,3,4017.5,48,3,4017.6,13,1
11483,2026-07-02 14:16:15+05:30,4016.0,249,4035.12,1646102,174832.0,178864.0,4100.0,4110.0,4012.0,4092.6,25616675,4501.8,3683.4,4440.0,3288.1,4016.0,259,2,4015.9,12,1,4015.8,25,1,4015.7,15,2,4015.6,75,3,4016.7,2,1,4016.9,176,2,4017.0,86,1,4017.3,11,1,4017.4,5,1
11483,2026-07-02 14:16:16+05:30,4015.0,25,4035.12,1646102,174832.0,178864.0,4100.0,4110.0,4012.0,4092.6,25616675,4501.8,3683.4,4440.0,3288.1,4016.0,259,2,4015.9,12,1,4015.8,25,1,4015.7,15,2,4015.6,75,3,4016.7,2,1,4016.9,176,2,4017.0,86,1,4017.3,11,1,4017.4,5,1
11483,2026-07-02 14:16:16+05:30,4015.0,25,4035.08,1649484,172353.0,179554.0,4100.0,4110.0,4012.0,4092.6,25616675,4501.8,3683.4,4440.0,3288.1,4015.2,50,4,4015.0,19615,232,4014.9,40,3,4014.8,21,2,4014.7,13,1,4016.6,29,2,4016.7,47,4,4016.8,30,2,4016.9,236,3,4017.0,118,2
11483,2026-07-02 14:16:17+05:30,4017.0,37,4035.08,1649484,172353.0,179554.0,4100.0,4110.0,4012.0,4092.6,25616675,4501.8,3683.4,4440.0,3288.1,4015.2,50,4,4015.0,19615,232,4014.9,40,3,4014.8,21,2,4014.7,13,1,4016.6,29,2,4016.7,47,4,4016.8,30,2,4016.9,236,3,4017.0,118,2
11483,2026-07-02 14:16:17+05:30,4017.0,37,4035.06,1650898,171483.0,178848.0,4100.0,4110.0,4012.0,4092.6,25616675,4501.8,3683.4,4440.0,3288.1,4015.6,6,1,4015.5,25,4,4015.4,38,3,4015.3,36,3,4015.2,37,3,4017.0,49,1,4017.4,44,2,4017.5,39,3,4017.6,17,2,4017.7,21,2
11483,2026-07-02 14:16:18+05:30,4015.6,50,4035.06,1650898,171483.0,178848.0,4100.0,4110.0,4012.0,4092.6,25616675,4501.8,3683.4,4440.0,3288.1,4015.6,6,1,4015.5,25,4,4015.4,38,3,4015.3,36,3,4015.2,37,3,4017.0,49,1,4017.4,44,2,4017.5,39,3,4017.6,17,2,4017.7,21,2
11483,2026-07-02 14:16:18+05:30,4015.6,50,4035.06,1651100,171737.0,179488.0,4100.0,4110.0,4012.0,4092.6,25616675,4501.8,3683.4,4440.0,3288.1,4015.2,9,1,4015.1,370,4,4015.0,19154,219,4014.9,14,2,4014.8,2,1,4015.6,17,1,4016.6,26,2,4016.7,78,3,4016.8,88,4,4016.9,80,4
11483,2026-07-02 14:16:19+05:30,4015.5,1,4035.06,1651100,171737.0,179488.0,4100.0,4110.0,4012.0,4092.6,25616675,4501.8,3683.4,4440.0,3288.1,4015.2,9,1,4015.1,370,4,4015.0,19154,219,4014.9,14,2,4014.8,2,1,4015.6,17,1,4016.6,26,2,4016.7,78,3,4016.8,88,4,4016.9,80,4
11483,2026-07-02 14:16:20+05:30,4015.5,1,4035.06,1651432,172006.0,179518.0,4100.0,4110.0,4012.0,4092.6,25616675,4501.8,3683.4,4440.0,3288.1,4015.5,12,1,4015.3,27,2,4015.2,9,1,4015.1,41,3,4015.0,19162,220,4016.8,69,1,4016.9,32,3,4017.0,54,3,4017.1,12,1,4017.2,34,2
11483,2026-07-02 14:16:20+05:30,4015.0,5,4035.06,1651432,172006.0,179518.0,4100.0,4110.0,4012.0,4092.6,25616675,4501.8,3683.4,4440.0,3288.1,4015.5,12,1,4015.3,27,2,4015.2,9,1,4015.1,41,3,4015.0,19162,220,4016.8,69,1,4016.9,32,3,4017.0,54,3,4017.1,12,1,4017.2,34,2
11483,2026-07-02 14:16:21+05:30,4015.0,5,4035.05,1652097,175606.0,179252.0,4100.0,4110.0,4012.0,4092.6,25616675,4501.8,3683.4,4440.0,3288.1,4016.6,2,1,4016.0,316,3,4015.8,9,1,4015.4,15,2,4015.3,15,1,4016.8,2,1,4017.0,59,2,4017.2,4,2,4017.4,44,2,4017.5,39,3
11483,2026-07-02 14:16:21+05:30,4015.0,134,4035.05,1652097,175606.0,179252.0,4100.0,4110.0,4012.0,4092.6,25616675,4501.8,3683.4,4440.0,3288.1,4016.6,2,1,4016.0,316,3,4015.8,9,1,4015.4,15,2,4015.3,15,1,4016.8,2,1,4017.0,59,2,4017.2,4,2,4017.4,44,2,4017.5,39,3
11483,2026-07-02 14:16:22+05:30,4015.0,134,4035.01,1655097,173029.0,179418.0,4100.0,4110.0,4012.0,4092.6,25616675,4501.8,3683.4,4440.0,3288.1,4015.2,9,1,4015.1,71,4,4015.0,21588,105,4014.9,46,5,4014.8,2,1,4016.5,11,1,4016.6,33,4,4016.7,33,2,4016.8,34,2,4017.0,49,1
11483,2026-07-02 14:16:22+05:30,4016.6,5,4035.01,1655097,173029.0,179418.0,4100.0,4110.0,4012.0,4092.6,25616675,4501.8,3683.4,4440.0,3288.1,4015.2,9,1,4015.1,71,4,4015.0,21588,105,4014.9,46,5,4014.8,2,1,4016.5,11,1,4016.6,33,4,4016.7,33,2,4016.8,34,2,4017.0,49,1
11483,2026-07-02 14:16:23+05:30,4016.6,6,4035.0,1656670,172346.0,179092.0,4100.0,4110.0,4012.0,4092.6,25616675,4501.8,3683.4,4440.0,3288.1,4015.6,175,1,4015.5,23,2,4015.3,25,2,4015.2,20,2,4015.1,47,2,4016.6,2,1,4016.7,19,1,4016.8,2,1,4017.0,49,1,4017.2,62,4
11483,2026-07-02 14:16:23+05:30,4016.6,2,4035.0,1656670,172346.0,179092.0,4100.0,4110.0,4012.0,4092.6,25616675,4501.8,3683.4,4440.0,3288.1,4015.6,175,1,4015.5,23,2,4015.3,25,2,4015.2,20,2,4015.1,47,2,4016.6,2,1,4016.7,19,1,4016.8,2,1,4017.0,49,1,4017.2,62,4
11483,2026-07-02 14:16:24+05:30,4016.6,1,4034.99,1656864,172673.0,179344.0,4100.0,4110.0,4012.0,4092.6,25616675,4501.8,3683.4,4440.0,3288.1,4016.2,162,1,4016.0,10,1,4015.9,13,1,4015.7,12,1,4015.5,12,1,4016.6,12,3,4016.8,10,1,4017.0,49,1,4017.2,36,3,4017.3,2,1
11483,2026-07-02 14:16:24+05:30,4016.5,2,4034.99,1656864,172673.0,179344.0,4100.0,4110.0,4012.0,4092.6,25616675,4501.8,3683.4,4440.0,3288.1,4016.2,162,1,4016.0,10,1,4015.9,13,1,4015.7,12,1,4015.5,12,1,4016.6,12,3,4016.8,10,1,4017.0,49,1,4017.2,36,3,4017.3,2,1
11483,2026-07-02 14:16:25+05:30,4016.5,2,4034.99,1656890,173108.0,179611.0,4100.0,4110.0,4012.0,4092.6,25616675,4501.8,3683.4,4440.0,3288.1,4016.0,10,1,4015.7,12,1,4015.6,24,2,4015.5,12,1,4015.3,552,4,4016.5,35,1,4016.6,13,4,4016.8,10,1,4017.0,110,2,4017.2,34,2
11483,2026-07-02 14:16:25+05:30,4016.5,2,4034.99,1656890,173108.0,179611.0,4100.0,4110.0,4012.0,4092.6,25616675,4501.8,3683.4,4440.0,3288.1,4016.0,10,1,4015.7,12,1,4015.6,24,2,4015.5,12,1,4015.3,552,4,4016.5,35,1,4016.6,13,4,4016.8,10,1,4017.0,110,2,4017.2,34,2
11483,2026-07-02 14:16:25+05:30,4016.5,2,4034.99,1656890,173108.0,179611.0,4100.0,4110.0,4012.0,4092.6,25616675,4501.8,3683.4,4440.0,3288.1,4016.0,10,1,4015.7,12,1,4015.6,24,2,4015.5,12,1,4015.3,552,4,4016.5,35,1,4016.6,13,4,4016.8,10,1,4017.0,110,2,4017.2,34,2
11483,2026-07-02 14:16:25+05:30,4016.5,2,4034.99,1656896,173410.0,179660.0,4100.0,4110.0,4012.0,4092.6,25616675,4501.8,3683.4,4440.0,3288.1,4016.1,8,1,4016.0,7,2,4015.7,12,1,4015.6,10,1,4015.5,13,2,4016.5,33,1,4016.6,9,2,4016.8,10,1,4017.0,110,2,4017.2,34,2
11483,2026-07-02 14:16:26+05:30,4016.5,2,4034.99,1656896,173410.0,179660.0,4100.0,4110.0,4012.0,4092.6,25616675,4501.8,3683.4,4440.0,3288.1,4016.1,8,1,4016.0,7,2,4015.7,12,1,4015.6,10,1,4015.5,13,2,4016.5,33,1,4016.6,9,2,4016.8,10,1,4017.0,110,2,4017.2,34,2
11483,2026-07-02 14:16:26+05:30,4016.5,2,4034.99,1656896,173410.0,179660.0,4100.0,4110.0,4012.0,4092.6,25616675,4501.8,3683.4,4440.0,3288.1,4016.1,8,1,4016.0,7,2,4015.7,12,1,4015.6,10,1,4015.5,13,2,4016.5,33,1,4016.6,9,2,4016.8,10,1,4017.0,110,2,4017.2,34,2
11483,2026-07-02 14:16:26+05:30,4016.5,2,4034.99,1656911,173429.0,179280.0,4100.0,4110.0,4012.0,4092.6,25616675,4501.8,3683.4,4440.0,3288.1,4016.1,7,1,4016.0,37,3,4015.7,20,2,4015.6,10,1,4015.5,23,3,4016.5,22,2,4016.6,8,1,4016.8,10,1,4017.0,110,2,4017.2,34,2
11483,2026-07-02 14:16:27+05:30,4016.5,2,4034.99,1656911,173429.0,179280.0,4100.0,4110.0,4012.0,4092.6,25616675,4501.8,3683.4,4440.0,3288.1,4016.1,7,1,4016.0,37,3,4015.7,20,2,4015.6,10,1,4015.5,23,3,4016.5,22,2,4016.6,8,1,4016.8,10,1,4017.0,110,2,4017.2,34,2
11483,2026-07-02 14:16:27+05:30,4016.6,19,4034.99,1656911,173429.0,179280.0,4100.0,4110.0,4012.0,4092.6,25616675,4501.8,3683.4,4440.0,3288.1,4016.1,7,1,4016.0,37,3,4015.7,20,2,4015.6,10,1,4015.5,23,3,4016.5,22,2,4016.6,8,1,4016.8,10,1,4017.0,110,2,4017.2,34,2
11483,2026-07-02 14:16:27+05:30,4016.6,19,4034.99,1656954,173404.0,179529.0,4100.0,4110.0,4012.0,4092.6,25616675,4501.8,3683.4,4440.0,3288.1,4016.3,1,1,4016.1,6,1,4016.0,37,3,4015.9,6,1,4015.7,20,2,4016.6,8,1,4016.8,14,1,4017.0,110,2,4017.2,34,2,4017.3,2,1
11483,2026-07-02 14:16:28+05:30,4016.6,19,4034.99,1656954,173404.0,179529.0,4100.0,4110.0,4012.0,4092.6,25616675,4501.8,3683.4,4440.0,3288.1,4016.3,1,1,4016.1,6,1,4016.0,37,3,4015.9,6,1,4015.7,20,2,4016.6,8,1,4016.8,14,1,4017.0,110,2,4017.2,34,2,4017.3,2,1
11483,2026-07-02 14:16:28+05:30,4016.6,2,4034.99,1657044,173691.0,179425.0,4100.0,4110.0,4012.0,4092.6,25616675,4501.8,3683.4,4440.0,3288.1,4016.0,73,8,4015.9,12,1,4015.7,20,2,4015.6,10,1,4015.5,58,5,4016.6,3,1,4017.0,110,2,4017.3,2,1,4017.4,2,1,4017.5,32,1
11483,2026-07-02 14:16:28+05:30,4016.0,3,4034.99,1657044,173691.0,179425.0,4100.0,4110.0,4012.0,4092.6,25616675,4501.8,3683.4,4440.0,3288.1,4016.0,73,8,4015.9,12,1,4015.7,20,2,4015.6,10,1,4015.5,58,5,4016.6,3,1,4017.0,110,2,4017.3,2,1,4017.4,2,1,4017.5,32,1
11483,2026-07-02 14:16:28+05:30,4016.0,3,4034.99,1657044,173691.0,179425.0,4100.0,4110.0,4012.0,4092.6,25616675,4501.8,3683.4,4440.0,3288.1,4016.0,73,8,4015.9,12,1,4015.7,20,2,4015.6,10,1,4015.5,58,5,4016.6,3,1,4017.0,110,2,4017.3,2,1,4017.4,2,1,4017.5,32,1
11483,2026-07-02 14:16:29+05:30,4016.0,3,4034.99,1657044,173691.0,179425.0,4100.0,4110.0,4012.0,4092.6,25616675,4501.8,3683.4,4440.0,3288.1,4016.0,73,8,4015.9,12,1,4015.7,20,2,4015.6,10,1,4015.5,58,5,4016.6,3,1,4017.0,110,2,4017.3,2,1,4017.4,2,1,4017.5,32,1
11483,2026-07-02 14:16:29+05:30,4016.6,2,4034.99,1657071,177123.0,179883.0,4100.0,4110.0,4012.0,4092.6,25616675,4501.8,3683.4,4440.0,3288.1,4016.3,9,1,4016.2,179,2,4016.1,9,1,4016.0,118,6,4015.9,27,2,4016.6,11,1,4017.0,110,2,4017.3,2,1,4017.4,2,1,4017.5,32,1
11483,2026-07-02 14:16:29+05:30,4016.6,2,4034.99,1657071,177123.0,179883.0,4100.0,4110.0,4012.0,4092.6,25616675,4501.8,3683.4,4440.0,3288.1,4016.3,9,1,4016.2,179,2,4016.1,9,1,4016.0,118,6,4015.9,27,2,4016.6,11,1,4017.0,110,2,4017.3,2,1,4017.4,2,1,4017.5,32,1
11483,2026-07-02 14:16:29+05:30,4016.6,2,4034.99,1657071,177123.0,179883.0,4100.0,4110.0,4012.0,4092.6,25703825,4501.8,3683.4,4440.0,3288.1,4016.3,9,1,4016.2,179,2,4016.1,9,1,4016.0,118,6,4015.9,27,2,4016.6,11,1,4017.0,110,2,4017.3,2,1,4017.4,2,1,4017.5,32,1
11483,2026-07-02 14:16:30+05:30,4016.6,2,4034.99,1657071,177123.0,179883.0,4100.0,4110.0,4012.0,4092.6,25703825,4501.8,3683.4,4440.0,3288.1,4016.3,9,1,4016.2,179,2,4016.1,9,1,4016.0,118,6,4015.9,27,2,4016.6,11,1,4017.0,110,2,4017.3,2,1,4017.4,2,1,4017.5,32,1
11483,2026-07-02 14:16:30+05:30,4017.0,2,4034.99,1657149,176822.0,179824.0,4100.0,4110.0,4012.0,4092.6,25703825,4501.8,3683.4,4440.0,3288.1,4016.3,5,1,4016.2,209,5,4016.1,74,2,4016.0,55,5,4015.9,12,1,4017.0,108,2,4017.2,15,1,4017.4,2,1,4017.5,32,1,4017.6,13,1
11483,2026-07-02 14:16:30+05:30,4017.0,2,4034.99,1657149,176822.0,179824.0,4100.0,4110.0,4012.0,4092.6,25703825,4501.8,3683.4,4440.0,3288.1,4016.3,5,1,4016.2,209,5,4016.1,74,2,4016.0,55,5,4015.9,12,1,4017.0,108,2,4017.2,15,1,4017.4,2,1,4017.5,32,1,4017.6,13,1
11483,2026-07-02 14:16:30+05:30,4016.3,5,4034.99,1657149,176822.0,179824.0,4100.0,4110.0,4012.0,4092.6,25703825,4501.8,3683.4,4440.0,3288.1,4016.3,5,1,4016.2,209,5,4016.1,74,2,4016.0,55,5,4015.9,12,1,4017.0,108,2,4017.2,15,1,4017.4,2,1,4017.5,32,1,4017.6,13,1
11483,2026-07-02 14:16:31+05:30,4016.3,5,4034.99,1657149,176822.0,179824.0,4100.0,4110.0,4012.0,4092.6,25703825,4501.8,3683.4,4440.0,3288.1,4016.3,5,1,4016.2,209,5,4016.1,74,2,4016.0,55,5,4015.9,12,1,4017.0,108,2,4017.2,15,1,4017.4,2,1,4017.5,32,1,4017.6,13,1
11483,2026-07-02 14:16:31+05:30,4016.5,2,4034.99,1657160,176941.0,179636.0,4100.0,4110.0,4012.0,4092.6,25703825,4501.8,3683.4,4440.0,3288.1,4016.3,9,1,4016.2,222,7,4016.1,14,2,4016.0,47,4,4015.9,13,1,4016.5,17,1,4017.0,108,2,4017.2,15,1,4017.5,32,1,4017.6,13,1
11483,2026-07-02 14:16:31+05:30,4016.5,2,4034.99,1657160,176941.0,179636.0,4100.0,4110.0,4012.0,4092.6,25703825,4501.8,3683.4,4440.0,3288.1,4016.3,9,1,4016.2,222,7,4016.1,14,2,4016.0,47,4,4015.9,13,1,4016.5,17,1,4017.0,108,2,4017.2,15,1,4017.5,32,1,4017.6,13,1
11483,2026-07-02 14:16:31+05:30,4016.3,1,4034.99,1657160,176941.0,179636.0,4100.0,4110.0,4012.0,4092.6,25703825,4501.8,3683.4,4440.0,3288.1,4016.3,9,1,4016.2,222,7,4016.1,14,2,4016.0,47,4,4015.9,13,1,4016.5,17,1,4017.0,108,2,4017.2,15,1,4017.5,32,1,4017.6,13,1
11483,2026-07-02 14:16:32+05:30,4016.5,2,4034.99,1657163,177014.0,179622.0,4100.0,4110.0,4012.0,4092.6,25703825,4501.8,3683.4,4440.0,3288.1,4016.3,8,1,4016.2,222,7,4016.1,14,2,4016.0,47,4,4015.9,87,2,4016.5,15,1,4017.0,108,2,4017.2,15,1,4017.4,2,1,4017.5,32,1
11483,2026-07-02 14:16:32+05:30,4016.3,1,4034.99,1657163,177014.0,179622.0,4100.0,4110.0,4012.0,4092.6,25703825,4501.8,3683.4,4440.0,3288.1,4016.3,8,1,4016.2,222,7,4016.1,14,2,4016.0,47,4,4015.9,87,2,4016.5,15,1,4017.0,108,2,4017.2,15,1,4017.4,2,1,4017.5,32,1
11483,2026-07-02 14:16:33+05:30,4016.5,2,4034.99,1657167,176779.0,179769.0,4100.0,4110.0,4012.0,4092.6,25703825,4501.8,3683.4,4440.0,3288.1,4016.3,7,1,4016.2,222,7,4016.1,14,2,4016.0,47,4,4015.9,13,1,4016.5,12,1,4017.0,108,2,4017.2,15,1,4017.4,2,1,4017.5,32,1
11483,2026-07-02 14:16:33+05:30,4016.3,1,4034.99,1657167,176779.0,179769.0,4100.0,4110.0,4012.0,4092.6,25703825,4501.8,3683.4,4440.0,3288.1,4016.3,7,1,4016.2,222,7,4016.1,14,2,4016.0,47,4,4015.9,13,1,4016.5,12,1,4017.0,108,2,4017.2,15,1,4017.4,2,1,4017.5,32,1
11483,2026-07-02 14:16:34+05:30,4016.5,2,4034.99,1657180,177229.0,179731.0,4100.0,4110.0,4012.0,4092.6,25703825,4501.8,3683.4,4440.0,3288.1,4016.3,6,1,4016.2,281,8,4016.1,14,2,4016.0,47,4,4015.9,13,1,4017.0,108,2,4017.2,15,1,4017.4,2,1,4017.5,32,1,4017.6,13,1
11483,2026-07-02 14:16:34+05:30,4016.3,1,4034.99,1657180,177229.0,179731.0,4100.0,4110.0,4012.0,4092.6,25703825,4501.8,3683.4,4440.0,3288.1,4016.3,6,1,4016.2,281,8,4016.1,14,2,4016.0,47,4,4015.9,13,1,4017.0,108,2,4017.2,15,1,4017.4,2,1,4017.5,32,1,4017.6,13,1
11483,2026-07-02 14:16:35+05:30,4017.0,2,4034.99,1657189,177303.0,179667.0,4100.0,4110.0,4012.0,4092.6,25703825,4501.8,3683.4,4440.0,3288.1,4016.6,9,1,4016.5,30,4,4016.4,16,1,4016.3,5,1,4016.2,192,4,4017.0,102,3,4017.2,15,1,4017.4,2,1,4017.5,32,1,4017.6,13,1
11483,2026-07-02 14:16:35+05:30,4016.6,1,4034.99,1657189,177303.0,179667.0,4100.0,4110.0,4012.0,4092.6,25703825,4501.8,3683.4,4440.0,3288.1,4016.6,9,1,4016.5,30,4,4016.4,16,1,4016.3,5,1,4016.2,192,4,4017.0,102,3,4017.2,15,1,4017.4,2,1,4017.5,32,1,4017.6,13,1
11483,2026-07-02 14:16:36+05:30,4017.0,2,4034.99,1657202,177316.0,179657.0,4100.0,4110.0,4012.0,4092.6,25703825,4501.8,3683.4,4440.0,3288.1,4016.6,8,1,4016.5,30,4,4016.4,16,1,4016.3,5,1,4016.2,192,4,4017.0,90,3,4017.2,15,1,4017.4,2,1,4017.5,32,1,4017.6,13,1
11483,2026-07-02 14:16:36+05:30,4016.6,2,4034.99,1657202,177316.0,179657.0,4100.0,4110.0,4012.0,4092.6,25703825,4501.8,3683.4,4440.0,3288.1,4016.6,8,1,4016.5,30,4,4016.4,16,1,4016.3,5,1,4016.2,192,4,4017.0,90,3,4017.2,15,1,4017.4,2,1,4017.5,32,1,4017.6,13,1
11483,2026-07-02 14:16:37+05:30,4017.0,2,4034.99,1657207,177463.0,179618.0,4100.0,4110.0,4012.0,4092.6,25703825,4501.8,3683.4,4440.0,3288.1,4016.8,1,1,4016.6,8,2,4016.5,30,4,4016.4,16,1,4016.3,5,1,4017.0,87,3,4017.2,15,1,4017.4,2,1,4017.5,32,1,4017.6,13,1
11483,2026-07-02 14:16:37+05:30,4016.8,1,4034.99,1657207,177463.0,179618.0,4100.0,4110.0,4012.0,4092.6,25703825,4501.8,3683.4,4440.0,3288.1,4016.8,1,1,4016.6,8,2,4016.5,30,4,4016.4,16,1,4016.3,5,1,4017.0,87,3,4017.2,15,1,4017.4,2,1,4017.5,32,1,4017.6,13,1
11483,2026-07-02 14:16:38+05:30,4017.0,2,4034.99,1657210,177509.0,179760.0,4100.0,4110.0,4012.0,4092.6,25703825,4501.8,3683.4,4440.0,3288.1,4016.6,12,3,4016.5,30,4,4016.2,189,4,4016.1,106,6,4016.0,42,4,4017.0,86,4,4017.2,15,1,4017.4,2,1,4017.5,32,1,4017.6,13,1
11483,2026-07-02 14:16:38+05:30,4017.0,2,4034.99,1657210,177509.0,179760.0,4100.0,4110.0,4012.0,4092.6,25703825,4501.8,3683.4,4440.0,3288.1,4016.6,12,3,4016.5,30,4,4016.2,189,4,4016.1,106,6,4016.0,42,4,4017.0,86,4,4017.2,15,1,4017.4,2,1,4017.5,32,1,4017.6,13,1
11483,2026-07-02 14:16:39+05:30,4017.0,2,4034.99,1657251,177624.0,179708.0,4100.0,4110.0,4012.0,4092.6,25703825,4501.8,3683.4,4440.0,3288.1,4016.6,16,3,4016.5,25,3,4016.2,189,4,4016.1,106,6,4016.0,45,5,4017.0,80,4,4017.2,15,1,4017.5,34,2,4017.6,13,1,4017.7,18,2
11483,2026-07-02 14:16:39+05:30,4016.6,5,4034.99,1657251,177624.0,179708.0,4100.0,4110.0,4012.0,4092.6,25703825,4501.8,3683.4,4440.0,3288.1,4016.6,16,3,4016.5,25,3,4016.2,189,4,4016.1,106,6,4016.0,45,5,4017.0,80,4,4017.2,15,1,4017.5,34,2,4017.6,13,1,4017.7,18,2
11483,2026-07-02 14:16:40+05:30,4017.0,2,4034.99,1657276,177589.0,179782.0,4100.0,4110.0,4012.0,4092.6,25703825,4501.8,3683.4,4440.0,3288.1,4016.6,11,3,4016.5,25,3,4016.2,189,4,4016.1,106,6,4016.0,55,6,4017.0,152,5,4017.2,15,1,4017.5,34,2,4017.6,13,1,4017.7,18,2
11483,2026-07-02 14:16:40+05:30,4016.6,3,4034.99,1657276,177589.0,179782.0,4100.0,4110.0,4012.0,4092.6,25703825,4501.8,3683.4,4440.0,3288.1,4016.6,11,3,4016.5,25,3,4016.2,189,4,4016.1,106,6,4016.0,55,6,4017.0,152,5,4017.2,15,1,4017.5,34,2,4017.6,13,1,4017.7,18,2
11483,2026-07-02 14:16:41+05:30,4017.0,2,4034.99,1657281,177820.0,179593.0,4100.0,4110.0,4012.0,4092.6,25703825,4501.8,3683.4,4440.0,3288.1,4016.6,8,3,4016.5,25,3,4016.2,189,4,4016.1,281,7,4016.0,55,6,4017.0,93,3,4017.2,15,1,4017.5,32,1,4017.6,15,2,4017.7,18,2
11483,2026-07-02 14:16:41+05:30,4017.0,2,4034.99,1657281,177820.0,179593.0,4100.0,4110.0,4012.0,4092.6,25703825,4501.8,3683.4,4440.0,3288.1,4016.6,8,3,4016.5,25,3,4016.2,189,4,4016.1,281,7,4016.0,55,6,4017.0,93,3,4017.2,15,1,4017.5,32,1,4017.6,15,2,4017.7,18,2
11483,2026-07-02 14:16:42+05:30,4017.0,1,4034.99,1657283,177823.0,179630.0,4100.0,4110.0,4012.0,4092.6,25703825,4501.8,3683.4,4440.0,3288.1,4016.6,8,3,4016.5,25,3,4016.2,189,4,4016.1,281,7,4016.0,55,6,4017.0,131,3,4017.2,15,1,4017.5,32,1,4017.6,15,2,4017.7,18,2
11483,2026-07-02 14:16:42+05:30,4016.6,1,4034.99,1657283,177823.0,179630.0,4100.0,4110.0,4012.0,4092.6,25703825,4501.8,3683.4,4440.0,3288.1,4016.6,8,3,4016.5,25,3,4016.2,189,4,4016.1,281,7,4016.0,55,6,4017.0,131,3,4017.2,15,1,4017.5,32,1,4017.6,15,2,4017.7,18,2
11483,2026-07-02 14:16:43+05:30,4016.6,1,4034.99,1657284,177832.0,179633.0,4100.0,4110.0,4012.0,4092.6,25703825,4501.8,3683.4,4440.0,3288.1,4016.7,19,4,4016.6,2,1,4016.5,25,3,4016.2,189,4,4016.1,281,7,4017.0,133,4,4017.2,15,1,4017.5,32,1,4017.6,15,2,4017.7,18,2
11483,2026-07-02 14:16:43+05:30,4017.0,2,4034.99,1657284,177832.0,179633.0,4100.0,4110.0,4012.0,4092.6,25703825,4501.8,3683.4,4440.0,3288.1,4016.7,19,4,4016.6,2,1,4016.5,25,3,4016.2,189,4,4016.1,281,7,4017.0,133,4,4017.2,15,1,4017.5,32,1,4017.6,15,2,4017.7,18,2
11483,2026-07-02 14:16:44+05:30,4017.0,2,4034.99,1657286,177886.0,179630.0,4100.0,4110.0,4012.0,4092.6,25703825,4501.8,3683.4,4440.0,3288.1,4016.7,19,4,4016.6,2,1,4016.5,25,3,4016.2,189,4,4016.1,281,7,4017.0,131,4,4017.2,15,1,4017.5,32,1,4017.6,15,2,4017.7,18,2
11483,2026-07-02 14:16:45+05:30,4017.0,2,4034.99,1657286,177887.0,179681.0,4100.0,4110.0,4012.0,4092.6,25703825,4501.8,3683.4,4440.0,3288.1,4016.7,19,4,4016.6,9,2,4016.5,25,3,4016.2,189,4,4016.1,281,7,4016.9,1,1,4017.0,130,3,4017.2,15,1,4017.5,32,1,4017.7,4,2
11483,2026-07-02 14:16:45+05:30,4017.0,3,4034.99,1657286,177887.0,179681.0,4100.0,4110.0,4012.0,4092.6,25703825,4501.8,3683.4,4440.0,3288.1,4016.7,19,4,4016.6,9,2,4016.5,25,3,4016.2,189,4,4016.1,281,7,4016.9,1,1,4017.0,130,3,4017.2,15,1,4017.5,32,1,4017.7,4,2
11483,2026-07-02 14:16:46+05:30,4017.0,10,4034.99,1657304,177070.0,179347.0,4100.0,4110.0,4012.0,4092.6,25703825,4501.8,3683.4,4440.0,3288.1,4016.9,12,5,4016.7,12,2,4016.6,7,1,4016.5,5,1,4016.4,15,1,4017.0,113,3,4017.2,15,1,4017.5,32,1,4017.7,2,1,4017.8,2,1
11483,2026-07-02 14:16:46+05:30,4016.9,1,4034.99,1657304,177070.0,179347.0,4100.0,4110.0,4012.0,4092.6,25703825,4501.8,3683.4,4440.0,3288.1,4016.9,12,5,4016.7,12,2,4016.6,7,1,4016.5,5,1,4016.4,15,1,4017.0,113,3,4017.2,15,1,4017.5,32,1,4017.7,2,1,4017.8,2,1
11483,2026-07-02 14:16:47+05:30,4016.9,1,4034.99,1657306,177152.0,179411.0,4100.0,4110.0,4012.0,4092.6,25703825,4501.8,3683.4,4440.0,3288.1,4016.9,17,6,4016.7,27,3,4016.6,7,1,4016.5,5,1,4016.4,15,1,4017.0,113,3,4017.2,30,2,4017.7,2,1,4017.8,2,1,4017.9,32,1
11483,2026-07-02 14:16:48+05:30,4016.9,1,4034.99,1657306,177153.0,179397.0,4100.0,4110.0,4012.0,4092.6,25703825,4501.8,3683.4,4440.0,3288.1,4016.9,8,5,4016.7,12,2,4016.6,7,1,4016.5,5,1,4016.4,15,1,4017.0,113,3,4017.2,30,2,4017.7,2,1,4017.8,2,1,4017.9,32,1
11483,2026-07-02 14:16:49+05:30,4016.9,1,4034.99,1657307,177155.0,179527.0,4100.0,4110.0,4012.0,4092.6,25703825,4501.8,3683.4,4440.0,3288.1,4016.9,6,3,4016.7,12,2,4016.6,7,1,4016.5,5,1,4016.4,1,1,4017.0,113,3,4017.2,30,2,4017.7,2,1,4017.8,2,1,4017.9,32,1
11483,2026-07-02 14:16:49+05:30,4016.9,1,4034.99,1657307,177155.0,179527.0,4100.0,4110.0,4012.0,4092.6,25703825,4501.8,3683.4,4440.0,3288.1,4016.9,6,3,4016.7,12,2,4016.6,7,1,4016.5,5,1,4016.4,1,1,4017.0,113,3,4017.2,30,2,4017.7,2,1,4017.8,2,1,4017.9,32,1
11483,2026-07-02 14:16:50+05:30,4017.0,7,4034.99,1657315,177182.0,179500.0,4100.0,4110.0,4012.0,4092.6,25703825,4501.8,3683.4,4440.0,3288.1,4016.9,5,3,4016.7,3,1,4016.5,5,1,4016.4,1,1,4016.3,4,1,4017.0,106,3,4017.2,30,2,4017.7,2,1,4017.8,2,1,4017.9,32,1
11483,2026-07-02 14:16:50+05:30,4017.0,7,4034.99,1657315,177182.0,179500.0,4100.0,4110.0,4012.0,4092.6,25703825,4501.8,3683.4,4440.0,3288.1,4016.9,5,3,4016.7,3,1,4016.5,5,1,4016.4,1,1,4016.3,4,1,4017.0,106,3,4017.2,30,2,4017.7,2,1,4017.8,2,1,4017.9,32,1
11483,2026-07-02 14:16:51+05:30,4017.0,27,4034.99,1657348,177192.0,179490.0,4100.0,4110.0,4012.0,4092.6,25703825,4501.8,3683.4,4440.0,3288.1,4016.9,4,2,4016.7,3,1,4016.5,55,2,4016.4,1,1,4016.3,16,2,4017.0,73,3,4017.2,30,2,4017.7,2,1,4017.8,2,1,4017.9,32,1
11483,2026-07-02 14:16:51+05:30,4016.9,1,4034.99,1657348,177192.0,179490.0,4100.0,4110.0,4012.0,4092.6,25703825,4501.8,3683.4,4440.0,3288.1,4016.9,4,2,4016.7,3,1,4016.5,55,2,4016.4,1,1,4016.3,16,2,4017.0,73,3,4017.2,30,2,4017.7,2,1,4017.8,2,1,4017.9,32,1
11483,2026-07-02 14:16:52+05:30,4016.9,1,4034.99,1657353,177327.0,179482.0,4100.0,4110.0,4012.0,4092.6,25703825,4501.8,3683.4,4440.0,3288.1,4016.9,1,1,4016.6,2,1,4016.5,64,3,4016.3,16,2,4016.2,209,4,4017.0,75,4,4017.2,30,2,4017.7,2,1,4017.8,2,1,4017.9,32,1
11483,2026-07-02 14:16:52+05:30,4016.9,1,4034.99,1657353,177327.0,179482.0,4100.0,4110.0,4012.0,4092.6,25703825,4501.8,3683.4,4440.0,3288.1,4016.9,1,1,4016.6,2,1,4016.5,64,3,4016.3,16,2,4016.2,209,4,4017.0,75,4,4017.2,30,2,4017.7,2,1,4017.8,2,1,4017.9,32,1
11483,2026-07-02 14:16:53+05:30,4016.9,1,4034.99,1657354,177125.0,179477.0,4100.0,4110.0,4012.0,4092.6,25703825,4501.8,3683.4,4440.0,3288.1,4016.6,8,3,4016.5,70,3,4016.3,16,2,4016.2,209,4,4016.1,209,5,4017.0,75,4,4017.2,30,2,4017.7,2,1,4017.8,2,1,4017.9,32,1
11483,2026-07-02 14:16:53+05:30,4017.0,25,4034.99,1657354,177125.0,179477.0,4100.0,4110.0,4012.0,4092.6,25703825,4501.8,3683.4,4440.0,3288.1,4016.6,8,3,4016.5,70,3,4016.3,16,2,4016.2,209,4,4016.1,209,5,4017.0,75,4,4017.2,30,2,4017.7,2,1,4017.8,2,1,4017.9,32,1
11483,2026-07-02 14:16:54+05:30,4017.0,1,4034.99,1657380,177125.0,179450.0,4100.0,4110.0,4012.0,4092.6,25703825,4501.8,3683.4,4440.0,3288.1,4016.6,8,3,4016.5,70,3,4016.3,16,2,4016.2,209,4,4016.1,209,5,4017.0,49,4,4017.2,30,2,4017.7,2,1,4017.8,2,1,4017.9,32,1
11483,2026-07-02 14:16:54+05:30,4017.0,30,4034.99,1657380,177125.0,179450.0,4100.0,4110.0,4012.0,4092.6,25703825,4501.8,3683.4,4440.0,3288.1,4016.6,8,3,4016.5,70,3,4016.3,16,2,4016.2,209,4,4016.1,209,5,4017.0,49,4,4017.2,30,2,4017.7,2,1,4017.8,2,1,4017.9,32,1
11483,2026-07-02 14:16:55+05:30,4017.0,1,4034.99,1657420,177306.0,179408.0,4100.0,4110.0,4012.0,4092.6,25703825,4501.8,3683.4,4440.0,3288.1,4016.9,51,3,4016.8,44,2,4016.7,50,2,4016.6,2,1,4016.5,112,4,4017.0,104,4,4017.2,30,2,4017.7,2,1,4017.8,2,1,4017.9,32,1
11483,2026-07-02 14:16:55+05:30,4017.0,6,4034.99,1657420,177306.0,179408.0,4100.0,4110.0,4012.0,4092.6,25703825,4501.8,3683.4,4440.0,3288.1,4016.9,51,3,4016.8,44,2,4016.7,50,2,4016.6,2,1,4016.5,112,4,4017.0,104,4,4017.2,30,2,4017.7,2,1,4017.8,2,1,4017.9,32,1
11483,2026-07-02 14:16:56+05:30,4017.0,17,4034.98,1657631,177360.0,178693.0,4100.0,4110.0,4012.0,4092.6,25703825,4501.8,3683.4,4440.0,3288.1,4016.9,47,4,4016.8,49,3,4016.7,74,3,4016.6,2,1,4016.5,102,4,4017.2,30,2,4018.0,7,1,4018.2,19,1,4018.3,52,2,4018.4,28,3
11483,2026-07-02 14:16:56+05:30,4016.9,2,4034.98,1657631,177360.0,178693.0,4100.0,4110.0,4012.0,4092.6,25703825,4501.8,3683.4,4440.0,3288.1,4016.9,47,4,4016.8,49,3,4016.7,74,3,4016.6,2,1,4016.5,102,4,4017.2,30,2,4018.0,7,1,4018.2,19,1,4018.3,52,2,4018.4,28,3
11483,2026-07-02 14:16:57+05:30,4016.9,1,4034.98,1657741,177321.0,179228.0,4100.0,4110.0,4012.0,4092.6,25703825,4501.8,3683.4,4440.0,3288.1,4016.9,62,6,4016.8,64,3,4016.7,8,1,4016.6,44,2,4016.5,60,3,4017.0,9,1,4017.2,30,2,4017.9,9,1,4018.0,39,2,4018.2,4,2
11483,2026-07-02 14:16:57+05:30,4016.9,2,4034.98,1657741,177321.0,179228.0,4100.0,4110.0,4012.0,4092.6,25703825,4501.8,3683.4,4440.0,3288.1,4016.9,62,6,4016.8,64,3,4016.7,8,1,4016.6,44,2,4016.5,60,3,4017.0,9,1,4017.2,30,2,4017.9,9,1,4018.0,39,2,4018.2,4,2
11483,2026-07-02 14:16:58+05:30,4017.0,72,4034.98,1657837,177359.0,179556.0,4100.0,4110.0,4012.0,4092.6,25703825,4501.8,3683.4,4440.0,3288.1,4016.9,49,4,4016.8,64,3,4016.7,42,1,4016.6,2,1,4016.5,114,5,4017.0,19,1,4017.2,30,2,4018.0,39,2,4018.1,9,1,4018.2,4,2
11483,2026-07-02 14:16:58+05:30,4016.9,2,4034.98,1657837,177359.0,179556.0,4100.0,4110.0,4012.0,4092.6,25703825,4501.8,3683.4,4440.0,3288.1,4016.9,49,4,4016.8,64,3,4016.7,42,1,4016.6,2,1,4016.5,114,5,4017.0,19,1,4017.2,30,2,4018.0,39,2,4018.1,9,1,4018.2,4,2
11483,2026-07-02 14:16:59+05:30,4017.0,3,4034.98,1657874,177381.0,180286.0,4100.0,4110.0,4012.0,4092.6,25703825,4501.8,3683.4,4440.0,3288.1,4016.9,45,4,4016.8,65,4,4016.7,42,1,4016.6,2,1,4016.5,97,3,4017.0,87,1,4017.2,42,3,4018.0,39,2,4018.2,62,3,4018.3,35,2
11483,2026-07-02 14:16:59+05:30,4016.9,2,4034.98,1657874,177381.0,180286.0,4100.0,4110.0,4012.0,4092.6,25703825,4501.8,3683.4,4440.0,3288.1,4016.9,45,4,4016.8,65,4,4016.7,42,1,4016.6,2,1,4016.5,97,3,4017.0,87,1,4017.2,42,3,4018.0,39,2,4018.2,62,3,4018.3,35,2
11483,2026-07-02 14:17:00+05:30,4016.9,2,4034.98,1657880,177323.0,180291.0,4100.0,4110.0,4012.0,4092.6,25703825,4501.8,3683.4,4440.0,3288.1,4016.9,39,4,4016.8,71,5,4016.7,42,1,4016.6,2,1,4016.5,97,3,4017.0,89,2,4017.2,42,3,4018.0,39,2,4018.2,62,3,4018.3,35,2
11483,2026-07-02 14:17:00+05:30,4017.0,3,4034.98,1657880,177323.0,180291.0,4100.0,4110.0,4012.0,4092.6,25703825,4501.8,3683.4,4440.0,3288.1,4016.9,39,4,4016.8,71,5,4016.7,42,1,4016.6,2,1,4016.5,97,3,4017.0,89,2,4017.2,42,3,4018.0,39,2,4018.2,62,3,4018.3,35,2
11483,2026-07-02 14:17:01+05:30,4017.0,3,4034.98,1657893,177424.0,179649.0,4100.0,4110.0,4012.0,4092.6,25703825,4501.8,3683.4,4440.0,3288.1,4016.9,35,4,4016.8,86,6,4016.7,42,1,4016.6,2,1,4016.5,97,3,4017.0,80,3,4017.2,42,3,4018.0,39,2,4018.2,4,2,4018.3,32,1
11483,2026-07-02 14:17:01+05:30,4016.9,2,4034.98,1657893,177424.0,179649.0,4100.0,4110.0,4012.0,4092.6,25703825,4501.8,3683.4,4440.0,3288.1,4016.9,35,4,4016.8,86,6,4016.7,42,1,4016.6,2,1,4016.5,97,3,4017.0,80,3,4017.2,42,3,4018.0,39,2,4018.2,4,2,4018.3,32,1
11483,2026-07-02 14:17:02+05:30,4017.0,1,4034.98,1657898,177446.0,180090.0,4100.0,4110.0,4012.0,4092.6,25703825,4501.8,3683.4,4440.0,3288.1,4016.9,30,3,4016.8,84,5,4016.7,42,1,4016.6,2,1,4016.5,97,3,4017.0,79,3,4017.2,42,3,4018.0,39,2,4018.2,4,2,4018.3,35,2
11483,2026-07-02 14:17:02+05:30,4016.9,1,4034.98,1657898,177446.0,180090.0,4100.0,4110.0,4012.0,4092.6,25703825,4501.8,3683.4,4440.0,3288.1,4016.9,30,3,4016.8,84,5,4016.7,42,1,4016.6,2,1,4016.5,97,3,4017.0,79,3,4017.2,42,3,4018.0,39,2,4018.2,4,2,4018.3,35,2
11483,2026-07-02 14:17:03+05:30,4016.9,1,4034.98,1657904,177464.0,180090.0,4100.0,4110.0,4012.0,4092.6,25703825,4501.8,3683.4,4440.0,3288.1,4016.9,18,2,4016.8,84,5,4016.7,42,1,4016.6,2,1,4016.5,92,2,4017.0,79,3,4017.2,42,3,4018.0,39,2,4018.2,4,2,4018.3,35,2
11483,2026-07-02 14:17:03+05:30,4017.0,1,4034.98,1657904,177464.0,180090.0,4100.0,4110.0,4012.0,4092.6,25703825,4501.8,3683.4,4440.0,3288.1,4016.9,18,2,4016.8,84,5,4016.7,42,1,4016.6,2,1,4016.5,92,2,4017.0,79,3,4017.2,42,3,4018.0,39,2,4018.2,4,2,4018.3,35,2
11483,2026-07-02 14:17:04+05:30,4016.9,1,4034.98,1657912,177160.0,180091.0,4100.0,4110.0,4012.0,4092.6,25703825,4501.8,3683.4,4440.0,3288.1,4016.9,19,5,4016.8,42,4,4016.6,2,1,4016.5,55,2,4016.4,15,1,4017.0,77,2,4017.2,42,3,4018.0,39,2,4018.2,7,3,4018.3,32,1
11483,2026-07-02 14:17:04+05:30,4016.9,2,4034.98,1657912,177160.0,180091.0,4100.0,4110.0,4012.0,4092.6,25703825,4501.8,3683.4,4440.0,3288.1,4016.9,19,5,4016.8,42,4,4016.6,2,1,4016.5,55,2,4016.4,15,1,4017.0,77,2,4017.2,42,3,4018.0,39,2,4018.2,7,3,4018.3,32,1
11483,2026-07-02 14:17:05+05:30,4017.0,6,4034.98,1657923,177093.0,180249.0,4100.0,4110.0,4012.0,4092.6,25703825,4501.8,3683.4,4440.0,3288.1,4016.9,9,4,4016.8,21,2,4016.7,15,1,4016.6,2,1,4016.5,50,1,4017.0,71,2,4017.2,42,3,4018.0,39,2,4018.1,3,1,4018.2,4,2
11483,2026-07-02 14:17:05+05:30,4016.9,1,4034.98,1657923,177093.0,180249.0,4100.0,4110.0,4012.0,4092.6,25703825,4501.8,3683.4,4440.0,3288.1,4016.9,9,4,4016.8,21,2,4016.7,15,1,4016.6,2,1,4016.5,50,1,4017.0,71,2,4017.2,42,3,4018.0,39,2,4018.1,3,1,4018.2,4,2
11483,2026-07-02 14:17:06+05:30,4017.0,1,4034.98,1657939,176979.0,180558.0,4100.0,4110.0,4012.0,4092.6,25703825,4501.8,3683.4,4440.0,3288.1,4016.8,21,2,4016.6,2,1,4016.5,50,1,4016.3,12,1,4016.2,200,2,4017.0,105,3,4017.1,42,1,4017.2,84,4,4017.3,42,1,4017.5,76,2
11483,2026-07-02 14:17:06+05:30,4016.8,2,4034.98,1657939,176979.0,180558.0,4100.0,4110.0,4012.0,4092.6,25703825,4501.8,3683.4,4440.0,3288.1,4016.8,21,2,4016.6,2,1,4016.5,50,1,4016.3,12,1,4016.2,200,2,4017.0,105,3,4017.1,42,1,4017.2,84,4,4017.3,42,1,4017.5,76,2
11483,2026-07-02 14:17:07+05:30,4016.9,1,4034.98,1657947,176895.0,180526.0,4100.0,4110.0,4012.0,4092.6,25703825,4501.8,3683.4,4440.0,3288.1,4016.8,15,2,4016.6,2,1,4016.5,50,1,4016.3,12,1,4016.2,200,2,4017.0,103,3,4017.1,42,1,4017.2,118,5,4017.4,50,2,4017.5,34,1
11483,2026-07-02 14:17:07+05:30,4016.8,2,4034.98,1657947,176895.0,180526.0,4100.0,4110.0,4012.0,4092.6,25703825,4501.8,3683.4,4440.0,3288.1,4016.8,15,2,4016.6,2,1,4016.5,50,1,4016.3,12,1,4016.2,200,2,4017.0,103,3,4017.1,42,1,4017.2,118,5,4017.4,50,2,4017.5,34,1
11483,2026-07-02 14:17:08+05:30,4016.9,1,4034.98,1658007,176946.0,180569.0,4100.0,4110.0,4012.0,4092.6,25703825,4501.8,3683.4,4440.0,3288.1,4016.8,6,2,4016.6,2,1,4016.5,50,1,4016.3,12,1,4016.2,200,2,4016.9,80,1,4017.0,95,3,4017.1,42,1,4017.2,118,5,4017.4,50,2
11483,2026-07-02 14:17:08+05:30,4016.8,2,4034.98,1658007,176946.0,180569.0,4100.0,4110.0,4012.0,4092.6,25703825,4501.8,3683.4,4440.0,3288.1,4016.8,6,2,4016.6,2,1,4016.5,50,1,4016.3,12,1,4016.2,200,2,4016.9,80,1,4017.0,95,3,4017.1,42,1,4017.2,118,5,4017.4,50,2
11483,2026-07-02 14:17:09+05:30,4016.9,1,4034.98,1658020,176942.0,180568.0,4100.0,4110.0,4012.0,4092.6,25703825,4501.8,3683.4,4440.0,3288.1,4016.8,14,1,4016.6,2,1,4016.5,50,1,4016.2,200,2,4016.1,187,2,4016.9,81,2,4017.0,93,2,4017.1,42,1,4017.2,118,5,4017.4,50,2
11483,2026-07-02 14:17:09+05:30,4016.8,2,4034.98,1658020,176942.0,180568.0,4100.0,4110.0,4012.0,4092.6,25703825,4501.8,3683.4,4440.0,3288.1,4016.8,14,1,4016.6,2,1,4016.5,50,1,4016.2,200,2,4016.1,187,2,4016.9,81,2,4017.0,93,2,4017.1,42,1,4017.2,118,5,4017.4,50,2
11483,2026-07-02 14:17:10+05:30,4016.8,2,4034.98,1658025,176943.0,180553.0,4100.0,4110.0,4012.0,4092.6,25703825,4501.8,3683.4,4440.0,3288.1,4016.8,10,2,4016.6,2,1,4016.5,50,1,4016.2,200,2,4016.1,187,2,4016.9,83,3,4017.0,93,2,4017.1,46,2,4017.2,151,6,4017.4,50,2
11483,2026-07-02 14:17:10+05:30,4016.8,2,4034.98,1658025,176943.0,180553.0,4100.0,4110.0,4012.0,4092.6,25703825,4501.8,3683.4,4440.0,3288.1,4016.8,10,2,4016.6,2,1,4016.5,50,1,4016.2,200,2,4016.1,187,2,4016.9,83,3,4017.0,93,2,4017.1,46,2,4017.2,151,6,4017.4,50,2
11483,2026-07-02 14:17:11+05:30,4016.9,1,4034.98,1658043,176774.0,180763.0,4100.0,4110.0,4012.0,4092.6,25703825,4501.8,3683.4,4440.0,3288.1,4016.8,15,2,4016.6,2,1,4016.5,50,1,4016.2,25,1,4016.1,187,2,4016.9,81,3,4017.0,93,2,4017.1,42,1,4017.2,118,5,4017.3,32,1
11483,2026-07-02 14:17:11+05:30,4016.8,2,4034.98,1658043,176774.0,180763.0,4100.0,4110.0,4012.0,4092.6,25703825,4501.8,3683.4,4440.0,3288.1,4016.8,15,2,4016.6,2,1,4016.5,50,1,4016.2,25,1,4016.1,187,2,4016.9,81,3,4017.0,93,2,4017.1,42,1,4017.2,118,5,4017.3,32,1
11483,2026-07-02 14:17:12+05:30,4016.8,2,4034.98,1658050,176919.0,180090.0,4100.0,4110.0,4012.0,4092.6,25703825,4501.8,3683.4,4440.0,3288.1,4016.8,8,2,4016.6,2,1,4016.5,225,2,4016.2,25,1,4016.1,187,2,4016.9,81,3,4017.0,93,2,4017.1,42,1,4017.2,118,5,4017.3,7,1
11483,2026-07-02 14:17:12+05:30,4016.8,2,4034.98,1658050,176919.0,180090.0,4100.0,4110.0,4012.0,4092.6,25703825,4501.8,3683.4,4440.0,3288.1,4016.8,8,2,4016.6,2,1,4016.5,225,2,4016.2,25,1,4016.1,187,2,4016.9,81,3,4017.0,93,2,4017.1,42,1,4017.2,118,5,4017.3,7,1
11483,2026-07-02 14:17:13+05:30,4016.8,2,4034.98,1658115,176927.0,180313.0,4100.0,4110.0,4012.0,4092.6,25703825,4501.8,3683.4,4440.0,3288.1,4016.8,15,1,4016.6,2,1,4016.5,225,2,4016.2,25,1,4016.1,187,2,4016.9,81,3,4017.0,93,2,4017.1,42,1,4017.2,118,5,4017.3,39,2
11483,2026-07-02 14:17:13+05:30,4016.8,1,4034.98,1658115,176927.0,180313.0,4100.0,4110.0,4012.0,4092.6,25703825,4501.8,3683.4,4440.0,3288.1,4016.8,15,1,4016.6,2,1,4016.5,225,2,4016.2,25,1,4016.1,187,2,4016.9,81,3,4017.0,93,2,4017.1,42,1,4017.2,118,5,4017.3,39,2
11483,2026-07-02 14:17:14+05:30,4016.8,1,4034.98,1658127,176918.0,180328.0,4100.0,4110.0,4012.0,4092.6,25703825,4501.8,3683.4,4440.0,3288.1,4016.8,3,1,4016.6,2,1,4016.5,225,2,4016.2,25,1,4016.1,187,2,4016.9,81,3,4017.0,93,2,4017.1,42,1,4017.2,118,5,4017.3,37,2
11483,2026-07-02 14:17:14+05:30,4016.8,2,4034.98,1658127,176918.0,180328.0,4100.0,4110.0,4012.0,4092.6,25703825,4501.8,3683.4,4440.0,3288.1,4016.8,3,1,4016.6,2,1,4016.5,225,2,4016.2,25,1,4016.1,187,2,4016.9,81,3,4017.0,93,2,4017.1,42,1,4017.2,118,5,4017.3,37,2
11483,2026-07-02 14:17:15+05:30,4016.8,2,4034.98,1658132,176928.0,180408.0,4100.0,4110.0,4012.0,4092.6,25703825,4501.8,3683.4,4440.0,3288.1,4016.8,18,1,4016.6,2,1,4016.5,225,2,4016.2,25,1,4016.1,187,2,4016.9,81,3,4017.0,93,2,4017.1,42,1,4017.2,148,6,4017.3,7,1
11483,2026-07-02 14:17:15+05:30,4016.9,4,4034.98,1658132,176928.0,180408.0,4100.0,4110.0,4012.0,4092.6,25703825,4501.8,3683.4,4440.0,3288.1,4016.8,18,1,4016.6,2,1,4016.5,225,2,4016.2,25,1,4016.1,187,2,4016.9,81,3,4017.0,93,2,4017.1,42,1,4017.2,148,6,4017.3,7,1
11483,2026-07-02 14:17:16+05:30,4016.9,4,4034.98,1658144,176658.0,180290.0,4100.0,4110.0,4012.0,4092.6,25703825,4501.8,3683.4,4440.0,3288.1,4016.8,13,1,4016.7,6,1,4016.6,2,1,4016.5,225,2,4016.2,25,1,4016.9,74,3,4017.0,93,2,4017.1,46,2,4017.2,118,5,4017.3,7,1
11483,2026-07-02 14:17:16+05:30,4016.8,2,4034.98,1658144,176658.0,180290.0,4100.0,4110.0,4012.0,4092.6,25703825,4501.8,3683.4,4440.0,3288.1,4016.8,13,1,4016.7,6,1,4016.6,2,1,4016.5,225,2,4016.2,25,1,4016.9,74,3,4017.0,93,2,4017.1,46,2,4017.2,118,5,4017.3,7,1
11483,2026-07-02 14:17:17+05:30,4016.8,2,4034.98,1658150,176658.0,180266.0,4100.0,4110.0,4012.0,4092.6,25703825,4501.8,3683.4,4440.0,3288.1,4016.8,8,2,4016.7,6,1,4016.6,2,1,4016.5,225,2,4016.2,25,1,4016.9,77,5,4017.0,93,2,4017.1,46,2,4017.2,118,5,4017.3,7,1
11483,2026-07-02 14:17:17+05:30,4016.8,2,4034.98,1658150,176658.0,180266.0,4100.0,4110.0,4012.0,4092.6,25703825,4501.8,3683.4,4440.0,3288.1,4016.8,8,2,4016.7,6,1,4016.6,2,1,4016.5,225,2,4016.2,25,1,4016.9,77,5,4017.0,93,2,4017.1,46,2,4017.2,118,5,4017.3,7,1
11483,2026-07-02 14:17:18+05:30,4016.8,2,4034.98,1658155,176724.0,180324.0,4100.0,4110.0,4012.0,4092.6,25703825,4501.8,3683.4,4440.0,3288.1,4016.8,4,3,4016.7,6,1,4016.6,2,1,4016.5,227,3,4016.2,25,1,4016.9,76,4,4017.0,93,2,4017.1,46,2,4017.2,118,5,4017.3,36,2
11483,2026-07-02 14:17:18+05:30,4016.9,2,4034.98,1658155,176724.0,180324.0,4100.0,4110.0,4012.0,4092.6,25703825,4501.8,3683.4,4440.0,3288.1,4016.8,4,3,4016.7,6,1,4016.6,2,1,4016.5,227,3,4016.2,25,1,4016.9,76,4,4017.0,93,2,4017.1,46,2,4017.2,118,5,4017.3,36,2
11483,2026-07-02 14:17:19+05:30,4016.9,2,4034.98,1658219,176751.0,180157.0,4100.0,4110.0,4012.0,4092.6,25703825,4501.8,3683.4,4440.0,3288.1,4016.8,23,2,4016.7,6,1,4016.6,2,1,4016.5,227,3,4016.2,25,1,4017.0,51,1,4017.2,42,3,4017.5,34,1,4017.8,13,1,4017.9,104,3
11483,2026-07-02 14:17:19+05:30,4016.8,2,4034.98,1658230,176748.0,180151.0,4100.0,4110.0,4012.0,4092.6,25703825,4501.8,3683.4,4440.0,3288.1,4016.8,12,2,4016.7,6,1,4016.6,2,1,4016.5,227,3,4016.2,25,1,4017.0,51,1,4017.2,42,3,4017.4,6,1,4017.5,34,1,4017.8,13,1
11483,2026-07-02 14:17:19+05:30,4016.8,2,4034.98,1658230,176748.0,180151.0,4100.0,4110.0,4012.0,4092.6,25703825,4501.8,3683.4,4440.0,3288.1,4016.8,12,2,4016.7,6,1,4016.6,2,1,4016.5,227,3,4016.2,25,1,4017.0,51,1,4017.2,42,3,4017.4,6,1,4017.5,34,1,4017.8,13,1
11483,2026-07-02 14:17:20+05:30,4016.8,2,4034.98,1658243,176664.0,180257.0,4100.0,4110.0,4012.0,4092.6,25703825,4501.8,3683.4,4440.0,3288.1,4016.8,14,2,4016.6,2,1,4016.5,227,3,4016.2,25,1,4016.1,187,2,4017.0,44,1,4017.2,42,3,4017.4,6,1,4017.5,34,1,4017.8,13,1
11483,2026-07-02 14:17:20+05:30,4017.0,10,4034.98,1658243,176664.0,180257.0,4100.0,4110.0,4012.0,4092.6,25703825,4501.8,3683.4,4440.0,3288.1,4016.8,14,2,4016.6,2,1,4016.5,227,3,4016.2,25,1,4016.1,187,2,4017.0,44,1,4017.2,42,3,4017.4,6,1,4017.5,34,1,4017.8,13,1
11483,2026-07-02 14:17:21+05:30,4016.8,1,4034.98,1658264,176658.0,180279.0,4100.0,4110.0,4012.0,4092.6,25703825,4501.8,3683.4,4440.0,3288.1,4016.8,18,2,4016.6,2,1,4016.5,227,3,4016.2,25,1,4016.1,187,2,4017.0,30,1,4017.2,42,3,4017.5,34,1,4017.6,50,2,4017.7,6,1
11483,2026-07-02 14:17:21+05:30,4016.8,3,4034.98,1658264,176658.0,180279.0,4100.0,4110.0,4012.0,4092.6,25703825,4501.8,3683.4,4440.0,3288.1,4016.8,18,2,4016.6,2,1,4016.5,227,3,4016.2,25,1,4016.1,187,2,4017.0,30,1,4017.2,42,3,4017.5,34,1,4017.6,50,2,4017.7,6,1
11483,2026-07-02 14:17:22+05:30,4016.8,2,4034.98,1658271,176339.0,180083.0,4100.0,4110.0,4012.0,4092.6,25703825,4501.8,3683.4,4440.0,3288.1,4016.8,11,1,4016.6,177,2,4016.5,52,2,4016.2,25,1,4016.1,207,3,4017.0,30,1,4017.2,42,3,4017.7,40,2,4018.0,53,3,4018.1,9,1
11483,2026-07-02 14:17:22+05:30,4016.8,1,4034.98,1658271,176339.0,180083.0,4100.0,4110.0,4012.0,4092.6,25703825,4501.8,3683.4,4440.0,3288.1,4016.8,11,1,4016.6,177,2,4016.5,52,2,4016.2,25,1,4016.1,207,3,4017.0,30,1,4017.2,42,3,4017.7,40,2,4018.0,53,3,4018.1,9,1
11483,2026-07-02 14:17:23+05:30,4016.2,2,4034.97,1658578,176041.0,180760.0,4100.0,4110.0,4012.0,4092.6,25703825,4501.8,3683.4,4440.0,3288.1,4016.2,18,1,4016.1,202,3,4016.0,182,11,4015.9,13,1,4015.8,40,1,4017.0,280,2,4017.2,42,3,4017.3,6,1,4017.4,34,1,4017.6,15,1
11483,2026-07-02 14:17:23+05:30,4016.2,19,4034.97,1658578,176041.0,180760.0,4100.0,4110.0,4012.0,4092.6,25703825,4501.8,3683.4,4440.0,3288.1,4016.2,18,1,4016.1,202,3,4016.0,182,11,4015.9,13,1,4015.8,40,1,4017.0,280,2,4017.2,42,3,4017.3,6,1,4017.4,34,1,4017.6,15,1
11483,2026-07-02 14:17:24+05:30,4016.2,2,4034.97,1658578,176041.0,180760.0,4100.0,4110.0,4012.0,4092.6,25703825,4501.8,3683.4,4440.0,3288.1,4016.2,18,1,4016.1,202,3,4016.0,182,11,4015.9,13,1,4015.8,40,1,4017.0,280,2,4017.2,42,3,4017.3,6,1,4017.4,34,1,4017.6,15,1
11483,2026-07-02 14:17:24+05:30,4016.2,2,4034.97,1658621,176206.0,180584.0,4100.0,4110.0,4012.0,4092.6,25703825,4501.8,3683.4,4440.0,3288.1,4016.2,171,1,4016.1,14,2,4016.0,191,13,4015.8,57,2,4015.7,12,1,4017.0,278,2,4017.2,42,3,4017.3,6,1,4017.4,34,1,4017.6,15,1
11483,2026-07-02 14:17:25+05:30,4016.2,2,4034.97,1658621,176206.0,180584.0,4100.0,4110.0,4012.0,4092.6,25703825,4501.8,3683.4,4440.0,3288.1,4016.2,171,1,4016.1,14,2,4016.0,191,13,4015.8,57,2,4015.7,12,1,4017.0,278,2,4017.2,42,3,4017.3,6,1,4017.4,34,1,4017.6,15,1
11483,2026-07-02 14:17:25+05:30,4016.8,2,4034.97,1658621,176206.0,180584.0,4100.0,4110.0,4012.0,4092.6,25703825,4501.8,3683.4,4440.0,3288.1,4016.2,171,1,4016.1,14,2,4016.0,191,13,4015.8,57,2,4015.7,12,1,4017.0,278,2,4017.2,42,3,4017.3,6,1,4017.4,34,1,4017.6,15,1
11483,2026-07-02 14:17:25+05:30,4016.8,2,4034.97,1658630,176089.0,180678.0,4100.0,4110.0,4012.0,4092.6,25703825,4501.8,3683.4,4440.0,3288.1,4016.8,1,1,4016.3,9,1,4016.1,27,2,4016.0,192,14,4015.9,12,1,4016.9,9,1,4017.0,280,3,4017.1,10,1,4017.2,42,3,4017.4,34,1
11483,2026-07-02 14:17:26+05:30,4016.8,2,4034.97,1658630,176089.0,180678.0,4100.0,4110.0,4012.0,4092.6,25703825,4501.8,3683.4,4440.0,3288.1,4016.8,1,1,4016.3,9,1,4016.1,27,2,4016.0,192,14,4015.9,12,1,4016.9,9,1,4017.0,280,3,4017.1,10,1,4017.2,42,3,4017.4,34,1
11483,2026-07-02 14:17:26+05:30,4016.3,2,4034.97,1658630,176089.0,180678.0,4100.0,4110.0,4012.0,4092.6,25703825,4501.8,3683.4,4440.0,3288.1,4016.3,5,1,4016.2,350,1,4016.1,27,2,4016.0,367,15,4015.9,12,1,4016.8,2,2,4016.9,34,2,4017.0,280,3,4017.1,10,1,4017.2,42,3
11483,2026-07-02 14:17:26+05:30,4016.3,2,4034.97,1658642,176468.0,180830.0,4100.0,4110.0,4012.0,4092.6,25703825,4501.8,3683.4,4440.0,3288.1,4016.3,5,1,4016.2,350,1,4016.1,27,2,4016.0,367,15,4015.9,12,1,4016.8,2,2,4016.9,34,2,4017.0,280,3,4017.1,10,1,4017.2,42,3
11483,2026-07-02 14:17:27+05:30,4016.3,2,4034.97,1658642,176468.0,180830.0,4100.0,4110.0,4012.0,4092.6,25703825,4501.8,3683.4,4440.0,3288.1,4016.3,5,1,4016.2,350,1,4016.1,27,2,4016.0,367,15,4015.9,12,1,4016.8,2,2,4016.9,34,2,4017.0,280,3,4017.1,10,1,4017.2,42,3
11483,2026-07-02 14:17:27+05:30,4016.3,2,4034.97,1658642,176468.0,180830.0,4100.0,4110.0,4012.0,4092.6,25703825,4501.8,3683.4,4440.0,3288.1,4016.3,5,1,4016.2,350,1,4016.1,27,2,4016.0,367,15,4015.9,12,1,4016.8,2,2,4016.9,34,2,4017.0,280,3,4017.1,10,1,4017.2,42,3
11483,2026-07-02 14:17:27+05:30,4016.3,2,4034.97,1658649,176414.0,180899.0,4100.0,4110.0,4012.0,4092.6,25703825,4501.8,3683.4,4440.0,3288.1,4016.3,2,1,4016.2,350,1,4016.1,27,2,4016.0,359,14,4015.9,12,1,4016.8,2,2,4016.9,5,1,4017.0,280,3,4017.1,62,2,4017.2,30,2
11483,2026-07-02 14:17:28+05:30,4016.3,2,4034.97,1658649,176414.0,180899.0,4100.0,4110.0,4012.0,4092.6,25703825,4501.8,3683.4,4440.0,3288.1,4016.3,2,1,4016.2,350,1,4016.1,27,2,4016.0,359,14,4015.9,12,1,4016.8,2,2,4016.9,5,1,4017.0,280,3,4017.1,62,2,4017.2,30,2
11483,2026-07-02 14:17:28+05:30,4016.3,2,4034.97,1658649,176414.0,180899.0,4100.0,4110.0,4012.0,4092.6,25703825,4501.8,3683.4,4440.0,3288.1,4016.3,2,1,4016.2,350,1,4016.1,27,2,4016.0,359,14,4015.9,12,1,4016.8,2,2,4016.9,5,1,4017.0,280,3,4017.1,62,2,4017.2,30,2
11483,2026-07-02 14:17:28+05:30,4016.3,2,4034.97,1658649,176414.0,180899.0,4100.0,4110.0,4012.0,4092.6,25703825,4501.8,3683.4,4440.0,3288.1,4016.3,2,1,4016.2,350,1,4016.1,27,2,4016.0,359,14,4015.9,12,1,4016.8,2,2,4016.9,5,1,4017.0,280,3,4017.1,62,2,4017.2,30,2
11483,2026-07-02 14:17:28+05:30,4016.3,2,4034.97,1658734,176545.0,180816.0,4100.0,4110.0,4012.0,4092.6,25703825,4501.8,3683.4,4440.0,3288.1,4016.4,175,1,4016.3,347,1,4016.1,27,2,4016.0,359,14,4015.9,12,1,4016.8,6,1,4016.9,5,1,4017.0,278,2,4017.1,10,1,4017.2,30,2
11483,2026-07-02 14:17:29+05:30,4016.3,2,4034.97,1658734,176545.0,180816.0,4100.0,4110.0,4012.0,4092.6,25703825,4501.8,3683.4,4440.0,3288.1,4016.4,175,1,4016.3,347,1,4016.1,27,2,4016.0,359,14,4015.9,12,1,4016.8,6,1,4016.9,5,1,4017.0,278,2,4017.1,10,1,4017.2,30,2
11483,2026-07-02 14:17:29+05:30,4016.3,2,4034.97,1658734,176545.0,180816.0,4100.0,4110.0,4012.0,4092.6,25703825,4501.8,3683.4,4440.0,3288.1,4016.4,175,1,4016.3,347,1,4016.1,27,2,4016.0,359,14,4015.9,12,1,4016.8,6,1,4016.9,5,1,4017.0,278,2,4017.1,10,1,4017.2,30,2
11483,2026-07-02 14:17:29+05:30,4016.3,2,4034.97,1658762,176538.0,180819.0,4100.0,4110.0,4012.0,4092.6,25703825,4501.8,3683.4,4440.0,3288.1,4016.3,343,1,4016.1,191,3,4016.0,360,15,4015.9,12,1,4015.8,40,1,4016.8,7,1,4016.9,5,1,4017.0,278,2,4017.1,10,1,4017.2,30,2
11483,2026-07-02 14:17:30+05:30,4016.3,2,4034.97,1658762,176538.0,180819.0,4100.0,4110.0,4012.0,4092.6,25706275,4501.8,3683.4,4440.0,3288.1,4016.3,343,1,4016.1,191,3,4016.0,360,15,4015.9,12,1,4015.8,40,1,4016.8,7,1,4016.9,5,1,4017.0,278,2,4017.1,10,1,4017.2,30,2
11483,2026-07-02 14:17:30+05:30,4016.8,3,4034.97,1658762,176538.0,180819.0,4100.0,4110.0,4012.0,4092.6,25706275,4501.8,3683.4,4440.0,3288.1,4016.3,343,1,4016.1,191,3,4016.0,360,15,4015.9,12,1,4015.8,40,1,4016.8,7,1,4016.9,5,1,4017.0,278,2,4017.1,10,1,4017.2,30,2
11483,2026-07-02 14:17:30+05:30,4016.8,3,4034.97,1658784,176416.0,180789.0,4100.0,4110.0,4012.0,4092.6,25706275,4501.8,3683.4,4440.0,3288.1,4016.3,336,1,4016.2,6,1,4016.1,27,2,4016.0,360,15,4015.9,12,1,4016.8,3,1,4017.0,278,2,4017.1,10,1,4017.2,30,2,4017.4,34,1
11483,2026-07-02 14:17:31+05:30,4016.8,3,4034.97,1658784,176416.0,180789.0,4100.0,4110.0,4012.0,4092.6,25706275,4501.8,3683.4,4440.0,3288.1,4016.3,336,1,4016.2,6,1,4016.1,27,2,4016.0,360,15,4015.9,12,1,4016.8,3,1,4017.0,278,2,4017.1,10,1,4017.2,30,2,4017.4,34,1
11483,2026-07-02 14:17:31+05:30,4016.3,2,4034.97,1658784,176416.0,180789.0,4100.0,4110.0,4012.0,4092.6,25706275,4501.8,3683.4,4440.0,3288.1,4016.3,336,1,4016.2,6,1,4016.1,27,2,4016.0,360,15,4015.9,12,1,4016.8,3,1,4017.0,278,2,4017.1,10,1,4017.2,30,2,4017.4,34,1
11483,2026-07-02 14:17:31+05:30,4016.3,2,4034.97,1658791,176299.0,181428.0,4100.0,4110.0,4012.0,4092.6,25706275,4501.8,3683.4,4440.0,3288.1,4016.7,10,1,4016.3,329,1,4016.2,6,1,4016.1,27,2,4016.0,360,15,4016.8,3,1,4017.0,278,2,4017.2,30,2,4017.4,34,1,4017.5,16,1
11483,2026-07-02 14:17:32+05:30,4016.3,2,4034.97,1658791,176299.0,181428.0,4100.0,4110.0,4012.0,4092.6,25706275,4501.8,3683.4,4440.0,3288.1,4016.7,10,1,4016.3,329,1,4016.2,6,1,4016.1,27,2,4016.0,360,15,4016.8,3,1,4017.0,278,2,4017.2,30,2,4017.4,34,1,4017.5,16,1
11483,2026-07-02 14:17:32+05:30,4016.7,2,4034.97,1658791,176299.0,181428.0,4100.0,4110.0,4012.0,4092.6,25706275,4501.8,3683.4,4440.0,3288.1,4016.7,10,1,4016.3,329,1,4016.2,6,1,4016.1,27,2,4016.0,360,15,4016.8,3,1,4017.0,278,2,4017.2,30,2,4017.4,34,1,4017.5,16,1
11483,2026-07-02 14:17:32+05:30,4016.7,5,4034.97,1658801,176616.0,181391.0,4100.0,4110.0,4012.0,4092.6,25706275,4501.8,3683.4,4440.0,3288.1,4016.3,329,1,4016.2,6,1,4016.1,202,3,4016.0,360,15,4015.9,17,1,4016.7,1,1,4016.8,3,1,4017.0,278,2,4017.1,9,1,4017.2,30,2
11483,2026-07-02 14:17:33+05:30,4016.8,4,4034.97,1658801,176616.0,181391.0,4100.0,4110.0,4012.0,4092.6,25706275,4501.8,3683.4,4440.0,3288.1,4016.3,329,1,4016.2,6,1,4016.1,202,3,4016.0,360,15,4015.9,17,1,4016.7,1,1,4016.8,3,1,4017.0,278,2,4017.1,9,1,4017.2,30,2
11483,2026-07-02 14:17:34+05:30,4016.8,4,4034.97,1658839,176637.0,181447.0,4100.0,4110.0,4012.0,4092.6,25706275,4501.8,3683.4,4440.0,3288.1,4016.3,296,1,4016.2,6,1,4016.1,202,3,4016.0,360,15,4015.8,40,1,4016.7,1,1,4016.8,13,1,4017.0,278,2,4017.1,9,1,4017.2,30,2
11483,2026-07-02 14:17:34+05:30,4016.8,5,4034.97,1658839,176637.0,181447.0,4100.0,4110.0,4012.0,4092.6,25706275,4501.8,3683.4,4440.0,3288.1,4016.3,296,1,4016.2,6,1,4016.1,202,3,4016.0,360,15,4015.8,40,1,4016.7,1,1,4016.8,13,1,4017.0,278,2,4017.1,9,1,4017.2,30,2
11483,2026-07-02 14:17:35+05:30,4016.8,6,4034.97,1658860,176546.0,181485.0,4100.0,4110.0,4012.0,4092.6,25706275,4501.8,3683.4,4440.0,3288.1,4016.3,287,1,4016.1,182,2,4016.0,360,15,4015.8,40,1,4015.7,12,1,4016.8,2,1,4017.0,278,2,4017.1,9,1,4017.2,43,3,4017.4,34,1
11483,2026-07-02 14:17:35+05:30,4016.3,2,4034.97,1658860,176546.0,181485.0,4100.0,4110.0,4012.0,4092.6,25706275,4501.8,3683.4,4440.0,3288.1,4016.3,287,1,4016.1,182,2,4016.0,360,15,4015.8,40,1,4015.7,12,1,4016.8,2,1,4017.0,278,2,4017.1,9,1,4017.2,43,3,4017.4,34,1
11483,2026-07-02 14:17:36+05:30,4016.3,2,4034.97,1658866,176524.0,181521.0,4100.0,4110.0,4012.0,4092.6,25706275,4501.8,3683.4,4440.0,3288.1,4016.3,281,1,4016.1,175,1,4016.0,360,15,4015.8,40,1,4015.7,12,1,4016.8,3,2,4017.0,278,2,4017.1,9,1,4017.2,43,3,4017.3,29,1
11483,2026-07-02 14:17:36+05:30,4016.8,7,4034.97,1658866,176524.0,181521.0,4100.0,4110.0,4012.0,4092.6,25706275,4501.8,3683.4,4440.0,3288.1,4016.3,281,1,4016.1,175,1,4016.0,360,15,4015.8,40,1,4015.7,12,1,4016.8,3,2,4017.0,278,2,4017.1,9,1,4017.2,43,3,4017.3,29,1
11483,2026-07-02 14:17:37+05:30,4016.8,7,4034.97,1658881,176534.0,181478.0,4100.0,4110.0,4012.0,4092.6,25706275,4501.8,3683.4,4440.0,3288.1,4016.7,20,1,4016.5,1,1,4016.3,276,1,4016.1,175,1,4016.0,360,15,4016.8,6,1,4017.0,282,3,4017.1,9,1,4017.2,50,4,4017.3,29,1
11483,2026-07-02 14:17:37+05:30,4016.7,2,4034.97,1658881,176534.0,181478.0,4100.0,4110.0,4012.0,4092.6,25706275,4501.8,3683.4,4440.0,3288.1,4016.7,20,1,4016.5,1,1,4016.3,276,1,4016.1,175,1,4016.0,360,15,4016.8,6,1,4017.0,282,3,4017.1,9,1,4017.2,50,4,4017.3,29,1
11483,2026-07-02 14:17:38+05:30,4016.7,2,4034.97,1658887,176534.0,181536.0,4100.0,4110.0,4012.0,4092.6,25706275,4501.8,3683.4,4440.0,3288.1,4016.7,14,1,4016.5,1,1,4016.3,278,2,4016.1,175,1,4016.0,360,15,4016.8,6,1,4017.0,278,2,4017.2,50,4,4017.3,29,1,4017.4,78,2
11483,2026-07-02 14:17:38+05:30,4016.7,2,4034.97,1658887,176534.0,181536.0,4100.0,4110.0,4012.0,4092.6,25706275,4501.8,3683.4,4440.0,3288.1,4016.7,14,1,4016.5,1,1,4016.3,278,2,4016.1,175,1,4016.0,360,15,4016.8,6,1,4017.0,278,2,4017.2,50,4,4017.3,29,1,4017.4,78,2
11483,2026-07-02 14:17:39+05:30,4016.8,2,4034.97,1658894,176541.0,181328.0,4100.0,4110.0,4012.0,4092.6,25706275,4501.8,3683.4,4440.0,3288.1,4016.7,9,1,4016.5,1,1,4016.3,279,3,4016.1,175,1,4016.0,360,15,4016.8,104,2,4017.0,278,2,4017.2,43,3,4017.4,34,1,4017.5,16,1
11483,2026-07-02 14:17:39+05:30,4016.8,2,4034.97,1658894,176541.0,181328.0,4100.0,4110.0,4012.0,4092.6,25706275,4501.8,3683.4,4440.0,3288.1,4016.7,9,1,4016.5,1,1,4016.3,279,3,4016.1,175,1,4016.0,360,15,4016.8,104,2,4017.0,278,2,4017.2,43,3,4017.4,34,1,4017.5,16,1
11483,2026-07-02 14:17:40+05:30,4016.8,2,4034.97,1658901,176437.0,181385.0,4100.0,4110.0,4012.0,4092.6,25706275,4501.8,3683.4,4440.0,3288.1,4016.7,4,1,4016.5,1,1,4016.3,279,3,4016.1,175,1,4016.0,360,15,4016.8,102,2,4017.0,278,2,4017.2,43,3,4017.3,9,1,4017.4,34,1
11483,2026-07-02 14:17:40+05:30,4016.5,2,4034.97,1658901,176437.0,181385.0,4100.0,4110.0,4012.0,4092.6,25706275,4501.8,3683.4,4440.0,3288.1,4016.7,4,1,4016.5,1,1,4016.3,279,3,4016.1,175,1,4016.0,360,15,4016.8,102,2,4017.0,278,2,4017.2,43,3,4017.3,9,1,4017.4,34,1
11483,2026-07-02 14:17:41+05:30,4016.5,2,4034.97,1658911,176651.0,181558.0,4100.0,4110.0,4012.0,4092.6,25706275,4501.8,3683.4,4440.0,3288.1,4016.3,279,3,4016.1,175,1,4016.0,360,15,4015.8,40,1,4015.7,12,1,4016.7,1,1,4016.8,115,4,4016.9,31,1,4017.0,278,2,4017.2,30,2
11483,2026-07-02 14:17:41+05:30,4016.3,2,4034.97,1658911,176651.0,181558.0,4100.0,4110.0,4012.0,4092.6,25706275,4501.8,3683.4,4440.0,3288.1,4016.3,279,3,4016.1,175,1,4016.0,360,15,4015.8,40,1,4015.7,12,1,4016.7,1,1,4016.8,115,4,4016.9,31,1,4017.0,278,2,4017.2,30,2
11483,2026-07-02 14:17:42+05:30,4016.3,2,4034.97,1658917,176589.0,181691.0,4100.0,4110.0,4012.0,4092.6,25706275,4501.8,3683.4,4440.0,3288.1,4016.3,273,3,4016.1,175,1,4016.0,360,15,4015.8,40,1,4015.7,12,1,4016.7,2,2,4016.8,99,2,4017.0,278,2,4017.2,114,5,4017.3,21,1
11483,2026-07-02 14:17:42+05:30,4016.8,9,4034.97,1658917,176589.0,181691.0,4100.0,4110.0,4012.0,4092.6,25706275,4501.8,3683.4,4440.0,3288.1,4016.3,273,3,4016.1,175,1,4016.0,360,15,4015.8,40,1,4015.7,12,1,4016.7,2,2,4016.8,99,2,4017.0,278,2,4017.2,114,5,4017.3,21,1
11483,2026-07-02 14:17:43+05:30,4016.8,9,4034.97,1658933,176338.0,181874.0,4100.0,4110.0,4012.0,4092.6,25706275,4501.8,3683.4,4440.0,3288.1,4016.3,270,2,4016.1,175,1,4016.0,360,15,4015.8,40,1,4015.7,12,1,4016.5,81,1,4016.6,42,1,4016.7,43,2,4016.8,144,4,4016.9,40,2
11483,2026-07-02 14:17:43+05:30,4016.5,1,4034.97,1658933,176338.0,181874.0,4100.0,4110.0,4012.0,4092.6,25706275,4501.8,3683.4,4440.0,3288.1,4016.3,270,2,4016.1,175,1,4016.0,360,15,4015.8,40,1,4015.7,12,1,4016.5,81,1,4016.6,42,1,4016.7,43,2,4016.8,144,4,4016.9,40,2
11483,2026-07-02 14:17:44+05:30,4016.5,1,4034.97,1658942,176561.0,181812.0,4100.0,4110.0,4012.0,4092.6,25706275,4501.8,3683.4,4440.0,3288.1,4016.3,268,2,4016.2,1,1,4016.1,175,1,4016.0,350,14,4015.8,40,1,4016.4,74,1,4016.5,42,1,4016.6,42,1,4016.7,58,3,4016.8,102,3
11483,2026-07-02 14:17:44+05:30,4016.8,89,4034.97,1658942,176561.0,181812.0,4100.0,4110.0,4012.0,4092.6,25706275,4501.8,3683.4,4440.0,3288.1,4016.3,268,2,4016.2,1,1,4016.1,175,1,4016.0,350,14,4015.8,40,1,4016.4,74,1,4016.5,42,1,4016.6,42,1,4016.7,58,3,4016.8,102,3
11483,2026-07-02 14:17:45+05:30,4016.4,1,4034.97,1659174,176658.0,181387.0,4100.0,4110.0,4012.0,4092.6,25706275,4501.8,3683.4,4440.0,3288.1,4016.3,267,2,4016.2,8,2,4016.1,175,1,4016.0,361,15,4015.9,5,1,4016.6,29,1,4016.8,13,2,4017.0,278,2,4017.1,53,2,4017.2,15,1
11483,2026-07-02 14:17:45+05:30,4016.6,3,4034.97,1659174,176658.0,181387.0,4100.0,4110.0,4012.0,4092.6,25706275,4501.8,3683.4,4440.0,3288.1,4016.3,267,2,4016.2,8,2,4016.1,175,1,4016.0,361,15,4015.9,5,1,4016.6,29,1,4016.8,13,2,4017.0,278,2,4017.1,53,2,4017.2,15,1
11483,2026-07-02 14:17:46+05:30,4016.6,3,4034.97,1659209,176673.0,181592.0,4100.0,4110.0,4012.0,4092.6,25706275,4501.8,3683.4,4440.0,3288.1,4016.3,237,2,4016.2,8,2,4016.1,175,1,4016.0,362,16,4015.8,40,1,4016.5,24,1,4016.6,37,1,4016.7,42,1,4016.8,54,2,4017.0,320,3
11483,2026-07-02 14:17:46+05:30,4016.3,2,4034.97,1659209,176673.0,181592.0,4100.0,4110.0,4012.0,4092.6,25706275,4501.8,3683.4,4440.0,3288.1,4016.3,237,2,4016.2,8,2,4016.1,175,1,4016.0,362,16,4015.8,40,1,4016.5,24,1,4016.6,37,1,4016.7,42,1,4016.8,54,2,4017.0,320,3
11483,2026-07-02 14:17:47+05:30,4016.3,2,4034.97,1659222,176688.0,181564.0,4100.0,4110.0,4012.0,4092.6,25706275,4501.8,3683.4,4440.0,3288.1,4016.4,1,1,4016.3,246,3,4016.2,8,2,4016.1,175,1,4016.0,363,17,4016.5,17,1,4016.6,30,1,4016.7,42,1,4016.8,54,2,4017.0,320,3
11483,2026-07-02 14:17:47+05:30,4016.4,1,4034.97,1659222,176688.0,181564.0,4100.0,4110.0,4012.0,4092.6,25706275,4501.8,3683.4,4440.0,3288.1,4016.4,1,1,4016.3,246,3,4016.2,8,2,4016.1,175,1,4016.0,363,17,4016.5,17,1,4016.6,30,1,4016.7,42,1,4016.8,54,2,4017.0,320,3
11483,2026-07-02 14:17:48+05:30,4016.3,12,4034.97,1659235,176701.0,181443.0,4100.0,4110.0,4012.0,4092.6,25706275,4501.8,3683.4,4440.0,3288.1,4016.3,234,3,4016.2,8,2,4016.1,195,2,4016.0,363,17,4015.8,40,1,4016.6,1,1,4016.8,23,2,4017.0,309,3,4017.1,11,1,4017.2,15,1
11483,2026-07-02 14:17:48+05:30,4016.3,2,4034.97,1659235,176701.0,181443.0,4100.0,4110.0,4012.0,4092.6,25706275,4501.8,3683.4,4440.0,3288.1,4016.3,234,3,4016.2,8,2,4016.1,195,2,4016.0,363,17,4015.8,40,1,4016.6,1,1,4016.8,23,2,4017.0,309,3,4017.1,11,1,4017.2,15,1
11483,2026-07-02 14:17:49+05:30,4016.3,2,4034.97,1659237,176750.0,181427.0,4100.0,4110.0,4012.0,4092.6,25706275,4501.8,3683.4,4440.0,3288.1,4016.3,282,4,4016.2,8,2,4016.1,195,2,4016.0,364,18,4015.8,40,1,4016.6,15,2,4016.8,11,1,4017.0,309,3,4017.1,11,1,4017.2,15,1
11483,2026-07-02 14:17:50+05:30,4016.6,1,4034.97,1659238,177002.0,181336.0,4100.0,4110.0,4012.0,4092.6,25706275,4501.8,3683.4,4440.0,3288.1,4016.5,81,1,4016.4,47,2,4016.3,361,6,4016.2,50,3,4016.1,195,2,4016.8,24,2,4017.0,278,2,4017.2,15,1,4017.3,14,1,4017.4,34,1
11483,2026-07-02 14:17:50+05:30,4016.8,2,4034.97,1659238,177002.0,181336.0,4100.0,4110.0,4012.0,4092.6,25706275,4501.8,3683.4,4440.0,3288.1,4016.5,81,1,4016.4,47,2,4016.3,361,6,4016.2,50,3,4016.1,195,2,4016.8,24,2,4017.0,278,2,4017.2,15,1,4017.3,14,1,4017.4,34,1
11483,2026-07-02 14:17:51+05:30,4016.8,2,4034.96,1659625,176675.0,181193.0,4100.0,4110.0,4012.0,4092.6,25706275,4501.8,3683.4,4440.0,3288.1,4016.3,106,4,4016.2,43,2,4016.1,195,2,4016.0,406,19,4015.8,40,1,4016.8,24,3,4017.0,28,1,4017.2,15,1,4017.6,23,2,4017.7,86,3
11483,2026-07-02 14:17:51+05:30,4016.3,37,4034.96,1659625,176675.0,181193.0,4100.0,4110.0,4012.0,4092.6,25706275,4501.8,3683.4,4440.0,3288.1,4016.3,106,4,4016.2,43,2,4016.1,195,2,4016.0,406,19,4015.8,40,1,4016.8,24,3,4017.0,28,1,4017.2,15,1,4017.6,23,2,4017.7,86,3
11483,2026-07-02 14:17:52+05:30,4016.3,37,4034.96,1659672,176840.0,180782.0,4100.0,4110.0,4012.0,4092.6,25706275,4501.8,3683.4,4440.0,3288.1,4016.6,39,1,4016.5,42,1,4016.4,42,1,4016.3,17,2,4016.2,43,2,4016.8,24,3,4017.0,85,2,4017.2,15,1,4017.6,23,2,4017.7,53,2
11483,2026-07-02 14:17:52+05:30,4016.8,1,4034.96,1659672,176840.0,180782.0,4100.0,4110.0,4012.0,4092.6,25706275,4501.8,3683.4,4440.0,3288.1,4016.6,39,1,4016.5,42,1,4016.4,42,1,4016.3,17,2,4016.2,43,2,4016.8,24,3,4017.0,85,2,4017.2,15,1,4017.6,23,2,4017.7,53,2
11483,2026-07-02 14:17:53+05:30,4016.8,1,4034.96,1659678,176823.0,181015.0,4100.0,4110.0,4012.0,4092.6,25706275,4501.8,3683.4,4440.0,3288.1,4016.7,42,1,4016.6,42,1,4016.5,42,1,4016.3,59,3,4016.2,1,1,4016.8,23,3,4017.0,85,2,4017.2,15,1,4017.6,2,1,4017.7,56,3
11483,2026-07-02 14:17:53+05:30,4016.8,60,4034.96,1659678,176823.0,181015.0,4100.0,4110.0,4012.0,4092.6,25706275,4501.8,3683.4,4440.0,3288.1,4016.7,42,1,4016.6,42,1,4016.5,42,1,4016.3,59,3,4016.2,1,1,4016.8,23,3,4017.0,85,2,4017.2,15,1,4017.6,2,1,4017.7,56,3
11483,2026-07-02 14:17:54+05:30,4016.8,1,4034.96,1659815,176814.0,181034.0,4100.0,4110.0,4012.0,4092.6,25706275,4501.8,3683.4,4440.0,3288.1,4016.6,43,2,4016.5,42,1,4016.3,64,4,4016.2,1,1,4016.1,195,2,4016.8,11,1,4017.0,85,2,4017.2,15,1,4017.6,2,1,4017.7,53,2
11483,2026-07-02 14:17:54+05:30,4016.8,2,4034.96,1659815,176814.0,181034.0,4100.0,4110.0,4012.0,4092.6,25706275,4501.8,3683.4,4440.0,3288.1,4016.6,43,2,4016.5,42,1,4016.3,64,4,4016.2,1,1,4016.1,195,2,4016.8,11,1,4017.0,85,2,4017.2,15,1,4017.6,2,1,4017.7,53,2
11483,2026-07-02 14:17:55+05:30,4016.8,2,4034.96,1659834,176848.0,181074.0,4100.0,4110.0,4012.0,4092.6,25706275,4501.8,3683.4,4440.0,3288.1,4016.7,8,1,4016.6,30,3,4016.5,42,1,4016.3,64,4,4016.2,1,1,4016.8,9,1,4017.0,85,2,4017.2,15,1,4017.6,2,1,4017.7,53,2
11483,2026-07-02 14:17:55+05:30,4016.8,1,4034.96,1659834,176848.0,181074.0,4100.0,4110.0,4012.0,4092.6,25706275,4501.8,3683.4,4440.0,3288.1,4016.7,8,1,4016.6,30,3,4016.5,42,1,4016.3,64,4,4016.2,1,1,4016.8,9,1,4017.0,85,2,4017.2,15,1,4017.6,2,1,4017.7,53,2
11483,2026-07-02 14:17:56+05:30,4016.8,1,4034.96,1659837,176964.0,180964.0,4100.0,4110.0,4012.0,4092.6,25706275,4501.8,3683.4,4440.0,3288.1,4016.7,6,1,4016.6,30,3,4016.5,42,1,4016.3,64,4,4016.2,1,1,4016.8,8,1,4017.0,85,2,4017.2,15,1,4017.6,2,1,4017.7,53,2
11483,2026-07-02 14:17:56+05:30,4016.8,10,4034.96,1659837,176964.0,180964.0,4100.0,4110.0,4012.0,4092.6,25706275,4501.8,3683.4,4440.0,3288.1,4016.7,6,1,4016.6,30,3,4016.5,42,1,4016.3,64,4,4016.2,1,1,4016.8,8,1,4017.0,85,2,4017.2,15,1,4017.6,2,1,4017.7,53,2
11483,2026-07-02 14:17:57+05:30,4016.8,10,4034.96,1659847,176927.0,180949.0,4100.0,4110.0,4012.0,4092.6,25706275,4501.8,3683.4,4440.0,3288.1,4016.7,7,2,4016.6,30,3,4016.5,42,1,4016.3,64,4,4016.2,1,1,4016.8,12,1,4017.0,85,2,4017.2,15,1,4017.6,2,1,4017.7,53,2
11483,2026-07-02 14:17:57+05:30,4016.7,1,4034.96,1659847,176927.0,180949.0,4100.0,4110.0,4012.0,4092.6,25706275,4501.8,3683.4,4440.0,3288.1,4016.7,7,2,4016.6,30,3,4016.5,42,1,4016.3,64,4,4016.2,1,1,4016.8,12,1,4017.0,85,2,4017.2,15,1,4017.6,2,1,4017.7,53,2
11483,2026-07-02 14:17:58+05:30,4016.8,21,4034.96,1659870,176851.0,180953.0,4100.0,4110.0,4012.0,4092.6,25706275,4501.8,3683.4,4440.0,3288.1,4016.8,8,1,4016.7,1,1,4016.6,30,3,4016.5,42,1,4016.4,2,1,4017.0,85,2,4017.2,15,1,4017.6,2,1,4017.7,53,2,4017.8,21,1
11483,2026-07-02 14:17:58+05:30,4017.0,1,4034.96,1659870,176851.0,180953.0,4100.0,4110.0,4012.0,4092.6,25706275,4501.8,3683.4,4440.0,3288.1,4016.8,8,1,4016.7,1,1,4016.6,30,3,4016.5,42,1,4016.4,2,1,4017.0,85,2,4017.2,15,1,4017.6,2,1,4017.7,53,2,4017.8,21,1
11483,2026-07-02 14:17:59+05:30,4017.0,1,4034.96,1659880,177074.0,180949.0,4100.0,4110.0,4012.0,4092.6,25706275,4501.8,3683.4,4440.0,3288.1,4016.9,42,1,4016.8,6,1,4016.7,43,2,4016.6,30,3,4016.5,42,1,4017.0,79,3,4017.2,15,1,4017.6,2,1,4017.7,53,2,4017.8,21,1
11483,2026-07-02 14:17:59+05:30,4016.9,8,4034.96,1659880,177074.0,180949.0,4100.0,4110.0,4012.0,4092.6,25706275,4501.8,3683.4,4440.0,3288.1,4016.9,42,1,4016.8,6,1,4016.7,43,2,4016.6,30,3,4016.5,42,1,4017.0,79,3,4017.2,15,1,4017.6,2,1,4017.7,53,2,4017.8,21,1
11483,2026-07-02 14:18:00+05:30,4016.9,8,4034.96,1659906,177057.0,180979.0,4100.0,4110.0,4012.0,4092.6,25706275,4501.8,3683.4,4440.0,3288.1,4016.9,17,1,4016.8,12,2,4016.7,43,2,4016.6,30,3,4016.5,42,1,4017.0,78,3,4017.2,15,1,4017.6,2,1,4017.7,53,2,4017.8,21,1
11483,2026-07-02 14:18:00+05:30,4017.0,3,4034.96,1659906,177057.0,180979.0,4100.0,4110.0,4012.0,4092.6,25706275,4501.8,3683.4,4440.0,3288.1,4016.9,17,1,4016.8,12,2,4016.7,43,2,4016.6,30,3,4016.5,42,1,4017.0,78,3,4017.2,15,1,4017.6,2,1,4017.7,53,2,4017.8,21,1
11483,2026-07-02 14:18:01+05:30,4017.0,40,4034.96,1659979,177032.0,181019.0,4100.0,4110.0,4012.0,4092.6,25706275,4501.8,3683.4,4440.0,3288.1,4016.9,3,1,4016.8,6,1,4016.7,43,2,4016.6,30,3,4016.5,42,1,4017.0,38,3,4017.2,15,1,4017.6,2,1,4017.7,53,2,4017.8,21,1
11483,2026-07-02 14:18:01+05:30,4016.9,3,4034.96,1659979,177032.0,181019.0,4100.0,4110.0,4012.0,4092.6,25706275,4501.8,3683.4,4440.0,3288.1,4016.9,3,1,4016.8,6,1,4016.7,43,2,4016.6,30,3,4016.5,42,1,4017.0,38,3,4017.2,15,1,4017.6,2,1,4017.7,53,2,4017.8,21,1
11483,2026-07-02 14:18:02+05:30,4016.9,1,4034.96,1659984,177029.0,181185.0,4100.0,4110.0,4012.0,4092.6,25706275,4501.8,3683.4,4440.0,3288.1,4016.8,6,1,4016.6,72,4,4016.4,44,2,4016.3,22,3,4016.2,2,2,4016.9,2,2,4017.0,38,3,4017.2,15,1,4017.6,2,1,4017.7,34,1
11483,2026-07-02 14:18:02+05:30,4016.8,1,4034.96,1659984,177029.0,181185.0,4100.0,4110.0,4012.0,4092.6,25706275,4501.8,3683.4,4440.0,3288.1,4016.8,6,1,4016.6,72,4,4016.4,44,2,4016.3,22,3,4016.2,2,2,4016.9,2,2,4017.0,38,3,4017.2,15,1,4017.6,2,1,4017.7,34,1
11483,2026-07-02 14:18:03+05:30,4016.9,1,4034.96,1660000,177055.0,181398.0,4100.0,4110.0,4012.0,4092.6,25706275,4501.8,3683.4,4440.0,3288.1,4016.8,36,1,4016.6,72,4,4016.4,44,2,4016.3,22,3,4016.2,2,2,4016.9,2,2,4017.0,36,2,4017.2,15,1,4017.6,2,1,4017.7,34,1
11483,2026-07-02 14:18:03+05:30,4016.8,11,4034.96,1660000,177055.0,181398.0,4100.0,4110.0,4012.0,4092.6,25706275,4501.8,3683.4,4440.0,3288.1,4016.8,36,1,4016.6,72,4,4016.4,44,2,4016.3,22,3,4016.2,2,2,4016.9,2,2,4017.0,36,2,4017.2,15,1,4017.6,2,1,4017.7,34,1
11483,2026-07-02 14:18:04+05:30,4016.9,1,4034.96,1660017,177015.0,181275.0,4100.0,4110.0,4012.0,4092.6,25706275,4501.8,3683.4,4440.0,3288.1,4016.8,24,1,4016.6,72,4,4016.4,44,2,4016.3,24,4,4016.2,2,2,4016.9,3,2,4017.0,36,2,4017.2,15,1,4017.6,2,1,4017.7,34,1
11483,2026-07-02 14:18:04+05:30,4016.8,11,4034.96,1660017,177015.0,181275.0,4100.0,4110.0,4012.0,4092.6,25706275,4501.8,3683.4,4440.0,3288.1,4016.8,24,1,4016.6,72,4,4016.4,44,2,4016.3,24,4,4016.2,2,2,4016.9,3,2,4017.0,36,2,4017.2,15,1,4017.6,2,1,4017.7,34,1
11483,2026-07-02 14:18:05+05:30,4016.8,11,4034.96,1660030,177029.0,181484.0,4100.0,4110.0,4012.0,4092.6,25706275,4501.8,3683.4,4440.0,3288.1,4016.8,11,1,4016.6,72,4,4016.4,44,2,4016.3,24,4,4016.2,2,2,4016.9,4,3,4017.0,36,2,4017.2,15,1,4017.6,2,1,4017.7,34,1
11483,2026-07-02 14:18:05+05:30,4016.8,1,4034.96,1660030,177029.0,181484.0,4100.0,4110.0,4012.0,4092.6,25706275,4501.8,3683.4,4440.0,3288.1,4016.8,11,1,4016.6,72,4,4016.4,44,2,4016.3,24,4,4016.2,2,2,4016.9,4,3,4017.0,36,2,4017.2,15,1,4017.6,2,1,4017.7,34,1
11483,2026-07-02 14:18:06+05:30,4016.8,1,4034.95,1660346,177395.0,182586.0,4100.0,4110.0,4012.0,4092.6,25706275,4501.8,3683.4,4440.0,3288.1,4016.7,48,3,4016.6,30,3,4016.5,42,1,4016.4,2,1,4016.3,24,4,4017.0,19,1,4017.8,2,1,4017.9,39,1,4018.0,655,4,4018.1,63,2
11483,2026-07-02 14:18:06+05:30,4016.7,2,4034.95,1660346,177395.0,182586.0,4100.0,4110.0,4012.0,4092.6,25706275,4501.8,3683.4,4440.0,3288.1,4016.7,48,3,4016.6,30,3,4016.5,42,1,4016.4,2,1,4016.3,24,4,4017.0,19,1,4017.8,2,1,4017.9,39,1,4018.0,655,4,4018.1,63,2
11483,2026-07-02 14:18:07+05:30,4016.7,2,4034.95,1660404,176746.0,182706.0,4100.0,4110.0,4012.0,4092.6,25706275,4501.8,3683.4,4440.0,3288.1,4016.9,1,1,4016.7,40,1,4016.6,30,3,4016.5,42,1,4016.4,2,1,4017.0,13,2,4017.8,28,2,4017.9,53,2,4018.0,676,5,4018.1,80,3
11483,2026-07-02 14:18:07+05:30,4017.9,5,4034.95,1660404,176746.0,182706.0,4100.0,4110.0,4012.0,4092.6,25706275,4501.8,3683.4,4440.0,3288.1,4016.9,1,1,4016.7,40,1,4016.6,30,3,4016.5,42,1,4016.4,2,1,4017.0,13,2,4017.8,28,2,4017.9,53,2,4018.0,676,5,4018.1,80,3
11483,2026-07-02 14:18:08+05:30,4017.9,5,4034.95,1660455,176595.0,182710.0,4100.0,4110.0,4012.0,4092.6,25706275,4501.8,3683.4,4440.0,3288.1,4016.7,40,1,4016.6,30,3,4016.4,44,2,4016.3,24,4,4016.2,6,3,4017.0,11,1,4017.6,45,1,4017.7,53,2,4017.9,22,3,4018.0,694,6
11483,2026-07-02 14:18:08+05:30,4016.7,11,4034.95,1660455,176595.0,182710.0,4100.0,4110.0,4012.0,4092.6,25706275,4501.8,3683.4,4440.0,3288.1,4016.7,40,1,4016.6,30,3,4016.4,44,2,4016.3,24,4,4016.2,6,3,4017.0,11,1,4017.6,45,1,4017.7,53,2,4017.9,22,3,4018.0,694,6
11483,2026-07-02 14:18:09+05:30,4017.0,2,4034.95,1660485,176476.0,182875.0,4100.0,4110.0,4012.0,4092.6,25706275,4501.8,3683.4,4440.0,3288.1,4016.6,5,2,4016.4,2,1,4016.3,24,4,4016.2,6,3,4016.1,308,5,4017.0,9,1,4017.7,74,3,4017.8,3,1,4017.9,55,4,4018.0,701,6
11483,2026-07-02 14:18:09+05:30,4016.6,2,4034.95,1660485,176476.0,182875.0,4100.0,4110.0,4012.0,4092.6,25706275,4501.8,3683.4,4440.0,3288.1,4016.6,5,2,4016.4,2,1,4016.3,24,4,4016.2,6,3,4016.1,308,5,4017.0,9,1,4017.7,74,3,4017.8,3,1,4017.9,55,4,4018.0,701,6
11483,2026-07-02 14:18:10+05:30,4016.6,2,4034.95,1660515,176391.0,183034.0,4100.0,4110.0,4012.0,4092.6,25706275,4501.8,3683.4,4440.0,3288.1,4016.4,2,1,4016.3,34,5,4016.2,6,3,4016.1,296,4,4016.0,484,22,4016.6,2,1,4017.0,11,1,4017.5,2,1,4017.6,87,2,4017.7,65,3
11483,2026-07-02 14:18:10+05:30,4016.3,11,4034.95,1660515,176391.0,183034.0,4100.0,4110.0,4012.0,4092.6,25706275,4501.8,3683.4,4440.0,3288.1,4016.4,2,1,4016.3,34,5,4016.2,6,3,4016.1,296,4,4016.0,484,22,4016.6,2,1,4017.0,11,1,4017.5,2,1,4017.6,87,2,4017.7,65,3
11483,2026-07-02 14:18:11+05:30,4016.4,1,4034.95,1660532,176391.0,182942.0,4100.0,4110.0,4012.0,4092.6,25706275,4501.8,3683.4,4440.0,3288.1,4016.3,23,5,4016.2,6,3,4016.1,296,4,4016.0,475,21,4015.8,47,2,4016.4,1,1,4016.6,2,1,4017.0,11,1,4017.5,2,1,4017.6,87,2
11483,2026-07-02 14:18:11+05:30,4017.0,7,4034.95,1660532,176391.0,182942.0,4100.0,4110.0,4012.0,4092.6,25706275,4501.8,3683.4,4440.0,3288.1,4016.3,23,5,4016.2,6,3,4016.1,296,4,4016.0,475,21,4015.8,47,2,4016.4,1,1,4016.6,2,1,4017.0,11,1,4017.5,2,1,4017.6,87,2
11483,2026-07-02 14:18:12+05:30,4017.0,7,4034.95,1660790,176048.0,182837.0,4100.0,4110.0,4012.0,4092.6,25706275,4501.8,3683.4,4440.0,3288.1,4016.1,280,5,4016.0,478,22,4015.9,10,2,4015.8,64,3,4015.7,15,2,4016.3,2,1,4017.0,4,1,4017.4,29,1,4017.5,36,2,4017.7,65,3
11483,2026-07-02 14:18:12+05:30,4016.1,31,4034.95,1660790,176048.0,182837.0,4100.0,4110.0,4012.0,4092.6,25706275,4501.8,3683.4,4440.0,3288.1,4016.1,280,5,4016.0,478,22,4015.9,10,2,4015.8,64,3,4015.7,15,2,4016.3,2,1,4017.0,4,1,4017.4,29,1,4017.5,36,2,4017.7,65,3
11483,2026-07-02 14:18:13+05:30,4016.1,11,4034.95,1660832,175996.0,182898.0,4100.0,4110.0,4012.0,4092.6,25706275,4501.8,3683.4,4440.0,3288.1,4016.1,230,3,4016.0,475,21,4015.9,5,1,4015.8,64,3,4015.7,15,2,4016.3,2,1,4017.0,4,1,4017.4,77,2,4017.5,69,3,4017.7,65,3
11483,2026-07-02 14:18:13+05:30,4016.1,11,4034.95,1660832,175996.0,182898.0,4100.0,4110.0,4012.0,4092.6,25706275,4501.8,3683.4,4440.0,3288.1,4016.1,230,3,4016.0,475,21,4015.9,5,1,4015.8,64,3,4015.7,15,2,4016.3,2,1,4017.0,4,1,4017.4,77,2,4017.5,69,3,4017.7,65,3
11483,2026-07-02 14:18:14+05:30,4016.1,11,4034.95,1660848,176296.0,183107.0,4100.0,4110.0,4012.0,4092.6,25706275,4501.8,3683.4,4440.0,3288.1,4016.2,350,1,4016.1,210,3,4016.0,475,21,4015.9,5,1,4015.8,57,2,4016.3,2,1,4017.0,4,1,4017.2,12,1,4017.4,48,1,4017.5,61,3
11483,2026-07-02 14:18:14+05:30,4016.3,1,4034.95,1660848,176296.0,183107.0,4100.0,4110.0,4012.0,4092.6,25706275,4501.8,3683.4,4440.0,3288.1,4016.2,350,1,4016.1,210,3,4016.0,475,21,4015.9,5,1,4015.8,57,2,4016.3,2,1,4017.0,4,1,4017.2,12,1,4017.4,48,1,4017.5,61,3
11483,2026-07-02 14:18:15+05:30,4016.3,1,4034.95,1660862,176422.0,183228.0,4100.0,4110.0,4012.0,4092.6,25706275,4501.8,3683.4,4440.0,3288.1,4016.2,337,1,4016.1,208,2,4016.0,574,22,4015.8,57,2,4015.7,15,2,4016.3,2,2,4017.0,4,1,4017.2,12,1,4017.4,48,1,4017.5,61,3
11483,2026-07-02 14:18:15+05:30,4016.2,11,4034.95,1660862,176422.0,183228.0,4100.0,4110.0,4012.0,4092.6,25706275,4501.8,3683.4,4440.0,3288.1,4016.2,337,1,4016.1,208,2,4016.0,574,22,4015.8,57,2,4015.7,15,2,4016.3,2,2,4017.0,4,1,4017.2,12,1,4017.4,48,1,4017.5,61,3
11483,2026-07-02 14:18:16+05:30,4016.2,11,4034.95,1660907,176671.0,183030.0,4100.0,4110.0,4012.0,4092.6,25706275,4501.8,3683.4,4440.0,3288.1,4016.8,2,2,4016.6,15,1,4016.2,325,1,4016.1,231,4,4016.0,610,24,4017.0,94,1,4017.2,12,1,4017.5,2,1,4017.7,65,3,4017.9,19,2
11483,2026-07-02 14:18:16+05:30,4017.0,3,4034.95,1660907,176671.0,183030.0,4100.0,4110.0,4012.0,4092.6,25706275,4501.8,3683.4,4440.0,3288.1,4016.8,2,2,4016.6,15,1,4016.2,325,1,4016.1,231,4,4016.0,610,24,4017.0,94,1,4017.2,12,1,4017.5,2,1,4017.7,65,3,4017.9,19,2
11483,2026-07-02 14:18:17+05:30,4016.8,1,4034.95,1660916,176414.0,182279.0,4100.0,4110.0,4012.0,4092.6,25706275,4501.8,3683.4,4440.0,3288.1,4016.6,15,1,4016.2,325,1,4016.1,234,4,4016.0,577,23,4015.9,12,1,4016.8,1,1,4017.0,92,2,4017.2,12,1,4017.9,32,2,4018.0,698,7
11483,2026-07-02 14:18:17+05:30,4016.8,4,4034.95,1660916,176414.0,182279.0,4100.0,4110.0,4012.0,4092.6,25706275,4501.8,3683.4,4440.0,3288.1,4016.6,15,1,4016.2,325,1,4016.1,234,4,4016.0,577,23,4015.9,12,1,4016.8,1,1,4017.0,92,2,4017.2,12,1,4017.9,32,2,4018.0,698,7
11483,2026-07-02 14:18:18+05:30,4016.8,4,4034.95,1660932,176375.0,182546.0,4100.0,4110.0,4012.0,4092.6,25706275,4501.8,3683.4,4440.0,3288.1,4016.6,3,1,4016.4,175,1,4016.2,325,1,4016.1,60,4,4016.0,577,23,4016.8,2,1,4017.0,92,2,4017.1,25,1,4017.2,12,1,4017.9,10,2
11483,2026-07-02 14:18:18+05:30,4016.6,1,4034.95,1660932,176375.0,182546.0,4100.0,4110.0,4012.0,4092.6,25706275,4501.8,3683.4,4440.0,3288.1,4016.6,3,1,4016.4,175,1,4016.2,325,1,4016.1,60,4,4016.0,577,23,4016.8,2,1,4017.0,92,2,4017.1,25,1,4017.2,12,1,4017.9,10,2
11483,2026-07-02 14:18:19+05:30,4016.6,1,4034.95,1660937,176007.0,182653.0,4100.0,4110.0,4012.0,4092.6,25706275,4501.8,3683.4,4440.0,3288.1,4016.2,325,1,4016.1,236,6,4016.0,574,22,4015.8,57,2,4015.7,26,2,4016.6,2,1,4016.8,2,2,4017.0,91,1,4017.1,25,1,4017.2,12,1
11483,2026-07-02 14:18:19+05:30,4016.6,4,4034.95,1660937,176007.0,182653.0,4100.0,4110.0,4012.0,4092.6,25706275,4501.8,3683.4,4440.0,3288.1,4016.2,325,1,4016.1,236,6,4016.0,574,22,4015.8,57,2,4015.7,26,2,4016.6,2,1,4016.8,2,2,4017.0,91,1,4017.1,25,1,4017.2,12,1
11483,2026-07-02 14:18:20+05:30,4016.6,4,4034.95,1660957,176003.0,182722.0,4100.0,4110.0,4012.0,4092.6,25706275,4501.8,3683.4,4440.0,3288.1,4016.2,314,1,4016.1,236,6,4016.0,574,22,4015.8,40,1,4015.7,26,2,4016.8,2,2,4017.0,91,1,4017.2,12,1,4017.3,33,1,4017.9,65,4
11483,2026-07-02 14:18:20+05:30,4016.2,1,4034.95,1660957,176003.0,182722.0,4100.0,4110.0,4012.0,4092.6,25706275,4501.8,3683.4,4440.0,3288.1,4016.2,314,1,4016.1,236,6,4016.0,574,22,4015.8,40,1,4015.7,26,2,4016.8,2,2,4017.0,91,1,4017.2,12,1,4017.3,33,1,4017.9,65,4
11483,2026-07-02 14:18:23+05:30,4016.2,1,4034.95,1660967,176192.0,182533.0,4100.0,4110.0,4012.0,4092.6,25706275,4501.8,3683.4,4440.0,3288.1,4016.6,1,1,4016.5,50,1,4016.2,310,1,4016.1,210,4,4016.0,591,23,4017.0,91,1,4017.2,12,1,4017.8,2,1,4017.9,96,3,4018.0,693,7
11483,2026-07-02 14:18:23+05:30,4016.6,1,4034.95,1660967,176192.0,182533.0,4100.0,4110.0,4012.0,4092.6,25706275,4501.8,3683.4,4440.0,3288.1,4016.6,1,1,4016.5,50,1,4016.2,310,1,4016.1,210,4,4016.0,591,23,4017.0,91,1,4017.2,12,1,4017.8,2,1,4017.9,96,3,4018.0,693,7
11483,2026-07-02 14:18:26+05:30,4016.6,1,4034.95,1660967,176192.0,182533.0,4100.0,4110.0,4012.0,4092.6,25706275,4501.8,3683.4,4440.0,3288.1,4016.6,1,1,4016.5,50,1,4016.2,310,1,4016.1,210,4,4016.0,591,23,4017.0,91,1,4017.2,12,1,4017.8,2,1,4017.9,96,3,4018.0,693,7
11483,2026-07-02 14:18:26+05:30,4017.0,8,4034.95,1660967,176192.0,182533.0,4100.0,4110.0,4012.0,4092.6,25706275,4501.8,3683.4,4440.0,3288.1,4016.6,1,1,4016.5,50,1,4016.2,310,1,4016.1,210,4,4016.0,591,23,4017.0,91,1,4017.2,12,1,4017.8,2,1,4017.9,96,3,4018.0,693,7
11483,2026-07-02 14:18:27+05:30,4017.0,8,4034.95,1660967,176192.0,182533.0,4100.0,4110.0,4012.0,4092.6,25706275,4501.8,3683.4,4440.0,3288.1,4016.6,1,1,4016.5,50,1,4016.2,310,1,4016.1,210,4,4016.0,591,23,4017.0,91,1,4017.2,12,1,4017.8,2,1,4017.9,96,3,4018.0,693,7
11483,2026-07-02 14:18:27+05:30,4017.0,8,4034.95,1660989,177251.0,182420.0,4100.0,4110.0,4012.0,4092.6,25706275,4501.8,3683.4,4440.0,3288.1,4016.8,1,1,4016.7,8,1,4016.5,50,1,4016.2,460,3,4016.1,223,5,4016.9,10,1,4017.0,84,2,4017.2,12,1,4017.8,2,1,4017.9,68,4
11483,2026-07-02 14:18:28+05:30,4017.0,8,4034.95,1660989,177251.0,182420.0,4100.0,4110.0,4012.0,4092.6,25706275,4501.8,3683.4,4440.0,3288.1,4016.8,1,1,4016.7,8,1,4016.5,50,1,4016.2,460,3,4016.1,223,5,4016.9,10,1,4017.0,84,2,4017.2,12,1,4017.8,2,1,4017.9,68,4
11483,2026-07-02 14:18:29+05:30,4017.0,8,4034.95,1660989,177251.0,182420.0,4100.0,4110.0,4012.0,4092.6,25706275,4501.8,3683.4,4440.0,3288.1,4016.8,1,1,4016.7,8,1,4016.5,50,1,4016.2,460,3,4016.1,223,5,4016.9,10,1,4017.0,84,2,4017.2,12,1,4017.8,2,1,4017.9,68,4
11483,2026-07-02 14:18:29+05:30,4016.9,1,4034.95,1660989,177251.0,182420.0,4100.0,4110.0,4012.0,4092.6,25706275,4501.8,3683.4,4440.0,3288.1,4016.8,1,1,4016.7,8,1,4016.5,50,1,4016.2,460,3,4016.1,223,5,4016.9,10,1,4017.0,84,2,4017.2,12,1,4017.8,2,1,4017.9,68,4
11483,2026-07-02 14:18:30+05:30,4016.9,1,4034.95,1660989,177251.0,182420.0,4100.0,4110.0,4012.0,4092.6,25706275,4501.8,3683.4,4440.0,3288.1,4016.8,1,1,4016.7,8,1,4016.5,50,1,4016.2,460,3,4016.1,223,5,4016.9,10,1,4017.0,84,2,4017.2,12,1,4017.8,2,1,4017.9,68,4
11483,2026-07-02 14:18:30+05:30,4016.9,1,4034.95,1660989,177251.0,182420.0,4100.0,4110.0,4012.0,4092.6,25710650,4501.8,3683.4,4440.0,3288.1,4016.8,1,1,4016.7,8,1,4016.5,50,1,4016.2,460,3,4016.1,223,5,4016.9,10,1,4017.0,84,2,4017.2,12,1,4017.8,2,1,4017.9,68,4
11483,2026-07-02 14:18:31+05:30,4016.9,1,4034.95,1660989,177251.0,182420.0,4100.0,4110.0,4012.0,4092.6,25710650,4501.8,3683.4,4440.0,3288.1,4016.8,1,1,4016.7,8,1,4016.5,50,1,4016.2,460,3,4016.1,223,5,4016.9,10,1,4017.0,84,2,4017.2,12,1,4017.8,2,1,4017.9,68,4
11483,2026-07-02 14:18:32+05:30,4016.9,1,4034.95,1660989,177251.0,182420.0,4100.0,4110.0,4012.0,4092.6,25710650,4501.8,3683.4,4440.0,3288.1,4016.8,1,1,4016.7,8,1,4016.5,50,1,4016.2,460,3,4016.1,223,5,4016.9,10,1,4017.0,84,2,4017.2,12,1,4017.8,2,1,4017.9,68,4
11483,2026-07-02 14:18:32+05:30,4016.6,21,4034.94,1661395,177672.0,182557.0,4100.0,4110.0,4012.0,4092.6,25710650,4501.8,3683.4,4440.0,3288.1,4016.5,50,1,4016.4,14,1,4016.2,592,8,4016.1,36,4,4016.0,671,23,4017.0,81,1,4017.2,12,1,4017.8,17,2,4017.9,54,1,4018.0,660,5
11483,2026-07-02 14:18:32+05:30,4016.5,49,4034.94,1661395,177672.0,182557.0,4100.0,4110.0,4012.0,4092.6,25710650,4501.8,3683.4,4440.0,3288.1,4016.5,50,1,4016.4,14,1,4016.2,592,8,4016.1,36,4,4016.0,671,23,4017.0,81,1,4017.2,12,1,4017.8,17,2,4017.9,54,1,4018.0,660,5
11483,2026-07-02 14:18:35+05:30,4016.6,1,4034.94,1661395,177672.0,182557.0,4100.0,4110.0,4012.0,4092.6,25710650,4501.8,3683.4,4440.0,3288.1,4016.5,50,1,4016.4,14,1,4016.2,592,8,4016.1,36,4,4016.0,671,23,4017.0,81,1,4017.2,12,1,4017.8,17,2,4017.9,54,1,4018.0,660,5
11483,2026-07-02 14:18:37+05:30,4016.6,1,4034.94,1661625,177459.0,182520.0,4100.0,4110.0,4012.0,4092.6,25710650,4501.8,3683.4,4440.0,3288.1,4016.7,1,1,4016.6,99,1,4016.5,5,4,4016.4,14,1,4016.3,8,1,4016.9,21,1,4017.0,5,2,4017.2,12,1,4017.8,24,1,4017.9,92,6
11483,2026-07-02 14:18:38+05:30,4017.0,4,4034.94,1661625,177459.0,182520.0,4100.0,4110.0,4012.0,4092.6,25710650,4501.8,3683.4,4440.0,3288.1,4016.7,1,1,4016.6,99,1,4016.5,5,4,4016.4,14,1,4016.3,8,1,4016.9,21,1,4017.0,5,2,4017.2,12,1,4017.8,24,1,4017.9,92,6
11483,2026-07-02 14:18:41+05:30,4017.0,2,4034.94,1661625,177459.0,182520.0,4100.0,4110.0,4012.0,4092.6,25710650,4501.8,3683.4,4440.0,3288.1,4016.7,1,1,4016.6,99,1,4016.5,5,4,4016.4,14,1,4016.3,8,1,4016.9,21,1,4017.0,5,2,4017.2,12,1,4017.8,24,1,4017.9,92,6
11483,2026-07-02 14:18:42+05:30,4017.0,2,4034.94,1661740,177451.0,182380.0,4100.0,4110.0,4012.0,4092.6,25710650,4501.8,3683.4,4440.0,3288.1,4016.6,276,3,4016.5,5,4,4016.2,277,6,4016.1,36,4,4016.0,678,23,4016.7,3,3,4016.9,1,1,4017.0,1,1,4017.2,12,1,4017.6,15,1
11483,2026-07-02 14:18:45+05:30,4016.6,1,4034.94,1661740,177451.0,182380.0,4100.0,4110.0,4012.0,4092.6,25710650,4501.8,3683.4,4440.0,3288.1,4016.6,276,3,4016.5,5,4,4016.2,277,6,4016.1,36,4,4016.0,678,23,4016.7,3,3,4016.9,1,1,4017.0,1,1,4017.2,12,1,4017.6,15,1
11483,2026-07-02 14:18:46+05:30,4017.0,1,4034.94,1662078,177346.0,182638.0,4100.0,4110.0,4012.0,4092.6,25710650,4501.8,3683.4,4440.0,3288.1,4016.6,1,1,4016.5,7,1,4016.3,50,1,4016.2,202,5,4016.1,224,6,4017.0,4,1,4017.2,15,1,4017.5,14,2,4017.6,18,2,4017.7,62,4
11483,2026-07-02 14:18:48+05:30,4016.6,1,4034.94,1662078,177346.0,182638.0,4100.0,4110.0,4012.0,4092.6,25710650,4501.8,3683.4,4440.0,3288.1,4016.6,1,1,4016.5,7,1,4016.3,50,1,4016.2,202,5,4016.1,224,6,4017.0,4,1,4017.2,15,1,4017.5,14,2,4017.6,18,2,4017.7,62,4
11483,2026-07-02 14:18:51+05:30,4016.6,5,4034.94,1662078,177346.0,182638.0,4100.0,4110.0,4012.0,4092.6,25710650,4501.8,3683.4,4440.0,3288.1,4016.6,1,1,4016.5,7,1,4016.3,50,1,4016.2,202,5,4016.1,224,6,4017.0,4,1,4017.2,15,1,4017.5,14,2,4017.6,18,2,4017.7,62,4
11483,2026-07-02 14:18:51+05:30,4016.6,1,4034.94,1662096,177276.0,182745.0,4100.0,4110.0,4012.0,4092.6,25710650,4501.8,3683.4,4440.0,3288.1,4016.3,51,2,4016.2,377,6,4016.1,35,3,4016.0,722,24,4015.8,40,1,4016.6,24,6,4016.9,5,1,4017.0,4,1,4017.5,14,2,4017.6,133,5
11483,2026-07-02 14:18:54+05:30,4016.3,1,4034.94,1662096,177276.0,182745.0,4100.0,4110.0,4012.0,4092.6,25710650,4501.8,3683.4,4440.0,3288.1,4016.3,51,2,4016.2,377,6,4016.1,35,3,4016.0,722,24,4015.8,40,1,4016.6,24,6,4016.9,5,1,4017.0,4,1,4017.5,14,2,4017.6,133,5
11483,2026-07-02 14:18:56+05:30,4016.4,2,4034.93,1662276,177246.0,182342.0,4100.0,4110.0,4012.0,4092.6,25710650,4501.8,3683.4,4440.0,3288.1,4016.4,5,1,4016.3,4,2,4016.2,277,5,4016.1,35,3,4016.0,723,25,4016.6,3,1,4016.9,5,1,4017.0,15,2,4017.2,26,2,4017.4,37,2
11483,2026-07-02 14:18:57+05:30,4016.4,1,4034.93,1662276,177246.0,182342.0,4100.0,4110.0,4012.0,4092.6,25710650,4501.8,3683.4,4440.0,3288.1,4016.4,5,1,4016.3,4,2,4016.2,277,5,4016.1,35,3,4016.0,723,25,4016.6,3,1,4016.9,5,1,4017.0,15,2,4017.2,26,2,4017.4,37,2
11483,2026-07-02 14:19:00+05:30,4016.6,1,4034.93,1662276,177246.0,182342.0,4100.0,4110.0,4012.0,4092.6,25710650,4501.8,3683.4,4440.0,3288.1,4016.4,5,1,4016.3,4,2,4016.2,277,5,4016.1,35,3,4016.0,723,25,4016.6,3,1,4016.9,5,1,4017.0,15,2,4017.2,26,2,4017.4,37,2
11483,2026-07-02 14:19:01+05:30,4017.0,3,4034.93,1662385,176984.0,183109.0,4100.0,4110.0,4012.0,4092.6,25710650,4501.8,3683.4,4440.0,3288.1,4016.6,8,1,4016.5,6,1,4016.3,4,2,4016.2,102,4,4016.1,210,4,4017.0,2,1,4017.2,13,1,4017.4,37,2,4017.5,14,2,4017.6,78,4
11483,2026-07-02 14:19:03+05:30,4016.5,5,4034.93,1662385,176984.0,183109.0,4100.0,4110.0,4012.0,4092.6,25710650,4501.8,3683.4,4440.0,3288.1,4016.6,8,1,4016.5,6,1,4016.3,4,2,4016.2,102,4,4016.1,210,4,4017.0,2,1,4017.2,13,1,4017.4,37,2,4017.5,14,2,4017.6,78,4
11483,2026-07-02 14:19:05+05:30,4016.4,3,4034.93,1662409,177038.0,183212.0,4100.0,4110.0,4012.0,4092.6,25710650,4501.8,3683.4,4440.0,3288.1,4016.3,4,2,4016.2,102,4,4016.1,210,4,4016.0,834,29,4015.9,36,2,4017.0,1,1,4017.2,13,1,4017.5,11,1,4017.6,15,1,4017.7,48,2
11483,2026-07-02 14:19:06+05:30,4016.3,3,4034.93,1662409,177038.0,183212.0,4100.0,4110.0,4012.0,4092.6,25710650,4501.8,3683.4,4440.0,3288.1,4016.3,4,2,4016.2,102,4,4016.1,210,4,4016.0,834,29,4015.9,36,2,4017.0,1,1,4017.2,13,1,4017.5,11,1,4017.6,15,1,4017.7,48,2
11483,2026-07-02 14:19:09+05:30,4017.0,2,4034.93,1662409,177038.0,183212.0,4100.0,4110.0,4012.0,4092.6,25710650,4501.8,3683.4,4440.0,3288.1,4016.3,4,2,4016.2,102,4,4016.1,210,4,4016.0,834,29,4015.9,36,2,4017.0,1,1,4017.2,13,1,4017.5,11,1,4017.6,15,1,4017.7,48,2
11483,2026-07-02 14:19:10+05:30,4016.5,11,4034.93,1662448,177126.0,183049.0,4100.0,4110.0,4012.0,4092.6,25710650,4501.8,3683.4,4440.0,3288.1,4016.5,101,2,4016.3,46,2,4016.2,102,4,4016.1,210,4,4016.0,706,29,4017.0,51,2,4017.5,69,2,4017.6,54,2,4017.7,39,2,4017.8,17,1
11483,2026-07-02 14:19:12+05:30,4016.5,4,4034.93,1662448,177126.0,183049.0,4100.0,4110.0,4012.0,4092.6,25710650,4501.8,3683.4,4440.0,3288.1,4016.5,101,2,4016.3,46,2,4016.2,102,4,4016.1,210,4,4016.0,706,29,4017.0,51,2,4017.5,69,2,4017.6,54,2,4017.7,39,2,4017.8,17,1
11483,2026-07-02 14:19:15+05:30,4016.8,29,4034.93,1662448,177126.0,183049.0,4100.0,4110.0,4012.0,4092.6,25710650,4501.8,3683.4,4440.0,3288.1,4016.5,101,2,4016.3,46,2,4016.2,102,4,4016.1,210,4,4016.0,706,29,4017.0,51,2,4017.5,69,2,4017.6,54,2,4017.7,39,2,4017.8,17,1
11483,2026-07-02 14:19:15+05:30,4016.8,29,4034.93,1662581,177073.0,183472.0,4100.0,4110.0,4012.0,4092.6,25710650,4501.8,3683.4,4440.0,3288.1,4016.5,133,3,4016.4,7,2,4016.3,46,2,4016.2,102,4,4016.1,210,4,4016.8,24,3,4016.9,48,2,4017.0,109,5,4017.1,17,2,4017.2,51,2
11483,2026-07-02 14:19:18+05:30,4016.6,1,4034.93,1662581,177073.0,183472.0,4100.0,4110.0,4012.0,4092.6,25710650,4501.8,3683.4,4440.0,3288.1,4016.5,133,3,4016.4,7,2,4016.3,46,2,4016.2,102,4,4016.1,210,4,4016.8,24,3,4016.9,48,2,4017.0,109,5,4017.1,17,2,4017.2,51,2
11483,2026-07-02 14:19:20+05:30,4017.0,6,4034.93,1662648,177644.0,183271.0,4100.0,4110.0,4012.0,4092.6,25710650,4501.8,3683.4,4440.0,3288.1,4016.5,227,5,4016.4,3,2,4016.3,321,4,4016.2,102,4,4016.1,35,3,4017.0,45,3,4017.2,15,1,4017.4,12,1,4017.5,15,1,4017.6,69,3
11483,2026-07-02 14:19:21+05:30,4016.5,8,4034.93,1662648,177644.0,183271.0,4100.0,4110.0,4012.0,4092.6,25710650,4501.8,3683.4,4440.0,3288.1,4016.5,227,5,4016.4,3,2,4016.3,321,4,4016.2,102,4,4016.1,35,3,4017.0,45,3,4017.2,15,1,4017.4,12,1,4017.5,15,1,4017.6,69,3
11483,2026-07-02 14:19:24+05:30,4017.4,10,4034.93,1662648,177644.0,183271.0,4100.0,4110.0,4012.0,4092.6,25710650,4501.8,3683.4,4440.0,3288.1,4016.5,227,5,4016.4,3,2,4016.3,321,4,4016.2,102,4,4016.1,35,3,4017.0,45,3,4017.2,15,1,4017.4,12,1,4017.5,15,1,4017.6,69,3
11483,2026-07-02 14:19:25+05:30,4017.0,3,4034.92,1663304,177312.0,183343.0,4100.0,4110.0,4012.0,4092.6,25710650,4501.8,3683.4,4440.0,3288.1,4016.9,42,1,4016.8,42,1,4016.7,42,1,4016.6,48,3,4016.5,261,6,4017.0,2,1,4017.4,15,1,4017.5,15,1,4017.6,24,2,4017.8,17,1
11483,2026-07-02 14:19:26+05:30,4017.0,3,4034.92,1663304,177312.0,183343.0,4100.0,4110.0,4012.0,4092.6,25710650,4501.8,3683.4,4440.0,3288.1,4016.9,42,1,4016.8,42,1,4016.7,42,1,4016.6,48,3,4016.5,261,6,4017.0,2,1,4017.4,15,1,4017.5,15,1,4017.6,24,2,4017.8,17,1
11483,2026-07-02 14:19:27+05:30,4017.0,4,4034.92,1663304,177312.0,183343.0,4100.0,4110.0,4012.0,4092.6,25710650,4501.8,3683.4,4440.0,3288.1,4016.9,42,1,4016.8,42,1,4016.7,42,1,4016.6,48,3,4016.5,261,6,4017.0,2,1,4017.4,15,1,4017.5,15,1,4017.6,24,2,4017.8,17,1
11483,2026-07-02 14:19:27+05:30,4017.0,4,4034.92,1663304,177312.0,183343.0,4100.0,4110.0,4012.0,4092.6,25710650,4501.8,3683.4,4440.0,3288.1,4016.9,42,1,4016.8,42,1,4016.7,42,1,4016.6,48,3,4016.5,261,6,4017.0,2,1,4017.4,15,1,4017.5,15,1,4017.6,24,2,4017.8,17,1
11483,2026-07-02 14:19:28+05:30,4017.0,4,4034.92,1663304,177312.0,183343.0,4100.0,4110.0,4012.0,4092.6,25710650,4501.8,3683.4,4440.0,3288.1,4016.9,42,1,4016.8,42,1,4016.7,42,1,4016.6,48,3,4016.5,261,6,4017.0,2,1,4017.4,15,1,4017.5,15,1,4017.6,24,2,4017.8,17,1
11483,2026-07-02 14:19:29+05:30,4017.0,4,4034.92,1663304,177312.0,183343.0,4100.0,4110.0,4012.0,4092.6,25710650,4501.8,3683.4,4440.0,3288.1,4016.9,42,1,4016.8,42,1,4016.7,42,1,4016.6,48,3,4016.5,261,6,4017.0,2,1,4017.4,15,1,4017.5,15,1,4017.6,24,2,4017.8,17,1
11483,2026-07-02 14:19:30+05:30,4017.0,4,4034.92,1663304,177312.0,183343.0,4100.0,4110.0,4012.0,4092.6,25710650,4501.8,3683.4,4440.0,3288.1,4016.9,42,1,4016.8,42,1,4016.7,42,1,4016.6,48,3,4016.5,261,6,4017.0,2,1,4017.4,15,1,4017.5,15,1,4017.6,24,2,4017.8,17,1
11483,2026-07-02 14:19:30+05:30,4017.0,2,4034.92,1663304,177312.0,183343.0,4100.0,4110.0,4012.0,4092.6,25710650,4501.8,3683.4,4440.0,3288.1,4016.9,42,1,4016.8,42,1,4016.7,42,1,4016.6,48,3,4016.5,261,6,4017.0,2,1,4017.4,15,1,4017.5,15,1,4017.6,24,2,4017.8,17,1
11483,2026-07-02 14:19:30+05:30,4017.0,2,4034.92,1663304,177312.0,183343.0,4100.0,4110.0,4012.0,4092.6,25710650,4501.8,3683.4,4440.0,3288.1,4016.9,42,1,4016.8,42,1,4016.7,42,1,4016.6,48,3,4016.5,261,6,4017.0,2,1,4017.4,15,1,4017.5,15,1,4017.6,24,2,4017.8,17,1
11483,2026-07-02 14:19:30+05:30,4017.0,4,4034.92,1663797,177495.0,183518.0,4100.0,4110.0,4012.0,4092.6,25710650,4501.8,3683.4,4440.0,3288.1,4016.9,1,1,4016.8,6,1,4016.6,40,2,4016.5,220,6,4016.4,3,2,4017.0,1,1,4017.5,602,2,4017.6,47,2,4017.9,33,4,4018.0,79,5
11483,2026-07-02 14:19:30+05:30,4017.0,4,4034.92,1663797,177495.0,183518.0,4100.0,4110.0,4012.0,4092.6,25721850,4501.8,3683.4,4440.0,3288.1,4016.9,1,1,4016.8,6,1,4016.6,40,2,4016.5,220,6,4016.4,3,2,4017.0,1,1,4017.5,602,2,4017.6,47,2,4017.9,33,4,4018.0,79,5
11483,2026-07-02 14:19:31+05:30,4017.0,4,4034.92,1663797,177495.0,183518.0,4100.0,4110.0,4012.0,4092.6,25721850,4501.8,3683.4,4440.0,3288.1,4016.9,1,1,4016.8,6,1,4016.6,40,2,4016.5,220,6,4016.4,3,2,4017.0,1,1,4017.5,602,2,4017.6,47,2,4017.9,33,4,4018.0,79,5
11483,2026-07-02 14:19:32+05:30,4017.0,4,4034.92,1663797,177495.0,183518.0,4100.0,4110.0,4012.0,4092.6,25721850,4501.8,3683.4,4440.0,3288.1,4016.9,1,1,4016.8,6,1,4016.6,40,2,4016.5,220,6,4016.4,3,2,4017.0,1,1,4017.5,602,2,4017.6,47,2,4017.9,33,4,4018.0,79,5
11483,2026-07-02 14:19:33+05:30,4017.0,42,4034.92,1663797,177495.0,183518.0,4100.0,4110.0,4012.0,4092.6,25721850,4501.8,3683.4,4440.0,3288.1,4016.9,1,1,4016.8,6,1,4016.6,40,2,4016.5,220,6,4016.4,3,2,4017.0,1,1,4017.5,602,2,4017.6,47,2,4017.9,33,4,4018.0,79,5
11483,2026-07-02 14:19:35+05:30,4017.0,1,4034.91,1664427,177124.0,183595.0,4100.0,4110.0,4012.0,4092.6,25721850,4501.8,3683.4,4440.0,3288.1,4016.5,32,1,4016.1,205,4,4016.0,852,33,4015.9,27,3,4015.8,40,1,4017.0,61,2,4017.2,2,1,4017.5,600,1,4017.6,47,2,4017.8,3,1
11483,2026-07-02 14:19:36+05:30,4016.5,32,4034.91,1664427,177124.0,183595.0,4100.0,4110.0,4012.0,4092.6,25721850,4501.8,3683.4,4440.0,3288.1,4016.5,32,1,4016.1,205,4,4016.0,852,33,4015.9,27,3,4015.8,40,1,4017.0,61,2,4017.2,2,1,4017.5,600,1,4017.6,47,2,4017.8,3,1
11483,2026-07-02 14:19:39+05:30,4017.0,2,4034.91,1664427,177124.0,183595.0,4100.0,4110.0,4012.0,4092.6,25721850,4501.8,3683.4,4440.0,3288.1,4016.5,32,1,4016.1,205,4,4016.0,852,33,4015.9,27,3,4015.8,40,1,4017.0,61,2,4017.2,2,1,4017.5,600,1,4017.6,47,2,4017.8,3,1
11483,2026-07-02 14:19:40+05:30,4016.1,52,4034.91,1664790,177312.0,183815.0,4100.0,4110.0,4012.0,4092.6,25721850,4501.8,3683.4,4440.0,3288.1,4016.2,9,1,4016.1,134,2,4016.0,868,34,4015.9,27,3,4015.8,72,3,4017.0,5,1,4017.2,15,1,4017.5,715,3,4017.6,47,2,4017.8,3,1
11483,2026-07-02 14:19:42+05:30,4016.5,1,4034.91,1664790,177312.0,183815.0,4100.0,4110.0,4012.0,4092.6,25721850,4501.8,3683.4,4440.0,3288.1,4016.2,9,1,4016.1,134,2,4016.0,868,34,4015.9,27,3,4015.8,72,3,4017.0,5,1,4017.2,15,1,4017.5,715,3,4017.6,47,2,4017.8,3,1
11483,2026-07-02 14:19:45+05:30,4016.2,1,4034.91,1664790,177312.0,183815.0,4100.0,4110.0,4012.0,4092.6,25721850,4501.8,3683.4,4440.0,3288.1,4016.2,9,1,4016.1,134,2,4016.0,868,34,4015.9,27,3,4015.8,72,3,4017.0,5,1,4017.2,15,1,4017.5,715,3,4017.6,47,2,4017.8,3,1
11483,2026-07-02 14:19:45+05:30,4016.2,1,4034.9,1664904,177175.0,183401.0,4100.0,4110.0,4012.0,4092.6,25721850,4501.8,3683.4,4440.0,3288.1,4016.8,1,1,4016.7,9,2,4016.5,17,2,4016.1,51,4,4016.0,861,34,4016.9,1,1,4017.0,7,2,4017.2,27,2,4017.5,702,2,4017.6,47,2
11483,2026-07-02 14:19:48+05:30,4017.2,8,4034.9,1664904,177175.0,183401.0,4100.0,4110.0,4012.0,4092.6,25721850,4501.8,3683.4,4440.0,3288.1,4016.8,1,1,4016.7,9,2,4016.5,17,2,4016.1,51,4,4016.0,861,34,4016.9,1,1,4017.0,7,2,4017.2,27,2,4017.5,702,2,4017.6,47,2
11483,2026-07-02 14:19:50+05:30,4017.2,3,4034.9,1665082,177626.0,182563.0,4100.0,4110.0,4012.0,4092.6,25721850,4501.8,3683.4,4440.0,3288.1,4016.5,23,4,4016.4,2,1,4016.3,14,2,4016.2,8,1,4016.1,93,6,4017.0,25,1,4017.2,15,2,4017.5,702,2,4017.6,15,1,4017.9,11,2
11483,2026-07-02 14:19:51+05:30,4016.5,1,4034.9,1665082,177626.0,182563.0,4100.0,4110.0,4012.0,4092.6,25721850,4501.8,3683.4,4440.0,3288.1,4016.5,23,4,4016.4,2,1,4016.3,14,2,4016.2,8,1,4016.1,93,6,4017.0,25,1,4017.2,15,2,4017.5,702,2,4017.6,15,1,4017.9,11,2
11483,2026-07-02 14:19:54+05:30,4016.5,1,4034.9,1665082,177626.0,182563.0,4100.0,4110.0,4012.0,4092.6,25721850,4501.8,3683.4,4440.0,3288.1,4016.5,23,4,4016.4,2,1,4016.3,14,2,4016.2,8,1,4016.1,93,6,4017.0,25,1,4017.2,15,2,4017.5,702,2,4017.6,15,1,4017.9,11,2
11483,2026-07-02 14:19:55+05:30,4016.5,2,4034.9,1665251,177344.0,182850.0,4100.0,4110.0,4012.0,4092.6,25721850,4501.8,3683.4,4440.0,3288.1,4016.8,170,1,4016.5,1,1,4016.3,12,1,4016.1,17,3,4016.0,853,33,4017.0,21,1,4017.2,20,1,4017.4,17,2,4017.5,702,2,4017.6,47,2
11483,2026-07-02 14:19:56+05:30,4016.9,1,4034.9,1665251,177344.0,182850.0,4100.0,4110.0,4012.0,4092.6,25721850,4501.8,3683.4,4440.0,3288.1,4016.8,170,1,4016.5,1,1,4016.3,12,1,4016.1,17,3,4016.0,853,33,4017.0,21,1,4017.2,20,1,4017.4,17,2,4017.5,702,2,4017.6,47,2
11483,2026-07-02 14:19:58+05:30,4017.2,7,4034.9,1665251,177344.0,182850.0,4100.0,4110.0,4012.0,4092.6,25721850,4501.8,3683.4,4440.0,3288.1,4016.8,170,1,4016.5,1,1,4016.3,12,1,4016.1,17,3,4016.0,853,33,4017.0,21,1,4017.2,20,1,4017.4,17,2,4017.5,702,2,4017.6,47,2
11483,2026-07-02 14:19:59+05:30,4016.1,1,4034.9,1665762,177539.0,182695.0,4100.0,4110.0,4012.0,4092.6,25721850,4501.8,3683.4,4440.0,3288.1,4016.2,11,2,4016.1,298,5,4016.0,827,30,4015.9,12,1,4015.8,40,1,4017.0,2,1,4017.2,32,3,4017.4,11,2,4017.5,702,2,4017.6,89,5
11483,2026-07-02 14:20:00+05:30,4016.2,25,4034.9,1665762,177539.0,182695.0,4100.0,4110.0,4012.0,4092.6,25721850,4501.8,3683.4,4440.0,3288.1,4016.2,11,2,4016.1,298,5,4016.0,827,30,4015.9,12,1,4015.8,40,1,4017.0,2,1,4017.2,32,3,4017.4,11,2,4017.5,702,2,4017.6,89,5
11483,2026-07-02 14:20:02+05:30,4016.8,2,4034.9,1665762,177539.0,182695.0,4100.0,4110.0,4012.0,4092.6,25721850,4501.8,3683.4,4440.0,3288.1,4016.2,11,2,4016.1,298,5,4016.0,827,30,4015.9,12,1,4015.8,40,1,4017.0,2,1,4017.2,32,3,4017.4,11,2,4017.5,702,2,4017.6,89,5
11483,2026-07-02 14:20:04+05:30,4017.0,8,4034.89,1665859,177954.0,182617.0,4100.0,4110.0,4012.0,4092.6,25721850,4501.8,3683.4,4440.0,3288.1,4016.4,175,1,4016.3,180,2,4016.2,9,1,4016.1,163,5,4016.0,827,32,4017.0,15,2,4017.2,24,2,4017.4,3,1,4017.5,702,2,4017.6,15,1
11483,2026-07-02 14:20:05+05:30,4016.4,11,4034.89,1665859,177954.0,182617.0,4100.0,4110.0,4012.0,4092.6,25721850,4501.8,3683.4,4440.0,3288.1,4016.4,175,1,4016.3,180,2,4016.2,9,1,4016.1,163,5,4016.0,827,32,4017.0,15,2,4017.2,24,2,4017.4,3,1,4017.5,702,2,4017.6,15,1
11483,2026-07-02 14:20:08+05:30,4016.3,1,4034.89,1665859,177954.0,182617.0,4100.0,4110.0,4012.0,4092.6,25721850,4501.8,3683.4,4440.0,3288.1,4016.4,175,1,4016.3,180,2,4016.2,9,1,4016.1,163,5,4016.0,827,32,4017.0,15,2,4017.2,24,2,4017.4,3,1,4017.5,702,2,4017.6,15,1
11483,2026-07-02 14:20:09+05:30,4016.3,100,4034.89,1666327,178151.0,183152.0,4100.0,4110.0,4012.0,4092.6,25721850,4501.8,3683.4,4440.0,3288.1,4016.3,207,2,4016.1,478,5,4016.0,827,32,4015.9,13,1,4015.8,40,1,4016.8,11,1,4017.0,8,1,4017.1,4,1,4017.2,11,1,4017.4,35,2
11483,2026-07-02 14:20:11+05:30,4016.3,1,4034.89,1666327,178151.0,183152.0,4100.0,4110.0,4012.0,4092.6,25721850,4501.8,3683.4,4440.0,3288.1,4016.3,207,2,4016.1,478,5,4016.0,827,32,4015.9,13,1,4015.8,40,1,4016.8,11,1,4017.0,8,1,4017.1,4,1,4017.2,11,1,4017.4,35,2
11483,2026-07-02 14:20:14+05:30,4016.3,1,4034.89,1666396,177971.0,183094.0,4100.0,4110.0,4012.0,4092.6,25721850,4501.8,3683.4,4440.0,3288.1,4016.4,175,1,4016.3,138,1,4016.1,295,3,4016.0,818,31,4015.9,24,2,4016.8,13,2,4017.0,8,1,4017.2,13,1,4017.4,35,2,4017.5,723,4
11483,2026-07-02 14:20:16+05:30,4016.7,3,4034.89,1666396,177971.0,183094.0,4100.0,4110.0,4012.0,4092.6,25721850,4501.8,3683.4,4440.0,3288.1,4016.4,175,1,4016.3,138,1,4016.1,295,3,4016.0,818,31,4015.9,24,2,4016.8,13,2,4017.0,8,1,4017.2,13,1,4017.4,35,2,4017.5,723,4
11483,2026-07-02 14:20:18+05:30,4016.8,1,4034.89,1666396,177971.0,183094.0,4100.0,4110.0,4012.0,4092.6,25721850,4501.8,3683.4,4440.0,3288.1,4016.4,175,1,4016.3,138,1,4016.1,295,3,4016.0,818,31,4015.9,24,2,4016.8,13,2,4017.0,8,1,4017.2,13,1,4017.4,35,2,4017.5,723,4
11483,2026-07-02 14:20:18+05:30,4016.8,1,4034.89,1666417,178349.0,183351.0,4100.0,4110.0,4012.0,4092.6,25721850,4501.8,3683.4,4440.0,3288.1,4016.3,137,1,4016.1,576,5,4016.0,813,31,4015.9,11,1,4015.8,52,2,4016.5,39,1,4016.6,42,1,4016.7,42,1,4016.8,56,4,4017.0,50,2
11483,2026-07-02 14:20:20+05:30,4016.3,2,4034.89,1666417,178349.0,183351.0,4100.0,4110.0,4012.0,4092.6,25721850,4501.8,3683.4,4440.0,3288.1,4016.3,137,1,4016.1,576,5,4016.0,813,31,4015.9,11,1,4015.8,52,2,4016.5,39,1,4016.6,42,1,4016.7,42,1,4016.8,56,4,4017.0,50,2
11483,2026-07-02 14:20:20+05:30,4016.3,2,4034.89,1666419,178228.0,183607.0,4100.0,4110.0,4012.0,4092.6,25721850,4501.8,3683.4,4440.0,3288.1,4016.3,135,1,4016.1,576,5,4016.0,813,31,4015.8,40,1,4015.7,26,2,4016.5,46,2,4016.6,42,1,4016.7,42,1,4016.8,25,2,4016.9,42,1
11483,2026-07-02 14:20:21+05:30,4016.3,1,4034.89,1666419,178228.0,183607.0,4100.0,4110.0,4012.0,4092.6,25721850,4501.8,3683.4,4440.0,3288.1,4016.3,135,1,4016.1,576,5,4016.0,813,31,4015.8,40,1,4015.7,26,2,4016.5,46,2,4016.6,42,1,4016.7,42,1,4016.8,25,2,4016.9,42,1
11483,2026-07-02 14:20:21+05:30,4016.3,1,4034.89,1666550,178523.0,183476.0,4100.0,4110.0,4012.0,4092.6,25721850,4501.8,3683.4,4440.0,3288.1,4016.4,175,1,4016.3,133,1,4016.1,401,4,4016.0,813,31,4015.9,12,1,4016.6,12,1,4016.7,42,1,4016.8,10,1,4016.9,42,1,4017.0,33,2
11483,2026-07-02 14:20:22+05:30,4016.8,68,4034.89,1666550,178523.0,183476.0,4100.0,4110.0,4012.0,4092.6,25721850,4501.8,3683.4,4440.0,3288.1,4016.4,175,1,4016.3,133,1,4016.1,401,4,4016.0,813,31,4015.9,12,1,4016.6,12,1,4016.7,42,1,4016.8,10,1,4016.9,42,1,4017.0,33,2
11483,2026-07-02 14:20:22+05:30,4017.0,6,4034.88,1667075,178523.0,183811.0,4100.0,4110.0,4012.0,4092.6,25721850,4501.8,3683.4,4440.0,3288.1,4016.3,308,2,4016.1,434,6,4016.0,821,32,4015.9,12,1,4015.8,40,1,4017.0,20,1,4017.2,42,1,4017.4,5,1,4017.5,719,3,4017.6,15,1
11483,2026-07-02 14:20:23+05:30,4017.0,5,4034.88,1667075,178523.0,183811.0,4100.0,4110.0,4012.0,4092.6,25721850,4501.8,3683.4,4440.0,3288.1,4016.3,308,2,4016.1,434,6,4016.0,821,32,4015.9,12,1,4015.8,40,1,4017.0,20,1,4017.2,42,1,4017.4,5,1,4017.5,719,3,4017.6,15,1
11483,2026-07-02 14:20:23+05:30,4017.0,5,4034.88,1667163,178530.0,183918.0,4100.0,4110.0,4012.0,4092.6,25721850,4501.8,3683.4,4440.0,3288.1,4016.3,270,3,4016.1,434,6,4016.0,821,32,4015.9,12,1,4015.8,40,1,4017.0,73,3,4017.2,42,1,4017.4,5,1,4017.5,734,4,4017.6,15,1
11483,2026-07-02 14:20:24+05:30,4017.0,2,4034.88,1667163,178530.0,183918.0,4100.0,4110.0,4012.0,4092.6,25721850,4501.8,3683.4,4440.0,3288.1,4016.3,270,3,4016.1,434,6,4016.0,821,32,4015.9,12,1,4015.8,40,1,4017.0,73,3,4017.2,42,1,4017.4,5,1,4017.5,734,4,4017.6,15,1
11483,2026-07-02 14:20:24+05:30,4016.3,1,4034.88,1667185,178512.0,183937.0,4100.0,4110.0,4012.0,4092.6,25721850,4501.8,3683.4,4440.0,3288.1,4016.3,258,3,4016.1,428,5,4016.0,821,32,4015.9,12,1,4015.8,40,1,4017.0,65,4,4017.2,42,1,4017.4,5,1,4017.5,734,4,4017.6,28,2
11483,2026-07-02 14:20:25+05:30,4017.0,5,4034.88,1667185,178512.0,183937.0,4100.0,4110.0,4012.0,4092.6,25721850,4501.8,3683.4,4440.0,3288.1,4016.3,258,3,4016.1,428,5,4016.0,821,32,4015.9,12,1,4015.8,40,1,4017.0,65,4,4017.2,42,1,4017.4,5,1,4017.5,734,4,4017.6,28,2
11483,2026-07-02 14:20:25+05:30,4017.0,5,4034.88,1667192,178417.0,184014.0,4100.0,4110.0,4012.0,4092.6,25721850,4501.8,3683.4,4440.0,3288.1,4016.8,10,1,4016.3,316,4,4016.1,428,5,4016.0,821,32,4015.9,12,1,4017.0,60,4,4017.4,55,3,4017.5,727,4,4017.6,28,2,4017.7,49,2
11483,2026-07-02 14:20:26+05:30,4017.0,1,4034.88,1667192,178417.0,184014.0,4100.0,4110.0,4012.0,4092.6,25721850,4501.8,3683.4,4440.0,3288.1,4016.8,10,1,4016.3,316,4,4016.1,428,5,4016.0,821,32,4015.9,12,1,4017.0,60,4,4017.4,55,3,4017.5,727,4,4017.6,28,2,4017.7,49,2
11483,2026-07-02 14:20:26+05:30,4017.0,1,4034.88,1667194,178442.0,183956.0,4100.0,4110.0,4012.0,4092.6,25721850,4501.8,3683.4,4440.0,3288.1,4016.9,8,1,4016.8,9,1,4016.3,316,4,4016.1,428,5,4016.0,821,32,4017.0,59,4,4017.1,45,2,4017.2,46,2,4017.3,8,1,4017.4,45,3
11483,2026-07-02 14:20:26+05:30,4017.0,1,4034.88,1667194,178442.0,183956.0,4100.0,4110.0,4012.0,4092.6,25721850,4501.8,3683.4,4440.0,3288.1,4016.9,8,1,4016.8,9,1,4016.3,316,4,4016.1,428,5,4016.0,821,32,4017.0,59,4,4017.1,45,2,4017.2,46,2,4017.3,8,1,4017.4,45,3
11483,2026-07-02 14:20:27+05:30,4017.0,1,4034.88,1667194,178442.0,183956.0,4100.0,4110.0,4012.0,4092.6,25721850,4501.8,3683.4,4440.0,3288.1,4016.9,8,1,4016.8,9,1,4016.3,316,4,4016.1,428,5,4016.0,821,32,4017.0,59,4,4017.1,45,2,4017.2,46,2,4017.3,8,1,4017.4,45,3
11483,2026-07-02 14:20:27+05:30,4017.0,1,4034.88,1667204,178453.0,183989.0,4100.0,4110.0,4012.0,4092.6,25721850,4501.8,3683.4,4440.0,3288.1,4016.9,7,2,4016.8,9,1,4016.3,316,4,4016.1,428,5,4016.0,821,32,4017.0,51,4,4017.1,45,2,4017.2,120,3,4017.3,72,3,4017.4,45,3
11483,2026-07-02 14:20:27+05:30,4017.0,1,4034.88,1667204,178453.0,183989.0,4100.0,4110.0,4012.0,4092.6,25721850,4501.8,3683.4,4440.0,3288.1,4016.9,7,2,4016.8,9,1,4016.3,316,4,4016.1,428,5,4016.0,821,32,4017.0,51,4,4017.1,45,2,4017.2,120,3,4017.3,72,3,4017.4,45,3
11483,2026-07-02 14:20:28+05:30,4017.2,27,4034.88,1667204,178453.0,183989.0,4100.0,4110.0,4012.0,4092.6,25721850,4501.8,3683.4,4440.0,3288.1,4016.9,7,2,4016.8,9,1,4016.3,316,4,4016.1,428,5,4016.0,821,32,4017.0,51,4,4017.1,45,2,4017.2,120,3,4017.3,72,3,4017.4,45,3
11483,2026-07-02 14:20:28+05:30,4017.2,27,4034.88,1667328,178689.0,183912.0,4100.0,4110.0,4012.0,4092.6,25721850,4501.8,3683.4,4440.0,3288.1,4016.9,6,2,4016.8,9,1,4016.5,230,1,4016.3,316,4,4016.1,428,5,4017.0,36,1,4017.2,89,2,4017.3,59,2,4017.4,45,3,4017.5,678,5
11483,2026-07-02 14:20:28+05:30,4017.2,27,4034.88,1667328,178689.0,183912.0,4100.0,4110.0,4012.0,4092.6,25721850,4501.8,3683.4,4440.0,3288.1,4016.9,6,2,4016.8,9,1,4016.5,230,1,4016.3,316,4,4016.1,428,5,4017.0,36,1,4017.2,89,2,4017.3,59,2,4017.4,45,3,4017.5,678,5
11483,2026-07-02 14:20:29+05:30,4017.0,8,4034.88,1667328,178689.0,183912.0,4100.0,4110.0,4012.0,4092.6,25721850,4501.8,3683.4,4440.0,3288.1,4016.9,6,2,4016.8,9,1,4016.5,230,1,4016.3,316,4,4016.1,428,5,4017.0,36,1,4017.2,89,2,4017.3,59,2,4017.4,45,3,4017.5,678,5
11483,2026-07-02 14:20:29+05:30,4017.0,8,4034.88,1667415,178833.0,183980.0,4100.0,4110.0,4012.0,4092.6,25721850,4501.8,3683.4,4440.0,3288.1,4016.9,1,1,4016.8,9,1,4016.5,230,1,4016.4,76,2,4016.3,326,5,4017.0,36,1,4017.2,98,3,4017.3,72,3,4017.4,25,3,4017.5,678,5
11483,2026-07-02 14:20:29+05:30,4017.0,8,4034.88,1667415,178833.0,183980.0,4100.0,4110.0,4012.0,4092.6,25721850,4501.8,3683.4,4440.0,3288.1,4016.9,1,1,4016.8,9,1,4016.5,230,1,4016.4,76,2,4016.3,326,5,4017.0,36,1,4017.2,98,3,4017.3,72,3,4017.4,25,3,4017.5,678,5
11483,2026-07-02 14:20:30+05:30,4017.0,1,4034.88,1667415,178833.0,183980.0,4100.0,4110.0,4012.0,4092.6,25721850,4501.8,3683.4,4440.0,3288.1,4016.9,1,1,4016.8,9,1,4016.5,230,1,4016.4,76,2,4016.3,326,5,4017.0,36,1,4017.2,98,3,4017.3,72,3,4017.4,25,3,4017.5,678,5
11483,2026-07-02 14:20:30+05:30,4017.0,1,4034.88,1667415,178833.0,183980.0,4100.0,4110.0,4012.0,4092.6,25721850,4501.8,3683.4,4440.0,3288.1,4016.9,1,1,4016.8,9,1,4016.5,230,1,4016.4,76,2,4016.3,326,5,4017.0,36,1,4017.2,98,3,4017.3,72,3,4017.4,25,3,4017.5,678,5
11483,2026-07-02 14:20:30+05:30,4017.0,1,4034.88,1667426,178810.0,183960.0,4100.0,4110.0,4012.0,4092.6,25721850,4501.8,3683.4,4440.0,3288.1,4016.8,9,1,4016.5,230,1,4016.4,76,2,4016.3,326,5,4016.2,7,1,4017.0,35,1,4017.2,98,3,4017.3,59,2,4017.4,67,4,4017.5,636,4
11483,2026-07-02 14:20:30+05:30,4017.0,1,4034.88,1667426,178810.0,183960.0,4100.0,4110.0,4012.0,4092.6,25721850,4501.8,3683.4,4440.0,3288.1,4016.8,9,1,4016.5,230,1,4016.4,76,2,4016.3,326,5,4016.2,7,1,4017.0,35,1,4017.2,98,3,4017.3,59,2,4017.4,67,4,4017.5,636,4
11483,2026-07-02 14:20:31+05:30,4017.0,3,4034.88,1667426,178810.0,183960.0,4100.0,4110.0,4012.0,4092.6,25721850,4501.8,3683.4,4440.0,3288.1,4016.8,9,1,4016.5,230,1,4016.4,76,2,4016.3,326,5,4016.2,7,1,4017.0,35,1,4017.2,98,3,4017.3,59,2,4017.4,67,4,4017.5,636,4
11483,2026-07-02 14:20:31+05:30,4017.0,3,4034.88,1667426,178810.0,183960.0,4100.0,4110.0,4012.0,4092.6,25728675,4501.8,3683.4,4440.0,3288.1,4016.8,9,1,4016.5,230,1,4016.4,76,2,4016.3,326,5,4016.2,7,1,4017.0,35,1,4017.2,98,3,4017.3,59,2,4017.4,67,4,4017.5,636,4
11483,2026-07-02 14:20:31+05:30,4017.0,3,4034.88,1667433,178895.0,184053.0,4100.0,4110.0,4012.0,4092.6,25728675,4501.8,3683.4,4440.0,3288.1,4016.8,7,1,4016.5,230,1,4016.4,76,2,4016.3,326,5,4016.2,182,2,4017.0,83,4,4017.2,140,4,4017.3,72,3,4017.4,67,4,4017.5,636,4
11483,2026-07-02 14:20:31+05:30,4017.0,3,4034.88,1667433,178895.0,184053.0,4100.0,4110.0,4012.0,4092.6,25728675,4501.8,3683.4,4440.0,3288.1,4016.8,7,1,4016.5,230,1,4016.4,76,2,4016.3,326,5,4016.2,182,2,4017.0,83,4,4017.2,140,4,4017.3,72,3,4017.4,67,4,4017.5,636,4
11483,2026-07-02 14:20:32+05:30,4017.0,5,4034.88,1667433,178895.0,184053.0,4100.0,4110.0,4012.0,4092.6,25728675,4501.8,3683.4,4440.0,3288.1,4016.8,7,1,4016.5,230,1,4016.4,76,2,4016.3,326,5,4016.2,182,2,4017.0,83,4,4017.2,140,4,4017.3,72,3,4017.4,67,4,4017.5,636,4
11483,2026-07-02 14:20:32+05:30,4017.0,5,4034.88,1667433,178895.0,184053.0,4100.0,4110.0,4012.0,4092.6,25728675,4501.8,3683.4,4440.0,3288.1,4016.8,7,1,4016.5,230,1,4016.4,76,2,4016.3,326,5,4016.2,182,2,4017.0,83,4,4017.2,140,4,4017.3,72,3,4017.4,67,4,4017.5,636,4
11483,2026-07-02 14:20:32+05:30,4017.0,5,4034.88,1667438,178695.0,184062.0,4100.0,4110.0,4012.0,4092.6,25728675,4501.8,3683.4,4440.0,3288.1,4016.8,7,1,4016.5,230,1,4016.4,76,2,4016.3,326,5,4016.2,182,2,4017.0,91,6,4017.1,5,1,4017.2,140,4,4017.3,72,3,4017.4,67,4
11483,2026-07-02 14:20:32+05:30,4017.0,5,4034.88,1667438,178695.0,184062.0,4100.0,4110.0,4012.0,4092.6,25728675,4501.8,3683.4,4440.0,3288.1,4016.8,7,1,4016.5,230,1,4016.4,76,2,4016.3,326,5,4016.2,182,2,4017.0,91,6,4017.1,5,1,4017.2,140,4,4017.3,72,3,4017.4,67,4
11483,2026-07-02 14:20:33+05:30,4017.0,5,4034.88,1667438,178695.0,184062.0,4100.0,4110.0,4012.0,4092.6,25728675,4501.8,3683.4,4440.0,3288.1,4016.8,7,1,4016.5,230,1,4016.4,76,2,4016.3,326,5,4016.2,182,2,4017.0,91,6,4017.1,5,1,4017.2,140,4,4017.3,72,3,4017.4,67,4
11483,2026-07-02 14:20:33+05:30,4017.0,3,4034.88,1667438,178695.0,184062.0,4100.0,4110.0,4012.0,4092.6,25728675,4501.8,3683.4,4440.0,3288.1,4016.8,7,1,4016.5,230,1,4016.4,76,2,4016.3,326,5,4016.2,182,2,4017.0,91,6,4017.1,5,1,4017.2,140,4,4017.3,72,3,4017.4,67,4
11483,2026-07-02 14:20:33+05:30,4017.0,3,4034.88,1667442,178800.0,184060.0,4100.0,4110.0,4012.0,4092.6,25728675,4501.8,3683.4,4440.0,3288.1,4016.8,6,1,4016.5,230,1,4016.4,76,2,4016.3,426,6,4016.2,182,2,4017.0,88,6,4017.1,5,1,4017.2,140,4,4017.3,72,3,4017.4,67,4
11483,2026-07-02 14:20:34+05:30,4016.8,1,4034.88,1667442,178800.0,184060.0,4100.0,4110.0,4012.0,4092.6,25728675,4501.8,3683.4,4440.0,3288.1,4016.8,6,1,4016.5,230,1,4016.4,76,2,4016.3,426,6,4016.2,182,2,4017.0,88,6,4017.1,5,1,4017.2,140,4,4017.3,72,3,4017.4,67,4
11483,2026-07-02 14:20:34+05:30,4017.0,1,4034.88,1667444,178799.0,184069.0,4100.0,4110.0,4012.0,4092.6,25728675,4501.8,3683.4,4440.0,3288.1,4016.8,5,1,4016.5,230,1,4016.4,76,2,4016.3,426,6,4016.2,182,2,4017.0,75,5,4017.2,140,4,4017.3,72,3,4017.4,59,3,4017.5,636,4
11483,2026-07-02 14:20:35+05:30,4017.0,1,4034.88,1667444,178799.0,184069.0,4100.0,4110.0,4012.0,4092.6,25728675,4501.8,3683.4,4440.0,3288.1,4016.8,5,1,4016.5,230,1,4016.4,76,2,4016.3,426,6,4016.2,182,2,4017.0,75,5,4017.2,140,4,4017.3,72,3,4017.4,59,3,4017.5,636,4
11483,2026-07-02 14:20:35+05:30,4017.0,1,4034.88,1667444,178799.0,184081.0,4100.0,4110.0,4012.0,4092.6,25728675,4501.8,3683.4,4440.0,3288.1,4016.8,5,1,4016.5,230,1,4016.4,76,2,4016.3,426,6,4016.2,182,2,4017.0,87,6,4017.2,140,4,4017.3,72,3,4017.4,59,3,4017.5,636,4
11483,2026-07-02 14:20:36+05:30,4016.8,1,4034.88,1667444,178799.0,184081.0,4100.0,4110.0,4012.0,4092.6,25728675,4501.8,3683.4,4440.0,3288.1,4016.8,5,1,4016.5,230,1,4016.4,76,2,4016.3,426,6,4016.2,182,2,4017.0,87,6,4017.2,140,4,4017.3,72,3,4017.4,59,3,4017.5,636,4
11483,2026-07-02 14:20:36+05:30,4017.2,42,4034.88,1667573,179234.0,183575.0,4100.0,4110.0,4012.0,4092.6,25728675,4501.8,3683.4,4440.0,3288.1,4016.8,4,1,4016.6,156,2,4016.5,230,1,4016.4,76,2,4016.3,426,6,4017.0,36,1,4017.2,74,2,4017.3,51,1,4017.4,54,2,4017.5,626,3
11483,2026-07-02 14:20:37+05:30,4017.0,14,4034.88,1667573,179234.0,183575.0,4100.0,4110.0,4012.0,4092.6,25728675,4501.8,3683.4,4440.0,3288.1,4016.8,4,1,4016.6,156,2,4016.5,230,1,4016.4,76,2,4016.3,426,6,4017.0,36,1,4017.2,74,2,4017.3,51,1,4017.4,54,2,4017.5,626,3
11483,2026-07-02 14:20:37+05:30,4017.0,4,4034.87,1667756,179291.0,183477.0,4100.0,4110.0,4012.0,4092.6,25728675,4501.8,3683.4,4440.0,3288.1,4016.7,1,1,4016.6,156,2,4016.5,230,1,4016.4,76,2,4016.3,426,6,4017.0,18,1,4017.2,67,3,4017.3,56,2,4017.4,12,1,4017.5,626,3
11483,2026-07-02 14:20:38+05:30,4016.7,1,4034.87,1667756,179291.0,183477.0,4100.0,4110.0,4012.0,4092.6,25728675,4501.8,3683.4,4440.0,3288.1,4016.7,1,1,4016.6,156,2,4016.5,230,1,4016.4,76,2,4016.3,426,6,4017.0,18,1,4017.2,67,3,4017.3,56,2,4017.4,12,1,4017.5,626,3
11483,2026-07-02 14:20:38+05:30,4016.7,1,4034.87,1667773,179250.0,183531.0,4100.0,4110.0,4012.0,4092.6,25728675,4501.8,3683.4,4440.0,3288.1,4016.6,156,2,4016.5,230,1,4016.4,76,2,4016.3,426,6,4016.2,182,2,4016.7,2,1,4017.0,18,1,4017.2,67,3,4017.3,56,2,4017.4,12,1
11483,2026-07-02 14:20:39+05:30,4017.0,1,4034.87,1667773,179250.0,183531.0,4100.0,4110.0,4012.0,4092.6,25728675,4501.8,3683.4,4440.0,3288.1,4016.6,156,2,4016.5,230,1,4016.4,76,2,4016.3,426,6,4016.2,182,2,4016.7,2,1,4017.0,18,1,4017.2,67,3,4017.3,56,2,4017.4,12,1
11483,2026-07-02 14:20:39+05:30,4016.7,1,4034.87,1667819,178702.0,183894.0,4100.0,4110.0,4012.0,4092.6,25728675,4501.8,3683.4,4440.0,3288.1,4016.7,77,3,4016.6,42,1,4016.5,272,2,4016.4,118,3,4016.3,426,6,4017.0,44,2,4017.2,67,3,4017.3,69,3,4017.4,12,1,4017.5,626,3
11483,2026-07-02 14:20:40+05:30,4017.0,2,4034.87,1667819,178702.0,183894.0,4100.0,4110.0,4012.0,4092.6,25728675,4501.8,3683.4,4440.0,3288.1,4016.7,77,3,4016.6,42,1,4016.5,272,2,4016.4,118,3,4016.3,426,6,4017.0,44,2,4017.2,67,3,4017.3,69,3,4017.4,12,1,4017.5,626,3
11483,2026-07-02 14:20:40+05:30,4017.0,2,4034.87,1667835,178634.0,183894.0,4100.0,4110.0,4012.0,4092.6,25728675,4501.8,3683.4,4440.0,3288.1,4016.8,42,1,4016.7,44,3,4016.6,42,1,4016.5,230,1,4016.4,118,3,4017.0,44,3,4017.2,67,3,4017.3,69,3,4017.4,12,1,4017.5,626,3
11483,2026-07-02 14:20:41+05:30,4017.0,5,4034.87,1667835,178634.0,183894.0,4100.0,4110.0,4012.0,4092.6,25728675,4501.8,3683.4,4440.0,3288.1,4016.8,42,1,4016.7,44,3,4016.6,42,1,4016.5,230,1,4016.4,118,3,4017.0,44,3,4017.2,67,3,4017.3,69,3,4017.4,12,1,4017.5,626,3
11483,2026-07-02 14:20:41+05:30,4016.9,3,4034.87,1667857,178826.0,183906.0,4100.0,4110.0,4012.0,4092.6,25728675,4501.8,3683.4,4440.0,3288.1,4016.9,60,1,4016.8,80,2,4016.7,219,4,4016.5,272,2,4016.4,76,2,4017.0,35,4,4017.2,67,3,4017.3,51,1,4017.4,12,1,4017.5,626,3
11483,2026-07-02 14:20:42+05:30,4017.0,1,4034.87,1667857,178826.0,183906.0,4100.0,4110.0,4012.0,4092.6,25728675,4501.8,3683.4,4440.0,3288.1,4016.9,60,1,4016.8,80,2,4016.7,219,4,4016.5,272,2,4016.4,76,2,4017.0,35,4,4017.2,67,3,4017.3,51,1,4017.4,12,1,4017.5,626,3
11483,2026-07-02 14:20:42+05:30,4017.0,1,4034.87,1667865,178829.0,183947.0,4100.0,4110.0,4012.0,4092.6,25728675,4501.8,3683.4,4440.0,3288.1,4016.9,53,1,4016.8,80,2,4016.7,218,3,4016.5,272,2,4016.4,76,2,4017.0,34,4,4017.1,12,1,4017.2,67,3,4017.3,51,1,4017.4,12,1
11483,2026-07-02 14:20:43+05:30,4016.9,2,4034.87,1667865,178829.0,183947.0,4100.0,4110.0,4012.0,4092.6,25728675,4501.8,3683.4,4440.0,3288.1,4016.9,53,1,4016.8,80,2,4016.7,218,3,4016.5,272,2,4016.4,76,2,4017.0,34,4,4017.1,12,1,4017.2,67,3,4017.3,51,1,4017.4,12,1
11483,2026-07-02 14:20:43+05:30,4016.9,2,4034.87,1667869,178837.0,183896.0,4100.0,4110.0,4012.0,4092.6,25728675,4501.8,3683.4,4440.0,3288.1,4016.9,50,1,4016.8,80,2,4016.7,217,2,4016.5,272,2,4016.4,76,2,4017.0,33,4,4017.1,12,1,4017.2,67,3,4017.3,51,1,4017.4,12,1
11483,2026-07-02 14:20:44+05:30,4016.9,1,4034.87,1667869,178837.0,183896.0,4100.0,4110.0,4012.0,4092.6,25728675,4501.8,3683.4,4440.0,3288.1,4016.9,50,1,4016.8,80,2,4016.7,217,2,4016.5,272,2,4016.4,76,2,4017.0,33,4,4017.1,12,1,4017.2,67,3,4017.3,51,1,4017.4,12,1
11483,2026-07-02 14:20:44+05:30,4016.9,1,4034.87,1667870,178843.0,183884.0,4100.0,4110.0,4012.0,4092.6,25728675,4501.8,3683.4,4440.0,3288.1,4016.9,49,1,4016.8,80,2,4016.7,217,2,4016.5,272,2,4016.4,76,2,4017.0,33,4,4017.2,67,3,4017.3,51,1,4017.4,12,1,4017.5,626,3
11483,2026-07-02 14:20:45+05:30,4016.9,1,4034.87,1667870,178843.0,183884.0,4100.0,4110.0,4012.0,4092.6,25728675,4501.8,3683.4,4440.0,3288.1,4016.9,49,1,4016.8,80,2,4016.7,217,2,4016.5,272,2,4016.4,76,2,4017.0,33,4,4017.2,67,3,4017.3,51,1,4017.4,12,1,4017.5,626,3
11483,2026-07-02 14:20:45+05:30,4016.9,1,4034.87,1667912,178904.0,183811.0,4100.0,4110.0,4012.0,4092.6,25728675,4501.8,3683.4,4440.0,3288.1,4016.9,48,1,4016.8,80,2,4016.7,217,2,4016.5,272,2,4016.4,76,2,4017.0,46,1,4017.2,52,3,4017.3,51,1,4017.4,12,1,4017.5,626,3
11483,2026-07-02 14:20:46+05:30,4017.0,3,4034.87,1667912,178904.0,183811.0,4100.0,4110.0,4012.0,4092.6,25728675,4501.8,3683.4,4440.0,3288.1,4016.9,48,1,4016.8,80,2,4016.7,217,2,4016.5,272,2,4016.4,76,2,4017.0,46,1,4017.2,52,3,4017.3,51,1,4017.4,12,1,4017.5,626,3
11483,2026-07-02 14:20:46+05:30,4017.0,3,4034.87,1667922,178910.0,183864.0,4100.0,4110.0,4012.0,4092.6,25728675,4501.8,3683.4,4440.0,3288.1,4016.9,43,1,4016.8,80,2,4016.7,227,3,4016.5,272,2,4016.4,76,2,4017.0,52,3,4017.1,27,1,4017.2,63,4,4017.3,51,1,4017.4,12,1
11483,2026-07-02 14:20:47+05:30,4016.9,1,4034.87,1667922,178910.0,183864.0,4100.0,4110.0,4012.0,4092.6,25728675,4501.8,3683.4,4440.0,3288.1,4016.9,43,1,4016.8,80,2,4016.7,227,3,4016.5,272,2,4016.4,76,2,4017.0,52,3,4017.1,27,1,4017.2,63,4,4017.3,51,1,4017.4,12,1
11483,2026-07-02 14:20:47+05:30,4016.9,1,4034.87,1668108,178990.0,183917.0,4100.0,4110.0,4012.0,4092.6,25728675,4501.8,3683.4,4440.0,3288.1,4016.9,41,2,4016.8,80,2,4016.7,52,2,4016.5,272,2,4016.4,76,2,4017.0,45,3,4017.1,26,1,4017.2,68,5,4017.3,63,2,4017.4,12,1
11483,2026-07-02 14:20:48+05:30,4016.9,23,4034.87,1668131,178916.0,183965.0,4100.0,4110.0,4012.0,4092.6,25728675,4501.8,3683.4,4440.0,3288.1,4016.9,18,2,4016.8,80,2,4016.7,52,2,4016.5,272,2,4016.4,76,2,4017.0,83,6,4017.1,1,1,4017.2,68,5,4017.3,63,2,4017.4,12,1
11483,2026-07-02 14:20:48+05:30,4016.9,3,4034.87,1668131,178916.0,183965.0,4100.0,4110.0,4012.0,4092.6,25728675,4501.8,3683.4,4440.0,3288.1,4016.9,18,2,4016.8,80,2,4016.7,52,2,4016.5,272,2,4016.4,76,2,4017.0,83,6,4017.1,1,1,4017.2,68,5,4017.3,63,2,4017.4,12,1
11483,2026-07-02 14:20:49+05:30,4016.9,1,4034.87,1668149,178723.0,183986.0,4100.0,4110.0,4012.0,4092.6,25728675,4501.8,3683.4,4440.0,3288.1,4016.8,80,2,4016.7,52,2,4016.5,272,2,4016.4,76,2,4016.3,283,7,4017.0,74,6,4017.1,1,1,4017.2,68,5,4017.3,63,2,4017.4,12,1
11483,2026-07-02 14:20:49+05:30,4016.8,2,4034.87,1668149,178723.0,183986.0,4100.0,4110.0,4012.0,4092.6,25728675,4501.8,3683.4,4440.0,3288.1,4016.8,80,2,4016.7,52,2,4016.5,272,2,4016.4,76,2,4016.3,283,7,4017.0,74,6,4017.1,1,1,4017.2,68,5,4017.3,63,2,4017.4,12,1
11483,2026-07-02 14:20:50+05:30,4017.0,1,4034.87,1668152,178728.0,183987.0,4100.0,4110.0,4012.0,4092.6,25728675,4501.8,3683.4,4440.0,3288.1,4016.8,79,3,4016.7,52,2,4016.5,272,2,4016.4,76,2,4016.3,283,7,4017.0,73,6,4017.1,1,1,4017.2,68,5,4017.3,63,2,4017.4,12,1
11483,2026-07-02 14:20:50+05:30,4017.0,1,4034.87,1668152,178728.0,183987.0,4100.0,4110.0,4012.0,4092.6,25728675,4501.8,3683.4,4440.0,3288.1,4016.8,79,3,4016.7,52,2,4016.5,272,2,4016.4,76,2,4016.3,283,7,4017.0,73,6,4017.1,1,1,4017.2,68,5,4017.3,63,2,4017.4,12,1
11483,2026-07-02 14:20:51+05:30,4017.0,1,4034.87,1668153,178717.0,184050.0,4100.0,4110.0,4012.0,4092.6,25728675,4501.8,3683.4,4440.0,3288.1,4016.8,79,3,4016.7,53,3,4016.6,56,1,4016.5,272,2,4016.4,76,2,4017.0,90,8,4017.1,1,1,4017.2,121,7,4017.3,70,3,4017.4,12,1
11483,2026-07-02 14:20:51+05:30,4017.0,8,4034.87,1668153,178717.0,184050.0,4100.0,4110.0,4012.0,4092.6,25728675,4501.8,3683.4,4440.0,3288.1,4016.8,79,3,4016.7,53,3,4016.6,56,1,4016.5,272,2,4016.4,76,2,4017.0,90,8,4017.1,1,1,4017.2,121,7,4017.3,70,3,4017.4,12,1
11483,2026-07-02 14:20:52+05:30,4017.2,14,4034.87,1668288,178711.0,184125.0,4100.0,4110.0,4012.0,4092.6,25728675,4501.8,3683.4,4440.0,3288.1,4016.8,79,3,4016.7,53,3,4016.6,56,1,4016.5,272,2,4016.4,76,2,4017.0,71,5,4017.2,113,7,4017.3,58,2,4017.4,21,2,4017.5,636,4
11483,2026-07-02 14:20:52+05:30,4016.8,17,4034.87,1668288,178711.0,184125.0,4100.0,4110.0,4012.0,4092.6,25728675,4501.8,3683.4,4440.0,3288.1,4016.8,79,3,4016.7,53,3,4016.6,56,1,4016.5,272,2,4016.4,76,2,4017.0,71,5,4017.2,113,7,4017.3,58,2,4017.4,21,2,4017.5,636,4
11483,2026-07-02 14:20:52+05:30,4017.0,50,4034.87,1668355,178694.0,184083.0,4100.0,4110.0,4012.0,4092.6,25728675,4501.8,3683.4,4440.0,3288.1,4016.8,62,3,4016.7,53,3,4016.6,56,1,4016.5,272,2,4016.4,76,2,4017.0,33,6,4017.2,101,6,4017.3,64,2,4017.4,21,2,4017.5,636,4
11483,2026-07-02 14:20:53+05:30,4016.8,8,4034.87,1668355,178694.0,184083.0,4100.0,4110.0,4012.0,4092.6,25728675,4501.8,3683.4,4440.0,3288.1,4016.8,62,3,4016.7,53,3,4016.6,56,1,4016.5,272,2,4016.4,76,2,4017.0,33,6,4017.2,101,6,4017.3,64,2,4017.4,21,2,4017.5,636,4
11483,2026-07-02 14:20:54+05:30,4017.0,1,4034.87,1668364,178686.0,184086.0,4100.0,4110.0,4012.0,4092.6,25728675,4501.8,3683.4,4440.0,3288.1,4016.8,54,3,4016.7,53,3,4016.6,56,1,4016.5,272,2,4016.4,76,2,4017.0,34,7,4017.2,101,6,4017.3,64,2,4017.4,21,2,4017.5,636,4
11483,2026-07-02 14:20:54+05:30,4016.8,1,4034.87,1668364,178686.0,184086.0,4100.0,4110.0,4012.0,4092.6,25728675,4501.8,3683.4,4440.0,3288.1,4016.8,54,3,4016.7,53,3,4016.6,56,1,4016.5,272,2,4016.4,76,2,4017.0,34,7,4017.2,101,6,4017.3,64,2,4017.4,21,2,4017.5,636,4
11483,2026-07-02 14:20:55+05:30,4016.8,1,4034.87,1668366,178576.0,184114.0,4100.0,4110.0,4012.0,4092.6,25728675,4501.8,3683.4,4440.0,3288.1,4016.7,11,2,4016.6,56,1,4016.5,230,1,4016.4,76,2,4016.3,215,5,4017.0,30,7,4017.2,101,6,4017.3,64,2,4017.4,21,2,4017.5,636,4
11483,2026-07-02 14:20:55+05:30,4016.8,1,4034.87,1668366,178576.0,184114.0,4100.0,4110.0,4012.0,4092.6,25728675,4501.8,3683.4,4440.0,3288.1,4016.7,11,2,4016.6,56,1,4016.5,230,1,4016.4,76,2,4016.3,215,5,4017.0,30,7,4017.2,101,6,4017.3,64,2,4017.4,21,2,4017.5,636,4
11483,2026-07-02 14:20:55+05:30,4016.9,1,4034.87,1668368,178546.0,184307.0,4100.0,4110.0,4012.0,4092.6,25728675,4501.8,3683.4,4440.0,3288.1,4016.8,8,1,4016.7,11,2,4016.6,56,1,4016.5,230,1,4016.4,76,2,4017.0,125,10,4017.1,42,1,4017.2,96,6,4017.3,64,2,4017.4,63,3
11483,2026-07-02 14:20:56+05:30,4016.9,1,4034.87,1668368,178546.0,184307.0,4100.0,4110.0,4012.0,4092.6,25728675,4501.8,3683.4,4440.0,3288.1,4016.8,8,1,4016.7,11,2,4016.6,56,1,4016.5,230,1,4016.4,76,2,4017.0,125,10,4017.1,42,1,4017.2,96,6,4017.3,64,2,4017.4,63,3
11483,2026-07-02 14:20:56+05:30,4016.9,1,4034.87,1668368,178546.0,184401.0,4100.0,4110.0,4012.0,4092.6,25728675,4501.8,3683.4,4440.0,3288.1,4016.8,8,1,4016.7,11,2,4016.6,56,1,4016.5,230,1,4016.4,76,2,4016.9,91,4,4017.0,108,8,4017.1,42,1,4017.2,54,5,4017.3,106,3
11483,2026-07-02 14:20:57+05:30,4016.9,3,4034.87,1668368,178546.0,184401.0,4100.0,4110.0,4012.0,4092.6,25728675,4501.8,3683.4,4440.0,3288.1,4016.8,8,1,4016.7,11,2,4016.6,56,1,4016.5,230,1,4016.4,76,2,4016.9,91,4,4017.0,108,8,4017.1,42,1,4017.2,54,5,4017.3,106,3
11483,2026-07-02 14:20:57+05:30,4016.9,3,4034.87,1668371,173252.0,184395.0,4100.0,4110.0,4012.0,4092.6,25728675,4501.8,3683.4,4440.0,3288.1,4016.8,8,1,4016.7,11,2,4016.6,56,1,4016.5,230,1,4016.4,76,2,4016.9,90,5,4017.0,64,6,4017.1,42,1,4017.2,96,6,4017.3,64,2
11483,2026-07-02 14:20:58+05:30,4016.9,1,4034.87,1668371,173252.0,184395.0,4100.0,4110.0,4012.0,4092.6,25728675,4501.8,3683.4,4440.0,3288.1,4016.8,8,1,4016.7,11,2,4016.6,56,1,4016.5,230,1,4016.4,76,2,4016.9,90,5,4017.0,64,6,4017.1,42,1,4017.2,96,6,4017.3,64,2
11483,2026-07-02 14:20:58+05:30,4017.0,5,4034.87,1668459,173345.0,184391.0,4100.0,4110.0,4012.0,4092.6,25728675,4501.8,3683.4,4440.0,3288.1,4016.7,11,2,4016.6,56,1,4016.5,230,1,4016.4,76,2,4016.3,215,5,4017.0,80,8,4017.1,42,1,4017.2,96,6,4017.3,96,3,4017.4,63,3
11483,2026-07-02 14:20:59+05:30,4016.7,10,4034.87,1668459,173345.0,184391.0,4100.0,4110.0,4012.0,4092.6,25728675,4501.8,3683.4,4440.0,3288.1,4016.7,11,2,4016.6,56,1,4016.5,230,1,4016.4,76,2,4016.3,215,5,4017.0,80,8,4017.1,42,1,4017.2,96,6,4017.3,96,3,4017.4,63,3
11483,2026-07-02 14:20:59+05:30,4016.8,5,4034.87,1668474,173335.0,184361.0,4100.0,4110.0,4012.0,4092.6,25728675,4501.8,3683.4,4440.0,3288.1,4016.8,5,1,4016.7,1,1,4016.6,56,1,4016.5,230,1,4016.4,76,2,4017.0,83,9,4017.1,42,1,4017.2,96,6,4017.3,64,2,4017.4,63,3
11483,2026-07-02 14:21:00+05:30,4016.8,2,4034.87,1668474,173335.0,184361.0,4100.0,4110.0,4012.0,4092.6,25728675,4501.8,3683.4,4440.0,3288.1,4016.8,5,1,4016.7,1,1,4016.6,56,1,4016.5,230,1,4016.4,76,2,4017.0,83,9,4017.1,42,1,4017.2,96,6,4017.3,64,2,4017.4,63,3
11483,2026-07-02 14:21:00+05:30,4017.0,1,4034.87,1668485,173076.0,184444.0,4100.0,4110.0,4012.0,4092.6,25728675,4501.8,3683.4,4440.0,3288.1,4016.7,1,1,4016.6,56,1,4016.5,230,1,4016.4,76,2,4016.3,215,5,4017.0,140,8,4017.1,42,1,4017.2,96,6,4017.3,79,3,4017.4,63,3
11483,2026-07-02 14:21:01+05:30,4016.7,1,4034.87,1668485,173076.0,184444.0,4100.0,4110.0,4012.0,4092.6,25728675,4501.8,3683.4,4440.0,3288.1,4016.7,1,1,4016.6,56,1,4016.5,230,1,4016.4,76,2,4016.3,215,5,4017.0,140,8,4017.1,42,1,4017.2,96,6,4017.3,79,3,4017.4,63,3
11483,2026-07-02 14:21:01+05:30,4016.6,15,4034.87,1668502,173065.0,184471.0,4100.0,4110.0,4012.0,4092.6,25728675,4501.8,3683.4,4440.0,3288.1,4016.8,10,1,4016.6,41,1,4016.5,230,1,4016.4,76,2,4016.3,215,5,4017.0,184,11,4017.1,42,1,4017.2,54,5,4017.3,121,4,4017.4,21,2
11483,2026-07-02 14:21:02+05:30,4016.8,2,4034.87,1668502,173065.0,184471.0,4100.0,4110.0,4012.0,4092.6,25728675,4501.8,3683.4,4440.0,3288.1,4016.8,10,1,4016.6,41,1,4016.5,230,1,4016.4,76,2,4016.3,215,5,4017.0,184,11,4017.1,42,1,4017.2,54,5,4017.3,121,4,4017.4,21,2
11483,2026-07-02 14:21:02+05:30,4016.8,2,4034.87,1668504,172877.0,184513.0,4100.0,4110.0,4012.0,4092.6,25728675,4501.8,3683.4,4440.0,3288.1,4016.8,8,1,4016.6,41,1,4016.5,230,1,4016.4,76,2,4016.3,215,5,4017.0,184,11,4017.1,42,1,4017.2,96,6,4017.3,79,3,4017.4,63,3
11483,2026-07-02 14:21:03+05:30,4016.5,1,4034.87,1668504,172877.0,184513.0,4100.0,4110.0,4012.0,4092.6,25728675,4501.8,3683.4,4440.0,3288.1,4016.8,8,1,4016.6,41,1,4016.5,230,1,4016.4,76,2,4016.3,215,5,4017.0,184,11,4017.1,42,1,4017.2,96,6,4017.3,79,3,4017.4,63,3
11483,2026-07-02 14:21:03+05:30,4016.5,1,4034.87,1668554,172764.0,184403.0,4100.0,4110.0,4012.0,4092.6,25728675,4501.8,3683.4,4440.0,3288.1,4016.8,1,1,4016.5,229,1,4016.4,76,2,4016.3,215,5,4016.2,7,1,4016.9,52,3,4017.0,128,9,4017.1,42,1,4017.2,54,5,4017.3,121,4
11483,2026-07-02 14:21:04+05:30,4016.8,1,4034.87,1668554,172764.0,184403.0,4100.0,4110.0,4012.0,4092.6,25728675,4501.8,3683.4,4440.0,3288.1,4016.8,1,1,4016.5,229,1,4016.4,76,2,4016.3,215,5,4016.2,7,1,4016.9,52,3,4017.0,128,9,4017.1,42,1,4017.2,54,5,4017.3,121,4
11483,2026-07-02 14:21:04+05:30,4016.9,1,4034.87,1668571,172926.0,184396.0,4100.0,4110.0,4012.0,4092.6,25728675,4501.8,3683.4,4440.0,3288.1,4016.5,229,1,4016.4,76,2,4016.3,215,5,4016.2,7,1,4016.1,27,3,4016.8,51,2,4016.9,47,4,4017.0,126,8,4017.1,3,1,4017.2,96,6
11483,2026-07-02 14:21:05+05:30,4016.5,3,4034.87,1668571,172926.0,184396.0,4100.0,4110.0,4012.0,4092.6,25728675,4501.8,3683.4,4440.0,3288.1,4016.5,229,1,4016.4,76,2,4016.3,215,5,4016.2,7,1,4016.1,27,3,4016.8,51,2,4016.9,47,4,4017.0,126,8,4017.1,3,1,4017.2,96,6
11483,2026-07-02 14:21:05+05:30,4016.9,7,4034.87,1668589,172786.0,184240.0,4100.0,4110.0,4012.0,4092.6,25728675,4501.8,3683.4,4440.0,3288.1,4016.9,2,1,4016.5,222,1,4016.4,76,2,4016.3,215,5,4016.2,7,1,4017.0,78,6,4017.2,54,5,4017.3,79,3,4017.4,21,2,4017.5,636,4
11483,2026-07-02 14:21:06+05:30,4016.5,10,4034.87,1668589,172786.0,184240.0,4100.0,4110.0,4012.0,4092.6,25728675,4501.8,3683.4,4440.0,3288.1,4016.9,2,1,4016.5,222,1,4016.4,76,2,4016.3,215,5,4016.2,7,1,4017.0,78,6,4017.2,54,5,4017.3,79,3,4017.4,21,2,4017.5,636,4
11483,2026-07-02 14:21:06+05:30,4016.5,1,4034.86,1668737,173067.0,184027.0,4100.0,4110.0,4012.0,4092.6,25728675,4501.8,3683.4,4440.0,3288.1,4016.5,214,2,4016.4,76,2,4016.3,215,5,4016.2,7,1,4016.1,39,4,4017.0,50,1,4017.2,107,4,4017.3,51,1,4017.4,12,1,4017.5,641,4
11483,2026-07-02 14:21:07+05:30,4016.5,17,4034.86,1668737,173067.0,184027.0,4100.0,4110.0,4012.0,4092.6,25728675,4501.8,3683.4,4440.0,3288.1,4016.5,214,2,4016.4,76,2,4016.3,215,5,4016.2,7,1,4016.1,39,4,4017.0,50,1,4017.2,107,4,4017.3,51,1,4017.4,12,1,4017.5,641,4
11483,2026-07-02 14:21:07+05:30,4017.3,143,4034.86,1669250,173192.0,183919.0,4100.0,4110.0,4012.0,4092.6,25728675,4501.8,3683.4,4440.0,3288.1,4016.7,1,1,4016.6,156,2,4016.5,197,2,4016.4,76,2,4016.3,215,5,4017.0,57,1,4017.3,33,2,4017.4,12,1,4017.5,635,4,4017.7,12,1
11483,2026-07-02 14:21:08+05:30,4016.7,30,4034.86,1669250,173192.0,183919.0,4100.0,4110.0,4012.0,4092.6,25728675,4501.8,3683.4,4440.0,3288.1,4016.7,1,1,4016.6,156,2,4016.5,197,2,4016.4,76,2,4016.3,215,5,4017.0,57,1,4017.3,33,2,4017.4,12,1,4017.5,635,4,4017.7,12,1
11483,2026-07-02 14:21:08+05:30,4016.6,43,4034.86,1669325,173496.0,183924.0,4100.0,4110.0,4012.0,4092.6,25728675,4501.8,3683.4,4440.0,3288.1,4016.6,113,2,4016.5,197,2,4016.4,76,2,4016.3,215,5,4016.2,7,1,4016.7,13,3,4017.0,59,2,4017.3,33,2,4017.4,12,1,4017.5,638,4
11483,2026-07-02 14:21:09+05:30,4016.7,3,4034.86,1669325,173496.0,183924.0,4100.0,4110.0,4012.0,4092.6,25728675,4501.8,3683.4,4440.0,3288.1,4016.6,113,2,4016.5,197,2,4016.4,76,2,4016.3,215,5,4016.2,7,1,4016.7,13,3,4017.0,59,2,4017.3,33,2,4017.4,12,1,4017.5,638,4
11483,2026-07-02 14:21:09+05:30,4016.7,3,4034.86,1669337,173494.0,183906.0,4100.0,4110.0,4012.0,4092.6,25728675,4501.8,3683.4,4440.0,3288.1,4016.6,104,2,4016.5,197,2,4016.4,76,2,4016.3,215,5,4016.2,7,1,4016.7,10,3,4017.0,66,3,4017.2,14,1,4017.3,33,2,4017.4,12,1
11483,2026-07-02 14:21:10+05:30,4016.6,1,4034.86,1669337,173494.0,183906.0,4100.0,4110.0,4012.0,4092.6,25728675,4501.8,3683.4,4440.0,3288.1,4016.6,104,2,4016.5,197,2,4016.4,76,2,4016.3,215,5,4016.2,7,1,4016.7,10,3,4017.0,66,3,4017.2,14,1,4017.3,33,2,4017.4,12,1
11483,2026-07-02 14:21:10+05:30,4016.6,11,4034.86,1669349,173479.0,183900.0,4100.0,4110.0,4012.0,4092.6,25728675,4501.8,3683.4,4440.0,3288.1,4016.6,92,2,4016.5,197,2,4016.4,76,2,4016.3,215,5,4016.2,7,1,4016.7,13,5,4017.0,64,2,4017.3,33,2,4017.4,23,2,4017.5,626,3
11483,2026-07-02 14:21:11+05:30,4016.6,2,4034.86,1669349,173479.0,183900.0,4100.0,4110.0,4012.0,4092.6,25728675,4501.8,3683.4,4440.0,3288.1,4016.6,92,2,4016.5,197,2,4016.4,76,2,4016.3,215,5,4016.2,7,1,4016.7,13,5,4017.0,64,2,4017.3,33,2,4017.4,23,2,4017.5,626,3
11483,2026-07-02 14:21:11+05:30,4016.6,5,4034.86,1669357,173259.0,183382.0,4100.0,4110.0,4012.0,4092.6,25728675,4501.8,3683.4,4440.0,3288.1,4016.6,85,2,4016.5,197,2,4016.4,76,2,4016.3,215,5,4016.2,7,1,4016.7,11,4,4017.0,57,1,4017.1,9,1,4017.2,12,1,4017.3,33,2
11483,2026-07-02 14:21:12+05:30,4016.6,1,4034.86,1669357,173259.0,183382.0,4100.0,4110.0,4012.0,4092.6,25728675,4501.8,3683.4,4440.0,3288.1,4016.6,85,2,4016.5,197,2,4016.4,76,2,4016.3,215,5,4016.2,7,1,4016.7,11,4,4017.0,57,1,4017.1,9,1,4017.2,12,1,4017.3,33,2
11483,2026-07-02 14:21:12+05:30,4016.6,1,4034.86,1669358,173264.0,183384.0,4100.0,4110.0,4012.0,4092.6,25728675,4501.8,3683.4,4440.0,3288.1,4016.6,84,2,4016.5,197,2,4016.4,76,2,4016.3,215,5,4016.2,7,1,4016.7,11,4,4017.0,57,1,4017.1,30,2,4017.2,12,1,4017.3,10,1
11483,2026-07-02 14:21:13+05:30,4016.7,1,4034.86,1669361,173256.0,183512.0,4100.0,4110.0,4012.0,4092.6,25728675,4501.8,3683.4,4440.0,3288.1,4016.6,84,2,4016.5,197,2,4016.4,76,2,4016.3,215,5,4016.2,7,1,4016.7,15,3,4016.8,100,1,4017.0,57,1,4017.1,30,2,4017.2,12,1
11483,2026-07-02 14:21:14+05:30,4016.6,1,4034.86,1669361,173256.0,183512.0,4100.0,4110.0,4012.0,4092.6,25728675,4501.8,3683.4,4440.0,3288.1,4016.6,84,2,4016.5,197,2,4016.4,76,2,4016.3,215,5,4016.2,7,1,4016.7,15,3,4016.8,100,1,4017.0,57,1,4017.1,30,2,4017.2,12,1
11483,2026-07-02 14:21:14+05:30,4016.6,1,4034.86,1669362,173262.0,183513.0,4100.0,4110.0,4012.0,4092.6,25728675,4501.8,3683.4,4440.0,3288.1,4016.6,83,2,4016.5,197,2,4016.4,76,2,4016.3,215,5,4016.2,7,1,4016.7,15,3,4016.8,112,2,4017.0,57,1,4017.1,30,2,4017.3,23,2
11483,2026-07-02 14:21:15+05:30,4016.6,1,4034.86,1669362,173271.0,183463.0,4100.0,4110.0,4012.0,4092.6,25728675,4501.8,3683.4,4440.0,3288.1,4016.6,83,2,4016.5,197,2,4016.4,76,2,4016.3,215,5,4016.2,7,1,4016.7,17,4,4016.8,112,2,4017.0,57,1,4017.1,30,2,4017.3,23,2
11483,2026-07-02 14:21:16+05:30,4016.7,3,4034.86,1669362,173271.0,183463.0,4100.0,4110.0,4012.0,4092.6,25728675,4501.8,3683.4,4440.0,3288.1,4016.6,83,2,4016.5,197,2,4016.4,76,2,4016.3,215,5,4016.2,7,1,4016.7,17,4,4016.8,112,2,4017.0,57,1,4017.1,30,2,4017.3,23,2
11483,2026-07-02 14:21:16+05:30,4016.6,5,4034.86,1669395,173271.0,183555.0,4100.0,4110.0,4012.0,4092.6,25728675,4501.8,3683.4,4440.0,3288.1,4016.6,73,1,4016.5,197,2,4016.4,76,2,4016.3,215,5,4016.2,7,1,4016.7,1,1,4016.8,113,3,4017.0,57,1,4017.1,30,2,4017.3,23,2
11483,2026-07-02 14:21:17+05:30,4016.6,4,4034.86,1669395,173271.0,183555.0,4100.0,4110.0,4012.0,4092.6,25728675,4501.8,3683.4,4440.0,3288.1,4016.6,73,1,4016.5,197,2,4016.4,76,2,4016.3,215,5,4016.2,7,1,4016.7,1,1,4016.8,113,3,4017.0,57,1,4017.1,30,2,4017.3,23,2
11483,2026-07-02 14:21:17+05:30,4016.7,1,4034.86,1669400,173263.0,183543.0,4100.0,4110.0,4012.0,4092.6,25728675,4501.8,3683.4,4440.0,3288.1,4016.6,70,2,4016.5,197,2,4016.4,76,2,4016.3,215,5,4016.2,7,1,4016.7,7,1,4016.8,123,4,4016.9,5,1,4017.0,57,1,4017.1,30,2
11483,2026-07-02 14:21:18+05:30,4016.7,5,4034.86,1669400,173263.0,183543.0,4100.0,4110.0,4012.0,4092.6,25728675,4501.8,3683.4,4440.0,3288.1,4016.6,70,2,4016.5,197,2,4016.4,76,2,4016.3,215,5,4016.2,7,1,4016.7,7,1,4016.8,123,4,4016.9,5,1,4017.0,57,1,4017.1,30,2
11483,2026-07-02 14:21:18+05:30,4016.6,50,4034.85,1669527,173188.0,183625.0,4100.0,4110.0,4012.0,4092.6,25728675,4501.8,3683.4,4440.0,3288.1,4016.5,197,2,4016.4,76,2,4016.3,215,5,4016.2,7,1,4016.1,27,3,4016.7,3,1,4016.8,111,3,4017.0,57,1,4017.1,30,2,4017.3,10,1
11483,2026-07-02 14:21:19+05:30,4016.5,16,4034.85,1669527,173188.0,183625.0,4100.0,4110.0,4012.0,4092.6,25728675,4501.8,3683.4,4440.0,3288.1,4016.5,197,2,4016.4,76,2,4016.3,215,5,4016.2,7,1,4016.1,27,3,4016.7,3,1,4016.8,111,3,4017.0,57,1,4017.1,30,2,4017.3,10,1
11483,2026-07-02 14:21:19+05:30,4016.5,16,4034.85,1669543,173212.0,183654.0,4100.0,4110.0,4012.0,4092.6,25728675,4501.8,3683.4,4440.0,3288.1,4016.5,181,2,4016.4,76,2,4016.3,215,5,4016.2,7,1,4016.1,27,3,4016.7,3,1,4016.8,111,3,4017.0,57,1,4017.1,30,2,4017.3,10,1
11483,2026-07-02 14:21:20+05:30,4016.5,2,4034.85,1669543,173212.0,183654.0,4100.0,4110.0,4012.0,4092.6,25728675,4501.8,3683.4,4440.0,3288.1,4016.5,181,2,4016.4,76,2,4016.3,215,5,4016.2,7,1,4016.1,27,3,4016.7,3,1,4016.8,111,3,4017.0,57,1,4017.1,30,2,4017.3,10,1
11483,2026-07-02 14:21:21+05:30,4017.0,2,4034.85,1669682,173180.0,183744.0,4100.0,4110.0,4012.0,4092.6,25728675,4501.8,3683.4,4440.0,3288.1,4016.5,179,2,4016.4,76,2,4016.3,215,5,4016.2,7,1,4016.1,27,3,4017.0,55,1,4017.1,35,2,4017.3,10,1,4017.4,12,1,4017.5,626,3
11483,2026-07-02 14:21:23+05:30,4016.8,1,4034.85,1669682,173180.0,183744.0,4100.0,4110.0,4012.0,4092.6,25728675,4501.8,3683.4,4440.0,3288.1,4016.5,179,2,4016.4,76,2,4016.3,215,5,4016.2,7,1,4016.1,27,3,4017.0,55,1,4017.1,35,2,4017.3,10,1,4017.4,12,1,4017.5,626,3
11483,2026-07-02 14:21:26+05:30,4016.7,11,4034.85,1669682,173180.0,183744.0,4100.0,4110.0,4012.0,4092.6,25728675,4501.8,3683.4,4440.0,3288.1,4016.5,179,2,4016.4,76,2,4016.3,215,5,4016.2,7,1,4016.1,27,3,4017.0,55,1,4017.1,35,2,4017.3,10,1,4017.4,12,1,4017.5,626,3
11483,2026-07-02 14:21:26+05:30,4016.6,5,4034.85,1669730,173109.0,184071.0,4100.0,4110.0,4012.0,4092.6,25728675,4501.8,3683.4,4440.0,3288.1,4016.6,2,1,4016.5,163,2,4016.4,76,2,4016.3,115,4,4016.2,7,1,4017.0,665,6,4017.1,22,2,4017.3,23,2,4017.4,12,1,4017.5,11,1
11483,2026-07-02 14:21:27+05:30,4016.6,5,4034.85,1669730,173109.0,184071.0,4100.0,4110.0,4012.0,4092.6,25728675,4501.8,3683.4,4440.0,3288.1,4016.6,2,1,4016.5,163,2,4016.4,76,2,4016.3,115,4,4016.2,7,1,4017.0,665,6,4017.1,22,2,4017.3,23,2,4017.4,12,1,4017.5,11,1
11483,2026-07-02 14:21:28+05:30,4016.6,5,4034.85,1669730,173109.0,184071.0,4100.0,4110.0,4012.0,4092.6,25728675,4501.8,3683.4,4440.0,3288.1,4016.6,2,1,4016.5,163,2,4016.4,76,2,4016.3,115,4,4016.2,7,1,4017.0,665,6,4017.1,22,2,4017.3,23,2,4017.4,12,1,4017.5,11,1
11483,2026-07-02 14:21:29+05:30,4016.8,1,4034.85,1669730,173109.0,184071.0,4100.0,4110.0,4012.0,4092.6,25728675,4501.8,3683.4,4440.0,3288.1,4016.6,2,1,4016.5,163,2,4016.4,76,2,4016.3,115,4,4016.2,7,1,4017.0,665,6,4017.1,22,2,4017.3,23,2,4017.4,12,1,4017.5,11,1
11483,2026-07-02 14:21:29+05:30,4016.8,1,4034.85,1669730,173109.0,184071.0,4100.0,4110.0,4012.0,4092.6,25728675,4501.8,3683.4,4440.0,3288.1,4016.6,2,1,4016.5,163,2,4016.4,76,2,4016.3,115,4,4016.2,7,1,4017.0,665,6,4017.1,22,2,4017.3,23,2,4017.4,12,1,4017.5,11,1
11483,2026-07-02 14:21:30+05:30,4016.8,1,4034.85,1669730,173109.0,184071.0,4100.0,4110.0,4012.0,4092.6,25728675,4501.8,3683.4,4440.0,3288.1,4016.6,2,1,4016.5,163,2,4016.4,76,2,4016.3,115,4,4016.2,7,1,4017.0,665,6,4017.1,22,2,4017.3,23,2,4017.4,12,1,4017.5,11,1
11483,2026-07-02 14:21:31+05:30,4016.8,1,4034.85,1669730,173109.0,184071.0,4100.0,4110.0,4012.0,4092.6,25728675,4501.8,3683.4,4440.0,3288.1,4016.6,2,1,4016.5,163,2,4016.4,76,2,4016.3,115,4,4016.2,7,1,4017.0,665,6,4017.1,22,2,4017.3,23,2,4017.4,12,1,4017.5,11,1
11483,2026-07-02 14:21:31+05:30,4016.8,1,4034.85,1669730,173109.0,184071.0,4100.0,4110.0,4012.0,4092.6,25741975,4501.8,3683.4,4440.0,3288.1,4016.6,2,1,4016.5,163,2,4016.4,76,2,4016.3,115,4,4016.2,7,1,4017.0,665,6,4017.1,22,2,4017.3,23,2,4017.4,12,1,4017.5,11,1
11483,2026-07-02 14:21:31+05:30,4017.0,4,4034.85,1669843,173274.0,184068.0,4100.0,4110.0,4012.0,4092.6,25741975,4501.8,3683.4,4440.0,3288.1,4016.7,97,1,4016.5,183,3,4016.4,76,2,4016.3,95,3,4016.2,182,2,4017.0,639,6,4017.1,22,2,4017.2,7,1,4017.3,13,1,4017.4,12,1
11483,2026-07-02 14:21:31+05:30,4017.0,4,4034.85,1669843,173274.0,184068.0,4100.0,4110.0,4012.0,4092.6,25741975,4501.8,3683.4,4440.0,3288.1,4016.7,97,1,4016.5,183,3,4016.4,76,2,4016.3,95,3,4016.2,182,2,4017.0,639,6,4017.1,22,2,4017.2,7,1,4017.3,13,1,4017.4,12,1
11483,2026-07-02 14:21:32+05:30,4016.7,14,4034.85,1669843,173274.0,184068.0,4100.0,4110.0,4012.0,4092.6,25741975,4501.8,3683.4,4440.0,3288.1,4016.7,97,1,4016.5,183,3,4016.4,76,2,4016.3,95,3,4016.2,182,2,4017.0,639,6,4017.1,22,2,4017.2,7,1,4017.3,13,1,4017.4,12,1
11483,2026-07-02 14:21:32+05:30,4016.7,14,4034.85,1669843,173274.0,184068.0,4100.0,4110.0,4012.0,4092.6,25741975,4501.8,3683.4,4440.0,3288.1,4016.7,97,1,4016.5,183,3,4016.4,76,2,4016.3,95,3,4016.2,182,2,4017.0,639,6,4017.1,22,2,4017.2,7,1,4017.3,13,1,4017.4,12,1
11483,2026-07-02 14:21:33+05:30,4016.7,14,4034.85,1669843,173274.0,184068.0,4100.0,4110.0,4012.0,4092.6,25741975,4501.8,3683.4,4440.0,3288.1,4016.7,97,1,4016.5,183,3,4016.4,76,2,4016.3,95,3,4016.2,182,2,4017.0,639,6,4017.1,22,2,4017.2,7,1,4017.3,13,1,4017.4,12,1
11483,2026-07-02 14:21:35+05:30,4017.0,5,4034.85,1669843,173274.0,184068.0,4100.0,4110.0,4012.0,4092.6,25741975,4501.8,3683.4,4440.0,3288.1,4016.7,97,1,4016.5,183,3,4016.4,76,2,4016.3,95,3,4016.2,182,2,4017.0,639,6,4017.1,22,2,4017.2,7,1,4017.3,13,1,4017.4,12,1
11483,2026-07-02 14:21:36+05:30,4017.0,2,4034.85,1670004,173616.0,183523.0,4100.0,4110.0,4012.0,4092.6,25741975,4501.8,3683.4,4440.0,3288.1,4016.7,261,3,4016.6,11,2,4016.5,190,4,4016.4,90,3,4016.3,280,5,4017.0,484,5,4017.1,22,2,4017.4,12,1,4017.6,2,1,4017.7,32,1
11483,2026-07-02 14:21:38+05:30,4017.0,62,4034.85,1670004,173616.0,183523.0,4100.0,4110.0,4012.0,4092.6,25741975,4501.8,3683.4,4440.0,3288.1,4016.7,261,3,4016.6,11,2,4016.5,190,4,4016.4,90,3,4016.3,280,5,4017.0,484,5,4017.1,22,2,4017.4,12,1,4017.6,2,1,4017.7,32,1
11483,2026-07-02 14:21:41+05:30,4017.1,20,4034.85,1670004,173616.0,183523.0,4100.0,4110.0,4012.0,4092.6,25741975,4501.8,3683.4,4440.0,3288.1,4016.7,261,3,4016.6,11,2,4016.5,190,4,4016.4,90,3,4016.3,280,5,4017.0,484,5,4017.1,22,2,4017.4,12,1,4017.6,2,1,4017.7,32,1
11483,2026-07-02 14:21:41+05:30,4017.0,2,4034.84,1670843,173875.0,182169.0,4100.0,4110.0,4012.0,4092.6,25741975,4501.8,3683.4,4440.0,3288.1,4016.8,24,2,4016.7,169,3,4016.6,32,4,4016.5,248,5,4016.4,76,2,4017.0,49,1,4017.2,11,1,4017.4,12,1,4017.9,11,2,4018.0,250,4
11483,2026-07-02 14:21:44+05:30,4017.0,10,4034.84,1670843,173875.0,182169.0,4100.0,4110.0,4012.0,4092.6,25741975,4501.8,3683.4,4440.0,3288.1,4016.8,24,2,4016.7,169,3,4016.6,32,4,4016.5,248,5,4016.4,76,2,4017.0,49,1,4017.2,11,1,4017.4,12,1,4017.9,11,2,4018.0,250,4
11483,2026-07-02 14:21:46+05:30,4017.0,9,4034.77,1677092,174230.0,182827.0,4100.0,4110.0,4012.0,4092.6,25741975,4501.8,3683.4,4440.0,3288.1,4016.9,41,1,4016.8,76,4,4016.7,213,4,4016.6,25,4,4016.5,282,6,4017.0,34,1,4017.2,9,1,4017.4,12,1,4017.9,11,2,4018.0,224,4
11483,2026-07-02 14:21:47+05:30,4016.9,1,4034.77,1677092,174230.0,182827.0,4100.0,4110.0,4012.0,4092.6,25741975,4501.8,3683.4,4440.0,3288.1,4016.9,41,1,4016.8,76,4,4016.7,213,4,4016.6,25,4,4016.5,282,6,4017.0,34,1,4017.2,9,1,4017.4,12,1,4017.9,11,2,4018.0,224,4
11483,2026-07-02 14:21:50+05:30,4016.9,2,4034.77,1677092,174230.0,182827.0,4100.0,4110.0,4012.0,4092.6,25741975,4501.8,3683.4,4440.0,3288.1,4016.9,41,1,4016.8,76,4,4016.7,213,4,4016.6,25,4,4016.5,282,6,4017.0,34,1,4017.2,9,1,4017.4,12,1,4017.9,11,2,4018.0,224,4
11483,2026-07-02 14:21:52+05:30,4016.9,2,4034.77,1677792,174317.0,183324.0,4100.0,4110.0,4012.0,4092.6,25741975,4501.8,3683.4,4440.0,3288.1,4016.6,12,3,4016.5,233,4,4016.4,50,1,4016.3,270,4,4016.2,11,2,4016.8,81,1,4016.9,61,4,4017.0,93,4,4017.1,42,1,4017.2,9,1
11483,2026-07-02 14:21:53+05:30,4016.6,2,4034.77,1677792,174317.0,183324.0,4100.0,4110.0,4012.0,4092.6,25741975,4501.8,3683.4,4440.0,3288.1,4016.6,12,3,4016.5,233,4,4016.4,50,1,4016.3,270,4,4016.2,11,2,4016.8,81,1,4016.9,61,4,4017.0,93,4,4017.1,42,1,4017.2,9,1
11483,2026-07-02 14:21:56+05:30,4016.7,1,4034.77,1677792,174317.0,183324.0,4100.0,4110.0,4012.0,4092.6,25741975,4501.8,3683.4,4440.0,3288.1,4016.6,12,3,4016.5,233,4,4016.4,50,1,4016.3,270,4,4016.2,11,2,4016.8,81,1,4016.9,61,4,4017.0,93,4,4017.1,42,1,4017.2,9,1
11483,2026-07-02 14:21:57+05:30,4016.6,2,4034.76,1678316,173845.0,183518.0,4100.0,4110.0,4012.0,4092.6,25741975,4501.8,3683.4,4440.0,3288.1,4016.4,50,1,4016.3,270,4,4016.2,11,2,4016.1,42,5,4016.0,670,35,4016.5,76,1,4016.6,6,1,4016.7,83,2,4016.8,44,2,4016.9,13,3
11483,2026-07-02 14:21:59+05:30,4016.6,10,4034.76,1678316,173845.0,183518.0,4100.0,4110.0,4012.0,4092.6,25741975,4501.8,3683.4,4440.0,3288.1,4016.4,50,1,4016.3,270,4,4016.2,11,2,4016.1,42,5,4016.0,670,35,4016.5,76,1,4016.6,6,1,4016.7,83,2,4016.8,44,2,4016.9,13,3
11483,2026-07-02 14:22:02+05:30,4016.3,48,4034.76,1678316,173845.0,183518.0,4100.0,4110.0,4012.0,4092.6,25741975,4501.8,3683.4,4440.0,3288.1,4016.4,50,1,4016.3,270,4,4016.2,11,2,4016.1,42,5,4016.0,670,35,4016.5,76,1,4016.6,6,1,4016.7,83,2,4016.8,44,2,4016.9,13,3
11483,2026-07-02 14:22:02+05:30,4016.3,48,4034.76,1678714,173471.0,183567.0,4100.0,4110.0,4012.0,4092.6,25741975,4501.8,3683.4,4440.0,3288.1,4016.5,25,1,4016.2,11,2,4016.1,42,5,4016.0,655,35,4015.9,13,1,4016.6,48,1,4016.7,167,7,4016.8,59,3,4016.9,13,3,4017.0,293,6
11483,2026-07-02 14:22:05+05:30,4016.6,12,4034.76,1678714,173471.0,183567.0,4100.0,4110.0,4012.0,4092.6,25741975,4501.8,3683.4,4440.0,3288.1,4016.5,25,1,4016.2,11,2,4016.1,42,5,4016.0,655,35,4015.9,13,1,4016.6,48,1,4016.7,167,7,4016.8,59,3,4016.9,13,3,4017.0,293,6
11483,2026-07-02 14:22:07+05:30,4016.6,2,4034.75,1679042,174062.0,183202.0,4100.0,4110.0,4012.0,4092.6,25741975,4501.8,3683.4,4440.0,3288.1,4016.4,176,2,4016.2,361,4,4016.1,317,7,4016.0,655,35,4015.9,12,1,4016.6,4,2,4016.7,18,3,4016.8,5,1,4016.9,20,4,4017.0,251,5
11483,2026-07-02 14:22:09+05:30,4016.6,1,4034.75,1679042,174062.0,183202.0,4100.0,4110.0,4012.0,4092.6,25741975,4501.8,3683.4,4440.0,3288.1,4016.4,176,2,4016.2,361,4,4016.1,317,7,4016.0,655,35,4015.9,12,1,4016.6,4,2,4016.7,18,3,4016.8,5,1,4016.9,20,4,4017.0,251,5
11483,2026-07-02 14:22:12+05:30,4016.7,2,4034.75,1679042,174062.0,183202.0,4100.0,4110.0,4012.0,4092.6,25741975,4501.8,3683.4,4440.0,3288.1,4016.4,176,2,4016.2,361,4,4016.1,317,7,4016.0,655,35,4015.9,12,1,4016.6,4,2,4016.7,18,3,4016.8,5,1,4016.9,20,4,4017.0,251,5
11483,2026-07-02 14:22:12+05:30,4016.7,2,4034.75,1679374,174211.0,183170.0,4100.0,4110.0,4012.0,4092.6,25741975,4501.8,3683.4,4440.0,3288.1,4016.6,339,2,4016.2,175,1,4016.1,317,7,4016.0,789,34,4015.9,12,1,4016.7,23,3,4016.8,26,2,4016.9,24,5,4017.0,279,7,4017.1,42,4
11483,2026-07-02 14:22:15+05:30,4016.7,1,4034.75,1679374,174211.0,183170.0,4100.0,4110.0,4012.0,4092.6,25741975,4501.8,3683.4,4440.0,3288.1,4016.6,339,2,4016.2,175,1,4016.1,317,7,4016.0,789,34,4015.9,12,1,4016.7,23,3,4016.8,26,2,4016.9,24,5,4017.0,279,7,4017.1,42,4
11483,2026-07-02 14:22:17+05:30,4016.6,261,4034.75,1679697,173706.0,182966.0,4100.0,4110.0,4012.0,4092.6,25741975,4501.8,3683.4,4440.0,3288.1,4016.6,38,3,4016.4,175,1,4016.3,15,1,4016.1,317,7,4016.0,790,35,4016.7,19,5,4016.8,5,1,4016.9,9,3,4017.0,285,8,4017.1,42,4
11483,2026-07-02 14:22:18+05:30,4016.6,1,4034.75,1679697,173706.0,182966.0,4100.0,4110.0,4012.0,4092.6,25741975,4501.8,3683.4,4440.0,3288.1,4016.6,38,3,4016.4,175,1,4016.3,15,1,4016.1,317,7,4016.0,790,35,4016.7,19,5,4016.8,5,1,4016.9,9,3,4017.0,285,8,4017.1,42,4
11483,2026-07-02 14:22:21+05:30,4017.0,21,4034.75,1679697,173706.0,182966.0,4100.0,4110.0,4012.0,4092.6,25741975,4501.8,3683.4,4440.0,3288.1,4016.6,38,3,4016.4,175,1,4016.3,15,1,4016.1,317,7,4016.0,790,35,4016.7,19,5,4016.8,5,1,4016.9,9,3,4017.0,285,8,4017.1,42,4
11483,2026-07-02 14:22:21+05:30,4016.0,17,4034.73,1680733,171831.0,183500.0,4100.0,4110.0,4012.0,4092.6,25741975,4501.8,3683.4,4440.0,3288.1,4016.0,444,19,4015.8,65,2,4015.6,53,3,4015.5,114,4,4015.3,12,1,4016.1,2,1,4016.2,42,2,4016.4,31,2,4016.6,27,2,4016.7,4,1
11483,2026-07-02 14:22:24+05:30,4016.8,1,4034.73,1680733,171831.0,183500.0,4100.0,4110.0,4012.0,4092.6,25741975,4501.8,3683.4,4440.0,3288.1,4016.0,444,19,4015.8,65,2,4015.6,53,3,4015.5,114,4,4015.3,12,1,4016.1,2,1,4016.2,42,2,4016.4,31,2,4016.6,27,2,4016.7,4,1
11483,2026-07-02 14:22:26+05:30,4016.1,1,4034.73,1680953,173811.0,183941.0,4100.0,4110.0,4012.0,4092.6,25741975,4501.8,3683.4,4440.0,3288.1,4016.1,183,2,4016.0,298,16,4015.9,16,2,4015.8,107,4,4015.7,26,2,4016.4,1,1,4017.0,252,5,4017.1,19,2,4017.2,12,1,4017.3,2,1
11483,2026-07-02 14:22:27+05:30,4016.4,49,4034.73,1680953,173811.0,183941.0,4100.0,4110.0,4012.0,4092.6,25741975,4501.8,3683.4,4440.0,3288.1,4016.1,183,2,4016.0,298,16,4015.9,16,2,4015.8,107,4,4015.7,26,2,4016.4,1,1,4017.0,252,5,4017.1,19,2,4017.2,12,1,4017.3,2,1
11483,2026-07-02 14:22:27+05:30,4016.4,49,4034.73,1680953,173811.0,183941.0,4100.0,4110.0,4012.0,4092.6,25741975,4501.8,3683.4,4440.0,3288.1,4016.1,183,2,4016.0,298,16,4015.9,16,2,4015.8,107,4,4015.7,26,2,4016.4,1,1,4017.0,252,5,4017.1,19,2,4017.2,12,1,4017.3,2,1
11483,2026-07-02 14:22:28+05:30,4016.4,49,4034.73,1680953,173811.0,183941.0,4100.0,4110.0,4012.0,4092.6,25741975,4501.8,3683.4,4440.0,3288.1,4016.1,183,2,4016.0,298,16,4015.9,16,2,4015.8,107,4,4015.7,26,2,4016.4,1,1,4017.0,252,5,4017.1,19,2,4017.2,12,1,4017.3,2,1
11483,2026-07-02 14:22:29+05:30,4016.4,49,4034.73,1680953,173811.0,183941.0,4100.0,4110.0,4012.0,4092.6,25741975,4501.8,3683.4,4440.0,3288.1,4016.1,183,2,4016.0,298,16,4015.9,16,2,4015.8,107,4,4015.7,26,2,4016.4,1,1,4017.0,252,5,4017.1,19,2,4017.2,12,1,4017.3,2,1
11483,2026-07-02 14:22:30+05:30,4016.4,49,4034.73,1680953,173811.0,183941.0,4100.0,4110.0,4012.0,4092.6,25741975,4501.8,3683.4,4440.0,3288.1,4016.1,183,2,4016.0,298,16,4015.9,16,2,4015.8,107,4,4015.7,26,2,4016.4,1,1,4017.0,252,5,4017.1,19,2,4017.2,12,1,4017.3,2,1
11483,2026-07-02 14:22:30+05:30,4017.0,1,4034.73,1680953,173811.0,183941.0,4100.0,4110.0,4012.0,4092.6,25741975,4501.8,3683.4,4440.0,3288.1,4016.1,183,2,4016.0,298,16,4015.9,16,2,4015.8,107,4,4015.7,26,2,4016.4,1,1,4017.0,252,5,4017.1,19,2,4017.2,12,1,4017.3,2,1
11483,2026-07-02 14:22:30+05:30,4017.0,1,4034.73,1680953,173811.0,183941.0,4100.0,4110.0,4012.0,4092.6,25741975,4501.8,3683.4,4440.0,3288.1,4016.1,183,2,4016.0,298,16,4015.9,16,2,4015.8,107,4,4015.7,26,2,4016.4,1,1,4017.0,252,5,4017.1,19,2,4017.2,12,1,4017.3,2,1
11483,2026-07-02 14:22:31+05:30,4017.0,42,4034.73,1681399,174875.0,182633.0,4100.0,4110.0,4012.0,4092.6,25741975,4501.8,3683.4,4440.0,3288.1,4016.9,40,1,4016.8,45,2,4016.7,65,3,4016.6,250,4,4016.5,2,1,4017.0,3,1,4017.1,19,2,4017.2,12,1,4017.4,12,1,4017.7,24,1
11483,2026-07-02 14:22:31+05:30,4017.0,42,4034.73,1681399,174875.0,182633.0,4100.0,4110.0,4012.0,4092.6,25741975,4501.8,3683.4,4440.0,3288.1,4016.9,40,1,4016.8,45,2,4016.7,65,3,4016.6,250,4,4016.5,2,1,4017.0,3,1,4017.1,19,2,4017.2,12,1,4017.4,12,1,4017.7,24,1
11483,2026-07-02 14:22:31+05:30,4017.0,42,4034.73,1681399,174875.0,182633.0,4100.0,4110.0,4012.0,4092.6,25763325,4501.8,3683.4,4440.0,3288.1,4016.9,40,1,4016.8,45,2,4016.7,65,3,4016.6,250,4,4016.5,2,1,4017.0,3,1,4017.1,19,2,4017.2,12,1,4017.4,12,1,4017.7,24,1
11483,2026-07-02 14:22:32+05:30,4017.0,42,4034.73,1681399,174875.0,182633.0,4100.0,4110.0,4012.0,4092.6,25763325,4501.8,3683.4,4440.0,3288.1,4016.9,40,1,4016.8,45,2,4016.7,65,3,4016.6,250,4,4016.5,2,1,4017.0,3,1,4017.1,19,2,4017.2,12,1,4017.4,12,1,4017.7,24,1
11483,2026-07-02 14:22:33+05:30,4017.0,7,4034.73,1681399,174875.0,182633.0,4100.0,4110.0,4012.0,4092.6,25763325,4501.8,3683.4,4440.0,3288.1,4016.9,40,1,4016.8,45,2,4016.7,65,3,4016.6,250,4,4016.5,2,1,4017.0,3,1,4017.1,19,2,4017.2,12,1,4017.4,12,1,4017.7,24,1
11483,2026-07-02 14:22:33+05:30,4017.0,7,4034.73,1681399,174875.0,182633.0,4100.0,4110.0,4012.0,4092.6,25763325,4501.8,3683.4,4440.0,3288.1,4016.9,40,1,4016.8,45,2,4016.7,65,3,4016.6,250,4,4016.5,2,1,4017.0,3,1,4017.1,19,2,4017.2,12,1,4017.4,12,1,4017.7,24,1
11483,2026-07-02 14:22:35+05:30,4017.0,22,4034.72,1682015,173912.0,180725.0,4100.0,4110.0,4012.0,4092.6,25763325,4501.8,3683.4,4440.0,3288.1,4016.8,2,1,4016.7,44,2,4016.6,131,2,4016.5,44,2,4016.4,10,1,4017.0,23,1,4017.1,15,1,4017.2,12,1,4017.4,13,2,4017.7,24,1
11483,2026-07-02 14:22:36+05:30,4017.1,33,4034.72,1682015,173912.0,180725.0,4100.0,4110.0,4012.0,4092.6,25763325,4501.8,3683.4,4440.0,3288.1,4016.8,2,1,4016.7,44,2,4016.6,131,2,4016.5,44,2,4016.4,10,1,4017.0,23,1,4017.1,15,1,4017.2,12,1,4017.4,13,2,4017.7,24,1
11483,2026-07-02 14:22:39+05:30,4017.0,45,4034.72,1682015,173912.0,180725.0,4100.0,4110.0,4012.0,4092.6,25763325,4501.8,3683.4,4440.0,3288.1,4016.8,2,1,4016.7,44,2,4016.6,131,2,4016.5,44,2,4016.4,10,1,4017.0,23,1,4017.1,15,1,4017.2,12,1,4017.4,13,2,4017.7,24,1
11483,2026-07-02 14:22:40+05:30,4019.0,2,4034.69,1685309,174168.0,178492.0,4100.0,4110.0,4012.0,4092.6,25763325,4501.8,3683.4,4440.0,3288.1,4019.0,50,4,4018.9,29,2,4018.8,47,4,4018.6,21,4,4018.5,26,2,4019.9,101,2,4020.0,257,9,4020.3,15,1,4020.4,56,1,4020.5,2,1
11483,2026-07-02 14:22:42+05:30,4019.2,2,4034.69,1685309,174168.0,178492.0,4100.0,4110.0,4012.0,4092.6,25763325,4501.8,3683.4,4440.0,3288.1,4019.0,50,4,4018.9,29,2,4018.8,47,4,4018.6,21,4,4018.5,26,2,4019.9,101,2,4020.0,257,9,4020.3,15,1,4020.4,56,1,4020.5,2,1
11483,2026-07-02 14:22:45+05:30,4019.1,9,4034.69,1685309,174168.0,178492.0,4100.0,4110.0,4012.0,4092.6,25763325,4501.8,3683.4,4440.0,3288.1,4019.0,50,4,4018.9,29,2,4018.8,47,4,4018.6,21,4,4018.5,26,2,4019.9,101,2,4020.0,257,9,4020.3,15,1,4020.4,56,1,4020.5,2,1
11483,2026-07-02 14:22:45+05:30,4019.3,5,4034.68,1686565,173670.0,178018.0,4100.0,4110.0,4012.0,4092.6,25763325,4501.8,3683.4,4440.0,3288.1,4019.0,71,2,4018.9,68,2,4018.8,80,1,4018.7,182,2,4018.6,73,3,4019.3,37,1,4019.4,47,2,4019.5,42,1,4019.7,42,1,4020.0,25,2
11483,2026-07-02 14:22:47+05:30,4019.3,1,4034.68,1686565,173670.0,178018.0,4100.0,4110.0,4012.0,4092.6,25763325,4501.8,3683.4,4440.0,3288.1,4019.0,71,2,4018.9,68,2,4018.8,80,1,4018.7,182,2,4018.6,73,3,4019.3,37,1,4019.4,47,2,4019.5,42,1,4019.7,42,1,4020.0,25,2
11483,2026-07-02 14:22:50+05:30,4019.7,27,4034.68,1686565,173670.0,178018.0,4100.0,4110.0,4012.0,4092.6,25763325,4501.8,3683.4,4440.0,3288.1,4019.0,71,2,4018.9,68,2,4018.8,80,1,4018.7,182,2,4018.6,73,3,4019.3,37,1,4019.4,47,2,4019.5,42,1,4019.7,42,1,4020.0,25,2
11483,2026-07-02 14:22:50+05:30,4020.0,46,4034.67,1687340,174345.0,177554.0,4100.0,4110.0,4012.0,4092.6,25763325,4501.8,3683.4,4440.0,3288.1,4019.9,36,1,4019.8,19,1,4019.7,3,1,4019.6,9,1,4019.5,12,2,4020.0,10,1,4020.1,42,1,4020.4,56,1,4020.7,20,1,4020.8,49,4
11483,2026-07-02 14:22:53+05:30,4021.9,20,4034.67,1687340,174345.0,177554.0,4100.0,4110.0,4012.0,4092.6,25763325,4501.8,3683.4,4440.0,3288.1,4019.9,36,1,4019.8,19,1,4019.7,3,1,4019.6,9,1,4019.5,12,2,4020.0,10,1,4020.1,42,1,4020.4,56,1,4020.7,20,1,4020.8,49,4
11483,2026-07-02 14:22:56+05:30,4020.5,9,4034.67,1687340,174345.0,177554.0,4100.0,4110.0,4012.0,4092.6,25763325,4501.8,3683.4,4440.0,3288.1,4019.9,36,1,4019.8,19,1,4019.7,3,1,4019.6,9,1,4019.5,12,2,4020.0,10,1,4020.1,42,1,4020.4,56,1,4020.7,20,1,4020.8,49,4
11483,2026-07-02 14:22:56+05:30,4020.3,4,4034.66,1688409,173743.0,177606.0,4100.0,4110.0,4012.0,4092.6,25763325,4501.8,3683.4,4440.0,3288.1,4020.3,9,1,4020.2,18,2,4020.1,35,2,4020.0,168,3,4019.9,93,2,4021.3,30,3,4021.4,10,1,4021.5,37,4,4021.7,21,3,4021.8,34,3
11483,2026-07-02 14:22:59+05:30,4021.3,25,4034.66,1688409,173743.0,177606.0,4100.0,4110.0,4012.0,4092.6,25763325,4501.8,3683.4,4440.0,3288.1,4020.3,9,1,4020.2,18,2,4020.1,35,2,4020.0,168,3,4019.9,93,2,4021.3,30,3,4021.4,10,1,4021.5,37,4,4021.7,21,3,4021.8,34,3
11483,2026-07-02 14:23:01+05:30,4023.0,4,4034.65,1689163,175729.0,176133.0,4100.0,4110.0,4012.0,4092.6,25763325,4501.8,3683.4,4440.0,3288.1,4022.1,18,2,4022.0,80,3,4021.9,15,1,4021.8,72,5,4021.7,18,1,4023.0,71,1,4023.1,58,1,4023.2,57,3,4023.4,24,1,4023.6,36,2
11483,2026-07-02 14:23:02+05:30,4023.1,2,4034.65,1689163,175729.0,176133.0,4100.0,4110.0,4012.0,4092.6,25763325,4501.8,3683.4,4440.0,3288.1,4022.1,18,2,4022.0,80,3,4021.9,15,1,4021.8,72,5,4021.7,18,1,4023.0,71,1,4023.1,58,1,4023.2,57,3,4023.4,24,1,4023.6,36,2
11483,2026-07-02 14:23:05+05:30,4024.0,19,4034.65,1689163,175729.0,176133.0,4100.0,4110.0,4012.0,4092.6,25763325,4501.8,3683.4,4440.0,3288.1,4022.1,18,2,4022.0,80,3,4021.9,15,1,4021.8,72,5,4021.7,18,1,4023.0,71,1,4023.1,58,1,4023.2,57,3,4023.4,24,1,4023.6,36,2
11483,2026-07-02 14:23:06+05:30,4025.0,1,4034.64,1691024,176525.0,176724.0,4100.0,4110.0,4012.0,4092.6,25763325,4501.8,3683.4,4440.0,3288.1,4024.5,2,1,4024.0,38,4,4023.9,16,2,4023.5,21,2,4023.4,86,2,4025.0,77,7,4025.2,10,1,4025.3,22,2,4025.4,37,2,4025.5,1017,2
11483,2026-07-02 14:23:08+05:30,4025.0,11,4034.64,1691024,176525.0,176724.0,4100.0,4110.0,4012.0,4092.6,25763325,4501.8,3683.4,4440.0,3288.1,4024.5,2,1,4024.0,38,4,4023.9,16,2,4023.5,21,2,4023.4,86,2,4025.0,77,7,4025.2,10,1,4025.3,22,2,4025.4,37,2,4025.5,1017,2
11483,2026-07-02 14:23:11+05:30,4025.0,11,4034.64,1691024,176525.0,176724.0,4100.0,4110.0,4012.0,4092.6,25763325,4501.8,3683.4,4440.0,3288.1,4024.5,2,1,4024.0,38,4,4023.9,16,2,4023.5,21,2,4023.4,86,2,4025.0,77,7,4025.2,10,1,4025.3,22,2,4025.4,37,2,4025.5,1017,2
11483,2026-07-02 14:23:11+05:30,4025.5,7,4034.64,1691917,176444.0,176716.0,4100.0,4110.0,4012.0,4092.6,25763325,4501.8,3683.4,4440.0,3288.1,4025.0,5,3,4024.2,69,1,4024.1,9,1,4023.8,52,2,4023.7,91,3,4025.5,673,4,4025.7,5,1,4025.8,3,1,4025.9,27,1,4026.0,599,7
11483,2026-07-02 14:23:14+05:30,4025.0,2,4034.64,1691917,176444.0,176716.0,4100.0,4110.0,4012.0,4092.6,25763325,4501.8,3683.4,4440.0,3288.1,4025.0,5,3,4024.2,69,1,4024.1,9,1,4023.8,52,2,4023.7,91,3,4025.5,673,4,4025.7,5,1,4025.8,3,1,4025.9,27,1,4026.0,599,7
11483,2026-07-02 14:23:16+05:30,4025.1,1,4034.64,1692152,175732.0,175894.0,4100.0,4110.0,4012.0,4092.6,25763325,4501.8,3683.4,4440.0,3288.1,4023.9,9,1,4023.8,32,3,4023.7,45,3,4023.6,38,1,4023.5,6,1,4025.1,7,1,4025.4,53,4,4025.5,660,3,4025.6,11,1,4025.7,42,3
11483,2026-07-02 14:23:17+05:30,4023.9,13,4034.64,1692152,175732.0,175894.0,4100.0,4110.0,4012.0,4092.6,25763325,4501.8,3683.4,4440.0,3288.1,4023.9,9,1,4023.8,32,3,4023.7,45,3,4023.6,38,1,4023.5,6,1,4025.1,7,1,4025.4,53,4,4025.5,660,3,4025.6,11,1,4025.7,42,3
11483,2026-07-02 14:23:20+05:30,4024.7,1,4034.64,1692152,175732.0,175894.0,4100.0,4110.0,4012.0,4092.6,25763325,4501.8,3683.4,4440.0,3288.1,4023.9,9,1,4023.8,32,3,4023.7,45,3,4023.6,38,1,4023.5,6,1,4025.1,7,1,4025.4,53,4,4025.5,660,3,4025.6,11,1,4025.7,42,3
11483,2026-07-02 14:23:20+05:30,4024.7,1,4034.63,1692773,175618.0,176515.0,4100.0,4110.0,4012.0,4092.6,25763325,4501.8,3683.4,4440.0,3288.1,4023.4,20,1,4023.3,9,1,4023.2,23,2,4023.1,56,3,4022.9,71,3,4024.7,56,3,4024.8,24,1,4024.9,38,2,4025.0,36,3,4025.1,47,4
11483,2026-07-02 14:23:21+05:30,4024.6,21,4034.63,1692773,175618.0,176515.0,4100.0,4110.0,4012.0,4092.6,25763325,4501.8,3683.4,4440.0,3288.1,4023.4,20,1,4023.3,9,1,4023.2,23,2,4023.1,56,3,4022.9,71,3,4024.7,56,3,4024.8,24,1,4024.9,38,2,4025.0,36,3,4025.1,47,4
11483,2026-07-02 14:23:21+05:30,4024.6,21,4034.63,1692875,175175.0,176388.0,4100.0,4110.0,4012.0,4092.6,25763325,4501.8,3683.4,4440.0,3288.1,4023.9,13,1,4023.2,39,2,4023.1,55,3,4023.0,20,2,4022.9,45,2,4024.7,19,2,4024.9,38,2,4025.0,39,4,4025.1,11,1,4025.2,2,1
11483,2026-07-02 14:23:22+05:30,4025.0,15,4034.63,1692875,175175.0,176388.0,4100.0,4110.0,4012.0,4092.6,25763325,4501.8,3683.4,4440.0,3288.1,4023.9,13,1,4023.2,39,2,4023.1,55,3,4023.0,20,2,4022.9,45,2,4024.7,19,2,4024.9,38,2,4025.0,39,4,4025.1,11,1,4025.2,2,1
11483,2026-07-02 14:23:22+05:30,4030.0,77,4034.61,1698824,177424.0,165701.0,4100.0,4110.0,4012.0,4092.6,25763325,4501.8,3683.4,4440.0,3288.1,4028.5,24,1,4028.4,29,2,4028.3,18,1,4028.2,117,3,4028.1,50,1,4029.6,9,1,4029.8,20,1,4029.9,38,1,4030.0,4824,27,4030.1,10,1
11483,2026-07-02 14:23:23+05:30,4029.8,2,4034.61,1698824,177424.0,165701.0,4100.0,4110.0,4012.0,4092.6,25763325,4501.8,3683.4,4440.0,3288.1,4028.5,24,1,4028.4,29,2,4028.3,18,1,4028.2,117,3,4028.1,50,1,4029.6,9,1,4029.8,20,1,4029.9,38,1,4030.0,4824,27,4030.1,10,1
11483,2026-07-02 14:23:23+05:30,4030.0,14,4034.6,1700293,178323.0,168676.0,4100.0,4110.0,4012.0,4092.6,25763325,4501.8,3683.4,4440.0,3288.1,4029.8,39,4,4029.7,19,2,4029.6,26,3,4029.5,7,1,4029.4,30,3,4030.0,4758,25,4030.2,10,2,4030.7,2,1,4030.8,12,1,4030.9,100,1
11483,2026-07-02 14:23:24+05:30,4030.0,2,4034.6,1700293,178323.0,168676.0,4100.0,4110.0,4012.0,4092.6,25763325,4501.8,3683.4,4440.0,3288.1,4029.8,39,4,4029.7,19,2,4029.6,26,3,4029.5,7,1,4029.4,30,3,4030.0,4758,25,4030.2,10,2,4030.7,2,1,4030.8,12,1,4030.9,100,1
11483,2026-07-02 14:23:24+05:30,4029.2,29,4034.6,1701028,178669.0,168647.0,4100.0,4110.0,4012.0,4092.6,25763325,4501.8,3683.4,4440.0,3288.1,4029.2,15,1,4029.1,18,2,4029.0,239,3,4028.9,70,3,4028.8,17,1,4030.0,4277,25,4030.2,10,2,4030.7,10,2,4030.8,12,1,4030.9,100,1
11483,2026-07-02 14:23:25+05:30,4029.1,5,4034.6,1701028,178669.0,168647.0,4100.0,4110.0,4012.0,4092.6,25763325,4501.8,3683.4,4440.0,3288.1,4029.2,15,1,4029.1,18,2,4029.0,239,3,4028.9,70,3,4028.8,17,1,4030.0,4277,25,4030.2,10,2,4030.7,10,2,4030.8,12,1,4030.9,100,1
11483,2026-07-02 14:23:25+05:30,4029.2,29,4034.6,1701219,178215.0,168730.0,4100.0,4110.0,4012.0,4092.6,25763325,4501.8,3683.4,4440.0,3288.1,4029.0,156,3,4028.9,54,2,4028.8,7,2,4028.7,36,1,4028.6,25,2,4029.2,4,1,4030.0,4277,25,4030.2,23,3,4030.5,13,1,4030.7,2,1
11483,2026-07-02 14:23:26+05:30,4030.0,308,4034.6,1701219,178215.0,168730.0,4100.0,4110.0,4012.0,4092.6,25763325,4501.8,3683.4,4440.0,3288.1,4029.0,156,3,4028.9,54,2,4028.8,7,2,4028.7,36,1,4028.6,25,2,4029.2,4,1,4030.0,4277,25,4030.2,23,3,4030.5,13,1,4030.7,2,1
11483,2026-07-02 14:23:26+05:30,4029.6,6,4034.6,1701785,178679.0,168149.0,4100.0,4110.0,4012.0,4092.6,25763325,4501.8,3683.4,4440.0,3288.1,4029.2,19,3,4029.1,175,1,4029.0,48,2,4028.9,54,2,4028.8,13,3,4029.5,10,1,4030.0,3794,23,4030.2,10,2,4030.5,12,1,4030.8,12,1
11483,2026-07-02 14:23:27+05:30,4028.9,23,4034.6,1701785,178679.0,168149.0,4100.0,4110.0,4012.0,4092.6,25763325,4501.8,3683.4,4440.0,3288.1,4029.2,19,3,4029.1,175,1,4029.0,48,2,4028.9,54,2,4028.8,13,3,4029.5,10,1,4030.0,3794,23,4030.2,10,2,4030.5,12,1,4030.8,12,1
11483,2026-07-02 14:23:27+05:30,4029.0,1,4034.6,1702087,177939.0,169177.0,4100.0,4110.0,4012.0,4092.6,25763325,4501.8,3683.4,4440.0,3288.1,4029.0,1,1,4028.6,7,1,4028.5,2,1,4028.4,38,2,4028.3,91,3,4029.2,7,1,4029.5,2,1,4029.9,2,1,4030.0,3794,23,4030.2,22,3
11483,2026-07-02 14:23:27+05:30,4029.0,1,4034.6,1702087,177939.0,169177.0,4100.0,4110.0,4012.0,4092.6,25763325,4501.8,3683.4,4440.0,3288.1,4029.0,1,1,4028.6,7,1,4028.5,2,1,4028.4,38,2,4028.3,91,3,4029.2,7,1,4029.5,2,1,4029.9,2,1,4030.0,3794,23,4030.2,22,3
11483,2026-07-02 14:23:28+05:30,4029.0,1,4034.6,1702087,177939.0,169177.0,4100.0,4110.0,4012.0,4092.6,25763325,4501.8,3683.4,4440.0,3288.1,4029.0,1,1,4028.6,7,1,4028.5,2,1,4028.4,38,2,4028.3,91,3,4029.2,7,1,4029.5,2,1,4029.9,2,1,4030.0,3794,23,4030.2,22,3
11483,2026-07-02 14:23:28+05:30,4029.0,1,4034.6,1702087,177939.0,169177.0,4100.0,4110.0,4012.0,4092.6,25763325,4501.8,3683.4,4440.0,3288.1,4029.0,1,1,4028.6,7,1,4028.5,2,1,4028.4,38,2,4028.3,91,3,4029.2,7,1,4029.5,2,1,4029.9,2,1,4030.0,3794,23,4030.2,22,3
11483,2026-07-02 14:23:28+05:30,4028.4,15,4034.6,1702137,177872.0,169190.0,4100.0,4110.0,4012.0,4092.6,25763325,4501.8,3683.4,4440.0,3288.1,4028.3,96,3,4028.2,65,2,4028.1,97,4,4028.0,91,5,4027.9,78,3,4029.0,3,1,4029.2,7,1,4029.5,2,1,4029.7,2,1,4029.9,61,2
11483,2026-07-02 14:23:28+05:30,4028.4,15,4034.6,1702137,177872.0,169190.0,4100.0,4110.0,4012.0,4092.6,25763325,4501.8,3683.4,4440.0,3288.1,4028.3,96,3,4028.2,65,2,4028.1,97,4,4028.0,91,5,4027.9,78,3,4029.0,3,1,4029.2,7,1,4029.5,2,1,4029.7,2,1,4029.9,61,2
11483,2026-07-02 14:23:29+05:30,4028.4,15,4034.6,1702137,177872.0,169190.0,4100.0,4110.0,4012.0,4092.6,25763325,4501.8,3683.4,4440.0,3288.1,4028.3,96,3,4028.2,65,2,4028.1,97,4,4028.0,91,5,4027.9,78,3,4029.0,3,1,4029.2,7,1,4029.5,2,1,4029.7,2,1,4029.9,61,2
11483,2026-07-02 14:23:29+05:30,4029.0,7,4034.6,1702137,177872.0,169190.0,4100.0,4110.0,4012.0,4092.6,25763325,4501.8,3683.4,4440.0,3288.1,4028.3,96,3,4028.2,65,2,4028.1,97,4,4028.0,91,5,4027.9,78,3,4029.0,3,1,4029.2,7,1,4029.5,2,1,4029.7,2,1,4029.9,61,2
11483,2026-07-02 14:23:29+05:30,4029.0,7,4034.6,1702157,177970.0,169338.0,4100.0,4110.0,4012.0,4092.6,25763325,4501.8,3683.4,4440.0,3288.1,4028.4,175,1,4028.3,30,2,4028.2,65,2,4028.1,83,3,4028.0,77,4,4029.0,6,2,4029.2,7,1,4029.8,26,2,4029.9,103,4,4030.0,3794,23
11483,2026-07-02 14:23:29+05:30,4029.0,7,4034.6,1702157,177970.0,169338.0,4100.0,4110.0,4012.0,4092.6,25763325,4501.8,3683.4,4440.0,3288.1,4028.4,175,1,4028.3,30,2,4028.2,65,2,4028.1,83,3,4028.0,77,4,4029.0,6,2,4029.2,7,1,4029.8,26,2,4029.9,103,4,4030.0,3794,23
11483,2026-07-02 14:23:30+05:30,4029.0,13,4034.6,1702157,177970.0,169338.0,4100.0,4110.0,4012.0,4092.6,25763325,4501.8,3683.4,4440.0,3288.1,4028.4,175,1,4028.3,30,2,4028.2,65,2,4028.1,83,3,4028.0,77,4,4029.0,6,2,4029.2,7,1,4029.8,26,2,4029.9,103,4,4030.0,3794,23
11483,2026-07-02 14:23:30+05:30,4029.0,13,4034.6,1702157,177970.0,169338.0,4100.0,4110.0,4012.0,4092.6,25763325,4501.8,3683.4,4440.0,3288.1,4028.4,175,1,4028.3,30,2,4028.2,65,2,4028.1,83,3,4028.0,77,4,4029.0,6,2,4029.2,7,1,4029.8,26,2,4029.9,103,4,4030.0,3794,23
11483,2026-07-02 14:23:30+05:30,4029.0,13,4034.6,1702184,177933.0,169353.0,4100.0,4110.0,4012.0,4092.6,25763325,4501.8,3683.4,4440.0,3288.1,4029.1,160,1,4028.3,2,1,4028.2,101,3,4028.1,70,2,4028.0,116,5,4029.2,7,1,4029.8,76,4,4029.9,24,1,4030.0,3815,25,4030.1,32,2
11483,2026-07-02 14:23:30+05:30,4029.0,13,4034.6,1702184,177933.0,169353.0,4100.0,4110.0,4012.0,4092.6,25763325,4501.8,3683.4,4440.0,3288.1,4029.1,160,1,4028.3,2,1,4028.2,101,3,4028.1,70,2,4028.0,116,5,4029.2,7,1,4029.8,76,4,4029.9,24,1,4030.0,3815,25,4030.1,32,2
11483,2026-07-02 14:23:31+05:30,4028.5,25,4034.6,1702184,177933.0,169353.0,4100.0,4110.0,4012.0,4092.6,25763325,4501.8,3683.4,4440.0,3288.1,4029.1,160,1,4028.3,2,1,4028.2,101,3,4028.1,70,2,4028.0,116,5,4029.2,7,1,4029.8,76,4,4029.9,24,1,4030.0,3815,25,4030.1,32,2
11483,2026-07-02 14:23:31+05:30,4028.5,25,4034.6,1702184,177933.0,169353.0,4100.0,4110.0,4012.0,4092.6,25763325,4501.8,3683.4,4440.0,3288.1,4029.1,160,1,4028.3,2,1,4028.2,101,3,4028.1,70,2,4028.0,116,5,4029.2,7,1,4029.8,76,4,4029.9,24,1,4030.0,3815,25,4030.1,32,2
11483,2026-07-02 14:23:31+05:30,4029.2,20,4034.6,1702763,178235.0,168855.0,4100.0,4110.0,4012.0,4092.6,25763325,4501.8,3683.4,4440.0,3288.1,4029.2,346,1,4029.0,1,1,4028.6,2,1,4028.5,186,2,4028.2,65,3,4029.3,58,1,4029.8,7,2,4029.9,48,2,4030.0,3815,25,4030.1,27,1
11483,2026-07-02 14:23:31+05:30,4029.2,20,4034.6,1702763,178235.0,168855.0,4100.0,4110.0,4012.0,4092.6,25763325,4501.8,3683.4,4440.0,3288.1,4029.2,346,1,4029.0,1,1,4028.6,2,1,4028.5,186,2,4028.2,65,3,4029.3,58,1,4029.8,7,2,4029.9,48,2,4030.0,3815,25,4030.1,27,1
11483,2026-07-02 14:23:32+05:30,4029.2,20,4034.6,1702763,178235.0,168855.0,4100.0,4110.0,4012.0,4092.6,25784325,4501.8,3683.4,4440.0,3288.1,4029.2,346,1,4029.0,1,1,4028.6,2,1,4028.5,186,2,4028.2,65,3,4029.3,58,1,4029.8,7,2,4029.9,48,2,4030.0,3815,25,4030.1,27,1
11483,2026-07-02 14:23:32+05:30,4029.9,23,4034.6,1702763,178235.0,168855.0,4100.0,4110.0,4012.0,4092.6,25784325,4501.8,3683.4,4440.0,3288.1,4029.2,346,1,4029.0,1,1,4028.6,2,1,4028.5,186,2,4028.2,65,3,4029.3,58,1,4029.8,7,2,4029.9,48,2,4030.0,3815,25,4030.1,27,1
11483,2026-07-02 14:23:32+05:30,4029.9,23,4034.6,1702763,178235.0,168855.0,4100.0,4110.0,4012.0,4092.6,25784325,4501.8,3683.4,4440.0,3288.1,4029.2,346,1,4029.0,1,1,4028.6,2,1,4028.5,186,2,4028.2,65,3,4029.3,58,1,4029.8,7,2,4029.9,48,2,4030.0,3815,25,4030.1,27,1
11483,2026-07-02 14:23:32+05:30,4029.2,4,4034.6,1703011,178902.0,169157.0,4100.0,4110.0,4012.0,4092.6,25784325,4501.8,3683.4,4440.0,3288.1,4029.2,273,1,4029.0,1,1,4028.6,61,2,4028.5,186,2,4028.2,69,4,4030.0,3913,28,4030.2,34,3,4030.3,23,1,4030.4,43,2,4030.5,85,5
11483,2026-07-02 14:23:32+05:30,4029.2,4,4034.6,1703011,178902.0,169157.0,4100.0,4110.0,4012.0,4092.6,25784325,4501.8,3683.4,4440.0,3288.1,4029.2,273,1,4029.0,1,1,4028.6,61,2,4028.5,186,2,4028.2,69,4,4030.0,3913,28,4030.2,34,3,4030.3,23,1,4030.4,43,2,4030.5,85,5
11483,2026-07-02 14:23:33+05:30,4029.8,1,4034.6,1703011,178902.0,169157.0,4100.0,4110.0,4012.0,4092.6,25784325,4501.8,3683.4,4440.0,3288.1,4029.2,273,1,4029.0,1,1,4028.6,61,2,4028.5,186,2,4028.2,69,4,4030.0,3913,28,4030.2,34,3,4030.3,23,1,4030.4,43,2,4030.5,85,5
11483,2026-07-02 14:23:33+05:30,4029.8,1,4034.6,1703011,178902.0,169157.0,4100.0,4110.0,4012.0,4092.6,25784325,4501.8,3683.4,4440.0,3288.1,4029.2,273,1,4029.0,1,1,4028.6,61,2,4028.5,186,2,4028.2,69,4,4030.0,3913,28,4030.2,34,3,4030.3,23,1,4030.4,43,2,4030.5,85,5
11483,2026-07-02 14:23:33+05:30,4029.8,1,4034.59,1703147,178939.0,169841.0,4100.0,4110.0,4012.0,4092.6,25784325,4501.8,3683.4,4440.0,3288.1,4029.2,138,1,4029.0,176,2,4028.6,2,1,4028.5,186,2,4028.2,69,4,4029.9,12,2,4030.0,3874,27,4030.2,10,2,4030.3,23,1,4030.4,43,2
11483,2026-07-02 14:23:33+05:30,4029.8,1,4034.59,1703147,178939.0,169841.0,4100.0,4110.0,4012.0,4092.6,25784325,4501.8,3683.4,4440.0,3288.1,4029.2,138,1,4029.0,176,2,4028.6,2,1,4028.5,186,2,4028.2,69,4,4029.9,12,2,4030.0,3874,27,4030.2,10,2,4030.3,23,1,4030.4,43,2
11483,2026-07-02 14:23:34+05:30,4029.2,3,4034.59,1703147,178939.0,169841.0,4100.0,4110.0,4012.0,4092.6,25784325,4501.8,3683.4,4440.0,3288.1,4029.2,138,1,4029.0,176,2,4028.6,2,1,4028.5,186,2,4028.2,69,4,4029.9,12,2,4030.0,3874,27,4030.2,10,2,4030.3,23,1,4030.4,43,2
11483,2026-07-02 14:23:34+05:30,4029.2,3,4034.59,1703341,178847.0,169782.0,4100.0,4110.0,4012.0,4092.6,25784325,4501.8,3683.4,4440.0,3288.1,4029.2,119,1,4029.0,176,2,4028.6,2,1,4028.5,186,2,4028.2,69,4,4029.9,23,4,4030.0,3701,26,4030.2,82,4,4030.3,23,1,4030.4,43,2
11483,2026-07-02 14:23:35+05:30,4029.9,1,4034.59,1703341,178847.0,169782.0,4100.0,4110.0,4012.0,4092.6,25784325,4501.8,3683.4,4440.0,3288.1,4029.2,119,1,4029.0,176,2,4028.6,2,1,4028.5,186,2,4028.2,69,4,4029.9,23,4,4030.0,3701,26,4030.2,82,4,4030.3,23,1,4030.4,43,2
11483,2026-07-02 14:23:35+05:30,4029.9,1,4034.59,1703365,179119.0,169748.0,4100.0,4110.0,4012.0,4092.6,25784325,4501.8,3683.4,4440.0,3288.1,4029.6,81,1,4029.5,42,1,4029.4,42,1,4029.3,42,1,4029.2,96,1,4029.9,22,4,4030.0,3701,27,4030.2,82,4,4030.3,23,1,4030.4,43,2
11483,2026-07-02 14:23:36+05:30,4030.0,69,4034.59,1703365,179119.0,169748.0,4100.0,4110.0,4012.0,4092.6,25784325,4501.8,3683.4,4440.0,3288.1,4029.6,81,1,4029.5,42,1,4029.4,42,1,4029.3,42,1,4029.2,96,1,4029.9,22,4,4030.0,3701,27,4030.2,82,4,4030.3,23,1,4030.4,43,2
11483,2026-07-02 14:23:36+05:30,4030.0,69,4034.59,1703496,178216.0,169574.0,4100.0,4110.0,4012.0,4092.6,25784325,4501.8,3683.4,4440.0,3288.1,4029.5,42,1,4029.4,42,1,4029.3,92,2,4029.2,96,1,4029.1,42,1,4030.0,3638,28,4030.2,56,3,4030.3,23,1,4030.4,43,2,4030.5,85,5
11483,2026-07-02 14:23:37+05:30,4029.5,16,4034.59,1703496,178216.0,169574.0,4100.0,4110.0,4012.0,4092.6,25784325,4501.8,3683.4,4440.0,3288.1,4029.5,42,1,4029.4,42,1,4029.3,92,2,4029.2,96,1,4029.1,42,1,4030.0,3638,28,4030.2,56,3,4030.3,23,1,4030.4,43,2,4030.5,85,5
11483,2026-07-02 14:23:37+05:30,4029.8,25,4034.59,1703962,178142.0,168533.0,4100.0,4110.0,4012.0,4092.6,25784325,4501.8,3683.4,4440.0,3288.1,4029.8,53,1,4029.7,1,1,4029.6,44,2,4029.5,68,2,4029.3,92,2,4030.0,3429,22,4030.2,10,2,4030.5,26,2,4030.6,24,2,4030.7,41,2
11483,2026-07-02 14:23:38+05:30,4029.6,30,4034.59,1703962,178142.0,168533.0,4100.0,4110.0,4012.0,4092.6,25784325,4501.8,3683.4,4440.0,3288.1,4029.8,53,1,4029.7,1,1,4029.6,44,2,4029.5,68,2,4029.3,92,2,4030.0,3429,22,4030.2,10,2,4030.5,26,2,4030.6,24,2,4030.7,41,2
11483,2026-07-02 14:23:38+05:30,4029.5,19,4034.59,1704118,177387.0,169049.0,4100.0,4110.0,4012.0,4092.6,25784325,4501.8,3683.4,4440.0,3288.1,4029.5,65,2,4029.3,50,1,4029.2,96,1,4029.1,20,1,4029.0,14,4,4029.8,3,1,4029.9,124,2,4030.0,3413,22,4030.2,45,4,4030.4,14,1
11483,2026-07-02 14:23:39+05:30,4030.0,1,4034.59,1704118,177387.0,169049.0,4100.0,4110.0,4012.0,4092.6,25784325,4501.8,3683.4,4440.0,3288.1,4029.5,65,2,4029.3,50,1,4029.2,96,1,4029.1,20,1,4029.0,14,4,4029.8,3,1,4029.9,124,2,4030.0,3413,22,4030.2,45,4,4030.4,14,1
11483,2026-07-02 14:23:39+05:30,4029.8,2,4034.59,1704317,177463.0,168931.0,4100.0,4110.0,4012.0,4092.6,25784325,4501.8,3683.4,4440.0,3288.1,4029.8,40,1,4029.7,99,2,4029.5,4,1,4029.3,2,1,4029.2,138,2,4030.0,3364,22,4030.2,34,3,4030.4,14,1,4030.5,74,4,4030.6,22,1
11483,2026-07-02 14:23:40+05:30,4029.8,24,4034.59,1704317,177463.0,168931.0,4100.0,4110.0,4012.0,4092.6,25784325,4501.8,3683.4,4440.0,3288.1,4029.8,40,1,4029.7,99,2,4029.5,4,1,4029.3,2,1,4029.2,138,2,4030.0,3364,22,4030.2,34,3,4030.4,14,1,4030.5,74,4,4030.6,22,1
11483,2026-07-02 14:23:40+05:30,4030.0,2,4034.59,1704343,177430.0,168963.0,4100.0,4110.0,4012.0,4092.6,25784325,4501.8,3683.4,4440.0,3288.1,4029.8,58,2,4029.7,57,1,4029.5,46,2,4029.3,2,1,4029.2,96,1,4030.0,3439,27,4030.2,24,4,4030.3,8,1,4030.4,14,1,4030.5,72,3
11483,2026-07-02 14:23:41+05:30,4030.0,115,4034.59,1704343,177430.0,168963.0,4100.0,4110.0,4012.0,4092.6,25784325,4501.8,3683.4,4440.0,3288.1,4029.8,58,2,4029.7,57,1,4029.5,46,2,4029.3,2,1,4029.2,96,1,4030.0,3439,27,4030.2,24,4,4030.3,8,1,4030.4,14,1,4030.5,72,3
11483,2026-07-02 14:23:41+05:30,4029.8,3,4034.59,1704477,177598.0,168850.0,4100.0,4110.0,4012.0,4092.6,25784325,4501.8,3683.4,4440.0,3288.1,4029.8,39,1,4029.7,57,1,4029.5,46,2,4029.3,2,1,4029.2,96,1,4030.0,3326,28,4030.2,24,4,4030.3,8,1,4030.4,14,1,4030.5,74,4
11483,2026-07-02 14:23:42+05:30,4029.8,16,4034.59,1704477,177598.0,168850.0,4100.0,4110.0,4012.0,4092.6,25784325,4501.8,3683.4,4440.0,3288.1,4029.8,39,1,4029.7,57,1,4029.5,46,2,4029.3,2,1,4029.2,96,1,4030.0,3326,28,4030.2,24,4,4030.3,8,1,4030.4,14,1,4030.5,74,4
11483,2026-07-02 14:23:42+05:30,4029.8,6,4034.58,1708580,176872.0,165681.0,4100.0,4110.0,4012.0,4092.6,25784325,4501.8,3683.4,4440.0,3288.1,4029.3,50,4,4029.2,96,1,4029.1,33,2,4029.0,49,4,4028.9,16,1,4029.8,2,1,4030.0,100,1,4030.8,53,2,4030.9,183,3,4031.0,134,6
11483,2026-07-02 14:23:43+05:30,4029.3,175,4034.58,1708580,176872.0,165681.0,4100.0,4110.0,4012.0,4092.6,25784325,4501.8,3683.4,4440.0,3288.1,4029.3,50,4,4029.2,96,1,4029.1,33,2,4029.0,49,4,4028.9,16,1,4029.8,2,1,4030.0,100,1,4030.8,53,2,4030.9,183,3,4031.0,134,6
11483,2026-07-02 14:23:43+05:30,4029.3,175,4034.58,1708980,176281.0,165907.0,4100.0,4110.0,4012.0,4092.6,25784325,4501.8,3683.4,4440.0,3288.1,4029.2,96,1,4029.1,175,1,4029.0,13,3,4028.7,68,2,4028.6,113,4,4029.3,50,1,4029.7,25,1,4029.8,2,1,4029.9,1,1,4030.0,115,2
11483,2026-07-02 14:23:44+05:30,4029.2,48,4034.58,1708980,176281.0,165907.0,4100.0,4110.0,4012.0,4092.6,25784325,4501.8,3683.4,4440.0,3288.1,4029.2,96,1,4029.1,175,1,4029.0,13,3,4028.7,68,2,4028.6,113,4,4029.3,50,1,4029.7,25,1,4029.8,2,1,4029.9,1,1,4030.0,115,2
11483,2026-07-02 14:23:44+05:30,4029.3,41,4034.58,1709119,176149.0,165999.0,4100.0,4110.0,4012.0,4092.6,25784325,4501.8,3683.4,4440.0,3288.1,4029.2,48,1,4029.1,175,1,4029.0,13,3,4028.7,20,2,4028.6,63,3,4029.3,45,2,4029.4,42,1,4029.5,42,1,4029.7,25,1,4029.8,2,1
11483,2026-07-02 14:23:45+05:30,4029.2,16,4034.58,1709119,176149.0,165999.0,4100.0,4110.0,4012.0,4092.6,25784325,4501.8,3683.4,4440.0,3288.1,4029.2,48,1,4029.1,175,1,4029.0,13,3,4028.7,20,2,4028.6,63,3,4029.3,45,2,4029.4,42,1,4029.5,42,1,4029.7,25,1,4029.8,2,1
11483,2026-07-02 14:23:45+05:30,4029.2,16,4034.58,1709135,175796.0,166153.0,4100.0,4110.0,4012.0,4092.6,25784325,4501.8,3683.4,4440.0,3288.1,4029.2,32,1,4029.1,175,1,4029.0,13,3,4028.7,20,2,4028.6,43,2,4029.3,45,2,4029.4,42,1,4029.5,42,1,4029.6,42,1,4029.7,25,1
11483,2026-07-02 14:23:46+05:30,4030.0,19,4034.58,1709135,175796.0,166153.0,4100.0,4110.0,4012.0,4092.6,25784325,4501.8,3683.4,4440.0,3288.1,4029.2,32,1,4029.1,175,1,4029.0,13,3,4028.7,20,2,4028.6,43,2,4029.3,45,2,4029.4,42,1,4029.5,42,1,4029.6,42,1,4029.7,25,1
11483,2026-07-02 14:23:46+05:30,4029.6,6,4034.57,1710753,175576.0,166758.0,4100.0,4110.0,4012.0,4092.6,25784325,4501.8,3683.4,4440.0,3288.1,4029.3,273,4,4029.2,41,2,4029.1,58,1,4029.0,223,6,4028.9,66,2,4030.0,856,3,4030.7,17,2,4030.8,79,3,4030.9,164,2,4031.0,134,6
11483,2026-07-02 14:23:47+05:30,4030.0,120,4034.57,1710753,175576.0,166758.0,4100.0,4110.0,4012.0,4092.6,25784325,4501.8,3683.4,4440.0,3288.1,4029.3,273,4,4029.2,41,2,4029.1,58,1,4029.0,223,6,4028.9,66,2,4030.0,856,3,4030.7,17,2,4030.8,79,3,4030.9,164,2,4031.0,134,6
11483,2026-07-02 14:23:47+05:30,4030.0,19,4034.57,1711181,174823.0,166840.0,4100.0,4110.0,4012.0,4092.6,25784325,4501.8,3683.4,4440.0,3288.1,4029.8,1,1,4029.3,58,3,4029.2,41,2,4029.1,12,1,4029.0,202,5,4029.9,81,1,4030.0,740,4,4030.1,42,1,4030.2,42,1,4030.4,42,1
11483,2026-07-02 14:23:48+05:30,4029.0,13,4034.57,1711181,174823.0,166840.0,4100.0,4110.0,4012.0,4092.6,25784325,4501.8,3683.4,4440.0,3288.1,4029.8,1,1,4029.3,58,3,4029.2,41,2,4029.1,12,1,4029.0,202,5,4029.9,81,1,4030.0,740,4,4030.1,42,1,4030.2,42,1,4030.4,42,1
11483,2026-07-02 14:23:49+05:30,4029.5,38,4034.57,1711472,175139.0,167686.0,4100.0,4110.0,4012.0,4092.6,25784325,4501.8,3683.4,4440.0,3288.1,4029.4,20,1,4029.3,174,1,4029.1,50,1,4029.0,319,4,4028.8,10,2,4029.5,4,1,4029.6,192,2,4029.7,42,1,4029.8,6,1,4029.9,42,1
11483,2026-07-02 14:23:49+05:30,4029.4,20,4034.57,1711472,175139.0,167686.0,4100.0,4110.0,4012.0,4092.6,25784325,4501.8,3683.4,4440.0,3288.1,4029.4,20,1,4029.3,174,1,4029.1,50,1,4029.0,319,4,4028.8,10,2,4029.5,4,1,4029.6,192,2,4029.7,42,1,4029.8,6,1,4029.9,42,1
11483,2026-07-02 14:23:50+05:30,4029.5,9,4034.57,1711556,175181.0,167764.0,4100.0,4110.0,4012.0,4092.6,25784325,4501.8,3683.4,4440.0,3288.1,4029.5,37,2,4029.4,2,2,4029.3,184,2,4029.2,3,1,4029.1,71,2,4029.6,150,1,4029.7,42,1,4029.8,49,3,4029.9,20,1,4030.0,741,5
11483,2026-07-02 14:23:50+05:30,4029.5,10,4034.57,1711556,175181.0,167764.0,4100.0,4110.0,4012.0,4092.6,25784325,4501.8,3683.4,4440.0,3288.1,4029.5,37,2,4029.4,2,2,4029.3,184,2,4029.2,3,1,4029.1,71,2,4029.6,150,1,4029.7,42,1,4029.8,49,3,4029.9,20,1,4030.0,741,5
11483,2026-07-02 14:23:51+05:30,4029.5,5,4034.57,1711571,175581.0,167897.0,4100.0,4110.0,4012.0,4092.6,25784325,4501.8,3683.4,4440.0,3288.1,4029.5,22,1,4029.4,1,1,4029.3,184,2,4029.2,3,1,4029.1,283,3,4029.6,150,1,4029.7,42,1,4029.8,49,3,4029.9,62,2,4030.0,699,4
11483,2026-07-02 14:23:51+05:30,4029.6,127,4034.57,1711571,175581.0,167897.0,4100.0,4110.0,4012.0,4092.6,25784325,4501.8,3683.4,4440.0,3288.1,4029.5,22,1,4029.4,1,1,4029.3,184,2,4029.2,3,1,4029.1,283,3,4029.6,150,1,4029.7,42,1,4029.8,49,3,4029.9,62,2,4030.0,699,4
11483,2026-07-02 14:23:52+05:30,4029.5,20,4034.57,1711721,175040.0,167727.0,4100.0,4110.0,4012.0,4092.6,25784325,4501.8,3683.4,4440.0,3288.1,4029.4,1,1,4029.3,184,2,4029.2,3,1,4029.1,283,3,4029.0,504,6,4029.5,13,1,4029.6,22,1,4029.7,42,1,4029.8,49,3,4029.9,62,2
11483,2026-07-02 14:23:52+05:30,4029.6,7,4034.57,1711721,175040.0,167727.0,4100.0,4110.0,4012.0,4092.6,25784325,4501.8,3683.4,4440.0,3288.1,4029.4,1,1,4029.3,184,2,4029.2,3,1,4029.1,283,3,4029.0,504,6,4029.5,13,1,4029.6,22,1,4029.7,42,1,4029.8,49,3,4029.9,62,2
11483,2026-07-02 14:23:53+05:30,4029.6,13,4034.57,1711831,174873.0,167739.0,4100.0,4110.0,4012.0,4092.6,25784325,4501.8,3683.4,4440.0,3288.1,4029.6,160,2,4029.3,171,2,4029.1,225,2,4029.0,498,5,4028.8,10,2,4029.7,40,1,4029.8,8,3,4029.9,20,1,4030.0,755,7,4030.2,52,2
11483,2026-07-02 14:23:53+05:30,4029.6,13,4034.57,1711831,174873.0,167739.0,4100.0,4110.0,4012.0,4092.6,25784325,4501.8,3683.4,4440.0,3288.1,4029.6,160,2,4029.3,171,2,4029.1,225,2,4029.0,498,5,4028.8,10,2,4029.7,40,1,4029.8,8,3,4029.9,20,1,4030.0,755,7,4030.2,52,2
11483,2026-07-02 14:23:54+05:30,4029.7,1,4034.57,1711845,175005.0,168213.0,4100.0,4110.0,4012.0,4092.6,25784325,4501.8,3683.4,4440.0,3288.1,4029.6,147,2,4029.3,177,3,4029.1,233,3,4029.0,498,5,4028.8,10,2,4029.7,39,1,4029.8,50,4,4029.9,20,1,4030.0,1085,9,4030.2,52,2
11483,2026-07-02 14:23:54+05:30,4029.6,2,4034.57,1711845,175005.0,168213.0,4100.0,4110.0,4012.0,4092.6,25784325,4501.8,3683.4,4440.0,3288.1,4029.6,147,2,4029.3,177,3,4029.1,233,3,4029.0,498,5,4028.8,10,2,4029.7,39,1,4029.8,50,4,4029.9,20,1,4030.0,1085,9,4030.2,52,2
11483,2026-07-02 14:23:55+05:30,4030.0,10,4034.57,1711845,175005.0,168213.0,4100.0,4110.0,4012.0,4092.6,25784325,4501.8,3683.4,4440.0,3288.1,4029.6,147,2,4029.3,177,3,4029.1,233,3,4029.0,498,5,4028.8,10,2,4029.7,39,1,4029.8,50,4,4029.9,20,1,4030.0,1085,9,4030.2,52,2
11483,2026-07-02 14:23:55+05:30,4030.0,10,4034.57,1711976,174817.0,168084.0,4100.0,4110.0,4012.0,4092.6,25784325,4501.8,3683.4,4440.0,3288.1,4029.6,139,2,4029.5,7,1,4029.3,181,3,4029.1,233,3,4029.0,508,6,4030.0,1145,11,4030.2,42,1,4030.4,14,1,4030.5,83,3,4030.6,17,1
11483,2026-07-02 14:23:56+05:30,4030.0,100,4034.57,1711976,174817.0,168084.0,4100.0,4110.0,4012.0,4092.6,25784325,4501.8,3683.4,4440.0,3288.1,4029.6,139,2,4029.5,7,1,4029.3,181,3,4029.1,233,3,4029.0,508,6,4030.0,1145,11,4030.2,42,1,4030.4,14,1,4030.5,83,3,4030.6,17,1
11483,2026-07-02 14:23:56+05:30,4030.0,100,4034.57,1712092,174856.0,168477.0,4100.0,4110.0,4012.0,4092.6,25784325,4501.8,3683.4,4440.0,3288.1,4029.6,123,2,4029.5,175,1,4029.3,171,2,4029.1,233,3,4029.0,333,5,4029.9,10,1,4030.0,1004,11,4030.4,14,1,4030.5,107,4,4030.6,19,2
11483,2026-07-02 14:23:57+05:30,4029.9,1,4034.57,1712112,174999.0,168405.0,4100.0,4110.0,4012.0,4092.6,25784325,4501.8,3683.4,4440.0,3288.1,4029.7,1,1,4029.6,130,3,4029.5,175,1,4029.3,201,3,4029.2,2,1,4029.9,5,2,4030.0,1014,12,4030.4,14,1,4030.5,45,3,4030.6,17,1
11483,2026-07-02 14:23:57+05:30,4029.7,2,4034.57,1712112,174999.0,168405.0,4100.0,4110.0,4012.0,4092.6,25784325,4501.8,3683.4,4440.0,3288.1,4029.7,1,1,4029.6,130,3,4029.5,175,1,4029.3,201,3,4029.2,2,1,4029.9,5,2,4030.0,1014,12,4030.4,14,1,4030.5,45,3,4030.6,17,1
11483,2026-07-02 14:23:58+05:30,4029.7,6,4034.57,1712112,174999.0,168405.0,4100.0,4110.0,4012.0,4092.6,25784325,4501.8,3683.4,4440.0,3288.1,4029.7,1,1,4029.6,130,3,4029.5,175,1,4029.3,201,3,4029.2,2,1,4029.9,5,2,4030.0,1014,12,4030.4,14,1,4030.5,45,3,4030.6,17,1
11483,2026-07-02 14:23:58+05:30,4029.7,6,4034.57,1712251,174810.0,168475.0,4100.0,4110.0,4012.0,4092.6,25784325,4501.8,3683.4,4440.0,3288.1,4029.6,228,1,4029.5,175,1,4029.3,201,3,4029.1,225,2,4029.0,508,6,4029.7,69,5,4029.9,29,5,4030.0,1014,12,4030.2,24,1,4030.4,76,2
11483,2026-07-02 14:23:59+05:30,4030.0,226,4034.57,1712251,174810.0,168475.0,4100.0,4110.0,4012.0,4092.6,25784325,4501.8,3683.4,4440.0,3288.1,4029.6,228,1,4029.5,175,1,4029.3,201,3,4029.1,225,2,4029.0,508,6,4029.7,69,5,4029.9,29,5,4030.0,1014,12,4030.2,24,1,4030.4,76,2
11483,2026-07-02 14:23:59+05:30,4030.0,226,4034.57,1712593,175582.0,167557.0,4100.0,4110.0,4012.0,4092.6,25784325,4501.8,3683.4,4440.0,3288.1,4029.6,205,1,4029.5,175,1,4029.3,201,3,4029.1,225,2,4029.0,508,6,4029.7,2,1,4030.0,865,16,4030.1,9,1,4030.2,22,2,4030.4,94,4
11483,2026-07-02 14:24:00+05:30,4030.0,1,4034.57,1712593,175582.0,167557.0,4100.0,4110.0,4012.0,4092.6,25784325,4501.8,3683.4,4440.0,3288.1,4029.6,205,1,4029.5,175,1,4029.3,201,3,4029.1,225,2,4029.0,508,6,4029.7,2,1,4030.0,865,16,4030.1,9,1,4030.2,22,2,4030.4,94,4
11483,2026-07-02 14:24:00+05:30,4030.0,1,4034.57,1712797,175477.0,167386.0,4100.0,4110.0,4012.0,4092.6,25784325,4501.8,3683.4,4440.0,3288.1,4029.7,20,1,4029.6,164,1,4029.5,175,1,4029.3,201,3,4029.2,2,1,4030.0,906,18,4030.1,9,1,4030.2,22,2,4030.4,94,4,4030.5,45,3
11483,2026-07-02 14:24:01+05:30,4030.0,4,4034.57,1712797,175477.0,167386.0,4100.0,4110.0,4012.0,4092.6,25784325,4501.8,3683.4,4440.0,3288.1,4029.7,20,1,4029.6,164,1,4029.5,175,1,4029.3,201,3,4029.2,2,1,4030.0,906,18,4030.1,9,1,4030.2,22,2,4030.4,94,4,4030.5,45,3
11483,2026-07-02 14:24:01+05:30,4030.0,1,4034.57,1712865,174724.0,167439.0,4100.0,4110.0,4012.0,4092.6,25784325,4501.8,3683.4,4440.0,3288.1,4029.7,5,1,4029.6,164,1,4029.5,175,1,4029.3,201,3,4029.2,2,1,4030.0,874,16,4030.1,67,2,4030.2,46,3,4030.4,30,2,4030.5,47,4
11483,2026-07-02 14:24:02+05:30,4030.0,10,4034.57,1712865,174724.0,167439.0,4100.0,4110.0,4012.0,4092.6,25784325,4501.8,3683.4,4440.0,3288.1,4029.7,5,1,4029.6,164,1,4029.5,175,1,4029.3,201,3,4029.2,2,1,4030.0,874,16,4030.1,67,2,4030.2,46,3,4030.4,30,2,4030.5,47,4
11483,2026-07-02 14:24:02+05:30,4030.0,10,4034.57,1713010,174783.0,167953.0,4100.0,4110.0,4012.0,4092.6,25784325,4501.8,3683.4,4440.0,3288.1,4029.6,164,1,4029.5,175,1,4029.3,201,3,4029.1,225,2,4029.0,349,6,4030.0,908,19,4030.1,67,2,4030.2,22,2,4030.4,30,2,4030.5,113,5
11483,2026-07-02 14:24:03+05:30,4029.6,50,4034.57,1713010,174783.0,167953.0,4100.0,4110.0,4012.0,4092.6,25784325,4501.8,3683.4,4440.0,3288.1,4029.6,164,1,4029.5,175,1,4029.3,201,3,4029.1,225,2,4029.0,349,6,4030.0,908,19,4030.1,67,2,4030.2,22,2,4030.4,30,2,4030.5,113,5
11483,2026-07-02 14:24:03+05:30,4029.6,50,4034.57,1713282,174601.0,167980.0,4100.0,4110.0,4012.0,4092.6,25784325,4501.8,3683.4,4440.0,3288.1,4029.6,67,1,4029.3,201,3,4029.1,400,3,4029.0,349,6,4028.6,50,2,4029.9,27,1,4030.0,859,15,4030.1,67,2,4030.2,22,2,4030.4,98,4
11483,2026-07-02 14:24:04+05:30,4030.0,28,4034.57,1713282,174601.0,167980.0,4100.0,4110.0,4012.0,4092.6,25784325,4501.8,3683.4,4440.0,3288.1,4029.6,67,1,4029.3,201,3,4029.1,400,3,4029.0,349,6,4028.6,50,2,4029.9,27,1,4030.0,859,15,4030.1,67,2,4030.2,22,2,4030.4,98,4
11483,2026-07-02 14:24:04+05:30,4030.0,2,4034.57,1713520,174607.0,167957.0,4100.0,4110.0,4012.0,4092.6,25784325,4501.8,3683.4,4440.0,3288.1,4029.6,34,1,4029.3,201,3,4029.1,400,3,4029.0,349,6,4028.6,88,3,4030.0,768,16,4030.1,130,3,4030.2,22,2,4030.4,32,3,4030.5,45,3
11483,2026-07-02 14:24:05+05:30,4029.6,28,4034.57,1713520,174607.0,167957.0,4100.0,4110.0,4012.0,4092.6,25784325,4501.8,3683.4,4440.0,3288.1,4029.6,34,1,4029.3,201,3,4029.1,400,3,4029.0,349,6,4028.6,88,3,4030.0,768,16,4030.1,130,3,4030.2,22,2,4030.4,32,3,4030.5,45,3
11483,2026-07-02 14:24:05+05:30,4029.6,28,4034.57,1713548,174677.0,168006.0,4100.0,4110.0,4012.0,4092.6,25784325,4501.8,3683.4,4440.0,3288.1,4029.6,6,1,4029.3,201,3,4029.1,400,3,4029.0,349,6,4028.6,88,3,4030.0,783,17,4030.1,130,3,4030.2,22,2,4030.4,32,3,4030.5,45,3
11483,2026-07-02 14:24:06+05:30,4030.0,17,4034.57,1713548,174677.0,168006.0,4100.0,4110.0,4012.0,4092.6,25784325,4501.8,3683.4,4440.0,3288.1,4029.6,6,1,4029.3,201,3,4029.1,400,3,4029.0,349,6,4028.6,88,3,4030.0,783,17,4030.1,130,3,4030.2,22,2,4030.4,32,3,4030.5,45,3
11483,2026-07-02 14:24:06+05:30,4030.0,1,4034.57,1713831,174501.0,167749.0,4100.0,4110.0,4012.0,4092.6,25784325,4501.8,3683.4,4440.0,3288.1,4029.7,42,1,4029.6,2,1,4029.3,201,3,4029.2,2,1,4029.1,225,2,4030.0,762,18,4030.1,9,1,4030.2,22,2,4030.4,32,3,4030.5,45,3
11483,2026-07-02 14:24:07+05:30,4030.0,10,4034.57,1713831,174501.0,167749.0,4100.0,4110.0,4012.0,4092.6,25784325,4501.8,3683.4,4440.0,3288.1,4029.7,42,1,4029.6,2,1,4029.3,201,3,4029.2,2,1,4029.1,225,2,4030.0,762,18,4030.1,9,1,4030.2,22,2,4030.4,32,3,4030.5,45,3
11483,2026-07-02 14:24:07+05:30,4030.0,1,4034.57,1713876,174473.0,167727.0,4100.0,4110.0,4012.0,4092.6,25784325,4501.8,3683.4,4440.0,3288.1,4029.8,1,1,4029.7,8,1,4029.6,2,1,4029.3,201,3,4029.2,2,1,4030.0,777,19,4030.1,9,1,4030.2,22,2,4030.4,32,3,4030.5,45,3
11483,2026-07-02 14:24:08+05:30,4029.8,1,4034.57,1713876,174473.0,167727.0,4100.0,4110.0,4012.0,4092.6,25784325,4501.8,3683.4,4440.0,3288.1,4029.8,1,1,4029.7,8,1,4029.6,2,1,4029.3,201,3,4029.2,2,1,4030.0,777,19,4030.1,9,1,4030.2,22,2,4030.4,32,3,4030.5,45,3
11483,2026-07-02 14:24:08+05:30,4029.8,1,4034.57,1713877,174499.0,167963.0,4100.0,4110.0,4012.0,4092.6,25784325,4501.8,3683.4,4440.0,3288.1,4029.7,8,1,4029.6,2,1,4029.3,201,3,4029.2,29,2,4029.1,225,2,4029.8,1,1,4030.0,777,19,4030.1,9,1,4030.2,22,2,4030.4,32,3
11483,2026-07-02 14:24:09+05:30,4029.9,2,4034.57,1713877,174499.0,167963.0,4100.0,4110.0,4012.0,4092.6,25784325,4501.8,3683.4,4440.0,3288.1,4029.7,8,1,4029.6,2,1,4029.3,201,3,4029.2,29,2,4029.1,225,2,4029.8,1,1,4030.0,777,19,4030.1,9,1,4030.2,22,2,4030.4,32,3
11483,2026-07-02 14:24:09+05:30,4029.6,2,4034.57,1713899,175082.0,167960.0,4100.0,4110.0,4012.0,4092.6,25784325,4501.8,3683.4,4440.0,3288.1,4029.6,214,1,4029.3,201,3,4029.2,27,1,4029.1,225,2,4029.0,349,6,4029.9,38,1,4030.0,772,20,4030.1,9,1,4030.2,22,2,4030.4,32,3
11483,2026-07-02 14:24:10+05:30,4029.6,3,4034.57,1713899,175082.0,167960.0,4100.0,4110.0,4012.0,4092.6,25784325,4501.8,3683.4,4440.0,3288.1,4029.6,214,1,4029.3,201,3,4029.2,27,1,4029.1,225,2,4029.0,349,6,4029.9,38,1,4030.0,772,20,4030.1,9,1,4030.2,22,2,4030.4,32,3
11483,2026-07-02 14:24:10+05:30,4029.8,13,4034.57,1713915,175290.0,167719.0,4100.0,4110.0,4012.0,4092.6,25784325,4501.8,3683.4,4440.0,3288.1,4029.8,287,1,4029.6,211,1,4029.3,201,3,4029.2,27,1,4029.1,225,2,4029.9,38,1,4030.0,746,19,4030.2,22,2,4030.4,32,3,4030.5,45,3
11483,2026-07-02 14:24:11+05:30,4029.9,10,4034.57,1713915,175290.0,167719.0,4100.0,4110.0,4012.0,4092.6,25784325,4501.8,3683.4,4440.0,3288.1,4029.8,287,1,4029.6,211,1,4029.3,201,3,4029.2,27,1,4029.1,225,2,4029.9,38,1,4030.0,746,19,4030.2,22,2,4030.4,32,3,4030.5,45,3
11483,2026-07-02 14:24:11+05:30,4029.9,10,4034.57,1713927,175353.0,167704.0,4100.0,4110.0,4012.0,4092.6,25784325,4501.8,3683.4,4440.0,3288.1,4029.8,285,1,4029.6,211,1,4029.3,191,2,4029.2,27,1,4029.1,225,2,4029.9,28,1,4030.0,746,19,4030.2,22,2,4030.4,56,4,4030.5,21,2
11483,2026-07-02 14:24:12+05:30,4030.0,5,4034.57,1713927,175353.0,167704.0,4100.0,4110.0,4012.0,4092.6,25784325,4501.8,3683.4,4440.0,3288.1,4029.8,285,1,4029.6,211,1,4029.3,191,2,4029.2,27,1,4029.1,225,2,4029.9,28,1,4030.0,746,19,4030.2,22,2,4030.4,56,4,4030.5,21,2
11483,2026-07-02 14:24:12+05:30,4030.0,25,4034.56,1714134,175207.0,167842.0,4100.0,4110.0,4012.0,4092.6,25784325,4501.8,3683.4,4440.0,3288.1,4029.8,284,1,4029.6,211,1,4029.3,191,2,4029.2,27,1,4029.1,50,1,4030.0,625,15,4030.2,22,2,4030.4,32,3,4030.5,45,3,4030.6,37,2
11483,2026-07-02 14:24:13+05:30,4029.8,25,4034.56,1714134,175207.0,167842.0,4100.0,4110.0,4012.0,4092.6,25784325,4501.8,3683.4,4440.0,3288.1,4029.8,284,1,4029.6,211,1,4029.3,191,2,4029.2,27,1,4029.1,50,1,4030.0,625,15,4030.2,22,2,4030.4,32,3,4030.5,45,3,4030.6,37,2
11483,2026-07-02 14:24:13+05:30,4030.0,65,4034.56,1714279,175124.0,167852.0,4100.0,4110.0,4012.0,4092.6,25784325,4501.8,3683.4,4440.0,3288.1,4029.8,205,1,4029.6,211,1,4029.3,191,2,4029.2,27,1,4029.1,50,1,4030.0,560,15,4030.1,5,1,4030.2,22,2,4030.4,32,3,4030.5,45,3
11483,2026-07-02 14:24:14+05:30,4029.8,17,4034.56,1714279,175124.0,167852.0,4100.0,4110.0,4012.0,4092.6,25784325,4501.8,3683.4,4440.0,3288.1,4029.8,205,1,4029.6,211,1,4029.3,191,2,4029.2,27,1,4029.1,50,1,4030.0,560,15,4030.1,5,1,4030.2,22,2,4030.4,32,3,4030.5,45,3
11483,2026-07-02 14:24:14+05:30,4030.0,7,4034.56,1714303,175115.0,167557.0,4100.0,4110.0,4012.0,4092.6,25784325,4501.8,3683.4,4440.0,3288.1,4029.8,188,1,4029.6,211,1,4029.3,191,2,4029.2,27,1,4029.1,50,1,4030.0,529,14,4030.2,12,1,4030.4,32,3,4030.5,45,3,4030.6,37,2
11483,2026-07-02 14:24:15+05:30,4029.8,3,4034.56,1714303,175115.0,167557.0,4100.0,4110.0,4012.0,4092.6,25784325,4501.8,3683.4,4440.0,3288.1,4029.8,188,1,4029.6,211,1,4029.3,191,2,4029.2,27,1,4029.1,50,1,4030.0,529,14,4030.2,12,1,4030.4,32,3,4030.5,45,3,4030.6,37,2
11483,2026-07-02 14:24:15+05:30,4029.8,10,4034.56,1714316,175058.0,167650.0,4100.0,4110.0,4012.0,4092.6,25784325,4501.8,3683.4,4440.0,3288.1,4029.8,175,1,4029.6,211,1,4029.3,191,2,4029.2,27,1,4029.1,50,1,4030.0,590,17,4030.2,12,1,4030.4,32,3,4030.5,45,3,4030.6,37,2
11483,2026-07-02 14:24:16+05:30,4030.0,3,4034.56,1714316,175058.0,167650.0,4100.0,4110.0,4012.0,4092.6,25784325,4501.8,3683.4,4440.0,3288.1,4029.8,175,1,4029.6,211,1,4029.3,191,2,4029.2,27,1,4029.1,50,1,4030.0,590,17,4030.2,12,1,4030.4,32,3,4030.5,45,3,4030.6,37,2
11483,2026-07-02 14:24:16+05:30,4030.0,3,4034.56,1714323,175124.0,168187.0,4100.0,4110.0,4012.0,4092.6,25784325,4501.8,3683.4,4440.0,3288.1,4029.8,173,1,4029.6,211,1,4029.3,191,2,4029.2,27,1,4029.1,50,1,4030.0,655,20,4030.1,58,1,4030.2,36,2,4030.4,30,2,4030.5,47,4
11483,2026-07-02 14:24:17+05:30,4029.8,1,4034.56,1714323,175124.0,168187.0,4100.0,4110.0,4012.0,4092.6,25784325,4501.8,3683.4,4440.0,3288.1,4029.8,173,1,4029.6,211,1,4029.3,191,2,4029.2,27,1,4029.1,50,1,4030.0,655,20,4030.1,58,1,4030.2,36,2,4030.4,30,2,4030.5,47,4
11483,2026-07-02 14:24:17+05:30,4029.8,1,4034.56,1714324,175115.0,168160.0,4100.0,4110.0,4012.0,4092.6,25784325,4501.8,3683.4,4440.0,3288.1,4029.9,1,1,4029.8,172,1,4029.6,211,1,4029.4,2,1,4029.3,191,2,4030.0,679,21,4030.1,58,1,4030.2,12,1,4030.4,30,2,4030.5,47,4
11483,2026-07-02 14:24:18+05:30,4029.9,1,4034.56,1714324,175115.0,168160.0,4100.0,4110.0,4012.0,4092.6,25784325,4501.8,3683.4,4440.0,3288.1,4029.9,1,1,4029.8,172,1,4029.6,211,1,4029.4,2,1,4029.3,191,2,4030.0,679,21,4030.1,58,1,4030.2,12,1,4030.4,30,2,4030.5,47,4
11483,2026-07-02 14:24:18+05:30,4029.9,1,4034.56,1714325,175145.0,168150.0,4100.0,4110.0,4012.0,4092.6,25784325,4501.8,3683.4,4440.0,3288.1,4029.9,1,1,4029.8,172,1,4029.6,211,1,4029.4,2,1,4029.3,191,2,4030.0,679,21,4030.1,58,1,4030.2,12,1,4030.4,30,2,4030.5,47,4
11483,2026-07-02 14:24:19+05:30,4029.9,1,4034.56,1714325,175152.0,168171.0,4100.0,4110.0,4012.0,4092.6,25784325,4501.8,3683.4,4440.0,3288.1,4029.9,1,1,4029.8,182,2,4029.6,211,1,4029.4,2,1,4029.3,191,2,4030.0,750,21,4030.1,58,1,4030.2,36,2,4030.4,30,2,4030.5,47,4
11483,2026-07-02 14:24:20+05:30,4029.9,1,4034.56,1714325,175152.0,168171.0,4100.0,4110.0,4012.0,4092.6,25784325,4501.8,3683.4,4440.0,3288.1,4029.9,1,1,4029.8,182,2,4029.6,211,1,4029.4,2,1,4029.3,191,2,4030.0,750,21,4030.1,58,1,4030.2,36,2,4030.4,30,2,4030.5,47,4
11483,2026-07-02 14:24:20+05:30,4029.9,40,4034.56,1714372,175338.0,168859.0,4100.0,4110.0,4012.0,4092.6,25784325,4501.8,3683.4,4440.0,3288.1,4029.8,182,2,4029.6,211,1,4029.3,191,2,4029.2,27,1,4029.1,50,1,4029.9,54,1,4030.0,751,22,4030.1,58,1,4030.2,12,1,4030.4,30,2
11483,2026-07-02 14:24:21+05:30,4030.0,29,4034.56,1714372,175338.0,168859.0,4100.0,4110.0,4012.0,4092.6,25784325,4501.8,3683.4,4440.0,3288.1,4029.8,182,2,4029.6,211,1,4029.3,191,2,4029.2,27,1,4029.1,50,1,4029.9,54,1,4030.0,751,22,4030.1,58,1,4030.2,12,1,4030.4,30,2
11483,2026-07-02 14:24:21+05:30,4030.0,14,4034.56,1714763,175499.0,168639.0,4100.0,4110.0,4012.0,4092.6,25784325,4501.8,3683.4,4440.0,3288.1,4029.8,118,2,4029.6,211,1,4029.3,191,2,4029.2,27,1,4029.1,50,1,4029.9,2,1,4030.0,588,17,4030.2,12,1,4030.4,54,3,4030.5,23,3
11483,2026-07-02 14:24:22+05:30,4029.8,47,4034.56,1714763,175499.0,168639.0,4100.0,4110.0,4012.0,4092.6,25784325,4501.8,3683.4,4440.0,3288.1,4029.8,118,2,4029.6,211,1,4029.3,191,2,4029.2,27,1,4029.1,50,1,4029.9,2,1,4030.0,588,17,4030.2,12,1,4030.4,54,3,4030.5,23,3
11483,2026-07-02 14:24:22+05:30,4030.0,1,4034.56,1714987,175717.0,168233.0,4100.0,4110.0,4012.0,4092.6,25784325,4501.8,3683.4,4440.0,3288.1,4029.8,70,2,4029.6,211,1,4029.3,191,2,4029.2,27,1,4029.1,50,1,4030.0,414,15,4030.1,24,1,4030.2,12,1,4030.4,30,2,4030.5,47,4
11483,2026-07-02 14:24:23+05:30,4030.0,459,4034.56,1714987,175717.0,168233.0,4100.0,4110.0,4012.0,4092.6,25784325,4501.8,3683.4,4440.0,3288.1,4029.8,70,2,4029.6,211,1,4029.3,191,2,4029.2,27,1,4029.1,50,1,4030.0,414,15,4030.1,24,1,4030.2,12,1,4030.4,30,2,4030.5,47,4
11483,2026-07-02 14:24:23+05:30,4030.0,57,4034.54,1724699,174995.0,167533.0,4100.0,4110.0,4012.0,4092.6,25784325,4501.8,3683.4,4440.0,3288.1,4029.9,76,6,4029.8,95,4,4029.7,106,4,4029.6,317,6,4029.5,101,3,4030.0,100,1,4031.8,135,4,4031.9,110,5,4032.0,370,9,4032.2,3,1
11483,2026-07-02 14:24:24+05:30,4029.9,22,4034.54,1724699,174995.0,167533.0,4100.0,4110.0,4012.0,4092.6,25784325,4501.8,3683.4,4440.0,3288.1,4029.9,76,6,4029.8,95,4,4029.7,106,4,4029.6,317,6,4029.5,101,3,4030.0,100,1,4031.8,135,4,4031.9,110,5,4032.0,370,9,4032.2,3,1
11483,2026-07-02 14:24:24+05:30,4029.9,175,4034.53,1725940,174809.0,168376.0,4100.0,4110.0,4012.0,4092.6,25784325,4501.8,3683.4,4440.0,3288.1,4029.7,26,3,4029.6,44,2,4029.5,7,1,4029.3,64,3,4029.2,34,3,4029.9,417,2,4030.0,100,1,4030.9,3,1,4031.0,41,2,4031.1,113,4
11483,2026-07-02 14:24:25+05:30,4029.2,6,4034.53,1725940,174809.0,168376.0,4100.0,4110.0,4012.0,4092.6,25784325,4501.8,3683.4,4440.0,3288.1,4029.7,26,3,4029.6,44,2,4029.5,7,1,4029.3,64,3,4029.2,34,3,4029.9,417,2,4030.0,100,1,4030.9,3,1,4031.0,41,2,4031.1,113,4
11483,2026-07-02 14:24:25+05:30,4029.2,6,4034.53,1726216,174485.0,168650.0,4100.0,4110.0,4012.0,4092.6,25784325,4501.8,3683.4,4440.0,3288.1,4029.2,69,6,4029.1,258,4,4029.0,185,6,4028.9,32,2,4028.8,70,3,4029.9,390,2,4030.0,160,2,4030.7,41,2,4030.8,24,2,4031.0,41,2
11483,2026-07-02 14:24:26+05:30,4029.2,5,4034.53,1726216,174485.0,168650.0,4100.0,4110.0,4012.0,4092.6,25784325,4501.8,3683.4,4440.0,3288.1,4029.2,69,6,4029.1,258,4,4029.0,185,6,4028.9,32,2,4028.8,70,3,4029.9,390,2,4030.0,160,2,4030.7,41,2,4030.8,24,2,4031.0,41,2
11483,2026-07-02 14:24:26+05:30,4029.9,50,4034.53,1726317,174480.0,169414.0,4100.0,4110.0,4012.0,4092.6,25784325,4501.8,3683.4,4440.0,3288.1,4029.2,39,3,4029.1,208,3,4029.0,209,7,4028.9,16,1,4028.7,44,2,4029.9,333,2,4030.0,172,4,4030.7,41,2,4030.8,24,2,4031.0,41,2
11483,2026-07-02 14:24:27+05:30,4029.2,11,4034.53,1726317,174480.0,169414.0,4100.0,4110.0,4012.0,4092.6,25784325,4501.8,3683.4,4440.0,3288.1,4029.2,39,3,4029.1,208,3,4029.0,209,7,4028.9,16,1,4028.7,44,2,4029.9,333,2,4030.0,172,4,4030.7,41,2,4030.8,24,2,4031.0,41,2
11483,2026-07-02 14:24:27+05:30,4029.9,1,4034.53,1726330,174445.0,169477.0,4100.0,4110.0,4012.0,4092.6,25784325,4501.8,3683.4,4440.0,3288.1,4029.5,1,1,4029.2,27,1,4029.1,208,3,4029.0,185,6,4028.9,16,1,4029.9,332,2,4030.0,172,4,4030.1,100,1,4030.6,3,1,4030.7,40,2
11483,2026-07-02 14:24:27+05:30,4029.9,1,4034.53,1726330,174445.0,169477.0,4100.0,4110.0,4012.0,4092.6,25784325,4501.8,3683.4,4440.0,3288.1,4029.5,1,1,4029.2,27,1,4029.1,208,3,4029.0,185,6,4028.9,16,1,4029.9,332,2,4030.0,172,4,4030.1,100,1,4030.6,3,1,4030.7,40,2
11483,2026-07-02 14:24:28+05:30,4029.5,2,4034.53,1726330,174445.0,169477.0,4100.0,4110.0,4012.0,4092.6,25784325,4501.8,3683.4,4440.0,3288.1,4029.5,1,1,4029.2,27,1,4029.1,208,3,4029.0,185,6,4028.9,16,1,4029.9,332,2,4030.0,172,4,4030.1,100,1,4030.6,3,1,4030.7,40,2
11483,2026-07-02 14:24:28+05:30,4029.5,2,4034.53,1726330,174445.0,169477.0,4100.0,4110.0,4012.0,4092.6,25784325,4501.8,3683.4,4440.0,3288.1,4029.5,1,1,4029.2,27,1,4029.1,208,3,4029.0,185,6,4028.9,16,1,4029.9,332,2,4030.0,172,4,4030.1,100,1,4030.6,3,1,4030.7,40,2
11483,2026-07-02 14:24:29+05:30,4029.9,6,4034.53,1726370,174487.0,169455.0,4100.0,4110.0,4012.0,4092.6,25784325,4501.8,3683.4,4440.0,3288.1,4029.2,27,1,4029.1,195,2,4029.0,175,5,4028.9,16,1,4028.7,20,1,4029.9,339,4,4030.0,179,6,4030.1,120,2,4030.6,5,2,4030.7,40,2
11483,2026-07-02 14:24:29+05:30,4029.2,5,4034.53,1726370,174487.0,169455.0,4100.0,4110.0,4012.0,4092.6,25784325,4501.8,3683.4,4440.0,3288.1,4029.2,27,1,4029.1,195,2,4029.0,175,5,4028.9,16,1,4028.7,20,1,4029.9,339,4,4030.0,179,6,4030.1,120,2,4030.6,5,2,4030.7,40,2
11483,2026-07-02 14:24:29+05:30,4029.2,5,4034.53,1726370,174487.0,169455.0,4100.0,4110.0,4012.0,4092.6,25784325,4501.8,3683.4,4440.0,3288.1,4029.2,27,1,4029.1,195,2,4029.0,175,5,4028.9,16,1,4028.7,20,1,4029.9,339,4,4030.0,179,6,4030.1,120,2,4030.6,5,2,4030.7,40,2
11483,2026-07-02 14:24:30+05:30,4029.9,1,4034.53,1726370,174487.0,169455.0,4100.0,4110.0,4012.0,4092.6,25784325,4501.8,3683.4,4440.0,3288.1,4029.2,27,1,4029.1,195,2,4029.0,175,5,4028.9,16,1,4028.7,20,1,4029.9,339,4,4030.0,179,6,4030.1,120,2,4030.6,5,2,4030.7,40,2
11483,2026-07-02 14:24:30+05:30,4029.9,1,4034.53,1726376,174938.0,169547.0,4100.0,4110.0,4012.0,4092.6,25784325,4501.8,3683.4,4440.0,3288.1,4029.2,389,5,4029.1,208,3,4029.0,175,5,4028.9,16,1,4028.8,24,1,4029.9,322,3,4030.0,179,6,4030.1,120,2,4030.6,2,1,4030.7,43,3
11483,2026-07-02 14:24:30+05:30,4029.9,1,4034.53,1726376,174938.0,169547.0,4100.0,4110.0,4012.0,4092.6,25784325,4501.8,3683.4,4440.0,3288.1,4029.2,389,5,4029.1,208,3,4029.0,175,5,4028.9,16,1,4028.8,24,1,4029.9,322,3,4030.0,179,6,4030.1,120,2,4030.6,2,1,4030.7,43,3
11483,2026-07-02 14:24:31+05:30,4029.2,79,4034.53,1726532,174798.0,169608.0,4100.0,4110.0,4012.0,4092.6,25784325,4501.8,3683.4,4440.0,3288.1,4029.2,316,6,4029.1,208,3,4029.0,185,6,4028.9,16,1,4028.8,24,1,4029.9,267,3,4030.0,237,7,4030.1,120,2,4030.6,5,2,4030.7,40,2
11483,2026-07-02 14:24:31+05:30,4029.2,19,4034.53,1726532,174798.0,169608.0,4100.0,4110.0,4012.0,4092.6,25784325,4501.8,3683.4,4440.0,3288.1,4029.2,316,6,4029.1,208,3,4029.0,185,6,4028.9,16,1,4028.8,24,1,4029.9,267,3,4030.0,237,7,4030.1,120,2,4030.6,5,2,4030.7,40,2
11483,2026-07-02 14:24:31+05:30,4029.2,19,4034.53,1726532,174798.0,169608.0,4100.0,4110.0,4012.0,4092.6,25784325,4501.8,3683.4,4440.0,3288.1,4029.2,316,6,4029.1,208,3,4029.0,185,6,4028.9,16,1,4028.8,24,1,4029.9,267,3,4030.0,237,7,4030.1,120,2,4030.6,5,2,4030.7,40,2
11483,2026-07-02 14:24:32+05:30,4029.2,19,4034.53,1726532,174798.0,169608.0,4100.0,4110.0,4012.0,4092.6,25784325,4501.8,3683.4,4440.0,3288.1,4029.2,316,6,4029.1,208,3,4029.0,185,6,4028.9,16,1,4028.8,24,1,4029.9,267,3,4030.0,237,7,4030.1,120,2,4030.6,5,2,4030.7,40,2
11483,2026-07-02 14:24:32+05:30,4029.9,15,4034.53,1726532,174798.0,169608.0,4100.0,4110.0,4012.0,4092.6,25784325,4501.8,3683.4,4440.0,3288.1,4029.2,316,6,4029.1,208,3,4029.0,185,6,4028.9,16,1,4028.8,24,1,4029.9,267,3,4030.0,237,7,4030.1,120,2,4030.6,5,2,4030.7,40,2
11483,2026-07-02 14:24:32+05:30,4029.9,15,4034.53,1726566,174734.0,169471.0,4100.0,4110.0,4012.0,4092.6,25784325,4501.8,3683.4,4440.0,3288.1,4029.2,294,5,4029.1,208,3,4029.0,185,6,4028.9,16,1,4028.7,20,1,4029.9,252,3,4030.0,250,8,4030.1,120,2,4030.6,5,2,4030.7,40,2
11483,2026-07-02 14:24:32+05:30,4029.9,15,4034.53,1726566,174734.0,169471.0,4100.0,4110.0,4012.0,4092.6,25771725,4501.8,3683.4,4440.0,3288.1,4029.2,294,5,4029.1,208,3,4029.0,185,6,4028.9,16,1,4028.7,20,1,4029.9,252,3,4030.0,250,8,4030.1,120,2,4030.6,5,2,4030.7,40,2
11483,2026-07-02 14:24:33+05:30,4029.2,4,4034.53,1726566,174734.0,169471.0,4100.0,4110.0,4012.0,4092.6,25771725,4501.8,3683.4,4440.0,3288.1,4029.2,294,5,4029.1,208,3,4029.0,185,6,4028.9,16,1,4028.7,20,1,4029.9,252,3,4030.0,250,8,4030.1,120,2,4030.6,5,2,4030.7,40,2
11483,2026-07-02 14:24:33+05:30,4029.2,4,4034.53,1726570,174851.0,169628.0,4100.0,4110.0,4012.0,4092.6,25771725,4501.8,3683.4,4440.0,3288.1,4029.2,276,4,4029.1,208,3,4029.0,185,6,4028.9,16,1,4028.7,20,1,4029.5,5,1,4029.9,252,3,4030.0,270,9,4030.1,120,2,4030.2,17,1
11483,2026-07-02 14:24:33+05:30,4029.2,4,4034.53,1726570,174851.0,169628.0,4100.0,4110.0,4012.0,4092.6,25771725,4501.8,3683.4,4440.0,3288.1,4029.2,276,4,4029.1,208,3,4029.0,185,6,4028.9,16,1,4028.7,20,1,4029.5,5,1,4029.9,252,3,4030.0,270,9,4030.1,120,2,4030.2,17,1
11483,2026-07-02 14:24:34+05:30,4029.2,4,4034.53,1726570,174815.0,169753.0,4100.0,4110.0,4012.0,4092.6,25771725,4501.8,3683.4,4440.0,3288.1,4029.2,276,4,4029.1,208,3,4029.0,185,6,4028.9,16,1,4028.7,20,1,4029.5,26,3,4029.8,77,1,4029.9,291,4,4030.0,362,11,4030.1,120,2
11483,2026-07-02 14:24:34+05:30,4029.2,4,4034.53,1726570,174815.0,169753.0,4100.0,4110.0,4012.0,4092.6,25771725,4501.8,3683.4,4440.0,3288.1,4029.2,276,4,4029.1,208,3,4029.0,185,6,4028.9,16,1,4028.7,20,1,4029.5,26,3,4029.8,77,1,4029.9,291,4,4030.0,362,11,4030.1,120,2
11483,2026-07-02 14:24:35+05:30,4029.2,30,4034.53,1726570,174815.0,169753.0,4100.0,4110.0,4012.0,4092.6,25771725,4501.8,3683.4,4440.0,3288.1,4029.2,276,4,4029.1,208,3,4029.0,185,6,4028.9,16,1,4028.7,20,1,4029.5,26,3,4029.8,77,1,4029.9,291,4,4030.0,362,11,4030.1,120,2
11483,2026-07-02 14:24:35+05:30,4029.5,1,4034.53,1726935,175256.0,169663.0,4100.0,4110.0,4012.0,4092.6,25771725,4501.8,3683.4,4440.0,3288.1,4029.4,175,1,4029.3,175,1,4029.2,422,6,4029.1,20,1,4029.0,300,8,4029.5,64,2,4029.7,71,1,4029.9,212,3,4030.0,362,11,4030.1,120,2
11483,2026-07-02 14:24:36+05:30,4029.5,72,4034.53,1726935,175256.0,169663.0,4100.0,4110.0,4012.0,4092.6,25771725,4501.8,3683.4,4440.0,3288.1,4029.4,175,1,4029.3,175,1,4029.2,422,6,4029.1,20,1,4029.0,300,8,4029.5,64,2,4029.7,71,1,4029.9,212,3,4030.0,362,11,4030.1,120,2
11483,2026-07-02 14:24:36+05:30,4029.5,72,4034.53,1727175,175094.0,169596.0,4100.0,4110.0,4012.0,4092.6,25771725,4501.8,3683.4,4440.0,3288.1,4029.2,320,6,4029.1,20,1,4029.0,383,8,4028.6,20,1,4028.4,25,1,4029.5,64,2,4029.7,71,1,4029.9,212,3,4030.0,304,10,4030.1,134,3
11483,2026-07-02 14:24:37+05:30,4029.2,29,4034.53,1727175,175094.0,169596.0,4100.0,4110.0,4012.0,4092.6,25771725,4501.8,3683.4,4440.0,3288.1,4029.2,320,6,4029.1,20,1,4029.0,383,8,4028.6,20,1,4028.4,25,1,4029.5,64,2,4029.7,71,1,4029.9,212,3,4030.0,304,10,4030.1,134,3
11483,2026-07-02 14:24:37+05:30,4029.2,29,4034.53,1727204,175014.0,169685.0,4100.0,4110.0,4012.0,4092.6,25771725,4501.8,3683.4,4440.0,3288.1,4029.4,1,1,4029.2,291,6,4029.1,20,1,4029.0,383,8,4028.6,20,1,4029.5,99,3,4029.6,134,2,4029.7,23,2,4029.9,226,4,4030.0,207,8
11483,2026-07-02 14:24:38+05:30,4029.6,1,4034.53,1727204,175014.0,169685.0,4100.0,4110.0,4012.0,4092.6,25771725,4501.8,3683.4,4440.0,3288.1,4029.4,1,1,4029.2,291,6,4029.1,20,1,4029.0,383,8,4028.6,20,1,4029.5,99,3,4029.6,134,2,4029.7,23,2,4029.9,226,4,4030.0,207,8
11483,2026-07-02 14:24:38+05:30,4029.6,1,4034.53,1727381,175297.0,169753.0,4100.0,4110.0,4012.0,4092.6,25771725,4501.8,3683.4,4440.0,3288.1,4029.2,293,7,4029.1,20,1,4029.0,558,9,4028.6,20,1,4028.4,49,2,4029.6,133,2,4029.7,97,2,4029.9,212,3,4030.0,207,8,4030.1,120,2
11483,2026-07-02 14:24:39+05:30,4029.5,2,4034.53,1727381,175297.0,169753.0,4100.0,4110.0,4012.0,4092.6,25771725,4501.8,3683.4,4440.0,3288.1,4029.2,293,7,4029.1,20,1,4029.0,558,9,4028.6,20,1,4028.4,49,2,4029.6,133,2,4029.7,97,2,4029.9,212,3,4030.0,207,8,4030.1,120,2
11483,2026-07-02 14:24:39+05:30,4029.5,1,4034.53,1727505,175127.0,169835.0,4100.0,4110.0,4012.0,4092.6,25771725,4501.8,3683.4,4440.0,3288.1,4029.2,172,6,4029.1,20,1,4029.0,558,9,4028.6,20,1,4028.4,49,2,4029.6,71,1,4029.7,84,1,4029.9,212,3,4030.0,219,9,4030.1,120,2
11483,2026-07-02 14:24:40+05:30,4029.6,1,4034.53,1727505,175127.0,169835.0,4100.0,4110.0,4012.0,4092.6,25771725,4501.8,3683.4,4440.0,3288.1,4029.2,172,6,4029.1,20,1,4029.0,558,9,4028.6,20,1,4028.4,49,2,4029.6,71,1,4029.7,84,1,4029.9,212,3,4030.0,219,9,4030.1,120,2
11483,2026-07-02 14:24:40+05:30,4029.6,1,4034.53,1727522,175260.0,169811.0,4100.0,4110.0,4012.0,4092.6,25771725,4501.8,3683.4,4440.0,3288.1,4029.5,175,1,4029.2,156,6,4029.1,20,1,4029.0,558,9,4028.7,24,1,4029.6,71,2,4029.7,96,2,4029.9,212,3,4030.0,207,8,4030.1,120,2
11483,2026-07-02 14:24:41+05:30,4029.2,24,4034.53,1727522,175260.0,169811.0,4100.0,4110.0,4012.0,4092.6,25771725,4501.8,3683.4,4440.0,3288.1,4029.5,175,1,4029.2,156,6,4029.1,20,1,4029.0,558,9,4028.7,24,1,4029.6,71,2,4029.7,96,2,4029.9,212,3,4030.0,207,8,4030.1,120,2
11483,2026-07-02 14:24:41+05:30,4029.2,24,4034.53,1727797,175729.0,169648.0,4100.0,4110.0,4012.0,4092.6,25771725,4501.8,3683.4,4440.0,3288.1,4029.2,61,6,4029.1,195,2,4029.0,568,10,4028.8,13,1,4028.7,24,1,4029.6,71,3,4029.7,96,2,4029.9,212,3,4030.0,207,8,4030.1,120,2
11483,2026-07-02 14:24:42+05:30,4029.6,2,4034.53,1727797,175729.0,169648.0,4100.0,4110.0,4012.0,4092.6,25771725,4501.8,3683.4,4440.0,3288.1,4029.2,61,6,4029.1,195,2,4029.0,568,10,4028.8,13,1,4028.7,24,1,4029.6,71,3,4029.7,96,2,4029.9,212,3,4030.0,207,8,4030.1,120,2
11483,2026-07-02 14:24:42+05:30,4029.6,2,4034.53,1727857,175841.0,169623.0,4100.0,4110.0,4012.0,4092.6,25771725,4501.8,3683.4,4440.0,3288.1,4029.3,177,2,4029.2,26,3,4029.1,195,2,4029.0,558,9,4028.9,12,1,4029.6,49,3,4029.7,96,2,4029.9,212,3,4030.0,207,8,4030.1,120,2
11483,2026-07-02 14:24:43+05:30,4029.5,1,4034.53,1727857,175841.0,169623.0,4100.0,4110.0,4012.0,4092.6,25771725,4501.8,3683.4,4440.0,3288.1,4029.3,177,2,4029.2,26,3,4029.1,195,2,4029.0,558,9,4028.9,12,1,4029.6,49,3,4029.7,96,2,4029.9,212,3,4030.0,207,8,4030.1,120,2
11483,2026-07-02 14:24:43+05:30,4029.3,50,4034.53,1727916,175994.0,169801.0,4100.0,4110.0,4012.0,4092.6,25771725,4501.8,3683.4,4440.0,3288.1,4029.3,121,2,4029.2,201,4,4029.1,195,2,4029.0,558,9,4028.6,35,2,4029.5,49,1,4029.6,51,4,4029.7,96,2,4029.8,68,1,4029.9,212,3
11483,2026-07-02 14:24:44+05:30,4029.3,1,4034.53,1727916,175994.0,169801.0,4100.0,4110.0,4012.0,4092.6,25771725,4501.8,3683.4,4440.0,3288.1,4029.3,121,2,4029.2,201,4,4029.1,195,2,4029.0,558,9,4028.6,35,2,4029.5,49,1,4029.6,51,4,4029.7,96,2,4029.8,68,1,4029.9,212,3
11483,2026-07-02 14:24:44+05:30,4029.5,131,4034.53,1728104,175990.0,169799.0,4100.0,4110.0,4012.0,4092.6,25771725,4501.8,3683.4,4440.0,3288.1,4029.3,113,2,4029.2,201,4,4029.1,195,2,4029.0,568,10,4028.6,20,1,4029.4,10,1,4029.5,68,1,4029.6,3,2,4029.7,59,2,4029.8,84,1
11483,2026-07-02 14:24:45+05:30,4029.3,22,4034.53,1728104,175990.0,169799.0,4100.0,4110.0,4012.0,4092.6,25771725,4501.8,3683.4,4440.0,3288.1,4029.3,113,2,4029.2,201,4,4029.1,195,2,4029.0,568,10,4028.6,20,1,4029.4,10,1,4029.5,68,1,4029.6,3,2,4029.7,59,2,4029.8,84,1
11483,2026-07-02 14:24:45+05:30,4029.5,97,4034.53,1728359,176105.0,169214.0,4100.0,4110.0,4012.0,4092.6,25771725,4501.8,3683.4,4440.0,3288.1,4029.5,118,1,4029.3,90,2,4029.2,201,4,4029.1,195,2,4029.0,568,10,4029.6,49,2,4029.7,12,1,4029.9,212,3,4030.0,212,9,4030.1,120,2
11483,2026-07-02 14:24:46+05:30,4029.5,10,4034.53,1728359,176105.0,169214.0,4100.0,4110.0,4012.0,4092.6,25771725,4501.8,3683.4,4440.0,3288.1,4029.5,118,1,4029.3,90,2,4029.2,201,4,4029.1,195,2,4029.0,568,10,4029.6,49,2,4029.7,12,1,4029.9,212,3,4030.0,212,9,4030.1,120,2
11483,2026-07-02 14:24:46+05:30,4029.5,7,4034.53,1728500,175948.0,169558.0,4100.0,4110.0,4012.0,4092.6,25771725,4501.8,3683.4,4440.0,3288.1,4029.3,90,2,4029.2,201,4,4029.1,195,2,4029.0,568,10,4028.6,20,1,4029.5,56,1,4029.6,126,2,4029.7,71,2,4029.9,224,4,4030.0,212,9
11483,2026-07-02 14:24:47+05:30,4029.5,15,4034.53,1728500,175948.0,169558.0,4100.0,4110.0,4012.0,4092.6,25771725,4501.8,3683.4,4440.0,3288.1,4029.3,90,2,4029.2,201,4,4029.1,195,2,4029.0,568,10,4028.6,20,1,4029.5,56,1,4029.6,126,2,4029.7,71,2,4029.9,224,4,4030.0,212,9
11483,2026-07-02 14:24:47+05:30,4029.3,9,4034.53,1728575,176078.0,169525.0,4100.0,4110.0,4012.0,4092.6,25771725,4501.8,3683.4,4440.0,3288.1,4029.3,42,1,4029.2,376,5,4029.1,195,2,4029.0,568,10,4028.6,20,1,4029.5,36,2,4029.6,126,2,4029.7,71,2,4029.9,224,4,4030.0,195,8
11483,2026-07-02 14:24:48+05:30,4029.3,9,4034.53,1728575,176078.0,169525.0,4100.0,4110.0,4012.0,4092.6,25771725,4501.8,3683.4,4440.0,3288.1,4029.3,42,1,4029.2,376,5,4029.1,195,2,4029.0,568,10,4028.6,20,1,4029.5,36,2,4029.6,126,2,4029.7,71,2,4029.9,224,4,4030.0,195,8
11483,2026-07-02 14:24:48+05:30,4029.2,41,4034.53,1728684,175689.0,169626.0,4100.0,4110.0,4012.0,4092.6,25771725,4501.8,3683.4,4440.0,3288.1,4029.2,336,3,4029.1,195,2,4029.0,568,10,4028.6,20,1,4028.4,25,1,4029.5,77,4,4029.7,154,3,4029.8,43,1,4029.9,274,5,4030.0,195,8
11483,2026-07-02 14:24:49+05:30,4029.2,13,4034.53,1728684,175689.0,169626.0,4100.0,4110.0,4012.0,4092.6,25771725,4501.8,3683.4,4440.0,3288.1,4029.2,336,3,4029.1,195,2,4029.0,568,10,4028.6,20,1,4028.4,25,1,4029.5,77,4,4029.7,154,3,4029.8,43,1,4029.9,274,5,4030.0,195,8
11483,2026-07-02 14:24:49+05:30,4029.5,37,4034.53,1728877,175945.0,169629.0,4100.0,4110.0,4012.0,4092.6,25771725,4501.8,3683.4,4440.0,3288.1,4029.2,323,3,4029.1,195,2,4029.0,568,10,4028.6,20,1,4028.4,25,1,4029.5,30,3,4029.7,142,2,4029.8,43,1,4029.9,274,5,4030.0,195,8
11483,2026-07-02 14:24:50+05:30,4029.2,23,4034.53,1728877,175945.0,169629.0,4100.0,4110.0,4012.0,4092.6,25771725,4501.8,3683.4,4440.0,3288.1,4029.2,323,3,4029.1,195,2,4029.0,568,10,4028.6,20,1,4028.4,25,1,4029.5,30,3,4029.7,142,2,4029.8,43,1,4029.9,274,5,4030.0,195,8
11483,2026-07-02 14:24:50+05:30,4029.4,1,4034.53,1728901,175960.0,169569.0,4100.0,4110.0,4012.0,4092.6,25771725,4501.8,3683.4,4440.0,3288.1,4029.3,98,1,4029.2,202,2,4029.1,370,3,4029.0,393,9,4028.6,20,1,4029.4,82,1,4029.5,1,1,4029.7,72,2,4029.9,262,4,4030.0,195,8
11483,2026-07-02 14:24:51+05:30,4029.7,44,4034.53,1728901,175960.0,169569.0,4100.0,4110.0,4012.0,4092.6,25771725,4501.8,3683.4,4440.0,3288.1,4029.3,98,1,4029.2,202,2,4029.1,370,3,4029.0,393,9,4028.6,20,1,4029.4,82,1,4029.5,1,1,4029.7,72,2,4029.9,262,4,4030.0,195,8
11483,2026-07-02 14:24:51+05:30,4029.2,59,4034.52,1729153,175142.0,169546.0,4100.0,4110.0,4012.0,4092.6,25771725,4501.8,3683.4,4440.0,3288.1,4029.2,179,3,4029.1,195,2,4029.0,568,10,4028.6,20,1,4028.4,64,1,4029.7,20,2,4029.9,290,5,4030.0,195,8,4030.1,136,3,4030.2,2,1
11483,2026-07-02 14:24:52+05:30,4029.2,30,4034.52,1729153,175142.0,169546.0,4100.0,4110.0,4012.0,4092.6,25771725,4501.8,3683.4,4440.0,3288.1,4029.2,179,3,4029.1,195,2,4029.0,568,10,4028.6,20,1,4028.4,64,1,4029.7,20,2,4029.9,290,5,4030.0,195,8,4030.1,136,3,4030.2,2,1
11483,2026-07-02 14:24:52+05:30,4029.2,30,4034.52,1729183,175974.0,169610.0,4100.0,4110.0,4012.0,4092.6,25771725,4501.8,3683.4,4440.0,3288.1,4029.5,177,2,4029.2,149,3,4029.1,205,3,4029.0,568,10,4028.9,13,1,4029.7,20,2,4029.9,290,5,4030.0,195,8,4030.1,120,2,4030.2,2,1
11483,2026-07-02 14:24:53+05:30,4029.6,10,4034.52,1729183,175974.0,169610.0,4100.0,4110.0,4012.0,4092.6,25771725,4501.8,3683.4,4440.0,3288.1,4029.5,177,2,4029.2,149,3,4029.1,205,3,4029.0,568,10,4028.9,13,1,4029.7,20,2,4029.9,290,5,4030.0,195,8,4030.1,120,2,4030.2,2,1
11483,2026-07-02 14:24:53+05:30,4029.6,10,4034.52,1729197,175897.0,169570.0,4100.0,4110.0,4012.0,4092.6,25771725,4501.8,3683.4,4440.0,3288.1,4029.6,26,1,4029.5,173,2,4029.2,86,1,4029.1,195,2,4029.0,393,9,4029.7,20,2,4029.9,262,4,4030.0,195,8,4030.1,120,2,4030.2,2,1
11483,2026-07-02 14:24:54+05:30,4029.6,2,4034.52,1729197,175897.0,169570.0,4100.0,4110.0,4012.0,4092.6,25771725,4501.8,3683.4,4440.0,3288.1,4029.6,26,1,4029.5,173,2,4029.2,86,1,4029.1,195,2,4029.0,393,9,4029.7,20,2,4029.9,262,4,4030.0,195,8,4030.1,120,2,4030.2,2,1
11483,2026-07-02 14:24:54+05:30,4029.7,30,4034.52,1729275,176051.0,169542.0,4100.0,4110.0,4012.0,4092.6,25771725,4501.8,3683.4,4440.0,3288.1,4029.5,173,2,4029.2,86,1,4029.1,195,2,4029.0,568,10,4028.6,85,2,4029.7,13,1,4029.9,235,3,4030.0,196,9,4030.1,120,2,4030.2,2,1
11483,2026-07-02 14:24:55+05:30,4029.5,100,4034.52,1729275,176051.0,169542.0,4100.0,4110.0,4012.0,4092.6,25771725,4501.8,3683.4,4440.0,3288.1,4029.5,173,2,4029.2,86,1,4029.1,195,2,4029.0,568,10,4028.6,85,2,4029.7,13,1,4029.9,235,3,4030.0,196,9,4030.1,120,2,4030.2,2,1
11483,2026-07-02 14:24:55+05:30,4029.7,1,4034.52,1729386,175944.0,169547.0,4100.0,4110.0,4012.0,4092.6,25771725,4501.8,3683.4,4440.0,3288.1,4029.5,63,2,4029.2,86,1,4029.1,195,2,4029.0,561,9,4028.6,85,2,4029.7,12,1,4029.9,235,3,4030.0,196,9,4030.1,120,2,4030.2,2,1
11483,2026-07-02 14:24:56+05:30,4029.5,13,4034.52,1729386,175944.0,169547.0,4100.0,4110.0,4012.0,4092.6,25771725,4501.8,3683.4,4440.0,3288.1,4029.5,63,2,4029.2,86,1,4029.1,195,2,4029.0,561,9,4028.6,85,2,4029.7,12,1,4029.9,235,3,4030.0,196,9,4030.1,120,2,4030.2,2,1
11483,2026-07-02 14:24:56+05:30,4029.5,13,4034.52,1729399,176321.0,169546.0,4100.0,4110.0,4012.0,4092.6,25771725,4501.8,3683.4,4440.0,3288.1,4029.5,50,2,4029.4,175,1,4029.2,261,2,4029.1,195,2,4029.0,561,9,4029.7,12,1,4029.9,235,3,4030.0,196,9,4030.1,120,2,4030.2,2,1
11483,2026-07-02 14:24:57+05:30,4029.5,10,4034.52,1729399,176321.0,169546.0,4100.0,4110.0,4012.0,4092.6,25771725,4501.8,3683.4,4440.0,3288.1,4029.5,50,2,4029.4,175,1,4029.2,261,2,4029.1,195,2,4029.0,561,9,4029.7,12,1,4029.9,235,3,4030.0,196,9,4030.1,120,2,4030.2,2,1
11483,2026-07-02 14:24:57+05:30,4029.5,10,4034.52,1729411,176191.0,169641.0,4100.0,4110.0,4012.0,4092.6,25771725,4501.8,3683.4,4440.0,3288.1,4029.6,1,1,4029.5,38,2,4029.4,175,1,4029.2,266,3,4029.1,195,2,4029.7,12,1,4029.9,235,3,4030.0,296,10,4030.1,120,2,4030.2,2,1
11483,2026-07-02 14:24:58+05:30,4029.6,1,4034.52,1729411,176191.0,169641.0,4100.0,4110.0,4012.0,4092.6,25771725,4501.8,3683.4,4440.0,3288.1,4029.6,1,1,4029.5,38,2,4029.4,175,1,4029.2,266,3,4029.1,195,2,4029.7,12,1,4029.9,235,3,4030.0,296,10,4030.1,120,2,4030.2,2,1
11483,2026-07-02 14:24:58+05:30,4029.6,1,4034.52,1729412,176022.0,170277.0,4100.0,4110.0,4012.0,4092.6,25771725,4501.8,3683.4,4440.0,3288.1,4029.6,1,1,4029.5,38,2,4029.4,175,1,4029.2,266,3,4029.1,195,2,4029.7,12,1,4029.9,235,3,4030.0,301,11,4030.1,120,2,4030.2,2,1
11483,2026-07-02 14:24:59+05:30,4029.5,5,4034.52,1729412,176022.0,170277.0,4100.0,4110.0,4012.0,4092.6,25771725,4501.8,3683.4,4440.0,3288.1,4029.6,1,1,4029.5,38,2,4029.4,175,1,4029.2,266,3,4029.1,195,2,4029.7,12,1,4029.9,235,3,4030.0,301,11,4030.1,120,2,4030.2,2,1
11483,2026-07-02 14:24:59+05:30,4029.9,70,4034.52,1729534,176390.0,170163.0,4100.0,4110.0,4012.0,4092.6,25771725,4501.8,3683.4,4440.0,3288.1,4029.5,24,2,4029.4,175,1,4029.2,266,3,4029.1,195,2,4029.0,561,9,4029.9,165,3,4030.0,301,11,4030.1,120,2,4030.2,14,1,4030.3,59,3
11483,2026-07-02 14:25:00+05:30,4029.5,1,4034.52,1729534,176390.0,170163.0,4100.0,4110.0,4012.0,4092.6,25771725,4501.8,3683.4,4440.0,3288.1,4029.5,24,2,4029.4,175,1,4029.2,266,3,4029.1,195,2,4029.0,561,9,4029.9,165,3,4030.0,301,11,4030.1,120,2,4030.2,14,1,4030.3,59,3
11483,2026-07-02 14:25:00+05:30,4029.5,1,4034.52,1729550,176486.0,170157.0,4100.0,4110.0,4012.0,4092.6,25771725,4501.8,3683.4,4440.0,3288.1,4029.7,2,1,4029.6,173,1,4029.5,8,2,4029.4,175,1,4029.2,266,3,4029.9,165,3,4030.0,301,11,4030.1,120,2,4030.2,14,1,4030.3,59,3
11483,2026-07-02 14:25:01+05:30,4029.9,3,4034.52,1729550,176486.0,170157.0,4100.0,4110.0,4012.0,4092.6,25771725,4501.8,3683.4,4440.0,3288.1,4029.7,2,1,4029.6,173,1,4029.5,8,2,4029.4,175,1,4029.2,266,3,4029.9,165,3,4030.0,301,11,4030.1,120,2,4030.2,14,1,4030.3,59,3
11483,2026-07-02 14:25:01+05:30,4029.9,3,4034.52,1729557,176315.0,170161.0,4100.0,4110.0,4012.0,4092.6,25771725,4501.8,3683.4,4440.0,3288.1,4029.7,2,1,4029.6,173,1,4029.5,8,2,4029.4,175,1,4029.2,266,3,4029.9,160,3,4030.0,359,12,4030.1,120,2,4030.2,14,1,4030.3,59,3
11483,2026-07-02 14:25:02+05:30,4029.7,1,4034.52,1729557,176315.0,170161.0,4100.0,4110.0,4012.0,4092.6,25771725,4501.8,3683.4,4440.0,3288.1,4029.7,2,1,4029.6,173,1,4029.5,8,2,4029.4,175,1,4029.2,266,3,4029.9,160,3,4030.0,359,12,4030.1,120,2,4030.2,14,1,4030.3,59,3
11483,2026-07-02 14:25:02+05:30,4029.7,1,4034.52,1729558,176764.0,170226.0,4100.0,4110.0,4012.0,4092.6,25771725,4501.8,3683.4,4440.0,3288.1,4029.7,1,1,4029.6,173,1,4029.5,183,3,4029.4,274,2,4029.2,266,3,4029.9,160,3,4030.0,359,12,4030.1,120,2,4030.3,59,3,4030.5,43,2
11483,2026-07-02 14:25:03+05:30,4029.7,2,4034.52,1729558,176764.0,170226.0,4100.0,4110.0,4012.0,4092.6,25771725,4501.8,3683.4,4440.0,3288.1,4029.7,1,1,4029.6,173,1,4029.5,183,3,4029.4,274,2,4029.2,266,3,4029.9,160,3,4030.0,359,12,4030.1,120,2,4030.3,59,3,4030.5,43,2
11483,2026-07-02 14:25:03+05:30,4029.7,2,4034.52,1729560,176584.0,170219.0,4100.0,4110.0,4012.0,4092.6,25771725,4501.8,3683.4,4440.0,3288.1,4029.7,2,1,4029.6,173,1,4029.5,183,3,4029.4,274,2,4029.2,266,3,4029.9,165,4,4030.0,359,12,4030.1,120,2,4030.3,59,3,4030.5,43,2
11483,2026-07-02 14:25:04+05:30,4030.0,10,4034.52,1729560,176584.0,170219.0,4100.0,4110.0,4012.0,4092.6,25771725,4501.8,3683.4,4440.0,3288.1,4029.7,2,1,4029.6,173,1,4029.5,183,3,4029.4,274,2,4029.2,266,3,4029.9,165,4,4030.0,359,12,4030.1,120,2,4030.3,59,3,4030.5,43,2
11483,2026-07-02 14:25:04+05:30,4029.7,1,4034.52,1729790,176816.0,170019.0,4100.0,4110.0,4012.0,4092.6,25771725,4501.8,3683.4,4440.0,3288.1,4029.7,5,1,4029.6,173,1,4029.5,183,3,4029.4,274,2,4029.2,441,4,4030.0,320,12,4030.1,120,2,4030.3,21,2,4030.5,19,1,4030.6,64,2
11483,2026-07-02 14:25:05+05:30,4030.0,367,4034.52,1729790,176816.0,170019.0,4100.0,4110.0,4012.0,4092.6,25771725,4501.8,3683.4,4440.0,3288.1,4029.7,5,1,4029.6,173,1,4029.5,183,3,4029.4,274,2,4029.2,441,4,4030.0,320,12,4030.1,120,2,4030.3,21,2,4030.5,19,1,4030.6,64,2
11483,2026-07-02 14:25:05+05:30,4029.5,6,4034.52,1730707,176699.0,169610.0,4100.0,4110.0,4012.0,4092.6,25771725,4501.8,3683.4,4440.0,3288.1,4029.5,203,5,4029.4,274,2,4029.2,449,5,4029.1,195,2,4029.0,398,9,4030.0,100,1,4030.1,120,2,4030.5,2,1,4030.6,45,1,4030.7,10,1
11483,2026-07-02 14:25:06+05:30,4030.0,128,4034.52,1730707,176699.0,169610.0,4100.0,4110.0,4012.0,4092.6,25771725,4501.8,3683.4,4440.0,3288.1,4029.5,203,5,4029.4,274,2,4029.2,449,5,4029.1,195,2,4029.0,398,9,4030.0,100,1,4030.1,120,2,4030.5,2,1,4030.6,45,1,4030.7,10,1
11483,2026-07-02 14:25:06+05:30,4030.0,1,4034.52,1730953,176756.0,169780.0,4100.0,4110.0,4012.0,4092.6,25771725,4501.8,3683.4,4440.0,3288.1,4029.5,79,4,4029.4,274,2,4029.2,449,5,4029.1,195,2,4029.0,573,10,4030.0,94,2,4030.1,120,2,4030.5,41,2,4030.6,45,1,4030.7,52,2
11483,2026-07-02 14:25:07+05:30,4029.5,29,4034.52,1730953,176756.0,169780.0,4100.0,4110.0,4012.0,4092.6,25771725,4501.8,3683.4,4440.0,3288.1,4029.5,79,4,4029.4,274,2,4029.2,449,5,4029.1,195,2,4029.0,573,10,4030.0,94,2,4030.1,120,2,4030.5,41,2,4030.6,45,1,4030.7,52,2
11483,2026-07-02 14:25:07+05:30,4030.0,1,4034.52,1730983,176582.0,170032.0,4100.0,4110.0,4012.0,4092.6,25771725,4501.8,3683.4,4440.0,3288.1,4029.7,1,1,4029.6,175,1,4029.5,50,4,4029.4,99,1,4029.2,449,5,4030.0,93,2,4030.1,120,2,4030.5,65,3,4030.6,45,1,4030.7,52,2
11483,2026-07-02 14:25:08+05:30,4029.7,1,4034.52,1730983,176582.0,170032.0,4100.0,4110.0,4012.0,4092.6,25771725,4501.8,3683.4,4440.0,3288.1,4029.7,1,1,4029.6,175,1,4029.5,50,4,4029.4,99,1,4029.2,449,5,4030.0,93,2,4030.1,120,2,4030.5,65,3,4030.6,45,1,4030.7,52,2
11483,2026-07-02 14:25:08+05:30,4029.7,1,4034.52,1730984,176588.0,170111.0,4100.0,4110.0,4012.0,4092.6,25771725,4501.8,3683.4,4440.0,3288.1,4029.6,175,1,4029.5,50,4,4029.4,99,1,4029.2,624,6,4029.1,195,2,4029.7,1,1,4030.0,93,2,4030.1,120,2,4030.5,65,3,4030.6,45,1
11483,2026-07-02 14:25:09+05:30,4030.0,1,4034.52,1730984,176588.0,170111.0,4100.0,4110.0,4012.0,4092.6,25771725,4501.8,3683.4,4440.0,3288.1,4029.6,175,1,4029.5,50,4,4029.4,99,1,4029.2,624,6,4029.1,195,2,4029.7,1,1,4030.0,93,2,4030.1,120,2,4030.5,65,3,4030.6,45,1
11483,2026-07-02 14:25:09+05:30,4029.7,1,4034.52,1730989,176765.0,169766.0,4100.0,4110.0,4012.0,4092.6,25771725,4501.8,3683.4,4440.0,3288.1,4029.6,196,4,4029.5,50,4,4029.4,99,1,4029.2,624,6,4029.1,195,2,4030.0,90,1,4030.1,120,2,4030.5,41,2,4030.6,45,1,4030.7,52,2
11483,2026-07-02 14:25:10+05:30,4030.0,1,4034.52,1730989,176765.0,169766.0,4100.0,4110.0,4012.0,4092.6,25771725,4501.8,3683.4,4440.0,3288.1,4029.6,196,4,4029.5,50,4,4029.4,99,1,4029.2,624,6,4029.1,195,2,4030.0,90,1,4030.1,120,2,4030.5,41,2,4030.6,45,1,4030.7,52,2
11483,2026-07-02 14:25:10+05:30,4032.3,20,4034.5,1743855,176777.0,166097.0,4100.0,4110.0,4012.0,4092.6,25771725,4501.8,3683.4,4440.0,3288.1,4030.7,38,4,4030.6,23,3,4030.4,28,1,4030.2,54,2,4030.1,52,2,4032.3,52,2,4032.4,13,1,4032.5,76,3,4032.6,87,3,4032.7,10,1
11483,2026-07-02 14:25:11+05:30,4030.0,12,4034.5,1743855,176777.0,166097.0,4100.0,4110.0,4012.0,4092.6,25771725,4501.8,3683.4,4440.0,3288.1,4030.7,38,4,4030.6,23,3,4030.4,28,1,4030.2,54,2,4030.1,52,2,4032.3,52,2,4032.4,13,1,4032.5,76,3,4032.6,87,3,4032.7,10,1
11483,2026-07-02 14:25:11+05:30,4030.0,1,4034.49,1744919,176187.0,168519.0,4100.0,4110.0,4012.0,4092.6,25771725,4501.8,3683.4,4440.0,3288.1,4029.9,39,5,4029.8,13,2,4029.7,50,1,4029.6,290,7,4029.5,92,5,4030.0,124,3,4030.7,100,4,4031.8,55,2,4031.9,2,1,4032.0,99,3
11483,2026-07-02 14:25:12+05:30,4030.0,8,4034.49,1744919,176187.0,168519.0,4100.0,4110.0,4012.0,4092.6,25771725,4501.8,3683.4,4440.0,3288.1,4029.9,39,5,4029.8,13,2,4029.7,50,1,4029.6,290,7,4029.5,92,5,4030.0,124,3,4030.7,100,4,4031.8,55,2,4031.9,2,1,4032.0,99,3
11483,2026-07-02 14:25:12+05:30,4030.0,8,4034.49,1745179,176130.0,168968.0,4100.0,4110.0,4012.0,4092.6,25771725,4501.8,3683.4,4440.0,3288.1,4029.8,36,6,4029.7,1,1,4029.6,273,6,4029.5,38,1,4029.4,121,3,4030.0,192,2,4030.7,100,4,4031.6,13,1,4031.7,12,1,4031.8,42,1
11483,2026-07-02 14:25:13+05:30,4030.0,100,4034.49,1745179,176130.0,168968.0,4100.0,4110.0,4012.0,4092.6,25771725,4501.8,3683.4,4440.0,3288.1,4029.8,36,6,4029.7,1,1,4029.6,273,6,4029.5,38,1,4029.4,121,3,4030.0,192,2,4030.7,100,4,4031.6,13,1,4031.7,12,1,4031.8,42,1
11483,2026-07-02 14:25:13+05:30,4030.0,100,4034.49,1745802,176047.0,168925.0,4100.0,4110.0,4012.0,4092.6,25771725,4501.8,3683.4,4440.0,3288.1,4029.9,33,5,4029.8,31,4,4029.7,1,1,4029.6,203,4,4029.5,46,2,4030.0,102,2,4030.1,80,1,4030.2,75,1,4030.7,100,4,4031.4,54,2
11483,2026-07-02 14:25:14+05:30,4029.9,5,4034.49,1745802,176047.0,168925.0,4100.0,4110.0,4012.0,4092.6,25771725,4501.8,3683.4,4440.0,3288.1,4029.9,33,5,4029.8,31,4,4029.7,1,1,4029.6,203,4,4029.5,46,2,4030.0,102,2,4030.1,80,1,4030.2,75,1,4030.7,100,4,4031.4,54,2
11483,2026-07-02 14:25:14+05:30,4029.9,5,4034.48,1751259,175897.0,169079.0,4100.0,4110.0,4012.0,4092.6,25771725,4501.8,3683.4,4440.0,3288.1,4029.9,33,5,4029.8,64,2,4029.7,2,2,4029.6,35,2,4029.5,38,1,4030.0,72,1,4030.7,98,2,4031.4,54,2,4031.6,13,1,4031.7,54,2
11483,2026-07-02 14:25:15+05:30,4029.9,38,4034.48,1751259,175897.0,169079.0,4100.0,4110.0,4012.0,4092.6,25771725,4501.8,3683.4,4440.0,3288.1,4029.9,33,5,4029.8,64,2,4029.7,2,2,4029.6,35,2,4029.5,38,1,4030.0,72,1,4030.7,98,2,4031.4,54,2,4031.6,13,1,4031.7,54,2
11483,2026-07-02 14:25:15+05:30,4029.9,38,4034.48,1751363,175739.0,170274.0,4100.0,4110.0,4012.0,4092.6,25771725,4501.8,3683.4,4440.0,3288.1,4029.8,85,5,4029.7,2,2,4029.6,9,1,4029.5,25,1,4029.4,111,2,4029.9,28,1,4030.0,680,3,4030.7,140,3,4031.0,100,1,4031.1,87,4
11483,2026-07-02 14:25:16+05:30,4029.9,1,4034.48,1751363,175739.0,170274.0,4100.0,4110.0,4012.0,4092.6,25771725,4501.8,3683.4,4440.0,3288.1,4029.8,85,5,4029.7,2,2,4029.6,9,1,4029.5,25,1,4029.4,111,2,4029.9,28,1,4030.0,680,3,4030.7,140,3,4031.0,100,1,4031.1,87,4
11483,2026-07-02 14:25:16+05:30,4029.9,35,4034.48,1751417,175817.0,170486.0,4100.0,4110.0,4012.0,4092.6,25771725,4501.8,3683.4,4440.0,3288.1,4029.8,74,5,4029.7,1,1,4029.6,9,1,4029.5,25,1,4029.4,111,2,4029.9,66,1,4030.0,738,4,4030.7,140,3,4031.0,100,1,4031.1,87,4
11483,2026-07-02 14:25:17+05:30,4029.9,9,4034.48,1751417,175817.0,170486.0,4100.0,4110.0,4012.0,4092.6,25771725,4501.8,3683.4,4440.0,3288.1,4029.8,74,5,4029.7,1,1,4029.6,9,1,4029.5,25,1,4029.4,111,2,4029.9,66,1,4030.0,738,4,4030.7,140,3,4031.0,100,1,4031.1,87,4
11483,2026-07-02 14:25:17+05:30,4029.9,9,4034.48,1751432,175784.0,170662.0,4100.0,4110.0,4012.0,4092.6,25771725,4501.8,3683.4,4440.0,3288.1,4029.8,69,6,4029.7,1,1,4029.6,9,1,4029.5,25,1,4029.4,111,2,4029.9,57,1,4030.0,758,5,4030.1,100,1,4030.7,140,3,4031.0,100,1
11483,2026-07-02 14:25:18+05:30,4029.9,10,4034.48,1751432,175784.0,170662.0,4100.0,4110.0,4012.0,4092.6,25771725,4501.8,3683.4,4440.0,3288.1,4029.8,69,6,4029.7,1,1,4029.6,9,1,4029.5,25,1,4029.4,111,2,4029.9,57,1,4030.0,758,5,4030.1,100,1,4030.7,140,3,4031.0,100,1
11483,2026-07-02 14:25:18+05:30,4029.9,1,4034.48,1751445,175815.0,171392.0,4100.0,4110.0,4012.0,4092.6,25771725,4501.8,3683.4,4440.0,3288.1,4029.8,67,6,4029.6,9,1,4029.5,25,1,4029.4,111,2,4029.3,175,1,4029.9,46,1,4030.0,758,5,4030.1,100,1,4030.7,140,3,4031.0,100,1
11483,2026-07-02 14:25:19+05:30,4029.8,2,4034.48,1751445,175815.0,171392.0,4100.0,4110.0,4012.0,4092.6,25771725,4501.8,3683.4,4440.0,3288.1,4029.8,67,6,4029.6,9,1,4029.5,25,1,4029.4,111,2,4029.3,175,1,4029.9,46,1,4030.0,758,5,4030.1,100,1,4030.7,140,3,4031.0,100,1
11483,2026-07-02 14:25:19+05:30,4029.9,60,4034.48,1751523,175809.0,171497.0,4100.0,4110.0,4012.0,4092.6,25771725,4501.8,3683.4,4440.0,3288.1,4029.8,65,6,4029.6,9,1,4029.5,25,1,4029.4,111,2,4029.3,175,1,4029.9,66,1,4030.0,758,5,4030.1,100,1,4030.2,27,1,4030.7,140,3
11483,2026-07-02 14:25:20+05:30,4029.8,9,4034.48,1751523,175809.0,171497.0,4100.0,4110.0,4012.0,4092.6,25771725,4501.8,3683.4,4440.0,3288.1,4029.8,65,6,4029.6,9,1,4029.5,25,1,4029.4,111,2,4029.3,175,1,4029.9,66,1,4030.0,758,5,4030.1,100,1,4030.2,27,1,4030.7,140,3
11483,2026-07-02 14:25:21+05:30,4029.8,14,4034.48,1751584,176053.0,171536.0,4100.0,4110.0,4012.0,4092.6,25771725,4501.8,3683.4,4440.0,3288.1,4029.6,14,3,4029.5,200,2,4029.4,99,1,4029.3,175,1,4029.2,449,5,4029.7,8,1,4029.9,166,3,4030.0,703,5,4030.1,100,1,4030.2,27,1
11483,2026-07-02 14:25:21+05:30,4029.9,54,4034.48,1751584,176053.0,171536.0,4100.0,4110.0,4012.0,4092.6,25771725,4501.8,3683.4,4440.0,3288.1,4029.6,14,3,4029.5,200,2,4029.4,99,1,4029.3,175,1,4029.2,449,5,4029.7,8,1,4029.9,166,3,4030.0,703,5,4030.1,100,1,4030.2,27,1
11483,2026-07-02 14:25:22+05:30,4029.9,10,4034.48,1751729,176278.0,171619.0,4100.0,4110.0,4012.0,4092.6,25771725,4501.8,3683.4,4440.0,3288.1,4029.5,229,6,4029.4,99,1,4029.3,175,1,4029.2,449,5,4029.1,25,2,4029.9,102,2,4030.0,703,5,4030.1,100,1,4030.2,27,1,4030.7,203,4
11483,2026-07-02 14:25:22+05:30,4029.5,2,4034.48,1751729,176278.0,171619.0,4100.0,4110.0,4012.0,4092.6,25771725,4501.8,3683.4,4440.0,3288.1,4029.5,229,6,4029.4,99,1,4029.3,175,1,4029.2,449,5,4029.1,25,2,4029.9,102,2,4030.0,703,5,4030.1,100,1,4030.2,27,1,4030.7,203,4
11483,2026-07-02 14:25:23+05:30,4029.0,200,4034.47,1753523,173918.0,171805.0,4100.0,4110.0,4012.0,4092.6,25771725,4501.8,3683.4,4440.0,3288.1,4028.8,11,2,4028.7,5,1,4028.6,195,2,4028.5,9,1,4028.4,49,2,4029.0,239,1,4029.9,64,1,4030.0,703,5,4030.1,100,1,4030.2,39,2
11483,2026-07-02 14:25:23+05:30,4028.8,22,4034.47,1753523,173918.0,171805.0,4100.0,4110.0,4012.0,4092.6,25771725,4501.8,3683.4,4440.0,3288.1,4028.8,11,2,4028.7,5,1,4028.6,195,2,4028.5,9,1,4028.4,49,2,4029.0,239,1,4029.9,64,1,4030.0,703,5,4030.1,100,1,4030.2,39,2
11483,2026-07-02 14:25:24+05:30,4029.0,1,4034.47,1753932,174480.0,171844.0,4100.0,4110.0,4012.0,4092.6,25771725,4501.8,3683.4,4440.0,3288.1,4028.8,361,4,4028.7,32,3,4028.6,175,1,4028.5,12,2,4028.4,49,2,4029.0,45,1,4029.9,64,1,4030.0,703,5,4030.1,100,1,4030.2,39,2
11483,2026-07-02 14:25:24+05:30,4029.9,1,4034.47,1753932,174480.0,171844.0,4100.0,4110.0,4012.0,4092.6,25771725,4501.8,3683.4,4440.0,3288.1,4028.8,361,4,4028.7,32,3,4028.6,175,1,4028.5,12,2,4028.4,49,2,4029.0,45,1,4029.9,64,1,4030.0,703,5,4030.1,100,1,4030.2,39,2
11483,2026-07-02 14:25:24+05:30,4029.0,3,4034.47,1754584,175112.0,171633.0,4100.0,4110.0,4012.0,4092.6,25771725,4501.8,3683.4,4440.0,3288.1,4029.0,230,6,4028.9,22,3,4028.8,256,3,4028.7,34,3,4028.6,175,1,4029.9,63,1,4030.0,703,5,4030.1,100,1,4030.2,27,1,4030.7,140,3
11483,2026-07-02 14:25:25+05:30,4029.0,15,4034.47,1754584,175112.0,171633.0,4100.0,4110.0,4012.0,4092.6,25771725,4501.8,3683.4,4440.0,3288.1,4029.0,230,6,4028.9,22,3,4028.8,256,3,4028.7,34,3,4028.6,175,1,4029.9,63,1,4030.0,703,5,4030.1,100,1,4030.2,27,1,4030.7,140,3
11483,2026-07-02 14:25:25+05:30,4029.0,15,4034.47,1754662,174796.0,171668.0,4100.0,4110.0,4012.0,4092.6,25771725,4501.8,3683.4,4440.0,3288.1,4029.0,68,7,4028.9,72,4,4028.8,175,1,4028.7,34,3,4028.6,175,1,4029.9,63,1,4030.0,703,5,4030.1,100,1,4030.2,27,1,4030.7,140,3
11483,2026-07-02 14:25:26+05:30,4029.0,9,4034.47,1754662,174796.0,171668.0,4100.0,4110.0,4012.0,4092.6,25771725,4501.8,3683.4,4440.0,3288.1,4029.0,68,7,4028.9,72,4,4028.8,175,1,4028.7,34,3,4028.6,175,1,4029.9,63,1,4030.0,703,5,4030.1,100,1,4030.2,27,1,4030.7,140,3
11483,2026-07-02 14:25:26+05:30,4029.1,10,4034.47,1754689,175584.0,171594.0,4100.0,4110.0,4012.0,4092.6,25771725,4501.8,3683.4,4440.0,3288.1,4029.2,33,4,4029.1,82,4,4029.0,560,6,4028.9,19,2,4028.8,178,2,4029.9,55,1,4030.0,703,5,4030.1,100,1,4030.2,27,1,4030.7,140,3
11483,2026-07-02 14:25:27+05:30,4029.9,1,4034.47,1754689,175584.0,171594.0,4100.0,4110.0,4012.0,4092.6,25771725,4501.8,3683.4,4440.0,3288.1,4029.2,33,4,4029.1,82,4,4029.0,560,6,4028.9,19,2,4028.8,178,2,4029.9,55,1,4030.0,703,5,4030.1,100,1,4030.2,27,1,4030.7,140,3
11483,2026-07-02 14:25:27+05:30,4029.9,1,4034.47,1754693,175863.0,171568.0,4100.0,4110.0,4012.0,4092.6,25771725,4501.8,3683.4,4440.0,3288.1,4029.6,12,1,4029.5,38,6,4029.3,11,1,4029.1,76,2,4029.0,583,6,4029.9,57,3,4030.0,703,5,4030.1,107,2,4030.2,27,1,4030.7,140,3
11483,2026-07-02 14:25:28+05:30,4029.6,1,4034.47,1754693,175863.0,171568.0,4100.0,4110.0,4012.0,4092.6,25771725,4501.8,3683.4,4440.0,3288.1,4029.6,12,1,4029.5,38,6,4029.3,11,1,4029.1,76,2,4029.0,583,6,4029.9,57,3,4030.0,703,5,4030.1,107,2,4030.2,27,1,4030.7,140,3
11483,2026-07-02 14:25:28+05:30,4029.6,1,4034.47,1754693,175863.0,171568.0,4100.0,4110.0,4012.0,4092.6,25771725,4501.8,3683.4,4440.0,3288.1,4029.6,12,1,4029.5,38,6,4029.3,11,1,4029.1,76,2,4029.0,583,6,4029.9,57,3,4030.0,703,5,4030.1,107,2,4030.2,27,1,4030.7,140,3
11483,2026-07-02 14:25:28+05:30,4029.9,7,4034.47,1754891,175974.0,171617.0,4100.0,4110.0,4012.0,4092.6,25771725,4501.8,3683.4,4440.0,3288.1,4029.0,773,8,4028.9,85,4,4028.8,175,1,4028.7,31,2,4028.5,17,2,4029.9,50,3,4030.0,703,5,4030.1,107,2,4030.2,27,1,4030.7,140,3
11483,2026-07-02 14:25:29+05:30,4029.0,13,4034.47,1754891,175974.0,171617.0,4100.0,4110.0,4012.0,4092.6,25771725,4501.8,3683.4,4440.0,3288.1,4029.0,773,8,4028.9,85,4,4028.8,175,1,4028.7,31,2,4028.5,17,2,4029.9,50,3,4030.0,703,5,4030.1,107,2,4030.2,27,1,4030.7,140,3
11483,2026-07-02 14:25:29+05:30,4029.0,13,4034.47,1754891,175974.0,171617.0,4100.0,4110.0,4012.0,4092.6,25771725,4501.8,3683.4,4440.0,3288.1,4029.0,773,8,4028.9,85,4,4028.8,175,1,4028.7,31,2,4028.5,17,2,4029.9,50,3,4030.0,703,5,4030.1,107,2,4030.2,27,1,4030.7,140,3
11483,2026-07-02 14:25:30+05:30,4029.5,1,4034.47,1754941,176160.0,171470.0,4100.0,4110.0,4012.0,4092.6,25771725,4501.8,3683.4,4440.0,3288.1,4029.1,217,6,4029.0,707,4,4028.9,22,3,4028.8,175,1,4028.7,93,3,4029.5,1,1,4029.9,60,4,4030.0,703,5,4030.1,107,2,4030.2,27,1
11483,2026-07-02 14:25:30+05:30,4029.2,1,4034.47,1754941,176160.0,171470.0,4100.0,4110.0,4012.0,4092.6,25771725,4501.8,3683.4,4440.0,3288.1,4029.1,217,6,4029.0,707,4,4028.9,22,3,4028.8,175,1,4028.7,93,3,4029.5,1,1,4029.9,60,4,4030.0,703,5,4030.1,107,2,4030.2,27,1
11483,2026-07-02 14:25:30+05:30,4029.2,1,4034.47,1754941,176160.0,171470.0,4100.0,4110.0,4012.0,4092.6,25771725,4501.8,3683.4,4440.0,3288.1,4029.1,217,6,4029.0,707,4,4028.9,22,3,4028.8,175,1,4028.7,93,3,4029.5,1,1,4029.9,60,4,4030.0,703,5,4030.1,107,2,4030.2,27,1
11483,2026-07-02 14:25:31+05:30,4029.9,3,4034.47,1754985,176192.0,171422.0,4100.0,4110.0,4012.0,4092.6,25771725,4501.8,3683.4,4440.0,3288.1,4029.5,42,5,4029.3,47,4,4029.2,67,2,4029.1,182,2,4029.0,733,5,4029.9,22,2,4030.0,761,6,4030.1,107,2,4030.2,27,1,4030.7,140,3
11483,2026-07-02 14:25:31+05:30,4029.5,5,4034.47,1754985,176192.0,171422.0,4100.0,4110.0,4012.0,4092.6,25771725,4501.8,3683.4,4440.0,3288.1,4029.5,42,5,4029.3,47,4,4029.2,67,2,4029.1,182,2,4029.0,733,5,4029.9,22,2,4030.0,761,6,4030.1,107,2,4030.2,27,1,4030.7,140,3
11483,2026-07-02 14:25:31+05:30,4029.5,5,4034.47,1754985,176192.0,171422.0,4100.0,4110.0,4012.0,4092.6,25771725,4501.8,3683.4,4440.0,3288.1,4029.5,42,5,4029.3,47,4,4029.2,67,2,4029.1,182,2,4029.0,733,5,4029.9,22,2,4030.0,761,6,4030.1,107,2,4030.2,27,1,4030.7,140,3
11483,2026-07-02 14:25:32+05:30,4029.3,1,4034.47,1755040,176267.0,171433.0,4100.0,4110.0,4012.0,4092.6,25771725,4501.8,3683.4,4440.0,3288.1,4029.3,62,6,4029.2,11,1,4029.1,182,2,4029.0,733,5,4028.9,87,4,4029.9,28,4,4030.0,761,6,4030.1,107,2,4030.2,27,1,4030.7,140,3
11483,2026-07-02 14:25:32+05:30,4029.3,1,4034.47,1755040,176267.0,171433.0,4100.0,4110.0,4012.0,4092.6,25771725,4501.8,3683.4,4440.0,3288.1,4029.3,62,6,4029.2,11,1,4029.1,182,2,4029.0,733,5,4028.9,87,4,4029.9,28,4,4030.0,761,6,4030.1,107,2,4030.2,27,1,4030.7,140,3
11483,2026-07-02 14:25:32+05:30,4029.3,7,4034.47,1755040,176267.0,171433.0,4100.0,4110.0,4012.0,4092.6,25771725,4501.8,3683.4,4440.0,3288.1,4029.3,62,6,4029.2,11,1,4029.1,182,2,4029.0,733,5,4028.9,87,4,4029.9,28,4,4030.0,761,6,4030.1,107,2,4030.2,27,1,4030.7,140,3
11483,2026-07-02 14:25:32+05:30,4029.3,7,4034.47,1755040,176267.0,171433.0,4100.0,4110.0,4012.0,4092.6,25774700,4501.8,3683.4,4440.0,3288.1,4029.3,62,6,4029.2,11,1,4029.1,182,2,4029.0,733,5,4028.9,87,4,4029.9,28,4,4030.0,761,6,4030.1,107,2,4030.2,27,1,4030.7,140,3
11483,2026-07-02 14:25:32+05:30,4029.3,7,4034.47,1755047,176282.0,171443.0,4100.0,4110.0,4012.0,4092.6,25774700,4501.8,3683.4,4440.0,3288.1,4029.3,45,5,4029.2,11,1,4029.1,182,2,4029.0,743,6,4028.9,87,4,4029.9,28,4,4030.0,761,6,4030.1,107,2,4030.2,27,1,4030.7,140,3
11483,2026-07-02 14:25:32+05:30,4029.3,7,4034.47,1755047,176282.0,171443.0,4100.0,4110.0,4012.0,4092.6,25774700,4501.8,3683.4,4440.0,3288.1,4029.3,45,5,4029.2,11,1,4029.1,182,2,4029.0,743,6,4028.9,87,4,4029.9,28,4,4030.0,761,6,4030.1,107,2,4030.2,27,1,4030.7,140,3
11483,2026-07-02 14:25:33+05:30,4029.3,1,4034.47,1755047,176282.0,171443.0,4100.0,4110.0,4012.0,4092.6,25774700,4501.8,3683.4,4440.0,3288.1,4029.3,45,5,4029.2,11,1,4029.1,182,2,4029.0,743,6,4028.9,87,4,4029.9,28,4,4030.0,761,6,4030.1,107,2,4030.2,27,1,4030.7,140,3
11483,2026-07-02 14:25:33+05:30,4029.3,1,4034.47,1755047,176282.0,171443.0,4100.0,4110.0,4012.0,4092.6,25774700,4501.8,3683.4,4440.0,3288.1,4029.3,45,5,4029.2,11,1,4029.1,182,2,4029.0,743,6,4028.9,87,4,4029.9,28,4,4030.0,761,6,4030.1,107,2,4030.2,27,1,4030.7,140,3
11483,2026-07-02 14:25:33+05:30,4029.3,1,4034.47,1755048,176173.0,171518.0,4100.0,4110.0,4012.0,4092.6,25774700,4501.8,3683.4,4440.0,3288.1,4029.3,44,5,4029.2,11,1,4029.1,182,2,4029.0,717,5,4028.9,19,2,4029.9,28,4,4030.0,762,7,4030.1,107,2,4030.2,27,1,4030.7,142,4
11483,2026-07-02 14:25:34+05:30,4029.3,1,4034.47,1755048,176173.0,171518.0,4100.0,4110.0,4012.0,4092.6,25774700,4501.8,3683.4,4440.0,3288.1,4029.3,44,5,4029.2,11,1,4029.1,182,2,4029.0,717,5,4028.9,19,2,4029.9,28,4,4030.0,762,7,4030.1,107,2,4030.2,27,1,4030.7,142,4
11483,2026-07-02 14:25:34+05:30,4029.9,2,4034.47,1755053,176164.0,171663.0,4100.0,4110.0,4012.0,4092.6,25774700,4501.8,3683.4,4440.0,3288.1,4029.3,41,4,4029.2,11,1,4029.1,182,2,4029.0,717,5,4028.9,19,2,4029.9,28,5,4030.0,812,8,4030.1,107,2,4030.2,43,2,4030.3,60,2
11483,2026-07-02 14:25:35+05:30,4029.9,10,4034.47,1755053,176164.0,171663.0,4100.0,4110.0,4012.0,4092.6,25774700,4501.8,3683.4,4440.0,3288.1,4029.3,41,4,4029.2,11,1,4029.1,182,2,4029.0,717,5,4028.9,19,2,4029.9,28,5,4030.0,812,8,4030.1,107,2,4030.2,43,2,4030.3,60,2
11483,2026-07-02 14:25:35+05:30,4029.1,18,4034.47,1755138,176562.0,171898.0,4100.0,4110.0,4012.0,4092.6,25774700,4501.8,3683.4,4440.0,3288.1,4029.1,157,1,4029.0,717,5,4028.9,19,2,4028.8,175,1,4028.7,5,1,4029.6,32,1,4029.7,42,1,4029.8,42,1,4029.9,126,6,4030.0,766,8
11483,2026-07-02 14:25:36+05:30,4029.6,32,4034.47,1755138,176562.0,171898.0,4100.0,4110.0,4012.0,4092.6,25774700,4501.8,3683.4,4440.0,3288.1,4029.1,157,1,4029.0,717,5,4028.9,19,2,4028.8,175,1,4028.7,5,1,4029.6,32,1,4029.7,42,1,4029.8,42,1,4029.9,126,6,4030.0,766,8
11483,2026-07-02 14:25:37+05:30,4029.6,42,4034.47,1755268,176709.0,171854.0,4100.0,4110.0,4012.0,4092.6,25774700,4501.8,3683.4,4440.0,3288.1,4029.6,19,3,4029.1,146,1,4029.0,717,5,4028.9,2,1,4028.8,175,1,4029.7,78,1,4029.9,81,3,4030.0,808,9,4030.1,107,2,4030.2,69,2
11483,2026-07-02 14:25:37+05:30,4029.6,5,4034.47,1755268,176709.0,171854.0,4100.0,4110.0,4012.0,4092.6,25774700,4501.8,3683.4,4440.0,3288.1,4029.6,19,3,4029.1,146,1,4029.0,717,5,4028.9,2,1,4028.8,175,1,4029.7,78,1,4029.9,81,3,4030.0,808,9,4030.1,107,2,4030.2,69,2
11483,2026-07-02 14:25:38+05:30,4029.6,5,4034.47,1755283,176806.0,171956.0,4100.0,4110.0,4012.0,4092.6,25774700,4501.8,3683.4,4440.0,3288.1,4029.2,24,3,4029.1,163,4,4029.0,717,5,4028.9,2,1,4028.8,175,1,4029.5,78,1,4029.6,42,1,4029.7,42,1,4029.8,42,1,4029.9,81,3
11483,2026-07-02 14:25:38+05:30,4029.2,2,4034.47,1755283,176806.0,171956.0,4100.0,4110.0,4012.0,4092.6,25774700,4501.8,3683.4,4440.0,3288.1,4029.2,24,3,4029.1,163,4,4029.0,717,5,4028.9,2,1,4028.8,175,1,4029.5,78,1,4029.6,42,1,4029.7,42,1,4029.8,42,1,4029.9,81,3
11483,2026-07-02 14:25:38+05:30,4029.5,10,4034.47,1755302,176763.0,171969.0,4100.0,4110.0,4012.0,4092.6,25774700,4501.8,3683.4,4440.0,3288.1,4029.2,12,2,4029.1,151,3,4029.0,717,5,4028.8,175,1,4028.7,5,1,4029.5,45,2,4029.6,42,1,4029.7,42,1,4029.8,10,1,4029.9,139,6
11483,2026-07-02 14:25:39+05:30,4029.4,2,4034.47,1755302,176763.0,171969.0,4100.0,4110.0,4012.0,4092.6,25774700,4501.8,3683.4,4440.0,3288.1,4029.2,12,2,4029.1,151,3,4029.0,717,5,4028.8,175,1,4028.7,5,1,4029.5,45,2,4029.6,42,1,4029.7,42,1,4029.8,10,1,4029.9,139,6
11483,2026-07-02 14:25:40+05:30,4029.2,10,4034.47,1755326,176694.0,172057.0,4100.0,4110.0,4012.0,4092.6,25774700,4501.8,3683.4,4440.0,3288.1,4029.2,165,1,4029.1,151,3,4029.0,542,4,4028.8,175,1,4028.5,20,3,4029.5,87,3,4029.6,42,1,4029.8,77,3,4029.9,97,5,4030.0,764,8
11483,2026-07-02 14:25:40+05:30,4029.2,3,4034.47,1755326,176694.0,172057.0,4100.0,4110.0,4012.0,4092.6,25774700,4501.8,3683.4,4440.0,3288.1,4029.2,165,1,4029.1,151,3,4029.0,542,4,4028.8,175,1,4028.5,20,3,4029.5,87,3,4029.6,42,1,4029.8,77,3,4029.9,97,5,4030.0,764,8
11483,2026-07-02 14:25:41+05:30,4029.2,162,4034.46,1755491,176276.0,172215.0,4100.0,4110.0,4012.0,4092.6,25774700,4501.8,3683.4,4440.0,3288.1,4029.1,148,2,4029.0,542,4,4028.8,175,1,4028.6,175,1,4028.4,25,1,4029.2,155,1,4029.4,59,1,4029.5,46,3,4029.6,42,1,4029.7,42,1
11483,2026-07-02 14:25:41+05:30,4029.2,4,4034.46,1755491,176276.0,172215.0,4100.0,4110.0,4012.0,4092.6,25774700,4501.8,3683.4,4440.0,3288.1,4029.1,148,2,4029.0,542,4,4028.8,175,1,4028.6,175,1,4028.4,25,1,4029.2,155,1,4029.4,59,1,4029.5,46,3,4029.6,42,1,4029.7,42,1
11483,2026-07-02 14:25:42+05:30,4029.2,4,4034.46,1755877,177201.0,172504.0,4100.0,4110.0,4012.0,4092.6,25774700,4501.8,3683.4,4440.0,3288.1,4029.1,295,3,4029.0,542,4,4028.8,175,1,4028.6,175,1,4028.4,28,2,4029.2,168,2,4029.4,42,1,4029.5,88,4,4029.7,55,2,4029.8,35,2
11483,2026-07-02 14:25:42+05:30,4029.1,46,4034.46,1755877,177201.0,172504.0,4100.0,4110.0,4012.0,4092.6,25774700,4501.8,3683.4,4440.0,3288.1,4029.1,295,3,4029.0,542,4,4028.8,175,1,4028.6,175,1,4028.4,28,2,4029.2,168,2,4029.4,42,1,4029.5,88,4,4029.7,55,2,4029.8,35,2
11483,2026-07-02 14:25:43+05:30,4029.2,16,4034.46,1756039,177055.0,172937.0,4100.0,4110.0,4012.0,4092.6,25774700,4501.8,3683.4,4440.0,3288.1,4029.1,247,2,4029.0,542,4,4028.8,175,1,4028.6,175,1,4028.4,28,2,4029.2,133,2,4029.4,42,1,4029.5,88,4,4029.6,1,1,4029.7,55,2
11483,2026-07-02 14:25:43+05:30,4029.1,20,4034.46,1756039,177055.0,172937.0,4100.0,4110.0,4012.0,4092.6,25774700,4501.8,3683.4,4440.0,3288.1,4029.1,247,2,4029.0,542,4,4028.8,175,1,4028.6,175,1,4028.4,28,2,4029.2,133,2,4029.4,42,1,4029.5,88,4,4029.6,1,1,4029.7,55,2
11483,2026-07-02 14:25:44+05:30,4029.1,2,4034.46,1756412,177111.0,172892.0,4100.0,4110.0,4012.0,4092.6,25774700,4501.8,3683.4,4440.0,3288.1,4029.1,225,2,4029.0,542,4,4028.8,175,1,4028.6,175,1,4028.4,25,1,4029.2,236,2,4029.4,42,1,4029.5,88,4,4029.6,1,1,4029.7,55,2
11483,2026-07-02 14:25:44+05:30,4029.1,45,4034.46,1756412,177111.0,172892.0,4100.0,4110.0,4012.0,4092.6,25774700,4501.8,3683.4,4440.0,3288.1,4029.1,225,2,4029.0,542,4,4028.8,175,1,4028.6,175,1,4028.4,25,1,4029.2,236,2,4029.4,42,1,4029.5,88,4,4029.6,1,1,4029.7,55,2
11483,2026-07-02 14:25:45+05:30,4029.2,175,4034.46,1756812,176803.0,172651.0,4100.0,4110.0,4012.0,4092.6,25774700,4501.8,3683.4,4440.0,3288.1,4029.1,175,1,4029.0,542,4,4028.8,175,1,4028.6,175,1,4028.4,25,1,4029.2,155,1,4029.5,21,2,4029.6,1,1,4029.7,13,1,4029.8,53,3
11483,2026-07-02 14:25:45+05:30,4029.1,48,4034.46,1756812,176803.0,172651.0,4100.0,4110.0,4012.0,4092.6,25774700,4501.8,3683.4,4440.0,3288.1,4029.1,175,1,4029.0,542,4,4028.8,175,1,4028.6,175,1,4028.4,25,1,4029.2,155,1,4029.5,21,2,4029.6,1,1,4029.7,13,1,4029.8,53,3
11483,2026-07-02 14:25:45+05:30,4029.2,3,4034.46,1756924,177187.0,172963.0,4100.0,4110.0,4012.0,4092.6,25774700,4501.8,3683.4,4440.0,3288.1,4029.1,168,2,4029.0,584,5,4028.9,48,2,4028.8,175,1,4028.7,42,1,4029.2,92,1,4029.3,68,2,4029.4,13,1,4029.5,20,1,4029.6,1,1
11483,2026-07-02 14:25:46+05:30,4029.1,42,4034.46,1756924,177187.0,172963.0,4100.0,4110.0,4012.0,4092.6,25774700,4501.8,3683.4,4440.0,3288.1,4029.1,168,2,4029.0,584,5,4028.9,48,2,4028.8,175,1,4028.7,42,1,4029.2,92,1,4029.3,68,2,4029.4,13,1,4029.5,20,1,4029.6,1,1
11483,2026-07-02 14:25:46+05:30,4029.1,3,4034.46,1757070,176144.0,172905.0,4100.0,4110.0,4012.0,4092.6,25774700,4501.8,3683.4,4440.0,3288.1,4029.0,603,7,4028.9,42,1,4028.8,181,2,4028.7,42,1,4028.6,175,1,4029.1,10,1,4029.2,11,1,4029.3,68,2,4029.4,13,1,4029.5,20,1
11483,2026-07-02 14:25:47+05:30,4029.2,290,4034.46,1757070,176144.0,172905.0,4100.0,4110.0,4012.0,4092.6,25774700,4501.8,3683.4,4440.0,3288.1,4029.0,603,7,4028.9,42,1,4028.8,181,2,4028.7,42,1,4028.6,175,1,4029.1,10,1,4029.2,11,1,4029.3,68,2,4029.4,13,1,4029.5,20,1
11483,2026-07-02 14:25:47+05:30,4029.2,290,4034.46,1757387,176205.0,173004.0,4100.0,4110.0,4012.0,4092.6,25774700,4501.8,3683.4,4440.0,3288.1,4029.1,39,1,4029.0,585,6,4028.9,42,1,4028.8,181,2,4028.7,50,2,4029.2,32,1,4029.3,68,2,4029.4,13,1,4029.5,70,2,4029.6,1,1
11483,2026-07-02 14:25:48+05:30,4029.2,2,4034.46,1757387,176205.0,173004.0,4100.0,4110.0,4012.0,4092.6,25774700,4501.8,3683.4,4440.0,3288.1,4029.1,39,1,4029.0,585,6,4028.9,42,1,4028.8,181,2,4028.7,50,2,4029.2,32,1,4029.3,68,2,4029.4,13,1,4029.5,70,2,4029.6,1,1
11483,2026-07-02 14:25:48+05:30,4029.2,2,4034.46,1757462,177131.0,172961.0,4100.0,4110.0,4012.0,4092.6,25774700,4501.8,3683.4,4440.0,3288.1,4029.2,376,5,4029.1,217,2,4029.0,374,5,4028.9,42,1,4028.8,247,4,4029.3,68,2,4029.4,13,1,4029.5,70,2,4029.6,1,1,4029.8,73,4
11483,2026-07-02 14:25:49+05:30,4029.3,59,4034.46,1757462,177131.0,172961.0,4100.0,4110.0,4012.0,4092.6,25774700,4501.8,3683.4,4440.0,3288.1,4029.2,376,5,4029.1,217,2,4029.0,374,5,4028.9,42,1,4028.8,247,4,4029.3,68,2,4029.4,13,1,4029.5,70,2,4029.6,1,1,4029.8,73,4
11483,2026-07-02 14:25:49+05:30,4029.3,59,4034.46,1757539,177534.0,173045.0,4100.0,4110.0,4012.0,4092.6,25774700,4501.8,3683.4,4440.0,3288.1,4029.3,42,6,4029.2,360,4,4029.1,439,5,4029.0,444,7,4028.8,239,5,4029.5,70,2,4029.6,1,1,4029.7,12,1,4029.8,73,4,4029.9,243,6
11483,2026-07-02 14:25:50+05:30,4029.3,9,4034.46,1757539,177534.0,173045.0,4100.0,4110.0,4012.0,4092.6,25774700,4501.8,3683.4,4440.0,3288.1,4029.3,42,6,4029.2,360,4,4029.1,439,5,4029.0,444,7,4028.8,239,5,4029.5,70,2,4029.6,1,1,4029.7,12,1,4029.8,73,4,4029.9,243,6
11483,2026-07-02 14:25:50+05:30,4029.6,1,4034.46,1757644,177365.0,172363.0,4100.0,4110.0,4012.0,4092.6,25774700,4501.8,3683.4,4440.0,3288.1,4029.4,47,5,4029.3,21,3,4029.2,441,6,4029.1,409,6,4029.0,457,8,4029.7,12,1,4029.8,55,3,4029.9,219,5,4030.0,905,11,4030.1,7,1
11483,2026-07-02 14:25:51+05:30,4029.8,2,4034.46,1757644,177365.0,172363.0,4100.0,4110.0,4012.0,4092.6,25774700,4501.8,3683.4,4440.0,3288.1,4029.4,47,5,4029.3,21,3,4029.2,441,6,4029.1,409,6,4029.0,457,8,4029.7,12,1,4029.8,55,3,4029.9,219,5,4030.0,905,11,4030.1,7,1
11483,2026-07-02 14:25:51+05:30,4029.8,2,4034.46,1757783,177747.0,172333.0,4100.0,4110.0,4012.0,4092.6,25774700,4501.8,3683.4,4440.0,3288.1,4029.6,133,6,4029.4,78,5,4029.3,124,4,4029.2,410,6,4029.1,398,5,4029.8,43,2,4029.9,219,5,4030.0,905,11,4030.1,7,1,4030.2,27,1
11483,2026-07-02 14:25:52+05:30,4029.8,1,4034.46,1757783,177747.0,172333.0,4100.0,4110.0,4012.0,4092.6,25774700,4501.8,3683.4,4440.0,3288.1,4029.6,133,6,4029.4,78,5,4029.3,124,4,4029.2,410,6,4029.1,398,5,4029.8,43,2,4029.9,219,5,4030.0,905,11,4030.1,7,1,4030.2,27,1
11483,2026-07-02 14:25:53+05:30,4029.8,1,4034.46,1757803,177893.0,172651.0,4100.0,4110.0,4012.0,4092.6,25774700,4501.8,3683.4,4440.0,3288.1,4029.7,69,4,4029.6,142,6,4029.5,42,1,4029.4,21,2,4029.3,154,4,4029.8,65,3,4029.9,219,5,4030.0,905,11,4030.1,7,1,4030.2,27,1
11483,2026-07-02 14:25:53+05:30,4029.7,2,4034.46,1757803,177893.0,172651.0,4100.0,4110.0,4012.0,4092.6,25774700,4501.8,3683.4,4440.0,3288.1,4029.7,69,4,4029.6,142,6,4029.5,42,1,4029.4,21,2,4029.3,154,4,4029.8,65,3,4029.9,219,5,4030.0,905,11,4030.1,7,1,4030.2,27,1
11483,2026-07-02 14:25:53+05:30,4029.8,10,4034.46,1757840,177697.0,172644.0,4100.0,4110.0,4012.0,4092.6,25774700,4501.8,3683.4,4440.0,3288.1,4029.7,42,4,4029.6,142,6,4029.5,42,1,4029.4,26,3,4029.3,154,4,4029.8,55,3,4029.9,219,5,4030.0,905,11,4030.1,7,1,4030.2,27,1
11483,2026-07-02 14:25:54+05:30,4029.8,1,4034.46,1757840,177697.0,172644.0,4100.0,4110.0,4012.0,4092.6,25774700,4501.8,3683.4,4440.0,3288.1,4029.7,42,4,4029.6,142,6,4029.5,42,1,4029.4,26,3,4029.3,154,4,4029.8,55,3,4029.9,219,5,4030.0,905,11,4030.1,7,1,4030.2,27,1
11483,2026-07-02 14:25:54+05:30,4029.8,1,4034.46,1757846,177780.0,172656.0,4100.0,4110.0,4012.0,4092.6,25774700,4501.8,3683.4,4440.0,3288.1,4029.7,40,5,4029.6,301,6,4029.5,42,1,4029.4,26,3,4029.3,76,3,4029.8,54,3,4029.9,219,5,4030.0,905,11,4030.1,7,1,4030.2,27,1
11483,2026-07-02 14:25:55+05:30,4029.7,1,4034.46,1757846,177780.0,172656.0,4100.0,4110.0,4012.0,4092.6,25774700,4501.8,3683.4,4440.0,3288.1,4029.7,40,5,4029.6,301,6,4029.5,42,1,4029.4,26,3,4029.3,76,3,4029.8,54,3,4029.9,219,5,4030.0,905,11,4030.1,7,1,4030.2,27,1
11483,2026-07-02 14:25:55+05:30,4029.7,4,4034.46,1757893,177773.0,172651.0,4100.0,4110.0,4012.0,4092.6,25774700,4501.8,3683.4,4440.0,3288.1,4029.6,329,7,4029.5,42,1,4029.4,26,3,4029.3,86,4,4029.2,368,5,4029.8,55,4,4029.9,219,5,4030.0,895,10,4030.1,7,1,4030.2,27,1
11483,2026-07-02 14:25:56+05:30,4029.6,5,4034.46,1757893,177773.0,172651.0,4100.0,4110.0,4012.0,4092.6,25774700,4501.8,3683.4,4440.0,3288.1,4029.6,329,7,4029.5,42,1,4029.4,26,3,4029.3,86,4,4029.2,368,5,4029.8,55,4,4029.9,219,5,4030.0,895,10,4030.1,7,1,4030.2,27,1
11483,2026-07-02 14:25:56+05:30,4029.6,5,4034.46,1757909,177481.0,172770.0,4100.0,4110.0,4012.0,4092.6,25774700,4501.8,3683.4,4440.0,3288.1,4029.6,138,6,4029.5,217,2,4029.4,26,3,4029.3,58,3,4029.2,365,4,4029.8,105,5,4029.9,219,5,4030.0,895,10,4030.1,7,1,4030.2,27,1
11483,2026-07-02 14:25:57+05:30,4029.9,46,4034.46,1757909,177481.0,172770.0,4100.0,4110.0,4012.0,4092.6,25774700,4501.8,3683.4,4440.0,3288.1,4029.6,138,6,4029.5,217,2,4029.4,26,3,4029.3,58,3,4029.2,365,4,4029.8,105,5,4029.9,219,5,4030.0,895,10,4030.1,7,1,4030.2,27,1
11483,2026-07-02 14:25:57+05:30,4029.9,46,4034.46,1758181,177637.0,172227.0,4100.0,4110.0,4012.0,4092.6,25774700,4501.8,3683.4,4440.0,3288.1,4029.8,3,1,4029.7,55,3,4029.6,105,4,4029.5,175,1,4029.4,68,4,4029.9,54,1,4030.0,990,11,4030.1,7,1,4030.2,27,1,4030.9,5,1
11483,2026-07-02 14:25:58+05:30,4029.8,30,4034.46,1758181,177637.0,172227.0,4100.0,4110.0,4012.0,4092.6,25774700,4501.8,3683.4,4440.0,3288.1,4029.8,3,1,4029.7,55,3,4029.6,105,4,4029.5,175,1,4029.4,68,4,4029.9,54,1,4030.0,990,11,4030.1,7,1,4030.2,27,1,4030.9,5,1
11483,2026-07-02 14:25:59+05:30,4029.9,16,4034.46,1758237,177361.0,173022.0,4100.0,4110.0,4012.0,4092.6,25774700,4501.8,3683.4,4440.0,3288.1,4029.8,25,2,4029.7,212,3,4029.6,101,3,4029.5,175,1,4029.4,68,4,4029.9,31,1,4030.0,1790,12,4030.1,7,1,4030.2,27,1,4030.9,5,1
11483,2026-07-02 14:25:59+05:30,4029.8,7,4034.46,1758237,177361.0,173022.0,4100.0,4110.0,4012.0,4092.6,25774700,4501.8,3683.4,4440.0,3288.1,4029.8,25,2,4029.7,212,3,4029.6,101,3,4029.5,175,1,4029.4,68,4,4029.9,31,1,4030.0,1790,12,4030.1,7,1,4030.2,27,1,4030.9,5,1
11483,2026-07-02 14:25:59+05:30,4029.9,1,4034.46,1758249,177297.0,173156.0,4100.0,4110.0,4012.0,4092.6,25774700,4501.8,3683.4,4440.0,3288.1,4029.8,18,2,4029.7,212,3,4029.6,101,3,4029.5,183,2,4029.4,243,5,4029.9,26,1,4030.0,1801,13,4030.1,7,1,4030.2,27,1,4030.7,97,2
11483,2026-07-02 14:26:00+05:30,4029.8,1,4034.46,1758249,177297.0,173156.0,4100.0,4110.0,4012.0,4092.6,25774700,4501.8,3683.4,4440.0,3288.1,4029.8,18,2,4029.7,212,3,4029.6,101,3,4029.5,183,2,4029.4,243,5,4029.9,26,1,4030.0,1801,13,4030.1,7,1,4030.2,27,1,4030.7,97,2
11483,2026-07-02 14:26:00+05:30,4029.9,3,4034.46,1758255,177157.0,173183.0,4100.0,4110.0,4012.0,4092.6,25774700,4501.8,3683.4,4440.0,3288.1,4029.8,17,2,4029.7,212,3,4029.6,101,3,4029.5,183,2,4029.4,243,5,4029.9,21,1,4030.0,1860,14,4030.1,7,1,4030.2,27,1,4030.7,97,2
11483,2026-07-02 14:26:01+05:30,4029.9,4,4034.46,1758255,177157.0,173183.0,4100.0,4110.0,4012.0,4092.6,25774700,4501.8,3683.4,4440.0,3288.1,4029.8,17,2,4029.7,212,3,4029.6,101,3,4029.5,183,2,4029.4,243,5,4029.9,21,1,4030.0,1860,14,4030.1,7,1,4030.2,27,1,4030.7,97,2
11483,2026-07-02 14:26:02+05:30,4029.9,2,4034.46,1758279,177269.0,173500.0,4100.0,4110.0,4012.0,4092.6,25774700,4501.8,3683.4,4440.0,3288.1,4029.7,175,2,4029.6,13,1,4029.5,175,1,4029.4,201,4,4029.3,10,1,4029.9,10,1,4030.0,1860,14,4030.1,7,1,4030.2,27,1,4030.7,97,2
11483,2026-07-02 14:26:02+05:30,4030.0,9,4034.46,1758279,177269.0,173500.0,4100.0,4110.0,4012.0,4092.6,25774700,4501.8,3683.4,4440.0,3288.1,4029.7,175,2,4029.6,13,1,4029.5,175,1,4029.4,201,4,4029.3,10,1,4029.9,10,1,4030.0,1860,14,4030.1,7,1,4030.2,27,1,4030.7,97,2
11483,2026-07-02 14:26:03+05:30,4030.0,9,4034.46,1758541,177211.0,172812.0,4100.0,4110.0,4012.0,4092.6,25774700,4501.8,3683.4,4440.0,3288.1,4029.9,22,3,4029.7,170,2,4029.6,13,1,4029.5,175,1,4029.4,201,4,4030.0,1713,14,4030.1,7,1,4030.2,27,1,4030.7,117,3,4030.8,24,1
11483,2026-07-02 14:26:03+05:30,4029.9,9,4034.46,1758541,177211.0,172812.0,4100.0,4110.0,4012.0,4092.6,25774700,4501.8,3683.4,4440.0,3288.1,4029.9,22,3,4029.7,170,2,4029.6,13,1,4029.5,175,1,4029.4,201,4,4030.0,1713,14,4030.1,7,1,4030.2,27,1,4030.7,117,3,4030.8,24,1
11483,2026-07-02 14:26:04+05:30,4029.9,9,4034.46,1758563,177129.0,173160.0,4100.0,4110.0,4012.0,4092.6,25774700,4501.8,3683.4,4440.0,3288.1,4029.7,187,3,4029.6,13,1,4029.5,183,2,4029.4,201,4,4029.3,21,2,4029.9,4,1,4030.0,1713,14,4030.1,7,1,4030.2,27,1,4030.7,97,2
11483,2026-07-02 14:26:04+05:30,4029.7,3,4034.46,1758563,177129.0,173160.0,4100.0,4110.0,4012.0,4092.6,25774700,4501.8,3683.4,4440.0,3288.1,4029.7,187,3,4029.6,13,1,4029.5,183,2,4029.4,201,4,4029.3,21,2,4029.9,4,1,4030.0,1713,14,4030.1,7,1,4030.2,27,1,4030.7,97,2
11483,2026-07-02 14:26:05+05:30,4029.7,142,4034.46,1758709,176978.0,173161.0,4100.0,4110.0,4012.0,4092.6,25774700,4501.8,3683.4,4440.0,3288.1,4029.7,42,3,4029.6,13,1,4029.5,175,1,4029.4,201,4,4029.3,10,1,4029.9,3,1,4030.0,1713,14,4030.1,7,1,4030.2,27,1,4030.7,97,2
11483,2026-07-02 14:26:05+05:30,4029.7,7,4034.46,1758709,176978.0,173161.0,4100.0,4110.0,4012.0,4092.6,25774700,4501.8,3683.4,4440.0,3288.1,4029.7,42,3,4029.6,13,1,4029.5,175,1,4029.4,201,4,4029.3,10,1,4029.9,3,1,4030.0,1713,14,4030.1,7,1,4030.2,27,1,4030.7,97,2
11483,2026-07-02 14:26:06+05:30,4030.0,40,4034.46,1758709,176978.0,173161.0,4100.0,4110.0,4012.0,4092.6,25774700,4501.8,3683.4,4440.0,3288.1,4029.7,42,3,4029.6,13,1,4029.5,175,1,4029.4,201,4,4029.3,10,1,4029.9,3,1,4030.0,1713,14,4030.1,7,1,4030.2,27,1,4030.7,97,2
11483,2026-07-02 14:26:06+05:30,4030.0,40,4034.45,1759058,177066.0,173285.0,4100.0,4110.0,4012.0,4092.6,25774700,4501.8,3683.4,4440.0,3288.1,4029.5,92,4,4029.4,191,3,4029.3,21,2,4029.2,30,2,4029.1,370,4,4029.7,5,1,4029.9,75,1,4030.0,1789,14,4030.1,7,1,4030.2,27,1
11483,2026-07-02 14:26:07+05:30,4029.9,2,4034.45,1759058,177066.0,173285.0,4100.0,4110.0,4012.0,4092.6,25774700,4501.8,3683.4,4440.0,3288.1,4029.5,92,4,4029.4,191,3,4029.3,21,2,4029.2,30,2,4029.1,370,4,4029.7,5,1,4029.9,75,1,4030.0,1789,14,4030.1,7,1,4030.2,27,1
11483,2026-07-02 14:26:07+05:30,4029.9,2,4034.45,1759107,176757.0,173483.0,4100.0,4110.0,4012.0,4092.6,25774700,4501.8,3683.4,4440.0,3288.1,4029.7,1,1,4029.5,50,4,4029.4,191,3,4029.3,21,2,4029.2,30,2,4029.9,73,1,4030.0,1795,15,4030.1,7,1,4030.2,27,1,4030.7,97,2
11483,2026-07-02 14:26:08+05:30,4029.9,53,4034.45,1759107,176757.0,173483.0,4100.0,4110.0,4012.0,4092.6,25774700,4501.8,3683.4,4440.0,3288.1,4029.7,1,1,4029.5,50,4,4029.4,191,3,4029.3,21,2,4029.2,30,2,4029.9,73,1,4030.0,1795,15,4030.1,7,1,4030.2,27,1,4030.7,97,2
11483,2026-07-02 14:26:08+05:30,4029.9,53,4034.45,1759166,177995.0,172935.0,4100.0,4110.0,4012.0,4092.6,25774700,4501.8,3683.4,4440.0,3288.1,4029.7,248,4,4029.6,197,4,4029.5,383,5,4029.4,394,5,4029.3,21,2,4029.9,20,1,4030.0,1795,15,4030.1,7,1,4030.2,27,1,4030.7,97,2
11483,2026-07-02 14:26:09+05:30,4029.9,1,4034.45,1759166,177995.0,172935.0,4100.0,4110.0,4012.0,4092.6,25774700,4501.8,3683.4,4440.0,3288.1,4029.7,248,4,4029.6,197,4,4029.5,383,5,4029.4,394,5,4029.3,21,2,4029.9,20,1,4030.0,1795,15,4030.1,7,1,4030.2,27,1,4030.7,97,2
11483,2026-07-02 14:26:09+05:30,4029.9,1,4034.45,1759374,177806.0,173088.0,4100.0,4110.0,4012.0,4092.6,25774700,4501.8,3683.4,4440.0,3288.1,4029.7,30,3,4029.6,396,6,4029.5,208,4,4029.4,219,4,4029.3,21,2,4029.9,73,2,4030.0,1892,16,4030.1,7,1,4030.2,27,1,4030.7,97,2
11483,2026-07-02 14:26:10+05:30,4029.7,1,4034.45,1759374,177806.0,173088.0,4100.0,4110.0,4012.0,4092.6,25774700,4501.8,3683.4,4440.0,3288.1,4029.7,30,3,4029.6,396,6,4029.5,208,4,4029.4,219,4,4029.3,21,2,4029.9,73,2,4030.0,1892,16,4030.1,7,1,4030.2,27,1,4030.7,97,2
11483,2026-07-02 14:26:10+05:30,4029.7,1,4034.45,1759425,177988.0,173211.0,4100.0,4110.0,4012.0,4092.6,25774700,4501.8,3683.4,4440.0,3288.1,4029.7,16,1,4029.6,424,7,4029.5,208,4,4029.4,219,4,4029.3,21,2,4029.9,75,3,4030.0,1892,16,4030.1,7,1,4030.2,27,1,4030.7,97,2
11483,2026-07-02 14:26:11+05:30,4029.7,10,4034.45,1759425,177988.0,173211.0,4100.0,4110.0,4012.0,4092.6,25774700,4501.8,3683.4,4440.0,3288.1,4029.7,16,1,4029.6,424,7,4029.5,208,4,4029.4,219,4,4029.3,21,2,4029.9,75,3,4030.0,1892,16,4030.1,7,1,4030.2,27,1,4030.7,97,2
11483,2026-07-02 14:26:11+05:30,4029.7,10,4034.45,1759441,178163.0,173609.0,4100.0,4110.0,4012.0,4092.6,25774700,4501.8,3683.4,4440.0,3288.1,4029.6,394,5,4029.5,387,6,4029.4,191,3,4029.3,21,2,4029.2,20,1,4029.7,1,1,4029.9,75,3,4030.0,1942,17,4030.1,7,1,4030.2,27,1
11483,2026-07-02 14:26:12+05:30,4030.0,17,4034.45,1759441,178163.0,173609.0,4100.0,4110.0,4012.0,4092.6,25774700,4501.8,3683.4,4440.0,3288.1,4029.6,394,5,4029.5,387,6,4029.4,191,3,4029.3,21,2,4029.2,20,1,4029.7,1,1,4029.9,75,3,4030.0,1942,17,4030.1,7,1,4030.2,27,1
11483,2026-07-02 14:26:12+05:30,4030.0,17,4034.45,1759943,177814.0,172856.0,4100.0,4110.0,4012.0,4092.6,25774700,4501.8,3683.4,4440.0,3288.1,4029.6,376,3,4029.5,362,3,4029.4,355,3,4029.3,10,1,4029.2,20,1,4030.0,1542,9,4030.1,7,1,4030.2,27,1,4030.7,97,2,4030.8,24,1
11483,2026-07-02 14:26:13+05:30,4030.0,17,4034.45,1759943,177814.0,172856.0,4100.0,4110.0,4012.0,4092.6,25774700,4501.8,3683.4,4440.0,3288.1,4029.6,376,3,4029.5,362,3,4029.4,355,3,4029.3,10,1,4029.2,20,1,4030.0,1542,9,4030.1,7,1,4030.2,27,1,4030.7,97,2,4030.8,24,1
11483,2026-07-02 14:26:13+05:30,4030.0,17,4034.45,1760104,177675.0,172804.0,4100.0,4110.0,4012.0,4092.6,25774700,4501.8,3683.4,4440.0,3288.1,4029.7,106,1,4029.6,287,2,4029.5,187,2,4029.4,355,3,4029.2,20,1,4030.0,1456,11,4030.1,7,1,4030.2,27,1,4030.7,97,2,4030.8,24,1
11483,2026-07-02 14:26:14+05:30,4029.7,25,4034.45,1760104,177675.0,172804.0,4100.0,4110.0,4012.0,4092.6,25774700,4501.8,3683.4,4440.0,3288.1,4029.7,106,1,4029.6,287,2,4029.5,187,2,4029.4,355,3,4029.2,20,1,4030.0,1456,11,4030.1,7,1,4030.2,27,1,4030.7,97,2,4030.8,24,1
11483,2026-07-02 14:26:14+05:30,4029.7,25,4034.45,1760148,177402.0,172629.0,4100.0,4110.0,4012.0,4092.6,25774700,4501.8,3683.4,4440.0,3288.1,4029.7,62,1,4029.6,287,2,4029.5,187,2,4029.4,355,3,4029.2,20,1,4030.0,1456,11,4030.1,7,1,4030.2,27,1,4030.7,97,2,4030.8,24,1
11483,2026-07-02 14:26:15+05:30,4029.6,56,4034.45,1760148,177402.0,172629.0,4100.0,4110.0,4012.0,4092.6,25774700,4501.8,3683.4,4440.0,3288.1,4029.7,62,1,4029.6,287,2,4029.5,187,2,4029.4,355,3,4029.2,20,1,4030.0,1456,11,4030.1,7,1,4030.2,27,1,4030.7,97,2,4030.8,24,1
11483,2026-07-02 14:26:15+05:30,4029.6,56,4034.45,1760556,177100.0,172941.0,4100.0,4110.0,4012.0,4092.6,25774700,4501.8,3683.4,4440.0,3288.1,4029.6,119,1,4029.5,203,3,4029.4,355,3,4029.2,20,1,4029.1,370,4,4029.9,97,1,4030.0,1457,12,4030.1,7,1,4030.2,27,1,4030.7,97,2
11483,2026-07-02 14:26:16+05:30,4029.5,1,4034.45,1760556,177100.0,172941.0,4100.0,4110.0,4012.0,4092.6,25774700,4501.8,3683.4,4440.0,3288.1,4029.6,119,1,4029.5,203,3,4029.4,355,3,4029.2,20,1,4029.1,370,4,4029.9,97,1,4030.0,1457,12,4030.1,7,1,4030.2,27,1,4030.7,97,2
11483,2026-07-02 14:26:16+05:30,4029.7,1,4034.45,1761417,177420.0,172204.0,4100.0,4110.0,4012.0,4092.6,25774700,4501.8,3683.4,4440.0,3288.1,4029.5,172,1,4029.4,371,4,4029.3,4,1,4029.2,176,3,4029.1,370,4,4029.7,24,1,4029.9,88,2,4030.0,713,10,4030.1,7,1,4030.2,27,1
11483,2026-07-02 14:26:17+05:30,4029.7,5,4034.45,1761417,177420.0,172204.0,4100.0,4110.0,4012.0,4092.6,25774700,4501.8,3683.4,4440.0,3288.1,4029.5,172,1,4029.4,371,4,4029.3,4,1,4029.2,176,3,4029.1,370,4,4029.7,24,1,4029.9,88,2,4030.0,713,10,4030.1,7,1,4030.2,27,1
11483,2026-07-02 14:26:17+05:30,4029.7,5,4034.45,1761526,177270.0,172208.0,4100.0,4110.0,4012.0,4092.6,25774700,4501.8,3683.4,4440.0,3288.1,4029.6,1,1,4029.5,263,4,4029.4,350,2,4029.3,4,1,4029.2,176,3,4029.7,19,1,4029.9,88,2,4030.0,735,11,4030.1,7,1,4030.3,16,1
11483,2026-07-02 14:26:18+05:30,4029.6,1,4034.45,1761528,177455.0,172263.0,4100.0,4110.0,4012.0,4092.6,25774700,4501.8,3683.4,4440.0,3288.1,4029.5,263,4,4029.4,350,2,4029.3,4,1,4029.2,176,3,4029.1,370,4,4029.6,2,1,4029.7,21,2,4029.9,87,1,4030.0,735,11,4030.1,7,1
11483,2026-07-02 14:26:18+05:30,4029.6,12,4034.45,1761528,177455.0,172263.0,4100.0,4110.0,4012.0,4092.6,25774700,4501.8,3683.4,4440.0,3288.1,4029.5,263,4,4029.4,350,2,4029.3,4,1,4029.2,176,3,4029.1,370,4,4029.6,2,1,4029.7,21,2,4029.9,87,1,4030.0,735,11,4030.1,7,1
11483,2026-07-02 14:26:19+05:30,4029.7,7,4034.45,1761528,177455.0,172263.0,4100.0,4110.0,4012.0,4092.6,25774700,4501.8,3683.4,4440.0,3288.1,4029.5,263,4,4029.4,350,2,4029.3,4,1,4029.2,176,3,4029.1,370,4,4029.6,2,1,4029.7,21,2,4029.9,87,1,4030.0,735,11,4030.1,7,1
11483,2026-07-02 14:26:19+05:30,4029.7,7,4034.45,1761552,177610.0,172758.0,4100.0,4110.0,4012.0,4092.6,25774700,4501.8,3683.4,4440.0,3288.1,4029.6,226,2,4029.5,350,2,4029.2,176,3,4029.1,705,5,4029.0,368,4,4029.7,526,4,4029.9,87,1,4030.0,724,10,4030.1,7,1,4030.5,19,1
11483,2026-07-02 14:26:20+05:30,4029.6,70,4034.45,1761552,177610.0,172758.0,4100.0,4110.0,4012.0,4092.6,25774700,4501.8,3683.4,4440.0,3288.1,4029.6,226,2,4029.5,350,2,4029.2,176,3,4029.1,705,5,4029.0,368,4,4029.7,526,4,4029.9,87,1,4030.0,724,10,4030.1,7,1,4030.5,19,1
11483,2026-07-02 14:26:20+05:30,4029.6,26,4034.45,1761699,177728.0,172745.0,4100.0,4110.0,4012.0,4092.6,25774700,4501.8,3683.4,4440.0,3288.1,4029.6,254,2,4029.5,350,2,4029.2,176,3,4029.1,705,5,4029.0,368,4,4029.7,515,4,4029.9,88,2,4030.0,726,11,4030.1,7,1,4030.3,15,1
11483,2026-07-02 14:26:21+05:30,4029.7,117,4034.45,1761699,177728.0,172745.0,4100.0,4110.0,4012.0,4092.6,25774700,4501.8,3683.4,4440.0,3288.1,4029.6,254,2,4029.5,350,2,4029.2,176,3,4029.1,705,5,4029.0,368,4,4029.7,515,4,4029.9,88,2,4030.0,726,11,4030.1,7,1,4030.3,15,1
11483,2026-07-02 14:26:21+05:30,4029.7,117,4034.45,1761905,177778.0,172658.0,4100.0,4110.0,4012.0,4092.6,25774700,4501.8,3683.4,4440.0,3288.1,4029.6,370,4,4029.5,175,1,4029.4,175,1,4029.2,176,3,4029.1,705,5,4029.7,384,2,4029.8,1,1,4029.9,103,3,4030.0,668,10,4030.1,7,1
11483,2026-07-02 14:26:22+05:30,4029.7,1,4034.45,1761905,177778.0,172658.0,4100.0,4110.0,4012.0,4092.6,25774700,4501.8,3683.4,4440.0,3288.1,4029.6,370,4,4029.5,175,1,4029.4,175,1,4029.2,176,3,4029.1,705,5,4029.7,384,2,4029.8,1,1,4029.9,103,3,4030.0,668,10,4030.1,7,1
11483,2026-07-02 14:26:22+05:30,4029.7,175,4034.45,1762121,177569.0,172660.0,4100.0,4110.0,4012.0,4092.6,25774700,4501.8,3683.4,4440.0,3288.1,4029.6,154,2,4029.5,175,1,4029.4,350,2,4029.2,176,3,4029.1,367,4,4029.7,193,2,4029.8,1,1,4029.9,103,3,4030.0,681,11,4030.1,7,1
11483,2026-07-02 14:26:23+05:30,4029.7,1,4034.45,1762121,177569.0,172660.0,4100.0,4110.0,4012.0,4092.6,25774700,4501.8,3683.4,4440.0,3288.1,4029.6,154,2,4029.5,175,1,4029.4,350,2,4029.2,176,3,4029.1,367,4,4029.7,193,2,4029.8,1,1,4029.9,103,3,4030.0,681,11,4030.1,7,1
11483,2026-07-02 14:26:23+05:30,4029.7,1,4034.45,1762248,177422.0,172708.0,4100.0,4110.0,4012.0,4092.6,25774700,4501.8,3683.4,4440.0,3288.1,4029.6,28,1,4029.5,175,1,4029.4,175,1,4029.2,176,3,4029.1,355,3,4029.7,192,2,4029.8,1,1,4029.9,127,4,4030.0,681,11,4030.1,7,1
11483,2026-07-02 14:26:24+05:30,4029.7,3,4034.45,1762248,177422.0,172708.0,4100.0,4110.0,4012.0,4092.6,25774700,4501.8,3683.4,4440.0,3288.1,4029.6,28,1,4029.5,175,1,4029.4,175,1,4029.2,176,3,4029.1,355,3,4029.7,192,2,4029.8,1,1,4029.9,127,4,4030.0,681,11,4030.1,7,1
11483,2026-07-02 14:26:24+05:30,4029.7,3,4034.45,1762379,176990.0,172958.0,4100.0,4110.0,4012.0,4092.6,25774700,4501.8,3683.4,4440.0,3288.1,4029.2,176,3,4029.1,430,4,4029.0,718,6,4028.8,192,2,4028.6,41,2,4029.7,192,4,4029.8,1,1,4029.9,127,4,4030.0,668,10,4030.1,17,2
11483,2026-07-02 14:26:25+05:30,4029.2,16,4034.45,1762379,176990.0,172958.0,4100.0,4110.0,4012.0,4092.6,25774700,4501.8,3683.4,4440.0,3288.1,4029.2,176,3,4029.1,430,4,4029.0,718,6,4028.8,192,2,4028.6,41,2,4029.7,192,4,4029.8,1,1,4029.9,127,4,4030.0,668,10,4030.1,17,2
11483,2026-07-02 14:26:25+05:30,4029.7,11,4034.45,1762406,176987.0,172852.0,4100.0,4110.0,4012.0,4092.6,25774700,4501.8,3683.4,4440.0,3288.1,4029.2,160,3,4029.1,430,4,4029.0,718,6,4028.8,175,1,4028.6,41,2,4029.7,183,5,4029.8,1,1,4029.9,127,4,4030.0,668,10,4030.1,17,2
11483,2026-07-02 14:26:26+05:30,4029.2,3,4034.45,1762406,176987.0,172852.0,4100.0,4110.0,4012.0,4092.6,25774700,4501.8,3683.4,4440.0,3288.1,4029.2,160,3,4029.1,430,4,4029.0,718,6,4028.8,175,1,4028.6,41,2,4029.7,183,5,4029.8,1,1,4029.9,127,4,4030.0,668,10,4030.1,17,2
11483,2026-07-02 14:26:26+05:30,4029.7,7,4034.45,1762416,177000.0,172949.0,4100.0,4110.0,4012.0,4092.6,25774700,4501.8,3683.4,4440.0,3288.1,4029.2,157,3,4029.1,430,4,4029.0,718,6,4028.8,175,1,4028.6,20,1,4029.7,188,6,4029.8,1,1,4029.9,127,4,4030.0,703,11,4030.1,63,3
11483,2026-07-02 14:26:27+05:30,4029.2,1,4034.45,1762416,177000.0,172949.0,4100.0,4110.0,4012.0,4092.6,25774700,4501.8,3683.4,4440.0,3288.1,4029.2,157,3,4029.1,430,4,4029.0,718,6,4028.8,175,1,4028.6,20,1,4029.7,188,6,4029.8,1,1,4029.9,127,4,4030.0,703,11,4030.1,63,3
11483,2026-07-02 14:26:27+05:30,4029.2,13,4034.45,1762432,176798.0,172897.0,4100.0,4110.0,4012.0,4092.6,25774700,4501.8,3683.4,4440.0,3288.1,4029.5,1,1,4029.2,143,2,4029.1,255,3,4029.0,718,6,4028.8,175,1,4029.7,188,6,4029.8,1,1,4029.9,127,4,4030.0,703,11,4030.1,63,3
11483,2026-07-02 14:26:28+05:30,4029.7,5,4034.45,1762432,176798.0,172897.0,4100.0,4110.0,4012.0,4092.6,25774700,4501.8,3683.4,4440.0,3288.1,4029.5,1,1,4029.2,143,2,4029.1,255,3,4029.0,718,6,4028.8,175,1,4029.7,188,6,4029.8,1,1,4029.9,127,4,4030.0,703,11,4030.1,63,3
11483,2026-07-02 14:26:28+05:30,4029.7,5,4034.45,1762432,176798.0,172897.0,4100.0,4110.0,4012.0,4092.6,25774700,4501.8,3683.4,4440.0,3288.1,4029.5,1,1,4029.2,143,2,4029.1,255,3,4029.0,718,6,4028.8,175,1,4029.7,188,6,4029.8,1,1,4029.9,127,4,4030.0,703,11,4030.1,63,3
11483,2026-07-02 14:26:28+05:30,4029.7,5,4034.45,1762440,176483.0,174211.0,4100.0,4110.0,4012.0,4092.6,25774700,4501.8,3683.4,4440.0,3288.1,4029.2,143,2,4029.1,255,3,4029.0,701,5,4028.8,175,1,4028.6,20,1,4029.6,77,3,4029.7,196,8,4029.8,25,2,4029.9,132,5,4030.0,1737,14
11483,2026-07-02 14:26:28+05:30,4029.7,5,4034.45,1762440,176483.0,174211.0,4100.0,4110.0,4012.0,4092.6,25774700,4501.8,3683.4,4440.0,3288.1,4029.2,143,2,4029.1,255,3,4029.0,701,5,4028.8,175,1,4028.6,20,1,4029.6,77,3,4029.7,196,8,4029.8,25,2,4029.9,132,5,4030.0,1737,14
11483,2026-07-02 14:26:29+05:30,4029.5,3,4034.45,1762440,176483.0,174211.0,4100.0,4110.0,4012.0,4092.6,25774700,4501.8,3683.4,4440.0,3288.1,4029.2,143,2,4029.1,255,3,4029.0,701,5,4028.8,175,1,4028.6,20,1,4029.6,77,3,4029.7,196,8,4029.8,25,2,4029.9,132,5,4030.0,1737,14
11483,2026-07-02 14:26:29+05:30,4029.5,3,4034.45,1762440,176483.0,174211.0,4100.0,4110.0,4012.0,4092.6,25774700,4501.8,3683.4,4440.0,3288.1,4029.2,143,2,4029.1,255,3,4029.0,701,5,4028.8,175,1,4028.6,20,1,4029.6,77,3,4029.7,196,8,4029.8,25,2,4029.9,132,5,4030.0,1737,14
11483,2026-07-02 14:26:29+05:30,4029.5,3,4034.45,1762524,176568.0,174300.0,4100.0,4110.0,4012.0,4092.6,25774700,4501.8,3683.4,4440.0,3288.1,4029.2,317,3,4029.1,180,2,4029.0,701,5,4028.8,175,1,4028.6,20,1,4029.5,34,3,4029.6,74,3,4029.7,193,6,4029.8,102,3,4029.9,132,5
11483,2026-07-02 14:26:29+05:30,4029.5,3,4034.45,1762524,176568.0,174300.0,4100.0,4110.0,4012.0,4092.6,25774700,4501.8,3683.4,4440.0,3288.1,4029.2,317,3,4029.1,180,2,4029.0,701,5,4028.8,175,1,4028.6,20,1,4029.5,34,3,4029.6,74,3,4029.7,193,6,4029.8,102,3,4029.9,132,5
11483,2026-07-02 14:26:30+05:30,4029.5,9,4034.45,1762524,176568.0,174300.0,4100.0,4110.0,4012.0,4092.6,25774700,4501.8,3683.4,4440.0,3288.1,4029.2,317,3,4029.1,180,2,4029.0,701,5,4028.8,175,1,4028.6,20,1,4029.5,34,3,4029.6,74,3,4029.7,193,6,4029.8,102,3,4029.9,132,5
11483,2026-07-02 14:26:30+05:30,4029.5,9,4034.45,1762524,176568.0,174300.0,4100.0,4110.0,4012.0,4092.6,25774700,4501.8,3683.4,4440.0,3288.1,4029.2,317,3,4029.1,180,2,4029.0,701,5,4028.8,175,1,4028.6,20,1,4029.5,34,3,4029.6,74,3,4029.7,193,6,4029.8,102,3,4029.9,132,5
11483,2026-07-02 14:26:30+05:30,4029.5,3,4034.44,1762554,176549.0,174356.0,4100.0,4110.0,4012.0,4092.6,25774700,4501.8,3683.4,4440.0,3288.1,4029.2,307,3,4029.1,180,2,4029.0,701,5,4028.8,175,1,4028.6,20,1,4029.5,45,4,4029.6,107,3,4029.7,193,6,4029.8,102,3,4029.9,132,5
11483,2026-07-02 14:26:30+05:30,4029.5,3,4034.44,1762554,176549.0,174356.0,4100.0,4110.0,4012.0,4092.6,25774700,4501.8,3683.4,4440.0,3288.1,4029.2,307,3,4029.1,180,2,4029.0,701,5,4028.8,175,1,4028.6,20,1,4029.5,45,4,4029.6,107,3,4029.7,193,6,4029.8,102,3,4029.9,132,5
11483,2026-07-02 14:26:31+05:30,4029.5,4,4034.44,1762554,176549.0,174356.0,4100.0,4110.0,4012.0,4092.6,25774700,4501.8,3683.4,4440.0,3288.1,4029.2,307,3,4029.1,180,2,4029.0,701,5,4028.8,175,1,4028.6,20,1,4029.5,45,4,4029.6,107,3,4029.7,193,6,4029.8,102,3,4029.9,132,5
11483,2026-07-02 14:26:31+05:30,4029.5,4,4034.44,1762554,176549.0,174356.0,4100.0,4110.0,4012.0,4092.6,25774700,4501.8,3683.4,4440.0,3288.1,4029.2,307,3,4029.1,180,2,4029.0,701,5,4028.8,175,1,4028.6,20,1,4029.5,45,4,4029.6,107,3,4029.7,193,6,4029.8,102,3,4029.9,132,5
11483,2026-07-02 14:26:31+05:30,4029.5,1,4034.44,1762563,176726.0,174386.0,4100.0,4110.0,4012.0,4092.6,25774700,4501.8,3683.4,4440.0,3288.1,4029.2,478,4,4029.1,180,2,4029.0,701,5,4028.8,175,1,4028.6,20,1,4029.5,67,5,4029.6,104,2,4029.7,193,6,4029.8,102,3,4029.9,132,5
11483,2026-07-02 14:26:31+05:30,4029.5,1,4034.44,1762563,176726.0,174386.0,4100.0,4110.0,4012.0,4092.6,25774700,4501.8,3683.4,4440.0,3288.1,4029.2,478,4,4029.1,180,2,4029.0,701,5,4028.8,175,1,4028.6,20,1,4029.5,67,5,4029.6,104,2,4029.7,193,6,4029.8,102,3,4029.9,132,5
11483,2026-07-02 14:26:32+05:30,4029.5,1,4034.44,1762563,176726.0,174386.0,4100.0,4110.0,4012.0,4092.6,25774700,4501.8,3683.4,4440.0,3288.1,4029.2,478,4,4029.1,180,2,4029.0,701,5,4028.8,175,1,4028.6,20,1,4029.5,67,5,4029.6,104,2,4029.7,193,6,4029.8,102,3,4029.9,132,5
11483,2026-07-02 14:26:32+05:30,4029.2,4,4034.44,1762563,176726.0,174386.0,4100.0,4110.0,4012.0,4092.6,25774700,4501.8,3683.4,4440.0,3288.1,4029.2,478,4,4029.1,180,2,4029.0,701,5,4028.8,175,1,4028.6,20,1,4029.5,67,5,4029.6,104,2,4029.7,193,6,4029.8,102,3,4029.9,132,5
11483,2026-07-02 14:26:32+05:30,4029.2,4,4034.44,1762563,176726.0,174386.0,4100.0,4110.0,4012.0,4092.6,25774700,4501.8,3683.4,4440.0,3288.1,4029.2,478,4,4029.1,180,2,4029.0,701,5,4028.8,175,1,4028.6,20,1,4029.5,67,5,4029.6,104,2,4029.7,193,6,4029.8,102,3,4029.9,132,5
11483,2026-07-02 14:26:32+05:30,4029.2,4,4034.44,1762563,176726.0,174386.0,4100.0,4110.0,4012.0,4092.6,25780650,4501.8,3683.4,4440.0,3288.1,4029.2,478,4,4029.1,180,2,4029.0,701,5,4028.8,175,1,4028.6,20,1,4029.5,67,5,4029.6,104,2,4029.7,193,6,4029.8,102,3,4029.9,132,5
11483,2026-07-02 14:26:32+05:30,4029.2,4,4034.44,1762568,176913.0,174523.0,4100.0,4110.0,4012.0,4092.6,25780650,4501.8,3683.4,4440.0,3288.1,4029.2,473,4,4029.1,180,2,4029.0,701,5,4028.8,175,1,4028.6,20,1,4029.5,169,7,4029.6,112,3,4029.7,196,5,4029.8,25,2,4029.9,232,6
11483,2026-07-02 14:26:32+05:30,4029.2,4,4034.44,1762568,176913.0,174523.0,4100.0,4110.0,4012.0,4092.6,25780650,4501.8,3683.4,4440.0,3288.1,4029.2,473,4,4029.1,180,2,4029.0,701,5,4028.8,175,1,4028.6,20,1,4029.5,169,7,4029.6,112,3,4029.7,196,5,4029.8,25,2,4029.9,232,6
11483,2026-07-02 14:26:33+05:30,4029.5,100,4034.44,1762568,176913.0,174523.0,4100.0,4110.0,4012.0,4092.6,25780650,4501.8,3683.4,4440.0,3288.1,4029.2,473,4,4029.1,180,2,4029.0,701,5,4028.8,175,1,4028.6,20,1,4029.5,169,7,4029.6,112,3,4029.7,196,5,4029.8,25,2,4029.9,232,6
11483,2026-07-02 14:26:33+05:30,4029.5,100,4034.44,1762568,176913.0,174523.0,4100.0,4110.0,4012.0,4092.6,25780650,4501.8,3683.4,4440.0,3288.1,4029.2,473,4,4029.1,180,2,4029.0,701,5,4028.8,175,1,4028.6,20,1,4029.5,169,7,4029.6,112,3,4029.7,196,5,4029.8,25,2,4029.9,232,6
11483,2026-07-02 14:26:33+05:30,4029.5,100,4034.44,1762738,176919.0,174158.0,4100.0,4110.0,4012.0,4092.6,25780650,4501.8,3683.4,4440.0,3288.1,4029.5,6,1,4029.2,472,4,4029.1,180,2,4029.0,701,5,4028.8,175,1,4029.6,86,3,4029.7,179,4,4029.8,25,2,4029.9,232,6,4030.0,1743,15
11483,2026-07-02 14:26:33+05:30,4029.5,100,4034.44,1762738,176919.0,174158.0,4100.0,4110.0,4012.0,4092.6,25780650,4501.8,3683.4,4440.0,3288.1,4029.5,6,1,4029.2,472,4,4029.1,180,2,4029.0,701,5,4028.8,175,1,4029.6,86,3,4029.7,179,4,4029.8,25,2,4029.9,232,6,4030.0,1743,15
11483,2026-07-02 14:26:34+05:30,4029.5,100,4034.44,1762738,176919.0,174158.0,4100.0,4110.0,4012.0,4092.6,25780650,4501.8,3683.4,4440.0,3288.1,4029.5,6,1,4029.2,472,4,4029.1,180,2,4029.0,701,5,4028.8,175,1,4029.6,86,3,4029.7,179,4,4029.8,25,2,4029.9,232,6,4030.0,1743,15
11483,2026-07-02 14:26:34+05:30,4029.5,6,4034.44,1762738,176919.0,174158.0,4100.0,4110.0,4012.0,4092.6,25780650,4501.8,3683.4,4440.0,3288.1,4029.5,6,1,4029.2,472,4,4029.1,180,2,4029.0,701,5,4028.8,175,1,4029.6,86,3,4029.7,179,4,4029.8,25,2,4029.9,232,6,4030.0,1743,15
11483,2026-07-02 14:26:34+05:30,4029.5,6,4034.44,1762738,176919.0,174158.0,4100.0,4110.0,4012.0,4092.6,25780650,4501.8,3683.4,4440.0,3288.1,4029.5,6,1,4029.2,472,4,4029.1,180,2,4029.0,701,5,4028.8,175,1,4029.6,86,3,4029.7,179,4,4029.8,25,2,4029.9,232,6,4030.0,1743,15
11483,2026-07-02 14:26:34+05:30,4029.2,30,4034.44,1762779,177087.0,174329.0,4100.0,4110.0,4012.0,4092.6,25780650,4501.8,3683.4,4440.0,3288.1,4029.2,442,4,4029.1,355,3,4029.0,701,5,4028.8,175,1,4028.6,20,1,4029.5,2,1,4029.6,110,4,4029.7,179,4,4029.8,97,3,4029.9,232,6
11483,2026-07-02 14:26:35+05:30,4029.2,5,4034.44,1762779,177087.0,174329.0,4100.0,4110.0,4012.0,4092.6,25780650,4501.8,3683.4,4440.0,3288.1,4029.2,442,4,4029.1,355,3,4029.0,701,5,4028.8,175,1,4028.6,20,1,4029.5,2,1,4029.6,110,4,4029.7,179,4,4029.8,97,3,4029.9,232,6
11483,2026-07-02 14:26:35+05:30,4029.2,5,4034.44,1762784,177089.0,174286.0,4100.0,4110.0,4012.0,4092.6,25780650,4501.8,3683.4,4440.0,3288.1,4029.2,437,4,4029.1,355,3,4029.0,701,5,4028.8,175,1,4028.6,20,1,4029.5,2,1,4029.6,110,4,4029.7,182,4,4029.8,25,2,4029.9,232,6
11483,2026-07-02 14:26:36+05:30,4029.7,73,4034.44,1762784,177089.0,174286.0,4100.0,4110.0,4012.0,4092.6,25780650,4501.8,3683.4,4440.0,3288.1,4029.2,437,4,4029.1,355,3,4029.0,701,5,4028.8,175,1,4028.6,20,1,4029.5,2,1,4029.6,110,4,4029.7,182,4,4029.8,25,2,4029.9,232,6
11483,2026-07-02 14:26:36+05:30,4029.7,73,4034.44,1762977,176953.0,174073.0,4100.0,4110.0,4012.0,4092.6,25780650,4501.8,3683.4,4440.0,3288.1,4029.3,175,1,4029.2,203,2,4029.1,355,3,4029.0,701,5,4028.8,175,1,4029.7,164,6,4029.8,1,1,4029.9,232,6,4030.0,1743,15,4030.1,36,3
11483,2026-07-02 14:26:37+05:30,4029.3,23,4034.44,1762977,176953.0,174073.0,4100.0,4110.0,4012.0,4092.6,25780650,4501.8,3683.4,4440.0,3288.1,4029.3,175,1,4029.2,203,2,4029.1,355,3,4029.0,701,5,4028.8,175,1,4029.7,164,6,4029.8,1,1,4029.9,232,6,4030.0,1743,15,4030.1,36,3
11483,2026-07-02 14:26:37+05:30,4029.4,1,4034.44,1763001,177060.0,174147.0,4100.0,4110.0,4012.0,4092.6,25780650,4501.8,3683.4,4440.0,3288.1,4029.3,154,2,4029.2,281,3,4029.1,355,3,4029.0,701,5,4028.8,175,1,4029.7,164,6,4029.8,1,1,4029.9,232,6,4030.0,1742,14,4030.1,36,3
11483,2026-07-02 14:26:38+05:30,4029.7,1,4034.44,1763001,177060.0,174147.0,4100.0,4110.0,4012.0,4092.6,25780650,4501.8,3683.4,4440.0,3288.1,4029.3,154,2,4029.2,281,3,4029.1,355,3,4029.0,701,5,4028.8,175,1,4029.7,164,6,4029.8,1,1,4029.9,232,6,4030.0,1742,14,4030.1,36,3
11483,2026-07-02 14:26:38+05:30,4029.7,1,4034.44,1763005,177079.0,174279.0,4100.0,4110.0,4012.0,4092.6,25780650,4501.8,3683.4,4440.0,3288.1,4029.3,151,2,4029.2,281,3,4029.1,355,3,4029.0,701,5,4028.8,175,1,4029.7,139,5,4029.8,1,1,4029.9,218,5,4030.0,1726,13,4030.1,26,2
11483,2026-07-02 14:26:39+05:30,4029.7,1,4034.44,1763005,177079.0,174279.0,4100.0,4110.0,4012.0,4092.6,25780650,4501.8,3683.4,4440.0,3288.1,4029.3,151,2,4029.2,281,3,4029.1,355,3,4029.0,701,5,4028.8,175,1,4029.7,139,5,4029.8,1,1,4029.9,218,5,4030.0,1726,13,4030.1,26,2
11483,2026-07-02 14:26:39+05:30,4029.3,1,4034.44,1763082,177067.0,174352.0,4100.0,4110.0,4012.0,4092.6,25780650,4501.8,3683.4,4440.0,3288.1,4029.3,143,2,4029.2,281,3,4029.1,355,3,4029.0,701,5,4028.8,175,1,4029.7,75,6,4029.8,6,2,4029.9,218,5,4030.0,1702,12,4030.1,50,3
11483,2026-07-02 14:26:40+05:30,4029.3,9,4034.44,1763082,177067.0,174352.0,4100.0,4110.0,4012.0,4092.6,25780650,4501.8,3683.4,4440.0,3288.1,4029.3,143,2,4029.2,281,3,4029.1,355,3,4029.0,701,5,4028.8,175,1,4029.7,75,6,4029.8,6,2,4029.9,218,5,4030.0,1702,12,4030.1,50,3
11483,2026-07-02 14:26:40+05:30,4029.7,1,4034.44,1763092,177058.0,174457.0,4100.0,4110.0,4012.0,4092.6,25780650,4501.8,3683.4,4440.0,3288.1,4029.3,134,2,4029.2,281,3,4029.1,355,3,4029.0,706,6,4028.8,175,1,4029.5,15,1,4029.7,91,8,4029.8,16,3,4029.9,302,7,4030.0,1726,13
11483,2026-07-02 14:26:41+05:30,4029.5,15,4034.44,1763092,177058.0,174457.0,4100.0,4110.0,4012.0,4092.6,25780650,4501.8,3683.4,4440.0,3288.1,4029.3,134,2,4029.2,281,3,4029.1,355,3,4029.0,706,6,4028.8,175,1,4029.5,15,1,4029.7,91,8,4029.8,16,3,4029.9,302,7,4030.0,1726,13
11483,2026-07-02 14:26:41+05:30,4029.3,100,4034.44,1763221,176831.0,174521.0,4100.0,4110.0,4012.0,4092.6,25780650,4501.8,3683.4,4440.0,3288.1,4029.3,30,2,4029.2,281,3,4029.1,355,3,4029.0,706,6,4028.8,175,1,4029.5,1,1,4029.7,91,8,4029.8,16,3,4029.9,230,6,4030.0,1726,13
11483,2026-07-02 14:26:42+05:30,4029.3,16,4034.44,1763221,176831.0,174521.0,4100.0,4110.0,4012.0,4092.6,25780650,4501.8,3683.4,4440.0,3288.1,4029.3,30,2,4029.2,281,3,4029.1,355,3,4029.0,706,6,4028.8,175,1,4029.5,1,1,4029.7,91,8,4029.8,16,3,4029.9,230,6,4030.0,1726,13
11483,2026-07-02 14:26:42+05:30,4029.4,2,4034.44,1763239,176698.0,174487.0,4100.0,4110.0,4012.0,4092.6,25780650,4501.8,3683.4,4440.0,3288.1,4029.4,2,1,4029.3,12,1,4029.2,306,4,4029.1,180,2,4029.0,706,6,4029.5,46,5,4029.6,6,1,4029.7,47,6,4029.8,110,5,4029.9,230,6
11483,2026-07-02 14:26:43+05:30,4029.4,2,4034.44,1763239,176698.0,174487.0,4100.0,4110.0,4012.0,4092.6,25780650,4501.8,3683.4,4440.0,3288.1,4029.4,2,1,4029.3,12,1,4029.2,306,4,4029.1,180,2,4029.0,706,6,4029.5,46,5,4029.6,6,1,4029.7,47,6,4029.8,110,5,4029.9,230,6
11483,2026-07-02 14:26:43+05:30,4029.5,4,4034.44,1763256,176697.0,174341.0,4100.0,4110.0,4012.0,4092.6,25780650,4501.8,3683.4,4440.0,3288.1,4029.4,2,1,4029.3,12,1,4029.2,306,4,4029.1,180,2,4029.0,696,5,4029.5,39,4,4029.6,6,1,4029.7,47,6,4029.8,44,4,4029.9,230,6
11483,2026-07-02 14:26:44+05:30,4029.3,6,4034.44,1763256,176697.0,174341.0,4100.0,4110.0,4012.0,4092.6,25780650,4501.8,3683.4,4440.0,3288.1,4029.4,2,1,4029.3,12,1,4029.2,306,4,4029.1,180,2,4029.0,696,5,4029.5,39,4,4029.6,6,1,4029.7,47,6,4029.8,44,4,4029.9,230,6
11483,2026-07-02 14:26:44+05:30,4029.3,4,4034.44,1763278,176710.0,174686.0,4100.0,4110.0,4012.0,4092.6,25780650,4501.8,3683.4,4440.0,3288.1,4029.3,36,1,4029.2,306,4,4029.1,180,2,4029.0,696,5,4028.8,175,1,4029.5,41,4,4029.7,37,5,4029.8,44,4,4029.9,303,7,4030.0,1956,14
11483,2026-07-02 14:26:45+05:30,4029.3,3,4034.44,1763278,176710.0,174686.0,4100.0,4110.0,4012.0,4092.6,25780650,4501.8,3683.4,4440.0,3288.1,4029.3,36,1,4029.2,306,4,4029.1,180,2,4029.0,696,5,4028.8,175,1,4029.5,41,4,4029.7,37,5,4029.8,44,4,4029.9,303,7,4030.0,1956,14
11483,2026-07-02 14:26:45+05:30,4029.5,3,4034.44,1763286,176707.0,174622.0,4100.0,4110.0,4012.0,4092.6,25780650,4501.8,3683.4,4440.0,3288.1,4029.3,33,1,4029.2,306,4,4029.1,180,2,4029.0,696,5,4028.8,175,1,4029.5,38,4,4029.6,59,1,4029.7,36,4,4029.8,44,4,4029.9,308,7
11483,2026-07-02 14:26:46+05:30,4029.3,1,4034.44,1763286,176707.0,174622.0,4100.0,4110.0,4012.0,4092.6,25780650,4501.8,3683.4,4440.0,3288.1,4029.3,33,1,4029.2,306,4,4029.1,180,2,4029.0,696,5,4028.8,175,1,4029.5,38,4,4029.6,59,1,4029.7,36,4,4029.8,44,4,4029.9,308,7
11483,2026-07-02 14:26:46+05:30,4029.5,8,4034.44,1763295,176697.0,174827.0,4100.0,4110.0,4012.0,4092.6,25780650,4501.8,3683.4,4440.0,3288.1,4029.3,32,1,4029.2,306,4,4029.1,180,2,4029.0,696,5,4028.8,175,1,4029.4,12,1,4029.5,26,3,4029.6,59,1,4029.7,24,3,4029.8,44,4
11483,2026-07-02 14:26:47+05:30,4029.4,1,4034.44,1763295,176697.0,174827.0,4100.0,4110.0,4012.0,4092.6,25780650,4501.8,3683.4,4440.0,3288.1,4029.3,32,1,4029.2,306,4,4029.1,180,2,4029.0,696,5,4028.8,175,1,4029.4,12,1,4029.5,26,3,4029.6,59,1,4029.7,24,3,4029.8,44,4
11483,2026-07-02 14:26:47+05:30,4029.4,17,4034.44,1763368,176394.0,174836.0,4100.0,4110.0,4012.0,4092.6,25780650,4501.8,3683.4,4440.0,3288.1,4029.3,12,2,4029.2,306,4,4029.1,180,2,4029.0,696,5,4028.8,175,1,4029.4,12,1,4029.5,29,3,4029.6,59,1,4029.7,24,3,4029.8,44,4
11483,2026-07-02 14:26:48+05:30,4029.3,9,4034.44,1763368,176394.0,174836.0,4100.0,4110.0,4012.0,4092.6,25780650,4501.8,3683.4,4440.0,3288.1,4029.3,12,2,4029.2,306,4,4029.1,180,2,4029.0,696,5,4028.8,175,1,4029.4,12,1,4029.5,29,3,4029.6,59,1,4029.7,24,3,4029.8,44,4
11483,2026-07-02 14:26:48+05:30,4029.3,9,4034.44,1763377,176673.0,174935.0,4100.0,4110.0,4012.0,4092.6,25780650,4501.8,3683.4,4440.0,3288.1,4029.3,3,2,4029.2,306,4,4029.1,180,2,4029.0,696,5,4028.8,175,1,4029.4,12,1,4029.5,28,2,4029.6,59,1,4029.7,124,4,4029.8,44,4
11483,2026-07-02 14:26:49+05:30,4029.3,1,4034.44,1763377,176673.0,174935.0,4100.0,4110.0,4012.0,4092.6,25780650,4501.8,3683.4,4440.0,3288.1,4029.3,3,2,4029.2,306,4,4029.1,180,2,4029.0,696,5,4028.8,175,1,4029.4,12,1,4029.5,28,2,4029.6,59,1,4029.7,124,4,4029.8,44,4
11483,2026-07-02 14:26:49+05:30,4029.3,1,4034.44,1763378,176848.0,174834.0,4100.0,4110.0,4012.0,4092.6,25780650,4501.8,3683.4,4440.0,3288.1,4029.3,2,2,4029.2,481,5,4029.1,180,2,4029.0,696,5,4028.8,175,1,4029.4,12,1,4029.5,28,2,4029.6,59,1,4029.7,124,4,4029.8,44,4
11483,2026-07-02 14:26:50+05:30,4029.2,1,4034.44,1763378,176848.0,174834.0,4100.0,4110.0,4012.0,4092.6,25780650,4501.8,3683.4,4440.0,3288.1,4029.3,2,2,4029.2,481,5,4029.1,180,2,4029.0,696,5,4028.8,175,1,4029.4,12,1,4029.5,28,2,4029.6,59,1,4029.7,124,4,4029.8,44,4
11483,2026-07-02 14:26:50+05:30,4029.2,32,4034.44,1763440,177130.0,175171.0,4100.0,4110.0,4012.0,4092.6,25780650,4501.8,3683.4,4440.0,3288.1,4029.2,421,4,4029.1,355,3,4029.0,696,5,4028.8,175,1,4028.6,20,1,4029.4,12,1,4029.5,28,2,4029.7,124,4,4029.8,44,4,4029.9,308,7
11483,2026-07-02 14:26:51+05:30,4029.5,20,4034.44,1763440,177130.0,175171.0,4100.0,4110.0,4012.0,4092.6,25780650,4501.8,3683.4,4440.0,3288.1,4029.2,421,4,4029.1,355,3,4029.0,696,5,4028.8,175,1,4028.6,20,1,4029.4,12,1,4029.5,28,2,4029.7,124,4,4029.8,44,4,4029.9,308,7
11483,2026-07-02 14:26:51+05:30,4029.5,20,4034.44,1763574,176966.0,175477.0,4100.0,4110.0,4012.0,4092.6,25780650,4501.8,3683.4,4440.0,3288.1,4029.2,414,4,4029.1,355,3,4029.0,696,5,4028.8,175,1,4028.6,20,1,4029.4,40,1,4029.5,94,4,4029.7,128,4,4029.8,44,4,4029.9,381,8
11483,2026-07-02 14:26:52+05:30,4029.3,60,4034.44,1763574,176966.0,175477.0,4100.0,4110.0,4012.0,4092.6,25780650,4501.8,3683.4,4440.0,3288.1,4029.2,414,4,4029.1,355,3,4029.0,696,5,4028.8,175,1,4028.6,20,1,4029.4,40,1,4029.5,94,4,4029.7,128,4,4029.8,44,4,4029.9,381,8
11483,2026-07-02 14:26:52+05:30,4029.3,1,4034.44,1763651,176911.0,175296.0,4100.0,4110.0,4012.0,4092.6,25780650,4501.8,3683.4,4440.0,3288.1,4029.3,114,1,4029.2,223,3,4029.1,530,4,4029.0,696,5,4028.8,175,1,4029.4,49,3,4029.5,7,1,4029.6,32,2,4029.7,128,4,4029.8,44,4
11483,2026-07-02 14:26:53+05:30,4029.3,9,4034.44,1763651,176911.0,175296.0,4100.0,4110.0,4012.0,4092.6,25780650,4501.8,3683.4,4440.0,3288.1,4029.3,114,1,4029.2,223,3,4029.1,530,4,4029.0,696,5,4028.8,175,1,4029.4,49,3,4029.5,7,1,4029.6,32,2,4029.7,128,4,4029.8,44,4
11483,2026-07-02 14:26:53+05:30,4029.3,13,4034.44,1763673,177139.0,175449.0,4100.0,4110.0,4012.0,4092.6,25780650,4501.8,3683.4,4440.0,3288.1,4029.3,92,1,4029.2,573,5,4029.1,530,4,4029.0,696,5,4028.8,175,1,4029.4,1,1,4029.7,136,5,4029.8,44,4,4029.9,381,8,4030.0,2293,14
11483,2026-07-02 14:26:54+05:30,4029.4,1,4034.44,1763673,177139.0,175449.0,4100.0,4110.0,4012.0,4092.6,25780650,4501.8,3683.4,4440.0,3288.1,4029.3,92,1,4029.2,573,5,4029.1,530,4,4029.0,696,5,4028.8,175,1,4029.4,1,1,4029.7,136,5,4029.8,44,4,4029.9,381,8,4030.0,2293,14
11483,2026-07-02 14:26:54+05:30,4029.7,93,4034.44,1763777,177445.0,175288.0,4100.0,4110.0,4012.0,4092.6,25780650,4501.8,3683.4,4440.0,3288.1,4029.4,183,3,4029.3,89,1,4029.2,223,3,4029.1,530,4,4029.0,696,5,4029.5,7,2,4029.7,51,3,4029.8,6,2,4029.9,393,8,4030.0,2258,12
11483,2026-07-02 14:26:55+05:30,4029.4,4,4034.44,1763777,177445.0,175288.0,4100.0,4110.0,4012.0,4092.6,25780650,4501.8,3683.4,4440.0,3288.1,4029.4,183,3,4029.3,89,1,4029.2,223,3,4029.1,530,4,4029.0,696,5,4029.5,7,2,4029.7,51,3,4029.8,6,2,4029.9,393,8,4030.0,2258,12
11483,2026-07-02 14:26:55+05:30,4029.4,2,4034.44,1763791,177448.0,175185.0,4100.0,4110.0,4012.0,4092.6,25780650,4501.8,3683.4,4440.0,3288.1,4029.4,177,2,4029.3,89,1,4029.2,224,4,4029.1,530,4,4029.0,696,5,4029.5,30,4,4029.7,119,3,4029.8,30,3,4029.9,269,6,4030.0,2258,12
11483,2026-07-02 14:26:56+05:30,4029.4,2,4034.44,1763791,177448.0,175185.0,4100.0,4110.0,4012.0,4092.6,25780650,4501.8,3683.4,4440.0,3288.1,4029.4,177,2,4029.3,89,1,4029.2,224,4,4029.1,530,4,4029.0,696,5,4029.5,30,4,4029.7,119,3,4029.8,30,3,4029.9,269,6,4030.0,2258,12
11483,2026-07-02 14:26:56+05:30,4029.4,78,4034.44,1763871,177544.0,175053.0,4100.0,4110.0,4012.0,4092.6,25780650,4501.8,3683.4,4440.0,3288.1,4029.4,97,2,4029.3,89,1,4029.2,399,5,4029.1,530,4,4029.0,696,5,4029.5,30,4,4029.7,119,3,4029.8,30,3,4029.9,191,5,4030.0,2258,12
11483,2026-07-02 14:26:57+05:30,4029.4,10,4034.44,1763871,177544.0,175053.0,4100.0,4110.0,4012.0,4092.6,25780650,4501.8,3683.4,4440.0,3288.1,4029.4,97,2,4029.3,89,1,4029.2,399,5,4029.1,530,4,4029.0,696,5,4029.5,30,4,4029.7,119,3,4029.8,30,3,4029.9,191,5,4030.0,2258,12
11483,2026-07-02 14:26:57+05:30,4029.4,10,4034.44,1763881,177163.0,175221.0,4100.0,4110.0,4012.0,4092.6,25780650,4501.8,3683.4,4440.0,3288.1,4029.4,88,3,4029.3,89,1,4029.2,321,4,4029.1,530,4,4029.0,696,5,4029.5,30,4,4029.6,4,1,4029.7,119,3,4029.8,30,3,4029.9,191,5
11483,2026-07-02 14:26:58+05:30,4029.5,4,4034.44,1763881,177163.0,175221.0,4100.0,4110.0,4012.0,4092.6,25780650,4501.8,3683.4,4440.0,3288.1,4029.4,88,3,4029.3,89,1,4029.2,321,4,4029.1,530,4,4029.0,696,5,4029.5,30,4,4029.6,4,1,4029.7,119,3,4029.8,30,3,4029.9,191,5
11483,2026-07-02 14:26:58+05:30,4029.7,7,4034.44,1763981,177427.0,175073.0,4100.0,4110.0,4012.0,4092.6,25780650,4501.8,3683.4,4440.0,3288.1,4029.5,179,2,4029.4,262,4,4029.3,175,1,4029.2,146,3,4029.1,180,2,4029.7,210,4,4029.8,6,2,4029.9,118,4,4030.0,2242,11,4030.1,40,3
11483,2026-07-02 14:26:59+05:30,4029.7,5,4034.44,1763981,177427.0,175073.0,4100.0,4110.0,4012.0,4092.6,25780650,4501.8,3683.4,4440.0,3288.1,4029.5,179,2,4029.4,262,4,4029.3,175,1,4029.2,146,3,4029.1,180,2,4029.7,210,4,4029.8,6,2,4029.9,118,4,4030.0,2242,11,4030.1,40,3
11483,2026-07-02 14:26:59+05:30,4029.5,25,4034.44,1764028,177287.0,175112.0,4100.0,4110.0,4012.0,4092.6,25780650,4501.8,3683.4,4440.0,3288.1,4029.5,142,1,4029.4,262,4,4029.3,175,1,4029.2,146,3,4029.1,180,2,4029.7,213,5,4029.8,6,2,4029.9,118,4,4030.0,2242,11,4030.1,40,3
11483,2026-07-02 14:27:00+05:30,4029.5,6,4034.44,1764028,177287.0,175112.0,4100.0,4110.0,4012.0,4092.6,25780650,4501.8,3683.4,4440.0,3288.1,4029.5,142,1,4029.4,262,4,4029.3,175,1,4029.2,146,3,4029.1,180,2,4029.7,213,5,4029.8,6,2,4029.9,118,4,4030.0,2242,11,4030.1,40,3
11483,2026-07-02 14:27:00+05:30,4029.5,3,4034.44,1764599,175743.0,175366.0,4100.0,4110.0,4012.0,4092.6,25780650,4501.8,3683.4,4440.0,3288.1,4029.2,146,3,4029.1,180,2,4029.0,696,5,4028.8,175,1,4028.6,20,1,4029.5,126,3,4029.6,70,3,4029.7,134,5,4029.8,96,5,4029.9,121,5
11483,2026-07-02 14:27:01+05:30,4029.2,68,4034.44,1764599,175743.0,175366.0,4100.0,4110.0,4012.0,4092.6,25780650,4501.8,3683.4,4440.0,3288.1,4029.2,146,3,4029.1,180,2,4029.0,696,5,4028.8,175,1,4028.6,20,1,4029.5,126,3,4029.6,70,3,4029.7,134,5,4029.8,96,5,4029.9,121,5
11483,2026-07-02 14:27:01+05:30,4029.2,20,4034.44,1764687,175758.0,175530.0,4100.0,4110.0,4012.0,4092.6,25780650,4501.8,3683.4,4440.0,3288.1,4029.2,58,3,4029.1,355,3,4029.0,696,5,4028.8,175,1,4028.6,20,1,4029.3,158,5,4029.6,150,5,4029.7,138,6,4029.8,96,5,4029.9,118,4
11483,2026-07-02 14:27:02+05:30,4029.2,2,4034.44,1764687,175758.0,175530.0,4100.0,4110.0,4012.0,4092.6,25780650,4501.8,3683.4,4440.0,3288.1,4029.2,58,3,4029.1,355,3,4029.0,696,5,4028.8,175,1,4028.6,20,1,4029.3,158,5,4029.6,150,5,4029.7,138,6,4029.8,96,5,4029.9,118,4
11483,2026-07-02 14:27:02+05:30,4029.3,1,4034.44,1764701,176122.0,175533.0,4100.0,4110.0,4012.0,4092.6,25780650,4501.8,3683.4,4440.0,3288.1,4029.2,220,4,4029.1,530,4,4029.0,696,5,4028.8,175,1,4028.6,20,1,4029.3,159,5,4029.4,8,2,4029.6,150,5,4029.7,133,4,4029.8,96,5
11483,2026-07-02 14:27:03+05:30,4030.0,63,4034.44,1764701,176122.0,175533.0,4100.0,4110.0,4012.0,4092.6,25780650,4501.8,3683.4,4440.0,3288.1,4029.2,220,4,4029.1,530,4,4029.0,696,5,4028.8,175,1,4028.6,20,1,4029.3,159,5,4029.4,8,2,4029.6,150,5,4029.7,133,4,4029.8,96,5
11483,2026-07-02 14:27:03+05:30,4029.3,1,4034.43,1766851,175492.0,175191.0,4100.0,4110.0,4012.0,4092.6,25780650,4501.8,3683.4,4440.0,3288.1,4029.2,175,1,4029.1,104,1,4029.0,339,4,4028.8,175,1,4028.6,20,1,4029.7,60,4,4029.8,47,3,4029.9,29,2,4030.0,2222,14,4030.1,96,4
11483,2026-07-02 14:27:04+05:30,4029.2,20,4034.43,1766851,175492.0,175191.0,4100.0,4110.0,4012.0,4092.6,25780650,4501.8,3683.4,4440.0,3288.1,4029.2,175,1,4029.1,104,1,4029.0,339,4,4028.8,175,1,4028.6,20,1,4029.7,60,4,4029.8,47,3,4029.9,29,2,4030.0,2222,14,4030.1,96,4
11483,2026-07-02 14:27:04+05:30,4029.2,20,4034.43,1768015,174614.0,175708.0,4100.0,4110.0,4012.0,4092.6,25780650,4501.8,3683.4,4440.0,3288.1,4028.6,175,1,4028.1,88,3,4028.0,123,6,4027.9,79,2,4027.8,183,3,4029.2,6,2,4029.5,12,1,4029.6,14,1,4029.7,21,2,4029.8,38,2
11483,2026-07-02 14:27:05+05:30,4028.6,140,4034.43,1768015,174614.0,175708.0,4100.0,4110.0,4012.0,4092.6,25780650,4501.8,3683.4,4440.0,3288.1,4028.6,175,1,4028.1,88,3,4028.0,123,6,4027.9,79,2,4027.8,183,3,4029.2,6,2,4029.5,12,1,4029.6,14,1,4029.7,21,2,4029.8,38,2
11483,2026-07-02 14:27:05+05:30,4029.2,17,4034.43,1768205,174834.0,175387.0,4100.0,4110.0,4012.0,4092.6,25780650,4501.8,3683.4,4440.0,3288.1,4029.0,175,1,4028.6,55,2,4028.5,15,1,4028.3,19,1,4028.2,3,1,4029.2,10,2,4029.5,10,1,4029.6,12,1,4029.7,4,2,4029.8,38,2
11483,2026-07-02 14:27:06+05:30,4029.7,9,4034.43,1768205,174834.0,175387.0,4100.0,4110.0,4012.0,4092.6,25780650,4501.8,3683.4,4440.0,3288.1,4029.0,175,1,4028.6,55,2,4028.5,15,1,4028.3,19,1,4028.2,3,1,4029.2,10,2,4029.5,10,1,4029.6,12,1,4029.7,4,2,4029.8,38,2
11483,2026-07-02 14:27:06+05:30,4029.7,45,4034.43,1768336,176848.0,175491.0,4100.0,4110.0,4012.0,4092.6,25780650,4501.8,3683.4,4440.0,3288.1,4029.7,13,1,4029.2,157,3,4029.0,152,1,4028.6,55,2,4028.5,15,1,4029.8,66,4,4029.9,35,2,4030.0,2176,12,4030.1,21,2,4030.2,72,3
11483,2026-07-02 14:27:07+05:30,4029.7,16,4034.43,1768336,176848.0,175491.0,4100.0,4110.0,4012.0,4092.6,25780650,4501.8,3683.4,4440.0,3288.1,4029.7,13,1,4029.2,157,3,4029.0,152,1,4028.6,55,2,4028.5,15,1,4029.8,66,4,4029.9,35,2,4030.0,2176,12,4030.1,21,2,4030.2,72,3
11483,2026-07-02 14:27:07+05:30,4029.8,1,4034.43,1768353,177642.0,175506.0,4100.0,4110.0,4012.0,4092.6,25780650,4501.8,3683.4,4440.0,3288.1,4029.7,30,3,4029.2,157,3,4029.1,175,1,4029.0,152,1,4028.7,175,1,4029.8,65,4,4029.9,25,2,4030.0,2151,11,4030.1,21,2,4030.2,72,3
11483,2026-07-02 14:27:08+05:30,4029.8,20,4034.43,1768353,177642.0,175506.0,4100.0,4110.0,4012.0,4092.6,25780650,4501.8,3683.4,4440.0,3288.1,4029.7,30,3,4029.2,157,3,4029.1,175,1,4029.0,152,1,4028.7,175,1,4029.8,65,4,4029.9,25,2,4030.0,2151,11,4030.1,21,2,4030.2,72,3
11483,2026-07-02 14:27:08+05:30,4029.8,20,4034.43,1768390,177882.0,175433.0,4100.0,4110.0,4012.0,4092.6,25780650,4501.8,3683.4,4440.0,3288.1,4029.7,28,3,4029.2,157,3,4029.1,175,1,4029.0,152,1,4028.7,175,1,4029.8,28,2,4029.9,25,2,4030.0,2151,11,4030.1,21,2,4030.2,72,3
11483,2026-07-02 14:27:09+05:30,4029.8,2,4034.43,1768390,177882.0,175433.0,4100.0,4110.0,4012.0,4092.6,25780650,4501.8,3683.4,4440.0,3288.1,4029.7,28,3,4029.2,157,3,4029.1,175,1,4029.0,152,1,4028.7,175,1,4029.8,28,2,4029.9,25,2,4030.0,2151,11,4030.1,21,2,4030.2,72,3
11483,2026-07-02 14:27:09+05:30,4029.8,2,4034.43,1768396,177880.0,175363.0,4100.0,4110.0,4012.0,4092.6,25780650,4501.8,3683.4,4440.0,3288.1,4029.7,24,1,4029.2,157,3,4029.1,175,1,4029.0,152,1,4028.7,175,1,4029.8,4,2,4029.9,25,2,4030.0,2137,11,4030.1,21,2,4030.2,72,3
11483,2026-07-02 14:27:10+05:30,4029.7,1,4034.43,1768396,177880.0,175363.0,4100.0,4110.0,4012.0,4092.6,25780650,4501.8,3683.4,4440.0,3288.1,4029.7,24,1,4029.2,157,3,4029.1,175,1,4029.0,152,1,4028.7,175,1,4029.8,4,2,4029.9,25,2,4030.0,2137,11,4030.1,21,2,4030.2,72,3
11483,2026-07-02 14:27:10+05:30,4029.2,3,4034.43,1768423,177971.0,175723.0,4100.0,4110.0,4012.0,4092.6,25780650,4501.8,3683.4,4440.0,3288.1,4029.2,154,3,4029.1,175,1,4029.0,544,3,4028.9,19,1,4028.7,23,1,4029.7,23,1,4029.8,28,3,4029.9,21,1,4030.0,2215,15,4030.1,21,2
11483,2026-07-02 14:27:11+05:30,4029.2,3,4034.43,1768423,177971.0,175723.0,4100.0,4110.0,4012.0,4092.6,25780650,4501.8,3683.4,4440.0,3288.1,4029.2,154,3,4029.1,175,1,4029.0,544,3,4028.9,19,1,4028.7,23,1,4029.7,23,1,4029.8,28,3,4029.9,21,1,4030.0,2215,15,4030.1,21,2
11483,2026-07-02 14:27:11+05:30,4029.7,7,4034.43,1768433,177985.0,175981.0,4100.0,4110.0,4012.0,4092.6,25780650,4501.8,3683.4,4440.0,3288.1,4029.2,150,2,4029.1,175,1,4029.0,525,2,4028.6,195,2,4028.5,59,2,4029.4,16,1,4029.5,105,2,4029.6,42,1,4029.7,42,1,4029.8,70,4
11483,2026-07-02 14:27:12+05:30,4029.2,1,4034.43,1768433,177985.0,175981.0,4100.0,4110.0,4012.0,4092.6,25780650,4501.8,3683.4,4440.0,3288.1,4029.2,150,2,4029.1,175,1,4029.0,525,2,4028.6,195,2,4028.5,59,2,4029.4,16,1,4029.5,105,2,4029.6,42,1,4029.7,42,1,4029.8,70,4
11483,2026-07-02 14:27:12+05:30,4029.2,16,4034.43,1768451,177835.0,175718.0,4100.0,4110.0,4012.0,4092.6,25780650,4501.8,3683.4,4440.0,3288.1,4029.2,132,2,4029.1,175,1,4029.0,700,3,4028.6,195,2,4028.5,44,1,4029.3,81,1,4029.4,44,2,4029.5,66,2,4029.6,42,1,4029.8,331,5
11483,2026-07-02 14:27:13+05:30,4029.3,5,4034.43,1768451,177835.0,175718.0,4100.0,4110.0,4012.0,4092.6,25780650,4501.8,3683.4,4440.0,3288.1,4029.2,132,2,4029.1,175,1,4029.0,700,3,4028.6,195,2,4028.5,44,1,4029.3,81,1,4029.4,44,2,4029.5,66,2,4029.6,42,1,4029.8,331,5
11483,2026-07-02 14:27:13+05:30,4029.3,5,4034.43,1768458,178051.0,175611.0,4100.0,4110.0,4012.0,4092.6,25780650,4501.8,3683.4,4440.0,3288.1,4029.3,18,1,4029.2,130,2,4029.0,700,3,4028.6,195,2,4028.2,47,2,4029.4,44,2,4029.5,42,1,4029.6,42,1,4029.8,308,5,4029.9,21,1
11483,2026-07-02 14:27:14+05:30,4029.3,1,4034.43,1768458,178051.0,175611.0,4100.0,4110.0,4012.0,4092.6,25780650,4501.8,3683.4,4440.0,3288.1,4029.3,18,1,4029.2,130,2,4029.0,700,3,4028.6,195,2,4028.2,47,2,4029.4,44,2,4029.5,42,1,4029.6,42,1,4029.8,308,5,4029.9,21,1
11483,2026-07-02 14:27:14+05:30,4029.3,17,4034.43,1768476,178613.0,175565.0,4100.0,4110.0,4012.0,4092.6,25780650,4501.8,3683.4,4440.0,3288.1,4029.3,18,1,4029.2,130,2,4029.1,175,1,4029.0,875,4,4028.6,195,2,4029.4,127,5,4029.5,51,3,4029.6,66,2,4029.7,51,2,4029.8,266,4
11483,2026-07-02 14:27:15+05:30,4029.3,2,4034.43,1768476,178613.0,175565.0,4100.0,4110.0,4012.0,4092.6,25780650,4501.8,3683.4,4440.0,3288.1,4029.3,18,1,4029.2,130,2,4029.1,175,1,4029.0,875,4,4028.6,195,2,4029.4,127,5,4029.5,51,3,4029.6,66,2,4029.7,51,2,4029.8,266,4
11483,2026-07-02 14:27:15+05:30,4029.4,3,4034.43,1768484,178138.0,175613.0,4100.0,4110.0,4012.0,4092.6,25780650,4501.8,3683.4,4440.0,3288.1,4029.3,16,1,4029.2,130,2,4029.1,175,1,4029.0,700,3,4028.6,195,2,4029.4,121,4,4029.5,109,4,4029.6,66,2,4029.7,63,3,4029.8,253,3
11483,2026-07-02 14:27:16+05:30,4029.3,1,4034.43,1768484,178138.0,175613.0,4100.0,4110.0,4012.0,4092.6,25780650,4501.8,3683.4,4440.0,3288.1,4029.3,16,1,4029.2,130,2,4029.1,175,1,4029.0,700,3,4028.6,195,2,4029.4,121,4,4029.5,109,4,4029.6,66,2,4029.7,63,3,4029.8,253,3
11483,2026-07-02 14:27:16+05:30,4028.1,42,4034.42,1770894,173754.0,176331.0,4100.0,4110.0,4012.0,4092.6,25780650,4501.8,3683.4,4440.0,3288.1,4028.1,167,4,4028.0,9,1,4027.9,9,1,4027.8,78,1,4027.6,184,2,4028.3,42,1,4028.6,15,1,4028.7,22,1,4028.8,22,1,4028.9,19,1
11483,2026-07-02 14:27:17+05:30,4028.7,5,4034.42,1770894,173754.0,176331.0,4100.0,4110.0,4012.0,4092.6,25780650,4501.8,3683.4,4440.0,3288.1,4028.1,167,4,4028.0,9,1,4027.9,9,1,4027.8,78,1,4027.6,184,2,4028.3,42,1,4028.6,15,1,4028.7,22,1,4028.8,22,1,4028.9,19,1
11483,2026-07-02 14:27:18+05:30,4029.3,7,4034.42,1772320,174500.0,175897.0,4100.0,4110.0,4012.0,4092.6,25780650,4501.8,3683.4,4440.0,3288.1,4028.0,9,1,4027.9,18,1,4027.8,157,3,4027.6,195,2,4027.1,24,2,4029.0,24,1,4029.2,85,4,4029.3,87,5,4029.4,71,4,4029.5,110,4
11483,2026-07-02 14:27:18+05:30,4028.0,9,4034.42,1772320,174500.0,175897.0,4100.0,4110.0,4012.0,4092.6,25780650,4501.8,3683.4,4440.0,3288.1,4028.0,9,1,4027.9,18,1,4027.8,157,3,4027.6,195,2,4027.1,24,2,4029.0,24,1,4029.2,85,4,4029.3,87,5,4029.4,71,4,4029.5,110,4
11483,2026-07-02 14:27:19+05:30,4026.0,30,4034.41,1773644,169904.0,178776.0,4100.0,4110.0,4012.0,4092.6,25780650,4501.8,3683.4,4440.0,3288.1,4025.0,23,3,4024.8,67,2,4024.6,31,2,4024.5,44,1,4024.4,33,1,4026.0,40,3,4026.4,48,2,4026.5,70,2,4026.6,24,1,4026.7,37,1
11483,2026-07-02 14:27:19+05:30,4026.2,42,4034.41,1773644,169904.0,178776.0,4100.0,4110.0,4012.0,4092.6,25780650,4501.8,3683.4,4440.0,3288.1,4025.0,23,3,4024.8,67,2,4024.6,31,2,4024.5,44,1,4024.4,33,1,4026.0,40,3,4026.4,48,2,4026.5,70,2,4026.6,24,1,4026.7,37,1
11483,2026-07-02 14:27:20+05:30,4027.4,5,4034.41,1773644,169904.0,178776.0,4100.0,4110.0,4012.0,4092.6,25780650,4501.8,3683.4,4440.0,3288.1,4025.0,23,3,4024.8,67,2,4024.6,31,2,4024.5,44,1,4024.4,33,1,4026.0,40,3,4026.4,48,2,4026.5,70,2,4026.6,24,1,4026.7,37,1
11483,2026-07-02 14:27:20+05:30,4027.4,5,4034.41,1774443,172296.0,177857.0,4100.0,4110.0,4012.0,4092.6,25780650,4501.8,3683.4,4440.0,3288.1,4026.1,14,1,4026.0,46,4,4025.9,14,1,4025.8,90,2,4025.7,53,1,4026.8,81,1,4026.9,42,1,4027.5,77,2,4027.6,113,3,4027.7,21,1
11483,2026-07-02 14:27:21+05:30,4025.9,1,4034.41,1774443,172296.0,177857.0,4100.0,4110.0,4012.0,4092.6,25780650,4501.8,3683.4,4440.0,3288.1,4026.1,14,1,4026.0,46,4,4025.9,14,1,4025.8,90,2,4025.7,53,1,4026.8,81,1,4026.9,42,1,4027.5,77,2,4027.6,113,3,4027.7,21,1
11483,2026-07-02 14:27:21+05:30,4025.9,1,4034.4,1774612,172744.0,178008.0,4100.0,4110.0,4012.0,4092.6,25780650,4501.8,3683.4,4440.0,3288.1,4026.0,4,1,4025.9,23,2,4025.8,19,1,4025.6,23,1,4025.5,3,1,4026.3,67,1,4026.5,70,2,4026.6,70,2,4026.8,42,1,4027.2,13,1
11483,2026-07-02 14:27:22+05:30,4026.4,2,4034.4,1774612,172744.0,178008.0,4100.0,4110.0,4012.0,4092.6,25780650,4501.8,3683.4,4440.0,3288.1,4026.0,4,1,4025.9,23,2,4025.8,19,1,4025.6,23,1,4025.5,3,1,4026.3,67,1,4026.5,70,2,4026.6,70,2,4026.8,42,1,4027.2,13,1
11483,2026-07-02 14:27:22+05:30,4026.4,2,4034.4,1774634,172946.0,177205.0,4100.0,4110.0,4012.0,4092.6,25780650,4501.8,3683.4,4440.0,3288.1,4026.1,55,5,4026.0,18,2,4025.9,29,3,4025.8,14,1,4025.7,24,1,4027.6,59,2,4027.8,83,4,4027.9,44,1,4028.0,72,4,4028.1,12,1
11483,2026-07-02 14:27:23+05:30,4027.6,1,4034.4,1774634,172946.0,177205.0,4100.0,4110.0,4012.0,4092.6,25780650,4501.8,3683.4,4440.0,3288.1,4026.1,55,5,4026.0,18,2,4025.9,29,3,4025.8,14,1,4025.7,24,1,4027.6,59,2,4027.8,83,4,4027.9,44,1,4028.0,72,4,4028.1,12,1
11483,2026-07-02 14:27:23+05:30,4027.6,1,4034.4,1774638,172892.0,177108.0,4100.0,4110.0,4012.0,4092.6,25780650,4501.8,3683.4,4440.0,3288.1,4026.1,48,4,4026.0,18,2,4025.9,29,3,4025.8,14,1,4025.7,24,1,4027.6,58,2,4027.7,8,1,4027.8,111,4,4027.9,44,1,4028.0,72,4
11483,2026-07-02 14:27:24+05:30,4027.6,1,4034.4,1774638,172892.0,177108.0,4100.0,4110.0,4012.0,4092.6,25780650,4501.8,3683.4,4440.0,3288.1,4026.1,48,4,4026.0,18,2,4025.9,29,3,4025.8,14,1,4025.7,24,1,4027.6,58,2,4027.7,8,1,4027.8,111,4,4027.9,44,1,4028.0,72,4
11483,2026-07-02 14:27:24+05:30,4027.6,1,4034.4,1774643,173678.0,176933.0,4100.0,4110.0,4012.0,4092.6,25780650,4501.8,3683.4,4440.0,3288.1,4026.9,81,1,4026.8,42,1,4026.7,63,2,4026.6,42,1,4026.5,37,2,4027.6,14,1,4027.9,2,1,4028.0,72,4,4028.1,12,1,4028.3,35,2
11483,2026-07-02 14:27:25+05:30,4026.9,1,4034.4,1774643,173678.0,176933.0,4100.0,4110.0,4012.0,4092.6,25780650,4501.8,3683.4,4440.0,3288.1,4026.9,81,1,4026.8,42,1,4026.7,63,2,4026.6,42,1,4026.5,37,2,4027.6,14,1,4027.9,2,1,4028.0,72,4,4028.1,12,1,4028.3,35,2
11483,2026-07-02 14:27:25+05:30,4026.9,1,4034.4,1774644,173572.0,177771.0,4100.0,4110.0,4012.0,4092.6,25780650,4501.8,3683.4,4440.0,3288.1,4026.8,42,1,4026.7,42,1,4026.6,42,1,4026.5,11,1,4026.4,42,1,4027.6,37,3,4027.9,27,2,4028.0,98,5,4028.1,36,2,4028.2,30,1
11483,2026-07-02 14:27:26+05:30,4027.6,1,4034.4,1774644,173572.0,177771.0,4100.0,4110.0,4012.0,4092.6,25780650,4501.8,3683.4,4440.0,3288.1,4026.8,42,1,4026.7,42,1,4026.6,42,1,4026.5,11,1,4026.4,42,1,4027.6,37,3,4027.9,27,2,4028.0,98,5,4028.1,36,2,4028.2,30,1
11483,2026-07-02 14:27:26+05:30,4027.3,5,4034.4,1774664,173292.0,177314.0,4100.0,4110.0,4012.0,4092.6,25780650,4501.8,3683.4,4440.0,3288.1,4027.3,69,1,4027.1,42,1,4027.0,42,1,4026.8,83,2,4026.5,37,2,4027.6,29,3,4027.9,2,1,4028.0,72,4,4028.3,35,2,4028.4,99,3
11483,2026-07-02 14:27:27+05:30,4027.6,5,4034.4,1774664,173292.0,177314.0,4100.0,4110.0,4012.0,4092.6,25780650,4501.8,3683.4,4440.0,3288.1,4027.3,69,1,4027.1,42,1,4027.0,42,1,4026.8,83,2,4026.5,37,2,4027.6,29,3,4027.9,2,1,4028.0,72,4,4028.3,35,2,4028.4,99,3
11483,2026-07-02 14:27:27+05:30,4027.6,5,4034.4,1774679,174615.0,176597.0,4100.0,4110.0,4012.0,4092.6,25780650,4501.8,3683.4,4440.0,3288.1,4027.5,59,4,4027.4,15,2,4027.3,67,1,4027.2,54,2,4027.1,42,1,4027.6,7,1,4028.0,9,1,4028.7,12,1,4028.8,59,2,4028.9,30,1
11483,2026-07-02 14:27:28+05:30,4027.6,5,4034.4,1774679,174239.0,176655.0,4100.0,4110.0,4012.0,4092.6,25780650,4501.8,3683.4,4440.0,3288.1,4027.4,1,1,4027.3,109,2,4027.2,42,1,4027.0,217,2,4026.9,35,1,4027.5,1,1,4027.6,7,1,4028.0,9,1,4028.7,12,1,4028.8,92,3
11483,2026-07-02 14:27:28+05:30,4027.6,5,4034.4,1774679,174239.0,176655.0,4100.0,4110.0,4012.0,4092.6,25780650,4501.8,3683.4,4440.0,3288.1,4027.4,1,1,4027.3,109,2,4027.2,42,1,4027.0,217,2,4026.9,35,1,4027.5,1,1,4027.6,7,1,4028.0,9,1,4028.7,12,1,4028.8,92,3
11483,2026-07-02 14:27:29+05:30,4027.6,5,4034.4,1774679,174239.0,176655.0,4100.0,4110.0,4012.0,4092.6,25780650,4501.8,3683.4,4440.0,3288.1,4027.4,1,1,4027.3,109,2,4027.2,42,1,4027.0,217,2,4026.9,35,1,4027.5,1,1,4027.6,7,1,4028.0,9,1,4028.7,12,1,4028.8,92,3
11483,2026-07-02 14:27:29+05:30,4027.6,5,4034.4,1774679,174239.0,176655.0,4100.0,4110.0,4012.0,4092.6,25780650,4501.8,3683.4,4440.0,3288.1,4027.4,1,1,4027.3,109,2,4027.2,42,1,4027.0,217,2,4026.9,35,1,4027.5,1,1,4027.6,7,1,4028.0,9,1,4028.7,12,1,4028.8,92,3
11483,2026-07-02 14:27:29+05:30,4027.6,5,4034.4,1774686,174188.0,176737.0,4100.0,4110.0,4012.0,4092.6,25780650,4501.8,3683.4,4440.0,3288.1,4027.4,1,1,4027.3,109,2,4027.2,42,1,4027.0,217,2,4026.8,60,2,4027.6,2,1,4028.0,9,1,4028.5,24,1,4028.6,2,1,4028.7,12,1
11483,2026-07-02 14:27:29+05:30,4027.6,5,4034.4,1774686,174188.0,176737.0,4100.0,4110.0,4012.0,4092.6,25780650,4501.8,3683.4,4440.0,3288.1,4027.4,1,1,4027.3,109,2,4027.2,42,1,4027.0,217,2,4026.8,60,2,4027.6,2,1,4028.0,9,1,4028.5,24,1,4028.6,2,1,4028.7,12,1
11483,2026-07-02 14:27:30+05:30,4027.4,1,4034.4,1774686,174188.0,176737.0,4100.0,4110.0,4012.0,4092.6,25780650,4501.8,3683.4,4440.0,3288.1,4027.4,1,1,4027.3,109,2,4027.2,42,1,4027.0,217,2,4026.8,60,2,4027.6,2,1,4028.0,9,1,4028.5,24,1,4028.6,2,1,4028.7,12,1
11483,2026-07-02 14:27:30+05:30,4027.4,1,4034.4,1774686,174188.0,176737.0,4100.0,4110.0,4012.0,4092.6,25780650,4501.8,3683.4,4440.0,3288.1,4027.4,1,1,4027.3,109,2,4027.2,42,1,4027.0,217,2,4026.8,60,2,4027.6,2,1,4028.0,9,1,4028.5,24,1,4028.6,2,1,4028.7,12,1
11483,2026-07-02 14:27:30+05:30,4028.0,2,4034.4,1774700,174198.0,177179.0,4100.0,4110.0,4012.0,4092.6,25780650,4501.8,3683.4,4440.0,3288.1,4027.4,39,1,4027.3,109,2,4027.1,42,1,4027.0,175,1,4026.8,41,1,4028.0,548,4,4028.5,68,2,4028.6,53,3,4028.7,12,1,4028.8,92,3
11483,2026-07-02 14:27:31+05:30,4028.0,2,4034.4,1774700,174198.0,177179.0,4100.0,4110.0,4012.0,4092.6,25780650,4501.8,3683.4,4440.0,3288.1,4027.4,39,1,4027.3,109,2,4027.1,42,1,4027.0,175,1,4026.8,41,1,4028.0,548,4,4028.5,68,2,4028.6,53,3,4028.7,12,1,4028.8,92,3
11483,2026-07-02 14:27:31+05:30,4028.0,3,4034.4,1774700,174198.0,177179.0,4100.0,4110.0,4012.0,4092.6,25780650,4501.8,3683.4,4440.0,3288.1,4027.4,39,1,4027.3,109,2,4027.1,42,1,4027.0,175,1,4026.8,41,1,4028.0,548,4,4028.5,68,2,4028.6,53,3,4028.7,12,1,4028.8,92,3
11483,2026-07-02 14:27:31+05:30,4028.0,3,4034.4,1774700,174198.0,177179.0,4100.0,4110.0,4012.0,4092.6,25780650,4501.8,3683.4,4440.0,3288.1,4027.4,39,1,4027.3,109,2,4027.1,42,1,4027.0,175,1,4026.8,41,1,4028.0,548,4,4028.5,68,2,4028.6,53,3,4028.7,12,1,4028.8,92,3
11483,2026-07-02 14:27:31+05:30,4028.0,3,4034.4,1774707,174212.0,177625.0,4100.0,4110.0,4012.0,4092.6,25780650,4501.8,3683.4,4440.0,3288.1,4027.5,42,1,4027.4,37,1,4027.3,109,2,4027.0,175,1,4026.8,41,1,4028.0,561,4,4028.1,58,1,4028.3,24,1,4028.5,172,4,4028.6,29,2
11483,2026-07-02 14:27:32+05:30,4027.5,1,4034.4,1774707,174212.0,177625.0,4100.0,4110.0,4012.0,4092.6,25780650,4501.8,3683.4,4440.0,3288.1,4027.5,42,1,4027.4,37,1,4027.3,109,2,4027.0,175,1,4026.8,41,1,4028.0,561,4,4028.1,58,1,4028.3,24,1,4028.5,172,4,4028.6,29,2
11483,2026-07-02 14:27:32+05:30,4027.5,1,4034.4,1774707,174212.0,177625.0,4100.0,4110.0,4012.0,4092.6,25780650,4501.8,3683.4,4440.0,3288.1,4027.5,42,1,4027.4,37,1,4027.3,109,2,4027.0,175,1,4026.8,41,1,4028.0,561,4,4028.1,58,1,4028.3,24,1,4028.5,172,4,4028.6,29,2
11483,2026-07-02 14:27:32+05:30,4027.5,1,4034.4,1774708,174247.0,177686.0,4100.0,4110.0,4012.0,4092.6,25780650,4501.8,3683.4,4440.0,3288.1,4027.5,41,1,4027.4,37,1,4027.3,109,2,4027.0,175,1,4026.8,53,2,4028.0,563,5,4028.1,58,1,4028.4,21,1,4028.5,172,4,4028.6,75,3
11483,2026-07-02 14:27:32+05:30,4027.5,1,4034.4,1774708,174247.0,177686.0,4100.0,4110.0,4012.0,4092.6,25780650,4501.8,3683.4,4440.0,3288.1,4027.5,41,1,4027.4,37,1,4027.3,109,2,4027.0,175,1,4026.8,53,2,4028.0,563,5,4028.1,58,1,4028.4,21,1,4028.5,172,4,4028.6,75,3
11483,2026-07-02 14:27:33+05:30,4027.5,10,4034.4,1774708,174247.0,177686.0,4100.0,4110.0,4012.0,4092.6,25780650,4501.8,3683.4,4440.0,3288.1,4027.5,41,1,4027.4,37,1,4027.3,109,2,4027.0,175,1,4026.8,53,2,4028.0,563,5,4028.1,58,1,4028.4,21,1,4028.5,172,4,4028.6,75,3
11483,2026-07-02 14:27:33+05:30,4027.5,10,4034.4,1774708,174247.0,177686.0,4100.0,4110.0,4012.0,4092.6,25813025,4501.8,3683.4,4440.0,3288.1,4027.5,41,1,4027.4,37,1,4027.3,109,2,4027.0,175,1,4026.8,53,2,4028.0,563,5,4028.1,58,1,4028.4,21,1,4028.5,172,4,4028.6,75,3
11483,2026-07-02 14:27:33+05:30,4027.5,10,4034.4,1774720,174581.0,177691.0,4100.0,4110.0,4012.0,4092.6,25813025,4501.8,3683.4,4440.0,3288.1,4027.5,29,1,4027.4,37,1,4027.3,109,2,4027.0,175,1,4026.8,53,2,4028.0,563,5,4028.1,58,1,4028.5,172,4,4028.6,75,3,4028.7,12,1
11483,2026-07-02 14:27:33+05:30,4027.5,10,4034.4,1774720,174581.0,177691.0,4100.0,4110.0,4012.0,4092.6,25813025,4501.8,3683.4,4440.0,3288.1,4027.5,29,1,4027.4,37,1,4027.3,109,2,4027.0,175,1,4026.8,53,2,4028.0,563,5,4028.1,58,1,4028.5,172,4,4028.6,75,3,4028.7,12,1
11483,2026-07-02 14:27:34+05:30,4027.4,26,4034.4,1774720,174581.0,177691.0,4100.0,4110.0,4012.0,4092.6,25813025,4501.8,3683.4,4440.0,3288.1,4027.5,29,1,4027.4,37,1,4027.3,109,2,4027.0,175,1,4026.8,53,2,4028.0,563,5,4028.1,58,1,4028.5,172,4,4028.6,75,3,4028.7,12,1
11483,2026-07-02 14:27:34+05:30,4027.4,26,4034.4,1774720,174581.0,177691.0,4100.0,4110.0,4012.0,4092.6,25813025,4501.8,3683.4,4440.0,3288.1,4027.5,29,1,4027.4,37,1,4027.3,109,2,4027.0,175,1,4026.8,53,2,4028.0,563,5,4028.1,58,1,4028.5,172,4,4028.6,75,3,4028.7,12,1
11483,2026-07-02 14:27:34+05:30,4027.4,26,4034.4,1774775,174158.0,177824.0,4100.0,4110.0,4012.0,4092.6,25813025,4501.8,3683.4,4440.0,3288.1,4027.4,11,1,4027.3,67,1,4027.1,11,1,4027.0,217,2,4026.8,41,1,4027.5,25,3,4027.6,10,1,4028.0,529,4,4028.1,206,4,4028.2,13,1
11483,2026-07-02 14:27:34+05:30,4027.4,26,4034.4,1774775,174158.0,177824.0,4100.0,4110.0,4012.0,4092.6,25813025,4501.8,3683.4,4440.0,3288.1,4027.4,11,1,4027.3,67,1,4027.1,11,1,4027.0,217,2,4026.8,41,1,4027.5,25,3,4027.6,10,1,4028.0,529,4,4028.1,206,4,4028.2,13,1
11483,2026-07-02 14:27:35+05:30,4027.4,26,4034.4,1774775,174158.0,177824.0,4100.0,4110.0,4012.0,4092.6,25813025,4501.8,3683.4,4440.0,3288.1,4027.4,11,1,4027.3,67,1,4027.1,11,1,4027.0,217,2,4026.8,41,1,4027.5,25,3,4027.6,10,1,4028.0,529,4,4028.1,206,4,4028.2,13,1
11483,2026-07-02 14:27:35+05:30,4027.5,1,4034.4,1774775,174158.0,177824.0,4100.0,4110.0,4012.0,4092.6,25813025,4501.8,3683.4,4440.0,3288.1,4027.4,11,1,4027.3,67,1,4027.1,11,1,4027.0,217,2,4026.8,41,1,4027.5,25,3,4027.6,10,1,4028.0,529,4,4028.1,206,4,4028.2,13,1
11483,2026-07-02 14:27:35+05:30,4027.6,10,4034.4,1774819,174252.0,177300.0,4100.0,4110.0,4012.0,4092.6,25813025,4501.8,3683.4,4440.0,3288.1,4027.6,156,3,4027.4,46,2,4027.3,67,1,4027.1,11,1,4027.0,175,1,4028.0,561,4,4028.1,58,1,4028.2,13,1,4028.5,92,3,4028.6,28,2
11483,2026-07-02 14:27:36+05:30,4028.0,128,4034.4,1774819,174252.0,177300.0,4100.0,4110.0,4012.0,4092.6,25813025,4501.8,3683.4,4440.0,3288.1,4027.6,156,3,4027.4,46,2,4027.3,67,1,4027.1,11,1,4027.0,175,1,4028.0,561,4,4028.1,58,1,4028.2,13,1,4028.5,92,3,4028.6,28,2
11483,2026-07-02 14:27:36+05:30,4028.0,128,4034.4,1775010,174708.0,176983.0,4100.0,4110.0,4012.0,4092.6,25813025,4501.8,3683.4,4440.0,3288.1,4027.6,93,2,4027.4,46,2,4027.3,67,1,4027.1,11,1,4027.0,175,1,4028.0,399,3,4028.2,13,1,4028.5,44,1,4028.6,28,2,4028.7,12,1
11483,2026-07-02 14:27:37+05:30,4028.0,26,4034.4,1775010,174708.0,176983.0,4100.0,4110.0,4012.0,4092.6,25813025,4501.8,3683.4,4440.0,3288.1,4027.6,93,2,4027.4,46,2,4027.3,67,1,4027.1,11,1,4027.0,175,1,4028.0,399,3,4028.2,13,1,4028.5,44,1,4028.6,28,2,4028.7,12,1
11483,2026-07-02 14:27:37+05:30,4027.7,4,4034.4,1775065,174943.0,177118.0,4100.0,4110.0,4012.0,4092.6,25813025,4501.8,3683.4,4440.0,3288.1,4027.7,38,1,4027.6,28,1,4027.5,42,1,4027.4,6,2,4027.3,67,1,4028.0,378,4,4028.2,13,1,4028.5,44,1,4028.6,2,1,4028.7,12,1
11483,2026-07-02 14:27:38+05:30,4027.7,7,4034.4,1775065,174943.0,177118.0,4100.0,4110.0,4012.0,4092.6,25813025,4501.8,3683.4,4440.0,3288.1,4027.7,38,1,4027.6,28,1,4027.5,42,1,4027.4,6,2,4027.3,67,1,4028.0,378,4,4028.2,13,1,4028.5,44,1,4028.6,2,1,4028.7,12,1
11483,2026-07-02 14:27:38+05:30,4027.7,7,4034.4,1775072,174701.0,177416.0,4100.0,4110.0,4012.0,4092.6,25813025,4501.8,3683.4,4440.0,3288.1,4027.7,31,1,4027.6,28,1,4027.4,48,3,4027.3,80,2,4027.2,1,1,4028.0,412,5,4028.2,13,1,4028.4,16,1,4028.5,68,2,4028.6,23,2
11483,2026-07-02 14:27:39+05:30,4026.0,15,4034.4,1775072,174701.0,177416.0,4100.0,4110.0,4012.0,4092.6,25813025,4501.8,3683.4,4440.0,3288.1,4027.7,31,1,4027.6,28,1,4027.4,48,3,4027.3,80,2,4027.2,1,1,4028.0,412,5,4028.2,13,1,4028.4,16,1,4028.5,68,2,4028.6,23,2
11483,2026-07-02 14:27:39+05:30,4028.0,1,4034.4,1776576,174246.0,176121.0,4100.0,4110.0,4012.0,4092.6,25813025,4501.8,3683.4,4440.0,3288.1,4028.0,379,1,4026.9,189,6,4026.8,79,2,4026.7,103,4,4026.6,279,8,4028.2,13,1,4028.8,15,1,4029.0,289,4,4029.1,24,1,4029.2,9,1
11483,2026-07-02 14:27:40+05:30,4028.0,139,4034.4,1776576,174246.0,176121.0,4100.0,4110.0,4012.0,4092.6,25813025,4501.8,3683.4,4440.0,3288.1,4028.0,379,1,4026.9,189,6,4026.8,79,2,4026.7,103,4,4026.6,279,8,4028.2,13,1,4028.8,15,1,4029.0,289,4,4029.1,24,1,4029.2,9,1
11483,2026-07-02 14:27:40+05:30,4028.0,30,4034.4,1776788,175377.0,176378.0,4100.0,4110.0,4012.0,4092.6,25813025,4501.8,3683.4,4440.0,3288.1,4028.0,251,2,4027.9,42,1,4027.7,42,1,4027.5,98,3,4027.3,80,2,4028.5,25,1,4028.8,28,2,4029.0,252,2,4029.3,19,4,4029.4,58,4
11483,2026-07-02 14:27:41+05:30,4028.5,3,4034.4,1776788,175377.0,176378.0,4100.0,4110.0,4012.0,4092.6,25813025,4501.8,3683.4,4440.0,3288.1,4028.0,251,2,4027.9,42,1,4027.7,42,1,4027.5,98,3,4027.3,80,2,4028.5,25,1,4028.8,28,2,4029.0,252,2,4029.3,19,4,4029.4,58,4
11483,2026-07-02 14:27:41+05:30,4028.5,3,4034.4,1776816,174487.0,176581.0,4100.0,4110.0,4012.0,4092.6,25813025,4501.8,3683.4,4440.0,3288.1,4028.3,42,1,4028.1,59,2,4028.0,209,1,4027.9,42,1,4027.3,45,1,4028.5,22,1,4028.8,15,1,4028.9,175,1,4029.0,269,4,4029.3,17,3
11483,2026-07-02 14:27:42+05:30,4028.3,4,4034.4,1776816,174487.0,176581.0,4100.0,4110.0,4012.0,4092.6,25813025,4501.8,3683.4,4440.0,3288.1,4028.3,42,1,4028.1,59,2,4028.0,209,1,4027.9,42,1,4027.3,45,1,4028.5,22,1,4028.8,15,1,4028.9,175,1,4029.0,269,4,4029.3,17,3
11483,2026-07-02 14:27:42+05:30,4028.0,133,4034.4,1777050,174136.0,176824.0,4100.0,4110.0,4012.0,4092.6,25813025,4501.8,3683.4,4440.0,3288.1,4028.0,118,2,4027.4,26,1,4027.3,9,1,4027.2,24,1,4027.1,40,1,4028.5,22,1,4028.8,28,2,4028.9,175,1,4029.0,301,4,4029.2,3,1
11483,2026-07-02 14:27:43+05:30,4028.0,28,4034.4,1777050,174136.0,176824.0,4100.0,4110.0,4012.0,4092.6,25813025,4501.8,3683.4,4440.0,3288.1,4028.0,118,2,4027.4,26,1,4027.3,9,1,4027.2,24,1,4027.1,40,1,4028.5,22,1,4028.8,28,2,4028.9,175,1,4029.0,301,4,4029.2,3,1
11483,2026-07-02 14:27:43+05:30,4028.0,1,4034.4,1777080,174146.0,177128.0,4100.0,4110.0,4012.0,4092.6,25813025,4501.8,3683.4,4440.0,3288.1,4028.0,46,1,4027.2,24,1,4027.1,40,1,4027.0,9,1,4026.9,86,4,4028.5,22,1,4028.8,15,1,4028.9,175,1,4029.0,326,6,4029.2,3,1
11483,2026-07-02 14:27:44+05:30,4028.0,3,4034.4,1777080,174146.0,177128.0,4100.0,4110.0,4012.0,4092.6,25813025,4501.8,3683.4,4440.0,3288.1,4028.0,46,1,4027.2,24,1,4027.1,40,1,4027.0,9,1,4026.9,86,4,4028.5,22,1,4028.8,15,1,4028.9,175,1,4029.0,326,6,4029.2,3,1
11483,2026-07-02 14:27:44+05:30,4028.0,3,4034.4,1777083,174207.0,177185.0,4100.0,4110.0,4012.0,4092.6,25813025,4501.8,3683.4,4440.0,3288.1,4028.0,43,1,4027.1,40,1,4027.0,68,2,4026.9,86,4,4026.8,79,2,4028.5,22,1,4028.8,29,2,4028.9,175,1,4029.0,313,5,4029.2,3,1
11483,2026-07-02 14:27:45+05:30,4028.0,50,4034.4,1777083,174207.0,177185.0,4100.0,4110.0,4012.0,4092.6,25813025,4501.8,3683.4,4440.0,3288.1,4028.0,43,1,4027.1,40,1,4027.0,68,2,4026.9,86,4,4026.8,79,2,4028.5,22,1,4028.8,29,2,4028.9,175,1,4029.0,313,5,4029.2,3,1
11483,2026-07-02 14:27:46+05:30,4028.8,13,4034.39,1777190,174306.0,174559.0,4100.0,4110.0,4012.0,4092.6,25813025,4501.8,3683.4,4440.0,3288.1,4028.1,69,5,4028.0,139,2,4027.9,16,1,4027.8,45,2,4027.7,73,3,4028.6,59,1,4028.8,16,2,4028.9,215,2,4029.0,252,2,4029.3,17,3
11483,2026-07-02 14:27:46+05:30,4028.1,13,4034.39,1777190,174306.0,174559.0,4100.0,4110.0,4012.0,4092.6,25813025,4501.8,3683.4,4440.0,3288.1,4028.1,69,5,4028.0,139,2,4027.9,16,1,4027.8,45,2,4027.7,73,3,4028.6,59,1,4028.8,16,2,4028.9,215,2,4029.0,252,2,4029.3,17,3
11483,2026-07-02 14:27:47+05:30,4028.1,1,4034.39,1777211,174673.0,174644.0,4100.0,4110.0,4012.0,4092.6,25813025,4501.8,3683.4,4440.0,3288.1,4028.3,1,1,4028.1,25,2,4028.0,177,4,4027.9,66,2,4027.7,21,1,4028.6,52,1,4028.8,2,1,4028.9,215,2,4029.0,265,3,4029.3,16,2
11483,2026-07-02 14:27:47+05:30,4028.3,1,4034.39,1777211,174673.0,174644.0,4100.0,4110.0,4012.0,4092.6,25813025,4501.8,3683.4,4440.0,3288.1,4028.3,1,1,4028.1,25,2,4028.0,177,4,4027.9,66,2,4027.7,21,1,4028.6,52,1,4028.8,2,1,4028.9,215,2,4029.0,265,3,4029.3,16,2
11483,2026-07-02 14:27:47+05:30,4028.9,114,4034.39,1778496,174917.0,173795.0,4100.0,4110.0,4012.0,4092.6,25813025,4501.8,3683.4,4440.0,3288.1,4028.7,106,6,4028.6,57,4,4028.5,108,6,4028.4,79,5,4028.3,55,4,4028.9,101,2,4029.0,252,2,4029.3,3,1,4029.4,4,1,4029.5,410,2
11483,2026-07-02 14:27:48+05:30,4028.9,40,4034.39,1778496,174917.0,173795.0,4100.0,4110.0,4012.0,4092.6,25813025,4501.8,3683.4,4440.0,3288.1,4028.7,106,6,4028.6,57,4,4028.5,108,6,4028.4,79,5,4028.3,55,4,4028.9,101,2,4029.0,252,2,4029.3,3,1,4029.4,4,1,4029.5,410,2
11483,2026-07-02 14:27:48+05:30,4028.9,40,4034.39,1778751,174763.0,174140.0,4100.0,4110.0,4012.0,4092.6,25813025,4501.8,3683.4,4440.0,3288.1,4028.8,5,1,4028.7,41,5,4028.6,3,1,4028.5,10,2,4028.4,43,3,4028.9,107,2,4029.0,294,3,4029.1,42,1,4029.2,42,1,4029.3,3,1
11483,2026-07-02 14:27:49+05:30,4028.8,5,4034.39,1778751,174763.0,174140.0,4100.0,4110.0,4012.0,4092.6,25813025,4501.8,3683.4,4440.0,3288.1,4028.8,5,1,4028.7,41,5,4028.6,3,1,4028.5,10,2,4028.4,43,3,4028.9,107,2,4029.0,294,3,4029.1,42,1,4029.2,42,1,4029.3,3,1
11483,2026-07-02 14:27:49+05:30,4028.8,1,4034.39,1778758,174490.0,174365.0,4100.0,4110.0,4012.0,4092.6,25813025,4501.8,3683.4,4440.0,3288.1,4028.2,4,1,4028.1,48,3,4028.0,28,4,4027.9,9,1,4027.8,33,1,4028.8,2,1,4028.9,107,2,4029.0,294,3,4029.1,42,1,4029.2,42,1
11483,2026-07-02 14:27:50+05:30,4028.2,1,4034.39,1778758,174490.0,174365.0,4100.0,4110.0,4012.0,4092.6,25813025,4501.8,3683.4,4440.0,3288.1,4028.2,4,1,4028.1,48,3,4028.0,28,4,4027.9,9,1,4027.8,33,1,4028.8,2,1,4028.9,107,2,4029.0,294,3,4029.1,42,1,4029.2,42,1
11483,2026-07-02 14:27:50+05:30,4028.5,10,4034.39,1778769,174322.0,175198.0,4100.0,4110.0,4012.0,4092.6,25813025,4501.8,3683.4,4440.0,3288.1,4028.1,48,3,4028.0,28,4,4027.9,9,1,4027.8,33,1,4027.7,7,1,4028.5,57,1,4028.6,42,1,4028.7,42,1,4028.8,44,2,4028.9,40,1
11483,2026-07-02 14:27:51+05:30,4028.7,29,4034.39,1778769,174322.0,175198.0,4100.0,4110.0,4012.0,4092.6,25813025,4501.8,3683.4,4440.0,3288.1,4028.1,48,3,4028.0,28,4,4027.9,9,1,4027.8,33,1,4027.7,7,1,4028.5,57,1,4028.6,42,1,4028.7,42,1,4028.8,44,2,4028.9,40,1
11483,2026-07-02 14:27:51+05:30,4028.7,29,4034.39,1778899,174241.0,175187.0,4100.0,4110.0,4012.0,4092.6,25813025,4501.8,3683.4,4440.0,3288.1,4028.1,26,3,4028.0,28,4,4027.9,9,1,4027.8,33,1,4027.7,10,2,4028.6,42,1,4028.7,13,1,4028.8,44,2,4028.9,40,1,4029.0,252,2
11483,2026-07-02 14:27:52+05:30,4028.7,29,4034.39,1778899,174260.0,175306.0,4100.0,4110.0,4012.0,4092.6,25813025,4501.8,3683.4,4440.0,3288.1,4028.0,33,3,4027.5,24,1,4027.4,60,2,4027.3,35,2,4027.2,93,3,4028.1,12,2,4028.2,42,1,4028.4,42,1,4028.6,42,1,4028.7,13,1
11483,2026-07-02 14:27:53+05:30,4028.4,32,4034.39,1778999,174203.0,175117.0,4100.0,4110.0,4012.0,4092.6,25813025,4501.8,3683.4,4440.0,3288.1,4028.0,56,7,4027.8,14,1,4027.6,19,1,4027.5,24,1,4027.4,60,2,4028.2,7,1,4028.4,10,1,4028.7,55,2,4028.8,2,1,4028.9,40,1
11483,2026-07-02 14:27:54+05:30,4028.2,2,4034.39,1778999,174203.0,175117.0,4100.0,4110.0,4012.0,4092.6,25813025,4501.8,3683.4,4440.0,3288.1,4028.0,56,7,4027.8,14,1,4027.6,19,1,4027.5,24,1,4027.4,60,2,4028.2,7,1,4028.4,10,1,4028.7,55,2,4028.8,2,1,4028.9,40,1
11483,2026-07-02 14:27:54+05:30,4028.2,2,4034.39,1779013,174184.0,175207.0,4100.0,4110.0,4012.0,4092.6,25813025,4501.8,3683.4,4440.0,3288.1,4028.0,39,5,4027.8,24,2,4027.6,19,1,4027.5,24,1,4027.4,60,2,4028.1,5,1,4028.2,42,2,4028.4,10,1,4028.6,42,1,4028.7,13,1
11483,2026-07-02 14:27:55+05:30,4028.2,1,4034.39,1779013,174184.0,175207.0,4100.0,4110.0,4012.0,4092.6,25813025,4501.8,3683.4,4440.0,3288.1,4028.0,39,5,4027.8,24,2,4027.6,19,1,4027.5,24,1,4027.4,60,2,4028.1,5,1,4028.2,42,2,4028.4,10,1,4028.6,42,1,4028.7,13,1
11483,2026-07-02 14:27:55+05:30,4028.2,1,4034.39,1779015,174270.0,175333.0,4100.0,4110.0,4012.0,4092.6,25813025,4501.8,3683.4,4440.0,3288.1,4028.0,38,5,4027.8,10,1,4027.6,19,1,4027.5,24,1,4027.4,60,2,4028.1,4,1,4028.2,41,2,4028.4,10,1,4028.6,42,1,4028.7,13,1
11483,2026-07-02 14:27:56+05:30,4028.0,1,4034.39,1779015,174270.0,175333.0,4100.0,4110.0,4012.0,4092.6,25813025,4501.8,3683.4,4440.0,3288.1,4028.0,38,5,4027.8,10,1,4027.6,19,1,4027.5,24,1,4027.4,60,2,4028.1,4,1,4028.2,41,2,4028.4,10,1,4028.6,42,1,4028.7,13,1
11483,2026-07-02 14:27:56+05:30,4028.0,1,4034.39,1779016,174536.0,175398.0,4100.0,4110.0,4012.0,4092.6,25813025,4501.8,3683.4,4440.0,3288.1,4028.0,13,3,4027.8,34,2,4027.6,19,1,4027.5,24,1,4027.4,60,2,4028.1,4,1,4028.2,41,2,4028.4,10,1,4028.6,42,1,4028.7,13,1
11483,2026-07-02 14:27:57+05:30,4028.1,2,4034.39,1779018,174731.0,175353.0,4100.0,4110.0,4012.0,4092.6,25813025,4501.8,3683.4,4440.0,3288.1,4028.0,23,4,4027.9,24,1,4027.8,17,2,4027.6,19,1,4027.5,24,1,4028.1,4,1,4028.2,39,1,4028.4,10,1,4028.6,42,1,4028.7,13,1
11483,2026-07-02 14:27:58+05:30,4028.6,42,4034.39,1779018,174731.0,175353.0,4100.0,4110.0,4012.0,4092.6,25813025,4501.8,3683.4,4440.0,3288.1,4028.0,23,4,4027.9,24,1,4027.8,17,2,4027.6,19,1,4027.5,24,1,4028.1,4,1,4028.2,39,1,4028.4,10,1,4028.6,42,1,4028.7,13,1
11483,2026-07-02 14:27:58+05:30,4028.8,5,4034.39,1779087,175483.0,173958.0,4100.0,4110.0,4012.0,4092.6,25813025,4501.8,3683.4,4440.0,3288.1,4028.6,18,1,4028.5,49,5,4028.4,33,4,4028.3,67,6,4028.2,42,3,4028.8,12,2,4028.9,40,1,4029.0,302,3,4029.3,3,1,4029.4,4,1
11483,2026-07-02 14:27:59+05:30,4028.6,8,4034.39,1779087,175483.0,173958.0,4100.0,4110.0,4012.0,4092.6,25813025,4501.8,3683.4,4440.0,3288.1,4028.6,18,1,4028.5,49,5,4028.4,33,4,4028.3,67,6,4028.2,42,3,4028.8,12,2,4028.9,40,1,4029.0,302,3,4029.3,3,1,4029.4,4,1
11483,2026-07-02 14:27:59+05:30,4028.6,8,4034.39,1779095,175521.0,174048.0,4100.0,4110.0,4012.0,4092.6,25813025,4501.8,3683.4,4440.0,3288.1,4028.5,31,4,4028.4,30,3,4028.3,40,3,4028.2,28,2,4028.1,130,7,4028.7,60,1,4028.8,12,2,4028.9,40,1,4029.0,332,4,4029.3,3,1
11483,2026-07-02 14:28:00+05:30,4028.5,1,4034.39,1779095,175521.0,174048.0,4100.0,4110.0,4012.0,4092.6,25813025,4501.8,3683.4,4440.0,3288.1,4028.5,31,4,4028.4,30,3,4028.3,40,3,4028.2,28,2,4028.1,130,7,4028.7,60,1,4028.8,12,2,4028.9,40,1,4029.0,332,4,4029.3,3,1
11483,2026-07-02 14:28:00+05:30,4028.8,44,4034.39,1779803,175875.0,173338.0,4100.0,4110.0,4012.0,4092.6,25813025,4501.8,3683.4,4440.0,3288.1,4028.7,14,1,4028.6,93,6,4028.5,26,3,4028.4,30,3,4028.3,8,1,4029.5,9,1,4029.8,1,1,4029.9,40,3,4030.0,1823,13,4030.1,17,1
11483,2026-07-02 14:28:01+05:30,4028.7,9,4034.39,1779803,175875.0,173338.0,4100.0,4110.0,4012.0,4092.6,25813025,4501.8,3683.4,4440.0,3288.1,4028.7,14,1,4028.6,93,6,4028.5,26,3,4028.4,30,3,4028.3,8,1,4029.5,9,1,4029.8,1,1,4029.9,40,3,4030.0,1823,13,4030.1,17,1
11483,2026-07-02 14:28:01+05:30,4029.5,3,4034.39,1779916,175890.0,173625.0,4100.0,4110.0,4012.0,4092.6,25813025,4501.8,3683.4,4440.0,3288.1,4028.8,18,1,4028.7,56,4,4028.6,54,4,4028.5,26,3,4028.4,87,4,4029.5,6,1,4029.8,1,1,4029.9,40,3,4030.0,1823,13,4030.1,17,1
11483,2026-07-02 14:28:02+05:30,4028.8,14,4034.39,1779916,175890.0,173625.0,4100.0,4110.0,4012.0,4092.6,25813025,4501.8,3683.4,4440.0,3288.1,4028.8,18,1,4028.7,56,4,4028.6,54,4,4028.5,26,3,4028.4,87,4,4029.5,6,1,4029.8,1,1,4029.9,40,3,4030.0,1823,13,4030.1,17,1
11483,2026-07-02 14:28:02+05:30,4028.8,14,4034.39,1779930,175838.0,173750.0,4100.0,4110.0,4012.0,4092.6,25813025,4501.8,3683.4,4440.0,3288.1,4028.8,25,1,4028.7,38,3,4028.6,54,4,4028.5,5,1,4028.4,47,3,4029.5,8,2,4029.8,1,1,4029.9,40,3,4030.0,1823,13,4030.1,17,1
11483,2026-07-02 14:28:03+05:30,4028.8,1,4034.39,1779930,175838.0,173750.0,4100.0,4110.0,4012.0,4092.6,25813025,4501.8,3683.4,4440.0,3288.1,4028.8,25,1,4028.7,38,3,4028.6,54,4,4028.5,5,1,4028.4,47,3,4029.5,8,2,4029.8,1,1,4029.9,40,3,4030.0,1823,13,4030.1,17,1
11483,2026-07-02 14:28:03+05:30,4028.8,1,4034.39,1779931,175828.0,173764.0,4100.0,4110.0,4012.0,4092.6,25813025,4501.8,3683.4,4440.0,3288.1,4028.8,24,1,4028.7,38,3,4028.6,36,3,4028.5,5,1,4028.4,47,3,4029.5,8,2,4029.8,1,1,4029.9,40,3,4030.0,1823,13,4030.1,17,1
11483,2026-07-02 14:28:04+05:30,4028.8,1,4034.39,1779931,175828.0,173764.0,4100.0,4110.0,4012.0,4092.6,25813025,4501.8,3683.4,4440.0,3288.1,4028.8,24,1,4028.7,38,3,4028.6,36,3,4028.5,5,1,4028.4,47,3,4029.5,8,2,4029.8,1,1,4029.9,40,3,4030.0,1823,13,4030.1,17,1
11483,2026-07-02 14:28:04+05:30,4028.8,1,4034.39,1779932,175658.0,173614.0,4100.0,4110.0,4012.0,4092.6,25813025,4501.8,3683.4,4440.0,3288.1,4028.8,23,1,4028.7,12,1,4028.6,15,2,4028.5,5,1,4028.4,38,2,4029.5,8,2,4029.8,30,2,4029.9,40,3,4030.0,1823,13,4030.1,17,1
11483,2026-07-02 14:28:05+05:30,4028.8,1,4034.39,1779932,175421.0,174585.0,4100.0,4110.0,4012.0,4092.6,25813025,4501.8,3683.4,4440.0,3288.1,4028.8,23,1,4028.1,44,3,4028.0,101,8,4027.9,2,1,4027.8,208,5,4029.5,27,3,4029.6,42,2,4029.7,41,2,4029.8,72,4,4029.9,129,6
11483,2026-07-02 14:28:06+05:30,4029.5,2,4034.39,1779932,175421.0,174585.0,4100.0,4110.0,4012.0,4092.6,25813025,4501.8,3683.4,4440.0,3288.1,4028.8,23,1,4028.1,44,3,4028.0,101,8,4027.9,2,1,4027.8,208,5,4029.5,27,3,4029.6,42,2,4029.7,41,2,4029.8,72,4,4029.9,129,6
11483,2026-07-02 14:28:06+05:30,4029.3,20,4034.39,1780006,175560.0,174260.0,4100.0,4110.0,4012.0,4092.6,25813025,4501.8,3683.4,4440.0,3288.1,4029.3,13,1,4028.8,23,1,4028.1,42,3,4028.0,18,3,4027.9,2,1,4029.5,42,2,4029.6,29,3,4029.7,45,2,4029.8,15,3,4029.9,142,7
11483,2026-07-02 14:28:07+05:30,4029.6,29,4034.39,1780006,175560.0,174260.0,4100.0,4110.0,4012.0,4092.6,25813025,4501.8,3683.4,4440.0,3288.1,4029.3,13,1,4028.8,23,1,4028.1,42,3,4028.0,18,3,4027.9,2,1,4029.5,42,2,4029.6,29,3,4029.7,45,2,4029.8,15,3,4029.9,142,7
11483,2026-07-02 14:28:07+05:30,4029.8,1,4034.39,1780091,175569.0,173697.0,4100.0,4110.0,4012.0,4092.6,25813025,4501.8,3683.4,4440.0,3288.1,4029.4,1,1,4029.3,4,1,4028.8,23,1,4028.2,44,1,4028.1,42,3,4029.8,22,1,4029.9,80,4,4030.0,1826,14,4030.1,17,1,4030.2,109,4
11483,2026-07-02 14:28:08+05:30,4029.4,1,4034.39,1780091,175569.0,173697.0,4100.0,4110.0,4012.0,4092.6,25813025,4501.8,3683.4,4440.0,3288.1,4029.4,1,1,4029.3,4,1,4028.8,23,1,4028.2,44,1,4028.1,42,3,4029.8,22,1,4029.9,80,4,4030.0,1826,14,4030.1,17,1,4030.2,109,4
11483,2026-07-02 14:28:08+05:30,4029.4,1,4034.39,1780092,175632.0,173825.0,4100.0,4110.0,4012.0,4092.6,25813025,4501.8,3683.4,4440.0,3288.1,4029.3,4,1,4028.8,23,1,4028.1,42,3,4028.0,23,4,4027.9,37,2,4029.4,1,1,4029.8,49,3,4029.9,80,4,4030.0,1839,14,4030.1,17,1
11483,2026-07-02 14:28:09+05:30,4029.4,1,4034.39,1780092,175632.0,173825.0,4100.0,4110.0,4012.0,4092.6,25813025,4501.8,3683.4,4440.0,3288.1,4029.3,4,1,4028.8,23,1,4028.1,42,3,4028.0,23,4,4027.9,37,2,4029.4,1,1,4029.8,49,3,4029.9,80,4,4030.0,1839,14,4030.1,17,1
11483,2026-07-02 14:28:09+05:30,4029.3,1,4034.38,1780296,176251.0,173473.0,4100.0,4110.0,4012.0,4092.6,25813025,4501.8,3683.4,4440.0,3288.1,4029.3,3,1,4029.0,10,1,4028.8,23,1,4028.2,49,1,4028.1,55,4,4030.0,1901,18,4030.1,35,2,4030.2,85,3,4030.3,56,2,4030.4,46,3
11483,2026-07-02 14:28:10+05:30,4029.3,24,4034.38,1780296,176251.0,173473.0,4100.0,4110.0,4012.0,4092.6,25813025,4501.8,3683.4,4440.0,3288.1,4029.3,3,1,4029.0,10,1,4028.8,23,1,4028.2,49,1,4028.1,55,4,4030.0,1901,18,4030.1,35,2,4030.2,85,3,4030.3,56,2,4030.4,46,3
11483,2026-07-02 14:28:11+05:30,4029.3,12,4034.38,1780332,176219.0,173737.0,4100.0,4110.0,4012.0,4092.6,25813025,4501.8,3683.4,4440.0,3288.1,4029.3,1,1,4029.0,10,1,4028.8,23,1,4028.3,36,1,4028.2,49,1,4030.0,1878,18,4030.1,35,2,4030.2,85,3,4030.3,20,1,4030.4,83,4
11483,2026-07-02 14:28:11+05:30,4029.3,2,4034.38,1780332,176219.0,173737.0,4100.0,4110.0,4012.0,4092.6,25813025,4501.8,3683.4,4440.0,3288.1,4029.3,1,1,4029.0,10,1,4028.8,23,1,4028.3,36,1,4028.2,49,1,4030.0,1878,18,4030.1,35,2,4030.2,85,3,4030.3,20,1,4030.4,83,4
11483,2026-07-02 14:28:12+05:30,4029.3,5,4034.38,1780351,176052.0,173622.0,4100.0,4110.0,4012.0,4092.6,25813025,4501.8,3683.4,4440.0,3288.1,4029.3,4,1,4029.0,10,1,4028.8,23,1,4028.2,48,2,4028.1,57,3,4030.0,1862,17,4030.1,17,1,4030.2,91,3,4030.3,20,1,4030.4,46,3
11483,2026-07-02 14:28:12+05:30,4029.3,2,4034.38,1780351,176052.0,173622.0,4100.0,4110.0,4012.0,4092.6,25813025,4501.8,3683.4,4440.0,3288.1,4029.3,4,1,4029.0,10,1,4028.8,23,1,4028.2,48,2,4028.1,57,3,4030.0,1862,17,4030.1,17,1,4030.2,91,3,4030.3,20,1,4030.4,46,3
11483,2026-07-02 14:28:13+05:30,4030.0,1,4034.38,1780355,175274.0,173609.0,4100.0,4110.0,4012.0,4092.6,25813025,4501.8,3683.4,4440.0,3288.1,4029.3,3,2,4029.0,10,1,4028.8,23,1,4028.2,11,1,4028.1,45,3,4030.0,1877,18,4030.1,35,2,4030.2,91,3,4030.3,20,1,4030.4,24,2
11483,2026-07-02 14:28:13+05:30,4030.0,534,4034.38,1780355,175274.0,173609.0,4100.0,4110.0,4012.0,4092.6,25813025,4501.8,3683.4,4440.0,3288.1,4029.3,3,2,4029.0,10,1,4028.8,23,1,4028.2,11,1,4028.1,45,3,4030.0,1877,18,4030.1,35,2,4030.2,91,3,4030.3,20,1,4030.4,24,2
11483,2026-07-02 14:28:14+05:30,4030.0,3,4034.38,1780957,175871.0,173942.0,4100.0,4110.0,4012.0,4092.6,25813025,4501.8,3683.4,4440.0,3288.1,4029.3,3,2,4029.0,10,1,4028.3,61,1,4028.2,59,2,4028.1,49,3,4029.9,175,1,4030.0,1375,16,4030.1,35,2,4030.2,67,2,4030.3,20,1
11483,2026-07-02 14:28:14+05:30,4028.1,11,4034.38,1780957,175871.0,173942.0,4100.0,4110.0,4012.0,4092.6,25813025,4501.8,3683.4,4440.0,3288.1,4029.3,3,2,4029.0,10,1,4028.3,61,1,4028.2,59,2,4028.1,49,3,4029.9,175,1,4030.0,1375,16,4030.1,35,2,4030.2,67,2,4030.3,20,1
11483,2026-07-02 14:28:15+05:30,4028.1,11,4034.38,1781010,175359.0,174293.0,4100.0,4110.0,4012.0,4092.6,25813025,4501.8,3683.4,4440.0,3288.1,4028.6,37,3,4028.5,45,4,4028.4,20,2,4028.3,91,5,4028.2,3,1,4029.3,5,1,4029.8,17,1,4029.9,188,3,4030.0,1306,12,4030.1,70,2
11483,2026-07-02 14:28:15+05:30,4028.6,6,4034.38,1781010,175359.0,174293.0,4100.0,4110.0,4012.0,4092.6,25813025,4501.8,3683.4,4440.0,3288.1,4028.6,37,3,4028.5,45,4,4028.4,20,2,4028.3,91,5,4028.2,3,1,4029.3,5,1,4029.8,17,1,4029.9,188,3,4030.0,1306,12,4030.1,70,2
11483,2026-07-02 14:28:16+05:30,4030.0,7,4034.37,1785564,177066.0,169365.0,4100.0,4110.0,4012.0,4092.6,25813025,4501.8,3683.4,4440.0,3288.1,4029.9,56,4,4029.8,33,2,4029.7,11,1,4029.6,34,1,4029.5,22,2,4030.0,46,1,4031.1,13,1,4031.3,79,2,4031.4,24,2,4031.5,55,1
11483,2026-07-02 14:28:16+05:30,4029.9,13,4034.37,1785564,177066.0,169365.0,4100.0,4110.0,4012.0,4092.6,25813025,4501.8,3683.4,4440.0,3288.1,4029.9,56,4,4029.8,33,2,4029.7,11,1,4029.6,34,1,4029.5,22,2,4030.0,46,1,4031.1,13,1,4031.3,79,2,4031.4,24,2,4031.5,55,1
11483,2026-07-02 14:28:17+05:30,4029.9,13,4034.37,1785620,177254.0,169785.0,4100.0,4110.0,4012.0,4092.6,25813025,4501.8,3683.4,4440.0,3288.1,4029.8,58,5,4029.7,11,1,4029.5,11,1,4029.4,16,2,4029.3,50,4,4029.9,57,2,4030.0,48,2,4031.1,59,2,4031.3,79,2,4031.4,70,3
11483,2026-07-02 14:28:17+05:30,4029.8,7,4034.37,1785620,177254.0,169785.0,4100.0,4110.0,4012.0,4092.6,25813025,4501.8,3683.4,4440.0,3288.1,4029.8,58,5,4029.7,11,1,4029.5,11,1,4029.4,16,2,4029.3,50,4,4029.9,57,2,4030.0,48,2,4031.1,59,2,4031.3,79,2,4031.4,70,3
11483,2026-07-02 14:28:18+05:30,4029.8,7,4034.37,1785627,177670.0,169693.0,4100.0,4110.0,4012.0,4092.6,25813025,4501.8,3683.4,4440.0,3288.1,4029.8,51,5,4029.7,11,1,4029.5,13,2,4029.4,16,2,4029.3,225,5,4029.9,59,3,4030.0,46,1,4031.1,59,2,4031.3,79,2,4031.4,70,3
11483,2026-07-02 14:28:18+05:30,4029.8,1,4034.37,1785627,177670.0,169693.0,4100.0,4110.0,4012.0,4092.6,25813025,4501.8,3683.4,4440.0,3288.1,4029.8,51,5,4029.7,11,1,4029.5,13,2,4029.4,16,2,4029.3,225,5,4029.9,59,3,4030.0,46,1,4031.1,59,2,4031.3,79,2,4031.4,70,3
11483,2026-07-02 14:28:18+05:30,4029.8,1,4034.37,1785628,177536.0,169576.0,4100.0,4110.0,4012.0,4092.6,25813025,4501.8,3683.4,4440.0,3288.1,4029.8,30,4,4029.7,16,2,4029.5,13,2,4029.4,16,2,4029.3,230,6,4029.9,59,3,4030.0,46,1,4031.1,59,2,4031.3,79,2,4031.4,70,3
11483,2026-07-02 14:28:19+05:30,4029.8,1,4034.37,1785628,177546.0,169808.0,4100.0,4110.0,4012.0,4092.6,25813025,4501.8,3683.4,4440.0,3288.1,4029.8,28,4,4029.7,16,2,4029.5,11,1,4029.4,2,1,4029.3,55,5,4029.9,59,3,4030.0,46,1,4031.1,59,2,4031.3,79,2,4031.4,73,4
11483,2026-07-02 14:28:20+05:30,4029.8,1,4034.37,1785628,177539.0,170288.0,4100.0,4110.0,4012.0,4092.6,25813025,4501.8,3683.4,4440.0,3288.1,4029.8,43,4,4029.7,5,1,4029.5,11,1,4029.4,2,1,4029.3,55,5,4029.9,59,3,4030.0,46,1,4031.1,59,2,4031.3,82,3,4031.4,70,3
11483,2026-07-02 14:28:21+05:30,4029.9,11,4034.37,1785628,177539.0,170288.0,4100.0,4110.0,4012.0,4092.6,25813025,4501.8,3683.4,4440.0,3288.1,4029.8,43,4,4029.7,5,1,4029.5,11,1,4029.4,2,1,4029.3,55,5,4029.9,59,3,4030.0,46,1,4031.1,59,2,4031.3,82,3,4031.4,70,3
11483,2026-07-02 14:28:21+05:30,4029.9,11,4034.37,1785755,177493.0,169868.0,4100.0,4110.0,4012.0,4092.6,25813025,4501.8,3683.4,4440.0,3288.1,4029.8,43,4,4029.7,5,1,4029.5,11,1,4029.4,2,1,4029.3,63,6,4029.9,46,2,4030.0,46,1,4031.1,59,2,4031.3,79,2,4031.4,73,4
11483,2026-07-02 14:28:22+05:30,4029.8,2,4034.37,1785755,177493.0,169868.0,4100.0,4110.0,4012.0,4092.6,25813025,4501.8,3683.4,4440.0,3288.1,4029.8,43,4,4029.7,5,1,4029.5,11,1,4029.4,2,1,4029.3,63,6,4029.9,46,2,4030.0,46,1,4031.1,59,2,4031.3,79,2,4031.4,73,4
11483,2026-07-02 14:28:22+05:30,4029.8,2,4034.37,1785770,177569.0,170801.0,4100.0,4110.0,4012.0,4092.6,25813025,4501.8,3683.4,4440.0,3288.1,4029.8,39,3,4029.5,11,1,4029.4,2,1,4029.3,49,5,4029.2,94,2,4029.9,46,2,4030.0,58,2,4031.1,59,2,4031.2,70,1,4031.3,82,3
11483,2026-07-02 14:28:23+05:30,4029.8,2,4034.37,1785770,177569.0,170801.0,4100.0,4110.0,4012.0,4092.6,25813025,4501.8,3683.4,4440.0,3288.1,4029.8,39,3,4029.5,11,1,4029.4,2,1,4029.3,49,5,4029.2,94,2,4029.9,46,2,4030.0,58,2,4031.1,59,2,4031.2,70,1,4031.3,82,3
11483,2026-07-02 14:28:24+05:30,4029.9,1,4034.37,1785770,177569.0,170801.0,4100.0,4110.0,4012.0,4092.6,25813025,4501.8,3683.4,4440.0,3288.1,4029.8,39,3,4029.5,11,1,4029.4,2,1,4029.3,49,5,4029.2,94,2,4029.9,46,2,4030.0,58,2,4031.1,59,2,4031.2,70,1,4031.3,82,3
11483,2026-07-02 14:28:24+05:30,4029.9,1,4034.37,1786182,177896.0,170827.0,4100.0,4110.0,4012.0,4092.6,25813025,4501.8,3683.4,4440.0,3288.1,4029.4,16,3,4029.3,47,4,4029.2,156,2,4029.1,66,4,4029.0,24,1,4029.9,21,1,4030.0,58,2,4030.8,13,1,4030.9,56,2,4031.0,68,3
11483,2026-07-02 14:28:25+05:30,4029.4,5,4034.37,1786182,177896.0,170827.0,4100.0,4110.0,4012.0,4092.6,25813025,4501.8,3683.4,4440.0,3288.1,4029.4,16,3,4029.3,47,4,4029.2,156,2,4029.1,66,4,4029.0,24,1,4029.9,21,1,4030.0,58,2,4030.8,13,1,4030.9,56,2,4031.0,68,3
11483,2026-07-02 14:28:25+05:30,4029.4,5,4034.37,1786213,177828.0,171021.0,4100.0,4110.0,4012.0,4092.6,25813025,4501.8,3683.4,4440.0,3288.1,4029.3,18,2,4029.2,156,2,4029.1,2,2,4028.8,198,5,4028.7,110,4,4029.4,5,1,4029.9,21,1,4030.0,58,2,4030.8,59,2,4030.9,56,2
11483,2026-07-02 14:28:26+05:30,4029.4,7,4034.37,1786213,177828.0,171021.0,4100.0,4110.0,4012.0,4092.6,25813025,4501.8,3683.4,4440.0,3288.1,4029.3,18,2,4029.2,156,2,4029.1,2,2,4028.8,198,5,4028.7,110,4,4029.4,5,1,4029.9,21,1,4030.0,58,2,4030.8,59,2,4030.9,56,2
11483,2026-07-02 14:28:26+05:30,4029.4,7,4034.37,1786229,177484.0,171473.0,4100.0,4110.0,4012.0,4092.6,25813025,4501.8,3683.4,4440.0,3288.1,4029.3,4,1,4028.8,5,1,4028.7,16,1,4028.5,69,2,4028.4,231,4,4029.4,5,1,4029.9,26,2,4030.0,58,2,4030.7,15,1,4030.8,86,4
11483,2026-07-02 14:28:27+05:30,4028.7,3,4034.37,1786229,177484.0,171473.0,4100.0,4110.0,4012.0,4092.6,25813025,4501.8,3683.4,4440.0,3288.1,4029.3,4,1,4028.8,5,1,4028.7,16,1,4028.5,69,2,4028.4,231,4,4029.4,5,1,4029.9,26,2,4030.0,58,2,4030.7,15,1,4030.8,86,4
11483,2026-07-02 14:28:27+05:30,4028.7,3,4034.37,1786646,177551.0,171413.0,4100.0,4110.0,4012.0,4092.6,25813025,4501.8,3683.4,4440.0,3288.1,4029.3,5,2,4029.2,16,1,4029.0,44,2,4028.7,45,4,4028.6,95,2,4029.9,22,2,4030.0,58,2,4030.7,25,2,4030.8,59,2,4030.9,59,3
11483,2026-07-02 14:28:28+05:30,4029.3,1,4034.37,1786646,177551.0,171413.0,4100.0,4110.0,4012.0,4092.6,25813025,4501.8,3683.4,4440.0,3288.1,4029.3,5,2,4029.2,16,1,4029.0,44,2,4028.7,45,4,4028.6,95,2,4029.9,22,2,4030.0,58,2,4030.7,25,2,4030.8,59,2,4030.9,59,3
11483,2026-07-02 14:28:28+05:30,4029.3,1,4034.37,1786652,177539.0,171439.0,4100.0,4110.0,4012.0,4092.6,25813025,4501.8,3683.4,4440.0,3288.1,4029.0,57,3,4028.7,59,5,4028.6,46,1,4028.5,30,2,4028.4,231,4,4029.3,4,1,4029.9,22,2,4030.0,58,2,4030.1,10,1,4030.5,12,1
11483,2026-07-02 14:28:29+05:30,4029.3,1,4034.37,1786652,177539.0,171439.0,4100.0,4110.0,4012.0,4092.6,25813025,4501.8,3683.4,4440.0,3288.1,4029.0,57,3,4028.7,59,5,4028.6,46,1,4028.5,30,2,4028.4,231,4,4029.3,4,1,4029.9,22,2,4030.0,58,2,4030.1,10,1,4030.5,12,1
11483,2026-07-02 14:28:29+05:30,4029.3,8,4034.37,1786652,177539.0,171439.0,4100.0,4110.0,4012.0,4092.6,25813025,4501.8,3683.4,4440.0,3288.1,4029.0,57,3,4028.7,59,5,4028.6,46,1,4028.5,30,2,4028.4,231,4,4029.3,4,1,4029.9,22,2,4030.0,58,2,4030.1,10,1,4030.5,12,1
11483,2026-07-02 14:28:29+05:30,4029.3,8,4034.37,1786661,176620.0,172099.0,4100.0,4110.0,4012.0,4092.6,25813025,4501.8,3683.4,4440.0,3288.1,4028.7,26,3,4028.4,44,2,4028.3,47,2,4028.2,46,2,4028.1,62,7,4029.3,5,1,4029.9,119,4,4030.0,189,4,4030.1,52,2,4030.2,13,1
11483,2026-07-02 14:28:29+05:30,4029.3,8,4034.37,1786661,176620.0,172099.0,4100.0,4110.0,4012.0,4092.6,25813025,4501.8,3683.4,4440.0,3288.1,4028.7,26,3,4028.4,44,2,4028.3,47,2,4028.2,46,2,4028.1,62,7,4029.3,5,1,4029.9,119,4,4030.0,189,4,4030.1,52,2,4030.2,13,1
11483,2026-07-02 14:28:30+05:30,4029.3,8,4034.37,1786661,176620.0,172099.0,4100.0,4110.0,4012.0,4092.6,25813025,4501.8,3683.4,4440.0,3288.1,4028.7,26,3,4028.4,44,2,4028.3,47,2,4028.2,46,2,4028.1,62,7,4029.3,5,1,4029.9,119,4,4030.0,189,4,4030.1,52,2,4030.2,13,1
11483,2026-07-02 14:28:30+05:30,4028.3,1,4034.37,1786661,176620.0,172099.0,4100.0,4110.0,4012.0,4092.6,25813025,4501.8,3683.4,4440.0,3288.1,4028.7,26,3,4028.4,44,2,4028.3,47,2,4028.2,46,2,4028.1,62,7,4029.3,5,1,4029.9,119,4,4030.0,189,4,4030.1,52,2,4030.2,13,1
11483,2026-07-02 14:28:30+05:30,4028.3,1,4034.37,1786663,176063.0,173002.0,4100.0,4110.0,4012.0,4092.6,25813025,4501.8,3683.4,4440.0,3288.1,4028.2,24,1,4028.1,29,4,4028.0,144,5,4027.8,76,4,4027.7,36,1,4029.3,45,3,4029.4,118,2,4029.5,110,2,4029.6,29,1,4029.7,38,1
11483,2026-07-02 14:28:30+05:30,4028.3,1,4034.37,1786663,176063.0,173002.0,4100.0,4110.0,4012.0,4092.6,25813025,4501.8,3683.4,4440.0,3288.1,4028.2,24,1,4028.1,29,4,4028.0,144,5,4027.8,76,4,4027.7,36,1,4029.3,45,3,4029.4,118,2,4029.5,110,2,4029.6,29,1,4029.7,38,1
11483,2026-07-02 14:28:31+05:30,4028.3,1,4034.37,1786663,176063.0,173002.0,4100.0,4110.0,4012.0,4092.6,25813025,4501.8,3683.4,4440.0,3288.1,4028.2,24,1,4028.1,29,4,4028.0,144,5,4027.8,76,4,4027.7,36,1,4029.3,45,3,4029.4,118,2,4029.5,110,2,4029.6,29,1,4029.7,38,1
11483,2026-07-02 14:28:31+05:30,4028.3,1,4034.37,1786663,175935.0,172867.0,4100.0,4110.0,4012.0,4092.6,25813025,4501.8,3683.4,4440.0,3288.1,4028.8,2,2,4028.4,17,1,4028.2,55,3,4028.1,2,2,4028.0,183,8,4029.3,110,6,4029.4,122,2,4029.5,46,1,4029.6,81,1,4029.8,85,2
11483,2026-07-02 14:28:31+05:30,4028.3,1,4034.37,1786663,175935.0,172867.0,4100.0,4110.0,4012.0,4092.6,25813025,4501.8,3683.4,4440.0,3288.1,4028.8,2,2,4028.4,17,1,4028.2,55,3,4028.1,2,2,4028.0,183,8,4029.3,110,6,4029.4,122,2,4029.5,46,1,4029.6,81,1,4029.8,85,2
11483,2026-07-02 14:28:32+05:30,4028.3,1,4034.37,1786663,175941.0,172879.0,4100.0,4110.0,4012.0,4092.6,25813025,4501.8,3683.4,4440.0,3288.1,4028.8,2,2,4028.4,17,1,4028.2,55,3,4028.1,2,2,4028.0,183,8,4029.3,110,6,4029.4,122,2,4029.5,46,1,4029.6,81,1,4029.8,85,2
11483,2026-07-02 14:28:32+05:30,4028.3,1,4034.37,1786663,175941.0,172879.0,4100.0,4110.0,4012.0,4092.6,25813025,4501.8,3683.4,4440.0,3288.1,4028.8,2,2,4028.4,17,1,4028.2,55,3,4028.1,2,2,4028.0,183,8,4029.3,110,6,4029.4,122,2,4029.5,46,1,4029.6,81,1,4029.8,85,2
11483,2026-07-02 14:28:33+05:30,4028.3,1,4034.37,1786663,175941.0,172879.0,4100.0,4110.0,4012.0,4092.6,25813025,4501.8,3683.4,4440.0,3288.1,4028.8,2,2,4028.4,17,1,4028.2,55,3,4028.1,2,2,4028.0,183,8,4029.3,110,6,4029.4,122,2,4029.5,46,1,4029.6,81,1,4029.8,85,2
11483,2026-07-02 14:28:33+05:30,4029.3,5,4034.37,1786668,176050.0,172811.0,4100.0,4110.0,4012.0,4092.6,25813025,4501.8,3683.4,4440.0,3288.1,4028.8,2,2,4028.7,38,2,4028.5,18,1,4028.4,17,1,4028.2,55,3,4029.3,100,5,4029.4,122,2,4029.6,81,1,4029.8,85,2,4029.9,45,4
11483,2026-07-02 14:28:33+05:30,4029.3,5,4034.37,1786668,176050.0,172811.0,4100.0,4110.0,4012.0,4092.6,25813025,4501.8,3683.4,4440.0,3288.1,4028.8,2,2,4028.7,38,2,4028.5,18,1,4028.4,17,1,4028.2,55,3,4029.3,100,5,4029.4,122,2,4029.6,81,1,4029.8,85,2,4029.9,45,4
11483,2026-07-02 14:28:33+05:30,4029.3,5,4034.37,1786668,176050.0,172811.0,4100.0,4110.0,4012.0,4092.6,25809000,4501.8,3683.4,4440.0,3288.1,4028.8,2,2,4028.7,38,2,4028.5,18,1,4028.4,17,1,4028.2,55,3,4029.3,100,5,4029.4,122,2,4029.6,81,1,4029.8,85,2,4029.9,45,4
11483,2026-07-02 14:28:34+05:30,4029.3,5,4034.37,1786668,176050.0,172811.0,4100.0,4110.0,4012.0,4092.6,25809000,4501.8,3683.4,4440.0,3288.1,4028.8,2,2,4028.7,38,2,4028.5,18,1,4028.4,17,1,4028.2,55,3,4029.3,100,5,4029.4,122,2,4029.6,81,1,4029.8,85,2,4029.9,45,4
11483,2026-07-02 14:28:34+05:30,4028.8,1,4034.37,1786668,176050.0,172811.0,4100.0,4110.0,4012.0,4092.6,25809000,4501.8,3683.4,4440.0,3288.1,4028.8,2,2,4028.7,38,2,4028.5,18,1,4028.4,17,1,4028.2,55,3,4029.3,100,5,4029.4,122,2,4029.6,81,1,4029.8,85,2,4029.9,45,4
11483,2026-07-02 14:28:34+05:30,4028.8,1,4034.37,1786689,176924.0,172746.0,4100.0,4110.0,4012.0,4092.6,25809000,4501.8,3683.4,4440.0,3288.1,4028.8,8,1,4028.7,34,2,4028.5,18,1,4028.4,17,1,4028.2,55,3,4029.3,99,4,4029.4,122,2,4029.6,81,1,4029.8,85,2,4029.9,45,4
11483,2026-07-02 14:28:34+05:30,4028.8,1,4034.37,1786689,176924.0,172746.0,4100.0,4110.0,4012.0,4092.6,25809000,4501.8,3683.4,4440.0,3288.1,4028.8,8,1,4028.7,34,2,4028.5,18,1,4028.4,17,1,4028.2,55,3,4029.3,99,4,4029.4,122,2,4029.6,81,1,4029.8,85,2,4029.9,45,4
11483,2026-07-02 14:28:35+05:30,4028.8,1,4034.37,1786689,176924.0,172746.0,4100.0,4110.0,4012.0,4092.6,25809000,4501.8,3683.4,4440.0,3288.1,4028.8,8,1,4028.7,34,2,4028.5,18,1,4028.4,17,1,4028.2,55,3,4029.3,99,4,4029.4,122,2,4029.6,81,1,4029.8,85,2,4029.9,45,4
11483,2026-07-02 14:28:35+05:30,4028.7,4,4034.37,1786689,176924.0,172746.0,4100.0,4110.0,4012.0,4092.6,25809000,4501.8,3683.4,4440.0,3288.1,4028.8,8,1,4028.7,34,2,4028.5,18,1,4028.4,17,1,4028.2,55,3,4029.3,99,4,4029.4,122,2,4029.6,81,1,4029.8,85,2,4029.9,45,4
11483,2026-07-02 14:28:35+05:30,4028.7,4,4034.37,1786701,176642.0,172761.0,4100.0,4110.0,4012.0,4092.6,25809000,4501.8,3683.4,4440.0,3288.1,4028.7,42,3,4028.5,18,1,4028.4,17,1,4028.2,38,2,4028.1,26,3,4029.3,101,5,4029.4,134,3,4029.6,81,1,4029.8,85,2,4029.9,32,3
11483,2026-07-02 14:28:35+05:30,4028.7,4,4034.37,1786701,176642.0,172761.0,4100.0,4110.0,4012.0,4092.6,25809000,4501.8,3683.4,4440.0,3288.1,4028.7,42,3,4028.5,18,1,4028.4,17,1,4028.2,38,2,4028.1,26,3,4029.3,101,5,4029.4,134,3,4029.6,81,1,4029.8,85,2,4029.9,32,3
11483,2026-07-02 14:28:36+05:30,4029.3,1,4034.37,1786701,176642.0,172761.0,4100.0,4110.0,4012.0,4092.6,25809000,4501.8,3683.4,4440.0,3288.1,4028.7,42,3,4028.5,18,1,4028.4,17,1,4028.2,38,2,4028.1,26,3,4029.3,101,5,4029.4,134,3,4029.6,81,1,4029.8,85,2,4029.9,32,3
11483,2026-07-02 14:28:36+05:30,4029.3,1,4034.37,1786907,176575.0,172234.0,4100.0,4110.0,4012.0,4092.6,25809000,4501.8,3683.4,4440.0,3288.1,4029.2,13,1,4029.0,32,3,4028.8,11,1,4028.7,32,2,4028.6,47,3,4029.3,32,2,4029.4,76,2,4029.6,81,1,4029.9,22,2,4030.0,101,3
11483,2026-07-02 14:28:37+05:30,4029.2,25,4034.37,1786907,176575.0,172234.0,4100.0,4110.0,4012.0,4092.6,25809000,4501.8,3683.4,4440.0,3288.1,4029.2,13,1,4029.0,32,3,4028.8,11,1,4028.7,32,2,4028.6,47,3,4029.3,32,2,4029.4,76,2,4029.6,81,1,4029.9,22,2,4030.0,101,3
11483,2026-07-02 14:28:37+05:30,4029.2,25,4034.37,1786932,176993.0,172181.0,4100.0,4110.0,4012.0,4092.6,25809000,4501.8,3683.4,4440.0,3288.1,4029.2,36,5,4029.0,8,2,4028.8,11,1,4028.7,32,2,4028.6,51,3,4029.3,32,2,4029.4,76,2,4029.6,81,1,4029.9,22,2,4030.0,101,3
11483,2026-07-02 14:28:38+05:30,4029.2,3,4034.37,1786932,176993.0,172181.0,4100.0,4110.0,4012.0,4092.6,25809000,4501.8,3683.4,4440.0,3288.1,4029.2,36,5,4029.0,8,2,4028.8,11,1,4028.7,32,2,4028.6,51,3,4029.3,32,2,4029.4,76,2,4029.6,81,1,4029.9,22,2,4030.0,101,3
11483,2026-07-02 14:28:38+05:30,4029.2,3,4034.37,1786935,176956.0,172229.0,4100.0,4110.0,4012.0,4092.6,25809000,4501.8,3683.4,4440.0,3288.1,4029.2,35,6,4029.0,8,2,4028.8,11,1,4028.7,24,1,4028.6,51,3,4029.3,34,3,4029.4,76,2,4029.6,81,1,4029.9,22,2,4030.0,101,3
11483,2026-07-02 14:28:39+05:30,4029.3,2,4034.37,1786935,176956.0,172229.0,4100.0,4110.0,4012.0,4092.6,25809000,4501.8,3683.4,4440.0,3288.1,4029.2,35,6,4029.0,8,2,4028.8,11,1,4028.7,24,1,4028.6,51,3,4029.3,34,3,4029.4,76,2,4029.6,81,1,4029.9,22,2,4030.0,101,3
11483,2026-07-02 14:28:39+05:30,4029.3,2,4034.37,1787065,176868.0,172209.0,4100.0,4110.0,4012.0,4092.6,25809000,4501.8,3683.4,4440.0,3288.1,4029.2,32,5,4029.0,8,2,4028.8,11,1,4028.7,24,1,4028.6,35,2,4029.3,32,3,4029.4,64,1,4029.6,81,1,4029.9,22,2,4030.0,101,3
11483,2026-07-02 14:28:40+05:30,4028.4,17,4034.37,1787342,176354.0,172322.0,4100.0,4110.0,4012.0,4092.6,25809000,4501.8,3683.4,4440.0,3288.1,4028.6,34,3,4028.5,28,2,4028.4,10,1,4028.3,32,3,4028.2,39,2,4029.3,30,3,4029.4,64,1,4029.6,81,1,4029.9,22,2,4030.0,101,3
11483,2026-07-02 14:28:40+05:30,4028.6,11,4034.37,1787342,176354.0,172322.0,4100.0,4110.0,4012.0,4092.6,25809000,4501.8,3683.4,4440.0,3288.1,4028.6,34,3,4028.5,28,2,4028.4,10,1,4028.3,32,3,4028.2,39,2,4029.3,30,3,4029.4,64,1,4029.6,81,1,4029.9,22,2,4030.0,101,3
11483,2026-07-02 14:28:41+05:30,4029.6,67,4034.37,1787342,176354.0,172322.0,4100.0,4110.0,4012.0,4092.6,25809000,4501.8,3683.4,4440.0,3288.1,4028.6,34,3,4028.5,28,2,4028.4,10,1,4028.3,32,3,4028.2,39,2,4029.3,30,3,4029.4,64,1,4029.6,81,1,4029.9,22,2,4030.0,101,3
11483,2026-07-02 14:28:41+05:30,4029.6,67,4034.37,1788127,177897.0,171072.0,4100.0,4110.0,4012.0,4092.6,25809000,4501.8,3683.4,4440.0,3288.1,4029.6,51,5,4029.5,12,2,4029.3,51,2,4029.2,24,2,4029.1,17,1,4029.9,22,2,4030.0,101,3,4030.1,10,1,4030.8,13,1,4031.0,121,3
11483,2026-07-02 14:28:42+05:30,4029.5,9,4034.37,1788127,177897.0,171072.0,4100.0,4110.0,4012.0,4092.6,25809000,4501.8,3683.4,4440.0,3288.1,4029.6,51,5,4029.5,12,2,4029.3,51,2,4029.2,24,2,4029.1,17,1,4029.9,22,2,4030.0,101,3,4030.1,10,1,4030.8,13,1,4031.0,121,3
11483,2026-07-02 14:28:42+05:30,4029.5,9,4034.36,1788208,177767.0,171820.0,4100.0,4110.0,4012.0,4092.6,25809000,4501.8,3683.4,4440.0,3288.1,4029.0,49,3,4028.7,32,2,4028.6,92,5,4028.5,28,2,4028.4,67,3,4029.4,76,1,4029.5,51,1,4029.6,86,3,4029.9,22,2,4030.0,101,3
11483,2026-07-02 14:28:43+05:30,4029.4,175,4034.36,1788208,177767.0,171820.0,4100.0,4110.0,4012.0,4092.6,25809000,4501.8,3683.4,4440.0,3288.1,4029.0,49,3,4028.7,32,2,4028.6,92,5,4028.5,28,2,4028.4,67,3,4029.4,76,1,4029.5,51,1,4029.6,86,3,4029.9,22,2,4030.0,101,3
11483,2026-07-02 14:28:43+05:30,4029.4,175,4034.36,1788394,177882.0,171575.0,4100.0,4110.0,4012.0,4092.6,25809000,4501.8,3683.4,4440.0,3288.1,4029.0,39,3,4028.7,32,2,4028.6,92,5,4028.5,28,2,4028.4,113,4,4029.5,76,1,4029.6,11,2,4029.9,97,3,4030.0,152,4,4030.1,25,2
11483,2026-07-02 14:28:44+05:30,4029.0,3,4034.36,1788394,177882.0,171575.0,4100.0,4110.0,4012.0,4092.6,25809000,4501.8,3683.4,4440.0,3288.1,4029.0,39,3,4028.7,32,2,4028.6,92,5,4028.5,28,2,4028.4,113,4,4029.5,76,1,4029.6,11,2,4029.9,97,3,4030.0,152,4,4030.1,25,2
11483,2026-07-02 14:28:44+05:30,4029.0,3,4034.36,1788419,177874.0,171621.0,4100.0,4110.0,4012.0,4092.6,25809000,4501.8,3683.4,4440.0,3288.1,4029.0,26,3,4028.8,15,1,4028.7,32,2,4028.6,267,6,4028.5,28,2,4029.4,51,1,4029.6,86,3,4029.9,22,2,4030.0,101,3,4030.1,25,2
11483,2026-07-02 14:28:45+05:30,4029.0,3,4034.36,1788419,177874.0,171621.0,4100.0,4110.0,4012.0,4092.6,25809000,4501.8,3683.4,4440.0,3288.1,4029.0,26,3,4028.8,15,1,4028.7,32,2,4028.6,267,6,4028.5,28,2,4029.4,51,1,4029.6,86,3,4029.9,22,2,4030.0,101,3,4030.1,25,2
11483,2026-07-02 14:28:45+05:30,4029.0,3,4034.36,1788422,178174.0,171886.0,4100.0,4110.0,4012.0,4092.6,25809000,4501.8,3683.4,4440.0,3288.1,4029.0,16,2,4028.8,15,1,4028.7,39,3,4028.6,440,6,4028.5,31,3,4029.4,53,2,4029.6,86,3,4029.9,22,2,4030.0,101,3,4030.1,25,2
11483,2026-07-02 14:28:46+05:30,4029.0,7,4034.36,1788422,178174.0,171886.0,4100.0,4110.0,4012.0,4092.6,25809000,4501.8,3683.4,4440.0,3288.1,4029.0,16,2,4028.8,15,1,4028.7,39,3,4028.6,440,6,4028.5,31,3,4029.4,53,2,4029.6,86,3,4029.9,22,2,4030.0,101,3,4030.1,25,2
11483,2026-07-02 14:28:46+05:30,4029.0,7,4034.36,1788452,176811.0,172117.0,4100.0,4110.0,4012.0,4092.6,25809000,4501.8,3683.4,4440.0,3288.1,4028.8,5,1,4028.7,24,1,4028.6,388,3,4028.4,33,1,4028.3,9,2,4029.0,22,2,4029.4,48,2,4029.5,190,3,4029.6,86,3,4029.8,25,1
11483,2026-07-02 14:28:47+05:30,4029.0,1,4034.36,1788452,176811.0,172117.0,4100.0,4110.0,4012.0,4092.6,25809000,4501.8,3683.4,4440.0,3288.1,4028.8,5,1,4028.7,24,1,4028.6,388,3,4028.4,33,1,4028.3,9,2,4029.0,22,2,4029.4,48,2,4029.5,190,3,4029.6,86,3,4029.8,25,1
11483,2026-07-02 14:28:47+05:30,4029.0,1,4034.36,1788456,177550.0,172225.0,4100.0,4110.0,4012.0,4092.6,25809000,4501.8,3683.4,4440.0,3288.1,4028.9,1,1,4028.8,2,1,4028.6,350,2,4028.4,24,1,4028.3,1,1,4029.0,108,4,4029.1,46,1,4029.2,81,1,4029.5,109,2,4029.6,11,2
11483,2026-07-02 14:28:48+05:30,4029.0,17,4034.36,1788633,177292.0,171789.0,4100.0,4110.0,4012.0,4092.6,25809000,4501.8,3683.4,4440.0,3288.1,4028.8,2,1,4028.6,374,3,4028.3,16,2,4028.1,92,5,4028.0,162,8,4029.0,63,2,4029.1,46,1,4029.2,81,1,4029.5,109,2,4029.6,11,2
11483,2026-07-02 14:28:48+05:30,4028.8,2,4034.36,1788633,177292.0,171789.0,4100.0,4110.0,4012.0,4092.6,25809000,4501.8,3683.4,4440.0,3288.1,4028.8,2,1,4028.6,374,3,4028.3,16,2,4028.1,92,5,4028.0,162,8,4029.0,63,2,4029.1,46,1,4029.2,81,1,4029.5,109,2,4029.6,11,2
11483,2026-07-02 14:28:49+05:30,4028.8,1,4034.36,1788633,177292.0,171789.0,4100.0,4110.0,4012.0,4092.6,25809000,4501.8,3683.4,4440.0,3288.1,4028.8,2,1,4028.6,374,3,4028.3,16,2,4028.1,92,5,4028.0,162,8,4029.0,63,2,4029.1,46,1,4029.2,81,1,4029.5,109,2,4029.6,11,2
11483,2026-07-02 14:28:49+05:30,4028.8,1,4034.36,1788680,176827.0,172144.0,4100.0,4110.0,4012.0,4092.6,25809000,4501.8,3683.4,4440.0,3288.1,4028.6,351,5,4028.3,16,2,4028.1,92,5,4028.0,180,9,4027.9,29,2,4028.8,3,1,4029.0,63,2,4029.1,46,1,4029.2,81,1,4029.5,109,2
11483,2026-07-02 14:28:50+05:30,4028.6,6,4034.36,1788686,176877.0,172371.0,4100.0,4110.0,4012.0,4092.6,25809000,4501.8,3683.4,4440.0,3288.1,4028.6,317,3,4028.4,24,1,4028.3,1,1,4028.1,46,4,4028.0,162,8,4028.8,84,2,4028.9,58,1,4029.0,51,2,4029.5,109,2,4029.6,11,2
11483,2026-07-02 14:28:50+05:30,4028.8,2,4034.36,1788686,176877.0,172371.0,4100.0,4110.0,4012.0,4092.6,25809000,4501.8,3683.4,4440.0,3288.1,4028.6,317,3,4028.4,24,1,4028.3,1,1,4028.1,46,4,4028.0,162,8,4028.8,84,2,4028.9,58,1,4029.0,51,2,4029.5,109,2,4029.6,11,2
11483,2026-07-02 14:28:51+05:30,4028.8,45,4034.36,1788877,177017.0,172225.0,4100.0,4110.0,4012.0,4092.6,25809000,4501.8,3683.4,4440.0,3288.1,4028.6,275,4,4028.3,1,1,4028.1,26,3,4028.0,337,9,4027.9,44,2,4028.8,39,2,4028.9,58,1,4029.0,51,2,4029.5,50,1,4029.6,24,3
11483,2026-07-02 14:28:51+05:30,4028.8,45,4034.36,1788877,177017.0,172225.0,4100.0,4110.0,4012.0,4092.6,25809000,4501.8,3683.4,4440.0,3288.1,4028.6,275,4,4028.3,1,1,4028.1,26,3,4028.0,337,9,4027.9,44,2,4028.8,39,2,4028.9,58,1,4029.0,51,2,4029.5,50,1,4029.6,24,3
11483,2026-07-02 14:28:52+05:30,4028.6,23,4034.36,1788900,176808.0,172255.0,4100.0,4110.0,4012.0,4092.6,25809000,4501.8,3683.4,4440.0,3288.1,4028.6,235,3,4028.4,24,1,4028.3,1,1,4028.1,26,3,4028.0,337,9,4028.8,39,2,4028.9,58,1,4029.0,51,2,4029.5,50,1,4029.6,24,3
11483,2026-07-02 14:28:52+05:30,4028.6,23,4034.36,1788900,176808.0,172255.0,4100.0,4110.0,4012.0,4092.6,25809000,4501.8,3683.4,4440.0,3288.1,4028.6,235,3,4028.4,24,1,4028.3,1,1,4028.1,26,3,4028.0,337,9,4028.8,39,2,4028.9,58,1,4029.0,51,2,4029.5,50,1,4029.6,24,3
11483,2026-07-02 14:28:53+05:30,4028.9,1,4034.36,1789186,176816.0,172115.0,4100.0,4110.0,4012.0,4092.6,25809000,4501.8,3683.4,4440.0,3288.1,4028.6,139,1,4028.3,1,1,4028.1,42,3,4028.0,332,8,4027.9,3,1,4028.9,12,1,4029.0,65,4,4029.5,71,2,4029.6,11,2,4029.7,26,1
11483,2026-07-02 14:28:53+05:30,4028.9,1,4034.36,1789186,176816.0,172115.0,4100.0,4110.0,4012.0,4092.6,25809000,4501.8,3683.4,4440.0,3288.1,4028.6,139,1,4028.3,1,1,4028.1,42,3,4028.0,332,8,4027.9,3,1,4028.9,12,1,4029.0,65,4,4029.5,71,2,4029.6,11,2,4029.7,26,1
11483,2026-07-02 14:28:54+05:30,4028.8,1,4034.36,1789309,176722.0,172113.0,4100.0,4110.0,4012.0,4092.6,25809000,4501.8,3683.4,4440.0,3288.1,4028.6,41,1,4028.3,1,1,4028.1,2,2,4028.0,330,8,4027.8,336,8,4028.8,21,1,4029.0,19,3,4029.1,12,1,4029.2,61,1,4029.5,50,1
11483,2026-07-02 14:28:54+05:30,4028.8,1,4034.36,1789309,176722.0,172113.0,4100.0,4110.0,4012.0,4092.6,25809000,4501.8,3683.4,4440.0,3288.1,4028.6,41,1,4028.3,1,1,4028.1,2,2,4028.0,330,8,4027.8,336,8,4028.8,21,1,4029.0,19,3,4029.1,12,1,4029.2,61,1,4029.5,50,1
11483,2026-07-02 14:28:55+05:30,4028.8,47,4034.36,1789597,177111.0,171881.0,4100.0,4110.0,4012.0,4092.6,25809000,4501.8,3683.4,4440.0,3288.1,4028.4,14,1,4028.3,42,4,4028.2,99,5,4028.1,206,3,4028.0,337,10,4029.0,19,3,4029.1,12,1,4029.2,61,1,4029.5,50,1,4029.6,11,2
11483,2026-07-02 14:28:55+05:30,4028.8,47,4034.36,1789597,177111.0,171881.0,4100.0,4110.0,4012.0,4092.6,25809000,4501.8,3683.4,4440.0,3288.1,4028.4,14,1,4028.3,42,4,4028.2,99,5,4028.1,206,3,4028.0,337,10,4029.0,19,3,4029.1,12,1,4029.2,61,1,4029.5,50,1,4029.6,11,2
11483,2026-07-02 14:28:56+05:30,4029.2,1,4034.36,1791255,178014.0,170496.0,4100.0,4110.0,4012.0,4092.6,25809000,4501.8,3683.4,4440.0,3288.1,4029.2,28,4,4029.1,78,6,4029.0,80,4,4028.9,24,1,4028.8,3,1,4030.0,117,4,4030.1,25,2,4030.8,13,1,4031.0,108,2,4031.1,13,1
11483,2026-07-02 14:28:56+05:30,4029.2,1,4034.36,1791255,178014.0,170496.0,4100.0,4110.0,4012.0,4092.6,25809000,4501.8,3683.4,4440.0,3288.1,4029.2,28,4,4029.1,78,6,4029.0,80,4,4028.9,24,1,4028.8,3,1,4030.0,117,4,4030.1,25,2,4030.8,13,1,4031.0,108,2,4031.1,13,1
11483,2026-07-02 14:28:57+05:30,4029.1,1,4034.36,1791255,178014.0,170496.0,4100.0,4110.0,4012.0,4092.6,25809000,4501.8,3683.4,4440.0,3288.1,4029.1,24,5,4029.0,54,3,4028.9,4,1,4028.7,42,2,4028.6,30,1,4029.2,70,1,4029.8,5,1,4030.0,117,4,4030.1,25,2,4030.5,58,2
11483,2026-07-02 14:28:57+05:30,4029.1,1,4034.35,1791887,178011.0,171573.0,4100.0,4110.0,4012.0,4092.6,25809000,4501.8,3683.4,4440.0,3288.1,4029.1,24,5,4029.0,54,3,4028.9,4,1,4028.7,42,2,4028.6,30,1,4029.2,70,1,4029.8,5,1,4030.0,117,4,4030.1,25,2,4030.5,58,2
11483,2026-07-02 14:28:58+05:30,4029.8,1,4034.35,1791887,178011.0,171573.0,4100.0,4110.0,4012.0,4092.6,25809000,4501.8,3683.4,4440.0,3288.1,4029.1,24,5,4029.0,54,3,4028.9,4,1,4028.7,42,2,4028.6,30,1,4029.2,70,1,4029.8,5,1,4030.0,117,4,4030.1,25,2,4030.5,58,2
11483,2026-07-02 14:28:58+05:30,4029.8,1,4034.35,1792061,177936.0,171089.0,4100.0,4110.0,4012.0,4092.6,25809000,4501.8,3683.4,4440.0,3288.1,4029.1,36,5,4029.0,54,3,4028.9,13,3,4028.8,43,3,4028.7,42,2,4029.8,4,1,4030.0,117,4,4030.1,25,2,4030.5,58,2,4030.8,15,2
11483,2026-07-02 14:28:59+05:30,4029.2,1,4034.35,1792061,177936.0,171089.0,4100.0,4110.0,4012.0,4092.6,25809000,4501.8,3683.4,4440.0,3288.1,4029.2,22,3,4029.1,12,2,4029.0,67,3,4028.9,13,3,4028.8,42,3,4030.0,114,4,4030.1,25,2,4030.5,58,2,4030.8,15,2,4031.0,108,2
11483,2026-07-02 14:28:59+05:30,4029.2,1,4034.35,1792090,177948.0,170549.0,4100.0,4110.0,4012.0,4092.6,25809000,4501.8,3683.4,4440.0,3288.1,4029.2,22,3,4029.1,12,2,4029.0,67,3,4028.9,13,3,4028.8,42,3,4030.0,114,4,4030.1,25,2,4030.5,58,2,4030.8,15,2,4031.0,108,2
11483,2026-07-02 14:29:00+05:30,4030.0,1,4034.35,1792090,177948.0,170549.0,4100.0,4110.0,4012.0,4092.6,25809000,4501.8,3683.4,4440.0,3288.1,4029.2,22,3,4029.1,12,2,4029.0,67,3,4028.9,13,3,4028.8,42,3,4030.0,114,4,4030.1,25,2,4030.5,58,2,4030.8,15,2,4031.0,108,2
11483,2026-07-02 14:29:00+05:30,4030.0,1,4034.35,1792094,177858.0,170551.0,4100.0,4110.0,4012.0,4092.6,25809000,4501.8,3683.4,4440.0,3288.1,4029.2,38,4,4029.1,12,2,4029.0,50,2,4028.9,11,2,4028.8,12,2,4030.0,115,5,4030.1,25,2,4030.5,46,1,4030.8,15,2,4031.0,108,2
11483,2026-07-02 14:29:01+05:30,4030.0,18,4034.35,1792094,177858.0,170551.0,4100.0,4110.0,4012.0,4092.6,25809000,4501.8,3683.4,4440.0,3288.1,4029.2,38,4,4029.1,12,2,4029.0,50,2,4028.9,11,2,4028.8,12,2,4030.0,115,5,4030.1,25,2,4030.5,46,1,4030.8,15,2,4031.0,108,2
11483,2026-07-02 14:29:01+05:30,4030.0,18,4034.35,1792115,177985.0,170262.0,4100.0,4110.0,4012.0,4092.6,25809000,4501.8,3683.4,4440.0,3288.1,4029.8,30,4,4029.7,26,5,4029.5,14,1,4029.4,17,2,4029.3,223,4,4030.0,97,5,4030.1,83,3,4030.8,15,2,4031.0,108,2,4031.1,23,2
11483,2026-07-02 14:29:02+05:30,4029.6,1,4034.35,1792115,177985.0,170262.0,4100.0,4110.0,4012.0,4092.6,25809000,4501.8,3683.4,4440.0,3288.1,4029.8,30,4,4029.7,26,5,4029.5,14,1,4029.4,17,2,4029.3,223,4,4030.0,97,5,4030.1,83,3,4030.8,15,2,4031.0,108,2,4031.1,23,2
11483,2026-07-02 14:29:02+05:30,4029.6,1,4034.35,1792167,177653.0,170456.0,4100.0,4110.0,4012.0,4092.6,25809000,4501.8,3683.4,4440.0,3288.1,4029.4,14,1,4029.3,187,2,4029.2,64,3,4029.1,6,3,4029.0,50,2,4030.0,97,5,4030.1,83,3,4030.8,15,2,4031.0,108,2,4031.1,23,2
11483,2026-07-02 14:29:03+05:30,4029.4,7,4034.35,1792167,177653.0,170456.0,4100.0,4110.0,4012.0,4092.6,25809000,4501.8,3683.4,4440.0,3288.1,4029.4,14,1,4029.3,187,2,4029.2,64,3,4029.1,6,3,4029.0,50,2,4030.0,97,5,4030.1,83,3,4030.8,15,2,4031.0,108,2,4031.1,23,2
11483,2026-07-02 14:29:03+05:30,4029.4,7,4034.35,1792174,177405.0,170568.0,4100.0,4110.0,4012.0,4092.6,25809000,4501.8,3683.4,4440.0,3288.1,4029.4,7,1,4029.3,187,2,4029.2,64,3,4029.1,2,2,4029.0,45,1,4030.0,103,6,4030.1,83,3,4030.8,15,2,4031.0,149,4,4031.1,23,2
11483,2026-07-02 14:29:04+05:30,4030.0,1,4034.35,1792191,177404.0,170681.0,4100.0,4110.0,4012.0,4092.6,25809000,4501.8,3683.4,4440.0,3288.1,4029.4,6,1,4029.3,187,2,4029.2,64,3,4029.1,2,2,4029.0,45,1,4030.0,187,6,4030.1,83,3,4030.8,15,2,4030.9,3,1,4031.0,170,4
11483,2026-07-02 14:29:04+05:30,4029.4,2,4034.35,1792191,177404.0,170681.0,4100.0,4110.0,4012.0,4092.6,25809000,4501.8,3683.4,4440.0,3288.1,4029.4,6,1,4029.3,187,2,4029.2,64,3,4029.1,2,2,4029.0,45,1,4030.0,187,6,4030.1,83,3,4030.8,15,2,4030.9,3,1,4031.0,170,4
11483,2026-07-02 14:29:05+05:30,4029.3,1,4034.35,1792198,177252.0,170751.0,4100.0,4110.0,4012.0,4092.6,25809000,4501.8,3683.4,4440.0,3288.1,4029.5,2,2,4029.3,186,2,4029.2,64,3,4029.0,45,1,4028.8,1,1,4030.0,187,6,4030.1,83,3,4030.7,72,2,4030.8,15,2,4030.9,3,1
11483,2026-07-02 14:29:05+05:30,4029.5,1,4034.35,1792198,177252.0,170751.0,4100.0,4110.0,4012.0,4092.6,25809000,4501.8,3683.4,4440.0,3288.1,4029.5,2,2,4029.3,186,2,4029.2,64,3,4029.0,45,1,4028.8,1,1,4030.0,187,6,4030.1,83,3,4030.7,72,2,4030.8,15,2,4030.9,3,1
11483,2026-07-02 14:29:06+05:30,4029.3,51,4034.35,1792262,177084.0,170801.0,4100.0,4110.0,4012.0,4092.6,25809000,4501.8,3683.4,4440.0,3288.1,4029.8,13,1,4029.3,124,1,4029.2,64,3,4029.0,45,1,4028.8,1,1,4030.0,187,6,4030.1,25,2,4030.3,22,1,4030.4,111,4,4030.5,16,1
11483,2026-07-02 14:29:06+05:30,4030.0,7,4034.35,1792262,177084.0,170801.0,4100.0,4110.0,4012.0,4092.6,25809000,4501.8,3683.4,4440.0,3288.1,4029.8,13,1,4029.3,124,1,4029.2,64,3,4029.0,45,1,4028.8,1,1,4030.0,187,6,4030.1,25,2,4030.3,22,1,4030.4,111,4,4030.5,16,1
11483,2026-07-02 14:29:07+05:30,4029.8,3,4034.35,1792279,176897.0,170752.0,4100.0,4110.0,4012.0,4092.6,25809000,4501.8,3683.4,4440.0,3288.1,4029.9,1,1,4029.8,3,1,4029.3,124,1,4029.2,64,3,4029.0,45,1,4030.0,182,7,4030.1,25,2,4030.4,85,3,4030.5,16,1,4030.6,30,1
11483,2026-07-02 14:29:07+05:30,4029.9,1,4034.35,1792279,176897.0,170752.0,4100.0,4110.0,4012.0,4092.6,25809000,4501.8,3683.4,4440.0,3288.1,4029.9,1,1,4029.8,3,1,4029.3,124,1,4029.2,64,3,4029.0,45,1,4030.0,182,7,4030.1,25,2,4030.4,85,3,4030.5,16,1,4030.6,30,1
11483,2026-07-02 14:29:08+05:30,4030.0,150,4034.35,1793080,176912.0,170768.0,4100.0,4110.0,4012.0,4092.6,25809000,4501.8,3683.4,4440.0,3288.1,4029.8,3,1,4029.3,124,1,4029.2,59,2,4029.0,45,1,4028.8,1,1,4030.0,100,1,4030.1,25,2,4030.5,24,1,4030.7,35,1,4030.8,77,4
11483,2026-07-02 14:29:08+05:30,4029.8,96,4034.35,1793080,176912.0,170768.0,4100.0,4110.0,4012.0,4092.6,25809000,4501.8,3683.4,4440.0,3288.1,4029.8,3,1,4029.3,124,1,4029.2,59,2,4029.0,45,1,4028.8,1,1,4030.0,100,1,4030.1,25,2,4030.5,24,1,4030.7,35,1,4030.8,77,4
11483,2026-07-02 14:29:09+05:30,4030.0,1,4034.35,1793244,177041.0,170933.0,4100.0,4110.0,4012.0,4092.6,25809000,4501.8,3683.4,4440.0,3288.1,4029.8,13,1,4029.3,164,2,4029.2,59,2,4029.1,20,1,4029.0,45,1,4030.0,32,1,4030.1,25,2,4030.7,83,2,4030.8,53,3,4031.0,72,2
11483,2026-07-02 14:29:09+05:30,4029.8,19,4034.35,1793244,177041.0,170933.0,4100.0,4110.0,4012.0,4092.6,25809000,4501.8,3683.4,4440.0,3288.1,4029.8,13,1,4029.3,164,2,4029.2,59,2,4029.1,20,1,4029.0,45,1,4030.0,32,1,4030.1,25,2,4030.7,83,2,4030.8,53,3,4031.0,72,2
11483,2026-07-02 14:29:10+05:30,4029.8,1,4034.35,1793264,177041.0,171026.0,4100.0,4110.0,4012.0,4092.6,25809000,4501.8,3683.4,4440.0,3288.1,4029.8,3,1,4029.3,124,1,4029.2,59,2,4029.0,45,1,4028.8,67,3,4030.0,32,1,4030.1,25,2,4030.6,14,1,4030.7,83,2,4030.8,77,4
11483,2026-07-02 14:29:10+05:30,4029.8,2,4034.35,1793264,177041.0,171026.0,4100.0,4110.0,4012.0,4092.6,25809000,4501.8,3683.4,4440.0,3288.1,4029.8,3,1,4029.3,124,1,4029.2,59,2,4029.0,45,1,4028.8,67,3,4030.0,32,1,4030.1,25,2,4030.6,14,1,4030.7,83,2,4030.8,77,4
11483,2026-07-02 14:29:11+05:30,4030.0,3,4034.35,1793294,177211.0,171479.0,4100.0,4110.0,4012.0,4092.6,25809000,4501.8,3683.4,4440.0,3288.1,4029.3,100,1,4029.2,59,2,4028.8,1,1,4028.6,59,3,4028.5,91,4,4030.0,29,1,4030.1,25,2,4030.5,24,1,4030.6,14,1,4030.7,83,2
11483,2026-07-02 14:29:11+05:30,4029.3,4,4034.35,1793294,177211.0,171479.0,4100.0,4110.0,4012.0,4092.6,25809000,4501.8,3683.4,4440.0,3288.1,4029.3,100,1,4029.2,59,2,4028.8,1,1,4028.6,59,3,4028.5,91,4,4030.0,29,1,4030.1,25,2,4030.5,24,1,4030.6,14,1,4030.7,83,2
11483,2026-07-02 14:29:12+05:30,4030.0,1,4034.35,1793299,177207.0,171523.0,4100.0,4110.0,4012.0,4092.6,25809000,4501.8,3683.4,4440.0,3288.1,4029.3,96,1,4029.2,59,2,4028.8,1,1,4028.6,59,3,4028.5,91,4,4030.0,28,1,4030.1,25,2,4030.5,24,1,4030.6,14,1,4030.7,120,3
11483,2026-07-02 14:29:12+05:30,4030.0,1,4034.35,1793299,177207.0,171523.0,4100.0,4110.0,4012.0,4092.6,25809000,4501.8,3683.4,4440.0,3288.1,4029.3,96,1,4029.2,59,2,4028.8,1,1,4028.6,59,3,4028.5,91,4,4030.0,28,1,4030.1,25,2,4030.5,24,1,4030.6,14,1,4030.7,120,3
11483,2026-07-02 14:29:12+05:30,4030.0,1,4034.35,1793299,177241.0,171439.0,4100.0,4110.0,4012.0,4092.6,25809000,4501.8,3683.4,4440.0,3288.1,4029.3,96,1,4029.2,59,2,4029.1,10,1,4028.8,1,1,4028.6,62,4,4030.0,28,1,4030.1,25,2,4030.6,14,1,4030.7,83,2,4030.8,65,4
11483,2026-07-02 14:29:13+05:30,4030.0,22,4034.35,1793299,177241.0,171439.0,4100.0,4110.0,4012.0,4092.6,25809000,4501.8,3683.4,4440.0,3288.1,4029.3,96,1,4029.2,59,2,4029.1,10,1,4028.8,1,1,4028.6,62,4,4030.0,28,1,4030.1,25,2,4030.6,14,1,4030.7,83,2,4030.8,65,4
11483,2026-07-02 14:29:14+05:30,4030.0,22,4034.35,1793321,177085.0,171314.0,4100.0,4110.0,4012.0,4092.6,25809000,4501.8,3683.4,4440.0,3288.1,4029.3,96,1,4029.2,59,2,4029.1,10,1,4028.8,39,2,4028.6,62,4,4030.0,8,2,4030.1,25,2,4030.6,14,1,4030.7,83,2,4030.8,65,4
11483,2026-07-02 14:29:14+05:30,4029.3,3,4034.35,1793321,177085.0,171314.0,4100.0,4110.0,4012.0,4092.6,25809000,4501.8,3683.4,4440.0,3288.1,4029.3,96,1,4029.2,59,2,4029.1,10,1,4028.8,39,2,4028.6,62,4,4030.0,8,2,4030.1,25,2,4030.6,14,1,4030.7,83,2,4030.8,65,4
11483,2026-07-02 14:29:14+05:30,4030.0,2,4034.35,1793334,176880.0,171766.0,4100.0,4110.0,4012.0,4092.6,25809000,4501.8,3683.4,4440.0,3288.1,4029.3,93,1,4029.2,59,2,4029.1,10,1,4029.0,50,1,4028.8,1,1,4030.0,114,3,4030.1,25,2,4030.5,12,1,4030.6,14,1,4030.7,83,2
11483,2026-07-02 14:29:15+05:30,4029.3,2,4034.35,1793334,176880.0,171766.0,4100.0,4110.0,4012.0,4092.6,25809000,4501.8,3683.4,4440.0,3288.1,4029.3,93,1,4029.2,59,2,4029.1,10,1,4029.0,50,1,4028.8,1,1,4030.0,114,3,4030.1,25,2,4030.5,12,1,4030.6,14,1,4030.7,83,2
11483,2026-07-02 14:29:15+05:30,4029.3,2,4034.35,1793336,176736.0,171713.0,4100.0,4110.0,4012.0,4092.6,25809000,4501.8,3683.4,4440.0,3288.1,4029.8,2,2,4029.3,91,1,4029.2,59,2,4029.1,10,1,4029.0,50,1,4029.9,30,1,4030.0,114,3,4030.1,25,2,4030.5,39,2,4030.6,14,1
11483,2026-07-02 14:29:16+05:30,4029.3,2,4034.35,1793336,176043.0,171674.0,4100.0,4110.0,4012.0,4092.6,25809000,4501.8,3683.4,4440.0,3288.1,4029.8,2,2,4029.3,91,1,4029.2,59,2,4029.1,10,1,4029.0,50,1,4029.9,30,1,4030.0,114,3,4030.1,25,2,4030.5,39,2,4030.6,14,1
11483,2026-07-02 14:29:17+05:30,4029.9,22,4034.35,1793336,176043.0,171674.0,4100.0,4110.0,4012.0,4092.6,25809000,4501.8,3683.4,4440.0,3288.1,4029.8,2,2,4029.3,91,1,4029.2,59,2,4029.1,10,1,4029.0,50,1,4029.9,30,1,4030.0,114,3,4030.1,25,2,4030.5,39,2,4030.6,14,1
11483,2026-07-02 14:29:17+05:30,4030.0,2,4034.35,1793383,176054.0,171629.0,4100.0,4110.0,4012.0,4092.6,25809000,4501.8,3683.4,4440.0,3288.1,4029.8,3,3,4029.3,91,1,4029.2,59,2,4029.1,10,1,4029.0,50,1,4030.0,111,2,4030.1,25,2,4030.6,14,1,4030.7,103,3,4030.8,65,4
11483,2026-07-02 14:29:18+05:30,4029.8,1,4034.35,1793383,176054.0,171629.0,4100.0,4110.0,4012.0,4092.6,25809000,4501.8,3683.4,4440.0,3288.1,4029.8,3,3,4029.3,91,1,4029.2,59,2,4029.1,10,1,4029.0,50,1,4030.0,111,2,4030.1,25,2,4030.6,14,1,4030.7,103,3,4030.8,65,4
11483,2026-07-02 14:29:18+05:30,4029.8,1,4034.35,1793388,176056.0,171668.0,4100.0,4110.0,4012.0,4092.6,25809000,4501.8,3683.4,4440.0,3288.1,4029.8,3,3,4029.3,91,1,4029.2,59,2,4029.1,10,1,4029.0,50,1,4030.0,111,2,4030.1,25,2,4030.6,14,1,4030.7,103,3,4030.8,65,4
11483,2026-07-02 14:29:19+05:30,4029.8,1,4034.35,1793388,176056.0,171668.0,4100.0,4110.0,4012.0,4092.6,25809000,4501.8,3683.4,4440.0,3288.1,4029.8,3,3,4029.3,91,1,4029.2,59,2,4029.1,10,1,4029.0,50,1,4030.0,111,2,4030.1,25,2,4030.6,14,1,4030.7,103,3,4030.8,65,4
11483,2026-07-02 14:29:19+05:30,4030.0,2,4034.35,1793391,176048.0,171696.0,4100.0,4110.0,4012.0,4092.6,25809000,4501.8,3683.4,4440.0,3288.1,4029.8,2,2,4029.3,91,1,4029.2,59,2,4029.1,10,1,4029.0,50,1,4030.0,119,3,4030.1,25,2,4030.6,14,1,4030.7,127,4,4030.8,65,4
11483,2026-07-02 14:29:20+05:30,4030.0,2,4034.35,1793391,176048.0,171696.0,4100.0,4110.0,4012.0,4092.6,25809000,4501.8,3683.4,4440.0,3288.1,4029.8,2,2,4029.3,91,1,4029.2,59,2,4029.1,10,1,4029.0,50,1,4030.0,119,3,4030.1,25,2,4030.6,14,1,4030.7,127,4,4030.8,65,4
11483,2026-07-02 14:29:21+05:30,4030.0,2,4034.35,1793391,176069.0,171665.0,4100.0,4110.0,4012.0,4092.6,25809000,4501.8,3683.4,4440.0,3288.1,4029.8,2,2,4029.3,91,1,4029.2,59,2,4029.1,10,1,4029.0,50,1,4030.0,157,7,4030.1,56,4,4030.3,22,2,4030.4,61,2,4030.5,40,2
11483,2026-07-02 14:29:21+05:30,4030.0,5,4034.35,1793391,176069.0,171665.0,4100.0,4110.0,4012.0,4092.6,25809000,4501.8,3683.4,4440.0,3288.1,4029.8,2,2,4029.3,91,1,4029.2,59,2,4029.1,10,1,4029.0,50,1,4030.0,157,7,4030.1,56,4,4030.3,22,2,4030.4,61,2,4030.5,40,2
11483,2026-07-02 14:29:22+05:30,4030.0,5,4034.35,1793518,176062.0,171323.0,4100.0,4110.0,4012.0,4092.6,25809000,4501.8,3683.4,4440.0,3288.1,4029.8,2,2,4029.3,91,1,4029.2,59,2,4029.1,10,1,4029.0,50,1,4030.0,143,4,4030.1,56,4,4030.3,22,2,4030.4,61,2,4030.5,40,2
11483,2026-07-02 14:29:22+05:30,4029.8,1,4034.35,1793518,176062.0,171323.0,4100.0,4110.0,4012.0,4092.6,25809000,4501.8,3683.4,4440.0,3288.1,4029.8,2,2,4029.3,91,1,4029.2,59,2,4029.1,10,1,4029.0,50,1,4030.0,143,4,4030.1,56,4,4030.3,22,2,4030.4,61,2,4030.5,40,2
11483,2026-07-02 14:29:23+05:30,4029.8,1,4034.35,1793521,176397.0,171681.0,4100.0,4110.0,4012.0,4092.6,25809000,4501.8,3683.4,4440.0,3288.1,4029.3,91,1,4029.2,59,2,4029.1,10,1,4029.0,50,1,4028.8,1,1,4029.8,42,3,4030.0,115,3,4030.1,49,3,4030.3,11,1,4030.4,94,3
11483,2026-07-02 14:29:23+05:30,4029.8,1,4034.35,1793521,176397.0,171681.0,4100.0,4110.0,4012.0,4092.6,25809000,4501.8,3683.4,4440.0,3288.1,4029.3,91,1,4029.2,59,2,4029.1,10,1,4029.0,50,1,4028.8,1,1,4029.8,42,3,4030.0,115,3,4030.1,49,3,4030.3,11,1,4030.4,94,3
11483,2026-07-02 14:29:24+05:30,4029.8,1,4034.35,1793523,176404.0,171616.0,4100.0,4110.0,4012.0,4092.6,25809000,4501.8,3683.4,4440.0,3288.1,4029.3,91,1,4029.2,59,2,4029.1,10,1,4029.0,50,1,4028.8,1,1,4029.8,44,4,4029.9,14,1,4030.0,113,2,4030.1,67,4,4030.3,11,1
11483,2026-07-02 14:29:24+05:30,4029.8,1,4034.35,1793523,176404.0,171616.0,4100.0,4110.0,4012.0,4092.6,25809000,4501.8,3683.4,4440.0,3288.1,4029.3,91,1,4029.2,59,2,4029.1,10,1,4029.0,50,1,4028.8,1,1,4029.8,44,4,4029.9,14,1,4030.0,113,2,4030.1,67,4,4030.3,11,1
11483,2026-07-02 14:29:25+05:30,4029.8,8,4034.35,1793545,176434.0,171678.0,4100.0,4110.0,4012.0,4092.6,25809000,4501.8,3683.4,4440.0,3288.1,4029.3,91,1,4029.2,59,2,4029.1,10,1,4029.0,50,1,4028.8,1,1,4029.8,46,4,4030.0,113,2,4030.1,43,3,4030.2,44,2,4030.3,11,1
11483,2026-07-02 14:29:25+05:30,4029.3,3,4034.35,1793545,176434.0,171678.0,4100.0,4110.0,4012.0,4092.6,25809000,4501.8,3683.4,4440.0,3288.1,4029.3,91,1,4029.2,59,2,4029.1,10,1,4029.0,50,1,4028.8,1,1,4029.8,46,4,4030.0,113,2,4030.1,43,3,4030.2,44,2,4030.3,11,1
11483,2026-07-02 14:29:26+05:30,4029.3,3,4034.35,1793548,176430.0,171646.0,4100.0,4110.0,4012.0,4092.6,25809000,4501.8,3683.4,4440.0,3288.1,4029.3,88,1,4029.2,59,2,4029.1,10,1,4029.0,50,1,4028.8,1,1,4029.8,46,4,4030.0,113,2,4030.1,43,3,4030.2,44,2,4030.3,11,1
11483,2026-07-02 14:29:26+05:30,4029.8,8,4034.35,1793548,176430.0,171646.0,4100.0,4110.0,4012.0,4092.6,25809000,4501.8,3683.4,4440.0,3288.1,4029.3,88,1,4029.2,59,2,4029.1,10,1,4029.0,50,1,4028.8,1,1,4029.8,46,4,4030.0,113,2,4030.1,43,3,4030.2,44,2,4030.3,11,1
11483,2026-07-02 14:29:26+05:30,4029.8,3,4034.35,1793562,176468.0,171615.0,4100.0,4110.0,4012.0,4092.6,25809000,4501.8,3683.4,4440.0,3288.1,4029.3,88,1,4029.2,59,2,4029.1,10,1,4029.0,50,1,4028.8,1,1,4029.8,8,3,4029.9,38,2,4030.0,113,2,4030.1,43,3,4030.2,24,1
11483,2026-07-02 14:29:27+05:30,4029.3,2,4034.35,1793562,176468.0,171615.0,4100.0,4110.0,4012.0,4092.6,25809000,4501.8,3683.4,4440.0,3288.1,4029.3,88,1,4029.2,59,2,4029.1,10,1,4029.0,50,1,4028.8,1,1,4029.8,8,3,4029.9,38,2,4030.0,113,2,4030.1,43,3,4030.2,24,1
11483,2026-07-02 14:29:27+05:30,4029.8,1,4034.35,1793565,176430.0,171587.0,4100.0,4110.0,4012.0,4092.6,25809000,4501.8,3683.4,4440.0,3288.1,4029.5,1,1,4029.3,86,1,4029.2,59,2,4029.1,10,1,4029.0,50,1,4029.8,9,4,4029.9,33,2,4030.0,113,2,4030.1,65,4,4030.2,24,1
11483,2026-07-02 14:29:28+05:30,4029.8,1,4034.35,1793565,176430.0,171587.0,4100.0,4110.0,4012.0,4092.6,25809000,4501.8,3683.4,4440.0,3288.1,4029.5,1,1,4029.3,86,1,4029.2,59,2,4029.1,10,1,4029.0,50,1,4029.8,9,4,4029.9,33,2,4030.0,113,2,4030.1,65,4,4030.2,24,1
11483,2026-07-02 14:29:28+05:30,4029.8,2,4034.35,1793572,176490.0,171614.0,4100.0,4110.0,4012.0,4092.6,25809000,4501.8,3683.4,4440.0,3288.1,4029.5,1,1,4029.3,86,1,4029.2,59,2,4029.1,10,1,4029.0,50,1,4029.8,4,2,4030.0,113,2,4030.1,39,3,4030.2,24,1,4030.3,34,2
11483,2026-07-02 14:29:29+05:30,4029.5,1,4034.35,1793572,176490.0,171614.0,4100.0,4110.0,4012.0,4092.6,25809000,4501.8,3683.4,4440.0,3288.1,4029.5,1,1,4029.3,86,1,4029.2,59,2,4029.1,10,1,4029.0,50,1,4029.8,4,2,4030.0,113,2,4030.1,39,3,4030.2,24,1,4030.3,34,2
11483,2026-07-02 14:29:29+05:30,4029.5,1,4034.35,1793572,176490.0,171614.0,4100.0,4110.0,4012.0,4092.6,25809000,4501.8,3683.4,4440.0,3288.1,4029.5,1,1,4029.3,86,1,4029.2,59,2,4029.1,10,1,4029.0,50,1,4029.8,4,2,4030.0,113,2,4030.1,39,3,4030.2,24,1,4030.3,34,2
11483,2026-07-02 14:29:29+05:30,4029.3,22,4034.35,1793596,176470.0,171724.0,4100.0,4110.0,4012.0,4092.6,25809000,4501.8,3683.4,4440.0,3288.1,4029.3,64,1,4029.2,59,2,4029.1,10,1,4029.0,50,1,4028.8,11,2,4029.8,4,2,4030.0,113,2,4030.1,39,3,4030.2,24,1,4030.3,34,2
11483,2026-07-02 14:29:29+05:30,4029.3,22,4034.35,1793596,176470.0,171724.0,4100.0,4110.0,4012.0,4092.6,25809000,4501.8,3683.4,4440.0,3288.1,4029.3,64,1,4029.2,59,2,4029.1,10,1,4029.0,50,1,4028.8,11,2,4029.8,4,2,4030.0,113,2,4030.1,39,3,4030.2,24,1,4030.3,34,2
11483,2026-07-02 14:29:30+05:30,4029.3,3,4034.35,1793596,176470.0,171724.0,4100.0,4110.0,4012.0,4092.6,25809000,4501.8,3683.4,4440.0,3288.1,4029.3,64,1,4029.2,59,2,4029.1,10,1,4029.0,50,1,4028.8,11,2,4029.8,4,2,4030.0,113,2,4030.1,39,3,4030.2,24,1,4030.3,34,2
11483,2026-07-02 14:29:30+05:30,4029.3,3,4034.35,1793596,176470.0,171724.0,4100.0,4110.0,4012.0,4092.6,25809000,4501.8,3683.4,4440.0,3288.1,4029.3,64,1,4029.2,59,2,4029.1,10,1,4029.0,50,1,4028.8,11,2,4029.8,4,2,4030.0,113,2,4030.1,39,3,4030.2,24,1,4030.3,34,2
11483,2026-07-02 14:29:30+05:30,4029.3,3,4034.35,1793599,176507.0,171765.0,4100.0,4110.0,4012.0,4092.6,25809000,4501.8,3683.4,4440.0,3288.1,4029.3,61,1,4029.2,59,2,4029.1,10,1,4029.0,50,1,4028.8,11,2,4029.8,4,2,4030.0,113,2,4030.1,39,3,4030.2,24,1,4030.3,34,2
11483,2026-07-02 14:29:30+05:30,4029.3,3,4034.35,1793599,176507.0,171765.0,4100.0,4110.0,4012.0,4092.6,25809000,4501.8,3683.4,4440.0,3288.1,4029.3,61,1,4029.2,59,2,4029.1,10,1,4029.0,50,1,4028.8,11,2,4029.8,4,2,4030.0,113,2,4030.1,39,3,4030.2,24,1,4030.3,34,2
11483,2026-07-02 14:29:31+05:30,4029.8,3,4034.35,1793599,176507.0,171765.0,4100.0,4110.0,4012.0,4092.6,25809000,4501.8,3683.4,4440.0,3288.1,4029.3,61,1,4029.2,59,2,4029.1,10,1,4029.0,50,1,4028.8,11,2,4029.8,4,2,4030.0,113,2,4030.1,39,3,4030.2,24,1,4030.3,34,2
11483,2026-07-02 14:29:31+05:30,4029.8,3,4034.35,1793599,176507.0,171765.0,4100.0,4110.0,4012.0,4092.6,25809000,4501.8,3683.4,4440.0,3288.1,4029.3,61,1,4029.2,59,2,4029.1,10,1,4029.0,50,1,4028.8,11,2,4029.8,4,2,4030.0,113,2,4030.1,39,3,4030.2,24,1,4030.3,34,2
11483,2026-07-02 14:29:31+05:30,4029.8,3,4034.35,1793604,176493.0,171547.0,4100.0,4110.0,4012.0,4092.6,25809000,4501.8,3683.4,4440.0,3288.1,4029.3,61,1,4029.2,59,2,4029.1,10,1,4029.0,50,1,4028.8,11,2,4029.8,2,1,4030.0,113,2,4030.1,25,2,4030.3,22,2,4030.4,61,2
11483,2026-07-02 14:29:31+05:30,4029.8,3,4034.35,1793604,176493.0,171547.0,4100.0,4110.0,4012.0,4092.6,25809000,4501.8,3683.4,4440.0,3288.1,4029.3,61,1,4029.2,59,2,4029.1,10,1,4029.0,50,1,4028.8,11,2,4029.8,2,1,4030.0,113,2,4030.1,25,2,4030.3,22,2,4030.4,61,2
11483,2026-07-02 14:29:32+05:30,4029.3,1,4034.35,1793604,176493.0,171547.0,4100.0,4110.0,4012.0,4092.6,25809000,4501.8,3683.4,4440.0,3288.1,4029.3,61,1,4029.2,59,2,4029.1,10,1,4029.0,50,1,4028.8,11,2,4029.8,2,1,4030.0,113,2,4030.1,25,2,4030.3,22,2,4030.4,61,2
11483,2026-07-02 14:29:32+05:30,4029.3,1,4034.35,1793604,176493.0,171547.0,4100.0,4110.0,4012.0,4092.6,25809000,4501.8,3683.4,4440.0,3288.1,4029.3,61,1,4029.2,59,2,4029.1,10,1,4029.0,50,1,4028.8,11,2,4029.8,2,1,4030.0,113,2,4030.1,25,2,4030.3,22,2,4030.4,61,2
11483,2026-07-02 14:29:32+05:30,4029.3,1,4034.35,1793605,176561.0,171622.0,4100.0,4110.0,4012.0,4092.6,25809000,4501.8,3683.4,4440.0,3288.1,4029.3,60,1,4029.2,59,2,4029.1,10,1,4029.0,50,1,4028.8,11,2,4029.8,2,1,4030.0,114,3,4030.1,25,2,4030.3,11,1,4030.4,61,2
11483,2026-07-02 14:29:33+05:30,4029.3,1,4034.35,1793605,176561.0,171622.0,4100.0,4110.0,4012.0,4092.6,25809000,4501.8,3683.4,4440.0,3288.1,4029.3,60,1,4029.2,59,2,4029.1,10,1,4029.0,50,1,4028.8,11,2,4029.8,2,1,4030.0,114,3,4030.1,25,2,4030.3,11,1,4030.4,61,2
11483,2026-07-02 14:29:33+05:30,4029.8,5,4034.35,1793605,176561.0,171622.0,4100.0,4110.0,4012.0,4092.6,25809000,4501.8,3683.4,4440.0,3288.1,4029.3,60,1,4029.2,59,2,4029.1,10,1,4029.0,50,1,4028.8,11,2,4029.8,2,1,4030.0,114,3,4030.1,25,2,4030.3,11,1,4030.4,61,2
11483,2026-07-02 14:29:33+05:30,4029.8,5,4034.35,1793605,176561.0,171622.0,4100.0,4110.0,4012.0,4092.6,25809000,4501.8,3683.4,4440.0,3288.1,4029.3,60,1,4029.2,59,2,4029.1,10,1,4029.0,50,1,4028.8,11,2,4029.8,2,1,4030.0,114,3,4030.1,25,2,4030.3,11,1,4030.4,61,2
11483,2026-07-02 14:29:33+05:30,4029.8,5,4034.35,1793605,176561.0,171622.0,4100.0,4110.0,4012.0,4092.6,25808825,4501.8,3683.4,4440.0,3288.1,4029.3,60,1,4029.2,59,2,4029.1,10,1,4029.0,50,1,4028.8,11,2,4029.8,2,1,4030.0,114,3,4030.1,25,2,4030.3,11,1,4030.4,61,2
11483,2026-07-02 14:29:33+05:30,4029.8,5,4034.35,1793610,176532.0,171597.0,4100.0,4110.0,4012.0,4092.6,25808825,4501.8,3683.4,4440.0,3288.1,4029.3,60,1,4029.2,59,2,4029.1,10,1,4029.0,50,1,4028.8,11,2,4029.8,2,1,4030.0,114,3,4030.1,25,2,4030.3,11,1,4030.4,61,2
11483,2026-07-02 14:29:34+05:30,4029.8,5,4034.35,1793610,176532.0,171597.0,4100.0,4110.0,4012.0,4092.6,25808825,4501.8,3683.4,4440.0,3288.1,4029.3,60,1,4029.2,59,2,4029.1,10,1,4029.0,50,1,4028.8,11,2,4029.8,2,1,4030.0,114,3,4030.1,25,2,4030.3,11,1,4030.4,61,2
11483,2026-07-02 14:29:34+05:30,4029.3,1,4034.35,1793610,176532.0,171597.0,4100.0,4110.0,4012.0,4092.6,25808825,4501.8,3683.4,4440.0,3288.1,4029.3,60,1,4029.2,59,2,4029.1,10,1,4029.0,50,1,4028.8,11,2,4029.8,2,1,4030.0,114,3,4030.1,25,2,4030.3,11,1,4030.4,61,2
11483,2026-07-02 14:29:34+05:30,4029.3,1,4034.35,1793610,176532.0,171597.0,4100.0,4110.0,4012.0,4092.6,25808825,4501.8,3683.4,4440.0,3288.1,4029.3,60,1,4029.2,59,2,4029.1,10,1,4029.0,50,1,4028.8,11,2,4029.8,2,1,4030.0,114,3,4030.1,25,2,4030.3,11,1,4030.4,61,2
11483,2026-07-02 14:29:34+05:30,4029.3,1,4034.35,1793611,176551.0,171603.0,4100.0,4110.0,4012.0,4092.6,25808825,4501.8,3683.4,4440.0,3288.1,4029.3,79,2,4029.2,59,2,4029.1,10,1,4029.0,50,1,4028.8,11,2,4029.8,3,2,4030.0,140,5,4030.1,25,2,4030.2,20,1,4030.3,11,1
11483,2026-07-02 14:29:35+05:30,4029.3,1,4034.35,1793611,176551.0,171603.0,4100.0,4110.0,4012.0,4092.6,25808825,4501.8,3683.4,4440.0,3288.1,4029.3,79,2,4029.2,59,2,4029.1,10,1,4029.0,50,1,4028.8,11,2,4029.8,3,2,4030.0,140,5,4030.1,25,2,4030.2,20,1,4030.3,11,1
11483,2026-07-02 14:29:35+05:30,4029.3,1,4034.35,1793611,176543.0,171866.0,4100.0,4110.0,4012.0,4092.6,25808825,4501.8,3683.4,4440.0,3288.1,4029.3,79,2,4029.2,45,1,4029.1,10,1,4029.0,50,1,4028.8,11,2,4029.8,39,4,4029.9,24,1,4030.0,340,6,4030.1,25,2,4030.2,44,2
11483,2026-07-02 14:29:36+05:30,4029.8,1,4034.35,1793611,176543.0,171866.0,4100.0,4110.0,4012.0,4092.6,25808825,4501.8,3683.4,4440.0,3288.1,4029.3,79,2,4029.2,45,1,4029.1,10,1,4029.0,50,1,4028.8,11,2,4029.8,39,4,4029.9,24,1,4030.0,340,6,4030.1,25,2,4030.2,44,2
11483,2026-07-02 14:29:36+05:30,4030.0,6,4034.35,1793798,176730.0,171337.0,4100.0,4110.0,4012.0,4092.6,25808825,4501.8,3683.4,4440.0,3288.1,4029.8,13,1,4029.3,79,2,4029.2,45,1,4029.1,10,1,4029.0,50,1,4030.0,345,5,4030.1,25,2,4030.2,9,1,4030.3,11,1,4030.4,61,2
11483,2026-07-02 14:29:37+05:30,4029.8,22,4034.35,1793798,176730.0,171337.0,4100.0,4110.0,4012.0,4092.6,25808825,4501.8,3683.4,4440.0,3288.1,4029.8,13,1,4029.3,79,2,4029.2,45,1,4029.1,10,1,4029.0,50,1,4030.0,345,5,4030.1,25,2,4030.2,9,1,4030.3,11,1,4030.4,61,2
11483,2026-07-02 14:29:37+05:30,4029.8,22,4034.35,1793820,176814.0,171330.0,4100.0,4110.0,4012.0,4092.6,25808825,4501.8,3683.4,4440.0,3288.1,4029.9,1,1,4029.8,13,1,4029.3,81,3,4029.2,45,1,4029.1,10,1,4030.0,340,4,4030.1,25,2,4030.2,9,1,4030.3,9,1,4030.4,61,2
11483,2026-07-02 14:29:38+05:30,4029.9,1,4034.35,1793820,176814.0,171330.0,4100.0,4110.0,4012.0,4092.6,25808825,4501.8,3683.4,4440.0,3288.1,4029.9,1,1,4029.8,13,1,4029.3,81,3,4029.2,45,1,4029.1,10,1,4030.0,340,4,4030.1,25,2,4030.2,9,1,4030.3,9,1,4030.4,61,2
11483,2026-07-02 14:29:38+05:30,4029.2,227,4034.35,1794198,176660.0,171688.0,4100.0,4110.0,4012.0,4092.6,25808825,4501.8,3683.4,4440.0,3288.1,4029.2,45,1,4029.1,10,1,4029.0,51,2,4028.8,11,2,4028.6,13,2,4029.9,20,2,4030.0,375,5,4030.1,25,2,4030.2,9,1,4030.3,9,1
11483,2026-07-02 14:29:39+05:30,4029.2,2,4034.35,1794198,176660.0,171688.0,4100.0,4110.0,4012.0,4092.6,25808825,4501.8,3683.4,4440.0,3288.1,4029.2,45,1,4029.1,10,1,4029.0,51,2,4028.8,11,2,4028.6,13,2,4029.9,20,2,4030.0,375,5,4030.1,25,2,4030.2,9,1,4030.3,9,1
11483,2026-07-02 14:29:39+05:30,4029.2,1,4034.35,1794247,176653.0,171695.0,4100.0,4110.0,4012.0,4092.6,25808825,4501.8,3683.4,4440.0,3288.1,4029.2,42,1,4029.1,10,1,4029.0,51,2,4028.8,11,2,4028.6,13,2,4029.9,20,2,4030.0,423,6,4030.1,25,2,4030.2,9,1,4030.3,9,1
11483,2026-07-02 14:29:40+05:30,4029.2,6,4034.35,1794247,176653.0,171695.0,4100.0,4110.0,4012.0,4092.6,25808825,4501.8,3683.4,4440.0,3288.1,4029.2,42,1,4029.1,10,1,4029.0,51,2,4028.8,11,2,4028.6,13,2,4029.9,20,2,4030.0,423,6,4030.1,25,2,4030.2,9,1,4030.3,9,1
11483,2026-07-02 14:29:40+05:30,4029.2,6,4034.35,1794253,176669.0,171692.0,4100.0,4110.0,4012.0,4092.6,25808825,4501.8,3683.4,4440.0,3288.1,4029.8,3,1,4029.2,36,1,4029.1,10,1,4029.0,51,2,4028.8,11,2,4029.9,20,2,4030.0,423,6,4030.1,25,2,4030.2,9,1,4030.3,9,1
11483,2026-07-02 14:29:41+05:30,4029.8,2,4034.35,1794253,176669.0,171692.0,4100.0,4110.0,4012.0,4092.6,25808825,4501.8,3683.4,4440.0,3288.1,4029.8,3,1,4029.2,36,1,4029.1,10,1,4029.0,51,2,4028.8,11,2,4029.9,20,2,4030.0,423,6,4030.1,25,2,4030.2,9,1,4030.3,9,1
11483,2026-07-02 14:29:41+05:30,4029.9,6,4034.35,1794271,176585.0,171644.0,4100.0,4110.0,4012.0,4092.6,25808825,4501.8,3683.4,4440.0,3288.1,4029.2,36,1,4029.1,10,1,4029.0,51,2,4028.8,11,2,4028.6,13,2,4029.8,1,1,4029.9,16,3,4030.0,375,5,4030.1,32,3,4030.2,9,1
11483,2026-07-02 14:29:42+05:30,4029.2,2,4034.35,1794271,176585.0,171644.0,4100.0,4110.0,4012.0,4092.6,25808825,4501.8,3683.4,4440.0,3288.1,4029.2,36,1,4029.1,10,1,4029.0,51,2,4028.8,11,2,4028.6,13,2,4029.8,1,1,4029.9,16,3,4030.0,375,5,4030.1,32,3,4030.2,9,1
11483,2026-07-02 14:29:42+05:30,4029.2,2,4034.35,1794273,176349.0,171487.0,4100.0,4110.0,4012.0,4092.6,25808825,4501.8,3683.4,4440.0,3288.1,4029.2,34,1,4029.1,10,1,4029.0,51,2,4028.8,11,2,4028.6,13,2,4029.8,65,4,4029.9,3,2,4030.0,342,4,4030.1,77,5,4030.2,33,2
11483,2026-07-02 14:29:43+05:30,4029.8,1,4034.35,1794273,176349.0,171487.0,4100.0,4110.0,4012.0,4092.6,25808825,4501.8,3683.4,4440.0,3288.1,4029.2,34,1,4029.1,10,1,4029.0,51,2,4028.8,11,2,4028.6,13,2,4029.8,65,4,4029.9,3,2,4030.0,342,4,4030.1,77,5,4030.2,33,2
11483,2026-07-02 14:29:43+05:30,4029.8,1,4034.35,1794274,176437.0,171494.0,4100.0,4110.0,4012.0,4092.6,25808825,4501.8,3683.4,4440.0,3288.1,4029.2,34,1,4029.1,10,1,4029.0,51,2,4028.8,11,2,4028.6,13,2,4029.8,28,3,4029.9,25,2,4030.0,342,4,4030.1,58,4,4030.2,33,2
11483,2026-07-02 14:29:44+05:30,4029.2,1,4034.35,1794274,176437.0,171494.0,4100.0,4110.0,4012.0,4092.6,25808825,4501.8,3683.4,4440.0,3288.1,4029.2,34,1,4029.1,10,1,4029.0,51,2,4028.8,11,2,4028.6,13,2,4029.8,28,3,4029.9,25,2,4030.0,342,4,4030.1,58,4,4030.2,33,2
11483,2026-07-02 14:29:44+05:30,4029.0,1,4034.35,1794390,175493.0,171851.0,4100.0,4110.0,4012.0,4092.6,25808825,4501.8,3683.4,4440.0,3288.1,4028.8,11,2,4028.6,13,2,4028.5,176,2,4028.4,14,1,4028.3,33,1,4029.0,87,1,4029.8,2,1,4029.9,14,2,4030.0,362,6,4030.1,32,3
11483,2026-07-02 14:29:45+05:30,4029.0,10,4034.35,1794390,175493.0,171851.0,4100.0,4110.0,4012.0,4092.6,25808825,4501.8,3683.4,4440.0,3288.1,4028.8,11,2,4028.6,13,2,4028.5,176,2,4028.4,14,1,4028.3,33,1,4029.0,87,1,4029.8,2,1,4029.9,14,2,4030.0,362,6,4030.1,32,3
11483,2026-07-02 14:29:45+05:30,4029.0,3,4034.35,1794418,175384.0,172562.0,4100.0,4110.0,4012.0,4092.6,25808825,4501.8,3683.4,4440.0,3288.1,4028.6,13,2,4028.5,176,2,4028.2,10,1,4028.1,32,2,4028.0,316,9,4029.0,74,2,4029.2,500,1,4029.5,230,1,4029.7,11,1,4029.8,2,1
11483,2026-07-02 14:29:46+05:30,4029.0,7,4034.35,1794418,175384.0,172562.0,4100.0,4110.0,4012.0,4092.6,25808825,4501.8,3683.4,4440.0,3288.1,4028.6,13,2,4028.5,176,2,4028.2,10,1,4028.1,32,2,4028.0,316,9,4029.0,74,2,4029.2,500,1,4029.5,230,1,4029.7,11,1,4029.8,2,1
11483,2026-07-02 14:29:46+05:30,4029.0,7,4034.35,1794430,175196.0,172804.0,4100.0,4110.0,4012.0,4092.6,25808825,4501.8,3683.4,4440.0,3288.1,4028.6,13,2,4028.5,1,1,4028.1,205,2,4028.0,136,7,4027.8,10,1,4029.0,121,4,4029.1,11,1,4029.2,510,2,4029.3,55,3,4029.4,17,1
11483,2026-07-02 14:29:47+05:30,4028.6,1,4034.35,1794430,175196.0,172804.0,4100.0,4110.0,4012.0,4092.6,25808825,4501.8,3683.4,4440.0,3288.1,4028.6,13,2,4028.5,1,1,4028.1,205,2,4028.0,136,7,4027.8,10,1,4029.0,121,4,4029.1,11,1,4029.2,510,2,4029.3,55,3,4029.4,17,1
11483,2026-07-02 14:29:47+05:30,4028.6,1,4034.35,1794431,175056.0,172807.0,4100.0,4110.0,4012.0,4092.6,25808825,4501.8,3683.4,4440.0,3288.1,4028.8,1,1,4028.6,8,1,4028.5,1,1,4028.1,30,1,4028.0,122,6,4029.0,97,3,4029.2,510,2,4029.3,40,2,4029.4,17,1,4029.5,265,3
11483,2026-07-02 14:29:48+05:30,4029.0,6,4034.35,1794442,175089.0,172787.0,4100.0,4110.0,4012.0,4092.6,25808825,4501.8,3683.4,4440.0,3288.1,4028.8,1,1,4028.6,8,1,4028.5,1,1,4028.1,30,1,4028.0,122,6,4029.0,112,5,4029.1,7,1,4029.2,510,2,4029.3,40,2,4029.4,17,1
11483,2026-07-02 14:29:49+05:30,4028.8,1,4034.35,1794442,175089.0,172787.0,4100.0,4110.0,4012.0,4092.6,25808825,4501.8,3683.4,4440.0,3288.1,4028.8,1,1,4028.6,8,1,4028.5,1,1,4028.1,30,1,4028.0,122,6,4029.0,112,5,4029.1,7,1,4029.2,510,2,4029.3,40,2,4029.4,17,1
11483,2026-07-02 14:29:49+05:30,4028.8,1,4034.35,1794443,175016.0,172810.0,4100.0,4110.0,4012.0,4092.6,25808825,4501.8,3683.4,4440.0,3288.1,4028.6,8,1,4028.5,1,1,4028.1,30,1,4028.0,122,6,4027.8,10,1,4028.8,1,1,4029.0,126,6,4029.1,7,1,4029.2,510,2,4029.3,40,2
11483,2026-07-02 14:29:50+05:30,4028.6,1,4034.35,1794443,175016.0,172810.0,4100.0,4110.0,4012.0,4092.6,25808825,4501.8,3683.4,4440.0,3288.1,4028.6,8,1,4028.5,1,1,4028.1,30,1,4028.0,122,6,4027.8,10,1,4028.8,1,1,4029.0,126,6,4029.1,7,1,4029.2,510,2,4029.3,40,2
11483,2026-07-02 14:29:50+05:30,4028.6,1,4034.35,1794444,175014.0,172879.0,4100.0,4110.0,4012.0,4092.6,25808825,4501.8,3683.4,4440.0,3288.1,4028.6,7,1,4028.5,1,1,4028.1,30,1,4028.0,122,6,4027.8,10,1,4028.8,29,3,4029.0,91,3,4029.1,7,1,4029.2,510,2,4029.3,40,2
11483,2026-07-02 14:29:51+05:30,4028.8,4,4034.35,1794444,175014.0,172879.0,4100.0,4110.0,4012.0,4092.6,25808825,4501.8,3683.4,4440.0,3288.1,4028.6,7,1,4028.5,1,1,4028.1,30,1,4028.0,122,6,4027.8,10,1,4028.8,29,3,4029.0,91,3,4029.1,7,1,4029.2,510,2,4029.3,40,2
11483,2026-07-02 14:29:51+05:30,4028.6,1,4034.35,1794596,175107.0,172764.0,4100.0,4110.0,4012.0,4092.6,25808825,4501.8,3683.4,4440.0,3288.1,4028.6,6,1,4028.5,1,1,4028.1,30,1,4028.0,127,7,4027.8,10,1,4029.0,4,1,4029.2,500,1,4029.4,17,1,4029.5,245,2,4029.6,17,1
11483,2026-07-02 14:29:52+05:30,4028.6,18,4034.35,1794596,175107.0,172764.0,4100.0,4110.0,4012.0,4092.6,25808825,4501.8,3683.4,4440.0,3288.1,4028.6,6,1,4028.5,1,1,4028.1,30,1,4028.0,127,7,4027.8,10,1,4029.0,4,1,4029.2,500,1,4029.4,17,1,4029.5,245,2,4029.6,17,1
11483,2026-07-02 14:29:52+05:30,4028.6,18,4034.35,1794614,175164.0,172774.0,4100.0,4110.0,4012.0,4092.6,25808825,4501.8,3683.4,4440.0,3288.1,4029.0,5,1,4028.6,11,2,4028.5,1,1,4028.1,30,1,4028.0,128,8,4029.2,500,1,4029.4,15,1,4029.5,230,1,4029.6,17,1,4029.7,82,3
11483,2026-07-02 14:29:53+05:30,4029.0,2,4034.35,1794614,175164.0,172774.0,4100.0,4110.0,4012.0,4092.6,25808825,4501.8,3683.4,4440.0,3288.1,4029.0,5,1,4028.6,11,2,4028.5,1,1,4028.1,30,1,4028.0,128,8,4029.2,500,1,4029.4,15,1,4029.5,230,1,4029.6,17,1,4029.7,82,3
11483,2026-07-02 14:29:53+05:30,4029.0,2,4034.35,1794616,175160.0,172795.0,4100.0,4110.0,4012.0,4092.6,25808825,4501.8,3683.4,4440.0,3288.1,4029.0,3,1,4028.6,11,2,4028.5,1,1,4028.1,30,1,4028.0,128,8,4029.2,500,1,4029.4,15,1,4029.5,230,1,4029.6,41,2,4029.7,82,3
11483,2026-07-02 14:29:54+05:30,4029.2,2,4034.35,1794616,175160.0,172795.0,4100.0,4110.0,4012.0,4092.6,25808825,4501.8,3683.4,4440.0,3288.1,4029.0,3,1,4028.6,11,2,4028.5,1,1,4028.1,30,1,4028.0,128,8,4029.2,500,1,4029.4,15,1,4029.5,230,1,4029.6,41,2,4029.7,82,3
11483,2026-07-02 14:29:54+05:30,4029.0,2,4034.35,1794621,175071.0,172907.0,4100.0,4110.0,4012.0,4092.6,25808825,4501.8,3683.4,4440.0,3288.1,4028.6,11,2,4028.5,1,1,4028.1,30,1,4028.0,128,8,4027.8,10,1,4029.0,3,1,4029.2,498,1,4029.4,15,1,4029.5,230,1,4029.6,78,3
11483,2026-07-02 14:29:55+05:30,4029.2,171,4034.35,1794621,175071.0,172907.0,4100.0,4110.0,4012.0,4092.6,25808825,4501.8,3683.4,4440.0,3288.1,4028.6,11,2,4028.5,1,1,4028.1,30,1,4028.0,128,8,4027.8,10,1,4029.0,3,1,4029.2,498,1,4029.4,15,1,4029.5,230,1,4029.6,78,3
11483,2026-07-02 14:29:55+05:30,4029.0,2,4034.35,1794797,175358.0,172546.0,4100.0,4110.0,4012.0,4092.6,25808825,4501.8,3683.4,4440.0,3288.1,4029.0,298,1,4028.6,31,3,4028.5,1,1,4028.1,30,1,4028.0,176,9,4029.2,327,1,4029.4,15,1,4029.5,230,1,4029.6,41,2,4029.7,15,1
11483,2026-07-02 14:29:56+05:30,4029.2,1,4034.35,1794797,175358.0,172546.0,4100.0,4110.0,4012.0,4092.6,25808825,4501.8,3683.4,4440.0,3288.1,4029.0,298,1,4028.6,31,3,4028.5,1,1,4028.1,30,1,4028.0,176,9,4029.2,327,1,4029.4,15,1,4029.5,230,1,4029.6,41,2,4029.7,15,1
11483,2026-07-02 14:29:56+05:30,4029.0,127,4034.35,1794946,175318.0,172615.0,4100.0,4110.0,4012.0,4092.6,25808825,4501.8,3683.4,4440.0,3288.1,4029.0,150,1,4028.6,31,3,4028.5,1,1,4028.1,30,1,4028.0,176,9,4029.2,326,1,4029.4,15,1,4029.5,230,1,4029.6,41,2,4029.7,15,1
11483,2026-07-02 14:29:57+05:30,4029.0,18,4034.35,1794946,175318.0,172615.0,4100.0,4110.0,4012.0,4092.6,25808825,4501.8,3683.4,4440.0,3288.1,4029.0,150,1,4028.6,31,3,4028.5,1,1,4028.1,30,1,4028.0,176,9,4029.2,326,1,4029.4,15,1,4029.5,230,1,4029.6,41,2,4029.7,15,1
11483,2026-07-02 14:29:57+05:30,4029.0,18,4034.35,1794964,175258.0,172600.0,4100.0,4110.0,4012.0,4092.6,25808825,4501.8,3683.4,4440.0,3288.1,4029.1,1,1,4029.0,132,1,4028.6,31,3,4028.5,16,2,4028.3,19,1,4029.2,326,1,4029.4,15,1,4029.5,230,1,4029.7,15,1,4029.8,17,1
11483,2026-07-02 14:29:58+05:30,4029.1,2,4034.35,1794964,175258.0,172600.0,4100.0,4110.0,4012.0,4092.6,25808825,4501.8,3683.4,4440.0,3288.1,4029.1,1,1,4029.0,132,1,4028.6,31,3,4028.5,16,2,4028.3,19,1,4029.2,326,1,4029.4,15,1,4029.5,230,1,4029.7,15,1,4029.8,17,1
11483,2026-07-02 14:29:58+05:30,4029.2,7,4034.35,1794973,175366.0,172587.0,4100.0,4110.0,4012.0,4092.6,25808825,4501.8,3683.4,4440.0,3288.1,4029.0,201,2,4028.6,31,3,4028.5,80,3,4028.3,19,1,4028.1,30,1,4029.2,319,1,4029.4,15,1,4029.5,230,1,4029.7,15,1,4029.8,17,1
11483,2026-07-02 14:29:59+05:30,4029.2,1,4034.35,1794973,175366.0,172587.0,4100.0,4110.0,4012.0,4092.6,25808825,4501.8,3683.4,4440.0,3288.1,4029.0,201,2,4028.6,31,3,4028.5,80,3,4028.3,19,1,4028.1,30,1,4029.2,319,1,4029.4,15,1,4029.5,230,1,4029.7,15,1,4029.8,17,1
11483,2026-07-02 14:29:59+05:30,4029.2,1,4034.35,1794976,175913.0,172587.0,4100.0,4110.0,4012.0,4092.6,25808825,4501.8,3683.4,4440.0,3288.1,4029.0,196,2,4028.8,64,1,4028.7,69,1,4028.6,31,3,4028.5,16,2,4029.2,318,1,4029.4,15,1,4029.5,230,1,4029.7,15,1,4029.8,17,1
11483,2026-07-02 14:30:00+05:30,4029.0,1,4034.35,1794976,175913.0,172587.0,4100.0,4110.0,4012.0,4092.6,25808825,4501.8,3683.4,4440.0,3288.1,4029.0,196,2,4028.8,64,1,4028.7,69,1,4028.6,31,3,4028.5,16,2,4029.2,318,1,4029.4,15,1,4029.5,230,1,4029.7,15,1,4029.8,17,1
11483,2026-07-02 14:30:00+05:30,4029.2,3,4034.35,1794983,176155.0,172686.0,4100.0,4110.0,4012.0,4092.6,25808825,4501.8,3683.4,4440.0,3288.1,4029.0,195,2,4028.8,64,1,4028.7,69,1,4028.6,31,3,4028.5,16,2,4029.2,312,1,4029.4,15,1,4029.5,230,1,4029.7,15,1,4029.8,17,1
11483,2026-07-02 14:30:01+05:30,4029.2,1,4034.35,1794983,176155.0,172686.0,4100.0,4110.0,4012.0,4092.6,25808825,4501.8,3683.4,4440.0,3288.1,4029.0,195,2,4028.8,64,1,4028.7,69,1,4028.6,31,3,4028.5,16,2,4029.2,312,1,4029.4,15,1,4029.5,230,1,4029.7,15,1,4029.8,17,1
11483,2026-07-02 14:30:01+05:30,4029.2,1,4034.35,1794985,176089.0,172695.0,4100.0,4110.0,4012.0,4092.6,25808825,4501.8,3683.4,4440.0,3288.1,4029.0,198,3,4028.8,72,2,4028.7,69,1,4028.6,31,3,4028.5,16,2,4029.2,311,1,4029.4,15,1,4029.5,230,1,4029.8,17,1,4029.9,421,4
11483,2026-07-02 14:30:02+05:30,4029.2,1,4034.35,1794985,176089.0,172695.0,4100.0,4110.0,4012.0,4092.6,25808825,4501.8,3683.4,4440.0,3288.1,4029.0,198,3,4028.8,72,2,4028.7,69,1,4028.6,31,3,4028.5,16,2,4029.2,311,1,4029.4,15,1,4029.5,230,1,4029.8,17,1,4029.9,421,4
11483,2026-07-02 14:30:02+05:30,4029.2,1,4034.35,1794996,176102.0,172643.0,4100.0,4110.0,4012.0,4092.6,25808825,4501.8,3683.4,4440.0,3288.1,4029.0,199,3,4028.8,64,1,4028.7,93,2,4028.6,31,3,4028.5,16,2,4029.2,312,2,4029.4,15,1,4029.5,230,1,4029.8,46,1,4029.9,404,3
11483,2026-07-02 14:30:03+05:30,4029.2,2,4034.35,1794996,176102.0,172643.0,4100.0,4110.0,4012.0,4092.6,25808825,4501.8,3683.4,4440.0,3288.1,4029.0,199,3,4028.8,64,1,4028.7,93,2,4028.6,31,3,4028.5,16,2,4029.2,312,2,4029.4,15,1,4029.5,230,1,4029.8,46,1,4029.9,404,3
11483,2026-07-02 14:30:03+05:30,4029.2,1,4034.35,1795000,175962.0,172638.0,4100.0,4110.0,4012.0,4092.6,25808825,4501.8,3683.4,4440.0,3288.1,4029.0,183,2,4028.8,64,1,4028.7,69,1,4028.6,66,4,4028.5,1,1,4029.2,310,3,4029.4,15,1,4029.5,230,1,4029.8,46,1,4029.9,404,3
11483,2026-07-02 14:30:04+05:30,4029.0,1,4034.35,1795000,175962.0,172638.0,4100.0,4110.0,4012.0,4092.6,25808825,4501.8,3683.4,4440.0,3288.1,4029.0,183,2,4028.8,64,1,4028.7,69,1,4028.6,66,4,4028.5,1,1,4029.2,310,3,4029.4,15,1,4029.5,230,1,4029.8,46,1,4029.9,404,3
11483,2026-07-02 14:30:04+05:30,4029.0,1,4034.35,1795001,176174.0,172614.0,4100.0,4110.0,4012.0,4092.6,25808825,4501.8,3683.4,4440.0,3288.1,4029.0,182,2,4028.8,64,1,4028.7,69,1,4028.6,31,3,4028.5,1,1,4029.2,310,3,4029.4,15,1,4029.5,230,1,4029.8,46,1,4029.9,404,3
11483,2026-07-02 14:30:05+05:30,4029.0,1,4034.35,1795001,176150.0,172686.0,4100.0,4110.0,4012.0,4092.6,25808825,4501.8,3683.4,4440.0,3288.1,4029.0,182,2,4028.8,64,1,4028.7,69,1,4028.6,31,3,4028.5,1,1,4029.2,310,3,4029.4,15,1,4029.5,230,1,4029.8,46,1,4029.9,404,3
11483,2026-07-02 14:30:06+05:30,4029.0,1,4034.35,1795001,176150.0,172686.0,4100.0,4110.0,4012.0,4092.6,25808825,4501.8,3683.4,4440.0,3288.1,4029.0,182,2,4028.8,64,1,4028.7,69,1,4028.6,31,3,4028.5,1,1,4029.2,310,3,4029.4,15,1,4029.5,230,1,4029.8,46,1,4029.9,404,3
11483,2026-07-02 14:30:06+05:30,4029.0,1,4034.35,1795137,176447.0,172608.0,4100.0,4110.0,4012.0,4092.6,25808825,4501.8,3683.4,4440.0,3288.1,4029.0,181,2,4028.8,64,1,4028.7,69,1,4028.6,31,3,4028.5,1,1,4029.2,174,2,4029.4,15,1,4029.5,230,1,4029.9,404,3,4030.0,624,7
11483,2026-07-02 14:30:07+05:30,4029.2,77,4034.35,1795137,176447.0,172608.0,4100.0,4110.0,4012.0,4092.6,25808825,4501.8,3683.4,4440.0,3288.1,4029.0,181,2,4028.8,64,1,4028.7,69,1,4028.6,31,3,4028.5,1,1,4029.2,174,2,4029.4,15,1,4029.5,230,1,4029.9,404,3,4030.0,624,7
11483,2026-07-02 14:30:07+05:30,4029.2,10,4034.34,1795248,176207.0,172453.0,4100.0,4110.0,4012.0,4092.6,25808825,4501.8,3683.4,4440.0,3288.1,4029.1,1,1,4029.0,165,2,4028.8,64,1,4028.7,69,1,4028.6,44,4,4029.2,79,2,4029.4,15,1,4029.5,230,1,4029.9,404,3,4030.0,624,7
11483,2026-07-02 14:30:08+05:30,4029.1,1,4034.34,1795248,176207.0,172453.0,4100.0,4110.0,4012.0,4092.6,25808825,4501.8,3683.4,4440.0,3288.1,4029.1,1,1,4029.0,165,2,4028.8,64,1,4028.7,69,1,4028.6,44,4,4029.2,79,2,4029.4,15,1,4029.5,230,1,4029.9,404,3,4030.0,624,7
11483,2026-07-02 14:30:08+05:30,4029.1,11,4034.34,1795262,176201.0,172559.0,4100.0,4110.0,4012.0,4092.6,25808825,4501.8,3683.4,4440.0,3288.1,4029.1,56,1,4029.0,163,2,4028.9,66,1,4028.6,44,4,4028.5,1,1,4029.2,81,3,4029.4,15,1,4029.5,230,1,4029.9,403,2,4030.0,624,7
11483,2026-07-02 14:30:09+05:30,4029.2,2,4034.34,1795262,176201.0,172559.0,4100.0,4110.0,4012.0,4092.6,25808825,4501.8,3683.4,4440.0,3288.1,4029.1,56,1,4029.0,163,2,4028.9,66,1,4028.6,44,4,4028.5,1,1,4029.2,81,3,4029.4,15,1,4029.5,230,1,4029.9,403,2,4030.0,624,7
11483,2026-07-02 14:30:09+05:30,4029.2,2,4034.34,1795472,176187.0,172357.0,4100.0,4110.0,4012.0,4092.6,25808825,4501.8,3683.4,4440.0,3288.1,4029.2,60,1,4029.1,69,1,4029.0,163,2,4028.9,66,1,4028.6,31,3,4029.5,230,1,4029.8,15,1,4029.9,403,2,4030.0,624,7,4030.1,32,3
11483,2026-07-02 14:30:10+05:30,4029.2,1,4034.34,1795472,176187.0,172357.0,4100.0,4110.0,4012.0,4092.6,25808825,4501.8,3683.4,4440.0,3288.1,4029.2,60,1,4029.1,69,1,4029.0,163,2,4028.9,66,1,4028.6,31,3,4029.5,230,1,4029.8,15,1,4029.9,403,2,4030.0,624,7,4030.1,32,3
11483,2026-07-02 14:30:10+05:30,4029.2,12,4034.34,1795840,176397.0,172011.0,4100.0,4110.0,4012.0,4092.6,25808825,4501.8,3683.4,4440.0,3288.1,4029.2,118,2,4029.1,64,1,4029.0,100,2,4028.8,69,1,4028.6,56,4,4029.8,15,1,4029.9,398,1,4030.0,624,7,4030.1,25,2,4030.5,13,1
11483,2026-07-02 14:30:11+05:30,4033.5,130,4034.34,1795840,176397.0,172011.0,4100.0,4110.0,4012.0,4092.6,25808825,4501.8,3683.4,4440.0,3288.1,4029.2,118,2,4029.1,64,1,4029.0,100,2,4028.8,69,1,4028.6,56,4,4029.8,15,1,4029.9,398,1,4030.0,624,7,4030.1,25,2,4030.5,13,1
11483,2026-07-02 14:30:11+05:30,4033.2,4,4034.34,1799222,179851.0,164344.0,4100.0,4110.0,4012.0,4092.6,25808825,4501.8,3683.4,4440.0,3288.1,4032.7,24,2,4032.6,15,1,4032.5,58,2,4032.4,51,3,4032.3,31,1,4033.7,15,1,4033.8,1,1,4033.9,200,1,4034.0,25,8,4034.1,13,2
11483,2026-07-02 14:30:12+05:30,4036.0,45,4034.34,1799222,179851.0,164344.0,4100.0,4110.0,4012.0,4092.6,25808825,4501.8,3683.4,4440.0,3288.1,4032.7,24,2,4032.6,15,1,4032.5,58,2,4032.4,51,3,4032.3,31,1,4033.7,15,1,4033.8,1,1,4033.9,200,1,4034.0,25,8,4034.1,13,2
11483,2026-07-02 14:30:12+05:30,4036.0,4,4034.34,1801798,180074.0,161677.0,4100.0,4110.0,4012.0,4092.6,25808825,4501.8,3683.4,4440.0,3288.1,4035.0,64,4,4034.8,63,3,4034.7,105,4,4034.6,8,1,4034.5,58,3,4036.0,39,7,4036.3,1,1,4036.5,13,1,4036.6,4,2,4036.8,15,3
11483,2026-07-02 14:30:13+05:30,4035.0,53,4034.34,1801798,180074.0,161677.0,4100.0,4110.0,4012.0,4092.6,25808825,4501.8,3683.4,4440.0,3288.1,4035.0,64,4,4034.8,63,3,4034.7,105,4,4034.6,8,1,4034.5,58,3,4036.0,39,7,4036.3,1,1,4036.5,13,1,4036.6,4,2,4036.8,15,3
11483,2026-07-02 14:30:13+05:30,4035.0,4,4034.34,1802175,179412.0,162841.0,4100.0,4110.0,4012.0,4092.6,25808825,4501.8,3683.4,4440.0,3288.1,4035.0,7,1,4034.9,90,2,4034.8,82,3,4034.7,74,1,4034.5,48,2,4036.0,28,7,4036.3,1,1,4036.5,13,1,4036.6,4,2,4036.8,15,3
11483,2026-07-02 14:30:14+05:30,4037.0,55,4034.34,1802175,179412.0,162841.0,4100.0,4110.0,4012.0,4092.6,25808825,4501.8,3683.4,4440.0,3288.1,4035.0,7,1,4034.9,90,2,4034.8,82,3,4034.7,74,1,4034.5,48,2,4036.0,28,7,4036.3,1,1,4036.5,13,1,4036.6,4,2,4036.8,15,3
11483,2026-07-02 14:30:14+05:30,4037.0,55,4034.34,1802679,180348.0,161998.0,4100.0,4110.0,4012.0,4092.6,25808825,4501.8,3683.4,4440.0,3288.1,4035.9,50,4,4035.8,90,4,4035.7,73,2,4035.6,31,1,4035.5,161,6,4037.0,15,1,4037.2,27,1,4037.3,32,2,4037.7,12,1,4037.8,5,1
11483,2026-07-02 14:30:15+05:30,4037.2,1,4034.34,1802679,180348.0,161998.0,4100.0,4110.0,4012.0,4092.6,25808825,4501.8,3683.4,4440.0,3288.1,4035.9,50,4,4035.8,90,4,4035.7,73,2,4035.6,31,1,4035.5,161,6,4037.0,15,1,4037.2,27,1,4037.3,32,2,4037.7,12,1,4037.8,5,1
11483,2026-07-02 14:30:15+05:30,4036.1,1,4034.34,1802878,180617.0,161712.0,4100.0,4110.0,4012.0,4092.6,25808825,4501.8,3683.4,4440.0,3288.1,4037.0,1,1,4036.1,101,3,4036.0,81,4,4035.9,81,3,4035.8,87,5,4037.2,26,1,4037.3,32,2,4037.8,51,2,4038.0,200,12,4038.1,25,1
11483,2026-07-02 14:30:16+05:30,4037.2,61,4034.34,1802878,180617.0,161712.0,4100.0,4110.0,4012.0,4092.6,25808825,4501.8,3683.4,4440.0,3288.1,4037.0,1,1,4036.1,101,3,4036.0,81,4,4035.9,81,3,4035.8,87,5,4037.2,26,1,4037.3,32,2,4037.8,51,2,4038.0,200,12,4038.1,25,1
11483,2026-07-02 14:30:16+05:30,4037.2,61,4034.34,1803029,180783.0,161828.0,4100.0,4110.0,4012.0,4092.6,25808825,4501.8,3683.4,4440.0,3288.1,4036.7,41,3,4036.6,45,4,4036.4,24,1,4036.3,144,4,4036.2,3,1,4037.0,1,1,4037.2,27,1,4037.3,32,2,4037.8,5,1,4038.0,200,12
11483,2026-07-02 14:30:17+05:30,4036.9,1,4034.34,1803029,180783.0,161828.0,4100.0,4110.0,4012.0,4092.6,25808825,4501.8,3683.4,4440.0,3288.1,4036.7,41,3,4036.6,45,4,4036.4,24,1,4036.3,144,4,4036.2,3,1,4037.0,1,1,4037.2,27,1,4037.3,32,2,4037.8,5,1,4038.0,200,12
11483,2026-07-02 14:30:17+05:30,4036.9,1,4034.34,1803099,181363.0,161982.0,4100.0,4110.0,4012.0,4092.6,25808825,4501.8,3683.4,4440.0,3288.1,4036.9,79,3,4036.8,77,2,4036.7,37,2,4036.6,14,2,4036.3,144,4,4037.2,21,1,4037.3,32,2,4037.8,5,1,4038.0,200,12,4038.2,147,3
11483,2026-07-02 14:30:18+05:30,4037.3,7,4034.34,1803099,181363.0,161982.0,4100.0,4110.0,4012.0,4092.6,25808825,4501.8,3683.4,4440.0,3288.1,4036.9,79,3,4036.8,77,2,4036.7,37,2,4036.6,14,2,4036.3,144,4,4037.2,21,1,4037.3,32,2,4037.8,5,1,4038.0,200,12,4038.2,147,3
11483,2026-07-02 14:30:18+05:30,4037.3,7,4034.34,1803293,180438.0,162026.0,4100.0,4110.0,4012.0,4092.6,25808825,4501.8,3683.4,4440.0,3288.1,4036.6,1,1,4036.1,70,2,4036.0,2,1,4035.9,226,3,4035.8,49,1,4036.9,1,1,4037.3,27,1,4037.7,24,1,4037.8,51,2,4037.9,59,2
11483,2026-07-02 14:30:19+05:30,4037.6,5,4034.34,1803293,180438.0,162026.0,4100.0,4110.0,4012.0,4092.6,25808825,4501.8,3683.4,4440.0,3288.1,4036.6,1,1,4036.1,70,2,4036.0,2,1,4035.9,226,3,4035.8,49,1,4036.9,1,1,4037.3,27,1,4037.7,24,1,4037.8,51,2,4037.9,59,2
11483,2026-07-02 14:30:19+05:30,4037.6,5,4034.34,1804056,180297.0,161997.0,4100.0,4110.0,4012.0,4092.6,25808825,4501.8,3683.4,4440.0,3288.1,4036.6,40,1,4036.5,154,2,4036.1,12,2,4036.0,5,1,4035.7,65,2,4037.8,96,4,4037.9,40,3,4038.0,133,8,4038.1,67,2,4038.2,172,4
11483,2026-07-02 14:30:20+05:30,4037.8,7,4034.34,1804213,180743.0,162032.0,4100.0,4110.0,4012.0,4092.6,25808825,4501.8,3683.4,4440.0,3288.1,4036.6,31,2,4036.5,204,4,4036.4,110,2,4036.2,38,1,4036.1,185,4,4037.8,11,1,4037.9,10,2,4038.0,64,5,4038.1,55,2,4038.2,101,2
11483,2026-07-02 14:30:20+05:30,4037.8,7,4034.34,1804213,180743.0,162032.0,4100.0,4110.0,4012.0,4092.6,25808825,4501.8,3683.4,4440.0,3288.1,4036.6,31,2,4036.5,204,4,4036.4,110,2,4036.2,38,1,4036.1,185,4,4037.8,11,1,4037.9,10,2,4038.0,64,5,4038.1,55,2,4038.2,101,2
11483,2026-07-02 14:30:21+05:30,4037.6,1,4034.34,1804485,178848.0,161738.0,4100.0,4110.0,4012.0,4092.6,25808825,4501.8,3683.4,4440.0,3288.1,4037.6,37,1,4036.7,37,1,4036.6,66,2,4036.5,23,1,4036.4,48,2,4038.1,70,5,4038.2,103,3,4038.3,48,4,4038.4,55,1,4038.5,99,7
11483,2026-07-02 14:30:21+05:30,4037.6,1,4034.34,1804485,178848.0,161738.0,4100.0,4110.0,4012.0,4092.6,25808825,4501.8,3683.4,4440.0,3288.1,4037.6,37,1,4036.7,37,1,4036.6,66,2,4036.5,23,1,4036.4,48,2,4038.1,70,5,4038.2,103,3,4038.3,48,4,4038.4,55,1,4038.5,99,7
11483,2026-07-02 14:30:22+05:30,4037.6,30,4034.34,1804976,178535.0,161563.0,4100.0,4110.0,4012.0,4092.6,25808825,4501.8,3683.4,4440.0,3288.1,4037.5,23,1,4037.4,64,1,4037.1,175,1,4036.7,49,2,4036.6,1,1,4038.2,40,2,4038.3,24,2,4038.4,81,2,4038.5,62,5,4038.6,25,1
11483,2026-07-02 14:30:22+05:30,4037.6,30,4034.34,1804976,178535.0,161563.0,4100.0,4110.0,4012.0,4092.6,25808825,4501.8,3683.4,4440.0,3288.1,4037.5,23,1,4037.4,64,1,4037.1,175,1,4036.7,49,2,4036.6,1,1,4038.2,40,2,4038.3,24,2,4038.4,81,2,4038.5,62,5,4038.6,25,1
11483,2026-07-02 14:30:23+05:30,4037.5,59,4034.34,1805035,178547.0,161963.0,4100.0,4110.0,4012.0,4092.6,25808825,4501.8,3683.4,4440.0,3288.1,4037.5,73,1,4037.4,68,1,4037.3,64,1,4036.5,41,1,4036.4,21,2,4038.2,40,2,4038.3,24,2,4038.4,85,3,4038.5,66,5,4038.6,46,1
11483,2026-07-02 14:30:23+05:30,4037.5,7,4034.34,1805035,178547.0,161963.0,4100.0,4110.0,4012.0,4092.6,25808825,4501.8,3683.4,4440.0,3288.1,4037.5,73,1,4037.4,68,1,4037.3,64,1,4036.5,41,1,4036.4,21,2,4038.2,40,2,4038.3,24,2,4038.4,85,3,4038.5,66,5,4038.6,46,1
11483,2026-07-02 14:30:24+05:30,4037.5,2,4034.34,1805226,178248.0,162933.0,4100.0,4110.0,4012.0,4092.6,25808825,4501.8,3683.4,4440.0,3288.1,4037.5,67,2,4037.4,80,1,4037.3,64,1,4036.3,48,2,4036.2,94,2,4038.2,12,1,4038.3,48,3,4038.4,59,2,4038.5,65,5,4038.6,85,4
11483,2026-07-02 14:30:24+05:30,4038.3,11,4034.34,1805226,178248.0,162933.0,4100.0,4110.0,4012.0,4092.6,25808825,4501.8,3683.4,4440.0,3288.1,4037.5,67,2,4037.4,80,1,4037.3,64,1,4036.3,48,2,4036.2,94,2,4038.2,12,1,4038.3,48,3,4038.4,59,2,4038.5,65,5,4038.6,85,4
11483,2026-07-02 14:30:25+05:30,4038.0,1,4034.34,1805526,178404.0,162342.0,4100.0,4110.0,4012.0,4092.6,25808825,4501.8,3683.4,4440.0,3288.1,4038.0,54,1,4037.5,59,1,4037.4,80,1,4037.3,64,1,4036.4,90,2,4038.3,97,4,4038.4,101,4,4038.5,40,4,4038.6,74,3,4038.7,20,2
11483,2026-07-02 14:30:25+05:30,4038.0,36,4034.34,1805526,178404.0,162342.0,4100.0,4110.0,4012.0,4092.6,25808825,4501.8,3683.4,4440.0,3288.1,4038.0,54,1,4037.5,59,1,4037.4,80,1,4037.3,64,1,4036.4,90,2,4038.3,97,4,4038.4,101,4,4038.5,40,4,4038.6,74,3,4038.7,20,2
11483,2026-07-02 14:30:26+05:30,4038.0,1,4034.34,1805652,178301.0,162046.0,4100.0,4110.0,4012.0,4092.6,25808825,4501.8,3683.4,4440.0,3288.1,4038.0,17,1,4037.9,64,1,4037.8,80,1,4037.5,59,1,4036.4,93,3,4038.4,128,5,4038.5,18,3,4038.6,88,4,4038.7,62,4,4038.8,71,6
11483,2026-07-02 14:30:26+05:30,4038.4,24,4034.34,1805652,178301.0,162046.0,4100.0,4110.0,4012.0,4092.6,25808825,4501.8,3683.4,4440.0,3288.1,4038.0,17,1,4037.9,64,1,4037.8,80,1,4037.5,59,1,4036.4,93,3,4038.4,128,5,4038.5,18,3,4038.6,88,4,4038.7,62,4,4038.8,71,6
11483,2026-07-02 14:30:27+05:30,4037.9,20,4034.34,1805840,178490.0,161855.0,4100.0,4110.0,4012.0,4092.6,25808825,4501.8,3683.4,4440.0,3288.1,4038.1,1,1,4037.9,60,1,4037.7,64,1,4037.5,99,2,4037.3,47,1,4038.4,74,4,4038.5,18,3,4038.6,50,2,4038.7,39,3,4038.8,25,4
11483,2026-07-02 14:30:27+05:30,4038.4,10,4034.34,1805840,178490.0,161855.0,4100.0,4110.0,4012.0,4092.6,25808825,4501.8,3683.4,4440.0,3288.1,4038.1,1,1,4037.9,60,1,4037.7,64,1,4037.5,99,2,4037.3,47,1,4038.4,74,4,4038.5,18,3,4038.6,50,2,4038.7,39,3,4038.8,25,4
11483,2026-07-02 14:30:28+05:30,4038.6,6,4034.34,1806019,178546.0,161768.0,4100.0,4110.0,4012.0,4092.6,25808825,4501.8,3683.4,4440.0,3288.1,4038.0,61,2,4037.8,60,1,4037.5,40,1,4036.7,60,2,4036.6,71,3,4038.7,68,4,4038.8,30,4,4038.9,69,3,4039.0,613,12,4039.1,27,1
11483,2026-07-02 14:30:28+05:30,4038.7,4,4034.34,1806019,178546.0,161768.0,4100.0,4110.0,4012.0,4092.6,25808825,4501.8,3683.4,4440.0,3288.1,4038.0,61,2,4037.8,60,1,4037.5,40,1,4036.7,60,2,4036.6,71,3,4038.7,68,4,4038.8,30,4,4038.9,69,3,4039.0,613,12,4039.1,27,1
11483,2026-07-02 14:30:28+05:30,4038.0,1,4034.35,1806108,178415.0,161881.0,4100.0,4110.0,4012.0,4092.6,25808825,4501.8,3683.4,4440.0,3288.1,4038.0,23,2,4037.8,60,1,4037.5,40,1,4036.7,97,2,4036.6,71,3,4038.3,61,4,4038.4,29,2,4038.5,38,4,4038.6,77,5,4038.7,20,3
11483,2026-07-02 14:30:29+05:30,4038.3,1,4034.35,1806108,178415.0,161881.0,4100.0,4110.0,4012.0,4092.6,25808825,4501.8,3683.4,4440.0,3288.1,4038.0,23,2,4037.8,60,1,4037.5,40,1,4036.7,97,2,4036.6,71,3,4038.3,61,4,4038.4,29,2,4038.5,38,4,4038.6,77,5,4038.7,20,3
11483,2026-07-02 14:30:29+05:30,4038.3,1,4034.35,1806108,178415.0,161881.0,4100.0,4110.0,4012.0,4092.6,25808825,4501.8,3683.4,4440.0,3288.1,4038.0,23,2,4037.8,60,1,4037.5,40,1,4036.7,97,2,4036.6,71,3,4038.3,61,4,4038.4,29,2,4038.5,38,4,4038.6,77,5,4038.7,20,3
11483,2026-07-02 14:30:29+05:30,4038.5,1,4034.35,1806346,178399.0,161884.0,4100.0,4110.0,4012.0,4092.6,25808825,4501.8,3683.4,4440.0,3288.1,4038.0,57,2,4037.5,40,1,4036.9,5,1,4036.8,46,1,4036.7,47,1,4038.7,83,5,4038.8,23,4,4038.9,95,4,4039.0,613,12,4039.1,27,1
11483,2026-07-02 14:30:30+05:30,4038.5,1,4034.35,1806346,178399.0,161884.0,4100.0,4110.0,4012.0,4092.6,25808825,4501.8,3683.4,4440.0,3288.1,4038.0,57,2,4037.5,40,1,4036.9,5,1,4036.8,46,1,4036.7,47,1,4038.7,83,5,4038.8,23,4,4038.9,95,4,4039.0,613,12,4039.1,27,1
11483,2026-07-02 14:30:30+05:30,4038.6,15,4034.35,1806346,178399.0,161884.0,4100.0,4110.0,4012.0,4092.6,25808825,4501.8,3683.4,4440.0,3288.1,4038.0,57,2,4037.5,40,1,4036.9,5,1,4036.8,46,1,4036.7,47,1,4038.7,83,5,4038.8,23,4,4038.9,95,4,4039.0,613,12,4039.1,27,1
11483,2026-07-02 14:30:30+05:30,4038.6,15,4034.35,1806346,178399.0,161884.0,4100.0,4110.0,4012.0,4092.6,25808825,4501.8,3683.4,4440.0,3288.1,4038.0,57,2,4037.5,40,1,4036.9,5,1,4036.8,46,1,4036.7,47,1,4038.7,83,5,4038.8,23,4,4038.9,95,4,4039.0,613,12,4039.1,27,1
11483,2026-07-02 14:30:30+05:30,4038.6,15,4034.35,1806415,178518.0,161893.0,4100.0,4110.0,4012.0,4092.6,25808825,4501.8,3683.4,4440.0,3288.1,4038.0,21,2,4037.7,81,1,4037.5,40,1,4037.3,69,1,4036.9,5,1,4038.6,34,2,4038.7,35,3,4038.8,23,4,4038.9,119,5,4039.0,613,12
11483,2026-07-02 14:30:31+05:30,4038.6,15,4034.35,1806415,178518.0,161893.0,4100.0,4110.0,4012.0,4092.6,25808825,4501.8,3683.4,4440.0,3288.1,4038.0,21,2,4037.7,81,1,4037.5,40,1,4037.3,69,1,4036.9,5,1,4038.6,34,2,4038.7,35,3,4038.8,23,4,4038.9,119,5,4039.0,613,12
11483,2026-07-02 14:30:31+05:30,4038.6,10,4034.35,1806415,178518.0,161893.0,4100.0,4110.0,4012.0,4092.6,25808825,4501.8,3683.4,4440.0,3288.1,4038.0,21,2,4037.7,81,1,4037.5,40,1,4037.3,69,1,4036.9,5,1,4038.6,34,2,4038.7,35,3,4038.8,23,4,4038.9,119,5,4039.0,613,12
11483,2026-07-02 14:30:31+05:30,4038.6,1,4034.35,1806445,178160.0,161824.0,4100.0,4110.0,4012.0,4092.6,25808825,4501.8,3683.4,4440.0,3288.1,4038.0,51,3,4036.9,5,1,4036.8,10,1,4036.6,25,2,4036.5,85,2,4038.6,1,1,4038.8,71,6,4038.9,95,4,4039.0,585,10,4039.1,3,1
11483,2026-07-02 14:30:31+05:30,4038.6,1,4034.35,1806445,178160.0,161824.0,4100.0,4110.0,4012.0,4092.6,25808825,4501.8,3683.4,4440.0,3288.1,4038.0,51,3,4036.9,5,1,4036.8,10,1,4036.6,25,2,4036.5,85,2,4038.6,1,1,4038.8,71,6,4038.9,95,4,4039.0,585,10,4039.1,3,1
11483,2026-07-02 14:30:32+05:30,4037.5,2,4034.35,1806445,178160.0,161824.0,4100.0,4110.0,4012.0,4092.6,25808825,4501.8,3683.4,4440.0,3288.1,4038.0,51,3,4036.9,5,1,4036.8,10,1,4036.6,25,2,4036.5,85,2,4038.6,1,1,4038.8,71,6,4038.9,95,4,4039.0,585,10,4039.1,3,1
11483,2026-07-02 14:30:32+05:30,4037.5,2,4034.35,1806445,178160.0,161824.0,4100.0,4110.0,4012.0,4092.6,25808825,4501.8,3683.4,4440.0,3288.1,4038.0,51,3,4036.9,5,1,4036.8,10,1,4036.6,25,2,4036.5,85,2,4038.6,1,1,4038.8,71,6,4038.9,95,4,4039.0,585,10,4039.1,3,1
11483,2026-07-02 14:30:32+05:30,4038.2,10,4034.35,1806671,178177.0,162153.0,4100.0,4110.0,4012.0,4092.6,25808825,4501.8,3683.4,4440.0,3288.1,4037.5,13,1,4036.9,5,1,4036.3,84,3,4036.2,80,3,4036.1,23,1,4038.3,81,4,4038.4,84,5,4038.5,40,3,4038.6,90,4,4038.8,69,5
11483,2026-07-02 14:30:33+05:30,4038.2,10,4034.35,1806671,178177.0,162153.0,4100.0,4110.0,4012.0,4092.6,25808825,4501.8,3683.4,4440.0,3288.1,4037.5,13,1,4036.9,5,1,4036.3,84,3,4036.2,80,3,4036.1,23,1,4038.3,81,4,4038.4,84,5,4038.5,40,3,4038.6,90,4,4038.8,69,5
11483,2026-07-02 14:30:33+05:30,4038.3,1,4034.35,1806671,178177.0,162153.0,4100.0,4110.0,4012.0,4092.6,25808825,4501.8,3683.4,4440.0,3288.1,4037.5,13,1,4036.9,5,1,4036.3,84,3,4036.2,80,3,4036.1,23,1,4038.3,81,4,4038.4,84,5,4038.5,40,3,4038.6,90,4,4038.8,69,5
11483,2026-07-02 14:30:33+05:30,4038.3,1,4034.35,1806671,178177.0,162153.0,4100.0,4110.0,4012.0,4092.6,25808825,4501.8,3683.4,4440.0,3288.1,4037.5,13,1,4036.9,5,1,4036.3,84,3,4036.2,80,3,4036.1,23,1,4038.3,81,4,4038.4,84,5,4038.5,40,3,4038.6,90,4,4038.8,69,5
11483,2026-07-02 14:30:33+05:30,4038.3,7,4034.35,1807018,178087.0,162236.0,4100.0,4110.0,4012.0,4092.6,25808825,4501.8,3683.4,4440.0,3288.1,4036.8,52,2,4036.7,17,1,4036.6,31,2,4036.2,61,2,4036.1,248,6,4038.3,24,1,4038.4,133,6,4038.5,49,2,4038.6,98,3,4038.7,12,1
11483,2026-07-02 14:30:33+05:30,4038.3,7,4034.35,1807018,178087.0,162236.0,4100.0,4110.0,4012.0,4092.6,25808825,4501.8,3683.4,4440.0,3288.1,4036.8,52,2,4036.7,17,1,4036.6,31,2,4036.2,61,2,4036.1,248,6,4038.3,24,1,4038.4,133,6,4038.5,49,2,4038.6,98,3,4038.7,12,1
11483,2026-07-02 14:30:34+05:30,4038.3,7,4034.35,1807018,178087.0,162236.0,4100.0,4110.0,4012.0,4092.6,25790975,4501.8,3683.4,4440.0,3288.1,4036.8,52,2,4036.7,17,1,4036.6,31,2,4036.2,61,2,4036.1,248,6,4038.3,24,1,4038.4,133,6,4038.5,49,2,4038.6,98,3,4038.7,12,1
11483,2026-07-02 14:30:34+05:30,4038.3,14,4034.35,1807018,178087.0,162236.0,4100.0,4110.0,4012.0,4092.6,25790975,4501.8,3683.4,4440.0,3288.1,4036.8,52,2,4036.7,17,1,4036.6,31,2,4036.2,61,2,4036.1,248,6,4038.3,24,1,4038.4,133,6,4038.5,49,2,4038.6,98,3,4038.7,12,1
11483,2026-07-02 14:30:34+05:30,4038.3,14,4034.35,1807018,178087.0,162236.0,4100.0,4110.0,4012.0,4092.6,25790975,4501.8,3683.4,4440.0,3288.1,4036.8,52,2,4036.7,17,1,4036.6,31,2,4036.2,61,2,4036.1,248,6,4038.3,24,1,4038.4,133,6,4038.5,49,2,4038.6,98,3,4038.7,12,1
11483,2026-07-02 14:30:34+05:30,4038.3,2,4034.35,1807205,178102.0,162460.0,4100.0,4110.0,4012.0,4092.6,25790975,4501.8,3683.4,4440.0,3288.1,4036.8,14,1,4036.7,68,3,4036.6,31,2,4036.2,24,1,4036.1,286,5,4038.3,153,8,4038.4,70,4,4038.5,89,3,4038.6,122,4,4038.7,43,1
11483,2026-07-02 14:30:34+05:30,4038.3,2,4034.35,1807205,178102.0,162460.0,4100.0,4110.0,4012.0,4092.6,25790975,4501.8,3683.4,4440.0,3288.1,4036.8,14,1,4036.7,68,3,4036.6,31,2,4036.2,24,1,4036.1,286,5,4038.3,153,8,4038.4,70,4,4038.5,89,3,4038.6,122,4,4038.7,43,1
11483,2026-07-02 14:30:35+05:30,4038.3,2,4034.35,1807205,178102.0,162460.0,4100.0,4110.0,4012.0,4092.6,25790975,4501.8,3683.4,4440.0,3288.1,4036.8,14,1,4036.7,68,3,4036.6,31,2,4036.2,24,1,4036.1,286,5,4038.3,153,8,4038.4,70,4,4038.5,89,3,4038.6,122,4,4038.7,43,1
11483,2026-07-02 14:30:35+05:30,4037.8,22,4034.35,1807205,178102.0,162460.0,4100.0,4110.0,4012.0,4092.6,25790975,4501.8,3683.4,4440.0,3288.1,4036.8,14,1,4036.7,68,3,4036.6,31,2,4036.2,24,1,4036.1,286,5,4038.3,153,8,4038.4,70,4,4038.5,89,3,4038.6,122,4,4038.7,43,1
11483,2026-07-02 14:30:35+05:30,4037.8,22,4034.35,1807205,178102.0,162460.0,4100.0,4110.0,4012.0,4092.6,25790975,4501.8,3683.4,4440.0,3288.1,4036.8,14,1,4036.7,68,3,4036.6,31,2,4036.2,24,1,4036.1,286,5,4038.3,153,8,4038.4,70,4,4038.5,89,3,4038.6,122,4,4038.7,43,1
11483,2026-07-02 14:30:35+05:30,4038.3,2,4034.35,1807386,178892.0,162746.0,4100.0,4110.0,4012.0,4092.6,25790975,4501.8,3683.4,4440.0,3288.1,4036.8,14,1,4036.7,83,4,4036.6,38,1,4036.5,48,3,4036.4,77,3,4038.3,90,4,4038.4,45,3,4038.5,63,3,4038.6,101,4,4038.7,16,1
11483,2026-07-02 14:30:35+05:30,4038.3,2,4034.35,1807386,178892.0,162746.0,4100.0,4110.0,4012.0,4092.6,25790975,4501.8,3683.4,4440.0,3288.1,4036.8,14,1,4036.7,83,4,4036.6,38,1,4036.5,48,3,4036.4,77,3,4038.3,90,4,4038.4,45,3,4038.5,63,3,4038.6,101,4,4038.7,16,1
11483,2026-07-02 14:30:36+05:30,4038.3,2,4034.35,1807386,178892.0,162746.0,4100.0,4110.0,4012.0,4092.6,25790975,4501.8,3683.4,4440.0,3288.1,4036.8,14,1,4036.7,83,4,4036.6,38,1,4036.5,48,3,4036.4,77,3,4038.3,90,4,4038.4,45,3,4038.5,63,3,4038.6,101,4,4038.7,16,1
11483,2026-07-02 14:30:36+05:30,4037.3,3,4034.35,1807386,178892.0,162746.0,4100.0,4110.0,4012.0,4092.6,25790975,4501.8,3683.4,4440.0,3288.1,4036.8,14,1,4036.7,83,4,4036.6,38,1,4036.5,48,3,4036.4,77,3,4038.3,90,4,4038.4,45,3,4038.5,63,3,4038.6,101,4,4038.7,16,1
11483,2026-07-02 14:30:36+05:30,4038.8,3,4034.35,1807737,179298.0,162238.0,4100.0,4110.0,4012.0,4092.6,25790975,4501.8,3683.4,4440.0,3288.1,4037.4,15,1,4037.3,27,2,4037.2,40,3,4037.1,68,3,4036.7,44,1,4038.8,24,2,4038.9,81,5,4039.0,690,14,4039.1,19,1,4039.2,92,5
11483,2026-07-02 14:30:37+05:30,4038.0,32,4034.35,1807737,179298.0,162238.0,4100.0,4110.0,4012.0,4092.6,25790975,4501.8,3683.4,4440.0,3288.1,4037.4,15,1,4037.3,27,2,4037.2,40,3,4037.1,68,3,4036.7,44,1,4038.8,24,2,4038.9,81,5,4039.0,690,14,4039.1,19,1,4039.2,92,5
11483,2026-07-02 14:30:37+05:30,4038.7,3,4034.35,1807906,179514.0,162077.0,4100.0,4110.0,4012.0,4092.6,25790975,4501.8,3683.4,4440.0,3288.1,4037.5,19,1,4037.4,29,3,4037.3,30,2,4037.2,43,4,4037.1,10,1,4038.8,4,2,4038.9,41,4,4039.0,617,11,4039.2,14,2,4039.3,3,1
11483,2026-07-02 14:30:38+05:30,4039.0,3,4034.35,1807906,179514.0,162077.0,4100.0,4110.0,4012.0,4092.6,25790975,4501.8,3683.4,4440.0,3288.1,4037.5,19,1,4037.4,29,3,4037.3,30,2,4037.2,43,4,4037.1,10,1,4038.8,4,2,4038.9,41,4,4039.0,617,11,4039.2,14,2,4039.3,3,1
11483,2026-07-02 14:30:38+05:30,4038.5,34,4034.35,1808014,179619.0,162850.0,4100.0,4110.0,4012.0,4092.6,25790975,4501.8,3683.4,4440.0,3288.1,4037.7,16,1,4037.6,33,2,4037.5,14,1,4037.4,23,1,4037.2,73,4,4038.5,16,1,4039.0,638,9,4039.2,14,2,4039.3,3,1,4039.4,164,3
11483,2026-07-02 14:30:39+05:30,4038.0,1,4034.35,1808014,179619.0,162850.0,4100.0,4110.0,4012.0,4092.6,25790975,4501.8,3683.4,4440.0,3288.1,4037.7,16,1,4037.6,33,2,4037.5,14,1,4037.4,23,1,4037.2,73,4,4038.5,16,1,4039.0,638,9,4039.2,14,2,4039.3,3,1,4039.4,164,3
11483,2026-07-02 14:30:39+05:30,4038.6,9,4034.35,1808132,179613.0,163007.0,4100.0,4110.0,4012.0,4092.6,25790975,4501.8,3683.4,4440.0,3288.1,4037.5,3,1,4037.2,1,1,4036.9,25,2,4036.8,25,2,4036.7,26,2,4038.6,4,1,4038.7,10,1,4038.8,3,1,4038.9,13,1,4039.0,646,6
11483,2026-07-02 14:30:40+05:30,4038.5,21,4034.35,1808132,179613.0,163007.0,4100.0,4110.0,4012.0,4092.6,25790975,4501.8,3683.4,4440.0,3288.1,4037.5,3,1,4037.2,1,1,4036.9,25,2,4036.8,25,2,4036.7,26,2,4038.6,4,1,4038.7,10,1,4038.8,3,1,4038.9,13,1,4039.0,646,6
11483,2026-07-02 14:30:40+05:30,4038.7,16,4034.35,1808336,180012.0,163580.0,4100.0,4110.0,4012.0,4092.6,25790975,4501.8,3683.4,4440.0,3288.1,4037.3,17,2,4037.2,31,3,4036.7,57,3,4036.6,85,2,4036.5,69,2,4038.7,119,6,4038.8,71,5,4038.9,13,1,4039.0,696,7,4039.1,41,1
11483,2026-07-02 14:30:41+05:30,4038.4,4,4034.35,1808336,180012.0,163580.0,4100.0,4110.0,4012.0,4092.6,25790975,4501.8,3683.4,4440.0,3288.1,4037.3,17,2,4037.2,31,3,4036.7,57,3,4036.6,85,2,4036.5,69,2,4038.7,119,6,4038.8,71,5,4038.9,13,1,4039.0,696,7,4039.1,41,1
11483,2026-07-02 14:30:41+05:30,4038.4,12,4034.35,1808466,179699.0,163612.0,4100.0,4110.0,4012.0,4092.6,25790975,4501.8,3683.4,4440.0,3288.1,4037.2,15,2,4036.7,3,1,4036.6,68,2,4036.5,62,2,4036.4,77,3,4038.4,15,1,4038.5,36,3,4038.6,16,2,4038.7,91,4,4038.8,32,2
11483,2026-07-02 14:30:42+05:30,4038.7,29,4034.35,1808466,179699.0,163612.0,4100.0,4110.0,4012.0,4092.6,25790975,4501.8,3683.4,4440.0,3288.1,4037.2,15,2,4036.7,3,1,4036.6,68,2,4036.5,62,2,4036.4,77,3,4038.4,15,1,4038.5,36,3,4038.6,16,2,4038.7,91,4,4038.8,32,2
11483,2026-07-02 14:30:42+05:30,4038.0,20,4034.35,1808758,179883.0,163975.0,4100.0,4110.0,4012.0,4092.6,25790975,4501.8,3683.4,4440.0,3288.1,4038.0,55,1,4037.0,34,2,4036.9,14,1,4036.8,39,3,4036.7,44,2,4038.8,92,4,4038.9,57,4,4039.0,622,5,4039.1,43,2,4039.2,38,3
11483,2026-07-02 14:30:43+05:30,4038.5,3,4034.35,1808758,179883.0,163975.0,4100.0,4110.0,4012.0,4092.6,25790975,4501.8,3683.4,4440.0,3288.1,4038.0,55,1,4037.0,34,2,4036.9,14,1,4036.8,39,3,4036.7,44,2,4038.8,92,4,4038.9,57,4,4039.0,622,5,4039.1,43,2,4039.2,38,3
11483,2026-07-02 14:30:43+05:30,4038.6,13,4034.35,1808928,179818.0,163612.0,4100.0,4110.0,4012.0,4092.6,25790975,4501.8,3683.4,4440.0,3288.1,4037.3,14,1,4037.2,69,2,4037.1,30,2,4037.0,54,3,4036.9,47,1,4038.6,50,2,4038.7,10,1,4038.8,19,2,4038.9,92,5,4039.0,624,6
11483,2026-07-02 14:30:44+05:30,4038.4,27,4034.35,1808928,179818.0,163612.0,4100.0,4110.0,4012.0,4092.6,25790975,4501.8,3683.4,4440.0,3288.1,4037.3,14,1,4037.2,69,2,4037.1,30,2,4037.0,54,3,4036.9,47,1,4038.6,50,2,4038.7,10,1,4038.8,19,2,4038.9,92,5,4039.0,624,6
11483,2026-07-02 14:30:44+05:30,4038.1,16,4034.35,1809240,179382.0,164825.0,4100.0,4110.0,4012.0,4092.6,25790975,4501.8,3683.4,4440.0,3288.1,4036.5,39,3,4036.4,26,2,4036.3,46,1,4036.2,3,1,4036.1,215,3,4038.1,57,3,4038.3,123,7,4038.4,23,2,4038.5,86,3,4038.6,213,6
11483,2026-07-02 14:30:45+05:30,4036.5,12,4034.35,1809240,179382.0,164825.0,4100.0,4110.0,4012.0,4092.6,25790975,4501.8,3683.4,4440.0,3288.1,4036.5,39,3,4036.4,26,2,4036.3,46,1,4036.2,3,1,4036.1,215,3,4038.1,57,3,4038.3,123,7,4038.4,23,2,4038.5,86,3,4038.6,213,6
11483,2026-07-02 14:30:45+05:30,4037.3,14,4034.35,1809291,179336.0,164939.0,4100.0,4110.0,4012.0,4092.6,25790975,4501.8,3683.4,4440.0,3288.1,4036.9,11,2,4036.8,1,1,4036.7,25,3,4036.6,20,1,4036.5,96,4,4037.3,16,1,4038.0,12,1,4038.3,40,2,4038.4,23,2,4038.5,95,3
11483,2026-07-02 14:30:46+05:30,4037.3,5,4034.35,1809291,179336.0,164939.0,4100.0,4110.0,4012.0,4092.6,25790975,4501.8,3683.4,4440.0,3288.1,4036.9,11,2,4036.8,1,1,4036.7,25,3,4036.6,20,1,4036.5,96,4,4037.3,16,1,4038.0,12,1,4038.3,40,2,4038.4,23,2,4038.5,95,3
11483,2026-07-02 14:30:46+05:30,4038.0,13,4034.35,1809331,179095.0,165194.0,4100.0,4110.0,4012.0,4092.6,25790975,4501.8,3683.4,4440.0,3288.1,4037.3,1,1,4036.5,24,1,4036.4,6,3,4036.3,10,1,4036.2,3,1,4038.0,90,4,4038.1,67,2,4038.2,93,3,4038.3,110,4,4038.4,23,2
11483,2026-07-02 14:30:47+05:30,4037.3,1,4034.35,1809331,179095.0,165194.0,4100.0,4110.0,4012.0,4092.6,25790975,4501.8,3683.4,4440.0,3288.1,4037.3,1,1,4036.5,24,1,4036.4,6,3,4036.3,10,1,4036.2,3,1,4038.0,90,4,4038.1,67,2,4038.2,93,3,4038.3,110,4,4038.4,23,2
11483,2026-07-02 14:30:47+05:30,4037.3,1,4034.35,1809336,179199.0,164884.0,4100.0,4110.0,4012.0,4092.6,25790975,4501.8,3683.4,4440.0,3288.1,4036.8,1,1,4036.5,1,1,4036.4,3,2,4036.2,19,2,4036.1,40,2,4038.0,124,6,4038.1,28,2,4038.2,44,2,4038.3,110,4,4038.4,23,2
11483,2026-07-02 14:30:48+05:30,4036.8,7,4034.35,1809336,179199.0,164884.0,4100.0,4110.0,4012.0,4092.6,25790975,4501.8,3683.4,4440.0,3288.1,4036.8,1,1,4036.5,1,1,4036.4,3,2,4036.2,19,2,4036.1,40,2,4038.0,124,6,4038.1,28,2,4038.2,44,2,4038.3,110,4,4038.4,23,2
11483,2026-07-02 14:30:48+05:30,4038.3,2,4034.35,1809447,179441.0,164372.0,4100.0,4110.0,4012.0,4092.6,25790975,4501.8,3683.4,4440.0,3288.1,4036.9,34,2,4036.8,61,3,4036.7,30,2,4036.6,26,2,4036.5,63,3,4038.3,10,1,4038.6,50,4,4038.8,29,3,4038.9,99,4,4039.0,625,6
11483,2026-07-02 14:30:49+05:30,4038.6,24,4034.35,1809447,179441.0,164372.0,4100.0,4110.0,4012.0,4092.6,25790975,4501.8,3683.4,4440.0,3288.1,4036.9,34,2,4036.8,61,3,4036.7,30,2,4036.6,26,2,4036.5,63,3,4038.3,10,1,4038.6,50,4,4038.8,29,3,4038.9,99,4,4039.0,625,6
11483,2026-07-02 14:30:49+05:30,4038.6,24,4034.35,1809534,178983.0,163193.0,4100.0,4110.0,4012.0,4092.6,25790975,4501.8,3683.4,4440.0,3288.1,4038.0,3,1,4036.7,64,1,4036.6,52,2,4036.5,101,4,4036.4,18,3,4038.6,64,7,4038.7,107,3,4038.8,34,3,4038.9,77,5,4039.0,622,5
11483,2026-07-02 14:30:50+05:30,4038.6,14,4034.35,1809534,178983.0,163193.0,4100.0,4110.0,4012.0,4092.6,25790975,4501.8,3683.4,4440.0,3288.1,4038.0,3,1,4036.7,64,1,4036.6,52,2,4036.5,101,4,4036.4,18,3,4038.6,64,7,4038.7,107,3,4038.8,34,3,4038.9,77,5,4039.0,622,5
11483,2026-07-02 14:30:50+05:30,4038.6,14,4034.35,1809566,178395.0,165034.0,4100.0,4110.0,4012.0,4092.6,25790975,4501.8,3683.4,4440.0,3288.1,4036.6,56,3,4036.4,15,2,4036.3,46,1,4036.2,5,2,4036.1,215,3,4037.3,5,1,4038.0,50,4,4038.3,36,2,4038.4,30,3,4038.5,39,1
11483,2026-07-02 14:30:51+05:30,4038.0,40,4034.35,1809566,178395.0,165034.0,4100.0,4110.0,4012.0,4092.6,25790975,4501.8,3683.4,4440.0,3288.1,4036.6,56,3,4036.4,15,2,4036.3,46,1,4036.2,5,2,4036.1,215,3,4037.3,5,1,4038.0,50,4,4038.3,36,2,4038.4,30,3,4038.5,39,1
11483,2026-07-02 14:30:51+05:30,4038.0,40,4034.35,1809696,178448.0,164960.0,4100.0,4110.0,4012.0,4092.6,25790975,4501.8,3683.4,4440.0,3288.1,4036.6,21,2,4036.4,53,3,4036.3,46,1,4036.2,5,2,4036.1,215,3,4038.0,87,5,4038.1,65,3,4038.2,37,1,4038.3,36,2,4038.4,37,3
11483,2026-07-02 14:30:52+05:30,4036.6,1,4034.35,1809696,178448.0,164960.0,4100.0,4110.0,4012.0,4092.6,25790975,4501.8,3683.4,4440.0,3288.1,4036.6,21,2,4036.4,53,3,4036.3,46,1,4036.2,5,2,4036.1,215,3,4038.0,87,5,4038.1,65,3,4038.2,37,1,4038.3,36,2,4038.4,37,3
11483,2026-07-02 14:30:52+05:30,4038.0,8,4034.35,1809808,177818.0,165174.0,4100.0,4110.0,4012.0,4092.6,25790975,4501.8,3683.4,4440.0,3288.1,4036.6,8,1,4036.4,2,1,4036.2,67,1,4036.1,260,4,4035.9,49,2,4038.0,95,6,4038.1,83,3,4038.3,36,2,4038.4,37,3,4038.5,142,4
11483,2026-07-02 14:30:53+05:30,4036.6,8,4034.35,1809808,177818.0,165174.0,4100.0,4110.0,4012.0,4092.6,25790975,4501.8,3683.4,4440.0,3288.1,4036.6,8,1,4036.4,2,1,4036.2,67,1,4036.1,260,4,4035.9,49,2,4038.0,95,6,4038.1,83,3,4038.3,36,2,4038.4,37,3,4038.5,142,4
11483,2026-07-02 14:30:53+05:30,4036.6,8,4034.35,1809816,177562.0,165036.0,4100.0,4110.0,4012.0,4092.6,25790975,4501.8,3683.4,4440.0,3288.1,4036.4,2,1,4036.2,46,1,4036.1,40,2,4035.9,46,1,4035.8,2,1,4036.6,2,1,4037.7,19,2,4037.8,22,2,4037.9,54,2,4038.0,110,8
11483,2026-07-02 14:30:54+05:30,4036.2,42,4034.35,1809816,177562.0,165036.0,4100.0,4110.0,4012.0,4092.6,25790975,4501.8,3683.4,4440.0,3288.1,4036.4,2,1,4036.2,46,1,4036.1,40,2,4035.9,46,1,4035.8,2,1,4036.6,2,1,4037.7,19,2,4037.8,22,2,4037.9,54,2,4038.0,110,8
11483,2026-07-02 14:30:54+05:30,4036.2,42,4034.35,1809862,177752.0,165243.0,4100.0,4110.0,4012.0,4092.6,25790975,4501.8,3683.4,4440.0,3288.1,4036.2,31,2,4036.1,215,3,4035.9,46,1,4035.7,3,1,4035.6,225,3,4036.6,2,1,4037.6,54,2,4037.7,91,4,4037.8,5,1,4037.9,54,2
11483,2026-07-02 14:30:55+05:30,4036.2,6,4034.35,1809862,177752.0,165243.0,4100.0,4110.0,4012.0,4092.6,25790975,4501.8,3683.4,4440.0,3288.1,4036.2,31,2,4036.1,215,3,4035.9,46,1,4035.7,3,1,4035.6,225,3,4036.6,2,1,4037.6,54,2,4037.7,91,4,4037.8,5,1,4037.9,54,2
11483,2026-07-02 14:30:55+05:30,4036.2,6,4034.35,1809868,176977.0,166498.0,4100.0,4110.0,4012.0,4092.6,25790975,4501.8,3683.4,4440.0,3288.1,4036.1,25,1,4035.2,61,3,4035.1,362,3,4035.0,436,6,4034.9,86,2,4036.2,1,1,4036.6,2,1,4037.3,43,1,4037.4,67,3,4037.5,47,2
11483,2026-07-02 14:30:56+05:30,4036.6,4,4034.35,1809868,176977.0,166498.0,4100.0,4110.0,4012.0,4092.6,25790975,4501.8,3683.4,4440.0,3288.1,4036.1,25,1,4035.2,61,3,4035.1,362,3,4035.0,436,6,4034.9,86,2,4036.2,1,1,4036.6,2,1,4037.3,43,1,4037.4,67,3,4037.5,47,2
11483,2026-07-02 14:30:56+05:30,4036.5,1,4034.35,1809882,176418.0,166010.0,4100.0,4110.0,4012.0,4092.6,25790975,4501.8,3683.4,4440.0,3288.1,4036.5,10,1,4036.2,50,1,4036.1,25,1,4035.3,5,2,4035.2,58,2,4036.6,12,2,4037.3,24,1,4037.4,43,2,4037.5,32,1,4037.6,66,3
11483,2026-07-02 14:30:57+05:30,4037.6,25,4034.35,1809882,176418.0,166010.0,4100.0,4110.0,4012.0,4092.6,25790975,4501.8,3683.4,4440.0,3288.1,4036.5,10,1,4036.2,50,1,4036.1,25,1,4035.3,5,2,4035.2,58,2,4036.6,12,2,4037.3,24,1,4037.4,43,2,4037.5,32,1,4037.6,66,3
11483,2026-07-02 14:30:57+05:30,4037.6,25,4034.35,1810179,176751.0,165822.0,4100.0,4110.0,4012.0,4092.6,25790975,4501.8,3683.4,4440.0,3288.1,4036.5,20,3,4036.2,50,1,4036.1,25,1,4035.6,3,1,4035.5,46,1,4037.4,8,1,4037.5,135,5,4037.6,50,2,4037.7,96,5,4037.8,39,2
11483,2026-07-02 14:30:58+05:30,4036.5,16,4034.35,1810179,176751.0,165822.0,4100.0,4110.0,4012.0,4092.6,25790975,4501.8,3683.4,4440.0,3288.1,4036.5,20,3,4036.2,50,1,4036.1,25,1,4035.6,3,1,4035.5,46,1,4037.4,8,1,4037.5,135,5,4037.6,50,2,4037.7,96,5,4037.8,39,2
11483,2026-07-02 14:30:58+05:30,4036.5,1,4034.35,1810216,176825.0,165737.0,4100.0,4110.0,4012.0,4092.6,25790975,4501.8,3683.4,4440.0,3288.1,4036.5,2,2,4036.2,55,2,4036.1,25,1,4035.6,3,1,4035.5,46,1,4037.5,92,4,4037.6,50,2,4037.7,96,5,4037.8,39,2,4037.9,64,2
11483,2026-07-02 14:30:59+05:30,4037.5,7,4034.35,1810216,176825.0,165737.0,4100.0,4110.0,4012.0,4092.6,25790975,4501.8,3683.4,4440.0,3288.1,4036.5,2,2,4036.2,55,2,4036.1,25,1,4035.6,3,1,4035.5,46,1,4037.5,92,4,4037.6,50,2,4037.7,96,5,4037.8,39,2,4037.9,64,2
11483,2026-07-02 14:30:59+05:30,4037.5,7,4034.35,1810227,176824.0,165868.0,4100.0,4110.0,4012.0,4092.6,25790975,4501.8,3683.4,4440.0,3288.1,4036.5,17,2,4036.2,55,2,4036.1,25,1,4035.6,3,1,4035.5,51,2,4037.4,19,1,4037.5,85,4,4037.6,62,3,4037.7,81,3,4037.8,39,2
11483,2026-07-02 14:31:00+05:30,4037.2,11,4034.35,1810227,176824.0,165868.0,4100.0,4110.0,4012.0,4092.6,25790975,4501.8,3683.4,4440.0,3288.1,4036.5,17,2,4036.2,55,2,4036.1,25,1,4035.6,3,1,4035.5,51,2,4037.4,19,1,4037.5,85,4,4037.6,62,3,4037.7,81,3,4037.8,39,2
11483,2026-07-02 14:31:00+05:30,4037.2,11,4034.35,1810279,176710.0,165983.0,4100.0,4110.0,4012.0,4092.6,25790975,4501.8,3683.4,4440.0,3288.1,4036.5,16,2,4036.2,55,2,4035.6,3,1,4035.5,51,2,4035.3,72,3,4037.2,53,3,4037.4,48,4,4037.5,34,2,4037.6,50,2,4037.7,170,6
11483,2026-07-02 14:31:01+05:30,4037.4,1,4034.35,1810279,176710.0,165983.0,4100.0,4110.0,4012.0,4092.6,25790975,4501.8,3683.4,4440.0,3288.1,4036.5,16,2,4036.2,55,2,4035.6,3,1,4035.5,51,2,4035.3,72,3,4037.2,53,3,4037.4,48,4,4037.5,34,2,4037.6,50,2,4037.7,170,6
11483,2026-07-02 14:31:01+05:30,4037.4,1,4034.35,1810351,176909.0,166071.0,4100.0,4110.0,4012.0,4092.6,25790975,4501.8,3683.4,4440.0,3288.1,4036.5,9,2,4036.2,55,2,4035.6,3,1,4035.5,51,2,4035.4,19,1,4037.4,92,5,4037.5,34,2,4037.6,50,2,4037.7,105,4,4037.8,30,1
11483,2026-07-02 14:31:02+05:30,4037.4,35,4034.35,1810351,176909.0,166071.0,4100.0,4110.0,4012.0,4092.6,25790975,4501.8,3683.4,4440.0,3288.1,4036.5,9,2,4036.2,55,2,4035.6,3,1,4035.5,51,2,4035.4,19,1,4037.4,92,5,4037.5,34,2,4037.6,50,2,4037.7,105,4,4037.8,30,1
11483,2026-07-02 14:31:02+05:30,4037.4,35,4034.35,1810450,176923.0,166403.0,4100.0,4110.0,4012.0,4092.6,25790975,4501.8,3683.4,4440.0,3288.1,4036.5,18,1,4036.2,55,2,4035.5,51,2,4035.4,22,2,4035.3,72,3,4037.3,86,4,4037.4,31,2,4037.5,122,5,4037.6,70,3,4037.7,148,5
11483,2026-07-02 14:31:03+05:30,4037.3,10,4034.35,1810450,176923.0,166403.0,4100.0,4110.0,4012.0,4092.6,25790975,4501.8,3683.4,4440.0,3288.1,4036.5,18,1,4036.2,55,2,4035.5,51,2,4035.4,22,2,4035.3,72,3,4037.3,86,4,4037.4,31,2,4037.5,122,5,4037.6,70,3,4037.7,148,5
11483,2026-07-02 14:31:03+05:30,4037.3,1,4034.35,1810478,176960.0,166397.0,4100.0,4110.0,4012.0,4092.6,25790975,4501.8,3683.4,4440.0,3288.1,4036.5,1,1,4036.2,55,2,4035.5,51,2,4035.4,28,3,4035.3,72,3,4037.3,67,3,4037.4,31,2,4037.5,143,6,4037.6,70,3,4037.7,148,5
11483,2026-07-02 14:31:04+05:30,4036.5,2,4034.35,1810478,176960.0,166397.0,4100.0,4110.0,4012.0,4092.6,25790975,4501.8,3683.4,4440.0,3288.1,4036.5,1,1,4036.2,55,2,4035.5,51,2,4035.4,28,3,4035.3,72,3,4037.3,67,3,4037.4,31,2,4037.5,143,6,4037.6,70,3,4037.7,148,5
11483,2026-07-02 14:31:04+05:30,4036.5,2,4034.35,1810550,176790.0,166382.0,4100.0,4110.0,4012.0,4092.6,25790975,4501.8,3683.4,4440.0,3288.1,4036.2,55,2,4035.5,46,1,4035.4,19,1,4035.3,17,1,4035.2,83,5,4036.5,21,1,4037.0,3,1,4037.2,5,1,4037.3,67,3,4037.4,31,2
11483,2026-07-02 14:31:05+05:30,4037.3,3,4034.35,1810550,176790.0,166382.0,4100.0,4110.0,4012.0,4092.6,25790975,4501.8,3683.4,4440.0,3288.1,4036.2,55,2,4035.5,46,1,4035.4,19,1,4035.3,17,1,4035.2,83,5,4036.5,21,1,4037.0,3,1,4037.2,5,1,4037.3,67,3,4037.4,31,2
11483,2026-07-02 14:31:05+05:30,4037.3,13,4034.35,1810610,176324.0,166356.0,4100.0,4110.0,4012.0,4092.6,25790975,4501.8,3683.4,4440.0,3288.1,4036.2,46,2,4035.5,46,1,4035.4,22,2,4035.3,82,2,4035.2,85,5,4037.3,34,2,4037.4,104,5,4037.5,99,4,4037.6,28,3,4037.7,177,6
11483,2026-07-02 14:31:06+05:30,4037.3,7,4034.35,1810610,176324.0,166356.0,4100.0,4110.0,4012.0,4092.6,25790975,4501.8,3683.4,4440.0,3288.1,4036.2,46,2,4035.5,46,1,4035.4,22,2,4035.3,82,2,4035.2,85,5,4037.3,34,2,4037.4,104,5,4037.5,99,4,4037.6,28,3,4037.7,177,6
11483,2026-07-02 14:31:06+05:30,4037.3,7,4034.35,1810641,176241.0,166656.0,4100.0,4110.0,4012.0,4092.6,25790975,4501.8,3683.4,4440.0,3288.1,4036.7,1,1,4036.2,39,2,4035.2,41,3,4035.1,374,4,4035.0,475,7,4037.3,98,6,4037.4,96,5,4037.5,165,6,4037.6,28,3,4037.7,129,5
11483,2026-07-02 14:31:07+05:30,4037.3,6,4034.35,1810641,176241.0,166656.0,4100.0,4110.0,4012.0,4092.6,25790975,4501.8,3683.4,4440.0,3288.1,4036.7,1,1,4036.2,39,2,4035.2,41,3,4035.1,374,4,4035.0,475,7,4037.3,98,6,4037.4,96,5,4037.5,165,6,4037.6,28,3,4037.7,129,5
11483,2026-07-02 14:31:07+05:30,4037.3,6,4034.35,1810756,176469.0,166123.0,4100.0,4110.0,4012.0,4092.6,25790975,4501.8,3683.4,4440.0,3288.1,4037.0,1,1,4036.7,13,1,4036.3,10,1,4036.2,39,2,4035.6,66,2,4037.3,2,1,4037.4,28,2,4037.5,101,3,4037.6,3,2,4037.7,24,1
11483,2026-07-02 14:31:08+05:30,4037.4,10,4034.35,1810756,176469.0,166123.0,4100.0,4110.0,4012.0,4092.6,25790975,4501.8,3683.4,4440.0,3288.1,4037.0,1,1,4036.7,13,1,4036.3,10,1,4036.2,39,2,4035.6,66,2,4037.3,2,1,4037.4,28,2,4037.5,101,3,4037.6,3,2,4037.7,24,1
11483,2026-07-02 14:31:08+05:30,4037.4,10,4034.35,1810792,176345.0,166521.0,4100.0,4110.0,4012.0,4092.6,25790975,4501.8,3683.4,4440.0,3288.1,4036.7,13,1,4036.2,39,2,4035.7,10,1,4035.6,69,3,4035.5,48,1,4037.4,89,6,4037.5,119,4,4037.6,3,2,4037.7,24,1,4037.8,48,2
11483,2026-07-02 14:31:09+05:30,4037.4,1,4034.35,1810810,176292.0,166522.0,4100.0,4110.0,4012.0,4092.6,25790975,4501.8,3683.4,4440.0,3288.1,4036.7,9,1,4036.2,39,2,4036.0,13,1,4035.7,10,1,4035.6,20,2,4037.4,114,7,4037.5,119,4,4037.6,24,3,4037.7,24,1,4037.8,48,2
11483,2026-07-02 14:31:09+05:30,4036.7,2,4034.35,1810810,176292.0,166522.0,4100.0,4110.0,4012.0,4092.6,25790975,4501.8,3683.4,4440.0,3288.1,4036.7,9,1,4036.2,39,2,4036.0,13,1,4035.7,10,1,4035.6,20,2,4037.4,114,7,4037.5,119,4,4037.6,24,3,4037.7,24,1,4037.8,48,2
11483,2026-07-02 14:31:10+05:30,4035.0,42,4034.35,1811881,173414.0,166873.0,4100.0,4110.0,4012.0,4092.6,25790975,4501.8,3683.4,4440.0,3288.1,4035.2,13,1,4035.1,13,1,4035.0,171,2,4034.7,61,2,4034.4,106,3,4036.7,78,4,4036.8,43,3,4036.9,115,6,4037.0,78,4,4037.1,73,3
11483,2026-07-02 14:31:10+05:30,4035.2,12,4034.35,1811881,173414.0,166873.0,4100.0,4110.0,4012.0,4092.6,25790975,4501.8,3683.4,4440.0,3288.1,4035.2,13,1,4035.1,13,1,4035.0,171,2,4034.7,61,2,4034.4,106,3,4036.7,78,4,4036.8,43,3,4036.9,115,6,4037.0,78,4,4037.1,73,3
11483,2026-07-02 14:31:11+05:30,4037.0,1,4034.35,1811881,173414.0,166873.0,4100.0,4110.0,4012.0,4092.6,25790975,4501.8,3683.4,4440.0,3288.1,4035.2,13,1,4035.1,13,1,4035.0,171,2,4034.7,61,2,4034.4,106,3,4036.7,78,4,4036.8,43,3,4036.9,115,6,4037.0,78,4,4037.1,73,3
11483,2026-07-02 14:31:11+05:30,4035.5,6,4034.36,1812166,174587.0,166841.0,4100.0,4110.0,4012.0,4092.6,25790975,4501.8,3683.4,4440.0,3288.1,4035.5,7,1,4035.4,13,1,4035.3,21,2,4035.2,23,2,4035.1,90,3,4036.8,14,1,4036.9,19,1,4037.0,41,3,4037.1,46,3,4037.2,71,5
11483,2026-07-02 14:31:12+05:30,4035.5,13,4034.36,1812166,174587.0,166841.0,4100.0,4110.0,4012.0,4092.6,25790975,4501.8,3683.4,4440.0,3288.1,4035.5,7,1,4035.4,13,1,4035.3,21,2,4035.2,23,2,4035.1,90,3,4036.8,14,1,4036.9,19,1,4037.0,41,3,4037.1,46,3,4037.2,71,5
11483,2026-07-02 14:31:12+05:30,4035.5,13,4034.36,1812184,174620.0,167699.0,4100.0,4110.0,4012.0,4092.6,25790975,4501.8,3683.4,4440.0,3288.1,4035.4,13,1,4035.3,13,1,4035.2,76,2,4035.1,51,2,4035.0,158,1,4035.5,4,1,4036.7,94,2,4036.8,69,4,4036.9,19,1,4037.0,19,2
11483,2026-07-02 14:31:13+05:30,4035.4,2,4034.36,1812184,174620.0,167699.0,4100.0,4110.0,4012.0,4092.6,25790975,4501.8,3683.4,4440.0,3288.1,4035.4,13,1,4035.3,13,1,4035.2,76,2,4035.1,51,2,4035.0,158,1,4035.5,4,1,4036.7,94,2,4036.8,69,4,4036.9,19,1,4037.0,19,2
11483,2026-07-02 14:31:13+05:30,4035.4,2,4034.36,1812186,174462.0,167491.0,4100.0,4110.0,4012.0,4092.6,25790975,4501.8,3683.4,4440.0,3288.1,4035.4,11,1,4035.3,13,1,4035.2,76,2,4035.1,51,2,4035.0,158,1,4035.5,6,2,4036.7,95,3,4036.8,50,3,4036.9,19,1,4037.0,19,2
11483,2026-07-02 14:31:14+05:30,4037.1,10,4034.36,1812909,174861.0,166178.0,4100.0,4110.0,4012.0,4092.6,25790975,4501.8,3683.4,4440.0,3288.1,4036.0,28,2,4035.9,41,3,4035.8,13,1,4035.6,19,2,4035.3,66,4,4037.2,17,2,4037.3,48,1,4037.4,40,3,4037.5,151,4,4037.6,39,2
11483,2026-07-02 14:31:14+05:30,4036.0,13,4034.36,1812909,174861.0,166178.0,4100.0,4110.0,4012.0,4092.6,25790975,4501.8,3683.4,4440.0,3288.1,4036.0,28,2,4035.9,41,3,4035.8,13,1,4035.6,19,2,4035.3,66,4,4037.2,17,2,4037.3,48,1,4037.4,40,3,4037.5,151,4,4037.6,39,2
11483,2026-07-02 14:31:15+05:30,4037.5,11,4034.36,1813021,175340.0,165888.0,4100.0,4110.0,4012.0,4092.6,25790975,4501.8,3683.4,4440.0,3288.1,4036.9,32,3,4036.8,70,4,4036.7,44,3,4036.6,18,1,4036.5,72,4,4037.5,140,4,4037.6,1,1,4037.8,15,1,4038.0,209,9,4038.3,12,1
11483,2026-07-02 14:31:15+05:30,4036.9,13,4034.36,1813021,175340.0,165888.0,4100.0,4110.0,4012.0,4092.6,25790975,4501.8,3683.4,4440.0,3288.1,4036.9,32,3,4036.8,70,4,4036.7,44,3,4036.6,18,1,4036.5,72,4,4037.5,140,4,4037.6,1,1,4037.8,15,1,4038.0,209,9,4038.3,12,1
11483,2026-07-02 14:31:16+05:30,4037.6,101,4034.36,1813385,176234.0,164074.0,4100.0,4110.0,4012.0,4092.6,25790975,4501.8,3683.4,4440.0,3288.1,4037.7,13,1,4037.6,55,6,4037.5,15,2,4037.4,58,4,4037.3,46,2,4038.0,209,9,4038.5,305,2,4038.6,144,6,4038.7,15,1,4038.8,125,2
11483,2026-07-02 14:31:16+05:30,4037.7,5,4034.36,1813385,176234.0,164074.0,4100.0,4110.0,4012.0,4092.6,25790975,4501.8,3683.4,4440.0,3288.1,4037.7,13,1,4037.6,55,6,4037.5,15,2,4037.4,58,4,4037.3,46,2,4038.0,209,9,4038.5,305,2,4038.6,144,6,4038.7,15,1,4038.8,125,2
11483,2026-07-02 14:31:17+05:30,4038.7,15,4034.36,1814144,177399.0,162637.0,4100.0,4110.0,4012.0,4092.6,25790975,4501.8,3683.4,4440.0,3288.1,4038.6,11,2,4038.5,14,2,4038.4,37,2,4038.3,50,2,4038.2,19,2,4038.7,15,1,4038.8,139,3,4039.0,601,6,4039.2,2,1,4039.4,2,1
11483,2026-07-02 14:31:17+05:30,4038.6,10,4034.36,1814144,177399.0,162637.0,4100.0,4110.0,4012.0,4092.6,25790975,4501.8,3683.4,4440.0,3288.1,4038.6,11,2,4038.5,14,2,4038.4,37,2,4038.3,50,2,4038.2,19,2,4038.7,15,1,4038.8,139,3,4039.0,601,6,4039.2,2,1,4039.4,2,1
11483,2026-07-02 14:31:18+05:30,4038.8,14,4034.36,1814495,176406.0,162785.0,4100.0,4110.0,4012.0,4092.6,25790975,4501.8,3683.4,4440.0,3288.1,4038.6,51,2,4038.5,48,2,4038.4,42,1,4038.3,56,2,4038.2,50,2,4038.8,14,1,4039.0,601,6,4039.2,2,1,4039.4,2,1,4039.5,25,5
11483,2026-07-02 14:31:18+05:30,4038.6,20,4034.36,1814495,176406.0,162785.0,4100.0,4110.0,4012.0,4092.6,25790975,4501.8,3683.4,4440.0,3288.1,4038.6,51,2,4038.5,48,2,4038.4,42,1,4038.3,56,2,4038.2,50,2,4038.8,14,1,4039.0,601,6,4039.2,2,1,4039.4,2,1,4039.5,25,5
11483,2026-07-02 14:31:19+05:30,4038.6,20,4034.36,1814537,177461.0,162745.0,4100.0,4110.0,4012.0,4092.6,25790975,4501.8,3683.4,4440.0,3288.1,4038.8,61,1,4038.6,66,2,4038.5,59,3,4038.3,98,3,4038.2,24,2,4039.0,601,6,4039.2,2,1,4039.4,2,1,4039.5,13,4,4039.6,9,2
11483,2026-07-02 14:31:19+05:30,4039.0,3,4034.36,1814537,177461.0,162745.0,4100.0,4110.0,4012.0,4092.6,25790975,4501.8,3683.4,4440.0,3288.1,4038.8,61,1,4038.6,66,2,4038.5,59,3,4038.3,98,3,4038.2,24,2,4039.0,601,6,4039.2,2,1,4039.4,2,1,4039.5,13,4,4039.6,9,2
11483,2026-07-02 14:31:20+05:30,4038.5,42,4034.36,1816025,176254.0,163622.0,4100.0,4110.0,4012.0,4092.6,25790975,4501.8,3683.4,4440.0,3288.1,4037.9,1,1,4037.5,22,1,4037.4,14,3,4037.3,30,2,4037.2,52,2,4038.6,953,1,4039.0,68,3,4039.1,9,1,4039.2,27,3,4039.4,27,2
11483,2026-07-02 14:31:21+05:30,4038.8,26,4034.36,1816025,176254.0,163622.0,4100.0,4110.0,4012.0,4092.6,25790975,4501.8,3683.4,4440.0,3288.1,4037.9,1,1,4037.5,22,1,4037.4,14,3,4037.3,30,2,4037.2,52,2,4038.6,953,1,4039.0,68,3,4039.1,9,1,4039.2,27,3,4039.4,27,2
11483,2026-07-02 14:31:21+05:30,4038.8,10,4034.37,1817426,178066.0,162115.0,4100.0,4110.0,4012.0,4092.6,25790975,4501.8,3683.4,4440.0,3288.1,4038.6,37,2,4038.4,12,1,4038.3,51,2,4038.2,81,4,4038.1,100,3,4038.8,16,1,4038.9,26,1,4039.2,14,2,4039.4,2,1,4039.5,13,4
11483,2026-07-02 14:31:22+05:30,4038.9,26,4034.37,1817426,178066.0,162115.0,4100.0,4110.0,4012.0,4092.6,25790975,4501.8,3683.4,4440.0,3288.1,4038.6,37,2,4038.4,12,1,4038.3,51,2,4038.2,81,4,4038.1,100,3,4038.8,16,1,4038.9,26,1,4039.2,14,2,4039.4,2,1,4039.5,13,4
11483,2026-07-02 14:31:22+05:30,4038.9,26,4034.38,1823339,177480.0,159671.0,4100.0,4110.0,4012.0,4092.6,25790975,4501.8,3683.4,4440.0,3288.1,4038.8,46,5,4038.7,33,4,4038.6,63,3,4038.5,64,4,4038.4,102,3,4038.9,26,1,4040.6,56,3,4040.8,33,3,4040.9,48,1,4041.0,190,9
11483,2026-07-02 14:31:23+05:30,4038.6,34,4034.38,1823339,177480.0,159671.0,4100.0,4110.0,4012.0,4092.6,25790975,4501.8,3683.4,4440.0,3288.1,4038.8,46,5,4038.7,33,4,4038.6,63,3,4038.5,64,4,4038.4,102,3,4038.9,26,1,4040.6,56,3,4040.8,33,3,4040.9,48,1,4041.0,190,9
11483,2026-07-02 14:31:23+05:30,4038.6,34,4034.38,1823528,177115.0,160417.0,4100.0,4110.0,4012.0,4092.6,25790975,4501.8,3683.4,4440.0,3288.1,4038.5,42,1,4038.3,71,3,4038.0,16,2,4037.9,16,2,4037.8,3,1,4038.8,71,1,4038.9,26,1,4039.8,29,1,4039.9,3,1,4040.0,33,1
11483,2026-07-02 14:31:24+05:30,4038.3,18,4034.38,1823528,177115.0,160417.0,4100.0,4110.0,4012.0,4092.6,25790975,4501.8,3683.4,4440.0,3288.1,4038.5,42,1,4038.3,71,3,4038.0,16,2,4037.9,16,2,4037.8,3,1,4038.8,71,1,4038.9,26,1,4039.8,29,1,4039.9,3,1,4040.0,33,1
11483,2026-07-02 14:31:24+05:30,4038.3,18,4034.38,1824145,176031.0,161190.0,4100.0,4110.0,4012.0,4092.6,25790975,4501.8,3683.4,4440.0,3288.1,4037.4,2,2,4037.3,37,1,4037.1,21,1,4037.0,242,5,4036.9,6,1,4038.8,70,1,4038.9,101,5,4039.0,148,2,4039.2,104,3,4039.3,3,1
11483,2026-07-02 14:31:25+05:30,4037.4,2,4034.38,1824145,176031.0,161190.0,4100.0,4110.0,4012.0,4092.6,25790975,4501.8,3683.4,4440.0,3288.1,4037.4,2,2,4037.3,37,1,4037.1,21,1,4037.0,242,5,4036.9,6,1,4038.8,70,1,4038.9,101,5,4039.0,148,2,4039.2,104,3,4039.3,3,1
11483,2026-07-02 14:31:25+05:30,4037.4,2,4034.38,1824150,176596.0,162471.0,4100.0,4110.0,4012.0,4092.6,25790975,4501.8,3683.4,4440.0,3288.1,4037.0,382,4,4036.6,48,1,4036.5,175,1,4036.4,1,1,4036.3,12,2,4037.4,3,1,4038.3,6,1,4038.4,34,2,4038.5,53,2,4038.6,70,2
11483,2026-07-02 14:31:26+05:30,4038.4,1,4034.38,1824150,176596.0,162471.0,4100.0,4110.0,4012.0,4092.6,25790975,4501.8,3683.4,4440.0,3288.1,4037.0,382,4,4036.6,48,1,4036.5,175,1,4036.4,1,1,4036.3,12,2,4037.4,3,1,4038.3,6,1,4038.4,34,2,4038.5,53,2,4038.6,70,2
11483,2026-07-02 14:31:26+05:30,4038.4,1,4034.39,1824301,178299.0,161490.0,4100.0,4110.0,4012.0,4092.6,25790975,4501.8,3683.4,4440.0,3288.1,4038.0,20,1,4037.4,176,2,4037.1,49,1,4037.0,190,1,4036.8,38,2,4038.6,45,2,4038.7,48,3,4038.8,72,2,4038.9,66,4,4039.0,181,5
11483,2026-07-02 14:31:27+05:30,4038.5,11,4034.39,1824301,178299.0,161490.0,4100.0,4110.0,4012.0,4092.6,25790975,4501.8,3683.4,4440.0,3288.1,4038.0,20,1,4037.4,176,2,4037.1,49,1,4037.0,190,1,4036.8,38,2,4038.6,45,2,4038.7,48,3,4038.8,72,2,4038.9,66,4,4039.0,181,5
11483,2026-07-02 14:31:27+05:30,4038.5,11,4034.39,1824436,178389.0,161561.0,4100.0,4110.0,4012.0,4092.6,25790975,4501.8,3683.4,4440.0,3288.1,4038.0,20,1,4037.5,49,1,4037.4,176,2,4037.1,49,1,4037.0,243,4,4038.4,4,1,4038.5,66,2,4038.6,44,2,4038.7,43,2,4038.8,70,1
11483,2026-07-02 14:31:28+05:30,4038.4,1,4034.39,1824436,178389.0,161561.0,4100.0,4110.0,4012.0,4092.6,25790975,4501.8,3683.4,4440.0,3288.1,4038.0,20,1,4037.5,49,1,4037.4,176,2,4037.1,49,1,4037.0,243,4,4038.4,4,1,4038.5,66,2,4038.6,44,2,4038.7,43,2,4038.8,70,1
11483,2026-07-02 14:31:28+05:30,4038.6,8,4034.39,1824503,178267.0,161624.0,4100.0,4110.0,4012.0,4092.6,25790975,4501.8,3683.4,4440.0,3288.1,4038.3,17,1,4038.0,4,1,4037.4,176,2,4037.1,49,1,4037.0,195,3,4038.5,42,1,4038.6,93,4,4038.7,1,1,4038.8,70,1,4038.9,118,6
11483,2026-07-02 14:31:29+05:30,4038.5,7,4034.39,1824503,178267.0,161624.0,4100.0,4110.0,4012.0,4092.6,25790975,4501.8,3683.4,4440.0,3288.1,4038.3,17,1,4038.0,4,1,4037.4,176,2,4037.1,49,1,4037.0,195,3,4038.5,42,1,4038.6,93,4,4038.7,1,1,4038.8,70,1,4038.9,118,6
11483,2026-07-02 14:31:29+05:30,4038.5,7,4034.39,1824518,178138.0,161647.0,4100.0,4110.0,4012.0,4092.6,25790975,4501.8,3683.4,4440.0,3288.1,4038.3,9,1,4038.0,4,1,4037.5,49,1,4037.4,266,3,4037.1,49,1,4038.4,3,1,4038.5,107,5,4038.6,69,3,4038.7,1,1,4038.8,70,1
11483,2026-07-02 14:31:30+05:30,4038.5,7,4034.39,1824518,178138.0,161647.0,4100.0,4110.0,4012.0,4092.6,25790975,4501.8,3683.4,4440.0,3288.1,4038.3,9,1,4038.0,4,1,4037.5,49,1,4037.4,266,3,4037.1,49,1,4038.4,3,1,4038.5,107,5,4038.6,69,3,4038.7,1,1,4038.8,70,1
11483,2026-07-02 14:31:30+05:30,4038.5,10,4034.39,1824518,178138.0,161647.0,4100.0,4110.0,4012.0,4092.6,25790975,4501.8,3683.4,4440.0,3288.1,4038.3,9,1,4038.0,4,1,4037.5,49,1,4037.4,266,3,4037.1,49,1,4038.4,3,1,4038.5,107,5,4038.6,69,3,4038.7,1,1,4038.8,70,1
11483,2026-07-02 14:31:30+05:30,4038.5,10,4034.39,1824518,178138.0,161647.0,4100.0,4110.0,4012.0,4092.6,25790975,4501.8,3683.4,4440.0,3288.1,4038.3,9,1,4038.0,4,1,4037.5,49,1,4037.4,266,3,4037.1,49,1,4038.4,3,1,4038.5,107,5,4038.6,69,3,4038.7,1,1,4038.8,70,1
11483,2026-07-02 14:31:30+05:30,4038.5,10,4034.39,1824705,177941.0,161737.0,4100.0,4110.0,4012.0,4092.6,25790975,4501.8,3683.4,4440.0,3288.1,4038.3,7,1,4038.0,4,1,4037.9,175,1,4037.4,266,3,4037.2,175,1,4038.5,86,5,4038.6,78,3,4038.7,10,2,4038.8,81,2,4038.9,78,6
11483,2026-07-02 14:31:30+05:30,4038.5,10,4034.39,1824705,177941.0,161737.0,4100.0,4110.0,4012.0,4092.6,25790975,4501.8,3683.4,4440.0,3288.1,4038.3,7,1,4038.0,4,1,4037.9,175,1,4037.4,266,3,4037.2,175,1,4038.5,86,5,4038.6,78,3,4038.7,10,2,4038.8,81,2,4038.9,78,6
11483,2026-07-02 14:31:31+05:30,4038.3,5,4034.39,1824705,177941.0,161737.0,4100.0,4110.0,4012.0,4092.6,25790975,4501.8,3683.4,4440.0,3288.1,4038.3,7,1,4038.0,4,1,4037.9,175,1,4037.4,266,3,4037.2,175,1,4038.5,86,5,4038.6,78,3,4038.7,10,2,4038.8,81,2,4038.9,78,6
11483,2026-07-02 14:31:31+05:30,4038.3,5,4034.39,1824705,177941.0,161737.0,4100.0,4110.0,4012.0,4092.6,25790975,4501.8,3683.4,4440.0,3288.1,4038.3,7,1,4038.0,4,1,4037.9,175,1,4037.4,266,3,4037.2,175,1,4038.5,86,5,4038.6,78,3,4038.7,10,2,4038.8,81,2,4038.9,78,6
11483,2026-07-02 14:31:31+05:30,4038.0,3,4034.39,1824732,177814.0,161774.0,4100.0,4110.0,4012.0,4092.6,25790975,4501.8,3683.4,4440.0,3288.1,4038.0,1,1,4037.9,175,1,4037.4,90,1,4037.2,175,1,4037.1,2,1,4038.5,93,4,4038.6,40,3,4038.7,1,1,4038.8,120,2,4038.9,120,7
11483,2026-07-02 14:31:32+05:30,4038.0,3,4034.39,1824732,177814.0,161774.0,4100.0,4110.0,4012.0,4092.6,25790975,4501.8,3683.4,4440.0,3288.1,4038.0,1,1,4037.9,175,1,4037.4,90,1,4037.2,175,1,4037.1,2,1,4038.5,93,4,4038.6,40,3,4038.7,1,1,4038.8,120,2,4038.9,120,7
11483,2026-07-02 14:31:32+05:30,4038.0,20,4034.39,1824732,177814.0,161774.0,4100.0,4110.0,4012.0,4092.6,25790975,4501.8,3683.4,4440.0,3288.1,4038.0,1,1,4037.9,175,1,4037.4,90,1,4037.2,175,1,4037.1,2,1,4038.5,93,4,4038.6,40,3,4038.7,1,1,4038.8,120,2,4038.9,120,7
11483,2026-07-02 14:31:32+05:30,4038.0,20,4034.39,1824732,177814.0,161774.0,4100.0,4110.0,4012.0,4092.6,25790975,4501.8,3683.4,4440.0,3288.1,4038.0,1,1,4037.9,175,1,4037.4,90,1,4037.2,175,1,4037.1,2,1,4038.5,93,4,4038.6,40,3,4038.7,1,1,4038.8,120,2,4038.9,120,7
11483,2026-07-02 14:31:32+05:30,4038.4,10,4034.39,1824765,177876.0,161826.0,4100.0,4110.0,4012.0,4092.6,25790975,4501.8,3683.4,4440.0,3288.1,4038.0,30,2,4037.9,175,1,4037.4,90,1,4037.2,175,1,4037.1,2,1,4038.4,32,1,4038.5,29,3,4038.6,36,2,4038.7,1,1,4038.8,162,3
11483,2026-07-02 14:31:33+05:30,4038.4,10,4034.39,1824765,177876.0,161826.0,4100.0,4110.0,4012.0,4092.6,25790975,4501.8,3683.4,4440.0,3288.1,4038.0,30,2,4037.9,175,1,4037.4,90,1,4037.2,175,1,4037.1,2,1,4038.4,32,1,4038.5,29,3,4038.6,36,2,4038.7,1,1,4038.8,162,3
11483,2026-07-02 14:31:33+05:30,4038.4,28,4034.39,1824765,177876.0,161826.0,4100.0,4110.0,4012.0,4092.6,25790975,4501.8,3683.4,4440.0,3288.1,4038.0,30,2,4037.9,175,1,4037.4,90,1,4037.2,175,1,4037.1,2,1,4038.4,32,1,4038.5,29,3,4038.6,36,2,4038.7,1,1,4038.8,162,3
11483,2026-07-02 14:31:33+05:30,4038.4,28,4034.39,1824765,177876.0,161826.0,4100.0,4110.0,4012.0,4092.6,25790975,4501.8,3683.4,4440.0,3288.1,4038.0,30,2,4037.9,175,1,4037.4,90,1,4037.2,175,1,4037.1,2,1,4038.4,32,1,4038.5,29,3,4038.6,36,2,4038.7,1,1,4038.8,162,3
11483,2026-07-02 14:31:33+05:30,4038.0,4,4034.39,1824897,177692.0,161677.0,4100.0,4110.0,4012.0,4092.6,25790975,4501.8,3683.4,4440.0,3288.1,4038.0,26,2,4037.5,55,1,4037.4,114,2,4037.3,70,2,4037.2,176,2,4038.6,19,2,4038.7,1,1,4038.8,162,3,4038.9,34,4,4039.0,167,4
11483,2026-07-02 14:31:34+05:30,4038.0,4,4034.39,1824897,177692.0,161677.0,4100.0,4110.0,4012.0,4092.6,25790975,4501.8,3683.4,4440.0,3288.1,4038.0,26,2,4037.5,55,1,4037.4,114,2,4037.3,70,2,4037.2,176,2,4038.6,19,2,4038.7,1,1,4038.8,162,3,4038.9,34,4,4039.0,167,4
11483,2026-07-02 14:31:34+05:30,4038.0,10,4034.39,1824897,177692.0,161677.0,4100.0,4110.0,4012.0,4092.6,25790975,4501.8,3683.4,4440.0,3288.1,4038.0,26,2,4037.5,55,1,4037.4,114,2,4037.3,70,2,4037.2,176,2,4038.6,19,2,4038.7,1,1,4038.8,162,3,4038.9,34,4,4039.0,167,4
11483,2026-07-02 14:31:34+05:30,4038.0,10,4034.39,1824897,177692.0,161677.0,4100.0,4110.0,4012.0,4092.6,25768925,4501.8,3683.4,4440.0,3288.1,4038.0,26,2,4037.5,55,1,4037.4,114,2,4037.3,70,2,4037.2,176,2,4038.6,19,2,4038.7,1,1,4038.8,162,3,4038.9,34,4,4039.0,167,4
11483,2026-07-02 14:31:34+05:30,4038.4,10,4034.39,1824923,177869.0,162664.0,4100.0,4110.0,4012.0,4092.6,25768925,4501.8,3683.4,4440.0,3288.1,4038.0,20,2,4037.4,90,1,4037.2,219,2,4037.1,54,2,4037.0,247,5,4038.4,32,1,4038.5,43,2,4038.6,249,3,4038.7,43,2,4038.8,120,2
11483,2026-07-02 14:31:34+05:30,4038.4,10,4034.39,1824923,177869.0,162664.0,4100.0,4110.0,4012.0,4092.6,25768925,4501.8,3683.4,4440.0,3288.1,4038.0,20,2,4037.4,90,1,4037.2,219,2,4037.1,54,2,4037.0,247,5,4038.4,32,1,4038.5,43,2,4038.6,249,3,4038.7,43,2,4038.8,120,2
11483,2026-07-02 14:31:35+05:30,4038.6,7,4034.39,1824923,177869.0,162664.0,4100.0,4110.0,4012.0,4092.6,25768925,4501.8,3683.4,4440.0,3288.1,4038.0,20,2,4037.4,90,1,4037.2,219,2,4037.1,54,2,4037.0,247,5,4038.4,32,1,4038.5,43,2,4038.6,249,3,4038.7,43,2,4038.8,120,2
11483,2026-07-02 14:31:35+05:30,4038.6,7,4034.39,1824923,177869.0,162664.0,4100.0,4110.0,4012.0,4092.6,25768925,4501.8,3683.4,4440.0,3288.1,4038.0,20,2,4037.4,90,1,4037.2,219,2,4037.1,54,2,4037.0,247,5,4038.4,32,1,4038.5,43,2,4038.6,249,3,4038.7,43,2,4038.8,120,2
11483,2026-07-02 14:31:35+05:30,4038.6,2,4034.39,1825011,177901.0,162182.0,4100.0,4110.0,4012.0,4092.6,25768925,4501.8,3683.4,4440.0,3288.1,4038.4,158,2,4038.0,107,3,4037.5,24,1,4037.2,224,3,4037.1,66,2,4038.6,240,3,4038.7,1,1,4038.8,120,2,4038.9,34,4,4039.0,171,5
11483,2026-07-02 14:31:36+05:30,4038.6,30,4034.39,1825011,177901.0,162182.0,4100.0,4110.0,4012.0,4092.6,25768925,4501.8,3683.4,4440.0,3288.1,4038.4,158,2,4038.0,107,3,4037.5,24,1,4037.2,224,3,4037.1,66,2,4038.6,240,3,4038.7,1,1,4038.8,120,2,4038.9,34,4,4039.0,171,5
11483,2026-07-02 14:31:36+05:30,4038.6,30,4034.39,1825011,177901.0,162182.0,4100.0,4110.0,4012.0,4092.6,25768925,4501.8,3683.4,4440.0,3288.1,4038.4,158,2,4038.0,107,3,4037.5,24,1,4037.2,224,3,4037.1,66,2,4038.6,240,3,4038.7,1,1,4038.8,120,2,4038.9,34,4,4039.0,171,5
11483,2026-07-02 14:31:36+05:30,4038.0,8,4034.39,1825464,177177.0,162241.0,4100.0,4110.0,4012.0,4092.6,25768925,4501.8,3683.4,4440.0,3288.1,4038.0,98,3,4037.2,175,1,4037.1,9,1,4037.0,105,5,4036.8,29,1,4038.6,76,3,4038.7,1,1,4038.8,162,3,4038.9,34,4,4039.0,129,4
11483,2026-07-02 14:31:37+05:30,4038.0,54,4034.39,1825464,177177.0,162241.0,4100.0,4110.0,4012.0,4092.6,25768925,4501.8,3683.4,4440.0,3288.1,4038.0,98,3,4037.2,175,1,4037.1,9,1,4037.0,105,5,4036.8,29,1,4038.6,76,3,4038.7,1,1,4038.8,162,3,4038.9,34,4,4039.0,129,4
11483,2026-07-02 14:31:37+05:30,4038.0,54,4034.39,1825518,177137.0,162416.0,4100.0,4110.0,4012.0,4092.6,25768925,4501.8,3683.4,4440.0,3288.1,4038.4,2,1,4038.3,1,1,4038.0,44,3,4037.2,175,1,4037.1,9,1,4038.6,76,3,4038.7,67,3,4038.8,120,2,4038.9,89,6,4039.0,129,4
11483,2026-07-02 14:31:38+05:30,4038.4,5,4034.39,1825518,177137.0,162416.0,4100.0,4110.0,4012.0,4092.6,25768925,4501.8,3683.4,4440.0,3288.1,4038.4,2,1,4038.3,1,1,4038.0,44,3,4037.2,175,1,4037.1,9,1,4038.6,76,3,4038.7,67,3,4038.8,120,2,4038.9,89,6,4039.0,129,4
11483,2026-07-02 14:31:38+05:30,4038.7,16,4034.39,1825562,177153.0,162438.0,4100.0,4110.0,4012.0,4092.6,25768925,4501.8,3683.4,4440.0,3288.1,4038.4,2,1,4038.3,1,1,4038.0,51,4,4037.2,175,1,4037.1,9,1,4038.7,25,1,4038.8,162,3,4038.9,58,5,4039.0,196,7,4039.1,66,2
11483,2026-07-02 14:31:39+05:30,4038.7,3,4034.39,1825562,177153.0,162438.0,4100.0,4110.0,4012.0,4092.6,25768925,4501.8,3683.4,4440.0,3288.1,4038.4,2,1,4038.3,1,1,4038.0,51,4,4037.2,175,1,4037.1,9,1,4038.7,25,1,4038.8,162,3,4038.9,58,5,4039.0,196,7,4039.1,66,2
11483,2026-07-02 14:31:39+05:30,4038.7,32,4034.39,1825634,177488.0,162333.0,4100.0,4110.0,4012.0,4092.6,25768925,4501.8,3683.4,4440.0,3288.1,4038.0,50,4,4037.2,175,1,4037.1,9,1,4037.0,57,4,4036.9,70,2,4038.7,10,1,4038.8,142,3,4038.9,100,6,4039.0,129,4,4039.1,90,2
11483,2026-07-02 14:31:40+05:30,4038.0,9,4034.39,1825634,177488.0,162333.0,4100.0,4110.0,4012.0,4092.6,25768925,4501.8,3683.4,4440.0,3288.1,4038.0,50,4,4037.2,175,1,4037.1,9,1,4037.0,57,4,4036.9,70,2,4038.7,10,1,4038.8,142,3,4038.9,100,6,4039.0,129,4,4039.1,90,2
11483,2026-07-02 14:31:40+05:30,4038.0,9,4034.39,1825643,177469.0,162389.0,4100.0,4110.0,4012.0,4092.6,25768925,4501.8,3683.4,4440.0,3288.1,4038.0,41,4,4037.2,175,1,4037.0,57,4,4036.9,70,2,4036.8,47,2,4038.5,42,1,4038.6,42,1,4038.7,65,3,4038.8,180,4,4038.9,78,6
11483,2026-07-02 14:31:41+05:30,4038.0,35,4034.39,1825643,177469.0,162389.0,4100.0,4110.0,4012.0,4092.6,25768925,4501.8,3683.4,4440.0,3288.1,4038.0,41,4,4037.2,175,1,4037.0,57,4,4036.9,70,2,4036.8,47,2,4038.5,42,1,4038.6,42,1,4038.7,65,3,4038.8,180,4,4038.9,78,6
11483,2026-07-02 14:31:41+05:30,4038.0,5,4034.39,1825724,177530.0,162615.0,4100.0,4110.0,4012.0,4092.6,25768925,4501.8,3683.4,4440.0,3288.1,4038.0,5,1,4037.3,23,1,4037.2,175,1,4037.0,52,2,4036.9,24,2,4038.5,52,2,4038.6,42,1,4038.7,23,2,4038.8,162,3,4038.9,39,4
11483,2026-07-02 14:31:42+05:30,4038.5,10,4034.39,1825724,177530.0,162615.0,4100.0,4110.0,4012.0,4092.6,25768925,4501.8,3683.4,4440.0,3288.1,4038.0,5,1,4037.3,23,1,4037.2,175,1,4037.0,52,2,4036.9,24,2,4038.5,52,2,4038.6,42,1,4038.7,23,2,4038.8,162,3,4038.9,39,4
11483,2026-07-02 14:31:42+05:30,4038.7,114,4034.39,1825962,177415.0,162558.0,4100.0,4110.0,4012.0,4092.6,25768925,4501.8,3683.4,4440.0,3288.1,4037.2,175,1,4037.0,100,3,4036.9,24,2,4036.8,18,1,4036.7,18,1,4038.4,42,1,4038.6,26,2,4038.7,101,6,4038.8,181,4,4038.9,39,4
11483,2026-07-02 14:31:43+05:30,4037.9,1,4034.39,1825962,177415.0,162558.0,4100.0,4110.0,4012.0,4092.6,25768925,4501.8,3683.4,4440.0,3288.1,4037.2,175,1,4037.0,100,3,4036.9,24,2,4036.8,18,1,4036.7,18,1,4038.4,42,1,4038.6,26,2,4038.7,101,6,4038.8,181,4,4038.9,39,4
11483,2026-07-02 14:31:43+05:30,4037.6,1,4034.39,1826174,176779.0,164205.0,4100.0,4110.0,4012.0,4092.6,25768925,4501.8,3683.4,4440.0,3288.1,4037.0,52,2,4036.2,1,1,4036.1,15,1,4035.9,29,1,4035.8,95,3,4037.6,39,2,4037.7,42,1,4037.8,3,1,4037.9,76,3,4038.0,24,1
11483,2026-07-02 14:31:44+05:30,4036.1,12,4034.39,1826174,176779.0,164205.0,4100.0,4110.0,4012.0,4092.6,25768925,4501.8,3683.4,4440.0,3288.1,4037.0,52,2,4036.2,1,1,4036.1,15,1,4035.9,29,1,4035.8,95,3,4037.6,39,2,4037.7,42,1,4037.8,3,1,4037.9,76,3,4038.0,24,1
11483,2026-07-02 14:31:44+05:30,4036.1,12,4034.39,1826239,175705.0,164485.0,4100.0,4110.0,4012.0,4092.6,25768925,4501.8,3683.4,4440.0,3288.1,4036.1,13,1,4035.9,42,2,4035.8,17,1,4035.7,31,2,4035.5,35,2,4036.9,42,1,4037.0,1,1,4037.1,42,1,4037.6,16,1,4037.7,49,1
11483,2026-07-02 14:31:45+05:30,4036.1,8,4034.39,1826239,175705.0,164485.0,4100.0,4110.0,4012.0,4092.6,25768925,4501.8,3683.4,4440.0,3288.1,4036.1,13,1,4035.9,42,2,4035.8,17,1,4035.7,31,2,4035.5,35,2,4036.9,42,1,4037.0,1,1,4037.1,42,1,4037.6,16,1,4037.7,49,1
11483,2026-07-02 14:31:45+05:30,4036.8,33,4034.39,1826280,175554.0,164400.0,4100.0,4110.0,4012.0,4092.6,25768925,4501.8,3683.4,4440.0,3288.1,4036.6,2,2,4035.9,29,1,4035.7,3,1,4035.5,29,2,4035.4,151,4,4036.8,9,1,4036.9,2,1,4037.0,43,2,4037.6,16,1,4037.7,50,1
11483,2026-07-02 14:31:46+05:30,4037.7,25,4034.39,1826280,175554.0,164400.0,4100.0,4110.0,4012.0,4092.6,25768925,4501.8,3683.4,4440.0,3288.1,4036.6,2,2,4035.9,29,1,4035.7,3,1,4035.5,29,2,4035.4,151,4,4036.8,9,1,4036.9,2,1,4037.0,43,2,4037.6,16,1,4037.7,50,1
11483,2026-07-02 14:31:46+05:30,4037.7,25,4034.39,1826410,175344.0,164235.0,4100.0,4110.0,4012.0,4092.6,25768925,4501.8,3683.4,4440.0,3288.1,4036.8,1,1,4036.0,34,1,4035.9,29,1,4035.8,62,3,4035.7,24,1,4037.7,24,2,4037.8,49,2,4037.9,34,2,4038.0,8,2,4038.1,71,2
11483,2026-07-02 14:31:47+05:30,4036.8,1,4034.39,1826410,175344.0,164235.0,4100.0,4110.0,4012.0,4092.6,25768925,4501.8,3683.4,4440.0,3288.1,4036.8,1,1,4036.0,34,1,4035.9,29,1,4035.8,62,3,4035.7,24,1,4037.7,24,2,4037.8,49,2,4037.9,34,2,4038.0,8,2,4038.1,71,2
11483,2026-07-02 14:31:47+05:30,4036.6,7,4034.39,1826425,173590.0,164747.0,4100.0,4110.0,4012.0,4092.6,25768925,4501.8,3683.4,4440.0,3288.1,4035.7,39,3,4035.6,28,2,4035.5,30,3,4035.4,148,2,4035.3,60,2,4036.6,35,1,4036.7,42,1,4036.8,1,1,4036.9,42,1,4037.0,37,1
11483,2026-07-02 14:31:48+05:30,4036.4,26,4034.39,1826425,173590.0,164747.0,4100.0,4110.0,4012.0,4092.6,25768925,4501.8,3683.4,4440.0,3288.1,4035.7,39,3,4035.6,28,2,4035.5,30,3,4035.4,148,2,4035.3,60,2,4036.6,35,1,4036.7,42,1,4036.8,1,1,4036.9,42,1,4037.0,37,1
11483,2026-07-02 14:31:48+05:30,4036.4,26,4034.39,1826453,175245.0,164781.0,4100.0,4110.0,4012.0,4092.6,25768925,4501.8,3683.4,4440.0,3288.1,4035.7,22,2,4035.5,2,1,4035.4,100,1,4035.3,108,3,4035.2,63,1,4036.4,16,1,4036.6,77,2,4036.8,1,1,4037.3,8,1,4037.4,40,2
11483,2026-07-02 14:31:49+05:30,4035.7,4,4034.39,1826453,175245.0,164781.0,4100.0,4110.0,4012.0,4092.6,25768925,4501.8,3683.4,4440.0,3288.1,4035.7,22,2,4035.5,2,1,4035.4,100,1,4035.3,108,3,4035.2,63,1,4036.4,16,1,4036.6,77,2,4036.8,1,1,4037.3,8,1,4037.4,40,2
11483,2026-07-02 14:31:49+05:30,4036.4,10,4034.39,1826467,175166.0,164713.0,4100.0,4110.0,4012.0,4092.6,25768925,4501.8,3683.4,4440.0,3288.1,4035.5,23,3,4035.4,100,1,4035.3,79,2,4035.2,63,1,4035.1,207,4,4036.4,6,1,4036.5,42,1,4036.6,35,1,4036.8,1,1,4037.3,46,2
11483,2026-07-02 14:31:50+05:30,4036.5,15,4034.39,1826467,175166.0,164713.0,4100.0,4110.0,4012.0,4092.6,25768925,4501.8,3683.4,4440.0,3288.1,4035.5,23,3,4035.4,100,1,4035.3,79,2,4035.2,63,1,4035.1,207,4,4036.4,6,1,4036.5,42,1,4036.6,35,1,4036.8,1,1,4037.3,46,2
11483,2026-07-02 14:31:50+05:30,4036.4,1,4034.39,1826490,175132.0,165257.0,4100.0,4110.0,4012.0,4092.6,25768925,4501.8,3683.4,4440.0,3288.1,4036.4,1,1,4035.5,9,2,4035.4,122,2,4035.3,67,2,4035.2,63,1,4036.5,27,1,4036.6,35,1,4036.8,1,1,4037.3,8,1,4037.4,30,2
11483,2026-07-02 14:31:51+05:30,4036.4,1,4034.39,1826490,175132.0,165257.0,4100.0,4110.0,4012.0,4092.6,25768925,4501.8,3683.4,4440.0,3288.1,4036.4,1,1,4035.5,9,2,4035.4,122,2,4035.3,67,2,4035.2,63,1,4036.5,27,1,4036.6,35,1,4036.8,1,1,4037.3,8,1,4037.4,30,2
11483,2026-07-02 14:31:51+05:30,4036.4,1,4034.39,1826492,175278.0,164916.0,4100.0,4110.0,4012.0,4092.6,25768925,4501.8,3683.4,4440.0,3288.1,4035.8,13,1,4035.7,28,2,4035.6,37,3,4035.5,49,4,4035.4,122,2,4036.4,1,1,4036.5,71,3,4036.6,35,1,4036.8,1,1,4037.3,8,1
11483,2026-07-02 14:31:52+05:30,4036.1,4,4034.39,1826665,175160.0,165515.0,4100.0,4110.0,4012.0,4092.6,25768925,4501.8,3683.4,4440.0,3288.1,4036.1,27,3,4035.9,29,1,4035.7,15,1,4035.5,12,2,4035.4,122,2,4036.4,17,1,4036.5,29,2,4036.6,35,1,4036.8,1,1,4037.2,72,2
11483,2026-07-02 14:31:53+05:30,4036.1,5,4034.39,1826665,175160.0,165515.0,4100.0,4110.0,4012.0,4092.6,25768925,4501.8,3683.4,4440.0,3288.1,4036.1,27,3,4035.9,29,1,4035.7,15,1,4035.5,12,2,4035.4,122,2,4036.4,17,1,4036.5,29,2,4036.6,35,1,4036.8,1,1,4037.2,72,2
11483,2026-07-02 14:31:53+05:30,4036.1,5,4034.39,1826686,175176.0,165661.0,4100.0,4110.0,4012.0,4092.6,25768925,4501.8,3683.4,4440.0,3288.1,4036.1,22,3,4035.9,29,1,4035.5,12,2,4035.4,100,1,4035.3,31,1,4036.4,17,1,4036.5,29,2,4036.6,35,1,4036.8,1,1,4037.2,72,2
11483,2026-07-02 14:31:54+05:30,4036.4,1,4034.39,1826686,175176.0,165661.0,4100.0,4110.0,4012.0,4092.6,25768925,4501.8,3683.4,4440.0,3288.1,4036.1,22,3,4035.9,29,1,4035.5,12,2,4035.4,100,1,4035.3,31,1,4036.4,17,1,4036.5,29,2,4036.6,35,1,4036.8,1,1,4037.2,72,2
11483,2026-07-02 14:31:54+05:30,4036.4,2,4034.39,1826695,175329.0,165756.0,4100.0,4110.0,4012.0,4092.6,25768925,4501.8,3683.4,4440.0,3288.1,4036.1,26,3,4035.9,29,1,4035.5,12,2,4035.4,100,1,4035.3,31,1,4036.4,13,2,4036.5,27,1,4036.6,35,1,4036.8,1,1,4037.2,72,2
11483,2026-07-02 14:31:55+05:30,4036.1,1,4034.39,1826695,175329.0,165756.0,4100.0,4110.0,4012.0,4092.6,25768925,4501.8,3683.4,4440.0,3288.1,4036.1,26,3,4035.9,29,1,4035.5,12,2,4035.4,100,1,4035.3,31,1,4036.4,13,2,4036.5,27,1,4036.6,35,1,4036.8,1,1,4037.2,72,2
11483,2026-07-02 14:31:55+05:30,4036.1,1,4034.39,1826697,175327.0,165776.0,4100.0,4110.0,4012.0,4092.6,25768925,4501.8,3683.4,4440.0,3288.1,4036.1,24,3,4035.9,29,1,4035.5,12,2,4035.4,100,1,4035.3,31,1,4036.4,13,2,4036.5,27,1,4036.6,35,1,4036.8,1,1,4037.2,48,1
11483,2026-07-02 14:31:56+05:30,4036.1,6,4034.39,1826697,175327.0,165776.0,4100.0,4110.0,4012.0,4092.6,25768925,4501.8,3683.4,4440.0,3288.1,4036.1,24,3,4035.9,29,1,4035.5,12,2,4035.4,100,1,4035.3,31,1,4036.4,13,2,4036.5,27,1,4036.6,35,1,4036.8,1,1,4037.2,48,1
11483,2026-07-02 14:31:56+05:30,4036.1,5,4034.39,1826709,175127.0,165792.0,4100.0,4110.0,4012.0,4092.6,25768925,4501.8,3683.4,4440.0,3288.1,4036.1,16,3,4035.9,29,1,4035.5,1,1,4035.4,100,1,4035.3,31,1,4036.4,13,2,4036.5,27,1,4036.6,35,1,4036.8,1,1,4037.2,76,2
11483,2026-07-02 14:31:57+05:30,4036.4,2,4034.39,1826709,175127.0,165792.0,4100.0,4110.0,4012.0,4092.6,25768925,4501.8,3683.4,4440.0,3288.1,4036.1,16,3,4035.9,29,1,4035.5,1,1,4035.4,100,1,4035.3,31,1,4036.4,13,2,4036.5,27,1,4036.6,35,1,4036.8,1,1,4037.2,76,2
11483,2026-07-02 14:31:57+05:30,4036.4,2,4034.39,1826714,174781.0,165358.0,4100.0,4110.0,4012.0,4092.6,25768925,4501.8,3683.4,4440.0,3288.1,4036.2,1,1,4036.1,13,3,4035.9,29,1,4035.6,24,1,4035.5,1,1,4036.8,1,1,4037.2,48,1,4037.3,15,1,4037.4,2,1,4037.5,48,1
11483,2026-07-02 14:31:58+05:30,4036.1,9,4034.39,1826714,174781.0,165358.0,4100.0,4110.0,4012.0,4092.6,25768925,4501.8,3683.4,4440.0,3288.1,4036.2,1,1,4036.1,13,3,4035.9,29,1,4035.6,24,1,4035.5,1,1,4036.8,1,1,4037.2,48,1,4037.3,15,1,4037.4,2,1,4037.5,48,1
11483,2026-07-02 14:31:58+05:30,4036.1,9,4034.39,1826765,174932.0,165930.0,4100.0,4110.0,4012.0,4092.6,25768925,4501.8,3683.4,4440.0,3288.1,4036.5,15,3,4035.9,29,1,4035.5,39,2,4035.4,125,3,4035.3,69,2,4036.8,2,2,4037.3,15,1,4037.4,2,1,4037.5,58,2,4037.6,51,2
11483,2026-07-02 14:31:59+05:30,4037.3,7,4034.39,1826765,174932.0,165930.0,4100.0,4110.0,4012.0,4092.6,25768925,4501.8,3683.4,4440.0,3288.1,4036.5,15,3,4035.9,29,1,4035.5,39,2,4035.4,125,3,4035.3,69,2,4036.8,2,2,4037.3,15,1,4037.4,2,1,4037.5,58,2,4037.6,51,2
11483,2026-07-02 14:31:59+05:30,4036.5,1,4034.39,1826789,174999.0,165688.0,4100.0,4110.0,4012.0,4092.6,25768925,4501.8,3683.4,4440.0,3288.1,4036.5,8,2,4035.9,29,1,4035.6,7,1,4035.5,22,3,4035.4,130,3,4036.8,1,1,4037.3,6,1,4037.5,48,1,4037.6,2,1,4037.8,52,3
11483,2026-07-02 14:32:00+05:30,4037.9,10,4034.39,1826789,174999.0,165688.0,4100.0,4110.0,4012.0,4092.6,25768925,4501.8,3683.4,4440.0,3288.1,4036.5,8,2,4035.9,29,1,4035.6,7,1,4035.5,22,3,4035.4,130,3,4036.8,1,1,4037.3,6,1,4037.5,48,1,4037.6,2,1,4037.8,52,3
11483,2026-07-02 14:32:00+05:30,4037.9,10,4034.39,1827008,175131.0,165949.0,4100.0,4110.0,4012.0,4092.6,25768925,4501.8,3683.4,4440.0,3288.1,4036.5,21,2,4035.5,55,3,4035.4,112,2,4035.3,72,3,4035.2,97,3,4037.4,84,4,4037.5,66,4,4037.6,46,3,4037.7,85,5,4037.8,49,4
11483,2026-07-02 14:32:01+05:30,4037.3,3,4034.39,1827008,175131.0,165949.0,4100.0,4110.0,4012.0,4092.6,25768925,4501.8,3683.4,4440.0,3288.1,4036.5,21,2,4035.5,55,3,4035.4,112,2,4035.3,72,3,4035.2,97,3,4037.4,84,4,4037.5,66,4,4037.6,46,3,4037.7,85,5,4037.8,49,4
11483,2026-07-02 14:32:01+05:30,4037.3,8,4034.39,1827155,174956.0,165892.0,4100.0,4110.0,4012.0,4092.6,25768925,4501.8,3683.4,4440.0,3288.1,4036.5,2,1,4035.6,52,2,4035.5,57,5,4035.4,112,2,4035.3,54,2,4037.5,19,2,4037.6,22,2,4037.7,106,5,4037.8,11,2,4037.9,57,3
11483,2026-07-02 14:32:02+05:30,4037.4,1,4034.39,1827155,174956.0,165892.0,4100.0,4110.0,4012.0,4092.6,25768925,4501.8,3683.4,4440.0,3288.1,4036.5,2,1,4035.6,52,2,4035.5,57,5,4035.4,112,2,4035.3,54,2,4037.5,19,2,4037.6,22,2,4037.7,106,5,4037.8,11,2,4037.9,57,3
11483,2026-07-02 14:32:02+05:30,4037.4,1,4034.39,1827184,175019.0,166159.0,4100.0,4110.0,4012.0,4092.6,25768925,4501.8,3683.4,4440.0,3288.1,4036.5,4,1,4035.6,52,2,4035.5,54,4,4035.4,112,2,4035.3,58,4,4037.4,42,3,4037.5,65,4,4037.6,46,3,4037.7,84,4,4037.8,33,4
11483,2026-07-02 14:32:03+05:30,4036.5,5,4034.39,1827184,175019.0,166159.0,4100.0,4110.0,4012.0,4092.6,25768925,4501.8,3683.4,4440.0,3288.1,4036.5,4,1,4035.6,52,2,4035.5,54,4,4035.4,112,2,4035.3,58,4,4037.4,42,3,4037.5,65,4,4037.6,46,3,4037.7,84,4,4037.8,33,4
11483,2026-07-02 14:32:03+05:30,4036.5,5,4034.39,1827192,174995.0,166432.0,4100.0,4110.0,4012.0,4092.6,25768925,4501.8,3683.4,4440.0,3288.1,4036.5,4,1,4035.6,49,1,4035.5,23,3,4035.4,135,3,4035.3,92,4,4037.4,43,4,4037.5,65,4,4037.6,49,4,4037.7,284,5,4037.8,43,4
11483,2026-07-02 14:32:04+05:30,4035.7,2,4034.39,1827192,174995.0,166432.0,4100.0,4110.0,4012.0,4092.6,25768925,4501.8,3683.4,4440.0,3288.1,4036.5,4,1,4035.6,49,1,4035.5,23,3,4035.4,135,3,4035.3,92,4,4037.4,43,4,4037.5,65,4,4037.6,49,4,4037.7,284,5,4037.8,43,4
11483,2026-07-02 14:32:04+05:30,4037.3,40,4034.39,1827287,175636.0,166002.0,4100.0,4110.0,4012.0,4092.6,25768925,4501.8,3683.4,4440.0,3288.1,4037.3,16,1,4035.9,23,1,4035.8,11,1,4035.7,31,3,4035.6,34,1,4037.5,18,1,4037.6,72,6,4037.7,244,5,4037.8,22,3,4037.9,76,5
11483,2026-07-02 14:32:05+05:30,4037.2,10,4034.39,1827287,175636.0,166002.0,4100.0,4110.0,4012.0,4092.6,25768925,4501.8,3683.4,4440.0,3288.1,4037.3,16,1,4035.9,23,1,4035.8,11,1,4035.7,31,3,4035.6,34,1,4037.5,18,1,4037.6,72,6,4037.7,244,5,4037.8,22,3,4037.9,76,5
11483,2026-07-02 14:32:05+05:30,4037.2,10,4034.39,1827409,174574.0,166023.0,4100.0,4110.0,4012.0,4092.6,25768925,4501.8,3683.4,4440.0,3288.1,4035.6,46,3,4035.5,61,5,4035.4,100,1,4035.3,64,3,4035.2,127,3,4037.2,14,1,4037.3,40,3,4037.4,38,2,4037.5,47,5,4037.6,42,4
11483,2026-07-02 14:32:06+05:30,4036.7,1,4034.39,1827409,174574.0,166023.0,4100.0,4110.0,4012.0,4092.6,25768925,4501.8,3683.4,4440.0,3288.1,4035.6,46,3,4035.5,61,5,4035.4,100,1,4035.3,64,3,4035.2,127,3,4037.2,14,1,4037.3,40,3,4037.4,38,2,4037.5,47,5,4037.6,42,4
11483,2026-07-02 14:32:06+05:30,4036.7,1,4034.39,1827431,174249.0,167868.0,4100.0,4110.0,4012.0,4092.6,25768925,4501.8,3683.4,4440.0,3288.1,4035.5,1,1,4035.4,100,1,4035.3,32,2,4035.2,63,1,4035.0,2,2,4036.7,86,3,4036.8,127,5,4036.9,94,5,4037.0,128,4,4037.1,166,5
11483,2026-07-02 14:32:07+05:30,4036.7,1,4034.39,1827431,174249.0,167868.0,4100.0,4110.0,4012.0,4092.6,25768925,4501.8,3683.4,4440.0,3288.1,4035.5,1,1,4035.4,100,1,4035.3,32,2,4035.2,63,1,4035.0,2,2,4036.7,86,3,4036.8,127,5,4036.9,94,5,4037.0,128,4,4037.1,166,5
11483,2026-07-02 14:32:07+05:30,4036.7,1,4034.39,1827435,174693.0,167847.0,4100.0,4110.0,4012.0,4092.6,25768925,4501.8,3683.4,4440.0,3288.1,4036.1,1,1,4035.4,100,1,4035.3,1,1,4035.2,63,1,4035.0,52,3,4036.7,32,3,4036.8,47,2,4036.9,49,1,4037.0,80,4,4037.1,129,4
11483,2026-07-02 14:32:08+05:30,4037.2,6,4034.39,1827435,174693.0,167847.0,4100.0,4110.0,4012.0,4092.6,25768925,4501.8,3683.4,4440.0,3288.1,4036.1,1,1,4035.4,100,1,4035.3,1,1,4035.2,63,1,4035.0,52,3,4036.7,32,3,4036.8,47,2,4036.9,49,1,4037.0,80,4,4037.1,129,4
11483,2026-07-02 14:32:08+05:30,4037.2,6,4034.39,1827585,175470.0,167093.0,4100.0,4110.0,4012.0,4092.6,25768925,4501.8,3683.4,4440.0,3288.1,4036.7,3,1,4036.1,2,2,4036.0,22,1,4035.9,39,2,4035.8,73,2,4037.3,6,2,4037.4,13,1,4037.7,215,2,4037.9,54,2,4038.0,459,9
11483,2026-07-02 14:32:09+05:30,4037.3,1,4034.39,1827585,175470.0,167093.0,4100.0,4110.0,4012.0,4092.6,25768925,4501.8,3683.4,4440.0,3288.1,4036.7,3,1,4036.1,2,2,4036.0,22,1,4035.9,39,2,4035.8,73,2,4037.3,6,2,4037.4,13,1,4037.7,215,2,4037.9,54,2,4038.0,459,9
11483,2026-07-02 14:32:09+05:30,4037.3,1,4034.39,1828104,175278.0,166567.0,4100.0,4110.0,4012.0,4092.6,25768925,4501.8,3683.4,4440.0,3288.1,4036.3,37,3,4036.1,39,2,4036.0,67,3,4035.8,68,2,4035.7,55,3,4037.3,5,1,4037.4,13,1,4037.7,215,2,4038.0,447,8,4038.1,4,2
11483,2026-07-02 14:32:10+05:30,4036.4,1,4034.39,1828104,175278.0,166567.0,4100.0,4110.0,4012.0,4092.6,25768925,4501.8,3683.4,4440.0,3288.1,4036.3,37,3,4036.1,39,2,4036.0,67,3,4035.8,68,2,4035.7,55,3,4037.3,5,1,4037.4,13,1,4037.7,215,2,4038.0,447,8,4038.1,4,2
11483,2026-07-02 14:32:10+05:30,4037.0,85,4034.39,1828305,175422.0,166895.0,4100.0,4110.0,4012.0,4092.6,25768925,4501.8,3683.4,4440.0,3288.1,4036.3,39,4,4036.2,43,2,4036.1,24,1,4036.0,99,4,4035.8,6,1,4037.0,15,1,4037.6,16,1,4037.7,215,2,4037.8,13,1,4037.9,50,1
11483,2026-07-02 14:32:11+05:30,4037.0,10,4034.39,1828305,175422.0,166895.0,4100.0,4110.0,4012.0,4092.6,25768925,4501.8,3683.4,4440.0,3288.1,4036.3,39,4,4036.2,43,2,4036.1,24,1,4036.0,99,4,4035.8,6,1,4037.0,15,1,4037.6,16,1,4037.7,215,2,4037.8,13,1,4037.9,50,1
11483,2026-07-02 14:32:11+05:30,4037.0,10,4034.39,1828357,176620.0,166166.0,4100.0,4110.0,4012.0,4092.6,25768925,4501.8,3683.4,4440.0,3288.1,4036.9,24,3,4036.8,78,3,4036.7,35,3,4036.6,8,1,4036.5,374,2,4037.7,215,2,4037.8,13,1,4038.0,335,6,4038.1,1,1,4038.4,55,2
11483,2026-07-02 14:32:12+05:30,4037.1,15,4034.39,1828357,176620.0,166166.0,4100.0,4110.0,4012.0,4092.6,25768925,4501.8,3683.4,4440.0,3288.1,4036.9,24,3,4036.8,78,3,4036.7,35,3,4036.6,8,1,4036.5,374,2,4037.7,215,2,4037.8,13,1,4038.0,335,6,4038.1,1,1,4038.4,55,2
11483,2026-07-02 14:32:12+05:30,4037.1,15,4034.39,1828380,176597.0,166064.0,4100.0,4110.0,4012.0,4092.6,25768925,4501.8,3683.4,4440.0,3288.1,4037.2,13,1,4037.1,26,2,4037.0,17,3,4036.9,41,4,4036.8,65,2,4037.7,215,3,4037.8,28,2,4038.0,335,6,4038.1,1,1,4038.4,55,2
11483,2026-07-02 14:32:13+05:30,4037.2,3,4034.39,1828380,176597.0,166064.0,4100.0,4110.0,4012.0,4092.6,25768925,4501.8,3683.4,4440.0,3288.1,4037.2,13,1,4037.1,26,2,4037.0,17,3,4036.9,41,4,4036.8,65,2,4037.7,215,3,4037.8,28,2,4038.0,335,6,4038.1,1,1,4038.4,55,2
11483,2026-07-02 14:32:13+05:30,4037.2,3,4034.39,1828383,176575.0,166065.0,4100.0,4110.0,4012.0,4092.6,25768925,4501.8,3683.4,4440.0,3288.1,4037.2,10,1,4037.1,26,2,4037.0,17,3,4036.9,16,3,4036.8,65,2,4037.7,215,3,4037.8,28,2,4038.0,335,6,4038.1,1,1,4038.4,55,2
11483,2026-07-02 14:32:14+05:30,4037.7,1,4034.39,1828383,176575.0,166065.0,4100.0,4110.0,4012.0,4092.6,25768925,4501.8,3683.4,4440.0,3288.1,4037.2,10,1,4037.1,26,2,4037.0,17,3,4036.9,16,3,4036.8,65,2,4037.7,215,3,4037.8,28,2,4038.0,335,6,4038.1,1,1,4038.4,55,2
11483,2026-07-02 14:32:14+05:30,4037.7,8,4034.39,1828631,177031.0,165231.0,4100.0,4110.0,4012.0,4092.6,25768925,4501.8,3683.4,4440.0,3288.1,4037.6,27,3,4037.5,17,2,4037.4,24,1,4037.2,3,1,4037.1,47,3,4037.8,28,2,4038.0,335,6,4038.1,1,1,4038.4,55,2,4038.5,10,1
11483,2026-07-02 14:32:15+05:30,4037.4,4,4034.39,1828631,177031.0,165231.0,4100.0,4110.0,4012.0,4092.6,25768925,4501.8,3683.4,4440.0,3288.1,4037.6,27,3,4037.5,17,2,4037.4,24,1,4037.2,3,1,4037.1,47,3,4037.8,28,2,4038.0,335,6,4038.1,1,1,4038.4,55,2,4038.5,10,1
11483,2026-07-02 14:32:15+05:30,4037.4,4,4034.39,1828677,177062.0,165307.0,4100.0,4110.0,4012.0,4092.6,25768925,4501.8,3683.4,4440.0,3288.1,4037.4,35,4,4037.3,13,1,4037.2,13,1,4037.1,63,4,4037.0,26,2,4037.8,15,1,4038.0,335,6,4038.1,1,1,4038.2,11,1,4038.4,55,2
11483,2026-07-02 14:32:16+05:30,4037.5,12,4034.39,1828677,177062.0,165307.0,4100.0,4110.0,4012.0,4092.6,25768925,4501.8,3683.4,4440.0,3288.1,4037.4,35,4,4037.3,13,1,4037.2,13,1,4037.1,63,4,4037.0,26,2,4037.8,15,1,4038.0,335,6,4038.1,1,1,4038.2,11,1,4038.4,55,2
11483,2026-07-02 14:32:16+05:30,4037.8,1,4034.39,1828714,177102.0,165257.0,4100.0,4110.0,4012.0,4092.6,25768925,4501.8,3683.4,4440.0,3288.1,4037.6,12,1,4037.5,18,2,4037.4,21,2,4037.3,13,1,4037.1,36,2,4037.8,8,1,4038.0,310,5,4038.1,1,1,4038.2,11,1,4038.4,55,2
11483,2026-07-02 14:32:17+05:30,4037.6,5,4034.39,1828714,177102.0,165257.0,4100.0,4110.0,4012.0,4092.6,25768925,4501.8,3683.4,4440.0,3288.1,4037.6,12,1,4037.5,18,2,4037.4,21,2,4037.3,13,1,4037.1,36,2,4037.8,8,1,4038.0,310,5,4038.1,1,1,4038.2,11,1,4038.4,55,2
11483,2026-07-02 14:32:17+05:30,4036.8,4,4034.39,1828798,177040.0,165413.0,4100.0,4110.0,4012.0,4092.6,25768925,4501.8,3683.4,4440.0,3288.1,4036.8,37,1,4036.7,8,1,4036.6,73,3,4036.5,426,3,4036.4,237,4,4038.0,294,2,4038.1,1,1,4038.2,12,1,4038.4,55,2,4038.5,10,1
11483,2026-07-02 14:32:18+05:30,4036.8,5,4034.39,1828798,177040.0,165413.0,4100.0,4110.0,4012.0,4092.6,25768925,4501.8,3683.4,4440.0,3288.1,4036.8,37,1,4036.7,8,1,4036.6,73,3,4036.5,426,3,4036.4,237,4,4038.0,294,2,4038.1,1,1,4038.2,12,1,4038.4,55,2,4038.5,10,1
11483,2026-07-02 14:32:18+05:30,4037.7,1,4034.39,1828830,176849.0,165508.0,4100.0,4110.0,4012.0,4092.6,25768925,4501.8,3683.4,4440.0,3288.1,4036.8,21,1,4036.7,8,1,4036.6,43,2,4036.5,350,1,4036.4,276,5,4037.7,1,1,4038.0,294,2,4038.1,1,1,4038.2,12,1,4038.4,55,2
11483,2026-07-02 14:32:19+05:30,4037.2,10,4034.39,1828830,176849.0,165508.0,4100.0,4110.0,4012.0,4092.6,25768925,4501.8,3683.4,4440.0,3288.1,4036.8,21,1,4036.7,8,1,4036.6,43,2,4036.5,350,1,4036.4,276,5,4037.7,1,1,4038.0,294,2,4038.1,1,1,4038.2,12,1,4038.4,55,2
11483,2026-07-02 14:32:19+05:30,4037.2,10,4034.39,1828847,177052.0,165208.0,4100.0,4110.0,4012.0,4092.6,25768925,4501.8,3683.4,4440.0,3288.1,4037.2,13,1,4037.1,38,2,4037.0,58,5,4036.8,38,2,4036.7,63,3,4037.7,1,1,4038.0,294,2,4038.1,1,1,4038.2,12,1,4038.4,55,2
11483,2026-07-02 14:32:20+05:30,4038.0,2,4034.39,1828847,177052.0,165208.0,4100.0,4110.0,4012.0,4092.6,25768925,4501.8,3683.4,4440.0,3288.1,4037.2,13,1,4037.1,38,2,4037.0,58,5,4036.8,38,2,4036.7,63,3,4037.7,1,1,4038.0,294,2,4038.1,1,1,4038.2,12,1,4038.4,55,2
11483,2026-07-02 14:32:20+05:30,4038.0,2,4034.39,1829128,177256.0,165122.0,4100.0,4110.0,4012.0,4092.6,25768925,4501.8,3683.4,4440.0,3288.1,4037.4,13,1,4037.3,51,3,4037.2,25,3,4037.1,44,3,4037.0,217,3,4037.7,1,1,4038.0,16,1,4038.1,1,1,4038.2,38,2,4038.3,26,1
11483,2026-07-02 14:32:21+05:30,4038.2,2,4034.39,1829128,177256.0,165122.0,4100.0,4110.0,4012.0,4092.6,25768925,4501.8,3683.4,4440.0,3288.1,4037.4,13,1,4037.3,51,3,4037.2,25,3,4037.1,44,3,4037.0,217,3,4037.7,1,1,4038.0,16,1,4038.1,1,1,4038.2,38,2,4038.3,26,1
11483,2026-07-02 14:32:21+05:30,4038.2,10,4034.39,1829441,177446.0,164416.0,4100.0,4110.0,4012.0,4092.6,25768925,4501.8,3683.4,4440.0,3288.1,4037.7,3,1,4037.5,11,2,4037.3,38,2,4037.1,42,1,4037.0,212,3,4038.2,28,2,4038.3,26,1,4038.4,55,2,4038.5,10,1,4038.7,23,3
11483,2026-07-02 14:32:22+05:30,4038.0,6,4034.39,1829441,177446.0,164416.0,4100.0,4110.0,4012.0,4092.6,25768925,4501.8,3683.4,4440.0,3288.1,4037.7,3,1,4037.5,11,2,4037.3,38,2,4037.1,42,1,4037.0,212,3,4038.2,28,2,4038.3,26,1,4038.4,55,2,4038.5,10,1,4038.7,23,3
11483,2026-07-02 14:32:22+05:30,4038.0,2,4034.39,1829662,177547.0,163441.0,4100.0,4110.0,4012.0,4092.6,25768925,4501.8,3683.4,4440.0,3288.1,4038.0,5,1,4037.8,37,2,4037.7,65,3,4037.6,270,4,4037.5,19,3,4038.2,1,1,4038.3,26,1,4038.4,55,2,4038.5,10,1,4038.7,23,3
11483,2026-07-02 14:32:23+05:30,4038.5,10,4034.39,1829662,177547.0,163441.0,4100.0,4110.0,4012.0,4092.6,25768925,4501.8,3683.4,4440.0,3288.1,4038.0,5,1,4037.8,37,2,4037.7,65,3,4037.6,270,4,4037.5,19,3,4038.2,1,1,4038.3,26,1,4038.4,55,2,4038.5,10,1,4038.7,23,3
11483,2026-07-02 14:32:23+05:30,4038.5,15,4034.4,1830100,178016.0,163515.0,4100.0,4110.0,4012.0,4092.6,25768925,4501.8,3683.4,4440.0,3288.1,4038.5,116,4,4038.0,11,1,4037.6,30,2,4037.5,47,2,4037.4,53,2,4038.7,22,3,4038.8,60,2,4038.9,38,5,4039.0,160,6,4039.5,53,4
11483,2026-07-02 14:32:24+05:30,4039.0,10,4034.4,1830100,178016.0,163515.0,4100.0,4110.0,4012.0,4092.6,25768925,4501.8,3683.4,4440.0,3288.1,4038.5,116,4,4038.0,11,1,4037.6,30,2,4037.5,47,2,4037.4,53,2,4038.7,22,3,4038.8,60,2,4038.9,38,5,4039.0,160,6,4039.5,53,4
11483,2026-07-02 14:32:24+05:30,4039.5,10,4034.4,1830503,179229.0,162279.0,4100.0,4110.0,4012.0,4092.6,25768925,4501.8,3683.4,4440.0,3288.1,4039.0,51,1,4038.7,1,1,4038.6,8,1,4038.5,128,4,4038.1,52,2,4039.5,41,3,4039.6,320,1,4039.9,55,3,4040.0,1208,13,4040.1,47,2
11483,2026-07-02 14:32:25+05:30,4039.0,15,4034.4,1830503,179229.0,162279.0,4100.0,4110.0,4012.0,4092.6,25768925,4501.8,3683.4,4440.0,3288.1,4039.0,51,1,4038.7,1,1,4038.6,8,1,4038.5,128,4,4038.1,52,2,4039.5,41,3,4039.6,320,1,4039.9,55,3,4040.0,1208,13,4040.1,47,2
11483,2026-07-02 14:32:25+05:30,4039.0,25,4034.4,1830593,179302.0,162371.0,4100.0,4110.0,4012.0,4092.6,25768925,4501.8,3683.4,4440.0,3288.1,4039.0,27,1,4038.7,1,1,4038.5,115,3,4038.1,42,2,4038.0,49,2,4039.5,41,3,4039.6,320,1,4039.8,3,1,4039.9,93,4,4040.0,1206,12
11483,2026-07-02 14:32:26+05:30,4039.0,16,4034.4,1830593,179302.0,162371.0,4100.0,4110.0,4012.0,4092.6,25768925,4501.8,3683.4,4440.0,3288.1,4039.0,27,1,4038.7,1,1,4038.5,115,3,4038.1,42,2,4038.0,49,2,4039.5,41,3,4039.6,320,1,4039.8,3,1,4039.9,93,4,4040.0,1206,12
11483,2026-07-02 14:32:26+05:30,4039.6,206,4034.4,1831029,179257.0,162221.0,4100.0,4110.0,4012.0,4092.6,25768925,4501.8,3683.4,4440.0,3288.1,4039.0,52,2,4038.7,1,1,4038.5,115,3,4038.0,99,3,4037.8,42,1,4039.6,114,1,4039.8,3,1,4039.9,55,3,4040.0,1204,11,4040.1,47,2
11483,2026-07-02 14:32:27+05:30,4039.6,101,4034.4,1831029,179257.0,162221.0,4100.0,4110.0,4012.0,4092.6,25768925,4501.8,3683.4,4440.0,3288.1,4039.0,52,2,4038.7,1,1,4038.5,115,3,4038.0,99,3,4037.8,42,1,4039.6,114,1,4039.8,3,1,4039.9,55,3,4040.0,1204,11,4040.1,47,2
11483,2026-07-02 14:32:27+05:30,4039.3,1,4034.4,1831186,178616.0,162071.0,4100.0,4110.0,4012.0,4092.6,25768925,4501.8,3683.4,4440.0,3288.1,4039.0,40,3,4038.5,115,3,4038.4,46,2,4038.2,27,1,4038.1,38,2,4039.6,11,1,4039.9,55,3,4040.0,1207,12,4040.1,15,1,4040.2,51,3
11483,2026-07-02 14:32:28+05:30,4039.0,19,4034.4,1831186,178616.0,162071.0,4100.0,4110.0,4012.0,4092.6,25768925,4501.8,3683.4,4440.0,3288.1,4039.0,40,3,4038.5,115,3,4038.4,46,2,4038.2,27,1,4038.1,38,2,4039.6,11,1,4039.9,55,3,4040.0,1207,12,4040.1,15,1,4040.2,51,3
11483,2026-07-02 14:32:28+05:30,4039.6,8,4034.4,1831213,178576.0,162237.0,4100.0,4110.0,4012.0,4092.6,25768925,4501.8,3683.4,4440.0,3288.1,4039.0,362,3,4038.5,115,3,4038.4,69,2,4038.2,27,1,4038.1,9,1,4039.6,5,2,4039.9,55,3,4040.0,1204,11,4040.1,15,1,4040.2,8,2
11483,2026-07-02 14:32:29+05:30,4039.0,3,4034.4,1831213,178576.0,162237.0,4100.0,4110.0,4012.0,4092.6,25768925,4501.8,3683.4,4440.0,3288.1,4039.0,362,3,4038.5,115,3,4038.4,69,2,4038.2,27,1,4038.1,9,1,4039.6,5,2,4039.9,55,3,4040.0,1204,11,4040.1,15,1,4040.2,8,2
11483,2026-07-02 14:32:29+05:30,4040.1,5,4034.4,1832628,179689.0,159642.0,4100.0,4110.0,4012.0,4092.6,25768925,4501.8,3683.4,4440.0,3288.1,4040.1,17,3,4040.0,9,1,4039.7,60,3,4039.6,119,1,4039.5,25,2,4041.0,166,5,4041.3,15,1,4041.5,2,1,4041.6,13,1,4041.7,2,1
11483,2026-07-02 14:32:30+05:30,4040.1,4,4034.4,1832628,179689.0,159642.0,4100.0,4110.0,4012.0,4092.6,25768925,4501.8,3683.4,4440.0,3288.1,4040.1,17,3,4040.0,9,1,4039.7,60,3,4039.6,119,1,4039.5,25,2,4041.0,166,5,4041.3,15,1,4041.5,2,1,4041.6,13,1,4041.7,2,1
11483,2026-07-02 14:32:30+05:30,4040.1,4,4034.4,1832628,179689.0,159642.0,4100.0,4110.0,4012.0,4092.6,25768925,4501.8,3683.4,4440.0,3288.1,4040.1,17,3,4040.0,9,1,4039.7,60,3,4039.6,119,1,4039.5,25,2,4041.0,166,5,4041.3,15,1,4041.5,2,1,4041.6,13,1,4041.7,2,1
11483,2026-07-02 14:32:30+05:30,4040.1,103,4034.4,1832798,179955.0,160219.0,4100.0,4110.0,4012.0,4092.6,25768925,4501.8,3683.4,4440.0,3288.1,4040.2,14,1,4040.1,36,3,4040.0,36,3,4039.7,10,1,4039.6,119,1,4041.0,166,5,4041.3,15,1,4041.5,50,1,4041.6,13,1,4041.7,2,1
11483,2026-07-02 14:32:31+05:30,4040.1,103,4034.4,1832798,179955.0,160219.0,4100.0,4110.0,4012.0,4092.6,25768925,4501.8,3683.4,4440.0,3288.1,4040.2,14,1,4040.1,36,3,4040.0,36,3,4039.7,10,1,4039.6,119,1,4041.0,166,5,4041.3,15,1,4041.5,50,1,4041.6,13,1,4041.7,2,1
11483,2026-07-02 14:32:31+05:30,4041.0,3,4034.4,1832798,179955.0,160219.0,4100.0,4110.0,4012.0,4092.6,25768925,4501.8,3683.4,4440.0,3288.1,4040.2,14,1,4040.1,36,3,4040.0,36,3,4039.7,10,1,4039.6,119,1,4041.0,166,5,4041.3,15,1,4041.5,50,1,4041.6,13,1,4041.7,2,1
11483,2026-07-02 14:32:31+05:30,4041.0,3,4034.4,1832798,179955.0,160219.0,4100.0,4110.0,4012.0,4092.6,25768925,4501.8,3683.4,4440.0,3288.1,4040.2,14,1,4040.1,36,3,4040.0,36,3,4039.7,10,1,4039.6,119,1,4041.0,166,5,4041.3,15,1,4041.5,50,1,4041.6,13,1,4041.7,2,1
11483,2026-07-02 14:32:32+05:30,4041.0,27,4034.4,1832921,180042.0,159871.0,4100.0,4110.0,4012.0,4092.6,25768925,4501.8,3683.4,4440.0,3288.1,4040.5,13,1,4040.4,64,7,4040.3,41,4,4040.2,17,2,4040.1,17,1,4041.0,63,4,4041.3,15,1,4041.7,2,1,4041.8,50,1,4041.9,14,2
11483,2026-07-02 14:32:32+05:30,4040.7,1,4034.4,1832921,180042.0,159871.0,4100.0,4110.0,4012.0,4092.6,25768925,4501.8,3683.4,4440.0,3288.1,4040.5,13,1,4040.4,64,7,4040.3,41,4,4040.2,17,2,4040.1,17,1,4041.0,63,4,4041.3,15,1,4041.7,2,1,4041.8,50,1,4041.9,14,2
11483,2026-07-02 14:32:32+05:30,4040.7,1,4034.4,1832921,180042.0,159871.0,4100.0,4110.0,4012.0,4092.6,25768925,4501.8,3683.4,4440.0,3288.1,4040.5,13,1,4040.4,64,7,4040.3,41,4,4040.2,17,2,4040.1,17,1,4041.0,63,4,4041.3,15,1,4041.7,2,1,4041.8,50,1,4041.9,14,2
11483,2026-07-02 14:32:33+05:30,4041.3,10,4034.4,1833011,179392.0,160157.0,4100.0,4110.0,4012.0,4092.6,25768925,4501.8,3683.4,4440.0,3288.1,4041.0,65,4,4040.4,1,1,4040.3,10,1,4040.0,9,1,4039.9,2,1,4041.1,13,1,4041.3,5,1,4041.6,13,1,4041.7,29,3,4041.8,50,1
11483,2026-07-02 14:32:33+05:30,4041.1,10,4034.4,1833011,179392.0,160157.0,4100.0,4110.0,4012.0,4092.6,25768925,4501.8,3683.4,4440.0,3288.1,4041.0,65,4,4040.4,1,1,4040.3,10,1,4040.0,9,1,4039.9,2,1,4041.1,13,1,4041.3,5,1,4041.6,13,1,4041.7,29,3,4041.8,50,1
11483,2026-07-02 14:32:33+05:30,4041.1,10,4034.4,1833011,179392.0,160157.0,4100.0,4110.0,4012.0,4092.6,25768925,4501.8,3683.4,4440.0,3288.1,4041.0,65,4,4040.4,1,1,4040.3,10,1,4040.0,9,1,4039.9,2,1,4041.1,13,1,4041.3,5,1,4041.6,13,1,4041.7,29,3,4041.8,50,1
11483,2026-07-02 14:32:33+05:30,4041.3,1,4034.4,1833090,179948.0,160405.0,4100.0,4110.0,4012.0,4092.6,25768925,4501.8,3683.4,4440.0,3288.1,4041.0,247,5,4040.4,1,1,4040.3,10,1,4040.0,9,1,4039.9,2,1,4041.3,4,1,4041.4,31,2,4041.7,38,2,4041.8,50,1,4041.9,48,4
11483,2026-07-02 14:32:33+05:30,4041.3,1,4034.4,1833090,179948.0,160405.0,4100.0,4110.0,4012.0,4092.6,25768925,4501.8,3683.4,4440.0,3288.1,4041.0,247,5,4040.4,1,1,4040.3,10,1,4040.0,9,1,4039.9,2,1,4041.3,4,1,4041.4,31,2,4041.7,38,2,4041.8,50,1,4041.9,48,4
11483,2026-07-02 14:32:34+05:30,4041.3,1,4034.4,1833090,179948.0,160405.0,4100.0,4110.0,4012.0,4092.6,25768925,4501.8,3683.4,4440.0,3288.1,4041.0,247,5,4040.4,1,1,4040.3,10,1,4040.0,9,1,4039.9,2,1,4041.3,4,1,4041.4,31,2,4041.7,38,2,4041.8,50,1,4041.9,48,4
11483,2026-07-02 14:32:34+05:30,4041.0,13,4034.4,1833090,179948.0,160405.0,4100.0,4110.0,4012.0,4092.6,25768925,4501.8,3683.4,4440.0,3288.1,4041.0,247,5,4040.4,1,1,4040.3,10,1,4040.0,9,1,4039.9,2,1,4041.3,4,1,4041.4,31,2,4041.7,38,2,4041.8,50,1,4041.9,48,4
11483,2026-07-02 14:32:34+05:30,4041.0,13,4034.4,1833090,179948.0,160405.0,4100.0,4110.0,4012.0,4092.6,25768925,4501.8,3683.4,4440.0,3288.1,4041.0,247,5,4040.4,1,1,4040.3,10,1,4040.0,9,1,4039.9,2,1,4041.3,4,1,4041.4,31,2,4041.7,38,2,4041.8,50,1,4041.9,48,4
11483,2026-07-02 14:32:34+05:30,4041.0,13,4034.4,1833090,179948.0,160405.0,4100.0,4110.0,4012.0,4092.6,25779425,4501.8,3683.4,4440.0,3288.1,4041.0,247,5,4040.4,1,1,4040.3,10,1,4040.0,9,1,4039.9,2,1,4041.3,4,1,4041.4,31,2,4041.7,38,2,4041.8,50,1,4041.9,48,4
11483,2026-07-02 14:32:34+05:30,4041.4,4,4034.41,1833728,180473.0,160759.0,4100.0,4110.0,4012.0,4092.6,25779425,4501.8,3683.4,4440.0,3288.1,4041.3,43,3,4040.1,10,1,4040.0,10,1,4039.9,51,2,4039.8,44,2,4041.4,57,5,4041.5,11,1,4041.6,15,2,4041.7,4,2,4041.8,50,1
11483,2026-07-02 14:32:34+05:30,4041.4,4,4034.41,1833728,180473.0,160759.0,4100.0,4110.0,4012.0,4092.6,25779425,4501.8,3683.4,4440.0,3288.1,4041.3,43,3,4040.1,10,1,4040.0,10,1,4039.9,51,2,4039.8,44,2,4041.4,57,5,4041.5,11,1,4041.6,15,2,4041.7,4,2,4041.8,50,1
11483,2026-07-02 14:32:35+05:30,4041.4,4,4034.41,1833728,180473.0,160759.0,4100.0,4110.0,4012.0,4092.6,25779425,4501.8,3683.4,4440.0,3288.1,4041.3,43,3,4040.1,10,1,4040.0,10,1,4039.9,51,2,4039.8,44,2,4041.4,57,5,4041.5,11,1,4041.6,15,2,4041.7,4,2,4041.8,50,1
11483,2026-07-02 14:32:35+05:30,4041.3,112,4034.41,1833728,180473.0,160759.0,4100.0,4110.0,4012.0,4092.6,25779425,4501.8,3683.4,4440.0,3288.1,4041.3,43,3,4040.1,10,1,4040.0,10,1,4039.9,51,2,4039.8,44,2,4041.4,57,5,4041.5,11,1,4041.6,15,2,4041.7,4,2,4041.8,50,1
11483,2026-07-02 14:32:35+05:30,4041.3,112,4034.41,1833728,180473.0,160759.0,4100.0,4110.0,4012.0,4092.6,25779425,4501.8,3683.4,4440.0,3288.1,4041.3,43,3,4040.1,10,1,4040.0,10,1,4039.9,51,2,4039.8,44,2,4041.4,57,5,4041.5,11,1,4041.6,15,2,4041.7,4,2,4041.8,50,1
11483,2026-07-02 14:32:35+05:30,4039.6,5,4034.41,1834498,180168.0,160990.0,4100.0,4110.0,4012.0,4092.6,25779425,4501.8,3683.4,4440.0,3288.1,4039.9,11,1,4039.8,27,2,4039.7,39,2,4039.6,8,1,4039.5,755,4,4041.0,40,2,4041.1,20,1,4041.2,16,1,4041.3,136,4,4041.4,11,2
11483,2026-07-02 14:32:35+05:30,4039.6,5,4034.41,1834498,180168.0,160990.0,4100.0,4110.0,4012.0,4092.6,25779425,4501.8,3683.4,4440.0,3288.1,4039.9,11,1,4039.8,27,2,4039.7,39,2,4039.6,8,1,4039.5,755,4,4041.0,40,2,4041.1,20,1,4041.2,16,1,4041.3,136,4,4041.4,11,2
11483,2026-07-02 14:32:36+05:30,4039.6,5,4034.41,1834498,180168.0,160990.0,4100.0,4110.0,4012.0,4092.6,25779425,4501.8,3683.4,4440.0,3288.1,4039.9,11,1,4039.8,27,2,4039.7,39,2,4039.6,8,1,4039.5,755,4,4041.0,40,2,4041.1,20,1,4041.2,16,1,4041.3,136,4,4041.4,11,2
11483,2026-07-02 14:32:36+05:30,4039.9,50,4034.41,1834498,180168.0,160990.0,4100.0,4110.0,4012.0,4092.6,25779425,4501.8,3683.4,4440.0,3288.1,4039.9,11,1,4039.8,27,2,4039.7,39,2,4039.6,8,1,4039.5,755,4,4041.0,40,2,4041.1,20,1,4041.2,16,1,4041.3,136,4,4041.4,11,2
11483,2026-07-02 14:32:36+05:30,4039.9,50,4034.41,1834498,180168.0,160990.0,4100.0,4110.0,4012.0,4092.6,25779425,4501.8,3683.4,4440.0,3288.1,4039.9,11,1,4039.8,27,2,4039.7,39,2,4039.6,8,1,4039.5,755,4,4041.0,40,2,4041.1,20,1,4041.2,16,1,4041.3,136,4,4041.4,11,2
11483,2026-07-02 14:32:36+05:30,4039.9,50,4034.41,1834560,179753.0,162156.0,4100.0,4110.0,4012.0,4092.6,25779425,4501.8,3683.4,4440.0,3288.1,4039.5,680,1,4039.0,351,2,4038.5,555,4,4038.4,2,1,4038.3,38,1,4039.9,10,1,4040.0,115,1,4040.4,11,1,4040.8,57,2,4040.9,49,1
11483,2026-07-02 14:32:37+05:30,4039.5,8,4034.41,1834560,179753.0,162156.0,4100.0,4110.0,4012.0,4092.6,25779425,4501.8,3683.4,4440.0,3288.1,4039.5,680,1,4039.0,351,2,4038.5,555,4,4038.4,2,1,4038.3,38,1,4039.9,10,1,4040.0,115,1,4040.4,11,1,4040.8,57,2,4040.9,49,1
11483,2026-07-02 14:32:37+05:30,4040.9,12,4034.41,1834955,180658.0,161229.0,4100.0,4110.0,4012.0,4092.6,25779425,4501.8,3683.4,4440.0,3288.1,4040.9,7,1,4040.0,50,1,4039.8,11,1,4039.7,49,1,4039.6,114,2,4041.0,12,2,4041.1,20,1,4041.4,3,1,4041.6,57,3,4041.7,4,2
11483,2026-07-02 14:32:38+05:30,4040.9,47,4034.41,1834955,180658.0,161229.0,4100.0,4110.0,4012.0,4092.6,25779425,4501.8,3683.4,4440.0,3288.1,4040.9,7,1,4040.0,50,1,4039.8,11,1,4039.7,49,1,4039.6,114,2,4041.0,12,2,4041.1,20,1,4041.4,3,1,4041.6,57,3,4041.7,4,2
11483,2026-07-02 14:32:38+05:30,4040.9,47,4034.41,1835002,180493.0,161154.0,4100.0,4110.0,4012.0,4092.6,25779425,4501.8,3683.4,4440.0,3288.1,4040.9,7,1,4040.0,50,1,4039.8,11,1,4039.6,65,1,4039.5,664,1,4041.0,54,4,4041.1,8,2,4041.3,36,2,4041.4,14,2,4041.5,24,1
11483,2026-07-02 14:32:39+05:30,4040.9,1,4034.41,1835002,180493.0,161154.0,4100.0,4110.0,4012.0,4092.6,25779425,4501.8,3683.4,4440.0,3288.1,4040.9,7,1,4040.0,50,1,4039.8,11,1,4039.6,65,1,4039.5,664,1,4041.0,54,4,4041.1,8,2,4041.3,36,2,4041.4,14,2,4041.5,24,1
11483,2026-07-02 14:32:39+05:30,4041.0,1,4034.41,1835023,180541.0,161668.0,4100.0,4110.0,4012.0,4092.6,25779425,4501.8,3683.4,4440.0,3288.1,4041.0,19,1,4040.0,50,1,4039.6,180,3,4039.5,664,1,4039.3,65,3,4041.4,68,4,4041.6,134,5,4041.7,2,1,4041.8,99,5,4041.9,135,5
11483,2026-07-02 14:32:40+05:30,4041.4,18,4034.41,1835023,180541.0,161668.0,4100.0,4110.0,4012.0,4092.6,25779425,4501.8,3683.4,4440.0,3288.1,4041.0,19,1,4040.0,50,1,4039.6,180,3,4039.5,664,1,4039.3,65,3,4041.4,68,4,4041.6,134,5,4041.7,2,1,4041.8,99,5,4041.9,135,5
11483,2026-07-02 14:32:41+05:30,4041.4,4,4034.41,1835287,180810.0,160842.0,4100.0,4110.0,4012.0,4092.6,25779425,4501.8,3683.4,4440.0,3288.1,4040.1,36,3,4040.0,50,1,4039.9,5,1,4039.7,112,4,4039.6,138,2,4041.0,3,1,4041.4,3,1,4041.6,26,1,4041.7,26,2,4041.8,54,3
11483,2026-07-02 14:32:41+05:30,4040.1,4,4034.41,1835287,180810.0,160842.0,4100.0,4110.0,4012.0,4092.6,25779425,4501.8,3683.4,4440.0,3288.1,4040.1,36,3,4040.0,50,1,4039.9,5,1,4039.7,112,4,4039.6,138,2,4041.0,3,1,4041.4,3,1,4041.6,26,1,4041.7,26,2,4041.8,54,3
11483,2026-07-02 14:32:42+05:30,4040.2,5,4034.41,1835332,180707.0,161307.0,4100.0,4110.0,4012.0,4092.6,25779425,4501.8,3683.4,4440.0,3288.1,4040.0,60,2,4039.9,5,1,4039.7,24,1,4039.6,100,1,4039.5,664,1,4041.0,2,1,4041.4,57,4,4041.5,3,1,4041.6,36,2,4041.7,51,2
11483,2026-07-02 14:32:42+05:30,4040.0,6,4034.41,1835332,180707.0,161307.0,4100.0,4110.0,4012.0,4092.6,25779425,4501.8,3683.4,4440.0,3288.1,4040.0,60,2,4039.9,5,1,4039.7,24,1,4039.6,100,1,4039.5,664,1,4041.0,2,1,4041.4,57,4,4041.5,3,1,4041.6,36,2,4041.7,51,2
11483,2026-07-02 14:32:43+05:30,4041.3,21,4034.41,1835363,180857.0,161518.0,4100.0,4110.0,4012.0,4092.6,25779425,4501.8,3683.4,4440.0,3288.1,4041.0,42,1,4040.0,110,2,4039.9,5,1,4039.7,24,1,4039.6,100,1,4041.3,93,5,4041.4,20,3,4041.5,56,2,4041.6,63,4,4041.7,2,1
11483,2026-07-02 14:32:43+05:30,4040.9,17,4034.41,1835363,180857.0,161518.0,4100.0,4110.0,4012.0,4092.6,25779425,4501.8,3683.4,4440.0,3288.1,4041.0,42,1,4040.0,110,2,4039.9,5,1,4039.7,24,1,4039.6,100,1,4041.3,93,5,4041.4,20,3,4041.5,56,2,4041.6,63,4,4041.7,2,1
11483,2026-07-02 14:32:44+05:30,4040.9,3,4034.41,1836115,179922.0,162289.0,4100.0,4110.0,4012.0,4092.6,25779425,4501.8,3683.4,4440.0,3288.1,4040.0,105,2,4039.9,5,1,4039.6,100,1,4039.5,664,1,4039.2,50,1,4040.9,79,5,4041.0,56,3,4041.1,14,1,4041.2,107,4,4041.3,42,2
11483,2026-07-02 14:32:44+05:30,4040.0,85,4034.41,1836115,179922.0,162289.0,4100.0,4110.0,4012.0,4092.6,25779425,4501.8,3683.4,4440.0,3288.1,4040.0,105,2,4039.9,5,1,4039.6,100,1,4039.5,664,1,4039.2,50,1,4040.9,79,5,4041.0,56,3,4041.1,14,1,4041.2,107,4,4041.3,42,2
11483,2026-07-02 14:32:44+05:30,4040.0,3,4034.41,1836228,179588.0,162753.0,4100.0,4110.0,4012.0,4092.6,25779425,4501.8,3683.4,4440.0,3288.1,4039.9,5,1,4039.6,100,1,4039.5,664,1,4039.2,50,1,4039.1,100,1,4040.0,147,6,4040.3,9,1,4040.4,35,2,4040.8,11,1,4040.9,85,4
11483,2026-07-02 14:32:45+05:30,4039.9,5,4034.41,1836228,179588.0,162753.0,4100.0,4110.0,4012.0,4092.6,25779425,4501.8,3683.4,4440.0,3288.1,4039.9,5,1,4039.6,100,1,4039.5,664,1,4039.2,50,1,4039.1,100,1,4040.0,147,6,4040.3,9,1,4040.4,35,2,4040.8,11,1,4040.9,85,4
11483,2026-07-02 14:32:45+05:30,4040.0,4,4034.41,1836292,178899.0,163254.0,4100.0,4110.0,4012.0,4092.6,25779425,4501.8,3683.4,4440.0,3288.1,4039.6,100,1,4039.5,664,1,4039.2,50,1,4039.1,100,1,4039.0,101,2,4040.0,97,6,4040.3,9,1,4040.4,79,3,4040.7,24,1,4040.8,11,1
11483,2026-07-02 14:32:46+05:30,4040.0,3,4034.41,1836292,178899.0,163254.0,4100.0,4110.0,4012.0,4092.6,25779425,4501.8,3683.4,4440.0,3288.1,4039.6,100,1,4039.5,664,1,4039.2,50,1,4039.1,100,1,4039.0,101,2,4040.0,97,6,4040.3,9,1,4040.4,79,3,4040.7,24,1,4040.8,11,1
11483,2026-07-02 14:32:47+05:30,4040.9,1,4034.42,1836868,178767.0,163484.0,4100.0,4110.0,4012.0,4092.6,25779425,4501.8,3683.4,4440.0,3288.1,4039.7,1,1,4039.5,664,1,4039.2,50,1,4039.1,100,1,4039.0,101,2,4040.0,67,5,4040.3,62,4,4040.4,59,3,4040.5,83,3,4040.6,54,3
11483,2026-07-02 14:32:47+05:30,4039.5,5,4034.42,1836868,178767.0,163484.0,4100.0,4110.0,4012.0,4092.6,25779425,4501.8,3683.4,4440.0,3288.1,4039.7,1,1,4039.5,664,1,4039.2,50,1,4039.1,100,1,4039.0,101,2,4040.0,67,5,4040.3,62,4,4040.4,59,3,4040.5,83,3,4040.6,54,3
11483,2026-07-02 14:32:48+05:30,4039.7,2,4034.42,1836891,178955.0,163979.0,4100.0,4110.0,4012.0,4092.6,25779425,4501.8,3683.4,4440.0,3288.1,4039.5,644,1,4039.2,50,1,4039.1,100,1,4039.0,101,2,4038.7,61,1,4039.7,47,5,4040.0,25,3,4040.1,30,1,4040.3,62,4,4040.4,72,4
11483,2026-07-02 14:32:48+05:30,4039.0,7,4034.42,1836891,178955.0,163979.0,4100.0,4110.0,4012.0,4092.6,25779425,4501.8,3683.4,4440.0,3288.1,4039.5,644,1,4039.2,50,1,4039.1,100,1,4039.0,101,2,4038.7,61,1,4039.7,47,5,4040.0,25,3,4040.1,30,1,4040.3,62,4,4040.4,72,4
11483,2026-07-02 14:32:48+05:30,4039.1,1,4034.42,1837828,177222.0,164907.0,4100.0,4110.0,4012.0,4092.6,25779425,4501.8,3683.4,4440.0,3288.1,4038.5,528,3,4038.1,350,2,4037.7,113,3,4037.5,12,1,4037.3,64,2,4039.1,82,5,4039.2,18,2,4039.3,27,2,4039.4,20,3,4039.5,57,4
11483,2026-07-02 14:32:49+05:30,4038.1,86,4034.42,1837828,177222.0,164907.0,4100.0,4110.0,4012.0,4092.6,25779425,4501.8,3683.4,4440.0,3288.1,4038.5,528,3,4038.1,350,2,4037.7,113,3,4037.5,12,1,4037.3,64,2,4039.1,82,5,4039.2,18,2,4039.3,27,2,4039.4,20,3,4039.5,57,4
11483,2026-07-02 14:32:49+05:30,4038.1,86,4034.42,1839000,175539.0,165546.0,4100.0,4110.0,4012.0,4092.6,25779425,4501.8,3683.4,4440.0,3288.1,4038.1,264,2,4037.7,2,1,4037.2,7,2,4037.1,322,2,4037.0,246,3,4038.4,94,7,4038.5,42,5,4038.6,11,1,4038.8,15,1,4038.9,42,2
11483,2026-07-02 14:32:50+05:30,4038.1,26,4034.42,1839000,175539.0,165546.0,4100.0,4110.0,4012.0,4092.6,25779425,4501.8,3683.4,4440.0,3288.1,4038.1,264,2,4037.7,2,1,4037.2,7,2,4037.1,322,2,4037.0,246,3,4038.4,94,7,4038.5,42,5,4038.6,11,1,4038.8,15,1,4038.9,42,2
11483,2026-07-02 14:32:50+05:30,4038.1,3,4034.42,1839158,175855.0,165822.0,4100.0,4110.0,4012.0,4092.6,25779425,4501.8,3683.4,4440.0,3288.1,4038.1,321,2,4037.7,2,1,4037.2,7,2,4037.1,322,2,4037.0,246,3,4038.4,85,5,4038.5,42,5,4038.6,11,1,4038.8,15,1,4038.9,86,3
11483,2026-07-02 14:32:51+05:30,4038.1,84,4034.42,1839158,175855.0,165822.0,4100.0,4110.0,4012.0,4092.6,25779425,4501.8,3683.4,4440.0,3288.1,4038.1,321,2,4037.7,2,1,4037.2,7,2,4037.1,322,2,4037.0,246,3,4038.4,85,5,4038.5,42,5,4038.6,11,1,4038.8,15,1,4038.9,86,3
11483,2026-07-02 14:32:51+05:30,4038.2,2,4034.43,1842645,174448.0,165753.0,4100.0,4110.0,4012.0,4092.6,25779425,4501.8,3683.4,4440.0,3288.1,4037.7,2,1,4037.2,7,2,4037.1,200,1,4037.0,232,2,4036.5,117,3,4038.2,41,3,4038.3,14,1,4038.4,2,1,4038.5,9,1,4038.6,27,1
11483,2026-07-02 14:32:52+05:30,4037.7,2,4034.43,1842645,174448.0,165753.0,4100.0,4110.0,4012.0,4092.6,25779425,4501.8,3683.4,4440.0,3288.1,4037.7,2,1,4037.2,7,2,4037.1,200,1,4037.0,232,2,4036.5,117,3,4038.2,41,3,4038.3,14,1,4038.4,2,1,4038.5,9,1,4038.6,27,1
11483,2026-07-02 14:32:52+05:30,4037.7,1,4034.43,1842648,174275.0,166146.0,4100.0,4110.0,4012.0,4092.6,25779425,4501.8,3683.4,4440.0,3288.1,4037.2,7,2,4037.1,200,1,4037.0,232,2,4036.5,60,2,4036.3,2,1,4037.7,39,1,4038.0,40,3,4038.2,52,3,4038.3,38,2,4038.4,2,1
11483,2026-07-02 14:32:53+05:30,4037.7,1,4034.43,1842648,174275.0,166146.0,4100.0,4110.0,4012.0,4092.6,25779425,4501.8,3683.4,4440.0,3288.1,4037.2,7,2,4037.1,200,1,4037.0,232,2,4036.5,60,2,4036.3,2,1,4037.7,39,1,4038.0,40,3,4038.2,52,3,4038.3,38,2,4038.4,2,1
11483,2026-07-02 14:32:53+05:30,4037.7,1,4034.43,1842648,174233.0,166248.0,4100.0,4110.0,4012.0,4092.6,25779425,4501.8,3683.4,4440.0,3288.1,4037.2,7,2,4037.1,200,1,4037.0,232,2,4036.5,60,2,4036.3,2,1,4037.7,85,4,4038.0,40,3,4038.2,30,2,4038.3,38,2,4038.4,26,1
11483,2026-07-02 14:32:54+05:30,4037.7,7,4034.43,1842648,174233.0,166248.0,4100.0,4110.0,4012.0,4092.6,25779425,4501.8,3683.4,4440.0,3288.1,4037.2,7,2,4037.1,200,1,4037.0,232,2,4036.5,60,2,4036.3,2,1,4037.7,85,4,4038.0,40,3,4038.2,30,2,4038.3,38,2,4038.4,26,1
11483,2026-07-02 14:32:54+05:30,4037.7,1,4034.43,1842719,174286.0,166309.0,4100.0,4110.0,4012.0,4092.6,25779425,4501.8,3683.4,4440.0,3288.1,4037.2,7,2,4037.1,200,1,4037.0,232,2,4036.5,60,2,4036.2,235,4,4037.7,41,1,4038.0,40,3,4038.1,1,1,4038.2,10,1,4038.3,76,3
11483,2026-07-02 14:32:55+05:30,4039.7,6,4034.43,1842719,174286.0,166309.0,4100.0,4110.0,4012.0,4092.6,25779425,4501.8,3683.4,4440.0,3288.1,4037.2,7,2,4037.1,200,1,4037.0,232,2,4036.5,60,2,4036.2,235,4,4037.7,41,1,4038.0,40,3,4038.1,1,1,4038.2,10,1,4038.3,76,3
11483,2026-07-02 14:32:55+05:30,4039.2,14,4034.43,1843237,177267.0,162920.0,4100.0,4110.0,4012.0,4092.6,25779425,4501.8,3683.4,4440.0,3288.1,4039.0,38,1,4038.9,9,1,4038.8,29,1,4038.7,10,1,4038.6,12,1,4039.7,5,1,4039.8,2,1,4040.0,110,2,4040.2,24,1,4040.3,68,3
11483,2026-07-02 14:32:56+05:30,4039.0,7,4034.43,1843237,177267.0,162920.0,4100.0,4110.0,4012.0,4092.6,25779425,4501.8,3683.4,4440.0,3288.1,4039.0,38,1,4038.9,9,1,4038.8,29,1,4038.7,10,1,4038.6,12,1,4039.7,5,1,4039.8,2,1,4040.0,110,2,4040.2,24,1,4040.3,68,3
11483,2026-07-02 14:32:56+05:30,4039.0,7,4034.43,1843282,177003.0,164191.0,4100.0,4110.0,4012.0,4092.6,25779425,4501.8,3683.4,4440.0,3288.1,4038.6,43,3,4038.4,50,2,4038.3,53,2,4038.2,51,2,4038.1,3,1,4039.0,7,1,4039.7,29,2,4039.8,2,1,4039.9,40,1,4040.0,146,3
11483,2026-07-02 14:32:57+05:30,4039.0,7,4034.43,1843282,177003.0,164191.0,4100.0,4110.0,4012.0,4092.6,25779425,4501.8,3683.4,4440.0,3288.1,4038.6,43,3,4038.4,50,2,4038.3,53,2,4038.2,51,2,4038.1,3,1,4039.0,7,1,4039.7,29,2,4039.8,2,1,4039.9,40,1,4040.0,146,3
11483,2026-07-02 14:32:57+05:30,4039.7,1,4034.43,1843307,177200.0,164333.0,4100.0,4110.0,4012.0,4092.6,25779425,4501.8,3683.4,4440.0,3288.1,4039.0,17,1,4038.9,68,4,4038.8,43,2,4038.7,42,1,4038.6,123,5,4039.7,4,1,4039.8,2,1,4040.0,130,3,4040.3,12,1,4040.4,25,2
11483,2026-07-02 14:32:58+05:30,4039.7,1,4034.43,1843307,177200.0,164333.0,4100.0,4110.0,4012.0,4092.6,25779425,4501.8,3683.4,4440.0,3288.1,4039.0,17,1,4038.9,68,4,4038.8,43,2,4038.7,42,1,4038.6,123,5,4039.7,4,1,4039.8,2,1,4040.0,130,3,4040.3,12,1,4040.4,25,2
11483,2026-07-02 14:32:58+05:30,4040.0,3,4034.43,1843321,177273.0,163537.0,4100.0,4110.0,4012.0,4092.6,25779425,4501.8,3683.4,4440.0,3288.1,4039.0,50,1,4038.9,55,3,4038.8,43,2,4038.7,42,1,4038.6,115,4,4040.0,127,3,4040.3,36,2,4040.4,25,2,4040.5,50,1,4040.7,36,2
11483,2026-07-02 14:32:59+05:30,4039.0,2,4034.43,1843321,177273.0,163537.0,4100.0,4110.0,4012.0,4092.6,25779425,4501.8,3683.4,4440.0,3288.1,4039.0,50,1,4038.9,55,3,4038.8,43,2,4038.7,42,1,4038.6,115,4,4040.0,127,3,4040.3,36,2,4040.4,25,2,4040.5,50,1,4040.7,36,2
11483,2026-07-02 14:32:59+05:30,4039.0,2,4034.43,1843323,177425.0,164254.0,4100.0,4110.0,4012.0,4092.6,25779425,4501.8,3683.4,4440.0,3288.1,4039.6,28,1,4039.0,48,1,4038.9,42,1,4038.8,43,2,4038.7,42,1,4040.0,129,4,4040.1,11,1,4040.3,24,1,4040.4,13,1,4040.5,50,1
11483,2026-07-02 14:33:00+05:30,4040.1,9,4034.43,1843323,177425.0,164254.0,4100.0,4110.0,4012.0,4092.6,25779425,4501.8,3683.4,4440.0,3288.1,4039.6,28,1,4039.0,48,1,4038.9,42,1,4038.8,43,2,4038.7,42,1,4040.0,129,4,4040.1,11,1,4040.3,24,1,4040.4,13,1,4040.5,50,1
11483,2026-07-02 14:33:00+05:30,4040.1,4,4034.43,1843486,177728.0,163717.0,4100.0,4110.0,4012.0,4092.6,25779425,4501.8,3683.4,4440.0,3288.1,4040.0,3,1,4039.8,67,2,4039.7,65,2,4039.5,42,1,4039.1,58,2,4040.1,7,1,4040.4,13,1,4040.9,24,1,4041.0,88,4,4041.1,44,2
11483,2026-07-02 14:33:01+05:30,4040.1,24,4034.43,1843486,177728.0,163717.0,4100.0,4110.0,4012.0,4092.6,25779425,4501.8,3683.4,4440.0,3288.1,4040.0,3,1,4039.8,67,2,4039.7,65,2,4039.5,42,1,4039.1,58,2,4040.1,7,1,4040.4,13,1,4040.9,24,1,4041.0,88,4,4041.1,44,2
11483,2026-07-02 14:33:01+05:30,4040.1,25,4034.43,1843624,178463.0,163580.0,4100.0,4110.0,4012.0,4092.6,25779425,4501.8,3683.4,4440.0,3288.1,4040.1,32,1,4040.0,4,1,4039.9,42,1,4039.8,67,2,4039.7,23,1,4040.4,13,1,4040.9,24,1,4041.0,88,4,4041.2,79,3,4041.3,81,3
11483,2026-07-02 14:33:02+05:30,4040.1,10,4034.43,1843624,178463.0,163580.0,4100.0,4110.0,4012.0,4092.6,25779425,4501.8,3683.4,4440.0,3288.1,4040.1,32,1,4040.0,4,1,4039.9,42,1,4039.8,67,2,4039.7,23,1,4040.4,13,1,4040.9,24,1,4041.0,88,4,4041.2,79,3,4041.3,81,3
11483,2026-07-02 14:33:02+05:30,4040.1,10,4034.43,1843653,178461.0,163641.0,4100.0,4110.0,4012.0,4092.6,25779425,4501.8,3683.4,4440.0,3288.1,4040.1,32,1,4040.0,46,2,4039.8,67,2,4039.7,23,1,4039.2,35,1,4040.4,11,1,4040.9,44,2,4041.0,88,4,4041.1,43,1,4041.2,79,3
11483,2026-07-02 14:33:03+05:30,4039.0,200,4034.43,1843653,178461.0,163641.0,4100.0,4110.0,4012.0,4092.6,25779425,4501.8,3683.4,4440.0,3288.1,4040.1,32,1,4040.0,46,2,4039.8,67,2,4039.7,23,1,4039.2,35,1,4040.4,11,1,4040.9,44,2,4041.0,88,4,4041.1,43,1,4041.2,79,3
11483,2026-07-02 14:33:03+05:30,4039.2,1,4034.43,1844088,175758.0,165325.0,4100.0,4110.0,4012.0,4092.6,25779425,4501.8,3683.4,4440.0,3288.1,4038.1,25,1,4038.0,82,2,4037.7,3,1,4037.6,53,2,4037.5,3,1,4039.2,60,4,4039.3,39,2,4039.4,88,2,4039.5,61,4,4039.6,87,3
11483,2026-07-02 14:33:04+05:30,4038.1,8,4034.43,1844088,175758.0,165325.0,4100.0,4110.0,4012.0,4092.6,25779425,4501.8,3683.4,4440.0,3288.1,4038.1,25,1,4038.0,82,2,4037.7,3,1,4037.6,53,2,4037.5,3,1,4039.2,60,4,4039.3,39,2,4039.4,88,2,4039.5,61,4,4039.6,87,3
11483,2026-07-02 14:33:04+05:30,4039.1,1,4034.43,1844251,175519.0,164976.0,4100.0,4110.0,4012.0,4092.6,25779425,4501.8,3683.4,4440.0,3288.1,4038.1,17,1,4038.0,46,1,4037.3,2,1,4037.2,73,2,4037.1,270,3,4039.1,55,3,4039.2,14,1,4039.3,79,4,4039.4,47,1,4039.5,136,7
11483,2026-07-02 14:33:05+05:30,4038.1,19,4034.43,1844251,175519.0,164976.0,4100.0,4110.0,4012.0,4092.6,25779425,4501.8,3683.4,4440.0,3288.1,4038.1,17,1,4038.0,46,1,4037.3,2,1,4037.2,73,2,4037.1,270,3,4039.1,55,3,4039.2,14,1,4039.3,79,4,4039.4,47,1,4039.5,136,7
11483,2026-07-02 14:33:05+05:30,4038.1,19,4034.43,1844270,175269.0,164752.0,4100.0,4110.0,4012.0,4092.6,25779425,4501.8,3683.4,4440.0,3288.1,4038.1,17,1,4038.0,46,1,4037.5,7,1,4037.4,88,2,4037.3,2,1,4039.1,44,2,4039.3,30,2,4039.5,70,4,4039.6,33,1,4039.7,94,3
11483,2026-07-02 14:33:06+05:30,4040.0,13,4034.43,1844270,175269.0,164752.0,4100.0,4110.0,4012.0,4092.6,25779425,4501.8,3683.4,4440.0,3288.1,4038.1,17,1,4038.0,46,1,4037.5,7,1,4037.4,88,2,4037.3,2,1,4039.1,44,2,4039.3,30,2,4039.5,70,4,4039.6,33,1,4039.7,94,3
11483,2026-07-02 14:33:06+05:30,4039.1,3,4034.43,1844290,176677.0,164277.0,4100.0,4110.0,4012.0,4092.6,25779425,4501.8,3683.4,4440.0,3288.1,4039.1,1,1,4038.4,61,3,4038.3,17,1,4038.2,41,2,4038.1,51,2,4040.0,95,7,4040.1,25,3,4040.2,23,1,4040.4,100,6,4040.5,9,1
11483,2026-07-02 14:33:07+05:30,4039.1,1,4034.43,1844290,176677.0,164277.0,4100.0,4110.0,4012.0,4092.6,25779425,4501.8,3683.4,4440.0,3288.1,4039.1,1,1,4038.4,61,3,4038.3,17,1,4038.2,41,2,4038.1,51,2,4040.0,95,7,4040.1,25,3,4040.2,23,1,4040.4,100,6,4040.5,9,1
11483,2026-07-02 14:33:07+05:30,4039.1,1,4034.43,1844293,175792.0,164810.0,4100.0,4110.0,4012.0,4092.6,25779425,4501.8,3683.4,4440.0,3288.1,4038.2,24,1,4038.1,63,3,4038.0,46,1,4037.8,2,1,4037.7,50,1,4039.6,119,4,4039.7,83,4,4039.8,55,2,4039.9,42,1,4040.0,107,8
11483,2026-07-02 14:33:08+05:30,4039.0,25,4034.43,1844293,175792.0,164810.0,4100.0,4110.0,4012.0,4092.6,25779425,4501.8,3683.4,4440.0,3288.1,4038.2,24,1,4038.1,63,3,4038.0,46,1,4037.8,2,1,4037.7,50,1,4039.6,119,4,4039.7,83,4,4039.8,55,2,4039.9,42,1,4040.0,107,8
11483,2026-07-02 14:33:08+05:30,4039.0,25,4034.43,1844384,175844.0,164973.0,4100.0,4110.0,4012.0,4092.6,25779425,4501.8,3683.4,4440.0,3288.1,4038.2,13,1,4038.1,42,3,4038.0,46,1,4037.8,7,1,4037.7,50,1,4039.0,17,1,4039.1,42,1,4039.2,42,1,4039.4,42,1,4039.6,76,3
11483,2026-07-02 14:33:09+05:30,4038.6,1,4034.43,1844384,175844.0,164973.0,4100.0,4110.0,4012.0,4092.6,25779425,4501.8,3683.4,4440.0,3288.1,4038.2,13,1,4038.1,42,3,4038.0,46,1,4037.8,7,1,4037.7,50,1,4039.0,17,1,4039.1,42,1,4039.2,42,1,4039.4,42,1,4039.6,76,3
11483,2026-07-02 14:33:09+05:30,4038.6,10,4034.43,1844505,175760.0,165240.0,4100.0,4110.0,4012.0,4092.6,25779425,4501.8,3683.4,4440.0,3288.1,4038.1,35,2,4038.0,46,1,4037.7,50,1,4037.6,156,2,4037.4,50,1,4038.6,13,1,4038.7,42,1,4038.9,42,1,4039.0,17,1,4039.2,24,1
11483,2026-07-02 14:33:10+05:30,4038.1,1,4034.43,1844505,175760.0,165240.0,4100.0,4110.0,4012.0,4092.6,25779425,4501.8,3683.4,4440.0,3288.1,4038.1,35,2,4038.0,46,1,4037.7,50,1,4037.6,156,2,4037.4,50,1,4038.6,13,1,4038.7,42,1,4038.9,42,1,4039.0,17,1,4039.2,24,1
11483,2026-07-02 14:33:10+05:30,4038.1,1,4034.43,1844533,175833.0,165255.0,4100.0,4110.0,4012.0,4092.6,25779425,4501.8,3683.4,4440.0,3288.1,4038.1,7,1,4038.0,146,2,4037.7,50,1,4037.6,156,2,4037.4,50,1,4038.6,13,1,4038.7,42,1,4038.9,42,1,4039.0,17,1,4039.2,24,1
11483,2026-07-02 14:33:11+05:30,4039.5,17,4034.43,1844533,175833.0,165255.0,4100.0,4110.0,4012.0,4092.6,25779425,4501.8,3683.4,4440.0,3288.1,4038.1,7,1,4038.0,146,2,4037.7,50,1,4037.6,156,2,4037.4,50,1,4038.6,13,1,4038.7,42,1,4038.9,42,1,4039.0,17,1,4039.2,24,1
11483,2026-07-02 14:33:11+05:30,4039.5,1,4034.43,1844707,176716.0,165306.0,4100.0,4110.0,4012.0,4092.6,25779425,4501.8,3683.4,4440.0,3288.1,4039.2,100,1,4039.0,4,1,4038.2,5,1,4038.1,4,1,4038.0,152,3,4039.5,32,2,4039.6,10,1,4039.7,15,1,4039.8,36,2,4040.0,201,7
11483,2026-07-02 14:33:12+05:30,4039.2,11,4034.43,1844707,176716.0,165306.0,4100.0,4110.0,4012.0,4092.6,25779425,4501.8,3683.4,4440.0,3288.1,4039.2,100,1,4039.0,4,1,4038.2,5,1,4038.1,4,1,4038.0,152,3,4039.5,32,2,4039.6,10,1,4039.7,15,1,4039.8,36,2,4040.0,201,7
11483,2026-07-02 14:33:12+05:30,4039.2,1,4034.43,1844817,176826.0,165241.0,4100.0,4110.0,4012.0,4092.6,25779425,4501.8,3683.4,4440.0,3288.1,4039.2,67,1,4038.2,5,1,4038.1,37,2,4038.0,146,2,4037.9,20,1,4039.6,42,1,4039.7,66,2,4039.9,42,1,4040.0,151,6,4040.1,79,5
11483,2026-07-02 14:33:13+05:30,4039.2,13,4034.43,1844817,176826.0,165241.0,4100.0,4110.0,4012.0,4092.6,25779425,4501.8,3683.4,4440.0,3288.1,4039.2,67,1,4038.2,5,1,4038.1,37,2,4038.0,146,2,4037.9,20,1,4039.6,42,1,4039.7,66,2,4039.9,42,1,4040.0,151,6,4040.1,79,5
11483,2026-07-02 14:33:13+05:30,4039.2,13,4034.43,1844830,176800.0,165261.0,4100.0,4110.0,4012.0,4092.6,25779425,4501.8,3683.4,4440.0,3288.1,4039.2,54,1,4038.2,5,1,4038.1,4,1,4038.0,146,2,4037.9,20,1,4039.6,99,5,4039.7,42,1,4039.9,42,1,4040.0,151,6,4040.1,113,6
11483,2026-07-02 14:33:14+05:30,4039.2,1,4034.43,1844830,176800.0,165261.0,4100.0,4110.0,4012.0,4092.6,25779425,4501.8,3683.4,4440.0,3288.1,4039.2,54,1,4038.2,5,1,4038.1,4,1,4038.0,146,2,4037.9,20,1,4039.6,99,5,4039.7,42,1,4039.9,42,1,4040.0,151,6,4040.1,113,6
11483,2026-07-02 14:33:14+05:30,4039.2,2,4034.43,1844848,176763.0,165221.0,4100.0,4110.0,4012.0,4092.6,25779425,4501.8,3683.4,4440.0,3288.1,4039.2,36,1,4038.2,5,1,4038.1,33,2,4038.0,146,2,4037.9,53,2,4039.6,99,5,4039.7,42,1,4039.9,42,1,4040.0,151,6,4040.1,114,7
11483,2026-07-02 14:33:15+05:30,4039.6,10,4034.43,1844848,176763.0,165221.0,4100.0,4110.0,4012.0,4092.6,25779425,4501.8,3683.4,4440.0,3288.1,4039.2,36,1,4038.2,5,1,4038.1,33,2,4038.0,146,2,4037.9,53,2,4039.6,99,5,4039.7,42,1,4039.9,42,1,4040.0,151,6,4040.1,114,7
11483,2026-07-02 14:33:15+05:30,4039.6,10,4034.43,1844935,176829.0,165027.0,4100.0,4110.0,4012.0,4092.6,25779425,4501.8,3683.4,4440.0,3288.1,4039.2,34,1,4039.0,30,1,4038.2,5,1,4038.1,53,2,4038.0,146,2,4039.7,42,1,4039.8,24,1,4039.9,42,1,4040.0,128,4,4040.1,114,7
11483,2026-07-02 14:33:16+05:30,4039.0,30,4034.43,1844935,176829.0,165027.0,4100.0,4110.0,4012.0,4092.6,25779425,4501.8,3683.4,4440.0,3288.1,4039.2,34,1,4039.0,30,1,4038.2,5,1,4038.1,53,2,4038.0,146,2,4039.7,42,1,4039.8,24,1,4039.9,42,1,4040.0,128,4,4040.1,114,7
11483,2026-07-02 14:33:16+05:30,4039.0,30,4034.43,1845004,176003.0,165240.0,4100.0,4110.0,4012.0,4092.6,25779425,4501.8,3683.4,4440.0,3288.1,4038.2,5,1,4038.1,4,1,4038.0,146,2,4037.9,20,1,4037.8,2,1,4038.7,42,1,4038.8,42,1,4039.0,47,1,4039.1,42,1,4039.2,24,1
11483,2026-07-02 14:33:17+05:30,4040.2,6,4034.43,1845004,176003.0,165240.0,4100.0,4110.0,4012.0,4092.6,25779425,4501.8,3683.4,4440.0,3288.1,4038.2,5,1,4038.1,4,1,4038.0,146,2,4037.9,20,1,4037.8,2,1,4038.7,42,1,4038.8,42,1,4039.0,47,1,4039.1,42,1,4039.2,24,1
11483,2026-07-02 14:33:17+05:30,4040.2,6,4034.46,1851923,178036.0,161698.0,4100.0,4110.0,4012.0,4092.6,25779425,4501.8,3683.4,4440.0,3288.1,4040.1,4,1,4039.6,3,2,4039.5,3,1,4039.4,7,2,4039.3,30,2,4040.5,4,1,4041.2,18,1,4041.3,22,1,4041.4,42,2,4041.5,2,1
11483,2026-07-02 14:33:18+05:30,4039.3,2,4034.46,1851923,178036.0,161698.0,4100.0,4110.0,4012.0,4092.6,25779425,4501.8,3683.4,4440.0,3288.1,4040.1,4,1,4039.6,3,2,4039.5,3,1,4039.4,7,2,4039.3,30,2,4040.5,4,1,4041.2,18,1,4041.3,22,1,4041.4,42,2,4041.5,2,1
11483,2026-07-02 14:33:18+05:30,4039.3,2,4034.46,1851929,178229.0,162571.0,4100.0,4110.0,4012.0,4092.6,25779425,4501.8,3683.4,4440.0,3288.1,4039.3,18,1,4039.1,33,2,4039.0,13,1,4038.9,3,1,4038.8,7,3,4040.1,80,1,4040.5,28,2,4040.8,44,1,4040.9,89,3,4041.0,122,4
11483,2026-07-02 14:33:19+05:30,4039.3,2,4034.46,1851929,178228.0,162556.0,4100.0,4110.0,4012.0,4092.6,25779425,4501.8,3683.4,4440.0,3288.1,4039.4,29,2,4039.3,18,1,4039.1,33,2,4039.0,13,1,4038.9,3,1,4040.1,80,1,4040.5,4,1,4040.8,44,1,4040.9,87,2,4041.0,122,4
11483,2026-07-02 14:33:20+05:30,4040.0,20,4034.46,1852093,178124.0,163049.0,4100.0,4110.0,4012.0,4092.6,25779425,4501.8,3683.4,4440.0,3288.1,4039.5,11,1,4039.3,18,1,4039.2,7,1,4039.1,19,1,4039.0,13,1,4040.0,316,1,4040.1,84,1,4040.2,28,1,4040.3,40,2,4040.5,4,1
11483,2026-07-02 14:33:20+05:30,4039.5,11,4034.46,1852093,178124.0,163049.0,4100.0,4110.0,4012.0,4092.6,25779425,4501.8,3683.4,4440.0,3288.1,4039.5,11,1,4039.3,18,1,4039.2,7,1,4039.1,19,1,4039.0,13,1,4040.0,316,1,4040.1,84,1,4040.2,28,1,4040.3,40,2,4040.5,4,1
11483,2026-07-02 14:33:21+05:30,4040.0,100,4034.46,1852402,178115.0,162678.0,4100.0,4110.0,4012.0,4092.6,25779425,4501.8,3683.4,4440.0,3288.1,4039.2,32,3,4039.0,77,3,4038.8,71,3,4038.7,37,1,4038.6,42,4,4040.0,49,2,4040.1,84,1,4040.2,28,1,4040.3,40,2,4040.5,4,1
11483,2026-07-02 14:33:21+05:30,4039.2,1,4034.46,1852402,178115.0,162678.0,4100.0,4110.0,4012.0,4092.6,25779425,4501.8,3683.4,4440.0,3288.1,4039.2,32,3,4039.0,77,3,4038.8,71,3,4038.7,37,1,4038.6,42,4,4040.0,49,2,4040.1,84,1,4040.2,28,1,4040.3,40,2,4040.5,4,1
11483,2026-07-02 14:33:22+05:30,4040.0,1,4034.46,1852440,177882.0,161996.0,4100.0,4110.0,4012.0,4092.6,25779425,4501.8,3683.4,4440.0,3288.1,4039.1,16,1,4039.0,59,2,4038.8,2,1,4038.7,58,2,4038.6,41,3,4040.0,61,3,4040.1,84,1,4040.2,28,1,4040.3,28,1,4040.5,4,1
11483,2026-07-02 14:33:22+05:30,4039.1,5,4034.46,1852440,177882.0,161996.0,4100.0,4110.0,4012.0,4092.6,25779425,4501.8,3683.4,4440.0,3288.1,4039.1,16,1,4039.0,59,2,4038.8,2,1,4038.7,58,2,4038.6,41,3,4040.0,61,3,4040.1,84,1,4040.2,28,1,4040.3,28,1,4040.5,4,1
11483,2026-07-02 14:33:23+05:30,4040.0,48,4034.46,1853238,177385.0,162470.0,4100.0,4110.0,4012.0,4092.6,25779425,4501.8,3683.4,4440.0,3288.1,4039.0,46,1,4038.8,2,1,4038.5,8,1,4038.4,7,2,4038.3,24,1,4040.0,19,1,4040.1,108,2,4040.2,54,2,4040.3,28,1,4040.4,24,1
11483,2026-07-02 14:33:23+05:30,4039.0,46,4034.46,1853238,177385.0,162470.0,4100.0,4110.0,4012.0,4092.6,25779425,4501.8,3683.4,4440.0,3288.1,4039.0,46,1,4038.8,2,1,4038.5,8,1,4038.4,7,2,4038.3,24,1,4040.0,19,1,4040.1,108,2,4040.2,54,2,4040.3,28,1,4040.4,24,1
11483,2026-07-02 14:33:24+05:30,4039.0,49,4034.46,1853333,177635.0,163024.0,4100.0,4110.0,4012.0,4092.6,25779425,4501.8,3683.4,4440.0,3288.1,4039.5,3,1,4039.0,1,1,4038.6,2,1,4038.5,2,1,4038.4,52,2,4040.1,84,1,4040.2,52,2,4040.3,33,2,4040.5,57,3,4040.6,25,2
11483,2026-07-02 14:33:24+05:30,4039.5,12,4034.46,1853333,177635.0,163024.0,4100.0,4110.0,4012.0,4092.6,25779425,4501.8,3683.4,4440.0,3288.1,4039.5,3,1,4039.0,1,1,4038.6,2,1,4038.5,2,1,4038.4,52,2,4040.1,84,1,4040.2,52,2,4040.3,33,2,4040.5,57,3,4040.6,25,2
11483,2026-07-02 14:33:25+05:30,4040.1,1,4034.46,1853346,177701.0,163117.0,4100.0,4110.0,4012.0,4092.6,25779425,4501.8,3683.4,4440.0,3288.1,4039.5,52,1,4039.0,11,2,4038.7,2,1,4038.6,52,2,4038.5,3,1,4040.1,123,3,4040.2,28,1,4040.3,57,3,4040.4,1,1,4040.5,25,2
11483,2026-07-02 14:33:25+05:30,4039.5,1,4034.46,1853346,177701.0,163117.0,4100.0,4110.0,4012.0,4092.6,25779425,4501.8,3683.4,4440.0,3288.1,4039.5,52,1,4039.0,11,2,4038.7,2,1,4038.6,52,2,4038.5,3,1,4040.1,123,3,4040.2,28,1,4040.3,57,3,4040.4,1,1,4040.5,25,2
11483,2026-07-02 14:33:26+05:30,4040.1,8,4034.46,1853462,177898.0,162941.0,4100.0,4110.0,4012.0,4092.6,25779425,4501.8,3683.4,4440.0,3288.1,4039.7,1,1,4039.5,51,1,4039.1,2,1,4039.0,111,3,4038.6,52,2,4040.1,140,4,4040.2,43,2,4040.3,33,2,4040.4,25,2,4040.5,25,2
11483,2026-07-02 14:33:26+05:30,4039.5,6,4034.46,1853462,177898.0,162941.0,4100.0,4110.0,4012.0,4092.6,25779425,4501.8,3683.4,4440.0,3288.1,4039.7,1,1,4039.5,51,1,4039.1,2,1,4039.0,111,3,4038.6,52,2,4040.1,140,4,4040.2,43,2,4040.3,33,2,4040.4,25,2,4040.5,25,2
11483,2026-07-02 14:33:27+05:30,4039.7,1,4034.46,1853462,177898.0,162941.0,4100.0,4110.0,4012.0,4092.6,25779425,4501.8,3683.4,4440.0,3288.1,4039.7,1,1,4039.5,51,1,4039.1,2,1,4039.0,111,3,4038.6,52,2,4040.1,140,4,4040.2,43,2,4040.3,33,2,4040.4,25,2,4040.5,25,2
11483,2026-07-02 14:33:27+05:30,4039.7,1,4034.46,1853499,177749.0,162389.0,4100.0,4110.0,4012.0,4092.6,25779425,4501.8,3683.4,4440.0,3288.1,4039.5,23,1,4039.0,111,3,4038.7,2,1,4038.6,50,1,4038.5,186,2,4039.7,1,1,4040.0,28,2,4040.1,116,3,4040.2,28,1,4040.3,33,2
11483,2026-07-02 14:33:28+05:30,4040.0,17,4034.46,1853529,177824.0,163081.0,4100.0,4110.0,4012.0,4092.6,25779425,4501.8,3683.4,4440.0,3288.1,4039.5,18,1,4039.0,111,3,4038.7,2,1,4038.6,50,1,4038.5,189,3,4040.0,11,2,4040.1,103,2,4040.2,28,1,4040.3,45,3,4040.4,25,2
11483,2026-07-02 14:33:28+05:30,4039.5,3,4034.46,1853529,177824.0,163081.0,4100.0,4110.0,4012.0,4092.6,25779425,4501.8,3683.4,4440.0,3288.1,4039.5,18,1,4039.0,111,3,4038.7,2,1,4038.6,50,1,4038.5,189,3,4040.0,11,2,4040.1,103,2,4040.2,28,1,4040.3,45,3,4040.4,25,2
11483,2026-07-02 14:33:29+05:30,4040.0,7,4034.46,1853544,177810.0,163108.0,4100.0,4110.0,4012.0,4092.6,25779425,4501.8,3683.4,4440.0,3288.1,4039.5,10,1,4039.0,111,3,4038.7,2,1,4038.6,50,1,4038.5,189,3,4040.0,23,4,4040.1,101,3,4040.2,28,1,4040.3,33,2,4040.4,25,2
11483,2026-07-02 14:33:29+05:30,4039.5,2,4034.46,1853544,177810.0,163108.0,4100.0,4110.0,4012.0,4092.6,25779425,4501.8,3683.4,4440.0,3288.1,4039.5,10,1,4039.0,111,3,4038.7,2,1,4038.6,50,1,4038.5,189,3,4040.0,23,4,4040.1,101,3,4040.2,28,1,4040.3,33,2,4040.4,25,2
11483,2026-07-02 14:33:30+05:30,4040.1,20,4034.47,1853575,178073.0,162731.0,4100.0,4110.0,4012.0,4092.6,25779425,4501.8,3683.4,4440.0,3288.1,4039.5,8,1,4039.0,111,3,4038.7,2,1,4038.6,77,2,4038.5,471,4,4040.1,92,3,4040.2,28,1,4040.3,45,3,4040.4,25,2,4040.5,25,2
11483,2026-07-02 14:33:30+05:30,4039.5,4,4034.47,1853575,178073.0,162731.0,4100.0,4110.0,4012.0,4092.6,25779425,4501.8,3683.4,4440.0,3288.1,4039.5,8,1,4039.0,111,3,4038.7,2,1,4038.6,77,2,4038.5,471,4,4040.1,92,3,4040.2,28,1,4040.3,45,3,4040.4,25,2,4040.5,25,2
11483,2026-07-02 14:33:30+05:30,4039.5,4,4034.47,1853575,178073.0,162731.0,4100.0,4110.0,4012.0,4092.6,25779425,4501.8,3683.4,4440.0,3288.1,4039.5,8,1,4039.0,111,3,4038.7,2,1,4038.6,77,2,4038.5,471,4,4040.1,92,3,4040.2,28,1,4040.3,45,3,4040.4,25,2,4040.5,25,2
11483,2026-07-02 14:33:31+05:30,4039.5,4,4034.47,1853575,178073.0,162731.0,4100.0,4110.0,4012.0,4092.6,25779425,4501.8,3683.4,4440.0,3288.1,4039.5,8,1,4039.0,111,3,4038.7,2,1,4038.6,77,2,4038.5,471,4,4040.1,92,3,4040.2,28,1,4040.3,45,3,4040.4,25,2,4040.5,25,2
11483,2026-07-02 14:33:31+05:30,4039.5,9,4034.47,1853633,178450.0,162662.0,4100.0,4110.0,4012.0,4092.6,25779425,4501.8,3683.4,4440.0,3288.1,4039.5,52,1,4039.0,112,4,4038.7,2,1,4038.6,108,4,4038.5,495,4,4040.1,30,2,4040.2,28,1,4040.3,45,3,4040.4,25,2,4040.5,25,2
11483,2026-07-02 14:33:31+05:30,4039.5,7,4034.47,1853633,178450.0,162662.0,4100.0,4110.0,4012.0,4092.6,25779425,4501.8,3683.4,4440.0,3288.1,4039.5,52,1,4039.0,112,4,4038.7,2,1,4038.6,108,4,4038.5,495,4,4040.1,30,2,4040.2,28,1,4040.3,45,3,4040.4,25,2,4040.5,25,2
11483,2026-07-02 14:33:31+05:30,4039.5,7,4034.47,1853633,178450.0,162662.0,4100.0,4110.0,4012.0,4092.6,25779425,4501.8,3683.4,4440.0,3288.1,4039.5,52,1,4039.0,112,4,4038.7,2,1,4038.6,108,4,4038.5,495,4,4040.1,30,2,4040.2,28,1,4040.3,45,3,4040.4,25,2,4040.5,25,2
11483,2026-07-02 14:33:32+05:30,4039.5,7,4034.47,1853633,178450.0,162662.0,4100.0,4110.0,4012.0,4092.6,25779425,4501.8,3683.4,4440.0,3288.1,4039.5,52,1,4039.0,112,4,4038.7,2,1,4038.6,108,4,4038.5,495,4,4040.1,30,2,4040.2,28,1,4040.3,45,3,4040.4,25,2,4040.5,25,2
11483,2026-07-02 14:33:32+05:30,4039.5,7,4034.47,1853640,178329.0,162737.0,4100.0,4110.0,4012.0,4092.6,25779425,4501.8,3683.4,4440.0,3288.1,4039.5,45,1,4039.0,112,4,4038.7,2,1,4038.6,108,4,4038.5,468,3,4040.0,10,1,4040.1,42,2,4040.2,28,1,4040.3,58,4,4040.4,25,2
11483,2026-07-02 14:33:32+05:30,4039.5,1,4034.47,1853640,178329.0,162737.0,4100.0,4110.0,4012.0,4092.6,25779425,4501.8,3683.4,4440.0,3288.1,4039.5,45,1,4039.0,112,4,4038.7,2,1,4038.6,108,4,4038.5,468,3,4040.0,10,1,4040.1,42,2,4040.2,28,1,4040.3,58,4,4040.4,25,2
11483,2026-07-02 14:33:32+05:30,4039.5,1,4034.47,1853640,178329.0,162737.0,4100.0,4110.0,4012.0,4092.6,25779425,4501.8,3683.4,4440.0,3288.1,4039.5,45,1,4039.0,112,4,4038.7,2,1,4038.6,108,4,4038.5,468,3,4040.0,10,1,4040.1,42,2,4040.2,28,1,4040.3,58,4,4040.4,25,2
11483,2026-07-02 14:33:33+05:30,4039.5,1,4034.47,1853640,178329.0,162737.0,4100.0,4110.0,4012.0,4092.6,25779425,4501.8,3683.4,4440.0,3288.1,4039.5,45,1,4039.0,112,4,4038.7,2,1,4038.6,108,4,4038.5,468,3,4040.0,10,1,4040.1,42,2,4040.2,28,1,4040.3,58,4,4040.4,25,2
11483,2026-07-02 14:33:33+05:30,4039.5,1,4034.47,1853641,178334.0,162816.0,4100.0,4110.0,4012.0,4092.6,25779425,4501.8,3683.4,4440.0,3288.1,4039.5,45,2,4039.0,112,4,4038.7,2,1,4038.6,108,4,4038.5,468,3,4040.0,10,1,4040.1,70,5,4040.2,28,1,4040.3,45,3,4040.4,25,2
11483,2026-07-02 14:33:33+05:30,4039.5,1,4034.47,1853641,178334.0,162816.0,4100.0,4110.0,4012.0,4092.6,25779425,4501.8,3683.4,4440.0,3288.1,4039.5,45,2,4039.0,112,4,4038.7,2,1,4038.6,108,4,4038.5,468,3,4040.0,10,1,4040.1,70,5,4040.2,28,1,4040.3,45,3,4040.4,25,2
11483,2026-07-02 14:33:34+05:30,4039.5,1,4034.47,1853641,178334.0,162816.0,4100.0,4110.0,4012.0,4092.6,25779425,4501.8,3683.4,4440.0,3288.1,4039.5,45,2,4039.0,112,4,4038.7,2,1,4038.6,108,4,4038.5,468,3,4040.0,10,1,4040.1,70,5,4040.2,28,1,4040.3,45,3,4040.4,25,2
11483,2026-07-02 14:33:34+05:30,4040.0,96,4034.47,1853641,178334.0,162816.0,4100.0,4110.0,4012.0,4092.6,25779425,4501.8,3683.4,4440.0,3288.1,4039.5,45,2,4039.0,112,4,4038.7,2,1,4038.6,108,4,4038.5,468,3,4040.0,10,1,4040.1,70,5,4040.2,28,1,4040.3,45,3,4040.4,25,2
11483,2026-07-02 14:33:34+05:30,4040.0,96,4034.47,1853641,178334.0,162816.0,4100.0,4110.0,4012.0,4092.6,25779425,4501.8,3683.4,4440.0,3288.1,4039.5,45,2,4039.0,112,4,4038.7,2,1,4038.6,108,4,4038.5,468,3,4040.0,10,1,4040.1,70,5,4040.2,28,1,4040.3,45,3,4040.4,25,2
11483,2026-07-02 14:33:34+05:30,4040.0,96,4034.47,1853876,178333.0,162841.0,4100.0,4110.0,4012.0,4092.6,25779425,4501.8,3683.4,4440.0,3288.1,4040.0,52,1,4039.1,2,1,4039.0,112,4,4038.7,2,1,4038.6,20,2,4040.1,90,6,4040.2,28,1,4040.3,33,2,4040.4,25,2,4040.5,44,3
11483,2026-07-02 14:33:34+05:30,4040.0,96,4034.47,1853876,178333.0,162841.0,4100.0,4110.0,4012.0,4092.6,25779425,4501.8,3683.4,4440.0,3288.1,4040.0,52,1,4039.1,2,1,4039.0,112,4,4038.7,2,1,4038.6,20,2,4040.1,90,6,4040.2,28,1,4040.3,33,2,4040.4,25,2,4040.5,44,3
11483,2026-07-02 14:33:34+05:30,4040.0,96,4034.47,1853876,178333.0,162841.0,4100.0,4110.0,4012.0,4092.6,25804100,4501.8,3683.4,4440.0,3288.1,4040.0,52,1,4039.1,2,1,4039.0,112,4,4038.7,2,1,4038.6,20,2,4040.1,90,6,4040.2,28,1,4040.3,33,2,4040.4,25,2,4040.5,44,3
11483,2026-07-02 14:33:35+05:30,4040.0,96,4034.47,1853876,178333.0,162841.0,4100.0,4110.0,4012.0,4092.6,25804100,4501.8,3683.4,4440.0,3288.1,4040.0,52,1,4039.1,2,1,4039.0,112,4,4038.7,2,1,4038.6,20,2,4040.1,90,6,4040.2,28,1,4040.3,33,2,4040.4,25,2,4040.5,44,3
11483,2026-07-02 14:33:35+05:30,4039.0,5,4034.47,1854281,178339.0,161908.0,4100.0,4110.0,4012.0,4092.6,25804100,4501.8,3683.4,4440.0,3288.1,4039.0,97,3,4038.7,20,2,4038.6,70,3,4038.5,468,3,4038.4,19,1,4040.1,84,1,4040.2,52,2,4040.3,33,2,4040.4,1,1,4040.5,25,2
11483,2026-07-02 14:33:35+05:30,4039.0,5,4034.47,1854281,178339.0,161908.0,4100.0,4110.0,4012.0,4092.6,25804100,4501.8,3683.4,4440.0,3288.1,4039.0,97,3,4038.7,20,2,4038.6,70,3,4038.5,468,3,4038.4,19,1,4040.1,84,1,4040.2,52,2,4040.3,33,2,4040.4,1,1,4040.5,25,2
11483,2026-07-02 14:33:35+05:30,4039.0,5,4034.47,1854281,178339.0,161908.0,4100.0,4110.0,4012.0,4092.6,25804100,4501.8,3683.4,4440.0,3288.1,4039.0,97,3,4038.7,20,2,4038.6,70,3,4038.5,468,3,4038.4,19,1,4040.1,84,1,4040.2,52,2,4040.3,33,2,4040.4,1,1,4040.5,25,2
11483,2026-07-02 14:33:36+05:30,4039.0,5,4034.47,1854281,178339.0,161908.0,4100.0,4110.0,4012.0,4092.6,25804100,4501.8,3683.4,4440.0,3288.1,4039.0,97,3,4038.7,20,2,4038.6,70,3,4038.5,468,3,4038.4,19,1,4040.1,84,1,4040.2,52,2,4040.3,33,2,4040.4,1,1,4040.5,25,2
11483,2026-07-02 14:33:36+05:30,4040.1,5,4034.47,1854281,178339.0,161908.0,4100.0,4110.0,4012.0,4092.6,25804100,4501.8,3683.4,4440.0,3288.1,4039.0,97,3,4038.7,20,2,4038.6,70,3,4038.5,468,3,4038.4,19,1,4040.1,84,1,4040.2,52,2,4040.3,33,2,4040.4,1,1,4040.5,25,2
11483,2026-07-02 14:33:36+05:30,4040.1,5,4034.47,1854335,178236.0,161911.0,4100.0,4110.0,4012.0,4092.6,25804100,4501.8,3683.4,4440.0,3288.1,4039.0,48,3,4038.7,23,3,4038.6,69,3,4038.5,506,4,4038.4,19,1,4040.1,79,1,4040.2,52,2,4040.3,33,2,4040.4,1,1,4040.5,25,2
11483,2026-07-02 14:33:36+05:30,4040.1,5,4034.47,1854335,178236.0,161911.0,4100.0,4110.0,4012.0,4092.6,25804100,4501.8,3683.4,4440.0,3288.1,4039.0,48,3,4038.7,23,3,4038.6,69,3,4038.5,506,4,4038.4,19,1,4040.1,79,1,4040.2,52,2,4040.3,33,2,4040.4,1,1,4040.5,25,2
11483,2026-07-02 14:33:37+05:30,4039.6,5,4034.47,1854335,178236.0,161911.0,4100.0,4110.0,4012.0,4092.6,25804100,4501.8,3683.4,4440.0,3288.1,4039.0,48,3,4038.7,23,3,4038.6,69,3,4038.5,506,4,4038.4,19,1,4040.1,79,1,4040.2,52,2,4040.3,33,2,4040.4,1,1,4040.5,25,2
11483,2026-07-02 14:33:37+05:30,4039.6,5,4034.47,1854347,178247.0,162735.0,4100.0,4110.0,4012.0,4092.6,25804100,4501.8,3683.4,4440.0,3288.1,4039.5,2,1,4039.0,42,3,4038.7,2,1,4038.6,67,2,4038.5,470,4,4039.6,61,1,4039.7,42,1,4039.8,66,2,4039.9,42,1,4040.0,15,1
11483,2026-07-02 14:33:38+05:30,4039.0,5,4034.47,1854347,178247.0,162735.0,4100.0,4110.0,4012.0,4092.6,25804100,4501.8,3683.4,4440.0,3288.1,4039.5,2,1,4039.0,42,3,4038.7,2,1,4038.6,67,2,4038.5,470,4,4039.6,61,1,4039.7,42,1,4039.8,66,2,4039.9,42,1,4040.0,15,1
11483,2026-07-02 14:33:38+05:30,4039.0,3,4034.47,1854496,178238.0,162796.0,4100.0,4110.0,4012.0,4092.6,25804100,4501.8,3683.4,4440.0,3288.1,4039.0,39,4,4038.7,2,1,4038.6,67,2,4038.5,470,4,4038.4,19,1,4039.2,12,1,4039.4,75,2,4039.5,42,1,4039.7,42,1,4040.0,15,1
11483,2026-07-02 14:33:39+05:30,4039.0,3,4034.47,1854496,178238.0,162796.0,4100.0,4110.0,4012.0,4092.6,25804100,4501.8,3683.4,4440.0,3288.1,4039.0,39,4,4038.7,2,1,4038.6,67,2,4038.5,470,4,4038.4,19,1,4039.2,12,1,4039.4,75,2,4039.5,42,1,4039.7,42,1,4040.0,15,1
11483,2026-07-02 14:33:39+05:30,4039.0,3,4034.47,1854518,178151.0,162912.0,4100.0,4110.0,4012.0,4092.6,25804100,4501.8,3683.4,4440.0,3288.1,4039.0,18,4,4038.7,2,1,4038.6,67,2,4038.5,471,4,4038.4,21,2,4039.2,11,1,4039.4,75,2,4039.5,42,1,4039.7,42,1,4040.0,15,1
11483,2026-07-02 14:33:40+05:30,4039.4,4,4034.47,1854518,178151.0,162912.0,4100.0,4110.0,4012.0,4092.6,25804100,4501.8,3683.4,4440.0,3288.1,4039.0,18,4,4038.7,2,1,4038.6,67,2,4038.5,471,4,4038.4,21,2,4039.2,11,1,4039.4,75,2,4039.5,42,1,4039.7,42,1,4040.0,15,1
11483,2026-07-02 14:33:40+05:30,4039.4,4,4034.47,1854524,178654.0,163023.0,4100.0,4110.0,4012.0,4092.6,25804100,4501.8,3683.4,4440.0,3288.1,4039.0,16,4,4038.7,2,1,4038.6,67,2,4038.5,471,4,4038.4,21,2,4039.2,11,1,4039.3,42,1,4039.4,71,2,4039.6,42,1,4040.0,15,1
11483,2026-07-02 14:33:41+05:30,4039.3,1,4034.47,1854524,178654.0,163023.0,4100.0,4110.0,4012.0,4092.6,25804100,4501.8,3683.4,4440.0,3288.1,4039.0,15,4,4038.7,26,2,4038.6,67,2,4038.5,471,4,4038.4,21,2,4039.3,41,1,4039.4,71,2,4039.6,42,1,4040.0,15,1,4040.1,167,3
11483,2026-07-02 14:33:41+05:30,4039.3,1,4034.47,1854537,178677.0,163105.0,4100.0,4110.0,4012.0,4092.6,25804100,4501.8,3683.4,4440.0,3288.1,4039.0,15,4,4038.7,26,2,4038.6,67,2,4038.5,471,4,4038.4,21,2,4039.3,41,1,4039.4,71,2,4039.6,42,1,4040.0,15,1,4040.1,167,3
11483,2026-07-02 14:33:42+05:30,4040.1,5,4034.47,1854537,178677.0,163105.0,4100.0,4110.0,4012.0,4092.6,25804100,4501.8,3683.4,4440.0,3288.1,4039.0,15,4,4038.7,26,2,4038.6,67,2,4038.5,471,4,4038.4,21,2,4039.3,41,1,4039.4,71,2,4039.6,42,1,4040.0,15,1,4040.1,167,3
11483,2026-07-02 14:33:42+05:30,4040.1,5,4034.47,1855319,179570.0,162139.0,4100.0,4110.0,4012.0,4092.6,25804100,4501.8,3683.4,4440.0,3288.1,4040.1,2,1,4040.0,9,1,4039.9,12,1,4039.8,8,1,4039.7,13,1,4040.2,28,1,4040.3,33,2,4040.4,1,1,4040.5,4,1,4041.3,12,1
11483,2026-07-02 14:33:43+05:30,4040.1,31,4034.47,1855319,179570.0,162139.0,4100.0,4110.0,4012.0,4092.6,25804100,4501.8,3683.4,4440.0,3288.1,4040.1,2,1,4040.0,9,1,4039.9,12,1,4039.8,8,1,4039.7,13,1,4040.2,28,1,4040.3,33,2,4040.4,1,1,4040.5,4,1,4041.3,12,1
11483,2026-07-02 14:33:43+05:30,4040.1,9,4034.47,1855380,179221.0,161829.0,4100.0,4110.0,4012.0,4092.6,25804100,4501.8,3683.4,4440.0,3288.1,4039.7,13,1,4039.5,15,2,4039.3,29,1,4039.2,2,1,4039.1,43,1,4040.1,43,2,4040.2,70,2,4040.3,33,2,4040.4,43,2,4040.5,19,2
11483,2026-07-02 14:33:44+05:30,4039.7,8,4034.47,1855380,179221.0,161829.0,4100.0,4110.0,4012.0,4092.6,25804100,4501.8,3683.4,4440.0,3288.1,4039.7,13,1,4039.5,15,2,4039.3,29,1,4039.2,2,1,4039.1,43,1,4040.1,43,2,4040.2,70,2,4040.3,33,2,4040.4,43,2,4040.5,19,2
11483,2026-07-02 14:33:44+05:30,4039.7,8,4034.47,1855388,179158.0,161330.0,4100.0,4110.0,4012.0,4092.6,25804100,4501.8,3683.4,4440.0,3288.1,4039.5,15,2,4039.3,29,1,4039.1,43,1,4039.0,106,2,4038.7,5,1,4040.0,42,1,4040.1,43,2,4040.2,28,1,4040.3,75,3,4040.4,1,1
11483,2026-07-02 14:33:45+05:30,4040.1,45,4034.47,1855388,179158.0,161330.0,4100.0,4110.0,4012.0,4092.6,25804100,4501.8,3683.4,4440.0,3288.1,4039.5,15,2,4039.3,29,1,4039.1,43,1,4039.0,106,2,4038.7,5,1,4040.0,42,1,4040.1,43,2,4040.2,28,1,4040.3,75,3,4040.4,1,1
11483,2026-07-02 14:33:45+05:30,4040.1,45,4034.47,1855434,179271.0,161850.0,4100.0,4110.0,4012.0,4092.6,25804100,4501.8,3683.4,4440.0,3288.1,4039.5,14,2,4039.3,31,2,4039.1,43,1,4039.0,106,2,4038.7,8,2,4040.1,10,1,4040.2,28,1,4040.3,33,2,4040.4,1,1,4040.5,43,3
11483,2026-07-02 14:33:46+05:30,4040.1,7,4034.47,1855434,179271.0,161850.0,4100.0,4110.0,4012.0,4092.6,25804100,4501.8,3683.4,4440.0,3288.1,4039.5,14,2,4039.3,31,2,4039.1,43,1,4039.0,106,2,4038.7,8,2,4040.1,10,1,4040.2,28,1,4040.3,33,2,4040.4,1,1,4040.5,43,3
11483,2026-07-02 14:33:46+05:30,4039.5,5,4034.47,1855459,179126.0,161849.0,4100.0,4110.0,4012.0,4092.6,25804100,4501.8,3683.4,4440.0,3288.1,4039.5,40,2,4039.3,31,2,4039.1,75,2,4039.0,156,3,4038.7,62,3,4040.1,10,1,4040.2,28,1,4040.3,45,3,4040.4,1,1,4040.5,19,2
11483,2026-07-02 14:33:47+05:30,4039.5,1,4034.47,1855459,179126.0,161849.0,4100.0,4110.0,4012.0,4092.6,25804100,4501.8,3683.4,4440.0,3288.1,4039.5,40,2,4039.3,31,2,4039.1,75,2,4039.0,156,3,4038.7,62,3,4040.1,10,1,4040.2,28,1,4040.3,45,3,4040.4,1,1,4040.5,19,2
11483,2026-07-02 14:33:47+05:30,4039.5,1,4034.47,1855462,179192.0,161911.0,4100.0,4110.0,4012.0,4092.6,25804100,4501.8,3683.4,4440.0,3288.1,4039.8,43,2,4039.7,42,1,4039.6,42,1,4039.5,39,2,4039.4,42,1,4040.0,12,1,4040.1,10,1,4040.2,28,1,4040.3,33,2,4040.4,1,1
11483,2026-07-02 14:33:48+05:30,4040.0,21,4034.47,1855462,179192.0,161911.0,4100.0,4110.0,4012.0,4092.6,25804100,4501.8,3683.4,4440.0,3288.1,4039.8,43,2,4039.7,42,1,4039.6,42,1,4039.5,39,2,4039.4,42,1,4040.0,12,1,4040.1,10,1,4040.2,28,1,4040.3,33,2,4040.4,1,1
11483,2026-07-02 14:33:48+05:30,4040.0,21,4034.47,1855484,179271.0,162012.0,4100.0,4110.0,4012.0,4092.6,25804100,4501.8,3683.4,4440.0,3288.1,4039.9,42,1,4039.8,84,3,4039.6,42,1,4039.5,39,2,4039.4,2,1,4040.0,12,1,4040.1,10,1,4040.2,28,1,4040.3,45,3,4040.4,1,1
11483,2026-07-02 14:33:49+05:30,4040.0,1,4034.47,1855484,179271.0,162012.0,4100.0,4110.0,4012.0,4092.6,25804100,4501.8,3683.4,4440.0,3288.1,4039.9,42,1,4039.8,84,3,4039.6,42,1,4039.5,39,2,4039.4,2,1,4040.0,12,1,4040.1,10,1,4040.2,28,1,4040.3,45,3,4040.4,1,1
11483,2026-07-02 14:33:49+05:30,4040.0,1,4034.47,1855497,179215.0,162050.0,4100.0,4110.0,4012.0,4092.6,25804100,4501.8,3683.4,4440.0,3288.1,4039.9,30,1,4039.8,42,2,4039.7,42,1,4039.6,42,1,4039.5,39,2,4040.0,13,2,4040.1,10,1,4040.2,28,1,4040.3,45,3,4040.4,1,1
11483,2026-07-02 14:33:50+05:30,4040.2,18,4034.47,1855497,179215.0,162050.0,4100.0,4110.0,4012.0,4092.6,25804100,4501.8,3683.4,4440.0,3288.1,4039.9,30,1,4039.8,42,2,4039.7,42,1,4039.6,42,1,4039.5,39,2,4040.0,13,2,4040.1,10,1,4040.2,28,1,4040.3,45,3,4040.4,1,1
11483,2026-07-02 14:33:50+05:30,4040.2,18,4034.47,1855867,180249.0,161507.0,4100.0,4110.0,4012.0,4092.6,25804100,4501.8,3683.4,4440.0,3288.1,4040.1,7,1,4040.0,5,1,4039.9,28,1,4039.8,42,2,4039.7,42,1,4040.2,10,1,4040.3,33,2,4040.4,1,1,4040.5,19,2,4041.0,49,4
11483,2026-07-02 14:33:51+05:30,4039.9,42,4034.47,1855867,180249.0,161507.0,4100.0,4110.0,4012.0,4092.6,25804100,4501.8,3683.4,4440.0,3288.1,4040.1,7,1,4040.0,5,1,4039.9,28,1,4039.8,42,2,4039.7,42,1,4040.2,10,1,4040.3,33,2,4040.4,1,1,4040.5,19,2,4041.0,49,4
11483,2026-07-02 14:33:51+05:30,4039.7,42,4034.47,1856033,178933.0,163307.0,4100.0,4110.0,4012.0,4092.6,25804100,4501.8,3683.4,4440.0,3288.1,4039.3,2,1,4039.0,106,2,4038.8,2,1,4038.6,2,1,4038.5,468,3,4039.5,54,1,4039.8,37,3,4040.0,1254,3,4040.1,57,5,4040.2,18,2
11483,2026-07-02 14:33:52+05:30,4038.5,3,4034.47,1856033,178933.0,163307.0,4100.0,4110.0,4012.0,4092.6,25804100,4501.8,3683.4,4440.0,3288.1,4039.3,2,1,4039.0,106,2,4038.8,2,1,4038.6,2,1,4038.5,468,3,4039.5,54,1,4039.8,37,3,4040.0,1254,3,4040.1,57,5,4040.2,18,2
11483,2026-07-02 14:33:52+05:30,4038.5,3,4034.47,1856146,178738.0,164552.0,4100.0,4110.0,4012.0,4092.6,25804100,4501.8,3683.4,4440.0,3288.1,4039.0,1,1,4038.5,465,3,4038.3,52,2,4038.2,10,1,4038.1,22,2,4039.2,3,1,4039.3,2,1,4039.5,44,2,4039.8,34,2,4040.0,1224,3
11483,2026-07-02 14:33:53+05:30,4040.0,50,4034.47,1856146,178738.0,164552.0,4100.0,4110.0,4012.0,4092.6,25804100,4501.8,3683.4,4440.0,3288.1,4039.0,1,1,4038.5,465,3,4038.3,52,2,4038.2,10,1,4038.1,22,2,4039.2,3,1,4039.3,2,1,4039.5,44,2,4039.8,34,2,4040.0,1224,3
11483,2026-07-02 14:33:53+05:30,4040.0,50,4034.47,1856397,179242.0,163729.0,4100.0,4110.0,4012.0,4092.6,25804100,4501.8,3683.4,4440.0,3288.1,4039.1,42,1,4039.0,42,1,4038.9,42,1,4038.7,44,2,4038.6,2,1,4040.0,1258,8,4040.1,41,5,4040.2,10,1,4040.3,49,3,4040.4,75,6
11483,2026-07-02 14:33:54+05:30,4040.1,16,4034.47,1856397,179242.0,163729.0,4100.0,4110.0,4012.0,4092.6,25804100,4501.8,3683.4,4440.0,3288.1,4039.1,42,1,4039.0,42,1,4038.9,42,1,4038.7,44,2,4038.6,2,1,4040.0,1258,8,4040.1,41,5,4040.2,10,1,4040.3,49,3,4040.4,75,6
11483,2026-07-02 14:33:54+05:30,4039.9,1,4034.48,1857695,179172.0,162394.0,4100.0,4110.0,4012.0,4092.6,25804100,4501.8,3683.4,4440.0,3288.1,4039.9,41,1,4039.8,42,1,4039.6,42,1,4039.4,2,1,4039.3,32,1,4040.1,5,1,4040.2,10,1,4040.3,33,2,4040.4,13,2,4040.5,19,2
11483,2026-07-02 14:33:55+05:30,4039.6,42,4034.48,1857695,179172.0,162394.0,4100.0,4110.0,4012.0,4092.6,25804100,4501.8,3683.4,4440.0,3288.1,4039.9,41,1,4039.8,42,1,4039.6,42,1,4039.4,2,1,4039.3,32,1,4040.1,5,1,4040.2,10,1,4040.3,33,2,4040.4,13,2,4040.5,19,2
11483,2026-07-02 14:33:55+05:30,4039.6,42,4034.48,1857778,179205.0,161934.0,4100.0,4110.0,4012.0,4092.6,25804100,4501.8,3683.4,4440.0,3288.1,4039.4,42,1,4039.1,62,2,4038.8,2,1,4038.7,44,2,4038.6,109,5,4039.9,16,1,4040.1,5,1,4040.2,10,1,4040.3,33,2,4040.4,13,2
11483,2026-07-02 14:33:56+05:30,4039.5,10,4034.48,1857778,179205.0,161934.0,4100.0,4110.0,4012.0,4092.6,25804100,4501.8,3683.4,4440.0,3288.1,4039.4,42,1,4039.1,62,2,4038.8,2,1,4038.7,44,2,4038.6,109,5,4039.9,16,1,4040.1,5,1,4040.2,10,1,4040.3,33,2,4040.4,13,2
11483,2026-07-02 14:33:56+05:30,4039.9,5,4034.48,1857807,179097.0,162040.0,4100.0,4110.0,4012.0,4092.6,25804100,4501.8,3683.4,4440.0,3288.1,4039.5,63,2,4039.3,42,1,4039.1,62,2,4038.8,2,1,4038.7,81,4,4039.9,10,2,4040.1,5,1,4040.2,10,1,4040.3,45,3,4040.4,1,1
11483,2026-07-02 14:33:57+05:30,4039.9,1,4034.48,1857807,179097.0,162040.0,4100.0,4110.0,4012.0,4092.6,25804100,4501.8,3683.4,4440.0,3288.1,4039.5,63,2,4039.3,42,1,4039.1,62,2,4038.8,2,1,4038.7,81,4,4039.9,10,2,4040.1,5,1,4040.2,10,1,4040.3,45,3,4040.4,1,1
11483,2026-07-02 14:33:57+05:30,4039.9,1,4034.48,1857814,179011.0,163152.0,4100.0,4110.0,4012.0,4092.6,25804100,4501.8,3683.4,4440.0,3288.1,4039.7,1,1,4039.5,59,2,4039.3,42,1,4039.1,12,1,4038.8,2,1,4039.9,7,2,4040.0,30,1,4040.1,5,1,4040.2,110,2,4040.3,45,3
11483,2026-07-02 14:33:58+05:30,4039.7,1,4034.48,1857814,179011.0,163152.0,4100.0,4110.0,4012.0,4092.6,25804100,4501.8,3683.4,4440.0,3288.1,4039.7,1,1,4039.5,59,2,4039.3,42,1,4039.1,12,1,4038.8,2,1,4039.9,7,2,4040.0,30,1,4040.1,5,1,4040.2,110,2,4040.3,45,3
11483,2026-07-02 14:33:58+05:30,4039.7,1,4034.48,1857815,179033.0,163113.0,4100.0,4110.0,4012.0,4092.6,25804100,4501.8,3683.4,4440.0,3288.1,4039.7,1,1,4039.6,42,1,4039.5,17,1,4039.4,42,1,4039.1,12,1,4039.9,7,2,4040.0,30,1,4040.1,5,1,4040.2,110,2,4040.3,33,2
11483,2026-07-02 14:33:59+05:30,4039.7,1,4034.48,1857815,179033.0,163113.0,4100.0,4110.0,4012.0,4092.6,25804100,4501.8,3683.4,4440.0,3288.1,4039.7,1,1,4039.6,42,1,4039.5,17,1,4039.4,42,1,4039.1,12,1,4039.9,7,2,4040.0,30,1,4040.1,5,1,4040.2,110,2,4040.3,33,2
11483,2026-07-02 14:33:59+05:30,4039.4,3,4034.48,1857844,178873.0,162442.0,4100.0,4110.0,4012.0,4092.6,25804100,4501.8,3683.4,4440.0,3288.1,4039.4,39,1,4039.2,42,1,4039.1,13,2,4039.0,1,1,4038.8,2,1,4039.7,1,1,4039.9,7,2,4040.0,30,1,4040.1,5,1,4040.2,110,2
11483,2026-07-02 14:34:00+05:30,4039.7,1,4034.48,1857844,178873.0,162442.0,4100.0,4110.0,4012.0,4092.6,25804100,4501.8,3683.4,4440.0,3288.1,4039.4,39,1,4039.2,42,1,4039.1,13,2,4039.0,1,1,4038.8,2,1,4039.7,1,1,4039.9,7,2,4040.0,30,1,4040.1,5,1,4040.2,110,2
11483,2026-07-02 14:34:00+05:30,4039.7,1,4034.48,1857849,178747.0,163398.0,4100.0,4110.0,4012.0,4092.6,25804100,4501.8,3683.4,4440.0,3288.1,4039.1,1,1,4039.0,1,1,4038.7,44,2,4038.6,23,1,4038.5,465,3,4039.4,4,1,4039.7,2,1,4039.9,7,2,4040.0,40,2,4040.1,5,1
11483,2026-07-02 14:34:01+05:30,4039.9,10,4034.48,1857849,178747.0,163398.0,4100.0,4110.0,4012.0,4092.6,25804100,4501.8,3683.4,4440.0,3288.1,4039.1,1,1,4039.0,1,1,4038.7,44,2,4038.6,23,1,4038.5,465,3,4039.4,4,1,4039.7,2,1,4039.9,7,2,4040.0,40,2,4040.1,5,1
11483,2026-07-02 14:34:01+05:30,4039.7,2,4034.48,1857899,178904.0,163345.0,4100.0,4110.0,4012.0,4092.6,25804100,4501.8,3683.4,4440.0,3288.1,4039.7,3,1,4039.4,4,1,4039.1,1,1,4039.0,2,2,4038.8,2,1,4039.9,16,1,4040.0,60,3,4040.1,5,1,4040.2,110,2,4040.3,33,2
11483,2026-07-02 14:34:02+05:30,4039.7,3,4034.48,1857899,178904.0,163345.0,4100.0,4110.0,4012.0,4092.6,25804100,4501.8,3683.4,4440.0,3288.1,4039.7,3,1,4039.4,4,1,4039.1,1,1,4039.0,2,2,4038.8,2,1,4039.9,16,1,4040.0,60,3,4040.1,5,1,4040.2,110,2,4040.3,33,2
11483,2026-07-02 14:34:02+05:30,4039.9,78,4034.48,1858003,178928.0,163279.0,4100.0,4110.0,4012.0,4092.6,25804100,4501.8,3683.4,4440.0,3288.1,4039.9,2,1,4039.4,2,1,4039.1,1,1,4039.0,2,2,4038.8,2,1,4040.0,90,5,4040.1,5,1,4040.2,110,2,4040.3,33,2,4040.4,1,1
11483,2026-07-02 14:34:03+05:30,4039.4,5,4034.48,1858003,178928.0,163279.0,4100.0,4110.0,4012.0,4092.6,25804100,4501.8,3683.4,4440.0,3288.1,4039.9,2,1,4039.4,2,1,4039.1,1,1,4039.0,2,2,4038.8,2,1,4040.0,90,5,4040.1,5,1,4040.2,110,2,4040.3,33,2,4040.4,1,1
11483,2026-07-02 14:34:03+05:30,4039.9,2,4034.48,1858012,178900.0,162483.0,4100.0,4110.0,4012.0,4092.6,25804100,4501.8,3683.4,4440.0,3288.1,4039.1,1,1,4039.0,2,2,4038.7,2,1,4038.6,57,2,4038.5,549,5,4039.9,2,1,4040.0,90,5,4040.1,5,1,4040.2,110,2,4040.3,33,2
11483,2026-07-02 14:34:04+05:30,4038.8,1,4034.48,1858012,178900.0,162483.0,4100.0,4110.0,4012.0,4092.6,25804100,4501.8,3683.4,4440.0,3288.1,4039.1,1,1,4039.0,2,2,4038.7,2,1,4038.6,57,2,4038.5,549,5,4039.9,2,1,4040.0,90,5,4040.1,5,1,4040.2,110,2,4040.3,33,2
11483,2026-07-02 14:34:04+05:30,4040.1,3,4034.48,1858294,178971.0,162201.0,4100.0,4110.0,4012.0,4092.6,25804100,4501.8,3683.4,4440.0,3288.1,4040.1,13,1,4038.8,47,3,4038.7,24,1,4038.6,17,2,4038.5,517,4,4040.2,163,5,4040.3,33,2,4040.4,1,1,4040.5,46,4,4040.6,10,1
11483,2026-07-02 14:34:05+05:30,4040.1,6,4034.48,1858294,178971.0,162201.0,4100.0,4110.0,4012.0,4092.6,25804100,4501.8,3683.4,4440.0,3288.1,4040.1,13,1,4038.8,47,3,4038.7,24,1,4038.6,17,2,4038.5,517,4,4040.2,163,5,4040.3,33,2,4040.4,1,1,4040.5,46,4,4040.6,10,1
11483,2026-07-02 14:34:05+05:30,4040.1,6,4034.48,1858334,178526.0,162488.0,4100.0,4110.0,4012.0,4092.6,25804100,4501.8,3683.4,4440.0,3288.1,4038.8,2,1,4038.5,517,4,4038.4,2,1,4038.3,31,1,4038.2,86,4,4040.2,163,5,4040.3,52,4,4040.4,1,1,4040.5,76,5,4040.6,56,3
11483,2026-07-02 14:34:06+05:30,4040.1,4,4034.48,1858334,178526.0,162488.0,4100.0,4110.0,4012.0,4092.6,25804100,4501.8,3683.4,4440.0,3288.1,4038.8,2,1,4038.5,517,4,4038.4,2,1,4038.3,31,1,4038.2,86,4,4040.2,163,5,4040.3,52,4,4040.4,1,1,4040.5,76,5,4040.6,56,3
11483,2026-07-02 14:34:06+05:30,4040.1,4,4034.48,1858345,178550.0,162882.0,4100.0,4110.0,4012.0,4092.6,25804100,4501.8,3683.4,4440.0,3288.1,4038.8,2,1,4038.5,517,4,4038.4,2,1,4038.3,2,1,4038.2,62,3,4040.0,35,2,4040.1,138,6,4040.2,120,4,4040.3,83,4,4040.4,45,4
11483,2026-07-02 14:34:07+05:30,4039.9,5,4034.48,1858345,178550.0,162882.0,4100.0,4110.0,4012.0,4092.6,25804100,4501.8,3683.4,4440.0,3288.1,4038.8,2,1,4038.5,517,4,4038.4,2,1,4038.3,2,1,4038.2,62,3,4040.0,35,2,4040.1,138,6,4040.2,120,4,4040.3,83,4,4040.4,45,4
11483,2026-07-02 14:34:07+05:30,4038.5,35,4034.48,1858447,178743.0,162724.0,4100.0,4110.0,4012.0,4092.6,25804100,4501.8,3683.4,4440.0,3288.1,4038.6,34,2,4038.5,520,5,4038.4,2,1,4038.3,12,1,4038.2,68,4,4040.0,8,1,4040.2,110,2,4040.3,45,3,4040.4,1,1,4040.5,19,2
11483,2026-07-02 14:34:08+05:30,4040.2,7,4034.48,1858447,178743.0,162724.0,4100.0,4110.0,4012.0,4092.6,25804100,4501.8,3683.4,4440.0,3288.1,4038.6,34,2,4038.5,520,5,4038.4,2,1,4038.3,12,1,4038.2,68,4,4040.0,8,1,4040.2,110,2,4040.3,45,3,4040.4,1,1,4040.5,19,2
11483,2026-07-02 14:34:08+05:30,4040.0,1,4034.48,1858476,179002.0,163153.0,4100.0,4110.0,4012.0,4092.6,25804100,4501.8,3683.4,4440.0,3288.1,4040.0,6,1,4038.9,2,1,4038.7,61,2,4038.6,79,3,4038.5,521,6,4040.2,129,3,4040.3,58,4,4040.4,52,4,4040.5,19,2,4040.6,10,1
11483,2026-07-02 14:34:09+05:30,4040.2,1,4034.48,1858476,179002.0,163153.0,4100.0,4110.0,4012.0,4092.6,25804100,4501.8,3683.4,4440.0,3288.1,4040.0,6,1,4038.9,2,1,4038.7,61,2,4038.6,79,3,4038.5,521,6,4040.2,129,3,4040.3,58,4,4040.4,52,4,4040.5,19,2,4040.6,10,1
11483,2026-07-02 14:34:09+05:30,4040.2,15,4034.48,1858607,178820.0,163300.0,4100.0,4110.0,4012.0,4092.6,25804100,4501.8,3683.4,4440.0,3288.1,4040.0,7,1,4038.9,29,2,4038.8,8,1,4038.7,64,3,4038.6,79,3,4040.2,30,2,4040.3,58,4,4040.4,1,1,4040.5,38,3,4040.7,24,1
11483,2026-07-02 14:34:10+05:30,4040.0,11,4034.48,1858607,178820.0,163300.0,4100.0,4110.0,4012.0,4092.6,25804100,4501.8,3683.4,4440.0,3288.1,4040.0,7,1,4038.9,29,2,4038.8,8,1,4038.7,64,3,4038.6,79,3,4040.2,30,2,4040.3,58,4,4040.4,1,1,4040.5,38,3,4040.7,24,1
11483,2026-07-02 14:34:10+05:30,4040.0,3,4034.48,1858637,178927.0,163320.0,4100.0,4110.0,4012.0,4092.6,25804100,4501.8,3683.4,4440.0,3288.1,4040.0,4,1,4038.9,29,2,4038.8,60,2,4038.7,15,2,4038.6,79,3,4040.2,30,2,4040.3,58,4,4040.4,1,1,4040.5,19,2,4040.7,24,1
11483,2026-07-02 14:34:11+05:30,4040.0,5,4034.48,1858637,178927.0,163320.0,4100.0,4110.0,4012.0,4092.6,25804100,4501.8,3683.4,4440.0,3288.1,4040.0,4,1,4038.9,29,2,4038.8,60,2,4038.7,15,2,4038.6,79,3,4040.2,30,2,4040.3,58,4,4040.4,1,1,4040.5,19,2,4040.7,24,1
11483,2026-07-02 14:34:11+05:30,4040.0,5,4034.48,1858651,178721.0,163368.0,4100.0,4110.0,4012.0,4092.6,25804100,4501.8,3683.4,4440.0,3288.1,4040.0,3,1,4038.9,29,2,4038.8,60,2,4038.7,12,1,4038.6,33,3,4040.2,30,2,4040.3,58,4,4040.4,1,1,4040.5,29,3,4040.7,24,1
11483,2026-07-02 14:34:12+05:30,4039.0,38,4034.48,1858651,178721.0,163368.0,4100.0,4110.0,4012.0,4092.6,25804100,4501.8,3683.4,4440.0,3288.1,4040.0,3,1,4038.9,29,2,4038.8,60,2,4038.7,12,1,4038.6,33,3,4040.2,30,2,4040.3,58,4,4040.4,1,1,4040.5,29,3,4040.7,24,1
11483,2026-07-02 14:34:12+05:30,4039.0,35,4034.48,1858862,178359.0,164504.0,4100.0,4110.0,4012.0,4092.6,25804100,4501.8,3683.4,4440.0,3288.1,4038.6,30,2,4038.5,482,4,4038.3,50,1,4038.2,112,4,4038.1,99,6,4039.0,25,1,4039.8,36,1,4039.9,49,1,4040.0,1446,4,4040.1,13,1
11483,2026-07-02 14:34:13+05:30,4038.6,2,4034.48,1858862,178359.0,164504.0,4100.0,4110.0,4012.0,4092.6,25804100,4501.8,3683.4,4440.0,3288.1,4038.6,30,2,4038.5,482,4,4038.3,50,1,4038.2,112,4,4038.1,99,6,4039.0,25,1,4039.8,36,1,4039.9,49,1,4040.0,1446,4,4040.1,13,1
11483,2026-07-02 14:34:13+05:30,4038.6,2,4034.48,1858919,178449.0,164795.0,4100.0,4110.0,4012.0,4092.6,25804100,4501.8,3683.4,4440.0,3288.1,4038.6,39,3,4038.5,441,4,4038.2,77,3,4038.1,101,7,4038.0,108,5,4039.0,25,1,4039.9,49,1,4040.0,1522,4,4040.1,13,1,4040.2,37,2
11483,2026-07-02 14:34:14+05:30,4038.6,7,4034.48,1858919,178449.0,164795.0,4100.0,4110.0,4012.0,4092.6,25804100,4501.8,3683.4,4440.0,3288.1,4038.6,39,3,4038.5,441,4,4038.2,77,3,4038.1,101,7,4038.0,108,5,4039.0,25,1,4039.9,49,1,4040.0,1522,4,4040.1,13,1,4040.2,37,2
11483,2026-07-02 14:34:14+05:30,4039.0,12,4034.48,1858938,178483.0,165383.0,4100.0,4110.0,4012.0,4092.6,25804100,4501.8,3683.4,4440.0,3288.1,4038.6,3,1,4038.5,430,3,4038.3,219,2,4038.2,77,3,4038.1,101,7,4039.0,13,1,4039.9,49,1,4040.0,1855,7,4040.1,13,1,4040.2,25,1
11483,2026-07-02 14:34:15+05:30,4038.5,62,4034.48,1858938,178483.0,165383.0,4100.0,4110.0,4012.0,4092.6,25804100,4501.8,3683.4,4440.0,3288.1,4038.6,3,1,4038.5,430,3,4038.3,219,2,4038.2,77,3,4038.1,101,7,4039.0,13,1,4039.9,49,1,4040.0,1855,7,4040.1,13,1,4040.2,25,1
11483,2026-07-02 14:34:15+05:30,4038.5,3,4034.48,1859804,177893.0,165730.0,4100.0,4110.0,4012.0,4092.6,25804100,4501.8,3683.4,4440.0,3288.1,4038.5,303,2,4038.3,175,1,4038.2,60,2,4038.1,14,3,4038.0,62,4,4039.0,31,3,4039.7,26,2,4039.8,77,3,4039.9,49,1,4040.0,1938,10
11483,2026-07-02 14:34:16+05:30,4039.0,3,4034.48,1859804,177893.0,165730.0,4100.0,4110.0,4012.0,4092.6,25804100,4501.8,3683.4,4440.0,3288.1,4038.5,303,2,4038.3,175,1,4038.2,60,2,4038.1,14,3,4038.0,62,4,4039.0,31,3,4039.7,26,2,4039.8,77,3,4039.9,49,1,4040.0,1938,10
11483,2026-07-02 14:34:16+05:30,4039.0,14,4034.48,1860650,177705.0,165886.0,4100.0,4110.0,4012.0,4092.6,25804100,4501.8,3683.4,4440.0,3288.1,4038.5,221,2,4038.3,175,1,4038.2,10,1,4038.1,9,2,4038.0,2,1,4039.0,26,2,4039.4,18,1,4039.5,20,1,4039.6,26,3,4039.7,26,2
11483,2026-07-02 14:34:17+05:30,4038.5,90,4034.48,1860650,177705.0,165886.0,4100.0,4110.0,4012.0,4092.6,25804100,4501.8,3683.4,4440.0,3288.1,4038.5,221,2,4038.3,175,1,4038.2,10,1,4038.1,9,2,4038.0,2,1,4039.0,26,2,4039.4,18,1,4039.5,20,1,4039.6,26,3,4039.7,26,2
11483,2026-07-02 14:34:17+05:30,4038.5,90,4034.48,1860751,177606.0,165813.0,4100.0,4110.0,4012.0,4092.6,25804100,4501.8,3683.4,4440.0,3288.1,4038.7,1,1,4038.6,10,1,4038.5,278,2,4038.3,227,2,4038.1,9,2,4039.0,26,2,4039.2,30,1,4039.3,24,1,4039.6,4,2,4039.7,77,4
11483,2026-07-02 14:34:18+05:30,4038.7,2,4034.48,1860751,177606.0,165813.0,4100.0,4110.0,4012.0,4092.6,25804100,4501.8,3683.4,4440.0,3288.1,4038.7,1,1,4038.6,10,1,4038.5,278,2,4038.3,227,2,4038.1,9,2,4039.0,26,2,4039.2,30,1,4039.3,24,1,4039.6,4,2,4039.7,77,4
11483,2026-07-02 14:34:18+05:30,4039.0,3,4034.48,1860769,177616.0,165865.0,4100.0,4110.0,4012.0,4092.6,25804100,4501.8,3683.4,4440.0,3288.1,4038.6,8,1,4038.5,278,2,4038.3,227,2,4038.1,9,2,4038.0,2,1,4039.0,23,2,4039.2,30,1,4039.6,4,2,4039.7,57,3,4039.8,52,3
11483,2026-07-02 14:34:19+05:30,4038.6,74,4034.48,1860769,177616.0,165865.0,4100.0,4110.0,4012.0,4092.6,25804100,4501.8,3683.4,4440.0,3288.1,4038.6,8,1,4038.5,278,2,4038.3,227,2,4038.1,9,2,4038.0,2,1,4039.0,23,2,4039.2,30,1,4039.6,4,2,4039.7,57,3,4039.8,52,3
11483,2026-07-02 14:34:19+05:30,4038.6,74,4034.48,1860845,177408.0,165904.0,4100.0,4110.0,4012.0,4092.6,25804100,4501.8,3683.4,4440.0,3288.1,4038.5,278,2,4038.3,175,1,4038.1,9,2,4038.0,2,1,4037.9,50,1,4039.0,44,3,4039.2,37,2,4039.5,24,1,4039.6,4,2,4039.7,101,5
11483,2026-07-02 14:34:20+05:30,4039.2,72,4034.48,1860845,177408.0,165904.0,4100.0,4110.0,4012.0,4092.6,25804100,4501.8,3683.4,4440.0,3288.1,4038.5,278,2,4038.3,175,1,4038.1,9,2,4038.0,2,1,4037.9,50,1,4039.0,44,3,4039.2,37,2,4039.5,24,1,4039.6,4,2,4039.7,101,5
11483,2026-07-02 14:34:20+05:30,4039.2,72,4034.49,1861105,177463.0,166361.0,4100.0,4110.0,4012.0,4092.6,25804100,4501.8,3683.4,4440.0,3288.1,4038.5,269,2,4038.1,9,2,4038.0,2,1,4037.9,50,1,4037.6,183,2,4039.2,13,1,4039.6,51,3,4039.8,77,3,4039.9,191,7,4040.0,1950,11
11483,2026-07-02 14:34:21+05:30,4038.5,123,4034.49,1861105,177463.0,166361.0,4100.0,4110.0,4012.0,4092.6,25804100,4501.8,3683.4,4440.0,3288.1,4038.5,269,2,4038.1,9,2,4038.0,2,1,4037.9,50,1,4037.6,183,2,4039.2,13,1,4039.6,51,3,4039.8,77,3,4039.9,191,7,4040.0,1950,11
11483,2026-07-02 14:34:21+05:30,4038.5,3,4034.49,1861955,177458.0,166439.0,4100.0,4110.0,4012.0,4092.6,25804100,4501.8,3683.4,4440.0,3288.1,4038.5,365,2,4038.1,4,1,4038.0,2,1,4037.6,183,2,4037.5,70,3,4039.1,67,3,4039.2,27,2,4039.3,16,1,4039.4,30,2,4039.5,44,2
11483,2026-07-02 14:34:22+05:30,4038.9,1,4034.49,1861955,177458.0,166439.0,4100.0,4110.0,4012.0,4092.6,25804100,4501.8,3683.4,4440.0,3288.1,4038.5,365,2,4038.1,4,1,4038.0,2,1,4037.6,183,2,4037.5,70,3,4039.1,67,3,4039.2,27,2,4039.3,16,1,4039.4,30,2,4039.5,44,2
11483,2026-07-02 14:34:22+05:30,4038.9,1,4034.49,1862058,177502.0,167263.0,4100.0,4110.0,4012.0,4092.6,25804100,4501.8,3683.4,4440.0,3288.1,4038.9,16,1,4038.8,42,1,4038.7,42,1,4038.6,42,1,4038.5,263,2,4039.1,27,2,4039.2,13,1,4039.4,29,1,4039.5,24,1,4039.6,27,2
11483,2026-07-02 14:34:23+05:30,4039.2,4,4034.49,1862058,177502.0,167263.0,4100.0,4110.0,4012.0,4092.6,25804100,4501.8,3683.4,4440.0,3288.1,4038.9,16,1,4038.8,42,1,4038.7,42,1,4038.6,42,1,4038.5,263,2,4039.1,27,2,4039.2,13,1,4039.4,29,1,4039.5,24,1,4039.6,27,2
11483,2026-07-02 14:34:23+05:30,4039.2,4,4034.49,1862088,177751.0,166795.0,4100.0,4110.0,4012.0,4092.6,25804100,4501.8,3683.4,4440.0,3288.1,4039.0,42,1,4038.9,42,1,4038.8,42,1,4038.6,42,1,4038.5,263,2,4039.2,13,1,4039.6,1,1,4039.8,2,1,4039.9,2,1,4040.0,1898,12
11483,2026-07-02 14:34:24+05:30,4039.6,1,4034.49,1862088,177751.0,166795.0,4100.0,4110.0,4012.0,4092.6,25804100,4501.8,3683.4,4440.0,3288.1,4039.0,42,1,4038.9,42,1,4038.8,42,1,4038.6,42,1,4038.5,263,2,4039.2,13,1,4039.6,1,1,4039.8,2,1,4039.9,2,1,4040.0,1898,12
11483,2026-07-02 14:34:24+05:30,4039.6,1,4034.49,1862122,178231.0,165506.0,4100.0,4110.0,4012.0,4092.6,25804100,4501.8,3683.4,4440.0,3288.1,4039.5,23,1,4039.4,42,1,4039.3,42,1,4039.2,82,2,4039.1,42,1,4040.0,1895,11,4040.1,1,1,4040.2,26,2,4040.3,33,2,4040.4,1,1
11483,2026-07-02 14:34:25+05:30,4040.0,1,4034.49,1862122,178231.0,165506.0,4100.0,4110.0,4012.0,4092.6,25804100,4501.8,3683.4,4440.0,3288.1,4039.5,23,1,4039.4,42,1,4039.3,42,1,4039.2,82,2,4039.1,42,1,4040.0,1895,11,4040.1,1,1,4040.2,26,2,4040.3,33,2,4040.4,1,1
11483,2026-07-02 14:34:25+05:30,4040.0,1,4034.49,1864499,178466.0,163207.0,4100.0,4110.0,4012.0,4092.6,25804100,4501.8,3683.4,4440.0,3288.1,4039.6,53,2,4039.5,61,2,4039.4,13,1,4039.3,42,1,4039.2,113,3,4040.0,212,3,4040.1,1,1,4040.2,29,2,4040.3,33,2,4040.4,1,1
11483,2026-07-02 14:34:26+05:30,4039.6,7,4034.49,1864499,178466.0,163207.0,4100.0,4110.0,4012.0,4092.6,25804100,4501.8,3683.4,4440.0,3288.1,4039.6,53,2,4039.5,61,2,4039.4,13,1,4039.3,42,1,4039.2,113,3,4040.0,212,3,4040.1,1,1,4040.2,29,2,4040.3,33,2,4040.4,1,1
11483,2026-07-02 14:34:26+05:30,4039.5,3,4034.49,1864604,178233.0,163405.0,4100.0,4110.0,4012.0,4092.6,25804100,4501.8,3683.4,4440.0,3288.1,4039.5,16,1,4039.2,82,2,4039.1,42,1,4039.0,43,2,4038.7,22,2,4039.6,22,1,4040.0,212,3,4040.1,1,1,4040.2,29,2,4040.3,33,2
11483,2026-07-02 14:34:27+05:30,4039.6,1,4034.49,1864604,178233.0,163405.0,4100.0,4110.0,4012.0,4092.6,25804100,4501.8,3683.4,4440.0,3288.1,4039.5,16,1,4039.2,82,2,4039.1,42,1,4039.0,43,2,4038.7,22,2,4039.6,22,1,4040.0,212,3,4040.1,1,1,4040.2,29,2,4040.3,33,2
11483,2026-07-02 14:34:27+05:30,4039.6,1,4034.49,1864618,178201.0,163779.0,4100.0,4110.0,4012.0,4092.6,25804100,4501.8,3683.4,4440.0,3288.1,4039.5,4,2,4039.4,42,1,4039.3,42,1,4039.2,81,1,4039.1,53,2,4039.6,21,1,4040.0,362,4,4040.1,1,1,4040.2,29,2,4040.3,33,2
11483,2026-07-02 14:34:28+05:30,4039.5,48,4034.49,1864618,178201.0,163779.0,4100.0,4110.0,4012.0,4092.6,25804100,4501.8,3683.4,4440.0,3288.1,4039.5,4,2,4039.4,42,1,4039.3,42,1,4039.2,81,1,4039.1,53,2,4039.6,21,1,4040.0,362,4,4040.1,1,1,4040.2,29,2,4040.3,33,2
11483,2026-07-02 14:34:28+05:30,4039.6,10,4034.49,1864680,178104.0,164401.0,4100.0,4110.0,4012.0,4092.6,25804100,4501.8,3683.4,4440.0,3288.1,4039.5,5,2,4039.4,42,1,4039.3,42,1,4039.2,81,1,4039.1,42,1,4039.6,13,2,4040.0,876,5,4040.1,1,1,4040.2,29,2,4040.3,33,2
11483,2026-07-02 14:34:29+05:30,4039.6,20,4034.49,1864680,178104.0,164401.0,4100.0,4110.0,4012.0,4092.6,25804100,4501.8,3683.4,4440.0,3288.1,4039.5,5,2,4039.4,42,1,4039.3,42,1,4039.2,81,1,4039.1,42,1,4039.6,13,2,4040.0,876,5,4040.1,1,1,4040.2,29,2,4040.3,33,2
11483,2026-07-02 14:34:29+05:30,4039.6,20,4034.5,1864720,177930.0,164204.0,4100.0,4110.0,4012.0,4092.6,25804100,4501.8,3683.4,4440.0,3288.1,4039.5,50,1,4039.0,8,2,4038.7,22,2,4038.5,284,3,4038.4,23,1,4039.6,9,1,4040.0,865,4,4040.1,1,1,4040.2,29,2,4040.3,33,2
11483,2026-07-02 14:34:30+05:30,4039.5,5,4034.5,1864720,177930.0,164204.0,4100.0,4110.0,4012.0,4092.6,25804100,4501.8,3683.4,4440.0,3288.1,4039.5,50,1,4039.0,8,2,4038.7,22,2,4038.5,284,3,4038.4,23,1,4039.6,9,1,4040.0,865,4,4040.1,1,1,4040.2,29,2,4040.3,33,2
11483,2026-07-02 14:34:30+05:30,4039.6,2,4034.5,1864727,178027.0,164355.0,4100.0,4110.0,4012.0,4092.6,25804100,4501.8,3683.4,4440.0,3288.1,4039.5,45,1,4039.0,8,2,4038.7,22,2,4038.5,263,2,4038.3,137,4,4039.6,7,1,4039.7,12,1,4040.0,865,4,4040.1,25,2,4040.2,29,2
11483,2026-07-02 14:34:30+05:30,4039.6,2,4034.5,1864727,178027.0,164355.0,4100.0,4110.0,4012.0,4092.6,25804100,4501.8,3683.4,4440.0,3288.1,4039.5,45,1,4039.0,8,2,4038.7,22,2,4038.5,263,2,4038.3,137,4,4039.6,7,1,4039.7,12,1,4040.0,865,4,4040.1,25,2,4040.2,29,2
11483,2026-07-02 14:34:31+05:30,4039.6,3,4034.5,1864727,178027.0,164355.0,4100.0,4110.0,4012.0,4092.6,25804100,4501.8,3683.4,4440.0,3288.1,4039.5,45,1,4039.0,8,2,4038.7,22,2,4038.5,263,2,4038.3,137,4,4039.6,7,1,4039.7,12,1,4040.0,865,4,4040.1,25,2,4040.2,29,2
11483,2026-07-02 14:34:31+05:30,4039.6,3,4034.5,1864727,178027.0,164355.0,4100.0,4110.0,4012.0,4092.6,25804100,4501.8,3683.4,4440.0,3288.1,4039.5,45,1,4039.0,8,2,4038.7,22,2,4038.5,263,2,4038.3,137,4,4039.6,7,1,4039.7,12,1,4040.0,865,4,4040.1,25,2,4040.2,29,2
11483,2026-07-02 14:34:31+05:30,4039.6,1,4034.5,1864785,178024.0,164627.0,4100.0,4110.0,4012.0,4092.6,25804100,4501.8,3683.4,4440.0,3288.1,4039.5,44,1,4039.0,8,2,4038.7,22,2,4038.5,263,2,4038.3,56,1,4039.6,96,4,4039.7,58,3,4039.8,42,1,4039.9,42,1,4040.0,885,6
11483,2026-07-02 14:34:31+05:30,4039.6,1,4034.5,1864785,178024.0,164627.0,4100.0,4110.0,4012.0,4092.6,25804100,4501.8,3683.4,4440.0,3288.1,4039.5,44,1,4039.0,8,2,4038.7,22,2,4038.5,263,2,4038.3,56,1,4039.6,96,4,4039.7,58,3,4039.8,42,1,4039.9,42,1,4040.0,885,6
11483,2026-07-02 14:34:32+05:30,4039.6,2,4034.5,1864785,178024.0,164627.0,4100.0,4110.0,4012.0,4092.6,25804100,4501.8,3683.4,4440.0,3288.1,4039.5,44,1,4039.0,8,2,4038.7,22,2,4038.5,263,2,4038.3,56,1,4039.6,96,4,4039.7,58,3,4039.8,42,1,4039.9,42,1,4040.0,885,6
11483,2026-07-02 14:34:32+05:30,4039.6,2,4034.5,1864785,178024.0,164627.0,4100.0,4110.0,4012.0,4092.6,25804100,4501.8,3683.4,4440.0,3288.1,4039.5,44,1,4039.0,8,2,4038.7,22,2,4038.5,263,2,4038.3,56,1,4039.6,96,4,4039.7,58,3,4039.8,42,1,4039.9,42,1,4040.0,885,6
11483,2026-07-02 14:34:32+05:30,4039.5,180,4034.5,1865289,177460.0,165657.0,4100.0,4110.0,4012.0,4092.6,25804100,4501.8,3683.4,4440.0,3288.1,4039.0,8,2,4038.7,20,1,4038.5,263,2,4038.1,4,1,4038.0,3,2,4039.5,80,4,4039.6,116,3,4039.7,60,3,4039.8,71,2,4039.9,97,3
11483,2026-07-02 14:34:32+05:30,4039.5,180,4034.5,1865289,177460.0,165657.0,4100.0,4110.0,4012.0,4092.6,25804100,4501.8,3683.4,4440.0,3288.1,4039.0,8,2,4038.7,20,1,4038.5,263,2,4038.1,4,1,4038.0,3,2,4039.5,80,4,4039.6,116,3,4039.7,60,3,4039.8,71,2,4039.9,97,3
11483,2026-07-02 14:34:33+05:30,4039.0,5,4034.5,1865289,177460.0,165657.0,4100.0,4110.0,4012.0,4092.6,25804100,4501.8,3683.4,4440.0,3288.1,4039.0,8,2,4038.7,20,1,4038.5,263,2,4038.1,4,1,4038.0,3,2,4039.5,80,4,4039.6,116,3,4039.7,60,3,4039.8,71,2,4039.9,97,3
11483,2026-07-02 14:34:33+05:30,4039.0,5,4034.5,1865302,177515.0,165914.0,4100.0,4110.0,4012.0,4092.6,25804100,4501.8,3683.4,4440.0,3288.1,4038.7,20,1,4038.5,265,3,4038.1,4,1,4038.0,3,2,4037.6,235,3,4039.0,1,1,4039.2,54,2,4039.3,93,2,4039.4,42,1,4039.5,97,4
11483,2026-07-02 14:34:33+05:30,4039.0,5,4034.5,1865302,177515.0,165914.0,4100.0,4110.0,4012.0,4092.6,25804100,4501.8,3683.4,4440.0,3288.1,4038.7,20,1,4038.5,265,3,4038.1,4,1,4038.0,3,2,4037.6,235,3,4039.0,1,1,4039.2,54,2,4039.3,93,2,4039.4,42,1,4039.5,97,4
11483,2026-07-02 14:34:34+05:30,4039.0,5,4034.5,1865302,177515.0,165914.0,4100.0,4110.0,4012.0,4092.6,25804100,4501.8,3683.4,4440.0,3288.1,4038.7,20,1,4038.5,265,3,4038.1,4,1,4038.0,3,2,4037.6,235,3,4039.0,1,1,4039.2,54,2,4039.3,93,2,4039.4,42,1,4039.5,97,4
11483,2026-07-02 14:34:34+05:30,4038.7,2,4034.5,1865302,177515.0,165914.0,4100.0,4110.0,4012.0,4092.6,25804100,4501.8,3683.4,4440.0,3288.1,4038.7,20,1,4038.5,265,3,4038.1,4,1,4038.0,3,2,4037.6,235,3,4039.0,1,1,4039.2,54,2,4039.3,93,2,4039.4,42,1,4039.5,97,4
11483,2026-07-02 14:34:34+05:30,4038.7,2,4034.5,1865302,177515.0,165914.0,4100.0,4110.0,4012.0,4092.6,25804100,4501.8,3683.4,4440.0,3288.1,4038.7,20,1,4038.5,265,3,4038.1,4,1,4038.0,3,2,4037.6,235,3,4039.0,1,1,4039.2,54,2,4039.3,93,2,4039.4,42,1,4039.5,97,4
11483,2026-07-02 14:34:34+05:30,4039.0,22,4034.5,1865523,177525.0,165794.0,4100.0,4110.0,4012.0,4092.6,25804100,4501.8,3683.4,4440.0,3288.1,4039.0,13,1,4038.7,16,1,4038.5,265,3,4038.1,4,1,4038.0,3,2,4039.1,42,1,4039.2,96,3,4039.4,8,1,4039.5,63,3,4039.6,35,2
11483,2026-07-02 14:34:34+05:30,4039.0,22,4034.5,1865523,177525.0,165794.0,4100.0,4110.0,4012.0,4092.6,25804100,4501.8,3683.4,4440.0,3288.1,4039.0,13,1,4038.7,16,1,4038.5,265,3,4038.1,4,1,4038.0,3,2,4039.1,42,1,4039.2,96,3,4039.4,8,1,4039.5,63,3,4039.6,35,2
11483,2026-07-02 14:34:35+05:30,4039.0,22,4034.5,1865523,177525.0,165794.0,4100.0,4110.0,4012.0,4092.6,25810925,4501.8,3683.4,4440.0,3288.1,4039.0,13,1,4038.7,16,1,4038.5,265,3,4038.1,4,1,4038.0,3,2,4039.1,42,1,4039.2,96,3,4039.4,8,1,4039.5,63,3,4039.6,35,2
11483,2026-07-02 14:34:35+05:30,4038.5,61,4034.5,1865523,177525.0,165794.0,4100.0,4110.0,4012.0,4092.6,25810925,4501.8,3683.4,4440.0,3288.1,4039.0,13,1,4038.7,16,1,4038.5,265,3,4038.1,4,1,4038.0,3,2,4039.1,42,1,4039.2,96,3,4039.4,8,1,4039.5,63,3,4039.6,35,2
11483,2026-07-02 14:34:35+05:30,4038.5,61,4034.5,1866036,177492.0,165933.0,4100.0,4110.0,4012.0,4092.6,25810925,4501.8,3683.4,4440.0,3288.1,4038.5,302,2,4038.1,4,1,4038.0,3,2,4037.6,235,3,4037.5,12,1,4039.0,3,1,4039.1,64,3,4039.2,14,1,4039.3,42,1,4039.4,84,2
11483,2026-07-02 14:34:35+05:30,4038.5,61,4034.5,1866036,177492.0,165933.0,4100.0,4110.0,4012.0,4092.6,25810925,4501.8,3683.4,4440.0,3288.1,4038.5,302,2,4038.1,4,1,4038.0,3,2,4037.6,235,3,4037.5,12,1,4039.0,3,1,4039.1,64,3,4039.2,14,1,4039.3,42,1,4039.4,84,2
11483,2026-07-02 14:34:36+05:30,4038.5,61,4034.5,1866036,177492.0,165933.0,4100.0,4110.0,4012.0,4092.6,25810925,4501.8,3683.4,4440.0,3288.1,4038.5,302,2,4038.1,4,1,4038.0,3,2,4037.6,235,3,4037.5,12,1,4039.0,3,1,4039.1,64,3,4039.2,14,1,4039.3,42,1,4039.4,84,2
11483,2026-07-02 14:34:36+05:30,4038.5,210,4034.5,1866036,177492.0,165933.0,4100.0,4110.0,4012.0,4092.6,25810925,4501.8,3683.4,4440.0,3288.1,4038.5,302,2,4038.1,4,1,4038.0,3,2,4037.6,235,3,4037.5,12,1,4039.0,3,1,4039.1,64,3,4039.2,14,1,4039.3,42,1,4039.4,84,2
11483,2026-07-02 14:34:36+05:30,4038.1,1,4034.5,1866550,176002.0,165529.0,4100.0,4110.0,4012.0,4092.6,25810925,4501.8,3683.4,4440.0,3288.1,4038.1,3,1,4038.0,3,2,4037.2,6,2,4037.1,1200,3,4037.0,175,1,4038.6,30,1,4038.7,36,2,4038.8,78,3,4038.9,58,2,4039.0,44,2
11483,2026-07-02 14:34:36+05:30,4038.1,1,4034.5,1866550,176002.0,165529.0,4100.0,4110.0,4012.0,4092.6,25810925,4501.8,3683.4,4440.0,3288.1,4038.1,3,1,4038.0,3,2,4037.2,6,2,4037.1,1200,3,4037.0,175,1,4038.6,30,1,4038.7,36,2,4038.8,78,3,4038.9,58,2,4039.0,44,2
11483,2026-07-02 14:34:37+05:30,4038.1,1,4034.5,1866550,176002.0,165529.0,4100.0,4110.0,4012.0,4092.6,25810925,4501.8,3683.4,4440.0,3288.1,4038.1,3,1,4038.0,3,2,4037.2,6,2,4037.1,1200,3,4037.0,175,1,4038.6,30,1,4038.7,36,2,4038.8,78,3,4038.9,58,2,4039.0,44,2
11483,2026-07-02 14:34:37+05:30,4038.1,25,4034.5,1866550,176002.0,165529.0,4100.0,4110.0,4012.0,4092.6,25810925,4501.8,3683.4,4440.0,3288.1,4038.1,3,1,4038.0,3,2,4037.2,6,2,4037.1,1200,3,4037.0,175,1,4038.6,30,1,4038.7,36,2,4038.8,78,3,4038.9,58,2,4039.0,44,2
11483,2026-07-02 14:34:37+05:30,4038.1,25,4034.5,1866593,176011.0,165746.0,4100.0,4110.0,4012.0,4092.6,25810925,4501.8,3683.4,4440.0,3288.1,4038.0,4,3,4037.2,88,3,4037.1,1252,4,4037.0,175,1,4036.9,16,2,4038.1,46,2,4038.5,42,1,4038.6,42,1,4038.7,42,1,4038.8,39,2
11483,2026-07-02 14:34:38+05:30,4038.3,1,4034.5,1866593,176011.0,165746.0,4100.0,4110.0,4012.0,4092.6,25810925,4501.8,3683.4,4440.0,3288.1,4038.0,4,3,4037.2,88,3,4037.1,1252,4,4037.0,175,1,4036.9,16,2,4038.1,46,2,4038.5,42,1,4038.6,42,1,4038.7,42,1,4038.8,39,2
11483,2026-07-02 14:34:38+05:30,4038.1,1,4034.5,1866659,176126.0,165325.0,4100.0,4110.0,4012.0,4092.6,25810925,4501.8,3683.4,4440.0,3288.1,4038.1,6,1,4037.6,175,1,4037.4,105,5,4037.3,53,2,4037.2,77,4,4038.3,41,1,4038.4,42,1,4038.5,41,1,4038.6,42,1,4038.8,25,1
11483,2026-07-02 14:34:39+05:30,4038.3,3,4034.5,1866659,176126.0,165325.0,4100.0,4110.0,4012.0,4092.6,25810925,4501.8,3683.4,4440.0,3288.1,4038.1,6,1,4037.6,175,1,4037.4,105,5,4037.3,53,2,4037.2,77,4,4038.3,41,1,4038.4,42,1,4038.5,41,1,4038.6,42,1,4038.8,25,1
11483,2026-07-02 14:34:39+05:30,4038.3,3,4034.5,1866795,176299.0,165278.0,4100.0,4110.0,4012.0,4092.6,25810925,4501.8,3683.4,4440.0,3288.1,4037.9,22,3,4037.8,10,2,4037.7,62,3,4037.6,256,4,4037.5,27,3,4038.1,1,1,4038.2,40,1,4038.5,83,2,4038.7,42,1,4039.0,2,1
11483,2026-07-02 14:34:40+05:30,4038.3,1,4034.5,1866795,176299.0,165278.0,4100.0,4110.0,4012.0,4092.6,25810925,4501.8,3683.4,4440.0,3288.1,4037.9,22,3,4037.8,10,2,4037.7,62,3,4037.6,256,4,4037.5,27,3,4038.1,1,1,4038.2,40,1,4038.5,83,2,4038.7,42,1,4039.0,2,1
11483,2026-07-02 14:34:40+05:30,4038.3,1,4034.5,1866868,176454.0,165493.0,4100.0,4110.0,4012.0,4092.6,25810925,4501.8,3683.4,4440.0,3288.1,4037.9,14,2,4037.8,3,1,4037.7,38,2,4037.6,331,3,4037.5,16,2,4038.1,80,1,4038.3,83,2,4038.5,83,2,4039.0,2,1,4039.4,18,1
11483,2026-07-02 14:34:41+05:30,4038.1,28,4034.5,1866868,176454.0,165493.0,4100.0,4110.0,4012.0,4092.6,25810925,4501.8,3683.4,4440.0,3288.1,4037.9,14,2,4037.8,3,1,4037.7,38,2,4037.6,331,3,4037.5,16,2,4038.1,80,1,4038.3,83,2,4038.5,83,2,4039.0,2,1,4039.4,18,1
11483,2026-07-02 14:34:41+05:30,4038.1,28,4034.5,1866905,176630.0,165715.0,4100.0,4110.0,4012.0,4092.6,25810925,4501.8,3683.4,4440.0,3288.1,4037.9,35,4,4037.8,64,6,4037.7,12,1,4037.6,331,3,4037.5,13,1,4038.1,54,2,4038.3,83,2,4038.5,96,3,4038.6,14,1,4039.0,202,2
11483,2026-07-02 14:34:42+05:30,4038.0,1,4034.5,1866905,176630.0,165715.0,4100.0,4110.0,4012.0,4092.6,25810925,4501.8,3683.4,4440.0,3288.1,4037.9,35,4,4037.8,64,6,4037.7,12,1,4037.6,331,3,4037.5,13,1,4038.1,54,2,4038.3,83,2,4038.5,96,3,4038.6,14,1,4039.0,202,2
11483,2026-07-02 14:34:42+05:30,4038.0,1,4034.5,1866913,176636.0,165579.0,4100.0,4110.0,4012.0,4092.6,25810925,4501.8,3683.4,4440.0,3288.1,4038.0,17,3,4037.9,23,3,4037.8,30,3,4037.7,58,2,4037.6,331,3,4038.5,13,1,4038.6,14,1,4039.0,202,2,4039.5,52,3,4039.6,133,3
11483,2026-07-02 14:34:43+05:30,4038.0,1,4034.5,1866913,176636.0,165579.0,4100.0,4110.0,4012.0,4092.6,25810925,4501.8,3683.4,4440.0,3288.1,4038.0,17,3,4037.9,23,3,4037.8,30,3,4037.7,58,2,4037.6,331,3,4038.5,13,1,4038.6,14,1,4039.0,202,2,4039.5,52,3,4039.6,133,3
11483,2026-07-02 14:34:43+05:30,4038.0,1,4034.5,1866917,176558.0,165725.0,4100.0,4110.0,4012.0,4092.6,25810925,4501.8,3683.4,4440.0,3288.1,4038.0,6,1,4037.9,16,2,4037.8,30,3,4037.7,58,2,4037.6,331,3,4038.5,13,1,4038.6,14,1,4039.0,202,2,4039.4,21,1,4039.5,52,3
11483,2026-07-02 14:34:44+05:30,4039.0,1,4034.5,1866917,176558.0,165725.0,4100.0,4110.0,4012.0,4092.6,25810925,4501.8,3683.4,4440.0,3288.1,4038.0,6,1,4037.9,16,2,4037.8,30,3,4037.7,58,2,4037.6,331,3,4038.5,13,1,4038.6,14,1,4039.0,202,2,4039.4,21,1,4039.5,52,3
11483,2026-07-02 14:34:44+05:30,4039.0,1,4034.5,1867378,177442.0,164764.0,4100.0,4110.0,4012.0,4092.6,25810925,4501.8,3683.4,4440.0,3288.1,4038.5,21,3,4038.4,37,6,4038.3,58,3,4038.2,29,3,4038.1,10,2,4039.0,2,1,4039.5,20,1,4039.6,133,3,4039.7,22,1,4040.0,1059,7
11483,2026-07-02 14:34:45+05:30,4039.5,7,4034.5,1867446,177945.0,164656.0,4100.0,4110.0,4012.0,4092.6,25810925,4501.8,3683.4,4440.0,3288.1,4038.6,10,2,4038.5,23,3,4038.4,36,3,4038.3,34,2,4038.2,17,2,4039.5,13,1,4039.6,133,3,4039.7,22,1,4040.0,1059,7,4040.1,53,2
11483,2026-07-02 14:34:45+05:30,4038.6,6,4034.5,1867446,177945.0,164656.0,4100.0,4110.0,4012.0,4092.6,25810925,4501.8,3683.4,4440.0,3288.1,4038.6,10,2,4038.5,23,3,4038.4,36,3,4038.3,34,2,4038.2,17,2,4039.5,13,1,4039.6,133,3,4039.7,22,1,4040.0,1059,7,4040.1,53,2
11483,2026-07-02 14:34:46+05:30,4039.5,8,4034.5,1867498,177432.0,164398.0,4100.0,4110.0,4012.0,4092.6,25810925,4501.8,3683.4,4440.0,3288.1,4038.5,44,5,4038.4,24,2,4038.3,57,3,4038.2,44,3,4038.1,10,2,4039.5,5,1,4039.6,133,3,4039.7,22,1,4040.0,994,6,4040.1,53,2
11483,2026-07-02 14:34:46+05:30,4038.5,5,4034.5,1867498,177432.0,164398.0,4100.0,4110.0,4012.0,4092.6,25810925,4501.8,3683.4,4440.0,3288.1,4038.5,44,5,4038.4,24,2,4038.3,57,3,4038.2,44,3,4038.1,10,2,4039.5,5,1,4039.6,133,3,4039.7,22,1,4040.0,994,6,4040.1,53,2
11483,2026-07-02 14:34:47+05:30,4039.0,1,4034.5,1867505,177626.0,165057.0,4100.0,4110.0,4012.0,4092.6,25810925,4501.8,3683.4,4440.0,3288.1,4038.5,6,1,4038.3,34,2,4038.2,17,2,4038.1,65,4,4038.0,67,5,4039.0,9,1,4039.5,5,1,4039.6,133,3,4039.7,82,2,4040.0,994,6
11483,2026-07-02 14:34:47+05:30,4038.5,1,4034.5,1867505,177626.0,165057.0,4100.0,4110.0,4012.0,4092.6,25810925,4501.8,3683.4,4440.0,3288.1,4038.5,6,1,4038.3,34,2,4038.2,17,2,4038.1,65,4,4038.0,67,5,4039.0,9,1,4039.5,5,1,4039.6,133,3,4039.7,82,2,4040.0,994,6
11483,2026-07-02 14:34:48+05:30,4039.0,1,4034.5,1867507,177673.0,165287.0,4100.0,4110.0,4012.0,4092.6,25810925,4501.8,3683.4,4440.0,3288.1,4038.5,5,1,4038.3,34,2,4038.2,17,2,4038.1,58,3,4038.0,67,5,4039.0,10,2,4039.5,5,1,4039.6,133,3,4039.7,82,2,4040.0,994,6
11483,2026-07-02 14:34:48+05:30,4039.0,1,4034.5,1867507,177673.0,165287.0,4100.0,4110.0,4012.0,4092.6,25810925,4501.8,3683.4,4440.0,3288.1,4038.5,5,1,4038.3,34,2,4038.2,17,2,4038.1,58,3,4038.0,67,5,4039.0,10,2,4039.5,5,1,4039.6,133,3,4039.7,82,2,4040.0,994,6
11483,2026-07-02 14:34:49+05:30,4039.0,1,4034.5,1867507,177668.0,165332.0,4100.0,4110.0,4012.0,4092.6,25810925,4501.8,3683.4,4440.0,3288.1,4038.5,5,1,4038.3,34,2,4038.2,14,1,4038.1,55,2,4038.0,67,5,4039.0,10,2,4039.5,5,1,4039.6,133,3,4039.7,82,2,4040.0,998,8
11483,2026-07-02 14:34:50+05:30,4039.0,2,4034.5,1867509,177661.0,165345.0,4100.0,4110.0,4012.0,4092.6,25810925,4501.8,3683.4,4440.0,3288.1,4038.5,19,2,4038.3,20,1,4038.1,38,1,4038.0,58,5,4037.9,21,1,4039.0,8,2,4039.5,5,1,4039.6,133,3,4039.7,82,2,4040.0,999,9
11483,2026-07-02 14:34:50+05:30,4039.0,2,4034.5,1867509,177661.0,165345.0,4100.0,4110.0,4012.0,4092.6,25810925,4501.8,3683.4,4440.0,3288.1,4038.5,19,2,4038.3,20,1,4038.1,38,1,4038.0,58,5,4037.9,21,1,4039.0,8,2,4039.5,5,1,4039.6,133,3,4039.7,82,2,4040.0,999,9
11483,2026-07-02 14:34:51+05:30,4039.6,4,4034.5,1867551,177828.0,165911.0,4100.0,4110.0,4012.0,4092.6,25810925,4501.8,3683.4,4440.0,3288.1,4039.0,4,1,4038.5,17,2,4038.3,20,1,4038.0,58,5,4037.9,21,1,4039.6,135,3,4039.7,22,1,4040.0,996,8,4040.1,88,4,4040.2,39,3
11483,2026-07-02 14:34:51+05:30,4039.0,4,4034.5,1867551,177828.0,165911.0,4100.0,4110.0,4012.0,4092.6,25810925,4501.8,3683.4,4440.0,3288.1,4039.0,4,1,4038.5,17,2,4038.3,20,1,4038.0,58,5,4037.9,21,1,4039.6,135,3,4039.7,22,1,4040.0,996,8,4040.1,88,4,4040.2,39,3
11483,2026-07-02 14:34:52+05:30,4039.0,4,4034.5,1867555,177604.0,165344.0,4100.0,4110.0,4012.0,4092.6,25810925,4501.8,3683.4,4440.0,3288.1,4038.5,14,1,4038.0,28,4,4037.8,97,4,4037.7,50,1,4037.6,259,5,4039.0,1,1,4039.6,175,4,4039.7,34,2,4040.0,1009,10,4040.1,91,5
11483,2026-07-02 14:34:53+05:30,4038.5,5,4034.5,1867555,177604.0,165344.0,4100.0,4110.0,4012.0,4092.6,25810925,4501.8,3683.4,4440.0,3288.1,4038.5,14,1,4038.0,28,4,4037.8,97,4,4037.7,50,1,4037.6,259,5,4039.0,1,1,4039.6,175,4,4039.7,34,2,4040.0,1009,10,4040.1,91,5
11483,2026-07-02 14:34:53+05:30,4038.5,5,4034.5,1867561,177719.0,165474.0,4100.0,4110.0,4012.0,4092.6,25810925,4501.8,3683.4,4440.0,3288.1,4038.5,8,1,4038.0,21,3,4037.8,47,3,4037.7,35,1,4037.6,229,3,4039.0,1,1,4039.5,41,2,4039.6,197,5,4039.7,58,3,4039.8,50,2
11483,2026-07-02 14:34:54+05:30,4039.0,2,4034.5,1867561,177719.0,165474.0,4100.0,4110.0,4012.0,4092.6,25810925,4501.8,3683.4,4440.0,3288.1,4038.5,8,1,4038.0,21,3,4037.8,47,3,4037.7,35,1,4037.6,229,3,4039.0,1,1,4039.5,41,2,4039.6,197,5,4039.7,58,3,4039.8,50,2
11483,2026-07-02 14:34:54+05:30,4039.0,2,4034.5,1867581,177845.0,165300.0,4100.0,4110.0,4012.0,4092.6,25810925,4501.8,3683.4,4440.0,3288.1,4038.5,3,1,4038.0,21,3,4037.8,19,2,4037.7,56,1,4037.6,307,4,4039.5,2,1,4039.6,189,5,4039.7,58,3,4039.8,50,2,4040.0,1074,11
11483,2026-07-02 14:34:55+05:30,4039.4,4,4034.5,1867581,177845.0,165300.0,4100.0,4110.0,4012.0,4092.6,25810925,4501.8,3683.4,4440.0,3288.1,4038.5,3,1,4038.0,21,3,4037.8,19,2,4037.7,56,1,4037.6,307,4,4039.5,2,1,4039.6,189,5,4039.7,58,3,4039.8,50,2,4040.0,1074,11
11483,2026-07-02 14:34:55+05:30,4039.4,2,4034.5,1867613,177006.0,166023.0,4100.0,4110.0,4012.0,4092.6,25810925,4501.8,3683.4,4440.0,3288.1,4038.1,5,1,4038.0,21,3,4037.8,19,2,4037.6,253,2,4037.5,13,1,4039.4,65,3,4039.5,96,6,4039.6,657,5,4039.7,58,3,4039.8,112,4
11483,2026-07-02 14:34:56+05:30,4038.1,1,4034.5,1867618,176635.0,166545.0,4100.0,4110.0,4012.0,4092.6,25810925,4501.8,3683.4,4440.0,3288.1,4038.0,21,3,4037.8,17,1,4037.6,253,2,4037.4,52,1,4037.2,20,3,4038.1,30,3,4039.0,20,1,4039.1,49,1,4039.2,52,1,4039.3,49,1
11483,2026-07-02 14:34:56+05:30,4038.1,1,4034.5,1867618,176635.0,166545.0,4100.0,4110.0,4012.0,4092.6,25810925,4501.8,3683.4,4440.0,3288.1,4038.0,21,3,4037.8,17,1,4037.6,253,2,4037.4,52,1,4037.2,20,3,4038.1,30,3,4039.0,20,1,4039.1,49,1,4039.2,52,1,4039.3,49,1
11483,2026-07-02 14:34:57+05:30,4038.1,1,4034.5,1867669,176652.0,166842.0,4100.0,4110.0,4012.0,4092.6,25810925,4501.8,3683.4,4440.0,3288.1,4038.0,21,3,4037.8,51,2,4037.6,331,3,4037.4,52,1,4037.3,11,3,4038.1,2,2,4039.0,20,1,4039.3,25,2,4039.4,34,3,4039.5,44,4
11483,2026-07-02 14:34:57+05:30,4038.0,5,4034.5,1867669,176652.0,166842.0,4100.0,4110.0,4012.0,4092.6,25810925,4501.8,3683.4,4440.0,3288.1,4038.0,21,3,4037.8,51,2,4037.6,331,3,4037.4,52,1,4037.3,11,3,4038.1,2,2,4039.0,20,1,4039.3,25,2,4039.4,34,3,4039.5,44,4
11483,2026-07-02 14:34:58+05:30,4039.0,10,4034.5,1867689,176721.0,166833.0,4100.0,4110.0,4012.0,4092.6,25810925,4501.8,3683.4,4440.0,3288.1,4038.0,16,3,4037.8,17,1,4037.7,11,1,4037.6,331,3,4037.4,52,1,4039.0,74,5,4039.1,22,1,4039.3,13,1,4039.5,101,5,4039.6,660,5
11483,2026-07-02 14:34:58+05:30,4038.0,3,4034.5,1867689,176721.0,166833.0,4100.0,4110.0,4012.0,4092.6,25810925,4501.8,3683.4,4440.0,3288.1,4038.0,16,3,4037.8,17,1,4037.7,11,1,4037.6,331,3,4037.4,52,1,4039.0,74,5,4039.1,22,1,4039.3,13,1,4039.5,101,5,4039.6,660,5
11483,2026-07-02 14:34:59+05:30,4039.0,7,4034.5,1867689,176721.0,166833.0,4100.0,4110.0,4012.0,4092.6,25810925,4501.8,3683.4,4440.0,3288.1,4038.0,16,3,4037.8,17,1,4037.7,11,1,4037.6,331,3,4037.4,52,1,4039.0,74,5,4039.1,22,1,4039.3,13,1,4039.5,101,5,4039.6,660,5
11483,2026-07-02 14:34:59+05:30,4039.0,7,4034.5,1867702,176523.0,168716.0,4100.0,4110.0,4012.0,4092.6,25810925,4501.8,3683.4,4440.0,3288.1,4038.0,10,2,4037.8,17,1,4037.3,2,1,4037.2,1,1,4037.1,1257,5,4039.0,67,5,4039.1,44,2,4039.3,89,2,4039.4,136,5,4039.5,130,6
11483,2026-07-02 14:35:00+05:30,4038.0,1,4034.5,1867702,176523.0,168716.0,4100.0,4110.0,4012.0,4092.6,25810925,4501.8,3683.4,4440.0,3288.1,4038.0,10,2,4037.8,17,1,4037.3,2,1,4037.2,1,1,4037.1,1257,5,4039.0,67,5,4039.1,44,2,4039.3,89,2,4039.4,136,5,4039.5,130,6
11483,2026-07-02 14:35:00+05:30,4038.0,1,4034.5,1867707,176221.0,168265.0,4100.0,4110.0,4012.0,4092.6,25810925,4501.8,3683.4,4440.0,3288.1,4038.0,8,2,4037.8,17,1,4037.3,2,1,4037.2,1,1,4037.1,1200,3,4038.1,40,1,4038.9,24,1,4039.0,44,3,4039.1,96,3,4039.2,73,2
11483,2026-07-02 14:35:01+05:30,4038.1,7,4034.5,1867775,176554.0,168406.0,4100.0,4110.0,4012.0,4092.6,25810925,4501.8,3683.4,4440.0,3288.1,4038.5,2,2,4038.0,8,2,4037.8,17,1,4037.3,67,2,4037.2,87,4,4038.8,30,2,4038.9,32,2,4039.0,15,1,4039.1,96,3,4039.2,37,2
11483,2026-07-02 14:35:01+05:30,4038.5,2,4034.5,1867775,176554.0,168406.0,4100.0,4110.0,4012.0,4092.6,25810925,4501.8,3683.4,4440.0,3288.1,4038.5,2,2,4038.0,8,2,4037.8,17,1,4037.3,67,2,4037.2,87,4,4038.8,30,2,4038.9,32,2,4039.0,15,1,4039.1,96,3,4039.2,37,2
11483,2026-07-02 14:35:02+05:30,4038.5,1,4034.5,1867781,176594.0,168616.0,4100.0,4110.0,4012.0,4092.6,25810925,4501.8,3683.4,4440.0,3288.1,4038.0,209,4,4037.8,17,1,4037.3,2,1,4037.2,127,4,4037.1,1206,4,4038.5,1,1,4038.8,30,2,4038.9,24,1,4039.0,15,1,4039.1,44,2
11483,2026-07-02 14:35:02+05:30,4038.0,1,4034.5,1867781,176594.0,168616.0,4100.0,4110.0,4012.0,4092.6,25810925,4501.8,3683.4,4440.0,3288.1,4038.0,209,4,4037.8,17,1,4037.3,2,1,4037.2,127,4,4037.1,1206,4,4038.5,1,1,4038.8,30,2,4038.9,24,1,4039.0,15,1,4039.1,44,2
11483,2026-07-02 14:35:03+05:30,4038.0,200,4034.5,1867781,176594.0,168616.0,4100.0,4110.0,4012.0,4092.6,25810925,4501.8,3683.4,4440.0,3288.1,4038.0,209,4,4037.8,17,1,4037.3,2,1,4037.2,127,4,4037.1,1206,4,4038.5,1,1,4038.8,30,2,4038.9,24,1,4039.0,15,1,4039.1,44,2
11483,2026-07-02 14:35:03+05:30,4038.4,1,4034.5,1867991,176083.0,168062.0,4100.0,4110.0,4012.0,4092.6,25810925,4501.8,3683.4,4440.0,3288.1,4037.2,1,1,4037.1,1200,3,4037.0,175,1,4036.8,52,1,4036.7,13,1,4038.4,86,5,4038.5,94,7,4038.6,31,2,4038.7,105,3,4038.8,52,2
11483,2026-07-02 14:35:04+05:30,4037.1,50,4034.5,1867991,176083.0,168062.0,4100.0,4110.0,4012.0,4092.6,25810925,4501.8,3683.4,4440.0,3288.1,4037.2,1,1,4037.1,1200,3,4037.0,175,1,4036.8,52,1,4036.7,13,1,4038.4,86,5,4038.5,94,7,4038.6,31,2,4038.7,105,3,4038.8,52,2
11483,2026-07-02 14:35:04+05:30,4037.1,50,4034.5,1868042,175512.0,168963.0,4100.0,4110.0,4012.0,4092.6,25810925,4501.8,3683.4,4440.0,3288.1,4037.1,1150,3,4037.0,175,1,4036.8,52,1,4036.7,13,1,4036.6,178,2,4037.2,2,1,4038.3,89,2,4038.4,61,3,4038.5,82,6,4038.6,34,2
11483,2026-07-02 14:35:05+05:30,4038.3,1,4034.5,1868042,175512.0,168963.0,4100.0,4110.0,4012.0,4092.6,25810925,4501.8,3683.4,4440.0,3288.1,4037.1,1150,3,4037.0,175,1,4036.8,52,1,4036.7,13,1,4036.6,178,2,4037.2,2,1,4038.3,89,2,4038.4,61,3,4038.5,82,6,4038.6,34,2
11483,2026-07-02 14:35:05+05:30,4038.3,1,4034.5,1868073,175783.0,167759.0,4100.0,4110.0,4012.0,4092.6,25810925,4501.8,3683.4,4440.0,3288.1,4037.2,16,1,4037.1,1144,3,4037.0,175,1,4036.9,3,1,4036.8,52,1,4038.1,12,1,4038.3,70,3,4038.4,19,1,4038.5,45,4,4038.6,48,3
11483,2026-07-02 14:35:06+05:30,4038.1,1,4034.5,1868073,175783.0,167759.0,4100.0,4110.0,4012.0,4092.6,25810925,4501.8,3683.4,4440.0,3288.1,4037.2,16,1,4037.1,1144,3,4037.0,175,1,4036.9,3,1,4036.8,52,1,4038.1,12,1,4038.3,70,3,4038.4,19,1,4038.5,45,4,4038.6,48,3
11483,2026-07-02 14:35:06+05:30,4038.1,1,4034.5,1868085,175781.0,167838.0,4100.0,4110.0,4012.0,4092.6,25810925,4501.8,3683.4,4440.0,3288.1,4037.2,12,1,4037.1,1144,3,4037.0,175,1,4036.9,10,1,4036.8,52,1,4038.1,77,4,4038.2,20,1,4038.3,5,1,4038.4,19,1,4038.5,45,4
11483,2026-07-02 14:35:07+05:30,4037.2,2,4034.5,1868085,175781.0,167838.0,4100.0,4110.0,4012.0,4092.6,25810925,4501.8,3683.4,4440.0,3288.1,4037.2,12,1,4037.1,1144,3,4037.0,175,1,4036.9,10,1,4036.8,52,1,4038.1,77,4,4038.2,20,1,4038.3,5,1,4038.4,19,1,4038.5,45,4
11483,2026-07-02 14:35:07+05:30,4037.2,2,4034.5,1868089,175645.0,168929.0,4100.0,4110.0,4012.0,4092.6,25810925,4501.8,3683.4,4440.0,3288.1,4037.2,8,1,4037.1,1144,3,4037.0,175,1,4036.8,52,1,4036.7,13,1,4037.7,14,1,4038.1,79,5,4038.2,20,1,4038.3,5,1,4038.4,19,1
11483,2026-07-02 14:35:08+05:30,4037.7,66,4034.5,1868089,175645.0,168929.0,4100.0,4110.0,4012.0,4092.6,25810925,4501.8,3683.4,4440.0,3288.1,4037.2,8,1,4037.1,1144,3,4037.0,175,1,4036.8,52,1,4036.7,13,1,4037.7,14,1,4038.1,79,5,4038.2,20,1,4038.3,5,1,4038.4,19,1
11483,2026-07-02 14:35:08+05:30,4037.7,66,4034.5,1868155,175634.0,168729.0,4100.0,4110.0,4012.0,4092.6,25810925,4501.8,3683.4,4440.0,3288.1,4037.2,8,1,4037.1,1144,3,4037.0,175,1,4036.8,52,1,4036.7,13,1,4037.7,14,1,4038.1,79,5,4038.2,20,1,4038.3,5,1,4038.4,65,3
11483,2026-07-02 14:35:09+05:30,4037.7,2,4034.5,1868155,175634.0,168729.0,4100.0,4110.0,4012.0,4092.6,25810925,4501.8,3683.4,4440.0,3288.1,4037.2,8,1,4037.1,1144,3,4037.0,175,1,4036.8,52,1,4036.7,13,1,4037.7,14,1,4038.1,79,5,4038.2,20,1,4038.3,5,1,4038.4,65,3
11483,2026-07-02 14:35:09+05:30,4037.7,2,4034.5,1868165,174995.0,169108.0,4100.0,4110.0,4012.0,4092.6,25810925,4501.8,3683.4,4440.0,3288.1,4037.2,16,1,4037.1,1144,3,4037.0,175,1,4036.5,10,1,4036.4,52,1,4037.7,12,1,4038.1,90,6,4038.2,32,2,4038.3,5,1,4038.4,53,2
11483,2026-07-02 14:35:10+05:30,4037.7,11,4034.5,1868165,174995.0,169108.0,4100.0,4110.0,4012.0,4092.6,25810925,4501.8,3683.4,4440.0,3288.1,4037.2,16,1,4037.1,1144,3,4037.0,175,1,4036.5,10,1,4036.4,52,1,4037.7,12,1,4038.1,90,6,4038.2,32,2,4038.3,5,1,4038.4,53,2
11483,2026-07-02 14:35:10+05:30,4037.7,11,4034.5,1868288,174913.0,168891.0,4100.0,4110.0,4012.0,4092.6,25810925,4501.8,3683.4,4440.0,3288.1,4037.1,1144,3,4037.0,175,1,4036.5,10,1,4036.4,2,1,4036.3,64,2,4037.7,1,1,4038.1,30,2,4038.2,12,1,4038.3,29,2,4038.4,32,1
11483,2026-07-02 14:35:11+05:30,4038.1,6,4034.5,1868364,175067.0,168204.0,4100.0,4110.0,4012.0,4092.6,25810925,4501.8,3683.4,4440.0,3288.1,4037.3,25,1,4037.1,1129,3,4037.0,175,1,4036.6,13,2,4036.5,16,2,4038.1,5,1,4038.2,12,1,4038.3,24,1,4038.5,6,2,4038.6,25,1
11483,2026-07-02 14:35:11+05:30,4037.3,9,4034.5,1868364,175067.0,168204.0,4100.0,4110.0,4012.0,4092.6,25810925,4501.8,3683.4,4440.0,3288.1,4037.3,25,1,4037.1,1129,3,4037.0,175,1,4036.6,13,2,4036.5,16,2,4038.1,5,1,4038.2,12,1,4038.3,24,1,4038.5,6,2,4038.6,25,1
11483,2026-07-02 14:35:12+05:30,4037.3,9,4034.5,1868373,175346.0,167731.0,4100.0,4110.0,4012.0,4092.6,25810925,4501.8,3683.4,4440.0,3288.1,4037.3,16,1,4037.1,1129,3,4037.0,175,1,4036.8,12,1,4036.7,52,1,4038.1,5,1,4038.2,12,1,4038.5,6,2,4038.8,50,2,4038.9,36,2
11483,2026-07-02 14:35:13+05:30,4038.1,1,4034.5,1868373,175346.0,167731.0,4100.0,4110.0,4012.0,4092.6,25810925,4501.8,3683.4,4440.0,3288.1,4037.3,16,1,4037.1,1129,3,4037.0,175,1,4036.8,12,1,4036.7,52,1,4038.1,5,1,4038.2,12,1,4038.5,6,2,4038.8,50,2,4038.9,36,2
11483,2026-07-02 14:35:13+05:30,4038.1,1,4034.5,1868375,175387.0,167884.0,4100.0,4110.0,4012.0,4092.6,25810925,4501.8,3683.4,4440.0,3288.1,4037.3,15,1,4037.1,1129,3,4037.0,227,2,4036.8,12,1,4036.7,52,1,4038.1,21,3,4038.2,12,1,4038.5,6,2,4038.6,24,1,4038.7,49,1
11483,2026-07-02 14:35:14+05:30,4037.3,5,4034.5,1868375,175387.0,167884.0,4100.0,4110.0,4012.0,4092.6,25810925,4501.8,3683.4,4440.0,3288.1,4037.3,15,1,4037.1,1129,3,4037.0,227,2,4036.8,12,1,4036.7,52,1,4038.1,21,3,4038.2,12,1,4038.5,6,2,4038.6,24,1,4038.7,49,1
11483,2026-07-02 14:35:14+05:30,4037.3,3,4034.5,1868384,175293.0,168673.0,4100.0,4110.0,4012.0,4092.6,25810925,4501.8,3683.4,4440.0,3288.1,4037.3,6,1,4037.2,100,1,4037.1,1129,3,4037.0,227,2,4036.8,12,1,4038.1,21,3,4038.2,12,1,4038.5,1,1,4038.6,24,1,4038.7,49,1
11483,2026-07-02 14:35:15+05:30,4037.3,1,4034.5,1868384,175293.0,168673.0,4100.0,4110.0,4012.0,4092.6,25810925,4501.8,3683.4,4440.0,3288.1,4037.3,6,1,4037.2,100,1,4037.1,1129,3,4037.0,227,2,4036.8,12,1,4038.1,21,3,4038.2,12,1,4038.5,1,1,4038.6,24,1,4038.7,49,1
11483,2026-07-02 14:35:15+05:30,4037.3,5,4034.5,1868390,175281.0,169462.0,4100.0,4110.0,4012.0,4092.6,25810925,4501.8,3683.4,4440.0,3288.1,4037.2,100,1,4037.1,1129,3,4037.0,175,1,4036.7,52,1,4036.6,3,1,4038.0,1,1,4038.1,58,6,4038.2,12,1,4038.4,21,1,4038.5,44,2
11483,2026-07-02 14:35:16+05:30,4038.1,1,4034.5,1868390,175281.0,169462.0,4100.0,4110.0,4012.0,4092.6,25810925,4501.8,3683.4,4440.0,3288.1,4037.2,100,1,4037.1,1129,3,4037.0,175,1,4036.7,52,1,4036.6,3,1,4038.0,1,1,4038.1,58,6,4038.2,12,1,4038.4,21,1,4038.5,44,2
11483,2026-07-02 14:35:16+05:30,4038.1,1,4034.5,1868579,175520.0,169593.0,4100.0,4110.0,4012.0,4092.6,25810925,4501.8,3683.4,4440.0,3288.1,4037.8,2,2,4037.2,100,1,4037.1,1129,3,4037.0,222,2,4036.9,5,1,4038.1,10,1,4038.2,36,2,4038.4,21,1,4038.5,44,2,4038.6,24,1
11483,2026-07-02 14:35:17+05:30,4037.8,1,4034.5,1868579,175520.0,169593.0,4100.0,4110.0,4012.0,4092.6,25810925,4501.8,3683.4,4440.0,3288.1,4037.8,2,2,4037.2,100,1,4037.1,1129,3,4037.0,222,2,4036.9,5,1,4038.1,10,1,4038.2,36,2,4038.4,21,1,4038.5,44,2,4038.6,24,1
11483,2026-07-02 14:35:17+05:30,4037.8,1,4034.5,1868585,175311.0,169533.0,4100.0,4110.0,4012.0,4092.6,25810925,4501.8,3683.4,4440.0,3288.1,4037.2,105,2,4037.1,1129,3,4037.0,175,1,4036.6,3,1,4036.5,16,2,4037.8,3,1,4038.1,34,2,4038.2,12,1,4038.5,44,2,4038.6,24,1
11483,2026-07-02 14:35:18+05:30,4037.2,5,4034.5,1868585,175311.0,169533.0,4100.0,4110.0,4012.0,4092.6,25810925,4501.8,3683.4,4440.0,3288.1,4037.2,105,2,4037.1,1129,3,4037.0,175,1,4036.6,3,1,4036.5,16,2,4037.8,3,1,4038.1,34,2,4038.2,12,1,4038.5,44,2,4038.6,24,1
11483,2026-07-02 14:35:18+05:30,4037.2,5,4034.5,1868690,175121.0,169967.0,4100.0,4110.0,4012.0,4092.6,25810925,4501.8,3683.4,4440.0,3288.1,4037.1,1129,3,4037.0,175,1,4036.5,10,1,4036.4,57,2,4036.3,76,3,4037.8,50,4,4038.1,73,4,4038.2,12,1,4038.3,28,1,4038.4,23,1
11483,2026-07-02 14:35:19+05:30,4037.5,1,4034.5,1868690,175121.0,169967.0,4100.0,4110.0,4012.0,4092.6,25810925,4501.8,3683.4,4440.0,3288.1,4037.1,1129,3,4037.0,175,1,4036.5,10,1,4036.4,57,2,4036.3,76,3,4037.8,50,4,4038.1,73,4,4038.2,12,1,4038.3,28,1,4038.4,23,1
11483,2026-07-02 14:35:19+05:30,4037.5,1,4034.51,1869822,173209.0,171180.0,4100.0,4110.0,4012.0,4092.6,25810925,4501.8,3683.4,4440.0,3288.1,4037.0,175,1,4036.5,10,1,4036.3,61,1,4036.2,122,1,4036.0,17,3,4037.5,51,3,4037.6,36,1,4037.7,15,2,4037.8,57,8,4037.9,15,1
11483,2026-07-02 14:35:20+05:30,4037.5,19,4034.51,1869822,173209.0,171180.0,4100.0,4110.0,4012.0,4092.6,25810925,4501.8,3683.4,4440.0,3288.1,4037.0,175,1,4036.5,10,1,4036.3,61,1,4036.2,122,1,4036.0,17,3,4037.5,51,3,4037.6,36,1,4037.7,15,2,4037.8,57,8,4037.9,15,1
11483,2026-07-02 14:35:20+05:30,4037.5,19,4034.51,1869988,172825.0,171461.0,4100.0,4110.0,4012.0,4092.6,25810925,4501.8,3683.4,4440.0,3288.1,4037.0,39,1,4036.5,10,1,4036.0,16,2,4035.7,12,1,4035.6,81,2,4037.4,35,3,4037.5,44,5,4037.6,36,1,4037.7,55,4,4037.8,42,6
11483,2026-07-02 14:35:21+05:30,4037.6,1,4034.51,1869988,172825.0,171461.0,4100.0,4110.0,4012.0,4092.6,25810925,4501.8,3683.4,4440.0,3288.1,4037.0,39,1,4036.5,10,1,4036.0,16,2,4035.7,12,1,4035.6,81,2,4037.4,35,3,4037.5,44,5,4037.6,36,1,4037.7,55,4,4037.8,42,6
11483,2026-07-02 14:35:21+05:30,4037.6,1,4034.51,1870143,173666.0,171266.0,4100.0,4110.0,4012.0,4092.6,25810925,4501.8,3683.4,4440.0,3288.1,4037.2,42,1,4037.1,42,1,4037.0,61,2,4036.8,81,2,4036.5,10,1,4037.6,3,1,4037.7,52,3,4037.8,12,2,4038.0,24,1,4038.1,46,3
11483,2026-07-02 14:35:22+05:30,4037.3,50,4034.51,1870143,173666.0,171266.0,4100.0,4110.0,4012.0,4092.6,25810925,4501.8,3683.4,4440.0,3288.1,4037.2,42,1,4037.1,42,1,4037.0,61,2,4036.8,81,2,4036.5,10,1,4037.6,3,1,4037.7,52,3,4037.8,12,2,4038.0,24,1,4038.1,46,3
11483,2026-07-02 14:35:22+05:30,4037.3,2,4034.51,1870295,173678.0,171112.0,4100.0,4110.0,4012.0,4092.6,25810925,4501.8,3683.4,4440.0,3288.1,4037.3,40,1,4037.2,65,2,4037.0,61,2,4036.8,39,1,4036.5,10,1,4037.6,31,3,4037.8,12,2,4038.1,10,1,4038.3,49,2,4038.4,23,1
11483,2026-07-02 14:35:23+05:30,4037.3,18,4034.51,1870295,173678.0,171112.0,4100.0,4110.0,4012.0,4092.6,25810925,4501.8,3683.4,4440.0,3288.1,4037.3,40,1,4037.2,65,2,4037.0,61,2,4036.8,39,1,4036.5,10,1,4037.6,31,3,4037.8,12,2,4038.1,10,1,4038.3,49,2,4038.4,23,1
11483,2026-07-02 14:35:23+05:30,4037.3,18,4034.51,1870313,173661.0,170057.0,4100.0,4110.0,4012.0,4092.6,25810925,4501.8,3683.4,4440.0,3288.1,4037.3,22,1,4037.2,65,2,4037.0,61,2,4036.7,2,1,4036.6,55,2,4037.6,15,2,4037.8,12,2,4038.5,44,2,4038.6,62,3,4038.7,42,2
11483,2026-07-02 14:35:24+05:30,4037.8,9,4034.51,1870689,173758.0,169753.0,4100.0,4110.0,4012.0,4092.6,25810925,4501.8,3683.4,4440.0,3288.1,4037.8,1,1,4037.6,1,1,4037.3,20,1,4037.2,65,2,4037.0,61,2,4038.0,3,1,4038.4,50,4,4038.5,63,4,4038.7,40,2,4038.8,54,3
11483,2026-07-02 14:35:24+05:30,4037.8,45,4034.51,1870689,173758.0,169753.0,4100.0,4110.0,4012.0,4092.6,25810925,4501.8,3683.4,4440.0,3288.1,4037.8,1,1,4037.6,1,1,4037.3,20,1,4037.2,65,2,4037.0,61,2,4038.0,3,1,4038.4,50,4,4038.5,63,4,4038.7,40,2,4038.8,54,3
11483,2026-07-02 14:35:25+05:30,4038.0,2,4034.51,1870782,174298.0,169560.0,4100.0,4110.0,4012.0,4092.6,25810925,4501.8,3683.4,4440.0,3288.1,4037.9,42,1,4037.8,50,1,4037.7,52,2,4037.6,1,1,4037.3,49,2,4038.5,63,3,4038.7,2,1,4038.8,4,1,4039.0,25,2,4039.1,24,1
11483,2026-07-02 14:35:25+05:30,4038.0,11,4034.51,1870782,174298.0,169560.0,4100.0,4110.0,4012.0,4092.6,25810925,4501.8,3683.4,4440.0,3288.1,4037.9,42,1,4037.8,50,1,4037.7,52,2,4037.6,1,1,4037.3,49,2,4038.5,63,3,4038.7,2,1,4038.8,4,1,4039.0,25,2,4039.1,24,1
11483,2026-07-02 14:35:26+05:30,4038.5,6,4034.51,1870801,174164.0,169792.0,4100.0,4110.0,4012.0,4092.6,25810925,4501.8,3683.4,4440.0,3288.1,4038.0,30,1,4037.8,92,2,4037.6,1,1,4037.3,49,2,4037.2,23,1,4038.5,57,3,4038.6,24,1,4038.7,2,1,4038.8,4,1,4038.9,24,1
11483,2026-07-02 14:35:26+05:30,4038.0,3,4034.51,1870801,174164.0,169792.0,4100.0,4110.0,4012.0,4092.6,25810925,4501.8,3683.4,4440.0,3288.1,4038.0,30,1,4037.8,92,2,4037.6,1,1,4037.3,49,2,4037.2,23,1,4038.5,57,3,4038.6,24,1,4038.7,2,1,4038.8,4,1,4038.9,24,1
11483,2026-07-02 14:35:27+05:30,4038.5,25,4034.51,1870910,174300.0,169705.0,4100.0,4110.0,4012.0,4092.6,25810925,4501.8,3683.4,4440.0,3288.1,4038.0,24,1,4037.8,92,2,4037.3,49,2,4037.2,23,1,4037.0,71,2,4038.5,18,1,4038.7,26,2,4038.8,4,1,4039.0,85,3,4039.2,65,3
11483,2026-07-02 14:35:27+05:30,4038.0,13,4034.51,1870910,174300.0,169705.0,4100.0,4110.0,4012.0,4092.6,25810925,4501.8,3683.4,4440.0,3288.1,4038.0,24,1,4037.8,92,2,4037.3,49,2,4037.2,23,1,4037.0,71,2,4038.5,18,1,4038.7,26,2,4038.8,4,1,4039.0,85,3,4039.2,65,3
11483,2026-07-02 14:35:28+05:30,4038.0,5,4034.51,1870928,174332.0,169917.0,4100.0,4110.0,4012.0,4092.6,25810925,4501.8,3683.4,4440.0,3288.1,4038.0,6,1,4037.8,92,2,4037.5,25,1,4037.3,49,2,4037.2,23,1,4038.5,18,1,4038.7,26,2,4038.8,4,1,4039.0,85,3,4039.2,36,2
11483,2026-07-02 14:35:28+05:30,4038.0,2,4034.51,1870928,174332.0,169917.0,4100.0,4110.0,4012.0,4092.6,25810925,4501.8,3683.4,4440.0,3288.1,4038.0,6,1,4037.8,92,2,4037.5,25,1,4037.3,49,2,4037.2,23,1,4038.5,18,1,4038.7,26,2,4038.8,4,1,4039.0,85,3,4039.2,36,2
11483,2026-07-02 14:35:29+05:30,4038.5,7,4034.51,1870937,174170.0,170107.0,4100.0,4110.0,4012.0,4092.6,25810925,4501.8,3683.4,4440.0,3288.1,4038.0,4,1,4037.8,92,2,4037.5,25,1,4037.3,49,2,4037.2,23,1,4038.5,11,1,4038.6,36,2,4038.7,2,1,4038.8,4,1,4038.9,24,1
11483,2026-07-02 14:35:29+05:30,4038.0,1,4034.51,1870937,174170.0,170107.0,4100.0,4110.0,4012.0,4092.6,25810925,4501.8,3683.4,4440.0,3288.1,4038.0,4,1,4037.8,92,2,4037.5,25,1,4037.3,49,2,4037.2,23,1,4038.5,11,1,4038.6,36,2,4038.7,2,1,4038.8,4,1,4038.9,24,1
11483,2026-07-02 14:35:30+05:30,4037.8,42,4034.51,1871102,173579.0,170566.0,4100.0,4110.0,4012.0,4092.6,25810925,4501.8,3683.4,4440.0,3288.1,4037.5,25,1,4037.3,70,2,4037.2,23,1,4037.0,24,2,4036.7,2,1,4038.5,50,5,4038.6,12,1,4038.7,2,1,4038.8,81,6,4038.9,99,4
11483,2026-07-02 14:35:30+05:30,4038.5,6,4034.51,1871102,173579.0,170566.0,4100.0,4110.0,4012.0,4092.6,25810925,4501.8,3683.4,4440.0,3288.1,4037.5,25,1,4037.3,70,2,4037.2,23,1,4037.0,24,2,4036.7,2,1,4038.5,50,5,4038.6,12,1,4038.7,2,1,4038.8,81,6,4038.9,99,4
11483,2026-07-02 14:35:31+05:30,4038.5,6,4034.51,1871102,173579.0,170566.0,4100.0,4110.0,4012.0,4092.6,25810925,4501.8,3683.4,4440.0,3288.1,4037.5,25,1,4037.3,70,2,4037.2,23,1,4037.0,24,2,4036.7,2,1,4038.5,50,5,4038.6,12,1,4038.7,2,1,4038.8,81,6,4038.9,99,4
11483,2026-07-02 14:35:31+05:30,4038.4,3,4034.51,1871175,173575.0,170220.0,4100.0,4110.0,4012.0,4092.6,25810925,4501.8,3683.4,4440.0,3288.1,4037.5,2,1,4037.3,50,1,4037.0,24,2,4036.8,7,1,4036.7,2,1,4038.4,9,1,4038.5,82,4,4038.6,22,2,4038.7,2,1,4038.8,22,3
11483,2026-07-02 14:35:31+05:30,4037.5,2,4034.51,1871175,173575.0,170220.0,4100.0,4110.0,4012.0,4092.6,25810925,4501.8,3683.4,4440.0,3288.1,4037.5,2,1,4037.3,50,1,4037.0,24,2,4036.8,7,1,4036.7,2,1,4038.4,9,1,4038.5,82,4,4038.6,22,2,4038.7,2,1,4038.8,22,3
11483,2026-07-02 14:35:31+05:30,4037.5,2,4034.51,1871175,173575.0,170220.0,4100.0,4110.0,4012.0,4092.6,25810925,4501.8,3683.4,4440.0,3288.1,4037.5,2,1,4037.3,50,1,4037.0,24,2,4036.8,7,1,4036.7,2,1,4038.4,9,1,4038.5,82,4,4038.6,22,2,4038.7,2,1,4038.8,22,3
11483,2026-07-02 14:35:32+05:30,4037.5,2,4034.51,1871184,173676.0,170706.0,4100.0,4110.0,4012.0,4092.6,25810925,4501.8,3683.4,4440.0,3288.1,4037.3,50,1,4037.0,24,2,4036.7,2,1,4036.6,52,1,4036.5,48,2,4038.1,42,1,4038.2,66,2,4038.3,42,1,4038.5,112,5,4038.6,69,3
11483,2026-07-02 14:35:32+05:30,4037.3,1,4034.51,1871184,173676.0,170706.0,4100.0,4110.0,4012.0,4092.6,25810925,4501.8,3683.4,4440.0,3288.1,4037.3,50,1,4037.0,24,2,4036.7,2,1,4036.6,52,1,4036.5,48,2,4038.1,42,1,4038.2,66,2,4038.3,42,1,4038.5,112,5,4038.6,69,3
11483,2026-07-02 14:35:32+05:30,4037.3,1,4034.51,1871184,173676.0,170706.0,4100.0,4110.0,4012.0,4092.6,25810925,4501.8,3683.4,4440.0,3288.1,4037.3,50,1,4037.0,24,2,4036.7,2,1,4036.6,52,1,4036.5,48,2,4038.1,42,1,4038.2,66,2,4038.3,42,1,4038.5,112,5,4038.6,69,3
11483,2026-07-02 14:35:33+05:30,4037.3,1,4034.51,1871185,173796.0,171842.0,4100.0,4110.0,4012.0,4092.6,25810925,4501.8,3683.4,4440.0,3288.1,4037.3,49,1,4037.0,24,2,4036.7,2,1,4036.6,52,1,4036.5,10,1,4037.7,81,1,4037.8,42,1,4037.9,48,2,4038.0,66,2,4038.1,2,1
11483,2026-07-02 14:35:33+05:30,4037.3,1,4034.51,1871185,173796.0,171842.0,4100.0,4110.0,4012.0,4092.6,25810925,4501.8,3683.4,4440.0,3288.1,4037.3,49,1,4037.0,24,2,4036.7,2,1,4036.6,52,1,4036.5,10,1,4037.7,81,1,4037.8,42,1,4037.9,48,2,4038.0,66,2,4038.1,2,1
11483,2026-07-02 14:35:34+05:30,4037.3,1,4034.51,1871185,173686.0,172072.0,4100.0,4110.0,4012.0,4092.6,25810925,4501.8,3683.4,4440.0,3288.1,4037.3,49,1,4037.0,24,2,4036.7,2,1,4036.5,10,1,4036.3,52,1,4037.6,42,1,4037.7,42,1,4037.8,42,1,4037.9,6,1,4038.0,43,2
11483,2026-07-02 14:35:34+05:30,4037.3,1,4034.51,1871185,173686.0,172072.0,4100.0,4110.0,4012.0,4092.6,25810925,4501.8,3683.4,4440.0,3288.1,4037.3,49,1,4037.0,24,2,4036.7,2,1,4036.5,10,1,4036.3,52,1,4037.6,42,1,4037.7,42,1,4037.8,42,1,4037.9,6,1,4038.0,43,2
11483,2026-07-02 14:35:35+05:30,4037.3,1,4034.51,1871185,173686.0,172072.0,4100.0,4110.0,4012.0,4092.6,25810925,4501.8,3683.4,4440.0,3288.1,4037.3,49,1,4037.0,24,2,4036.7,2,1,4036.5,10,1,4036.3,52,1,4037.6,42,1,4037.7,42,1,4037.8,42,1,4037.9,6,1,4038.0,43,2
11483,2026-07-02 14:35:35+05:30,4037.2,1,4034.51,1871555,172850.0,171539.0,4100.0,4110.0,4012.0,4092.6,25810925,4501.8,3683.4,4440.0,3288.1,4036.4,2,1,4036.3,54,2,4036.2,21,1,4036.1,19,1,4036.0,68,4,4037.2,2,1,4037.5,42,1,4037.7,48,2,4037.9,6,1,4038.0,13,2
11483,2026-07-02 14:35:35+05:30,4036.4,18,4034.51,1871555,172850.0,171539.0,4100.0,4110.0,4012.0,4092.6,25810925,4501.8,3683.4,4440.0,3288.1,4036.4,2,1,4036.3,54,2,4036.2,21,1,4036.1,19,1,4036.0,68,4,4037.2,2,1,4037.5,42,1,4037.7,48,2,4037.9,6,1,4038.0,13,2
11483,2026-07-02 14:35:35+05:30,4036.4,18,4034.51,1871555,172850.0,171539.0,4100.0,4110.0,4012.0,4092.6,25810925,4501.8,3683.4,4440.0,3288.1,4036.4,2,1,4036.3,54,2,4036.2,21,1,4036.1,19,1,4036.0,68,4,4037.2,2,1,4037.5,42,1,4037.7,48,2,4037.9,6,1,4038.0,13,2
11483,2026-07-02 14:35:35+05:30,4036.4,18,4034.51,1871555,172850.0,171539.0,4100.0,4110.0,4012.0,4092.6,25821250,4501.8,3683.4,4440.0,3288.1,4036.4,2,1,4036.3,54,2,4036.2,21,1,4036.1,19,1,4036.0,68,4,4037.2,2,1,4037.5,42,1,4037.7,48,2,4037.9,6,1,4038.0,13,2
11483,2026-07-02 14:35:36+05:30,4036.4,18,4034.51,1871555,172850.0,171539.0,4100.0,4110.0,4012.0,4092.6,25821250,4501.8,3683.4,4440.0,3288.1,4036.4,2,1,4036.3,54,2,4036.2,21,1,4036.1,19,1,4036.0,68,4,4037.2,2,1,4037.5,42,1,4037.7,48,2,4037.9,6,1,4038.0,13,2
11483,2026-07-02 14:35:36+05:30,4036.4,18,4034.51,1871599,172698.0,171000.0,4100.0,4110.0,4012.0,4092.6,25821250,4501.8,3683.4,4440.0,3288.1,4036.2,12,1,4036.1,12,1,4036.0,48,4,4035.9,52,1,4035.8,2,1,4036.6,2,1,4036.9,42,1,4037.1,42,1,4037.3,42,1,4037.7,18,2
11483,2026-07-02 14:35:36+05:30,4036.2,6,4034.51,1871599,172698.0,171000.0,4100.0,4110.0,4012.0,4092.6,25821250,4501.8,3683.4,4440.0,3288.1,4036.2,12,1,4036.1,12,1,4036.0,48,4,4035.9,52,1,4035.8,2,1,4036.6,2,1,4036.9,42,1,4037.1,42,1,4037.3,42,1,4037.7,18,2
11483,2026-07-02 14:35:36+05:30,4036.2,6,4034.51,1871599,172698.0,171000.0,4100.0,4110.0,4012.0,4092.6,25821250,4501.8,3683.4,4440.0,3288.1,4036.2,12,1,4036.1,12,1,4036.0,48,4,4035.9,52,1,4035.8,2,1,4036.6,2,1,4036.9,42,1,4037.1,42,1,4037.3,42,1,4037.7,18,2
11483,2026-07-02 14:35:37+05:30,4036.2,6,4034.51,1871599,172698.0,171000.0,4100.0,4110.0,4012.0,4092.6,25821250,4501.8,3683.4,4440.0,3288.1,4036.2,12,1,4036.1,12,1,4036.0,48,4,4035.9,52,1,4035.8,2,1,4036.6,2,1,4036.9,42,1,4037.1,42,1,4037.3,42,1,4037.7,18,2
11483,2026-07-02 14:35:37+05:30,4036.9,10,4034.51,1871660,172745.0,170999.0,4100.0,4110.0,4012.0,4092.6,25821250,4501.8,3683.4,4440.0,3288.1,4036.1,12,1,4036.0,31,4,4035.9,52,1,4035.8,2,1,4035.7,40,1,4036.5,49,1,4036.9,32,1,4037.1,42,1,4037.6,6,1,4037.7,18,2
11483,2026-07-02 14:35:37+05:30,4036.1,7,4034.51,1871660,172745.0,170999.0,4100.0,4110.0,4012.0,4092.6,25821250,4501.8,3683.4,4440.0,3288.1,4036.1,12,1,4036.0,31,4,4035.9,52,1,4035.8,2,1,4035.7,40,1,4036.5,49,1,4036.9,32,1,4037.1,42,1,4037.6,6,1,4037.7,18,2
11483,2026-07-02 14:35:37+05:30,4036.1,7,4034.51,1871660,172745.0,170999.0,4100.0,4110.0,4012.0,4092.6,25821250,4501.8,3683.4,4440.0,3288.1,4036.1,12,1,4036.0,31,4,4035.9,52,1,4035.8,2,1,4035.7,40,1,4036.5,49,1,4036.9,32,1,4037.1,42,1,4037.6,6,1,4037.7,18,2
11483,2026-07-02 14:35:38+05:30,4036.8,10,4034.51,1871727,172799.0,170908.0,4100.0,4110.0,4012.0,4092.6,25821250,4501.8,3683.4,4440.0,3288.1,4036.5,6,1,4036.4,2,1,4036.0,19,3,4035.9,52,1,4035.8,2,1,4036.8,32,1,4036.9,32,1,4037.0,42,1,4037.6,6,1,4037.7,29,3
11483,2026-07-02 14:35:38+05:30,4036.5,8,4034.51,1871727,172799.0,170908.0,4100.0,4110.0,4012.0,4092.6,25821250,4501.8,3683.4,4440.0,3288.1,4036.5,6,1,4036.4,2,1,4036.0,19,3,4035.9,52,1,4035.8,2,1,4036.8,32,1,4036.9,32,1,4037.0,42,1,4037.6,6,1,4037.7,29,3
11483,2026-07-02 14:35:38+05:30,4036.5,8,4034.51,1871727,172799.0,170908.0,4100.0,4110.0,4012.0,4092.6,25821250,4501.8,3683.4,4440.0,3288.1,4036.5,6,1,4036.4,2,1,4036.0,19,3,4035.9,52,1,4035.8,2,1,4036.8,32,1,4036.9,32,1,4037.0,42,1,4037.6,6,1,4037.7,29,3
11483,2026-07-02 14:35:39+05:30,4036.7,1,4034.51,1871738,172807.0,170959.0,4100.0,4110.0,4012.0,4092.6,25821250,4501.8,3683.4,4440.0,3288.1,4036.5,5,1,4036.4,2,1,4036.0,16,2,4035.9,52,1,4035.8,2,1,4036.7,50,1,4036.8,32,1,4036.9,32,1,4037.2,42,1,4037.6,6,1
11483,2026-07-02 14:35:39+05:30,4036.5,1,4034.51,1871738,172807.0,170959.0,4100.0,4110.0,4012.0,4092.6,25821250,4501.8,3683.4,4440.0,3288.1,4036.5,5,1,4036.4,2,1,4036.0,16,2,4035.9,52,1,4035.8,2,1,4036.7,50,1,4036.8,32,1,4036.9,32,1,4037.2,42,1,4037.6,6,1
11483,2026-07-02 14:35:40+05:30,4036.5,1,4034.51,1871792,172844.0,170927.0,4100.0,4110.0,4012.0,4092.6,25821250,4501.8,3683.4,4440.0,3288.1,4036.5,2,1,4036.4,2,1,4036.0,16,2,4035.9,52,1,4035.8,20,2,4036.8,31,1,4036.9,32,1,4037.2,42,1,4037.6,25,2,4037.7,18,2
11483,2026-07-02 14:35:40+05:30,4036.5,3,4034.51,1871792,172844.0,170927.0,4100.0,4110.0,4012.0,4092.6,25821250,4501.8,3683.4,4440.0,3288.1,4036.5,2,1,4036.4,2,1,4036.0,16,2,4035.9,52,1,4035.8,20,2,4036.8,31,1,4036.9,32,1,4037.2,42,1,4037.6,25,2,4037.7,18,2
11483,2026-07-02 14:35:41+05:30,4037.5,61,4034.51,1872295,172995.0,171283.0,4100.0,4110.0,4012.0,4092.6,25821250,4501.8,3683.4,4440.0,3288.1,4036.8,4,1,4036.4,2,1,4036.0,28,3,4035.9,69,2,4035.8,32,3,4037.6,57,1,4037.7,30,2,4037.9,9,2,4038.0,27,3,4038.1,40,2
11483,2026-07-02 14:35:41+05:30,4036.8,4,4034.51,1872295,172995.0,171283.0,4100.0,4110.0,4012.0,4092.6,25821250,4501.8,3683.4,4440.0,3288.1,4036.8,4,1,4036.4,2,1,4036.0,28,3,4035.9,69,2,4035.8,32,3,4037.6,57,1,4037.7,30,2,4037.9,9,2,4038.0,27,3,4038.1,40,2
11483,2026-07-02 14:35:42+05:30,4036.6,15,4034.51,1872314,172808.0,171459.0,4100.0,4110.0,4012.0,4092.6,25821250,4501.8,3683.4,4440.0,3288.1,4036.5,20,1,4036.0,16,2,4035.8,2,1,4035.7,5,1,4035.6,44,1,4036.6,42,1,4036.7,42,1,4036.8,2,1,4036.9,42,1,4037.1,42,1
11483,2026-07-02 14:35:42+05:30,4036.6,15,4034.51,1872314,172808.0,171459.0,4100.0,4110.0,4012.0,4092.6,25821250,4501.8,3683.4,4440.0,3288.1,4036.5,20,1,4036.0,16,2,4035.8,2,1,4035.7,5,1,4035.6,44,1,4036.6,42,1,4036.7,42,1,4036.8,2,1,4036.9,42,1,4037.1,42,1
11483,2026-07-02 14:35:43+05:30,4036.8,24,4034.51,1872464,172747.0,171340.0,4100.0,4110.0,4012.0,4092.6,25821250,4501.8,3683.4,4440.0,3288.1,4036.5,17,1,4036.0,16,2,4035.8,2,1,4035.7,5,1,4035.5,10,1,4036.7,10,1,4036.8,6,1,4036.9,42,1,4037.1,42,1,4037.4,24,1
11483,2026-07-02 14:35:43+05:30,4036.8,24,4034.51,1872464,172747.0,171340.0,4100.0,4110.0,4012.0,4092.6,25821250,4501.8,3683.4,4440.0,3288.1,4036.5,17,1,4036.0,16,2,4035.8,2,1,4035.7,5,1,4035.5,10,1,4036.7,10,1,4036.8,6,1,4036.9,42,1,4037.1,42,1,4037.4,24,1
11483,2026-07-02 14:35:44+05:30,4036.5,11,4034.51,1872507,172919.0,171463.0,4100.0,4110.0,4012.0,4092.6,25821250,4501.8,3683.4,4440.0,3288.1,4036.5,14,1,4036.0,6,2,4035.8,2,1,4035.7,5,1,4035.5,10,1,4036.7,110,4,4036.8,6,1,4037.0,42,1,4037.2,42,1,4037.4,57,2
11483,2026-07-02 14:35:44+05:30,4036.5,11,4034.51,1872507,172919.0,171463.0,4100.0,4110.0,4012.0,4092.6,25821250,4501.8,3683.4,4440.0,3288.1,4036.5,14,1,4036.0,6,2,4035.8,2,1,4035.7,5,1,4035.5,10,1,4036.7,110,4,4036.8,6,1,4037.0,42,1,4037.2,42,1,4037.4,57,2
11483,2026-07-02 14:35:45+05:30,4036.5,6,4034.51,1872513,172758.0,171506.0,4100.0,4110.0,4012.0,4092.6,25821250,4501.8,3683.4,4440.0,3288.1,4036.5,19,2,4036.0,6,2,4035.8,2,1,4035.5,10,1,4035.3,87,3,4036.6,39,1,4036.7,29,2,4036.8,6,1,4036.9,42,1,4037.0,24,1
11483,2026-07-02 14:35:45+05:30,4036.5,6,4034.51,1872513,172758.0,171506.0,4100.0,4110.0,4012.0,4092.6,25821250,4501.8,3683.4,4440.0,3288.1,4036.5,19,2,4036.0,6,2,4035.8,2,1,4035.5,10,1,4035.3,87,3,4036.6,39,1,4036.7,29,2,4036.8,6,1,4036.9,42,1,4037.0,24,1
11483,2026-07-02 14:35:46+05:30,4036.8,7,4034.51,1872532,172905.0,171190.0,4100.0,4110.0,4012.0,4092.6,25821250,4501.8,3683.4,4440.0,3288.1,4036.5,19,2,4036.0,6,2,4035.8,46,2,4035.6,28,1,4035.5,30,3,4036.8,6,1,4037.6,46,2,4037.7,24,1,4037.8,29,2,4037.9,81,4
11483,2026-07-02 14:35:46+05:30,4036.8,7,4034.51,1872532,172905.0,171190.0,4100.0,4110.0,4012.0,4092.6,25821250,4501.8,3683.4,4440.0,3288.1,4036.5,19,2,4036.0,6,2,4035.8,46,2,4035.6,28,1,4035.5,30,3,4036.8,6,1,4037.6,46,2,4037.7,24,1,4037.8,29,2,4037.9,81,4
11483,2026-07-02 14:35:47+05:30,4037.8,2,4034.51,1872866,173333.0,170888.0,4100.0,4110.0,4012.0,4092.6,25821250,4501.8,3683.4,4440.0,3288.1,4036.5,13,2,4036.0,17,3,4035.9,5,1,4035.8,2,1,4035.7,13,1,4037.7,89,5,4037.8,27,2,4037.9,26,2,4038.0,93,8,4038.1,51,2
11483,2026-07-02 14:35:47+05:30,4037.8,2,4034.51,1872866,173333.0,170888.0,4100.0,4110.0,4012.0,4092.6,25821250,4501.8,3683.4,4440.0,3288.1,4036.5,13,2,4036.0,17,3,4035.9,5,1,4035.8,2,1,4035.7,13,1,4037.7,89,5,4037.8,27,2,4037.9,26,2,4038.0,93,8,4038.1,51,2
11483,2026-07-02 14:35:48+05:30,4036.5,4,4034.51,1872903,173017.0,171236.0,4100.0,4110.0,4012.0,4092.6,25821250,4501.8,3683.4,4440.0,3288.1,4036.1,12,1,4036.0,18,3,4035.8,2,1,4035.5,56,4,4035.4,52,1,4036.5,3,1,4036.8,13,1,4036.9,13,1,4037.5,42,1,4037.6,41,1
11483,2026-07-02 14:35:48+05:30,4036.5,4,4034.51,1872903,173017.0,171236.0,4100.0,4110.0,4012.0,4092.6,25821250,4501.8,3683.4,4440.0,3288.1,4036.1,12,1,4036.0,18,3,4035.8,2,1,4035.5,56,4,4035.4,52,1,4036.5,3,1,4036.8,13,1,4036.9,13,1,4037.5,42,1,4037.6,41,1
11483,2026-07-02 14:35:49+05:30,4036.8,20,4034.51,1872932,173050.0,171171.0,4100.0,4110.0,4012.0,4092.6,25821250,4501.8,3683.4,4440.0,3288.1,4036.1,8,1,4036.0,18,3,4035.8,2,1,4035.5,29,2,4035.4,55,2,4036.8,13,1,4036.9,13,1,4037.3,136,1,4037.5,42,1,4037.6,93,2
11483,2026-07-02 14:35:49+05:30,4036.8,20,4034.51,1872932,173050.0,171171.0,4100.0,4110.0,4012.0,4092.6,25821250,4501.8,3683.4,4440.0,3288.1,4036.1,8,1,4036.0,18,3,4035.8,2,1,4035.5,29,2,4035.4,55,2,4036.8,13,1,4036.9,13,1,4037.3,136,1,4037.5,42,1,4037.6,93,2
11483,2026-07-02 14:35:50+05:30,4036.1,4,4034.51,1872936,173059.0,171424.0,4100.0,4110.0,4012.0,4092.6,25821250,4501.8,3683.4,4440.0,3288.1,4036.0,6,2,4035.8,2,1,4035.5,29,2,4035.4,52,1,4035.3,60,2,4036.8,13,1,4036.9,13,1,4037.3,136,1,4037.4,24,1,4037.5,42,1
11483,2026-07-02 14:35:50+05:30,4036.1,4,4034.51,1872936,173059.0,171424.0,4100.0,4110.0,4012.0,4092.6,25821250,4501.8,3683.4,4440.0,3288.1,4036.0,6,2,4035.8,2,1,4035.5,29,2,4035.4,52,1,4035.3,60,2,4036.8,13,1,4036.9,13,1,4037.3,136,1,4037.4,24,1,4037.5,42,1
11483,2026-07-02 14:35:51+05:30,4036.8,1,4034.51,1872937,173124.0,171188.0,4100.0,4110.0,4012.0,4092.6,25821250,4501.8,3683.4,4440.0,3288.1,4036.1,12,1,4036.0,6,2,4035.8,2,1,4035.5,62,3,4035.4,77,2,4036.8,12,1,4036.9,13,1,4037.3,136,1,4037.4,24,1,4037.5,42,1
11483,2026-07-02 14:35:51+05:30,4036.8,1,4034.51,1872937,173124.0,171188.0,4100.0,4110.0,4012.0,4092.6,25821250,4501.8,3683.4,4440.0,3288.1,4036.1,12,1,4036.0,6,2,4035.8,2,1,4035.5,62,3,4035.4,77,2,4036.8,12,1,4036.9,13,1,4037.3,136,1,4037.4,24,1,4037.5,42,1
11483,2026-07-02 14:35:52+05:30,4036.1,1,4034.51,1872938,173173.0,170954.0,4100.0,4110.0,4012.0,4092.6,25821250,4501.8,3683.4,4440.0,3288.1,4036.1,23,2,4036.0,30,4,4035.8,20,2,4035.5,60,4,4035.4,77,2,4036.8,12,1,4036.9,13,1,4037.3,136,1,4037.7,62,4,4037.8,3,1
11483,2026-07-02 14:35:52+05:30,4036.1,1,4034.51,1872938,173173.0,170954.0,4100.0,4110.0,4012.0,4092.6,25821250,4501.8,3683.4,4440.0,3288.1,4036.1,23,2,4036.0,30,4,4035.8,20,2,4035.5,60,4,4035.4,77,2,4036.8,12,1,4036.9,13,1,4037.3,136,1,4037.7,62,4,4037.8,3,1
11483,2026-07-02 14:35:53+05:30,4036.1,1,4034.51,1872938,173224.0,171071.0,4100.0,4110.0,4012.0,4092.6,25821250,4501.8,3683.4,4440.0,3288.1,4036.5,1,1,4036.1,11,1,4036.0,18,3,4035.8,20,2,4035.5,70,3,4036.8,12,1,4036.9,13,1,4037.3,136,1,4037.7,62,4,4037.8,3,1
11483,2026-07-02 14:35:54+05:30,4036.8,1,4034.51,1872938,173224.0,171071.0,4100.0,4110.0,4012.0,4092.6,25821250,4501.8,3683.4,4440.0,3288.1,4036.5,1,1,4036.1,11,1,4036.0,18,3,4035.8,20,2,4035.5,70,3,4036.8,12,1,4036.9,13,1,4037.3,136,1,4037.7,62,4,4037.8,3,1
11483,2026-07-02 14:35:54+05:30,4036.8,1,4034.51,1872940,173258.0,171191.0,4100.0,4110.0,4012.0,4092.6,25821250,4501.8,3683.4,4440.0,3288.1,4036.5,1,1,4036.0,6,2,4035.8,2,1,4035.5,29,2,4035.4,77,2,4036.8,35,4,4036.9,13,1,4037.1,39,2,4037.3,136,1,4037.4,17,1
11483,2026-07-02 14:35:55+05:30,4036.8,6,4034.51,1872981,173300.0,171109.0,4100.0,4110.0,4012.0,4092.6,25821250,4501.8,3683.4,4440.0,3288.1,4036.5,1,1,4036.0,6,2,4035.8,2,1,4035.5,85,3,4035.4,77,2,4036.8,13,1,4036.9,13,1,4037.1,28,1,4037.3,136,1,4037.4,45,2
11483,2026-07-02 14:35:55+05:30,4036.8,6,4034.51,1872981,173300.0,171109.0,4100.0,4110.0,4012.0,4092.6,25821250,4501.8,3683.4,4440.0,3288.1,4036.5,1,1,4036.0,6,2,4035.8,2,1,4035.5,85,3,4035.4,77,2,4036.8,13,1,4036.9,13,1,4037.1,28,1,4037.3,136,1,4037.4,45,2
11483,2026-07-02 14:35:56+05:30,4036.0,5,4034.51,1872987,173211.0,171274.0,4100.0,4110.0,4012.0,4092.6,25821250,4501.8,3683.4,4440.0,3288.1,4036.0,1,1,4035.8,2,1,4035.5,29,2,4035.4,52,1,4035.3,63,2,4036.5,1,1,4036.8,19,2,4036.9,13,1,4037.3,136,1,4037.4,72,3
11483,2026-07-02 14:35:56+05:30,4036.0,5,4034.51,1872987,173211.0,171274.0,4100.0,4110.0,4012.0,4092.6,25821250,4501.8,3683.4,4440.0,3288.1,4036.0,1,1,4035.8,2,1,4035.5,29,2,4035.4,52,1,4035.3,63,2,4036.5,1,1,4036.8,19,2,4036.9,13,1,4037.3,136,1,4037.4,72,3
11483,2026-07-02 14:35:57+05:30,4036.0,1,4034.51,1872987,173211.0,171274.0,4100.0,4110.0,4012.0,4092.6,25821250,4501.8,3683.4,4440.0,3288.1,4036.0,1,1,4035.8,2,1,4035.5,29,2,4035.4,52,1,4035.3,63,2,4036.5,1,1,4036.8,19,2,4036.9,13,1,4037.3,136,1,4037.4,72,3
11483,2026-07-02 14:35:57+05:30,4036.0,1,4034.51,1872988,173210.0,170675.0,4100.0,4110.0,4012.0,4092.6,25821250,4501.8,3683.4,4440.0,3288.1,4035.8,2,1,4035.5,29,2,4035.4,52,1,4035.3,63,2,4035.2,115,4,4036.5,1,1,4036.8,19,2,4036.9,13,1,4037.3,136,1,4037.4,72,3
11483,2026-07-02 14:35:58+05:30,4036.0,1,4034.51,1872988,173211.0,170723.0,4100.0,4110.0,4012.0,4092.6,25821250,4501.8,3683.4,4440.0,3288.1,4035.8,2,1,4035.5,29,2,4035.4,52,1,4035.3,66,3,4035.2,112,3,4036.5,1,1,4036.8,19,2,4036.9,13,1,4037.3,136,1,4037.4,72,3
11483,2026-07-02 14:35:59+05:30,4036.8,3,4034.51,1872988,173211.0,170723.0,4100.0,4110.0,4012.0,4092.6,25821250,4501.8,3683.4,4440.0,3288.1,4035.8,2,1,4035.5,29,2,4035.4,52,1,4035.3,66,3,4035.2,112,3,4036.5,1,1,4036.8,19,2,4036.9,13,1,4037.3,136,1,4037.4,72,3
11483,2026-07-02 14:35:59+05:30,4036.8,3,4034.51,1872995,173145.0,170567.0,4100.0,4110.0,4012.0,4092.6,25821250,4501.8,3683.4,4440.0,3288.1,4035.9,12,1,4035.8,7,3,4035.6,25,1,4035.5,75,3,4035.4,55,2,4036.4,12,1,4036.8,6,1,4036.9,13,1,4037.3,136,1,4037.6,24,1
11483,2026-07-02 14:36:00+05:30,4036.4,12,4034.51,1872995,173145.0,170567.0,4100.0,4110.0,4012.0,4092.6,25821250,4501.8,3683.4,4440.0,3288.1,4035.9,12,1,4035.8,7,3,4035.6,25,1,4035.5,75,3,4035.4,55,2,4036.4,12,1,4036.8,6,1,4036.9,13,1,4037.3,136,1,4037.6,24,1
11483,2026-07-02 14:36:00+05:30,4036.4,12,4034.51,1873026,173079.0,170681.0,4100.0,4110.0,4012.0,4092.6,25821250,4501.8,3683.4,4440.0,3288.1,4036.0,13,2,4035.9,46,4,4035.8,44,4,4035.6,49,2,4035.5,29,2,4036.4,14,2,4036.9,13,1,4037.3,136,1,4037.7,43,3,4037.9,6,1
11483,2026-07-02 14:36:01+05:30,4036.4,10,4034.51,1873026,173079.0,170681.0,4100.0,4110.0,4012.0,4092.6,25821250,4501.8,3683.4,4440.0,3288.1,4036.0,13,2,4035.9,46,4,4035.8,44,4,4035.6,49,2,4035.5,29,2,4036.4,14,2,4036.9,13,1,4037.3,136,1,4037.7,43,3,4037.9,6,1
11483,2026-07-02 14:36:01+05:30,4036.4,10,4034.51,1873204,173291.0,170700.0,4100.0,4110.0,4012.0,4092.6,25821250,4501.8,3683.4,4440.0,3288.1,4036.2,4,1,4036.1,7,2,4036.0,10,1,4035.9,36,3,4035.8,43,3,4037.3,136,1,4037.7,31,2,4037.9,84,3,4038.0,19,6,4038.2,72,3
11483,2026-07-02 14:36:02+05:30,4036.2,6,4034.51,1873204,173291.0,170700.0,4100.0,4110.0,4012.0,4092.6,25821250,4501.8,3683.4,4440.0,3288.1,4036.2,4,1,4036.1,7,2,4036.0,10,1,4035.9,36,3,4035.8,43,3,4037.3,136,1,4037.7,31,2,4037.9,84,3,4038.0,19,6,4038.2,72,3
11483,2026-07-02 14:36:02+05:30,4036.2,6,4034.51,1873228,173326.0,170401.0,4100.0,4110.0,4012.0,4092.6,25821250,4501.8,3683.4,4440.0,3288.1,4036.1,13,2,4036.0,60,6,4035.9,38,5,4035.8,52,5,4035.7,42,1,4037.3,136,1,4037.4,14,1,4037.7,19,1,4037.9,6,1,4038.0,19,6
11483,2026-07-02 14:36:03+05:30,4036.1,3,4034.51,1873228,173326.0,170401.0,4100.0,4110.0,4012.0,4092.6,25821250,4501.8,3683.4,4440.0,3288.1,4036.1,13,2,4036.0,60,6,4035.9,38,5,4035.8,52,5,4035.7,42,1,4037.3,136,1,4037.4,14,1,4037.7,19,1,4037.9,6,1,4038.0,19,6
11483,2026-07-02 14:36:03+05:30,4036.1,3,4034.51,1873231,173102.0,170680.0,4100.0,4110.0,4012.0,4092.6,25821250,4501.8,3683.4,4440.0,3288.1,4036.0,11,2,4035.9,14,3,4035.8,5,2,4035.6,25,1,4035.5,15,3,4036.5,1,1,4037.3,188,4,4037.4,14,1,4037.5,39,2,4037.7,61,3
11483,2026-07-02 14:36:04+05:30,4036.5,1,4034.51,1873232,173092.0,170601.0,4100.0,4110.0,4012.0,4092.6,25821250,4501.8,3683.4,4440.0,3288.1,4036.5,16,1,4036.0,1,1,4035.9,2,1,4035.8,3,1,4035.6,25,1,4036.8,5,1,4037.3,188,4,4037.4,48,3,4037.5,39,2,4037.6,28,1
11483,2026-07-02 14:36:05+05:30,4036.5,1,4034.51,1873232,173092.0,170601.0,4100.0,4110.0,4012.0,4092.6,25821250,4501.8,3683.4,4440.0,3288.1,4036.5,16,1,4036.0,1,1,4035.9,2,1,4035.8,3,1,4035.6,25,1,4036.8,5,1,4037.3,188,4,4037.4,48,3,4037.5,39,2,4037.6,28,1
11483,2026-07-02 14:36:05+05:30,4036.5,1,4034.51,1873232,173099.0,170785.0,4100.0,4110.0,4012.0,4092.6,25821250,4501.8,3683.4,4440.0,3288.1,4036.5,16,1,4036.0,1,1,4035.9,2,1,4035.8,3,1,4035.6,25,1,4036.8,5,1,4037.3,188,4,4037.4,48,3,4037.5,39,2,4037.6,28,1
11483,2026-07-02 14:36:06+05:30,4036.8,2,4034.51,1873232,173099.0,170785.0,4100.0,4110.0,4012.0,4092.6,25821250,4501.8,3683.4,4440.0,3288.1,4036.5,16,1,4036.0,1,1,4035.9,2,1,4035.8,3,1,4035.6,25,1,4036.8,5,1,4037.3,188,4,4037.4,48,3,4037.5,39,2,4037.6,28,1
11483,2026-07-02 14:36:06+05:30,4036.8,2,4034.51,1873246,173144.0,170706.0,4100.0,4110.0,4012.0,4092.6,25821250,4501.8,3683.4,4440.0,3288.1,4036.8,1,1,4036.5,16,1,4036.2,1,1,4036.0,1,1,4035.9,2,1,4037.3,181,4,4037.4,14,1,4037.5,39,2,4037.7,122,4,4037.8,3,1
11483,2026-07-02 14:36:07+05:30,4037.3,1,4034.51,1873246,173144.0,170706.0,4100.0,4110.0,4012.0,4092.6,25821250,4501.8,3683.4,4440.0,3288.1,4036.8,1,1,4036.5,16,1,4036.2,1,1,4036.0,1,1,4035.9,2,1,4037.3,181,4,4037.4,14,1,4037.5,39,2,4037.7,122,4,4037.8,3,1
11483,2026-07-02 14:36:07+05:30,4037.3,1,4034.51,1873430,173820.0,170610.0,4100.0,4110.0,4012.0,4092.6,25821250,4501.8,3683.4,4440.0,3288.1,4036.8,1,1,4036.5,16,1,4036.3,6,1,4036.2,1,1,4036.0,1,1,4037.3,12,2,4037.4,14,1,4037.5,15,1,4037.7,30,1,4037.9,6,1
11483,2026-07-02 14:36:08+05:30,4036.8,18,4034.51,1873430,173820.0,170610.0,4100.0,4110.0,4012.0,4092.6,25821250,4501.8,3683.4,4440.0,3288.1,4036.8,1,1,4036.5,16,1,4036.3,6,1,4036.2,1,1,4036.0,1,1,4037.3,12,2,4037.4,14,1,4037.5,15,1,4037.7,30,1,4037.9,6,1
11483,2026-07-02 14:36:08+05:30,4036.8,18,4034.51,1873452,173920.0,170590.0,4100.0,4110.0,4012.0,4092.6,25821250,4501.8,3683.4,4440.0,3288.1,4036.8,7,1,4036.5,16,1,4036.2,33,2,4036.0,23,3,4035.9,22,2,4037.3,12,2,4037.4,14,1,4037.5,15,1,4037.7,30,1,4037.9,6,1
11483,2026-07-02 14:36:09+05:30,4037.3,2,4034.51,1873452,173920.0,170590.0,4100.0,4110.0,4012.0,4092.6,25821250,4501.8,3683.4,4440.0,3288.1,4036.8,7,1,4036.5,16,1,4036.2,33,2,4036.0,23,3,4035.9,22,2,4037.3,12,2,4037.4,14,1,4037.5,15,1,4037.7,30,1,4037.9,6,1
11483,2026-07-02 14:36:09+05:30,4037.3,2,4034.51,1873459,173987.0,170587.0,4100.0,4110.0,4012.0,4092.6,25821250,4501.8,3683.4,4440.0,3288.1,4036.8,4,1,4036.5,16,1,4036.2,1,1,4036.0,125,4,4035.9,5,2,4037.3,23,3,4037.4,14,1,4037.5,15,1,4037.6,24,1,4037.7,30,1
11483,2026-07-02 14:36:10+05:30,4037.3,12,4034.51,1873459,173987.0,170587.0,4100.0,4110.0,4012.0,4092.6,25821250,4501.8,3683.4,4440.0,3288.1,4036.8,4,1,4036.5,16,1,4036.2,1,1,4036.0,125,4,4035.9,5,2,4037.3,23,3,4037.4,14,1,4037.5,15,1,4037.6,24,1,4037.7,30,1
11483,2026-07-02 14:36:10+05:30,4037.3,12,4034.51,1873682,173983.0,170589.0,4100.0,4110.0,4012.0,4092.6,25821250,4501.8,3683.4,4440.0,3288.1,4037.3,3,1,4036.8,4,1,4036.2,1,1,4036.0,125,4,4035.9,5,2,4037.4,27,2,4037.5,15,1,4037.7,57,2,4037.8,9,1,4037.9,6,1
11483,2026-07-02 14:36:11+05:30,4037.3,3,4034.51,1873682,173983.0,170589.0,4100.0,4110.0,4012.0,4092.6,25821250,4501.8,3683.4,4440.0,3288.1,4037.3,3,1,4036.8,4,1,4036.2,1,1,4036.0,125,4,4035.9,5,2,4037.4,27,2,4037.5,15,1,4037.7,57,2,4037.8,9,1,4037.9,6,1
11483,2026-07-02 14:36:11+05:30,4037.3,3,4034.51,1873712,174095.0,170464.0,4100.0,4110.0,4012.0,4092.6,25821250,4501.8,3683.4,4440.0,3288.1,4037.3,7,1,4036.8,4,1,4036.2,1,1,4036.1,21,1,4036.0,128,5,4037.5,15,1,4037.6,12,1,4037.7,57,2,4037.8,9,1,4037.9,17,2
11483,2026-07-02 14:36:12+05:30,4037.3,4,4034.51,1873712,174095.0,170464.0,4100.0,4110.0,4012.0,4092.6,25821250,4501.8,3683.4,4440.0,3288.1,4037.3,7,1,4036.8,4,1,4036.2,1,1,4036.1,21,1,4036.0,128,5,4037.5,15,1,4037.6,12,1,4037.7,57,2,4037.8,9,1,4037.9,17,2
11483,2026-07-02 14:36:12+05:30,4037.3,4,4034.51,1873716,174100.0,170561.0,4100.0,4110.0,4012.0,4092.6,25821250,4501.8,3683.4,4440.0,3288.1,4037.3,3,1,4036.8,5,2,4036.2,1,1,4036.1,21,1,4036.0,125,4,4037.4,12,1,4037.5,59,5,4037.7,30,1,4037.8,9,1,4037.9,34,3
11483,2026-07-02 14:36:13+05:30,4037.4,17,4034.51,1873716,174100.0,170561.0,4100.0,4110.0,4012.0,4092.6,25821250,4501.8,3683.4,4440.0,3288.1,4037.3,3,1,4036.8,5,2,4036.2,1,1,4036.1,21,1,4036.0,125,4,4037.4,12,1,4037.5,59,5,4037.7,30,1,4037.8,9,1,4037.9,34,3
11483,2026-07-02 14:36:13+05:30,4037.4,17,4034.51,1873761,174096.0,170433.0,4100.0,4110.0,4012.0,4092.6,25821250,4501.8,3683.4,4440.0,3288.1,4037.3,3,1,4036.8,1,1,4036.2,1,1,4036.1,21,1,4036.0,125,4,4037.4,12,1,4037.5,44,4,4037.7,30,1,4037.8,9,1,4037.9,34,3
11483,2026-07-02 14:36:14+05:30,4037.3,3,4034.51,1873761,174096.0,170433.0,4100.0,4110.0,4012.0,4092.6,25821250,4501.8,3683.4,4440.0,3288.1,4037.3,3,1,4036.8,1,1,4036.2,1,1,4036.1,21,1,4036.0,125,4,4037.4,12,1,4037.5,44,4,4037.7,30,1,4037.8,9,1,4037.9,34,3
11483,2026-07-02 14:36:14+05:30,4037.3,3,4034.51,1873764,173569.0,170733.0,4100.0,4110.0,4012.0,4092.6,25821250,4501.8,3683.4,4440.0,3288.1,4036.8,1,1,4036.2,1,1,4036.0,106,3,4035.9,7,2,4035.8,50,1,4037.3,33,4,4037.4,14,2,4037.5,20,3,4037.6,15,1,4037.7,83,4
11483,2026-07-02 14:36:15+05:30,4037.3,2,4034.51,1873764,173569.0,170733.0,4100.0,4110.0,4012.0,4092.6,25821250,4501.8,3683.4,4440.0,3288.1,4036.8,1,1,4036.2,1,1,4036.0,106,3,4035.9,7,2,4035.8,50,1,4037.3,33,4,4037.4,14,2,4037.5,20,3,4037.6,15,1,4037.7,83,4
11483,2026-07-02 14:36:15+05:30,4037.3,2,4034.51,1873793,173101.0,170442.0,4100.0,4110.0,4012.0,4092.6,25821250,4501.8,3683.4,4440.0,3288.1,4036.0,106,3,4035.9,28,3,4035.8,84,2,4035.6,41,2,4035.5,14,3,4037.3,13,2,4037.4,14,2,4037.5,19,2,4037.6,15,1,4037.7,95,5
11483,2026-07-02 14:36:16+05:30,4037.3,3,4034.51,1873793,173101.0,170442.0,4100.0,4110.0,4012.0,4092.6,25821250,4501.8,3683.4,4440.0,3288.1,4036.0,106,3,4035.9,28,3,4035.8,84,2,4035.6,41,2,4035.5,14,3,4037.3,13,2,4037.4,14,2,4037.5,19,2,4037.6,15,1,4037.7,95,5
11483,2026-07-02 14:36:16+05:30,4037.3,3,4034.51,1873801,173475.0,170555.0,4100.0,4110.0,4012.0,4092.6,25821250,4501.8,3683.4,4440.0,3288.1,4036.3,200,1,4036.0,124,3,4035.9,7,2,4035.8,84,2,4035.7,9,2,4037.3,11,4,4037.4,12,1,4037.5,19,2,4037.7,67,3,4037.8,9,1
11483,2026-07-02 14:36:17+05:30,4037.3,5,4034.51,1873801,173475.0,170555.0,4100.0,4110.0,4012.0,4092.6,25821250,4501.8,3683.4,4440.0,3288.1,4036.3,200,1,4036.0,124,3,4035.9,7,2,4035.8,84,2,4035.7,9,2,4037.3,11,4,4037.4,12,1,4037.5,19,2,4037.7,67,3,4037.8,9,1
11483,2026-07-02 14:36:17+05:30,4037.3,5,4034.51,1873807,173474.0,170520.0,4100.0,4110.0,4012.0,4092.6,25821250,4501.8,3683.4,4440.0,3288.1,4036.3,249,2,4036.0,124,3,4035.9,10,3,4035.8,84,2,4035.7,6,1,4037.3,19,5,4037.4,12,1,4037.5,19,2,4037.7,30,1,4037.8,9,1
11483,2026-07-02 14:36:18+05:30,4036.3,1,4034.51,1873807,173474.0,170520.0,4100.0,4110.0,4012.0,4092.6,25821250,4501.8,3683.4,4440.0,3288.1,4036.3,249,2,4036.0,124,3,4035.9,10,3,4035.8,84,2,4035.7,6,1,4037.3,19,5,4037.4,12,1,4037.5,19,2,4037.7,30,1,4037.8,9,1
11483,2026-07-02 14:36:18+05:30,4036.3,1,4034.51,1873808,173473.0,170617.0,4100.0,4110.0,4012.0,4092.6,25821250,4501.8,3683.4,4440.0,3288.1,4036.3,248,2,4036.0,103,2,4035.9,10,3,4035.8,84,2,4035.7,6,1,4037.3,6,4,4037.4,12,1,4037.5,19,2,4037.7,44,2,4037.8,9,1
11483,2026-07-02 14:36:19+05:30,4036.3,45,4034.51,1873808,173473.0,170617.0,4100.0,4110.0,4012.0,4092.6,25821250,4501.8,3683.4,4440.0,3288.1,4036.3,248,2,4036.0,103,2,4035.9,10,3,4035.8,84,2,4035.7,6,1,4037.3,6,4,4037.4,12,1,4037.5,19,2,4037.7,44,2,4037.8,9,1
11483,2026-07-02 14:36:19+05:30,4036.3,45,4034.51,1873853,173358.0,170825.0,4100.0,4110.0,4012.0,4092.6,25821250,4501.8,3683.4,4440.0,3288.1,4036.3,153,1,4036.0,103,2,4035.9,7,2,4035.8,84,2,4035.7,3,1,4037.3,17,5,4037.4,12,1,4037.5,19,2,4037.7,30,1,4037.8,9,1
11483,2026-07-02 14:36:20+05:30,4036.3,6,4034.51,1873853,173358.0,170825.0,4100.0,4110.0,4012.0,4092.6,25821250,4501.8,3683.4,4440.0,3288.1,4036.3,153,1,4036.0,103,2,4035.9,7,2,4035.8,84,2,4035.7,3,1,4037.3,17,5,4037.4,12,1,4037.5,19,2,4037.7,30,1,4037.8,9,1
11483,2026-07-02 14:36:20+05:30,4036.3,50,4034.51,1873909,173319.0,171063.0,4100.0,4110.0,4012.0,4092.6,25821250,4501.8,3683.4,4440.0,3288.1,4036.3,97,1,4036.0,103,2,4035.9,7,2,4035.8,50,1,4035.6,41,2,4037.3,19,6,4037.4,12,1,4037.5,19,2,4037.6,16,1,4037.7,48,2
11483,2026-07-02 14:36:21+05:30,4037.4,36,4034.51,1873909,173319.0,171063.0,4100.0,4110.0,4012.0,4092.6,25821250,4501.8,3683.4,4440.0,3288.1,4036.3,97,1,4036.0,103,2,4035.9,7,2,4035.8,50,1,4035.6,41,2,4037.3,19,6,4037.4,12,1,4037.5,19,2,4037.6,16,1,4037.7,48,2
11483,2026-07-02 14:36:21+05:30,4037.4,36,4034.51,1874066,173406.0,171238.0,4100.0,4110.0,4012.0,4092.6,25821250,4501.8,3683.4,4440.0,3288.1,4036.3,91,1,4036.0,103,2,4035.9,7,2,4035.8,50,1,4035.7,24,1,4037.4,12,1,4037.5,15,1,4037.7,30,1,4037.8,41,2,4037.9,6,1
11483,2026-07-02 14:36:22+05:30,4036.3,19,4034.51,1874066,173406.0,171238.0,4100.0,4110.0,4012.0,4092.6,25821250,4501.8,3683.4,4440.0,3288.1,4036.3,91,1,4036.0,103,2,4035.9,7,2,4035.8,50,1,4035.7,24,1,4037.4,12,1,4037.5,15,1,4037.7,30,1,4037.8,41,2,4037.9,6,1
11483,2026-07-02 14:36:22+05:30,4036.3,72,4034.51,1874157,172976.0,171472.0,4100.0,4110.0,4012.0,4092.6,25821250,4501.8,3683.4,4440.0,3288.1,4036.0,103,2,4035.9,5,1,4035.6,25,1,4035.5,10,1,4035.4,52,1,4037.0,175,3,4037.1,56,3,4037.2,14,1,4037.4,45,3,4037.5,47,2
11483,2026-07-02 14:36:23+05:30,4037.0,1,4034.51,1874157,172976.0,171472.0,4100.0,4110.0,4012.0,4092.6,25821250,4501.8,3683.4,4440.0,3288.1,4036.0,103,2,4035.9,5,1,4035.6,25,1,4035.5,10,1,4035.4,52,1,4037.0,175,3,4037.1,56,3,4037.2,14,1,4037.4,45,3,4037.5,47,2
11483,2026-07-02 14:36:23+05:30,4037.0,1,4034.51,1874169,173088.0,171548.0,4100.0,4110.0,4012.0,4092.6,25821250,4501.8,3683.4,4440.0,3288.1,4036.3,4,1,4036.0,142,3,4035.9,5,1,4035.6,25,1,4035.5,10,1,4037.0,174,2,4037.1,36,2,4037.3,18,1,4037.4,77,5,4037.5,37,2
11483,2026-07-02 14:36:24+05:30,4036.0,48,4034.51,1874169,173088.0,171548.0,4100.0,4110.0,4012.0,4092.6,25821250,4501.8,3683.4,4440.0,3288.1,4036.3,4,1,4036.0,142,3,4035.9,5,1,4035.6,25,1,4035.5,10,1,4037.0,174,2,4037.1,36,2,4037.3,18,1,4037.4,77,5,4037.5,37,2
11483,2026-07-02 14:36:24+05:30,4036.0,48,4034.51,1874735,172874.0,170537.0,4100.0,4110.0,4012.0,4092.6,25821250,4501.8,3683.4,4440.0,3288.1,4036.0,94,3,4035.9,5,1,4035.6,2,1,4035.5,42,2,4035.4,52,1,4037.0,3,1,4037.4,18,2,4037.5,41,1,4037.6,87,4,4037.7,89,4
11483,2026-07-02 14:36:25+05:30,4037.0,2,4034.51,1874735,172874.0,170537.0,4100.0,4110.0,4012.0,4092.6,25821250,4501.8,3683.4,4440.0,3288.1,4036.0,94,3,4035.9,5,1,4035.6,2,1,4035.5,42,2,4035.4,52,1,4037.0,3,1,4037.4,18,2,4037.5,41,1,4037.6,87,4,4037.7,89,4
11483,2026-07-02 14:36:25+05:30,4037.0,2,4034.51,1874814,172791.0,170952.0,4100.0,4110.0,4012.0,4092.6,25821250,4501.8,3683.4,4440.0,3288.1,4036.0,17,1,4035.9,5,1,4035.6,2,1,4035.5,42,2,4035.4,52,1,4037.0,1,1,4037.4,6,1,4037.5,67,2,4037.6,181,7,4037.7,89,4
11483,2026-07-02 14:36:26+05:30,4037.0,1,4034.51,1874814,172791.0,170952.0,4100.0,4110.0,4012.0,4092.6,25821250,4501.8,3683.4,4440.0,3288.1,4036.0,17,1,4035.9,5,1,4035.6,2,1,4035.5,42,2,4035.4,52,1,4037.0,1,1,4037.4,6,1,4037.5,67,2,4037.6,181,7,4037.7,89,4
11483,2026-07-02 14:36:26+05:30,4037.0,1,4034.51,1874837,172821.0,170957.0,4100.0,4110.0,4012.0,4092.6,25821250,4501.8,3683.4,4440.0,3288.1,4037.0,1,1,4036.0,7,1,4035.9,5,1,4035.6,5,2,4035.5,10,1,4037.4,36,4,4037.5,12,2,4037.6,47,3,4037.7,57,2,4037.8,34,3
11483,2026-07-02 14:36:27+05:30,4037.0,1,4034.51,1874837,172821.0,170957.0,4100.0,4110.0,4012.0,4092.6,25821250,4501.8,3683.4,4440.0,3288.1,4037.0,1,1,4036.0,7,1,4035.9,5,1,4035.6,5,2,4035.5,10,1,4037.4,36,4,4037.5,12,2,4037.6,47,3,4037.7,57,2,4037.8,34,3
11483,2026-07-02 14:36:27+05:30,4037.0,1,4034.51,1874840,172999.0,171258.0,4100.0,4110.0,4012.0,4092.6,25821250,4501.8,3683.4,4440.0,3288.1,4037.0,100,2,4035.9,59,3,4035.7,77,3,4035.6,71,3,4035.5,48,3,4037.4,18,3,4037.5,3,1,4037.6,47,3,4037.7,30,1,4037.8,9,1
11483,2026-07-02 14:36:28+05:30,4037.0,1,4034.51,1874840,172999.0,171258.0,4100.0,4110.0,4012.0,4092.6,25821250,4501.8,3683.4,4440.0,3288.1,4037.0,100,2,4035.9,59,3,4035.7,77,3,4035.6,71,3,4035.5,48,3,4037.4,18,3,4037.5,3,1,4037.6,47,3,4037.7,30,1,4037.8,9,1
11483,2026-07-02 14:36:28+05:30,4037.0,1,4034.51,1874940,172937.0,171715.0,4100.0,4110.0,4012.0,4092.6,25821250,4501.8,3683.4,4440.0,3288.1,4036.5,2,1,4035.9,5,1,4035.6,71,3,4035.5,10,1,4035.4,34,2,4037.2,44,5,4037.3,8,2,4037.4,4,2,4037.5,44,4,4037.6,58,4
11483,2026-07-02 14:36:29+05:30,4037.2,5,4034.51,1874940,172937.0,171715.0,4100.0,4110.0,4012.0,4092.6,25821250,4501.8,3683.4,4440.0,3288.1,4036.5,2,1,4035.9,5,1,4035.6,71,3,4035.5,10,1,4035.4,34,2,4037.2,44,5,4037.3,8,2,4037.4,4,2,4037.5,44,4,4037.6,58,4
11483,2026-07-02 14:36:29+05:30,4037.2,5,4034.51,1874960,172909.0,171085.0,4100.0,4110.0,4012.0,4092.6,25821250,4501.8,3683.4,4440.0,3288.1,4035.9,30,3,4035.7,33,2,4035.6,32,2,4035.5,35,2,4035.4,12,1,4037.2,10,2,4037.3,3,1,4037.4,24,2,4037.5,21,3,4037.6,69,5
11483,2026-07-02 14:36:30+05:30,4035.9,1,4034.51,1874960,172909.0,171085.0,4100.0,4110.0,4012.0,4092.6,25821250,4501.8,3683.4,4440.0,3288.1,4035.9,30,3,4035.7,33,2,4035.6,32,2,4035.5,35,2,4035.4,12,1,4037.2,10,2,4037.3,3,1,4037.4,24,2,4037.5,21,3,4037.6,69,5
11483,2026-07-02 14:36:30+05:30,4035.9,1,4034.51,1874966,173035.0,171074.0,4100.0,4110.0,4012.0,4092.6,25821250,4501.8,3683.4,4440.0,3288.1,4036.4,1,1,4035.7,33,2,4035.6,32,2,4035.5,10,1,4035.4,58,2,4037.2,34,5,4037.3,3,1,4037.4,27,2,4037.5,21,3,4037.6,69,5
11483,2026-07-02 14:36:31+05:30,4037.2,5,4034.51,1874982,173167.0,171305.0,4100.0,4110.0,4012.0,4092.6,25821250,4501.8,3683.4,4440.0,3288.1,4037.2,8,2,4036.9,2,2,4035.9,63,2,4035.8,20,1,4035.7,63,3,4037.3,13,1,4037.6,21,3,4037.7,78,3,4037.8,28,2,4037.9,12,2
11483,2026-07-02 14:36:31+05:30,4037.2,2,4034.51,1874982,173167.0,171305.0,4100.0,4110.0,4012.0,4092.6,25821250,4501.8,3683.4,4440.0,3288.1,4037.2,8,2,4036.9,2,2,4035.9,63,2,4035.8,20,1,4035.7,63,3,4037.3,13,1,4037.6,21,3,4037.7,78,3,4037.8,28,2,4037.9,12,2
11483,2026-07-02 14:36:31+05:30,4037.2,2,4034.51,1874982,173167.0,171305.0,4100.0,4110.0,4012.0,4092.6,25821250,4501.8,3683.4,4440.0,3288.1,4037.2,8,2,4036.9,2,2,4035.9,63,2,4035.8,20,1,4035.7,63,3,4037.3,13,1,4037.6,21,3,4037.7,78,3,4037.8,28,2,4037.9,12,2
11483,2026-07-02 14:36:32+05:30,4037.2,2,4034.51,1874984,173130.0,171439.0,4100.0,4110.0,4012.0,4092.6,25821250,4501.8,3683.4,4440.0,3288.1,4037.3,4,1,4037.2,2,1,4036.9,2,2,4036.0,13,1,4035.9,63,2,4037.6,41,4,4037.7,64,3,4037.8,24,2,4037.9,23,3,4038.0,81,7
11483,2026-07-02 14:36:32+05:30,4037.2,2,4034.51,1874984,173130.0,171439.0,4100.0,4110.0,4012.0,4092.6,25821250,4501.8,3683.4,4440.0,3288.1,4037.3,4,1,4037.2,2,1,4036.9,2,2,4036.0,13,1,4035.9,63,2,4037.6,41,4,4037.7,64,3,4037.8,24,2,4037.9,23,3,4038.0,81,7
11483,2026-07-02 14:36:33+05:30,4037.5,1,4034.51,1874989,173033.0,171433.0,4100.0,4110.0,4012.0,4092.6,25821250,4501.8,3683.4,4440.0,3288.1,4037.3,1,1,4037.2,2,1,4037.0,40,1,4036.9,2,2,4036.0,13,1,4037.4,20,1,4037.5,29,3,4037.6,14,2,4037.7,64,3,4037.8,24,2
11483,2026-07-02 14:36:33+05:30,4037.3,1,4034.51,1874989,173033.0,171433.0,4100.0,4110.0,4012.0,4092.6,25821250,4501.8,3683.4,4440.0,3288.1,4037.3,1,1,4037.2,2,1,4037.0,40,1,4036.9,2,2,4036.0,13,1,4037.4,20,1,4037.5,29,3,4037.6,14,2,4037.7,64,3,4037.8,24,2
11483,2026-07-02 14:36:33+05:30,4037.3,1,4034.51,1874989,173033.0,171433.0,4100.0,4110.0,4012.0,4092.6,25821250,4501.8,3683.4,4440.0,3288.1,4037.3,1,1,4037.2,2,1,4037.0,40,1,4036.9,2,2,4036.0,13,1,4037.4,20,1,4037.5,29,3,4037.6,14,2,4037.7,64,3,4037.8,24,2
11483,2026-07-02 14:36:34+05:30,4037.3,1,4034.51,1874989,173033.0,171433.0,4100.0,4110.0,4012.0,4092.6,25821250,4501.8,3683.4,4440.0,3288.1,4037.3,1,1,4037.2,2,1,4037.0,40,1,4036.9,2,2,4036.0,13,1,4037.4,20,1,4037.5,29,3,4037.6,14,2,4037.7,64,3,4037.8,24,2
11483,2026-07-02 14:36:34+05:30,4037.3,1,4034.51,1874991,173062.0,171401.0,4100.0,4110.0,4012.0,4092.6,25821250,4501.8,3683.4,4440.0,3288.1,4037.2,2,1,4037.0,40,1,4036.9,2,2,4036.0,42,2,4035.9,140,5,4037.3,10,1,4037.4,38,3,4037.5,5,2,4037.7,51,2,4037.8,24,2
11483,2026-07-02 14:36:34+05:30,4037.3,1,4034.51,1874991,173062.0,171401.0,4100.0,4110.0,4012.0,4092.6,25821250,4501.8,3683.4,4440.0,3288.1,4037.2,2,1,4037.0,40,1,4036.9,2,2,4036.0,42,2,4035.9,140,5,4037.3,10,1,4037.4,38,3,4037.5,5,2,4037.7,51,2,4037.8,24,2
11483,2026-07-02 14:36:34+05:30,4037.3,1,4034.51,1874991,173062.0,171401.0,4100.0,4110.0,4012.0,4092.6,25821250,4501.8,3683.4,4440.0,3288.1,4037.2,2,1,4037.0,40,1,4036.9,2,2,4036.0,42,2,4035.9,140,5,4037.3,10,1,4037.4,38,3,4037.5,5,2,4037.7,51,2,4037.8,24,2
11483,2026-07-02 14:36:35+05:30,4037.3,1,4034.51,1874991,173062.0,171401.0,4100.0,4110.0,4012.0,4092.6,25821250,4501.8,3683.4,4440.0,3288.1,4037.2,2,1,4037.0,40,1,4036.9,2,2,4036.0,42,2,4035.9,140,5,4037.3,10,1,4037.4,38,3,4037.5,5,2,4037.7,51,2,4037.8,24,2
11483,2026-07-02 14:36:35+05:30,4037.3,109,4034.51,1875100,173640.0,171578.0,4100.0,4110.0,4012.0,4092.6,25821250,4501.8,3683.4,4440.0,3288.1,4037.3,16,1,4037.2,2,1,4037.0,40,1,4036.9,2,2,4036.1,49,1,4037.4,38,3,4037.5,1,1,4037.7,51,2,4037.8,24,2,4037.9,23,3
11483,2026-07-02 14:36:35+05:30,4037.3,109,4034.51,1875100,173640.0,171578.0,4100.0,4110.0,4012.0,4092.6,25821250,4501.8,3683.4,4440.0,3288.1,4037.3,16,1,4037.2,2,1,4037.0,40,1,4036.9,2,2,4036.1,49,1,4037.4,38,3,4037.5,1,1,4037.7,51,2,4037.8,24,2,4037.9,23,3
11483,2026-07-02 14:36:35+05:30,4037.3,13,4034.51,1875100,173640.0,171578.0,4100.0,4110.0,4012.0,4092.6,25821250,4501.8,3683.4,4440.0,3288.1,4037.3,16,1,4037.2,2,1,4037.0,40,1,4036.9,2,2,4036.1,49,1,4037.4,38,3,4037.5,1,1,4037.7,51,2,4037.8,24,2,4037.9,23,3
11483,2026-07-02 14:36:35+05:30,4037.3,13,4034.51,1875100,173640.0,171578.0,4100.0,4110.0,4012.0,4092.6,25826325,4501.8,3683.4,4440.0,3288.1,4037.3,16,1,4037.2,2,1,4037.0,40,1,4036.9,2,2,4036.1,49,1,4037.4,38,3,4037.5,1,1,4037.7,51,2,4037.8,24,2,4037.9,23,3
11483,2026-07-02 14:36:36+05:30,4037.3,38,4034.51,1875173,172856.0,171790.0,4100.0,4110.0,4012.0,4092.6,25826325,4501.8,3683.4,4440.0,3288.1,4037.0,40,1,4036.9,2,2,4035.9,137,4,4035.8,20,1,4035.7,12,1,4037.3,162,1,4037.5,1,1,4037.6,24,1,4037.7,30,1,4037.8,24,2
11483,2026-07-02 14:36:36+05:30,4037.3,38,4034.51,1875173,172856.0,171790.0,4100.0,4110.0,4012.0,4092.6,25826325,4501.8,3683.4,4440.0,3288.1,4037.0,40,1,4036.9,2,2,4035.9,137,4,4035.8,20,1,4035.7,12,1,4037.3,162,1,4037.5,1,1,4037.6,24,1,4037.7,30,1,4037.8,24,2
11483,2026-07-02 14:36:36+05:30,4037.0,9,4034.51,1875173,172856.0,171790.0,4100.0,4110.0,4012.0,4092.6,25826325,4501.8,3683.4,4440.0,3288.1,4037.0,40,1,4036.9,2,2,4035.9,137,4,4035.8,20,1,4035.7,12,1,4037.3,162,1,4037.5,1,1,4037.6,24,1,4037.7,30,1,4037.8,24,2
11483,2026-07-02 14:36:36+05:30,4037.0,9,4034.51,1875173,172856.0,171790.0,4100.0,4110.0,4012.0,4092.6,25826325,4501.8,3683.4,4440.0,3288.1,4037.0,40,1,4036.9,2,2,4035.9,137,4,4035.8,20,1,4035.7,12,1,4037.3,162,1,4037.5,1,1,4037.6,24,1,4037.7,30,1,4037.8,24,2
11483,2026-07-02 14:36:37+05:30,4037.0,9,4034.51,1875173,172856.0,171790.0,4100.0,4110.0,4012.0,4092.6,25826325,4501.8,3683.4,4440.0,3288.1,4037.0,40,1,4036.9,2,2,4035.9,137,4,4035.8,20,1,4035.7,12,1,4037.3,162,1,4037.5,1,1,4037.6,24,1,4037.7,30,1,4037.8,24,2
11483,2026-07-02 14:36:37+05:30,4037.0,9,4034.51,1875182,173011.0,171918.0,4100.0,4110.0,4012.0,4092.6,25826325,4501.8,3683.4,4440.0,3288.1,4037.0,31,1,4036.9,2,2,4035.9,137,4,4035.8,20,1,4035.7,12,1,4037.3,162,1,4037.4,26,2,4037.5,1,1,4037.7,66,3,4037.8,39,4
11483,2026-07-02 14:36:37+05:30,4037.0,1,4034.51,1875182,173011.0,171918.0,4100.0,4110.0,4012.0,4092.6,25826325,4501.8,3683.4,4440.0,3288.1,4037.0,31,1,4036.9,2,2,4035.9,137,4,4035.8,20,1,4035.7,12,1,4037.3,162,1,4037.4,26,2,4037.5,1,1,4037.7,66,3,4037.8,39,4
11483,2026-07-02 14:36:37+05:30,4037.0,1,4034.51,1875182,173011.0,171918.0,4100.0,4110.0,4012.0,4092.6,25826325,4501.8,3683.4,4440.0,3288.1,4037.0,31,1,4036.9,2,2,4035.9,137,4,4035.8,20,1,4035.7,12,1,4037.3,162,1,4037.4,26,2,4037.5,1,1,4037.7,66,3,4037.8,39,4
11483,2026-07-02 14:36:38+05:30,4037.3,66,4034.51,1875249,173073.0,171861.0,4100.0,4110.0,4012.0,4092.6,25826325,4501.8,3683.4,4440.0,3288.1,4037.0,32,2,4036.9,2,2,4035.9,137,4,4035.8,20,1,4035.7,12,1,4037.3,96,1,4037.4,26,2,4037.5,1,1,4037.6,13,1,4037.7,66,3
11483,2026-07-02 14:36:38+05:30,4037.0,8,4034.51,1875249,173073.0,171861.0,4100.0,4110.0,4012.0,4092.6,25826325,4501.8,3683.4,4440.0,3288.1,4037.0,32,2,4036.9,2,2,4035.9,137,4,4035.8,20,1,4035.7,12,1,4037.3,96,1,4037.4,26,2,4037.5,1,1,4037.6,13,1,4037.7,66,3
11483,2026-07-02 14:36:39+05:30,4037.3,1,4034.51,1875263,173491.0,171913.0,4100.0,4110.0,4012.0,4092.6,25826325,4501.8,3683.4,4440.0,3288.1,4037.0,19,2,4036.9,2,2,4035.9,137,4,4035.8,20,1,4035.7,12,1,4037.3,133,3,4037.4,26,2,4037.5,1,1,4037.6,13,1,4037.7,66,3
11483,2026-07-02 14:36:39+05:30,4037.0,2,4034.51,1875263,173491.0,171913.0,4100.0,4110.0,4012.0,4092.6,25826325,4501.8,3683.4,4440.0,3288.1,4037.0,19,2,4036.9,2,2,4035.9,137,4,4035.8,20,1,4035.7,12,1,4037.3,133,3,4037.4,26,2,4037.5,1,1,4037.6,13,1,4037.7,66,3
11483,2026-07-02 14:36:40+05:30,4037.3,22,4034.51,1875300,173311.0,171897.0,4100.0,4110.0,4012.0,4092.6,25826325,4501.8,3683.4,4440.0,3288.1,4037.0,7,2,4036.9,2,2,4035.9,137,4,4035.8,23,2,4035.7,12,1,4037.3,123,5,4037.4,9,2,4037.5,1,1,4037.6,13,1,4037.7,54,2
11483,2026-07-02 14:36:40+05:30,4037.0,4,4034.51,1875300,173311.0,171897.0,4100.0,4110.0,4012.0,4092.6,25826325,4501.8,3683.4,4440.0,3288.1,4037.0,7,2,4036.9,2,2,4035.9,137,4,4035.8,23,2,4035.7,12,1,4037.3,123,5,4037.4,9,2,4037.5,1,1,4037.6,13,1,4037.7,54,2
11483,2026-07-02 14:36:41+05:30,4037.3,3,4034.51,1875311,172818.0,171811.0,4100.0,4110.0,4012.0,4092.6,25826325,4501.8,3683.4,4440.0,3288.1,4037.0,1,1,4036.0,10,1,4035.9,137,4,4035.8,20,1,4035.7,12,1,4037.3,105,4,4037.4,15,2,4037.5,1,1,4037.7,66,3,4037.8,11,1
11483,2026-07-02 14:36:41+05:30,4038.6,7,4034.51,1875311,172818.0,171811.0,4100.0,4110.0,4012.0,4092.6,25826325,4501.8,3683.4,4440.0,3288.1,4037.0,1,1,4036.0,10,1,4035.9,137,4,4035.8,20,1,4035.7,12,1,4037.3,105,4,4037.4,15,2,4037.5,1,1,4037.7,66,3,4037.8,11,1
11483,2026-07-02 14:36:42+05:30,4037.3,100,4034.51,1876413,172967.0,171748.0,4100.0,4110.0,4012.0,4092.6,25826325,4501.8,3683.4,4440.0,3288.1,4037.0,2,1,4036.1,39,1,4036.0,39,1,4035.9,98,3,4035.8,3,1,4037.3,200,1,4038.0,92,7,4038.1,95,5,4038.2,30,2,4038.3,118,5
11483,2026-07-02 14:36:42+05:30,4037.0,13,4034.51,1876413,172967.0,171748.0,4100.0,4110.0,4012.0,4092.6,25826325,4501.8,3683.4,4440.0,3288.1,4037.0,2,1,4036.1,39,1,4036.0,39,1,4035.9,98,3,4035.8,3,1,4037.3,200,1,4038.0,92,7,4038.1,95,5,4038.2,30,2,4038.3,118,5
11483,2026-07-02 14:36:43+05:30,4037.0,13,4034.51,1876426,173070.0,171367.0,4100.0,4110.0,4012.0,4092.6,25826325,4501.8,3683.4,4440.0,3288.1,4036.1,39,1,4036.0,11,1,4035.9,74,2,4035.7,29,2,4035.6,61,3,4037.0,11,2,4037.2,1,1,4037.3,200,1,4037.4,5,1,4037.9,19,1
11483,2026-07-02 14:36:43+05:30,4036.1,1,4034.51,1876426,173070.0,171367.0,4100.0,4110.0,4012.0,4092.6,25826325,4501.8,3683.4,4440.0,3288.1,4036.1,39,1,4036.0,11,1,4035.9,74,2,4035.7,29,2,4035.6,61,3,4037.0,11,2,4037.2,1,1,4037.3,200,1,4037.4,5,1,4037.9,19,1
11483,2026-07-02 14:36:44+05:30,4037.0,28,4034.51,1876466,173104.0,171495.0,4100.0,4110.0,4012.0,4092.6,25826325,4501.8,3683.4,4440.0,3288.1,4036.4,46,3,4036.3,99,5,4036.2,22,2,4036.0,3,1,4035.9,122,4,4037.0,14,1,4037.3,200,1,4037.9,19,1,4038.0,84,6,4038.1,81,4
11483,2026-07-02 14:36:44+05:30,4037.0,7,4034.51,1876466,173104.0,171495.0,4100.0,4110.0,4012.0,4092.6,25826325,4501.8,3683.4,4440.0,3288.1,4036.4,46,3,4036.3,99,5,4036.2,22,2,4036.0,3,1,4035.9,122,4,4037.0,14,1,4037.3,200,1,4037.9,19,1,4038.0,84,6,4038.1,81,4
11483,2026-07-02 14:36:45+05:30,4037.0,7,4034.51,1876493,173099.0,171502.0,4100.0,4110.0,4012.0,4092.6,25826325,4501.8,3683.4,4440.0,3288.1,4036.4,41,3,4036.3,99,5,4036.2,22,2,4036.0,3,1,4035.9,122,4,4037.0,7,1,4037.3,200,1,4037.9,19,1,4038.0,84,6,4038.1,81,4
11483,2026-07-02 14:36:45+05:30,4036.4,3,4034.51,1876493,173099.0,171502.0,4100.0,4110.0,4012.0,4092.6,25826325,4501.8,3683.4,4440.0,3288.1,4036.4,41,3,4036.3,99,5,4036.2,22,2,4036.0,3,1,4035.9,122,4,4037.0,7,1,4037.3,200,1,4037.9,19,1,4038.0,84,6,4038.1,81,4
11483,2026-07-02 14:36:46+05:30,4036.4,3,4034.51,1876496,173531.0,171831.0,4100.0,4110.0,4012.0,4092.6,25826325,4501.8,3683.4,4440.0,3288.1,4036.9,2,2,4036.4,27,1,4036.3,53,2,4036.2,24,1,4036.0,3,1,4037.0,7,1,4037.3,200,1,4037.9,19,1,4038.0,74,5,4038.1,81,4
11483,2026-07-02 14:36:46+05:30,4037.0,1,4034.51,1876496,173531.0,171831.0,4100.0,4110.0,4012.0,4092.6,25826325,4501.8,3683.4,4440.0,3288.1,4036.9,2,2,4036.4,27,1,4036.3,53,2,4036.2,24,1,4036.0,3,1,4037.0,7,1,4037.3,200,1,4037.9,19,1,4038.0,74,5,4038.1,81,4
11483,2026-07-02 14:36:47+05:30,4036.3,6,4034.51,1876516,172961.0,171718.0,4100.0,4110.0,4012.0,4092.6,25826325,4501.8,3683.4,4440.0,3288.1,4036.3,25,4,4036.2,40,2,4036.1,18,1,4036.0,29,2,4035.9,122,4,4037.0,15,2,4037.3,201,2,4037.9,19,1,4038.0,100,6,4038.1,81,4
11483,2026-07-02 14:36:47+05:30,4036.3,2,4034.51,1876516,172961.0,171718.0,4100.0,4110.0,4012.0,4092.6,25826325,4501.8,3683.4,4440.0,3288.1,4036.3,25,4,4036.2,40,2,4036.1,18,1,4036.0,29,2,4035.9,122,4,4037.0,15,2,4037.3,201,2,4037.9,19,1,4038.0,100,6,4038.1,81,4
11483,2026-07-02 14:36:47+05:30,4036.3,2,4034.51,1876518,172960.0,171719.0,4100.0,4110.0,4012.0,4092.6,25826325,4501.8,3683.4,4440.0,3288.1,4036.3,23,4,4036.2,40,2,4036.1,18,1,4036.0,3,1,4035.9,122,4,4037.0,15,2,4037.3,201,2,4037.9,19,1,4038.0,100,6,4038.1,81,4
11483,2026-07-02 14:36:48+05:30,4037.0,21,4034.51,1876518,172960.0,171719.0,4100.0,4110.0,4012.0,4092.6,25826325,4501.8,3683.4,4440.0,3288.1,4036.3,23,4,4036.2,40,2,4036.1,18,1,4036.0,3,1,4035.9,122,4,4037.0,15,2,4037.3,201,2,4037.9,19,1,4038.0,100,6,4038.1,81,4
11483,2026-07-02 14:36:48+05:30,4037.0,1,4034.52,1876541,172960.0,171855.0,4100.0,4110.0,4012.0,4092.6,25826325,4501.8,3683.4,4440.0,3288.1,4036.3,43,6,4036.2,24,1,4036.0,23,2,4035.9,144,5,4035.8,24,1,4037.0,58,2,4037.3,214,3,4037.9,19,1,4038.0,160,7,4038.1,81,4
11483,2026-07-02 14:36:49+05:30,4037.0,1,4034.52,1876541,172960.0,171855.0,4100.0,4110.0,4012.0,4092.6,25826325,4501.8,3683.4,4440.0,3288.1,4036.3,43,6,4036.2,24,1,4036.0,23,2,4035.9,144,5,4035.8,24,1,4037.0,58,2,4037.3,214,3,4037.9,19,1,4038.0,160,7,4038.1,81,4
11483,2026-07-02 14:36:49+05:30,4037.0,1,4034.52,1876545,172929.0,172194.0,4100.0,4110.0,4012.0,4092.6,25826325,4501.8,3683.4,4440.0,3288.1,4036.6,39,4,4036.5,10,1,4036.4,12,1,4036.3,26,4,4036.2,24,1,4037.0,57,2,4037.3,201,2,4037.9,19,1,4038.0,134,6,4038.1,81,4
11483,2026-07-02 14:36:50+05:30,4036.6,1,4034.52,1876545,172929.0,172194.0,4100.0,4110.0,4012.0,4092.6,25826325,4501.8,3683.4,4440.0,3288.1,4036.6,39,4,4036.5,10,1,4036.4,12,1,4036.3,26,4,4036.2,24,1,4037.0,57,2,4037.3,201,2,4037.9,19,1,4038.0,134,6,4038.1,81,4
11483,2026-07-02 14:36:51+05:30,4036.6,13,4034.52,1876591,172893.0,171414.0,4100.0,4110.0,4012.0,4092.6,25826325,4501.8,3683.4,4440.0,3288.1,4036.5,1,1,4036.4,52,3,4036.3,25,4,4036.2,18,1,4036.1,9,2,4037.0,25,2,4037.3,201,2,4038.0,104,4,4038.1,51,2,4038.2,15,1
11483,2026-07-02 14:36:51+05:30,4036.5,5,4034.52,1876591,172893.0,171414.0,4100.0,4110.0,4012.0,4092.6,25826325,4501.8,3683.4,4440.0,3288.1,4036.5,1,1,4036.4,52,3,4036.3,25,4,4036.2,18,1,4036.1,9,2,4037.0,25,2,4037.3,201,2,4038.0,104,4,4038.1,51,2,4038.2,15,1
11483,2026-07-02 14:36:51+05:30,4036.5,5,4034.52,1876602,172803.0,171342.0,4100.0,4110.0,4012.0,4092.6,25826325,4501.8,3683.4,4440.0,3288.1,4036.5,12,2,4036.3,16,4,4036.2,50,2,4036.1,3,1,4036.0,27,2,4037.0,25,2,4037.3,201,2,4038.0,89,3,4038.1,38,1,4038.2,28,1
11483,2026-07-02 14:36:52+05:30,4036.5,2,4034.52,1876602,172803.0,171342.0,4100.0,4110.0,4012.0,4092.6,25826325,4501.8,3683.4,4440.0,3288.1,4036.5,12,2,4036.3,16,4,4036.2,50,2,4036.1,3,1,4036.0,27,2,4037.0,25,2,4037.3,201,2,4038.0,89,3,4038.1,38,1,4038.2,28,1
11483,2026-07-02 14:36:52+05:30,4036.5,2,4034.52,1876610,172796.0,171369.0,4100.0,4110.0,4012.0,4092.6,25826325,4501.8,3683.4,4440.0,3288.1,4036.5,4,1,4036.3,40,5,4036.2,18,1,4036.1,3,1,4036.0,27,2,4037.0,27,3,4037.3,201,2,4038.0,101,4,4038.1,38,1,4038.2,28,1
11483,2026-07-02 14:36:53+05:30,4037.0,10,4034.52,1876610,172796.0,171369.0,4100.0,4110.0,4012.0,4092.6,25826325,4501.8,3683.4,4440.0,3288.1,4036.5,4,1,4036.3,40,5,4036.2,18,1,4036.1,3,1,4036.0,27,2,4037.0,27,3,4037.3,201,2,4038.0,101,4,4038.1,38,1,4038.2,28,1
11483,2026-07-02 14:36:53+05:30,4037.0,5,4034.52,1876643,172794.0,171361.0,4100.0,4110.0,4012.0,4092.6,25826325,4501.8,3683.4,4440.0,3288.1,4036.4,60,3,4036.3,16,4,4036.2,18,1,4036.1,3,1,4036.0,27,2,4037.0,22,2,4037.3,201,2,4038.0,103,5,4038.1,38,1,4038.2,28,1
11483,2026-07-02 14:36:54+05:30,4036.4,9,4034.52,1876643,172794.0,171361.0,4100.0,4110.0,4012.0,4092.6,25826325,4501.8,3683.4,4440.0,3288.1,4036.4,60,3,4036.3,16,4,4036.2,18,1,4036.1,3,1,4036.0,27,2,4037.0,22,2,4037.3,201,2,4038.0,103,5,4038.1,38,1,4038.2,28,1
11483,2026-07-02 14:36:54+05:30,4036.4,9,4034.52,1876706,172754.0,171676.0,4100.0,4110.0,4012.0,4092.6,25826325,4501.8,3683.4,4440.0,3288.1,4036.3,8,3,4036.0,7,1,4035.9,122,4,4035.7,29,2,4035.6,112,4,4037.0,19,2,4037.3,201,2,4038.0,118,7,4038.1,38,1,4038.2,30,2
11483,2026-07-02 14:36:55+05:30,4037.0,1,4034.52,1876706,172754.0,171676.0,4100.0,4110.0,4012.0,4092.6,25826325,4501.8,3683.4,4440.0,3288.1,4036.3,8,3,4036.0,7,1,4035.9,122,4,4035.7,29,2,4035.6,112,4,4037.0,19,2,4037.3,201,2,4038.0,118,7,4038.1,38,1,4038.2,30,2
11483,2026-07-02 14:36:55+05:30,4037.0,1,4034.52,1876715,172878.0,171777.0,4100.0,4110.0,4012.0,4092.6,25826325,4501.8,3683.4,4440.0,3288.1,4036.3,5,2,4036.0,7,1,4035.9,98,3,4035.7,26,1,4035.6,115,5,4037.0,18,2,4037.3,201,2,4037.4,12,1,4037.9,48,1,4038.0,118,7
11483,2026-07-02 14:36:56+05:30,4036.3,1,4034.52,1876715,172878.0,171777.0,4100.0,4110.0,4012.0,4092.6,25826325,4501.8,3683.4,4440.0,3288.1,4036.3,5,2,4036.0,7,1,4035.9,98,3,4035.7,26,1,4035.6,115,5,4037.0,18,2,4037.3,201,2,4037.4,12,1,4037.9,48,1,4038.0,118,7
11483,2026-07-02 14:36:56+05:30,4036.3,1,4034.52,1876716,172891.0,171801.0,4100.0,4110.0,4012.0,4092.6,25826325,4501.8,3683.4,4440.0,3288.1,4036.3,12,4,4036.0,7,1,4035.9,98,3,4035.7,26,1,4035.6,115,5,4037.0,18,2,4037.3,201,2,4037.4,12,1,4037.9,48,1,4038.0,118,7
11483,2026-07-02 14:36:57+05:30,4037.0,5,4034.52,1876716,172891.0,171801.0,4100.0,4110.0,4012.0,4092.6,25826325,4501.8,3683.4,4440.0,3288.1,4036.3,12,4,4036.0,7,1,4035.9,98,3,4035.7,26,1,4035.6,115,5,4037.0,18,2,4037.3,201,2,4037.4,12,1,4037.9,48,1,4038.0,118,7
11483,2026-07-02 14:36:57+05:30,4037.0,5,4034.52,1876726,172858.0,171913.0,4100.0,4110.0,4012.0,4092.6,25826325,4501.8,3683.4,4440.0,3288.1,4036.5,2,1,4036.3,6,2,4036.0,7,1,4035.9,48,2,4035.7,26,1,4037.0,22,3,4037.2,15,1,4037.3,239,3,4037.4,12,1,4037.9,48,1
11483,2026-07-02 14:36:58+05:30,4036.3,3,4034.52,1876726,172858.0,171913.0,4100.0,4110.0,4012.0,4092.6,25826325,4501.8,3683.4,4440.0,3288.1,4036.5,2,1,4036.3,6,2,4036.0,7,1,4035.9,48,2,4035.7,26,1,4037.0,22,3,4037.2,15,1,4037.3,239,3,4037.4,12,1,4037.9,48,1
11483,2026-07-02 14:36:58+05:30,4037.0,7,4034.52,1876739,172812.0,172411.0,4100.0,4110.0,4012.0,4092.6,25826325,4501.8,3683.4,4440.0,3288.1,4036.3,2,1,4036.0,7,1,4035.7,26,1,4035.6,112,4,4035.5,43,3,4036.8,13,1,4037.0,7,2,4037.2,15,1,4037.3,239,3,4037.4,12,1
11483,2026-07-02 14:36:59+05:30,4036.8,2,4034.52,1876739,172812.0,172411.0,4100.0,4110.0,4012.0,4092.6,25826325,4501.8,3683.4,4440.0,3288.1,4036.3,2,1,4036.0,7,1,4035.7,26,1,4035.6,112,4,4035.5,43,3,4036.8,13,1,4037.0,7,2,4037.2,15,1,4037.3,239,3,4037.4,12,1
11483,2026-07-02 14:36:59+05:30,4036.8,2,4034.52,1876745,172636.0,172523.0,4100.0,4110.0,4012.0,4092.6,25826325,4501.8,3683.4,4440.0,3288.1,4036.0,7,1,4035.6,2,1,4035.5,10,1,4035.4,10,1,4035.3,59,1,4036.8,11,2,4037.0,7,2,4037.2,15,1,4037.3,262,4,4037.4,36,2
11483,2026-07-02 14:37:00+05:30,4036.8,1,4034.52,1876745,172636.0,172523.0,4100.0,4110.0,4012.0,4092.6,25826325,4501.8,3683.4,4440.0,3288.1,4036.0,7,1,4035.6,2,1,4035.5,10,1,4035.4,10,1,4035.3,59,1,4036.8,11,2,4037.0,7,2,4037.2,15,1,4037.3,262,4,4037.4,36,2
11483,2026-07-02 14:37:00+05:30,4036.8,3,4034.52,1876811,172701.0,172540.0,4100.0,4110.0,4012.0,4092.6,25826325,4501.8,3683.4,4440.0,3288.1,4036.0,6,1,4035.6,2,1,4035.5,10,1,4035.4,10,1,4035.3,138,3,4036.8,8,1,4037.0,6,1,4037.2,15,1,4037.3,239,3,4037.4,12,1
11483,2026-07-02 14:37:01+05:30,4036.0,2,4034.52,1876811,172701.0,172540.0,4100.0,4110.0,4012.0,4092.6,25826325,4501.8,3683.4,4440.0,3288.1,4036.0,6,1,4035.6,2,1,4035.5,10,1,4035.4,10,1,4035.3,138,3,4036.8,8,1,4037.0,6,1,4037.2,15,1,4037.3,239,3,4037.4,12,1
11483,2026-07-02 14:37:01+05:30,4036.0,2,4034.52,1876822,172337.0,172183.0,4100.0,4110.0,4012.0,4092.6,25826325,4501.8,3683.4,4440.0,3288.1,4036.0,42,4,4035.9,3,1,4035.8,26,4,4035.7,27,2,4035.6,81,5,4036.8,8,1,4037.0,6,1,4037.2,15,1,4037.3,239,3,4037.4,25,2
11483,2026-07-02 14:37:02+05:30,4036.0,1,4034.52,1876822,172337.0,172183.0,4100.0,4110.0,4012.0,4092.6,25826325,4501.8,3683.4,4440.0,3288.1,4036.0,42,4,4035.9,3,1,4035.8,26,4,4035.7,27,2,4035.6,81,5,4036.8,8,1,4037.0,6,1,4037.2,15,1,4037.3,239,3,4037.4,25,2
11483,2026-07-02 14:37:02+05:30,4036.0,1,4034.52,1876823,172321.0,172193.0,4100.0,4110.0,4012.0,4092.6,25826325,4501.8,3683.4,4440.0,3288.1,4036.0,41,4,4035.9,3,1,4035.8,9,2,4035.7,30,3,4035.6,81,5,4036.8,8,1,4037.0,13,2,4037.2,15,1,4037.3,239,3,4037.4,25,2
11483,2026-07-02 14:37:03+05:30,4036.9,45,4034.52,1876925,172372.0,172214.0,4100.0,4110.0,4012.0,4092.6,25826325,4501.8,3683.4,4440.0,3288.1,4036.0,42,4,4035.9,3,1,4035.8,9,2,4035.7,30,3,4035.6,81,5,4036.9,11,1,4037.0,13,2,4037.2,15,1,4037.3,239,3,4037.7,12,1
11483,2026-07-02 14:37:04+05:30,4036.9,1,4034.52,1876925,172372.0,172214.0,4100.0,4110.0,4012.0,4092.6,25826325,4501.8,3683.4,4440.0,3288.1,4036.0,42,4,4035.9,3,1,4035.8,9,2,4035.7,30,3,4035.6,81,5,4036.9,11,1,4037.0,13,2,4037.2,15,1,4037.3,239,3,4037.7,12,1
11483,2026-07-02 14:37:04+05:30,4037.0,18,4034.52,1877071,172356.0,172107.0,4100.0,4110.0,4012.0,4092.6,25826325,4501.8,3683.4,4440.0,3288.1,4036.9,16,1,4036.0,72,5,4035.9,3,1,4035.8,30,4,4035.7,27,2,4037.0,12,1,4037.2,15,1,4037.3,239,3,4038.0,103,5,4038.1,38,1
11483,2026-07-02 14:37:05+05:30,4036.9,4,4034.52,1877071,172356.0,172107.0,4100.0,4110.0,4012.0,4092.6,25826325,4501.8,3683.4,4440.0,3288.1,4036.9,16,1,4036.0,72,5,4035.9,3,1,4035.8,30,4,4035.7,27,2,4037.0,12,1,4037.2,15,1,4037.3,239,3,4038.0,103,5,4038.1,38,1
11483,2026-07-02 14:37:05+05:30,4037.0,34,4034.52,1877194,173136.0,172128.0,4100.0,4110.0,4012.0,4092.6,25826325,4501.8,3683.4,4440.0,3288.1,4037.0,66,1,4036.9,16,1,4036.3,248,2,4036.0,23,3,4035.9,58,4,4037.2,15,1,4037.3,239,3,4038.0,103,5,4038.1,38,1,4038.2,24,1
11483,2026-07-02 14:37:06+05:30,4037.2,7,4034.52,1877194,173136.0,172128.0,4100.0,4110.0,4012.0,4092.6,25826325,4501.8,3683.4,4440.0,3288.1,4037.0,66,1,4036.9,16,1,4036.3,248,2,4036.0,23,3,4035.9,58,4,4037.2,15,1,4037.3,239,3,4038.0,103,5,4038.1,38,1,4038.2,24,1
11483,2026-07-02 14:37:06+05:30,4037.2,7,4034.52,1877267,173157.0,172453.0,4100.0,4110.0,4012.0,4092.6,25826325,4501.8,3683.4,4440.0,3288.1,4036.9,16,1,4036.3,200,1,4036.0,52,5,4035.9,55,3,4035.8,3,1,4037.2,8,1,4037.3,239,3,4037.9,15,1,4038.0,156,9,4038.1,65,2
11483,2026-07-02 14:37:07+05:30,4036.9,8,4034.52,1877267,173157.0,172453.0,4100.0,4110.0,4012.0,4092.6,25826325,4501.8,3683.4,4440.0,3288.1,4036.9,16,1,4036.3,200,1,4036.0,52,5,4035.9,55,3,4035.8,3,1,4037.2,8,1,4037.3,239,3,4037.9,15,1,4038.0,156,9,4038.1,65,2
11483,2026-07-02 14:37:07+05:30,4037.2,11,4034.52,1877308,173230.0,172257.0,4100.0,4110.0,4012.0,4092.6,25826325,4501.8,3683.4,4440.0,3288.1,4037.2,7,1,4036.9,16,1,4036.3,200,1,4036.0,52,5,4035.9,55,3,4037.3,239,3,4037.9,15,1,4038.0,140,7,4038.1,65,2,4038.3,101,4
11483,2026-07-02 14:37:08+05:30,4037.3,50,4034.52,1877308,173230.0,172257.0,4100.0,4110.0,4012.0,4092.6,25826325,4501.8,3683.4,4440.0,3288.1,4037.2,7,1,4036.9,16,1,4036.3,200,1,4036.0,52,5,4035.9,55,3,4037.3,239,3,4037.9,15,1,4038.0,140,7,4038.1,65,2,4038.3,101,4
11483,2026-07-02 14:37:08+05:30,4037.3,50,4034.52,1877363,173175.0,172064.0,4100.0,4110.0,4012.0,4092.6,25826325,4501.8,3683.4,4440.0,3288.1,4037.2,2,1,4036.9,16,1,4036.3,200,1,4036.0,52,5,4035.9,55,3,4037.3,189,3,4037.9,15,1,4038.0,140,7,4038.1,65,2,4038.3,101,4
11483,2026-07-02 14:37:09+05:30,4037.3,1,4034.52,1877363,173175.0,172064.0,4100.0,4110.0,4012.0,4092.6,25826325,4501.8,3683.4,4440.0,3288.1,4037.2,2,1,4036.9,16,1,4036.3,200,1,4036.0,52,5,4035.9,55,3,4037.3,189,3,4037.9,15,1,4038.0,140,7,4038.1,65,2,4038.3,101,4
11483,2026-07-02 14:37:09+05:30,4037.2,1,4034.52,1877421,173418.0,172098.0,4100.0,4110.0,4012.0,4092.6,25826325,4501.8,3683.4,4440.0,3288.1,4037.2,7,1,4036.5,2,1,4036.4,62,1,4036.3,248,2,4036.1,3,1,4037.3,145,3,4038.0,116,6,4038.1,38,1,4038.2,24,1,4038.3,87,4
11483,2026-07-02 14:37:10+05:30,4037.2,11,4034.52,1877421,173418.0,172098.0,4100.0,4110.0,4012.0,4092.6,25826325,4501.8,3683.4,4440.0,3288.1,4037.2,7,1,4036.5,2,1,4036.4,62,1,4036.3,248,2,4036.1,3,1,4037.3,145,3,4038.0,116,6,4038.1,38,1,4038.2,24,1,4038.3,87,4
11483,2026-07-02 14:37:10+05:30,4037.2,11,4034.52,1877439,173443.0,172212.0,4100.0,4110.0,4012.0,4092.6,25826325,4501.8,3683.4,4440.0,3288.1,4037.2,7,1,4036.5,2,1,4036.3,248,2,4036.0,53,5,4035.9,55,3,4037.3,145,3,4038.0,116,6,4038.1,38,1,4038.2,24,1,4038.3,87,4
11483,2026-07-02 14:37:11+05:30,4037.3,1,4034.52,1877439,173443.0,172212.0,4100.0,4110.0,4012.0,4092.6,25826325,4501.8,3683.4,4440.0,3288.1,4037.2,7,1,4036.5,2,1,4036.3,248,2,4036.0,53,5,4035.9,55,3,4037.3,145,3,4038.0,116,6,4038.1,38,1,4038.2,24,1,4038.3,87,4
11483,2026-07-02 14:37:11+05:30,4037.3,1,4034.52,1877455,173367.0,172311.0,4100.0,4110.0,4012.0,4092.6,25826325,4501.8,3683.4,4440.0,3288.1,4037.2,3,1,4036.5,2,1,4036.3,200,1,4036.0,53,5,4035.9,49,2,4037.3,165,5,4037.4,14,1,4037.7,18,2,4037.8,24,1,4038.0,230,8
11483,2026-07-02 14:37:12+05:30,4037.2,2,4034.52,1877455,173367.0,172311.0,4100.0,4110.0,4012.0,4092.6,25826325,4501.8,3683.4,4440.0,3288.1,4037.2,3,1,4036.5,2,1,4036.3,200,1,4036.0,53,5,4035.9,49,2,4037.3,165,5,4037.4,14,1,4037.7,18,2,4037.8,24,1,4038.0,230,8
11483,2026-07-02 14:37:12+05:30,4037.3,40,4034.52,1877498,173391.0,172413.0,4100.0,4110.0,4012.0,4092.6,25826325,4501.8,3683.4,4440.0,3288.1,4036.5,2,1,4036.3,248,2,4036.0,45,4,4035.9,49,2,4035.8,3,1,4037.3,124,5,4037.4,14,1,4037.7,18,2,4037.8,26,1,4038.0,290,11
11483,2026-07-02 14:37:13+05:30,4037.3,1,4034.52,1877498,173391.0,172413.0,4100.0,4110.0,4012.0,4092.6,25826325,4501.8,3683.4,4440.0,3288.1,4036.5,2,1,4036.3,248,2,4036.0,45,4,4035.9,49,2,4035.8,3,1,4037.3,124,5,4037.4,14,1,4037.7,18,2,4037.8,26,1,4038.0,290,11
11483,2026-07-02 14:37:13+05:30,4037.3,1,4034.52,1877504,172916.0,172397.0,4100.0,4110.0,4012.0,4092.6,25826325,4501.8,3683.4,4440.0,3288.1,4036.5,2,1,4036.3,200,1,4036.1,13,1,4036.0,15,2,4035.9,52,3,4037.3,123,5,4037.4,14,1,4037.7,34,3,4037.9,49,1,4038.0,257,10
11483,2026-07-02 14:37:14+05:30,4036.5,1,4034.52,1877504,172916.0,172397.0,4100.0,4110.0,4012.0,4092.6,25826325,4501.8,3683.4,4440.0,3288.1,4036.5,2,1,4036.3,200,1,4036.1,13,1,4036.0,15,2,4035.9,52,3,4037.3,123,5,4037.4,14,1,4037.7,34,3,4037.9,49,1,4038.0,257,10
11483,2026-07-02 14:37:14+05:30,4036.5,1,4034.52,1877505,172919.0,172359.0,4100.0,4110.0,4012.0,4092.6,25826325,4501.8,3683.4,4440.0,3288.1,4036.5,2,2,4036.3,200,1,4036.1,13,1,4036.0,15,2,4035.9,52,3,4037.3,123,5,4037.4,14,1,4037.7,18,2,4037.9,49,1,4038.0,290,11
11483,2026-07-02 14:37:15+05:30,4036.5,1,4034.52,1877505,172912.0,172409.0,4100.0,4110.0,4012.0,4092.6,25826325,4501.8,3683.4,4440.0,3288.1,4036.5,2,2,4036.3,200,1,4036.1,13,1,4036.0,18,3,4035.9,49,2,4037.3,117,5,4037.4,14,1,4037.9,49,1,4038.0,342,13,4038.1,38,1
11483,2026-07-02 14:37:16+05:30,4036.5,1,4034.52,1877505,173576.0,172341.0,4100.0,4110.0,4012.0,4092.6,25826325,4501.8,3683.4,4440.0,3288.1,4037.0,2,2,4036.5,15,3,4036.3,200,1,4036.1,3,1,4036.0,15,2,4037.3,117,5,4037.4,14,1,4037.9,49,1,4038.0,256,9,4038.1,38,1
11483,2026-07-02 14:37:17+05:30,4037.3,1,4034.52,1877505,173576.0,172341.0,4100.0,4110.0,4012.0,4092.6,25826325,4501.8,3683.4,4440.0,3288.1,4037.0,2,2,4036.5,15,3,4036.3,200,1,4036.1,3,1,4036.0,15,2,4037.3,117,5,4037.4,14,1,4037.9,49,1,4038.0,256,9,4038.1,38,1
11483,2026-07-02 14:37:17+05:30,4037.0,2,4034.52,1877511,173025.0,172502.0,4100.0,4110.0,4012.0,4092.6,25826325,4501.8,3683.4,4440.0,3288.1,4036.5,15,3,4036.3,200,1,4036.1,3,1,4036.0,15,2,4035.9,49,2,4037.0,55,1,4037.3,118,6,4037.4,14,1,4037.9,62,1,4038.0,209,9
11483,2026-07-02 14:37:18+05:30,4036.5,1,4034.52,1877511,173025.0,172502.0,4100.0,4110.0,4012.0,4092.6,25826325,4501.8,3683.4,4440.0,3288.1,4036.5,15,3,4036.3,200,1,4036.1,3,1,4036.0,15,2,4035.9,49,2,4037.0,55,1,4037.3,118,6,4037.4,14,1,4037.9,62,1,4038.0,209,9
11483,2026-07-02 14:37:18+05:30,4036.5,1,4034.52,1877512,172813.0,172523.0,4100.0,4110.0,4012.0,4092.6,25826325,4501.8,3683.4,4440.0,3288.1,4036.5,17,4,4036.3,200,1,4036.1,3,1,4036.0,15,2,4035.9,3,1,4037.0,57,2,4037.3,116,5,4037.4,14,1,4037.9,62,1,4038.0,216,9
11483,2026-07-02 14:37:19+05:30,4037.0,50,4034.52,1877512,172813.0,172523.0,4100.0,4110.0,4012.0,4092.6,25826325,4501.8,3683.4,4440.0,3288.1,4036.5,17,4,4036.3,200,1,4036.1,3,1,4036.0,15,2,4035.9,3,1,4037.0,57,2,4037.3,116,5,4037.4,14,1,4037.9,62,1,4038.0,216,9
11483,2026-07-02 14:37:19+05:30,4037.0,50,4034.52,1877562,173117.0,172438.0,4100.0,4110.0,4012.0,4092.6,25826325,4501.8,3683.4,4440.0,3288.1,4036.5,17,4,4036.3,200,1,4036.1,323,2,4036.0,15,2,4035.9,33,2,4037.0,9,3,4037.3,114,4,4037.4,14,1,4038.0,216,9,4038.1,38,1
11483,2026-07-02 14:37:20+05:30,4036.5,5,4034.52,1877562,173117.0,172438.0,4100.0,4110.0,4012.0,4092.6,25826325,4501.8,3683.4,4440.0,3288.1,4036.5,17,4,4036.3,200,1,4036.1,323,2,4036.0,15,2,4035.9,33,2,4037.0,9,3,4037.3,114,4,4037.4,14,1,4038.0,216,9,4038.1,38,1
11483,2026-07-02 14:37:20+05:30,4036.5,5,4034.52,1877568,173085.0,172414.0,4100.0,4110.0,4012.0,4092.6,25826325,4501.8,3683.4,4440.0,3288.1,4036.5,11,3,4036.3,200,1,4036.1,323,2,4036.0,15,2,4035.9,33,2,4037.0,9,3,4037.3,114,4,4037.4,14,1,4037.9,16,1,4038.0,216,9
11483,2026-07-02 14:37:21+05:30,4037.0,4,4034.52,1877568,173085.0,172414.0,4100.0,4110.0,4012.0,4092.6,25826325,4501.8,3683.4,4440.0,3288.1,4036.5,11,3,4036.3,200,1,4036.1,323,2,4036.0,15,2,4035.9,33,2,4037.0,9,3,4037.3,114,4,4037.4,14,1,4037.9,16,1,4038.0,216,9
11483,2026-07-02 14:37:21+05:30,4036.5,6,4034.52,1877578,173079.0,172402.0,4100.0,4110.0,4012.0,4092.6,25826325,4501.8,3683.4,4440.0,3288.1,4036.5,5,3,4036.3,200,1,4036.1,323,2,4036.0,15,2,4035.9,33,2,4037.0,18,4,4037.3,101,3,4037.4,14,1,4037.9,16,1,4038.0,216,9
11483,2026-07-02 14:37:22+05:30,4036.5,2,4034.52,1877578,173079.0,172402.0,4100.0,4110.0,4012.0,4092.6,25826325,4501.8,3683.4,4440.0,3288.1,4036.5,5,3,4036.3,200,1,4036.1,323,2,4036.0,15,2,4035.9,33,2,4037.0,18,4,4037.3,101,3,4037.4,14,1,4037.9,16,1,4038.0,216,9
11483,2026-07-02 14:37:22+05:30,4036.5,2,4034.52,1877580,173230.0,171766.0,4100.0,4110.0,4012.0,4092.6,25826325,4501.8,3683.4,4440.0,3288.1,4036.5,16,3,4036.3,224,2,4036.1,323,2,4036.0,39,4,4035.9,57,3,4037.0,18,4,4037.3,101,3,4037.4,14,1,4038.0,216,9,4038.1,38,1
11483,2026-07-02 14:37:23+05:30,4036.5,2,4034.52,1877580,173106.0,171816.0,4100.0,4110.0,4012.0,4092.6,25826325,4501.8,3683.4,4440.0,3288.1,4036.5,16,3,4036.3,224,2,4036.1,323,2,4036.0,39,4,4035.9,57,3,4037.0,7,4,4037.3,101,3,4037.4,14,1,4037.9,37,1,4038.0,202,8
11483,2026-07-02 14:37:24+05:30,4037.0,44,4034.52,1877580,173106.0,171816.0,4100.0,4110.0,4012.0,4092.6,25826325,4501.8,3683.4,4440.0,3288.1,4036.5,16,3,4036.3,224,2,4036.1,323,2,4036.0,39,4,4035.9,57,3,4037.0,7,4,4037.3,101,3,4037.4,14,1,4037.9,37,1,4038.0,202,8
11483,2026-07-02 14:37:24+05:30,4037.0,44,4034.52,1877909,173647.0,172046.0,4100.0,4110.0,4012.0,4092.6,25826325,4501.8,3683.4,4440.0,3288.1,4037.0,8,1,4036.5,17,3,4036.3,200,1,4036.2,82,4,4036.1,370,3,4037.3,38,1,4037.4,14,1,4038.0,114,3,4038.2,5,1,4038.3,22,2
11483,2026-07-02 14:37:25+05:30,4037.0,20,4034.52,1877909,173647.0,172046.0,4100.0,4110.0,4012.0,4092.6,25826325,4501.8,3683.4,4440.0,3288.1,4037.0,8,1,4036.5,17,3,4036.3,200,1,4036.2,82,4,4036.1,370,3,4037.3,38,1,4037.4,14,1,4038.0,114,3,4038.2,5,1,4038.3,22,2
11483,2026-07-02 14:37:25+05:30,4037.0,1,4034.52,1877969,173687.0,172003.0,4100.0,4110.0,4012.0,4092.6,25826325,4501.8,3683.4,4440.0,3288.1,4037.0,31,1,4036.5,17,3,4036.3,200,1,4036.2,106,5,4036.1,373,4,4037.3,38,1,4037.4,14,1,4038.0,114,3,4038.2,5,1,4038.3,22,2
11483,2026-07-02 14:37:26+05:30,4037.3,8,4034.52,1877969,173687.0,172003.0,4100.0,4110.0,4012.0,4092.6,25826325,4501.8,3683.4,4440.0,3288.1,4037.0,31,1,4036.5,17,3,4036.3,200,1,4036.2,106,5,4036.1,373,4,4037.3,38,1,4037.4,14,1,4038.0,114,3,4038.2,5,1,4038.3,22,2
11483,2026-07-02 14:37:26+05:30,4037.3,8,4034.52,1877984,173477.0,172025.0,4100.0,4110.0,4012.0,4092.6,25826325,4501.8,3683.4,4440.0,3288.1,4037.0,24,1,4036.5,17,3,4036.3,200,1,4036.2,37,4,4036.1,320,1,4037.3,30,1,4037.4,14,1,4038.0,114,3,4038.2,5,1,4038.3,22,2
11483,2026-07-02 14:37:27+05:30,4037.3,1,4034.52,1877984,173477.0,172025.0,4100.0,4110.0,4012.0,4092.6,25826325,4501.8,3683.4,4440.0,3288.1,4037.0,24,1,4036.5,17,3,4036.3,200,1,4036.2,37,4,4036.1,320,1,4037.3,30,1,4037.4,14,1,4038.0,114,3,4038.2,5,1,4038.3,22,2
11483,2026-07-02 14:37:27+05:30,4037.3,1,4034.52,1877990,173471.0,172029.0,4100.0,4110.0,4012.0,4092.6,25826325,4501.8,3683.4,4440.0,3288.1,4037.0,19,1,4036.5,22,4,4036.3,200,1,4036.2,77,5,4036.1,320,1,4037.3,29,1,4037.4,14,1,4038.0,114,3,4038.2,5,1,4038.3,22,2
11483,2026-07-02 14:37:28+05:30,4037.3,2,4034.52,1878002,173646.0,171657.0,4100.0,4110.0,4012.0,4092.6,25826325,4501.8,3683.4,4440.0,3288.1,4037.2,25,1,4037.0,10,2,4036.5,22,4,4036.4,3,1,4036.3,200,1,4037.3,27,1,4037.4,14,1,4038.0,114,3,4038.2,5,1,4038.3,22,2
11483,2026-07-02 14:37:28+05:30,4037.2,2,4034.52,1878002,173646.0,171657.0,4100.0,4110.0,4012.0,4092.6,25826325,4501.8,3683.4,4440.0,3288.1,4037.2,25,1,4037.0,10,2,4036.5,22,4,4036.4,3,1,4036.3,200,1,4037.3,27,1,4037.4,14,1,4038.0,114,3,4038.2,5,1,4038.3,22,2
11483,2026-07-02 14:37:29+05:30,4037.4,3,4034.52,1878183,173741.0,171321.0,4100.0,4110.0,4012.0,4092.6,25826325,4501.8,3683.4,4440.0,3288.1,4037.2,30,2,4037.1,24,1,4037.0,10,2,4036.9,11,1,4036.8,32,1,4037.4,11,1,4038.0,114,3,4038.3,12,1,4038.5,38,1,4038.6,13,1
11483,2026-07-02 14:37:29+05:30,4037.4,19,4034.52,1878183,173741.0,171321.0,4100.0,4110.0,4012.0,4092.6,25826325,4501.8,3683.4,4440.0,3288.1,4037.2,30,2,4037.1,24,1,4037.0,10,2,4036.9,11,1,4036.8,32,1,4037.4,11,1,4038.0,114,3,4038.3,12,1,4038.5,38,1,4038.6,13,1
11483,2026-07-02 14:37:30+05:30,4037.0,3,4034.52,1878241,173911.0,170973.0,4100.0,4110.0,4012.0,4092.6,25826325,4501.8,3683.4,4440.0,3288.1,4037.0,11,3,4036.8,32,1,4036.7,2,1,4036.6,39,3,4036.5,100,7,4037.7,11,1,4038.0,114,3,4038.6,13,1,4038.7,27,2,4038.8,4,1
11483,2026-07-02 14:37:30+05:30,4037.0,1,4034.52,1878241,173911.0,170973.0,4100.0,4110.0,4012.0,4092.6,25826325,4501.8,3683.4,4440.0,3288.1,4037.0,11,3,4036.8,32,1,4036.7,2,1,4036.6,39,3,4036.5,100,7,4037.7,11,1,4038.0,114,3,4038.6,13,1,4038.7,27,2,4038.8,4,1
11483,2026-07-02 14:37:31+05:30,4038.0,1,4034.52,1878301,174148.0,171058.0,4100.0,4110.0,4012.0,4092.6,25826325,4501.8,3683.4,4440.0,3288.1,4037.5,2,2,4037.0,56,2,4036.7,63,3,4036.6,104,4,4036.5,80,6,4038.0,124,2,4038.1,8,1,4038.2,13,1,4038.7,25,1,4038.8,4,1
11483,2026-07-02 14:37:31+05:30,4037.5,2,4034.52,1878301,174148.0,171058.0,4100.0,4110.0,4012.0,4092.6,25826325,4501.8,3683.4,4440.0,3288.1,4037.5,2,2,4037.0,56,2,4036.7,63,3,4036.6,104,4,4036.5,80,6,4038.0,124,2,4038.1,8,1,4038.2,13,1,4038.7,25,1,4038.8,4,1
11483,2026-07-02 14:37:31+05:30,4037.5,2,4034.52,1878301,174148.0,171058.0,4100.0,4110.0,4012.0,4092.6,25826325,4501.8,3683.4,4440.0,3288.1,4037.5,2,2,4037.0,56,2,4036.7,63,3,4036.6,104,4,4036.5,80,6,4038.0,124,2,4038.1,8,1,4038.2,13,1,4038.7,25,1,4038.8,4,1
11483,2026-07-02 14:37:32+05:30,4037.5,2,4034.52,1878301,174148.0,171058.0,4100.0,4110.0,4012.0,4092.6,25826325,4501.8,3683.4,4440.0,3288.1,4037.5,2,2,4037.0,56,2,4036.7,63,3,4036.6,104,4,4036.5,80,6,4038.0,124,2,4038.1,8,1,4038.2,13,1,4038.7,25,1,4038.8,4,1
11483,2026-07-02 14:37:32+05:30,4037.0,1,4034.52,1878309,174136.0,171321.0,4100.0,4110.0,4012.0,4092.6,25826325,4501.8,3683.4,4440.0,3288.1,4037.0,55,2,4036.7,28,2,4036.6,83,4,4036.5,66,6,4036.4,17,1,4037.8,39,1,4037.9,42,1,4038.0,166,3,4038.1,50,2,4038.2,13,1
11483,2026-07-02 14:37:32+05:30,4037.0,1,4034.52,1878309,174136.0,171321.0,4100.0,4110.0,4012.0,4092.6,25826325,4501.8,3683.4,4440.0,3288.1,4037.0,55,2,4036.7,28,2,4036.6,83,4,4036.5,66,6,4036.4,17,1,4037.8,39,1,4037.9,42,1,4038.0,166,3,4038.1,50,2,4038.2,13,1
11483,2026-07-02 14:37:32+05:30,4037.0,1,4034.52,1878309,174136.0,171321.0,4100.0,4110.0,4012.0,4092.6,25826325,4501.8,3683.4,4440.0,3288.1,4037.0,55,2,4036.7,28,2,4036.6,83,4,4036.5,66,6,4036.4,17,1,4037.8,39,1,4037.9,42,1,4038.0,166,3,4038.1,50,2,4038.2,13,1
11483,2026-07-02 14:37:33+05:30,4037.0,1,4034.52,1878309,174136.0,171321.0,4100.0,4110.0,4012.0,4092.6,25826325,4501.8,3683.4,4440.0,3288.1,4037.0,55,2,4036.7,28,2,4036.6,83,4,4036.5,66,6,4036.4,17,1,4037.8,39,1,4037.9,42,1,4038.0,166,3,4038.1,50,2,4038.2,13,1
11483,2026-07-02 14:37:33+05:30,4037.0,106,4034.52,1878418,174053.0,171569.0,4100.0,4110.0,4012.0,4092.6,25826325,4501.8,3683.4,4440.0,3288.1,4037.0,52,1,4036.7,2,1,4036.5,22,4,4036.4,19,1,4036.3,200,1,4037.5,42,1,4037.6,42,1,4037.7,42,1,4037.8,5,1,4037.9,42,1
11483,2026-07-02 14:37:33+05:30,4037.0,17,4034.52,1878418,174053.0,171569.0,4100.0,4110.0,4012.0,4092.6,25826325,4501.8,3683.4,4440.0,3288.1,4037.0,52,1,4036.7,2,1,4036.5,22,4,4036.4,19,1,4036.3,200,1,4037.5,42,1,4037.6,42,1,4037.7,42,1,4037.8,5,1,4037.9,42,1
11483,2026-07-02 14:37:33+05:30,4037.0,17,4034.52,1878418,174053.0,171569.0,4100.0,4110.0,4012.0,4092.6,25826325,4501.8,3683.4,4440.0,3288.1,4037.0,52,1,4036.7,2,1,4036.5,22,4,4036.4,19,1,4036.3,200,1,4037.5,42,1,4037.6,42,1,4037.7,42,1,4037.8,5,1,4037.9,42,1
11483,2026-07-02 14:37:34+05:30,4037.5,20,4034.52,1878507,173876.0,171020.0,4100.0,4110.0,4012.0,4092.6,25826325,4501.8,3683.4,4440.0,3288.1,4036.7,2,1,4036.5,22,4,4036.3,200,1,4036.2,45,2,4036.1,320,1,4037.1,61,1,4037.2,50,1,4037.3,42,1,4037.4,42,1,4037.5,22,1
11483,2026-07-02 14:37:34+05:30,4037.5,20,4034.52,1878507,173876.0,171020.0,4100.0,4110.0,4012.0,4092.6,25826325,4501.8,3683.4,4440.0,3288.1,4036.7,2,1,4036.5,22,4,4036.3,200,1,4036.2,45,2,4036.1,320,1,4037.1,61,1,4037.2,50,1,4037.3,42,1,4037.4,42,1,4037.5,22,1
11483,2026-07-02 14:37:34+05:30,4037.5,20,4034.52,1878507,173876.0,171020.0,4100.0,4110.0,4012.0,4092.6,25826325,4501.8,3683.4,4440.0,3288.1,4036.7,2,1,4036.5,22,4,4036.3,200,1,4036.2,45,2,4036.1,320,1,4037.1,61,1,4037.2,50,1,4037.3,42,1,4037.4,42,1,4037.5,22,1
11483,2026-07-02 14:37:34+05:30,4037.5,20,4034.52,1878507,173876.0,171020.0,4100.0,4110.0,4012.0,4092.6,25826325,4501.8,3683.4,4440.0,3288.1,4036.7,2,1,4036.5,22,4,4036.3,200,1,4036.2,45,2,4036.1,320,1,4037.1,61,1,4037.2,50,1,4037.3,42,1,4037.4,42,1,4037.5,22,1
11483,2026-07-02 14:37:35+05:30,4037.5,20,4034.52,1878507,173876.0,171020.0,4100.0,4110.0,4012.0,4092.6,25826325,4501.8,3683.4,4440.0,3288.1,4036.7,2,1,4036.5,22,4,4036.3,200,1,4036.2,45,2,4036.1,320,1,4037.1,61,1,4037.2,50,1,4037.3,42,1,4037.4,42,1,4037.5,22,1
11483,2026-07-02 14:37:35+05:30,4037.1,11,4034.52,1878560,173823.0,170923.0,4100.0,4110.0,4012.0,4092.6,25826325,4501.8,3683.4,4440.0,3288.1,4037.1,6,1,4036.7,2,1,4036.5,22,4,4036.3,200,1,4036.2,48,3,4037.2,69,2,4037.5,64,2,4037.7,42,1,4038.0,152,5,4038.1,24,1
11483,2026-07-02 14:37:35+05:30,4037.1,11,4034.52,1878560,173823.0,170923.0,4100.0,4110.0,4012.0,4092.6,25826325,4501.8,3683.4,4440.0,3288.1,4037.1,6,1,4036.7,2,1,4036.5,22,4,4036.3,200,1,4036.2,48,3,4037.2,69,2,4037.5,64,2,4037.7,42,1,4038.0,152,5,4038.1,24,1
11483,2026-07-02 14:37:35+05:30,4037.1,6,4034.52,1878560,173823.0,170923.0,4100.0,4110.0,4012.0,4092.6,25826325,4501.8,3683.4,4440.0,3288.1,4037.1,6,1,4036.7,2,1,4036.5,22,4,4036.3,200,1,4036.2,48,3,4037.2,69,2,4037.5,64,2,4037.7,42,1,4038.0,152,5,4038.1,24,1
11483,2026-07-02 14:37:35+05:30,4037.1,6,4034.52,1878560,173823.0,170923.0,4100.0,4110.0,4012.0,4092.6,25826325,4501.8,3683.4,4440.0,3288.1,4037.1,6,1,4036.7,2,1,4036.5,22,4,4036.3,200,1,4036.2,48,3,4037.2,69,2,4037.5,64,2,4037.7,42,1,4038.0,152,5,4038.1,24,1
11483,2026-07-02 14:37:35+05:30,4037.1,6,4034.52,1878560,173823.0,170923.0,4100.0,4110.0,4012.0,4092.6,25833150,4501.8,3683.4,4440.0,3288.1,4037.1,6,1,4036.7,2,1,4036.5,22,4,4036.3,200,1,4036.2,48,3,4037.2,69,2,4037.5,64,2,4037.7,42,1,4038.0,152,5,4038.1,24,1
11483,2026-07-02 14:37:36+05:30,4037.1,6,4034.52,1878566,173664.0,170967.0,4100.0,4110.0,4012.0,4092.6,25833150,4501.8,3683.4,4440.0,3288.1,4037.1,17,1,4037.0,1,1,4036.7,2,1,4036.5,22,4,4036.3,200,1,4037.2,71,3,4037.4,42,1,4037.5,64,2,4037.7,42,1,4038.0,176,6
11483,2026-07-02 14:37:36+05:30,4037.1,6,4034.52,1878566,173664.0,170967.0,4100.0,4110.0,4012.0,4092.6,25833150,4501.8,3683.4,4440.0,3288.1,4037.1,17,1,4037.0,1,1,4036.7,2,1,4036.5,22,4,4036.3,200,1,4037.2,71,3,4037.4,42,1,4037.5,64,2,4037.7,42,1,4038.0,176,6
11483,2026-07-02 14:37:36+05:30,4037.1,1,4034.52,1878566,173664.0,170967.0,4100.0,4110.0,4012.0,4092.6,25833150,4501.8,3683.4,4440.0,3288.1,4037.1,17,1,4037.0,1,1,4036.7,2,1,4036.5,22,4,4036.3,200,1,4037.2,71,3,4037.4,42,1,4037.5,64,2,4037.7,42,1,4038.0,176,6
11483,2026-07-02 14:37:36+05:30,4037.1,1,4034.52,1878566,173664.0,170967.0,4100.0,4110.0,4012.0,4092.6,25833150,4501.8,3683.4,4440.0,3288.1,4037.1,17,1,4037.0,1,1,4036.7,2,1,4036.5,22,4,4036.3,200,1,4037.2,71,3,4037.4,42,1,4037.5,64,2,4037.7,42,1,4038.0,176,6
11483,2026-07-02 14:37:37+05:30,4037.1,1,4034.52,1878566,173664.0,170967.0,4100.0,4110.0,4012.0,4092.6,25833150,4501.8,3683.4,4440.0,3288.1,4037.1,17,1,4037.0,1,1,4036.7,2,1,4036.5,22,4,4036.3,200,1,4037.2,71,3,4037.4,42,1,4037.5,64,2,4037.7,42,1,4038.0,176,6
11483,2026-07-02 14:37:37+05:30,4037.1,1,4034.52,1878567,173681.0,170991.0,4100.0,4110.0,4012.0,4092.6,25833150,4501.8,3683.4,4440.0,3288.1,4037.1,18,2,4037.0,1,1,4036.7,2,1,4036.5,22,4,4036.3,200,1,4037.2,71,3,4037.4,42,1,4037.5,64,2,4037.7,55,2,4038.0,163,5
11483,2026-07-02 14:37:37+05:30,4037.1,1,4034.52,1878567,173681.0,170991.0,4100.0,4110.0,4012.0,4092.6,25833150,4501.8,3683.4,4440.0,3288.1,4037.1,18,2,4037.0,1,1,4036.7,2,1,4036.5,22,4,4036.3,200,1,4037.2,71,3,4037.4,42,1,4037.5,64,2,4037.7,55,2,4038.0,163,5
11483,2026-07-02 14:37:38+05:30,4037.2,2,4034.52,1878638,173826.0,171132.0,4100.0,4110.0,4012.0,4092.6,25833150,4501.8,3683.4,4440.0,3288.1,4037.1,18,2,4037.0,1,1,4036.7,2,1,4036.5,52,5,4036.3,203,2,4037.3,81,1,4037.5,64,2,4037.6,42,1,4037.7,13,1,4037.8,42,1
11483,2026-07-02 14:37:38+05:30,4037.1,8,4034.52,1878638,173826.0,171132.0,4100.0,4110.0,4012.0,4092.6,25833150,4501.8,3683.4,4440.0,3288.1,4037.1,18,2,4037.0,1,1,4036.7,2,1,4036.5,52,5,4036.3,203,2,4037.3,81,1,4037.5,64,2,4037.6,42,1,4037.7,13,1,4037.8,42,1
11483,2026-07-02 14:37:39+05:30,4037.4,2,4034.52,1878649,173820.0,171157.0,4100.0,4110.0,4012.0,4092.6,25833150,4501.8,3683.4,4440.0,3288.1,4037.1,9,2,4037.0,1,1,4036.7,2,1,4036.5,52,5,4036.4,3,1,4037.4,40,1,4037.5,64,2,4037.6,12,1,4037.7,55,2,4038.0,112,2
11483,2026-07-02 14:37:39+05:30,4037.1,1,4034.52,1878649,173820.0,171157.0,4100.0,4110.0,4012.0,4092.6,25833150,4501.8,3683.4,4440.0,3288.1,4037.1,9,2,4037.0,1,1,4036.7,2,1,4036.5,52,5,4036.4,3,1,4037.4,40,1,4037.5,64,2,4037.6,12,1,4037.7,55,2,4038.0,112,2
11483,2026-07-02 14:37:40+05:30,4037.1,1,4034.52,1878895,173963.0,170663.0,4100.0,4110.0,4012.0,4092.6,25833150,4501.8,3683.4,4440.0,3288.1,4037.1,12,3,4037.0,14,2,4036.9,14,1,4036.8,48,2,4036.7,2,1,4037.6,12,1,4037.7,13,1,4037.8,42,1,4038.0,112,2,4038.5,1,1
11483,2026-07-02 14:37:40+05:30,4037.1,3,4034.52,1878895,173963.0,170663.0,4100.0,4110.0,4012.0,4092.6,25833150,4501.8,3683.4,4440.0,3288.1,4037.1,12,3,4037.0,14,2,4036.9,14,1,4036.8,48,2,4036.7,2,1,4037.6,12,1,4037.7,13,1,4037.8,42,1,4038.0,112,2,4038.5,1,1
11483,2026-07-02 14:37:41+05:30,4037.1,1,4034.52,1878925,173866.0,170489.0,4100.0,4110.0,4012.0,4092.6,25833150,4501.8,3683.4,4440.0,3288.1,4037.0,1,1,4036.7,24,2,4036.6,3,1,4036.5,19,3,4036.4,23,1,4037.6,12,1,4037.7,13,1,4037.9,42,1,4038.0,99,1,4038.5,1,1
11483,2026-07-02 14:37:41+05:30,4037.0,2,4034.52,1878925,173866.0,170489.0,4100.0,4110.0,4012.0,4092.6,25833150,4501.8,3683.4,4440.0,3288.1,4037.0,1,1,4036.7,24,2,4036.6,3,1,4036.5,19,3,4036.4,23,1,4037.6,12,1,4037.7,13,1,4037.9,42,1,4038.0,99,1,4038.5,1,1
11483,2026-07-02 14:37:42+05:30,4037.0,2,4034.52,1878928,173637.0,171725.0,4100.0,4110.0,4012.0,4092.6,25833150,4501.8,3683.4,4440.0,3288.1,4037.1,1,1,4036.7,8,2,4036.6,11,1,4036.5,19,3,4036.3,200,1,4037.4,42,1,4037.5,42,1,4037.6,56,3,4037.7,13,1,4037.8,42,1
11483,2026-07-02 14:37:42+05:30,4037.1,1,4034.52,1878928,173637.0,171725.0,4100.0,4110.0,4012.0,4092.6,25833150,4501.8,3683.4,4440.0,3288.1,4037.1,1,1,4036.7,8,2,4036.6,11,1,4036.5,19,3,4036.3,200,1,4037.4,42,1,4037.5,42,1,4037.6,56,3,4037.7,13,1,4037.8,42,1
11483,2026-07-02 14:37:43+05:30,4037.1,1,4034.52,1878930,173635.0,171182.0,4100.0,4110.0,4012.0,4092.6,25833150,4501.8,3683.4,4440.0,3288.1,4036.7,2,1,4036.5,33,4,4036.3,200,1,4036.2,61,4,4036.1,320,1,4037.3,11,1,4037.4,71,3,4037.5,42,1,4037.6,54,2,4037.8,42,1
11483,2026-07-02 14:37:43+05:30,4037.1,1,4034.52,1878930,173635.0,171182.0,4100.0,4110.0,4012.0,4092.6,25833150,4501.8,3683.4,4440.0,3288.1,4036.7,2,1,4036.5,33,4,4036.3,200,1,4036.2,61,4,4036.1,320,1,4037.3,11,1,4037.4,71,3,4037.5,42,1,4037.6,54,2,4037.8,42,1
11483,2026-07-02 14:37:44+05:30,4036.7,1,4034.52,1878931,173785.0,171184.0,4100.0,4110.0,4012.0,4092.6,25833150,4501.8,3683.4,4440.0,3288.1,4036.7,1,1,4036.5,19,3,4036.3,200,1,4036.2,5,1,4036.1,320,1,4037.1,67,2,4037.2,67,2,4037.3,54,3,4037.4,3,2,4037.5,42,1
11483,2026-07-02 14:37:44+05:30,4036.7,1,4034.52,1878931,173785.0,171184.0,4100.0,4110.0,4012.0,4092.6,25833150,4501.8,3683.4,4440.0,3288.1,4036.7,1,1,4036.5,19,3,4036.3,200,1,4036.2,5,1,4036.1,320,1,4037.1,67,2,4037.2,67,2,4037.3,54,3,4037.4,3,2,4037.5,42,1
11483,2026-07-02 14:37:45+05:30,4037.0,12,4034.52,1878944,173792.0,171213.0,4100.0,4110.0,4012.0,4092.6,25833150,4501.8,3683.4,4440.0,3288.1,4036.7,1,1,4036.5,19,3,4036.3,200,1,4036.2,5,1,4036.1,320,1,4037.0,42,2,4037.1,69,3,4037.2,67,2,4037.3,36,2,4037.4,43,2
11483,2026-07-02 14:37:45+05:30,4036.7,2,4034.52,1878944,173792.0,171213.0,4100.0,4110.0,4012.0,4092.6,25833150,4501.8,3683.4,4440.0,3288.1,4036.7,1,1,4036.5,19,3,4036.3,200,1,4036.2,5,1,4036.1,320,1,4037.0,42,2,4037.1,69,3,4037.2,67,2,4037.3,36,2,4037.4,43,2
11483,2026-07-02 14:37:46+05:30,4036.8,3,4034.52,1878969,173107.0,171324.0,4100.0,4110.0,4012.0,4092.6,25833150,4501.8,3683.4,4440.0,3288.1,4036.5,19,3,4036.3,200,1,4036.1,320,1,4036.0,3,1,4035.9,65,4,4036.8,6,1,4036.9,42,1,4037.0,66,2,4037.1,27,2,4037.2,67,2
11483,2026-07-02 14:37:46+05:30,4036.8,7,4034.52,1878969,173107.0,171324.0,4100.0,4110.0,4012.0,4092.6,25833150,4501.8,3683.4,4440.0,3288.1,4036.5,19,3,4036.3,200,1,4036.1,320,1,4036.0,3,1,4035.9,65,4,4036.8,6,1,4036.9,42,1,4037.0,66,2,4037.1,27,2,4037.2,67,2
11483,2026-07-02 14:37:47+05:30,4037.4,13,4034.52,1879279,174337.0,170333.0,4100.0,4110.0,4012.0,4092.6,25833150,4501.8,3683.4,4440.0,3288.1,4037.0,10,1,4036.9,27,5,4036.8,41,4,4036.7,38,5,4036.6,29,4,4037.4,13,1,4038.0,99,1,4038.5,8,2,4038.6,13,1,4038.7,25,1
11483,2026-07-02 14:37:47+05:30,4037.0,27,4034.52,1879279,174337.0,170333.0,4100.0,4110.0,4012.0,4092.6,25833150,4501.8,3683.4,4440.0,3288.1,4037.0,10,1,4036.9,27,5,4036.8,41,4,4036.7,38,5,4036.6,29,4,4037.4,13,1,4038.0,99,1,4038.5,8,2,4038.6,13,1,4038.7,25,1
11483,2026-07-02 14:37:48+05:30,4037.2,40,4034.52,1879361,174284.0,170572.0,4100.0,4110.0,4012.0,4092.6,25833150,4501.8,3683.4,4440.0,3288.1,4036.9,14,3,4036.8,10,1,4036.7,16,3,4036.6,51,5,4036.5,40,4,4037.2,13,1,4037.3,12,1,4037.4,2,1,4038.0,99,1,4038.5,8,2
11483,2026-07-02 14:37:48+05:30,4036.9,1,4034.52,1879361,174284.0,170572.0,4100.0,4110.0,4012.0,4092.6,25833150,4501.8,3683.4,4440.0,3288.1,4036.9,14,3,4036.8,10,1,4036.7,16,3,4036.6,51,5,4036.5,40,4,4037.2,13,1,4037.3,12,1,4037.4,2,1,4038.0,99,1,4038.5,8,2
11483,2026-07-02 14:37:49+05:30,4037.7,10,4034.52,1879387,174208.0,170897.0,4100.0,4110.0,4012.0,4092.6,25833150,4501.8,3683.4,4440.0,3288.1,4037.2,6,1,4036.8,50,6,4036.7,5,2,4036.6,51,5,4036.5,63,5,4037.7,1,1,4038.0,99,1,4038.5,8,2,4038.6,13,1,4038.7,25,1
11483,2026-07-02 14:37:49+05:30,4037.2,3,4034.52,1879387,174208.0,170897.0,4100.0,4110.0,4012.0,4092.6,25833150,4501.8,3683.4,4440.0,3288.1,4037.2,6,1,4036.8,50,6,4036.7,5,2,4036.6,51,5,4036.5,63,5,4037.7,1,1,4038.0,99,1,4038.5,8,2,4038.6,13,1,4038.7,25,1
11483,2026-07-02 14:37:50+05:30,4037.2,3,4034.52,1879390,174151.0,171056.0,4100.0,4110.0,4012.0,4092.6,25833150,4501.8,3683.4,4440.0,3288.1,4037.2,3,1,4036.8,22,4,4036.7,8,3,4036.6,51,5,4036.5,63,5,4037.4,41,2,4037.7,12,1,4038.0,110,2,4038.5,8,2,4038.6,13,1
11483,2026-07-02 14:37:50+05:30,4038.0,92,4034.52,1879390,174151.0,171056.0,4100.0,4110.0,4012.0,4092.6,25833150,4501.8,3683.4,4440.0,3288.1,4037.2,3,1,4036.8,22,4,4036.7,8,3,4036.6,51,5,4036.5,63,5,4037.4,41,2,4037.7,12,1,4038.0,110,2,4038.5,8,2,4038.6,13,1
11483,2026-07-02 14:37:51+05:30,4038.0,92,4034.52,1879771,174332.0,170089.0,4100.0,4110.0,4012.0,4092.6,25833150,4501.8,3683.4,4440.0,3288.1,4037.2,3,1,4036.9,42,2,4036.8,47,3,4036.7,54,3,4036.6,80,7,4038.0,25,3,4038.5,8,2,4038.7,25,1,4038.8,27,2,4038.9,12,1
11483,2026-07-02 14:37:51+05:30,4037.2,1,4034.52,1879771,174332.0,170089.0,4100.0,4110.0,4012.0,4092.6,25833150,4501.8,3683.4,4440.0,3288.1,4037.2,3,1,4036.9,42,2,4036.8,47,3,4036.7,54,3,4036.6,80,7,4038.0,25,3,4038.5,8,2,4038.7,25,1,4038.8,27,2,4038.9,12,1
11483,2026-07-02 14:37:52+05:30,4037.2,1,4034.52,1879817,174310.0,169693.0,4100.0,4110.0,4012.0,4092.6,25833150,4501.8,3683.4,4440.0,3288.1,4037.3,22,4,4037.2,5,2,4037.1,3,1,4037.0,35,3,4036.9,64,4,4038.0,7,1,4038.5,8,2,4038.7,25,1,4038.8,4,1,4038.9,14,2
11483,2026-07-02 14:37:52+05:30,4037.3,5,4034.52,1879817,174310.0,169693.0,4100.0,4110.0,4012.0,4092.6,25833150,4501.8,3683.4,4440.0,3288.1,4037.3,22,4,4037.2,5,2,4037.1,3,1,4037.0,35,3,4036.9,64,4,4038.0,7,1,4038.5,8,2,4038.7,25,1,4038.8,4,1,4038.9,14,2
11483,2026-07-02 14:37:53+05:30,4037.3,5,4034.52,1879822,174307.0,170132.0,4100.0,4110.0,4012.0,4092.6,25833150,4501.8,3683.4,4440.0,3288.1,4037.2,9,2,4037.1,24,1,4037.0,27,3,4036.9,64,4,4036.8,42,3,4038.0,9,2,4038.5,8,2,4038.7,25,1,4038.8,4,1,4038.9,14,2
11483,2026-07-02 14:37:53+05:30,4037.2,2,4034.52,1879822,174307.0,170132.0,4100.0,4110.0,4012.0,4092.6,25833150,4501.8,3683.4,4440.0,3288.1,4037.2,9,2,4037.1,24,1,4037.0,27,3,4036.9,64,4,4036.8,42,3,4038.0,9,2,4038.5,8,2,4038.7,25,1,4038.8,4,1,4038.9,14,2
11483,2026-07-02 14:37:54+05:30,4038.0,1,4034.52,1879826,174237.0,170935.0,4100.0,4110.0,4012.0,4092.6,25833150,4501.8,3683.4,4440.0,3288.1,4037.2,5,1,4037.0,6,2,4036.9,58,3,4036.8,55,3,4036.7,3,1,4038.0,10,3,4038.5,8,2,4038.7,25,1,4038.8,34,2,4038.9,63,3
11483,2026-07-02 14:37:54+05:30,4038.0,1,4034.52,1879826,174237.0,170935.0,4100.0,4110.0,4012.0,4092.6,25833150,4501.8,3683.4,4440.0,3288.1,4037.2,5,1,4037.0,6,2,4036.9,58,3,4036.8,55,3,4036.7,3,1,4038.0,10,3,4038.5,8,2,4038.7,25,1,4038.8,34,2,4038.9,63,3
11483,2026-07-02 14:37:55+05:30,4038.0,1,4034.52,1879827,174301.0,170600.0,4100.0,4110.0,4012.0,4092.6,25833150,4501.8,3683.4,4440.0,3288.1,4037.0,3,1,4036.9,15,2,4036.8,3,1,4036.7,9,2,4036.6,57,6,4038.0,9,3,4038.5,8,2,4038.7,48,2,4038.8,4,1,4038.9,12,1
11483,2026-07-02 14:37:55+05:30,4036.7,18,4034.52,1879827,174301.0,170600.0,4100.0,4110.0,4012.0,4092.6,25833150,4501.8,3683.4,4440.0,3288.1,4037.0,3,1,4036.9,15,2,4036.8,3,1,4036.7,9,2,4036.6,57,6,4038.0,9,3,4038.5,8,2,4038.7,48,2,4038.8,4,1,4038.9,12,1
11483,2026-07-02 14:37:56+05:30,4037.0,5,4034.52,1879909,174556.0,170188.0,4100.0,4110.0,4012.0,4092.6,25833150,4501.8,3683.4,4440.0,3288.1,4037.0,27,1,4036.9,9,2,4036.8,92,4,4036.7,35,4,4036.6,85,6,4038.5,8,2,4038.7,25,1,4038.8,4,1,4038.9,24,1,4039.0,53,6
11483,2026-07-02 14:37:56+05:30,4036.9,2,4034.52,1879909,174556.0,170188.0,4100.0,4110.0,4012.0,4092.6,25833150,4501.8,3683.4,4440.0,3288.1,4037.0,27,1,4036.9,9,2,4036.8,92,4,4036.7,35,4,4036.6,85,6,4038.5,8,2,4038.7,25,1,4038.8,4,1,4038.9,24,1,4039.0,53,6
11483,2026-07-02 14:37:57+05:30,4038.5,4,4034.52,1879950,174528.0,170096.0,4100.0,4110.0,4012.0,4092.6,25833150,4501.8,3683.4,4440.0,3288.1,4036.9,56,4,4036.8,94,5,4036.7,21,3,4036.6,88,7,4036.5,114,7,4038.5,27,3,4038.7,36,2,4038.8,4,1,4038.9,24,1,4039.0,51,5
11483,2026-07-02 14:37:57+05:30,4036.9,5,4034.52,1879950,174528.0,170096.0,4100.0,4110.0,4012.0,4092.6,25833150,4501.8,3683.4,4440.0,3288.1,4036.9,56,4,4036.8,94,5,4036.7,21,3,4036.6,88,7,4036.5,114,7,4038.5,27,3,4038.7,36,2,4038.8,4,1,4038.9,24,1,4039.0,51,5
11483,2026-07-02 14:37:57+05:30,4036.7,6,4034.52,1879986,172951.0,170128.0,4100.0,4110.0,4012.0,4092.6,25833150,4501.8,3683.4,4440.0,3288.1,4036.5,56,4,4036.4,18,2,4036.3,200,1,4036.2,50,1,4036.1,323,2,4038.3,43,4,4038.4,17,2,4038.5,57,4,4038.6,71,4,4038.7,25,1
11483,2026-07-02 14:37:58+05:30,4038.3,10,4034.52,1879986,172951.0,170128.0,4100.0,4110.0,4012.0,4092.6,25833150,4501.8,3683.4,4440.0,3288.1,4036.5,56,4,4036.4,18,2,4036.3,200,1,4036.2,50,1,4036.1,323,2,4038.3,43,4,4038.4,17,2,4038.5,57,4,4038.6,71,4,4038.7,25,1
11483,2026-07-02 14:37:58+05:30,4038.0,7,4034.52,1880010,174238.0,170340.0,4100.0,4110.0,4012.0,4092.6,25833150,4501.8,3683.4,4440.0,3288.1,4036.8,11,1,4036.7,106,3,4036.6,132,6,4036.5,92,5,4036.4,43,2,4038.0,41,1,4038.5,18,2,4038.6,9,2,4038.7,25,1,4038.8,37,2
11483,2026-07-02 14:37:59+05:30,4038.0,1,4034.52,1880010,174238.0,170340.0,4100.0,4110.0,4012.0,4092.6,25833150,4501.8,3683.4,4440.0,3288.1,4036.8,11,1,4036.7,106,3,4036.6,132,6,4036.5,92,5,4036.4,43,2,4038.0,41,1,4038.5,18,2,4038.6,9,2,4038.7,25,1,4038.8,37,2
11483,2026-07-02 14:37:59+05:30,4036.4,19,4034.52,1880313,174301.0,171089.0,4100.0,4110.0,4012.0,4092.6,25833150,4501.8,3683.4,4440.0,3288.1,4036.6,33,3,4036.5,67,3,4036.4,38,3,4036.3,261,3,4036.2,29,2,4038.0,42,2,4038.5,21,3,4038.6,44,4,4038.7,25,1,4038.8,37,2
11483,2026-07-02 14:38:00+05:30,4036.5,1,4034.52,1880313,174301.0,171089.0,4100.0,4110.0,4012.0,4092.6,25833150,4501.8,3683.4,4440.0,3288.1,4036.6,33,3,4036.5,67,3,4036.4,38,3,4036.3,261,3,4036.2,29,2,4038.0,42,2,4038.5,21,3,4038.6,44,4,4038.7,25,1,4038.8,37,2
11483,2026-07-02 14:38:00+05:30,4038.4,2,4034.52,1880466,174098.0,170004.0,4100.0,4110.0,4012.0,4092.6,25833150,4501.8,3683.4,4440.0,3288.1,4038.0,2,1,4037.1,2,1,4037.0,2,2,4036.8,46,1,4036.7,49,1,4038.4,34,2,4038.5,18,2,4038.6,10,1,4038.7,42,4,4038.8,32,3
11483,2026-07-02 14:38:01+05:30,4038.0,18,4034.52,1880466,174098.0,170004.0,4100.0,4110.0,4012.0,4092.6,25833150,4501.8,3683.4,4440.0,3288.1,4038.0,2,1,4037.1,2,1,4037.0,2,2,4036.8,46,1,4036.7,49,1,4038.4,34,2,4038.5,18,2,4038.6,10,1,4038.7,42,4,4038.8,32,3
11483,2026-07-02 14:38:01+05:30,4038.0,18,4034.52,1880484,174187.0,170753.0,4100.0,4110.0,4012.0,4092.6,25833150,4501.8,3683.4,4440.0,3288.1,4038.0,4,1,4037.1,2,1,4037.0,2,2,4036.6,18,2,4036.5,43,1,4038.2,49,6,4038.3,19,3,4038.4,24,4,4038.5,38,4,4038.6,72,3
11483,2026-07-02 14:38:02+05:30,4038.0,8,4034.52,1880484,174187.0,170753.0,4100.0,4110.0,4012.0,4092.6,25833150,4501.8,3683.4,4440.0,3288.1,4038.0,4,1,4037.1,2,1,4037.0,2,2,4036.6,18,2,4036.5,43,1,4038.2,49,6,4038.3,19,3,4038.4,24,4,4038.5,38,4,4038.6,72,3
11483,2026-07-02 14:38:02+05:30,4036.4,13,4034.52,1880544,173215.0,170687.0,4100.0,4110.0,4012.0,4092.6,25833150,4501.8,3683.4,4440.0,3288.1,4036.6,21,2,4036.4,14,2,4036.3,202,2,4036.2,46,1,4036.1,350,4,4038.0,31,3,4038.2,11,3,4038.3,82,6,4038.4,27,4,4038.5,72,5
11483,2026-07-02 14:38:03+05:30,4036.6,8,4034.52,1880544,173215.0,170687.0,4100.0,4110.0,4012.0,4092.6,25833150,4501.8,3683.4,4440.0,3288.1,4036.6,21,2,4036.4,14,2,4036.3,202,2,4036.2,46,1,4036.1,350,4,4038.0,31,3,4038.2,11,3,4038.3,82,6,4038.4,27,4,4038.5,72,5
11483,2026-07-02 14:38:03+05:30,4036.5,18,4034.52,1880602,172759.0,170065.0,4100.0,4110.0,4012.0,4092.6,25833150,4501.8,3683.4,4440.0,3288.1,4036.4,67,3,4036.3,202,2,4036.2,46,1,4036.1,342,2,4036.0,15,4,4037.9,3,1,4038.0,43,4,4038.2,7,2,4038.3,52,4,4038.4,42,5
11483,2026-07-02 14:38:04+05:30,4036.4,7,4034.52,1880602,172759.0,170065.0,4100.0,4110.0,4012.0,4092.6,25833150,4501.8,3683.4,4440.0,3288.1,4036.4,67,3,4036.3,202,2,4036.2,46,1,4036.1,342,2,4036.0,15,4,4037.9,3,1,4038.0,43,4,4038.2,7,2,4038.3,52,4,4038.4,42,5
11483,2026-07-02 14:38:04+05:30,4037.9,28,4034.52,1880769,172454.0,170967.0,4100.0,4110.0,4012.0,4092.6,25833150,4501.8,3683.4,4440.0,3288.1,4036.3,202,2,4036.1,320,1,4036.0,7,2,4035.9,3,1,4035.8,5,2,4037.6,52,4,4037.7,12,2,4037.8,15,2,4037.9,69,5,4038.0,82,6
11483,2026-07-02 14:38:05+05:30,4036.3,20,4034.52,1880769,172454.0,170967.0,4100.0,4110.0,4012.0,4092.6,25833150,4501.8,3683.4,4440.0,3288.1,4036.3,202,2,4036.1,320,1,4036.0,7,2,4035.9,3,1,4035.8,5,2,4037.6,52,4,4037.7,12,2,4037.8,15,2,4037.9,69,5,4038.0,82,6
11483,2026-07-02 14:38:05+05:30,4036.3,6,4034.52,1880806,172591.0,170687.0,4100.0,4110.0,4012.0,4092.6,25833150,4501.8,3683.4,4440.0,3288.1,4036.3,187,3,4036.1,352,2,4036.0,9,3,4035.9,29,2,4035.8,31,3,4037.6,66,5,4037.7,27,2,4037.8,28,3,4037.9,69,5,4038.0,79,5
11483,2026-07-02 14:38:06+05:30,4037.5,7,4034.52,1880806,172591.0,170687.0,4100.0,4110.0,4012.0,4092.6,25833150,4501.8,3683.4,4440.0,3288.1,4036.3,187,3,4036.1,352,2,4036.0,9,3,4035.9,29,2,4035.8,31,3,4037.6,66,5,4037.7,27,2,4037.8,28,3,4037.9,69,5,4038.0,79,5
11483,2026-07-02 14:38:06+05:30,4037.5,7,4034.52,1880818,172327.0,170738.0,4100.0,4110.0,4012.0,4092.6,25833150,4501.8,3683.4,4440.0,3288.1,4036.3,169,1,4036.1,320,1,4036.0,6,3,4035.9,61,3,4035.8,3,1,4037.5,34,3,4037.6,38,4,4037.7,39,3,4037.8,15,2,4037.9,71,6
11483,2026-07-02 14:38:07+05:30,4037.7,14,4034.52,1880818,172327.0,170738.0,4100.0,4110.0,4012.0,4092.6,25833150,4501.8,3683.4,4440.0,3288.1,4036.3,169,1,4036.1,320,1,4036.0,6,3,4035.9,61,3,4035.8,3,1,4037.5,34,3,4037.6,38,4,4037.7,39,3,4037.8,15,2,4037.9,71,6
11483,2026-07-02 14:38:07+05:30,4037.4,7,4034.52,1880998,171181.0,170464.0,4100.0,4110.0,4012.0,4092.6,25833150,4501.8,3683.4,4440.0,3288.1,4036.3,168,1,4036.1,320,1,4036.0,4,2,4035.9,26,1,4035.8,2,1,4037.4,61,5,4037.5,24,2,4037.6,35,2,4037.7,75,5,4037.8,31,3
11483,2026-07-02 14:38:08+05:30,4037.3,5,4034.52,1880998,171181.0,170464.0,4100.0,4110.0,4012.0,4092.6,25833150,4501.8,3683.4,4440.0,3288.1,4036.3,168,1,4036.1,320,1,4036.0,4,2,4035.9,26,1,4035.8,2,1,4037.4,61,5,4037.5,24,2,4037.6,35,2,4037.7,75,5,4037.8,31,3
11483,2026-07-02 14:38:08+05:30,4037.0,2,4034.52,1881027,171592.0,170561.0,4100.0,4110.0,4012.0,4092.6,25833150,4501.8,3683.4,4440.0,3288.1,4036.3,146,1,4036.2,78,1,4036.1,320,1,4036.0,4,2,4035.9,26,1,4037.0,48,1,4037.3,53,3,4037.4,16,2,4037.5,24,2,4037.6,57,3
11483,2026-07-02 14:38:09+05:30,4036.3,143,4034.52,1881027,171592.0,170561.0,4100.0,4110.0,4012.0,4092.6,25833150,4501.8,3683.4,4440.0,3288.1,4036.3,146,1,4036.2,78,1,4036.1,320,1,4036.0,4,2,4035.9,26,1,4037.0,48,1,4037.3,53,3,4037.4,16,2,4037.5,24,2,4037.6,57,3
11483,2026-07-02 14:38:09+05:30,4036.3,143,4034.52,1881174,172302.0,170685.0,4100.0,4110.0,4012.0,4092.6,25833150,4501.8,3683.4,4440.0,3288.1,4036.2,78,1,4036.1,320,1,4036.0,6,3,4035.9,38,2,4035.7,2,1,4037.0,115,5,4037.1,16,1,4037.3,64,4,4037.4,39,3,4037.5,24,2
11483,2026-07-02 14:38:10+05:30,4036.6,10,4034.52,1881174,172302.0,170685.0,4100.0,4110.0,4012.0,4092.6,25833150,4501.8,3683.4,4440.0,3288.1,4036.2,78,1,4036.1,320,1,4036.0,6,3,4035.9,38,2,4035.7,2,1,4037.0,115,5,4037.1,16,1,4037.3,64,4,4037.4,39,3,4037.5,24,2
11483,2026-07-02 14:38:10+05:30,4036.6,10,4034.52,1881203,172349.0,170675.0,4100.0,4110.0,4012.0,4092.6,25833150,4501.8,3683.4,4440.0,3288.1,4036.6,32,1,4036.5,42,1,4036.4,42,1,4036.2,42,1,4036.1,331,2,4036.8,12,1,4037.0,64,2,4037.3,13,1,4037.4,39,3,4037.5,37,3
11483,2026-07-02 14:38:11+05:30,4036.8,4,4034.52,1881203,172349.0,170675.0,4100.0,4110.0,4012.0,4092.6,25833150,4501.8,3683.4,4440.0,3288.1,4036.6,32,1,4036.5,42,1,4036.4,42,1,4036.2,42,1,4036.1,331,2,4036.8,12,1,4037.0,64,2,4037.3,13,1,4037.4,39,3,4037.5,37,3
11483,2026-07-02 14:38:11+05:30,4036.8,39,4034.52,1881320,172349.0,170935.0,4100.0,4110.0,4012.0,4092.6,25833150,4501.8,3683.4,4440.0,3288.1,4036.6,29,1,4036.5,42,1,4036.4,42,1,4036.2,42,1,4036.1,331,2,4037.0,47,1,4037.4,20,2,4037.5,21,1,4037.6,23,1,4037.7,25,2
11483,2026-07-02 14:38:12+05:30,4037.4,14,4034.52,1881320,172349.0,170935.0,4100.0,4110.0,4012.0,4092.6,25833150,4501.8,3683.4,4440.0,3288.1,4036.6,29,1,4036.5,42,1,4036.4,42,1,4036.2,42,1,4036.1,331,2,4037.0,47,1,4037.4,20,2,4037.5,21,1,4037.6,23,1,4037.7,25,2
11483,2026-07-02 14:38:12+05:30,4037.4,14,4034.52,1881404,171657.0,171121.0,4100.0,4110.0,4012.0,4092.6,25833150,4501.8,3683.4,4440.0,3288.1,4036.6,57,2,4036.5,52,2,4036.3,42,1,4036.1,331,2,4036.0,6,3,4037.4,26,2,4037.5,12,1,4037.6,40,2,4037.7,49,3,4037.9,59,4
11483,2026-07-02 14:38:13+05:30,4036.6,10,4034.52,1881404,171657.0,171121.0,4100.0,4110.0,4012.0,4092.6,25833150,4501.8,3683.4,4440.0,3288.1,4036.6,57,2,4036.5,52,2,4036.3,42,1,4036.1,331,2,4036.0,6,3,4037.4,26,2,4037.5,12,1,4037.6,40,2,4037.7,49,3,4037.9,59,4
11483,2026-07-02 14:38:13+05:30,4036.6,10,4034.52,1881414,171704.0,171352.0,4100.0,4110.0,4012.0,4092.6,25833150,4501.8,3683.4,4440.0,3288.1,4036.9,42,1,4036.8,42,1,4036.6,47,2,4036.5,10,1,4036.1,331,2,4037.4,44,4,4037.5,12,1,4037.6,17,1,4037.7,74,4,4037.9,77,5
11483,2026-07-02 14:38:14+05:30,4036.9,2,4034.52,1881414,171704.0,171352.0,4100.0,4110.0,4012.0,4092.6,25833150,4501.8,3683.4,4440.0,3288.1,4036.9,42,1,4036.8,42,1,4036.6,47,2,4036.5,10,1,4036.1,331,2,4037.4,44,4,4037.5,12,1,4037.6,17,1,4037.7,74,4,4037.9,77,5
11483,2026-07-02 14:38:14+05:30,4036.9,2,4034.52,1881416,172194.0,171405.0,4100.0,4110.0,4012.0,4092.6,25833150,4501.8,3683.4,4440.0,3288.1,4036.9,82,2,4036.7,42,1,4036.6,5,1,4036.5,10,1,4036.1,331,2,4037.4,54,5,4037.5,12,1,4037.6,17,1,4037.7,74,4,4037.9,59,4
11483,2026-07-02 14:38:15+05:30,4036.9,42,4034.52,1881416,172194.0,171405.0,4100.0,4110.0,4012.0,4092.6,25833150,4501.8,3683.4,4440.0,3288.1,4036.9,82,2,4036.7,42,1,4036.6,5,1,4036.5,10,1,4036.1,331,2,4037.4,54,5,4037.5,12,1,4037.6,17,1,4037.7,74,4,4037.9,59,4
11483,2026-07-02 14:38:15+05:30,4036.9,42,4034.52,1881499,171626.0,171685.0,4100.0,4110.0,4012.0,4092.6,25833150,4501.8,3683.4,4440.0,3288.1,4036.6,47,2,4036.5,31,2,4036.1,331,2,4036.0,6,3,4035.7,12,1,4037.4,83,7,4037.5,26,2,4037.6,17,1,4037.7,74,4,4037.8,3,1
11483,2026-07-02 14:38:16+05:30,4037.4,3,4034.52,1881499,171626.0,171685.0,4100.0,4110.0,4012.0,4092.6,25833150,4501.8,3683.4,4440.0,3288.1,4036.6,47,2,4036.5,31,2,4036.1,331,2,4036.0,6,3,4035.7,12,1,4037.4,83,7,4037.5,26,2,4037.6,17,1,4037.7,74,4,4037.8,3,1
11483,2026-07-02 14:38:16+05:30,4037.4,3,4034.52,1881515,172217.0,171542.0,4100.0,4110.0,4012.0,4092.6,25833150,4501.8,3683.4,4440.0,3288.1,4036.9,84,3,4036.7,42,1,4036.6,5,1,4036.5,31,2,4036.1,331,2,4037.4,65,6,4037.5,26,2,4037.6,17,1,4037.7,74,4,4037.8,3,1
11483,2026-07-02 14:38:17+05:30,4036.9,42,4034.52,1881515,172217.0,171542.0,4100.0,4110.0,4012.0,4092.6,25833150,4501.8,3683.4,4440.0,3288.1,4036.9,84,3,4036.7,42,1,4036.6,5,1,4036.5,31,2,4036.1,331,2,4037.4,65,6,4037.5,26,2,4037.6,17,1,4037.7,74,4,4037.8,3,1
11483,2026-07-02 14:38:17+05:30,4036.9,42,4034.52,1881599,171788.0,171748.0,4100.0,4110.0,4012.0,4092.6,25833150,4501.8,3683.4,4440.0,3288.1,4036.6,47,2,4036.5,42,3,4036.1,320,1,4036.0,6,3,4035.7,58,2,4037.4,39,4,4037.5,12,1,4037.6,17,1,4037.7,49,3,4037.8,19,3
11483,2026-07-02 14:38:18+05:30,4036.6,5,4034.52,1881599,171788.0,171748.0,4100.0,4110.0,4012.0,4092.6,25833150,4501.8,3683.4,4440.0,3288.1,4036.6,47,2,4036.5,42,3,4036.1,320,1,4036.0,6,3,4035.7,58,2,4037.4,39,4,4037.5,12,1,4037.6,17,1,4037.7,49,3,4037.8,19,3
11483,2026-07-02 14:38:18+05:30,4036.6,5,4034.52,1881609,172338.0,171752.0,4100.0,4110.0,4012.0,4092.6,25833150,4501.8,3683.4,4440.0,3288.1,4036.9,42,1,4036.8,42,1,4036.6,37,1,4036.5,42,3,4036.1,320,1,4037.3,13,1,4037.4,39,4,4037.5,23,1,4037.7,30,2,4037.8,16,2
11483,2026-07-02 14:38:19+05:30,4036.9,1,4034.52,1881609,172338.0,171752.0,4100.0,4110.0,4012.0,4092.6,25833150,4501.8,3683.4,4440.0,3288.1,4036.9,42,1,4036.8,42,1,4036.6,37,1,4036.5,42,3,4036.1,320,1,4037.3,13,1,4037.4,39,4,4037.5,23,1,4037.7,30,2,4037.8,16,2
11483,2026-07-02 14:38:19+05:30,4036.9,1,4034.52,1881610,172359.0,171570.0,4100.0,4110.0,4012.0,4092.6,25833150,4501.8,3683.4,4440.0,3288.1,4036.9,83,2,4036.6,37,1,4036.5,42,3,4036.1,366,2,4036.0,6,3,4037.0,5,1,4037.3,13,1,4037.4,21,3,4037.7,30,2,4037.8,16,2
11483,2026-07-02 14:38:20+05:30,4036.9,42,4034.52,1881610,172359.0,171570.0,4100.0,4110.0,4012.0,4092.6,25833150,4501.8,3683.4,4440.0,3288.1,4036.9,83,2,4036.6,37,1,4036.5,42,3,4036.1,366,2,4036.0,6,3,4037.0,5,1,4037.3,13,1,4037.4,21,3,4037.7,30,2,4037.8,16,2
11483,2026-07-02 14:38:20+05:30,4036.9,42,4034.52,1881693,171840.0,170978.0,4100.0,4110.0,4012.0,4092.6,25833150,4501.8,3683.4,4440.0,3288.1,4036.7,42,1,4036.6,37,1,4036.5,42,3,4036.1,366,2,4036.0,6,3,4036.9,13,1,4037.0,7,2,4037.4,19,2,4037.7,26,2,4037.8,16,2
11483,2026-07-02 14:38:21+05:30,4036.7,10,4034.52,1881693,171840.0,170978.0,4100.0,4110.0,4012.0,4092.6,25833150,4501.8,3683.4,4440.0,3288.1,4036.7,42,1,4036.6,37,1,4036.5,42,3,4036.1,366,2,4036.0,6,3,4036.9,13,1,4037.0,7,2,4037.4,19,2,4037.7,26,2,4037.8,16,2
11483,2026-07-02 14:38:21+05:30,4036.7,32,4034.52,1881735,171798.0,171041.0,4100.0,4110.0,4012.0,4092.6,25833150,4501.8,3683.4,4440.0,3288.1,4036.6,37,1,4036.5,31,2,4036.1,366,2,4036.0,6,3,4035.8,2,1,4036.9,2,1,4037.0,5,1,4037.4,19,2,4037.7,26,2,4037.8,16,2
11483,2026-07-02 14:38:22+05:30,4037.0,5,4034.52,1881735,171798.0,171041.0,4100.0,4110.0,4012.0,4092.6,25833150,4501.8,3683.4,4440.0,3288.1,4036.6,37,1,4036.5,31,2,4036.1,366,2,4036.0,6,3,4035.8,2,1,4036.9,2,1,4037.0,5,1,4037.4,19,2,4037.7,26,2,4037.8,16,2
11483,2026-07-02 14:38:22+05:30,4037.0,5,4034.52,1881830,172516.0,171358.0,4100.0,4110.0,4012.0,4092.6,25833150,4501.8,3683.4,4440.0,3288.1,4037.0,1,1,4036.7,49,2,4036.6,79,2,4036.5,31,2,4036.4,2,1,4037.4,4,1,4037.7,13,1,4037.8,1,1,4037.9,23,2,4038.0,109,7
11483,2026-07-02 14:38:23+05:30,4037.0,10,4034.52,1881830,172516.0,171358.0,4100.0,4110.0,4012.0,4092.6,25833150,4501.8,3683.4,4440.0,3288.1,4037.0,1,1,4036.7,49,2,4036.6,79,2,4036.5,31,2,4036.4,2,1,4037.4,4,1,4037.7,13,1,4037.8,1,1,4037.9,23,2,4038.0,109,7
11483,2026-07-02 14:38:23+05:30,4037.0,10,4034.52,1881841,172377.0,171285.0,4100.0,4110.0,4012.0,4092.6,25833150,4501.8,3683.4,4440.0,3288.1,4037.2,42,1,4037.1,42,1,4037.0,32,1,4036.7,7,1,4036.6,37,1,4037.4,4,1,4037.7,13,1,4037.8,1,1,4037.9,23,2,4038.0,109,7
11483,2026-07-02 14:38:24+05:30,4037.5,119,4034.52,1881841,172377.0,171285.0,4100.0,4110.0,4012.0,4092.6,25833150,4501.8,3683.4,4440.0,3288.1,4037.2,42,1,4037.1,42,1,4037.0,32,1,4036.7,7,1,4036.6,37,1,4037.4,4,1,4037.7,13,1,4037.8,1,1,4037.9,23,2,4038.0,109,7
11483,2026-07-02 14:38:24+05:30,4037.5,119,4034.52,1882155,173018.0,171483.0,4100.0,4110.0,4012.0,4092.6,25833150,4501.8,3683.4,4440.0,3288.1,4037.5,94,2,4037.4,1,1,4037.2,40,1,4037.0,532,2,4036.7,53,2,4037.7,13,1,4037.8,1,1,4037.9,1,1,4038.0,112,8,4038.1,17,1
11483,2026-07-02 14:38:25+05:30,4037.5,57,4034.52,1882155,173018.0,171483.0,4100.0,4110.0,4012.0,4092.6,25833150,4501.8,3683.4,4440.0,3288.1,4037.5,94,2,4037.4,1,1,4037.2,40,1,4037.0,532,2,4036.7,53,2,4037.7,13,1,4037.8,1,1,4037.9,1,1,4038.0,112,8,4038.1,17,1
11483,2026-07-02 14:38:25+05:30,4037.5,57,4034.52,1882306,173145.0,171686.0,4100.0,4110.0,4012.0,4092.6,25833150,4501.8,3683.4,4440.0,3288.1,4037.5,52,1,4037.4,1,1,4037.2,40,1,4037.0,532,2,4036.7,53,2,4037.7,13,1,4037.8,1,1,4037.9,8,2,4038.0,112,8,4038.1,17,1
11483,2026-07-02 14:38:26+05:30,4037.7,7,4034.52,1882306,173145.0,171686.0,4100.0,4110.0,4012.0,4092.6,25833150,4501.8,3683.4,4440.0,3288.1,4037.5,52,1,4037.4,1,1,4037.2,40,1,4037.0,532,2,4036.7,53,2,4037.7,13,1,4037.8,1,1,4037.9,8,2,4038.0,112,8,4038.1,17,1
11483,2026-07-02 14:38:26+05:30,4037.7,7,4034.52,1882332,172802.0,171628.0,4100.0,4110.0,4012.0,4092.6,25833150,4501.8,3683.4,4440.0,3288.1,4037.5,33,1,4037.4,1,1,4037.2,40,1,4037.0,532,2,4036.7,7,1,4037.7,6,1,4037.8,1,1,4037.9,8,2,4038.0,112,8,4038.1,17,1
11483,2026-07-02 14:38:27+05:30,4037.7,2,4034.52,1882332,172802.0,171628.0,4100.0,4110.0,4012.0,4092.6,25833150,4501.8,3683.4,4440.0,3288.1,4037.5,33,1,4037.4,1,1,4037.2,40,1,4037.0,532,2,4036.7,7,1,4037.7,6,1,4037.8,1,1,4037.9,8,2,4038.0,112,8,4038.1,17,1
11483,2026-07-02 14:38:27+05:30,4037.7,2,4034.52,1882337,173038.0,171793.0,4100.0,4110.0,4012.0,4092.6,25833150,4501.8,3683.4,4440.0,3288.1,4037.5,30,1,4037.0,502,2,4036.7,7,1,4036.5,31,2,4036.4,40,3,4037.7,6,2,4037.8,1,1,4037.9,1,1,4038.0,112,8,4038.1,17,1
11483,2026-07-02 14:38:28+05:30,4037.7,1,4034.52,1882337,173038.0,171793.0,4100.0,4110.0,4012.0,4092.6,25833150,4501.8,3683.4,4440.0,3288.1,4037.5,30,1,4037.0,502,2,4036.7,7,1,4036.5,31,2,4036.4,40,3,4037.7,6,2,4037.8,1,1,4037.9,1,1,4038.0,112,8,4038.1,17,1
11483,2026-07-02 14:38:28+05:30,4037.7,1,4034.52,1882338,173197.0,171911.0,4100.0,4110.0,4012.0,4092.6,25833150,4501.8,3683.4,4440.0,3288.1,4037.5,30,1,4037.0,502,2,4036.7,7,1,4036.5,31,2,4036.4,40,3,4037.7,5,2,4037.8,1,1,4037.9,1,1,4038.0,112,8,4038.1,17,1
11483,2026-07-02 14:38:29+05:30,4037.7,3,4034.52,1882338,173197.0,171911.0,4100.0,4110.0,4012.0,4092.6,25833150,4501.8,3683.4,4440.0,3288.1,4037.5,30,1,4037.0,502,2,4036.7,7,1,4036.5,31,2,4036.4,40,3,4037.7,5,2,4037.8,1,1,4037.9,1,1,4038.0,112,8,4038.1,17,1
11483,2026-07-02 14:38:29+05:30,4037.7,3,4034.52,1882346,172807.0,171856.0,4100.0,4110.0,4012.0,4092.6,25833150,4501.8,3683.4,4440.0,3288.1,4037.5,30,1,4037.0,502,2,4036.7,7,1,4036.5,31,2,4036.4,2,1,4037.7,40,4,4037.8,1,1,4037.9,8,2,4038.0,146,10,4038.1,45,3
11483,2026-07-02 14:38:30+05:30,4037.5,1,4034.52,1882346,172807.0,171856.0,4100.0,4110.0,4012.0,4092.6,25833150,4501.8,3683.4,4440.0,3288.1,4037.5,30,1,4037.0,502,2,4036.7,7,1,4036.5,31,2,4036.4,2,1,4037.7,40,4,4037.8,1,1,4037.9,8,2,4038.0,146,10,4038.1,45,3
11483,2026-07-02 14:38:30+05:30,4037.6,11,4034.52,1882852,172360.0,171993.0,4100.0,4110.0,4012.0,4092.6,25833150,4501.8,3683.4,4440.0,3288.1,4037.0,115,2,4036.7,7,1,4036.5,31,2,4036.1,320,1,4036.0,347,4,4037.6,5,1,4037.7,11,2,4037.8,1,1,4037.9,8,2,4038.0,168,10
11483,2026-07-02 14:38:31+05:30,4037.0,54,4034.52,1882852,172360.0,171993.0,4100.0,4110.0,4012.0,4092.6,25833150,4501.8,3683.4,4440.0,3288.1,4037.0,115,2,4036.7,7,1,4036.5,31,2,4036.1,320,1,4036.0,347,4,4037.6,5,1,4037.7,11,2,4037.8,1,1,4037.9,8,2,4038.0,168,10
11483,2026-07-02 14:38:31+05:30,4037.0,54,4034.52,1883026,172843.0,172190.0,4100.0,4110.0,4012.0,4092.6,25833150,4501.8,3683.4,4440.0,3288.1,4037.6,1,1,4037.0,446,1,4036.7,7,1,4036.5,63,3,4036.2,26,2,4037.7,11,2,4037.8,1,1,4037.9,1,1,4038.0,109,7,4038.1,17,1
11483,2026-07-02 14:38:32+05:30,4037.0,54,4034.52,1883026,172843.0,172190.0,4100.0,4110.0,4012.0,4092.6,25833150,4501.8,3683.4,4440.0,3288.1,4037.6,1,1,4037.0,446,1,4036.7,7,1,4036.5,63,3,4036.2,26,2,4037.7,11,2,4037.8,1,1,4037.9,1,1,4038.0,109,7,4038.1,17,1
11483,2026-07-02 14:38:32+05:30,4037.0,1,4034.52,1883026,172843.0,172190.0,4100.0,4110.0,4012.0,4092.6,25833150,4501.8,3683.4,4440.0,3288.1,4037.6,1,1,4037.0,446,1,4036.7,7,1,4036.5,63,3,4036.2,26,2,4037.7,11,2,4037.8,1,1,4037.9,1,1,4038.0,109,7,4038.1,17,1
11483,2026-07-02 14:38:32+05:30,4037.0,1,4034.52,1883026,172843.0,172190.0,4100.0,4110.0,4012.0,4092.6,25833150,4501.8,3683.4,4440.0,3288.1,4037.6,1,1,4037.0,446,1,4036.7,7,1,4036.5,63,3,4036.2,26,2,4037.7,11,2,4037.8,1,1,4037.9,1,1,4038.0,109,7,4038.1,17,1
11483,2026-07-02 14:38:32+05:30,4037.0,1,4034.52,1883028,173047.0,172100.0,4100.0,4110.0,4012.0,4092.6,25833150,4501.8,3683.4,4440.0,3288.1,4037.0,445,1,4036.7,50,3,4036.6,20,1,4036.5,63,3,4036.4,49,2,4037.5,10,1,4037.6,2,1,4037.7,10,1,4037.8,1,1,4037.9,1,1
11483,2026-07-02 14:38:33+05:30,4037.0,1,4034.52,1883028,173047.0,172100.0,4100.0,4110.0,4012.0,4092.6,25833150,4501.8,3683.4,4440.0,3288.1,4037.0,445,1,4036.7,50,3,4036.6,20,1,4036.5,63,3,4036.4,49,2,4037.5,10,1,4037.6,2,1,4037.7,10,1,4037.8,1,1,4037.9,1,1
11483,2026-07-02 14:38:33+05:30,4037.0,410,4034.52,1883028,173047.0,172100.0,4100.0,4110.0,4012.0,4092.6,25833150,4501.8,3683.4,4440.0,3288.1,4037.0,445,1,4036.7,50,3,4036.6,20,1,4036.5,63,3,4036.4,49,2,4037.5,10,1,4037.6,2,1,4037.7,10,1,4037.8,1,1,4037.9,1,1
11483,2026-07-02 14:38:33+05:30,4037.0,410,4034.52,1883028,173047.0,172100.0,4100.0,4110.0,4012.0,4092.6,25833150,4501.8,3683.4,4440.0,3288.1,4037.0,445,1,4036.7,50,3,4036.6,20,1,4036.5,63,3,4036.4,49,2,4037.5,10,1,4037.6,2,1,4037.7,10,1,4037.8,1,1,4037.9,1,1
11483,2026-07-02 14:38:33+05:30,4037.0,410,4034.52,1883438,172103.0,172204.0,4100.0,4110.0,4012.0,4092.6,25833150,4501.8,3683.4,4440.0,3288.1,4037.0,35,1,4036.7,7,1,4036.5,63,3,4036.4,25,1,4036.2,32,2,4037.5,10,1,4037.6,2,1,4037.7,10,1,4037.8,1,1,4037.9,1,1
11483,2026-07-02 14:38:34+05:30,4037.0,410,4034.52,1883438,172103.0,172204.0,4100.0,4110.0,4012.0,4092.6,25833150,4501.8,3683.4,4440.0,3288.1,4037.0,35,1,4036.7,7,1,4036.5,63,3,4036.4,25,1,4036.2,32,2,4037.5,10,1,4037.6,2,1,4037.7,10,1,4037.8,1,1,4037.9,1,1
11483,2026-07-02 14:38:34+05:30,4038.0,30,4034.52,1883438,172103.0,172204.0,4100.0,4110.0,4012.0,4092.6,25833150,4501.8,3683.4,4440.0,3288.1,4037.0,35,1,4036.7,7,1,4036.5,63,3,4036.4,25,1,4036.2,32,2,4037.5,10,1,4037.6,2,1,4037.7,10,1,4037.8,1,1,4037.9,1,1
11483,2026-07-02 14:38:34+05:30,4038.0,30,4034.52,1883438,172103.0,172204.0,4100.0,4110.0,4012.0,4092.6,25833150,4501.8,3683.4,4440.0,3288.1,4037.0,35,1,4036.7,7,1,4036.5,63,3,4036.4,25,1,4036.2,32,2,4037.5,10,1,4037.6,2,1,4037.7,10,1,4037.8,1,1,4037.9,1,1
11483,2026-07-02 14:38:34+05:30,4038.0,30,4034.52,1883687,173258.0,171817.0,4100.0,4110.0,4012.0,4092.6,25833150,4501.8,3683.4,4440.0,3288.1,4037.5,16,1,4037.0,500,1,4036.7,7,1,4036.5,63,3,4036.4,6,1,4038.0,102,8,4038.3,1,1,4038.4,21,2,4038.5,40,4,4038.6,37,3
11483,2026-07-02 14:38:35+05:30,4038.0,30,4034.52,1883687,173258.0,171817.0,4100.0,4110.0,4012.0,4092.6,25833150,4501.8,3683.4,4440.0,3288.1,4037.5,16,1,4037.0,500,1,4036.7,7,1,4036.5,63,3,4036.4,6,1,4038.0,102,8,4038.3,1,1,4038.4,21,2,4038.5,40,4,4038.6,37,3
11483,2026-07-02 14:38:35+05:30,4037.5,30,4034.52,1883687,173258.0,171817.0,4100.0,4110.0,4012.0,4092.6,25833150,4501.8,3683.4,4440.0,3288.1,4037.5,16,1,4037.0,500,1,4036.7,7,1,4036.5,63,3,4036.4,6,1,4038.0,102,8,4038.3,1,1,4038.4,21,2,4038.5,40,4,4038.6,37,3
11483,2026-07-02 14:38:35+05:30,4037.5,30,4034.52,1883687,173258.0,171817.0,4100.0,4110.0,4012.0,4092.6,25833150,4501.8,3683.4,4440.0,3288.1,4037.5,16,1,4037.0,500,1,4036.7,7,1,4036.5,63,3,4036.4,6,1,4038.0,102,8,4038.3,1,1,4038.4,21,2,4038.5,40,4,4038.6,37,3
11483,2026-07-02 14:38:35+05:30,4037.5,30,4034.52,1883717,173300.0,171974.0,4100.0,4110.0,4012.0,4092.6,25833150,4501.8,3683.4,4440.0,3288.1,4037.5,16,1,4037.0,500,1,4036.7,7,1,4036.5,31,2,4036.4,6,1,4038.0,89,7,4038.3,1,1,4038.4,21,2,4038.5,40,4,4038.6,37,3
11483,2026-07-02 14:38:35+05:30,4037.5,30,4034.52,1883717,173300.0,171974.0,4100.0,4110.0,4012.0,4092.6,25833150,4501.8,3683.4,4440.0,3288.1,4037.5,16,1,4037.0,500,1,4036.7,7,1,4036.5,31,2,4036.4,6,1,4038.0,89,7,4038.3,1,1,4038.4,21,2,4038.5,40,4,4038.6,37,3
11483,2026-07-02 14:38:36+05:30,4037.5,30,4034.52,1883717,173300.0,171974.0,4100.0,4110.0,4012.0,4092.6,25833150,4501.8,3683.4,4440.0,3288.1,4037.5,16,1,4037.0,500,1,4036.7,7,1,4036.5,31,2,4036.4,6,1,4038.0,89,7,4038.3,1,1,4038.4,21,2,4038.5,40,4,4038.6,37,3
11483,2026-07-02 14:38:36+05:30,4037.5,30,4034.52,1883717,173300.0,171974.0,4100.0,4110.0,4012.0,4092.6,25841025,4501.8,3683.4,4440.0,3288.1,4037.5,16,1,4037.0,500,1,4036.7,7,1,4036.5,31,2,4036.4,6,1,4038.0,89,7,4038.3,1,1,4038.4,21,2,4038.5,40,4,4038.6,37,3
11483,2026-07-02 14:38:36+05:30,4037.5,4,4034.52,1883717,173300.0,171974.0,4100.0,4110.0,4012.0,4092.6,25841025,4501.8,3683.4,4440.0,3288.1,4037.5,16,1,4037.0,500,1,4036.7,7,1,4036.5,31,2,4036.4,6,1,4038.0,89,7,4038.3,1,1,4038.4,21,2,4038.5,40,4,4038.6,37,3
11483,2026-07-02 14:38:36+05:30,4037.5,4,4034.52,1883717,173300.0,171974.0,4100.0,4110.0,4012.0,4092.6,25841025,4501.8,3683.4,4440.0,3288.1,4037.5,16,1,4037.0,500,1,4036.7,7,1,4036.5,31,2,4036.4,6,1,4038.0,89,7,4038.3,1,1,4038.4,21,2,4038.5,40,4,4038.6,37,3
11483,2026-07-02 14:38:36+05:30,4037.5,1,4034.52,1883722,173501.0,171941.0,4100.0,4110.0,4012.0,4092.6,25841025,4501.8,3683.4,4440.0,3288.1,4037.5,11,1,4037.0,500,1,4036.7,7,1,4036.5,31,2,4036.4,52,2,4038.0,89,7,4038.3,1,1,4038.4,36,3,4038.5,42,5,4038.6,50,4
11483,2026-07-02 14:38:36+05:30,4037.5,1,4034.52,1883722,173501.0,171941.0,4100.0,4110.0,4012.0,4092.6,25841025,4501.8,3683.4,4440.0,3288.1,4037.5,11,1,4037.0,500,1,4036.7,7,1,4036.5,31,2,4036.4,52,2,4038.0,89,7,4038.3,1,1,4038.4,36,3,4038.5,42,5,4038.6,50,4
11483,2026-07-02 14:38:37+05:30,4037.5,1,4034.52,1883722,173501.0,171941.0,4100.0,4110.0,4012.0,4092.6,25841025,4501.8,3683.4,4440.0,3288.1,4037.5,11,1,4037.0,500,1,4036.7,7,1,4036.5,31,2,4036.4,52,2,4038.0,89,7,4038.3,1,1,4038.4,36,3,4038.5,42,5,4038.6,50,4
11483,2026-07-02 14:38:37+05:30,4037.5,50,4034.52,1883722,173501.0,171941.0,4100.0,4110.0,4012.0,4092.6,25841025,4501.8,3683.4,4440.0,3288.1,4037.5,11,1,4037.0,500,1,4036.7,7,1,4036.5,31,2,4036.4,52,2,4038.0,89,7,4038.3,1,1,4038.4,36,3,4038.5,42,5,4038.6,50,4
11483,2026-07-02 14:38:37+05:30,4037.5,50,4034.52,1883722,173501.0,171941.0,4100.0,4110.0,4012.0,4092.6,25841025,4501.8,3683.4,4440.0,3288.1,4037.5,11,1,4037.0,500,1,4036.7,7,1,4036.5,31,2,4036.4,52,2,4038.0,89,7,4038.3,1,1,4038.4,36,3,4038.5,42,5,4038.6,50,4
11483,2026-07-02 14:38:37+05:30,4038.0,1,4034.53,1883839,174138.0,171690.0,4100.0,4110.0,4012.0,4092.6,25841025,4501.8,3683.4,4440.0,3288.1,4037.5,16,1,4037.4,7,1,4037.2,17,1,4037.0,504,3,4036.9,47,2,4038.0,37,3,4038.3,1,1,4038.4,21,2,4038.5,48,4,4038.6,13,2
11483,2026-07-02 14:38:38+05:30,4038.0,1,4034.53,1883839,174138.0,171690.0,4100.0,4110.0,4012.0,4092.6,25841025,4501.8,3683.4,4440.0,3288.1,4037.5,16,1,4037.4,7,1,4037.2,17,1,4037.0,504,3,4036.9,47,2,4038.0,37,3,4038.3,1,1,4038.4,21,2,4038.5,48,4,4038.6,13,2
11483,2026-07-02 14:38:38+05:30,4037.5,14,4034.53,1883839,174138.0,171690.0,4100.0,4110.0,4012.0,4092.6,25841025,4501.8,3683.4,4440.0,3288.1,4037.5,16,1,4037.4,7,1,4037.2,17,1,4037.0,504,3,4036.9,47,2,4038.0,37,3,4038.3,1,1,4038.4,21,2,4038.5,48,4,4038.6,13,2
11483,2026-07-02 14:38:38+05:30,4037.5,14,4034.53,1883853,174047.0,171810.0,4100.0,4110.0,4012.0,4092.6,25841025,4501.8,3683.4,4440.0,3288.1,4037.5,2,1,4037.4,7,1,4037.0,504,3,4036.8,24,1,4036.7,7,1,4038.0,37,3,4038.3,1,1,4038.4,21,2,4038.5,48,4,4038.6,26,3
11483,2026-07-02 14:38:39+05:30,4038.0,2,4034.53,1883853,174047.0,171810.0,4100.0,4110.0,4012.0,4092.6,25841025,4501.8,3683.4,4440.0,3288.1,4037.5,2,1,4037.4,7,1,4037.0,504,3,4036.8,24,1,4036.7,7,1,4038.0,37,3,4038.3,1,1,4038.4,21,2,4038.5,48,4,4038.6,26,3
11483,2026-07-02 14:38:39+05:30,4038.0,1,4034.53,1883893,174192.0,171635.0,4100.0,4110.0,4012.0,4092.6,25841025,4501.8,3683.4,4440.0,3288.1,4038.0,1,1,4037.4,7,1,4037.2,2,1,4037.0,502,2,4036.8,24,1,4038.1,11,1,4038.4,21,2,4038.5,36,3,4038.6,14,2,4038.7,45,2
11483,2026-07-02 14:38:40+05:30,4038.0,18,4034.53,1883893,174192.0,171635.0,4100.0,4110.0,4012.0,4092.6,25841025,4501.8,3683.4,4440.0,3288.1,4038.0,1,1,4037.4,7,1,4037.2,2,1,4037.0,502,2,4036.8,24,1,4038.1,11,1,4038.4,21,2,4038.5,36,3,4038.6,14,2,4038.7,45,2
11483,2026-07-02 14:38:40+05:30,4038.0,18,4034.53,1883916,174133.0,171640.0,4100.0,4110.0,4012.0,4092.6,25841025,4501.8,3683.4,4440.0,3288.1,4037.4,7,1,4037.2,2,1,4037.0,502,2,4036.8,24,1,4036.7,53,2,4038.0,95,3,4038.4,21,2,4038.5,47,4,4038.6,26,3,4038.7,65,3
11483,2026-07-02 14:38:41+05:30,4037.4,3,4034.53,1883916,174133.0,171640.0,4100.0,4110.0,4012.0,4092.6,25841025,4501.8,3683.4,4440.0,3288.1,4037.4,7,1,4037.2,2,1,4037.0,502,2,4036.8,24,1,4036.7,53,2,4038.0,95,3,4038.4,21,2,4038.5,47,4,4038.6,26,3,4038.7,65,3
11483,2026-07-02 14:38:41+05:30,4038.0,13,4034.53,1883937,174073.0,171684.0,4100.0,4110.0,4012.0,4092.6,25841025,4501.8,3683.4,4440.0,3288.1,4037.4,4,1,4037.0,502,2,4036.7,53,2,4036.6,31,2,4036.5,31,2,4038.0,82,5,4038.4,21,2,4038.5,47,4,4038.6,26,3,4038.7,65,3
11483,2026-07-02 14:38:42+05:30,4037.4,2,4034.53,1883937,174073.0,171684.0,4100.0,4110.0,4012.0,4092.6,25841025,4501.8,3683.4,4440.0,3288.1,4037.4,4,1,4037.0,502,2,4036.7,53,2,4036.6,31,2,4036.5,31,2,4038.0,82,5,4038.4,21,2,4038.5,47,4,4038.6,26,3,4038.7,65,3
11483,2026-07-02 14:38:42+05:30,4037.5,1,4034.53,1883940,173972.0,171684.0,4100.0,4110.0,4012.0,4092.6,25841025,4501.8,3683.4,4440.0,3288.1,4037.5,1,1,4037.4,2,1,4037.0,500,1,4036.7,53,2,4036.6,31,2,4038.0,82,5,4038.4,23,3,4038.5,47,4,4038.6,26,3,4038.7,68,4
11483,2026-07-02 14:38:43+05:30,4037.5,1,4034.53,1883940,173972.0,171684.0,4100.0,4110.0,4012.0,4092.6,25841025,4501.8,3683.4,4440.0,3288.1,4037.5,1,1,4037.4,2,1,4037.0,500,1,4036.7,53,2,4036.6,31,2,4038.0,82,5,4038.4,23,3,4038.5,47,4,4038.6,26,3,4038.7,68,4
11483,2026-07-02 14:38:43+05:30,4037.5,5,4034.53,1884001,173984.0,171582.0,4100.0,4110.0,4012.0,4092.6,25841025,4501.8,3683.4,4440.0,3288.1,4037.5,2,1,4037.4,2,1,4037.0,500,1,4036.7,53,2,4036.6,53,3,4038.0,30,3,4038.1,12,1,4038.4,21,2,4038.5,38,4,4038.6,26,3
11483,2026-07-02 14:38:44+05:30,4037.5,3,4034.53,1884001,173984.0,171582.0,4100.0,4110.0,4012.0,4092.6,25841025,4501.8,3683.4,4440.0,3288.1,4037.5,2,1,4037.4,2,1,4037.0,500,1,4036.7,53,2,4036.6,53,3,4038.0,30,3,4038.1,12,1,4038.4,21,2,4038.5,38,4,4038.6,26,3
11483,2026-07-02 14:38:44+05:30,4037.5,3,4034.53,1884004,173706.0,171832.0,4100.0,4110.0,4012.0,4092.6,25841025,4501.8,3683.4,4440.0,3288.1,4037.4,2,1,4037.0,500,1,4036.7,53,2,4036.6,2,1,4036.5,36,3,4037.5,1,1,4037.8,13,1,4038.0,30,3,4038.4,21,2,4038.5,96,7
11483,2026-07-02 14:38:45+05:30,4037.8,3,4034.53,1884122,173811.0,171594.0,4100.0,4110.0,4012.0,4092.6,25841025,4501.8,3683.4,4440.0,3288.1,4037.4,2,1,4037.0,500,1,4036.7,53,2,4036.6,2,1,4036.5,58,4,4037.8,9,1,4038.0,44,3,4038.2,26,2,4038.4,15,1,4038.5,97,7
11483,2026-07-02 14:38:46+05:30,4037.4,8,4034.53,1884122,173811.0,171594.0,4100.0,4110.0,4012.0,4092.6,25841025,4501.8,3683.4,4440.0,3288.1,4037.4,2,1,4037.0,500,1,4036.7,53,2,4036.6,2,1,4036.5,58,4,4037.8,9,1,4038.0,44,3,4038.2,26,2,4038.4,15,1,4038.5,97,7
11483,2026-07-02 14:38:46+05:30,4037.4,8,4034.53,1884132,173419.0,171794.0,4100.0,4110.0,4012.0,4092.6,25841025,4501.8,3683.4,4440.0,3288.1,4037.0,500,1,4036.7,7,1,4036.5,36,3,4036.4,325,2,4036.2,5,1,4037.4,2,1,4037.8,10,2,4038.0,49,4,4038.2,26,2,4038.3,15,2
11483,2026-07-02 14:38:47+05:30,4038.2,60,4034.53,1884132,173419.0,171794.0,4100.0,4110.0,4012.0,4092.6,25841025,4501.8,3683.4,4440.0,3288.1,4037.0,500,1,4036.7,7,1,4036.5,36,3,4036.4,325,2,4036.2,5,1,4037.4,2,1,4037.8,10,2,4038.0,49,4,4038.2,26,2,4038.3,15,2
11483,2026-07-02 14:38:47+05:30,4037.4,1,4034.53,1884275,173566.0,171736.0,4100.0,4110.0,4012.0,4092.6,25841025,4501.8,3683.4,4440.0,3288.1,4037.0,499,1,4036.7,7,1,4036.6,2,1,4036.5,36,3,4036.4,377,4,4038.2,71,6,4038.4,73,3,4038.5,54,4,4038.6,63,5,4038.7,91,3
11483,2026-07-02 14:38:48+05:30,4037.0,17,4034.53,1884275,173566.0,171736.0,4100.0,4110.0,4012.0,4092.6,25841025,4501.8,3683.4,4440.0,3288.1,4037.0,499,1,4036.7,7,1,4036.6,2,1,4036.5,36,3,4036.4,377,4,4038.2,71,6,4038.4,73,3,4038.5,54,4,4038.6,63,5,4038.7,91,3
11483,2026-07-02 14:38:48+05:30,4038.2,5,4034.53,1884297,174013.0,171169.0,4100.0,4110.0,4012.0,4092.6,25841025,4501.8,3683.4,4440.0,3288.1,4037.3,19,3,4037.2,7,2,4037.1,36,3,4037.0,482,1,4036.8,31,1,4038.2,64,5,4038.4,15,1,4038.5,36,3,4038.6,13,2,4038.7,45,2
11483,2026-07-02 14:38:49+05:30,4037.0,222,4034.53,1884297,174013.0,171169.0,4100.0,4110.0,4012.0,4092.6,25841025,4501.8,3683.4,4440.0,3288.1,4037.3,19,3,4037.2,7,2,4037.1,36,3,4037.0,482,1,4036.8,31,1,4038.2,64,5,4038.4,15,1,4038.5,36,3,4038.6,13,2,4038.7,45,2
11483,2026-07-02 14:38:49+05:30,4037.0,222,4034.53,1884600,173549.0,171544.0,4100.0,4110.0,4012.0,4092.6,25841025,4501.8,3683.4,4440.0,3288.1,4037.1,18,2,4037.0,260,1,4036.8,31,1,4036.7,70,3,4036.6,24,1,4037.5,1,1,4038.0,28,2,4038.1,5,1,4038.2,64,5,4038.4,15,1
11483,2026-07-02 14:38:50+05:30,4037.1,1,4034.53,1884600,173549.0,171544.0,4100.0,4110.0,4012.0,4092.6,25841025,4501.8,3683.4,4440.0,3288.1,4037.1,18,2,4037.0,260,1,4036.8,31,1,4036.7,70,3,4036.6,24,1,4037.5,1,1,4038.0,28,2,4038.1,5,1,4038.2,64,5,4038.4,15,1
11483,2026-07-02 14:38:50+05:30,4037.1,1,4034.53,1884627,173327.0,171656.0,4100.0,4110.0,4012.0,4092.6,25841025,4501.8,3683.4,4440.0,3288.1,4037.0,260,1,4036.7,94,4,4036.5,90,6,4036.4,386,4,4036.2,30,2,4037.1,3,1,4037.5,1,1,4038.0,19,2,4038.2,37,4,4038.3,28,2
11483,2026-07-02 14:38:51+05:30,4037.1,4,4034.53,1884627,173327.0,171656.0,4100.0,4110.0,4012.0,4092.6,25841025,4501.8,3683.4,4440.0,3288.1,4037.0,260,1,4036.7,94,4,4036.5,90,6,4036.4,386,4,4036.2,30,2,4037.1,3,1,4037.5,1,1,4038.0,19,2,4038.2,37,4,4038.3,28,2
11483,2026-07-02 14:38:51+05:30,4037.1,1,4034.53,1884641,173514.0,171441.0,4100.0,4110.0,4012.0,4092.6,25841025,4501.8,3683.4,4440.0,3288.1,4037.1,23,1,4037.0,291,3,4036.8,15,1,4036.7,63,4,4036.6,19,1,4037.5,1,1,4038.0,15,1,4038.2,36,3,4038.3,13,1,4038.4,15,1
11483,2026-07-02 14:38:52+05:30,4037.1,1,4034.53,1884641,173514.0,171441.0,4100.0,4110.0,4012.0,4092.6,25841025,4501.8,3683.4,4440.0,3288.1,4037.1,23,1,4037.0,291,3,4036.8,15,1,4036.7,63,4,4036.6,19,1,4037.5,1,1,4038.0,15,1,4038.2,36,3,4038.3,13,1,4038.4,15,1
11483,2026-07-02 14:38:52+05:30,4038.0,5,4034.53,1884648,173696.0,171529.0,4100.0,4110.0,4012.0,4092.6,25841025,4501.8,3683.4,4440.0,3288.1,4037.1,34,3,4037.0,267,2,4036.8,61,3,4036.7,63,4,4036.6,19,1,4038.0,10,1,4038.2,36,3,4038.4,15,1,4038.5,22,2,4038.6,12,1
11483,2026-07-02 14:38:53+05:30,4037.0,100,4034.53,1884648,173696.0,171529.0,4100.0,4110.0,4012.0,4092.6,25841025,4501.8,3683.4,4440.0,3288.1,4037.1,34,3,4037.0,267,2,4036.8,61,3,4036.7,63,4,4036.6,19,1,4038.0,10,1,4038.2,36,3,4038.4,15,1,4038.5,22,2,4038.6,12,1
11483,2026-07-02 14:38:53+05:30,4037.9,14,4034.53,1884769,173602.0,171640.0,4100.0,4110.0,4012.0,4092.6,25841025,4501.8,3683.4,4440.0,3288.1,4037.0,156,1,4036.7,10,2,4036.5,59,6,4036.4,371,3,4036.3,34,1,4037.9,12,1,4038.0,13,2,4038.1,13,1,4038.2,25,2,4038.4,31,2
11483,2026-07-02 14:38:54+05:30,4037.0,15,4034.53,1884769,173602.0,171640.0,4100.0,4110.0,4012.0,4092.6,25841025,4501.8,3683.4,4440.0,3288.1,4037.0,156,1,4036.7,10,2,4036.5,59,6,4036.4,371,3,4036.3,34,1,4037.9,12,1,4038.0,13,2,4038.1,13,1,4038.2,25,2,4038.4,31,2
11483,2026-07-02 14:38:54+05:30,4037.0,15,4034.53,1884784,173619.0,171806.0,4100.0,4110.0,4012.0,4092.6,25841025,4501.8,3683.4,4440.0,3288.1,4037.1,1,1,4037.0,142,2,4036.7,10,2,4036.5,59,6,4036.4,371,3,4037.9,43,4,4038.0,27,3,4038.1,13,1,4038.2,46,3,4038.3,44,2
11483,2026-07-02 14:38:55+05:30,4037.0,10,4034.53,1884784,173619.0,171806.0,4100.0,4110.0,4012.0,4092.6,25841025,4501.8,3683.4,4440.0,3288.1,4037.1,1,1,4037.0,142,2,4036.7,10,2,4036.5,59,6,4036.4,371,3,4037.9,43,4,4038.0,27,3,4038.1,13,1,4038.2,46,3,4038.3,44,2
11483,2026-07-02 14:38:55+05:30,4037.0,10,4034.53,1884800,173650.0,171836.0,4100.0,4110.0,4012.0,4092.6,25841025,4501.8,3683.4,4440.0,3288.1,4037.0,132,2,4036.7,30,3,4036.5,46,5,4036.4,409,4,4036.3,34,1,4037.8,11,1,4037.9,10,2,4038.0,42,4,4038.2,25,2,4038.3,66,3
11483,2026-07-02 14:38:56+05:30,4037.0,2,4034.53,1884800,173650.0,171836.0,4100.0,4110.0,4012.0,4092.6,25841025,4501.8,3683.4,4440.0,3288.1,4037.0,132,2,4036.7,30,3,4036.5,46,5,4036.4,409,4,4036.3,34,1,4037.8,11,1,4037.9,10,2,4038.0,42,4,4038.2,25,2,4038.3,66,3
11483,2026-07-02 14:38:56+05:30,4037.0,2,4034.53,1884802,173534.0,171828.0,4100.0,4110.0,4012.0,4092.6,25841025,4501.8,3683.4,4440.0,3288.1,4037.1,18,1,4037.0,130,2,4036.7,30,3,4036.5,46,5,4036.4,409,4,4037.8,11,1,4037.9,10,2,4038.0,42,4,4038.2,25,2,4038.3,46,2
11483,2026-07-02 14:38:57+05:30,4037.0,2,4034.53,1884802,173493.0,171823.0,4100.0,4110.0,4012.0,4092.6,25841025,4501.8,3683.4,4440.0,3288.1,4037.1,20,2,4037.0,130,2,4036.7,30,3,4036.5,46,5,4036.4,371,3,4037.7,11,1,4037.8,2,1,4037.9,8,1,4038.0,57,5,4038.2,25,2
11483,2026-07-02 14:38:58+05:30,4037.7,7,4034.53,1884809,173546.0,171729.0,4100.0,4110.0,4012.0,4092.6,25841025,4501.8,3683.4,4440.0,3288.1,4037.1,20,2,4037.0,130,2,4036.7,7,1,4036.5,46,5,4036.4,371,3,4037.7,4,1,4037.8,15,2,4037.9,8,1,4038.0,99,8,4038.2,25,2
11483,2026-07-02 14:38:59+05:30,4037.1,1,4034.53,1884809,173546.0,171729.0,4100.0,4110.0,4012.0,4092.6,25841025,4501.8,3683.4,4440.0,3288.1,4037.1,20,2,4037.0,130,2,4036.7,7,1,4036.5,46,5,4036.4,371,3,4037.7,4,1,4037.8,15,2,4037.9,8,1,4038.0,99,8,4038.2,25,2
11483,2026-07-02 14:38:59+05:30,4037.1,1,4034.53,1884810,173604.0,171769.0,4100.0,4110.0,4012.0,4092.6,25841025,4501.8,3683.4,4440.0,3288.1,4037.1,19,2,4037.0,130,2,4036.7,7,1,4036.5,46,5,4036.4,371,3,4037.7,6,2,4037.8,13,1,4037.9,8,1,4038.0,75,7,4038.2,25,2
11483,2026-07-02 14:39:00+05:30,4037.6,1,4034.53,1884850,173453.0,171435.0,4100.0,4110.0,4012.0,4092.6,25841025,4501.8,3683.4,4440.0,3288.1,4037.6,2,2,4037.1,19,2,4037.0,132,3,4036.7,7,1,4036.5,46,5,4037.7,11,1,4037.8,40,3,4037.9,21,2,4038.0,90,8,4038.1,17,1
11483,2026-07-02 14:39:01+05:30,4037.7,4,4034.53,1884850,173453.0,171435.0,4100.0,4110.0,4012.0,4092.6,25841025,4501.8,3683.4,4440.0,3288.1,4037.6,2,2,4037.1,19,2,4037.0,132,3,4036.7,7,1,4036.5,46,5,4037.7,11,1,4037.8,40,3,4037.9,21,2,4038.0,90,8,4038.1,17,1
11483,2026-07-02 14:39:01+05:30,4037.7,1,4034.53,1884860,173398.0,171471.0,4100.0,4110.0,4012.0,4092.6,25841025,4501.8,3683.4,4440.0,3288.1,4037.1,19,2,4037.0,132,3,4036.7,7,1,4036.5,41,4,4036.4,371,3,4037.7,6,1,4037.8,37,2,4037.9,21,2,4038.0,80,8,4038.1,30,2
11483,2026-07-02 14:39:02+05:30,4037.0,8,4034.53,1884860,173398.0,171471.0,4100.0,4110.0,4012.0,4092.6,25841025,4501.8,3683.4,4440.0,3288.1,4037.1,19,2,4037.0,132,3,4036.7,7,1,4036.5,41,4,4036.4,371,3,4037.7,6,1,4037.8,37,2,4037.9,21,2,4038.0,80,8,4038.1,30,2
11483,2026-07-02 14:39:02+05:30,4037.0,1,4034.53,1884888,173322.0,171487.0,4100.0,4110.0,4012.0,4092.6,25841025,4501.8,3683.4,4440.0,3288.1,4037.0,123,3,4036.7,7,1,4036.5,41,4,4036.4,371,3,4036.0,388,7,4037.7,21,3,4037.8,48,3,4037.9,21,2,4038.0,100,9,4038.1,17,1
11483,2026-07-02 14:39:03+05:30,4037.7,59,4034.53,1884888,173322.0,171487.0,4100.0,4110.0,4012.0,4092.6,25841025,4501.8,3683.4,4440.0,3288.1,4037.0,123,3,4036.7,7,1,4036.5,41,4,4036.4,371,3,4036.0,388,7,4037.7,21,3,4037.8,48,3,4037.9,21,2,4038.0,100,9,4038.1,17,1
11483,2026-07-02 14:39:04+05:30,4037.7,129,4034.53,1885346,173718.0,171382.0,4100.0,4110.0,4012.0,4092.6,25841025,4501.8,3683.4,4440.0,3288.1,4037.7,116,2,4037.0,381,1,4036.7,7,1,4036.6,2,1,4036.5,41,4,4037.8,13,1,4037.9,8,1,4038.0,96,8,4038.2,25,2,4038.3,20,1
11483,2026-07-02 14:39:04+05:30,4037.7,54,4034.53,1885346,173718.0,171382.0,4100.0,4110.0,4012.0,4092.6,25841025,4501.8,3683.4,4440.0,3288.1,4037.7,116,2,4037.0,381,1,4036.7,7,1,4036.6,2,1,4036.5,41,4,4037.8,13,1,4037.9,8,1,4038.0,96,8,4038.2,25,2,4038.3,20,1
11483,2026-07-02 14:39:05+05:30,4038.0,17,4034.53,1885726,174567.0,169702.0,4100.0,4110.0,4012.0,4092.6,25841025,4501.8,3683.4,4440.0,3288.1,4037.8,17,1,4037.7,249,1,4037.6,18,1,4037.5,28,2,4037.4,2,1,4038.4,15,1,4038.5,22,2,4038.7,25,1,4038.8,4,1,4039.0,36,4
11483,2026-07-02 14:39:05+05:30,4037.8,45,4034.53,1885726,174567.0,169702.0,4100.0,4110.0,4012.0,4092.6,25841025,4501.8,3683.4,4440.0,3288.1,4037.8,17,1,4037.7,249,1,4037.6,18,1,4037.5,28,2,4037.4,2,1,4038.4,15,1,4038.5,22,2,4038.7,25,1,4038.8,4,1,4039.0,36,4
11483,2026-07-02 14:39:06+05:30,4037.9,17,4034.53,1885788,174527.0,169686.0,4100.0,4110.0,4012.0,4092.6,25841025,4501.8,3683.4,4440.0,3288.1,4037.9,30,3,4037.8,3,1,4037.7,249,1,4037.6,18,1,4037.5,24,1,4038.4,15,1,4038.5,22,2,4038.7,25,1,4038.8,4,1,4039.0,36,4
11483,2026-07-02 14:39:06+05:30,4038.4,7,4034.53,1885788,174527.0,169686.0,4100.0,4110.0,4012.0,4092.6,25841025,4501.8,3683.4,4440.0,3288.1,4037.9,30,3,4037.8,3,1,4037.7,249,1,4037.6,18,1,4037.5,24,1,4038.4,15,1,4038.5,22,2,4038.7,25,1,4038.8,4,1,4039.0,36,4
11483,2026-07-02 14:39:07+05:30,4038.4,7,4034.53,1885825,174410.0,169985.0,4100.0,4110.0,4012.0,4092.6,25841025,4501.8,3683.4,4440.0,3288.1,4037.7,249,1,4037.4,2,1,4037.1,5,1,4037.0,451,5,4036.9,6,1,4038.4,8,1,4038.5,22,2,4038.7,25,1,4038.8,4,1,4038.9,12,1
11483,2026-07-02 14:39:07+05:30,4037.7,322,4034.53,1885825,174410.0,169985.0,4100.0,4110.0,4012.0,4092.6,25841025,4501.8,3683.4,4440.0,3288.1,4037.7,249,1,4037.4,2,1,4037.1,5,1,4037.0,451,5,4036.9,6,1,4038.4,8,1,4038.5,22,2,4038.7,25,1,4038.8,4,1,4038.9,12,1
11483,2026-07-02 14:39:08+05:30,4038.4,13,4034.53,1886164,174455.0,169731.0,4100.0,4110.0,4012.0,4092.6,25841025,4501.8,3683.4,4440.0,3288.1,4038.4,7,1,4037.7,93,1,4037.4,2,1,4037.1,5,1,4037.0,397,3,4038.5,22,2,4038.6,20,1,4038.7,25,1,4038.8,22,2,4038.9,8,1
11483,2026-07-02 14:39:08+05:30,4038.4,41,4034.53,1886164,174455.0,169731.0,4100.0,4110.0,4012.0,4092.6,25841025,4501.8,3683.4,4440.0,3288.1,4038.4,7,1,4037.7,93,1,4037.4,2,1,4037.1,5,1,4037.0,397,3,4038.5,22,2,4038.6,20,1,4038.7,25,1,4038.8,22,2,4038.9,8,1
11483,2026-07-02 14:39:08+05:30,4038.4,41,4034.53,1886205,174451.0,169740.0,4100.0,4110.0,4012.0,4092.6,25841025,4501.8,3683.4,4440.0,3288.1,4038.4,7,1,4037.7,93,1,4037.4,2,1,4037.1,5,1,4037.0,397,3,4038.5,22,2,4038.6,20,1,4038.7,25,1,4038.8,22,2,4038.9,8,1
11483,2026-07-02 14:39:09+05:30,4038.5,2,4034.53,1886205,174451.0,169740.0,4100.0,4110.0,4012.0,4092.6,25841025,4501.8,3683.4,4440.0,3288.1,4038.4,7,1,4037.7,93,1,4037.4,2,1,4037.1,5,1,4037.0,397,3,4038.5,22,2,4038.6,20,1,4038.7,25,1,4038.8,22,2,4038.9,8,1
11483,2026-07-02 14:39:09+05:30,4038.4,1,4034.53,1886213,174445.0,169736.0,4100.0,4110.0,4012.0,4092.6,25841025,4501.8,3683.4,4440.0,3288.1,4038.4,1,1,4037.7,93,1,4037.4,2,1,4037.1,5,1,4037.0,397,3,4038.5,22,3,4038.6,20,1,4038.7,25,1,4038.8,4,1,4038.9,8,1
11483,2026-07-02 14:39:10+05:30,4037.7,6,4034.53,1886213,174445.0,169736.0,4100.0,4110.0,4012.0,4092.6,25841025,4501.8,3683.4,4440.0,3288.1,4038.4,1,1,4037.7,93,1,4037.4,2,1,4037.1,5,1,4037.0,397,3,4038.5,22,3,4038.6,20,1,4038.7,25,1,4038.8,4,1,4038.9,8,1
11483,2026-07-02 14:39:10+05:30,4037.7,6,4034.53,1886225,174462.0,169965.0,4100.0,4110.0,4012.0,4092.6,25841025,4501.8,3683.4,4440.0,3288.1,4037.7,87,1,4037.4,2,1,4037.1,5,1,4037.0,435,4,4036.8,20,1,4038.5,36,4,4038.6,20,1,4038.7,25,1,4038.8,4,1,4038.9,32,2
11483,2026-07-02 14:39:11+05:30,4037.7,1,4034.53,1886225,174462.0,169965.0,4100.0,4110.0,4012.0,4092.6,25841025,4501.8,3683.4,4440.0,3288.1,4037.7,87,1,4037.4,2,1,4037.1,5,1,4037.0,435,4,4036.8,20,1,4038.5,36,4,4038.6,20,1,4038.7,25,1,4038.8,4,1,4038.9,32,2
11483,2026-07-02 14:39:11+05:30,4037.7,1,4034.53,1886226,174478.0,169966.0,4100.0,4110.0,4012.0,4092.6,25841025,4501.8,3683.4,4440.0,3288.1,4037.7,86,1,4037.4,2,1,4037.1,5,1,4037.0,435,4,4036.8,20,1,4038.5,36,4,4038.6,20,1,4038.7,25,1,4038.8,4,1,4038.9,32,2
11483,2026-07-02 14:39:12+05:30,4037.7,1,4034.53,1886226,174460.0,170187.0,4100.0,4110.0,4012.0,4092.6,25841025,4501.8,3683.4,4440.0,3288.1,4037.7,86,1,4037.4,2,1,4037.1,5,1,4037.0,435,4,4036.7,53,2,4038.5,36,4,4038.6,20,1,4038.7,25,1,4038.8,4,1,4038.9,56,3
11483,2026-07-02 14:39:13+05:30,4037.7,1,4034.53,1886226,174428.0,171038.0,4100.0,4110.0,4012.0,4092.6,25841025,4501.8,3683.4,4440.0,3288.1,4037.7,86,1,4037.1,5,1,4037.0,397,3,4036.7,53,2,4036.5,39,4,4038.0,90,4,4038.4,11,1,4038.5,60,5,4038.6,20,1,4038.7,41,2
11483,2026-07-02 14:39:14+05:30,4037.7,1,4034.53,1886226,174414.0,171085.0,4100.0,4110.0,4012.0,4092.6,25841025,4501.8,3683.4,4440.0,3288.1,4037.7,86,1,4037.1,5,1,4037.0,397,3,4036.7,53,2,4036.5,39,4,4038.0,92,5,4038.2,24,1,4038.4,11,1,4038.5,34,3,4038.6,44,2
11483,2026-07-02 14:39:15+05:30,4038.0,1,4034.53,1886226,174414.0,171085.0,4100.0,4110.0,4012.0,4092.6,25841025,4501.8,3683.4,4440.0,3288.1,4037.7,86,1,4037.1,5,1,4037.0,397,3,4036.7,53,2,4036.5,39,4,4038.0,92,5,4038.2,24,1,4038.4,11,1,4038.5,34,3,4038.6,44,2
11483,2026-07-02 14:39:15+05:30,4038.0,1,4034.53,1886320,174293.0,170301.0,4100.0,4110.0,4012.0,4092.6,25841025,4501.8,3683.4,4440.0,3288.1,4038.0,243,1,4037.7,86,1,4037.1,51,2,4037.0,16,2,4036.8,6,1,4038.2,14,1,4038.5,71,5,4038.6,44,2,4038.7,41,2,4038.8,17,2
11483,2026-07-02 14:39:16+05:30,4038.5,3,4034.53,1886320,174293.0,170301.0,4100.0,4110.0,4012.0,4092.6,25841025,4501.8,3683.4,4440.0,3288.1,4038.0,243,1,4037.7,86,1,4037.1,51,2,4037.0,16,2,4036.8,6,1,4038.2,14,1,4038.5,71,5,4038.6,44,2,4038.7,41,2,4038.8,17,2
11483,2026-07-02 14:39:16+05:30,4038.0,16,4034.53,1886366,174475.0,170077.0,4100.0,4110.0,4012.0,4092.6,25841025,4501.8,3683.4,4440.0,3288.1,4038.0,216,1,4037.7,86,1,4037.2,5,1,4037.1,57,3,4037.0,16,2,4038.5,73,5,4038.7,25,1,4038.8,4,1,4039.0,37,5,4039.1,25,2
11483,2026-07-02 14:39:17+05:30,4038.5,72,4034.53,1886366,174475.0,170077.0,4100.0,4110.0,4012.0,4092.6,25841025,4501.8,3683.4,4440.0,3288.1,4038.0,216,1,4037.7,86,1,4037.2,5,1,4037.1,57,3,4037.0,16,2,4038.5,73,5,4038.7,25,1,4038.8,4,1,4039.0,37,5,4039.1,25,2
11483,2026-07-02 14:39:17+05:30,4038.5,72,4034.53,1886536,174897.0,169485.0,4100.0,4110.0,4012.0,4092.6,25841025,4501.8,3683.4,4440.0,3288.1,4038.2,41,4,4038.1,6,1,4038.0,225,2,4037.9,36,2,4037.8,82,3,4038.7,25,1,4038.8,4,1,4039.0,37,5,4039.1,2,1,4039.5,25,3
11483,2026-07-02 14:39:18+05:30,4039.1,2,4034.53,1886536,174897.0,169485.0,4100.0,4110.0,4012.0,4092.6,25841025,4501.8,3683.4,4440.0,3288.1,4038.2,41,4,4038.1,6,1,4038.0,225,2,4037.9,36,2,4037.8,82,3,4038.7,25,1,4038.8,4,1,4039.0,37,5,4039.1,2,1,4039.5,25,3
11483,2026-07-02 14:39:18+05:30,4039.1,2,4034.53,1886634,176410.0,168735.0,4100.0,4110.0,4012.0,4092.6,25841025,4501.8,3683.4,4440.0,3288.1,4038.7,16,2,4038.5,5,1,4038.4,11,1,4038.3,39,3,4038.2,8,2,4039.5,12,2,4039.6,21,2,4039.8,27,2,4039.9,96,3,4040.0,1811,27
11483,2026-07-02 14:39:19+05:30,4039.5,1,4034.53,1886634,176410.0,168735.0,4100.0,4110.0,4012.0,4092.6,25841025,4501.8,3683.4,4440.0,3288.1,4038.7,16,2,4038.5,5,1,4038.4,11,1,4038.3,39,3,4038.2,8,2,4039.5,12,2,4039.6,21,2,4039.8,27,2,4039.9,96,3,4040.0,1811,27
11483,2026-07-02 14:39:19+05:30,4038.8,50,4034.53,1886697,176557.0,168742.0,4100.0,4110.0,4012.0,4092.6,25841025,4501.8,3683.4,4440.0,3288.1,4038.6,28,3,4038.5,17,2,4038.3,86,5,4038.2,36,3,4038.0,282,3,4039.5,11,2,4039.6,21,2,4039.8,27,2,4039.9,96,3,4040.0,1811,27
11483,2026-07-02 14:39:20+05:30,4038.6,8,4034.53,1886697,176557.0,168742.0,4100.0,4110.0,4012.0,4092.6,25841025,4501.8,3683.4,4440.0,3288.1,4038.6,28,3,4038.5,17,2,4038.3,86,5,4038.2,36,3,4038.0,282,3,4039.5,11,2,4039.6,21,2,4039.8,27,2,4039.9,96,3,4040.0,1811,27
11483,2026-07-02 14:39:21+05:30,4038.9,4,4034.53,1886725,176686.0,168560.0,4100.0,4110.0,4012.0,4092.6,25841025,4501.8,3683.4,4440.0,3288.1,4038.8,20,5,4038.7,46,3,4038.6,31,2,4038.5,27,2,4038.3,61,4,4039.5,1,1,4039.6,21,2,4039.8,27,2,4039.9,96,3,4040.0,1802,26
11483,2026-07-02 14:39:21+05:30,4038.8,3,4034.53,1886725,176686.0,168560.0,4100.0,4110.0,4012.0,4092.6,25841025,4501.8,3683.4,4440.0,3288.1,4038.8,20,5,4038.7,46,3,4038.6,31,2,4038.5,27,2,4038.3,61,4,4039.5,1,1,4039.6,21,2,4039.8,27,2,4039.9,96,3,4040.0,1802,26
11483,2026-07-02 14:39:22+05:30,4038.8,3,4034.53,1886728,176743.0,168498.0,4100.0,4110.0,4012.0,4092.6,25841025,4501.8,3683.4,4440.0,3288.1,4038.8,11,3,4038.7,28,2,4038.6,31,2,4038.5,27,2,4038.4,24,1,4039.5,12,2,4039.6,21,2,4039.8,27,2,4039.9,96,3,4040.0,1702,25
11483,2026-07-02 14:39:22+05:30,4038.8,1,4034.53,1886728,176743.0,168498.0,4100.0,4110.0,4012.0,4092.6,25841025,4501.8,3683.4,4440.0,3288.1,4038.8,11,3,4038.7,28,2,4038.6,31,2,4038.5,27,2,4038.4,24,1,4039.5,12,2,4039.6,21,2,4039.8,27,2,4039.9,96,3,4040.0,1702,25
11483,2026-07-02 14:39:23+05:30,4041.1,1,4034.54,1890253,178066.0,162490.0,4100.0,4110.0,4012.0,4092.6,25841025,4501.8,3683.4,4440.0,3288.1,4040.6,50,5,4040.5,63,4,4040.4,49,3,4040.3,22,2,4040.2,12,2,4041.5,1,1,4041.9,13,1,4042.0,425,14,4042.1,2,2,4042.2,13,1
11483,2026-07-02 14:39:23+05:30,4041.5,1,4034.54,1890253,178066.0,162490.0,4100.0,4110.0,4012.0,4092.6,25841025,4501.8,3683.4,4440.0,3288.1,4040.6,50,5,4040.5,63,4,4040.4,49,3,4040.3,22,2,4040.2,12,2,4041.5,1,1,4041.9,13,1,4042.0,425,14,4042.1,2,2,4042.2,13,1
11483,2026-07-02 14:39:24+05:30,4042.0,8,4034.54,1891274,178046.0,163080.0,4100.0,4110.0,4012.0,4092.6,25841025,4501.8,3683.4,4440.0,3288.1,4041.5,1,1,4040.7,27,1,4040.6,86,2,4040.5,112,4,4040.4,23,3,4042.0,38,2,4042.1,2,2,4042.5,12,1,4042.6,2,1,4042.7,78,3
11483,2026-07-02 14:39:24+05:30,4041.5,1,4034.54,1891274,178046.0,163080.0,4100.0,4110.0,4012.0,4092.6,25841025,4501.8,3683.4,4440.0,3288.1,4041.5,1,1,4040.7,27,1,4040.6,86,2,4040.5,112,4,4040.4,23,3,4042.0,38,2,4042.1,2,2,4042.5,12,1,4042.6,2,1,4042.7,78,3
11483,2026-07-02 14:39:25+05:30,4041.5,1,4034.54,1891275,178041.0,163543.0,4100.0,4110.0,4012.0,4092.6,25841025,4501.8,3683.4,4440.0,3288.1,4040.8,2,1,4040.6,57,2,4040.5,22,1,4040.4,13,2,4040.3,23,1,4041.5,13,2,4042.0,39,3,4042.1,2,2,4042.2,13,1,4042.5,12,1
11483,2026-07-02 14:39:26+05:30,4040.0,28,4034.55,1891786,177259.0,164306.0,4100.0,4110.0,4012.0,4092.6,25841025,4501.8,3683.4,4440.0,3288.1,4040.4,21,1,4040.3,41,3,4040.2,11,2,4040.1,13,1,4040.0,523,3,4041.5,14,3,4041.9,25,2,4042.0,38,2,4042.1,2,2,4042.2,57,2
11483,2026-07-02 14:39:26+05:30,4040.4,19,4034.55,1891786,177259.0,164306.0,4100.0,4110.0,4012.0,4092.6,25841025,4501.8,3683.4,4440.0,3288.1,4040.4,21,1,4040.3,41,3,4040.2,11,2,4040.1,13,1,4040.0,523,3,4041.5,14,3,4041.9,25,2,4042.0,38,2,4042.1,2,2,4042.2,57,2
11483,2026-07-02 14:39:27+05:30,4041.5,11,4034.55,1891858,177518.0,164511.0,4100.0,4110.0,4012.0,4092.6,25841025,4501.8,3683.4,4440.0,3288.1,4040.4,10,1,4040.3,44,4,4040.2,25,2,4040.1,62,2,4040.0,590,5,4041.5,3,3,4041.9,12,1,4042.0,38,2,4042.1,2,2,4042.2,57,2
11483,2026-07-02 14:39:27+05:30,4041.5,8,4034.55,1891858,177518.0,164511.0,4100.0,4110.0,4012.0,4092.6,25841025,4501.8,3683.4,4440.0,3288.1,4040.4,10,1,4040.3,44,4,4040.2,25,2,4040.1,62,2,4040.0,590,5,4041.5,3,3,4041.9,12,1,4042.0,38,2,4042.1,2,2,4042.2,57,2
11483,2026-07-02 14:39:28+05:30,4040.9,1,4034.55,1891935,177708.0,164613.0,4100.0,4110.0,4012.0,4092.6,25841025,4501.8,3683.4,4440.0,3288.1,4040.6,18,3,4040.5,13,2,4040.4,44,3,4040.3,46,2,4040.2,27,3,4041.5,5,1,4041.9,12,1,4042.0,38,2,4042.1,2,2,4042.2,24,2
11483,2026-07-02 14:39:28+05:30,4040.6,9,4034.55,1891935,177708.0,164613.0,4100.0,4110.0,4012.0,4092.6,25841025,4501.8,3683.4,4440.0,3288.1,4040.6,18,3,4040.5,13,2,4040.4,44,3,4040.3,46,2,4040.2,27,3,4041.5,5,1,4041.9,12,1,4042.0,38,2,4042.1,2,2,4042.2,24,2
11483,2026-07-02 14:39:29+05:30,4041.5,7,4034.55,1891952,177724.0,164625.0,4100.0,4110.0,4012.0,4092.6,25841025,4501.8,3683.4,4440.0,3288.1,4040.6,3,1,4040.5,13,2,4040.4,23,2,4040.3,46,2,4040.2,27,3,4041.5,13,1,4041.9,12,1,4042.0,49,3,4042.1,2,2,4042.2,13,1
11483,2026-07-02 14:39:29+05:30,4040.6,2,4034.55,1891952,177724.0,164625.0,4100.0,4110.0,4012.0,4092.6,25841025,4501.8,3683.4,4440.0,3288.1,4040.6,3,1,4040.5,13,2,4040.4,23,2,4040.3,46,2,4040.2,27,3,4041.5,13,1,4041.9,12,1,4042.0,49,3,4042.1,2,2,4042.2,13,1
11483,2026-07-02 14:39:30+05:30,4042.0,5,4034.55,1892183,179128.0,162924.0,4100.0,4110.0,4012.0,4092.6,25841025,4501.8,3683.4,4440.0,3288.1,4042.0,10,1,4041.9,37,3,4041.8,15,2,4041.7,34,3,4041.6,25,2,4042.6,2,1,4042.7,2,1,4042.9,13,3,4043.0,267,12,4043.1,21,2
11483,2026-07-02 14:39:30+05:30,4042.0,3,4034.55,1892183,179128.0,162924.0,4100.0,4110.0,4012.0,4092.6,25841025,4501.8,3683.4,4440.0,3288.1,4042.0,10,1,4041.9,37,3,4041.8,15,2,4041.7,34,3,4041.6,25,2,4042.6,2,1,4042.7,2,1,4042.9,13,3,4043.0,267,12,4043.1,21,2
11483,2026-07-02 14:39:31+05:30,4042.0,12,4034.55,1892211,178528.0,163013.0,4100.0,4110.0,4012.0,4092.6,25841025,4501.8,3683.4,4440.0,3288.1,4042.5,2,2,4042.4,5,1,4042.1,11,1,4042.0,4,1,4041.8,20,2,4042.6,2,1,4042.7,2,1,4042.9,13,3,4043.0,267,12,4043.1,8,1
11483,2026-07-02 14:39:31+05:30,4042.5,1,4034.55,1892211,178528.0,163013.0,4100.0,4110.0,4012.0,4092.6,25841025,4501.8,3683.4,4440.0,3288.1,4042.5,2,2,4042.4,5,1,4042.1,11,1,4042.0,4,1,4041.8,20,2,4042.6,2,1,4042.7,2,1,4042.9,13,3,4043.0,267,12,4043.1,8,1
11483,2026-07-02 14:39:32+05:30,4043.4,5,4034.55,1892516,175113.0,162910.0,4100.0,4110.0,4012.0,4092.6,25841025,4501.8,3683.4,4440.0,3288.1,4043.1,25,2,4043.0,10,1,4042.9,22,2,4042.8,26,2,4042.7,16,2,4043.8,54,3,4043.9,2,1,4044.0,632,17,4044.1,3,1,4044.3,13,1
11483,2026-07-02 14:39:32+05:30,4043.4,5,4034.55,1892516,175113.0,162910.0,4100.0,4110.0,4012.0,4092.6,25841025,4501.8,3683.4,4440.0,3288.1,4043.1,25,2,4043.0,10,1,4042.9,22,2,4042.8,26,2,4042.7,16,2,4043.8,54,3,4043.9,2,1,4044.0,632,17,4044.1,3,1,4044.3,13,1
11483,2026-07-02 14:39:32+05:30,4043.1,4,4034.55,1892516,175113.0,162910.0,4100.0,4110.0,4012.0,4092.6,25841025,4501.8,3683.4,4440.0,3288.1,4043.1,25,2,4043.0,10,1,4042.9,22,2,4042.8,26,2,4042.7,16,2,4043.8,54,3,4043.9,2,1,4044.0,632,17,4044.1,3,1,4044.3,13,1
11483,2026-07-02 14:39:32+05:30,4043.1,4,4034.55,1892516,175113.0,162910.0,4100.0,4110.0,4012.0,4092.6,25841025,4501.8,3683.4,4440.0,3288.1,4043.1,25,2,4043.0,10,1,4042.9,22,2,4042.8,26,2,4042.7,16,2,4043.8,54,3,4043.9,2,1,4044.0,632,17,4044.1,3,1,4044.3,13,1
11483,2026-07-02 14:39:33+05:30,4043.1,4,4034.55,1892601,174893.0,163693.0,4100.0,4110.0,4012.0,4092.6,25841025,4501.8,3683.4,4440.0,3288.1,4042.6,2,1,4042.5,16,3,4042.1,40,2,4042.0,11,2,4041.9,97,3,4043.1,4,1,4043.7,13,1,4043.8,55,4,4043.9,2,1,4044.0,681,19
11483,2026-07-02 14:39:33+05:30,4043.1,4,4034.55,1892601,174893.0,163693.0,4100.0,4110.0,4012.0,4092.6,25841025,4501.8,3683.4,4440.0,3288.1,4042.6,2,1,4042.5,16,3,4042.1,40,2,4042.0,11,2,4041.9,97,3,4043.1,4,1,4043.7,13,1,4043.8,55,4,4043.9,2,1,4044.0,681,19
11483,2026-07-02 14:39:33+05:30,4042.6,10,4034.55,1892601,174893.0,163693.0,4100.0,4110.0,4012.0,4092.6,25841025,4501.8,3683.4,4440.0,3288.1,4042.6,2,1,4042.5,16,3,4042.1,40,2,4042.0,11,2,4041.9,97,3,4043.1,4,1,4043.7,13,1,4043.8,55,4,4043.9,2,1,4044.0,681,19
11483,2026-07-02 14:39:33+05:30,4042.6,10,4034.55,1892601,174893.0,163693.0,4100.0,4110.0,4012.0,4092.6,25841025,4501.8,3683.4,4440.0,3288.1,4042.6,2,1,4042.5,16,3,4042.1,40,2,4042.0,11,2,4041.9,97,3,4043.1,4,1,4043.7,13,1,4043.8,55,4,4043.9,2,1,4044.0,681,19
11483,2026-07-02 14:39:34+05:30,4042.6,10,4034.55,1892611,174892.0,163804.0,4100.0,4110.0,4012.0,4092.6,25841025,4501.8,3683.4,4440.0,3288.1,4042.6,2,1,4042.5,16,3,4042.1,40,2,4042.0,35,3,4041.9,73,2,4043.1,4,1,4043.7,13,1,4043.8,55,4,4043.9,2,1,4044.0,705,20
11483,2026-07-02 14:39:34+05:30,4043.8,5,4034.55,1892611,174892.0,163804.0,4100.0,4110.0,4012.0,4092.6,25841025,4501.8,3683.4,4440.0,3288.1,4042.6,2,1,4042.5,16,3,4042.1,40,2,4042.0,35,3,4041.9,73,2,4043.1,4,1,4043.7,13,1,4043.8,55,4,4043.9,2,1,4044.0,705,20
11483,2026-07-02 14:39:34+05:30,4043.8,5,4034.55,1892611,174892.0,163804.0,4100.0,4110.0,4012.0,4092.6,25841025,4501.8,3683.4,4440.0,3288.1,4042.6,2,1,4042.5,16,3,4042.1,40,2,4042.0,35,3,4041.9,73,2,4043.1,4,1,4043.7,13,1,4043.8,55,4,4043.9,2,1,4044.0,705,20
11483,2026-07-02 14:39:35+05:30,4043.1,1,4034.55,1892694,174916.0,163389.0,4100.0,4110.0,4012.0,4092.6,25841025,4501.8,3683.4,4440.0,3288.1,4043.1,12,1,4042.6,26,2,4042.5,40,3,4042.2,7,1,4042.1,40,2,4044.0,616,15,4044.1,3,1,4044.2,3,1,4044.3,32,2,4044.4,101,2
11483,2026-07-02 14:39:35+05:30,4044.0,7,4034.55,1892694,174916.0,163389.0,4100.0,4110.0,4012.0,4092.6,25841025,4501.8,3683.4,4440.0,3288.1,4043.1,12,1,4042.6,26,2,4042.5,40,3,4042.2,7,1,4042.1,40,2,4044.0,616,15,4044.1,3,1,4044.2,3,1,4044.3,32,2,4044.4,101,2
11483,2026-07-02 14:39:35+05:30,4044.0,7,4034.55,1892694,174916.0,163389.0,4100.0,4110.0,4012.0,4092.6,25841025,4501.8,3683.4,4440.0,3288.1,4043.1,12,1,4042.6,26,2,4042.5,40,3,4042.2,7,1,4042.1,40,2,4044.0,616,15,4044.1,3,1,4044.2,3,1,4044.3,32,2,4044.4,101,2
11483,2026-07-02 14:39:36+05:30,4043.1,1,4034.55,1892753,174774.0,163617.0,4100.0,4110.0,4012.0,4092.6,25841025,4501.8,3683.4,4440.0,3288.1,4043.1,16,1,4042.6,2,1,4042.5,2,2,4042.4,49,1,4042.3,101,3,4043.9,28,4,4044.0,587,11,4044.1,19,2,4044.2,18,1,4044.3,56,3
11483,2026-07-02 14:39:36+05:30,4043.1,1,4034.55,1892753,174774.0,163617.0,4100.0,4110.0,4012.0,4092.6,25841025,4501.8,3683.4,4440.0,3288.1,4043.1,16,1,4042.6,2,1,4042.5,2,2,4042.4,49,1,4042.3,101,3,4043.9,28,4,4044.0,587,11,4044.1,19,2,4044.2,18,1,4044.3,56,3
11483,2026-07-02 14:39:36+05:30,4043.1,7,4034.55,1892753,174774.0,163617.0,4100.0,4110.0,4012.0,4092.6,25841025,4501.8,3683.4,4440.0,3288.1,4043.1,16,1,4042.6,2,1,4042.5,2,2,4042.4,49,1,4042.3,101,3,4043.9,28,4,4044.0,587,11,4044.1,19,2,4044.2,18,1,4044.3,56,3
11483,2026-07-02 14:39:36+05:30,4043.1,7,4034.55,1892753,174774.0,163617.0,4100.0,4110.0,4012.0,4092.6,25835600,4501.8,3683.4,4440.0,3288.1,4043.1,16,1,4042.6,2,1,4042.5,2,2,4042.4,49,1,4042.3,101,3,4043.9,28,4,4044.0,587,11,4044.1,19,2,4044.2,18,1,4044.3,56,3
11483,2026-07-02 14:39:36+05:30,4043.1,7,4034.55,1892760,174401.0,163636.0,4100.0,4110.0,4012.0,4092.6,25835600,4501.8,3683.4,4440.0,3288.1,4043.1,9,1,4042.6,2,1,4042.5,2,2,4042.3,46,1,4042.2,5,1,4043.8,26,2,4043.9,3,1,4044.0,584,10,4044.1,19,2,4044.2,18,1
11483,2026-07-02 14:39:37+05:30,4043.1,7,4034.55,1892760,174401.0,163636.0,4100.0,4110.0,4012.0,4092.6,25835600,4501.8,3683.4,4440.0,3288.1,4043.1,9,1,4042.6,2,1,4042.5,2,2,4042.3,46,1,4042.2,5,1,4043.8,26,2,4043.9,3,1,4044.0,584,10,4044.1,19,2,4044.2,18,1
11483,2026-07-02 14:39:37+05:30,4043.1,1,4034.55,1892760,174401.0,163636.0,4100.0,4110.0,4012.0,4092.6,25835600,4501.8,3683.4,4440.0,3288.1,4043.1,9,1,4042.6,2,1,4042.5,2,2,4042.3,46,1,4042.2,5,1,4043.8,26,2,4043.9,3,1,4044.0,584,10,4044.1,19,2,4044.2,18,1
11483,2026-07-02 14:39:37+05:30,4043.1,1,4034.55,1892760,174401.0,163636.0,4100.0,4110.0,4012.0,4092.6,25835600,4501.8,3683.4,4440.0,3288.1,4043.1,9,1,4042.6,2,1,4042.5,2,2,4042.3,46,1,4042.2,5,1,4043.8,26,2,4043.9,3,1,4044.0,584,10,4044.1,19,2,4044.2,18,1
11483,2026-07-02 14:39:38+05:30,4044.0,6,4034.55,1892827,174435.0,163654.0,4100.0,4110.0,4012.0,4092.6,25835600,4501.8,3683.4,4440.0,3288.1,4043.1,10,2,4042.6,2,1,4042.5,2,2,4042.3,46,1,4042.2,5,1,4044.0,538,7,4044.1,3,1,4044.2,12,1,4044.3,56,3,4044.4,122,3
11483,2026-07-02 14:39:38+05:30,4044.0,6,4034.55,1892827,174435.0,163654.0,4100.0,4110.0,4012.0,4092.6,25835600,4501.8,3683.4,4440.0,3288.1,4043.1,10,2,4042.6,2,1,4042.5,2,2,4042.3,46,1,4042.2,5,1,4044.0,538,7,4044.1,3,1,4044.2,12,1,4044.3,56,3,4044.4,122,3
11483,2026-07-02 14:39:38+05:30,4043.1,10,4034.55,1892827,174435.0,163654.0,4100.0,4110.0,4012.0,4092.6,25835600,4501.8,3683.4,4440.0,3288.1,4043.1,10,2,4042.6,2,1,4042.5,2,2,4042.3,46,1,4042.2,5,1,4044.0,538,7,4044.1,3,1,4044.2,12,1,4044.3,56,3,4044.4,122,3
11483,2026-07-02 14:39:38+05:30,4043.1,10,4034.55,1892827,174435.0,163654.0,4100.0,4110.0,4012.0,4092.6,25835600,4501.8,3683.4,4440.0,3288.1,4043.1,10,2,4042.6,2,1,4042.5,2,2,4042.3,46,1,4042.2,5,1,4044.0,538,7,4044.1,3,1,4044.2,12,1,4044.3,56,3,4044.4,122,3
11483,2026-07-02 14:39:39+05:30,4044.0,1,4034.55,1892872,174389.0,163572.0,4100.0,4110.0,4012.0,4092.6,25835600,4501.8,3683.4,4440.0,3288.1,4043.1,48,3,4042.7,5,1,4042.6,2,1,4042.5,2,2,4042.3,60,2,4044.0,578,11,4044.1,3,1,4044.2,24,2,4044.3,69,4,4044.4,22,2
11483,2026-07-02 14:39:39+05:30,4044.0,136,4034.55,1892872,174389.0,163572.0,4100.0,4110.0,4012.0,4092.6,25835600,4501.8,3683.4,4440.0,3288.1,4043.1,48,3,4042.7,5,1,4042.6,2,1,4042.5,2,2,4042.3,60,2,4044.0,578,11,4044.1,3,1,4044.2,24,2,4044.3,69,4,4044.4,22,2
11483,2026-07-02 14:39:40+05:30,4042.3,14,4034.55,1893422,174049.0,163604.0,4100.0,4110.0,4012.0,4092.6,25835600,4501.8,3683.4,4440.0,3288.1,4042.3,48,2,4042.2,7,2,4042.1,9,2,4042.0,34,3,4041.9,23,1,4044.0,224,11,4044.1,21,3,4044.2,39,3,4044.3,69,4,4044.4,50,3
11483,2026-07-02 14:39:40+05:30,4042.3,18,4034.55,1893422,174049.0,163604.0,4100.0,4110.0,4012.0,4092.6,25835600,4501.8,3683.4,4440.0,3288.1,4042.3,48,2,4042.2,7,2,4042.1,9,2,4042.0,34,3,4041.9,23,1,4044.0,224,11,4044.1,21,3,4044.2,39,3,4044.3,69,4,4044.4,50,3
11483,2026-07-02 14:39:41+05:30,4043.7,10,4034.55,1893500,173608.0,163594.0,4100.0,4110.0,4012.0,4092.6,25835600,4501.8,3683.4,4440.0,3288.1,4042.5,16,2,4042.4,86,4,4042.3,52,4,4042.2,2,1,4042.1,8,1,4043.9,23,1,4044.0,162,8,4044.1,13,2,4044.2,12,1,4044.3,52,4
11483,2026-07-02 14:39:41+05:30,4044.0,21,4034.55,1893500,173608.0,163594.0,4100.0,4110.0,4012.0,4092.6,25835600,4501.8,3683.4,4440.0,3288.1,4042.5,16,2,4042.4,86,4,4042.3,52,4,4042.2,2,1,4042.1,8,1,4043.9,23,1,4044.0,162,8,4044.1,13,2,4044.2,12,1,4044.3,52,4
11483,2026-07-02 14:39:42+05:30,4044.0,21,4034.55,1893554,173706.0,163660.0,4100.0,4110.0,4012.0,4092.6,25835600,4501.8,3683.4,4440.0,3288.1,4042.5,6,1,4042.4,59,2,4042.3,43,3,4042.2,2,1,4042.1,8,1,4044.0,163,9,4044.1,13,2,4044.2,12,1,4044.3,52,4,4044.4,1,1
11483,2026-07-02 14:39:42+05:30,4043.7,1,4034.55,1893554,173706.0,163660.0,4100.0,4110.0,4012.0,4092.6,25835600,4501.8,3683.4,4440.0,3288.1,4042.5,6,1,4042.4,59,2,4042.3,43,3,4042.2,2,1,4042.1,8,1,4044.0,163,9,4044.1,13,2,4044.2,12,1,4044.3,52,4,4044.4,1,1
11483,2026-07-02 14:39:43+05:30,4043.7,1,4034.55,1893562,179223.0,164420.0,4100.0,4110.0,4012.0,4092.6,25835600,4501.8,3683.4,4440.0,3288.1,4042.3,10,1,4042.2,17,3,4042.0,33,2,4041.8,29,1,4041.7,24,2,4043.0,150,1,4043.8,23,1,4043.9,165,5,4044.0,355,14,4044.1,13,2
11483,2026-07-02 14:39:43+05:30,4042.3,1,4034.55,1893562,179223.0,164420.0,4100.0,4110.0,4012.0,4092.6,25835600,4501.8,3683.4,4440.0,3288.1,4042.3,10,1,4042.2,17,3,4042.0,33,2,4041.8,29,1,4041.7,24,2,4043.0,150,1,4043.8,23,1,4043.9,165,5,4044.0,355,14,4044.1,13,2
11483,2026-07-02 14:39:44+05:30,4042.3,1,4034.55,1893563,178959.0,165378.0,4100.0,4110.0,4012.0,4092.6,25835600,4501.8,3683.4,4440.0,3288.1,4042.2,7,2,4042.0,33,2,4041.7,24,2,4041.6,120,4,4041.5,147,5,4043.0,152,2,4043.3,23,1,4043.4,13,1,4043.7,35,2,4043.8,49,2
11483,2026-07-02 14:39:44+05:30,4042.3,1,4034.55,1893563,178727.0,165653.0,4100.0,4110.0,4012.0,4092.6,25835600,4501.8,3683.4,4440.0,3288.1,4042.2,2,1,4042.0,11,1,4041.7,21,1,4041.6,75,3,4041.5,107,3,4042.5,4,1,4043.0,152,2,4043.3,23,1,4043.4,13,1,4043.7,38,3
11483,2026-07-02 14:39:45+05:30,4042.5,1,4034.55,1893563,178727.0,165653.0,4100.0,4110.0,4012.0,4092.6,25835600,4501.8,3683.4,4440.0,3288.1,4042.2,2,1,4042.0,11,1,4041.7,21,1,4041.6,75,3,4041.5,107,3,4042.5,4,1,4043.0,152,2,4043.3,23,1,4043.4,13,1,4043.7,38,3
11483,2026-07-02 14:39:45+05:30,4043.0,4,4034.55,1893574,178855.0,165719.0,4100.0,4110.0,4012.0,4092.6,25835600,4501.8,3683.4,4440.0,3288.1,4042.2,2,1,4042.0,11,1,4041.7,21,1,4041.6,75,3,4041.5,109,4,4043.0,147,2,4043.3,38,2,4043.4,13,1,4043.7,49,3,4043.8,35,1
11483,2026-07-02 14:39:46+05:30,4043.0,11,4034.55,1893574,178855.0,165719.0,4100.0,4110.0,4012.0,4092.6,25835600,4501.8,3683.4,4440.0,3288.1,4042.2,2,1,4042.0,11,1,4041.7,21,1,4041.6,75,3,4041.5,109,4,4043.0,147,2,4043.3,38,2,4043.4,13,1,4043.7,49,3,4043.8,35,1
11483,2026-07-02 14:39:46+05:30,4043.0,11,4034.55,1893593,179031.0,165720.0,4100.0,4110.0,4012.0,4092.6,25835600,4501.8,3683.4,4440.0,3288.1,4042.2,1,1,4042.0,11,1,4041.8,7,1,4041.7,21,1,4041.6,75,3,4043.0,164,4,4043.3,15,1,4043.4,36,2,4043.7,35,2,4043.8,52,3
11483,2026-07-02 14:39:47+05:30,4042.2,3,4034.55,1893593,179031.0,165720.0,4100.0,4110.0,4012.0,4092.6,25835600,4501.8,3683.4,4440.0,3288.1,4042.2,1,1,4042.0,11,1,4041.8,7,1,4041.7,21,1,4041.6,75,3,4043.0,164,4,4043.3,15,1,4043.4,36,2,4043.7,35,2,4043.8,52,3
11483,2026-07-02 14:39:47+05:30,4042.2,3,4034.55,1893596,178957.0,165784.0,4100.0,4110.0,4012.0,4092.6,25835600,4501.8,3683.4,4440.0,3288.1,4042.0,11,1,4041.7,21,1,4041.6,70,2,4041.5,145,4,4041.3,29,1,4043.0,187,5,4043.2,16,1,4043.3,15,1,4043.4,55,3,4043.5,20,1
11483,2026-07-02 14:39:48+05:30,4043.0,2,4034.55,1893598,179030.0,165665.0,4100.0,4110.0,4012.0,4092.6,25835600,4501.8,3683.4,4440.0,3288.1,4042.5,6,1,4042.0,11,1,4041.7,23,2,4041.6,70,2,4041.5,107,3,4042.7,11,1,4043.0,139,3,4043.3,15,1,4043.4,55,3,4043.5,20,1
11483,2026-07-02 14:39:49+05:30,4041.7,3,4034.55,1893598,179030.0,165665.0,4100.0,4110.0,4012.0,4092.6,25835600,4501.8,3683.4,4440.0,3288.1,4042.5,6,1,4042.0,11,1,4041.7,23,2,4041.6,70,2,4041.5,107,3,4042.7,11,1,4043.0,139,3,4043.3,15,1,4043.4,55,3,4043.5,20,1
11483,2026-07-02 14:39:50+05:30,4041.7,3,4034.55,1893618,178693.0,165762.0,4100.0,4110.0,4012.0,4092.6,25835600,4501.8,3683.4,4440.0,3288.1,4041.7,26,3,4041.6,70,2,4041.5,107,3,4041.4,2,1,4041.3,29,1,4042.7,11,1,4043.0,162,4,4043.3,15,1,4043.4,36,2,4043.5,20,1
11483,2026-07-02 14:39:50+05:30,4042.7,3,4034.55,1893618,178693.0,165762.0,4100.0,4110.0,4012.0,4092.6,25835600,4501.8,3683.4,4440.0,3288.1,4041.7,26,3,4041.6,70,2,4041.5,107,3,4041.4,2,1,4041.3,29,1,4042.7,11,1,4043.0,162,4,4043.3,15,1,4043.4,36,2,4043.5,20,1
11483,2026-07-02 14:39:51+05:30,4042.7,3,4034.55,1893624,179092.0,165840.0,4100.0,4110.0,4012.0,4092.6,25835600,4501.8,3683.4,4440.0,3288.1,4042.3,11,1,4041.7,23,3,4041.6,119,3,4041.5,107,3,4041.4,2,1,4042.7,10,2,4043.0,137,2,4043.3,38,2,4043.4,13,1,4043.5,20,1
11483,2026-07-02 14:39:51+05:30,4042.7,5,4034.55,1893624,179092.0,165840.0,4100.0,4110.0,4012.0,4092.6,25835600,4501.8,3683.4,4440.0,3288.1,4042.3,11,1,4041.7,23,3,4041.6,119,3,4041.5,107,3,4041.4,2,1,4042.7,10,2,4043.0,137,2,4043.3,38,2,4043.4,13,1,4043.5,20,1
11483,2026-07-02 14:39:52+05:30,4042.3,1,4034.55,1893650,178946.0,166061.0,4100.0,4110.0,4012.0,4092.6,25835600,4501.8,3683.4,4440.0,3288.1,4042.3,10,1,4042.0,2,1,4041.7,23,3,4041.6,119,3,4041.5,107,3,4042.7,11,1,4043.0,350,4,4043.3,38,2,4043.4,13,1,4043.5,20,1
11483,2026-07-02 14:39:52+05:30,4042.3,3,4034.55,1893650,178946.0,166061.0,4100.0,4110.0,4012.0,4092.6,25835600,4501.8,3683.4,4440.0,3288.1,4042.3,10,1,4042.0,2,1,4041.7,23,3,4041.6,119,3,4041.5,107,3,4042.7,11,1,4043.0,350,4,4043.3,38,2,4043.4,13,1,4043.5,20,1
11483,2026-07-02 14:39:53+05:30,4042.3,3,4034.55,1893653,179075.0,166002.0,4100.0,4110.0,4012.0,4092.6,25835600,4501.8,3683.4,4440.0,3288.1,4042.3,7,1,4042.0,2,1,4041.7,23,3,4041.6,119,3,4041.5,107,3,4042.7,25,2,4043.0,338,3,4043.3,38,2,4043.4,13,1,4043.5,20,1
11483,2026-07-02 14:39:54+05:30,4042.7,2,4034.55,1893655,178841.0,165955.0,4100.0,4110.0,4012.0,4092.6,25835600,4501.8,3683.4,4440.0,3288.1,4042.3,7,1,4042.0,2,1,4041.7,8,2,4041.5,75,2,4041.3,10,2,4042.7,11,2,4043.0,353,4,4043.1,13,1,4043.2,14,1,4043.3,38,2
11483,2026-07-02 14:39:54+05:30,4041.7,10,4034.55,1893655,178841.0,165955.0,4100.0,4110.0,4012.0,4092.6,25835600,4501.8,3683.4,4440.0,3288.1,4042.3,7,1,4042.0,2,1,4041.7,8,2,4041.5,75,2,4041.3,10,2,4042.7,11,2,4043.0,353,4,4043.1,13,1,4043.2,14,1,4043.3,38,2
11483,2026-07-02 14:39:55+05:30,4041.7,10,4034.55,1893682,178747.0,166153.0,4100.0,4110.0,4012.0,4092.6,25835600,4501.8,3683.4,4440.0,3288.1,4041.7,12,2,4041.5,75,2,4041.3,10,2,4041.2,130,4,4041.1,55,3,4042.7,11,2,4042.9,23,1,4043.0,353,4,4043.1,13,1,4043.2,14,1
11483,2026-07-02 14:39:55+05:30,4043.0,14,4034.55,1893682,178747.0,166153.0,4100.0,4110.0,4012.0,4092.6,25835600,4501.8,3683.4,4440.0,3288.1,4041.7,12,2,4041.5,75,2,4041.3,10,2,4041.2,130,4,4041.1,55,3,4042.7,11,2,4042.9,23,1,4043.0,353,4,4043.1,13,1,4043.2,14,1
11483,2026-07-02 14:39:56+05:30,4043.0,1,4034.56,1894399,180263.0,164287.0,4100.0,4110.0,4012.0,4092.6,25835600,4501.8,3683.4,4440.0,3288.1,4043.0,936,2,4041.8,90,3,4041.7,60,3,4041.6,183,2,4041.5,25,1,4043.3,15,1,4043.4,46,2,4043.5,8,1,4043.7,39,3,4043.9,139,3
11483,2026-07-02 14:39:56+05:30,4043.0,86,4034.56,1894399,180263.0,164287.0,4100.0,4110.0,4012.0,4092.6,25835600,4501.8,3683.4,4440.0,3288.1,4043.0,936,2,4041.8,90,3,4041.7,60,3,4041.6,183,2,4041.5,25,1,4043.3,15,1,4043.4,46,2,4043.5,8,1,4043.7,39,3,4043.9,139,3
11483,2026-07-02 14:39:57+05:30,4043.0,2,4034.56,1894495,180242.0,164158.0,4100.0,4110.0,4012.0,4092.6,25835600,4501.8,3683.4,4440.0,3288.1,4043.0,841,2,4041.8,90,3,4041.7,60,3,4041.6,183,2,4041.5,25,1,4043.3,15,1,4043.4,46,2,4043.6,8,1,4043.7,39,3,4043.9,139,3
11483,2026-07-02 14:39:57+05:30,4043.0,12,4034.56,1894495,180242.0,164158.0,4100.0,4110.0,4012.0,4092.6,25835600,4501.8,3683.4,4440.0,3288.1,4043.0,841,2,4041.8,90,3,4041.7,60,3,4041.6,183,2,4041.5,25,1,4043.3,15,1,4043.4,46,2,4043.6,8,1,4043.7,39,3,4043.9,139,3
11483,2026-07-02 14:39:58+05:30,4043.0,12,4034.56,1894507,180152.0,164332.0,4100.0,4110.0,4012.0,4092.6,25835600,4501.8,3683.4,4440.0,3288.1,4043.0,829,2,4041.8,90,3,4041.7,60,3,4041.6,183,2,4041.5,25,1,4043.3,15,1,4043.4,46,2,4043.6,8,1,4043.7,39,3,4043.9,152,4
11483,2026-07-02 14:39:58+05:30,4043.0,1,4034.56,1894507,180152.0,164332.0,4100.0,4110.0,4012.0,4092.6,25835600,4501.8,3683.4,4440.0,3288.1,4043.0,829,2,4041.8,90,3,4041.7,60,3,4041.6,183,2,4041.5,25,1,4043.3,15,1,4043.4,46,2,4043.6,8,1,4043.7,39,3,4043.9,152,4
11483,2026-07-02 14:39:59+05:30,4043.3,7,4034.56,1894516,180271.0,164312.0,4100.0,4110.0,4012.0,4092.6,25835600,4501.8,3683.4,4440.0,3288.1,4043.0,827,2,4042.7,100,1,4041.8,90,3,4041.7,60,3,4041.6,183,2,4043.3,8,1,4043.4,46,2,4043.6,8,1,4043.7,39,3,4043.9,152,4
11483,2026-07-02 14:39:59+05:30,4043.0,50,4034.56,1894516,180271.0,164312.0,4100.0,4110.0,4012.0,4092.6,25835600,4501.8,3683.4,4440.0,3288.1,4043.0,827,2,4042.7,100,1,4041.8,90,3,4041.7,60,3,4041.6,183,2,4043.3,8,1,4043.4,46,2,4043.6,8,1,4043.7,39,3,4043.9,152,4
11483,2026-07-02 14:40:00+05:30,4043.0,20,4034.56,1894587,180187.0,164423.0,4100.0,4110.0,4012.0,4092.6,25835600,4501.8,3683.4,4440.0,3288.1,4043.0,759,3,4042.7,100,1,4041.8,90,3,4041.7,48,2,4041.6,183,2,4043.3,8,1,4043.4,46,2,4043.6,8,1,4043.7,39,3,4043.9,152,4
11483,2026-07-02 14:40:00+05:30,4043.0,9,4034.56,1894587,180187.0,164423.0,4100.0,4110.0,4012.0,4092.6,25835600,4501.8,3683.4,4440.0,3288.1,4043.0,759,3,4042.7,100,1,4041.8,90,3,4041.7,48,2,4041.6,183,2,4043.3,8,1,4043.4,46,2,4043.6,8,1,4043.7,39,3,4043.9,152,4
11483,2026-07-02 14:40:01+05:30,4043.3,3,4034.56,1894647,180350.0,164446.0,4100.0,4110.0,4012.0,4092.6,25835600,4501.8,3683.4,4440.0,3288.1,4043.0,749,3,4042.7,100,1,4041.8,90,3,4041.7,54,3,4041.6,212,3,4043.3,1,1,4043.7,44,3,4043.9,152,4,4044.0,400,19,4044.1,20,2
11483,2026-07-02 14:40:01+05:30,4043.0,295,4034.56,1894647,180350.0,164446.0,4100.0,4110.0,4012.0,4092.6,25835600,4501.8,3683.4,4440.0,3288.1,4043.0,749,3,4042.7,100,1,4041.8,90,3,4041.7,54,3,4041.6,212,3,4043.3,1,1,4043.7,44,3,4043.9,152,4,4044.0,400,19,4044.1,20,2
11483,2026-07-02 14:40:02+05:30,4043.0,295,4034.56,1894949,179895.0,164532.0,4100.0,4110.0,4012.0,4092.6,25835600,4501.8,3683.4,4440.0,3288.1,4043.0,447,3,4042.7,100,1,4041.8,61,2,4041.7,77,3,4041.6,212,3,4043.3,1,1,4043.7,72,5,4043.8,38,3,4043.9,198,5,4044.0,400,19
11483,2026-07-02 14:40:02+05:30,4043.0,36,4034.56,1894949,179895.0,164532.0,4100.0,4110.0,4012.0,4092.6,25835600,4501.8,3683.4,4440.0,3288.1,4043.0,447,3,4042.7,100,1,4041.8,61,2,4041.7,77,3,4041.6,212,3,4043.3,1,1,4043.7,72,5,4043.8,38,3,4043.9,198,5,4044.0,400,19
11483,2026-07-02 14:40:03+05:30,4043.7,14,4034.56,1895000,180037.0,164431.0,4100.0,4110.0,4012.0,4092.6,25835600,4501.8,3683.4,4440.0,3288.1,4043.0,411,3,4042.7,100,1,4041.8,61,2,4041.7,77,3,4041.6,212,3,4043.7,41,4,4043.8,38,3,4043.9,152,4,4044.0,427,21,4044.1,20,2
11483,2026-07-02 14:40:03+05:30,4043.0,6,4034.56,1895000,180037.0,164431.0,4100.0,4110.0,4012.0,4092.6,25835600,4501.8,3683.4,4440.0,3288.1,4043.0,411,3,4042.7,100,1,4041.8,61,2,4041.7,77,3,4041.6,212,3,4043.7,41,4,4043.8,38,3,4043.9,152,4,4044.0,427,21,4044.1,20,2
11483,2026-07-02 14:40:04+05:30,4043.0,2,4034.56,1895208,179787.0,164537.0,4100.0,4110.0,4012.0,4092.6,25835600,4501.8,3683.4,4440.0,3288.1,4043.0,203,3,4042.7,100,1,4041.8,24,1,4041.7,31,2,4041.6,212,3,4043.6,50,4,4043.7,39,4,4043.8,38,3,4043.9,215,6,4044.0,415,20
11483,2026-07-02 14:40:04+05:30,4043.6,9,4034.56,1895208,179787.0,164537.0,4100.0,4110.0,4012.0,4092.6,25835600,4501.8,3683.4,4440.0,3288.1,4043.0,203,3,4042.7,100,1,4041.8,24,1,4041.7,31,2,4041.6,212,3,4043.6,50,4,4043.7,39,4,4043.8,38,3,4043.9,215,6,4044.0,415,20
11483,2026-07-02 14:40:05+05:30,4043.6,1,4034.56,1895292,179909.0,164487.0,4100.0,4110.0,4012.0,4092.6,25835600,4501.8,3683.4,4440.0,3288.1,4043.6,15,1,4043.0,178,3,4042.7,100,1,4041.8,53,2,4041.7,14,2,4043.7,60,6,4043.8,35,2,4043.9,169,5,4044.0,402,19,4044.1,20,2
11483,2026-07-02 14:40:05+05:30,4043.6,10,4034.56,1895292,179909.0,164487.0,4100.0,4110.0,4012.0,4092.6,25835600,4501.8,3683.4,4440.0,3288.1,4043.6,15,1,4043.0,178,3,4042.7,100,1,4041.8,53,2,4041.7,14,2,4043.7,60,6,4043.8,35,2,4043.9,169,5,4044.0,402,19,4044.1,20,2
11483,2026-07-02 14:40:06+05:30,4043.6,5,4034.56,1895401,179201.0,164560.0,4100.0,4110.0,4012.0,4092.6,25835600,4501.8,3683.4,4440.0,3288.1,4043.0,179,4,4042.7,100,1,4042.0,2,1,4041.8,24,1,4041.7,31,2,4043.6,65,6,4043.7,44,5,4043.8,35,2,4043.9,222,7,4044.0,434,19
11483,2026-07-02 14:40:06+05:30,4043.0,13,4034.56,1895401,179201.0,164560.0,4100.0,4110.0,4012.0,4092.6,25835600,4501.8,3683.4,4440.0,3288.1,4043.0,179,4,4042.7,100,1,4042.0,2,1,4041.8,24,1,4041.7,31,2,4043.6,65,6,4043.7,44,5,4043.8,35,2,4043.9,222,7,4044.0,434,19
11483,2026-07-02 14:40:07+05:30,4043.3,1,4034.56,1895401,179201.0,164560.0,4100.0,4110.0,4012.0,4092.6,25835600,4501.8,3683.4,4440.0,3288.1,4043.0,179,4,4042.7,100,1,4042.0,2,1,4041.8,24,1,4041.7,31,2,4043.6,65,6,4043.7,44,5,4043.8,35,2,4043.9,222,7,4044.0,434,19
11483,2026-07-02 14:40:07+05:30,4043.3,1,4034.56,1895569,179300.0,164667.0,4100.0,4110.0,4012.0,4092.6,25835600,4501.8,3683.4,4440.0,3288.1,4043.0,124,4,4042.0,2,1,4041.8,24,1,4041.7,4,2,4041.6,258,4,4043.3,32,4,4043.4,14,3,4043.5,26,3,4043.6,87,5,4043.7,54,5
11483,2026-07-02 14:40:08+05:30,4043.3,25,4034.56,1895569,179300.0,164667.0,4100.0,4110.0,4012.0,4092.6,25835600,4501.8,3683.4,4440.0,3288.1,4043.0,124,4,4042.0,2,1,4041.8,24,1,4041.7,4,2,4041.6,258,4,4043.3,32,4,4043.4,14,3,4043.5,26,3,4043.6,87,5,4043.7,54,5
11483,2026-07-02 14:40:08+05:30,4043.3,5,4034.56,1895706,179337.0,164889.0,4100.0,4110.0,4012.0,4092.6,25835600,4501.8,3683.4,4440.0,3288.1,4043.0,103,4,4042.0,2,1,4041.8,24,1,4041.7,4,2,4041.6,136,3,4043.3,43,4,4043.4,16,2,4043.5,19,3,4043.6,72,4,4043.7,52,3
11483,2026-07-02 14:40:09+05:30,4043.3,1,4034.56,1895706,179337.0,164889.0,4100.0,4110.0,4012.0,4092.6,25835600,4501.8,3683.4,4440.0,3288.1,4043.0,103,4,4042.0,2,1,4041.8,24,1,4041.7,4,2,4041.6,136,3,4043.3,43,4,4043.4,16,2,4043.5,19,3,4043.6,72,4,4043.7,52,3
11483,2026-07-02 14:40:09+05:30,4043.0,12,4034.56,1895768,179316.0,164956.0,4100.0,4110.0,4012.0,4092.6,25835600,4501.8,3683.4,4440.0,3288.1,4043.0,42,3,4042.0,2,1,4041.8,24,1,4041.7,2,1,4041.6,138,4,4043.2,47,5,4043.3,36,4,4043.4,46,4,4043.5,19,3,4043.6,72,4
11483,2026-07-02 14:40:10+05:30,4043.0,1,4034.56,1895768,179316.0,164956.0,4100.0,4110.0,4012.0,4092.6,25835600,4501.8,3683.4,4440.0,3288.1,4043.0,42,3,4042.0,2,1,4041.8,24,1,4041.7,2,1,4041.6,138,4,4043.2,47,5,4043.3,36,4,4043.4,46,4,4043.5,19,3,4043.6,72,4
11483,2026-07-02 14:40:10+05:30,4043.0,1,4034.56,1895790,179294.0,165555.0,4100.0,4110.0,4012.0,4092.6,25835600,4501.8,3683.4,4440.0,3288.1,4043.0,21,3,4042.0,2,1,4041.8,24,1,4041.7,2,1,4041.6,77,3,4043.2,27,2,4043.3,31,3,4043.4,22,3,4043.5,19,3,4043.6,72,4
11483,2026-07-02 14:40:11+05:30,4041.6,13,4034.56,1895790,179294.0,165555.0,4100.0,4110.0,4012.0,4092.6,25835600,4501.8,3683.4,4440.0,3288.1,4043.0,21,3,4042.0,2,1,4041.8,24,1,4041.7,2,1,4041.6,77,3,4043.2,27,2,4043.3,31,3,4043.4,22,3,4043.5,19,3,4043.6,72,4
11483,2026-07-02 14:40:11+05:30,4041.6,13,4034.56,1895854,178340.0,166090.0,4100.0,4110.0,4012.0,4092.6,25835600,4501.8,3683.4,4440.0,3288.1,4041.8,10,1,4041.6,44,3,4041.5,25,1,4041.4,38,1,4041.3,8,1,4043.2,42,4,4043.3,42,4,4043.4,49,1,4043.5,24,2,4043.6,83,4
11483,2026-07-02 14:40:12+05:30,4041.8,1,4034.56,1895854,178340.0,166090.0,4100.0,4110.0,4012.0,4092.6,25835600,4501.8,3683.4,4440.0,3288.1,4041.8,10,1,4041.6,44,3,4041.5,25,1,4041.4,38,1,4041.3,8,1,4043.2,42,4,4043.3,42,4,4043.4,49,1,4043.5,24,2,4043.6,83,4
11483,2026-07-02 14:40:12+05:30,4041.8,1,4034.56,1895933,178250.0,166012.0,4100.0,4110.0,4012.0,4092.6,25835600,4501.8,3683.4,4440.0,3288.1,4041.8,4,2,4041.7,30,2,4041.6,77,6,4041.5,33,2,4041.4,93,3,4043.2,13,1,4043.3,13,1,4043.4,33,2,4043.5,21,1,4043.6,110,5
11483,2026-07-02 14:40:13+05:30,4043.2,20,4034.56,1895933,178250.0,166012.0,4100.0,4110.0,4012.0,4092.6,25835600,4501.8,3683.4,4440.0,3288.1,4041.8,4,2,4041.7,30,2,4041.6,77,6,4041.5,33,2,4041.4,93,3,4043.2,13,1,4043.3,13,1,4043.4,33,2,4043.5,21,1,4043.6,110,5
11483,2026-07-02 14:40:13+05:30,4043.2,20,4034.56,1895973,177445.0,166269.0,4100.0,4110.0,4012.0,4092.6,25835600,4501.8,3683.4,4440.0,3288.1,4041.9,20,2,4041.8,27,3,4041.7,58,4,4041.6,58,3,4041.5,33,3,4043.2,13,1,4043.3,13,1,4043.4,13,1,4043.5,45,1,4043.6,196,5
11483,2026-07-02 14:40:14+05:30,4043.0,1,4034.56,1895973,177445.0,166269.0,4100.0,4110.0,4012.0,4092.6,25835600,4501.8,3683.4,4440.0,3288.1,4041.9,20,2,4041.8,27,3,4041.7,58,4,4041.6,58,3,4041.5,33,3,4043.2,13,1,4043.3,13,1,4043.4,13,1,4043.5,45,1,4043.6,196,5
11483,2026-07-02 14:40:14+05:30,4043.0,1,4034.56,1895978,177576.0,167103.0,4100.0,4110.0,4012.0,4092.6,25835600,4501.8,3683.4,4440.0,3288.1,4041.9,6,1,4041.8,18,2,4041.7,49,3,4041.6,34,2,4041.5,25,1,4043.0,12,1,4043.2,13,1,4043.3,6,1,4043.4,13,1,4043.5,120,2
11483,2026-07-02 14:40:15+05:30,4041.8,5,4034.56,1895978,177576.0,167103.0,4100.0,4110.0,4012.0,4092.6,25835600,4501.8,3683.4,4440.0,3288.1,4041.9,6,1,4041.8,18,2,4041.7,49,3,4041.6,34,2,4041.5,25,1,4043.0,12,1,4043.2,13,1,4043.3,6,1,4043.4,13,1,4043.5,120,2
11483,2026-07-02 14:40:15+05:30,4043.0,3,4034.56,1896003,177523.0,171345.0,4100.0,4110.0,4012.0,4092.6,25835600,4501.8,3683.4,4440.0,3288.1,4041.8,10,1,4041.7,49,3,4041.6,34,2,4041.5,25,1,4041.3,2,1,4043.0,18,2,4043.2,33,2,4043.3,48,3,4043.4,13,1,4043.5,120,2
11483,2026-07-02 14:40:16+05:30,4043.0,3,4034.56,1896003,177523.0,171345.0,4100.0,4110.0,4012.0,4092.6,25835600,4501.8,3683.4,4440.0,3288.1,4041.8,10,1,4041.7,49,3,4041.6,34,2,4041.5,25,1,4041.3,2,1,4043.0,18,2,4043.2,33,2,4043.3,48,3,4043.4,13,1,4043.5,120,2
11483,2026-07-02 14:40:16+05:30,4043.0,10,4034.56,1896121,177719.0,171379.0,4100.0,4110.0,4012.0,4092.6,25835600,4501.8,3683.4,4440.0,3288.1,4042.0,16,2,4041.8,38,3,4041.7,39,2,4041.6,34,2,4041.5,57,2,4043.0,40,3,4043.4,13,1,4043.5,120,2,4043.6,222,6,4043.7,101,4
11483,2026-07-02 14:40:17+05:30,4043.2,45,4034.56,1896121,177719.0,171379.0,4100.0,4110.0,4012.0,4092.6,25835600,4501.8,3683.4,4440.0,3288.1,4042.0,16,2,4041.8,38,3,4041.7,39,2,4041.6,34,2,4041.5,57,2,4043.0,40,3,4043.4,13,1,4043.5,120,2,4043.6,222,6,4043.7,101,4
11483,2026-07-02 14:40:17+05:30,4043.2,5,4034.57,1896273,177993.0,170999.0,4100.0,4110.0,4012.0,4092.6,25835600,4501.8,3683.4,4440.0,3288.1,4042.0,10,1,4041.9,35,4,4041.8,11,2,4041.7,117,4,4041.6,34,2,4043.0,2,1,4043.2,8,1,4043.4,13,1,4043.5,75,1,4043.6,222,6
11483,2026-07-02 14:40:18+05:30,4041.9,2,4034.57,1896273,177993.0,170999.0,4100.0,4110.0,4012.0,4092.6,25835600,4501.8,3683.4,4440.0,3288.1,4042.0,10,1,4041.9,35,4,4041.8,11,2,4041.7,117,4,4041.6,34,2,4043.0,2,1,4043.2,8,1,4043.4,13,1,4043.5,75,1,4043.6,222,6
11483,2026-07-02 14:40:18+05:30,4041.9,2,4034.57,1896401,177513.0,171006.0,4100.0,4110.0,4012.0,4092.6,25835600,4501.8,3683.4,4440.0,3288.1,4042.0,38,4,4041.9,27,2,4041.8,27,3,4041.7,25,2,4041.6,36,3,4043.0,12,1,4043.2,33,2,4043.4,13,1,4043.5,75,1,4043.6,195,5
11483,2026-07-02 14:40:19+05:30,4043.0,12,4034.57,1896401,177513.0,171006.0,4100.0,4110.0,4012.0,4092.6,25835600,4501.8,3683.4,4440.0,3288.1,4042.0,38,4,4041.9,27,2,4041.8,27,3,4041.7,25,2,4041.6,36,3,4043.0,12,1,4043.2,33,2,4043.4,13,1,4043.5,75,1,4043.6,195,5
11483,2026-07-02 14:40:19+05:30,4043.0,12,4034.57,1896429,177821.0,171223.0,4100.0,4110.0,4012.0,4092.6,25835600,4501.8,3683.4,4440.0,3288.1,4042.1,15,1,4042.0,38,4,4041.9,55,3,4041.8,60,3,4041.7,1,1,4043.0,12,1,4043.2,33,2,4043.4,13,1,4043.5,75,1,4043.6,166,4
11483,2026-07-02 14:40:20+05:30,4043.0,12,4034.57,1896429,177821.0,171223.0,4100.0,4110.0,4012.0,4092.6,25835600,4501.8,3683.4,4440.0,3288.1,4042.1,15,1,4042.0,38,4,4041.9,55,3,4041.8,60,3,4041.7,1,1,4043.0,12,1,4043.2,33,2,4043.4,13,1,4043.5,75,1,4043.6,166,4
11483,2026-07-02 14:40:20+05:30,4043.0,12,4034.57,1896468,173733.0,171004.0,4100.0,4110.0,4012.0,4092.6,25835600,4501.8,3683.4,4440.0,3288.1,4042.2,13,2,4042.1,31,2,4042.0,65,3,4041.9,83,3,4041.8,56,3,4043.0,24,2,4043.2,20,1,4043.4,13,1,4043.5,75,1,4043.6,166,4
11483,2026-07-02 14:40:21+05:30,4042.4,3,4034.57,1896468,173733.0,171004.0,4100.0,4110.0,4012.0,4092.6,25835600,4501.8,3683.4,4440.0,3288.1,4042.2,13,2,4042.1,31,2,4042.0,65,3,4041.9,83,3,4041.8,56,3,4043.0,24,2,4043.2,20,1,4043.4,13,1,4043.5,75,1,4043.6,166,4
11483,2026-07-02 14:40:21+05:30,4042.4,3,4034.57,1896512,173372.0,172430.0,4100.0,4110.0,4012.0,4092.6,25835600,4501.8,3683.4,4440.0,3288.1,4042.3,16,2,4042.2,11,1,4042.1,37,3,4042.0,21,1,4041.9,83,3,4043.0,12,1,4043.2,33,2,4043.5,75,1,4043.6,166,4,4043.7,33,2
11483,2026-07-02 14:40:22+05:30,4043.0,1,4034.57,1896512,173372.0,172430.0,4100.0,4110.0,4012.0,4092.6,25835600,4501.8,3683.4,4440.0,3288.1,4042.3,16,2,4042.2,11,1,4042.1,37,3,4042.0,21,1,4041.9,83,3,4043.0,12,1,4043.2,33,2,4043.5,75,1,4043.6,166,4,4043.7,33,2
11483,2026-07-02 14:40:22+05:30,4043.0,1,4034.57,1896618,179673.0,172915.0,4100.0,4110.0,4012.0,4092.6,25835600,4501.8,3683.4,4440.0,3288.1,4042.4,2,1,4042.3,8,1,4042.1,25,2,4042.0,21,1,4041.9,83,3,4043.0,1,1,4043.2,30,2,4043.5,75,1,4043.6,166,4,4043.7,33,2
11483,2026-07-02 14:40:23+05:30,4043.0,1,4034.57,1896618,179673.0,172915.0,4100.0,4110.0,4012.0,4092.6,25835600,4501.8,3683.4,4440.0,3288.1,4042.4,2,1,4042.3,8,1,4042.1,25,2,4042.0,21,1,4041.9,83,3,4043.0,1,1,4043.2,30,2,4043.5,75,1,4043.6,166,4,4043.7,33,2
11483,2026-07-02 14:40:23+05:30,4043.0,1,4034.57,1896653,179594.0,172940.0,4100.0,4110.0,4012.0,4092.6,25835600,4501.8,3683.4,4440.0,3288.1,4041.9,35,2,4041.8,26,1,4041.7,88,4,4041.6,71,4,4041.5,100,6,4043.0,13,2,4043.2,40,2,4043.4,45,2,4043.5,77,2,4043.6,188,5
11483,2026-07-02 14:40:24+05:30,4043.4,2,4034.57,1896653,179594.0,172940.0,4100.0,4110.0,4012.0,4092.6,25835600,4501.8,3683.4,4440.0,3288.1,4041.9,35,2,4041.8,26,1,4041.7,88,4,4041.6,71,4,4041.5,100,6,4043.0,13,2,4043.2,40,2,4043.4,45,2,4043.5,77,2,4043.6,188,5
11483,2026-07-02 14:40:24+05:30,4043.4,2,4034.57,1897194,180124.0,171883.0,4100.0,4110.0,4012.0,4092.6,25835600,4501.8,3683.4,4440.0,3288.1,4043.0,1,1,4042.0,76,3,4041.9,19,2,4041.8,2,1,4041.7,44,2,4043.5,77,2,4043.6,188,5,4043.7,20,1,4043.9,146,2,4044.0,436,18
11483,2026-07-02 14:40:25+05:30,4043.0,1,4034.57,1897194,180124.0,171883.0,4100.0,4110.0,4012.0,4092.6,25835600,4501.8,3683.4,4440.0,3288.1,4043.0,1,1,4042.0,76,3,4041.9,19,2,4041.8,2,1,4041.7,44,2,4043.5,77,2,4043.6,188,5,4043.7,20,1,4043.9,146,2,4044.0,436,18
11483,2026-07-02 14:40:25+05:30,4043.0,49,4034.57,1897266,179740.0,173106.0,4100.0,4110.0,4012.0,4092.6,25835600,4501.8,3683.4,4440.0,3288.1,4041.9,15,1,4041.8,73,5,4041.6,49,3,4041.5,154,6,4041.4,73,3,4043.0,58,2,4043.4,39,2,4043.5,77,2,4043.6,210,6,4043.7,33,2
11483,2026-07-02 14:40:26+05:30,4042.8,1,4034.57,1897266,179740.0,173106.0,4100.0,4110.0,4012.0,4092.6,25835600,4501.8,3683.4,4440.0,3288.1,4041.9,15,1,4041.8,73,5,4041.6,49,3,4041.5,154,6,4041.4,73,3,4043.0,58,2,4043.4,39,2,4043.5,77,2,4043.6,210,6,4043.7,33,2
11483,2026-07-02 14:40:26+05:30,4042.8,1,4034.57,1897283,179251.0,173177.0,4100.0,4110.0,4012.0,4092.6,25835600,4501.8,3683.4,4440.0,3288.1,4041.8,3,2,4041.5,152,6,4041.4,47,2,4041.3,212,4,4041.2,80,3,4043.0,82,4,4043.1,22,1,4043.4,30,3,4043.5,88,3,4043.6,188,5
11483,2026-07-02 14:40:27+05:30,4041.8,4,4034.57,1897283,179251.0,173177.0,4100.0,4110.0,4012.0,4092.6,25835600,4501.8,3683.4,4440.0,3288.1,4041.8,3,2,4041.5,152,6,4041.4,47,2,4041.3,212,4,4041.2,80,3,4043.0,82,4,4043.1,22,1,4043.4,30,3,4043.5,88,3,4043.6,188,5
11483,2026-07-02 14:40:27+05:30,4041.8,4,4034.57,1897310,179447.0,173403.0,4100.0,4110.0,4012.0,4092.6,25835600,4501.8,3683.4,4440.0,3288.1,4041.8,12,2,4041.6,9,1,4041.5,108,4,4041.4,19,1,4041.3,240,5,4043.0,82,5,4043.1,42,2,4043.3,20,1,4043.4,43,4,4043.5,88,3
11483,2026-07-02 14:40:28+05:30,4043.0,1,4034.57,1897310,179447.0,173403.0,4100.0,4110.0,4012.0,4092.6,25835600,4501.8,3683.4,4440.0,3288.1,4041.8,12,2,4041.6,9,1,4041.5,108,4,4041.4,19,1,4041.3,240,5,4043.0,82,5,4043.1,42,2,4043.3,20,1,4043.4,43,4,4043.5,88,3
11483,2026-07-02 14:40:28+05:30,4042.9,8,4034.57,1897332,179202.0,172759.0,4100.0,4110.0,4012.0,4092.6,25835600,4501.8,3683.4,4440.0,3288.1,4041.5,69,2,4041.4,2,1,4041.3,191,3,4041.2,49,2,4041.1,22,1,4042.9,71,6,4043.0,234,9,4043.1,17,1,4043.2,26,1,4043.4,66,5
11483,2026-07-02 14:40:29+05:30,4042.8,8,4034.57,1897332,179202.0,172759.0,4100.0,4110.0,4012.0,4092.6,25835600,4501.8,3683.4,4440.0,3288.1,4041.5,69,2,4041.4,2,1,4041.3,191,3,4041.2,49,2,4041.1,22,1,4042.9,71,6,4043.0,234,9,4043.1,17,1,4043.2,26,1,4043.4,66,5
11483,2026-07-02 14:40:29+05:30,4042.8,8,4034.57,1897354,179193.0,172793.0,4100.0,4110.0,4012.0,4092.6,25835600,4501.8,3683.4,4440.0,3288.1,4041.5,66,2,4041.4,2,1,4041.3,180,2,4041.2,49,2,4041.1,22,1,4042.8,22,3,4042.9,67,5,4043.0,223,10,4043.1,51,3,4043.2,26,1
11483,2026-07-02 14:40:30+05:30,4042.8,10,4034.57,1897354,179193.0,172793.0,4100.0,4110.0,4012.0,4092.6,25835600,4501.8,3683.4,4440.0,3288.1,4041.5,66,2,4041.4,2,1,4041.3,180,2,4041.2,49,2,4041.1,22,1,4042.8,22,3,4042.9,67,5,4043.0,223,10,4043.1,51,3,4043.2,26,1
11483,2026-07-02 14:40:30+05:30,4042.8,3,4034.57,1897415,178369.0,172546.0,4100.0,4110.0,4012.0,4092.6,25835600,4501.8,3683.4,4440.0,3288.1,4041.5,20,1,4041.3,182,3,4040.8,46,1,4040.7,36,1,4040.6,37,2,4042.4,56,5,4042.5,44,4,4042.6,38,4,4042.7,45,3,4042.8,49,3
11483,2026-07-02 14:40:31+05:30,4041.5,1,4034.57,1897415,178369.0,172546.0,4100.0,4110.0,4012.0,4092.6,25835600,4501.8,3683.4,4440.0,3288.1,4041.5,20,1,4041.3,182,3,4040.8,46,1,4040.7,36,1,4040.6,37,2,4042.4,56,5,4042.5,44,4,4042.6,38,4,4042.7,45,3,4042.8,49,3
11483,2026-07-02 14:40:31+05:30,4041.5,1,4034.57,1897424,178438.0,172593.0,4100.0,4110.0,4012.0,4092.6,25835600,4501.8,3683.4,4440.0,3288.1,4041.5,11,1,4041.3,182,3,4040.8,46,1,4040.6,37,2,4040.5,10,1,4041.6,2,1,4042.3,40,2,4042.4,28,3,4042.5,44,4,4042.6,38,4
11483,2026-07-02 14:40:32+05:30,4041.5,1,4034.57,1897424,178438.0,172593.0,4100.0,4110.0,4012.0,4092.6,25835600,4501.8,3683.4,4440.0,3288.1,4041.5,11,1,4041.3,182,3,4040.8,46,1,4040.6,37,2,4040.5,10,1,4041.6,2,1,4042.3,40,2,4042.4,28,3,4042.5,44,4,4042.6,38,4
11483,2026-07-02 14:40:32+05:30,4041.5,1,4034.57,1897424,178438.0,172593.0,4100.0,4110.0,4012.0,4092.6,25835600,4501.8,3683.4,4440.0,3288.1,4041.5,11,1,4041.3,182,3,4040.8,46,1,4040.6,37,2,4040.5,10,1,4041.6,2,1,4042.3,40,2,4042.4,28,3,4042.5,44,4,4042.6,38,4
11483,2026-07-02 14:40:32+05:30,4041.5,1,4034.57,1897425,178437.0,172591.0,4100.0,4110.0,4012.0,4092.6,25835600,4501.8,3683.4,4440.0,3288.1,4041.5,10,1,4041.3,182,3,4040.8,46,1,4040.6,37,2,4040.5,10,1,4041.6,2,1,4042.3,40,2,4042.4,28,3,4042.5,44,4,4042.6,38,4
11483,2026-07-02 14:40:33+05:30,4041.5,1,4034.57,1897425,178437.0,172591.0,4100.0,4110.0,4012.0,4092.6,25835600,4501.8,3683.4,4440.0,3288.1,4041.5,10,1,4041.3,182,3,4040.8,46,1,4040.6,37,2,4040.5,10,1,4041.6,2,1,4042.3,40,2,4042.4,28,3,4042.5,44,4,4042.6,38,4
11483,2026-07-02 14:40:33+05:30,4041.3,28,4034.57,1897425,178437.0,172591.0,4100.0,4110.0,4012.0,4092.6,25835600,4501.8,3683.4,4440.0,3288.1,4041.5,10,1,4041.3,182,3,4040.8,46,1,4040.6,37,2,4040.5,10,1,4041.6,2,1,4042.3,40,2,4042.4,28,3,4042.5,44,4,4042.6,38,4
11483,2026-07-02 14:40:33+05:30,4041.3,28,4034.57,1897425,178437.0,172591.0,4100.0,4110.0,4012.0,4092.6,25835600,4501.8,3683.4,4440.0,3288.1,4041.5,10,1,4041.3,182,3,4040.8,46,1,4040.6,37,2,4040.5,10,1,4041.6,2,1,4042.3,40,2,4042.4,28,3,4042.5,44,4,4042.6,38,4
11483,2026-07-02 14:40:33+05:30,4041.3,28,4034.57,1897463,178421.0,172210.0,4100.0,4110.0,4012.0,4092.6,25835600,4501.8,3683.4,4440.0,3288.1,4041.3,154,3,4040.8,46,1,4040.6,37,2,4040.5,10,1,4040.4,77,3,4041.6,2,1,4042.3,40,2,4042.4,40,4,4042.5,44,4,4042.6,38,4
11483,2026-07-02 14:40:34+05:30,4041.3,28,4034.57,1897463,178421.0,172210.0,4100.0,4110.0,4012.0,4092.6,25835600,4501.8,3683.4,4440.0,3288.1,4041.3,154,3,4040.8,46,1,4040.6,37,2,4040.5,10,1,4040.4,77,3,4041.6,2,1,4042.3,40,2,4042.4,40,4,4042.5,44,4,4042.6,38,4
11483,2026-07-02 14:40:34+05:30,4041.6,2,4034.57,1897463,178421.0,172210.0,4100.0,4110.0,4012.0,4092.6,25835600,4501.8,3683.4,4440.0,3288.1,4041.3,154,3,4040.8,46,1,4040.6,37,2,4040.5,10,1,4040.4,77,3,4041.6,2,1,4042.3,40,2,4042.4,40,4,4042.5,44,4,4042.6,38,4
11483,2026-07-02 14:40:34+05:30,4041.6,2,4034.57,1897463,178421.0,172210.0,4100.0,4110.0,4012.0,4092.6,25835600,4501.8,3683.4,4440.0,3288.1,4041.3,154,3,4040.8,46,1,4040.6,37,2,4040.5,10,1,4040.4,77,3,4041.6,2,1,4042.3,40,2,4042.4,40,4,4042.5,44,4,4042.6,38,4
11483,2026-07-02 14:40:34+05:30,4041.6,1,4034.57,1897470,178314.0,172272.0,4100.0,4110.0,4012.0,4092.6,25835600,4501.8,3683.4,4440.0,3288.1,4041.6,14,1,4041.3,148,2,4040.9,2,1,4040.8,46,1,4040.6,24,1,4042.1,44,4,4042.2,18,2,4042.3,24,3,4042.4,27,3,4042.5,79,5
11483,2026-07-02 14:40:35+05:30,4041.6,1,4034.57,1897470,178314.0,172272.0,4100.0,4110.0,4012.0,4092.6,25835600,4501.8,3683.4,4440.0,3288.1,4041.6,14,1,4041.3,148,2,4040.9,2,1,4040.8,46,1,4040.6,24,1,4042.1,44,4,4042.2,18,2,4042.3,24,3,4042.4,27,3,4042.5,79,5
11483,2026-07-02 14:40:35+05:30,4042.1,1,4034.57,1897470,178314.0,172272.0,4100.0,4110.0,4012.0,4092.6,25835600,4501.8,3683.4,4440.0,3288.1,4041.6,14,1,4041.3,148,2,4040.9,2,1,4040.8,46,1,4040.6,24,1,4042.1,44,4,4042.2,18,2,4042.3,24,3,4042.4,27,3,4042.5,79,5
11483,2026-07-02 14:40:35+05:30,4042.1,1,4034.57,1897470,178314.0,172272.0,4100.0,4110.0,4012.0,4092.6,25835600,4501.8,3683.4,4440.0,3288.1,4041.6,14,1,4041.3,148,2,4040.9,2,1,4040.8,46,1,4040.6,24,1,4042.1,44,4,4042.2,18,2,4042.3,24,3,4042.4,27,3,4042.5,79,5
11483,2026-07-02 14:40:36+05:30,4042.2,13,4034.57,1897514,178323.0,172131.0,4100.0,4110.0,4012.0,4092.6,25835600,4501.8,3683.4,4440.0,3288.1,4041.6,13,1,4041.3,148,2,4040.9,2,1,4040.8,46,1,4040.6,24,1,4042.2,29,4,4042.3,24,3,4042.4,27,3,4042.5,52,4,4042.6,38,4
11483,2026-07-02 14:40:36+05:30,4042.2,13,4034.57,1897514,178323.0,172131.0,4100.0,4110.0,4012.0,4092.6,25835600,4501.8,3683.4,4440.0,3288.1,4041.6,13,1,4041.3,148,2,4040.9,2,1,4040.8,46,1,4040.6,24,1,4042.2,29,4,4042.3,24,3,4042.4,27,3,4042.5,52,4,4042.6,38,4
11483,2026-07-02 14:40:36+05:30,4041.6,10,4034.57,1897514,178323.0,172131.0,4100.0,4110.0,4012.0,4092.6,25835600,4501.8,3683.4,4440.0,3288.1,4041.6,13,1,4041.3,148,2,4040.9,2,1,4040.8,46,1,4040.6,24,1,4042.2,29,4,4042.3,24,3,4042.4,27,3,4042.5,52,4,4042.6,38,4
11483,2026-07-02 14:40:36+05:30,4041.6,10,4034.57,1897514,178323.0,172131.0,4100.0,4110.0,4012.0,4092.6,25835600,4501.8,3683.4,4440.0,3288.1,4041.6,13,1,4041.3,148,2,4040.9,2,1,4040.8,46,1,4040.6,24,1,4042.2,29,4,4042.3,24,3,4042.4,27,3,4042.5,52,4,4042.6,38,4
11483,2026-07-02 14:40:37+05:30,4041.6,10,4034.57,1897514,178323.0,172131.0,4100.0,4110.0,4012.0,4092.6,25841200,4501.8,3683.4,4440.0,3288.1,4041.6,13,1,4041.3,148,2,4040.9,2,1,4040.8,46,1,4040.6,24,1,4042.2,29,4,4042.3,24,3,4042.4,27,3,4042.5,52,4,4042.6,38,4
11483,2026-07-02 14:40:37+05:30,4041.6,10,4034.57,1897530,178291.0,172300.0,4100.0,4110.0,4012.0,4092.6,25841200,4501.8,3683.4,4440.0,3288.1,4041.6,17,1,4041.3,150,3,4041.1,1,1,4040.9,2,1,4040.8,46,1,4042.1,29,4,4042.2,27,3,4042.3,24,3,4042.4,27,3,4042.5,52,4
11483,2026-07-02 14:40:37+05:30,4041.6,10,4034.57,1897530,178291.0,172300.0,4100.0,4110.0,4012.0,4092.6,25841200,4501.8,3683.4,4440.0,3288.1,4041.6,17,1,4041.3,150,3,4041.1,1,1,4040.9,2,1,4040.8,46,1,4042.1,29,4,4042.2,27,3,4042.3,24,3,4042.4,27,3,4042.5,52,4
11483,2026-07-02 14:40:37+05:30,4041.6,2,4034.57,1897530,178291.0,172300.0,4100.0,4110.0,4012.0,4092.6,25841200,4501.8,3683.4,4440.0,3288.1,4041.6,17,1,4041.3,150,3,4041.1,1,1,4040.9,2,1,4040.8,46,1,4042.1,29,4,4042.2,27,3,4042.3,24,3,4042.4,27,3,4042.5,52,4
11483,2026-07-02 14:40:37+05:30,4041.6,2,4034.57,1897530,178291.0,172300.0,4100.0,4110.0,4012.0,4092.6,25841200,4501.8,3683.4,4440.0,3288.1,4041.6,17,1,4041.3,150,3,4041.1,1,1,4040.9,2,1,4040.8,46,1,4042.1,29,4,4042.2,27,3,4042.3,24,3,4042.4,27,3,4042.5,52,4
11483,2026-07-02 14:40:38+05:30,4041.6,2,4034.57,1897530,178291.0,172300.0,4100.0,4110.0,4012.0,4092.6,25841200,4501.8,3683.4,4440.0,3288.1,4041.6,17,1,4041.3,150,3,4041.1,1,1,4040.9,2,1,4040.8,46,1,4042.1,29,4,4042.2,27,3,4042.3,24,3,4042.4,27,3,4042.5,52,4
11483,2026-07-02 14:40:38+05:30,4042.0,4,4034.57,1897645,178300.0,172286.0,4100.0,4110.0,4012.0,4092.6,25841200,4501.8,3683.4,4440.0,3288.1,4041.6,15,1,4041.3,150,3,4041.1,1,1,4040.9,2,1,4040.8,46,1,4042.0,44,4,4042.1,2,1,4042.2,29,4,4042.3,24,3,4042.4,27,3
11483,2026-07-02 14:40:38+05:30,4042.0,4,4034.57,1897645,178300.0,172286.0,4100.0,4110.0,4012.0,4092.6,25841200,4501.8,3683.4,4440.0,3288.1,4041.6,15,1,4041.3,150,3,4041.1,1,1,4040.9,2,1,4040.8,46,1,4042.0,44,4,4042.1,2,1,4042.2,29,4,4042.3,24,3,4042.4,27,3
11483,2026-07-02 14:40:38+05:30,4042.0,6,4034.57,1897645,178300.0,172286.0,4100.0,4110.0,4012.0,4092.6,25841200,4501.8,3683.4,4440.0,3288.1,4041.6,15,1,4041.3,150,3,4041.1,1,1,4040.9,2,1,4040.8,46,1,4042.0,44,4,4042.1,2,1,4042.2,29,4,4042.3,24,3,4042.4,27,3
11483,2026-07-02 14:40:38+05:30,4042.0,6,4034.57,1897645,178300.0,172286.0,4100.0,4110.0,4012.0,4092.6,25841200,4501.8,3683.4,4440.0,3288.1,4041.6,15,1,4041.3,150,3,4041.1,1,1,4040.9,2,1,4040.8,46,1,4042.0,44,4,4042.1,2,1,4042.2,29,4,4042.3,24,3,4042.4,27,3
11483,2026-07-02 14:40:39+05:30,4042.0,1,4034.57,1897707,178287.0,172231.0,4100.0,4110.0,4012.0,4092.6,25841200,4501.8,3683.4,4440.0,3288.1,4041.6,2,1,4041.3,150,3,4041.1,1,1,4040.9,2,1,4040.8,46,1,4042.0,43,4,4042.1,2,1,4042.2,7,3,4042.3,24,3,4042.4,27,3
11483,2026-07-02 14:40:39+05:30,4042.0,17,4034.57,1897707,178287.0,172231.0,4100.0,4110.0,4012.0,4092.6,25841200,4501.8,3683.4,4440.0,3288.1,4041.6,2,1,4041.3,150,3,4041.1,1,1,4040.9,2,1,4040.8,46,1,4042.0,43,4,4042.1,2,1,4042.2,7,3,4042.3,24,3,4042.4,27,3
11483,2026-07-02 14:40:40+05:30,4042.2,10,4034.57,1897812,179184.0,172010.0,4100.0,4110.0,4012.0,4092.6,25841200,4501.8,3683.4,4440.0,3288.1,4042.0,16,1,4041.4,218,4,4041.3,45,3,4041.2,21,1,4041.1,49,3,4042.2,3,1,4042.9,3,1,4043.0,429,12,4043.1,13,1,4043.2,44,2
11483,2026-07-02 14:40:40+05:30,4042.0,12,4034.57,1897812,179184.0,172010.0,4100.0,4110.0,4012.0,4092.6,25841200,4501.8,3683.4,4440.0,3288.1,4042.0,16,1,4041.4,218,4,4041.3,45,3,4041.2,21,1,4041.1,49,3,4042.2,3,1,4042.9,3,1,4043.0,429,12,4043.1,13,1,4043.2,44,2
11483,2026-07-02 14:40:41+05:30,4042.2,13,4034.57,1897855,179098.0,172097.0,4100.0,4110.0,4012.0,4092.6,25841200,4501.8,3683.4,4440.0,3288.1,4042.0,8,2,4041.6,13,1,4041.4,254,5,4041.3,40,3,4041.1,47,2,4042.2,13,1,4043.0,429,12,4043.1,13,1,4043.3,6,1,4043.4,30,3
11483,2026-07-02 14:40:41+05:30,4042.0,2,4034.57,1897855,179098.0,172097.0,4100.0,4110.0,4012.0,4092.6,25841200,4501.8,3683.4,4440.0,3288.1,4042.0,8,2,4041.6,13,1,4041.4,254,5,4041.3,40,3,4041.1,47,2,4042.2,13,1,4043.0,429,12,4043.1,13,1,4043.3,6,1,4043.4,30,3
11483,2026-07-02 14:40:42+05:30,4042.2,13,4034.57,1897900,179123.0,172131.0,4100.0,4110.0,4012.0,4092.6,25841200,4501.8,3683.4,4440.0,3288.1,4042.0,19,2,4041.4,230,4,4041.3,40,3,4041.2,21,1,4041.1,47,2,4042.2,13,1,4042.4,13,1,4043.0,429,12,4043.1,13,1,4043.4,32,4
11483,2026-07-02 14:40:42+05:30,4042.1,5,4034.57,1897900,179123.0,172131.0,4100.0,4110.0,4012.0,4092.6,25841200,4501.8,3683.4,4440.0,3288.1,4042.0,19,2,4041.4,230,4,4041.3,40,3,4041.2,21,1,4041.1,47,2,4042.2,13,1,4042.4,13,1,4043.0,429,12,4043.1,13,1,4043.4,32,4
11483,2026-07-02 14:40:43+05:30,4042.4,13,4034.57,1897942,178974.0,171816.0,4100.0,4110.0,4012.0,4092.6,25841200,4501.8,3683.4,4440.0,3288.1,4042.1,2,1,4042.0,19,2,4041.5,49,1,4041.4,255,4,4041.3,38,2,4043.0,429,12,4043.4,13,2,4043.5,111,5,4043.6,109,4,4043.7,33,2
11483,2026-07-02 14:40:43+05:30,4042.1,5,4034.57,1897942,178974.0,171816.0,4100.0,4110.0,4012.0,4092.6,25841200,4501.8,3683.4,4440.0,3288.1,4042.1,2,1,4042.0,19,2,4041.5,49,1,4041.4,255,4,4041.3,38,2,4043.0,429,12,4043.4,13,2,4043.5,111,5,4043.6,109,4,4043.7,33,2
11483,2026-07-02 14:40:44+05:30,4042.0,3,4034.57,1898415,178730.0,171392.0,4100.0,4110.0,4012.0,4092.6,25841200,4501.8,3683.4,4440.0,3288.1,4042.0,21,2,4041.6,52,3,4041.5,5,1,4041.4,236,5,4041.3,38,2,4042.4,11,1,4043.0,7,1,4043.4,14,2,4043.5,79,3,4043.6,85,4
11483,2026-07-02 14:40:44+05:30,4042.0,1,4034.57,1898415,178730.0,171392.0,4100.0,4110.0,4012.0,4092.6,25841200,4501.8,3683.4,4440.0,3288.1,4042.0,21,2,4041.6,52,3,4041.5,5,1,4041.4,236,5,4041.3,38,2,4042.4,11,1,4043.0,7,1,4043.4,14,2,4043.5,79,3,4043.6,85,4
11483,2026-07-02 14:40:45+05:30,4042.0,1,4034.57,1898472,178651.0,171350.0,4100.0,4110.0,4012.0,4092.6,25841200,4501.8,3683.4,4440.0,3288.1,4041.9,32,5,4041.8,16,2,4041.7,83,6,4041.6,53,4,4041.5,73,3,4043.0,20,2,4043.4,14,2,4043.5,79,3,4043.6,63,3,4043.7,33,2
11483,2026-07-02 14:40:46+05:30,4043.0,3,4034.57,1898472,178651.0,171350.0,4100.0,4110.0,4012.0,4092.6,25841200,4501.8,3683.4,4440.0,3288.1,4041.9,32,5,4041.8,16,2,4041.7,83,6,4041.6,53,4,4041.5,73,3,4043.0,20,2,4043.4,14,2,4043.5,79,3,4043.6,63,3,4043.7,33,2
11483,2026-07-02 14:40:46+05:30,4043.0,3,4034.57,1898510,178772.0,172031.0,4100.0,4110.0,4012.0,4092.6,25841200,4501.8,3683.4,4440.0,3288.1,4042.5,2,2,4041.9,12,2,4041.8,38,2,4041.7,61,3,4041.6,71,4,4043.0,17,2,4043.4,1,1,4043.5,79,3,4043.6,63,3,4043.7,33,2
11483,2026-07-02 14:40:47+05:30,4043.0,1,4034.57,1898510,178772.0,172031.0,4100.0,4110.0,4012.0,4092.6,25841200,4501.8,3683.4,4440.0,3288.1,4042.5,2,2,4041.9,12,2,4041.8,38,2,4041.7,61,3,4041.6,71,4,4043.0,17,2,4043.4,1,1,4043.5,79,3,4043.6,63,3,4043.7,33,2
11483,2026-07-02 14:40:47+05:30,4043.0,1,4034.57,1898516,178986.0,171381.0,4100.0,4110.0,4012.0,4092.6,25841200,4501.8,3683.4,4440.0,3288.1,4041.9,32,4,4041.8,13,1,4041.7,61,3,4041.6,103,6,4041.5,67,2,4043.0,17,3,4043.4,1,1,4043.5,77,2,4043.6,65,4,4043.7,33,2
11483,2026-07-02 14:40:48+05:30,4041.9,4,4034.57,1898516,178986.0,171381.0,4100.0,4110.0,4012.0,4092.6,25841200,4501.8,3683.4,4440.0,3288.1,4041.9,32,4,4041.8,13,1,4041.7,61,3,4041.6,103,6,4041.5,67,2,4043.0,17,3,4043.4,1,1,4043.5,77,2,4043.6,65,4,4043.7,33,2
11483,2026-07-02 14:40:48+05:30,4041.9,4,4034.57,1898521,178765.0,171437.0,4100.0,4110.0,4012.0,4092.6,25841200,4501.8,3683.4,4440.0,3288.1,4041.9,6,1,4041.7,37,2,4041.6,5,2,4041.5,67,2,4041.4,240,4,4043.0,17,3,4043.4,23,2,4043.5,77,2,4043.6,65,4,4043.7,81,4
11483,2026-07-02 14:40:49+05:30,4042.0,1,4034.57,1898521,178765.0,171437.0,4100.0,4110.0,4012.0,4092.6,25841200,4501.8,3683.4,4440.0,3288.1,4041.9,6,1,4041.7,37,2,4041.6,5,2,4041.5,67,2,4041.4,240,4,4043.0,17,3,4043.4,23,2,4043.5,77,2,4043.6,65,4,4043.7,81,4
11483,2026-07-02 14:40:49+05:30,4042.0,1,4034.57,1898522,178736.0,171403.0,4100.0,4110.0,4012.0,4092.6,25841200,4501.8,3683.4,4440.0,3288.1,4041.9,26,3,4041.8,20,2,4041.7,10,1,4041.6,80,4,4041.5,84,2,4043.0,17,3,4043.4,14,2,4043.5,77,2,4043.6,87,5,4043.7,33,2
11483,2026-07-02 14:40:50+05:30,4042.0,10,4034.57,1898522,178736.0,171403.0,4100.0,4110.0,4012.0,4092.6,25841200,4501.8,3683.4,4440.0,3288.1,4041.9,26,3,4041.8,20,2,4041.7,10,1,4041.6,80,4,4041.5,84,2,4043.0,17,3,4043.4,14,2,4043.5,77,2,4043.6,87,5,4043.7,33,2
11483,2026-07-02 14:40:50+05:30,4043.0,2,4034.58,1898556,179047.0,171504.0,4100.0,4110.0,4012.0,4092.6,25841200,4501.8,3683.4,4440.0,3288.1,4042.2,9,1,4042.1,24,3,4042.0,40,3,4041.9,51,5,4041.8,20,2,4043.0,20,2,4043.4,1,1,4043.5,77,2,4043.6,63,3,4043.7,33,2
11483,2026-07-02 14:40:51+05:30,4042.0,5,4034.58,1898556,179047.0,171504.0,4100.0,4110.0,4012.0,4092.6,25841200,4501.8,3683.4,4440.0,3288.1,4042.2,9,1,4042.1,24,3,4042.0,40,3,4041.9,51,5,4041.8,20,2,4043.0,20,2,4043.4,1,1,4043.5,77,2,4043.6,63,3,4043.7,33,2
11483,2026-07-02 14:40:51+05:30,4042.0,5,4034.58,1898591,178823.0,171164.0,4100.0,4110.0,4012.0,4092.6,25841200,4501.8,3683.4,4440.0,3288.1,4042.0,24,1,4041.9,23,4,4041.8,20,2,4041.7,27,1,4041.6,67,5,4043.0,22,3,4043.4,1,1,4043.5,77,2,4043.6,65,4,4043.7,33,2
11483,2026-07-02 14:40:52+05:30,4041.7,5,4034.58,1898591,178823.0,171164.0,4100.0,4110.0,4012.0,4092.6,25841200,4501.8,3683.4,4440.0,3288.1,4042.0,24,1,4041.9,23,4,4041.8,20,2,4041.7,27,1,4041.6,67,5,4043.0,22,3,4043.4,1,1,4043.5,77,2,4043.6,65,4,4043.7,33,2
11483,2026-07-02 14:40:52+05:30,4041.7,5,4034.58,1898778,177699.0,171421.0,4100.0,4110.0,4012.0,4092.6,25841200,4501.8,3683.4,4440.0,3288.1,4042.1,3,1,4041.8,16,3,4041.6,32,3,4041.5,31,1,4041.4,232,5,4043.0,35,5,4043.4,13,2,4043.5,77,2,4043.6,87,5,4043.7,33,2
11483,2026-07-02 14:40:53+05:30,4043.0,3,4034.58,1898778,177699.0,171421.0,4100.0,4110.0,4012.0,4092.6,25841200,4501.8,3683.4,4440.0,3288.1,4042.1,3,1,4041.8,16,3,4041.6,32,3,4041.5,31,1,4041.4,232,5,4043.0,35,5,4043.4,13,2,4043.5,77,2,4043.6,87,5,4043.7,33,2
11483,2026-07-02 14:40:53+05:30,4043.0,3,4034.58,1898803,177341.0,171582.0,4100.0,4110.0,4012.0,4092.6,25841200,4501.8,3683.4,4440.0,3288.1,4041.7,24,3,4041.6,31,2,4041.5,38,2,4041.4,201,3,4041.3,87,3,4043.0,42,6,4043.4,13,2,4043.5,102,3,4043.6,111,5,4043.7,55,3
11483,2026-07-02 14:40:54+05:30,4043.0,1,4034.58,1898803,177341.0,171582.0,4100.0,4110.0,4012.0,4092.6,25841200,4501.8,3683.4,4440.0,3288.1,4041.7,24,3,4041.6,31,2,4041.5,38,2,4041.4,201,3,4041.3,87,3,4043.0,42,6,4043.4,13,2,4043.5,102,3,4043.6,111,5,4043.7,55,3
11483,2026-07-02 14:40:54+05:30,4041.7,30,4034.58,1898837,176333.0,171956.0,4100.0,4110.0,4012.0,4092.6,25841200,4501.8,3683.4,4440.0,3288.1,4041.5,50,1,4041.4,189,2,4041.1,49,3,4040.9,28,1,4040.8,78,4,4042.9,51,4,4043.0,179,8,4043.1,32,2,4043.4,35,3,4043.5,77,2
11483,2026-07-02 14:40:55+05:30,4041.5,32,4034.58,1898837,176333.0,171956.0,4100.0,4110.0,4012.0,4092.6,25841200,4501.8,3683.4,4440.0,3288.1,4041.5,50,1,4041.4,189,2,4041.1,49,3,4040.9,28,1,4040.8,78,4,4042.9,51,4,4043.0,179,8,4043.1,32,2,4043.4,35,3,4043.5,77,2
11483,2026-07-02 14:40:55+05:30,4042.9,2,4034.58,1898915,176783.0,171887.0,4100.0,4110.0,4012.0,4092.6,25841200,4501.8,3683.4,4440.0,3288.1,4041.6,175,1,4041.5,14,1,4041.3,8,1,4041.2,56,2,4041.1,49,3,4042.9,24,2,4043.0,168,7,4043.1,21,1,4043.2,11,1,4043.4,35,3
11483,2026-07-02 14:40:56+05:30,4041.6,4,4034.58,1898915,176783.0,171887.0,4100.0,4110.0,4012.0,4092.6,25841200,4501.8,3683.4,4440.0,3288.1,4041.6,175,1,4041.5,14,1,4041.3,8,1,4041.2,56,2,4041.1,49,3,4042.9,24,2,4043.0,168,7,4043.1,21,1,4043.2,11,1,4043.4,35,3
11483,2026-07-02 14:40:56+05:30,4041.6,4,4034.58,1898935,176575.0,171940.0,4100.0,4110.0,4012.0,4092.6,25841200,4501.8,3683.4,4440.0,3288.1,4041.6,155,1,4041.5,14,1,4041.3,8,1,4041.2,25,1,4041.1,49,3,4042.7,13,1,4042.9,24,2,4043.0,209,7,4043.1,21,1,4043.2,11,1
11483,2026-07-02 14:40:57+05:30,4042.7,1,4034.58,1898935,176575.0,171940.0,4100.0,4110.0,4012.0,4092.6,25841200,4501.8,3683.4,4440.0,3288.1,4041.6,155,1,4041.5,14,1,4041.3,8,1,4041.2,25,1,4041.1,49,3,4042.7,13,1,4042.9,24,2,4043.0,209,7,4043.1,21,1,4043.2,11,1
11483,2026-07-02 14:40:57+05:30,4042.7,1,4034.58,1898939,176991.0,172133.0,4100.0,4110.0,4012.0,4092.6,25841200,4501.8,3683.4,4440.0,3288.1,4042.0,153,1,4041.5,14,1,4041.3,8,1,4041.2,2,1,4041.1,47,2,4042.7,37,4,4042.9,24,2,4043.0,197,7,4043.1,43,2,4043.2,36,2
11483,2026-07-02 14:40:58+05:30,4042.0,1,4034.58,1898939,176991.0,172133.0,4100.0,4110.0,4012.0,4092.6,25841200,4501.8,3683.4,4440.0,3288.1,4042.0,153,1,4041.5,14,1,4041.3,8,1,4041.2,2,1,4041.1,47,2,4042.7,37,4,4042.9,24,2,4043.0,197,7,4043.1,43,2,4043.2,36,2
11483,2026-07-02 14:40:58+05:30,4042.7,7,4034.58,1898947,176995.0,172181.0,4100.0,4110.0,4012.0,4092.6,25841200,4501.8,3683.4,4440.0,3288.1,4042.0,152,1,4041.5,14,1,4041.3,8,1,4041.2,2,1,4041.1,47,2,4042.7,32,5,4042.9,22,1,4043.0,217,8,4043.1,43,2,4043.2,36,2
11483,2026-07-02 14:40:59+05:30,4042.7,7,4034.58,1898947,176995.0,172181.0,4100.0,4110.0,4012.0,4092.6,25841200,4501.8,3683.4,4440.0,3288.1,4042.0,152,1,4041.5,14,1,4041.3,8,1,4041.2,2,1,4041.1,47,2,4042.7,32,5,4042.9,22,1,4043.0,217,8,4043.1,43,2,4043.2,36,2
11483,2026-07-02 14:40:59+05:30,4042.7,7,4034.58,1898947,176636.0,173616.0,4100.0,4110.0,4012.0,4092.6,25841200,4501.8,3683.4,4440.0,3288.1,4041.5,14,1,4041.1,1,1,4040.9,9,1,4040.8,22,1,4040.7,79,3,4042.7,32,5,4042.8,30,2,4042.9,47,2,4043.0,305,12,4043.1,56,3
11483,2026-07-02 14:41:00+05:30,4042.7,1,4034.58,1898947,176636.0,173616.0,4100.0,4110.0,4012.0,4092.6,25841200,4501.8,3683.4,4440.0,3288.1,4041.5,14,1,4041.1,1,1,4040.9,9,1,4040.8,22,1,4040.7,79,3,4042.7,32,5,4042.8,30,2,4042.9,47,2,4043.0,305,12,4043.1,56,3
11483,2026-07-02 14:41:00+05:30,4042.4,3,4034.58,1899029,177093.0,173953.0,4100.0,4110.0,4012.0,4092.6,25841200,4501.8,3683.4,4440.0,3288.1,4042.0,45,1,4041.5,14,1,4041.1,1,1,4040.8,26,2,4040.6,29,2,4042.4,49,5,4042.5,40,2,4042.6,48,2,4042.7,15,3,4042.8,70,5
11483,2026-07-02 14:41:01+05:30,4040.8,7,4034.58,1899029,177093.0,173953.0,4100.0,4110.0,4012.0,4092.6,25841200,4501.8,3683.4,4440.0,3288.1,4042.0,45,1,4041.5,14,1,4041.1,1,1,4040.8,26,2,4040.6,29,2,4042.4,49,5,4042.5,40,2,4042.6,48,2,4042.7,15,3,4042.8,70,5
11483,2026-07-02 14:41:01+05:30,4040.8,7,4034.58,1899096,176242.0,174289.0,4100.0,4110.0,4012.0,4092.6,25841200,4501.8,3683.4,4440.0,3288.1,4041.0,10,1,4040.7,37,3,4040.6,59,3,4040.5,50,2,4040.4,84,2,4042.4,39,4,4042.6,93,2,4042.7,64,3,4042.8,94,6,4042.9,22,1
11483,2026-07-02 14:41:02+05:30,4041.0,8,4034.58,1899096,176242.0,174289.0,4100.0,4110.0,4012.0,4092.6,25841200,4501.8,3683.4,4440.0,3288.1,4041.0,10,1,4040.7,37,3,4040.6,59,3,4040.5,50,2,4040.4,84,2,4042.4,39,4,4042.6,93,2,4042.7,64,3,4042.8,94,6,4042.9,22,1
11483,2026-07-02 14:41:02+05:30,4041.0,8,4034.58,1899104,176234.0,174441.0,4100.0,4110.0,4012.0,4092.6,25841200,4501.8,3683.4,4440.0,3288.1,4041.0,2,1,4040.7,37,3,4040.6,59,3,4040.5,50,2,4040.4,40,1,4042.4,61,5,4042.5,103,4,4042.6,93,2,4042.7,64,3,4042.8,91,7
11483,2026-07-02 14:41:03+05:30,4041.0,1,4034.58,1899104,176234.0,174441.0,4100.0,4110.0,4012.0,4092.6,25841200,4501.8,3683.4,4440.0,3288.1,4041.0,2,1,4040.7,37,3,4040.6,59,3,4040.5,50,2,4040.4,40,1,4042.4,61,5,4042.5,103,4,4042.6,93,2,4042.7,64,3,4042.8,91,7
11483,2026-07-02 14:41:03+05:30,4041.0,1,4034.58,1899105,176142.0,174330.0,4100.0,4110.0,4012.0,4092.6,25841200,4501.8,3683.4,4440.0,3288.1,4041.0,1,1,4040.8,19,2,4040.7,19,2,4040.6,48,4,4040.5,80,3,4042.0,12,1,4042.4,50,5,4042.5,115,5,4042.6,93,2,4042.7,83,6
11483,2026-07-02 14:41:04+05:30,4042.0,118,4034.58,1899105,176142.0,174330.0,4100.0,4110.0,4012.0,4092.6,25841200,4501.8,3683.4,4440.0,3288.1,4041.0,1,1,4040.8,19,2,4040.7,19,2,4040.6,48,4,4040.5,80,3,4042.0,12,1,4042.4,50,5,4042.5,115,5,4042.6,93,2,4042.7,83,6
11483,2026-07-02 14:41:04+05:30,4042.0,118,4034.58,1899223,177033.0,173809.0,4100.0,4110.0,4012.0,4092.6,25841200,4501.8,3683.4,4440.0,3288.1,4042.0,16,1,4041.3,2,1,4041.2,4,1,4040.9,93,2,4040.8,54,2,4042.4,27,4,4042.5,1,1,4042.7,2,2,4042.9,38,3,4043.0,335,10
11483,2026-07-02 14:41:05+05:30,4042.0,15,4034.58,1899223,177033.0,173809.0,4100.0,4110.0,4012.0,4092.6,25841200,4501.8,3683.4,4440.0,3288.1,4042.0,16,1,4041.3,2,1,4041.2,4,1,4040.9,93,2,4040.8,54,2,4042.4,27,4,4042.5,1,1,4042.7,2,2,4042.9,38,3,4043.0,335,10
11483,2026-07-02 14:41:06+05:30,4042.4,2,4034.58,1899266,176909.0,173642.0,4100.0,4110.0,4012.0,4092.6,25841200,4501.8,3683.4,4440.0,3288.1,4042.0,5,1,4041.3,2,1,4041.2,4,1,4041.1,19,1,4041.0,20,1,4042.4,9,1,4042.5,1,1,4042.7,16,3,4042.9,16,2,4043.0,362,12
11483,2026-07-02 14:41:06+05:30,4042.4,7,4034.58,1899266,176909.0,173642.0,4100.0,4110.0,4012.0,4092.6,25841200,4501.8,3683.4,4440.0,3288.1,4042.0,5,1,4041.3,2,1,4041.2,4,1,4041.1,19,1,4041.0,20,1,4042.4,9,1,4042.5,1,1,4042.7,16,3,4042.9,16,2,4043.0,362,12
11483,2026-07-02 14:41:07+05:30,4042.4,7,4034.58,1899278,176733.0,173758.0,4100.0,4110.0,4012.0,4092.6,25841200,4501.8,3683.4,4440.0,3288.1,4041.8,15,2,4041.7,10,1,4041.6,39,2,4041.4,40,2,4041.3,95,5,4042.4,2,1,4042.5,5,3,4042.7,15,2,4043.0,280,9,4043.1,21,2
11483,2026-07-02 14:41:07+05:30,4041.8,1,4034.58,1899278,176733.0,173758.0,4100.0,4110.0,4012.0,4092.6,25841200,4501.8,3683.4,4440.0,3288.1,4041.8,15,2,4041.7,10,1,4041.6,39,2,4041.4,40,2,4041.3,95,5,4042.4,2,1,4042.5,5,3,4042.7,15,2,4043.0,280,9,4043.1,21,2
11483,2026-07-02 14:41:08+05:30,4042.4,1,4034.58,1899359,176415.0,173884.0,4100.0,4110.0,4012.0,4092.6,25841200,4501.8,3683.4,4440.0,3288.1,4041.7,25,1,4041.3,3,2,4041.0,52,1,4040.9,53,2,4040.8,25,1,4042.4,25,2,4042.5,5,3,4042.7,1,1,4042.8,35,2,4043.0,286,10
11483,2026-07-02 14:41:08+05:30,4041.7,10,4034.58,1899359,176415.0,173884.0,4100.0,4110.0,4012.0,4092.6,25841200,4501.8,3683.4,4440.0,3288.1,4041.7,25,1,4041.3,3,2,4041.0,52,1,4040.9,53,2,4040.8,25,1,4042.4,25,2,4042.5,5,3,4042.7,1,1,4042.8,35,2,4043.0,286,10
11483,2026-07-02 14:41:09+05:30,4041.8,1,4034.58,1899375,176266.0,173917.0,4100.0,4110.0,4012.0,4092.6,25841200,4501.8,3683.4,4440.0,3288.1,4041.7,15,1,4041.3,3,2,4041.0,42,2,4040.9,23,1,4040.8,21,1,4041.8,16,1,4042.4,25,2,4042.5,5,3,4042.7,1,1,4042.8,35,2
11483,2026-07-02 14:41:09+05:30,4041.7,2,4034.58,1899375,176266.0,173917.0,4100.0,4110.0,4012.0,4092.6,25841200,4501.8,3683.4,4440.0,3288.1,4041.7,15,1,4041.3,3,2,4041.0,42,2,4040.9,23,1,4040.8,21,1,4041.8,16,1,4042.4,25,2,4042.5,5,3,4042.7,1,1,4042.8,35,2
11483,2026-07-02 14:41:10+05:30,4041.7,11,4034.58,1899402,176798.0,173997.0,4100.0,4110.0,4012.0,4092.6,25841200,4501.8,3683.4,4440.0,3288.1,4041.7,2,1,4041.3,3,2,4041.0,25,1,4040.9,23,1,4040.8,78,2,4041.8,4,2,4042.4,25,2,4042.5,5,3,4042.7,1,1,4042.8,35,2
11483,2026-07-02 14:41:10+05:30,4041.7,2,4034.58,1899402,176798.0,173997.0,4100.0,4110.0,4012.0,4092.6,25841200,4501.8,3683.4,4440.0,3288.1,4041.7,2,1,4041.3,3,2,4041.0,25,1,4040.9,23,1,4040.8,78,2,4041.8,4,2,4042.4,25,2,4042.5,5,3,4042.7,1,1,4042.8,35,2
11483,2026-07-02 14:41:11+05:30,4041.7,1,4034.58,1899402,176798.0,173997.0,4100.0,4110.0,4012.0,4092.6,25841200,4501.8,3683.4,4440.0,3288.1,4041.7,2,1,4041.3,3,2,4041.0,25,1,4040.9,23,1,4040.8,78,2,4041.8,4,2,4042.4,25,2,4042.5,5,3,4042.7,1,1,4042.8,35,2
11483,2026-07-02 14:41:11+05:30,4041.7,1,4034.58,1899505,176828.0,173229.0,4100.0,4110.0,4012.0,4092.6,25841200,4501.8,3683.4,4440.0,3288.1,4040.8,17,2,4040.7,64,1,4040.6,57,4,4040.5,123,5,4040.4,71,3,4041.8,15,3,4042.0,5,1,4042.4,15,1,4042.5,18,4,4042.7,1,1
11483,2026-07-02 14:41:12+05:30,4040.7,10,4034.58,1899505,176828.0,173229.0,4100.0,4110.0,4012.0,4092.6,25841200,4501.8,3683.4,4440.0,3288.1,4040.8,17,2,4040.7,64,1,4040.6,57,4,4040.5,123,5,4040.4,71,3,4041.8,15,3,4042.0,5,1,4042.4,15,1,4042.5,18,4,4042.7,1,1
11483,2026-07-02 14:41:12+05:30,4040.7,10,4034.58,1899530,176484.0,174410.0,4100.0,4110.0,4012.0,4092.6,25841200,4501.8,3683.4,4440.0,3288.1,4040.6,24,3,4040.5,36,2,4040.4,2,1,4040.3,72,2,4040.2,32,1,4041.8,13,2,4042.0,5,1,4042.2,5,1,4042.3,37,1,4042.4,72,3
11483,2026-07-02 14:41:13+05:30,4041.8,2,4034.58,1899530,176484.0,174410.0,4100.0,4110.0,4012.0,4092.6,25841200,4501.8,3683.4,4440.0,3288.1,4040.6,24,3,4040.5,36,2,4040.4,2,1,4040.3,72,2,4040.2,32,1,4041.8,13,2,4042.0,5,1,4042.2,5,1,4042.3,37,1,4042.4,72,3
11483,2026-07-02 14:41:13+05:30,4041.8,2,4034.58,1899550,176530.0,174353.0,4100.0,4110.0,4012.0,4092.6,25841200,4501.8,3683.4,4440.0,3288.1,4040.5,10,1,4040.3,52,3,4040.2,76,2,4040.1,13,1,4040.0,914,16,4041.8,37,2,4041.9,40,2,4042.0,26,2,4042.2,71,3,4042.4,25,1
11483,2026-07-02 14:41:14+05:30,4040.3,28,4034.58,1899550,176530.0,174353.0,4100.0,4110.0,4012.0,4092.6,25841200,4501.8,3683.4,4440.0,3288.1,4040.5,10,1,4040.3,52,3,4040.2,76,2,4040.1,13,1,4040.0,914,16,4041.8,37,2,4041.9,40,2,4042.0,26,2,4042.2,71,3,4042.4,25,1
11483,2026-07-02 14:41:14+05:30,4041.8,24,4034.58,1899658,176317.0,174038.0,4100.0,4110.0,4012.0,4092.6,25841200,4501.8,3683.4,4440.0,3288.1,4040.6,20,3,4040.5,32,2,4040.4,32,2,4040.3,74,3,4040.2,32,1,4041.8,11,1,4041.9,13,2,4042.0,5,1,4042.2,13,1,4042.5,18,4
11483,2026-07-02 14:41:15+05:30,4040.6,8,4034.58,1899658,176317.0,174038.0,4100.0,4110.0,4012.0,4092.6,25841200,4501.8,3683.4,4440.0,3288.1,4040.6,20,3,4040.5,32,2,4040.4,32,2,4040.3,74,3,4040.2,32,1,4041.8,11,1,4041.9,13,2,4042.0,5,1,4042.2,13,1,4042.5,18,4
11483,2026-07-02 14:41:15+05:30,4040.6,8,4034.58,1899671,176411.0,174143.0,4100.0,4110.0,4012.0,4092.6,25841200,4501.8,3683.4,4440.0,3288.1,4041.1,2,2,4040.6,5,1,4040.5,22,1,4040.4,45,1,4040.3,30,2,4041.7,20,1,4041.8,13,2,4041.9,13,2,4042.0,5,1,4042.2,13,1
11483,2026-07-02 14:41:16+05:30,4041.1,1,4034.58,1899671,176411.0,174143.0,4100.0,4110.0,4012.0,4092.6,25841200,4501.8,3683.4,4440.0,3288.1,4041.1,2,2,4040.6,5,1,4040.5,22,1,4040.4,45,1,4040.3,30,2,4041.7,20,1,4041.8,13,2,4041.9,13,2,4042.0,5,1,4042.2,13,1
11483,2026-07-02 14:41:16+05:30,4041.1,1,4034.58,1899672,176445.0,174585.0,4100.0,4110.0,4012.0,4092.6,25841200,4501.8,3683.4,4440.0,3288.1,4041.1,6,3,4040.7,21,1,4040.5,22,1,4040.4,66,2,4040.3,30,2,4041.7,20,1,4041.8,13,2,4041.9,13,2,4042.0,5,1,4042.2,13,1
11483,2026-07-02 14:41:17+05:30,4040.4,2,4034.58,1899672,176445.0,174585.0,4100.0,4110.0,4012.0,4092.6,25841200,4501.8,3683.4,4440.0,3288.1,4041.1,6,3,4040.7,21,1,4040.5,22,1,4040.4,66,2,4040.3,30,2,4041.7,20,1,4041.8,13,2,4041.9,13,2,4042.0,5,1,4042.2,13,1
11483,2026-07-02 14:41:17+05:30,4040.8,5,4034.58,1899788,176415.0,174525.0,4100.0,4110.0,4012.0,4092.6,25841200,4501.8,3683.4,4440.0,3288.1,4040.8,22,2,4040.5,39,2,4040.4,44,2,4040.3,8,2,4040.2,156,5,4041.7,20,1,4041.8,13,2,4041.9,13,2,4042.0,16,2,4042.2,13,1
11483,2026-07-02 14:41:18+05:30,4040.8,14,4034.58,1899788,176415.0,174525.0,4100.0,4110.0,4012.0,4092.6,25841200,4501.8,3683.4,4440.0,3288.1,4040.8,22,2,4040.5,39,2,4040.4,44,2,4040.3,8,2,4040.2,156,5,4041.7,20,1,4041.8,13,2,4041.9,13,2,4042.0,16,2,4042.2,13,1
11483,2026-07-02 14:41:19+05:30,4041.7,4,4034.58,1899806,176224.0,174587.0,4100.0,4110.0,4012.0,4092.6,25841200,4501.8,3683.4,4440.0,3288.1,4040.4,24,3,4040.3,12,2,4040.2,60,2,4040.1,18,2,4040.0,930,16,4041.7,18,2,4041.8,23,2,4041.9,25,3,4042.0,24,2,4042.1,57,2
11483,2026-07-02 14:41:19+05:30,4040.4,2,4034.58,1899806,176224.0,174587.0,4100.0,4110.0,4012.0,4092.6,25841200,4501.8,3683.4,4440.0,3288.1,4040.4,24,3,4040.3,12,2,4040.2,60,2,4040.1,18,2,4040.0,930,16,4041.7,18,2,4041.8,23,2,4041.9,25,3,4042.0,24,2,4042.1,57,2
11483,2026-07-02 14:41:20+05:30,4040.5,5,4034.58,1899862,176122.0,175466.0,4100.0,4110.0,4012.0,4092.6,25841200,4501.8,3683.4,4440.0,3288.1,4040.3,12,2,4040.2,76,2,4040.1,13,1,4040.0,930,16,4039.9,83,2,4041.1,33,1,4041.4,12,1,4041.7,18,2,4041.9,36,3,4042.0,48,3
11483,2026-07-02 14:41:20+05:30,4040.3,5,4034.58,1899862,176122.0,175466.0,4100.0,4110.0,4012.0,4092.6,25841200,4501.8,3683.4,4440.0,3288.1,4040.3,12,2,4040.2,76,2,4040.1,13,1,4040.0,930,16,4039.9,83,2,4041.1,33,1,4041.4,12,1,4041.7,18,2,4041.9,36,3,4042.0,48,3
11483,2026-07-02 14:41:20+05:30,4041.1,2,4034.58,1899904,176560.0,173647.0,4100.0,4110.0,4012.0,4092.6,25841200,4501.8,3683.4,4440.0,3288.1,4040.5,48,4,4040.4,39,3,4040.3,212,7,4040.2,86,3,4040.1,105,4,4041.4,12,1,4041.7,16,1,4041.9,23,2,4042.0,15,2,4042.2,13,1
11483,2026-07-02 14:41:21+05:30,4041.4,12,4034.58,1899904,176560.0,173647.0,4100.0,4110.0,4012.0,4092.6,25841200,4501.8,3683.4,4440.0,3288.1,4040.5,48,4,4040.4,39,3,4040.3,212,7,4040.2,86,3,4040.1,105,4,4041.4,12,1,4041.7,16,1,4041.9,23,2,4042.0,15,2,4042.2,13,1
11483,2026-07-02 14:41:21+05:30,4041.4,12,4034.58,1899931,176440.0,174233.0,4100.0,4110.0,4012.0,4092.6,25841200,4501.8,3683.4,4440.0,3288.1,4040.8,10,1,4040.7,24,3,4040.6,27,3,4040.5,30,4,4040.4,8,1,4041.4,27,3,4041.7,16,1,4041.8,12,1,4042.0,15,2,4042.2,13,1
11483,2026-07-02 14:41:22+05:30,4040.8,3,4034.58,1899931,176440.0,174233.0,4100.0,4110.0,4012.0,4092.6,25841200,4501.8,3683.4,4440.0,3288.1,4040.8,10,1,4040.7,24,3,4040.6,27,3,4040.5,30,4,4040.4,8,1,4041.4,27,3,4041.7,16,1,4041.8,12,1,4042.0,15,2,4042.2,13,1
11483,2026-07-02 14:41:22+05:30,4040.8,3,4034.58,1899934,176194.0,174481.0,4100.0,4110.0,4012.0,4092.6,25841200,4501.8,3683.4,4440.0,3288.1,4040.8,7,1,4040.7,15,2,4040.5,14,2,4040.3,18,2,4040.2,71,3,4041.3,23,1,4041.4,14,2,4041.7,16,1,4041.8,12,1,4041.9,20,1
11483,2026-07-02 14:41:23+05:30,4040.2,12,4034.58,1899934,176194.0,174481.0,4100.0,4110.0,4012.0,4092.6,25841200,4501.8,3683.4,4440.0,3288.1,4040.8,7,1,4040.7,15,2,4040.5,14,2,4040.3,18,2,4040.2,71,3,4041.3,23,1,4041.4,14,2,4041.7,16,1,4041.8,12,1,4041.9,20,1
11483,2026-07-02 14:41:23+05:30,4040.2,12,4034.58,1900047,176444.0,174341.0,4100.0,4110.0,4012.0,4092.6,25841200,4501.8,3683.4,4440.0,3288.1,4040.7,52,1,4040.6,26,2,4040.5,32,3,4040.4,36,2,4040.3,47,4,4041.4,19,2,4041.7,16,1,4042.0,15,2,4042.2,13,1,4042.5,83,6
11483,2026-07-02 14:41:24+05:30,4041.2,13,4034.58,1900047,176444.0,174341.0,4100.0,4110.0,4012.0,4092.6,25841200,4501.8,3683.4,4440.0,3288.1,4040.7,52,1,4040.6,26,2,4040.5,32,3,4040.4,36,2,4040.3,47,4,4041.4,19,2,4041.7,16,1,4042.0,15,2,4042.2,13,1,4042.5,83,6
11483,2026-07-02 14:41:24+05:30,4041.2,13,4034.58,1900140,176658.0,174428.0,4100.0,4110.0,4012.0,4092.6,25841200,4501.8,3683.4,4440.0,3288.1,4040.8,15,2,4040.7,49,2,4040.6,26,2,4040.5,39,2,4040.4,33,2,4041.2,13,1,4041.7,16,1,4041.9,22,1,4042.0,15,2,4042.2,13,1
11483,2026-07-02 14:41:25+05:30,4040.7,15,4034.58,1900140,176658.0,174428.0,4100.0,4110.0,4012.0,4092.6,25841200,4501.8,3683.4,4440.0,3288.1,4040.8,15,2,4040.7,49,2,4040.6,26,2,4040.5,39,2,4040.4,33,2,4041.2,13,1,4041.7,16,1,4041.9,22,1,4042.0,15,2,4042.2,13,1
11483,2026-07-02 14:41:25+05:30,4040.7,5,4034.58,1900195,176355.0,174881.0,4100.0,4110.0,4012.0,4092.6,25841200,4501.8,3683.4,4440.0,3288.1,4040.7,9,1,4040.1,28,3,4040.0,945,19,4039.9,50,2,4039.8,83,3,4041.2,13,1,4041.4,13,1,4041.7,16,1,4041.9,13,1,4042.0,15,2
11483,2026-07-02 14:41:26+05:30,4041.2,8,4034.58,1900195,176355.0,174881.0,4100.0,4110.0,4012.0,4092.6,25841200,4501.8,3683.4,4440.0,3288.1,4040.7,9,1,4040.1,28,3,4040.0,945,19,4039.9,50,2,4039.8,83,3,4041.2,13,1,4041.4,13,1,4041.7,16,1,4041.9,13,1,4042.0,15,2
11483,2026-07-02 14:41:26+05:30,4041.2,8,4034.58,1900209,176300.0,175718.0,4100.0,4110.0,4012.0,4092.6,25841200,4501.8,3683.4,4440.0,3288.1,4041.1,20,1,4040.7,3,1,4040.1,51,3,4040.0,910,17,4039.9,65,2,4041.2,5,1,4041.4,13,1,4041.7,16,1,4041.9,13,1,4042.0,15,2
11483,2026-07-02 14:41:27+05:30,4041.2,1,4034.58,1900209,176300.0,175718.0,4100.0,4110.0,4012.0,4092.6,25841200,4501.8,3683.4,4440.0,3288.1,4041.1,20,1,4040.7,3,1,4040.1,51,3,4040.0,910,17,4039.9,65,2,4041.2,5,1,4041.4,13,1,4041.7,16,1,4041.9,13,1,4042.0,15,2
11483,2026-07-02 14:41:27+05:30,4040.7,3,4034.58,1900236,176230.0,175786.0,4100.0,4110.0,4012.0,4092.6,25841200,4501.8,3683.4,4440.0,3288.1,4040.7,52,1,4040.1,70,4,4040.0,900,16,4039.9,44,1,4039.8,39,3,4041.1,12,1,4041.2,53,3,4041.7,16,1,4041.9,25,2,4042.0,36,3
11483,2026-07-02 14:41:28+05:30,4040.7,3,4034.58,1900236,176230.0,175786.0,4100.0,4110.0,4012.0,4092.6,25841200,4501.8,3683.4,4440.0,3288.1,4040.7,52,1,4040.1,70,4,4040.0,900,16,4039.9,44,1,4039.8,39,3,4041.1,12,1,4041.2,53,3,4041.7,16,1,4041.9,25,2,4042.0,36,3
11483,2026-07-02 14:41:28+05:30,4041.1,7,4034.58,1900246,176232.0,175923.0,4100.0,4110.0,4012.0,4092.6,25841200,4501.8,3683.4,4440.0,3288.1,4040.7,49,1,4040.1,70,4,4040.0,900,16,4039.9,44,1,4039.8,39,3,4041.1,5,1,4041.2,93,4,4041.4,13,1,4041.7,16,1,4041.9,12,1
11483,2026-07-02 14:41:29+05:30,4040.7,1,4034.58,1900246,176232.0,175923.0,4100.0,4110.0,4012.0,4092.6,25841200,4501.8,3683.4,4440.0,3288.1,4040.7,49,1,4040.1,70,4,4040.0,900,16,4039.9,44,1,4039.8,39,3,4041.1,5,1,4041.2,93,4,4041.4,13,1,4041.7,16,1,4041.9,12,1
11483,2026-07-02 14:41:29+05:30,4040.7,80,4034.58,1900327,176232.0,175871.0,4100.0,4110.0,4012.0,4092.6,25841200,4501.8,3683.4,4440.0,3288.1,4040.7,52,1,4040.1,34,3,4040.0,900,16,4039.8,19,2,4039.7,6,1,4041.1,8,3,4041.2,91,3,4041.4,13,1,4041.7,16,1,4041.8,12,1
11483,2026-07-02 14:41:30+05:30,4040.7,10,4034.58,1900327,176232.0,175871.0,4100.0,4110.0,4012.0,4092.6,25841200,4501.8,3683.4,4440.0,3288.1,4040.7,52,1,4040.1,34,3,4040.0,900,16,4039.8,19,2,4039.7,6,1,4041.1,8,3,4041.2,91,3,4041.4,13,1,4041.7,16,1,4041.8,12,1
11483,2026-07-02 14:41:30+05:30,4041.1,2,4034.58,1900381,176299.0,175756.0,4100.0,4110.0,4012.0,4092.6,25841200,4501.8,3683.4,4440.0,3288.1,4040.7,42,1,4040.1,57,3,4040.0,900,16,4039.8,57,2,4039.6,124,6,4041.1,21,2,4041.2,102,4,4041.7,16,1,4041.9,56,2,4042.0,34,4
11483,2026-07-02 14:41:31+05:30,4041.1,4,4034.58,1900381,176299.0,175756.0,4100.0,4110.0,4012.0,4092.6,25841200,4501.8,3683.4,4440.0,3288.1,4040.7,42,1,4040.1,57,3,4040.0,900,16,4039.8,57,2,4039.6,124,6,4041.1,21,2,4041.2,102,4,4041.7,16,1,4041.9,56,2,4042.0,34,4
11483,2026-07-02 14:41:31+05:30,4041.1,4,4034.58,1900392,176291.0,175900.0,4100.0,4110.0,4012.0,4092.6,25841200,4501.8,3683.4,4440.0,3288.1,4040.7,35,1,4040.1,57,3,4040.0,900,16,4039.8,57,2,4039.6,124,6,4041.1,17,2,4041.2,102,4,4041.7,16,1,4041.9,56,2,4042.0,34,4
11483,2026-07-02 14:41:32+05:30,4040.7,1,4034.58,1900392,176291.0,175900.0,4100.0,4110.0,4012.0,4092.6,25841200,4501.8,3683.4,4440.0,3288.1,4040.7,35,1,4040.1,57,3,4040.0,900,16,4039.8,57,2,4039.6,124,6,4041.1,17,2,4041.2,102,4,4041.7,16,1,4041.9,56,2,4042.0,34,4
11483,2026-07-02 14:41:32+05:30,4040.7,1,4034.58,1900394,176302.0,176909.0,4100.0,4110.0,4012.0,4092.6,25841200,4501.8,3683.4,4440.0,3288.1,4040.7,33,1,4040.1,57,3,4040.0,916,16,4039.8,13,1,4039.6,118,5,4041.0,400,1,4041.1,17,2,4041.2,102,4,4041.7,16,1,4041.9,56,2
11483,2026-07-02 14:41:33+05:30,4040.7,1,4034.58,1900394,176302.0,176909.0,4100.0,4110.0,4012.0,4092.6,25841200,4501.8,3683.4,4440.0,3288.1,4040.7,33,1,4040.1,57,3,4040.0,916,16,4039.8,13,1,4039.6,118,5,4041.0,400,1,4041.1,17,2,4041.2,102,4,4041.7,16,1,4041.9,56,2
11483,2026-07-02 14:41:33+05:30,4041.0,300,4034.58,1900394,176302.0,176909.0,4100.0,4110.0,4012.0,4092.6,25841200,4501.8,3683.4,4440.0,3288.1,4040.7,33,1,4040.1,57,3,4040.0,916,16,4039.8,13,1,4039.6,118,5,4041.0,400,1,4041.1,17,2,4041.2,102,4,4041.7,16,1,4041.9,56,2
11483,2026-07-02 14:41:33+05:30,4041.0,300,4034.58,1900394,176302.0,176909.0,4100.0,4110.0,4012.0,4092.6,25841200,4501.8,3683.4,4440.0,3288.1,4040.7,33,1,4040.1,57,3,4040.0,916,16,4039.8,13,1,4039.6,118,5,4041.0,400,1,4041.1,17,2,4041.2,102,4,4041.7,16,1,4041.9,56,2
11483,2026-07-02 14:41:33+05:30,4040.7,16,4034.58,1900710,176275.0,176651.0,4100.0,4110.0,4012.0,4092.6,25841200,4501.8,3683.4,4440.0,3288.1,4040.7,17,1,4040.1,40,3,4040.0,916,16,4039.8,13,1,4039.6,118,5,4041.0,130,3,4041.1,17,2,4041.2,90,2,4041.7,31,2,4041.9,76,3
11483,2026-07-02 14:41:33+05:30,4040.7,16,4034.58,1900710,176275.0,176651.0,4100.0,4110.0,4012.0,4092.6,25841200,4501.8,3683.4,4440.0,3288.1,4040.7,17,1,4040.1,40,3,4040.0,916,16,4039.8,13,1,4039.6,118,5,4041.0,130,3,4041.1,17,2,4041.2,90,2,4041.7,31,2,4041.9,76,3
11483,2026-07-02 14:41:34+05:30,4041.0,120,4034.58,1900710,176275.0,176651.0,4100.0,4110.0,4012.0,4092.6,25841200,4501.8,3683.4,4440.0,3288.1,4040.7,17,1,4040.1,40,3,4040.0,916,16,4039.8,13,1,4039.6,118,5,4041.0,130,3,4041.1,17,2,4041.2,90,2,4041.7,31,2,4041.9,76,3
11483,2026-07-02 14:41:34+05:30,4041.0,120,4034.58,1900710,176275.0,176651.0,4100.0,4110.0,4012.0,4092.6,25841200,4501.8,3683.4,4440.0,3288.1,4040.7,17,1,4040.1,40,3,4040.0,916,16,4039.8,13,1,4039.6,118,5,4041.0,130,3,4041.1,17,2,4041.2,90,2,4041.7,31,2,4041.9,76,3
11483,2026-07-02 14:41:34+05:30,4041.0,65,4034.58,1901117,175939.0,176859.0,4100.0,4110.0,4012.0,4092.6,25841200,4501.8,3683.4,4440.0,3288.1,4041.0,16,1,4040.2,64,1,4040.1,24,2,4040.0,916,16,4039.8,85,3,4041.2,90,2,4041.7,16,1,4041.9,64,2,4042.0,120,7,4042.2,57,2
11483,2026-07-02 14:41:35+05:30,4041.0,65,4034.58,1901117,175939.0,176859.0,4100.0,4110.0,4012.0,4092.6,25841200,4501.8,3683.4,4440.0,3288.1,4041.0,16,1,4040.2,64,1,4040.1,24,2,4040.0,916,16,4039.8,85,3,4041.2,90,2,4041.7,16,1,4041.9,64,2,4042.0,120,7,4042.2,57,2
11483,2026-07-02 14:41:35+05:30,4041.0,5,4034.58,1901117,175939.0,176859.0,4100.0,4110.0,4012.0,4092.6,25841200,4501.8,3683.4,4440.0,3288.1,4041.0,16,1,4040.2,64,1,4040.1,24,2,4040.0,916,16,4039.8,85,3,4041.2,90,2,4041.7,16,1,4041.9,64,2,4042.0,120,7,4042.2,57,2
11483,2026-07-02 14:41:35+05:30,4041.0,5,4034.58,1901117,175939.0,176859.0,4100.0,4110.0,4012.0,4092.6,25841200,4501.8,3683.4,4440.0,3288.1,4041.0,16,1,4040.2,64,1,4040.1,24,2,4040.0,916,16,4039.8,85,3,4041.2,90,2,4041.7,16,1,4041.9,64,2,4042.0,120,7,4042.2,57,2
11483,2026-07-02 14:41:35+05:30,4041.0,5,4034.58,1901171,175827.0,176896.0,4100.0,4110.0,4012.0,4092.6,25841200,4501.8,3683.4,4440.0,3288.1,4041.0,11,1,4040.2,64,1,4040.1,24,2,4040.0,916,16,4039.8,85,3,4041.2,90,2,4041.7,16,1,4041.9,64,2,4042.0,120,7,4042.2,77,3
11483,2026-07-02 14:41:36+05:30,4041.0,5,4034.58,1901171,175827.0,176896.0,4100.0,4110.0,4012.0,4092.6,25841200,4501.8,3683.4,4440.0,3288.1,4041.0,11,1,4040.2,64,1,4040.1,24,2,4040.0,916,16,4039.8,85,3,4041.2,90,2,4041.7,16,1,4041.9,64,2,4042.0,120,7,4042.2,77,3
11483,2026-07-02 14:41:36+05:30,4041.0,5,4034.58,1901171,175827.0,176896.0,4100.0,4110.0,4012.0,4092.6,25841200,4501.8,3683.4,4440.0,3288.1,4041.0,11,1,4040.2,64,1,4040.1,24,2,4040.0,916,16,4039.8,85,3,4041.2,90,2,4041.7,16,1,4041.9,64,2,4042.0,120,7,4042.2,77,3
11483,2026-07-02 14:41:36+05:30,4041.0,5,4034.58,1901171,175827.0,176896.0,4100.0,4110.0,4012.0,4092.6,25841200,4501.8,3683.4,4440.0,3288.1,4041.0,11,1,4040.2,64,1,4040.1,24,2,4040.0,916,16,4039.8,85,3,4041.2,90,2,4041.7,16,1,4041.9,64,2,4042.0,120,7,4042.2,77,3
11483,2026-07-02 14:41:36+05:30,4041.0,5,4034.58,1901182,176080.0,176713.0,4100.0,4110.0,4012.0,4092.6,25841200,4501.8,3683.4,4440.0,3288.1,4041.1,20,1,4041.0,16,1,4040.2,38,1,4040.1,71,3,4040.0,916,16,4041.2,90,2,4041.4,13,1,4041.7,16,1,4041.9,44,1,4042.0,122,8
11483,2026-07-02 14:41:36+05:30,4041.0,5,4034.58,1901182,176080.0,176713.0,4100.0,4110.0,4012.0,4092.6,25841200,4501.8,3683.4,4440.0,3288.1,4041.1,20,1,4041.0,16,1,4040.2,38,1,4040.1,71,3,4040.0,916,16,4041.2,90,2,4041.4,13,1,4041.7,16,1,4041.9,44,1,4042.0,122,8
11483,2026-07-02 14:41:37+05:30,4041.0,5,4034.58,1901182,176080.0,176713.0,4100.0,4110.0,4012.0,4092.6,25841200,4501.8,3683.4,4440.0,3288.1,4041.1,20,1,4041.0,16,1,4040.2,38,1,4040.1,71,3,4040.0,916,16,4041.2,90,2,4041.4,13,1,4041.7,16,1,4041.9,44,1,4042.0,122,8
11483,2026-07-02 14:41:37+05:30,4040.1,15,4034.58,1901182,176080.0,176713.0,4100.0,4110.0,4012.0,4092.6,25841200,4501.8,3683.4,4440.0,3288.1,4041.1,20,1,4041.0,16,1,4040.2,38,1,4040.1,71,3,4040.0,916,16,4041.2,90,2,4041.4,13,1,4041.7,16,1,4041.9,44,1,4042.0,122,8
11483,2026-07-02 14:41:37+05:30,4040.1,15,4034.58,1901182,176080.0,176713.0,4100.0,4110.0,4012.0,4092.6,25848025,4501.8,3683.4,4440.0,3288.1,4041.1,20,1,4041.0,16,1,4040.2,38,1,4040.1,71,3,4040.0,916,16,4041.2,90,2,4041.4,13,1,4041.7,16,1,4041.9,44,1,4042.0,122,8
11483,2026-07-02 14:41:37+05:30,4041.0,10,4034.59,1901434,174829.0,176956.0,4100.0,4110.0,4012.0,4092.6,25848025,4501.8,3683.4,4440.0,3288.1,4041.0,2,1,4040.3,5,1,4040.2,20,1,4040.1,43,2,4040.0,948,18,4041.2,24,1,4041.4,13,1,4041.7,16,1,4041.9,44,1,4042.0,120,7
11483,2026-07-02 14:41:38+05:30,4041.0,10,4034.59,1901434,174829.0,176956.0,4100.0,4110.0,4012.0,4092.6,25848025,4501.8,3683.4,4440.0,3288.1,4041.0,2,1,4040.3,5,1,4040.2,20,1,4040.1,43,2,4040.0,948,18,4041.2,24,1,4041.4,13,1,4041.7,16,1,4041.9,44,1,4042.0,120,7
11483,2026-07-02 14:41:38+05:30,4041.0,5,4034.59,1901434,174829.0,176956.0,4100.0,4110.0,4012.0,4092.6,25848025,4501.8,3683.4,4440.0,3288.1,4041.0,2,1,4040.3,5,1,4040.2,20,1,4040.1,43,2,4040.0,948,18,4041.2,24,1,4041.4,13,1,4041.7,16,1,4041.9,44,1,4042.0,120,7
11483,2026-07-02 14:41:38+05:30,4041.0,5,4034.59,1901434,174829.0,176956.0,4100.0,4110.0,4012.0,4092.6,25848025,4501.8,3683.4,4440.0,3288.1,4041.0,2,1,4040.3,5,1,4040.2,20,1,4040.1,43,2,4040.0,948,18,4041.2,24,1,4041.4,13,1,4041.7,16,1,4041.9,44,1,4042.0,120,7
11483,2026-07-02 14:41:38+05:30,4041.2,24,4034.59,1901489,175988.0,176867.0,4100.0,4110.0,4012.0,4092.6,25848025,4501.8,3683.4,4440.0,3288.1,4040.4,10,1,4040.2,39,3,4040.1,18,2,4040.0,928,17,4039.9,17,2,4041.4,13,1,4041.7,16,1,4041.9,56,2,4042.0,120,7,4042.1,44,3
11483,2026-07-02 14:41:39+05:30,4041.2,24,4034.59,1901489,175988.0,176867.0,4100.0,4110.0,4012.0,4092.6,25848025,4501.8,3683.4,4440.0,3288.1,4040.4,10,1,4040.2,39,3,4040.1,18,2,4040.0,928,17,4039.9,17,2,4041.4,13,1,4041.7,16,1,4041.9,56,2,4042.0,120,7,4042.1,44,3
11483,2026-07-02 14:41:39+05:30,4041.0,1,4034.59,1901489,175988.0,176867.0,4100.0,4110.0,4012.0,4092.6,25848025,4501.8,3683.4,4440.0,3288.1,4040.4,10,1,4040.2,39,3,4040.1,18,2,4040.0,928,17,4039.9,17,2,4041.4,13,1,4041.7,16,1,4041.9,56,2,4042.0,120,7,4042.1,44,3
11483,2026-07-02 14:41:39+05:30,4041.0,1,4034.59,1901489,175988.0,176867.0,4100.0,4110.0,4012.0,4092.6,25848025,4501.8,3683.4,4440.0,3288.1,4040.4,10,1,4040.2,39,3,4040.1,18,2,4040.0,928,17,4039.9,17,2,4041.4,13,1,4041.7,16,1,4041.9,56,2,4042.0,120,7,4042.1,44,3
11483,2026-07-02 14:41:39+05:30,4040.5,1,4034.59,1901497,176107.0,175955.0,4100.0,4110.0,4012.0,4092.6,25848025,4501.8,3683.4,4440.0,3288.1,4040.5,8,1,4040.4,18,3,4040.2,95,6,4040.1,18,2,4040.0,928,17,4041.0,9,1,4041.4,12,1,4041.7,16,1,4041.9,25,2,4042.0,110,6
11483,2026-07-02 14:41:40+05:30,4040.5,1,4034.59,1901497,176107.0,175955.0,4100.0,4110.0,4012.0,4092.6,25848025,4501.8,3683.4,4440.0,3288.1,4040.5,8,1,4040.4,18,3,4040.2,95,6,4040.1,18,2,4040.0,928,17,4041.0,9,1,4041.4,12,1,4041.7,16,1,4041.9,25,2,4042.0,110,6
11483,2026-07-02 14:41:40+05:30,4040.7,1,4034.59,1901509,180802.0,176020.0,4100.0,4110.0,4012.0,4092.6,25848025,4501.8,3683.4,4440.0,3288.1,4040.7,14,2,4040.6,29,2,4040.4,5,1,4040.3,6,1,4040.2,48,2,4041.0,36,3,4041.4,24,2,4041.7,16,1,4042.0,110,6,4042.2,77,3
11483,2026-07-02 14:41:41+05:30,4040.7,3,4034.59,1901509,180802.0,176020.0,4100.0,4110.0,4012.0,4092.6,25848025,4501.8,3683.4,4440.0,3288.1,4040.7,14,2,4040.6,29,2,4040.4,5,1,4040.3,6,1,4040.2,48,2,4041.0,36,3,4041.4,24,2,4041.7,16,1,4042.0,110,6,4042.2,77,3
11483,2026-07-02 14:41:41+05:30,4041.0,2,4034.59,1901516,180788.0,176102.0,4100.0,4110.0,4012.0,4092.6,25848025,4501.8,3683.4,4440.0,3288.1,4040.7,9,2,4040.6,8,1,4040.4,5,1,4040.2,48,2,4040.1,39,3,4041.0,34,3,4041.1,11,1,4041.2,12,1,4041.7,16,1,4042.0,110,6
11483,2026-07-02 14:41:42+05:30,4041.0,2,4034.59,1901516,180788.0,176102.0,4100.0,4110.0,4012.0,4092.6,25848025,4501.8,3683.4,4440.0,3288.1,4040.7,9,2,4040.6,8,1,4040.4,5,1,4040.2,48,2,4040.1,39,3,4041.0,34,3,4041.1,11,1,4041.2,12,1,4041.7,16,1,4042.0,110,6
11483,2026-07-02 14:41:42+05:30,4041.0,2,4034.59,1901516,180656.0,176446.0,4100.0,4110.0,4012.0,4092.6,25848025,4501.8,3683.4,4440.0,3288.1,4040.4,10,1,4040.3,48,3,4040.2,45,4,4040.1,12,2,4040.0,936,17,4041.0,534,4,4041.1,11,1,4041.2,12,1,4041.7,16,1,4041.9,57,2
11483,2026-07-02 14:41:43+05:30,4041.0,1,4034.59,1901516,180656.0,176446.0,4100.0,4110.0,4012.0,4092.6,25848025,4501.8,3683.4,4440.0,3288.1,4040.4,10,1,4040.3,48,3,4040.2,45,4,4040.1,12,2,4040.0,936,17,4041.0,534,4,4041.1,11,1,4041.2,12,1,4041.7,16,1,4041.9,57,2
11483,2026-07-02 14:41:43+05:30,4041.0,167,4034.59,1901717,180682.0,176409.0,4100.0,4110.0,4012.0,4092.6,25848025,4501.8,3683.4,4440.0,3288.1,4040.4,29,4,4040.3,34,2,4040.2,40,3,4040.1,2,1,4040.0,936,17,4041.0,462,3,4041.1,11,1,4041.7,16,1,4041.9,13,1,4042.0,110,6
11483,2026-07-02 14:41:44+05:30,4040.4,5,4034.59,1901717,180682.0,176409.0,4100.0,4110.0,4012.0,4092.6,25848025,4501.8,3683.4,4440.0,3288.1,4040.4,29,4,4040.3,34,2,4040.2,40,3,4040.1,2,1,4040.0,936,17,4041.0,462,3,4041.1,11,1,4041.7,16,1,4041.9,13,1,4042.0,110,6
11483,2026-07-02 14:41:44+05:30,4040.4,5,4034.59,1901767,180660.0,176358.0,4100.0,4110.0,4012.0,4092.6,25848025,4501.8,3683.4,4440.0,3288.1,4040.4,24,3,4040.3,48,3,4040.2,40,3,4040.1,2,1,4040.0,936,17,4041.0,452,3,4041.1,11,1,4041.7,16,1,4041.9,57,2,4042.0,110,6
11483,2026-07-02 14:41:45+05:30,4040.4,1,4034.59,1901767,180660.0,176358.0,4100.0,4110.0,4012.0,4092.6,25848025,4501.8,3683.4,4440.0,3288.1,4040.4,24,3,4040.3,48,3,4040.2,40,3,4040.1,2,1,4040.0,936,17,4041.0,452,3,4041.1,11,1,4041.7,16,1,4041.9,57,2,4042.0,110,6
11483,2026-07-02 14:41:45+05:30,4040.4,1,4034.59,1901774,180600.0,176405.0,4100.0,4110.0,4012.0,4092.6,25848025,4501.8,3683.4,4440.0,3288.1,4040.9,6,4,4040.6,29,2,4040.4,5,1,4040.3,38,2,4040.1,78,3,4041.0,452,3,4041.1,11,1,4041.7,16,1,4041.9,44,1,4042.0,110,6
11483,2026-07-02 14:41:46+05:30,4041.0,7,4034.59,1901774,180600.0,176405.0,4100.0,4110.0,4012.0,4092.6,25848025,4501.8,3683.4,4440.0,3288.1,4040.9,6,4,4040.6,29,2,4040.4,5,1,4040.3,38,2,4040.1,78,3,4041.0,452,3,4041.1,11,1,4041.7,16,1,4041.9,44,1,4042.0,110,6
11483,2026-07-02 14:41:46+05:30,4041.0,7,4034.59,1901782,180500.0,176594.0,4100.0,4110.0,4012.0,4092.6,25848025,4501.8,3683.4,4440.0,3288.1,4040.9,2,2,4040.7,16,1,4040.6,8,1,4040.4,5,1,4040.3,38,2,4041.0,528,5,4041.1,53,2,4041.2,42,1,4041.7,16,1,4041.9,44,1
11483,2026-07-02 14:41:47+05:30,4040.9,1,4034.59,1901782,180500.0,176594.0,4100.0,4110.0,4012.0,4092.6,25848025,4501.8,3683.4,4440.0,3288.1,4040.9,2,2,4040.7,16,1,4040.6,8,1,4040.4,5,1,4040.3,38,2,4041.0,528,5,4041.1,53,2,4041.2,42,1,4041.7,16,1,4041.9,44,1
11483,2026-07-02 14:41:47+05:30,4040.3,16,4034.59,1901823,180476.0,176760.0,4100.0,4110.0,4012.0,4092.6,25848025,4501.8,3683.4,4440.0,3288.1,4040.1,2,1,4040.0,936,17,4039.8,175,1,4039.7,30,1,4039.6,30,2,4041.0,528,5,4041.1,53,2,4041.2,123,2,4041.3,42,1,4041.5,42,1
11483,2026-07-02 14:41:48+05:30,4040.2,2,4034.59,1901823,180476.0,176760.0,4100.0,4110.0,4012.0,4092.6,25848025,4501.8,3683.4,4440.0,3288.1,4040.1,2,1,4040.0,936,17,4039.8,175,1,4039.7,30,1,4039.6,30,2,4041.0,528,5,4041.1,53,2,4041.2,123,2,4041.3,42,1,4041.5,42,1
11483,2026-07-02 14:41:48+05:30,4040.2,2,4034.59,1901830,180394.0,176768.0,4100.0,4110.0,4012.0,4092.6,25848025,4501.8,3683.4,4440.0,3288.1,4040.1,28,3,4040.0,963,18,4039.9,21,1,4039.8,175,1,4039.7,30,1,4040.6,81,1,4040.7,42,1,4040.8,42,1,4040.9,42,1,4041.0,452,5
11483,2026-07-02 14:41:49+05:30,4040.0,100,4034.59,1901830,180394.0,176768.0,4100.0,4110.0,4012.0,4092.6,25848025,4501.8,3683.4,4440.0,3288.1,4040.1,28,3,4040.0,963,18,4039.9,21,1,4039.8,175,1,4039.7,30,1,4040.6,81,1,4040.7,42,1,4040.8,42,1,4040.9,42,1,4041.0,452,5
11483,2026-07-02 14:41:49+05:30,4040.0,100,4034.59,1902031,179708.0,176729.0,4100.0,4110.0,4012.0,4092.6,25848025,4501.8,3683.4,4440.0,3288.1,4040.1,10,1,4040.0,814,20,4039.9,33,2,4039.8,175,1,4039.7,30,1,4040.5,42,1,4040.6,44,2,4040.7,42,1,4040.9,42,1,4041.0,464,5
11483,2026-07-02 14:41:50+05:30,4040.5,32,4034.59,1902031,179708.0,176729.0,4100.0,4110.0,4012.0,4092.6,25848025,4501.8,3683.4,4440.0,3288.1,4040.1,10,1,4040.0,814,20,4039.9,33,2,4039.8,175,1,4039.7,30,1,4040.5,42,1,4040.6,44,2,4040.7,42,1,4040.9,42,1,4041.0,464,5
11483,2026-07-02 14:41:50+05:30,4040.5,32,4034.59,1902220,180276.0,176469.0,4100.0,4110.0,4012.0,4092.6,25848025,4501.8,3683.4,4440.0,3288.1,4040.2,10,1,4040.1,29,4,4040.0,797,18,4039.8,224,4,4039.7,51,3,4040.6,44,2,4040.8,42,1,4041.0,464,5,4041.2,81,1,4041.6,12,1
11483,2026-07-02 14:41:51+05:30,4040.5,42,4034.59,1902220,180276.0,176469.0,4100.0,4110.0,4012.0,4092.6,25848025,4501.8,3683.4,4440.0,3288.1,4040.2,10,1,4040.1,29,4,4040.0,797,18,4039.8,224,4,4039.7,51,3,4040.6,44,2,4040.8,42,1,4041.0,464,5,4041.2,81,1,4041.6,12,1
11483,2026-07-02 14:41:51+05:30,4040.2,5,4034.59,1902449,180240.0,176632.0,4100.0,4110.0,4012.0,4092.6,25848025,4501.8,3683.4,4440.0,3288.1,4040.2,5,1,4040.1,29,4,4040.0,797,18,4039.9,5,1,4039.8,205,2,4040.6,44,2,4040.7,42,1,4040.8,12,1,4040.9,42,1,4041.0,450,4
11483,2026-07-02 14:41:52+05:30,4040.6,34,4034.59,1902449,180240.0,176632.0,4100.0,4110.0,4012.0,4092.6,25848025,4501.8,3683.4,4440.0,3288.1,4040.2,5,1,4040.1,29,4,4040.0,797,18,4039.9,5,1,4039.8,205,2,4040.6,44,2,4040.7,42,1,4040.8,12,1,4040.9,42,1,4041.0,450,4
11483,2026-07-02 14:41:52+05:30,4040.6,2,4034.59,1902561,180443.0,176456.0,4100.0,4110.0,4012.0,4092.6,25848025,4501.8,3683.4,4440.0,3288.1,4040.4,10,1,4040.3,23,5,4040.2,19,2,4040.1,50,3,4040.0,781,17,4040.6,39,1,4040.9,42,1,4041.0,462,5,4041.1,42,1,4041.2,81,1
11483,2026-07-02 14:41:53+05:30,4040.6,42,4034.59,1902561,180443.0,176456.0,4100.0,4110.0,4012.0,4092.6,25848025,4501.8,3683.4,4440.0,3288.1,4040.4,10,1,4040.3,23,5,4040.2,19,2,4040.1,50,3,4040.0,781,17,4040.6,39,1,4040.9,42,1,4041.0,462,5,4041.1,42,1,4041.2,81,1
11483,2026-07-02 14:41:53+05:30,4040.7,2,4034.59,1902620,179854.0,176611.0,4100.0,4110.0,4012.0,4092.6,25848025,4501.8,3683.4,4440.0,3288.1,4040.4,17,3,4040.3,13,2,4040.2,19,2,4040.1,53,2,4040.0,791,18,4040.6,76,1,4040.7,53,2,4040.9,42,1,4041.0,462,5,4041.1,42,1
11483,2026-07-02 14:41:54+05:30,4040.5,224,4034.59,1902620,179854.0,176611.0,4100.0,4110.0,4012.0,4092.6,25848025,4501.8,3683.4,4440.0,3288.1,4040.4,17,3,4040.3,13,2,4040.2,19,2,4040.1,53,2,4040.0,791,18,4040.6,76,1,4040.7,53,2,4040.9,42,1,4041.0,462,5,4041.1,42,1
11483,2026-07-02 14:41:54+05:30,4040.5,224,4034.59,1902899,179868.0,177737.0,4100.0,4110.0,4012.0,4092.6,25848025,4501.8,3683.4,4440.0,3288.1,4040.5,256,1,4040.4,5,1,4040.3,3,1,4040.1,31,1,4040.0,791,18,4040.6,60,2,4040.7,82,2,4040.9,43,2,4041.0,431,4,4041.1,42,1
11483,2026-07-02 14:41:55+05:30,4040.6,5,4034.59,1902899,179868.0,177737.0,4100.0,4110.0,4012.0,4092.6,25848025,4501.8,3683.4,4440.0,3288.1,4040.5,256,1,4040.4,5,1,4040.3,3,1,4040.1,31,1,4040.0,791,18,4040.6,60,2,4040.7,82,2,4040.9,43,2,4041.0,431,4,4041.1,42,1
11483,2026-07-02 14:41:55+05:30,4040.6,5,4034.59,1902938,179683.0,177827.0,4100.0,4110.0,4012.0,4092.6,25848025,4501.8,3683.4,4440.0,3288.1,4040.5,222,1,4040.4,5,1,4040.3,3,1,4040.1,31,1,4040.0,791,18,4040.6,55,2,4040.7,82,2,4040.9,43,2,4041.0,432,5,4041.1,42,1
11483,2026-07-02 14:41:56+05:30,4040.9,1,4034.59,1902938,179683.0,177827.0,4100.0,4110.0,4012.0,4092.6,25848025,4501.8,3683.4,4440.0,3288.1,4040.5,222,1,4040.4,5,1,4040.3,3,1,4040.1,31,1,4040.0,791,18,4040.6,55,2,4040.7,82,2,4040.9,43,2,4041.0,432,5,4041.1,42,1
11483,2026-07-02 14:41:56+05:30,4040.9,1,4034.59,1903185,180540.0,175958.0,4100.0,4110.0,4012.0,4092.6,25848025,4501.8,3683.4,4440.0,3288.1,4040.8,70,1,4040.7,10,1,4040.6,20,4,4040.5,218,1,4040.4,100,2,4040.9,80,1,4041.0,432,5,4041.2,123,2,4041.4,42,1,4041.7,80,2
11483,2026-07-02 14:41:57+05:30,4040.5,58,4034.59,1903185,180540.0,175958.0,4100.0,4110.0,4012.0,4092.6,25848025,4501.8,3683.4,4440.0,3288.1,4040.8,70,1,4040.7,10,1,4040.6,20,4,4040.5,218,1,4040.4,100,2,4040.9,80,1,4041.0,432,5,4041.2,123,2,4041.4,42,1,4041.7,80,2
11483,2026-07-02 14:41:57+05:30,4040.5,58,4034.59,1903340,180315.0,176278.0,4100.0,4110.0,4012.0,4092.6,25848025,4501.8,3683.4,4440.0,3288.1,4040.5,160,1,4040.4,78,1,4040.3,183,2,4040.2,22,1,4040.1,31,1,4040.9,42,1,4041.0,474,6,4041.1,42,1,4041.2,81,1,4041.3,42,1
11483,2026-07-02 14:41:58+05:30,4040.5,19,4034.59,1903340,180315.0,176278.0,4100.0,4110.0,4012.0,4092.6,25848025,4501.8,3683.4,4440.0,3288.1,4040.5,160,1,4040.4,78,1,4040.3,183,2,4040.2,22,1,4040.1,31,1,4040.9,42,1,4041.0,474,6,4041.1,42,1,4041.2,81,1,4041.3,42,1
11483,2026-07-02 14:41:58+05:30,4040.5,19,4034.59,1903359,180289.0,176239.0,4100.0,4110.0,4012.0,4092.6,25848025,4501.8,3683.4,4440.0,3288.1,4040.6,10,1,4040.5,151,2,4040.3,183,2,4040.2,22,1,4040.1,31,1,4040.9,2,1,4041.0,432,5,4041.2,81,1,4041.6,20,1,4041.7,80,2
11483,2026-07-02 14:41:59+05:30,4040.6,2,4034.59,1903359,180289.0,176239.0,4100.0,4110.0,4012.0,4092.6,25848025,4501.8,3683.4,4440.0,3288.1,4040.6,10,1,4040.5,151,2,4040.3,183,2,4040.2,22,1,4040.1,31,1,4040.9,2,1,4041.0,432,5,4041.2,81,1,4041.6,20,1,4041.7,80,2
11483,2026-07-02 14:41:59+05:30,4040.6,2,4034.59,1903368,180274.0,176177.0,4100.0,4110.0,4012.0,4092.6,25848025,4501.8,3683.4,4440.0,3288.1,4040.9,21,5,4040.7,9,1,4040.6,5,1,4040.5,141,1,4040.4,23,1,4041.0,427,5,4041.2,81,1,4041.7,80,2,4042.0,110,6,4042.1,105,2
11483,2026-07-02 14:42:00+05:30,4041.2,58,4034.59,1903368,180274.0,176177.0,4100.0,4110.0,4012.0,4092.6,25848025,4501.8,3683.4,4440.0,3288.1,4040.9,21,5,4040.7,9,1,4040.6,5,1,4040.5,141,1,4040.4,23,1,4041.0,427,5,4041.2,81,1,4041.7,80,2,4042.0,110,6,4042.1,105,2
11483,2026-07-02 14:42:00+05:30,4041.2,58,4034.59,1903954,180821.0,175733.0,4100.0,4110.0,4012.0,4092.6,25848025,4501.8,3683.4,4440.0,3288.1,4040.7,41,4,4040.6,5,1,4040.5,341,2,4040.4,29,2,4040.3,227,3,4041.2,23,1,4041.7,80,2,4042.0,110,6,4042.2,13,1,4042.4,25,2
11483,2026-07-02 14:42:01+05:30,4041.0,8,4034.59,1903954,180821.0,175733.0,4100.0,4110.0,4012.0,4092.6,25848025,4501.8,3683.4,4440.0,3288.1,4040.7,41,4,4040.6,5,1,4040.5,341,2,4040.4,29,2,4040.3,227,3,4041.2,23,1,4041.7,80,2,4042.0,110,6,4042.2,13,1,4042.4,25,2
11483,2026-07-02 14:42:01+05:30,4041.0,8,4034.6,1904746,181078.0,175222.0,4100.0,4110.0,4012.0,4092.6,25848025,4501.8,3683.4,4440.0,3288.1,4041.0,10,1,4040.9,25,2,4040.8,5,1,4040.7,80,5,4040.6,43,2,4042.4,28,2,4042.6,42,2,4042.7,41,4,4042.8,45,5,4042.9,70,3
11483,2026-07-02 14:42:02+05:30,4040.9,1,4034.6,1904746,181078.0,175222.0,4100.0,4110.0,4012.0,4092.6,25848025,4501.8,3683.4,4440.0,3288.1,4041.0,10,1,4040.9,25,2,4040.8,5,1,4040.7,80,5,4040.6,43,2,4042.4,28,2,4042.6,42,2,4042.7,41,4,4042.8,45,5,4042.9,70,3
11483,2026-07-02 14:42:02+05:30,4040.9,1,4034.6,1904758,180638.0,175311.0,4100.0,4110.0,4012.0,4092.6,25848025,4501.8,3683.4,4440.0,3288.1,4040.9,21,2,4040.7,7,2,4040.5,395,5,4040.4,205,2,4040.3,8,1,4041.0,9,1,4042.2,51,2,4042.4,42,2,4042.5,85,3,4042.6,47,2
11483,2026-07-02 14:42:03+05:30,4040.9,2,4034.6,1904760,180627.0,175403.0,4100.0,4110.0,4012.0,4092.6,25848025,4501.8,3683.4,4440.0,3288.1,4040.9,19,2,4040.7,2,1,4040.5,395,5,4040.4,175,1,4040.3,8,1,4041.0,12,2,4042.2,51,2,4042.4,42,2,4042.5,85,3,4042.6,47,2
11483,2026-07-02 14:42:03+05:30,4041.0,13,4034.6,1904760,180627.0,175403.0,4100.0,4110.0,4012.0,4092.6,25848025,4501.8,3683.4,4440.0,3288.1,4040.9,19,2,4040.7,2,1,4040.5,395,5,4040.4,175,1,4040.3,8,1,4041.0,12,2,4042.2,51,2,4042.4,42,2,4042.5,85,3,4042.6,47,2
11483,2026-07-02 14:42:04+05:30,4041.0,47,4034.6,1904760,180627.0,175403.0,4100.0,4110.0,4012.0,4092.6,25848025,4501.8,3683.4,4440.0,3288.1,4040.9,19,2,4040.7,2,1,4040.5,395,5,4040.4,175,1,4040.3,8,1,4041.0,12,2,4042.2,51,2,4042.4,42,2,4042.5,85,3,4042.6,47,2
11483,2026-07-02 14:42:04+05:30,4041.0,10,4034.6,1904857,180767.0,174774.0,4100.0,4110.0,4012.0,4092.6,25848025,4501.8,3683.4,4440.0,3288.1,4041.0,23,3,4040.9,23,2,4040.8,29,2,4040.7,8,2,4040.6,114,3,4042.2,18,1,4042.4,16,2,4042.6,3,1,4042.7,33,3,4042.8,24,4
11483,2026-07-02 14:42:05+05:30,4041.0,5,4034.6,1904857,180767.0,174774.0,4100.0,4110.0,4012.0,4092.6,25848025,4501.8,3683.4,4440.0,3288.1,4041.0,23,3,4040.9,23,2,4040.8,29,2,4040.7,8,2,4040.6,114,3,4042.2,18,1,4042.4,16,2,4042.6,3,1,4042.7,33,3,4042.8,24,4
11483,2026-07-02 14:42:05+05:30,4041.0,5,4034.6,1904869,180709.0,175564.0,4100.0,4110.0,4012.0,4092.6,25848025,4501.8,3683.4,4440.0,3288.1,4041.0,28,3,4040.9,23,2,4040.8,29,2,4040.7,60,4,4040.6,87,2,4042.2,18,1,4042.4,16,2,4042.6,41,2,4042.7,33,3,4042.8,24,4
11483,2026-07-02 14:42:06+05:30,4042.2,7,4034.6,1904869,180709.0,175564.0,4100.0,4110.0,4012.0,4092.6,25848025,4501.8,3683.4,4440.0,3288.1,4041.0,28,3,4040.9,23,2,4040.8,29,2,4040.7,60,4,4040.6,87,2,4042.2,18,1,4042.4,16,2,4042.6,41,2,4042.7,33,3,4042.8,24,4
11483,2026-07-02 14:42:06+05:30,4041.0,10,4034.6,1904927,180628.0,175667.0,4100.0,4110.0,4012.0,4092.6,25848025,4501.8,3683.4,4440.0,3288.1,4041.0,7,1,4040.9,13,1,4040.7,2,1,4040.5,539,4,4040.4,9,2,4042.2,6,3,4042.4,37,3,4042.5,21,1,4042.6,41,2,4042.7,33,3
11483,2026-07-02 14:42:07+05:30,4041.0,7,4034.6,1904927,180628.0,175667.0,4100.0,4110.0,4012.0,4092.6,25848025,4501.8,3683.4,4440.0,3288.1,4041.0,7,1,4040.9,13,1,4040.7,2,1,4040.5,539,4,4040.4,9,2,4042.2,6,3,4042.4,37,3,4042.5,21,1,4042.6,41,2,4042.7,33,3
11483,2026-07-02 14:42:07+05:30,4041.0,7,4034.6,1904934,180712.0,175672.0,4100.0,4110.0,4012.0,4092.6,25848025,4501.8,3683.4,4440.0,3288.1,4041.0,37,2,4040.9,13,1,4040.8,5,1,4040.7,2,1,4040.6,65,1,4042.2,6,3,4042.4,37,3,4042.5,21,1,4042.6,41,2,4042.7,33,3
11483,2026-07-02 14:42:08+05:30,4042.2,60,4034.6,1904934,180712.0,175672.0,4100.0,4110.0,4012.0,4092.6,25848025,4501.8,3683.4,4440.0,3288.1,4041.0,37,2,4040.9,13,1,4040.8,5,1,4040.7,2,1,4040.6,65,1,4042.2,6,3,4042.4,37,3,4042.5,21,1,4042.6,41,2,4042.7,33,3
11483,2026-07-02 14:42:08+05:30,4042.2,60,4034.6,1905001,180560.0,175740.0,4100.0,4110.0,4012.0,4092.6,25848025,4501.8,3683.4,4440.0,3288.1,4041.0,39,3,4040.9,13,1,4040.8,5,1,4040.7,45,2,4040.6,49,1,4042.2,37,2,4042.4,28,3,4042.5,25,2,4042.6,47,3,4042.7,33,3
11483,2026-07-02 14:42:09+05:30,4042.2,21,4034.6,1905001,180560.0,175740.0,4100.0,4110.0,4012.0,4092.6,25848025,4501.8,3683.4,4440.0,3288.1,4041.0,39,3,4040.9,13,1,4040.8,5,1,4040.7,45,2,4040.6,49,1,4042.2,37,2,4042.4,28,3,4042.5,25,2,4042.6,47,3,4042.7,33,3
11483,2026-07-02 14:42:09+05:30,4042.2,21,4034.6,1905067,180442.0,175935.0,4100.0,4110.0,4012.0,4092.6,25848025,4501.8,3683.4,4440.0,3288.1,4041.0,23,2,4040.9,13,1,4040.7,2,1,4040.6,49,1,4040.5,516,3,4042.2,55,4,4042.3,10,1,4042.4,52,3,4042.5,59,2,4042.6,35,2
11483,2026-07-02 14:42:10+05:30,4041.0,2,4034.6,1905067,180442.0,175935.0,4100.0,4110.0,4012.0,4092.6,25848025,4501.8,3683.4,4440.0,3288.1,4041.0,23,2,4040.9,13,1,4040.7,2,1,4040.6,49,1,4040.5,516,3,4042.2,55,4,4042.3,10,1,4042.4,52,3,4042.5,59,2,4042.6,35,2
11483,2026-07-02 14:42:10+05:30,4041.0,2,4034.6,1905089,180366.0,176057.0,4100.0,4110.0,4012.0,4092.6,25848025,4501.8,3683.4,4440.0,3288.1,4041.0,1,1,4040.9,13,1,4040.7,2,1,4040.5,516,3,4040.4,23,1,4042.1,46,3,4042.2,50,4,4042.4,15,2,4042.5,92,4,4042.6,69,3
11483,2026-07-02 14:42:11+05:30,4041.0,1,4034.6,1905090,180144.0,176132.0,4100.0,4110.0,4012.0,4092.6,25848025,4501.8,3683.4,4440.0,3288.1,4040.9,14,2,4040.7,2,1,4040.5,341,2,4040.4,44,1,4040.2,2,1,4041.0,1,1,4042.0,85,3,4042.1,95,4,4042.2,48,4,4042.4,64,3
11483,2026-07-02 14:42:11+05:30,4041.8,2,4034.6,1905090,180144.0,176132.0,4100.0,4110.0,4012.0,4092.6,25848025,4501.8,3683.4,4440.0,3288.1,4040.9,14,2,4040.7,2,1,4040.5,341,2,4040.4,44,1,4040.2,2,1,4041.0,1,1,4042.0,85,3,4042.1,95,4,4042.2,48,4,4042.4,64,3
11483,2026-07-02 14:42:12+05:30,4041.6,1,4034.6,1905096,180301.0,176363.0,4100.0,4110.0,4012.0,4092.6,25848025,4501.8,3683.4,4440.0,3288.1,4040.9,14,2,4040.7,2,1,4040.5,341,2,4040.2,2,1,4040.1,5,1,4041.6,36,5,4041.7,42,4,4041.8,53,4,4041.9,35,2,4042.0,15,1
11483,2026-07-02 14:42:12+05:30,4041.6,1,4034.6,1905096,180301.0,176363.0,4100.0,4110.0,4012.0,4092.6,25848025,4501.8,3683.4,4440.0,3288.1,4040.9,14,2,4040.7,2,1,4040.5,341,2,4040.2,2,1,4040.1,5,1,4041.6,36,5,4041.7,42,4,4041.8,53,4,4041.9,35,2,4042.0,15,1
11483,2026-07-02 14:42:13+05:30,4041.0,1,4034.6,1905100,180413.0,176466.0,4100.0,4110.0,4012.0,4092.6,25848025,4501.8,3683.4,4440.0,3288.1,4040.9,14,2,4040.5,341,2,4040.0,817,19,4039.8,46,2,4039.7,30,2,4041.0,1,1,4041.4,28,2,4041.5,32,3,4041.6,21,5,4041.7,49,5
11483,2026-07-02 14:42:13+05:30,4040.9,1,4034.6,1905100,180413.0,176466.0,4100.0,4110.0,4012.0,4092.6,25848025,4501.8,3683.4,4440.0,3288.1,4040.9,14,2,4040.5,341,2,4040.0,817,19,4039.8,46,2,4039.7,30,2,4041.0,1,1,4041.4,28,2,4041.5,32,3,4041.6,21,5,4041.7,49,5
11483,2026-07-02 14:42:14+05:30,4041.4,1,4034.6,1905103,180367.0,177487.0,4100.0,4110.0,4012.0,4092.6,25848025,4501.8,3683.4,4440.0,3288.1,4041.0,99,1,4040.9,12,1,4040.5,341,2,4040.1,49,2,4040.0,817,19,4041.4,40,3,4041.6,21,5,4041.7,49,5,4041.8,69,5,4041.9,35,2
11483,2026-07-02 14:42:14+05:30,4041.4,1,4034.6,1905103,180367.0,177487.0,4100.0,4110.0,4012.0,4092.6,25848025,4501.8,3683.4,4440.0,3288.1,4041.0,99,1,4040.9,12,1,4040.5,341,2,4040.1,49,2,4040.0,817,19,4041.4,40,3,4041.6,21,5,4041.7,49,5,4041.8,69,5,4041.9,35,2
11483,2026-07-02 14:42:15+05:30,4041.4,1,4034.6,1905105,180381.0,177611.0,4100.0,4110.0,4012.0,4092.6,25848025,4501.8,3683.4,4440.0,3288.1,4041.0,101,2,4040.9,12,1,4040.5,341,2,4040.2,2,1,4040.1,49,2,4041.4,51,5,4041.6,20,4,4041.7,49,5,4041.8,58,4,4041.9,35,2
11483,2026-07-02 14:42:15+05:30,4041.0,1,4034.6,1905105,180381.0,177611.0,4100.0,4110.0,4012.0,4092.6,25848025,4501.8,3683.4,4440.0,3288.1,4041.0,101,2,4040.9,12,1,4040.5,341,2,4040.2,2,1,4040.1,49,2,4041.4,51,5,4041.6,20,4,4041.7,49,5,4041.8,58,4,4041.9,35,2
11483,2026-07-02 14:42:16+05:30,4041.4,1,4034.6,1905122,180380.0,177620.0,4100.0,4110.0,4012.0,4092.6,25848025,4501.8,3683.4,4440.0,3288.1,4041.0,100,2,4040.9,12,1,4040.5,341,2,4040.2,2,1,4040.1,49,2,4041.4,35,5,4041.6,20,4,4041.7,49,5,4041.8,58,4,4041.9,35,2
11483,2026-07-02 14:42:16+05:30,4041.0,2,4034.6,1905122,180380.0,177620.0,4100.0,4110.0,4012.0,4092.6,25848025,4501.8,3683.4,4440.0,3288.1,4041.0,100,2,4040.9,12,1,4040.5,341,2,4040.2,2,1,4040.1,49,2,4041.4,35,5,4041.6,20,4,4041.7,49,5,4041.8,58,4,4041.9,35,2
11483,2026-07-02 14:42:17+05:30,4041.0,2,4034.6,1905124,180450.0,177082.0,4100.0,4110.0,4012.0,4092.6,25848025,4501.8,3683.4,4440.0,3288.1,4041.0,98,2,4040.9,12,1,4040.5,341,2,4040.2,2,1,4040.0,815,18,4041.2,57,5,4041.3,16,4,4041.4,41,5,4041.5,7,1,4041.6,41,5
11483,2026-07-02 14:42:18+05:30,4040.9,7,4034.6,1905234,180231.0,177264.0,4100.0,4110.0,4012.0,4092.6,25848025,4501.8,3683.4,4440.0,3288.1,4040.5,341,2,4040.0,820,19,4039.6,13,1,4039.5,30,2,4039.4,166,2,4041.0,48,5,4041.1,57,5,4041.2,33,4,4041.3,67,7,4041.4,52,5
11483,2026-07-02 14:42:18+05:30,4040.5,13,4034.6,1905234,180231.0,177264.0,4100.0,4110.0,4012.0,4092.6,25848025,4501.8,3683.4,4440.0,3288.1,4040.5,341,2,4040.0,820,19,4039.6,13,1,4039.5,30,2,4039.4,166,2,4041.0,48,5,4041.1,57,5,4041.2,33,4,4041.3,67,7,4041.4,52,5
11483,2026-07-02 14:42:19+05:30,4040.5,13,4034.6,1905247,180215.0,177171.0,4100.0,4110.0,4012.0,4092.6,25848025,4501.8,3683.4,4440.0,3288.1,4040.5,328,2,4040.0,820,19,4039.5,32,3,4039.4,172,3,4039.3,12,1,4040.8,51,5,4040.9,18,2,4041.0,49,5,4041.1,57,5,4041.2,10,3
11483,2026-07-02 14:42:19+05:30,4040.5,2,4034.6,1905247,180215.0,177171.0,4100.0,4110.0,4012.0,4092.6,25848025,4501.8,3683.4,4440.0,3288.1,4040.5,328,2,4040.0,820,19,4039.5,32,3,4039.4,172,3,4039.3,12,1,4040.8,51,5,4040.9,18,2,4041.0,49,5,4041.1,57,5,4041.2,10,3
11483,2026-07-02 14:42:20+05:30,4040.5,2,4034.6,1905249,180213.0,177310.0,4100.0,4110.0,4012.0,4092.6,25848025,4501.8,3683.4,4440.0,3288.1,4040.5,326,2,4040.0,820,19,4039.5,30,2,4039.4,168,3,4039.3,18,2,4040.8,54,6,4040.9,3,1,4041.0,42,3,4041.1,49,4,4041.2,18,3
11483,2026-07-02 14:42:21+05:30,4040.8,4,4034.6,1905253,180207.0,177109.0,4100.0,4110.0,4012.0,4092.6,25848025,4501.8,3683.4,4440.0,3288.1,4040.5,326,2,4040.0,820,19,4039.5,30,2,4039.4,168,3,4039.3,12,1,4040.8,50,6,4040.9,3,1,4041.0,18,2,4041.1,49,4,4041.2,29,4
11483,2026-07-02 14:42:21+05:30,4040.8,4,4034.6,1905253,180207.0,177109.0,4100.0,4110.0,4012.0,4092.6,25848025,4501.8,3683.4,4440.0,3288.1,4040.5,326,2,4040.0,820,19,4039.5,30,2,4039.4,168,3,4039.3,12,1,4040.8,50,6,4040.9,3,1,4041.0,18,2,4041.1,49,4,4041.2,29,4
11483,2026-07-02 14:42:22+05:30,4040.5,1,4034.6,1905364,179951.0,177359.0,4100.0,4110.0,4012.0,4092.6,25848025,4501.8,3683.4,4440.0,3288.1,4040.5,215,2,4040.0,820,19,4039.5,2,1,4039.4,168,3,4039.3,12,1,4040.7,29,3,4040.8,40,5,4040.9,47,4,4041.0,39,3,4041.1,60,5
11483,2026-07-02 14:42:22+05:30,4040.5,1,4034.6,1905364,179951.0,177359.0,4100.0,4110.0,4012.0,4092.6,25848025,4501.8,3683.4,4440.0,3288.1,4040.5,215,2,4040.0,820,19,4039.5,2,1,4039.4,168,3,4039.3,12,1,4040.7,29,3,4040.8,40,5,4040.9,47,4,4041.0,39,3,4041.1,60,5
11483,2026-07-02 14:42:23+05:30,4040.3,124,4034.6,1905364,179951.0,177359.0,4100.0,4110.0,4012.0,4092.6,25848025,4501.8,3683.4,4440.0,3288.1,4040.5,215,2,4040.0,820,19,4039.5,2,1,4039.4,168,3,4039.3,12,1,4040.7,29,3,4040.8,40,5,4040.9,47,4,4041.0,39,3,4041.1,60,5
11483,2026-07-02 14:42:23+05:30,4040.3,124,4034.6,1905754,178403.0,177407.0,4100.0,4110.0,4012.0,4092.6,25848025,4501.8,3683.4,4440.0,3288.1,4040.0,820,19,4039.4,122,1,4039.2,61,1,4039.0,212,4,4038.8,1,1,4040.4,79,5,4040.5,44,6,4040.6,26,3,4040.7,40,5,4040.8,11,3
11483,2026-07-02 14:42:24+05:30,4040.8,151,4034.6,1905754,178403.0,177407.0,4100.0,4110.0,4012.0,4092.6,25848025,4501.8,3683.4,4440.0,3288.1,4040.0,820,19,4039.4,122,1,4039.2,61,1,4039.0,212,4,4038.8,1,1,4040.4,79,5,4040.5,44,6,4040.6,26,3,4040.7,40,5,4040.8,11,3
11483,2026-07-02 14:42:24+05:30,4040.8,151,4034.6,1906315,179102.0,177866.0,4100.0,4110.0,4012.0,4092.6,25848025,4501.8,3683.4,4440.0,3288.1,4040.4,1,1,4040.0,773,19,4039.4,44,1,4039.3,12,1,4039.2,112,3,4040.9,67,5,4041.1,32,3,4041.2,13,2,4041.3,28,3,4041.4,13,2
11483,2026-07-02 14:42:25+05:30,4040.4,1,4034.6,1906315,179102.0,177866.0,4100.0,4110.0,4012.0,4092.6,25848025,4501.8,3683.4,4440.0,3288.1,4040.4,1,1,4040.0,773,19,4039.4,44,1,4039.3,12,1,4039.2,112,3,4040.9,67,5,4041.1,32,3,4041.2,13,2,4041.3,28,3,4041.4,13,2
11483,2026-07-02 14:42:25+05:30,4040.4,1,4034.6,1906317,179021.0,178193.0,4100.0,4110.0,4012.0,4092.6,25848025,4501.8,3683.4,4440.0,3288.1,4040.0,773,19,4039.4,44,1,4039.2,90,2,4039.0,241,5,4038.9,24,2,4040.4,5,1,4040.9,70,6,4041.1,32,3,4041.2,13,2,4041.3,28,3
11483,2026-07-02 14:42:26+05:30,4040.4,5,4034.6,1906317,179021.0,178193.0,4100.0,4110.0,4012.0,4092.6,25848025,4501.8,3683.4,4440.0,3288.1,4040.0,773,19,4039.4,44,1,4039.2,90,2,4039.0,241,5,4038.9,24,2,4040.4,5,1,4040.9,70,6,4041.1,32,3,4041.2,13,2,4041.3,28,3
11483,2026-07-02 14:42:26+05:30,4040.4,5,4034.6,1906328,178241.0,178371.0,4100.0,4110.0,4012.0,4092.6,25848025,4501.8,3683.4,4440.0,3288.1,4040.0,773,19,4039.2,61,1,4039.0,56,2,4038.9,2,1,4038.8,1,1,4040.4,44,7,4040.6,49,3,4040.7,22,2,4040.8,5,1,4040.9,6,1
11483,2026-07-02 14:42:27+05:30,4040.0,2,4034.6,1906328,178241.0,178371.0,4100.0,4110.0,4012.0,4092.6,25848025,4501.8,3683.4,4440.0,3288.1,4040.0,773,19,4039.2,61,1,4039.0,56,2,4038.9,2,1,4038.8,1,1,4040.4,44,7,4040.6,49,3,4040.7,22,2,4040.8,5,1,4040.9,6,1
11483,2026-07-02 14:42:27+05:30,4040.0,2,4034.6,1906381,178147.0,178408.0,4100.0,4110.0,4012.0,4092.6,25848025,4501.8,3683.4,4440.0,3288.1,4040.0,693,17,4039.2,61,1,4039.0,44,1,4038.9,2,1,4038.8,1,1,4040.3,75,5,4040.4,4,3,4040.6,36,2,4040.7,39,3,4040.9,6,1
11483,2026-07-02 14:42:28+05:30,4040.0,123,4034.6,1906381,178147.0,178408.0,4100.0,4110.0,4012.0,4092.6,25848025,4501.8,3683.4,4440.0,3288.1,4040.0,693,17,4039.2,61,1,4039.0,44,1,4038.9,2,1,4038.8,1,1,4040.3,75,5,4040.4,4,3,4040.6,36,2,4040.7,39,3,4040.9,6,1
11483,2026-07-02 14:42:28+05:30,4040.0,3,4034.6,1906526,177824.0,179020.0,4100.0,4110.0,4012.0,4092.6,25848025,4501.8,3683.4,4440.0,3288.1,4040.0,559,18,4039.2,61,1,4038.8,1,1,4038.7,113,2,4038.6,237,5,4040.1,47,3,4040.2,28,1,4040.3,33,3,4040.4,23,2,4040.5,7,1
11483,2026-07-02 14:42:29+05:30,4040.4,38,4034.6,1906526,177824.0,179020.0,4100.0,4110.0,4012.0,4092.6,25848025,4501.8,3683.4,4440.0,3288.1,4040.0,559,18,4039.2,61,1,4038.8,1,1,4038.7,113,2,4038.6,237,5,4040.1,47,3,4040.2,28,1,4040.3,33,3,4040.4,23,2,4040.5,7,1
11483,2026-07-02 14:42:29+05:30,4040.0,5,4034.6,1906738,177839.0,178535.0,4100.0,4110.0,4012.0,4092.6,25848025,4501.8,3683.4,4440.0,3288.1,4040.0,537,18,4039.2,61,1,4038.8,1,1,4038.7,113,2,4038.6,237,5,4040.1,2,1,4040.4,73,5,4040.6,28,1,4040.7,32,3,4040.8,11,1
11483,2026-07-02 14:42:30+05:30,4040.6,36,4034.6,1906738,177839.0,178535.0,4100.0,4110.0,4012.0,4092.6,25848025,4501.8,3683.4,4440.0,3288.1,4040.0,537,18,4039.2,61,1,4038.8,1,1,4038.7,113,2,4038.6,237,5,4040.1,2,1,4040.4,73,5,4040.6,28,1,4040.7,32,3,4040.8,11,1
11483,2026-07-02 14:42:30+05:30,4040.6,3,4034.6,1906919,177930.0,178680.0,4100.0,4110.0,4012.0,4092.6,25848025,4501.8,3683.4,4440.0,3288.1,4040.0,514,19,4039.2,61,1,4038.8,3,2,4038.7,113,2,4038.6,266,7,4040.6,35,3,4040.7,75,4,4040.8,22,2,4040.9,17,3,4041.0,79,3
11483,2026-07-02 14:42:31+05:30,4040.5,5,4034.6,1906919,177930.0,178680.0,4100.0,4110.0,4012.0,4092.6,25848025,4501.8,3683.4,4440.0,3288.1,4040.0,514,19,4039.2,61,1,4038.8,3,2,4038.7,113,2,4038.6,266,7,4040.6,35,3,4040.7,75,4,4040.8,22,2,4040.9,17,3,4041.0,79,3
11483,2026-07-02 14:42:31+05:30,4040.0,22,4034.6,1906972,177888.0,178786.0,4100.0,4110.0,4012.0,4092.6,25848025,4501.8,3683.4,4440.0,3288.1,4040.0,471,19,4039.2,61,1,4038.8,3,2,4038.7,113,2,4038.6,237,5,4040.5,62,3,4040.7,49,4,4040.8,32,3,4040.9,17,3,4041.0,79,3
11483,2026-07-02 14:42:32+05:30,4040.0,7,4034.6,1906972,177888.0,178786.0,4100.0,4110.0,4012.0,4092.6,25848025,4501.8,3683.4,4440.0,3288.1,4040.0,471,19,4039.2,61,1,4038.8,3,2,4038.7,113,2,4038.6,237,5,4040.5,62,3,4040.7,49,4,4040.8,32,3,4040.9,17,3,4041.0,79,3
11483,2026-07-02 14:42:32+05:30,4040.0,7,4034.6,1906979,177858.0,178705.0,4100.0,4110.0,4012.0,4092.6,25848025,4501.8,3683.4,4440.0,3288.1,4040.0,464,19,4039.2,61,1,4038.8,3,2,4038.7,113,2,4038.6,237,5,4040.5,62,3,4040.7,49,4,4040.8,32,3,4040.9,17,3,4041.0,79,3
11483,2026-07-02 14:42:33+05:30,4040.0,7,4034.6,1906979,177858.0,178705.0,4100.0,4110.0,4012.0,4092.6,25848025,4501.8,3683.4,4440.0,3288.1,4040.0,464,19,4039.2,61,1,4038.8,3,2,4038.7,113,2,4038.6,237,5,4040.5,62,3,4040.7,49,4,4040.8,32,3,4040.9,17,3,4041.0,79,3
11483,2026-07-02 14:42:33+05:30,4040.0,1,4034.6,1906979,177858.0,178705.0,4100.0,4110.0,4012.0,4092.6,25848025,4501.8,3683.4,4440.0,3288.1,4040.0,464,19,4039.2,61,1,4038.8,3,2,4038.7,113,2,4038.6,237,5,4040.5,62,3,4040.7,49,4,4040.8,32,3,4040.9,17,3,4041.0,79,3
11483,2026-07-02 14:42:33+05:30,4040.0,1,4034.6,1906979,177858.0,178705.0,4100.0,4110.0,4012.0,4092.6,25848025,4501.8,3683.4,4440.0,3288.1,4040.0,464,19,4039.2,61,1,4038.8,3,2,4038.7,113,2,4038.6,237,5,4040.5,62,3,4040.7,49,4,4040.8,32,3,4040.9,17,3,4041.0,79,3
11483,2026-07-02 14:42:33+05:30,4040.0,1,4034.6,1906981,178207.0,178908.0,4100.0,4110.0,4012.0,4092.6,25848025,4501.8,3683.4,4440.0,3288.1,4040.4,45,1,4040.0,462,19,4039.2,61,1,4038.8,3,2,4038.7,113,2,4040.5,62,3,4040.7,49,4,4040.8,32,3,4040.9,17,3,4041.0,79,3
11483,2026-07-02 14:42:34+05:30,4040.0,1,4034.6,1906981,178207.0,178908.0,4100.0,4110.0,4012.0,4092.6,25848025,4501.8,3683.4,4440.0,3288.1,4040.4,45,1,4040.0,462,19,4039.2,61,1,4038.8,3,2,4038.7,113,2,4040.5,62,3,4040.7,49,4,4040.8,32,3,4040.9,17,3,4041.0,79,3
11483,2026-07-02 14:42:34+05:30,4040.5,14,4034.6,1906981,178207.0,178908.0,4100.0,4110.0,4012.0,4092.6,25848025,4501.8,3683.4,4440.0,3288.1,4040.4,45,1,4040.0,462,19,4039.2,61,1,4038.8,3,2,4038.7,113,2,4040.5,62,3,4040.7,49,4,4040.8,32,3,4040.9,17,3,4041.0,79,3
11483,2026-07-02 14:42:34+05:30,4040.5,14,4034.6,1906981,178207.0,178908.0,4100.0,4110.0,4012.0,4092.6,25848025,4501.8,3683.4,4440.0,3288.1,4040.4,45,1,4040.0,462,19,4039.2,61,1,4038.8,3,2,4038.7,113,2,4040.5,62,3,4040.7,49,4,4040.8,32,3,4040.9,17,3,4041.0,79,3
11483,2026-07-02 14:42:35+05:30,4040.5,11,4034.6,1907054,178242.0,178723.0,4100.0,4110.0,4012.0,4092.6,25848025,4501.8,3683.4,4440.0,3288.1,4040.5,5,1,4040.4,45,1,4040.0,467,20,4039.2,61,1,4038.8,3,2,4040.7,73,5,4040.8,14,2,4040.9,20,2,4041.0,35,2,4041.1,29,3
11483,2026-07-02 14:42:35+05:30,4040.5,11,4034.6,1907054,178242.0,178723.0,4100.0,4110.0,4012.0,4092.6,25848025,4501.8,3683.4,4440.0,3288.1,4040.5,5,1,4040.4,45,1,4040.0,467,20,4039.2,61,1,4038.8,3,2,4040.7,73,5,4040.8,14,2,4040.9,20,2,4041.0,35,2,4041.1,29,3
11483,2026-07-02 14:42:35+05:30,4040.5,9,4034.6,1907054,178242.0,178723.0,4100.0,4110.0,4012.0,4092.6,25848025,4501.8,3683.4,4440.0,3288.1,4040.5,5,1,4040.4,45,1,4040.0,467,20,4039.2,61,1,4038.8,3,2,4040.7,73,5,4040.8,14,2,4040.9,20,2,4041.0,35,2,4041.1,29,3
11483,2026-07-02 14:42:35+05:30,4040.5,9,4034.6,1907054,178242.0,178723.0,4100.0,4110.0,4012.0,4092.6,25848025,4501.8,3683.4,4440.0,3288.1,4040.5,5,1,4040.4,45,1,4040.0,467,20,4039.2,61,1,4038.8,3,2,4040.7,73,5,4040.8,14,2,4040.9,20,2,4041.0,35,2,4041.1,29,3
11483,2026-07-02 14:42:36+05:30,4040.7,5,4034.6,1907113,178259.0,178825.0,4100.0,4110.0,4012.0,4092.6,25848025,4501.8,3683.4,4440.0,3288.1,4040.5,16,1,4040.4,45,1,4040.0,467,20,4039.2,61,1,4038.8,3,2,4040.7,39,5,4040.8,18,3,4040.9,26,3,4041.0,35,2,4041.1,29,3
11483,2026-07-02 14:42:36+05:30,4040.7,5,4034.6,1907113,178259.0,178825.0,4100.0,4110.0,4012.0,4092.6,25848025,4501.8,3683.4,4440.0,3288.1,4040.5,16,1,4040.4,45,1,4040.0,467,20,4039.2,61,1,4038.8,3,2,4040.7,39,5,4040.8,18,3,4040.9,26,3,4041.0,35,2,4041.1,29,3
11483,2026-07-02 14:42:36+05:30,4040.5,7,4034.6,1907113,178259.0,178825.0,4100.0,4110.0,4012.0,4092.6,25848025,4501.8,3683.4,4440.0,3288.1,4040.5,16,1,4040.4,45,1,4040.0,467,20,4039.2,61,1,4038.8,3,2,4040.7,39,5,4040.8,18,3,4040.9,26,3,4041.0,35,2,4041.1,29,3
11483,2026-07-02 14:42:36+05:30,4040.5,7,4034.6,1907113,178259.0,178825.0,4100.0,4110.0,4012.0,4092.6,25848025,4501.8,3683.4,4440.0,3288.1,4040.5,16,1,4040.4,45,1,4040.0,467,20,4039.2,61,1,4038.8,3,2,4040.7,39,5,4040.8,18,3,4040.9,26,3,4041.0,35,2,4041.1,29,3
11483,2026-07-02 14:42:37+05:30,4040.5,50,4034.6,1907170,178748.0,178700.0,4100.0,4110.0,4012.0,4092.6,25848025,4501.8,3683.4,4440.0,3288.1,4040.5,16,1,4040.4,45,1,4040.0,467,20,4039.2,61,1,4039.1,49,2,4040.7,38,4,4040.8,10,1,4040.9,20,2,4041.0,68,4,4041.1,29,3
11483,2026-07-02 14:42:37+05:30,4040.5,50,4034.6,1907170,178748.0,178700.0,4100.0,4110.0,4012.0,4092.6,25848025,4501.8,3683.4,4440.0,3288.1,4040.5,16,1,4040.4,45,1,4040.0,467,20,4039.2,61,1,4039.1,49,2,4040.7,38,4,4040.8,10,1,4040.9,20,2,4041.0,68,4,4041.1,29,3
11483,2026-07-02 14:42:37+05:30,4040.0,21,4034.6,1907170,178748.0,178700.0,4100.0,4110.0,4012.0,4092.6,25848025,4501.8,3683.4,4440.0,3288.1,4040.5,16,1,4040.4,45,1,4040.0,467,20,4039.2,61,1,4039.1,49,2,4040.7,38,4,4040.8,10,1,4040.9,20,2,4041.0,68,4,4041.1,29,3
11483,2026-07-02 14:42:37+05:30,4040.0,21,4034.6,1907170,178748.0,178700.0,4100.0,4110.0,4012.0,4092.6,25857300,4501.8,3683.4,4440.0,3288.1,4040.5,16,1,4040.4,45,1,4040.0,467,20,4039.2,61,1,4039.1,49,2,4040.7,38,4,4040.8,10,1,4040.9,20,2,4041.0,68,4,4041.1,29,3
11483,2026-07-02 14:42:38+05:30,4040.7,55,4034.6,1907352,178623.0,178943.0,4100.0,4110.0,4012.0,4092.6,25857300,4501.8,3683.4,4440.0,3288.1,4040.0,932,20,4039.2,81,2,4039.1,49,2,4038.9,38,1,4038.8,33,4,4040.7,13,1,4040.8,10,1,4040.9,52,2,4041.0,2,1,4041.1,26,2
11483,2026-07-02 14:42:38+05:30,4040.7,55,4034.6,1907352,178623.0,178943.0,4100.0,4110.0,4012.0,4092.6,25857300,4501.8,3683.4,4440.0,3288.1,4040.0,932,20,4039.2,81,2,4039.1,49,2,4038.9,38,1,4038.8,33,4,4040.7,13,1,4040.8,10,1,4040.9,52,2,4041.0,2,1,4041.1,26,2
11483,2026-07-02 14:42:38+05:30,4040.7,1,4034.6,1907352,178623.0,178943.0,4100.0,4110.0,4012.0,4092.6,25857300,4501.8,3683.4,4440.0,3288.1,4040.0,932,20,4039.2,81,2,4039.1,49,2,4038.9,38,1,4038.8,33,4,4040.7,13,1,4040.8,10,1,4040.9,52,2,4041.0,2,1,4041.1,26,2
11483,2026-07-02 14:42:38+05:30,4040.7,1,4034.6,1907352,178623.0,178943.0,4100.0,4110.0,4012.0,4092.6,25857300,4501.8,3683.4,4440.0,3288.1,4040.0,932,20,4039.2,81,2,4039.1,49,2,4038.9,38,1,4038.8,33,4,4040.7,13,1,4040.8,10,1,4040.9,52,2,4041.0,2,1,4041.1,26,2
11483,2026-07-02 14:42:39+05:30,4040.6,1,4034.6,1907376,178451.0,179193.0,4100.0,4110.0,4012.0,4092.6,25857300,4501.8,3683.4,4440.0,3288.1,4040.0,910,20,4039.2,81,2,4039.1,49,2,4038.9,38,1,4038.8,33,4,4040.6,11,1,4040.7,12,1,4040.8,10,1,4040.9,40,1,4041.0,2,1
11483,2026-07-02 14:42:39+05:30,4040.6,1,4034.6,1907376,178451.0,179193.0,4100.0,4110.0,4012.0,4092.6,25857300,4501.8,3683.4,4440.0,3288.1,4040.0,910,20,4039.2,81,2,4039.1,49,2,4038.9,38,1,4038.8,33,4,4040.6,11,1,4040.7,12,1,4040.8,10,1,4040.9,40,1,4041.0,2,1
11483,2026-07-02 14:42:39+05:30,4040.0,50,4034.6,1907376,178451.0,179193.0,4100.0,4110.0,4012.0,4092.6,25857300,4501.8,3683.4,4440.0,3288.1,4040.0,910,20,4039.2,81,2,4039.1,49,2,4038.9,38,1,4038.8,33,4,4040.6,11,1,4040.7,12,1,4040.8,10,1,4040.9,40,1,4041.0,2,1
11483,2026-07-02 14:42:39+05:30,4040.0,50,4034.6,1907376,178451.0,179193.0,4100.0,4110.0,4012.0,4092.6,25857300,4501.8,3683.4,4440.0,3288.1,4040.0,910,20,4039.2,81,2,4039.1,49,2,4038.9,38,1,4038.8,33,4,4040.6,11,1,4040.7,12,1,4040.8,10,1,4040.9,40,1,4041.0,2,1
11483,2026-07-02 14:42:40+05:30,4040.0,30,4034.6,1907469,178202.0,179285.0,4100.0,4110.0,4012.0,4092.6,25857300,4501.8,3683.4,4440.0,3288.1,4040.0,817,20,4039.2,81,2,4038.9,38,1,4038.8,32,4,4038.7,113,2,4040.6,11,1,4040.7,33,2,4040.8,10,1,4040.9,71,2,4041.0,23,2
11483,2026-07-02 14:42:40+05:30,4040.0,11,4034.6,1907469,178202.0,179285.0,4100.0,4110.0,4012.0,4092.6,25857300,4501.8,3683.4,4440.0,3288.1,4040.0,817,20,4039.2,81,2,4038.9,38,1,4038.8,32,4,4038.7,113,2,4040.6,11,1,4040.7,33,2,4040.8,10,1,4040.9,71,2,4041.0,23,2
11483,2026-07-02 14:42:41+05:30,4040.0,11,4034.6,1907480,178187.0,179435.0,4100.0,4110.0,4012.0,4092.6,25857300,4501.8,3683.4,4440.0,3288.1,4040.0,806,20,4039.2,81,2,4038.9,38,1,4038.8,32,4,4038.7,113,2,4040.6,11,1,4040.7,33,2,4040.8,10,1,4040.9,71,2,4041.0,23,2
11483,2026-07-02 14:42:41+05:30,4040.0,2,4034.6,1907480,178187.0,179435.0,4100.0,4110.0,4012.0,4092.6,25857300,4501.8,3683.4,4440.0,3288.1,4040.0,806,20,4039.2,81,2,4038.9,38,1,4038.8,32,4,4038.7,113,2,4040.6,11,1,4040.7,33,2,4040.8,10,1,4040.9,71,2,4041.0,23,2
11483,2026-07-02 14:42:42+05:30,4040.0,1,4034.61,1907628,177747.0,179195.0,4100.0,4110.0,4012.0,4092.6,25857300,4501.8,3683.4,4440.0,3288.1,4040.0,803,20,4039.2,61,1,4038.9,6,1,4038.8,3,2,4038.7,118,3,4040.5,19,1,4040.6,55,3,4040.7,12,1,4040.8,58,3,4040.9,40,1
11483,2026-07-02 14:42:42+05:30,4040.0,1,4034.61,1907628,177747.0,179195.0,4100.0,4110.0,4012.0,4092.6,25857300,4501.8,3683.4,4440.0,3288.1,4040.0,803,20,4039.2,61,1,4038.9,6,1,4038.8,3,2,4038.7,118,3,4040.5,19,1,4040.6,55,3,4040.7,12,1,4040.8,58,3,4040.9,40,1
11483,2026-07-02 14:42:43+05:30,4040.0,1,4034.61,1907646,177739.0,179295.0,4100.0,4110.0,4012.0,4092.6,25857300,4501.8,3683.4,4440.0,3288.1,4040.0,785,20,4039.2,61,1,4038.9,50,2,4038.8,3,2,4038.7,113,2,4040.3,16,1,4040.5,19,1,4040.6,55,3,4040.7,12,1,4040.8,58,3
11483,2026-07-02 14:42:43+05:30,4040.0,3,4034.61,1907646,177739.0,179295.0,4100.0,4110.0,4012.0,4092.6,25857300,4501.8,3683.4,4440.0,3288.1,4040.0,785,20,4039.2,61,1,4038.9,50,2,4038.8,3,2,4038.7,113,2,4040.3,16,1,4040.5,19,1,4040.6,55,3,4040.7,12,1,4040.8,58,3
11483,2026-07-02 14:42:44+05:30,4040.0,3,4034.61,1907649,177698.0,179295.0,4100.0,4110.0,4012.0,4092.6,25857300,4501.8,3683.4,4440.0,3288.1,4040.0,792,21,4039.2,61,1,4038.9,50,2,4038.8,3,2,4038.7,100,1,4040.3,13,1,4040.5,61,2,4040.6,2,1,4040.7,54,2,4040.8,16,2
11483,2026-07-02 14:42:45+05:30,4040.0,13,4034.61,1907662,177852.0,179530.0,4100.0,4110.0,4012.0,4092.6,25857300,4501.8,3683.4,4440.0,3288.1,4040.0,779,21,4039.2,61,1,4038.9,50,2,4038.8,3,2,4038.7,100,1,4040.2,16,1,4040.3,57,3,4040.4,20,1,4040.5,61,2,4040.7,74,3
11483,2026-07-02 14:42:45+05:30,4040.0,113,4034.61,1907662,177852.0,179530.0,4100.0,4110.0,4012.0,4092.6,25857300,4501.8,3683.4,4440.0,3288.1,4040.0,779,21,4039.2,61,1,4038.9,50,2,4038.8,3,2,4038.7,100,1,4040.2,16,1,4040.3,57,3,4040.4,20,1,4040.5,61,2,4040.7,74,3
11483,2026-07-02 14:42:46+05:30,4040.3,3,4034.61,1907782,177720.0,179277.0,4100.0,4110.0,4012.0,4092.6,25857300,4501.8,3683.4,4440.0,3288.1,4040.0,665,21,4039.2,61,1,4038.8,3,2,4038.7,123,2,4038.6,228,5,4040.3,38,1,4040.4,62,2,4040.5,19,1,4040.6,42,1,4040.7,32,2
11483,2026-07-02 14:42:46+05:30,4040.6,18,4034.61,1907782,177720.0,179277.0,4100.0,4110.0,4012.0,4092.6,25857300,4501.8,3683.4,4440.0,3288.1,4040.0,665,21,4039.2,61,1,4038.8,3,2,4038.7,123,2,4038.6,228,5,4040.3,38,1,4040.4,62,2,4040.5,19,1,4040.6,42,1,4040.7,32,2
11483,2026-07-02 14:42:47+05:30,4040.2,1,4034.61,1908005,178021.0,179325.0,4100.0,4110.0,4012.0,4092.6,25857300,4501.8,3683.4,4440.0,3288.1,4040.0,884,11,4039.2,61,1,4038.9,44,1,4038.8,32,4,4038.7,100,1,4040.2,53,2,4040.3,55,2,4040.4,61,2,4040.6,37,2,4040.8,34,4
11483,2026-07-02 14:42:47+05:30,4040.0,24,4034.61,1908005,178021.0,179325.0,4100.0,4110.0,4012.0,4092.6,25857300,4501.8,3683.4,4440.0,3288.1,4040.0,884,11,4039.2,61,1,4038.9,44,1,4038.8,32,4,4038.7,100,1,4040.2,53,2,4040.3,55,2,4040.4,61,2,4040.6,37,2,4040.8,34,4
11483,2026-07-02 14:42:48+05:30,4040.0,1,4034.61,1908032,177672.0,179514.0,4100.0,4110.0,4012.0,4092.6,25857300,4501.8,3683.4,4440.0,3288.1,4040.0,877,11,4039.2,61,1,4039.0,5,1,4038.9,6,1,4038.8,3,2,4040.1,20,1,4040.2,68,3,4040.3,75,3,4040.4,42,1,4040.6,24,1
11483,2026-07-02 14:42:48+05:30,4040.1,20,4034.61,1908032,177672.0,179514.0,4100.0,4110.0,4012.0,4092.6,25857300,4501.8,3683.4,4440.0,3288.1,4040.0,877,11,4039.2,61,1,4039.0,5,1,4038.9,6,1,4038.8,3,2,4040.1,20,1,4040.2,68,3,4040.3,75,3,4040.4,42,1,4040.6,24,1
11483,2026-07-02 14:42:49+05:30,4040.1,20,4034.61,1908068,177846.0,179394.0,4100.0,4110.0,4012.0,4092.6,25857300,4501.8,3683.4,4440.0,3288.1,4040.0,961,7,4039.2,61,1,4039.1,6,1,4039.0,49,2,4038.8,3,2,4040.1,2,1,4040.2,68,3,4040.3,68,3,4040.4,42,1,4040.6,24,1
11483,2026-07-02 14:42:49+05:30,4040.0,2,4034.61,1908068,177846.0,179394.0,4100.0,4110.0,4012.0,4092.6,25857300,4501.8,3683.4,4440.0,3288.1,4040.0,961,7,4039.2,61,1,4039.1,6,1,4039.0,49,2,4038.8,3,2,4040.1,2,1,4040.2,68,3,4040.3,68,3,4040.4,42,1,4040.6,24,1
11483,2026-07-02 14:42:50+05:30,4040.0,1,4034.61,1908076,177661.0,179433.0,4100.0,4110.0,4012.0,4092.6,25857300,4501.8,3683.4,4440.0,3288.1,4040.0,980,7,4039.2,61,1,4038.8,3,2,4038.7,100,1,4038.6,243,6,4040.2,84,4,4040.3,68,3,4040.4,42,1,4040.5,5,1,4040.6,24,1
11483,2026-07-02 14:42:50+05:30,4040.0,1,4034.61,1908076,177661.0,179433.0,4100.0,4110.0,4012.0,4092.6,25857300,4501.8,3683.4,4440.0,3288.1,4040.0,980,7,4039.2,61,1,4038.8,3,2,4038.7,100,1,4038.6,243,6,4040.2,84,4,4040.3,68,3,4040.4,42,1,4040.5,5,1,4040.6,24,1
11483,2026-07-02 14:42:51+05:30,4040.2,14,4034.61,1908103,177682.0,179570.0,4100.0,4110.0,4012.0,4092.6,25857300,4501.8,3683.4,4440.0,3288.1,4040.0,978,6,4039.2,61,1,4038.8,9,3,4038.7,100,1,4038.6,260,6,4040.2,59,3,4040.3,76,5,4040.4,47,2,4040.5,7,1,4040.6,24,1
11483,2026-07-02 14:42:51+05:30,4040.0,3,4034.61,1908103,177682.0,179570.0,4100.0,4110.0,4012.0,4092.6,25857300,4501.8,3683.4,4440.0,3288.1,4040.0,978,6,4039.2,61,1,4038.8,9,3,4038.7,100,1,4038.6,260,6,4040.2,59,3,4040.3,76,5,4040.4,47,2,4040.5,7,1,4040.6,24,1
11483,2026-07-02 14:42:52+05:30,4040.0,90,4034.61,1908196,177587.0,179600.0,4100.0,4110.0,4012.0,4092.6,25857300,4501.8,3683.4,4440.0,3288.1,4040.0,885,6,4039.2,61,1,4038.8,3,2,4038.7,100,1,4038.6,260,6,4040.1,20,1,4040.2,59,3,4040.3,76,5,4040.4,47,2,4040.5,7,1
11483,2026-07-02 14:42:52+05:30,4040.0,11,4034.61,1908196,177587.0,179600.0,4100.0,4110.0,4012.0,4092.6,25857300,4501.8,3683.4,4440.0,3288.1,4040.0,885,6,4039.2,61,1,4038.8,3,2,4038.7,100,1,4038.6,260,6,4040.1,20,1,4040.2,59,3,4040.3,76,5,4040.4,47,2,4040.5,7,1
11483,2026-07-02 14:42:53+05:30,4037.9,7,4034.62,1912917,175170.0,180236.0,4100.0,4110.0,4012.0,4092.6,25857300,4501.8,3683.4,4440.0,3288.1,4038.3,38,1,4038.2,66,3,4038.1,13,2,4038.0,110,4,4037.8,4,2,4039.3,42,1,4039.4,42,1,4039.8,19,2,4040.0,32,3,4040.1,18,2
11483,2026-07-02 14:42:53+05:30,4038.3,33,4034.62,1912917,175170.0,180236.0,4100.0,4110.0,4012.0,4092.6,25857300,4501.8,3683.4,4440.0,3288.1,4038.3,38,1,4038.2,66,3,4038.1,13,2,4038.0,110,4,4037.8,4,2,4039.3,42,1,4039.4,42,1,4039.8,19,2,4040.0,32,3,4040.1,18,2
11483,2026-07-02 14:42:54+05:30,4040.0,2,4034.62,1913625,176793.0,178984.0,4100.0,4110.0,4012.0,4092.6,25857300,4501.8,3683.4,4440.0,3288.1,4039.3,1,1,4038.8,12,1,4038.7,2,1,4038.6,88,4,4038.4,2,1,4040.0,17,1,4040.1,12,1,4040.2,28,1,4040.4,12,1,4040.6,24,1
11483,2026-07-02 14:42:54+05:30,4039.3,2,4034.62,1913625,176793.0,178984.0,4100.0,4110.0,4012.0,4092.6,25857300,4501.8,3683.4,4440.0,3288.1,4039.3,1,1,4038.8,12,1,4038.7,2,1,4038.6,88,4,4038.4,2,1,4040.0,17,1,4040.1,12,1,4040.2,28,1,4040.4,12,1,4040.6,24,1
11483,2026-07-02 14:42:55+05:30,4038.3,4,4034.62,1913674,176422.0,180113.0,4100.0,4110.0,4012.0,4092.6,25857300,4501.8,3683.4,4440.0,3288.1,4038.4,44,2,4038.3,33,3,4038.1,45,2,4038.0,86,3,4037.9,22,2,4039.2,59,2,4039.3,49,2,4039.7,5,1,4039.8,12,1,4039.9,27,1
11483,2026-07-02 14:42:55+05:30,4039.3,42,4034.62,1913674,176422.0,180113.0,4100.0,4110.0,4012.0,4092.6,25857300,4501.8,3683.4,4440.0,3288.1,4038.4,44,2,4038.3,33,3,4038.1,45,2,4038.0,86,3,4037.9,22,2,4039.2,59,2,4039.3,49,2,4039.7,5,1,4039.8,12,1,4039.9,27,1
11483,2026-07-02 14:42:56+05:30,4039.3,13,4034.62,1914008,176987.0,178954.0,4100.0,4110.0,4012.0,4092.6,25857300,4501.8,3683.4,4440.0,3288.1,4039.2,84,5,4039.1,43,3,4039.0,51,3,4038.9,11,2,4038.8,5,2,4040.0,1,1,4040.1,12,1,4040.2,28,1,4040.4,12,1,4040.6,24,1
11483,2026-07-02 14:42:56+05:30,4039.2,8,4034.62,1914008,176987.0,178954.0,4100.0,4110.0,4012.0,4092.6,25857300,4501.8,3683.4,4440.0,3288.1,4039.2,84,5,4039.1,43,3,4039.0,51,3,4038.9,11,2,4038.8,5,2,4040.0,1,1,4040.1,12,1,4040.2,28,1,4040.4,12,1,4040.6,24,1
11483,2026-07-02 14:42:57+05:30,4039.8,42,4034.62,1914090,176985.0,178941.0,4100.0,4110.0,4012.0,4092.6,25857300,4501.8,3683.4,4440.0,3288.1,4039.3,32,1,4039.2,15,2,4039.0,41,2,4038.9,35,3,4038.8,3,1,4040.0,43,2,4040.1,12,1,4040.2,28,1,4040.4,12,1,4040.6,24,1
11483,2026-07-02 14:42:57+05:30,4039.4,10,4034.62,1914090,176985.0,178941.0,4100.0,4110.0,4012.0,4092.6,25857300,4501.8,3683.4,4440.0,3288.1,4039.3,32,1,4039.2,15,2,4039.0,41,2,4038.9,35,3,4038.8,3,1,4040.0,43,2,4040.1,12,1,4040.2,28,1,4040.4,12,1,4040.6,24,1
11483,2026-07-02 14:42:58+05:30,4040.1,57,4034.62,1914242,177165.0,178914.0,4100.0,4110.0,4012.0,4092.6,25857300,4501.8,3683.4,4440.0,3288.1,4039.3,32,1,4039.2,3,1,4038.9,3,1,4038.8,3,1,4038.7,3,1,4040.0,1,1,4040.1,24,2,4040.2,28,1,4040.3,12,1,4040.4,12,1
11483,2026-07-02 14:42:58+05:30,4039.3,18,4034.62,1914242,177165.0,178914.0,4100.0,4110.0,4012.0,4092.6,25857300,4501.8,3683.4,4440.0,3288.1,4039.3,32,1,4039.2,3,1,4038.9,3,1,4038.8,3,1,4038.7,3,1,4040.0,1,1,4040.1,24,2,4040.2,28,1,4040.3,12,1,4040.4,12,1
11483,2026-07-02 14:42:59+05:30,4040.0,30,4034.62,1914320,177237.0,179016.0,4100.0,4110.0,4012.0,4092.6,25857300,4501.8,3683.4,4440.0,3288.1,4039.3,32,1,4039.2,26,1,4039.1,34,2,4039.0,35,2,4038.9,52,4,4040.2,14,1,4040.3,26,2,4040.4,12,1,4040.6,24,1,4040.7,13,1
11483,2026-07-02 14:42:59+05:30,4039.3,9,4034.62,1914320,177237.0,179016.0,4100.0,4110.0,4012.0,4092.6,25857300,4501.8,3683.4,4440.0,3288.1,4039.3,32,1,4039.2,26,1,4039.1,34,2,4039.0,35,2,4038.9,52,4,4040.2,14,1,4040.3,26,2,4040.4,12,1,4040.6,24,1,4040.7,13,1
11483,2026-07-02 14:43:00+05:30,4040.0,38,4034.62,1914413,177071.0,179099.0,4100.0,4110.0,4012.0,4092.6,25857300,4501.8,3683.4,4440.0,3288.1,4039.1,22,1,4038.9,21,1,4038.8,3,1,4038.7,3,1,4038.6,2,1,4040.0,30,1,4040.2,14,1,4040.3,26,2,4040.4,12,1,4040.5,20,1
11483,2026-07-02 14:43:00+05:30,4038.9,2,4034.62,1914413,177071.0,179099.0,4100.0,4110.0,4012.0,4092.6,25857300,4501.8,3683.4,4440.0,3288.1,4039.1,22,1,4038.9,21,1,4038.8,3,1,4038.7,3,1,4038.6,2,1,4040.0,30,1,4040.2,14,1,4040.3,26,2,4040.4,12,1,4040.5,20,1
11483,2026-07-02 14:43:01+05:30,4040.0,1,4034.62,1914537,177263.0,179236.0,4100.0,4110.0,4012.0,4092.6,25857300,4501.8,3683.4,4440.0,3288.1,4039.8,4,1,4039.4,2,2,4038.9,27,1,4038.7,70,4,4038.6,11,2,4040.0,5,2,4040.3,46,3,4040.6,11,1,4040.7,33,2,4040.8,22,3
11483,2026-07-02 14:43:01+05:30,4039.8,15,4034.62,1914537,177263.0,179236.0,4100.0,4110.0,4012.0,4092.6,25857300,4501.8,3683.4,4440.0,3288.1,4039.8,4,1,4039.4,2,2,4038.9,27,1,4038.7,70,4,4038.6,11,2,4040.0,5,2,4040.3,46,3,4040.6,11,1,4040.7,33,2,4040.8,22,3
11483,2026-07-02 14:43:02+05:30,4040.0,12,4034.62,1914588,177382.0,179042.0,4100.0,4110.0,4012.0,4092.6,25857300,4501.8,3683.4,4440.0,3288.1,4039.8,1,1,4039.4,2,2,4038.9,27,1,4038.7,44,3,4038.6,11,2,4040.0,11,1,4040.1,12,1,4040.4,20,1,4040.7,33,2,4040.8,16,2
11483,2026-07-02 14:43:02+05:30,4039.8,6,4034.62,1914588,177382.0,179042.0,4100.0,4110.0,4012.0,4092.6,25857300,4501.8,3683.4,4440.0,3288.1,4039.8,1,1,4039.4,2,2,4038.9,27,1,4038.7,44,3,4038.6,11,2,4040.0,11,1,4040.1,12,1,4040.4,20,1,4040.7,33,2,4040.8,16,2
11483,2026-07-02 14:43:03+05:30,4039.8,6,4034.62,1914594,177480.0,178955.0,4100.0,4110.0,4012.0,4092.6,25857300,4501.8,3683.4,4440.0,3288.1,4039.8,4,1,4039.4,2,2,4038.9,27,1,4038.8,58,1,4038.7,42,2,4040.0,12,1,4040.1,32,2,4040.4,20,1,4040.7,45,3,4040.8,16,2
11483,2026-07-02 14:43:03+05:30,4040.0,1,4034.62,1914594,177480.0,178955.0,4100.0,4110.0,4012.0,4092.6,25857300,4501.8,3683.4,4440.0,3288.1,4039.8,4,1,4039.4,2,2,4038.9,27,1,4038.8,58,1,4038.7,42,2,4040.0,12,1,4040.1,32,2,4040.4,20,1,4040.7,45,3,4040.8,16,2
11483,2026-07-02 14:43:04+05:30,4041.5,62,4034.63,1915406,177552.0,177765.0,4100.0,4110.0,4012.0,4092.6,25857300,4501.8,3683.4,4440.0,3288.1,4039.8,3,1,4039.4,2,2,4039.0,50,2,4038.9,33,2,4038.8,48,1,4040.9,2,1,4041.0,117,7,4041.1,31,3,4041.2,17,1,4041.3,41,2
11483,2026-07-02 14:43:04+05:30,4040.7,82,4034.63,1915406,177552.0,177765.0,4100.0,4110.0,4012.0,4092.6,25857300,4501.8,3683.4,4440.0,3288.1,4039.8,3,1,4039.4,2,2,4039.0,50,2,4038.9,33,2,4038.8,48,1,4040.9,2,1,4041.0,117,7,4041.1,31,3,4041.2,17,1,4041.3,41,2
11483,2026-07-02 14:43:05+05:30,4040.1,13,4034.63,1915614,178485.0,178470.0,4100.0,4110.0,4012.0,4092.6,25857300,4501.8,3683.4,4440.0,3288.1,4040.1,152,2,4040.0,18,2,4039.9,55,2,4039.8,111,3,4039.7,23,1,4041.2,1,1,4041.3,50,2,4041.6,13,1,4041.9,46,4,4042.0,3801,9
11483,2026-07-02 14:43:05+05:30,4040.1,10,4034.63,1915614,178485.0,178470.0,4100.0,4110.0,4012.0,4092.6,25857300,4501.8,3683.4,4440.0,3288.1,4040.1,152,2,4040.0,18,2,4039.9,55,2,4039.8,111,3,4039.7,23,1,4041.2,1,1,4041.3,50,2,4041.6,13,1,4041.9,46,4,4042.0,3801,9
11483,2026-07-02 14:43:06+05:30,4041.2,7,4034.63,1915673,178616.0,178249.0,4100.0,4110.0,4012.0,4092.6,25857300,4501.8,3683.4,4440.0,3288.1,4040.1,78,2,4040.0,8,1,4039.9,26,1,4039.8,38,1,4039.7,54,2,4041.2,29,1,4041.3,15,2,4041.6,13,1,4041.9,72,5,4042.0,3807,10
11483,2026-07-02 14:43:06+05:30,4040.1,7,4034.63,1915673,178616.0,178249.0,4100.0,4110.0,4012.0,4092.6,25857300,4501.8,3683.4,4440.0,3288.1,4040.1,78,2,4040.0,8,1,4039.9,26,1,4039.8,38,1,4039.7,54,2,4041.2,29,1,4041.3,15,2,4041.6,13,1,4041.9,72,5,4042.0,3807,10
11483,2026-07-02 14:43:07+05:30,4040.1,20,4034.63,1915700,178545.0,178317.0,4100.0,4110.0,4012.0,4092.6,25857300,4501.8,3683.4,4440.0,3288.1,4040.1,51,2,4040.0,8,1,4039.8,70,2,4039.7,54,2,4039.6,37,2,4041.2,31,2,4041.3,15,2,4041.6,13,1,4041.9,60,4,4042.0,3835,11
11483,2026-07-02 14:43:07+05:30,4040.1,77,4034.63,1915700,178545.0,178317.0,4100.0,4110.0,4012.0,4092.6,25857300,4501.8,3683.4,4440.0,3288.1,4040.1,51,2,4040.0,8,1,4039.8,70,2,4039.7,54,2,4039.6,37,2,4041.2,31,2,4041.3,15,2,4041.6,13,1,4041.9,60,4,4042.0,3835,11
11483,2026-07-02 14:43:08+05:30,4040.0,1,4034.63,1916081,178286.0,178186.0,4100.0,4110.0,4012.0,4092.6,25857300,4501.8,3683.4,4440.0,3288.1,4040.1,40,2,4040.0,38,3,4039.9,42,3,4039.8,51,3,4039.7,62,3,4041.3,1,1,4041.6,13,1,4041.8,78,1,4041.9,12,1,4042.0,3806,10
11483,2026-07-02 14:43:08+05:30,4040.1,1,4034.63,1916081,178286.0,178186.0,4100.0,4110.0,4012.0,4092.6,25857300,4501.8,3683.4,4440.0,3288.1,4040.1,40,2,4040.0,38,3,4039.9,42,3,4039.8,51,3,4039.7,62,3,4041.3,1,1,4041.6,13,1,4041.8,78,1,4041.9,12,1,4042.0,3806,10
11483,2026-07-02 14:43:09+05:30,4041.3,1,4034.63,1916142,179112.0,177279.0,4100.0,4110.0,4012.0,4092.6,25857300,4501.8,3683.4,4440.0,3288.1,4040.7,25,2,4040.6,28,3,4040.5,12,1,4040.4,10,1,4040.2,71,5,4041.9,25,2,4042.0,3784,7,4042.2,12,1,4042.5,12,1,4042.7,18,1
11483,2026-07-02 14:43:09+05:30,4041.4,13,4034.63,1916142,179112.0,177279.0,4100.0,4110.0,4012.0,4092.6,25857300,4501.8,3683.4,4440.0,3288.1,4040.7,25,2,4040.6,28,3,4040.5,12,1,4040.4,10,1,4040.2,71,5,4041.9,25,2,4042.0,3784,7,4042.2,12,1,4042.5,12,1,4042.7,18,1
11483,2026-07-02 14:43:10+05:30,4040.4,7,4034.63,1916213,179075.0,178201.0,4100.0,4110.0,4012.0,4092.6,25857300,4501.8,3683.4,4440.0,3288.1,4040.2,31,4,4040.1,35,2,4040.0,24,2,4039.9,115,5,4039.8,9,2,4041.4,13,1,4041.6,12,1,4041.7,24,1,4041.9,12,1,4042.0,3884,8
11483,2026-07-02 14:43:10+05:30,4040.2,9,4034.63,1916213,179075.0,178201.0,4100.0,4110.0,4012.0,4092.6,25857300,4501.8,3683.4,4440.0,3288.1,4040.2,31,4,4040.1,35,2,4040.0,24,2,4039.9,115,5,4039.8,9,2,4041.4,13,1,4041.6,12,1,4041.7,24,1,4041.9,12,1,4042.0,3884,8
11483,2026-07-02 14:43:11+05:30,4041.3,4,4034.63,1916237,178663.0,178345.0,4100.0,4110.0,4012.0,4092.6,25857300,4501.8,3683.4,4440.0,3288.1,4040.3,38,1,4040.2,5,3,4039.9,13,2,4039.8,108,3,4039.7,59,3,4041.5,200,1,4041.6,37,2,4041.9,140,6,4042.0,3884,8,4042.2,36,2
11483,2026-07-02 14:43:11+05:30,4040.3,2,4034.63,1916237,178663.0,178345.0,4100.0,4110.0,4012.0,4092.6,25857300,4501.8,3683.4,4440.0,3288.1,4040.3,38,1,4040.2,5,3,4039.9,13,2,4039.8,108,3,4039.7,59,3,4041.5,200,1,4041.6,37,2,4041.9,140,6,4042.0,3884,8,4042.2,36,2
11483,2026-07-02 14:43:12+05:30,4040.3,2,4034.63,1916239,178538.0,178841.0,4100.0,4110.0,4012.0,4092.6,25857300,4501.8,3683.4,4440.0,3288.1,4040.3,36,1,4040.2,5,3,4039.9,13,2,4039.8,108,3,4039.7,59,3,4041.5,240,4,4041.6,28,2,4041.8,18,1,4041.9,140,6,4042.0,3905,10
11483,2026-07-02 14:43:12+05:30,4040.3,1,4034.63,1916239,178538.0,178841.0,4100.0,4110.0,4012.0,4092.6,25857300,4501.8,3683.4,4440.0,3288.1,4040.3,36,1,4040.2,5,3,4039.9,13,2,4039.8,108,3,4039.7,59,3,4041.5,240,4,4041.6,28,2,4041.8,18,1,4041.9,140,6,4042.0,3905,10
11483,2026-07-02 14:43:13+05:30,4040.3,1,4034.63,1916241,178490.0,178742.0,4100.0,4110.0,4012.0,4092.6,25857300,4501.8,3683.4,4440.0,3288.1,4040.3,34,1,4040.2,5,3,4040.1,1,1,4039.9,13,2,4039.8,17,2,4041.5,240,4,4041.6,45,3,4041.8,18,1,4041.9,174,7,4042.0,3905,10
11483,2026-07-02 14:43:14+05:30,4040.3,1,4034.63,1916241,178489.0,178747.0,4100.0,4110.0,4012.0,4092.6,25857300,4501.8,3683.4,4440.0,3288.1,4040.3,34,1,4040.2,5,3,4040.1,1,1,4039.9,13,2,4039.8,28,3,4041.5,240,4,4041.6,45,3,4041.8,31,2,4041.9,174,7,4042.0,3894,9
11483,2026-07-02 14:43:15+05:30,4041.5,2,4034.63,1916243,178414.0,178898.0,4100.0,4110.0,4012.0,4092.6,25857300,4501.8,3683.4,4440.0,3288.1,4040.3,34,1,4040.2,4,2,4040.1,1,1,4039.9,24,3,4039.8,61,3,4041.5,260,5,4041.6,45,3,4041.7,8,1,4041.8,31,2,4041.9,137,6
11483,2026-07-02 14:43:15+05:30,4040.3,11,4034.63,1916243,178414.0,178898.0,4100.0,4110.0,4012.0,4092.6,25857300,4501.8,3683.4,4440.0,3288.1,4040.3,34,1,4040.2,4,2,4040.1,1,1,4039.9,24,3,4039.8,61,3,4041.5,260,5,4041.6,45,3,4041.7,8,1,4041.8,31,2,4041.9,137,6
11483,2026-07-02 14:43:16+05:30,4040.3,11,4034.63,1916288,178536.0,179010.0,4100.0,4110.0,4012.0,4092.6,25857300,4501.8,3683.4,4440.0,3288.1,4040.8,2,2,4040.2,2,1,4040.1,1,1,4040.0,10,1,4039.9,11,1,4041.4,16,1,4041.5,246,4,4041.6,13,1,4041.8,13,1,4041.9,137,6
11483,2026-07-02 14:43:16+05:30,4040.8,2,4034.63,1916288,178536.0,179010.0,4100.0,4110.0,4012.0,4092.6,25857300,4501.8,3683.4,4440.0,3288.1,4040.8,2,2,4040.2,2,1,4040.1,1,1,4040.0,10,1,4039.9,11,1,4041.4,16,1,4041.5,246,4,4041.6,13,1,4041.8,13,1,4041.9,137,6
11483,2026-07-02 14:43:17+05:30,4041.3,36,4034.63,1916343,178392.0,179033.0,4100.0,4110.0,4012.0,4092.6,25857300,4501.8,3683.4,4440.0,3288.1,4040.1,13,2,4039.7,23,1,4039.5,55,1,4039.4,25,2,4039.3,23,3,4041.2,27,2,4041.3,62,4,4041.4,55,4,4041.5,222,3,4041.6,36,2
11483,2026-07-02 14:43:17+05:30,4040.1,5,4034.63,1916343,178392.0,179033.0,4100.0,4110.0,4012.0,4092.6,25857300,4501.8,3683.4,4440.0,3288.1,4040.1,13,2,4039.7,23,1,4039.5,55,1,4039.4,25,2,4039.3,23,3,4041.2,27,2,4041.3,62,4,4041.4,55,4,4041.5,222,3,4041.6,36,2
11483,2026-07-02 14:43:18+05:30,4040.1,5,4034.63,1916349,178448.0,179175.0,4100.0,4110.0,4012.0,4092.6,25857300,4501.8,3683.4,4440.0,3288.1,4040.1,7,1,4039.7,23,1,4039.5,55,1,4039.4,25,2,4039.3,7,2,4041.2,65,6,4041.3,16,2,4041.4,113,5,4041.5,250,3,4041.6,87,4
11483,2026-07-02 14:43:18+05:30,4040.1,1,4034.63,1916349,178448.0,179175.0,4100.0,4110.0,4012.0,4092.6,25857300,4501.8,3683.4,4440.0,3288.1,4040.1,7,1,4039.7,23,1,4039.5,55,1,4039.4,25,2,4039.3,7,2,4041.2,65,6,4041.3,16,2,4041.4,113,5,4041.5,250,3,4041.6,87,4
11483,2026-07-02 14:43:19+05:30,4039.4,10,4034.63,1916370,177766.0,179819.0,4100.0,4110.0,4012.0,4092.6,25857300,4501.8,3683.4,4440.0,3288.1,4039.4,61,3,4039.3,15,2,4039.2,102,2,4039.1,44,1,4039.0,41,1,4041.0,37,3,4041.1,45,3,4041.2,79,5,4041.3,55,4,4041.4,63,3
11483,2026-07-02 14:43:19+05:30,4041.0,1,4034.63,1916370,177766.0,179819.0,4100.0,4110.0,4012.0,4092.6,25857300,4501.8,3683.4,4440.0,3288.1,4039.4,61,3,4039.3,15,2,4039.2,102,2,4039.1,44,1,4039.0,41,1,4041.0,37,3,4041.1,45,3,4041.2,79,5,4041.3,55,4,4041.4,63,3
11483,2026-07-02 14:43:20+05:30,4041.0,1,4034.63,1916373,177824.0,179624.0,4100.0,4110.0,4012.0,4092.6,25857300,4501.8,3683.4,4440.0,3288.1,4039.6,20,2,4039.5,38,1,4039.4,44,4,4039.3,5,1,4039.2,110,3,4041.0,17,2,4041.2,40,3,4041.3,47,3,4041.4,86,3,4041.5,287,4
11483,2026-07-02 14:43:20+05:30,4039.6,1,4034.63,1916373,177824.0,179624.0,4100.0,4110.0,4012.0,4092.6,25857300,4501.8,3683.4,4440.0,3288.1,4039.6,20,2,4039.5,38,1,4039.4,44,4,4039.3,5,1,4039.2,110,3,4041.0,17,2,4041.2,40,3,4041.3,47,3,4041.4,86,3,4041.5,287,4
11483,2026-07-02 14:43:21+05:30,4039.6,1,4034.63,1916374,177950.0,179963.0,4100.0,4110.0,4012.0,4092.6,25857300,4501.8,3683.4,4440.0,3288.1,4039.6,9,1,4039.5,38,1,4039.4,34,3,4039.3,5,1,4039.2,100,1,4040.9,13,1,4041.0,41,3,4041.2,73,2,4041.3,47,3,4041.4,86,3
11483,2026-07-02 14:43:22+05:30,4039.6,1,4034.63,1916485,178019.0,180001.0,4100.0,4110.0,4012.0,4092.6,25857300,4501.8,3683.4,4440.0,3288.1,4039.6,8,1,4039.5,38,1,4039.4,34,3,4039.3,5,1,4039.2,100,1,4040.9,13,1,4041.0,41,3,4041.1,13,1,4041.2,73,2,4041.3,47,3
11483,2026-07-02 14:43:22+05:30,4039.6,1,4034.63,1916485,178019.0,180001.0,4100.0,4110.0,4012.0,4092.6,25857300,4501.8,3683.4,4440.0,3288.1,4039.6,8,1,4039.5,38,1,4039.4,34,3,4039.3,5,1,4039.2,100,1,4040.9,13,1,4041.0,41,3,4041.1,13,1,4041.2,73,2,4041.3,47,3
11483,2026-07-02 14:43:23+05:30,4039.6,1,4034.63,1916498,177673.0,179980.0,4100.0,4110.0,4012.0,4092.6,25857300,4501.8,3683.4,4440.0,3288.1,4039.5,34,2,4039.4,69,4,4039.3,43,3,4039.2,106,2,4039.1,54,2,4040.9,17,2,4041.1,13,1,4041.3,40,3,4041.4,25,2,4041.5,250,3
11483,2026-07-02 14:43:23+05:30,4039.5,1,4034.63,1916498,177673.0,179980.0,4100.0,4110.0,4012.0,4092.6,25857300,4501.8,3683.4,4440.0,3288.1,4039.5,34,2,4039.4,69,4,4039.3,43,3,4039.2,106,2,4039.1,54,2,4040.9,17,2,4041.1,13,1,4041.3,40,3,4041.4,25,2,4041.5,250,3
11483,2026-07-02 14:43:24+05:30,4040.0,200,4034.63,1916702,177948.0,179351.0,4100.0,4110.0,4012.0,4092.6,25857300,4501.8,3683.4,4440.0,3288.1,4040.0,52,1,4039.5,14,2,4039.4,46,2,4039.3,69,4,4039.2,100,1,4040.9,18,3,4041.1,13,1,4041.2,13,1,4041.3,13,1,4041.5,220,2
11483,2026-07-02 14:43:24+05:30,4040.0,24,4034.63,1916702,177948.0,179351.0,4100.0,4110.0,4012.0,4092.6,25857300,4501.8,3683.4,4440.0,3288.1,4040.0,52,1,4039.5,14,2,4039.4,46,2,4039.3,69,4,4039.2,100,1,4040.9,18,3,4041.1,13,1,4041.2,13,1,4041.3,13,1,4041.5,220,2
11483,2026-07-02 14:43:25+05:30,4040.8,10,4034.63,1916812,178676.0,179880.0,4100.0,4110.0,4012.0,4092.6,25857300,4501.8,3683.4,4440.0,3288.1,4040.0,71,5,4039.9,40,1,4039.7,22,1,4039.6,46,2,4039.5,110,5,4040.8,12,2,4040.9,11,1,4041.3,13,1,4041.5,220,2,4041.6,13,1
11483,2026-07-02 14:43:25+05:30,4040.0,10,4034.63,1916812,178676.0,179880.0,4100.0,4110.0,4012.0,4092.6,25857300,4501.8,3683.4,4440.0,3288.1,4040.0,71,5,4039.9,40,1,4039.7,22,1,4039.6,46,2,4039.5,110,5,4040.8,12,2,4040.9,11,1,4041.3,13,1,4041.5,220,2,4041.6,13,1
11483,2026-07-02 14:43:26+05:30,4040.8,5,4034.63,1916812,178676.0,179880.0,4100.0,4110.0,4012.0,4092.6,25857300,4501.8,3683.4,4440.0,3288.1,4040.0,71,5,4039.9,40,1,4039.7,22,1,4039.6,46,2,4039.5,110,5,4040.8,12,2,4040.9,11,1,4041.3,13,1,4041.5,220,2,4041.6,13,1
11483,2026-07-02 14:43:26+05:30,4040.8,5,4034.63,1916843,178715.0,179924.0,4100.0,4110.0,4012.0,4092.6,25857300,4501.8,3683.4,4440.0,3288.1,4040.0,33,4,4039.7,22,1,4039.6,46,2,4039.5,77,4,4039.4,65,3,4040.8,18,3,4040.9,11,1,4041.3,13,1,4041.5,220,2,4041.6,13,1
11483,2026-07-02 14:43:27+05:30,4040.0,1,4034.63,1916843,178715.0,179924.0,4100.0,4110.0,4012.0,4092.6,25857300,4501.8,3683.4,4440.0,3288.1,4040.0,33,4,4039.7,22,1,4039.6,46,2,4039.5,77,4,4039.4,65,3,4040.8,18,3,4040.9,11,1,4041.3,13,1,4041.5,220,2,4041.6,13,1
11483,2026-07-02 14:43:27+05:30,4040.0,1,4034.63,1916858,178777.0,179963.0,4100.0,4110.0,4012.0,4092.6,25857300,4501.8,3683.4,4440.0,3288.1,4040.0,60,2,4039.7,66,2,4039.6,46,2,4039.5,53,3,4039.4,65,3,4040.8,18,3,4040.9,11,1,4041.0,10,1,4041.3,13,1,4041.4,51,1
11483,2026-07-02 14:43:28+05:30,4040.0,10,4034.63,1916858,178777.0,179963.0,4100.0,4110.0,4012.0,4092.6,25857300,4501.8,3683.4,4440.0,3288.1,4040.0,60,2,4039.7,66,2,4039.6,46,2,4039.5,53,3,4039.4,65,3,4040.8,18,3,4040.9,11,1,4041.0,10,1,4041.3,13,1,4041.4,51,1
11483,2026-07-02 14:43:28+05:30,4040.0,10,4034.63,1916897,177886.0,179604.0,4100.0,4110.0,4012.0,4092.6,25857300,4501.8,3683.4,4440.0,3288.1,4040.0,31,1,4039.6,20,1,4039.4,69,2,4039.3,51,2,4039.2,106,2,4040.8,120,6,4040.9,11,1,4041.0,10,1,4041.3,26,2,4041.5,231,2
11483,2026-07-02 14:43:29+05:30,4040.8,10,4034.63,1916897,177886.0,179604.0,4100.0,4110.0,4012.0,4092.6,25857300,4501.8,3683.4,4440.0,3288.1,4040.0,31,1,4039.6,20,1,4039.4,69,2,4039.3,51,2,4039.2,106,2,4040.8,120,6,4040.9,11,1,4041.0,10,1,4041.3,26,2,4041.5,231,2
11483,2026-07-02 14:43:29+05:30,4040.8,10,4034.63,1917027,178367.0,179439.0,4100.0,4110.0,4012.0,4092.6,25857300,4501.8,3683.4,4440.0,3288.1,4040.2,16,1,4040.1,42,4,4040.0,47,3,4039.9,42,2,4039.8,80,3,4040.8,22,2,4040.9,11,1,4041.0,10,1,4041.1,13,1,4041.3,13,1
11483,2026-07-02 14:43:30+05:30,4040.8,1,4034.63,1917027,178367.0,179439.0,4100.0,4110.0,4012.0,4092.6,25857300,4501.8,3683.4,4440.0,3288.1,4040.2,16,1,4040.1,42,4,4040.0,47,3,4039.9,42,2,4039.8,80,3,4040.8,22,2,4040.9,11,1,4041.0,10,1,4041.1,13,1,4041.3,13,1
11483,2026-07-02 14:43:30+05:30,4040.8,1,4034.63,1917169,178300.0,179928.0,4100.0,4110.0,4012.0,4092.6,25857300,4501.8,3683.4,4440.0,3288.1,4040.0,62,2,4039.8,11,1,4039.6,22,2,4039.5,64,4,4039.4,89,4,4040.8,18,3,4040.9,11,1,4041.0,10,1,4041.1,13,1,4041.3,13,1
11483,2026-07-02 14:43:31+05:30,4040.8,3,4034.63,1917169,178300.0,179928.0,4100.0,4110.0,4012.0,4092.6,25857300,4501.8,3683.4,4440.0,3288.1,4040.0,62,2,4039.8,11,1,4039.6,22,2,4039.5,64,4,4039.4,89,4,4040.8,18,3,4040.9,11,1,4041.0,10,1,4041.1,13,1,4041.3,13,1
11483,2026-07-02 14:43:31+05:30,4040.8,3,4034.63,1917230,178683.0,179875.0,4100.0,4110.0,4012.0,4092.6,25857300,4501.8,3683.4,4440.0,3288.1,4040.1,21,2,4040.0,61,3,4039.8,11,1,4039.7,24,1,4039.6,22,2,4040.8,19,2,4040.9,11,1,4041.0,10,1,4041.1,13,1,4041.3,13,1
11483,2026-07-02 14:43:32+05:30,4040.1,8,4034.63,1917230,178683.0,179875.0,4100.0,4110.0,4012.0,4092.6,25857300,4501.8,3683.4,4440.0,3288.1,4040.1,21,2,4040.0,61,3,4039.8,11,1,4039.7,24,1,4039.6,22,2,4040.8,19,2,4040.9,11,1,4041.0,10,1,4041.1,13,1,4041.3,13,1
11483,2026-07-02 14:43:32+05:30,4040.1,8,4034.63,1917248,178818.0,179908.0,4100.0,4110.0,4012.0,4092.6,25857300,4501.8,3683.4,4440.0,3288.1,4040.3,10,1,4040.2,50,3,4040.1,27,3,4040.0,77,4,4039.9,18,1,4040.8,39,3,4040.9,11,1,4041.0,60,2,4041.1,13,1,4041.5,198,1
11483,2026-07-02 14:43:33+05:30,4040.3,1,4034.63,1917248,178818.0,179908.0,4100.0,4110.0,4012.0,4092.6,25857300,4501.8,3683.4,4440.0,3288.1,4040.3,10,1,4040.2,50,3,4040.1,27,3,4040.0,77,4,4039.9,18,1,4040.8,39,3,4040.9,11,1,4041.0,60,2,4041.1,13,1,4041.5,198,1
11483,2026-07-02 14:43:33+05:30,4040.3,1,4034.63,1917337,178918.0,180163.0,4100.0,4110.0,4012.0,4092.6,25857300,4501.8,3683.4,4440.0,3288.1,4040.3,10,1,4040.2,48,4,4040.1,18,2,4040.0,77,4,4039.9,29,2,4040.8,16,2,4040.9,11,1,4041.0,135,4,4041.1,13,1,4041.5,198,1
11483,2026-07-02 14:43:33+05:30,4040.3,1,4034.63,1917337,178918.0,180163.0,4100.0,4110.0,4012.0,4092.6,25857300,4501.8,3683.4,4440.0,3288.1,4040.3,10,1,4040.2,48,4,4040.1,18,2,4040.0,77,4,4039.9,29,2,4040.8,16,2,4040.9,11,1,4041.0,135,4,4041.1,13,1,4041.5,198,1
11483,2026-07-02 14:43:34+05:30,4040.3,1,4034.63,1917337,178918.0,180163.0,4100.0,4110.0,4012.0,4092.6,25857300,4501.8,3683.4,4440.0,3288.1,4040.3,10,1,4040.2,48,4,4040.1,18,2,4040.0,77,4,4039.9,29,2,4040.8,16,2,4040.9,11,1,4041.0,135,4,4041.1,13,1,4041.5,198,1
11483,2026-07-02 14:43:34+05:30,4040.5,1,4034.63,1917337,178918.0,180163.0,4100.0,4110.0,4012.0,4092.6,25857300,4501.8,3683.4,4440.0,3288.1,4040.3,10,1,4040.2,48,4,4040.1,18,2,4040.0,77,4,4039.9,29,2,4040.8,16,2,4040.9,11,1,4041.0,135,4,4041.1,13,1,4041.5,198,1
11483,2026-07-02 14:43:34+05:30,4040.5,1,4034.63,1917756,179240.0,179582.0,4100.0,4110.0,4012.0,4092.6,25857300,4501.8,3683.4,4440.0,3288.1,4040.9,19,1,4040.8,17,1,4040.6,10,1,4040.5,36,2,4040.3,7,1,4041.1,12,1,4041.5,198,1,4041.9,38,2,4042.0,3894,9,4042.2,15,2
11483,2026-07-02 14:43:34+05:30,4040.5,1,4034.63,1917756,179240.0,179582.0,4100.0,4110.0,4012.0,4092.6,25857300,4501.8,3683.4,4440.0,3288.1,4040.9,19,1,4040.8,17,1,4040.6,10,1,4040.5,36,2,4040.3,7,1,4041.1,12,1,4041.5,198,1,4041.9,38,2,4042.0,3894,9,4042.2,15,2
11483,2026-07-02 14:43:35+05:30,4040.5,1,4034.63,1917756,179240.0,179582.0,4100.0,4110.0,4012.0,4092.6,25857300,4501.8,3683.4,4440.0,3288.1,4040.9,19,1,4040.8,17,1,4040.6,10,1,4040.5,36,2,4040.3,7,1,4041.1,12,1,4041.5,198,1,4041.9,38,2,4042.0,3894,9,4042.2,15,2
11483,2026-07-02 14:43:35+05:30,4040.9,13,4034.63,1917756,179240.0,179582.0,4100.0,4110.0,4012.0,4092.6,25857300,4501.8,3683.4,4440.0,3288.1,4040.9,19,1,4040.8,17,1,4040.6,10,1,4040.5,36,2,4040.3,7,1,4041.1,12,1,4041.5,198,1,4041.9,38,2,4042.0,3894,9,4042.2,15,2
11483,2026-07-02 14:43:35+05:30,4040.9,2,4034.63,1917835,179363.0,179651.0,4100.0,4110.0,4012.0,4092.6,25857300,4501.8,3683.4,4440.0,3288.1,4040.8,18,2,4040.7,25,1,4040.3,1,1,4040.1,34,3,4040.0,37,3,4040.9,15,2,4041.1,11,1,4041.5,198,1,4041.9,38,2,4042.0,3894,9
11483,2026-07-02 14:43:35+05:30,4040.9,2,4034.63,1917835,179363.0,179651.0,4100.0,4110.0,4012.0,4092.6,25857300,4501.8,3683.4,4440.0,3288.1,4040.8,18,2,4040.7,25,1,4040.3,1,1,4040.1,34,3,4040.0,37,3,4040.9,15,2,4041.1,11,1,4041.5,198,1,4041.9,38,2,4042.0,3894,9
11483,2026-07-02 14:43:36+05:30,4040.9,2,4034.63,1917835,179363.0,179651.0,4100.0,4110.0,4012.0,4092.6,25857300,4501.8,3683.4,4440.0,3288.1,4040.8,18,2,4040.7,25,1,4040.3,1,1,4040.1,34,3,4040.0,37,3,4040.9,15,2,4041.1,11,1,4041.5,198,1,4041.9,38,2,4042.0,3894,9
11483,2026-07-02 14:43:36+05:30,4040.9,2,4034.63,1917835,179363.0,179651.0,4100.0,4110.0,4012.0,4092.6,25857300,4501.8,3683.4,4440.0,3288.1,4040.8,18,2,4040.7,25,1,4040.3,1,1,4040.1,34,3,4040.0,37,3,4040.9,15,2,4041.1,11,1,4041.5,198,1,4041.9,38,2,4042.0,3894,9
11483,2026-07-02 14:43:36+05:30,4040.9,2,4034.63,1917868,179290.0,180195.0,4100.0,4110.0,4012.0,4092.6,25857300,4501.8,3683.4,4440.0,3288.1,4040.8,9,2,4040.3,1,1,4040.1,2,1,4040.0,21,2,4039.9,18,1,4040.9,6,2,4041.0,1,1,4041.1,13,2,4041.5,198,1,4041.8,21,1
11483,2026-07-02 14:43:36+05:30,4040.9,2,4034.63,1917868,179290.0,180195.0,4100.0,4110.0,4012.0,4092.6,25857300,4501.8,3683.4,4440.0,3288.1,4040.8,9,2,4040.3,1,1,4040.1,2,1,4040.0,21,2,4039.9,18,1,4040.9,6,2,4041.0,1,1,4041.1,13,2,4041.5,198,1,4041.8,21,1
11483,2026-07-02 14:43:37+05:30,4040.9,2,4034.63,1917868,179290.0,180195.0,4100.0,4110.0,4012.0,4092.6,25857300,4501.8,3683.4,4440.0,3288.1,4040.8,9,2,4040.3,1,1,4040.1,2,1,4040.0,21,2,4039.9,18,1,4040.9,6,2,4041.0,1,1,4041.1,13,2,4041.5,198,1,4041.8,21,1
11483,2026-07-02 14:43:37+05:30,4040.9,1,4034.63,1917868,179290.0,180195.0,4100.0,4110.0,4012.0,4092.6,25857300,4501.8,3683.4,4440.0,3288.1,4040.8,9,2,4040.3,1,1,4040.1,2,1,4040.0,21,2,4039.9,18,1,4040.9,6,2,4041.0,1,1,4041.1,13,2,4041.5,198,1,4041.8,21,1
11483,2026-07-02 14:43:37+05:30,4040.9,1,4034.63,1917918,179128.0,180152.0,4100.0,4110.0,4012.0,4092.6,25857300,4501.8,3683.4,4440.0,3288.1,4040.8,11,1,4040.3,1,1,4040.1,2,1,4040.0,21,2,4039.8,20,1,4040.9,14,2,4041.0,1,1,4041.1,11,1,4041.5,198,1,4041.6,24,1
11483,2026-07-02 14:43:37+05:30,4040.9,1,4034.63,1917918,179128.0,180152.0,4100.0,4110.0,4012.0,4092.6,25857300,4501.8,3683.4,4440.0,3288.1,4040.8,11,1,4040.3,1,1,4040.1,2,1,4040.0,21,2,4039.8,20,1,4040.9,14,2,4041.0,1,1,4041.1,11,1,4041.5,198,1,4041.6,24,1
11483,2026-07-02 14:43:37+05:30,4040.9,1,4034.63,1917918,179128.0,180152.0,4100.0,4110.0,4012.0,4092.6,25867975,4501.8,3683.4,4440.0,3288.1,4040.8,11,1,4040.3,1,1,4040.1,2,1,4040.0,21,2,4039.8,20,1,4040.9,14,2,4041.0,1,1,4041.1,11,1,4041.5,198,1,4041.6,24,1
11483,2026-07-02 14:43:38+05:30,4040.9,1,4034.63,1917918,179128.0,180152.0,4100.0,4110.0,4012.0,4092.6,25867975,4501.8,3683.4,4440.0,3288.1,4040.8,11,1,4040.3,1,1,4040.1,2,1,4040.0,21,2,4039.8,20,1,4040.9,14,2,4041.0,1,1,4041.1,11,1,4041.5,198,1,4041.6,24,1
11483,2026-07-02 14:43:38+05:30,4041.1,14,4034.63,1917918,179128.0,180152.0,4100.0,4110.0,4012.0,4092.6,25867975,4501.8,3683.4,4440.0,3288.1,4040.8,11,1,4040.3,1,1,4040.1,2,1,4040.0,21,2,4039.8,20,1,4040.9,14,2,4041.0,1,1,4041.1,11,1,4041.5,198,1,4041.6,24,1
11483,2026-07-02 14:43:38+05:30,4041.1,14,4034.63,1917918,179128.0,180152.0,4100.0,4110.0,4012.0,4092.6,25867975,4501.8,3683.4,4440.0,3288.1,4040.8,11,1,4040.3,1,1,4040.1,2,1,4040.0,21,2,4039.8,20,1,4040.9,14,2,4041.0,1,1,4041.1,11,1,4041.5,198,1,4041.6,24,1
11483,2026-07-02 14:43:38+05:30,4041.0,25,4034.63,1918085,178997.0,180328.0,4100.0,4110.0,4012.0,4092.6,25867975,4501.8,3683.4,4440.0,3288.1,4040.8,6,1,4040.3,1,1,4039.8,20,1,4039.7,35,2,4039.6,20,1,4041.0,35,1,4041.1,12,1,4041.5,222,2,4041.6,5,1,4041.7,18,1
11483,2026-07-02 14:43:38+05:30,4041.0,25,4034.63,1918085,178997.0,180328.0,4100.0,4110.0,4012.0,4092.6,25867975,4501.8,3683.4,4440.0,3288.1,4040.8,6,1,4040.3,1,1,4039.8,20,1,4039.7,35,2,4039.6,20,1,4041.0,35,1,4041.1,12,1,4041.5,222,2,4041.6,5,1,4041.7,18,1
11483,2026-07-02 14:43:39+05:30,4041.0,25,4034.63,1918085,178997.0,180328.0,4100.0,4110.0,4012.0,4092.6,25867975,4501.8,3683.4,4440.0,3288.1,4040.8,6,1,4040.3,1,1,4039.8,20,1,4039.7,35,2,4039.6,20,1,4041.0,35,1,4041.1,12,1,4041.5,222,2,4041.6,5,1,4041.7,18,1
11483,2026-07-02 14:43:39+05:30,4041.0,33,4034.63,1918085,178997.0,180328.0,4100.0,4110.0,4012.0,4092.6,25867975,4501.8,3683.4,4440.0,3288.1,4040.8,6,1,4040.3,1,1,4039.8,20,1,4039.7,35,2,4039.6,20,1,4041.0,35,1,4041.1,12,1,4041.5,222,2,4041.6,5,1,4041.7,18,1
11483,2026-07-02 14:43:39+05:30,4041.0,33,4034.63,1918085,178997.0,180328.0,4100.0,4110.0,4012.0,4092.6,25867975,4501.8,3683.4,4440.0,3288.1,4040.8,6,1,4040.3,1,1,4039.8,20,1,4039.7,35,2,4039.6,20,1,4041.0,35,1,4041.1,12,1,4041.5,222,2,4041.6,5,1,4041.7,18,1
11483,2026-07-02 14:43:39+05:30,4041.0,33,4034.63,1918150,179391.0,180169.0,4100.0,4110.0,4012.0,4092.6,25867975,4501.8,3683.4,4440.0,3288.1,4041.0,17,1,4040.9,9,1,4040.3,16,1,4040.1,53,1,4040.0,115,3,4041.1,12,1,4041.5,198,1,4041.9,157,3,4042.0,3894,9,4042.1,24,1
11483,2026-07-02 14:43:39+05:30,4041.0,33,4034.63,1918150,179391.0,180169.0,4100.0,4110.0,4012.0,4092.6,25867975,4501.8,3683.4,4440.0,3288.1,4041.0,17,1,4040.9,9,1,4040.3,16,1,4040.1,53,1,4040.0,115,3,4041.1,12,1,4041.5,198,1,4041.9,157,3,4042.0,3894,9,4042.1,24,1
11483,2026-07-02 14:43:40+05:30,4041.1,2,4034.63,1918150,179391.0,180169.0,4100.0,4110.0,4012.0,4092.6,25867975,4501.8,3683.4,4440.0,3288.1,4041.0,17,1,4040.9,9,1,4040.3,16,1,4040.1,53,1,4040.0,115,3,4041.1,12,1,4041.5,198,1,4041.9,157,3,4042.0,3894,9,4042.1,24,1
11483,2026-07-02 14:43:40+05:30,4041.0,11,4034.63,1918215,179135.0,180162.0,4100.0,4110.0,4012.0,4092.6,25867975,4501.8,3683.4,4440.0,3288.1,4041.0,4,1,4040.3,35,1,4040.0,45,1,4039.9,87,3,4039.8,20,1,4041.1,8,1,4041.5,198,1,4041.9,157,3,4042.0,3894,9,4042.1,32,1
11483,2026-07-02 14:43:41+05:30,4041.1,6,4034.63,1918215,179135.0,180162.0,4100.0,4110.0,4012.0,4092.6,25867975,4501.8,3683.4,4440.0,3288.1,4041.0,4,1,4040.3,35,1,4040.0,45,1,4039.9,87,3,4039.8,20,1,4041.1,8,1,4041.5,198,1,4041.9,157,3,4042.0,3894,9,4042.1,32,1
11483,2026-07-02 14:43:41+05:30,4041.1,6,4034.63,1918325,179094.0,180079.0,4100.0,4110.0,4012.0,4092.6,25867975,4501.8,3683.4,4440.0,3288.1,4040.2,35,4,4040.1,10,1,4040.0,146,7,4039.9,69,3,4039.7,58,3,4041.1,6,1,4041.5,198,1,4041.9,157,3,4042.0,3894,9,4042.2,15,2
11483,2026-07-02 14:43:42+05:30,4041.1,24,4034.63,1918325,179094.0,180079.0,4100.0,4110.0,4012.0,4092.6,25867975,4501.8,3683.4,4440.0,3288.1,4040.2,35,4,4040.1,10,1,4040.0,146,7,4039.9,69,3,4039.7,58,3,4041.1,6,1,4041.5,198,1,4041.9,157,3,4042.0,3894,9,4042.2,15,2
11483,2026-07-02 14:43:42+05:30,4041.1,24,4034.64,1918467,179257.0,180160.0,4100.0,4110.0,4012.0,4092.6,25867975,4501.8,3683.4,4440.0,3288.1,4040.8,10,1,4040.7,63,3,4040.6,28,4,4040.5,38,4,4040.4,47,3,4041.1,12,1,4041.5,191,1,4041.9,157,3,4042.0,3894,9,4042.2,15,2
11483,2026-07-02 14:43:43+05:30,4041.5,100,4034.64,1918467,179257.0,180160.0,4100.0,4110.0,4012.0,4092.6,25867975,4501.8,3683.4,4440.0,3288.1,4040.8,10,1,4040.7,63,3,4040.6,28,4,4040.5,38,4,4040.4,47,3,4041.1,12,1,4041.5,191,1,4041.9,157,3,4042.0,3894,9,4042.2,15,2
11483,2026-07-02 14:43:43+05:30,4041.5,1,4034.64,1918686,179377.0,180013.0,4100.0,4110.0,4012.0,4092.6,25867975,4501.8,3683.4,4440.0,3288.1,4040.8,21,1,4040.6,20,3,4040.5,40,3,4040.4,166,5,4040.2,20,2,4041.5,65,1,4041.9,157,3,4042.0,3894,9,4042.2,15,2,4042.4,19,1
11483,2026-07-02 14:43:44+05:30,4041.5,14,4034.64,1918686,179377.0,180013.0,4100.0,4110.0,4012.0,4092.6,25867975,4501.8,3683.4,4440.0,3288.1,4040.8,21,1,4040.6,20,3,4040.5,40,3,4040.4,166,5,4040.2,20,2,4041.5,65,1,4041.9,157,3,4042.0,3894,9,4042.2,15,2,4042.4,19,1
11483,2026-07-02 14:43:44+05:30,4041.5,14,4034.64,1918764,179217.0,180236.0,4100.0,4110.0,4012.0,4092.6,25867975,4501.8,3683.4,4440.0,3288.1,4040.6,1,1,4040.5,8,2,4040.4,20,2,4040.2,12,1,4040.0,100,5,4040.8,2,1,4041.5,14,1,4041.8,37,1,4041.9,181,4,4042.0,3895,10
11483,2026-07-02 14:43:45+05:30,4040.6,4,4034.64,1918764,179217.0,180236.0,4100.0,4110.0,4012.0,4092.6,25867975,4501.8,3683.4,4440.0,3288.1,4040.6,1,1,4040.5,8,2,4040.4,20,2,4040.2,12,1,4040.0,100,5,4040.8,2,1,4041.5,14,1,4041.8,37,1,4041.9,181,4,4042.0,3895,10
11483,2026-07-02 14:43:45+05:30,4040.6,4,4034.64,1918768,178998.0,180237.0,4100.0,4110.0,4012.0,4092.6,25867975,4501.8,3683.4,4440.0,3288.1,4040.5,2,1,4040.4,11,1,4040.0,82,4,4039.9,45,2,4039.7,62,2,4040.6,1,1,4040.8,2,1,4041.1,20,1,4041.5,14,1,4041.6,13,1
11483,2026-07-02 14:43:46+05:30,4040.6,3,4034.64,1918768,178998.0,180237.0,4100.0,4110.0,4012.0,4092.6,25867975,4501.8,3683.4,4440.0,3288.1,4040.5,2,1,4040.4,11,1,4040.0,82,4,4039.9,45,2,4039.7,62,2,4040.6,1,1,4040.8,2,1,4041.1,20,1,4041.5,14,1,4041.6,13,1
11483,2026-07-02 14:43:46+05:30,4040.6,1,4034.64,1918774,179023.0,180215.0,4100.0,4110.0,4012.0,4092.6,25867975,4501.8,3683.4,4440.0,3288.1,4040.6,1,1,4040.5,2,1,4040.4,11,1,4040.0,38,3,4039.7,64,3,4040.8,2,1,4041.1,20,1,4041.5,38,2,4041.6,13,1,4041.7,64,2
11483,2026-07-02 14:43:47+05:30,4040.6,1,4034.64,1918774,179023.0,180215.0,4100.0,4110.0,4012.0,4092.6,25867975,4501.8,3683.4,4440.0,3288.1,4040.6,1,1,4040.5,2,1,4040.4,11,1,4040.0,38,3,4039.7,64,3,4040.8,2,1,4041.1,20,1,4041.5,38,2,4041.6,13,1,4041.7,64,2
11483,2026-07-02 14:43:47+05:30,4040.8,7,4034.64,1918785,179023.0,180363.0,4100.0,4110.0,4012.0,4092.6,25867975,4501.8,3683.4,4440.0,3288.1,4040.6,1,1,4040.5,2,1,4040.4,11,1,4040.0,38,3,4039.7,64,3,4040.8,2,1,4041.0,5,1,4041.1,20,1,4041.5,38,2,4041.6,13,1
11483,2026-07-02 14:43:48+05:30,4041.0,2,4034.64,1918785,179023.0,180363.0,4100.0,4110.0,4012.0,4092.6,25867975,4501.8,3683.4,4440.0,3288.1,4040.6,1,1,4040.5,2,1,4040.4,11,1,4040.0,38,3,4039.7,64,3,4040.8,2,1,4041.0,5,1,4041.1,20,1,4041.5,38,2,4041.6,13,1
11483,2026-07-02 14:43:48+05:30,4041.0,2,4034.64,1918800,179087.0,180434.0,4100.0,4110.0,4012.0,4092.6,25867975,4501.8,3683.4,4440.0,3288.1,4040.1,29,1,4040.0,50,5,4039.9,12,1,4039.8,2,1,4039.7,95,3,4041.0,3,1,4041.1,20,1,4041.5,38,2,4041.6,26,2,4041.7,64,2
11483,2026-07-02 14:43:49+05:30,4040.1,2,4034.64,1918800,179087.0,180434.0,4100.0,4110.0,4012.0,4092.6,25867975,4501.8,3683.4,4440.0,3288.1,4040.1,29,1,4040.0,50,5,4039.9,12,1,4039.8,2,1,4039.7,95,3,4041.0,3,1,4041.1,20,1,4041.5,38,2,4041.6,26,2,4041.7,64,2
11483,2026-07-02 14:43:49+05:30,4040.1,2,4034.64,1918802,179083.0,180639.0,4100.0,4110.0,4012.0,4092.6,25867975,4501.8,3683.4,4440.0,3288.1,4040.1,27,1,4040.0,55,7,4039.9,12,1,4039.8,2,1,4039.7,95,3,4041.0,3,1,4041.1,20,1,4041.2,11,1,4041.5,38,2,4041.6,13,1
11483,2026-07-02 14:43:50+05:30,4041.0,1,4034.64,1918802,179083.0,180639.0,4100.0,4110.0,4012.0,4092.6,25867975,4501.8,3683.4,4440.0,3288.1,4040.1,27,1,4040.0,55,7,4039.9,12,1,4039.8,2,1,4039.7,95,3,4041.0,3,1,4041.1,20,1,4041.2,11,1,4041.5,38,2,4041.6,13,1
11483,2026-07-02 14:43:50+05:30,4041.0,1,4034.64,1918803,178809.0,180671.0,4100.0,4110.0,4012.0,4092.6,25867975,4501.8,3683.4,4440.0,3288.1,4040.1,27,1,4040.0,55,7,4039.9,12,1,4039.8,2,1,4039.7,95,3,4041.0,2,1,4041.1,20,1,4041.2,11,1,4041.5,38,2,4041.6,13,1
11483,2026-07-02 14:43:51+05:30,4041.0,1,4034.64,1918803,178809.0,180671.0,4100.0,4110.0,4012.0,4092.6,25867975,4501.8,3683.4,4440.0,3288.1,4040.1,27,1,4040.0,55,7,4039.9,12,1,4039.8,2,1,4039.7,95,3,4041.0,2,1,4041.1,20,1,4041.2,11,1,4041.5,38,2,4041.6,13,1
11483,2026-07-02 14:43:51+05:30,4041.0,1,4034.64,1918820,178810.0,180732.0,4100.0,4110.0,4012.0,4092.6,25867975,4501.8,3683.4,4440.0,3288.1,4040.0,53,6,4039.9,12,1,4039.7,97,4,4039.6,78,5,4039.5,41,2,4041.1,7,1,4041.2,35,2,4041.5,14,1,4041.6,42,3,4041.7,64,2
11483,2026-07-02 14:43:52+05:30,4041.1,3,4034.64,1918820,178810.0,180732.0,4100.0,4110.0,4012.0,4092.6,25867975,4501.8,3683.4,4440.0,3288.1,4040.0,53,6,4039.9,12,1,4039.7,97,4,4039.6,78,5,4039.5,41,2,4041.1,7,1,4041.2,35,2,4041.5,14,1,4041.6,42,3,4041.7,64,2
11483,2026-07-02 14:43:52+05:30,4041.1,3,4034.64,1918832,178895.0,180867.0,4100.0,4110.0,4012.0,4092.6,25867975,4501.8,3683.4,4440.0,3288.1,4040.0,210,6,4039.9,12,1,4039.7,48,3,4039.6,78,5,4039.5,10,1,4041.1,12,2,4041.2,11,1,4041.4,33,2,4041.5,46,2,4041.6,37,2
11483,2026-07-02 14:43:53+05:30,4040.0,1,4034.64,1918832,178895.0,180867.0,4100.0,4110.0,4012.0,4092.6,25867975,4501.8,3683.4,4440.0,3288.1,4040.0,210,6,4039.9,12,1,4039.7,48,3,4039.6,78,5,4039.5,10,1,4041.1,12,2,4041.2,11,1,4041.4,33,2,4041.5,46,2,4041.6,37,2
11483,2026-07-02 14:43:53+05:30,4040.0,1,4034.64,1918833,178902.0,181070.0,4100.0,4110.0,4012.0,4092.6,25867975,4501.8,3683.4,4440.0,3288.1,4040.0,209,6,4039.9,12,1,4039.7,48,3,4039.6,78,5,4039.5,10,1,4041.1,12,2,4041.2,11,1,4041.4,33,2,4041.5,46,2,4041.6,37,2
11483,2026-07-02 14:43:54+05:30,4041.0,1,4034.64,1918833,178902.0,181070.0,4100.0,4110.0,4012.0,4092.6,25867975,4501.8,3683.4,4440.0,3288.1,4040.0,209,6,4039.9,12,1,4039.7,48,3,4039.6,78,5,4039.5,10,1,4041.1,12,2,4041.2,11,1,4041.4,33,2,4041.5,46,2,4041.6,37,2
11483,2026-07-02 14:43:54+05:30,4040.0,1,4034.64,1918937,178773.0,180660.0,4100.0,4110.0,4012.0,4092.6,25867975,4501.8,3683.4,4440.0,3288.1,4040.0,110,2,4039.9,12,1,4039.7,82,3,4039.6,42,5,4039.5,16,2,4041.2,3,1,4041.4,29,2,4041.5,53,2,4041.6,37,2,4041.7,64,2
11483,2026-07-02 14:43:55+05:30,4040.0,1,4034.64,1918937,178773.0,180660.0,4100.0,4110.0,4012.0,4092.6,25867975,4501.8,3683.4,4440.0,3288.1,4040.0,110,2,4039.9,12,1,4039.7,82,3,4039.6,42,5,4039.5,16,2,4041.2,3,1,4041.4,29,2,4041.5,53,2,4041.6,37,2,4041.7,64,2
11483,2026-07-02 14:43:55+05:30,4040.0,6,4034.64,1918956,178746.0,181003.0,4100.0,4110.0,4012.0,4092.6,25867975,4501.8,3683.4,4440.0,3288.1,4040.0,91,2,4039.9,12,1,4039.7,82,3,4039.6,42,5,4039.5,16,2,4041.0,4,2,4041.2,41,3,4041.4,17,1,4041.5,53,2,4041.6,37,2
11483,2026-07-02 14:43:56+05:30,4040.0,5,4034.64,1918956,178746.0,181003.0,4100.0,4110.0,4012.0,4092.6,25867975,4501.8,3683.4,4440.0,3288.1,4040.0,91,2,4039.9,12,1,4039.7,82,3,4039.6,42,5,4039.5,16,2,4041.0,4,2,4041.2,41,3,4041.4,17,1,4041.5,53,2,4041.6,37,2
11483,2026-07-02 14:43:56+05:30,4040.0,5,4034.64,1918964,178714.0,181403.0,4100.0,4110.0,4012.0,4092.6,25867975,4501.8,3683.4,4440.0,3288.1,4040.0,86,3,4039.9,12,1,4039.7,82,3,4039.6,37,4,4039.5,16,2,4041.0,4,2,4041.2,41,3,4041.4,28,2,4041.5,53,2,4041.6,37,2
11483,2026-07-02 14:43:57+05:30,4040.0,1,4034.64,1918964,178714.0,181403.0,4100.0,4110.0,4012.0,4092.6,25867975,4501.8,3683.4,4440.0,3288.1,4040.0,86,3,4039.9,12,1,4039.7,82,3,4039.6,37,4,4039.5,16,2,4041.0,4,2,4041.2,41,3,4041.4,28,2,4041.5,53,2,4041.6,37,2
11483,2026-07-02 14:43:57+05:30,4040.0,10,4034.64,1918975,178570.0,181316.0,4100.0,4110.0,4012.0,4092.6,25867975,4501.8,3683.4,4440.0,3288.1,4040.0,75,3,4039.9,12,1,4039.7,44,2,4039.6,35,3,4039.5,12,2,4040.9,34,4,4041.0,130,4,4041.1,20,1,4041.2,3,1,4041.3,59,2
11483,2026-07-02 14:43:58+05:30,4040.0,1,4034.64,1918975,178570.0,181316.0,4100.0,4110.0,4012.0,4092.6,25867975,4501.8,3683.4,4440.0,3288.1,4040.0,75,3,4039.9,12,1,4039.7,44,2,4039.6,35,3,4039.5,12,2,4040.9,34,4,4041.0,130,4,4041.1,20,1,4041.2,3,1,4041.3,59,2
11483,2026-07-02 14:43:58+05:30,4040.0,5,4034.64,1918988,178555.0,181114.0,4100.0,4110.0,4012.0,4092.6,25867975,4501.8,3683.4,4440.0,3288.1,4040.0,69,3,4039.9,12,1,4039.6,35,3,4039.5,10,1,4039.4,67,2,4040.8,16,2,4040.9,42,6,4041.0,130,4,4041.1,70,2,4041.2,3,1
11483,2026-07-02 14:43:59+05:30,4040.0,2,4034.64,1918988,178555.0,181114.0,4100.0,4110.0,4012.0,4092.6,25867975,4501.8,3683.4,4440.0,3288.1,4040.0,69,3,4039.9,12,1,4039.6,35,3,4039.5,10,1,4039.4,67,2,4040.8,16,2,4040.9,42,6,4041.0,130,4,4041.1,70,2,4041.2,3,1
11483,2026-07-02 14:43:59+05:30,4040.8,1,4034.64,1918991,178555.0,180543.0,4100.0,4110.0,4012.0,4092.6,25867975,4501.8,3683.4,4440.0,3288.1,4040.0,67,3,4039.9,12,1,4039.6,35,3,4039.5,12,2,4039.4,67,2,4040.6,10,1,4040.8,16,3,4040.9,38,5,4041.0,130,4,4041.1,83,3
11483,2026-07-02 14:44:00+05:30,4040.0,1,4034.64,1918991,178555.0,180543.0,4100.0,4110.0,4012.0,4092.6,25867975,4501.8,3683.4,4440.0,3288.1,4040.0,67,3,4039.9,12,1,4039.6,35,3,4039.5,12,2,4039.4,67,2,4040.6,10,1,4040.8,16,3,4040.9,38,5,4041.0,130,4,4041.1,83,3
11483,2026-07-02 14:44:00+05:30,4040.4,6,4034.64,1919041,179348.0,180838.0,4100.0,4110.0,4012.0,4092.6,25867975,4501.8,3683.4,4440.0,3288.1,4040.4,75,1,4040.3,42,1,4040.2,42,1,4040.1,42,1,4040.0,391,5,4040.6,10,1,4040.9,2,1,4041.0,127,3,4041.1,76,3,4041.5,14,1
11483,2026-07-02 14:44:01+05:30,4040.6,1,4034.64,1919041,179348.0,180838.0,4100.0,4110.0,4012.0,4092.6,25867975,4501.8,3683.4,4440.0,3288.1,4040.4,75,1,4040.3,42,1,4040.2,42,1,4040.1,42,1,4040.0,391,5,4040.6,10,1,4040.9,2,1,4041.0,127,3,4041.1,76,3,4041.5,14,1
11483,2026-07-02 14:44:01+05:30,4040.6,1,4034.64,1919053,179009.0,181350.0,4100.0,4110.0,4012.0,4092.6,25867975,4501.8,3683.4,4440.0,3288.1,4040.5,36,1,4040.4,42,1,4040.3,42,1,4040.1,42,1,4040.0,391,5,4040.6,6,2,4041.0,127,3,4041.1,63,2,4041.2,13,1,4041.5,38,2
11483,2026-07-02 14:44:02+05:30,4040.5,11,4034.64,1919053,179009.0,181350.0,4100.0,4110.0,4012.0,4092.6,25867975,4501.8,3683.4,4440.0,3288.1,4040.5,36,1,4040.4,42,1,4040.3,42,1,4040.1,42,1,4040.0,391,5,4040.6,6,2,4041.0,127,3,4041.1,63,2,4041.2,13,1,4041.5,38,2
11483,2026-07-02 14:44:02+05:30,4040.6,4,4034.64,1919154,179146.0,181547.0,4100.0,4110.0,4012.0,4092.6,25867975,4501.8,3683.4,4440.0,3288.1,4040.5,4,1,4040.4,42,1,4040.3,42,1,4040.1,42,1,4040.0,404,6,4040.6,9,1,4040.9,24,1,4041.0,127,3,4041.1,87,3,4041.2,10,1
11483,2026-07-02 14:44:03+05:30,4040.5,4,4034.64,1919154,179146.0,181547.0,4100.0,4110.0,4012.0,4092.6,25867975,4501.8,3683.4,4440.0,3288.1,4040.5,4,1,4040.4,42,1,4040.3,42,1,4040.1,42,1,4040.0,404,6,4040.6,9,1,4040.9,24,1,4041.0,127,3,4041.1,87,3,4041.2,10,1
11483,2026-07-02 14:44:03+05:30,4040.7,2,4034.64,1919179,178952.0,181593.0,4100.0,4110.0,4012.0,4092.6,25867975,4501.8,3683.4,4440.0,3288.1,4040.7,21,1,4040.6,42,1,4040.4,42,1,4040.0,411,8,4039.6,35,3,4040.9,35,3,4041.0,143,4,4041.1,73,3,4041.2,23,2,4041.3,60,2
11483,2026-07-02 14:44:04+05:30,4040.9,86,4034.64,1919179,178952.0,181593.0,4100.0,4110.0,4012.0,4092.6,25867975,4501.8,3683.4,4440.0,3288.1,4040.7,21,1,4040.6,42,1,4040.4,42,1,4040.0,411,8,4039.6,35,3,4040.9,35,3,4041.0,143,4,4041.1,73,3,4041.2,23,2,4041.3,60,2
11483,2026-07-02 14:44:04+05:30,4040.9,11,4034.64,1919338,179186.0,181586.0,4100.0,4110.0,4012.0,4092.6,25867975,4501.8,3683.4,4440.0,3288.1,4040.9,5,1,4040.8,42,1,4040.7,18,1,4040.6,42,1,4040.4,42,1,4041.0,179,6,4041.1,63,2,4041.2,10,1,4041.3,75,3,4041.4,18,1
11483,2026-07-02 14:44:05+05:30,4040.9,19,4034.64,1919338,179186.0,181586.0,4100.0,4110.0,4012.0,4092.6,25867975,4501.8,3683.4,4440.0,3288.1,4040.9,5,1,4040.8,42,1,4040.7,18,1,4040.6,42,1,4040.4,42,1,4041.0,179,6,4041.1,63,2,4041.2,10,1,4041.3,75,3,4041.4,18,1
11483,2026-07-02 14:44:05+05:30,4040.9,19,4034.64,1919357,179291.0,181508.0,4100.0,4110.0,4012.0,4092.6,25867975,4501.8,3683.4,4440.0,3288.1,4040.9,62,3,4040.7,60,2,4040.5,42,1,4040.0,411,8,4039.8,71,2,4041.0,163,5,4041.1,63,2,4041.2,10,1,4041.3,47,2,4041.4,21,2
11483,2026-07-02 14:44:06+05:30,4040.5,3,4034.64,1919357,179291.0,181508.0,4100.0,4110.0,4012.0,4092.6,25867975,4501.8,3683.4,4440.0,3288.1,4040.9,62,3,4040.7,60,2,4040.5,42,1,4040.0,411,8,4039.8,71,2,4041.0,163,5,4041.1,63,2,4041.2,10,1,4041.3,47,2,4041.4,21,2
11483,2026-07-02 14:44:06+05:30,4040.5,3,4034.64,1919489,178702.0,181193.0,4100.0,4110.0,4012.0,4092.6,25867975,4501.8,3683.4,4440.0,3288.1,4040.5,39,1,4040.0,400,8,4039.8,27,1,4039.6,35,3,4039.5,105,2,4040.9,13,1,4041.0,138,2,4041.1,50,1,4041.2,10,1,4041.5,14,1
11483,2026-07-02 14:44:07+05:30,4040.9,1,4034.64,1919489,178702.0,181193.0,4100.0,4110.0,4012.0,4092.6,25867975,4501.8,3683.4,4440.0,3288.1,4040.5,39,1,4040.0,400,8,4039.8,27,1,4039.6,35,3,4039.5,105,2,4040.9,13,1,4041.0,138,2,4041.1,50,1,4041.2,10,1,4041.5,14,1
11483,2026-07-02 14:44:07+05:30,4040.9,7,4034.64,1919543,178811.0,181643.0,4100.0,4110.0,4012.0,4092.6,25867975,4501.8,3683.4,4440.0,3288.1,4040.9,7,1,4040.5,13,1,4040.0,401,9,4039.6,35,3,4039.5,55,2,4041.0,120,1,4041.1,87,3,4041.2,10,1,4041.5,35,3,4041.6,42,2
11483,2026-07-02 14:44:08+05:30,4040.9,11,4034.64,1919543,178811.0,181643.0,4100.0,4110.0,4012.0,4092.6,25867975,4501.8,3683.4,4440.0,3288.1,4040.9,7,1,4040.5,13,1,4040.0,401,9,4039.6,35,3,4039.5,55,2,4041.0,120,1,4041.1,87,3,4041.2,10,1,4041.5,35,3,4041.6,42,2
11483,2026-07-02 14:44:08+05:30,4040.9,11,4034.64,1919593,178887.0,181679.0,4100.0,4110.0,4012.0,4092.6,25867975,4501.8,3683.4,4440.0,3288.1,4040.9,11,2,4040.8,42,1,4040.7,42,1,4040.5,13,1,4040.0,401,9,4041.0,115,1,4041.1,63,2,4041.2,34,2,4041.5,14,1,4041.6,42,2
11483,2026-07-02 14:44:09+05:30,4041.0,1,4034.64,1919593,178887.0,181679.0,4100.0,4110.0,4012.0,4092.6,25867975,4501.8,3683.4,4440.0,3288.1,4040.9,11,2,4040.8,42,1,4040.7,42,1,4040.5,13,1,4040.0,401,9,4041.0,115,1,4041.1,63,2,4041.2,34,2,4041.5,14,1,4041.6,42,2
11483,2026-07-02 14:44:10+05:30,4040.9,1,4034.64,1919614,178875.0,181627.0,4100.0,4110.0,4012.0,4092.6,25867975,4501.8,3683.4,4440.0,3288.1,4040.9,6,1,4040.8,42,1,4040.7,42,1,4040.5,13,1,4040.0,406,10,4041.0,114,1,4041.1,63,2,4041.2,10,1,4041.4,14,1,4041.5,14,1
11483,2026-07-02 14:44:10+05:30,4040.8,15,4034.64,1919614,178875.0,181627.0,4100.0,4110.0,4012.0,4092.6,25867975,4501.8,3683.4,4440.0,3288.1,4040.9,6,1,4040.8,42,1,4040.7,42,1,4040.5,13,1,4040.0,406,10,4041.0,114,1,4041.1,63,2,4041.2,10,1,4041.4,14,1,4041.5,14,1
11483,2026-07-02 14:44:10+05:30,4041.0,39,4034.64,1919712,178837.0,181750.0,4100.0,4110.0,4012.0,4092.6,25867975,4501.8,3683.4,4440.0,3288.1,4040.8,11,1,4040.7,42,1,4040.5,13,1,4040.0,406,10,4039.6,62,4,4041.0,94,3,4041.1,63,2,4041.2,10,1,4041.3,24,1,4041.4,14,1
11483,2026-07-02 14:44:11+05:30,4040.8,11,4034.64,1919712,178837.0,181750.0,4100.0,4110.0,4012.0,4092.6,25867975,4501.8,3683.4,4440.0,3288.1,4040.8,11,1,4040.7,42,1,4040.5,13,1,4040.0,406,10,4039.6,62,4,4041.0,94,3,4041.1,63,2,4041.2,10,1,4041.3,24,1,4041.4,14,1
11483,2026-07-02 14:44:12+05:30,4040.8,11,4034.64,1919723,178818.0,181858.0,4100.0,4110.0,4012.0,4092.6,25867975,4501.8,3683.4,4440.0,3288.1,4040.5,55,2,4040.1,11,1,4040.0,406,10,4039.6,79,4,4039.5,61,1,4040.8,2,2,4040.9,20,1,4041.0,131,5,4041.1,63,2,4041.2,21,2
11483,2026-07-02 14:44:12+05:30,4040.8,1,4034.64,1919723,178818.0,181858.0,4100.0,4110.0,4012.0,4092.6,25867975,4501.8,3683.4,4440.0,3288.1,4040.5,55,2,4040.1,11,1,4040.0,406,10,4039.6,79,4,4039.5,61,1,4040.8,2,2,4040.9,20,1,4041.0,131,5,4041.1,63,2,4041.2,21,2
11483,2026-07-02 14:44:13+05:30,4040.6,11,4034.64,1919737,178888.0,181874.0,4100.0,4110.0,4012.0,4092.6,25867975,4501.8,3683.4,4440.0,3288.1,4040.6,71,2,4040.5,55,2,4040.1,11,1,4040.0,406,10,4039.6,105,5,4040.8,2,2,4040.9,20,1,4041.0,116,3,4041.1,63,2,4041.2,21,2
11483,2026-07-02 14:44:13+05:30,4040.6,4,4034.64,1919737,178888.0,181874.0,4100.0,4110.0,4012.0,4092.6,25867975,4501.8,3683.4,4440.0,3288.1,4040.6,71,2,4040.5,55,2,4040.1,11,1,4040.0,406,10,4039.6,105,5,4040.8,2,2,4040.9,20,1,4041.0,116,3,4041.1,63,2,4041.2,21,2
11483,2026-07-02 14:44:14+05:30,4040.8,3,4034.64,1919775,178792.0,181776.0,4100.0,4110.0,4012.0,4092.6,25867975,4501.8,3683.4,4440.0,3288.1,4040.6,38,1,4040.5,55,2,4040.1,11,1,4040.0,406,10,4039.6,79,4,4040.8,29,4,4040.9,42,4,4041.0,74,1,4041.1,50,1,4041.2,10,1
11483,2026-07-02 14:44:14+05:30,4040.5,14,4034.64,1919775,178792.0,181776.0,4100.0,4110.0,4012.0,4092.6,25867975,4501.8,3683.4,4440.0,3288.1,4040.6,38,1,4040.5,55,2,4040.1,11,1,4040.0,406,10,4039.6,79,4,4040.8,29,4,4040.9,42,4,4041.0,74,1,4041.1,50,1,4041.2,10,1
11483,2026-07-02 14:44:15+05:30,4040.5,10,4034.64,1919852,178686.0,181898.0,4100.0,4110.0,4012.0,4092.6,25867975,4501.8,3683.4,4440.0,3288.1,4040.5,16,1,4040.1,11,1,4040.0,406,10,4039.6,30,2,4039.2,224,3,4040.6,25,3,4040.8,14,3,4040.9,41,3,4041.0,111,3,4041.1,50,1
11483,2026-07-02 14:44:15+05:30,4040.5,10,4034.64,1919852,178686.0,181898.0,4100.0,4110.0,4012.0,4092.6,25867975,4501.8,3683.4,4440.0,3288.1,4040.5,16,1,4040.1,11,1,4040.0,406,10,4039.6,30,2,4039.2,224,3,4040.6,25,3,4040.8,14,3,4040.9,41,3,4041.0,111,3,4041.1,50,1
11483,2026-07-02 14:44:16+05:30,4040.5,6,4034.64,1919876,178836.0,182190.0,4100.0,4110.0,4012.0,4092.6,25867975,4501.8,3683.4,4440.0,3288.1,4040.3,42,1,4040.2,42,1,4040.1,11,1,4040.0,406,10,4039.9,42,1,4040.5,1,1,4040.6,1,1,4040.7,40,2,4040.8,24,4,4040.9,33,2
11483,2026-07-02 14:44:16+05:30,4040.4,11,4034.64,1919876,178836.0,182190.0,4100.0,4110.0,4012.0,4092.6,25867975,4501.8,3683.4,4440.0,3288.1,4040.3,42,1,4040.2,42,1,4040.1,11,1,4040.0,406,10,4039.9,42,1,4040.5,1,1,4040.6,1,1,4040.7,40,2,4040.8,24,4,4040.9,33,2
11483,2026-07-02 14:44:17+05:30,4040.4,11,4034.64,1919890,178894.0,182059.0,4100.0,4110.0,4012.0,4092.6,25867975,4501.8,3683.4,4440.0,3288.1,4040.4,28,1,4040.3,42,1,4040.2,42,1,4040.0,448,11,4039.9,12,1,4040.5,11,3,4040.6,14,2,4040.7,35,2,4040.8,11,2,4040.9,33,2
11483,2026-07-02 14:44:17+05:30,4040.5,7,4034.64,1919890,178894.0,182059.0,4100.0,4110.0,4012.0,4092.6,25867975,4501.8,3683.4,4440.0,3288.1,4040.4,28,1,4040.3,42,1,4040.2,42,1,4040.0,448,11,4039.9,12,1,4040.5,11,3,4040.6,14,2,4040.7,35,2,4040.8,11,2,4040.9,33,2
11483,2026-07-02 14:44:18+05:30,4040.4,3,4034.64,1919954,180270.0,181726.0,4100.0,4110.0,4012.0,4092.6,25867975,4501.8,3683.4,4440.0,3288.1,4040.3,32,1,4040.2,42,1,4040.0,448,11,4039.9,12,1,4039.6,30,2,4040.4,21,3,4040.5,1,1,4040.6,11,3,4040.7,52,3,4040.8,12,3
11483,2026-07-02 14:44:18+05:30,4040.2,12,4034.64,1919954,180270.0,181726.0,4100.0,4110.0,4012.0,4092.6,25867975,4501.8,3683.4,4440.0,3288.1,4040.3,32,1,4040.2,42,1,4040.0,448,11,4039.9,12,1,4039.6,30,2,4040.4,21,3,4040.5,1,1,4040.6,11,3,4040.7,52,3,4040.8,12,3
11483,2026-07-02 14:44:19+05:30,4040.2,12,4034.64,1920005,180330.0,182011.0,4100.0,4110.0,4012.0,4092.6,25867975,4501.8,3683.4,4440.0,3288.1,4040.2,65,2,4040.1,42,1,4040.0,406,10,4039.9,12,1,4039.8,42,1,4040.3,2,1,4040.4,11,2,4040.5,21,2,4040.6,3,2,4040.7,30,2
11483,2026-07-02 14:44:19+05:30,4040.2,5,4034.64,1920005,180330.0,182011.0,4100.0,4110.0,4012.0,4092.6,25867975,4501.8,3683.4,4440.0,3288.1,4040.2,65,2,4040.1,42,1,4040.0,406,10,4039.9,12,1,4039.8,42,1,4040.3,2,1,4040.4,11,2,4040.5,21,2,4040.6,3,2,4040.7,30,2
11483,2026-07-02 14:44:20+05:30,4040.2,42,4034.64,1920070,180130.0,182145.0,4100.0,4110.0,4012.0,4092.6,25867975,4501.8,3683.4,4440.0,3288.1,4040.1,42,1,4040.0,406,10,4039.9,12,1,4039.8,42,1,4039.6,74,3,4040.2,2,1,4040.3,36,3,4040.4,2,1,4040.5,21,2,4040.6,14,3
11483,2026-07-02 14:44:20+05:30,4040.1,8,4034.64,1920070,180130.0,182145.0,4100.0,4110.0,4012.0,4092.6,25867975,4501.8,3683.4,4440.0,3288.1,4040.1,42,1,4040.0,406,10,4039.9,12,1,4039.8,42,1,4039.6,74,3,4040.2,2,1,4040.3,36,3,4040.4,2,1,4040.5,21,2,4040.6,14,3
11483,2026-07-02 14:44:21+05:30,4040.1,8,4034.64,1920078,180214.0,182066.0,4100.0,4110.0,4012.0,4092.6,25867975,4501.8,3683.4,4440.0,3288.1,4040.1,42,1,4040.0,448,11,4039.9,54,2,4039.7,42,1,4039.6,74,3,4040.2,2,1,4040.3,49,4,4040.4,31,2,4040.5,21,2,4040.6,16,3
11483,2026-07-02 14:44:21+05:30,4040.1,41,4034.64,1920078,180214.0,182066.0,4100.0,4110.0,4012.0,4092.6,25867975,4501.8,3683.4,4440.0,3288.1,4040.1,42,1,4040.0,448,11,4039.9,54,2,4039.7,42,1,4039.6,74,3,4040.2,2,1,4040.3,49,4,4040.4,31,2,4040.5,21,2,4040.6,16,3
11483,2026-07-02 14:44:22+05:30,4040.3,8,4034.64,1920302,179927.0,181889.0,4100.0,4110.0,4012.0,4092.6,25867975,4501.8,3683.4,4440.0,3288.1,4040.1,13,1,4040.0,406,10,4039.9,42,1,4039.8,42,1,4039.6,72,3,4040.3,19,3,4040.4,31,2,4040.5,21,2,4040.6,3,2,4040.7,17,1
11483,2026-07-02 14:44:22+05:30,4040.2,27,4034.64,1920302,179927.0,181889.0,4100.0,4110.0,4012.0,4092.6,25867975,4501.8,3683.4,4440.0,3288.1,4040.1,13,1,4040.0,406,10,4039.9,42,1,4039.8,42,1,4039.6,72,3,4040.3,19,3,4040.4,31,2,4040.5,21,2,4040.6,3,2,4040.7,17,1
11483,2026-07-02 14:44:23+05:30,4040.3,1,4034.64,1920330,179942.0,182194.0,4100.0,4110.0,4012.0,4092.6,25867975,4501.8,3683.4,4440.0,3288.1,4040.2,15,1,4040.1,55,2,4040.0,448,11,4039.8,42,1,4039.6,30,2,4040.3,20,4,4040.4,31,2,4040.5,21,2,4040.6,3,2,4040.7,17,1
11483,2026-07-02 14:44:23+05:30,4040.2,3,4034.64,1920330,179942.0,182194.0,4100.0,4110.0,4012.0,4092.6,25867975,4501.8,3683.4,4440.0,3288.1,4040.2,15,1,4040.1,55,2,4040.0,448,11,4039.8,42,1,4039.6,30,2,4040.3,20,4,4040.4,31,2,4040.5,21,2,4040.6,3,2,4040.7,17,1
11483,2026-07-02 14:44:24+05:30,4040.7,125,4034.64,1920850,180484.0,181755.0,4100.0,4110.0,4012.0,4092.6,25867975,4501.8,3683.4,4440.0,3288.1,4040.7,52,1,4040.5,42,1,4040.3,43,2,4040.1,30,2,4040.0,406,10,4040.8,23,5,4041.0,74,1,4041.1,50,1,4041.2,10,1,4041.5,24,2
11483,2026-07-02 14:44:24+05:30,4040.7,10,4034.64,1920850,180484.0,181755.0,4100.0,4110.0,4012.0,4092.6,25867975,4501.8,3683.4,4440.0,3288.1,4040.7,52,1,4040.5,42,1,4040.3,43,2,4040.1,30,2,4040.0,406,10,4040.8,23,5,4041.0,74,1,4041.1,50,1,4041.2,10,1,4041.5,24,2
11483,2026-07-02 14:44:25+05:30,4041.0,7,4034.64,1920950,180619.0,181620.0,4100.0,4110.0,4012.0,4092.6,25867975,4501.8,3683.4,4440.0,3288.1,4040.7,49,2,4040.6,42,1,4040.5,42,1,4040.3,43,2,4040.1,30,2,4041.0,67,1,4041.1,124,2,4041.2,33,2,4041.5,24,2,4041.7,31,1
11483,2026-07-02 14:44:25+05:30,4040.7,12,4034.64,1920950,180619.0,181620.0,4100.0,4110.0,4012.0,4092.6,25867975,4501.8,3683.4,4440.0,3288.1,4040.7,49,2,4040.6,42,1,4040.5,42,1,4040.3,43,2,4040.1,30,2,4041.0,67,1,4041.1,124,2,4041.2,33,2,4041.5,24,2,4041.7,31,1
11483,2026-07-02 14:44:26+05:30,4041.0,8,4034.64,1920970,180740.0,181430.0,4100.0,4110.0,4012.0,4092.6,25867975,4501.8,3683.4,4440.0,3288.1,4040.7,80,4,4040.6,42,1,4040.4,42,1,4040.3,1,1,4040.1,30,2,4041.0,59,1,4041.1,124,2,4041.2,33,2,4041.5,24,2,4041.8,2,1
11483,2026-07-02 14:44:26+05:30,4040.7,3,4034.64,1920970,180740.0,181430.0,4100.0,4110.0,4012.0,4092.6,25867975,4501.8,3683.4,4440.0,3288.1,4040.7,80,4,4040.6,42,1,4040.4,42,1,4040.3,1,1,4040.1,30,2,4041.0,59,1,4041.1,124,2,4041.2,33,2,4041.5,24,2,4041.8,2,1
11483,2026-07-02 14:44:27+05:30,4041.0,2,4034.64,1920975,180763.0,181433.0,4100.0,4110.0,4012.0,4092.6,25867975,4501.8,3683.4,4440.0,3288.1,4040.7,77,4,4040.6,42,1,4040.4,42,1,4040.1,30,2,4040.0,517,11,4041.0,57,1,4041.1,124,2,4041.2,33,2,4041.5,24,2,4041.8,2,1
11483,2026-07-02 14:44:27+05:30,4041.0,2,4034.64,1920975,180763.0,181433.0,4100.0,4110.0,4012.0,4092.6,25867975,4501.8,3683.4,4440.0,3288.1,4040.7,77,4,4040.6,42,1,4040.4,42,1,4040.1,30,2,4040.0,517,11,4041.0,57,1,4041.1,124,2,4041.2,33,2,4041.5,24,2,4041.8,2,1
11483,2026-07-02 14:44:28+05:30,4040.6,24,4034.64,1921076,180453.0,181437.0,4100.0,4110.0,4012.0,4092.6,25867975,4501.8,3683.4,4440.0,3288.1,4040.6,18,1,4040.4,42,1,4040.1,30,2,4040.0,522,12,4039.9,62,2,4041.0,57,1,4041.1,124,2,4041.2,33,2,4041.5,24,2,4041.7,24,1
11483,2026-07-02 14:44:28+05:30,4041.0,9,4034.64,1921076,180453.0,181437.0,4100.0,4110.0,4012.0,4092.6,25867975,4501.8,3683.4,4440.0,3288.1,4040.6,18,1,4040.4,42,1,4040.1,30,2,4040.0,522,12,4039.9,62,2,4041.0,57,1,4041.1,124,2,4041.2,33,2,4041.5,24,2,4041.7,24,1
11483,2026-07-02 14:44:29+05:30,4040.4,14,4034.64,1921125,180425.0,181353.0,4100.0,4110.0,4012.0,4092.6,25867975,4501.8,3683.4,4440.0,3288.1,4040.4,28,1,4040.1,50,3,4040.0,522,12,4039.9,44,1,4039.7,2,1,4040.7,20,1,4041.0,42,2,4041.1,124,2,4041.2,33,2,4041.5,24,2
11483,2026-07-02 14:44:29+05:30,4040.4,6,4034.64,1921125,180425.0,181353.0,4100.0,4110.0,4012.0,4092.6,25867975,4501.8,3683.4,4440.0,3288.1,4040.4,28,1,4040.1,50,3,4040.0,522,12,4039.9,44,1,4039.7,2,1,4040.7,20,1,4041.0,42,2,4041.1,124,2,4041.2,33,2,4041.5,24,2
11483,2026-07-02 14:44:30+05:30,4040.7,5,4034.64,1921136,180617.0,181593.0,4100.0,4110.0,4012.0,4092.6,25867975,4501.8,3683.4,4440.0,3288.1,4040.5,42,1,4040.4,64,2,4040.3,42,1,4040.1,50,3,4040.0,522,12,4040.7,15,1,4041.0,67,3,4041.1,124,2,4041.2,33,2,4041.3,23,1
11483,2026-07-02 14:44:30+05:30,4040.6,2,4034.64,1921136,180617.0,181593.0,4100.0,4110.0,4012.0,4092.6,25867975,4501.8,3683.4,4440.0,3288.1,4040.5,42,1,4040.4,64,2,4040.3,42,1,4040.1,50,3,4040.0,522,12,4040.7,15,1,4041.0,67,3,4041.1,124,2,4041.2,33,2,4041.3,23,1
11483,2026-07-02 14:44:31+05:30,4040.6,18,4034.64,1921199,180715.0,181422.0,4100.0,4110.0,4012.0,4092.6,25867975,4501.8,3683.4,4440.0,3288.1,4040.7,42,1,4040.6,64,2,4040.4,22,1,4040.1,50,3,4040.0,522,12,4041.0,62,3,4041.1,124,2,4041.2,46,3,4041.3,23,1,4041.5,24,2
11483,2026-07-02 14:44:31+05:30,4040.7,7,4034.64,1921199,180715.0,181422.0,4100.0,4110.0,4012.0,4092.6,25867975,4501.8,3683.4,4440.0,3288.1,4040.7,42,1,4040.6,64,2,4040.4,22,1,4040.1,50,3,4040.0,522,12,4041.0,62,3,4041.1,124,2,4041.2,46,3,4041.3,23,1,4041.5,24,2
11483,2026-07-02 14:44:32+05:30,4040.7,7,4034.64,1921206,180703.0,181287.0,4100.0,4110.0,4012.0,4092.6,25867975,4501.8,3683.4,4440.0,3288.1,4040.7,35,1,4040.6,64,2,4040.4,22,1,4040.1,50,3,4040.0,522,12,4041.0,62,3,4041.1,124,2,4041.2,46,3,4041.3,23,1,4041.5,24,2
11483,2026-07-02 14:44:32+05:30,4040.7,1,4034.64,1921206,180703.0,181287.0,4100.0,4110.0,4012.0,4092.6,25867975,4501.8,3683.4,4440.0,3288.1,4040.7,35,1,4040.6,64,2,4040.4,22,1,4040.1,50,3,4040.0,522,12,4041.0,62,3,4041.1,124,2,4041.2,46,3,4041.3,23,1,4041.5,24,2
11483,2026-07-02 14:44:33+05:30,4040.1,14,4034.64,1921206,180703.0,181287.0,4100.0,4110.0,4012.0,4092.6,25867975,4501.8,3683.4,4440.0,3288.1,4040.7,35,1,4040.6,64,2,4040.4,22,1,4040.1,50,3,4040.0,522,12,4041.0,62,3,4041.1,124,2,4041.2,46,3,4041.3,23,1,4041.5,24,2
11483,2026-07-02 14:44:33+05:30,4040.1,14,4034.64,1921385,180416.0,181790.0,4100.0,4110.0,4012.0,4092.6,25867975,4501.8,3683.4,4440.0,3288.1,4040.1,8,2,4040.0,522,12,4039.7,2,1,4039.6,98,4,4039.4,33,3,4040.9,11,1,4041.0,62,3,4041.1,124,2,4041.2,33,2,4041.3,23,1
11483,2026-07-02 14:44:34+05:30,4040.1,14,4034.64,1921385,180416.0,181790.0,4100.0,4110.0,4012.0,4092.6,25867975,4501.8,3683.4,4440.0,3288.1,4040.1,8,2,4040.0,522,12,4039.7,2,1,4039.6,98,4,4039.4,33,3,4040.9,11,1,4041.0,62,3,4041.1,124,2,4041.2,33,2,4041.3,23,1
11483,2026-07-02 14:44:34+05:30,4040.7,37,4034.64,1921385,180416.0,181790.0,4100.0,4110.0,4012.0,4092.6,25867975,4501.8,3683.4,4440.0,3288.1,4040.1,8,2,4040.0,522,12,4039.7,2,1,4039.6,98,4,4039.4,33,3,4040.9,11,1,4041.0,62,3,4041.1,124,2,4041.2,33,2,4041.3,23,1
11483,2026-07-02 14:44:34+05:30,4040.7,37,4034.65,1921693,180506.0,181949.0,4100.0,4110.0,4012.0,4092.6,25867975,4501.8,3683.4,4440.0,3288.1,4040.0,522,12,4039.7,2,1,4039.6,74,3,4039.3,111,5,4039.2,279,6,4040.7,5,1,4040.8,42,1,4041.0,88,4,4041.1,124,2,4041.2,33,2
11483,2026-07-02 14:44:34+05:30,4040.7,37,4034.65,1921693,180506.0,181949.0,4100.0,4110.0,4012.0,4092.6,25867975,4501.8,3683.4,4440.0,3288.1,4040.0,522,12,4039.7,2,1,4039.6,74,3,4039.3,111,5,4039.2,279,6,4040.7,5,1,4040.8,42,1,4041.0,88,4,4041.1,124,2,4041.2,33,2
11483,2026-07-02 14:44:35+05:30,4040.7,37,4034.65,1921693,180506.0,181949.0,4100.0,4110.0,4012.0,4092.6,25867975,4501.8,3683.4,4440.0,3288.1,4040.0,522,12,4039.7,2,1,4039.6,74,3,4039.3,111,5,4039.2,279,6,4040.7,5,1,4040.8,42,1,4041.0,88,4,4041.1,124,2,4041.2,33,2
11483,2026-07-02 14:44:35+05:30,4040.0,37,4034.65,1921693,180506.0,181949.0,4100.0,4110.0,4012.0,4092.6,25867975,4501.8,3683.4,4440.0,3288.1,4040.0,522,12,4039.7,2,1,4039.6,74,3,4039.3,111,5,4039.2,279,6,4040.7,5,1,4040.8,42,1,4041.0,88,4,4041.1,124,2,4041.2,33,2
11483,2026-07-02 14:44:35+05:30,4040.0,37,4034.65,1921730,180518.0,181943.0,4100.0,4110.0,4012.0,4092.6,25867975,4501.8,3683.4,4440.0,3288.1,4040.0,488,13,4039.7,2,1,4039.6,74,3,4039.3,86,4,4039.2,317,7,4040.7,49,3,4040.9,42,1,4041.0,44,2,4041.1,124,2,4041.2,33,2
11483,2026-07-02 14:44:36+05:30,4040.0,37,4034.65,1921730,180518.0,181943.0,4100.0,4110.0,4012.0,4092.6,25867975,4501.8,3683.4,4440.0,3288.1,4040.0,488,13,4039.7,2,1,4039.6,74,3,4039.3,86,4,4039.2,317,7,4040.7,49,3,4040.9,42,1,4041.0,44,2,4041.1,124,2,4041.2,33,2
11483,2026-07-02 14:44:36+05:30,4040.0,1,4034.65,1921730,180518.0,181943.0,4100.0,4110.0,4012.0,4092.6,25867975,4501.8,3683.4,4440.0,3288.1,4040.0,488,13,4039.7,2,1,4039.6,74,3,4039.3,86,4,4039.2,317,7,4040.7,49,3,4040.9,42,1,4041.0,44,2,4041.1,124,2,4041.2,33,2
11483,2026-07-02 14:44:36+05:30,4040.0,1,4034.65,1921730,180518.0,181943.0,4100.0,4110.0,4012.0,4092.6,25867975,4501.8,3683.4,4440.0,3288.1,4040.0,488,13,4039.7,2,1,4039.6,74,3,4039.3,86,4,4039.2,317,7,4040.7,49,3,4040.9,42,1,4041.0,44,2,4041.1,124,2,4041.2,33,2
11483,2026-07-02 14:44:36+05:30,4040.3,20,4034.65,1921755,179630.0,182166.0,4100.0,4110.0,4012.0,4092.6,25867975,4501.8,3683.4,4440.0,3288.1,4040.0,483,13,4039.7,2,1,4039.6,74,3,4039.3,80,3,4039.2,285,7,4040.3,22,1,4040.5,42,1,4040.7,51,4,4041.0,44,2,4041.1,124,2
11483,2026-07-02 14:44:37+05:30,4040.3,20,4034.65,1921755,179630.0,182166.0,4100.0,4110.0,4012.0,4092.6,25867975,4501.8,3683.4,4440.0,3288.1,4040.0,483,13,4039.7,2,1,4039.6,74,3,4039.3,80,3,4039.2,285,7,4040.3,22,1,4040.5,42,1,4040.7,51,4,4041.0,44,2,4041.1,124,2
11483,2026-07-02 14:44:37+05:30,4040.0,3,4034.65,1921755,179630.0,182166.0,4100.0,4110.0,4012.0,4092.6,25867975,4501.8,3683.4,4440.0,3288.1,4040.0,483,13,4039.7,2,1,4039.6,74,3,4039.3,80,3,4039.2,285,7,4040.3,22,1,4040.5,42,1,4040.7,51,4,4041.0,44,2,4041.1,124,2
11483,2026-07-02 14:44:37+05:30,4040.0,3,4034.65,1921758,179706.0,182214.0,4100.0,4110.0,4012.0,4092.6,25867975,4501.8,3683.4,4440.0,3288.1,4040.0,498,15,4039.6,74,3,4039.3,52,3,4039.2,255,5,4039.1,37,1,4040.2,63,1,4040.3,23,2,4040.5,42,1,4040.7,51,4,4041.0,44,2
11483,2026-07-02 14:44:37+05:30,4040.0,3,4034.65,1921758,179706.0,182214.0,4100.0,4110.0,4012.0,4092.6,25867975,4501.8,3683.4,4440.0,3288.1,4040.0,498,15,4039.6,74,3,4039.3,52,3,4039.2,255,5,4039.1,37,1,4040.2,63,1,4040.3,23,2,4040.5,42,1,4040.7,51,4,4041.0,44,2
11483,2026-07-02 14:44:38+05:30,4040.0,3,4034.65,1921758,179706.0,182214.0,4100.0,4110.0,4012.0,4092.6,25876200,4501.8,3683.4,4440.0,3288.1,4040.0,498,15,4039.6,74,3,4039.3,52,3,4039.2,255,5,4039.1,37,1,4040.2,63,1,4040.3,23,2,4040.5,42,1,4040.7,51,4,4041.0,44,2
11483,2026-07-02 14:44:38+05:30,4040.4,5,4034.65,1921758,179706.0,182214.0,4100.0,4110.0,4012.0,4092.6,25876200,4501.8,3683.4,4440.0,3288.1,4040.0,498,15,4039.6,74,3,4039.3,52,3,4039.2,255,5,4039.1,37,1,4040.2,63,1,4040.3,23,2,4040.5,42,1,4040.7,51,4,4041.0,44,2
11483,2026-07-02 14:44:38+05:30,4040.4,5,4034.65,1921934,180254.0,182246.0,4100.0,4110.0,4012.0,4092.6,25876200,4501.8,3683.4,4440.0,3288.1,4040.2,1,1,4040.0,4714,16,4039.7,6,1,4039.6,98,4,4039.3,44,1,4040.4,37,1,4040.6,42,1,4040.7,5,1,4041.0,44,2,4041.1,124,2
11483,2026-07-02 14:44:38+05:30,4040.4,5,4034.65,1921934,180254.0,182246.0,4100.0,4110.0,4012.0,4092.6,25876200,4501.8,3683.4,4440.0,3288.1,4040.2,1,1,4040.0,4714,16,4039.7,6,1,4039.6,98,4,4039.3,44,1,4040.4,37,1,4040.6,42,1,4040.7,5,1,4041.0,44,2,4041.1,124,2
11483,2026-07-02 14:44:39+05:30,4040.4,5,4034.65,1921934,180254.0,182246.0,4100.0,4110.0,4012.0,4092.6,25876200,4501.8,3683.4,4440.0,3288.1,4040.2,1,1,4040.0,4714,16,4039.7,6,1,4039.6,98,4,4039.3,44,1,4040.4,37,1,4040.6,42,1,4040.7,5,1,4041.0,44,2,4041.1,124,2
11483,2026-07-02 14:44:39+05:30,4040.2,1,4034.65,1921934,180254.0,182246.0,4100.0,4110.0,4012.0,4092.6,25876200,4501.8,3683.4,4440.0,3288.1,4040.2,1,1,4040.0,4714,16,4039.7,6,1,4039.6,98,4,4039.3,44,1,4040.4,37,1,4040.6,42,1,4040.7,5,1,4041.0,44,2,4041.1,124,2
11483,2026-07-02 14:44:39+05:30,4040.2,1,4034.65,1921939,180283.0,182250.0,4100.0,4110.0,4012.0,4092.6,25876200,4501.8,3683.4,4440.0,3288.1,4040.0,4727,17,4039.9,68,2,4039.7,6,1,4039.6,74,3,4039.5,38,2,4040.2,1,1,4040.3,54,1,4040.4,37,1,4040.7,5,1,4040.8,42,1
11483,2026-07-02 14:44:39+05:30,4040.2,1,4034.65,1921939,180283.0,182250.0,4100.0,4110.0,4012.0,4092.6,25876200,4501.8,3683.4,4440.0,3288.1,4040.0,4727,17,4039.9,68,2,4039.7,6,1,4039.6,74,3,4039.5,38,2,4040.2,1,1,4040.3,54,1,4040.4,37,1,4040.7,5,1,4040.8,42,1
11483,2026-07-02 14:44:40+05:30,4040.2,1,4034.65,1921939,180283.0,182250.0,4100.0,4110.0,4012.0,4092.6,25876200,4501.8,3683.4,4440.0,3288.1,4040.0,4727,17,4039.9,68,2,4039.7,6,1,4039.6,74,3,4039.5,38,2,4040.2,1,1,4040.3,54,1,4040.4,37,1,4040.7,5,1,4040.8,42,1
11483,2026-07-02 14:44:40+05:30,4040.0,1,4034.65,1921939,180283.0,182250.0,4100.0,4110.0,4012.0,4092.6,25876200,4501.8,3683.4,4440.0,3288.1,4040.0,4727,17,4039.9,68,2,4039.7,6,1,4039.6,74,3,4039.5,38,2,4040.2,1,1,4040.3,54,1,4040.4,37,1,4040.7,5,1,4040.8,42,1
11483,2026-07-02 14:44:40+05:30,4040.0,1,4034.65,1921940,179523.0,182320.0,4100.0,4110.0,4012.0,4092.6,25876200,4501.8,3683.4,4440.0,3288.1,4040.0,4713,16,4039.6,30,2,4039.3,68,2,4039.2,222,2,4039.1,48,3,4040.1,54,1,4040.2,44,3,4040.4,37,1,4040.6,42,1,4040.7,5,1
11483,2026-07-02 14:44:41+05:30,4040.0,4,4034.65,1921940,179523.0,182320.0,4100.0,4110.0,4012.0,4092.6,25876200,4501.8,3683.4,4440.0,3288.1,4040.0,4713,16,4039.6,30,2,4039.3,68,2,4039.2,222,2,4039.1,48,3,4040.1,54,1,4040.2,44,3,4040.4,37,1,4040.6,42,1,4040.7,5,1
11483,2026-07-02 14:44:41+05:30,4040.0,4,4034.65,1921950,179564.0,182296.0,4100.0,4110.0,4012.0,4092.6,25876200,4501.8,3683.4,4440.0,3288.1,4040.0,4703,16,4039.6,30,2,4039.3,44,1,4039.2,222,2,4039.1,48,3,4040.1,55,2,4040.2,44,3,4040.4,37,1,4040.6,42,1,4040.7,18,2
11483,2026-07-02 14:44:42+05:30,4040.1,14,4034.65,1921950,179564.0,182296.0,4100.0,4110.0,4012.0,4092.6,25876200,4501.8,3683.4,4440.0,3288.1,4040.0,4703,16,4039.6,30,2,4039.3,44,1,4039.2,222,2,4039.1,48,3,4040.1,55,2,4040.2,44,3,4040.4,37,1,4040.6,42,1,4040.7,18,2
11483,2026-07-02 14:44:42+05:30,4040.1,14,4034.65,1921966,179563.0,182504.0,4100.0,4110.0,4012.0,4092.6,25876200,4501.8,3683.4,4440.0,3288.1,4040.0,4700,15,4039.6,30,2,4039.4,6,1,4039.3,44,1,4039.2,222,2,4040.1,41,2,4040.2,43,2,4040.4,37,1,4040.6,42,1,4040.7,18,2
11483,2026-07-02 14:44:43+05:30,4040.0,94,4034.65,1921966,179563.0,182504.0,4100.0,4110.0,4012.0,4092.6,25876200,4501.8,3683.4,4440.0,3288.1,4040.0,4700,15,4039.6,30,2,4039.4,6,1,4039.3,44,1,4039.2,222,2,4040.1,41,2,4040.2,43,2,4040.4,37,1,4040.6,42,1,4040.7,18,2
11483,2026-07-02 14:44:43+05:30,4040.0,94,4034.65,1922169,179460.0,182193.0,4100.0,4110.0,4012.0,4092.6,25876200,4501.8,3683.4,4440.0,3288.1,4040.0,4612,14,4039.6,30,2,4039.4,6,1,4039.3,44,1,4039.2,245,3,4040.2,39,1,4040.4,37,1,4040.6,12,1,4040.7,60,3,4040.9,3,1
11483,2026-07-02 14:44:44+05:30,4040.0,1,4034.65,1922169,179460.0,182193.0,4100.0,4110.0,4012.0,4092.6,25876200,4501.8,3683.4,4440.0,3288.1,4040.0,4612,14,4039.6,30,2,4039.4,6,1,4039.3,44,1,4039.2,245,3,4040.2,39,1,4040.4,37,1,4040.6,12,1,4040.7,60,3,4040.9,3,1
11483,2026-07-02 14:44:44+05:30,4040.0,1,4034.65,1922196,179422.0,182688.0,4100.0,4110.0,4012.0,4092.6,25876200,4501.8,3683.4,4440.0,3288.1,4040.0,4585,14,4039.6,74,3,4039.3,50,2,4039.2,222,2,4039.1,37,1,4040.1,39,1,4040.2,47,2,4040.4,37,1,4040.6,54,2,4040.7,18,2
11483,2026-07-02 14:44:45+05:30,4040.0,1,4034.65,1922196,179422.0,182688.0,4100.0,4110.0,4012.0,4092.6,25876200,4501.8,3683.4,4440.0,3288.1,4040.0,4585,14,4039.6,74,3,4039.3,50,2,4039.2,222,2,4039.1,37,1,4040.1,39,1,4040.2,47,2,4040.4,37,1,4040.6,54,2,4040.7,18,2
11483,2026-07-02 14:44:45+05:30,4040.0,1,4034.65,1923076,178194.0,182687.0,4100.0,4110.0,4012.0,4092.6,25876200,4501.8,3683.4,4440.0,3288.1,4040.0,3721,4,4039.6,30,2,4039.2,222,2,4038.9,71,2,4038.8,24,1,4040.1,39,1,4040.2,60,3,4040.3,20,2,4040.4,60,2,4040.5,13,1
11483,2026-07-02 14:44:46+05:30,4039.9,7,4034.65,1923076,178194.0,182687.0,4100.0,4110.0,4012.0,4092.6,25876200,4501.8,3683.4,4440.0,3288.1,4040.0,3721,4,4039.6,30,2,4039.2,222,2,4038.9,71,2,4038.8,24,1,4040.1,39,1,4040.2,60,3,4040.3,20,2,4040.4,60,2,4040.5,13,1
11483,2026-07-02 14:44:46+05:30,4039.9,7,4034.65,1923363,177983.0,183082.0,4100.0,4110.0,4012.0,4092.6,25876200,4501.8,3683.4,4440.0,3288.1,4039.6,30,2,4039.2,100,1,4038.7,61,1,4038.4,46,2,4038.2,45,2,4039.9,32,1,4040.0,80,4,4040.1,39,4,4040.2,5,1,4040.3,22,3
11483,2026-07-02 14:44:47+05:30,4039.4,4,4034.65,1923363,177983.0,183082.0,4100.0,4110.0,4012.0,4092.6,25876200,4501.8,3683.4,4440.0,3288.1,4039.6,30,2,4039.2,100,1,4038.7,61,1,4038.4,46,2,4038.2,45,2,4039.9,32,1,4040.0,80,4,4040.1,39,4,4040.2,5,1,4040.3,22,3
11483,2026-07-02 14:44:47+05:30,4039.4,4,4034.65,1923422,177755.0,183127.0,4100.0,4110.0,4012.0,4092.6,25876200,4501.8,3683.4,4440.0,3288.1,4039.2,100,1,4038.2,44,1,4038.1,13,1,4038.0,41,3,4037.9,63,2,4039.4,3,1,4039.5,42,1,4039.6,14,3,4039.7,13,1,4039.8,24,1
11483,2026-07-02 14:44:48+05:30,4039.2,1,4034.65,1923431,177250.0,182500.0,4100.0,4110.0,4012.0,4092.6,25876200,4501.8,3683.4,4440.0,3288.1,4039.2,91,1,4038.1,13,1,4038.0,58,4,4037.9,61,1,4037.8,59,3,4039.3,3,1,4039.4,62,4,4039.5,24,1,4039.6,39,4,4039.8,66,2
11483,2026-07-02 14:44:48+05:30,4039.4,3,4034.65,1923431,177250.0,182500.0,4100.0,4110.0,4012.0,4092.6,25876200,4501.8,3683.4,4440.0,3288.1,4039.2,91,1,4038.1,13,1,4038.0,58,4,4037.9,61,1,4037.8,59,3,4039.3,3,1,4039.4,62,4,4039.5,24,1,4039.6,39,4,4039.8,66,2
11483,2026-07-02 14:44:49+05:30,4039.2,1,4034.65,1923484,177307.0,182568.0,4100.0,4110.0,4012.0,4092.6,25876200,4501.8,3683.4,4440.0,3288.1,4039.2,88,1,4039.0,5,1,4038.0,58,4,4037.9,61,1,4037.8,59,3,4039.3,39,1,4039.4,28,3,4039.5,24,1,4039.6,15,3,4039.8,66,2
11483,2026-07-02 14:44:49+05:30,4039.2,6,4034.65,1923484,177307.0,182568.0,4100.0,4110.0,4012.0,4092.6,25876200,4501.8,3683.4,4440.0,3288.1,4039.2,88,1,4039.0,5,1,4038.0,58,4,4037.9,61,1,4037.8,59,3,4039.3,39,1,4039.4,28,3,4039.5,24,1,4039.6,15,3,4039.8,66,2
11483,2026-07-02 14:44:50+05:30,4038.0,15,4034.65,1923697,176695.0,182648.0,4100.0,4110.0,4012.0,4092.6,25876200,4501.8,3683.4,4440.0,3288.1,4038.2,42,4,4038.1,43,3,4038.0,3,1,4037.9,50,1,4037.8,52,2,4039.2,1,1,4039.4,13,1,4039.6,5,2,4039.8,59,2,4039.9,8,1
11483,2026-07-02 14:44:50+05:30,4038.2,1,4034.65,1923697,176695.0,182648.0,4100.0,4110.0,4012.0,4092.6,25876200,4501.8,3683.4,4440.0,3288.1,4038.2,42,4,4038.1,43,3,4038.0,3,1,4037.9,50,1,4037.8,52,2,4039.2,1,1,4039.4,13,1,4039.6,5,2,4039.8,59,2,4039.9,8,1
11483,2026-07-02 14:44:51+05:30,4039.1,1,4034.65,1923814,177085.0,182606.0,4100.0,4110.0,4012.0,4092.6,25876200,4501.8,3683.4,4440.0,3288.1,4039.1,50,3,4038.9,21,2,4038.8,71,2,4038.7,45,2,4038.6,99,3,4039.3,39,1,4039.4,51,2,4039.6,5,2,4040.0,23,3,4040.2,5,1
11483,2026-07-02 14:44:51+05:30,4039.1,2,4034.65,1923814,177085.0,182606.0,4100.0,4110.0,4012.0,4092.6,25876200,4501.8,3683.4,4440.0,3288.1,4039.1,50,3,4038.9,21,2,4038.8,71,2,4038.7,45,2,4038.6,99,3,4039.3,39,1,4039.4,51,2,4039.6,5,2,4040.0,23,3,4040.2,5,1
11483,2026-07-02 14:44:52+05:30,4038.9,19,4034.65,1923889,177235.0,182670.0,4100.0,4110.0,4012.0,4092.6,25876200,4501.8,3683.4,4440.0,3288.1,4038.7,56,4,4038.6,46,3,4038.4,55,3,4038.3,62,2,4038.2,52,3,4039.1,1,1,4039.3,24,2,4039.4,51,2,4039.5,11,1,4039.6,5,2
11483,2026-07-02 14:44:52+05:30,4038.9,81,4034.65,1923889,177235.0,182670.0,4100.0,4110.0,4012.0,4092.6,25876200,4501.8,3683.4,4440.0,3288.1,4038.7,56,4,4038.6,46,3,4038.4,55,3,4038.3,62,2,4038.2,52,3,4039.1,1,1,4039.3,24,2,4039.4,51,2,4039.5,11,1,4039.6,5,2
11483,2026-07-02 14:44:53+05:30,4039.1,17,4034.65,1924115,177282.0,182930.0,4100.0,4110.0,4012.0,4092.6,25876200,4501.8,3683.4,4440.0,3288.1,4038.9,22,2,4038.8,58,5,4038.7,28,4,4038.6,46,3,4038.5,6,1,4039.4,13,1,4039.5,11,1,4039.6,5,2,4040.0,11,2,4040.2,5,1
11483,2026-07-02 14:44:53+05:30,4039.1,17,4034.65,1924115,177282.0,182930.0,4100.0,4110.0,4012.0,4092.6,25876200,4501.8,3683.4,4440.0,3288.1,4038.9,22,2,4038.8,58,5,4038.7,28,4,4038.6,46,3,4038.5,6,1,4039.4,13,1,4039.5,11,1,4039.6,5,2,4040.0,11,2,4040.2,5,1
11483,2026-07-02 14:44:54+05:30,4038.9,1,4034.65,1924116,176978.0,182546.0,4100.0,4110.0,4012.0,4092.6,25876200,4501.8,3683.4,4440.0,3288.1,4038.5,56,4,4038.4,37,3,4038.3,66,4,4038.2,2,1,4038.1,52,3,4038.9,84,3,4039.0,42,1,4039.4,55,2,4039.5,11,1,4039.6,5,2
11483,2026-07-02 14:44:54+05:30,4038.6,1,4034.65,1924116,176978.0,182546.0,4100.0,4110.0,4012.0,4092.6,25876200,4501.8,3683.4,4440.0,3288.1,4038.5,56,4,4038.4,37,3,4038.3,66,4,4038.2,2,1,4038.1,52,3,4038.9,84,3,4039.0,42,1,4039.4,55,2,4039.5,11,1,4039.6,5,2
11483,2026-07-02 14:44:55+05:30,4038.9,1,4034.65,1924340,176876.0,182564.0,4100.0,4110.0,4012.0,4092.6,25876200,4501.8,3683.4,4440.0,3288.1,4038.9,62,5,4038.8,3,1,4038.7,18,3,4038.6,27,2,4038.5,29,3,4039.2,42,1,4039.4,13,1,4039.5,11,1,4039.6,5,2,4040.0,16,3
11483,2026-07-02 14:44:55+05:30,4039.0,2,4034.65,1924340,176876.0,182564.0,4100.0,4110.0,4012.0,4092.6,25876200,4501.8,3683.4,4440.0,3288.1,4038.9,62,5,4038.8,3,1,4038.7,18,3,4038.6,27,2,4038.5,29,3,4039.2,42,1,4039.4,13,1,4039.5,11,1,4039.6,5,2,4040.0,16,3
11483,2026-07-02 14:44:56+05:30,4038.9,5,4034.65,1924374,176916.0,182741.0,4100.0,4110.0,4012.0,4092.6,25876200,4501.8,3683.4,4440.0,3288.1,4038.9,11,2,4038.7,18,3,4038.6,27,2,4038.5,13,2,4038.4,3,1,4039.0,73,3,4039.1,42,1,4039.4,15,1,4039.5,42,1,4039.6,5,2
11483,2026-07-02 14:44:56+05:30,4039.0,4,4034.65,1924374,176916.0,182741.0,4100.0,4110.0,4012.0,4092.6,25876200,4501.8,3683.4,4440.0,3288.1,4038.9,11,2,4038.7,18,3,4038.6,27,2,4038.5,13,2,4038.4,3,1,4039.0,73,3,4039.1,42,1,4039.4,15,1,4039.5,42,1,4039.6,5,2
11483,2026-07-02 14:44:57+05:30,4038.8,13,4034.65,1924897,174729.0,182667.0,4100.0,4110.0,4012.0,4092.6,25876200,4501.8,3683.4,4440.0,3288.1,4038.2,60,4,4038.1,27,2,4038.0,58,2,4037.9,21,1,4037.8,91,3,4038.8,34,1,4038.9,43,2,4039.0,14,2,4039.3,42,1,4039.4,28,2
11483,2026-07-02 14:44:57+05:30,4038.6,4,4034.65,1924897,174729.0,182667.0,4100.0,4110.0,4012.0,4092.6,25876200,4501.8,3683.4,4440.0,3288.1,4038.2,60,4,4038.1,27,2,4038.0,58,2,4037.9,21,1,4037.8,91,3,4038.8,34,1,4038.9,43,2,4039.0,14,2,4039.3,42,1,4039.4,28,2
11483,2026-07-02 14:44:58+05:30,4038.3,2,4034.65,1925009,175010.0,182841.0,4100.0,4110.0,4012.0,4092.6,25876200,4501.8,3683.4,4440.0,3288.1,4038.3,66,4,4038.2,59,2,4038.1,36,3,4038.0,86,3,4037.9,21,1,4038.6,73,1,4038.8,2,1,4038.9,44,1,4039.0,20,2,4039.1,42,1
11483,2026-07-02 14:44:58+05:30,4038.3,6,4034.65,1925009,175010.0,182841.0,4100.0,4110.0,4012.0,4092.6,25876200,4501.8,3683.4,4440.0,3288.1,4038.3,66,4,4038.2,59,2,4038.1,36,3,4038.0,86,3,4037.9,21,1,4038.6,73,1,4038.8,2,1,4038.9,44,1,4039.0,20,2,4039.1,42,1
11483,2026-07-02 14:44:59+05:30,4038.3,1,4034.65,1925039,175050.0,183059.0,4100.0,4110.0,4012.0,4092.6,25876200,4501.8,3683.4,4440.0,3288.1,4038.3,53,3,4038.2,59,2,4038.1,36,3,4038.0,91,4,4037.9,21,1,4038.5,64,1,4038.6,35,1,4038.8,2,1,4038.9,44,1,4039.0,62,3
11483,2026-07-02 14:44:59+05:30,4038.4,1,4034.65,1925039,175050.0,183059.0,4100.0,4110.0,4012.0,4092.6,25876200,4501.8,3683.4,4440.0,3288.1,4038.3,53,3,4038.2,59,2,4038.1,36,3,4038.0,91,4,4037.9,21,1,4038.5,64,1,4038.6,35,1,4038.8,2,1,4038.9,44,1,4039.0,62,3
11483,2026-07-02 14:45:00+05:30,4038.5,2,4034.65,1925185,175216.0,182977.0,4100.0,4110.0,4012.0,4092.6,25876200,4501.8,3683.4,4440.0,3288.1,4038.5,120,1,4038.3,39,2,4038.2,49,1,4038.0,86,3,4037.9,21,1,4038.6,35,1,4038.8,13,1,4038.9,44,1,4039.0,50,2,4039.1,19,2
11483,2026-07-02 14:45:00+05:30,4038.5,29,4034.65,1925185,175216.0,182977.0,4100.0,4110.0,4012.0,4092.6,25876200,4501.8,3683.4,4440.0,3288.1,4038.5,120,1,4038.3,39,2,4038.2,49,1,4038.0,86,3,4037.9,21,1,4038.6,35,1,4038.8,13,1,4038.9,44,1,4039.0,50,2,4039.1,19,2
11483,2026-07-02 14:45:01+05:30,4038.5,156,4034.65,1925539,174938.0,183225.0,4100.0,4110.0,4012.0,4092.6,25876200,4501.8,3683.4,4440.0,3288.1,4038.5,10,1,4038.3,17,2,4038.0,24,1,4037.9,17,1,4037.7,88,3,4038.6,86,2,4038.9,44,1,4039.0,27,2,4039.1,49,2,4039.5,26,1
11483,2026-07-02 14:45:01+05:30,4038.5,1,4034.65,1925539,174938.0,183225.0,4100.0,4110.0,4012.0,4092.6,25876200,4501.8,3683.4,4440.0,3288.1,4038.5,10,1,4038.3,17,2,4038.0,24,1,4037.9,17,1,4037.7,88,3,4038.6,86,2,4038.9,44,1,4039.0,27,2,4039.1,49,2,4039.5,26,1
11483,2026-07-02 14:45:02+05:30,4038.5,1,4034.65,1925586,175136.0,183410.0,4100.0,4110.0,4012.0,4092.6,25876200,4501.8,3683.4,4440.0,3288.1,4038.5,193,2,4038.3,45,3,4038.1,12,1,4038.0,24,1,4037.9,17,1,4038.6,73,1,4038.9,44,1,4039.0,27,2,4039.1,49,2,4039.2,17,1
11483,2026-07-02 14:45:02+05:30,4038.5,6,4034.65,1925586,175136.0,183410.0,4100.0,4110.0,4012.0,4092.6,25876200,4501.8,3683.4,4440.0,3288.1,4038.5,193,2,4038.3,45,3,4038.1,12,1,4038.0,24,1,4037.9,17,1,4038.6,73,1,4038.9,44,1,4039.0,27,2,4039.1,49,2,4039.2,17,1
11483,2026-07-02 14:45:03+05:30,4038.5,6,4034.65,1925592,175090.0,183356.0,4100.0,4110.0,4012.0,4092.6,25876200,4501.8,3683.4,4440.0,3288.1,4038.5,232,5,4038.3,9,2,4038.1,12,1,4038.0,66,2,4037.9,17,1,4038.9,44,1,4039.0,27,2,4039.1,7,1,4039.2,17,1,4039.6,28,3
11483,2026-07-02 14:45:04+05:30,4038.6,10,4034.65,1925617,175037.0,183344.0,4100.0,4110.0,4012.0,4092.6,25876200,4501.8,3683.4,4440.0,3288.1,4038.6,33,2,4038.5,197,3,4038.3,33,3,4038.1,12,1,4038.0,66,2,4038.9,41,2,4039.0,27,2,4039.1,7,1,4039.2,26,2,4039.6,28,3
11483,2026-07-02 14:45:04+05:30,4038.9,35,4034.65,1925617,175037.0,183344.0,4100.0,4110.0,4012.0,4092.6,25876200,4501.8,3683.4,4440.0,3288.1,4038.6,33,2,4038.5,197,3,4038.3,33,3,4038.1,12,1,4038.0,66,2,4038.9,41,2,4039.0,27,2,4039.1,7,1,4039.2,26,2,4039.6,28,3
11483,2026-07-02 14:45:04+05:30,4039.0,1,4034.65,1925790,175027.0,183519.0,4100.0,4110.0,4012.0,4092.6,25876200,4501.8,3683.4,4440.0,3288.1,4038.5,238,5,4038.3,41,3,4038.1,12,1,4038.0,66,2,4037.9,17,1,4039.0,38,3,4039.1,7,1,4039.2,21,2,4039.6,28,3,4039.7,20,1
11483,2026-07-02 14:45:05+05:30,4039.0,2,4034.65,1925790,175027.0,183519.0,4100.0,4110.0,4012.0,4092.6,25876200,4501.8,3683.4,4440.0,3288.1,4038.5,238,5,4038.3,41,3,4038.1,12,1,4038.0,66,2,4037.9,17,1,4039.0,38,3,4039.1,7,1,4039.2,21,2,4039.6,28,3,4039.7,20,1
11483,2026-07-02 14:45:05+05:30,4038.5,1,4034.66,1925821,175017.0,183570.0,4100.0,4110.0,4012.0,4092.6,25876200,4501.8,3683.4,4440.0,3288.1,4038.5,235,7,4038.3,9,2,4038.1,12,1,4038.0,66,2,4037.9,17,1,4039.0,29,2,4039.1,7,1,4039.2,21,2,4039.6,28,3,4039.7,39,2
11483,2026-07-02 14:45:06+05:30,4039.0,7,4034.66,1925821,175017.0,183570.0,4100.0,4110.0,4012.0,4092.6,25876200,4501.8,3683.4,4440.0,3288.1,4038.5,235,7,4038.3,9,2,4038.1,12,1,4038.0,66,2,4037.9,17,1,4039.0,29,2,4039.1,7,1,4039.2,21,2,4039.6,28,3,4039.7,39,2
11483,2026-07-02 14:45:06+05:30,4039.2,87,4034.66,1926061,175179.0,183285.0,4100.0,4110.0,4012.0,4092.6,25876200,4501.8,3683.4,4440.0,3288.1,4038.6,29,2,4038.5,174,4,4038.3,48,3,4038.1,27,1,4038.0,68,3,4039.2,12,1,4039.6,5,2,4039.9,65,2,4040.0,285,8,4040.1,12,1
11483,2026-07-02 14:45:07+05:30,4038.5,30,4034.66,1926061,175179.0,183285.0,4100.0,4110.0,4012.0,4092.6,25876200,4501.8,3683.4,4440.0,3288.1,4038.6,29,2,4038.5,174,4,4038.3,48,3,4038.1,27,1,4038.0,68,3,4039.2,12,1,4039.6,5,2,4039.9,65,2,4040.0,285,8,4040.1,12,1
11483,2026-07-02 14:45:07+05:30,4039.2,10,4034.66,1926157,175259.0,182996.0,4100.0,4110.0,4012.0,4092.6,25876200,4501.8,3683.4,4440.0,3288.1,4039.2,7,1,4038.6,41,1,4038.5,189,7,4038.4,2,1,4038.3,56,3,4039.6,5,2,4039.9,38,1,4040.0,285,8,4040.2,47,2,4040.3,44,1
11483,2026-07-02 14:45:08+05:30,4039.2,1,4034.66,1926157,175259.0,182996.0,4100.0,4110.0,4012.0,4092.6,25876200,4501.8,3683.4,4440.0,3288.1,4039.2,7,1,4038.6,41,1,4038.5,189,7,4038.4,2,1,4038.3,56,3,4039.6,5,2,4039.9,38,1,4040.0,285,8,4040.2,47,2,4040.3,44,1
11483,2026-07-02 14:45:08+05:30,4039.2,1,4034.66,1926170,175668.0,183262.0,4100.0,4110.0,4012.0,4092.6,25876200,4501.8,3683.4,4440.0,3288.1,4039.2,6,2,4038.6,41,1,4038.5,172,6,4038.4,2,1,4038.3,29,2,4039.6,5,2,4039.9,38,1,4040.0,285,8,4040.1,24,1,4040.2,53,3
11483,2026-07-02 14:45:09+05:30,4039.9,6,4034.66,1926170,175668.0,183262.0,4100.0,4110.0,4012.0,4092.6,25876200,4501.8,3683.4,4440.0,3288.1,4039.2,6,2,4038.6,41,1,4038.5,172,6,4038.4,2,1,4038.3,29,2,4039.6,5,2,4039.9,38,1,4040.0,285,8,4040.1,24,1,4040.2,53,3
11483,2026-07-02 14:45:09+05:30,4039.2,1,4034.66,1926185,175778.0,183094.0,4100.0,4110.0,4012.0,4092.6,25876200,4501.8,3683.4,4440.0,3288.1,4039.2,5,3,4038.6,41,1,4038.5,199,7,4038.4,47,2,4038.3,2,1,4039.6,2,1,4039.9,32,1,4040.0,285,8,4040.1,24,1,4040.2,53,3
11483,2026-07-02 14:45:10+05:30,4039.2,2,4034.66,1926185,175778.0,183094.0,4100.0,4110.0,4012.0,4092.6,25876200,4501.8,3683.4,4440.0,3288.1,4039.2,5,3,4038.6,41,1,4038.5,199,7,4038.4,47,2,4038.3,2,1,4039.6,2,1,4039.9,32,1,4040.0,285,8,4040.1,24,1,4040.2,53,3
11483,2026-07-02 14:45:10+05:30,4039.2,2,4034.66,1926187,175771.0,182888.0,4100.0,4110.0,4012.0,4092.6,25876200,4501.8,3683.4,4440.0,3288.1,4039.2,10,3,4038.6,41,1,4038.5,199,7,4038.4,47,2,4038.3,44,2,4039.6,2,1,4039.9,32,1,4040.0,285,8,4040.1,23,1,4040.2,53,3
11483,2026-07-02 14:45:11+05:30,4039.6,1,4034.66,1926187,175771.0,182888.0,4100.0,4110.0,4012.0,4092.6,25876200,4501.8,3683.4,4440.0,3288.1,4039.2,10,3,4038.6,41,1,4038.5,199,7,4038.4,47,2,4038.3,44,2,4039.6,2,1,4039.9,32,1,4040.0,285,8,4040.1,23,1,4040.2,53,3
11483,2026-07-02 14:45:11+05:30,4039.6,1,4034.66,1926190,175791.0,183019.0,4100.0,4110.0,4012.0,4092.6,25876200,4501.8,3683.4,4440.0,3288.1,4039.4,3,1,4039.2,10,3,4038.6,41,1,4038.5,172,6,4038.4,47,2,4039.6,1,1,4039.9,32,1,4040.0,285,8,4040.2,53,3,4040.3,68,2
11483,2026-07-02 14:45:12+05:30,4039.7,20,4034.66,1926211,175783.0,183039.0,4100.0,4110.0,4012.0,4092.6,25876200,4501.8,3683.4,4440.0,3288.1,4039.6,6,1,4039.4,3,1,4039.2,4,3,4038.6,41,1,4038.5,171,5,4039.7,13,1,4039.9,88,4,4040.0,295,9,4040.1,6,1,4040.2,62,3
11483,2026-07-02 14:45:13+05:30,4038.5,3,4034.66,1926211,175783.0,183039.0,4100.0,4110.0,4012.0,4092.6,25876200,4501.8,3683.4,4440.0,3288.1,4039.6,6,1,4039.4,3,1,4039.2,4,3,4038.6,41,1,4038.5,171,5,4039.7,13,1,4039.9,88,4,4040.0,295,9,4040.1,6,1,4040.2,62,3
11483,2026-07-02 14:45:13+05:30,4038.5,3,4034.66,1926400,175682.0,183544.0,4100.0,4110.0,4012.0,4092.6,25876200,4501.8,3683.4,4440.0,3288.1,4038.5,132,2,4038.4,45,1,4038.3,2,1,4038.1,38,1,4038.0,6,1,4039.5,38,5,4039.6,92,5,4039.7,48,6,4039.8,35,1,4039.9,49,3
11483,2026-07-02 14:45:14+05:30,4039.5,3,4034.66,1926400,175682.0,183544.0,4100.0,4110.0,4012.0,4092.6,25876200,4501.8,3683.4,4440.0,3288.1,4038.5,132,2,4038.4,45,1,4038.3,2,1,4038.1,38,1,4038.0,6,1,4039.5,38,5,4039.6,92,5,4039.7,48,6,4039.8,35,1,4039.9,49,3
11483,2026-07-02 14:45:14+05:30,4038.5,7,4034.66,1926462,175745.0,183508.0,4100.0,4110.0,4012.0,4092.6,25876200,4501.8,3683.4,4440.0,3288.1,4038.5,93,2,4038.4,47,2,4038.3,2,1,4038.1,38,1,4038.0,6,1,4039.5,20,3,4039.6,92,5,4039.7,48,6,4039.8,35,1,4039.9,49,3
11483,2026-07-02 14:45:15+05:30,4038.5,8,4034.66,1926462,175745.0,183508.0,4100.0,4110.0,4012.0,4092.6,25876200,4501.8,3683.4,4440.0,3288.1,4038.5,93,2,4038.4,47,2,4038.3,2,1,4038.1,38,1,4038.0,6,1,4039.5,20,3,4039.6,92,5,4039.7,48,6,4039.8,35,1,4039.9,49,3
11483,2026-07-02 14:45:15+05:30,4038.5,8,4034.66,1926470,175784.0,183280.0,4100.0,4110.0,4012.0,4092.6,25876200,4501.8,3683.4,4440.0,3288.1,4039.2,1,1,4039.0,1,1,4038.5,91,4,4038.4,47,2,4038.3,2,1,4039.5,22,4,4039.6,33,1,4039.7,16,2,4039.8,41,2,4039.9,42,2
11483,2026-07-02 14:45:16+05:30,4039.2,1,4034.66,1926470,175784.0,183280.0,4100.0,4110.0,4012.0,4092.6,25876200,4501.8,3683.4,4440.0,3288.1,4039.2,1,1,4039.0,1,1,4038.5,91,4,4038.4,47,2,4038.3,2,1,4039.5,22,4,4039.6,33,1,4039.7,16,2,4039.8,41,2,4039.9,42,2
11483,2026-07-02 14:45:16+05:30,4039.2,1,4034.66,1926471,175655.0,183275.0,4100.0,4110.0,4012.0,4092.6,25876200,4501.8,3683.4,4440.0,3288.1,4039.0,3,3,4038.5,86,3,4038.4,47,2,4038.3,2,1,4038.0,33,2,4039.2,1,1,4039.5,22,4,4039.7,29,3,4039.8,41,2,4039.9,42,2
11483,2026-07-02 14:45:17+05:30,4039.2,1,4034.66,1926471,175655.0,183275.0,4100.0,4110.0,4012.0,4092.6,25876200,4501.8,3683.4,4440.0,3288.1,4039.0,3,3,4038.5,86,3,4038.4,47,2,4038.3,2,1,4038.0,33,2,4039.2,1,1,4039.5,22,4,4039.7,29,3,4039.8,41,2,4039.9,42,2
11483,2026-07-02 14:45:17+05:30,4039.7,9,4034.66,1926613,175588.0,183440.0,4100.0,4110.0,4012.0,4092.6,25876200,4501.8,3683.4,4440.0,3288.1,4039.1,1,1,4039.0,3,3,4038.5,86,3,4038.4,47,2,4038.3,2,1,4039.2,1,1,4039.7,34,6,4039.8,95,2,4039.9,156,5,4040.0,335,10
11483,2026-07-02 14:45:18+05:30,4039.2,24,4034.66,1926613,175588.0,183440.0,4100.0,4110.0,4012.0,4092.6,25876200,4501.8,3683.4,4440.0,3288.1,4039.1,1,1,4039.0,3,3,4038.5,86,3,4038.4,47,2,4038.3,2,1,4039.2,1,1,4039.7,34,6,4039.8,95,2,4039.9,156,5,4040.0,335,10
11483,2026-07-02 14:45:18+05:30,4039.7,14,4034.66,1926669,175916.0,183035.0,4100.0,4110.0,4012.0,4092.6,25876200,4501.8,3683.4,4440.0,3288.1,4039.1,3,1,4039.0,45,4,4038.9,42,1,4038.8,42,1,4038.7,24,1,4039.7,13,1,4039.8,75,1,4039.9,99,3,4040.0,276,7,4040.2,5,1
11483,2026-07-02 14:45:19+05:30,4039.4,7,4034.66,1926669,175916.0,183035.0,4100.0,4110.0,4012.0,4092.6,25876200,4501.8,3683.4,4440.0,3288.1,4039.1,3,1,4039.0,45,4,4038.9,42,1,4038.8,42,1,4038.7,24,1,4039.7,13,1,4039.8,75,1,4039.9,99,3,4040.0,276,7,4040.2,5,1
11483,2026-07-02 14:45:19+05:30,4039.4,7,4034.66,1926676,176132.0,182836.0,4100.0,4110.0,4012.0,4092.6,25876200,4501.8,3683.4,4440.0,3288.1,4039.6,77,1,4039.4,37,3,4039.3,42,1,4039.2,42,1,4039.0,68,4,4039.7,14,2,4039.8,100,2,4039.9,99,3,4040.0,276,7,4040.2,5,1
11483,2026-07-02 14:45:20+05:30,4039.6,18,4034.66,1926676,176132.0,182836.0,4100.0,4110.0,4012.0,4092.6,25876200,4501.8,3683.4,4440.0,3288.1,4039.6,77,1,4039.4,37,3,4039.3,42,1,4039.2,42,1,4039.0,68,4,4039.7,14,2,4039.8,100,2,4039.9,99,3,4040.0,276,7,4040.2,5,1
11483,2026-07-02 14:45:20+05:30,4039.4,21,4034.66,1926795,175990.0,183243.0,4100.0,4110.0,4012.0,4092.6,25876200,4501.8,3683.4,4440.0,3288.1,4039.4,23,3,4039.2,42,1,4039.0,2,2,4038.7,70,4,4038.6,29,2,4039.7,16,3,4039.8,100,2,4039.9,99,3,4040.0,276,7,4040.2,5,1
11483,2026-07-02 14:45:21+05:30,4039.7,10,4034.66,1926795,175990.0,183243.0,4100.0,4110.0,4012.0,4092.6,25876200,4501.8,3683.4,4440.0,3288.1,4039.4,23,3,4039.2,42,1,4039.0,2,2,4038.7,70,4,4038.6,29,2,4039.7,16,3,4039.8,100,2,4039.9,99,3,4040.0,276,7,4040.2,5,1
11483,2026-07-02 14:45:21+05:30,4039.7,1,4034.66,1926867,176286.0,180970.0,4100.0,4110.0,4012.0,4092.6,25876200,4501.8,3683.4,4440.0,3288.1,4039.6,107,5,4039.4,14,3,4039.3,2,1,4039.2,49,4,4039.1,42,1,4039.7,12,1,4039.8,100,2,4039.9,99,3,4040.0,276,7,4040.2,5,1
11483,2026-07-02 14:45:22+05:30,4039.1,35,4034.66,1926867,176286.0,180970.0,4100.0,4110.0,4012.0,4092.6,25876200,4501.8,3683.4,4440.0,3288.1,4039.6,107,5,4039.4,14,3,4039.3,2,1,4039.2,49,4,4039.1,42,1,4039.7,12,1,4039.8,100,2,4039.9,99,3,4040.0,276,7,4040.2,5,1
11483,2026-07-02 14:45:22+05:30,4040.2,5,4034.66,1927997,177152.0,180848.0,4100.0,4110.0,4012.0,4092.6,25876200,4501.8,3683.4,4440.0,3288.1,4039.7,87,5,4039.6,52,2,4039.5,94,4,4039.4,47,2,4039.3,25,3,4040.9,3,1,4041.0,146,4,4041.1,3,1,4041.2,10,1,4041.3,12,1
11483,2026-07-02 14:45:23+05:30,4039.7,1,4034.66,1927997,177152.0,180848.0,4100.0,4110.0,4012.0,4092.6,25876200,4501.8,3683.4,4440.0,3288.1,4039.7,87,5,4039.6,52,2,4039.5,94,4,4039.4,47,2,4039.3,25,3,4040.9,3,1,4041.0,146,4,4041.1,3,1,4041.2,10,1,4041.3,12,1
11483,2026-07-02 14:45:23+05:30,4039.7,1,4034.66,1928134,178096.0,181128.0,4100.0,4110.0,4012.0,4092.6,25876200,4501.8,3683.4,4440.0,3288.1,4040.6,42,1,4040.5,42,1,4040.4,42,1,4040.0,8,1,4039.9,26,2,4040.9,3,1,4041.0,146,4,4041.1,3,1,4041.2,10,1,4041.5,16,2
11483,2026-07-02 14:45:24+05:30,4040.9,1,4034.66,1928134,178096.0,181128.0,4100.0,4110.0,4012.0,4092.6,25876200,4501.8,3683.4,4440.0,3288.1,4040.6,42,1,4040.5,42,1,4040.4,42,1,4040.0,8,1,4039.9,26,2,4040.9,3,1,4041.0,146,4,4041.1,3,1,4041.2,10,1,4041.5,16,2
11483,2026-07-02 14:45:24+05:30,4040.9,1,4034.66,1928152,178157.0,180922.0,4100.0,4110.0,4012.0,4092.6,25876200,4501.8,3683.4,4440.0,3288.1,4040.8,25,1,4040.7,42,1,4040.6,67,2,4040.3,24,1,4040.2,52,1,4040.9,2,1,4041.0,146,4,4041.1,3,1,4041.2,10,1,4041.5,16,2
11483,2026-07-02 14:45:25+05:30,4040.8,2,4034.66,1928152,178157.0,180922.0,4100.0,4110.0,4012.0,4092.6,25876200,4501.8,3683.4,4440.0,3288.1,4040.8,25,1,4040.7,42,1,4040.6,67,2,4040.3,24,1,4040.2,52,1,4040.9,2,1,4041.0,146,4,4041.1,3,1,4041.2,10,1,4041.5,16,2
11483,2026-07-02 14:45:25+05:30,4040.9,2,4034.66,1928156,178063.0,180916.0,4100.0,4110.0,4012.0,4092.6,25876200,4501.8,3683.4,4440.0,3288.1,4040.9,1,1,4040.8,53,3,4040.7,63,2,4040.6,68,3,4040.3,14,1,4041.0,146,4,4041.1,3,1,4041.2,10,1,4041.5,14,1,4041.6,2,1
11483,2026-07-02 14:45:26+05:30,4041.0,7,4034.66,1928156,178063.0,180916.0,4100.0,4110.0,4012.0,4092.6,25876200,4501.8,3683.4,4440.0,3288.1,4040.9,1,1,4040.8,53,3,4040.7,63,2,4040.6,68,3,4040.3,14,1,4041.0,146,4,4041.1,3,1,4041.2,10,1,4041.5,14,1,4041.6,2,1
11483,2026-07-02 14:45:26+05:30,4041.0,7,4034.66,1928179,177764.0,181108.0,4100.0,4110.0,4012.0,4092.6,25876200,4501.8,3683.4,4440.0,3288.1,4040.8,85,5,4040.7,63,2,4040.6,25,1,4040.2,52,1,4040.0,54,3,4041.0,139,4,4041.1,3,1,4041.2,10,1,4041.5,14,1,4041.7,6,1
11483,2026-07-02 14:45:27+05:30,4041.0,1,4034.66,1928179,177764.0,181108.0,4100.0,4110.0,4012.0,4092.6,25876200,4501.8,3683.4,4440.0,3288.1,4040.8,85,5,4040.7,63,2,4040.6,25,1,4040.2,52,1,4040.0,54,3,4041.0,139,4,4041.1,3,1,4041.2,10,1,4041.5,14,1,4041.7,6,1
11483,2026-07-02 14:45:27+05:30,4041.0,4,4034.66,1928204,177758.0,181378.0,4100.0,4110.0,4012.0,4092.6,25876200,4501.8,3683.4,4440.0,3288.1,4040.8,82,5,4040.7,42,1,4040.6,25,1,4040.2,52,1,4040.0,8,1,4041.0,119,4,4041.1,3,1,4041.2,34,2,4041.5,14,1,4041.6,45,3
11483,2026-07-02 14:45:28+05:30,4040.8,3,4034.66,1928204,177758.0,181378.0,4100.0,4110.0,4012.0,4092.6,25876200,4501.8,3683.4,4440.0,3288.1,4040.8,82,5,4040.7,42,1,4040.6,25,1,4040.2,52,1,4040.0,8,1,4041.0,119,4,4041.1,3,1,4041.2,34,2,4041.5,14,1,4041.6,45,3
11483,2026-07-02 14:45:28+05:30,4041.0,6,4034.66,1928215,177857.0,181254.0,4100.0,4110.0,4012.0,4092.6,25876200,4501.8,3683.4,4440.0,3288.1,4040.8,81,6,4040.7,42,1,4040.6,25,1,4040.2,52,1,4040.0,8,1,4041.0,112,3,4041.1,3,1,4041.2,34,2,4041.5,20,2,4041.6,45,3
11483,2026-07-02 14:45:29+05:30,4040.8,1,4034.66,1928215,177857.0,181254.0,4100.0,4110.0,4012.0,4092.6,25876200,4501.8,3683.4,4440.0,3288.1,4040.8,81,6,4040.7,42,1,4040.6,25,1,4040.2,52,1,4040.0,8,1,4041.0,112,3,4041.1,3,1,4041.2,34,2,4041.5,20,2,4041.6,45,3
11483,2026-07-02 14:45:29+05:30,4040.8,1,4034.66,1928216,177846.0,181241.0,4100.0,4110.0,4012.0,4092.6,25876200,4501.8,3683.4,4440.0,3288.1,4040.8,80,6,4040.7,42,1,4040.6,25,1,4040.2,52,1,4040.0,8,1,4041.0,112,3,4041.1,3,1,4041.2,34,2,4041.5,20,2,4041.6,45,3
11483,2026-07-02 14:45:30+05:30,4040.8,1,4034.66,1928216,177846.0,181241.0,4100.0,4110.0,4012.0,4092.6,25876200,4501.8,3683.4,4440.0,3288.1,4040.8,80,6,4040.7,42,1,4040.6,25,1,4040.2,52,1,4040.0,8,1,4041.0,112,3,4041.1,3,1,4041.2,34,2,4041.5,20,2,4041.6,45,3
11483,2026-07-02 14:45:30+05:30,4041.0,3,4034.66,1928260,177844.0,181311.0,4100.0,4110.0,4012.0,4092.6,25876200,4501.8,3683.4,4440.0,3288.1,4040.8,79,6,4040.7,42,1,4040.6,25,1,4040.2,52,1,4040.0,8,1,4041.0,69,3,4041.1,3,1,4041.2,10,1,4041.5,20,2,4041.6,26,2
11483,2026-07-02 14:45:31+05:30,4040.8,1,4034.66,1928260,177844.0,181311.0,4100.0,4110.0,4012.0,4092.6,25876200,4501.8,3683.4,4440.0,3288.1,4040.8,79,6,4040.7,42,1,4040.6,25,1,4040.2,52,1,4040.0,8,1,4041.0,69,3,4041.1,3,1,4041.2,10,1,4041.5,20,2,4041.6,26,2
11483,2026-07-02 14:45:31+05:30,4040.8,1,4034.66,1928267,177872.0,181346.0,4100.0,4110.0,4012.0,4092.6,25876200,4501.8,3683.4,4440.0,3288.1,4040.8,72,5,4040.7,42,1,4040.6,25,1,4040.2,52,1,4039.9,3,1,4041.0,69,3,4041.1,15,2,4041.2,10,1,4041.5,20,2,4041.6,24,1
11483,2026-07-02 14:45:32+05:30,4040.8,1,4034.66,1928267,177872.0,181346.0,4100.0,4110.0,4012.0,4092.6,25876200,4501.8,3683.4,4440.0,3288.1,4040.8,72,5,4040.7,42,1,4040.6,25,1,4040.2,52,1,4039.9,3,1,4041.0,69,3,4041.1,15,2,4041.2,10,1,4041.5,20,2,4041.6,24,1
11483,2026-07-02 14:45:32+05:30,4040.8,1,4034.66,1928278,177881.0,181501.0,4100.0,4110.0,4012.0,4092.6,25876200,4501.8,3683.4,4440.0,3288.1,4040.8,61,5,4040.7,42,1,4040.6,25,1,4040.2,52,1,4039.9,3,1,4041.0,69,3,4041.1,15,2,4041.2,10,1,4041.3,24,1,4041.5,20,2
11483,2026-07-02 14:45:33+05:30,4040.8,1,4034.66,1928278,177881.0,181501.0,4100.0,4110.0,4012.0,4092.6,25876200,4501.8,3683.4,4440.0,3288.1,4040.8,61,5,4040.7,42,1,4040.6,25,1,4040.2,52,1,4039.9,3,1,4041.0,69,3,4041.1,15,2,4041.2,10,1,4041.3,24,1,4041.5,20,2
11483,2026-07-02 14:45:33+05:30,4040.8,1,4034.66,1928282,177744.0,181615.0,4100.0,4110.0,4012.0,4092.6,25876200,4501.8,3683.4,4440.0,3288.1,4040.8,57,5,4040.7,42,1,4040.6,25,1,4040.2,52,1,4039.9,3,1,4041.0,135,8,4041.1,23,3,4041.2,22,2,4041.3,30,2,4041.4,41,2
11483,2026-07-02 14:45:34+05:30,4040.8,1,4034.66,1928282,177744.0,181615.0,4100.0,4110.0,4012.0,4092.6,25876200,4501.8,3683.4,4440.0,3288.1,4040.8,57,5,4040.7,42,1,4040.6,25,1,4040.2,52,1,4039.9,3,1,4041.0,135,8,4041.1,23,3,4041.2,22,2,4041.3,30,2,4041.4,41,2
11483,2026-07-02 14:45:34+05:30,4041.0,27,4034.66,1928282,177744.0,181615.0,4100.0,4110.0,4012.0,4092.6,25876200,4501.8,3683.4,4440.0,3288.1,4040.8,57,5,4040.7,42,1,4040.6,25,1,4040.2,52,1,4039.9,3,1,4041.0,135,8,4041.1,23,3,4041.2,22,2,4041.3,30,2,4041.4,41,2
11483,2026-07-02 14:45:34+05:30,4041.0,27,4034.66,1928282,177744.0,181615.0,4100.0,4110.0,4012.0,4092.6,25876200,4501.8,3683.4,4440.0,3288.1,4040.8,57,5,4040.7,42,1,4040.6,25,1,4040.2,52,1,4039.9,3,1,4041.0,135,8,4041.1,23,3,4041.2,22,2,4041.3,30,2,4041.4,41,2
11483,2026-07-02 14:45:34+05:30,4041.0,27,4034.66,1928733,177625.0,181498.0,4100.0,4110.0,4012.0,4092.6,25876200,4501.8,3683.4,4440.0,3288.1,4041.0,67,5,4040.9,42,1,4040.8,45,2,4040.6,25,1,4039.9,3,1,4041.1,22,2,4041.2,22,2,4041.3,19,1,4041.4,11,2,4041.5,14,1
11483,2026-07-02 14:45:35+05:30,4041.0,27,4034.66,1928733,177625.0,181498.0,4100.0,4110.0,4012.0,4092.6,25876200,4501.8,3683.4,4440.0,3288.1,4041.0,67,5,4040.9,42,1,4040.8,45,2,4040.6,25,1,4039.9,3,1,4041.1,22,2,4041.2,22,2,4041.3,19,1,4041.4,11,2,4041.5,14,1
11483,2026-07-02 14:45:35+05:30,4041.0,1,4034.66,1928733,177625.0,181498.0,4100.0,4110.0,4012.0,4092.6,25876200,4501.8,3683.4,4440.0,3288.1,4041.0,67,5,4040.9,42,1,4040.8,45,2,4040.6,25,1,4039.9,3,1,4041.1,22,2,4041.2,22,2,4041.3,19,1,4041.4,11,2,4041.5,14,1
11483,2026-07-02 14:45:35+05:30,4041.0,1,4034.66,1928733,177625.0,181498.0,4100.0,4110.0,4012.0,4092.6,25876200,4501.8,3683.4,4440.0,3288.1,4041.0,67,5,4040.9,42,1,4040.8,45,2,4040.6,25,1,4039.9,3,1,4041.1,22,2,4041.2,22,2,4041.3,19,1,4041.4,11,2,4041.5,14,1
11483,2026-07-02 14:45:35+05:30,4041.0,20,4034.66,1928914,177617.0,181794.0,4100.0,4110.0,4012.0,4092.6,25876200,4501.8,3683.4,4440.0,3288.1,4041.0,74,5,4040.9,42,1,4040.8,45,2,4040.6,25,1,4039.7,11,1,4041.1,12,1,4041.2,10,1,4041.4,6,1,4041.5,40,2,4041.6,38,2
11483,2026-07-02 14:45:36+05:30,4041.0,20,4034.66,1928914,177617.0,181794.0,4100.0,4110.0,4012.0,4092.6,25876200,4501.8,3683.4,4440.0,3288.1,4041.0,74,5,4040.9,42,1,4040.8,45,2,4040.6,25,1,4039.7,11,1,4041.1,12,1,4041.2,10,1,4041.4,6,1,4041.5,40,2,4041.6,38,2
11483,2026-07-02 14:45:36+05:30,4041.0,1,4034.66,1928914,177617.0,181794.0,4100.0,4110.0,4012.0,4092.6,25876200,4501.8,3683.4,4440.0,3288.1,4041.0,74,5,4040.9,42,1,4040.8,45,2,4040.6,25,1,4039.7,11,1,4041.1,12,1,4041.2,10,1,4041.4,6,1,4041.5,40,2,4041.6,38,2
11483,2026-07-02 14:45:36+05:30,4041.0,1,4034.66,1928914,177617.0,181794.0,4100.0,4110.0,4012.0,4092.6,25876200,4501.8,3683.4,4440.0,3288.1,4041.0,74,5,4040.9,42,1,4040.8,45,2,4040.6,25,1,4039.7,11,1,4041.1,12,1,4041.2,10,1,4041.4,6,1,4041.5,40,2,4041.6,38,2
11483,2026-07-02 14:45:36+05:30,4041.0,1,4034.66,1928939,177589.0,181746.0,4100.0,4110.0,4012.0,4092.6,25876200,4501.8,3683.4,4440.0,3288.1,4041.0,49,5,4040.9,42,1,4040.8,45,2,4040.6,25,1,4039.7,80,3,4041.1,12,1,4041.2,10,1,4041.4,6,1,4041.5,14,1,4041.6,29,2
11483,2026-07-02 14:45:37+05:30,4041.0,1,4034.66,1928939,177589.0,181746.0,4100.0,4110.0,4012.0,4092.6,25876200,4501.8,3683.4,4440.0,3288.1,4041.0,49,5,4040.9,42,1,4040.8,45,2,4040.6,25,1,4039.7,80,3,4041.1,12,1,4041.2,10,1,4041.4,6,1,4041.5,14,1,4041.6,29,2
11483,2026-07-02 14:45:37+05:30,4041.0,1,4034.66,1928939,177589.0,181746.0,4100.0,4110.0,4012.0,4092.6,25876200,4501.8,3683.4,4440.0,3288.1,4041.0,49,5,4040.9,42,1,4040.8,45,2,4040.6,25,1,4039.7,80,3,4041.1,12,1,4041.2,10,1,4041.4,6,1,4041.5,14,1,4041.6,29,2
11483,2026-07-02 14:45:37+05:30,4041.1,54,4034.66,1928998,177753.0,181864.0,4100.0,4110.0,4012.0,4092.6,25876200,4501.8,3683.4,4440.0,3288.1,4041.1,7,1,4041.0,46,6,4040.9,42,1,4040.8,45,2,4040.6,25,1,4041.2,10,1,4041.5,24,2,4041.6,24,1,4041.7,45,2,4041.8,224,5
11483,2026-07-02 14:45:37+05:30,4041.1,54,4034.66,1928998,177753.0,181864.0,4100.0,4110.0,4012.0,4092.6,25876200,4501.8,3683.4,4440.0,3288.1,4041.1,7,1,4041.0,46,6,4040.9,42,1,4040.8,45,2,4040.6,25,1,4041.2,10,1,4041.5,24,2,4041.6,24,1,4041.7,45,2,4041.8,224,5
11483,2026-07-02 14:45:38+05:30,4041.1,54,4034.66,1928998,177753.0,181864.0,4100.0,4110.0,4012.0,4092.6,25876200,4501.8,3683.4,4440.0,3288.1,4041.1,7,1,4041.0,46,6,4040.9,42,1,4040.8,45,2,4040.6,25,1,4041.2,10,1,4041.5,24,2,4041.6,24,1,4041.7,45,2,4041.8,224,5
11483,2026-07-02 14:45:38+05:30,4041.1,54,4034.66,1928998,177753.0,181864.0,4100.0,4110.0,4012.0,4092.6,25885475,4501.8,3683.4,4440.0,3288.1,4041.1,7,1,4041.0,46,6,4040.9,42,1,4040.8,45,2,4040.6,25,1,4041.2,10,1,4041.5,24,2,4041.6,24,1,4041.7,45,2,4041.8,224,5
11483,2026-07-02 14:45:38+05:30,4041.1,1,4034.66,1928998,177753.0,181864.0,4100.0,4110.0,4012.0,4092.6,25885475,4501.8,3683.4,4440.0,3288.1,4041.1,7,1,4041.0,46,6,4040.9,42,1,4040.8,45,2,4040.6,25,1,4041.2,10,1,4041.5,24,2,4041.6,24,1,4041.7,45,2,4041.8,224,5
11483,2026-07-02 14:45:38+05:30,4041.1,1,4034.66,1928998,177753.0,181864.0,4100.0,4110.0,4012.0,4092.6,25885475,4501.8,3683.4,4440.0,3288.1,4041.1,12,2,4041.0,21,4,4040.8,3,1,4040.0,29,2,4039.8,1,1,4041.2,13,2,4041.4,6,1,4041.5,24,2,4041.7,23,1,4041.8,180,3
11483,2026-07-02 14:45:38+05:30,4041.1,1,4034.66,1929043,177652.0,181958.0,4100.0,4110.0,4012.0,4092.6,25885475,4501.8,3683.4,4440.0,3288.1,4041.1,12,2,4041.0,21,4,4040.8,3,1,4040.0,29,2,4039.8,1,1,4041.2,13,2,4041.4,6,1,4041.5,24,2,4041.7,23,1,4041.8,180,3
11483,2026-07-02 14:45:39+05:30,4041.1,1,4034.66,1929043,177652.0,181958.0,4100.0,4110.0,4012.0,4092.6,25885475,4501.8,3683.4,4440.0,3288.1,4041.1,12,2,4041.0,21,4,4040.8,3,1,4040.0,29,2,4039.8,1,1,4041.2,13,2,4041.4,6,1,4041.5,24,2,4041.7,23,1,4041.8,180,3
11483,2026-07-02 14:45:39+05:30,4041.2,4,4034.66,1929043,177652.0,181958.0,4100.0,4110.0,4012.0,4092.6,25885475,4501.8,3683.4,4440.0,3288.1,4041.1,12,2,4041.0,21,4,4040.8,3,1,4040.0,29,2,4039.8,1,1,4041.2,13,2,4041.4,6,1,4041.5,24,2,4041.7,23,1,4041.8,180,3
11483,2026-07-02 14:45:39+05:30,4041.2,4,4034.66,1929078,177827.0,181842.0,4100.0,4110.0,4012.0,4092.6,25885475,4501.8,3683.4,4440.0,3288.1,4041.2,8,1,4041.1,3,2,4041.0,6,4,4040.8,3,1,4040.0,2,1,4041.3,22,3,4041.4,70,3,4041.5,32,3,4041.6,24,1,4041.7,36,2
11483,2026-07-02 14:45:39+05:30,4041.2,4,4034.66,1929078,177827.0,181842.0,4100.0,4110.0,4012.0,4092.6,25885475,4501.8,3683.4,4440.0,3288.1,4041.2,8,1,4041.1,3,2,4041.0,6,4,4040.8,3,1,4040.0,2,1,4041.3,22,3,4041.4,70,3,4041.5,32,3,4041.6,24,1,4041.7,36,2
11483,2026-07-02 14:45:40+05:30,4041.2,4,4034.66,1929078,177827.0,181842.0,4100.0,4110.0,4012.0,4092.6,25885475,4501.8,3683.4,4440.0,3288.1,4041.2,8,1,4041.1,3,2,4041.0,6,4,4040.8,3,1,4040.0,2,1,4041.3,22,3,4041.4,70,3,4041.5,32,3,4041.6,24,1,4041.7,36,2
11483,2026-07-02 14:45:40+05:30,4041.2,1,4034.66,1929078,177827.0,181842.0,4100.0,4110.0,4012.0,4092.6,25885475,4501.8,3683.4,4440.0,3288.1,4041.2,8,1,4041.1,3,2,4041.0,6,4,4040.8,3,1,4040.0,2,1,4041.3,22,3,4041.4,70,3,4041.5,32,3,4041.6,24,1,4041.7,36,2
11483,2026-07-02 14:45:40+05:30,4041.2,1,4034.66,1929086,177813.0,181750.0,4100.0,4110.0,4012.0,4092.6,25885475,4501.8,3683.4,4440.0,3288.1,4041.2,27,3,4041.0,6,4,4040.8,3,1,4040.0,2,1,4039.8,7,2,4041.4,3,1,4041.5,38,4,4041.6,24,1,4041.7,36,2,4041.8,180,3
11483,2026-07-02 14:45:41+05:30,4041.0,43,4034.66,1929086,177813.0,181750.0,4100.0,4110.0,4012.0,4092.6,25885475,4501.8,3683.4,4440.0,3288.1,4041.2,27,3,4041.0,6,4,4040.8,3,1,4040.0,2,1,4039.8,7,2,4041.4,3,1,4041.5,38,4,4041.6,24,1,4041.7,36,2,4041.8,180,3
11483,2026-07-02 14:45:41+05:30,4040.8,9,4034.67,1929403,176680.0,182871.0,4100.0,4110.0,4012.0,4092.6,25885475,4501.8,3683.4,4440.0,3288.1,4040.0,2,1,4039.2,18,1,4039.0,49,3,4038.9,2,1,4038.8,54,2,4040.9,17,1,4041.0,104,4,4041.1,123,5,4041.2,23,3,4041.3,104,4
11483,2026-07-02 14:45:42+05:30,4040.0,6,4034.67,1929403,176680.0,182871.0,4100.0,4110.0,4012.0,4092.6,25885475,4501.8,3683.4,4440.0,3288.1,4040.0,2,1,4039.2,18,1,4039.0,49,3,4038.9,2,1,4038.8,54,2,4040.9,17,1,4041.0,104,4,4041.1,123,5,4041.2,23,3,4041.3,104,4
11483,2026-07-02 14:45:42+05:30,4040.0,6,4034.67,1929943,177296.0,181399.0,4100.0,4110.0,4012.0,4092.6,25885475,4501.8,3683.4,4440.0,3288.1,4039.8,33,1,4039.7,12,1,4039.6,68,4,4039.5,59,3,4039.4,123,3,4041.0,13,1,4041.2,1,1,4041.3,12,1,4041.5,37,3,4041.6,12,1
11483,2026-07-02 14:45:43+05:30,4041.0,1,4034.67,1929943,177296.0,181399.0,4100.0,4110.0,4012.0,4092.6,25885475,4501.8,3683.4,4440.0,3288.1,4039.8,33,1,4039.7,12,1,4039.6,68,4,4039.5,59,3,4039.4,123,3,4041.0,13,1,4041.2,1,1,4041.3,12,1,4041.5,37,3,4041.6,12,1
11483,2026-07-02 14:45:43+05:30,4040.0,1,4034.67,1930012,177284.0,181515.0,4100.0,4110.0,4012.0,4092.6,25885475,4501.8,3683.4,4440.0,3288.1,4040.0,11,1,4039.9,12,1,4039.8,44,2,4039.7,56,3,4039.6,38,3,4041.0,11,1,4041.2,1,1,4041.3,12,1,4041.5,37,3,4041.6,12,1
11483,2026-07-02 14:45:44+05:30,4040.0,1,4034.67,1930012,177284.0,181515.0,4100.0,4110.0,4012.0,4092.6,25885475,4501.8,3683.4,4440.0,3288.1,4040.0,11,1,4039.9,12,1,4039.8,44,2,4039.7,56,3,4039.6,38,3,4041.0,11,1,4041.2,1,1,4041.3,12,1,4041.5,37,3,4041.6,12,1
11483,2026-07-02 14:45:44+05:30,4040.0,1,4034.67,1930022,177050.0,181546.0,4100.0,4110.0,4012.0,4092.6,25885475,4501.8,3683.4,4440.0,3288.1,4040.0,1,1,4039.9,12,1,4039.8,44,2,4039.7,58,4,4039.6,38,3,4041.0,14,3,4041.2,1,1,4041.3,12,1,4041.5,37,3,4041.6,12,1
11483,2026-07-02 14:45:45+05:30,4041.9,13,4034.67,1930022,177050.0,181546.0,4100.0,4110.0,4012.0,4092.6,25885475,4501.8,3683.4,4440.0,3288.1,4040.0,1,1,4039.9,12,1,4039.8,44,2,4039.7,58,4,4039.6,38,3,4041.0,14,3,4041.2,1,1,4041.3,12,1,4041.5,37,3,4041.6,12,1
11483,2026-07-02 14:45:45+05:30,4041.9,13,4034.67,1930124,177832.0,180385.0,4100.0,4110.0,4012.0,4092.6,25885475,4501.8,3683.4,4440.0,3288.1,4040.3,33,1,4040.1,26,1,4040.0,57,6,4039.9,37,2,4039.8,19,2,4041.6,15,1,4041.7,38,2,4041.9,50,3,4042.0,4142,16,4042.1,39,2
11483,2026-07-02 14:45:46+05:30,4040.8,1,4034.67,1930124,177832.0,180385.0,4100.0,4110.0,4012.0,4092.6,25885475,4501.8,3683.4,4440.0,3288.1,4040.3,33,1,4040.1,26,1,4040.0,57,6,4039.9,37,2,4039.8,19,2,4041.6,15,1,4041.7,38,2,4041.9,50,3,4042.0,4142,16,4042.1,39,2
11483,2026-07-02 14:45:46+05:30,4040.8,1,4034.67,1930138,178315.0,179565.0,4100.0,4110.0,4012.0,4092.6,25885475,4501.8,3683.4,4440.0,3288.1,4041.6,1,1,4040.8,22,3,4040.6,8,2,4040.5,71,4,4040.4,65,3,4041.9,2,1,4042.0,4147,16,4042.2,18,2,4042.3,3,1,4042.4,32,2
11483,2026-07-02 14:45:47+05:30,4041.0,5,4034.67,1930138,178315.0,179565.0,4100.0,4110.0,4012.0,4092.6,25885475,4501.8,3683.4,4440.0,3288.1,4041.6,1,1,4040.8,22,3,4040.6,8,2,4040.5,71,4,4040.4,65,3,4041.9,2,1,4042.0,4147,16,4042.2,18,2,4042.3,3,1,4042.4,32,2
11483,2026-07-02 14:45:47+05:30,4040.1,28,4034.67,1930356,177374.0,180181.0,4100.0,4110.0,4012.0,4092.6,25885475,4501.8,3683.4,4440.0,3288.1,4040.3,31,1,4040.2,3,1,4040.1,71,5,4040.0,99,8,4039.9,37,2,4041.6,13,2,4041.8,31,1,4041.9,43,3,4042.0,4119,16,4042.1,60,3
11483,2026-07-02 14:45:48+05:30,4040.3,14,4034.67,1930356,177374.0,180181.0,4100.0,4110.0,4012.0,4092.6,25885475,4501.8,3683.4,4440.0,3288.1,4040.3,31,1,4040.2,3,1,4040.1,71,5,4040.0,99,8,4039.9,37,2,4041.6,13,2,4041.8,31,1,4041.9,43,3,4042.0,4119,16,4042.1,60,3
11483,2026-07-02 14:45:48+05:30,4040.3,14,4034.67,1930404,177598.0,180227.0,4100.0,4110.0,4012.0,4092.6,25885475,4501.8,3683.4,4440.0,3288.1,4040.4,30,1,4040.3,10,2,4040.2,3,1,4040.1,97,6,4040.0,88,8,4041.6,39,3,4041.8,31,1,4041.9,18,3,4042.0,4124,16,4042.1,30,1
11483,2026-07-02 14:45:49+05:30,4040.4,1,4034.67,1930404,177598.0,180227.0,4100.0,4110.0,4012.0,4092.6,25885475,4501.8,3683.4,4440.0,3288.1,4040.4,30,1,4040.3,10,2,4040.2,3,1,4040.1,97,6,4040.0,88,8,4041.6,39,3,4041.8,31,1,4041.9,18,3,4042.0,4124,16,4042.1,30,1
11483,2026-07-02 14:45:49+05:30,4040.4,1,4034.67,1930412,177736.0,180460.0,4100.0,4110.0,4012.0,4092.6,25885475,4501.8,3683.4,4440.0,3288.1,4040.4,47,4,4040.3,5,2,4040.2,3,1,4040.1,66,4,4040.0,88,8,4041.6,39,3,4041.7,2,1,4041.8,193,4,4041.9,18,3,4042.0,4130,16
11483,2026-07-02 14:45:50+05:30,4040.4,2,4034.67,1930412,177736.0,180460.0,4100.0,4110.0,4012.0,4092.6,25885475,4501.8,3683.4,4440.0,3288.1,4040.4,47,4,4040.3,5,2,4040.2,3,1,4040.1,66,4,4040.0,88,8,4041.6,39,3,4041.7,2,1,4041.8,193,4,4041.9,18,3,4042.0,4130,16
11483,2026-07-02 14:45:50+05:30,4040.4,2,4034.67,1930415,177697.0,180634.0,4100.0,4110.0,4012.0,4092.6,25885475,4501.8,3683.4,4440.0,3288.1,4040.4,41,3,4040.3,5,2,4040.2,3,1,4040.1,66,4,4040.0,88,8,4041.6,54,5,4041.7,43,3,4041.8,195,4,4041.9,80,5,4042.0,4118,15
11483,2026-07-02 14:45:51+05:30,4040.4,2,4034.67,1930415,177884.0,180563.0,4100.0,4110.0,4012.0,4092.6,25885475,4501.8,3683.4,4440.0,3288.1,4040.4,54,5,4040.3,5,2,4040.2,3,1,4040.1,66,4,4040.0,88,8,4041.6,41,4,4041.7,8,2,4041.8,195,4,4041.9,92,7,4042.0,4118,15
11483,2026-07-02 14:45:52+05:30,4040.4,1,4034.67,1930424,177963.0,181586.0,4100.0,4110.0,4012.0,4092.6,25885475,4501.8,3683.4,4440.0,3288.1,4040.4,32,3,4040.3,5,2,4040.2,32,2,4040.1,66,4,4040.0,77,7,4041.5,49,2,4041.6,41,4,4041.7,8,2,4041.8,168,3,4041.9,116,7
11483,2026-07-02 14:45:52+05:30,4040.4,1,4034.67,1930424,177963.0,181586.0,4100.0,4110.0,4012.0,4092.6,25885475,4501.8,3683.4,4440.0,3288.1,4040.4,32,3,4040.3,5,2,4040.2,32,2,4040.1,66,4,4040.0,77,7,4041.5,49,2,4041.6,41,4,4041.7,8,2,4041.8,168,3,4041.9,116,7
11483,2026-07-02 14:45:53+05:30,4040.4,1,4034.67,1930425,177878.0,181278.0,4100.0,4110.0,4012.0,4092.6,25885475,4501.8,3683.4,4440.0,3288.1,4040.4,31,3,4040.3,5,2,4040.2,3,1,4040.1,66,4,4040.0,119,8,4041.5,51,3,4041.6,39,3,4041.7,6,1,4041.8,168,3,4041.9,89,6
11483,2026-07-02 14:45:54+05:30,4041.4,2,4034.67,1930427,177871.0,181352.0,4100.0,4110.0,4012.0,4092.6,25885475,4501.8,3683.4,4440.0,3288.1,4040.4,55,6,4040.2,3,1,4040.1,66,4,4040.0,93,5,4039.9,37,2,4041.3,26,1,4041.4,11,1,4041.5,26,3,4041.6,39,3,4041.7,8,2
11483,2026-07-02 14:45:54+05:30,4040.4,1,4034.67,1930427,177871.0,181352.0,4100.0,4110.0,4012.0,4092.6,25885475,4501.8,3683.4,4440.0,3288.1,4040.4,55,6,4040.2,3,1,4040.1,66,4,4040.0,93,5,4039.9,37,2,4041.3,26,1,4041.4,11,1,4041.5,26,3,4041.6,39,3,4041.7,8,2
11483,2026-07-02 14:45:55+05:30,4040.4,1,4034.67,1930438,177804.0,181120.0,4100.0,4110.0,4012.0,4092.6,25885475,4501.8,3683.4,4440.0,3288.1,4040.5,27,1,4040.4,81,7,4040.2,21,2,4040.1,89,4,4040.0,93,5,4041.0,35,2,4041.3,26,1,4041.4,11,1,4041.5,26,3,4041.6,39,3
11483,2026-07-02 14:45:55+05:30,4040.5,2,4034.67,1930438,177804.0,181120.0,4100.0,4110.0,4012.0,4092.6,25885475,4501.8,3683.4,4440.0,3288.1,4040.5,27,1,4040.4,81,7,4040.2,21,2,4040.1,89,4,4040.0,93,5,4041.0,35,2,4041.3,26,1,4041.4,11,1,4041.5,26,3,4041.6,39,3
11483,2026-07-02 14:45:56+05:30,4040.5,1,4034.67,1930441,177793.0,181419.0,4100.0,4110.0,4012.0,4092.6,25885475,4501.8,3683.4,4440.0,3288.1,4040.4,66,5,4040.2,18,1,4040.1,89,4,4040.0,93,5,4039.9,38,3,4041.0,37,3,4041.3,26,1,4041.4,11,1,4041.5,24,2,4041.6,39,3
11483,2026-07-02 14:45:56+05:30,4040.5,1,4034.67,1930441,177793.0,181419.0,4100.0,4110.0,4012.0,4092.6,25885475,4501.8,3683.4,4440.0,3288.1,4040.4,66,5,4040.2,18,1,4040.1,89,4,4040.0,93,5,4039.9,38,3,4041.0,37,3,4041.3,26,1,4041.4,11,1,4041.5,24,2,4041.6,39,3
11483,2026-07-02 14:45:57+05:30,4040.4,1,4034.67,1930442,177975.0,180505.0,4100.0,4110.0,4012.0,4092.6,25885475,4501.8,3683.4,4440.0,3288.1,4040.4,41,4,4040.1,53,3,4040.0,93,5,4039.9,38,3,4039.8,68,3,4040.8,4,1,4041.0,39,4,4041.2,11,1,4041.3,26,1,4041.4,28,2
11483,2026-07-02 14:45:57+05:30,4040.4,1,4034.67,1930442,177975.0,180505.0,4100.0,4110.0,4012.0,4092.6,25885475,4501.8,3683.4,4440.0,3288.1,4040.4,41,4,4040.1,53,3,4040.0,93,5,4039.9,38,3,4039.8,68,3,4040.8,4,1,4041.0,39,4,4041.2,11,1,4041.3,26,1,4041.4,28,2
11483,2026-07-02 14:45:58+05:30,4040.4,6,4034.67,1930448,177984.0,180383.0,4100.0,4110.0,4012.0,4092.6,25885475,4501.8,3683.4,4440.0,3288.1,4040.4,35,4,4040.1,26,1,4040.0,93,5,4039.9,13,2,4039.8,41,2,4040.8,4,1,4040.9,13,1,4041.0,39,4,4041.4,28,2,4041.5,22,1
11483,2026-07-02 14:45:58+05:30,4040.4,1,4034.67,1930448,177984.0,180383.0,4100.0,4110.0,4012.0,4092.6,25885475,4501.8,3683.4,4440.0,3288.1,4040.4,35,4,4040.1,26,1,4040.0,93,5,4039.9,13,2,4039.8,41,2,4040.8,4,1,4040.9,13,1,4041.0,39,4,4041.4,28,2,4041.5,22,1
11483,2026-07-02 14:45:59+05:30,4040.6,1,4034.67,1930460,177967.0,180432.0,4100.0,4110.0,4012.0,4092.6,25885475,4501.8,3683.4,4440.0,3288.1,4040.4,24,3,4040.3,3,1,4040.1,26,1,4040.0,93,5,4039.9,13,2,4040.6,10,1,4041.0,37,3,4041.4,28,2,4041.5,22,1,4041.6,38,3
11483,2026-07-02 14:45:59+05:30,4040.4,2,4034.67,1930460,177967.0,180432.0,4100.0,4110.0,4012.0,4092.6,25885475,4501.8,3683.4,4440.0,3288.1,4040.4,24,3,4040.3,3,1,4040.1,26,1,4040.0,93,5,4039.9,13,2,4040.6,10,1,4041.0,37,3,4041.4,28,2,4041.5,22,1,4041.6,38,3
11483,2026-07-02 14:46:00+05:30,4039.9,3,4034.67,1931054,176437.0,180834.0,4100.0,4110.0,4012.0,4092.6,25885475,4501.8,3683.4,4440.0,3288.1,4039.6,38,2,4039.5,38,1,4039.4,5,1,4039.3,30,3,4039.2,3,1,4041.0,46,3,4041.1,12,1,4041.3,6,1,4041.4,15,1,4041.5,44,3
11483,2026-07-02 14:46:00+05:30,4039.9,68,4034.67,1931054,176437.0,180834.0,4100.0,4110.0,4012.0,4092.6,25885475,4501.8,3683.4,4440.0,3288.1,4039.6,38,2,4039.5,38,1,4039.4,5,1,4039.3,30,3,4039.2,3,1,4041.0,46,3,4041.1,12,1,4041.3,6,1,4041.4,15,1,4041.5,44,3
11483,2026-07-02 14:46:01+05:30,4041.0,2,4034.67,1931785,177823.0,180865.0,4100.0,4110.0,4012.0,4092.6,25885475,4501.8,3683.4,4440.0,3288.1,4040.4,23,3,4040.3,24,1,4040.1,10,1,4040.0,78,2,4039.9,42,2,4041.0,2,1,4041.1,12,1,4041.4,15,1,4041.5,22,1,4041.6,1,1
11483,2026-07-02 14:46:01+05:30,4040.4,2,4034.67,1931785,177823.0,180865.0,4100.0,4110.0,4012.0,4092.6,25885475,4501.8,3683.4,4440.0,3288.1,4040.4,23,3,4040.3,24,1,4040.1,10,1,4040.0,78,2,4039.9,42,2,4041.0,2,1,4041.1,12,1,4041.4,15,1,4041.5,22,1,4041.6,1,1
11483,2026-07-02 14:46:02+05:30,4040.4,2,4034.67,1931811,176764.0,180655.0,4100.0,4110.0,4012.0,4092.6,25885475,4501.8,3683.4,4440.0,3288.1,4040.0,50,1,4039.7,66,3,4039.6,16,2,4039.5,36,3,4039.4,25,2,4040.4,6,1,4041.0,27,2,4041.1,12,1,4041.3,12,1,4041.4,28,2
11483,2026-07-02 14:46:02+05:30,4040.0,19,4034.67,1931811,176764.0,180655.0,4100.0,4110.0,4012.0,4092.6,25885475,4501.8,3683.4,4440.0,3288.1,4040.0,50,1,4039.7,66,3,4039.6,16,2,4039.5,36,3,4039.4,25,2,4040.4,6,1,4041.0,27,2,4041.1,12,1,4041.3,12,1,4041.4,28,2
11483,2026-07-02 14:46:03+05:30,4040.0,19,4034.67,1931846,176782.0,180968.0,4100.0,4110.0,4012.0,4092.6,25885475,4501.8,3683.4,4440.0,3288.1,4040.0,53,3,4039.7,36,1,4039.5,36,3,4039.4,3,1,4039.3,13,2,4040.4,9,1,4041.0,152,3,4041.1,12,1,4041.3,12,1,4041.4,28,2
11483,2026-07-02 14:46:03+05:30,4040.0,4,4034.67,1931846,176782.0,180968.0,4100.0,4110.0,4012.0,4092.6,25885475,4501.8,3683.4,4440.0,3288.1,4040.0,53,3,4039.7,36,1,4039.5,36,3,4039.4,3,1,4039.3,13,2,4040.4,9,1,4041.0,152,3,4041.1,12,1,4041.3,12,1,4041.4,28,2
11483,2026-07-02 14:46:04+05:30,4040.0,4,4034.67,1931850,176779.0,180943.0,4100.0,4110.0,4012.0,4092.6,25885475,4501.8,3683.4,4440.0,3288.1,4040.0,50,4,4039.7,1,1,4039.5,3,1,4039.4,3,1,4039.3,13,2,4040.4,11,2,4041.0,150,2,4041.1,12,1,4041.3,20,3,4041.4,28,2
11483,2026-07-02 14:46:04+05:30,4040.4,40,4034.67,1931850,176779.0,180943.0,4100.0,4110.0,4012.0,4092.6,25885475,4501.8,3683.4,4440.0,3288.1,4040.0,50,4,4039.7,1,1,4039.5,3,1,4039.4,3,1,4039.3,13,2,4040.4,11,2,4041.0,150,2,4041.1,12,1,4041.3,20,3,4041.4,28,2
11483,2026-07-02 14:46:05+05:30,4040.4,1,4034.67,1931905,177587.0,181645.0,4100.0,4110.0,4012.0,4092.6,25885475,4501.8,3683.4,4440.0,3288.1,4040.4,13,1,4040.0,28,3,4039.7,1,1,4039.4,3,1,4039.3,52,2,4040.9,1,1,4041.0,135,2,4041.1,12,1,4041.2,24,1,4041.3,50,3
11483,2026-07-02 14:46:05+05:30,4040.4,6,4034.67,1931905,177587.0,181645.0,4100.0,4110.0,4012.0,4092.6,25885475,4501.8,3683.4,4440.0,3288.1,4040.4,13,1,4040.0,28,3,4039.7,1,1,4039.4,3,1,4039.3,52,2,4040.9,1,1,4041.0,135,2,4041.1,12,1,4041.2,24,1,4041.3,50,3
11483,2026-07-02 14:46:06+05:30,4040.4,6,4034.67,1931911,177626.0,181807.0,4100.0,4110.0,4012.0,4092.6,25885475,4501.8,3683.4,4440.0,3288.1,4040.4,7,1,4040.0,28,3,4039.7,1,1,4039.4,3,1,4039.3,52,2,4040.9,2,2,4041.0,135,2,4041.1,18,2,4041.2,24,1,4041.3,75,2
11483,2026-07-02 14:46:06+05:30,4040.9,1,4034.67,1931911,177626.0,181807.0,4100.0,4110.0,4012.0,4092.6,25885475,4501.8,3683.4,4440.0,3288.1,4040.4,7,1,4040.0,28,3,4039.7,1,1,4039.4,3,1,4039.3,52,2,4040.9,2,2,4041.0,135,2,4041.1,18,2,4041.2,24,1,4041.3,75,2
11483,2026-07-02 14:46:07+05:30,4040.4,2,4034.67,1931945,177593.0,181796.0,4100.0,4110.0,4012.0,4092.6,25885475,4501.8,3683.4,4440.0,3288.1,4040.4,15,2,4040.0,28,3,4039.7,1,1,4039.5,10,1,4039.3,65,3,4041.0,135,2,4041.1,18,2,4041.2,24,1,4041.3,42,1,4041.4,17,2
11483,2026-07-02 14:46:07+05:30,4040.4,4,4034.67,1931945,177593.0,181796.0,4100.0,4110.0,4012.0,4092.6,25885475,4501.8,3683.4,4440.0,3288.1,4040.4,15,2,4040.0,28,3,4039.7,1,1,4039.5,10,1,4039.3,65,3,4041.0,135,2,4041.1,18,2,4041.2,24,1,4041.3,42,1,4041.4,17,2
11483,2026-07-02 14:46:08+05:30,4041.0,10,4034.67,1932184,177172.0,181947.0,4100.0,4110.0,4012.0,4092.6,25885475,4501.8,3683.4,4440.0,3288.1,4040.4,80,3,4040.1,22,1,4040.0,52,3,4039.9,27,1,4039.7,1,1,4041.1,12,1,4041.4,52,3,4041.5,22,1,4041.6,1,1,4041.7,1,1
11483,2026-07-02 14:46:08+05:30,4040.4,28,4034.67,1932184,177172.0,181947.0,4100.0,4110.0,4012.0,4092.6,25885475,4501.8,3683.4,4440.0,3288.1,4040.4,80,3,4040.1,22,1,4040.0,52,3,4039.9,27,1,4039.7,1,1,4041.1,12,1,4041.4,52,3,4041.5,22,1,4041.6,1,1,4041.7,1,1
11483,2026-07-02 14:46:09+05:30,4040.4,28,4034.67,1932213,177152.0,182119.0,4100.0,4110.0,4012.0,4092.6,25885475,4501.8,3683.4,4440.0,3288.1,4040.4,31,1,4040.0,52,3,4039.7,43,2,4039.5,24,1,4039.4,36,1,4041.0,1,1,4041.1,12,1,4041.3,6,1,4041.4,52,3,4041.5,22,1
11483,2026-07-02 14:46:09+05:30,4040.4,3,4034.67,1932213,177152.0,182119.0,4100.0,4110.0,4012.0,4092.6,25885475,4501.8,3683.4,4440.0,3288.1,4040.4,31,1,4040.0,52,3,4039.7,43,2,4039.5,24,1,4039.4,36,1,4041.0,1,1,4041.1,12,1,4041.3,6,1,4041.4,52,3,4041.5,22,1
11483,2026-07-02 14:46:10+05:30,4040.4,3,4034.67,1932217,177106.0,182036.0,4100.0,4110.0,4012.0,4092.6,25885475,4501.8,3683.4,4440.0,3288.1,4040.1,21,1,4040.0,52,3,4039.7,1,1,4039.4,61,2,4039.3,63,4,4041.0,20,2,4041.1,12,1,4041.3,19,2,4041.4,15,1,4041.5,62,3
11483,2026-07-02 14:46:10+05:30,4040.1,4,4034.67,1932217,177106.0,182036.0,4100.0,4110.0,4012.0,4092.6,25885475,4501.8,3683.4,4440.0,3288.1,4040.1,21,1,4040.0,52,3,4039.7,1,1,4039.4,61,2,4039.3,63,4,4041.0,20,2,4041.1,12,1,4041.3,19,2,4041.4,15,1,4041.5,62,3
11483,2026-07-02 14:46:11+05:30,4040.1,5,4034.67,1932233,177053.0,181834.0,4100.0,4110.0,4012.0,4092.6,25885475,4501.8,3683.4,4440.0,3288.1,4040.1,27,3,4040.0,54,4,4039.7,1,1,4039.4,36,1,4039.3,50,3,4041.0,22,3,4041.1,12,1,4041.3,6,1,4041.4,39,2,4041.5,62,3
11483,2026-07-02 14:46:11+05:30,4040.1,2,4034.67,1932233,177053.0,181834.0,4100.0,4110.0,4012.0,4092.6,25885475,4501.8,3683.4,4440.0,3288.1,4040.1,27,3,4040.0,54,4,4039.7,1,1,4039.4,36,1,4039.3,50,3,4041.0,22,3,4041.1,12,1,4041.3,6,1,4041.4,39,2,4041.5,62,3
11483,2026-07-02 14:46:12+05:30,4040.1,2,4034.67,1932235,177109.0,181857.0,4100.0,4110.0,4012.0,4092.6,25885475,4501.8,3683.4,4440.0,3288.1,4040.1,25,3,4040.0,54,4,4039.7,43,2,4039.4,36,1,4039.3,74,4,4040.4,10,1,4041.0,28,3,4041.1,12,1,4041.3,18,2,4041.4,39,2
11483,2026-07-02 14:46:12+05:30,4040.1,1,4034.67,1932235,177109.0,181857.0,4100.0,4110.0,4012.0,4092.6,25885475,4501.8,3683.4,4440.0,3288.1,4040.1,25,3,4040.0,54,4,4039.7,43,2,4039.4,36,1,4039.3,74,4,4040.4,10,1,4041.0,28,3,4041.1,12,1,4041.3,18,2,4041.4,39,2
11483,2026-07-02 14:46:13+05:30,4040.4,5,4034.67,1932241,177078.0,182205.0,4100.0,4110.0,4012.0,4092.6,25885475,4501.8,3683.4,4440.0,3288.1,4040.1,25,4,4040.0,53,3,4039.8,24,1,4039.7,43,2,4039.5,24,1,4040.4,5,1,4041.0,27,2,4041.1,42,2,4041.3,18,2,4041.4,41,2
11483,2026-07-02 14:46:13+05:30,4041.0,6,4034.67,1932241,177078.0,182205.0,4100.0,4110.0,4012.0,4092.6,25885475,4501.8,3683.4,4440.0,3288.1,4040.1,25,4,4040.0,53,3,4039.8,24,1,4039.7,43,2,4039.5,24,1,4040.4,5,1,4041.0,27,2,4041.1,42,2,4041.3,18,2,4041.4,41,2
11483,2026-07-02 14:46:14+05:30,4040.1,4,4034.67,1932292,177111.0,182374.0,4100.0,4110.0,4012.0,4092.6,25885475,4501.8,3683.4,4440.0,3288.1,4040.1,4,3,4040.0,53,3,4039.8,24,1,4039.7,1,1,4039.5,24,1,4040.9,17,1,4041.0,17,1,4041.1,26,3,4041.3,6,1,4041.4,15,1
11483,2026-07-02 14:46:14+05:30,4040.1,2,4034.67,1932292,177111.0,182374.0,4100.0,4110.0,4012.0,4092.6,25885475,4501.8,3683.4,4440.0,3288.1,4040.1,4,3,4040.0,53,3,4039.8,24,1,4039.7,1,1,4039.5,24,1,4040.9,17,1,4041.0,17,1,4041.1,26,3,4041.3,6,1,4041.4,15,1
11483,2026-07-02 14:46:14+05:30,4040.1,1,4034.67,1932349,176973.0,182500.0,4100.0,4110.0,4012.0,4092.6,25885475,4501.8,3683.4,4440.0,3288.1,4040.1,62,3,4040.0,53,3,4039.7,43,2,4039.4,36,1,4039.3,76,4,4040.8,13,1,4040.9,17,1,4041.0,17,1,4041.1,16,3,4041.3,6,1
11483,2026-07-02 14:46:15+05:30,4040.8,5,4034.67,1932349,176973.0,182500.0,4100.0,4110.0,4012.0,4092.6,25885475,4501.8,3683.4,4440.0,3288.1,4040.1,62,3,4040.0,53,3,4039.7,43,2,4039.4,36,1,4039.3,76,4,4040.8,13,1,4040.9,17,1,4041.0,17,1,4041.1,16,3,4041.3,6,1
11483,2026-07-02 14:46:15+05:30,4040.8,3,4034.67,1932370,177039.0,181920.0,4100.0,4110.0,4012.0,4092.6,25885475,4501.8,3683.4,4440.0,3288.1,4040.3,10,1,4040.2,69,5,4040.1,75,4,4040.0,123,6,4039.9,19,1,4040.8,15,2,4040.9,17,1,4041.0,17,1,4041.1,16,3,4041.4,15,1
11483,2026-07-02 14:46:16+05:30,4041.2,1,4034.67,1932370,177039.0,181920.0,4100.0,4110.0,4012.0,4092.6,25885475,4501.8,3683.4,4440.0,3288.1,4040.3,10,1,4040.2,69,5,4040.1,75,4,4040.0,123,6,4039.9,19,1,4040.8,15,2,4040.9,17,1,4041.0,17,1,4041.1,16,3,4041.4,15,1
11483,2026-07-02 14:46:16+05:30,4041.2,1,4034.67,1932697,177974.0,180145.0,4100.0,4110.0,4012.0,4092.6,25885475,4501.8,3683.4,4440.0,3288.1,4041.1,53,3,4041.0,12,2,4040.9,11,2,4040.8,4,1,4040.7,43,4,4041.4,3,1,4041.5,22,1,4041.6,1,1,4041.7,1,1,4041.9,6,3
11483,2026-07-02 14:46:17+05:30,4041.2,1,4034.67,1932697,177974.0,180145.0,4100.0,4110.0,4012.0,4092.6,25885475,4501.8,3683.4,4440.0,3288.1,4041.1,53,3,4041.0,12,2,4040.9,11,2,4040.8,4,1,4040.7,43,4,4041.4,3,1,4041.5,22,1,4041.6,1,1,4041.7,1,1,4041.9,6,3
11483,2026-07-02 14:46:17+05:30,4041.2,2,4034.67,1932766,178360.0,180044.0,4100.0,4110.0,4012.0,4092.6,25885475,4501.8,3683.4,4440.0,3288.1,4041.2,6,1,4041.1,53,3,4041.0,2,1,4040.9,10,1,4040.8,4,1,4041.7,1,1,4041.9,6,3,4042.0,4383,19,4042.2,15,2,4042.3,5,2
11483,2026-07-02 14:46:18+05:30,4045.3,6,4034.67,1932766,178360.0,180044.0,4100.0,4110.0,4012.0,4092.6,25885475,4501.8,3683.4,4440.0,3288.1,4041.2,6,1,4041.1,53,3,4041.0,2,1,4040.9,10,1,4040.8,4,1,4041.7,1,1,4041.9,6,3,4042.0,4383,19,4042.2,15,2,4042.3,5,2
11483,2026-07-02 14:46:18+05:30,4045.0,12,4034.72,1942166,174432.0,164470.0,4100.0,4110.0,4012.0,4092.6,25885475,4501.8,3683.4,4440.0,3288.1,4045.0,54,4,4044.8,4,1,4044.6,49,4,4044.5,3,1,4044.4,50,3,4045.7,27,1,4045.8,70,2,4045.9,413,5,4046.0,1577,17,4046.1,213,3
11483,2026-07-02 14:46:19+05:30,4044.6,17,4034.72,1942166,174432.0,164470.0,4100.0,4110.0,4012.0,4092.6,25885475,4501.8,3683.4,4440.0,3288.1,4045.0,54,4,4044.8,4,1,4044.6,49,4,4044.5,3,1,4044.4,50,3,4045.7,27,1,4045.8,70,2,4045.9,413,5,4046.0,1577,17,4046.1,213,3
11483,2026-07-02 14:46:19+05:30,4045.0,1,4034.72,1943474,173857.0,165685.0,4100.0,4110.0,4012.0,4092.6,25885475,4501.8,3683.4,4440.0,3288.1,4044.7,51,2,4044.6,74,4,4044.5,37,2,4044.4,13,1,4044.3,66,3,4045.7,12,1,4045.8,82,3,4045.9,273,4,4046.0,1577,17,4046.1,213,3
11483,2026-07-02 14:46:20+05:30,4045.8,22,4034.72,1943474,173857.0,165685.0,4100.0,4110.0,4012.0,4092.6,25885475,4501.8,3683.4,4440.0,3288.1,4044.7,51,2,4044.6,74,4,4044.5,37,2,4044.4,13,1,4044.3,66,3,4045.7,12,1,4045.8,82,3,4045.9,273,4,4046.0,1577,17,4046.1,213,3
11483,2026-07-02 14:46:21+05:30,4044.7,1,4034.72,1943669,174011.0,165957.0,4100.0,4110.0,4012.0,4092.6,25885475,4501.8,3683.4,4440.0,3288.1,4044.7,110,8,4044.6,25,2,4044.5,39,2,4044.4,13,1,4044.3,48,3,4045.8,48,2,4045.9,273,4,4046.0,1592,18,4046.1,201,2,4046.3,200,1
11483,2026-07-02 14:46:21+05:30,4044.8,1,4034.72,1943669,174011.0,165957.0,4100.0,4110.0,4012.0,4092.6,25885475,4501.8,3683.4,4440.0,3288.1,4044.7,110,8,4044.6,25,2,4044.5,39,2,4044.4,13,1,4044.3,48,3,4045.8,48,2,4045.9,273,4,4046.0,1592,18,4046.1,201,2,4046.3,200,1
11483,2026-07-02 14:46:22+05:30,4044.8,1,4034.72,1943695,174017.0,165973.0,4100.0,4110.0,4012.0,4092.6,25885475,4501.8,3683.4,4440.0,3288.1,4044.8,23,1,4044.7,91,7,4044.6,25,2,4044.5,39,2,4044.4,13,1,4045.8,48,2,4045.9,273,4,4046.0,1592,18,4046.1,201,2,4046.3,200,1
11483,2026-07-02 14:46:22+05:30,4046.0,16,4034.72,1943695,174017.0,165973.0,4100.0,4110.0,4012.0,4092.6,25885475,4501.8,3683.4,4440.0,3288.1,4044.8,23,1,4044.7,91,7,4044.6,25,2,4044.5,39,2,4044.4,13,1,4045.8,48,2,4045.9,273,4,4046.0,1592,18,4046.1,201,2,4046.3,200,1
11483,2026-07-02 14:46:23+05:30,4044.8,2,4034.73,1944217,174400.0,165443.0,4100.0,4110.0,4012.0,4092.6,25885475,4501.8,3683.4,4440.0,3288.1,4044.8,146,9,4044.6,65,4,4044.5,77,3,4044.4,13,1,4044.3,48,3,4046.0,1398,13,4046.1,201,2,4046.3,200,1,4046.4,12,1,4046.5,200,1
11483,2026-07-02 14:46:23+05:30,4044.8,25,4034.73,1944217,174400.0,165443.0,4100.0,4110.0,4012.0,4092.6,25885475,4501.8,3683.4,4440.0,3288.1,4044.8,146,9,4044.6,65,4,4044.5,77,3,4044.4,13,1,4044.3,48,3,4046.0,1398,13,4046.1,201,2,4046.3,200,1,4046.4,12,1,4046.5,200,1
11483,2026-07-02 14:46:24+05:30,4045.3,1,4034.73,1944385,174842.0,165632.0,4100.0,4110.0,4012.0,4092.6,25885475,4501.8,3683.4,4440.0,3288.1,4045.3,160,9,4045.0,5,1,4044.9,35,2,4044.8,68,2,4044.6,27,3,4046.0,1397,13,4046.1,201,2,4046.3,211,2,4046.4,12,1,4046.5,200,1
11483,2026-07-02 14:46:24+05:30,4045.3,20,4034.73,1944385,174842.0,165632.0,4100.0,4110.0,4012.0,4092.6,25885475,4501.8,3683.4,4440.0,3288.1,4045.3,160,9,4045.0,5,1,4044.9,35,2,4044.8,68,2,4044.6,27,3,4046.0,1397,13,4046.1,201,2,4046.3,211,2,4046.4,12,1,4046.5,200,1
11483,2026-07-02 14:46:25+05:30,4046.0,22,4034.73,1944437,174815.0,165699.0,4100.0,4110.0,4012.0,4092.6,25885475,4501.8,3683.4,4440.0,3288.1,4045.3,114,8,4045.0,5,1,4044.9,35,2,4044.8,68,2,4044.6,27,3,4046.0,1382,14,4046.1,201,2,4046.3,211,2,4046.4,12,1,4046.5,200,1
11483,2026-07-02 14:46:25+05:30,4046.0,100,4034.73,1944437,174815.0,165699.0,4100.0,4110.0,4012.0,4092.6,25885475,4501.8,3683.4,4440.0,3288.1,4045.3,114,8,4045.0,5,1,4044.9,35,2,4044.8,68,2,4044.6,27,3,4046.0,1382,14,4046.1,201,2,4046.3,211,2,4046.4,12,1,4046.5,200,1
11483,2026-07-02 14:46:26+05:30,4045.3,1,4034.73,1944554,174771.0,165570.0,4100.0,4110.0,4012.0,4092.6,25885475,4501.8,3683.4,4440.0,3288.1,4045.3,66,7,4044.6,26,2,4044.5,72,2,4044.4,35,1,4044.3,40,2,4046.0,1283,15,4046.1,201,2,4046.3,211,2,4046.4,12,1,4046.5,200,1
11483,2026-07-02 14:46:26+05:30,4046.0,7,4034.73,1944554,174771.0,165570.0,4100.0,4110.0,4012.0,4092.6,25885475,4501.8,3683.4,4440.0,3288.1,4045.3,66,7,4044.6,26,2,4044.5,72,2,4044.4,35,1,4044.3,40,2,4046.0,1283,15,4046.1,201,2,4046.3,211,2,4046.4,12,1,4046.5,200,1
11483,2026-07-02 14:46:27+05:30,4045.3,16,4034.73,1944706,174787.0,165871.0,4100.0,4110.0,4012.0,4092.6,25885475,4501.8,3683.4,4440.0,3288.1,4045.3,86,5,4044.6,44,2,4044.5,38,1,4044.4,35,1,4044.3,40,2,4046.0,1276,15,4046.1,201,2,4046.3,211,2,4046.4,12,1,4046.5,200,1
11483,2026-07-02 14:46:27+05:30,4045.3,1,4034.73,1944706,174787.0,165871.0,4100.0,4110.0,4012.0,4092.6,25885475,4501.8,3683.4,4440.0,3288.1,4045.3,86,5,4044.6,44,2,4044.5,38,1,4044.4,35,1,4044.3,40,2,4046.0,1276,15,4046.1,201,2,4046.3,211,2,4046.4,12,1,4046.5,200,1
11483,2026-07-02 14:46:28+05:30,4045.3,1,4034.73,1944727,174803.0,166041.0,4100.0,4110.0,4012.0,4092.6,25885475,4501.8,3683.4,4440.0,3288.1,4045.3,65,5,4044.6,44,2,4044.5,38,1,4044.4,35,1,4044.3,40,2,4046.0,1276,15,4046.1,201,2,4046.3,211,2,4046.4,12,1,4046.5,252,2
11483,2026-07-02 14:46:28+05:30,4045.3,3,4034.73,1944727,174803.0,166041.0,4100.0,4110.0,4012.0,4092.6,25885475,4501.8,3683.4,4440.0,3288.1,4045.3,65,5,4044.6,44,2,4044.5,38,1,4044.4,35,1,4044.3,40,2,4046.0,1276,15,4046.1,201,2,4046.3,211,2,4046.4,12,1,4046.5,252,2
11483,2026-07-02 14:46:29+05:30,4045.3,1,4034.73,1944754,174844.0,165725.0,4100.0,4110.0,4012.0,4092.6,25885475,4501.8,3683.4,4440.0,3288.1,4045.3,100,5,4044.8,26,1,4044.6,68,3,4044.5,71,2,4044.4,36,2,4046.0,1254,15,4046.1,201,2,4046.3,211,2,4046.4,12,1,4046.5,200,1
11483,2026-07-02 14:46:29+05:30,4045.3,3,4034.73,1944754,174844.0,165725.0,4100.0,4110.0,4012.0,4092.6,25885475,4501.8,3683.4,4440.0,3288.1,4045.3,100,5,4044.8,26,1,4044.6,68,3,4044.5,71,2,4044.4,36,2,4046.0,1254,15,4046.1,201,2,4046.3,211,2,4046.4,12,1,4046.5,200,1
11483,2026-07-02 14:46:30+05:30,4046.0,22,4034.73,1944780,174841.0,166785.0,4100.0,4110.0,4012.0,4092.6,25885475,4501.8,3683.4,4440.0,3288.1,4045.3,96,5,4044.8,26,1,4044.6,68,3,4044.5,71,2,4044.4,1,1,4046.0,1289,17,4046.1,201,2,4046.3,211,2,4046.4,41,2,4046.5,200,1
11483,2026-07-02 14:46:30+05:30,4045.3,1,4034.73,1944780,174841.0,166785.0,4100.0,4110.0,4012.0,4092.6,25885475,4501.8,3683.4,4440.0,3288.1,4045.3,96,5,4044.8,26,1,4044.6,68,3,4044.5,71,2,4044.4,1,1,4046.0,1289,17,4046.1,201,2,4046.3,211,2,4046.4,41,2,4046.5,200,1
11483,2026-07-02 14:46:31+05:30,4046.0,4,4034.73,1944829,174562.0,166576.0,4100.0,4110.0,4012.0,4092.6,25885475,4501.8,3683.4,4440.0,3288.1,4045.9,1,1,4045.8,2,2,4045.3,91,5,4044.7,5,1,4044.6,44,2,4046.0,1285,17,4046.1,201,2,4046.3,211,2,4046.4,58,2,4046.5,216,2
11483,2026-07-02 14:46:31+05:30,4045.9,1,4034.73,1944829,174562.0,166576.0,4100.0,4110.0,4012.0,4092.6,25885475,4501.8,3683.4,4440.0,3288.1,4045.9,1,1,4045.8,2,2,4045.3,91,5,4044.7,5,1,4044.6,44,2,4046.0,1285,17,4046.1,201,2,4046.3,211,2,4046.4,58,2,4046.5,216,2
11483,2026-07-02 14:46:32+05:30,4045.3,15,4034.73,1944855,174630.0,167135.0,4100.0,4110.0,4012.0,4092.6,25885475,4501.8,3683.4,4440.0,3288.1,4045.3,73,5,4045.0,20,1,4044.7,31,2,4044.6,46,3,4044.4,1,1,4045.9,2,2,4046.0,1285,17,4046.1,201,2,4046.3,211,2,4046.4,58,2
11483,2026-07-02 14:46:32+05:30,4045.3,1,4034.73,1944855,174630.0,167135.0,4100.0,4110.0,4012.0,4092.6,25885475,4501.8,3683.4,4440.0,3288.1,4045.3,73,5,4045.0,20,1,4044.7,31,2,4044.6,46,3,4044.4,1,1,4045.9,2,2,4046.0,1285,17,4046.1,201,2,4046.3,211,2,4046.4,58,2
11483,2026-07-02 14:46:33+05:30,4045.3,1,4034.73,1944970,174887.0,166809.0,4100.0,4110.0,4012.0,4092.6,25885475,4501.8,3683.4,4440.0,3288.1,4045.3,58,5,4044.6,46,3,4044.4,6,2,4044.3,45,2,4044.2,100,3,4045.9,3,1,4046.0,1192,12,4046.1,225,3,4046.3,211,2,4046.4,58,2
11483,2026-07-02 14:46:33+05:30,4045.3,3,4034.73,1944970,174887.0,166809.0,4100.0,4110.0,4012.0,4092.6,25885475,4501.8,3683.4,4440.0,3288.1,4045.3,58,5,4044.6,46,3,4044.4,6,2,4044.3,45,2,4044.2,100,3,4045.9,3,1,4046.0,1192,12,4046.1,225,3,4046.3,211,2,4046.4,58,2
11483,2026-07-02 14:46:34+05:30,4045.8,1,4034.73,1945201,174893.0,167005.0,4100.0,4110.0,4012.0,4092.6,25885475,4501.8,3683.4,4440.0,3288.1,4045.8,43,1,4045.3,44,3,4044.6,46,3,4044.4,6,2,4044.3,67,3,4045.9,19,3,4046.0,1474,11,4046.1,225,3,4046.3,200,1,4046.4,72,3
11483,2026-07-02 14:46:34+05:30,4045.8,1,4034.73,1945201,174893.0,167005.0,4100.0,4110.0,4012.0,4092.6,25885475,4501.8,3683.4,4440.0,3288.1,4045.8,43,1,4045.3,44,3,4044.6,46,3,4044.4,6,2,4044.3,67,3,4045.9,19,3,4046.0,1474,11,4046.1,225,3,4046.3,200,1,4046.4,72,3
11483,2026-07-02 14:46:34+05:30,4045.9,98,4034.73,1945201,174893.0,167005.0,4100.0,4110.0,4012.0,4092.6,25885475,4501.8,3683.4,4440.0,3288.1,4045.8,43,1,4045.3,44,3,4044.6,46,3,4044.4,6,2,4044.3,67,3,4045.9,19,3,4046.0,1474,11,4046.1,225,3,4046.3,200,1,4046.4,72,3
11483,2026-07-02 14:46:34+05:30,4045.9,98,4034.73,1945201,174893.0,167005.0,4100.0,4110.0,4012.0,4092.6,25885475,4501.8,3683.4,4440.0,3288.1,4045.8,43,1,4045.3,44,3,4044.6,46,3,4044.4,6,2,4044.3,67,3,4045.9,19,3,4046.0,1474,11,4046.1,225,3,4046.3,200,1,4046.4,72,3
11483,2026-07-02 14:46:35+05:30,4045.9,15,4034.73,1945418,174844.0,167318.0,4100.0,4110.0,4012.0,4092.6,25885475,4501.8,3683.4,4440.0,3288.1,4045.8,49,5,4044.6,4,2,4044.4,7,3,4044.3,34,2,4044.2,122,4,4045.9,14,3,4046.0,1899,12,4046.1,268,5,4046.3,211,2,4046.4,78,4
11483,2026-07-02 14:46:35+05:30,4045.9,15,4034.73,1945418,174844.0,167318.0,4100.0,4110.0,4012.0,4092.6,25885475,4501.8,3683.4,4440.0,3288.1,4045.8,49,5,4044.6,4,2,4044.4,7,3,4044.3,34,2,4044.2,122,4,4045.9,14,3,4046.0,1899,12,4046.1,268,5,4046.3,211,2,4046.4,78,4
11483,2026-07-02 14:46:35+05:30,4045.8,11,4034.73,1945418,174844.0,167318.0,4100.0,4110.0,4012.0,4092.6,25885475,4501.8,3683.4,4440.0,3288.1,4045.8,49,5,4044.6,4,2,4044.4,7,3,4044.3,34,2,4044.2,122,4,4045.9,14,3,4046.0,1899,12,4046.1,268,5,4046.3,211,2,4046.4,78,4
11483,2026-07-02 14:46:35+05:30,4045.8,11,4034.73,1945418,174844.0,167318.0,4100.0,4110.0,4012.0,4092.6,25885475,4501.8,3683.4,4440.0,3288.1,4045.8,49,5,4044.6,4,2,4044.4,7,3,4044.3,34,2,4044.2,122,4,4045.9,14,3,4046.0,1899,12,4046.1,268,5,4046.3,211,2,4046.4,78,4
11483,2026-07-02 14:46:36+05:30,4045.8,11,4034.73,1945444,174879.0,167559.0,4100.0,4110.0,4012.0,4092.6,25885475,4501.8,3683.4,4440.0,3288.1,4045.8,52,1,4045.7,32,4,4044.6,46,3,4044.4,7,3,4044.3,34,2,4045.9,12,2,4046.0,1899,12,4046.1,261,4,4046.3,211,2,4046.4,72,3
11483,2026-07-02 14:46:36+05:30,4045.8,11,4034.73,1945444,174879.0,167559.0,4100.0,4110.0,4012.0,4092.6,25885475,4501.8,3683.4,4440.0,3288.1,4045.8,52,1,4045.7,32,4,4044.6,46,3,4044.4,7,3,4044.3,34,2,4045.9,12,2,4046.0,1899,12,4046.1,261,4,4046.3,211,2,4046.4,72,3
11483,2026-07-02 14:46:36+05:30,4045.9,1,4034.73,1945444,174879.0,167559.0,4100.0,4110.0,4012.0,4092.6,25885475,4501.8,3683.4,4440.0,3288.1,4045.8,52,1,4045.7,32,4,4044.6,46,3,4044.4,7,3,4044.3,34,2,4045.9,12,2,4046.0,1899,12,4046.1,261,4,4046.3,211,2,4046.4,72,3
11483,2026-07-02 14:46:37+05:30,4045.8,15,4034.73,1945464,174869.0,167797.0,4100.0,4110.0,4012.0,4092.6,25885475,4501.8,3683.4,4440.0,3288.1,4045.8,72,6,4044.6,46,3,4044.4,7,3,4044.3,34,2,4044.2,122,4,4045.9,81,3,4046.0,1899,12,4046.1,237,3,4046.3,211,2,4046.4,64,3
11483,2026-07-02 14:46:37+05:30,4045.8,15,4034.73,1945464,174869.0,167797.0,4100.0,4110.0,4012.0,4092.6,25885475,4501.8,3683.4,4440.0,3288.1,4045.8,72,6,4044.6,46,3,4044.4,7,3,4044.3,34,2,4044.2,122,4,4045.9,81,3,4046.0,1899,12,4046.1,237,3,4046.3,211,2,4046.4,64,3
11483,2026-07-02 14:46:37+05:30,4045.8,2,4034.73,1945464,174869.0,167797.0,4100.0,4110.0,4012.0,4092.6,25885475,4501.8,3683.4,4440.0,3288.1,4045.8,72,6,4044.6,46,3,4044.4,7,3,4044.3,34,2,4044.2,122,4,4045.9,81,3,4046.0,1899,12,4046.1,237,3,4046.3,211,2,4046.4,64,3
11483,2026-07-02 14:46:37+05:30,4045.8,2,4034.73,1945464,174869.0,167797.0,4100.0,4110.0,4012.0,4092.6,25885475,4501.8,3683.4,4440.0,3288.1,4045.8,72,6,4044.6,46,3,4044.4,7,3,4044.3,34,2,4044.2,122,4,4045.9,81,3,4046.0,1899,12,4046.1,237,3,4046.3,211,2,4046.4,64,3
11483,2026-07-02 14:46:38+05:30,4045.8,2,4034.73,1945464,174869.0,167797.0,4100.0,4110.0,4012.0,4092.6,25885475,4501.8,3683.4,4440.0,3288.1,4045.8,72,6,4044.6,46,3,4044.4,7,3,4044.3,34,2,4044.2,122,4,4045.9,81,3,4046.0,1899,12,4046.1,237,3,4046.3,211,2,4046.4,64,3
11483,2026-07-02 14:46:38+05:30,4045.8,10,4034.74,1945542,174876.0,167755.0,4100.0,4110.0,4012.0,4092.6,25885475,4501.8,3683.4,4440.0,3288.1,4045.8,62,7,4044.6,46,3,4044.4,6,2,4044.3,58,3,4044.2,122,4,4045.9,15,1,4046.0,1899,12,4046.1,201,2,4046.3,200,1,4046.4,64,3
11483,2026-07-02 14:46:38+05:30,4045.8,10,4034.74,1945542,174876.0,167755.0,4100.0,4110.0,4012.0,4092.6,25885475,4501.8,3683.4,4440.0,3288.1,4045.8,62,7,4044.6,46,3,4044.4,6,2,4044.3,58,3,4044.2,122,4,4045.9,15,1,4046.0,1899,12,4046.1,201,2,4046.3,200,1,4046.4,64,3
11483,2026-07-02 14:46:38+05:30,4045.8,9,4034.74,1945542,174876.0,167755.0,4100.0,4110.0,4012.0,4092.6,25885475,4501.8,3683.4,4440.0,3288.1,4045.8,62,7,4044.6,46,3,4044.4,6,2,4044.3,58,3,4044.2,122,4,4045.9,15,1,4046.0,1899,12,4046.1,201,2,4046.3,200,1,4046.4,64,3
11483,2026-07-02 14:46:38+05:30,4045.8,9,4034.74,1945542,174876.0,167755.0,4100.0,4110.0,4012.0,4092.6,25885475,4501.8,3683.4,4440.0,3288.1,4045.8,62,7,4044.6,46,3,4044.4,6,2,4044.3,58,3,4044.2,122,4,4045.9,15,1,4046.0,1899,12,4046.1,201,2,4046.3,200,1,4046.4,64,3
11483,2026-07-02 14:46:38+05:30,4045.8,9,4034.74,1945542,174876.0,167755.0,4100.0,4110.0,4012.0,4092.6,25872700,4501.8,3683.4,4440.0,3288.1,4045.8,62,7,4044.6,46,3,4044.4,6,2,4044.3,58,3,4044.2,122,4,4045.9,15,1,4046.0,1899,12,4046.1,201,2,4046.3,200,1,4046.4,64,3
11483,2026-07-02 14:46:39+05:30,4045.9,2,4034.74,1945555,174703.0,167747.0,4100.0,4110.0,4012.0,4092.6,25872700,4501.8,3683.4,4440.0,3288.1,4045.8,69,9,4044.6,46,3,4044.4,6,2,4044.3,58,3,4044.2,122,4,4045.9,13,1,4046.0,1899,12,4046.1,201,2,4046.3,200,1,4046.4,6,1
11483,2026-07-02 14:46:39+05:30,4045.9,2,4034.74,1945555,174703.0,167747.0,4100.0,4110.0,4012.0,4092.6,25872700,4501.8,3683.4,4440.0,3288.1,4045.8,69,9,4044.6,46,3,4044.4,6,2,4044.3,58,3,4044.2,122,4,4045.9,13,1,4046.0,1899,12,4046.1,201,2,4046.3,200,1,4046.4,6,1
11483,2026-07-02 14:46:39+05:30,4045.8,2,4034.74,1945555,174703.0,167747.0,4100.0,4110.0,4012.0,4092.6,25872700,4501.8,3683.4,4440.0,3288.1,4045.8,69,9,4044.6,46,3,4044.4,6,2,4044.3,58,3,4044.2,122,4,4045.9,13,1,4046.0,1899,12,4046.1,201,2,4046.3,200,1,4046.4,6,1
11483,2026-07-02 14:46:39+05:30,4045.8,2,4034.74,1945555,174703.0,167747.0,4100.0,4110.0,4012.0,4092.6,25872700,4501.8,3683.4,4440.0,3288.1,4045.8,69,9,4044.6,46,3,4044.4,6,2,4044.3,58,3,4044.2,122,4,4045.9,13,1,4046.0,1899,12,4046.1,201,2,4046.3,200,1,4046.4,6,1
11483,2026-07-02 14:46:40+05:30,4045.8,2,4034.74,1945555,174703.0,167747.0,4100.0,4110.0,4012.0,4092.6,25872700,4501.8,3683.4,4440.0,3288.1,4045.8,69,9,4044.6,46,3,4044.4,6,2,4044.3,58,3,4044.2,122,4,4045.9,13,1,4046.0,1899,12,4046.1,201,2,4046.3,200,1,4046.4,6,1
11483,2026-07-02 14:46:40+05:30,4045.8,1,4034.74,1945584,174638.0,167846.0,4100.0,4110.0,4012.0,4092.6,25872700,4501.8,3683.4,4440.0,3288.1,4045.8,67,10,4044.6,46,3,4044.4,6,2,4044.3,58,3,4044.2,122,4,4045.9,2,1,4046.0,1886,12,4046.1,201,2,4046.3,200,1,4046.4,6,1
11483,2026-07-02 14:46:40+05:30,4045.8,1,4034.74,1945584,174638.0,167846.0,4100.0,4110.0,4012.0,4092.6,25872700,4501.8,3683.4,4440.0,3288.1,4045.8,67,10,4044.6,46,3,4044.4,6,2,4044.3,58,3,4044.2,122,4,4045.9,2,1,4046.0,1886,12,4046.1,201,2,4046.3,200,1,4046.4,6,1
11483,2026-07-02 14:46:40+05:30,4045.8,3,4034.74,1945584,174638.0,167846.0,4100.0,4110.0,4012.0,4092.6,25872700,4501.8,3683.4,4440.0,3288.1,4045.8,67,10,4044.6,46,3,4044.4,6,2,4044.3,58,3,4044.2,122,4,4045.9,2,1,4046.0,1886,12,4046.1,201,2,4046.3,200,1,4046.4,6,1
11483,2026-07-02 14:46:40+05:30,4045.8,3,4034.74,1945584,174638.0,167846.0,4100.0,4110.0,4012.0,4092.6,25872700,4501.8,3683.4,4440.0,3288.1,4045.8,67,10,4044.6,46,3,4044.4,6,2,4044.3,58,3,4044.2,122,4,4045.9,2,1,4046.0,1886,12,4046.1,201,2,4046.3,200,1,4046.4,6,1
11483,2026-07-02 14:46:41+05:30,4045.9,11,4034.74,1945618,174719.0,167896.0,4100.0,4110.0,4012.0,4092.6,25872700,4501.8,3683.4,4440.0,3288.1,4045.8,65,11,4044.6,46,3,4044.4,1,1,4044.3,54,3,4044.2,122,4,4045.9,3,1,4046.0,1886,12,4046.1,201,2,4046.3,200,1,4046.4,6,1
11483,2026-07-02 14:46:41+05:30,4045.8,4,4034.74,1945618,174719.0,167896.0,4100.0,4110.0,4012.0,4092.6,25872700,4501.8,3683.4,4440.0,3288.1,4045.8,65,11,4044.6,46,3,4044.4,1,1,4044.3,54,3,4044.2,122,4,4045.9,3,1,4046.0,1886,12,4046.1,201,2,4046.3,200,1,4046.4,6,1
11483,2026-07-02 14:46:42+05:30,4045.9,15,4034.74,1945639,174764.0,167824.0,4100.0,4110.0,4012.0,4092.6,25872700,4501.8,3683.4,4440.0,3288.1,4045.8,110,10,4044.6,46,3,4044.4,1,1,4044.3,54,3,4044.2,122,4,4045.9,14,1,4046.0,1941,13,4046.1,201,2,4046.3,224,2,4046.4,6,1
11483,2026-07-02 14:46:42+05:30,4045.8,44,4034.74,1945639,174764.0,167824.0,4100.0,4110.0,4012.0,4092.6,25872700,4501.8,3683.4,4440.0,3288.1,4045.8,110,10,4044.6,46,3,4044.4,1,1,4044.3,54,3,4044.2,122,4,4045.9,14,1,4046.0,1941,13,4046.1,201,2,4046.3,224,2,4046.4,6,1
11483,2026-07-02 14:46:43+05:30,4045.9,1,4034.74,1945748,174689.0,167646.0,4100.0,4110.0,4012.0,4092.6,25872700,4501.8,3683.4,4440.0,3288.1,4045.8,42,7,4044.6,46,3,4044.5,10,1,4044.3,54,3,4044.2,100,3,4045.9,23,2,4046.0,1941,13,4046.1,201,2,4046.3,224,2,4046.4,6,1
11483,2026-07-02 14:46:43+05:30,4045.8,6,4034.74,1945748,174689.0,167646.0,4100.0,4110.0,4012.0,4092.6,25872700,4501.8,3683.4,4440.0,3288.1,4045.8,42,7,4044.6,46,3,4044.5,10,1,4044.3,54,3,4044.2,100,3,4045.9,23,2,4046.0,1941,13,4046.1,201,2,4046.3,224,2,4046.4,6,1
11483,2026-07-02 14:46:44+05:30,4046.0,3,4034.74,1945862,174691.0,167549.0,4100.0,4110.0,4012.0,4092.6,25872700,4501.8,3683.4,4440.0,3288.1,4045.8,39,5,4044.7,5,1,4044.6,4,2,4044.5,10,1,4044.3,54,3,4046.0,1962,14,4046.1,209,3,4046.3,218,3,4046.4,81,3,4046.5,284,5
11483,2026-07-02 14:46:44+05:30,4045.8,1,4034.74,1945862,174691.0,167549.0,4100.0,4110.0,4012.0,4092.6,25872700,4501.8,3683.4,4440.0,3288.1,4045.8,39,5,4044.7,5,1,4044.6,4,2,4044.5,10,1,4044.3,54,3,4046.0,1962,14,4046.1,209,3,4046.3,218,3,4046.4,81,3,4046.5,284,5
11483,2026-07-02 14:46:45+05:30,4045.9,1,4034.74,1945904,174792.0,167610.0,4100.0,4110.0,4012.0,4092.6,25872700,4501.8,3683.4,4440.0,3288.1,4045.8,36,5,4044.6,4,2,4044.4,49,1,4044.3,78,2,4044.2,100,3,4046.0,1964,15,4046.1,216,4,4046.2,58,2,4046.3,265,4,4046.4,81,3
11483,2026-07-02 14:46:45+05:30,4045.8,4,4034.74,1945904,174792.0,167610.0,4100.0,4110.0,4012.0,4092.6,25872700,4501.8,3683.4,4440.0,3288.1,4045.8,36,5,4044.6,4,2,4044.4,49,1,4044.3,78,2,4044.2,100,3,4046.0,1964,15,4046.1,216,4,4046.2,58,2,4046.3,265,4,4046.4,81,3
11483,2026-07-02 14:46:46+05:30,4045.9,3,4034.74,1945924,174802.0,167970.0,4100.0,4110.0,4012.0,4092.6,25872700,4501.8,3683.4,4440.0,3288.1,4045.8,2,1,4045.7,29,5,4044.7,1,1,4044.6,4,2,4044.5,21,1,4045.9,5,1,4046.0,1940,14,4046.1,208,3,4046.3,218,3,4046.4,39,2
11483,2026-07-02 14:46:46+05:30,4045.9,6,4034.74,1945924,174802.0,167970.0,4100.0,4110.0,4012.0,4092.6,25872700,4501.8,3683.4,4440.0,3288.1,4045.8,2,1,4045.7,29,5,4044.7,1,1,4044.6,4,2,4044.5,21,1,4045.9,5,1,4046.0,1940,14,4046.1,208,3,4046.3,218,3,4046.4,39,2
11483,2026-07-02 14:46:47+05:30,4045.9,1,4034.74,1945934,174824.0,168045.0,4100.0,4110.0,4012.0,4092.6,25872700,4501.8,3683.4,4440.0,3288.1,4045.7,29,5,4045.0,34,1,4044.7,1,1,4044.6,4,2,4044.5,63,2,4045.9,10,3,4046.0,1962,14,4046.1,201,2,4046.3,234,4,4046.4,39,2
11483,2026-07-02 14:46:47+05:30,4045.7,1,4034.74,1945934,174824.0,168045.0,4100.0,4110.0,4012.0,4092.6,25872700,4501.8,3683.4,4440.0,3288.1,4045.7,29,5,4045.0,34,1,4044.7,1,1,4044.6,4,2,4044.5,63,2,4045.9,10,3,4046.0,1962,14,4046.1,201,2,4046.3,234,4,4046.4,39,2
11483,2026-07-02 14:46:48+05:30,4045.7,1,4034.74,1945935,174823.0,168132.0,4100.0,4110.0,4012.0,4092.6,25872700,4501.8,3683.4,4440.0,3288.1,4045.7,28,5,4045.0,34,1,4044.7,1,1,4044.6,4,2,4044.5,63,2,4045.9,21,5,4046.0,1977,16,4046.1,211,3,4046.2,6,1,4046.3,228,3
11483,2026-07-02 14:46:49+05:30,4045.7,1,4034.74,1945935,174781.0,168809.0,4100.0,4110.0,4012.0,4092.6,25872700,4501.8,3683.4,4440.0,3288.1,4045.7,28,5,4045.0,34,1,4044.7,1,1,4044.6,4,2,4044.5,21,1,4045.9,44,7,4046.0,1958,16,4046.1,259,4,4046.2,6,1,4046.3,228,3
11483,2026-07-02 14:46:50+05:30,4045.7,1,4034.74,1945935,174822.0,169179.0,4100.0,4110.0,4012.0,4092.6,25872700,4501.8,3683.4,4440.0,3288.1,4045.7,28,5,4045.0,34,1,4044.7,1,1,4044.6,4,2,4044.4,71,2,4045.9,54,10,4046.0,1957,15,4046.1,259,4,4046.2,24,1,4046.3,228,3
11483,2026-07-02 14:46:50+05:30,4045.7,17,4034.74,1945935,174822.0,169179.0,4100.0,4110.0,4012.0,4092.6,25872700,4501.8,3683.4,4440.0,3288.1,4045.7,28,5,4045.0,34,1,4044.7,1,1,4044.6,4,2,4044.4,71,2,4045.9,54,10,4046.0,1957,15,4046.1,259,4,4046.2,24,1,4046.3,228,3
11483,2026-07-02 14:46:51+05:30,4045.0,25,4034.74,1946229,173964.0,169939.0,4100.0,4110.0,4012.0,4092.6,25872700,4501.8,3683.4,4440.0,3288.1,4045.0,8,1,4044.7,1,1,4044.6,2,1,4043.8,21,2,4043.6,2,1,4045.5,68,6,4045.6,44,3,4045.7,53,4,4045.8,100,5,4045.9,139,12
11483,2026-07-02 14:46:51+05:30,4045.0,15,4034.74,1946229,173964.0,169939.0,4100.0,4110.0,4012.0,4092.6,25872700,4501.8,3683.4,4440.0,3288.1,4045.0,8,1,4044.7,1,1,4044.6,2,1,4043.8,21,2,4043.6,2,1,4045.5,68,6,4045.6,44,3,4045.7,53,4,4045.8,100,5,4045.9,139,12
11483,2026-07-02 14:46:52+05:30,4045.0,11,4034.74,1946265,174268.0,169608.0,4100.0,4110.0,4012.0,4092.6,25872700,4501.8,3683.4,4440.0,3288.1,4045.0,2,1,4044.6,2,1,4044.3,49,1,4044.2,217,2,4043.9,9,1,4045.5,4,1,4045.6,42,3,4045.7,21,2,4045.8,48,4,4045.9,80,9
11483,2026-07-02 14:46:52+05:30,4045.8,10,4034.74,1946265,174268.0,169608.0,4100.0,4110.0,4012.0,4092.6,25872700,4501.8,3683.4,4440.0,3288.1,4045.0,2,1,4044.6,2,1,4044.3,49,1,4044.2,217,2,4043.9,9,1,4045.5,4,1,4045.6,42,3,4045.7,21,2,4045.8,48,4,4045.9,80,9
11483,2026-07-02 14:46:53+05:30,4045.0,2,4034.74,1946352,174359.0,169966.0,4100.0,4110.0,4012.0,4092.6,25872700,4501.8,3683.4,4440.0,3288.1,4044.6,2,1,4044.5,1,1,4044.2,217,2,4043.8,58,4,4043.5,55,4,4045.0,95,1,4045.3,15,1,4045.4,29,2,4045.5,46,2,4045.7,17,1
11483,2026-07-02 14:46:53+05:30,4044.6,9,4034.74,1946352,174359.0,169966.0,4100.0,4110.0,4012.0,4092.6,25872700,4501.8,3683.4,4440.0,3288.1,4044.6,2,1,4044.5,1,1,4044.2,217,2,4043.8,58,4,4043.5,55,4,4045.0,95,1,4045.3,15,1,4045.4,29,2,4045.5,46,2,4045.7,17,1
11483,2026-07-02 14:46:54+05:30,4046.0,134,4034.74,1946724,174805.0,169156.0,4100.0,4110.0,4012.0,4092.6,25872700,4501.8,3683.4,4440.0,3288.1,4045.3,66,3,4045.2,1,1,4045.1,13,1,4044.9,41,2,4044.6,76,4,4046.0,1902,14,4046.1,201,2,4046.3,200,1,4046.5,262,4,4046.7,303,4
11483,2026-07-02 14:46:54+05:30,4045.3,8,4034.74,1946724,174805.0,169156.0,4100.0,4110.0,4012.0,4092.6,25872700,4501.8,3683.4,4440.0,3288.1,4045.3,66,3,4045.2,1,1,4045.1,13,1,4044.9,41,2,4044.6,76,4,4046.0,1902,14,4046.1,201,2,4046.3,200,1,4046.5,262,4,4046.7,303,4
11483,2026-07-02 14:46:55+05:30,4045.3,8,4034.74,1946769,175233.0,169883.0,4100.0,4110.0,4012.0,4092.6,25872700,4501.8,3683.4,4440.0,3288.1,4045.1,51,4,4044.8,23,1,4044.7,35,1,4044.6,76,4,4044.5,103,5,4045.9,1,1,4046.0,1904,15,4046.1,201,2,4046.2,9,1,4046.3,200,1
11483,2026-07-02 14:46:55+05:30,4045.1,4,4034.74,1946769,175233.0,169883.0,4100.0,4110.0,4012.0,4092.6,25872700,4501.8,3683.4,4440.0,3288.1,4045.1,51,4,4044.8,23,1,4044.7,35,1,4044.6,76,4,4044.5,103,5,4045.9,1,1,4046.0,1904,15,4046.1,201,2,4046.2,9,1,4046.3,200,1
11483,2026-07-02 14:46:56+05:30,4045.1,5,4034.74,1946786,175197.0,169866.0,4100.0,4110.0,4012.0,4092.6,25872700,4501.8,3683.4,4440.0,3288.1,4045.1,26,3,4044.8,23,1,4044.6,49,2,4044.5,103,5,4044.4,28,3,4045.9,1,1,4046.0,1948,17,4046.1,201,2,4046.2,6,1,4046.3,200,1
11483,2026-07-02 14:46:56+05:30,4045.1,2,4034.74,1946786,175197.0,169866.0,4100.0,4110.0,4012.0,4092.6,25872700,4501.8,3683.4,4440.0,3288.1,4045.1,26,3,4044.8,23,1,4044.6,49,2,4044.5,103,5,4044.4,28,3,4045.9,1,1,4046.0,1948,17,4046.1,201,2,4046.2,6,1,4046.3,200,1
11483,2026-07-02 14:46:57+05:30,4045.1,5,4034.74,1946815,174981.0,170185.0,4100.0,4110.0,4012.0,4092.6,25872700,4501.8,3683.4,4440.0,3288.1,4045.1,8,1,4044.4,16,2,4044.3,175,2,4044.2,17,1,4044.1,10,2,4045.7,2,1,4045.9,1,1,4046.0,1976,19,4046.1,226,3,4046.3,242,2
11483,2026-07-02 14:46:57+05:30,4046.0,3,4034.74,1946815,174981.0,170185.0,4100.0,4110.0,4012.0,4092.6,25872700,4501.8,3683.4,4440.0,3288.1,4045.1,8,1,4044.4,16,2,4044.3,175,2,4044.2,17,1,4044.1,10,2,4045.7,2,1,4045.9,1,1,4046.0,1976,19,4046.1,226,3,4046.3,242,2
11483,2026-07-02 14:46:58+05:30,4045.1,1,4034.74,1946836,175077.0,170200.0,4100.0,4110.0,4012.0,4092.6,25872700,4501.8,3683.4,4440.0,3288.1,4045.1,7,1,4044.4,79,3,4044.3,175,2,4044.2,33,2,4044.1,66,2,4045.7,1,1,4045.9,56,1,4046.0,1916,17,4046.1,201,2,4046.2,9,1
11483,2026-07-02 14:46:58+05:30,4045.1,1,4034.74,1946836,175077.0,170200.0,4100.0,4110.0,4012.0,4092.6,25872700,4501.8,3683.4,4440.0,3288.1,4045.1,7,1,4044.4,79,3,4044.3,175,2,4044.2,33,2,4044.1,66,2,4045.7,1,1,4045.9,56,1,4046.0,1916,17,4046.1,201,2,4046.2,9,1
11483,2026-07-02 14:46:59+05:30,4045.5,1,4034.74,1946854,175236.0,169901.0,4100.0,4110.0,4012.0,4092.6,25872700,4501.8,3683.4,4440.0,3288.1,4045.5,80,1,4045.4,48,2,4045.3,42,1,4045.2,42,1,4045.1,48,3,4045.7,1,1,4046.0,1903,15,4046.1,201,2,4046.3,212,2,4046.5,260,5
11483,2026-07-02 14:46:59+05:30,4045.5,2,4034.74,1946854,175236.0,169901.0,4100.0,4110.0,4012.0,4092.6,25872700,4501.8,3683.4,4440.0,3288.1,4045.5,80,1,4045.4,48,2,4045.3,42,1,4045.2,42,1,4045.1,48,3,4045.7,1,1,4046.0,1903,15,4046.1,201,2,4046.3,212,2,4046.5,260,5
11483,2026-07-02 14:47:00+05:30,4045.5,2,4034.74,1946858,175137.0,170180.0,4100.0,4110.0,4012.0,4092.6,25872700,4501.8,3683.4,4440.0,3288.1,4045.6,40,1,4045.5,42,1,4045.4,51,3,4045.2,66,2,4045.1,40,2,4045.7,1,1,4046.0,1903,15,4046.1,201,2,4046.3,212,2,4046.4,6,1
11483,2026-07-02 14:47:00+05:30,4045.5,2,4034.74,1946858,175137.0,170180.0,4100.0,4110.0,4012.0,4092.6,25872700,4501.8,3683.4,4440.0,3288.1,4045.6,40,1,4045.5,42,1,4045.4,51,3,4045.2,66,2,4045.1,40,2,4045.7,1,1,4046.0,1903,15,4046.1,201,2,4046.3,212,2,4046.4,6,1
11483,2026-07-02 14:47:01+05:30,4050.5,1,4034.74,1946858,175137.0,170180.0,4100.0,4110.0,4012.0,4092.6,25872700,4501.8,3683.4,4440.0,3288.1,4045.6,40,1,4045.5,42,1,4045.4,51,3,4045.2,66,2,4045.1,40,2,4045.7,1,1,4046.0,1903,15,4046.1,201,2,4046.3,212,2,4046.4,6,1
11483,2026-07-02 14:47:01+05:30,4050.5,1,4034.83,1959399,176643.0,153555.0,4100.0,4110.0,4012.0,4092.6,25872700,4501.8,3683.4,4440.0,3288.1,4050.6,173,1,4050.5,99,4,4050.4,13,1,4050.3,49,1,4050.2,64,2,4051.5,1,1,4051.9,2,2,4052.0,200,16,4052.3,2,1,4052.4,12,1
11483,2026-07-02 14:47:02+05:30,4050.6,12,4034.83,1959399,176643.0,153555.0,4100.0,4110.0,4012.0,4092.6,25872700,4501.8,3683.4,4440.0,3288.1,4050.6,173,1,4050.5,99,4,4050.4,13,1,4050.3,49,1,4050.2,64,2,4051.5,1,1,4051.9,2,2,4052.0,200,16,4052.3,2,1,4052.4,12,1
11483,2026-07-02 14:47:02+05:30,4050.6,12,4034.84,1961214,175705.0,156867.0,4100.0,4110.0,4012.0,4092.6,25872700,4501.8,3683.4,4440.0,3288.1,4050.0,237,1,4049.2,44,1,4049.1,9,1,4049.0,42,1,4048.9,42,1,4050.6,49,4,4050.7,32,2,4050.8,20,1,4050.9,33,5,4051.0,25,1
11483,2026-07-02 14:47:03+05:30,4050.0,12,4034.84,1961214,175705.0,156867.0,4100.0,4110.0,4012.0,4092.6,25872700,4501.8,3683.4,4440.0,3288.1,4050.0,237,1,4049.2,44,1,4049.1,9,1,4049.0,42,1,4048.9,42,1,4050.6,49,4,4050.7,32,2,4050.8,20,1,4050.9,33,5,4051.0,25,1
11483,2026-07-02 14:47:03+05:30,4050.0,12,4034.85,1961662,175723.0,156788.0,4100.0,4110.0,4012.0,4092.6,25872700,4501.8,3683.4,4440.0,3288.1,4050.6,76,5,4050.4,15,1,4050.2,19,1,4050.0,47,2,4049.9,264,4,4051.1,1,1,4051.5,4,2,4051.7,65,1,4051.8,44,1,4051.9,50,3
11483,2026-07-02 14:47:04+05:30,4050.4,6,4034.85,1961662,175723.0,156788.0,4100.0,4110.0,4012.0,4092.6,25872700,4501.8,3683.4,4440.0,3288.1,4050.6,76,5,4050.4,15,1,4050.2,19,1,4050.0,47,2,4049.9,264,4,4051.1,1,1,4051.5,4,2,4051.7,65,1,4051.8,44,1,4051.9,50,3
11483,2026-07-02 14:47:04+05:30,4050.3,6,4034.86,1963323,174230.0,158012.0,4100.0,4110.0,4012.0,4092.6,25872700,4501.8,3683.4,4440.0,3288.1,4049.5,42,1,4049.4,42,1,4049.2,42,1,4049.0,2,1,4048.8,49,1,4050.3,32,1,4050.4,34,1,4050.5,6,1,4050.6,114,5,4050.7,62,2
11483,2026-07-02 14:47:05+05:30,4049.2,1,4034.86,1963323,174230.0,158012.0,4100.0,4110.0,4012.0,4092.6,25872700,4501.8,3683.4,4440.0,3288.1,4049.5,42,1,4049.4,42,1,4049.2,42,1,4049.0,2,1,4048.8,49,1,4050.3,32,1,4050.4,34,1,4050.5,6,1,4050.6,114,5,4050.7,62,2
11483,2026-07-02 14:47:05+05:30,4049.2,9,4034.86,1963518,174041.0,157858.0,4100.0,4110.0,4012.0,4092.6,25872700,4501.8,3683.4,4440.0,3288.1,4049.2,4,1,4049.0,44,2,4048.7,243,3,4048.6,177,2,4048.5,27,1,4049.5,22,3,4050.3,6,2,4050.6,131,6,4050.7,68,3,4050.8,60,4
11483,2026-07-02 14:47:06+05:30,4049.2,1,4034.86,1963518,174041.0,157858.0,4100.0,4110.0,4012.0,4092.6,25872700,4501.8,3683.4,4440.0,3288.1,4049.2,4,1,4049.0,44,2,4048.7,243,3,4048.6,177,2,4048.5,27,1,4049.5,22,3,4050.3,6,2,4050.6,131,6,4050.7,68,3,4050.8,60,4
11483,2026-07-02 14:47:06+05:30,4049.2,1,4034.86,1963632,174198.0,158210.0,4100.0,4110.0,4012.0,4092.6,25872700,4501.8,3683.4,4440.0,3288.1,4049.2,61,4,4049.1,66,2,4048.9,42,1,4048.8,24,1,4048.7,219,2,4049.5,11,1,4050.0,20,1,4050.3,6,2,4050.4,9,1,4050.6,48,5
11483,2026-07-02 14:47:07+05:30,4049.2,1,4034.86,1963632,174198.0,158210.0,4100.0,4110.0,4012.0,4092.6,25872700,4501.8,3683.4,4440.0,3288.1,4049.2,61,4,4049.1,66,2,4048.9,42,1,4048.8,24,1,4048.7,219,2,4049.5,11,1,4050.0,20,1,4050.3,6,2,4050.4,9,1,4050.6,48,5
11483,2026-07-02 14:47:07+05:30,4049.5,25,4034.86,1963690,173811.0,158250.0,4100.0,4110.0,4012.0,4092.6,25872700,4501.8,3683.4,4440.0,3288.1,4049.5,7,1,4049.2,29,3,4048.8,73,2,4048.7,44,1,4048.6,45,3,4050.0,20,1,4050.3,4,1,4050.4,9,1,4050.6,86,6,4050.7,62,2
11483,2026-07-02 14:47:08+05:30,4048.4,14,4034.86,1963690,173811.0,158250.0,4100.0,4110.0,4012.0,4092.6,25872700,4501.8,3683.4,4440.0,3288.1,4049.5,7,1,4049.2,29,3,4048.8,73,2,4048.7,44,1,4048.6,45,3,4050.0,20,1,4050.3,4,1,4050.4,9,1,4050.6,86,6,4050.7,62,2
11483,2026-07-02 14:47:08+05:30,4048.4,14,4034.87,1964198,173814.0,158293.0,4100.0,4110.0,4012.0,4092.6,25872700,4501.8,3683.4,4440.0,3288.1,4048.7,175,1,4048.6,199,2,4048.4,205,2,4048.2,94,4,4048.0,93,2,4049.5,1,1,4050.0,25,2,4050.3,4,1,4050.4,9,1,4050.5,45,2
11483,2026-07-02 14:47:09+05:30,4048.7,1,4034.87,1964198,173814.0,158293.0,4100.0,4110.0,4012.0,4092.6,25872700,4501.8,3683.4,4440.0,3288.1,4048.7,175,1,4048.6,199,2,4048.4,205,2,4048.2,94,4,4048.0,93,2,4049.5,1,1,4050.0,25,2,4050.3,4,1,4050.4,9,1,4050.5,45,2
11483,2026-07-02 14:47:09+05:30,4048.7,1,4034.87,1964312,173599.0,158178.0,4100.0,4110.0,4012.0,4092.6,25872700,4501.8,3683.4,4440.0,3288.1,4048.7,123,2,4048.4,205,2,4048.2,29,1,4048.0,50,2,4047.9,28,2,4049.9,15,3,4050.0,37,3,4050.1,48,4,4050.2,37,4,4050.3,112,5
11483,2026-07-02 14:47:10+05:30,4048.7,1,4034.87,1964312,173599.0,158178.0,4100.0,4110.0,4012.0,4092.6,25872700,4501.8,3683.4,4440.0,3288.1,4048.7,123,2,4048.4,205,2,4048.2,29,1,4048.0,50,2,4047.9,28,2,4049.9,15,3,4050.0,37,3,4050.1,48,4,4050.2,37,4,4050.3,112,5
11483,2026-07-02 14:47:10+05:30,4048.7,1,4034.87,1964328,173573.0,158867.0,4100.0,4110.0,4012.0,4092.6,25872700,4501.8,3683.4,4440.0,3288.1,4048.7,138,3,4048.6,175,1,4048.4,205,2,4048.0,68,2,4047.8,9,2,4049.0,20,1,4049.9,2,1,4050.0,18,1,4050.1,48,4,4050.2,29,4
11483,2026-07-02 14:47:11+05:30,4049.0,1,4034.87,1964328,173573.0,158867.0,4100.0,4110.0,4012.0,4092.6,25872700,4501.8,3683.4,4440.0,3288.1,4048.7,138,3,4048.6,175,1,4048.4,205,2,4048.0,68,2,4047.8,9,2,4049.0,20,1,4049.9,2,1,4050.0,18,1,4050.1,48,4,4050.2,29,4
11483,2026-07-02 14:47:11+05:30,4048.7,1,4034.87,1964435,173109.0,159065.0,4100.0,4110.0,4012.0,4092.6,25872700,4501.8,3683.4,4440.0,3288.1,4048.7,6,1,4048.1,62,1,4048.0,44,1,4047.8,5,1,4047.7,42,2,4049.0,64,2,4049.2,5,1,4049.8,6,1,4049.9,32,2,4050.0,62,2
11483,2026-07-02 14:47:12+05:30,4048.7,11,4034.87,1964435,173109.0,159065.0,4100.0,4110.0,4012.0,4092.6,25872700,4501.8,3683.4,4440.0,3288.1,4048.7,6,1,4048.1,62,1,4048.0,44,1,4047.8,5,1,4047.7,42,2,4049.0,64,2,4049.2,5,1,4049.8,6,1,4049.9,32,2,4050.0,62,2
11483,2026-07-02 14:47:12+05:30,4048.7,11,4034.87,1964525,172124.0,159839.0,4100.0,4110.0,4012.0,4092.6,25872700,4501.8,3683.4,4440.0,3288.1,4048.7,8,1,4047.5,33,1,4047.4,12,1,4047.3,206,2,4047.1,14,2,4048.8,76,4,4048.9,76,5,4049.0,83,5,4049.1,16,2,4049.2,61,3
11483,2026-07-02 14:47:13+05:30,4048.7,8,4034.87,1964525,172124.0,159839.0,4100.0,4110.0,4012.0,4092.6,25872700,4501.8,3683.4,4440.0,3288.1,4048.7,8,1,4047.5,33,1,4047.4,12,1,4047.3,206,2,4047.1,14,2,4048.8,76,4,4048.9,76,5,4049.0,83,5,4049.1,16,2,4049.2,61,3
11483,2026-07-02 14:47:13+05:30,4048.7,8,4034.87,1964533,171830.0,160380.0,4100.0,4110.0,4012.0,4092.6,25872700,4501.8,3683.4,4440.0,3288.1,4047.4,29,2,4047.1,92,3,4047.0,44,1,4046.8,69,4,4046.7,77,4,4048.7,21,5,4048.8,12,1,4048.9,39,1,4049.0,66,3,4049.1,24,1
11483,2026-07-02 14:47:14+05:30,4048.9,3,4034.87,1964533,171830.0,160380.0,4100.0,4110.0,4012.0,4092.6,25872700,4501.8,3683.4,4440.0,3288.1,4047.4,29,2,4047.1,92,3,4047.0,44,1,4046.8,69,4,4046.7,77,4,4048.7,21,5,4048.8,12,1,4048.9,39,1,4049.0,66,3,4049.1,24,1
11483,2026-07-02 14:47:14+05:30,4047.6,34,4034.87,1964871,172061.0,160361.0,4100.0,4110.0,4012.0,4092.6,25872700,4501.8,3683.4,4440.0,3288.1,4047.7,41,1,4047.6,94,3,4047.5,22,1,4047.4,26,2,4047.3,68,2,4049.0,53,2,4049.2,9,2,4049.5,10,1,4049.6,6,1,4049.7,44,1
11483,2026-07-02 14:47:15+05:30,4049.7,87,4034.87,1964871,172061.0,160361.0,4100.0,4110.0,4012.0,4092.6,25872700,4501.8,3683.4,4440.0,3288.1,4047.7,41,1,4047.6,94,3,4047.5,22,1,4047.4,26,2,4047.3,68,2,4049.0,53,2,4049.2,9,2,4049.5,10,1,4049.6,6,1,4049.7,44,1
11483,2026-07-02 14:47:15+05:30,4049.7,87,4034.88,1965643,173196.0,157435.0,4100.0,4110.0,4012.0,4092.6,25872700,4501.8,3683.4,4440.0,3288.1,4049.7,88,1,4048.9,30,2,4048.8,10,1,4048.7,8,2,4048.6,2,1,4050.3,3,1,4050.4,3,1,4050.5,35,3,4050.6,43,5,4050.7,24,1
11483,2026-07-02 14:47:16+05:30,4048.9,1,4034.88,1965643,173196.0,157435.0,4100.0,4110.0,4012.0,4092.6,25872700,4501.8,3683.4,4440.0,3288.1,4049.7,88,1,4048.9,30,2,4048.8,10,1,4048.7,8,2,4048.6,2,1,4050.3,3,1,4050.4,3,1,4050.5,35,3,4050.6,43,5,4050.7,24,1
11483,2026-07-02 14:47:16+05:30,4048.9,1,4034.88,1965754,173187.0,158294.0,4100.0,4110.0,4012.0,4092.6,25872700,4501.8,3683.4,4440.0,3288.1,4048.9,1,1,4048.7,26,2,4048.5,56,1,4048.4,48,1,4048.3,29,1,4049.7,1,1,4050.0,160,2,4050.1,6,1,4050.2,16,1,4050.3,21,3
11483,2026-07-02 14:47:17+05:30,4048.9,2,4034.88,1965754,173187.0,158294.0,4100.0,4110.0,4012.0,4092.6,25872700,4501.8,3683.4,4440.0,3288.1,4048.9,1,1,4048.7,26,2,4048.5,56,1,4048.4,48,1,4048.3,29,1,4049.7,1,1,4050.0,160,2,4050.1,6,1,4050.2,16,1,4050.3,21,3
11483,2026-07-02 14:47:17+05:30,4048.9,2,4034.88,1965770,173424.0,158378.0,4100.0,4110.0,4012.0,4092.6,25872700,4501.8,3683.4,4440.0,3288.1,4048.9,4,1,4048.7,28,2,4048.6,24,1,4048.2,24,1,4047.9,26,2,4049.0,50,1,4049.7,1,1,4049.9,6,1,4050.0,161,3,4050.3,21,3
11483,2026-07-02 14:47:18+05:30,4048.9,2,4034.88,1965770,173424.0,158378.0,4100.0,4110.0,4012.0,4092.6,25872700,4501.8,3683.4,4440.0,3288.1,4048.9,4,1,4048.7,28,2,4048.6,24,1,4048.2,24,1,4047.9,26,2,4049.0,50,1,4049.7,1,1,4049.9,6,1,4050.0,161,3,4050.3,21,3
11483,2026-07-02 14:47:18+05:30,4048.9,2,4034.88,1965777,173222.0,159349.0,4100.0,4110.0,4012.0,4092.6,25872700,4501.8,3683.4,4440.0,3288.1,4048.9,4,1,4048.7,2,1,4047.9,2,1,4047.7,43,1,4047.6,85,2,4049.0,51,2,4049.2,50,1,4049.3,9,1,4049.6,30,2,4049.7,106,5
11483,2026-07-02 14:47:19+05:30,4048.9,2,4034.88,1965777,173222.0,159349.0,4100.0,4110.0,4012.0,4092.6,25872700,4501.8,3683.4,4440.0,3288.1,4048.9,4,1,4048.7,2,1,4047.9,2,1,4047.7,43,1,4047.6,85,2,4049.0,51,2,4049.2,50,1,4049.3,9,1,4049.6,30,2,4049.7,106,5
11483,2026-07-02 14:47:19+05:30,4048.7,2,4034.88,1965803,172044.0,160157.0,4100.0,4110.0,4012.0,4092.6,25872700,4501.8,3683.4,4440.0,3288.1,4047.4,2,1,4047.2,17,1,4047.1,245,4,4047.0,29,1,4046.8,190,3,4048.7,50,1,4048.8,20,2,4048.9,125,6,4049.0,111,6,4049.1,57,3
11483,2026-07-02 14:47:20+05:30,4047.4,1,4034.88,1965807,172198.0,159508.0,4100.0,4110.0,4012.0,4092.6,25872700,4501.8,3683.4,4440.0,3288.1,4047.4,1,1,4047.2,18,2,4047.1,245,4,4047.0,29,1,4046.8,217,4,4048.7,52,2,4048.8,55,3,4048.9,125,6,4049.0,90,4,4049.1,57,3
11483,2026-07-02 14:47:20+05:30,4047.4,1,4034.88,1965807,172198.0,159508.0,4100.0,4110.0,4012.0,4092.6,25872700,4501.8,3683.4,4440.0,3288.1,4047.4,1,1,4047.2,18,2,4047.1,245,4,4047.0,29,1,4046.8,217,4,4048.7,52,2,4048.8,55,3,4048.9,125,6,4049.0,90,4,4049.1,57,3
11483,2026-07-02 14:47:21+05:30,4048.7,4,4034.88,1965814,172232.0,159685.0,4100.0,4110.0,4012.0,4092.6,25872700,4501.8,3683.4,4440.0,3288.1,4047.4,1,1,4047.2,43,3,4047.1,245,4,4047.0,29,1,4046.8,217,4,4048.7,49,3,4048.8,20,2,4048.9,125,6,4049.0,130,5,4049.1,57,3
11483,2026-07-02 14:47:21+05:30,4047.4,1,4034.88,1965814,172232.0,159685.0,4100.0,4110.0,4012.0,4092.6,25872700,4501.8,3683.4,4440.0,3288.1,4047.4,1,1,4047.2,43,3,4047.1,245,4,4047.0,29,1,4046.8,217,4,4048.7,49,3,4048.8,20,2,4048.9,125,6,4049.0,130,5,4049.1,57,3
11483,2026-07-02 14:47:22+05:30,4047.4,1,4034.88,1965814,172232.0,159685.0,4100.0,4110.0,4012.0,4092.6,25872700,4501.8,3683.4,4440.0,3288.1,4047.4,1,1,4047.2,43,3,4047.1,245,4,4047.0,29,1,4046.8,217,4,4048.7,49,3,4048.8,20,2,4048.9,125,6,4049.0,130,5,4049.1,57,3
11483,2026-07-02 14:47:22+05:30,4047.4,1,4034.88,1965827,171859.0,159754.0,4100.0,4110.0,4012.0,4092.6,25872700,4501.8,3683.4,4440.0,3288.1,4047.2,17,2,4047.1,200,3,4046.9,8,1,4046.8,176,2,4046.7,77,4,4048.7,87,4,4048.8,17,1,4048.9,15,3,4049.0,86,4,4049.1,57,3
11483,2026-07-02 14:47:23+05:30,4047.5,1,4034.88,1965827,171859.0,159754.0,4100.0,4110.0,4012.0,4092.6,25872700,4501.8,3683.4,4440.0,3288.1,4047.2,17,2,4047.1,200,3,4046.9,8,1,4046.8,176,2,4046.7,77,4,4048.7,87,4,4048.8,17,1,4048.9,15,3,4049.0,86,4,4049.1,57,3
11483,2026-07-02 14:47:23+05:30,4047.5,1,4034.88,1965861,172063.0,159961.0,4100.0,4110.0,4012.0,4092.6,25872700,4501.8,3683.4,4440.0,3288.1,4047.5,9,1,4047.3,36,2,4047.2,34,4,4047.1,176,2,4047.0,25,2,4048.7,42,3,4048.9,2,2,4049.0,86,3,4049.1,44,2,4049.2,23,1
11483,2026-07-02 14:47:24+05:30,4048.0,290,4034.88,1965861,172063.0,159961.0,4100.0,4110.0,4012.0,4092.6,25872700,4501.8,3683.4,4440.0,3288.1,4047.5,9,1,4047.3,36,2,4047.2,34,4,4047.1,176,2,4047.0,25,2,4048.7,42,3,4048.9,2,2,4049.0,86,3,4049.1,44,2,4049.2,23,1
11483,2026-07-02 14:47:24+05:30,4048.0,1,4034.88,1966165,172119.0,160145.0,4100.0,4110.0,4012.0,4092.6,25872700,4501.8,3683.4,4440.0,3288.1,4048.0,51,1,4047.5,5,1,4047.3,12,1,4047.2,29,3,4047.1,3,2,4048.7,57,3,4048.8,40,3,4048.9,68,6,4049.0,109,4,4049.1,88,3
11483,2026-07-02 14:47:25+05:30,4048.0,2,4034.88,1966165,172119.0,160145.0,4100.0,4110.0,4012.0,4092.6,25872700,4501.8,3683.4,4440.0,3288.1,4048.0,51,1,4047.5,5,1,4047.3,12,1,4047.2,29,3,4047.1,3,2,4048.7,57,3,4048.8,40,3,4048.9,68,6,4049.0,109,4,4049.1,88,3
11483,2026-07-02 14:47:25+05:30,4048.0,5,4034.88,1966213,172077.0,160284.0,4100.0,4110.0,4012.0,4092.6,25872700,4501.8,3683.4,4440.0,3288.1,4048.0,9,2,4047.5,5,1,4047.3,12,1,4047.2,29,3,4047.1,3,2,4048.7,69,4,4048.8,46,4,4048.9,22,4,4049.0,97,3,4049.1,88,3
11483,2026-07-02 14:47:26+05:30,4048.4,7,4034.88,1966213,172077.0,160284.0,4100.0,4110.0,4012.0,4092.6,25872700,4501.8,3683.4,4440.0,3288.1,4048.0,9,2,4047.5,5,1,4047.3,12,1,4047.2,29,3,4047.1,3,2,4048.7,69,4,4048.8,46,4,4048.9,22,4,4049.0,97,3,4049.1,88,3
11483,2026-07-02 14:47:26+05:30,4048.4,7,4034.88,1966561,172378.0,160252.0,4100.0,4110.0,4012.0,4092.6,25872700,4501.8,3683.4,4440.0,3288.1,4048.0,27,3,4047.5,5,1,4047.2,29,3,4047.1,1,1,4046.9,95,3,4048.4,93,1,4048.9,7,2,4049.0,42,4,4049.1,66,4,4049.2,106,3
11483,2026-07-02 14:47:27+05:30,4048.0,2,4034.88,1966561,172378.0,160252.0,4100.0,4110.0,4012.0,4092.6,25872700,4501.8,3683.4,4440.0,3288.1,4048.0,27,3,4047.5,5,1,4047.2,29,3,4047.1,1,1,4046.9,95,3,4048.4,93,1,4048.9,7,2,4049.0,42,4,4049.1,66,4,4049.2,106,3
11483,2026-07-02 14:47:27+05:30,4048.0,2,4034.88,1966626,172344.0,160427.0,4100.0,4110.0,4012.0,4092.6,25872700,4501.8,3683.4,4440.0,3288.1,4048.0,23,4,4047.5,5,1,4047.2,29,3,4047.1,1,1,4046.9,69,2,4048.4,95,2,4048.9,22,3,4049.0,76,6,4049.1,66,4,4049.2,106,3
11483,2026-07-02 14:47:28+05:30,4048.0,1,4034.88,1966626,172344.0,160427.0,4100.0,4110.0,4012.0,4092.6,25872700,4501.8,3683.4,4440.0,3288.1,4048.0,23,4,4047.5,5,1,4047.2,29,3,4047.1,1,1,4046.9,69,2,4048.4,95,2,4048.9,22,3,4049.0,76,6,4049.1,66,4,4049.2,106,3
11483,2026-07-02 14:47:28+05:30,4048.4,7,4034.88,1966673,172382.0,160391.0,4100.0,4110.0,4012.0,4092.6,25872700,4501.8,3683.4,4440.0,3288.1,4048.0,44,4,4047.5,5,1,4047.2,29,3,4047.1,1,1,4046.9,71,2,4048.4,88,2,4048.9,15,1,4049.0,49,4,4049.1,60,3,4049.2,106,3
11483,2026-07-02 14:47:29+05:30,4048.4,10,4034.88,1966673,172382.0,160391.0,4100.0,4110.0,4012.0,4092.6,25872700,4501.8,3683.4,4440.0,3288.1,4048.0,44,4,4047.5,5,1,4047.2,29,3,4047.1,1,1,4046.9,71,2,4048.4,88,2,4048.9,15,1,4049.0,49,4,4049.1,60,3,4049.2,106,3
11483,2026-07-02 14:47:29+05:30,4048.0,1,4034.88,1966711,172397.0,160410.0,4100.0,4110.0,4012.0,4092.6,25872700,4501.8,3683.4,4440.0,3288.1,4048.0,16,4,4047.5,5,1,4047.2,29,3,4047.1,1,1,4046.9,71,2,4048.4,78,2,4048.9,15,1,4049.0,49,4,4049.1,66,4,4049.2,103,3
11483,2026-07-02 14:47:30+05:30,4048.0,1,4034.88,1966711,172397.0,160410.0,4100.0,4110.0,4012.0,4092.6,25872700,4501.8,3683.4,4440.0,3288.1,4048.0,16,4,4047.5,5,1,4047.2,29,3,4047.1,1,1,4046.9,71,2,4048.4,78,2,4048.9,15,1,4049.0,49,4,4049.1,66,4,4049.2,103,3
11483,2026-07-02 14:47:30+05:30,4048.4,38,4034.89,1966770,172536.0,160808.0,4100.0,4110.0,4012.0,4092.6,25872700,4501.8,3683.4,4440.0,3288.1,4048.0,10,4,4047.5,5,1,4047.2,29,3,4047.1,1,1,4046.9,33,1,4048.4,25,2,4048.6,24,1,4048.9,15,1,4049.0,49,4,4049.1,90,5
11483,2026-07-02 14:47:31+05:30,4048.4,3,4034.89,1966770,172536.0,160808.0,4100.0,4110.0,4012.0,4092.6,25872700,4501.8,3683.4,4440.0,3288.1,4048.0,10,4,4047.5,5,1,4047.2,29,3,4047.1,1,1,4046.9,33,1,4048.4,25,2,4048.6,24,1,4048.9,15,1,4049.0,49,4,4049.1,90,5
11483,2026-07-02 14:47:31+05:30,4046.9,5,4034.89,1967346,171620.0,160494.0,4100.0,4110.0,4012.0,4092.6,25872700,4501.8,3683.4,4440.0,3288.1,4047.0,19,1,4046.9,16,1,4046.8,9,1,4046.7,97,6,4046.6,190,3,4048.3,24,1,4048.4,17,2,4048.8,106,3,4048.9,64,2,4049.0,49,4
11483,2026-07-02 14:47:32+05:30,4047.0,1,4034.89,1967346,171620.0,160494.0,4100.0,4110.0,4012.0,4092.6,25872700,4501.8,3683.4,4440.0,3288.1,4047.0,19,1,4046.9,16,1,4046.8,9,1,4046.7,97,6,4046.6,190,3,4048.3,24,1,4048.4,17,2,4048.8,106,3,4048.9,64,2,4049.0,49,4
11483,2026-07-02 14:47:32+05:30,4047.0,1,4034.89,1967975,172327.0,161214.0,4100.0,4110.0,4012.0,4092.6,25872700,4501.8,3683.4,4440.0,3288.1,4046.9,67,4,4046.8,52,4,4046.7,88,3,4046.6,175,1,4046.5,202,5,4048.3,2,1,4048.4,17,2,4048.8,44,1,4048.9,15,1,4049.0,49,4
11483,2026-07-02 14:47:33+05:30,4048.3,1,4034.89,1967975,172327.0,161214.0,4100.0,4110.0,4012.0,4092.6,25872700,4501.8,3683.4,4440.0,3288.1,4046.9,67,4,4046.8,52,4,4046.7,88,3,4046.6,175,1,4046.5,202,5,4048.3,2,1,4048.4,17,2,4048.8,44,1,4048.9,15,1,4049.0,49,4
11483,2026-07-02 14:47:33+05:30,4048.3,1,4034.89,1968054,172104.0,161142.0,4100.0,4110.0,4012.0,4092.6,25872700,4501.8,3683.4,4440.0,3288.1,4047.0,50,3,4046.9,86,5,4046.8,8,2,4046.7,39,2,4046.6,175,1,4048.3,3,2,4048.4,15,1,4048.8,44,1,4048.9,15,1,4049.0,63,5
11483,2026-07-02 14:47:34+05:30,4048.3,2,4034.89,1968054,172104.0,161142.0,4100.0,4110.0,4012.0,4092.6,25872700,4501.8,3683.4,4440.0,3288.1,4047.0,50,3,4046.9,86,5,4046.8,8,2,4046.7,39,2,4046.6,175,1,4048.3,3,2,4048.4,15,1,4048.8,44,1,4048.9,15,1,4049.0,63,5
11483,2026-07-02 14:47:34+05:30,4048.3,2,4034.89,1968054,172104.0,161142.0,4100.0,4110.0,4012.0,4092.6,25872700,4501.8,3683.4,4440.0,3288.1,4047.0,50,3,4046.9,86,5,4046.8,8,2,4046.7,39,2,4046.6,175,1,4048.3,3,2,4048.4,15,1,4048.8,44,1,4048.9,15,1,4049.0,63,5
11483,2026-07-02 14:47:34+05:30,4048.3,2,4034.89,1968067,172372.0,161282.0,4100.0,4110.0,4012.0,4092.6,25872700,4501.8,3683.4,4440.0,3288.1,4048.3,13,1,4047.1,22,2,4047.0,89,3,4046.9,25,1,4046.8,44,4,4048.4,28,3,4048.8,44,1,4048.9,15,1,4049.0,49,4,4049.1,46,2
11483,2026-07-02 14:47:35+05:30,4048.3,2,4034.89,1968067,172372.0,161282.0,4100.0,4110.0,4012.0,4092.6,25872700,4501.8,3683.4,4440.0,3288.1,4048.3,13,1,4047.1,22,2,4047.0,89,3,4046.9,25,1,4046.8,44,4,4048.4,28,3,4048.8,44,1,4048.9,15,1,4049.0,49,4,4049.1,46,2
11483,2026-07-02 14:47:35+05:30,4048.3,10,4034.89,1968067,172372.0,161282.0,4100.0,4110.0,4012.0,4092.6,25872700,4501.8,3683.4,4440.0,3288.1,4048.3,13,1,4047.1,22,2,4047.0,89,3,4046.9,25,1,4046.8,44,4,4048.4,28,3,4048.8,44,1,4048.9,15,1,4049.0,49,4,4049.1,46,2
11483,2026-07-02 14:47:35+05:30,4048.3,10,4034.89,1968067,172372.0,161282.0,4100.0,4110.0,4012.0,4092.6,25872700,4501.8,3683.4,4440.0,3288.1,4048.3,13,1,4047.1,22,2,4047.0,89,3,4046.9,25,1,4046.8,44,4,4048.4,28,3,4048.8,44,1,4048.9,15,1,4049.0,49,4,4049.1,46,2
11483,2026-07-02 14:47:35+05:30,4048.3,10,4034.89,1968080,172394.0,161355.0,4100.0,4110.0,4012.0,4092.6,25872700,4501.8,3683.4,4440.0,3288.1,4048.3,1,1,4047.1,50,3,4047.0,100,5,4046.9,25,1,4046.8,44,4,4048.4,37,4,4048.8,44,1,4048.9,15,1,4049.0,73,5,4049.1,44,1
11483,2026-07-02 14:47:36+05:30,4048.3,10,4034.89,1968080,172394.0,161355.0,4100.0,4110.0,4012.0,4092.6,25872700,4501.8,3683.4,4440.0,3288.1,4048.3,1,1,4047.1,50,3,4047.0,100,5,4046.9,25,1,4046.8,44,4,4048.4,37,4,4048.8,44,1,4048.9,15,1,4049.0,73,5,4049.1,44,1
11483,2026-07-02 14:47:36+05:30,4048.3,1,4034.89,1968080,172394.0,161355.0,4100.0,4110.0,4012.0,4092.6,25872700,4501.8,3683.4,4440.0,3288.1,4048.3,1,1,4047.1,50,3,4047.0,100,5,4046.9,25,1,4046.8,44,4,4048.4,37,4,4048.8,44,1,4048.9,15,1,4049.0,73,5,4049.1,44,1
11483,2026-07-02 14:47:36+05:30,4048.3,1,4034.9,1968343,172188.0,161348.0,4100.0,4110.0,4012.0,4092.6,25872700,4501.8,3683.4,4440.0,3288.1,4047.1,24,1,4047.0,11,2,4046.8,2,1,4046.7,4,2,4046.6,219,3,4048.3,24,1,4048.4,37,4,4048.8,108,3,4048.9,35,3,4049.0,49,4
11483,2026-07-02 14:47:36+05:30,4048.3,1,4034.9,1968343,172188.0,161348.0,4100.0,4110.0,4012.0,4092.6,25872700,4501.8,3683.4,4440.0,3288.1,4047.1,24,1,4047.0,11,2,4046.8,2,1,4046.7,4,2,4046.6,219,3,4048.3,24,1,4048.4,37,4,4048.8,108,3,4048.9,35,3,4049.0,49,4
11483,2026-07-02 14:47:37+05:30,4048.3,1,4034.9,1968343,172188.0,161348.0,4100.0,4110.0,4012.0,4092.6,25872700,4501.8,3683.4,4440.0,3288.1,4047.1,24,1,4047.0,11,2,4046.8,2,1,4046.7,4,2,4046.6,219,3,4048.3,24,1,4048.4,37,4,4048.8,108,3,4048.9,35,3,4049.0,49,4
11483,2026-07-02 14:47:37+05:30,4047.1,3,4034.9,1968343,172188.0,161348.0,4100.0,4110.0,4012.0,4092.6,25872700,4501.8,3683.4,4440.0,3288.1,4047.1,24,1,4047.0,11,2,4046.8,2,1,4046.7,4,2,4046.6,219,3,4048.3,24,1,4048.4,37,4,4048.8,108,3,4048.9,35,3,4049.0,49,4
11483,2026-07-02 14:47:37+05:30,4048.4,29,4034.9,1968444,172127.0,161534.0,4100.0,4110.0,4012.0,4092.6,25872700,4501.8,3683.4,4440.0,3288.1,4048.0,7,1,4047.3,24,1,4047.2,6,1,4047.1,84,2,4047.0,125,7,4048.4,12,1,4048.9,15,1,4049.0,49,4,4049.1,44,1,4049.3,4,2
11483,2026-07-02 14:47:37+05:30,4048.4,29,4034.9,1968444,172127.0,161534.0,4100.0,4110.0,4012.0,4092.6,25872700,4501.8,3683.4,4440.0,3288.1,4048.0,7,1,4047.3,24,1,4047.2,6,1,4047.1,84,2,4047.0,125,7,4048.4,12,1,4048.9,15,1,4049.0,49,4,4049.1,44,1,4049.3,4,2
11483,2026-07-02 14:47:38+05:30,4048.4,29,4034.9,1968444,172127.0,161534.0,4100.0,4110.0,4012.0,4092.6,25872700,4501.8,3683.4,4440.0,3288.1,4048.0,7,1,4047.3,24,1,4047.2,6,1,4047.1,84,2,4047.0,125,7,4048.4,12,1,4048.9,15,1,4049.0,49,4,4049.1,44,1,4049.3,4,2
11483,2026-07-02 14:47:38+05:30,4048.0,50,4034.9,1968444,172127.0,161534.0,4100.0,4110.0,4012.0,4092.6,25872700,4501.8,3683.4,4440.0,3288.1,4048.0,7,1,4047.3,24,1,4047.2,6,1,4047.1,84,2,4047.0,125,7,4048.4,12,1,4048.9,15,1,4049.0,49,4,4049.1,44,1,4049.3,4,2
11483,2026-07-02 14:47:38+05:30,4048.0,50,4034.9,1968444,172127.0,161534.0,4100.0,4110.0,4012.0,4092.6,25872700,4501.8,3683.4,4440.0,3288.1,4048.0,7,1,4047.3,24,1,4047.2,6,1,4047.1,84,2,4047.0,125,7,4048.4,12,1,4048.9,15,1,4049.0,49,4,4049.1,44,1,4049.3,4,2
11483,2026-07-02 14:47:38+05:30,4047.1,7,4034.9,1968558,171752.0,161765.0,4100.0,4110.0,4012.0,4092.6,25872700,4501.8,3683.4,4440.0,3288.1,4047.4,9,1,4047.3,48,3,4047.1,9,1,4047.0,117,7,4046.9,6,1,4048.0,52,2,4048.4,14,2,4048.8,44,1,4048.9,15,1,4049.0,64,5
11483,2026-07-02 14:47:39+05:30,4047.1,7,4034.9,1968558,171752.0,161765.0,4100.0,4110.0,4012.0,4092.6,25849075,4501.8,3683.4,4440.0,3288.1,4047.4,9,1,4047.3,48,3,4047.1,9,1,4047.0,117,7,4046.9,6,1,4048.0,52,2,4048.4,14,2,4048.8,44,1,4048.9,15,1,4049.0,64,5
11483,2026-07-02 14:47:39+05:30,4047.4,1,4034.9,1968558,171752.0,161765.0,4100.0,4110.0,4012.0,4092.6,25849075,4501.8,3683.4,4440.0,3288.1,4047.4,9,1,4047.3,48,3,4047.1,9,1,4047.0,117,7,4046.9,6,1,4048.0,52,2,4048.4,14,2,4048.8,44,1,4048.9,15,1,4049.0,64,5
11483,2026-07-02 14:47:39+05:30,4047.4,1,4034.9,1968558,171752.0,161765.0,4100.0,4110.0,4012.0,4092.6,25849075,4501.8,3683.4,4440.0,3288.1,4047.4,9,1,4047.3,48,3,4047.1,9,1,4047.0,117,7,4046.9,6,1,4048.0,52,2,4048.4,14,2,4048.8,44,1,4048.9,15,1,4049.0,64,5
11483,2026-07-02 14:47:39+05:30,4047.4,1,4034.9,1968568,172256.0,162073.0,4100.0,4110.0,4012.0,4092.6,25849075,4501.8,3683.4,4440.0,3288.1,4047.3,53,3,4047.1,6,1,4047.0,96,6,4046.9,6,1,4046.8,2,1,4047.4,1,1,4048.0,54,3,4048.4,12,1,4048.7,6,1,4048.8,44,1
11483,2026-07-02 14:47:39+05:30,4047.4,1,4034.9,1968568,172256.0,162073.0,4100.0,4110.0,4012.0,4092.6,25849075,4501.8,3683.4,4440.0,3288.1,4047.3,53,3,4047.1,6,1,4047.0,96,6,4046.9,6,1,4046.8,2,1,4047.4,1,1,4048.0,54,3,4048.4,12,1,4048.7,6,1,4048.8,44,1
11483,2026-07-02 14:47:40+05:30,4047.4,1,4034.9,1968568,172256.0,162073.0,4100.0,4110.0,4012.0,4092.6,25849075,4501.8,3683.4,4440.0,3288.1,4047.3,53,3,4047.1,6,1,4047.0,96,6,4046.9,6,1,4046.8,2,1,4047.4,1,1,4048.0,54,3,4048.4,12,1,4048.7,6,1,4048.8,44,1
11483,2026-07-02 14:47:40+05:30,4047.3,1,4034.9,1968568,172256.0,162073.0,4100.0,4110.0,4012.0,4092.6,25849075,4501.8,3683.4,4440.0,3288.1,4047.3,53,3,4047.1,6,1,4047.0,96,6,4046.9,6,1,4046.8,2,1,4047.4,1,1,4048.0,54,3,4048.4,12,1,4048.7,6,1,4048.8,44,1
11483,2026-07-02 14:47:40+05:30,4047.3,1,4034.9,1968569,172257.0,162335.0,4100.0,4110.0,4012.0,4092.6,25849075,4501.8,3683.4,4440.0,3288.1,4047.3,52,3,4047.1,6,1,4047.0,96,6,4046.9,6,1,4046.8,2,1,4047.4,1,1,4048.0,54,3,4048.1,5,1,4048.4,12,1,4048.7,6,1
11483,2026-07-02 14:47:40+05:30,4047.3,1,4034.9,1968569,172257.0,162335.0,4100.0,4110.0,4012.0,4092.6,25849075,4501.8,3683.4,4440.0,3288.1,4047.3,52,3,4047.1,6,1,4047.0,96,6,4046.9,6,1,4046.8,2,1,4047.4,1,1,4048.0,54,3,4048.1,5,1,4048.4,12,1,4048.7,6,1
11483,2026-07-02 14:47:41+05:30,4047.3,4,4034.9,1968569,172257.0,162335.0,4100.0,4110.0,4012.0,4092.6,25849075,4501.8,3683.4,4440.0,3288.1,4047.3,52,3,4047.1,6,1,4047.0,96,6,4046.9,6,1,4046.8,2,1,4047.4,1,1,4048.0,54,3,4048.1,5,1,4048.4,12,1,4048.7,6,1
11483,2026-07-02 14:47:41+05:30,4047.3,4,4034.9,1968589,172126.0,162558.0,4100.0,4110.0,4012.0,4092.6,25849075,4501.8,3683.4,4440.0,3288.1,4047.3,32,3,4047.1,6,1,4047.0,97,7,4046.8,8,2,4046.7,43,4,4047.4,2,2,4048.0,54,3,4048.1,5,1,4048.4,12,1,4048.7,6,1
11483,2026-07-02 14:47:42+05:30,4047.4,3,4034.9,1968589,172126.0,162558.0,4100.0,4110.0,4012.0,4092.6,25849075,4501.8,3683.4,4440.0,3288.1,4047.3,32,3,4047.1,6,1,4047.0,97,7,4046.8,8,2,4046.7,43,4,4047.4,2,2,4048.0,54,3,4048.1,5,1,4048.4,12,1,4048.7,6,1
11483,2026-07-02 14:47:42+05:30,4047.4,3,4034.9,1968598,171929.0,162340.0,4100.0,4110.0,4012.0,4092.6,25849075,4501.8,3683.4,4440.0,3288.1,4047.4,2,1,4047.3,30,4,4047.0,103,7,4046.8,6,1,4046.7,43,4,4048.0,52,2,4048.1,5,1,4048.4,12,1,4048.6,28,1,4048.8,48,2
11483,2026-07-02 14:47:43+05:30,4048.0,18,4034.9,1968598,171929.0,162340.0,4100.0,4110.0,4012.0,4092.6,25849075,4501.8,3683.4,4440.0,3288.1,4047.4,2,1,4047.3,30,4,4047.0,103,7,4046.8,6,1,4046.7,43,4,4048.0,52,2,4048.1,5,1,4048.4,12,1,4048.6,28,1,4048.8,48,2
11483,2026-07-02 14:47:43+05:30,4048.0,18,4034.9,1968624,171934.0,162480.0,4100.0,4110.0,4012.0,4092.6,25849075,4501.8,3683.4,4440.0,3288.1,4047.4,2,1,4047.3,6,3,4047.0,71,5,4046.7,4,2,4046.5,20,3,4048.0,47,4,4048.1,5,1,4048.5,25,1,4048.6,28,1,4048.7,61,2
11483,2026-07-02 14:47:44+05:30,4047.4,3,4034.9,1968624,171934.0,162480.0,4100.0,4110.0,4012.0,4092.6,25849075,4501.8,3683.4,4440.0,3288.1,4047.4,2,1,4047.3,6,3,4047.0,71,5,4046.7,4,2,4046.5,20,3,4048.0,47,4,4048.1,5,1,4048.5,25,1,4048.6,28,1,4048.7,61,2
11483,2026-07-02 14:47:44+05:30,4047.4,3,4034.9,1968627,171828.0,162915.0,4100.0,4110.0,4012.0,4092.6,25849075,4501.8,3683.4,4440.0,3288.1,4047.4,3,2,4047.3,6,3,4047.0,71,5,4046.7,1,1,4046.5,20,3,4048.0,36,3,4048.1,16,2,4048.3,24,1,4048.4,34,2,4048.5,25,1
11483,2026-07-02 14:47:45+05:30,4047.4,1,4034.9,1968627,171828.0,162915.0,4100.0,4110.0,4012.0,4092.6,25849075,4501.8,3683.4,4440.0,3288.1,4047.4,3,2,4047.3,6,3,4047.0,71,5,4046.7,1,1,4046.5,20,3,4048.0,36,3,4048.1,16,2,4048.3,24,1,4048.4,34,2,4048.5,25,1
11483,2026-07-02 14:47:45+05:30,4047.9,2,4034.9,1968811,171846.0,162966.0,4100.0,4110.0,4012.0,4092.6,25849075,4501.8,3683.4,4440.0,3288.1,4047.4,2,2,4047.3,2,2,4047.0,44,3,4046.7,1,1,4046.5,20,3,4048.0,62,2,4048.1,5,1,4048.3,39,1,4048.4,45,3,4048.5,25,1
11483,2026-07-02 14:47:46+05:30,4047.4,7,4034.9,1968811,171846.0,162966.0,4100.0,4110.0,4012.0,4092.6,25849075,4501.8,3683.4,4440.0,3288.1,4047.4,2,2,4047.3,2,2,4047.0,44,3,4046.7,1,1,4046.5,20,3,4048.0,62,2,4048.1,5,1,4048.3,39,1,4048.4,45,3,4048.5,25,1
11483,2026-07-02 14:47:46+05:30,4047.4,7,4034.9,1968821,171923.0,163752.0,4100.0,4110.0,4012.0,4092.6,25849075,4501.8,3683.4,4440.0,3288.1,4047.3,2,2,4047.0,44,3,4046.7,1,1,4046.5,5,1,4046.4,39,2,4047.4,3,1,4048.0,150,2,4048.1,17,2,4048.3,39,1,4048.4,45,3
11483,2026-07-02 14:47:47+05:30,4048.0,1,4034.9,1968821,171923.0,163752.0,4100.0,4110.0,4012.0,4092.6,25849075,4501.8,3683.4,4440.0,3288.1,4047.3,2,2,4047.0,44,3,4046.7,1,1,4046.5,5,1,4046.4,39,2,4047.4,3,1,4048.0,150,2,4048.1,17,2,4048.3,39,1,4048.4,45,3
11483,2026-07-02 14:47:47+05:30,4048.0,1,4034.9,1968835,171833.0,162987.0,4100.0,4110.0,4012.0,4092.6,25849075,4501.8,3683.4,4440.0,3288.1,4047.3,2,2,4047.0,44,3,4046.7,1,1,4046.6,24,1,4046.5,74,4,4048.0,161,3,4048.1,5,1,4048.3,39,1,4048.4,45,3,4048.5,25,1
11483,2026-07-02 14:47:48+05:30,4047.0,10,4034.9,1968835,171833.0,162987.0,4100.0,4110.0,4012.0,4092.6,25849075,4501.8,3683.4,4440.0,3288.1,4047.3,2,2,4047.0,44,3,4046.7,1,1,4046.6,24,1,4046.5,74,4,4048.0,161,3,4048.1,5,1,4048.3,39,1,4048.4,45,3,4048.5,25,1
11483,2026-07-02 14:47:48+05:30,4048.0,5,4034.9,1968867,171821.0,162966.0,4100.0,4110.0,4012.0,4092.6,25849075,4501.8,3683.4,4440.0,3288.1,4047.1,10,1,4047.0,61,3,4046.8,24,1,4046.7,1,1,4046.6,24,1,4048.0,159,5,4048.1,5,1,4048.3,89,2,4048.4,45,3,4048.5,25,1
11483,2026-07-02 14:47:49+05:30,4047.1,4,4034.9,1968867,171821.0,162966.0,4100.0,4110.0,4012.0,4092.6,25849075,4501.8,3683.4,4440.0,3288.1,4047.1,10,1,4047.0,61,3,4046.8,24,1,4046.7,1,1,4046.6,24,1,4048.0,159,5,4048.1,5,1,4048.3,89,2,4048.4,45,3,4048.5,25,1
11483,2026-07-02 14:47:49+05:30,4047.1,4,4034.9,1968871,171587.0,163221.0,4100.0,4110.0,4012.0,4092.6,25849075,4501.8,3683.4,4440.0,3288.1,4047.1,6,1,4047.0,61,3,4046.7,1,1,4046.5,17,2,4046.4,39,2,4047.9,20,1,4048.0,159,5,4048.1,5,1,4048.3,89,2,4048.4,45,3
11483,2026-07-02 14:47:50+05:30,4047.0,18,4034.9,1968871,171587.0,163221.0,4100.0,4110.0,4012.0,4092.6,25849075,4501.8,3683.4,4440.0,3288.1,4047.1,6,1,4047.0,61,3,4046.7,1,1,4046.5,17,2,4046.4,39,2,4047.9,20,1,4048.0,159,5,4048.1,5,1,4048.3,89,2,4048.4,45,3
11483,2026-07-02 14:47:50+05:30,4047.0,18,4034.9,1968896,172008.0,163772.0,4100.0,4110.0,4012.0,4092.6,25849075,4501.8,3683.4,4440.0,3288.1,4047.5,70,1,4047.0,16,2,4046.7,1,1,4046.5,17,2,4046.4,31,1,4047.9,20,1,4048.0,179,6,4048.1,53,3,4048.3,89,2,4048.4,45,3
11483,2026-07-02 14:47:51+05:30,4047.9,1,4034.9,1968896,172008.0,163772.0,4100.0,4110.0,4012.0,4092.6,25849075,4501.8,3683.4,4440.0,3288.1,4047.5,70,1,4047.0,16,2,4046.7,1,1,4046.5,17,2,4046.4,31,1,4047.9,20,1,4048.0,179,6,4048.1,53,3,4048.3,89,2,4048.4,45,3
11483,2026-07-02 14:47:51+05:30,4047.5,20,4034.9,1968920,171983.0,163772.0,4100.0,4110.0,4012.0,4092.6,25849075,4501.8,3683.4,4440.0,3288.1,4047.5,47,1,4047.0,16,2,4046.7,1,1,4046.5,17,2,4046.4,31,1,4047.9,21,2,4048.0,177,5,4048.1,53,3,4048.3,89,2,4048.4,45,3
11483,2026-07-02 14:47:52+05:30,4047.5,3,4034.9,1968920,171983.0,163772.0,4100.0,4110.0,4012.0,4092.6,25849075,4501.8,3683.4,4440.0,3288.1,4047.5,47,1,4047.0,16,2,4046.7,1,1,4046.5,17,2,4046.4,31,1,4047.9,21,2,4048.0,177,5,4048.1,53,3,4048.3,89,2,4048.4,45,3
11483,2026-07-02 14:47:52+05:30,4047.5,5,4034.9,1968928,172191.0,163794.0,4100.0,4110.0,4012.0,4092.6,25849075,4501.8,3683.4,4440.0,3288.1,4047.5,39,1,4047.0,16,2,4046.7,1,1,4046.5,17,2,4046.4,31,1,4047.9,21,2,4048.0,187,6,4048.1,53,3,4048.3,89,2,4048.4,45,3
11483,2026-07-02 14:47:53+05:30,4048.0,10,4034.9,1968928,172191.0,163794.0,4100.0,4110.0,4012.0,4092.6,25849075,4501.8,3683.4,4440.0,3288.1,4047.5,39,1,4047.0,16,2,4046.7,1,1,4046.5,17,2,4046.4,31,1,4047.9,21,2,4048.0,187,6,4048.1,53,3,4048.3,89,2,4048.4,45,3
11483,2026-07-02 14:47:53+05:30,4047.5,1,4034.9,1968962,172094.0,163925.0,4100.0,4110.0,4012.0,4092.6,25849075,4501.8,3683.4,4440.0,3288.1,4047.5,36,1,4047.0,16,2,4046.7,1,1,4046.5,17,2,4046.4,37,2,4048.0,182,6,4048.1,5,1,4048.2,16,1,4048.3,107,3,4048.4,43,2
11483,2026-07-02 14:47:54+05:30,4048.0,80,4034.9,1968962,172094.0,163925.0,4100.0,4110.0,4012.0,4092.6,25849075,4501.8,3683.4,4440.0,3288.1,4047.5,36,1,4047.0,16,2,4046.7,1,1,4046.5,17,2,4046.4,37,2,4048.0,182,6,4048.1,5,1,4048.2,16,1,4048.3,107,3,4048.4,43,2
11483,2026-07-02 14:47:54+05:30,4047.5,1,4034.9,1969083,172128.0,163509.0,4100.0,4110.0,4012.0,4092.6,25849075,4501.8,3683.4,4440.0,3288.1,4047.5,30,1,4047.0,16,2,4046.8,12,2,4046.7,1,1,4046.5,17,2,4048.0,191,11,4048.1,19,2,4048.2,16,1,4048.3,107,3,4048.4,43,2
11483,2026-07-02 14:47:55+05:30,4047.5,1,4034.9,1969083,172128.0,163509.0,4100.0,4110.0,4012.0,4092.6,25849075,4501.8,3683.4,4440.0,3288.1,4047.5,30,1,4047.0,16,2,4046.8,12,2,4046.7,1,1,4046.5,17,2,4048.0,191,11,4048.1,19,2,4048.2,16,1,4048.3,107,3,4048.4,43,2
11483,2026-07-02 14:47:55+05:30,4047.5,1,4034.9,1969098,172169.0,163380.0,4100.0,4110.0,4012.0,4092.6,25849075,4501.8,3683.4,4440.0,3288.1,4047.5,16,2,4047.0,15,1,4046.8,12,2,4046.7,175,1,4046.6,175,1,4048.0,185,10,4048.1,5,1,4048.3,89,2,4048.4,11,1,4048.5,27,2
11483,2026-07-02 14:47:56+05:30,4048.0,2,4034.9,1969098,172169.0,163380.0,4100.0,4110.0,4012.0,4092.6,25849075,4501.8,3683.4,4440.0,3288.1,4047.5,16,2,4047.0,15,1,4046.8,12,2,4046.7,175,1,4046.6,175,1,4048.0,185,10,4048.1,5,1,4048.3,89,2,4048.4,11,1,4048.5,27,2
11483,2026-07-02 14:47:56+05:30,4048.0,2,4034.9,1969104,172183.0,163415.0,4100.0,4110.0,4012.0,4092.6,25849075,4501.8,3683.4,4440.0,3288.1,4047.5,12,2,4047.0,15,1,4046.8,12,2,4046.7,175,1,4046.6,175,1,4048.0,183,10,4048.1,5,1,4048.3,91,3,4048.4,11,1,4048.5,25,1
11483,2026-07-02 14:47:57+05:30,4047.5,1,4034.9,1969104,172183.0,163415.0,4100.0,4110.0,4012.0,4092.6,25849075,4501.8,3683.4,4440.0,3288.1,4047.5,12,2,4047.0,15,1,4046.8,12,2,4046.7,175,1,4046.6,175,1,4048.0,183,10,4048.1,5,1,4048.3,91,3,4048.4,11,1,4048.5,25,1
11483,2026-07-02 14:47:57+05:30,4047.5,1,4034.9,1969107,172244.0,163408.0,4100.0,4110.0,4012.0,4092.6,25849075,4501.8,3683.4,4440.0,3288.1,4047.5,9,2,4047.4,60,1,4047.0,77,3,4046.8,12,2,4046.7,175,1,4047.9,1,1,4048.0,158,9,4048.1,5,1,4048.3,89,2,4048.4,13,2
11483,2026-07-02 14:47:58+05:30,4048.0,7,4034.9,1969107,172244.0,163408.0,4100.0,4110.0,4012.0,4092.6,25849075,4501.8,3683.4,4440.0,3288.1,4047.5,9,2,4047.4,60,1,4047.0,77,3,4046.8,12,2,4046.7,175,1,4047.9,1,1,4048.0,158,9,4048.1,5,1,4048.3,89,2,4048.4,13,2
11483,2026-07-02 14:47:58+05:30,4048.0,7,4034.9,1969160,172293.0,163521.0,4100.0,4110.0,4012.0,4092.6,25849075,4501.8,3683.4,4440.0,3288.1,4047.5,7,2,4047.4,60,1,4047.0,77,3,4046.8,12,2,4046.7,175,1,4047.9,100,1,4048.0,120,5,4048.1,5,1,4048.3,114,3,4048.4,13,2
11483,2026-07-02 14:47:59+05:30,4048.0,7,4034.9,1969160,172293.0,163521.0,4100.0,4110.0,4012.0,4092.6,25849075,4501.8,3683.4,4440.0,3288.1,4047.5,7,2,4047.4,60,1,4047.0,77,3,4046.8,12,2,4046.7,175,1,4047.9,100,1,4048.0,120,5,4048.1,5,1,4048.3,114,3,4048.4,13,2
11483,2026-07-02 14:47:59+05:30,4047.5,1,4034.9,1969275,172305.0,163520.0,4100.0,4110.0,4012.0,4092.6,25849075,4501.8,3683.4,4440.0,3288.1,4047.4,60,1,4047.0,3627,4,4046.9,20,1,4046.8,12,2,4046.7,175,1,4048.0,213,6,4048.1,5,1,4048.3,89,2,4048.4,13,2,4048.5,25,1
11483,2026-07-02 14:48:00+05:30,4047.5,1,4034.9,1969275,172305.0,163520.0,4100.0,4110.0,4012.0,4092.6,25849075,4501.8,3683.4,4440.0,3288.1,4047.4,60,1,4047.0,3627,4,4046.9,20,1,4046.8,12,2,4046.7,175,1,4048.0,213,6,4048.1,5,1,4048.3,89,2,4048.4,13,2,4048.5,25,1
11483,2026-07-02 14:48:00+05:30,4047.5,1,4034.9,1969495,172458.0,163358.0,4100.0,4110.0,4012.0,4092.6,25849075,4501.8,3683.4,4440.0,3288.1,4047.4,40,1,4047.0,3627,4,4046.9,219,3,4046.8,12,2,4046.7,175,1,4047.5,49,1,4048.0,83,4,4048.1,5,1,4048.3,50,1,4048.6,2,1
11483,2026-07-02 14:48:01+05:30,4047.6,1,4034.9,1969495,172458.0,163358.0,4100.0,4110.0,4012.0,4092.6,25849075,4501.8,3683.4,4440.0,3288.1,4047.4,40,1,4047.0,3627,4,4046.9,219,3,4046.8,12,2,4046.7,175,1,4047.5,49,1,4048.0,83,4,4048.1,5,1,4048.3,50,1,4048.6,2,1
11483,2026-07-02 14:48:01+05:30,4049.0,32,4034.91,1970152,172236.0,162682.0,4100.0,4110.0,4012.0,4092.6,25849075,4501.8,3683.4,4440.0,3288.1,4047.6,27,2,4047.5,7,3,4047.4,40,1,4047.3,25,1,4047.1,65,2,4048.9,28,1,4049.0,10,1,4049.1,10,1,4049.2,57,2,4049.3,69,2
11483,2026-07-02 14:48:02+05:30,4047.1,2,4034.91,1970152,172236.0,162682.0,4100.0,4110.0,4012.0,4092.6,25849075,4501.8,3683.4,4440.0,3288.1,4047.6,27,2,4047.5,7,3,4047.4,40,1,4047.3,25,1,4047.1,65,2,4048.9,28,1,4049.0,10,1,4049.1,10,1,4049.2,57,2,4049.3,69,2
11483,2026-07-02 14:48:02+05:30,4047.1,2,4034.91,1970768,171702.0,162993.0,4100.0,4110.0,4012.0,4092.6,25849075,4501.8,3683.4,4440.0,3288.1,4047.2,63,5,4047.1,2,1,4047.0,3182,2,4046.9,175,1,4046.8,6,1,4047.6,10,3,4048.0,1,1,4048.6,4,1,4048.7,48,1,4048.8,1,1
11483,2026-07-02 14:48:03+05:30,4047.6,11,4034.91,1970768,171702.0,162993.0,4100.0,4110.0,4012.0,4092.6,25849075,4501.8,3683.4,4440.0,3288.1,4047.2,63,5,4047.1,2,1,4047.0,3182,2,4046.9,175,1,4046.8,6,1,4047.6,10,3,4048.0,1,1,4048.6,4,1,4048.7,48,1,4048.8,1,1
11483,2026-07-02 14:48:03+05:30,4047.6,11,4034.91,1970892,171745.0,162819.0,4100.0,4110.0,4012.0,4092.6,25849075,4501.8,3683.4,4440.0,3288.1,4047.1,60,5,4047.0,3188,3,4046.9,187,2,4046.8,14,1,4046.7,225,3,4047.6,8,1,4048.0,1,1,4048.9,2,1,4049.0,12,2,4049.1,23,2
11483,2026-07-02 14:48:04+05:30,4047.6,9,4034.91,1970892,171745.0,162819.0,4100.0,4110.0,4012.0,4092.6,25849075,4501.8,3683.4,4440.0,3288.1,4047.1,60,5,4047.0,3188,3,4046.9,187,2,4046.8,14,1,4046.7,225,3,4047.6,8,1,4048.0,1,1,4048.9,2,1,4049.0,12,2,4049.1,23,2
11483,2026-07-02 14:48:04+05:30,4047.6,9,4034.91,1970917,171865.0,162786.0,4100.0,4110.0,4012.0,4092.6,25849075,4501.8,3683.4,4440.0,3288.1,4047.6,8,1,4047.2,40,2,4047.1,33,3,4047.0,3188,3,4046.9,12,1,4048.0,1,1,4048.9,2,1,4049.0,10,1,4049.1,10,1,4049.3,46,1
11483,2026-07-02 14:48:05+05:30,4048.0,1,4034.91,1970917,171865.0,162786.0,4100.0,4110.0,4012.0,4092.6,25849075,4501.8,3683.4,4440.0,3288.1,4047.6,8,1,4047.2,40,2,4047.1,33,3,4047.0,3188,3,4046.9,12,1,4048.0,1,1,4048.9,2,1,4049.0,10,1,4049.1,10,1,4049.3,46,1
11483,2026-07-02 14:48:05+05:30,4048.0,1,4034.91,1970935,171908.0,163222.0,4100.0,4110.0,4012.0,4092.6,25849075,4501.8,3683.4,4440.0,3288.1,4047.6,17,1,4047.2,215,3,4047.1,33,3,4047.0,3188,3,4046.9,12,1,4048.0,1,1,4048.9,32,2,4049.0,70,3,4049.1,10,1,4049.3,46,1
11483,2026-07-02 14:48:06+05:30,4048.0,1,4034.91,1970935,171908.0,163222.0,4100.0,4110.0,4012.0,4092.6,25849075,4501.8,3683.4,4440.0,3288.1,4047.6,17,1,4047.2,215,3,4047.1,33,3,4047.0,3188,3,4046.9,12,1,4048.0,1,1,4048.9,32,2,4049.0,70,3,4049.1,10,1,4049.3,46,1
11483,2026-07-02 14:48:06+05:30,4048.0,1,4034.91,1970940,172337.0,163336.0,4100.0,4110.0,4012.0,4092.6,25849075,4501.8,3683.4,4440.0,3288.1,4048.0,1,1,4047.6,16,3,4047.3,12,1,4047.2,177,2,4047.1,367,4,4048.8,78,5,4048.9,10,3,4049.0,81,3,4049.1,59,3,4049.2,27,1
11483,2026-07-02 14:48:07+05:30,4048.7,1,4034.91,1970940,172337.0,163336.0,4100.0,4110.0,4012.0,4092.6,25849075,4501.8,3683.4,4440.0,3288.1,4048.0,1,1,4047.6,16,3,4047.3,12,1,4047.2,177,2,4047.1,367,4,4048.8,78,5,4048.9,10,3,4049.0,81,3,4049.1,59,3,4049.2,27,1
11483,2026-07-02 14:48:07+05:30,4048.7,1,4034.91,1971064,172570.0,163592.0,4100.0,4110.0,4012.0,4092.6,25849075,4501.8,3683.4,4440.0,3288.1,4047.6,16,2,4047.4,156,2,4047.2,175,1,4047.1,355,3,4047.0,3182,2,4048.0,2,2,4048.7,34,2,4048.8,38,4,4048.9,28,3,4049.0,164,7
11483,2026-07-02 14:48:08+05:30,4048.0,1,4034.91,1971064,172570.0,163592.0,4100.0,4110.0,4012.0,4092.6,25849075,4501.8,3683.4,4440.0,3288.1,4047.6,16,2,4047.4,156,2,4047.2,175,1,4047.1,355,3,4047.0,3182,2,4048.0,2,2,4048.7,34,2,4048.8,38,4,4048.9,28,3,4049.0,164,7
11483,2026-07-02 14:48:08+05:30,4048.0,1,4034.91,1971084,172413.0,163544.0,4100.0,4110.0,4012.0,4092.6,25849075,4501.8,3683.4,4440.0,3288.1,4048.0,7,4,4047.6,17,1,4047.4,156,2,4047.2,175,1,4047.1,420,3,4048.6,28,1,4048.7,38,2,4048.8,31,3,4048.9,28,3,4049.0,131,7
11483,2026-07-02 14:48:09+05:30,4048.8,5,4034.91,1971084,172413.0,163544.0,4100.0,4110.0,4012.0,4092.6,25849075,4501.8,3683.4,4440.0,3288.1,4048.0,7,4,4047.6,17,1,4047.4,156,2,4047.2,175,1,4047.1,420,3,4048.6,28,1,4048.7,38,2,4048.8,31,3,4048.9,28,3,4049.0,131,7
11483,2026-07-02 14:48:09+05:30,4048.8,5,4034.91,1971224,173815.0,162821.0,4100.0,4110.0,4012.0,4092.6,25849075,4501.8,3683.4,4440.0,3288.1,4048.8,12,1,4048.0,11,5,4047.7,37,2,4047.5,84,3,4047.4,206,5,4049.0,7,1,4049.1,32,2,4049.2,24,1,4049.3,3,1,4049.4,50,1
11483,2026-07-02 14:48:10+05:30,4048.8,1,4034.91,1971251,173846.0,162865.0,4100.0,4110.0,4012.0,4092.6,25849075,4501.8,3683.4,4440.0,3288.1,4048.8,11,5,4048.0,35,2,4047.8,12,1,4047.7,37,2,4047.5,86,4,4049.0,7,1,4049.1,32,2,4049.2,24,1,4049.3,3,1,4049.4,50,1
11483,2026-07-02 14:48:10+05:30,4049.0,25,4034.91,1971251,173846.0,162865.0,4100.0,4110.0,4012.0,4092.6,25849075,4501.8,3683.4,4440.0,3288.1,4048.8,11,5,4048.0,35,2,4047.8,12,1,4047.7,37,2,4047.5,86,4,4049.0,7,1,4049.1,32,2,4049.2,24,1,4049.3,3,1,4049.4,50,1
11483,2026-07-02 14:48:11+05:30,4048.8,2,4034.91,1971251,173846.0,162865.0,4100.0,4110.0,4012.0,4092.6,25849075,4501.8,3683.4,4440.0,3288.1,4048.8,11,5,4048.0,35,2,4047.8,12,1,4047.7,37,2,4047.5,86,4,4049.0,7,1,4049.1,32,2,4049.2,24,1,4049.3,3,1,4049.4,50,1
11483,2026-07-02 14:48:11+05:30,4048.8,2,4034.91,1971292,173851.0,163094.0,4100.0,4110.0,4012.0,4092.6,25849075,4501.8,3683.4,4440.0,3288.1,4048.8,10,7,4048.0,35,2,4047.8,12,1,4047.7,37,2,4047.5,124,5,4049.0,12,2,4049.1,32,2,4049.2,24,1,4049.3,3,1,4049.4,50,1
11483,2026-07-02 14:48:12+05:30,4048.8,1,4034.91,1971292,173851.0,163094.0,4100.0,4110.0,4012.0,4092.6,25849075,4501.8,3683.4,4440.0,3288.1,4048.8,10,7,4048.0,35,2,4047.8,12,1,4047.7,37,2,4047.5,124,5,4049.0,12,2,4049.1,32,2,4049.2,24,1,4049.3,3,1,4049.4,50,1
11483,2026-07-02 14:48:12+05:30,4048.8,1,4034.91,1971298,173819.0,163092.0,4100.0,4110.0,4012.0,4092.6,25849075,4501.8,3683.4,4440.0,3288.1,4048.8,25,7,4048.0,35,2,4047.8,12,1,4047.7,37,2,4047.5,124,5,4049.0,12,2,4049.1,32,2,4049.2,24,1,4049.3,3,1,4049.4,50,1
11483,2026-07-02 14:48:13+05:30,4049.1,2,4034.91,1971298,173819.0,163092.0,4100.0,4110.0,4012.0,4092.6,25849075,4501.8,3683.4,4440.0,3288.1,4048.8,25,7,4048.0,35,2,4047.8,12,1,4047.7,37,2,4047.5,124,5,4049.0,12,2,4049.1,32,2,4049.2,24,1,4049.3,3,1,4049.4,50,1
11483,2026-07-02 14:48:13+05:30,4049.1,2,4034.91,1971355,173802.0,163148.0,4100.0,4110.0,4012.0,4092.6,25849075,4501.8,3683.4,4440.0,3288.1,4049.0,5,1,4048.8,22,6,4048.0,28,1,4047.8,12,1,4047.7,37,2,4049.1,8,1,4049.4,50,1,4049.5,48,1,4049.6,26,2,4049.7,109,4
11483,2026-07-02 14:48:14+05:30,4049.0,2,4034.91,1971362,173767.0,163270.0,4100.0,4110.0,4012.0,4092.6,25849075,4501.8,3683.4,4440.0,3288.1,4049.0,15,1,4048.8,5,5,4048.0,2,1,4047.8,12,1,4047.7,37,2,4049.1,8,1,4049.2,100,1,4049.4,50,1,4049.6,26,2,4049.7,65,3
11483,2026-07-02 14:48:14+05:30,4049.0,1,4034.91,1971362,173767.0,163270.0,4100.0,4110.0,4012.0,4092.6,25849075,4501.8,3683.4,4440.0,3288.1,4049.0,15,1,4048.8,5,5,4048.0,2,1,4047.8,12,1,4047.7,37,2,4049.1,8,1,4049.2,100,1,4049.4,50,1,4049.6,26,2,4049.7,65,3
11483,2026-07-02 14:48:15+05:30,4049.0,5,4034.91,1971362,173767.0,163270.0,4100.0,4110.0,4012.0,4092.6,25849075,4501.8,3683.4,4440.0,3288.1,4049.0,15,1,4048.8,5,5,4048.0,2,1,4047.8,12,1,4047.7,37,2,4049.1,8,1,4049.2,100,1,4049.4,50,1,4049.6,26,2,4049.7,65,3
11483,2026-07-02 14:48:15+05:30,4049.0,5,4034.92,1971394,172796.0,164211.0,4100.0,4110.0,4012.0,4092.6,25849075,4501.8,3683.4,4440.0,3288.1,4049.0,9,1,4048.8,5,5,4048.7,4,1,4048.3,18,1,4048.1,24,1,4049.2,82,1,4049.3,11,1,4049.4,50,1,4049.6,26,2,4049.7,65,3
11483,2026-07-02 14:48:16+05:30,4049.0,25,4034.92,1971394,172796.0,164211.0,4100.0,4110.0,4012.0,4092.6,25849075,4501.8,3683.4,4440.0,3288.1,4049.0,9,1,4048.8,5,5,4048.7,4,1,4048.3,18,1,4048.1,24,1,4049.2,82,1,4049.3,11,1,4049.4,50,1,4049.6,26,2,4049.7,65,3
11483,2026-07-02 14:48:16+05:30,4049.0,25,4034.92,1971451,172956.0,164140.0,4100.0,4110.0,4012.0,4092.6,25849075,4501.8,3683.4,4440.0,3288.1,4049.0,3,1,4048.8,5,5,4048.7,4,1,4048.1,24,1,4048.0,89,4,4049.2,76,1,4049.3,11,1,4049.4,50,1,4049.6,26,2,4049.7,65,3
11483,2026-07-02 14:48:17+05:30,4049.0,1,4034.92,1971455,173275.0,163890.0,4100.0,4110.0,4012.0,4092.6,25849075,4501.8,3683.4,4440.0,3288.1,4048.7,9,6,4048.2,179,3,4048.1,175,1,4048.0,76,3,4047.9,175,1,4049.0,1,1,4049.2,78,2,4049.3,11,1,4049.4,50,1,4049.6,5,1
11483,2026-07-02 14:48:17+05:30,4049.0,1,4034.92,1971455,173275.0,163890.0,4100.0,4110.0,4012.0,4092.6,25849075,4501.8,3683.4,4440.0,3288.1,4048.7,9,6,4048.2,179,3,4048.1,175,1,4048.0,76,3,4047.9,175,1,4049.0,1,1,4049.2,78,2,4049.3,11,1,4049.4,50,1,4049.6,5,1
11483,2026-07-02 14:48:18+05:30,4049.0,1,4034.92,1971455,173390.0,163822.0,4100.0,4110.0,4012.0,4092.6,25849075,4501.8,3683.4,4440.0,3288.1,4048.7,9,6,4048.2,179,3,4048.1,175,1,4048.0,108,3,4047.9,175,1,4049.0,1,1,4049.2,78,2,4049.3,11,1,4049.4,50,1,4049.6,5,1
11483,2026-07-02 14:48:19+05:30,4049.2,54,4034.92,1971562,173077.0,163712.0,4100.0,4110.0,4012.0,4092.6,25849075,4501.8,3683.4,4440.0,3288.1,4048.4,147,1,4048.2,177,2,4048.1,177,2,4048.0,76,3,4047.8,2,1,4048.8,1,1,4049.2,24,2,4049.3,11,1,4049.4,50,1,4049.6,5,1
11483,2026-07-02 14:48:19+05:30,4048.4,13,4034.92,1971562,173077.0,163712.0,4100.0,4110.0,4012.0,4092.6,25849075,4501.8,3683.4,4440.0,3288.1,4048.4,147,1,4048.2,177,2,4048.1,177,2,4048.0,76,3,4047.8,2,1,4048.8,1,1,4049.2,24,2,4049.3,11,1,4049.4,50,1,4049.6,5,1
11483,2026-07-02 14:48:20+05:30,4048.4,1,4034.92,1971576,172842.0,163700.0,4100.0,4110.0,4012.0,4092.6,25849075,4501.8,3683.4,4440.0,3288.1,4048.4,1,1,4048.2,206,3,4048.1,177,2,4048.0,76,3,4047.8,2,1,4048.7,41,1,4048.8,1,1,4049.2,24,2,4049.3,11,1,4049.4,50,1
11483,2026-07-02 14:48:20+05:30,4048.3,28,4034.92,1971576,172842.0,163700.0,4100.0,4110.0,4012.0,4092.6,25849075,4501.8,3683.4,4440.0,3288.1,4048.4,1,1,4048.2,206,3,4048.1,177,2,4048.0,76,3,4047.8,2,1,4048.7,41,1,4048.8,1,1,4049.2,24,2,4049.3,11,1,4049.4,50,1
11483,2026-07-02 14:48:21+05:30,4048.4,12,4034.92,1972117,172744.0,162661.0,4100.0,4110.0,4012.0,4092.6,25849075,4501.8,3683.4,4440.0,3288.1,4048.5,88,1,4048.3,1,1,4048.2,177,2,4048.1,176,2,4048.0,54,3,4049.0,20,1,4049.2,39,2,4049.6,51,2,4049.7,32,3,4049.8,15,2
11483,2026-07-02 14:48:21+05:30,4048.5,65,4034.92,1972117,172744.0,162661.0,4100.0,4110.0,4012.0,4092.6,25849075,4501.8,3683.4,4440.0,3288.1,4048.5,88,1,4048.3,1,1,4048.2,177,2,4048.1,176,2,4048.0,54,3,4049.0,20,1,4049.2,39,2,4049.6,51,2,4049.7,32,3,4049.8,15,2
11483,2026-07-02 14:48:22+05:30,4048.5,65,4034.92,1972182,172577.0,165059.0,4100.0,4110.0,4012.0,4092.6,25849075,4501.8,3683.4,4440.0,3288.1,4048.5,23,1,4048.3,2,2,4048.2,175,1,4048.1,175,1,4048.0,52,2,4049.0,23,2,4049.2,39,2,4049.5,23,1,4049.6,75,3,4049.7,2062,6
11483,2026-07-02 14:48:22+05:30,4048.5,7,4034.92,1972182,172577.0,165059.0,4100.0,4110.0,4012.0,4092.6,25849075,4501.8,3683.4,4440.0,3288.1,4048.5,23,1,4048.3,2,2,4048.2,175,1,4048.1,175,1,4048.0,52,2,4049.0,23,2,4049.2,39,2,4049.5,23,1,4049.6,75,3,4049.7,2062,6
11483,2026-07-02 14:48:23+05:30,4048.3,7,4034.92,1972182,172577.0,165059.0,4100.0,4110.0,4012.0,4092.6,25849075,4501.8,3683.4,4440.0,3288.1,4048.5,23,1,4048.3,2,2,4048.2,175,1,4048.1,175,1,4048.0,52,2,4049.0,23,2,4049.2,39,2,4049.5,23,1,4049.6,75,3,4049.7,2062,6
11483,2026-07-02 14:48:23+05:30,4048.3,7,4034.92,1972215,171282.0,165918.0,4100.0,4110.0,4012.0,4092.6,25849075,4501.8,3683.4,4440.0,3288.1,4048.3,1,1,4048.0,51,2,4047.4,5,1,4047.1,379,4,4047.0,3183,3,4048.5,75,5,4048.6,27,3,4048.7,15,2,4048.8,78,4,4048.9,31,3
11483,2026-07-02 14:48:24+05:30,4048.5,1,4034.92,1972215,171282.0,165918.0,4100.0,4110.0,4012.0,4092.6,25849075,4501.8,3683.4,4440.0,3288.1,4048.3,1,1,4048.0,51,2,4047.4,5,1,4047.1,379,4,4047.0,3183,3,4048.5,75,5,4048.6,27,3,4048.7,15,2,4048.8,78,4,4048.9,31,3
11483,2026-07-02 14:48:24+05:30,4048.5,1,4034.92,1972731,171773.0,166268.0,4100.0,4110.0,4012.0,4092.6,25849075,4501.8,3683.4,4440.0,3288.1,4048.3,1,1,4048.0,61,3,4047.4,5,1,4047.1,365,3,4047.0,3183,3,4048.7,87,5,4048.8,45,3,4048.9,29,2,4049.0,56,6,4049.1,80,4
11483,2026-07-02 14:48:25+05:30,4048.5,14,4034.92,1972731,171773.0,166268.0,4100.0,4110.0,4012.0,4092.6,25849075,4501.8,3683.4,4440.0,3288.1,4048.3,1,1,4048.0,61,3,4047.4,5,1,4047.1,365,3,4047.0,3183,3,4048.7,87,5,4048.8,45,3,4048.9,29,2,4049.0,56,6,4049.1,80,4
11483,2026-07-02 14:48:25+05:30,4048.5,14,4034.93,1972807,171699.0,169319.0,4100.0,4110.0,4012.0,4092.6,25849075,4501.8,3683.4,4440.0,3288.1,4048.0,64,4,4047.4,5,1,4047.1,353,2,4047.0,3183,3,4046.8,13,1,4048.3,29,1,4048.4,2757,3,4048.5,36,1,4048.6,14,1,4048.7,23,2
11483,2026-07-02 14:48:26+05:30,4048.3,8,4034.93,1972807,171699.0,169319.0,4100.0,4110.0,4012.0,4092.6,25849075,4501.8,3683.4,4440.0,3288.1,4048.0,64,4,4047.4,5,1,4047.1,353,2,4047.0,3183,3,4046.8,13,1,4048.3,29,1,4048.4,2757,3,4048.5,36,1,4048.6,14,1,4048.7,23,2
11483,2026-07-02 14:48:26+05:30,4048.3,8,4034.93,1972845,171662.0,169414.0,4100.0,4110.0,4012.0,4092.6,25849075,4501.8,3683.4,4440.0,3288.1,4048.0,36,4,4047.4,5,1,4047.1,350,1,4047.0,3183,3,4046.8,13,1,4048.3,19,1,4048.4,2766,4,4048.5,47,2,4048.6,14,1,4048.7,23,2
11483,2026-07-02 14:48:27+05:30,4048.3,1,4034.93,1972845,171662.0,169414.0,4100.0,4110.0,4012.0,4092.6,25849075,4501.8,3683.4,4440.0,3288.1,4048.0,36,4,4047.4,5,1,4047.1,350,1,4047.0,3183,3,4046.8,13,1,4048.3,19,1,4048.4,2766,4,4048.5,47,2,4048.6,14,1,4048.7,23,2
11483,2026-07-02 14:48:27+05:30,4048.3,1,4034.93,1972851,171543.0,169570.0,4100.0,4110.0,4012.0,4092.6,25849075,4501.8,3683.4,4440.0,3288.1,4048.0,31,4,4047.5,2,1,4047.4,5,1,4047.1,350,1,4047.0,3183,3,4048.3,46,6,4048.4,2803,4,4048.5,47,2,4048.6,14,1,4048.7,23,2
11483,2026-07-02 14:48:28+05:30,4048.0,1,4034.93,1972851,171543.0,169570.0,4100.0,4110.0,4012.0,4092.6,25849075,4501.8,3683.4,4440.0,3288.1,4048.0,31,4,4047.5,2,1,4047.4,5,1,4047.1,350,1,4047.0,3183,3,4048.3,46,6,4048.4,2803,4,4048.5,47,2,4048.6,14,1,4048.7,23,2
11483,2026-07-02 14:48:28+05:30,4048.0,1,4034.93,1972852,171462.0,169436.0,4100.0,4110.0,4012.0,4092.6,25849075,4501.8,3683.4,4440.0,3288.1,4048.0,30,4,4047.5,2,1,4047.4,5,1,4047.1,350,1,4047.0,3183,3,4048.3,84,8,4048.4,2803,4,4048.5,11,1,4048.6,14,1,4048.7,21,1
11483,2026-07-02 14:48:29+05:30,4048.3,8,4034.93,1972852,171462.0,169436.0,4100.0,4110.0,4012.0,4092.6,25849075,4501.8,3683.4,4440.0,3288.1,4048.0,30,4,4047.5,2,1,4047.4,5,1,4047.1,350,1,4047.0,3183,3,4048.3,84,8,4048.4,2803,4,4048.5,11,1,4048.6,14,1,4048.7,21,1
11483,2026-07-02 14:48:29+05:30,4048.3,8,4034.93,1972860,171424.0,169876.0,4100.0,4110.0,4012.0,4092.6,25849075,4501.8,3683.4,4440.0,3288.1,4048.0,30,4,4047.5,2,1,4047.4,5,1,4047.1,350,1,4047.0,3183,3,4048.3,79,9,4048.4,2803,4,4048.5,11,1,4048.6,14,1,4048.7,21,1
11483,2026-07-02 14:48:30+05:30,4048.0,1,4034.93,1972860,171424.0,169876.0,4100.0,4110.0,4012.0,4092.6,25849075,4501.8,3683.4,4440.0,3288.1,4048.0,30,4,4047.5,2,1,4047.4,5,1,4047.1,350,1,4047.0,3183,3,4048.3,79,9,4048.4,2803,4,4048.5,11,1,4048.6,14,1,4048.7,21,1
11483,2026-07-02 14:48:30+05:30,4048.3,4,4034.93,1972900,171010.0,169924.0,4100.0,4110.0,4012.0,4092.6,25849075,4501.8,3683.4,4440.0,3288.1,4048.0,29,5,4047.5,2,1,4047.4,1,1,4047.0,3183,3,4046.8,13,1,4048.2,83,3,4048.3,14,3,4048.4,2803,4,4048.5,11,1,4048.6,14,1
11483,2026-07-02 14:48:31+05:30,4048.0,3,4034.93,1972900,171010.0,169924.0,4100.0,4110.0,4012.0,4092.6,25849075,4501.8,3683.4,4440.0,3288.1,4048.0,29,5,4047.5,2,1,4047.4,1,1,4047.0,3183,3,4046.8,13,1,4048.2,83,3,4048.3,14,3,4048.4,2803,4,4048.5,11,1,4048.6,14,1
11483,2026-07-02 14:48:31+05:30,4048.0,3,4034.93,1972940,170655.0,170376.0,4100.0,4110.0,4012.0,4092.6,25849075,4501.8,3683.4,4440.0,3288.1,4047.5,2,1,4047.4,1,1,4047.0,3183,3,4046.5,12,1,4046.4,92,2,4048.0,86,6,4048.1,6,1,4048.2,24,3,4048.3,62,3,4048.4,2803,4
11483,2026-07-02 14:48:32+05:30,4048.0,4,4034.93,1972940,170655.0,170376.0,4100.0,4110.0,4012.0,4092.6,25849075,4501.8,3683.4,4440.0,3288.1,4047.5,2,1,4047.4,1,1,4047.0,3183,3,4046.5,12,1,4046.4,92,2,4048.0,86,6,4048.1,6,1,4048.2,24,3,4048.3,62,3,4048.4,2803,4
11483,2026-07-02 14:48:32+05:30,4048.0,3,4034.93,1972991,170082.0,171124.0,4100.0,4110.0,4012.0,4092.6,25849075,4501.8,3683.4,4440.0,3288.1,4047.0,3170,3,4046.4,92,2,4046.2,15,2,4046.1,117,5,4046.0,181,3,4048.0,48,7,4048.1,72,3,4048.2,106,5,4048.3,36,3,4048.4,2803,4
11483,2026-07-02 14:48:33+05:30,4047.3,14,4034.93,1972991,170082.0,171124.0,4100.0,4110.0,4012.0,4092.6,25849075,4501.8,3683.4,4440.0,3288.1,4047.0,3170,3,4046.4,92,2,4046.2,15,2,4046.1,117,5,4046.0,181,3,4048.0,48,7,4048.1,72,3,4048.2,106,5,4048.3,36,3,4048.4,2803,4
11483,2026-07-02 14:48:33+05:30,4047.0,1,4034.93,1973022,169735.0,171676.0,4100.0,4110.0,4012.0,4092.6,25849075,4501.8,3683.4,4440.0,3288.1,4047.0,3154,3,4046.4,92,2,4046.1,108,3,4046.0,187,4,4045.9,12,1,4047.3,69,1,4047.8,57,2,4047.9,107,3,4048.0,43,7,4048.1,74,3
11483,2026-07-02 14:48:34+05:30,4047.3,2,4034.93,1973022,169735.0,171676.0,4100.0,4110.0,4012.0,4092.6,25849075,4501.8,3683.4,4440.0,3288.1,4047.0,3154,3,4046.4,92,2,4046.1,108,3,4046.0,187,4,4045.9,12,1,4047.3,69,1,4047.8,57,2,4047.9,107,3,4048.0,43,7,4048.1,74,3
11483,2026-07-02 14:48:34+05:30,4047.3,2,4034.93,1973101,170147.0,171612.0,4100.0,4110.0,4012.0,4092.6,25849075,4501.8,3683.4,4440.0,3288.1,4047.3,14,1,4047.0,3146,3,4046.4,92,2,4046.2,6,1,4046.1,108,3,4047.5,10,1,4048.0,37,6,4048.1,26,2,4048.2,45,3,4048.3,86,4
11483,2026-07-02 14:48:34+05:30,4047.3,2,4034.93,1973101,170147.0,171612.0,4100.0,4110.0,4012.0,4092.6,25849075,4501.8,3683.4,4440.0,3288.1,4047.3,14,1,4047.0,3146,3,4046.4,92,2,4046.2,6,1,4046.1,108,3,4047.5,10,1,4048.0,37,6,4048.1,26,2,4048.2,45,3,4048.3,86,4
11483,2026-07-02 14:48:35+05:30,4047.3,2,4034.93,1973101,170147.0,171612.0,4100.0,4110.0,4012.0,4092.6,25849075,4501.8,3683.4,4440.0,3288.1,4047.3,14,1,4047.0,3146,3,4046.4,92,2,4046.2,6,1,4046.1,108,3,4047.5,10,1,4048.0,37,6,4048.1,26,2,4048.2,45,3,4048.3,86,4
11483,2026-07-02 14:48:35+05:30,4047.3,45,4034.93,1973101,170147.0,171612.0,4100.0,4110.0,4012.0,4092.6,25849075,4501.8,3683.4,4440.0,3288.1,4047.3,14,1,4047.0,3146,3,4046.4,92,2,4046.2,6,1,4046.1,108,3,4047.5,10,1,4048.0,37,6,4048.1,26,2,4048.2,45,3,4048.3,86,4
11483,2026-07-02 14:48:35+05:30,4047.3,45,4034.93,1973159,170127.0,171575.0,4100.0,4110.0,4012.0,4092.6,25849075,4501.8,3683.4,4440.0,3288.1,4047.3,16,1,4047.0,3146,3,4046.4,140,3,4046.2,6,1,4046.1,333,5,4047.5,10,2,4047.9,3,1,4048.0,107,8,4048.1,68,3,4048.2,45,3
11483,2026-07-02 14:48:35+05:30,4047.3,45,4034.93,1973159,170127.0,171575.0,4100.0,4110.0,4012.0,4092.6,25849075,4501.8,3683.4,4440.0,3288.1,4047.3,16,1,4047.0,3146,3,4046.4,140,3,4046.2,6,1,4046.1,333,5,4047.5,10,2,4047.9,3,1,4048.0,107,8,4048.1,68,3,4048.2,45,3
11483,2026-07-02 14:48:36+05:30,4047.3,45,4034.93,1973159,170127.0,171575.0,4100.0,4110.0,4012.0,4092.6,25849075,4501.8,3683.4,4440.0,3288.1,4047.3,16,1,4047.0,3146,3,4046.4,140,3,4046.2,6,1,4046.1,333,5,4047.5,10,2,4047.9,3,1,4048.0,107,8,4048.1,68,3,4048.2,45,3
11483,2026-07-02 14:48:36+05:30,4047.3,1,4034.93,1973159,170127.0,171575.0,4100.0,4110.0,4012.0,4092.6,25849075,4501.8,3683.4,4440.0,3288.1,4047.3,16,1,4047.0,3146,3,4046.4,140,3,4046.2,6,1,4046.1,333,5,4047.5,10,2,4047.9,3,1,4048.0,107,8,4048.1,68,3,4048.2,45,3
11483,2026-07-02 14:48:36+05:30,4047.3,1,4034.93,1973219,170316.0,171554.0,4100.0,4110.0,4012.0,4092.6,25849075,4501.8,3683.4,4440.0,3288.1,4047.3,2,1,4047.0,3146,3,4046.5,6,1,4046.4,140,3,4046.2,16,3,4047.5,4,2,4047.9,3,1,4048.0,36,6,4048.1,20,1,4048.2,41,2
11483,2026-07-02 14:48:37+05:30,4047.3,1,4034.93,1973219,170316.0,171554.0,4100.0,4110.0,4012.0,4092.6,25849075,4501.8,3683.4,4440.0,3288.1,4047.3,2,1,4047.0,3146,3,4046.5,6,1,4046.4,140,3,4046.2,16,3,4047.5,4,2,4047.9,3,1,4048.0,36,6,4048.1,20,1,4048.2,41,2
11483,2026-07-02 14:48:37+05:30,4047.3,1,4034.93,1973219,170316.0,171554.0,4100.0,4110.0,4012.0,4092.6,25849075,4501.8,3683.4,4440.0,3288.1,4047.3,2,1,4047.0,3146,3,4046.5,6,1,4046.4,140,3,4046.2,16,3,4047.5,4,2,4047.9,3,1,4048.0,36,6,4048.1,20,1,4048.2,41,2
11483,2026-07-02 14:48:37+05:30,4048.0,59,4034.93,1973374,170038.0,170762.0,4100.0,4110.0,4012.0,4092.6,25849075,4501.8,3683.4,4440.0,3288.1,4047.3,1,1,4047.0,3232,4,4046.5,6,1,4046.4,92,2,4046.2,67,4,4048.0,11,1,4048.2,62,3,4048.3,82,3,4048.4,2794,3,4048.5,56,3
11483,2026-07-02 14:48:38+05:30,4048.0,59,4034.93,1973374,170038.0,170762.0,4100.0,4110.0,4012.0,4092.6,25849075,4501.8,3683.4,4440.0,3288.1,4047.3,1,1,4047.0,3232,4,4046.5,6,1,4046.4,92,2,4046.2,67,4,4048.0,11,1,4048.2,62,3,4048.3,82,3,4048.4,2794,3,4048.5,56,3
11483,2026-07-02 14:48:38+05:30,4047.3,1,4034.93,1973374,170038.0,170762.0,4100.0,4110.0,4012.0,4092.6,25849075,4501.8,3683.4,4440.0,3288.1,4047.3,1,1,4047.0,3232,4,4046.5,6,1,4046.4,92,2,4046.2,67,4,4048.0,11,1,4048.2,62,3,4048.3,82,3,4048.4,2794,3,4048.5,56,3
11483,2026-07-02 14:48:38+05:30,4047.3,1,4034.93,1973374,170038.0,170762.0,4100.0,4110.0,4012.0,4092.6,25849075,4501.8,3683.4,4440.0,3288.1,4047.3,1,1,4047.0,3232,4,4046.5,6,1,4046.4,92,2,4046.2,67,4,4048.0,11,1,4048.2,62,3,4048.3,82,3,4048.4,2794,3,4048.5,56,3
11483,2026-07-02 14:48:38+05:30,4047.3,1,4034.93,1973433,169819.0,171716.0,4100.0,4110.0,4012.0,4092.6,25849075,4501.8,3683.4,4440.0,3288.1,4047.0,3182,4,4046.4,92,2,4046.1,108,3,4046.0,187,4,4045.9,36,2,4047.3,2,2,4048.0,91,4,4048.1,107,2,4048.2,18,1,4048.3,30,4
11483,2026-07-02 14:48:39+05:30,4047.3,1,4034.93,1973433,169819.0,171716.0,4100.0,4110.0,4012.0,4092.6,25849075,4501.8,3683.4,4440.0,3288.1,4047.0,3182,4,4046.4,92,2,4046.1,108,3,4046.0,187,4,4045.9,36,2,4047.3,2,2,4048.0,91,4,4048.1,107,2,4048.2,18,1,4048.3,30,4
11483,2026-07-02 14:48:39+05:30,4047.3,1,4034.93,1973433,169819.0,171716.0,4100.0,4110.0,4012.0,4092.6,25843125,4501.8,3683.4,4440.0,3288.1,4047.0,3182,4,4046.4,92,2,4046.1,108,3,4046.0,187,4,4045.9,36,2,4047.3,2,2,4048.0,91,4,4048.1,107,2,4048.2,18,1,4048.3,30,4
11483,2026-07-02 14:48:39+05:30,4047.0,6,4034.93,1973433,169819.0,171716.0,4100.0,4110.0,4012.0,4092.6,25843125,4501.8,3683.4,4440.0,3288.1,4047.0,3182,4,4046.4,92,2,4046.1,108,3,4046.0,187,4,4045.9,36,2,4047.3,2,2,4048.0,91,4,4048.1,107,2,4048.2,18,1,4048.3,30,4
11483,2026-07-02 14:48:39+05:30,4047.0,6,4034.93,1973433,169819.0,171716.0,4100.0,4110.0,4012.0,4092.6,25843125,4501.8,3683.4,4440.0,3288.1,4047.0,3182,4,4046.4,92,2,4046.1,108,3,4046.0,187,4,4045.9,36,2,4047.3,2,2,4048.0,91,4,4048.1,107,2,4048.2,18,1,4048.3,30,4
11483,2026-07-02 14:48:39+05:30,4047.0,6,4034.93,1973505,169991.0,172417.0,4100.0,4110.0,4012.0,4092.6,25843125,4501.8,3683.4,4440.0,3288.1,4047.0,3157,4,4046.4,92,2,4046.1,114,4,4046.0,181,3,4045.9,36,2,4047.2,34,1,4047.3,45,4,4047.4,42,1,4047.5,42,1,4047.7,42,1
11483,2026-07-02 14:48:39+05:30,4047.0,6,4034.93,1973505,169991.0,172417.0,4100.0,4110.0,4012.0,4092.6,25843125,4501.8,3683.4,4440.0,3288.1,4047.0,3157,4,4046.4,92,2,4046.1,114,4,4046.0,181,3,4045.9,36,2,4047.2,34,1,4047.3,45,4,4047.4,42,1,4047.5,42,1,4047.7,42,1
11483,2026-07-02 14:48:40+05:30,4047.0,6,4034.93,1973505,169991.0,172417.0,4100.0,4110.0,4012.0,4092.6,25843125,4501.8,3683.4,4440.0,3288.1,4047.0,3157,4,4046.4,92,2,4046.1,114,4,4046.0,181,3,4045.9,36,2,4047.2,34,1,4047.3,45,4,4047.4,42,1,4047.5,42,1,4047.7,42,1
11483,2026-07-02 14:48:40+05:30,4047.0,2,4034.93,1973505,169991.0,172417.0,4100.0,4110.0,4012.0,4092.6,25843125,4501.8,3683.4,4440.0,3288.1,4047.0,3157,4,4046.4,92,2,4046.1,114,4,4046.0,181,3,4045.9,36,2,4047.2,34,1,4047.3,45,4,4047.4,42,1,4047.5,42,1,4047.7,42,1
11483,2026-07-02 14:48:40+05:30,4047.0,19,4034.93,1973569,169174.0,171887.0,4100.0,4110.0,4012.0,4092.6,25843125,4501.8,3683.4,4440.0,3288.1,4047.0,3093,4,4046.4,136,4,4046.1,58,2,4046.0,25,1,4045.9,12,1,4047.2,42,1,4047.3,45,4,4047.4,42,1,4047.6,42,1,4048.0,35,2
11483,2026-07-02 14:48:40+05:30,4047.0,19,4034.93,1973569,169174.0,171887.0,4100.0,4110.0,4012.0,4092.6,25843125,4501.8,3683.4,4440.0,3288.1,4047.0,3093,4,4046.4,136,4,4046.1,58,2,4046.0,25,1,4045.9,12,1,4047.2,42,1,4047.3,45,4,4047.4,42,1,4047.6,42,1,4048.0,35,2
11483,2026-07-02 14:48:41+05:30,4047.0,19,4034.93,1973569,169174.0,171887.0,4100.0,4110.0,4012.0,4092.6,25843125,4501.8,3683.4,4440.0,3288.1,4047.0,3093,4,4046.4,136,4,4046.1,58,2,4046.0,25,1,4045.9,12,1,4047.2,42,1,4047.3,45,4,4047.4,42,1,4047.6,42,1,4048.0,35,2
11483,2026-07-02 14:48:41+05:30,4047.0,5,4034.93,1973569,169174.0,171887.0,4100.0,4110.0,4012.0,4092.6,25843125,4501.8,3683.4,4440.0,3288.1,4047.0,3093,4,4046.4,136,4,4046.1,58,2,4046.0,25,1,4045.9,12,1,4047.2,42,1,4047.3,45,4,4047.4,42,1,4047.6,42,1,4048.0,35,2
11483,2026-07-02 14:48:41+05:30,4047.0,40,4034.93,1973623,169921.0,172367.0,4100.0,4110.0,4012.0,4092.6,25843125,4501.8,3683.4,4440.0,3288.1,4047.0,3039,4,4046.4,109,3,4046.2,34,2,4046.1,56,2,4046.0,25,1,4047.1,34,1,4047.2,44,2,4047.3,135,5,4047.4,55,2,4047.6,42,1
11483,2026-07-02 14:48:42+05:30,4047.0,1,4034.93,1973623,169921.0,172367.0,4100.0,4110.0,4012.0,4092.6,25843125,4501.8,3683.4,4440.0,3288.1,4047.0,3039,4,4046.4,109,3,4046.2,34,2,4046.1,56,2,4046.0,25,1,4047.1,34,1,4047.2,44,2,4047.3,135,5,4047.4,55,2,4047.6,42,1
11483,2026-07-02 14:48:42+05:30,4047.0,1,4034.93,1973657,169922.0,172360.0,4100.0,4110.0,4012.0,4092.6,25843125,4501.8,3683.4,4440.0,3288.1,4047.0,3005,4,4046.4,92,2,4046.2,10,1,4046.1,31,1,4046.0,25,1,4047.1,34,1,4047.2,56,3,4047.3,135,5,4047.4,42,1,4047.6,42,1
11483,2026-07-02 14:48:43+05:30,4047.0,111,4034.93,1973657,169922.0,172360.0,4100.0,4110.0,4012.0,4092.6,25843125,4501.8,3683.4,4440.0,3288.1,4047.0,3005,4,4046.4,92,2,4046.2,10,1,4046.1,31,1,4046.0,25,1,4047.1,34,1,4047.2,56,3,4047.3,135,5,4047.4,42,1,4047.6,42,1
11483,2026-07-02 14:48:43+05:30,4047.0,111,4034.93,1973785,170110.0,172317.0,4100.0,4110.0,4012.0,4092.6,25843125,4501.8,3683.4,4440.0,3288.1,4047.0,2883,4,4046.4,92,2,4046.2,10,1,4046.1,31,1,4046.0,25,1,4047.1,30,1,4047.2,42,1,4047.3,135,5,4047.4,54,2,4047.6,42,1
11483,2026-07-02 14:48:44+05:30,4047.0,2,4034.93,1973785,170110.0,172317.0,4100.0,4110.0,4012.0,4092.6,25843125,4501.8,3683.4,4440.0,3288.1,4047.0,2883,4,4046.4,92,2,4046.2,10,1,4046.1,31,1,4046.0,25,1,4047.1,30,1,4047.2,42,1,4047.3,135,5,4047.4,54,2,4047.6,42,1
11483,2026-07-02 14:48:44+05:30,4047.0,2,4034.93,1973803,169912.0,173185.0,4100.0,4110.0,4012.0,4092.6,25843125,4501.8,3683.4,4440.0,3288.1,4047.0,2865,4,4046.4,96,3,4046.1,37,2,4046.0,25,1,4045.9,12,1,4047.2,55,2,4047.3,135,5,4047.4,42,1,4047.6,42,1,4047.7,94,2
11483,2026-07-02 14:48:45+05:30,4047.0,1,4034.93,1973803,169912.0,173185.0,4100.0,4110.0,4012.0,4092.6,25843125,4501.8,3683.4,4440.0,3288.1,4047.0,2865,4,4046.4,96,3,4046.1,37,2,4046.0,25,1,4045.9,12,1,4047.2,55,2,4047.3,135,5,4047.4,42,1,4047.6,42,1,4047.7,94,2
11483,2026-07-02 14:48:45+05:30,4047.2,4,4034.93,1973837,170172.0,173578.0,4100.0,4110.0,4012.0,4092.6,25843125,4501.8,3683.4,4440.0,3288.1,4047.0,2838,4,4046.4,96,3,4046.1,31,1,4046.0,71,3,4045.9,12,1,4047.2,48,2,4047.3,135,5,4047.4,42,1,4047.6,42,1,4047.7,94,2
11483,2026-07-02 14:48:46+05:30,4047.0,7,4034.93,1973837,170172.0,173578.0,4100.0,4110.0,4012.0,4092.6,25843125,4501.8,3683.4,4440.0,3288.1,4047.0,2838,4,4046.4,96,3,4046.1,31,1,4046.0,71,3,4045.9,12,1,4047.2,48,2,4047.3,135,5,4047.4,42,1,4047.6,42,1,4047.7,94,2
11483,2026-07-02 14:48:46+05:30,4047.0,7,4034.93,1973855,170233.0,173223.0,4100.0,4110.0,4012.0,4092.6,25843125,4501.8,3683.4,4440.0,3288.1,4047.0,2827,4,4046.4,96,3,4046.2,6,1,4046.1,31,1,4046.0,65,2,4047.2,48,2,4047.3,135,5,4047.4,42,1,4047.6,42,1,4047.7,94,2
11483,2026-07-02 14:48:47+05:30,4047.0,3,4034.93,1973855,170233.0,173223.0,4100.0,4110.0,4012.0,4092.6,25843125,4501.8,3683.4,4440.0,3288.1,4047.0,2827,4,4046.4,96,3,4046.2,6,1,4046.1,31,1,4046.0,65,2,4047.2,48,2,4047.3,135,5,4047.4,42,1,4047.6,42,1,4047.7,94,2
11483,2026-07-02 14:48:47+05:30,4047.0,15,4034.93,1973941,170214.0,173483.0,4100.0,4110.0,4012.0,4092.6,25843125,4501.8,3683.4,4440.0,3288.1,4047.0,2851,5,4046.4,96,3,4046.2,6,1,4046.1,31,1,4046.0,25,1,4047.2,50,3,4047.3,135,5,4047.4,42,1,4047.6,145,3,4047.7,15,1
11483,2026-07-02 14:48:48+05:30,4047.0,13,4034.93,1973941,170214.0,173483.0,4100.0,4110.0,4012.0,4092.6,25843125,4501.8,3683.4,4440.0,3288.1,4047.0,2851,5,4046.4,96,3,4046.2,6,1,4046.1,31,1,4046.0,25,1,4047.2,50,3,4047.3,135,5,4047.4,42,1,4047.6,145,3,4047.7,15,1
11483,2026-07-02 14:48:48+05:30,4047.0,14,4034.93,1974058,169923.0,173678.0,4100.0,4110.0,4012.0,4092.6,25843125,4501.8,3683.4,4440.0,3288.1,4047.0,2734,5,4046.4,65,2,4046.2,6,1,4046.1,31,1,4046.0,25,1,4047.2,37,2,4047.3,135,5,4047.4,54,2,4047.6,66,2,4047.7,15,1
11483,2026-07-02 14:48:49+05:30,4047.0,9,4034.93,1974058,169923.0,173678.0,4100.0,4110.0,4012.0,4092.6,25843125,4501.8,3683.4,4440.0,3288.1,4047.0,2734,5,4046.4,65,2,4046.2,6,1,4046.1,31,1,4046.0,25,1,4047.2,37,2,4047.3,135,5,4047.4,54,2,4047.6,66,2,4047.7,15,1
11483,2026-07-02 14:48:49+05:30,4047.0,5,4034.93,1974135,169939.0,173808.0,4100.0,4110.0,4012.0,4092.6,25843125,4501.8,3683.4,4440.0,3288.1,4047.0,2757,6,4046.4,65,2,4046.0,25,1,4045.9,18,2,4045.8,30,1,4047.1,50,1,4047.2,89,6,4047.3,142,6,4047.4,51,2,4047.5,11,1
11483,2026-07-02 14:48:50+05:30,4047.0,7,4034.93,1974135,169939.0,173808.0,4100.0,4110.0,4012.0,4092.6,25843125,4501.8,3683.4,4440.0,3288.1,4047.0,2757,6,4046.4,65,2,4046.0,25,1,4045.9,18,2,4045.8,30,1,4047.1,50,1,4047.2,89,6,4047.3,142,6,4047.4,51,2,4047.5,11,1
11483,2026-07-02 14:48:50+05:30,4047.0,15,4034.93,1974207,170086.0,173861.0,4100.0,4110.0,4012.0,4092.6,25843125,4501.8,3683.4,4440.0,3288.1,4047.0,2685,6,4046.4,65,2,4046.0,31,2,4045.9,12,1,4045.8,30,1,4047.1,79,3,4047.2,35,1,4047.3,166,7,4047.4,73,4,4047.5,11,1
11483,2026-07-02 14:48:51+05:30,4047.0,7,4034.93,1974207,170086.0,173861.0,4100.0,4110.0,4012.0,4092.6,25843125,4501.8,3683.4,4440.0,3288.1,4047.0,2685,6,4046.4,65,2,4046.0,31,2,4045.9,12,1,4045.8,30,1,4047.1,79,3,4047.2,35,1,4047.3,166,7,4047.4,73,4,4047.5,11,1
11483,2026-07-02 14:48:51+05:30,4047.0,7,4034.93,1974223,170061.0,173937.0,4100.0,4110.0,4012.0,4092.6,25843125,4501.8,3683.4,4440.0,3288.1,4047.0,2660,7,4046.4,65,2,4046.0,25,1,4045.9,12,1,4045.8,36,2,4047.1,80,4,4047.2,48,2,4047.3,159,6,4047.4,60,3,4047.5,94,2
11483,2026-07-02 14:48:52+05:30,4047.1,1,4034.93,1974223,170061.0,173937.0,4100.0,4110.0,4012.0,4092.6,25843125,4501.8,3683.4,4440.0,3288.1,4047.0,2660,7,4046.4,65,2,4046.0,25,1,4045.9,12,1,4045.8,36,2,4047.1,80,4,4047.2,48,2,4047.3,159,6,4047.4,60,3,4047.5,94,2
11483,2026-07-02 14:48:52+05:30,4047.0,7,4034.94,1974413,169960.0,174633.0,4100.0,4110.0,4012.0,4092.6,25843125,4501.8,3683.4,4440.0,3288.1,4047.0,2534,8,4046.4,65,2,4046.0,25,1,4045.9,66,3,4045.8,30,1,4047.1,66,3,4047.2,35,1,4047.3,186,7,4047.4,42,1,4047.5,16,2
11483,2026-07-02 14:48:53+05:30,4047.0,13,4034.94,1974413,169960.0,174633.0,4100.0,4110.0,4012.0,4092.6,25843125,4501.8,3683.4,4440.0,3288.1,4047.0,2534,8,4046.4,65,2,4046.0,25,1,4045.9,66,3,4045.8,30,1,4047.1,66,3,4047.2,35,1,4047.3,186,7,4047.4,42,1,4047.5,16,2
11483,2026-07-02 14:48:53+05:30,4047.0,1,4034.94,1974521,169837.0,174635.0,4100.0,4110.0,4012.0,4092.6,25843125,4501.8,3683.4,4440.0,3288.1,4047.0,2426,8,4046.4,65,2,4046.0,25,1,4045.9,6,1,4045.8,30,1,4047.1,68,4,4047.2,35,1,4047.3,186,7,4047.4,42,1,4047.5,16,2
11483,2026-07-02 14:48:54+05:30,4047.1,2,4034.94,1974521,169837.0,174635.0,4100.0,4110.0,4012.0,4092.6,25843125,4501.8,3683.4,4440.0,3288.1,4047.0,2426,8,4046.4,65,2,4046.0,25,1,4045.9,6,1,4045.8,30,1,4047.1,68,4,4047.2,35,1,4047.3,186,7,4047.4,42,1,4047.5,16,2
11483,2026-07-02 14:48:54+05:30,4047.0,15,4034.94,1974655,169549.0,174772.0,4100.0,4110.0,4012.0,4092.6,25843125,4501.8,3683.4,4440.0,3288.1,4047.0,2294,8,4046.4,65,2,4046.0,25,1,4045.9,6,1,4045.8,30,1,4047.1,66,4,4047.2,35,1,4047.3,162,6,4047.4,42,1,4047.5,5,1
11483,2026-07-02 14:48:55+05:30,4047.0,2,4034.94,1974655,169549.0,174772.0,4100.0,4110.0,4012.0,4092.6,25843125,4501.8,3683.4,4440.0,3288.1,4047.0,2294,8,4046.4,65,2,4046.0,25,1,4045.9,6,1,4045.8,30,1,4047.1,66,4,4047.2,35,1,4047.3,162,6,4047.4,42,1,4047.5,5,1
11483,2026-07-02 14:48:55+05:30,4047.0,1,4034.94,1974783,169527.0,174705.0,4100.0,4110.0,4012.0,4092.6,25843125,4501.8,3683.4,4440.0,3288.1,4047.0,2169,9,4046.4,65,2,4046.2,46,2,4046.1,6,1,4046.0,52,2,4047.1,20,3,4047.2,35,1,4047.3,135,5,4047.4,42,1,4047.5,5,1
11483,2026-07-02 14:48:56+05:30,4047.0,6,4034.94,1974783,169527.0,174705.0,4100.0,4110.0,4012.0,4092.6,25843125,4501.8,3683.4,4440.0,3288.1,4047.0,2169,9,4046.4,65,2,4046.2,46,2,4046.1,6,1,4046.0,52,2,4047.1,20,3,4047.2,35,1,4047.3,135,5,4047.4,42,1,4047.5,5,1
11483,2026-07-02 14:48:56+05:30,4047.0,2,4034.94,1974863,169593.0,174711.0,4100.0,4110.0,4012.0,4092.6,25843125,4501.8,3683.4,4440.0,3288.1,4047.0,2164,10,4046.4,65,2,4046.2,24,1,4046.1,6,1,4046.0,55,2,4047.1,20,3,4047.2,35,1,4047.3,135,5,4047.4,42,1,4047.5,5,1
11483,2026-07-02 14:48:57+05:30,4047.0,388,4034.94,1974863,169593.0,174711.0,4100.0,4110.0,4012.0,4092.6,25843125,4501.8,3683.4,4440.0,3288.1,4047.0,2164,10,4046.4,65,2,4046.2,24,1,4046.1,6,1,4046.0,55,2,4047.1,20,3,4047.2,35,1,4047.3,135,5,4047.4,42,1,4047.5,5,1
11483,2026-07-02 14:48:57+05:30,4047.0,388,4034.94,1975407,169026.0,174717.0,4100.0,4110.0,4012.0,4092.6,25843125,4501.8,3683.4,4440.0,3288.1,4047.0,1620,10,4046.4,65,2,4046.0,25,1,4045.9,84,3,4045.8,86,3,4047.1,20,3,4047.2,35,1,4047.3,135,5,4047.4,42,1,4047.5,5,1
11483,2026-07-02 14:48:58+05:30,4047.0,5,4034.94,1975407,169026.0,174717.0,4100.0,4110.0,4012.0,4092.6,25843125,4501.8,3683.4,4440.0,3288.1,4047.0,1620,10,4046.4,65,2,4046.0,25,1,4045.9,84,3,4045.8,86,3,4047.1,20,3,4047.2,35,1,4047.3,135,5,4047.4,42,1,4047.5,5,1
11483,2026-07-02 14:48:58+05:30,4047.1,7,4034.94,1975936,167836.0,174897.0,4100.0,4110.0,4012.0,4092.6,25843125,4501.8,3683.4,4440.0,3288.1,4047.0,1038,9,4046.4,65,2,4046.0,25,1,4045.9,36,2,4045.8,30,1,4047.1,60,4,4047.2,48,2,4047.3,135,5,4047.4,42,1,4047.5,5,1
11483,2026-07-02 14:48:59+05:30,4047.0,3,4034.94,1975936,167836.0,174897.0,4100.0,4110.0,4012.0,4092.6,25843125,4501.8,3683.4,4440.0,3288.1,4047.0,1038,9,4046.4,65,2,4046.0,25,1,4045.9,36,2,4045.8,30,1,4047.1,60,4,4047.2,48,2,4047.3,135,5,4047.4,42,1,4047.5,5,1
11483,2026-07-02 14:48:59+05:30,4047.0,3,4034.95,1976127,167945.0,175333.0,4100.0,4110.0,4012.0,4092.6,25843125,4501.8,3683.4,4440.0,3288.1,4047.0,947,9,4046.4,65,2,4046.0,25,1,4045.9,9,1,4045.8,30,1,4047.1,469,2,4047.2,48,2,4047.3,135,5,4047.4,42,1,4047.5,99,3
11483,2026-07-02 14:49:00+05:30,4046.3,388,4034.95,1976127,167945.0,175333.0,4100.0,4110.0,4012.0,4092.6,25843125,4501.8,3683.4,4440.0,3288.1,4047.0,947,9,4046.4,65,2,4046.0,25,1,4045.9,9,1,4045.8,30,1,4047.1,469,2,4047.2,48,2,4047.3,135,5,4047.4,42,1,4047.5,99,3
11483,2026-07-02 14:49:00+05:30,4047.2,3,4034.97,1981322,168084.0,174514.0,4100.0,4110.0,4012.0,4092.6,25843125,4501.8,3683.4,4440.0,3288.1,4046.8,47,4,4046.7,65,4,4046.6,9,1,4046.5,41,2,4046.4,51,3,4047.2,32,1,4047.3,93,4,4047.5,5,1,4047.9,2,1,4048.0,61,3
11483,2026-07-02 14:49:01+05:30,4046.8,163,4034.97,1981322,168084.0,174514.0,4100.0,4110.0,4012.0,4092.6,25843125,4501.8,3683.4,4440.0,3288.1,4046.8,47,4,4046.7,65,4,4046.6,9,1,4046.5,41,2,4046.4,51,3,4047.2,32,1,4047.3,93,4,4047.5,5,1,4047.9,2,1,4048.0,61,3
11483,2026-07-02 14:49:01+05:30,4046.8,163,4034.97,1981587,167721.0,175122.0,4100.0,4110.0,4012.0,4092.6,25843125,4501.8,3683.4,4440.0,3288.1,4046.7,73,2,4046.5,7,1,4046.3,30,3,4046.1,20,3,4046.0,84,2,4046.8,71,2,4047.0,43,2,4047.1,42,1,4047.2,32,1,4047.3,135,5
11483,2026-07-02 14:49:02+05:30,4046.7,18,4034.97,1981587,167721.0,175122.0,4100.0,4110.0,4012.0,4092.6,25843125,4501.8,3683.4,4440.0,3288.1,4046.7,73,2,4046.5,7,1,4046.3,30,3,4046.1,20,3,4046.0,84,2,4046.8,71,2,4047.0,43,2,4047.1,42,1,4047.2,32,1,4047.3,135,5
11483,2026-07-02 14:49:02+05:30,4046.7,2,4034.97,1981645,167784.0,174928.0,4100.0,4110.0,4012.0,4092.6,25843125,4501.8,3683.4,4440.0,3288.1,4046.7,13,1,4046.3,14,2,4046.1,19,2,4046.0,104,3,4045.9,14,1,4046.8,152,3,4047.0,43,2,4047.1,42,1,4047.2,32,1,4047.3,135,5
11483,2026-07-02 14:49:03+05:30,4046.7,3,4034.97,1981645,167784.0,174928.0,4100.0,4110.0,4012.0,4092.6,25843125,4501.8,3683.4,4440.0,3288.1,4046.7,13,1,4046.3,14,2,4046.1,19,2,4046.0,104,3,4045.9,14,1,4046.8,152,3,4047.0,43,2,4047.1,42,1,4047.2,32,1,4047.3,135,5
11483,2026-07-02 14:49:03+05:30,4046.6,5,4034.97,1981697,167763.0,175694.0,4100.0,4110.0,4012.0,4092.6,25843125,4501.8,3683.4,4440.0,3288.1,4046.6,28,1,4046.3,40,2,4046.1,19,2,4046.0,104,3,4045.9,14,1,4046.7,83,2,4046.8,71,2,4046.9,42,1,4047.0,43,2,4047.2,74,2
11483,2026-07-02 14:49:04+05:30,4046.8,10,4034.97,1981697,167763.0,175694.0,4100.0,4110.0,4012.0,4092.6,25843125,4501.8,3683.4,4440.0,3288.1,4046.6,28,1,4046.3,40,2,4046.1,19,2,4046.0,104,3,4045.9,14,1,4046.7,83,2,4046.8,71,2,4046.9,42,1,4047.0,43,2,4047.2,74,2
11483,2026-07-02 14:49:04+05:30,4046.7,2,4034.98,1981897,167606.0,175701.0,4100.0,4110.0,4012.0,4092.6,25843125,4501.8,3683.4,4440.0,3288.1,4046.7,12,1,4046.6,40,1,4046.3,52,3,4046.1,21,2,4046.0,104,3,4046.8,142,3,4047.0,88,3,4047.1,57,2,4047.2,32,1,4047.3,135,5
11483,2026-07-02 14:49:05+05:30,4046.7,6,4034.98,1981897,167606.0,175701.0,4100.0,4110.0,4012.0,4092.6,25843125,4501.8,3683.4,4440.0,3288.1,4046.7,12,1,4046.6,40,1,4046.3,52,3,4046.1,21,2,4046.0,104,3,4046.8,142,3,4047.0,88,3,4047.1,57,2,4047.2,32,1,4047.3,135,5
11483,2026-07-02 14:49:05+05:30,4046.8,8,4034.98,1982165,167848.0,175496.0,4100.0,4110.0,4012.0,4092.6,25843125,4501.8,3683.4,4440.0,3288.1,4046.6,71,2,4046.2,24,1,4046.1,22,3,4046.0,54,2,4045.9,14,1,4046.8,71,2,4047.0,88,3,4047.1,57,2,4047.2,32,1,4047.3,135,5
11483,2026-07-02 14:49:06+05:30,4046.7,7,4034.98,1982165,167848.0,175496.0,4100.0,4110.0,4012.0,4092.6,25843125,4501.8,3683.4,4440.0,3288.1,4046.6,71,2,4046.2,24,1,4046.1,22,3,4046.0,54,2,4045.9,14,1,4046.8,71,2,4047.0,88,3,4047.1,57,2,4047.2,32,1,4047.3,135,5
11483,2026-07-02 14:49:07+05:30,4047.5,10,4034.98,1982848,168623.0,173763.0,4100.0,4110.0,4012.0,4092.6,25843125,4501.8,3683.4,4440.0,3288.1,4047.4,10,1,4046.9,36,2,4046.8,24,1,4046.7,24,1,4046.6,61,3,4048.0,61,3,4048.3,31,3,4048.4,2746,2,4048.5,150,5,4048.8,95,4
11483,2026-07-02 14:49:07+05:30,4047.5,10,4034.98,1982848,168623.0,173763.0,4100.0,4110.0,4012.0,4092.6,25843125,4501.8,3683.4,4440.0,3288.1,4047.4,10,1,4046.9,36,2,4046.8,24,1,4046.7,24,1,4046.6,61,3,4048.0,61,3,4048.3,31,3,4048.4,2746,2,4048.5,150,5,4048.8,95,4
11483,2026-07-02 14:49:08+05:30,4048.1,42,4034.98,1983077,169926.0,173011.0,4100.0,4110.0,4012.0,4092.6,25843125,4501.8,3683.4,4440.0,3288.1,4048.1,30,2,4048.0,26,3,4047.9,46,2,4047.8,70,2,4047.7,7,1,4048.3,31,3,4048.4,2746,2,4048.5,100,3,4048.9,2,1,4049.0,1359,13
11483,2026-07-02 14:49:08+05:30,4048.1,1,4034.98,1983077,169926.0,173011.0,4100.0,4110.0,4012.0,4092.6,25843125,4501.8,3683.4,4440.0,3288.1,4048.1,30,2,4048.0,26,3,4047.9,46,2,4047.8,70,2,4047.7,7,1,4048.3,31,3,4048.4,2746,2,4048.5,100,3,4048.9,2,1,4049.0,1359,13
11483,2026-07-02 14:49:08+05:30,4048.1,1,4034.98,1983092,168933.0,172935.0,4100.0,4110.0,4012.0,4092.6,25843125,4501.8,3683.4,4440.0,3288.1,4048.1,2,1,4048.0,6,1,4047.8,42,1,4047.7,7,1,4047.4,11,2,4048.3,72,3,4048.4,2788,3,4048.5,142,4,4048.6,74,1,4048.7,42,1
11483,2026-07-02 14:49:09+05:30,4048.1,7,4034.98,1983092,168933.0,172935.0,4100.0,4110.0,4012.0,4092.6,25843125,4501.8,3683.4,4440.0,3288.1,4048.1,2,1,4048.0,6,1,4047.8,42,1,4047.7,7,1,4047.4,11,2,4048.3,72,3,4048.4,2788,3,4048.5,142,4,4048.6,74,1,4048.7,42,1
11483,2026-07-02 14:49:09+05:30,4048.0,4,4034.98,1983114,169773.0,173836.0,4100.0,4110.0,4012.0,4092.6,25843125,4501.8,3683.4,4440.0,3288.1,4047.8,42,1,4047.7,7,1,4047.4,11,2,4047.3,48,1,4047.2,74,2,4048.3,70,3,4048.4,2788,3,4048.5,142,4,4048.6,74,1,4048.7,42,1
11483,2026-07-02 14:49:10+05:30,4048.0,3,4034.98,1983114,169773.0,173836.0,4100.0,4110.0,4012.0,4092.6,25843125,4501.8,3683.4,4440.0,3288.1,4047.8,42,1,4047.7,7,1,4047.4,11,2,4047.3,48,1,4047.2,74,2,4048.3,70,3,4048.4,2788,3,4048.5,142,4,4048.6,74,1,4048.7,42,1
11483,2026-07-02 14:49:11+05:30,4047.8,1,4034.98,1983163,170266.0,174428.0,4100.0,4110.0,4012.0,4092.6,25843125,4501.8,3683.4,4440.0,3288.1,4047.7,27,3,4047.5,500,1,4047.4,11,2,4047.3,48,1,4047.2,46,1,4047.8,2,2,4047.9,69,1,4048.0,89,2,4048.1,42,1,4048.2,42,1
11483,2026-07-02 14:49:11+05:30,4047.7,1,4034.98,1983163,170266.0,174428.0,4100.0,4110.0,4012.0,4092.6,25843125,4501.8,3683.4,4440.0,3288.1,4047.7,27,3,4047.5,500,1,4047.4,11,2,4047.3,48,1,4047.2,46,1,4047.8,2,2,4047.9,69,1,4048.0,89,2,4048.1,42,1,4048.2,42,1
11483,2026-07-02 14:49:12+05:30,4047.7,1,4034.98,1983165,170315.0,174450.0,4100.0,4110.0,4012.0,4092.6,25843125,4501.8,3683.4,4440.0,3288.1,4047.7,27,4,4047.5,500,1,4047.4,11,2,4047.3,98,2,4047.2,46,1,4047.8,71,3,4048.0,131,3,4048.1,42,1,4048.3,72,4,4048.4,2763,3
11483,2026-07-02 14:49:12+05:30,4048.6,226,4034.98,1983165,170315.0,174450.0,4100.0,4110.0,4012.0,4092.6,25843125,4501.8,3683.4,4440.0,3288.1,4047.7,27,4,4047.5,500,1,4047.4,11,2,4047.3,98,2,4047.2,46,1,4047.8,71,3,4048.0,131,3,4048.1,42,1,4048.3,72,4,4048.4,2763,3
11483,2026-07-02 14:49:13+05:30,4048.7,5,4035.01,1986811,172098.0,170012.0,4100.0,4110.0,4012.0,4092.6,25843125,4501.8,3683.4,4440.0,3288.1,4048.7,3,1,4048.6,11,2,4048.5,33,3,4048.4,10,1,4048.3,18,1,4048.8,78,1,4049.0,1359,13,4049.2,46,3,4049.5,2,1,4049.6,67,2
11483,2026-07-02 14:49:13+05:30,4048.7,5,4035.01,1986811,172098.0,170012.0,4100.0,4110.0,4012.0,4092.6,25843125,4501.8,3683.4,4440.0,3288.1,4048.7,3,1,4048.6,11,2,4048.5,33,3,4048.4,10,1,4048.3,18,1,4048.8,78,1,4049.0,1359,13,4049.2,46,3,4049.5,2,1,4049.6,67,2
11483,2026-07-02 14:49:14+05:30,4048.6,10,4035.01,1986822,172100.0,170752.0,4100.0,4110.0,4012.0,4092.6,25843125,4501.8,3683.4,4440.0,3288.1,4048.4,10,1,4048.1,3,1,4048.0,5,2,4047.9,52,3,4047.8,100,4,4048.6,11,1,4048.8,78,1,4048.9,43,2,4049.0,1401,14,4049.1,42,1
11483,2026-07-02 14:49:14+05:30,4048.6,42,4035.01,1986822,172100.0,170752.0,4100.0,4110.0,4012.0,4092.6,25843125,4501.8,3683.4,4440.0,3288.1,4048.4,10,1,4048.1,3,1,4048.0,5,2,4047.9,52,3,4047.8,100,4,4048.6,11,1,4048.8,78,1,4048.9,43,2,4049.0,1401,14,4049.1,42,1
11483,2026-07-02 14:49:15+05:30,4048.6,42,4035.01,1986953,171807.0,171184.0,4100.0,4110.0,4012.0,4092.6,25843125,4501.8,3683.4,4440.0,3288.1,4048.6,43,1,4048.5,16,1,4048.1,35,1,4048.0,2,1,4047.8,7,1,4048.7,39,1,4048.9,43,2,4049.0,1401,14,4049.2,88,4,4049.3,6,1
11483,2026-07-02 14:49:16+05:30,4048.7,1,4035.01,1987087,172118.0,171287.0,4100.0,4110.0,4012.0,4092.6,25843125,4501.8,3683.4,4440.0,3288.1,4048.6,49,2,4048.0,2,1,4047.8,7,1,4047.6,59,2,4047.5,523,2,4048.7,35,2,4048.8,42,1,4048.9,67,3,4049.0,1401,14,4049.2,94,5
11483,2026-07-02 14:49:16+05:30,4048.7,1,4035.01,1987087,172118.0,171287.0,4100.0,4110.0,4012.0,4092.6,25843125,4501.8,3683.4,4440.0,3288.1,4048.6,49,2,4048.0,2,1,4047.8,7,1,4047.6,59,2,4047.5,523,2,4048.7,35,2,4048.8,42,1,4048.9,67,3,4049.0,1401,14,4049.2,94,5
11483,2026-07-02 14:49:17+05:30,4048.7,1,4035.01,1987142,172013.0,171240.0,4100.0,4110.0,4012.0,4092.6,25843125,4501.8,3683.4,4440.0,3288.1,4048.7,49,1,4048.6,49,2,4047.8,7,1,4047.6,2,1,4047.5,539,3,4048.8,42,1,4048.9,66,2,4049.0,1401,14,4049.1,14,1,4049.2,94,5
11483,2026-07-02 14:49:18+05:30,4048.9,36,4035.01,1987359,171907.0,171146.0,4100.0,4110.0,4012.0,4092.6,25843125,4501.8,3683.4,4440.0,3288.1,4048.7,20,1,4048.6,52,4,4047.6,59,2,4047.5,523,2,4047.4,11,2,4048.9,6,1,4049.0,1401,14,4049.1,84,3,4049.2,46,3,4049.3,59,2
11483,2026-07-02 14:49:18+05:30,4048.9,36,4035.01,1987359,171907.0,171146.0,4100.0,4110.0,4012.0,4092.6,25843125,4501.8,3683.4,4440.0,3288.1,4048.7,20,1,4048.6,52,4,4047.6,59,2,4047.5,523,2,4047.4,11,2,4048.9,6,1,4049.0,1401,14,4049.1,84,3,4049.2,46,3,4049.3,59,2
11483,2026-07-02 14:49:19+05:30,4048.9,36,4035.01,1987359,171941.0,171128.0,4100.0,4110.0,4012.0,4092.6,25843125,4501.8,3683.4,4440.0,3288.1,4048.7,57,5,4047.6,59,2,4047.5,523,2,4047.4,11,2,4047.3,106,3,4049.0,1372,14,4049.1,36,1,4049.2,52,4,4049.3,17,1,4049.4,24,1
11483,2026-07-02 14:49:19+05:30,4048.7,5,4035.01,1987359,171941.0,171128.0,4100.0,4110.0,4012.0,4092.6,25843125,4501.8,3683.4,4440.0,3288.1,4048.7,57,5,4047.6,59,2,4047.5,523,2,4047.4,11,2,4047.3,106,3,4049.0,1372,14,4049.1,36,1,4049.2,52,4,4049.3,17,1,4049.4,24,1
11483,2026-07-02 14:49:20+05:30,4048.7,1,4035.02,1987891,171338.0,170466.0,4100.0,4110.0,4012.0,4092.6,25843125,4501.8,3683.4,4440.0,3288.1,4048.7,29,4,4048.6,2,1,4047.6,57,1,4047.5,23,1,4047.4,10,1,4048.8,2,1,4049.0,979,6,4049.1,24,1,4049.2,46,3,4049.3,2,1
11483,2026-07-02 14:49:20+05:30,4048.7,1,4035.02,1987891,171338.0,170466.0,4100.0,4110.0,4012.0,4092.6,25843125,4501.8,3683.4,4440.0,3288.1,4048.7,29,4,4048.6,2,1,4047.6,57,1,4047.5,23,1,4047.4,10,1,4048.8,2,1,4049.0,979,6,4049.1,24,1,4049.2,46,3,4049.3,2,1
11483,2026-07-02 14:49:21+05:30,4048.7,1,4035.02,1987891,171354.0,170432.0,4100.0,4110.0,4012.0,4092.6,25843125,4501.8,3683.4,4440.0,3288.1,4048.7,29,4,4048.6,2,1,4047.6,57,1,4047.5,23,1,4047.4,58,2,4048.8,2,1,4049.0,979,6,4049.1,6,1,4049.2,46,3,4049.3,2,1
11483,2026-07-02 14:49:22+05:30,4048.7,1,4035.02,1987891,171344.0,170289.0,4100.0,4110.0,4012.0,4092.6,25843125,4501.8,3683.4,4440.0,3288.1,4048.7,29,4,4048.6,2,1,4047.6,57,1,4047.5,23,1,4047.4,58,2,4048.8,9,3,4048.9,6,1,4049.0,984,7,4049.2,46,3,4049.3,2,1
11483,2026-07-02 14:49:23+05:30,4048.7,1,4035.02,1987891,171347.0,170202.0,4100.0,4110.0,4012.0,4092.6,25843125,4501.8,3683.4,4440.0,3288.1,4048.7,32,5,4048.6,2,1,4047.6,57,1,4047.5,23,1,4047.4,58,2,4048.8,10,4,4048.9,3,1,4049.0,990,8,4049.1,12,1,4049.2,46,3
11483,2026-07-02 14:49:24+05:30,4049.0,1,4035.02,1988405,171493.0,169594.0,4100.0,4110.0,4012.0,4092.6,25843125,4501.8,3683.4,4440.0,3288.1,4048.8,39,5,4048.6,2,1,4047.7,49,1,4047.6,57,1,4047.5,61,2,4049.0,493,7,4049.2,46,3,4049.3,18,1,4049.4,24,1,4049.5,52,3
11483,2026-07-02 14:49:24+05:30,4049.0,1,4035.02,1988405,171493.0,169594.0,4100.0,4110.0,4012.0,4092.6,25843125,4501.8,3683.4,4440.0,3288.1,4048.8,39,5,4048.6,2,1,4047.7,49,1,4047.6,57,1,4047.5,61,2,4049.0,493,7,4049.2,46,3,4049.3,18,1,4049.4,24,1,4049.5,52,3
11483,2026-07-02 14:49:25+05:30,4048.8,5,4035.02,1988405,171493.0,169594.0,4100.0,4110.0,4012.0,4092.6,25843125,4501.8,3683.4,4440.0,3288.1,4048.8,39,5,4048.6,2,1,4047.7,49,1,4047.6,57,1,4047.5,61,2,4049.0,493,7,4049.2,46,3,4049.3,18,1,4049.4,24,1,4049.5,52,3
11483,2026-07-02 14:49:25+05:30,4048.8,5,4035.02,1988415,171500.0,169928.0,4100.0,4110.0,4012.0,4092.6,25843125,4501.8,3683.4,4440.0,3288.1,4048.8,34,5,4048.7,50,1,4048.6,2,1,4048.0,50,1,4047.6,57,1,4049.0,505,8,4049.2,46,3,4049.3,24,1,4049.4,24,1,4049.5,52,3
11483,2026-07-02 14:49:26+05:30,4049.0,7,4035.02,1988415,171500.0,169928.0,4100.0,4110.0,4012.0,4092.6,25843125,4501.8,3683.4,4440.0,3288.1,4048.8,34,5,4048.7,50,1,4048.6,2,1,4048.0,50,1,4047.6,57,1,4049.0,505,8,4049.2,46,3,4049.3,24,1,4049.4,24,1,4049.5,52,3
11483,2026-07-02 14:49:26+05:30,4049.0,4,4035.02,1988426,171520.0,170071.0,4100.0,4110.0,4012.0,4092.6,25843125,4501.8,3683.4,4440.0,3288.1,4048.8,34,5,4048.7,50,1,4048.6,1,1,4048.0,55,2,4047.6,58,2,4049.0,482,7,4049.2,46,3,4049.4,24,1,4049.5,4,2,4049.6,95,3
11483,2026-07-02 14:49:27+05:30,4049.0,1,4035.02,1988426,171520.0,170071.0,4100.0,4110.0,4012.0,4092.6,25843125,4501.8,3683.4,4440.0,3288.1,4048.8,34,5,4048.7,50,1,4048.6,1,1,4048.0,55,2,4047.6,58,2,4049.0,482,7,4049.2,46,3,4049.4,24,1,4049.5,4,2,4049.6,95,3
11483,2026-07-02 14:49:27+05:30,4049.0,1,4035.02,1988427,171610.0,169844.0,4100.0,4110.0,4012.0,4092.6,25843125,4501.8,3683.4,4440.0,3288.1,4048.8,34,5,4048.7,50,1,4048.6,1,1,4048.0,55,2,4047.6,58,2,4049.0,483,8,4049.2,46,3,4049.5,10,3,4049.6,67,2,4049.7,2020,2
11483,2026-07-02 14:49:28+05:30,4049.0,7,4035.02,1988434,171286.0,169743.0,4100.0,4110.0,4012.0,4092.6,25843125,4501.8,3683.4,4440.0,3288.1,4048.8,39,6,4048.7,50,1,4048.6,11,2,4048.3,18,1,4048.1,23,1,4049.0,476,8,4049.2,46,3,4049.5,4,2,4049.6,67,2,4049.7,2020,2
11483,2026-07-02 14:49:29+05:30,4049.7,490,4035.02,1988434,171286.0,169743.0,4100.0,4110.0,4012.0,4092.6,25843125,4501.8,3683.4,4440.0,3288.1,4048.8,39,6,4048.7,50,1,4048.6,11,2,4048.3,18,1,4048.1,23,1,4049.0,476,8,4049.2,46,3,4049.5,4,2,4049.6,67,2,4049.7,2020,2
11483,2026-07-02 14:49:29+05:30,4049.7,490,4035.03,1989782,171305.0,167007.0,4100.0,4110.0,4012.0,4092.6,25843125,4501.8,3683.4,4440.0,3288.1,4049.4,79,4,4049.3,30,3,4049.2,24,4,4049.1,80,4,4049.0,80,4,4049.7,1530,2,4049.8,79,2,4049.9,31,3,4050.0,1461,38,4050.1,15,1
11483,2026-07-02 14:49:30+05:30,4049.4,5,4035.03,1989782,171305.0,167007.0,4100.0,4110.0,4012.0,4092.6,25843125,4501.8,3683.4,4440.0,3288.1,4049.4,79,4,4049.3,30,3,4049.2,24,4,4049.1,80,4,4049.0,80,4,4049.7,1530,2,4049.8,79,2,4049.9,31,3,4050.0,1461,38,4050.1,15,1
11483,2026-07-02 14:49:30+05:30,4049.7,3,4035.03,1989831,171429.0,167090.0,4100.0,4110.0,4012.0,4092.6,25843125,4501.8,3683.4,4440.0,3288.1,4049.4,112,9,4049.3,30,3,4049.2,24,4,4049.1,80,4,4049.0,37,3,4049.7,1486,2,4049.8,79,2,4049.9,31,3,4050.0,1461,38,4050.1,15,1
11483,2026-07-02 14:49:31+05:30,4049.4,5,4035.03,1989831,171429.0,167090.0,4100.0,4110.0,4012.0,4092.6,25843125,4501.8,3683.4,4440.0,3288.1,4049.4,112,9,4049.3,30,3,4049.2,24,4,4049.1,80,4,4049.0,37,3,4049.7,1486,2,4049.8,79,2,4049.9,31,3,4050.0,1461,38,4050.1,15,1
11483,2026-07-02 14:49:31+05:30,4049.4,5,4035.03,1989841,171394.0,167130.0,4100.0,4110.0,4012.0,4092.6,25843125,4501.8,3683.4,4440.0,3288.1,4049.5,98,4,4049.4,46,7,4049.3,30,3,4049.2,23,3,4049.1,80,4,4049.7,1486,2,4049.8,79,2,4049.9,31,3,4050.0,1461,38,4050.1,15,1
11483,2026-07-02 14:49:32+05:30,4049.7,3,4035.03,1989844,171050.0,167150.0,4100.0,4110.0,4012.0,4092.6,25843125,4501.8,3683.4,4440.0,3288.1,4049.6,93,3,4049.5,63,3,4049.4,70,8,4049.3,20,2,4049.2,13,2,4049.7,1485,3,4049.8,79,2,4049.9,31,3,4050.0,1461,38,4050.1,15,1
11483,2026-07-02 14:49:33+05:30,4049.7,1,4035.03,1989844,171050.0,167150.0,4100.0,4110.0,4012.0,4092.6,25843125,4501.8,3683.4,4440.0,3288.1,4049.6,93,3,4049.5,63,3,4049.4,70,8,4049.3,20,2,4049.2,13,2,4049.7,1485,3,4049.8,79,2,4049.9,31,3,4050.0,1461,38,4050.1,15,1
11483,2026-07-02 14:49:33+05:30,4049.7,1,4035.03,1989845,171062.0,167155.0,4100.0,4110.0,4012.0,4092.6,25843125,4501.8,3683.4,4440.0,3288.1,4049.6,133,8,4049.5,64,4,4049.4,45,3,4049.3,20,2,4049.2,13,2,4049.7,1495,4,4049.8,79,2,4049.9,31,3,4050.0,1461,38,4050.1,15,1
11483,2026-07-02 14:49:34+05:30,4049.7,161,4035.03,1989845,171062.0,167155.0,4100.0,4110.0,4012.0,4092.6,25843125,4501.8,3683.4,4440.0,3288.1,4049.6,133,8,4049.5,64,4,4049.4,45,3,4049.3,20,2,4049.2,13,2,4049.7,1495,4,4049.8,79,2,4049.9,31,3,4050.0,1461,38,4050.1,15,1
11483,2026-07-02 14:49:34+05:30,4049.6,3,4035.03,1990009,171459.0,167062.0,4100.0,4110.0,4012.0,4092.6,25843125,4501.8,3683.4,4440.0,3288.1,4049.6,416,9,4049.5,64,4,4049.4,8,2,4049.3,20,2,4049.2,13,2,4049.7,1334,4,4049.8,79,2,4049.9,31,3,4050.0,1461,38,4050.1,15,1
11483,2026-07-02 14:49:35+05:30,4049.6,3,4035.03,1990009,171459.0,167062.0,4100.0,4110.0,4012.0,4092.6,25843125,4501.8,3683.4,4440.0,3288.1,4049.6,416,9,4049.5,64,4,4049.4,8,2,4049.3,20,2,4049.2,13,2,4049.7,1334,4,4049.8,79,2,4049.9,31,3,4050.0,1461,38,4050.1,15,1
11483,2026-07-02 14:49:35+05:30,4049.7,50,4035.03,1990009,171459.0,167062.0,4100.0,4110.0,4012.0,4092.6,25843125,4501.8,3683.4,4440.0,3288.1,4049.6,416,9,4049.5,64,4,4049.4,8,2,4049.3,20,2,4049.2,13,2,4049.7,1334,4,4049.8,79,2,4049.9,31,3,4050.0,1461,38,4050.1,15,1
11483,2026-07-02 14:49:35+05:30,4049.7,50,4035.03,1990069,171459.0,167098.0,4100.0,4110.0,4012.0,4092.6,25843125,4501.8,3683.4,4440.0,3288.1,4049.6,416,9,4049.5,64,4,4049.4,8,2,4049.3,20,2,4049.2,13,2,4049.7,1274,4,4049.8,79,2,4049.9,31,3,4050.0,1461,38,4050.1,15,1
11483,2026-07-02 14:49:36+05:30,4049.7,50,4035.03,1990069,171459.0,167098.0,4100.0,4110.0,4012.0,4092.6,25843125,4501.8,3683.4,4440.0,3288.1,4049.6,416,9,4049.5,64,4,4049.4,8,2,4049.3,20,2,4049.2,13,2,4049.7,1274,4,4049.8,79,2,4049.9,31,3,4050.0,1461,38,4050.1,15,1
11483,2026-07-02 14:49:36+05:30,4049.6,29,4035.03,1990069,171459.0,167098.0,4100.0,4110.0,4012.0,4092.6,25843125,4501.8,3683.4,4440.0,3288.1,4049.6,416,9,4049.5,64,4,4049.4,8,2,4049.3,20,2,4049.2,13,2,4049.7,1274,4,4049.8,79,2,4049.9,31,3,4050.0,1461,38,4050.1,15,1
11483,2026-07-02 14:49:36+05:30,4049.6,29,4035.03,1990069,171459.0,167098.0,4100.0,4110.0,4012.0,4092.6,25843125,4501.8,3683.4,4440.0,3288.1,4049.6,416,9,4049.5,64,4,4049.4,8,2,4049.3,20,2,4049.2,13,2,4049.7,1274,4,4049.8,79,2,4049.9,31,3,4050.0,1461,38,4050.1,15,1
11483,2026-07-02 14:49:37+05:30,4049.6,29,4035.03,1990108,171403.0,167133.0,4100.0,4110.0,4012.0,4092.6,25843125,4501.8,3683.4,4440.0,3288.1,4049.6,352,8,4049.5,64,4,4049.4,40,2,4049.3,20,2,4049.2,13,2,4049.7,1264,4,4049.8,79,2,4049.9,31,3,4050.0,1461,38,4050.1,15,1
11483,2026-07-02 14:49:37+05:30,4049.7,100,4035.03,1990108,171403.0,167133.0,4100.0,4110.0,4012.0,4092.6,25843125,4501.8,3683.4,4440.0,3288.1,4049.6,352,8,4049.5,64,4,4049.4,40,2,4049.3,20,2,4049.2,13,2,4049.7,1264,4,4049.8,79,2,4049.9,31,3,4050.0,1461,38,4050.1,15,1
11483,2026-07-02 14:49:37+05:30,4049.7,100,4035.03,1990108,171403.0,167133.0,4100.0,4110.0,4012.0,4092.6,25843125,4501.8,3683.4,4440.0,3288.1,4049.6,352,8,4049.5,64,4,4049.4,40,2,4049.3,20,2,4049.2,13,2,4049.7,1264,4,4049.8,79,2,4049.9,31,3,4050.0,1461,38,4050.1,15,1
11483,2026-07-02 14:49:38+05:30,4049.7,95,4035.03,1990389,171361.0,166992.0,4100.0,4110.0,4012.0,4092.6,25843125,4501.8,3683.4,4440.0,3288.1,4049.6,369,9,4049.5,64,4,4049.4,5,1,4049.3,20,2,4049.2,13,2,4049.7,993,4,4049.8,79,2,4049.9,31,3,4050.0,1461,38,4050.1,15,1
11483,2026-07-02 14:49:38+05:30,4049.7,95,4035.03,1990389,171361.0,166992.0,4100.0,4110.0,4012.0,4092.6,25843125,4501.8,3683.4,4440.0,3288.1,4049.6,369,9,4049.5,64,4,4049.4,5,1,4049.3,20,2,4049.2,13,2,4049.7,993,4,4049.8,79,2,4049.9,31,3,4050.0,1461,38,4050.1,15,1
11483,2026-07-02 14:49:38+05:30,4049.7,25,4035.03,1990389,171361.0,166992.0,4100.0,4110.0,4012.0,4092.6,25843125,4501.8,3683.4,4440.0,3288.1,4049.6,369,9,4049.5,64,4,4049.4,5,1,4049.3,20,2,4049.2,13,2,4049.7,993,4,4049.8,79,2,4049.9,31,3,4050.0,1461,38,4050.1,15,1
11483,2026-07-02 14:49:38+05:30,4049.7,25,4035.03,1990389,171361.0,166992.0,4100.0,4110.0,4012.0,4092.6,25843125,4501.8,3683.4,4440.0,3288.1,4049.6,369,9,4049.5,64,4,4049.4,5,1,4049.3,20,2,4049.2,13,2,4049.7,993,4,4049.8,79,2,4049.9,31,3,4050.0,1461,38,4050.1,15,1
11483,2026-07-02 14:49:39+05:30,4049.7,25,4035.03,1990389,171361.0,166992.0,4100.0,4110.0,4012.0,4092.6,25843125,4501.8,3683.4,4440.0,3288.1,4049.6,369,9,4049.5,64,4,4049.4,5,1,4049.3,20,2,4049.2,13,2,4049.7,993,4,4049.8,79,2,4049.9,31,3,4050.0,1461,38,4050.1,15,1
11483,2026-07-02 14:49:39+05:30,4049.7,2,4035.03,1990447,171393.0,166953.0,4100.0,4110.0,4012.0,4092.6,25843125,4501.8,3683.4,4440.0,3288.1,4049.6,334,8,4049.5,54,3,4049.4,90,3,4049.3,20,2,4049.2,10,1,4049.7,937,5,4049.8,79,2,4049.9,31,3,4050.0,1466,39,4050.1,15,1
11483,2026-07-02 14:49:39+05:30,4049.7,2,4035.03,1990447,171393.0,166953.0,4100.0,4110.0,4012.0,4092.6,25843125,4501.8,3683.4,4440.0,3288.1,4049.6,334,8,4049.5,54,3,4049.4,90,3,4049.3,20,2,4049.2,10,1,4049.7,937,5,4049.8,79,2,4049.9,31,3,4050.0,1466,39,4050.1,15,1
11483,2026-07-02 14:49:39+05:30,4049.7,2,4035.03,1990447,171393.0,166953.0,4100.0,4110.0,4012.0,4092.6,25843125,4501.8,3683.4,4440.0,3288.1,4049.6,334,8,4049.5,54,3,4049.4,90,3,4049.3,20,2,4049.2,10,1,4049.7,937,5,4049.8,79,2,4049.9,31,3,4050.0,1466,39,4050.1,15,1
11483,2026-07-02 14:49:39+05:30,4049.7,2,4035.03,1990447,171393.0,166953.0,4100.0,4110.0,4012.0,4092.6,25825625,4501.8,3683.4,4440.0,3288.1,4049.6,334,8,4049.5,54,3,4049.4,90,3,4049.3,20,2,4049.2,10,1,4049.7,937,5,4049.8,79,2,4049.9,31,3,4050.0,1466,39,4050.1,15,1
11483,2026-07-02 14:49:40+05:30,4049.6,161,4035.04,1990648,171050.0,166849.0,4100.0,4110.0,4012.0,4092.6,25825625,4501.8,3683.4,4440.0,3288.1,4049.6,168,6,4049.5,1,1,4049.4,50,1,4049.2,10,1,4049.1,38,1,4049.7,937,5,4049.8,79,2,4049.9,31,3,4050.0,1468,40,4050.1,21,2
11483,2026-07-02 14:49:40+05:30,4049.6,161,4035.04,1990648,171050.0,166849.0,4100.0,4110.0,4012.0,4092.6,25825625,4501.8,3683.4,4440.0,3288.1,4049.6,168,6,4049.5,1,1,4049.4,50,1,4049.2,10,1,4049.1,38,1,4049.7,937,5,4049.8,79,2,4049.9,31,3,4050.0,1468,40,4050.1,21,2
11483,2026-07-02 14:49:40+05:30,4049.6,2,4035.04,1990648,171050.0,166849.0,4100.0,4110.0,4012.0,4092.6,25825625,4501.8,3683.4,4440.0,3288.1,4049.6,168,6,4049.5,1,1,4049.4,50,1,4049.2,10,1,4049.1,38,1,4049.7,937,5,4049.8,79,2,4049.9,31,3,4050.0,1468,40,4050.1,21,2
11483,2026-07-02 14:49:40+05:30,4049.6,2,4035.04,1990648,171050.0,166849.0,4100.0,4110.0,4012.0,4092.6,25825625,4501.8,3683.4,4440.0,3288.1,4049.6,168,6,4049.5,1,1,4049.4,50,1,4049.2,10,1,4049.1,38,1,4049.7,937,5,4049.8,79,2,4049.9,31,3,4050.0,1468,40,4050.1,21,2
11483,2026-07-02 14:49:41+05:30,4049.6,2,4035.04,1990777,170994.0,166309.0,4100.0,4110.0,4012.0,4092.6,25825625,4501.8,3683.4,4440.0,3288.1,4049.6,49,6,4049.5,1,1,4049.4,50,1,4049.1,38,1,4049.0,34,2,4049.7,1026,5,4049.8,79,2,4049.9,30,2,4050.0,1598,43,4050.1,63,2
11483,2026-07-02 14:49:41+05:30,4049.6,2,4035.04,1990777,170994.0,166309.0,4100.0,4110.0,4012.0,4092.6,25825625,4501.8,3683.4,4440.0,3288.1,4049.6,49,6,4049.5,1,1,4049.4,50,1,4049.1,38,1,4049.0,34,2,4049.7,1026,5,4049.8,79,2,4049.9,30,2,4050.0,1598,43,4050.1,63,2
11483,2026-07-02 14:49:41+05:30,4049.7,10,4035.04,1990777,170994.0,166309.0,4100.0,4110.0,4012.0,4092.6,25825625,4501.8,3683.4,4440.0,3288.1,4049.6,49,6,4049.5,1,1,4049.4,50,1,4049.1,38,1,4049.0,34,2,4049.7,1026,5,4049.8,79,2,4049.9,30,2,4050.0,1598,43,4050.1,63,2
11483,2026-07-02 14:49:42+05:30,4049.7,10,4035.04,1990777,170994.0,166309.0,4100.0,4110.0,4012.0,4092.6,25825625,4501.8,3683.4,4440.0,3288.1,4049.6,49,6,4049.5,1,1,4049.4,50,1,4049.1,38,1,4049.0,34,2,4049.7,1026,5,4049.8,79,2,4049.9,30,2,4050.0,1598,43,4050.1,63,2
11483,2026-07-02 14:49:42+05:30,4049.7,100,4035.04,1990897,171104.0,166152.0,4100.0,4110.0,4012.0,4092.6,25825625,4501.8,3683.4,4440.0,3288.1,4049.6,49,6,4049.5,1,1,4049.4,50,1,4049.0,34,2,4048.9,24,1,4049.7,948,7,4049.8,79,2,4049.9,36,3,4050.0,1594,43,4050.1,15,1
11483,2026-07-02 14:49:42+05:30,4049.7,13,4035.04,1990897,171104.0,166152.0,4100.0,4110.0,4012.0,4092.6,25825625,4501.8,3683.4,4440.0,3288.1,4049.6,49,6,4049.5,1,1,4049.4,50,1,4049.0,34,2,4048.9,24,1,4049.7,948,7,4049.8,79,2,4049.9,36,3,4050.0,1594,43,4050.1,15,1
11483,2026-07-02 14:49:43+05:30,4049.6,7,4035.04,1990935,170983.0,166213.0,4100.0,4110.0,4012.0,4092.6,25825625,4501.8,3683.4,4440.0,3288.1,4049.6,39,5,4049.5,1,1,4049.4,50,1,4049.0,10,1,4048.9,24,1,4049.7,947,10,4049.8,160,4,4049.9,47,4,4050.0,1594,43,4050.1,78,3
11483,2026-07-02 14:49:43+05:30,4049.7,1,4035.04,1990935,170983.0,166213.0,4100.0,4110.0,4012.0,4092.6,25825625,4501.8,3683.4,4440.0,3288.1,4049.6,39,5,4049.5,1,1,4049.4,50,1,4049.0,10,1,4048.9,24,1,4049.7,947,10,4049.8,160,4,4049.9,47,4,4050.0,1594,43,4050.1,78,3
11483,2026-07-02 14:49:44+05:30,4049.7,1,4035.04,1990936,170862.0,166241.0,4100.0,4110.0,4012.0,4092.6,25825625,4501.8,3683.4,4440.0,3288.1,4049.6,39,5,4049.5,1,1,4049.4,50,1,4049.0,12,2,4048.9,24,1,4049.7,968,12,4049.8,160,4,4049.9,47,4,4050.0,1594,43,4050.1,78,3
11483,2026-07-02 14:49:45+05:30,4049.7,5,4035.04,1990941,170870.0,166224.0,4100.0,4110.0,4012.0,4092.6,25825625,4501.8,3683.4,4440.0,3288.1,4049.6,42,6,4049.5,1,1,4049.4,50,1,4049.0,12,2,4048.9,24,1,4049.7,957,11,4049.8,85,3,4049.9,39,3,4050.0,1594,43,4050.1,78,3
11483,2026-07-02 14:49:45+05:30,4049.6,10,4035.04,1990941,170870.0,166224.0,4100.0,4110.0,4012.0,4092.6,25825625,4501.8,3683.4,4440.0,3288.1,4049.6,42,6,4049.5,1,1,4049.4,50,1,4049.0,12,2,4048.9,24,1,4049.7,957,11,4049.8,85,3,4049.9,39,3,4050.0,1594,43,4050.1,78,3
11483,2026-07-02 14:49:46+05:30,4049.7,8,4035.04,1991011,170856.0,166214.0,4100.0,4110.0,4012.0,4092.6,25825625,4501.8,3683.4,4440.0,3288.1,4049.6,39,6,4049.5,1,1,4049.4,50,1,4049.0,12,2,4048.9,24,1,4049.7,945,12,4049.8,85,3,4049.9,40,4,4050.0,1580,41,4050.1,78,3
11483,2026-07-02 14:49:46+05:30,4049.7,8,4035.04,1991011,170856.0,166214.0,4100.0,4110.0,4012.0,4092.6,25825625,4501.8,3683.4,4440.0,3288.1,4049.6,39,6,4049.5,1,1,4049.4,50,1,4049.0,12,2,4048.9,24,1,4049.7,945,12,4049.8,85,3,4049.9,40,4,4050.0,1580,41,4050.1,78,3
11483,2026-07-02 14:49:47+05:30,4049.5,1,4035.04,1991011,170856.0,166214.0,4100.0,4110.0,4012.0,4092.6,25825625,4501.8,3683.4,4440.0,3288.1,4049.6,39,6,4049.5,1,1,4049.4,50,1,4049.0,12,2,4048.9,24,1,4049.7,945,12,4049.8,85,3,4049.9,40,4,4050.0,1580,41,4050.1,78,3
11483,2026-07-02 14:49:47+05:30,4049.5,1,4035.04,1991166,170519.0,166430.0,4100.0,4110.0,4012.0,4092.6,25825625,4501.8,3683.4,4440.0,3288.1,4049.5,12,2,4049.4,50,1,4049.0,12,2,4048.9,24,1,4048.7,50,1,4049.6,6,1,4049.7,988,13,4049.8,85,3,4049.9,115,5,4050.0,1580,41
11483,2026-07-02 14:49:48+05:30,4049.7,50,4035.04,1991166,170519.0,166430.0,4100.0,4110.0,4012.0,4092.6,25825625,4501.8,3683.4,4440.0,3288.1,4049.5,12,2,4049.4,50,1,4049.0,12,2,4048.9,24,1,4048.7,50,1,4049.6,6,1,4049.7,988,13,4049.8,85,3,4049.9,115,5,4050.0,1580,41
11483,2026-07-02 14:49:48+05:30,4049.7,50,4035.04,1991250,170429.0,167346.0,4100.0,4110.0,4012.0,4092.6,25825625,4501.8,3683.4,4440.0,3288.1,4049.6,8,1,4049.4,50,1,4049.0,12,2,4048.9,24,1,4048.7,50,1,4049.7,870,12,4049.8,107,4,4049.9,51,5,4050.0,1580,41,4050.1,153,4
11483,2026-07-02 14:49:49+05:30,4049.7,9,4035.04,1991250,170429.0,167346.0,4100.0,4110.0,4012.0,4092.6,25825625,4501.8,3683.4,4440.0,3288.1,4049.6,8,1,4049.4,50,1,4049.0,12,2,4048.9,24,1,4048.7,50,1,4049.7,870,12,4049.8,107,4,4049.9,51,5,4050.0,1580,41,4050.1,153,4
11483,2026-07-02 14:49:49+05:30,4049.7,9,4035.04,1991369,170197.0,167281.0,4100.0,4110.0,4012.0,4092.6,25825625,4501.8,3683.4,4440.0,3288.1,4049.6,8,1,4049.4,50,1,4049.0,12,2,4048.9,24,1,4048.7,50,1,4049.7,782,13,4049.8,155,5,4049.9,51,5,4050.0,1580,41,4050.1,153,4
11483,2026-07-02 14:49:50+05:30,4049.0,100,4035.04,1991369,170197.0,167281.0,4100.0,4110.0,4012.0,4092.6,25825625,4501.8,3683.4,4440.0,3288.1,4049.6,8,1,4049.4,50,1,4049.0,12,2,4048.9,24,1,4048.7,50,1,4049.7,782,13,4049.8,155,5,4049.9,51,5,4050.0,1580,41,4050.1,153,4
11483,2026-07-02 14:49:50+05:30,4049.0,100,4035.04,1991715,169769.0,167825.0,4100.0,4110.0,4012.0,4092.6,25825625,4501.8,3683.4,4440.0,3288.1,4048.8,11,1,4048.7,47,4,4048.6,1,1,4048.5,12,1,4048.3,35,2,4049.0,100,1,4049.7,752,12,4049.8,74,1,4049.9,31,3,4050.0,1593,42
11483,2026-07-02 14:49:51+05:30,4049.4,2,4035.04,1991715,169769.0,167825.0,4100.0,4110.0,4012.0,4092.6,25825625,4501.8,3683.4,4440.0,3288.1,4048.8,11,1,4048.7,47,4,4048.6,1,1,4048.5,12,1,4048.3,35,2,4049.0,100,1,4049.7,752,12,4049.8,74,1,4049.9,31,3,4050.0,1593,42
11483,2026-07-02 14:49:51+05:30,4049.7,15,4035.05,1992638,170327.0,166100.0,4100.0,4110.0,4012.0,4092.6,25825625,4501.8,3683.4,4440.0,3288.1,4049.4,10,1,4049.3,92,5,4049.2,97,4,4049.1,84,3,4049.0,12,1,4049.7,632,9,4049.8,74,1,4049.9,31,3,4050.0,1556,40,4050.1,15,1
11483,2026-07-02 14:49:52+05:30,4049.7,10,4035.05,1992638,170327.0,166100.0,4100.0,4110.0,4012.0,4092.6,25825625,4501.8,3683.4,4440.0,3288.1,4049.4,10,1,4049.3,92,5,4049.2,97,4,4049.1,84,3,4049.0,12,1,4049.7,632,9,4049.8,74,1,4049.9,31,3,4050.0,1556,40,4050.1,15,1
11483,2026-07-02 14:49:52+05:30,4049.7,10,4035.05,1992649,170481.0,166207.0,4100.0,4110.0,4012.0,4092.6,25825625,4501.8,3683.4,4440.0,3288.1,4049.5,99,4,4049.4,28,2,4049.3,45,3,4049.2,97,4,4049.1,84,3,4049.7,621,9,4049.8,74,1,4049.9,31,3,4050.0,1556,40,4050.1,15,1
11483,2026-07-02 14:49:53+05:30,4048.8,5,4035.05,1993329,170004.0,166773.0,4100.0,4110.0,4012.0,4092.6,25825625,4501.8,3683.4,4440.0,3288.1,4049.3,86,4,4049.2,15,2,4049.1,39,2,4048.9,11,1,4048.8,89,5,4049.7,621,9,4049.8,74,1,4049.9,31,3,4050.0,1556,40,4050.1,15,1
11483,2026-07-02 14:49:54+05:30,4049.7,1,4035.05,1993329,170004.0,166773.0,4100.0,4110.0,4012.0,4092.6,25825625,4501.8,3683.4,4440.0,3288.1,4049.3,86,4,4049.2,15,2,4049.1,39,2,4048.9,11,1,4048.8,89,5,4049.7,621,9,4049.8,74,1,4049.9,31,3,4050.0,1556,40,4050.1,15,1
11483,2026-07-02 14:49:54+05:30,4049.7,1,4035.05,1993330,170157.0,166940.0,4100.0,4110.0,4012.0,4092.6,25825625,4501.8,3683.4,4440.0,3288.1,4049.5,18,3,4049.4,24,2,4049.3,86,4,4049.2,4,1,4049.1,15,1,4049.6,1,1,4049.7,620,9,4049.8,74,1,4049.9,31,3,4050.0,1566,41
11483,2026-07-02 14:49:55+05:30,4049.5,3,4035.05,1993330,170157.0,166940.0,4100.0,4110.0,4012.0,4092.6,25825625,4501.8,3683.4,4440.0,3288.1,4049.5,18,3,4049.4,24,2,4049.3,86,4,4049.2,4,1,4049.1,15,1,4049.6,1,1,4049.7,620,9,4049.8,74,1,4049.9,31,3,4050.0,1566,41
11483,2026-07-02 14:49:56+05:30,4049.5,1,4035.06,1993357,170254.0,166772.0,4100.0,4110.0,4012.0,4092.6,25825625,4501.8,3683.4,4440.0,3288.1,4049.5,6,2,4049.4,11,1,4049.3,51,3,4049.1,15,1,4048.9,74,3,4049.7,620,9,4049.8,74,1,4049.9,31,3,4050.0,1566,41,4050.1,15,1
11483,2026-07-02 14:49:56+05:30,4049.5,1,4035.06,1993357,170254.0,166772.0,4100.0,4110.0,4012.0,4092.6,25825625,4501.8,3683.4,4440.0,3288.1,4049.5,6,2,4049.4,11,1,4049.3,51,3,4049.1,15,1,4048.9,74,3,4049.7,620,9,4049.8,74,1,4049.9,31,3,4050.0,1566,41,4050.1,15,1
11483,2026-07-02 14:49:57+05:30,4049.5,1,4035.06,1993357,170442.0,166810.0,4100.0,4110.0,4012.0,4092.6,25825625,4501.8,3683.4,4440.0,3288.1,4049.6,22,2,4049.5,6,2,4049.4,11,1,4049.3,51,3,4049.1,15,1,4049.7,622,10,4049.8,74,1,4049.9,31,3,4050.0,1600,42,4050.1,15,1
11483,2026-07-02 14:49:58+05:30,4049.7,175,4035.06,1993533,171873.0,166154.0,4100.0,4110.0,4012.0,4092.6,25825625,4501.8,3683.4,4440.0,3288.1,4049.5,13,2,4049.4,11,1,4049.3,51,3,4049.1,15,1,4049.0,205,2,4049.7,467,12,4049.8,74,1,4049.9,31,3,4050.0,1600,42,4050.1,15,1
11483,2026-07-02 14:49:58+05:30,4049.7,175,4035.06,1993533,171873.0,166154.0,4100.0,4110.0,4012.0,4092.6,25825625,4501.8,3683.4,4440.0,3288.1,4049.5,13,2,4049.4,11,1,4049.3,51,3,4049.1,15,1,4049.0,205,2,4049.7,467,12,4049.8,74,1,4049.9,31,3,4050.0,1600,42,4050.1,15,1
11483,2026-07-02 14:49:59+05:30,4049.7,5,4035.06,1993545,171971.0,166296.0,4100.0,4110.0,4012.0,4092.6,25825625,4501.8,3683.4,4440.0,3288.1,4049.5,13,2,4049.3,13,1,4049.1,15,1,4049.0,205,2,4048.9,17,1,4049.7,455,12,4049.8,74,1,4049.9,6,2,4050.0,1603,43,4050.1,15,1
11483,2026-07-02 14:49:59+05:30,4049.7,1,4035.06,1993545,171971.0,166296.0,4100.0,4110.0,4012.0,4092.6,25825625,4501.8,3683.4,4440.0,3288.1,4049.5,13,2,4049.3,13,1,4049.1,15,1,4049.0,205,2,4048.9,17,1,4049.7,455,12,4049.8,74,1,4049.9,6,2,4050.0,1603,43,4050.1,15,1
11483,2026-07-02 14:50:00+05:30,4049.7,5,4035.06,1993551,172044.0,166421.0,4100.0,4110.0,4012.0,4092.6,25825625,4501.8,3683.4,4440.0,3288.1,4049.5,5,1,4049.4,25,5,4049.3,13,1,4049.1,15,1,4049.0,205,2,4049.7,450,13,4049.8,76,2,4049.9,6,2,4050.0,1603,43,4050.1,15,1
11483,2026-07-02 14:50:00+05:30,4049.4,6,4035.06,1993551,172044.0,166421.0,4100.0,4110.0,4012.0,4092.6,25825625,4501.8,3683.4,4440.0,3288.1,4049.5,5,1,4049.4,25,5,4049.3,13,1,4049.1,15,1,4049.0,205,2,4049.7,450,13,4049.8,76,2,4049.9,6,2,4050.0,1603,43,4050.1,15,1
11483,2026-07-02 14:50:01+05:30,4049.7,3,4035.06,1993617,171891.0,166371.0,4100.0,4110.0,4012.0,4092.6,25825625,4501.8,3683.4,4440.0,3288.1,4049.5,4,1,4049.4,25,5,4049.0,215,3,4048.9,17,1,4048.8,58,3,4049.7,451,15,4049.8,76,2,4049.9,1,1,4050.0,1603,43,4050.1,15,1
11483,2026-07-02 14:50:01+05:30,4049.7,3,4035.06,1993617,171891.0,166371.0,4100.0,4110.0,4012.0,4092.6,25825625,4501.8,3683.4,4440.0,3288.1,4049.5,4,1,4049.4,25,5,4049.0,215,3,4048.9,17,1,4048.8,58,3,4049.7,451,15,4049.8,76,2,4049.9,1,1,4050.0,1603,43,4050.1,15,1
11483,2026-07-02 14:50:02+05:30,4049.7,3,4035.06,1993617,171891.0,166372.0,4100.0,4110.0,4012.0,4092.6,25825625,4501.8,3683.4,4440.0,3288.1,4049.5,4,1,4049.4,25,5,4049.0,215,3,4048.9,17,1,4048.8,58,3,4049.7,451,15,4049.8,76,2,4049.9,1,1,4050.0,1603,43,4050.1,15,1
11483,2026-07-02 14:50:02+05:30,4049.5,1,4035.06,1993617,171891.0,166372.0,4100.0,4110.0,4012.0,4092.6,25825625,4501.8,3683.4,4440.0,3288.1,4049.5,4,1,4049.4,25,5,4049.0,215,3,4048.9,17,1,4048.8,58,3,4049.7,451,15,4049.8,76,2,4049.9,1,1,4050.0,1603,43,4050.1,15,1
11483,2026-07-02 14:50:03+05:30,4049.7,175,4035.06,1993794,172311.0,166213.0,4100.0,4110.0,4012.0,4092.6,25825625,4501.8,3683.4,4440.0,3288.1,4049.5,16,2,4049.0,215,3,4048.9,175,1,4048.8,56,2,4048.7,34,3,4049.7,274,14,4049.8,76,2,4049.9,1,1,4050.0,1698,44,4050.1,15,1
11483,2026-07-02 14:50:03+05:30,4049.5,13,4035.06,1993794,172311.0,166213.0,4100.0,4110.0,4012.0,4092.6,25825625,4501.8,3683.4,4440.0,3288.1,4049.5,16,2,4049.0,215,3,4048.9,175,1,4048.8,56,2,4048.7,34,3,4049.7,274,14,4049.8,76,2,4049.9,1,1,4050.0,1698,44,4050.1,15,1
11483,2026-07-02 14:50:04+05:30,4049.5,15,4035.06,1993879,172167.0,166255.0,4100.0,4110.0,4012.0,4092.6,25825625,4501.8,3683.4,4440.0,3288.1,4049.4,5,1,4049.0,250,4,4048.9,175,1,4048.8,56,2,4048.7,88,4,4049.7,274,14,4049.8,76,2,4049.9,1,1,4050.0,1648,43,4050.1,15,1
11483,2026-07-02 14:50:04+05:30,4049.7,57,4035.06,1993879,172167.0,166255.0,4100.0,4110.0,4012.0,4092.6,25825625,4501.8,3683.4,4440.0,3288.1,4049.4,5,1,4049.0,250,4,4048.9,175,1,4048.8,56,2,4048.7,88,4,4049.7,274,14,4049.8,76,2,4049.9,1,1,4050.0,1648,43,4050.1,15,1
11483,2026-07-02 14:50:05+05:30,4049.4,2,4035.06,1994042,172097.0,165813.0,4100.0,4110.0,4012.0,4092.6,25825625,4501.8,3683.4,4440.0,3288.1,4049.4,14,2,4049.0,250,4,4048.9,175,1,4048.8,56,2,4048.7,34,3,4049.7,213,13,4049.8,74,1,4049.9,1,1,4050.0,1648,43,4050.1,15,1
11483,2026-07-02 14:50:05+05:30,4049.7,37,4035.06,1994042,172097.0,165813.0,4100.0,4110.0,4012.0,4092.6,25825625,4501.8,3683.4,4440.0,3288.1,4049.4,14,2,4049.0,250,4,4048.9,175,1,4048.8,56,2,4048.7,34,3,4049.7,213,13,4049.8,74,1,4049.9,1,1,4050.0,1648,43,4050.1,15,1
11483,2026-07-02 14:50:06+05:30,4049.7,2,4035.06,1994086,172059.0,165931.0,4100.0,4110.0,4012.0,4092.6,25825625,4501.8,3683.4,4440.0,3288.1,4049.4,14,2,4049.0,215,3,4048.9,175,1,4048.8,56,2,4048.7,34,3,4049.7,170,13,4049.8,74,1,4049.9,16,2,4050.0,1673,44,4050.1,15,1
11483,2026-07-02 14:50:06+05:30,4049.7,2,4035.06,1994086,172059.0,165931.0,4100.0,4110.0,4012.0,4092.6,25825625,4501.8,3683.4,4440.0,3288.1,4049.4,14,2,4049.0,215,3,4048.9,175,1,4048.8,56,2,4048.7,34,3,4049.7,170,13,4049.8,74,1,4049.9,16,2,4050.0,1673,44,4050.1,15,1
11483,2026-07-02 14:50:07+05:30,4049.4,8,4035.06,1994161,172186.0,166107.0,4100.0,4110.0,4012.0,4092.6,25825625,4501.8,3683.4,4440.0,3288.1,4049.4,14,3,4049.0,215,3,4048.9,175,1,4048.8,56,2,4048.7,34,3,4049.7,147,10,4049.8,74,1,4049.9,16,2,4050.0,1647,44,4050.1,34,2
11483,2026-07-02 14:50:07+05:30,4049.4,8,4035.06,1994161,172186.0,166107.0,4100.0,4110.0,4012.0,4092.6,25825625,4501.8,3683.4,4440.0,3288.1,4049.4,14,3,4049.0,215,3,4048.9,175,1,4048.8,56,2,4048.7,34,3,4049.7,147,10,4049.8,74,1,4049.9,16,2,4050.0,1647,44,4050.1,34,2
11483,2026-07-02 14:50:08+05:30,4049.7,22,4035.06,1994227,172327.0,166085.0,4100.0,4110.0,4012.0,4092.6,25825625,4501.8,3683.4,4440.0,3288.1,4049.4,15,4,4049.0,225,4,4048.9,175,1,4048.8,56,2,4048.7,34,3,4049.7,94,4,4049.8,74,1,4049.9,59,3,4050.0,1647,44,4050.1,34,2
11483,2026-07-02 14:50:08+05:30,4049.7,22,4035.06,1994227,172327.0,166085.0,4100.0,4110.0,4012.0,4092.6,25825625,4501.8,3683.4,4440.0,3288.1,4049.4,15,4,4049.0,225,4,4048.9,175,1,4048.8,56,2,4048.7,34,3,4049.7,94,4,4049.8,74,1,4049.9,59,3,4050.0,1647,44,4050.1,34,2
11483,2026-07-02 14:50:09+05:30,4049.7,1,4035.06,1994321,172666.0,166013.0,4100.0,4110.0,4012.0,4092.6,25825625,4501.8,3683.4,4440.0,3288.1,4049.5,11,1,4049.4,378,7,4049.0,225,4,4048.9,175,1,4048.8,56,2,4049.7,23,2,4049.8,74,1,4049.9,59,3,4050.0,1623,43,4050.1,15,1
11483,2026-07-02 14:50:09+05:30,4049.5,10,4035.06,1994321,172666.0,166013.0,4100.0,4110.0,4012.0,4092.6,25825625,4501.8,3683.4,4440.0,3288.1,4049.5,11,1,4049.4,378,7,4049.0,225,4,4048.9,175,1,4048.8,56,2,4049.7,23,2,4049.8,74,1,4049.9,59,3,4050.0,1623,43,4050.1,15,1
11483,2026-07-02 14:50:10+05:30,4049.5,1,4035.06,1994332,172614.0,166148.0,4100.0,4110.0,4012.0,4092.6,25825625,4501.8,3683.4,4440.0,3288.1,4049.4,367,6,4049.0,225,4,4048.9,175,1,4048.8,56,2,4048.7,109,5,4049.7,73,3,4049.8,74,1,4049.9,59,3,4050.0,1573,42,4050.1,15,1
11483,2026-07-02 14:50:10+05:30,4049.5,1,4035.06,1994332,172614.0,166148.0,4100.0,4110.0,4012.0,4092.6,25825625,4501.8,3683.4,4440.0,3288.1,4049.4,367,6,4049.0,225,4,4048.9,175,1,4048.8,56,2,4048.7,109,5,4049.7,73,3,4049.8,74,1,4049.9,59,3,4050.0,1573,42,4050.1,15,1
11483,2026-07-02 14:50:11+05:30,4049.7,5,4035.06,1994337,170757.0,166116.0,4100.0,4110.0,4012.0,4092.6,25825625,4501.8,3683.4,4440.0,3288.1,4049.5,11,1,4049.4,367,6,4049.0,220,3,4048.9,175,1,4048.8,53,1,4049.7,68,3,4049.8,74,1,4049.9,59,3,4050.0,1573,42,4050.1,15,1
11483,2026-07-02 14:50:11+05:30,4049.7,5,4035.06,1994337,170757.0,166116.0,4100.0,4110.0,4012.0,4092.6,25825625,4501.8,3683.4,4440.0,3288.1,4049.5,11,1,4049.4,367,6,4049.0,220,3,4048.9,175,1,4048.8,53,1,4049.7,68,3,4049.8,74,1,4049.9,59,3,4050.0,1573,42,4050.1,15,1
11483,2026-07-02 14:50:12+05:30,4049.7,5,4035.06,1994337,170491.0,166037.0,4100.0,4110.0,4012.0,4092.6,25825625,4501.8,3683.4,4440.0,3288.1,4049.5,13,5,4049.4,350,1,4049.0,220,3,4048.8,53,1,4048.7,111,4,4049.7,68,3,4049.8,74,1,4049.9,59,3,4050.0,1574,43,4050.1,15,1
11483,2026-07-02 14:50:13+05:30,4049.7,5,4035.06,1994337,170435.0,166109.0,4100.0,4110.0,4012.0,4092.6,25825625,4501.8,3683.4,4440.0,3288.1,4049.5,13,5,4049.4,359,2,4049.0,220,3,4048.8,53,1,4048.7,23,1,4049.7,158,8,4049.8,74,1,4049.9,59,3,4050.0,1612,45,4050.1,31,2
11483,2026-07-02 14:50:14+05:30,4051.1,1,4035.1,1998924,172081.0,161701.0,4100.0,4110.0,4012.0,4092.6,25825625,4501.8,3683.4,4440.0,3288.1,4051.1,10,1,4051.0,21,2,4050.9,41,2,4050.7,17,1,4050.6,62,2,4051.4,49,1,4051.5,201,2,4051.9,3,2,4052.0,553,22,4052.1,320,1
11483,2026-07-02 14:50:14+05:30,4051.0,5,4035.1,1998924,172081.0,161701.0,4100.0,4110.0,4012.0,4092.6,25825625,4501.8,3683.4,4440.0,3288.1,4051.1,10,1,4051.0,21,2,4050.9,41,2,4050.7,17,1,4050.6,62,2,4051.4,49,1,4051.5,201,2,4051.9,3,2,4052.0,553,22,4052.1,320,1
11483,2026-07-02 14:50:15+05:30,4051.0,1,4035.1,1998998,171630.0,161684.0,4100.0,4110.0,4012.0,4092.6,25825625,4501.8,3683.4,4440.0,3288.1,4051.0,8,6,4050.7,34,1,4050.6,33,1,4050.5,72,2,4050.4,33,3,4051.5,197,2,4051.9,17,3,4052.0,553,22,4052.1,320,1,4052.2,6,1
11483,2026-07-02 14:50:15+05:30,4051.0,1,4035.1,1998998,171630.0,161684.0,4100.0,4110.0,4012.0,4092.6,25825625,4501.8,3683.4,4440.0,3288.1,4051.0,8,6,4050.7,34,1,4050.6,33,1,4050.5,72,2,4050.4,33,3,4051.5,197,2,4051.9,17,3,4052.0,553,22,4052.1,320,1,4052.2,6,1
11483,2026-07-02 14:50:16+05:30,4051.0,2,4035.1,1999055,171369.0,161788.0,4100.0,4110.0,4012.0,4092.6,25825625,4501.8,3683.4,4440.0,3288.1,4051.0,3,1,4050.4,42,2,4050.3,3,1,4050.2,27,2,4050.1,67,4,4051.5,247,5,4051.6,16,1,4051.8,25,1,4051.9,23,4,4052.0,603,23
11483,2026-07-02 14:50:16+05:30,4051.0,2,4035.1,1999055,171369.0,161788.0,4100.0,4110.0,4012.0,4092.6,25825625,4501.8,3683.4,4440.0,3288.1,4051.0,3,1,4050.4,42,2,4050.3,3,1,4050.2,27,2,4050.1,67,4,4051.5,247,5,4051.6,16,1,4051.8,25,1,4051.9,23,4,4052.0,603,23
11483,2026-07-02 14:50:17+05:30,4050.4,16,4035.1,1999080,171104.0,161943.0,4100.0,4110.0,4012.0,4092.6,25825625,4501.8,3683.4,4440.0,3288.1,4050.4,37,2,4050.3,3,1,4050.2,27,2,4050.1,113,5,4050.0,122,5,4051.5,212,3,4051.8,28,1,4051.9,23,4,4052.0,653,24,4052.1,379,3
11483,2026-07-02 14:50:17+05:30,4050.4,16,4035.1,1999080,171104.0,161943.0,4100.0,4110.0,4012.0,4092.6,25825625,4501.8,3683.4,4440.0,3288.1,4050.4,37,2,4050.3,3,1,4050.2,27,2,4050.1,113,5,4050.0,122,5,4051.5,212,3,4051.8,28,1,4051.9,23,4,4052.0,653,24,4052.1,379,3
11483,2026-07-02 14:50:18+05:30,4050.4,16,4035.1,1999080,171185.0,161960.0,4100.0,4110.0,4012.0,4092.6,25825625,4501.8,3683.4,4440.0,3288.1,4050.4,121,3,4050.2,27,2,4050.1,113,5,4050.0,122,5,4049.9,37,2,4051.5,212,3,4051.8,28,1,4051.9,23,4,4052.0,653,24,4052.1,379,3
11483,2026-07-02 14:50:19+05:30,4050.4,16,4035.1,1999080,171233.0,161968.0,4100.0,4110.0,4012.0,4092.6,25825625,4501.8,3683.4,4440.0,3288.1,4051.0,20,1,4050.4,121,3,4050.2,27,2,4050.1,113,5,4050.0,122,5,4051.5,193,3,4051.8,28,1,4051.9,23,4,4052.0,653,24,4052.1,366,2
11483,2026-07-02 14:50:20+05:30,4051.0,2,4035.1,1999080,171233.0,161968.0,4100.0,4110.0,4012.0,4092.6,25825625,4501.8,3683.4,4440.0,3288.1,4051.0,20,1,4050.4,121,3,4050.2,27,2,4050.1,113,5,4050.0,122,5,4051.5,193,3,4051.8,28,1,4051.9,23,4,4052.0,653,24,4052.1,366,2
11483,2026-07-02 14:50:20+05:30,4051.0,2,4035.1,1999082,171407.0,161935.0,4100.0,4110.0,4012.0,4092.6,25825625,4501.8,3683.4,4440.0,3288.1,4051.0,19,2,4050.5,175,1,4050.4,121,3,4050.2,29,3,4050.1,65,3,4051.5,212,3,4051.8,28,1,4051.9,17,3,4052.0,609,24,4052.1,394,3
11483,2026-07-02 14:50:21+05:30,4051.0,20,4035.1,1999102,171212.0,161530.0,4100.0,4110.0,4012.0,4092.6,25825625,4501.8,3683.4,4440.0,3288.1,4051.0,20,1,4050.9,85,2,4050.5,175,1,4050.4,37,2,4050.2,26,2,4051.5,212,3,4051.8,28,1,4051.9,27,4,4052.0,604,24,4052.1,394,3
11483,2026-07-02 14:50:22+05:30,4051.0,5,4035.1,1999102,171212.0,161530.0,4100.0,4110.0,4012.0,4092.6,25825625,4501.8,3683.4,4440.0,3288.1,4051.0,20,1,4050.9,85,2,4050.5,175,1,4050.4,37,2,4050.2,26,2,4051.5,212,3,4051.8,28,1,4051.9,27,4,4052.0,604,24,4052.1,394,3
11483,2026-07-02 14:50:22+05:30,4051.0,5,4035.1,1999155,171595.0,160854.0,4100.0,4110.0,4012.0,4092.6,25825625,4501.8,3683.4,4440.0,3288.1,4051.0,146,6,4050.8,17,1,4050.7,24,1,4050.6,22,1,4050.5,201,3,4051.5,165,2,4051.9,13,3,4052.0,554,23,4052.1,320,1,4052.3,43,1
11483,2026-07-02 14:50:23+05:30,4051.0,45,4035.1,1999155,171595.0,160854.0,4100.0,4110.0,4012.0,4092.6,25825625,4501.8,3683.4,4440.0,3288.1,4051.0,146,6,4050.8,17,1,4050.7,24,1,4050.6,22,1,4050.5,201,3,4051.5,165,2,4051.9,13,3,4052.0,554,23,4052.1,320,1,4052.3,43,1
11483,2026-07-02 14:50:23+05:30,4051.0,45,4035.1,1999642,173549.0,161629.0,4100.0,4110.0,4012.0,4092.6,25825625,4501.8,3683.4,4440.0,3288.1,4051.5,5,1,4051.0,60,3,4050.8,17,1,4050.7,12,1,4050.6,22,1,4051.9,10,1,4052.0,554,23,4052.1,320,1,4052.3,43,1,4052.4,12,1
11483,2026-07-02 14:50:24+05:30,4052.0,33,4035.1,1999642,173549.0,161629.0,4100.0,4110.0,4012.0,4092.6,25825625,4501.8,3683.4,4440.0,3288.1,4051.5,5,1,4051.0,60,3,4050.8,17,1,4050.7,12,1,4050.6,22,1,4051.9,10,1,4052.0,554,23,4052.1,320,1,4052.3,43,1,4052.4,12,1
11483,2026-07-02 14:50:24+05:30,4051.9,1,4035.1,1999738,174193.0,161416.0,4100.0,4110.0,4012.0,4092.6,25825625,4501.8,3683.4,4440.0,3288.1,4051.9,1,1,4051.5,74,4,4051.3,17,1,4051.0,60,3,4050.8,17,1,4052.0,477,11,4052.1,320,1,4052.3,43,1,4052.5,250,2,4052.6,5,1
11483,2026-07-02 14:50:25+05:30,4051.5,13,4035.1,1999738,174193.0,161416.0,4100.0,4110.0,4012.0,4092.6,25825625,4501.8,3683.4,4440.0,3288.1,4051.9,1,1,4051.5,74,4,4051.3,17,1,4051.0,60,3,4050.8,17,1,4052.0,477,11,4052.1,320,1,4052.3,43,1,4052.5,250,2,4052.6,5,1
11483,2026-07-02 14:50:25+05:30,4051.5,13,4035.11,2000168,173924.0,161360.0,4100.0,4110.0,4012.0,4092.6,25825625,4501.8,3683.4,4440.0,3288.1,4051.5,46,2,4051.3,17,1,4051.1,22,1,4051.0,75,5,4050.8,17,1,4052.0,307,8,4052.1,320,1,4052.3,43,1,4052.5,200,1,4052.6,61,3
11483,2026-07-02 14:50:26+05:30,4052.0,7,4035.11,2000168,173924.0,161360.0,4100.0,4110.0,4012.0,4092.6,25825625,4501.8,3683.4,4440.0,3288.1,4051.5,46,2,4051.3,17,1,4051.1,22,1,4051.0,75,5,4050.8,17,1,4052.0,307,8,4052.1,320,1,4052.3,43,1,4052.5,200,1,4052.6,61,3
11483,2026-07-02 14:50:26+05:30,4052.0,7,4035.11,2000177,174207.0,161283.0,4100.0,4110.0,4012.0,4092.6,25825625,4501.8,3683.4,4440.0,3288.1,4051.8,81,1,4051.7,42,1,4051.6,42,1,4051.5,87,3,4051.3,42,1,4052.0,311,9,4052.1,320,1,4052.3,43,1,4052.5,200,1,4052.6,61,3
11483,2026-07-02 14:50:27+05:30,4051.8,10,4035.11,2000177,174207.0,161283.0,4100.0,4110.0,4012.0,4092.6,25825625,4501.8,3683.4,4440.0,3288.1,4051.8,81,1,4051.7,42,1,4051.6,42,1,4051.5,87,3,4051.3,42,1,4052.0,311,9,4052.1,320,1,4052.3,43,1,4052.5,200,1,4052.6,61,3
11483,2026-07-02 14:50:27+05:30,4051.8,13,4035.11,2000560,173867.0,160824.0,4100.0,4110.0,4012.0,4092.6,25825625,4501.8,3683.4,4440.0,3288.1,4051.8,10,1,4051.7,90,3,4051.5,163,6,4051.3,17,1,4051.1,22,1,4052.0,12,1,4052.1,320,1,4052.3,43,1,4052.5,200,1,4052.6,5,1
11483,2026-07-02 14:50:28+05:30,4051.9,75,4035.11,2000560,173867.0,160824.0,4100.0,4110.0,4012.0,4092.6,25825625,4501.8,3683.4,4440.0,3288.1,4051.8,10,1,4051.7,90,3,4051.5,163,6,4051.3,17,1,4051.1,22,1,4052.0,12,1,4052.1,320,1,4052.3,43,1,4052.5,200,1,4052.6,5,1
11483,2026-07-02 14:50:28+05:30,4051.9,8,4035.11,2000938,173725.0,160898.0,4100.0,4110.0,4012.0,4092.6,25825625,4501.8,3683.4,4440.0,3288.1,4051.7,75,4,4051.5,57,3,4051.3,17,1,4051.1,72,2,4051.0,163,6,4051.9,19,1,4052.1,320,1,4052.3,43,1,4052.5,200,1,4052.6,5,1
11483,2026-07-02 14:50:29+05:30,4051.9,8,4035.11,2000938,173725.0,160898.0,4100.0,4110.0,4012.0,4092.6,25825625,4501.8,3683.4,4440.0,3288.1,4051.7,75,4,4051.5,57,3,4051.3,17,1,4051.1,72,2,4051.0,163,6,4051.9,19,1,4052.1,320,1,4052.3,43,1,4052.5,200,1,4052.6,5,1
11483,2026-07-02 14:50:29+05:30,4051.9,8,4035.11,2000938,173865.0,160888.0,4100.0,4110.0,4012.0,4092.6,25825625,4501.8,3683.4,4440.0,3288.1,4051.8,77,2,4051.7,129,7,4051.6,42,1,4051.5,15,2,4051.4,42,1,4051.9,19,1,4052.1,320,1,4052.3,43,1,4052.5,200,1,4052.6,5,1
11483,2026-07-02 14:50:30+05:30,4052.1,1,4035.11,2000938,173865.0,160888.0,4100.0,4110.0,4012.0,4092.6,25825625,4501.8,3683.4,4440.0,3288.1,4051.8,77,2,4051.7,129,7,4051.6,42,1,4051.5,15,2,4051.4,42,1,4051.9,19,1,4052.1,320,1,4052.3,43,1,4052.5,200,1,4052.6,5,1
11483,2026-07-02 14:50:30+05:30,4052.1,3,4035.11,2000994,173184.0,160632.0,4100.0,4110.0,4012.0,4092.6,25825625,4501.8,3683.4,4440.0,3288.1,4052.0,22,2,4051.9,4,1,4051.8,42,1,4051.7,124,6,4051.6,42,1,4052.1,289,2,4052.3,43,1,4052.5,200,1,4052.6,5,1,4052.7,5,1
11483,2026-07-02 14:50:31+05:30,4052.1,7,4035.11,2000994,173184.0,160632.0,4100.0,4110.0,4012.0,4092.6,25825625,4501.8,3683.4,4440.0,3288.1,4052.0,22,2,4051.9,4,1,4051.8,42,1,4051.7,124,6,4051.6,42,1,4052.1,289,2,4052.3,43,1,4052.5,200,1,4052.6,5,1,4052.7,5,1
11483,2026-07-02 14:50:31+05:30,4052.1,7,4035.11,2001001,173335.0,160794.0,4100.0,4110.0,4012.0,4092.6,25825625,4501.8,3683.4,4440.0,3288.1,4052.0,144,8,4051.9,47,3,4051.8,42,1,4051.7,3,1,4051.6,42,1,4052.1,282,2,4052.3,43,1,4052.5,200,1,4052.6,5,1,4052.7,5,1
11483,2026-07-02 14:50:32+05:30,4052.1,18,4035.11,2001001,173335.0,160794.0,4100.0,4110.0,4012.0,4092.6,25825625,4501.8,3683.4,4440.0,3288.1,4052.0,144,8,4051.9,47,3,4051.8,42,1,4051.7,3,1,4051.6,42,1,4052.1,282,2,4052.3,43,1,4052.5,200,1,4052.6,5,1,4052.7,5,1
11483,2026-07-02 14:50:32+05:30,4052.1,18,4035.12,2001099,173756.0,160781.0,4100.0,4110.0,4012.0,4092.6,25825625,4501.8,3683.4,4440.0,3288.1,4052.0,639,9,4051.9,47,3,4051.8,42,1,4051.7,3,1,4051.6,42,1,4052.1,262,1,4052.3,43,1,4052.5,200,1,4052.6,5,1,4052.7,5,1
11483,2026-07-02 14:50:33+05:30,4052.1,18,4035.12,2001099,173824.0,159960.0,4100.0,4110.0,4012.0,4092.6,25825625,4501.8,3683.4,4440.0,3288.1,4052.0,642,9,4051.9,47,3,4051.8,42,1,4051.7,3,1,4051.6,42,1,4052.1,262,1,4052.3,43,1,4052.5,200,1,4052.6,55,2,4052.7,5,1
11483,2026-07-02 14:50:34+05:30,4052.1,9,4035.12,2001099,173824.0,159960.0,4100.0,4110.0,4012.0,4092.6,25825625,4501.8,3683.4,4440.0,3288.1,4052.0,642,9,4051.9,47,3,4051.8,42,1,4051.7,3,1,4051.6,42,1,4052.1,262,1,4052.3,43,1,4052.5,200,1,4052.6,55,2,4052.7,5,1
11483,2026-07-02 14:50:34+05:30,4052.2,10,4035.12,2001398,173595.0,160454.0,4100.0,4110.0,4012.0,4092.6,25825625,4501.8,3683.4,4440.0,3288.1,4052.2,459,2,4052.1,58,2,4052.0,204,8,4051.9,4,1,4051.8,42,1,4052.3,43,1,4052.5,200,1,4052.6,55,2,4052.7,5,1,4052.8,24,4
11483,2026-07-02 14:50:35+05:30,4052.2,10,4035.12,2001398,173595.0,160454.0,4100.0,4110.0,4012.0,4092.6,25825625,4501.8,3683.4,4440.0,3288.1,4052.2,459,2,4052.1,58,2,4052.0,204,8,4051.9,4,1,4051.8,42,1,4052.3,43,1,4052.5,200,1,4052.6,55,2,4052.7,5,1,4052.8,24,4
11483,2026-07-02 14:50:35+05:30,4052.2,1,4035.12,2001398,173595.0,160454.0,4100.0,4110.0,4012.0,4092.6,25825625,4501.8,3683.4,4440.0,3288.1,4052.2,459,2,4052.1,58,2,4052.0,204,8,4051.9,4,1,4051.8,42,1,4052.3,43,1,4052.5,200,1,4052.6,55,2,4052.7,5,1,4052.8,24,4
11483,2026-07-02 14:50:35+05:30,4052.3,38,4035.12,2001446,173704.0,160532.0,4100.0,4110.0,4012.0,4092.6,25825625,4501.8,3683.4,4440.0,3288.1,4052.2,592,7,4052.1,58,2,4052.0,165,3,4051.8,42,1,4051.7,59,2,4052.3,43,1,4052.5,200,1,4052.6,55,2,4052.7,5,1,4052.8,24,4
11483,2026-07-02 14:50:36+05:30,4052.3,38,4035.12,2001446,173704.0,160532.0,4100.0,4110.0,4012.0,4092.6,25825625,4501.8,3683.4,4440.0,3288.1,4052.2,592,7,4052.1,58,2,4052.0,165,3,4051.8,42,1,4051.7,59,2,4052.3,43,1,4052.5,200,1,4052.6,55,2,4052.7,5,1,4052.8,24,4
11483,2026-07-02 14:50:36+05:30,4052.2,2,4035.12,2001446,173704.0,160532.0,4100.0,4110.0,4012.0,4092.6,25825625,4501.8,3683.4,4440.0,3288.1,4052.2,592,7,4052.1,58,2,4052.0,165,3,4051.8,42,1,4051.7,59,2,4052.3,43,1,4052.5,200,1,4052.6,55,2,4052.7,5,1,4052.8,24,4
11483,2026-07-02 14:50:36+05:30,4052.2,2,4035.12,2001461,173810.0,160585.0,4100.0,4110.0,4012.0,4092.6,25825625,4501.8,3683.4,4440.0,3288.1,4052.2,620,8,4052.1,58,2,4052.0,165,3,4051.8,42,1,4051.7,59,2,4052.3,32,2,4052.5,200,1,4052.6,55,2,4052.7,5,1,4052.8,24,4
11483,2026-07-02 14:50:37+05:30,4052.2,2,4035.12,2001461,173810.0,160585.0,4100.0,4110.0,4012.0,4092.6,25825625,4501.8,3683.4,4440.0,3288.1,4052.2,620,8,4052.1,58,2,4052.0,165,3,4051.8,42,1,4051.7,59,2,4052.3,32,2,4052.5,200,1,4052.6,55,2,4052.7,5,1,4052.8,24,4
11483,2026-07-02 14:50:37+05:30,4052.2,10,4035.12,2001461,173810.0,160585.0,4100.0,4110.0,4012.0,4092.6,25825625,4501.8,3683.4,4440.0,3288.1,4052.2,620,8,4052.1,58,2,4052.0,165,3,4051.8,42,1,4051.7,59,2,4052.3,32,2,4052.5,200,1,4052.6,55,2,4052.7,5,1,4052.8,24,4
11483,2026-07-02 14:50:37+05:30,4052.5,15,4035.12,2001624,173753.0,160434.0,4100.0,4110.0,4012.0,4092.6,25825625,4501.8,3683.4,4440.0,3288.1,4052.2,621,10,4052.1,58,2,4052.0,168,4,4051.8,42,1,4051.7,59,2,4052.5,132,1,4052.6,55,2,4052.7,5,1,4052.8,24,4,4052.9,41,2
11483,2026-07-02 14:50:38+05:30,4052.5,15,4035.12,2001624,173753.0,160434.0,4100.0,4110.0,4012.0,4092.6,25825625,4501.8,3683.4,4440.0,3288.1,4052.2,621,10,4052.1,58,2,4052.0,168,4,4051.8,42,1,4051.7,59,2,4052.5,132,1,4052.6,55,2,4052.7,5,1,4052.8,24,4,4052.9,41,2
11483,2026-07-02 14:50:38+05:30,4052.5,20,4035.12,2001624,173753.0,160434.0,4100.0,4110.0,4012.0,4092.6,25825625,4501.8,3683.4,4440.0,3288.1,4052.2,621,10,4052.1,58,2,4052.0,168,4,4051.8,42,1,4051.7,59,2,4052.5,132,1,4052.6,55,2,4052.7,5,1,4052.8,24,4,4052.9,41,2
11483,2026-07-02 14:50:38+05:30,4052.5,20,4035.12,2001624,173753.0,160434.0,4100.0,4110.0,4012.0,4092.6,25825625,4501.8,3683.4,4440.0,3288.1,4052.2,621,10,4052.1,58,2,4052.0,168,4,4051.8,42,1,4051.7,59,2,4052.5,132,1,4052.6,55,2,4052.7,5,1,4052.8,24,4,4052.9,41,2
11483,2026-07-02 14:50:38+05:30,4052.6,10,4035.12,2001821,173916.0,159837.0,4100.0,4110.0,4012.0,4092.6,25825625,4501.8,3683.4,4440.0,3288.1,4052.5,399,2,4052.4,15,2,4052.3,68,3,4052.2,217,9,4052.1,58,2,4052.6,40,1,4052.7,5,1,4052.8,24,4,4052.9,41,2,4053.0,2231,16
11483,2026-07-02 14:50:39+05:30,4052.6,10,4035.12,2001821,173916.0,159837.0,4100.0,4110.0,4012.0,4092.6,25825625,4501.8,3683.4,4440.0,3288.1,4052.5,399,2,4052.4,15,2,4052.3,68,3,4052.2,217,9,4052.1,58,2,4052.6,40,1,4052.7,5,1,4052.8,24,4,4052.9,41,2,4053.0,2231,16
11483,2026-07-02 14:50:39+05:30,4052.8,10,4035.12,2001821,173916.0,159837.0,4100.0,4110.0,4012.0,4092.6,25825625,4501.8,3683.4,4440.0,3288.1,4052.5,399,2,4052.4,15,2,4052.3,68,3,4052.2,217,9,4052.1,58,2,4052.6,40,1,4052.7,5,1,4052.8,24,4,4052.9,41,2,4053.0,2231,16
11483,2026-07-02 14:50:39+05:30,4052.8,10,4035.12,2001821,173916.0,159837.0,4100.0,4110.0,4012.0,4092.6,25825625,4501.8,3683.4,4440.0,3288.1,4052.5,399,2,4052.4,15,2,4052.3,68,3,4052.2,217,9,4052.1,58,2,4052.6,40,1,4052.7,5,1,4052.8,24,4,4052.9,41,2,4053.0,2231,16
11483,2026-07-02 14:50:39+05:30,4052.9,2,4035.12,2001940,173962.0,159922.0,4100.0,4110.0,4012.0,4092.6,25825625,4501.8,3683.4,4440.0,3288.1,4052.8,22,1,4052.7,451,3,4052.6,27,2,4052.5,206,4,4052.4,57,3,4053.0,2231,16,4053.1,12,2,4053.5,243,2,4053.7,50,1,4053.8,39,1
11483,2026-07-02 14:50:40+05:30,4052.9,2,4035.12,2001940,173962.0,159922.0,4100.0,4110.0,4012.0,4092.6,25825625,4501.8,3683.4,4440.0,3288.1,4052.8,22,1,4052.7,451,3,4052.6,27,2,4052.5,206,4,4052.4,57,3,4053.0,2231,16,4053.1,12,2,4053.5,243,2,4053.7,50,1,4053.8,39,1
11483,2026-07-02 14:50:40+05:30,4052.9,2,4035.12,2001940,173962.0,159922.0,4100.0,4110.0,4012.0,4092.6,25825625,4501.8,3683.4,4440.0,3288.1,4052.8,22,1,4052.7,451,3,4052.6,27,2,4052.5,206,4,4052.4,57,3,4053.0,2231,16,4053.1,12,2,4053.5,243,2,4053.7,50,1,4053.8,39,1
11483,2026-07-02 14:50:40+05:30,4052.9,2,4035.12,2001940,173962.0,159922.0,4100.0,4110.0,4012.0,4092.6,25829300,4501.8,3683.4,4440.0,3288.1,4052.8,22,1,4052.7,451,3,4052.6,27,2,4052.5,206,4,4052.4,57,3,4053.0,2231,16,4053.1,12,2,4053.5,243,2,4053.7,50,1,4053.8,39,1
11483,2026-07-02 14:50:40+05:30,4052.9,2,4035.12,2001940,173870.0,159929.0,4100.0,4110.0,4012.0,4092.6,25829300,4501.8,3683.4,4440.0,3288.1,4052.9,560,7,4052.8,64,2,4052.7,98,2,4052.6,27,2,4052.5,206,4,4053.0,2231,16,4053.1,12,2,4053.5,243,2,4053.7,50,1,4053.8,39,1
11483,2026-07-02 14:50:41+05:30,4052.9,2,4035.12,2001940,173870.0,159929.0,4100.0,4110.0,4012.0,4092.6,25829300,4501.8,3683.4,4440.0,3288.1,4052.9,560,7,4052.8,64,2,4052.7,98,2,4052.6,27,2,4052.5,206,4,4053.0,2231,16,4053.1,12,2,4053.5,243,2,4053.7,50,1,4053.8,39,1
11483,2026-07-02 14:50:41+05:30,4053.0,9,4035.12,2001940,173870.0,159929.0,4100.0,4110.0,4012.0,4092.6,25829300,4501.8,3683.4,4440.0,3288.1,4052.9,560,7,4052.8,64,2,4052.7,98,2,4052.6,27,2,4052.5,206,4,4053.0,2231,16,4053.1,12,2,4053.5,243,2,4053.7,50,1,4053.8,39,1
11483,2026-07-02 14:50:41+05:30,4053.0,9,4035.12,2002078,173844.0,159795.0,4100.0,4110.0,4012.0,4092.6,25829300,4501.8,3683.4,4440.0,3288.1,4052.9,549,7,4052.8,64,2,4052.7,98,2,4052.6,31,3,4052.5,103,2,4053.0,2106,13,4053.1,12,2,4053.5,243,2,4053.6,1,1,4053.7,50,1
11483,2026-07-02 14:50:42+05:30,4053.0,9,4035.12,2002078,173844.0,159795.0,4100.0,4110.0,4012.0,4092.6,25829300,4501.8,3683.4,4440.0,3288.1,4052.9,549,7,4052.8,64,2,4052.7,98,2,4052.6,31,3,4052.5,103,2,4053.0,2106,13,4053.1,12,2,4053.5,243,2,4053.6,1,1,4053.7,50,1
11483,2026-07-02 14:50:42+05:30,4052.9,25,4035.12,2002078,173844.0,159795.0,4100.0,4110.0,4012.0,4092.6,25829300,4501.8,3683.4,4440.0,3288.1,4052.9,549,7,4052.8,64,2,4052.7,98,2,4052.6,31,3,4052.5,103,2,4053.0,2106,13,4053.1,12,2,4053.5,243,2,4053.6,1,1,4053.7,50,1
11483,2026-07-02 14:50:42+05:30,4052.9,25,4035.12,2002078,173844.0,159795.0,4100.0,4110.0,4012.0,4092.6,25829300,4501.8,3683.4,4440.0,3288.1,4052.9,549,7,4052.8,64,2,4052.7,98,2,4052.6,31,3,4052.5,103,2,4053.0,2106,13,4053.1,12,2,4053.5,243,2,4053.6,1,1,4053.7,50,1
11483,2026-07-02 14:50:43+05:30,4053.0,3,4035.13,2002245,173588.0,160275.0,4100.0,4110.0,4012.0,4092.6,25829300,4501.8,3683.4,4440.0,3288.1,4052.9,493,6,4052.8,42,1,4052.7,42,1,4052.6,20,2,4052.5,42,1,4053.0,1995,10,4053.1,12,2,4053.4,14,1,4053.5,267,3,4053.6,1,1
11483,2026-07-02 14:50:43+05:30,4053.0,3,4035.13,2002245,173588.0,160275.0,4100.0,4110.0,4012.0,4092.6,25829300,4501.8,3683.4,4440.0,3288.1,4052.9,493,6,4052.8,42,1,4052.7,42,1,4052.6,20,2,4052.5,42,1,4053.0,1995,10,4053.1,12,2,4053.4,14,1,4053.5,267,3,4053.6,1,1
11483,2026-07-02 14:50:43+05:30,4052.9,10,4035.13,2002245,173588.0,160275.0,4100.0,4110.0,4012.0,4092.6,25829300,4501.8,3683.4,4440.0,3288.1,4052.9,493,6,4052.8,42,1,4052.7,42,1,4052.6,20,2,4052.5,42,1,4053.0,1995,10,4053.1,12,2,4053.4,14,1,4053.5,267,3,4053.6,1,1
11483,2026-07-02 14:50:44+05:30,4052.9,10,4035.13,2002262,173594.0,160515.0,4100.0,4110.0,4012.0,4092.6,25829300,4501.8,3683.4,4440.0,3288.1,4052.9,504,7,4052.8,42,1,4052.7,42,1,4052.6,16,1,4052.5,42,1,4053.0,1991,10,4053.1,25,3,4053.3,50,1,4053.5,267,3,4053.6,2,2
11483,2026-07-02 14:50:44+05:30,4053.0,388,4035.13,2002262,173594.0,160515.0,4100.0,4110.0,4012.0,4092.6,25829300,4501.8,3683.4,4440.0,3288.1,4052.9,504,7,4052.8,42,1,4052.7,42,1,4052.6,16,1,4052.5,42,1,4053.0,1991,10,4053.1,25,3,4053.3,50,1,4053.5,267,3,4053.6,2,2
11483,2026-07-02 14:50:45+05:30,4053.0,388,4035.13,2002827,173709.0,160060.0,4100.0,4110.0,4012.0,4092.6,25829300,4501.8,3683.4,4440.0,3288.1,4052.9,497,7,4052.8,42,1,4052.7,42,1,4052.5,42,1,4052.3,30,1,4053.0,1433,10,4053.1,25,3,4053.3,50,1,4053.5,243,2,4053.6,8,3
11483,2026-07-02 14:50:45+05:30,4052.9,2,4035.13,2002827,173709.0,160060.0,4100.0,4110.0,4012.0,4092.6,25829300,4501.8,3683.4,4440.0,3288.1,4052.9,497,7,4052.8,42,1,4052.7,42,1,4052.5,42,1,4052.3,30,1,4053.0,1433,10,4053.1,25,3,4053.3,50,1,4053.5,243,2,4053.6,8,3
11483,2026-07-02 14:50:46+05:30,4053.0,3,4035.13,2003224,173720.0,159854.0,4100.0,4110.0,4012.0,4092.6,25829300,4501.8,3683.4,4440.0,3288.1,4052.9,495,7,4052.8,42,1,4052.7,42,1,4052.5,49,2,4052.3,30,1,4053.0,1088,13,4053.1,27,4,4053.3,50,1,4053.5,243,2,4053.6,29,4
11483,2026-07-02 14:50:46+05:30,4053.0,100,4035.13,2003224,173720.0,159854.0,4100.0,4110.0,4012.0,4092.6,25829300,4501.8,3683.4,4440.0,3288.1,4052.9,495,7,4052.8,42,1,4052.7,42,1,4052.5,49,2,4052.3,30,1,4053.0,1088,13,4053.1,27,4,4053.3,50,1,4053.5,243,2,4053.6,29,4
11483,2026-07-02 14:50:47+05:30,4053.0,388,4035.14,2003754,173660.0,159556.0,4100.0,4110.0,4012.0,4092.6,25829300,4501.8,3683.4,4440.0,3288.1,4052.9,490,7,4052.5,7,1,4052.3,30,1,4052.2,39,2,4052.0,26,2,4053.0,565,14,4053.1,27,4,4053.3,50,1,4053.4,24,1,4053.5,243,2
11483,2026-07-02 14:50:47+05:30,4053.0,1,4035.14,2003754,173660.0,159556.0,4100.0,4110.0,4012.0,4092.6,25829300,4501.8,3683.4,4440.0,3288.1,4052.9,490,7,4052.5,7,1,4052.3,30,1,4052.2,39,2,4052.0,26,2,4053.0,565,14,4053.1,27,4,4053.3,50,1,4053.4,24,1,4053.5,243,2
11483,2026-07-02 14:50:48+05:30,4053.0,23,4035.14,2004143,173660.0,159051.0,4100.0,4110.0,4012.0,4092.6,25829300,4501.8,3683.4,4440.0,3288.1,4052.9,490,7,4052.5,7,1,4052.3,30,1,4052.2,39,2,4052.0,26,2,4053.0,296,11,4053.1,27,4,4053.2,24,1,4053.3,62,2,4053.4,24,1
11483,2026-07-02 14:50:48+05:30,4053.0,107,4035.14,2004143,173660.0,159051.0,4100.0,4110.0,4012.0,4092.6,25829300,4501.8,3683.4,4440.0,3288.1,4052.9,490,7,4052.5,7,1,4052.3,30,1,4052.2,39,2,4052.0,26,2,4053.0,296,11,4053.1,27,4,4053.2,24,1,4053.3,62,2,4053.4,24,1
11483,2026-07-02 14:50:48+05:30,4053.0,93,4035.15,2004921,174238.0,158700.0,4100.0,4110.0,4012.0,4092.6,25829300,4501.8,3683.4,4440.0,3288.1,4053.0,295,1,4052.9,490,7,4052.5,7,1,4052.3,30,1,4052.2,94,4,4053.1,27,4,4053.3,50,1,4053.5,243,2,4053.6,26,3,4053.7,50,1
11483,2026-07-02 14:50:49+05:30,4054.5,337,4035.15,2004921,174238.0,158700.0,4100.0,4110.0,4012.0,4092.6,25829300,4501.8,3683.4,4440.0,3288.1,4053.0,295,1,4052.9,490,7,4052.5,7,1,4052.3,30,1,4052.2,94,4,4053.1,27,4,4053.3,50,1,4053.5,243,2,4053.6,26,3,4053.7,50,1
11483,2026-07-02 14:50:50+05:30,4055.0,40,4035.21,2011623,175102.0,153371.0,4100.0,4110.0,4012.0,4092.6,25829300,4501.8,3683.4,4440.0,3288.1,4054.0,24,1,4053.9,50,3,4053.8,30,2,4053.7,35,2,4053.6,25,2,4055.0,260,1,4055.5,10,1,4055.6,2,1,4055.7,13,1,4055.8,25,2
11483,2026-07-02 14:50:50+05:30,4055.0,22,4035.21,2011623,175102.0,153371.0,4100.0,4110.0,4012.0,4092.6,25829300,4501.8,3683.4,4440.0,3288.1,4054.0,24,1,4053.9,50,3,4053.8,30,2,4053.7,35,2,4053.6,25,2,4055.0,260,1,4055.5,10,1,4055.6,2,1,4055.7,13,1,4055.8,25,2
11483,2026-07-02 14:50:51+05:30,4054.7,31,4035.21,2011689,175767.0,154664.0,4100.0,4110.0,4012.0,4092.6,25829300,4501.8,3683.4,4440.0,3288.1,4053.8,47,2,4053.7,326,2,4053.6,489,4,4053.5,34,3,4053.4,91,3,4054.7,31,1,4055.0,287,3,4055.4,87,3,4055.5,56,2,4055.7,184,5
11483,2026-07-02 14:50:51+05:30,4054.7,10,4035.21,2011689,175767.0,154664.0,4100.0,4110.0,4012.0,4092.6,25829300,4501.8,3683.4,4440.0,3288.1,4053.8,47,2,4053.7,326,2,4053.6,489,4,4053.5,34,3,4053.4,91,3,4054.7,31,1,4055.0,287,3,4055.4,87,3,4055.5,56,2,4055.7,184,5
11483,2026-07-02 14:50:52+05:30,4054.7,20,4035.21,2011721,175907.0,154669.0,4100.0,4110.0,4012.0,4092.6,25829300,4501.8,3683.4,4440.0,3288.1,4053.9,60,3,4053.8,793,4,4053.7,41,2,4053.6,64,1,4053.5,72,4,4055.0,287,3,4055.4,87,3,4055.5,56,2,4055.7,184,5,4055.8,5,1
11483,2026-07-02 14:50:52+05:30,4053.9,8,4035.21,2011721,175907.0,154669.0,4100.0,4110.0,4012.0,4092.6,25829300,4501.8,3683.4,4440.0,3288.1,4053.9,60,3,4053.8,793,4,4053.7,41,2,4053.6,64,1,4053.5,72,4,4055.0,287,3,4055.4,87,3,4055.5,56,2,4055.7,184,5,4055.8,5,1
11483,2026-07-02 14:50:53+05:30,4055.0,145,4035.22,2011937,175857.0,154412.0,4100.0,4110.0,4012.0,4092.6,25829300,4501.8,3683.4,4440.0,3288.1,4054.0,13,1,4053.9,700,3,4053.8,58,2,4053.7,41,2,4053.6,64,1,4055.0,144,4,4055.4,37,2,4055.5,10,1,4055.7,132,4,4055.8,5,1
11483,2026-07-02 14:50:53+05:30,4055.0,156,4035.22,2011937,175857.0,154412.0,4100.0,4110.0,4012.0,4092.6,25829300,4501.8,3683.4,4440.0,3288.1,4054.0,13,1,4053.9,700,3,4053.8,58,2,4053.7,41,2,4053.6,64,1,4055.0,144,4,4055.4,37,2,4055.5,10,1,4055.7,132,4,4055.8,5,1
11483,2026-07-02 14:50:54+05:30,4055.0,2,4035.22,2012257,175935.0,154612.0,4100.0,4110.0,4012.0,4092.6,25829300,4501.8,3683.4,4440.0,3288.1,4054.0,683,2,4053.9,165,6,4053.8,48,2,4053.7,31,1,4053.6,136,2,4055.0,142,1,4055.4,77,3,4055.5,10,1,4055.6,46,1,4055.7,149,5
11483,2026-07-02 14:50:54+05:30,4054.0,90,4035.22,2012257,175935.0,154612.0,4100.0,4110.0,4012.0,4092.6,25829300,4501.8,3683.4,4440.0,3288.1,4054.0,683,2,4053.9,165,6,4053.8,48,2,4053.7,31,1,4053.6,136,2,4055.0,142,1,4055.4,77,3,4055.5,10,1,4055.6,46,1,4055.7,149,5
11483,2026-07-02 14:50:55+05:30,4054.0,90,4035.22,2012352,175685.0,152568.0,4100.0,4110.0,4012.0,4092.6,25829300,4501.8,3683.4,4440.0,3288.1,4054.0,588,2,4053.9,165,6,4053.8,48,2,4053.7,31,1,4053.6,64,1,4055.0,142,1,4055.4,169,5,4055.5,10,1,4055.6,91,2,4055.7,220,6
11483,2026-07-02 14:50:55+05:30,4054.0,5,4035.22,2012352,175685.0,152568.0,4100.0,4110.0,4012.0,4092.6,25829300,4501.8,3683.4,4440.0,3288.1,4054.0,588,2,4053.9,165,6,4053.8,48,2,4053.7,31,1,4053.6,64,1,4055.0,142,1,4055.4,169,5,4055.5,10,1,4055.6,91,2,4055.7,220,6
11483,2026-07-02 14:50:56+05:30,4055.0,2,4035.22,2012359,175788.0,154632.0,4100.0,4110.0,4012.0,4092.6,25829300,4501.8,3683.4,4440.0,3288.1,4054.0,731,7,4053.9,5,1,4053.8,48,2,4053.7,31,1,4053.6,64,1,4055.0,140,1,4055.4,169,5,4055.5,10,1,4055.6,91,2,4055.7,149,5
11483,2026-07-02 14:50:56+05:30,4055.0,22,4035.22,2012359,175788.0,154632.0,4100.0,4110.0,4012.0,4092.6,25829300,4501.8,3683.4,4440.0,3288.1,4054.0,731,7,4053.9,5,1,4053.8,48,2,4053.7,31,1,4053.6,64,1,4055.0,140,1,4055.4,169,5,4055.5,10,1,4055.6,91,2,4055.7,149,5
11483,2026-07-02 14:50:57+05:30,4055.0,22,4035.22,2012381,175819.0,154694.0,4100.0,4110.0,4012.0,4092.6,25829300,4501.8,3683.4,4440.0,3288.1,4054.0,731,7,4053.9,5,1,4053.8,48,2,4053.7,31,1,4053.6,64,1,4055.0,118,1,4055.4,169,5,4055.5,10,1,4055.6,91,2,4055.7,149,5
11483,2026-07-02 14:50:57+05:30,4054.0,106,4035.22,2012381,175819.0,154694.0,4100.0,4110.0,4012.0,4092.6,25829300,4501.8,3683.4,4440.0,3288.1,4054.0,731,7,4053.9,5,1,4053.8,48,2,4053.7,31,1,4053.6,64,1,4055.0,118,1,4055.4,169,5,4055.5,10,1,4055.6,91,2,4055.7,149,5
11483,2026-07-02 14:50:58+05:30,4054.0,106,4035.23,2013850,173692.0,157118.0,4100.0,4110.0,4012.0,4092.6,25829300,4501.8,3683.4,4440.0,3288.1,4053.4,17,1,4053.0,225,3,4052.9,24,1,4052.5,7,1,4052.3,1,1,4053.7,78,4,4053.9,15,1,4054.0,17,1,4054.1,35,2,4054.2,34,2
11483,2026-07-02 14:50:59+05:30,4053.7,7,4035.23,2013857,174509.0,156865.0,4100.0,4110.0,4012.0,4092.6,25829300,4501.8,3683.4,4440.0,3288.1,4053.4,17,1,4053.0,725,4,4052.9,24,1,4052.5,7,1,4052.3,51,2,4053.7,74,6,4053.9,15,1,4054.0,17,1,4054.1,20,1,4054.2,24,1
11483,2026-07-02 14:50:59+05:30,4053.7,7,4035.23,2013857,174509.0,156865.0,4100.0,4110.0,4012.0,4092.6,25829300,4501.8,3683.4,4440.0,3288.1,4053.4,17,1,4053.0,725,4,4052.9,24,1,4052.5,7,1,4052.3,51,2,4053.7,74,6,4053.9,15,1,4054.0,17,1,4054.1,20,1,4054.2,24,1
11483,2026-07-02 14:51:00+05:30,4053.7,10,4035.23,2013867,174532.0,156926.0,4100.0,4110.0,4012.0,4092.6,25829300,4501.8,3683.4,4440.0,3288.1,4053.4,17,1,4053.3,9,1,4053.0,725,4,4052.9,24,1,4052.6,15,1,4053.7,55,5,4053.8,2,1,4053.9,15,1,4054.0,35,2,4054.1,20,1
11483,2026-07-02 14:51:00+05:30,4053.4,50,4035.23,2013867,174532.0,156926.0,4100.0,4110.0,4012.0,4092.6,25829300,4501.8,3683.4,4440.0,3288.1,4053.4,17,1,4053.3,9,1,4053.0,725,4,4052.9,24,1,4052.6,15,1,4053.7,55,5,4053.8,2,1,4053.9,15,1,4054.0,35,2,4054.1,20,1
11483,2026-07-02 14:51:01+05:30,4053.7,4,4035.24,2013961,174516.0,156966.0,4100.0,4110.0,4012.0,4092.6,25829300,4501.8,3683.4,4440.0,3288.1,4053.6,2,1,4053.4,5,1,4053.3,10,2,4053.0,725,4,4052.9,24,1,4053.7,38,2,4053.8,2,1,4054.0,18,1,4054.1,20,1,4054.2,121,4
11483,2026-07-02 14:51:01+05:30,4053.7,2,4035.24,2013961,174516.0,156966.0,4100.0,4110.0,4012.0,4092.6,25829300,4501.8,3683.4,4440.0,3288.1,4053.6,2,1,4053.4,5,1,4053.3,10,2,4053.0,725,4,4052.9,24,1,4053.7,38,2,4053.8,2,1,4054.0,18,1,4054.1,20,1,4054.2,121,4
11483,2026-07-02 14:51:02+05:30,4053.7,2,4035.24,2013990,174613.0,157209.0,4100.0,4110.0,4012.0,4092.6,25829300,4501.8,3683.4,4440.0,3288.1,4053.3,10,2,4053.0,725,4,4052.9,24,1,4052.6,21,2,4052.5,7,1,4053.8,2,1,4053.9,24,1,4054.0,18,1,4054.1,20,1,4054.2,121,4
11483,2026-07-02 14:51:02+05:30,4053.3,5,4035.24,2013990,174613.0,157209.0,4100.0,4110.0,4012.0,4092.6,25829300,4501.8,3683.4,4440.0,3288.1,4053.3,10,2,4053.0,725,4,4052.9,24,1,4052.6,21,2,4052.5,7,1,4053.8,2,1,4053.9,24,1,4054.0,18,1,4054.1,20,1,4054.2,121,4
11483,2026-07-02 14:51:03+05:30,4054.2,2,4035.24,2014109,174702.0,156904.0,4100.0,4110.0,4012.0,4092.6,25829300,4501.8,3683.4,4440.0,3288.1,4053.3,4,1,4053.0,825,5,4052.9,24,1,4052.6,21,2,4052.5,7,1,4054.2,163,6,4054.3,29,1,4054.4,78,4,4054.5,115,6,4054.6,191,7
11483,2026-07-02 14:51:03+05:30,4054.2,1,4035.24,2014109,174702.0,156904.0,4100.0,4110.0,4012.0,4092.6,25829300,4501.8,3683.4,4440.0,3288.1,4053.3,4,1,4053.0,825,5,4052.9,24,1,4052.6,21,2,4052.5,7,1,4054.2,163,6,4054.3,29,1,4054.4,78,4,4054.5,115,6,4054.6,191,7
11483,2026-07-02 14:51:04+05:30,4054.2,8,4035.24,2014207,174641.0,157002.0,4100.0,4110.0,4012.0,4092.6,25829300,4501.8,3683.4,4440.0,3288.1,4053.3,4,1,4053.0,825,5,4052.9,24,1,4052.6,21,2,4052.5,7,1,4054.2,119,5,4054.3,29,1,4054.4,78,4,4054.5,115,6,4054.6,191,7
11483,2026-07-02 14:51:04+05:30,4054.2,5,4035.24,2014207,174641.0,157002.0,4100.0,4110.0,4012.0,4092.6,25829300,4501.8,3683.4,4440.0,3288.1,4053.3,4,1,4053.0,825,5,4052.9,24,1,4052.6,21,2,4052.5,7,1,4054.2,119,5,4054.3,29,1,4054.4,78,4,4054.5,115,6,4054.6,191,7
11483,2026-07-02 14:51:04+05:30,4054.2,5,4035.25,2015369,174698.0,156993.0,4100.0,4110.0,4012.0,4092.6,25829300,4501.8,3683.4,4440.0,3288.1,4053.3,3,1,4053.0,866,6,4052.9,24,1,4052.6,15,1,4052.5,7,1,4054.2,115,6,4054.3,91,3,4054.4,138,4,4054.5,61,3,4054.6,184,5
11483,2026-07-02 14:51:05+05:30,4053.3,3,4035.25,2015372,174610.0,157280.0,4100.0,4110.0,4012.0,4092.6,25829300,4501.8,3683.4,4440.0,3288.1,4053.3,30,2,4053.0,866,6,4052.9,24,1,4052.6,67,2,4052.5,7,1,4053.7,5,1,4054.0,82,4,4054.1,23,1,4054.2,68,4,4054.3,91,3
11483,2026-07-02 14:51:06+05:30,4053.7,1,4035.25,2015372,174610.0,157280.0,4100.0,4110.0,4012.0,4092.6,25829300,4501.8,3683.4,4440.0,3288.1,4053.3,30,2,4053.0,866,6,4052.9,24,1,4052.6,67,2,4052.5,7,1,4053.7,5,1,4054.0,82,4,4054.1,23,1,4054.2,68,4,4054.3,91,3
11483,2026-07-02 14:51:07+05:30,4053.7,1,4035.25,2015378,174374.0,157551.0,4100.0,4110.0,4012.0,4092.6,25829300,4501.8,3683.4,4440.0,3288.1,4053.7,1,1,4053.3,1,1,4053.2,28,2,4053.0,866,6,4052.9,24,1,4054.0,121,5,4054.1,11,1,4054.2,68,4,4054.3,45,2,4054.4,82,3
11483,2026-07-02 14:51:07+05:30,4054.0,17,4035.25,2015525,174609.0,157033.0,4100.0,4110.0,4012.0,4092.6,25829300,4501.8,3683.4,4440.0,3288.1,4053.7,1,1,4053.3,2,2,4053.2,28,2,4053.0,866,6,4052.9,24,1,4054.2,102,6,4054.3,45,2,4054.4,82,3,4054.5,117,4,4054.6,184,5
11483,2026-07-02 14:51:08+05:30,4054.0,17,4035.25,2015525,174609.0,157033.0,4100.0,4110.0,4012.0,4092.6,25829300,4501.8,3683.4,4440.0,3288.1,4053.7,1,1,4053.3,2,2,4053.2,28,2,4053.0,866,6,4052.9,24,1,4054.2,102,6,4054.3,45,2,4054.4,82,3,4054.5,117,4,4054.6,184,5
11483,2026-07-02 14:51:09+05:30,4054.2,2,4035.25,2015550,174907.0,157110.0,4100.0,4110.0,4012.0,4092.6,25829300,4501.8,3683.4,4440.0,3288.1,4053.7,34,6,4053.0,866,6,4052.9,76,2,4052.7,63,2,4052.6,67,2,4054.2,70,4,4054.3,16,1,4054.4,82,3,4054.5,84,4,4054.6,132,4
11483,2026-07-02 14:51:09+05:30,4054.2,2,4035.25,2015550,174907.0,157110.0,4100.0,4110.0,4012.0,4092.6,25829300,4501.8,3683.4,4440.0,3288.1,4053.7,34,6,4053.0,866,6,4052.9,76,2,4052.7,63,2,4052.6,67,2,4054.2,70,4,4054.3,16,1,4054.4,82,3,4054.5,84,4,4054.6,132,4
11483,2026-07-02 14:51:09+05:30,4053.7,1,4035.25,2015551,174926.0,157025.0,4100.0,4110.0,4012.0,4092.6,25829300,4501.8,3683.4,4440.0,3288.1,4053.9,1,1,4053.7,1,1,4053.6,33,5,4053.0,866,6,4052.9,24,1,4054.2,139,6,4054.3,27,2,4054.4,82,3,4054.5,84,4,4054.6,188,5
11483,2026-07-02 14:51:10+05:30,4053.7,1,4035.25,2015551,174926.0,157025.0,4100.0,4110.0,4012.0,4092.6,25829300,4501.8,3683.4,4440.0,3288.1,4053.9,1,1,4053.7,1,1,4053.6,33,5,4053.0,866,6,4052.9,24,1,4054.2,139,6,4054.3,27,2,4054.4,82,3,4054.5,84,4,4054.6,188,5
11483,2026-07-02 14:51:11+05:30,4053.7,1,4035.25,2015551,174941.0,156921.0,4100.0,4110.0,4012.0,4092.6,25829300,4501.8,3683.4,4440.0,3288.1,4053.9,1,1,4053.7,1,1,4053.6,33,5,4053.0,866,6,4052.9,24,1,4054.2,141,7,4054.3,27,2,4054.4,82,3,4054.5,61,3,4054.6,188,5
11483,2026-07-02 14:51:11+05:30,4054.2,1,4035.25,2015551,174941.0,156921.0,4100.0,4110.0,4012.0,4092.6,25829300,4501.8,3683.4,4440.0,3288.1,4053.9,1,1,4053.7,1,1,4053.6,33,5,4053.0,866,6,4052.9,24,1,4054.2,141,7,4054.3,27,2,4054.4,82,3,4054.5,61,3,4054.6,188,5
11483,2026-07-02 14:51:12+05:30,4054.2,1,4035.25,2015553,174936.0,156862.0,4100.0,4110.0,4012.0,4092.6,25829300,4501.8,3683.4,4440.0,3288.1,4053.9,1,1,4053.6,34,6,4053.0,866,6,4052.9,24,1,4052.7,63,2,4054.2,139,7,4054.3,27,2,4054.4,82,3,4054.5,61,3,4054.6,132,4
11483,2026-07-02 14:51:12+05:30,4053.7,20,4035.25,2015553,174936.0,156862.0,4100.0,4110.0,4012.0,4092.6,25829300,4501.8,3683.4,4440.0,3288.1,4053.9,1,1,4053.6,34,6,4053.0,866,6,4052.9,24,1,4052.7,63,2,4054.2,139,7,4054.3,27,2,4054.4,82,3,4054.5,61,3,4054.6,132,4
11483,2026-07-02 14:51:13+05:30,4053.0,1,4035.25,2015869,174644.0,157927.0,4100.0,4110.0,4012.0,4092.6,25829300,4501.8,3683.4,4440.0,3288.1,4053.0,845,5,4052.9,24,1,4052.6,15,1,4052.5,7,1,4052.3,53,2,4053.8,132,6,4053.9,8,1,4054.0,39,6,4054.1,13,1,4054.2,141,8
11483,2026-07-02 14:51:13+05:30,4053.0,1,4035.25,2015869,174644.0,157927.0,4100.0,4110.0,4012.0,4092.6,25829300,4501.8,3683.4,4440.0,3288.1,4053.0,845,5,4052.9,24,1,4052.6,15,1,4052.5,7,1,4052.3,53,2,4053.8,132,6,4053.9,8,1,4054.0,39,6,4054.1,13,1,4054.2,141,8
11483,2026-07-02 14:51:14+05:30,4053.0,1,4035.25,2015869,174644.0,158019.0,4100.0,4110.0,4012.0,4092.6,25829300,4501.8,3683.4,4440.0,3288.1,4053.0,845,5,4052.9,24,1,4052.6,15,1,4052.5,7,1,4052.3,53,2,4053.8,117,6,4053.9,8,1,4054.0,39,6,4054.1,13,1,4054.2,139,7
11483,2026-07-02 14:51:14+05:30,4053.0,1,4035.25,2015869,174611.0,158045.0,4100.0,4110.0,4012.0,4092.6,25829300,4501.8,3683.4,4440.0,3288.1,4053.0,845,5,4052.9,24,1,4052.6,15,1,4052.5,7,1,4052.3,53,2,4053.8,117,6,4053.9,8,1,4054.0,139,7,4054.1,13,1,4054.2,139,7
11483,2026-07-02 14:51:15+05:30,4053.0,1,4035.25,2015869,174611.0,158045.0,4100.0,4110.0,4012.0,4092.6,25829300,4501.8,3683.4,4440.0,3288.1,4053.0,845,5,4052.9,24,1,4052.6,15,1,4052.5,7,1,4052.3,53,2,4053.8,117,6,4053.9,8,1,4054.0,139,7,4054.1,13,1,4054.2,139,7
11483,2026-07-02 14:51:15+05:30,4053.0,1,4035.25,2015870,174611.0,158236.0,4100.0,4110.0,4012.0,4092.6,25829300,4501.8,3683.4,4440.0,3288.1,4053.5,2,2,4053.0,844,5,4052.9,24,1,4052.6,15,1,4052.5,7,1,4053.8,119,7,4053.9,10,2,4054.0,154,8,4054.1,13,1,4054.2,139,7
11483,2026-07-02 14:51:16+05:30,4053.5,2,4035.25,2015870,174611.0,158236.0,4100.0,4110.0,4012.0,4092.6,25829300,4501.8,3683.4,4440.0,3288.1,4053.5,2,2,4053.0,844,5,4052.9,24,1,4052.6,15,1,4052.5,7,1,4053.8,119,7,4053.9,10,2,4054.0,154,8,4054.1,13,1,4054.2,139,7
11483,2026-07-02 14:51:16+05:30,4053.0,10,4035.25,2015885,174581.0,158191.0,4100.0,4110.0,4012.0,4092.6,25829300,4501.8,3683.4,4440.0,3288.1,4053.0,834,5,4052.9,24,1,4052.6,15,1,4052.5,7,1,4052.3,53,2,4053.3,5,1,4053.8,67,6,4053.9,10,2,4054.0,137,7,4054.1,58,1
11483,2026-07-02 14:51:17+05:30,4053.0,10,4035.25,2015885,174581.0,158191.0,4100.0,4110.0,4012.0,4092.6,25829300,4501.8,3683.4,4440.0,3288.1,4053.0,834,5,4052.9,24,1,4052.6,15,1,4052.5,7,1,4052.3,53,2,4053.3,5,1,4053.8,67,6,4053.9,10,2,4054.0,137,7,4054.1,58,1
11483,2026-07-02 14:51:17+05:30,4053.8,5,4035.25,2015897,174566.0,158279.0,4100.0,4110.0,4012.0,4092.6,25829300,4501.8,3683.4,4440.0,3288.1,4053.0,832,5,4052.9,24,1,4052.6,15,1,4052.5,7,1,4052.3,53,2,4053.8,62,6,4053.9,10,2,4054.0,237,8,4054.1,58,1,4054.2,139,7
11483,2026-07-02 14:51:18+05:30,4053.0,62,4035.25,2015897,174566.0,158279.0,4100.0,4110.0,4012.0,4092.6,25829300,4501.8,3683.4,4440.0,3288.1,4053.0,832,5,4052.9,24,1,4052.6,15,1,4052.5,7,1,4052.3,53,2,4053.8,62,6,4053.9,10,2,4054.0,237,8,4054.1,58,1,4054.2,139,7
11483,2026-07-02 14:51:19+05:30,4053.0,62,4035.25,2015959,174386.0,158592.0,4100.0,4110.0,4012.0,4092.6,25829300,4501.8,3683.4,4440.0,3288.1,4053.0,770,5,4052.9,2,1,4052.6,15,1,4052.5,7,1,4052.3,1,1,4053.7,15,1,4053.8,114,7,4053.9,10,2,4054.0,304,10,4054.1,58,1
11483,2026-07-02 14:51:19+05:30,4054.0,40,4035.25,2015959,174386.0,158592.0,4100.0,4110.0,4012.0,4092.6,25829300,4501.8,3683.4,4440.0,3288.1,4053.0,770,5,4052.9,2,1,4052.6,15,1,4052.5,7,1,4052.3,1,1,4053.7,15,1,4053.8,114,7,4053.9,10,2,4054.0,304,10,4054.1,58,1
11483,2026-07-02 14:51:20+05:30,4054.0,40,4035.26,2016160,174320.0,158348.0,4100.0,4110.0,4012.0,4092.6,25829300,4501.8,3683.4,4440.0,3288.1,4053.0,789,6,4052.9,2,1,4052.6,15,1,4052.5,7,1,4052.3,7,2,4053.9,52,1,4054.0,284,8,4054.1,31,1,4054.2,267,8,4054.3,81,4
11483,2026-07-02 14:51:20+05:30,4053.9,10,4035.26,2016160,174320.0,158348.0,4100.0,4110.0,4012.0,4092.6,25829300,4501.8,3683.4,4440.0,3288.1,4053.0,789,6,4052.9,2,1,4052.6,15,1,4052.5,7,1,4052.3,7,2,4053.9,52,1,4054.0,284,8,4054.1,31,1,4054.2,267,8,4054.3,81,4
11483,2026-07-02 14:51:21+05:30,4053.9,10,4035.26,2016175,174043.0,158390.0,4100.0,4110.0,4012.0,4092.6,25829300,4501.8,3683.4,4440.0,3288.1,4053.0,785,6,4052.9,2,1,4052.6,15,1,4052.5,7,1,4052.4,6,1,4053.9,41,1,4054.0,284,8,4054.1,43,2,4054.2,320,8,4054.3,81,4
11483,2026-07-02 14:51:21+05:30,4053.1,3,4035.26,2016175,174043.0,158390.0,4100.0,4110.0,4012.0,4092.6,25829300,4501.8,3683.4,4440.0,3288.1,4053.0,785,6,4052.9,2,1,4052.6,15,1,4052.5,7,1,4052.4,6,1,4053.9,41,1,4054.0,284,8,4054.1,43,2,4054.2,320,8,4054.3,81,4
11483,2026-07-02 14:51:22+05:30,4053.1,3,4035.26,2016203,173927.0,158448.0,4100.0,4110.0,4012.0,4092.6,25829300,4501.8,3683.4,4440.0,3288.1,4053.1,22,1,4053.0,782,8,4052.9,2,1,4052.6,15,1,4052.5,7,1,4053.8,114,5,4053.9,43,2,4054.0,260,7,4054.1,43,2,4054.2,292,8
11483,2026-07-02 14:51:22+05:30,4053.8,2,4035.26,2016203,173927.0,158448.0,4100.0,4110.0,4012.0,4092.6,25829300,4501.8,3683.4,4440.0,3288.1,4053.1,22,1,4053.0,782,8,4052.9,2,1,4052.6,15,1,4052.5,7,1,4053.8,114,5,4053.9,43,2,4054.0,260,7,4054.1,43,2,4054.2,292,8
11483,2026-07-02 14:51:23+05:30,4053.8,2,4035.26,2016205,174098.0,158309.0,4100.0,4110.0,4012.0,4092.6,25829300,4501.8,3683.4,4440.0,3288.1,4053.1,23,2,4053.0,782,8,4052.9,2,1,4052.6,15,1,4052.5,7,1,4053.8,112,5,4053.9,43,2,4054.0,260,7,4054.1,43,2,4054.2,237,7
11483,2026-07-02 14:51:24+05:30,4054.3,1,4035.27,2017219,174139.0,156544.0,4100.0,4110.0,4012.0,4092.6,25829300,4501.8,3683.4,4440.0,3288.1,4053.2,24,1,4053.1,24,3,4053.0,782,8,4052.9,2,1,4052.6,21,2,4054.3,139,5,4054.4,67,3,4054.5,59,3,4054.6,157,6,4054.7,63,2
11483,2026-07-02 14:51:24+05:30,4054.3,1,4035.27,2017219,174139.0,156544.0,4100.0,4110.0,4012.0,4092.6,25829300,4501.8,3683.4,4440.0,3288.1,4053.2,24,1,4053.1,24,3,4053.0,782,8,4052.9,2,1,4052.6,21,2,4054.3,139,5,4054.4,67,3,4054.5,59,3,4054.6,157,6,4054.7,63,2
11483,2026-07-02 14:51:25+05:30,4054.0,12,4035.27,2017243,174515.0,156973.0,4100.0,4110.0,4012.0,4092.6,25829300,4501.8,3683.4,4440.0,3288.1,4054.1,101,5,4054.0,25,2,4053.9,31,2,4053.8,33,3,4053.7,6,1,4054.6,2,1,4054.9,5,1,4055.0,1013,14,4055.2,15,1,4055.4,88,3
11483,2026-07-02 14:51:25+05:30,4054.1,20,4035.27,2017243,174515.0,156973.0,4100.0,4110.0,4012.0,4092.6,25829300,4501.8,3683.4,4440.0,3288.1,4054.1,101,5,4054.0,25,2,4053.9,31,2,4053.8,33,3,4053.7,6,1,4054.6,2,1,4054.9,5,1,4055.0,1013,14,4055.2,15,1,4055.4,88,3
11483,2026-07-02 14:51:26+05:30,4054.1,1,4035.27,2017316,174441.0,158121.0,4100.0,4110.0,4012.0,4092.6,25829300,4501.8,3683.4,4440.0,3288.1,4053.7,28,3,4053.6,28,3,4053.5,17,1,4053.4,3,1,4053.3,27,2,4054.1,2,2,4054.6,2,1,4054.9,74,3,4055.0,1065,16,4055.1,65,2
11483,2026-07-02 14:51:26+05:30,4054.1,1,4035.27,2017316,174441.0,158121.0,4100.0,4110.0,4012.0,4092.6,25829300,4501.8,3683.4,4440.0,3288.1,4053.7,28,3,4053.6,28,3,4053.5,17,1,4053.4,3,1,4053.3,27,2,4054.1,2,2,4054.6,2,1,4054.9,74,3,4055.0,1065,16,4055.1,65,2
11483,2026-07-02 14:51:27+05:30,4054.1,20,4035.27,2017388,174498.0,158804.0,4100.0,4110.0,4012.0,4092.6,25829300,4501.8,3683.4,4440.0,3288.1,4053.9,14,4,4053.8,1,1,4053.2,3,1,4053.1,23,2,4053.0,831,7,4054.1,2,2,4054.6,2,1,4054.7,80,2,4054.8,87,4,4054.9,54,2
11483,2026-07-02 14:51:27+05:30,4054.1,20,4035.27,2017388,174498.0,158804.0,4100.0,4110.0,4012.0,4092.6,25829300,4501.8,3683.4,4440.0,3288.1,4053.9,14,4,4053.8,1,1,4053.2,3,1,4053.1,23,2,4053.0,831,7,4054.1,2,2,4054.6,2,1,4054.7,80,2,4054.8,87,4,4054.9,54,2
11483,2026-07-02 14:51:28+05:30,4053.9,2,4035.27,2017390,174509.0,158916.0,4100.0,4110.0,4012.0,4092.6,25829300,4501.8,3683.4,4440.0,3288.1,4053.8,23,5,4053.2,3,1,4053.1,23,2,4053.0,831,7,4052.9,54,2,4054.1,23,3,4054.6,2,1,4054.7,80,2,4054.8,87,4,4054.9,54,2
11483,2026-07-02 14:51:28+05:30,4053.9,2,4035.27,2017390,174509.0,158916.0,4100.0,4110.0,4012.0,4092.6,25829300,4501.8,3683.4,4440.0,3288.1,4053.8,23,5,4053.2,3,1,4053.1,23,2,4053.0,831,7,4052.9,54,2,4054.1,23,3,4054.6,2,1,4054.7,80,2,4054.8,87,4,4054.9,54,2
11483,2026-07-02 14:51:29+05:30,4054.1,5,4035.27,2017397,174493.0,158873.0,4100.0,4110.0,4012.0,4092.6,25829300,4501.8,3683.4,4440.0,3288.1,4053.8,23,5,4053.2,3,1,4053.1,1,1,4053.0,831,7,4052.9,54,2,4054.1,1,1,4054.4,24,1,4054.6,2,1,4054.7,80,2,4054.8,87,4
11483,2026-07-02 14:51:29+05:30,4054.1,5,4035.27,2017397,174493.0,158873.0,4100.0,4110.0,4012.0,4092.6,25829300,4501.8,3683.4,4440.0,3288.1,4053.8,23,5,4053.2,3,1,4053.1,1,1,4053.0,831,7,4052.9,54,2,4054.1,1,1,4054.4,24,1,4054.6,2,1,4054.7,80,2,4054.8,87,4
11483,2026-07-02 14:51:30+05:30,4053.8,2,4035.27,2017401,174397.0,158959.0,4100.0,4110.0,4012.0,4092.6,25829300,4501.8,3683.4,4440.0,3288.1,4053.8,21,5,4053.2,3,1,4053.1,1,1,4053.0,911,9,4052.9,2,1,4054.1,1,1,4054.2,2,1,4054.5,24,1,4054.6,23,2,4054.7,80,2
11483,2026-07-02 14:51:30+05:30,4053.8,2,4035.27,2017401,174397.0,158959.0,4100.0,4110.0,4012.0,4092.6,25829300,4501.8,3683.4,4440.0,3288.1,4053.8,21,5,4053.2,3,1,4053.1,1,1,4053.0,911,9,4052.9,2,1,4054.1,1,1,4054.2,2,1,4054.5,24,1,4054.6,23,2,4054.7,80,2
11483,2026-07-02 14:51:31+05:30,4054.3,12,4035.27,2017422,174096.0,157767.0,4100.0,4110.0,4012.0,4092.6,25829300,4501.8,3683.4,4440.0,3288.1,4054.3,12,6,4054.1,7,2,4053.2,3,1,4053.1,50,2,4053.0,859,8,4054.6,24,2,4054.9,27,3,4055.0,1067,17,4055.1,76,2,4055.2,88,4
11483,2026-07-02 14:51:31+05:30,4054.3,12,4035.27,2017422,174096.0,157767.0,4100.0,4110.0,4012.0,4092.6,25829300,4501.8,3683.4,4440.0,3288.1,4054.3,12,6,4054.1,7,2,4053.2,3,1,4053.1,50,2,4053.0,859,8,4054.6,24,2,4054.9,27,3,4055.0,1067,17,4055.1,76,2,4055.2,88,4
11483,2026-07-02 14:51:32+05:30,4054.4,4,4035.27,2017426,174097.0,157793.0,4100.0,4110.0,4012.0,4092.6,25829300,4501.8,3683.4,4440.0,3288.1,4054.3,1,1,4054.2,21,5,4054.1,3,1,4053.2,3,1,4053.1,41,2,4054.4,21,1,4054.6,25,3,4054.9,27,3,4055.0,1067,17,4055.1,52,1
11483,2026-07-02 14:51:32+05:30,4054.3,1,4035.27,2017426,174097.0,157793.0,4100.0,4110.0,4012.0,4092.6,25829300,4501.8,3683.4,4440.0,3288.1,4054.3,1,1,4054.2,21,5,4054.1,3,1,4053.2,3,1,4053.1,41,2,4054.4,21,1,4054.6,25,3,4054.9,27,3,4055.0,1067,17,4055.1,52,1
11483,2026-07-02 14:51:33+05:30,4054.3,37,4035.27,2017497,174223.0,157765.0,4100.0,4110.0,4012.0,4092.6,25829300,4501.8,3683.4,4440.0,3288.1,4054.3,161,2,4054.2,27,3,4054.1,3,1,4053.2,55,2,4053.1,1,1,4054.4,21,1,4054.6,25,3,4054.9,5,1,4055.0,1067,17,4055.2,113,5
11483,2026-07-02 14:51:33+05:30,4054.3,37,4035.27,2017497,174223.0,157765.0,4100.0,4110.0,4012.0,4092.6,25829300,4501.8,3683.4,4440.0,3288.1,4054.3,161,2,4054.2,27,3,4054.1,3,1,4053.2,55,2,4053.1,1,1,4054.4,21,1,4054.6,25,3,4054.9,5,1,4055.0,1067,17,4055.2,113,5
11483,2026-07-02 14:51:34+05:30,4054.3,37,4035.27,2017497,174257.0,157783.0,4100.0,4110.0,4012.0,4092.6,25829300,4501.8,3683.4,4440.0,3288.1,4054.3,185,5,4054.1,3,1,4053.2,55,2,4053.1,7,2,4053.0,884,10,4054.4,46,3,4054.6,25,3,4054.9,5,1,4055.0,1067,17,4055.2,113,5
11483,2026-07-02 14:51:34+05:30,4054.4,1,4035.27,2017497,174257.0,157783.0,4100.0,4110.0,4012.0,4092.6,25829300,4501.8,3683.4,4440.0,3288.1,4054.3,185,5,4054.1,3,1,4053.2,55,2,4053.1,7,2,4053.0,884,10,4054.4,46,3,4054.6,25,3,4054.9,5,1,4055.0,1067,17,4055.2,113,5
11483,2026-07-02 14:51:35+05:30,4054.4,25,4035.27,2017575,174123.0,157587.0,4100.0,4110.0,4012.0,4092.6,25829300,4501.8,3683.4,4440.0,3288.1,4054.4,16,1,4054.3,185,5,4054.1,3,1,4053.7,83,2,4053.3,76,2,4054.6,2,1,4054.9,5,1,4055.0,1046,15,4055.2,54,2,4055.4,75,3
11483,2026-07-02 14:51:35+05:30,4054.4,25,4035.27,2017575,174123.0,157587.0,4100.0,4110.0,4012.0,4092.6,25829300,4501.8,3683.4,4440.0,3288.1,4054.4,16,1,4054.3,185,5,4054.1,3,1,4053.7,83,2,4053.3,76,2,4054.6,2,1,4054.9,5,1,4055.0,1046,15,4055.2,54,2,4055.4,75,3
11483,2026-07-02 14:51:35+05:30,4054.4,25,4035.27,2017575,174123.0,157587.0,4100.0,4110.0,4012.0,4092.6,25829300,4501.8,3683.4,4440.0,3288.1,4054.4,16,1,4054.3,185,5,4054.1,3,1,4053.7,83,2,4053.3,76,2,4054.6,2,1,4054.9,5,1,4055.0,1046,15,4055.2,54,2,4055.4,75,3
11483,2026-07-02 14:51:36+05:30,4054.6,1,4035.27,2017578,174117.0,157781.0,4100.0,4110.0,4012.0,4092.6,25829300,4501.8,3683.4,4440.0,3288.1,4054.6,172,7,4054.4,17,2,4053.5,12,1,4053.4,92,3,4053.3,52,1,4054.9,5,1,4055.0,1146,16,4055.2,54,2,4055.4,81,4,4055.5,10,1
11483,2026-07-02 14:51:36+05:30,4054.6,1,4035.27,2017578,174117.0,157781.0,4100.0,4110.0,4012.0,4092.6,25829300,4501.8,3683.4,4440.0,3288.1,4054.6,172,7,4054.4,17,2,4053.5,12,1,4053.4,92,3,4053.3,52,1,4054.9,5,1,4055.0,1146,16,4055.2,54,2,4055.4,81,4,4055.5,10,1
11483,2026-07-02 14:51:36+05:30,4054.6,1,4035.27,2017578,174117.0,157781.0,4100.0,4110.0,4012.0,4092.6,25829300,4501.8,3683.4,4440.0,3288.1,4054.6,172,7,4054.4,17,2,4053.5,12,1,4053.4,92,3,4053.3,52,1,4054.9,5,1,4055.0,1146,16,4055.2,54,2,4055.4,81,4,4055.5,10,1
11483,2026-07-02 14:51:36+05:30,4054.6,1,4035.27,2017578,174117.0,157781.0,4100.0,4110.0,4012.0,4092.6,25829300,4501.8,3683.4,4440.0,3288.1,4054.6,172,7,4054.4,17,2,4053.5,12,1,4053.4,92,3,4053.3,52,1,4054.9,5,1,4055.0,1146,16,4055.2,54,2,4055.4,81,4,4055.5,10,1
11483,2026-07-02 14:51:37+05:30,4054.6,1,4035.27,2017578,174117.0,157781.0,4100.0,4110.0,4012.0,4092.6,25829300,4501.8,3683.4,4440.0,3288.1,4054.6,172,7,4054.4,17,2,4053.5,12,1,4053.4,92,3,4053.3,52,1,4054.9,5,1,4055.0,1146,16,4055.2,54,2,4055.4,81,4,4055.5,10,1
11483,2026-07-02 14:51:37+05:30,4054.6,1,4035.27,2017578,174013.0,157796.0,4100.0,4110.0,4012.0,4092.6,25829300,4501.8,3683.4,4440.0,3288.1,4054.6,172,7,4054.4,19,3,4054.3,2,1,4053.5,12,1,4053.4,92,3,4054.9,5,1,4055.0,1151,17,4055.2,54,2,4055.4,62,2,4055.5,10,1
11483,2026-07-02 14:51:37+05:30,4054.9,61,4035.27,2017578,174013.0,157796.0,4100.0,4110.0,4012.0,4092.6,25829300,4501.8,3683.4,4440.0,3288.1,4054.6,172,7,4054.4,19,3,4054.3,2,1,4053.5,12,1,4053.4,92,3,4054.9,5,1,4055.0,1151,17,4055.2,54,2,4055.4,62,2,4055.5,10,1
11483,2026-07-02 14:51:37+05:30,4054.9,61,4035.27,2017578,174013.0,157796.0,4100.0,4110.0,4012.0,4092.6,25829300,4501.8,3683.4,4440.0,3288.1,4054.6,172,7,4054.4,19,3,4054.3,2,1,4053.5,12,1,4053.4,92,3,4054.9,5,1,4055.0,1151,17,4055.2,54,2,4055.4,62,2,4055.5,10,1
11483,2026-07-02 14:51:38+05:30,4054.9,4,4035.27,2017690,174022.0,157824.0,4100.0,4110.0,4012.0,4092.6,25829300,4501.8,3683.4,4440.0,3288.1,4054.6,137,7,4054.4,19,3,4054.3,2,1,4053.5,512,2,4053.4,92,3,4054.9,9,1,4055.0,1215,19,4055.2,54,2,4055.4,62,2,4055.5,62,2
11483,2026-07-02 14:51:38+05:30,4054.9,4,4035.27,2017690,174022.0,157824.0,4100.0,4110.0,4012.0,4092.6,25829300,4501.8,3683.4,4440.0,3288.1,4054.6,137,7,4054.4,19,3,4054.3,2,1,4053.5,512,2,4053.4,92,3,4054.9,9,1,4055.0,1215,19,4055.2,54,2,4055.4,62,2,4055.5,62,2
11483,2026-07-02 14:51:38+05:30,4054.9,2,4035.27,2017690,174022.0,157824.0,4100.0,4110.0,4012.0,4092.6,25829300,4501.8,3683.4,4440.0,3288.1,4054.6,137,7,4054.4,19,3,4054.3,2,1,4053.5,512,2,4053.4,92,3,4054.9,9,1,4055.0,1215,19,4055.2,54,2,4055.4,62,2,4055.5,62,2
11483,2026-07-02 14:51:39+05:30,4054.9,2,4035.27,2017690,174022.0,157824.0,4100.0,4110.0,4012.0,4092.6,25829300,4501.8,3683.4,4440.0,3288.1,4054.6,137,7,4054.4,19,3,4054.3,2,1,4053.5,512,2,4053.4,92,3,4054.9,9,1,4055.0,1215,19,4055.2,54,2,4055.4,62,2,4055.5,62,2
11483,2026-07-02 14:51:39+05:30,4054.6,6,4035.27,2017839,173959.0,157797.0,4100.0,4110.0,4012.0,4092.6,25829300,4501.8,3683.4,4440.0,3288.1,4054.6,24,7,4054.4,18,2,4054.3,2,1,4053.5,512,2,4053.4,92,3,4054.9,5,1,4055.0,1215,19,4055.2,54,2,4055.4,86,3,4055.5,68,3
11483,2026-07-02 14:51:39+05:30,4054.6,6,4035.27,2017839,173959.0,157797.0,4100.0,4110.0,4012.0,4092.6,25829300,4501.8,3683.4,4440.0,3288.1,4054.6,24,7,4054.4,18,2,4054.3,2,1,4053.5,512,2,4053.4,92,3,4054.9,5,1,4055.0,1215,19,4055.2,54,2,4055.4,86,3,4055.5,68,3
11483,2026-07-02 14:51:39+05:30,4054.9,52,4035.27,2017839,173959.0,157797.0,4100.0,4110.0,4012.0,4092.6,25829300,4501.8,3683.4,4440.0,3288.1,4054.6,24,7,4054.4,18,2,4054.3,2,1,4053.5,512,2,4053.4,92,3,4054.9,5,1,4055.0,1215,19,4055.2,54,2,4055.4,86,3,4055.5,68,3
11483,2026-07-02 14:51:39+05:30,4054.9,52,4035.27,2017839,173959.0,157797.0,4100.0,4110.0,4012.0,4092.6,25829300,4501.8,3683.4,4440.0,3288.1,4054.6,24,7,4054.4,18,2,4054.3,2,1,4053.5,512,2,4053.4,92,3,4054.9,5,1,4055.0,1215,19,4055.2,54,2,4055.4,86,3,4055.5,68,3
11483,2026-07-02 14:51:40+05:30,4054.9,52,4035.27,2017839,173959.0,157797.0,4100.0,4110.0,4012.0,4092.6,25808125,4501.8,3683.4,4440.0,3288.1,4054.6,24,7,4054.4,18,2,4054.3,2,1,4053.5,512,2,4053.4,92,3,4054.9,5,1,4055.0,1215,19,4055.2,54,2,4055.4,86,3,4055.5,68,3
11483,2026-07-02 14:51:40+05:30,4054.9,2,4035.27,2017894,174654.0,157794.0,4100.0,4110.0,4012.0,4092.6,25808125,4501.8,3683.4,4440.0,3288.1,4054.9,30,6,4054.6,10,2,4054.4,2,1,4054.3,2,1,4053.6,60,1,4055.0,1215,19,4055.2,54,2,4055.4,62,2,4055.5,62,2,4055.6,45,2
11483,2026-07-02 14:51:40+05:30,4054.9,2,4035.27,2017894,174654.0,157794.0,4100.0,4110.0,4012.0,4092.6,25808125,4501.8,3683.4,4440.0,3288.1,4054.9,30,6,4054.6,10,2,4054.4,2,1,4054.3,2,1,4053.6,60,1,4055.0,1215,19,4055.2,54,2,4055.4,62,2,4055.5,62,2,4055.6,45,2
11483,2026-07-02 14:51:40+05:30,4054.9,2,4035.27,2017894,174654.0,157794.0,4100.0,4110.0,4012.0,4092.6,25808125,4501.8,3683.4,4440.0,3288.1,4054.9,30,6,4054.6,10,2,4054.4,2,1,4054.3,2,1,4053.6,60,1,4055.0,1215,19,4055.2,54,2,4055.4,62,2,4055.5,62,2,4055.6,45,2
11483,2026-07-02 14:51:40+05:30,4054.9,2,4035.27,2017894,174654.0,157794.0,4100.0,4110.0,4012.0,4092.6,25808125,4501.8,3683.4,4440.0,3288.1,4054.9,30,6,4054.6,10,2,4054.4,2,1,4054.3,2,1,4053.6,60,1,4055.0,1215,19,4055.2,54,2,4055.4,62,2,4055.5,62,2,4055.6,45,2
11483,2026-07-02 14:51:41+05:30,4055.0,1,4035.27,2018014,174786.0,157593.0,4100.0,4110.0,4012.0,4092.6,25808125,4501.8,3683.4,4440.0,3288.1,4054.9,30,6,4054.6,6,1,4054.4,2,1,4054.3,2,1,4053.7,51,2,4055.0,1056,18,4055.2,54,2,4055.4,62,2,4055.5,10,1,4055.6,45,2
11483,2026-07-02 14:51:41+05:30,4055.0,1,4035.27,2018014,174786.0,157593.0,4100.0,4110.0,4012.0,4092.6,25808125,4501.8,3683.4,4440.0,3288.1,4054.9,30,6,4054.6,6,1,4054.4,2,1,4054.3,2,1,4053.7,51,2,4055.0,1056,18,4055.2,54,2,4055.4,62,2,4055.5,10,1,4055.6,45,2
11483,2026-07-02 14:51:41+05:30,4054.9,3,4035.27,2018014,174786.0,157593.0,4100.0,4110.0,4012.0,4092.6,25808125,4501.8,3683.4,4440.0,3288.1,4054.9,30,6,4054.6,6,1,4054.4,2,1,4054.3,2,1,4053.7,51,2,4055.0,1056,18,4055.2,54,2,4055.4,62,2,4055.5,10,1,4055.6,45,2
11483,2026-07-02 14:51:41+05:30,4054.9,3,4035.27,2018014,174786.0,157593.0,4100.0,4110.0,4012.0,4092.6,25808125,4501.8,3683.4,4440.0,3288.1,4054.9,30,6,4054.6,6,1,4054.4,2,1,4054.3,2,1,4053.7,51,2,4055.0,1056,18,4055.2,54,2,4055.4,62,2,4055.5,10,1,4055.6,45,2
11483,2026-07-02 14:51:42+05:30,4054.9,3,4035.27,2018014,174786.0,157593.0,4100.0,4110.0,4012.0,4092.6,25808125,4501.8,3683.4,4440.0,3288.1,4054.9,30,6,4054.6,6,1,4054.4,2,1,4054.3,2,1,4053.7,51,2,4055.0,1056,18,4055.2,54,2,4055.4,62,2,4055.5,10,1,4055.6,45,2
11483,2026-07-02 14:51:42+05:30,4055.0,15,4035.27,2018051,174715.0,157572.0,4100.0,4110.0,4012.0,4092.6,25808125,4501.8,3683.4,4440.0,3288.1,4054.9,29,7,4054.6,6,1,4054.3,2,1,4053.9,19,1,4053.7,63,2,4055.0,1080,19,4055.1,6,1,4055.2,54,2,4055.4,77,3,4055.5,10,1
11483,2026-07-02 14:51:42+05:30,4055.0,15,4035.27,2018051,174715.0,157572.0,4100.0,4110.0,4012.0,4092.6,25808125,4501.8,3683.4,4440.0,3288.1,4054.9,29,7,4054.6,6,1,4054.3,2,1,4053.9,19,1,4053.7,63,2,4055.0,1080,19,4055.1,6,1,4055.2,54,2,4055.4,77,3,4055.5,10,1
11483,2026-07-02 14:51:43+05:30,4054.9,1,4035.27,2018052,174716.0,157684.0,4100.0,4110.0,4012.0,4092.6,25808125,4501.8,3683.4,4440.0,3288.1,4054.9,28,7,4054.6,6,1,4054.3,2,1,4053.9,19,1,4053.7,63,2,4055.0,1080,19,4055.2,54,2,4055.4,101,4,4055.5,10,1,4055.6,59,2
11483,2026-07-02 14:51:43+05:30,4054.9,1,4035.27,2018052,174716.0,157684.0,4100.0,4110.0,4012.0,4092.6,25808125,4501.8,3683.4,4440.0,3288.1,4054.9,28,7,4054.6,6,1,4054.3,2,1,4053.9,19,1,4053.7,63,2,4055.0,1080,19,4055.2,54,2,4055.4,101,4,4055.5,10,1,4055.6,59,2
11483,2026-07-02 14:51:44+05:30,4054.0,7,4035.28,2018251,173740.0,159783.0,4100.0,4110.0,4012.0,4092.6,25808125,4501.8,3683.4,4440.0,3288.1,4053.9,13,1,4053.7,37,2,4053.5,509,2,4053.3,76,2,4053.2,3,1,4054.0,301,1,4054.9,49,1,4055.0,1165,21,4055.1,20,3,4055.2,54,2
11483,2026-07-02 14:51:44+05:30,4054.0,7,4035.28,2018251,173740.0,159783.0,4100.0,4110.0,4012.0,4092.6,25808125,4501.8,3683.4,4440.0,3288.1,4053.9,13,1,4053.7,37,2,4053.5,509,2,4053.3,76,2,4053.2,3,1,4054.0,301,1,4054.9,49,1,4055.0,1165,21,4055.1,20,3,4055.2,54,2
11483,2026-07-02 14:51:45+05:30,4054.0,7,4035.28,2018251,173833.0,159147.0,4100.0,4110.0,4012.0,4092.6,25808125,4501.8,3683.4,4440.0,3288.1,4053.9,107,2,4053.7,37,2,4053.5,509,2,4053.3,76,2,4053.2,3,1,4054.0,301,1,4054.1,2,1,4054.9,49,1,4055.0,1165,21,4055.1,20,3
11483,2026-07-02 14:51:45+05:30,4054.9,49,4035.28,2018251,173833.0,159147.0,4100.0,4110.0,4012.0,4092.6,25808125,4501.8,3683.4,4440.0,3288.1,4053.9,107,2,4053.7,37,2,4053.5,509,2,4053.3,76,2,4053.2,3,1,4054.0,301,1,4054.1,2,1,4054.9,49,1,4055.0,1165,21,4055.1,20,3
11483,2026-07-02 14:51:46+05:30,4055.0,7,4035.28,2018724,174714.0,157630.0,4100.0,4110.0,4012.0,4092.6,25808125,4501.8,3683.4,4440.0,3288.1,4054.9,50,2,4054.0,1,1,4053.9,111,3,4053.7,2,1,4053.6,69,3,4055.0,1149,21,4055.2,15,1,4055.4,62,2,4055.5,34,3,4055.6,87,2
11483,2026-07-02 14:51:46+05:30,4055.0,7,4035.28,2018724,174714.0,157630.0,4100.0,4110.0,4012.0,4092.6,25808125,4501.8,3683.4,4440.0,3288.1,4054.9,50,2,4054.0,1,1,4053.9,111,3,4053.7,2,1,4053.6,69,3,4055.0,1149,21,4055.2,15,1,4055.4,62,2,4055.5,34,3,4055.6,87,2
11483,2026-07-02 14:51:47+05:30,4055.0,7,4035.28,2018724,174764.0,157655.0,4100.0,4110.0,4012.0,4092.6,25808125,4501.8,3683.4,4440.0,3288.1,4054.9,61,3,4054.0,1,1,4053.9,108,2,4053.7,2,1,4053.6,69,3,4055.0,1149,21,4055.2,15,1,4055.4,62,2,4055.5,28,2,4055.6,117,4
11483,2026-07-02 14:51:47+05:30,4054.9,5,4035.28,2018724,174764.0,157655.0,4100.0,4110.0,4012.0,4092.6,25808125,4501.8,3683.4,4440.0,3288.1,4054.9,61,3,4054.0,1,1,4053.9,108,2,4053.7,2,1,4053.6,69,3,4055.0,1149,21,4055.2,15,1,4055.4,62,2,4055.5,28,2,4055.6,117,4
11483,2026-07-02 14:51:48+05:30,4054.9,20,4035.28,2018850,174640.0,157670.0,4100.0,4110.0,4012.0,4092.6,25808125,4501.8,3683.4,4440.0,3288.1,4054.9,45,3,4054.0,502,3,4053.7,2,1,4053.6,45,2,4053.5,70,2,4055.0,1149,22,4055.2,24,2,4055.3,24,1,4055.4,62,2,4055.5,28,2
11483,2026-07-02 14:51:48+05:30,4054.9,20,4035.28,2018850,174640.0,157670.0,4100.0,4110.0,4012.0,4092.6,25808125,4501.8,3683.4,4440.0,3288.1,4054.9,45,3,4054.0,502,3,4053.7,2,1,4053.6,45,2,4053.5,70,2,4055.0,1149,22,4055.2,24,2,4055.3,24,1,4055.4,62,2,4055.5,28,2
11483,2026-07-02 14:51:49+05:30,4054.9,20,4035.28,2018850,174646.0,157658.0,4100.0,4110.0,4012.0,4092.6,25808125,4501.8,3683.4,4440.0,3288.1,4054.9,45,3,4054.0,502,3,4053.7,2,1,4053.6,45,2,4053.5,70,2,4055.0,1149,22,4055.2,24,2,4055.3,24,1,4055.4,62,2,4055.5,28,2
11483,2026-07-02 14:51:49+05:30,4055.0,10,4035.28,2018850,174646.0,157658.0,4100.0,4110.0,4012.0,4092.6,25808125,4501.8,3683.4,4440.0,3288.1,4054.9,45,3,4054.0,502,3,4053.7,2,1,4053.6,45,2,4053.5,70,2,4055.0,1149,22,4055.2,24,2,4055.3,24,1,4055.4,62,2,4055.5,28,2
11483,2026-07-02 14:51:50+05:30,4055.0,10,4035.28,2018860,174467.0,157493.0,4100.0,4110.0,4012.0,4092.6,25808125,4501.8,3683.4,4440.0,3288.1,4054.9,45,3,4054.0,502,3,4053.7,2,1,4053.6,97,3,4053.5,70,2,4055.0,1139,22,4055.2,15,1,4055.3,24,1,4055.4,77,3,4055.5,10,1
11483,2026-07-02 14:51:51+05:30,4054.9,10,4035.28,2018874,174454.0,157497.0,4100.0,4110.0,4012.0,4092.6,25808125,4501.8,3683.4,4440.0,3288.1,4054.9,32,3,4054.0,502,3,4053.7,2,1,4053.6,97,3,4053.5,70,2,4055.0,1138,22,4055.2,15,1,4055.3,24,1,4055.4,77,3,4055.5,10,1
11483,2026-07-02 14:51:51+05:30,4055.0,1,4035.28,2018874,174454.0,157497.0,4100.0,4110.0,4012.0,4092.6,25808125,4501.8,3683.4,4440.0,3288.1,4054.9,32,3,4054.0,502,3,4053.7,2,1,4053.6,97,3,4053.5,70,2,4055.0,1138,22,4055.2,15,1,4055.3,24,1,4055.4,77,3,4055.5,10,1
11483,2026-07-02 14:51:52+05:30,4054.9,1,4035.28,2018926,174453.0,157538.0,4100.0,4110.0,4012.0,4092.6,25808125,4501.8,3683.4,4440.0,3288.1,4054.9,31,3,4054.0,502,3,4053.7,2,1,4053.6,97,3,4053.5,70,2,4055.0,1089,23,4055.2,15,1,4055.3,24,1,4055.4,62,2,4055.5,59,2
11483,2026-07-02 14:51:52+05:30,4055.0,2,4035.28,2018926,174453.0,157538.0,4100.0,4110.0,4012.0,4092.6,25808125,4501.8,3683.4,4440.0,3288.1,4054.9,31,3,4054.0,502,3,4053.7,2,1,4053.6,97,3,4053.5,70,2,4055.0,1089,23,4055.2,15,1,4055.3,24,1,4055.4,62,2,4055.5,59,2
11483,2026-07-02 14:51:53+05:30,4055.0,2,4035.29,2019233,173955.0,157715.0,4100.0,4110.0,4012.0,4092.6,25808125,4501.8,3683.4,4440.0,3288.1,4054.9,49,3,4054.0,502,3,4053.6,11,1,4053.5,70,2,4053.2,53,3,4055.0,1111,24,4055.2,24,2,4055.4,153,5,4055.5,16,2,4055.6,59,2
11483,2026-07-02 14:51:54+05:30,4054.9,1,4035.29,2019236,174519.0,157818.0,4100.0,4110.0,4012.0,4092.6,25808125,4501.8,3683.4,4440.0,3288.1,4054.9,45,2,4054.0,527,4,4053.6,11,1,4053.5,70,2,4053.2,58,4,4055.0,1132,26,4055.2,24,2,4055.4,153,5,4055.5,65,3,4055.6,59,2
11483,2026-07-02 14:51:54+05:30,4055.0,50,4035.29,2019236,174519.0,157818.0,4100.0,4110.0,4012.0,4092.6,25808125,4501.8,3683.4,4440.0,3288.1,4054.9,45,2,4054.0,527,4,4053.6,11,1,4053.5,70,2,4053.2,58,4,4055.0,1132,26,4055.2,24,2,4055.4,153,5,4055.5,65,3,4055.6,59,2
11483,2026-07-02 14:51:55+05:30,4055.0,65,4035.29,2019358,174523.0,157692.0,4100.0,4110.0,4012.0,4092.6,25808125,4501.8,3683.4,4440.0,3288.1,4054.9,48,3,4054.0,527,4,4053.6,11,1,4053.5,70,2,4053.2,110,5,4055.0,1035,27,4055.2,24,2,4055.3,11,1,4055.4,153,5,4055.5,16,2
11483,2026-07-02 14:51:55+05:30,4054.9,7,4035.29,2019358,174523.0,157692.0,4100.0,4110.0,4012.0,4092.6,25808125,4501.8,3683.4,4440.0,3288.1,4054.9,48,3,4054.0,527,4,4053.6,11,1,4053.5,70,2,4053.2,110,5,4055.0,1035,27,4055.2,24,2,4055.3,11,1,4055.4,153,5,4055.5,16,2
11483,2026-07-02 14:51:56+05:30,4055.0,5,4035.29,2019536,174523.0,157645.0,4100.0,4110.0,4012.0,4092.6,25808125,4501.8,3683.4,4440.0,3288.1,4054.9,85,3,4054.8,1,1,4054.0,527,4,4053.5,70,2,4053.2,109,5,4055.0,873,28,4055.2,32,3,4055.4,163,6,4055.5,27,2,4055.6,114,4
11483,2026-07-02 14:51:56+05:30,4055.0,5,4035.29,2019536,174523.0,157645.0,4100.0,4110.0,4012.0,4092.6,25808125,4501.8,3683.4,4440.0,3288.1,4054.9,85,3,4054.8,1,1,4054.0,527,4,4053.5,70,2,4053.2,109,5,4055.0,873,28,4055.2,32,3,4055.4,163,6,4055.5,27,2,4055.6,114,4
11483,2026-07-02 14:51:57+05:30,4054.9,2,4035.29,2019538,174535.0,157478.0,4100.0,4110.0,4012.0,4092.6,25808125,4501.8,3683.4,4440.0,3288.1,4054.9,51,4,4054.0,527,4,4053.5,70,2,4053.2,98,3,4053.1,37,5,4055.0,874,29,4055.2,32,3,4055.3,12,1,4055.4,177,7,4055.5,27,2
11483,2026-07-02 14:51:57+05:30,4054.9,2,4035.29,2019538,174535.0,157478.0,4100.0,4110.0,4012.0,4092.6,25808125,4501.8,3683.4,4440.0,3288.1,4054.9,51,4,4054.0,527,4,4053.5,70,2,4053.2,98,3,4053.1,37,5,4055.0,874,29,4055.2,32,3,4055.3,12,1,4055.4,177,7,4055.5,27,2
11483,2026-07-02 14:51:58+05:30,4054.8,38,4035.29,2019577,174501.0,157457.0,4100.0,4110.0,4012.0,4092.6,25808125,4501.8,3683.4,4440.0,3288.1,4054.8,11,4,4054.0,527,4,4053.5,9,1,4053.2,98,3,4053.1,31,4,4055.0,875,30,4055.1,8,1,4055.2,32,3,4055.3,12,1,4055.4,177,7
11483,2026-07-02 14:51:58+05:30,4055.0,1,4035.29,2019577,174501.0,157457.0,4100.0,4110.0,4012.0,4092.6,25808125,4501.8,3683.4,4440.0,3288.1,4054.8,11,4,4054.0,527,4,4053.5,9,1,4053.2,98,3,4053.1,31,4,4055.0,875,30,4055.1,8,1,4055.2,32,3,4055.3,12,1,4055.4,177,7
11483,2026-07-02 14:51:59+05:30,4055.0,2,4035.29,2019585,174489.0,157422.0,4100.0,4110.0,4012.0,4092.6,25808125,4501.8,3683.4,4440.0,3288.1,4054.8,11,4,4054.0,527,4,4053.5,9,1,4053.2,54,2,4053.1,31,4,4055.0,775,29,4055.1,8,1,4055.2,32,3,4055.3,12,1,4055.4,177,7
11483,2026-07-02 14:51:59+05:30,4054.8,5,4035.29,2019585,174489.0,157422.0,4100.0,4110.0,4012.0,4092.6,25808125,4501.8,3683.4,4440.0,3288.1,4054.8,11,4,4054.0,527,4,4053.5,9,1,4053.2,54,2,4053.1,31,4,4055.0,775,29,4055.1,8,1,4055.2,32,3,4055.3,12,1,4055.4,177,7
11483,2026-07-02 14:52:00+05:30,4054.0,150,4035.3,2020218,173541.0,158805.0,4100.0,4110.0,4012.0,4092.6,25808125,4501.8,3683.4,4440.0,3288.1,4054.0,352,3,4053.5,9,1,4053.1,1,1,4053.0,509,8,4052.6,113,4,4054.8,515,7,4054.9,153,5,4055.0,849,31,4055.1,166,5,4055.2,79,5
11483,2026-07-02 14:52:00+05:30,4054.0,150,4035.3,2020218,173541.0,158805.0,4100.0,4110.0,4012.0,4092.6,25808125,4501.8,3683.4,4440.0,3288.1,4054.0,352,3,4053.5,9,1,4053.1,1,1,4053.0,509,8,4052.6,113,4,4054.8,515,7,4054.9,153,5,4055.0,849,31,4055.1,166,5,4055.2,79,5
11483,2026-07-02 14:52:01+05:30,4054.8,3,4035.3,2020260,173569.0,158904.0,4100.0,4110.0,4012.0,4092.6,25808125,4501.8,3683.4,4440.0,3288.1,4054.0,352,3,4053.5,10,2,4053.1,1,1,4053.0,404,7,4052.6,76,2,4054.4,81,1,4054.5,95,4,4054.6,59,2,4054.7,42,1,4054.8,577,9
11483,2026-07-02 14:52:01+05:30,4054.8,3,4035.3,2020260,173569.0,158904.0,4100.0,4110.0,4012.0,4092.6,25808125,4501.8,3683.4,4440.0,3288.1,4054.0,352,3,4053.5,10,2,4053.1,1,1,4053.0,404,7,4052.6,76,2,4054.4,81,1,4054.5,95,4,4054.6,59,2,4054.7,42,1,4054.8,577,9
11483,2026-07-02 14:52:02+05:30,4053.6,17,4035.3,2020652,171929.0,160249.0,4100.0,4110.0,4012.0,4092.6,25808125,4501.8,3683.4,4440.0,3288.1,4053.1,1,1,4053.0,404,7,4052.6,15,1,4052.0,13,2,4051.8,81,2,4053.6,64,1,4053.7,84,3,4053.8,42,1,4053.9,42,1,4054.0,153,5
11483,2026-07-02 14:52:02+05:30,4053.9,42,4035.3,2020652,171929.0,160249.0,4100.0,4110.0,4012.0,4092.6,25808125,4501.8,3683.4,4440.0,3288.1,4053.1,1,1,4053.0,404,7,4052.6,15,1,4052.0,13,2,4051.8,81,2,4053.6,64,1,4053.7,84,3,4053.8,42,1,4053.9,42,1,4054.0,153,5
11483,2026-07-02 14:52:03+05:30,4053.9,4,4035.3,2020953,173973.0,158715.0,4100.0,4110.0,4012.0,4092.6,25808125,4501.8,3683.4,4440.0,3288.1,4054.1,14,1,4054.0,114,2,4053.9,27,2,4053.8,17,1,4053.7,17,1,4054.4,58,1,4054.8,351,3,4054.9,125,5,4055.0,741,27,4055.1,13,1
11483,2026-07-02 14:52:03+05:30,4053.9,4,4035.3,2020953,173973.0,158715.0,4100.0,4110.0,4012.0,4092.6,25808125,4501.8,3683.4,4440.0,3288.1,4054.1,14,1,4054.0,114,2,4053.9,27,2,4053.8,17,1,4053.7,17,1,4054.4,58,1,4054.8,351,3,4054.9,125,5,4055.0,741,27,4055.1,13,1
11483,2026-07-02 14:52:04+05:30,4053.9,4,4035.3,2020953,173980.0,158815.0,4100.0,4110.0,4012.0,4092.6,25808125,4501.8,3683.4,4440.0,3288.1,4054.1,14,1,4054.0,114,2,4053.9,27,2,4053.8,17,1,4053.7,22,2,4054.3,58,1,4054.4,44,2,4054.5,42,1,4054.6,42,1,4054.8,393,4
11483,2026-07-02 14:52:04+05:30,4054.3,42,4035.3,2020953,173980.0,158815.0,4100.0,4110.0,4012.0,4092.6,25808125,4501.8,3683.4,4440.0,3288.1,4054.1,14,1,4054.0,114,2,4053.9,27,2,4053.8,17,1,4053.7,22,2,4054.3,58,1,4054.4,44,2,4054.5,42,1,4054.6,42,1,4054.8,393,4
11483,2026-07-02 14:52:05+05:30,4054.3,2,4035.3,2021097,174048.0,158722.0,4100.0,4110.0,4012.0,4092.6,25808125,4501.8,3683.4,4440.0,3288.1,4054.3,14,1,4054.1,27,2,4054.0,100,1,4053.9,17,1,4053.8,17,1,4054.4,48,3,4054.6,42,1,4054.7,66,2,4054.8,351,3,4054.9,183,6
11483,2026-07-02 14:52:05+05:30,4054.3,2,4035.3,2021097,174048.0,158722.0,4100.0,4110.0,4012.0,4092.6,25808125,4501.8,3683.4,4440.0,3288.1,4054.3,14,1,4054.1,27,2,4054.0,100,1,4053.9,17,1,4053.8,17,1,4054.4,48,3,4054.6,42,1,4054.7,66,2,4054.8,351,3,4054.9,183,6
11483,2026-07-02 14:52:06+05:30,4054.3,2,4035.3,2021097,174010.0,158619.0,4100.0,4110.0,4012.0,4092.6,25808125,4501.8,3683.4,4440.0,3288.1,4054.3,14,1,4054.1,13,1,4054.0,100,1,4053.9,17,1,4053.8,17,1,4054.4,48,3,4054.5,54,2,4054.6,51,2,4054.7,66,2,4054.8,351,3
11483,2026-07-02 14:52:06+05:30,4054.4,5,4035.3,2021097,174010.0,158619.0,4100.0,4110.0,4012.0,4092.6,25808125,4501.8,3683.4,4440.0,3288.1,4054.3,14,1,4054.1,13,1,4054.0,100,1,4053.9,17,1,4053.8,17,1,4054.4,48,3,4054.5,54,2,4054.6,51,2,4054.7,66,2,4054.8,351,3
11483,2026-07-02 14:52:07+05:30,4054.4,5,4035.3,2021104,173843.0,158483.0,4100.0,4110.0,4012.0,4092.6,25808125,4501.8,3683.4,4440.0,3288.1,4054.3,17,2,4054.1,13,1,4054.0,107,2,4053.8,17,1,4053.7,22,2,4054.4,41,2,4054.5,78,3,4054.6,51,2,4054.7,45,2,4054.8,415,6
11483,2026-07-02 14:52:07+05:30,4054.4,16,4035.3,2021104,173843.0,158483.0,4100.0,4110.0,4012.0,4092.6,25808125,4501.8,3683.4,4440.0,3288.1,4054.3,17,2,4054.1,13,1,4054.0,107,2,4053.8,17,1,4053.7,22,2,4054.4,41,2,4054.5,78,3,4054.6,51,2,4054.7,45,2,4054.8,415,6
11483,2026-07-02 14:52:08+05:30,4054.8,20,4035.31,2022214,174498.0,158193.0,4100.0,4110.0,4012.0,4092.6,25808125,4501.8,3683.4,4440.0,3288.1,4054.7,14,1,4054.5,76,4,4054.4,7,1,4054.3,18,3,4054.2,39,2,4054.8,371,1,4054.9,165,5,4055.0,689,25,4055.2,25,2,4055.4,33,2
11483,2026-07-02 14:52:08+05:30,4054.8,20,4035.31,2022214,174498.0,158193.0,4100.0,4110.0,4012.0,4092.6,25808125,4501.8,3683.4,4440.0,3288.1,4054.7,14,1,4054.5,76,4,4054.4,7,1,4054.3,18,3,4054.2,39,2,4054.8,371,1,4054.9,165,5,4055.0,689,25,4055.2,25,2,4055.4,33,2
11483,2026-07-02 14:52:09+05:30,4054.8,1,4035.31,2022315,174203.0,158794.0,4100.0,4110.0,4012.0,4092.6,25808125,4501.8,3683.4,4440.0,3288.1,4054.6,8,1,4054.4,7,1,4054.3,18,3,4054.1,15,2,4054.0,107,2,4054.8,406,2,4054.9,165,5,4055.0,731,26,4055.1,42,1,4055.2,25,2
11483,2026-07-02 14:52:09+05:30,4054.7,16,4035.31,2022315,174203.0,158794.0,4100.0,4110.0,4012.0,4092.6,25808125,4501.8,3683.4,4440.0,3288.1,4054.6,8,1,4054.4,7,1,4054.3,18,3,4054.1,15,2,4054.0,107,2,4054.8,406,2,4054.9,165,5,4055.0,731,26,4055.1,42,1,4055.2,25,2
11483,2026-07-02 14:52:10+05:30,4054.6,1,4035.32,2022336,174205.0,158814.0,4100.0,4110.0,4012.0,4092.6,25808125,4501.8,3683.4,4440.0,3288.1,4054.6,3,1,4054.4,7,1,4054.3,4,2,4054.1,15,2,4054.0,107,2,4054.8,414,3,4054.9,165,5,4055.0,781,27,4055.2,67,3,4055.4,33,2
11483,2026-07-02 14:52:10+05:30,4054.8,16,4035.32,2022336,174205.0,158814.0,4100.0,4110.0,4012.0,4092.6,25808125,4501.8,3683.4,4440.0,3288.1,4054.6,3,1,4054.4,7,1,4054.3,4,2,4054.1,15,2,4054.0,107,2,4054.8,414,3,4054.9,165,5,4055.0,781,27,4055.2,67,3,4055.4,33,2
11483,2026-07-02 14:52:11+05:30,4054.6,6,4035.32,2022443,174321.0,158945.0,4100.0,4110.0,4012.0,4092.6,25808125,4501.8,3683.4,4440.0,3288.1,4054.6,2,1,4054.4,7,1,4054.3,4,2,4054.1,15,2,4054.0,107,2,4054.8,383,3,4054.9,165,5,4055.0,781,27,4055.2,67,3,4055.4,33,2
11483,2026-07-02 14:52:11+05:30,4054.6,5,4035.32,2022443,174321.0,158945.0,4100.0,4110.0,4012.0,4092.6,25808125,4501.8,3683.4,4440.0,3288.1,4054.6,2,1,4054.4,7,1,4054.3,4,2,4054.1,15,2,4054.0,107,2,4054.8,383,3,4054.9,165,5,4055.0,781,27,4055.2,67,3,4055.4,33,2
11483,2026-07-02 14:52:11+05:30,4054.6,6,4035.32,2022454,174285.0,159192.0,4100.0,4110.0,4012.0,4092.6,25808125,4501.8,3683.4,4440.0,3288.1,4054.4,7,1,4054.3,4,2,4054.1,15,2,4054.0,107,2,4053.8,17,1,4054.6,44,1,4054.7,81,1,4054.8,383,3,4054.9,165,5,4055.0,781,27
11483,2026-07-02 14:52:12+05:30,4054.1,9,4035.32,2022454,174285.0,159192.0,4100.0,4110.0,4012.0,4092.6,25808125,4501.8,3683.4,4440.0,3288.1,4054.4,7,1,4054.3,4,2,4054.1,15,2,4054.0,107,2,4053.8,17,1,4054.6,44,1,4054.7,81,1,4054.8,383,3,4054.9,165,5,4055.0,781,27
11483,2026-07-02 14:52:13+05:30,4054.3,20,4035.32,2022574,173868.0,159346.0,4100.0,4110.0,4012.0,4092.6,25808125,4501.8,3683.4,4440.0,3288.1,4054.2,14,1,4054.1,18,2,4054.0,107,2,4053.7,5,1,4053.6,43,2,4054.4,81,1,4054.5,42,1,4054.6,123,4,4054.7,42,1,4054.8,339,1
11483,2026-07-02 14:52:13+05:30,4054.8,102,4035.32,2022574,173868.0,159346.0,4100.0,4110.0,4012.0,4092.6,25808125,4501.8,3683.4,4440.0,3288.1,4054.2,14,1,4054.1,18,2,4054.0,107,2,4053.7,5,1,4053.6,43,2,4054.4,81,1,4054.5,42,1,4054.6,123,4,4054.7,42,1,4054.8,339,1
11483,2026-07-02 14:52:14+05:30,4054.8,102,4035.32,2022929,174691.0,158962.0,4100.0,4110.0,4012.0,4092.6,25808125,4501.8,3683.4,4440.0,3288.1,4054.4,87,3,4054.3,78,2,4054.2,79,3,4054.1,4,1,4054.0,112,4,4054.8,250,2,4054.9,123,4,4055.0,751,29,4055.2,25,2,4055.4,46,3
11483,2026-07-02 14:52:14+05:30,4054.8,15,4035.32,2022929,174691.0,158962.0,4100.0,4110.0,4012.0,4092.6,25808125,4501.8,3683.4,4440.0,3288.1,4054.4,87,3,4054.3,78,2,4054.2,79,3,4054.1,4,1,4054.0,112,4,4054.8,250,2,4054.9,123,4,4055.0,751,29,4055.2,25,2,4055.4,46,3
11483,2026-07-02 14:52:15+05:30,4054.4,6,4035.32,2022964,174638.0,159964.0,4100.0,4110.0,4012.0,4092.6,25808125,4501.8,3683.4,4440.0,3288.1,4054.5,14,1,4054.4,71,4,4054.3,81,3,4054.2,79,3,4054.0,112,4,4054.8,235,2,4054.9,185,7,4055.0,1761,31,4055.2,25,2,4055.4,46,3
11483,2026-07-02 14:52:15+05:30,4054.8,1,4035.32,2022964,174638.0,159964.0,4100.0,4110.0,4012.0,4092.6,25808125,4501.8,3683.4,4440.0,3288.1,4054.5,14,1,4054.4,71,4,4054.3,81,3,4054.2,79,3,4054.0,112,4,4054.8,235,2,4054.9,185,7,4055.0,1761,31,4055.2,25,2,4055.4,46,3
11483,2026-07-02 14:52:16+05:30,4054.8,3,4035.32,2022975,174639.0,159967.0,4100.0,4110.0,4012.0,4092.6,25808125,4501.8,3683.4,4440.0,3288.1,4054.5,9,1,4054.4,71,4,4054.3,81,3,4054.2,79,3,4054.0,112,4,4054.8,231,3,4054.9,185,7,4055.0,1761,31,4055.2,25,2,4055.4,46,3
11483,2026-07-02 14:52:16+05:30,4054.8,3,4035.32,2022975,174639.0,159967.0,4100.0,4110.0,4012.0,4092.6,25808125,4501.8,3683.4,4440.0,3288.1,4054.5,9,1,4054.4,71,4,4054.3,81,3,4054.2,79,3,4054.0,112,4,4054.8,231,3,4054.9,185,7,4055.0,1761,31,4055.2,25,2,4055.4,46,3
11483,2026-07-02 14:52:17+05:30,4054.8,68,4035.33,2023687,174894.0,160115.0,4100.0,4110.0,4012.0,4092.6,25808125,4501.8,3683.4,4440.0,3288.1,4054.5,10,2,4054.4,28,3,4054.3,81,3,4054.2,89,3,4054.0,112,4,4054.8,346,3,4054.9,185,7,4055.0,1786,32,4055.2,25,2,4055.4,46,3
11483,2026-07-02 14:52:17+05:30,4054.5,1,4035.33,2023687,174894.0,160115.0,4100.0,4110.0,4012.0,4092.6,25808125,4501.8,3683.4,4440.0,3288.1,4054.5,10,2,4054.4,28,3,4054.3,81,3,4054.2,89,3,4054.0,112,4,4054.8,346,3,4054.9,185,7,4055.0,1786,32,4055.2,25,2,4055.4,46,3
11483,2026-07-02 14:52:18+05:30,4054.5,1,4035.33,2023688,174839.0,160180.0,4100.0,4110.0,4012.0,4092.6,25808125,4501.8,3683.4,4440.0,3288.1,4054.5,10,3,4054.4,28,3,4054.3,81,3,4054.2,89,3,4054.0,112,4,4054.8,346,3,4054.9,185,7,4055.0,1787,33,4055.2,25,2,4055.4,46,3
11483,2026-07-02 14:52:18+05:30,4055.2,1,4035.33,2023688,174839.0,160180.0,4100.0,4110.0,4012.0,4092.6,25808125,4501.8,3683.4,4440.0,3288.1,4054.5,10,3,4054.4,28,3,4054.3,81,3,4054.2,89,3,4054.0,112,4,4054.8,346,3,4054.9,185,7,4055.0,1787,33,4055.2,25,2,4055.4,46,3
11483,2026-07-02 14:52:18+05:30,4055.2,1,4035.37,2028326,175008.0,157109.0,4100.0,4110.0,4012.0,4092.6,25808125,4501.8,3683.4,4440.0,3288.1,4055.2,46,2,4055.1,43,4,4055.0,31,2,4054.9,5,2,4054.8,59,3,4055.4,33,2,4055.5,61,3,4055.9,43,3,4056.0,770,23,4056.3,12,1
11483,2026-07-02 14:52:19+05:30,4055.2,4,4035.37,2028326,175008.0,157109.0,4100.0,4110.0,4012.0,4092.6,25808125,4501.8,3683.4,4440.0,3288.1,4055.2,46,2,4055.1,43,4,4055.0,31,2,4054.9,5,2,4054.8,59,3,4055.4,33,2,4055.5,61,3,4055.9,43,3,4056.0,770,23,4056.3,12,1
11483,2026-07-02 14:52:19+05:30,4055.2,4,4035.37,2028431,175114.0,157691.0,4100.0,4110.0,4012.0,4092.6,25808125,4501.8,3683.4,4440.0,3288.1,4055.2,46,6,4055.1,43,4,4055.0,46,2,4054.9,55,3,4054.8,159,4,4055.5,77,3,4055.9,43,3,4056.0,770,23,4056.3,12,1,4056.4,65,2
11483,2026-07-02 14:52:20+05:30,4055.5,13,4035.37,2028431,175114.0,157691.0,4100.0,4110.0,4012.0,4092.6,25808125,4501.8,3683.4,4440.0,3288.1,4055.2,46,6,4055.1,43,4,4055.0,46,2,4054.9,55,3,4054.8,159,4,4055.5,77,3,4055.9,43,3,4056.0,770,23,4056.3,12,1,4056.4,65,2
11483,2026-07-02 14:52:21+05:30,4055.5,9,4035.37,2028537,175150.0,157623.0,4100.0,4110.0,4012.0,4092.6,25808125,4501.8,3683.4,4440.0,3288.1,4055.4,4,1,4055.2,27,4,4055.1,40,3,4055.0,14,1,4054.9,2,1,4055.5,1,1,4055.9,58,4,4056.0,770,23,4056.3,12,1,4056.4,50,1
11483,2026-07-02 14:52:21+05:30,4058.0,2,4035.37,2028537,175150.0,157623.0,4100.0,4110.0,4012.0,4092.6,25808125,4501.8,3683.4,4440.0,3288.1,4055.4,4,1,4055.2,27,4,4055.1,40,3,4055.0,14,1,4054.9,2,1,4055.5,1,1,4055.9,58,4,4056.0,770,23,4056.3,12,1,4056.4,50,1
11483,2026-07-02 14:52:22+05:30,4057.6,1,4035.4,2031014,175284.0,153660.0,4100.0,4110.0,4012.0,4092.6,25808125,4501.8,3683.4,4440.0,3288.1,4057.5,25,2,4057.2,24,1,4057.0,10,1,4056.9,50,2,4056.8,33,2,4058.0,305,2,4058.3,46,2,4058.5,1000,2,4058.7,13,1,4058.8,1,1
11483,2026-07-02 14:52:22+05:30,4057.2,18,4035.4,2031014,175284.0,153660.0,4100.0,4110.0,4012.0,4092.6,25808125,4501.8,3683.4,4440.0,3288.1,4057.5,25,2,4057.2,24,1,4057.0,10,1,4056.9,50,2,4056.8,33,2,4058.0,305,2,4058.3,46,2,4058.5,1000,2,4058.7,13,1,4058.8,1,1
11483,2026-07-02 14:52:22+05:30,4057.2,18,4035.4,2031254,175173.0,154345.0,4100.0,4110.0,4012.0,4092.6,25808125,4501.8,3683.4,4440.0,3288.1,4057.3,68,5,4057.2,22,2,4057.1,10,1,4057.0,39,1,4056.9,50,2,4058.0,181,3,4058.3,46,2,4058.5,1000,2,4058.7,13,1,4058.8,1,1
11483,2026-07-02 14:52:23+05:30,4058.0,1,4035.4,2031254,175173.0,154345.0,4100.0,4110.0,4012.0,4092.6,25808125,4501.8,3683.4,4440.0,3288.1,4057.3,68,5,4057.2,22,2,4057.1,10,1,4057.0,39,1,4056.9,50,2,4058.0,181,3,4058.3,46,2,4058.5,1000,2,4058.7,13,1,4058.8,1,1
11483,2026-07-02 14:52:23+05:30,4058.0,224,4035.41,2032016,175762.0,153808.0,4100.0,4110.0,4012.0,4092.6,25808125,4501.8,3683.4,4440.0,3288.1,4057.4,14,1,4057.3,175,9,4057.2,57,3,4057.1,60,1,4056.9,50,2,4058.0,81,2,4058.3,46,2,4058.5,1000,2,4058.7,13,1,4058.8,1,1
11483,2026-07-02 14:52:24+05:30,4058.0,1,4035.41,2032016,175762.0,153808.0,4100.0,4110.0,4012.0,4092.6,25808125,4501.8,3683.4,4440.0,3288.1,4057.4,14,1,4057.3,175,9,4057.2,57,3,4057.1,60,1,4056.9,50,2,4058.0,81,2,4058.3,46,2,4058.5,1000,2,4058.7,13,1,4058.8,1,1
11483,2026-07-02 14:52:25+05:30,4058.0,1,4035.41,2032017,175035.0,154249.0,4100.0,4110.0,4012.0,4092.6,25808125,4501.8,3683.4,4440.0,3288.1,4057.3,162,7,4057.2,24,1,4056.9,44,2,4056.7,13,2,4056.6,68,4,4058.0,80,2,4058.3,46,2,4058.5,1000,2,4058.7,63,2,4058.8,1,1
11483,2026-07-02 14:52:25+05:30,4057.3,1,4035.41,2032017,175035.0,154249.0,4100.0,4110.0,4012.0,4092.6,25808125,4501.8,3683.4,4440.0,3288.1,4057.3,162,7,4057.2,24,1,4056.9,44,2,4056.7,13,2,4056.6,68,4,4058.0,80,2,4058.3,46,2,4058.5,1000,2,4058.7,63,2,4058.8,1,1
11483,2026-07-02 14:52:26+05:30,4057.3,1,4035.41,2032018,175041.0,154526.0,4100.0,4110.0,4012.0,4092.6,25808125,4501.8,3683.4,4440.0,3288.1,4057.3,161,7,4056.7,25,3,4056.6,32,2,4056.5,73,4,4056.4,76,4,4058.0,80,2,4058.3,46,2,4058.5,1000,2,4058.7,63,2,4058.8,42,2
11483,2026-07-02 14:52:26+05:30,4058.0,50,4035.41,2032018,175041.0,154526.0,4100.0,4110.0,4012.0,4092.6,25808125,4501.8,3683.4,4440.0,3288.1,4057.3,161,7,4056.7,25,3,4056.6,32,2,4056.5,73,4,4056.4,76,4,4058.0,80,2,4058.3,46,2,4058.5,1000,2,4058.7,63,2,4058.8,42,2
11483,2026-07-02 14:52:27+05:30,4058.0,50,4035.41,2032076,174879.0,154752.0,4100.0,4110.0,4012.0,4092.6,25808125,4501.8,3683.4,4440.0,3288.1,4057.3,177,8,4057.1,21,1,4056.9,24,1,4056.7,25,3,4056.6,32,2,4058.0,132,4,4058.3,46,2,4058.5,1000,2,4058.7,63,2,4058.8,1,1
11483,2026-07-02 14:52:28+05:30,4058.0,50,4035.41,2032076,174842.0,154905.0,4100.0,4110.0,4012.0,4092.6,25808125,4501.8,3683.4,4440.0,3288.1,4057.3,177,8,4057.1,21,1,4056.7,25,3,4056.6,44,3,4056.5,73,4,4058.0,185,6,4058.3,46,2,4058.5,1000,2,4058.7,63,2,4058.8,7,2
11483,2026-07-02 14:52:28+05:30,4057.3,1,4035.41,2032076,174842.0,154905.0,4100.0,4110.0,4012.0,4092.6,25808125,4501.8,3683.4,4440.0,3288.1,4057.3,177,8,4057.1,21,1,4056.7,25,3,4056.6,44,3,4056.5,73,4,4058.0,185,6,4058.3,46,2,4058.5,1000,2,4058.7,63,2,4058.8,7,2
11483,2026-07-02 14:52:29+05:30,4057.3,38,4035.41,2032140,174816.0,154976.0,4100.0,4110.0,4012.0,4092.6,25808125,4501.8,3683.4,4440.0,3288.1,4057.3,117,7,4057.1,10,1,4056.9,84,2,4056.7,43,3,4056.6,77,4,4058.0,679,8,4058.3,46,2,4058.5,500,1,4058.7,63,2,4058.8,42,2
11483,2026-07-02 14:52:29+05:30,4057.3,1,4035.41,2032140,174816.0,154976.0,4100.0,4110.0,4012.0,4092.6,25808125,4501.8,3683.4,4440.0,3288.1,4057.3,117,7,4057.1,10,1,4056.9,84,2,4056.7,43,3,4056.6,77,4,4058.0,679,8,4058.3,46,2,4058.5,500,1,4058.7,63,2,4058.8,42,2
11483,2026-07-02 14:52:30+05:30,4057.3,1,4035.41,2032141,174769.0,155116.0,4100.0,4110.0,4012.0,4092.6,25808125,4501.8,3683.4,4440.0,3288.1,4057.3,116,7,4056.7,35,3,4056.6,44,3,4056.5,35,3,4056.4,13,2,4058.0,720,10,4058.1,2,1,4058.3,46,2,4058.5,500,1,4058.6,6,1
11483,2026-07-02 14:52:31+05:30,4057.3,76,4035.42,2032930,174697.0,154757.0,4100.0,4110.0,4012.0,4092.6,25808125,4501.8,3683.4,4440.0,3288.1,4057.3,75,5,4056.9,24,1,4056.7,35,3,4056.6,44,3,4056.5,35,3,4058.0,699,5,4058.1,2,1,4058.3,46,2,4058.5,500,1,4058.6,60,1
11483,2026-07-02 14:52:31+05:30,4057.8,16,4035.42,2032930,174697.0,154757.0,4100.0,4110.0,4012.0,4092.6,25808125,4501.8,3683.4,4440.0,3288.1,4057.3,75,5,4056.9,24,1,4056.7,35,3,4056.6,44,3,4056.5,35,3,4058.0,699,5,4058.1,2,1,4058.3,46,2,4058.5,500,1,4058.6,60,1
11483,2026-07-02 14:52:32+05:30,4057.8,16,4035.42,2032956,174879.0,154845.0,4100.0,4110.0,4012.0,4092.6,25808125,4501.8,3683.4,4440.0,3288.1,4057.8,123,4,4057.3,13,2,4057.0,7,1,4056.9,24,1,4056.7,35,3,4058.0,747,7,4058.1,2,1,4058.3,46,2,4058.5,520,2,4058.7,39,2
11483,2026-07-02 14:52:32+05:30,4058.0,4,4035.42,2032956,174879.0,154845.0,4100.0,4110.0,4012.0,4092.6,25808125,4501.8,3683.4,4440.0,3288.1,4057.8,123,4,4057.3,13,2,4057.0,7,1,4056.9,24,1,4056.7,35,3,4058.0,747,7,4058.1,2,1,4058.3,46,2,4058.5,520,2,4058.7,39,2
11483,2026-07-02 14:52:33+05:30,4058.0,3,4035.42,2032964,175163.0,154788.0,4100.0,4110.0,4012.0,4092.6,25808125,4501.8,3683.4,4440.0,3288.1,4057.8,425,6,4057.3,13,2,4057.0,7,1,4056.7,24,2,4056.6,30,2,4058.0,763,10,4058.1,11,2,4058.3,60,3,4058.5,520,2,4058.7,39,2
11483,2026-07-02 14:52:33+05:30,4057.8,20,4035.42,2032964,175163.0,154788.0,4100.0,4110.0,4012.0,4092.6,25808125,4501.8,3683.4,4440.0,3288.1,4057.8,425,6,4057.3,13,2,4057.0,7,1,4056.7,24,2,4056.6,30,2,4058.0,763,10,4058.1,11,2,4058.3,60,3,4058.5,520,2,4058.7,39,2
11483,2026-07-02 14:52:34+05:30,4058.0,10,4035.43,2033179,175090.0,154825.0,4100.0,4110.0,4012.0,4092.6,25808125,4501.8,3683.4,4440.0,3288.1,4057.8,384,6,4057.3,13,2,4057.0,7,1,4056.7,24,2,4056.6,30,2,4058.0,666,12,4058.1,2,1,4058.2,11,1,4058.3,46,2,4058.5,520,2
11483,2026-07-02 14:52:34+05:30,4058.0,162,4035.43,2033179,175090.0,154825.0,4100.0,4110.0,4012.0,4092.6,25808125,4501.8,3683.4,4440.0,3288.1,4057.8,384,6,4057.3,13,2,4057.0,7,1,4056.7,24,2,4056.6,30,2,4058.0,666,12,4058.1,2,1,4058.2,11,1,4058.3,46,2,4058.5,520,2
11483,2026-07-02 14:52:35+05:30,4057.8,9,4035.43,2033448,175201.0,154730.0,4100.0,4110.0,4012.0,4092.6,25808125,4501.8,3683.4,4440.0,3288.1,4057.8,462,7,4057.3,13,2,4057.0,7,1,4056.8,6,1,4056.7,24,2,4058.0,440,11,4058.3,46,2,4058.5,500,1,4058.7,39,2,4058.8,1,1
11483,2026-07-02 14:52:35+05:30,4057.8,9,4035.43,2033448,175201.0,154730.0,4100.0,4110.0,4012.0,4092.6,25808125,4501.8,3683.4,4440.0,3288.1,4057.8,462,7,4057.3,13,2,4057.0,7,1,4056.8,6,1,4056.7,24,2,4058.0,440,11,4058.3,46,2,4058.5,500,1,4058.7,39,2,4058.8,1,1
11483,2026-07-02 14:52:36+05:30,4057.8,9,4035.43,2033448,175201.0,154730.0,4100.0,4110.0,4012.0,4092.6,25808125,4501.8,3683.4,4440.0,3288.1,4057.8,462,7,4057.3,13,2,4057.0,7,1,4056.8,6,1,4056.7,24,2,4058.0,440,11,4058.3,46,2,4058.5,500,1,4058.7,39,2,4058.8,1,1
11483,2026-07-02 14:52:36+05:30,4057.8,9,4035.43,2033448,175088.0,154649.0,4100.0,4110.0,4012.0,4092.6,25808125,4501.8,3683.4,4440.0,3288.1,4057.8,462,7,4057.3,13,2,4057.0,7,1,4056.7,24,2,4056.6,30,2,4058.0,979,13,4058.2,11,1,4058.3,46,2,4058.4,17,1,4058.5,24,1
11483,2026-07-02 14:52:36+05:30,4057.8,9,4035.43,2033448,175088.0,154649.0,4100.0,4110.0,4012.0,4092.6,25808125,4501.8,3683.4,4440.0,3288.1,4057.8,462,7,4057.3,13,2,4057.0,7,1,4056.7,24,2,4056.6,30,2,4058.0,979,13,4058.2,11,1,4058.3,46,2,4058.4,17,1,4058.5,24,1
11483,2026-07-02 14:52:37+05:30,4057.8,9,4035.43,2033448,175088.0,154649.0,4100.0,4110.0,4012.0,4092.6,25808125,4501.8,3683.4,4440.0,3288.1,4057.8,462,7,4057.3,13,2,4057.0,7,1,4056.7,24,2,4056.6,30,2,4058.0,979,13,4058.2,11,1,4058.3,46,2,4058.4,17,1,4058.5,24,1
11483,2026-07-02 14:52:37+05:30,4057.8,6,4035.43,2033569,174980.0,154594.0,4100.0,4110.0,4012.0,4092.6,25808125,4501.8,3683.4,4440.0,3288.1,4057.8,456,7,4057.3,13,2,4057.0,7,1,4056.7,30,3,4056.6,24,1,4058.0,864,10,4058.3,46,2,4058.4,17,1,4058.5,44,2,4058.7,39,2
11483,2026-07-02 14:52:37+05:30,4057.8,6,4035.43,2033569,174980.0,154594.0,4100.0,4110.0,4012.0,4092.6,25808125,4501.8,3683.4,4440.0,3288.1,4057.8,456,7,4057.3,13,2,4057.0,7,1,4056.7,30,3,4056.6,24,1,4058.0,864,10,4058.3,46,2,4058.4,17,1,4058.5,44,2,4058.7,39,2
11483,2026-07-02 14:52:37+05:30,4058.0,66,4035.43,2033569,174980.0,154594.0,4100.0,4110.0,4012.0,4092.6,25808125,4501.8,3683.4,4440.0,3288.1,4057.8,456,7,4057.3,13,2,4057.0,7,1,4056.7,30,3,4056.6,24,1,4058.0,864,10,4058.3,46,2,4058.4,17,1,4058.5,44,2,4058.7,39,2
11483,2026-07-02 14:52:38+05:30,4058.0,66,4035.43,2033569,174980.0,154594.0,4100.0,4110.0,4012.0,4092.6,25808125,4501.8,3683.4,4440.0,3288.1,4057.8,456,7,4057.3,13,2,4057.0,7,1,4056.7,30,3,4056.6,24,1,4058.0,864,10,4058.3,46,2,4058.4,17,1,4058.5,44,2,4058.7,39,2
11483,2026-07-02 14:52:38+05:30,4058.0,5,4035.43,2033645,175548.0,154487.0,4100.0,4110.0,4012.0,4092.6,25808125,4501.8,3683.4,4440.0,3288.1,4057.8,453,8,4057.3,13,2,4057.0,7,1,4056.7,30,3,4056.6,24,1,4058.0,754,9,4058.3,46,2,4058.4,17,1,4058.5,20,1,4058.7,39,2
11483,2026-07-02 14:52:38+05:30,4058.0,5,4035.43,2033645,175548.0,154487.0,4100.0,4110.0,4012.0,4092.6,25808125,4501.8,3683.4,4440.0,3288.1,4057.8,453,8,4057.3,13,2,4057.0,7,1,4056.7,30,3,4056.6,24,1,4058.0,754,9,4058.3,46,2,4058.4,17,1,4058.5,20,1,4058.7,39,2
11483,2026-07-02 14:52:38+05:30,4057.8,30,4035.43,2033645,175548.0,154487.0,4100.0,4110.0,4012.0,4092.6,25808125,4501.8,3683.4,4440.0,3288.1,4057.8,453,8,4057.3,13,2,4057.0,7,1,4056.7,30,3,4056.6,24,1,4058.0,754,9,4058.3,46,2,4058.4,17,1,4058.5,20,1,4058.7,39,2
11483,2026-07-02 14:52:39+05:30,4057.8,30,4035.43,2033645,175548.0,154487.0,4100.0,4110.0,4012.0,4092.6,25808125,4501.8,3683.4,4440.0,3288.1,4057.8,453,8,4057.3,13,2,4057.0,7,1,4056.7,30,3,4056.6,24,1,4058.0,754,9,4058.3,46,2,4058.4,17,1,4058.5,20,1,4058.7,39,2
11483,2026-07-02 14:52:39+05:30,4058.0,1,4035.43,2033745,175479.0,154663.0,4100.0,4110.0,4012.0,4092.6,25808125,4501.8,3683.4,4440.0,3288.1,4057.8,373,9,4057.4,14,1,4057.3,41,3,4057.0,31,2,4056.8,30,2,4058.0,748,10,4058.3,46,2,4058.7,13,1,4058.8,1,1,4058.9,49,4
11483,2026-07-02 14:52:39+05:30,4058.0,1,4035.43,2033745,175479.0,154663.0,4100.0,4110.0,4012.0,4092.6,25808125,4501.8,3683.4,4440.0,3288.1,4057.8,373,9,4057.4,14,1,4057.3,41,3,4057.0,31,2,4056.8,30,2,4058.0,748,10,4058.3,46,2,4058.7,13,1,4058.8,1,1,4058.9,49,4
11483,2026-07-02 14:52:39+05:30,4058.0,1,4035.43,2033745,175479.0,154663.0,4100.0,4110.0,4012.0,4092.6,25808125,4501.8,3683.4,4440.0,3288.1,4057.8,373,9,4057.4,14,1,4057.3,41,3,4057.0,31,2,4056.8,30,2,4058.0,748,10,4058.3,46,2,4058.7,13,1,4058.8,1,1,4058.9,49,4
11483,2026-07-02 14:52:39+05:30,4058.0,1,4035.43,2033745,175479.0,154663.0,4100.0,4110.0,4012.0,4092.6,25808125,4501.8,3683.4,4440.0,3288.1,4057.8,373,9,4057.4,14,1,4057.3,41,3,4057.0,31,2,4056.8,30,2,4058.0,748,10,4058.3,46,2,4058.7,13,1,4058.8,1,1,4058.9,49,4
11483,2026-07-02 14:52:40+05:30,4058.0,1,4035.43,2033745,175479.0,154663.0,4100.0,4110.0,4012.0,4092.6,25808125,4501.8,3683.4,4440.0,3288.1,4057.8,373,9,4057.4,14,1,4057.3,41,3,4057.0,31,2,4056.8,30,2,4058.0,748,10,4058.3,46,2,4058.7,13,1,4058.8,1,1,4058.9,49,4
11483,2026-07-02 14:52:40+05:30,4058.0,1,4035.43,2033745,175479.0,154663.0,4100.0,4110.0,4012.0,4092.6,25744600,4501.8,3683.4,4440.0,3288.1,4057.8,373,9,4057.4,14,1,4057.3,41,3,4057.0,31,2,4056.8,30,2,4058.0,748,10,4058.3,46,2,4058.7,13,1,4058.8,1,1,4058.9,49,4
11483,2026-07-02 14:52:40+05:30,4058.0,113,4035.43,2033859,175498.0,154738.0,4100.0,4110.0,4012.0,4092.6,25744600,4501.8,3683.4,4440.0,3288.1,4057.8,372,9,4057.3,1,1,4057.1,21,1,4057.0,30,2,4056.8,30,2,4058.0,637,11,4058.3,46,2,4058.7,13,1,4058.8,1,1,4058.9,77,5
11483,2026-07-02 14:52:40+05:30,4058.0,113,4035.43,2033859,175498.0,154738.0,4100.0,4110.0,4012.0,4092.6,25744600,4501.8,3683.4,4440.0,3288.1,4057.8,372,9,4057.3,1,1,4057.1,21,1,4057.0,30,2,4056.8,30,2,4058.0,637,11,4058.3,46,2,4058.7,13,1,4058.8,1,1,4058.9,77,5
11483,2026-07-02 14:52:40+05:30,4058.0,113,4035.43,2033859,175498.0,154738.0,4100.0,4110.0,4012.0,4092.6,25744600,4501.8,3683.4,4440.0,3288.1,4057.8,372,9,4057.3,1,1,4057.1,21,1,4057.0,30,2,4056.8,30,2,4058.0,637,11,4058.3,46,2,4058.7,13,1,4058.8,1,1,4058.9,77,5
11483,2026-07-02 14:52:40+05:30,4058.0,113,4035.43,2033859,175498.0,154738.0,4100.0,4110.0,4012.0,4092.6,25744600,4501.8,3683.4,4440.0,3288.1,4057.8,372,9,4057.3,1,1,4057.1,21,1,4057.0,30,2,4056.8,30,2,4058.0,637,11,4058.3,46,2,4058.7,13,1,4058.8,1,1,4058.9,77,5
11483,2026-07-02 14:52:41+05:30,4058.0,113,4035.43,2033859,175498.0,154738.0,4100.0,4110.0,4012.0,4092.6,25744600,4501.8,3683.4,4440.0,3288.1,4057.8,372,9,4057.3,1,1,4057.1,21,1,4057.0,30,2,4056.8,30,2,4058.0,637,11,4058.3,46,2,4058.7,13,1,4058.8,1,1,4058.9,77,5
11483,2026-07-02 14:52:41+05:30,4058.0,7,4035.43,2033866,175326.0,154914.0,4100.0,4110.0,4012.0,4092.6,25744600,4501.8,3683.4,4440.0,3288.1,4057.8,372,9,4056.9,24,1,4056.7,53,3,4056.6,24,1,4056.5,10,2,4058.0,684,13,4058.3,46,2,4058.5,20,1,4058.7,53,3,4058.8,1,1
11483,2026-07-02 14:52:41+05:30,4058.0,7,4035.43,2033866,175326.0,154914.0,4100.0,4110.0,4012.0,4092.6,25744600,4501.8,3683.4,4440.0,3288.1,4057.8,372,9,4056.9,24,1,4056.7,53,3,4056.6,24,1,4056.5,10,2,4058.0,684,13,4058.3,46,2,4058.5,20,1,4058.7,53,3,4058.8,1,1
11483,2026-07-02 14:52:41+05:30,4058.0,7,4035.43,2033866,175326.0,154914.0,4100.0,4110.0,4012.0,4092.6,25744600,4501.8,3683.4,4440.0,3288.1,4057.8,372,9,4056.9,24,1,4056.7,53,3,4056.6,24,1,4056.5,10,2,4058.0,684,13,4058.3,46,2,4058.5,20,1,4058.7,53,3,4058.8,1,1
11483,2026-07-02 14:52:41+05:30,4058.0,7,4035.43,2033866,175326.0,154914.0,4100.0,4110.0,4012.0,4092.6,25744600,4501.8,3683.4,4440.0,3288.1,4057.8,372,9,4056.9,24,1,4056.7,53,3,4056.6,24,1,4056.5,10,2,4058.0,684,13,4058.3,46,2,4058.5,20,1,4058.7,53,3,4058.8,1,1
11483,2026-07-02 14:52:42+05:30,4058.0,7,4035.43,2033866,175326.0,154914.0,4100.0,4110.0,4012.0,4092.6,25744600,4501.8,3683.4,4440.0,3288.1,4057.8,372,9,4056.9,24,1,4056.7,53,3,4056.6,24,1,4056.5,10,2,4058.0,684,13,4058.3,46,2,4058.5,20,1,4058.7,53,3,4058.8,1,1
11483,2026-07-02 14:52:42+05:30,4058.0,2,4035.43,2033898,175333.0,155195.0,4100.0,4110.0,4012.0,4092.6,25744600,4501.8,3683.4,4440.0,3288.1,4057.9,189,2,4057.8,178,7,4057.0,131,2,4056.7,51,2,4056.6,24,1,4058.0,962,12,4058.2,27,2,4058.3,15,1,4058.5,20,1,4058.7,38,2
11483,2026-07-02 14:52:42+05:30,4058.0,2,4035.43,2033898,175333.0,155195.0,4100.0,4110.0,4012.0,4092.6,25744600,4501.8,3683.4,4440.0,3288.1,4057.9,189,2,4057.8,178,7,4057.0,131,2,4056.7,51,2,4056.6,24,1,4058.0,962,12,4058.2,27,2,4058.3,15,1,4058.5,20,1,4058.7,38,2
11483,2026-07-02 14:52:43+05:30,4057.9,108,4035.43,2034020,174778.0,155196.0,4100.0,4110.0,4012.0,4092.6,25744600,4501.8,3683.4,4440.0,3288.1,4057.9,177,7,4057.8,33,2,4057.0,131,2,4056.8,2,1,4056.7,51,2,4058.0,912,10,4058.2,19,1,4058.3,26,2,4058.5,20,1,4058.7,38,2
11483,2026-07-02 14:52:43+05:30,4057.9,108,4035.43,2034020,174778.0,155196.0,4100.0,4110.0,4012.0,4092.6,25744600,4501.8,3683.4,4440.0,3288.1,4057.9,177,7,4057.8,33,2,4057.0,131,2,4056.8,2,1,4056.7,51,2,4058.0,912,10,4058.2,19,1,4058.3,26,2,4058.5,20,1,4058.7,38,2
11483,2026-07-02 14:52:44+05:30,4057.9,108,4035.43,2034020,175308.0,155122.0,4100.0,4110.0,4012.0,4092.6,25744600,4501.8,3683.4,4440.0,3288.1,4057.9,177,7,4057.8,33,2,4057.0,131,2,4056.7,51,2,4056.6,24,1,4058.0,1076,13,4058.1,6,1,4058.2,19,1,4058.3,26,2,4058.5,17,1
11483,2026-07-02 14:52:44+05:30,4058.0,12,4035.43,2034020,175308.0,155122.0,4100.0,4110.0,4012.0,4092.6,25744600,4501.8,3683.4,4440.0,3288.1,4057.9,177,7,4057.8,33,2,4057.0,131,2,4056.7,51,2,4056.6,24,1,4058.0,1076,13,4058.1,6,1,4058.2,19,1,4058.3,26,2,4058.5,17,1
11483,2026-07-02 14:52:45+05:30,4057.9,10,4035.44,2034138,175188.0,155183.0,4100.0,4110.0,4012.0,4092.6,25744600,4501.8,3683.4,4440.0,3288.1,4057.9,159,7,4057.8,21,1,4057.0,131,2,4056.9,11,1,4056.7,51,2,4058.0,1036,11,4058.1,8,2,4058.2,43,2,4058.3,26,2,4058.5,17,1
11483,2026-07-02 14:52:45+05:30,4057.9,10,4035.44,2034138,175188.0,155183.0,4100.0,4110.0,4012.0,4092.6,25744600,4501.8,3683.4,4440.0,3288.1,4057.9,159,7,4057.8,21,1,4057.0,131,2,4056.9,11,1,4056.7,51,2,4058.0,1036,11,4058.1,8,2,4058.2,43,2,4058.3,26,2,4058.5,17,1
11483,2026-07-02 14:52:46+05:30,4058.0,2,4035.44,2034180,175227.0,155157.0,4100.0,4110.0,4012.0,4092.6,25744600,4501.8,3683.4,4440.0,3288.1,4057.9,159,7,4057.8,33,2,4057.0,131,2,4056.7,22,1,4056.5,10,2,4058.0,996,12,4058.1,31,3,4058.2,19,1,4058.3,26,2,4058.4,13,1
11483,2026-07-02 14:52:46+05:30,4058.0,5,4035.44,2034180,175227.0,155157.0,4100.0,4110.0,4012.0,4092.6,25744600,4501.8,3683.4,4440.0,3288.1,4057.9,159,7,4057.8,33,2,4057.0,131,2,4056.7,22,1,4056.5,10,2,4058.0,996,12,4058.1,31,3,4058.2,19,1,4058.3,26,2,4058.4,13,1
11483,2026-07-02 14:52:47+05:30,4058.0,13,4035.44,2034198,175166.0,155159.0,4100.0,4110.0,4012.0,4092.6,25744600,4501.8,3683.4,4440.0,3288.1,4057.9,157,6,4057.8,33,2,4057.0,131,2,4056.7,22,1,4056.5,10,2,4058.0,988,13,4058.1,31,3,4058.2,19,1,4058.3,26,2,4058.4,37,2
11483,2026-07-02 14:52:47+05:30,4057.9,5,4035.44,2034198,175166.0,155159.0,4100.0,4110.0,4012.0,4092.6,25744600,4501.8,3683.4,4440.0,3288.1,4057.9,157,6,4057.8,33,2,4057.0,131,2,4056.7,22,1,4056.5,10,2,4058.0,988,13,4058.1,31,3,4058.2,19,1,4058.3,26,2,4058.4,37,2
11483,2026-07-02 14:52:48+05:30,4057.9,3,4035.44,2034206,175158.0,155430.0,4100.0,4110.0,4012.0,4092.6,25744600,4501.8,3683.4,4440.0,3288.1,4057.9,149,6,4057.8,33,2,4057.0,131,2,4056.7,22,1,4056.5,10,2,4058.0,989,14,4058.1,31,3,4058.2,19,1,4058.3,26,2,4058.4,37,2
11483,2026-07-02 14:52:48+05:30,4057.9,25,4035.44,2034206,175158.0,155430.0,4100.0,4110.0,4012.0,4092.6,25744600,4501.8,3683.4,4440.0,3288.1,4057.9,149,6,4057.8,33,2,4057.0,131,2,4056.7,22,1,4056.5,10,2,4058.0,989,14,4058.1,31,3,4058.2,19,1,4058.3,26,2,4058.4,37,2
11483,2026-07-02 14:52:49+05:30,4057.9,1,4035.44,2034232,175142.0,155613.0,4100.0,4110.0,4012.0,4092.6,25744600,4501.8,3683.4,4440.0,3288.1,4057.9,129,7,4057.8,33,2,4057.0,131,2,4056.7,46,2,4056.5,10,2,4058.0,1106,15,4058.1,25,2,4058.2,27,2,4058.3,15,1,4058.5,17,1
11483,2026-07-02 14:52:49+05:30,4057.9,1,4035.44,2034232,175142.0,155613.0,4100.0,4110.0,4012.0,4092.6,25744600,4501.8,3683.4,4440.0,3288.1,4057.9,129,7,4057.8,33,2,4057.0,131,2,4056.7,46,2,4056.5,10,2,4058.0,1106,15,4058.1,25,2,4058.2,27,2,4058.3,15,1,4058.5,17,1
11483,2026-07-02 14:52:50+05:30,4057.9,10,4035.44,2034248,175129.0,155249.0,4100.0,4110.0,4012.0,4092.6,25744600,4501.8,3683.4,4440.0,3288.1,4057.9,117,7,4057.8,33,2,4057.0,131,2,4056.7,46,2,4056.5,10,2,4058.0,1113,16,4058.1,23,1,4058.2,19,1,4058.3,15,1,4058.5,65,2
11483,2026-07-02 14:52:50+05:30,4057.9,10,4035.44,2034248,175129.0,155249.0,4100.0,4110.0,4012.0,4092.6,25744600,4501.8,3683.4,4440.0,3288.1,4057.9,117,7,4057.8,33,2,4057.0,131,2,4056.7,46,2,4056.5,10,2,4058.0,1113,16,4058.1,23,1,4058.2,19,1,4058.3,15,1,4058.5,65,2
11483,2026-07-02 14:52:51+05:30,4057.9,2,4035.44,2034275,175116.0,155349.0,4100.0,4110.0,4012.0,4092.6,25744600,4501.8,3683.4,4440.0,3288.1,4057.9,99,6,4057.8,33,2,4057.0,131,2,4056.7,46,2,4056.5,10,2,4058.0,1122,19,4058.1,23,1,4058.2,27,2,4058.3,15,1,4058.5,17,1
11483,2026-07-02 14:52:51+05:30,4057.9,2,4035.44,2034275,175116.0,155349.0,4100.0,4110.0,4012.0,4092.6,25744600,4501.8,3683.4,4440.0,3288.1,4057.9,99,6,4057.8,33,2,4057.0,131,2,4056.7,46,2,4056.5,10,2,4058.0,1122,19,4058.1,23,1,4058.2,27,2,4058.3,15,1,4058.5,17,1
11483,2026-07-02 14:52:52+05:30,4057.9,1,4035.44,2034276,175116.0,155397.0,4100.0,4110.0,4012.0,4092.6,25744600,4501.8,3683.4,4440.0,3288.1,4057.9,98,6,4057.8,33,2,4057.0,133,3,4056.7,46,2,4056.5,10,2,4058.0,1142,20,4058.1,23,1,4058.2,27,2,4058.3,15,1,4058.5,17,1
11483,2026-07-02 14:52:52+05:30,4057.9,1,4035.44,2034276,175116.0,155397.0,4100.0,4110.0,4012.0,4092.6,25744600,4501.8,3683.4,4440.0,3288.1,4057.9,98,6,4057.8,33,2,4057.0,133,3,4056.7,46,2,4056.5,10,2,4058.0,1142,20,4058.1,23,1,4058.2,27,2,4058.3,15,1,4058.5,17,1
11483,2026-07-02 14:52:53+05:30,4058.0,28,4035.45,2035378,175016.0,154153.0,4100.0,4110.0,4012.0,4092.6,25744600,4501.8,3683.4,4440.0,3288.1,4057.9,98,6,4057.8,33,2,4057.0,131,2,4056.8,2,1,4056.7,46,2,4058.0,356,8,4058.1,23,1,4058.2,19,1,4058.3,26,2,4058.5,17,1
11483,2026-07-02 14:52:53+05:30,4058.0,28,4035.45,2035378,175016.0,154153.0,4100.0,4110.0,4012.0,4092.6,25744600,4501.8,3683.4,4440.0,3288.1,4057.9,98,6,4057.8,33,2,4057.0,131,2,4056.8,2,1,4056.7,46,2,4058.0,356,8,4058.1,23,1,4058.2,19,1,4058.3,26,2,4058.5,17,1
11483,2026-07-02 14:52:54+05:30,4058.0,1,4035.45,2035379,175028.0,154361.0,4100.0,4110.0,4012.0,4092.6,25744600,4501.8,3683.4,4440.0,3288.1,4057.9,98,6,4057.8,33,2,4057.0,131,2,4056.8,2,1,4056.7,46,2,4058.0,361,10,4058.1,23,1,4058.2,19,1,4058.3,26,2,4058.5,65,2
11483,2026-07-02 14:52:54+05:30,4057.9,16,4035.45,2035379,175028.0,154361.0,4100.0,4110.0,4012.0,4092.6,25744600,4501.8,3683.4,4440.0,3288.1,4057.9,98,6,4057.8,33,2,4057.0,131,2,4056.8,2,1,4056.7,46,2,4058.0,361,10,4058.1,23,1,4058.2,19,1,4058.3,26,2,4058.5,65,2
11483,2026-07-02 14:52:55+05:30,4057.9,11,4035.45,2035450,175028.0,154556.0,4100.0,4110.0,4012.0,4092.6,25744600,4501.8,3683.4,4440.0,3288.1,4057.9,89,5,4057.8,33,2,4057.0,131,2,4056.8,2,1,4056.7,46,2,4058.0,356,9,4058.1,29,2,4058.2,19,1,4058.3,26,2,4058.4,24,1
11483,2026-07-02 14:52:55+05:30,4057.9,11,4035.45,2035450,175028.0,154556.0,4100.0,4110.0,4012.0,4092.6,25744600,4501.8,3683.4,4440.0,3288.1,4057.9,89,5,4057.8,33,2,4057.0,131,2,4056.8,2,1,4056.7,46,2,4058.0,356,9,4058.1,29,2,4058.2,19,1,4058.3,26,2,4058.4,24,1
11483,2026-07-02 14:52:56+05:30,4058.0,58,4035.45,2035556,175011.0,154556.0,4100.0,4110.0,4012.0,4092.6,25744600,4501.8,3683.4,4440.0,3288.1,4057.9,78,5,4057.8,33,2,4057.0,125,1,4056.8,2,1,4056.7,46,2,4058.0,370,7,4058.1,29,2,4058.2,19,1,4058.3,26,2,4058.5,65,2
11483,2026-07-02 14:52:56+05:30,4057.9,2,4035.45,2035556,175011.0,154556.0,4100.0,4110.0,4012.0,4092.6,25744600,4501.8,3683.4,4440.0,3288.1,4057.9,78,5,4057.8,33,2,4057.0,125,1,4056.8,2,1,4056.7,46,2,4058.0,370,7,4058.1,29,2,4058.2,19,1,4058.3,26,2,4058.5,65,2
11483,2026-07-02 14:52:57+05:30,4057.9,2,4035.45,2035564,175034.0,154606.0,4100.0,4110.0,4012.0,4092.6,25744600,4501.8,3683.4,4440.0,3288.1,4057.9,96,5,4057.8,33,2,4057.0,125,1,4056.8,2,1,4056.7,46,2,4058.0,372,9,4058.1,29,2,4058.2,19,1,4058.3,26,2,4058.5,65,2
11483,2026-07-02 14:52:57+05:30,4057.9,2,4035.45,2035564,175034.0,154606.0,4100.0,4110.0,4012.0,4092.6,25744600,4501.8,3683.4,4440.0,3288.1,4057.9,96,5,4057.8,33,2,4057.0,125,1,4056.8,2,1,4056.7,46,2,4058.0,372,9,4058.1,29,2,4058.2,19,1,4058.3,26,2,4058.5,65,2
11483,2026-07-02 14:52:58+05:30,4057.9,1,4035.45,2035565,175030.0,154616.0,4100.0,4110.0,4012.0,4092.6,25744600,4501.8,3683.4,4440.0,3288.1,4057.9,95,5,4057.8,33,2,4057.0,125,1,4056.8,2,1,4056.7,46,2,4058.0,377,10,4058.1,29,2,4058.2,67,2,4058.3,26,2,4058.5,17,1
11483,2026-07-02 14:52:58+05:30,4057.9,3,4035.45,2035565,175030.0,154616.0,4100.0,4110.0,4012.0,4092.6,25744600,4501.8,3683.4,4440.0,3288.1,4057.9,95,5,4057.8,33,2,4057.0,125,1,4056.8,2,1,4056.7,46,2,4058.0,377,10,4058.1,29,2,4058.2,67,2,4058.3,26,2,4058.5,17,1
11483,2026-07-02 14:52:59+05:30,4057.9,32,4035.45,2035734,175005.0,154817.0,4100.0,4110.0,4012.0,4092.6,25744600,4501.8,3683.4,4440.0,3288.1,4057.9,64,5,4057.8,33,2,4057.0,125,1,4056.8,48,2,4056.7,24,1,4058.0,348,9,4058.1,29,2,4058.2,67,2,4058.3,37,3,4058.5,17,1
11483,2026-07-02 14:52:59+05:30,4058.0,1,4035.45,2035734,175005.0,154817.0,4100.0,4110.0,4012.0,4092.6,25744600,4501.8,3683.4,4440.0,3288.1,4057.9,64,5,4057.8,33,2,4057.0,125,1,4056.8,48,2,4056.7,24,1,4058.0,348,9,4058.1,29,2,4058.2,67,2,4058.3,37,3,4058.5,17,1
11483,2026-07-02 14:53:00+05:30,4057.9,5,4035.45,2035840,174358.0,154997.0,4100.0,4110.0,4012.0,4092.6,25744600,4501.8,3683.4,4440.0,3288.1,4057.9,65,5,4057.8,33,2,4057.0,126,2,4056.6,2,1,4056.5,42,2,4058.0,347,9,4058.1,31,3,4058.2,67,2,4058.3,26,2,4058.5,57,3
11483,2026-07-02 14:53:00+05:30,4058.0,1,4035.45,2035840,174358.0,154997.0,4100.0,4110.0,4012.0,4092.6,25744600,4501.8,3683.4,4440.0,3288.1,4057.9,65,5,4057.8,33,2,4057.0,126,2,4056.6,2,1,4056.5,42,2,4058.0,347,9,4058.1,31,3,4058.2,67,2,4058.3,26,2,4058.5,57,3
11483,2026-07-02 14:53:01+05:30,4057.8,26,4035.46,2036719,174755.0,154994.0,4100.0,4110.0,4012.0,4092.6,25744600,4501.8,3683.4,4440.0,3288.1,4057.8,12,1,4057.0,126,2,4056.8,63,2,4056.6,26,2,4056.5,6,1,4058.0,234,10,4058.1,25,2,4058.2,19,1,4058.3,15,1,4058.5,17,1
11483,2026-07-02 14:53:01+05:30,4057.8,5,4035.46,2036719,174755.0,154994.0,4100.0,4110.0,4012.0,4092.6,25744600,4501.8,3683.4,4440.0,3288.1,4057.8,12,1,4057.0,126,2,4056.8,63,2,4056.6,26,2,4056.5,6,1,4058.0,234,10,4058.1,25,2,4058.2,19,1,4058.3,15,1,4058.5,17,1
11483,2026-07-02 14:53:02+05:30,4057.8,5,4035.46,2036724,174291.0,155071.0,4100.0,4110.0,4012.0,4092.6,25744600,4501.8,3683.4,4440.0,3288.1,4057.8,11,2,4057.0,126,2,4056.8,39,1,4056.6,26,2,4056.5,6,1,4058.0,239,11,4058.1,25,2,4058.2,19,1,4058.3,29,2,4058.5,17,1
11483,2026-07-02 14:53:03+05:30,4057.8,5,4035.46,2036724,174326.0,155073.0,4100.0,4110.0,4012.0,4092.6,25744600,4501.8,3683.4,4440.0,3288.1,4057.8,12,3,4057.0,126,2,4056.8,39,1,4056.4,14,3,4056.3,70,3,4058.0,242,13,4058.1,33,3,4058.2,63,2,4058.3,53,3,4058.5,23,2
11483,2026-07-02 14:53:04+05:30,4057.8,5,4035.46,2036724,174296.0,155082.0,4100.0,4110.0,4012.0,4092.6,25744600,4501.8,3683.4,4440.0,3288.1,4057.8,12,3,4057.0,126,2,4056.8,39,1,4056.4,14,3,4056.3,43,3,4058.0,243,14,4058.1,33,3,4058.2,63,2,4058.3,53,3,4058.5,17,1
11483,2026-07-02 14:53:04+05:30,4058.0,1,4035.46,2036724,174296.0,155082.0,4100.0,4110.0,4012.0,4092.6,25744600,4501.8,3683.4,4440.0,3288.1,4057.8,12,3,4057.0,126,2,4056.8,39,1,4056.4,14,3,4056.3,43,3,4058.0,243,14,4058.1,33,3,4058.2,63,2,4058.3,53,3,4058.5,17,1
11483,2026-07-02 14:53:05+05:30,4057.0,82,4035.47,2037187,174453.0,155771.0,4100.0,4110.0,4012.0,4092.6,25744600,4501.8,3683.4,4440.0,3288.1,4057.0,116,6,4056.9,76,3,4056.8,66,4,4056.7,72,4,4056.6,110,5,4058.0,369,9,4058.1,23,1,4058.2,19,1,4058.3,15,1,4058.4,12,1
11483,2026-07-02 14:53:05+05:30,4058.0,7,4035.47,2037187,174453.0,155771.0,4100.0,4110.0,4012.0,4092.6,25744600,4501.8,3683.4,4440.0,3288.1,4057.0,116,6,4056.9,76,3,4056.8,66,4,4056.7,72,4,4056.6,110,5,4058.0,369,9,4058.1,23,1,4058.2,19,1,4058.3,15,1,4058.4,12,1
11483,2026-07-02 14:53:06+05:30,4058.0,7,4035.47,2037207,174411.0,155721.0,4100.0,4110.0,4012.0,4092.6,25744600,4501.8,3683.4,4440.0,3288.1,4057.1,99,5,4057.0,108,5,4056.9,76,3,4056.8,27,2,4056.7,72,4,4058.0,359,8,4058.1,23,1,4058.2,19,1,4058.3,15,1,4058.4,12,1
11483,2026-07-02 14:53:06+05:30,4058.0,7,4035.47,2037207,174411.0,155721.0,4100.0,4110.0,4012.0,4092.6,25744600,4501.8,3683.4,4440.0,3288.1,4057.1,99,5,4057.0,108,5,4056.9,76,3,4056.8,27,2,4056.7,72,4,4058.0,359,8,4058.1,23,1,4058.2,19,1,4058.3,15,1,4058.4,12,1
11483,2026-07-02 14:53:07+05:30,4057.8,1,4035.47,2037208,174538.0,155737.0,4100.0,4110.0,4012.0,4092.6,25744600,4501.8,3683.4,4440.0,3288.1,4057.2,79,4,4057.1,68,4,4057.0,147,7,4056.9,96,4,4056.8,55,4,4057.8,10,2,4058.0,359,8,4058.1,23,1,4058.2,19,1,4058.3,15,1
11483,2026-07-02 14:53:07+05:30,4057.8,2,4035.47,2037208,174538.0,155737.0,4100.0,4110.0,4012.0,4092.6,25744600,4501.8,3683.4,4440.0,3288.1,4057.2,79,4,4057.1,68,4,4057.0,147,7,4056.9,96,4,4056.8,55,4,4057.8,10,2,4058.0,359,8,4058.1,23,1,4058.2,19,1,4058.3,15,1
11483,2026-07-02 14:53:08+05:30,4057.8,5,4035.47,2037229,174975.0,155592.0,4100.0,4110.0,4012.0,4092.6,25744600,4501.8,3683.4,4440.0,3288.1,4057.8,7,1,4057.4,24,1,4057.3,20,2,4057.2,62,3,4057.1,29,2,4058.0,359,8,4058.1,23,1,4058.2,19,1,4058.3,15,1,4058.7,65,2
11483,2026-07-02 14:53:08+05:30,4057.8,5,4035.47,2037229,174975.0,155592.0,4100.0,4110.0,4012.0,4092.6,25744600,4501.8,3683.4,4440.0,3288.1,4057.8,7,1,4057.4,24,1,4057.3,20,2,4057.2,62,3,4057.1,29,2,4058.0,359,8,4058.1,23,1,4058.2,19,1,4058.3,15,1,4058.7,65,2
11483,2026-07-02 14:53:09+05:30,4057.8,3,4035.47,2037250,174842.0,155637.0,4100.0,4110.0,4012.0,4092.6,25744600,4501.8,3683.4,4440.0,3288.1,4057.8,14,4,4057.4,11,1,4057.3,9,1,4057.1,21,1,4057.0,59,4,4058.0,395,11,4058.1,23,1,4058.2,19,1,4058.3,15,1,4058.7,65,2
11483,2026-07-02 14:53:09+05:30,4057.8,3,4035.47,2037250,174842.0,155637.0,4100.0,4110.0,4012.0,4092.6,25744600,4501.8,3683.4,4440.0,3288.1,4057.8,14,4,4057.4,11,1,4057.3,9,1,4057.1,21,1,4057.0,59,4,4058.0,395,11,4058.1,23,1,4058.2,19,1,4058.3,15,1,4058.7,65,2
11483,2026-07-02 14:53:10+05:30,4057.8,1,4035.47,2037251,174896.0,155688.0,4100.0,4110.0,4012.0,4092.6,25744600,4501.8,3683.4,4440.0,3288.1,4057.8,13,4,4057.3,25,2,4057.2,11,1,4057.0,59,4,4056.9,72,3,4057.9,10,1,4058.0,395,11,4058.1,23,1,4058.2,19,1,4058.3,15,1
11483,2026-07-02 14:53:10+05:30,4057.8,6,4035.47,2037251,174896.0,155688.0,4100.0,4110.0,4012.0,4092.6,25744600,4501.8,3683.4,4440.0,3288.1,4057.8,13,4,4057.3,25,2,4057.2,11,1,4057.0,59,4,4056.9,72,3,4057.9,10,1,4058.0,395,11,4058.1,23,1,4058.2,19,1,4058.3,15,1
11483,2026-07-02 14:53:11+05:30,4058.0,1,4035.47,2037272,174916.0,155918.0,4100.0,4110.0,4012.0,4092.6,25744600,4501.8,3683.4,4440.0,3288.1,4057.8,11,4,4057.3,25,2,4057.2,11,1,4057.0,59,4,4056.9,72,3,4057.9,15,1,4058.0,394,11,4058.1,23,1,4058.2,19,1,4058.3,275,2
11483,2026-07-02 14:53:11+05:30,4058.0,1,4035.47,2037272,174916.0,155918.0,4100.0,4110.0,4012.0,4092.6,25744600,4501.8,3683.4,4440.0,3288.1,4057.8,11,4,4057.3,25,2,4057.2,11,1,4057.0,59,4,4056.9,72,3,4057.9,15,1,4058.0,394,11,4058.1,23,1,4058.2,19,1,4058.3,275,2
11483,2026-07-02 14:53:12+05:30,4058.0,1,4035.47,2037272,175057.0,155991.0,4100.0,4110.0,4012.0,4092.6,25744600,4501.8,3683.4,4440.0,3288.1,4057.8,139,8,4057.6,24,1,4057.4,24,1,4057.3,1,1,4057.2,35,2,4057.9,19,2,4058.0,403,10,4058.1,23,1,4058.2,19,1,4058.3,275,2
11483,2026-07-02 14:53:12+05:30,4057.9,1,4035.47,2037272,175057.0,155991.0,4100.0,4110.0,4012.0,4092.6,25744600,4501.8,3683.4,4440.0,3288.1,4057.8,139,8,4057.6,24,1,4057.4,24,1,4057.3,1,1,4057.2,35,2,4057.9,19,2,4058.0,403,10,4058.1,23,1,4058.2,19,1,4058.3,275,2
11483,2026-07-02 14:53:13+05:30,4057.9,1,4035.47,2037463,174939.0,155995.0,4100.0,4110.0,4012.0,4092.6,25744600,4501.8,3683.4,4440.0,3288.1,4057.8,28,2,4057.6,24,1,4057.3,1,1,4057.2,35,2,4057.0,59,4,4057.9,3,1,4058.0,403,10,4058.1,23,1,4058.2,19,1,4058.3,275,2
11483,2026-07-02 14:53:14+05:30,4057.9,3,4035.47,2037469,174836.0,156056.0,4100.0,4110.0,4012.0,4092.6,25744600,4501.8,3683.4,4440.0,3288.1,4057.8,25,2,4057.6,24,1,4057.3,1,1,4057.2,35,2,4057.0,59,4,4058.0,403,10,4058.1,23,1,4058.2,19,1,4058.3,275,2,4058.7,65,2
11483,2026-07-02 14:53:14+05:30,4057.9,3,4035.47,2037469,174836.0,156056.0,4100.0,4110.0,4012.0,4092.6,25744600,4501.8,3683.4,4440.0,3288.1,4057.8,25,2,4057.6,24,1,4057.3,1,1,4057.2,35,2,4057.0,59,4,4058.0,403,10,4058.1,23,1,4058.2,19,1,4058.3,275,2,4058.7,65,2
11483,2026-07-02 14:53:15+05:30,4057.9,3,4035.47,2037469,174939.0,156063.0,4100.0,4110.0,4012.0,4092.6,25744600,4501.8,3683.4,4440.0,3288.1,4057.8,1,1,4057.6,24,1,4057.3,1,1,4057.2,35,2,4057.0,59,4,4057.9,11,1,4058.0,405,11,4058.1,25,2,4058.2,19,1,4058.3,275,2
11483,2026-07-02 14:53:15+05:30,4057.8,10,4035.47,2037469,174939.0,156063.0,4100.0,4110.0,4012.0,4092.6,25744600,4501.8,3683.4,4440.0,3288.1,4057.8,1,1,4057.6,24,1,4057.3,1,1,4057.2,35,2,4057.0,59,4,4057.9,11,1,4058.0,405,11,4058.1,25,2,4058.2,19,1,4058.3,275,2
11483,2026-07-02 14:53:16+05:30,4058.0,5,4035.47,2037537,175033.0,156047.0,4100.0,4110.0,4012.0,4092.6,25744600,4501.8,3683.4,4440.0,3288.1,4057.9,57,1,4057.8,9,2,4057.6,24,1,4057.3,1,1,4057.2,24,1,4058.0,600,12,4058.1,25,2,4058.2,19,1,4058.3,275,2,4058.7,65,2
11483,2026-07-02 14:53:16+05:30,4057.9,50,4035.47,2037537,175033.0,156047.0,4100.0,4110.0,4012.0,4092.6,25744600,4501.8,3683.4,4440.0,3288.1,4057.9,57,1,4057.8,9,2,4057.6,24,1,4057.3,1,1,4057.2,24,1,4058.0,600,12,4058.1,25,2,4058.2,19,1,4058.3,275,2,4058.7,65,2
11483,2026-07-02 14:53:17+05:30,4057.9,1,4035.47,2037599,174921.0,156040.0,4100.0,4110.0,4012.0,4092.6,25744600,4501.8,3683.4,4440.0,3288.1,4057.9,8,2,4057.8,9,2,4057.6,25,2,4057.3,1,1,4057.2,24,1,4058.0,589,11,4058.1,25,2,4058.2,19,1,4058.3,275,2,4058.7,65,2
11483,2026-07-02 14:53:17+05:30,4057.9,1,4035.47,2037599,174921.0,156040.0,4100.0,4110.0,4012.0,4092.6,25744600,4501.8,3683.4,4440.0,3288.1,4057.9,8,2,4057.8,9,2,4057.6,25,2,4057.3,1,1,4057.2,24,1,4058.0,589,11,4058.1,25,2,4058.2,19,1,4058.3,275,2,4058.7,65,2
11483,2026-07-02 14:53:18+05:30,4057.9,1,4035.47,2037599,174695.0,155945.0,4100.0,4110.0,4012.0,4092.6,25744600,4501.8,3683.4,4440.0,3288.1,4057.9,10,3,4057.8,4,1,4057.6,25,2,4057.3,1,1,4057.2,24,1,4058.0,589,11,4058.1,25,2,4058.2,19,1,4058.3,275,2,4058.7,65,2
11483,2026-07-02 14:53:19+05:30,4057.9,1,4035.47,2037599,174578.0,155919.0,4100.0,4110.0,4012.0,4092.6,25744600,4501.8,3683.4,4440.0,3288.1,4057.9,10,3,4057.8,4,1,4057.6,25,2,4057.3,17,2,4057.2,24,1,4058.0,589,11,4058.1,25,2,4058.2,34,2,4058.3,260,1,4058.7,65,2
11483,2026-07-02 14:53:20+05:30,4058.0,133,4035.48,2037738,174571.0,155819.0,4100.0,4110.0,4012.0,4092.6,25744600,4501.8,3683.4,4440.0,3288.1,4057.9,10,4,4057.8,4,1,4057.6,1,1,4057.3,1,1,4057.2,24,1,4058.0,502,10,4058.1,23,1,4058.2,34,2,4058.3,260,1,4058.7,65,2
11483,2026-07-02 14:53:20+05:30,4057.2,17,4035.48,2037738,174571.0,155819.0,4100.0,4110.0,4012.0,4092.6,25744600,4501.8,3683.4,4440.0,3288.1,4057.9,10,4,4057.8,4,1,4057.6,1,1,4057.3,1,1,4057.2,24,1,4058.0,502,10,4058.1,23,1,4058.2,34,2,4058.3,260,1,4058.7,65,2
11483,2026-07-02 14:53:21+05:30,4058.0,81,4035.48,2037919,174820.0,155772.0,4100.0,4110.0,4012.0,4092.6,25744600,4501.8,3683.4,4440.0,3288.1,4057.9,42,1,4057.8,66,2,4057.7,42,1,4057.6,24,1,4057.5,42,1,4058.0,423,11,4058.1,23,1,4058.2,34,2,4058.3,260,1,4058.7,13,1
11483,2026-07-02 14:53:21+05:30,4058.0,8,4035.48,2037919,174820.0,155772.0,4100.0,4110.0,4012.0,4092.6,25744600,4501.8,3683.4,4440.0,3288.1,4057.9,42,1,4057.8,66,2,4057.7,42,1,4057.6,24,1,4057.5,42,1,4058.0,423,11,4058.1,23,1,4058.2,34,2,4058.3,260,1,4058.7,13,1
11483,2026-07-02 14:53:22+05:30,4058.0,49,4035.48,2038189,174958.0,155793.0,4100.0,4110.0,4012.0,4092.6,25744600,4501.8,3683.4,4440.0,3288.1,4057.8,66,2,4057.7,42,1,4057.6,24,1,4057.5,42,1,4057.4,37,2,4058.0,534,7,4058.1,23,1,4058.2,34,2,4058.3,260,1,4058.7,13,1
11483,2026-07-02 14:53:22+05:30,4057.9,15,4035.48,2038189,174958.0,155793.0,4100.0,4110.0,4012.0,4092.6,25744600,4501.8,3683.4,4440.0,3288.1,4057.8,66,2,4057.7,42,1,4057.6,24,1,4057.5,42,1,4057.4,37,2,4058.0,534,7,4058.1,23,1,4058.2,34,2,4058.3,260,1,4058.7,13,1
11483,2026-07-02 14:53:23+05:30,4057.9,15,4035.48,2038204,174968.0,155784.0,4100.0,4110.0,4012.0,4092.6,25744600,4501.8,3683.4,4440.0,3288.1,4057.8,53,4,4057.7,42,1,4057.5,42,1,4057.4,13,1,4057.3,32,2,4058.0,546,8,4058.1,23,1,4058.2,34,2,4058.3,260,1,4058.7,13,1
11483,2026-07-02 14:53:23+05:30,4057.8,5,4035.48,2038204,174968.0,155784.0,4100.0,4110.0,4012.0,4092.6,25744600,4501.8,3683.4,4440.0,3288.1,4057.8,53,4,4057.7,42,1,4057.5,42,1,4057.4,13,1,4057.3,32,2,4058.0,546,8,4058.1,23,1,4058.2,34,2,4058.3,260,1,4058.7,13,1
11483,2026-07-02 14:53:24+05:30,4057.8,30,4035.49,2038754,174926.0,155481.0,4100.0,4110.0,4012.0,4092.6,25744600,4501.8,3683.4,4440.0,3288.1,4057.8,22,6,4057.7,49,2,4057.5,66,2,4057.4,13,1,4057.3,32,2,4058.0,236,5,4058.1,23,1,4058.2,34,2,4058.3,260,1,4058.7,13,1
11483,2026-07-02 14:53:24+05:30,4057.9,1,4035.49,2038754,174926.0,155481.0,4100.0,4110.0,4012.0,4092.6,25744600,4501.8,3683.4,4440.0,3288.1,4057.8,22,6,4057.7,49,2,4057.5,66,2,4057.4,13,1,4057.3,32,2,4058.0,236,5,4058.1,23,1,4058.2,34,2,4058.3,260,1,4058.7,13,1
11483,2026-07-02 14:53:25+05:30,4057.9,1,4035.49,2038755,174962.0,155500.0,4100.0,4110.0,4012.0,4092.6,25744600,4501.8,3683.4,4440.0,3288.1,4057.8,88,9,4057.7,7,1,4057.6,66,2,4057.4,55,2,4057.3,32,2,4057.9,14,1,4058.0,236,5,4058.1,23,1,4058.2,34,2,4058.3,260,1
11483,2026-07-02 14:53:26+05:30,4057.9,7,4035.49,2038762,174983.0,155510.0,4100.0,4110.0,4012.0,4092.6,25744600,4501.8,3683.4,4440.0,3288.1,4057.8,100,10,4057.6,73,3,4057.4,55,2,4057.3,32,2,4057.2,99,3,4057.9,7,1,4058.0,236,5,4058.1,23,1,4058.2,34,2,4058.3,260,1
11483,2026-07-02 14:53:26+05:30,4057.9,7,4035.49,2038762,174983.0,155510.0,4100.0,4110.0,4012.0,4092.6,25744600,4501.8,3683.4,4440.0,3288.1,4057.8,100,10,4057.6,73,3,4057.4,55,2,4057.3,32,2,4057.2,99,3,4057.9,7,1,4058.0,236,5,4058.1,23,1,4058.2,34,2,4058.3,260,1
11483,2026-07-02 14:53:27+05:30,4057.9,30,4035.49,2038938,175007.0,155270.0,4100.0,4110.0,4012.0,4092.6,25744600,4501.8,3683.4,4440.0,3288.1,4057.9,89,8,4057.8,11,3,4057.7,42,1,4057.6,31,2,4057.5,42,1,4058.0,141,5,4058.1,23,1,4058.2,34,2,4058.3,260,1,4058.8,2,2
11483,2026-07-02 14:53:27+05:30,4058.0,1,4035.49,2038938,175007.0,155270.0,4100.0,4110.0,4012.0,4092.6,25744600,4501.8,3683.4,4440.0,3288.1,4057.9,89,8,4057.8,11,3,4057.7,42,1,4057.6,31,2,4057.5,42,1,4058.0,141,5,4058.1,23,1,4058.2,34,2,4058.3,260,1,4058.8,2,2
11483,2026-07-02 14:53:28+05:30,4058.0,18,4035.49,2039290,175039.0,154813.0,4100.0,4110.0,4012.0,4092.6,25744600,4501.8,3683.4,4440.0,3288.1,4057.9,73,6,4057.8,11,3,4057.7,42,1,4057.6,31,2,4057.5,42,1,4058.0,27,4,4058.1,23,1,4058.2,34,2,4058.3,260,1,4058.8,2,2
11483,2026-07-02 14:53:28+05:30,4057.9,3,4035.49,2039290,175039.0,154813.0,4100.0,4110.0,4012.0,4092.6,25744600,4501.8,3683.4,4440.0,3288.1,4057.9,73,6,4057.8,11,3,4057.7,42,1,4057.6,31,2,4057.5,42,1,4058.0,27,4,4058.1,23,1,4058.2,34,2,4058.3,260,1,4058.8,2,2
11483,2026-07-02 14:53:29+05:30,4057.9,5,4035.49,2039419,174954.0,155055.0,4100.0,4110.0,4012.0,4092.6,25744600,4501.8,3683.4,4440.0,3288.1,4057.9,69,6,4057.8,11,3,4057.7,42,1,4057.6,31,2,4057.5,42,1,4058.0,28,3,4058.1,23,1,4058.2,34,2,4058.3,260,1,4058.8,2,2
11483,2026-07-02 14:53:29+05:30,4058.0,3,4035.49,2039419,174954.0,155055.0,4100.0,4110.0,4012.0,4092.6,25744600,4501.8,3683.4,4440.0,3288.1,4057.9,69,6,4057.8,11,3,4057.7,42,1,4057.6,31,2,4057.5,42,1,4058.0,28,3,4058.1,23,1,4058.2,34,2,4058.3,260,1,4058.8,2,2
11483,2026-07-02 14:53:30+05:30,4058.0,3,4035.49,2039427,174921.0,154977.0,4100.0,4110.0,4012.0,4092.6,25744600,4501.8,3683.4,4440.0,3288.1,4057.9,74,6,4057.8,11,3,4057.7,42,1,4057.6,31,2,4057.5,42,1,4058.0,25,3,4058.1,25,2,4058.2,34,2,4058.3,260,1,4058.5,500,1
11483,2026-07-02 14:53:31+05:30,4058.0,3,4035.49,2039471,174924.0,154916.0,4100.0,4110.0,4012.0,4092.6,25744600,4501.8,3683.4,4440.0,3288.1,4057.9,32,6,4057.8,9,2,4057.7,42,1,4057.6,7,1,4057.5,42,1,4058.0,32,4,4058.1,25,2,4058.2,34,2,4058.3,260,1,4058.5,500,1
11483,2026-07-02 14:53:31+05:30,4058.0,3,4035.49,2039471,174924.0,154916.0,4100.0,4110.0,4012.0,4092.6,25744600,4501.8,3683.4,4440.0,3288.1,4057.9,32,6,4057.8,9,2,4057.7,42,1,4057.6,7,1,4057.5,42,1,4058.0,32,4,4058.1,25,2,4058.2,34,2,4058.3,260,1,4058.5,500,1
11483,2026-07-02 14:53:32+05:30,4058.0,5,4035.49,2039526,174936.0,155068.0,4100.0,4110.0,4012.0,4092.6,25744600,4501.8,3683.4,4440.0,3288.1,4057.9,6,4,4057.8,9,2,4057.7,42,1,4057.5,42,1,4057.3,29,1,4058.0,27,4,4058.1,25,2,4058.2,34,2,4058.3,260,1,4058.5,500,1
11483,2026-07-02 14:53:32+05:30,4058.0,5,4035.49,2039526,174936.0,155068.0,4100.0,4110.0,4012.0,4092.6,25744600,4501.8,3683.4,4440.0,3288.1,4057.9,6,4,4057.8,9,2,4057.7,42,1,4057.5,42,1,4057.3,29,1,4058.0,27,4,4058.1,25,2,4058.2,34,2,4058.3,260,1,4058.5,500,1
11483,2026-07-02 14:53:33+05:30,4057.9,1,4035.5,2039600,175206.0,154929.0,4100.0,4110.0,4012.0,4092.6,25744600,4501.8,3683.4,4440.0,3288.1,4057.9,377,2,4057.8,9,2,4057.7,42,1,4057.5,53,2,4057.3,69,3,4058.0,39,6,4058.1,25,2,4058.2,34,2,4058.3,260,1,4058.5,500,1
11483,2026-07-02 14:53:33+05:30,4058.0,5,4035.5,2039600,175206.0,154929.0,4100.0,4110.0,4012.0,4092.6,25744600,4501.8,3683.4,4440.0,3288.1,4057.9,377,2,4057.8,9,2,4057.7,42,1,4057.5,53,2,4057.3,69,3,4058.0,39,6,4058.1,25,2,4058.2,34,2,4058.3,260,1,4058.5,500,1
11483,2026-07-02 14:53:34+05:30,4058.0,5,4035.5,2039605,175140.0,154704.0,4100.0,4110.0,4012.0,4092.6,25744600,4501.8,3683.4,4440.0,3288.1,4057.9,377,2,4057.8,2,1,4057.3,29,1,4057.2,57,1,4057.0,66,3,4058.0,70,8,4058.1,25,2,4058.2,34,2,4058.3,260,1,4058.4,24,1
11483,2026-07-02 14:53:34+05:30,4058.0,30,4035.5,2039605,175140.0,154704.0,4100.0,4110.0,4012.0,4092.6,25744600,4501.8,3683.4,4440.0,3288.1,4057.9,377,2,4057.8,2,1,4057.3,29,1,4057.2,57,1,4057.0,66,3,4058.0,70,8,4058.1,25,2,4058.2,34,2,4058.3,260,1,4058.4,24,1
11483,2026-07-02 14:53:35+05:30,4058.0,2,4035.5,2039727,175220.0,154638.0,4100.0,4110.0,4012.0,4092.6,25744600,4501.8,3683.4,4440.0,3288.1,4058.0,427,4,4057.9,5,1,4057.8,2,1,4057.3,29,1,4057.2,57,1,4058.1,23,1,4058.2,34,2,4058.3,260,1,4058.5,500,1,4058.7,95,3
11483,2026-07-02 14:53:35+05:30,4058.0,2,4035.5,2039727,175220.0,154638.0,4100.0,4110.0,4012.0,4092.6,25744600,4501.8,3683.4,4440.0,3288.1,4058.0,427,4,4057.9,5,1,4057.8,2,1,4057.3,29,1,4057.2,57,1,4058.1,23,1,4058.2,34,2,4058.3,260,1,4058.5,500,1,4058.7,95,3
11483,2026-07-02 14:53:36+05:30,4058.0,5,4035.5,2039732,175200.0,154670.0,4100.0,4110.0,4012.0,4092.6,25744600,4501.8,3683.4,4440.0,3288.1,4058.0,427,5,4057.8,2,1,4057.3,29,1,4057.2,57,1,4057.1,52,2,4058.1,23,1,4058.2,34,2,4058.3,260,1,4058.5,500,1,4058.7,74,2
11483,2026-07-02 14:53:36+05:30,4058.0,5,4035.5,2039732,175200.0,154670.0,4100.0,4110.0,4012.0,4092.6,25744600,4501.8,3683.4,4440.0,3288.1,4058.0,427,5,4057.8,2,1,4057.3,29,1,4057.2,57,1,4057.1,52,2,4058.1,23,1,4058.2,34,2,4058.3,260,1,4058.5,500,1,4058.7,74,2
11483,2026-07-02 14:53:36+05:30,4058.0,16,4035.5,2039732,175200.0,154670.0,4100.0,4110.0,4012.0,4092.6,25744600,4501.8,3683.4,4440.0,3288.1,4058.0,427,5,4057.8,2,1,4057.3,29,1,4057.2,57,1,4057.1,52,2,4058.1,23,1,4058.2,34,2,4058.3,260,1,4058.5,500,1,4058.7,74,2
11483,2026-07-02 14:53:36+05:30,4058.0,16,4035.5,2039732,175200.0,154670.0,4100.0,4110.0,4012.0,4092.6,25744600,4501.8,3683.4,4440.0,3288.1,4058.0,427,5,4057.8,2,1,4057.3,29,1,4057.2,57,1,4057.1,52,2,4058.1,23,1,4058.2,34,2,4058.3,260,1,4058.5,500,1,4058.7,74,2
11483,2026-07-02 14:53:37+05:30,4058.0,6,4035.5,2039782,175091.0,154823.0,4100.0,4110.0,4012.0,4092.6,25744600,4501.8,3683.4,4440.0,3288.1,4058.0,393,4,4057.9,2,1,4057.8,2,1,4057.3,29,1,4057.2,57,1,4058.1,23,1,4058.2,34,2,4058.3,260,1,4058.5,500,1,4058.7,52,1
11483,2026-07-02 14:53:37+05:30,4058.0,6,4035.5,2039782,175091.0,154823.0,4100.0,4110.0,4012.0,4092.6,25744600,4501.8,3683.4,4440.0,3288.1,4058.0,393,4,4057.9,2,1,4057.8,2,1,4057.3,29,1,4057.2,57,1,4058.1,23,1,4058.2,34,2,4058.3,260,1,4058.5,500,1,4058.7,52,1
11483,2026-07-02 14:53:37+05:30,4058.0,24,4035.5,2039782,175091.0,154823.0,4100.0,4110.0,4012.0,4092.6,25744600,4501.8,3683.4,4440.0,3288.1,4058.0,393,4,4057.9,2,1,4057.8,2,1,4057.3,29,1,4057.2,57,1,4058.1,23,1,4058.2,34,2,4058.3,260,1,4058.5,500,1,4058.7,52,1
11483,2026-07-02 14:53:37+05:30,4058.0,24,4035.5,2039782,175091.0,154823.0,4100.0,4110.0,4012.0,4092.6,25744600,4501.8,3683.4,4440.0,3288.1,4058.0,393,4,4057.9,2,1,4057.8,2,1,4057.3,29,1,4057.2,57,1,4058.1,23,1,4058.2,34,2,4058.3,260,1,4058.5,500,1,4058.7,52,1
11483,2026-07-02 14:53:38+05:30,4058.0,24,4035.5,2040249,174445.0,155120.0,4100.0,4110.0,4012.0,4092.6,25744600,4501.8,3683.4,4440.0,3288.1,4057.9,2,1,4057.8,2,1,4057.3,30,2,4057.2,57,1,4057.0,66,3,4058.0,15,1,4058.1,77,5,4058.2,34,2,4058.3,282,3,4058.4,76,2
11483,2026-07-02 14:53:38+05:30,4058.0,24,4035.5,2040249,174445.0,155120.0,4100.0,4110.0,4012.0,4092.6,25744600,4501.8,3683.4,4440.0,3288.1,4057.9,2,1,4057.8,2,1,4057.3,30,2,4057.2,57,1,4057.0,66,3,4058.0,15,1,4058.1,77,5,4058.2,34,2,4058.3,282,3,4058.4,76,2
11483,2026-07-02 14:53:38+05:30,4057.8,5,4035.5,2040249,174445.0,155120.0,4100.0,4110.0,4012.0,4092.6,25744600,4501.8,3683.4,4440.0,3288.1,4057.9,2,1,4057.8,2,1,4057.3,30,2,4057.2,57,1,4057.0,66,3,4058.0,15,1,4058.1,77,5,4058.2,34,2,4058.3,282,3,4058.4,76,2
11483,2026-07-02 14:53:38+05:30,4057.8,5,4035.5,2040249,174445.0,155120.0,4100.0,4110.0,4012.0,4092.6,25744600,4501.8,3683.4,4440.0,3288.1,4057.9,2,1,4057.8,2,1,4057.3,30,2,4057.2,57,1,4057.0,66,3,4058.0,15,1,4058.1,77,5,4058.2,34,2,4058.3,282,3,4058.4,76,2
11483,2026-07-02 14:53:39+05:30,4057.8,1,4035.5,2040270,173879.0,155339.0,4100.0,4110.0,4012.0,4092.6,25744600,4501.8,3683.4,4440.0,3288.1,4057.3,1,1,4057.0,49,2,4056.8,13,1,4056.7,44,2,4056.6,19,1,4057.8,29,1,4058.0,122,6,4058.1,14,2,4058.2,58,3,4058.3,282,3
11483,2026-07-02 14:53:39+05:30,4057.8,1,4035.5,2040270,173879.0,155339.0,4100.0,4110.0,4012.0,4092.6,25744600,4501.8,3683.4,4440.0,3288.1,4057.3,1,1,4057.0,49,2,4056.8,13,1,4056.7,44,2,4056.6,19,1,4057.8,29,1,4058.0,122,6,4058.1,14,2,4058.2,58,3,4058.3,282,3
11483,2026-07-02 14:53:39+05:30,4057.8,1,4035.5,2040270,173879.0,155339.0,4100.0,4110.0,4012.0,4092.6,25744600,4501.8,3683.4,4440.0,3288.1,4057.3,1,1,4057.0,49,2,4056.8,13,1,4056.7,44,2,4056.6,19,1,4057.8,29,1,4058.0,122,6,4058.1,14,2,4058.2,58,3,4058.3,282,3
11483,2026-07-02 14:53:39+05:30,4057.8,1,4035.5,2040270,173879.0,155339.0,4100.0,4110.0,4012.0,4092.6,25744600,4501.8,3683.4,4440.0,3288.1,4057.3,1,1,4057.0,49,2,4056.8,13,1,4056.7,44,2,4056.6,19,1,4057.8,29,1,4058.0,122,6,4058.1,14,2,4058.2,58,3,4058.3,282,3
11483,2026-07-02 14:53:40+05:30,4057.8,1,4035.5,2040270,173879.0,155339.0,4100.0,4110.0,4012.0,4092.6,25744600,4501.8,3683.4,4440.0,3288.1,4057.3,1,1,4057.0,49,2,4056.8,13,1,4056.7,44,2,4056.6,19,1,4057.8,29,1,4058.0,122,6,4058.1,14,2,4058.2,58,3,4058.3,282,3
11483,2026-07-02 14:53:40+05:30,4057.8,1,4035.5,2040272,173876.0,155337.0,4100.0,4110.0,4012.0,4092.6,25744600,4501.8,3683.4,4440.0,3288.1,4057.3,1,1,4057.2,11,1,4057.0,49,2,4056.8,13,1,4056.7,44,2,4057.8,74,4,4058.0,120,5,4058.1,14,2,4058.2,71,4,4058.3,282,3
11483,2026-07-02 14:53:40+05:30,4057.8,1,4035.5,2040272,173876.0,155337.0,4100.0,4110.0,4012.0,4092.6,25744600,4501.8,3683.4,4440.0,3288.1,4057.3,1,1,4057.2,11,1,4057.0,49,2,4056.8,13,1,4056.7,44,2,4057.8,74,4,4058.0,120,5,4058.1,14,2,4058.2,71,4,4058.3,282,3
11483,2026-07-02 14:53:40+05:30,4057.8,1,4035.5,2040272,173876.0,155337.0,4100.0,4110.0,4012.0,4092.6,25745300,4501.8,3683.4,4440.0,3288.1,4057.3,1,1,4057.2,11,1,4057.0,49,2,4056.8,13,1,4056.7,44,2,4057.8,74,4,4058.0,120,5,4058.1,14,2,4058.2,71,4,4058.3,282,3
11483,2026-07-02 14:53:40+05:30,4057.8,1,4035.5,2040272,173876.0,155337.0,4100.0,4110.0,4012.0,4092.6,25745300,4501.8,3683.4,4440.0,3288.1,4057.3,1,1,4057.2,11,1,4057.0,49,2,4056.8,13,1,4056.7,44,2,4057.8,74,4,4058.0,120,5,4058.1,14,2,4058.2,71,4,4058.3,282,3
11483,2026-07-02 14:53:40+05:30,4057.8,1,4035.5,2040272,173876.0,155337.0,4100.0,4110.0,4012.0,4092.6,25745300,4501.8,3683.4,4440.0,3288.1,4057.3,1,1,4057.2,11,1,4057.0,49,2,4056.8,13,1,4056.7,44,2,4057.8,74,4,4058.0,120,5,4058.1,14,2,4058.2,71,4,4058.3,282,3
11483,2026-07-02 14:53:41+05:30,4056.2,94,4035.51,2041176,173427.0,155056.0,4100.0,4110.0,4012.0,4092.6,25745300,4501.8,3683.4,4440.0,3288.1,4056.2,61,2,4056.0,16,1,4055.9,23,1,4055.6,54,2,4055.5,94,4,4057.3,28,3,4057.5,56,2,4057.6,37,2,4057.7,47,2,4057.8,100,5
11483,2026-07-02 14:53:41+05:30,4056.2,94,4035.51,2041176,173427.0,155056.0,4100.0,4110.0,4012.0,4092.6,25745300,4501.8,3683.4,4440.0,3288.1,4056.2,61,2,4056.0,16,1,4055.9,23,1,4055.6,54,2,4055.5,94,4,4057.3,28,3,4057.5,56,2,4057.6,37,2,4057.7,47,2,4057.8,100,5
11483,2026-07-02 14:53:41+05:30,4056.2,94,4035.51,2041176,173427.0,155056.0,4100.0,4110.0,4012.0,4092.6,25745300,4501.8,3683.4,4440.0,3288.1,4056.2,61,2,4056.0,16,1,4055.9,23,1,4055.6,54,2,4055.5,94,4,4057.3,28,3,4057.5,56,2,4057.6,37,2,4057.7,47,2,4057.8,100,5
11483,2026-07-02 14:53:41+05:30,4056.2,94,4035.51,2041176,173427.0,155056.0,4100.0,4110.0,4012.0,4092.6,25745300,4501.8,3683.4,4440.0,3288.1,4056.2,61,2,4056.0,16,1,4055.9,23,1,4055.6,54,2,4055.5,94,4,4057.3,28,3,4057.5,56,2,4057.6,37,2,4057.7,47,2,4057.8,100,5
11483,2026-07-02 14:53:42+05:30,4056.2,94,4035.51,2041176,173427.0,155056.0,4100.0,4110.0,4012.0,4092.6,25745300,4501.8,3683.4,4440.0,3288.1,4056.2,61,2,4056.0,16,1,4055.9,23,1,4055.6,54,2,4055.5,94,4,4057.3,28,3,4057.5,56,2,4057.6,37,2,4057.7,47,2,4057.8,100,5
11483,2026-07-02 14:53:42+05:30,4057.3,2,4035.51,2041216,173613.0,156445.0,4100.0,4110.0,4012.0,4092.6,25745300,4501.8,3683.4,4440.0,3288.1,4057.2,14,1,4056.2,100,1,4055.9,24,1,4055.8,8,2,4055.7,58,3,4057.3,31,3,4057.6,34,2,4057.7,32,1,4057.8,84,4,4058.0,243,8
11483,2026-07-02 14:53:42+05:30,4057.3,2,4035.51,2041216,173613.0,156445.0,4100.0,4110.0,4012.0,4092.6,25745300,4501.8,3683.4,4440.0,3288.1,4057.2,14,1,4056.2,100,1,4055.9,24,1,4055.8,8,2,4055.7,58,3,4057.3,31,3,4057.6,34,2,4057.7,32,1,4057.8,84,4,4058.0,243,8
11483,2026-07-02 14:53:42+05:30,4057.3,1,4035.51,2041216,173613.0,156445.0,4100.0,4110.0,4012.0,4092.6,25745300,4501.8,3683.4,4440.0,3288.1,4057.2,14,1,4056.2,100,1,4055.9,24,1,4055.8,8,2,4055.7,58,3,4057.3,31,3,4057.6,34,2,4057.7,32,1,4057.8,84,4,4058.0,243,8
11483,2026-07-02 14:53:43+05:30,4057.3,1,4035.51,2041217,173739.0,156568.0,4100.0,4110.0,4012.0,4092.6,25745300,4501.8,3683.4,4440.0,3288.1,4057.2,14,1,4056.2,105,2,4055.9,30,2,4055.8,2,1,4055.7,56,2,4057.3,32,3,4057.6,34,2,4057.7,16,1,4057.8,82,3,4058.0,246,9
11483,2026-07-02 14:53:43+05:30,4057.3,15,4035.51,2041217,173739.0,156568.0,4100.0,4110.0,4012.0,4092.6,25745300,4501.8,3683.4,4440.0,3288.1,4057.2,14,1,4056.2,105,2,4055.9,30,2,4055.8,2,1,4055.7,56,2,4057.3,32,3,4057.6,34,2,4057.7,16,1,4057.8,82,3,4058.0,246,9
11483,2026-07-02 14:53:44+05:30,4057.3,1,4035.51,2041248,173660.0,156430.0,4100.0,4110.0,4012.0,4092.6,25745300,4501.8,3683.4,4440.0,3288.1,4057.1,13,1,4056.2,105,2,4055.8,2,1,4055.7,24,2,4055.6,38,2,4057.3,83,4,4057.4,10,2,4057.6,45,3,4057.7,16,1,4057.8,110,5
11483,2026-07-02 14:53:44+05:30,4057.3,1,4035.51,2041248,173660.0,156430.0,4100.0,4110.0,4012.0,4092.6,25745300,4501.8,3683.4,4440.0,3288.1,4057.1,13,1,4056.2,105,2,4055.8,2,1,4055.7,24,2,4055.6,38,2,4057.3,83,4,4057.4,10,2,4057.6,45,3,4057.7,16,1,4057.8,110,5
11483,2026-07-02 14:53:45+05:30,4057.3,1,4035.51,2041250,173666.0,156432.0,4100.0,4110.0,4012.0,4092.6,25745300,4501.8,3683.4,4440.0,3288.1,4057.1,14,2,4056.2,110,3,4055.8,2,1,4055.7,24,2,4055.6,32,1,4057.3,88,5,4057.4,12,3,4057.6,45,3,4057.7,16,1,4057.8,112,6
11483,2026-07-02 14:53:45+05:30,4057.3,1,4035.51,2041250,173666.0,156432.0,4100.0,4110.0,4012.0,4092.6,25745300,4501.8,3683.4,4440.0,3288.1,4057.1,14,2,4056.2,110,3,4055.8,2,1,4055.7,24,2,4055.6,32,1,4057.3,88,5,4057.4,12,3,4057.6,45,3,4057.7,16,1,4057.8,112,6
11483,2026-07-02 14:53:46+05:30,4057.3,8,4035.51,2041263,173699.0,156445.0,4100.0,4110.0,4012.0,4092.6,25745300,4501.8,3683.4,4440.0,3288.1,4057.1,14,2,4056.5,45,1,4056.2,110,3,4055.8,2,1,4055.7,28,2,4057.3,75,5,4057.4,12,3,4057.5,10,1,4057.6,45,3,4057.7,28,2
11483,2026-07-02 14:53:46+05:30,4057.3,8,4035.51,2041263,173699.0,156445.0,4100.0,4110.0,4012.0,4092.6,25745300,4501.8,3683.4,4440.0,3288.1,4057.1,14,2,4056.5,45,1,4056.2,110,3,4055.8,2,1,4055.7,28,2,4057.3,75,5,4057.4,12,3,4057.5,10,1,4057.6,45,3,4057.7,28,2
11483,2026-07-02 14:53:47+05:30,4057.1,10,4035.51,2041275,173779.0,156494.0,4100.0,4110.0,4012.0,4092.6,25745300,4501.8,3683.4,4440.0,3288.1,4057.0,12,2,4056.5,45,1,4056.2,110,3,4056.0,5,1,4055.8,8,2,4057.3,58,4,4057.4,39,4,4057.5,10,1,4057.6,45,3,4057.7,31,2
11483,2026-07-02 14:53:47+05:30,4057.1,10,4035.51,2041275,173779.0,156494.0,4100.0,4110.0,4012.0,4092.6,25745300,4501.8,3683.4,4440.0,3288.1,4057.0,12,2,4056.5,45,1,4056.2,110,3,4056.0,5,1,4055.8,8,2,4057.3,58,4,4057.4,39,4,4057.5,10,1,4057.6,45,3,4057.7,31,2
11483,2026-07-02 14:53:48+05:30,4057.1,10,4035.51,2041275,173778.0,156726.0,4100.0,4110.0,4012.0,4092.6,25745300,4501.8,3683.4,4440.0,3288.1,4057.0,13,3,4056.5,45,1,4056.2,110,3,4056.0,5,1,4055.9,6,1,4057.1,3,1,4057.3,14,2,4057.4,31,3,4057.6,35,2,4057.7,44,3
11483,2026-07-02 14:53:49+05:30,4057.1,10,4035.51,2041275,173751.0,156983.0,4100.0,4110.0,4012.0,4092.6,25745300,4501.8,3683.4,4440.0,3288.1,4057.0,13,3,4056.5,45,1,4056.2,110,3,4055.8,2,1,4055.7,2,1,4057.1,92,7,4057.2,5,1,4057.3,52,3,4057.4,31,3,4057.6,35,2
11483,2026-07-02 14:53:50+05:30,4057.0,1,4035.51,2041289,173721.0,156993.0,4100.0,4110.0,4012.0,4092.6,25745300,4501.8,3683.4,4440.0,3288.1,4057.0,13,4,4056.5,45,1,4056.2,110,3,4055.8,2,1,4055.7,2,1,4057.1,61,5,4057.2,24,1,4057.3,52,3,4057.4,29,2,4057.6,35,2
11483,2026-07-02 14:53:50+05:30,4057.1,10,4035.51,2041289,173721.0,156993.0,4100.0,4110.0,4012.0,4092.6,25745300,4501.8,3683.4,4440.0,3288.1,4057.0,13,4,4056.5,45,1,4056.2,110,3,4055.8,2,1,4055.7,2,1,4057.1,61,5,4057.2,24,1,4057.3,52,3,4057.4,29,2,4057.6,35,2
11483,2026-07-02 14:53:51+05:30,4057.1,5,4035.51,2041304,173763.0,156938.0,4100.0,4110.0,4012.0,4092.6,25745300,4501.8,3683.4,4440.0,3288.1,4057.0,13,4,4056.5,45,1,4056.2,110,3,4055.8,2,1,4055.7,2,1,4057.1,46,5,4057.2,24,1,4057.3,52,3,4057.4,29,2,4057.6,35,2
11483,2026-07-02 14:53:51+05:30,4057.1,5,4035.51,2041304,173763.0,156938.0,4100.0,4110.0,4012.0,4092.6,25745300,4501.8,3683.4,4440.0,3288.1,4057.0,13,4,4056.5,45,1,4056.2,110,3,4055.8,2,1,4055.7,2,1,4057.1,46,5,4057.2,24,1,4057.3,52,3,4057.4,29,2,4057.6,35,2
11483,2026-07-02 14:53:52+05:30,4057.0,1,4035.51,2041311,173575.0,156989.0,4100.0,4110.0,4012.0,4092.6,25745300,4501.8,3683.4,4440.0,3288.1,4057.0,8,6,4056.5,45,1,4056.2,105,2,4055.8,2,1,4055.6,80,4,4057.1,57,5,4057.2,24,1,4057.3,38,2,4057.4,29,2,4057.6,35,2
11483,2026-07-02 14:53:52+05:30,4057.0,2,4035.51,2041311,173575.0,156989.0,4100.0,4110.0,4012.0,4092.6,25745300,4501.8,3683.4,4440.0,3288.1,4057.0,8,6,4056.5,45,1,4056.2,105,2,4055.8,2,1,4055.6,80,4,4057.1,57,5,4057.2,24,1,4057.3,38,2,4057.4,29,2,4057.6,35,2
11483,2026-07-02 14:53:53+05:30,4057.0,11,4035.51,2041330,173559.0,157256.0,4100.0,4110.0,4012.0,4092.6,25745300,4501.8,3683.4,4440.0,3288.1,4057.0,12,2,4056.5,47,2,4056.2,105,2,4055.8,2,1,4055.7,43,1,4057.1,45,4,4057.2,24,1,4057.3,43,2,4057.4,39,3,4057.6,35,2
11483,2026-07-02 14:53:53+05:30,4057.0,2,4035.51,2041330,173559.0,157256.0,4100.0,4110.0,4012.0,4092.6,25745300,4501.8,3683.4,4440.0,3288.1,4057.0,12,2,4056.5,47,2,4056.2,105,2,4055.8,2,1,4055.7,43,1,4057.1,45,4,4057.2,24,1,4057.3,43,2,4057.4,39,3,4057.6,35,2
11483,2026-07-02 14:53:54+05:30,4056.5,2,4035.52,2041527,173073.0,157953.0,4100.0,4110.0,4012.0,4092.6,25745300,4501.8,3683.4,4440.0,3288.1,4056.2,105,2,4055.5,38,1,4055.3,1,1,4055.1,5,1,4055.0,449,10,4056.6,114,5,4056.7,51,4,4056.8,54,3,4056.9,41,3,4057.0,47,3
11483,2026-07-02 14:53:54+05:30,4056.6,2,4035.52,2041527,173073.0,157953.0,4100.0,4110.0,4012.0,4092.6,25745300,4501.8,3683.4,4440.0,3288.1,4056.2,105,2,4055.5,38,1,4055.3,1,1,4055.1,5,1,4055.0,449,10,4056.6,114,5,4056.7,51,4,4056.8,54,3,4056.9,41,3,4057.0,47,3
11483,2026-07-02 14:53:55+05:30,4056.6,24,4035.52,2041609,173264.0,158482.0,4100.0,4110.0,4012.0,4092.6,25745300,4501.8,3683.4,4440.0,3288.1,4056.2,121,3,4055.6,2,1,4055.5,38,1,4055.3,1,1,4055.0,491,11,4056.6,28,1,4056.7,34,2,4056.8,22,1,4056.9,31,2,4057.0,523,3
11483,2026-07-02 14:53:55+05:30,4056.6,24,4035.52,2041609,173264.0,158482.0,4100.0,4110.0,4012.0,4092.6,25745300,4501.8,3683.4,4440.0,3288.1,4056.2,121,3,4055.6,2,1,4055.5,38,1,4055.3,1,1,4055.0,491,11,4056.6,28,1,4056.7,34,2,4056.8,22,1,4056.9,31,2,4057.0,523,3
11483,2026-07-02 14:53:56+05:30,4056.6,24,4035.52,2041609,173228.0,158780.0,4100.0,4110.0,4012.0,4092.6,25745300,4501.8,3683.4,4440.0,3288.1,4056.2,121,3,4055.6,2,1,4055.5,38,1,4055.3,1,1,4055.0,449,10,4056.6,59,3,4056.8,22,1,4056.9,31,2,4057.0,523,3,4057.1,61,4
11483,2026-07-02 14:53:56+05:30,4056.9,19,4035.52,2041609,173228.0,158780.0,4100.0,4110.0,4012.0,4092.6,25745300,4501.8,3683.4,4440.0,3288.1,4056.2,121,3,4055.6,2,1,4055.5,38,1,4055.3,1,1,4055.0,449,10,4056.6,59,3,4056.8,22,1,4056.9,31,2,4057.0,523,3,4057.1,61,4
11483,2026-07-02 14:53:57+05:30,4056.8,1,4035.52,2041717,173128.0,158722.0,4100.0,4110.0,4012.0,4092.6,25745300,4501.8,3683.4,4440.0,3288.1,4056.2,27,3,4055.5,38,1,4055.2,2,1,4055.0,470,11,4054.8,68,4,4056.5,28,1,4056.6,90,4,4056.7,36,3,4056.8,91,3,4056.9,30,3
11483,2026-07-02 14:53:57+05:30,4056.8,1,4035.52,2041717,173128.0,158722.0,4100.0,4110.0,4012.0,4092.6,25745300,4501.8,3683.4,4440.0,3288.1,4056.2,27,3,4055.5,38,1,4055.2,2,1,4055.0,470,11,4054.8,68,4,4056.5,28,1,4056.6,90,4,4056.7,36,3,4056.8,91,3,4056.9,30,3
11483,2026-07-02 14:53:58+05:30,4056.5,1,4035.52,2041718,173175.0,158749.0,4100.0,4110.0,4012.0,4092.6,25745300,4501.8,3683.4,4440.0,3288.1,4056.2,27,3,4056.1,2,1,4055.5,38,1,4055.2,2,1,4055.1,50,1,4056.5,27,1,4056.6,40,2,4056.7,37,4,4056.8,79,3,4056.9,96,5
11483,2026-07-02 14:53:58+05:30,4056.5,1,4035.52,2041718,173175.0,158749.0,4100.0,4110.0,4012.0,4092.6,25745300,4501.8,3683.4,4440.0,3288.1,4056.2,27,3,4056.1,2,1,4055.5,38,1,4055.2,2,1,4055.1,50,1,4056.5,27,1,4056.6,40,2,4056.7,37,4,4056.8,79,3,4056.9,96,5
11483,2026-07-02 14:53:59+05:30,4056.2,1,4035.52,2041726,173352.0,158741.0,4100.0,4110.0,4012.0,4092.6,25745300,4501.8,3683.4,4440.0,3288.1,4056.2,26,3,4056.1,2,1,4055.8,12,1,4055.5,38,1,4055.2,26,2,4056.7,1,1,4056.8,12,1,4056.9,18,1,4057.0,643,4,4057.1,3,1
11483,2026-07-02 14:53:59+05:30,4056.2,1,4035.52,2041726,173352.0,158741.0,4100.0,4110.0,4012.0,4092.6,25745300,4501.8,3683.4,4440.0,3288.1,4056.2,26,3,4056.1,2,1,4055.8,12,1,4055.5,38,1,4055.2,26,2,4056.7,1,1,4056.8,12,1,4056.9,18,1,4057.0,643,4,4057.1,3,1
11483,2026-07-02 14:54:00+05:30,4056.2,1,4035.52,2041727,173393.0,158785.0,4100.0,4110.0,4012.0,4092.6,25745300,4501.8,3683.4,4440.0,3288.1,4056.5,1,1,4056.3,20,3,4056.2,3,1,4055.8,12,1,4055.5,63,3,4056.7,1,1,4056.8,14,2,4056.9,18,1,4057.0,643,4,4057.1,3,1
11483,2026-07-02 14:54:00+05:30,4056.7,3,4035.52,2041727,173393.0,158785.0,4100.0,4110.0,4012.0,4092.6,25745300,4501.8,3683.4,4440.0,3288.1,4056.5,1,1,4056.3,20,3,4056.2,3,1,4055.8,12,1,4055.5,63,3,4056.7,1,1,4056.8,14,2,4056.9,18,1,4057.0,643,4,4057.1,3,1
11483,2026-07-02 14:54:01+05:30,4056.8,3,4035.52,2041736,173388.0,158671.0,4100.0,4110.0,4012.0,4092.6,25745300,4501.8,3683.4,4440.0,3288.1,4056.7,1,1,4056.5,6,2,4056.3,20,3,4056.2,3,1,4056.1,24,1,4056.8,8,2,4057.0,630,3,4057.3,51,2,4057.4,37,2,4057.5,33,2
11483,2026-07-02 14:54:01+05:30,4056.7,1,4035.52,2041736,173388.0,158671.0,4100.0,4110.0,4012.0,4092.6,25745300,4501.8,3683.4,4440.0,3288.1,4056.7,1,1,4056.5,6,2,4056.3,20,3,4056.2,3,1,4056.1,24,1,4056.8,8,2,4057.0,630,3,4057.3,51,2,4057.4,37,2,4057.5,33,2
11483,2026-07-02 14:54:02+05:30,4056.7,1,4035.52,2041787,173354.0,158873.0,4100.0,4110.0,4012.0,4092.6,25745300,4501.8,3683.4,4440.0,3288.1,4056.7,22,4,4056.5,6,2,4056.2,16,2,4056.0,17,1,4055.9,19,1,4056.8,4,2,4057.0,630,3,4057.1,16,1,4057.3,51,2,4057.4,37,2
11483,2026-07-02 14:54:02+05:30,4056.8,4,4035.52,2041787,173354.0,158873.0,4100.0,4110.0,4012.0,4092.6,25745300,4501.8,3683.4,4440.0,3288.1,4056.7,22,4,4056.5,6,2,4056.2,16,2,4056.0,17,1,4055.9,19,1,4056.8,4,2,4057.0,630,3,4057.1,16,1,4057.3,51,2,4057.4,37,2
11483,2026-07-02 14:54:03+05:30,4056.8,5,4035.52,2041944,173417.0,158651.0,4100.0,4110.0,4012.0,4092.6,25745300,4501.8,3683.4,4440.0,3288.1,4056.7,4,1,4056.2,3,1,4056.1,24,1,4055.8,36,2,4055.7,57,2,4056.8,8,1,4057.0,665,4,4057.3,51,2,4057.4,19,1,4057.5,20,1
11483,2026-07-02 14:54:03+05:30,4056.7,5,4035.52,2041944,173417.0,158651.0,4100.0,4110.0,4012.0,4092.6,25745300,4501.8,3683.4,4440.0,3288.1,4056.7,4,1,4056.2,3,1,4056.1,24,1,4055.8,36,2,4055.7,57,2,4056.8,8,1,4057.0,665,4,4057.3,51,2,4057.4,19,1,4057.5,20,1
11483,2026-07-02 14:54:04+05:30,4055.9,1,4035.52,2042001,173513.0,157746.0,4100.0,4110.0,4012.0,4092.6,25745300,4501.8,3683.4,4440.0,3288.1,4055.9,99,5,4055.8,26,3,4055.7,57,2,4055.6,64,2,4055.5,73,4,4056.8,8,1,4057.0,630,3,4057.3,30,1,4057.5,12,1,4057.6,59,3
11483,2026-07-02 14:54:04+05:30,4057.9,100,4035.52,2042001,173513.0,157746.0,4100.0,4110.0,4012.0,4092.6,25745300,4501.8,3683.4,4440.0,3288.1,4055.9,99,5,4055.8,26,3,4055.7,57,2,4055.6,64,2,4055.5,73,4,4056.8,8,1,4057.0,630,3,4057.3,30,1,4057.5,12,1,4057.6,59,3
11483,2026-07-02 14:54:05+05:30,4058.2,1,4035.54,2044151,175172.0,154081.0,4100.0,4110.0,4012.0,4092.6,25745300,4501.8,3683.4,4440.0,3288.1,4058.0,72,4,4057.8,33,2,4057.7,1,1,4057.6,43,4,4057.5,41,3,4058.2,14,1,4058.3,260,1,4058.5,505,2,4058.8,2,2,4058.9,71,4
11483,2026-07-02 14:54:05+05:30,4058.2,1,4035.54,2044151,175172.0,154081.0,4100.0,4110.0,4012.0,4092.6,25745300,4501.8,3683.4,4440.0,3288.1,4058.0,72,4,4057.8,33,2,4057.7,1,1,4057.6,43,4,4057.5,41,3,4058.2,14,1,4058.3,260,1,4058.5,505,2,4058.8,2,2,4058.9,71,4
11483,2026-07-02 14:54:06+05:30,4057.9,26,4035.55,2044251,175696.0,154754.0,4100.0,4110.0,4012.0,4092.6,25745300,4501.8,3683.4,4440.0,3288.1,4057.8,62,3,4057.7,1,1,4057.6,59,4,4057.5,12,1,4057.4,30,2,4058.0,20,1,4058.2,14,1,4058.3,260,1,4058.5,505,2,4058.8,2,2
11483,2026-07-02 14:54:06+05:30,4058.0,20,4035.55,2044251,175696.0,154754.0,4100.0,4110.0,4012.0,4092.6,25745300,4501.8,3683.4,4440.0,3288.1,4057.8,62,3,4057.7,1,1,4057.6,59,4,4057.5,12,1,4057.4,30,2,4058.0,20,1,4058.2,14,1,4058.3,260,1,4058.5,505,2,4058.8,2,2
11483,2026-07-02 14:54:07+05:30,4058.0,20,4035.55,2044271,175670.0,154925.0,4100.0,4110.0,4012.0,4092.6,25745300,4501.8,3683.4,4440.0,3288.1,4058.0,69,5,4057.8,65,4,4057.6,59,4,4057.5,52,2,4057.4,30,2,4058.2,18,2,4058.3,260,1,4058.5,505,2,4058.8,2,2,4058.9,71,4
11483,2026-07-02 14:54:07+05:30,4058.2,6,4035.55,2044271,175670.0,154925.0,4100.0,4110.0,4012.0,4092.6,25745300,4501.8,3683.4,4440.0,3288.1,4058.0,69,5,4057.8,65,4,4057.6,59,4,4057.5,52,2,4057.4,30,2,4058.2,18,2,4058.3,260,1,4058.5,505,2,4058.8,2,2,4058.9,71,4
11483,2026-07-02 14:54:08+05:30,4058.0,32,4035.55,2044415,175714.0,154759.0,4100.0,4110.0,4012.0,4092.6,25745300,4501.8,3683.4,4440.0,3288.1,4058.0,32,4,4057.8,65,4,4057.6,69,5,4057.5,52,2,4057.4,30,2,4058.1,1,1,4058.2,2,1,4058.3,260,1,4058.5,505,2,4058.8,2,2
11483,2026-07-02 14:54:08+05:30,4058.0,32,4035.55,2044415,175714.0,154759.0,4100.0,4110.0,4012.0,4092.6,25745300,4501.8,3683.4,4440.0,3288.1,4058.0,32,4,4057.8,65,4,4057.6,69,5,4057.5,52,2,4057.4,30,2,4058.1,1,1,4058.2,2,1,4058.3,260,1,4058.5,505,2,4058.8,2,2
11483,2026-07-02 14:54:09+05:30,4058.2,1,4035.55,2044417,175811.0,154806.0,4100.0,4110.0,4012.0,4092.6,25745300,4501.8,3683.4,4440.0,3288.1,4058.0,37,4,4057.8,65,4,4057.6,69,5,4057.5,40,1,4057.4,30,2,4058.2,1,1,4058.3,260,1,4058.5,505,2,4058.8,52,3,4058.9,71,4
11483,2026-07-02 14:54:09+05:30,4058.3,161,4035.55,2044417,175811.0,154806.0,4100.0,4110.0,4012.0,4092.6,25745300,4501.8,3683.4,4440.0,3288.1,4058.0,37,4,4057.8,65,4,4057.6,69,5,4057.5,40,1,4057.4,30,2,4058.2,1,1,4058.3,260,1,4058.5,505,2,4058.8,52,3,4058.9,71,4
11483,2026-07-02 14:54:10+05:30,4058.8,1,4035.56,2045185,176213.0,152951.0,4100.0,4110.0,4012.0,4092.6,25745300,4501.8,3683.4,4440.0,3288.1,4058.7,16,1,4058.6,62,4,4058.5,32,3,4058.4,24,1,4058.3,45,4,4058.9,71,4,4059.0,1471,35,4059.4,64,3,4059.5,236,3,4059.6,13,2
11483,2026-07-02 14:54:10+05:30,4058.9,26,4035.56,2045185,176213.0,152951.0,4100.0,4110.0,4012.0,4092.6,25745300,4501.8,3683.4,4440.0,3288.1,4058.7,16,1,4058.6,62,4,4058.5,32,3,4058.4,24,1,4058.3,45,4,4058.9,71,4,4059.0,1471,35,4059.4,64,3,4059.5,236,3,4059.6,13,2
11483,2026-07-02 14:54:11+05:30,4058.9,26,4035.56,2045266,175576.0,153597.0,4100.0,4110.0,4012.0,4092.6,25745300,4501.8,3683.4,4440.0,3288.1,4058.8,42,1,4058.7,46,2,4058.6,82,3,4058.5,6,1,4058.4,66,2,4058.9,16,1,4059.0,1471,35,4059.4,64,3,4059.5,236,3,4059.6,13,2
11483,2026-07-02 14:54:11+05:30,4059.1,1,4035.56,2045266,175576.0,153597.0,4100.0,4110.0,4012.0,4092.6,25745300,4501.8,3683.4,4440.0,3288.1,4058.8,42,1,4058.7,46,2,4058.6,82,3,4058.5,6,1,4058.4,66,2,4058.9,16,1,4059.0,1471,35,4059.4,64,3,4059.5,236,3,4059.6,13,2
11483,2026-07-02 14:54:12+05:30,4059.1,1,4035.57,2046764,175704.0,152099.0,4100.0,4110.0,4012.0,4092.6,25745300,4501.8,3683.4,4440.0,3288.1,4059.3,81,1,4059.2,42,1,4059.1,68,2,4059.0,42,1,4058.8,57,2,4059.4,64,3,4059.5,236,3,4059.6,1,1,4059.8,11,2,4059.9,319,16
11483,2026-07-02 14:54:13+05:30,4059.2,17,4035.58,2046879,175053.0,152417.0,4100.0,4110.0,4012.0,4092.6,25745300,4501.8,3683.4,4440.0,3288.1,4059.2,50,2,4059.1,68,2,4058.9,42,1,4058.8,15,1,4058.5,19,1,4059.4,8,1,4059.5,236,3,4059.6,1,1,4059.8,55,3,4059.9,319,16
11483,2026-07-02 14:54:13+05:30,4059.2,15,4035.58,2046879,175053.0,152417.0,4100.0,4110.0,4012.0,4092.6,25745300,4501.8,3683.4,4440.0,3288.1,4059.2,50,2,4059.1,68,2,4058.9,42,1,4058.8,15,1,4058.5,19,1,4059.4,8,1,4059.5,236,3,4059.6,1,1,4059.8,55,3,4059.9,319,16
11483,2026-07-02 14:54:14+05:30,4059.4,54,4035.58,2047049,174926.0,152788.0,4100.0,4110.0,4012.0,4092.6,25745300,4501.8,3683.4,4440.0,3288.1,4059.2,11,2,4059.1,54,2,4058.9,42,1,4058.8,15,1,4058.5,19,1,4059.5,286,4,4059.6,1,1,4059.8,55,3,4059.9,319,16,4060.0,2647,107
11483,2026-07-02 14:54:14+05:30,4059.4,81,4035.58,2047049,174926.0,152788.0,4100.0,4110.0,4012.0,4092.6,25745300,4501.8,3683.4,4440.0,3288.1,4059.2,11,2,4059.1,54,2,4058.9,42,1,4058.8,15,1,4058.5,19,1,4059.5,286,4,4059.6,1,1,4059.8,55,3,4059.9,319,16,4060.0,2647,107
11483,2026-07-02 14:54:14+05:30,4059.4,5,4035.58,2047135,175018.0,153029.0,4100.0,4110.0,4012.0,4092.6,25745300,4501.8,3683.4,4440.0,3288.1,4059.4,76,1,4059.2,13,3,4059.1,54,2,4058.9,42,1,4058.8,15,1,4059.5,236,3,4059.6,1,1,4059.8,55,3,4059.9,319,16,4060.0,2655,108
11483,2026-07-02 14:54:15+05:30,4059.5,76,4035.58,2047135,175018.0,153029.0,4100.0,4110.0,4012.0,4092.6,25745300,4501.8,3683.4,4440.0,3288.1,4059.4,76,1,4059.2,13,3,4059.1,54,2,4058.9,42,1,4058.8,15,1,4059.5,236,3,4059.6,1,1,4059.8,55,3,4059.9,319,16,4060.0,2655,108
11483,2026-07-02 14:54:15+05:30,4059.5,3,4035.58,2047222,175759.0,152908.0,4100.0,4110.0,4012.0,4092.6,25745300,4501.8,3683.4,4440.0,3288.1,4059.4,75,3,4059.3,42,1,4059.2,87,6,4059.1,12,1,4059.0,42,1,4059.5,154,3,4059.6,3,2,4059.8,11,2,4059.9,319,16,4060.0,2655,108
11483,2026-07-02 14:54:16+05:30,4059.5,3,4035.58,2047222,175759.0,152908.0,4100.0,4110.0,4012.0,4092.6,25745300,4501.8,3683.4,4440.0,3288.1,4059.4,75,3,4059.3,42,1,4059.2,87,6,4059.1,12,1,4059.0,42,1,4059.5,154,3,4059.6,3,2,4059.8,11,2,4059.9,319,16,4060.0,2655,108
11483,2026-07-02 14:54:16+05:30,4059.9,71,4035.58,2047482,175865.0,152540.0,4100.0,4110.0,4012.0,4092.6,25745300,4501.8,3683.4,4440.0,3288.1,4059.4,111,6,4059.3,42,1,4059.2,69,3,4059.1,12,1,4059.0,42,1,4059.9,228,11,4060.0,2655,108,4060.1,16,1,4060.4,80,2,4060.5,758,5
11483,2026-07-02 14:54:17+05:30,4059.4,1,4035.58,2047482,175865.0,152540.0,4100.0,4110.0,4012.0,4092.6,25745300,4501.8,3683.4,4440.0,3288.1,4059.4,111,6,4059.3,42,1,4059.2,69,3,4059.1,12,1,4059.0,42,1,4059.9,228,11,4060.0,2655,108,4060.1,16,1,4060.4,80,2,4060.5,758,5
11483,2026-07-02 14:54:18+05:30,4059.9,1,4035.58,2047513,175550.0,152675.0,4100.0,4110.0,4012.0,4092.6,25745300,4501.8,3683.4,4440.0,3288.1,4059.4,68,5,4059.2,1,1,4059.1,12,1,4058.6,9,1,4058.5,21,1,4059.9,198,10,4060.0,2655,108,4060.1,48,2,4060.3,24,1,4060.4,80,2
11483,2026-07-02 14:54:18+05:30,4059.4,3,4035.58,2047513,175550.0,152675.0,4100.0,4110.0,4012.0,4092.6,25745300,4501.8,3683.4,4440.0,3288.1,4059.4,68,5,4059.2,1,1,4059.1,12,1,4058.6,9,1,4058.5,21,1,4059.9,198,10,4060.0,2655,108,4060.1,48,2,4060.3,24,1,4060.4,80,2
11483,2026-07-02 14:54:19+05:30,4059.4,3,4035.58,2047584,174974.0,152906.0,4100.0,4110.0,4012.0,4092.6,25745300,4501.8,3683.4,4440.0,3288.1,4059.4,70,5,4059.2,1,1,4059.1,12,1,4058.4,1,1,4058.1,110,2,4059.5,65,1,4059.7,82,4,4059.8,130,4,4059.9,211,12,4060.0,2736,111
11483,2026-07-02 14:54:19+05:30,4059.4,4,4035.58,2047658,175053.0,152993.0,4100.0,4110.0,4012.0,4092.6,25745300,4501.8,3683.4,4440.0,3288.1,4059.4,70,5,4059.2,1,1,4059.1,12,1,4058.4,1,1,4058.1,85,1,4059.5,215,6,4059.6,42,1,4059.7,58,3,4059.8,154,5,4059.9,211,12
11483,2026-07-02 14:54:20+05:30,4059.4,1,4035.58,2047658,175053.0,152993.0,4100.0,4110.0,4012.0,4092.6,25745300,4501.8,3683.4,4440.0,3288.1,4059.4,70,5,4059.2,1,1,4059.1,12,1,4058.4,1,1,4058.1,85,1,4059.5,215,6,4059.6,42,1,4059.7,58,3,4059.8,154,5,4059.9,211,12
11483,2026-07-02 14:54:21+05:30,4059.4,1,4035.58,2047659,175204.0,152981.0,4100.0,4110.0,4012.0,4092.6,25745300,4501.8,3683.4,4440.0,3288.1,4059.4,125,7,4059.2,1,1,4059.1,12,1,4058.4,1,1,4058.1,85,1,4059.5,193,6,4059.6,66,2,4059.7,58,3,4059.8,126,4,4059.9,211,12
11483,2026-07-02 14:54:21+05:30,4059.4,22,4035.58,2047659,175204.0,152981.0,4100.0,4110.0,4012.0,4092.6,25745300,4501.8,3683.4,4440.0,3288.1,4059.4,125,7,4059.2,1,1,4059.1,12,1,4058.4,1,1,4058.1,85,1,4059.5,193,6,4059.6,66,2,4059.7,58,3,4059.8,126,4,4059.9,211,12
11483,2026-07-02 14:54:21+05:30,4059.4,22,4035.58,2047681,175056.0,153018.0,4100.0,4110.0,4012.0,4092.6,25745300,4501.8,3683.4,4440.0,3288.1,4059.4,103,7,4059.2,1,1,4059.1,12,1,4058.4,1,1,4058.1,85,1,4059.5,217,7,4059.6,84,2,4059.7,58,3,4059.8,126,4,4059.9,211,12
11483,2026-07-02 14:54:22+05:30,4059.4,14,4035.59,2048242,174898.0,153325.0,4100.0,4110.0,4012.0,4092.6,25745300,4501.8,3683.4,4440.0,3288.1,4059.2,1,1,4059.1,12,1,4058.4,1,1,4058.1,85,1,4057.8,3,1,4059.4,106,4,4059.5,225,7,4059.6,66,2,4059.7,58,3,4059.8,126,4
11483,2026-07-02 14:54:23+05:30,4059.3,33,4035.59,2048242,174898.0,153325.0,4100.0,4110.0,4012.0,4092.6,25745300,4501.8,3683.4,4440.0,3288.1,4059.2,1,1,4059.1,12,1,4058.4,1,1,4058.1,85,1,4057.8,3,1,4059.4,106,4,4059.5,225,7,4059.6,66,2,4059.7,58,3,4059.8,126,4
11483,2026-07-02 14:54:24+05:30,4059.3,3,4035.6,2049069,174635.0,152980.0,4100.0,4110.0,4012.0,4092.6,25745300,4501.8,3683.4,4440.0,3288.1,4058.2,37,2,4058.1,101,2,4057.8,3,1,4057.3,109,3,4057.2,10,3,4059.3,115,6,4059.4,36,4,4059.5,94,4,4059.6,87,5,4059.7,55,4
11483,2026-07-02 14:54:24+05:30,4058.6,2,4035.6,2049069,174635.0,152980.0,4100.0,4110.0,4012.0,4092.6,25745300,4501.8,3683.4,4440.0,3288.1,4058.2,37,2,4058.1,101,2,4057.8,3,1,4057.3,109,3,4057.2,10,3,4059.3,115,6,4059.4,36,4,4059.5,94,4,4059.6,87,5,4059.7,55,4
11483,2026-07-02 14:54:25+05:30,4058.6,2,4035.6,2049074,174642.0,154195.0,4100.0,4110.0,4012.0,4092.6,25745300,4501.8,3683.4,4440.0,3288.1,4058.2,104,1,4058.1,85,1,4057.8,3,1,4057.3,71,2,4057.2,11,4,4058.6,40,1,4058.7,42,1,4058.8,57,2,4058.9,42,2,4059.0,42,1
11483,2026-07-02 14:54:25+05:30,4058.4,20,4035.6,2049074,174642.0,154195.0,4100.0,4110.0,4012.0,4092.6,25745300,4501.8,3683.4,4440.0,3288.1,4058.2,104,1,4058.1,85,1,4057.8,3,1,4057.3,71,2,4057.2,11,4,4058.6,40,1,4058.7,42,1,4058.8,57,2,4058.9,42,2,4059.0,42,1
11483,2026-07-02 14:54:26+05:30,4058.2,6,4035.6,2049115,174459.0,154462.0,4100.0,4110.0,4012.0,4092.6,25745300,4501.8,3683.4,4440.0,3288.1,4058.2,98,1,4058.1,85,1,4057.8,3,1,4057.3,77,3,4057.2,5,3,4058.5,27,1,4058.6,117,4,4058.8,57,2,4058.9,42,2,4059.1,48,2
11483,2026-07-02 14:54:26+05:30,4058.4,7,4035.6,2049115,174459.0,154462.0,4100.0,4110.0,4012.0,4092.6,25745300,4501.8,3683.4,4440.0,3288.1,4058.2,98,1,4058.1,85,1,4057.8,3,1,4057.3,77,3,4057.2,5,3,4058.5,27,1,4058.6,117,4,4058.8,57,2,4058.9,42,2,4059.1,48,2
11483,2026-07-02 14:54:27+05:30,4058.5,1,4035.6,2049130,174393.0,154784.0,4100.0,4110.0,4012.0,4092.6,25745300,4501.8,3683.4,4440.0,3288.1,4058.2,93,1,4058.1,85,1,4057.8,3,1,4057.3,21,1,4057.2,3,2,4058.5,24,1,4058.6,141,5,4058.8,81,3,4058.9,19,2,4059.0,25,2
11483,2026-07-02 14:54:27+05:30,4058.2,1,4035.6,2049130,174393.0,154784.0,4100.0,4110.0,4012.0,4092.6,25745300,4501.8,3683.4,4440.0,3288.1,4058.2,93,1,4058.1,85,1,4057.8,3,1,4057.3,21,1,4057.2,3,2,4058.5,24,1,4058.6,141,5,4058.8,81,3,4058.9,19,2,4059.0,25,2
11483,2026-07-02 14:54:28+05:30,4058.2,1,4035.6,2049131,174403.0,154747.0,4100.0,4110.0,4012.0,4092.6,25745300,4501.8,3683.4,4440.0,3288.1,4058.3,103,1,4058.2,5,1,4058.1,85,1,4057.8,3,1,4057.3,71,2,4058.5,4,1,4058.6,63,2,4058.8,39,2,4058.9,61,3,4059.0,43,3
11483,2026-07-02 14:54:28+05:30,4058.6,4,4035.6,2049131,174403.0,154747.0,4100.0,4110.0,4012.0,4092.6,25745300,4501.8,3683.4,4440.0,3288.1,4058.3,103,1,4058.2,5,1,4058.1,85,1,4057.8,3,1,4057.3,71,2,4058.5,4,1,4058.6,63,2,4058.8,39,2,4058.9,61,3,4059.0,43,3
11483,2026-07-02 14:54:28+05:30,4058.6,20,4035.6,2049179,174444.0,154570.0,4100.0,4110.0,4012.0,4092.6,25745300,4501.8,3683.4,4440.0,3288.1,4058.3,103,1,4058.2,5,1,4058.1,85,1,4057.8,3,1,4057.3,112,3,4058.8,99,5,4058.9,19,2,4059.0,74,5,4059.1,1,1,4059.2,53,3
11483,2026-07-02 14:54:29+05:30,4058.6,20,4035.6,2049179,174444.0,154570.0,4100.0,4110.0,4012.0,4092.6,25745300,4501.8,3683.4,4440.0,3288.1,4058.3,103,1,4058.2,5,1,4058.1,85,1,4057.8,3,1,4057.3,112,3,4058.8,99,5,4058.9,19,2,4059.0,74,5,4059.1,1,1,4059.2,53,3
11483,2026-07-02 14:54:29+05:30,4058.6,20,4035.6,2049179,174404.0,154638.0,4100.0,4110.0,4012.0,4092.6,25745300,4501.8,3683.4,4440.0,3288.1,4058.3,103,1,4058.2,5,1,4057.8,3,1,4057.3,62,2,4057.2,1,1,4058.8,62,3,4058.9,19,2,4059.0,74,5,4059.1,1,1,4059.2,77,4
11483,2026-07-02 14:54:30+05:30,4058.8,38,4035.6,2049179,174404.0,154638.0,4100.0,4110.0,4012.0,4092.6,25745300,4501.8,3683.4,4440.0,3288.1,4058.3,103,1,4058.2,5,1,4057.8,3,1,4057.3,62,2,4057.2,1,1,4058.8,62,3,4058.9,19,2,4059.0,74,5,4059.1,1,1,4059.2,77,4
11483,2026-07-02 14:54:31+05:30,4058.8,3,4035.6,2049222,174848.0,154752.0,4100.0,4110.0,4012.0,4092.6,25745300,4501.8,3683.4,4440.0,3288.1,4058.3,108,2,4058.2,5,1,4058.1,15,1,4057.9,30,2,4057.8,3,1,4058.8,3,1,4058.9,3,1,4059.0,13,2,4059.1,1,1,4059.2,1,1
11483,2026-07-02 14:54:31+05:30,4058.3,69,4035.6,2049222,174848.0,154752.0,4100.0,4110.0,4012.0,4092.6,25745300,4501.8,3683.4,4440.0,3288.1,4058.3,108,2,4058.2,5,1,4058.1,15,1,4057.9,30,2,4057.8,3,1,4058.8,3,1,4058.9,3,1,4059.0,13,2,4059.1,1,1,4059.2,1,1
11483,2026-07-02 14:54:31+05:30,4058.3,69,4035.6,2049410,174736.0,154849.0,4100.0,4110.0,4012.0,4092.6,25745300,4501.8,3683.4,4440.0,3288.1,4058.3,39,2,4058.2,5,1,4058.0,24,1,4057.9,49,2,4057.8,27,2,4058.8,2,1,4058.9,3,1,4059.0,13,2,4059.1,1,1,4059.2,1,1
11483,2026-07-02 14:54:32+05:30,4058.3,10,4035.6,2049410,174736.0,154849.0,4100.0,4110.0,4012.0,4092.6,25745300,4501.8,3683.4,4440.0,3288.1,4058.3,39,2,4058.2,5,1,4058.0,24,1,4057.9,49,2,4057.8,27,2,4058.8,2,1,4058.9,3,1,4059.0,13,2,4059.1,1,1,4059.2,1,1
11483,2026-07-02 14:54:32+05:30,4058.3,10,4035.6,2049422,174750.0,154932.0,4100.0,4110.0,4012.0,4092.6,25745300,4501.8,3683.4,4440.0,3288.1,4058.3,29,2,4058.2,5,1,4057.9,99,3,4057.8,3,1,4057.7,24,1,4058.6,18,1,4058.8,3,2,4058.9,3,1,4059.0,13,2,4059.1,1,1
11483,2026-07-02 14:54:33+05:30,4058.4,3,4035.6,2049422,174750.0,154932.0,4100.0,4110.0,4012.0,4092.6,25745300,4501.8,3683.4,4440.0,3288.1,4058.3,29,2,4058.2,5,1,4057.9,99,3,4057.8,3,1,4057.7,24,1,4058.6,18,1,4058.8,3,2,4058.9,3,1,4059.0,13,2,4059.1,1,1
11483,2026-07-02 14:54:33+05:30,4058.4,3,4035.6,2049426,174720.0,154869.0,4100.0,4110.0,4012.0,4092.6,25745300,4501.8,3683.4,4440.0,3288.1,4058.4,2,1,4058.3,24,1,4058.2,5,1,4057.8,3,1,4057.3,21,1,4058.6,45,3,4058.7,36,1,4058.8,14,3,4058.9,27,2,4059.0,44,4
11483,2026-07-02 14:54:34+05:30,4058.6,1,4035.6,2049426,174720.0,154869.0,4100.0,4110.0,4012.0,4092.6,25745300,4501.8,3683.4,4440.0,3288.1,4058.4,2,1,4058.3,24,1,4058.2,5,1,4057.8,3,1,4057.3,21,1,4058.6,45,3,4058.7,36,1,4058.8,14,3,4058.9,27,2,4059.0,44,4
11483,2026-07-02 14:54:34+05:30,4058.6,1,4035.61,2049496,175305.0,154562.0,4100.0,4110.0,4012.0,4092.6,25745300,4501.8,3683.4,4440.0,3288.1,4058.6,15,1,4058.4,490,2,4058.3,25,2,4058.2,5,1,4057.8,3,1,4058.8,2,1,4058.9,3,1,4059.0,27,2,4059.1,19,2,4059.2,25,2
11483,2026-07-02 14:54:35+05:30,4058.6,3,4035.61,2049496,175305.0,154562.0,4100.0,4110.0,4012.0,4092.6,25745300,4501.8,3683.4,4440.0,3288.1,4058.6,15,1,4058.4,490,2,4058.3,25,2,4058.2,5,1,4057.8,3,1,4058.8,2,1,4058.9,3,1,4059.0,27,2,4059.1,19,2,4059.2,25,2
11483,2026-07-02 14:54:35+05:30,4058.6,3,4035.61,2049501,175212.0,154730.0,4100.0,4110.0,4012.0,4092.6,25745300,4501.8,3683.4,4440.0,3288.1,4058.7,498,2,4058.6,20,2,4058.4,2,1,4058.3,25,2,4058.2,5,1,4058.8,3,2,4059.0,36,2,4059.2,25,2,4059.3,45,4,4059.4,84,8
11483,2026-07-02 14:54:36+05:30,4058.6,3,4035.61,2049501,175212.0,154730.0,4100.0,4110.0,4012.0,4092.6,25745300,4501.8,3683.4,4440.0,3288.1,4058.7,498,2,4058.6,20,2,4058.4,2,1,4058.3,25,2,4058.2,5,1,4058.8,3,2,4059.0,36,2,4059.2,25,2,4059.3,45,4,4059.4,84,8
11483,2026-07-02 14:54:36+05:30,4058.7,188,4035.61,2049501,175212.0,154730.0,4100.0,4110.0,4012.0,4092.6,25745300,4501.8,3683.4,4440.0,3288.1,4058.7,498,2,4058.6,20,2,4058.4,2,1,4058.3,25,2,4058.2,5,1,4058.8,3,2,4059.0,36,2,4059.2,25,2,4059.3,45,4,4059.4,84,8
11483,2026-07-02 14:54:36+05:30,4058.7,188,4035.61,2049699,175126.0,154399.0,4100.0,4110.0,4012.0,4092.6,25745300,4501.8,3683.4,4440.0,3288.1,4058.7,397,4,4058.6,23,3,4058.3,1,1,4058.2,5,1,4057.8,53,2,4058.8,3,2,4059.3,21,3,4059.4,84,8,4059.5,168,5,4059.6,38,3
11483,2026-07-02 14:54:37+05:30,4058.7,188,4035.61,2049699,175126.0,154399.0,4100.0,4110.0,4012.0,4092.6,25745300,4501.8,3683.4,4440.0,3288.1,4058.7,397,4,4058.6,23,3,4058.3,1,1,4058.2,5,1,4057.8,53,2,4058.8,3,2,4059.3,21,3,4059.4,84,8,4059.5,168,5,4059.6,38,3
11483,2026-07-02 14:54:37+05:30,4058.8,1,4035.61,2049699,175126.0,154399.0,4100.0,4110.0,4012.0,4092.6,25745300,4501.8,3683.4,4440.0,3288.1,4058.7,397,4,4058.6,23,3,4058.3,1,1,4058.2,5,1,4057.8,53,2,4058.8,3,2,4059.3,21,3,4059.4,84,8,4059.5,168,5,4059.6,38,3
11483,2026-07-02 14:54:37+05:30,4058.8,1,4035.61,2049699,175126.0,154399.0,4100.0,4110.0,4012.0,4092.6,25745300,4501.8,3683.4,4440.0,3288.1,4058.7,397,4,4058.6,23,3,4058.3,1,1,4058.2,5,1,4057.8,53,2,4058.8,3,2,4059.3,21,3,4059.4,84,8,4059.5,168,5,4059.6,38,3
11483,2026-07-02 14:54:37+05:30,4058.8,1,4035.61,2049752,175065.0,154319.0,4100.0,4110.0,4012.0,4092.6,25745300,4501.8,3683.4,4440.0,3288.1,4058.8,4,1,4058.7,349,5,4058.6,23,3,4058.3,1,1,4058.2,5,1,4059.3,29,2,4059.4,96,9,4059.5,121,4,4059.6,81,4,4059.7,93,4
11483,2026-07-02 14:54:38+05:30,4058.8,1,4035.61,2049752,175065.0,154319.0,4100.0,4110.0,4012.0,4092.6,25745300,4501.8,3683.4,4440.0,3288.1,4058.8,4,1,4058.7,349,5,4058.6,23,3,4058.3,1,1,4058.2,5,1,4059.3,29,2,4059.4,96,9,4059.5,121,4,4059.6,81,4,4059.7,93,4
11483,2026-07-02 14:54:38+05:30,4058.8,1,4035.61,2049752,175065.0,154319.0,4100.0,4110.0,4012.0,4092.6,25745300,4501.8,3683.4,4440.0,3288.1,4058.8,4,1,4058.7,349,5,4058.6,23,3,4058.3,1,1,4058.2,5,1,4059.3,29,2,4059.4,96,9,4059.5,121,4,4059.6,81,4,4059.7,93,4
11483,2026-07-02 14:54:38+05:30,4058.8,1,4035.61,2049752,175065.0,154319.0,4100.0,4110.0,4012.0,4092.6,25745300,4501.8,3683.4,4440.0,3288.1,4058.8,4,1,4058.7,349,5,4058.6,23,3,4058.3,1,1,4058.2,5,1,4059.3,29,2,4059.4,96,9,4059.5,121,4,4059.6,81,4,4059.7,93,4
11483,2026-07-02 14:54:38+05:30,4058.8,1,4035.61,2049758,175112.0,154200.0,4100.0,4110.0,4012.0,4092.6,25745300,4501.8,3683.4,4440.0,3288.1,4058.8,3,1,4058.7,349,5,4058.6,23,3,4058.3,1,1,4058.2,5,1,4059.2,31,1,4059.3,83,5,4059.4,96,9,4059.5,140,5,4059.6,47,4
11483,2026-07-02 14:54:39+05:30,4058.8,1,4035.61,2049758,175112.0,154200.0,4100.0,4110.0,4012.0,4092.6,25745300,4501.8,3683.4,4440.0,3288.1,4058.8,3,1,4058.7,349,5,4058.6,23,3,4058.3,1,1,4058.2,5,1,4059.2,31,1,4059.3,83,5,4059.4,96,9,4059.5,140,5,4059.6,47,4
11483,2026-07-02 14:54:39+05:30,4059.3,5,4035.61,2049758,175112.0,154200.0,4100.0,4110.0,4012.0,4092.6,25745300,4501.8,3683.4,4440.0,3288.1,4058.8,3,1,4058.7,349,5,4058.6,23,3,4058.3,1,1,4058.2,5,1,4059.2,31,1,4059.3,83,5,4059.4,96,9,4059.5,140,5,4059.6,47,4
11483,2026-07-02 14:54:39+05:30,4059.4,1,4035.61,2049778,175785.0,153665.0,4100.0,4110.0,4012.0,4092.6,25745300,4501.8,3683.4,4440.0,3288.1,4059.3,14,1,4059.2,8,1,4058.8,343,5,4058.7,29,3,4058.6,10,1,4059.4,80,8,4059.5,80,2,4059.7,50,1,4059.9,355,13,4060.0,2808,114
11483,2026-07-02 14:54:40+05:30,4059.4,1,4035.61,2049778,175785.0,153665.0,4100.0,4110.0,4012.0,4092.6,25745300,4501.8,3683.4,4440.0,3288.1,4059.3,14,1,4059.2,8,1,4058.8,343,5,4058.7,29,3,4058.6,10,1,4059.4,80,8,4059.5,80,2,4059.7,50,1,4059.9,355,13,4060.0,2808,114
11483,2026-07-02 14:54:40+05:30,4059.3,1,4035.61,2049778,175785.0,153665.0,4100.0,4110.0,4012.0,4092.6,25745300,4501.8,3683.4,4440.0,3288.1,4059.3,14,1,4059.2,8,1,4058.8,343,5,4058.7,29,3,4058.6,10,1,4059.4,80,8,4059.5,80,2,4059.7,50,1,4059.9,355,13,4060.0,2808,114
11483,2026-07-02 14:54:40+05:30,4059.3,1,4035.61,2049778,175785.0,153665.0,4100.0,4110.0,4012.0,4092.6,25745300,4501.8,3683.4,4440.0,3288.1,4059.3,14,1,4059.2,8,1,4058.8,343,5,4058.7,29,3,4058.6,10,1,4059.4,80,8,4059.5,80,2,4059.7,50,1,4059.9,355,13,4060.0,2808,114
11483,2026-07-02 14:54:41+05:30,4062.4,46,4035.68,2055919,176098.0,145431.0,4100.0,4110.0,4012.0,4092.6,25745300,4501.8,3683.4,4440.0,3288.1,4062.3,246,1,4062.2,7,1,4062.0,10,1,4061.4,16,2,4061.3,43,2,4062.8,30,1,4063.0,41,7,4063.1,15,1,4063.2,13,2,4063.4,91,2
11483,2026-07-02 14:54:41+05:30,4062.4,46,4035.68,2055919,176098.0,145431.0,4100.0,4110.0,4012.0,4092.6,25736900,4501.8,3683.4,4440.0,3288.1,4062.3,246,1,4062.2,7,1,4062.0,10,1,4061.4,16,2,4061.3,43,2,4062.8,30,1,4063.0,41,7,4063.1,15,1,4063.2,13,2,4063.4,91,2
11483,2026-07-02 14:54:41+05:30,4063.1,13,4035.68,2055919,176098.0,145431.0,4100.0,4110.0,4012.0,4092.6,25736900,4501.8,3683.4,4440.0,3288.1,4062.3,246,1,4062.2,7,1,4062.0,10,1,4061.4,16,2,4061.3,43,2,4062.8,30,1,4063.0,41,7,4063.1,15,1,4063.2,13,2,4063.4,91,2
11483,2026-07-02 14:54:41+05:30,4063.1,13,4035.68,2055919,176098.0,145431.0,4100.0,4110.0,4012.0,4092.6,25736900,4501.8,3683.4,4440.0,3288.1,4062.3,246,1,4062.2,7,1,4062.0,10,1,4061.4,16,2,4061.3,43,2,4062.8,30,1,4063.0,41,7,4063.1,15,1,4063.2,13,2,4063.4,91,2
11483,2026-07-02 14:54:42+05:30,4062.3,10,4035.69,2056224,175503.0,148070.0,4100.0,4110.0,4012.0,4092.6,25736900,4501.8,3683.4,4440.0,3288.1,4062.3,61,2,4062.2,7,1,4061.5,10,1,4061.3,118,3,4061.2,19,1,4063.1,2,1,4063.2,37,3,4063.4,91,2,4063.5,773,6,4063.6,6,2
11483,2026-07-02 14:54:42+05:30,4062.3,10,4035.69,2056224,175503.0,148070.0,4100.0,4110.0,4012.0,4092.6,25736900,4501.8,3683.4,4440.0,3288.1,4062.3,61,2,4062.2,7,1,4061.5,10,1,4061.3,118,3,4061.2,19,1,4063.1,2,1,4063.2,37,3,4063.4,91,2,4063.5,773,6,4063.6,6,2
11483,2026-07-02 14:54:42+05:30,4063.4,59,4035.69,2056224,175503.0,148070.0,4100.0,4110.0,4012.0,4092.6,25736900,4501.8,3683.4,4440.0,3288.1,4062.3,61,2,4062.2,7,1,4061.5,10,1,4061.3,118,3,4061.2,19,1,4063.1,2,1,4063.2,37,3,4063.4,91,2,4063.5,773,6,4063.6,6,2
11483,2026-07-02 14:54:43+05:30,4063.4,13,4035.69,2056313,175720.0,147955.0,4100.0,4110.0,4012.0,4092.6,25736900,4501.8,3683.4,4440.0,3288.1,4063.2,6,1,4063.1,49,1,4063.0,10,1,4062.9,10,1,4062.7,14,1,4063.4,11,2,4063.5,700,1,4063.6,2,1,4063.8,12,2,4063.9,17,2
11483,2026-07-02 14:54:43+05:30,4063.4,13,4035.69,2056313,175720.0,147955.0,4100.0,4110.0,4012.0,4092.6,25736900,4501.8,3683.4,4440.0,3288.1,4063.2,6,1,4063.1,49,1,4063.0,10,1,4062.9,10,1,4062.7,14,1,4063.4,11,2,4063.5,700,1,4063.6,2,1,4063.8,12,2,4063.9,17,2
11483,2026-07-02 14:54:43+05:30,4064.5,1,4035.69,2056313,175720.0,147955.0,4100.0,4110.0,4012.0,4092.6,25736900,4501.8,3683.4,4440.0,3288.1,4063.2,6,1,4063.1,49,1,4063.0,10,1,4062.9,10,1,4062.7,14,1,4063.4,11,2,4063.5,700,1,4063.6,2,1,4063.8,12,2,4063.9,17,2
11483,2026-07-02 14:54:44+05:30,4064.5,1,4035.71,2057985,175802.0,145644.0,4100.0,4110.0,4012.0,4092.6,25736900,4501.8,3683.4,4440.0,3288.1,4064.2,103,3,4064.1,16,2,4063.9,14,1,4063.8,49,2,4063.6,44,2,4064.6,20,1,4064.7,31,2,4064.8,12,2,4064.9,14,7,4065.0,2089,56
11483,2026-07-02 14:54:44+05:30,4064.7,6,4035.71,2057985,175802.0,145644.0,4100.0,4110.0,4012.0,4092.6,25736900,4501.8,3683.4,4440.0,3288.1,4064.2,103,3,4064.1,16,2,4063.9,14,1,4063.8,49,2,4063.6,44,2,4064.6,20,1,4064.7,31,2,4064.8,12,2,4064.9,14,7,4065.0,2089,56
11483,2026-07-02 14:54:45+05:30,4064.6,2,4035.71,2058013,175700.0,146463.0,4100.0,4110.0,4012.0,4092.6,25736900,4501.8,3683.4,4440.0,3288.1,4064.6,151,6,4064.4,6,1,4064.3,9,1,4064.2,30,1,4064.1,34,2,4064.7,25,2,4064.8,12,2,4064.9,14,7,4065.0,2089,56,4065.2,2,1
11483,2026-07-02 14:54:45+05:30,4064.7,1,4035.71,2058013,175700.0,146463.0,4100.0,4110.0,4012.0,4092.6,25736900,4501.8,3683.4,4440.0,3288.1,4064.6,151,6,4064.4,6,1,4064.3,9,1,4064.2,30,1,4064.1,34,2,4064.7,25,2,4064.8,12,2,4064.9,14,7,4065.0,2089,56,4065.2,2,1
11483,2026-07-02 14:54:46+05:30,4064.8,2,4035.71,2058053,176541.0,146400.0,4100.0,4110.0,4012.0,4092.6,25736900,4501.8,3683.4,4440.0,3288.1,4064.8,32,1,4064.7,120,6,4064.6,14,1,4064.1,71,3,4063.9,16,1,4064.9,14,7,4065.0,2089,56,4065.2,2,1,4065.5,65,2,4065.7,13,1
11483,2026-07-02 14:54:46+05:30,4064.8,30,4035.71,2058053,176541.0,146400.0,4100.0,4110.0,4012.0,4092.6,25736900,4501.8,3683.4,4440.0,3288.1,4064.8,32,1,4064.7,120,6,4064.6,14,1,4064.1,71,3,4063.9,16,1,4064.9,14,7,4065.0,2089,56,4065.2,2,1,4065.5,65,2,4065.7,13,1
11483,2026-07-02 14:54:47+05:30,4064.8,1,4035.71,2058101,176540.0,146442.0,4100.0,4110.0,4012.0,4092.6,25736900,4501.8,3683.4,4440.0,3288.1,4064.8,142,6,4064.7,24,1,4064.6,14,1,4064.4,49,2,4064.2,32,2,4065.0,2086,54,4065.2,2,1,4065.5,65,2,4065.7,13,1,4065.9,6,2
11483,2026-07-02 14:54:47+05:30,4065.0,10,4035.71,2058101,176540.0,146442.0,4100.0,4110.0,4012.0,4092.6,25736900,4501.8,3683.4,4440.0,3288.1,4064.8,142,6,4064.7,24,1,4064.6,14,1,4064.4,49,2,4064.2,32,2,4065.0,2086,54,4065.2,2,1,4065.5,65,2,4065.7,13,1,4065.9,6,2
11483,2026-07-02 14:54:48+05:30,4066.0,3,4035.75,2060870,176980.0,142211.0,4100.0,4110.0,4012.0,4092.6,25736900,4501.8,3683.4,4440.0,3288.1,4065.0,543,4,4064.9,37,3,4064.8,104,7,4064.7,51,3,4064.6,65,3,4066.0,83,5,4066.3,1,1,4066.4,75,1,4066.6,72,3,4066.8,35,3
11483,2026-07-02 14:54:48+05:30,4065.2,100,4035.75,2060870,176980.0,142211.0,4100.0,4110.0,4012.0,4092.6,25736900,4501.8,3683.4,4440.0,3288.1,4065.0,543,4,4064.9,37,3,4064.8,104,7,4064.7,51,3,4064.6,65,3,4066.0,83,5,4066.3,1,1,4066.4,75,1,4066.6,72,3,4066.8,35,3
11483,2026-07-02 14:54:49+05:30,4065.3,246,4035.76,2061429,176115.0,143847.0,4100.0,4110.0,4012.0,4092.6,25736900,4501.8,3683.4,4440.0,3288.1,4064.9,180,1,4064.8,124,7,4064.7,2,1,4064.6,14,1,4064.5,50,1,4065.0,36,1,4066.0,45,3,4066.3,13,2,4066.4,75,1,4066.5,22,1
11483,2026-07-02 14:54:49+05:30,4064.9,2,4035.76,2061429,176115.0,143847.0,4100.0,4110.0,4012.0,4092.6,25736900,4501.8,3683.4,4440.0,3288.1,4064.9,180,1,4064.8,124,7,4064.7,2,1,4064.6,14,1,4064.5,50,1,4065.0,36,1,4066.0,45,3,4066.3,13,2,4066.4,75,1,4066.5,22,1
11483,2026-07-02 14:54:50+05:30,4066.6,9,4035.76,2061561,176273.0,143150.0,4100.0,4110.0,4012.0,4092.6,25736900,4501.8,3683.4,4440.0,3288.1,4065.2,226,4,4065.1,192,7,4065.0,138,3,4064.8,32,2,4064.7,26,2,4066.6,50,2,4066.8,6,2,4066.9,16,2,4067.0,351,12,4067.2,59,2
11483,2026-07-02 14:54:50+05:30,4065.1,3,4035.76,2061561,176273.0,143150.0,4100.0,4110.0,4012.0,4092.6,25736900,4501.8,3683.4,4440.0,3288.1,4065.2,226,4,4065.1,192,7,4065.0,138,3,4064.8,32,2,4064.7,26,2,4066.6,50,2,4066.8,6,2,4066.9,16,2,4067.0,351,12,4067.2,59,2
11483,2026-07-02 14:54:51+05:30,4066.0,4,4035.77,2061931,176078.0,144527.0,4100.0,4110.0,4012.0,4092.6,25736900,4501.8,3683.4,4440.0,3288.1,4065.1,71,5,4065.0,124,3,4064.8,7,1,4064.7,26,2,4064.6,159,2,4066.0,276,1,4066.3,5,1,4066.5,8,1,4066.6,124,6,4066.7,37,1
11483,2026-07-02 14:54:51+05:30,4065.1,78,4035.77,2061931,176078.0,144527.0,4100.0,4110.0,4012.0,4092.6,25736900,4501.8,3683.4,4440.0,3288.1,4065.1,71,5,4065.0,124,3,4064.8,7,1,4064.7,26,2,4064.6,159,2,4066.0,276,1,4066.3,5,1,4066.5,8,1,4066.6,124,6,4066.7,37,1
11483,2026-07-02 14:54:52+05:30,4065.1,1,4035.77,2062273,175938.0,144925.0,4100.0,4110.0,4012.0,4092.6,25736900,4501.8,3683.4,4440.0,3288.1,4065.1,90,2,4065.0,124,3,4064.8,7,1,4064.7,2,1,4064.6,100,1,4066.0,276,1,4066.3,109,5,4066.4,45,2,4066.5,44,2,4066.6,162,7
11483,2026-07-02 14:54:52+05:30,4065.1,1,4035.77,2062273,175938.0,144925.0,4100.0,4110.0,4012.0,4092.6,25736900,4501.8,3683.4,4440.0,3288.1,4065.1,90,2,4065.0,124,3,4064.8,7,1,4064.7,2,1,4064.6,100,1,4066.0,276,1,4066.3,109,5,4066.4,45,2,4066.5,44,2,4066.6,162,7
11483,2026-07-02 14:54:53+05:30,4065.1,78,4035.77,2062399,175882.0,144930.0,4100.0,4110.0,4012.0,4092.6,25736900,4501.8,3683.4,4440.0,3288.1,4065.1,13,2,4065.0,124,3,4064.8,7,1,4064.6,100,1,4064.5,50,1,4065.9,11,1,4066.0,320,5,4066.1,20,1,4066.3,104,4,4066.4,32,1
11483,2026-07-02 14:54:53+05:30,4065.1,78,4035.77,2062399,175882.0,144930.0,4100.0,4110.0,4012.0,4092.6,25736900,4501.8,3683.4,4440.0,3288.1,4065.1,13,2,4065.0,124,3,4064.8,7,1,4064.6,100,1,4064.5,50,1,4065.9,11,1,4066.0,320,5,4066.1,20,1,4066.3,104,4,4066.4,32,1
11483,2026-07-02 14:54:54+05:30,4065.2,1,4035.79,2063781,174677.0,145674.0,4100.0,4110.0,4012.0,4092.6,25736900,4501.8,3683.4,4440.0,3288.1,4064.0,500,1,4063.7,2,1,4063.4,37,3,4063.1,38,1,4063.0,31,2,4065.2,86,3,4065.3,90,3,4065.4,35,1,4065.5,123,5,4065.6,34,2
11483,2026-07-02 14:54:54+05:30,4064.0,3,4035.79,2063781,174677.0,145674.0,4100.0,4110.0,4012.0,4092.6,25736900,4501.8,3683.4,4440.0,3288.1,4064.0,500,1,4063.7,2,1,4063.4,37,3,4063.1,38,1,4063.0,31,2,4065.2,86,3,4065.3,90,3,4065.4,35,1,4065.5,123,5,4065.6,34,2
11483,2026-07-02 14:54:55+05:30,4064.0,3,4035.8,2064084,174528.0,146388.0,4100.0,4110.0,4012.0,4092.6,25736900,4501.8,3683.4,4440.0,3288.1,4064.1,24,1,4064.0,221,3,4063.7,23,1,4063.6,24,1,4063.5,56,3,4065.1,307,2,4065.2,2,1,4065.3,1,1,4065.4,1,1,4065.5,4,2
11483,2026-07-02 14:54:55+05:30,4064.9,43,4035.8,2064084,174528.0,146388.0,4100.0,4110.0,4012.0,4092.6,25736900,4501.8,3683.4,4440.0,3288.1,4064.1,24,1,4064.0,221,3,4063.7,23,1,4063.6,24,1,4063.5,56,3,4065.1,307,2,4065.2,2,1,4065.3,1,1,4065.4,1,1,4065.5,4,2
11483,2026-07-02 14:54:56+05:30,4064.8,12,4035.8,2064565,173472.0,146855.0,4100.0,4110.0,4012.0,4092.6,25736900,4501.8,3683.4,4440.0,3288.1,4063.4,9,1,4063.1,2,1,4063.0,25,1,4062.7,33,1,4062.6,63,2,4064.1,1,1,4064.8,69,3,4064.9,192,7,4065.0,83,4,4065.1,78,3
11483,2026-07-02 14:54:56+05:30,4063.4,5,4035.8,2064565,173472.0,146855.0,4100.0,4110.0,4012.0,4092.6,25736900,4501.8,3683.4,4440.0,3288.1,4063.4,9,1,4063.1,2,1,4063.0,25,1,4062.7,33,1,4062.6,63,2,4064.1,1,1,4064.8,69,3,4064.9,192,7,4065.0,83,4,4065.1,78,3
11483,2026-07-02 14:54:57+05:30,4063.4,5,4035.8,2064570,173748.0,147265.0,4100.0,4110.0,4012.0,4092.6,25736900,4501.8,3683.4,4440.0,3288.1,4063.5,8,1,4063.4,28,2,4063.1,2,1,4063.0,48,2,4062.9,24,1,4064.1,277,3,4064.8,13,1,4064.9,57,2,4065.0,10,3,4065.1,85,5
11483,2026-07-02 14:54:58+05:30,4063.4,1,4035.81,2064682,172374.0,148083.0,4100.0,4110.0,4012.0,4092.6,25736900,4501.8,3683.4,4440.0,3288.1,4062.3,12,1,4061.7,39,1,4061.6,107,3,4061.5,66,2,4061.4,53,2,4063.4,49,1,4063.5,66,3,4063.6,43,1,4063.7,64,2,4063.8,51,2
11483,2026-07-02 14:54:58+05:30,4063.4,7,4035.81,2064682,172374.0,148083.0,4100.0,4110.0,4012.0,4092.6,25736900,4501.8,3683.4,4440.0,3288.1,4062.3,12,1,4061.7,39,1,4061.6,107,3,4061.5,66,2,4061.4,53,2,4063.4,49,1,4063.5,66,3,4063.6,43,1,4063.7,64,2,4063.8,51,2
11483,2026-07-02 14:54:59+05:30,4063.4,7,4035.81,2064689,172907.0,147807.0,4100.0,4110.0,4012.0,4092.6,25736900,4501.8,3683.4,4440.0,3288.1,4062.6,2,1,4062.5,87,5,4062.4,20,2,4062.3,56,3,4062.1,55,2,4063.4,2,1,4063.5,1,1,4064.0,24,1,4064.1,58,2,4064.2,13,1
11483,2026-07-02 14:55:00+05:30,4062.6,1,4035.81,2064699,172819.0,146803.0,4100.0,4110.0,4012.0,4092.6,25736900,4501.8,3683.4,4440.0,3288.1,4062.5,56,3,4062.4,10,4,4062.3,31,2,4062.2,1,1,4062.1,11,2,4062.6,1,1,4063.4,4,2,4063.5,2,1,4064.0,9,1,4064.1,56,1
11483,2026-07-02 14:55:00+05:30,4062.6,6,4035.81,2064699,172819.0,146803.0,4100.0,4110.0,4012.0,4092.6,25736900,4501.8,3683.4,4440.0,3288.1,4062.5,56,3,4062.4,10,4,4062.3,31,2,4062.2,1,1,4062.1,11,2,4062.6,1,1,4063.4,4,2,4063.5,2,1,4064.0,9,1,4064.1,56,1
11483,2026-07-02 14:55:01+05:30,4063.1,1,4035.81,2064731,173423.0,147213.0,4100.0,4110.0,4012.0,4092.6,25736900,4501.8,3683.4,4440.0,3288.1,4063.1,2,2,4062.9,64,3,4062.6,72,5,4062.5,9,1,4062.4,14,4,4063.4,2,1,4063.5,2,1,4063.9,305,1,4064.0,9,1,4064.1,56,1
11483,2026-07-02 14:55:01+05:30,4062.9,7,4035.81,2064731,173423.0,147213.0,4100.0,4110.0,4012.0,4092.6,25736900,4501.8,3683.4,4440.0,3288.1,4063.1,2,2,4062.9,64,3,4062.6,72,5,4062.5,9,1,4062.4,14,4,4063.4,2,1,4063.5,2,1,4063.9,305,1,4064.0,9,1,4064.1,56,1
11483,2026-07-02 14:55:02+05:30,4063.1,2,4035.81,2064752,173382.0,147605.0,4100.0,4110.0,4012.0,4092.6,25736900,4501.8,3683.4,4440.0,3288.1,4063.1,3,2,4062.8,24,1,4062.6,22,3,4062.4,8,3,4062.3,36,2,4063.4,1,1,4063.5,2,1,4063.9,305,1,4064.0,29,2,4064.1,56,1
11483,2026-07-02 14:55:02+05:30,4063.1,2,4035.81,2064752,173382.0,147605.0,4100.0,4110.0,4012.0,4092.6,25736900,4501.8,3683.4,4440.0,3288.1,4063.1,3,2,4062.8,24,1,4062.6,22,3,4062.4,8,3,4062.3,36,2,4063.4,1,1,4063.5,2,1,4063.9,305,1,4064.0,29,2,4064.1,56,1
11483,2026-07-02 14:55:03+05:30,4063.4,1,4035.81,2064753,173265.0,147764.0,4100.0,4110.0,4012.0,4092.6,25736900,4501.8,3683.4,4440.0,3288.1,4063.1,3,2,4062.9,10,1,4062.8,12,1,4062.6,47,4,4062.4,8,3,4063.5,2,1,4063.9,306,2,4064.0,29,2,4064.1,56,1,4064.4,32,1
11483,2026-07-02 14:55:03+05:30,4063.4,1,4035.81,2064753,173265.0,147764.0,4100.0,4110.0,4012.0,4092.6,25736900,4501.8,3683.4,4440.0,3288.1,4063.1,3,2,4062.9,10,1,4062.8,12,1,4062.6,47,4,4062.4,8,3,4063.5,2,1,4063.9,306,2,4064.0,29,2,4064.1,56,1,4064.4,32,1
11483,2026-07-02 14:55:04+05:30,4063.5,1,4035.82,2065796,173026.0,147432.0,4100.0,4110.0,4012.0,4092.6,25736900,4501.8,3683.4,4440.0,3288.1,4063.6,7,1,4063.5,13,1,4063.4,10,1,4063.2,14,1,4063.0,38,3,4063.9,306,2,4064.0,30,3,4064.1,56,1,4064.4,32,1,4064.6,77,2
11483,2026-07-02 14:55:04+05:30,4063.0,1,4035.82,2065796,173026.0,147432.0,4100.0,4110.0,4012.0,4092.6,25736900,4501.8,3683.4,4440.0,3288.1,4063.6,7,1,4063.5,13,1,4063.4,10,1,4063.2,14,1,4063.0,38,3,4063.9,306,2,4064.0,30,3,4064.1,56,1,4064.4,32,1,4064.6,77,2
11483,2026-07-02 14:55:05+05:30,4062.5,3,4035.82,2065979,171709.0,149291.0,4100.0,4110.0,4012.0,4092.6,25736900,4501.8,3683.4,4440.0,3288.1,4061.1,66,3,4060.9,176,2,4060.8,83,3,4060.7,21,2,4060.6,229,3,4062.5,69,2,4062.8,46,2,4062.9,23,2,4063.0,34,3,4063.1,49,1
11483,2026-07-02 14:55:05+05:30,4062.5,3,4035.82,2065979,171709.0,149291.0,4100.0,4110.0,4012.0,4092.6,25736900,4501.8,3683.4,4440.0,3288.1,4061.1,66,3,4060.9,176,2,4060.8,83,3,4060.7,21,2,4060.6,229,3,4062.5,69,2,4062.8,46,2,4062.9,23,2,4063.0,34,3,4063.1,49,1
11483,2026-07-02 14:55:06+05:30,4061.1,24,4035.82,2066011,171692.0,151637.0,4100.0,4110.0,4012.0,4092.6,25736900,4501.8,3683.4,4440.0,3288.1,4061.1,12,1,4061.0,4,1,4060.3,36,1,4060.0,322,4,4059.7,21,1,4061.5,71,3,4061.6,5,1,4061.7,45,4,4061.8,38,3,4061.9,35,2
11483,2026-07-02 14:55:06+05:30,4061.1,24,4035.82,2066011,171692.0,151637.0,4100.0,4110.0,4012.0,4092.6,25736900,4501.8,3683.4,4440.0,3288.1,4061.1,12,1,4061.0,4,1,4060.3,36,1,4060.0,322,4,4059.7,21,1,4061.5,71,3,4061.6,5,1,4061.7,45,4,4061.8,38,3,4061.9,35,2
11483,2026-07-02 14:55:07+05:30,4061.5,1,4035.83,2066244,170767.0,151804.0,4100.0,4110.0,4012.0,4092.6,25736900,4501.8,3683.4,4440.0,3288.1,4061.1,12,1,4061.0,4,1,4060.3,36,1,4060.0,322,4,4059.7,21,1,4061.5,96,5,4061.6,12,1,4061.7,45,3,4061.8,10,1,4061.9,66,4
11483,2026-07-02 14:55:07+05:30,4061.5,4,4035.83,2066244,170767.0,151804.0,4100.0,4110.0,4012.0,4092.6,25736900,4501.8,3683.4,4440.0,3288.1,4061.1,12,1,4061.0,4,1,4060.3,36,1,4060.0,322,4,4059.7,21,1,4061.5,96,5,4061.6,12,1,4061.7,45,3,4061.8,10,1,4061.9,66,4
11483,2026-07-02 14:55:08+05:30,4061.5,6,4035.83,2066345,171354.0,151910.0,4100.0,4110.0,4012.0,4092.6,25736900,4501.8,3683.4,4440.0,3288.1,4061.0,11,3,4060.0,322,4,4059.7,21,1,4059.5,39,2,4059.4,68,5,4061.5,91,5,4061.6,28,3,4061.7,29,4,4061.8,20,2,4061.9,58,4
11483,2026-07-02 14:55:08+05:30,4061.5,6,4035.83,2066345,171354.0,151910.0,4100.0,4110.0,4012.0,4092.6,25736900,4501.8,3683.4,4440.0,3288.1,4061.0,11,3,4060.0,322,4,4059.7,21,1,4059.5,39,2,4059.4,68,5,4061.5,91,5,4061.6,28,3,4061.7,29,4,4061.8,20,2,4061.9,58,4
11483,2026-07-02 14:55:09+05:30,4061.0,1,4035.83,2066377,171317.0,151883.0,4100.0,4110.0,4012.0,4092.6,25736900,4501.8,3683.4,4440.0,3288.1,4060.9,9,4,4060.0,338,5,4059.7,27,2,4059.6,7,1,4059.5,39,2,4061.5,55,3,4061.6,3,1,4061.7,44,3,4061.8,41,4,4061.9,58,4
11483,2026-07-02 14:55:09+05:30,4060.9,1,4035.83,2066377,171317.0,151883.0,4100.0,4110.0,4012.0,4092.6,25736900,4501.8,3683.4,4440.0,3288.1,4060.9,9,4,4060.0,338,5,4059.7,27,2,4059.6,7,1,4059.5,39,2,4061.5,55,3,4061.6,3,1,4061.7,44,3,4061.8,41,4,4061.9,58,4
11483,2026-07-02 14:55:10+05:30,4060.9,1,4035.83,2066379,171428.0,151903.0,4100.0,4110.0,4012.0,4092.6,25736900,4501.8,3683.4,4440.0,3288.1,4060.9,9,4,4060.1,42,1,4060.0,338,5,4059.9,7,1,4059.8,6,1,4061.5,36,2,4061.7,3,1,4061.8,21,3,4061.9,17,2,4062.0,72,6
11483,2026-07-02 14:55:10+05:30,4061.7,3,4035.83,2066379,171428.0,151903.0,4100.0,4110.0,4012.0,4092.6,25736900,4501.8,3683.4,4440.0,3288.1,4060.9,9,4,4060.1,42,1,4060.0,338,5,4059.9,7,1,4059.8,6,1,4061.5,36,2,4061.7,3,1,4061.8,21,3,4061.9,17,2,4062.0,72,6
11483,2026-07-02 14:55:11+05:30,4060.9,12,4035.83,2066440,171773.0,151635.0,4100.0,4110.0,4012.0,4092.6,25736900,4501.8,3683.4,4440.0,3288.1,4060.9,13,5,4060.4,24,1,4060.2,36,2,4060.1,72,3,4060.0,343,6,4061.9,14,2,4062.0,35,4,4062.1,29,2,4062.2,1,1,4062.3,37,3
11483,2026-07-02 14:55:11+05:30,4061.0,1,4035.83,2066440,171773.0,151635.0,4100.0,4110.0,4012.0,4092.6,25736900,4501.8,3683.4,4440.0,3288.1,4060.9,13,5,4060.4,24,1,4060.2,36,2,4060.1,72,3,4060.0,343,6,4061.9,14,2,4062.0,35,4,4062.1,29,2,4062.2,1,1,4062.3,37,3
11483,2026-07-02 14:55:12+05:30,4062.2,21,4035.84,2067191,171732.0,151399.0,4100.0,4110.0,4012.0,4092.6,25736900,4501.8,3683.4,4440.0,3288.1,4061.0,4,1,4060.9,9,4,4060.4,7,1,4060.3,43,2,4060.2,55,3,4062.2,47,3,4062.4,129,5,4062.5,75,4,4062.6,66,2,4062.7,40,3
11483,2026-07-02 14:55:12+05:30,4061.0,4,4035.84,2067191,171732.0,151399.0,4100.0,4110.0,4012.0,4092.6,25736900,4501.8,3683.4,4440.0,3288.1,4061.0,4,1,4060.9,9,4,4060.4,7,1,4060.3,43,2,4060.2,55,3,4062.2,47,3,4062.4,129,5,4062.5,75,4,4062.6,66,2,4062.7,40,3
11483,2026-07-02 14:55:13+05:30,4061.0,4,4035.84,2067195,171645.0,152038.0,4100.0,4110.0,4012.0,4092.6,25736900,4501.8,3683.4,4440.0,3288.1,4060.9,9,4,4060.8,1,1,4060.4,7,1,4060.3,6,1,4060.2,6,1,4061.1,1,1,4061.6,42,2,4061.7,81,3,4061.8,66,2,4061.9,94,3
11483,2026-07-02 14:55:14+05:30,4060.8,1,4035.84,2067205,171577.0,152706.0,4100.0,4110.0,4012.0,4092.6,25736900,4501.8,3683.4,4440.0,3288.1,4060.8,8,5,4060.3,6,1,4060.2,6,1,4060.0,341,6,4059.8,32,1,4060.9,25,1,4061.0,24,1,4061.1,243,3,4061.2,42,1,4061.3,42,1
11483,2026-07-02 14:55:14+05:30,4061.0,1,4035.84,2067205,171577.0,152706.0,4100.0,4110.0,4012.0,4092.6,25736900,4501.8,3683.4,4440.0,3288.1,4060.8,8,5,4060.3,6,1,4060.2,6,1,4060.0,341,6,4059.8,32,1,4060.9,25,1,4061.0,24,1,4061.1,243,3,4061.2,42,1,4061.3,42,1
11483,2026-07-02 14:55:15+05:30,4060.9,19,4035.84,2067355,171397.0,152680.0,4100.0,4110.0,4012.0,4092.6,25736900,4501.8,3683.4,4440.0,3288.1,4060.8,8,5,4060.3,6,1,4060.2,6,1,4060.0,341,6,4059.7,21,1,4060.9,75,6,4061.0,47,2,4061.1,274,7,4061.2,69,2,4061.3,12,1
11483,2026-07-02 14:55:15+05:30,4060.9,19,4035.84,2067355,171397.0,152680.0,4100.0,4110.0,4012.0,4092.6,25736900,4501.8,3683.4,4440.0,3288.1,4060.8,8,5,4060.3,6,1,4060.2,6,1,4060.0,341,6,4059.7,21,1,4060.9,75,6,4061.0,47,2,4061.1,274,7,4061.2,69,2,4061.3,12,1
11483,2026-07-02 14:55:16+05:30,4060.9,3,4035.84,2067361,171538.0,153174.0,4100.0,4110.0,4012.0,4092.6,25736900,4501.8,3683.4,4440.0,3288.1,4060.8,8,5,4060.2,6,1,4060.0,341,6,4059.7,21,1,4059.5,39,2,4060.9,160,8,4061.0,57,3,4061.1,274,7,4061.2,69,2,4061.3,12,1
11483,2026-07-02 14:55:16+05:30,4060.8,1,4035.84,2067361,171538.0,153174.0,4100.0,4110.0,4012.0,4092.6,25736900,4501.8,3683.4,4440.0,3288.1,4060.8,8,5,4060.2,6,1,4060.0,341,6,4059.7,21,1,4059.5,39,2,4060.9,160,8,4061.0,57,3,4061.1,274,7,4061.2,69,2,4061.3,12,1
11483,2026-07-02 14:55:17+05:30,4060.8,1,4035.84,2067389,171486.0,153704.0,4100.0,4110.0,4012.0,4092.6,25736900,4501.8,3683.4,4440.0,3288.1,4060.8,6,4,4060.0,338,5,4059.7,22,2,4059.6,7,1,4059.5,36,1,4060.9,180,8,4061.0,66,4,4061.1,274,7,4061.2,69,2,4061.3,18,2
11483,2026-07-02 14:55:17+05:30,4060.9,1,4035.84,2067389,171486.0,153704.0,4100.0,4110.0,4012.0,4092.6,25736900,4501.8,3683.4,4440.0,3288.1,4060.8,6,4,4060.0,338,5,4059.7,22,2,4059.6,7,1,4059.5,36,1,4060.9,180,8,4061.0,66,4,4061.1,274,7,4061.2,69,2,4061.3,18,2
11483,2026-07-02 14:55:18+05:30,4060.9,1,4035.84,2067518,170915.0,154703.0,4100.0,4110.0,4012.0,4092.6,25736900,4501.8,3683.4,4440.0,3288.1,4060.0,338,5,4059.7,1,1,4059.4,12,1,4059.3,15,2,4058.8,75,2,4060.5,81,1,4060.6,81,3,4060.7,42,1,4060.8,42,1,4060.9,73,6
11483,2026-07-02 14:55:18+05:30,4060.6,7,4035.84,2067518,170915.0,154703.0,4100.0,4110.0,4012.0,4092.6,25736900,4501.8,3683.4,4440.0,3288.1,4060.0,338,5,4059.7,1,1,4059.4,12,1,4059.3,15,2,4058.8,75,2,4060.5,81,1,4060.6,81,3,4060.7,42,1,4060.8,42,1,4060.9,73,6
11483,2026-07-02 14:55:19+05:30,4060.6,7,4035.84,2067525,170784.0,154889.0,4100.0,4110.0,4012.0,4092.6,25736900,4501.8,3683.4,4440.0,3288.1,4060.0,338,5,4059.7,1,1,4059.3,3,1,4058.8,48,1,4058.6,12,2,4060.3,74,1,4060.5,80,4,4060.6,169,6,4060.7,30,1,4060.8,66,2
11483,2026-07-02 14:55:19+05:30,4060.0,1,4035.84,2067525,170784.0,154889.0,4100.0,4110.0,4012.0,4092.6,25736900,4501.8,3683.4,4440.0,3288.1,4060.0,338,5,4059.7,1,1,4059.3,3,1,4058.8,48,1,4058.6,12,2,4060.3,74,1,4060.5,80,4,4060.6,169,6,4060.7,30,1,4060.8,66,2
11483,2026-07-02 14:55:20+05:30,4060.0,1,4035.85,2067907,170124.0,154860.0,4100.0,4110.0,4012.0,4092.6,25736900,4501.8,3683.4,4440.0,3288.1,4059.7,1,1,4058.8,48,1,4058.6,10,1,4058.5,2,1,4058.3,10,2,4059.9,141,7,4060.0,28,3,4060.1,25,2,4060.2,74,4,4060.3,20,2
11483,2026-07-02 14:55:20+05:30,4059.9,11,4035.85,2067907,170124.0,154860.0,4100.0,4110.0,4012.0,4092.6,25736900,4501.8,3683.4,4440.0,3288.1,4059.7,1,1,4058.8,48,1,4058.6,10,1,4058.5,2,1,4058.3,10,2,4059.9,141,7,4060.0,28,3,4060.1,25,2,4060.2,74,4,4060.3,20,2
11483,2026-07-02 14:55:20+05:30,4059.9,15,4035.85,2068119,170689.0,155364.0,4100.0,4110.0,4012.0,4092.6,25736900,4501.8,3683.4,4440.0,3288.1,4058.9,17,1,4058.6,17,1,4058.5,60,3,4058.3,25,2,4058.1,37,2,4059.9,68,4,4060.0,66,3,4060.2,48,3,4060.3,24,1,4060.4,58,3
11483,2026-07-02 14:55:21+05:30,4059.9,14,4035.85,2068119,170689.0,155364.0,4100.0,4110.0,4012.0,4092.6,25736900,4501.8,3683.4,4440.0,3288.1,4058.9,17,1,4058.6,17,1,4058.5,60,3,4058.3,25,2,4058.1,37,2,4059.9,68,4,4060.0,66,3,4060.2,48,3,4060.3,24,1,4060.4,58,3
11483,2026-07-02 14:55:21+05:30,4059.9,14,4035.85,2068146,170853.0,154957.0,4100.0,4110.0,4012.0,4092.6,25736900,4501.8,3683.4,4440.0,3288.1,4059.5,81,1,4059.4,42,1,4059.3,42,1,4058.5,22,1,4058.4,2,1,4059.9,38,5,4060.0,25,1,4060.2,12,1,4060.4,55,3,4060.5,31,1
11483,2026-07-02 14:55:22+05:30,4059.4,39,4035.85,2068146,170853.0,154957.0,4100.0,4110.0,4012.0,4092.6,25736900,4501.8,3683.4,4440.0,3288.1,4059.5,81,1,4059.4,42,1,4059.3,42,1,4058.5,22,1,4058.4,2,1,4059.9,38,5,4060.0,25,1,4060.2,12,1,4060.4,55,3,4060.5,31,1
11483,2026-07-02 14:55:22+05:30,4060.6,37,4035.85,2068576,171611.0,154327.0,4100.0,4110.0,4012.0,4092.6,25736900,4501.8,3683.4,4440.0,3288.1,4059.7,42,1,4059.4,3,1,4059.3,42,1,4059.2,42,1,4059.0,42,1,4060.0,10,1,4060.5,20,1,4060.7,26,2,4060.8,4,1,4060.9,36,5
11483,2026-07-02 14:55:23+05:30,4059.7,10,4035.85,2068576,171611.0,154327.0,4100.0,4110.0,4012.0,4092.6,25736900,4501.8,3683.4,4440.0,3288.1,4059.7,42,1,4059.4,3,1,4059.3,42,1,4059.2,42,1,4059.0,42,1,4060.0,10,1,4060.5,20,1,4060.7,26,2,4060.8,4,1,4060.9,36,5
11483,2026-07-02 14:55:23+05:30,4060.0,10,4035.85,2068601,171840.0,153874.0,4100.0,4110.0,4012.0,4092.6,25736900,4501.8,3683.4,4440.0,3288.1,4060.2,42,1,4059.9,2,1,4059.6,42,1,4059.5,1,1,4059.4,69,4,4060.8,80,4,4060.9,52,4,4061.0,24,3,4061.1,247,5,4061.2,32,2
11483,2026-07-02 14:55:24+05:30,4060.6,1,4035.85,2068601,171840.0,153874.0,4100.0,4110.0,4012.0,4092.6,25736900,4501.8,3683.4,4440.0,3288.1,4060.2,42,1,4059.9,2,1,4059.6,42,1,4059.5,1,1,4059.4,69,4,4060.8,80,4,4060.9,52,4,4061.0,24,3,4061.1,247,5,4061.2,32,2
11483,2026-07-02 14:55:24+05:30,4060.6,1,4035.85,2068616,171850.0,153533.0,4100.0,4110.0,4012.0,4092.6,25736900,4501.8,3683.4,4440.0,3288.1,4060.6,12,1,4060.2,42,1,4060.0,126,2,4059.9,2,1,4059.7,43,2,4060.8,4,1,4060.9,30,2,4061.0,36,4,4061.1,216,3,4061.2,24,1
11483,2026-07-02 14:55:25+05:30,4060.6,1,4035.85,2068616,171850.0,153533.0,4100.0,4110.0,4012.0,4092.6,25736900,4501.8,3683.4,4440.0,3288.1,4060.6,12,1,4060.2,42,1,4060.0,126,2,4059.9,2,1,4059.7,43,2,4060.8,4,1,4060.9,30,2,4061.0,36,4,4061.1,216,3,4061.2,24,1
11483,2026-07-02 14:55:25+05:30,4060.3,30,4035.86,2068730,171820.0,153518.0,4100.0,4110.0,4012.0,4092.6,25736900,4501.8,3683.4,4440.0,3288.1,4060.3,12,1,4060.2,42,1,4060.0,126,2,4059.9,7,2,4059.7,1,1,4060.8,4,1,4060.9,7,2,4061.0,36,4,4061.1,216,3,4061.5,77,2
11483,2026-07-02 14:55:26+05:30,4060.8,5,4035.86,2068730,171820.0,153518.0,4100.0,4110.0,4012.0,4092.6,25736900,4501.8,3683.4,4440.0,3288.1,4060.3,12,1,4060.2,42,1,4060.0,126,2,4059.9,7,2,4059.7,1,1,4060.8,4,1,4060.9,7,2,4061.0,36,4,4061.1,216,3,4061.5,77,2
11483,2026-07-02 14:55:26+05:30,4061.0,9,4035.88,2071173,170975.0,152293.0,4100.0,4110.0,4012.0,4092.6,25736900,4501.8,3683.4,4440.0,3288.1,4060.3,5,1,4060.2,2,1,4059.8,24,1,4059.4,24,1,4059.3,38,2,4061.0,8,2,4061.1,275,5,4061.2,60,2,4061.3,32,2,4061.4,29,1
11483,2026-07-02 14:55:27+05:30,4060.5,36,4035.88,2071173,170975.0,152293.0,4100.0,4110.0,4012.0,4092.6,25736900,4501.8,3683.4,4440.0,3288.1,4060.3,5,1,4060.2,2,1,4059.8,24,1,4059.4,24,1,4059.3,38,2,4061.0,8,2,4061.1,275,5,4061.2,60,2,4061.3,32,2,4061.4,29,1
11483,2026-07-02 14:55:27+05:30,4060.7,42,4035.88,2071318,170818.0,152986.0,4100.0,4110.0,4012.0,4092.6,25736900,4501.8,3683.4,4440.0,3288.1,4060.6,42,1,4060.5,16,1,4060.4,42,1,4060.2,2,1,4059.9,1,1,4060.8,76,5,4060.9,53,3,4061.0,317,5,4061.1,260,6,4061.2,56,3
11483,2026-07-02 14:55:28+05:30,4060.6,7,4035.88,2071318,170818.0,152986.0,4100.0,4110.0,4012.0,4092.6,25736900,4501.8,3683.4,4440.0,3288.1,4060.6,42,1,4060.5,16,1,4060.4,42,1,4060.2,2,1,4059.9,1,1,4060.8,76,5,4060.9,53,3,4061.0,317,5,4061.1,260,6,4061.2,56,3
11483,2026-07-02 14:55:28+05:30,4060.6,7,4035.89,2071563,171586.0,153244.0,4100.0,4110.0,4012.0,4092.6,25736900,4501.8,3683.4,4440.0,3288.1,4060.1,42,1,4060.0,42,1,4059.9,5,1,4059.8,42,1,4059.7,27,1,4060.6,20,1,4060.7,10,1,4060.9,12,1,4061.0,7,2,4061.1,216,3
11483,2026-07-02 14:55:29+05:30,4060.3,19,4035.89,2071563,171586.0,153244.0,4100.0,4110.0,4012.0,4092.6,25736900,4501.8,3683.4,4440.0,3288.1,4060.1,42,1,4060.0,42,1,4059.9,5,1,4059.8,42,1,4059.7,27,1,4060.6,20,1,4060.7,10,1,4060.9,12,1,4061.0,7,2,4061.1,216,3
11483,2026-07-02 14:55:29+05:30,4060.3,19,4035.89,2071626,171534.0,153692.0,4100.0,4110.0,4012.0,4092.6,25736900,4501.8,3683.4,4440.0,3288.1,4060.3,25,2,4060.2,42,1,4060.0,42,1,4059.9,6,2,4059.2,27,2,4060.6,409,8,4060.7,20,2,4060.8,36,3,4061.0,34,3,4061.1,246,5
11483,2026-07-02 14:55:30+05:30,4060.6,15,4035.89,2071626,171534.0,153692.0,4100.0,4110.0,4012.0,4092.6,25736900,4501.8,3683.4,4440.0,3288.1,4060.3,25,2,4060.2,42,1,4060.0,42,1,4059.9,6,2,4059.2,27,2,4060.6,409,8,4060.7,20,2,4060.8,36,3,4061.0,34,3,4061.1,246,5
11483,2026-07-02 14:55:30+05:30,4060.6,4,4035.89,2071706,171600.0,153828.0,4100.0,4110.0,4012.0,4092.6,25736900,4501.8,3683.4,4440.0,3288.1,4060.2,44,2,4060.0,43,2,4059.9,6,2,4059.2,17,2,4059.1,3,1,4060.6,364,5,4060.7,34,4,4060.8,36,3,4060.9,6,1,4061.0,22,2
11483,2026-07-02 14:55:31+05:30,4060.2,4,4035.89,2071706,171600.0,153828.0,4100.0,4110.0,4012.0,4092.6,25736900,4501.8,3683.4,4440.0,3288.1,4060.2,44,2,4060.0,43,2,4059.9,6,2,4059.2,17,2,4059.1,3,1,4060.6,364,5,4060.7,34,4,4060.8,36,3,4060.9,6,1,4061.0,22,2
11483,2026-07-02 14:55:31+05:30,4060.2,4,4035.89,2071752,171553.0,154194.0,4100.0,4110.0,4012.0,4092.6,25736900,4501.8,3683.4,4440.0,3288.1,4060.0,43,2,4059.9,6,2,4059.2,3,1,4059.1,3,1,4059.0,3,1,4060.5,25,1,4060.6,386,6,4060.7,34,4,4060.8,36,3,4060.9,24,1
11483,2026-07-02 14:55:32+05:30,4059.8,6,4035.89,2071752,171553.0,154194.0,4100.0,4110.0,4012.0,4092.6,25736900,4501.8,3683.4,4440.0,3288.1,4060.0,43,2,4059.9,6,2,4059.2,3,1,4059.1,3,1,4059.0,3,1,4060.5,25,1,4060.6,386,6,4060.7,34,4,4060.8,36,3,4060.9,24,1
11483,2026-07-02 14:55:32+05:30,4059.8,6,4035.89,2071847,171488.0,153816.0,4100.0,4110.0,4012.0,4092.6,25736900,4501.8,3683.4,4440.0,3288.1,4060.0,280,2,4059.8,36,1,4059.7,42,1,4059.6,42,1,4059.2,30,2,4060.3,26,2,4060.6,22,1,4060.7,14,2,4061.0,5,1,4061.1,216,3
11483,2026-07-02 14:55:33+05:30,4060.0,42,4035.89,2071847,171488.0,153816.0,4100.0,4110.0,4012.0,4092.6,25736900,4501.8,3683.4,4440.0,3288.1,4060.0,280,2,4059.8,36,1,4059.7,42,1,4059.6,42,1,4059.2,30,2,4060.3,26,2,4060.6,22,1,4060.7,14,2,4061.0,5,1,4061.1,216,3
11483,2026-07-02 14:55:33+05:30,4060.0,42,4035.9,2072299,171141.0,154047.0,4100.0,4110.0,4012.0,4092.6,25736900,4501.8,3683.4,4440.0,3288.1,4060.0,5,1,4059.9,43,2,4059.8,36,1,4059.7,42,1,4059.2,3,1,4060.3,298,1,4060.6,66,3,4060.7,46,3,4060.8,64,4,4060.9,6,1
11483,2026-07-02 14:55:34+05:30,4059.9,20,4035.9,2072299,171141.0,154047.0,4100.0,4110.0,4012.0,4092.6,25736900,4501.8,3683.4,4440.0,3288.1,4060.0,5,1,4059.9,43,2,4059.8,36,1,4059.7,42,1,4059.2,3,1,4060.3,298,1,4060.6,66,3,4060.7,46,3,4060.8,64,4,4060.9,6,1
11483,2026-07-02 14:55:34+05:30,4059.9,20,4035.9,2072488,171428.0,153797.0,4100.0,4110.0,4012.0,4092.6,25736900,4501.8,3683.4,4440.0,3288.1,4059.9,23,2,4059.8,36,1,4059.7,42,1,4059.0,28,1,4058.8,13,2,4060.3,270,6,4060.4,24,2,4060.6,34,2,4060.7,35,3,4060.8,83,4
11483,2026-07-02 14:55:35+05:30,4060.3,1,4035.9,2072488,171428.0,153797.0,4100.0,4110.0,4012.0,4092.6,25736900,4501.8,3683.4,4440.0,3288.1,4059.9,23,2,4059.8,36,1,4059.7,42,1,4059.0,28,1,4058.8,13,2,4060.3,270,6,4060.4,24,2,4060.6,34,2,4060.7,35,3,4060.8,83,4
11483,2026-07-02 14:55:35+05:30,4060.3,1,4035.9,2072497,171413.0,153791.0,4100.0,4110.0,4012.0,4092.6,25736900,4501.8,3683.4,4440.0,3288.1,4059.9,15,2,4059.8,36,1,4059.7,42,1,4059.0,28,1,4058.8,13,2,4060.3,235,4,4060.5,38,2,4060.6,34,2,4060.7,35,3,4060.8,83,4
11483,2026-07-02 14:55:36+05:30,4060.3,1,4035.9,2072497,171428.0,153792.0,4100.0,4110.0,4012.0,4092.6,25736900,4501.8,3683.4,4440.0,3288.1,4059.9,15,2,4059.8,36,1,4059.7,42,1,4059.0,28,1,4058.8,13,2,4060.3,247,5,4060.5,38,2,4060.6,34,2,4060.7,23,2,4060.8,83,4
11483,2026-07-02 14:55:36+05:30,4060.3,1,4035.9,2072497,171428.0,153792.0,4100.0,4110.0,4012.0,4092.6,25736900,4501.8,3683.4,4440.0,3288.1,4059.9,15,2,4059.8,36,1,4059.7,42,1,4059.0,28,1,4058.8,13,2,4060.3,247,5,4060.5,38,2,4060.6,34,2,4060.7,23,2,4060.8,83,4
11483,2026-07-02 14:55:37+05:30,4060.3,1,4035.9,2072497,171428.0,153792.0,4100.0,4110.0,4012.0,4092.6,25736900,4501.8,3683.4,4440.0,3288.1,4059.9,15,2,4059.8,36,1,4059.7,42,1,4059.0,28,1,4058.8,13,2,4060.3,247,5,4060.5,38,2,4060.6,34,2,4060.7,23,2,4060.8,83,4
11483,2026-07-02 14:55:37+05:30,4060.0,15,4035.9,2072497,171428.0,153792.0,4100.0,4110.0,4012.0,4092.6,25736900,4501.8,3683.4,4440.0,3288.1,4059.9,15,2,4059.8,36,1,4059.7,42,1,4059.0,28,1,4058.8,13,2,4060.3,247,5,4060.5,38,2,4060.6,34,2,4060.7,23,2,4060.8,83,4
11483,2026-07-02 14:55:37+05:30,4060.0,15,4035.9,2072541,171479.0,153892.0,4100.0,4110.0,4012.0,4092.6,25736900,4501.8,3683.4,4440.0,3288.1,4060.0,7,1,4059.9,22,4,4059.8,37,2,4059.5,42,1,4059.0,28,1,4060.3,180,3,4060.7,24,1,4060.8,45,3,4060.9,49,2,4061.0,46,3
11483,2026-07-02 14:55:37+05:30,4060.0,15,4035.9,2072541,171479.0,153892.0,4100.0,4110.0,4012.0,4092.6,25736900,4501.8,3683.4,4440.0,3288.1,4060.0,7,1,4059.9,22,4,4059.8,37,2,4059.5,42,1,4059.0,28,1,4060.3,180,3,4060.7,24,1,4060.8,45,3,4060.9,49,2,4061.0,46,3
11483,2026-07-02 14:55:38+05:30,4060.0,15,4035.9,2072541,171479.0,153892.0,4100.0,4110.0,4012.0,4092.6,25736900,4501.8,3683.4,4440.0,3288.1,4060.0,7,1,4059.9,22,4,4059.8,37,2,4059.5,42,1,4059.0,28,1,4060.3,180,3,4060.7,24,1,4060.8,45,3,4060.9,49,2,4061.0,46,3
11483,2026-07-02 14:55:38+05:30,4060.0,43,4035.9,2072541,171479.0,153892.0,4100.0,4110.0,4012.0,4092.6,25736900,4501.8,3683.4,4440.0,3288.1,4060.0,7,1,4059.9,22,4,4059.8,37,2,4059.5,42,1,4059.0,28,1,4060.3,180,3,4060.7,24,1,4060.8,45,3,4060.9,49,2,4061.0,46,3
11483,2026-07-02 14:55:38+05:30,4060.0,43,4035.9,2072633,171443.0,153822.0,4100.0,4110.0,4012.0,4092.6,25736900,4501.8,3683.4,4440.0,3288.1,4060.0,1,1,4059.9,23,5,4059.8,37,2,4059.7,42,1,4059.0,28,1,4060.3,242,5,4060.5,25,1,4060.6,14,1,4060.7,34,2,4060.8,85,5
11483,2026-07-02 14:55:39+05:30,4060.0,43,4035.9,2072633,171443.0,153822.0,4100.0,4110.0,4012.0,4092.6,25736900,4501.8,3683.4,4440.0,3288.1,4060.0,1,1,4059.9,23,5,4059.8,37,2,4059.7,42,1,4059.0,28,1,4060.3,242,5,4060.5,25,1,4060.6,14,1,4060.7,34,2,4060.8,85,5
11483,2026-07-02 14:55:39+05:30,4059.9,2,4035.9,2072633,171443.0,153822.0,4100.0,4110.0,4012.0,4092.6,25736900,4501.8,3683.4,4440.0,3288.1,4060.0,1,1,4059.9,23,5,4059.8,37,2,4059.7,42,1,4059.0,28,1,4060.3,242,5,4060.5,25,1,4060.6,14,1,4060.7,34,2,4060.8,85,5
11483,2026-07-02 14:55:39+05:30,4059.9,2,4035.9,2072693,171345.0,153831.0,4100.0,4110.0,4012.0,4092.6,25736900,4501.8,3683.4,4440.0,3288.1,4059.9,5,2,4059.8,37,2,4059.7,42,1,4059.0,28,1,4058.8,13,2,4060.0,1,1,4060.3,178,3,4060.5,24,1,4060.8,80,4,4060.9,46,2
11483,2026-07-02 14:55:40+05:30,4059.9,2,4035.9,2072693,171345.0,153831.0,4100.0,4110.0,4012.0,4092.6,25736900,4501.8,3683.4,4440.0,3288.1,4059.9,5,2,4059.8,37,2,4059.7,42,1,4059.0,28,1,4058.8,13,2,4060.0,1,1,4060.3,178,3,4060.5,24,1,4060.8,80,4,4060.9,46,2
11483,2026-07-02 14:55:40+05:30,4060.0,3,4035.9,2072693,171345.0,153831.0,4100.0,4110.0,4012.0,4092.6,25736900,4501.8,3683.4,4440.0,3288.1,4059.9,5,2,4059.8,37,2,4059.7,42,1,4059.0,28,1,4058.8,13,2,4060.0,1,1,4060.3,178,3,4060.5,24,1,4060.8,80,4,4060.9,46,2
11483,2026-07-02 14:55:40+05:30,4060.0,3,4035.9,2072821,169677.0,153901.0,4100.0,4110.0,4012.0,4092.6,25736900,4501.8,3683.4,4440.0,3288.1,4060.0,47,1,4059.0,61,2,4058.9,6,1,4058.8,10,1,4058.7,56,2,4060.3,34,2,4060.5,37,1,4060.8,20,1,4060.9,49,1,4061.0,103,6
11483,2026-07-02 14:55:40+05:30,4060.0,3,4035.9,2072821,169677.0,153901.0,4100.0,4110.0,4012.0,4092.6,25736900,4501.8,3683.4,4440.0,3288.1,4060.0,47,1,4059.0,61,2,4058.9,6,1,4058.8,10,1,4058.7,56,2,4060.3,34,2,4060.5,37,1,4060.8,20,1,4060.9,49,1,4061.0,103,6
11483,2026-07-02 14:55:41+05:30,4060.0,3,4035.9,2072821,169677.0,153901.0,4100.0,4110.0,4012.0,4092.6,25708550,4501.8,3683.4,4440.0,3288.1,4060.0,47,1,4059.0,61,2,4058.9,6,1,4058.8,10,1,4058.7,56,2,4060.3,34,2,4060.5,37,1,4060.8,20,1,4060.9,49,1,4061.0,103,6
11483,2026-07-02 14:55:41+05:30,4059.0,5,4035.9,2072821,169677.0,153901.0,4100.0,4110.0,4012.0,4092.6,25708550,4501.8,3683.4,4440.0,3288.1,4060.0,47,1,4059.0,61,2,4058.9,6,1,4058.8,10,1,4058.7,56,2,4060.3,34,2,4060.5,37,1,4060.8,20,1,4060.9,49,1,4061.0,103,6
11483,2026-07-02 14:55:41+05:30,4059.0,5,4035.9,2072821,169677.0,153901.0,4100.0,4110.0,4012.0,4092.6,25708550,4501.8,3683.4,4440.0,3288.1,4060.0,47,1,4059.0,61,2,4058.9,6,1,4058.8,10,1,4058.7,56,2,4060.3,34,2,4060.5,37,1,4060.8,20,1,4060.9,49,1,4061.0,103,6
11483,2026-07-02 14:55:41+05:30,4059.0,5,4035.9,2072962,169373.0,154505.0,4100.0,4110.0,4012.0,4092.6,25708550,4501.8,3683.4,4440.0,3288.1,4059.0,25,2,4058.8,10,1,4058.7,24,1,4058.6,38,1,4058.5,21,3,4060.0,277,2,4060.3,33,3,4060.4,24,1,4060.5,6,1,4060.6,25,3
11483,2026-07-02 14:55:42+05:30,4059.0,5,4035.9,2072962,169373.0,154505.0,4100.0,4110.0,4012.0,4092.6,25708550,4501.8,3683.4,4440.0,3288.1,4059.0,25,2,4058.8,10,1,4058.7,24,1,4058.6,38,1,4058.5,21,3,4060.0,277,2,4060.3,33,3,4060.4,24,1,4060.5,6,1,4060.6,25,3
11483,2026-07-02 14:55:42+05:30,4059.0,2,4035.9,2072962,169373.0,154505.0,4100.0,4110.0,4012.0,4092.6,25708550,4501.8,3683.4,4440.0,3288.1,4059.0,25,2,4058.8,10,1,4058.7,24,1,4058.6,38,1,4058.5,21,3,4060.0,277,2,4060.3,33,3,4060.4,24,1,4060.5,6,1,4060.6,25,3
11483,2026-07-02 14:55:42+05:30,4059.0,2,4035.9,2072962,169373.0,154505.0,4100.0,4110.0,4012.0,4092.6,25708550,4501.8,3683.4,4440.0,3288.1,4059.0,25,2,4058.8,10,1,4058.7,24,1,4058.6,38,1,4058.5,21,3,4060.0,277,2,4060.3,33,3,4060.4,24,1,4060.5,6,1,4060.6,25,3
11483,2026-07-02 14:55:42+05:30,4059.0,2,4035.9,2072996,169370.0,154533.0,4100.0,4110.0,4012.0,4092.6,25708550,4501.8,3683.4,4440.0,3288.1,4059.0,21,1,4058.8,10,1,4058.7,24,1,4058.6,38,1,4058.5,21,3,4060.0,248,2,4060.3,46,3,4060.4,40,2,4060.5,6,1,4060.6,10,1
11483,2026-07-02 14:55:43+05:30,4059.0,2,4035.9,2072996,169370.0,154533.0,4100.0,4110.0,4012.0,4092.6,25708550,4501.8,3683.4,4440.0,3288.1,4059.0,21,1,4058.8,10,1,4058.7,24,1,4058.6,38,1,4058.5,21,3,4060.0,248,2,4060.3,46,3,4060.4,40,2,4060.5,6,1,4060.6,10,1
11483,2026-07-02 14:55:43+05:30,4057.3,8,4035.91,2073828,169374.0,156082.0,4100.0,4110.0,4012.0,4092.6,25708550,4501.8,3683.4,4440.0,3288.1,4057.9,18,2,4057.8,10,1,4057.7,14,1,4057.2,23,1,4057.1,37,3,4059.2,6,1,4059.3,160,5,4059.4,42,2,4059.5,49,1,4059.6,163,6
11483,2026-07-02 14:55:43+05:30,4057.3,8,4035.91,2073828,169374.0,156082.0,4100.0,4110.0,4012.0,4092.6,25708550,4501.8,3683.4,4440.0,3288.1,4057.9,18,2,4057.8,10,1,4057.7,14,1,4057.2,23,1,4057.1,37,3,4059.2,6,1,4059.3,160,5,4059.4,42,2,4059.5,49,1,4059.6,163,6
11483,2026-07-02 14:55:44+05:30,4059.2,1,4035.91,2073829,170093.0,155464.0,4100.0,4110.0,4012.0,4092.6,25708550,4501.8,3683.4,4440.0,3288.1,4059.0,50,1,4057.9,24,3,4057.8,1,1,4057.7,14,1,4057.3,2,1,4059.2,5,1,4059.3,52,2,4059.4,36,1,4059.6,138,6,4059.7,44,3
11483,2026-07-02 14:55:44+05:30,4059.2,1,4035.91,2073829,170093.0,155464.0,4100.0,4110.0,4012.0,4092.6,25708550,4501.8,3683.4,4440.0,3288.1,4059.0,50,1,4057.9,24,3,4057.8,1,1,4057.7,14,1,4057.3,2,1,4059.2,5,1,4059.3,52,2,4059.4,36,1,4059.6,138,6,4059.7,44,3
11483,2026-07-02 14:55:45+05:30,4059.2,11,4035.91,2073845,170134.0,155038.0,4100.0,4110.0,4012.0,4092.6,25708550,4501.8,3683.4,4440.0,3288.1,4059.0,50,1,4057.9,24,3,4057.8,1,1,4057.7,16,2,4057.3,72,4,4059.3,15,2,4059.5,13,2,4059.6,53,3,4059.7,44,3,4059.8,62,2
11483,2026-07-02 14:55:45+05:30,4059.2,11,4035.91,2073845,170134.0,155038.0,4100.0,4110.0,4012.0,4092.6,25708550,4501.8,3683.4,4440.0,3288.1,4059.0,50,1,4057.9,24,3,4057.8,1,1,4057.7,16,2,4057.3,72,4,4059.3,15,2,4059.5,13,2,4059.6,53,3,4059.7,44,3,4059.8,62,2
11483,2026-07-02 14:55:46+05:30,4059.3,7,4035.91,2073858,170179.0,155070.0,4100.0,4110.0,4012.0,4092.6,25708550,4501.8,3683.4,4440.0,3288.1,4059.0,51,2,4057.9,24,3,4057.8,1,1,4057.7,14,1,4057.3,51,3,4059.3,28,3,4059.4,11,2,4059.5,12,1,4059.6,53,3,4059.7,59,4
11483,2026-07-02 14:55:46+05:30,4059.3,7,4035.91,2073858,170179.0,155070.0,4100.0,4110.0,4012.0,4092.6,25708550,4501.8,3683.4,4440.0,3288.1,4059.0,51,2,4057.9,24,3,4057.8,1,1,4057.7,14,1,4057.3,51,3,4059.3,28,3,4059.4,11,2,4059.5,12,1,4059.6,53,3,4059.7,59,4
11483,2026-07-02 14:55:47+05:30,4057.1,32,4035.91,2074010,169555.0,157137.0,4100.0,4110.0,4012.0,4092.6,25708550,4501.8,3683.4,4440.0,3288.1,4057.5,36,2,4057.4,65,4,4057.3,16,1,4057.2,49,3,4057.1,38,3,4058.9,23,1,4059.1,24,2,4059.2,107,3,4059.3,67,7,4059.4,29,3
11483,2026-07-02 14:55:47+05:30,4057.1,32,4035.91,2074010,169555.0,157137.0,4100.0,4110.0,4012.0,4092.6,25708550,4501.8,3683.4,4440.0,3288.1,4057.5,36,2,4057.4,65,4,4057.3,16,1,4057.2,49,3,4057.1,38,3,4058.9,23,1,4059.1,24,2,4059.2,107,3,4059.3,67,7,4059.4,29,3
11483,2026-07-02 14:55:48+05:30,4057.4,15,4035.92,2074110,169586.0,157223.0,4100.0,4110.0,4012.0,4092.6,25708550,4501.8,3683.4,4440.0,3288.1,4057.6,16,1,4057.5,56,3,4057.4,38,4,4057.3,26,2,4057.2,29,2,4059.0,24,1,4059.1,10,1,4059.2,107,3,4059.3,54,6,4059.4,29,3
11483,2026-07-02 14:55:48+05:30,4057.4,15,4035.92,2074110,169586.0,157223.0,4100.0,4110.0,4012.0,4092.6,25708550,4501.8,3683.4,4440.0,3288.1,4057.6,16,1,4057.5,56,3,4057.4,38,4,4057.3,26,2,4057.2,29,2,4059.0,24,1,4059.1,10,1,4059.2,107,3,4059.3,54,6,4059.4,29,3
11483,2026-07-02 14:55:49+05:30,4056.3,4,4035.92,2074610,168798.0,157212.0,4100.0,4110.0,4012.0,4092.6,25708550,4501.8,3683.4,4440.0,3288.1,4057.6,16,1,4057.5,76,3,4057.4,17,2,4057.3,48,3,4057.2,34,2,4058.8,6,1,4058.9,86,4,4059.0,18,2,4059.1,30,3,4059.2,24,1
11483,2026-07-02 14:55:49+05:30,4056.3,4,4035.92,2074610,168798.0,157212.0,4100.0,4110.0,4012.0,4092.6,25708550,4501.8,3683.4,4440.0,3288.1,4057.6,16,1,4057.5,76,3,4057.4,17,2,4057.3,48,3,4057.2,34,2,4058.8,6,1,4058.9,86,4,4059.0,18,2,4059.1,30,3,4059.2,24,1
11483,2026-07-02 14:55:50+05:30,4056.3,4,4035.92,2074610,168755.0,156692.0,4100.0,4110.0,4012.0,4092.6,25708550,4501.8,3683.4,4440.0,3288.1,4057.4,1,1,4057.1,41,2,4056.9,7,1,4056.8,31,2,4056.5,9,2,4058.5,16,1,4058.6,46,3,4058.7,118,5,4058.8,30,3,4058.9,46,2
11483,2026-07-02 14:55:51+05:30,4058.5,1,4035.92,2074611,168874.0,156801.0,4100.0,4110.0,4012.0,4092.6,25708550,4501.8,3683.4,4440.0,3288.1,4057.4,1,1,4057.1,9,2,4056.9,7,1,4056.8,31,2,4056.5,7,1,4058.5,16,1,4058.6,73,4,4058.7,93,4,4058.8,30,3,4058.9,91,4
11483,2026-07-02 14:55:51+05:30,4058.5,1,4035.92,2074611,168874.0,156801.0,4100.0,4110.0,4012.0,4092.6,25708550,4501.8,3683.4,4440.0,3288.1,4057.4,1,1,4057.1,9,2,4056.9,7,1,4056.8,31,2,4056.5,7,1,4058.5,16,1,4058.6,73,4,4058.7,93,4,4058.8,30,3,4058.9,91,4
11483,2026-07-02 14:55:52+05:30,4057.4,2,4035.92,2074613,168900.0,156757.0,4100.0,4110.0,4012.0,4092.6,25708550,4501.8,3683.4,4440.0,3288.1,4057.4,1,1,4057.3,4,1,4057.1,2,1,4056.8,24,1,4056.5,7,1,4058.5,48,4,4058.6,40,2,4058.7,142,7,4058.8,24,2,4058.9,79,3
11483,2026-07-02 14:55:52+05:30,4057.4,2,4035.92,2074613,168900.0,156757.0,4100.0,4110.0,4012.0,4092.6,25708550,4501.8,3683.4,4440.0,3288.1,4057.4,1,1,4057.3,4,1,4057.1,2,1,4056.8,24,1,4056.5,7,1,4058.5,48,4,4058.6,40,2,4058.7,142,7,4058.8,24,2,4058.9,79,3
11483,2026-07-02 14:55:53+05:30,4057.3,1,4035.92,2074624,168606.0,156757.0,4100.0,4110.0,4012.0,4092.6,25708550,4501.8,3683.4,4440.0,3288.1,4057.3,5,2,4057.1,2,1,4056.5,7,1,4056.4,10,2,4056.3,46,3,4058.3,15,1,4058.4,115,6,4058.5,77,5,4058.6,50,3,4058.7,108,5
11483,2026-07-02 14:55:53+05:30,4057.3,1,4035.92,2074624,168606.0,156757.0,4100.0,4110.0,4012.0,4092.6,25708550,4501.8,3683.4,4440.0,3288.1,4057.3,5,2,4057.1,2,1,4056.5,7,1,4056.4,10,2,4056.3,46,3,4058.3,15,1,4058.4,115,6,4058.5,77,5,4058.6,50,3,4058.7,108,5
11483,2026-07-02 14:55:54+05:30,4058.3,1,4035.92,2074625,168611.0,156749.0,4100.0,4110.0,4012.0,4092.6,25708550,4501.8,3683.4,4440.0,3288.1,4057.3,5,2,4057.1,2,1,4056.5,7,1,4056.4,15,3,4056.3,46,3,4058.3,14,1,4058.4,76,4,4058.5,101,7,4058.6,52,4,4058.7,95,4
11483,2026-07-02 14:55:54+05:30,4058.3,1,4035.92,2074625,168611.0,156749.0,4100.0,4110.0,4012.0,4092.6,25708550,4501.8,3683.4,4440.0,3288.1,4057.3,5,2,4057.1,2,1,4056.5,7,1,4056.4,15,3,4056.3,46,3,4058.3,14,1,4058.4,76,4,4058.5,101,7,4058.6,52,4,4058.7,95,4
11483,2026-07-02 14:55:55+05:30,4058.3,1,4035.92,2074625,168628.0,156852.0,4100.0,4110.0,4012.0,4092.6,25708550,4501.8,3683.4,4440.0,3288.1,4057.2,4,2,4057.1,2,1,4056.5,7,1,4056.4,15,3,4056.3,46,3,4058.2,15,1,4058.3,16,2,4058.4,76,4,4058.5,79,5,4058.6,52,4
11483,2026-07-02 14:55:56+05:30,4057.2,5,4035.92,2074640,168565.0,156873.0,4100.0,4110.0,4012.0,4092.6,25708550,4501.8,3683.4,4440.0,3288.1,4057.2,3,1,4057.1,2,1,4056.5,7,1,4056.4,15,3,4056.3,35,2,4058.0,1,1,4058.1,2,1,4058.2,28,3,4058.3,16,2,4058.4,96,5
11483,2026-07-02 14:55:56+05:30,4057.2,5,4035.92,2074640,168565.0,156873.0,4100.0,4110.0,4012.0,4092.6,25708550,4501.8,3683.4,4440.0,3288.1,4057.2,3,1,4057.1,2,1,4056.5,7,1,4056.4,15,3,4056.3,35,2,4058.0,1,1,4058.1,2,1,4058.2,28,3,4058.3,16,2,4058.4,96,5
11483,2026-07-02 14:55:57+05:30,4057.2,5,4035.92,2074640,168604.0,156170.0,4100.0,4110.0,4012.0,4092.6,25708550,4501.8,3683.4,4440.0,3288.1,4057.2,3,1,4057.1,2,1,4056.5,26,3,4056.4,15,3,4056.3,35,2,4058.0,1,1,4058.2,13,2,4058.3,2,1,4058.4,96,5,4058.5,77,4
11483,2026-07-02 14:55:58+05:30,4058.0,11,4035.92,2074665,168692.0,156214.0,4100.0,4110.0,4012.0,4092.6,25708550,4501.8,3683.4,4440.0,3288.1,4057.2,3,1,4057.1,2,1,4056.5,12,2,4056.4,15,3,4056.3,36,3,4058.2,63,4,4058.3,26,2,4058.4,104,6,4058.5,47,3,4058.6,44,2
11483,2026-07-02 14:55:58+05:30,4058.0,7,4035.92,2074665,168692.0,156214.0,4100.0,4110.0,4012.0,4092.6,25708550,4501.8,3683.4,4440.0,3288.1,4057.2,3,1,4057.1,2,1,4056.5,12,2,4056.4,15,3,4056.3,36,3,4058.2,63,4,4058.3,26,2,4058.4,104,6,4058.5,47,3,4058.6,44,2
11483,2026-07-02 14:55:59+05:30,4057.4,1,4035.92,2074674,168474.0,156408.0,4100.0,4110.0,4012.0,4092.6,25708550,4501.8,3683.4,4440.0,3288.1,4057.2,3,2,4057.1,2,1,4056.5,12,2,4056.4,15,3,4056.3,36,3,4057.4,4,1,4058.0,20,2,4058.2,54,4,4058.4,93,5,4058.5,47,3
11483,2026-07-02 14:55:59+05:30,4056.4,5,4035.92,2074674,168474.0,156408.0,4100.0,4110.0,4012.0,4092.6,25708550,4501.8,3683.4,4440.0,3288.1,4057.2,3,2,4057.1,2,1,4056.5,12,2,4056.4,15,3,4056.3,36,3,4057.4,4,1,4058.0,20,2,4058.2,54,4,4058.4,93,5,4058.5,47,3
11483,2026-07-02 14:56:00+05:30,4056.4,5,4035.92,2074694,168045.0,157673.0,4100.0,4110.0,4012.0,4092.6,25708550,4501.8,3683.4,4440.0,3288.1,4056.3,1,1,4056.1,10,1,4056.0,17,1,4055.6,40,1,4055.2,75,2,4057.1,51,3,4057.2,66,3,4057.3,61,3,4057.4,74,5,4057.5,59,3
11483,2026-07-02 14:56:00+05:30,4057.1,19,4035.92,2074694,168045.0,157673.0,4100.0,4110.0,4012.0,4092.6,25708550,4501.8,3683.4,4440.0,3288.1,4056.3,1,1,4056.1,10,1,4056.0,17,1,4055.6,40,1,4055.2,75,2,4057.1,51,3,4057.2,66,3,4057.3,61,3,4057.4,74,5,4057.5,59,3
11483,2026-07-02 14:56:01+05:30,4057.3,1,4035.92,2074751,167923.0,157201.0,4100.0,4110.0,4012.0,4092.6,25708550,4501.8,3683.4,4440.0,3288.1,4056.1,20,3,4056.0,17,1,4055.7,24,1,4055.6,40,1,4055.4,24,1,4057.3,53,4,4057.4,59,4,4057.5,30,2,4057.6,30,1,4057.7,105,4
11483,2026-07-02 14:56:01+05:30,4057.3,1,4035.92,2074751,167923.0,157201.0,4100.0,4110.0,4012.0,4092.6,25708550,4501.8,3683.4,4440.0,3288.1,4056.1,20,3,4056.0,17,1,4055.7,24,1,4055.6,40,1,4055.4,24,1,4057.3,53,4,4057.4,59,4,4057.5,30,2,4057.6,30,1,4057.7,105,4
11483,2026-07-02 14:56:02+05:30,4057.3,1,4035.92,2074751,167662.0,157466.0,4100.0,4110.0,4012.0,4092.6,25708550,4501.8,3683.4,4440.0,3288.1,4056.1,19,3,4056.0,17,1,4055.6,40,1,4055.2,2,1,4055.1,45,2,4056.8,13,1,4056.9,82,4,4057.0,38,3,4057.1,64,4,4057.2,43,3
11483,2026-07-02 14:56:03+05:30,4055.4,1,4035.92,2075042,167317.0,157315.0,4100.0,4110.0,4012.0,4092.6,25708550,4501.8,3683.4,4440.0,3288.1,4055.4,15,1,4055.1,26,2,4055.0,284,13,4054.8,32,1,4054.6,78,4,4056.6,13,1,4056.7,25,2,4056.8,59,5,4056.9,33,2,4057.0,38,3
11483,2026-07-02 14:56:03+05:30,4055.4,1,4035.92,2075042,167317.0,157315.0,4100.0,4110.0,4012.0,4092.6,25708550,4501.8,3683.4,4440.0,3288.1,4055.4,15,1,4055.1,26,2,4055.0,284,13,4054.8,32,1,4054.6,78,4,4056.6,13,1,4056.7,25,2,4056.8,59,5,4056.9,33,2,4057.0,38,3
11483,2026-07-02 14:56:04+05:30,4056.6,2,4035.92,2075044,168027.0,157043.0,4100.0,4110.0,4012.0,4092.6,25708550,4501.8,3683.4,4440.0,3288.1,4056.6,14,1,4055.6,31,2,4055.5,24,1,4055.4,51,3,4055.3,51,2,4056.8,1,1,4057.1,14,1,4057.2,34,2,4057.3,31,2,4057.4,36,3
11483,2026-07-02 14:56:04+05:30,4056.6,2,4035.92,2075044,168027.0,157043.0,4100.0,4110.0,4012.0,4092.6,25708550,4501.8,3683.4,4440.0,3288.1,4056.6,14,1,4055.6,31,2,4055.5,24,1,4055.4,51,3,4055.3,51,2,4056.8,1,1,4057.1,14,1,4057.2,34,2,4057.3,31,2,4057.4,36,3
11483,2026-07-02 14:56:05+05:30,4056.6,2,4035.92,2075046,168014.0,157506.0,4100.0,4110.0,4012.0,4092.6,25708550,4501.8,3683.4,4440.0,3288.1,4056.6,13,2,4055.6,31,2,4055.5,27,2,4055.4,48,2,4055.3,2,1,4056.8,1,1,4057.1,16,1,4057.2,34,2,4057.3,8,1,4057.4,36,3
11483,2026-07-02 14:56:05+05:30,4056.6,2,4035.92,2075046,168014.0,157506.0,4100.0,4110.0,4012.0,4092.6,25708550,4501.8,3683.4,4440.0,3288.1,4056.6,13,2,4055.6,31,2,4055.5,27,2,4055.4,48,2,4055.3,2,1,4056.8,1,1,4057.1,16,1,4057.2,34,2,4057.3,8,1,4057.4,36,3
11483,2026-07-02 14:56:06+05:30,4056.6,4,4035.93,2075209,167508.0,157215.0,4100.0,4110.0,4012.0,4092.6,25708550,4501.8,3683.4,4440.0,3288.1,4056.6,12,1,4055.5,24,1,4055.2,13,1,4055.1,48,1,4055.0,284,13,4056.8,10,1,4057.0,29,3,4057.1,19,2,4057.2,43,3,4057.3,37,3
11483,2026-07-02 14:56:06+05:30,4056.6,4,4035.93,2075209,167508.0,157215.0,4100.0,4110.0,4012.0,4092.6,25708550,4501.8,3683.4,4440.0,3288.1,4056.6,12,1,4055.5,24,1,4055.2,13,1,4055.1,48,1,4055.0,284,13,4056.8,10,1,4057.0,29,3,4057.1,19,2,4057.2,43,3,4057.3,37,3
11483,2026-07-02 14:56:07+05:30,4057.0,14,4035.93,2075235,168006.0,157315.0,4100.0,4110.0,4012.0,4092.6,25708550,4501.8,3683.4,4440.0,3288.1,4056.8,1,1,4056.6,14,2,4055.5,24,1,4055.3,76,2,4055.2,62,2,4056.9,9,1,4057.0,30,3,4057.1,19,2,4057.2,43,3,4057.3,37,3
11483,2026-07-02 14:56:07+05:30,4056.9,9,4035.93,2075235,168006.0,157315.0,4100.0,4110.0,4012.0,4092.6,25708550,4501.8,3683.4,4440.0,3288.1,4056.8,1,1,4056.6,14,2,4055.5,24,1,4055.3,76,2,4055.2,62,2,4056.9,9,1,4057.0,30,3,4057.1,19,2,4057.2,43,3,4057.3,37,3
11483,2026-07-02 14:56:08+05:30,4056.9,9,4035.93,2075244,167997.0,157382.0,4100.0,4110.0,4012.0,4092.6,25708550,4501.8,3683.4,4440.0,3288.1,4056.9,8,2,4056.8,1,1,4056.6,14,2,4055.5,24,1,4055.4,24,1,4057.0,5,2,4057.1,12,1,4057.2,78,4,4057.3,20,2,4057.4,36,3
11483,2026-07-02 14:56:09+05:30,4057.1,25,4035.93,2075300,167974.0,157178.0,4100.0,4110.0,4012.0,4092.6,25708550,4501.8,3683.4,4440.0,3288.1,4056.9,7,4,4056.8,1,1,4055.5,24,1,4055.4,24,1,4055.3,2,1,4057.1,12,1,4057.2,57,2,4057.4,31,4,4057.5,43,2,4057.6,48,2
11483,2026-07-02 14:56:09+05:30,4057.1,25,4035.93,2075300,167974.0,157178.0,4100.0,4110.0,4012.0,4092.6,25708550,4501.8,3683.4,4440.0,3288.1,4056.9,7,4,4056.8,1,1,4055.5,24,1,4055.4,24,1,4055.3,2,1,4057.1,12,1,4057.2,57,2,4057.4,31,4,4057.5,43,2,4057.6,48,2
11483,2026-07-02 14:56:10+05:30,4055.6,29,4035.93,2075421,168029.0,157589.0,4100.0,4110.0,4012.0,4092.6,25708550,4501.8,3683.4,4440.0,3288.1,4057.0,1,1,4056.0,39,2,4055.9,20,1,4055.8,50,2,4055.7,16,2,4057.1,12,1,4057.2,20,1,4057.3,13,1,4057.4,4,1,4057.5,15,1
11483,2026-07-02 14:56:10+05:30,4057.1,1,4035.93,2075421,168029.0,157589.0,4100.0,4110.0,4012.0,4092.6,25708550,4501.8,3683.4,4440.0,3288.1,4057.0,1,1,4056.0,39,2,4055.9,20,1,4055.8,50,2,4055.7,16,2,4057.1,12,1,4057.2,20,1,4057.3,13,1,4057.4,4,1,4057.5,15,1
11483,2026-07-02 14:56:11+05:30,4057.1,1,4035.93,2075422,168063.0,157695.0,4100.0,4110.0,4012.0,4092.6,25708550,4501.8,3683.4,4440.0,3288.1,4057.0,1,1,4056.9,3,1,4056.0,15,1,4055.9,20,1,4055.8,50,2,4057.1,13,2,4057.2,20,1,4057.3,13,1,4057.4,4,1,4057.5,15,1
11483,2026-07-02 14:56:11+05:30,4056.9,1,4035.93,2075422,168063.0,157695.0,4100.0,4110.0,4012.0,4092.6,25708550,4501.8,3683.4,4440.0,3288.1,4057.0,1,1,4056.9,3,1,4056.0,15,1,4055.9,20,1,4055.8,50,2,4057.1,13,2,4057.2,20,1,4057.3,13,1,4057.4,4,1,4057.5,15,1
11483,2026-07-02 14:56:12+05:30,4057.0,15,4035.93,2075447,168214.0,158100.0,4100.0,4110.0,4012.0,4092.6,25708550,4501.8,3683.4,4440.0,3288.1,4056.2,16,1,4056.1,35,2,4056.0,36,3,4055.9,36,2,4055.8,24,1,4057.0,30,1,4057.1,13,2,4057.2,20,1,4057.3,13,1,4057.4,4,1
11483,2026-07-02 14:56:12+05:30,4057.0,15,4035.93,2075447,168214.0,158100.0,4100.0,4110.0,4012.0,4092.6,25708550,4501.8,3683.4,4440.0,3288.1,4056.2,16,1,4056.1,35,2,4056.0,36,3,4055.9,36,2,4055.8,24,1,4057.0,30,1,4057.1,13,2,4057.2,20,1,4057.3,13,1,4057.4,4,1
11483,2026-07-02 14:56:13+05:30,4059.0,18,4035.99,2081336,171036.0,153083.0,4100.0,4110.0,4012.0,4092.6,25708550,4501.8,3683.4,4440.0,3288.1,4059.0,17,2,4058.9,35,2,4058.8,35,2,4058.7,5,1,4058.6,16,1,4060.0,179,6,4060.5,51,3,4060.7,6,1,4060.8,38,3,4060.9,24,1
11483,2026-07-02 14:56:13+05:30,4057.9,2,4035.99,2081336,171036.0,153083.0,4100.0,4110.0,4012.0,4092.6,25708550,4501.8,3683.4,4440.0,3288.1,4059.0,17,2,4058.9,35,2,4058.8,35,2,4058.7,5,1,4058.6,16,1,4060.0,179,6,4060.5,51,3,4060.7,6,1,4060.8,38,3,4060.9,24,1
11483,2026-07-02 14:56:14+05:30,4058.7,34,4036.0,2081839,171178.0,153947.0,4100.0,4110.0,4012.0,4092.6,25708550,4501.8,3683.4,4440.0,3288.1,4058.7,16,1,4058.6,176,5,4058.5,35,2,4058.4,19,1,4058.0,15,1,4060.1,12,1,4060.2,120,5,4060.3,6,2,4060.4,66,5,4060.5,37,2
11483,2026-07-02 14:56:14+05:30,4058.7,1,4036.0,2081839,171178.0,153947.0,4100.0,4110.0,4012.0,4092.6,25708550,4501.8,3683.4,4440.0,3288.1,4058.7,16,1,4058.6,176,5,4058.5,35,2,4058.4,19,1,4058.0,15,1,4060.1,12,1,4060.2,120,5,4060.3,6,2,4060.4,66,5,4060.5,37,2
11483,2026-07-02 14:56:15+05:30,4058.6,1,4036.0,2081853,170982.0,154401.0,4100.0,4110.0,4012.0,4092.6,25708550,4501.8,3683.4,4440.0,3288.1,4058.6,107,1,4058.5,10,1,4058.4,19,1,4058.1,19,2,4058.0,15,1,4060.0,47,3,4060.1,379,6,4060.2,85,4,4060.3,6,2,4060.4,60,4
11483,2026-07-02 14:56:15+05:30,4058.6,1,4036.0,2081853,170982.0,154401.0,4100.0,4110.0,4012.0,4092.6,25708550,4501.8,3683.4,4440.0,3288.1,4058.6,107,1,4058.5,10,1,4058.4,19,1,4058.1,19,2,4058.0,15,1,4060.0,47,3,4060.1,379,6,4060.2,85,4,4060.3,6,2,4060.4,60,4
11483,2026-07-02 14:56:16+05:30,4060.1,193,4036.0,2082046,172231.0,154054.0,4100.0,4110.0,4012.0,4092.6,25708550,4501.8,3683.4,4440.0,3288.1,4059.5,82,5,4059.4,48,3,4059.2,61,3,4059.1,40,4,4059.0,66,3,4060.1,126,1,4060.2,2,1,4060.8,1,1,4061.0,21,2,4061.1,92,5
11483,2026-07-02 14:56:16+05:30,4060.1,193,4036.0,2082046,172231.0,154054.0,4100.0,4110.0,4012.0,4092.6,25708550,4501.8,3683.4,4440.0,3288.1,4059.5,82,5,4059.4,48,3,4059.2,61,3,4059.1,40,4,4059.0,66,3,4060.1,126,1,4060.2,2,1,4060.8,1,1,4061.0,21,2,4061.1,92,5
11483,2026-07-02 14:56:17+05:30,4059.1,8,4036.0,2082146,171807.0,154225.0,4100.0,4110.0,4012.0,4092.6,25708550,4501.8,3683.4,4440.0,3288.1,4059.5,4,1,4059.1,47,4,4059.0,21,1,4058.9,23,1,4058.8,45,3,4060.1,300,4,4060.2,2,1,4060.8,32,3,4061.0,21,2,4061.1,92,5
11483,2026-07-02 14:56:17+05:30,4059.5,18,4036.0,2082146,171807.0,154225.0,4100.0,4110.0,4012.0,4092.6,25708550,4501.8,3683.4,4440.0,3288.1,4059.5,4,1,4059.1,47,4,4059.0,21,1,4058.9,23,1,4058.8,45,3,4060.1,300,4,4060.2,2,1,4060.8,32,3,4061.0,21,2,4061.1,92,5
11483,2026-07-02 14:56:18+05:30,4061.0,11,4036.01,2082611,172381.0,152350.0,4100.0,4110.0,4012.0,4092.6,25708550,4501.8,3683.4,4440.0,3288.1,4060.5,16,1,4060.4,52,3,4060.3,16,1,4060.2,69,4,4060.1,43,2,4061.1,16,2,4061.5,50,1,4062.0,49,4,4062.1,27,1,4062.2,5,1
11483,2026-07-02 14:56:18+05:30,4061.0,11,4036.01,2082611,172381.0,152350.0,4100.0,4110.0,4012.0,4092.6,25708550,4501.8,3683.4,4440.0,3288.1,4060.5,16,1,4060.4,52,3,4060.3,16,1,4060.2,69,4,4060.1,43,2,4061.1,16,2,4061.5,50,1,4062.0,49,4,4062.1,27,1,4062.2,5,1
11483,2026-07-02 14:56:19+05:30,4061.0,11,4036.01,2082611,172338.0,152626.0,4100.0,4110.0,4012.0,4092.6,25708550,4501.8,3683.4,4440.0,3288.1,4060.4,74,5,4060.3,26,2,4060.2,27,2,4060.0,28,2,4059.9,30,2,4061.1,16,2,4061.5,50,1,4062.0,49,4,4062.1,27,1,4062.2,5,1
11483,2026-07-02 14:56:19+05:30,4060.4,48,4036.01,2082611,172338.0,152626.0,4100.0,4110.0,4012.0,4092.6,25708550,4501.8,3683.4,4440.0,3288.1,4060.4,74,5,4060.3,26,2,4060.2,27,2,4060.0,28,2,4059.9,30,2,4061.1,16,2,4061.5,50,1,4062.0,49,4,4062.1,27,1,4062.2,5,1
11483,2026-07-02 14:56:20+05:30,4060.1,12,4036.01,2082856,172414.0,153409.0,4100.0,4110.0,4012.0,4092.6,25708550,4501.8,3683.4,4440.0,3288.1,4060.0,58,3,4059.9,38,3,4059.8,18,1,4059.7,99,4,4059.6,97,3,4061.1,339,3,4061.4,12,1,4061.5,77,2,4061.7,18,2,4061.8,58,2
11483,2026-07-02 14:56:20+05:30,4061.1,105,4036.01,2082856,172414.0,153409.0,4100.0,4110.0,4012.0,4092.6,25708550,4501.8,3683.4,4440.0,3288.1,4060.0,58,3,4059.9,38,3,4059.8,18,1,4059.7,99,4,4059.6,97,3,4061.1,339,3,4061.4,12,1,4061.5,77,2,4061.7,18,2,4061.8,58,2
11483,2026-07-02 14:56:21+05:30,4060.1,2,4036.02,2083379,172278.0,153018.0,4100.0,4110.0,4012.0,4092.6,25708550,4501.8,3683.4,4440.0,3288.1,4060.1,31,2,4060.0,187,5,4059.9,41,2,4059.7,57,2,4059.6,105,4,4061.5,45,1,4061.8,31,1,4062.0,102,6,4062.2,56,3,4062.3,73,2
11483,2026-07-02 14:56:21+05:30,4060.1,2,4036.02,2083379,172278.0,153018.0,4100.0,4110.0,4012.0,4092.6,25708550,4501.8,3683.4,4440.0,3288.1,4060.1,31,2,4060.0,187,5,4059.9,41,2,4059.7,57,2,4059.6,105,4,4061.5,45,1,4061.8,31,1,4062.0,102,6,4062.2,56,3,4062.3,73,2
11483,2026-07-02 14:56:22+05:30,4060.2,20,4036.02,2083399,172401.0,152796.0,4100.0,4110.0,4012.0,4092.6,25708550,4501.8,3683.4,4440.0,3288.1,4061.0,10,1,4060.3,2,1,4060.2,36,2,4060.1,31,2,4060.0,187,5,4061.5,45,1,4061.8,31,1,4062.0,102,6,4062.2,50,2,4062.3,19,2
11483,2026-07-02 14:56:22+05:30,4060.2,20,4036.02,2083399,172401.0,152796.0,4100.0,4110.0,4012.0,4092.6,25708550,4501.8,3683.4,4440.0,3288.1,4061.0,10,1,4060.3,2,1,4060.2,36,2,4060.1,31,2,4060.0,187,5,4061.5,45,1,4061.8,31,1,4062.0,102,6,4062.2,50,2,4062.3,19,2
11483,2026-07-02 14:56:23+05:30,4063.0,1,4036.02,2083949,173832.0,145321.0,4100.0,4110.0,4012.0,4092.6,25708550,4501.8,3683.4,4440.0,3288.1,4062.8,73,5,4062.7,47,4,4062.6,15,1,4062.5,34,2,4062.4,16,1,4063.4,5,1,4063.5,2,1,4063.8,2,1,4063.9,3,2,4064.0,165,6
11483,2026-07-02 14:56:23+05:30,4063.0,1,4036.02,2083949,173832.0,145321.0,4100.0,4110.0,4012.0,4092.6,25708550,4501.8,3683.4,4440.0,3288.1,4062.8,73,5,4062.7,47,4,4062.6,15,1,4062.5,34,2,4062.4,16,1,4063.4,5,1,4063.5,2,1,4063.8,2,1,4063.9,3,2,4064.0,165,6
11483,2026-07-02 14:56:24+05:30,4063.6,20,4036.03,2084175,173187.0,146092.0,4100.0,4110.0,4012.0,4092.6,25708550,4501.8,3683.4,4440.0,3288.1,4063.6,154,5,4063.5,37,1,4063.2,24,1,4063.1,13,1,4063.0,15,1,4063.8,275,1,4063.9,1,1,4064.0,165,6,4064.1,256,2,4064.6,15,1
11483,2026-07-02 14:56:24+05:30,4063.6,2,4036.03,2084175,173187.0,146092.0,4100.0,4110.0,4012.0,4092.6,25708550,4501.8,3683.4,4440.0,3288.1,4063.6,154,5,4063.5,37,1,4063.2,24,1,4063.1,13,1,4063.0,15,1,4063.8,275,1,4063.9,1,1,4064.0,165,6,4064.1,256,2,4064.6,15,1
11483,2026-07-02 14:56:25+05:30,4065.0,10,4036.07,2087248,173747.0,142667.0,4100.0,4110.0,4012.0,4092.6,25708550,4501.8,3683.4,4440.0,3288.1,4064.5,45,2,4064.4,30,2,4064.3,46,3,4064.2,140,6,4064.1,11,2,4066.0,5,2,4066.3,1,1,4066.6,89,4,4066.8,6,2,4066.9,18,3
11483,2026-07-02 14:56:25+05:30,4065.0,10,4036.07,2087248,173747.0,142667.0,4100.0,4110.0,4012.0,4092.6,25708550,4501.8,3683.4,4440.0,3288.1,4064.5,45,2,4064.4,30,2,4064.3,46,3,4064.2,140,6,4064.1,11,2,4066.0,5,2,4066.3,1,1,4066.6,89,4,4066.8,6,2,4066.9,18,3
11483,2026-07-02 14:56:26+05:30,4064.6,2,4036.07,2087570,173569.0,143917.0,4100.0,4110.0,4012.0,4092.6,25708550,4501.8,3683.4,4440.0,3288.1,4064.6,145,5,4064.5,3,1,4063.8,12,1,4063.5,47,2,4063.4,27,1,4065.6,103,4,4065.7,113,6,4065.8,55,4,4065.9,130,7,4066.0,36,5
11483,2026-07-02 14:56:26+05:30,4064.6,2,4036.07,2087570,173569.0,143917.0,4100.0,4110.0,4012.0,4092.6,25708550,4501.8,3683.4,4440.0,3288.1,4064.6,145,5,4064.5,3,1,4063.8,12,1,4063.5,47,2,4063.4,27,1,4065.6,103,4,4065.7,113,6,4065.8,55,4,4065.9,130,7,4066.0,36,5
11483,2026-07-02 14:56:27+05:30,4064.6,4,4036.08,2087670,173525.0,143923.0,4100.0,4110.0,4012.0,4092.6,25708550,4501.8,3683.4,4440.0,3288.1,4064.6,149,5,4064.5,3,1,4063.8,12,1,4063.5,47,2,4063.3,86,3,4065.6,93,4,4065.7,82,4,4065.8,55,4,4065.9,163,8,4066.0,36,5
11483,2026-07-02 14:56:27+05:30,4064.6,89,4036.08,2087670,173525.0,143923.0,4100.0,4110.0,4012.0,4092.6,25708550,4501.8,3683.4,4440.0,3288.1,4064.6,149,5,4064.5,3,1,4063.8,12,1,4063.5,47,2,4063.3,86,3,4065.6,93,4,4065.7,82,4,4065.8,55,4,4065.9,163,8,4066.0,36,5
11483,2026-07-02 14:56:28+05:30,4064.5,6,4036.09,2088771,172230.0,145031.0,4100.0,4110.0,4012.0,4092.6,25708550,4501.8,3683.4,4440.0,3288.1,4064.5,3,1,4063.5,37,1,4062.8,2,1,4062.7,35,1,4062.6,29,1,4064.7,61,4,4064.9,44,4,4065.0,73,3,4065.1,32,2,4065.2,81,6
11483,2026-07-02 14:56:28+05:30,4064.7,8,4036.09,2088771,172230.0,145031.0,4100.0,4110.0,4012.0,4092.6,25708550,4501.8,3683.4,4440.0,3288.1,4064.5,3,1,4063.5,37,1,4062.8,2,1,4062.7,35,1,4062.6,29,1,4064.7,61,4,4064.9,44,4,4065.0,73,3,4065.1,32,2,4065.2,81,6
11483,2026-07-02 14:56:29+05:30,4064.5,5,4036.09,2088784,172363.0,144677.0,4100.0,4110.0,4012.0,4092.6,25708550,4501.8,3683.4,4440.0,3288.1,4064.5,1,1,4063.5,37,1,4063.1,49,2,4063.0,49,1,4062.9,1,1,4064.9,40,2,4065.0,62,2,4065.1,34,2,4065.2,75,5,4065.3,82,6
11483,2026-07-02 14:56:29+05:30,4064.5,5,4036.09,2088784,172363.0,144677.0,4100.0,4110.0,4012.0,4092.6,25708550,4501.8,3683.4,4440.0,3288.1,4064.5,1,1,4063.5,37,1,4063.1,49,2,4063.0,49,1,4062.9,1,1,4064.9,40,2,4065.0,62,2,4065.1,34,2,4065.2,75,5,4065.3,82,6
11483,2026-07-02 14:56:30+05:30,4064.9,1,4036.09,2088785,172649.0,145211.0,4100.0,4110.0,4012.0,4092.6,25708550,4501.8,3683.4,4440.0,3288.1,4064.5,1,1,4064.4,80,1,4063.5,37,1,4063.1,49,2,4063.0,53,3,4064.6,5,1,4064.9,367,5,4065.0,64,3,4065.1,34,2,4065.2,81,6
11483,2026-07-02 14:56:30+05:30,4064.4,152,4036.09,2088785,172649.0,145211.0,4100.0,4110.0,4012.0,4092.6,25708550,4501.8,3683.4,4440.0,3288.1,4064.5,1,1,4064.4,80,1,4063.5,37,1,4063.1,49,2,4063.0,53,3,4064.6,5,1,4064.9,367,5,4065.0,64,3,4065.1,34,2,4065.2,81,6
11483,2026-07-02 14:56:31+05:30,4064.7,34,4036.1,2089727,172454.0,145769.0,4100.0,4110.0,4012.0,4092.6,25708550,4501.8,3683.4,4440.0,3288.1,4063.5,37,1,4062.8,2,1,4062.7,40,2,4062.6,70,3,4062.5,24,1,4064.6,27,1,4064.7,45,4,4064.8,36,3,4064.9,33,3,4065.0,89,6
11483,2026-07-02 14:56:31+05:30,4063.5,73,4036.1,2089727,172454.0,145769.0,4100.0,4110.0,4012.0,4092.6,25708550,4501.8,3683.4,4440.0,3288.1,4063.5,37,1,4062.8,2,1,4062.7,40,2,4062.6,70,3,4062.5,24,1,4064.6,27,1,4064.7,45,4,4064.8,36,3,4064.9,33,3,4065.0,89,6
11483,2026-07-02 14:56:32+05:30,4063.5,22,4036.11,2089878,172698.0,146234.0,4100.0,4110.0,4012.0,4092.6,25708550,4501.8,3683.4,4440.0,3288.1,4063.5,522,3,4062.7,4,2,4062.6,64,2,4062.3,27,1,4062.2,65,3,4064.4,388,5,4064.5,38,2,4064.6,40,3,4064.7,32,3,4064.8,3,1
11483,2026-07-02 14:56:32+05:30,4064.4,1,4036.11,2089878,172698.0,146234.0,4100.0,4110.0,4012.0,4092.6,25708550,4501.8,3683.4,4440.0,3288.1,4063.5,522,3,4062.7,4,2,4062.6,64,2,4062.3,27,1,4062.2,65,3,4064.4,388,5,4064.5,38,2,4064.6,40,3,4064.7,32,3,4064.8,3,1
11483,2026-07-02 14:56:33+05:30,4063.5,9,4036.12,2090995,171628.0,146805.0,4100.0,4110.0,4012.0,4092.6,25708550,4501.8,3683.4,4440.0,3288.1,4063.5,108,1,4062.4,28,2,4062.0,31,2,4061.9,27,1,4061.8,28,1,4064.1,39,2,4064.2,19,2,4064.3,47,3,4064.4,253,4,4064.5,39,4
11483,2026-07-02 14:56:33+05:30,4063.5,9,4036.12,2090995,171628.0,146805.0,4100.0,4110.0,4012.0,4092.6,25708550,4501.8,3683.4,4440.0,3288.1,4063.5,108,1,4062.4,28,2,4062.0,31,2,4061.9,27,1,4061.8,28,1,4064.1,39,2,4064.2,19,2,4064.3,47,3,4064.4,253,4,4064.5,39,4
11483,2026-07-02 14:56:34+05:30,4064.4,18,4036.12,2091227,171030.0,145730.0,4100.0,4110.0,4012.0,4092.6,25708550,4501.8,3683.4,4440.0,3288.1,4064.4,16,1,4063.3,32,2,4063.0,38,1,4062.9,75,4,4062.8,59,3,4064.5,6,2,4064.6,16,1,4064.7,5,1,4065.0,273,6,4065.1,19,1
11483,2026-07-02 14:56:34+05:30,4064.4,18,4036.12,2091227,171030.0,145730.0,4100.0,4110.0,4012.0,4092.6,25708550,4501.8,3683.4,4440.0,3288.1,4064.4,16,1,4063.3,32,2,4063.0,38,1,4062.9,75,4,4062.8,59,3,4064.5,6,2,4064.6,16,1,4064.7,5,1,4065.0,273,6,4065.1,19,1
11483,2026-07-02 14:56:35+05:30,4064.0,15,4036.13,2091411,169958.0,147009.0,4100.0,4110.0,4012.0,4092.6,25708550,4501.8,3683.4,4440.0,3288.1,4062.5,16,2,4062.4,28,2,4062.1,27,1,4062.0,31,2,4061.9,6,1,4064.0,45,4,4064.1,80,5,4064.2,50,3,4064.3,27,2,4064.4,57,3
11483,2026-07-02 14:56:35+05:30,4064.0,15,4036.13,2091411,169958.0,147009.0,4100.0,4110.0,4012.0,4092.6,25708550,4501.8,3683.4,4440.0,3288.1,4062.5,16,2,4062.4,28,2,4062.1,27,1,4062.0,31,2,4061.9,6,1,4064.0,45,4,4064.1,80,5,4064.2,50,3,4064.3,27,2,4064.4,57,3
11483,2026-07-02 14:56:36+05:30,4062.5,31,4036.13,2091455,170004.0,147807.0,4100.0,4110.0,4012.0,4092.6,25708550,4501.8,3683.4,4440.0,3288.1,4062.5,3,1,4062.4,1,1,4062.2,2,1,4062.1,27,1,4062.0,2,1,4063.5,101,1,4063.8,46,2,4063.9,10,1,4064.0,198,7,4064.1,119,5
11483,2026-07-02 14:56:36+05:30,4062.5,31,4036.13,2091455,170004.0,147807.0,4100.0,4110.0,4012.0,4092.6,25708550,4501.8,3683.4,4440.0,3288.1,4062.5,3,1,4062.4,1,1,4062.2,2,1,4062.1,27,1,4062.0,2,1,4063.5,101,1,4063.8,46,2,4063.9,10,1,4064.0,198,7,4064.1,119,5
11483,2026-07-02 14:56:37+05:30,4062.5,31,4036.13,2091455,170004.0,147807.0,4100.0,4110.0,4012.0,4092.6,25708550,4501.8,3683.4,4440.0,3288.1,4062.5,3,1,4062.4,1,1,4062.2,2,1,4062.1,27,1,4062.0,2,1,4063.5,101,1,4063.8,46,2,4063.9,10,1,4064.0,198,7,4064.1,119,5
11483,2026-07-02 14:56:37+05:30,4063.5,47,4036.13,2091552,170268.0,148379.0,4100.0,4110.0,4012.0,4092.6,25708550,4501.8,3683.4,4440.0,3288.1,4062.4,1,1,4062.2,2,1,4062.1,27,1,4062.0,2,1,4061.9,6,1,4063.5,363,4,4063.9,38,2,4064.0,154,5,4064.1,119,5,4064.2,29,2
11483,2026-07-02 14:56:37+05:30,4062.4,1,4036.13,2091552,170268.0,148379.0,4100.0,4110.0,4012.0,4092.6,25708550,4501.8,3683.4,4440.0,3288.1,4062.4,1,1,4062.2,2,1,4062.1,27,1,4062.0,2,1,4061.9,6,1,4063.5,363,4,4063.9,38,2,4064.0,154,5,4064.1,119,5,4064.2,29,2
11483,2026-07-02 14:56:37+05:30,4062.4,1,4036.13,2091552,170268.0,148379.0,4100.0,4110.0,4012.0,4092.6,25708550,4501.8,3683.4,4440.0,3288.1,4062.4,1,1,4062.2,2,1,4062.1,27,1,4062.0,2,1,4061.9,6,1,4063.5,363,4,4063.9,38,2,4064.0,154,5,4064.1,119,5,4064.2,29,2
11483,2026-07-02 14:56:38+05:30,4062.4,1,4036.13,2091552,170268.0,148379.0,4100.0,4110.0,4012.0,4092.6,25708550,4501.8,3683.4,4440.0,3288.1,4062.4,1,1,4062.2,2,1,4062.1,27,1,4062.0,2,1,4061.9,6,1,4063.5,363,4,4063.9,38,2,4064.0,154,5,4064.1,119,5,4064.2,29,2
11483,2026-07-02 14:56:38+05:30,4063.4,1,4036.13,2091619,169713.0,149171.0,4100.0,4110.0,4012.0,4092.6,25708550,4501.8,3683.4,4440.0,3288.1,4062.1,74,4,4062.0,47,2,4061.9,43,5,4061.8,6,1,4061.7,67,5,4063.5,41,3,4063.6,10,1,4063.7,28,1,4063.9,26,1,4064.0,119,3
11483,2026-07-02 14:56:38+05:30,4063.4,1,4036.13,2091619,169713.0,149171.0,4100.0,4110.0,4012.0,4092.6,25708550,4501.8,3683.4,4440.0,3288.1,4062.1,74,4,4062.0,47,2,4061.9,43,5,4061.8,6,1,4061.7,67,5,4063.5,41,3,4063.6,10,1,4063.7,28,1,4063.9,26,1,4064.0,119,3
11483,2026-07-02 14:56:38+05:30,4063.5,1,4036.13,2091619,169713.0,149171.0,4100.0,4110.0,4012.0,4092.6,25708550,4501.8,3683.4,4440.0,3288.1,4062.1,74,4,4062.0,47,2,4061.9,43,5,4061.8,6,1,4061.7,67,5,4063.5,41,3,4063.6,10,1,4063.7,28,1,4063.9,26,1,4064.0,119,3
11483,2026-07-02 14:56:39+05:30,4063.5,1,4036.13,2091619,169713.0,149171.0,4100.0,4110.0,4012.0,4092.6,25708550,4501.8,3683.4,4440.0,3288.1,4062.1,74,4,4062.0,47,2,4061.9,43,5,4061.8,6,1,4061.7,67,5,4063.5,41,3,4063.6,10,1,4063.7,28,1,4063.9,26,1,4064.0,119,3
11483,2026-07-02 14:56:39+05:30,4062.3,2,4036.13,2091702,169516.0,150353.0,4100.0,4110.0,4012.0,4092.6,25708550,4501.8,3683.4,4440.0,3288.1,4062.3,1,1,4062.1,12,1,4061.9,1,1,4061.7,18,1,4061.6,46,3,4063.4,16,1,4063.5,313,4,4063.6,10,1,4063.7,55,2,4063.9,18,2
11483,2026-07-02 14:56:39+05:30,4061.6,2,4036.13,2091702,169516.0,150353.0,4100.0,4110.0,4012.0,4092.6,25708550,4501.8,3683.4,4440.0,3288.1,4062.3,1,1,4062.1,12,1,4061.9,1,1,4061.7,18,1,4061.6,46,3,4063.4,16,1,4063.5,313,4,4063.6,10,1,4063.7,55,2,4063.9,18,2
11483,2026-07-02 14:56:39+05:30,4061.6,2,4036.13,2091702,169516.0,150353.0,4100.0,4110.0,4012.0,4092.6,25708550,4501.8,3683.4,4440.0,3288.1,4062.3,1,1,4062.1,12,1,4061.9,1,1,4061.7,18,1,4061.6,46,3,4063.4,16,1,4063.5,313,4,4063.6,10,1,4063.7,55,2,4063.9,18,2
11483,2026-07-02 14:56:40+05:30,4061.6,2,4036.13,2091702,169516.0,150353.0,4100.0,4110.0,4012.0,4092.6,25708550,4501.8,3683.4,4440.0,3288.1,4062.3,1,1,4062.1,12,1,4061.9,1,1,4061.7,18,1,4061.6,46,3,4063.4,16,1,4063.5,313,4,4063.6,10,1,4063.7,55,2,4063.9,18,2
11483,2026-07-02 14:56:40+05:30,4062.2,1,4036.13,2091753,169662.0,150209.0,4100.0,4110.0,4012.0,4092.6,25708550,4501.8,3683.4,4440.0,3288.1,4062.4,3,2,4062.0,39,1,4061.8,34,3,4061.7,16,1,4061.6,30,3,4063.0,5,1,4063.4,2,1,4063.5,301,2,4063.6,16,1,4063.7,44,2
11483,2026-07-02 14:56:40+05:30,4062.2,1,4036.13,2091753,169662.0,150209.0,4100.0,4110.0,4012.0,4092.6,25708550,4501.8,3683.4,4440.0,3288.1,4062.4,3,2,4062.0,39,1,4061.8,34,3,4061.7,16,1,4061.6,30,3,4063.0,5,1,4063.4,2,1,4063.5,301,2,4063.6,16,1,4063.7,44,2
11483,2026-07-02 14:56:40+05:30,4062.2,1,4036.13,2091753,169662.0,150209.0,4100.0,4110.0,4012.0,4092.6,25708550,4501.8,3683.4,4440.0,3288.1,4062.4,3,2,4062.0,39,1,4061.8,34,3,4061.7,16,1,4061.6,30,3,4063.0,5,1,4063.4,2,1,4063.5,301,2,4063.6,16,1,4063.7,44,2
11483,2026-07-02 14:56:40+05:30,4062.2,1,4036.13,2091753,169662.0,150209.0,4100.0,4110.0,4012.0,4092.6,25708550,4501.8,3683.4,4440.0,3288.1,4062.4,3,2,4062.0,39,1,4061.8,34,3,4061.7,16,1,4061.6,30,3,4063.0,5,1,4063.4,2,1,4063.5,301,2,4063.6,16,1,4063.7,44,2
11483,2026-07-02 14:56:41+05:30,4062.2,1,4036.13,2091753,169662.0,150209.0,4100.0,4110.0,4012.0,4092.6,25708550,4501.8,3683.4,4440.0,3288.1,4062.4,3,2,4062.0,39,1,4061.8,34,3,4061.7,16,1,4061.6,30,3,4063.0,5,1,4063.4,2,1,4063.5,301,2,4063.6,16,1,4063.7,44,2
11483,2026-07-02 14:56:41+05:30,4062.2,1,4036.13,2091753,169662.0,150209.0,4100.0,4110.0,4012.0,4092.6,25692450,4501.8,3683.4,4440.0,3288.1,4062.4,3,2,4062.0,39,1,4061.8,34,3,4061.7,16,1,4061.6,30,3,4063.0,5,1,4063.4,2,1,4063.5,301,2,4063.6,16,1,4063.7,44,2
11483,2026-07-02 14:56:41+05:30,4063.0,1,4036.13,2091765,169674.0,150012.0,4100.0,4110.0,4012.0,4092.6,25692450,4501.8,3683.4,4440.0,3288.1,4062.4,2,1,4062.0,39,1,4061.8,32,2,4061.7,18,2,4061.6,30,3,4063.0,4,1,4063.4,2,1,4063.5,7,1,4063.6,42,2,4063.7,44,2
11483,2026-07-02 14:56:41+05:30,4063.0,1,4036.13,2091765,169674.0,150012.0,4100.0,4110.0,4012.0,4092.6,25692450,4501.8,3683.4,4440.0,3288.1,4062.4,2,1,4062.0,39,1,4061.8,32,2,4061.7,18,2,4061.6,30,3,4063.0,4,1,4063.4,2,1,4063.5,7,1,4063.6,42,2,4063.7,44,2
11483,2026-07-02 14:56:41+05:30,4063.0,1,4036.13,2091765,169674.0,150012.0,4100.0,4110.0,4012.0,4092.6,25692450,4501.8,3683.4,4440.0,3288.1,4062.4,2,1,4062.0,39,1,4061.8,32,2,4061.7,18,2,4061.6,30,3,4063.0,4,1,4063.4,2,1,4063.5,7,1,4063.6,42,2,4063.7,44,2
11483,2026-07-02 14:56:42+05:30,4063.0,1,4036.13,2091765,169674.0,150012.0,4100.0,4110.0,4012.0,4092.6,25692450,4501.8,3683.4,4440.0,3288.1,4062.4,2,1,4062.0,39,1,4061.8,32,2,4061.7,18,2,4061.6,30,3,4063.0,4,1,4063.4,2,1,4063.5,7,1,4063.6,42,2,4063.7,44,2
11483,2026-07-02 14:56:42+05:30,4063.0,1,4036.13,2091765,169554.0,150539.0,4100.0,4110.0,4012.0,4092.6,25692450,4501.8,3683.4,4440.0,3288.1,4062.4,2,1,4062.0,41,2,4061.8,22,1,4061.7,18,2,4061.6,18,2,4063.0,329,3,4063.4,2,1,4063.5,8,2,4063.6,16,1,4063.7,66,3
11483,2026-07-02 14:56:42+05:30,4063.0,1,4036.13,2091765,169554.0,150539.0,4100.0,4110.0,4012.0,4092.6,25692450,4501.8,3683.4,4440.0,3288.1,4062.4,2,1,4062.0,41,2,4061.8,22,1,4061.7,18,2,4061.6,18,2,4063.0,329,3,4063.4,2,1,4063.5,8,2,4063.6,16,1,4063.7,66,3
11483,2026-07-02 14:56:42+05:30,4063.0,44,4036.13,2091765,169554.0,150539.0,4100.0,4110.0,4012.0,4092.6,25692450,4501.8,3683.4,4440.0,3288.1,4062.4,2,1,4062.0,41,2,4061.8,22,1,4061.7,18,2,4061.6,18,2,4063.0,329,3,4063.4,2,1,4063.5,8,2,4063.6,16,1,4063.7,66,3
11483,2026-07-02 14:56:43+05:30,4063.0,44,4036.13,2091765,169554.0,150539.0,4100.0,4110.0,4012.0,4092.6,25692450,4501.8,3683.4,4440.0,3288.1,4062.4,2,1,4062.0,41,2,4061.8,22,1,4061.7,18,2,4061.6,18,2,4063.0,329,3,4063.4,2,1,4063.5,8,2,4063.6,16,1,4063.7,66,3
11483,2026-07-02 14:56:43+05:30,4062.4,1,4036.13,2091817,169491.0,150466.0,4100.0,4110.0,4012.0,4092.6,25692450,4501.8,3683.4,4440.0,3288.1,4062.4,2,2,4062.0,2,1,4061.6,2,1,4061.5,18,1,4061.4,61,1,4063.0,296,3,4063.1,26,2,4063.2,18,1,4063.3,6,1,4063.5,34,3
11483,2026-07-02 14:56:43+05:30,4062.4,1,4036.13,2091817,169491.0,150466.0,4100.0,4110.0,4012.0,4092.6,25692450,4501.8,3683.4,4440.0,3288.1,4062.4,2,2,4062.0,2,1,4061.6,2,1,4061.5,18,1,4061.4,61,1,4063.0,296,3,4063.1,26,2,4063.2,18,1,4063.3,6,1,4063.5,34,3
11483,2026-07-02 14:56:44+05:30,4062.4,1,4036.13,2091817,169497.0,150775.0,4100.0,4110.0,4012.0,4092.6,25692450,4501.8,3683.4,4440.0,3288.1,4062.4,2,2,4062.0,2,1,4061.6,2,1,4061.5,18,1,4061.4,61,1,4063.0,296,3,4063.1,10,1,4063.3,26,2,4063.4,32,2,4063.5,84,5
11483,2026-07-02 14:56:45+05:30,4061.4,5,4036.13,2091840,170103.0,151228.0,4100.0,4110.0,4012.0,4092.6,25692450,4501.8,3683.4,4440.0,3288.1,4061.5,75,5,4061.4,10,1,4061.3,44,3,4061.1,217,3,4061.0,61,3,4062.0,32,1,4062.9,49,1,4063.0,281,3,4063.1,2,1,4063.2,13,1
11483,2026-07-02 14:56:45+05:30,4061.4,5,4036.13,2091840,170103.0,151228.0,4100.0,4110.0,4012.0,4092.6,25692450,4501.8,3683.4,4440.0,3288.1,4061.5,75,5,4061.4,10,1,4061.3,44,3,4061.1,217,3,4061.0,61,3,4062.0,32,1,4062.9,49,1,4063.0,281,3,4063.1,2,1,4063.2,13,1
11483,2026-07-02 14:56:46+05:30,4063.0,7,4036.13,2092064,169822.0,151019.0,4100.0,4110.0,4012.0,4092.6,25692450,4501.8,3683.4,4440.0,3288.1,4061.9,57,6,4061.7,10,1,4061.6,17,2,4061.4,28,2,4061.3,44,3,4063.0,143,2,4063.1,2,1,4063.4,10,1,4063.5,52,5,4063.7,22,1
11483,2026-07-02 14:56:46+05:30,4063.0,7,4036.13,2092064,169822.0,151019.0,4100.0,4110.0,4012.0,4092.6,25692450,4501.8,3683.4,4440.0,3288.1,4061.9,57,6,4061.7,10,1,4061.6,17,2,4061.4,28,2,4061.3,44,3,4063.0,143,2,4063.1,2,1,4063.4,10,1,4063.5,52,5,4063.7,22,1
11483,2026-07-02 14:56:47+05:30,4061.4,8,4036.14,2092211,169886.0,151180.0,4100.0,4110.0,4012.0,4092.6,25692450,4501.8,3683.4,4440.0,3288.1,4061.7,13,1,4061.6,42,3,4061.5,28,2,4061.4,24,2,4061.3,44,3,4063.0,143,2,4063.1,15,2,4063.4,10,1,4063.5,50,5,4063.7,22,1
11483,2026-07-02 14:56:47+05:30,4061.6,14,4036.14,2092211,169886.0,151180.0,4100.0,4110.0,4012.0,4092.6,25692450,4501.8,3683.4,4440.0,3288.1,4061.7,13,1,4061.6,42,3,4061.5,28,2,4061.4,24,2,4061.3,44,3,4063.0,143,2,4063.1,15,2,4063.4,10,1,4063.5,50,5,4063.7,22,1
11483,2026-07-02 14:56:48+05:30,4063.1,2,4036.14,2092391,169856.0,151071.0,4100.0,4110.0,4012.0,4092.6,25692450,4501.8,3683.4,4440.0,3288.1,4061.9,5,1,4061.8,44,3,4061.7,36,2,4061.6,29,2,4061.5,36,3,4063.1,13,1,4063.3,6,1,4063.4,15,2,4063.5,40,5,4063.7,16,1
11483,2026-07-02 14:56:48+05:30,4061.9,27,4036.14,2092391,169856.0,151071.0,4100.0,4110.0,4012.0,4092.6,25692450,4501.8,3683.4,4440.0,3288.1,4061.9,5,1,4061.8,44,3,4061.7,36,2,4061.6,29,2,4061.5,36,3,4063.1,13,1,4063.3,6,1,4063.4,15,2,4063.5,40,5,4063.7,16,1
11483,2026-07-02 14:56:49+05:30,4063.3,1,4036.14,2092568,169859.0,151439.0,4100.0,4110.0,4012.0,4092.6,25692450,4501.8,3683.4,4440.0,3288.1,4061.9,9,2,4061.8,4,1,4061.5,2,1,4061.3,12,1,4061.2,2,1,4062.9,53,3,4063.0,24,3,4063.1,16,2,4063.2,39,3,4063.3,60,4
11483,2026-07-02 14:56:49+05:30,4063.3,1,4036.14,2092568,169859.0,151439.0,4100.0,4110.0,4012.0,4092.6,25692450,4501.8,3683.4,4440.0,3288.1,4061.9,9,2,4061.8,4,1,4061.5,2,1,4061.3,12,1,4061.2,2,1,4062.9,53,3,4063.0,24,3,4063.1,16,2,4063.2,39,3,4063.3,60,4
11483,2026-07-02 14:56:50+05:30,4063.3,1,4036.14,2092568,170296.0,157250.0,4100.0,4110.0,4012.0,4092.6,25692450,4501.8,3683.4,4440.0,3288.1,4061.9,9,2,4061.8,8,2,4061.5,2,1,4061.3,12,1,4061.2,2,1,4062.7,15,1,4062.8,65,3,4062.9,300,1,4063.0,79,5,4063.1,43,3
11483,2026-07-02 14:56:50+05:30,4062.7,24,4036.14,2092568,170296.0,157250.0,4100.0,4110.0,4012.0,4092.6,25692450,4501.8,3683.4,4440.0,3288.1,4061.9,9,2,4061.8,8,2,4061.5,2,1,4061.3,12,1,4061.2,2,1,4062.7,15,1,4062.8,65,3,4062.9,300,1,4063.0,79,5,4063.1,43,3
11483,2026-07-02 14:56:51+05:30,4061.8,4,4036.14,2092703,169443.0,156896.0,4100.0,4110.0,4012.0,4092.6,25692450,4501.8,3683.4,4440.0,3288.1,4061.8,21,3,4061.5,2,1,4061.3,20,1,4061.0,26,1,4060.9,30,2,4062.4,5,1,4062.7,53,3,4062.8,14,2,4062.9,47,2,4063.0,56,5
11483,2026-07-02 14:56:51+05:30,4061.8,1,4036.14,2092703,169443.0,156896.0,4100.0,4110.0,4012.0,4092.6,25692450,4501.8,3683.4,4440.0,3288.1,4061.8,21,3,4061.5,2,1,4061.3,20,1,4061.0,26,1,4060.9,30,2,4062.4,5,1,4062.7,53,3,4062.8,14,2,4062.9,47,2,4063.0,56,5
11483,2026-07-02 14:56:52+05:30,4061.8,3,4036.14,2092714,170008.0,157572.0,4100.0,4110.0,4012.0,4092.6,25692450,4501.8,3683.4,4440.0,3288.1,4061.9,10,1,4061.8,8,2,4061.5,2,1,4060.9,58,3,4060.8,211,2,4062.4,305,4,4062.5,16,1,4062.6,18,1,4062.7,25,1,4062.8,14,2
11483,2026-07-02 14:56:52+05:30,4061.8,11,4036.14,2092714,170008.0,157572.0,4100.0,4110.0,4012.0,4092.6,25692450,4501.8,3683.4,4440.0,3288.1,4061.9,10,1,4061.8,8,2,4061.5,2,1,4060.9,58,3,4060.8,211,2,4062.4,305,4,4062.5,16,1,4062.6,18,1,4062.7,25,1,4062.8,14,2
11483,2026-07-02 14:56:53+05:30,4062.1,1,4036.14,2092756,168924.0,157834.0,4100.0,4110.0,4012.0,4092.6,25692450,4501.8,3683.4,4440.0,3288.1,4061.5,2,1,4060.6,30,2,4060.4,85,3,4060.2,29,1,4060.1,65,3,4062.1,14,1,4062.2,26,1,4062.3,34,3,4062.4,49,4,4062.5,16,1
11483,2026-07-02 14:56:53+05:30,4062.1,1,4036.14,2092756,168924.0,157834.0,4100.0,4110.0,4012.0,4092.6,25692450,4501.8,3683.4,4440.0,3288.1,4061.5,2,1,4060.6,30,2,4060.4,85,3,4060.2,29,1,4060.1,65,3,4062.1,14,1,4062.2,26,1,4062.3,34,3,4062.4,49,4,4062.5,16,1
11483,2026-07-02 14:56:54+05:30,4062.2,2,4036.14,2092782,168967.0,158319.0,4100.0,4110.0,4012.0,4092.6,25692450,4501.8,3683.4,4440.0,3288.1,4061.5,2,1,4061.4,1,1,4060.7,2,1,4060.6,28,1,4060.4,85,3,4062.0,292,1,4062.3,34,3,4062.4,19,3,4062.5,16,1,4062.6,65,4
11483,2026-07-02 14:56:54+05:30,4062.2,2,4036.14,2092782,168967.0,158319.0,4100.0,4110.0,4012.0,4092.6,25692450,4501.8,3683.4,4440.0,3288.1,4061.5,2,1,4061.4,1,1,4060.7,2,1,4060.6,28,1,4060.4,85,3,4062.0,292,1,4062.3,34,3,4062.4,19,3,4062.5,16,1,4062.6,65,4
11483,2026-07-02 14:56:55+05:30,4062.0,1,4036.14,2092783,169469.0,158404.0,4100.0,4110.0,4012.0,4092.6,25692450,4501.8,3683.4,4440.0,3288.1,4061.5,2,1,4061.4,2,2,4060.7,2,1,4060.6,28,1,4060.5,35,1,4062.0,293,2,4062.3,46,4,4062.4,19,3,4062.5,16,1,4062.6,65,4
11483,2026-07-02 14:56:55+05:30,4062.0,1,4036.14,2092783,169469.0,158404.0,4100.0,4110.0,4012.0,4092.6,25692450,4501.8,3683.4,4440.0,3288.1,4061.5,2,1,4061.4,2,2,4060.7,2,1,4060.6,28,1,4060.5,35,1,4062.0,293,2,4062.3,46,4,4062.4,19,3,4062.5,16,1,4062.6,65,4
11483,2026-07-02 14:56:56+05:30,4061.8,5,4036.15,2093089,169189.0,158029.0,4100.0,4110.0,4012.0,4092.6,25692450,4501.8,3683.4,4440.0,3288.1,4061.5,1,1,4061.4,2,2,4060.7,46,3,4060.6,28,1,4060.4,118,5,4061.8,3,1,4062.3,15,1,4062.4,19,3,4062.6,2,1,4062.7,74,2
11483,2026-07-02 14:56:56+05:30,4061.8,5,4036.15,2093089,169189.0,158029.0,4100.0,4110.0,4012.0,4092.6,25692450,4501.8,3683.4,4440.0,3288.1,4061.5,1,1,4061.4,2,2,4060.7,46,3,4060.6,28,1,4060.4,118,5,4061.8,3,1,4062.3,15,1,4062.4,19,3,4062.6,2,1,4062.7,74,2
11483,2026-07-02 14:56:57+05:30,4060.7,10,4036.15,2093119,168948.0,158614.0,4100.0,4110.0,4012.0,4092.6,25692450,4501.8,3683.4,4440.0,3288.1,4060.7,7,3,4060.4,77,3,4060.2,29,1,4060.1,28,2,4060.0,129,9,4061.8,3,1,4062.2,17,2,4062.3,65,2,4062.4,62,4,4062.5,54,2
11483,2026-07-02 14:56:57+05:30,4060.7,10,4036.15,2093119,168948.0,158614.0,4100.0,4110.0,4012.0,4092.6,25692450,4501.8,3683.4,4440.0,3288.1,4060.7,7,3,4060.4,77,3,4060.2,29,1,4060.1,28,2,4060.0,129,9,4061.8,3,1,4062.2,17,2,4062.3,65,2,4062.4,62,4,4062.5,54,2
11483,2026-07-02 14:56:58+05:30,4060.4,34,4036.15,2093158,168992.0,158490.0,4100.0,4110.0,4012.0,4092.6,25692450,4501.8,3683.4,4440.0,3288.1,4060.7,36,2,4060.6,17,2,4060.5,14,3,4060.4,68,5,4060.2,83,3,4061.8,288,2,4062.4,19,3,4062.5,5,1,4062.6,39,2,4062.7,27,1
11483,2026-07-02 14:56:58+05:30,4061.8,4,4036.15,2093158,168992.0,158490.0,4100.0,4110.0,4012.0,4092.6,25692450,4501.8,3683.4,4440.0,3288.1,4060.7,36,2,4060.6,17,2,4060.5,14,3,4060.4,68,5,4060.2,83,3,4061.8,288,2,4062.4,19,3,4062.5,5,1,4062.6,39,2,4062.7,27,1
11483,2026-07-02 14:56:59+05:30,4060.5,5,4036.15,2093215,168892.0,158965.0,4100.0,4110.0,4012.0,4092.6,25692450,4501.8,3683.4,4440.0,3288.1,4060.5,31,2,4060.4,41,4,4060.2,54,2,4060.1,28,2,4060.0,137,8,4061.8,281,1,4061.9,15,1,4062.4,21,3,4062.5,5,1,4062.6,54,3
11483,2026-07-02 14:56:59+05:30,4060.5,5,4036.15,2093215,168892.0,158965.0,4100.0,4110.0,4012.0,4092.6,25692450,4501.8,3683.4,4440.0,3288.1,4060.5,31,2,4060.4,41,4,4060.2,54,2,4060.1,28,2,4060.0,137,8,4061.8,281,1,4061.9,15,1,4062.4,21,3,4062.5,5,1,4062.6,54,3
11483,2026-07-02 14:57:00+05:30,4060.5,3,4036.15,2093239,168638.0,159398.0,4100.0,4110.0,4012.0,4092.6,25692450,4501.8,3683.4,4440.0,3288.1,4060.4,1,1,4060.1,1,1,4060.0,110,7,4059.9,2,1,4059.8,27,1,4061.6,17,1,4061.7,73,2,4061.8,322,3,4061.9,98,5,4062.0,113,3
11483,2026-07-02 14:57:00+05:30,4061.6,17,4036.15,2093239,168638.0,159398.0,4100.0,4110.0,4012.0,4092.6,25692450,4501.8,3683.4,4440.0,3288.1,4060.4,1,1,4060.1,1,1,4060.0,110,7,4059.9,2,1,4059.8,27,1,4061.6,17,1,4061.7,73,2,4061.8,322,3,4061.9,98,5,4062.0,113,3
11483,2026-07-02 14:57:01+05:30,4061.6,2,4036.15,2093265,169267.0,159120.0,4100.0,4110.0,4012.0,4092.6,25692450,4501.8,3683.4,4440.0,3288.1,4061.6,2,1,4060.5,1,1,4060.4,1,1,4060.1,96,4,4060.0,122,8,4061.8,434,3,4061.9,46,4,4062.0,59,2,4062.1,24,1,4062.2,14,1
11483,2026-07-02 14:57:01+05:30,4061.9,5,4036.15,2093265,169267.0,159120.0,4100.0,4110.0,4012.0,4092.6,25692450,4501.8,3683.4,4440.0,3288.1,4061.6,2,1,4060.5,1,1,4060.4,1,1,4060.1,96,4,4060.0,122,8,4061.8,434,3,4061.9,46,4,4062.0,59,2,4062.1,24,1,4062.2,14,1
11483,2026-07-02 14:57:02+05:30,4061.9,4,4036.16,2093769,169519.0,158689.0,4100.0,4110.0,4012.0,4092.6,25692450,4501.8,3683.4,4440.0,3288.1,4061.6,3,2,4060.5,1,1,4060.4,3,2,4060.3,45,1,4060.2,74,2,4061.9,5,1,4062.0,78,3,4062.1,15,1,4062.2,27,2,4062.3,16,1
11483,2026-07-02 14:57:02+05:30,4061.9,4,4036.16,2093769,169519.0,158689.0,4100.0,4110.0,4012.0,4092.6,25692450,4501.8,3683.4,4440.0,3288.1,4061.6,3,2,4060.5,1,1,4060.4,3,2,4060.3,45,1,4060.2,74,2,4061.9,5,1,4062.0,78,3,4062.1,15,1,4062.2,27,2,4062.3,16,1
11483,2026-07-02 14:57:03+05:30,4061.6,1,4036.16,2093810,169534.0,158704.0,4100.0,4110.0,4012.0,4092.6,25692450,4501.8,3683.4,4440.0,3288.1,4061.6,4,2,4060.5,1,1,4060.4,30,3,4060.3,45,1,4060.2,80,3,4061.9,14,1,4062.0,78,3,4062.1,15,1,4062.2,27,2,4062.3,16,1
11483,2026-07-02 14:57:03+05:30,4062.0,40,4036.16,2093810,169534.0,158704.0,4100.0,4110.0,4012.0,4092.6,25692450,4501.8,3683.4,4440.0,3288.1,4061.6,4,2,4060.5,1,1,4060.4,30,3,4060.3,45,1,4060.2,80,3,4061.9,14,1,4062.0,78,3,4062.1,15,1,4062.2,27,2,4062.3,16,1
11483,2026-07-02 14:57:04+05:30,4062.0,150,4036.16,2094099,169068.0,160684.0,4100.0,4110.0,4012.0,4092.6,25692450,4501.8,3683.4,4440.0,3288.1,4061.6,7,2,4060.7,2,1,4060.5,1,1,4060.4,1,1,4060.3,6,1,4062.0,155,1,4062.3,15,1,4062.4,40,5,4062.5,25,2,4062.6,60,3
11483,2026-07-02 14:57:04+05:30,4062.0,150,4036.16,2094099,169068.0,160684.0,4100.0,4110.0,4012.0,4092.6,25692450,4501.8,3683.4,4440.0,3288.1,4061.6,7,2,4060.7,2,1,4060.5,1,1,4060.4,1,1,4060.3,6,1,4062.0,155,1,4062.3,15,1,4062.4,40,5,4062.5,25,2,4062.6,60,3
11483,2026-07-02 14:57:05+05:30,4060.7,1,4036.16,2094126,168785.0,161145.0,4100.0,4110.0,4012.0,4092.6,25692450,4501.8,3683.4,4440.0,3288.1,4060.7,1,1,4060.5,1,1,4060.4,25,2,4060.3,24,1,4060.2,40,2,4061.5,5,1,4061.6,62,1,4062.4,38,4,4062.6,53,3,4062.7,27,1
11483,2026-07-02 14:57:05+05:30,4060.7,1,4036.16,2094126,168785.0,161145.0,4100.0,4110.0,4012.0,4092.6,25692450,4501.8,3683.4,4440.0,3288.1,4060.7,1,1,4060.5,1,1,4060.4,25,2,4060.3,24,1,4060.2,40,2,4061.5,5,1,4061.6,62,1,4062.4,38,4,4062.6,53,3,4062.7,27,1
11483,2026-07-02 14:57:06+05:30,4061.5,7,4036.16,2094161,168634.0,161267.0,4100.0,4110.0,4012.0,4092.6,25692450,4501.8,3683.4,4440.0,3288.1,4060.7,17,2,4060.6,5,2,4060.5,44,3,4060.4,20,1,4060.3,24,1,4061.5,5,1,4061.6,67,2,4062.4,50,5,4062.6,53,3,4062.7,33,2
11483,2026-07-02 14:57:06+05:30,4062.9,103,4036.16,2094161,168634.0,161267.0,4100.0,4110.0,4012.0,4092.6,25692450,4501.8,3683.4,4440.0,3288.1,4060.7,17,2,4060.6,5,2,4060.5,44,3,4060.4,20,1,4060.3,24,1,4061.5,5,1,4061.6,67,2,4062.4,50,5,4062.6,53,3,4062.7,33,2
11483,2026-07-02 14:57:07+05:30,4061.5,2,4036.17,2094747,169262.0,161571.0,4100.0,4110.0,4012.0,4092.6,25692450,4501.8,3683.4,4440.0,3288.1,4061.2,41,2,4061.1,3,1,4061.0,39,1,4060.9,47,4,4060.8,20,2,4062.7,30,2,4062.8,120,7,4062.9,345,3,4063.0,255,7,4063.3,8,3
11483,2026-07-02 14:57:07+05:30,4062.9,25,4036.17,2094747,169262.0,161571.0,4100.0,4110.0,4012.0,4092.6,25692450,4501.8,3683.4,4440.0,3288.1,4061.2,41,2,4061.1,3,1,4061.0,39,1,4060.9,47,4,4060.8,20,2,4062.7,30,2,4062.8,120,7,4062.9,345,3,4063.0,255,7,4063.3,8,3
11483,2026-07-02 14:57:08+05:30,4061.2,7,4036.17,2094930,169229.0,162435.0,4100.0,4110.0,4012.0,4092.6,25692450,4501.8,3683.4,4440.0,3288.1,4061.2,4,1,4061.1,18,2,4060.8,20,2,4060.7,3,1,4060.6,5,2,4062.0,25,1,4062.4,69,4,4062.5,29,1,4062.6,106,3,4062.7,90,3
11483,2026-07-02 14:57:08+05:30,4061.2,7,4036.17,2094930,169229.0,162435.0,4100.0,4110.0,4012.0,4092.6,25692450,4501.8,3683.4,4440.0,3288.1,4061.2,4,1,4061.1,18,2,4060.8,20,2,4060.7,3,1,4060.6,5,2,4062.0,25,1,4062.4,69,4,4062.5,29,1,4062.6,106,3,4062.7,90,3
11483,2026-07-02 14:57:09+05:30,4061.9,2,4036.17,2094932,169098.0,162348.0,4100.0,4110.0,4012.0,4092.6,25692450,4501.8,3683.4,4440.0,3288.1,4061.3,5,1,4061.2,4,1,4061.1,2,2,4060.6,2,1,4060.5,5,2,4061.9,48,1,4062.0,62,3,4062.1,20,1,4062.2,53,2,4062.3,26,1
11483,2026-07-02 14:57:09+05:30,4061.9,20,4036.17,2094932,169098.0,162348.0,4100.0,4110.0,4012.0,4092.6,25692450,4501.8,3683.4,4440.0,3288.1,4061.3,5,1,4061.2,4,1,4061.1,2,2,4060.6,2,1,4060.5,5,2,4061.9,48,1,4062.0,62,3,4062.1,20,1,4062.2,53,2,4062.3,26,1
11483,2026-07-02 14:57:10+05:30,4061.9,20,4036.17,2094952,169200.0,162362.0,4100.0,4110.0,4012.0,4092.6,25692450,4501.8,3683.4,4440.0,3288.1,4061.3,5,1,4061.2,4,1,4061.1,2,2,4060.6,2,1,4060.5,5,2,4061.9,28,1,4062.0,43,2,4062.1,20,1,4062.2,24,1,4062.3,26,1
11483,2026-07-02 14:57:11+05:30,4061.3,9,4036.17,2094974,169075.0,162685.0,4100.0,4110.0,4012.0,4092.6,25692450,4501.8,3683.4,4440.0,3288.1,4061.3,5,1,4061.2,4,1,4061.1,2,2,4061.0,1,1,4060.6,2,1,4061.9,383,6,4062.0,43,2,4062.1,40,2,4062.2,24,1,4062.3,41,2
11483,2026-07-02 14:57:11+05:30,4061.2,1,4036.17,2094974,169075.0,162685.0,4100.0,4110.0,4012.0,4092.6,25692450,4501.8,3683.4,4440.0,3288.1,4061.3,5,1,4061.2,4,1,4061.1,2,2,4061.0,1,1,4060.6,2,1,4061.9,383,6,4062.0,43,2,4062.1,40,2,4062.2,24,1,4062.3,41,2
11483,2026-07-02 14:57:12+05:30,4061.2,1,4036.17,2094984,168262.0,163236.0,4100.0,4110.0,4012.0,4092.6,25692450,4501.8,3683.4,4440.0,3288.1,4061.1,5,3,4061.0,1,1,4060.6,2,1,4060.4,1,1,4060.1,5,2,4061.9,519,6,4062.0,43,2,4062.1,40,2,4062.2,24,1,4062.3,41,2
11483,2026-07-02 14:57:13+05:30,4061.2,1,4036.17,2094984,168432.0,161355.0,4100.0,4110.0,4012.0,4092.6,25692450,4501.8,3683.4,4440.0,3288.1,4061.1,5,3,4061.0,1,1,4060.6,2,1,4060.4,1,1,4060.1,5,2,4061.2,20,1,4061.9,244,6,4062.0,43,2,4062.1,40,2,4062.2,24,1
11483,2026-07-02 14:57:13+05:30,4061.2,3,4036.17,2094984,168432.0,161355.0,4100.0,4110.0,4012.0,4092.6,25692450,4501.8,3683.4,4440.0,3288.1,4061.1,5,3,4061.0,1,1,4060.6,2,1,4060.4,1,1,4060.1,5,2,4061.2,20,1,4061.9,244,6,4062.0,43,2,4062.1,40,2,4062.2,24,1
11483,2026-07-02 14:57:14+05:30,4061.2,2,4036.17,2095024,168405.0,161188.0,4100.0,4110.0,4012.0,4092.6,25692450,4501.8,3683.4,4440.0,3288.1,4061.1,4,2,4061.0,1,1,4060.6,2,1,4060.4,1,1,4060.1,5,2,4061.2,15,1,4061.9,244,6,4062.0,43,2,4062.1,40,2,4062.2,24,1
11483,2026-07-02 14:57:14+05:30,4061.0,1,4036.17,2095024,168405.0,161188.0,4100.0,4110.0,4012.0,4092.6,25692450,4501.8,3683.4,4440.0,3288.1,4061.1,4,2,4061.0,1,1,4060.6,2,1,4060.4,1,1,4060.1,5,2,4061.2,15,1,4061.9,244,6,4062.0,43,2,4062.1,40,2,4062.2,24,1
11483,2026-07-02 14:57:15+05:30,4061.0,14,4036.17,2095050,168249.0,161611.0,4100.0,4110.0,4012.0,4092.6,25692450,4501.8,3683.4,4440.0,3288.1,4060.6,1,1,4060.4,1,1,4060.1,5,2,4060.0,148,11,4059.7,8,2,4061.0,5,1,4061.1,2,1,4061.2,17,2,4061.9,292,6,4062.0,43,2
11483,2026-07-02 14:57:15+05:30,4061.0,14,4036.17,2095050,168249.0,161611.0,4100.0,4110.0,4012.0,4092.6,25692450,4501.8,3683.4,4440.0,3288.1,4060.6,1,1,4060.4,1,1,4060.1,5,2,4060.0,148,11,4059.7,8,2,4061.0,5,1,4061.1,2,1,4061.2,17,2,4061.9,292,6,4062.0,43,2
11483,2026-07-02 14:57:16+05:30,4061.0,5,4036.17,2095065,168563.0,161679.0,4100.0,4110.0,4012.0,4092.6,25692450,4501.8,3683.4,4440.0,3288.1,4060.6,2,2,4060.4,1,1,4060.3,24,1,4060.2,14,1,4060.1,5,2,4061.0,291,2,4061.1,2,1,4061.2,17,2,4061.9,281,6,4062.0,25,1
11483,2026-07-02 14:57:16+05:30,4061.0,17,4036.17,2095065,168563.0,161679.0,4100.0,4110.0,4012.0,4092.6,25692450,4501.8,3683.4,4440.0,3288.1,4060.6,2,2,4060.4,1,1,4060.3,24,1,4060.2,14,1,4060.1,5,2,4061.0,291,2,4061.1,2,1,4061.2,17,2,4061.9,281,6,4062.0,25,1
11483,2026-07-02 14:57:17+05:30,4061.0,17,4036.17,2095087,168477.0,161435.0,4100.0,4110.0,4012.0,4092.6,25692450,4501.8,3683.4,4440.0,3288.1,4060.6,2,2,4060.5,1,1,4060.4,1,1,4060.1,5,2,4060.0,211,11,4061.0,275,3,4061.1,2,1,4061.2,15,1,4061.9,281,6,4062.0,50,2
11483,2026-07-02 14:57:18+05:30,4061.0,54,4036.18,2095341,167366.0,161428.0,4100.0,4110.0,4012.0,4092.6,25692450,4501.8,3683.4,4440.0,3288.1,4059.9,9,1,4059.8,75,4,4059.7,6,1,4059.6,15,2,4059.5,16,2,4061.0,221,3,4061.1,2,1,4061.2,15,1,4061.7,27,1,4061.9,131,5
11483,2026-07-02 14:57:18+05:30,4061.0,54,4036.18,2095341,167366.0,161428.0,4100.0,4110.0,4012.0,4092.6,25692450,4501.8,3683.4,4440.0,3288.1,4059.9,9,1,4059.8,75,4,4059.7,6,1,4059.6,15,2,4059.5,16,2,4061.0,221,3,4061.1,2,1,4061.2,15,1,4061.7,27,1,4061.9,131,5
11483,2026-07-02 14:57:19+05:30,4061.0,54,4036.18,2095341,167400.0,162593.0,4100.0,4110.0,4012.0,4092.6,25692450,4501.8,3683.4,4440.0,3288.1,4059.6,13,1,4059.5,74,6,4059.3,27,1,4059.2,14,1,4059.1,6,1,4060.0,40,1,4061.0,223,4,4061.1,2,1,4061.2,15,1,4061.7,40,2
11483,2026-07-02 14:57:20+05:30,4060.5,2,4036.18,2095385,167230.0,159413.0,4100.0,4110.0,4012.0,4092.6,25692450,4501.8,3683.4,4440.0,3288.1,4060.5,2,1,4060.1,23,2,4060.0,59,4,4059.9,3,1,4059.8,24,2,4060.9,15,1,4061.0,221,3,4061.7,29,2,4061.9,131,5,4062.0,50,2
11483,2026-07-02 14:57:20+05:30,4060.0,1,4036.18,2095385,167230.0,159413.0,4100.0,4110.0,4012.0,4092.6,25692450,4501.8,3683.4,4440.0,3288.1,4060.5,2,1,4060.1,23,2,4060.0,59,4,4059.9,3,1,4059.8,24,2,4060.9,15,1,4061.0,221,3,4061.7,29,2,4061.9,131,5,4062.0,50,2
11483,2026-07-02 14:57:21+05:30,4061.9,12,4036.18,2095769,167722.0,159858.0,4100.0,4110.0,4012.0,4092.6,25692450,4501.8,3683.4,4440.0,3288.1,4060.5,26,3,4060.4,3,1,4060.3,103,6,4060.2,20,2,4060.1,16,3,4061.9,40,2,4062.0,25,1,4062.1,21,1,4062.2,45,1,4062.3,60,1
11483,2026-07-02 14:57:21+05:30,4060.3,6,4036.18,2095769,167722.0,159858.0,4100.0,4110.0,4012.0,4092.6,25692450,4501.8,3683.4,4440.0,3288.1,4060.5,26,3,4060.4,3,1,4060.3,103,6,4060.2,20,2,4060.1,16,3,4061.9,40,2,4062.0,25,1,4062.1,21,1,4062.2,45,1,4062.3,60,1
11483,2026-07-02 14:57:22+05:30,4059.9,1,4036.18,2095948,167572.0,160580.0,4100.0,4110.0,4012.0,4092.6,25692450,4501.8,3683.4,4440.0,3288.1,4060.0,43,2,4059.9,1,1,4059.8,21,1,4059.7,11,2,4059.6,27,2,4061.0,12,1,4061.8,67,2,4061.9,89,5,4062.0,49,2,4062.1,46,2
11483,2026-07-02 14:57:22+05:30,4059.9,1,4036.18,2095948,167572.0,160580.0,4100.0,4110.0,4012.0,4092.6,25692450,4501.8,3683.4,4440.0,3288.1,4060.0,43,2,4059.9,1,1,4059.8,21,1,4059.7,11,2,4059.6,27,2,4061.0,12,1,4061.8,67,2,4061.9,89,5,4062.0,49,2,4062.1,46,2
11483,2026-07-02 14:57:23+05:30,4059.9,1,4036.18,2095948,167700.0,160541.0,4100.0,4110.0,4012.0,4092.6,25692450,4501.8,3683.4,4440.0,3288.1,4060.0,60,3,4059.9,1,1,4059.8,21,1,4059.7,11,2,4059.6,27,2,4061.0,112,2,4061.8,56,2,4061.9,66,3,4062.0,49,2,4062.1,46,2
11483,2026-07-02 14:57:24+05:30,4061.0,6,4036.18,2095956,167636.0,160638.0,4100.0,4110.0,4012.0,4092.6,25692450,4501.8,3683.4,4440.0,3288.1,4060.4,52,1,4060.0,43,2,4059.9,1,1,4059.8,21,1,4059.7,26,2,4061.0,363,2,4061.8,6,1,4061.9,66,3,4062.0,49,2,4062.1,46,2
11483,2026-07-02 14:57:24+05:30,4060.4,103,4036.18,2095956,167636.0,160638.0,4100.0,4110.0,4012.0,4092.6,25692450,4501.8,3683.4,4440.0,3288.1,4060.4,52,1,4060.0,43,2,4059.9,1,1,4059.8,21,1,4059.7,26,2,4061.0,363,2,4061.8,6,1,4061.9,66,3,4062.0,49,2,4062.1,46,2
11483,2026-07-02 14:57:25+05:30,4061.0,11,4036.18,2096072,167614.0,161228.0,4100.0,4110.0,4012.0,4092.6,25692450,4501.8,3683.4,4440.0,3288.1,4060.4,54,2,4059.9,1,1,4059.7,9,1,4059.6,5,2,4059.5,23,3,4061.0,352,3,4061.5,25,1,4061.6,5,1,4061.7,66,3,4061.8,38,2
11483,2026-07-02 14:57:25+05:30,4061.0,61,4036.18,2096072,167614.0,161228.0,4100.0,4110.0,4012.0,4092.6,25692450,4501.8,3683.4,4440.0,3288.1,4060.4,54,2,4059.9,1,1,4059.7,9,1,4059.6,5,2,4059.5,23,3,4061.0,352,3,4061.5,25,1,4061.6,5,1,4061.7,66,3,4061.8,38,2
11483,2026-07-02 14:57:26+05:30,4060.4,2,4036.19,2096446,167684.0,161143.0,4100.0,4110.0,4012.0,4092.6,25692450,4501.8,3683.4,4440.0,3288.1,4060.4,53,2,4059.9,1,1,4059.7,9,1,4059.6,29,3,4059.5,14,2,4061.0,195,2,4061.1,16,1,4061.2,33,2,4061.7,82,4,4061.8,45,2
11483,2026-07-02 14:57:26+05:30,4060.4,2,4036.19,2096446,167684.0,161143.0,4100.0,4110.0,4012.0,4092.6,25692450,4501.8,3683.4,4440.0,3288.1,4060.4,53,2,4059.9,1,1,4059.7,9,1,4059.6,29,3,4059.5,14,2,4061.0,195,2,4061.1,16,1,4061.2,33,2,4061.7,82,4,4061.8,45,2
11483,2026-07-02 14:57:27+05:30,4061.0,38,4036.19,2096490,167666.0,161077.0,4100.0,4110.0,4012.0,4092.6,25692450,4501.8,3683.4,4440.0,3288.1,4060.4,56,3,4059.9,1,1,4059.7,14,2,4059.6,5,2,4059.5,14,2,4061.0,261,4,4061.4,15,1,4061.5,5,1,4061.6,27,1,4061.7,57,3
11483,2026-07-02 14:57:27+05:30,4060.4,48,4036.19,2096490,167666.0,161077.0,4100.0,4110.0,4012.0,4092.6,25692450,4501.8,3683.4,4440.0,3288.1,4060.4,56,3,4059.9,1,1,4059.7,14,2,4059.6,5,2,4059.5,14,2,4061.0,261,4,4061.4,15,1,4061.5,5,1,4061.6,27,1,4061.7,57,3
11483,2026-07-02 14:57:28+05:30,4061.0,1,4036.19,2096597,167479.0,161213.0,4100.0,4110.0,4012.0,4092.6,25692450,4501.8,3683.4,4440.0,3288.1,4060.4,29,5,4059.9,1,1,4059.6,5,2,4059.5,14,2,4059.4,13,1,4061.0,286,6,4061.2,18,1,4061.3,20,1,4061.4,60,3,4061.5,30,2
11483,2026-07-02 14:57:28+05:30,4061.0,7,4036.19,2096597,167479.0,161213.0,4100.0,4110.0,4012.0,4092.6,25692450,4501.8,3683.4,4440.0,3288.1,4060.4,29,5,4059.9,1,1,4059.6,5,2,4059.5,14,2,4059.4,13,1,4061.0,286,6,4061.2,18,1,4061.3,20,1,4061.4,60,3,4061.5,30,2
11483,2026-07-02 14:57:29+05:30,4060.4,25,4036.19,2096734,167437.0,161225.0,4100.0,4110.0,4012.0,4092.6,25692450,4501.8,3683.4,4440.0,3288.1,4060.4,7,4,4059.9,1,1,4059.6,5,2,4059.5,15,3,4059.4,13,1,4061.0,264,5,4061.2,33,2,4061.3,20,1,4061.4,60,3,4061.5,50,2
11483,2026-07-02 14:57:29+05:30,4060.4,25,4036.19,2096734,167437.0,161225.0,4100.0,4110.0,4012.0,4092.6,25692450,4501.8,3683.4,4440.0,3288.1,4060.4,7,4,4059.9,1,1,4059.6,5,2,4059.5,15,3,4059.4,13,1,4061.0,264,5,4061.2,33,2,4061.3,20,1,4061.4,60,3,4061.5,50,2
11483,2026-07-02 14:57:30+05:30,4061.5,2,4036.2,2097280,168918.0,158828.0,4100.0,4110.0,4012.0,4092.6,25692450,4501.8,3683.4,4440.0,3288.1,4061.3,17,1,4061.2,37,1,4061.1,41,3,4061.0,34,1,4060.9,61,2,4062.9,27,2,4063.0,196,5,4063.3,17,2,4063.4,20,1,4063.5,33,3
11483,2026-07-02 14:57:30+05:30,4062.8,2,4036.2,2097280,168918.0,158828.0,4100.0,4110.0,4012.0,4092.6,25692450,4501.8,3683.4,4440.0,3288.1,4061.3,17,1,4061.2,37,1,4061.1,41,3,4061.0,34,1,4060.9,61,2,4062.9,27,2,4063.0,196,5,4063.3,17,2,4063.4,20,1,4063.5,33,3
11483,2026-07-02 14:57:31+05:30,4062.8,3,4036.2,2097323,168697.0,159197.0,4100.0,4110.0,4012.0,4092.6,25692450,4501.8,3683.4,4440.0,3288.1,4061.2,5,1,4061.1,2,1,4060.7,27,1,4060.6,49,1,4060.5,10,1,4061.9,1,1,4062.6,57,3,4062.7,33,3,4062.8,70,5,4062.9,115,5
11483,2026-07-02 14:57:31+05:30,4061.2,33,4036.2,2097323,168697.0,159197.0,4100.0,4110.0,4012.0,4092.6,25692450,4501.8,3683.4,4440.0,3288.1,4061.2,5,1,4061.1,2,1,4060.7,27,1,4060.6,49,1,4060.5,10,1,4061.9,1,1,4062.6,57,3,4062.7,33,3,4062.8,70,5,4062.9,115,5
11483,2026-07-02 14:57:32+05:30,4061.2,15,4036.2,2097371,168886.0,159621.0,4100.0,4110.0,4012.0,4092.6,25692450,4501.8,3683.4,4440.0,3288.1,4061.2,206,1,4060.7,63,3,4060.4,87,9,4060.3,13,1,4060.2,24,1,4061.9,297,2,4062.6,23,1,4062.7,12,1,4062.8,57,4,4062.9,118,6
11483,2026-07-02 14:57:32+05:30,4061.9,1,4036.2,2097371,168886.0,159621.0,4100.0,4110.0,4012.0,4092.6,25692450,4501.8,3683.4,4440.0,3288.1,4061.2,206,1,4060.7,63,3,4060.4,87,9,4060.3,13,1,4060.2,24,1,4061.9,297,2,4062.6,23,1,4062.7,12,1,4062.8,57,4,4062.9,118,6
11483,2026-07-02 14:57:33+05:30,4061.9,1,4036.2,2097372,168939.0,159621.0,4100.0,4110.0,4012.0,4092.6,25692450,4501.8,3683.4,4440.0,3288.1,4061.2,206,1,4060.7,63,3,4060.4,87,9,4060.3,13,1,4060.2,55,3,4061.9,296,1,4062.6,23,1,4062.7,12,1,4062.8,157,5,4062.9,118,6
11483,2026-07-02 14:57:34+05:30,4060.6,6,4036.2,2097760,168295.0,159158.0,4100.0,4110.0,4012.0,4092.6,25692450,4501.8,3683.4,4440.0,3288.1,4060.6,68,5,4060.5,29,7,4060.4,58,2,4060.3,28,1,4060.2,24,1,4061.9,134,1,4062.6,23,1,4062.7,51,3,4062.8,159,6,4062.9,124,5
11483,2026-07-02 14:57:34+05:30,4060.6,17,4036.2,2097760,168295.0,159158.0,4100.0,4110.0,4012.0,4092.6,25692450,4501.8,3683.4,4440.0,3288.1,4060.6,68,5,4060.5,29,7,4060.4,58,2,4060.3,28,1,4060.2,24,1,4061.9,134,1,4062.6,23,1,4062.7,51,3,4062.8,159,6,4062.9,124,5
11483,2026-07-02 14:57:35+05:30,4060.5,8,4036.21,2097880,168028.0,159889.0,4100.0,4110.0,4012.0,4092.6,25692450,4501.8,3683.4,4440.0,3288.1,4060.0,226,3,4059.7,177,2,4059.6,85,4,4059.5,46,4,4059.4,102,4,4061.0,30,1,4061.9,100,1,4062.5,48,3,4062.6,71,4,4062.7,57,4
11483,2026-07-02 14:57:35+05:30,4060.5,8,4036.21,2097880,168028.0,159889.0,4100.0,4110.0,4012.0,4092.6,25692450,4501.8,3683.4,4440.0,3288.1,4060.0,226,3,4059.7,177,2,4059.6,85,4,4059.5,46,4,4059.4,102,4,4061.0,30,1,4061.9,100,1,4062.5,48,3,4062.6,71,4,4062.7,57,4
11483,2026-07-02 14:57:36+05:30,4060.1,19,4036.21,2097937,168112.0,160082.0,4100.0,4110.0,4012.0,4092.6,25692450,4501.8,3683.4,4440.0,3288.1,4060.1,69,3,4060.0,181,2,4059.9,33,3,4059.7,175,1,4059.6,113,6,4061.0,299,3,4061.9,100,1,4062.0,5,1,4062.5,220,5,4062.6,71,4
11483,2026-07-02 14:57:36+05:30,4060.1,19,4036.21,2097937,168112.0,160082.0,4100.0,4110.0,4012.0,4092.6,25692450,4501.8,3683.4,4440.0,3288.1,4060.1,69,3,4060.0,181,2,4059.9,33,3,4059.7,175,1,4059.6,113,6,4061.0,299,3,4061.9,100,1,4062.0,5,1,4062.5,220,5,4062.6,71,4
11483,2026-07-02 14:57:37+05:30,4060.1,19,4036.21,2097937,168112.0,160082.0,4100.0,4110.0,4012.0,4092.6,25692450,4501.8,3683.4,4440.0,3288.1,4060.5,170,1,4060.2,199,2,4060.1,24,1,4060.0,10,2,4059.9,37,3,4060.6,20,1,4061.0,299,3,4061.9,120,2,4062.0,32,2,4062.3,13,1
11483,2026-07-02 14:57:37+05:30,4060.5,5,4036.21,2097942,167691.0,160747.0,4100.0,4110.0,4012.0,4092.6,25692450,4501.8,3683.4,4440.0,3288.1,4060.5,170,1,4060.2,199,2,4060.1,24,1,4060.0,10,2,4059.9,37,3,4060.6,20,1,4061.0,299,3,4061.9,120,2,4062.0,32,2,4062.3,13,1
11483,2026-07-02 14:57:37+05:30,4060.6,20,4036.21,2097942,167691.0,160747.0,4100.0,4110.0,4012.0,4092.6,25692450,4501.8,3683.4,4440.0,3288.1,4060.5,170,1,4060.2,199,2,4060.1,24,1,4060.0,10,2,4059.9,37,3,4060.6,20,1,4061.0,299,3,4061.9,120,2,4062.0,32,2,4062.3,13,1
11483,2026-07-02 14:57:38+05:30,4060.6,20,4036.21,2097942,167691.0,160747.0,4100.0,4110.0,4012.0,4092.6,25692450,4501.8,3683.4,4440.0,3288.1,4060.5,170,1,4060.2,199,2,4060.1,24,1,4060.0,10,2,4059.9,37,3,4060.6,20,1,4061.0,299,3,4061.9,120,2,4062.0,32,2,4062.3,13,1
11483,2026-07-02 14:57:38+05:30,4060.6,20,4036.21,2097962,167555.0,160777.0,4100.0,4110.0,4012.0,4092.6,25692450,4501.8,3683.4,4440.0,3288.1,4060.6,8,2,4060.5,170,1,4060.4,11,1,4060.2,199,2,4060.1,42,3,4061.0,299,3,4061.9,120,2,4062.0,32,2,4062.4,33,2,4062.5,216,5
11483,2026-07-02 14:57:38+05:30,4060.6,20,4036.21,2097962,167555.0,160777.0,4100.0,4110.0,4012.0,4092.6,25692450,4501.8,3683.4,4440.0,3288.1,4060.6,8,2,4060.5,170,1,4060.4,11,1,4060.2,199,2,4060.1,42,3,4061.0,299,3,4061.9,120,2,4062.0,32,2,4062.4,33,2,4062.5,216,5
11483,2026-07-02 14:57:39+05:30,4060.6,20,4036.21,2097962,167555.0,160777.0,4100.0,4110.0,4012.0,4092.6,25692450,4501.8,3683.4,4440.0,3288.1,4060.6,8,2,4060.5,170,1,4060.4,11,1,4060.2,199,2,4060.1,42,3,4061.0,299,3,4061.9,120,2,4062.0,32,2,4062.4,33,2,4062.5,216,5
11483,2026-07-02 14:57:39+05:30,4061.0,1,4036.21,2097980,167583.0,160907.0,4100.0,4110.0,4012.0,4092.6,25692450,4501.8,3683.4,4440.0,3288.1,4060.6,9,3,4060.5,170,1,4060.2,199,2,4060.1,42,3,4060.0,10,2,4061.0,282,2,4061.9,251,5,4062.0,32,2,4062.3,2,1,4062.4,33,2
11483,2026-07-02 14:57:39+05:30,4061.0,1,4036.21,2097980,167583.0,160907.0,4100.0,4110.0,4012.0,4092.6,25692450,4501.8,3683.4,4440.0,3288.1,4060.6,9,3,4060.5,170,1,4060.2,199,2,4060.1,42,3,4060.0,10,2,4061.0,282,2,4061.9,251,5,4062.0,32,2,4062.3,2,1,4062.4,33,2
11483,2026-07-02 14:57:40+05:30,4061.0,1,4036.21,2097980,167583.0,160907.0,4100.0,4110.0,4012.0,4092.6,25692450,4501.8,3683.4,4440.0,3288.1,4060.6,9,3,4060.5,170,1,4060.2,199,2,4060.1,42,3,4060.0,10,2,4061.0,282,2,4061.9,251,5,4062.0,32,2,4062.3,2,1,4062.4,33,2
11483,2026-07-02 14:57:40+05:30,4061.0,175,4036.21,2098156,167603.0,163241.0,4100.0,4110.0,4012.0,4092.6,25692450,4501.8,3683.4,4440.0,3288.1,4060.6,8,3,4060.2,175,1,4060.1,2,1,4060.0,88,3,4059.9,2,1,4061.0,107,2,4061.2,3000,1,4061.7,50,2,4061.9,280,6,4062.0,37,2
11483,2026-07-02 14:57:40+05:30,4061.0,175,4036.21,2098156,167603.0,163241.0,4100.0,4110.0,4012.0,4092.6,25692450,4501.8,3683.4,4440.0,3288.1,4060.6,8,3,4060.2,175,1,4060.1,2,1,4060.0,88,3,4059.9,2,1,4061.0,107,2,4061.2,3000,1,4061.7,50,2,4061.9,280,6,4062.0,37,2
11483,2026-07-02 14:57:40+05:30,4061.0,175,4036.21,2098156,167603.0,163241.0,4100.0,4110.0,4012.0,4092.6,25692450,4501.8,3683.4,4440.0,3288.1,4060.6,8,3,4060.2,175,1,4060.1,2,1,4060.0,88,3,4059.9,2,1,4061.0,107,2,4061.2,3000,1,4061.7,50,2,4061.9,280,6,4062.0,37,2
11483,2026-07-02 14:57:41+05:30,4061.0,175,4036.21,2098156,167603.0,163241.0,4100.0,4110.0,4012.0,4092.6,25692450,4501.8,3683.4,4440.0,3288.1,4060.6,8,3,4060.2,175,1,4060.1,2,1,4060.0,88,3,4059.9,2,1,4061.0,107,2,4061.2,3000,1,4061.7,50,2,4061.9,280,6,4062.0,37,2
11483,2026-07-02 14:57:41+05:30,4060.6,5,4036.21,2098156,167603.0,163241.0,4100.0,4110.0,4012.0,4092.6,25692450,4501.8,3683.4,4440.0,3288.1,4060.6,8,3,4060.2,175,1,4060.1,2,1,4060.0,88,3,4059.9,2,1,4061.0,107,2,4061.2,3000,1,4061.7,50,2,4061.9,280,6,4062.0,37,2
11483,2026-07-02 14:57:41+05:30,4060.6,5,4036.21,2098156,167603.0,163241.0,4100.0,4110.0,4012.0,4092.6,25689125,4501.8,3683.4,4440.0,3288.1,4060.6,8,3,4060.2,175,1,4060.1,2,1,4060.0,88,3,4059.9,2,1,4061.0,107,2,4061.2,3000,1,4061.7,50,2,4061.9,280,6,4062.0,37,2
11483,2026-07-02 14:57:41+05:30,4060.6,5,4036.21,2098161,167595.0,163373.0,4100.0,4110.0,4012.0,4092.6,25689125,4501.8,3683.4,4440.0,3288.1,4060.6,3,3,4060.1,2,1,4060.0,88,3,4059.9,2,1,4059.8,175,1,4061.0,130,4,4061.2,3000,1,4061.7,75,3,4061.9,268,5,4062.0,64,3
11483,2026-07-02 14:57:42+05:30,4060.6,5,4036.21,2098161,167595.0,163373.0,4100.0,4110.0,4012.0,4092.6,25689125,4501.8,3683.4,4440.0,3288.1,4060.6,3,3,4060.1,2,1,4060.0,88,3,4059.9,2,1,4059.8,175,1,4061.0,130,4,4061.2,3000,1,4061.7,75,3,4061.9,268,5,4062.0,64,3
11483,2026-07-02 14:57:42+05:30,4060.6,1,4036.21,2098161,167595.0,163373.0,4100.0,4110.0,4012.0,4092.6,25689125,4501.8,3683.4,4440.0,3288.1,4060.6,3,3,4060.1,2,1,4060.0,88,3,4059.9,2,1,4059.8,175,1,4061.0,130,4,4061.2,3000,1,4061.7,75,3,4061.9,268,5,4062.0,64,3
11483,2026-07-02 14:57:42+05:30,4061.0,116,4036.21,2098416,167922.0,163259.0,4100.0,4110.0,4012.0,4092.6,25689125,4501.8,3683.4,4440.0,3288.1,4061.0,207,1,4060.6,1,1,4060.0,35,1,4059.9,2,1,4059.8,175,1,4061.2,3000,1,4061.4,11,1,4061.5,14,1,4061.7,50,2,4061.9,129,3
11483,2026-07-02 14:57:43+05:30,4061.0,116,4036.21,2098416,167922.0,163259.0,4100.0,4110.0,4012.0,4092.6,25689125,4501.8,3683.4,4440.0,3288.1,4061.0,207,1,4060.6,1,1,4060.0,35,1,4059.9,2,1,4059.8,175,1,4061.2,3000,1,4061.4,11,1,4061.5,14,1,4061.7,50,2,4061.9,129,3
11483,2026-07-02 14:57:43+05:30,4061.0,207,4036.21,2098416,167922.0,163259.0,4100.0,4110.0,4012.0,4092.6,25689125,4501.8,3683.4,4440.0,3288.1,4061.0,207,1,4060.6,1,1,4060.0,35,1,4059.9,2,1,4059.8,175,1,4061.2,3000,1,4061.4,11,1,4061.5,14,1,4061.7,50,2,4061.9,129,3
11483,2026-07-02 14:57:43+05:30,4061.0,207,4036.21,2098624,167722.0,163461.0,4100.0,4110.0,4012.0,4092.6,25689125,4501.8,3683.4,4440.0,3288.1,4060.6,3,2,4060.1,175,1,4060.0,50,2,4059.9,2,1,4059.8,175,1,4061.0,100,1,4061.2,3306,2,4061.5,21,1,4061.6,38,2,4061.7,25,1
11483,2026-07-02 14:57:44+05:30,4061.0,1,4036.21,2098624,167722.0,163461.0,4100.0,4110.0,4012.0,4092.6,25689125,4501.8,3683.4,4440.0,3288.1,4060.6,3,2,4060.1,175,1,4060.0,50,2,4059.9,2,1,4059.8,175,1,4061.0,100,1,4061.2,3306,2,4061.5,21,1,4061.6,38,2,4061.7,25,1
11483,2026-07-02 14:57:44+05:30,4061.0,1,4036.21,2098625,167747.0,163717.0,4100.0,4110.0,4012.0,4092.6,25689125,4501.8,3683.4,4440.0,3288.1,4060.6,3,2,4060.5,2,1,4060.1,175,1,4060.0,50,2,4059.9,2,1,4061.0,199,2,4061.2,3063,2,4061.5,21,1,4061.6,38,2,4061.7,25,1
11483,2026-07-02 14:57:45+05:30,4061.0,3,4036.21,2098625,167747.0,163717.0,4100.0,4110.0,4012.0,4092.6,25689125,4501.8,3683.4,4440.0,3288.1,4060.6,3,2,4060.5,2,1,4060.1,175,1,4060.0,50,2,4059.9,2,1,4061.0,199,2,4061.2,3063,2,4061.5,21,1,4061.6,38,2,4061.7,25,1
11483,2026-07-02 14:57:46+05:30,4061.0,4,4036.22,2098822,167795.0,163904.0,4100.0,4110.0,4012.0,4092.6,25689125,4501.8,3683.4,4440.0,3288.1,4060.5,4,2,4060.1,175,1,4060.0,50,2,4059.9,2,1,4059.8,175,1,4061.0,308,2,4061.1,2,1,4061.2,3063,2,4061.5,21,1,4061.6,38,2
11483,2026-07-02 14:57:46+05:30,4061.0,161,4036.22,2098822,167795.0,163904.0,4100.0,4110.0,4012.0,4092.6,25689125,4501.8,3683.4,4440.0,3288.1,4060.5,4,2,4060.1,175,1,4060.0,50,2,4059.9,2,1,4059.8,175,1,4061.0,308,2,4061.1,2,1,4061.2,3063,2,4061.5,21,1,4061.6,38,2
11483,2026-07-02 14:57:47+05:30,4061.0,161,4036.22,2099005,167932.0,163444.0,4100.0,4110.0,4012.0,4092.6,25689125,4501.8,3683.4,4440.0,3288.1,4060.5,4,2,4060.4,1,1,4060.1,175,1,4060.0,50,2,4059.9,7,2,4061.0,130,2,4061.1,2,1,4061.2,3063,2,4061.6,17,1,4061.7,76,2
11483,2026-07-02 14:57:47+05:30,4061.0,5,4036.22,2099005,167932.0,163444.0,4100.0,4110.0,4012.0,4092.6,25689125,4501.8,3683.4,4440.0,3288.1,4060.5,4,2,4060.4,1,1,4060.1,175,1,4060.0,50,2,4059.9,7,2,4061.0,130,2,4061.1,2,1,4061.2,3063,2,4061.6,17,1,4061.7,76,2
11483,2026-07-02 14:57:48+05:30,4061.0,5,4036.22,2099010,167932.0,163710.0,4100.0,4110.0,4012.0,4092.6,25689125,4501.8,3683.4,4440.0,3288.1,4060.5,4,2,4060.4,1,1,4060.1,175,1,4060.0,50,2,4059.9,7,2,4061.0,125,2,4061.1,2,1,4061.2,3063,2,4061.6,17,1,4061.7,103,3
11483,2026-07-02 14:57:49+05:30,4061.0,5,4036.22,2099010,167923.0,163866.0,4100.0,4110.0,4012.0,4092.6,25689125,4501.8,3683.4,4440.0,3288.1,4060.5,2,1,4060.4,4,3,4060.1,175,1,4060.0,50,2,4059.9,7,2,4061.0,127,3,4061.1,2,1,4061.2,3063,2,4061.6,17,1,4061.7,103,3
11483,2026-07-02 14:57:50+05:30,4061.0,5,4036.22,2099010,167923.0,163959.0,4100.0,4110.0,4012.0,4092.6,25689125,4501.8,3683.4,4440.0,3288.1,4060.5,2,1,4060.4,4,3,4060.1,175,1,4060.0,50,2,4059.9,7,2,4061.0,127,3,4061.1,2,1,4061.2,3063,2,4061.7,106,3,4061.8,24,2
11483,2026-07-02 14:57:50+05:30,4060.5,2,4036.22,2099010,167923.0,163959.0,4100.0,4110.0,4012.0,4092.6,25689125,4501.8,3683.4,4440.0,3288.1,4060.5,2,1,4060.4,4,3,4060.1,175,1,4060.0,50,2,4059.9,7,2,4061.0,127,3,4061.1,2,1,4061.2,3063,2,4061.7,106,3,4061.8,24,2
11483,2026-07-02 14:57:51+05:30,4060.5,2,4036.22,2099012,168001.0,163442.0,4100.0,4110.0,4012.0,4092.6,25689125,4501.8,3683.4,4440.0,3288.1,4060.7,17,1,4060.6,202,2,4060.5,5,1,4060.4,16,5,4060.3,199,2,4061.0,127,3,4061.2,3063,2,4061.7,51,1,4061.9,129,3,4062.0,60,2
11483,2026-07-02 14:57:51+05:30,4060.7,12,4036.22,2099012,168001.0,163442.0,4100.0,4110.0,4012.0,4092.6,25689125,4501.8,3683.4,4440.0,3288.1,4060.7,17,1,4060.6,202,2,4060.5,5,1,4060.4,16,5,4060.3,199,2,4061.0,127,3,4061.2,3063,2,4061.7,51,1,4061.9,129,3,4062.0,60,2
11483,2026-07-02 14:57:52+05:30,4061.0,25,4036.22,2099054,167887.0,163722.0,4100.0,4110.0,4012.0,4092.6,25689125,4501.8,3683.4,4440.0,3288.1,4060.6,175,1,4060.4,5,4,4060.3,199,2,4060.2,14,1,4060.1,8,1,4061.0,102,3,4061.2,3063,2,4061.7,78,2,4061.9,129,3,4062.0,60,2
11483,2026-07-02 14:57:52+05:30,4060.6,75,4036.22,2099054,167887.0,163722.0,4100.0,4110.0,4012.0,4092.6,25689125,4501.8,3683.4,4440.0,3288.1,4060.6,175,1,4060.4,5,4,4060.3,199,2,4060.2,14,1,4060.1,8,1,4061.0,102,3,4061.2,3063,2,4061.7,78,2,4061.9,129,3,4062.0,60,2
11483,2026-07-02 14:57:53+05:30,4060.6,75,4036.22,2099244,167816.0,163990.0,4100.0,4110.0,4012.0,4092.6,25689125,4501.8,3683.4,4440.0,3288.1,4060.4,5,4,4060.3,175,1,4060.1,8,1,4060.0,50,2,4059.9,26,2,4061.0,237,4,4061.2,3063,2,4061.6,38,1,4061.7,78,2,4061.9,129,3
11483,2026-07-02 14:57:53+05:30,4061.0,2,4036.22,2099244,167816.0,163990.0,4100.0,4110.0,4012.0,4092.6,25689125,4501.8,3683.4,4440.0,3288.1,4060.4,5,4,4060.3,175,1,4060.1,8,1,4060.0,50,2,4059.9,26,2,4061.0,237,4,4061.2,3063,2,4061.6,38,1,4061.7,78,2,4061.9,129,3
11483,2026-07-02 14:57:54+05:30,4061.0,2,4036.22,2099512,167968.0,163685.0,4100.0,4110.0,4012.0,4092.6,25689125,4501.8,3683.4,4440.0,3288.1,4061.0,134,1,4060.3,207,5,4060.1,8,1,4060.0,51,3,4059.9,26,2,4061.2,3059,2,4061.9,133,4,4062.0,142,5,4062.1,79,2,4062.2,38,1
11483,2026-07-02 14:57:54+05:30,4061.0,134,4036.22,2099512,167968.0,163685.0,4100.0,4110.0,4012.0,4092.6,25689125,4501.8,3683.4,4440.0,3288.1,4061.0,134,1,4060.3,207,5,4060.1,8,1,4060.0,51,3,4059.9,26,2,4061.2,3059,2,4061.9,133,4,4062.0,142,5,4062.1,79,2,4062.2,38,1
11483,2026-07-02 14:57:55+05:30,4061.0,134,4036.23,2099646,168498.0,163902.0,4100.0,4110.0,4012.0,4092.6,25689125,4501.8,3683.4,4440.0,3288.1,4061.0,181,2,4060.7,1,1,4060.3,231,6,4060.1,8,1,4060.0,551,4,4061.2,3059,2,4061.9,133,4,4062.0,142,5,4062.1,79,2,4062.2,38,1
11483,2026-07-02 14:57:55+05:30,4061.0,32,4036.23,2099646,168498.0,163902.0,4100.0,4110.0,4012.0,4092.6,25689125,4501.8,3683.4,4440.0,3288.1,4061.0,181,2,4060.7,1,1,4060.3,231,6,4060.1,8,1,4060.0,551,4,4061.2,3059,2,4061.9,133,4,4062.0,142,5,4062.1,79,2,4062.2,38,1
11483,2026-07-02 14:57:56+05:30,4060.4,82,4036.23,2099936,167722.0,163938.0,4100.0,4110.0,4012.0,4092.6,25689125,4501.8,3683.4,4440.0,3288.1,4060.4,175,1,4060.3,32,4,4060.1,108,2,4060.0,551,4,4059.9,2,1,4061.1,82,1,4061.2,3059,2,4061.3,11,1,4061.7,26,1,4061.8,25,1
11483,2026-07-02 14:57:56+05:30,4060.4,82,4036.23,2099936,167722.0,163938.0,4100.0,4110.0,4012.0,4092.6,25689125,4501.8,3683.4,4440.0,3288.1,4060.4,175,1,4060.3,32,4,4060.1,108,2,4060.0,551,4,4059.9,2,1,4061.1,82,1,4061.2,3059,2,4061.3,11,1,4061.7,26,1,4061.8,25,1
11483,2026-07-02 14:57:57+05:30,4061.3,86,4036.27,2103544,169158.0,158811.0,4100.0,4110.0,4012.0,4092.6,25689125,4501.8,3683.4,4440.0,3288.1,4061.3,315,4,4061.2,11,1,4061.1,4,2,4061.0,1,1,4060.9,175,1,4061.5,2,1,4061.9,100,2,4062.0,66,3,4062.4,64,1,4062.5,194,2
11483,2026-07-02 14:57:57+05:30,4060.8,2,4036.27,2103544,169158.0,158811.0,4100.0,4110.0,4012.0,4092.6,25689125,4501.8,3683.4,4440.0,3288.1,4061.3,315,4,4061.2,11,1,4061.1,4,2,4061.0,1,1,4060.9,175,1,4061.5,2,1,4061.9,100,2,4062.0,66,3,4062.4,64,1,4062.5,194,2
11483,2026-07-02 14:57:58+05:30,4060.7,24,4036.28,2103951,168796.0,160201.0,4100.0,4110.0,4012.0,4092.6,25689125,4501.8,3683.4,4440.0,3288.1,4060.7,21,2,4060.6,16,1,4060.3,54,5,4060.2,29,2,4060.1,158,6,4061.5,2,1,4061.9,100,2,4062.0,66,3,4062.4,64,1,4062.5,221,3
11483,2026-07-02 14:57:58+05:30,4061.9,5,4036.28,2103951,168796.0,160201.0,4100.0,4110.0,4012.0,4092.6,25689125,4501.8,3683.4,4440.0,3288.1,4060.7,21,2,4060.6,16,1,4060.3,54,5,4060.2,29,2,4060.1,158,6,4061.5,2,1,4061.9,100,2,4062.0,66,3,4062.4,64,1,4062.5,221,3
11483,2026-07-02 14:57:59+05:30,4061.9,5,4036.28,2103958,169021.0,160318.0,4100.0,4110.0,4012.0,4092.6,25689125,4501.8,3683.4,4440.0,3288.1,4060.7,49,7,4060.6,228,4,4060.4,10,1,4060.3,72,3,4060.2,35,3,4061.9,95,2,4062.0,66,3,4062.4,64,1,4062.5,194,2,4062.7,2,1
11483,2026-07-02 14:57:59+05:30,4061.9,12,4036.28,2103958,169021.0,160318.0,4100.0,4110.0,4012.0,4092.6,25689125,4501.8,3683.4,4440.0,3288.1,4060.7,49,7,4060.6,228,4,4060.4,10,1,4060.3,72,3,4060.2,35,3,4061.9,95,2,4062.0,66,3,4062.4,64,1,4062.5,194,2,4062.7,2,1
11483,2026-07-02 14:58:00+05:30,4061.9,12,4036.28,2104051,168531.0,160689.0,4100.0,4110.0,4012.0,4092.6,25689125,4501.8,3683.4,4440.0,3288.1,4060.9,175,1,4060.8,175,1,4060.7,33,6,4060.4,38,1,4060.3,12,1,4061.9,366,4,4062.0,68,4,4062.3,10,1,4062.4,64,1,4062.5,221,3
11483,2026-07-02 14:58:00+05:30,4061.9,2,4036.28,2104051,168531.0,160689.0,4100.0,4110.0,4012.0,4092.6,25689125,4501.8,3683.4,4440.0,3288.1,4060.9,175,1,4060.8,175,1,4060.7,33,6,4060.4,38,1,4060.3,12,1,4061.9,366,4,4062.0,68,4,4062.3,10,1,4062.4,64,1,4062.5,221,3
11483,2026-07-02 14:58:01+05:30,4061.9,5,4036.28,2104196,168418.0,160786.0,4100.0,4110.0,4012.0,4092.6,25689125,4501.8,3683.4,4440.0,3288.1,4060.8,82,1,4060.7,9,5,4060.6,175,1,4060.4,38,1,4060.3,12,1,4061.9,314,3,4062.0,78,5,4062.3,10,1,4062.4,64,1,4062.5,221,3
11483,2026-07-02 14:58:01+05:30,4061.9,5,4036.28,2104196,168418.0,160786.0,4100.0,4110.0,4012.0,4092.6,25689125,4501.8,3683.4,4440.0,3288.1,4060.8,82,1,4060.7,9,5,4060.6,175,1,4060.4,38,1,4060.3,12,1,4061.9,314,3,4062.0,78,5,4062.3,10,1,4062.4,64,1,4062.5,221,3
11483,2026-07-02 14:58:02+05:30,4061.0,163,4036.28,2104359,168863.0,160820.0,4100.0,4110.0,4012.0,4092.6,25689125,4501.8,3683.4,4440.0,3288.1,4061.0,12,1,4060.9,34,5,4060.8,82,1,4060.6,199,2,4060.3,12,1,4061.9,314,3,4062.0,78,5,4062.3,10,1,4062.4,64,1,4062.5,221,3
11483,2026-07-02 14:58:02+05:30,4061.0,12,4036.28,2104359,168863.0,160820.0,4100.0,4110.0,4012.0,4092.6,25689125,4501.8,3683.4,4440.0,3288.1,4061.0,12,1,4060.9,34,5,4060.8,82,1,4060.6,199,2,4060.3,12,1,4061.9,314,3,4062.0,78,5,4062.3,10,1,4062.4,64,1,4062.5,221,3
11483,2026-07-02 14:58:03+05:30,4061.0,12,4036.28,2104371,168846.0,160975.0,4100.0,4110.0,4012.0,4092.6,25689125,4501.8,3683.4,4440.0,3288.1,4061.0,5,5,4060.8,82,1,4060.6,175,1,4060.3,12,1,4060.2,24,1,4061.9,314,3,4062.0,279,7,4062.3,10,1,4062.4,102,2,4062.5,223,4
11483,2026-07-02 14:58:03+05:30,4061.9,144,4036.28,2104371,168846.0,160975.0,4100.0,4110.0,4012.0,4092.6,25689125,4501.8,3683.4,4440.0,3288.1,4061.0,5,5,4060.8,82,1,4060.6,175,1,4060.3,12,1,4060.2,24,1,4061.9,314,3,4062.0,279,7,4062.3,10,1,4062.4,102,2,4062.5,223,4
11483,2026-07-02 14:58:04+05:30,4061.0,5,4036.28,2104592,168954.0,160118.0,4100.0,4110.0,4012.0,4092.6,25689125,4501.8,3683.4,4440.0,3288.1,4061.0,362,2,4060.8,82,1,4060.6,175,1,4060.5,24,1,4060.4,38,1,4061.9,134,2,4062.0,279,7,4062.3,12,1,4062.4,66,2,4062.5,221,3
11483,2026-07-02 14:58:04+05:30,4061.0,67,4036.28,2104592,168954.0,160118.0,4100.0,4110.0,4012.0,4092.6,25689125,4501.8,3683.4,4440.0,3288.1,4061.0,362,2,4060.8,82,1,4060.6,175,1,4060.5,24,1,4060.4,38,1,4061.9,134,2,4062.0,279,7,4062.3,12,1,4062.4,66,2,4062.5,221,3
11483,2026-07-02 14:58:05+05:30,4061.0,2,4036.29,2104821,168960.0,160592.0,4100.0,4110.0,4012.0,4092.6,25689125,4501.8,3683.4,4440.0,3288.1,4061.0,293,2,4060.8,82,1,4060.6,175,1,4060.3,12,1,4060.1,113,3,4061.3,50,1,4061.9,12,2,4062.0,277,6,4062.1,15,1,4062.2,77,3
11483,2026-07-02 14:58:05+05:30,4061.6,21,4036.29,2104821,168960.0,160592.0,4100.0,4110.0,4012.0,4092.6,25689125,4501.8,3683.4,4440.0,3288.1,4061.0,293,2,4060.8,82,1,4060.6,175,1,4060.3,12,1,4060.1,113,3,4061.3,50,1,4061.9,12,2,4062.0,277,6,4062.1,15,1,4062.2,77,3
11483,2026-07-02 14:58:06+05:30,4061.0,1,4036.29,2105315,167773.0,160561.0,4100.0,4110.0,4012.0,4092.6,25689125,4501.8,3683.4,4440.0,3288.1,4060.2,175,1,4060.1,190,3,4060.0,532,4,4059.9,2,1,4059.7,13,1,4061.0,7,1,4061.2,80,4,4061.3,33,2,4061.4,19,2,4061.5,42,3
11483,2026-07-02 14:58:06+05:30,4060.1,17,4036.29,2105315,167773.0,160561.0,4100.0,4110.0,4012.0,4092.6,25689125,4501.8,3683.4,4440.0,3288.1,4060.2,175,1,4060.1,190,3,4060.0,532,4,4059.9,2,1,4059.7,13,1,4061.0,7,1,4061.2,80,4,4061.3,33,2,4061.4,19,2,4061.5,42,3
11483,2026-07-02 14:58:07+05:30,4060.6,1,4036.3,2105940,168270.0,161763.0,4100.0,4110.0,4012.0,4092.6,25689125,4501.8,3683.4,4440.0,3288.1,4060.2,175,1,4060.1,86,2,4060.0,532,4,4059.9,2,1,4059.6,82,1,4060.6,11,1,4060.7,374,4,4060.8,48,2,4060.9,12,1,4061.0,338,5
11483,2026-07-02 14:58:07+05:30,4059.5,11,4036.3,2105940,168270.0,161763.0,4100.0,4110.0,4012.0,4092.6,25689125,4501.8,3683.4,4440.0,3288.1,4060.2,175,1,4060.1,86,2,4060.0,532,4,4059.9,2,1,4059.6,82,1,4060.6,11,1,4060.7,374,4,4060.8,48,2,4060.9,12,1,4061.0,338,5
11483,2026-07-02 14:58:08+05:30,4059.8,8,4036.31,2107050,167106.0,162779.0,4100.0,4110.0,4012.0,4092.6,25689125,4501.8,3683.4,4440.0,3288.1,4058.4,1,1,4058.2,11,1,4058.1,19,1,4058.0,291,3,4057.9,44,3,4059.8,55,2,4059.9,38,1,4060.0,25,2,4060.1,48,3,4060.2,28,2
11483,2026-07-02 14:58:08+05:30,4060.1,2,4036.31,2107050,167106.0,162779.0,4100.0,4110.0,4012.0,4092.6,25689125,4501.8,3683.4,4440.0,3288.1,4058.4,1,1,4058.2,11,1,4058.1,19,1,4058.0,291,3,4057.9,44,3,4059.8,55,2,4059.9,38,1,4060.0,25,2,4060.1,48,3,4060.2,28,2
11483,2026-07-02 14:58:09+05:30,4060.3,2,4036.31,2107061,167569.0,163384.0,4100.0,4110.0,4012.0,4092.6,25689125,4501.8,3683.4,4440.0,3288.1,4058.9,5,1,4058.6,78,1,4058.5,13,1,4058.4,12,2,4058.3,202,2,4060.0,16,1,4060.1,305,3,4060.2,43,3,4060.3,74,5,4060.4,159,7
11483,2026-07-02 14:58:09+05:30,4060.3,2,4036.31,2107061,167569.0,163384.0,4100.0,4110.0,4012.0,4092.6,25689125,4501.8,3683.4,4440.0,3288.1,4058.9,5,1,4058.6,78,1,4058.5,13,1,4058.4,12,2,4058.3,202,2,4060.0,16,1,4060.1,305,3,4060.2,43,3,4060.3,74,5,4060.4,159,7
11483,2026-07-02 14:58:10+05:30,4058.9,1,4036.31,2107062,167640.0,163299.0,4100.0,4110.0,4012.0,4092.6,25689125,4501.8,3683.4,4440.0,3288.1,4058.9,5,2,4058.6,78,1,4058.5,13,1,4058.4,12,2,4058.3,208,3,4060.0,2,1,4060.2,41,2,4060.3,74,5,4060.4,63,4,4060.5,43,4
11483,2026-07-02 14:58:10+05:30,4058.9,1,4036.31,2107062,167640.0,163299.0,4100.0,4110.0,4012.0,4092.6,25689125,4501.8,3683.4,4440.0,3288.1,4058.9,5,2,4058.6,78,1,4058.5,13,1,4058.4,12,2,4058.3,208,3,4060.0,2,1,4060.2,41,2,4060.3,74,5,4060.4,63,4,4060.5,43,4
11483,2026-07-02 14:58:11+05:30,4059.0,5,4036.31,2107077,167543.0,163244.0,4100.0,4110.0,4012.0,4092.6,25689125,4501.8,3683.4,4440.0,3288.1,4059.0,6,2,4058.9,1,1,4058.6,81,2,4058.5,13,1,4058.4,12,2,4060.0,296,1,4060.1,23,2,4060.2,48,5,4060.3,102,6,4060.4,63,4
11483,2026-07-02 14:58:11+05:30,4059.0,5,4036.31,2107077,167543.0,163244.0,4100.0,4110.0,4012.0,4092.6,25689125,4501.8,3683.4,4440.0,3288.1,4059.0,6,2,4058.9,1,1,4058.6,81,2,4058.5,13,1,4058.4,12,2,4060.0,296,1,4060.1,23,2,4060.2,48,5,4060.3,102,6,4060.4,63,4
11483,2026-07-02 14:58:12+05:30,4060.0,5,4036.31,2107082,167642.0,163203.0,4100.0,4110.0,4012.0,4092.6,25689125,4501.8,3683.4,4440.0,3288.1,4059.1,2,1,4059.0,1,1,4058.9,1,1,4058.6,81,2,4058.5,13,1,4060.0,291,1,4060.1,23,2,4060.2,48,5,4060.3,102,6,4060.4,63,4
11483,2026-07-02 14:58:12+05:30,4060.8,6,4036.31,2107082,167642.0,163203.0,4100.0,4110.0,4012.0,4092.6,25689125,4501.8,3683.4,4440.0,3288.1,4059.1,2,1,4059.0,1,1,4058.9,1,1,4058.6,81,2,4058.5,13,1,4060.0,291,1,4060.1,23,2,4060.2,48,5,4060.3,102,6,4060.4,63,4
11483,2026-07-02 14:58:13+05:30,4060.8,6,4036.32,2108082,167771.0,162475.0,4100.0,4110.0,4012.0,4092.6,25689125,4501.8,3683.4,4440.0,3288.1,4059.1,2,1,4059.0,1,1,4058.9,1,1,4058.8,12,1,4058.7,24,1,4060.3,9,1,4060.4,86,4,4060.5,69,2,4060.6,38,1,4060.7,50,2
11483,2026-07-02 14:58:14+05:30,4060.3,5,4036.32,2108087,167731.0,162463.0,4100.0,4110.0,4012.0,4092.6,25689125,4501.8,3683.4,4440.0,3288.1,4059.1,3,2,4059.0,1,1,4058.9,1,1,4058.8,12,1,4058.7,6,1,4060.3,4,1,4060.4,86,4,4060.5,35,1,4060.6,38,1,4060.7,50,2
11483,2026-07-02 14:58:14+05:30,4060.3,5,4036.32,2108087,167731.0,162463.0,4100.0,4110.0,4012.0,4092.6,25689125,4501.8,3683.4,4440.0,3288.1,4059.1,3,2,4059.0,1,1,4058.9,1,1,4058.8,12,1,4058.7,6,1,4060.3,4,1,4060.4,86,4,4060.5,35,1,4060.6,38,1,4060.7,50,2
11483,2026-07-02 14:58:15+05:30,4060.3,1,4036.32,2108089,167557.0,162896.0,4100.0,4110.0,4012.0,4092.6,25689125,4501.8,3683.4,4440.0,3288.1,4059.2,2,1,4059.1,2,2,4059.0,1,1,4058.9,1,1,4058.6,81,2,4060.3,307,3,4060.4,59,4,4060.5,27,1,4060.6,38,1,4060.7,90,3
11483,2026-07-02 14:58:15+05:30,4060.3,2,4036.32,2108089,167557.0,162896.0,4100.0,4110.0,4012.0,4092.6,25689125,4501.8,3683.4,4440.0,3288.1,4059.2,2,1,4059.1,2,2,4059.0,1,1,4058.9,1,1,4058.6,81,2,4060.3,307,3,4060.4,59,4,4060.5,27,1,4060.6,38,1,4060.7,90,3
11483,2026-07-02 14:58:16+05:30,4059.2,10,4036.32,2108114,167528.0,162966.0,4100.0,4110.0,4012.0,4092.6,25689125,4501.8,3683.4,4440.0,3288.1,4059.2,1,1,4059.1,2,2,4059.0,1,1,4058.9,1,1,4058.6,81,2,4060.2,99,5,4060.3,371,5,4060.4,35,3,4060.5,86,3,4060.7,90,3
11483,2026-07-02 14:58:16+05:30,4059.2,10,4036.32,2108114,167528.0,162966.0,4100.0,4110.0,4012.0,4092.6,25689125,4501.8,3683.4,4440.0,3288.1,4059.2,1,1,4059.1,2,2,4059.0,1,1,4058.9,1,1,4058.6,81,2,4060.2,99,5,4060.3,371,5,4060.4,35,3,4060.5,86,3,4060.7,90,3
11483,2026-07-02 14:58:17+05:30,4059.2,10,4036.32,2108114,167381.0,162781.0,4100.0,4110.0,4012.0,4092.6,25689125,4501.8,3683.4,4440.0,3288.1,4059.2,12,2,4059.1,2,2,4059.0,1,1,4058.9,1,1,4058.6,81,2,4060.1,82,4,4060.2,56,3,4060.3,57,3,4060.4,86,4,4060.5,86,3
11483,2026-07-02 14:58:18+05:30,4060.0,3,4036.32,2108117,167558.0,163083.0,4100.0,4110.0,4012.0,4092.6,25689125,4501.8,3683.4,4440.0,3288.1,4059.3,1,1,4059.2,1,1,4059.1,188,4,4059.0,1,1,4058.9,1,1,4060.0,497,6,4060.1,18,2,4060.2,56,3,4060.3,59,3,4060.4,35,3
11483,2026-07-02 14:58:18+05:30,4060.0,1,4036.32,2108117,167558.0,163083.0,4100.0,4110.0,4012.0,4092.6,25689125,4501.8,3683.4,4440.0,3288.1,4059.3,1,1,4059.2,1,1,4059.1,188,4,4059.0,1,1,4058.9,1,1,4060.0,497,6,4060.1,18,2,4060.2,56,3,4060.3,59,3,4060.4,35,3
11483,2026-07-02 14:58:19+05:30,4060.0,1,4036.32,2108119,167564.0,163080.0,4100.0,4110.0,4012.0,4092.6,25689125,4501.8,3683.4,4440.0,3288.1,4059.3,1,1,4059.2,1,1,4059.1,188,4,4059.0,1,1,4058.9,1,1,4060.0,495,6,4060.1,18,2,4060.2,56,3,4060.3,59,3,4060.4,34,2
11483,2026-07-02 14:58:20+05:30,4059.2,1,4036.32,2108121,167569.0,163441.0,4100.0,4110.0,4012.0,4092.6,25689125,4501.8,3683.4,4440.0,3288.1,4059.1,188,4,4059.0,1,1,4058.9,1,1,4058.6,81,2,4058.5,13,1,4060.0,497,7,4060.1,16,1,4060.2,56,3,4060.3,59,3,4060.4,32,1
11483,2026-07-02 14:58:20+05:30,4059.2,1,4036.32,2108121,167569.0,163441.0,4100.0,4110.0,4012.0,4092.6,25689125,4501.8,3683.4,4440.0,3288.1,4059.1,188,4,4059.0,1,1,4058.9,1,1,4058.6,81,2,4058.5,13,1,4060.0,497,7,4060.1,16,1,4060.2,56,3,4060.3,59,3,4060.4,32,1
11483,2026-07-02 14:58:21+05:30,4059.2,1,4036.32,2108121,167609.0,163597.0,4100.0,4110.0,4012.0,4092.6,25689125,4501.8,3683.4,4440.0,3288.1,4059.3,2,2,4059.1,188,4,4058.6,81,2,4058.5,13,1,4058.4,1,1,4060.0,549,9,4060.1,16,1,4060.2,56,3,4060.3,59,3,4060.4,32,1
11483,2026-07-02 14:58:22+05:30,4059.1,1,4036.32,2108124,167278.0,163427.0,4100.0,4110.0,4012.0,4092.6,25689125,4501.8,3683.4,4440.0,3288.1,4059.1,188,4,4058.6,81,2,4058.4,1,1,4058.2,13,1,4058.1,37,2,4060.0,553,10,4060.1,16,1,4060.2,56,3,4060.3,59,3,4060.4,32,1
11483,2026-07-02 14:58:22+05:30,4059.1,1,4036.32,2108124,167278.0,163427.0,4100.0,4110.0,4012.0,4092.6,25689125,4501.8,3683.4,4440.0,3288.1,4059.1,188,4,4058.6,81,2,4058.4,1,1,4058.2,13,1,4058.1,37,2,4060.0,553,10,4060.1,16,1,4060.2,56,3,4060.3,59,3,4060.4,32,1
11483,2026-07-02 14:58:23+05:30,4059.1,1,4036.32,2108124,167257.0,163481.0,4100.0,4110.0,4012.0,4092.6,25689125,4501.8,3683.4,4440.0,3288.1,4059.3,1,1,4059.1,188,4,4058.6,81,2,4058.4,1,1,4058.3,10,1,4060.0,563,11,4060.1,16,1,4060.2,56,3,4060.3,59,3,4060.4,32,1
11483,2026-07-02 14:58:23+05:30,4060.0,50,4036.32,2108124,167257.0,163481.0,4100.0,4110.0,4012.0,4092.6,25689125,4501.8,3683.4,4440.0,3288.1,4059.3,1,1,4059.1,188,4,4058.6,81,2,4058.4,1,1,4058.3,10,1,4060.0,563,11,4060.1,16,1,4060.2,56,3,4060.3,59,3,4060.4,32,1
11483,2026-07-02 14:58:24+05:30,4060.0,1,4036.33,2108692,168158.0,163226.0,4100.0,4110.0,4012.0,4092.6,25689125,4501.8,3683.4,4440.0,3288.1,4059.2,175,1,4059.1,190,5,4058.6,81,2,4058.5,18,2,4058.4,3,2,4060.0,205,4,4060.1,24,1,4060.3,83,4,4060.4,32,1,4060.5,35,1
11483,2026-07-02 14:58:24+05:30,4059.2,1,4036.33,2108692,168158.0,163226.0,4100.0,4110.0,4012.0,4092.6,25689125,4501.8,3683.4,4440.0,3288.1,4059.2,175,1,4059.1,190,5,4058.6,81,2,4058.5,18,2,4058.4,3,2,4060.0,205,4,4060.1,24,1,4060.3,83,4,4060.4,32,1,4060.5,35,1
11483,2026-07-02 14:58:25+05:30,4060.0,23,4036.33,2108865,168218.0,162396.0,4100.0,4110.0,4012.0,4092.6,25689125,4501.8,3683.4,4440.0,3288.1,4059.2,182,2,4059.1,190,5,4058.6,114,4,4058.5,17,2,4058.4,52,3,4060.0,1,1,4060.3,69,4,4060.4,32,1,4060.5,35,1,4060.6,35,1
11483,2026-07-02 14:58:25+05:30,4059.2,3,4036.33,2108865,168218.0,162396.0,4100.0,4110.0,4012.0,4092.6,25689125,4501.8,3683.4,4440.0,3288.1,4059.2,182,2,4059.1,190,5,4058.6,114,4,4058.5,17,2,4058.4,52,3,4060.0,1,1,4060.3,69,4,4060.4,32,1,4060.5,35,1,4060.6,35,1
11483,2026-07-02 14:58:26+05:30,4060.0,6,4036.33,2108880,167730.0,163041.0,4100.0,4110.0,4012.0,4092.6,25689125,4501.8,3683.4,4440.0,3288.1,4059.2,184,3,4059.1,177,2,4058.6,81,2,4058.5,12,1,4058.4,3,2,4060.0,472,7,4060.1,24,1,4060.3,69,4,4060.4,32,1,4060.5,86,3
11483,2026-07-02 14:58:26+05:30,4060.0,6,4036.33,2108880,167730.0,163041.0,4100.0,4110.0,4012.0,4092.6,25689125,4501.8,3683.4,4440.0,3288.1,4059.2,184,3,4059.1,177,2,4058.6,81,2,4058.5,12,1,4058.4,3,2,4060.0,472,7,4060.1,24,1,4060.3,69,4,4060.4,32,1,4060.5,86,3
11483,2026-07-02 14:58:27+05:30,4060.0,6,4036.33,2108880,167733.0,163249.0,4100.0,4110.0,4012.0,4092.6,25689125,4501.8,3683.4,4440.0,3288.1,4059.2,184,3,4059.1,177,2,4058.6,81,2,4058.5,12,1,4058.4,48,2,4059.9,10,1,4060.0,473,8,4060.1,24,1,4060.3,80,5,4060.4,32,1
11483,2026-07-02 14:58:28+05:30,4059.9,1,4036.33,2108886,167618.0,163107.0,4100.0,4110.0,4012.0,4092.6,25689125,4501.8,3683.4,4440.0,3288.1,4059.2,183,4,4059.1,177,2,4058.6,81,2,4058.5,12,1,4058.4,48,2,4059.9,9,1,4060.0,474,9,4060.1,24,1,4060.3,80,5,4060.4,32,1
11483,2026-07-02 14:58:28+05:30,4059.9,8,4036.33,2108886,167618.0,163107.0,4100.0,4110.0,4012.0,4092.6,25689125,4501.8,3683.4,4440.0,3288.1,4059.2,183,4,4059.1,177,2,4058.6,81,2,4058.5,12,1,4058.4,48,2,4059.9,9,1,4060.0,474,9,4060.1,24,1,4060.3,80,5,4060.4,32,1
11483,2026-07-02 14:58:29+05:30,4059.9,8,4036.33,2108894,167580.0,163111.0,4100.0,4110.0,4012.0,4092.6,25689125,4501.8,3683.4,4440.0,3288.1,4059.2,192,5,4059.1,177,2,4058.6,81,2,4058.5,12,1,4058.4,1,1,4059.9,29,4,4060.0,443,7,4060.1,24,1,4060.2,27,1,4060.3,80,5
11483,2026-07-02 14:58:30+05:30,4059.2,1,4036.33,2108895,167579.0,163161.0,4100.0,4110.0,4012.0,4092.6,25689125,4501.8,3683.4,4440.0,3288.1,4059.2,191,5,4059.1,177,2,4058.6,81,2,4058.5,12,1,4058.4,1,1,4059.9,30,5,4060.0,444,7,4060.1,24,1,4060.2,27,1,4060.3,80,5
11483,2026-07-02 14:58:30+05:30,4060.0,3,4036.33,2108895,167579.0,163161.0,4100.0,4110.0,4012.0,4092.6,25689125,4501.8,3683.4,4440.0,3288.1,4059.2,191,5,4059.1,177,2,4058.6,81,2,4058.5,12,1,4058.4,1,1,4059.9,30,5,4060.0,444,7,4060.1,24,1,4060.2,27,1,4060.3,80,5
11483,2026-07-02 14:58:31+05:30,4059.9,1,4036.33,2108943,167621.0,163067.0,4100.0,4110.0,4012.0,4092.6,25689125,4501.8,3683.4,4440.0,3288.1,4059.2,188,5,4059.1,177,2,4058.6,81,2,4058.5,12,1,4058.4,1,1,4059.9,1,1,4060.0,452,7,4060.1,24,1,4060.2,51,2,4060.3,58,5
11483,2026-07-02 14:58:31+05:30,4059.2,9,4036.33,2108943,167621.0,163067.0,4100.0,4110.0,4012.0,4092.6,25689125,4501.8,3683.4,4440.0,3288.1,4059.2,188,5,4059.1,177,2,4058.6,81,2,4058.5,12,1,4058.4,1,1,4059.9,1,1,4060.0,452,7,4060.1,24,1,4060.2,51,2,4060.3,58,5
11483,2026-07-02 14:58:32+05:30,4060.0,1,4036.33,2108962,167623.0,163083.0,4100.0,4110.0,4012.0,4092.6,25689125,4501.8,3683.4,4440.0,3288.1,4059.2,179,5,4059.1,177,2,4058.6,81,2,4058.5,12,1,4058.4,1,1,4060.0,443,7,4060.1,48,2,4060.2,51,2,4060.3,58,5,4060.4,34,2
11483,2026-07-02 14:58:32+05:30,4059.2,90,4036.33,2108962,167623.0,163083.0,4100.0,4110.0,4012.0,4092.6,25689125,4501.8,3683.4,4440.0,3288.1,4059.2,179,5,4059.1,177,2,4058.6,81,2,4058.5,12,1,4058.4,1,1,4060.0,443,7,4060.1,48,2,4060.2,51,2,4060.3,58,5,4060.4,34,2
11483,2026-07-02 14:58:33+05:30,4059.2,15,4036.34,2109067,167609.0,163109.0,4100.0,4110.0,4012.0,4092.6,25689125,4501.8,3683.4,4440.0,3288.1,4059.2,204,7,4059.1,183,2,4058.6,81,2,4058.5,18,2,4058.4,1,1,4060.0,443,7,4060.1,48,2,4060.2,27,1,4060.3,58,5,4060.4,34,2
11483,2026-07-02 14:58:33+05:30,4059.2,15,4036.34,2109067,167609.0,163109.0,4100.0,4110.0,4012.0,4092.6,25689125,4501.8,3683.4,4440.0,3288.1,4059.2,204,7,4059.1,183,2,4058.6,81,2,4058.5,18,2,4058.4,1,1,4060.0,443,7,4060.1,48,2,4060.2,27,1,4060.3,58,5,4060.4,34,2
11483,2026-07-02 14:58:34+05:30,4059.2,15,4036.34,2109067,167656.0,163267.0,4100.0,4110.0,4012.0,4092.6,25689125,4501.8,3683.4,4440.0,3288.1,4059.2,204,7,4059.1,183,2,4058.6,81,2,4058.5,12,1,4058.4,1,1,4060.0,443,7,4060.1,72,3,4060.2,27,1,4060.3,49,4,4060.4,32,1
11483,2026-07-02 14:58:34+05:30,4060.0,61,4036.34,2109067,167656.0,163267.0,4100.0,4110.0,4012.0,4092.6,25689125,4501.8,3683.4,4440.0,3288.1,4059.2,204,7,4059.1,183,2,4058.6,81,2,4058.5,12,1,4058.4,1,1,4060.0,443,7,4060.1,72,3,4060.2,27,1,4060.3,49,4,4060.4,32,1
11483,2026-07-02 14:58:35+05:30,4059.2,2,4036.34,2109258,167581.0,163109.0,4100.0,4110.0,4012.0,4092.6,25689125,4501.8,3683.4,4440.0,3288.1,4059.2,174,7,4059.1,183,2,4058.6,81,2,4058.5,12,1,4058.4,1,1,4060.0,349,7,4060.1,42,2,4060.2,54,2,4060.3,74,5,4060.4,32,1
11483,2026-07-02 14:58:35+05:30,4059.2,4,4036.34,2109258,167581.0,163109.0,4100.0,4110.0,4012.0,4092.6,25689125,4501.8,3683.4,4440.0,3288.1,4059.2,174,7,4059.1,183,2,4058.6,81,2,4058.5,12,1,4058.4,1,1,4060.0,349,7,4060.1,42,2,4060.2,54,2,4060.3,74,5,4060.4,32,1
11483,2026-07-02 14:58:36+05:30,4059.2,4,4036.34,2109283,167508.0,163134.0,4100.0,4110.0,4012.0,4092.6,25689125,4501.8,3683.4,4440.0,3288.1,4059.2,157,6,4059.1,183,2,4058.6,81,2,4058.5,12,1,4058.4,1,1,4060.0,349,7,4060.1,42,2,4060.2,54,2,4060.3,74,5,4060.4,32,1
11483,2026-07-02 14:58:36+05:30,4059.2,24,4036.34,2109283,167508.0,163134.0,4100.0,4110.0,4012.0,4092.6,25689125,4501.8,3683.4,4440.0,3288.1,4059.2,157,6,4059.1,183,2,4058.6,81,2,4058.5,12,1,4058.4,1,1,4060.0,349,7,4060.1,42,2,4060.2,54,2,4060.3,74,5,4060.4,32,1
11483,2026-07-02 14:58:37+05:30,4059.3,4,4036.34,2109343,167490.0,163099.0,4100.0,4110.0,4012.0,4092.6,25689125,4501.8,3683.4,4440.0,3288.1,4059.3,95,1,4059.2,27,3,4059.1,183,2,4058.6,81,2,4058.5,12,1,4060.0,349,7,4060.1,42,2,4060.2,27,1,4060.3,74,5,4060.4,32,1
11483,2026-07-02 14:58:37+05:30,4060.0,67,4036.34,2109343,167490.0,163099.0,4100.0,4110.0,4012.0,4092.6,25689125,4501.8,3683.4,4440.0,3288.1,4059.3,95,1,4059.2,27,3,4059.1,183,2,4058.6,81,2,4058.5,12,1,4060.0,349,7,4060.1,42,2,4060.2,27,1,4060.3,74,5,4060.4,32,1
11483,2026-07-02 14:58:37+05:30,4060.0,67,4036.34,2109343,167490.0,163099.0,4100.0,4110.0,4012.0,4092.6,25689125,4501.8,3683.4,4440.0,3288.1,4059.3,95,1,4059.2,27,3,4059.1,183,2,4058.6,81,2,4058.5,12,1,4060.0,349,7,4060.1,42,2,4060.2,27,1,4060.3,74,5,4060.4,32,1
11483,2026-07-02 14:58:38+05:30,4060.0,67,4036.34,2109412,167563.0,163075.0,4100.0,4110.0,4012.0,4092.6,25689125,4501.8,3683.4,4440.0,3288.1,4059.3,95,1,4059.2,29,4,4059.1,183,2,4058.6,81,2,4058.5,12,1,4060.0,298,9,4060.1,42,2,4060.2,27,1,4060.3,74,5,4060.4,32,1
11483,2026-07-02 14:58:38+05:30,4060.0,67,4036.34,2109412,167563.0,163075.0,4100.0,4110.0,4012.0,4092.6,25689125,4501.8,3683.4,4440.0,3288.1,4059.3,95,1,4059.2,29,4,4059.1,183,2,4058.6,81,2,4058.5,12,1,4060.0,298,9,4060.1,42,2,4060.2,27,1,4060.3,74,5,4060.4,32,1
11483,2026-07-02 14:58:39+05:30,4060.0,2,4036.34,2109415,167375.0,163075.0,4100.0,4110.0,4012.0,4092.6,25689125,4501.8,3683.4,4440.0,3288.1,4059.3,107,3,4059.2,12,3,4059.1,8,1,4058.6,81,2,4058.5,12,1,4060.0,336,10,4060.1,42,2,4060.2,27,1,4060.3,74,5,4060.4,32,1
11483,2026-07-02 14:58:39+05:30,4060.0,2,4036.34,2109415,167375.0,163075.0,4100.0,4110.0,4012.0,4092.6,25689125,4501.8,3683.4,4440.0,3288.1,4059.3,107,3,4059.2,12,3,4059.1,8,1,4058.6,81,2,4058.5,12,1,4060.0,336,10,4060.1,42,2,4060.2,27,1,4060.3,74,5,4060.4,32,1
11483,2026-07-02 14:58:39+05:30,4060.0,2,4036.34,2109415,167375.0,163075.0,4100.0,4110.0,4012.0,4092.6,25689125,4501.8,3683.4,4440.0,3288.1,4059.3,107,3,4059.2,12,3,4059.1,8,1,4058.6,81,2,4058.5,12,1,4060.0,336,10,4060.1,42,2,4060.2,27,1,4060.3,74,5,4060.4,32,1
11483,2026-07-02 14:58:40+05:30,4060.0,2,4036.34,2109415,167375.0,163075.0,4100.0,4110.0,4012.0,4092.6,25689125,4501.8,3683.4,4440.0,3288.1,4059.3,107,3,4059.2,12,3,4059.1,8,1,4058.6,81,2,4058.5,12,1,4060.0,336,10,4060.1,42,2,4060.2,27,1,4060.3,74,5,4060.4,32,1
11483,2026-07-02 14:58:40+05:30,4060.0,2,4036.34,2109415,167555.0,163137.0,4100.0,4110.0,4012.0,4092.6,25689125,4501.8,3683.4,4440.0,3288.1,4059.3,115,5,4059.2,187,4,4059.1,8,1,4058.6,78,1,4058.5,12,1,4060.0,320,9,4060.1,42,2,4060.2,27,1,4060.3,49,4,4060.4,32,1
11483,2026-07-02 14:58:40+05:30,4060.0,2,4036.34,2109415,167555.0,163137.0,4100.0,4110.0,4012.0,4092.6,25689125,4501.8,3683.4,4440.0,3288.1,4059.3,115,5,4059.2,187,4,4059.1,8,1,4058.6,78,1,4058.5,12,1,4060.0,320,9,4060.1,42,2,4060.2,27,1,4060.3,49,4,4060.4,32,1
11483,2026-07-02 14:58:40+05:30,4059.3,10,4036.34,2109415,167555.0,163137.0,4100.0,4110.0,4012.0,4092.6,25689125,4501.8,3683.4,4440.0,3288.1,4059.3,115,5,4059.2,187,4,4059.1,8,1,4058.6,78,1,4058.5,12,1,4060.0,320,9,4060.1,42,2,4060.2,27,1,4060.3,49,4,4060.4,32,1
11483,2026-07-02 14:58:41+05:30,4059.3,10,4036.34,2109425,168013.0,163103.0,4100.0,4110.0,4012.0,4092.6,25689125,4501.8,3683.4,4440.0,3288.1,4059.5,86,2,4059.3,26,5,4059.2,187,4,4059.1,8,1,4058.6,78,1,4059.9,2,1,4060.0,296,8,4060.1,42,2,4060.2,51,2,4060.3,49,4
11483,2026-07-02 14:58:41+05:30,4059.3,10,4036.34,2109425,168013.0,163103.0,4100.0,4110.0,4012.0,4092.6,25689125,4501.8,3683.4,4440.0,3288.1,4059.5,86,2,4059.3,26,5,4059.2,187,4,4059.1,8,1,4058.6,78,1,4059.9,2,1,4060.0,296,8,4060.1,42,2,4060.2,51,2,4060.3,49,4
11483,2026-07-02 14:58:42+05:30,4059.3,10,4036.34,2109425,168017.0,163103.0,4100.0,4110.0,4012.0,4092.6,25689125,4501.8,3683.4,4440.0,3288.1,4059.5,86,2,4059.3,26,5,4059.2,187,4,4059.1,8,1,4058.6,78,1,4059.9,2,1,4060.0,296,8,4060.1,42,2,4060.2,51,2,4060.3,49,4
11483,2026-07-02 14:58:42+05:30,4059.3,10,4036.34,2109425,168017.0,163103.0,4100.0,4110.0,4012.0,4092.6,25695250,4501.8,3683.4,4440.0,3288.1,4059.5,86,2,4059.3,26,5,4059.2,187,4,4059.1,8,1,4058.6,78,1,4059.9,2,1,4060.0,296,8,4060.1,42,2,4060.2,51,2,4060.3,49,4
11483,2026-07-02 14:58:43+05:30,4059.3,10,4036.34,2109425,167536.0,163078.0,4100.0,4110.0,4012.0,4092.6,25695250,4501.8,3683.4,4440.0,3288.1,4059.5,86,2,4059.4,2,1,4059.3,26,5,4059.2,185,3,4059.1,8,1,4059.9,56,5,4060.0,260,7,4060.1,42,2,4060.2,51,2,4060.3,67,5
11483,2026-07-02 14:58:43+05:30,4059.3,10,4036.34,2109425,167536.0,163078.0,4100.0,4110.0,4012.0,4092.6,25695250,4501.8,3683.4,4440.0,3288.1,4059.5,86,2,4059.4,2,1,4059.3,26,5,4059.2,185,3,4059.1,8,1,4059.9,56,5,4060.0,260,7,4060.1,42,2,4060.2,51,2,4060.3,67,5
11483,2026-07-02 14:58:43+05:30,4059.9,1,4036.34,2109425,167536.0,163078.0,4100.0,4110.0,4012.0,4092.6,25695250,4501.8,3683.4,4440.0,3288.1,4059.5,86,2,4059.4,2,1,4059.3,26,5,4059.2,185,3,4059.1,8,1,4059.9,56,5,4060.0,260,7,4060.1,42,2,4060.2,51,2,4060.3,67,5
11483,2026-07-02 14:58:44+05:30,4059.9,1,4036.34,2109426,167605.0,163065.0,4100.0,4110.0,4012.0,4092.6,25695250,4501.8,3683.4,4440.0,3288.1,4059.5,87,3,4059.4,2,1,4059.3,26,5,4059.2,185,3,4059.1,8,1,4059.9,57,6,4060.0,269,7,4060.1,42,2,4060.2,51,2,4060.3,67,5
11483,2026-07-02 14:58:44+05:30,4059.9,1,4036.34,2109426,167605.0,163065.0,4100.0,4110.0,4012.0,4092.6,25695250,4501.8,3683.4,4440.0,3288.1,4059.5,87,3,4059.4,2,1,4059.3,26,5,4059.2,185,3,4059.1,8,1,4059.9,57,6,4060.0,269,7,4060.1,42,2,4060.2,51,2,4060.3,67,5
11483,2026-07-02 14:58:44+05:30,4059.5,48,4036.34,2109426,167605.0,163065.0,4100.0,4110.0,4012.0,4092.6,25695250,4501.8,3683.4,4440.0,3288.1,4059.5,87,3,4059.4,2,1,4059.3,26,5,4059.2,185,3,4059.1,8,1,4059.9,57,6,4060.0,269,7,4060.1,42,2,4060.2,51,2,4060.3,67,5
11483,2026-07-02 14:58:45+05:30,4059.5,48,4036.34,2109516,167830.0,162775.0,4100.0,4110.0,4012.0,4092.6,25695250,4501.8,3683.4,4440.0,3288.1,4059.5,37,2,4059.4,2,1,4059.3,26,5,4059.2,185,3,4059.1,8,1,4059.9,76,7,4060.0,269,7,4060.1,42,2,4060.2,51,2,4060.3,62,4
11483,2026-07-02 14:58:45+05:30,4059.9,2,4036.34,2109516,167830.0,162775.0,4100.0,4110.0,4012.0,4092.6,25695250,4501.8,3683.4,4440.0,3288.1,4059.5,37,2,4059.4,2,1,4059.3,26,5,4059.2,185,3,4059.1,8,1,4059.9,76,7,4060.0,269,7,4060.1,42,2,4060.2,51,2,4060.3,62,4
11483,2026-07-02 14:58:46+05:30,4059.9,2,4036.34,2109530,167947.0,162572.0,4100.0,4110.0,4012.0,4092.6,25695250,4501.8,3683.4,4440.0,3288.1,4059.5,224,4,4059.4,2,1,4059.3,26,5,4059.2,10,2,4059.1,8,1,4059.9,16,2,4060.0,261,8,4060.1,42,2,4060.2,51,2,4060.3,62,4
11483,2026-07-02 14:58:46+05:30,4059.5,5,4036.34,2109530,167947.0,162572.0,4100.0,4110.0,4012.0,4092.6,25695250,4501.8,3683.4,4440.0,3288.1,4059.5,224,4,4059.4,2,1,4059.3,26,5,4059.2,10,2,4059.1,8,1,4059.9,16,2,4060.0,261,8,4060.1,42,2,4060.2,51,2,4060.3,62,4
11483,2026-07-02 14:58:46+05:30,4059.5,5,4036.34,2109542,167938.0,162586.0,4100.0,4110.0,4012.0,4092.6,25695250,4501.8,3683.4,4440.0,3288.1,4059.5,230,5,4059.4,2,1,4059.3,26,5,4059.2,10,2,4058.6,160,2,4059.9,11,2,4060.0,240,7,4060.1,18,1,4060.2,51,2,4060.3,44,3
11483,2026-07-02 14:58:47+05:30,4059.9,1,4036.34,2109542,167938.0,162586.0,4100.0,4110.0,4012.0,4092.6,25695250,4501.8,3683.4,4440.0,3288.1,4059.5,230,5,4059.4,2,1,4059.3,26,5,4059.2,10,2,4058.6,160,2,4059.9,11,2,4060.0,240,7,4060.1,18,1,4060.2,51,2,4060.3,44,3
11483,2026-07-02 14:58:47+05:30,4059.9,1,4036.34,2109543,167940.0,162792.0,4100.0,4110.0,4012.0,4092.6,25695250,4501.8,3683.4,4440.0,3288.1,4059.6,33,2,4059.5,199,4,4059.3,26,5,4059.2,10,2,4058.6,160,2,4059.9,58,5,4060.0,253,8,4060.1,31,2,4060.2,51,2,4060.3,44,3
11483,2026-07-02 14:58:48+05:30,4059.6,3,4036.34,2109543,167940.0,162792.0,4100.0,4110.0,4012.0,4092.6,25695250,4501.8,3683.4,4440.0,3288.1,4059.6,33,2,4059.5,199,4,4059.3,26,5,4059.2,10,2,4058.6,160,2,4059.9,58,5,4060.0,253,8,4060.1,31,2,4060.2,51,2,4060.3,44,3
11483,2026-07-02 14:58:48+05:30,4059.6,2,4036.34,2109680,167941.0,162907.0,4100.0,4110.0,4012.0,4092.6,25695250,4501.8,3683.4,4440.0,3288.1,4059.6,12,3,4059.5,24,3,4059.3,9,2,4059.2,185,3,4058.7,18,1,4059.9,57,5,4060.0,240,7,4060.1,18,1,4060.2,24,1,4060.3,44,3
11483,2026-07-02 14:58:49+05:30,4059.6,2,4036.34,2109680,167941.0,162907.0,4100.0,4110.0,4012.0,4092.6,25695250,4501.8,3683.4,4440.0,3288.1,4059.6,12,3,4059.5,24,3,4059.3,9,2,4059.2,185,3,4058.7,18,1,4059.9,57,5,4060.0,240,7,4060.1,18,1,4060.2,24,1,4060.3,44,3
11483,2026-07-02 14:58:49+05:30,4059.6,2,4036.34,2109680,167905.0,162775.0,4100.0,4110.0,4012.0,4092.6,25695250,4501.8,3683.4,4440.0,3288.1,4059.6,15,6,4059.5,23,2,4059.4,9,1,4059.3,4,1,4059.2,185,3,4059.9,11,3,4060.0,240,7,4060.1,18,1,4060.3,14,2,4060.5,27,1
11483,2026-07-02 14:58:50+05:30,4059.9,1,4036.34,2109680,167905.0,162775.0,4100.0,4110.0,4012.0,4092.6,25695250,4501.8,3683.4,4440.0,3288.1,4059.6,15,6,4059.5,23,2,4059.4,9,1,4059.3,4,1,4059.2,185,3,4059.9,11,3,4060.0,240,7,4060.1,18,1,4060.3,14,2,4060.5,27,1
11483,2026-07-02 14:58:50+05:30,4059.9,1,4036.34,2109683,168055.0,162560.0,4100.0,4110.0,4012.0,4092.6,25695250,4501.8,3683.4,4440.0,3288.1,4059.6,17,6,4059.5,23,2,4059.3,4,1,4059.2,185,3,4059.1,14,1,4059.9,10,3,4060.0,238,6,4060.1,18,1,4060.3,14,2,4060.8,67,2
11483,2026-07-02 14:58:51+05:30,4059.9,8,4036.34,2109683,168055.0,162560.0,4100.0,4110.0,4012.0,4092.6,25695250,4501.8,3683.4,4440.0,3288.1,4059.6,17,6,4059.5,23,2,4059.3,4,1,4059.2,185,3,4059.1,14,1,4059.9,10,3,4060.0,238,6,4060.1,18,1,4060.3,14,2,4060.8,67,2
11483,2026-07-02 14:58:51+05:30,4059.9,8,4036.34,2109733,168003.0,162808.0,4100.0,4110.0,4012.0,4092.6,25695250,4501.8,3683.4,4440.0,3288.1,4059.6,17,6,4059.5,23,2,4059.3,4,1,4059.2,185,3,4058.8,19,1,4059.9,8,2,4060.0,238,6,4060.1,18,1,4060.3,27,3,4060.7,24,1
11483,2026-07-02 14:58:52+05:30,4059.9,1,4036.34,2109742,167880.0,162767.0,4100.0,4110.0,4012.0,4092.6,25695250,4501.8,3683.4,4440.0,3288.1,4059.7,1,1,4059.6,16,5,4059.5,23,2,4059.3,4,1,4059.2,185,3,4059.9,17,3,4060.0,238,6,4060.1,18,1,4060.2,13,1,4060.3,43,4
11483,2026-07-02 14:58:53+05:30,4059.7,1,4036.34,2109742,167880.0,162767.0,4100.0,4110.0,4012.0,4092.6,25695250,4501.8,3683.4,4440.0,3288.1,4059.7,1,1,4059.6,16,5,4059.5,23,2,4059.3,4,1,4059.2,185,3,4059.9,17,3,4060.0,238,6,4060.1,18,1,4060.2,13,1,4060.3,43,4
11483,2026-07-02 14:58:53+05:30,4059.7,1,4036.34,2109743,168032.0,162965.0,4100.0,4110.0,4012.0,4092.6,25695250,4501.8,3683.4,4440.0,3288.1,4059.6,16,5,4059.5,27,3,4059.3,4,1,4059.2,178,3,4058.7,18,1,4059.9,17,3,4060.0,238,6,4060.1,18,1,4060.2,22,2,4060.3,43,4
11483,2026-07-02 14:58:54+05:30,4060.0,12,4036.34,2109743,168032.0,162965.0,4100.0,4110.0,4012.0,4092.6,25695250,4501.8,3683.4,4440.0,3288.1,4059.6,16,5,4059.5,27,3,4059.3,4,1,4059.2,178,3,4058.7,18,1,4059.9,17,3,4060.0,238,6,4060.1,18,1,4060.2,22,2,4060.3,43,4
11483,2026-07-02 14:58:54+05:30,4060.0,12,4036.34,2109844,168039.0,163165.0,4100.0,4110.0,4012.0,4092.6,25695250,4501.8,3683.4,4440.0,3288.1,4059.6,8,5,4059.5,27,3,4059.3,4,1,4059.2,178,3,4058.8,34,1,4059.9,13,1,4060.0,226,6,4060.1,18,1,4060.2,22,2,4060.3,30,3
11483,2026-07-02 14:58:55+05:30,4059.5,8,4036.34,2109844,168039.0,163165.0,4100.0,4110.0,4012.0,4092.6,25695250,4501.8,3683.4,4440.0,3288.1,4059.6,8,5,4059.5,27,3,4059.3,4,1,4059.2,178,3,4058.8,34,1,4059.9,13,1,4060.0,226,6,4060.1,18,1,4060.2,22,2,4060.3,30,3
11483,2026-07-02 14:58:55+05:30,4059.5,8,4036.34,2109919,167881.0,163289.0,4100.0,4110.0,4012.0,4092.6,25695250,4501.8,3683.4,4440.0,3288.1,4059.6,148,1,4059.5,7,2,4059.3,4,1,4059.2,178,3,4059.0,16,1,4059.9,13,1,4060.0,229,7,4060.1,18,1,4060.2,22,2,4060.3,30,3
11483,2026-07-02 14:58:56+05:30,4059.6,4,4036.34,2109919,167881.0,163289.0,4100.0,4110.0,4012.0,4092.6,25695250,4501.8,3683.4,4440.0,3288.1,4059.6,148,1,4059.5,7,2,4059.3,4,1,4059.2,178,3,4059.0,16,1,4059.9,13,1,4060.0,229,7,4060.1,18,1,4060.2,22,2,4060.3,30,3
11483,2026-07-02 14:58:57+05:30,4059.6,4,4036.35,2109943,167900.0,163331.0,4100.0,4110.0,4012.0,4092.6,25695250,4501.8,3683.4,4440.0,3288.1,4059.6,132,2,4059.5,7,2,4059.3,4,1,4059.2,178,3,4059.0,16,1,4059.9,12,1,4060.0,534,9,4060.1,18,1,4060.2,9,1,4060.3,30,3
11483,2026-07-02 14:58:58+05:30,4059.6,4,4036.35,2109943,167839.0,163201.0,4100.0,4110.0,4012.0,4092.6,25695250,4501.8,3683.4,4440.0,3288.1,4059.7,147,2,4059.5,7,2,4059.3,4,1,4059.2,178,3,4059.0,16,1,4059.9,12,1,4060.0,534,9,4060.1,18,1,4060.2,9,1,4060.3,30,3
11483,2026-07-02 14:58:58+05:30,4059.9,7,4036.35,2109943,167839.0,163201.0,4100.0,4110.0,4012.0,4092.6,25695250,4501.8,3683.4,4440.0,3288.1,4059.7,147,2,4059.5,7,2,4059.3,4,1,4059.2,178,3,4059.0,16,1,4059.9,12,1,4060.0,534,9,4060.1,18,1,4060.2,9,1,4060.3,30,3
11483,2026-07-02 14:58:59+05:30,4059.9,7,4036.35,2109950,167891.0,163085.0,4100.0,4110.0,4012.0,4092.6,25695250,4501.8,3683.4,4440.0,3288.1,4059.7,147,2,4059.5,7,2,4059.3,4,1,4059.2,178,3,4058.8,34,1,4059.9,7,2,4060.0,534,9,4060.1,18,1,4060.2,9,1,4060.3,30,3
11483,2026-07-02 14:59:00+05:30,4059.9,7,4036.35,2109950,167919.0,163094.0,4100.0,4110.0,4012.0,4092.6,25695250,4501.8,3683.4,4440.0,3288.1,4059.7,151,4,4059.5,7,2,4059.3,4,1,4059.2,178,3,4059.0,1,1,4059.9,17,3,4060.0,535,10,4060.1,18,1,4060.2,9,1,4060.3,14,2
11483,2026-07-02 14:59:00+05:30,4059.9,3,4036.35,2109950,167919.0,163094.0,4100.0,4110.0,4012.0,4092.6,25695250,4501.8,3683.4,4440.0,3288.1,4059.7,151,4,4059.5,7,2,4059.3,4,1,4059.2,178,3,4059.0,1,1,4059.9,17,3,4060.0,535,10,4060.1,18,1,4060.2,9,1,4060.3,14,2
11483,2026-07-02 14:59:01+05:30,4060.1,6,4036.35,2110673,168346.0,160889.0,4100.0,4110.0,4012.0,4092.6,25695250,4501.8,3683.4,4440.0,3288.1,4060.0,57,3,4059.9,38,3,4059.8,41,3,4059.7,150,3,4059.6,5,1,4060.1,6,1,4060.2,9,1,4060.3,14,2,4060.8,40,1,4060.9,5,1
11483,2026-07-02 14:59:01+05:30,4060.0,315,4036.35,2110673,168346.0,160889.0,4100.0,4110.0,4012.0,4092.6,25695250,4501.8,3683.4,4440.0,3288.1,4060.0,57,3,4059.9,38,3,4059.8,41,3,4059.7,150,3,4059.6,5,1,4060.1,6,1,4060.2,9,1,4060.3,14,2,4060.8,40,1,4060.9,5,1
11483,2026-07-02 14:59:02+05:30,4060.0,315,4036.36,2111070,167943.0,161109.0,4100.0,4110.0,4012.0,4092.6,25695250,4501.8,3683.4,4440.0,3288.1,4059.9,48,4,4059.8,24,2,4059.7,185,4,4059.6,197,3,4059.5,45,3,4061.0,176,7,4061.3,18,1,4061.6,53,1,4061.7,28,1,4061.8,31,1
11483,2026-07-02 14:59:03+05:30,4060.0,315,4036.36,2111070,168074.0,161475.0,4100.0,4110.0,4012.0,4092.6,25695250,4501.8,3683.4,4440.0,3288.1,4060.1,5,1,4059.9,191,6,4059.8,23,1,4059.7,55,3,4059.6,37,2,4061.0,176,7,4061.3,18,1,4061.6,53,1,4061.7,78,3,4061.8,31,1
11483,2026-07-02 14:59:03+05:30,4060.1,1,4036.36,2111070,168074.0,161475.0,4100.0,4110.0,4012.0,4092.6,25695250,4501.8,3683.4,4440.0,3288.1,4060.1,5,1,4059.9,191,6,4059.8,23,1,4059.7,55,3,4059.6,37,2,4061.0,176,7,4061.3,18,1,4061.6,53,1,4061.7,78,3,4061.8,31,1
11483,2026-07-02 14:59:04+05:30,4060.1,1,4036.36,2111121,168200.0,161074.0,4100.0,4110.0,4012.0,4092.6,25695250,4501.8,3683.4,4440.0,3288.1,4060.1,5,1,4059.8,182,5,4059.7,26,3,4059.6,195,2,4059.5,130,6,4061.0,163,7,4061.3,18,1,4061.6,53,1,4061.7,59,2,4061.8,45,2
11483,2026-07-02 14:59:04+05:30,4061.0,2,4036.36,2111121,168200.0,161074.0,4100.0,4110.0,4012.0,4092.6,25695250,4501.8,3683.4,4440.0,3288.1,4060.1,5,1,4059.8,182,5,4059.7,26,3,4059.6,195,2,4059.5,130,6,4061.0,163,7,4061.3,18,1,4061.6,53,1,4061.7,59,2,4061.8,45,2
11483,2026-07-02 14:59:05+05:30,4061.0,2,4036.36,2111281,168205.0,161581.0,4100.0,4110.0,4012.0,4092.6,25695250,4501.8,3683.4,4440.0,3288.1,4060.1,5,1,4059.9,3,1,4059.8,182,5,4059.7,20,2,4059.6,201,3,4061.0,293,2,4061.3,18,1,4061.4,24,1,4061.6,79,2,4061.7,59,2
11483,2026-07-02 14:59:05+05:30,4061.0,1,4036.36,2111281,168205.0,161581.0,4100.0,4110.0,4012.0,4092.6,25695250,4501.8,3683.4,4440.0,3288.1,4060.1,5,1,4059.9,3,1,4059.8,182,5,4059.7,20,2,4059.6,201,3,4061.0,293,2,4061.3,18,1,4061.4,24,1,4061.6,79,2,4061.7,59,2
11483,2026-07-02 14:59:06+05:30,4060.1,3,4036.36,2111285,168101.0,161719.0,4100.0,4110.0,4012.0,4092.6,25695250,4501.8,3683.4,4440.0,3288.1,4060.1,2,1,4059.9,3,1,4059.8,182,5,4059.7,20,2,4059.6,195,2,4061.0,327,3,4061.1,24,1,4061.3,36,2,4061.4,54,2,4061.5,37,1
11483,2026-07-02 14:59:06+05:30,4060.1,14,4036.36,2111285,168101.0,161719.0,4100.0,4110.0,4012.0,4092.6,25695250,4501.8,3683.4,4440.0,3288.1,4060.1,2,1,4059.9,3,1,4059.8,182,5,4059.7,20,2,4059.6,195,2,4061.0,327,3,4061.1,24,1,4061.3,36,2,4061.4,54,2,4061.5,37,1
11483,2026-07-02 14:59:07+05:30,4060.1,14,4036.36,2111638,167676.0,161843.0,4100.0,4110.0,4012.0,4092.6,25695250,4501.8,3683.4,4440.0,3288.1,4060.1,150,4,4059.7,3,1,4059.5,7,2,4059.4,175,1,4059.3,4,1,4060.8,81,4,4060.9,3,1,4061.0,284,1,4061.1,72,3,4061.2,8,1
11483,2026-07-02 14:59:07+05:30,4060.3,11,4036.36,2111638,167676.0,161843.0,4100.0,4110.0,4012.0,4092.6,25695250,4501.8,3683.4,4440.0,3288.1,4060.1,150,4,4059.7,3,1,4059.5,7,2,4059.4,175,1,4059.3,4,1,4060.8,81,4,4060.9,3,1,4061.0,284,1,4061.1,72,3,4061.2,8,1
11483,2026-07-02 14:59:08+05:30,4060.1,75,4036.38,2113028,167347.0,162521.0,4100.0,4110.0,4012.0,4092.6,25695250,4501.8,3683.4,4440.0,3288.1,4059.5,7,2,4059.4,175,1,4059.3,4,1,4059.2,3,2,4059.0,4,2,4060.2,57,2,4060.3,3,1,4060.5,24,1,4060.6,31,1,4060.7,13,1
11483,2026-07-02 14:59:08+05:30,4059.4,1,4036.38,2113028,167347.0,162521.0,4100.0,4110.0,4012.0,4092.6,25695250,4501.8,3683.4,4440.0,3288.1,4059.5,7,2,4059.4,175,1,4059.3,4,1,4059.2,3,2,4059.0,4,2,4060.2,57,2,4060.3,3,1,4060.5,24,1,4060.6,31,1,4060.7,13,1
11483,2026-07-02 14:59:09+05:30,4060.0,1,4036.38,2113120,167322.0,163008.0,4100.0,4110.0,4012.0,4092.6,25695250,4501.8,3683.4,4440.0,3288.1,4059.4,163,2,4059.3,4,1,4059.2,3,2,4059.0,4,2,4058.5,75,3,4060.0,78,3,4060.2,2,1,4060.3,316,1,4060.4,30,1,4060.5,24,1
11483,2026-07-02 14:59:09+05:30,4059.9,1,4036.38,2113120,167322.0,163008.0,4100.0,4110.0,4012.0,4092.6,25695250,4501.8,3683.4,4440.0,3288.1,4059.4,163,2,4059.3,4,1,4059.2,3,2,4059.0,4,2,4058.5,75,3,4060.0,78,3,4060.2,2,1,4060.3,316,1,4060.4,30,1,4060.5,24,1
11483,2026-07-02 14:59:10+05:30,4059.9,1,4036.38,2113121,167231.0,162790.0,4100.0,4110.0,4012.0,4092.6,25695250,4501.8,3683.4,4440.0,3288.1,4059.9,19,1,4059.5,5,1,4059.4,163,2,4059.3,4,1,4059.2,3,2,4060.0,52,2,4060.2,2,1,4060.4,30,1,4060.5,24,1,4060.6,67,3
11483,2026-07-02 14:59:10+05:30,4060.0,1,4036.38,2113121,167231.0,162790.0,4100.0,4110.0,4012.0,4092.6,25695250,4501.8,3683.4,4440.0,3288.1,4059.9,19,1,4059.5,5,1,4059.4,163,2,4059.3,4,1,4059.2,3,2,4060.0,52,2,4060.2,2,1,4060.4,30,1,4060.5,24,1,4060.6,67,3
11483,2026-07-02 14:59:11+05:30,4060.0,1,4036.38,2113122,167351.0,163041.0,4100.0,4110.0,4012.0,4092.6,25695250,4501.8,3683.4,4440.0,3288.1,4059.9,26,3,4059.4,163,2,4059.3,4,1,4059.2,3,2,4059.0,4,2,4060.0,368,3,4060.4,30,1,4060.5,24,1,4060.6,41,2,4060.8,24,1
11483,2026-07-02 14:59:12+05:30,4059.9,6,4036.38,2113128,167308.0,163088.0,4100.0,4110.0,4012.0,4092.6,25695250,4501.8,3683.4,4440.0,3288.1,4059.9,20,3,4059.5,156,1,4059.4,7,1,4059.3,4,1,4059.2,3,2,4060.0,369,4,4060.2,34,1,4060.4,43,2,4060.5,203,2,4060.6,65,3
11483,2026-07-02 14:59:12+05:30,4059.9,6,4036.38,2113128,167308.0,163088.0,4100.0,4110.0,4012.0,4092.6,25695250,4501.8,3683.4,4440.0,3288.1,4059.9,20,3,4059.5,156,1,4059.4,7,1,4059.3,4,1,4059.2,3,2,4060.0,369,4,4060.2,34,1,4060.4,43,2,4060.5,203,2,4060.6,65,3
11483,2026-07-02 14:59:13+05:30,4059.9,6,4036.38,2113128,167298.0,163138.0,4100.0,4110.0,4012.0,4092.6,25695250,4501.8,3683.4,4440.0,3288.1,4059.9,20,3,4059.5,156,1,4059.4,7,1,4059.3,4,1,4059.2,3,2,4060.0,405,6,4060.4,67,3,4060.5,203,2,4060.6,76,4,4060.8,43,2
11483,2026-07-02 14:59:13+05:30,4059.9,3,4036.38,2113128,167298.0,163138.0,4100.0,4110.0,4012.0,4092.6,25695250,4501.8,3683.4,4440.0,3288.1,4059.9,20,3,4059.5,156,1,4059.4,7,1,4059.3,4,1,4059.2,3,2,4060.0,405,6,4060.4,67,3,4060.5,203,2,4060.6,76,4,4060.8,43,2
11483,2026-07-02 14:59:14+05:30,4059.9,3,4036.38,2113131,167295.0,163169.0,4100.0,4110.0,4012.0,4092.6,25695250,4501.8,3683.4,4440.0,3288.1,4059.9,17,3,4059.5,156,1,4059.4,7,1,4059.3,4,1,4059.2,3,2,4060.0,405,6,4060.3,11,1,4060.4,67,3,4060.5,203,2,4060.6,65,3
11483,2026-07-02 14:59:14+05:30,4059.9,1,4036.38,2113131,167295.0,163169.0,4100.0,4110.0,4012.0,4092.6,25695250,4501.8,3683.4,4440.0,3288.1,4059.9,17,3,4059.5,156,1,4059.4,7,1,4059.3,4,1,4059.2,3,2,4060.0,405,6,4060.3,11,1,4060.4,67,3,4060.5,203,2,4060.6,65,3
11483,2026-07-02 14:59:15+05:30,4059.9,2,4036.38,2113180,166912.0,163091.0,4100.0,4110.0,4012.0,4092.6,25695250,4501.8,3683.4,4440.0,3288.1,4059.9,5,2,4059.4,7,1,4059.3,4,1,4059.2,3,2,4059.0,4,2,4060.0,388,6,4060.2,24,1,4060.3,26,2,4060.4,13,1,4060.5,227,3
11483,2026-07-02 14:59:15+05:30,4059.9,3,4036.38,2113180,166912.0,163091.0,4100.0,4110.0,4012.0,4092.6,25695250,4501.8,3683.4,4440.0,3288.1,4059.9,5,2,4059.4,7,1,4059.3,4,1,4059.2,3,2,4059.0,4,2,4060.0,388,6,4060.2,24,1,4060.3,26,2,4060.4,13,1,4060.5,227,3
11483,2026-07-02 14:59:16+05:30,4059.9,3,4036.38,2113203,166932.0,162960.0,4100.0,4110.0,4012.0,4092.6,25695250,4501.8,3683.4,4440.0,3288.1,4059.4,7,1,4059.3,4,1,4059.2,3,2,4059.0,4,2,4058.5,12,1,4059.9,4,1,4060.0,388,6,4060.1,4,1,4060.2,24,1,4060.3,26,2
11483,2026-07-02 14:59:17+05:30,4059.9,3,4036.38,2113203,167406.0,162978.0,4100.0,4110.0,4012.0,4092.6,25695250,4501.8,3683.4,4440.0,3288.1,4059.5,175,1,4059.4,7,1,4059.3,5,2,4059.2,3,2,4059.0,4,2,4059.9,8,2,4060.0,350,3,4060.3,11,1,4060.5,203,2,4060.6,65,3
11483,2026-07-02 14:59:17+05:30,4059.5,10,4036.38,2113203,167406.0,162978.0,4100.0,4110.0,4012.0,4092.6,25695250,4501.8,3683.4,4440.0,3288.1,4059.5,175,1,4059.4,7,1,4059.3,5,2,4059.2,3,2,4059.0,4,2,4059.9,8,2,4060.0,350,3,4060.3,11,1,4060.5,203,2,4060.6,65,3
11483,2026-07-02 14:59:18+05:30,4059.5,10,4036.38,2113213,167306.0,163048.0,4100.0,4110.0,4012.0,4092.6,25695250,4501.8,3683.4,4440.0,3288.1,4059.5,176,3,4059.3,5,2,4059.2,3,2,4059.0,4,2,4058.5,51,3,4059.9,28,5,4060.0,350,3,4060.5,203,2,4060.6,65,3,4060.7,65,2
11483,2026-07-02 14:59:18+05:30,4059.5,4,4036.38,2113213,167306.0,163048.0,4100.0,4110.0,4012.0,4092.6,25695250,4501.8,3683.4,4440.0,3288.1,4059.5,176,3,4059.3,5,2,4059.2,3,2,4059.0,4,2,4058.5,51,3,4059.9,28,5,4060.0,350,3,4060.5,203,2,4060.6,65,3,4060.7,65,2
11483,2026-07-02 14:59:19+05:30,4059.9,1,4036.38,2113218,167283.0,163062.0,4100.0,4110.0,4012.0,4092.6,25695250,4501.8,3683.4,4440.0,3288.1,4059.5,172,3,4059.3,5,2,4059.2,3,2,4059.0,4,2,4058.5,38,2,4059.9,27,5,4060.0,355,4,4060.5,203,2,4060.6,65,3,4060.7,65,2
11483,2026-07-02 14:59:19+05:30,4059.5,20,4036.38,2113218,167283.0,163062.0,4100.0,4110.0,4012.0,4092.6,25695250,4501.8,3683.4,4440.0,3288.1,4059.5,172,3,4059.3,5,2,4059.2,3,2,4059.0,4,2,4058.5,38,2,4059.9,27,5,4060.0,355,4,4060.5,203,2,4060.6,65,3,4060.7,65,2
11483,2026-07-02 14:59:19+05:30,4059.5,20,4036.38,2113238,167236.0,163033.0,4100.0,4110.0,4012.0,4092.6,25695250,4501.8,3683.4,4440.0,3288.1,4059.5,154,4,4059.4,2,1,4059.3,5,2,4059.2,3,2,4059.0,4,2,4059.9,27,5,4060.0,355,4,4060.5,203,2,4060.6,65,3,4060.7,65,2
11483,2026-07-02 14:59:20+05:30,4059.5,1,4036.38,2113238,167236.0,163033.0,4100.0,4110.0,4012.0,4092.6,25695250,4501.8,3683.4,4440.0,3288.1,4059.5,154,4,4059.4,2,1,4059.3,5,2,4059.2,3,2,4059.0,4,2,4059.9,27,5,4060.0,355,4,4060.5,203,2,4060.6,65,3,4060.7,65,2
11483,2026-07-02 14:59:20+05:30,4059.5,3,4036.38,2113316,167357.0,163119.0,4100.0,4110.0,4012.0,4092.6,25695250,4501.8,3683.4,4440.0,3288.1,4059.5,7,2,4059.4,143,2,4059.3,5,2,4059.2,3,2,4059.0,4,2,4059.9,16,2,4060.0,352,3,4060.5,254,4,4060.6,65,3,4060.7,64,2
11483,2026-07-02 14:59:21+05:30,4059.4,2,4036.38,2113316,167357.0,163119.0,4100.0,4110.0,4012.0,4092.6,25695250,4501.8,3683.4,4440.0,3288.1,4059.5,7,2,4059.4,143,2,4059.3,5,2,4059.2,3,2,4059.0,4,2,4059.9,16,2,4060.0,352,3,4060.5,254,4,4060.6,65,3,4060.7,64,2
11483,2026-07-02 14:59:21+05:30,4059.4,2,4036.38,2113373,167127.0,163241.0,4100.0,4110.0,4012.0,4092.6,25695250,4501.8,3683.4,4440.0,3288.1,4059.4,118,1,4059.3,5,2,4059.2,3,2,4059.0,4,2,4058.5,51,3,4059.9,16,3,4060.0,352,3,4060.5,254,4,4060.6,65,3,4060.7,64,2
11483,2026-07-02 14:59:22+05:30,4059.4,16,4036.38,2113373,167127.0,163241.0,4100.0,4110.0,4012.0,4092.6,25695250,4501.8,3683.4,4440.0,3288.1,4059.4,118,1,4059.3,5,2,4059.2,3,2,4059.0,4,2,4058.5,51,3,4059.9,16,3,4060.0,352,3,4060.5,254,4,4060.6,65,3,4060.7,64,2
11483,2026-07-02 14:59:22+05:30,4059.4,16,4036.38,2113398,167077.0,163249.0,4100.0,4110.0,4012.0,4092.6,25695250,4501.8,3683.4,4440.0,3288.1,4059.4,107,2,4059.3,5,2,4059.2,3,2,4059.0,4,2,4058.9,18,1,4059.9,15,3,4060.0,352,3,4060.3,15,1,4060.5,214,2,4060.6,65,3
11483,2026-07-02 14:59:23+05:30,4060.0,181,4036.38,2113398,167077.0,163249.0,4100.0,4110.0,4012.0,4092.6,25695250,4501.8,3683.4,4440.0,3288.1,4059.4,107,2,4059.3,5,2,4059.2,3,2,4059.0,4,2,4058.9,18,1,4059.9,15,3,4060.0,352,3,4060.3,15,1,4060.5,214,2,4060.6,65,3
11483,2026-07-02 14:59:23+05:30,4060.5,1,4036.39,2114186,167213.0,161982.0,4100.0,4110.0,4012.0,4092.6,25695250,4501.8,3683.4,4440.0,3288.1,4059.5,13,2,4059.4,107,2,4059.3,5,2,4059.2,3,2,4059.0,11,3,4060.5,61,2,4060.6,40,2,4060.7,30,1,4060.8,24,1,4060.9,38,1
11483,2026-07-02 14:59:24+05:30,4060.5,1,4036.39,2114186,167213.0,161982.0,4100.0,4110.0,4012.0,4092.6,25695250,4501.8,3683.4,4440.0,3288.1,4059.5,13,2,4059.4,107,2,4059.3,5,2,4059.2,3,2,4059.0,11,3,4060.5,61,2,4060.6,40,2,4060.7,30,1,4060.8,24,1,4060.9,38,1
11483,2026-07-02 14:59:24+05:30,4060.5,1,4036.39,2114186,167186.0,162142.0,4100.0,4110.0,4012.0,4092.6,25695250,4501.8,3683.4,4440.0,3288.1,4059.9,1,1,4059.6,10,1,4059.5,52,2,4059.4,5,1,4059.3,5,2,4060.5,73,1,4060.6,10,1,4061.0,94,3,4061.1,50,2,4061.2,34,3
11483,2026-07-02 14:59:25+05:30,4059.9,58,4036.39,2114186,167186.0,162142.0,4100.0,4110.0,4012.0,4092.6,25695250,4501.8,3683.4,4440.0,3288.1,4059.9,1,1,4059.6,10,1,4059.5,52,2,4059.4,5,1,4059.3,5,2,4060.5,73,1,4060.6,10,1,4061.0,94,3,4061.1,50,2,4061.2,34,3
11483,2026-07-02 14:59:25+05:30,4059.2,1,4036.39,2114331,166869.0,162428.0,4100.0,4110.0,4012.0,4092.6,25695250,4501.8,3683.4,4440.0,3288.1,4059.2,2,2,4059.0,10,3,4058.9,55,2,4058.8,52,3,4058.7,7,1,4060.6,10,1,4060.7,24,1,4060.9,66,1,4061.0,120,4,4061.1,50,2
11483,2026-07-02 14:59:26+05:30,4060.6,7,4036.39,2114331,166869.0,162428.0,4100.0,4110.0,4012.0,4092.6,25695250,4501.8,3683.4,4440.0,3288.1,4059.2,2,2,4059.0,10,3,4058.9,55,2,4058.8,52,3,4058.7,7,1,4060.6,10,1,4060.7,24,1,4060.9,66,1,4061.0,120,4,4061.1,50,2
11483,2026-07-02 14:59:26+05:30,4060.6,7,4036.39,2114340,167084.0,162718.0,4100.0,4110.0,4012.0,4092.6,25695250,4501.8,3683.4,4440.0,3288.1,4059.4,3,1,4059.3,137,2,4059.2,7,3,4059.1,45,2,4059.0,10,3,4060.6,311,3,4061.0,120,4,4061.1,50,2,4061.2,34,3,4061.3,81,3
11483,2026-07-02 14:59:27+05:30,4060.6,7,4036.39,2114340,167149.0,162880.0,4100.0,4110.0,4012.0,4092.6,25695250,4501.8,3683.4,4440.0,3288.1,4059.4,179,3,4059.3,137,2,4059.2,7,3,4059.0,4,2,4058.9,90,4,4060.6,382,4,4060.8,24,1,4061.0,120,4,4061.1,52,3,4061.2,34,3
11483,2026-07-02 14:59:28+05:30,4060.0,3,4036.39,2114340,167149.0,162880.0,4100.0,4110.0,4012.0,4092.6,25695250,4501.8,3683.4,4440.0,3288.1,4059.4,179,3,4059.3,137,2,4059.2,7,3,4059.0,4,2,4058.9,90,4,4060.6,382,4,4060.8,24,1,4061.0,120,4,4061.1,52,3,4061.2,34,3
11483,2026-07-02 14:59:29+05:30,4060.0,3,4036.39,2114350,167088.0,163069.0,4100.0,4110.0,4012.0,4092.6,25695250,4501.8,3683.4,4440.0,3288.1,4060.1,9,1,4059.4,185,3,4059.3,134,1,4059.2,2,2,4059.1,6,1,4060.6,453,7,4060.7,15,1,4061.0,120,4,4061.1,52,3,4061.2,61,4
11483,2026-07-02 14:59:30+05:30,4060.1,1,4036.39,2114351,167116.0,162940.0,4100.0,4110.0,4012.0,4092.6,25695250,4501.8,3683.4,4440.0,3288.1,4060.1,143,3,4059.4,184,2,4059.2,2,2,4059.0,35,3,4058.9,35,2,4060.6,440,6,4060.8,18,1,4060.9,20,1,4061.0,120,4,4061.1,72,3
11483,2026-07-02 14:59:30+05:30,4060.6,3,4036.39,2114351,167116.0,162940.0,4100.0,4110.0,4012.0,4092.6,25695250,4501.8,3683.4,4440.0,3288.1,4060.1,143,3,4059.4,184,2,4059.2,2,2,4059.0,35,3,4058.9,35,2,4060.6,440,6,4060.8,18,1,4060.9,20,1,4061.0,120,4,4061.1,72,3
11483,2026-07-02 14:59:31+05:30,4060.6,3,4036.4,2114688,167225.0,162960.0,4100.0,4110.0,4012.0,4092.6,25695250,4501.8,3683.4,4440.0,3288.1,4060.1,129,1,4060.0,117,1,4059.4,184,2,4059.2,2,2,4059.0,30,3,4060.6,403,5,4060.8,18,1,4060.9,20,1,4061.0,94,3,4061.1,48,2
11483,2026-07-02 14:59:31+05:30,4060.0,1,4036.4,2114688,167225.0,162960.0,4100.0,4110.0,4012.0,4092.6,25695250,4501.8,3683.4,4440.0,3288.1,4060.1,129,1,4060.0,117,1,4059.4,184,2,4059.2,2,2,4059.0,30,3,4060.6,403,5,4060.8,18,1,4060.9,20,1,4061.0,94,3,4061.1,48,2
11483,2026-07-02 14:59:32+05:30,4060.0,1,4036.4,2114689,167071.0,162994.0,4100.0,4110.0,4012.0,4092.6,25695250,4501.8,3683.4,4440.0,3288.1,4060.0,217,2,4059.4,9,1,4059.2,2,2,4059.0,30,3,4058.9,29,1,4060.6,420,7,4060.7,33,2,4060.8,18,1,4060.9,20,1,4061.0,118,4
11483,2026-07-02 14:59:32+05:30,4060.0,317,4036.4,2114689,167071.0,162994.0,4100.0,4110.0,4012.0,4092.6,25695250,4501.8,3683.4,4440.0,3288.1,4060.0,217,2,4059.4,9,1,4059.2,2,2,4059.0,30,3,4058.9,29,1,4060.6,420,7,4060.7,33,2,4060.8,18,1,4060.9,20,1,4061.0,118,4
11483,2026-07-02 14:59:33+05:30,4060.0,317,4036.4,2115122,166887.0,162737.0,4100.0,4110.0,4012.0,4092.6,25695250,4501.8,3683.4,4440.0,3288.1,4060.0,101,1,4059.4,9,1,4059.2,2,2,4059.0,4,2,4058.8,14,2,4060.3,75,5,4060.4,14,3,4060.5,26,1,4060.6,373,6,4060.7,18,1
11483,2026-07-02 14:59:33+05:30,4060.0,201,4036.4,2115122,166887.0,162737.0,4100.0,4110.0,4012.0,4092.6,25695250,4501.8,3683.4,4440.0,3288.1,4060.0,101,1,4059.4,9,1,4059.2,2,2,4059.0,4,2,4058.8,14,2,4060.3,75,5,4060.4,14,3,4060.5,26,1,4060.6,373,6,4060.7,18,1
11483,2026-07-02 14:59:34+05:30,4060.0,201,4036.41,2115325,167083.0,162731.0,4100.0,4110.0,4012.0,4092.6,25695250,4501.8,3683.4,4440.0,3288.1,4060.0,242,2,4059.4,9,1,4059.2,2,2,4059.0,30,3,4058.9,6,1,4060.3,2,1,4060.4,1,1,4060.5,26,1,4060.6,86,2,4061.0,96,3
11483,2026-07-02 14:59:34+05:30,4060.3,3,4036.41,2115325,167083.0,162731.0,4100.0,4110.0,4012.0,4092.6,25695250,4501.8,3683.4,4440.0,3288.1,4060.0,242,2,4059.4,9,1,4059.2,2,2,4059.0,30,3,4058.9,6,1,4060.3,2,1,4060.4,1,1,4060.5,26,1,4060.6,86,2,4061.0,96,3
11483,2026-07-02 14:59:35+05:30,4060.3,3,4036.41,2115689,167164.0,162622.0,4100.0,4110.0,4012.0,4092.6,25695250,4501.8,3683.4,4440.0,3288.1,4060.0,142,2,4059.4,9,1,4059.2,2,2,4059.0,30,3,4058.8,19,2,4060.3,174,2,4060.4,1,1,4060.6,86,2,4060.7,13,1,4060.8,17,1
11483,2026-07-02 14:59:35+05:30,4060.0,26,4036.41,2115689,167164.0,162622.0,4100.0,4110.0,4012.0,4092.6,25695250,4501.8,3683.4,4440.0,3288.1,4060.0,142,2,4059.4,9,1,4059.2,2,2,4059.0,30,3,4058.8,19,2,4060.3,174,2,4060.4,1,1,4060.6,86,2,4060.7,13,1,4060.8,17,1
11483,2026-07-02 14:59:36+05:30,4060.0,26,4036.41,2115973,167222.0,162448.0,4100.0,4110.0,4012.0,4092.6,25695250,4501.8,3683.4,4440.0,3288.1,4060.0,82,2,4059.4,31,3,4059.2,2,2,4059.1,24,1,4059.0,59,4,4060.3,141,2,4060.4,1,1,4060.6,86,2,4060.7,13,1,4061.0,120,3
11483,2026-07-02 14:59:36+05:30,4060.0,1,4036.41,2115973,167222.0,162448.0,4100.0,4110.0,4012.0,4092.6,25695250,4501.8,3683.4,4440.0,3288.1,4060.0,82,2,4059.4,31,3,4059.2,2,2,4059.1,24,1,4059.0,59,4,4060.3,141,2,4060.4,1,1,4060.6,86,2,4060.7,13,1,4061.0,120,3
11483,2026-07-02 14:59:37+05:30,4060.0,1,4036.41,2116137,167255.0,162642.0,4100.0,4110.0,4012.0,4092.6,25695250,4501.8,3683.4,4440.0,3288.1,4060.0,25,3,4059.4,12,2,4059.2,2,2,4059.0,30,3,4058.9,62,2,4060.3,141,2,4060.4,1,1,4060.6,86,2,4060.7,13,1,4060.8,30,1
11483,2026-07-02 14:59:37+05:30,4060.3,10,4036.41,2116137,167255.0,162642.0,4100.0,4110.0,4012.0,4092.6,25695250,4501.8,3683.4,4440.0,3288.1,4060.0,25,3,4059.4,12,2,4059.2,2,2,4059.0,30,3,4058.9,62,2,4060.3,141,2,4060.4,1,1,4060.6,86,2,4060.7,13,1,4060.8,30,1
11483,2026-07-02 14:59:38+05:30,4060.3,10,4036.42,2116314,166956.0,162664.0,4100.0,4110.0,4012.0,4092.6,25695250,4501.8,3683.4,4440.0,3288.1,4059.4,9,1,4059.2,2,2,4059.0,4,2,4058.9,18,2,4058.8,38,1,4060.3,76,3,4060.4,1,1,4060.6,86,2,4060.8,29,1,4061.0,146,4
11483,2026-07-02 14:59:38+05:30,4060.3,10,4036.42,2116314,166956.0,162664.0,4100.0,4110.0,4012.0,4092.6,25695250,4501.8,3683.4,4440.0,3288.1,4059.4,9,1,4059.2,2,2,4059.0,4,2,4058.9,18,2,4058.8,38,1,4060.3,76,3,4060.4,1,1,4060.6,86,2,4060.8,29,1,4061.0,146,4
11483,2026-07-02 14:59:38+05:30,4059.4,7,4036.42,2116314,166956.0,162664.0,4100.0,4110.0,4012.0,4092.6,25695250,4501.8,3683.4,4440.0,3288.1,4059.4,9,1,4059.2,2,2,4059.0,4,2,4058.9,18,2,4058.8,38,1,4060.3,76,3,4060.4,1,1,4060.6,86,2,4060.8,29,1,4061.0,146,4
11483,2026-07-02 14:59:39+05:30,4059.9,2,4036.42,2116323,166901.0,162768.0,4100.0,4110.0,4012.0,4092.6,25695250,4501.8,3683.4,4440.0,3288.1,4059.4,2,1,4059.2,2,2,4059.0,4,2,4058.9,2,1,4058.6,26,1,4060.0,4,2,4060.3,76,3,4060.4,1,1,4060.6,86,2,4060.8,79,3
11483,2026-07-02 14:59:39+05:30,4059.9,2,4036.42,2116323,166901.0,162768.0,4100.0,4110.0,4012.0,4092.6,25695250,4501.8,3683.4,4440.0,3288.1,4059.4,2,1,4059.2,2,2,4059.0,4,2,4058.9,2,1,4058.6,26,1,4060.0,4,2,4060.3,76,3,4060.4,1,1,4060.6,86,2,4060.8,79,3
11483,2026-07-02 14:59:39+05:30,4059.4,15,4036.42,2116323,166901.0,162768.0,4100.0,4110.0,4012.0,4092.6,25695250,4501.8,3683.4,4440.0,3288.1,4059.4,2,1,4059.2,2,2,4059.0,4,2,4058.9,2,1,4058.6,26,1,4060.0,4,2,4060.3,76,3,4060.4,1,1,4060.6,86,2,4060.8,79,3
11483,2026-07-02 14:59:40+05:30,4059.4,1,4036.42,2116341,167061.0,162380.0,4100.0,4110.0,4012.0,4092.6,25695250,4501.8,3683.4,4440.0,3288.1,4059.4,8,1,4059.2,2,2,4059.0,4,2,4058.6,104,2,4058.4,6,2,4059.9,3,1,4060.0,54,5,4060.2,24,1,4060.3,59,4,4060.4,48,3
11483,2026-07-02 14:59:40+05:30,4059.4,1,4036.42,2116341,167061.0,162380.0,4100.0,4110.0,4012.0,4092.6,25695250,4501.8,3683.4,4440.0,3288.1,4059.4,8,1,4059.2,2,2,4059.0,4,2,4058.6,104,2,4058.4,6,2,4059.9,3,1,4060.0,54,5,4060.2,24,1,4060.3,59,4,4060.4,48,3
11483,2026-07-02 14:59:40+05:30,4060.0,109,4036.42,2116341,167061.0,162380.0,4100.0,4110.0,4012.0,4092.6,25695250,4501.8,3683.4,4440.0,3288.1,4059.4,8,1,4059.2,2,2,4059.0,4,2,4058.6,104,2,4058.4,6,2,4059.9,3,1,4060.0,54,5,4060.2,24,1,4060.3,59,4,4060.4,48,3
11483,2026-07-02 14:59:40+05:30,4060.0,109,4036.42,2116341,167061.0,162380.0,4100.0,4110.0,4012.0,4092.6,25695250,4501.8,3683.4,4440.0,3288.1,4059.4,8,1,4059.2,2,2,4059.0,4,2,4058.6,104,2,4058.4,6,2,4059.9,3,1,4060.0,54,5,4060.2,24,1,4060.3,59,4,4060.4,48,3
11483,2026-07-02 14:59:41+05:30,4060.0,1,4036.42,2116717,166505.0,162162.0,4100.0,4110.0,4012.0,4092.6,25695250,4501.8,3683.4,4440.0,3288.1,4058.9,14,2,4058.8,4,1,4058.7,24,1,4058.6,83,2,4058.5,26,1,4059.4,1,1,4060.0,28,1,4060.3,11,1,4060.4,1,1,4060.5,112,3
11483,2026-07-02 14:59:41+05:30,4060.0,1,4036.42,2116717,166505.0,162162.0,4100.0,4110.0,4012.0,4092.6,25695250,4501.8,3683.4,4440.0,3288.1,4058.9,14,2,4058.8,4,1,4058.7,24,1,4058.6,83,2,4058.5,26,1,4059.4,1,1,4060.0,28,1,4060.3,11,1,4060.4,1,1,4060.5,112,3
11483,2026-07-02 14:59:41+05:30,4060.0,5,4036.42,2116717,166505.0,162162.0,4100.0,4110.0,4012.0,4092.6,25695250,4501.8,3683.4,4440.0,3288.1,4058.9,14,2,4058.8,4,1,4058.7,24,1,4058.6,83,2,4058.5,26,1,4059.4,1,1,4060.0,28,1,4060.3,11,1,4060.4,1,1,4060.5,112,3
11483,2026-07-02 14:59:41+05:30,4060.0,5,4036.42,2116717,166505.0,162162.0,4100.0,4110.0,4012.0,4092.6,25695250,4501.8,3683.4,4440.0,3288.1,4058.9,14,2,4058.8,4,1,4058.7,24,1,4058.6,83,2,4058.5,26,1,4059.4,1,1,4060.0,28,1,4060.3,11,1,4060.4,1,1,4060.5,112,3
11483,2026-07-02 14:59:42+05:30,4060.0,5,4036.42,2116717,166505.0,162162.0,4100.0,4110.0,4012.0,4092.6,25695250,4501.8,3683.4,4440.0,3288.1,4058.9,14,2,4058.8,4,1,4058.7,24,1,4058.6,83,2,4058.5,26,1,4059.4,1,1,4060.0,28,1,4060.3,11,1,4060.4,1,1,4060.5,112,3
11483,2026-07-02 14:59:42+05:30,4060.0,1,4036.42,2116735,166470.0,162190.0,4100.0,4110.0,4012.0,4092.6,25695250,4501.8,3683.4,4440.0,3288.1,4058.9,7,2,4058.7,1,1,4058.6,78,1,4058.5,45,3,4058.4,1,1,4060.0,47,2,4060.2,24,1,4060.3,11,1,4060.4,1,1,4060.5,50,2
11483,2026-07-02 14:59:42+05:30,4060.0,1,4036.42,2116735,166470.0,162190.0,4100.0,4110.0,4012.0,4092.6,25695250,4501.8,3683.4,4440.0,3288.1,4058.9,7,2,4058.7,1,1,4058.6,78,1,4058.5,45,3,4058.4,1,1,4060.0,47,2,4060.2,24,1,4060.3,11,1,4060.4,1,1,4060.5,50,2
11483,2026-07-02 14:59:42+05:30,4060.0,1,4036.42,2116735,166470.0,162190.0,4100.0,4110.0,4012.0,4092.6,25696125,4501.8,3683.4,4440.0,3288.1,4058.9,7,2,4058.7,1,1,4058.6,78,1,4058.5,45,3,4058.4,1,1,4060.0,47,2,4060.2,24,1,4060.3,11,1,4060.4,1,1,4060.5,50,2
11483,2026-07-02 14:59:42+05:30,4060.0,1,4036.42,2116735,166470.0,162190.0,4100.0,4110.0,4012.0,4092.6,25696125,4501.8,3683.4,4440.0,3288.1,4058.9,7,2,4058.7,1,1,4058.6,78,1,4058.5,45,3,4058.4,1,1,4060.0,47,2,4060.2,24,1,4060.3,11,1,4060.4,1,1,4060.5,50,2
11483,2026-07-02 14:59:42+05:30,4060.0,1,4036.42,2116735,166470.0,162190.0,4100.0,4110.0,4012.0,4092.6,25696125,4501.8,3683.4,4440.0,3288.1,4058.9,7,2,4058.7,1,1,4058.6,78,1,4058.5,45,3,4058.4,1,1,4060.0,47,2,4060.2,24,1,4060.3,11,1,4060.4,1,1,4060.5,50,2
11483,2026-07-02 14:59:43+05:30,4060.0,1,4036.42,2116735,166470.0,162190.0,4100.0,4110.0,4012.0,4092.6,25696125,4501.8,3683.4,4440.0,3288.1,4058.9,7,2,4058.7,1,1,4058.6,78,1,4058.5,45,3,4058.4,1,1,4060.0,47,2,4060.2,24,1,4060.3,11,1,4060.4,1,1,4060.5,50,2
11483,2026-07-02 14:59:43+05:30,4060.0,1,4036.42,2116735,166939.0,162325.0,4100.0,4110.0,4012.0,4092.6,25696125,4501.8,3683.4,4440.0,3288.1,4059.5,10,1,4059.4,9,1,4059.3,1,1,4058.9,4,2,4058.7,7,2,4060.0,48,3,4060.3,11,1,4060.4,1,1,4060.5,24,1,4060.6,143,4
11483,2026-07-02 14:59:43+05:30,4060.0,1,4036.42,2116735,166939.0,162325.0,4100.0,4110.0,4012.0,4092.6,25696125,4501.8,3683.4,4440.0,3288.1,4059.5,10,1,4059.4,9,1,4059.3,1,1,4058.9,4,2,4058.7,7,2,4060.0,48,3,4060.3,11,1,4060.4,1,1,4060.5,24,1,4060.6,143,4
11483,2026-07-02 14:59:44+05:30,4060.0,1,4036.42,2116735,166939.0,162325.0,4100.0,4110.0,4012.0,4092.6,25696125,4501.8,3683.4,4440.0,3288.1,4059.5,10,1,4059.4,9,1,4059.3,1,1,4058.9,4,2,4058.7,7,2,4060.0,48,3,4060.3,11,1,4060.4,1,1,4060.5,24,1,4060.6,143,4
11483,2026-07-02 14:59:44+05:30,4060.0,4,4036.42,2116760,168005.0,161716.0,4100.0,4110.0,4012.0,4092.6,25696125,4501.8,3683.4,4440.0,3288.1,4059.5,30,3,4059.4,19,2,4059.3,1,1,4059.2,207,3,4059.1,16,1,4060.0,44,3,4060.3,11,1,4060.4,1,1,4060.6,86,2,4060.7,24,1
11483,2026-07-02 14:59:44+05:30,4060.0,4,4036.42,2116760,168005.0,161716.0,4100.0,4110.0,4012.0,4092.6,25696125,4501.8,3683.4,4440.0,3288.1,4059.5,30,3,4059.4,19,2,4059.3,1,1,4059.2,207,3,4059.1,16,1,4060.0,44,3,4060.3,11,1,4060.4,1,1,4060.6,86,2,4060.7,24,1
11483,2026-07-02 14:59:45+05:30,4060.0,9,4036.42,2116963,167223.0,162264.0,4100.0,4110.0,4012.0,4092.6,25696125,4501.8,3683.4,4440.0,3288.1,4059.4,16,2,4059.3,1,1,4059.1,7,1,4058.9,10,3,4058.8,21,1,4060.0,169,1,4060.3,11,1,4060.4,1,1,4060.6,86,2,4060.7,24,1
11483,2026-07-02 14:59:45+05:30,4060.0,3,4036.42,2116963,167223.0,162264.0,4100.0,4110.0,4012.0,4092.6,25696125,4501.8,3683.4,4440.0,3288.1,4059.4,16,2,4059.3,1,1,4059.1,7,1,4058.9,10,3,4058.8,21,1,4060.0,169,1,4060.3,11,1,4060.4,1,1,4060.6,86,2,4060.7,24,1
11483,2026-07-02 14:59:46+05:30,4060.0,157,4036.43,2117132,167245.0,162345.0,4100.0,4110.0,4012.0,4092.6,25696125,4501.8,3683.4,4440.0,3288.1,4060.0,18,1,4059.4,14,2,4059.3,1,1,4059.1,7,1,4059.0,15,2,4060.3,11,1,4060.4,1,1,4060.6,86,2,4060.7,42,2,4060.8,20,1
11483,2026-07-02 14:59:46+05:30,4060.0,157,4036.43,2117132,167245.0,162345.0,4100.0,4110.0,4012.0,4092.6,25696125,4501.8,3683.4,4440.0,3288.1,4060.0,18,1,4059.4,14,2,4059.3,1,1,4059.1,7,1,4059.0,15,2,4060.3,11,1,4060.4,1,1,4060.6,86,2,4060.7,42,2,4060.8,20,1
11483,2026-07-02 14:59:47+05:30,4060.0,18,4036.43,2117150,167459.0,162394.0,4100.0,4110.0,4012.0,4092.6,25696125,4501.8,3683.4,4440.0,3288.1,4060.0,100,1,4059.4,20,4,4059.3,1,1,4059.1,7,1,4058.9,12,4,4060.3,11,1,4060.4,1,1,4060.6,86,2,4060.7,24,1,4060.9,17,1
11483,2026-07-02 14:59:47+05:30,4060.0,18,4036.43,2117150,167459.0,162394.0,4100.0,4110.0,4012.0,4092.6,25696125,4501.8,3683.4,4440.0,3288.1,4060.0,100,1,4059.4,20,4,4059.3,1,1,4059.1,7,1,4058.9,12,4,4060.3,11,1,4060.4,1,1,4060.6,86,2,4060.7,24,1,4060.9,17,1
11483,2026-07-02 14:59:48+05:30,4060.0,100,4036.43,2117250,167453.0,162442.0,4100.0,4110.0,4012.0,4092.6,25696125,4501.8,3683.4,4440.0,3288.1,4059.4,20,4,4059.3,1,1,4059.2,19,1,4058.9,28,3,4058.8,25,1,4060.3,314,2,4060.4,1,1,4060.6,86,2,4060.7,48,2,4060.9,48,2
11483,2026-07-02 14:59:48+05:30,4060.0,100,4036.43,2117250,167453.0,162442.0,4100.0,4110.0,4012.0,4092.6,25696125,4501.8,3683.4,4440.0,3288.1,4059.4,20,4,4059.3,1,1,4059.2,19,1,4058.9,28,3,4058.8,25,1,4060.3,314,2,4060.4,1,1,4060.6,86,2,4060.7,48,2,4060.9,48,2
11483,2026-07-02 14:59:49+05:30,4060.0,21,4036.43,2117271,167186.0,162535.0,4100.0,4110.0,4012.0,4092.6,25696125,4501.8,3683.4,4440.0,3288.1,4059.4,20,4,4059.3,1,1,4058.9,28,3,4058.7,89,3,4058.6,78,1,4060.3,316,3,4060.4,1,1,4060.5,5,1,4060.6,86,2,4060.7,48,2
11483,2026-07-02 14:59:49+05:30,4060.0,21,4036.43,2117271,167186.0,162535.0,4100.0,4110.0,4012.0,4092.6,25696125,4501.8,3683.4,4440.0,3288.1,4059.4,20,4,4059.3,1,1,4058.9,28,3,4058.7,89,3,4058.6,78,1,4060.3,316,3,4060.4,1,1,4060.5,5,1,4060.6,86,2,4060.7,48,2
11483,2026-07-02 14:59:50+05:30,4060.0,21,4036.43,2117271,167081.0,162794.0,4100.0,4110.0,4012.0,4092.6,25696125,4501.8,3683.4,4440.0,3288.1,4059.4,20,4,4059.3,1,1,4058.9,4,2,4058.7,89,3,4058.6,78,1,4060.0,1,1,4060.3,339,4,4060.4,50,3,4060.6,86,2,4060.7,48,2
11483,2026-07-02 14:59:51+05:30,4060.0,1,4036.43,2117278,166915.0,162470.0,4100.0,4110.0,4012.0,4092.6,25696125,4501.8,3683.4,4440.0,3288.1,4059.4,33,7,4058.9,1,1,4058.7,51,2,4058.6,84,2,4058.5,79,4,4060.0,67,3,4060.3,34,2,4060.4,50,3,4060.6,86,2,4060.7,48,2
11483,2026-07-02 14:59:51+05:30,4060.0,1,4036.43,2117278,166915.0,162470.0,4100.0,4110.0,4012.0,4092.6,25696125,4501.8,3683.4,4440.0,3288.1,4059.4,33,7,4058.9,1,1,4058.7,51,2,4058.6,84,2,4058.5,79,4,4060.0,67,3,4060.3,34,2,4060.4,50,3,4060.6,86,2,4060.7,48,2
11483,2026-07-02 14:59:52+05:30,4059.4,2,4036.43,2117278,166915.0,162470.0,4100.0,4110.0,4012.0,4092.6,25696125,4501.8,3683.4,4440.0,3288.1,4059.5,50,1,4059.4,31,7,4058.9,1,1,4058.7,2,1,4058.6,78,1,4060.0,379,6,4060.1,24,1,4060.3,55,3,4060.4,39,3,4060.5,24,1
11483,2026-07-02 14:59:52+05:30,4059.4,2,4036.43,2117280,166767.0,163102.0,4100.0,4110.0,4012.0,4092.6,25696125,4501.8,3683.4,4440.0,3288.1,4059.5,50,1,4059.4,31,7,4058.9,1,1,4058.7,2,1,4058.6,78,1,4060.0,379,6,4060.1,24,1,4060.3,55,3,4060.4,39,3,4060.5,24,1
11483,2026-07-02 14:59:53+05:30,4059.5,25,4036.43,2117280,166767.0,163102.0,4100.0,4110.0,4012.0,4092.6,25696125,4501.8,3683.4,4440.0,3288.1,4059.5,25,1,4059.4,31,7,4058.9,1,1,4058.7,2,1,4058.6,78,1,4059.9,5,1,4060.0,449,9,4060.1,15,1,4060.3,109,6,4060.4,39,3
11483,2026-07-02 14:59:53+05:30,4059.5,25,4036.43,2117305,166201.0,163229.0,4100.0,4110.0,4012.0,4092.6,25696125,4501.8,3683.4,4440.0,3288.1,4059.5,25,1,4059.4,31,7,4058.9,1,1,4058.7,2,1,4058.6,78,1,4059.9,5,1,4060.0,449,9,4060.1,15,1,4060.3,109,6,4060.4,39,3
11483,2026-07-02 14:59:54+05:30,4059.9,3,4036.43,2117305,166201.0,163229.0,4100.0,4110.0,4012.0,4092.6,25696125,4501.8,3683.4,4440.0,3288.1,4059.5,25,1,4059.4,31,7,4058.9,1,1,4058.7,2,1,4058.6,78,1,4059.9,5,1,4060.0,449,9,4060.1,15,1,4060.3,109,6,4060.4,39,3
11483,2026-07-02 14:59:54+05:30,4059.9,3,4036.43,2117310,166681.0,163148.0,4100.0,4110.0,4012.0,4092.6,25696125,4501.8,3683.4,4440.0,3288.1,4059.5,45,6,4059.4,13,2,4058.9,1,1,4058.7,2,1,4058.6,78,1,4059.9,15,2,4060.0,392,7,4060.1,15,1,4060.2,27,1,4060.3,40,2
11483,2026-07-02 14:59:55+05:30,4059.5,4,4036.43,2117310,166681.0,163148.0,4100.0,4110.0,4012.0,4092.6,25696125,4501.8,3683.4,4440.0,3288.1,4059.5,45,6,4059.4,13,2,4058.9,1,1,4058.7,2,1,4058.6,78,1,4059.9,15,2,4060.0,392,7,4060.1,15,1,4060.2,27,1,4060.3,40,2
11483,2026-07-02 14:59:55+05:30,4059.5,4,4036.43,2117612,166482.0,163400.0,4100.0,4110.0,4012.0,4092.6,25696125,4501.8,3683.4,4440.0,3288.1,4059.5,40,1,4059.4,10,1,4058.9,1,1,4058.4,6,2,4058.2,12,1,4059.9,94,4,4060.0,427,5,4060.3,52,3,4060.4,39,3,4060.5,74,3
11483,2026-07-02 14:59:56+05:30,4059.5,4,4036.43,2117616,166623.0,163452.0,4100.0,4110.0,4012.0,4092.6,25696125,4501.8,3683.4,4440.0,3288.1,4059.5,36,1,4059.4,11,2,4058.9,1,1,4058.4,6,2,4058.3,2,1,4059.9,94,4,4060.0,427,5,4060.3,52,3,4060.4,63,4,4060.5,74,3
11483,2026-07-02 14:59:57+05:30,4059.5,4,4036.43,2117616,166623.0,163452.0,4100.0,4110.0,4012.0,4092.6,25696125,4501.8,3683.4,4440.0,3288.1,4059.5,36,1,4059.4,11,2,4058.9,1,1,4058.4,6,2,4058.3,2,1,4059.9,94,4,4060.0,427,5,4060.3,52,3,4060.4,63,4,4060.5,74,3
11483,2026-07-02 14:59:57+05:30,4059.5,4,4036.43,2117616,166582.0,163598.0,4100.0,4110.0,4012.0,4092.6,25696125,4501.8,3683.4,4440.0,3288.1,4059.5,36,1,4059.4,11,2,4058.9,1,1,4058.4,1,1,4058.2,12,1,4059.9,177,8,4060.0,450,7,4060.2,24,1,4060.3,52,3,4060.4,39,3
11483,2026-07-02 14:59:58+05:30,4059.6,7,4036.43,2117616,166582.0,163598.0,4100.0,4110.0,4012.0,4092.6,25696125,4501.8,3683.4,4440.0,3288.1,4059.5,36,1,4059.4,11,2,4058.9,1,1,4058.4,1,1,4058.2,12,1,4059.9,177,8,4060.0,450,7,4060.2,24,1,4060.3,52,3,4060.4,39,3
11483,2026-07-02 14:59:58+05:30,4059.6,7,4036.44,2118249,165912.0,163751.0,4100.0,4110.0,4012.0,4092.6,25696125,4501.8,3683.4,4440.0,3288.1,4058.9,15,3,4058.6,78,1,4058.4,1,1,4058.0,222,5,4057.9,13,1,4059.7,49,4,4059.8,12,3,4059.9,115,6,4060.0,508,9,4060.2,45,2
11483,2026-07-02 14:59:59+05:30,4059.4,1,4036.44,2118249,165912.0,163751.0,4100.0,4110.0,4012.0,4092.6,25696125,4501.8,3683.4,4440.0,3288.1,4058.9,15,3,4058.6,78,1,4058.4,1,1,4058.0,222,5,4057.9,13,1,4059.7,49,4,4059.8,12,3,4059.9,115,6,4060.0,508,9,4060.2,45,2
11483,2026-07-02 14:59:59+05:30,4059.4,1,4036.44,2118251,165986.0,163790.0,4100.0,4110.0,4012.0,4092.6,25696125,4501.8,3683.4,4440.0,3288.1,4058.9,33,3,4058.6,78,1,4058.4,1,1,4058.0,222,5,4057.9,77,3,4059.4,3,1,4059.7,46,4,4059.8,3,1,4059.9,102,4,4060.0,476,8
11483,2026-07-02 15:00:00+05:30,4059.4,4,4036.44,2118251,165986.0,163790.0,4100.0,4110.0,4012.0,4092.6,25696125,4501.8,3683.4,4440.0,3288.1,4058.9,33,3,4058.6,78,1,4058.4,1,1,4058.0,222,5,4057.9,77,3,4059.4,3,1,4059.7,46,4,4059.8,3,1,4059.9,102,4,4060.0,476,8
11483,2026-07-02 15:00:01+05:30,4059.4,4,4036.44,2118384,166151.0,163316.0,4100.0,4110.0,4012.0,4092.6,25696125,4501.8,3683.4,4440.0,3288.1,4058.9,47,6,4058.6,78,1,4058.4,14,2,4058.2,36,2,4058.1,40,2,4059.4,8,2,4059.6,12,1,4059.9,90,4,4060.0,427,5,4060.2,34,1
11483,2026-07-02 15:00:01+05:30,4059.3,5,4036.44,2118384,166151.0,163316.0,4100.0,4110.0,4012.0,4092.6,25696125,4501.8,3683.4,4440.0,3288.1,4058.9,47,6,4058.6,78,1,4058.4,14,2,4058.2,36,2,4058.1,40,2,4059.4,8,2,4059.6,12,1,4059.9,90,4,4060.0,427,5,4060.2,34,1
11483,2026-07-02 15:00:02+05:30,4059.3,5,4036.44,2118390,166074.0,163691.0,4100.0,4110.0,4012.0,4092.6,25696125,4501.8,3683.4,4440.0,3288.1,4058.9,49,8,4058.7,159,1,4058.6,78,1,4058.4,14,2,4058.3,6,1,4059.3,6,1,4059.4,10,4,4059.6,37,2,4059.9,78,2,4060.0,427,5
11483,2026-07-02 15:00:02+05:30,4059.1,1,4036.44,2118390,166074.0,163691.0,4100.0,4110.0,4012.0,4092.6,25696125,4501.8,3683.4,4440.0,3288.1,4058.9,49,8,4058.7,159,1,4058.6,78,1,4058.4,14,2,4058.3,6,1,4059.3,6,1,4059.4,10,4,4059.6,37,2,4059.9,78,2,4060.0,427,5
11483,2026-07-02 15:00:03+05:30,4059.1,3,4036.44,2118425,166009.0,163523.0,4100.0,4110.0,4012.0,4092.6,25696125,4501.8,3683.4,4440.0,3288.1,4058.9,24,7,4058.7,159,1,4058.6,78,1,4058.4,14,2,4058.3,6,1,4059.1,3,1,4059.3,9,2,4059.4,3,3,4059.6,25,1,4059.9,78,2
11483,2026-07-02 15:00:03+05:30,4059.1,1,4036.44,2118425,166009.0,163523.0,4100.0,4110.0,4012.0,4092.6,25696125,4501.8,3683.4,4440.0,3288.1,4058.9,24,7,4058.7,159,1,4058.6,78,1,4058.4,14,2,4058.3,6,1,4059.1,3,1,4059.3,9,2,4059.4,3,3,4059.6,25,1,4059.9,78,2
11483,2026-07-02 15:00:04+05:30,4058.7,128,4036.44,2118776,165584.0,163255.0,4100.0,4110.0,4012.0,4092.6,25696125,4501.8,3683.4,4440.0,3288.1,4058.7,31,1,4058.6,1,1,4058.4,14,2,4058.2,15,1,4058.0,222,5,4059.1,46,4,4059.3,10,3,4059.4,3,3,4059.5,17,1,4059.6,25,1
11483,2026-07-02 15:00:04+05:30,4059.1,8,4036.44,2118776,165584.0,163255.0,4100.0,4110.0,4012.0,4092.6,25696125,4501.8,3683.4,4440.0,3288.1,4058.7,31,1,4058.6,1,1,4058.4,14,2,4058.2,15,1,4058.0,222,5,4059.1,46,4,4059.3,10,3,4059.4,3,3,4059.5,17,1,4059.6,25,1
11483,2026-07-02 15:00:05+05:30,4059.1,8,4036.45,2118937,165615.0,163952.0,4100.0,4110.0,4012.0,4092.6,25696125,4501.8,3683.4,4440.0,3288.1,4058.9,1,1,4058.7,35,2,4058.6,1,1,4058.4,14,2,4058.2,15,1,4059.1,739,5,4059.3,87,5,4059.4,3,3,4059.6,26,1,4059.7,16,2
11483,2026-07-02 15:00:05+05:30,4058.9,1,4036.45,2118937,165615.0,163952.0,4100.0,4110.0,4012.0,4092.6,25696125,4501.8,3683.4,4440.0,3288.1,4058.9,1,1,4058.7,35,2,4058.6,1,1,4058.4,14,2,4058.2,15,1,4059.1,739,5,4059.3,87,5,4059.4,3,3,4059.6,26,1,4059.7,16,2
11483,2026-07-02 15:00:06+05:30,4058.6,7,4036.45,2119527,165059.0,164057.0,4100.0,4110.0,4012.0,4092.6,25696125,4501.8,3683.4,4440.0,3288.1,4058.4,8,1,4058.2,15,1,4058.0,222,5,4057.8,11,1,4057.6,12,1,4058.6,69,3,4058.8,28,2,4058.9,17,2,4059.0,70,3,4059.1,382,4
11483,2026-07-02 15:00:06+05:30,4058.5,56,4036.45,2119527,165059.0,164057.0,4100.0,4110.0,4012.0,4092.6,25696125,4501.8,3683.4,4440.0,3288.1,4058.4,8,1,4058.2,15,1,4058.0,222,5,4057.8,11,1,4057.6,12,1,4058.6,69,3,4058.8,28,2,4058.9,17,2,4059.0,70,3,4059.1,382,4
11483,2026-07-02 15:00:07+05:30,4058.1,68,4036.46,2120650,165456.0,163766.0,4100.0,4110.0,4012.0,4092.6,25696125,4501.8,3683.4,4440.0,3288.1,4058.1,350,1,4058.0,6,1,4057.6,178,2,4057.4,6,1,4057.3,2,1,4058.7,36,2,4059.0,25,2,4059.1,402,4,4059.3,111,7,4059.4,55,4
11483,2026-07-02 15:00:07+05:30,4058.7,15,4036.46,2120650,165456.0,163766.0,4100.0,4110.0,4012.0,4092.6,25696125,4501.8,3683.4,4440.0,3288.1,4058.1,350,1,4058.0,6,1,4057.6,178,2,4057.4,6,1,4057.3,2,1,4058.7,36,2,4059.0,25,2,4059.1,402,4,4059.3,111,7,4059.4,55,4
11483,2026-07-02 15:00:08+05:30,4058.7,15,4036.46,2120720,165712.0,163867.0,4100.0,4110.0,4012.0,4092.6,25696125,4501.8,3683.4,4440.0,3288.1,4058.1,353,4,4058.0,10,3,4057.9,12,1,4057.7,175,1,4057.6,20,2,4058.6,2,1,4058.7,386,4,4059.0,1,1,4059.1,38,2,4059.3,142,7
11483,2026-07-02 15:00:08+05:30,4058.1,198,4036.46,2120720,165712.0,163867.0,4100.0,4110.0,4012.0,4092.6,25696125,4501.8,3683.4,4440.0,3288.1,4058.1,353,4,4058.0,10,3,4057.9,12,1,4057.7,175,1,4057.6,20,2,4058.6,2,1,4058.7,386,4,4059.0,1,1,4059.1,38,2,4059.3,142,7
11483,2026-07-02 15:00:09+05:30,4058.3,1,4036.47,2121067,165465.0,164521.0,4100.0,4110.0,4012.0,4092.6,25696125,4501.8,3683.4,4440.0,3288.1,4058.3,1,1,4058.2,4,2,4058.1,20,2,4058.0,8,2,4057.8,14,1,4058.4,14,1,4058.6,2,1,4058.7,373,3,4059.0,33,3,4059.1,38,2
11483,2026-07-02 15:00:09+05:30,4058.6,10,4036.47,2121067,165465.0,164521.0,4100.0,4110.0,4012.0,4092.6,25696125,4501.8,3683.4,4440.0,3288.1,4058.3,1,1,4058.2,4,2,4058.1,20,2,4058.0,8,2,4057.8,14,1,4058.4,14,1,4058.6,2,1,4058.7,373,3,4059.0,33,3,4059.1,38,2
11483,2026-07-02 15:00:10+05:30,4058.4,5,4036.47,2121214,165844.0,163837.0,4100.0,4110.0,4012.0,4092.6,25696125,4501.8,3683.4,4440.0,3288.1,4058.4,18,5,4058.3,6,2,4058.2,175,1,4058.1,76,2,4058.0,8,2,4058.7,385,4,4058.8,15,1,4059.0,1,1,4059.3,41,3,4059.4,20,3
11483,2026-07-02 15:00:10+05:30,4058.4,5,4036.47,2121214,165844.0,163837.0,4100.0,4110.0,4012.0,4092.6,25696125,4501.8,3683.4,4440.0,3288.1,4058.4,18,5,4058.3,6,2,4058.2,175,1,4058.1,76,2,4058.0,8,2,4058.7,385,4,4058.8,15,1,4059.0,1,1,4059.3,41,3,4059.4,20,3
11483,2026-07-02 15:00:11+05:30,4058.7,17,4036.47,2121236,165819.0,164018.0,4100.0,4110.0,4012.0,4092.6,25696125,4501.8,3683.4,4440.0,3288.1,4058.6,11,2,4058.5,6,3,4058.4,16,5,4058.3,1,1,4058.2,175,1,4058.7,366,5,4058.8,15,1,4059.0,1,1,4059.3,26,2,4059.4,20,3
11483,2026-07-02 15:00:11+05:30,4058.4,1,4036.47,2121236,165819.0,164018.0,4100.0,4110.0,4012.0,4092.6,25696125,4501.8,3683.4,4440.0,3288.1,4058.6,11,2,4058.5,6,3,4058.4,16,5,4058.3,1,1,4058.2,175,1,4058.7,366,5,4058.8,15,1,4059.0,1,1,4059.3,26,2,4059.4,20,3
11483,2026-07-02 15:00:12+05:30,4058.4,1,4036.47,2121263,165703.0,164336.0,4100.0,4110.0,4012.0,4092.6,25696125,4501.8,3683.4,4440.0,3288.1,4058.4,15,5,4058.3,1,1,4058.2,175,1,4058.1,76,2,4058.0,8,2,4058.7,362,6,4058.8,15,1,4059.0,1,1,4059.3,26,2,4059.4,35,3
11483,2026-07-02 15:00:12+05:30,4058.4,1,4036.47,2121263,165703.0,164336.0,4100.0,4110.0,4012.0,4092.6,25696125,4501.8,3683.4,4440.0,3288.1,4058.4,15,5,4058.3,1,1,4058.2,175,1,4058.1,76,2,4058.0,8,2,4058.7,362,6,4058.8,15,1,4059.0,1,1,4059.3,26,2,4059.4,35,3
11483,2026-07-02 15:00:13+05:30,4059.1,41,4036.48,2122018,167323.0,161818.0,4100.0,4110.0,4012.0,4092.6,25696125,4501.8,3683.4,4440.0,3288.1,4059.3,3,1,4059.2,66,5,4059.1,8,1,4059.0,5,1,4058.8,12,1,4059.9,178,3,4060.0,717,11,4060.6,87,3,4060.7,61,1,4060.8,36,2
11483,2026-07-02 15:00:13+05:30,4059.9,1,4036.48,2122018,167323.0,161818.0,4100.0,4110.0,4012.0,4092.6,25696125,4501.8,3683.4,4440.0,3288.1,4059.3,3,1,4059.2,66,5,4059.1,8,1,4059.0,5,1,4058.8,12,1,4059.9,178,3,4060.0,717,11,4060.6,87,3,4060.7,61,1,4060.8,36,2
11483,2026-07-02 15:00:14+05:30,4058.9,39,4036.48,2122076,167004.0,162334.0,4100.0,4110.0,4012.0,4092.6,25696125,4501.8,3683.4,4440.0,3288.1,4058.8,26,1,4058.7,94,5,4058.6,29,2,4058.5,59,3,4058.4,108,11,4059.9,240,5,4060.0,719,12,4060.3,22,1,4060.4,50,2,4060.6,87,3
11483,2026-07-02 15:00:14+05:30,4058.9,39,4036.48,2122076,167004.0,162334.0,4100.0,4110.0,4012.0,4092.6,25696125,4501.8,3683.4,4440.0,3288.1,4058.8,26,1,4058.7,94,5,4058.6,29,2,4058.5,59,3,4058.4,108,11,4059.9,240,5,4060.0,719,12,4060.3,22,1,4060.4,50,2,4060.6,87,3
11483,2026-07-02 15:00:15+05:30,4058.9,39,4036.48,2122076,166757.0,162479.0,4100.0,4110.0,4012.0,4092.6,25696125,4501.8,3683.4,4440.0,3288.1,4058.9,3,1,4058.8,22,4,4058.7,12,2,4058.6,29,2,4058.5,17,1,4059.9,244,6,4060.0,734,13,4060.1,41,2,4060.3,22,1,4060.4,50,2
11483,2026-07-02 15:00:15+05:30,4058.9,3,4036.48,2122076,166757.0,162479.0,4100.0,4110.0,4012.0,4092.6,25696125,4501.8,3683.4,4440.0,3288.1,4058.9,3,1,4058.8,22,4,4058.7,12,2,4058.6,29,2,4058.5,17,1,4059.9,244,6,4060.0,734,13,4060.1,41,2,4060.3,22,1,4060.4,50,2
11483,2026-07-02 15:00:16+05:30,4058.9,3,4036.48,2122079,166860.0,162460.0,4100.0,4110.0,4012.0,4092.6,25696125,4501.8,3683.4,4440.0,3288.1,4059.4,20,3,4058.9,8,2,4058.8,2,2,4058.7,12,2,4058.6,5,1,4059.9,259,9,4060.0,734,13,4060.1,38,2,4060.2,24,1,4060.3,22,1
11483,2026-07-02 15:00:16+05:30,4059.4,1,4036.48,2122079,166860.0,162460.0,4100.0,4110.0,4012.0,4092.6,25696125,4501.8,3683.4,4440.0,3288.1,4059.4,20,3,4058.9,8,2,4058.8,2,2,4058.7,12,2,4058.6,5,1,4059.9,259,9,4060.0,734,13,4060.1,38,2,4060.2,24,1,4060.3,22,1
11483,2026-07-02 15:00:17+05:30,4059.4,2,4036.48,2122089,167372.0,162637.0,4100.0,4110.0,4012.0,4092.6,25696125,4501.8,3683.4,4440.0,3288.1,4059.4,18,3,4058.9,8,2,4058.8,2,2,4058.7,12,2,4058.6,5,1,4059.9,277,10,4060.0,734,13,4060.1,38,2,4060.2,44,2,4060.3,22,1
11483,2026-07-02 15:00:17+05:30,4059.4,2,4036.48,2122089,167372.0,162637.0,4100.0,4110.0,4012.0,4092.6,25696125,4501.8,3683.4,4440.0,3288.1,4059.4,18,3,4058.9,8,2,4058.8,2,2,4058.7,12,2,4058.6,5,1,4059.9,277,10,4060.0,734,13,4060.1,38,2,4060.2,44,2,4060.3,22,1
11483,2026-07-02 15:00:18+05:30,4059.4,2,4036.48,2122089,167004.0,162641.0,4100.0,4110.0,4012.0,4092.6,25696125,4501.8,3683.4,4440.0,3288.1,4059.4,25,6,4058.8,2,2,4058.7,2,1,4058.6,5,1,4058.5,17,1,4059.8,82,6,4059.9,256,10,4060.0,734,13,4060.1,38,2,4060.2,44,2
11483,2026-07-02 15:00:19+05:30,4059.4,5,4036.48,2122089,167004.0,162641.0,4100.0,4110.0,4012.0,4092.6,25696125,4501.8,3683.4,4440.0,3288.1,4059.4,25,6,4058.8,2,2,4058.7,2,1,4058.6,5,1,4058.5,17,1,4059.8,82,6,4059.9,256,10,4060.0,734,13,4060.1,38,2,4060.2,44,2
11483,2026-07-02 15:00:19+05:30,4059.4,5,4036.48,2122275,167149.0,162004.0,4100.0,4110.0,4012.0,4092.6,25696125,4501.8,3683.4,4440.0,3288.1,4059.4,19,6,4059.0,55,1,4058.8,2,2,4058.7,2,1,4058.6,5,1,4059.8,47,5,4059.9,216,4,4060.0,786,15,4060.1,17,1,4060.2,44,2
11483,2026-07-02 15:00:20+05:30,4059.4,9,4036.48,2122275,167149.0,162004.0,4100.0,4110.0,4012.0,4092.6,25696125,4501.8,3683.4,4440.0,3288.1,4059.4,19,6,4059.0,55,1,4058.8,2,2,4058.7,2,1,4058.6,5,1,4059.8,47,5,4059.9,216,4,4060.0,786,15,4060.1,17,1,4060.2,44,2
11483,2026-07-02 15:00:20+05:30,4059.4,9,4036.48,2122327,167080.0,162565.0,4100.0,4110.0,4012.0,4092.6,25696125,4501.8,3683.4,4440.0,3288.1,4059.0,55,1,4058.8,2,2,4058.4,1,1,4058.3,1,1,4058.2,175,1,4059.4,77,1,4059.6,113,4,4059.7,46,5,4059.8,143,7,4059.9,198,5
11483,2026-07-02 15:00:21+05:30,4059.4,1,4036.48,2122327,167080.0,162565.0,4100.0,4110.0,4012.0,4092.6,25696125,4501.8,3683.4,4440.0,3288.1,4059.0,55,1,4058.8,2,2,4058.4,1,1,4058.3,1,1,4058.2,175,1,4059.4,77,1,4059.6,113,4,4059.7,46,5,4059.8,143,7,4059.9,198,5
11483,2026-07-02 15:00:21+05:30,4059.4,1,4036.48,2122332,166962.0,162564.0,4100.0,4110.0,4012.0,4092.6,25696125,4501.8,3683.4,4440.0,3288.1,4059.0,59,3,4058.8,2,2,4058.4,11,1,4058.3,11,1,4058.1,246,3,4059.4,151,7,4059.5,12,1,4059.6,84,3,4059.7,23,4,4059.8,136,5
11483,2026-07-02 15:00:22+05:30,4059.3,7,4036.48,2122332,166962.0,162564.0,4100.0,4110.0,4012.0,4092.6,25696125,4501.8,3683.4,4440.0,3288.1,4059.0,59,3,4058.8,2,2,4058.4,11,1,4058.3,11,1,4058.1,246,3,4059.4,151,7,4059.5,12,1,4059.6,84,3,4059.7,23,4,4059.8,136,5
11483,2026-07-02 15:00:22+05:30,4059.3,7,4036.49,2122753,166805.0,162754.0,4100.0,4110.0,4012.0,4092.6,25696125,4501.8,3683.4,4440.0,3288.1,4058.8,2,2,4058.4,11,1,4058.3,11,1,4058.1,246,3,4057.4,3,2,4059.3,6,1,4059.4,100,8,4059.5,33,2,4059.6,91,3,4059.7,23,4
11483,2026-07-02 15:00:23+05:30,4058.9,2,4036.49,2122753,166805.0,162754.0,4100.0,4110.0,4012.0,4092.6,25696125,4501.8,3683.4,4440.0,3288.1,4058.8,2,2,4058.4,11,1,4058.3,11,1,4058.1,246,3,4057.4,3,2,4059.3,6,1,4059.4,100,8,4059.5,33,2,4059.6,91,3,4059.7,23,4
11483,2026-07-02 15:00:23+05:30,4058.9,2,4036.49,2122760,166838.0,162705.0,4100.0,4110.0,4012.0,4092.6,25696125,4501.8,3683.4,4440.0,3288.1,4058.9,1,1,4058.8,6,3,4058.4,11,1,4058.3,11,1,4058.1,246,3,4059.3,229,10,4059.4,52,4,4059.5,12,1,4059.6,85,3,4059.7,36,5
11483,2026-07-02 15:00:24+05:30,4057.2,41,4036.49,2122760,166838.0,162705.0,4100.0,4110.0,4012.0,4092.6,25696125,4501.8,3683.4,4440.0,3288.1,4058.9,1,1,4058.8,6,3,4058.4,11,1,4058.3,11,1,4058.1,246,3,4059.3,229,10,4059.4,52,4,4059.5,12,1,4059.6,85,3,4059.7,36,5
11483,2026-07-02 15:00:24+05:30,4058.0,65,4036.5,2123880,166778.0,162007.0,4100.0,4110.0,4012.0,4092.6,25696125,4501.8,3683.4,4440.0,3288.1,4058.5,110,1,4058.4,3,1,4058.3,3,1,4058.2,20,1,4057.9,6,1,4059.4,10,1,4059.5,15,1,4059.6,18,3,4059.7,7,1,4059.8,29,2
11483,2026-07-02 15:00:25+05:30,4059.2,30,4036.5,2123880,166778.0,162007.0,4100.0,4110.0,4012.0,4092.6,25696125,4501.8,3683.4,4440.0,3288.1,4058.5,110,1,4058.4,3,1,4058.3,3,1,4058.2,20,1,4057.9,6,1,4059.4,10,1,4059.5,15,1,4059.6,18,3,4059.7,7,1,4059.8,29,2
11483,2026-07-02 15:00:25+05:30,4059.4,20,4036.51,2124843,166325.0,162075.0,4100.0,4110.0,4012.0,4092.6,25696125,4501.8,3683.4,4440.0,3288.1,4058.0,16,1,4057.9,12,3,4057.8,3,1,4057.6,241,3,4057.5,24,1,4059.4,94,2,4059.5,30,3,4059.6,5,2,4059.7,13,2,4059.8,44,4
11483,2026-07-02 15:00:26+05:30,4058.2,2,4036.51,2124843,166325.0,162075.0,4100.0,4110.0,4012.0,4092.6,25696125,4501.8,3683.4,4440.0,3288.1,4058.0,16,1,4057.9,12,3,4057.8,3,1,4057.6,241,3,4057.5,24,1,4059.4,94,2,4059.5,30,3,4059.6,5,2,4059.7,13,2,4059.8,44,4
11483,2026-07-02 15:00:26+05:30,4058.2,2,4036.51,2124870,166284.0,163052.0,4100.0,4110.0,4012.0,4092.6,25696125,4501.8,3683.4,4440.0,3288.1,4058.2,1,1,4057.5,10,1,4057.4,36,2,4057.3,24,1,4057.2,33,1,4058.9,51,2,4059.0,29,2,4059.1,48,2,4059.2,32,1,4059.3,63,3
11483,2026-07-02 15:00:27+05:30,4057.6,16,4036.51,2124870,166284.0,163052.0,4100.0,4110.0,4012.0,4092.6,25696125,4501.8,3683.4,4440.0,3288.1,4058.2,1,1,4057.5,10,1,4057.4,36,2,4057.3,24,1,4057.2,33,1,4058.9,51,2,4059.0,29,2,4059.1,48,2,4059.2,32,1,4059.3,63,3
11483,2026-07-02 15:00:27+05:30,4057.6,16,4036.51,2125225,166599.0,163199.0,4100.0,4110.0,4012.0,4092.6,25696125,4501.8,3683.4,4440.0,3288.1,4057.6,159,1,4057.2,84,4,4057.0,103,2,4056.9,60,3,4056.7,12,1,4058.9,51,4,4059.0,8,1,4059.1,85,4,4059.2,137,5,4059.3,64,3
11483,2026-07-02 15:00:28+05:30,4058.9,4,4036.51,2125225,166599.0,163199.0,4100.0,4110.0,4012.0,4092.6,25696125,4501.8,3683.4,4440.0,3288.1,4057.6,159,1,4057.2,84,4,4057.0,103,2,4056.9,60,3,4056.7,12,1,4058.9,51,4,4059.0,8,1,4059.1,85,4,4059.2,137,5,4059.3,64,3
11483,2026-07-02 15:00:28+05:30,4058.9,4,4036.51,2125233,167012.0,162447.0,4100.0,4110.0,4012.0,4092.6,25696125,4501.8,3683.4,4440.0,3288.1,4058.0,400,2,4057.6,216,6,4057.4,8,1,4057.3,11,2,4057.2,84,4,4059.2,47,2,4059.3,68,3,4059.4,194,4,4059.5,86,3,4059.6,30,3
11483,2026-07-02 15:00:29+05:30,4058.0,10,4036.51,2125233,167012.0,162447.0,4100.0,4110.0,4012.0,4092.6,25696125,4501.8,3683.4,4440.0,3288.1,4058.0,400,2,4057.6,216,6,4057.4,8,1,4057.3,11,2,4057.2,84,4,4059.2,47,2,4059.3,68,3,4059.4,194,4,4059.5,86,3,4059.6,30,3
11483,2026-07-02 15:00:30+05:30,4058.2,2,4036.51,2125278,168076.0,162112.0,4100.0,4110.0,4012.0,4092.6,25696125,4501.8,3683.4,4440.0,3288.1,4058.2,318,1,4058.1,175,1,4058.0,395,4,4057.9,5,1,4057.7,159,1,4059.2,79,4,4059.3,29,2,4059.4,156,3,4059.5,47,2,4059.6,4,1
11483,2026-07-02 15:00:30+05:30,4059.2,3,4036.51,2125278,168076.0,162112.0,4100.0,4110.0,4012.0,4092.6,25696125,4501.8,3683.4,4440.0,3288.1,4058.2,318,1,4058.1,175,1,4058.0,395,4,4057.9,5,1,4057.7,159,1,4059.2,79,4,4059.3,29,2,4059.4,156,3,4059.5,47,2,4059.6,4,1
11483,2026-07-02 15:00:31+05:30,4059.1,1,4036.51,2125327,167806.0,161936.0,4100.0,4110.0,4012.0,4092.6,25696125,4501.8,3683.4,4440.0,3288.1,4058.7,1,1,4058.2,61,4,4058.1,355,3,4058.0,390,2,4057.9,48,2,4059.1,60,3,4059.2,37,3,4059.4,117,2,4059.5,25,2,4059.6,4,1
11483,2026-07-02 15:00:31+05:30,4058.2,25,4036.51,2125327,167806.0,161936.0,4100.0,4110.0,4012.0,4092.6,25696125,4501.8,3683.4,4440.0,3288.1,4058.7,1,1,4058.2,61,4,4058.1,355,3,4058.0,390,2,4057.9,48,2,4059.1,60,3,4059.2,37,3,4059.4,117,2,4059.5,25,2,4059.6,4,1
11483,2026-07-02 15:00:32+05:30,4059.1,2,4036.51,2125393,167848.0,161901.0,4100.0,4110.0,4012.0,4092.6,25696125,4501.8,3683.4,4440.0,3288.1,4058.7,4,1,4058.2,35,3,4058.1,405,4,4058.0,390,2,4057.9,5,1,4059.1,134,7,4059.4,117,2,4059.5,5,1,4059.7,10,1,4059.8,2,1
11483,2026-07-02 15:00:32+05:30,4059.1,5,4036.51,2125393,167848.0,161901.0,4100.0,4110.0,4012.0,4092.6,25696125,4501.8,3683.4,4440.0,3288.1,4058.7,4,1,4058.2,35,3,4058.1,405,4,4058.0,390,2,4057.9,5,1,4059.1,134,7,4059.4,117,2,4059.5,5,1,4059.7,10,1,4059.8,2,1
11483,2026-07-02 15:00:33+05:30,4059.1,5,4036.51,2125398,168330.0,161891.0,4100.0,4110.0,4012.0,4092.6,25696125,4501.8,3683.4,4440.0,3288.1,4058.7,360,3,4058.3,50,1,4058.2,35,3,4058.1,405,4,4058.0,404,3,4059.1,132,8,4059.4,117,2,4059.5,5,1,4059.6,11,1,4059.7,10,1
11483,2026-07-02 15:00:33+05:30,4059.4,90,4036.51,2125398,168330.0,161891.0,4100.0,4110.0,4012.0,4092.6,25696125,4501.8,3683.4,4440.0,3288.1,4058.7,360,3,4058.3,50,1,4058.2,35,3,4058.1,405,4,4058.0,404,3,4059.1,132,8,4059.4,117,2,4059.5,5,1,4059.6,11,1,4059.7,10,1
11483,2026-07-02 15:00:34+05:30,4059.9,61,4036.52,2126107,168850.0,161672.0,4100.0,4110.0,4012.0,4092.6,25696125,4501.8,3683.4,4440.0,3288.1,4059.1,273,5,4059.0,64,3,4058.9,55,4,4058.8,49,3,4058.7,1,1,4060.0,871,15,4060.1,10,1,4060.3,38,1,4060.4,66,2,4060.6,124,4
11483,2026-07-02 15:00:34+05:30,4059.5,18,4036.52,2126107,168850.0,161672.0,4100.0,4110.0,4012.0,4092.6,25696125,4501.8,3683.4,4440.0,3288.1,4059.1,273,5,4059.0,64,3,4058.9,55,4,4058.8,49,3,4058.7,1,1,4060.0,871,15,4060.1,10,1,4060.3,38,1,4060.4,66,2,4060.6,124,4
11483,2026-07-02 15:00:35+05:30,4058.3,3,4036.53,2127350,167951.0,161308.0,4100.0,4110.0,4012.0,4092.6,25696125,4501.8,3683.4,4440.0,3288.1,4058.3,59,3,4058.2,2,1,4058.1,405,4,4058.0,404,3,4057.7,2,1,4059.5,61,3,4059.6,67,3,4059.7,58,2,4059.8,89,3,4059.9,84,4
11483,2026-07-02 15:00:35+05:30,4058.3,3,4036.53,2127350,167951.0,161308.0,4100.0,4110.0,4012.0,4092.6,25696125,4501.8,3683.4,4440.0,3288.1,4058.3,59,3,4058.2,2,1,4058.1,405,4,4058.0,404,3,4057.7,2,1,4059.5,61,3,4059.6,67,3,4059.7,58,2,4059.8,89,3,4059.9,84,4
11483,2026-07-02 15:00:36+05:30,4058.3,3,4036.53,2127406,168028.0,160917.0,4100.0,4110.0,4012.0,4092.6,25696125,4501.8,3683.4,4440.0,3288.1,4058.3,57,9,4058.2,2,1,4058.1,400,3,4058.0,458,4,4057.6,39,3,4059.1,3,1,4059.5,31,2,4059.6,32,1,4059.7,35,1,4059.8,75,2
11483,2026-07-02 15:00:36+05:30,4058.3,2,4036.53,2127406,168028.0,160917.0,4100.0,4110.0,4012.0,4092.6,25696125,4501.8,3683.4,4440.0,3288.1,4058.3,57,9,4058.2,2,1,4058.1,400,3,4058.0,458,4,4057.6,39,3,4059.1,3,1,4059.5,31,2,4059.6,32,1,4059.7,35,1,4059.8,75,2
11483,2026-07-02 15:00:37+05:30,4058.3,2,4036.53,2127408,168303.0,161164.0,4100.0,4110.0,4012.0,4092.6,25696125,4501.8,3683.4,4440.0,3288.1,4058.5,3,1,4058.4,29,3,4058.3,52,8,4058.2,27,2,4058.1,424,4,4059.1,8,3,4059.5,25,1,4059.9,40,1,4060.0,718,12,4060.1,10,1
11483,2026-07-02 15:00:37+05:30,4059.1,2,4036.53,2127408,168303.0,161164.0,4100.0,4110.0,4012.0,4092.6,25696125,4501.8,3683.4,4440.0,3288.1,4058.5,3,1,4058.4,29,3,4058.3,52,8,4058.2,27,2,4058.1,424,4,4059.1,8,3,4059.5,25,1,4059.9,40,1,4060.0,718,12,4060.1,10,1
11483,2026-07-02 15:00:38+05:30,4059.1,2,4036.53,2127408,168303.0,161164.0,4100.0,4110.0,4012.0,4092.6,25696125,4501.8,3683.4,4440.0,3288.1,4058.5,3,1,4058.4,29,3,4058.3,52,8,4058.2,27,2,4058.1,424,4,4059.1,8,3,4059.5,25,1,4059.9,40,1,4060.0,718,12,4060.1,10,1
11483,2026-07-02 15:00:38+05:30,4058.5,4,4036.54,2127479,168472.0,161318.0,4100.0,4110.0,4012.0,4092.6,25696125,4501.8,3683.4,4440.0,3288.1,4058.5,5,2,4058.3,52,8,4058.2,27,2,4058.1,424,4,4058.0,449,4,4059.1,22,3,4059.9,49,1,4060.0,680,10,4060.1,41,3,4060.2,42,1
11483,2026-07-02 15:00:38+05:30,4058.5,4,4036.54,2127479,168472.0,161318.0,4100.0,4110.0,4012.0,4092.6,25696125,4501.8,3683.4,4440.0,3288.1,4058.5,5,2,4058.3,52,8,4058.2,27,2,4058.1,424,4,4058.0,449,4,4059.1,22,3,4059.9,49,1,4060.0,680,10,4060.1,41,3,4060.2,42,1
11483,2026-07-02 15:00:39+05:30,4058.5,4,4036.54,2127479,168472.0,161318.0,4100.0,4110.0,4012.0,4092.6,25696125,4501.8,3683.4,4440.0,3288.1,4058.5,5,2,4058.3,52,8,4058.2,27,2,4058.1,424,4,4058.0,449,4,4059.1,22,3,4059.9,49,1,4060.0,680,10,4060.1,41,3,4060.2,42,1
11483,2026-07-02 15:00:39+05:30,4058.4,10,4036.54,2127503,168105.0,161382.0,4100.0,4110.0,4012.0,4092.6,25696125,4501.8,3683.4,4440.0,3288.1,4058.3,50,7,4058.2,27,2,4058.1,99,3,4058.0,449,4,4057.8,45,2,4059.1,70,5,4060.0,714,10,4060.1,59,3,4060.2,42,1,4060.3,30,1
11483,2026-07-02 15:00:39+05:30,4058.4,10,4036.54,2127503,168105.0,161382.0,4100.0,4110.0,4012.0,4092.6,25696125,4501.8,3683.4,4440.0,3288.1,4058.3,50,7,4058.2,27,2,4058.1,99,3,4058.0,449,4,4057.8,45,2,4059.1,70,5,4060.0,714,10,4060.1,59,3,4060.2,42,1,4060.3,30,1
11483,2026-07-02 15:00:40+05:30,4058.4,10,4036.54,2127503,168105.0,161382.0,4100.0,4110.0,4012.0,4092.6,25696125,4501.8,3683.4,4440.0,3288.1,4058.3,50,7,4058.2,27,2,4058.1,99,3,4058.0,449,4,4057.8,45,2,4059.1,70,5,4060.0,714,10,4060.1,59,3,4060.2,42,1,4060.3,30,1
11483,2026-07-02 15:00:40+05:30,4058.4,7,4036.54,2127503,168105.0,161382.0,4100.0,4110.0,4012.0,4092.6,25696125,4501.8,3683.4,4440.0,3288.1,4058.3,50,7,4058.2,27,2,4058.1,99,3,4058.0,449,4,4057.8,45,2,4059.1,70,5,4060.0,714,10,4060.1,59,3,4060.2,42,1,4060.3,30,1
11483,2026-07-02 15:00:40+05:30,4058.4,7,4036.54,2127514,168188.0,162241.0,4100.0,4110.0,4012.0,4092.6,25696125,4501.8,3683.4,4440.0,3288.1,4058.5,17,1,4058.3,31,6,4058.2,27,2,4058.1,425,3,4058.0,390,2,4059.1,109,7,4059.2,17,1,4059.3,41,2,4059.6,51,2,4059.8,2,1
11483,2026-07-02 15:00:41+05:30,4058.4,7,4036.54,2127514,168188.0,162241.0,4100.0,4110.0,4012.0,4092.6,25696125,4501.8,3683.4,4440.0,3288.1,4058.5,17,1,4058.3,31,6,4058.2,27,2,4058.1,425,3,4058.0,390,2,4059.1,109,7,4059.2,17,1,4059.3,41,2,4059.6,51,2,4059.8,2,1
11483,2026-07-02 15:00:41+05:30,4059.1,3,4036.54,2127514,168188.0,162241.0,4100.0,4110.0,4012.0,4092.6,25696125,4501.8,3683.4,4440.0,3288.1,4058.5,17,1,4058.3,31,6,4058.2,27,2,4058.1,425,3,4058.0,390,2,4059.1,109,7,4059.2,17,1,4059.3,41,2,4059.6,51,2,4059.8,2,1
11483,2026-07-02 15:00:41+05:30,4059.1,3,4036.54,2127514,168188.0,162241.0,4100.0,4110.0,4012.0,4092.6,25696125,4501.8,3683.4,4440.0,3288.1,4058.5,17,1,4058.3,31,6,4058.2,27,2,4058.1,425,3,4058.0,390,2,4059.1,109,7,4059.2,17,1,4059.3,41,2,4059.6,51,2,4059.8,2,1
11483,2026-07-02 15:00:41+05:30,4059.1,3,4036.54,2127771,167737.0,162101.0,4100.0,4110.0,4012.0,4092.6,25696125,4501.8,3683.4,4440.0,3288.1,4058.3,37,6,4058.2,27,2,4058.1,75,2,4058.0,408,3,4057.9,28,2,4059.1,66,6,4059.8,36,1,4059.9,74,3,4060.0,706,11,4060.1,23,3
11483,2026-07-02 15:00:42+05:30,4059.1,3,4036.54,2127771,167737.0,162101.0,4100.0,4110.0,4012.0,4092.6,25696125,4501.8,3683.4,4440.0,3288.1,4058.3,37,6,4058.2,27,2,4058.1,75,2,4058.0,408,3,4057.9,28,2,4059.1,66,6,4059.8,36,1,4059.9,74,3,4060.0,706,11,4060.1,23,3
11483,2026-07-02 15:00:42+05:30,4058.3,1,4036.54,2127771,167737.0,162101.0,4100.0,4110.0,4012.0,4092.6,25696125,4501.8,3683.4,4440.0,3288.1,4058.3,37,6,4058.2,27,2,4058.1,75,2,4058.0,408,3,4057.9,28,2,4059.1,66,6,4059.8,36,1,4059.9,74,3,4060.0,706,11,4060.1,23,3
11483,2026-07-02 15:00:42+05:30,4058.3,1,4036.54,2127771,167737.0,162101.0,4100.0,4110.0,4012.0,4092.6,25701550,4501.8,3683.4,4440.0,3288.1,4058.3,37,6,4058.2,27,2,4058.1,75,2,4058.0,408,3,4057.9,28,2,4059.1,66,6,4059.8,36,1,4059.9,74,3,4060.0,706,11,4060.1,23,3
11483,2026-07-02 15:00:43+05:30,4059.0,1,4036.54,2127774,167749.0,162206.0,4100.0,4110.0,4012.0,4092.6,25701550,4501.8,3683.4,4440.0,3288.1,4058.4,7,3,4058.3,28,4,4058.2,27,2,4058.1,75,2,4058.0,408,3,4059.0,7,1,4059.1,61,5,4059.6,24,1,4059.8,36,1,4059.9,63,2
11483,2026-07-02 15:00:43+05:30,4059.0,1,4036.54,2127774,167749.0,162206.0,4100.0,4110.0,4012.0,4092.6,25701550,4501.8,3683.4,4440.0,3288.1,4058.4,7,3,4058.3,28,4,4058.2,27,2,4058.1,75,2,4058.0,408,3,4059.0,7,1,4059.1,61,5,4059.6,24,1,4059.8,36,1,4059.9,63,2
11483,2026-07-02 15:00:43+05:30,4058.4,1,4036.54,2127774,167749.0,162206.0,4100.0,4110.0,4012.0,4092.6,25701550,4501.8,3683.4,4440.0,3288.1,4058.4,7,3,4058.3,28,4,4058.2,27,2,4058.1,75,2,4058.0,408,3,4059.0,7,1,4059.1,61,5,4059.6,24,1,4059.8,36,1,4059.9,63,2
11483,2026-07-02 15:00:44+05:30,4058.4,1,4036.54,2127774,167749.0,162206.0,4100.0,4110.0,4012.0,4092.6,25701550,4501.8,3683.4,4440.0,3288.1,4058.4,7,3,4058.3,28,4,4058.2,27,2,4058.1,75,2,4058.0,408,3,4059.0,7,1,4059.1,61,5,4059.6,24,1,4059.8,36,1,4059.9,63,2
11483,2026-07-02 15:00:44+05:30,4058.5,20,4036.54,2127797,167629.0,162250.0,4100.0,4110.0,4012.0,4092.6,25701550,4501.8,3683.4,4440.0,3288.1,4058.5,30,1,4058.4,4,3,4058.3,28,4,4058.2,27,2,4058.1,75,2,4059.0,134,8,4059.1,81,3,4059.2,19,1,4059.3,45,2,4059.5,23,1
11483,2026-07-02 15:00:44+05:30,4058.5,20,4036.54,2127797,167629.0,162250.0,4100.0,4110.0,4012.0,4092.6,25701550,4501.8,3683.4,4440.0,3288.1,4058.5,30,1,4058.4,4,3,4058.3,28,4,4058.2,27,2,4058.1,75,2,4059.0,134,8,4059.1,81,3,4059.2,19,1,4059.3,45,2,4059.5,23,1
11483,2026-07-02 15:00:44+05:30,4059.0,1,4036.54,2127797,167629.0,162250.0,4100.0,4110.0,4012.0,4092.6,25701550,4501.8,3683.4,4440.0,3288.1,4058.5,30,1,4058.4,4,3,4058.3,28,4,4058.2,27,2,4058.1,75,2,4059.0,134,8,4059.1,81,3,4059.2,19,1,4059.3,45,2,4059.5,23,1
11483,2026-07-02 15:00:44+05:30,4059.0,1,4036.54,2127797,167629.0,162250.0,4100.0,4110.0,4012.0,4092.6,25701550,4501.8,3683.4,4440.0,3288.1,4058.5,30,1,4058.4,4,3,4058.3,28,4,4058.2,27,2,4058.1,75,2,4059.0,134,8,4059.1,81,3,4059.2,19,1,4059.3,45,2,4059.5,23,1
11483,2026-07-02 15:00:45+05:30,4059.0,1,4036.54,2127805,167838.0,162382.0,4100.0,4110.0,4012.0,4092.6,25701550,4501.8,3683.4,4440.0,3288.1,4058.5,203,4,4058.4,14,6,4058.2,27,2,4058.1,75,2,4058.0,515,2,4059.0,72,5,4059.1,50,1,4059.3,34,2,4059.4,21,1,4059.5,24,1
11483,2026-07-02 15:00:45+05:30,4059.0,1,4036.54,2127805,167838.0,162382.0,4100.0,4110.0,4012.0,4092.6,25701550,4501.8,3683.4,4440.0,3288.1,4058.5,203,4,4058.4,14,6,4058.2,27,2,4058.1,75,2,4058.0,515,2,4059.0,72,5,4059.1,50,1,4059.3,34,2,4059.4,21,1,4059.5,24,1
11483,2026-07-02 15:00:46+05:30,4059.0,7,4036.54,2127837,167836.0,162356.0,4100.0,4110.0,4012.0,4092.6,25701550,4501.8,3683.4,4440.0,3288.1,4058.5,193,5,4058.4,14,6,4058.3,1,1,4058.2,27,2,4058.1,75,2,4059.0,49,4,4059.1,61,2,4059.6,26,1,4059.7,27,1,4059.8,65,2
11483,2026-07-02 15:00:46+05:30,4058.5,5,4036.54,2127837,167836.0,162356.0,4100.0,4110.0,4012.0,4092.6,25701550,4501.8,3683.4,4440.0,3288.1,4058.5,193,5,4058.4,14,6,4058.3,1,1,4058.2,27,2,4058.1,75,2,4059.0,49,4,4059.1,61,2,4059.6,26,1,4059.7,27,1,4059.8,65,2
11483,2026-07-02 15:00:47+05:30,4059.0,1,4036.54,2127843,167844.0,161880.0,4100.0,4110.0,4012.0,4092.6,25701550,4501.8,3683.4,4440.0,3288.1,4058.5,188,5,4058.4,32,7,4058.3,1,1,4058.2,27,2,4058.1,75,2,4059.0,108,8,4059.1,61,2,4059.6,26,1,4059.7,27,1,4059.8,66,3
11483,2026-07-02 15:00:47+05:30,4059.0,25,4036.54,2127843,167844.0,161880.0,4100.0,4110.0,4012.0,4092.6,25701550,4501.8,3683.4,4440.0,3288.1,4058.5,188,5,4058.4,32,7,4058.3,1,1,4058.2,27,2,4058.1,75,2,4059.0,108,8,4059.1,61,2,4059.6,26,1,4059.7,27,1,4059.8,66,3
11483,2026-07-02 15:00:48+05:30,4058.5,4,4036.54,2127873,167854.0,162135.0,4100.0,4110.0,4012.0,4092.6,25701550,4501.8,3683.4,4440.0,3288.1,4058.5,201,6,4058.4,32,7,4058.3,1,1,4058.2,27,2,4058.1,75,2,4059.0,142,11,4059.1,61,2,4059.6,50,2,4059.7,27,1,4059.8,66,3
11483,2026-07-02 15:00:48+05:30,4058.5,4,4036.54,2127873,167854.0,162135.0,4100.0,4110.0,4012.0,4092.6,25701550,4501.8,3683.4,4440.0,3288.1,4058.5,201,6,4058.4,32,7,4058.3,1,1,4058.2,27,2,4058.1,75,2,4059.0,142,11,4059.1,61,2,4059.6,50,2,4059.7,27,1,4059.8,66,3
11483,2026-07-02 15:00:49+05:30,4058.5,3,4036.54,2127877,167849.0,162385.0,4100.0,4110.0,4012.0,4092.6,25701550,4501.8,3683.4,4440.0,3288.1,4058.5,210,7,4058.4,32,7,4058.3,1,1,4058.2,27,2,4058.1,75,2,4058.6,27,3,4058.9,9,1,4059.0,108,10,4059.1,61,2,4059.3,24,1
11483,2026-07-02 15:00:49+05:30,4058.6,1,4036.54,2127877,167849.0,162385.0,4100.0,4110.0,4012.0,4092.6,25701550,4501.8,3683.4,4440.0,3288.1,4058.5,210,7,4058.4,32,7,4058.3,1,1,4058.2,27,2,4058.1,75,2,4058.6,27,3,4058.9,9,1,4059.0,108,10,4059.1,61,2,4059.3,24,1
11483,2026-07-02 15:00:50+05:30,4058.5,1,4036.54,2127945,168168.0,162940.0,4100.0,4110.0,4012.0,4092.6,25701550,4501.8,3683.4,4440.0,3288.1,4058.5,210,8,4058.4,32,7,4058.3,1,1,4058.2,39,3,4058.1,418,3,4058.6,130,7,4059.0,99,9,4059.1,73,3,4059.2,9,1,4059.3,24,1
11483,2026-07-02 15:00:50+05:30,4058.5,5,4036.54,2127945,168168.0,162940.0,4100.0,4110.0,4012.0,4092.6,25701550,4501.8,3683.4,4440.0,3288.1,4058.5,210,8,4058.4,32,7,4058.3,1,1,4058.2,39,3,4058.1,418,3,4058.6,130,7,4059.0,99,9,4059.1,73,3,4059.2,9,1,4059.3,24,1
11483,2026-07-02 15:00:51+05:30,4058.6,2,4036.54,2127952,168152.0,163185.0,4100.0,4110.0,4012.0,4092.6,25701550,4501.8,3683.4,4440.0,3288.1,4058.5,198,6,4058.4,32,7,4058.3,1,1,4058.2,39,3,4058.1,418,3,4058.6,133,10,4059.0,92,5,4059.1,73,3,4059.3,24,1,4059.4,51,2
11483,2026-07-02 15:00:51+05:30,4058.6,2,4036.54,2127952,168152.0,163185.0,4100.0,4110.0,4012.0,4092.6,25701550,4501.8,3683.4,4440.0,3288.1,4058.5,198,6,4058.4,32,7,4058.3,1,1,4058.2,39,3,4058.1,418,3,4058.6,133,10,4059.0,92,5,4059.1,73,3,4059.3,24,1,4059.4,51,2
11483,2026-07-02 15:00:52+05:30,4058.6,8,4036.55,2128557,167796.0,163396.0,4100.0,4110.0,4012.0,4092.6,25701550,4501.8,3683.4,4440.0,3288.1,4058.1,410,3,4058.0,340,1,4057.6,185,2,4057.4,74,2,4057.3,15,1,4058.2,7,1,4058.6,43,9,4059.0,52,4,4059.1,63,3,4059.2,41,1
11483,2026-07-02 15:00:52+05:30,4058.2,2,4036.55,2128557,167796.0,163396.0,4100.0,4110.0,4012.0,4092.6,25701550,4501.8,3683.4,4440.0,3288.1,4058.1,410,3,4058.0,340,1,4057.6,185,2,4057.4,74,2,4057.3,15,1,4058.2,7,1,4058.6,43,9,4059.0,52,4,4059.1,63,3,4059.2,41,1
11483,2026-07-02 15:00:53+05:30,4058.5,4,4036.55,2128557,167796.0,163396.0,4100.0,4110.0,4012.0,4092.6,25701550,4501.8,3683.4,4440.0,3288.1,4058.1,410,3,4058.0,340,1,4057.6,185,2,4057.4,74,2,4057.3,15,1,4058.2,7,1,4058.6,43,9,4059.0,52,4,4059.1,63,3,4059.2,41,1
11483,2026-07-02 15:00:53+05:30,4058.5,4,4036.55,2128575,167578.0,163442.0,4100.0,4110.0,4012.0,4092.6,25701550,4501.8,3683.4,4440.0,3288.1,4058.5,3,1,4058.1,420,5,4058.0,340,1,4057.6,20,2,4057.4,80,3,4058.6,45,7,4058.7,11,1,4059.0,52,4,4059.1,84,2,4059.2,41,1
11483,2026-07-02 15:00:54+05:30,4058.5,1,4036.55,2128575,167578.0,163442.0,4100.0,4110.0,4012.0,4092.6,25701550,4501.8,3683.4,4440.0,3288.1,4058.5,3,1,4058.1,420,5,4058.0,340,1,4057.6,20,2,4057.4,80,3,4058.6,45,7,4058.7,11,1,4059.0,52,4,4059.1,84,2,4059.2,41,1
11483,2026-07-02 15:00:54+05:30,4058.5,1,4036.55,2128579,167724.0,163421.0,4100.0,4110.0,4012.0,4092.6,25701550,4501.8,3683.4,4440.0,3288.1,4058.5,4,2,4058.1,418,5,4058.0,340,1,4057.6,10,1,4057.5,2,1,4058.6,67,7,4058.7,11,1,4058.9,24,1,4059.0,52,4,4059.1,96,3
11483,2026-07-02 15:00:55+05:30,4058.6,1,4036.55,2128579,167724.0,163421.0,4100.0,4110.0,4012.0,4092.6,25701550,4501.8,3683.4,4440.0,3288.1,4058.5,4,2,4058.1,418,5,4058.0,340,1,4057.6,10,1,4057.5,2,1,4058.6,67,7,4058.7,11,1,4058.9,24,1,4059.0,52,4,4059.1,96,3
11483,2026-07-02 15:00:56+05:30,4058.6,1,4036.55,2128580,167743.0,162775.0,4100.0,4110.0,4012.0,4092.6,25701550,4501.8,3683.4,4440.0,3288.1,4058.5,8,3,4058.1,418,5,4058.0,340,1,4057.6,10,1,4057.4,74,2,4058.6,67,8,4058.7,35,2,4059.0,76,5,4059.1,62,2,4059.3,24,1
11483,2026-07-02 15:00:56+05:30,4058.1,1,4036.55,2128580,167743.0,162775.0,4100.0,4110.0,4012.0,4092.6,25701550,4501.8,3683.4,4440.0,3288.1,4058.5,8,3,4058.1,418,5,4058.0,340,1,4057.6,10,1,4057.4,74,2,4058.6,67,8,4058.7,35,2,4059.0,76,5,4059.1,62,2,4059.3,24,1
11483,2026-07-02 15:00:57+05:30,4058.5,4,4036.55,2129256,167914.0,163087.0,4100.0,4110.0,4012.0,4092.6,25701550,4501.8,3683.4,4440.0,3288.1,4058.1,350,1,4058.0,270,1,4057.6,185,2,4057.2,39,2,4057.1,36,2,4058.5,21,2,4058.6,212,9,4058.7,43,2,4058.9,19,1,4059.0,97,6
11483,2026-07-02 15:00:57+05:30,4058.5,1,4036.55,2129256,167914.0,163087.0,4100.0,4110.0,4012.0,4092.6,25701550,4501.8,3683.4,4440.0,3288.1,4058.1,350,1,4058.0,270,1,4057.6,185,2,4057.2,39,2,4057.1,36,2,4058.5,21,2,4058.6,212,9,4058.7,43,2,4058.9,19,1,4059.0,97,6
11483,2026-07-02 15:00:58+05:30,4058.1,25,4036.55,2129285,167974.0,163273.0,4100.0,4110.0,4012.0,4092.6,25701550,4501.8,3683.4,4440.0,3288.1,4058.1,339,2,4058.0,270,1,4057.6,185,2,4057.2,33,1,4057.1,36,2,4058.5,58,6,4058.6,202,5,4058.7,58,3,4058.9,19,1,4059.0,281,6
11483,2026-07-02 15:00:58+05:30,4058.4,7,4036.55,2129285,167974.0,163273.0,4100.0,4110.0,4012.0,4092.6,25701550,4501.8,3683.4,4440.0,3288.1,4058.1,339,2,4058.0,270,1,4057.6,185,2,4057.2,33,1,4057.1,36,2,4058.5,58,6,4058.6,202,5,4058.7,58,3,4058.9,19,1,4059.0,281,6
11483,2026-07-02 15:00:59+05:30,4058.4,6,4036.56,2129573,167591.0,163056.0,4100.0,4110.0,4012.0,4092.6,25701550,4501.8,3683.4,4440.0,3288.1,4058.1,25,4,4058.0,278,2,4057.7,12,1,4057.6,185,2,4057.4,17,1,4058.4,20,2,4058.6,142,3,4058.7,58,3,4059.0,293,6,4059.1,50,1
11483,2026-07-02 15:00:59+05:30,4058.4,6,4036.56,2129573,167591.0,163056.0,4100.0,4110.0,4012.0,4092.6,25701550,4501.8,3683.4,4440.0,3288.1,4058.1,25,4,4058.0,278,2,4057.7,12,1,4057.6,185,2,4057.4,17,1,4058.4,20,2,4058.6,142,3,4058.7,58,3,4059.0,293,6,4059.1,50,1
11483,2026-07-02 15:01:00+05:30,4058.4,2,4036.56,2129670,167584.0,163170.0,4100.0,4110.0,4012.0,4092.6,25701550,4501.8,3683.4,4440.0,3288.1,4058.1,7,4,4058.0,278,2,4057.6,185,2,4057.2,33,1,4057.1,12,1,4058.4,92,4,4058.6,94,2,4058.7,82,4,4059.0,272,5,4059.1,151,4
11483,2026-07-02 15:01:00+05:30,4058.4,3,4036.56,2129670,167584.0,163170.0,4100.0,4110.0,4012.0,4092.6,25701550,4501.8,3683.4,4440.0,3288.1,4058.1,7,4,4058.0,278,2,4057.6,185,2,4057.2,33,1,4057.1,12,1,4058.4,92,4,4058.6,94,2,4058.7,82,4,4059.0,272,5,4059.1,151,4
11483,2026-07-02 15:01:01+05:30,4058.4,1,4036.56,2129718,167829.0,162973.0,4100.0,4110.0,4012.0,4092.6,25701550,4501.8,3683.4,4440.0,3288.1,4058.2,28,2,4058.1,357,5,4058.0,278,2,4057.6,10,1,4057.3,20,2,4058.4,80,5,4058.6,94,2,4058.7,47,2,4059.0,273,5,4059.1,91,2
11483,2026-07-02 15:01:01+05:30,4058.2,8,4036.56,2129718,167829.0,162973.0,4100.0,4110.0,4012.0,4092.6,25701550,4501.8,3683.4,4440.0,3288.1,4058.2,28,2,4058.1,357,5,4058.0,278,2,4057.6,10,1,4057.3,20,2,4058.4,80,5,4058.6,94,2,4058.7,47,2,4059.0,273,5,4059.1,91,2
11483,2026-07-02 15:01:02+05:30,4058.2,7,4036.56,2129735,167660.0,163229.0,4100.0,4110.0,4012.0,4092.6,25701550,4501.8,3683.4,4440.0,3288.1,4058.2,10,2,4058.1,357,5,4058.0,278,2,4057.6,10,1,4057.2,33,1,4058.4,133,8,4058.6,111,3,4058.7,83,4,4058.9,14,1,4059.0,297,6
11483,2026-07-02 15:01:02+05:30,4058.2,3,4036.56,2129735,167660.0,163229.0,4100.0,4110.0,4012.0,4092.6,25701550,4501.8,3683.4,4440.0,3288.1,4058.2,10,2,4058.1,357,5,4058.0,278,2,4057.6,10,1,4057.2,33,1,4058.4,133,8,4058.6,111,3,4058.7,83,4,4058.9,14,1,4059.0,297,6
11483,2026-07-02 15:01:03+05:30,4058.4,7,4036.56,2129756,167666.0,162888.0,4100.0,4110.0,4012.0,4092.6,25701550,4501.8,3683.4,4440.0,3288.1,4058.2,28,3,4058.1,352,3,4058.0,278,2,4057.6,14,1,4057.5,28,2,4058.4,62,5,4058.6,193,2,4058.7,64,3,4059.0,247,5,4059.1,91,2
11483,2026-07-02 15:01:03+05:30,4058.4,7,4036.56,2129756,167666.0,162888.0,4100.0,4110.0,4012.0,4092.6,25701550,4501.8,3683.4,4440.0,3288.1,4058.2,28,3,4058.1,352,3,4058.0,278,2,4057.6,14,1,4057.5,28,2,4058.4,62,5,4058.6,193,2,4058.7,64,3,4059.0,247,5,4059.1,91,2
11483,2026-07-02 15:01:04+05:30,4058.4,7,4036.56,2129968,165853.0,163046.0,4100.0,4110.0,4012.0,4092.6,25701550,4501.8,3683.4,4440.0,3288.1,4058.2,23,5,4058.1,352,3,4058.0,278,2,4057.6,14,1,4057.5,54,3,4058.4,26,4,4058.6,193,2,4058.7,47,2,4059.0,247,5,4059.1,91,2
11483,2026-07-02 15:01:04+05:30,4058.4,7,4036.56,2129968,165853.0,163046.0,4100.0,4110.0,4012.0,4092.6,25701550,4501.8,3683.4,4440.0,3288.1,4058.2,23,5,4058.1,352,3,4058.0,278,2,4057.6,14,1,4057.5,54,3,4058.4,26,4,4058.6,193,2,4058.7,47,2,4059.0,247,5,4059.1,91,2
11483,2026-07-02 15:01:05+05:30,4058.4,1,4036.56,2130206,165522.0,163112.0,4100.0,4110.0,4012.0,4092.6,25701550,4501.8,3683.4,4440.0,3288.1,4058.4,32,1,4058.2,21,5,4058.1,352,3,4058.0,8,1,4057.6,14,1,4058.6,199,3,4058.7,47,2,4059.0,259,6,4059.1,91,2,4059.5,27,1
11483,2026-07-02 15:01:05+05:30,4058.4,1,4036.56,2130206,165522.0,163112.0,4100.0,4110.0,4012.0,4092.6,25701550,4501.8,3683.4,4440.0,3288.1,4058.4,32,1,4058.2,21,5,4058.1,352,3,4058.0,8,1,4057.6,14,1,4058.6,199,3,4058.7,47,2,4059.0,259,6,4059.1,91,2,4059.5,27,1
11483,2026-07-02 15:01:06+05:30,4058.1,6,4036.56,2130206,165522.0,163112.0,4100.0,4110.0,4012.0,4092.6,25701550,4501.8,3683.4,4440.0,3288.1,4058.4,32,1,4058.2,21,5,4058.1,352,3,4058.0,8,1,4057.6,14,1,4058.6,199,3,4058.7,47,2,4059.0,259,6,4059.1,91,2,4059.5,27,1
11483,2026-07-02 15:01:06+05:30,4058.1,6,4036.57,2130470,165910.0,163065.0,4100.0,4110.0,4012.0,4092.6,25701550,4501.8,3683.4,4440.0,3288.1,4058.1,292,2,4058.0,11,3,4057.7,21,1,4057.6,206,3,4057.5,27,2,4058.6,235,4,4058.7,59,3,4059.0,247,5,4059.1,91,2,4059.5,24,1
11483,2026-07-02 15:01:07+05:30,4058.5,4,4036.57,2130470,165910.0,163065.0,4100.0,4110.0,4012.0,4092.6,25701550,4501.8,3683.4,4440.0,3288.1,4058.1,292,2,4058.0,11,3,4057.7,21,1,4057.6,206,3,4057.5,27,2,4058.6,235,4,4058.7,59,3,4059.0,247,5,4059.1,91,2,4059.5,24,1
11483,2026-07-02 15:01:08+05:30,4058.5,4,4036.57,2130536,165947.0,163327.0,4100.0,4110.0,4012.0,4092.6,25701550,4501.8,3683.4,4440.0,3288.1,4058.2,2,1,4058.0,185,4,4057.7,21,1,4057.6,131,3,4057.5,12,1,4058.6,266,7,4058.7,59,3,4059.0,247,5,4059.1,115,3,4059.6,30,2
11483,2026-07-02 15:01:08+05:30,4058.1,2,4036.57,2130536,165947.0,163327.0,4100.0,4110.0,4012.0,4092.6,25701550,4501.8,3683.4,4440.0,3288.1,4058.2,2,1,4058.0,185,4,4057.7,21,1,4057.6,131,3,4057.5,12,1,4058.6,266,7,4058.7,59,3,4059.0,247,5,4059.1,115,3,4059.6,30,2
11483,2026-07-02 15:01:09+05:30,4058.6,18,4036.57,2130562,166455.0,163019.0,4100.0,4110.0,4012.0,4092.6,25701550,4501.8,3683.4,4440.0,3288.1,4058.1,360,3,4058.0,185,4,4057.9,9,1,4057.8,13,1,4057.7,21,1,4058.6,245,7,4058.7,59,3,4059.0,247,5,4059.1,50,1,4059.6,24,1
11483,2026-07-02 15:01:09+05:30,4058.1,1,4036.57,2130562,166455.0,163019.0,4100.0,4110.0,4012.0,4092.6,25701550,4501.8,3683.4,4440.0,3288.1,4058.1,360,3,4058.0,185,4,4057.9,9,1,4057.8,13,1,4057.7,21,1,4058.6,245,7,4058.7,59,3,4059.0,247,5,4059.1,50,1,4059.6,24,1
11483,2026-07-02 15:01:10+05:30,4058.1,1,4036.57,2130563,166481.0,163165.0,4100.0,4110.0,4012.0,4092.6,25701550,4501.8,3683.4,4440.0,3288.1,4058.1,369,4,4058.0,185,4,4057.8,13,1,4057.7,21,1,4057.6,306,4,4058.4,6,2,4058.6,240,7,4058.7,59,3,4058.9,9,1,4059.0,247,5
11483,2026-07-02 15:01:10+05:30,4058.1,1,4036.57,2130563,166481.0,163165.0,4100.0,4110.0,4012.0,4092.6,25701550,4501.8,3683.4,4440.0,3288.1,4058.1,369,4,4058.0,185,4,4057.8,13,1,4057.7,21,1,4057.6,306,4,4058.4,6,2,4058.6,240,7,4058.7,59,3,4058.9,9,1,4059.0,247,5
11483,2026-07-02 15:01:11+05:30,4058.2,6,4036.57,2131025,166056.0,162503.0,4100.0,4110.0,4012.0,4092.6,25701550,4501.8,3683.4,4440.0,3288.1,4058.2,102,1,4058.1,355,2,4058.0,2,2,4057.8,13,1,4057.7,33,2,4058.6,245,8,4058.7,59,3,4059.0,247,5,4059.1,50,1,4059.5,41,1
11483,2026-07-02 15:01:11+05:30,4058.6,22,4036.57,2131025,166056.0,162503.0,4100.0,4110.0,4012.0,4092.6,25701550,4501.8,3683.4,4440.0,3288.1,4058.2,102,1,4058.1,355,2,4058.0,2,2,4057.8,13,1,4057.7,33,2,4058.6,245,8,4058.7,59,3,4059.0,247,5,4059.1,50,1,4059.5,41,1
11483,2026-07-02 15:01:12+05:30,4058.5,28,4036.57,2131083,165997.0,162483.0,4100.0,4110.0,4012.0,4092.6,25701550,4501.8,3683.4,4440.0,3288.1,4058.5,68,1,4058.4,1,1,4058.2,3,1,4058.1,356,3,4058.0,2,2,4058.6,221,8,4058.7,59,3,4059.0,247,5,4059.1,50,1,4059.6,2,1
11483,2026-07-02 15:01:12+05:30,4058.4,2,4036.57,2131083,165997.0,162483.0,4100.0,4110.0,4012.0,4092.6,25701550,4501.8,3683.4,4440.0,3288.1,4058.5,68,1,4058.4,1,1,4058.2,3,1,4058.1,356,3,4058.0,2,2,4058.6,221,8,4058.7,59,3,4059.0,247,5,4059.1,50,1,4059.6,2,1
11483,2026-07-02 15:01:13+05:30,4058.4,2,4036.57,2131156,166556.0,162914.0,4100.0,4110.0,4012.0,4092.6,25701550,4501.8,3683.4,4440.0,3288.1,4058.2,367,6,4058.1,367,2,4058.0,2,2,4057.8,10,1,4057.7,21,1,4058.4,4,1,4058.5,20,2,4058.6,279,9,4058.7,47,2,4059.0,247,5
11483,2026-07-02 15:01:13+05:30,4058.1,4,4036.57,2131156,166556.0,162914.0,4100.0,4110.0,4012.0,4092.6,25701550,4501.8,3683.4,4440.0,3288.1,4058.2,367,6,4058.1,367,2,4058.0,2,2,4057.8,10,1,4057.7,21,1,4058.4,4,1,4058.5,20,2,4058.6,279,9,4058.7,47,2,4059.0,247,5
11483,2026-07-02 15:01:14+05:30,4058.1,4,4036.58,2131630,166098.0,163247.0,4100.0,4110.0,4012.0,4092.6,25701550,4501.8,3683.4,4440.0,3288.1,4058.2,5,2,4058.1,263,2,4058.0,2,2,4057.9,9,1,4057.7,33,2,4058.4,60,4,4058.6,238,8,4058.7,58,3,4059.0,247,5,4059.1,50,1
11483,2026-07-02 15:01:14+05:30,4058.2,3,4036.58,2131630,166098.0,163247.0,4100.0,4110.0,4012.0,4092.6,25701550,4501.8,3683.4,4440.0,3288.1,4058.2,5,2,4058.1,263,2,4058.0,2,2,4057.9,9,1,4057.7,33,2,4058.4,60,4,4058.6,238,8,4058.7,58,3,4059.0,247,5,4059.1,50,1
11483,2026-07-02 15:01:15+05:30,4058.2,1,4036.58,2131707,166104.0,161292.0,4100.0,4110.0,4012.0,4092.6,25701550,4501.8,3683.4,4440.0,3288.1,4058.1,17,1,4058.0,2,2,4057.6,289,3,4057.5,12,1,4057.2,33,1,4058.2,109,2,4058.4,61,6,4058.5,29,1,4058.6,229,4,4058.7,58,3
11483,2026-07-02 15:01:15+05:30,4058.2,3,4036.58,2131707,166104.0,161292.0,4100.0,4110.0,4012.0,4092.6,25701550,4501.8,3683.4,4440.0,3288.1,4058.1,17,1,4058.0,2,2,4057.6,289,3,4057.5,12,1,4057.2,33,1,4058.2,109,2,4058.4,61,6,4058.5,29,1,4058.6,229,4,4058.7,58,3
11483,2026-07-02 15:01:16+05:30,4058.2,6,4036.58,2131728,166403.0,160897.0,4100.0,4110.0,4012.0,4092.6,25701550,4501.8,3683.4,4440.0,3288.1,4058.1,367,2,4058.0,2,2,4057.6,289,3,4057.5,12,1,4057.2,33,1,4058.2,232,7,4058.4,69,5,4058.5,29,1,4058.6,125,2,4058.7,47,2
11483,2026-07-02 15:01:16+05:30,4058.2,55,4036.58,2131728,166403.0,160897.0,4100.0,4110.0,4012.0,4092.6,25701550,4501.8,3683.4,4440.0,3288.1,4058.1,367,2,4058.0,2,2,4057.6,289,3,4057.5,12,1,4057.2,33,1,4058.2,232,7,4058.4,69,5,4058.5,29,1,4058.6,125,2,4058.7,47,2
11483,2026-07-02 15:01:17+05:30,4058.4,7,4036.58,2132088,165882.0,160468.0,4100.0,4110.0,4012.0,4092.6,25701550,4501.8,3683.4,4440.0,3288.1,4058.4,24,1,4058.2,15,1,4058.1,321,2,4058.0,2,2,4057.6,114,2,4058.5,29,1,4058.6,125,2,4058.7,61,3,4059.0,247,5,4059.1,50,1
11483,2026-07-02 15:01:17+05:30,4058.2,27,4036.58,2132088,165882.0,160468.0,4100.0,4110.0,4012.0,4092.6,25701550,4501.8,3683.4,4440.0,3288.1,4058.4,24,1,4058.2,15,1,4058.1,321,2,4058.0,2,2,4057.6,114,2,4058.5,29,1,4058.6,125,2,4058.7,61,3,4059.0,247,5,4059.1,50,1
11483,2026-07-02 15:01:18+05:30,4058.4,3,4036.58,2132142,165686.0,161117.0,4100.0,4110.0,4012.0,4092.6,25701550,4501.8,3683.4,4440.0,3288.1,4058.2,27,2,4058.1,5,2,4058.0,1,1,4057.6,114,2,4057.5,12,1,4058.4,30,1,4058.5,52,3,4058.6,100,1,4058.7,71,4,4058.9,14,1
11483,2026-07-02 15:01:18+05:30,4058.4,7,4036.58,2132142,165686.0,161117.0,4100.0,4110.0,4012.0,4092.6,25701550,4501.8,3683.4,4440.0,3288.1,4058.2,27,2,4058.1,5,2,4058.0,1,1,4057.6,114,2,4057.5,12,1,4058.4,30,1,4058.5,52,3,4058.6,100,1,4058.7,71,4,4058.9,14,1
11483,2026-07-02 15:01:19+05:30,4058.4,3,4036.58,2132152,165516.0,161140.0,4100.0,4110.0,4012.0,4092.6,25701550,4501.8,3683.4,4440.0,3288.1,4058.3,100,1,4058.2,33,4,4058.1,5,2,4058.0,1,1,4057.6,14,1,4058.4,87,6,4058.5,29,1,4058.6,100,1,4058.7,71,4,4058.9,14,1
11483,2026-07-02 15:01:19+05:30,4058.3,5,4036.58,2132152,165516.0,161140.0,4100.0,4110.0,4012.0,4092.6,25701550,4501.8,3683.4,4440.0,3288.1,4058.3,100,1,4058.2,33,4,4058.1,5,2,4058.0,1,1,4057.6,14,1,4058.4,87,6,4058.5,29,1,4058.6,100,1,4058.7,71,4,4058.9,14,1
11483,2026-07-02 15:01:20+05:30,4058.3,5,4036.58,2132261,165469.0,160698.0,4100.0,4110.0,4012.0,4092.6,25701550,4501.8,3683.4,4440.0,3288.1,4058.3,3,1,4058.2,27,2,4058.1,5,2,4058.0,11,2,4057.9,17,1,4058.4,66,5,4058.5,29,1,4058.6,102,2,4058.7,61,3,4059.0,247,5
11483,2026-07-02 15:01:20+05:30,4058.4,16,4036.58,2132261,165469.0,160698.0,4100.0,4110.0,4012.0,4092.6,25701550,4501.8,3683.4,4440.0,3288.1,4058.3,3,1,4058.2,27,2,4058.1,5,2,4058.0,11,2,4057.9,17,1,4058.4,66,5,4058.5,29,1,4058.6,102,2,4058.7,61,3,4059.0,247,5
11483,2026-07-02 15:01:21+05:30,4058.3,3,4036.58,2132280,165539.0,160894.0,4100.0,4110.0,4012.0,4092.6,25701550,4501.8,3683.4,4440.0,3288.1,4058.3,3,1,4058.2,28,3,4058.1,5,2,4058.0,11,2,4057.9,17,1,4058.4,62,6,4058.5,35,2,4058.6,102,2,4058.7,47,2,4059.0,247,5
11483,2026-07-02 15:01:21+05:30,4058.3,3,4036.58,2132280,165539.0,160894.0,4100.0,4110.0,4012.0,4092.6,25701550,4501.8,3683.4,4440.0,3288.1,4058.3,3,1,4058.2,28,3,4058.1,5,2,4058.0,11,2,4057.9,17,1,4058.4,62,6,4058.5,35,2,4058.6,102,2,4058.7,47,2,4059.0,247,5
11483,2026-07-02 15:01:22+05:30,4058.3,3,4036.58,2132283,166090.0,160953.0,4100.0,4110.0,4012.0,4092.6,25701550,4501.8,3683.4,4440.0,3288.1,4058.2,378,4,4058.1,5,2,4058.0,11,2,4057.9,17,1,4057.5,12,1,4058.3,73,1,4058.4,101,8,4058.5,35,2,4058.6,102,2,4058.7,60,3
11483,2026-07-02 15:01:22+05:30,4058.3,1,4036.58,2132283,166090.0,160953.0,4100.0,4110.0,4012.0,4092.6,25701550,4501.8,3683.4,4440.0,3288.1,4058.2,378,4,4058.1,5,2,4058.0,11,2,4057.9,17,1,4057.5,12,1,4058.3,73,1,4058.4,101,8,4058.5,35,2,4058.6,102,2,4058.7,60,3
11483,2026-07-02 15:01:23+05:30,4058.3,1,4036.59,2133259,165540.0,160509.0,4100.0,4110.0,4012.0,4092.6,25701550,4501.8,3683.4,4440.0,3288.1,4058.2,4,2,4058.1,353,2,4057.9,31,2,4057.7,10,1,4057.5,64,4,4058.3,164,6,4058.4,39,3,4058.5,35,2,4058.6,102,2,4058.7,47,2
11483,2026-07-02 15:01:23+05:30,4060.4,12,4036.59,2133259,165540.0,160509.0,4100.0,4110.0,4012.0,4092.6,25701550,4501.8,3683.4,4440.0,3288.1,4058.2,4,2,4058.1,353,2,4057.9,31,2,4057.7,10,1,4057.5,64,4,4058.3,164,6,4058.4,39,3,4058.5,35,2,4058.6,102,2,4058.7,47,2
11483,2026-07-02 15:01:24+05:30,4059.5,4,4036.62,2135643,167099.0,156278.0,4100.0,4110.0,4012.0,4092.6,25701550,4501.8,3683.4,4440.0,3288.1,4059.5,15,2,4059.3,17,2,4059.2,3,1,4059.0,8,1,4058.9,65,2,4060.9,74,4,4061.0,444,8,4061.1,54,2,4061.2,8,1,4061.3,72,2
11483,2026-07-02 15:01:24+05:30,4059.5,4,4036.62,2135643,167099.0,156278.0,4100.0,4110.0,4012.0,4092.6,25701550,4501.8,3683.4,4440.0,3288.1,4059.5,15,2,4059.3,17,2,4059.2,3,1,4059.0,8,1,4058.9,65,2,4060.9,74,4,4061.0,444,8,4061.1,54,2,4061.2,8,1,4061.3,72,2
11483,2026-07-02 15:01:25+05:30,4060.9,2,4036.62,2135670,167200.0,156682.0,4100.0,4110.0,4012.0,4092.6,25701550,4501.8,3683.4,4440.0,3288.1,4059.5,5,2,4059.3,1,1,4059.2,3,1,4059.0,8,1,4058.9,104,3,4060.9,76,6,4061.0,452,9,4061.1,39,2,4061.3,92,3,4061.4,29,2
11483,2026-07-02 15:01:25+05:30,4058.9,30,4036.62,2135670,167200.0,156682.0,4100.0,4110.0,4012.0,4092.6,25701550,4501.8,3683.4,4440.0,3288.1,4059.5,5,2,4059.3,1,1,4059.2,3,1,4059.0,8,1,4058.9,104,3,4060.9,76,6,4061.0,452,9,4061.1,39,2,4061.3,92,3,4061.4,29,2
11483,2026-07-02 15:01:26+05:30,4060.5,7,4036.62,2135777,166498.0,157748.0,4100.0,4110.0,4012.0,4092.6,25701550,4501.8,3683.4,4440.0,3288.1,4059.2,26,1,4059.1,8,1,4059.0,8,1,4058.9,48,2,4058.8,34,2,4060.5,87,4,4060.6,10,1,4060.7,39,1,4060.8,73,4,4060.9,132,6
11483,2026-07-02 15:01:26+05:30,4060.5,1,4036.62,2135777,166498.0,157748.0,4100.0,4110.0,4012.0,4092.6,25701550,4501.8,3683.4,4440.0,3288.1,4059.2,26,1,4059.1,8,1,4059.0,8,1,4058.9,48,2,4058.8,34,2,4060.5,87,4,4060.6,10,1,4060.7,39,1,4060.8,73,4,4060.9,132,6
11483,2026-07-02 15:01:27+05:30,4060.3,1,4036.62,2135780,166604.0,158184.0,4100.0,4110.0,4012.0,4092.6,25701550,4501.8,3683.4,4440.0,3288.1,4059.3,25,1,4059.2,3,1,4059.1,8,1,4058.9,26,2,4058.8,24,1,4060.3,97,4,4060.4,3,1,4060.5,364,7,4060.6,37,2,4060.7,47,2
11483,2026-07-02 15:01:27+05:30,4059.3,36,4036.62,2135780,166604.0,158184.0,4100.0,4110.0,4012.0,4092.6,25701550,4501.8,3683.4,4440.0,3288.1,4059.3,25,1,4059.2,3,1,4059.1,8,1,4058.9,26,2,4058.8,24,1,4060.3,97,4,4060.4,3,1,4060.5,364,7,4060.6,37,2,4060.7,47,2
11483,2026-07-02 15:01:28+05:30,4059.3,36,4036.62,2135860,166992.0,158002.0,4100.0,4110.0,4012.0,4092.6,25701550,4501.8,3683.4,4440.0,3288.1,4059.3,9,2,4059.2,3,1,4058.9,26,2,4058.8,24,1,4058.7,99,4,4060.3,102,6,4060.5,91,5,4060.6,37,2,4060.7,95,3,4060.8,104,4
11483,2026-07-02 15:01:28+05:30,4060.3,23,4036.62,2135860,166992.0,158002.0,4100.0,4110.0,4012.0,4092.6,25701550,4501.8,3683.4,4440.0,3288.1,4059.3,9,2,4059.2,3,1,4058.9,26,2,4058.8,24,1,4058.7,99,4,4060.3,102,6,4060.5,91,5,4060.6,37,2,4060.7,95,3,4060.8,104,4
11483,2026-07-02 15:01:29+05:30,4060.3,23,4036.62,2135987,167063.0,158176.0,4100.0,4110.0,4012.0,4092.6,25701550,4501.8,3683.4,4440.0,3288.1,4059.3,12,3,4058.9,26,2,4058.8,24,1,4058.7,98,4,4058.6,26,2,4060.2,31,1,4060.3,466,9,4060.4,6,1,4060.5,89,4,4060.6,31,1
11483,2026-07-02 15:01:29+05:30,4059.3,1,4036.62,2135987,167063.0,158176.0,4100.0,4110.0,4012.0,4092.6,25701550,4501.8,3683.4,4440.0,3288.1,4059.3,12,3,4058.9,26,2,4058.8,24,1,4058.7,98,4,4058.6,26,2,4060.2,31,1,4060.3,466,9,4060.4,6,1,4060.5,89,4,4060.6,31,1
11483,2026-07-02 15:01:30+05:30,4059.3,1,4036.62,2135988,167198.0,157929.0,4100.0,4110.0,4012.0,4092.6,25701550,4501.8,3683.4,4440.0,3288.1,4059.3,11,3,4058.9,26,2,4058.8,24,1,4058.7,113,4,4058.6,3,1,4060.0,50,1,4060.2,76,4,4060.3,95,6,4060.5,122,6,4060.6,31,1
11483,2026-07-02 15:01:30+05:30,4060.0,1,4036.62,2135988,167198.0,157929.0,4100.0,4110.0,4012.0,4092.6,25701550,4501.8,3683.4,4440.0,3288.1,4059.3,11,3,4058.9,26,2,4058.8,24,1,4058.7,113,4,4058.6,3,1,4060.0,50,1,4060.2,76,4,4060.3,95,6,4060.5,122,6,4060.6,31,1
11483,2026-07-02 15:01:31+05:30,4060.0,4,4036.62,2136048,166867.0,158182.0,4100.0,4110.0,4012.0,4092.6,25701550,4501.8,3683.4,4440.0,3288.1,4059.8,2,2,4059.3,10,6,4059.2,2,1,4059.1,63,1,4058.9,2,1,4060.0,283,2,4060.2,31,1,4060.3,110,3,4060.4,26,1,4060.5,206,5
11483,2026-07-02 15:01:31+05:30,4060.0,4,4036.62,2136048,166867.0,158182.0,4100.0,4110.0,4012.0,4092.6,25701550,4501.8,3683.4,4440.0,3288.1,4059.8,2,2,4059.3,10,6,4059.2,2,1,4059.1,63,1,4058.9,2,1,4060.0,283,2,4060.2,31,1,4060.3,110,3,4060.4,26,1,4060.5,206,5
11483,2026-07-02 15:01:32+05:30,4059.8,1,4036.62,2136050,166815.0,158207.0,4100.0,4110.0,4012.0,4092.6,25701550,4501.8,3683.4,4440.0,3288.1,4059.8,4,3,4059.3,7,4,4059.1,63,1,4058.9,2,1,4058.8,24,1,4060.0,439,7,4060.2,39,2,4060.3,4,1,4060.5,206,5,4060.6,53,3
11483,2026-07-02 15:01:32+05:30,4060.5,37,4036.62,2136050,166815.0,158207.0,4100.0,4110.0,4012.0,4092.6,25701550,4501.8,3683.4,4440.0,3288.1,4059.8,4,3,4059.3,7,4,4059.1,63,1,4058.9,2,1,4058.8,24,1,4060.0,439,7,4060.2,39,2,4060.3,4,1,4060.5,206,5,4060.6,53,3
11483,2026-07-02 15:01:33+05:30,4060.5,37,4036.63,2136593,167579.0,157528.0,4100.0,4110.0,4012.0,4092.6,25701550,4501.8,3683.4,4440.0,3288.1,4059.9,177,3,4059.8,10,5,4059.7,2,1,4059.4,36,1,4059.1,155,3,4060.0,1,1,4060.3,12,1,4060.5,63,1,4060.6,16,1,4060.8,27,1
11483,2026-07-02 15:01:34+05:30,4060.5,37,4036.63,2136593,167601.0,157496.0,4100.0,4110.0,4012.0,4092.6,25701550,4501.8,3683.4,4440.0,3288.1,4059.9,186,6,4059.8,5,4,4059.4,36,1,4059.1,155,3,4059.0,42,1,4060.0,18,4,4060.2,32,1,4060.3,20,2,4060.5,63,1,4060.6,16,1
11483,2026-07-02 15:01:34+05:30,4060.0,50,4036.63,2136593,167601.0,157496.0,4100.0,4110.0,4012.0,4092.6,25701550,4501.8,3683.4,4440.0,3288.1,4059.9,186,6,4059.8,5,4,4059.4,36,1,4059.1,155,3,4059.0,42,1,4060.0,18,4,4060.2,32,1,4060.3,20,2,4060.5,63,1,4060.6,16,1
11483,2026-07-02 15:01:35+05:30,4060.0,12,4036.63,2136699,167571.0,157760.0,4100.0,4110.0,4012.0,4092.6,25701550,4501.8,3683.4,4440.0,3288.1,4060.0,183,3,4059.9,16,5,4059.8,4,3,4059.4,60,2,4059.3,42,1,4060.3,302,2,4060.5,63,1,4060.6,16,1,4060.7,2,1,4060.8,27,1
11483,2026-07-02 15:01:35+05:30,4060.0,79,4036.63,2136699,167571.0,157760.0,4100.0,4110.0,4012.0,4092.6,25701550,4501.8,3683.4,4440.0,3288.1,4060.0,183,3,4059.9,16,5,4059.8,4,3,4059.4,60,2,4059.3,42,1,4060.3,302,2,4060.5,63,1,4060.6,16,1,4060.7,2,1,4060.8,27,1
11483,2026-07-02 15:01:36+05:30,4060.1,6,4036.63,2136995,166952.0,157919.0,4100.0,4110.0,4012.0,4092.6,25701550,4501.8,3683.4,4440.0,3288.1,4060.1,5,3,4060.0,5,2,4059.8,31,4,4059.4,36,1,4059.1,115,3,4060.3,356,4,4060.4,8,1,4060.5,63,1,4060.6,22,2,4060.7,14,1
11483,2026-07-02 15:01:36+05:30,4059.8,1,4036.63,2136995,166952.0,157919.0,4100.0,4110.0,4012.0,4092.6,25701550,4501.8,3683.4,4440.0,3288.1,4060.1,5,3,4060.0,5,2,4059.8,31,4,4059.4,36,1,4059.1,115,3,4060.3,356,4,4060.4,8,1,4060.5,63,1,4060.6,22,2,4060.7,14,1
11483,2026-07-02 15:01:37+05:30,4060.1,2,4036.64,2137071,166737.0,157955.0,4100.0,4110.0,4012.0,4092.6,25701550,4501.8,3683.4,4440.0,3288.1,4060.1,2,1,4059.8,31,4,4059.4,36,1,4059.1,77,2,4058.9,2,1,4060.3,364,6,4060.4,40,3,4060.5,81,3,4060.6,35,2,4060.7,14,1
11483,2026-07-02 15:01:37+05:30,4060.1,2,4036.64,2137071,166737.0,157955.0,4100.0,4110.0,4012.0,4092.6,25701550,4501.8,3683.4,4440.0,3288.1,4060.1,2,1,4059.8,31,4,4059.4,36,1,4059.1,77,2,4058.9,2,1,4060.3,364,6,4060.4,40,3,4060.5,81,3,4060.6,35,2,4060.7,14,1
11483,2026-07-02 15:01:38+05:30,4060.1,1,4036.64,2137143,166580.0,157767.0,4100.0,4110.0,4012.0,4092.6,25701550,4501.8,3683.4,4440.0,3288.1,4060.1,3,2,4059.8,31,4,4059.6,13,1,4059.4,36,1,4059.1,63,1,4060.3,298,6,4060.4,8,1,4060.5,87,2,4060.6,22,2,4060.7,47,2
11483,2026-07-02 15:01:38+05:30,4060.1,1,4036.64,2137143,166580.0,157767.0,4100.0,4110.0,4012.0,4092.6,25701550,4501.8,3683.4,4440.0,3288.1,4060.1,3,2,4059.8,31,4,4059.6,13,1,4059.4,36,1,4059.1,63,1,4060.3,298,6,4060.4,8,1,4060.5,87,2,4060.6,22,2,4060.7,47,2
11483,2026-07-02 15:01:38+05:30,4060.1,1,4036.64,2137143,166580.0,157767.0,4100.0,4110.0,4012.0,4092.6,25701550,4501.8,3683.4,4440.0,3288.1,4060.1,3,2,4059.8,31,4,4059.6,13,1,4059.4,36,1,4059.1,63,1,4060.3,298,6,4060.4,8,1,4060.5,87,2,4060.6,22,2,4060.7,47,2
11483,2026-07-02 15:01:39+05:30,4060.1,1,4036.64,2137143,166580.0,157767.0,4100.0,4110.0,4012.0,4092.6,25701550,4501.8,3683.4,4440.0,3288.1,4060.1,3,2,4059.8,31,4,4059.6,13,1,4059.4,36,1,4059.1,63,1,4060.3,298,6,4060.4,8,1,4060.5,87,2,4060.6,22,2,4060.7,47,2
11483,2026-07-02 15:01:39+05:30,4060.1,1,4036.64,2137146,166662.0,157775.0,4100.0,4110.0,4012.0,4092.6,25701550,4501.8,3683.4,4440.0,3288.1,4060.1,4,3,4059.8,31,4,4059.6,13,1,4059.4,36,1,4059.1,63,1,4060.3,295,7,4060.4,8,1,4060.5,87,2,4060.6,22,2,4060.7,14,1
11483,2026-07-02 15:01:39+05:30,4060.3,5,4036.64,2137146,166662.0,157775.0,4100.0,4110.0,4012.0,4092.6,25701550,4501.8,3683.4,4440.0,3288.1,4060.1,4,3,4059.8,31,4,4059.6,13,1,4059.4,36,1,4059.1,63,1,4060.3,295,7,4060.4,8,1,4060.5,87,2,4060.6,22,2,4060.7,14,1
11483,2026-07-02 15:01:40+05:30,4060.3,5,4036.64,2137146,166662.0,157775.0,4100.0,4110.0,4012.0,4092.6,25701550,4501.8,3683.4,4440.0,3288.1,4060.1,4,3,4059.8,31,4,4059.6,13,1,4059.4,36,1,4059.1,63,1,4060.3,295,7,4060.4,8,1,4060.5,87,2,4060.6,22,2,4060.7,14,1
11483,2026-07-02 15:01:40+05:30,4059.9,35,4036.64,2137146,166662.0,157775.0,4100.0,4110.0,4012.0,4092.6,25701550,4501.8,3683.4,4440.0,3288.1,4058.9,2,1,4058.8,10,1,4058.5,52,1,4058.4,3,1,4058.3,23,3,4059.9,58,3,4060.0,7,2,4060.1,8,1,4060.2,47,4,4060.3,191,8
11483,2026-07-02 15:01:40+05:30,4059.9,35,4036.64,2137569,166395.0,158020.0,4100.0,4110.0,4012.0,4092.6,25701550,4501.8,3683.4,4440.0,3288.1,4058.9,2,1,4058.8,10,1,4058.5,52,1,4058.4,3,1,4058.3,23,3,4059.9,58,3,4060.0,7,2,4060.1,8,1,4060.2,47,4,4060.3,191,8
11483,2026-07-02 15:01:41+05:30,4059.9,35,4036.64,2137569,166395.0,158020.0,4100.0,4110.0,4012.0,4092.6,25701550,4501.8,3683.4,4440.0,3288.1,4058.9,2,1,4058.8,10,1,4058.5,52,1,4058.4,3,1,4058.3,23,3,4059.9,58,3,4060.0,7,2,4060.1,8,1,4060.2,47,4,4060.3,191,8
11483,2026-07-02 15:01:41+05:30,4059.9,21,4036.64,2137569,166395.0,158020.0,4100.0,4110.0,4012.0,4092.6,25701550,4501.8,3683.4,4440.0,3288.1,4058.9,2,1,4058.8,10,1,4058.5,52,1,4058.4,3,1,4058.3,23,3,4059.9,58,3,4060.0,7,2,4060.1,8,1,4060.2,47,4,4060.3,191,8
11483,2026-07-02 15:01:41+05:30,4059.9,21,4036.64,2137590,166496.0,157860.0,4100.0,4110.0,4012.0,4092.6,25701550,4501.8,3683.4,4440.0,3288.1,4059.0,500,1,4058.9,24,3,4058.8,30,2,4058.5,54,2,4058.4,3,1,4059.9,67,6,4060.0,7,2,4060.1,8,1,4060.2,41,3,4060.3,16,4
11483,2026-07-02 15:01:42+05:30,4059.9,21,4036.64,2137590,166496.0,157860.0,4100.0,4110.0,4012.0,4092.6,25701550,4501.8,3683.4,4440.0,3288.1,4059.0,500,1,4058.9,24,3,4058.8,30,2,4058.5,54,2,4058.4,3,1,4059.9,67,6,4060.0,7,2,4060.1,8,1,4060.2,41,3,4060.3,16,4
11483,2026-07-02 15:01:42+05:30,4059.1,4,4036.64,2137590,166496.0,157860.0,4100.0,4110.0,4012.0,4092.6,25701550,4501.8,3683.4,4440.0,3288.1,4059.0,500,1,4058.9,24,3,4058.8,30,2,4058.5,54,2,4058.4,3,1,4059.9,67,6,4060.0,7,2,4060.1,8,1,4060.2,41,3,4060.3,16,4
11483,2026-07-02 15:01:43+05:30,4059.1,4,4036.64,2137621,166510.0,158296.0,4100.0,4110.0,4012.0,4092.6,25701550,4501.8,3683.4,4440.0,3288.1,4059.1,7,1,4059.0,505,3,4058.9,20,2,4058.5,54,2,4058.3,20,2,4059.7,53,3,4059.8,31,2,4059.9,91,7,4060.0,354,4,4060.1,23,1
11483,2026-07-02 15:01:43+05:30,4059.1,4,4036.64,2137621,166510.0,158296.0,4100.0,4110.0,4012.0,4092.6,25697525,4501.8,3683.4,4440.0,3288.1,4059.1,7,1,4059.0,505,3,4058.9,20,2,4058.5,54,2,4058.3,20,2,4059.7,53,3,4059.8,31,2,4059.9,91,7,4060.0,354,4,4060.1,23,1
11483,2026-07-02 15:01:43+05:30,4059.7,1,4036.64,2137621,166510.0,158296.0,4100.0,4110.0,4012.0,4092.6,25697525,4501.8,3683.4,4440.0,3288.1,4059.1,7,1,4059.0,505,3,4058.9,20,2,4058.5,54,2,4058.3,20,2,4059.7,53,3,4059.8,31,2,4059.9,91,7,4060.0,354,4,4060.1,23,1
11483,2026-07-02 15:01:44+05:30,4059.7,1,4036.64,2137622,166506.0,158180.0,4100.0,4110.0,4012.0,4092.6,25697525,4501.8,3683.4,4440.0,3288.1,4059.1,11,2,4059.0,500,1,4058.9,20,2,4058.5,54,2,4058.3,78,3,4059.5,119,5,4059.7,6,2,4059.8,66,3,4059.9,130,7,4060.0,354,4
11483,2026-07-02 15:01:44+05:30,4059.7,1,4036.64,2137622,166506.0,158180.0,4100.0,4110.0,4012.0,4092.6,25697525,4501.8,3683.4,4440.0,3288.1,4059.1,11,2,4059.0,500,1,4058.9,20,2,4058.5,54,2,4058.3,78,3,4059.5,119,5,4059.7,6,2,4059.8,66,3,4059.9,130,7,4060.0,354,4
11483,2026-07-02 15:01:44+05:30,4059.1,3,4036.64,2137622,166506.0,158180.0,4100.0,4110.0,4012.0,4092.6,25697525,4501.8,3683.4,4440.0,3288.1,4059.1,11,2,4059.0,500,1,4058.9,20,2,4058.5,54,2,4058.3,78,3,4059.5,119,5,4059.7,6,2,4059.8,66,3,4059.9,130,7,4060.0,354,4
11483,2026-07-02 15:01:45+05:30,4059.1,3,4036.64,2137622,166506.0,158180.0,4100.0,4110.0,4012.0,4092.6,25697525,4501.8,3683.4,4440.0,3288.1,4059.1,11,2,4059.0,500,1,4058.9,20,2,4058.5,54,2,4058.3,78,3,4059.5,119,5,4059.7,6,2,4059.8,66,3,4059.9,130,7,4060.0,354,4
11483,2026-07-02 15:01:45+05:30,4059.1,3,4036.64,2137940,166357.0,158203.0,4100.0,4110.0,4012.0,4092.6,25697525,4501.8,3683.4,4440.0,3288.1,4059.0,500,1,4058.9,20,2,4058.5,54,2,4058.3,78,3,4058.2,12,1,4059.1,46,2,4059.5,3,1,4059.8,14,1,4059.9,39,3,4060.0,354,4
11483,2026-07-02 15:01:45+05:30,4059.0,100,4036.64,2137940,166357.0,158203.0,4100.0,4110.0,4012.0,4092.6,25697525,4501.8,3683.4,4440.0,3288.1,4059.0,500,1,4058.9,20,2,4058.5,54,2,4058.3,78,3,4058.2,12,1,4059.1,46,2,4059.5,3,1,4059.8,14,1,4059.9,39,3,4060.0,354,4
11483,2026-07-02 15:01:46+05:30,4059.1,4,4036.65,2138484,165506.0,158420.0,4100.0,4110.0,4012.0,4092.6,25697525,4501.8,3683.4,4440.0,3288.1,4059.0,7,1,4058.9,20,2,4058.5,54,2,4058.3,20,2,4058.2,12,1,4059.1,99,8,4059.3,7,1,4059.4,17,2,4059.5,24,1,4059.6,12,1
11483,2026-07-02 15:01:46+05:30,4059.0,3,4036.65,2138484,165506.0,158420.0,4100.0,4110.0,4012.0,4092.6,25697525,4501.8,3683.4,4440.0,3288.1,4059.0,7,1,4058.9,20,2,4058.5,54,2,4058.3,20,2,4058.2,12,1,4059.1,99,8,4059.3,7,1,4059.4,17,2,4059.5,24,1,4059.6,12,1
11483,2026-07-02 15:01:47+05:30,4059.0,3,4036.65,2138491,165510.0,158528.0,4100.0,4110.0,4012.0,4092.6,25697525,4501.8,3683.4,4440.0,3288.1,4058.9,20,2,4058.5,54,2,4058.3,32,3,4058.2,25,2,4058.1,5,1,4059.0,37,3,4059.1,65,7,4059.2,6,1,4059.4,8,1,4059.5,35,2
11483,2026-07-02 15:01:47+05:30,4058.9,8,4036.65,2138491,165510.0,158528.0,4100.0,4110.0,4012.0,4092.6,25697525,4501.8,3683.4,4440.0,3288.1,4058.9,20,2,4058.5,54,2,4058.3,32,3,4058.2,25,2,4058.1,5,1,4059.0,37,3,4059.1,65,7,4059.2,6,1,4059.4,8,1,4059.5,35,2
11483,2026-07-02 15:01:48+05:30,4058.9,8,4036.65,2138501,165505.0,158685.0,4100.0,4110.0,4012.0,4092.6,25697525,4501.8,3683.4,4440.0,3288.1,4058.9,19,3,4058.5,69,4,4058.3,32,3,4058.2,13,1,4058.1,5,1,4059.0,38,4,4059.1,61,5,4059.2,21,2,4059.4,8,1,4059.5,17,2
11483,2026-07-02 15:01:48+05:30,4058.9,1,4036.65,2138501,165505.0,158685.0,4100.0,4110.0,4012.0,4092.6,25697525,4501.8,3683.4,4440.0,3288.1,4058.9,19,3,4058.5,69,4,4058.3,32,3,4058.2,13,1,4058.1,5,1,4059.0,38,4,4059.1,61,5,4059.2,21,2,4059.4,8,1,4059.5,17,2
11483,2026-07-02 15:01:49+05:30,4058.9,1,4036.65,2138584,165751.0,159365.0,4100.0,4110.0,4012.0,4092.6,25697525,4501.8,3683.4,4440.0,3288.1,4058.9,2,1,4058.5,69,4,4058.3,32,3,4058.2,188,2,4058.1,5,1,4059.0,46,7,4059.1,73,5,4059.2,21,2,4059.3,24,1,4059.4,8,1
11483,2026-07-02 15:01:50+05:30,4059.0,3,4036.65,2138588,165558.0,159755.0,4100.0,4110.0,4012.0,4092.6,25697525,4501.8,3683.4,4440.0,3288.1,4058.9,1,1,4058.5,72,5,4058.3,32,3,4058.2,188,2,4058.1,5,1,4059.0,139,12,4059.1,91,3,4059.2,21,2,4059.3,24,1,4059.4,8,1
11483,2026-07-02 15:01:50+05:30,4058.5,4,4036.65,2138588,165558.0,159755.0,4100.0,4110.0,4012.0,4092.6,25697525,4501.8,3683.4,4440.0,3288.1,4058.9,1,1,4058.5,72,5,4058.3,32,3,4058.2,188,2,4058.1,5,1,4059.0,139,12,4059.1,91,3,4059.2,21,2,4059.3,24,1,4059.4,8,1
11483,2026-07-02 15:01:51+05:30,4058.9,1,4036.65,2138594,165650.0,160493.0,4100.0,4110.0,4012.0,4092.6,25697525,4501.8,3683.4,4440.0,3288.1,4058.5,68,5,4058.3,32,3,4058.2,188,2,4058.1,5,1,4058.0,8,1,4058.9,45,4,4059.0,117,10,4059.1,78,2,4059.2,71,4,4059.3,42,2
11483,2026-07-02 15:01:51+05:30,4058.9,8,4036.65,2138594,165650.0,160493.0,4100.0,4110.0,4012.0,4092.6,25697525,4501.8,3683.4,4440.0,3288.1,4058.5,68,5,4058.3,32,3,4058.2,188,2,4058.1,5,1,4058.0,8,1,4058.9,45,4,4059.0,117,10,4059.1,78,2,4059.2,71,4,4059.3,42,2
11483,2026-07-02 15:01:52+05:30,4058.5,6,4036.65,2138608,165639.0,160481.0,4100.0,4110.0,4012.0,4092.6,25697525,4501.8,3683.4,4440.0,3288.1,4058.5,63,6,4058.3,32,3,4058.2,188,2,4058.1,5,1,4058.0,8,1,4058.9,44,7,4059.0,92,6,4059.1,90,3,4059.2,71,4,4059.3,18,1
11483,2026-07-02 15:01:52+05:30,4058.9,8,4036.65,2138608,165639.0,160481.0,4100.0,4110.0,4012.0,4092.6,25697525,4501.8,3683.4,4440.0,3288.1,4058.5,63,6,4058.3,32,3,4058.2,188,2,4058.1,5,1,4058.0,8,1,4058.9,44,7,4059.0,92,6,4059.1,90,3,4059.2,71,4,4059.3,18,1
11483,2026-07-02 15:01:53+05:30,4058.5,12,4036.65,2138715,165579.0,160188.0,4100.0,4110.0,4012.0,4092.6,25697525,4501.8,3683.4,4440.0,3288.1,4058.5,1,1,4058.3,32,3,4058.2,188,2,4058.1,5,1,4058.0,8,1,4058.9,138,13,4059.0,23,3,4059.1,90,3,4059.2,21,2,4059.4,8,1
11483,2026-07-02 15:01:53+05:30,4058.3,14,4036.65,2138715,165579.0,160188.0,4100.0,4110.0,4012.0,4092.6,25697525,4501.8,3683.4,4440.0,3288.1,4058.5,1,1,4058.3,32,3,4058.2,188,2,4058.1,5,1,4058.0,8,1,4058.9,138,13,4059.0,23,3,4059.1,90,3,4059.2,21,2,4059.4,8,1
11483,2026-07-02 15:01:54+05:30,4058.7,1,4036.65,2138769,165576.0,161210.0,4100.0,4110.0,4012.0,4092.6,25697525,4501.8,3683.4,4440.0,3288.1,4058.5,3,1,4058.3,17,2,4058.2,188,2,4058.1,5,1,4058.0,8,1,4058.7,46,3,4058.8,6,1,4058.9,111,10,4059.0,23,3,4059.1,78,2
11483,2026-07-02 15:01:54+05:30,4058.5,4,4036.65,2138769,165576.0,161210.0,4100.0,4110.0,4012.0,4092.6,25697525,4501.8,3683.4,4440.0,3288.1,4058.5,3,1,4058.3,17,2,4058.2,188,2,4058.1,5,1,4058.0,8,1,4058.7,46,3,4058.8,6,1,4058.9,111,10,4059.0,23,3,4059.1,78,2
11483,2026-07-02 15:01:55+05:30,4058.3,9,4036.65,2138793,165655.0,161797.0,4100.0,4110.0,4012.0,4092.6,25697525,4501.8,3683.4,4440.0,3288.1,4058.3,19,1,4058.2,183,2,4058.1,5,1,4058.0,8,1,4057.9,12,1,4058.7,53,7,4058.8,6,1,4058.9,101,6,4059.0,47,4,4059.1,109,3
11483,2026-07-02 15:01:55+05:30,4058.3,9,4036.65,2138793,165655.0,161797.0,4100.0,4110.0,4012.0,4092.6,25697525,4501.8,3683.4,4440.0,3288.1,4058.3,19,1,4058.2,183,2,4058.1,5,1,4058.0,8,1,4057.9,12,1,4058.7,53,7,4058.8,6,1,4058.9,101,6,4059.0,47,4,4059.1,109,3
11483,2026-07-02 15:01:56+05:30,4059.1,5,4036.66,2139333,166602.0,158050.0,4100.0,4110.0,4012.0,4092.6,25697525,4501.8,3683.4,4440.0,3288.1,4058.8,16,1,4058.7,72,4,4058.6,190,3,4058.5,29,2,4058.4,89,5,4059.1,27,2,4059.2,15,1,4059.5,6,1,4059.9,57,1,4060.0,336,2
11483,2026-07-02 15:01:56+05:30,4059.1,108,4036.66,2139333,166602.0,158050.0,4100.0,4110.0,4012.0,4092.6,25697525,4501.8,3683.4,4440.0,3288.1,4058.8,16,1,4058.7,72,4,4058.6,190,3,4058.5,29,2,4058.4,89,5,4059.1,27,2,4059.2,15,1,4059.5,6,1,4059.9,57,1,4060.0,336,2
11483,2026-07-02 15:01:57+05:30,4059.2,12,4036.66,2139509,166464.0,157946.0,4100.0,4110.0,4012.0,4092.6,25697525,4501.8,3683.4,4440.0,3288.1,4059.2,43,1,4059.1,254,4,4058.8,46,3,4058.7,85,4,4058.6,15,2,4059.5,18,2,4060.0,452,3,4060.3,51,2,4060.4,303,3,4060.5,263,2
11483,2026-07-02 15:01:57+05:30,4060.0,32,4036.66,2139509,166464.0,157946.0,4100.0,4110.0,4012.0,4092.6,25697525,4501.8,3683.4,4440.0,3288.1,4059.2,43,1,4059.1,254,4,4058.8,46,3,4058.7,85,4,4058.6,15,2,4059.5,18,2,4060.0,452,3,4060.3,51,2,4060.4,303,3,4060.5,263,2
11483,2026-07-02 15:01:58+05:30,4060.0,6,4036.66,2139578,166551.0,158149.0,4100.0,4110.0,4012.0,4092.6,25697525,4501.8,3683.4,4440.0,3288.1,4059.5,18,1,4059.2,4,1,4059.1,12,2,4058.8,12,2,4058.7,48,3,4060.0,431,4,4060.3,62,3,4060.4,381,4,4060.5,263,2,4060.6,2,1
11483,2026-07-02 15:01:58+05:30,4059.1,4,4036.66,2139578,166551.0,158149.0,4100.0,4110.0,4012.0,4092.6,25697525,4501.8,3683.4,4440.0,3288.1,4059.5,18,1,4059.2,4,1,4059.1,12,2,4058.8,12,2,4058.7,48,3,4060.0,431,4,4060.3,62,3,4060.4,381,4,4060.5,263,2,4060.6,2,1
11483,2026-07-02 15:01:59+05:30,4059.5,2,4036.66,2139637,166100.0,158374.0,4100.0,4110.0,4012.0,4092.6,25697525,4501.8,3683.4,4440.0,3288.1,4059.0,6,2,4058.7,24,1,4058.5,228,4,4058.4,29,2,4058.3,57,4,4059.9,38,3,4060.0,410,5,4060.2,22,1,4060.3,80,4,4060.4,428,6
11483,2026-07-02 15:01:59+05:30,4059.9,1,4036.66,2139637,166100.0,158374.0,4100.0,4110.0,4012.0,4092.6,25697525,4501.8,3683.4,4440.0,3288.1,4059.0,6,2,4058.7,24,1,4058.5,228,4,4058.4,29,2,4058.3,57,4,4059.9,38,3,4060.0,410,5,4060.2,22,1,4060.3,80,4,4060.4,428,6
11483,2026-07-02 15:02:00+05:30,4059.9,2,4036.66,2139716,166298.0,158521.0,4100.0,4110.0,4012.0,4092.6,25697525,4501.8,3683.4,4440.0,3288.1,4059.0,196,4,4058.9,1,1,4058.8,192,2,4058.5,195,3,4058.3,41,4,4059.9,29,2,4060.0,472,6,4060.3,62,3,4060.4,419,5,4060.5,326,4
11483,2026-07-02 15:02:00+05:30,4059.7,2,4036.66,2139716,166298.0,158521.0,4100.0,4110.0,4012.0,4092.6,25697525,4501.8,3683.4,4440.0,3288.1,4059.0,196,4,4058.9,1,1,4058.8,192,2,4058.5,195,3,4058.3,41,4,4059.9,29,2,4060.0,472,6,4060.3,62,3,4060.4,419,5,4060.5,326,4
11483,2026-07-02 15:02:01+05:30,4059.7,2,4036.66,2139767,166400.0,158586.0,4100.0,4110.0,4012.0,4092.6,25697525,4501.8,3683.4,4440.0,3288.1,4059.1,1,1,4059.0,9,3,4058.9,1,1,4058.6,175,1,4058.5,193,2,4059.6,60,4,4059.7,39,5,4059.8,20,2,4059.9,29,5,4060.0,4682,7
11483,2026-07-02 15:02:01+05:30,4059.7,2,4036.66,2139767,166400.0,158586.0,4100.0,4110.0,4012.0,4092.6,25697525,4501.8,3683.4,4440.0,3288.1,4059.1,1,1,4059.0,9,3,4058.9,1,1,4058.6,175,1,4058.5,193,2,4059.6,60,4,4059.7,39,5,4059.8,20,2,4059.9,29,5,4060.0,4682,7
11483,2026-07-02 15:02:02+05:30,4059.7,1,4036.66,2139780,166284.0,158404.0,4100.0,4110.0,4012.0,4092.6,25697525,4501.8,3683.4,4440.0,3288.1,4059.1,4,3,4059.0,9,3,4058.9,1,1,4058.6,5,1,4058.5,193,2,4059.6,19,2,4059.7,1,1,4059.9,14,2,4060.0,4707,6,4060.3,78,3
11483,2026-07-02 15:02:02+05:30,4059.1,1,4036.66,2139780,166284.0,158404.0,4100.0,4110.0,4012.0,4092.6,25697525,4501.8,3683.4,4440.0,3288.1,4059.1,4,3,4059.0,9,3,4058.9,1,1,4058.6,5,1,4058.5,193,2,4059.6,19,2,4059.7,1,1,4059.9,14,2,4060.0,4707,6,4060.3,78,3
11483,2026-07-02 15:02:03+05:30,4059.1,1,4036.66,2139785,166899.0,158436.0,4100.0,4110.0,4012.0,4092.6,25697525,4501.8,3683.4,4440.0,3288.1,4059.1,356,4,4059.0,6,2,4058.9,1,1,4058.6,180,2,4058.5,193,2,4059.6,77,5,4059.7,1,1,4059.9,14,2,4060.0,4696,6,4060.1,43,2
11483,2026-07-02 15:02:03+05:30,4059.1,1,4036.66,2139785,166899.0,158436.0,4100.0,4110.0,4012.0,4092.6,25697525,4501.8,3683.4,4440.0,3288.1,4059.1,356,4,4059.0,6,2,4058.9,1,1,4058.6,180,2,4058.5,193,2,4059.6,77,5,4059.7,1,1,4059.9,14,2,4060.0,4696,6,4060.1,43,2
11483,2026-07-02 15:02:04+05:30,4059.6,50,4036.67,2139913,166700.0,158683.0,4100.0,4110.0,4012.0,4092.6,25697525,4501.8,3683.4,4440.0,3288.1,4059.6,16,1,4059.1,361,5,4059.0,6,2,4058.9,1,1,4058.6,5,1,4059.7,16,2,4059.9,12,1,4060.0,4675,5,4060.1,43,2,4060.2,25,1
11483,2026-07-02 15:02:04+05:30,4059.7,4,4036.67,2139913,166700.0,158683.0,4100.0,4110.0,4012.0,4092.6,25697525,4501.8,3683.4,4440.0,3288.1,4059.6,16,1,4059.1,361,5,4059.0,6,2,4058.9,1,1,4058.6,5,1,4059.7,16,2,4059.9,12,1,4060.0,4675,5,4060.1,43,2,4060.2,25,1
11483,2026-07-02 15:02:05+05:30,4059.7,4,4036.67,2139918,166440.0,158788.0,4100.0,4110.0,4012.0,4092.6,25697525,4501.8,3683.4,4440.0,3288.1,4059.6,20,2,4059.2,13,1,4059.1,2,2,4059.0,6,2,4058.9,1,1,4059.7,21,4,4060.0,4590,5,4060.3,116,5,4060.4,411,5,4060.5,297,4
11483,2026-07-02 15:02:06+05:30,4059.6,2,4036.67,2139918,166440.0,158788.0,4100.0,4110.0,4012.0,4092.6,25697525,4501.8,3683.4,4440.0,3288.1,4059.6,20,2,4059.2,13,1,4059.1,2,2,4059.0,6,2,4058.9,1,1,4059.7,21,4,4060.0,4590,5,4060.3,116,5,4060.4,411,5,4060.5,297,4
11483,2026-07-02 15:02:06+05:30,4059.6,2,4036.67,2139970,166551.0,158560.0,4100.0,4110.0,4012.0,4092.6,25697525,4501.8,3683.4,4440.0,3288.1,4059.6,1,1,4059.2,13,1,4059.1,2,2,4059.0,6,2,4058.9,12,2,4059.7,71,5,4060.0,4590,5,4060.1,18,1,4060.2,23,1,4060.3,157,6
11483,2026-07-02 15:02:07+05:30,4059.7,21,4036.67,2139970,166551.0,158560.0,4100.0,4110.0,4012.0,4092.6,25697525,4501.8,3683.4,4440.0,3288.1,4059.6,1,1,4059.2,13,1,4059.1,2,2,4059.0,6,2,4058.9,12,2,4059.7,71,5,4060.0,4590,5,4060.1,18,1,4060.2,23,1,4060.3,157,6
11483,2026-07-02 15:02:07+05:30,4059.7,21,4036.67,2140047,166398.0,158507.0,4100.0,4110.0,4012.0,4092.6,25697525,4501.8,3683.4,4440.0,3288.1,4059.7,7,1,4059.6,4,2,4059.2,13,1,4059.1,2,2,4059.0,6,2,4060.0,4654,8,4060.1,18,1,4060.2,23,1,4060.3,116,5,4060.4,411,5
11483,2026-07-02 15:02:08+05:30,4058.9,1,4036.67,2140047,166398.0,158507.0,4100.0,4110.0,4012.0,4092.6,25697525,4501.8,3683.4,4440.0,3288.1,4059.7,7,1,4059.6,4,2,4059.2,13,1,4059.1,2,2,4059.0,6,2,4060.0,4654,8,4060.1,18,1,4060.2,23,1,4060.3,116,5,4060.4,411,5
11483,2026-07-02 15:02:08+05:30,4058.9,1,4036.67,2140369,166821.0,158200.0,4100.0,4110.0,4012.0,4092.6,25697525,4501.8,3683.4,4440.0,3288.1,4059.7,50,1,4059.1,24,1,4059.0,24,1,4058.9,12,2,4058.8,27,2,4059.9,26,2,4060.0,4590,9,4060.3,51,2,4060.4,303,3,4060.5,263,2
11483,2026-07-02 15:02:09+05:30,4059.7,1,4036.67,2140369,166821.0,158200.0,4100.0,4110.0,4012.0,4092.6,25697525,4501.8,3683.4,4440.0,3288.1,4059.7,50,1,4059.1,24,1,4059.0,24,1,4058.9,12,2,4058.8,27,2,4059.9,26,2,4060.0,4590,9,4060.3,51,2,4060.4,303,3,4060.5,263,2
11483,2026-07-02 15:02:10+05:30,4059.9,7,4036.67,2140394,166550.0,158464.0,4100.0,4110.0,4012.0,4092.6,25697525,4501.8,3683.4,4440.0,3288.1,4059.7,50,2,4059.2,12,1,4059.1,9,2,4059.0,24,1,4058.9,48,4,4059.9,26,2,4060.0,4617,11,4060.1,40,1,4060.3,63,3,4060.4,303,3
11483,2026-07-02 15:02:10+05:30,4059.9,10,4036.67,2140394,166550.0,158464.0,4100.0,4110.0,4012.0,4092.6,25697525,4501.8,3683.4,4440.0,3288.1,4059.7,50,2,4059.2,12,1,4059.1,9,2,4059.0,24,1,4058.9,48,4,4059.9,26,2,4060.0,4617,11,4060.1,40,1,4060.3,63,3,4060.4,303,3
11483,2026-07-02 15:02:11+05:30,4059.9,10,4036.67,2140497,166078.0,158168.0,4100.0,4110.0,4012.0,4092.6,25697525,4501.8,3683.4,4440.0,3288.1,4059.8,21,3,4059.7,61,7,4059.6,10,2,4059.4,16,2,4059.3,374,2,4059.9,14,2,4060.0,4617,11,4060.1,40,1,4060.3,63,3,4060.4,303,3
11483,2026-07-02 15:02:11+05:30,4059.7,11,4036.67,2140497,166078.0,158168.0,4100.0,4110.0,4012.0,4092.6,25697525,4501.8,3683.4,4440.0,3288.1,4059.8,21,3,4059.7,61,7,4059.6,10,2,4059.4,16,2,4059.3,374,2,4059.9,14,2,4060.0,4617,11,4060.1,40,1,4060.3,63,3,4060.4,303,3
11483,2026-07-02 15:02:12+05:30,4059.7,11,4036.67,2140577,167799.0,158437.0,4100.0,4110.0,4012.0,4092.6,25697525,4501.8,3683.4,4440.0,3288.1,4059.4,36,3,4059.3,350,1,4059.2,57,4,4059.1,293,5,4059.0,241,4,4059.7,20,2,4059.9,40,4,4060.0,4613,9,4060.1,40,1,4060.3,63,3
11483,2026-07-02 15:02:12+05:30,4059.6,2,4036.67,2140577,167799.0,158437.0,4100.0,4110.0,4012.0,4092.6,25697525,4501.8,3683.4,4440.0,3288.1,4059.4,36,3,4059.3,350,1,4059.2,57,4,4059.1,293,5,4059.0,241,4,4059.7,20,2,4059.9,40,4,4060.0,4613,9,4060.1,40,1,4060.3,63,3
11483,2026-07-02 15:02:13+05:30,4059.6,2,4036.67,2140586,168797.0,158430.0,4100.0,4110.0,4012.0,4092.6,25697525,4501.8,3683.4,4440.0,3288.1,4059.6,346,1,4059.4,42,6,4059.2,49,3,4059.1,284,4,4059.0,241,4,4059.7,17,4,4059.9,64,4,4060.0,4589,7,4060.1,40,1,4060.3,63,3
11483,2026-07-02 15:02:13+05:30,4059.6,116,4036.67,2140586,168797.0,158430.0,4100.0,4110.0,4012.0,4092.6,25697525,4501.8,3683.4,4440.0,3288.1,4059.6,346,1,4059.4,42,6,4059.2,49,3,4059.1,284,4,4059.0,241,4,4059.7,17,4,4059.9,64,4,4060.0,4589,7,4060.1,40,1,4060.3,63,3
11483,2026-07-02 15:02:14+05:30,4059.6,116,4036.67,2140702,167591.0,158978.0,4100.0,4110.0,4012.0,4092.6,25697525,4501.8,3683.4,4440.0,3288.1,4059.6,58,2,4059.4,3,2,4059.1,23,2,4059.0,24,1,4058.9,67,4,4059.7,48,7,4059.9,64,4,4060.0,407,6,4060.1,40,1,4060.3,63,3
11483,2026-07-02 15:02:14+05:30,4059.6,4,4036.67,2140702,167591.0,158978.0,4100.0,4110.0,4012.0,4092.6,25697525,4501.8,3683.4,4440.0,3288.1,4059.6,58,2,4059.4,3,2,4059.1,23,2,4059.0,24,1,4058.9,67,4,4059.7,48,7,4059.9,64,4,4060.0,407,6,4060.1,40,1,4060.3,63,3
11483,2026-07-02 15:02:15+05:30,4059.6,4,4036.67,2140706,167576.0,158819.0,4100.0,4110.0,4012.0,4092.6,25697525,4501.8,3683.4,4440.0,3288.1,4059.6,59,4,4059.4,3,2,4059.1,73,3,4059.0,25,2,4058.9,43,3,4059.7,80,11,4059.9,36,2,4060.0,407,6,4060.1,40,1,4060.3,63,3
11483,2026-07-02 15:02:15+05:30,4059.7,2,4036.67,2140706,167576.0,158819.0,4100.0,4110.0,4012.0,4092.6,25697525,4501.8,3683.4,4440.0,3288.1,4059.6,59,4,4059.4,3,2,4059.1,73,3,4059.0,25,2,4058.9,43,3,4059.7,80,11,4059.9,36,2,4060.0,407,6,4060.1,40,1,4060.3,63,3
11483,2026-07-02 15:02:16+05:30,4059.7,5,4036.67,2140723,167942.0,158842.0,4100.0,4110.0,4012.0,4092.6,25697525,4501.8,3683.4,4440.0,3288.1,4059.6,57,4,4059.4,3,2,4059.2,8,1,4059.1,51,2,4059.0,25,2,4059.7,135,9,4059.9,2,1,4060.0,407,6,4060.1,40,1,4060.3,82,4
11483,2026-07-02 15:02:16+05:30,4059.6,2,4036.67,2140723,167942.0,158842.0,4100.0,4110.0,4012.0,4092.6,25697525,4501.8,3683.4,4440.0,3288.1,4059.6,57,4,4059.4,3,2,4059.2,8,1,4059.1,51,2,4059.0,25,2,4059.7,135,9,4059.9,2,1,4060.0,407,6,4060.1,40,1,4060.3,82,4
11483,2026-07-02 15:02:17+05:30,4059.6,2,4036.67,2140792,168173.0,158834.0,4100.0,4110.0,4012.0,4092.6,25697525,4501.8,3683.4,4440.0,3288.1,4059.6,2,1,4059.4,1,1,4059.1,401,3,4059.0,176,2,4058.9,38,2,4059.7,134,9,4059.9,2,1,4060.0,407,6,4060.1,40,1,4060.3,51,2
11483,2026-07-02 15:02:17+05:30,4059.7,2,4036.67,2140792,168173.0,158834.0,4100.0,4110.0,4012.0,4092.6,25697525,4501.8,3683.4,4440.0,3288.1,4059.6,2,1,4059.4,1,1,4059.1,401,3,4059.0,176,2,4058.9,38,2,4059.7,134,9,4059.9,2,1,4060.0,407,6,4060.1,40,1,4060.3,51,2
11483,2026-07-02 15:02:18+05:30,4059.7,2,4036.67,2140794,168219.0,158834.0,4100.0,4110.0,4012.0,4092.6,25697525,4501.8,3683.4,4440.0,3288.1,4059.4,3,3,4059.3,18,1,4059.1,401,3,4059.0,176,2,4058.9,11,1,4059.7,138,11,4059.9,12,2,4060.0,403,5,4060.1,40,1,4060.3,51,2
11483,2026-07-02 15:02:18+05:30,4059.4,1,4036.67,2140794,168219.0,158834.0,4100.0,4110.0,4012.0,4092.6,25697525,4501.8,3683.4,4440.0,3288.1,4059.4,3,3,4059.3,18,1,4059.1,401,3,4059.0,176,2,4058.9,11,1,4059.7,138,11,4059.9,12,2,4060.0,403,5,4060.1,40,1,4060.3,51,2
11483,2026-07-02 15:02:19+05:30,4059.3,4,4036.68,2140851,167968.0,158803.0,4100.0,4110.0,4012.0,4092.6,25697525,4501.8,3683.4,4440.0,3288.1,4059.3,14,1,4059.1,401,3,4059.0,176,2,4058.9,11,1,4058.8,11,1,4059.7,136,11,4059.9,23,3,4060.0,418,6,4060.1,40,1,4060.2,20,1
11483,2026-07-02 15:02:19+05:30,4059.3,4,4036.68,2140851,167968.0,158803.0,4100.0,4110.0,4012.0,4092.6,25697525,4501.8,3683.4,4440.0,3288.1,4059.3,14,1,4059.1,401,3,4059.0,176,2,4058.9,11,1,4058.8,11,1,4059.7,136,11,4059.9,23,3,4060.0,418,6,4060.1,40,1,4060.2,20,1
11483,2026-07-02 15:02:20+05:30,4059.3,4,4036.68,2140851,168160.0,158834.0,4100.0,4110.0,4012.0,4092.6,25697525,4501.8,3683.4,4440.0,3288.1,4059.3,14,1,4059.2,350,1,4059.1,51,2,4059.0,176,2,4058.9,11,1,4059.7,136,11,4059.9,23,3,4060.0,403,5,4060.1,40,1,4060.3,76,3
11483,2026-07-02 15:02:20+05:30,4059.3,18,4036.68,2140851,168160.0,158834.0,4100.0,4110.0,4012.0,4092.6,25697525,4501.8,3683.4,4440.0,3288.1,4059.3,14,1,4059.2,350,1,4059.1,51,2,4059.0,176,2,4058.9,11,1,4059.7,136,11,4059.9,23,3,4060.0,403,5,4060.1,40,1,4060.3,76,3
11483,2026-07-02 15:02:21+05:30,4059.7,4,4036.68,2140877,167423.0,158524.0,4100.0,4110.0,4012.0,4092.6,25697525,4501.8,3683.4,4440.0,3288.1,4059.5,175,1,4059.3,11,2,4059.1,401,3,4059.0,176,2,4058.9,11,1,4059.7,139,13,4059.9,23,3,4060.0,417,7,4060.1,62,2,4060.2,19,1
11483,2026-07-02 15:02:21+05:30,4059.7,4,4036.68,2140877,167423.0,158524.0,4100.0,4110.0,4012.0,4092.6,25697525,4501.8,3683.4,4440.0,3288.1,4059.5,175,1,4059.3,11,2,4059.1,401,3,4059.0,176,2,4058.9,11,1,4059.7,139,13,4059.9,23,3,4060.0,417,7,4060.1,62,2,4060.2,19,1
11483,2026-07-02 15:02:22+05:30,4059.5,112,4036.68,2140989,167340.0,158717.0,4100.0,4110.0,4012.0,4092.6,25697525,4501.8,3683.4,4440.0,3288.1,4059.5,70,3,4059.3,11,2,4059.1,401,3,4059.0,1,1,4058.9,11,1,4059.6,19,2,4059.7,125,12,4059.9,25,3,4060.0,404,6,4060.1,40,1
11483,2026-07-02 15:02:22+05:30,4059.5,4,4036.68,2140989,167340.0,158717.0,4100.0,4110.0,4012.0,4092.6,25697525,4501.8,3683.4,4440.0,3288.1,4059.5,70,3,4059.3,11,2,4059.1,401,3,4059.0,1,1,4058.9,11,1,4059.6,19,2,4059.7,125,12,4059.9,25,3,4060.0,404,6,4060.1,40,1
11483,2026-07-02 15:02:23+05:30,4059.5,2,4036.68,2140997,167363.0,158740.0,4100.0,4110.0,4012.0,4092.6,25697525,4501.8,3683.4,4440.0,3288.1,4059.5,64,3,4059.4,2,1,4059.3,12,3,4059.1,401,3,4059.0,1,1,4059.6,31,3,4059.7,124,11,4059.9,100,2,4060.0,404,6,4060.1,40,1
11483,2026-07-02 15:02:23+05:30,4059.5,2,4036.68,2140997,167363.0,158740.0,4100.0,4110.0,4012.0,4092.6,25697525,4501.8,3683.4,4440.0,3288.1,4059.5,64,3,4059.4,2,1,4059.3,12,3,4059.1,401,3,4059.0,1,1,4059.6,31,3,4059.7,124,11,4059.9,100,2,4060.0,404,6,4060.1,40,1
11483,2026-07-02 15:02:24+05:30,4059.6,1,4036.68,2141516,167278.0,158488.0,4100.0,4110.0,4012.0,4092.6,25697525,4501.8,3683.4,4440.0,3288.1,4059.5,65,4,4059.3,12,3,4059.1,413,4,4059.0,1,1,4058.9,11,1,4059.6,10,2,4060.0,341,10,4060.1,65,2,4060.3,76,3,4060.4,328,4
11483,2026-07-02 15:02:24+05:30,4059.6,1,4036.68,2141516,167278.0,158488.0,4100.0,4110.0,4012.0,4092.6,25697525,4501.8,3683.4,4440.0,3288.1,4059.5,65,4,4059.3,12,3,4059.1,413,4,4059.0,1,1,4058.9,11,1,4059.6,10,2,4060.0,341,10,4060.1,65,2,4060.3,76,3,4060.4,328,4
11483,2026-07-02 15:02:25+05:30,4059.5,50,4036.68,2141566,167164.0,158323.0,4100.0,4110.0,4012.0,4092.6,25697525,4501.8,3683.4,4440.0,3288.1,4059.5,24,6,4059.3,11,2,4059.1,413,4,4059.0,1,1,4058.9,11,1,4059.6,108,5,4059.9,10,1,4060.0,340,9,4060.1,55,2,4060.3,89,4
11483,2026-07-02 15:02:25+05:30,4059.6,6,4036.68,2141566,167164.0,158323.0,4100.0,4110.0,4012.0,4092.6,25697525,4501.8,3683.4,4440.0,3288.1,4059.5,24,6,4059.3,11,2,4059.1,413,4,4059.0,1,1,4058.9,11,1,4059.6,108,5,4059.9,10,1,4060.0,340,9,4060.1,55,2,4060.3,89,4
11483,2026-07-02 15:02:26+05:30,4059.6,7,4036.68,2141583,167236.0,158364.0,4100.0,4110.0,4012.0,4092.6,25697525,4501.8,3683.4,4440.0,3288.1,4059.5,29,9,4059.3,11,2,4059.1,413,4,4059.0,1,1,4058.9,11,1,4059.6,93,2,4060.0,340,9,4060.1,40,1,4060.3,113,5,4060.4,357,6
11483,2026-07-02 15:02:26+05:30,4059.6,1,4036.68,2141583,167236.0,158364.0,4100.0,4110.0,4012.0,4092.6,25697525,4501.8,3683.4,4440.0,3288.1,4059.5,29,9,4059.3,11,2,4059.1,413,4,4059.0,1,1,4058.9,11,1,4059.6,93,2,4060.0,340,9,4060.1,40,1,4060.3,113,5,4060.4,357,6
11483,2026-07-02 15:02:27+05:30,4059.5,1,4036.68,2141592,167180.0,158409.0,4100.0,4110.0,4012.0,4092.6,25697525,4501.8,3683.4,4440.0,3288.1,4059.5,28,9,4059.4,2,1,4059.3,11,2,4059.1,413,4,4059.0,1,1,4059.6,89,4,4060.0,340,9,4060.1,55,2,4060.3,89,4,4060.4,338,5
11483,2026-07-02 15:02:27+05:30,4059.5,1,4036.68,2141592,167180.0,158409.0,4100.0,4110.0,4012.0,4092.6,25697525,4501.8,3683.4,4440.0,3288.1,4059.5,28,9,4059.4,2,1,4059.3,11,2,4059.1,413,4,4059.0,1,1,4059.6,89,4,4060.0,340,9,4060.1,55,2,4060.3,89,4,4060.4,338,5
11483,2026-07-02 15:02:28+05:30,4059.5,1,4036.68,2141592,167176.0,158441.0,4100.0,4110.0,4012.0,4092.6,25697525,4501.8,3683.4,4440.0,3288.1,4059.5,24,8,4059.4,2,1,4059.3,11,2,4059.1,413,4,4059.0,1,1,4059.6,119,5,4060.0,340,9,4060.1,55,2,4060.3,89,4,4060.4,362,6
11483,2026-07-02 15:02:28+05:30,4059.6,8,4036.68,2141592,167176.0,158441.0,4100.0,4110.0,4012.0,4092.6,25697525,4501.8,3683.4,4440.0,3288.1,4059.5,24,8,4059.4,2,1,4059.3,11,2,4059.1,413,4,4059.0,1,1,4059.6,119,5,4060.0,340,9,4060.1,55,2,4060.3,89,4,4060.4,362,6
11483,2026-07-02 15:02:29+05:30,4059.5,5,4036.68,2141609,167169.0,157912.0,4100.0,4110.0,4012.0,4092.6,25697525,4501.8,3683.4,4440.0,3288.1,4059.5,19,8,4059.3,11,2,4059.1,413,4,4059.0,1,1,4058.9,87,2,4059.6,88,7,4060.0,353,10,4060.1,40,1,4060.2,18,1,4060.3,64,3
11483,2026-07-02 15:02:29+05:30,4059.5,5,4036.68,2141609,167169.0,157912.0,4100.0,4110.0,4012.0,4092.6,25697525,4501.8,3683.4,4440.0,3288.1,4059.5,19,8,4059.3,11,2,4059.1,413,4,4059.0,1,1,4058.9,87,2,4059.6,88,7,4060.0,353,10,4060.1,40,1,4060.2,18,1,4060.3,64,3
11483,2026-07-02 15:02:30+05:30,4059.5,6,4036.7,2142712,166117.0,158524.0,4100.0,4110.0,4012.0,4092.6,25697525,4501.8,3683.4,4440.0,3288.1,4059.1,41,1,4059.0,176,2,4058.9,11,1,4058.8,11,1,4058.6,175,1,4059.5,22,2,4059.6,74,9,4059.7,40,2,4059.8,19,1,4059.9,55,3
11483,2026-07-02 15:02:30+05:30,4059.6,3,4036.7,2142712,166117.0,158524.0,4100.0,4110.0,4012.0,4092.6,25697525,4501.8,3683.4,4440.0,3288.1,4059.1,41,1,4059.0,176,2,4058.9,11,1,4058.8,11,1,4058.6,175,1,4059.5,22,2,4059.6,74,9,4059.7,40,2,4059.8,19,1,4059.9,55,3
11483,2026-07-02 15:02:31+05:30,4059.5,1,4036.7,2142718,166721.0,158360.0,4100.0,4110.0,4012.0,4092.6,25697525,4501.8,3683.4,4440.0,3288.1,4059.2,2,1,4059.1,49,3,4059.0,351,3,4058.9,11,1,4058.8,11,1,4059.5,135,5,4059.6,43,4,4059.7,25,1,4060.0,340,9,4060.1,40,1
11483,2026-07-02 15:02:31+05:30,4059.5,1,4036.7,2142718,166721.0,158360.0,4100.0,4110.0,4012.0,4092.6,25697525,4501.8,3683.4,4440.0,3288.1,4059.2,2,1,4059.1,49,3,4059.0,351,3,4058.9,11,1,4058.8,11,1,4059.5,135,5,4059.6,43,4,4059.7,25,1,4060.0,340,9,4060.1,40,1
11483,2026-07-02 15:02:32+05:30,4059.5,4,4036.7,2142735,167175.0,158317.0,4100.0,4110.0,4012.0,4092.6,25697525,4501.8,3683.4,4440.0,3288.1,4059.2,357,1,4059.1,50,4,4059.0,351,3,4058.9,11,1,4058.8,11,1,4059.5,93,5,4059.6,80,4,4059.7,25,1,4060.0,340,9,4060.1,40,1
11483,2026-07-02 15:02:32+05:30,4059.5,4,4036.7,2142735,167175.0,158317.0,4100.0,4110.0,4012.0,4092.6,25697525,4501.8,3683.4,4440.0,3288.1,4059.2,357,1,4059.1,50,4,4059.0,351,3,4058.9,11,1,4058.8,11,1,4059.5,93,5,4059.6,80,4,4059.7,25,1,4060.0,340,9,4060.1,40,1
11483,2026-07-02 15:02:33+05:30,4059.5,4,4036.7,2142735,167064.0,158480.0,4100.0,4110.0,4012.0,4092.6,25697525,4501.8,3683.4,4440.0,3288.1,4059.3,532,2,4059.2,3,2,4059.1,48,3,4059.0,351,3,4058.9,11,1,4059.5,96,6,4059.6,96,5,4059.7,25,1,4060.0,340,9,4060.1,40,1
11483,2026-07-02 15:02:34+05:30,4059.6,4,4036.7,2142735,167064.0,158480.0,4100.0,4110.0,4012.0,4092.6,25697525,4501.8,3683.4,4440.0,3288.1,4059.3,532,2,4059.2,3,2,4059.1,48,3,4059.0,351,3,4058.9,11,1,4059.5,96,6,4059.6,96,5,4059.7,25,1,4060.0,340,9,4060.1,40,1
11483,2026-07-02 15:02:35+05:30,4059.6,4,4036.7,2142963,167389.0,158481.0,4100.0,4110.0,4012.0,4092.6,25697525,4501.8,3683.4,4440.0,3288.1,4059.5,6,1,4059.3,536,3,4059.2,1,1,4059.1,48,3,4059.0,351,3,4059.6,50,3,4059.7,25,1,4060.0,340,9,4060.1,40,1,4060.3,51,2
11483,2026-07-02 15:02:36+05:30,4059.6,4,4036.7,2142963,167382.0,158780.0,4100.0,4110.0,4012.0,4092.6,25697525,4501.8,3683.4,4440.0,3288.1,4059.5,365,3,4059.3,179,2,4059.2,176,2,4059.1,48,3,4059.0,176,2,4059.6,180,6,4059.7,25,1,4060.0,340,9,4060.1,40,1,4060.2,87,2
11483,2026-07-02 15:02:36+05:30,4060.0,37,4036.7,2142963,167382.0,158780.0,4100.0,4110.0,4012.0,4092.6,25697525,4501.8,3683.4,4440.0,3288.1,4059.5,365,3,4059.3,179,2,4059.2,176,2,4059.1,48,3,4059.0,176,2,4059.6,180,6,4059.7,25,1,4060.0,340,9,4060.1,40,1,4060.2,87,2
11483,2026-07-02 15:02:37+05:30,4059.5,5,4036.7,2143434,167558.0,157883.0,4100.0,4110.0,4012.0,4092.6,25697525,4501.8,3683.4,4440.0,3288.1,4059.5,544,6,4059.2,176,2,4059.1,48,3,4059.0,262,3,4058.9,11,1,4059.6,12,1,4060.0,226,8,4060.1,40,1,4060.2,63,1,4060.3,51,2
11483,2026-07-02 15:02:37+05:30,4059.6,66,4036.7,2143434,167558.0,157883.0,4100.0,4110.0,4012.0,4092.6,25697525,4501.8,3683.4,4440.0,3288.1,4059.5,544,6,4059.2,176,2,4059.1,48,3,4059.0,262,3,4058.9,11,1,4059.6,12,1,4060.0,226,8,4060.1,40,1,4060.2,63,1,4060.3,51,2
11483,2026-07-02 15:02:38+05:30,4059.6,5,4036.7,2143505,168151.0,157959.0,4100.0,4110.0,4012.0,4092.6,25697525,4501.8,3683.4,4440.0,3288.1,4059.5,571,7,4059.3,8,1,4059.2,176,2,4059.1,59,4,4059.0,262,3,4059.6,18,2,4060.0,198,7,4060.1,40,1,4060.2,63,1,4060.3,51,2
11483,2026-07-02 15:02:38+05:30,4059.5,1,4036.7,2143505,168151.0,157959.0,4100.0,4110.0,4012.0,4092.6,25697525,4501.8,3683.4,4440.0,3288.1,4059.5,571,7,4059.3,8,1,4059.2,176,2,4059.1,59,4,4059.0,262,3,4059.6,18,2,4060.0,198,7,4060.1,40,1,4060.2,63,1,4060.3,51,2
11483,2026-07-02 15:02:39+05:30,4059.5,1,4036.7,2143505,168151.0,157959.0,4100.0,4110.0,4012.0,4092.6,25697525,4501.8,3683.4,4440.0,3288.1,4059.5,571,7,4059.3,8,1,4059.2,176,2,4059.1,59,4,4059.0,262,3,4059.6,18,2,4060.0,198,7,4060.1,40,1,4060.2,63,1,4060.3,51,2
11483,2026-07-02 15:02:39+05:30,4059.6,1,4036.7,2143507,168048.0,158406.0,4100.0,4110.0,4012.0,4092.6,25697525,4501.8,3683.4,4440.0,3288.1,4059.5,583,7,4059.3,8,1,4059.2,176,2,4059.1,59,4,4059.0,188,3,4059.6,39,5,4060.0,501,9,4060.1,40,1,4060.2,63,1,4060.3,51,2
11483,2026-07-02 15:02:39+05:30,4059.6,1,4036.7,2143507,168048.0,158406.0,4100.0,4110.0,4012.0,4092.6,25697525,4501.8,3683.4,4440.0,3288.1,4059.5,583,7,4059.3,8,1,4059.2,176,2,4059.1,59,4,4059.0,188,3,4059.6,39,5,4060.0,501,9,4060.1,40,1,4060.2,63,1,4060.3,51,2
11483,2026-07-02 15:02:39+05:30,4059.6,1,4036.7,2143507,168048.0,158406.0,4100.0,4110.0,4012.0,4092.6,25697525,4501.8,3683.4,4440.0,3288.1,4059.5,583,7,4059.3,8,1,4059.2,176,2,4059.1,59,4,4059.0,188,3,4059.6,39,5,4060.0,501,9,4060.1,40,1,4060.2,63,1,4060.3,51,2
11483,2026-07-02 15:02:39+05:30,4059.6,1,4036.7,2143507,168048.0,158406.0,4100.0,4110.0,4012.0,4092.6,25697525,4501.8,3683.4,4440.0,3288.1,4059.5,583,7,4059.3,8,1,4059.2,176,2,4059.1,59,4,4059.0,188,3,4059.6,39,5,4060.0,501,9,4060.1,40,1,4060.2,63,1,4060.3,51,2
11483,2026-07-02 15:02:40+05:30,4059.6,1,4036.7,2143584,167892.0,158532.0,4100.0,4110.0,4012.0,4092.6,25697525,4501.8,3683.4,4440.0,3288.1,4059.7,358,2,4059.6,127,1,4059.5,35,4,4059.3,8,1,4059.2,176,2,4060.0,542,12,4060.1,64,2,4060.2,63,1,4060.3,51,2,4060.4,328,4
11483,2026-07-02 15:02:40+05:30,4059.6,1,4036.7,2143584,167892.0,158532.0,4100.0,4110.0,4012.0,4092.6,25697525,4501.8,3683.4,4440.0,3288.1,4059.7,358,2,4059.6,127,1,4059.5,35,4,4059.3,8,1,4059.2,176,2,4060.0,542,12,4060.1,64,2,4060.2,63,1,4060.3,51,2,4060.4,328,4
11483,2026-07-02 15:02:40+05:30,4059.7,24,4036.7,2143584,167892.0,158532.0,4100.0,4110.0,4012.0,4092.6,25697525,4501.8,3683.4,4440.0,3288.1,4059.7,358,2,4059.6,127,1,4059.5,35,4,4059.3,8,1,4059.2,176,2,4060.0,542,12,4060.1,64,2,4060.2,63,1,4060.3,51,2,4060.4,328,4
11483,2026-07-02 15:02:41+05:30,4059.7,24,4036.7,2143584,167892.0,158532.0,4100.0,4110.0,4012.0,4092.6,25697525,4501.8,3683.4,4440.0,3288.1,4059.7,358,2,4059.6,127,1,4059.5,35,4,4059.3,8,1,4059.2,176,2,4060.0,542,12,4060.1,64,2,4060.2,63,1,4060.3,51,2,4060.4,328,4
11483,2026-07-02 15:02:41+05:30,4059.6,127,4036.71,2144078,166605.0,159172.0,4100.0,4110.0,4012.0,4092.6,25697525,4501.8,3683.4,4440.0,3288.1,4059.5,31,3,4059.3,8,1,4059.2,176,2,4059.1,71,5,4059.0,178,3,4059.7,55,4,4059.9,44,2,4060.0,535,13,4060.1,64,3,4060.2,119,4
11483,2026-07-02 15:02:41+05:30,4059.6,127,4036.71,2144078,166605.0,159172.0,4100.0,4110.0,4012.0,4092.6,25697525,4501.8,3683.4,4440.0,3288.1,4059.5,31,3,4059.3,8,1,4059.2,176,2,4059.1,71,5,4059.0,178,3,4059.7,55,4,4059.9,44,2,4060.0,535,13,4060.1,64,3,4060.2,119,4
11483,2026-07-02 15:02:41+05:30,4059.6,127,4036.71,2144078,166605.0,159172.0,4100.0,4110.0,4012.0,4092.6,25697525,4501.8,3683.4,4440.0,3288.1,4059.5,31,3,4059.3,8,1,4059.2,176,2,4059.1,71,5,4059.0,178,3,4059.7,55,4,4059.9,44,2,4060.0,535,13,4060.1,64,3,4060.2,119,4
11483,2026-07-02 15:02:42+05:30,4059.6,127,4036.71,2144078,166605.0,159172.0,4100.0,4110.0,4012.0,4092.6,25697525,4501.8,3683.4,4440.0,3288.1,4059.5,31,3,4059.3,8,1,4059.2,176,2,4059.1,71,5,4059.0,178,3,4059.7,55,4,4059.9,44,2,4060.0,535,13,4060.1,64,3,4060.2,119,4
11483,2026-07-02 15:02:42+05:30,4059.5,5,4036.71,2144213,167194.0,159360.0,4100.0,4110.0,4012.0,4092.6,25697525,4501.8,3683.4,4440.0,3288.1,4059.5,5,1,4059.4,19,1,4059.3,8,1,4059.2,186,2,4059.1,52,2,4059.9,58,3,4060.0,578,13,4060.1,53,2,4060.2,123,4,4060.3,79,4
11483,2026-07-02 15:02:42+05:30,4059.5,5,4036.71,2144213,167194.0,159360.0,4100.0,4110.0,4012.0,4092.6,25697525,4501.8,3683.4,4440.0,3288.1,4059.5,5,1,4059.4,19,1,4059.3,8,1,4059.2,186,2,4059.1,52,2,4059.9,58,3,4060.0,578,13,4060.1,53,2,4060.2,123,4,4060.3,79,4
11483,2026-07-02 15:02:42+05:30,4059.5,5,4036.71,2144213,167194.0,159360.0,4100.0,4110.0,4012.0,4092.6,25697525,4501.8,3683.4,4440.0,3288.1,4059.5,5,1,4059.4,19,1,4059.3,8,1,4059.2,186,2,4059.1,52,2,4059.9,58,3,4060.0,578,13,4060.1,53,2,4060.2,123,4,4060.3,79,4
11483,2026-07-02 15:02:42+05:30,4059.5,5,4036.71,2144213,167194.0,159360.0,4100.0,4110.0,4012.0,4092.6,25697525,4501.8,3683.4,4440.0,3288.1,4059.5,5,1,4059.4,19,1,4059.3,8,1,4059.2,186,2,4059.1,52,2,4059.9,58,3,4060.0,578,13,4060.1,53,2,4060.2,123,4,4060.3,79,4
11483,2026-07-02 15:02:43+05:30,4059.5,5,4036.71,2144213,167194.0,159360.0,4100.0,4110.0,4012.0,4092.6,25699100,4501.8,3683.4,4440.0,3288.1,4059.5,5,1,4059.4,19,1,4059.3,8,1,4059.2,186,2,4059.1,52,2,4059.9,58,3,4060.0,578,13,4060.1,53,2,4060.2,123,4,4060.3,79,4
11483,2026-07-02 15:02:43+05:30,4059.9,4,4036.71,2144232,167309.0,158968.0,4100.0,4110.0,4012.0,4092.6,25699100,4501.8,3683.4,4440.0,3288.1,4059.5,24,2,4059.4,16,4,4059.3,8,1,4059.2,175,1,4059.1,52,2,4059.9,34,4,4060.0,576,12,4060.1,40,1,4060.2,95,3,4060.3,67,3
11483,2026-07-02 15:02:43+05:30,4059.9,4,4036.71,2144232,167309.0,158968.0,4100.0,4110.0,4012.0,4092.6,25699100,4501.8,3683.4,4440.0,3288.1,4059.5,24,2,4059.4,16,4,4059.3,8,1,4059.2,175,1,4059.1,52,2,4059.9,34,4,4060.0,576,12,4060.1,40,1,4060.2,95,3,4060.3,67,3
11483,2026-07-02 15:02:43+05:30,4059.9,4,4036.71,2144232,167309.0,158968.0,4100.0,4110.0,4012.0,4092.6,25699100,4501.8,3683.4,4440.0,3288.1,4059.5,24,2,4059.4,16,4,4059.3,8,1,4059.2,175,1,4059.1,52,2,4059.9,34,4,4060.0,576,12,4060.1,40,1,4060.2,95,3,4060.3,67,3
11483,2026-07-02 15:02:43+05:30,4059.9,4,4036.71,2144232,167309.0,158968.0,4100.0,4110.0,4012.0,4092.6,25699100,4501.8,3683.4,4440.0,3288.1,4059.5,24,2,4059.4,16,4,4059.3,8,1,4059.2,175,1,4059.1,52,2,4059.9,34,4,4060.0,576,12,4060.1,40,1,4060.2,95,3,4060.3,67,3
11483,2026-07-02 15:02:44+05:30,4059.9,4,4036.71,2144232,167309.0,158968.0,4100.0,4110.0,4012.0,4092.6,25699100,4501.8,3683.4,4440.0,3288.1,4059.5,24,2,4059.4,16,4,4059.3,8,1,4059.2,175,1,4059.1,52,2,4059.9,34,4,4060.0,576,12,4060.1,40,1,4060.2,95,3,4060.3,67,3
11483,2026-07-02 15:02:44+05:30,4059.9,4,4036.71,2144232,167191.0,159262.0,4100.0,4110.0,4012.0,4092.6,25699100,4501.8,3683.4,4440.0,3288.1,4059.6,2,1,4059.5,24,2,4059.4,16,5,4059.3,8,1,4059.2,175,1,4059.9,166,9,4060.0,523,11,4060.1,40,1,4060.2,82,2,4060.3,67,3
11483,2026-07-02 15:02:44+05:30,4059.9,4,4036.71,2144232,167191.0,159262.0,4100.0,4110.0,4012.0,4092.6,25699100,4501.8,3683.4,4440.0,3288.1,4059.6,2,1,4059.5,24,2,4059.4,16,5,4059.3,8,1,4059.2,175,1,4059.9,166,9,4060.0,523,11,4060.1,40,1,4060.2,82,2,4060.3,67,3
11483,2026-07-02 15:02:45+05:30,4059.9,4,4036.71,2144232,167191.0,159262.0,4100.0,4110.0,4012.0,4092.6,25699100,4501.8,3683.4,4440.0,3288.1,4059.6,2,1,4059.5,24,2,4059.4,16,5,4059.3,8,1,4059.2,175,1,4059.9,166,9,4060.0,523,11,4060.1,40,1,4060.2,82,2,4060.3,67,3
11483,2026-07-02 15:02:45+05:30,4060.0,28,4036.71,2144412,167268.0,159182.0,4100.0,4110.0,4012.0,4092.6,25699100,4501.8,3683.4,4440.0,3288.1,4059.6,2,1,4059.5,27,4,4059.4,13,3,4059.3,8,1,4059.2,175,1,4059.9,20,2,4060.0,495,11,4060.1,40,1,4060.2,63,1,4060.3,51,2
11483,2026-07-02 15:02:45+05:30,4059.9,3,4036.71,2144412,167268.0,159182.0,4100.0,4110.0,4012.0,4092.6,25699100,4501.8,3683.4,4440.0,3288.1,4059.6,2,1,4059.5,27,4,4059.4,13,3,4059.3,8,1,4059.2,175,1,4059.9,20,2,4060.0,495,11,4060.1,40,1,4060.2,63,1,4060.3,51,2
11483,2026-07-02 15:02:46+05:30,4060.0,25,4036.71,2144458,167358.0,159358.0,4100.0,4110.0,4012.0,4092.6,25699100,4501.8,3683.4,4440.0,3288.1,4059.6,7,3,4059.5,27,4,4059.4,13,3,4059.3,8,1,4059.2,175,1,4059.9,26,3,4060.0,470,11,4060.1,40,1,4060.2,63,1,4060.3,51,2
11483,2026-07-02 15:02:46+05:30,4060.0,25,4036.71,2144458,167358.0,159358.0,4100.0,4110.0,4012.0,4092.6,25699100,4501.8,3683.4,4440.0,3288.1,4059.6,7,3,4059.5,27,4,4059.4,13,3,4059.3,8,1,4059.2,175,1,4059.9,26,3,4060.0,470,11,4060.1,40,1,4060.2,63,1,4060.3,51,2
11483,2026-07-02 15:02:47+05:30,4059.9,1,4036.71,2144462,167554.0,159390.0,4100.0,4110.0,4012.0,4092.6,25699100,4501.8,3683.4,4440.0,3288.1,4059.6,15,7,4059.5,19,1,4059.4,13,3,4059.3,8,1,4059.2,175,1,4059.9,58,5,4060.0,470,11,4060.1,40,1,4060.2,63,1,4060.3,51,2
11483,2026-07-02 15:02:47+05:30,4059.9,1,4036.71,2144462,167554.0,159390.0,4100.0,4110.0,4012.0,4092.6,25699100,4501.8,3683.4,4440.0,3288.1,4059.6,15,7,4059.5,19,1,4059.4,13,3,4059.3,8,1,4059.2,175,1,4059.9,58,5,4060.0,470,11,4060.1,40,1,4060.2,63,1,4060.3,51,2
11483,2026-07-02 15:02:48+05:30,4060.0,39,4036.72,2144592,167526.0,158894.0,4100.0,4110.0,4012.0,4092.6,25699100,4501.8,3683.4,4440.0,3288.1,4059.6,19,8,4059.5,19,1,4059.4,13,3,4059.3,8,1,4059.2,175,1,4060.0,394,8,4060.1,40,1,4060.2,63,1,4060.3,65,3,4060.4,323,4
11483,2026-07-02 15:02:48+05:30,4059.6,1,4036.72,2144592,167526.0,158894.0,4100.0,4110.0,4012.0,4092.6,25699100,4501.8,3683.4,4440.0,3288.1,4059.6,19,8,4059.5,19,1,4059.4,13,3,4059.3,8,1,4059.2,175,1,4060.0,394,8,4060.1,40,1,4060.2,63,1,4060.3,65,3,4060.4,323,4
11483,2026-07-02 15:02:49+05:30,4059.6,1,4036.72,2144626,167514.0,158964.0,4100.0,4110.0,4012.0,4092.6,25699100,4501.8,3683.4,4440.0,3288.1,4059.6,22,6,4059.5,19,1,4059.4,2,2,4059.3,8,1,4059.2,175,1,4060.0,399,10,4060.1,40,1,4060.2,63,1,4060.3,65,3,4060.4,323,4
11483,2026-07-02 15:02:50+05:30,4059.6,1,4036.72,2144626,167387.0,159090.0,4100.0,4110.0,4012.0,4092.6,25699100,4501.8,3683.4,4440.0,3288.1,4059.6,10,5,4059.5,19,1,4059.4,15,3,4059.3,8,1,4059.2,175,1,4060.0,429,11,4060.1,40,1,4060.2,63,1,4060.3,65,3,4060.4,323,4
11483,2026-07-02 15:02:50+05:30,4059.6,1,4036.72,2144626,167387.0,159090.0,4100.0,4110.0,4012.0,4092.6,25699100,4501.8,3683.4,4440.0,3288.1,4059.6,10,5,4059.5,19,1,4059.4,15,3,4059.3,8,1,4059.2,175,1,4060.0,429,11,4060.1,40,1,4060.2,63,1,4060.3,65,3,4060.4,323,4
11483,2026-07-02 15:02:51+05:30,4060.0,2,4036.72,2144629,167563.0,159189.0,4100.0,4110.0,4012.0,4092.6,25699100,4501.8,3683.4,4440.0,3288.1,4059.6,13,6,4059.5,195,3,4059.4,15,3,4059.3,8,1,4059.2,175,1,4060.0,428,11,4060.1,40,1,4060.2,63,1,4060.3,65,3,4060.4,323,4
11483,2026-07-02 15:02:51+05:30,4060.0,2,4036.72,2144629,167563.0,159189.0,4100.0,4110.0,4012.0,4092.6,25699100,4501.8,3683.4,4440.0,3288.1,4059.6,13,6,4059.5,195,3,4059.4,15,3,4059.3,8,1,4059.2,175,1,4060.0,428,11,4060.1,40,1,4060.2,63,1,4060.3,65,3,4060.4,323,4
11483,2026-07-02 15:02:52+05:30,4059.9,9,4036.72,2144638,167566.0,159041.0,4100.0,4110.0,4012.0,4092.6,25699100,4501.8,3683.4,4440.0,3288.1,4059.6,28,8,4059.5,195,3,4059.4,2,2,4059.3,8,1,4059.2,175,1,4059.9,23,3,4060.0,446,11,4060.1,40,1,4060.2,63,1,4060.3,51,2
11483,2026-07-02 15:02:52+05:30,4059.9,2,4036.72,2144638,167566.0,159041.0,4100.0,4110.0,4012.0,4092.6,25699100,4501.8,3683.4,4440.0,3288.1,4059.6,28,8,4059.5,195,3,4059.4,2,2,4059.3,8,1,4059.2,175,1,4059.9,23,3,4060.0,446,11,4060.1,40,1,4060.2,63,1,4060.3,51,2
11483,2026-07-02 15:02:53+05:30,4059.6,4,4036.72,2144645,167877.0,159221.0,4100.0,4110.0,4012.0,4092.6,25699100,4501.8,3683.4,4440.0,3288.1,4059.6,15,7,4059.5,195,3,4059.4,15,3,4059.3,8,1,4059.2,175,1,4059.9,22,2,4060.0,448,12,4060.1,40,1,4060.2,63,1,4060.3,51,2
11483,2026-07-02 15:02:53+05:30,4059.6,4,4036.72,2144645,167877.0,159221.0,4100.0,4110.0,4012.0,4092.6,25699100,4501.8,3683.4,4440.0,3288.1,4059.6,15,7,4059.5,195,3,4059.4,15,3,4059.3,8,1,4059.2,175,1,4059.9,22,2,4060.0,448,12,4060.1,40,1,4060.2,63,1,4060.3,51,2
11483,2026-07-02 15:02:54+05:30,4059.6,1,4036.72,2144660,167881.0,157501.0,4100.0,4110.0,4012.0,4092.6,25699100,4501.8,3683.4,4440.0,3288.1,4059.6,24,7,4059.5,195,3,4059.4,2,2,4059.3,8,1,4059.2,175,1,4059.9,39,6,4060.0,443,10,4060.1,77,3,4060.2,63,1,4060.3,51,2
11483,2026-07-02 15:02:54+05:30,4059.6,1,4036.72,2144660,167881.0,157501.0,4100.0,4110.0,4012.0,4092.6,25699100,4501.8,3683.4,4440.0,3288.1,4059.6,24,7,4059.5,195,3,4059.4,2,2,4059.3,8,1,4059.2,175,1,4059.9,39,6,4060.0,443,10,4060.1,77,3,4060.2,63,1,4060.3,51,2
11483,2026-07-02 15:02:55+05:30,4059.6,1,4036.72,2144660,167882.0,157620.0,4100.0,4110.0,4012.0,4092.6,25699100,4501.8,3683.4,4440.0,3288.1,4059.6,14,7,4059.5,195,3,4059.4,13,3,4059.3,8,1,4059.2,175,1,4059.9,182,14,4060.0,384,7,4060.1,53,2,4060.2,102,3,4060.3,63,3
11483,2026-07-02 15:02:55+05:30,4059.5,10,4036.72,2144660,167882.0,157620.0,4100.0,4110.0,4012.0,4092.6,25699100,4501.8,3683.4,4440.0,3288.1,4059.6,14,7,4059.5,195,3,4059.4,13,3,4059.3,8,1,4059.2,175,1,4059.9,182,14,4060.0,384,7,4060.1,53,2,4060.2,102,3,4060.3,63,3
11483,2026-07-02 15:02:56+05:30,4059.9,1,4036.72,2144858,167495.0,157795.0,4100.0,4110.0,4012.0,4092.6,25699100,4501.8,3683.4,4440.0,3288.1,4059.6,3,1,4059.5,73,3,4059.4,13,3,4059.3,8,1,4059.2,175,1,4059.9,186,16,4060.0,424,8,4060.1,13,1,4060.2,97,3,4060.3,70,3
11483,2026-07-02 15:02:56+05:30,4059.9,1,4036.72,2144858,167495.0,157795.0,4100.0,4110.0,4012.0,4092.6,25699100,4501.8,3683.4,4440.0,3288.1,4059.6,3,1,4059.5,73,3,4059.4,13,3,4059.3,8,1,4059.2,175,1,4059.9,186,16,4060.0,424,8,4060.1,13,1,4060.2,97,3,4060.3,70,3
11483,2026-07-02 15:02:57+05:30,4059.6,2,4036.72,2144860,167323.0,157801.0,4100.0,4110.0,4012.0,4092.6,25699100,4501.8,3683.4,4440.0,3288.1,4059.6,3,2,4059.5,73,3,4059.4,13,3,4059.3,8,1,4059.2,175,1,4059.9,213,18,4060.0,424,8,4060.1,13,1,4060.2,102,3,4060.3,62,3
11483,2026-07-02 15:02:57+05:30,4059.6,2,4036.72,2144860,167323.0,157801.0,4100.0,4110.0,4012.0,4092.6,25699100,4501.8,3683.4,4440.0,3288.1,4059.6,3,2,4059.5,73,3,4059.4,13,3,4059.3,8,1,4059.2,175,1,4059.9,213,18,4060.0,424,8,4060.1,13,1,4060.2,102,3,4060.3,62,3
11483,2026-07-02 15:02:58+05:30,4059.9,1,4036.72,2145038,167495.0,157554.0,4100.0,4110.0,4012.0,4092.6,25699100,4501.8,3683.4,4440.0,3288.1,4059.6,2,1,4059.5,76,4,4059.4,13,3,4059.2,175,1,4059.1,52,2,4059.9,53,8,4060.0,448,9,4060.1,48,2,4060.2,102,3,4060.3,51,2
11483,2026-07-02 15:02:58+05:30,4059.9,1,4036.72,2145038,167495.0,157554.0,4100.0,4110.0,4012.0,4092.6,25699100,4501.8,3683.4,4440.0,3288.1,4059.6,2,1,4059.5,76,4,4059.4,13,3,4059.2,175,1,4059.1,52,2,4059.9,53,8,4060.0,448,9,4060.1,48,2,4060.2,102,3,4060.3,51,2
11483,2026-07-02 15:02:59+05:30,4058.9,65,4036.79,2152535,165672.0,157387.0,4100.0,4110.0,4012.0,4092.6,25699100,4501.8,3683.4,4440.0,3288.1,4058.6,289,4,4058.5,24,1,4058.4,48,2,4058.3,80,3,4058.1,43,2,4059.4,8,1,4059.9,65,7,4060.0,424,8,4060.1,13,1,4060.2,94,2
11483,2026-07-02 15:02:59+05:30,4059.4,8,4036.79,2152535,165672.0,157387.0,4100.0,4110.0,4012.0,4092.6,25699100,4501.8,3683.4,4440.0,3288.1,4058.6,289,4,4058.5,24,1,4058.4,48,2,4058.3,80,3,4058.1,43,2,4059.4,8,1,4059.9,65,7,4060.0,424,8,4060.1,13,1,4060.2,94,2
11483,2026-07-02 15:03:00+05:30,4059.6,20,4036.79,2152663,165714.0,158220.0,4100.0,4110.0,4012.0,4092.6,25699100,4501.8,3683.4,4440.0,3288.1,4059.4,124,3,4058.6,1,1,4058.4,35,1,4058.3,15,1,4058.2,2,1,4059.6,21,2,4059.7,24,1,4059.8,14,1,4059.9,22,6,4060.0,424,8
11483,2026-07-02 15:03:00+05:30,4059.6,3,4036.79,2152663,165714.0,158220.0,4100.0,4110.0,4012.0,4092.6,25699100,4501.8,3683.4,4440.0,3288.1,4059.4,124,3,4058.6,1,1,4058.4,35,1,4058.3,15,1,4058.2,2,1,4059.6,21,2,4059.7,24,1,4059.8,14,1,4059.9,22,6,4060.0,424,8
11483,2026-07-02 15:03:01+05:30,4059.6,1,4036.79,2152670,165605.0,158328.0,4100.0,4110.0,4012.0,4092.6,25699100,4501.8,3683.4,4440.0,3288.1,4059.4,131,5,4058.9,16,1,4058.3,15,1,4058.2,13,2,4058.1,19,1,4059.6,121,4,4059.9,21,5,4060.0,424,8,4060.1,27,3,4060.2,109,3
11483,2026-07-02 15:03:01+05:30,4059.6,1,4036.79,2152670,165605.0,158328.0,4100.0,4110.0,4012.0,4092.6,25699100,4501.8,3683.4,4440.0,3288.1,4059.4,131,5,4058.9,16,1,4058.3,15,1,4058.2,13,2,4058.1,19,1,4059.6,121,4,4059.9,21,5,4060.0,424,8,4060.1,27,3,4060.2,109,3
11483,2026-07-02 15:03:02+05:30,4059.4,2,4036.8,2152792,165679.0,158226.0,4100.0,4110.0,4012.0,4092.6,25699100,4501.8,3683.4,4440.0,3288.1,4059.4,76,5,4058.9,16,1,4058.3,107,2,4058.2,2,1,4058.1,19,1,4059.6,157,6,4059.9,47,6,4060.0,475,9,4060.1,37,2,4060.2,111,4
11483,2026-07-02 15:03:02+05:30,4059.4,2,4036.8,2152792,165679.0,158226.0,4100.0,4110.0,4012.0,4092.6,25699100,4501.8,3683.4,4440.0,3288.1,4059.4,76,5,4058.9,16,1,4058.3,107,2,4058.2,2,1,4058.1,19,1,4059.6,157,6,4059.9,47,6,4060.0,475,9,4060.1,37,2,4060.2,111,4
11483,2026-07-02 15:03:03+05:30,4059.6,1,4036.8,2152795,165877.0,158387.0,4100.0,4110.0,4012.0,4092.6,25699100,4501.8,3683.4,4440.0,3288.1,4059.5,2,1,4059.4,80,6,4059.2,27,1,4059.0,10,1,4058.9,28,2,4059.6,156,7,4059.9,17,4,4060.0,424,8,4060.1,6,1,4060.2,87,2
11483,2026-07-02 15:03:03+05:30,4059.6,1,4036.8,2152795,165877.0,158387.0,4100.0,4110.0,4012.0,4092.6,25699100,4501.8,3683.4,4440.0,3288.1,4059.5,2,1,4059.4,80,6,4059.2,27,1,4059.0,10,1,4058.9,28,2,4059.6,156,7,4059.9,17,4,4060.0,424,8,4060.1,6,1,4060.2,87,2
11483,2026-07-02 15:03:04+05:30,4059.6,4,4036.8,2152982,166146.0,158460.0,4100.0,4110.0,4012.0,4092.6,25699100,4501.8,3683.4,4440.0,3288.1,4059.4,74,3,4059.2,27,1,4059.0,10,1,4058.9,16,1,4058.4,24,1,4059.5,11,1,4059.6,22,2,4059.9,6,3,4060.0,444,10,4060.2,71,3
11483,2026-07-02 15:03:04+05:30,4059.6,4,4036.8,2152982,166146.0,158460.0,4100.0,4110.0,4012.0,4092.6,25699100,4501.8,3683.4,4440.0,3288.1,4059.4,74,3,4059.2,27,1,4059.0,10,1,4058.9,16,1,4058.4,24,1,4059.5,11,1,4059.6,22,2,4059.9,6,3,4060.0,444,10,4060.2,71,3
11483,2026-07-02 15:03:05+05:30,4059.4,50,4036.8,2153033,165980.0,158516.0,4100.0,4110.0,4012.0,4092.6,25699100,4501.8,3683.4,4440.0,3288.1,4059.4,24,4,4059.3,3,1,4059.2,28,2,4059.0,18,2,4058.9,16,1,4059.5,12,2,4059.6,12,1,4059.9,17,3,4060.0,444,10,4060.2,69,2
11483,2026-07-02 15:03:05+05:30,4059.4,50,4036.8,2153033,165980.0,158516.0,4100.0,4110.0,4012.0,4092.6,25699100,4501.8,3683.4,4440.0,3288.1,4059.4,24,4,4059.3,3,1,4059.2,28,2,4059.0,18,2,4058.9,16,1,4059.5,12,2,4059.6,12,1,4059.9,17,3,4060.0,444,10,4060.2,69,2
11483,2026-07-02 15:03:06+05:30,4059.4,1,4036.8,2153159,166087.0,158561.0,4100.0,4110.0,4012.0,4092.6,25699100,4501.8,3683.4,4440.0,3288.1,4059.4,65,1,4059.2,33,3,4059.0,18,2,4058.9,16,1,4058.8,12,1,4059.5,7,3,4059.6,12,1,4059.9,5,2,4060.0,444,10,4060.1,51,1
11483,2026-07-02 15:03:06+05:30,4059.4,1,4036.8,2153159,166087.0,158561.0,4100.0,4110.0,4012.0,4092.6,25699100,4501.8,3683.4,4440.0,3288.1,4059.4,65,1,4059.2,33,3,4059.0,18,2,4058.9,16,1,4058.8,12,1,4059.5,7,3,4059.6,12,1,4059.9,5,2,4060.0,444,10,4060.1,51,1
11483,2026-07-02 15:03:07+05:30,4059.5,46,4036.8,2153218,166067.0,158012.0,4100.0,4110.0,4012.0,4092.6,25699100,4501.8,3683.4,4440.0,3288.1,4059.5,7,1,4059.4,63,3,4059.2,33,3,4059.0,18,2,4058.9,16,1,4059.6,12,1,4059.9,26,3,4060.0,444,10,4060.2,69,2,4060.3,53,3
11483,2026-07-02 15:03:07+05:30,4059.5,13,4036.8,2153218,166067.0,158012.0,4100.0,4110.0,4012.0,4092.6,25699100,4501.8,3683.4,4440.0,3288.1,4059.5,7,1,4059.4,63,3,4059.2,33,3,4059.0,18,2,4058.9,16,1,4059.6,12,1,4059.9,26,3,4060.0,444,10,4060.2,69,2,4060.3,53,3
11483,2026-07-02 15:03:08+05:30,4059.4,69,4036.8,2153363,166188.0,158262.0,4100.0,4110.0,4012.0,4092.6,25699100,4501.8,3683.4,4440.0,3288.1,4059.4,66,1,4059.2,28,2,4059.0,10,1,4058.9,16,1,4058.6,19,1,4059.5,31,1,4059.6,12,1,4059.9,14,2,4060.0,444,10,4060.1,6,1
11483,2026-07-02 15:03:08+05:30,4059.4,69,4036.8,2153363,166188.0,158262.0,4100.0,4110.0,4012.0,4092.6,25699100,4501.8,3683.4,4440.0,3288.1,4059.4,66,1,4059.2,28,2,4059.0,10,1,4058.9,16,1,4058.6,19,1,4059.5,31,1,4059.6,12,1,4059.9,14,2,4060.0,444,10,4060.1,6,1
11483,2026-07-02 15:03:09+05:30,4059.4,10,4036.8,2153685,165889.0,158731.0,4100.0,4110.0,4012.0,4092.6,25699100,4501.8,3683.4,4440.0,3288.1,4059.2,28,2,4059.0,10,1,4058.9,16,1,4058.6,19,1,4058.5,20,2,4059.4,196,1,4059.5,38,4,4059.6,12,1,4059.8,22,2,4059.9,89,4
11483,2026-07-02 15:03:09+05:30,4059.4,10,4036.8,2153685,165889.0,158731.0,4100.0,4110.0,4012.0,4092.6,25699100,4501.8,3683.4,4440.0,3288.1,4059.2,28,2,4059.0,10,1,4058.9,16,1,4058.6,19,1,4058.5,20,2,4059.4,196,1,4059.5,38,4,4059.6,12,1,4059.8,22,2,4059.9,89,4
11483,2026-07-02 15:03:10+05:30,4057.6,1,4036.84,2157935,161510.0,159085.0,4100.0,4110.0,4012.0,4092.6,25699100,4501.8,3683.4,4440.0,3288.1,4057.6,174,1,4057.4,219,3,4057.3,39,1,4057.2,21,1,4057.0,22,1,4058.7,17,1,4058.8,50,3,4058.9,25,1,4059.0,42,2,4059.1,81,3
11483,2026-07-02 15:03:10+05:30,4057.6,1,4036.84,2157935,161510.0,159085.0,4100.0,4110.0,4012.0,4092.6,25699100,4501.8,3683.4,4440.0,3288.1,4057.6,174,1,4057.4,219,3,4057.3,39,1,4057.2,21,1,4057.0,22,1,4058.7,17,1,4058.8,50,3,4058.9,25,1,4059.0,42,2,4059.1,81,3
11483,2026-07-02 15:03:11+05:30,4057.6,10,4036.84,2157949,162335.0,159407.0,4100.0,4110.0,4012.0,4092.6,25699100,4501.8,3683.4,4440.0,3288.1,4057.6,240,5,4057.4,219,3,4057.3,39,1,4057.2,21,1,4057.0,22,1,4058.7,71,3,4058.8,17,1,4058.9,343,4,4059.0,52,3,4059.1,47,3
11483,2026-07-02 15:03:11+05:30,4057.6,10,4036.84,2157949,162335.0,159407.0,4100.0,4110.0,4012.0,4092.6,25699100,4501.8,3683.4,4440.0,3288.1,4057.6,240,5,4057.4,219,3,4057.3,39,1,4057.2,21,1,4057.0,22,1,4058.7,71,3,4058.8,17,1,4058.9,343,4,4059.0,52,3,4059.1,47,3
11483,2026-07-02 15:03:12+05:30,4057.6,1,4036.84,2157950,162264.0,159397.0,4100.0,4110.0,4012.0,4092.6,25699100,4501.8,3683.4,4440.0,3288.1,4057.8,2,1,4057.6,240,6,4057.4,230,4,4057.2,21,1,4057.0,22,1,4058.7,267,6,4058.8,17,1,4058.9,343,4,4059.0,52,3,4059.1,47,3
11483,2026-07-02 15:03:12+05:30,4057.6,1,4036.84,2157950,162264.0,159397.0,4100.0,4110.0,4012.0,4092.6,25699100,4501.8,3683.4,4440.0,3288.1,4057.8,2,1,4057.6,240,6,4057.4,230,4,4057.2,21,1,4057.0,22,1,4058.7,267,6,4058.8,17,1,4058.9,343,4,4059.0,52,3,4059.1,47,3
11483,2026-07-02 15:03:13+05:30,4058.7,7,4036.84,2158000,162367.0,159538.0,4100.0,4110.0,4012.0,4092.6,25699100,4501.8,3683.4,4440.0,3288.1,4057.8,2,1,4057.6,240,6,4057.4,230,4,4057.2,21,1,4057.0,22,1,4058.7,30,4,4058.8,17,1,4058.9,343,4,4059.0,52,3,4059.1,47,3
11483,2026-07-02 15:03:13+05:30,4058.7,7,4036.84,2158000,162367.0,159538.0,4100.0,4110.0,4012.0,4092.6,25699100,4501.8,3683.4,4440.0,3288.1,4057.8,2,1,4057.6,240,6,4057.4,230,4,4057.2,21,1,4057.0,22,1,4058.7,30,4,4058.8,17,1,4058.9,343,4,4059.0,52,3,4059.1,47,3
11483,2026-07-02 15:03:14+05:30,4058.1,1,4036.85,2158300,163140.0,159273.0,4100.0,4110.0,4012.0,4092.6,25699100,4501.8,3683.4,4440.0,3288.1,4058.1,19,1,4058.0,15,1,4057.8,68,6,4057.7,16,1,4057.6,51,2,4058.7,13,2,4058.9,30,1,4059.0,10,1,4059.3,10,1,4059.4,48,2
11483,2026-07-02 15:03:14+05:30,4058.7,3,4036.85,2158300,163140.0,159273.0,4100.0,4110.0,4012.0,4092.6,25699100,4501.8,3683.4,4440.0,3288.1,4058.1,19,1,4058.0,15,1,4057.8,68,6,4057.7,16,1,4057.6,51,2,4058.7,13,2,4058.9,30,1,4059.0,10,1,4059.3,10,1,4059.4,48,2
11483,2026-07-02 15:03:15+05:30,4058.1,1,4036.85,2158304,164049.0,159347.0,4100.0,4110.0,4012.0,4092.6,25699100,4501.8,3683.4,4440.0,3288.1,4058.1,22,3,4058.0,15,1,4057.9,18,1,4057.8,72,7,4057.7,16,1,4058.7,2,1,4058.9,30,1,4059.0,20,2,4059.3,2,1,4059.4,55,1
11483,2026-07-02 15:03:15+05:30,4058.1,1,4036.85,2158304,164049.0,159347.0,4100.0,4110.0,4012.0,4092.6,25699100,4501.8,3683.4,4440.0,3288.1,4058.1,22,3,4058.0,15,1,4057.9,18,1,4057.8,72,7,4057.7,16,1,4058.7,2,1,4058.9,30,1,4059.0,20,2,4059.3,2,1,4059.4,55,1
11483,2026-07-02 15:03:16+05:30,4057.6,31,4036.85,2158624,164233.0,158911.0,4100.0,4110.0,4012.0,4092.6,25699100,4501.8,3683.4,4440.0,3288.1,4057.8,39,3,4057.7,73,5,4057.6,181,4,4057.5,91,3,4057.4,52,3,4058.7,44,2,4058.9,57,2,4059.0,20,2,4059.1,15,1,4059.2,52,1
11483,2026-07-02 15:03:16+05:30,4057.6,31,4036.85,2158624,164233.0,158911.0,4100.0,4110.0,4012.0,4092.6,25699100,4501.8,3683.4,4440.0,3288.1,4057.8,39,3,4057.7,73,5,4057.6,181,4,4057.5,91,3,4057.4,52,3,4058.7,44,2,4058.9,57,2,4059.0,20,2,4059.1,15,1,4059.2,52,1
11483,2026-07-02 15:03:17+05:30,4057.6,31,4036.85,2158624,164193.0,158943.0,4100.0,4110.0,4012.0,4092.6,25699100,4501.8,3683.4,4440.0,3288.1,4057.9,37,5,4057.8,67,4,4057.7,30,3,4057.6,181,4,4057.5,45,2,4058.7,50,4,4058.9,57,2,4059.0,20,2,4059.2,52,1,4059.4,8,2
11483,2026-07-02 15:03:18+05:30,4057.9,2,4036.85,2158651,164215.0,158668.0,4100.0,4110.0,4012.0,4092.6,25699100,4501.8,3683.4,4440.0,3288.1,4057.9,99,8,4057.8,1,1,4057.7,47,4,4057.6,199,5,4057.5,56,3,4058.7,45,3,4058.9,57,2,4059.0,20,2,4059.1,17,1,4059.2,52,1
11483,2026-07-02 15:03:18+05:30,4057.9,2,4036.85,2158651,164215.0,158668.0,4100.0,4110.0,4012.0,4092.6,25699100,4501.8,3683.4,4440.0,3288.1,4057.9,99,8,4057.8,1,1,4057.7,47,4,4057.6,199,5,4057.5,56,3,4058.7,45,3,4058.9,57,2,4059.0,20,2,4059.1,17,1,4059.2,52,1
11483,2026-07-02 15:03:19+05:30,4058.7,1,4036.85,2158652,164370.0,158675.0,4100.0,4110.0,4012.0,4092.6,25699100,4501.8,3683.4,4440.0,3288.1,4058.0,195,5,4057.9,21,6,4057.8,3,2,4057.7,31,3,4057.6,199,5,4058.7,64,5,4058.9,57,2,4059.0,20,2,4059.4,2,1,4059.5,99,2
11483,2026-07-02 15:03:19+05:30,4058.7,1,4036.85,2158652,164370.0,158675.0,4100.0,4110.0,4012.0,4092.6,25699100,4501.8,3683.4,4440.0,3288.1,4058.0,195,5,4057.9,21,6,4057.8,3,2,4057.7,31,3,4057.6,199,5,4058.7,64,5,4058.9,57,2,4059.0,20,2,4059.4,2,1,4059.5,99,2
11483,2026-07-02 15:03:20+05:30,4058.0,4,4036.85,2158652,164370.0,158675.0,4100.0,4110.0,4012.0,4092.6,25699100,4501.8,3683.4,4440.0,3288.1,4058.0,195,5,4057.9,21,6,4057.8,3,2,4057.7,31,3,4057.6,199,5,4058.7,64,5,4058.9,57,2,4059.0,20,2,4059.4,2,1,4059.5,99,2
11483,2026-07-02 15:03:21+05:30,4058.0,10,4036.85,2158723,164237.0,158737.0,4100.0,4110.0,4012.0,4092.6,25699100,4501.8,3683.4,4440.0,3288.1,4058.0,158,7,4057.9,31,6,4057.8,27,3,4057.7,31,3,4057.6,197,4,4058.7,32,6,4058.9,57,2,4059.0,10,1,4059.1,20,1,4059.4,2,1
11483,2026-07-02 15:03:21+05:30,4058.9,27,4036.85,2158723,164237.0,158737.0,4100.0,4110.0,4012.0,4092.6,25699100,4501.8,3683.4,4440.0,3288.1,4058.0,158,7,4057.9,31,6,4057.8,27,3,4057.7,31,3,4057.6,197,4,4058.7,32,6,4058.9,57,2,4059.0,10,1,4059.1,20,1,4059.4,2,1
11483,2026-07-02 15:03:22+05:30,4058.9,27,4036.85,2158933,164430.0,158741.0,4100.0,4110.0,4012.0,4092.6,25699100,4501.8,3683.4,4440.0,3288.1,4058.1,83,5,4058.0,127,7,4057.9,18,5,4057.8,65,5,4057.7,45,3,4058.7,1,1,4058.9,73,1,4059.0,10,1,4059.1,20,1,4059.6,88,2
11483,2026-07-02 15:03:22+05:30,4058.1,15,4036.85,2158933,164430.0,158741.0,4100.0,4110.0,4012.0,4092.6,25699100,4501.8,3683.4,4440.0,3288.1,4058.1,83,5,4058.0,127,7,4057.9,18,5,4057.8,65,5,4057.7,45,3,4058.7,1,1,4058.9,73,1,4059.0,10,1,4059.1,20,1,4059.6,88,2
11483,2026-07-02 15:03:23+05:30,4058.1,15,4036.85,2159042,164312.0,159089.0,4100.0,4110.0,4012.0,4092.6,25699100,4501.8,3683.4,4440.0,3288.1,4058.1,4,1,4058.0,121,5,4057.9,18,5,4057.8,26,3,4057.7,29,2,4058.7,25,4,4058.9,73,1,4059.0,10,1,4059.2,63,3,4059.3,65,2
11483,2026-07-02 15:03:23+05:30,4058.0,15,4036.85,2159042,164312.0,159089.0,4100.0,4110.0,4012.0,4092.6,25699100,4501.8,3683.4,4440.0,3288.1,4058.1,4,1,4058.0,121,5,4057.9,18,5,4057.8,26,3,4057.7,29,2,4058.7,25,4,4058.9,73,1,4059.0,10,1,4059.2,63,3,4059.3,65,2
11483,2026-07-02 15:03:24+05:30,4058.7,1,4036.86,2159113,164003.0,159445.0,4100.0,4110.0,4012.0,4092.6,25699100,4501.8,3683.4,4440.0,3288.1,4058.5,52,1,4058.1,1,1,4058.0,67,5,4057.9,18,5,4057.8,26,3,4058.7,89,6,4058.9,104,2,4059.0,13,2,4059.1,14,1,4059.2,6,1
11483,2026-07-02 15:03:24+05:30,4058.5,6,4036.86,2159113,164003.0,159445.0,4100.0,4110.0,4012.0,4092.6,25699100,4501.8,3683.4,4440.0,3288.1,4058.5,52,1,4058.1,1,1,4058.0,67,5,4057.9,18,5,4057.8,26,3,4058.7,89,6,4058.9,104,2,4059.0,13,2,4059.1,14,1,4059.2,6,1
11483,2026-07-02 15:03:25+05:30,4058.5,6,4036.86,2159250,163946.0,159964.0,4100.0,4110.0,4012.0,4092.6,25699100,4501.8,3683.4,4440.0,3288.1,4058.5,23,1,4058.0,45,4,4057.9,1,1,4057.8,2,1,4057.6,3,2,4058.7,89,6,4058.8,90,2,4058.9,115,3,4059.0,143,7,4059.1,30,2
11483,2026-07-02 15:03:25+05:30,4058.0,15,4036.86,2159250,163946.0,159964.0,4100.0,4110.0,4012.0,4092.6,25699100,4501.8,3683.4,4440.0,3288.1,4058.5,23,1,4058.0,45,4,4057.9,1,1,4057.8,2,1,4057.6,3,2,4058.7,89,6,4058.8,90,2,4058.9,115,3,4059.0,143,7,4059.1,30,2
11483,2026-07-02 15:03:26+05:30,4058.0,15,4036.86,2159662,164259.0,159451.0,4100.0,4110.0,4012.0,4092.6,25699100,4501.8,3683.4,4440.0,3288.1,4058.0,90,4,4057.9,1,1,4057.8,2,1,4057.6,178,3,4057.4,23,2,4058.6,6,2,4058.7,186,10,4058.8,66,1,4058.9,114,3,4059.0,120,5
11483,2026-07-02 15:03:26+05:30,4058.0,15,4036.86,2159662,164259.0,159451.0,4100.0,4110.0,4012.0,4092.6,25699100,4501.8,3683.4,4440.0,3288.1,4058.0,90,4,4057.9,1,1,4057.8,2,1,4057.6,178,3,4057.4,23,2,4058.6,6,2,4058.7,186,10,4058.8,66,1,4058.9,114,3,4059.0,120,5
11483,2026-07-02 15:03:27+05:30,4058.0,15,4036.86,2159701,164306.0,159559.0,4100.0,4110.0,4012.0,4092.6,25699100,4501.8,3683.4,4440.0,3288.1,4058.0,94,4,4057.9,2,2,4057.8,2,1,4057.6,178,3,4057.4,23,2,4058.5,2,2,4058.6,165,4,4058.7,23,7,4058.8,87,1,4058.9,283,6
11483,2026-07-02 15:03:27+05:30,4058.0,15,4036.86,2159701,164306.0,159559.0,4100.0,4110.0,4012.0,4092.6,25699100,4501.8,3683.4,4440.0,3288.1,4058.0,94,4,4057.9,2,2,4057.8,2,1,4057.6,178,3,4057.4,23,2,4058.5,2,2,4058.6,165,4,4058.7,23,7,4058.8,87,1,4058.9,283,6
11483,2026-07-02 15:03:28+05:30,4058.0,15,4036.86,2159734,164265.0,159905.0,4100.0,4110.0,4012.0,4092.6,25699100,4501.8,3683.4,4440.0,3288.1,4058.0,61,4,4057.9,2,2,4057.8,2,1,4057.6,178,3,4057.4,23,2,4058.4,17,1,4058.5,75,5,4058.6,185,3,4058.7,90,5,4058.8,39,1
11483,2026-07-02 15:03:28+05:30,4058.0,10,4036.86,2159734,164265.0,159905.0,4100.0,4110.0,4012.0,4092.6,25699100,4501.8,3683.4,4440.0,3288.1,4058.0,61,4,4057.9,2,2,4057.8,2,1,4057.6,178,3,4057.4,23,2,4058.4,17,1,4058.5,75,5,4058.6,185,3,4058.7,90,5,4058.8,39,1
11483,2026-07-02 15:03:29+05:30,4058.5,27,4036.87,2160666,165059.0,159741.0,4100.0,4110.0,4012.0,4092.6,25699100,4501.8,3683.4,4440.0,3288.1,4058.5,99,1,4058.0,37,4,4057.9,2,2,4057.8,2,1,4057.6,3,2,4058.7,91,4,4058.9,188,5,4059.0,25,3,4059.2,23,2,4059.3,84,2
11483,2026-07-02 15:03:29+05:30,4058.5,223,4036.87,2160666,165059.0,159741.0,4100.0,4110.0,4012.0,4092.6,25699100,4501.8,3683.4,4440.0,3288.1,4058.5,99,1,4058.0,37,4,4057.9,2,2,4057.8,2,1,4057.6,3,2,4058.7,91,4,4058.9,188,5,4059.0,25,3,4059.2,23,2,4059.3,84,2
11483,2026-07-02 15:03:30+05:30,4058.6,5,4036.88,2161136,164797.0,159977.0,4100.0,4110.0,4012.0,4092.6,25699100,4501.8,3683.4,4440.0,3288.1,4058.5,281,2,4058.0,35,4,4057.9,1,1,4057.8,2,1,4057.6,3,2,4058.6,47,1,4058.7,54,4,4058.8,79,1,4058.9,247,5,4059.0,25,3
11483,2026-07-02 15:03:30+05:30,4058.6,2,4036.88,2161136,164797.0,159977.0,4100.0,4110.0,4012.0,4092.6,25699100,4501.8,3683.4,4440.0,3288.1,4058.5,281,2,4058.0,35,4,4057.9,1,1,4057.8,2,1,4057.6,3,2,4058.6,47,1,4058.7,54,4,4058.8,79,1,4058.9,247,5,4059.0,25,3
11483,2026-07-02 15:03:31+05:30,4058.6,2,4036.88,2161425,165052.0,159986.0,4100.0,4110.0,4012.0,4092.6,25699100,4501.8,3683.4,4440.0,3288.1,4058.5,42,3,4058.0,35,4,4057.9,1,1,4057.8,2,1,4057.6,3,2,4058.6,89,4,4058.7,16,3,4058.8,87,2,4058.9,247,5,4059.0,48,5
11483,2026-07-02 15:03:32+05:30,4058.5,15,4036.88,2161442,165002.0,160477.0,4100.0,4110.0,4012.0,4092.6,25699100,4501.8,3683.4,4440.0,3288.1,4058.5,32,4,4058.0,35,4,4057.9,1,1,4057.8,2,1,4057.6,3,2,4058.6,66,4,4058.7,59,4,4058.8,87,2,4058.9,253,6,4059.0,13,2
11483,2026-07-02 15:03:32+05:30,4058.5,15,4036.88,2161442,165002.0,160477.0,4100.0,4110.0,4012.0,4092.6,25699100,4501.8,3683.4,4440.0,3288.1,4058.5,32,4,4058.0,35,4,4057.9,1,1,4057.8,2,1,4057.6,3,2,4058.6,66,4,4058.7,59,4,4058.8,87,2,4058.9,253,6,4059.0,13,2
11483,2026-07-02 15:03:33+05:30,4058.6,2,4036.88,2161447,165041.0,160120.0,4100.0,4110.0,4012.0,4092.6,25699100,4501.8,3683.4,4440.0,3288.1,4058.5,138,6,4058.4,3,1,4058.2,7,1,4058.0,5,3,4057.9,36,3,4058.6,61,2,4058.7,10,1,4058.8,120,2,4058.9,237,4,4059.0,13,2
11483,2026-07-02 15:03:33+05:30,4058.6,1,4036.88,2161447,165041.0,160120.0,4100.0,4110.0,4012.0,4092.6,25699100,4501.8,3683.4,4440.0,3288.1,4058.5,138,6,4058.4,3,1,4058.2,7,1,4058.0,5,3,4057.9,36,3,4058.6,61,2,4058.7,10,1,4058.8,120,2,4058.9,237,4,4059.0,13,2
11483,2026-07-02 15:03:34+05:30,4058.6,44,4036.88,2161512,165699.0,159926.0,4100.0,4110.0,4012.0,4092.6,25699100,4501.8,3683.4,4440.0,3288.1,4058.5,618,6,4058.4,3,1,4058.2,18,2,4058.1,195,3,4058.0,6,4,4058.6,21,4,4058.7,10,1,4058.8,120,2,4058.9,237,4,4059.0,13,2
11483,2026-07-02 15:03:34+05:30,4058.5,74,4036.88,2161512,165699.0,159926.0,4100.0,4110.0,4012.0,4092.6,25699100,4501.8,3683.4,4440.0,3288.1,4058.5,618,6,4058.4,3,1,4058.2,18,2,4058.1,195,3,4058.0,6,4,4058.6,21,4,4058.7,10,1,4058.8,120,2,4058.9,237,4,4059.0,13,2
11483,2026-07-02 15:03:35+05:30,4058.5,6,4036.88,2161798,165792.0,160134.0,4100.0,4110.0,4012.0,4092.6,25699100,4501.8,3683.4,4440.0,3288.1,4058.5,528,3,4058.2,11,1,4058.1,195,3,4058.0,6,4,4057.9,12,2,4058.6,77,1,4058.7,74,2,4058.8,41,1,4058.9,237,4,4059.0,13,2
11483,2026-07-02 15:03:35+05:30,4058.7,29,4036.88,2161798,165792.0,160134.0,4100.0,4110.0,4012.0,4092.6,25699100,4501.8,3683.4,4440.0,3288.1,4058.5,528,3,4058.2,11,1,4058.1,195,3,4058.0,6,4,4057.9,12,2,4058.6,77,1,4058.7,74,2,4058.8,41,1,4058.9,237,4,4059.0,13,2
11483,2026-07-02 15:03:36+05:30,4058.7,2,4036.89,2162170,165803.0,160211.0,4100.0,4110.0,4012.0,4092.6,25699100,4501.8,3683.4,4440.0,3288.1,4058.6,31,3,4058.5,494,1,4058.2,11,1,4058.1,195,3,4058.0,4,2,4058.7,86,2,4058.8,41,1,4058.9,237,4,4059.0,13,2,4059.5,2,1
11483,2026-07-02 15:03:36+05:30,4058.6,1,4036.89,2162170,165803.0,160211.0,4100.0,4110.0,4012.0,4092.6,25699100,4501.8,3683.4,4440.0,3288.1,4058.6,31,3,4058.5,494,1,4058.2,11,1,4058.1,195,3,4058.0,4,2,4058.7,86,2,4058.8,41,1,4058.9,237,4,4059.0,13,2,4059.5,2,1
11483,2026-07-02 15:03:37+05:30,4058.6,1,4036.89,2162230,166195.0,159735.0,4100.0,4110.0,4012.0,4092.6,25699100,4501.8,3683.4,4440.0,3288.1,4058.6,30,3,4058.5,688,3,4058.2,186,2,4058.1,20,2,4058.0,4,2,4058.7,98,3,4058.8,104,2,4058.9,174,3,4059.0,3,1,4059.7,171,3
11483,2026-07-02 15:03:37+05:30,4058.7,54,4036.89,2162230,166195.0,159735.0,4100.0,4110.0,4012.0,4092.6,25699100,4501.8,3683.4,4440.0,3288.1,4058.6,30,3,4058.5,688,3,4058.2,186,2,4058.1,20,2,4058.0,4,2,4058.7,98,3,4058.8,104,2,4058.9,174,3,4059.0,3,1,4059.7,171,3
11483,2026-07-02 15:03:38+05:30,4058.7,54,4036.89,2162297,166139.0,159639.0,4100.0,4110.0,4012.0,4092.6,25699100,4501.8,3683.4,4440.0,3288.1,4058.6,34,5,4058.5,688,3,4058.2,186,2,4058.1,30,3,4058.0,4,2,4058.7,98,4,4058.8,104,2,4058.9,174,3,4059.0,3,1,4059.7,147,2
11483,2026-07-02 15:03:38+05:30,4058.6,4,4036.89,2162297,166139.0,159639.0,4100.0,4110.0,4012.0,4092.6,25699100,4501.8,3683.4,4440.0,3288.1,4058.6,34,5,4058.5,688,3,4058.2,186,2,4058.1,30,3,4058.0,4,2,4058.7,98,4,4058.8,104,2,4058.9,174,3,4059.0,3,1,4059.7,147,2
11483,2026-07-02 15:03:39+05:30,4058.7,1,4036.89,2162308,166108.0,159918.0,4100.0,4110.0,4012.0,4092.6,25699100,4501.8,3683.4,4440.0,3288.1,4058.6,32,6,4058.5,688,3,4058.2,186,2,4058.1,20,2,4058.0,4,2,4058.7,100,5,4058.8,104,2,4058.9,174,3,4059.0,3,1,4059.7,147,2
11483,2026-07-02 15:03:39+05:30,4058.7,1,4036.89,2162308,166108.0,159918.0,4100.0,4110.0,4012.0,4092.6,25699100,4501.8,3683.4,4440.0,3288.1,4058.6,32,6,4058.5,688,3,4058.2,186,2,4058.1,20,2,4058.0,4,2,4058.7,100,5,4058.8,104,2,4058.9,174,3,4059.0,3,1,4059.7,147,2
11483,2026-07-02 15:03:39+05:30,4058.6,20,4036.89,2162308,166108.0,159918.0,4100.0,4110.0,4012.0,4092.6,25699100,4501.8,3683.4,4440.0,3288.1,4058.6,32,6,4058.5,688,3,4058.2,186,2,4058.1,20,2,4058.0,4,2,4058.7,100,5,4058.8,104,2,4058.9,174,3,4059.0,3,1,4059.7,147,2
11483,2026-07-02 15:03:40+05:30,4058.6,20,4036.89,2162308,166108.0,159918.0,4100.0,4110.0,4012.0,4092.6,25699100,4501.8,3683.4,4440.0,3288.1,4058.6,32,6,4058.5,688,3,4058.2,186,2,4058.1,20,2,4058.0,4,2,4058.7,100,5,4058.8,104,2,4058.9,174,3,4059.0,3,1,4059.7,147,2
11483,2026-07-02 15:03:40+05:30,4058.7,2,4036.89,2162417,166147.0,159524.0,4100.0,4110.0,4012.0,4092.6,25699100,4501.8,3683.4,4440.0,3288.1,4058.6,14,5,4058.5,759,5,4058.3,11,1,4058.2,186,2,4058.1,10,1,4058.7,153,5,4058.8,105,3,4058.9,174,3,4059.0,3,1,4059.7,147,2
11483,2026-07-02 15:03:40+05:30,4058.7,2,4036.89,2162417,166147.0,159524.0,4100.0,4110.0,4012.0,4092.6,25699100,4501.8,3683.4,4440.0,3288.1,4058.6,14,5,4058.5,759,5,4058.3,11,1,4058.2,186,2,4058.1,10,1,4058.7,153,5,4058.8,105,3,4058.9,174,3,4059.0,3,1,4059.7,147,2
11483,2026-07-02 15:03:40+05:30,4058.6,1,4036.89,2162417,166147.0,159524.0,4100.0,4110.0,4012.0,4092.6,25699100,4501.8,3683.4,4440.0,3288.1,4058.6,14,5,4058.5,759,5,4058.3,11,1,4058.2,186,2,4058.1,10,1,4058.7,153,5,4058.8,105,3,4058.9,174,3,4059.0,3,1,4059.7,147,2
11483,2026-07-02 15:03:41+05:30,4058.7,1,4036.89,2162438,166125.0,159528.0,4100.0,4110.0,4012.0,4092.6,25699100,4501.8,3683.4,4440.0,3288.1,4058.6,30,6,4058.5,759,5,4058.3,18,2,4058.2,186,2,4058.1,20,2,4058.7,157,6,4058.8,105,3,4058.9,174,3,4059.0,3,1,4059.7,144,2
11483,2026-07-02 15:03:41+05:30,4058.7,1,4036.89,2162438,166125.0,159528.0,4100.0,4110.0,4012.0,4092.6,25699100,4501.8,3683.4,4440.0,3288.1,4058.6,30,6,4058.5,759,5,4058.3,18,2,4058.2,186,2,4058.1,20,2,4058.7,157,6,4058.8,105,3,4058.9,174,3,4059.0,3,1,4059.7,144,2
11483,2026-07-02 15:03:41+05:30,4059.0,3,4036.89,2162438,166125.0,159528.0,4100.0,4110.0,4012.0,4092.6,25699100,4501.8,3683.4,4440.0,3288.1,4058.6,30,6,4058.5,759,5,4058.3,18,2,4058.2,186,2,4058.1,20,2,4058.7,157,6,4058.8,105,3,4058.9,174,3,4059.0,3,1,4059.7,144,2
11483,2026-07-02 15:03:41+05:30,4059.0,3,4036.89,2162438,166125.0,159528.0,4100.0,4110.0,4012.0,4092.6,25699100,4501.8,3683.4,4440.0,3288.1,4058.6,30,6,4058.5,759,5,4058.3,18,2,4058.2,186,2,4058.1,20,2,4058.7,157,6,4058.8,105,3,4058.9,174,3,4059.0,3,1,4059.7,144,2
11483,2026-07-02 15:03:42+05:30,4059.0,240,4036.91,2164242,165566.0,159054.0,4100.0,4110.0,4012.0,4092.6,25699100,4501.8,3683.4,4440.0,3288.1,4059.0,97,1,4058.7,2,1,4058.6,2,2,4058.5,71,2,4058.3,11,1,4059.7,6,1,4059.8,32,1,4059.9,103,6,4060.0,5330,22,4060.1,156,3
11483,2026-07-02 15:03:42+05:30,4059.0,240,4036.91,2164242,165566.0,159054.0,4100.0,4110.0,4012.0,4092.6,25699100,4501.8,3683.4,4440.0,3288.1,4059.0,97,1,4058.7,2,1,4058.6,2,2,4058.5,71,2,4058.3,11,1,4059.7,6,1,4059.8,32,1,4059.9,103,6,4060.0,5330,22,4060.1,156,3
11483,2026-07-02 15:03:42+05:30,4059.9,19,4036.91,2164242,165566.0,159054.0,4100.0,4110.0,4012.0,4092.6,25699100,4501.8,3683.4,4440.0,3288.1,4059.0,97,1,4058.7,2,1,4058.6,2,2,4058.5,71,2,4058.3,11,1,4059.7,6,1,4059.8,32,1,4059.9,103,6,4060.0,5330,22,4060.1,156,3
11483,2026-07-02 15:03:42+05:30,4059.9,19,4036.91,2164242,165566.0,159054.0,4100.0,4110.0,4012.0,4092.6,25699100,4501.8,3683.4,4440.0,3288.1,4059.0,97,1,4058.7,2,1,4058.6,2,2,4058.5,71,2,4058.3,11,1,4059.7,6,1,4059.8,32,1,4059.9,103,6,4060.0,5330,22,4060.1,156,3
11483,2026-07-02 15:03:43+05:30,4059.9,19,4036.91,2164242,165566.0,159054.0,4100.0,4110.0,4012.0,4092.6,25699100,4501.8,3683.4,4440.0,3288.1,4059.0,97,1,4058.7,2,1,4058.6,2,2,4058.5,71,2,4058.3,11,1,4059.7,6,1,4059.8,32,1,4059.9,103,6,4060.0,5330,22,4060.1,156,3
11483,2026-07-02 15:03:43+05:30,4059.9,19,4036.91,2164301,165637.0,159074.0,4100.0,4110.0,4012.0,4092.6,25699100,4501.8,3683.4,4440.0,3288.1,4059.0,103,3,4058.7,2,1,4058.6,1,1,4058.5,71,2,4058.3,11,1,4059.8,70,1,4059.9,142,6,4060.0,5065,22,4060.1,156,3,4060.2,32,1
11483,2026-07-02 15:03:43+05:30,4059.9,19,4036.91,2164301,165637.0,159074.0,4100.0,4110.0,4012.0,4092.6,25699100,4501.8,3683.4,4440.0,3288.1,4059.0,103,3,4058.7,2,1,4058.6,1,1,4058.5,71,2,4058.3,11,1,4059.8,70,1,4059.9,142,6,4060.0,5065,22,4060.1,156,3,4060.2,32,1
11483,2026-07-02 15:03:43+05:30,4059.9,19,4036.91,2164301,165637.0,159074.0,4100.0,4110.0,4012.0,4092.6,25702600,4501.8,3683.4,4440.0,3288.1,4059.0,103,3,4058.7,2,1,4058.6,1,1,4058.5,71,2,4058.3,11,1,4059.8,70,1,4059.9,142,6,4060.0,5065,22,4060.1,156,3,4060.2,32,1
11483,2026-07-02 15:03:43+05:30,4059.8,20,4036.91,2164301,165637.0,159074.0,4100.0,4110.0,4012.0,4092.6,25702600,4501.8,3683.4,4440.0,3288.1,4059.0,103,3,4058.7,2,1,4058.6,1,1,4058.5,71,2,4058.3,11,1,4059.8,70,1,4059.9,142,6,4060.0,5065,22,4060.1,156,3,4060.2,32,1
11483,2026-07-02 15:03:44+05:30,4059.8,20,4036.91,2164301,165637.0,159074.0,4100.0,4110.0,4012.0,4092.6,25702600,4501.8,3683.4,4440.0,3288.1,4059.0,103,3,4058.7,2,1,4058.6,1,1,4058.5,71,2,4058.3,11,1,4059.8,70,1,4059.9,142,6,4060.0,5065,22,4060.1,156,3,4060.2,32,1
11483,2026-07-02 15:03:44+05:30,4059.8,3,4036.91,2164363,165671.0,158881.0,4100.0,4110.0,4012.0,4092.6,25702600,4501.8,3683.4,4440.0,3288.1,4059.1,7,2,4059.0,116,5,4058.8,17,1,4058.7,2,1,4058.6,22,2,4059.8,12,3,4059.9,113,4,4060.0,5025,21,4060.1,78,1,4060.3,99,2
11483,2026-07-02 15:03:44+05:30,4059.8,3,4036.91,2164363,165671.0,158881.0,4100.0,4110.0,4012.0,4092.6,25702600,4501.8,3683.4,4440.0,3288.1,4059.1,7,2,4059.0,116,5,4058.8,17,1,4058.7,2,1,4058.6,22,2,4059.8,12,3,4059.9,113,4,4060.0,5025,21,4060.1,78,1,4060.3,99,2
11483,2026-07-02 15:03:44+05:30,4059.1,1,4036.91,2164363,165671.0,158881.0,4100.0,4110.0,4012.0,4092.6,25702600,4501.8,3683.4,4440.0,3288.1,4059.1,7,2,4059.0,116,5,4058.8,17,1,4058.7,2,1,4058.6,22,2,4059.8,12,3,4059.9,113,4,4060.0,5025,21,4060.1,78,1,4060.3,99,2
11483,2026-07-02 15:03:44+05:30,4059.1,1,4036.91,2164363,165671.0,158881.0,4100.0,4110.0,4012.0,4092.6,25702600,4501.8,3683.4,4440.0,3288.1,4059.1,7,2,4059.0,116,5,4058.8,17,1,4058.7,2,1,4058.6,22,2,4059.8,12,3,4059.9,113,4,4060.0,5025,21,4060.1,78,1,4060.3,99,2
11483,2026-07-02 15:03:45+05:30,4059.1,1,4036.91,2164363,165671.0,158881.0,4100.0,4110.0,4012.0,4092.6,25702600,4501.8,3683.4,4440.0,3288.1,4059.1,7,2,4059.0,116,5,4058.8,17,1,4058.7,2,1,4058.6,22,2,4059.8,12,3,4059.9,113,4,4060.0,5025,21,4060.1,78,1,4060.3,99,2
11483,2026-07-02 15:03:45+05:30,4059.0,50,4036.91,2164415,165587.0,158805.0,4100.0,4110.0,4012.0,4092.6,25702600,4501.8,3683.4,4440.0,3288.1,4059.0,71,6,4058.8,17,1,4058.7,2,1,4058.6,22,2,4058.5,71,2,4059.8,52,6,4059.9,113,4,4060.0,5026,22,4060.1,158,3,4060.2,42,2
11483,2026-07-02 15:03:45+05:30,4059.0,50,4036.91,2164415,165587.0,158805.0,4100.0,4110.0,4012.0,4092.6,25702600,4501.8,3683.4,4440.0,3288.1,4059.0,71,6,4058.8,17,1,4058.7,2,1,4058.6,22,2,4058.5,71,2,4059.8,52,6,4059.9,113,4,4060.0,5026,22,4060.1,158,3,4060.2,42,2
11483,2026-07-02 15:03:45+05:30,4059.8,3,4036.91,2164415,165587.0,158805.0,4100.0,4110.0,4012.0,4092.6,25702600,4501.8,3683.4,4440.0,3288.1,4059.0,71,6,4058.8,17,1,4058.7,2,1,4058.6,22,2,4058.5,71,2,4059.8,52,6,4059.9,113,4,4060.0,5026,22,4060.1,158,3,4060.2,42,2
11483,2026-07-02 15:03:45+05:30,4059.8,3,4036.91,2164415,165587.0,158805.0,4100.0,4110.0,4012.0,4092.6,25702600,4501.8,3683.4,4440.0,3288.1,4059.0,71,6,4058.8,17,1,4058.7,2,1,4058.6,22,2,4058.5,71,2,4059.8,52,6,4059.9,113,4,4060.0,5026,22,4060.1,158,3,4060.2,42,2
11483,2026-07-02 15:03:46+05:30,4059.5,5,4036.93,2166146,165605.0,158336.0,4100.0,4110.0,4012.0,4092.6,25702600,4501.8,3683.4,4440.0,3288.1,4059.5,8,3,4059.0,4,3,4058.7,2,1,4058.6,1,1,4058.5,71,2,4059.8,2,1,4060.0,4084,14,4060.1,32,2,4060.2,46,2,4060.3,185,4
11483,2026-07-02 15:03:46+05:30,4059.5,3,4036.93,2166146,165605.0,158336.0,4100.0,4110.0,4012.0,4092.6,25702600,4501.8,3683.4,4440.0,3288.1,4059.5,8,3,4059.0,4,3,4058.7,2,1,4058.6,1,1,4058.5,71,2,4059.8,2,1,4060.0,4084,14,4060.1,32,2,4060.2,46,2,4060.3,185,4
11483,2026-07-02 15:03:47+05:30,4059.5,1,4036.93,2166206,165816.0,158433.0,4100.0,4110.0,4012.0,4092.6,25702600,4501.8,3683.4,4440.0,3288.1,4059.5,1,1,4059.1,2,1,4059.0,2,1,4058.6,1,1,4058.5,71,2,4059.7,33,3,4059.8,42,5,4059.9,21,2,4060.0,4078,15,4060.1,64,2
11483,2026-07-02 15:03:47+05:30,4059.5,1,4036.93,2166206,165816.0,158433.0,4100.0,4110.0,4012.0,4092.6,25702600,4501.8,3683.4,4440.0,3288.1,4059.5,1,1,4059.1,2,1,4059.0,2,1,4058.6,1,1,4058.5,71,2,4059.7,33,3,4059.8,42,5,4059.9,21,2,4060.0,4078,15,4060.1,64,2
11483,2026-07-02 15:03:48+05:30,4059.5,3,4036.93,2166211,165655.0,158556.0,4100.0,4110.0,4012.0,4092.6,25702600,4501.8,3683.4,4440.0,3288.1,4059.1,2,1,4059.0,2,1,4058.6,20,2,4058.5,71,2,4058.4,23,1,4059.7,4,2,4059.8,59,2,4059.9,10,1,4060.0,4053,13,4060.1,38,1
11483,2026-07-02 15:03:48+05:30,4058.6,13,4036.93,2166211,165655.0,158556.0,4100.0,4110.0,4012.0,4092.6,25702600,4501.8,3683.4,4440.0,3288.1,4059.1,2,1,4059.0,2,1,4058.6,20,2,4058.5,71,2,4058.4,23,1,4059.7,4,2,4059.8,59,2,4059.9,10,1,4060.0,4053,13,4060.1,38,1
11483,2026-07-02 15:03:49+05:30,4059.7,13,4036.93,2166255,165752.0,159149.0,4100.0,4110.0,4012.0,4092.6,25702600,4501.8,3683.4,4440.0,3288.1,4058.7,39,3,4058.5,71,2,4058.4,3,1,4058.3,35,2,4058.2,11,1,4059.7,42,2,4059.8,59,2,4059.9,21,3,4060.0,4358,13,4060.1,51,2
11483,2026-07-02 15:03:49+05:30,4059.7,13,4036.93,2166255,165752.0,159149.0,4100.0,4110.0,4012.0,4092.6,25702600,4501.8,3683.4,4440.0,3288.1,4058.7,39,3,4058.5,71,2,4058.4,3,1,4058.3,35,2,4058.2,11,1,4059.7,42,2,4059.8,59,2,4059.9,21,3,4060.0,4358,13,4060.1,51,2
11483,2026-07-02 15:03:50+05:30,4059.7,20,4036.93,2166275,165519.0,159527.0,4100.0,4110.0,4012.0,4092.6,25702600,4501.8,3683.4,4440.0,3288.1,4058.7,16,3,4058.5,71,2,4058.4,3,1,4058.3,35,2,4058.2,11,1,4059.7,64,5,4059.8,88,3,4059.9,70,4,4060.0,4413,15,4060.1,61,4
11483,2026-07-02 15:03:50+05:30,4059.7,20,4036.93,2166275,165519.0,159527.0,4100.0,4110.0,4012.0,4092.6,25702600,4501.8,3683.4,4440.0,3288.1,4058.7,16,3,4058.5,71,2,4058.4,3,1,4058.3,35,2,4058.2,11,1,4059.7,64,5,4059.8,88,3,4059.9,70,4,4060.0,4413,15,4060.1,61,4
11483,2026-07-02 15:03:51+05:30,4059.7,1,4036.93,2166326,165543.0,159533.0,4100.0,4110.0,4012.0,4092.6,25702600,4501.8,3683.4,4440.0,3288.1,4058.7,6,1,4058.5,71,2,4058.4,3,1,4058.3,35,2,4058.2,186,2,4059.7,95,8,4059.8,63,2,4059.9,82,5,4060.0,4432,18,4060.1,61,4
11483,2026-07-02 15:03:51+05:30,4059.7,5,4036.93,2166326,165543.0,159533.0,4100.0,4110.0,4012.0,4092.6,25702600,4501.8,3683.4,4440.0,3288.1,4058.7,6,1,4058.5,71,2,4058.4,3,1,4058.3,35,2,4058.2,186,2,4059.7,95,8,4059.8,63,2,4059.9,82,5,4060.0,4432,18,4060.1,61,4
11483,2026-07-02 15:03:52+05:30,4058.7,3,4036.93,2166360,165669.0,159518.0,4100.0,4110.0,4012.0,4092.6,25702600,4501.8,3683.4,4440.0,3288.1,4058.7,4,2,4058.5,71,2,4058.3,11,1,4058.2,11,1,4058.1,60,2,4059.7,66,6,4059.8,79,4,4059.9,68,4,4060.0,4373,17,4060.1,61,4
11483,2026-07-02 15:03:52+05:30,4058.7,3,4036.93,2166360,165669.0,159518.0,4100.0,4110.0,4012.0,4092.6,25702600,4501.8,3683.4,4440.0,3288.1,4058.7,4,2,4058.5,71,2,4058.3,11,1,4058.2,11,1,4058.1,60,2,4059.7,66,6,4059.8,79,4,4059.9,68,4,4060.0,4373,17,4060.1,61,4
11483,2026-07-02 15:03:53+05:30,4058.7,3,4036.93,2166360,165514.0,159443.0,4100.0,4110.0,4012.0,4092.6,25702600,4501.8,3683.4,4440.0,3288.1,4058.7,5,3,4058.5,71,2,4058.3,11,1,4058.2,11,1,4058.1,60,2,4059.7,69,7,4059.8,79,4,4059.9,68,4,4060.0,4373,17,4060.1,61,4
11483,2026-07-02 15:03:54+05:30,4059.7,1,4036.93,2166363,165807.0,159071.0,4100.0,4110.0,4012.0,4092.6,25702600,4501.8,3683.4,4440.0,3288.1,4058.8,24,1,4058.7,10,7,4058.5,71,2,4058.3,35,2,4058.2,186,2,4059.7,33,4,4059.9,14,2,4060.0,4376,18,4060.1,51,2,4060.2,24,1
11483,2026-07-02 15:03:54+05:30,4059.7,1,4036.93,2166363,165807.0,159071.0,4100.0,4110.0,4012.0,4092.6,25702600,4501.8,3683.4,4440.0,3288.1,4058.8,24,1,4058.7,10,7,4058.5,71,2,4058.3,35,2,4058.2,186,2,4059.7,33,4,4059.9,14,2,4060.0,4376,18,4060.1,51,2,4060.2,24,1
11483,2026-07-02 15:03:55+05:30,4059.7,3,4036.93,2166486,166012.0,158873.0,4100.0,4110.0,4012.0,4092.6,25702600,4501.8,3683.4,4440.0,3288.1,4059.1,16,1,4059.0,24,2,4058.9,98,5,4058.8,37,3,4058.7,17,8,4059.7,161,6,4059.8,80,1,4059.9,86,3,4060.0,4386,19,4060.3,50,1
11483,2026-07-02 15:03:55+05:30,4059.0,30,4036.93,2166486,166012.0,158873.0,4100.0,4110.0,4012.0,4092.6,25702600,4501.8,3683.4,4440.0,3288.1,4059.1,16,1,4059.0,24,2,4058.9,98,5,4058.8,37,3,4058.7,17,8,4059.7,161,6,4059.8,80,1,4059.9,86,3,4060.0,4386,19,4060.3,50,1
11483,2026-07-02 15:03:56+05:30,4059.7,20,4036.93,2166600,165870.0,158979.0,4100.0,4110.0,4012.0,4092.6,25702600,4501.8,3683.4,4440.0,3288.1,4059.1,25,3,4059.0,42,3,4058.9,102,4,4058.8,25,2,4058.7,36,6,4059.7,105,5,4059.8,80,1,4059.9,86,3,4060.0,4386,19,4060.3,50,1
11483,2026-07-02 15:03:56+05:30,4059.0,4,4036.93,2166600,165870.0,158979.0,4100.0,4110.0,4012.0,4092.6,25702600,4501.8,3683.4,4440.0,3288.1,4059.1,25,3,4059.0,42,3,4058.9,102,4,4058.8,25,2,4058.7,36,6,4059.7,105,5,4059.8,80,1,4059.9,86,3,4060.0,4386,19,4060.3,50,1
11483,2026-07-02 15:03:57+05:30,4059.7,20,4036.93,2166652,165791.0,159069.0,4100.0,4110.0,4012.0,4092.6,25702600,4501.8,3683.4,4440.0,3288.1,4059.0,26,4,4058.9,78,3,4058.8,25,2,4058.7,82,7,4058.5,81,3,4059.7,86,5,4059.8,80,1,4059.9,86,3,4060.0,4478,20,4060.3,50,1
11483,2026-07-02 15:03:57+05:30,4059.7,20,4036.93,2166652,165791.0,159069.0,4100.0,4110.0,4012.0,4092.6,25702600,4501.8,3683.4,4440.0,3288.1,4059.0,26,4,4058.9,78,3,4058.8,25,2,4058.7,82,7,4058.5,81,3,4059.7,86,5,4059.8,80,1,4059.9,86,3,4060.0,4478,20,4060.3,50,1
11483,2026-07-02 15:03:58+05:30,4059.7,66,4036.93,2166724,165791.0,158981.0,4100.0,4110.0,4012.0,4092.6,25702600,4501.8,3683.4,4440.0,3288.1,4059.0,35,9,4058.9,78,3,4058.8,24,1,4058.7,9,3,4058.5,81,3,4059.7,88,5,4059.8,80,1,4059.9,86,3,4060.0,4386,19,4060.3,50,1
11483,2026-07-02 15:03:58+05:30,4059.9,65,4036.93,2166724,165791.0,158981.0,4100.0,4110.0,4012.0,4092.6,25702600,4501.8,3683.4,4440.0,3288.1,4059.0,35,9,4058.9,78,3,4058.8,24,1,4058.7,9,3,4058.5,81,3,4059.7,88,5,4059.8,80,1,4059.9,86,3,4060.0,4386,19,4060.3,50,1
11483,2026-07-02 15:03:59+05:30,4061.0,40,4036.99,2172022,167731.0,150326.0,4100.0,4110.0,4012.0,4092.6,25702600,4501.8,3683.4,4440.0,3288.1,4060.8,175,1,4060.7,16,1,4060.6,70,5,4060.5,40,3,4060.4,43,4,4061.0,158,8,4061.2,20,1,4061.5,500,1,4061.7,41,1,4061.9,327,6
11483,2026-07-02 15:03:59+05:30,4061.5,461,4036.99,2172022,167731.0,150326.0,4100.0,4110.0,4012.0,4092.6,25702600,4501.8,3683.4,4440.0,3288.1,4060.8,175,1,4060.7,16,1,4060.6,70,5,4060.5,40,3,4060.4,43,4,4061.0,158,8,4061.2,20,1,4061.5,500,1,4061.7,41,1,4061.9,327,6
11483,2026-07-02 15:04:00+05:30,4061.2,18,4037.0,2172782,168163.0,152120.0,4100.0,4110.0,4012.0,4092.6,25702600,4501.8,3683.4,4440.0,3288.1,4061.2,115,7,4061.1,32,2,4061.0,35,3,4060.8,93,5,4060.7,1,1,4061.7,39,1,4061.9,315,5,4062.0,373,12,4062.4,21,2,4062.5,116,3
11483,2026-07-02 15:04:00+05:30,4061.2,28,4037.0,2172782,168163.0,152120.0,4100.0,4110.0,4012.0,4092.6,25702600,4501.8,3683.4,4440.0,3288.1,4061.2,115,7,4061.1,32,2,4061.0,35,3,4060.8,93,5,4060.7,1,1,4061.7,39,1,4061.9,315,5,4062.0,373,12,4062.4,21,2,4062.5,116,3
11483,2026-07-02 15:04:01+05:30,4061.2,28,4037.0,2172928,168704.0,152189.0,4100.0,4110.0,4012.0,4092.6,25702600,4501.8,3683.4,4440.0,3288.1,4061.7,31,6,4061.5,8,2,4061.4,14,1,4061.3,12,1,4061.2,104,9,4061.9,315,5,4062.0,373,12,4062.4,21,2,4062.5,16,2,4062.6,6,1
11483,2026-07-02 15:04:01+05:30,4061.9,29,4037.0,2172928,168704.0,152189.0,4100.0,4110.0,4012.0,4092.6,25702600,4501.8,3683.4,4440.0,3288.1,4061.7,31,6,4061.5,8,2,4061.4,14,1,4061.3,12,1,4061.2,104,9,4061.9,315,5,4062.0,373,12,4062.4,21,2,4062.5,16,2,4062.6,6,1
11483,2026-07-02 15:04:02+05:30,4061.9,5,4037.0,2173065,168805.0,151807.0,4100.0,4110.0,4012.0,4092.6,25702600,4501.8,3683.4,4440.0,3288.1,4061.7,16,6,4061.5,8,2,4061.3,79,3,4061.2,80,8,4061.1,24,1,4061.9,255,4,4062.0,373,12,4062.4,21,2,4062.5,16,2,4062.7,8,2
11483,2026-07-02 15:04:02+05:30,4061.5,1,4037.0,2173065,168805.0,151807.0,4100.0,4110.0,4012.0,4092.6,25702600,4501.8,3683.4,4440.0,3288.1,4061.7,16,6,4061.5,8,2,4061.3,79,3,4061.2,80,8,4061.1,24,1,4061.9,255,4,4062.0,373,12,4062.4,21,2,4062.5,16,2,4062.7,8,2
11483,2026-07-02 15:04:03+05:30,4061.9,2,4037.0,2173365,168614.0,152319.0,4100.0,4110.0,4012.0,4092.6,25702600,4501.8,3683.4,4440.0,3288.1,4061.7,5,2,4061.3,13,2,4061.2,31,3,4060.6,11,2,4060.4,78,4,4061.9,431,5,4062.0,348,11,4062.3,6,1,4062.4,40,3,4062.5,16,2
11483,2026-07-02 15:04:03+05:30,4061.9,1,4037.0,2173365,168614.0,152319.0,4100.0,4110.0,4012.0,4092.6,25702600,4501.8,3683.4,4440.0,3288.1,4061.7,5,2,4061.3,13,2,4061.2,31,3,4060.6,11,2,4060.4,78,4,4061.9,431,5,4062.0,348,11,4062.3,6,1,4062.4,40,3,4062.5,16,2
11483,2026-07-02 15:04:04+05:30,4061.9,31,4037.01,2173500,168680.0,152216.0,4100.0,4110.0,4012.0,4092.6,25702600,4501.8,3683.4,4440.0,3288.1,4061.6,83,4,4061.3,12,1,4061.2,30,2,4060.6,11,2,4060.5,24,1,4061.9,388,5,4062.0,348,11,4062.4,27,3,4062.5,16,2,4062.6,29,1
11483,2026-07-02 15:04:04+05:30,4061.9,28,4037.01,2173500,168680.0,152216.0,4100.0,4110.0,4012.0,4092.6,25702600,4501.8,3683.4,4440.0,3288.1,4061.6,83,4,4061.3,12,1,4061.2,30,2,4060.6,11,2,4060.5,24,1,4061.9,388,5,4062.0,348,11,4062.4,27,3,4062.5,16,2,4062.6,29,1
11483,2026-07-02 15:04:05+05:30,4061.6,21,4037.01,2173842,168463.0,151997.0,4100.0,4110.0,4012.0,4092.6,25702600,4501.8,3683.4,4440.0,3288.1,4061.6,26,3,4061.5,7,1,4061.3,12,1,4061.2,42,3,4061.0,16,1,4061.9,69,4,4062.0,348,11,4062.4,21,2,4062.5,16,2,4062.6,6,1
11483,2026-07-02 15:04:05+05:30,4061.9,51,4037.01,2173842,168463.0,151997.0,4100.0,4110.0,4012.0,4092.6,25702600,4501.8,3683.4,4440.0,3288.1,4061.6,26,3,4061.5,7,1,4061.3,12,1,4061.2,42,3,4061.0,16,1,4061.9,69,4,4062.0,348,11,4062.4,21,2,4062.5,16,2,4062.6,6,1
11483,2026-07-02 15:04:06+05:30,4061.9,7,4037.01,2174074,168746.0,151923.0,4100.0,4110.0,4012.0,4092.6,25702600,4501.8,3683.4,4440.0,3288.1,4061.6,84,4,4061.3,12,1,4061.2,30,2,4060.8,24,1,4060.7,21,1,4061.9,32,3,4062.0,348,11,4062.4,32,3,4062.5,16,2,4062.7,8,2
11483,2026-07-02 15:04:06+05:30,4062.0,17,4037.01,2174074,168746.0,151923.0,4100.0,4110.0,4012.0,4092.6,25702600,4501.8,3683.4,4440.0,3288.1,4061.6,84,4,4061.3,12,1,4061.2,30,2,4060.8,24,1,4060.7,21,1,4061.9,32,3,4062.0,348,11,4062.4,32,3,4062.5,16,2,4062.7,8,2
11483,2026-07-02 15:04:07+05:30,4062.0,1,4037.02,2174478,169114.0,151666.0,4100.0,4110.0,4012.0,4092.6,25702600,4501.8,3683.4,4440.0,3288.1,4061.6,1,1,4061.5,14,2,4061.3,12,1,4061.2,30,2,4060.6,49,1,4061.9,39,1,4062.0,278,7,4062.4,21,2,4062.5,4,1,4062.6,6,1
11483,2026-07-02 15:04:07+05:30,4061.9,175,4037.02,2174478,169114.0,151666.0,4100.0,4110.0,4012.0,4092.6,25702600,4501.8,3683.4,4440.0,3288.1,4061.6,1,1,4061.5,14,2,4061.3,12,1,4061.2,30,2,4060.6,49,1,4061.9,39,1,4062.0,278,7,4062.4,21,2,4062.5,4,1,4062.6,6,1
11483,2026-07-02 15:04:08+05:30,4061.9,5,4037.02,2174765,168790.0,151876.0,4100.0,4110.0,4012.0,4092.6,25702600,4501.8,3683.4,4440.0,3288.1,4061.6,1,1,4061.5,18,3,4061.3,13,2,4061.2,30,2,4060.7,41,2,4061.9,90,2,4062.0,292,8,4062.3,6,1,4062.4,21,2,4062.5,94,2
11483,2026-07-02 15:04:08+05:30,4061.9,11,4037.02,2174765,168790.0,151876.0,4100.0,4110.0,4012.0,4092.6,25702600,4501.8,3683.4,4440.0,3288.1,4061.6,1,1,4061.5,18,3,4061.3,13,2,4061.2,30,2,4060.7,41,2,4061.9,90,2,4062.0,292,8,4062.3,6,1,4062.4,21,2,4062.5,94,2
11483,2026-07-02 15:04:09+05:30,4061.6,4,4037.02,2174840,168788.0,152298.0,4100.0,4110.0,4012.0,4092.6,25702600,4501.8,3683.4,4440.0,3288.1,4061.6,3,1,4061.5,19,4,4061.3,13,2,4061.2,30,2,4060.7,34,2,4061.9,389,4,4062.0,292,8,4062.3,6,1,4062.4,21,2,4062.5,94,2
11483,2026-07-02 15:04:09+05:30,4061.6,1,4037.02,2174840,168788.0,152298.0,4100.0,4110.0,4012.0,4092.6,25702600,4501.8,3683.4,4440.0,3288.1,4061.6,3,1,4061.5,19,4,4061.3,13,2,4061.2,30,2,4060.7,34,2,4061.9,389,4,4062.0,292,8,4062.3,6,1,4062.4,21,2,4062.5,94,2
11483,2026-07-02 15:04:10+05:30,4061.9,155,4037.02,2175016,168609.0,152154.0,4100.0,4110.0,4012.0,4092.6,25702600,4501.8,3683.4,4440.0,3288.1,4061.6,3,2,4061.5,19,4,4061.3,13,2,4061.2,30,2,4060.7,13,1,4061.9,303,6,4062.0,356,9,4062.1,70,1,4062.3,49,3,4062.4,42,3
11483,2026-07-02 15:04:10+05:30,4061.9,1,4037.02,2175016,168609.0,152154.0,4100.0,4110.0,4012.0,4092.6,25702600,4501.8,3683.4,4440.0,3288.1,4061.6,3,2,4061.5,19,4,4061.3,13,2,4061.2,30,2,4060.7,13,1,4061.9,303,6,4062.0,356,9,4062.1,70,1,4062.3,49,3,4062.4,42,3
11483,2026-07-02 15:04:11+05:30,4061.5,1,4037.02,2175080,168284.0,152633.0,4100.0,4110.0,4012.0,4092.6,25702600,4501.8,3683.4,4440.0,3288.1,4061.5,19,4,4061.3,13,2,4061.2,30,2,4060.7,13,1,4060.4,2,1,4061.6,78,4,4061.9,302,6,4062.0,392,11,4062.1,76,2,4062.2,84,2
11483,2026-07-02 15:04:11+05:30,4061.6,11,4037.02,2175080,168284.0,152633.0,4100.0,4110.0,4012.0,4092.6,25702600,4501.8,3683.4,4440.0,3288.1,4061.5,19,4,4061.3,13,2,4061.2,30,2,4060.7,13,1,4060.4,2,1,4061.6,78,4,4061.9,302,6,4062.0,392,11,4062.1,76,2,4062.2,84,2
11483,2026-07-02 15:04:12+05:30,4061.5,12,4037.03,2175350,168650.0,152544.0,4100.0,4110.0,4012.0,4092.6,25702600,4501.8,3683.4,4440.0,3288.1,4061.5,5,2,4061.4,42,1,4061.3,55,3,4061.2,30,2,4061.1,42,1,4061.6,1,1,4061.7,35,4,4061.9,183,5,4062.0,481,14,4062.1,92,3
11483,2026-07-02 15:04:12+05:30,4061.9,85,4037.03,2175350,168650.0,152544.0,4100.0,4110.0,4012.0,4092.6,25702600,4501.8,3683.4,4440.0,3288.1,4061.5,5,2,4061.4,42,1,4061.3,55,3,4061.2,30,2,4061.1,42,1,4061.6,1,1,4061.7,35,4,4061.9,183,5,4062.0,481,14,4062.1,92,3
11483,2026-07-02 15:04:13+05:30,4062.0,56,4037.03,2175920,169091.0,152099.0,4100.0,4110.0,4012.0,4092.6,25702600,4501.8,3683.4,4440.0,3288.1,4061.6,33,1,4061.3,76,3,4061.2,30,2,4061.1,16,2,4061.0,15,1,4061.9,287,1,4062.0,298,8,4062.1,70,1,4062.4,21,2,4062.5,4,1
11483,2026-07-02 15:04:13+05:30,4061.9,15,4037.03,2175920,169091.0,152099.0,4100.0,4110.0,4012.0,4092.6,25702600,4501.8,3683.4,4440.0,3288.1,4061.6,33,1,4061.3,76,3,4061.2,30,2,4061.1,16,2,4061.0,15,1,4061.9,287,1,4062.0,298,8,4062.1,70,1,4062.4,21,2,4062.5,4,1
11483,2026-07-02 15:04:14+05:30,4061.9,2,4037.04,2176406,168780.0,152381.0,4100.0,4110.0,4012.0,4092.6,25702600,4501.8,3683.4,4440.0,3288.1,4061.6,25,4,4061.5,42,1,4061.4,8,1,4061.3,42,1,4061.2,42,3,4061.9,296,3,4062.0,298,8,4062.1,70,1,4062.4,21,2,4062.5,4,1
11483,2026-07-02 15:04:14+05:30,4061.3,5,4037.04,2176406,168780.0,152381.0,4100.0,4110.0,4012.0,4092.6,25702600,4501.8,3683.4,4440.0,3288.1,4061.6,25,4,4061.5,42,1,4061.4,8,1,4061.3,42,1,4061.2,42,3,4061.9,296,3,4062.0,298,8,4062.1,70,1,4062.4,21,2,4062.5,4,1
11483,2026-07-02 15:04:15+05:30,4061.9,10,4037.04,2176638,169244.0,152458.0,4100.0,4110.0,4012.0,4092.6,25702600,4501.8,3683.4,4440.0,3288.1,4061.6,4,1,4061.3,37,1,4061.2,30,2,4061.1,14,1,4061.0,23,1,4061.9,193,4,4062.0,303,9,4062.1,70,1,4062.3,6,1,4062.4,21,2
11483,2026-07-02 15:04:15+05:30,4063.3,17,4037.04,2176638,169244.0,152458.0,4100.0,4110.0,4012.0,4092.6,25702600,4501.8,3683.4,4440.0,3288.1,4061.6,4,1,4061.3,37,1,4061.2,30,2,4061.1,14,1,4061.0,23,1,4061.9,193,4,4062.0,303,9,4062.1,70,1,4062.3,6,1,4062.4,21,2
11483,2026-07-02 15:04:16+05:30,4062.9,28,4037.1,2181753,170010.0,148580.0,4100.0,4110.0,4012.0,4092.6,25702600,4501.8,3683.4,4440.0,3288.1,4062.9,18,2,4062.7,39,2,4062.6,25,3,4062.4,11,3,4062.3,42,2,4064.0,565,10,4064.1,2,1,4064.3,74,2,4064.4,137,4,4064.5,102,5
11483,2026-07-02 15:04:16+05:30,4063.7,13,4037.1,2181753,170010.0,148580.0,4100.0,4110.0,4012.0,4092.6,25702600,4501.8,3683.4,4440.0,3288.1,4062.9,18,2,4062.7,39,2,4062.6,25,3,4062.4,11,3,4062.3,42,2,4064.0,565,10,4064.1,2,1,4064.3,74,2,4064.4,137,4,4064.5,102,5
11483,2026-07-02 15:04:17+05:30,4062.9,18,4037.11,2182093,170036.0,150308.0,4100.0,4110.0,4012.0,4092.6,25702600,4501.8,3683.4,4440.0,3288.1,4062.9,390,3,4062.4,2,2,4062.2,8,1,4062.1,15,1,4062.0,50,4,4063.7,51,2,4063.8,34,1,4064.0,829,12,4064.1,166,7,4064.2,34,1
11483,2026-07-02 15:04:17+05:30,4063.1,13,4037.11,2182093,170036.0,150308.0,4100.0,4110.0,4012.0,4092.6,25702600,4501.8,3683.4,4440.0,3288.1,4062.9,390,3,4062.4,2,2,4062.2,8,1,4062.1,15,1,4062.0,50,4,4063.7,51,2,4063.8,34,1,4064.0,829,12,4064.1,166,7,4064.2,34,1
11483,2026-07-02 15:04:18+05:30,4063.1,13,4037.12,2183196,169492.0,150757.0,4100.0,4110.0,4012.0,4092.6,25702600,4501.8,3683.4,4440.0,3288.1,4062.4,2,2,4062.0,20,2,4061.9,40,1,4061.8,17,1,4061.7,41,1,4063.1,58,3,4063.2,51,4,4063.3,65,2,4063.4,42,3,4063.5,106,3
11483,2026-07-02 15:04:18+05:30,4062.6,28,4037.12,2183196,169492.0,150757.0,4100.0,4110.0,4012.0,4092.6,25702600,4501.8,3683.4,4440.0,3288.1,4062.4,2,2,4062.0,20,2,4061.9,40,1,4061.8,17,1,4061.7,41,1,4063.1,58,3,4063.2,51,4,4063.3,65,2,4063.4,42,3,4063.5,106,3
11483,2026-07-02 15:04:19+05:30,4062.6,28,4037.12,2183420,169420.0,151211.0,4100.0,4110.0,4012.0,4092.6,25702600,4501.8,3683.4,4440.0,3288.1,4062.6,27,2,4062.4,3,3,4062.0,20,2,4061.9,42,2,4061.8,17,1,4063.1,382,4,4063.4,41,3,4063.5,154,4,4063.6,10,1,4063.7,159,5
11483,2026-07-02 15:04:19+05:30,4062.6,69,4037.12,2183420,169420.0,151211.0,4100.0,4110.0,4012.0,4092.6,25702600,4501.8,3683.4,4440.0,3288.1,4062.6,27,2,4062.4,3,3,4062.0,20,2,4061.9,42,2,4061.8,17,1,4063.1,382,4,4063.4,41,3,4063.5,154,4,4063.6,10,1,4063.7,159,5
11483,2026-07-02 15:04:20+05:30,4062.6,1,4037.12,2183534,169573.0,151393.0,4100.0,4110.0,4012.0,4092.6,25702600,4501.8,3683.4,4440.0,3288.1,4062.6,12,1,4062.4,3,3,4062.0,20,2,4061.9,41,2,4061.8,17,1,4063.1,449,9,4063.2,42,2,4063.3,1,1,4063.4,40,2,4063.5,121,5
11483,2026-07-02 15:04:20+05:30,4062.6,3,4037.12,2183534,169573.0,151393.0,4100.0,4110.0,4012.0,4092.6,25702600,4501.8,3683.4,4440.0,3288.1,4062.6,12,1,4062.4,3,3,4062.0,20,2,4061.9,41,2,4061.8,17,1,4063.1,449,9,4063.2,42,2,4063.3,1,1,4063.4,40,2,4063.5,121,5
11483,2026-07-02 15:04:21+05:30,4063.1,2,4037.13,2183832,169530.0,151450.0,4100.0,4110.0,4012.0,4092.6,25702600,4501.8,3683.4,4440.0,3288.1,4062.6,10,1,4062.4,2,2,4062.0,20,2,4061.9,41,2,4061.8,19,2,4063.1,209,7,4063.2,26,1,4063.4,69,3,4063.5,80,4,4063.6,83,3
11483,2026-07-02 15:04:21+05:30,4063.1,2,4037.13,2183832,169530.0,151450.0,4100.0,4110.0,4012.0,4092.6,25702600,4501.8,3683.4,4440.0,3288.1,4062.6,10,1,4062.4,2,2,4062.0,20,2,4061.9,41,2,4061.8,19,2,4063.1,209,7,4063.2,26,1,4063.4,69,3,4063.5,80,4,4063.6,83,3
11483,2026-07-02 15:04:22+05:30,4063.1,2,4037.13,2183832,169581.0,151389.0,4100.0,4110.0,4012.0,4092.6,25702600,4501.8,3683.4,4440.0,3288.1,4062.6,15,3,4062.4,2,2,4062.0,20,2,4061.9,41,2,4061.8,19,2,4063.1,89,7,4063.2,95,2,4063.3,73,1,4063.4,42,2,4063.5,24,1
11483,2026-07-02 15:04:22+05:30,4062.4,1,4037.13,2183832,169581.0,151389.0,4100.0,4110.0,4012.0,4092.6,25702600,4501.8,3683.4,4440.0,3288.1,4062.6,15,3,4062.4,2,2,4062.0,20,2,4061.9,41,2,4061.8,19,2,4063.1,89,7,4063.2,95,2,4063.3,73,1,4063.4,42,2,4063.5,24,1
11483,2026-07-02 15:04:23+05:30,4062.4,1,4037.13,2184177,169341.0,152446.0,4100.0,4110.0,4012.0,4092.6,25702600,4501.8,3683.4,4440.0,3288.1,4062.0,21,3,4061.9,41,2,4061.8,17,1,4061.7,41,1,4061.6,11,1,4062.6,15,1,4062.7,129,4,4062.8,85,2,4062.9,25,2,4063.0,27,3
11483,2026-07-02 15:04:23+05:30,4062.6,1,4037.13,2184177,169341.0,152446.0,4100.0,4110.0,4012.0,4092.6,25702600,4501.8,3683.4,4440.0,3288.1,4062.0,21,3,4061.9,41,2,4061.8,17,1,4061.7,41,1,4061.6,11,1,4062.6,15,1,4062.7,129,4,4062.8,85,2,4062.9,25,2,4063.0,27,3
11483,2026-07-02 15:04:24+05:30,4063.1,1,4037.14,2184737,169647.0,152016.0,4100.0,4110.0,4012.0,4092.6,25702600,4501.8,3683.4,4440.0,3288.1,4062.1,42,1,4062.0,24,4,4061.9,41,2,4061.8,17,1,4061.7,41,1,4063.1,139,5,4063.2,80,2,4063.3,135,4,4063.4,74,4,4063.5,162,5
11483,2026-07-02 15:04:24+05:30,4062.0,1,4037.14,2184737,169647.0,152016.0,4100.0,4110.0,4012.0,4092.6,25702600,4501.8,3683.4,4440.0,3288.1,4062.1,42,1,4062.0,24,4,4061.9,41,2,4061.8,17,1,4061.7,41,1,4063.1,139,5,4063.2,80,2,4063.3,135,4,4063.4,74,4,4063.5,162,5
11483,2026-07-02 15:04:25+05:30,4062.0,1,4037.14,2184875,169651.0,152330.0,4100.0,4110.0,4012.0,4092.6,25702600,4501.8,3683.4,4440.0,3288.1,4062.2,42,1,4062.0,23,4,4061.9,41,2,4061.8,17,1,4061.7,41,1,4062.6,73,1,4062.7,95,3,4063.0,59,3,4063.1,428,7,4063.2,102,4
11483,2026-07-02 15:04:25+05:30,4062.0,3,4037.14,2184875,169651.0,152330.0,4100.0,4110.0,4012.0,4092.6,25702600,4501.8,3683.4,4440.0,3288.1,4062.2,42,1,4062.0,23,4,4061.9,41,2,4061.8,17,1,4061.7,41,1,4062.6,73,1,4062.7,95,3,4063.0,59,3,4063.1,428,7,4063.2,102,4
11483,2026-07-02 15:04:26+05:30,4062.0,3,4037.14,2184988,169605.0,152197.0,4100.0,4110.0,4012.0,4092.6,25702600,4501.8,3683.4,4440.0,3288.1,4062.3,14,1,4062.2,1,1,4062.0,14,3,4061.9,41,2,4061.7,41,1,4062.6,179,6,4062.7,84,3,4062.8,16,1,4062.9,116,3,4063.0,120,3
11483,2026-07-02 15:04:26+05:30,4061.9,5,4037.14,2184988,169605.0,152197.0,4100.0,4110.0,4012.0,4092.6,25702600,4501.8,3683.4,4440.0,3288.1,4062.3,14,1,4062.2,1,1,4062.0,14,3,4061.9,41,2,4061.7,41,1,4062.6,179,6,4062.7,84,3,4062.8,16,1,4062.9,116,3,4063.0,120,3
11483,2026-07-02 15:04:26+05:30,4061.9,5,4037.14,2185235,169640.0,153219.0,4100.0,4110.0,4012.0,4092.6,25702600,4501.8,3683.4,4440.0,3288.1,4061.9,16,2,4061.7,41,1,4061.6,11,1,4061.4,12,1,4061.3,51,2,4062.3,7,1,4062.4,62,4,4062.5,58,4,4062.6,411,5,4062.7,20,2
11483,2026-07-02 15:04:27+05:30,4062.0,37,4037.14,2185235,169640.0,153219.0,4100.0,4110.0,4012.0,4092.6,25702600,4501.8,3683.4,4440.0,3288.1,4061.9,16,2,4061.7,41,1,4061.6,11,1,4061.4,12,1,4061.3,51,2,4062.3,7,1,4062.4,62,4,4062.5,58,4,4062.6,411,5,4062.7,20,2
11483,2026-07-02 15:04:27+05:30,4062.0,37,4037.14,2185279,169854.0,152875.0,4100.0,4110.0,4012.0,4092.6,25702600,4501.8,3683.4,4440.0,3288.1,4062.0,1,1,4061.9,58,3,4061.7,41,1,4061.6,11,1,4061.4,12,1,4062.3,112,7,4062.4,69,2,4062.5,43,3,4062.6,147,5,4062.7,86,3
11483,2026-07-02 15:04:28+05:30,4061.9,8,4037.14,2185279,169854.0,152875.0,4100.0,4110.0,4012.0,4092.6,25702600,4501.8,3683.4,4440.0,3288.1,4062.0,1,1,4061.9,58,3,4061.7,41,1,4061.6,11,1,4061.4,12,1,4062.3,112,7,4062.4,69,2,4062.5,43,3,4062.6,147,5,4062.7,86,3
11483,2026-07-02 15:04:29+05:30,4061.8,3,4037.15,2185445,169666.0,153437.0,4100.0,4110.0,4012.0,4092.6,25702600,4501.8,3683.4,4440.0,3288.1,4061.8,60,1,4061.7,37,1,4061.6,11,1,4061.4,12,1,4061.3,51,2,4061.9,114,4,4062.0,20,1,4062.1,31,3,4062.2,67,3,4062.3,417,8
11483,2026-07-02 15:04:29+05:30,4061.0,73,4037.15,2185445,169666.0,153437.0,4100.0,4110.0,4012.0,4092.6,25702600,4501.8,3683.4,4440.0,3288.1,4061.8,60,1,4061.7,37,1,4061.6,11,1,4061.4,12,1,4061.3,51,2,4061.9,114,4,4062.0,20,1,4062.1,31,3,4062.2,67,3,4062.3,417,8
11483,2026-07-02 15:04:30+05:30,4061.6,27,4037.15,2186013,168562.0,153138.0,4100.0,4110.0,4012.0,4092.6,25702600,4501.8,3683.4,4440.0,3288.1,4061.0,388,1,4060.4,72,2,4060.3,175,1,4060.1,138,4,4060.0,144,5,4061.7,109,4,4061.9,76,7,4062.0,32,2,4062.1,50,3,4062.2,72,4
11483,2026-07-02 15:04:30+05:30,4061.7,3,4037.15,2186013,168562.0,153138.0,4100.0,4110.0,4012.0,4092.6,25702600,4501.8,3683.4,4440.0,3288.1,4061.0,388,1,4060.4,72,2,4060.3,175,1,4060.1,138,4,4060.0,144,5,4061.7,109,4,4061.9,76,7,4062.0,32,2,4062.1,50,3,4062.2,72,4
11483,2026-07-02 15:04:31+05:30,4061.7,3,4037.16,2186487,168435.0,152866.0,4100.0,4110.0,4012.0,4092.6,25702600,4501.8,3683.4,4440.0,3288.1,4061.4,43,2,4061.3,55,3,4061.1,42,1,4061.0,1,1,4060.2,2,1,4061.7,25,2,4061.9,70,4,4062.1,40,2,4062.2,72,4,4062.3,125,5
11483,2026-07-02 15:04:31+05:30,4061.9,35,4037.16,2186487,168435.0,152866.0,4100.0,4110.0,4012.0,4092.6,25702600,4501.8,3683.4,4440.0,3288.1,4061.4,43,2,4061.3,55,3,4061.1,42,1,4061.0,1,1,4060.2,2,1,4061.7,25,2,4061.9,70,4,4062.1,40,2,4062.2,72,4,4062.3,125,5
11483,2026-07-02 15:04:32+05:30,4062.2,2,4037.16,2186667,169031.0,152524.0,4100.0,4110.0,4012.0,4092.6,25702600,4501.8,3683.4,4440.0,3288.1,4061.9,114,3,4061.8,42,1,4061.6,42,1,4061.4,6,3,4061.3,18,3,4062.2,3,1,4062.4,59,1,4062.5,16,1,4062.6,10,1,4062.7,24,3
11483,2026-07-02 15:04:32+05:30,4061.8,15,4037.16,2186667,169031.0,152524.0,4100.0,4110.0,4012.0,4092.6,25702600,4501.8,3683.4,4440.0,3288.1,4061.9,114,3,4061.8,42,1,4061.6,42,1,4061.4,6,3,4061.3,18,3,4062.2,3,1,4062.4,59,1,4062.5,16,1,4062.6,10,1,4062.7,24,3
11483,2026-07-02 15:04:33+05:30,4061.8,3,4037.16,2186846,169063.0,153139.0,4100.0,4110.0,4012.0,4092.6,25702600,4501.8,3683.4,4440.0,3288.1,4061.6,2,1,4061.3,60,4,4060.6,65,2,4060.5,102,2,4060.4,32,2,4061.8,49,1,4062.0,50,1,4062.2,37,4,4062.3,24,1,4062.5,16,1
11483,2026-07-02 15:04:33+05:30,4061.3,5,4037.16,2186846,169063.0,153139.0,4100.0,4110.0,4012.0,4092.6,25702600,4501.8,3683.4,4440.0,3288.1,4061.6,2,1,4061.3,60,4,4060.6,65,2,4060.5,102,2,4060.4,32,2,4061.8,49,1,4062.0,50,1,4062.2,37,4,4062.3,24,1,4062.5,16,1
11483,2026-07-02 15:04:34+05:30,4061.8,45,4037.17,2187181,168934.0,152837.0,4100.0,4110.0,4012.0,4092.6,25702600,4501.8,3683.4,4440.0,3288.1,4061.3,42,3,4061.0,13,1,4060.8,17,1,4060.6,59,3,4060.5,144,3,4061.8,170,1,4062.0,50,1,4062.2,16,3,4062.5,62,3,4062.6,10,1
11483,2026-07-02 15:04:34+05:30,4061.5,93,4037.17,2187181,168934.0,152837.0,4100.0,4110.0,4012.0,4092.6,25702600,4501.8,3683.4,4440.0,3288.1,4061.3,42,3,4061.0,13,1,4060.8,17,1,4060.6,59,3,4060.5,144,3,4061.8,170,1,4062.0,50,1,4062.2,16,3,4062.5,62,3,4062.6,10,1
11483,2026-07-02 15:04:35+05:30,4061.8,5,4037.17,2187676,169694.0,153009.0,4100.0,4110.0,4012.0,4092.6,25702600,4501.8,3683.4,4440.0,3288.1,4061.5,165,2,4061.4,42,1,4061.3,42,3,4060.6,24,1,4060.5,144,3,4061.8,28,1,4062.0,147,4,4062.1,16,1,4062.2,31,3,4062.3,24,1
11483,2026-07-02 15:04:35+05:30,4061.5,14,4037.17,2187676,169694.0,153009.0,4100.0,4110.0,4012.0,4092.6,25702600,4501.8,3683.4,4440.0,3288.1,4061.5,165,2,4061.4,42,1,4061.3,42,3,4060.6,24,1,4060.5,144,3,4061.8,28,1,4062.0,147,4,4062.1,16,1,4062.2,31,3,4062.3,24,1
11483,2026-07-02 15:04:36+05:30,4061.5,27,4037.18,2188113,168838.0,152989.0,4100.0,4110.0,4012.0,4092.6,25702600,4501.8,3683.4,4440.0,3288.1,4061.3,44,4,4060.5,41,2,4060.4,139,2,4060.3,13,1,4060.2,2,1,4061.8,2,1,4061.9,21,2,4062.0,133,4,4062.1,54,3,4062.2,55,3
11483,2026-07-02 15:04:36+05:30,4061.6,29,4037.18,2188113,168838.0,152989.0,4100.0,4110.0,4012.0,4092.6,25702600,4501.8,3683.4,4440.0,3288.1,4061.3,44,4,4060.5,41,2,4060.4,139,2,4060.3,13,1,4060.2,2,1,4061.8,2,1,4061.9,21,2,4062.0,133,4,4062.1,54,3,4062.2,55,3
11483,2026-07-02 15:04:37+05:30,4062.0,15,4037.18,2188435,168939.0,153216.0,4100.0,4110.0,4012.0,4092.6,25702600,4501.8,3683.4,4440.0,3288.1,4061.5,47,3,4061.3,44,4,4060.6,17,1,4060.5,60,2,4060.4,56,2,4061.8,302,1,4061.9,12,1,4062.0,137,4,4062.2,38,3,4062.3,46,3
11483,2026-07-02 15:04:37+05:30,4061.4,17,4037.18,2188435,168939.0,153216.0,4100.0,4110.0,4012.0,4092.6,25702600,4501.8,3683.4,4440.0,3288.1,4061.5,47,3,4061.3,44,4,4060.6,17,1,4060.5,60,2,4060.4,56,2,4061.8,302,1,4061.9,12,1,4062.0,137,4,4062.2,38,3,4062.3,46,3
11483,2026-07-02 15:04:38+05:30,4061.3,17,4037.19,2189004,168808.0,153044.0,4100.0,4110.0,4012.0,4092.6,25702600,4501.8,3683.4,4440.0,3288.1,4061.3,44,4,4061.0,13,1,4060.6,2,1,4060.5,39,1,4060.4,39,1,4061.9,39,3,4062.0,230,8,4062.1,21,1,4062.2,22,1,4062.3,24,1
11483,2026-07-02 15:04:38+05:30,4061.3,30,4037.19,2189004,168808.0,153044.0,4100.0,4110.0,4012.0,4092.6,25702600,4501.8,3683.4,4440.0,3288.1,4061.3,44,4,4061.0,13,1,4060.6,2,1,4060.5,39,1,4060.4,39,1,4061.9,39,3,4062.0,230,8,4062.1,21,1,4062.2,22,1,4062.3,24,1
11483,2026-07-02 15:04:39+05:30,4061.3,30,4037.19,2189004,168808.0,153044.0,4100.0,4110.0,4012.0,4092.6,25702600,4501.8,3683.4,4440.0,3288.1,4061.3,44,4,4061.0,13,1,4060.6,2,1,4060.5,39,1,4060.4,39,1,4061.9,39,3,4062.0,230,8,4062.1,21,1,4062.2,22,1,4062.3,24,1
11483,2026-07-02 15:04:39+05:30,4061.9,5,4037.19,2189346,169223.0,152687.0,4100.0,4110.0,4012.0,4092.6,25702600,4501.8,3683.4,4440.0,3288.1,4061.9,226,2,4061.3,14,4,4061.0,13,1,4060.8,8,1,4060.7,102,2,4062.0,127,4,4062.1,5,1,4062.6,48,2,4062.7,96,1,4062.8,45,2
11483,2026-07-02 15:04:39+05:30,4061.9,1,4037.19,2189346,169223.0,152687.0,4100.0,4110.0,4012.0,4092.6,25702600,4501.8,3683.4,4440.0,3288.1,4061.9,226,2,4061.3,14,4,4061.0,13,1,4060.8,8,1,4060.7,102,2,4062.0,127,4,4062.1,5,1,4062.6,48,2,4062.7,96,1,4062.8,45,2
11483,2026-07-02 15:04:40+05:30,4061.9,1,4037.19,2189346,169223.0,152687.0,4100.0,4110.0,4012.0,4092.6,25702600,4501.8,3683.4,4440.0,3288.1,4061.9,226,2,4061.3,14,4,4061.0,13,1,4060.8,8,1,4060.7,102,2,4062.0,127,4,4062.1,5,1,4062.6,48,2,4062.7,96,1,4062.8,45,2
11483,2026-07-02 15:04:40+05:30,4061.9,1,4037.2,2189947,167708.0,152751.0,4100.0,4110.0,4012.0,4092.6,25702600,4501.8,3683.4,4440.0,3288.1,4061.3,6,2,4061.0,13,1,4060.3,8,1,4060.2,2,1,4060.1,36,2,4061.9,85,4,4062.0,72,5,4062.1,21,1,4062.2,21,3,4062.3,24,1
11483,2026-07-02 15:04:40+05:30,4060.1,13,4037.2,2189947,167708.0,152751.0,4100.0,4110.0,4012.0,4092.6,25702600,4501.8,3683.4,4440.0,3288.1,4061.3,6,2,4061.0,13,1,4060.3,8,1,4060.2,2,1,4060.1,36,2,4061.9,85,4,4062.0,72,5,4062.1,21,1,4062.2,21,3,4062.3,24,1
11483,2026-07-02 15:04:41+05:30,4060.1,13,4037.2,2189947,167708.0,152751.0,4100.0,4110.0,4012.0,4092.6,25702600,4501.8,3683.4,4440.0,3288.1,4061.3,6,2,4061.0,13,1,4060.3,8,1,4060.2,2,1,4060.1,36,2,4061.9,85,4,4062.0,72,5,4062.1,21,1,4062.2,21,3,4062.3,24,1
11483,2026-07-02 15:04:41+05:30,4061.3,5,4037.2,2190148,167703.0,153416.0,4100.0,4110.0,4012.0,4092.6,25702600,4501.8,3683.4,4440.0,3288.1,4060.3,32,3,4060.2,7,2,4060.1,39,4,4060.0,45,6,4059.9,37,2,4061.8,317,5,4061.9,49,1,4062.0,178,6,4062.1,42,1,4062.2,81,4
11483,2026-07-02 15:04:41+05:30,4061.3,5,4037.2,2190148,167703.0,153416.0,4100.0,4110.0,4012.0,4092.6,25702600,4501.8,3683.4,4440.0,3288.1,4060.3,32,3,4060.2,7,2,4060.1,39,4,4060.0,45,6,4059.9,37,2,4061.8,317,5,4061.9,49,1,4062.0,178,6,4062.1,42,1,4062.2,81,4
11483,2026-07-02 15:04:41+05:30,4060.1,2,4037.2,2190148,167703.0,153416.0,4100.0,4110.0,4012.0,4092.6,25702600,4501.8,3683.4,4440.0,3288.1,4060.3,32,3,4060.2,7,2,4060.1,39,4,4060.0,45,6,4059.9,37,2,4061.8,317,5,4061.9,49,1,4062.0,178,6,4062.1,42,1,4062.2,81,4
11483,2026-07-02 15:04:42+05:30,4060.1,2,4037.2,2190148,167703.0,153416.0,4100.0,4110.0,4012.0,4092.6,25702600,4501.8,3683.4,4440.0,3288.1,4060.3,32,3,4060.2,7,2,4060.1,39,4,4060.0,45,6,4059.9,37,2,4061.8,317,5,4061.9,49,1,4062.0,178,6,4062.1,42,1,4062.2,81,4
11483,2026-07-02 15:04:42+05:30,4060.1,9,4037.2,2190274,167783.0,153678.0,4100.0,4110.0,4012.0,4092.6,25702600,4501.8,3683.4,4440.0,3288.1,4060.0,45,6,4059.9,67,3,4059.8,3,1,4059.7,114,5,4059.5,205,3,4061.6,21,1,4061.7,151,6,4061.8,184,6,4061.9,49,1,4062.0,176,5
11483,2026-07-02 15:04:42+05:30,4060.0,2,4037.2,2190274,167783.0,153678.0,4100.0,4110.0,4012.0,4092.6,25702600,4501.8,3683.4,4440.0,3288.1,4060.0,45,6,4059.9,67,3,4059.8,3,1,4059.7,114,5,4059.5,205,3,4061.6,21,1,4061.7,151,6,4061.8,184,6,4061.9,49,1,4062.0,176,5
11483,2026-07-02 15:04:43+05:30,4060.0,2,4037.2,2190274,167783.0,153678.0,4100.0,4110.0,4012.0,4092.6,25702600,4501.8,3683.4,4440.0,3288.1,4060.0,45,6,4059.9,67,3,4059.8,3,1,4059.7,114,5,4059.5,205,3,4061.6,21,1,4061.7,151,6,4061.8,184,6,4061.9,49,1,4062.0,176,5
11483,2026-07-02 15:04:43+05:30,4060.0,2,4037.2,2190326,167865.0,153721.0,4100.0,4110.0,4012.0,4092.6,25702600,4501.8,3683.4,4440.0,3288.1,4061.0,4,2,4060.0,27,4,4059.9,33,2,4059.7,23,3,4059.6,27,1,4061.3,8,1,4061.4,66,5,4061.5,434,6,4061.6,72,3,4061.7,130,5
11483,2026-07-02 15:04:43+05:30,4060.0,2,4037.2,2190326,167865.0,153721.0,4100.0,4110.0,4012.0,4092.6,25702600,4501.8,3683.4,4440.0,3288.1,4061.0,4,2,4060.0,27,4,4059.9,33,2,4059.7,23,3,4059.6,27,1,4061.3,8,1,4061.4,66,5,4061.5,434,6,4061.6,72,3,4061.7,130,5
11483,2026-07-02 15:04:44+05:30,4060.0,2,4037.2,2190326,167865.0,153721.0,4100.0,4110.0,4012.0,4092.6,25719225,4501.8,3683.4,4440.0,3288.1,4061.0,4,2,4060.0,27,4,4059.9,33,2,4059.7,23,3,4059.6,27,1,4061.3,8,1,4061.4,66,5,4061.5,434,6,4061.6,72,3,4061.7,130,5
11483,2026-07-02 15:04:44+05:30,4060.0,2,4037.2,2190326,167965.0,153461.0,4100.0,4110.0,4012.0,4092.6,25719225,4501.8,3683.4,4440.0,3288.1,4061.0,4,2,4060.0,27,4,4059.9,33,2,4059.7,23,3,4059.6,27,1,4061.3,69,7,4061.4,18,2,4061.5,124,4,4061.6,73,4,4061.7,130,5
11483,2026-07-02 15:04:44+05:30,4060.0,2,4037.2,2190326,167965.0,153461.0,4100.0,4110.0,4012.0,4092.6,25719225,4501.8,3683.4,4440.0,3288.1,4061.0,4,2,4060.0,27,4,4059.9,33,2,4059.7,23,3,4059.6,27,1,4061.3,69,7,4061.4,18,2,4061.5,124,4,4061.6,73,4,4061.7,130,5
11483,2026-07-02 15:04:45+05:30,4060.0,2,4037.2,2190326,167965.0,153461.0,4100.0,4110.0,4012.0,4092.6,25719225,4501.8,3683.4,4440.0,3288.1,4061.0,4,2,4060.0,27,4,4059.9,33,2,4059.7,23,3,4059.6,27,1,4061.3,69,7,4061.4,18,2,4061.5,124,4,4061.6,73,4,4061.7,130,5
11483,2026-07-02 15:04:45+05:30,4061.3,2,4037.2,2190328,168116.0,153423.0,4100.0,4110.0,4012.0,4092.6,25719225,4501.8,3683.4,4440.0,3288.1,4061.0,8,4,4060.0,24,3,4059.9,33,2,4059.7,21,2,4059.6,36,1,4061.3,374,9,4061.4,10,1,4061.5,186,5,4061.6,35,2,4061.7,131,6
11483,2026-07-02 15:04:45+05:30,4061.3,2,4037.2,2190328,168116.0,153423.0,4100.0,4110.0,4012.0,4092.6,25719225,4501.8,3683.4,4440.0,3288.1,4061.0,8,4,4060.0,24,3,4059.9,33,2,4059.7,21,2,4059.6,36,1,4061.3,374,9,4061.4,10,1,4061.5,186,5,4061.6,35,2,4061.7,131,6
11483,2026-07-02 15:04:45+05:30,4061.2,3,4037.2,2190328,168116.0,153423.0,4100.0,4110.0,4012.0,4092.6,25719225,4501.8,3683.4,4440.0,3288.1,4061.0,8,4,4060.0,24,3,4059.9,33,2,4059.7,21,2,4059.6,36,1,4061.3,374,9,4061.4,10,1,4061.5,186,5,4061.6,35,2,4061.7,131,6
11483,2026-07-02 15:04:46+05:30,4061.2,3,4037.2,2190328,168116.0,153423.0,4100.0,4110.0,4012.0,4092.6,25719225,4501.8,3683.4,4440.0,3288.1,4061.0,8,4,4060.0,24,3,4059.9,33,2,4059.7,21,2,4059.6,36,1,4061.3,374,9,4061.4,10,1,4061.5,186,5,4061.6,35,2,4061.7,131,6
11483,2026-07-02 15:04:46+05:30,4061.2,7,4037.2,2190378,168184.0,153292.0,4100.0,4110.0,4012.0,4092.6,25719225,4501.8,3683.4,4440.0,3288.1,4061.0,1,1,4059.9,2,1,4059.7,18,1,4059.6,40,1,4059.5,243,4,4061.2,45,2,4061.3,115,8,4061.4,20,2,4061.5,186,5,4061.6,36,3
11483,2026-07-02 15:04:46+05:30,4061.2,7,4037.2,2190378,168184.0,153292.0,4100.0,4110.0,4012.0,4092.6,25719225,4501.8,3683.4,4440.0,3288.1,4061.0,1,1,4059.9,2,1,4059.7,18,1,4059.6,40,1,4059.5,243,4,4061.2,45,2,4061.3,115,8,4061.4,20,2,4061.5,186,5,4061.6,36,3
11483,2026-07-02 15:04:47+05:30,4061.2,4,4037.2,2190384,168141.0,153727.0,4100.0,4110.0,4012.0,4092.6,25719225,4501.8,3683.4,4440.0,3288.1,4061.0,5,3,4060.0,19,1,4059.9,34,2,4059.8,17,1,4059.7,20,2,4061.2,373,4,4061.3,112,5,4061.4,24,1,4061.5,124,4,4061.6,35,2
11483,2026-07-02 15:04:47+05:30,4059.7,18,4037.2,2190384,168141.0,153727.0,4100.0,4110.0,4012.0,4092.6,25719225,4501.8,3683.4,4440.0,3288.1,4061.0,5,3,4060.0,19,1,4059.9,34,2,4059.8,17,1,4059.7,20,2,4061.2,373,4,4061.3,112,5,4061.4,24,1,4061.5,124,4,4061.6,35,2
11483,2026-07-02 15:04:48+05:30,4059.7,1,4037.2,2190499,167967.0,153852.0,4100.0,4110.0,4012.0,4092.6,25719225,4501.8,3683.4,4440.0,3288.1,4059.7,53,2,4059.6,40,2,4059.5,202,2,4059.4,42,2,4059.3,130,3,4061.2,390,6,4061.3,107,4,4061.4,9,1,4061.5,162,4,4061.6,32,2
11483,2026-07-02 15:04:48+05:30,4059.7,1,4037.2,2190499,167967.0,153852.0,4100.0,4110.0,4012.0,4092.6,25719225,4501.8,3683.4,4440.0,3288.1,4059.7,53,2,4059.6,40,2,4059.5,202,2,4059.4,42,2,4059.3,130,3,4061.2,390,6,4061.3,107,4,4061.4,9,1,4061.5,162,4,4061.6,32,2
11483,2026-07-02 15:04:49+05:30,4059.7,1,4037.2,2190499,168050.0,153595.0,4100.0,4110.0,4012.0,4092.6,25719225,4501.8,3683.4,4440.0,3288.1,4059.7,42,3,4059.6,40,2,4059.5,202,2,4059.3,130,3,4059.1,36,5,4061.0,30,1,4061.2,222,10,4061.3,36,2,4061.4,9,1,4061.5,166,4
11483,2026-07-02 15:04:49+05:30,4059.6,1,4037.2,2190499,168050.0,153595.0,4100.0,4110.0,4012.0,4092.6,25719225,4501.8,3683.4,4440.0,3288.1,4059.7,42,3,4059.6,40,2,4059.5,202,2,4059.3,130,3,4059.1,36,5,4061.0,30,1,4061.2,222,10,4061.3,36,2,4061.4,9,1,4061.5,166,4
11483,2026-07-02 15:04:50+05:30,4061.0,2,4037.2,2190557,167909.0,153570.0,4100.0,4110.0,4012.0,4092.6,25719225,4501.8,3683.4,4440.0,3288.1,4059.7,53,4,4059.6,39,2,4059.5,229,4,4059.4,9,1,4059.3,155,3,4061.0,334,2,4061.2,212,9,4061.3,36,2,4061.4,1,1,4061.5,166,4
11483,2026-07-02 15:04:50+05:30,4059.6,27,4037.2,2190557,167909.0,153570.0,4100.0,4110.0,4012.0,4092.6,25719225,4501.8,3683.4,4440.0,3288.1,4059.7,53,4,4059.6,39,2,4059.5,229,4,4059.4,9,1,4059.3,155,3,4061.0,334,2,4061.2,212,9,4061.3,36,2,4061.4,1,1,4061.5,166,4
11483,2026-07-02 15:04:51+05:30,4059.5,6,4037.21,2190709,168286.0,153803.0,4100.0,4110.0,4012.0,4092.6,25719225,4501.8,3683.4,4440.0,3288.1,4059.6,11,1,4059.5,213,3,4059.4,2,1,4059.3,155,3,4059.1,217,7,4060.9,15,1,4061.0,308,13,4061.1,10,1,4061.2,9,1,4061.3,43,1
11483,2026-07-02 15:04:51+05:30,4059.5,6,4037.21,2190709,168286.0,153803.0,4100.0,4110.0,4012.0,4092.6,25719225,4501.8,3683.4,4440.0,3288.1,4059.6,11,1,4059.5,213,3,4059.4,2,1,4059.3,155,3,4059.1,217,7,4060.9,15,1,4061.0,308,13,4061.1,10,1,4061.2,9,1,4061.3,43,1
11483,2026-07-02 15:04:52+05:30,4059.0,2,4037.21,2190738,166764.0,154871.0,4100.0,4110.0,4012.0,4092.6,25719225,4501.8,3683.4,4440.0,3288.1,4059.0,300,1,4058.7,1,1,4058.5,282,3,4058.4,175,1,4058.3,16,2,4060.3,66,3,4060.4,96,5,4060.5,73,4,4060.6,132,5,4060.7,70,3
11483,2026-07-02 15:04:52+05:30,4059.0,2,4037.21,2190738,166764.0,154871.0,4100.0,4110.0,4012.0,4092.6,25719225,4501.8,3683.4,4440.0,3288.1,4059.0,300,1,4058.7,1,1,4058.5,282,3,4058.4,175,1,4058.3,16,2,4060.3,66,3,4060.4,96,5,4060.5,73,4,4060.6,132,5,4060.7,70,3
11483,2026-07-02 15:04:53+05:30,4059.2,1,4037.21,2190739,166196.0,154707.0,4100.0,4110.0,4012.0,4092.6,25719225,4501.8,3683.4,4440.0,3288.1,4059.6,1,1,4059.0,354,5,4058.7,1,1,4058.5,13,1,4058.4,6,1,4060.3,69,5,4060.4,56,3,4060.5,24,3,4060.6,23,1,4060.7,71,2
11483,2026-07-02 15:04:53+05:30,4059.0,12,4037.21,2190739,166196.0,154707.0,4100.0,4110.0,4012.0,4092.6,25719225,4501.8,3683.4,4440.0,3288.1,4059.6,1,1,4059.0,354,5,4058.7,1,1,4058.5,13,1,4058.4,6,1,4060.3,69,5,4060.4,56,3,4060.5,24,3,4060.6,23,1,4060.7,71,2
11483,2026-07-02 15:04:54+05:30,4060.0,3,4037.21,2190857,166201.0,155131.0,4100.0,4110.0,4012.0,4092.6,25719225,4501.8,3683.4,4440.0,3288.1,4059.6,1,1,4059.0,360,7,4058.8,20,1,4058.7,1,1,4058.6,45,2,4060.0,230,1,4060.3,73,8,4060.4,12,1,4060.5,1,1,4060.6,1,1
11483,2026-07-02 15:04:54+05:30,4060.0,3,4037.21,2190857,166201.0,155131.0,4100.0,4110.0,4012.0,4092.6,25719225,4501.8,3683.4,4440.0,3288.1,4059.6,1,1,4059.0,360,7,4058.8,20,1,4058.7,1,1,4058.6,45,2,4060.0,230,1,4060.3,73,8,4060.4,12,1,4060.5,1,1,4060.6,1,1
11483,2026-07-02 15:04:55+05:30,4060.3,3,4037.21,2191178,166286.0,154929.0,4100.0,4110.0,4012.0,4092.6,25719225,4501.8,3683.4,4440.0,3288.1,4059.7,2,1,4059.6,9,3,4059.0,338,4,4058.9,12,1,4058.8,6,1,4060.0,8,2,4060.3,209,6,4060.5,25,2,4060.6,14,1,4060.7,71,2
11483,2026-07-02 15:04:55+05:30,4060.3,3,4037.21,2191178,166286.0,154929.0,4100.0,4110.0,4012.0,4092.6,25719225,4501.8,3683.4,4440.0,3288.1,4059.7,2,1,4059.6,9,3,4059.0,338,4,4058.9,12,1,4058.8,6,1,4060.0,8,2,4060.3,209,6,4060.5,25,2,4060.6,14,1,4060.7,71,2
11483,2026-07-02 15:04:56+05:30,4059.6,1,4037.21,2191187,166307.0,154195.0,4100.0,4110.0,4012.0,4092.6,25719225,4501.8,3683.4,4440.0,3288.1,4059.6,8,2,4059.5,2,1,4059.1,10,1,4059.0,338,4,4058.9,12,1,4059.7,1,1,4060.0,6,2,4060.3,185,6,4060.5,96,4,4060.6,93,3
11483,2026-07-02 15:04:56+05:30,4059.6,1,4037.21,2191187,166307.0,154195.0,4100.0,4110.0,4012.0,4092.6,25719225,4501.8,3683.4,4440.0,3288.1,4059.6,8,2,4059.5,2,1,4059.1,10,1,4059.0,338,4,4058.9,12,1,4059.7,1,1,4060.0,6,2,4060.3,185,6,4060.5,96,4,4060.6,93,3
11483,2026-07-02 15:04:57+05:30,4059.6,1,4037.21,2191187,166390.0,154156.0,4100.0,4110.0,4012.0,4092.6,25719225,4501.8,3683.4,4440.0,3288.1,4059.6,4,2,4059.5,2,1,4059.1,10,1,4059.0,349,5,4058.9,12,1,4059.7,7,3,4059.9,12,1,4060.0,6,2,4060.3,160,4,4060.5,73,3
11483,2026-07-02 15:04:58+05:30,4059.5,2,4037.21,2191208,166368.0,154240.0,4100.0,4110.0,4012.0,4092.6,25719225,4501.8,3683.4,4440.0,3288.1,4059.5,2,1,4059.0,349,5,4058.9,12,1,4058.7,1,1,4058.6,22,1,4059.7,197,7,4059.9,12,1,4060.0,318,2,4060.2,14,1,4060.4,43,2
11483,2026-07-02 15:04:58+05:30,4059.5,2,4037.21,2191208,166368.0,154240.0,4100.0,4110.0,4012.0,4092.6,25719225,4501.8,3683.4,4440.0,3288.1,4059.5,2,1,4059.0,349,5,4058.9,12,1,4058.7,1,1,4058.6,22,1,4059.7,197,7,4059.9,12,1,4060.0,318,2,4060.2,14,1,4060.4,43,2
11483,2026-07-02 15:04:59+05:30,4059.6,127,4037.21,2191339,166700.0,154105.0,4100.0,4110.0,4012.0,4092.6,25719225,4501.8,3683.4,4440.0,3288.1,4059.5,3,2,4059.0,350,6,4058.9,12,1,4058.7,1,1,4058.6,203,3,4059.7,198,7,4059.9,12,1,4060.0,318,2,4060.4,48,2,4060.6,46,2
11483,2026-07-02 15:04:59+05:30,4059.6,127,4037.21,2191339,166700.0,154105.0,4100.0,4110.0,4012.0,4092.6,25719225,4501.8,3683.4,4440.0,3288.1,4059.5,3,2,4059.0,350,6,4058.9,12,1,4058.7,1,1,4058.6,203,3,4059.7,198,7,4059.9,12,1,4060.0,318,2,4060.4,48,2,4060.6,46,2
11483,2026-07-02 15:05:00+05:30,4059.7,3,4037.21,2191481,166294.0,154055.0,4100.0,4110.0,4012.0,4092.6,25719225,4501.8,3683.4,4440.0,3288.1,4059.6,48,1,4059.5,3,2,4059.0,350,6,4058.9,12,1,4058.7,1,1,4059.7,75,6,4059.9,12,1,4060.0,318,2,4060.4,48,2,4060.6,92,4
11483,2026-07-02 15:05:00+05:30,4059.7,3,4037.21,2191481,166294.0,154055.0,4100.0,4110.0,4012.0,4092.6,25719225,4501.8,3683.4,4440.0,3288.1,4059.6,48,1,4059.5,3,2,4059.0,350,6,4058.9,12,1,4058.7,1,1,4059.7,75,6,4059.9,12,1,4060.0,318,2,4060.4,48,2,4060.6,92,4
11483,2026-07-02 15:05:01+05:30,4059.6,4,4037.21,2191635,166550.0,154163.0,4100.0,4110.0,4012.0,4092.6,25719225,4501.8,3683.4,4440.0,3288.1,4059.1,57,6,4059.0,450,21,4058.9,36,3,4058.8,6,1,4058.7,41,3,4059.6,7,1,4059.7,119,8,4059.9,12,1,4060.0,318,2,4060.4,29,1
11483,2026-07-02 15:05:01+05:30,4059.6,4,4037.21,2191635,166550.0,154163.0,4100.0,4110.0,4012.0,4092.6,25719225,4501.8,3683.4,4440.0,3288.1,4059.1,57,6,4059.0,450,21,4058.9,36,3,4058.8,6,1,4058.7,41,3,4059.6,7,1,4059.7,119,8,4059.9,12,1,4060.0,318,2,4060.4,29,1
11483,2026-07-02 15:05:02+05:30,4059.6,1,4037.21,2191644,166379.0,154267.0,4100.0,4110.0,4012.0,4092.6,25719225,4501.8,3683.4,4440.0,3288.1,4059.2,1,1,4059.1,35,4,4059.0,434,18,4058.9,25,2,4058.8,51,2,4059.6,26,3,4059.7,105,7,4059.9,12,1,4060.0,368,3,4060.4,29,1
11483,2026-07-02 15:05:02+05:30,4059.6,1,4037.21,2191644,166379.0,154267.0,4100.0,4110.0,4012.0,4092.6,25719225,4501.8,3683.4,4440.0,3288.1,4059.2,1,1,4059.1,35,4,4059.0,434,18,4058.9,25,2,4058.8,51,2,4059.6,26,3,4059.7,105,7,4059.9,12,1,4060.0,368,3,4060.4,29,1
11483,2026-07-02 15:05:03+05:30,4059.0,56,4037.22,2191748,166333.0,154322.0,4100.0,4110.0,4012.0,4092.6,25719225,4501.8,3683.4,4440.0,3288.1,4059.0,378,18,4058.9,25,2,4058.8,51,2,4058.7,61,5,4058.6,22,1,4059.6,29,5,4059.7,97,4,4059.9,12,1,4060.0,368,3,4060.4,29,1
11483,2026-07-02 15:05:03+05:30,4059.0,56,4037.22,2191748,166333.0,154322.0,4100.0,4110.0,4012.0,4092.6,25719225,4501.8,3683.4,4440.0,3288.1,4059.0,378,18,4058.9,25,2,4058.8,51,2,4058.7,61,5,4058.6,22,1,4059.6,29,5,4059.7,97,4,4059.9,12,1,4060.0,368,3,4060.4,29,1
11483,2026-07-02 15:05:04+05:30,4059.6,11,4037.22,2191954,166546.0,154269.0,4100.0,4110.0,4012.0,4092.6,25719225,4501.8,3683.4,4440.0,3288.1,4059.1,31,4,4059.0,417,23,4058.9,42,4,4058.8,53,3,4058.7,55,4,4059.6,15,3,4059.7,1,1,4059.9,12,1,4060.0,368,3,4060.4,29,1
11483,2026-07-02 15:05:04+05:30,4059.6,11,4037.22,2191954,166546.0,154269.0,4100.0,4110.0,4012.0,4092.6,25719225,4501.8,3683.4,4440.0,3288.1,4059.1,31,4,4059.0,417,23,4058.9,42,4,4058.8,53,3,4058.7,55,4,4059.6,15,3,4059.7,1,1,4059.9,12,1,4060.0,368,3,4060.4,29,1
11483,2026-07-02 15:05:05+05:30,4059.6,8,4037.22,2191977,165988.0,154607.0,4100.0,4110.0,4012.0,4092.6,25719225,4501.8,3683.4,4440.0,3288.1,4059.0,147,4,4058.9,25,2,4058.8,40,2,4058.7,17,2,4058.5,29,2,4059.6,19,4,4059.7,1,1,4059.9,12,1,4060.0,368,3,4060.1,43,1
11483,2026-07-02 15:05:05+05:30,4059.6,8,4037.22,2191977,165988.0,154607.0,4100.0,4110.0,4012.0,4092.6,25719225,4501.8,3683.4,4440.0,3288.1,4059.0,147,4,4058.9,25,2,4058.8,40,2,4058.7,17,2,4058.5,29,2,4059.6,19,4,4059.7,1,1,4059.9,12,1,4060.0,368,3,4060.1,43,1
11483,2026-07-02 15:05:06+05:30,4059.6,1,4037.22,2191990,166243.0,154656.0,4100.0,4110.0,4012.0,4092.6,25719225,4501.8,3683.4,4440.0,3288.1,4059.0,157,6,4058.9,12,1,4058.8,2,1,4058.7,17,2,4058.5,29,2,4059.6,24,4,4059.7,1,1,4059.9,14,2,4060.0,368,3,4060.4,111,4
11483,2026-07-02 15:05:06+05:30,4059.6,1,4037.22,2191990,166243.0,154656.0,4100.0,4110.0,4012.0,4092.6,25719225,4501.8,3683.4,4440.0,3288.1,4059.0,157,6,4058.9,12,1,4058.8,2,1,4058.7,17,2,4058.5,29,2,4059.6,24,4,4059.7,1,1,4059.9,14,2,4060.0,368,3,4060.4,111,4
11483,2026-07-02 15:05:07+05:30,4060.0,6,4037.22,2191990,166243.0,154656.0,4100.0,4110.0,4012.0,4092.6,25719225,4501.8,3683.4,4440.0,3288.1,4059.0,157,6,4058.9,12,1,4058.8,2,1,4058.7,17,2,4058.5,29,2,4059.6,24,4,4059.7,1,1,4059.9,14,2,4060.0,368,3,4060.4,111,4
11483,2026-07-02 15:05:08+05:30,4060.0,6,4037.23,2192870,167180.0,151592.0,4100.0,4110.0,4012.0,4092.6,25719225,4501.8,3683.4,4440.0,3288.1,4059.8,15,1,4059.7,51,5,4059.6,13,2,4059.5,246,6,4059.4,59,3,4060.4,29,1,4061.0,28,1,4061.2,15,1,4061.5,151,3,4061.6,12,1
11483,2026-07-02 15:05:08+05:30,4061.6,8,4037.23,2192870,167180.0,151592.0,4100.0,4110.0,4012.0,4092.6,25719225,4501.8,3683.4,4440.0,3288.1,4059.8,15,1,4059.7,51,5,4059.6,13,2,4059.5,246,6,4059.4,59,3,4060.4,29,1,4061.0,28,1,4061.2,15,1,4061.5,151,3,4061.6,12,1
11483,2026-07-02 15:05:09+05:30,4061.2,16,4037.23,2193177,167453.0,150940.0,4100.0,4110.0,4012.0,4092.6,25719225,4501.8,3683.4,4440.0,3288.1,4059.9,10,1,4059.8,3,1,4059.6,73,4,4059.5,177,2,4059.3,37,2,4061.2,22,2,4061.3,68,4,4061.4,51,5,4061.5,35,3,4061.6,47,2
11483,2026-07-02 15:05:09+05:30,4061.2,16,4037.23,2193177,167453.0,150940.0,4100.0,4110.0,4012.0,4092.6,25719225,4501.8,3683.4,4440.0,3288.1,4059.9,10,1,4059.8,3,1,4059.6,73,4,4059.5,177,2,4059.3,37,2,4061.2,22,2,4061.3,68,4,4061.4,51,5,4061.5,35,3,4061.6,47,2
11483,2026-07-02 15:05:10+05:30,4061.2,16,4037.23,2193177,167762.0,151148.0,4100.0,4110.0,4012.0,4092.6,25719225,4501.8,3683.4,4440.0,3288.1,4060.0,73,2,4059.9,4,1,4059.8,3,1,4059.6,58,3,4059.5,283,3,4061.2,54,4,4061.3,39,3,4061.4,59,6,4061.5,115,5,4061.6,47,2
11483,2026-07-02 15:05:10+05:30,4060.0,3,4037.23,2193177,167762.0,151148.0,4100.0,4110.0,4012.0,4092.6,25719225,4501.8,3683.4,4440.0,3288.1,4060.0,73,2,4059.9,4,1,4059.8,3,1,4059.6,58,3,4059.5,283,3,4061.2,54,4,4061.3,39,3,4061.4,59,6,4061.5,115,5,4061.6,47,2
11483,2026-07-02 15:05:11+05:30,4060.9,3,4037.23,2193410,167765.0,151092.0,4100.0,4110.0,4012.0,4092.6,25719225,4501.8,3683.4,4440.0,3288.1,4060.0,85,3,4059.8,18,1,4059.6,100,4,4059.5,175,1,4059.4,6,1,4060.9,5,1,4061.0,17,2,4061.1,15,1,4061.2,32,2,4061.3,14,1
11483,2026-07-02 15:05:11+05:30,4061.4,3,4037.23,2193410,167765.0,151092.0,4100.0,4110.0,4012.0,4092.6,25719225,4501.8,3683.4,4440.0,3288.1,4060.0,85,3,4059.8,18,1,4059.6,100,4,4059.5,175,1,4059.4,6,1,4060.9,5,1,4061.0,17,2,4061.1,15,1,4061.2,32,2,4061.3,14,1
11483,2026-07-02 15:05:12+05:30,4061.4,3,4037.24,2193851,166082.0,151250.0,4100.0,4110.0,4012.0,4092.6,25719225,4501.8,3683.4,4440.0,3288.1,4060.0,17,2,4059.6,8,2,4059.1,46,1,4059.0,158,5,4058.9,12,1,4060.8,101,3,4060.9,3,1,4061.0,34,2,4061.1,99,6,4061.2,56,3
11483,2026-07-02 15:05:12+05:30,4060.0,1,4037.24,2193851,166082.0,151250.0,4100.0,4110.0,4012.0,4092.6,25719225,4501.8,3683.4,4440.0,3288.1,4060.0,17,2,4059.6,8,2,4059.1,46,1,4059.0,158,5,4058.9,12,1,4060.8,101,3,4060.9,3,1,4061.0,34,2,4061.1,99,6,4061.2,56,3
11483,2026-07-02 15:05:13+05:30,4060.0,1,4037.24,2193951,166203.0,151836.0,4100.0,4110.0,4012.0,4092.6,25719225,4501.8,3683.4,4440.0,3288.1,4060.0,55,2,4059.6,1,1,4059.1,14,2,4059.0,134,4,4058.9,12,1,4060.8,255,1,4060.9,59,3,4061.0,25,1,4061.1,134,6,4061.2,37,2
11483,2026-07-02 15:05:13+05:30,4060.0,33,4037.24,2193951,166203.0,151836.0,4100.0,4110.0,4012.0,4092.6,25719225,4501.8,3683.4,4440.0,3288.1,4060.0,55,2,4059.6,1,1,4059.1,14,2,4059.0,134,4,4058.9,12,1,4060.8,255,1,4060.9,59,3,4061.0,25,1,4061.1,134,6,4061.2,37,2
11483,2026-07-02 15:05:14+05:30,4060.0,33,4037.24,2193984,166950.0,152286.0,4100.0,4110.0,4012.0,4092.6,25719225,4501.8,3683.4,4440.0,3288.1,4060.0,28,4,4059.6,51,2,4059.5,14,1,4059.4,14,1,4059.0,134,4,4060.5,20,1,4060.7,19,2,4060.8,33,3,4060.9,42,2,4061.0,59,2
11483,2026-07-02 15:05:14+05:30,4060.0,1,4037.24,2193984,166950.0,152286.0,4100.0,4110.0,4012.0,4092.6,25719225,4501.8,3683.4,4440.0,3288.1,4060.0,28,4,4059.6,51,2,4059.5,14,1,4059.4,14,1,4059.0,134,4,4060.5,20,1,4060.7,19,2,4060.8,33,3,4060.9,42,2,4061.0,59,2
11483,2026-07-02 15:05:15+05:30,4060.0,1,4037.24,2194031,166984.0,152120.0,4100.0,4110.0,4012.0,4092.6,25719225,4501.8,3683.4,4440.0,3288.1,4060.0,53,3,4059.6,51,2,4059.5,14,1,4059.4,14,1,4059.0,134,4,4060.5,3,1,4060.7,43,3,4060.8,58,5,4060.9,42,2,4061.0,9,2
11483,2026-07-02 15:05:15+05:30,4060.5,3,4037.24,2194031,166984.0,152120.0,4100.0,4110.0,4012.0,4092.6,25719225,4501.8,3683.4,4440.0,3288.1,4060.0,53,3,4059.6,51,2,4059.5,14,1,4059.4,14,1,4059.0,134,4,4060.5,3,1,4060.7,43,3,4060.8,58,5,4060.9,42,2,4061.0,9,2
11483,2026-07-02 15:05:16+05:30,4060.5,10,4037.24,2194098,166627.0,152493.0,4100.0,4110.0,4012.0,4092.6,25719225,4501.8,3683.4,4440.0,3288.1,4060.0,148,5,4059.6,51,2,4059.5,100,2,4059.4,14,1,4059.0,134,4,4060.5,404,5,4060.6,14,1,4060.7,3,1,4060.8,96,6,4060.9,40,4
11483,2026-07-02 15:05:16+05:30,4060.0,16,4037.24,2194098,166627.0,152493.0,4100.0,4110.0,4012.0,4092.6,25719225,4501.8,3683.4,4440.0,3288.1,4060.0,148,5,4059.6,51,2,4059.5,100,2,4059.4,14,1,4059.0,134,4,4060.5,404,5,4060.6,14,1,4060.7,3,1,4060.8,96,6,4060.9,40,4
11483,2026-07-02 15:05:17+05:30,4060.5,23,4037.24,2194344,166510.0,152180.0,4100.0,4110.0,4012.0,4092.6,25719225,4501.8,3683.4,4440.0,3288.1,4060.0,210,6,4059.9,74,1,4059.6,51,2,4059.5,100,2,4059.4,14,1,4060.5,65,4,4060.7,13,1,4060.8,97,5,4060.9,32,2,4061.0,26,2
11483,2026-07-02 15:05:17+05:30,4060.0,50,4037.24,2194344,166510.0,152180.0,4100.0,4110.0,4012.0,4092.6,25719225,4501.8,3683.4,4440.0,3288.1,4060.0,210,6,4059.9,74,1,4059.6,51,2,4059.5,100,2,4059.4,14,1,4060.5,65,4,4060.7,13,1,4060.8,97,5,4060.9,32,2,4061.0,26,2
11483,2026-07-02 15:05:18+05:30,4060.0,50,4037.25,2194542,167306.0,152270.0,4100.0,4110.0,4012.0,4092.6,25719225,4501.8,3683.4,4440.0,3288.1,4060.1,1,1,4060.0,386,7,4059.9,77,2,4059.6,51,2,4059.5,100,2,4060.5,69,5,4060.7,13,1,4060.8,3,1,4061.0,1,1,4061.1,52,3
11483,2026-07-02 15:05:18+05:30,4060.0,12,4037.25,2194542,167306.0,152270.0,4100.0,4110.0,4012.0,4092.6,25719225,4501.8,3683.4,4440.0,3288.1,4060.1,1,1,4060.0,386,7,4059.9,77,2,4059.6,51,2,4059.5,100,2,4060.5,69,5,4060.7,13,1,4060.8,3,1,4061.0,1,1,4061.1,52,3
11483,2026-07-02 15:05:19+05:30,4060.1,3,4037.25,2195271,167067.0,152380.0,4100.0,4110.0,4012.0,4092.6,25719225,4501.8,3683.4,4440.0,3288.1,4059.9,77,2,4059.6,51,2,4059.5,100,2,4059.4,25,2,4059.0,134,4,4060.6,55,4,4060.7,14,2,4060.8,3,1,4060.9,79,3,4061.0,28,2
11483,2026-07-02 15:05:19+05:30,4060.6,1,4037.25,2195271,167067.0,152380.0,4100.0,4110.0,4012.0,4092.6,25719225,4501.8,3683.4,4440.0,3288.1,4059.9,77,2,4059.6,51,2,4059.5,100,2,4059.4,25,2,4059.0,134,4,4060.6,55,4,4060.7,14,2,4060.8,3,1,4060.9,79,3,4061.0,28,2
11483,2026-07-02 15:05:20+05:30,4060.1,4,4037.25,2195277,167070.0,152341.0,4100.0,4110.0,4012.0,4092.6,25719225,4501.8,3683.4,4440.0,3288.1,4060.1,82,1,4059.9,146,4,4059.6,51,2,4059.5,14,1,4059.4,25,2,4060.6,95,5,4060.7,14,2,4060.8,3,1,4060.9,54,2,4061.0,28,2
11483,2026-07-02 15:05:20+05:30,4060.1,8,4037.25,2195277,167070.0,152341.0,4100.0,4110.0,4012.0,4092.6,25719225,4501.8,3683.4,4440.0,3288.1,4060.1,82,1,4059.9,146,4,4059.6,51,2,4059.5,14,1,4059.4,25,2,4060.6,95,5,4060.7,14,2,4060.8,3,1,4060.9,54,2,4061.0,28,2
11483,2026-07-02 15:05:21+05:30,4060.6,6,4037.25,2195372,167079.0,152655.0,4100.0,4110.0,4012.0,4092.6,25719225,4501.8,3683.4,4440.0,3288.1,4060.1,75,2,4060.0,16,1,4059.9,149,5,4059.6,51,2,4059.5,14,1,4060.6,266,1,4060.7,38,3,4060.9,84,3,4061.0,28,2,4061.1,52,3
11483,2026-07-02 15:05:21+05:30,4060.1,57,4037.25,2195372,167079.0,152655.0,4100.0,4110.0,4012.0,4092.6,25719225,4501.8,3683.4,4440.0,3288.1,4060.1,75,2,4060.0,16,1,4059.9,149,5,4059.6,51,2,4059.5,14,1,4060.6,266,1,4060.7,38,3,4060.9,84,3,4061.0,28,2,4061.1,52,3
11483,2026-07-02 15:05:22+05:30,4060.6,1,4037.26,2195601,167319.0,152703.0,4100.0,4110.0,4012.0,4092.6,25719225,4501.8,3683.4,4440.0,3288.1,4060.1,50,4,4060.0,300,1,4059.9,149,5,4059.6,51,2,4059.5,14,1,4060.6,290,6,4060.7,29,3,4060.8,17,1,4060.9,20,1,4061.0,28,2
11483,2026-07-02 15:05:22+05:30,4060.6,25,4037.26,2195601,167319.0,152703.0,4100.0,4110.0,4012.0,4092.6,25719225,4501.8,3683.4,4440.0,3288.1,4060.1,50,4,4060.0,300,1,4059.9,149,5,4059.6,51,2,4059.5,14,1,4060.6,290,6,4060.7,29,3,4060.8,17,1,4060.9,20,1,4061.0,28,2
11483,2026-07-02 15:05:23+05:30,4060.1,1,4037.26,2195962,167167.0,152261.0,4100.0,4110.0,4012.0,4092.6,25719225,4501.8,3683.4,4440.0,3288.1,4060.1,1,1,4060.0,300,1,4059.9,149,5,4059.6,51,2,4059.5,14,1,4060.6,98,4,4060.7,40,4,4060.8,17,1,4060.9,75,3,4061.0,23,2
11483,2026-07-02 15:05:23+05:30,4060.1,1,4037.26,2195962,167167.0,152261.0,4100.0,4110.0,4012.0,4092.6,25719225,4501.8,3683.4,4440.0,3288.1,4060.1,1,1,4060.0,300,1,4059.9,149,5,4059.6,51,2,4059.5,14,1,4060.6,98,4,4060.7,40,4,4060.8,17,1,4060.9,75,3,4061.0,23,2
11483,2026-07-02 15:05:24+05:30,4060.6,2,4037.26,2196179,167441.0,151789.0,4100.0,4110.0,4012.0,4092.6,25719225,4501.8,3683.4,4440.0,3288.1,4060.6,52,2,4060.1,69,3,4060.0,301,2,4059.9,82,4,4059.6,51,2,4061.0,1,1,4061.3,33,2,4061.5,46,3,4061.6,30,2,4061.7,70,3
11483,2026-07-02 15:05:24+05:30,4060.6,10,4037.26,2196179,167441.0,151789.0,4100.0,4110.0,4012.0,4092.6,25719225,4501.8,3683.4,4440.0,3288.1,4060.6,52,2,4060.1,69,3,4060.0,301,2,4059.9,82,4,4059.6,51,2,4061.0,1,1,4061.3,33,2,4061.5,46,3,4061.6,30,2,4061.7,70,3
11483,2026-07-02 15:05:25+05:30,4060.6,35,4037.26,2196275,167445.0,151798.0,4100.0,4110.0,4012.0,4092.6,25719225,4501.8,3683.4,4440.0,3288.1,4060.6,20,3,4060.2,14,1,4060.1,71,3,4060.0,381,4,4059.9,93,5,4061.0,45,4,4061.1,23,2,4061.2,45,2,4061.3,57,3,4061.4,18,1
11483,2026-07-02 15:05:25+05:30,4060.6,2,4037.26,2196275,167445.0,151798.0,4100.0,4110.0,4012.0,4092.6,25719225,4501.8,3683.4,4440.0,3288.1,4060.6,20,3,4060.2,14,1,4060.1,71,3,4060.0,381,4,4059.9,93,5,4061.0,45,4,4061.1,23,2,4061.2,45,2,4061.3,57,3,4061.4,18,1
11483,2026-07-02 15:05:26+05:30,4060.6,26,4037.27,2196464,167463.0,151562.0,4100.0,4110.0,4012.0,4092.6,25719225,4501.8,3683.4,4440.0,3288.1,4060.6,102,3,4060.4,67,1,4060.2,14,1,4060.1,4,2,4060.0,381,4,4061.0,414,10,4061.1,33,3,4061.2,15,1,4061.3,67,3,4061.4,42,2
11483,2026-07-02 15:05:26+05:30,4060.6,10,4037.27,2196464,167463.0,151562.0,4100.0,4110.0,4012.0,4092.6,25719225,4501.8,3683.4,4440.0,3288.1,4060.6,102,3,4060.4,67,1,4060.2,14,1,4060.1,4,2,4060.0,381,4,4061.0,414,10,4061.1,33,3,4061.2,15,1,4061.3,67,3,4061.4,42,2
11483,2026-07-02 15:05:27+05:30,4060.6,18,4037.27,2196511,167473.0,151655.0,4100.0,4110.0,4012.0,4092.6,25719225,4501.8,3683.4,4440.0,3288.1,4060.6,123,5,4060.4,67,1,4060.2,14,1,4060.1,4,2,4060.0,393,5,4061.0,374,9,4061.1,11,1,4061.3,3,1,4061.4,62,3,4061.5,46,3
11483,2026-07-02 15:05:27+05:30,4060.6,18,4037.27,2196511,167473.0,151655.0,4100.0,4110.0,4012.0,4092.6,25719225,4501.8,3683.4,4440.0,3288.1,4060.6,123,5,4060.4,67,1,4060.2,14,1,4060.1,4,2,4060.0,393,5,4061.0,374,9,4061.1,11,1,4061.3,3,1,4061.4,62,3,4061.5,46,3
11483,2026-07-02 15:05:28+05:30,4060.6,3,4037.27,2196773,167137.0,151669.0,4100.0,4110.0,4012.0,4092.6,25719225,4501.8,3683.4,4440.0,3288.1,4060.6,78,4,4060.4,67,1,4060.2,14,1,4060.1,19,4,4060.0,381,4,4061.0,382,12,4061.1,53,3,4061.2,15,1,4061.3,44,3,4061.4,102,4
11483,2026-07-02 15:05:28+05:30,4060.6,3,4037.27,2196773,167137.0,151669.0,4100.0,4110.0,4012.0,4092.6,25719225,4501.8,3683.4,4440.0,3288.1,4060.6,78,4,4060.4,67,1,4060.2,14,1,4060.1,19,4,4060.0,381,4,4061.0,382,12,4061.1,53,3,4061.2,15,1,4061.3,44,3,4061.4,102,4
11483,2026-07-02 15:05:29+05:30,4060.4,1,4037.27,2196773,167137.0,151669.0,4100.0,4110.0,4012.0,4092.6,25719225,4501.8,3683.4,4440.0,3288.1,4060.4,66,1,4060.2,14,1,4060.1,19,4,4060.0,381,4,4059.9,20,4,4060.9,104,5,4061.0,371,9,4061.1,11,1,4061.2,20,1,4061.3,49,3
11483,2026-07-02 15:05:29+05:30,4060.4,1,4037.27,2196906,167199.0,151728.0,4100.0,4110.0,4012.0,4092.6,25719225,4501.8,3683.4,4440.0,3288.1,4060.4,66,1,4060.2,14,1,4060.1,19,4,4060.0,381,4,4059.9,20,4,4060.9,104,5,4061.0,371,9,4061.1,11,1,4061.2,20,1,4061.3,49,3
11483,2026-07-02 15:05:30+05:30,4060.7,3,4037.27,2196906,167199.0,151728.0,4100.0,4110.0,4012.0,4092.6,25719225,4501.8,3683.4,4440.0,3288.1,4060.4,66,1,4060.2,14,1,4060.1,19,4,4060.0,381,4,4059.9,20,4,4060.9,104,5,4061.0,371,9,4061.1,11,1,4061.2,20,1,4061.3,49,3
11483,2026-07-02 15:05:31+05:30,4060.7,3,4037.27,2196956,167242.0,151405.0,4100.0,4110.0,4012.0,4092.6,25719225,4501.8,3683.4,4440.0,3288.1,4060.6,8,2,4060.4,68,2,4060.2,14,1,4060.1,19,4,4060.0,381,4,4060.7,11,1,4060.9,120,6,4061.0,27,4,4061.3,3,1,4061.4,24,1
11483,2026-07-02 15:05:31+05:30,4060.6,3,4037.27,2196956,167242.0,151405.0,4100.0,4110.0,4012.0,4092.6,25719225,4501.8,3683.4,4440.0,3288.1,4060.6,8,2,4060.4,68,2,4060.2,14,1,4060.1,19,4,4060.0,381,4,4060.7,11,1,4060.9,120,6,4061.0,27,4,4061.3,3,1,4061.4,24,1
11483,2026-07-02 15:05:32+05:30,4060.6,3,4037.27,2197203,165589.0,151463.0,4100.0,4110.0,4012.0,4092.6,25719225,4501.8,3683.4,4440.0,3288.1,4060.6,147,4,4060.5,11,1,4060.4,61,2,4060.3,15,1,4060.2,14,1,4060.7,344,4,4060.9,65,2,4061.0,25,3,4061.1,11,1,4061.3,16,1
11483,2026-07-02 15:05:32+05:30,4060.6,12,4037.27,2197203,165589.0,151463.0,4100.0,4110.0,4012.0,4092.6,25719225,4501.8,3683.4,4440.0,3288.1,4060.6,147,4,4060.5,11,1,4060.4,61,2,4060.3,15,1,4060.2,14,1,4060.7,344,4,4060.9,65,2,4061.0,25,3,4061.1,11,1,4061.3,16,1
11483,2026-07-02 15:05:33+05:30,4060.6,12,4037.28,2197505,165166.0,151602.0,4100.0,4110.0,4012.0,4092.6,25719225,4501.8,3683.4,4440.0,3288.1,4060.6,6,3,4060.5,11,1,4060.4,61,2,4060.3,15,1,4060.2,14,1,4060.7,319,4,4060.9,89,3,4061.0,25,3,4061.1,11,1,4061.3,64,2
11483,2026-07-02 15:05:33+05:30,4060.7,50,4037.28,2197505,165166.0,151602.0,4100.0,4110.0,4012.0,4092.6,25719225,4501.8,3683.4,4440.0,3288.1,4060.6,6,3,4060.5,11,1,4060.4,61,2,4060.3,15,1,4060.2,14,1,4060.7,319,4,4060.9,89,3,4061.0,25,3,4061.1,11,1,4061.3,64,2
11483,2026-07-02 15:05:34+05:30,4060.7,50,4037.28,2197585,165386.0,151565.0,4100.0,4110.0,4012.0,4092.6,25719225,4501.8,3683.4,4440.0,3288.1,4060.6,77,4,4060.5,77,1,4060.4,2,1,4060.3,74,2,4060.2,14,1,4060.7,254,5,4060.9,65,2,4061.0,18,3,4061.1,24,1,4061.3,64,2
11483,2026-07-02 15:05:34+05:30,4060.7,52,4037.28,2197585,165386.0,151565.0,4100.0,4110.0,4012.0,4092.6,25719225,4501.8,3683.4,4440.0,3288.1,4060.6,77,4,4060.5,77,1,4060.4,2,1,4060.3,74,2,4060.2,14,1,4060.7,254,5,4060.9,65,2,4061.0,18,3,4061.1,24,1,4061.3,64,2
11483,2026-07-02 15:05:35+05:30,4060.7,52,4037.28,2198203,165484.0,151222.0,4100.0,4110.0,4012.0,4092.6,25719225,4501.8,3683.4,4440.0,3288.1,4060.6,4,2,4060.5,77,1,4060.4,81,2,4060.3,74,2,4060.2,25,2,4060.7,13,1,4061.0,5,2,4061.4,33,1,4061.5,9,2,4061.6,91,4
11483,2026-07-02 15:05:35+05:30,4060.6,3,4037.28,2198203,165484.0,151222.0,4100.0,4110.0,4012.0,4092.6,25719225,4501.8,3683.4,4440.0,3288.1,4060.6,4,2,4060.5,77,1,4060.4,81,2,4060.3,74,2,4060.2,25,2,4060.7,13,1,4061.0,5,2,4061.4,33,1,4061.5,9,2,4061.6,91,4
11483,2026-07-02 15:05:36+05:30,4060.6,3,4037.28,2198294,165930.0,151407.0,4100.0,4110.0,4012.0,4092.6,25719225,4501.8,3683.4,4440.0,3288.1,4060.6,83,4,4060.5,505,2,4060.4,81,2,4060.3,74,2,4060.2,25,2,4060.7,5,2,4060.8,26,1,4061.2,24,1,4061.4,3,1,4061.5,9,2
11483,2026-07-02 15:05:36+05:30,4060.6,1,4037.28,2198294,165930.0,151407.0,4100.0,4110.0,4012.0,4092.6,25719225,4501.8,3683.4,4440.0,3288.1,4060.6,83,4,4060.5,505,2,4060.4,81,2,4060.3,74,2,4060.2,25,2,4060.7,5,2,4060.8,26,1,4061.2,24,1,4061.4,3,1,4061.5,9,2
11483,2026-07-02 15:05:37+05:30,4060.6,1,4037.28,2198300,165989.0,152140.0,4100.0,4110.0,4012.0,4092.6,25719225,4501.8,3683.4,4440.0,3288.1,4060.6,91,6,4060.5,516,3,4060.4,81,2,4060.3,74,2,4060.2,14,1,4060.7,8,3,4060.8,26,1,4061.4,3,1,4061.5,9,2,4061.6,77,2
11483,2026-07-02 15:05:37+05:30,4060.6,21,4037.28,2198300,165989.0,152140.0,4100.0,4110.0,4012.0,4092.6,25719225,4501.8,3683.4,4440.0,3288.1,4060.6,91,6,4060.5,516,3,4060.4,81,2,4060.3,74,2,4060.2,14,1,4060.7,8,3,4060.8,26,1,4061.4,3,1,4061.5,9,2,4061.6,77,2
11483,2026-07-02 15:05:38+05:30,4060.6,21,4037.29,2198660,166014.0,152441.0,4100.0,4110.0,4012.0,4092.6,25719225,4501.8,3683.4,4440.0,3288.1,4060.6,67,6,4060.5,516,3,4060.4,81,2,4060.3,74,2,4060.2,14,1,4060.7,231,1,4061.5,19,2,4061.6,125,3,4061.7,66,2,4061.8,86,2
11483,2026-07-02 15:05:38+05:30,4060.6,3,4037.29,2198660,166014.0,152441.0,4100.0,4110.0,4012.0,4092.6,25719225,4501.8,3683.4,4440.0,3288.1,4060.6,67,6,4060.5,516,3,4060.4,81,2,4060.3,74,2,4060.2,14,1,4060.7,231,1,4061.5,19,2,4061.6,125,3,4061.7,66,2,4061.8,86,2
11483,2026-07-02 15:05:39+05:30,4060.5,77,4037.3,2199626,164910.0,152958.0,4100.0,4110.0,4012.0,4092.6,25719225,4501.8,3683.4,4440.0,3288.1,4060.6,59,1,4060.4,142,3,4060.3,15,1,4060.2,14,1,4060.1,5,2,4060.7,290,5,4060.8,36,2,4060.9,21,2,4061.1,38,2,4061.3,66,2
11483,2026-07-02 15:05:39+05:30,4060.5,77,4037.3,2199626,164910.0,152958.0,4100.0,4110.0,4012.0,4092.6,25719225,4501.8,3683.4,4440.0,3288.1,4060.6,59,1,4060.4,142,3,4060.3,15,1,4060.2,14,1,4060.1,5,2,4060.7,290,5,4060.8,36,2,4060.9,21,2,4061.1,38,2,4061.3,66,2
11483,2026-07-02 15:05:39+05:30,4060.6,1,4037.3,2199626,164910.0,152958.0,4100.0,4110.0,4012.0,4092.6,25719225,4501.8,3683.4,4440.0,3288.1,4060.6,59,1,4060.4,142,3,4060.3,15,1,4060.2,14,1,4060.1,5,2,4060.7,290,5,4060.8,36,2,4060.9,21,2,4061.1,38,2,4061.3,66,2
11483,2026-07-02 15:05:40+05:30,4060.6,1,4037.3,2199626,164910.0,152958.0,4100.0,4110.0,4012.0,4092.6,25719225,4501.8,3683.4,4440.0,3288.1,4060.6,59,1,4060.4,142,3,4060.3,15,1,4060.2,14,1,4060.1,5,2,4060.7,290,5,4060.8,36,2,4060.9,21,2,4061.1,38,2,4061.3,66,2
11483,2026-07-02 15:05:40+05:30,4060.5,832,4037.31,2200657,165127.0,152526.0,4100.0,4110.0,4012.0,4092.6,25719225,4501.8,3683.4,4440.0,3288.1,4060.5,278,2,4060.4,142,3,4060.3,15,1,4060.2,14,1,4060.1,5,2,4060.7,270,5,4060.8,24,1,4061.0,9,1,4061.1,50,3,4061.2,17,1
11483,2026-07-02 15:05:40+05:30,4060.5,832,4037.31,2200657,165127.0,152526.0,4100.0,4110.0,4012.0,4092.6,25719225,4501.8,3683.4,4440.0,3288.1,4060.5,278,2,4060.4,142,3,4060.3,15,1,4060.2,14,1,4060.1,5,2,4060.7,270,5,4060.8,24,1,4061.0,9,1,4061.1,50,3,4061.2,17,1
11483,2026-07-02 15:05:40+05:30,4060.2,9,4037.31,2200657,165127.0,152526.0,4100.0,4110.0,4012.0,4092.6,25719225,4501.8,3683.4,4440.0,3288.1,4060.5,278,2,4060.4,142,3,4060.3,15,1,4060.2,14,1,4060.1,5,2,4060.7,270,5,4060.8,24,1,4061.0,9,1,4061.1,50,3,4061.2,17,1
11483,2026-07-02 15:05:41+05:30,4060.2,9,4037.31,2200657,165127.0,152526.0,4100.0,4110.0,4012.0,4092.6,25719225,4501.8,3683.4,4440.0,3288.1,4060.5,278,2,4060.4,142,3,4060.3,15,1,4060.2,14,1,4060.1,5,2,4060.7,270,5,4060.8,24,1,4061.0,9,1,4061.1,50,3,4061.2,17,1
11483,2026-07-02 15:05:41+05:30,4060.3,24,4037.34,2203842,164451.0,153445.0,4100.0,4110.0,4012.0,4092.6,25719225,4501.8,3683.4,4440.0,3288.1,4060.3,57,1,4059.0,120,2,4058.6,1,1,4058.5,17,2,4058.4,94,3,4060.4,263,1,4060.5,33,5,4060.6,40,4,4060.7,95,7,4060.8,92,5
11483,2026-07-02 15:05:41+05:30,4060.4,1,4037.34,2203842,164451.0,153445.0,4100.0,4110.0,4012.0,4092.6,25719225,4501.8,3683.4,4440.0,3288.1,4060.3,57,1,4059.0,120,2,4058.6,1,1,4058.5,17,2,4058.4,94,3,4060.4,263,1,4060.5,33,5,4060.6,40,4,4060.7,95,7,4060.8,92,5
11483,2026-07-02 15:05:41+05:30,4060.4,1,4037.34,2203842,164451.0,153445.0,4100.0,4110.0,4012.0,4092.6,25719225,4501.8,3683.4,4440.0,3288.1,4060.3,57,1,4059.0,120,2,4058.6,1,1,4058.5,17,2,4058.4,94,3,4060.4,263,1,4060.5,33,5,4060.6,40,4,4060.7,95,7,4060.8,92,5
11483,2026-07-02 15:05:42+05:30,4060.4,1,4037.34,2203842,164451.0,153445.0,4100.0,4110.0,4012.0,4092.6,25719225,4501.8,3683.4,4440.0,3288.1,4060.3,57,1,4059.0,120,2,4058.6,1,1,4058.5,17,2,4058.4,94,3,4060.4,263,1,4060.5,33,5,4060.6,40,4,4060.7,95,7,4060.8,92,5
11483,2026-07-02 15:05:42+05:30,4060.4,58,4037.35,2204203,164808.0,153401.0,4100.0,4110.0,4012.0,4092.6,25719225,4501.8,3683.4,4440.0,3288.1,4060.3,171,4,4059.9,18,1,4059.0,120,2,4058.8,12,1,4058.7,130,3,4060.4,308,3,4060.5,26,3,4060.6,17,2,4060.7,59,2,4060.8,38,3
11483,2026-07-02 15:05:42+05:30,4060.3,29,4037.35,2204203,164808.0,153401.0,4100.0,4110.0,4012.0,4092.6,25719225,4501.8,3683.4,4440.0,3288.1,4060.3,171,4,4059.9,18,1,4059.0,120,2,4058.8,12,1,4058.7,130,3,4060.4,308,3,4060.5,26,3,4060.6,17,2,4060.7,59,2,4060.8,38,3
11483,2026-07-02 15:05:43+05:30,4060.3,29,4037.35,2204203,164808.0,153401.0,4100.0,4110.0,4012.0,4092.6,25719225,4501.8,3683.4,4440.0,3288.1,4060.3,171,4,4059.9,18,1,4059.0,120,2,4058.8,12,1,4058.7,130,3,4060.4,308,3,4060.5,26,3,4060.6,17,2,4060.7,59,2,4060.8,38,3
11483,2026-07-02 15:05:43+05:30,4060.3,88,4037.35,2204583,164360.0,153511.0,4100.0,4110.0,4012.0,4092.6,25719225,4501.8,3683.4,4440.0,3288.1,4060.3,111,2,4059.9,18,1,4059.0,120,2,4058.8,12,1,4058.7,50,2,4060.4,381,11,4060.5,2,2,4060.6,31,4,4060.8,81,5,4060.9,51,2
11483,2026-07-02 15:05:43+05:30,4060.3,88,4037.35,2204583,164360.0,153511.0,4100.0,4110.0,4012.0,4092.6,25719225,4501.8,3683.4,4440.0,3288.1,4060.3,111,2,4059.9,18,1,4059.0,120,2,4058.8,12,1,4058.7,50,2,4060.4,381,11,4060.5,2,2,4060.6,31,4,4060.8,81,5,4060.9,51,2
11483,2026-07-02 15:05:43+05:30,4060.3,88,4037.35,2204583,164360.0,153511.0,4100.0,4110.0,4012.0,4092.6,25719225,4501.8,3683.4,4440.0,3288.1,4060.3,111,2,4059.9,18,1,4059.0,120,2,4058.8,12,1,4058.7,50,2,4060.4,381,11,4060.5,2,2,4060.6,31,4,4060.8,81,5,4060.9,51,2
11483,2026-07-02 15:05:44+05:30,4060.3,88,4037.35,2204583,164360.0,153511.0,4100.0,4110.0,4012.0,4092.6,25731475,4501.8,3683.4,4440.0,3288.1,4060.3,111,2,4059.9,18,1,4059.0,120,2,4058.8,12,1,4058.7,50,2,4060.4,381,11,4060.5,2,2,4060.6,31,4,4060.8,81,5,4060.9,51,2
11483,2026-07-02 15:05:44+05:30,4059.9,1,4037.36,2205006,163197.0,153725.0,4100.0,4110.0,4012.0,4092.6,25731475,4501.8,3683.4,4440.0,3288.1,4059.9,18,2,4059.0,120,2,4058.6,1,1,4058.5,19,3,4058.2,13,1,4060.4,346,10,4060.5,10,1,4060.6,5,1,4060.7,43,2,4060.8,87,6
11483,2026-07-02 15:05:44+05:30,4059.9,1,4037.36,2205006,163197.0,153725.0,4100.0,4110.0,4012.0,4092.6,25731475,4501.8,3683.4,4440.0,3288.1,4059.9,18,2,4059.0,120,2,4058.6,1,1,4058.5,19,3,4058.2,13,1,4060.4,346,10,4060.5,10,1,4060.6,5,1,4060.7,43,2,4060.8,87,6
11483,2026-07-02 15:05:45+05:30,4059.9,1,4037.36,2205006,163197.0,153725.0,4100.0,4110.0,4012.0,4092.6,25731475,4501.8,3683.4,4440.0,3288.1,4059.9,18,2,4059.0,120,2,4058.6,1,1,4058.5,19,3,4058.2,13,1,4060.4,346,10,4060.5,10,1,4060.6,5,1,4060.7,43,2,4060.8,87,6
11483,2026-07-02 15:05:45+05:30,4060.3,8,4037.36,2205006,163197.0,153725.0,4100.0,4110.0,4012.0,4092.6,25731475,4501.8,3683.4,4440.0,3288.1,4059.9,18,2,4059.0,120,2,4058.6,1,1,4058.5,19,3,4058.2,13,1,4060.4,346,10,4060.5,10,1,4060.6,5,1,4060.7,43,2,4060.8,87,6
11483,2026-07-02 15:05:45+05:30,4060.3,8,4037.36,2205088,164184.0,153655.0,4100.0,4110.0,4012.0,4092.6,25731475,4501.8,3683.4,4440.0,3288.1,4060.3,1,1,4059.9,18,2,4059.8,10,1,4059.7,11,1,4059.6,13,1,4060.4,182,8,4060.5,10,1,4060.6,5,1,4060.7,12,1,4060.9,18,1
11483,2026-07-02 15:05:46+05:30,4060.3,8,4037.36,2205088,164184.0,153655.0,4100.0,4110.0,4012.0,4092.6,25731475,4501.8,3683.4,4440.0,3288.1,4060.3,1,1,4059.9,18,2,4059.8,10,1,4059.7,11,1,4059.6,13,1,4060.4,182,8,4060.5,10,1,4060.6,5,1,4060.7,12,1,4060.9,18,1
11483,2026-07-02 15:05:46+05:30,4060.4,2,4037.36,2205088,164184.0,153655.0,4100.0,4110.0,4012.0,4092.6,25731475,4501.8,3683.4,4440.0,3288.1,4060.3,1,1,4059.9,18,2,4059.8,10,1,4059.7,11,1,4059.6,13,1,4060.4,182,8,4060.5,10,1,4060.6,5,1,4060.7,12,1,4060.9,18,1
11483,2026-07-02 15:05:47+05:30,4060.4,2,4037.36,2205097,164313.0,153657.0,4100.0,4110.0,4012.0,4092.6,25731475,4501.8,3683.4,4440.0,3288.1,4060.3,7,4,4060.1,86,3,4059.9,88,3,4059.8,10,1,4059.7,11,1,4060.4,173,8,4060.5,10,1,4060.6,5,1,4060.7,12,1,4060.9,18,1
11483,2026-07-02 15:05:47+05:30,4060.3,4,4037.36,2205097,164313.0,153657.0,4100.0,4110.0,4012.0,4092.6,25731475,4501.8,3683.4,4440.0,3288.1,4060.3,7,4,4060.1,86,3,4059.9,88,3,4059.8,10,1,4059.7,11,1,4060.4,173,8,4060.5,10,1,4060.6,5,1,4060.7,12,1,4060.9,18,1
11483,2026-07-02 15:05:48+05:30,4060.3,4,4037.36,2205212,164434.0,153654.0,4100.0,4110.0,4012.0,4092.6,25731475,4501.8,3683.4,4440.0,3288.1,4060.3,6,2,4060.1,81,2,4059.9,88,3,4059.7,11,1,4059.6,13,1,4060.4,95,5,4060.5,10,1,4060.6,5,1,4060.7,12,1,4060.9,18,1
11483,2026-07-02 15:05:48+05:30,4060.4,6,4037.36,2205212,164434.0,153654.0,4100.0,4110.0,4012.0,4092.6,25731475,4501.8,3683.4,4440.0,3288.1,4060.3,6,2,4060.1,81,2,4059.9,88,3,4059.7,11,1,4059.6,13,1,4060.4,95,5,4060.5,10,1,4060.6,5,1,4060.7,12,1,4060.9,18,1
11483,2026-07-02 15:05:49+05:30,4060.3,1,4037.36,2205274,164200.0,153544.0,4100.0,4110.0,4012.0,4092.6,25731475,4501.8,3683.4,4440.0,3288.1,4060.3,90,6,4060.1,81,2,4060.0,7,1,4059.9,88,3,4059.8,10,1,4060.4,35,3,4060.6,7,2,4060.7,12,1,4060.9,18,1,4061.2,78,1
11483,2026-07-02 15:05:49+05:30,4060.6,5,4037.36,2205274,164200.0,153544.0,4100.0,4110.0,4012.0,4092.6,25731475,4501.8,3683.4,4440.0,3288.1,4060.3,90,6,4060.1,81,2,4060.0,7,1,4059.9,88,3,4059.8,10,1,4060.4,35,3,4060.6,7,2,4060.7,12,1,4060.9,18,1,4061.2,78,1
11483,2026-07-02 15:05:50+05:30,4060.3,1,4037.36,2205639,164089.0,153958.0,4100.0,4110.0,4012.0,4092.6,25731475,4501.8,3683.4,4440.0,3288.1,4060.1,81,2,4059.9,88,3,4059.5,12,1,4059.2,22,2,4059.0,143,3,4060.4,335,2,4060.7,11,1,4060.8,7,1,4060.9,74,3,4061.0,22,1
11483,2026-07-02 15:05:50+05:30,4060.4,14,4037.36,2205639,164089.0,153958.0,4100.0,4110.0,4012.0,4092.6,25731475,4501.8,3683.4,4440.0,3288.1,4060.1,81,2,4059.9,88,3,4059.5,12,1,4059.2,22,2,4059.0,143,3,4060.4,335,2,4060.7,11,1,4060.8,7,1,4060.9,74,3,4061.0,22,1
11483,2026-07-02 15:05:51+05:30,4060.4,100,4037.36,2205809,163926.0,153754.0,4100.0,4110.0,4012.0,4092.6,25731475,4501.8,3683.4,4440.0,3288.1,4060.1,86,4,4059.9,88,3,4059.5,12,1,4059.0,120,2,4058.9,24,1,4060.4,167,2,4060.7,11,1,4060.8,16,1,4060.9,74,3,4061.0,42,2
11483,2026-07-02 15:05:51+05:30,4060.1,75,4037.36,2205809,163926.0,153754.0,4100.0,4110.0,4012.0,4092.6,25731475,4501.8,3683.4,4440.0,3288.1,4060.1,86,4,4059.9,88,3,4059.5,12,1,4059.0,120,2,4058.9,24,1,4060.4,167,2,4060.7,11,1,4060.8,16,1,4060.9,74,3,4061.0,42,2
11483,2026-07-02 15:05:52+05:30,4060.3,160,4037.37,2206285,163962.0,153775.0,4100.0,4110.0,4012.0,4092.6,25731475,4501.8,3683.4,4440.0,3288.1,4060.3,70,1,4060.1,9,2,4059.9,18,2,4059.5,12,1,4059.1,22,1,4060.4,42,5,4060.7,35,2,4060.8,12,1,4060.9,38,2,4061.0,42,2
11483,2026-07-02 15:05:52+05:30,4060.7,1,4037.37,2206285,163962.0,153775.0,4100.0,4110.0,4012.0,4092.6,25731475,4501.8,3683.4,4440.0,3288.1,4060.3,70,1,4060.1,9,2,4059.9,18,2,4059.5,12,1,4059.1,22,1,4060.4,42,5,4060.7,35,2,4060.8,12,1,4060.9,38,2,4061.0,42,2
11483,2026-07-02 15:05:53+05:30,4061.0,70,4037.37,2206630,163833.0,153845.0,4100.0,4110.0,4012.0,4092.6,25731475,4501.8,3683.4,4440.0,3288.1,4060.1,97,3,4060.0,10,1,4059.9,18,2,4059.5,12,1,4059.2,2,1,4061.0,12,1,4061.1,105,4,4061.2,119,4,4061.3,95,3,4061.4,140,6
11483,2026-07-02 15:05:53+05:30,4061.0,70,4037.37,2206630,163833.0,153845.0,4100.0,4110.0,4012.0,4092.6,25731475,4501.8,3683.4,4440.0,3288.1,4060.1,97,3,4060.0,10,1,4059.9,18,2,4059.5,12,1,4059.2,2,1,4061.0,12,1,4061.1,105,4,4061.2,119,4,4061.3,95,3,4061.4,140,6
11483,2026-07-02 15:05:54+05:30,4061.4,18,4037.37,2206851,164047.0,154195.0,4100.0,4110.0,4012.0,4092.6,25731475,4501.8,3683.4,4440.0,3288.1,4060.2,88,1,4060.1,10,3,4060.0,10,1,4059.9,6,2,4059.8,15,1,4061.0,33,1,4061.5,92,6,4061.6,172,6,4061.7,42,1,4061.8,74,4
11483,2026-07-02 15:05:54+05:30,4061.0,1,4037.37,2206851,164047.0,154195.0,4100.0,4110.0,4012.0,4092.6,25731475,4501.8,3683.4,4440.0,3288.1,4060.2,88,1,4060.1,10,3,4060.0,10,1,4059.9,6,2,4059.8,15,1,4061.0,33,1,4061.5,92,6,4061.6,172,6,4061.7,42,1,4061.8,74,4
11483,2026-07-02 15:05:55+05:30,4060.2,2,4037.38,2207064,164063.0,154559.0,4100.0,4110.0,4012.0,4092.6,25731475,4501.8,3683.4,4440.0,3288.1,4060.2,86,1,4060.1,92,4,4060.0,10,1,4059.9,5,1,4059.5,12,1,4060.3,436,3,4060.8,15,1,4061.0,85,4,4061.2,24,1,4061.3,90,3
11483,2026-07-02 15:05:55+05:30,4060.2,2,4037.38,2207064,164063.0,154559.0,4100.0,4110.0,4012.0,4092.6,25731475,4501.8,3683.4,4440.0,3288.1,4060.2,86,1,4060.1,92,4,4060.0,10,1,4059.9,5,1,4059.5,12,1,4060.3,436,3,4060.8,15,1,4061.0,85,4,4061.2,24,1,4061.3,90,3
11483,2026-07-02 15:05:56+05:30,4060.3,3,4037.38,2207064,164063.0,154559.0,4100.0,4110.0,4012.0,4092.6,25731475,4501.8,3683.4,4440.0,3288.1,4060.2,86,1,4060.1,92,4,4060.0,10,1,4059.9,5,1,4059.5,12,1,4060.3,436,3,4060.8,15,1,4061.0,85,4,4061.2,24,1,4061.3,90,3
11483,2026-07-02 15:05:56+05:30,4060.3,3,4037.38,2207493,163862.0,154622.0,4100.0,4110.0,4012.0,4092.6,25731475,4501.8,3683.4,4440.0,3288.1,4060.1,3,2,4060.0,20,2,4059.9,5,1,4059.5,12,1,4059.4,17,1,4060.3,457,5,4060.6,12,1,4060.7,15,1,4060.8,37,2,4060.9,6,1
11483,2026-07-02 15:05:57+05:30,4059.9,44,4037.38,2207493,163862.0,154622.0,4100.0,4110.0,4012.0,4092.6,25731475,4501.8,3683.4,4440.0,3288.1,4060.1,3,2,4060.0,20,2,4059.9,5,1,4059.5,12,1,4059.4,17,1,4060.3,457,5,4060.6,12,1,4060.7,15,1,4060.8,37,2,4060.9,6,1
11483,2026-07-02 15:05:57+05:30,4059.9,44,4037.38,2207565,163920.0,154677.0,4100.0,4110.0,4012.0,4092.6,25731475,4501.8,3683.4,4440.0,3288.1,4060.1,1,1,4059.9,70,1,4059.5,12,1,4059.4,17,1,4059.2,2,1,4060.3,435,5,4060.4,9,1,4060.5,39,2,4060.6,80,2,4060.7,63,4
11483,2026-07-02 15:05:58+05:30,4060.3,7,4037.38,2207565,163920.0,154677.0,4100.0,4110.0,4012.0,4092.6,25731475,4501.8,3683.4,4440.0,3288.1,4060.1,1,1,4059.9,70,1,4059.5,12,1,4059.4,17,1,4059.2,2,1,4060.3,435,5,4060.4,9,1,4060.5,39,2,4060.6,80,2,4060.7,63,4
11483,2026-07-02 15:05:59+05:30,4060.3,7,4037.38,2207572,164138.0,154454.0,4100.0,4110.0,4012.0,4092.6,25731475,4501.8,3683.4,4440.0,3288.1,4060.1,1,1,4059.9,70,1,4059.7,15,1,4059.6,10,1,4059.5,12,1,4060.3,447,8,4060.5,50,2,4060.6,67,1,4060.7,45,2,4060.8,13,1
11483,2026-07-02 15:05:59+05:30,4060.3,1,4037.38,2207572,164138.0,154454.0,4100.0,4110.0,4012.0,4092.6,25731475,4501.8,3683.4,4440.0,3288.1,4060.1,1,1,4059.9,70,1,4059.7,15,1,4059.6,10,1,4059.5,12,1,4060.3,447,8,4060.5,50,2,4060.6,67,1,4060.7,45,2,4060.8,13,1
11483,2026-07-02 15:06:00+05:30,4060.3,1,4037.38,2207577,164266.0,154512.0,4100.0,4110.0,4012.0,4092.6,25731475,4501.8,3683.4,4440.0,3288.1,4060.1,1,1,4059.9,70,1,4059.7,15,1,4059.6,10,1,4059.5,12,1,4060.3,443,7,4060.5,50,2,4060.6,67,1,4060.7,45,2,4061.0,77,3
11483,2026-07-02 15:06:00+05:30,4059.9,8,4037.38,2207577,164266.0,154512.0,4100.0,4110.0,4012.0,4092.6,25731475,4501.8,3683.4,4440.0,3288.1,4060.1,1,1,4059.9,70,1,4059.7,15,1,4059.6,10,1,4059.5,12,1,4060.3,443,7,4060.5,50,2,4060.6,67,1,4060.7,45,2,4061.0,77,3
11483,2026-07-02 15:06:01+05:30,4060.3,1,4037.38,2207801,164233.0,154434.0,4100.0,4110.0,4012.0,4092.6,25731475,4501.8,3683.4,4440.0,3288.1,4059.9,64,2,4059.7,15,1,4059.6,10,1,4059.5,12,1,4059.2,71,1,4060.3,261,9,4060.5,50,2,4060.6,67,1,4060.7,15,1,4061.3,140,4
11483,2026-07-02 15:06:01+05:30,4059.9,2,4037.38,2207801,164233.0,154434.0,4100.0,4110.0,4012.0,4092.6,25731475,4501.8,3683.4,4440.0,3288.1,4059.9,64,2,4059.7,15,1,4059.6,10,1,4059.5,12,1,4059.2,71,1,4060.3,261,9,4060.5,50,2,4060.6,67,1,4060.7,15,1,4061.3,140,4
11483,2026-07-02 15:06:02+05:30,4059.9,2,4037.38,2207803,164271.0,154457.0,4100.0,4110.0,4012.0,4092.6,25731475,4501.8,3683.4,4440.0,3288.1,4060.0,58,1,4059.9,63,3,4059.7,15,1,4059.6,10,1,4059.5,12,1,4060.3,259,8,4060.5,50,2,4060.6,67,1,4060.7,15,1,4061.0,34,1
11483,2026-07-02 15:06:02+05:30,4060.0,58,4037.38,2207803,164271.0,154457.0,4100.0,4110.0,4012.0,4092.6,25731475,4501.8,3683.4,4440.0,3288.1,4060.0,58,1,4059.9,63,3,4059.7,15,1,4059.6,10,1,4059.5,12,1,4060.3,259,8,4060.5,50,2,4060.6,67,1,4060.7,15,1,4061.0,34,1
11483,2026-07-02 15:06:03+05:30,4060.0,58,4037.39,2207861,164230.0,154540.0,4100.0,4110.0,4012.0,4092.6,25731475,4501.8,3683.4,4440.0,3288.1,4060.0,2,2,4059.9,62,2,4059.7,15,1,4059.6,10,1,4059.5,12,1,4060.3,263,9,4060.5,50,2,4060.6,101,3,4060.7,25,2,4061.0,96,3
11483,2026-07-02 15:06:03+05:30,4059.9,2,4037.39,2207861,164230.0,154540.0,4100.0,4110.0,4012.0,4092.6,25731475,4501.8,3683.4,4440.0,3288.1,4060.0,2,2,4059.9,62,2,4059.7,15,1,4059.6,10,1,4059.5,12,1,4060.3,263,9,4060.5,50,2,4060.6,101,3,4060.7,25,2,4061.0,96,3
11483,2026-07-02 15:06:04+05:30,4060.3,44,4037.39,2207910,164237.0,154296.0,4100.0,4110.0,4012.0,4092.6,25731475,4501.8,3683.4,4440.0,3288.1,4060.1,17,1,4060.0,4,1,4059.9,60,2,4059.7,15,1,4059.6,10,1,4060.3,80,10,4060.5,50,2,4060.6,68,2,4060.7,25,2,4061.0,103,3
11483,2026-07-02 15:06:04+05:30,4060.3,4,4037.39,2207910,164237.0,154296.0,4100.0,4110.0,4012.0,4092.6,25731475,4501.8,3683.4,4440.0,3288.1,4060.1,17,1,4060.0,4,1,4059.9,60,2,4059.7,15,1,4059.6,10,1,4060.3,80,10,4060.5,50,2,4060.6,68,2,4060.7,25,2,4061.0,103,3
11483,2026-07-02 15:06:05+05:30,4060.1,32,4037.39,2208138,164325.0,154479.0,4100.0,4110.0,4012.0,4092.6,25731475,4501.8,3683.4,4440.0,3288.1,4060.1,17,1,4060.0,4,1,4059.9,60,2,4059.7,15,1,4059.6,10,1,4060.3,303,1,4060.5,15,1,4060.6,98,3,4060.7,37,3,4061.0,1,1
11483,2026-07-02 15:06:05+05:30,4060.1,32,4037.39,2208138,164325.0,154479.0,4100.0,4110.0,4012.0,4092.6,25731475,4501.8,3683.4,4440.0,3288.1,4060.1,17,1,4060.0,4,1,4059.9,60,2,4059.7,15,1,4059.6,10,1,4060.3,303,1,4060.5,15,1,4060.6,98,3,4060.7,37,3,4061.0,1,1
11483,2026-07-02 15:06:06+05:30,4060.1,7,4037.39,2208178,164376.0,154484.0,4100.0,4110.0,4012.0,4092.6,25731475,4501.8,3683.4,4440.0,3288.1,4060.1,12,2,4059.9,60,2,4059.7,15,1,4059.6,10,1,4059.5,13,2,4060.3,308,3,4060.5,15,1,4060.6,68,2,4060.7,25,2,4060.8,17,1
11483,2026-07-02 15:06:06+05:30,4060.1,1,4037.39,2208178,164376.0,154484.0,4100.0,4110.0,4012.0,4092.6,25731475,4501.8,3683.4,4440.0,3288.1,4060.1,12,2,4059.9,60,2,4059.7,15,1,4059.6,10,1,4059.5,13,2,4060.3,308,3,4060.5,15,1,4060.6,68,2,4060.7,25,2,4060.8,17,1
11483,2026-07-02 15:06:07+05:30,4060.3,66,4037.39,2208277,164427.0,154508.0,4100.0,4110.0,4012.0,4092.6,25731475,4501.8,3683.4,4440.0,3288.1,4060.1,18,2,4060.0,10,1,4059.9,60,2,4059.7,15,1,4059.6,25,3,4060.3,306,5,4060.5,15,1,4060.6,68,2,4060.7,57,3,4061.0,1,1
11483,2026-07-02 15:06:07+05:30,4060.3,66,4037.39,2208277,164427.0,154508.0,4100.0,4110.0,4012.0,4092.6,25731475,4501.8,3683.4,4440.0,3288.1,4060.1,18,2,4060.0,10,1,4059.9,60,2,4059.7,15,1,4059.6,25,3,4060.3,306,5,4060.5,15,1,4060.6,68,2,4060.7,57,3,4061.0,1,1
11483,2026-07-02 15:06:08+05:30,4060.1,2,4037.39,2208311,164351.0,154423.0,4100.0,4110.0,4012.0,4092.6,25731475,4501.8,3683.4,4440.0,3288.1,4060.1,20,3,4060.0,10,1,4059.9,60,2,4059.8,8,1,4059.7,15,1,4060.3,274,5,4060.5,15,1,4060.6,68,2,4060.7,25,2,4061.0,1,1
11483,2026-07-02 15:06:08+05:30,4060.1,3,4037.39,2208311,164351.0,154423.0,4100.0,4110.0,4012.0,4092.6,25731475,4501.8,3683.4,4440.0,3288.1,4060.1,20,3,4060.0,10,1,4059.9,60,2,4059.8,8,1,4059.7,15,1,4060.3,274,5,4060.5,15,1,4060.6,68,2,4060.7,25,2,4061.0,1,1
11483,2026-07-02 15:06:09+05:30,4059.9,1,4037.39,2208311,164351.0,154423.0,4100.0,4110.0,4012.0,4092.6,25731475,4501.8,3683.4,4440.0,3288.1,4059.9,25,2,4059.7,15,1,4059.6,25,3,4059.5,13,2,4059.2,2,1,4060.3,258,8,4060.5,15,1,4060.6,68,2,4060.7,53,3,4061.0,43,2
11483,2026-07-02 15:06:09+05:30,4059.9,1,4037.39,2208445,164375.0,154331.0,4100.0,4110.0,4012.0,4092.6,25731475,4501.8,3683.4,4440.0,3288.1,4059.9,25,2,4059.7,15,1,4059.6,25,3,4059.5,13,2,4059.2,2,1,4060.3,258,8,4060.5,15,1,4060.6,68,2,4060.7,53,3,4061.0,43,2
11483,2026-07-02 15:06:10+05:30,4059.9,4,4037.39,2208445,164375.0,154331.0,4100.0,4110.0,4012.0,4092.6,25731475,4501.8,3683.4,4440.0,3288.1,4059.9,25,2,4059.7,15,1,4059.6,25,3,4059.5,13,2,4059.2,2,1,4060.3,258,8,4060.5,15,1,4060.6,68,2,4060.7,53,3,4061.0,43,2
11483,2026-07-02 15:06:11+05:30,4059.9,4,4037.39,2208450,164249.0,154325.0,4100.0,4110.0,4012.0,4092.6,25731475,4501.8,3683.4,4440.0,3288.1,4059.9,21,2,4059.7,15,1,4059.6,25,3,4059.5,13,2,4059.2,2,1,4060.3,300,10,4060.5,39,2,4060.6,83,3,4060.7,108,5,4060.8,66,3
11483,2026-07-02 15:06:12+05:30,4059.9,4,4037.39,2208450,164229.0,153880.0,4100.0,4110.0,4012.0,4092.6,25731475,4501.8,3683.4,4440.0,3288.1,4059.9,25,4,4059.7,15,1,4059.6,25,3,4059.5,13,2,4059.0,120,2,4060.3,254,7,4060.5,15,1,4060.6,83,3,4060.7,61,3,4060.8,20,1
11483,2026-07-02 15:06:12+05:30,4060.3,113,4037.39,2208450,164229.0,153880.0,4100.0,4110.0,4012.0,4092.6,25731475,4501.8,3683.4,4440.0,3288.1,4059.9,25,4,4059.7,15,1,4059.6,25,3,4059.5,13,2,4059.0,120,2,4060.3,254,7,4060.5,15,1,4060.6,83,3,4060.7,61,3,4060.8,20,1
11483,2026-07-02 15:06:13+05:30,4060.3,113,4037.39,2208565,164215.0,153770.0,4100.0,4110.0,4012.0,4092.6,25731475,4501.8,3683.4,4440.0,3288.1,4059.9,24,5,4059.7,15,1,4059.6,25,3,4059.5,13,2,4059.0,120,2,4060.3,146,8,4060.5,15,1,4060.6,83,3,4060.7,61,3,4060.8,20,1
11483,2026-07-02 15:06:13+05:30,4060.3,3,4037.39,2208565,164215.0,153770.0,4100.0,4110.0,4012.0,4092.6,25731475,4501.8,3683.4,4440.0,3288.1,4059.9,24,5,4059.7,15,1,4059.6,25,3,4059.5,13,2,4059.0,120,2,4060.3,146,8,4060.5,15,1,4060.6,83,3,4060.7,61,3,4060.8,20,1
11483,2026-07-02 15:06:14+05:30,4060.3,3,4037.39,2208570,164208.0,153946.0,4100.0,4110.0,4012.0,4092.6,25731475,4501.8,3683.4,4440.0,3288.1,4059.9,24,5,4059.7,15,1,4059.6,25,3,4059.5,13,2,4059.0,120,2,4060.3,180,12,4060.5,15,1,4060.6,68,2,4060.7,25,2,4061.0,93,4
11483,2026-07-02 15:06:14+05:30,4059.9,4,4037.39,2208570,164208.0,153946.0,4100.0,4110.0,4012.0,4092.6,25731475,4501.8,3683.4,4440.0,3288.1,4059.9,24,5,4059.7,15,1,4059.6,25,3,4059.5,13,2,4059.0,120,2,4060.3,180,12,4060.5,15,1,4060.6,68,2,4060.7,25,2,4061.0,93,4
11483,2026-07-02 15:06:15+05:30,4060.3,1,4037.39,2208576,164278.0,153935.0,4100.0,4110.0,4012.0,4092.6,25731475,4501.8,3683.4,4440.0,3288.1,4060.0,100,1,4059.9,25,8,4059.7,15,1,4059.6,25,3,4059.5,1,1,4060.3,253,16,4060.5,15,1,4060.6,84,4,4060.7,25,2,4060.8,20,1
11483,2026-07-02 15:06:15+05:30,4060.3,3,4037.39,2208576,164278.0,153935.0,4100.0,4110.0,4012.0,4092.6,25731475,4501.8,3683.4,4440.0,3288.1,4060.0,100,1,4059.9,25,8,4059.7,15,1,4059.6,25,3,4059.5,1,1,4060.3,253,16,4060.5,15,1,4060.6,84,4,4060.7,25,2,4060.8,20,1
11483,2026-07-02 15:06:16+05:30,4060.0,6,4037.39,2208709,164120.0,154036.0,4100.0,4110.0,4012.0,4092.6,25731475,4501.8,3683.4,4440.0,3288.1,4059.9,22,7,4059.7,15,1,4059.6,25,3,4059.5,1,1,4059.0,120,2,4060.3,195,16,4060.5,15,1,4060.6,100,4,4060.7,44,3,4060.8,42,2
11483,2026-07-02 15:06:16+05:30,4059.7,3,4037.39,2208709,164120.0,154036.0,4100.0,4110.0,4012.0,4092.6,25731475,4501.8,3683.4,4440.0,3288.1,4059.9,22,7,4059.7,15,1,4059.6,25,3,4059.5,1,1,4059.0,120,2,4060.3,195,16,4060.5,15,1,4060.6,100,4,4060.7,44,3,4060.8,42,2
11483,2026-07-02 15:06:17+05:30,4059.7,3,4037.39,2208762,164086.0,154023.0,4100.0,4110.0,4012.0,4092.6,25731475,4501.8,3683.4,4440.0,3288.1,4060.0,1,1,4059.9,3,1,4059.7,15,1,4059.6,25,3,4059.5,1,1,4060.3,230,17,4060.5,15,1,4060.6,100,4,4060.7,74,4,4060.8,66,3
11483,2026-07-02 15:06:18+05:30,4060.0,5,4037.39,2208767,164077.0,153951.0,4100.0,4110.0,4012.0,4092.6,25731475,4501.8,3683.4,4440.0,3288.1,4060.0,1,1,4059.9,3,1,4059.7,15,1,4059.6,25,3,4059.5,1,1,4060.3,196,16,4060.5,15,1,4060.6,69,3,4060.7,55,3,4060.8,20,1
11483,2026-07-02 15:06:18+05:30,4059.7,4,4037.39,2208767,164077.0,153951.0,4100.0,4110.0,4012.0,4092.6,25731475,4501.8,3683.4,4440.0,3288.1,4060.0,1,1,4059.9,3,1,4059.7,15,1,4059.6,25,3,4059.5,1,1,4060.3,196,16,4060.5,15,1,4060.6,69,3,4060.7,55,3,4060.8,20,1
11483,2026-07-02 15:06:19+05:30,4059.7,4,4037.39,2208777,164102.0,153991.0,4100.0,4110.0,4012.0,4092.6,25731475,4501.8,3683.4,4440.0,3288.1,4060.0,3,1,4059.7,8,1,4059.6,25,3,4059.5,1,1,4059.1,50,1,4060.3,197,16,4060.5,15,1,4060.6,69,3,4060.7,55,3,4060.8,20,1
11483,2026-07-02 15:06:19+05:30,4060.0,3,4037.39,2208777,164102.0,153991.0,4100.0,4110.0,4012.0,4092.6,25731475,4501.8,3683.4,4440.0,3288.1,4060.0,3,1,4059.7,8,1,4059.6,25,3,4059.5,1,1,4059.1,50,1,4060.3,197,16,4060.5,15,1,4060.6,69,3,4060.7,55,3,4060.8,20,1
11483,2026-07-02 15:06:20+05:30,4060.1,4,4037.39,2208784,164118.0,154003.0,4100.0,4110.0,4012.0,4092.6,25731475,4501.8,3683.4,4440.0,3288.1,4060.0,5,1,4059.7,18,2,4059.6,25,3,4059.5,1,1,4059.0,144,3,4060.1,69,2,4060.3,186,14,4060.5,15,1,4060.6,69,3,4060.7,55,3
11483,2026-07-02 15:06:20+05:30,4060.1,2,4037.39,2208784,164118.0,154003.0,4100.0,4110.0,4012.0,4092.6,25731475,4501.8,3683.4,4440.0,3288.1,4060.0,5,1,4059.7,18,2,4059.6,25,3,4059.5,1,1,4059.0,144,3,4060.1,69,2,4060.3,186,14,4060.5,15,1,4060.6,69,3,4060.7,55,3
11483,2026-07-02 15:06:21+05:30,4059.7,1,4037.39,2208791,164010.0,154584.0,4100.0,4110.0,4012.0,4092.6,25731475,4501.8,3683.4,4440.0,3288.1,4059.7,18,3,4059.6,25,3,4059.5,1,1,4059.0,120,2,4058.9,11,1,4059.9,1,1,4060.0,11,1,4060.1,621,10,4060.3,23,5,4060.5,15,1
11483,2026-07-02 15:06:21+05:30,4059.7,1,4037.39,2208791,164010.0,154584.0,4100.0,4110.0,4012.0,4092.6,25731475,4501.8,3683.4,4440.0,3288.1,4059.7,18,3,4059.6,25,3,4059.5,1,1,4059.0,120,2,4058.9,11,1,4059.9,1,1,4060.0,11,1,4060.1,621,10,4060.3,23,5,4060.5,15,1
11483,2026-07-02 15:06:22+05:30,4059.7,2,4037.39,2208796,164256.0,154251.0,4100.0,4110.0,4012.0,4092.6,25731475,4501.8,3683.4,4440.0,3288.1,4059.7,15,3,4059.6,25,3,4059.5,1,1,4059.0,120,2,4058.9,11,1,4059.9,35,4,4060.0,5,2,4060.1,326,8,4060.2,6,1,4060.3,23,5
11483,2026-07-02 15:06:22+05:30,4059.7,2,4037.39,2208796,164256.0,154251.0,4100.0,4110.0,4012.0,4092.6,25731475,4501.8,3683.4,4440.0,3288.1,4059.7,15,3,4059.6,25,3,4059.5,1,1,4059.0,120,2,4058.9,11,1,4059.9,35,4,4060.0,5,2,4060.1,326,8,4060.2,6,1,4060.3,23,5
11483,2026-07-02 15:06:23+05:30,4059.6,3,4037.4,2208846,163935.0,154631.0,4100.0,4110.0,4012.0,4092.6,25731475,4501.8,3683.4,4440.0,3288.1,4059.6,22,3,4059.5,1,1,4059.0,120,2,4058.9,11,1,4058.7,13,1,4059.9,42,6,4060.0,304,3,4060.1,327,7,4060.2,6,1,4060.3,45,6
11483,2026-07-02 15:06:23+05:30,4060.1,18,4037.4,2208846,163935.0,154631.0,4100.0,4110.0,4012.0,4092.6,25731475,4501.8,3683.4,4440.0,3288.1,4059.6,22,3,4059.5,1,1,4059.0,120,2,4058.9,11,1,4058.7,13,1,4059.9,42,6,4060.0,304,3,4060.1,327,7,4060.2,6,1,4060.3,45,6
11483,2026-07-02 15:06:24+05:30,4059.9,1,4037.4,2209395,164083.0,154068.0,4100.0,4110.0,4012.0,4092.6,25731475,4501.8,3683.4,4440.0,3288.1,4059.6,27,4,4059.5,1,1,4059.0,134,3,4058.9,11,1,4058.8,17,1,4059.9,281,7,4060.1,22,2,4060.3,19,4,4060.5,15,1,4060.6,69,3
11483,2026-07-02 15:06:24+05:30,4059.9,1,4037.4,2209395,164083.0,154068.0,4100.0,4110.0,4012.0,4092.6,25731475,4501.8,3683.4,4440.0,3288.1,4059.6,27,4,4059.5,1,1,4059.0,134,3,4058.9,11,1,4058.8,17,1,4059.9,281,7,4060.1,22,2,4060.3,19,4,4060.5,15,1,4060.6,69,3
11483,2026-07-02 15:06:25+05:30,4059.9,2,4037.4,2209402,164003.0,154432.0,4100.0,4110.0,4012.0,4092.6,25731475,4501.8,3683.4,4440.0,3288.1,4059.6,26,5,4059.5,1,1,4059.0,120,2,4058.9,11,1,4058.8,38,2,4059.9,281,8,4060.0,1,1,4060.1,22,2,4060.3,18,3,4060.5,15,1
11483,2026-07-02 15:06:25+05:30,4059.9,2,4037.4,2209402,164003.0,154432.0,4100.0,4110.0,4012.0,4092.6,25731475,4501.8,3683.4,4440.0,3288.1,4059.6,26,5,4059.5,1,1,4059.0,120,2,4058.9,11,1,4058.8,38,2,4059.9,281,8,4060.0,1,1,4060.1,22,2,4060.3,18,3,4060.5,15,1
11483,2026-07-02 15:06:26+05:30,4059.7,1,4037.4,2209442,163702.0,154822.0,4100.0,4110.0,4012.0,4092.6,25731475,4501.8,3683.4,4440.0,3288.1,4059.6,17,5,4059.5,1,1,4059.0,120,2,4058.9,11,1,4058.8,38,2,4059.9,272,8,4060.0,307,2,4060.1,22,2,4060.2,6,1,4060.3,18,3
11483,2026-07-02 15:06:26+05:30,4059.7,1,4037.4,2209442,163702.0,154822.0,4100.0,4110.0,4012.0,4092.6,25731475,4501.8,3683.4,4440.0,3288.1,4059.6,17,5,4059.5,1,1,4059.0,120,2,4058.9,11,1,4058.8,38,2,4059.9,272,8,4060.0,307,2,4060.1,22,2,4060.2,6,1,4060.3,18,3
11483,2026-07-02 15:06:27+05:30,4059.7,3,4037.4,2209445,163754.0,154908.0,4100.0,4110.0,4012.0,4092.6,25731475,4501.8,3683.4,4440.0,3288.1,4059.6,24,8,4059.5,1,1,4059.0,120,2,4058.9,11,1,4058.8,38,2,4059.7,1,1,4059.9,277,9,4060.0,327,3,4060.1,23,3,4060.3,17,2
11483,2026-07-02 15:06:27+05:30,4059.7,3,4037.4,2209445,163754.0,154908.0,4100.0,4110.0,4012.0,4092.6,25731475,4501.8,3683.4,4440.0,3288.1,4059.6,24,8,4059.5,1,1,4059.0,120,2,4058.9,11,1,4058.8,38,2,4059.7,1,1,4059.9,277,9,4060.0,327,3,4060.1,23,3,4060.3,17,2
11483,2026-07-02 15:06:28+05:30,4059.9,3,4037.4,2209459,163753.0,154893.0,4100.0,4110.0,4012.0,4092.6,25731475,4501.8,3683.4,4440.0,3288.1,4059.6,24,8,4059.5,1,1,4059.0,134,4,4058.9,35,2,4058.8,38,2,4059.7,3,1,4059.9,267,7,4060.0,327,3,4060.1,23,3,4060.3,17,2
11483,2026-07-02 15:06:28+05:30,4059.9,3,4037.4,2209459,163753.0,154893.0,4100.0,4110.0,4012.0,4092.6,25731475,4501.8,3683.4,4440.0,3288.1,4059.6,24,8,4059.5,1,1,4059.0,134,4,4058.9,35,2,4058.8,38,2,4059.7,3,1,4059.9,267,7,4060.0,327,3,4060.1,23,3,4060.3,17,2
11483,2026-07-02 15:06:29+05:30,4059.9,2,4037.4,2209564,163765.0,154879.0,4100.0,4110.0,4012.0,4092.6,25731475,4501.8,3683.4,4440.0,3288.1,4059.5,1,1,4059.1,19,1,4059.0,151,5,4058.9,11,1,4058.8,38,2,4059.7,13,2,4059.9,243,6,4060.0,327,3,4060.1,13,2,4060.3,5,1
11483,2026-07-02 15:06:29+05:30,4059.9,2,4037.4,2209564,163765.0,154879.0,4100.0,4110.0,4012.0,4092.6,25731475,4501.8,3683.4,4440.0,3288.1,4059.5,1,1,4059.1,19,1,4059.0,151,5,4058.9,11,1,4058.8,38,2,4059.7,13,2,4059.9,243,6,4060.0,327,3,4060.1,13,2,4060.3,5,1
11483,2026-07-02 15:06:30+05:30,4059.7,26,4037.4,2209615,163697.0,154917.0,4100.0,4110.0,4012.0,4092.6,25731475,4501.8,3683.4,4440.0,3288.1,4059.6,1,1,4059.5,1,1,4059.1,19,1,4059.0,140,4,4058.9,11,1,4059.7,246,6,4059.9,18,2,4060.0,327,3,4060.1,13,2,4060.3,5,1
11483,2026-07-02 15:06:30+05:30,4059.7,26,4037.4,2209615,163697.0,154917.0,4100.0,4110.0,4012.0,4092.6,25731475,4501.8,3683.4,4440.0,3288.1,4059.6,1,1,4059.5,1,1,4059.1,19,1,4059.0,140,4,4058.9,11,1,4059.7,246,6,4059.9,18,2,4060.0,327,3,4060.1,13,2,4060.3,5,1
11483,2026-07-02 15:06:31+05:30,4059.1,1,4037.4,2209628,163109.0,155050.0,4100.0,4110.0,4012.0,4092.6,25731475,4501.8,3683.4,4440.0,3288.1,4059.0,140,4,4058.9,11,1,4058.8,38,2,4058.7,13,1,4058.6,36,4,4059.6,8,2,4059.7,244,7,4059.9,5,1,4060.0,327,3,4060.1,13,2
11483,2026-07-02 15:06:31+05:30,4059.1,1,4037.4,2209628,163109.0,155050.0,4100.0,4110.0,4012.0,4092.6,25731475,4501.8,3683.4,4440.0,3288.1,4059.0,140,4,4058.9,11,1,4058.8,38,2,4058.7,13,1,4058.6,36,4,4059.6,8,2,4059.7,244,7,4059.9,5,1,4060.0,327,3,4060.1,13,2
11483,2026-07-02 15:06:32+05:30,4059.1,1,4037.4,2209628,163439.0,154695.0,4100.0,4110.0,4012.0,4092.6,25731475,4501.8,3683.4,4440.0,3288.1,4059.1,46,3,4059.0,165,6,4058.9,22,2,4058.8,38,2,4058.7,38,2,4059.6,8,2,4059.7,244,7,4059.9,18,2,4060.0,327,3,4060.1,13,2
11483,2026-07-02 15:06:34+05:30,4059.1,1,4037.4,2209628,163371.0,154664.0,4100.0,4110.0,4012.0,4092.6,25731475,4501.8,3683.4,4440.0,3288.1,4059.1,16,3,4059.0,123,3,4058.8,21,1,4058.7,14,1,4058.6,229,6,4059.6,275,8,4059.7,2,1,4059.9,18,2,4060.0,327,3,4060.1,13,2
11483,2026-07-02 15:06:34+05:30,4058.8,1,4037.4,2209628,163371.0,154664.0,4100.0,4110.0,4012.0,4092.6,25731475,4501.8,3683.4,4440.0,3288.1,4059.1,16,3,4059.0,123,3,4058.8,21,1,4058.7,14,1,4058.6,229,6,4059.6,275,8,4059.7,2,1,4059.9,18,2,4060.0,327,3,4060.1,13,2
11483,2026-07-02 15:06:35+05:30,4058.8,11,4037.41,2210017,162837.0,154869.0,4100.0,4110.0,4012.0,4092.6,25731475,4501.8,3683.4,4440.0,3288.1,4058.8,34,4,4058.7,66,5,4058.6,61,5,4058.5,22,2,4058.4,135,5,4059.6,87,7,4059.9,18,2,4060.0,327,3,4060.1,13,2,4060.3,5,1
11483,2026-07-02 15:06:35+05:30,4059.6,2,4037.41,2210017,162837.0,154869.0,4100.0,4110.0,4012.0,4092.6,25731475,4501.8,3683.4,4440.0,3288.1,4058.8,34,4,4058.7,66,5,4058.6,61,5,4058.5,22,2,4058.4,135,5,4059.6,87,7,4059.9,18,2,4060.0,327,3,4060.1,13,2,4060.3,5,1
11483,2026-07-02 15:06:36+05:30,4059.6,2,4037.41,2210019,163173.0,154990.0,4100.0,4110.0,4012.0,4092.6,25731475,4501.8,3683.4,4440.0,3288.1,4059.0,28,3,4058.9,22,3,4058.8,25,4,4058.7,90,6,4058.6,217,6,4059.6,74,7,4059.9,29,3,4060.0,327,3,4060.1,13,2,4060.3,5,1
11483,2026-07-02 15:06:36+05:30,4059.1,5,4037.41,2210019,163173.0,154990.0,4100.0,4110.0,4012.0,4092.6,25731475,4501.8,3683.4,4440.0,3288.1,4059.0,28,3,4058.9,22,3,4058.8,25,4,4058.7,90,6,4058.6,217,6,4059.6,74,7,4059.9,29,3,4060.0,327,3,4060.1,13,2,4060.3,5,1
11483,2026-07-02 15:06:37+05:30,4059.1,5,4037.41,2210031,163264.0,154598.0,4100.0,4110.0,4012.0,4092.6,25731475,4501.8,3683.4,4440.0,3288.1,4059.1,30,4,4059.0,17,2,4058.9,22,3,4058.8,24,3,4058.7,120,7,4059.6,98,9,4059.9,5,1,4060.0,330,4,4060.1,13,2,4060.3,5,1
11483,2026-07-02 15:06:37+05:30,4059.3,22,4037.41,2210031,163264.0,154598.0,4100.0,4110.0,4012.0,4092.6,25731475,4501.8,3683.4,4440.0,3288.1,4059.1,30,4,4059.0,17,2,4058.9,22,3,4058.8,24,3,4058.7,120,7,4059.6,98,9,4059.9,5,1,4060.0,330,4,4060.1,13,2,4060.3,5,1
11483,2026-07-02 15:06:38+05:30,4059.3,22,4037.41,2210278,163565.0,155106.0,4100.0,4110.0,4012.0,4092.6,25731475,4501.8,3683.4,4440.0,3288.1,4059.2,71,5,4059.1,9,3,4059.0,11,2,4058.9,44,4,4058.8,23,3,4059.6,11,1,4059.7,60,1,4059.9,23,2,4060.0,355,5,4060.1,13,2
11483,2026-07-02 15:06:38+05:30,4058.9,5,4037.41,2210278,163565.0,155106.0,4100.0,4110.0,4012.0,4092.6,25731475,4501.8,3683.4,4440.0,3288.1,4059.2,71,5,4059.1,9,3,4059.0,11,2,4058.9,44,4,4058.8,23,3,4059.6,11,1,4059.7,60,1,4059.9,23,2,4060.0,355,5,4060.1,13,2
11483,2026-07-02 15:06:39+05:30,4059.6,2,4037.41,2210376,163117.0,155324.0,4100.0,4110.0,4012.0,4092.6,25731475,4501.8,3683.4,4440.0,3288.1,4058.9,47,5,4058.8,21,3,4058.7,116,6,4058.6,217,6,4058.5,22,2,4059.6,93,2,4059.7,60,1,4059.9,17,2,4060.0,355,5,4060.1,23,3
11483,2026-07-02 15:06:39+05:30,4058.6,9,4037.41,2210376,163117.0,155324.0,4100.0,4110.0,4012.0,4092.6,25731475,4501.8,3683.4,4440.0,3288.1,4058.9,47,5,4058.8,21,3,4058.7,116,6,4058.6,217,6,4058.5,22,2,4059.6,93,2,4059.7,60,1,4059.9,17,2,4060.0,355,5,4060.1,23,3
11483,2026-07-02 15:06:40+05:30,4058.6,9,4037.41,2210559,163029.0,155469.0,4100.0,4110.0,4012.0,4092.6,25731475,4501.8,3683.4,4440.0,3288.1,4058.6,225,6,4058.5,22,2,4058.4,112,4,4058.3,49,3,4058.2,57,2,4059.6,95,5,4059.7,60,1,4059.9,17,2,4060.0,355,5,4060.1,23,3
11483,2026-07-02 15:06:40+05:30,4058.6,9,4037.41,2210559,163029.0,155469.0,4100.0,4110.0,4012.0,4092.6,25731475,4501.8,3683.4,4440.0,3288.1,4058.6,225,6,4058.5,22,2,4058.4,112,4,4058.3,49,3,4058.2,57,2,4059.6,95,5,4059.7,60,1,4059.9,17,2,4060.0,355,5,4060.1,23,3
11483,2026-07-02 15:06:40+05:30,4058.6,25,4037.41,2210559,163029.0,155469.0,4100.0,4110.0,4012.0,4092.6,25731475,4501.8,3683.4,4440.0,3288.1,4058.6,225,6,4058.5,22,2,4058.4,112,4,4058.3,49,3,4058.2,57,2,4059.6,95,5,4059.7,60,1,4059.9,17,2,4060.0,355,5,4060.1,23,3
11483,2026-07-02 15:06:41+05:30,4058.6,25,4037.41,2210559,163029.0,155469.0,4100.0,4110.0,4012.0,4092.6,25731475,4501.8,3683.4,4440.0,3288.1,4058.6,233,5,4058.5,5,1,4058.4,44,2,4058.3,2,1,4058.2,79,3,4059.6,102,7,4059.7,60,1,4059.9,17,2,4060.0,385,6,4060.1,23,3
11483,2026-07-02 15:06:41+05:30,4058.6,25,4037.41,2210635,163042.0,155545.0,4100.0,4110.0,4012.0,4092.6,25731475,4501.8,3683.4,4440.0,3288.1,4058.6,233,5,4058.5,5,1,4058.4,44,2,4058.3,2,1,4058.2,79,3,4059.6,102,7,4059.7,60,1,4059.9,17,2,4060.0,385,6,4060.1,23,3
11483,2026-07-02 15:06:41+05:30,4058.6,25,4037.41,2210635,163042.0,155545.0,4100.0,4110.0,4012.0,4092.6,25731475,4501.8,3683.4,4440.0,3288.1,4058.6,233,5,4058.5,5,1,4058.4,44,2,4058.3,2,1,4058.2,79,3,4059.6,102,7,4059.7,60,1,4059.9,17,2,4060.0,385,6,4060.1,23,3
11483,2026-07-02 15:06:41+05:30,4058.6,7,4037.41,2210635,163042.0,155545.0,4100.0,4110.0,4012.0,4092.6,25731475,4501.8,3683.4,4440.0,3288.1,4058.6,233,5,4058.5,5,1,4058.4,44,2,4058.3,2,1,4058.2,79,3,4059.6,102,7,4059.7,60,1,4059.9,17,2,4060.0,385,6,4060.1,23,3
11483,2026-07-02 15:06:42+05:30,4058.6,7,4037.41,2210753,162833.0,155240.0,4100.0,4110.0,4012.0,4092.6,25731475,4501.8,3683.4,4440.0,3288.1,4058.6,115,4,4058.5,5,1,4058.4,33,1,4058.3,2,1,4058.2,79,3,4059.6,106,10,4059.7,60,1,4059.9,17,2,4060.0,493,7,4060.1,23,3
11483,2026-07-02 15:06:42+05:30,4058.6,7,4037.41,2210753,162833.0,155240.0,4100.0,4110.0,4012.0,4092.6,25731475,4501.8,3683.4,4440.0,3288.1,4058.6,115,4,4058.5,5,1,4058.4,33,1,4058.3,2,1,4058.2,79,3,4059.6,106,10,4059.7,60,1,4059.9,17,2,4060.0,493,7,4060.1,23,3
11483,2026-07-02 15:06:42+05:30,4058.6,35,4037.41,2210753,162833.0,155240.0,4100.0,4110.0,4012.0,4092.6,25731475,4501.8,3683.4,4440.0,3288.1,4058.6,115,4,4058.5,5,1,4058.4,33,1,4058.3,2,1,4058.2,79,3,4059.6,106,10,4059.7,60,1,4059.9,17,2,4060.0,493,7,4060.1,23,3
11483,2026-07-02 15:06:43+05:30,4058.6,35,4037.42,2210833,162831.0,156242.0,4100.0,4110.0,4012.0,4092.6,25731475,4501.8,3683.4,4440.0,3288.1,4058.6,53,4,4058.5,6,2,4058.3,2,1,4058.2,46,2,4058.1,176,2,4059.0,20,1,4059.6,105,10,4059.7,60,1,4059.8,7,1,4059.9,17,2
11483,2026-07-02 15:06:43+05:30,4058.6,35,4037.42,2210833,162831.0,156242.0,4100.0,4110.0,4012.0,4092.6,25731475,4501.8,3683.4,4440.0,3288.1,4058.6,53,4,4058.5,6,2,4058.3,2,1,4058.2,46,2,4058.1,176,2,4059.0,20,1,4059.6,105,10,4059.7,60,1,4059.8,7,1,4059.9,17,2
11483,2026-07-02 15:06:43+05:30,4058.6,13,4037.42,2210833,162831.0,156242.0,4100.0,4110.0,4012.0,4092.6,25731475,4501.8,3683.4,4440.0,3288.1,4058.6,53,4,4058.5,6,2,4058.3,2,1,4058.2,46,2,4058.1,176,2,4059.0,20,1,4059.6,105,10,4059.7,60,1,4059.8,7,1,4059.9,17,2
11483,2026-07-02 15:06:44+05:30,4058.6,13,4037.42,2211028,162623.0,155689.0,4100.0,4110.0,4012.0,4092.6,25731475,4501.8,3683.4,4440.0,3288.1,4058.6,62,2,4058.5,6,2,4058.2,24,1,4058.1,1,1,4058.0,58,3,4059.6,121,12,4059.7,168,2,4059.8,7,1,4059.9,18,2,4060.0,503,7
11483,2026-07-02 15:06:44+05:30,4058.6,13,4037.42,2211028,162623.0,155689.0,4100.0,4110.0,4012.0,4092.6,25731475,4501.8,3683.4,4440.0,3288.1,4058.6,62,2,4058.5,6,2,4058.2,24,1,4058.1,1,1,4058.0,58,3,4059.6,121,12,4059.7,168,2,4059.8,7,1,4059.9,18,2,4060.0,503,7
11483,2026-07-02 15:06:44+05:30,4058.6,13,4037.42,2211028,162623.0,155689.0,4100.0,4110.0,4012.0,4092.6,25747225,4501.8,3683.4,4440.0,3288.1,4058.6,62,2,4058.5,6,2,4058.2,24,1,4058.1,1,1,4058.0,58,3,4059.6,121,12,4059.7,168,2,4059.8,7,1,4059.9,18,2,4060.0,503,7
11483,2026-07-02 15:06:44+05:30,4058.6,76,4037.42,2211028,162623.0,155689.0,4100.0,4110.0,4012.0,4092.6,25747225,4501.8,3683.4,4440.0,3288.1,4058.6,62,2,4058.5,6,2,4058.2,24,1,4058.1,1,1,4058.0,58,3,4059.6,121,12,4059.7,168,2,4059.8,7,1,4059.9,18,2,4060.0,503,7
11483,2026-07-02 15:06:45+05:30,4058.6,76,4037.42,2211028,162623.0,155689.0,4100.0,4110.0,4012.0,4092.6,25747225,4501.8,3683.4,4440.0,3288.1,4058.6,62,2,4058.5,6,2,4058.2,24,1,4058.1,1,1,4058.0,58,3,4059.6,121,12,4059.7,168,2,4059.8,7,1,4059.9,18,2,4060.0,503,7
11483,2026-07-02 15:06:45+05:30,4058.6,76,4037.42,2211184,162735.0,155789.0,4100.0,4110.0,4012.0,4092.6,25747225,4501.8,3683.4,4440.0,3288.1,4058.6,66,1,4058.5,6,2,4058.2,24,1,4058.1,1,1,4058.0,58,3,4059.6,126,14,4059.7,168,2,4059.8,7,1,4059.9,18,2,4060.0,507,8
11483,2026-07-02 15:06:45+05:30,4058.6,76,4037.42,2211184,162735.0,155789.0,4100.0,4110.0,4012.0,4092.6,25747225,4501.8,3683.4,4440.0,3288.1,4058.6,66,1,4058.5,6,2,4058.2,24,1,4058.1,1,1,4058.0,58,3,4059.6,126,14,4059.7,168,2,4059.8,7,1,4059.9,18,2,4060.0,507,8
11483,2026-07-02 15:06:45+05:30,4058.6,2,4037.42,2211184,162735.0,155789.0,4100.0,4110.0,4012.0,4092.6,25747225,4501.8,3683.4,4440.0,3288.1,4058.6,66,1,4058.5,6,2,4058.2,24,1,4058.1,1,1,4058.0,58,3,4059.6,126,14,4059.7,168,2,4059.8,7,1,4059.9,18,2,4060.0,507,8
11483,2026-07-02 15:06:46+05:30,4058.6,2,4037.42,2211184,162735.0,155789.0,4100.0,4110.0,4012.0,4092.6,25747225,4501.8,3683.4,4440.0,3288.1,4058.6,66,1,4058.5,6,2,4058.2,24,1,4058.1,1,1,4058.0,58,3,4059.6,126,14,4059.7,168,2,4059.8,7,1,4059.9,18,2,4060.0,507,8
11483,2026-07-02 15:06:46+05:30,4058.6,2,4037.42,2211219,162764.0,155979.0,4100.0,4110.0,4012.0,4092.6,25747225,4501.8,3683.4,4440.0,3288.1,4059.1,2,2,4058.6,210,3,4058.5,6,2,4058.2,24,1,4058.1,1,1,4059.6,259,17,4059.7,168,2,4059.9,103,5,4060.0,483,7,4060.1,96,7
11483,2026-07-02 15:06:46+05:30,4058.6,2,4037.42,2211219,162764.0,155979.0,4100.0,4110.0,4012.0,4092.6,25747225,4501.8,3683.4,4440.0,3288.1,4059.1,2,2,4058.6,210,3,4058.5,6,2,4058.2,24,1,4058.1,1,1,4059.6,259,17,4059.7,168,2,4059.9,103,5,4060.0,483,7,4060.1,96,7
11483,2026-07-02 15:06:46+05:30,4058.6,6,4037.42,2211219,162764.0,155979.0,4100.0,4110.0,4012.0,4092.6,25747225,4501.8,3683.4,4440.0,3288.1,4059.1,2,2,4058.6,210,3,4058.5,6,2,4058.2,24,1,4058.1,1,1,4059.6,259,17,4059.7,168,2,4059.9,103,5,4060.0,483,7,4060.1,96,7
11483,2026-07-02 15:06:47+05:30,4059.3,2,4037.42,2211244,162844.0,155996.0,4100.0,4110.0,4012.0,4092.6,25747225,4501.8,3683.4,4440.0,3288.1,4059.1,1,1,4058.6,204,3,4058.5,181,3,4058.1,1,1,4058.0,15,2,4059.3,10,1,4059.6,259,17,4059.7,76,3,4059.8,50,2,4059.9,57,3
11483,2026-07-02 15:06:47+05:30,4059.3,1,4037.42,2211244,162844.0,155996.0,4100.0,4110.0,4012.0,4092.6,25747225,4501.8,3683.4,4440.0,3288.1,4059.1,1,1,4058.6,204,3,4058.5,181,3,4058.1,1,1,4058.0,15,2,4059.3,10,1,4059.6,259,17,4059.7,76,3,4059.8,50,2,4059.9,57,3
11483,2026-07-02 15:06:48+05:30,4059.3,1,4037.42,2211249,162861.0,156053.0,4100.0,4110.0,4012.0,4092.6,25747225,4501.8,3683.4,4440.0,3288.1,4059.1,37,3,4058.6,175,1,4058.5,181,3,4058.1,1,1,4058.0,15,2,4059.3,37,4,4059.6,252,14,4059.7,142,3,4059.8,55,2,4059.9,76,4
11483,2026-07-02 15:06:48+05:30,4059.1,105,4037.42,2211249,162861.0,156053.0,4100.0,4110.0,4012.0,4092.6,25747225,4501.8,3683.4,4440.0,3288.1,4059.1,37,3,4058.6,175,1,4058.5,181,3,4058.1,1,1,4058.0,15,2,4059.3,37,4,4059.6,252,14,4059.7,142,3,4059.8,55,2,4059.9,76,4
11483,2026-07-02 15:06:49+05:30,4059.1,105,4037.42,2211361,163021.0,155655.0,4100.0,4110.0,4012.0,4092.6,25747225,4501.8,3683.4,4440.0,3288.1,4059.1,32,1,4058.6,175,1,4058.5,181,3,4058.1,1,1,4058.0,15,2,4059.3,22,3,4059.6,209,10,4059.7,142,3,4059.8,55,2,4059.9,54,4
11483,2026-07-02 15:06:49+05:30,4059.1,181,4037.42,2211361,163021.0,155655.0,4100.0,4110.0,4012.0,4092.6,25747225,4501.8,3683.4,4440.0,3288.1,4059.1,32,1,4058.6,175,1,4058.5,181,3,4058.1,1,1,4058.0,15,2,4059.3,22,3,4059.6,209,10,4059.7,142,3,4059.8,55,2,4059.9,54,4
11483,2026-07-02 15:06:50+05:30,4058.6,1,4037.42,2211579,163270.0,155802.0,4100.0,4110.0,4012.0,4092.6,25747225,4501.8,3683.4,4440.0,3288.1,4058.7,2,1,4058.6,182,2,4058.5,181,3,4058.1,43,3,4058.0,136,5,4059.3,231,8,4059.5,2,1,4059.6,53,7,4059.7,142,3,4059.8,39,1
11483,2026-07-02 15:06:50+05:30,4058.6,5,4037.42,2211579,163270.0,155802.0,4100.0,4110.0,4012.0,4092.6,25747225,4501.8,3683.4,4440.0,3288.1,4058.7,2,1,4058.6,182,2,4058.5,181,3,4058.1,43,3,4058.0,136,5,4059.3,231,8,4059.5,2,1,4059.6,53,7,4059.7,142,3,4059.8,39,1
11483,2026-07-02 15:06:51+05:30,4058.6,4,4037.42,2211697,163183.0,155983.0,4100.0,4110.0,4012.0,4092.6,25747225,4501.8,3683.4,4440.0,3288.1,4058.6,265,5,4058.5,29,3,4058.3,16,1,4058.1,45,4,4058.0,136,5,4059.1,12,1,4059.3,334,9,4059.5,2,1,4059.6,37,5,4059.7,142,3
11483,2026-07-02 15:06:51+05:30,4058.6,4,4037.42,2211697,163183.0,155983.0,4100.0,4110.0,4012.0,4092.6,25747225,4501.8,3683.4,4440.0,3288.1,4058.6,265,5,4058.5,29,3,4058.3,16,1,4058.1,45,4,4058.0,136,5,4059.1,12,1,4059.3,334,9,4059.5,2,1,4059.6,37,5,4059.7,142,3
11483,2026-07-02 15:06:52+05:30,4058.7,20,4037.42,2211725,163202.0,156168.0,4100.0,4110.0,4012.0,4092.6,25747225,4501.8,3683.4,4440.0,3288.1,4058.7,11,1,4058.6,72,4,4058.5,181,3,4058.1,1,1,4058.0,136,5,4059.1,240,7,4059.3,125,4,4059.5,7,2,4059.6,36,4,4059.7,142,3
11483,2026-07-02 15:06:52+05:30,4058.7,20,4037.42,2211725,163202.0,156168.0,4100.0,4110.0,4012.0,4092.6,25747225,4501.8,3683.4,4440.0,3288.1,4058.7,11,1,4058.6,72,4,4058.5,181,3,4058.1,1,1,4058.0,136,5,4059.1,240,7,4059.3,125,4,4059.5,7,2,4059.6,36,4,4059.7,142,3
11483,2026-07-02 15:06:53+05:30,4059.1,4,4037.42,2211730,163148.0,156461.0,4100.0,4110.0,4012.0,4092.6,25747225,4501.8,3683.4,4440.0,3288.1,4058.7,15,2,4058.6,72,4,4058.5,181,3,4058.1,1,1,4058.0,90,4,4058.9,13,1,4059.1,308,12,4059.2,11,1,4059.3,110,2,4059.4,9,1
11483,2026-07-02 15:06:53+05:30,4058.7,3,4037.42,2211730,163148.0,156461.0,4100.0,4110.0,4012.0,4092.6,25747225,4501.8,3683.4,4440.0,3288.1,4058.7,15,2,4058.6,72,4,4058.5,181,3,4058.1,1,1,4058.0,90,4,4058.9,13,1,4059.1,308,12,4059.2,11,1,4059.3,110,2,4059.4,9,1
11483,2026-07-02 15:06:54+05:30,4058.9,1,4037.42,2211755,163283.0,156932.0,4100.0,4110.0,4012.0,4092.6,25747225,4501.8,3683.4,4440.0,3288.1,4058.7,15,3,4058.6,63,3,4058.5,181,3,4058.3,11,1,4058.2,13,1,4058.9,8,1,4059.0,30,1,4059.1,284,11,4059.3,110,2,4059.5,5,1
11483,2026-07-02 15:06:54+05:30,4058.7,4,4037.42,2211755,163283.0,156932.0,4100.0,4110.0,4012.0,4092.6,25747225,4501.8,3683.4,4440.0,3288.1,4058.7,15,3,4058.6,63,3,4058.5,181,3,4058.3,11,1,4058.2,13,1,4058.9,8,1,4059.0,30,1,4059.1,284,11,4059.3,110,2,4059.5,5,1
11483,2026-07-02 15:06:55+05:30,4058.7,26,4037.42,2211793,163234.0,156939.0,4100.0,4110.0,4012.0,4092.6,25747225,4501.8,3683.4,4440.0,3288.1,4058.6,62,2,4058.5,181,3,4058.3,11,1,4058.2,13,1,4058.1,1,1,4058.9,36,4,4059.0,50,2,4059.1,254,9,4059.2,13,1,4059.3,134,3
11483,2026-07-02 15:06:55+05:30,4058.7,26,4037.42,2211793,163234.0,156939.0,4100.0,4110.0,4012.0,4092.6,25747225,4501.8,3683.4,4440.0,3288.1,4058.6,62,2,4058.5,181,3,4058.3,11,1,4058.2,13,1,4058.1,1,1,4058.9,36,4,4059.0,50,2,4059.1,254,9,4059.2,13,1,4059.3,134,3
11483,2026-07-02 15:06:56+05:30,4058.9,1,4037.43,2212214,163156.0,156312.0,4100.0,4110.0,4012.0,4092.6,25747225,4501.8,3683.4,4440.0,3288.1,4058.5,181,3,4058.3,20,2,4058.2,24,2,4058.1,1,1,4058.0,90,4,4058.9,2,1,4059.0,50,2,4059.3,122,3,4059.5,5,1,4059.6,60,5
11483,2026-07-02 15:06:56+05:30,4058.9,1,4037.43,2212214,163156.0,156312.0,4100.0,4110.0,4012.0,4092.6,25747225,4501.8,3683.4,4440.0,3288.1,4058.5,181,3,4058.3,20,2,4058.2,24,2,4058.1,1,1,4058.0,90,4,4058.9,2,1,4059.0,50,2,4059.3,122,3,4059.5,5,1,4059.6,60,5
11483,2026-07-02 15:06:57+05:30,4058.9,1,4037.43,2212214,163305.0,156365.0,4100.0,4110.0,4012.0,4092.6,25747225,4501.8,3683.4,4440.0,3288.1,4058.6,128,2,4058.5,194,5,4058.3,11,1,4058.2,13,1,4058.1,1,1,4058.9,3,2,4059.0,107,3,4059.3,122,3,4059.5,5,1,4059.6,60,5
11483,2026-07-02 15:06:57+05:30,4058.6,1,4037.43,2212214,163305.0,156365.0,4100.0,4110.0,4012.0,4092.6,25747225,4501.8,3683.4,4440.0,3288.1,4058.6,128,2,4058.5,194,5,4058.3,11,1,4058.2,13,1,4058.1,1,1,4058.9,3,2,4059.0,107,3,4059.3,122,3,4059.5,5,1,4059.6,60,5
11483,2026-07-02 15:06:58+05:30,4058.9,2,4037.43,2212217,163262.0,157054.0,4100.0,4110.0,4012.0,4092.6,25747225,4501.8,3683.4,4440.0,3288.1,4058.6,132,4,4058.5,190,4,4058.3,11,1,4058.2,13,1,4058.1,1,1,4058.9,16,3,4059.0,107,3,4059.1,12,1,4059.3,110,2,4059.5,5,1
11483,2026-07-02 15:06:58+05:30,4058.9,4,4037.43,2212217,163262.0,157054.0,4100.0,4110.0,4012.0,4092.6,25747225,4501.8,3683.4,4440.0,3288.1,4058.6,132,4,4058.5,190,4,4058.3,11,1,4058.2,13,1,4058.1,1,1,4058.9,16,3,4059.0,107,3,4059.1,12,1,4059.3,110,2,4059.5,5,1
11483,2026-07-02 15:06:59+05:30,4058.9,14,4037.43,2212249,163255.0,157078.0,4100.0,4110.0,4012.0,4092.6,25747225,4501.8,3683.4,4440.0,3288.1,4058.6,132,4,4058.5,190,4,4058.3,11,1,4058.2,13,1,4058.1,1,1,4058.9,40,2,4059.0,107,3,4059.1,12,1,4059.3,110,2,4059.5,5,1
11483,2026-07-02 15:06:59+05:30,4058.6,5,4037.43,2212249,163255.0,157078.0,4100.0,4110.0,4012.0,4092.6,25747225,4501.8,3683.4,4440.0,3288.1,4058.6,132,4,4058.5,190,4,4058.3,11,1,4058.2,13,1,4058.1,1,1,4058.9,40,2,4059.0,107,3,4059.1,12,1,4059.3,110,2,4059.5,5,1
11483,2026-07-02 15:07:00+05:30,4058.9,1,4037.43,2212514,163187.0,156625.0,4100.0,4110.0,4012.0,4092.6,25747225,4501.8,3683.4,4440.0,3288.1,4058.6,140,7,4058.5,181,3,4058.4,8,1,4058.3,11,1,4058.2,13,1,4058.9,59,4,4059.0,108,4,4059.3,110,2,4059.5,5,1,4059.6,33,3
11483,2026-07-02 15:07:00+05:30,4058.9,3,4037.43,2212514,163187.0,156625.0,4100.0,4110.0,4012.0,4092.6,25747225,4501.8,3683.4,4440.0,3288.1,4058.6,140,7,4058.5,181,3,4058.4,8,1,4058.3,11,1,4058.2,13,1,4058.9,59,4,4059.0,108,4,4059.3,110,2,4059.5,5,1,4059.6,33,3
11483,2026-07-02 15:07:01+05:30,4059.0,1,4037.44,2212918,163156.0,156315.0,4100.0,4110.0,4012.0,4092.6,25747225,4501.8,3683.4,4440.0,3288.1,4058.7,16,1,4058.6,310,7,4058.5,181,3,4058.3,11,1,4058.2,30,2,4059.3,110,2,4059.5,5,1,4059.6,33,3,4059.7,140,2,4059.8,39,1
11483,2026-07-02 15:07:01+05:30,4059.3,5,4037.44,2212918,163156.0,156315.0,4100.0,4110.0,4012.0,4092.6,25747225,4501.8,3683.4,4440.0,3288.1,4058.7,16,1,4058.6,310,7,4058.5,181,3,4058.3,11,1,4058.2,30,2,4059.3,110,2,4059.5,5,1,4059.6,33,3,4059.7,140,2,4059.8,39,1
11483,2026-07-02 15:07:02+05:30,4058.7,10,4037.44,2212933,163482.0,156371.0,4100.0,4110.0,4012.0,4092.6,25747225,4501.8,3683.4,4440.0,3288.1,4058.7,2,2,4058.6,372,10,4058.5,204,4,4058.4,9,1,4058.3,11,1,4059.3,105,2,4059.5,5,1,4059.6,33,3,4059.7,140,2,4059.8,39,1
11483,2026-07-02 15:07:02+05:30,4058.7,10,4037.44,2212933,163482.0,156371.0,4100.0,4110.0,4012.0,4092.6,25747225,4501.8,3683.4,4440.0,3288.1,4058.7,2,2,4058.6,372,10,4058.5,204,4,4058.4,9,1,4058.3,11,1,4059.3,105,2,4059.5,5,1,4059.6,33,3,4059.7,140,2,4059.8,39,1
11483,2026-07-02 15:07:03+05:30,4059.3,10,4037.44,2212945,163618.0,156331.0,4100.0,4110.0,4012.0,4092.6,25747225,4501.8,3683.4,4440.0,3288.1,4058.7,59,9,4058.6,395,6,4058.5,181,3,4058.4,37,2,4058.3,26,2,4059.3,95,3,4059.5,5,1,4059.6,2,2,4059.7,140,2,4059.8,39,1
11483,2026-07-02 15:07:03+05:30,4059.3,1,4037.44,2212945,163618.0,156331.0,4100.0,4110.0,4012.0,4092.6,25747225,4501.8,3683.4,4440.0,3288.1,4058.7,59,9,4058.6,395,6,4058.5,181,3,4058.4,37,2,4058.3,26,2,4059.3,95,3,4059.5,5,1,4059.6,2,2,4059.7,140,2,4059.8,39,1
11483,2026-07-02 15:07:04+05:30,4059.3,2,4037.44,2213042,163670.0,156246.0,4100.0,4110.0,4012.0,4092.6,25747225,4501.8,3683.4,4440.0,3288.1,4059.3,2,1,4058.9,5,1,4058.7,48,9,4058.6,351,5,4058.5,6,2,4059.5,5,1,4059.6,2,2,4059.7,140,2,4059.8,39,1,4060.0,995,8
11483,2026-07-02 15:07:04+05:30,4059.3,1,4037.44,2213042,163670.0,156246.0,4100.0,4110.0,4012.0,4092.6,25747225,4501.8,3683.4,4440.0,3288.1,4059.3,2,1,4058.9,5,1,4058.7,48,9,4058.6,351,5,4058.5,6,2,4059.5,5,1,4059.6,2,2,4059.7,140,2,4059.8,39,1,4060.0,995,8
11483,2026-07-02 15:07:05+05:30,4059.7,5,4037.44,2213059,163559.0,156258.0,4100.0,4110.0,4012.0,4092.6,25747225,4501.8,3683.4,4440.0,3288.1,4059.3,23,3,4059.0,12,1,4058.9,17,2,4058.8,14,1,4058.7,40,6,4059.7,135,2,4059.8,39,1,4060.0,1000,9,4060.1,25,4,4060.3,145,3
11483,2026-07-02 15:07:05+05:30,4059.5,5,4037.44,2213059,163559.0,156258.0,4100.0,4110.0,4012.0,4092.6,25747225,4501.8,3683.4,4440.0,3288.1,4059.3,23,3,4059.0,12,1,4058.9,17,2,4058.8,14,1,4058.7,40,6,4059.7,135,2,4059.8,39,1,4060.0,1000,9,4060.1,25,4,4060.3,145,3
11483,2026-07-02 15:07:06+05:30,4059.5,4,4037.44,2213078,163467.0,156385.0,4100.0,4110.0,4012.0,4092.6,25747225,4501.8,3683.4,4440.0,3288.1,4059.3,19,3,4059.0,12,1,4058.9,28,3,4058.8,14,1,4058.7,40,6,4059.5,29,1,4059.6,13,1,4059.7,137,3,4059.8,39,1,4060.0,1000,9
11483,2026-07-02 15:07:06+05:30,4059.3,1,4037.44,2213078,163467.0,156385.0,4100.0,4110.0,4012.0,4092.6,25747225,4501.8,3683.4,4440.0,3288.1,4059.3,19,3,4059.0,12,1,4058.9,28,3,4058.8,14,1,4058.7,40,6,4059.5,29,1,4059.6,13,1,4059.7,137,3,4059.8,39,1,4060.0,1000,9
11483,2026-07-02 15:07:07+05:30,4059.5,2,4037.44,2213121,164089.0,156370.0,4100.0,4110.0,4012.0,4092.6,25747225,4501.8,3683.4,4440.0,3288.1,4059.5,5,1,4059.4,16,1,4059.3,18,3,4059.0,12,1,4058.9,17,2,4059.6,13,1,4059.7,135,2,4059.8,39,1,4060.0,1000,9,4060.1,23,3
11483,2026-07-02 15:07:07+05:30,4059.5,2,4037.44,2213121,164089.0,156370.0,4100.0,4110.0,4012.0,4092.6,25747225,4501.8,3683.4,4440.0,3288.1,4059.5,5,1,4059.4,16,1,4059.3,18,3,4059.0,12,1,4058.9,17,2,4059.6,13,1,4059.7,135,2,4059.8,39,1,4060.0,1000,9,4060.1,23,3
11483,2026-07-02 15:07:08+05:30,4059.6,32,4037.44,2213153,164442.0,156250.0,4100.0,4110.0,4012.0,4092.6,25747225,4501.8,3683.4,4440.0,3288.1,4059.5,9,3,4059.4,2,1,4059.3,15,2,4059.1,63,1,4059.0,24,2,4059.6,2,1,4059.7,135,2,4059.8,39,1,4059.9,13,1,4060.0,1000,9
11483,2026-07-02 15:07:08+05:30,4059.6,32,4037.44,2213153,164442.0,156250.0,4100.0,4110.0,4012.0,4092.6,25747225,4501.8,3683.4,4440.0,3288.1,4059.5,9,3,4059.4,2,1,4059.3,15,2,4059.1,63,1,4059.0,24,2,4059.6,2,1,4059.7,135,2,4059.8,39,1,4059.9,13,1,4060.0,1000,9
11483,2026-07-02 15:07:09+05:30,4059.6,26,4037.44,2213285,164455.0,156300.0,4100.0,4110.0,4012.0,4092.6,25747225,4501.8,3683.4,4440.0,3288.1,4059.6,23,5,4059.5,14,4,4059.4,3,2,4059.1,63,1,4059.0,24,2,4059.7,135,2,4059.8,39,1,4060.0,1000,9,4060.1,23,3,4060.3,107,2
11483,2026-07-02 15:07:09+05:30,4059.6,1,4037.44,2213285,164455.0,156300.0,4100.0,4110.0,4012.0,4092.6,25747225,4501.8,3683.4,4440.0,3288.1,4059.6,23,5,4059.5,14,4,4059.4,3,2,4059.1,63,1,4059.0,24,2,4059.7,135,2,4059.8,39,1,4060.0,1000,9,4060.1,23,3,4060.3,107,2
11483,2026-07-02 15:07:10+05:30,4059.6,1,4037.44,2213300,164366.0,156114.0,4100.0,4110.0,4012.0,4092.6,25747225,4501.8,3683.4,4440.0,3288.1,4059.6,101,9,4059.5,10,4,4059.4,2,1,4059.3,19,2,4059.2,15,1,4059.7,128,3,4059.8,39,1,4060.0,1000,9,4060.1,23,3,4060.3,107,2
11483,2026-07-02 15:07:10+05:30,4059.6,1,4037.44,2213300,164366.0,156114.0,4100.0,4110.0,4012.0,4092.6,25747225,4501.8,3683.4,4440.0,3288.1,4059.6,101,9,4059.5,10,4,4059.4,2,1,4059.3,19,2,4059.2,15,1,4059.7,128,3,4059.8,39,1,4060.0,1000,9,4060.1,23,3,4060.3,107,2
11483,2026-07-02 15:07:11+05:30,4059.6,1,4037.44,2213315,164411.0,156257.0,4100.0,4110.0,4012.0,4092.6,25747225,4501.8,3683.4,4440.0,3288.1,4059.6,96,9,4059.5,7,3,4059.4,29,2,4059.3,13,1,4059.2,15,1,4059.7,165,4,4059.8,39,1,4060.0,1035,10,4060.1,23,3,4060.3,107,2
11483,2026-07-02 15:07:11+05:30,4059.7,1,4037.44,2213315,164411.0,156257.0,4100.0,4110.0,4012.0,4092.6,25747225,4501.8,3683.4,4440.0,3288.1,4059.6,96,9,4059.5,7,3,4059.4,29,2,4059.3,13,1,4059.2,15,1,4059.7,165,4,4059.8,39,1,4060.0,1035,10,4060.1,23,3,4060.3,107,2
11483,2026-07-02 15:07:12+05:30,4059.7,1,4037.44,2213317,162942.0,156032.0,4100.0,4110.0,4012.0,4092.6,25747225,4501.8,3683.4,4440.0,3288.1,4059.6,106,10,4059.5,7,3,4059.4,29,2,4059.3,13,1,4059.2,15,1,4059.7,165,5,4059.8,64,6,4060.0,1035,10,4060.1,23,3,4060.3,107,2
11483,2026-07-02 15:07:12+05:30,4059.7,25,4037.44,2213317,162942.0,156032.0,4100.0,4110.0,4012.0,4092.6,25747225,4501.8,3683.4,4440.0,3288.1,4059.6,106,10,4059.5,7,3,4059.4,29,2,4059.3,13,1,4059.2,15,1,4059.7,165,5,4059.8,64,6,4060.0,1035,10,4060.1,23,3,4060.3,107,2
11483,2026-07-02 15:07:13+05:30,4059.7,32,4037.44,2213390,162900.0,155733.0,4100.0,4110.0,4012.0,4092.6,25747225,4501.8,3683.4,4440.0,3288.1,4059.6,106,10,4059.5,4,3,4059.4,29,2,4059.3,13,1,4059.2,15,1,4059.7,94,5,4059.8,64,6,4060.0,1035,10,4060.1,23,3,4060.3,5,1
11483,2026-07-02 15:07:13+05:30,4059.7,32,4037.44,2213390,162900.0,155733.0,4100.0,4110.0,4012.0,4092.6,25747225,4501.8,3683.4,4440.0,3288.1,4059.6,106,10,4059.5,4,3,4059.4,29,2,4059.3,13,1,4059.2,15,1,4059.7,94,5,4059.8,64,6,4060.0,1035,10,4060.1,23,3,4060.3,5,1
11483,2026-07-02 15:07:14+05:30,4059.7,1,4037.44,2213592,162902.0,155718.0,4100.0,4110.0,4012.0,4092.6,25747225,4501.8,3683.4,4440.0,3288.1,4059.6,101,9,4059.5,4,3,4059.4,29,2,4059.3,13,1,4059.2,15,1,4059.7,79,1,4059.8,64,6,4060.0,1035,10,4060.1,23,3,4060.3,5,1
11483,2026-07-02 15:07:14+05:30,4059.7,1,4037.44,2213592,162902.0,155718.0,4100.0,4110.0,4012.0,4092.6,25747225,4501.8,3683.4,4440.0,3288.1,4059.6,101,9,4059.5,4,3,4059.4,29,2,4059.3,13,1,4059.2,15,1,4059.7,79,1,4059.8,64,6,4060.0,1035,10,4060.1,23,3,4060.3,5,1
11483,2026-07-02 15:07:15+05:30,4059.7,3,4037.44,2213689,162671.0,155760.0,4100.0,4110.0,4012.0,4092.6,25747225,4501.8,3683.4,4440.0,3288.1,4059.6,46,6,4059.5,2,2,4059.4,29,2,4059.3,13,1,4059.2,15,1,4059.7,73,2,4059.8,64,6,4060.0,1035,10,4060.1,23,3,4060.3,55,2
11483,2026-07-02 15:07:15+05:30,4059.7,3,4037.44,2213689,162671.0,155760.0,4100.0,4110.0,4012.0,4092.6,25747225,4501.8,3683.4,4440.0,3288.1,4059.6,46,6,4059.5,2,2,4059.4,29,2,4059.3,13,1,4059.2,15,1,4059.7,73,2,4059.8,64,6,4060.0,1035,10,4060.1,23,3,4060.3,55,2
11483,2026-07-02 15:07:16+05:30,4059.7,3,4037.44,2213694,162619.0,155774.0,4100.0,4110.0,4012.0,4092.6,25747225,4501.8,3683.4,4440.0,3288.1,4059.6,46,6,4059.5,2,2,4059.4,92,3,4059.3,16,2,4059.2,15,1,4059.7,68,2,4059.8,64,6,4059.9,13,1,4060.0,1035,10,4060.1,23,3
11483,2026-07-02 15:07:17+05:30,4059.6,1,4037.44,2213696,162644.0,155794.0,4100.0,4110.0,4012.0,4092.6,25747225,4501.8,3683.4,4440.0,3288.1,4059.6,55,9,4059.5,2,2,4059.4,92,3,4059.3,16,2,4059.2,29,2,4059.7,69,3,4059.8,64,6,4059.9,13,1,4060.0,1060,11,4060.1,23,3
11483,2026-07-02 15:07:17+05:30,4059.6,1,4037.44,2213696,162644.0,155794.0,4100.0,4110.0,4012.0,4092.6,25747225,4501.8,3683.4,4440.0,3288.1,4059.6,55,9,4059.5,2,2,4059.4,92,3,4059.3,16,2,4059.2,29,2,4059.7,69,3,4059.8,64,6,4059.9,13,1,4060.0,1060,11,4060.1,23,3
11483,2026-07-02 15:07:18+05:30,4059.6,1,4037.44,2213696,162683.0,155799.0,4100.0,4110.0,4012.0,4092.6,25747225,4501.8,3683.4,4440.0,3288.1,4059.6,55,9,4059.5,2,2,4059.4,92,3,4059.3,16,2,4059.2,29,2,4059.7,72,4,4059.8,64,6,4059.9,13,1,4060.0,1060,11,4060.1,23,3
11483,2026-07-02 15:07:18+05:30,4059.6,10,4037.44,2213696,162683.0,155799.0,4100.0,4110.0,4012.0,4092.6,25747225,4501.8,3683.4,4440.0,3288.1,4059.6,55,9,4059.5,2,2,4059.4,92,3,4059.3,16,2,4059.2,29,2,4059.7,72,4,4059.8,64,6,4059.9,13,1,4060.0,1060,11,4060.1,23,3
11483,2026-07-02 15:07:19+05:30,4059.6,1,4037.45,2214226,161736.0,155905.0,4100.0,4110.0,4012.0,4092.6,25747225,4501.8,3683.4,4440.0,3288.1,4058.8,23,2,4058.6,350,5,4058.5,5,1,4058.1,3,2,4058.0,110,4,4059.7,197,8,4059.8,66,7,4059.9,62,5,4060.0,1070,12,4060.1,54,4
11483,2026-07-02 15:07:20+05:30,4058.8,3,4037.45,2214226,161736.0,155905.0,4100.0,4110.0,4012.0,4092.6,25747225,4501.8,3683.4,4440.0,3288.1,4058.8,23,2,4058.6,350,5,4058.5,5,1,4058.1,3,2,4058.0,110,4,4059.7,197,8,4059.8,66,7,4059.9,62,5,4060.0,1070,12,4060.1,54,4
11483,2026-07-02 15:07:20+05:30,4059.7,29,4037.45,2214329,161974.0,155897.0,4100.0,4110.0,4012.0,4092.6,25747225,4501.8,3683.4,4440.0,3288.1,4058.8,67,4,4058.6,175,4,4058.5,5,1,4058.4,19,1,4058.2,160,5,4059.7,91,5,4059.8,66,7,4059.9,15,2,4060.0,1087,12,4060.1,23,3
11483,2026-07-02 15:07:21+05:30,4059.7,29,4037.45,2214329,161974.0,155897.0,4100.0,4110.0,4012.0,4092.6,25747225,4501.8,3683.4,4440.0,3288.1,4058.8,67,4,4058.6,175,4,4058.5,5,1,4058.4,19,1,4058.2,160,5,4059.7,91,5,4059.8,66,7,4059.9,15,2,4060.0,1087,12,4060.1,23,3
11483,2026-07-02 15:07:21+05:30,4059.6,1,4037.45,2214630,162017.0,155987.0,4100.0,4110.0,4012.0,4092.6,25747225,4501.8,3683.4,4440.0,3288.1,4058.8,13,1,4058.6,177,5,4058.5,5,1,4058.1,67,3,4058.0,136,5,4059.6,22,1,4059.7,81,5,4059.8,66,7,4059.9,39,3,4060.0,1166,12
11483,2026-07-02 15:07:22+05:30,4059.6,1,4037.45,2214630,162017.0,155987.0,4100.0,4110.0,4012.0,4092.6,25747225,4501.8,3683.4,4440.0,3288.1,4058.8,13,1,4058.6,177,5,4058.5,5,1,4058.1,67,3,4058.0,136,5,4059.6,22,1,4059.7,81,5,4059.8,66,7,4059.9,39,3,4060.0,1166,12
11483,2026-07-02 15:07:22+05:30,4058.6,15,4037.46,2214964,161695.0,156095.0,4100.0,4110.0,4012.0,4092.6,25747225,4501.8,3683.4,4440.0,3288.1,4058.6,256,6,4058.5,5,1,4058.3,16,1,4058.1,20,2,4058.0,110,4,4059.4,54,3,4059.6,26,3,4059.7,93,5,4059.8,66,7,4059.9,61,3
11483,2026-07-02 15:07:23+05:30,4058.6,15,4037.46,2214964,161695.0,156095.0,4100.0,4110.0,4012.0,4092.6,25747225,4501.8,3683.4,4440.0,3288.1,4058.6,256,6,4058.5,5,1,4058.3,16,1,4058.1,20,2,4058.0,110,4,4059.4,54,3,4059.6,26,3,4059.7,93,5,4059.8,66,7,4059.9,61,3
11483,2026-07-02 15:07:23+05:30,4059.5,10,4037.46,2215425,161434.0,156167.0,4100.0,4110.0,4012.0,4092.6,25747225,4501.8,3683.4,4440.0,3288.1,4058.7,17,1,4058.6,44,1,4058.5,5,1,4058.1,26,2,4058.0,112,5,4059.4,20,3,4059.5,31,2,4059.6,13,1,4059.8,56,6,4059.9,40,2
11483,2026-07-02 15:07:24+05:30,4060.0,47,4037.46,2215425,161434.0,156167.0,4100.0,4110.0,4012.0,4092.6,25747225,4501.8,3683.4,4440.0,3288.1,4058.7,17,1,4058.6,44,1,4058.5,5,1,4058.1,26,2,4058.0,112,5,4059.4,20,3,4059.5,31,2,4059.6,13,1,4059.8,56,6,4059.9,40,2
11483,2026-07-02 15:07:24+05:30,4058.8,1,4037.47,2216043,161782.0,156236.0,4100.0,4110.0,4012.0,4092.6,25747225,4501.8,3683.4,4440.0,3288.1,4059.0,16,1,4058.8,19,2,4058.7,1,1,4058.6,45,2,4058.5,79,4,4059.4,2,1,4059.7,4,1,4059.9,13,1,4060.0,512,9,4060.1,23,3
11483,2026-07-02 15:07:25+05:30,4058.8,1,4037.47,2216043,161782.0,156236.0,4100.0,4110.0,4012.0,4092.6,25747225,4501.8,3683.4,4440.0,3288.1,4059.0,16,1,4058.8,19,2,4058.7,1,1,4058.6,45,2,4058.5,79,4,4059.4,2,1,4059.7,4,1,4059.9,13,1,4060.0,512,9,4060.1,23,3
11483,2026-07-02 15:07:25+05:30,4058.8,1,4037.47,2216043,162105.0,156259.0,4100.0,4110.0,4012.0,4092.6,25747225,4501.8,3683.4,4440.0,3288.1,4059.1,1,1,4059.0,9,2,4058.7,1,1,4058.6,45,2,4058.5,10,2,4059.4,63,2,4059.6,5,1,4059.7,4,1,4059.9,13,1,4060.0,512,9
11483,2026-07-02 15:07:26+05:30,4059.1,1,4037.47,2216043,162105.0,156259.0,4100.0,4110.0,4012.0,4092.6,25747225,4501.8,3683.4,4440.0,3288.1,4059.1,1,1,4059.0,9,2,4058.7,1,1,4058.6,45,2,4058.5,10,2,4059.4,63,2,4059.6,5,1,4059.7,4,1,4059.9,13,1,4060.0,512,9
11483,2026-07-02 15:07:26+05:30,4059.4,22,4037.47,2216393,161437.0,156292.0,4100.0,4110.0,4012.0,4092.6,25747225,4501.8,3683.4,4440.0,3288.1,4058.5,16,1,4058.4,69,6,4058.3,47,3,4058.2,45,3,4058.1,93,5,4059.4,37,2,4059.6,5,1,4059.7,4,1,4059.8,73,3,4059.9,129,3
11483,2026-07-02 15:07:27+05:30,4059.0,10,4037.47,2216393,161437.0,156292.0,4100.0,4110.0,4012.0,4092.6,25747225,4501.8,3683.4,4440.0,3288.1,4058.5,16,1,4058.4,69,6,4058.3,47,3,4058.2,45,3,4058.1,93,5,4059.4,37,2,4059.6,5,1,4059.7,4,1,4059.8,73,3,4059.9,129,3
11483,2026-07-02 15:07:27+05:30,4059.0,10,4037.47,2216403,161740.0,156505.0,4100.0,4110.0,4012.0,4092.6,25747225,4501.8,3683.4,4440.0,3288.1,4058.6,29,3,4058.5,17,2,4058.4,10,1,4058.3,15,1,4058.2,45,3,4059.4,42,4,4059.6,10,2,4059.7,4,1,4059.8,19,1,4059.9,129,3
11483,2026-07-02 15:07:28+05:30,4058.6,1,4037.47,2216403,161740.0,156505.0,4100.0,4110.0,4012.0,4092.6,25747225,4501.8,3683.4,4440.0,3288.1,4058.6,29,3,4058.5,17,2,4058.4,10,1,4058.3,15,1,4058.2,45,3,4059.4,42,4,4059.6,10,2,4059.7,4,1,4059.8,19,1,4059.9,129,3
11483,2026-07-02 15:07:28+05:30,4059.4,7,4037.47,2216492,161950.0,156092.0,4100.0,4110.0,4012.0,4092.6,25747225,4501.8,3683.4,4440.0,3288.1,4058.4,36,2,4058.3,49,3,4058.2,121,4,4058.1,93,4,4058.0,98,3,4059.4,35,4,4059.6,10,2,4059.7,4,1,4059.8,19,1,4059.9,129,3
11483,2026-07-02 15:07:29+05:30,4059.4,7,4037.47,2216492,161950.0,156092.0,4100.0,4110.0,4012.0,4092.6,25747225,4501.8,3683.4,4440.0,3288.1,4058.4,36,2,4058.3,49,3,4058.2,121,4,4058.1,93,4,4058.0,98,3,4059.4,35,4,4059.6,10,2,4059.7,4,1,4059.8,19,1,4059.9,129,3
11483,2026-07-02 15:07:29+05:30,4059.4,25,4037.47,2216517,161924.0,156047.0,4100.0,4110.0,4012.0,4092.6,25747225,4501.8,3683.4,4440.0,3288.1,4058.6,1,1,4058.5,8,1,4058.4,40,4,4058.3,49,3,4058.2,48,2,4059.4,10,4,4059.6,10,2,4059.7,114,2,4059.8,19,1,4059.9,33,2
11483,2026-07-02 15:07:30+05:30,4059.4,25,4037.47,2216517,161924.0,156047.0,4100.0,4110.0,4012.0,4092.6,25747225,4501.8,3683.4,4440.0,3288.1,4058.6,1,1,4058.5,8,1,4058.4,40,4,4058.3,49,3,4058.2,48,2,4059.4,10,4,4059.6,10,2,4059.7,114,2,4059.8,19,1,4059.9,33,2
11483,2026-07-02 15:07:30+05:30,4059.4,2,4037.47,2216530,161808.0,155972.0,4100.0,4110.0,4012.0,4092.6,25747225,4501.8,3683.4,4440.0,3288.1,4059.4,7,2,4058.5,1,1,4058.4,29,4,4058.3,16,1,4058.2,50,3,4059.6,22,3,4059.7,114,2,4059.8,19,1,4059.9,32,2,4060.0,1148,13
11483,2026-07-02 15:07:31+05:30,4059.6,2,4037.47,2216530,161808.0,155972.0,4100.0,4110.0,4012.0,4092.6,25747225,4501.8,3683.4,4440.0,3288.1,4059.4,7,2,4058.5,1,1,4058.4,29,4,4058.3,16,1,4058.2,50,3,4059.6,22,3,4059.7,114,2,4059.8,19,1,4059.9,32,2,4060.0,1148,13
11483,2026-07-02 15:07:31+05:30,4059.4,6,4037.47,2216558,162005.0,156165.0,4100.0,4110.0,4012.0,4092.6,25747225,4501.8,3683.4,4440.0,3288.1,4059.4,4,1,4058.5,1,1,4058.4,26,3,4058.3,16,1,4058.2,50,3,4059.6,69,3,4059.7,114,2,4059.9,41,3,4060.0,1148,13,4060.1,64,5
11483,2026-07-02 15:07:32+05:30,4059.4,1,4037.47,2216558,162005.0,156165.0,4100.0,4110.0,4012.0,4092.6,25747225,4501.8,3683.4,4440.0,3288.1,4059.4,4,1,4058.5,1,1,4058.4,26,3,4058.3,16,1,4058.2,50,3,4059.6,69,3,4059.7,114,2,4059.9,41,3,4060.0,1148,13,4060.1,64,5
11483,2026-07-02 15:07:32+05:30,4059.4,1,4037.47,2216559,162032.0,156238.0,4100.0,4110.0,4012.0,4092.6,25747225,4501.8,3683.4,4440.0,3288.1,4059.4,5,3,4058.5,1,1,4058.4,26,3,4058.3,16,1,4058.2,50,3,4059.6,111,6,4059.7,138,3,4059.9,26,2,4060.0,1150,14,4060.1,40,4
11483,2026-07-02 15:07:33+05:30,4059.4,2,4037.47,2216569,162017.0,156174.0,4100.0,4110.0,4012.0,4092.6,25747225,4501.8,3683.4,4440.0,3288.1,4059.4,5,4,4058.6,3,1,4058.4,25,2,4058.3,16,1,4058.2,50,3,4059.6,70,4,4059.7,114,2,4059.9,54,4,4060.0,1150,14,4060.1,56,5
11483,2026-07-02 15:07:34+05:30,4059.4,2,4037.47,2216569,162017.0,156174.0,4100.0,4110.0,4012.0,4092.6,25747225,4501.8,3683.4,4440.0,3288.1,4059.4,5,4,4058.6,3,1,4058.4,25,2,4058.3,16,1,4058.2,50,3,4059.6,70,4,4059.7,114,2,4059.9,54,4,4060.0,1150,14,4060.1,56,5
11483,2026-07-02 15:07:34+05:30,4059.6,28,4037.47,2216776,162110.0,155996.0,4100.0,4110.0,4012.0,4092.6,25747225,4501.8,3683.4,4440.0,3288.1,4059.4,5,5,4058.9,10,1,4058.6,3,1,4058.4,25,2,4058.3,16,1,4059.6,41,3,4059.7,114,2,4059.9,34,2,4060.0,1044,13,4060.1,64,5
11483,2026-07-02 15:07:35+05:30,4059.6,28,4037.47,2216776,162110.0,155996.0,4100.0,4110.0,4012.0,4092.6,25747225,4501.8,3683.4,4440.0,3288.1,4059.4,5,5,4058.9,10,1,4058.6,3,1,4058.4,25,2,4058.3,16,1,4059.6,41,3,4059.7,114,2,4059.9,34,2,4060.0,1044,13,4060.1,64,5
11483,2026-07-02 15:07:35+05:30,4059.6,8,4037.47,2216789,161877.0,156113.0,4100.0,4110.0,4012.0,4092.6,25747225,4501.8,3683.4,4440.0,3288.1,4059.4,9,5,4059.3,2,1,4058.9,10,1,4058.6,4,2,4058.4,25,2,4059.6,41,2,4059.7,114,2,4059.8,24,1,4059.9,74,4,4060.0,1044,13
11483,2026-07-02 15:07:36+05:30,4059.6,8,4037.47,2216789,161877.0,156113.0,4100.0,4110.0,4012.0,4092.6,25747225,4501.8,3683.4,4440.0,3288.1,4059.4,9,5,4059.3,2,1,4058.9,10,1,4058.6,4,2,4058.4,25,2,4059.6,41,2,4059.7,114,2,4059.8,24,1,4059.9,74,4,4060.0,1044,13
11483,2026-07-02 15:07:36+05:30,4059.4,1,4037.47,2216840,162377.0,156053.0,4100.0,4110.0,4012.0,4092.6,25747225,4501.8,3683.4,4440.0,3288.1,4059.4,340,6,4058.9,10,1,4058.6,4,2,4058.4,25,2,4058.3,191,2,4059.6,44,3,4059.7,114,2,4059.9,38,2,4060.0,1054,14,4060.1,56,5
11483,2026-07-02 15:07:37+05:30,4059.4,1,4037.47,2216840,162377.0,156053.0,4100.0,4110.0,4012.0,4092.6,25747225,4501.8,3683.4,4440.0,3288.1,4059.4,340,6,4058.9,10,1,4058.6,4,2,4058.4,25,2,4058.3,191,2,4059.6,44,3,4059.7,114,2,4059.9,38,2,4060.0,1054,14,4060.1,56,5
11483,2026-07-02 15:07:37+05:30,4059.6,34,4037.47,2216919,162362.0,155952.0,4100.0,4110.0,4012.0,4092.6,25747225,4501.8,3683.4,4440.0,3288.1,4059.4,331,8,4059.0,4,1,4058.9,10,1,4058.6,4,2,4058.4,25,2,4059.6,40,3,4059.7,114,2,4059.9,38,2,4060.0,1054,14,4060.1,56,5
11483,2026-07-02 15:07:38+05:30,4059.6,3,4037.47,2216919,162362.0,155952.0,4100.0,4110.0,4012.0,4092.6,25747225,4501.8,3683.4,4440.0,3288.1,4059.4,331,8,4059.0,4,1,4058.9,10,1,4058.6,4,2,4058.4,25,2,4059.6,40,3,4059.7,114,2,4059.9,38,2,4060.0,1054,14,4060.1,56,5
11483,2026-07-02 15:07:38+05:30,4059.5,10,4037.47,2216936,163338.0,156104.0,4100.0,4110.0,4012.0,4092.6,25747225,4501.8,3683.4,4440.0,3288.1,4059.5,39,5,4059.4,323,6,4059.0,4,1,4058.9,10,1,4058.6,4,2,4059.6,33,3,4059.7,114,2,4059.9,27,1,4060.0,1040,13,4060.1,23,3
11483,2026-07-02 15:07:39+05:30,4059.6,2,4037.47,2216936,163338.0,156104.0,4100.0,4110.0,4012.0,4092.6,25747225,4501.8,3683.4,4440.0,3288.1,4059.5,39,5,4059.4,323,6,4059.0,4,1,4058.9,10,1,4058.6,4,2,4059.6,33,3,4059.7,114,2,4059.9,27,1,4060.0,1040,13,4060.1,23,3
11483,2026-07-02 15:07:39+05:30,4059.5,1,4037.48,2217139,163292.0,155961.0,4100.0,4110.0,4012.0,4092.6,25747225,4501.8,3683.4,4440.0,3288.1,4059.5,44,8,4059.4,319,3,4059.0,4,1,4058.9,21,2,4058.7,86,2,4059.6,11,1,4059.7,12,1,4059.9,27,1,4060.0,1040,13,4060.1,23,3
11483,2026-07-02 15:07:40+05:30,4059.5,1,4037.48,2217139,163292.0,155961.0,4100.0,4110.0,4012.0,4092.6,25747225,4501.8,3683.4,4440.0,3288.1,4059.5,44,8,4059.4,319,3,4059.0,4,1,4058.9,21,2,4058.7,86,2,4059.6,11,1,4059.7,12,1,4059.9,27,1,4060.0,1040,13,4060.1,23,3
11483,2026-07-02 15:07:40+05:30,4059.5,1,4037.48,2217139,163292.0,155961.0,4100.0,4110.0,4012.0,4092.6,25747225,4501.8,3683.4,4440.0,3288.1,4059.5,44,8,4059.4,319,3,4059.0,4,1,4058.9,21,2,4058.7,86,2,4059.6,11,1,4059.7,12,1,4059.9,27,1,4060.0,1040,13,4060.1,23,3
11483,2026-07-02 15:07:40+05:30,4059.6,1,4037.48,2217161,163490.0,156024.0,4100.0,4110.0,4012.0,4092.6,25747225,4501.8,3683.4,4440.0,3288.1,4059.5,44,8,4059.4,319,3,4059.1,11,1,4059.0,4,1,4058.9,10,1,4059.6,71,7,4059.7,12,1,4060.0,1061,14,4060.1,23,3,4060.2,25,2
11483,2026-07-02 15:07:41+05:30,4059.6,1,4037.48,2217161,163490.0,156024.0,4100.0,4110.0,4012.0,4092.6,25747225,4501.8,3683.4,4440.0,3288.1,4059.5,44,8,4059.4,319,3,4059.1,11,1,4059.0,4,1,4058.9,10,1,4059.6,71,7,4059.7,12,1,4060.0,1061,14,4060.1,23,3,4060.2,25,2
11483,2026-07-02 15:07:41+05:30,4059.6,1,4037.48,2217161,163490.0,156024.0,4100.0,4110.0,4012.0,4092.6,25747225,4501.8,3683.4,4440.0,3288.1,4059.5,44,8,4059.4,319,3,4059.1,11,1,4059.0,4,1,4058.9,10,1,4059.6,71,7,4059.7,12,1,4060.0,1061,14,4060.1,23,3,4060.2,25,2
11483,2026-07-02 15:07:41+05:30,4059.5,93,4037.48,2217462,163196.0,156362.0,4100.0,4110.0,4012.0,4092.6,25747225,4501.8,3683.4,4440.0,3288.1,4059.5,26,2,4059.4,319,3,4059.1,11,1,4059.0,20,2,4058.9,10,1,4059.6,98,7,4059.7,12,1,4060.0,1084,16,4060.1,23,3,4060.2,41,3
11483,2026-07-02 15:07:42+05:30,4059.5,93,4037.48,2217462,163196.0,156362.0,4100.0,4110.0,4012.0,4092.6,25747225,4501.8,3683.4,4440.0,3288.1,4059.5,26,2,4059.4,319,3,4059.1,11,1,4059.0,20,2,4058.9,10,1,4059.6,98,7,4059.7,12,1,4060.0,1084,16,4060.1,23,3,4060.2,41,3
11483,2026-07-02 15:07:42+05:30,4059.5,93,4037.48,2217462,163196.0,156362.0,4100.0,4110.0,4012.0,4092.6,25747225,4501.8,3683.4,4440.0,3288.1,4059.5,26,2,4059.4,319,3,4059.1,11,1,4059.0,20,2,4058.9,10,1,4059.6,98,7,4059.7,12,1,4060.0,1084,16,4060.1,23,3,4060.2,41,3
11483,2026-07-02 15:07:42+05:30,4059.6,9,4037.48,2217477,162777.0,156344.0,4100.0,4110.0,4012.0,4092.6,25747225,4501.8,3683.4,4440.0,3288.1,4059.5,26,2,4059.4,317,2,4059.1,11,1,4059.0,20,2,4058.9,10,1,4059.6,94,7,4059.7,12,1,4060.0,1072,15,4060.1,23,3,4060.2,17,2
11483,2026-07-02 15:07:43+05:30,4059.6,9,4037.48,2217477,162777.0,156344.0,4100.0,4110.0,4012.0,4092.6,25747225,4501.8,3683.4,4440.0,3288.1,4059.5,26,2,4059.4,317,2,4059.1,11,1,4059.0,20,2,4058.9,10,1,4059.6,94,7,4059.7,12,1,4060.0,1072,15,4060.1,23,3,4060.2,17,2
11483,2026-07-02 15:07:43+05:30,4059.6,9,4037.48,2217477,162777.0,156344.0,4100.0,4110.0,4012.0,4092.6,25747225,4501.8,3683.4,4440.0,3288.1,4059.5,26,2,4059.4,317,2,4059.1,11,1,4059.0,20,2,4058.9,10,1,4059.6,94,7,4059.7,12,1,4060.0,1072,15,4060.1,23,3,4060.2,17,2
11483,2026-07-02 15:07:43+05:30,4059.6,1,4037.48,2217478,162895.0,156412.0,4100.0,4110.0,4012.0,4092.6,25747225,4501.8,3683.4,4440.0,3288.1,4059.5,26,2,4059.4,317,2,4059.1,11,1,4059.0,20,2,4058.9,10,1,4059.6,125,10,4059.7,12,1,4059.8,24,1,4060.0,1061,14,4060.1,23,3
11483,2026-07-02 15:07:44+05:30,4059.6,1,4037.48,2217478,162895.0,156412.0,4100.0,4110.0,4012.0,4092.6,25747225,4501.8,3683.4,4440.0,3288.1,4059.5,26,2,4059.4,317,2,4059.1,11,1,4059.0,20,2,4058.9,10,1,4059.6,125,10,4059.7,12,1,4059.8,24,1,4060.0,1061,14,4060.1,23,3
11483,2026-07-02 15:07:44+05:30,4059.6,1,4037.48,2217478,162895.0,156412.0,4100.0,4110.0,4012.0,4092.6,25747225,4501.8,3683.4,4440.0,3288.1,4059.5,26,2,4059.4,317,2,4059.1,11,1,4059.0,20,2,4058.9,10,1,4059.6,125,10,4059.7,12,1,4059.8,24,1,4060.0,1061,14,4060.1,23,3
11483,2026-07-02 15:07:44+05:30,4059.5,4,4037.48,2217485,163220.0,156411.0,4100.0,4110.0,4012.0,4092.6,25747225,4501.8,3683.4,4440.0,3288.1,4059.5,38,5,4059.4,317,2,4059.1,11,1,4059.0,20,2,4058.9,10,1,4059.6,141,10,4059.7,12,1,4059.9,9,1,4060.0,1102,15,4060.1,37,4
11483,2026-07-02 15:07:45+05:30,4059.5,4,4037.48,2217485,163220.0,156411.0,4100.0,4110.0,4012.0,4092.6,25761750,4501.8,3683.4,4440.0,3288.1,4059.5,38,5,4059.4,317,2,4059.1,11,1,4059.0,20,2,4058.9,10,1,4059.6,141,10,4059.7,12,1,4059.9,9,1,4060.0,1102,15,4060.1,37,4
11483,2026-07-02 15:07:45+05:30,4059.5,4,4037.48,2217485,163220.0,156411.0,4100.0,4110.0,4012.0,4092.6,25761750,4501.8,3683.4,4440.0,3288.1,4059.5,38,5,4059.4,317,2,4059.1,11,1,4059.0,20,2,4058.9,10,1,4059.6,141,10,4059.7,12,1,4059.9,9,1,4060.0,1102,15,4060.1,37,4
11483,2026-07-02 15:07:45+05:30,4059.5,4,4037.48,2217485,163220.0,156411.0,4100.0,4110.0,4012.0,4092.6,25761750,4501.8,3683.4,4440.0,3288.1,4059.5,38,5,4059.4,317,2,4059.1,11,1,4059.0,20,2,4058.9,10,1,4059.6,141,10,4059.7,12,1,4059.9,9,1,4060.0,1102,15,4060.1,37,4
11483,2026-07-02 15:07:46+05:30,4059.6,2,4037.48,2217485,163220.0,156411.0,4100.0,4110.0,4012.0,4092.6,25761750,4501.8,3683.4,4440.0,3288.1,4059.5,38,5,4059.4,317,2,4059.1,11,1,4059.0,20,2,4058.9,10,1,4059.6,141,10,4059.7,12,1,4059.9,9,1,4060.0,1102,15,4060.1,37,4
11483,2026-07-02 15:07:46+05:30,4059.6,2,4037.48,2217515,162763.0,156338.0,4100.0,4110.0,4012.0,4092.6,25761750,4501.8,3683.4,4440.0,3288.1,4059.5,39,6,4059.4,317,2,4059.1,11,1,4059.0,20,2,4058.9,10,1,4059.6,108,5,4059.7,12,1,4059.9,9,1,4060.0,1061,14,4060.1,83,5
11483,2026-07-02 15:07:46+05:30,4059.6,2,4037.48,2217515,162763.0,156338.0,4100.0,4110.0,4012.0,4092.6,25761750,4501.8,3683.4,4440.0,3288.1,4059.5,39,6,4059.4,317,2,4059.1,11,1,4059.0,20,2,4058.9,10,1,4059.6,108,5,4059.7,12,1,4059.9,9,1,4060.0,1061,14,4060.1,83,5
11483,2026-07-02 15:07:47+05:30,4059.6,3,4037.48,2217515,162763.0,156338.0,4100.0,4110.0,4012.0,4092.6,25761750,4501.8,3683.4,4440.0,3288.1,4059.5,39,6,4059.4,317,2,4059.1,11,1,4059.0,20,2,4058.9,10,1,4059.6,108,5,4059.7,12,1,4059.9,9,1,4060.0,1061,14,4060.1,83,5
11483,2026-07-02 15:07:47+05:30,4059.6,3,4037.48,2217640,163010.0,155964.0,4100.0,4110.0,4012.0,4092.6,25761750,4501.8,3683.4,4440.0,3288.1,4059.5,28,2,4059.4,317,2,4059.1,11,1,4059.0,20,2,4058.9,10,1,4059.6,100,5,4059.7,12,1,4060.0,1139,15,4060.1,23,3,4060.2,1,1
11483,2026-07-02 15:07:48+05:30,4059.5,10,4037.48,2217640,163010.0,155964.0,4100.0,4110.0,4012.0,4092.6,25761750,4501.8,3683.4,4440.0,3288.1,4059.5,28,2,4059.4,317,2,4059.1,11,1,4059.0,20,2,4058.9,10,1,4059.6,100,5,4059.7,12,1,4060.0,1139,15,4060.1,23,3,4060.2,1,1
11483,2026-07-02 15:07:48+05:30,4059.5,10,4037.48,2217650,162979.0,156162.0,4100.0,4110.0,4012.0,4092.6,25761750,4501.8,3683.4,4440.0,3288.1,4059.5,19,3,4059.4,317,2,4059.1,11,1,4059.0,20,2,4058.9,10,1,4059.6,103,6,4059.7,12,1,4060.0,1149,16,4060.1,47,4,4060.2,1,1
11483,2026-07-02 15:07:49+05:30,4059.5,1,4037.48,2217650,162979.0,156162.0,4100.0,4110.0,4012.0,4092.6,25761750,4501.8,3683.4,4440.0,3288.1,4059.5,19,3,4059.4,317,2,4059.1,11,1,4059.0,20,2,4058.9,10,1,4059.6,103,6,4059.7,12,1,4060.0,1149,16,4060.1,47,4,4060.2,1,1
11483,2026-07-02 15:07:49+05:30,4059.5,1,4037.48,2217653,163263.0,156137.0,4100.0,4110.0,4012.0,4092.6,25761750,4501.8,3683.4,4440.0,3288.1,4059.5,22,6,4059.4,317,2,4059.1,11,1,4059.0,20,2,4058.9,10,1,4059.6,102,6,4059.7,12,1,4060.0,1149,16,4060.1,64,4,4060.2,1,1
11483,2026-07-02 15:07:50+05:30,4059.5,8,4037.48,2217653,163263.0,156137.0,4100.0,4110.0,4012.0,4092.6,25761750,4501.8,3683.4,4440.0,3288.1,4059.5,22,6,4059.4,317,2,4059.1,11,1,4059.0,20,2,4058.9,10,1,4059.6,102,6,4059.7,12,1,4060.0,1149,16,4060.1,64,4,4060.2,1,1
11483,2026-07-02 15:07:50+05:30,4059.5,8,4037.48,2217665,163027.0,156092.0,4100.0,4110.0,4012.0,4092.6,25761750,4501.8,3683.4,4440.0,3288.1,4059.5,26,6,4059.4,317,2,4059.1,11,1,4059.0,20,2,4058.9,10,1,4059.6,103,7,4059.7,12,1,4060.0,1149,16,4060.1,23,3,4060.2,1,1
11483,2026-07-02 15:07:51+05:30,4059.4,8,4037.48,2217665,163027.0,156092.0,4100.0,4110.0,4012.0,4092.6,25761750,4501.8,3683.4,4440.0,3288.1,4059.5,26,6,4059.4,317,2,4059.1,11,1,4059.0,20,2,4058.9,10,1,4059.6,103,7,4059.7,12,1,4060.0,1149,16,4060.1,23,3,4060.2,1,1
11483,2026-07-02 15:07:51+05:30,4059.5,1,4037.49,2218066,161865.0,156197.0,4100.0,4110.0,4012.0,4092.6,25761750,4501.8,3683.4,4440.0,3288.1,4059.1,11,1,4059.0,20,2,4058.9,10,1,4058.6,4,2,4058.4,25,2,4059.6,746,14,4059.7,53,4,4059.9,39,3,4060.0,659,16,4060.1,81,5
11483,2026-07-02 15:07:52+05:30,4059.6,1,4037.49,2218066,161865.0,156197.0,4100.0,4110.0,4012.0,4092.6,25761750,4501.8,3683.4,4440.0,3288.1,4059.1,11,1,4059.0,20,2,4058.9,10,1,4058.6,4,2,4058.4,25,2,4059.6,746,14,4059.7,53,4,4059.9,39,3,4060.0,659,16,4060.1,81,5
11483,2026-07-02 15:07:52+05:30,4059.6,1,4037.49,2218067,162042.0,156261.0,4100.0,4110.0,4012.0,4092.6,25761750,4501.8,3683.4,4440.0,3288.1,4059.2,2,1,4059.1,14,2,4059.0,20,2,4058.9,10,1,4058.6,4,2,4059.6,761,15,4059.7,39,3,4059.8,17,1,4059.9,52,3,4060.0,640,16
11483,2026-07-02 15:07:53+05:30,4059.6,1,4037.49,2218067,162042.0,156261.0,4100.0,4110.0,4012.0,4092.6,25761750,4501.8,3683.4,4440.0,3288.1,4059.2,2,1,4059.1,14,2,4059.0,20,2,4058.9,10,1,4058.6,4,2,4059.6,761,15,4059.7,39,3,4059.8,17,1,4059.9,52,3,4060.0,640,16
11483,2026-07-02 15:07:53+05:30,4059.6,1,4037.49,2218071,162178.0,156353.0,4100.0,4110.0,4012.0,4092.6,25761750,4501.8,3683.4,4440.0,3288.1,4059.3,16,1,4059.2,30,3,4059.1,15,3,4059.0,20,2,4058.9,10,1,4059.6,733,13,4059.7,12,1,4059.9,90,4,4060.0,644,17,4060.1,121,7
11483,2026-07-02 15:07:54+05:30,4059.6,1,4037.49,2218071,162178.0,156353.0,4100.0,4110.0,4012.0,4092.6,25761750,4501.8,3683.4,4440.0,3288.1,4059.3,16,1,4059.2,30,3,4059.1,15,3,4059.0,20,2,4058.9,10,1,4059.6,733,13,4059.7,12,1,4059.9,90,4,4060.0,644,17,4060.1,121,7
11483,2026-07-02 15:07:54+05:30,4059.6,1,4037.49,2218107,162159.0,156149.0,4100.0,4110.0,4012.0,4092.6,25761750,4501.8,3683.4,4440.0,3288.1,4059.3,28,1,4059.2,2,2,4059.1,1,1,4059.0,20,2,4058.9,10,1,4059.6,699,13,4059.7,23,2,4059.9,40,2,4060.0,632,16,4060.1,99,6
11483,2026-07-02 15:07:55+05:30,4059.6,1,4037.49,2218107,162375.0,156239.0,4100.0,4110.0,4012.0,4092.6,25761750,4501.8,3683.4,4440.0,3288.1,4059.5,30,3,4059.3,7,1,4059.2,2,2,4059.1,1,1,4059.0,20,2,4059.6,703,15,4059.7,12,1,4059.9,16,1,4060.0,642,17,4060.1,87,5
11483,2026-07-02 15:07:56+05:30,4059.5,1,4037.49,2218107,162375.0,156239.0,4100.0,4110.0,4012.0,4092.6,25761750,4501.8,3683.4,4440.0,3288.1,4059.5,30,3,4059.3,7,1,4059.2,2,2,4059.1,1,1,4059.0,20,2,4059.6,703,15,4059.7,12,1,4059.9,16,1,4060.0,642,17,4060.1,87,5
11483,2026-07-02 15:07:56+05:30,4059.5,5,4037.49,2218134,162107.0,156228.0,4100.0,4110.0,4012.0,4092.6,25761750,4501.8,3683.4,4440.0,3288.1,4059.5,8,1,4059.3,7,1,4059.2,1,1,4059.1,1,1,4059.0,20,2,4059.6,702,16,4059.7,17,2,4059.9,40,2,4060.0,636,16,4060.1,91,5
11483,2026-07-02 15:07:57+05:30,4059.6,1,4037.49,2218134,162107.0,156228.0,4100.0,4110.0,4012.0,4092.6,25761750,4501.8,3683.4,4440.0,3288.1,4059.5,8,1,4059.3,7,1,4059.2,1,1,4059.1,1,1,4059.0,20,2,4059.6,702,16,4059.7,17,2,4059.9,40,2,4060.0,636,16,4060.1,91,5
11483,2026-07-02 15:07:57+05:30,4059.5,1,4037.49,2218145,162225.0,156237.0,4100.0,4110.0,4012.0,4092.6,25761750,4501.8,3683.4,4440.0,3288.1,4059.5,30,3,4059.1,1,1,4059.0,20,2,4058.9,10,1,4058.7,12,1,4059.6,704,18,4059.7,17,2,4059.9,16,1,4060.0,636,16,4060.1,93,6
11483,2026-07-02 15:07:58+05:30,4059.5,168,4037.49,2218145,162225.0,156237.0,4100.0,4110.0,4012.0,4092.6,25761750,4501.8,3683.4,4440.0,3288.1,4059.5,30,3,4059.1,1,1,4059.0,20,2,4058.9,10,1,4058.7,12,1,4059.6,704,18,4059.7,17,2,4059.9,16,1,4060.0,636,16,4060.1,93,6
11483,2026-07-02 15:07:58+05:30,4059.5,168,4037.49,2218404,162100.0,156629.0,4100.0,4110.0,4012.0,4092.6,25761750,4501.8,3683.4,4440.0,3288.1,4059.1,1,1,4059.0,20,2,4058.9,10,1,4058.7,12,1,4058.6,1,1,4059.3,336,1,4059.5,12,1,4059.6,701,16,4059.7,57,3,4059.9,16,1
11483,2026-07-02 15:07:59+05:30,4059.3,200,4037.49,2218404,162100.0,156629.0,4100.0,4110.0,4012.0,4092.6,25761750,4501.8,3683.4,4440.0,3288.1,4059.1,1,1,4059.0,20,2,4058.9,10,1,4058.7,12,1,4058.6,1,1,4059.3,336,1,4059.5,12,1,4059.6,701,16,4059.7,57,3,4059.9,16,1
11483,2026-07-02 15:07:59+05:30,4059.3,2,4037.49,2218625,162011.0,156359.0,4100.0,4110.0,4012.0,4092.6,25761750,4501.8,3683.4,4440.0,3288.1,4059.1,4,1,4059.0,11,2,4058.7,12,1,4058.6,14,2,4058.5,11,1,4059.3,135,3,4059.5,12,1,4059.6,692,12,4059.7,12,1,4059.9,21,2
11483,2026-07-02 15:08:00+05:30,4059.3,2,4037.49,2218625,162011.0,156359.0,4100.0,4110.0,4012.0,4092.6,25761750,4501.8,3683.4,4440.0,3288.1,4059.1,4,1,4059.0,11,2,4058.7,12,1,4058.6,14,2,4058.5,11,1,4059.3,135,3,4059.5,12,1,4059.6,692,12,4059.7,12,1,4059.9,21,2
11483,2026-07-02 15:08:00+05:30,4059.3,3,4037.49,2218706,162118.0,156325.0,4100.0,4110.0,4012.0,4092.6,25761750,4501.8,3683.4,4440.0,3288.1,4059.2,3,1,4059.1,4,1,4059.0,11,2,4058.7,12,1,4058.6,14,2,4059.3,96,7,4059.5,12,1,4059.6,692,12,4059.7,12,1,4059.9,21,2
11483,2026-07-02 15:08:01+05:30,4059.3,2,4037.49,2218706,162118.0,156325.0,4100.0,4110.0,4012.0,4092.6,25761750,4501.8,3683.4,4440.0,3288.1,4059.2,3,1,4059.1,4,1,4059.0,11,2,4058.7,12,1,4058.6,14,2,4059.3,96,7,4059.5,12,1,4059.6,692,12,4059.7,12,1,4059.9,21,2
11483,2026-07-02 15:08:01+05:30,4059.3,2,4037.49,2218760,162591.0,156170.0,4100.0,4110.0,4012.0,4092.6,25761750,4501.8,3683.4,4440.0,3288.1,4059.2,7,3,4059.1,5,2,4059.0,11,2,4058.7,12,1,4058.6,25,3,4059.3,42,4,4059.6,704,13,4059.7,12,1,4059.9,5,1,4060.0,649,18
11483,2026-07-02 15:08:02+05:30,4059.2,1,4037.49,2218760,162591.0,156170.0,4100.0,4110.0,4012.0,4092.6,25761750,4501.8,3683.4,4440.0,3288.1,4059.2,7,3,4059.1,5,2,4059.0,11,2,4058.7,12,1,4058.6,25,3,4059.3,42,4,4059.6,704,13,4059.7,12,1,4059.9,5,1,4060.0,649,18
11483,2026-07-02 15:08:02+05:30,4059.2,1,4037.49,2218764,162591.0,156402.0,4100.0,4110.0,4012.0,4092.6,25761750,4501.8,3683.4,4440.0,3288.1,4059.2,11,4,4059.1,1,1,4059.0,11,2,4058.7,12,1,4058.6,14,2,4059.3,252,8,4059.5,100,1,4059.6,584,10,4059.7,12,1,4059.9,5,1
11483,2026-07-02 15:08:03+05:30,4059.2,96,4037.49,2218764,162591.0,156402.0,4100.0,4110.0,4012.0,4092.6,25761750,4501.8,3683.4,4440.0,3288.1,4059.2,11,4,4059.1,1,1,4059.0,11,2,4058.7,12,1,4058.6,14,2,4059.3,252,8,4059.5,100,1,4059.6,584,10,4059.7,12,1,4059.9,5,1
11483,2026-07-02 15:08:03+05:30,4059.3,3,4037.49,2218895,162656.0,156318.0,4100.0,4110.0,4012.0,4092.6,25761750,4501.8,3683.4,4440.0,3288.1,4059.2,54,3,4059.1,1,1,4059.0,11,2,4058.7,12,1,4058.6,24,3,4059.3,260,8,4059.5,100,1,4059.6,561,8,4059.7,12,1,4059.9,5,1
11483,2026-07-02 15:08:04+05:30,4059.2,6,4037.49,2218895,162656.0,156318.0,4100.0,4110.0,4012.0,4092.6,25761750,4501.8,3683.4,4440.0,3288.1,4059.2,54,3,4059.1,1,1,4059.0,11,2,4058.7,12,1,4058.6,24,3,4059.3,260,8,4059.5,100,1,4059.6,561,8,4059.7,12,1,4059.9,5,1
11483,2026-07-02 15:08:04+05:30,4059.3,9,4037.5,2219050,162669.0,156305.0,4100.0,4110.0,4012.0,4092.6,25761750,4501.8,3683.4,4440.0,3288.1,4059.2,45,2,4059.1,1,1,4059.0,11,2,4058.7,12,1,4058.6,14,2,4059.3,231,7,4059.5,100,1,4059.6,561,8,4059.7,12,1,4059.9,5,1
11483,2026-07-02 15:08:05+05:30,4059.3,1,4037.5,2219050,162669.0,156305.0,4100.0,4110.0,4012.0,4092.6,25761750,4501.8,3683.4,4440.0,3288.1,4059.2,45,2,4059.1,1,1,4059.0,11,2,4058.7,12,1,4058.6,14,2,4059.3,231,7,4059.5,100,1,4059.6,561,8,4059.7,12,1,4059.9,5,1
11483,2026-07-02 15:08:05+05:30,4059.3,1,4037.5,2219213,162579.0,156036.0,4100.0,4110.0,4012.0,4092.6,25761750,4501.8,3683.4,4440.0,3288.1,4059.2,44,2,4059.1,1,1,4059.0,22,3,4058.9,23,2,4058.8,10,1,4059.3,160,8,4059.5,100,1,4059.6,556,6,4059.7,23,2,4059.9,21,2
11483,2026-07-02 15:08:06+05:30,4059.2,1,4037.5,2219213,162579.0,156036.0,4100.0,4110.0,4012.0,4092.6,25761750,4501.8,3683.4,4440.0,3288.1,4059.2,44,2,4059.1,1,1,4059.0,22,3,4058.9,23,2,4058.8,10,1,4059.3,160,8,4059.5,100,1,4059.6,556,6,4059.7,23,2,4059.9,21,2
11483,2026-07-02 15:08:06+05:30,4059.3,1,4037.5,2219239,162334.0,156068.0,4100.0,4110.0,4012.0,4092.6,25761750,4501.8,3683.4,4440.0,3288.1,4059.2,48,5,4059.1,1,1,4059.0,22,3,4058.9,23,2,4058.8,10,1,4059.3,112,7,4059.5,100,1,4059.6,556,6,4059.7,12,1,4059.9,5,1
11483,2026-07-02 15:08:07+05:30,4059.2,4,4037.5,2219239,162334.0,156068.0,4100.0,4110.0,4012.0,4092.6,25761750,4501.8,3683.4,4440.0,3288.1,4059.2,48,5,4059.1,1,1,4059.0,22,3,4058.9,23,2,4058.8,10,1,4059.3,112,7,4059.5,100,1,4059.6,556,6,4059.7,12,1,4059.9,5,1
11483,2026-07-02 15:08:07+05:30,4059.3,1,4037.5,2219451,162448.0,156075.0,4100.0,4110.0,4012.0,4092.6,25761750,4501.8,3683.4,4440.0,3288.1,4059.2,1,1,4059.1,1,1,4059.0,23,4,4058.9,23,2,4058.8,10,1,4059.3,113,8,4059.5,100,1,4059.6,555,5,4059.7,12,1,4059.9,5,1
11483,2026-07-02 15:08:08+05:30,4059.3,7,4037.5,2219451,162448.0,156075.0,4100.0,4110.0,4012.0,4092.6,25761750,4501.8,3683.4,4440.0,3288.1,4059.2,1,1,4059.1,1,1,4059.0,23,4,4058.9,23,2,4058.8,10,1,4059.3,113,8,4059.5,100,1,4059.6,555,5,4059.7,12,1,4059.9,5,1
11483,2026-07-02 15:08:08+05:30,4059.0,7,4037.5,2219591,162298.0,155809.0,4100.0,4110.0,4012.0,4092.6,25761750,4501.8,3683.4,4440.0,3288.1,4059.0,9,1,4058.9,23,2,4058.8,10,1,4058.7,9,1,4058.6,1,1,4059.3,115,6,4059.5,102,2,4059.6,555,5,4059.7,12,1,4059.8,12,1
11483,2026-07-02 15:08:09+05:30,4059.3,1,4037.5,2219591,162298.0,155809.0,4100.0,4110.0,4012.0,4092.6,25761750,4501.8,3683.4,4440.0,3288.1,4059.0,9,1,4058.9,23,2,4058.8,10,1,4058.7,9,1,4058.6,1,1,4059.3,115,6,4059.5,102,2,4059.6,555,5,4059.7,12,1,4059.8,12,1
11483,2026-07-02 15:08:09+05:30,4059.0,10,4037.5,2219602,162364.0,155978.0,4100.0,4110.0,4012.0,4092.6,25761750,4501.8,3683.4,4440.0,3288.1,4059.0,69,2,4058.9,29,3,4058.8,10,1,4058.7,40,3,4058.6,11,2,4059.3,114,6,4059.5,100,1,4059.6,529,4,4059.7,12,1,4059.8,12,1
11483,2026-07-02 15:08:10+05:30,4059.0,10,4037.5,2219602,162364.0,155978.0,4100.0,4110.0,4012.0,4092.6,25761750,4501.8,3683.4,4440.0,3288.1,4059.0,69,2,4058.9,29,3,4058.8,10,1,4058.7,40,3,4058.6,11,2,4059.3,114,6,4059.5,100,1,4059.6,529,4,4059.7,12,1,4059.8,12,1
11483,2026-07-02 15:08:10+05:30,4059.0,10,4037.5,2219602,162481.0,155996.0,4100.0,4110.0,4012.0,4092.6,25761750,4501.8,3683.4,4440.0,3288.1,4059.0,72,3,4058.9,6,1,4058.8,17,2,4058.7,40,3,4058.6,32,4,4059.3,119,8,4059.5,100,1,4059.6,529,4,4059.7,12,1,4059.8,12,1
11483,2026-07-02 15:08:11+05:30,4059.0,5,4037.5,2219611,162552.0,156003.0,4100.0,4110.0,4012.0,4092.6,25761750,4501.8,3683.4,4440.0,3288.1,4059.0,68,4,4058.8,10,1,4058.7,9,1,4058.6,32,4,4058.5,24,2,4059.3,119,9,4059.5,100,1,4059.6,529,4,4059.7,12,1,4059.8,12,1
11483,2026-07-02 15:08:12+05:30,4059.0,5,4037.5,2219611,162552.0,156003.0,4100.0,4110.0,4012.0,4092.6,25761750,4501.8,3683.4,4440.0,3288.1,4059.0,68,4,4058.8,10,1,4058.7,9,1,4058.6,32,4,4058.5,24,2,4059.3,119,9,4059.5,100,1,4059.6,529,4,4059.7,12,1,4059.8,12,1
11483,2026-07-02 15:08:12+05:30,4059.0,1,4037.5,2219612,162582.0,155910.0,4100.0,4110.0,4012.0,4092.6,25761750,4501.8,3683.4,4440.0,3288.1,4059.1,1,1,4059.0,68,5,4058.8,10,1,4058.6,32,4,4058.5,24,2,4059.3,122,11,4059.5,100,1,4059.6,529,4,4059.7,12,1,4059.8,12,1
11483,2026-07-02 15:08:13+05:30,4059.0,1,4037.5,2219612,162582.0,155910.0,4100.0,4110.0,4012.0,4092.6,25761750,4501.8,3683.4,4440.0,3288.1,4059.1,1,1,4059.0,68,5,4058.8,10,1,4058.6,32,4,4058.5,24,2,4059.3,122,11,4059.5,100,1,4059.6,529,4,4059.7,12,1,4059.8,12,1
11483,2026-07-02 15:08:13+05:30,4061.2,100,4037.56,2225739,164174.0,149853.0,4100.0,4110.0,4012.0,4092.6,25761750,4501.8,3683.4,4440.0,3288.1,4061.2,305,2,4061.1,13,1,4060.9,31,2,4060.8,30,2,4060.7,60,3,4062.0,771,12,4062.2,1,1,4062.4,21,1,4062.5,14,2,4062.6,185,2
11483,2026-07-02 15:08:14+05:30,4062.0,5,4037.56,2225739,164174.0,149853.0,4100.0,4110.0,4012.0,4092.6,25761750,4501.8,3683.4,4440.0,3288.1,4061.2,305,2,4061.1,13,1,4060.9,31,2,4060.8,30,2,4060.7,60,3,4062.0,771,12,4062.2,1,1,4062.4,21,1,4062.5,14,2,4062.6,185,2
11483,2026-07-02 15:08:14+05:30,4062.4,1,4037.58,2227195,165534.0,148992.0,4100.0,4110.0,4012.0,4092.6,25761750,4501.8,3683.4,4440.0,3288.1,4061.3,62,2,4061.2,3,1,4061.0,57,2,4060.9,55,2,4060.8,115,4,4062.4,20,1,4062.5,2,1,4062.6,155,2,4062.8,12,1,4062.9,45,3
11483,2026-07-02 15:08:15+05:30,4062.4,1,4037.58,2227195,165534.0,148992.0,4100.0,4110.0,4012.0,4092.6,25761750,4501.8,3683.4,4440.0,3288.1,4061.3,62,2,4061.2,3,1,4061.0,57,2,4060.9,55,2,4060.8,115,4,4062.4,20,1,4062.5,2,1,4062.6,155,2,4062.8,12,1,4062.9,45,3
11483,2026-07-02 15:08:15+05:30,4062.0,3,4037.58,2227464,164779.0,149434.0,4100.0,4110.0,4012.0,4092.6,25761750,4501.8,3683.4,4440.0,3288.1,4060.8,12,1,4060.6,39,4,4060.5,80,3,4060.4,110,2,4060.3,3,1,4062.0,42,2,4062.4,31,3,4062.5,15,3,4062.6,174,2,4062.7,23,1
11483,2026-07-02 15:08:16+05:30,4062.0,3,4037.58,2227464,164779.0,149434.0,4100.0,4110.0,4012.0,4092.6,25761750,4501.8,3683.4,4440.0,3288.1,4060.8,12,1,4060.6,39,4,4060.5,80,3,4060.4,110,2,4060.3,3,1,4062.0,42,2,4062.4,31,3,4062.5,15,3,4062.6,174,2,4062.7,23,1
11483,2026-07-02 15:08:17+05:30,4060.8,9,4037.58,2227464,164779.0,149434.0,4100.0,4110.0,4012.0,4092.6,25761750,4501.8,3683.4,4440.0,3288.1,4060.8,12,1,4060.6,39,4,4060.5,80,3,4060.4,110,2,4060.3,3,1,4062.0,42,2,4062.4,31,3,4062.5,15,3,4062.6,174,2,4062.7,23,1
11483,2026-07-02 15:08:17+05:30,4060.8,9,4037.58,2227488,165346.0,149845.0,4100.0,4110.0,4012.0,4092.6,25761750,4501.8,3683.4,4440.0,3288.1,4060.8,49,2,4060.6,39,4,4060.5,80,3,4060.4,66,2,4060.3,3,1,4062.0,411,8,4062.1,41,2,4062.3,61,3,4062.4,20,1,4062.5,100,4
11483,2026-07-02 15:08:18+05:30,4060.8,1,4037.58,2227488,165346.0,149845.0,4100.0,4110.0,4012.0,4092.6,25761750,4501.8,3683.4,4440.0,3288.1,4060.8,49,2,4060.6,39,4,4060.5,80,3,4060.4,66,2,4060.3,3,1,4062.0,411,8,4062.1,41,2,4062.3,61,3,4062.4,20,1,4062.5,100,4
11483,2026-07-02 15:08:18+05:30,4060.8,1,4037.58,2227535,165445.0,150780.0,4100.0,4110.0,4012.0,4092.6,25761750,4501.8,3683.4,4440.0,3288.1,4060.8,58,2,4060.6,53,3,4060.5,2,1,4060.4,22,1,4060.3,73,3,4061.0,20,1,4062.0,427,9,4062.2,22,3,4062.3,8,1,4062.4,22,2
11483,2026-07-02 15:08:19+05:30,4060.8,109,4037.58,2227535,165445.0,150780.0,4100.0,4110.0,4012.0,4092.6,25761750,4501.8,3683.4,4440.0,3288.1,4060.8,58,2,4060.6,53,3,4060.5,2,1,4060.4,22,1,4060.3,73,3,4061.0,20,1,4062.0,427,9,4062.2,22,3,4062.3,8,1,4062.4,22,2
11483,2026-07-02 15:08:19+05:30,4060.8,109,4037.59,2227669,165006.0,150669.0,4100.0,4110.0,4012.0,4092.6,25761750,4501.8,3683.4,4440.0,3288.1,4060.8,49,2,4060.6,53,3,4060.5,2,1,4060.4,22,1,4060.3,51,2,4061.0,4,2,4062.0,155,10,4062.1,10,1,4062.2,32,3,4062.3,25,2
11483,2026-07-02 15:08:20+05:30,4061.0,27,4037.59,2227669,165006.0,150669.0,4100.0,4110.0,4012.0,4092.6,25761750,4501.8,3683.4,4440.0,3288.1,4060.8,49,2,4060.6,53,3,4060.5,2,1,4060.4,22,1,4060.3,51,2,4061.0,4,2,4062.0,155,10,4062.1,10,1,4062.2,32,3,4062.3,25,2
11483,2026-07-02 15:08:20+05:30,4061.0,27,4037.59,2227815,164360.0,151117.0,4100.0,4110.0,4012.0,4092.6,25761750,4501.8,3683.4,4440.0,3288.1,4060.8,48,1,4060.2,3,1,4060.1,35,3,4060.0,113,2,4059.9,17,2,4061.0,300,5,4061.8,23,1,4061.9,50,3,4062.0,176,8,4062.1,6,1
11483,2026-07-02 15:08:21+05:30,4061.0,1,4037.59,2227815,164360.0,151117.0,4100.0,4110.0,4012.0,4092.6,25761750,4501.8,3683.4,4440.0,3288.1,4060.8,48,1,4060.2,3,1,4060.1,35,3,4060.0,113,2,4059.9,17,2,4061.0,300,5,4061.8,23,1,4061.9,50,3,4062.0,176,8,4062.1,6,1
11483,2026-07-02 15:08:21+05:30,4061.0,1,4037.59,2227910,164057.0,151413.0,4100.0,4110.0,4012.0,4092.6,25761750,4501.8,3683.4,4440.0,3288.1,4060.8,3,1,4060.1,12,1,4060.0,39,2,4059.9,17,2,4059.8,62,3,4061.0,339,9,4061.2,9,1,4061.3,24,1,4061.4,14,1,4061.5,1,1
11483,2026-07-02 15:08:22+05:30,4060.8,9,4037.59,2227910,164057.0,151413.0,4100.0,4110.0,4012.0,4092.6,25761750,4501.8,3683.4,4440.0,3288.1,4060.8,3,1,4060.1,12,1,4060.0,39,2,4059.9,17,2,4059.8,62,3,4061.0,339,9,4061.2,9,1,4061.3,24,1,4061.4,14,1,4061.5,1,1
11483,2026-07-02 15:08:22+05:30,4061.0,3,4037.59,2228066,164228.0,151533.0,4100.0,4110.0,4012.0,4092.6,25761750,4501.8,3683.4,4440.0,3288.1,4060.8,32,1,4060.1,12,1,4060.0,59,3,4059.9,15,1,4059.8,22,2,4061.0,409,14,4061.2,9,1,4061.4,38,2,4061.5,1,1,4061.6,36,2
11483,2026-07-02 15:08:23+05:30,4061.0,1,4037.59,2228066,164228.0,151533.0,4100.0,4110.0,4012.0,4092.6,25761750,4501.8,3683.4,4440.0,3288.1,4060.8,32,1,4060.1,12,1,4060.0,59,3,4059.9,15,1,4059.8,22,2,4061.0,409,14,4061.2,9,1,4061.4,38,2,4061.5,1,1,4061.6,36,2
11483,2026-07-02 15:08:23+05:30,4061.0,11,4037.59,2228150,164089.0,151706.0,4100.0,4110.0,4012.0,4092.6,25761750,4501.8,3683.4,4440.0,3288.1,4060.1,12,1,4060.0,24,2,4059.7,35,1,4059.6,139,3,4059.5,16,3,4061.0,391,14,4061.4,38,2,4061.5,2,1,4061.6,48,3,4061.7,62,3
11483,2026-07-02 15:08:24+05:30,4061.4,2,4037.59,2228150,164089.0,151706.0,4100.0,4110.0,4012.0,4092.6,25761750,4501.8,3683.4,4440.0,3288.1,4060.1,12,1,4060.0,24,2,4059.7,35,1,4059.6,139,3,4059.5,16,3,4061.0,391,14,4061.4,38,2,4061.5,2,1,4061.6,48,3,4061.7,62,3
11483,2026-07-02 15:08:24+05:30,4061.0,11,4037.6,2228691,164497.0,151047.0,4100.0,4110.0,4012.0,4092.6,25761750,4501.8,3683.4,4440.0,3288.1,4061.0,89,1,4060.1,123,7,4060.0,150,5,4059.9,115,4,4059.8,6,1,4061.7,13,1,4061.8,67,1,4061.9,81,2,4062.0,72,5,4062.1,111,2
11483,2026-07-02 15:08:25+05:30,4061.0,20,4037.6,2228691,164497.0,151047.0,4100.0,4110.0,4012.0,4092.6,25761750,4501.8,3683.4,4440.0,3288.1,4061.0,89,1,4060.1,123,7,4060.0,150,5,4059.9,115,4,4059.8,6,1,4061.7,13,1,4061.8,67,1,4061.9,81,2,4062.0,72,5,4062.1,111,2
11483,2026-07-02 15:08:25+05:30,4061.0,1,4037.6,2228787,165079.0,151024.0,4100.0,4110.0,4012.0,4092.6,25761750,4501.8,3683.4,4440.0,3288.1,4061.1,388,1,4061.0,5,2,4060.3,74,2,4060.2,63,4,4060.1,32,4,4061.7,34,3,4061.8,67,1,4061.9,81,2,4062.0,36,3,4062.1,13,1
11483,2026-07-02 15:08:26+05:30,4061.7,4,4037.6,2228787,165079.0,151024.0,4100.0,4110.0,4012.0,4092.6,25761750,4501.8,3683.4,4440.0,3288.1,4061.1,388,1,4061.0,5,2,4060.3,74,2,4060.2,63,4,4060.1,32,4,4061.7,34,3,4061.8,67,1,4061.9,81,2,4062.0,36,3,4062.1,13,1
11483,2026-07-02 15:08:26+05:30,4061.4,17,4037.64,2232686,164992.0,150424.0,4100.0,4110.0,4012.0,4092.6,25761750,4501.8,3683.4,4440.0,3288.1,4061.2,263,2,4061.1,6,2,4060.3,78,1,4060.2,3,1,4060.1,50,4,4061.7,310,1,4062.5,55,3,4062.6,136,4,4062.7,119,7,4062.8,110,4
11483,2026-07-02 15:08:27+05:30,4061.7,1,4037.64,2232686,164992.0,150424.0,4100.0,4110.0,4012.0,4092.6,25761750,4501.8,3683.4,4440.0,3288.1,4061.2,263,2,4061.1,6,2,4060.3,78,1,4060.2,3,1,4060.1,50,4,4061.7,310,1,4062.5,55,3,4062.6,136,4,4062.7,119,7,4062.8,110,4
11483,2026-07-02 15:08:27+05:30,4061.2,79,4037.65,2233310,164597.0,150757.0,4100.0,4110.0,4012.0,4092.6,25761750,4501.8,3683.4,4440.0,3288.1,4061.2,53,1,4061.1,3,1,4060.8,12,1,4060.7,13,1,4060.6,13,1,4061.7,384,6,4062.0,61,3,4062.1,22,1,4062.2,42,2,4062.3,49,2
11483,2026-07-02 15:08:28+05:30,4061.2,79,4037.65,2233310,164597.0,150757.0,4100.0,4110.0,4012.0,4092.6,25761750,4501.8,3683.4,4440.0,3288.1,4061.2,53,1,4061.1,3,1,4060.8,12,1,4060.7,13,1,4060.6,13,1,4061.7,384,6,4062.0,61,3,4062.1,22,1,4062.2,42,2,4062.3,49,2
11483,2026-07-02 15:08:28+05:30,4061.2,186,4037.65,2233551,164669.0,150928.0,4100.0,4110.0,4012.0,4092.6,25761750,4501.8,3683.4,4440.0,3288.1,4061.2,2,1,4061.1,3,1,4060.8,12,1,4060.7,13,1,4060.6,13,1,4061.7,416,7,4061.8,14,1,4062.0,64,3,4062.1,24,1,4062.2,116,3
11483,2026-07-02 15:08:29+05:30,4061.7,8,4037.65,2233551,164669.0,150928.0,4100.0,4110.0,4012.0,4092.6,25761750,4501.8,3683.4,4440.0,3288.1,4061.2,2,1,4061.1,3,1,4060.8,12,1,4060.7,13,1,4060.6,13,1,4061.7,416,7,4061.8,14,1,4062.0,64,3,4062.1,24,1,4062.2,116,3
11483,2026-07-02 15:08:29+05:30,4061.0,3,4037.65,2233604,164372.0,151058.0,4100.0,4110.0,4012.0,4092.6,25761750,4501.8,3683.4,4440.0,3288.1,4060.8,12,1,4060.7,13,1,4060.6,13,1,4060.1,63,2,4060.0,24,2,4061.7,386,7,4062.0,24,1,4062.1,65,2,4062.2,91,3,4062.3,57,3
11483,2026-07-02 15:08:30+05:30,4060.8,1,4037.65,2233604,164372.0,151058.0,4100.0,4110.0,4012.0,4092.6,25761750,4501.8,3683.4,4440.0,3288.1,4060.8,12,1,4060.7,13,1,4060.6,13,1,4060.1,63,2,4060.0,24,2,4061.7,386,7,4062.0,24,1,4062.1,65,2,4062.2,91,3,4062.3,57,3
11483,2026-07-02 15:08:30+05:30,4062.1,25,4037.66,2234105,164010.0,150331.0,4100.0,4110.0,4012.0,4092.6,25761750,4501.8,3683.4,4440.0,3288.1,4060.8,11,1,4060.7,13,1,4060.6,13,1,4060.1,63,2,4060.0,24,2,4062.0,40,1,4062.1,72,3,4062.2,67,3,4062.3,90,3,4062.4,42,2
11483,2026-07-02 15:08:31+05:30,4061.0,2,4037.66,2234105,164010.0,150331.0,4100.0,4110.0,4012.0,4092.6,25761750,4501.8,3683.4,4440.0,3288.1,4060.8,11,1,4060.7,13,1,4060.6,13,1,4060.1,63,2,4060.0,24,2,4062.0,40,1,4062.1,72,3,4062.2,67,3,4062.3,90,3,4062.4,42,2
11483,2026-07-02 15:08:31+05:30,4061.0,2,4037.66,2234157,163978.0,150435.0,4100.0,4110.0,4012.0,4092.6,25761750,4501.8,3683.4,4440.0,3288.1,4061.0,29,2,4060.8,16,2,4060.7,13,1,4060.6,13,1,4060.1,63,2,4061.8,34,2,4061.9,55,2,4062.0,56,3,4062.1,57,2,4062.2,59,2
11483,2026-07-02 15:08:32+05:30,4061.0,25,4037.66,2234157,163978.0,150435.0,4100.0,4110.0,4012.0,4092.6,25761750,4501.8,3683.4,4440.0,3288.1,4061.0,29,2,4060.8,16,2,4060.7,13,1,4060.6,13,1,4060.1,63,2,4061.8,34,2,4061.9,55,2,4062.0,56,3,4062.1,57,2,4062.2,59,2
11483,2026-07-02 15:08:32+05:30,4061.8,3,4037.66,2234208,164181.0,150521.0,4100.0,4110.0,4012.0,4092.6,25761750,4501.8,3683.4,4440.0,3288.1,4061.0,232,4,4060.8,11,1,4060.7,13,1,4060.6,13,1,4060.4,60,2,4061.8,24,2,4062.0,65,3,4062.1,27,1,4062.3,39,2,4062.4,10,2
11483,2026-07-02 15:08:33+05:30,4061.1,17,4037.66,2234208,164181.0,150521.0,4100.0,4110.0,4012.0,4092.6,25761750,4501.8,3683.4,4440.0,3288.1,4061.0,232,4,4060.8,11,1,4060.7,13,1,4060.6,13,1,4060.4,60,2,4061.8,24,2,4062.0,65,3,4062.1,27,1,4062.3,39,2,4062.4,10,2
11483,2026-07-02 15:08:33+05:30,4061.1,17,4037.66,2234227,165330.0,150099.0,4100.0,4110.0,4012.0,4092.6,25761750,4501.8,3683.4,4440.0,3288.1,4061.1,216,2,4061.0,36,5,4060.8,24,2,4060.7,13,1,4060.6,31,2,4061.8,38,3,4062.0,1,1,4062.2,12,1,4062.5,8,1,4062.6,39,1
11483,2026-07-02 15:08:34+05:30,4061.1,2,4037.66,2234227,165330.0,150099.0,4100.0,4110.0,4012.0,4092.6,25761750,4501.8,3683.4,4440.0,3288.1,4061.1,216,2,4061.0,36,5,4060.8,24,2,4060.7,13,1,4060.6,31,2,4061.8,38,3,4062.0,1,1,4062.2,12,1,4062.5,8,1,4062.6,39,1
11483,2026-07-02 15:08:34+05:30,4061.1,4,4037.66,2234672,165651.0,149794.0,4100.0,4110.0,4012.0,4092.6,25761750,4501.8,3683.4,4440.0,3288.1,4061.1,36,2,4061.0,63,8,4060.9,58,2,4060.8,31,2,4060.7,65,2,4062.2,12,1,4062.8,42,3,4062.9,42,3,4063.0,136,3,4063.1,12,1
11483,2026-07-02 15:08:35+05:30,4062.2,72,4037.66,2234672,165651.0,149794.0,4100.0,4110.0,4012.0,4092.6,25761750,4501.8,3683.4,4440.0,3288.1,4061.1,36,2,4061.0,63,8,4060.9,58,2,4060.8,31,2,4060.7,65,2,4062.2,12,1,4062.8,42,3,4062.9,42,3,4063.0,136,3,4063.1,12,1
11483,2026-07-02 15:08:35+05:30,4061.2,15,4037.66,2234847,165543.0,150096.0,4100.0,4110.0,4012.0,4092.6,25761750,4501.8,3683.4,4440.0,3288.1,4061.2,2,1,4061.1,3,1,4061.0,34,7,4060.8,27,2,4060.7,68,3,4062.5,15,1,4062.6,374,6,4062.7,55,4,4062.8,56,4,4062.9,51,3
11483,2026-07-02 15:08:36+05:30,4062.5,1,4037.66,2234847,165543.0,150096.0,4100.0,4110.0,4012.0,4092.6,25761750,4501.8,3683.4,4440.0,3288.1,4061.2,2,1,4061.1,3,1,4061.0,34,7,4060.8,27,2,4060.7,68,3,4062.5,15,1,4062.6,374,6,4062.7,55,4,4062.8,56,4,4062.9,51,3
11483,2026-07-02 15:08:36+05:30,4061.2,1,4037.66,2234855,165736.0,149797.0,4100.0,4110.0,4012.0,4092.6,25761750,4501.8,3683.4,4440.0,3288.1,4061.2,32,6,4061.1,33,2,4061.0,20,4,4060.9,39,1,4060.8,49,3,4062.5,44,3,4062.9,24,1,4063.0,36,2,4063.1,69,2,4063.2,81,3
11483,2026-07-02 15:08:37+05:30,4061.2,2,4037.66,2234855,165736.0,149797.0,4100.0,4110.0,4012.0,4092.6,25761750,4501.8,3683.4,4440.0,3288.1,4061.2,32,6,4061.1,33,2,4061.0,20,4,4060.9,39,1,4060.8,49,3,4062.5,44,3,4062.9,24,1,4063.0,36,2,4063.1,69,2,4063.2,81,3
11483,2026-07-02 15:08:37+05:30,4061.2,2,4037.66,2234858,165535.0,150147.0,4100.0,4110.0,4012.0,4092.6,25761750,4501.8,3683.4,4440.0,3288.1,4061.2,24,6,4061.0,69,5,4060.9,71,2,4060.8,60,3,4060.7,70,4,4062.5,371,5,4062.7,36,1,4062.9,65,2,4063.0,36,2,4063.1,12,1
11483,2026-07-02 15:08:38+05:30,4061.2,4,4037.66,2234858,165535.0,150147.0,4100.0,4110.0,4012.0,4092.6,25761750,4501.8,3683.4,4440.0,3288.1,4061.2,24,6,4061.0,69,5,4060.9,71,2,4060.8,60,3,4060.7,70,4,4062.5,371,5,4062.7,36,1,4062.9,65,2,4063.0,36,2,4063.1,12,1
11483,2026-07-02 15:08:38+05:30,4061.2,4,4037.67,2234986,165570.0,150019.0,4100.0,4110.0,4012.0,4092.6,25761750,4501.8,3683.4,4440.0,3288.1,4061.4,2,1,4061.2,10,4,4061.0,33,5,4060.8,53,1,4060.7,67,3,4062.4,50,3,4062.5,63,3,4062.6,80,4,4062.7,36,1,4062.8,49,2
11483,2026-07-02 15:08:39+05:30,4062.4,1,4037.67,2234986,165570.0,150019.0,4100.0,4110.0,4012.0,4092.6,25761750,4501.8,3683.4,4440.0,3288.1,4061.4,2,1,4061.2,10,4,4061.0,33,5,4060.8,53,1,4060.7,67,3,4062.4,50,3,4062.5,63,3,4062.6,80,4,4062.7,36,1,4062.8,49,2
11483,2026-07-02 15:08:39+05:30,4063.0,2,4037.67,2234991,165896.0,149670.0,4100.0,4110.0,4012.0,4092.6,25761750,4501.8,3683.4,4440.0,3288.1,4061.5,12,2,4061.4,33,3,4061.3,79,3,4061.2,18,5,4061.1,126,6,4063.0,57,3,4063.1,13,1,4063.2,22,1,4063.3,49,2,4063.4,39,2
11483,2026-07-02 15:08:40+05:30,4061.5,1,4037.67,2234991,165896.0,149670.0,4100.0,4110.0,4012.0,4092.6,25761750,4501.8,3683.4,4440.0,3288.1,4061.5,12,2,4061.4,33,3,4061.3,79,3,4061.2,18,5,4061.1,126,6,4063.0,57,3,4063.1,13,1,4063.2,22,1,4063.3,49,2,4063.4,39,2
11483,2026-07-02 15:08:40+05:30,4062.5,3,4037.67,2234996,165964.0,149737.0,4100.0,4110.0,4012.0,4092.6,25761750,4501.8,3683.4,4440.0,3288.1,4061.5,14,3,4061.4,2,1,4061.2,73,5,4061.1,41,2,4061.0,63,6,4062.5,299,1,4062.8,13,1,4063.0,143,7,4063.1,12,1,4063.2,59,2
11483,2026-07-02 15:08:40+05:30,4062.5,3,4037.67,2234996,165964.0,149737.0,4100.0,4110.0,4012.0,4092.6,25761750,4501.8,3683.4,4440.0,3288.1,4061.5,14,3,4061.4,2,1,4061.2,73,5,4061.1,41,2,4061.0,63,6,4062.5,299,1,4062.8,13,1,4063.0,143,7,4063.1,12,1,4063.2,59,2
11483,2026-07-02 15:08:41+05:30,4062.5,3,4037.67,2234996,165964.0,149737.0,4100.0,4110.0,4012.0,4092.6,25761750,4501.8,3683.4,4440.0,3288.1,4061.5,14,3,4061.4,2,1,4061.2,73,5,4061.1,41,2,4061.0,63,6,4062.5,299,1,4062.8,13,1,4063.0,143,7,4063.1,12,1,4063.2,59,2
11483,2026-07-02 15:08:41+05:30,4062.5,3,4037.67,2234996,165964.0,149737.0,4100.0,4110.0,4012.0,4092.6,25761750,4501.8,3683.4,4440.0,3288.1,4061.5,14,3,4061.4,2,1,4061.2,73,5,4061.1,41,2,4061.0,63,6,4062.5,299,1,4062.8,13,1,4063.0,143,7,4063.1,12,1,4063.2,59,2
11483,2026-07-02 15:08:41+05:30,4061.5,5,4037.67,2235007,165933.0,149837.0,4100.0,4110.0,4012.0,4092.6,25761750,4501.8,3683.4,4440.0,3288.1,4061.5,10,4,4061.4,2,1,4061.3,28,2,4061.2,73,5,4061.1,54,3,4062.5,339,4,4062.8,13,1,4063.0,119,5,4063.1,12,1,4063.2,59,2
11483,2026-07-02 15:08:41+05:30,4061.5,5,4037.67,2235007,165933.0,149837.0,4100.0,4110.0,4012.0,4092.6,25761750,4501.8,3683.4,4440.0,3288.1,4061.5,10,4,4061.4,2,1,4061.3,28,2,4061.2,73,5,4061.1,54,3,4062.5,339,4,4062.8,13,1,4063.0,119,5,4063.1,12,1,4063.2,59,2
11483,2026-07-02 15:08:42+05:30,4061.5,4,4037.67,2235007,165933.0,149837.0,4100.0,4110.0,4012.0,4092.6,25761750,4501.8,3683.4,4440.0,3288.1,4061.5,10,4,4061.4,2,1,4061.3,28,2,4061.2,73,5,4061.1,54,3,4062.5,339,4,4062.8,13,1,4063.0,119,5,4063.1,12,1,4063.2,59,2
11483,2026-07-02 15:08:42+05:30,4061.5,4,4037.67,2235007,165933.0,149837.0,4100.0,4110.0,4012.0,4092.6,25761750,4501.8,3683.4,4440.0,3288.1,4061.5,10,4,4061.4,2,1,4061.3,28,2,4061.2,73,5,4061.1,54,3,4062.5,339,4,4062.8,13,1,4063.0,119,5,4063.1,12,1,4063.2,59,2
11483,2026-07-02 15:08:42+05:30,4061.5,1,4037.67,2235063,165881.0,150086.0,4100.0,4110.0,4012.0,4092.6,25761750,4501.8,3683.4,4440.0,3288.1,4061.5,8,3,4061.3,28,2,4061.2,63,1,4061.1,33,2,4061.0,28,4,4062.5,615,10,4062.6,53,2,4062.7,51,2,4062.8,44,2,4062.9,24,1
11483,2026-07-02 15:08:42+05:30,4061.5,1,4037.67,2235063,165881.0,150086.0,4100.0,4110.0,4012.0,4092.6,25761750,4501.8,3683.4,4440.0,3288.1,4061.5,8,3,4061.3,28,2,4061.2,63,1,4061.1,33,2,4061.0,28,4,4062.5,615,10,4062.6,53,2,4062.7,51,2,4062.8,44,2,4062.9,24,1
11483,2026-07-02 15:08:43+05:30,4061.5,1,4037.67,2235063,165881.0,150086.0,4100.0,4110.0,4012.0,4092.6,25761750,4501.8,3683.4,4440.0,3288.1,4061.5,8,3,4061.3,28,2,4061.2,63,1,4061.1,33,2,4061.0,28,4,4062.5,615,10,4062.6,53,2,4062.7,51,2,4062.8,44,2,4062.9,24,1
11483,2026-07-02 15:08:43+05:30,4061.5,1,4037.67,2235063,165881.0,150086.0,4100.0,4110.0,4012.0,4092.6,25761750,4501.8,3683.4,4440.0,3288.1,4061.5,8,3,4061.3,28,2,4061.2,63,1,4061.1,33,2,4061.0,28,4,4062.5,615,10,4062.6,53,2,4062.7,51,2,4062.8,44,2,4062.9,24,1
11483,2026-07-02 15:08:43+05:30,4061.5,2,4037.67,2235107,166061.0,150011.0,4100.0,4110.0,4012.0,4092.6,25761750,4501.8,3683.4,4440.0,3288.1,4061.5,5,2,4061.3,66,3,4061.2,63,1,4061.1,33,2,4061.0,28,4,4062.5,620,10,4062.6,53,2,4062.7,7,1,4062.8,13,1,4063.0,163,7
11483,2026-07-02 15:08:44+05:30,4061.5,2,4037.67,2235107,166061.0,150011.0,4100.0,4110.0,4012.0,4092.6,25761750,4501.8,3683.4,4440.0,3288.1,4061.5,5,2,4061.3,66,3,4061.2,63,1,4061.1,33,2,4061.0,28,4,4062.5,620,10,4062.6,53,2,4062.7,7,1,4062.8,13,1,4063.0,163,7
11483,2026-07-02 15:08:44+05:30,4061.2,3,4037.67,2235107,166061.0,150011.0,4100.0,4110.0,4012.0,4092.6,25761750,4501.8,3683.4,4440.0,3288.1,4061.5,5,2,4061.3,66,3,4061.2,63,1,4061.1,33,2,4061.0,28,4,4062.5,620,10,4062.6,53,2,4062.7,7,1,4062.8,13,1,4063.0,163,7
11483,2026-07-02 15:08:44+05:30,4061.2,3,4037.67,2235107,166061.0,150011.0,4100.0,4110.0,4012.0,4092.6,25761750,4501.8,3683.4,4440.0,3288.1,4061.5,5,2,4061.3,66,3,4061.2,63,1,4061.1,33,2,4061.0,28,4,4062.5,620,10,4062.6,53,2,4062.7,7,1,4062.8,13,1,4063.0,163,7
11483,2026-07-02 15:08:44+05:30,4062.5,1,4037.67,2235258,166087.0,149978.0,4100.0,4110.0,4012.0,4092.6,25761750,4501.8,3683.4,4440.0,3288.1,4061.6,1,1,4061.5,1,1,4061.2,60,1,4061.1,33,2,4061.0,27,3,4062.5,597,10,4062.6,26,1,4062.8,42,2,4063.0,159,7,4063.1,12,1
11483,2026-07-02 15:08:44+05:30,4062.5,1,4037.67,2235258,166087.0,149978.0,4100.0,4110.0,4012.0,4092.6,25761750,4501.8,3683.4,4440.0,3288.1,4061.6,1,1,4061.5,1,1,4061.2,60,1,4061.1,33,2,4061.0,27,3,4062.5,597,10,4062.6,26,1,4062.8,42,2,4063.0,159,7,4063.1,12,1
11483,2026-07-02 15:08:45+05:30,4062.5,1,4037.67,2235258,166087.0,149978.0,4100.0,4110.0,4012.0,4092.6,25761750,4501.8,3683.4,4440.0,3288.1,4061.6,1,1,4061.5,1,1,4061.2,60,1,4061.1,33,2,4061.0,27,3,4062.5,597,10,4062.6,26,1,4062.8,42,2,4063.0,159,7,4063.1,12,1
11483,2026-07-02 15:08:45+05:30,4062.5,1,4037.67,2235258,166087.0,149978.0,4100.0,4110.0,4012.0,4092.6,25754400,4501.8,3683.4,4440.0,3288.1,4061.6,1,1,4061.5,1,1,4061.2,60,1,4061.1,33,2,4061.0,27,3,4062.5,597,10,4062.6,26,1,4062.8,42,2,4063.0,159,7,4063.1,12,1
11483,2026-07-02 15:08:45+05:30,4062.5,1,4037.67,2235258,166228.0,149917.0,4100.0,4110.0,4012.0,4092.6,25754400,4501.8,3683.4,4440.0,3288.1,4061.7,2,1,4061.6,2,2,4061.5,13,3,4061.2,78,2,4061.1,41,2,4062.5,601,12,4062.6,26,1,4062.8,13,1,4063.0,90,5,4063.1,12,1
11483,2026-07-02 15:08:45+05:30,4062.5,1,4037.67,2235258,166228.0,149917.0,4100.0,4110.0,4012.0,4092.6,25754400,4501.8,3683.4,4440.0,3288.1,4061.7,2,1,4061.6,2,2,4061.5,13,3,4061.2,78,2,4061.1,41,2,4062.5,601,12,4062.6,26,1,4062.8,13,1,4063.0,90,5,4063.1,12,1
11483,2026-07-02 15:08:46+05:30,4061.5,1,4037.67,2235258,166228.0,149917.0,4100.0,4110.0,4012.0,4092.6,25754400,4501.8,3683.4,4440.0,3288.1,4061.7,2,1,4061.6,2,2,4061.5,13,3,4061.2,78,2,4061.1,41,2,4062.5,601,12,4062.6,26,1,4062.8,13,1,4063.0,90,5,4063.1,12,1
11483,2026-07-02 15:08:46+05:30,4061.5,1,4037.67,2235258,166228.0,149917.0,4100.0,4110.0,4012.0,4092.6,25754400,4501.8,3683.4,4440.0,3288.1,4061.7,2,1,4061.6,2,2,4061.5,13,3,4061.2,78,2,4061.1,41,2,4062.5,601,12,4062.6,26,1,4062.8,13,1,4063.0,90,5,4063.1,12,1
11483,2026-07-02 15:08:46+05:30,4062.5,8,4037.67,2235357,165705.0,149910.0,4100.0,4110.0,4012.0,4092.6,25754400,4501.8,3683.4,4440.0,3288.1,4061.7,1,1,4061.5,46,1,4061.4,60,1,4061.0,94,5,4060.8,58,2,4062.5,551,11,4062.6,26,1,4062.8,13,1,4063.0,54,3,4063.1,58,2
11483,2026-07-02 15:08:46+05:30,4062.5,8,4037.67,2235357,165705.0,149910.0,4100.0,4110.0,4012.0,4092.6,25754400,4501.8,3683.4,4440.0,3288.1,4061.7,1,1,4061.5,46,1,4061.4,60,1,4061.0,94,5,4060.8,58,2,4062.5,551,11,4062.6,26,1,4062.8,13,1,4063.0,54,3,4063.1,58,2
11483,2026-07-02 15:08:47+05:30,4062.5,8,4037.67,2235357,165705.0,149910.0,4100.0,4110.0,4012.0,4092.6,25754400,4501.8,3683.4,4440.0,3288.1,4061.7,1,1,4061.5,46,1,4061.4,60,1,4061.0,94,5,4060.8,58,2,4062.5,551,11,4062.6,26,1,4062.8,13,1,4063.0,54,3,4063.1,58,2
11483,2026-07-02 15:08:47+05:30,4061.5,46,4037.67,2235357,165705.0,149910.0,4100.0,4110.0,4012.0,4092.6,25754400,4501.8,3683.4,4440.0,3288.1,4061.7,1,1,4061.5,46,1,4061.4,60,1,4061.0,94,5,4060.8,58,2,4062.5,551,11,4062.6,26,1,4062.8,13,1,4063.0,54,3,4063.1,58,2
11483,2026-07-02 15:08:47+05:30,4061.5,4,4037.67,2235439,165718.0,149848.0,4100.0,4110.0,4012.0,4092.6,25754400,4501.8,3683.4,4440.0,3288.1,4061.7,5,1,4061.4,60,1,4061.0,51,3,4060.8,79,2,4060.7,80,3,4062.5,552,12,4062.6,26,1,4062.8,13,1,4063.0,54,3,4063.1,84,3
11483,2026-07-02 15:08:48+05:30,4061.7,1,4037.67,2235439,165718.0,149848.0,4100.0,4110.0,4012.0,4092.6,25754400,4501.8,3683.4,4440.0,3288.1,4061.7,5,1,4061.4,60,1,4061.0,51,3,4060.8,79,2,4060.7,80,3,4062.5,552,12,4062.6,26,1,4062.8,13,1,4063.0,54,3,4063.1,84,3
11483,2026-07-02 15:08:48+05:30,4062.5,2,4037.67,2235492,165670.0,149913.0,4100.0,4110.0,4012.0,4092.6,25754400,4501.8,3683.4,4440.0,3288.1,4061.7,5,2,4061.4,60,1,4061.0,53,4,4060.9,7,1,4060.8,21,1,4062.5,502,13,4062.6,26,1,4062.8,13,1,4063.0,54,3,4063.1,66,3
11483,2026-07-02 15:08:49+05:30,4061.0,33,4037.67,2235492,165670.0,149913.0,4100.0,4110.0,4012.0,4092.6,25754400,4501.8,3683.4,4440.0,3288.1,4061.7,5,2,4061.4,60,1,4061.0,53,4,4060.9,7,1,4060.8,21,1,4062.5,502,13,4062.6,26,1,4062.8,13,1,4063.0,54,3,4063.1,66,3
11483,2026-07-02 15:08:49+05:30,4061.0,33,4037.67,2235646,165518.0,149963.0,4100.0,4110.0,4012.0,4092.6,25754400,4501.8,3683.4,4440.0,3288.1,4061.7,1,1,4061.0,11,3,4060.7,80,3,4060.6,13,1,4060.5,29,1,4062.0,1,1,4062.4,12,1,4062.5,304,12,4062.8,12,1,4062.9,26,2
11483,2026-07-02 15:08:50+05:30,4060.6,5,4037.67,2235646,165518.0,149963.0,4100.0,4110.0,4012.0,4092.6,25754400,4501.8,3683.4,4440.0,3288.1,4061.7,1,1,4061.0,11,3,4060.7,80,3,4060.6,13,1,4060.5,29,1,4062.0,1,1,4062.4,12,1,4062.5,304,12,4062.8,12,1,4062.9,26,2
11483,2026-07-02 15:08:50+05:30,4060.6,5,4037.67,2235774,165773.0,150304.0,4100.0,4110.0,4012.0,4092.6,25754400,4501.8,3683.4,4440.0,3288.1,4061.7,1,1,4060.7,36,3,4060.6,10,2,4060.4,16,1,4060.3,57,4,4062.3,98,5,4062.4,12,1,4062.5,319,13,4062.6,62,2,4062.7,48,2
11483,2026-07-02 15:08:51+05:30,4062.0,14,4037.67,2235774,165773.0,150304.0,4100.0,4110.0,4012.0,4092.6,25754400,4501.8,3683.4,4440.0,3288.1,4061.7,1,1,4060.7,36,3,4060.6,10,2,4060.4,16,1,4060.3,57,4,4062.3,98,5,4062.4,12,1,4062.5,319,13,4062.6,62,2,4062.7,48,2
11483,2026-07-02 15:08:51+05:30,4060.7,6,4037.67,2235840,164757.0,150470.0,4100.0,4110.0,4012.0,4092.6,25754400,4501.8,3683.4,4440.0,3288.1,4060.3,34,2,4060.2,13,1,4060.1,26,4,4060.0,185,8,4059.9,80,4,4062.0,146,7,4062.1,84,3,4062.2,80,3,4062.3,136,7,4062.4,119,4
11483,2026-07-02 15:08:52+05:30,4062.0,2,4037.67,2235840,164757.0,150470.0,4100.0,4110.0,4012.0,4092.6,25754400,4501.8,3683.4,4440.0,3288.1,4060.3,34,2,4060.2,13,1,4060.1,26,4,4060.0,185,8,4059.9,80,4,4062.0,146,7,4062.1,84,3,4062.2,80,3,4062.3,136,7,4062.4,119,4
11483,2026-07-02 15:08:52+05:30,4062.0,2,4037.68,2235849,163568.0,149233.0,4100.0,4110.0,4012.0,4092.6,25754400,4501.8,3683.4,4440.0,3288.1,4060.5,11,2,4060.4,100,5,4060.3,43,5,4060.2,56,3,4060.1,24,3,4062.0,68,4,4062.3,93,5,4062.4,156,5,4062.5,320,9,4062.6,60,2
11483,2026-07-02 15:08:53+05:30,4060.5,1,4037.68,2235849,163568.0,149233.0,4100.0,4110.0,4012.0,4092.6,25754400,4501.8,3683.4,4440.0,3288.1,4060.5,11,2,4060.4,100,5,4060.3,43,5,4060.2,56,3,4060.1,24,3,4062.0,68,4,4062.3,93,5,4062.4,156,5,4062.5,320,9,4062.6,60,2
11483,2026-07-02 15:08:53+05:30,4060.5,1,4037.68,2235947,163618.0,149694.0,4100.0,4110.0,4012.0,4092.6,25754400,4501.8,3683.4,4440.0,3288.1,4060.4,38,3,4060.3,61,4,4060.2,15,2,4060.1,33,6,4060.0,184,7,4060.5,188,1,4061.9,13,1,4062.0,143,6,4062.1,287,3,4062.2,13,1
11483,2026-07-02 15:08:54+05:30,4060.5,1,4037.68,2235947,163618.0,149694.0,4100.0,4110.0,4012.0,4092.6,25754400,4501.8,3683.4,4440.0,3288.1,4060.4,38,3,4060.3,61,4,4060.2,15,2,4060.1,33,6,4060.0,184,7,4060.5,188,1,4061.9,13,1,4062.0,143,6,4062.1,287,3,4062.2,13,1
11483,2026-07-02 15:08:54+05:30,4060.2,44,4037.68,2236076,163415.0,149752.0,4100.0,4110.0,4012.0,4092.6,25754400,4501.8,3683.4,4440.0,3288.1,4060.4,5,1,4060.2,10,1,4060.1,1,1,4060.0,163,7,4059.9,15,2,4060.5,192,3,4061.8,43,1,4061.9,54,5,4062.0,121,5,4062.1,287,3
11483,2026-07-02 15:08:55+05:30,4060.4,1,4037.68,2236076,163415.0,149752.0,4100.0,4110.0,4012.0,4092.6,25754400,4501.8,3683.4,4440.0,3288.1,4060.4,5,1,4060.2,10,1,4060.1,1,1,4060.0,163,7,4059.9,15,2,4060.5,192,3,4061.8,43,1,4061.9,54,5,4062.0,121,5,4062.1,287,3
11483,2026-07-02 15:08:55+05:30,4060.5,1,4037.68,2236128,163134.0,149785.0,4100.0,4110.0,4012.0,4092.6,25754400,4501.8,3683.4,4440.0,3288.1,4060.4,4,1,4060.3,1,1,4060.1,1,1,4060.0,67,6,4059.9,15,2,4060.5,186,7,4061.8,104,1,4061.9,94,6,4062.1,311,4,4062.2,13,1
11483,2026-07-02 15:08:56+05:30,4060.5,1,4037.68,2236128,163134.0,149785.0,4100.0,4110.0,4012.0,4092.6,25754400,4501.8,3683.4,4440.0,3288.1,4060.4,4,1,4060.3,1,1,4060.1,1,1,4060.0,67,6,4059.9,15,2,4060.5,186,7,4061.8,104,1,4061.9,94,6,4062.1,311,4,4062.2,13,1
11483,2026-07-02 15:08:56+05:30,4060.5,4,4037.68,2236132,163210.0,149803.0,4100.0,4110.0,4012.0,4092.6,25754400,4501.8,3683.4,4440.0,3288.1,4060.4,5,2,4060.3,1,1,4060.1,1,1,4060.0,67,6,4059.9,15,2,4060.5,301,11,4061.3,20,1,4061.5,25,1,4061.6,13,1,4061.7,24,1
11483,2026-07-02 15:08:57+05:30,4060.3,6,4037.68,2236132,163210.0,149803.0,4100.0,4110.0,4012.0,4092.6,25754400,4501.8,3683.4,4440.0,3288.1,4060.4,5,2,4060.3,1,1,4060.1,1,1,4060.0,67,6,4059.9,15,2,4060.5,301,11,4061.3,20,1,4061.5,25,1,4061.6,13,1,4061.7,24,1
11483,2026-07-02 15:08:57+05:30,4060.3,6,4037.68,2236154,163157.0,149910.0,4100.0,4110.0,4012.0,4092.6,25754400,4501.8,3683.4,4440.0,3288.1,4060.1,1,1,4060.0,92,7,4059.9,15,2,4059.7,5,1,4059.5,48,2,4060.3,1,1,4060.5,172,11,4060.7,11,1,4061.3,20,1,4061.4,8,1
11483,2026-07-02 15:08:58+05:30,4060.0,1,4037.68,2236154,163157.0,149910.0,4100.0,4110.0,4012.0,4092.6,25754400,4501.8,3683.4,4440.0,3288.1,4060.1,1,1,4060.0,92,7,4059.9,15,2,4059.7,5,1,4059.5,48,2,4060.3,1,1,4060.5,172,11,4060.7,11,1,4061.3,20,1,4061.4,8,1
11483,2026-07-02 15:08:58+05:30,4060.0,1,4037.68,2236158,163029.0,150450.0,4100.0,4110.0,4012.0,4092.6,25754400,4501.8,3683.4,4440.0,3288.1,4060.0,90,7,4059.9,15,2,4059.7,5,1,4059.5,4,1,4059.4,15,1,4060.3,329,5,4060.5,161,7,4060.7,11,1,4061.3,51,2,4061.4,88,2
11483,2026-07-02 15:08:59+05:30,4060.0,28,4037.68,2236158,163029.0,150450.0,4100.0,4110.0,4012.0,4092.6,25754400,4501.8,3683.4,4440.0,3288.1,4060.0,90,7,4059.9,15,2,4059.7,5,1,4059.5,4,1,4059.4,15,1,4060.3,329,5,4060.5,161,7,4060.7,11,1,4061.3,51,2,4061.4,88,2
11483,2026-07-02 15:08:59+05:30,4059.9,3,4037.68,2236287,162450.0,150484.0,4100.0,4110.0,4012.0,4092.6,25754400,4501.8,3683.4,4440.0,3288.1,4059.9,11,1,4059.5,4,1,4059.3,40,1,4059.1,20,1,4059.0,10,2,4060.3,481,8,4060.5,24,2,4060.7,13,2,4060.8,22,1,4060.9,20,1
11483,2026-07-02 15:09:00+05:30,4060.3,75,4037.68,2236287,162450.0,150484.0,4100.0,4110.0,4012.0,4092.6,25754400,4501.8,3683.4,4440.0,3288.1,4059.9,11,1,4059.5,4,1,4059.3,40,1,4059.1,20,1,4059.0,10,2,4060.3,481,8,4060.5,24,2,4060.7,13,2,4060.8,22,1,4060.9,20,1
11483,2026-07-02 15:09:00+05:30,4060.0,1,4037.68,2236418,162719.0,150568.0,4100.0,4110.0,4012.0,4092.6,25754400,4501.8,3683.4,4440.0,3288.1,4060.0,37,2,4059.9,14,2,4059.5,4,1,4059.4,13,1,4059.3,68,3,4060.3,370,10,4060.5,24,2,4061.3,33,2,4061.4,116,2,4061.5,25,1
11483,2026-07-02 15:09:01+05:30,4060.3,1,4037.68,2236418,162719.0,150568.0,4100.0,4110.0,4012.0,4092.6,25754400,4501.8,3683.4,4440.0,3288.1,4060.0,37,2,4059.9,14,2,4059.5,4,1,4059.4,13,1,4059.3,68,3,4060.3,370,10,4060.5,24,2,4061.3,33,2,4061.4,116,2,4061.5,25,1
11483,2026-07-02 15:09:01+05:30,4059.9,1,4037.68,2236829,162720.0,150206.0,4100.0,4110.0,4012.0,4092.6,25754400,4501.8,3683.4,4440.0,3288.1,4059.9,1,1,4059.8,35,3,4059.7,50,3,4059.6,30,3,4059.5,33,4,4060.3,79,7,4061.6,13,1,4061.7,68,2,4061.8,104,1,4061.9,13,1
11483,2026-07-02 15:09:02+05:30,4059.5,4,4037.68,2236829,162720.0,150206.0,4100.0,4110.0,4012.0,4092.6,25754400,4501.8,3683.4,4440.0,3288.1,4059.9,1,1,4059.8,35,3,4059.7,50,3,4059.6,30,3,4059.5,33,4,4060.3,79,7,4061.6,13,1,4061.7,68,2,4061.8,104,1,4061.9,13,1
11483,2026-07-02 15:09:02+05:30,4060.0,18,4037.69,2237097,162777.0,149956.0,4100.0,4110.0,4012.0,4092.6,25754400,4501.8,3683.4,4440.0,3288.1,4059.9,22,2,4059.8,23,3,4059.6,21,1,4059.5,29,3,4059.4,70,3,4060.3,66,6,4061.5,97,3,4061.6,13,1,4061.7,68,2,4061.8,104,1
11483,2026-07-02 15:09:03+05:30,4059.9,14,4037.69,2237097,162777.0,149956.0,4100.0,4110.0,4012.0,4092.6,25754400,4501.8,3683.4,4440.0,3288.1,4059.9,22,2,4059.8,23,3,4059.6,21,1,4059.5,29,3,4059.4,70,3,4060.3,66,6,4061.5,97,3,4061.6,13,1,4061.7,68,2,4061.8,104,1
11483,2026-07-02 15:09:03+05:30,4059.9,14,4037.69,2237112,162964.0,149977.0,4100.0,4110.0,4012.0,4092.6,25754400,4501.8,3683.4,4440.0,3288.1,4060.2,81,1,4060.1,66,3,4060.0,42,1,4059.9,49,3,4059.8,23,3,4060.3,89,8,4061.5,84,2,4061.6,13,1,4061.7,36,1,4061.8,104,1
11483,2026-07-02 15:09:04+05:30,4060.3,2,4037.69,2237112,162964.0,149977.0,4100.0,4110.0,4012.0,4092.6,25754400,4501.8,3683.4,4440.0,3288.1,4060.2,81,1,4060.1,66,3,4060.0,42,1,4059.9,49,3,4059.8,23,3,4060.3,89,8,4061.5,84,2,4061.6,13,1,4061.7,36,1,4061.8,104,1
11483,2026-07-02 15:09:04+05:30,4060.2,1,4037.69,2237360,163250.0,150419.0,4100.0,4110.0,4012.0,4092.6,25754400,4501.8,3683.4,4440.0,3288.1,4060.2,41,1,4060.0,217,2,4059.9,44,2,4059.8,16,2,4059.7,42,1,4060.3,200,2,4061.3,12,1,4061.5,121,4,4061.6,13,1,4061.7,15,1
11483,2026-07-02 15:09:05+05:30,4060.3,92,4037.69,2237360,163250.0,150419.0,4100.0,4110.0,4012.0,4092.6,25754400,4501.8,3683.4,4440.0,3288.1,4060.2,41,1,4060.0,217,2,4059.9,44,2,4059.8,16,2,4059.7,42,1,4060.3,200,2,4061.3,12,1,4061.5,121,4,4061.6,13,1,4061.7,15,1
11483,2026-07-02 15:09:05+05:30,4060.1,20,4037.69,2237608,163151.0,150362.0,4100.0,4110.0,4012.0,4092.6,25754400,4501.8,3683.4,4440.0,3288.1,4060.1,22,1,4060.0,217,2,4059.9,2,1,4059.8,59,3,4059.6,10,1,4060.2,18,1,4060.3,89,4,4061.3,31,3,4061.5,107,2,4061.6,13,1
11483,2026-07-02 15:09:06+05:30,4060.1,20,4037.69,2237608,163151.0,150362.0,4100.0,4110.0,4012.0,4092.6,25754400,4501.8,3683.4,4440.0,3288.1,4060.1,22,1,4060.0,217,2,4059.9,2,1,4059.8,59,3,4059.6,10,1,4060.2,18,1,4060.3,89,4,4061.3,31,3,4061.5,107,2,4061.6,13,1
11483,2026-07-02 15:09:06+05:30,4060.0,40,4037.69,2237710,162801.0,150432.0,4100.0,4110.0,4012.0,4092.6,25754400,4501.8,3683.4,4440.0,3288.1,4060.0,135,1,4059.9,44,2,4059.8,17,2,4059.7,49,2,4059.6,10,1,4060.1,13,1,4060.3,96,4,4061.3,43,3,4061.4,46,3,4061.5,107,2
11483,2026-07-02 15:09:07+05:30,4060.0,40,4037.69,2237710,162801.0,150432.0,4100.0,4110.0,4012.0,4092.6,25754400,4501.8,3683.4,4440.0,3288.1,4060.0,135,1,4059.9,44,2,4059.8,17,2,4059.7,49,2,4059.6,10,1,4060.1,13,1,4060.3,96,4,4061.3,43,3,4061.4,46,3,4061.5,107,2
11483,2026-07-02 15:09:07+05:30,4061.5,46,4037.76,2243610,164368.0,146300.0,4100.0,4110.0,4012.0,4092.6,25754400,4501.8,3683.4,4440.0,3288.1,4061.5,411,1,4061.2,81,2,4061.1,55,2,4061.0,74,3,4060.9,68,2,4062.4,15,1,4062.5,9,1,4062.6,65,3,4062.8,29,2,4062.9,48,2
11483,2026-07-02 15:09:08+05:30,4061.5,46,4037.76,2243610,164368.0,146300.0,4100.0,4110.0,4012.0,4092.6,25754400,4501.8,3683.4,4440.0,3288.1,4061.5,411,1,4061.2,81,2,4061.1,55,2,4061.0,74,3,4060.9,68,2,4062.4,15,1,4062.5,9,1,4062.6,65,3,4062.8,29,2,4062.9,48,2
11483,2026-07-02 15:09:08+05:30,4062.3,53,4037.76,2243935,164913.0,147040.0,4100.0,4110.0,4012.0,4092.6,25754400,4501.8,3683.4,4440.0,3288.1,4062.3,207,2,4062.2,42,1,4062.1,42,1,4062.0,44,2,4061.9,1,1,4062.4,343,3,4062.8,20,1,4063.0,13,1,4063.1,16,2,4063.2,107,5
11483,2026-07-02 15:09:09+05:30,4062.4,2,4037.76,2243935,164913.0,147040.0,4100.0,4110.0,4012.0,4092.6,25754400,4501.8,3683.4,4440.0,3288.1,4062.3,207,2,4062.2,42,1,4062.1,42,1,4062.0,44,2,4061.9,1,1,4062.4,343,3,4062.8,20,1,4063.0,13,1,4063.1,16,2,4063.2,107,5
11483,2026-07-02 15:09:09+05:30,4062.4,3,4037.77,2244229,164292.0,147478.0,4100.0,4110.0,4012.0,4092.6,25754400,4501.8,3683.4,4440.0,3288.1,4062.2,44,2,4062.1,42,1,4062.0,29,2,4061.9,58,3,4061.7,15,1,4062.4,304,3,4062.5,24,1,4062.8,31,2,4062.9,24,1,4063.0,29,2
11483,2026-07-02 15:09:10+05:30,4062.0,12,4037.77,2244229,164292.0,147478.0,4100.0,4110.0,4012.0,4092.6,25754400,4501.8,3683.4,4440.0,3288.1,4062.2,44,2,4062.1,42,1,4062.0,29,2,4061.9,58,3,4061.7,15,1,4062.4,304,3,4062.5,24,1,4062.8,31,2,4062.9,24,1,4063.0,29,2
11483,2026-07-02 15:09:10+05:30,4062.4,78,4037.77,2244656,164387.0,147506.0,4100.0,4110.0,4012.0,4092.6,25754400,4501.8,3683.4,4440.0,3288.1,4062.2,4,1,4062.0,15,1,4061.9,58,3,4061.7,15,1,4061.5,61,2,4062.4,168,6,4062.8,20,1,4062.9,24,1,4063.0,29,2,4063.1,16,2
11483,2026-07-02 15:09:11+05:30,4062.4,1,4037.77,2244656,164387.0,147506.0,4100.0,4110.0,4012.0,4092.6,25754400,4501.8,3683.4,4440.0,3288.1,4062.2,4,1,4062.0,15,1,4061.9,58,3,4061.7,15,1,4061.5,61,2,4062.4,168,6,4062.8,20,1,4062.9,24,1,4063.0,29,2,4063.1,16,2
11483,2026-07-02 15:09:11+05:30,4061.9,10,4037.77,2244950,164367.0,147374.0,4100.0,4110.0,4012.0,4092.6,25754400,4501.8,3683.4,4440.0,3288.1,4061.9,47,2,4061.7,15,1,4061.5,12,1,4061.4,49,1,4061.3,49,1,4062.4,41,6,4062.8,33,2,4062.9,24,1,4063.0,29,2,4063.1,16,2
11483,2026-07-02 15:09:12+05:30,4061.9,10,4037.77,2244950,164367.0,147374.0,4100.0,4110.0,4012.0,4092.6,25754400,4501.8,3683.4,4440.0,3288.1,4061.9,47,2,4061.7,15,1,4061.5,12,1,4061.4,49,1,4061.3,49,1,4062.4,41,6,4062.8,33,2,4062.9,24,1,4063.0,29,2,4063.1,16,2
11483,2026-07-02 15:09:12+05:30,4062.2,34,4037.78,2245174,164303.0,147386.0,4100.0,4110.0,4012.0,4092.6,25754400,4501.8,3683.4,4440.0,3288.1,4062.4,7,1,4062.2,75,2,4062.1,42,1,4061.9,48,3,4061.7,15,1,4062.5,78,5,4062.6,15,1,4062.7,42,3,4062.8,61,3,4062.9,35,2
11483,2026-07-02 15:09:13+05:30,4062.5,5,4037.78,2245174,164303.0,147386.0,4100.0,4110.0,4012.0,4092.6,25754400,4501.8,3683.4,4440.0,3288.1,4062.4,7,1,4062.2,75,2,4062.1,42,1,4061.9,48,3,4061.7,15,1,4062.5,78,5,4062.6,15,1,4062.7,42,3,4062.8,61,3,4062.9,35,2
11483,2026-07-02 15:09:13+05:30,4062.7,2,4037.78,2245529,164288.0,147316.0,4100.0,4110.0,4012.0,4092.6,25754400,4501.8,3683.4,4440.0,3288.1,4062.2,25,1,4062.0,42,1,4061.9,6,2,4061.7,15,1,4061.5,12,1,4062.5,38,4,4062.6,9,1,4062.7,37,2,4062.8,28,2,4062.9,30,1
11483,2026-07-02 15:09:14+05:30,4063.0,2,4037.78,2245529,164288.0,147316.0,4100.0,4110.0,4012.0,4092.6,25754400,4501.8,3683.4,4440.0,3288.1,4062.2,25,1,4062.0,42,1,4061.9,6,2,4061.7,15,1,4061.5,12,1,4062.5,38,4,4062.6,9,1,4062.7,37,2,4062.8,28,2,4062.9,30,1
11483,2026-07-02 15:09:14+05:30,4062.3,22,4037.78,2245775,164287.0,147265.0,4100.0,4110.0,4012.0,4092.6,25754400,4501.8,3683.4,4440.0,3288.1,4062.3,15,1,4062.2,95,3,4061.9,5,1,4061.8,42,1,4061.7,15,1,4062.5,307,1,4062.6,26,2,4062.8,23,2,4062.9,24,1,4063.0,16,1
11483,2026-07-02 15:09:15+05:30,4062.3,22,4037.78,2245775,164287.0,147265.0,4100.0,4110.0,4012.0,4092.6,25754400,4501.8,3683.4,4440.0,3288.1,4062.3,15,1,4062.2,95,3,4061.9,5,1,4061.8,42,1,4061.7,15,1,4062.5,307,1,4062.6,26,2,4062.8,23,2,4062.9,24,1,4063.0,16,1
11483,2026-07-02 15:09:15+05:30,4062.5,54,4037.79,2246150,164369.0,147412.0,4100.0,4110.0,4012.0,4092.6,25754400,4501.8,3683.4,4440.0,3288.1,4062.4,47,1,4062.3,44,2,4062.2,28,2,4062.1,15,1,4062.0,61,2,4062.5,245,1,4062.8,12,1,4063.0,16,1,4063.2,79,4,4063.3,3,1
11483,2026-07-02 15:09:16+05:30,4062.5,81,4037.79,2246150,164369.0,147412.0,4100.0,4110.0,4012.0,4092.6,25754400,4501.8,3683.4,4440.0,3288.1,4062.4,47,1,4062.3,44,2,4062.2,28,2,4062.1,15,1,4062.0,61,2,4062.5,245,1,4062.8,12,1,4063.0,16,1,4063.2,79,4,4063.3,3,1
11483,2026-07-02 15:09:16+05:30,4062.5,81,4037.79,2246408,164250.0,147289.0,4100.0,4110.0,4012.0,4092.6,25754400,4501.8,3683.4,4440.0,3288.1,4062.4,3,2,4062.3,42,1,4062.2,31,2,4062.1,15,1,4062.0,61,2,4062.5,123,4,4062.8,12,1,4063.1,32,2,4063.2,61,3,4063.3,3,1
11483,2026-07-02 15:09:17+05:30,4062.4,1,4037.79,2246408,164250.0,147289.0,4100.0,4110.0,4012.0,4092.6,25754400,4501.8,3683.4,4440.0,3288.1,4062.4,3,2,4062.3,42,1,4062.2,31,2,4062.1,15,1,4062.0,61,2,4062.5,123,4,4062.8,12,1,4063.1,32,2,4063.2,61,3,4063.3,3,1
11483,2026-07-02 15:09:17+05:30,4062.7,36,4037.8,2246890,164196.0,147411.0,4100.0,4110.0,4012.0,4092.6,25754400,4501.8,3683.4,4440.0,3288.1,4062.4,3,1,4062.2,70,3,4062.1,15,1,4062.0,19,1,4061.9,13,1,4062.5,74,3,4062.8,12,1,4063.0,24,1,4063.1,16,1,4063.2,37,2
11483,2026-07-02 15:09:18+05:30,4062.5,24,4037.8,2246890,164196.0,147411.0,4100.0,4110.0,4012.0,4092.6,25754400,4501.8,3683.4,4440.0,3288.1,4062.4,3,1,4062.2,70,3,4062.1,15,1,4062.0,19,1,4061.9,13,1,4062.5,74,3,4062.8,12,1,4063.0,24,1,4063.1,16,1,4063.2,37,2
11483,2026-07-02 15:09:18+05:30,4062.5,42,4037.8,2247051,163938.0,147377.0,4100.0,4110.0,4012.0,4092.6,25754400,4501.8,3683.4,4440.0,3288.1,4062.4,3,1,4062.2,70,3,4062.1,15,1,4062.0,19,1,4061.9,13,1,4062.7,15,1,4062.8,51,3,4062.9,11,1,4063.1,16,1,4063.2,61,3
11483,2026-07-02 15:09:19+05:30,4062.5,42,4037.8,2247051,163938.0,147377.0,4100.0,4110.0,4012.0,4092.6,25754400,4501.8,3683.4,4440.0,3288.1,4062.4,3,1,4062.2,70,3,4062.1,15,1,4062.0,19,1,4061.9,13,1,4062.7,15,1,4062.8,51,3,4062.9,11,1,4063.1,16,1,4063.2,61,3
11483,2026-07-02 15:09:19+05:30,4062.7,1,4037.8,2247054,164233.0,147351.0,4100.0,4110.0,4012.0,4092.6,25754400,4501.8,3683.4,4440.0,3288.1,4062.6,49,2,4062.5,42,1,4062.4,3,1,4062.2,70,3,4062.1,15,1,4062.7,34,3,4062.8,27,2,4062.9,24,1,4063.2,61,3,4063.3,23,2
11483,2026-07-02 15:09:20+05:30,4062.7,22,4037.8,2247054,164233.0,147351.0,4100.0,4110.0,4012.0,4092.6,25754400,4501.8,3683.4,4440.0,3288.1,4062.6,49,2,4062.5,42,1,4062.4,3,1,4062.2,70,3,4062.1,15,1,4062.7,34,3,4062.8,27,2,4062.9,24,1,4063.2,61,3,4063.3,23,2
11483,2026-07-02 15:09:20+05:30,4062.7,9,4037.8,2247329,164350.0,147466.0,4100.0,4110.0,4012.0,4092.6,25754400,4501.8,3683.4,4440.0,3288.1,4062.6,45,2,4062.3,42,1,4062.2,28,2,4062.1,15,1,4062.0,19,1,4062.7,70,5,4062.8,351,3,4063.0,9,1,4063.1,4,1,4063.2,61,3
11483,2026-07-02 15:09:21+05:30,4062.7,2,4037.8,2247329,164350.0,147466.0,4100.0,4110.0,4012.0,4092.6,25754400,4501.8,3683.4,4440.0,3288.1,4062.6,45,2,4062.3,42,1,4062.2,28,2,4062.1,15,1,4062.0,19,1,4062.7,70,5,4062.8,351,3,4063.0,9,1,4063.1,4,1,4063.2,61,3
11483,2026-07-02 15:09:21+05:30,4062.5,20,4037.8,2247496,164407.0,147319.0,4100.0,4110.0,4012.0,4092.6,25754400,4501.8,3683.4,4440.0,3288.1,4062.5,22,1,4062.2,70,3,4062.1,15,1,4062.0,19,1,4061.9,13,1,4062.6,12,1,4062.7,54,4,4062.8,66,4,4063.0,21,2,4063.1,14,1
11483,2026-07-02 15:09:22+05:30,4062.6,15,4037.8,2247496,164407.0,147319.0,4100.0,4110.0,4012.0,4092.6,25754400,4501.8,3683.4,4440.0,3288.1,4062.5,22,1,4062.2,70,3,4062.1,15,1,4062.0,19,1,4061.9,13,1,4062.6,12,1,4062.7,54,4,4062.8,66,4,4063.0,21,2,4063.1,14,1
11483,2026-07-02 15:09:22+05:30,4062.6,27,4037.8,2247722,164375.0,147714.0,4100.0,4110.0,4012.0,4092.6,25754400,4501.8,3683.4,4440.0,3288.1,4062.5,2,2,4062.3,11,1,4062.1,1,1,4062.0,19,1,4061.9,13,1,4062.6,62,5,4062.7,339,4,4062.8,42,4,4062.9,28,1,4063.0,21,2
11483,2026-07-02 15:09:23+05:30,4062.6,27,4037.8,2247722,164375.0,147714.0,4100.0,4110.0,4012.0,4092.6,25754400,4501.8,3683.4,4440.0,3288.1,4062.5,2,2,4062.3,11,1,4062.1,1,1,4062.0,19,1,4061.9,13,1,4062.6,62,5,4062.7,339,4,4062.8,42,4,4062.9,28,1,4063.0,21,2
11483,2026-07-02 15:09:23+05:30,4063.1,15,4037.81,2248016,164970.0,146110.0,4100.0,4110.0,4012.0,4092.6,25754400,4501.8,3683.4,4440.0,3288.1,4063.2,42,1,4063.1,94,2,4062.5,7,5,4062.3,54,3,4062.1,44,2,4063.4,15,1,4063.5,33,2,4063.7,13,1,4063.8,24,1,4063.9,24,1
11483,2026-07-02 15:09:24+05:30,4063.2,2,4037.81,2248016,164970.0,146110.0,4100.0,4110.0,4012.0,4092.6,25754400,4501.8,3683.4,4440.0,3288.1,4063.2,42,1,4063.1,94,2,4062.5,7,5,4062.3,54,3,4062.1,44,2,4063.4,15,1,4063.5,33,2,4063.7,13,1,4063.8,24,1,4063.9,24,1
11483,2026-07-02 15:09:24+05:30,4063.3,1,4037.81,2248083,165196.0,147859.0,4100.0,4110.0,4012.0,4092.6,25754400,4501.8,3683.4,4440.0,3288.1,4063.2,25,3,4063.1,52,1,4063.0,42,1,4062.8,42,1,4062.6,1,1,4063.3,14,1,4063.4,325,3,4063.5,39,2,4063.7,13,1,4063.8,28,2
11483,2026-07-02 15:09:25+05:30,4063.3,1,4037.81,2248083,165196.0,147859.0,4100.0,4110.0,4012.0,4092.6,25754400,4501.8,3683.4,4440.0,3288.1,4063.2,25,3,4063.1,52,1,4063.0,42,1,4062.8,42,1,4062.6,1,1,4063.3,14,1,4063.4,325,3,4063.5,39,2,4063.7,13,1,4063.8,28,2
11483,2026-07-02 15:09:25+05:30,4063.2,42,4037.81,2248156,165120.0,147223.0,4100.0,4110.0,4012.0,4092.6,25754400,4501.8,3683.4,4440.0,3288.1,4063.1,52,1,4062.9,42,1,4062.7,42,1,4062.6,1,1,4062.5,17,5,4063.2,18,1,4063.3,17,4,4063.4,7,1,4063.5,24,1,4063.7,13,1
11483,2026-07-02 15:09:26+05:30,4063.2,42,4037.81,2248156,165120.0,147223.0,4100.0,4110.0,4012.0,4092.6,25754400,4501.8,3683.4,4440.0,3288.1,4063.1,52,1,4062.9,42,1,4062.7,42,1,4062.6,1,1,4062.5,17,5,4063.2,18,1,4063.3,17,4,4063.4,7,1,4063.5,24,1,4063.7,13,1
11483,2026-07-02 15:09:26+05:30,4063.1,2,4037.81,2248363,165061.0,147865.0,4100.0,4110.0,4012.0,4092.6,25754400,4501.8,3683.4,4440.0,3288.1,4063.1,36,3,4063.0,42,1,4062.9,42,1,4062.7,42,1,4062.6,1,1,4063.2,375,4,4063.3,9,3,4063.4,7,1,4063.5,24,1,4063.6,11,1
11483,2026-07-02 15:09:27+05:30,4063.2,1,4037.81,2248363,165061.0,147865.0,4100.0,4110.0,4012.0,4092.6,25754400,4501.8,3683.4,4440.0,3288.1,4063.1,36,3,4063.0,42,1,4062.9,42,1,4062.7,42,1,4062.6,1,1,4063.2,375,4,4063.3,9,3,4063.4,7,1,4063.5,24,1,4063.6,11,1
11483,2026-07-02 15:09:27+05:30,4063.1,3,4037.81,2248484,165412.0,147889.0,4100.0,4110.0,4012.0,4092.6,25754400,4501.8,3683.4,4440.0,3288.1,4063.0,42,1,4062.9,42,1,4062.7,42,1,4062.6,26,2,4062.5,11,2,4063.2,377,6,4063.3,4,1,4063.4,7,1,4063.5,24,1,4063.6,11,1
11483,2026-07-02 15:09:28+05:30,4063.1,3,4037.81,2248484,165412.0,147889.0,4100.0,4110.0,4012.0,4092.6,25754400,4501.8,3683.4,4440.0,3288.1,4063.0,42,1,4062.9,42,1,4062.7,42,1,4062.6,26,2,4062.5,11,2,4063.2,377,6,4063.3,4,1,4063.4,7,1,4063.5,24,1,4063.6,11,1
11483,2026-07-02 15:09:28+05:30,4063.2,7,4037.81,2248645,165296.0,147883.0,4100.0,4110.0,4012.0,4092.6,25754400,4501.8,3683.4,4440.0,3288.1,4062.9,42,1,4062.7,42,1,4062.6,37,3,4062.5,11,2,4062.4,13,1,4063.2,280,8,4063.3,4,1,4063.4,7,1,4063.5,48,2,4063.6,11,1
11483,2026-07-02 15:09:29+05:30,4063.2,7,4037.81,2248645,165296.0,147883.0,4100.0,4110.0,4012.0,4092.6,25754400,4501.8,3683.4,4440.0,3288.1,4062.9,42,1,4062.7,42,1,4062.6,37,3,4062.5,11,2,4062.4,13,1,4063.2,280,8,4063.3,4,1,4063.4,7,1,4063.5,48,2,4063.6,11,1
11483,2026-07-02 15:09:29+05:30,4063.2,7,4037.81,2248645,165339.0,147491.0,4100.0,4110.0,4012.0,4092.6,25754400,4501.8,3683.4,4440.0,3288.1,4062.9,45,2,4062.8,46,2,4062.7,42,1,4062.6,37,3,4062.5,53,3,4063.0,300,1,4063.2,278,7,4063.3,4,1,4063.5,35,2,4063.8,32,1
11483,2026-07-02 15:09:30+05:30,4062.8,4,4037.82,2248744,165163.0,147199.0,4100.0,4110.0,4012.0,4092.6,25754400,4501.8,3683.4,4440.0,3288.1,4062.8,48,3,4062.7,42,1,4062.6,37,3,4062.5,53,3,4062.4,13,1,4063.0,379,5,4063.2,40,2,4063.3,17,2,4063.5,24,1,4063.9,24,1
11483,2026-07-02 15:09:31+05:30,4062.8,4,4037.82,2248744,165163.0,147199.0,4100.0,4110.0,4012.0,4092.6,25754400,4501.8,3683.4,4440.0,3288.1,4062.8,48,3,4062.7,42,1,4062.6,37,3,4062.5,53,3,4062.4,13,1,4063.0,379,5,4063.2,40,2,4063.3,17,2,4063.5,24,1,4063.9,24,1
11483,2026-07-02 15:09:31+05:30,4063.0,16,4037.82,2248826,164357.0,148091.0,4100.0,4110.0,4012.0,4092.6,25754400,4501.8,3683.4,4440.0,3288.1,4062.8,6,2,4062.7,42,1,4062.6,37,3,4062.5,43,2,4062.4,13,1,4063.0,761,11,4063.2,19,3,4063.3,17,2,4063.5,108,4,4063.7,21,1
11483,2026-07-02 15:09:32+05:30,4063.0,16,4037.82,2248826,164357.0,148091.0,4100.0,4110.0,4012.0,4092.6,25754400,4501.8,3683.4,4440.0,3288.1,4062.8,6,2,4062.7,42,1,4062.6,37,3,4062.5,43,2,4062.4,13,1,4063.0,761,11,4063.2,19,3,4063.3,17,2,4063.5,108,4,4063.7,21,1
11483,2026-07-02 15:09:32+05:30,4062.3,1,4037.82,2249129,163990.0,148500.0,4100.0,4110.0,4012.0,4092.6,25754400,4501.8,3683.4,4440.0,3288.1,4061.9,25,2,4061.1,47,2,4060.9,64,2,4060.8,147,4,4060.7,27,1,4062.3,59,2,4062.4,11,1,4062.6,40,2,4062.8,31,2,4062.9,73,2
11483,2026-07-02 15:09:33+05:30,4062.3,1,4037.82,2249129,163990.0,148500.0,4100.0,4110.0,4012.0,4092.6,25754400,4501.8,3683.4,4440.0,3288.1,4061.9,25,2,4061.1,47,2,4060.9,64,2,4060.8,147,4,4060.7,27,1,4062.3,59,2,4062.4,11,1,4062.6,40,2,4062.8,31,2,4062.9,73,2
11483,2026-07-02 15:09:33+05:30,4060.8,2,4037.82,2249440,162502.0,148181.0,4100.0,4110.0,4012.0,4092.6,25754400,4501.8,3683.4,4440.0,3288.1,4060.8,27,3,4060.7,8,2,4060.6,175,1,4060.5,170,5,4060.4,76,2,4062.1,15,1,4062.2,25,2,4062.3,105,5,4062.4,14,2,4062.5,48,1
11483,2026-07-02 15:09:34+05:30,4060.8,2,4037.82,2249440,162502.0,148181.0,4100.0,4110.0,4012.0,4092.6,25754400,4501.8,3683.4,4440.0,3288.1,4060.8,27,3,4060.7,8,2,4060.6,175,1,4060.5,170,5,4060.4,76,2,4062.1,15,1,4062.2,25,2,4062.3,105,5,4062.4,14,2,4062.5,48,1
11483,2026-07-02 15:09:35+05:30,4062.1,145,4037.83,2249669,162662.0,148417.0,4100.0,4110.0,4012.0,4092.6,25754400,4501.8,3683.4,4440.0,3288.1,4060.6,218,4,4060.5,18,3,4060.4,155,4,4060.3,104,4,4060.2,117,6,4061.0,2,1,4062.1,153,2,4062.2,29,2,4062.3,86,4,4062.4,30,2
11483,2026-07-02 15:09:35+05:30,4061.0,1,4037.83,2249669,162662.0,148417.0,4100.0,4110.0,4012.0,4092.6,25754400,4501.8,3683.4,4440.0,3288.1,4060.6,218,4,4060.5,18,3,4060.4,155,4,4060.3,104,4,4060.2,117,6,4061.0,2,1,4062.1,153,2,4062.2,29,2,4062.3,86,4,4062.4,30,2
11483,2026-07-02 15:09:36+05:30,4060.6,89,4037.83,2250007,162005.0,148440.0,4100.0,4110.0,4012.0,4092.6,25754400,4501.8,3683.4,4440.0,3288.1,4060.6,86,1,4060.5,3,1,4060.2,13,2,4060.1,12,1,4060.0,120,5,4061.8,54,4,4061.9,52,2,4062.0,104,3,4062.1,152,3,4062.2,126,3
11483,2026-07-02 15:09:36+05:30,4060.6,89,4037.83,2250007,162005.0,148440.0,4100.0,4110.0,4012.0,4092.6,25754400,4501.8,3683.4,4440.0,3288.1,4060.6,86,1,4060.5,3,1,4060.2,13,2,4060.1,12,1,4060.0,120,5,4061.8,54,4,4061.9,52,2,4062.0,104,3,4062.1,152,3,4062.2,126,3
11483,2026-07-02 15:09:37+05:30,4060.0,22,4037.83,2250147,161351.0,149448.0,4100.0,4110.0,4012.0,4092.6,25754400,4501.8,3683.4,4440.0,3288.1,4060.0,40,3,4059.8,4,2,4059.7,137,3,4059.6,84,2,4059.5,78,2,4061.4,14,1,4061.5,102,5,4061.6,97,7,4061.7,39,3,4061.8,179,7
11483,2026-07-02 15:09:37+05:30,4060.0,22,4037.83,2250147,161351.0,149448.0,4100.0,4110.0,4012.0,4092.6,25754400,4501.8,3683.4,4440.0,3288.1,4060.0,40,3,4059.8,4,2,4059.7,137,3,4059.6,84,2,4059.5,78,2,4061.4,14,1,4061.5,102,5,4061.6,97,7,4061.7,39,3,4061.8,179,7
11483,2026-07-02 15:09:38+05:30,4061.3,1,4037.83,2250319,161939.0,149845.0,4100.0,4110.0,4012.0,4092.6,25754400,4501.8,3683.4,4440.0,3288.1,4060.6,2,1,4060.5,1,1,4060.0,44,5,4059.8,47,3,4059.7,75,2,4061.3,12,1,4061.4,321,4,4061.5,35,2,4061.6,7,1,4061.7,38,2
11483,2026-07-02 15:09:38+05:30,4061.3,1,4037.83,2250319,161939.0,149845.0,4100.0,4110.0,4012.0,4092.6,25754400,4501.8,3683.4,4440.0,3288.1,4060.6,2,1,4060.5,1,1,4060.0,44,5,4059.8,47,3,4059.7,75,2,4061.3,12,1,4061.4,321,4,4061.5,35,2,4061.6,7,1,4061.7,38,2
11483,2026-07-02 15:09:39+05:30,4061.3,1,4037.83,2250320,161988.0,149475.0,4100.0,4110.0,4012.0,4092.6,25754400,4501.8,3683.4,4440.0,3288.1,4060.6,2,1,4060.5,1,1,4060.0,44,5,4059.8,53,4,4059.7,81,3,4061.3,41,4,4061.4,15,1,4061.5,35,2,4061.6,7,1,4061.7,38,2
11483,2026-07-02 15:09:39+05:30,4061.3,1,4037.83,2250320,161988.0,149475.0,4100.0,4110.0,4012.0,4092.6,25754400,4501.8,3683.4,4440.0,3288.1,4060.6,2,1,4060.5,1,1,4060.0,44,5,4059.8,53,4,4059.7,81,3,4061.3,41,4,4061.4,15,1,4061.5,35,2,4061.6,7,1,4061.7,38,2
11483,2026-07-02 15:09:40+05:30,4060.6,2,4037.83,2250320,161988.0,149475.0,4100.0,4110.0,4012.0,4092.6,25754400,4501.8,3683.4,4440.0,3288.1,4060.6,2,1,4060.5,1,1,4060.0,44,5,4059.8,53,4,4059.7,81,3,4061.3,41,4,4061.4,15,1,4061.5,35,2,4061.6,7,1,4061.7,38,2
11483,2026-07-02 15:09:40+05:30,4060.6,2,4037.83,2250338,162035.0,149933.0,4100.0,4110.0,4012.0,4092.6,25754400,4501.8,3683.4,4440.0,3288.1,4060.6,4,3,4060.5,1,1,4060.0,44,5,4059.8,18,4,4059.7,75,2,4061.3,476,9,4061.4,23,2,4061.5,15,1,4061.7,26,2,4061.8,98,3
11483,2026-07-02 15:09:41+05:30,4060.6,2,4037.83,2250338,162035.0,149933.0,4100.0,4110.0,4012.0,4092.6,25754400,4501.8,3683.4,4440.0,3288.1,4060.6,4,3,4060.5,1,1,4060.0,44,5,4059.8,18,4,4059.7,75,2,4061.3,476,9,4061.4,23,2,4061.5,15,1,4061.7,26,2,4061.8,98,3
11483,2026-07-02 15:09:41+05:30,4060.6,1,4037.83,2250338,162035.0,149933.0,4100.0,4110.0,4012.0,4092.6,25754400,4501.8,3683.4,4440.0,3288.1,4060.6,4,3,4060.5,1,1,4060.0,44,5,4059.8,18,4,4059.7,75,2,4061.3,476,9,4061.4,23,2,4061.5,15,1,4061.7,26,2,4061.8,98,3
11483,2026-07-02 15:09:41+05:30,4060.6,1,4037.83,2250344,162154.0,149648.0,4100.0,4110.0,4012.0,4092.6,25754400,4501.8,3683.4,4440.0,3288.1,4060.6,6,3,4060.5,1,1,4060.0,44,5,4059.8,18,4,4059.7,26,1,4061.0,14,1,4061.1,49,2,4061.2,11,2,4061.3,203,11,4061.5,20,1
11483,2026-07-02 15:09:41+05:30,4060.6,1,4037.83,2250344,162154.0,149648.0,4100.0,4110.0,4012.0,4092.6,25754400,4501.8,3683.4,4440.0,3288.1,4060.6,6,3,4060.5,1,1,4060.0,44,5,4059.8,18,4,4059.7,26,1,4061.0,14,1,4061.1,49,2,4061.2,11,2,4061.3,203,11,4061.5,20,1
11483,2026-07-02 15:09:42+05:30,4060.6,1,4037.83,2250344,162154.0,149648.0,4100.0,4110.0,4012.0,4092.6,25754400,4501.8,3683.4,4440.0,3288.1,4060.6,6,3,4060.5,1,1,4060.0,44,5,4059.8,18,4,4059.7,26,1,4061.0,14,1,4061.1,49,2,4061.2,11,2,4061.3,203,11,4061.5,20,1
11483,2026-07-02 15:09:42+05:30,4060.6,2,4037.83,2250344,162154.0,149648.0,4100.0,4110.0,4012.0,4092.6,25754400,4501.8,3683.4,4440.0,3288.1,4060.6,6,3,4060.5,1,1,4060.0,44,5,4059.8,18,4,4059.7,26,1,4061.0,14,1,4061.1,49,2,4061.2,11,2,4061.3,203,11,4061.5,20,1
11483,2026-07-02 15:09:42+05:30,4061.1,1,4037.83,2250351,162011.0,149485.0,4100.0,4110.0,4012.0,4092.6,25754400,4501.8,3683.4,4440.0,3288.1,4060.6,6,3,4060.5,1,1,4060.0,44,5,4059.8,24,5,4059.7,80,2,4061.3,163,9,4061.7,13,1,4061.8,98,3,4061.9,49,1,4062.0,426,7
11483,2026-07-02 15:09:42+05:30,4061.1,1,4037.83,2250351,162011.0,149485.0,4100.0,4110.0,4012.0,4092.6,25754400,4501.8,3683.4,4440.0,3288.1,4060.6,6,3,4060.5,1,1,4060.0,44,5,4059.8,24,5,4059.7,80,2,4061.3,163,9,4061.7,13,1,4061.8,98,3,4061.9,49,1,4062.0,426,7
11483,2026-07-02 15:09:43+05:30,4061.1,100,4037.83,2250351,162011.0,149485.0,4100.0,4110.0,4012.0,4092.6,25754400,4501.8,3683.4,4440.0,3288.1,4060.6,6,3,4060.5,1,1,4060.0,44,5,4059.8,24,5,4059.7,80,2,4061.3,163,9,4061.7,13,1,4061.8,98,3,4061.9,49,1,4062.0,426,7
11483,2026-07-02 15:09:43+05:30,4061.1,100,4037.83,2250351,162011.0,149485.0,4100.0,4110.0,4012.0,4092.6,25754400,4501.8,3683.4,4440.0,3288.1,4060.6,6,3,4060.5,1,1,4060.0,44,5,4059.8,24,5,4059.7,80,2,4061.3,163,9,4061.7,13,1,4061.8,98,3,4061.9,49,1,4062.0,426,7
11483,2026-07-02 15:09:43+05:30,4061.0,1,4037.83,2250455,161535.0,149544.0,4100.0,4110.0,4012.0,4092.6,25754400,4501.8,3683.4,4440.0,3288.1,4060.6,8,3,4060.5,1,1,4060.0,44,5,4059.9,15,1,4059.8,16,3,4061.0,13,1,4061.1,185,1,4061.3,157,8,4061.7,13,1,4061.8,98,3
11483,2026-07-02 15:09:43+05:30,4061.0,1,4037.83,2250455,161535.0,149544.0,4100.0,4110.0,4012.0,4092.6,25754400,4501.8,3683.4,4440.0,3288.1,4060.6,8,3,4060.5,1,1,4060.0,44,5,4059.9,15,1,4059.8,16,3,4061.0,13,1,4061.1,185,1,4061.3,157,8,4061.7,13,1,4061.8,98,3
11483,2026-07-02 15:09:44+05:30,4060.0,4,4037.83,2250455,161535.0,149544.0,4100.0,4110.0,4012.0,4092.6,25754400,4501.8,3683.4,4440.0,3288.1,4060.6,8,3,4060.5,1,1,4060.0,44,5,4059.9,15,1,4059.8,16,3,4061.0,13,1,4061.1,185,1,4061.3,157,8,4061.7,13,1,4061.8,98,3
11483,2026-07-02 15:09:44+05:30,4060.0,4,4037.83,2250509,162283.0,149426.0,4100.0,4110.0,4012.0,4092.6,25754400,4501.8,3683.4,4440.0,3288.1,4060.0,669,8,4059.9,67,4,4059.8,59,4,4059.7,24,2,4059.6,42,1,4061.0,17,3,4061.3,147,5,4061.7,13,1,4061.8,98,3,4061.9,69,2
11483,2026-07-02 15:09:44+05:30,4060.0,4,4037.83,2250509,162283.0,149426.0,4100.0,4110.0,4012.0,4092.6,25754400,4501.8,3683.4,4440.0,3288.1,4060.0,669,8,4059.9,67,4,4059.8,59,4,4059.7,24,2,4059.6,42,1,4061.0,17,3,4061.3,147,5,4061.7,13,1,4061.8,98,3,4061.9,69,2
11483,2026-07-02 15:09:45+05:30,4060.0,4,4037.83,2250509,162283.0,149426.0,4100.0,4110.0,4012.0,4092.6,25754400,4501.8,3683.4,4440.0,3288.1,4060.0,669,8,4059.9,67,4,4059.8,59,4,4059.7,24,2,4059.6,42,1,4061.0,17,3,4061.3,147,5,4061.7,13,1,4061.8,98,3,4061.9,69,2
11483,2026-07-02 15:09:45+05:30,4060.0,4,4037.83,2250509,162283.0,149426.0,4100.0,4110.0,4012.0,4092.6,25754400,4501.8,3683.4,4440.0,3288.1,4060.0,669,8,4059.9,67,4,4059.8,59,4,4059.7,24,2,4059.6,42,1,4061.0,17,3,4061.3,147,5,4061.7,13,1,4061.8,98,3,4061.9,69,2
11483,2026-07-02 15:09:45+05:30,4060.0,4,4037.83,2250509,162283.0,149426.0,4100.0,4110.0,4012.0,4092.6,25754400,4501.8,3683.4,4440.0,3288.1,4060.0,669,8,4059.9,67,4,4059.8,59,4,4059.7,24,2,4059.6,42,1,4061.0,17,3,4061.3,147,5,4061.7,13,1,4061.8,98,3,4061.9,69,2
11483,2026-07-02 15:09:45+05:30,4060.1,32,4037.84,2251210,161849.0,149827.0,4100.0,4110.0,4012.0,4092.6,25754400,4501.8,3683.4,4440.0,3288.1,4060.0,7,1,4059.9,7,1,4059.8,15,3,4059.6,18,1,4059.5,51,2,4060.9,311,1,4061.0,22,4,4061.3,147,5,4061.4,81,2,4061.5,64,1
11483,2026-07-02 15:09:45+05:30,4060.1,32,4037.84,2251210,161849.0,149827.0,4100.0,4110.0,4012.0,4092.6,25754400,4501.8,3683.4,4440.0,3288.1,4060.0,7,1,4059.9,7,1,4059.8,15,3,4059.6,18,1,4059.5,51,2,4060.9,311,1,4061.0,22,4,4061.3,147,5,4061.4,81,2,4061.5,64,1
11483,2026-07-02 15:09:45+05:30,4060.1,32,4037.84,2251210,161849.0,149827.0,4100.0,4110.0,4012.0,4092.6,25756150,4501.8,3683.4,4440.0,3288.1,4060.0,7,1,4059.9,7,1,4059.8,15,3,4059.6,18,1,4059.5,51,2,4060.9,311,1,4061.0,22,4,4061.3,147,5,4061.4,81,2,4061.5,64,1
11483,2026-07-02 15:09:46+05:30,4060.1,32,4037.84,2251210,161849.0,149827.0,4100.0,4110.0,4012.0,4092.6,25756150,4501.8,3683.4,4440.0,3288.1,4060.0,7,1,4059.9,7,1,4059.8,15,3,4059.6,18,1,4059.5,51,2,4060.9,311,1,4061.0,22,4,4061.3,147,5,4061.4,81,2,4061.5,64,1
11483,2026-07-02 15:09:46+05:30,4060.1,32,4037.84,2251210,161849.0,149827.0,4100.0,4110.0,4012.0,4092.6,25756150,4501.8,3683.4,4440.0,3288.1,4060.0,7,1,4059.9,7,1,4059.8,15,3,4059.6,18,1,4059.5,51,2,4060.9,311,1,4061.0,22,4,4061.3,147,5,4061.4,81,2,4061.5,64,1
11483,2026-07-02 15:09:46+05:30,4060.6,1,4037.84,2251222,161165.0,150501.0,4100.0,4110.0,4012.0,4092.6,25756150,4501.8,3683.4,4440.0,3288.1,4060.6,4,3,4060.0,11,2,4059.9,7,1,4059.8,15,3,4059.5,51,2,4060.7,7,1,4060.9,352,4,4061.0,13,1,4061.1,24,1,4061.2,18,1
11483,2026-07-02 15:09:46+05:30,4060.6,1,4037.84,2251222,161165.0,150501.0,4100.0,4110.0,4012.0,4092.6,25756150,4501.8,3683.4,4440.0,3288.1,4060.6,4,3,4060.0,11,2,4059.9,7,1,4059.8,15,3,4059.5,51,2,4060.7,7,1,4060.9,352,4,4061.0,13,1,4061.1,24,1,4061.2,18,1
11483,2026-07-02 15:09:47+05:30,4060.6,1,4037.84,2251222,161165.0,150501.0,4100.0,4110.0,4012.0,4092.6,25756150,4501.8,3683.4,4440.0,3288.1,4060.6,4,3,4060.0,11,2,4059.9,7,1,4059.8,15,3,4059.5,51,2,4060.7,7,1,4060.9,352,4,4061.0,13,1,4061.1,24,1,4061.2,18,1
11483,2026-07-02 15:09:47+05:30,4060.7,3,4037.84,2251222,161165.0,150501.0,4100.0,4110.0,4012.0,4092.6,25756150,4501.8,3683.4,4440.0,3288.1,4060.6,4,3,4060.0,11,2,4059.9,7,1,4059.8,15,3,4059.5,51,2,4060.7,7,1,4060.9,352,4,4061.0,13,1,4061.1,24,1,4061.2,18,1
11483,2026-07-02 15:09:47+05:30,4060.6,18,4037.84,2251253,161375.0,149790.0,4100.0,4110.0,4012.0,4092.6,25756150,4501.8,3683.4,4440.0,3288.1,4060.0,11,2,4059.9,7,1,4059.8,15,3,4059.5,51,2,4059.4,49,1,4060.6,13,1,4060.9,201,7,4061.0,13,1,4061.3,16,1,4061.4,110,4
11483,2026-07-02 15:09:47+05:30,4060.6,18,4037.84,2251253,161375.0,149790.0,4100.0,4110.0,4012.0,4092.6,25756150,4501.8,3683.4,4440.0,3288.1,4060.0,11,2,4059.9,7,1,4059.8,15,3,4059.5,51,2,4059.4,49,1,4060.6,13,1,4060.9,201,7,4061.0,13,1,4061.3,16,1,4061.4,110,4
11483,2026-07-02 15:09:48+05:30,4060.6,18,4037.84,2251253,161375.0,149790.0,4100.0,4110.0,4012.0,4092.6,25756150,4501.8,3683.4,4440.0,3288.1,4060.0,11,2,4059.9,7,1,4059.8,15,3,4059.5,51,2,4059.4,49,1,4060.6,13,1,4060.9,201,7,4061.0,13,1,4061.3,16,1,4061.4,110,4
11483,2026-07-02 15:09:48+05:30,4060.6,18,4037.84,2251253,161480.0,149677.0,4100.0,4110.0,4012.0,4092.6,25756150,4501.8,3683.4,4440.0,3288.1,4060.0,13,4,4059.9,7,1,4059.8,14,2,4059.5,109,4,4059.4,49,1,4060.6,10,2,4060.7,13,1,4060.9,192,5,4061.0,13,1,4061.4,49,1
11483,2026-07-02 15:09:49+05:30,4059.9,56,4037.84,2251253,161480.0,149677.0,4100.0,4110.0,4012.0,4092.6,25756150,4501.8,3683.4,4440.0,3288.1,4060.0,13,4,4059.9,7,1,4059.8,14,2,4059.5,109,4,4059.4,49,1,4060.6,10,2,4060.7,13,1,4060.9,192,5,4061.0,13,1,4061.4,49,1
11483,2026-07-02 15:09:49+05:30,4059.9,56,4037.84,2251332,161852.0,149961.0,4100.0,4110.0,4012.0,4092.6,25756150,4501.8,3683.4,4440.0,3288.1,4060.0,4,2,4059.9,5,1,4059.8,36,4,4059.7,12,1,4059.6,34,2,4060.6,343,3,4060.7,26,2,4060.9,192,5,4061.4,49,1,4061.5,64,1
11483,2026-07-02 15:09:50+05:30,4060.0,1,4037.84,2251332,161852.0,149961.0,4100.0,4110.0,4012.0,4092.6,25756150,4501.8,3683.4,4440.0,3288.1,4060.0,4,2,4059.9,5,1,4059.8,36,4,4059.7,12,1,4059.6,34,2,4060.6,343,3,4060.7,26,2,4060.9,192,5,4061.4,49,1,4061.5,64,1
11483,2026-07-02 15:09:50+05:30,4060.0,1,4037.84,2251333,161824.0,150037.0,4100.0,4110.0,4012.0,4092.6,25756150,4501.8,3683.4,4440.0,3288.1,4060.1,13,1,4060.0,12,4,4059.9,20,3,4059.8,14,2,4059.7,8,1,4060.3,12,1,4060.6,579,8,4060.7,13,1,4061.4,49,1,4061.5,100,2
11483,2026-07-02 15:09:51+05:30,4060.1,2,4037.84,2251333,161824.0,150037.0,4100.0,4110.0,4012.0,4092.6,25756150,4501.8,3683.4,4440.0,3288.1,4060.1,13,1,4060.0,12,4,4059.9,20,3,4059.8,14,2,4059.7,8,1,4060.3,12,1,4060.6,579,8,4060.7,13,1,4061.4,49,1,4061.5,100,2
11483,2026-07-02 15:09:51+05:30,4060.1,4,4037.84,2251428,161952.0,149556.0,4100.0,4110.0,4012.0,4092.6,25756150,4501.8,3683.4,4440.0,3288.1,4060.1,25,4,4060.0,8,4,4059.9,27,3,4059.8,32,4,4059.7,20,2,4060.3,43,4,4060.6,241,6,4060.7,13,1,4061.5,64,1,4061.7,49,2
11483,2026-07-02 15:09:52+05:30,4060.1,62,4037.84,2251428,161952.0,149556.0,4100.0,4110.0,4012.0,4092.6,25756150,4501.8,3683.4,4440.0,3288.1,4060.1,25,4,4060.0,8,4,4059.9,27,3,4059.8,32,4,4059.7,20,2,4060.3,43,4,4060.6,241,6,4060.7,13,1,4061.5,64,1,4061.7,49,2
11483,2026-07-02 15:09:52+05:30,4060.3,12,4037.84,2251588,162021.0,149402.0,4100.0,4110.0,4012.0,4092.6,25756150,4501.8,3683.4,4440.0,3288.1,4060.1,45,6,4060.0,5,2,4059.9,20,4,4059.8,34,5,4059.7,20,2,4060.3,22,2,4060.6,236,5,4060.7,13,1,4061.7,8,1,4061.8,71,2
11483,2026-07-02 15:09:53+05:30,4060.3,12,4037.84,2251588,162021.0,149402.0,4100.0,4110.0,4012.0,4092.6,25756150,4501.8,3683.4,4440.0,3288.1,4060.1,45,6,4060.0,5,2,4059.9,20,4,4059.8,34,5,4059.7,20,2,4060.3,22,2,4060.6,236,5,4060.7,13,1,4061.7,8,1,4061.8,71,2
11483,2026-07-02 15:09:53+05:30,4060.1,3,4037.85,2251679,162262.0,149668.0,4100.0,4110.0,4012.0,4092.6,25756150,4501.8,3683.4,4440.0,3288.1,4060.1,3,1,4060.0,61,2,4059.9,5,1,4059.8,14,2,4059.7,2,1,4060.3,615,8,4060.7,13,1,4061.7,16,3,4061.8,71,2,4062.0,275,2
11483,2026-07-02 15:09:54+05:30,4060.3,2,4037.85,2251679,162262.0,149668.0,4100.0,4110.0,4012.0,4092.6,25756150,4501.8,3683.4,4440.0,3288.1,4060.1,3,1,4060.0,61,2,4059.9,5,1,4059.8,14,2,4059.7,2,1,4060.3,615,8,4060.7,13,1,4061.7,16,3,4061.8,71,2,4062.0,275,2
11483,2026-07-02 15:09:54+05:30,4060.1,1,4037.85,2252241,161901.0,149368.0,4100.0,4110.0,4012.0,4092.6,25756150,4501.8,3683.4,4440.0,3288.1,4060.0,61,2,4059.9,10,2,4059.8,28,4,4059.7,8,1,4059.6,79,3,4060.3,164,4,4060.7,13,1,4061.7,31,4,4061.8,71,2,4061.9,31,3
11483,2026-07-02 15:09:55+05:30,4060.3,4,4037.85,2252241,161901.0,149368.0,4100.0,4110.0,4012.0,4092.6,25756150,4501.8,3683.4,4440.0,3288.1,4060.0,61,2,4059.9,10,2,4059.8,28,4,4059.7,8,1,4059.6,79,3,4060.3,164,4,4060.7,13,1,4061.7,31,4,4061.8,71,2,4061.9,31,3
11483,2026-07-02 15:09:55+05:30,4060.0,39,4037.85,2252379,162014.0,149414.0,4100.0,4110.0,4012.0,4092.6,25756150,4501.8,3683.4,4440.0,3288.1,4059.9,5,1,4059.8,41,4,4059.6,68,3,4059.5,97,5,4059.4,77,3,4060.0,12,1,4060.1,1,1,4060.3,160,4,4061.6,8,1,4061.7,78,3
11483,2026-07-02 15:09:56+05:30,4060.0,39,4037.85,2252379,162014.0,149414.0,4100.0,4110.0,4012.0,4092.6,25756150,4501.8,3683.4,4440.0,3288.1,4059.9,5,1,4059.8,41,4,4059.6,68,3,4059.5,97,5,4059.4,77,3,4060.0,12,1,4060.1,1,1,4060.3,160,4,4061.6,8,1,4061.7,78,3
11483,2026-07-02 15:09:56+05:30,4060.0,1,4037.85,2252395,162125.0,150835.0,4100.0,4110.0,4012.0,4092.6,25756150,4501.8,3683.4,4440.0,3288.1,4059.8,5,2,4059.4,12,1,4059.3,98,3,4059.2,15,1,4059.1,44,3,4060.0,1032,4,4060.1,1,1,4060.3,86,3,4060.6,30,1,4061.1,27,1
11483,2026-07-02 15:09:57+05:30,4060.0,1,4037.85,2252395,162125.0,150835.0,4100.0,4110.0,4012.0,4092.6,25756150,4501.8,3683.4,4440.0,3288.1,4059.8,5,2,4059.4,12,1,4059.3,98,3,4059.2,15,1,4059.1,44,3,4060.0,1032,4,4060.1,1,1,4060.3,86,3,4060.6,30,1,4061.1,27,1
11483,2026-07-02 15:09:57+05:30,4060.0,1,4037.85,2252395,162017.0,151112.0,4100.0,4110.0,4012.0,4092.6,25756150,4501.8,3683.4,4440.0,3288.1,4059.8,12,5,4059.6,11,2,4059.5,27,2,4059.4,20,2,4059.3,98,3,4060.0,1034,5,4060.1,1,1,4060.3,76,3,4060.6,30,1,4061.3,72,1
11483,2026-07-02 15:09:58+05:30,4059.8,1,4037.85,2252395,162017.0,151112.0,4100.0,4110.0,4012.0,4092.6,25756150,4501.8,3683.4,4440.0,3288.1,4059.8,12,5,4059.6,11,2,4059.5,27,2,4059.4,20,2,4059.3,98,3,4060.0,1034,5,4060.1,1,1,4060.3,76,3,4060.6,30,1,4061.3,72,1
11483,2026-07-02 15:09:58+05:30,4059.8,1,4037.85,2252415,162152.0,151406.0,4100.0,4110.0,4012.0,4092.6,25756150,4501.8,3683.4,4440.0,3288.1,4059.8,10,1,4059.7,8,2,4059.6,25,2,4059.5,7,1,4059.4,1,1,4060.0,1333,5,4060.1,1,1,4060.3,76,3,4060.6,30,1,4061.1,37,1
11483,2026-07-02 15:09:59+05:30,4060.0,1,4037.85,2252415,162152.0,151406.0,4100.0,4110.0,4012.0,4092.6,25756150,4501.8,3683.4,4440.0,3288.1,4059.8,10,1,4059.7,8,2,4059.6,25,2,4059.5,7,1,4059.4,1,1,4060.0,1333,5,4060.1,1,1,4060.3,76,3,4060.6,30,1,4061.1,37,1
11483,2026-07-02 15:09:59+05:30,4059.9,13,4037.85,2252445,162150.0,151516.0,4100.0,4110.0,4012.0,4092.6,25756150,4501.8,3683.4,4440.0,3288.1,4059.8,5,2,4059.6,20,1,4059.5,12,2,4059.4,1,1,4059.3,77,4,4059.9,12,1,4060.0,1332,5,4060.3,76,3,4060.6,30,1,4061.1,37,1
11483,2026-07-02 15:10:00+05:30,4059.9,59,4037.85,2252445,162150.0,151516.0,4100.0,4110.0,4012.0,4092.6,25756150,4501.8,3683.4,4440.0,3288.1,4059.8,5,2,4059.6,20,1,4059.5,12,2,4059.4,1,1,4059.3,77,4,4059.9,12,1,4060.0,1332,5,4060.3,76,3,4060.6,30,1,4061.1,37,1
11483,2026-07-02 15:10:00+05:30,4060.2,21,4037.87,2254589,161749.0,149558.0,4100.0,4110.0,4012.0,4092.6,25756150,4501.8,3683.4,4440.0,3288.1,4060.4,2,2,4060.2,15,1,4060.1,31,3,4060.0,25,4,4059.9,17,5,4061.7,21,1,4061.8,100,4,4061.9,94,5,4062.0,298,2,4062.1,2,1
11483,2026-07-02 15:10:01+05:30,4060.2,21,4037.87,2254589,161749.0,149558.0,4100.0,4110.0,4012.0,4092.6,25756150,4501.8,3683.4,4440.0,3288.1,4060.4,2,2,4060.2,15,1,4060.1,31,3,4060.0,25,4,4059.9,17,5,4061.7,21,1,4061.8,100,4,4061.9,94,5,4062.0,298,2,4062.1,2,1
11483,2026-07-02 15:10:01+05:30,4060.4,1,4037.87,2254590,161887.0,149874.0,4100.0,4110.0,4012.0,4092.6,25756150,4501.8,3683.4,4440.0,3288.1,4060.4,25,5,4060.2,15,1,4060.1,6,1,4060.0,8,2,4059.9,11,4,4061.6,40,3,4061.7,85,4,4061.8,100,4,4061.9,127,6,4062.0,338,3
11483,2026-07-02 15:10:02+05:30,4061.6,1,4037.87,2254590,161887.0,149874.0,4100.0,4110.0,4012.0,4092.6,25756150,4501.8,3683.4,4440.0,3288.1,4060.4,25,5,4060.2,15,1,4060.1,6,1,4060.0,8,2,4059.9,11,4,4061.6,40,3,4061.7,85,4,4061.8,100,4,4061.9,127,6,4062.0,338,3
11483,2026-07-02 15:10:02+05:30,4060.4,5,4037.88,2254647,161986.0,150360.0,4100.0,4110.0,4012.0,4092.6,25756150,4501.8,3683.4,4440.0,3288.1,4060.4,11,1,4059.9,11,4,4059.8,6,3,4059.7,21,1,4059.6,2,1,4061.4,29,2,4061.5,109,6,4061.6,394,6,4061.7,112,4,4061.8,20,3
11483,2026-07-02 15:10:03+05:30,4060.4,5,4037.88,2254647,161986.0,150360.0,4100.0,4110.0,4012.0,4092.6,25756150,4501.8,3683.4,4440.0,3288.1,4060.4,11,1,4059.9,11,4,4059.8,6,3,4059.7,21,1,4059.6,2,1,4061.4,29,2,4061.5,109,6,4061.6,394,6,4061.7,112,4,4061.8,20,3
11483,2026-07-02 15:10:04+05:30,4059.9,1,4037.88,2254781,161988.0,147529.0,4100.0,4110.0,4012.0,4092.6,25756150,4501.8,3683.4,4440.0,3288.1,4060.6,19,1,4060.0,12,1,4059.9,9,3,4059.8,11,1,4059.7,12,1,4061.3,53,2,4061.4,62,4,4061.5,81,5,4061.6,88,6,4061.7,137,5
11483,2026-07-02 15:10:04+05:30,4059.9,1,4037.88,2254781,161988.0,147529.0,4100.0,4110.0,4012.0,4092.6,25756150,4501.8,3683.4,4440.0,3288.1,4060.6,19,1,4060.0,12,1,4059.9,9,3,4059.8,11,1,4059.7,12,1,4061.3,53,2,4061.4,62,4,4061.5,81,5,4061.6,88,6,4061.7,137,5
11483,2026-07-02 15:10:05+05:30,4060.1,10,4037.88,2254781,161988.0,147529.0,4100.0,4110.0,4012.0,4092.6,25756150,4501.8,3683.4,4440.0,3288.1,4060.6,19,1,4060.0,12,1,4059.9,9,3,4059.8,11,1,4059.7,12,1,4061.3,53,2,4061.4,62,4,4061.5,81,5,4061.6,88,6,4061.7,137,5
11483,2026-07-02 15:10:05+05:30,4060.1,10,4037.88,2255128,161868.0,147845.0,4100.0,4110.0,4012.0,4092.6,25756150,4501.8,3683.4,4440.0,3288.1,4060.1,17,1,4060.0,40,2,4059.9,8,2,4059.8,18,3,4059.7,12,1,4061.3,184,6,4061.6,49,1,4061.7,24,1,4061.8,49,1,4061.9,62,3
11483,2026-07-02 15:10:06+05:30,4061.1,4,4037.88,2255128,161868.0,147845.0,4100.0,4110.0,4012.0,4092.6,25756150,4501.8,3683.4,4440.0,3288.1,4060.1,17,1,4060.0,40,2,4059.9,8,2,4059.8,18,3,4059.7,12,1,4061.3,184,6,4061.6,49,1,4061.7,24,1,4061.8,49,1,4061.9,62,3
11483,2026-07-02 15:10:06+05:30,4061.1,4,4037.88,2255174,165691.0,152680.0,4100.0,4110.0,4012.0,4092.6,25756150,4501.8,3683.4,4440.0,3288.1,4061.1,2,1,4060.1,22,4,4060.0,13,2,4059.9,4,1,4059.8,32,4,4061.3,149,7,4061.5,24,1,4061.7,13,1,4061.8,16,1,4061.9,92,5
11483,2026-07-02 15:10:07+05:30,4062.0,56,4037.88,2255174,165691.0,152680.0,4100.0,4110.0,4012.0,4092.6,25756150,4501.8,3683.4,4440.0,3288.1,4061.1,2,1,4060.1,22,4,4060.0,13,2,4059.9,4,1,4059.8,32,4,4061.3,149,7,4061.5,24,1,4061.7,13,1,4061.8,16,1,4061.9,92,5
11483,2026-07-02 15:10:07+05:30,4062.0,56,4037.88,2255593,167458.0,150008.0,4100.0,4110.0,4012.0,4092.6,25756150,4501.8,3683.4,4440.0,3288.1,4061.7,26,2,4061.6,24,1,4061.5,40,2,4061.4,8,1,4061.3,17,1,4062.5,5,1,4062.9,6,1,4063.0,161,8,4063.1,40,2,4063.2,21,4
11483,2026-07-02 15:10:08+05:30,4061.5,5,4037.88,2255593,167458.0,150008.0,4100.0,4110.0,4012.0,4092.6,25756150,4501.8,3683.4,4440.0,3288.1,4061.7,26,2,4061.6,24,1,4061.5,40,2,4061.4,8,1,4061.3,17,1,4062.5,5,1,4062.9,6,1,4063.0,161,8,4063.1,40,2,4063.2,21,4
11483,2026-07-02 15:10:08+05:30,4061.5,5,4037.89,2255680,167268.0,150289.0,4100.0,4110.0,4012.0,4092.6,25756150,4501.8,3683.4,4440.0,3288.1,4061.3,24,1,4061.2,4,1,4061.1,42,9,4061.0,4,1,4060.9,59,4,4061.6,81,1,4061.7,42,1,4061.8,42,1,4061.9,54,2,4062.1,42,1
11483,2026-07-02 15:10:09+05:30,4061.6,2,4037.89,2255680,167268.0,150289.0,4100.0,4110.0,4012.0,4092.6,25756150,4501.8,3683.4,4440.0,3288.1,4061.3,24,1,4061.2,4,1,4061.1,42,9,4061.0,4,1,4060.9,59,4,4061.6,81,1,4061.7,42,1,4061.8,42,1,4061.9,54,2,4062.1,42,1
11483,2026-07-02 15:10:09+05:30,4062.0,42,4037.89,2256042,167645.0,149293.0,4100.0,4110.0,4012.0,4092.6,25756150,4501.8,3683.4,4440.0,3288.1,4061.6,44,3,4061.5,72,5,4061.4,44,5,4061.3,13,3,4061.2,6,1,4062.5,5,1,4062.9,6,1,4063.0,161,8,4063.1,49,3,4063.2,21,4
11483,2026-07-02 15:10:10+05:30,4061.3,14,4037.89,2256042,167645.0,149293.0,4100.0,4110.0,4012.0,4092.6,25756150,4501.8,3683.4,4440.0,3288.1,4061.6,44,3,4061.5,72,5,4061.4,44,5,4061.3,13,3,4061.2,6,1,4062.5,5,1,4062.9,6,1,4063.0,161,8,4063.1,49,3,4063.2,21,4
11483,2026-07-02 15:10:10+05:30,4061.3,14,4037.89,2256177,167327.0,150454.0,4100.0,4110.0,4012.0,4092.6,25756150,4501.8,3683.4,4440.0,3288.1,4061.4,6,1,4061.3,55,3,4061.2,4,1,4061.1,23,4,4061.0,12,2,4061.5,18,1,4061.6,368,4,4061.7,42,1,4061.8,42,1,4062.0,42,1
11483,2026-07-02 15:10:11+05:30,4061.6,2,4037.89,2256177,167327.0,150454.0,4100.0,4110.0,4012.0,4092.6,25756150,4501.8,3683.4,4440.0,3288.1,4061.4,6,1,4061.3,55,3,4061.2,4,1,4061.1,23,4,4061.0,12,2,4061.5,18,1,4061.6,368,4,4061.7,42,1,4061.8,42,1,4062.0,42,1
11483,2026-07-02 15:10:11+05:30,4061.4,1,4037.89,2256180,167533.0,150909.0,4100.0,4110.0,4012.0,4092.6,25756150,4501.8,3683.4,4440.0,3288.1,4061.3,5,1,4061.1,23,4,4061.0,4,1,4060.9,36,4,4060.8,25,3,4061.4,2,2,4061.5,18,1,4061.6,83,4,4061.7,42,1,4061.8,42,1
11483,2026-07-02 15:10:12+05:30,4061.4,2,4037.89,2256180,167533.0,150909.0,4100.0,4110.0,4012.0,4092.6,25756150,4501.8,3683.4,4440.0,3288.1,4061.3,5,1,4061.1,23,4,4061.0,4,1,4060.9,36,4,4060.8,25,3,4061.4,2,2,4061.5,18,1,4061.6,83,4,4061.7,42,1,4061.8,42,1
11483,2026-07-02 15:10:12+05:30,4061.4,2,4037.89,2256187,167242.0,150897.0,4100.0,4110.0,4012.0,4092.6,25756150,4501.8,3683.4,4440.0,3288.1,4061.3,5,1,4061.2,1,1,4061.1,23,4,4061.0,4,1,4060.9,27,3,4061.4,63,7,4061.5,42,1,4061.6,51,3,4061.7,42,1,4061.9,42,1
11483,2026-07-02 15:10:13+05:30,4061.3,3,4037.89,2256187,167242.0,150897.0,4100.0,4110.0,4012.0,4092.6,25756150,4501.8,3683.4,4440.0,3288.1,4061.3,5,1,4061.2,1,1,4061.1,23,4,4061.0,4,1,4060.9,27,3,4061.4,63,7,4061.5,42,1,4061.6,51,3,4061.7,42,1,4061.9,42,1
11483,2026-07-02 15:10:13+05:30,4061.3,3,4037.89,2256213,167086.0,151212.0,4100.0,4110.0,4012.0,4092.6,25756150,4501.8,3683.4,4440.0,3288.1,4061.3,6,2,4061.2,1,1,4061.1,29,3,4060.9,27,3,4060.8,14,2,4061.4,357,9,4061.5,42,1,4061.6,51,3,4061.7,42,1,4061.9,42,1
11483,2026-07-02 15:10:14+05:30,4061.3,4,4037.89,2256213,167086.0,151212.0,4100.0,4110.0,4012.0,4092.6,25756150,4501.8,3683.4,4440.0,3288.1,4061.3,6,2,4061.2,1,1,4061.1,29,3,4060.9,27,3,4060.8,14,2,4061.4,357,9,4061.5,42,1,4061.6,51,3,4061.7,42,1,4061.9,42,1
11483,2026-07-02 15:10:14+05:30,4061.3,4,4037.89,2256224,167331.0,151150.0,4100.0,4110.0,4012.0,4092.6,25756150,4501.8,3683.4,4440.0,3288.1,4061.3,5,2,4061.2,1,1,4061.1,92,4,4060.9,27,3,4060.8,14,2,4061.4,361,10,4061.5,42,1,4061.6,51,3,4061.7,42,1,4061.9,42,1
11483,2026-07-02 15:10:15+05:30,4061.4,1,4037.89,2256224,167331.0,151150.0,4100.0,4110.0,4012.0,4092.6,25756150,4501.8,3683.4,4440.0,3288.1,4061.3,5,2,4061.2,1,1,4061.1,92,4,4060.9,27,3,4060.8,14,2,4061.4,361,10,4061.5,42,1,4061.6,51,3,4061.7,42,1,4061.9,42,1
11483,2026-07-02 15:10:15+05:30,4061.4,1,4037.89,2256244,167506.0,151267.0,4100.0,4110.0,4012.0,4092.6,25756150,4501.8,3683.4,4440.0,3288.1,4061.3,5,2,4061.2,17,2,4061.1,102,5,4060.9,27,3,4060.8,14,2,4061.4,419,8,4061.5,42,1,4061.6,51,3,4061.7,66,2,4061.9,42,1
11483,2026-07-02 15:10:16+05:30,4061.3,7,4037.89,2256244,167506.0,151267.0,4100.0,4110.0,4012.0,4092.6,25756150,4501.8,3683.4,4440.0,3288.1,4061.3,5,2,4061.2,17,2,4061.1,102,5,4060.9,27,3,4060.8,14,2,4061.4,419,8,4061.5,42,1,4061.6,51,3,4061.7,66,2,4061.9,42,1
11483,2026-07-02 15:10:16+05:30,4061.3,7,4037.89,2256276,166691.0,151284.0,4100.0,4110.0,4012.0,4092.6,25756150,4501.8,3683.4,4440.0,3288.1,4061.3,5,2,4061.2,18,3,4061.1,101,4,4060.9,24,2,4060.8,10,1,4061.4,430,8,4061.5,42,1,4061.6,51,3,4061.7,66,2,4061.9,53,2
11483,2026-07-02 15:10:17+05:30,4061.1,37,4037.89,2256495,166818.0,151360.0,4100.0,4110.0,4012.0,4092.6,25756150,4501.8,3683.4,4440.0,3288.1,4061.1,7,1,4060.9,24,2,4060.8,10,1,4060.7,4,1,4060.6,13,2,4061.4,361,7,4061.5,55,2,4061.6,52,4,4061.7,66,2,4061.9,42,1
11483,2026-07-02 15:10:17+05:30,4061.1,37,4037.89,2256495,166818.0,151360.0,4100.0,4110.0,4012.0,4092.6,25756150,4501.8,3683.4,4440.0,3288.1,4061.1,7,1,4060.9,24,2,4060.8,10,1,4060.7,4,1,4060.6,13,2,4061.4,361,7,4061.5,55,2,4061.6,52,4,4061.7,66,2,4061.9,42,1
11483,2026-07-02 15:10:18+05:30,4060.9,6,4037.93,2260123,164065.0,152120.0,4100.0,4110.0,4012.0,4092.6,25756150,4501.8,3683.4,4440.0,3288.1,4059.8,175,1,4059.4,100,3,4059.3,12,1,4059.2,46,2,4059.1,24,1,4060.9,2,1,4061.0,4,1,4061.1,22,1,4061.2,56,3,4061.3,470,3
11483,2026-07-02 15:10:18+05:30,4060.9,6,4037.93,2260123,164065.0,152120.0,4100.0,4110.0,4012.0,4092.6,25756150,4501.8,3683.4,4440.0,3288.1,4059.8,175,1,4059.4,100,3,4059.3,12,1,4059.2,46,2,4059.1,24,1,4060.9,2,1,4061.0,4,1,4061.1,22,1,4061.2,56,3,4061.3,470,3
11483,2026-07-02 15:10:19+05:30,4061.1,25,4037.93,2260249,165983.0,151844.0,4100.0,4110.0,4012.0,4092.6,25756150,4501.8,3683.4,4440.0,3288.1,4061.1,38,1,4060.0,66,2,4059.8,6,1,4059.7,82,1,4059.6,35,1,4061.2,466,2,4061.3,42,1,4061.4,105,6,4061.5,55,2,4061.6,10,3
11483,2026-07-02 15:10:19+05:30,4059.3,3,4037.93,2260249,165983.0,151844.0,4100.0,4110.0,4012.0,4092.6,25756150,4501.8,3683.4,4440.0,3288.1,4061.1,38,1,4060.0,66,2,4059.8,6,1,4059.7,82,1,4059.6,35,1,4061.2,466,2,4061.3,42,1,4061.4,105,6,4061.5,55,2,4061.6,10,3
11483,2026-07-02 15:10:20+05:30,4061.2,36,4037.99,2266821,164740.0,151469.0,4100.0,4110.0,4012.0,4092.6,25756150,4501.8,3683.4,4440.0,3288.1,4059.9,14,1,4059.8,14,1,4059.7,14,1,4059.6,55,3,4059.5,10,1,4060.6,81,1,4060.7,42,1,4060.8,42,1,4060.9,73,2,4061.1,430,2
11483,2026-07-02 15:10:20+05:30,4061.2,36,4037.99,2266821,164740.0,151469.0,4100.0,4110.0,4012.0,4092.6,25756150,4501.8,3683.4,4440.0,3288.1,4059.9,14,1,4059.8,14,1,4059.7,14,1,4059.6,55,3,4059.5,10,1,4060.6,81,1,4060.7,42,1,4060.8,42,1,4060.9,73,2,4061.1,430,2
11483,2026-07-02 15:10:21+05:30,4059.9,1,4037.99,2266821,164740.0,151469.0,4100.0,4110.0,4012.0,4092.6,25756150,4501.8,3683.4,4440.0,3288.1,4059.9,14,1,4059.8,14,1,4059.7,14,1,4059.6,55,3,4059.5,10,1,4060.6,81,1,4060.7,42,1,4060.8,42,1,4060.9,73,2,4061.1,430,2
11483,2026-07-02 15:10:21+05:30,4059.9,1,4038.01,2269650,163160.0,152556.0,4100.0,4110.0,4012.0,4092.6,25756150,4501.8,3683.4,4440.0,3288.1,4059.0,14,1,4058.9,150,5,4058.8,53,3,4058.7,22,3,4058.6,103,5,4059.9,29,1,4060.1,59,2,4060.2,81,1,4060.3,106,3,4060.4,430,2
11483,2026-07-02 15:10:22+05:30,4058.9,3,4038.01,2269650,163160.0,152556.0,4100.0,4110.0,4012.0,4092.6,25756150,4501.8,3683.4,4440.0,3288.1,4059.0,14,1,4058.9,150,5,4058.8,53,3,4058.7,22,3,4058.6,103,5,4059.9,29,1,4060.1,59,2,4060.2,81,1,4060.3,106,3,4060.4,430,2
11483,2026-07-02 15:10:22+05:30,4058.9,1,4038.02,2270479,163214.0,153076.0,4100.0,4110.0,4012.0,4092.6,25756150,4501.8,3683.4,4440.0,3288.1,4058.9,92,2,4058.2,13,2,4058.1,3,1,4058.0,16,2,4057.9,41,2,4059.4,42,1,4059.5,391,2,4059.6,430,2,4059.8,49,2,4059.9,31,2
11483,2026-07-02 15:10:23+05:30,4058.9,4,4038.02,2270479,163214.0,153076.0,4100.0,4110.0,4012.0,4092.6,25756150,4501.8,3683.4,4440.0,3288.1,4058.9,92,2,4058.2,13,2,4058.1,3,1,4058.0,16,2,4057.9,41,2,4059.4,42,1,4059.5,391,2,4059.6,430,2,4059.8,49,2,4059.9,31,2
11483,2026-07-02 15:10:23+05:30,4058.9,1,4038.02,2270484,163120.0,153182.0,4100.0,4110.0,4012.0,4092.6,25756150,4501.8,3683.4,4440.0,3288.1,4058.9,87,2,4058.2,13,2,4058.1,3,1,4058.0,16,2,4057.9,3,1,4059.2,388,1,4059.3,391,2,4059.4,51,3,4059.5,76,2,4059.7,42,1
11483,2026-07-02 15:10:24+05:30,4059.2,3,4038.02,2270484,163120.0,153182.0,4100.0,4110.0,4012.0,4092.6,25756150,4501.8,3683.4,4440.0,3288.1,4058.9,87,2,4058.2,13,2,4058.1,3,1,4058.0,16,2,4057.9,3,1,4059.2,388,1,4059.3,391,2,4059.4,51,3,4059.5,76,2,4059.7,42,1
11483,2026-07-02 15:10:24+05:30,4059.2,1,4038.03,2270999,163204.0,152643.0,4100.0,4110.0,4012.0,4092.6,25756150,4501.8,3683.4,4440.0,3288.1,4058.9,87,2,4058.5,11,1,4058.2,13,2,4058.1,3,1,4058.0,16,2,4059.2,116,3,4059.3,391,2,4059.4,48,2,4059.6,42,1,4059.8,10,2
11483,2026-07-02 15:10:25+05:30,4059.1,1,4038.03,2270999,163204.0,152643.0,4100.0,4110.0,4012.0,4092.6,25756150,4501.8,3683.4,4440.0,3288.1,4058.9,87,2,4058.5,11,1,4058.2,13,2,4058.1,3,1,4058.0,16,2,4059.2,116,3,4059.3,391,2,4059.4,48,2,4059.6,42,1,4059.8,10,2
11483,2026-07-02 15:10:25+05:30,4059.1,2,4038.03,2271033,163073.0,152878.0,4100.0,4110.0,4012.0,4092.6,25756150,4501.8,3683.4,4440.0,3288.1,4058.9,89,4,4058.2,2,1,4058.0,20,1,4057.9,3,1,4057.8,19,2,4059.1,347,1,4059.2,162,7,4059.3,42,1,4059.5,42,1,4059.8,193,2
11483,2026-07-02 15:10:26+05:30,4058.9,3,4038.03,2271033,163073.0,152878.0,4100.0,4110.0,4012.0,4092.6,25756150,4501.8,3683.4,4440.0,3288.1,4058.9,89,4,4058.2,2,1,4058.0,20,1,4057.9,3,1,4057.8,19,2,4059.1,347,1,4059.2,162,7,4059.3,42,1,4059.5,42,1,4059.8,193,2
11483,2026-07-02 15:10:26+05:30,4058.9,1,4038.03,2271226,163166.0,152828.0,4100.0,4110.0,4012.0,4092.6,25756150,4501.8,3683.4,4440.0,3288.1,4058.9,104,7,4058.7,4,1,4058.5,23,2,4058.4,8,1,4058.3,29,2,4059.0,162,1,4059.1,46,3,4059.2,160,6,4059.3,55,2,4059.5,42,1
11483,2026-07-02 15:10:27+05:30,4059.0,7,4038.03,2271226,163166.0,152828.0,4100.0,4110.0,4012.0,4092.6,25756150,4501.8,3683.4,4440.0,3288.1,4058.9,104,7,4058.7,4,1,4058.5,23,2,4058.4,8,1,4058.3,29,2,4059.0,162,1,4059.1,46,3,4059.2,160,6,4059.3,55,2,4059.5,42,1
11483,2026-07-02 15:10:27+05:30,4059.1,117,4038.03,2271577,163222.0,152439.0,4100.0,4110.0,4012.0,4092.6,25756150,4501.8,3683.4,4440.0,3288.1,4058.9,39,6,4058.7,4,1,4058.6,20,1,4058.5,23,2,4058.4,8,1,4059.1,4,1,4059.2,154,5,4059.3,42,1,4059.5,42,1,4059.8,193,2
11483,2026-07-02 15:10:28+05:30,4059.1,117,4038.03,2271577,163222.0,152439.0,4100.0,4110.0,4012.0,4092.6,25756150,4501.8,3683.4,4440.0,3288.1,4058.9,39,6,4058.7,4,1,4058.6,20,1,4058.5,23,2,4058.4,8,1,4059.1,4,1,4059.2,154,5,4059.3,42,1,4059.5,42,1,4059.8,193,2
11483,2026-07-02 15:10:28+05:30,4059.0,1,4038.03,2271580,163069.0,152632.0,4100.0,4110.0,4012.0,4092.6,25756150,4501.8,3683.4,4440.0,3288.1,4058.9,15,4,4058.7,20,1,4058.5,16,1,4058.2,2,1,4058.1,12,1,4059.0,185,5,4059.1,8,3,4059.2,43,2,4059.3,53,2,4059.5,42,1
11483,2026-07-02 15:10:29+05:30,4058.9,1,4038.03,2271580,163069.0,152632.0,4100.0,4110.0,4012.0,4092.6,25756150,4501.8,3683.4,4440.0,3288.1,4058.9,15,4,4058.7,20,1,4058.5,16,1,4058.2,2,1,4058.1,12,1,4059.0,185,5,4059.1,8,3,4059.2,43,2,4059.3,53,2,4059.5,42,1
11483,2026-07-02 15:10:29+05:30,4058.9,1,4038.03,2271652,162956.0,153474.0,4100.0,4110.0,4012.0,4092.6,25756150,4501.8,3683.4,4440.0,3288.1,4058.5,90,5,4058.4,20,1,4058.3,16,2,4058.2,11,2,4058.1,31,2,4058.9,325,1,4059.0,179,6,4059.1,19,3,4059.2,43,2,4059.3,42,1
11483,2026-07-02 15:10:30+05:30,4057.6,3,4038.03,2271652,162956.0,153474.0,4100.0,4110.0,4012.0,4092.6,25756150,4501.8,3683.4,4440.0,3288.1,4058.5,90,5,4058.4,20,1,4058.3,16,2,4058.2,11,2,4058.1,31,2,4058.9,325,1,4059.0,179,6,4059.1,19,3,4059.2,43,2,4059.3,42,1
11483,2026-07-02 15:10:30+05:30,4057.6,1,4038.06,2275343,161331.0,153784.0,4100.0,4110.0,4012.0,4092.6,25756150,4501.8,3683.4,4440.0,3288.1,4057.6,33,3,4057.3,20,1,4057.1,60,2,4057.0,42,2,4056.9,13,1,4058.7,364,2,4058.8,73,2,4058.9,328,7,4059.0,254,7,4059.1,66,3
11483,2026-07-02 15:10:31+05:30,4058.3,1,4038.06,2275343,161331.0,153784.0,4100.0,4110.0,4012.0,4092.6,25756150,4501.8,3683.4,4440.0,3288.1,4057.6,33,3,4057.3,20,1,4057.1,60,2,4057.0,42,2,4056.9,13,1,4058.7,364,2,4058.8,73,2,4058.9,328,7,4059.0,254,7,4059.1,66,3
11483,2026-07-02 15:10:31+05:30,4058.7,1,4038.07,2275568,161943.0,153682.0,4100.0,4110.0,4012.0,4092.6,25756150,4501.8,3683.4,4440.0,3288.1,4058.1,97,6,4057.9,20,1,4057.8,12,1,4057.6,29,2,4057.5,30,2,4058.7,225,8,4058.8,344,2,4058.9,232,4,4059.1,17,2,4059.2,1,1
11483,2026-07-02 15:10:32+05:30,4058.1,9,4038.07,2275568,161943.0,153682.0,4100.0,4110.0,4012.0,4092.6,25756150,4501.8,3683.4,4440.0,3288.1,4058.1,97,6,4057.9,20,1,4057.8,12,1,4057.6,29,2,4057.5,30,2,4058.7,225,8,4058.8,344,2,4058.9,232,4,4059.1,17,2,4059.2,1,1
11483,2026-07-02 15:10:32+05:30,4058.4,31,4038.07,2275610,162051.0,152688.0,4100.0,4110.0,4012.0,4092.6,25756150,4501.8,3683.4,4440.0,3288.1,4058.2,159,3,4058.1,73,6,4058.0,5,1,4057.8,32,2,4057.6,15,1,4058.4,362,2,4058.5,42,1,4058.6,42,1,4058.7,198,9,4058.8,66,2
11483,2026-07-02 15:10:33+05:30,4058.4,1,4038.07,2275610,162051.0,152688.0,4100.0,4110.0,4012.0,4092.6,25756150,4501.8,3683.4,4440.0,3288.1,4058.2,159,3,4058.1,73,6,4058.0,5,1,4057.8,32,2,4057.6,15,1,4058.4,362,2,4058.5,42,1,4058.6,42,1,4058.7,198,9,4058.8,66,2
11483,2026-07-02 15:10:33+05:30,4058.3,2,4038.07,2275632,162064.0,152624.0,4100.0,4110.0,4012.0,4092.6,25756150,4501.8,3683.4,4440.0,3288.1,4058.2,239,7,4058.1,4,3,4058.0,5,1,4057.8,32,2,4057.6,15,1,4058.3,304,1,4058.4,46,3,4058.5,42,1,4058.6,42,1,4058.7,192,6
11483,2026-07-02 15:10:34+05:30,4058.3,1,4038.07,2275632,162064.0,152624.0,4100.0,4110.0,4012.0,4092.6,25756150,4501.8,3683.4,4440.0,3288.1,4058.2,239,7,4058.1,4,3,4058.0,5,1,4057.8,32,2,4057.6,15,1,4058.3,304,1,4058.4,46,3,4058.5,42,1,4058.6,42,1,4058.7,192,6
11483,2026-07-02 15:10:34+05:30,4058.2,11,4038.07,2275871,162054.0,152407.0,4100.0,4110.0,4012.0,4092.6,25756150,4501.8,3683.4,4440.0,3288.1,4058.2,231,8,4058.1,4,3,4057.6,9,1,4057.4,29,2,4057.3,14,1,4058.3,164,1,4058.4,222,7,4058.5,2,1,4058.6,42,1,4058.8,42,1
11483,2026-07-02 15:10:35+05:30,4058.3,1,4038.07,2275871,162054.0,152407.0,4100.0,4110.0,4012.0,4092.6,25756150,4501.8,3683.4,4440.0,3288.1,4058.2,231,8,4058.1,4,3,4057.6,9,1,4057.4,29,2,4057.3,14,1,4058.3,164,1,4058.4,222,7,4058.5,2,1,4058.6,42,1,4058.8,42,1
11483,2026-07-02 15:10:36+05:30,4058.2,10,4038.07,2276152,161983.0,152522.0,4100.0,4110.0,4012.0,4092.6,25756150,4501.8,3683.4,4440.0,3288.1,4058.2,108,10,4058.1,24,4,4057.8,7,1,4057.6,9,1,4057.4,29,2,4058.3,25,3,4058.4,220,6,4058.8,2,1,4058.9,218,4,4059.5,126,3
11483,2026-07-02 15:10:36+05:30,4058.2,10,4038.07,2276152,161983.0,152522.0,4100.0,4110.0,4012.0,4092.6,25756150,4501.8,3683.4,4440.0,3288.1,4058.2,108,10,4058.1,24,4,4057.8,7,1,4057.6,9,1,4057.4,29,2,4058.3,25,3,4058.4,220,6,4058.8,2,1,4058.9,218,4,4059.5,126,3
11483,2026-07-02 15:10:37+05:30,4058.9,1,4038.08,2276688,161869.0,152103.0,4100.0,4110.0,4012.0,4092.6,25756150,4501.8,3683.4,4440.0,3288.1,4058.6,6,1,4058.2,85,8,4058.1,4,3,4058.0,32,2,4057.9,13,1,4058.9,193,4,4059.6,70,1,4059.7,5,1,4059.8,284,4,4060.0,436,2
11483,2026-07-02 15:10:37+05:30,4058.9,1,4038.08,2276688,161869.0,152103.0,4100.0,4110.0,4012.0,4092.6,25756150,4501.8,3683.4,4440.0,3288.1,4058.6,6,1,4058.2,85,8,4058.1,4,3,4058.0,32,2,4057.9,13,1,4058.9,193,4,4059.6,70,1,4059.7,5,1,4059.8,284,4,4060.0,436,2
11483,2026-07-02 15:10:38+05:30,4058.9,1,4038.08,2276773,162121.0,151570.0,4100.0,4110.0,4012.0,4092.6,25756150,4501.8,3683.4,4440.0,3288.1,4058.7,2,1,4058.6,76,8,4058.4,7,1,4058.2,123,9,4058.1,24,4,4058.9,122,4,4059.8,199,2,4060.0,436,2,4060.1,35,1,4060.2,84,2
11483,2026-07-02 15:10:38+05:30,4058.9,1,4038.08,2276773,162121.0,151570.0,4100.0,4110.0,4012.0,4092.6,25756150,4501.8,3683.4,4440.0,3288.1,4058.7,2,1,4058.6,76,8,4058.4,7,1,4058.2,123,9,4058.1,24,4,4058.9,122,4,4059.8,199,2,4060.0,436,2,4060.1,35,1,4060.2,84,2
11483,2026-07-02 15:10:39+05:30,4058.9,1,4038.08,2276773,162121.0,151570.0,4100.0,4110.0,4012.0,4092.6,25756150,4501.8,3683.4,4440.0,3288.1,4058.7,2,1,4058.6,76,8,4058.4,7,1,4058.2,123,9,4058.1,24,4,4058.9,122,4,4059.8,199,2,4060.0,436,2,4060.1,35,1,4060.2,84,2
11483,2026-07-02 15:10:39+05:30,4058.9,1,4038.08,2276777,162087.0,151611.0,4100.0,4110.0,4012.0,4092.6,25756150,4501.8,3683.4,4440.0,3288.1,4058.7,2,2,4058.6,63,7,4058.2,85,7,4058.1,22,3,4058.0,12,1,4058.9,124,6,4059.8,199,2,4060.0,436,2,4060.1,35,1,4060.2,84,2
11483,2026-07-02 15:10:40+05:30,4058.9,1,4038.08,2276777,162087.0,151611.0,4100.0,4110.0,4012.0,4092.6,25756150,4501.8,3683.4,4440.0,3288.1,4058.7,2,2,4058.6,63,7,4058.2,85,7,4058.1,22,3,4058.0,12,1,4058.9,124,6,4059.8,199,2,4060.0,436,2,4060.1,35,1,4060.2,84,2
11483,2026-07-02 15:10:40+05:30,4058.9,1,4038.09,2278835,161752.0,152228.0,4100.0,4110.0,4012.0,4092.6,25756150,4501.8,3683.4,4440.0,3288.1,4058.7,2,1,4058.2,15,1,4058.1,34,3,4057.9,47,4,4057.8,35,2,4058.8,2,1,4058.9,122,6,4059.5,2,1,4059.6,56,1,4059.8,248,3
11483,2026-07-02 15:10:41+05:30,4058.8,1,4038.09,2278835,161752.0,152228.0,4100.0,4110.0,4012.0,4092.6,25756150,4501.8,3683.4,4440.0,3288.1,4058.7,2,1,4058.2,15,1,4058.1,34,3,4057.9,47,4,4057.8,35,2,4058.8,2,1,4058.9,122,6,4059.5,2,1,4059.6,56,1,4059.8,248,3
11483,2026-07-02 15:10:41+05:30,4058.8,2,4038.09,2278842,161322.0,152093.0,4100.0,4110.0,4012.0,4092.6,25756150,4501.8,3683.4,4440.0,3288.1,4058.7,8,1,4058.1,19,2,4057.9,20,2,4057.8,35,2,4057.7,14,1,4058.8,35,1,4058.9,122,6,4059.1,13,1,4059.5,2,1,4059.6,56,1
11483,2026-07-02 15:10:41+05:30,4058.8,2,4038.09,2278842,161322.0,152093.0,4100.0,4110.0,4012.0,4092.6,25756150,4501.8,3683.4,4440.0,3288.1,4058.7,8,1,4058.1,19,2,4057.9,20,2,4057.8,35,2,4057.7,14,1,4058.8,35,1,4058.9,122,6,4059.1,13,1,4059.5,2,1,4059.6,56,1
11483,2026-07-02 15:10:42+05:30,4058.8,2,4038.09,2278842,161322.0,152093.0,4100.0,4110.0,4012.0,4092.6,25756150,4501.8,3683.4,4440.0,3288.1,4058.7,8,1,4058.1,19,2,4057.9,20,2,4057.8,35,2,4057.7,14,1,4058.8,35,1,4058.9,122,6,4059.1,13,1,4059.5,2,1,4059.6,56,1
11483,2026-07-02 15:10:42+05:30,4058.8,1,4038.09,2278842,161322.0,152093.0,4100.0,4110.0,4012.0,4092.6,25756150,4501.8,3683.4,4440.0,3288.1,4058.7,8,1,4058.1,19,2,4057.9,20,2,4057.8,35,2,4057.7,14,1,4058.8,35,1,4058.9,122,6,4059.1,13,1,4059.5,2,1,4059.6,56,1
11483,2026-07-02 15:10:42+05:30,4058.7,1,4038.09,2278844,161514.0,152296.0,4100.0,4110.0,4012.0,4092.6,25756150,4501.8,3683.4,4440.0,3288.1,4058.7,4,2,4058.6,8,1,4058.1,11,1,4057.8,22,1,4057.7,35,2,4058.8,43,4,4058.9,117,4,4059.0,50,1,4059.1,13,1,4059.4,16,1
11483,2026-07-02 15:10:42+05:30,4058.7,1,4038.09,2278844,161514.0,152296.0,4100.0,4110.0,4012.0,4092.6,25756150,4501.8,3683.4,4440.0,3288.1,4058.7,4,2,4058.6,8,1,4058.1,11,1,4057.8,22,1,4057.7,35,2,4058.8,43,4,4058.9,117,4,4059.0,50,1,4059.1,13,1,4059.4,16,1
11483,2026-07-02 15:10:43+05:30,4058.7,1,4038.09,2278844,161514.0,152296.0,4100.0,4110.0,4012.0,4092.6,25756150,4501.8,3683.4,4440.0,3288.1,4058.7,4,2,4058.6,8,1,4058.1,11,1,4057.8,22,1,4057.7,35,2,4058.8,43,4,4058.9,117,4,4059.0,50,1,4059.1,13,1,4059.4,16,1
11483,2026-07-02 15:10:43+05:30,4058.7,3,4038.09,2278844,161514.0,152296.0,4100.0,4110.0,4012.0,4092.6,25756150,4501.8,3683.4,4440.0,3288.1,4058.7,4,2,4058.6,8,1,4058.1,11,1,4057.8,22,1,4057.7,35,2,4058.8,43,4,4058.9,117,4,4059.0,50,1,4059.1,13,1,4059.4,16,1
11483,2026-07-02 15:10:43+05:30,4058.8,1,4038.09,2278849,161519.0,152419.0,4100.0,4110.0,4012.0,4092.6,25756150,4501.8,3683.4,4440.0,3288.1,4058.7,3,3,4058.6,11,2,4058.4,5,1,4058.3,60,2,4058.1,11,1,4058.8,44,5,4058.9,117,4,4059.0,50,1,4059.1,13,1,4059.3,36,2
11483,2026-07-02 15:10:43+05:30,4058.8,1,4038.09,2278849,161519.0,152419.0,4100.0,4110.0,4012.0,4092.6,25756150,4501.8,3683.4,4440.0,3288.1,4058.7,3,3,4058.6,11,2,4058.4,5,1,4058.3,60,2,4058.1,11,1,4058.8,44,5,4058.9,117,4,4059.0,50,1,4059.1,13,1,4059.3,36,2
11483,2026-07-02 15:10:44+05:30,4058.8,1,4038.09,2278849,161519.0,152419.0,4100.0,4110.0,4012.0,4092.6,25756150,4501.8,3683.4,4440.0,3288.1,4058.7,3,3,4058.6,11,2,4058.4,5,1,4058.3,60,2,4058.1,11,1,4058.8,44,5,4058.9,117,4,4059.0,50,1,4059.1,13,1,4059.3,36,2
11483,2026-07-02 15:10:44+05:30,4058.8,1,4038.09,2278849,161519.0,152419.0,4100.0,4110.0,4012.0,4092.6,25756150,4501.8,3683.4,4440.0,3288.1,4058.7,3,3,4058.6,11,2,4058.4,5,1,4058.3,60,2,4058.1,11,1,4058.8,44,5,4058.9,117,4,4059.0,50,1,4059.1,13,1,4059.3,36,2
11483,2026-07-02 15:10:44+05:30,4059.0,1,4038.1,2279036,161835.0,151367.0,4100.0,4110.0,4012.0,4092.6,25756150,4501.8,3683.4,4440.0,3288.1,4058.8,5,1,4058.7,35,7,4058.6,8,1,4058.5,5,1,4058.4,7,1,4059.0,34,1,4059.1,13,1,4059.5,2,1,4059.7,2,1,4059.8,199,2
11483,2026-07-02 15:10:44+05:30,4059.0,1,4038.1,2279036,161835.0,151367.0,4100.0,4110.0,4012.0,4092.6,25756150,4501.8,3683.4,4440.0,3288.1,4058.8,5,1,4058.7,35,7,4058.6,8,1,4058.5,5,1,4058.4,7,1,4059.0,34,1,4059.1,13,1,4059.5,2,1,4059.7,2,1,4059.8,199,2
11483,2026-07-02 15:10:45+05:30,4059.0,1,4038.1,2279036,161835.0,151367.0,4100.0,4110.0,4012.0,4092.6,25756150,4501.8,3683.4,4440.0,3288.1,4058.8,5,1,4058.7,35,7,4058.6,8,1,4058.5,5,1,4058.4,7,1,4059.0,34,1,4059.1,13,1,4059.5,2,1,4059.7,2,1,4059.8,199,2
11483,2026-07-02 15:10:45+05:30,4059.0,1,4038.1,2279036,161835.0,151367.0,4100.0,4110.0,4012.0,4092.6,25756150,4501.8,3683.4,4440.0,3288.1,4058.8,5,1,4058.7,35,7,4058.6,8,1,4058.5,5,1,4058.4,7,1,4059.0,34,1,4059.1,13,1,4059.5,2,1,4059.7,2,1,4059.8,199,2
11483,2026-07-02 15:10:45+05:30,4059.0,1,4038.1,2279036,161835.0,151367.0,4100.0,4110.0,4012.0,4092.6,25756150,4501.8,3683.4,4440.0,3288.1,4058.8,5,1,4058.7,35,7,4058.6,8,1,4058.5,5,1,4058.4,7,1,4059.0,34,1,4059.1,13,1,4059.5,2,1,4059.7,2,1,4059.8,199,2
11483,2026-07-02 15:10:45+05:30,4059.1,1,4038.1,2279258,162962.0,150731.0,4100.0,4110.0,4012.0,4092.6,25756150,4501.8,3683.4,4440.0,3288.1,4059.6,14,4,4059.4,24,2,4059.2,7,1,4059.1,9,1,4059.0,19,1,4059.8,191,1,4060.0,326,1,4060.3,183,2,4060.7,110,1,4060.8,35,1
11483,2026-07-02 15:10:45+05:30,4059.1,1,4038.1,2279258,162962.0,150731.0,4100.0,4110.0,4012.0,4092.6,25748100,4501.8,3683.4,4440.0,3288.1,4059.6,14,4,4059.4,24,2,4059.2,7,1,4059.1,9,1,4059.0,19,1,4059.8,191,1,4060.0,326,1,4060.3,183,2,4060.7,110,1,4060.8,35,1
11483,2026-07-02 15:10:46+05:30,4059.1,1,4038.1,2279258,162962.0,150731.0,4100.0,4110.0,4012.0,4092.6,25748100,4501.8,3683.4,4440.0,3288.1,4059.6,14,4,4059.4,24,2,4059.2,7,1,4059.1,9,1,4059.0,19,1,4059.8,191,1,4060.0,326,1,4060.3,183,2,4060.7,110,1,4060.8,35,1
11483,2026-07-02 15:10:46+05:30,4059.1,1,4038.1,2279258,162962.0,150731.0,4100.0,4110.0,4012.0,4092.6,25748100,4501.8,3683.4,4440.0,3288.1,4059.6,14,4,4059.4,24,2,4059.2,7,1,4059.1,9,1,4059.0,19,1,4059.8,191,1,4060.0,326,1,4060.3,183,2,4060.7,110,1,4060.8,35,1
11483,2026-07-02 15:10:46+05:30,4059.6,1,4038.1,2279345,163065.0,150798.0,4100.0,4110.0,4012.0,4092.6,25748100,4501.8,3683.4,4440.0,3288.1,4059.6,5,3,4059.4,5,1,4059.3,3,1,4059.1,9,1,4058.9,28,2,4059.8,109,3,4060.0,326,1,4060.3,61,1,4060.7,165,3,4060.8,84,2
11483,2026-07-02 15:10:46+05:30,4059.6,1,4038.1,2279345,163065.0,150798.0,4100.0,4110.0,4012.0,4092.6,25748100,4501.8,3683.4,4440.0,3288.1,4059.6,5,3,4059.4,5,1,4059.3,3,1,4059.1,9,1,4058.9,28,2,4059.8,109,3,4060.0,326,1,4060.3,61,1,4060.7,165,3,4060.8,84,2
11483,2026-07-02 15:10:47+05:30,4059.6,1,4038.1,2279345,163065.0,150798.0,4100.0,4110.0,4012.0,4092.6,25748100,4501.8,3683.4,4440.0,3288.1,4059.6,5,3,4059.4,5,1,4059.3,3,1,4059.1,9,1,4058.9,28,2,4059.8,109,3,4060.0,326,1,4060.3,61,1,4060.7,165,3,4060.8,84,2
11483,2026-07-02 15:10:47+05:30,4059.6,1,4038.1,2279345,163065.0,150798.0,4100.0,4110.0,4012.0,4092.6,25748100,4501.8,3683.4,4440.0,3288.1,4059.6,5,3,4059.4,5,1,4059.3,3,1,4059.1,9,1,4058.9,28,2,4059.8,109,3,4060.0,326,1,4060.3,61,1,4060.7,165,3,4060.8,84,2
11483,2026-07-02 15:10:47+05:30,4059.7,1,4038.1,2279385,163848.0,151032.0,4100.0,4110.0,4012.0,4092.6,25748100,4501.8,3683.4,4440.0,3288.1,4059.7,5,1,4059.6,16,4,4059.5,4,1,4059.3,8,2,4059.1,9,1,4059.8,75,3,4060.0,329,2,4060.3,110,1,4060.6,6,1,4060.7,159,2
11483,2026-07-02 15:10:47+05:30,4059.7,1,4038.1,2279385,163848.0,151032.0,4100.0,4110.0,4012.0,4092.6,25748100,4501.8,3683.4,4440.0,3288.1,4059.7,5,1,4059.6,16,4,4059.5,4,1,4059.3,8,2,4059.1,9,1,4059.8,75,3,4060.0,329,2,4060.3,110,1,4060.6,6,1,4060.7,159,2
11483,2026-07-02 15:10:48+05:30,4059.7,1,4038.1,2279385,163848.0,151032.0,4100.0,4110.0,4012.0,4092.6,25748100,4501.8,3683.4,4440.0,3288.1,4059.7,5,1,4059.6,16,4,4059.5,4,1,4059.3,8,2,4059.1,9,1,4059.8,75,3,4060.0,329,2,4060.3,110,1,4060.6,6,1,4060.7,159,2
11483,2026-07-02 15:10:48+05:30,4059.7,2,4038.1,2279428,163801.0,151072.0,4100.0,4110.0,4012.0,4092.6,25748100,4501.8,3683.4,4440.0,3288.1,4059.7,17,5,4059.6,20,2,4059.5,4,1,4059.3,33,4,4059.1,9,1,4059.8,75,4,4059.9,11,1,4060.0,329,2,4060.5,6,1,4060.6,2,1
11483,2026-07-02 15:10:49+05:30,4059.7,2,4038.1,2279428,163801.0,151072.0,4100.0,4110.0,4012.0,4092.6,25748100,4501.8,3683.4,4440.0,3288.1,4059.7,17,5,4059.6,20,2,4059.5,4,1,4059.3,33,4,4059.1,9,1,4059.8,75,4,4059.9,11,1,4060.0,329,2,4060.5,6,1,4060.6,2,1
11483,2026-07-02 15:10:49+05:30,4059.7,1,4038.1,2279429,163612.0,151096.0,4100.0,4110.0,4012.0,4092.6,25748100,4501.8,3683.4,4440.0,3288.1,4059.7,17,6,4059.6,20,2,4059.5,4,1,4059.3,33,4,4059.1,9,1,4059.8,120,5,4059.9,11,1,4060.0,329,2,4060.5,6,1,4060.6,2,1
11483,2026-07-02 15:10:50+05:30,4059.7,1,4038.1,2279429,163612.0,151096.0,4100.0,4110.0,4012.0,4092.6,25748100,4501.8,3683.4,4440.0,3288.1,4059.7,17,6,4059.6,20,2,4059.5,4,1,4059.3,33,4,4059.1,9,1,4059.8,120,5,4059.9,11,1,4060.0,329,2,4060.5,6,1,4060.6,2,1
11483,2026-07-02 15:10:51+05:30,4059.7,2,4038.1,2279435,163684.0,151128.0,4100.0,4110.0,4012.0,4092.6,25748100,4501.8,3683.4,4440.0,3288.1,4059.7,20,6,4059.6,20,2,4059.5,4,1,4059.3,33,4,4059.1,9,1,4059.8,124,7,4059.9,11,1,4060.0,329,2,4060.3,6,1,4060.4,2,1
11483,2026-07-02 15:10:51+05:30,4059.7,2,4038.1,2279435,163684.0,151128.0,4100.0,4110.0,4012.0,4092.6,25748100,4501.8,3683.4,4440.0,3288.1,4059.7,20,6,4059.6,20,2,4059.5,4,1,4059.3,33,4,4059.1,9,1,4059.8,124,7,4059.9,11,1,4060.0,329,2,4060.3,6,1,4060.4,2,1
11483,2026-07-02 15:10:52+05:30,4059.3,1,4038.1,2279559,162904.0,151167.0,4100.0,4110.0,4012.0,4092.6,25748100,4501.8,3683.4,4440.0,3288.1,4059.3,25,2,4058.8,5,1,4058.7,1,1,4058.4,7,1,4058.3,50,1,4059.8,129,9,4059.9,44,4,4060.0,439,3,4060.2,44,2,4060.3,110,4
11483,2026-07-02 15:10:52+05:30,4059.3,1,4038.1,2279559,162904.0,151167.0,4100.0,4110.0,4012.0,4092.6,25748100,4501.8,3683.4,4440.0,3288.1,4059.3,25,2,4058.8,5,1,4058.7,1,1,4058.4,7,1,4058.3,50,1,4059.8,129,9,4059.9,44,4,4060.0,439,3,4060.2,44,2,4060.3,110,4
11483,2026-07-02 15:10:53+05:30,4059.8,5,4038.1,2279559,162904.0,151167.0,4100.0,4110.0,4012.0,4092.6,25748100,4501.8,3683.4,4440.0,3288.1,4059.3,25,2,4058.8,5,1,4058.7,1,1,4058.4,7,1,4058.3,50,1,4059.8,129,9,4059.9,44,4,4060.0,439,3,4060.2,44,2,4060.3,110,4
11483,2026-07-02 15:10:53+05:30,4059.8,5,4038.1,2279655,162817.0,151234.0,4100.0,4110.0,4012.0,4092.6,25748100,4501.8,3683.4,4440.0,3288.1,4059.3,9,4,4058.8,5,1,4058.3,50,1,4058.0,260,4,4057.8,66,3,4059.8,124,9,4059.9,44,4,4060.0,510,4,4060.2,68,3,4060.3,57,3
11483,2026-07-02 15:10:54+05:30,4060.0,55,4038.1,2279655,162817.0,151234.0,4100.0,4110.0,4012.0,4092.6,25748100,4501.8,3683.4,4440.0,3288.1,4059.3,9,4,4058.8,5,1,4058.3,50,1,4058.0,260,4,4057.8,66,3,4059.8,124,9,4059.9,44,4,4060.0,510,4,4060.2,68,3,4060.3,57,3
11483,2026-07-02 15:10:54+05:30,4060.0,55,4038.1,2279981,163496.0,151210.0,4100.0,4110.0,4012.0,4092.6,25748100,4501.8,3683.4,4440.0,3288.1,4059.8,6,4,4059.3,1,1,4058.9,20,1,4058.8,18,2,4058.7,7,1,4060.0,345,3,4060.6,8,2,4060.7,134,2,4060.8,69,2,4060.9,54,3
11483,2026-07-02 15:10:55+05:30,4059.8,2,4038.1,2279981,163496.0,151210.0,4100.0,4110.0,4012.0,4092.6,25748100,4501.8,3683.4,4440.0,3288.1,4059.8,6,4,4059.3,1,1,4058.9,20,1,4058.8,18,2,4058.7,7,1,4060.0,345,3,4060.6,8,2,4060.7,134,2,4060.8,69,2,4060.9,54,3
11483,2026-07-02 15:10:55+05:30,4060.0,30,4038.1,2280014,163899.0,151267.0,4100.0,4110.0,4012.0,4092.6,25748100,4501.8,3683.4,4440.0,3288.1,4059.8,33,5,4058.9,20,1,4058.8,18,2,4058.7,8,2,4058.6,70,3,4060.0,374,6,4060.6,32,3,4060.7,110,1,4060.8,69,2,4060.9,54,3
11483,2026-07-02 15:10:56+05:30,4059.8,1,4038.1,2280014,163899.0,151267.0,4100.0,4110.0,4012.0,4092.6,25748100,4501.8,3683.4,4440.0,3288.1,4059.8,33,5,4058.9,20,1,4058.8,18,2,4058.7,8,2,4058.6,70,3,4060.0,374,6,4060.6,32,3,4060.7,110,1,4060.8,69,2,4060.9,54,3
11483,2026-07-02 15:10:56+05:30,4059.8,5,4038.1,2280029,163856.0,151276.0,4100.0,4110.0,4012.0,4092.6,25748100,4501.8,3683.4,4440.0,3288.1,4059.8,27,6,4058.9,33,2,4058.8,30,3,4058.7,1,1,4058.6,36,3,4060.0,374,6,4060.5,24,1,4060.6,26,2,4060.7,110,1,4060.8,93,3
11483,2026-07-02 15:10:57+05:30,4059.0,1,4038.1,2280029,163856.0,151276.0,4100.0,4110.0,4012.0,4092.6,25748100,4501.8,3683.4,4440.0,3288.1,4059.8,27,6,4058.9,33,2,4058.8,30,3,4058.7,1,1,4058.6,36,3,4060.0,374,6,4060.5,24,1,4060.6,26,2,4060.7,110,1,4060.8,93,3
11483,2026-07-02 15:10:57+05:30,4059.0,13,4038.11,2280223,163055.0,151618.0,4100.0,4110.0,4012.0,4092.6,25748100,4501.8,3683.4,4440.0,3288.1,4058.9,15,1,4058.8,20,3,4058.7,1,1,4058.6,23,2,4058.5,29,2,4059.0,59,1,4059.9,2,1,4060.0,370,6,4060.2,6,1,4060.3,61,2
11483,2026-07-02 15:10:58+05:30,4058.7,1,4038.11,2280223,163055.0,151618.0,4100.0,4110.0,4012.0,4092.6,25748100,4501.8,3683.4,4440.0,3288.1,4058.9,15,1,4058.8,20,3,4058.7,1,1,4058.6,23,2,4058.5,29,2,4059.0,59,1,4059.9,2,1,4060.0,370,6,4060.2,6,1,4060.3,61,2
11483,2026-07-02 15:10:58+05:30,4058.5,24,4038.11,2280682,163075.0,152003.0,4100.0,4110.0,4012.0,4092.6,25748100,4501.8,3683.4,4440.0,3288.1,4058.6,60,5,4058.5,20,2,4058.4,78,3,4058.3,50,1,4058.2,67,3,4059.0,30,2,4060.0,403,4,4060.3,67,3,4060.4,49,1,4060.5,49,1
11483,2026-07-02 15:10:59+05:30,4058.6,1,4038.11,2280682,163075.0,152003.0,4100.0,4110.0,4012.0,4092.6,25748100,4501.8,3683.4,4440.0,3288.1,4058.6,60,5,4058.5,20,2,4058.4,78,3,4058.3,50,1,4058.2,67,3,4059.0,30,2,4060.0,403,4,4060.3,67,3,4060.4,49,1,4060.5,49,1
11483,2026-07-02 15:10:59+05:30,4059.0,5,4038.11,2280697,163023.0,152118.0,4100.0,4110.0,4012.0,4092.6,25748100,4501.8,3683.4,4440.0,3288.1,4058.6,61,6,4058.5,1,1,4058.4,78,3,4058.3,50,1,4058.2,31,2,4059.0,73,3,4060.0,409,5,4060.1,8,1,4060.3,61,2,4060.4,110,2
11483,2026-07-02 15:11:00+05:30,4060.0,1,4038.11,2280697,163023.0,152118.0,4100.0,4110.0,4012.0,4092.6,25748100,4501.8,3683.4,4440.0,3288.1,4058.6,61,6,4058.5,1,1,4058.4,78,3,4058.3,50,1,4058.2,31,2,4059.0,73,3,4060.0,409,5,4060.1,8,1,4060.3,61,2,4060.4,110,2
11483,2026-07-02 15:11:00+05:30,4060.0,1,4038.11,2280787,163554.0,151669.0,4100.0,4110.0,4012.0,4092.6,25748100,4501.8,3683.4,4440.0,3288.1,4059.1,67,3,4059.0,167,7,4058.9,60,3,4058.8,66,5,4058.7,22,1,4060.0,283,4,4060.3,11,1,4060.6,5,1,4060.7,110,1,4060.8,118,3
11483,2026-07-02 15:11:01+05:30,4060.0,3,4038.11,2280787,163554.0,151669.0,4100.0,4110.0,4012.0,4092.6,25748100,4501.8,3683.4,4440.0,3288.1,4059.1,67,3,4059.0,167,7,4058.9,60,3,4058.8,66,5,4058.7,22,1,4060.0,283,4,4060.3,11,1,4060.6,5,1,4060.7,110,1,4060.8,118,3
11483,2026-07-02 15:11:01+05:30,4060.0,1,4038.11,2280882,163647.0,151131.0,4100.0,4110.0,4012.0,4092.6,25748100,4501.8,3683.4,4440.0,3288.1,4059.3,67,3,4059.2,62,4,4059.1,67,5,4059.0,163,7,4058.9,45,2,4060.0,188,4,4060.3,11,1,4060.6,7,2,4060.7,110,1,4060.8,69,2
11483,2026-07-02 15:11:02+05:30,4059.3,4,4038.11,2280882,163647.0,151131.0,4100.0,4110.0,4012.0,4092.6,25748100,4501.8,3683.4,4440.0,3288.1,4059.3,67,3,4059.2,62,4,4059.1,67,5,4059.0,163,7,4058.9,45,2,4060.0,188,4,4060.3,11,1,4060.6,7,2,4060.7,110,1,4060.8,69,2
11483,2026-07-02 15:11:02+05:30,4060.0,1,4038.11,2280934,163617.0,151078.0,4100.0,4110.0,4012.0,4092.6,25748100,4501.8,3683.4,4440.0,3288.1,4059.4,49,6,4059.3,54,4,4059.2,48,4,4059.1,86,4,4059.0,125,6,4060.0,155,4,4060.3,11,1,4060.6,7,2,4060.7,110,1,4060.8,69,2
11483,2026-07-02 15:11:03+05:30,4060.0,76,4038.11,2280934,163617.0,151078.0,4100.0,4110.0,4012.0,4092.6,25748100,4501.8,3683.4,4440.0,3288.1,4059.4,49,6,4059.3,54,4,4059.2,48,4,4059.1,86,4,4059.0,125,6,4060.0,155,4,4060.3,11,1,4060.6,7,2,4060.7,110,1,4060.8,69,2
11483,2026-07-02 15:11:03+05:30,4059.4,1,4038.11,2281019,163541.0,151146.0,4100.0,4110.0,4012.0,4092.6,25748100,4501.8,3683.4,4440.0,3288.1,4059.4,64,11,4059.3,49,2,4059.2,48,4,4059.1,41,2,4059.0,43,3,4060.0,76,4,4060.3,11,1,4060.6,8,1,4060.7,110,1,4060.8,75,3
11483,2026-07-02 15:11:04+05:30,4060.0,5,4038.11,2281019,163541.0,151146.0,4100.0,4110.0,4012.0,4092.6,25748100,4501.8,3683.4,4440.0,3288.1,4059.4,64,11,4059.3,49,2,4059.2,48,4,4059.1,41,2,4059.0,43,3,4060.0,76,4,4060.3,11,1,4060.6,8,1,4060.7,110,1,4060.8,75,3
11483,2026-07-02 15:11:05+05:30,4060.0,1,4038.12,2281318,163757.0,150880.0,4100.0,4110.0,4012.0,4092.6,25748100,4501.8,3683.4,4440.0,3288.1,4059.5,15,1,4059.4,39,7,4059.3,15,1,4059.2,48,4,4059.1,41,2,4060.0,139,6,4060.3,11,1,4060.7,147,2,4060.8,75,3,4060.9,3,1
11483,2026-07-02 15:11:05+05:30,4060.0,1,4038.12,2281318,163757.0,150880.0,4100.0,4110.0,4012.0,4092.6,25748100,4501.8,3683.4,4440.0,3288.1,4059.5,15,1,4059.4,39,7,4059.3,15,1,4059.2,48,4,4059.1,41,2,4060.0,139,6,4060.3,11,1,4060.7,147,2,4060.8,75,3,4060.9,3,1
11483,2026-07-02 15:11:06+05:30,4060.0,1,4038.12,2281319,164147.0,150859.0,4100.0,4110.0,4012.0,4092.6,25748100,4501.8,3683.4,4440.0,3288.1,4059.9,2,1,4059.4,16,5,4059.2,2,1,4059.1,41,2,4059.0,31,2,4060.0,138,6,4060.3,11,1,4060.4,6,1,4060.5,24,1,4060.7,110,1
11483,2026-07-02 15:11:06+05:30,4060.0,1,4038.12,2281319,164147.0,150859.0,4100.0,4110.0,4012.0,4092.6,25748100,4501.8,3683.4,4440.0,3288.1,4059.9,2,1,4059.4,16,5,4059.2,2,1,4059.1,41,2,4059.0,31,2,4060.0,138,6,4060.3,11,1,4060.4,6,1,4060.5,24,1,4060.7,110,1
11483,2026-07-02 15:11:07+05:30,4060.0,1,4038.12,2281336,163895.0,151361.0,4100.0,4110.0,4012.0,4092.6,25748100,4501.8,3683.4,4440.0,3288.1,4059.7,6,1,4059.5,12,5,4059.1,3,1,4059.0,31,2,4058.9,45,2,4060.0,467,10,4060.2,6,1,4060.3,33,2,4060.5,24,1,4060.7,110,1
11483,2026-07-02 15:11:07+05:30,4060.0,1,4038.12,2281336,163895.0,151361.0,4100.0,4110.0,4012.0,4092.6,25748100,4501.8,3683.4,4440.0,3288.1,4059.7,6,1,4059.5,12,5,4059.1,3,1,4059.0,31,2,4058.9,45,2,4060.0,467,10,4060.2,6,1,4060.3,33,2,4060.5,24,1,4060.7,110,1
11483,2026-07-02 15:11:08+05:30,4059.7,1,4038.12,2281429,164221.0,151350.0,4100.0,4110.0,4012.0,4092.6,25748100,4501.8,3683.4,4440.0,3288.1,4059.7,5,1,4059.5,12,5,4059.1,3,1,4059.0,31,2,4058.9,45,2,4059.9,12,1,4060.0,469,11,4060.2,6,1,4060.3,22,1,4060.4,60,2
11483,2026-07-02 15:11:08+05:30,4059.7,1,4038.12,2281429,164221.0,151350.0,4100.0,4110.0,4012.0,4092.6,25748100,4501.8,3683.4,4440.0,3288.1,4059.7,5,1,4059.5,12,5,4059.1,3,1,4059.0,31,2,4058.9,45,2,4059.9,12,1,4060.0,469,11,4060.2,6,1,4060.3,22,1,4060.4,60,2
11483,2026-07-02 15:11:09+05:30,4059.9,1,4038.12,2281451,164236.0,151323.0,4100.0,4110.0,4012.0,4092.6,25748100,4501.8,3683.4,4440.0,3288.1,4059.7,18,7,4059.5,1,1,4059.2,12,1,4059.1,3,1,4059.0,31,2,4059.9,10,1,4060.0,469,11,4060.2,6,1,4060.3,35,2,4060.7,110,1
11483,2026-07-02 15:11:09+05:30,4059.7,4,4038.12,2281451,164236.0,151323.0,4100.0,4110.0,4012.0,4092.6,25748100,4501.8,3683.4,4440.0,3288.1,4059.7,18,7,4059.5,1,1,4059.2,12,1,4059.1,3,1,4059.0,31,2,4059.9,10,1,4060.0,469,11,4060.2,6,1,4060.3,35,2,4060.7,110,1
11483,2026-07-02 15:11:10+05:30,4059.9,1,4038.12,2281480,164263.0,151382.0,4100.0,4110.0,4012.0,4092.6,25748100,4501.8,3683.4,4440.0,3288.1,4059.7,9,4,4059.6,10,4,4059.5,1,1,4059.2,12,1,4059.1,13,2,4059.9,18,3,4060.0,462,8,4060.2,6,1,4060.3,35,2,4060.4,24,1
11483,2026-07-02 15:11:10+05:30,4059.9,1,4038.12,2281480,164263.0,151382.0,4100.0,4110.0,4012.0,4092.6,25748100,4501.8,3683.4,4440.0,3288.1,4059.7,9,4,4059.6,10,4,4059.5,1,1,4059.2,12,1,4059.1,13,2,4059.9,18,3,4060.0,462,8,4060.2,6,1,4060.3,35,2,4060.4,24,1
11483,2026-07-02 15:11:11+05:30,4060.0,1,4038.12,2281732,164184.0,151359.0,4100.0,4110.0,4012.0,4092.6,25748100,4501.8,3683.4,4440.0,3288.1,4059.7,17,8,4059.5,1,1,4059.2,12,1,4059.1,3,1,4059.0,43,3,4060.0,279,1,4060.1,24,1,4060.3,13,1,4060.4,24,1,4060.5,24,1
11483,2026-07-02 15:11:11+05:30,4060.0,1,4038.12,2281732,164184.0,151359.0,4100.0,4110.0,4012.0,4092.6,25748100,4501.8,3683.4,4440.0,3288.1,4059.7,17,8,4059.5,1,1,4059.2,12,1,4059.1,3,1,4059.0,43,3,4060.0,279,1,4060.1,24,1,4060.3,13,1,4060.4,24,1,4060.5,24,1
11483,2026-07-02 15:11:12+05:30,4059.9,12,4038.12,2281746,164159.0,151626.0,4100.0,4110.0,4012.0,4092.6,25748100,4501.8,3683.4,4440.0,3288.1,4059.7,14,9,4059.5,1,1,4059.2,12,1,4059.1,3,1,4059.0,31,2,4059.9,37,1,4060.0,280,2,4060.1,24,1,4060.3,13,1,4060.4,24,1
11483,2026-07-02 15:11:12+05:30,4059.9,12,4038.12,2281746,164159.0,151626.0,4100.0,4110.0,4012.0,4092.6,25748100,4501.8,3683.4,4440.0,3288.1,4059.7,14,9,4059.5,1,1,4059.2,12,1,4059.1,3,1,4059.0,31,2,4059.9,37,1,4060.0,280,2,4060.1,24,1,4060.3,13,1,4060.4,24,1
11483,2026-07-02 15:11:13+05:30,4059.7,4,4038.12,2281867,164342.0,151457.0,4100.0,4110.0,4012.0,4092.6,25748100,4501.8,3683.4,4440.0,3288.1,4059.7,19,5,4059.5,16,2,4059.2,12,1,4059.1,3,1,4059.0,51,4,4060.0,233,1,4060.2,24,1,4060.3,13,1,4060.4,24,1,4060.5,24,1
11483,2026-07-02 15:11:13+05:30,4059.7,4,4038.12,2281867,164342.0,151457.0,4100.0,4110.0,4012.0,4092.6,25748100,4501.8,3683.4,4440.0,3288.1,4059.7,19,5,4059.5,16,2,4059.2,12,1,4059.1,3,1,4059.0,51,4,4060.0,233,1,4060.2,24,1,4060.3,13,1,4060.4,24,1,4060.5,24,1
11483,2026-07-02 15:11:14+05:30,4060.0,2,4038.12,2281871,164365.0,151566.0,4100.0,4110.0,4012.0,4092.6,25748100,4501.8,3683.4,4440.0,3288.1,4059.7,18,5,4059.6,4,1,4059.5,16,2,4059.2,28,2,4059.1,3,1,4060.0,230,1,4060.2,24,1,4060.3,13,1,4060.4,24,1,4060.5,24,1
11483,2026-07-02 15:11:14+05:30,4060.0,2,4038.12,2281871,164365.0,151566.0,4100.0,4110.0,4012.0,4092.6,25748100,4501.8,3683.4,4440.0,3288.1,4059.7,18,5,4059.6,4,1,4059.5,16,2,4059.2,28,2,4059.1,3,1,4060.0,230,1,4060.2,24,1,4060.3,13,1,4060.4,24,1,4060.5,24,1
11483,2026-07-02 15:11:15+05:30,4060.0,1,4038.12,2281871,164365.0,151566.0,4100.0,4110.0,4012.0,4092.6,25748100,4501.8,3683.4,4440.0,3288.1,4059.7,18,5,4059.6,4,1,4059.5,16,2,4059.2,28,2,4059.1,3,1,4060.0,230,1,4060.2,24,1,4060.3,13,1,4060.4,24,1,4060.5,24,1
11483,2026-07-02 15:11:15+05:30,4060.0,1,4038.12,2282080,164417.0,151443.0,4100.0,4110.0,4012.0,4092.6,25748100,4501.8,3683.4,4440.0,3288.1,4059.7,18,5,4059.6,4,1,4059.5,16,2,4059.2,28,2,4059.1,3,1,4060.0,110,4,4060.2,24,1,4060.3,13,1,4060.5,24,1,4060.7,110,1
11483,2026-07-02 15:11:16+05:30,4060.0,4,4038.12,2282080,164417.0,151443.0,4100.0,4110.0,4012.0,4092.6,25748100,4501.8,3683.4,4440.0,3288.1,4059.7,18,5,4059.6,4,1,4059.5,16,2,4059.2,28,2,4059.1,3,1,4060.0,110,4,4060.2,24,1,4060.3,13,1,4060.5,24,1,4060.7,110,1
11483,2026-07-02 15:11:16+05:30,4060.0,4,4038.12,2282090,164505.0,151460.0,4100.0,4110.0,4012.0,4092.6,25748100,4501.8,3683.4,4440.0,3288.1,4059.7,22,7,4059.6,4,1,4059.5,93,3,4059.2,28,2,4059.1,3,1,4060.0,126,6,4060.3,13,1,4060.5,24,1,4060.6,2,1,4060.7,142,2
11483,2026-07-02 15:11:17+05:30,4059.9,1,4038.12,2282090,164505.0,151460.0,4100.0,4110.0,4012.0,4092.6,25748100,4501.8,3683.4,4440.0,3288.1,4059.7,22,7,4059.6,4,1,4059.5,93,3,4059.2,28,2,4059.1,3,1,4060.0,126,6,4060.3,13,1,4060.5,24,1,4060.6,2,1,4060.7,142,2
11483,2026-07-02 15:11:17+05:30,4059.9,10,4038.12,2282128,164493.0,151482.0,4100.0,4110.0,4012.0,4092.6,25748100,4501.8,3683.4,4440.0,3288.1,4059.8,32,7,4059.7,11,4,4059.5,78,2,4059.3,7,1,4059.2,28,2,4059.9,2,2,4060.0,106,6,4060.7,112,2,4060.8,69,2,4060.9,3,1
11483,2026-07-02 15:11:18+05:30,4059.9,1,4038.12,2282128,164493.0,151482.0,4100.0,4110.0,4012.0,4092.6,25748100,4501.8,3683.4,4440.0,3288.1,4059.8,32,7,4059.7,11,4,4059.5,78,2,4059.3,7,1,4059.2,28,2,4059.9,2,2,4060.0,106,6,4060.7,112,2,4060.8,69,2,4060.9,3,1
11483,2026-07-02 15:11:18+05:30,4059.8,1,4038.12,2282130,164538.0,151587.0,4100.0,4110.0,4012.0,4092.6,25748100,4501.8,3683.4,4440.0,3288.1,4059.8,24,4,4059.7,18,7,4059.5,90,3,4059.2,16,1,4059.1,3,1,4059.9,71,5,4060.0,130,6,4060.3,13,1,4060.5,24,1,4060.7,132,3
11483,2026-07-02 15:11:19+05:30,4059.8,1,4038.12,2282130,164538.0,151587.0,4100.0,4110.0,4012.0,4092.6,25748100,4501.8,3683.4,4440.0,3288.1,4059.8,24,4,4059.7,18,7,4059.5,90,3,4059.2,16,1,4059.1,3,1,4059.9,71,5,4060.0,130,6,4060.3,13,1,4060.5,24,1,4060.7,132,3
11483,2026-07-02 15:11:19+05:30,4059.9,6,4038.12,2282141,164561.0,151550.0,4100.0,4110.0,4012.0,4092.6,25748100,4501.8,3683.4,4440.0,3288.1,4059.8,13,4,4059.7,18,7,4059.5,90,3,4059.4,1,1,4059.3,32,1,4059.9,73,6,4060.0,106,5,4060.5,24,1,4060.7,130,2,4060.8,95,4
11483,2026-07-02 15:11:20+05:30,4059.9,10,4038.12,2282141,164561.0,151550.0,4100.0,4110.0,4012.0,4092.6,25748100,4501.8,3683.4,4440.0,3288.1,4059.8,13,4,4059.7,18,7,4059.5,90,3,4059.4,1,1,4059.3,32,1,4059.9,73,6,4060.0,106,5,4060.5,24,1,4060.7,130,2,4060.8,95,4
11483,2026-07-02 15:11:20+05:30,4059.8,1,4038.12,2282158,163950.0,151650.0,4100.0,4110.0,4012.0,4092.6,25748100,4501.8,3683.4,4440.0,3288.1,4059.8,20,8,4059.7,7,2,4059.6,4,1,4059.5,90,3,4059.4,7,2,4059.9,74,7,4060.0,111,6,4060.7,134,2,4060.8,35,1,4060.9,3,1
11483,2026-07-02 15:11:21+05:30,4059.8,1,4038.12,2282158,163950.0,151650.0,4100.0,4110.0,4012.0,4092.6,25748100,4501.8,3683.4,4440.0,3288.1,4059.8,20,8,4059.7,7,2,4059.6,4,1,4059.5,90,3,4059.4,7,2,4059.9,74,7,4060.0,111,6,4060.7,134,2,4060.8,35,1,4060.9,3,1
11483,2026-07-02 15:11:22+05:30,4059.9,1,4038.13,2282205,163946.0,151490.0,4100.0,4110.0,4012.0,4092.6,25748100,4501.8,3683.4,4440.0,3288.1,4059.8,20,4,4059.7,18,7,4059.6,18,1,4059.5,95,4,4059.4,1,1,4059.9,28,5,4060.0,111,6,4060.3,12,1,4060.7,110,1,4060.8,35,1
11483,2026-07-02 15:11:22+05:30,4059.9,1,4038.13,2282205,163946.0,151490.0,4100.0,4110.0,4012.0,4092.6,25748100,4501.8,3683.4,4440.0,3288.1,4059.8,20,4,4059.7,18,7,4059.6,18,1,4059.5,95,4,4059.4,1,1,4059.9,28,5,4060.0,111,6,4060.3,12,1,4060.7,110,1,4060.8,35,1
11483,2026-07-02 15:11:23+05:30,4059.9,6,4038.13,2282216,164006.0,151683.0,4100.0,4110.0,4012.0,4092.6,25748100,4501.8,3683.4,4440.0,3288.1,4059.8,31,6,4059.7,20,8,4059.5,181,5,4059.4,1,1,4059.2,25,2,4059.9,19,4,4060.0,311,7,4060.3,12,1,4060.7,110,1,4060.8,44,3
11483,2026-07-02 15:11:23+05:30,4059.9,6,4038.13,2282216,164006.0,151683.0,4100.0,4110.0,4012.0,4092.6,25748100,4501.8,3683.4,4440.0,3288.1,4059.8,31,6,4059.7,20,8,4059.5,181,5,4059.4,1,1,4059.2,25,2,4059.9,19,4,4060.0,311,7,4060.3,12,1,4060.7,110,1,4060.8,44,3
11483,2026-07-02 15:11:23+05:30,4060.0,200,4038.13,2282702,164090.0,150340.0,4100.0,4110.0,4012.0,4092.6,25748100,4501.8,3683.4,4440.0,3288.1,4060.5,15,1,4060.4,49,2,4059.8,17,6,4059.7,14,7,4059.6,36,1,4060.8,3,1,4060.9,3,1,4061.0,70,2,4061.2,18,1,4061.4,23,3
11483,2026-07-02 15:11:24+05:30,4060.0,1,4038.13,2282702,164090.0,150340.0,4100.0,4110.0,4012.0,4092.6,25748100,4501.8,3683.4,4440.0,3288.1,4060.5,15,1,4060.4,49,2,4059.8,17,6,4059.7,14,7,4059.6,36,1,4060.8,3,1,4060.9,3,1,4061.0,70,2,4061.2,18,1,4061.4,23,3
11483,2026-07-02 15:11:24+05:30,4061.0,4,4038.13,2282798,164143.0,150584.0,4100.0,4110.0,4012.0,4092.6,25748100,4501.8,3683.4,4440.0,3288.1,4060.0,48,2,4059.9,28,3,4059.8,45,12,4059.7,1,1,4059.6,47,2,4060.8,3,1,4061.0,92,4,4061.2,54,2,4061.4,82,5,4061.5,100,2
11483,2026-07-02 15:11:25+05:30,4060.0,1,4038.13,2282798,164143.0,150584.0,4100.0,4110.0,4012.0,4092.6,25748100,4501.8,3683.4,4440.0,3288.1,4060.0,48,2,4059.9,28,3,4059.8,45,12,4059.7,1,1,4059.6,47,2,4060.8,3,1,4061.0,92,4,4061.2,54,2,4061.4,82,5,4061.5,100,2
11483,2026-07-02 15:11:25+05:30,4060.0,1,4038.13,2282875,164240.0,151082.0,4100.0,4110.0,4012.0,4092.6,25748100,4501.8,3683.4,4440.0,3288.1,4059.9,16,2,4059.8,40,9,4059.7,5,2,4059.6,36,1,4059.5,196,6,4060.0,13,1,4060.8,52,4,4061.0,68,3,4061.1,122,4,4061.2,18,1
11483,2026-07-02 15:11:26+05:30,4060.0,1,4038.13,2282875,164240.0,151082.0,4100.0,4110.0,4012.0,4092.6,25748100,4501.8,3683.4,4440.0,3288.1,4059.9,16,2,4059.8,40,9,4059.7,5,2,4059.6,36,1,4059.5,196,6,4060.0,13,1,4060.8,52,4,4061.0,68,3,4061.1,122,4,4061.2,18,1
11483,2026-07-02 15:11:26+05:30,4059.5,2,4038.14,2283276,163810.0,151455.0,4100.0,4110.0,4012.0,4092.6,25748100,4501.8,3683.4,4440.0,3288.1,4059.8,15,1,4059.5,66,4,4059.4,8,2,4059.2,9,1,4059.1,7,2,4060.0,349,4,4060.7,6,1,4060.8,75,4,4060.9,26,2,4061.0,68,3
11483,2026-07-02 15:11:27+05:30,4059.5,2,4038.14,2283276,163810.0,151455.0,4100.0,4110.0,4012.0,4092.6,25748100,4501.8,3683.4,4440.0,3288.1,4059.8,15,1,4059.5,66,4,4059.4,8,2,4059.2,9,1,4059.1,7,2,4060.0,349,4,4060.7,6,1,4060.8,75,4,4060.9,26,2,4061.0,68,3
11483,2026-07-02 15:11:27+05:30,4059.9,1,4038.14,2283277,164004.0,151524.0,4100.0,4110.0,4012.0,4092.6,25748100,4501.8,3683.4,4440.0,3288.1,4059.9,16,2,4059.8,2,1,4059.5,51,3,4059.4,8,2,4059.2,9,1,4060.0,394,6,4060.7,6,1,4060.8,73,3,4060.9,26,2,4061.0,68,3
11483,2026-07-02 15:11:28+05:30,4059.9,1,4038.14,2283277,164004.0,151524.0,4100.0,4110.0,4012.0,4092.6,25748100,4501.8,3683.4,4440.0,3288.1,4059.9,16,2,4059.8,2,1,4059.5,51,3,4059.4,8,2,4059.2,9,1,4060.0,394,6,4060.7,6,1,4060.8,73,3,4060.9,26,2,4061.0,68,3
11483,2026-07-02 15:11:28+05:30,4059.9,4,4038.14,2283299,163908.0,151503.0,4100.0,4110.0,4012.0,4092.6,25748100,4501.8,3683.4,4440.0,3288.1,4059.9,7,2,4059.8,2,1,4059.5,24,2,4059.4,8,2,4059.2,9,1,4060.0,415,9,4060.5,49,3,4060.6,24,1,4060.7,12,1,4060.8,50,2
11483,2026-07-02 15:11:29+05:30,4059.9,1,4038.14,2283299,163908.0,151503.0,4100.0,4110.0,4012.0,4092.6,25748100,4501.8,3683.4,4440.0,3288.1,4059.9,7,2,4059.8,2,1,4059.5,24,2,4059.4,8,2,4059.2,9,1,4060.0,415,9,4060.5,49,3,4060.6,24,1,4060.7,12,1,4060.8,50,2
11483,2026-07-02 15:11:30+05:30,4059.9,2,4038.14,2283322,163706.0,151542.0,4100.0,4110.0,4012.0,4092.6,25748100,4501.8,3683.4,4440.0,3288.1,4059.9,16,3,4059.8,1,1,4059.5,24,2,4059.4,1,1,4059.2,9,1,4060.0,411,9,4060.4,6,1,4060.5,28,1,4060.7,12,1,4060.8,74,3
11483,2026-07-02 15:11:30+05:30,4059.9,1,4038.14,2283322,163706.0,151542.0,4100.0,4110.0,4012.0,4092.6,25748100,4501.8,3683.4,4440.0,3288.1,4059.9,16,3,4059.8,1,1,4059.5,24,2,4059.4,1,1,4059.2,9,1,4060.0,411,9,4060.4,6,1,4060.5,28,1,4060.7,12,1,4060.8,74,3
11483,2026-07-02 15:11:31+05:30,4060.0,2,4038.14,2283322,163706.0,151542.0,4100.0,4110.0,4012.0,4092.6,25748100,4501.8,3683.4,4440.0,3288.1,4059.9,16,3,4059.8,1,1,4059.5,24,2,4059.4,1,1,4059.2,9,1,4060.0,411,9,4060.4,6,1,4060.5,28,1,4060.7,12,1,4060.8,74,3
11483,2026-07-02 15:11:31+05:30,4060.0,2,4038.14,2283378,163877.0,151483.0,4100.0,4110.0,4012.0,4092.6,25748100,4501.8,3683.4,4440.0,3288.1,4059.9,16,4,4059.8,1,1,4059.6,5,1,4059.5,24,2,4059.4,8,2,4060.0,356,8,4060.3,12,1,4060.4,6,1,4060.5,28,1,4060.8,50,2
11483,2026-07-02 15:11:32+05:30,4060.0,175,4038.14,2283378,163877.0,151483.0,4100.0,4110.0,4012.0,4092.6,25748100,4501.8,3683.4,4440.0,3288.1,4059.9,16,4,4059.8,1,1,4059.6,5,1,4059.5,24,2,4059.4,8,2,4060.0,356,8,4060.3,12,1,4060.4,6,1,4060.5,28,1,4060.8,50,2
11483,2026-07-02 15:11:32+05:30,4060.0,33,4038.14,2283627,163873.0,151383.0,4100.0,4110.0,4012.0,4092.6,25748100,4501.8,3683.4,4440.0,3288.1,4059.9,39,6,4059.8,13,3,4059.6,5,1,4059.5,36,3,4059.4,8,2,4060.0,136,11,4060.3,12,1,4060.8,74,3,4060.9,2,1,4061.0,59,3
11483,2026-07-02 15:11:33+05:30,4059.9,1,4038.14,2283627,163873.0,151383.0,4100.0,4110.0,4012.0,4092.6,25748100,4501.8,3683.4,4440.0,3288.1,4059.9,39,6,4059.8,13,3,4059.6,5,1,4059.5,36,3,4059.4,8,2,4060.0,136,11,4060.3,12,1,4060.8,74,3,4060.9,2,1,4061.0,59,3
11483,2026-07-02 15:11:33+05:30,4059.9,1,4038.14,2283755,163844.0,151536.0,4100.0,4110.0,4012.0,4092.6,25748100,4501.8,3683.4,4440.0,3288.1,4059.9,26,4,4059.8,13,3,4059.6,5,1,4059.5,24,2,4059.4,8,2,4060.0,190,13,4060.3,12,1,4060.7,6,1,4060.8,74,3,4060.9,2,1
11483,2026-07-02 15:11:34+05:30,4059.9,1,4038.14,2283755,163844.0,151536.0,4100.0,4110.0,4012.0,4092.6,25748100,4501.8,3683.4,4440.0,3288.1,4059.9,26,4,4059.8,13,3,4059.6,5,1,4059.5,24,2,4059.4,8,2,4060.0,190,13,4060.3,12,1,4060.7,6,1,4060.8,74,3,4060.9,2,1
11483,2026-07-02 15:11:34+05:30,4059.9,94,4038.14,2284183,164084.0,150687.0,4100.0,4110.0,4012.0,4092.6,25748100,4501.8,3683.4,4440.0,3288.1,4060.1,15,1,4060.0,15,1,4059.9,181,6,4059.7,4,1,4059.5,26,3,4060.8,4,1,4061.0,59,3,4061.2,20,2,4061.3,31,1,4061.4,64,5
11483,2026-07-02 15:11:35+05:30,4059.9,94,4038.14,2284183,164084.0,150687.0,4100.0,4110.0,4012.0,4092.6,25748100,4501.8,3683.4,4440.0,3288.1,4060.1,15,1,4060.0,15,1,4059.9,181,6,4059.7,4,1,4059.5,26,3,4060.8,4,1,4061.0,59,3,4061.2,20,2,4061.3,31,1,4061.4,64,5
11483,2026-07-02 15:11:35+05:30,4060.8,3,4038.14,2284188,164041.0,150832.0,4100.0,4110.0,4012.0,4092.6,25748100,4501.8,3683.4,4440.0,3288.1,4060.1,14,1,4060.0,15,1,4059.9,179,5,4059.8,7,1,4059.7,4,1,4061.0,59,3,4061.2,20,2,4061.3,31,1,4061.4,58,4,4061.5,143,2
11483,2026-07-02 15:11:36+05:30,4060.0,1,4038.14,2284188,164041.0,150832.0,4100.0,4110.0,4012.0,4092.6,25748100,4501.8,3683.4,4440.0,3288.1,4060.1,14,1,4060.0,15,1,4059.9,179,5,4059.8,7,1,4059.7,4,1,4061.0,59,3,4061.2,20,2,4061.3,31,1,4061.4,58,4,4061.5,143,2
11483,2026-07-02 15:11:36+05:30,4060.0,4,4038.14,2284233,163747.0,151552.0,4100.0,4110.0,4012.0,4092.6,25748100,4501.8,3683.4,4440.0,3288.1,4059.9,147,2,4059.8,2,1,4059.6,5,1,4059.4,1,1,4059.2,10,1,4060.0,19,1,4061.0,120,8,4061.1,28,2,4061.2,79,5,4061.3,31,1
11483,2026-07-02 15:11:37+05:30,4060.0,15,4038.14,2284233,163747.0,151552.0,4100.0,4110.0,4012.0,4092.6,25748100,4501.8,3683.4,4440.0,3288.1,4059.9,147,2,4059.8,2,1,4059.6,5,1,4059.4,1,1,4059.2,10,1,4060.0,19,1,4061.0,120,8,4061.1,28,2,4061.2,79,5,4061.3,31,1
11483,2026-07-02 15:11:37+05:30,4060.0,15,4038.15,2284329,163956.0,151901.0,4100.0,4110.0,4012.0,4092.6,25748100,4501.8,3683.4,4440.0,3288.1,4059.9,186,5,4059.7,4,1,4059.6,5,1,4059.4,8,2,4059.2,10,1,4060.0,310,4,4060.9,58,2,4061.0,61,4,4061.1,24,1,4061.2,248,6
11483,2026-07-02 15:11:38+05:30,4060.0,37,4038.15,2284329,163956.0,151901.0,4100.0,4110.0,4012.0,4092.6,25748100,4501.8,3683.4,4440.0,3288.1,4059.9,186,5,4059.7,4,1,4059.6,5,1,4059.4,8,2,4059.2,10,1,4060.0,310,4,4060.9,58,2,4061.0,61,4,4061.1,24,1,4061.2,248,6
11483,2026-07-02 15:11:38+05:30,4060.0,4,4038.15,2284402,163751.0,152170.0,4100.0,4110.0,4012.0,4092.6,25748100,4501.8,3683.4,4440.0,3288.1,4059.9,209,8,4059.7,54,2,4059.6,1,1,4059.5,7,1,4059.4,8,2,4060.0,242,2,4060.9,158,3,4061.0,61,4,4061.1,24,1,4061.2,248,6
11483,2026-07-02 15:11:39+05:30,4059.9,1,4038.15,2284402,163751.0,152170.0,4100.0,4110.0,4012.0,4092.6,25748100,4501.8,3683.4,4440.0,3288.1,4059.9,209,8,4059.7,54,2,4059.6,1,1,4059.5,7,1,4059.4,8,2,4060.0,242,2,4060.9,158,3,4061.0,61,4,4061.1,24,1,4061.2,248,6
11483,2026-07-02 15:11:39+05:30,4060.0,2,4038.15,2284445,163769.0,152132.0,4100.0,4110.0,4012.0,4092.6,25748100,4501.8,3683.4,4440.0,3288.1,4059.9,224,11,4059.7,54,2,4059.6,1,1,4059.5,7,1,4059.4,26,3,4060.0,200,2,4060.9,152,2,4061.0,72,5,4061.2,248,6,4061.3,31,1
11483,2026-07-02 15:11:40+05:30,4059.9,1,4038.15,2284445,163769.0,152132.0,4100.0,4110.0,4012.0,4092.6,25748100,4501.8,3683.4,4440.0,3288.1,4059.9,224,11,4059.7,54,2,4059.6,1,1,4059.5,7,1,4059.4,26,3,4060.0,200,2,4060.9,152,2,4061.0,72,5,4061.2,248,6,4061.3,31,1
11483,2026-07-02 15:11:40+05:30,4059.9,20,4038.15,2284467,163824.0,152235.0,4100.0,4110.0,4012.0,4092.6,25748100,4501.8,3683.4,4440.0,3288.1,4059.9,177,11,4059.7,54,2,4059.6,20,2,4059.5,12,1,4059.4,8,2,4060.0,244,4,4060.9,152,2,4061.0,72,5,4061.1,6,1,4061.2,248,6
11483,2026-07-02 15:11:41+05:30,4060.0,2,4038.15,2284467,163824.0,152235.0,4100.0,4110.0,4012.0,4092.6,25748100,4501.8,3683.4,4440.0,3288.1,4059.9,177,11,4059.7,54,2,4059.6,20,2,4059.5,12,1,4059.4,8,2,4060.0,244,4,4060.9,152,2,4061.0,72,5,4061.1,6,1,4061.2,248,6
11483,2026-07-02 15:11:41+05:30,4060.5,1,4038.15,2284755,164064.0,150898.0,4100.0,4110.0,4012.0,4092.6,25748100,4501.8,3683.4,4440.0,3288.1,4059.9,193,12,4059.8,9,1,4059.7,50,1,4059.6,30,2,4059.5,12,1,4060.5,14,1,4060.9,98,1,4061.0,72,5,4061.2,52,2,4061.4,44,4
11483,2026-07-02 15:11:41+05:30,4060.5,1,4038.15,2284755,164064.0,150898.0,4100.0,4110.0,4012.0,4092.6,25748100,4501.8,3683.4,4440.0,3288.1,4059.9,193,12,4059.8,9,1,4059.7,50,1,4059.6,30,2,4059.5,12,1,4060.5,14,1,4060.9,98,1,4061.0,72,5,4061.2,52,2,4061.4,44,4
11483,2026-07-02 15:11:42+05:30,4060.9,21,4038.15,2284755,164064.0,150898.0,4100.0,4110.0,4012.0,4092.6,25748100,4501.8,3683.4,4440.0,3288.1,4059.9,193,12,4059.8,9,1,4059.7,50,1,4059.6,30,2,4059.5,12,1,4060.5,14,1,4060.9,98,1,4061.0,72,5,4061.2,52,2,4061.4,44,4
11483,2026-07-02 15:11:42+05:30,4060.9,21,4038.15,2284755,164064.0,150898.0,4100.0,4110.0,4012.0,4092.6,25748100,4501.8,3683.4,4440.0,3288.1,4059.9,193,12,4059.8,9,1,4059.7,50,1,4059.6,30,2,4059.5,12,1,4060.5,14,1,4060.9,98,1,4061.0,72,5,4061.2,52,2,4061.4,44,4
11483,2026-07-02 15:11:42+05:30,4060.5,1,4038.15,2284838,164441.0,150813.0,4100.0,4110.0,4012.0,4092.6,25748100,4501.8,3683.4,4440.0,3288.1,4060.1,15,1,4060.0,28,4,4059.9,187,11,4059.7,60,2,4059.6,19,1,4060.5,1,1,4060.9,77,1,4061.0,72,5,4061.2,20,2,4061.4,1,1
11483,2026-07-02 15:11:42+05:30,4060.5,1,4038.15,2284838,164441.0,150813.0,4100.0,4110.0,4012.0,4092.6,25748100,4501.8,3683.4,4440.0,3288.1,4060.1,15,1,4060.0,28,4,4059.9,187,11,4059.7,60,2,4059.6,19,1,4060.5,1,1,4060.9,77,1,4061.0,72,5,4061.2,20,2,4061.4,1,1
11483,2026-07-02 15:11:43+05:30,4060.5,1,4038.15,2284838,164441.0,150813.0,4100.0,4110.0,4012.0,4092.6,25748100,4501.8,3683.4,4440.0,3288.1,4060.1,15,1,4060.0,28,4,4059.9,187,11,4059.7,60,2,4059.6,19,1,4060.5,1,1,4060.9,77,1,4061.0,72,5,4061.2,20,2,4061.4,1,1
11483,2026-07-02 15:11:43+05:30,4060.5,1,4038.15,2284838,164441.0,150813.0,4100.0,4110.0,4012.0,4092.6,25748100,4501.8,3683.4,4440.0,3288.1,4060.1,15,1,4060.0,28,4,4059.9,187,11,4059.7,60,2,4059.6,19,1,4060.5,1,1,4060.9,77,1,4061.0,72,5,4061.2,20,2,4061.4,1,1
11483,2026-07-02 15:11:43+05:30,4060.5,1,4038.15,2284873,164414.0,151636.0,4100.0,4110.0,4012.0,4092.6,25748100,4501.8,3683.4,4440.0,3288.1,4060.1,21,3,4060.0,108,5,4059.9,187,11,4059.8,43,2,4059.7,50,1,4060.5,312,2,4060.9,77,1,4061.0,72,5,4061.1,24,1,4061.2,58,2
11483,2026-07-02 15:11:43+05:30,4060.5,1,4038.15,2284873,164414.0,151636.0,4100.0,4110.0,4012.0,4092.6,25748100,4501.8,3683.4,4440.0,3288.1,4060.1,21,3,4060.0,108,5,4059.9,187,11,4059.8,43,2,4059.7,50,1,4060.5,312,2,4060.9,77,1,4061.0,72,5,4061.1,24,1,4061.2,58,2
11483,2026-07-02 15:11:44+05:30,4060.1,13,4038.15,2284873,164414.0,151636.0,4100.0,4110.0,4012.0,4092.6,25748100,4501.8,3683.4,4440.0,3288.1,4060.1,21,3,4060.0,108,5,4059.9,187,11,4059.8,43,2,4059.7,50,1,4060.5,312,2,4060.9,77,1,4061.0,72,5,4061.1,24,1,4061.2,58,2
11483,2026-07-02 15:11:44+05:30,4060.1,13,4038.15,2284873,164414.0,151636.0,4100.0,4110.0,4012.0,4092.6,25748100,4501.8,3683.4,4440.0,3288.1,4060.1,21,3,4060.0,108,5,4059.9,187,11,4059.8,43,2,4059.7,50,1,4060.5,312,2,4060.9,77,1,4061.0,72,5,4061.1,24,1,4061.2,58,2
11483,2026-07-02 15:11:44+05:30,4060.5,1,4038.15,2284903,163707.0,151820.0,4100.0,4110.0,4012.0,4092.6,25748100,4501.8,3683.4,4440.0,3288.1,4060.1,5,2,4060.0,108,5,4059.9,180,8,4059.7,50,1,4059.6,19,1,4060.5,313,3,4060.9,77,1,4061.0,174,7,4061.1,6,1,4061.2,58,2
11483,2026-07-02 15:11:45+05:30,4060.5,1,4038.15,2284903,163707.0,151820.0,4100.0,4110.0,4012.0,4092.6,25748100,4501.8,3683.4,4440.0,3288.1,4060.1,5,2,4060.0,108,5,4059.9,180,8,4059.7,50,1,4059.6,19,1,4060.5,313,3,4060.9,77,1,4061.0,174,7,4061.1,6,1,4061.2,58,2
11483,2026-07-02 15:11:45+05:30,4060.5,1,4038.15,2284903,163707.0,151820.0,4100.0,4110.0,4012.0,4092.6,25748100,4501.8,3683.4,4440.0,3288.1,4060.1,5,2,4060.0,108,5,4059.9,180,8,4059.7,50,1,4059.6,19,1,4060.5,313,3,4060.9,77,1,4061.0,174,7,4061.1,6,1,4061.2,58,2
11483,2026-07-02 15:11:45+05:30,4060.5,1,4038.15,2284908,163547.0,151781.0,4100.0,4110.0,4012.0,4092.6,25748100,4501.8,3683.4,4440.0,3288.1,4060.3,15,1,4060.2,35,3,4060.1,6,3,4060.0,108,5,4059.9,153,6,4060.5,311,4,4060.7,12,1,4060.9,77,1,4061.0,162,6,4061.1,6,1
11483,2026-07-02 15:11:45+05:30,4060.5,1,4038.15,2284908,163547.0,151781.0,4100.0,4110.0,4012.0,4092.6,25748100,4501.8,3683.4,4440.0,3288.1,4060.3,15,1,4060.2,35,3,4060.1,6,3,4060.0,108,5,4059.9,153,6,4060.5,311,4,4060.7,12,1,4060.9,77,1,4061.0,162,6,4061.1,6,1
11483,2026-07-02 15:11:46+05:30,4060.2,1,4038.15,2284908,163547.0,151781.0,4100.0,4110.0,4012.0,4092.6,25748100,4501.8,3683.4,4440.0,3288.1,4060.3,15,1,4060.2,35,3,4060.1,6,3,4060.0,108,5,4059.9,153,6,4060.5,311,4,4060.7,12,1,4060.9,77,1,4061.0,162,6,4061.1,6,1
11483,2026-07-02 15:11:46+05:30,4060.2,1,4038.15,2284908,163547.0,151781.0,4100.0,4110.0,4012.0,4092.6,25749675,4501.8,3683.4,4440.0,3288.1,4060.3,15,1,4060.2,35,3,4060.1,6,3,4060.0,108,5,4059.9,153,6,4060.5,311,4,4060.7,12,1,4060.9,77,1,4061.0,162,6,4061.1,6,1
11483,2026-07-02 15:11:46+05:30,4060.5,1,4038.15,2284945,163764.0,151817.0,4100.0,4110.0,4012.0,4092.6,25749675,4501.8,3683.4,4440.0,3288.1,4060.4,16,1,4060.2,19,3,4060.1,4,2,4060.0,93,4,4059.9,172,7,4060.5,358,7,4060.7,12,1,4060.9,77,1,4061.0,162,6,4061.1,6,1
11483,2026-07-02 15:11:46+05:30,4060.5,1,4038.15,2284945,163764.0,151817.0,4100.0,4110.0,4012.0,4092.6,25749675,4501.8,3683.4,4440.0,3288.1,4060.4,16,1,4060.2,19,3,4060.1,4,2,4060.0,93,4,4059.9,172,7,4060.5,358,7,4060.7,12,1,4060.9,77,1,4061.0,162,6,4061.1,6,1
11483,2026-07-02 15:11:47+05:30,4060.0,8,4038.15,2284945,163764.0,151817.0,4100.0,4110.0,4012.0,4092.6,25749675,4501.8,3683.4,4440.0,3288.1,4060.4,16,1,4060.2,19,3,4060.1,4,2,4060.0,93,4,4059.9,172,7,4060.5,358,7,4060.7,12,1,4060.9,77,1,4061.0,162,6,4061.1,6,1
11483,2026-07-02 15:11:47+05:30,4060.0,8,4038.15,2284945,163764.0,151817.0,4100.0,4110.0,4012.0,4092.6,25749675,4501.8,3683.4,4440.0,3288.1,4060.4,16,1,4060.2,19,3,4060.1,4,2,4060.0,93,4,4059.9,172,7,4060.5,358,7,4060.7,12,1,4060.9,77,1,4061.0,162,6,4061.1,6,1
11483,2026-07-02 15:11:47+05:30,4060.4,1,4038.15,2285173,163712.0,151887.0,4100.0,4110.0,4012.0,4092.6,25749675,4501.8,3683.4,4440.0,3288.1,4060.0,13,3,4059.9,172,7,4059.8,7,1,4059.7,70,3,4059.5,24,2,4060.5,356,7,4060.6,100,1,4060.7,13,1,4060.9,77,1,4061.0,165,6
11483,2026-07-02 15:11:48+05:30,4060.4,1,4038.15,2285173,163712.0,151887.0,4100.0,4110.0,4012.0,4092.6,25749675,4501.8,3683.4,4440.0,3288.1,4060.0,13,3,4059.9,172,7,4059.8,7,1,4059.7,70,3,4059.5,24,2,4060.5,356,7,4060.6,100,1,4060.7,13,1,4060.9,77,1,4061.0,165,6
11483,2026-07-02 15:11:48+05:30,4060.5,3,4038.15,2285173,163712.0,151887.0,4100.0,4110.0,4012.0,4092.6,25749675,4501.8,3683.4,4440.0,3288.1,4060.0,13,3,4059.9,172,7,4059.8,7,1,4059.7,70,3,4059.5,24,2,4060.5,356,7,4060.6,100,1,4060.7,13,1,4060.9,77,1,4061.0,165,6
11483,2026-07-02 15:11:48+05:30,4060.5,3,4038.15,2285173,163712.0,151887.0,4100.0,4110.0,4012.0,4092.6,25749675,4501.8,3683.4,4440.0,3288.1,4060.0,13,3,4059.9,172,7,4059.8,7,1,4059.7,70,3,4059.5,24,2,4060.5,356,7,4060.6,100,1,4060.7,13,1,4060.9,77,1,4061.0,165,6
11483,2026-07-02 15:11:48+05:30,4060.5,1,4038.15,2285233,163592.0,151908.0,4100.0,4110.0,4012.0,4092.6,25749675,4501.8,3683.4,4440.0,3288.1,4060.4,8,2,4060.0,13,3,4059.9,152,5,4059.7,60,2,4059.5,12,1,4060.5,351,9,4060.6,100,1,4060.7,13,1,4060.9,118,4,4061.0,167,7
11483,2026-07-02 15:11:49+05:30,4060.5,1,4038.15,2285233,163592.0,151908.0,4100.0,4110.0,4012.0,4092.6,25749675,4501.8,3683.4,4440.0,3288.1,4060.4,8,2,4060.0,13,3,4059.9,152,5,4059.7,60,2,4059.5,12,1,4060.5,351,9,4060.6,100,1,4060.7,13,1,4060.9,118,4,4061.0,167,7
11483,2026-07-02 15:11:49+05:30,4060.5,1,4038.15,2285259,163626.0,151909.0,4100.0,4110.0,4012.0,4092.6,25749675,4501.8,3683.4,4440.0,3288.1,4060.4,3,2,4060.2,16,1,4060.1,14,2,4060.0,23,4,4059.9,132,3,4060.5,349,9,4060.6,100,1,4060.7,13,1,4060.8,24,1,4060.9,182,4
11483,2026-07-02 15:11:50+05:30,4060.4,1,4038.15,2285259,163626.0,151909.0,4100.0,4110.0,4012.0,4092.6,25749675,4501.8,3683.4,4440.0,3288.1,4060.4,3,2,4060.2,16,1,4060.1,14,2,4060.0,23,4,4059.9,132,3,4060.5,349,9,4060.6,100,1,4060.7,13,1,4060.8,24,1,4060.9,182,4
11483,2026-07-02 15:11:50+05:30,4060.5,1,4038.15,2285308,163594.0,151922.0,4100.0,4110.0,4012.0,4092.6,25749675,4501.8,3683.4,4440.0,3288.1,4060.2,17,2,4060.1,14,2,4060.0,23,4,4059.9,182,4,4059.7,50,1,4060.5,372,10,4060.6,100,1,4060.7,13,1,4060.8,39,3,4060.9,176,3
11483,2026-07-02 15:11:51+05:30,4060.5,1,4038.15,2285308,163594.0,151922.0,4100.0,4110.0,4012.0,4092.6,25749675,4501.8,3683.4,4440.0,3288.1,4060.2,17,2,4060.1,14,2,4060.0,23,4,4059.9,182,4,4059.7,50,1,4060.5,372,10,4060.6,100,1,4060.7,13,1,4060.8,39,3,4060.9,176,3
11483,2026-07-02 15:11:51+05:30,4060.3,388,4038.16,2285728,163837.0,151658.0,4100.0,4110.0,4012.0,4092.6,25749675,4501.8,3683.4,4440.0,3288.1,4060.2,17,2,4060.1,13,2,4060.0,17,2,4059.9,182,4,4059.7,50,1,4060.5,417,11,4060.6,134,3,4060.7,35,3,4060.8,91,4,4060.9,88,2
11483,2026-07-02 15:11:52+05:30,4060.2,4,4038.16,2285728,163837.0,151658.0,4100.0,4110.0,4012.0,4092.6,25749675,4501.8,3683.4,4440.0,3288.1,4060.2,17,2,4060.1,13,2,4060.0,17,2,4059.9,182,4,4059.7,50,1,4060.5,417,11,4060.6,134,3,4060.7,35,3,4060.8,91,4,4060.9,88,2
11483,2026-07-02 15:11:52+05:30,4061.9,77,4038.19,2288957,164250.0,149754.0,4100.0,4110.0,4012.0,4092.6,25749675,4501.8,3683.4,4440.0,3288.1,4060.6,15,1,4060.5,15,1,4060.4,15,1,4060.3,20,2,4060.2,435,6,4060.7,11,1,4061.9,56,3,4062.0,944,13,4062.3,133,4,4062.4,38,2
11483,2026-07-02 15:11:53+05:30,4060.7,95,4038.19,2288957,164250.0,149754.0,4100.0,4110.0,4012.0,4092.6,25749675,4501.8,3683.4,4440.0,3288.1,4060.6,15,1,4060.5,15,1,4060.4,15,1,4060.3,20,2,4060.2,435,6,4060.7,11,1,4061.9,56,3,4062.0,944,13,4062.3,133,4,4062.4,38,2
11483,2026-07-02 15:11:53+05:30,4060.6,9,4038.19,2289097,164294.0,150019.0,4100.0,4110.0,4012.0,4092.6,25749675,4501.8,3683.4,4440.0,3288.1,4060.7,15,1,4060.6,394,2,4060.5,15,1,4060.4,15,1,4060.2,13,2,4062.0,1124,16,4062.1,65,2,4062.2,29,2,4062.3,98,3,4062.4,44,3
11483,2026-07-02 15:11:54+05:30,4062.0,2,4038.19,2289097,164294.0,150019.0,4100.0,4110.0,4012.0,4092.6,25749675,4501.8,3683.4,4440.0,3288.1,4060.7,15,1,4060.6,394,2,4060.5,15,1,4060.4,15,1,4060.2,13,2,4062.0,1124,16,4062.1,65,2,4062.2,29,2,4062.3,98,3,4062.4,44,3
11483,2026-07-02 15:11:54+05:30,4062.0,1,4038.19,2289230,164503.0,150113.0,4100.0,4110.0,4012.0,4092.6,25749675,4501.8,3683.4,4440.0,3288.1,4060.9,15,1,4060.8,15,1,4060.7,440,6,4060.6,15,1,4060.2,13,2,4062.0,1064,18,4062.1,38,2,4062.2,6,1,4062.3,130,4,4062.4,38,2
11483,2026-07-02 15:11:55+05:30,4062.0,1,4038.19,2289230,164503.0,150113.0,4100.0,4110.0,4012.0,4092.6,25749675,4501.8,3683.4,4440.0,3288.1,4060.9,15,1,4060.8,15,1,4060.7,440,6,4060.6,15,1,4060.2,13,2,4062.0,1064,18,4062.1,38,2,4062.2,6,1,4062.3,130,4,4062.4,38,2
11483,2026-07-02 15:11:55+05:30,4060.9,100,4038.2,2289459,164253.0,150439.0,4100.0,4110.0,4012.0,4092.6,25749675,4501.8,3683.4,4440.0,3288.1,4060.9,242,2,4060.7,39,5,4060.2,13,2,4060.1,13,2,4060.0,10,1,4061.9,72,5,4062.0,1323,18,4062.1,55,2,4062.2,37,2,4062.3,137,5
11483,2026-07-02 15:11:56+05:30,4060.9,100,4038.2,2289459,164253.0,150439.0,4100.0,4110.0,4012.0,4092.6,25749675,4501.8,3683.4,4440.0,3288.1,4060.9,242,2,4060.7,39,5,4060.2,13,2,4060.1,13,2,4060.0,10,1,4061.9,72,5,4062.0,1323,18,4062.1,55,2,4062.2,37,2,4062.3,137,5
11483,2026-07-02 15:11:56+05:30,4060.9,4,4038.2,2289704,163991.0,150032.0,4100.0,4110.0,4012.0,4092.6,25749675,4501.8,3683.4,4440.0,3288.1,4060.9,31,1,4060.8,52,2,4060.7,35,3,4060.5,50,1,4060.2,13,2,4061.8,42,2,4061.9,17,3,4062.0,1033,16,4062.1,55,2,4062.2,5,1
11483,2026-07-02 15:11:57+05:30,4061.7,10,4038.2,2289704,163991.0,150032.0,4100.0,4110.0,4012.0,4092.6,25749675,4501.8,3683.4,4440.0,3288.1,4060.9,31,1,4060.8,52,2,4060.7,35,3,4060.5,50,1,4060.2,13,2,4061.8,42,2,4061.9,17,3,4062.0,1033,16,4062.1,55,2,4062.2,5,1
11483,2026-07-02 15:11:57+05:30,4061.7,1,4038.2,2289849,163890.0,151794.0,4100.0,4110.0,4012.0,4092.6,25749675,4501.8,3683.4,4440.0,3288.1,4060.9,73,3,4060.7,34,2,4060.5,50,1,4060.2,13,2,4060.1,13,2,4061.7,90,5,4061.8,481,10,4061.9,57,2,4062.0,969,14,4062.1,57,3
11483,2026-07-02 15:11:58+05:30,4061.7,1,4038.2,2289849,163890.0,151794.0,4100.0,4110.0,4012.0,4092.6,25749675,4501.8,3683.4,4440.0,3288.1,4060.9,73,3,4060.7,34,2,4060.5,50,1,4060.2,13,2,4060.1,13,2,4061.7,90,5,4061.8,481,10,4061.9,57,2,4062.0,969,14,4062.1,57,3
11483,2026-07-02 15:11:58+05:30,4061.7,7,4038.2,2290002,164466.0,151318.0,4100.0,4110.0,4012.0,4092.6,25749675,4501.8,3683.4,4440.0,3288.1,4061.4,44,2,4061.0,2,1,4060.9,16,3,4060.7,34,2,4060.5,50,1,4061.7,78,6,4061.8,93,4,4061.9,17,2,4062.0,955,14,4062.1,55,2
11483,2026-07-02 15:11:59+05:30,4061.4,3,4038.2,2290002,164466.0,151318.0,4100.0,4110.0,4012.0,4092.6,25749675,4501.8,3683.4,4440.0,3288.1,4061.4,44,2,4061.0,2,1,4060.9,16,3,4060.7,34,2,4060.5,50,1,4061.7,78,6,4061.8,93,4,4061.9,17,2,4062.0,955,14,4062.1,55,2
11483,2026-07-02 15:11:59+05:30,4061.6,1,4038.2,2290164,164501.0,150504.0,4100.0,4110.0,4012.0,4092.6,25749675,4501.8,3683.4,4440.0,3288.1,4061.4,42,3,4060.9,13,2,4060.7,34,2,4060.5,50,1,4060.2,13,2,4061.6,14,1,4061.7,411,9,4061.8,100,4,4061.9,22,2,4062.0,842,14
11483,2026-07-02 15:12:00+05:30,4061.6,19,4038.2,2290164,164501.0,150504.0,4100.0,4110.0,4012.0,4092.6,25749675,4501.8,3683.4,4440.0,3288.1,4061.4,42,3,4060.9,13,2,4060.7,34,2,4060.5,50,1,4060.2,13,2,4061.6,14,1,4061.7,411,9,4061.8,100,4,4061.9,22,2,4062.0,842,14
11483,2026-07-02 15:12:00+05:30,4061.4,3,4038.21,2290470,163913.0,150175.0,4100.0,4110.0,4012.0,4092.6,25749675,4501.8,3683.4,4440.0,3288.1,4060.9,13,2,4060.7,34,2,4060.5,50,1,4060.2,13,2,4060.1,13,2,4061.4,18,1,4061.5,111,4,4061.6,77,3,4061.7,17,1,4061.8,24,1
11483,2026-07-02 15:12:01+05:30,4061.4,3,4038.21,2290470,163913.0,150175.0,4100.0,4110.0,4012.0,4092.6,25749675,4501.8,3683.4,4440.0,3288.1,4060.9,13,2,4060.7,34,2,4060.5,50,1,4060.2,13,2,4060.1,13,2,4061.4,18,1,4061.5,111,4,4061.6,77,3,4061.7,17,1,4061.8,24,1
11483,2026-07-02 15:12:01+05:30,4061.4,1,4038.21,2290530,164115.0,150246.0,4100.0,4110.0,4012.0,4092.6,25749675,4501.8,3683.4,4440.0,3288.1,4060.9,80,5,4060.7,1,1,4060.5,115,2,4060.2,38,3,4060.1,13,2,4061.4,42,2,4061.6,63,2,4061.7,24,1,4061.8,36,2,4062.0,944,14
11483,2026-07-02 15:12:02+05:30,4061.4,5,4038.21,2290530,164115.0,150246.0,4100.0,4110.0,4012.0,4092.6,25749675,4501.8,3683.4,4440.0,3288.1,4060.9,80,5,4060.7,1,1,4060.5,115,2,4060.2,38,3,4060.1,13,2,4061.4,42,2,4061.6,63,2,4061.7,24,1,4061.8,36,2,4062.0,944,14
11483,2026-07-02 15:12:03+05:30,4060.9,1,4038.21,2290732,163869.0,150585.0,4100.0,4110.0,4012.0,4092.6,25749675,4501.8,3683.4,4440.0,3288.1,4060.9,6,1,4060.7,1,1,4060.5,115,2,4060.2,38,3,4060.1,13,2,4061.4,534,13,4061.5,23,2,4061.6,16,1,4061.7,89,4,4061.8,36,2
11483,2026-07-02 15:12:03+05:30,4060.9,1,4038.21,2290732,163869.0,150585.0,4100.0,4110.0,4012.0,4092.6,25749675,4501.8,3683.4,4440.0,3288.1,4060.9,6,1,4060.7,1,1,4060.5,115,2,4060.2,38,3,4060.1,13,2,4061.4,534,13,4061.5,23,2,4061.6,16,1,4061.7,89,4,4061.8,36,2
11483,2026-07-02 15:12:04+05:30,4061.4,1,4038.21,2290872,163995.0,150637.0,4100.0,4110.0,4012.0,4092.6,25749675,4501.8,3683.4,4440.0,3288.1,4060.9,1,1,4060.7,1,1,4060.5,115,2,4060.2,38,3,4060.1,13,2,4061.4,474,7,4061.7,128,6,4061.8,56,3,4061.9,44,2,4062.0,968,15
11483,2026-07-02 15:12:04+05:30,4060.9,1,4038.21,2290872,163995.0,150637.0,4100.0,4110.0,4012.0,4092.6,25749675,4501.8,3683.4,4440.0,3288.1,4060.9,1,1,4060.7,1,1,4060.5,115,2,4060.2,38,3,4060.1,13,2,4061.4,474,7,4061.7,128,6,4061.8,56,3,4061.9,44,2,4062.0,968,15
11483,2026-07-02 15:12:05+05:30,4061.4,1,4038.21,2291082,163956.0,150451.0,4100.0,4110.0,4012.0,4092.6,25749675,4501.8,3683.4,4440.0,3288.1,4061.0,2,1,4060.5,120,3,4060.2,38,3,4060.1,13,2,4060.0,10,1,4061.4,279,6,4061.5,13,1,4061.6,50,1,4061.7,67,4,4061.8,44,2
11483,2026-07-02 15:12:05+05:30,4061.4,15,4038.21,2291082,163956.0,150451.0,4100.0,4110.0,4012.0,4092.6,25749675,4501.8,3683.4,4440.0,3288.1,4061.0,2,1,4060.5,120,3,4060.2,38,3,4060.1,13,2,4060.0,10,1,4061.4,279,6,4061.5,13,1,4061.6,50,1,4061.7,67,4,4061.8,44,2
11483,2026-07-02 15:12:06+05:30,4061.4,12,4038.21,2291129,163949.0,150459.0,4100.0,4110.0,4012.0,4092.6,25749675,4501.8,3683.4,4440.0,3288.1,4061.0,6,2,4060.5,118,3,4060.2,38,3,4060.1,13,2,4060.0,10,1,4061.4,237,7,4061.5,24,2,4061.6,50,1,4061.7,91,5,4061.8,44,2
11483,2026-07-02 15:12:06+05:30,4061.0,1,4038.21,2291129,163949.0,150459.0,4100.0,4110.0,4012.0,4092.6,25749675,4501.8,3683.4,4440.0,3288.1,4061.0,6,2,4060.5,118,3,4060.2,38,3,4060.1,13,2,4060.0,10,1,4061.4,237,7,4061.5,24,2,4061.6,50,1,4061.7,91,5,4061.8,44,2
11483,2026-07-02 15:12:07+05:30,4061.0,1,4038.21,2291153,164006.0,150717.0,4100.0,4110.0,4012.0,4092.6,25749675,4501.8,3683.4,4440.0,3288.1,4061.2,6,1,4061.0,12,2,4060.5,118,3,4060.2,38,3,4060.1,13,2,4061.4,244,11,4061.5,31,3,4061.6,63,2,4061.7,43,3,4061.8,50,3
11483,2026-07-02 15:12:07+05:30,4061.4,1,4038.21,2291153,164006.0,150717.0,4100.0,4110.0,4012.0,4092.6,25749675,4501.8,3683.4,4440.0,3288.1,4061.2,6,1,4061.0,12,2,4060.5,118,3,4060.2,38,3,4060.1,13,2,4061.4,244,11,4061.5,31,3,4061.6,63,2,4061.7,43,3,4061.8,50,3
11483,2026-07-02 15:12:08+05:30,4061.4,67,4038.21,2291268,163969.0,150477.0,4100.0,4110.0,4012.0,4092.6,25749675,4501.8,3683.4,4440.0,3288.1,4061.2,6,1,4061.0,34,3,4060.9,13,1,4060.8,11,1,4060.7,29,2,4061.4,131,11,4061.5,13,1,4061.6,50,1,4061.7,43,3,4061.8,44,2
11483,2026-07-02 15:12:08+05:30,4061.4,67,4038.21,2291268,163969.0,150477.0,4100.0,4110.0,4012.0,4092.6,25749675,4501.8,3683.4,4440.0,3288.1,4061.2,6,1,4061.0,34,3,4060.9,13,1,4060.8,11,1,4060.7,29,2,4061.4,131,11,4061.5,13,1,4061.6,50,1,4061.7,43,3,4061.8,44,2
11483,2026-07-02 15:12:09+05:30,4061.4,2,4038.21,2291268,163969.0,150477.0,4100.0,4110.0,4012.0,4092.6,25749675,4501.8,3683.4,4440.0,3288.1,4061.2,6,1,4061.0,34,3,4060.9,13,1,4060.8,11,1,4060.7,29,2,4061.4,131,11,4061.5,13,1,4061.6,50,1,4061.7,43,3,4061.8,44,2
11483,2026-07-02 15:12:09+05:30,4061.4,2,4038.21,2291293,164457.0,150513.0,4100.0,4110.0,4012.0,4092.6,25749675,4501.8,3683.4,4440.0,3288.1,4061.2,4,2,4061.0,34,3,4060.9,13,1,4060.8,11,1,4060.7,29,2,4061.4,174,13,4061.5,13,1,4061.6,50,1,4061.7,24,1,4061.8,24,1
11483,2026-07-02 15:12:10+05:30,4061.2,1,4038.22,2291469,164569.0,150210.0,4100.0,4110.0,4012.0,4092.6,25749675,4501.8,3683.4,4440.0,3288.1,4061.2,24,6,4061.0,37,4,4060.9,13,1,4060.8,11,1,4060.7,29,2,4061.4,17,3,4061.5,13,1,4061.6,50,1,4062.0,1004,13,4062.3,74,2
11483,2026-07-02 15:12:10+05:30,4061.2,1,4038.22,2291469,164569.0,150210.0,4100.0,4110.0,4012.0,4092.6,25749675,4501.8,3683.4,4440.0,3288.1,4061.2,24,6,4061.0,37,4,4060.9,13,1,4060.8,11,1,4060.7,29,2,4061.4,17,3,4061.5,13,1,4061.6,50,1,4062.0,1004,13,4062.3,74,2
11483,2026-07-02 15:12:11+05:30,4061.2,18,4038.22,2291526,164380.0,150174.0,4100.0,4110.0,4012.0,4092.6,25749675,4501.8,3683.4,4440.0,3288.1,4061.0,37,4,4060.9,13,1,4060.8,11,1,4060.7,79,3,4060.5,118,3,4061.3,13,1,4061.4,18,4,4061.6,50,1,4062.0,1004,13,4062.1,6,1
11483,2026-07-02 15:12:11+05:30,4061.2,18,4038.22,2291526,164380.0,150174.0,4100.0,4110.0,4012.0,4092.6,25749675,4501.8,3683.4,4440.0,3288.1,4061.0,37,4,4060.9,13,1,4060.8,11,1,4060.7,79,3,4060.5,118,3,4061.3,13,1,4061.4,18,4,4061.6,50,1,4062.0,1004,13,4062.1,6,1
11483,2026-07-02 15:12:12+05:30,4061.0,30,4038.22,2291526,164380.0,150174.0,4100.0,4110.0,4012.0,4092.6,25749675,4501.8,3683.4,4440.0,3288.1,4061.0,37,4,4060.9,13,1,4060.8,11,1,4060.7,79,3,4060.5,118,3,4061.3,13,1,4061.4,18,4,4061.6,50,1,4062.0,1004,13,4062.1,6,1
11483,2026-07-02 15:12:12+05:30,4060.9,1,4038.22,2291627,163024.0,150030.0,4100.0,4110.0,4012.0,4092.6,25749675,4501.8,3683.4,4440.0,3288.1,4060.9,12,1,4060.8,11,1,4060.7,79,3,4060.5,118,3,4060.2,37,3,4061.3,47,3,4061.4,4,3,4061.5,12,1,4061.6,50,1,4061.7,24,1
11483,2026-07-02 15:12:13+05:30,4060.9,1,4038.22,2291627,163024.0,150030.0,4100.0,4110.0,4012.0,4092.6,25749675,4501.8,3683.4,4440.0,3288.1,4060.9,12,1,4060.8,11,1,4060.7,79,3,4060.5,118,3,4060.2,37,3,4061.3,47,3,4061.4,4,3,4061.5,12,1,4061.6,50,1,4061.7,24,1
11483,2026-07-02 15:12:13+05:30,4060.9,1,4038.22,2291673,163075.0,150410.0,4100.0,4110.0,4012.0,4092.6,25749675,4501.8,3683.4,4440.0,3288.1,4060.9,11,1,4060.8,11,1,4060.7,79,3,4060.5,118,3,4060.2,37,3,4061.3,359,6,4061.4,1,1,4061.5,12,1,4061.6,50,1,4061.7,24,1
11483,2026-07-02 15:12:14+05:30,4061.3,10,4038.22,2291673,163075.0,150410.0,4100.0,4110.0,4012.0,4092.6,25749675,4501.8,3683.4,4440.0,3288.1,4060.9,11,1,4060.8,11,1,4060.7,79,3,4060.5,118,3,4060.2,37,3,4061.3,359,6,4061.4,1,1,4061.5,12,1,4061.6,50,1,4061.7,24,1
11483,2026-07-02 15:12:14+05:30,4061.3,10,4038.22,2291791,163172.0,150307.0,4100.0,4110.0,4012.0,4092.6,25749675,4501.8,3683.4,4440.0,3288.1,4060.9,9,2,4060.8,11,1,4060.7,79,3,4060.5,118,3,4060.2,37,3,4061.3,356,10,4061.4,12,2,4061.6,94,3,4061.7,24,1,4061.8,46,3
11483,2026-07-02 15:12:15+05:30,4061.3,65,4038.22,2291791,163172.0,150307.0,4100.0,4110.0,4012.0,4092.6,25749675,4501.8,3683.4,4440.0,3288.1,4060.9,9,2,4060.8,11,1,4060.7,79,3,4060.5,118,3,4060.2,37,3,4061.3,356,10,4061.4,12,2,4061.6,94,3,4061.7,24,1,4061.8,46,3
11483,2026-07-02 15:12:15+05:30,4060.9,1,4038.22,2291881,162974.0,150557.0,4100.0,4110.0,4012.0,4092.6,25749675,4501.8,3683.4,4440.0,3288.1,4060.9,9,3,4060.8,11,1,4060.7,79,3,4060.5,53,2,4060.2,37,3,4061.3,291,10,4061.4,1,1,4061.5,250,1,4061.6,124,4,4061.7,90,3
11483,2026-07-02 15:12:16+05:30,4061.3,3,4038.22,2291881,162974.0,150557.0,4100.0,4110.0,4012.0,4092.6,25749675,4501.8,3683.4,4440.0,3288.1,4060.9,9,3,4060.8,11,1,4060.7,79,3,4060.5,53,2,4060.2,37,3,4061.3,291,10,4061.4,1,1,4061.5,250,1,4061.6,124,4,4061.7,90,3
11483,2026-07-02 15:12:16+05:30,4060.9,1,4038.22,2291890,163001.0,150473.0,4100.0,4110.0,4012.0,4092.6,25749675,4501.8,3683.4,4440.0,3288.1,4060.9,8,3,4060.8,13,2,4060.7,79,3,4060.5,53,2,4060.2,37,3,4061.3,262,9,4061.4,1,1,4061.5,250,1,4061.6,50,1,4061.7,78,3
11483,2026-07-02 15:12:17+05:30,4061.1,7,4038.22,2291890,163001.0,150473.0,4100.0,4110.0,4012.0,4092.6,25749675,4501.8,3683.4,4440.0,3288.1,4060.9,8,3,4060.8,13,2,4060.7,79,3,4060.5,53,2,4060.2,37,3,4061.3,262,9,4061.4,1,1,4061.5,250,1,4061.6,50,1,4061.7,78,3
11483,2026-07-02 15:12:17+05:30,4061.1,1,4038.22,2291913,163006.0,150520.0,4100.0,4110.0,4012.0,4092.6,25749675,4501.8,3683.4,4440.0,3288.1,4061.1,5,1,4061.0,1,1,4060.9,9,4,4060.8,13,2,4060.7,79,3,4061.3,264,10,4061.5,250,1,4061.6,50,1,4061.7,72,2,4061.9,6,1
11483,2026-07-02 15:12:18+05:30,4061.3,4,4038.22,2291913,163006.0,150520.0,4100.0,4110.0,4012.0,4092.6,25749675,4501.8,3683.4,4440.0,3288.1,4061.1,5,1,4061.0,1,1,4060.9,9,4,4060.8,13,2,4060.7,79,3,4061.3,264,10,4061.5,250,1,4061.6,50,1,4061.7,72,2,4061.9,6,1
11483,2026-07-02 15:12:18+05:30,4061.1,1,4038.22,2291920,163042.0,150546.0,4100.0,4110.0,4012.0,4092.6,25749675,4501.8,3683.4,4440.0,3288.1,4061.1,11,5,4061.0,1,1,4060.9,9,4,4060.8,13,2,4060.7,79,3,4061.3,228,9,4061.5,250,1,4061.6,50,1,4061.9,6,1,4062.0,1128,15
11483,2026-07-02 15:12:19+05:30,4061.1,1,4038.22,2291920,163042.0,150546.0,4100.0,4110.0,4012.0,4092.6,25749675,4501.8,3683.4,4440.0,3288.1,4061.1,11,5,4061.0,1,1,4060.9,9,4,4060.8,13,2,4060.7,79,3,4061.3,228,9,4061.5,250,1,4061.6,50,1,4061.9,6,1,4062.0,1128,15
11483,2026-07-02 15:12:19+05:30,4061.2,1,4038.22,2291940,163819.0,150427.0,4100.0,4110.0,4012.0,4092.6,25749675,4501.8,3683.4,4440.0,3288.1,4061.2,1,1,4061.1,53,4,4061.0,1,1,4060.9,5,3,4060.8,2,1,4061.3,228,10,4061.5,250,1,4061.6,50,1,4062.0,1128,15,4062.2,35,2
11483,2026-07-02 15:12:20+05:30,4061.0,3,4038.22,2291940,163819.0,150427.0,4100.0,4110.0,4012.0,4092.6,25749675,4501.8,3683.4,4440.0,3288.1,4061.2,1,1,4061.1,53,4,4061.0,1,1,4060.9,5,3,4060.8,2,1,4061.3,228,10,4061.5,250,1,4061.6,50,1,4062.0,1128,15,4062.2,35,2
11483,2026-07-02 15:12:20+05:30,4061.0,1,4038.22,2292043,163003.0,150842.0,4100.0,4110.0,4012.0,4092.6,25749675,4501.8,3683.4,4440.0,3288.1,4060.9,5,3,4060.8,2,1,4060.7,79,3,4060.6,10,1,4060.5,53,2,4061.0,7,1,4061.3,294,13,4061.5,250,1,4061.6,164,3,4061.7,40,2
11483,2026-07-02 15:12:21+05:30,4060.9,1,4038.22,2292043,163003.0,150842.0,4100.0,4110.0,4012.0,4092.6,25749675,4501.8,3683.4,4440.0,3288.1,4060.9,5,3,4060.8,2,1,4060.7,79,3,4060.6,10,1,4060.5,53,2,4061.0,7,1,4061.3,294,13,4061.5,250,1,4061.6,164,3,4061.7,40,2
11483,2026-07-02 15:12:21+05:30,4061.0,1,4038.22,2292115,162874.0,150745.0,4100.0,4110.0,4012.0,4092.6,25749675,4501.8,3683.4,4440.0,3288.1,4060.7,76,3,4060.6,10,1,4060.5,53,2,4060.2,37,3,4060.1,1,1,4061.0,392,8,4061.1,20,1,4061.3,80,10,4061.4,28,1,4061.5,21,3
11483,2026-07-02 15:12:22+05:30,4061.0,1,4038.22,2292115,162874.0,150745.0,4100.0,4110.0,4012.0,4092.6,25749675,4501.8,3683.4,4440.0,3288.1,4060.7,76,3,4060.6,10,1,4060.5,53,2,4060.2,37,3,4060.1,1,1,4061.0,392,8,4061.1,20,1,4061.3,80,10,4061.4,28,1,4061.5,21,3
11483,2026-07-02 15:12:22+05:30,4061.0,1,4038.22,2292116,162937.0,150963.0,4100.0,4110.0,4012.0,4092.6,25749675,4501.8,3683.4,4440.0,3288.1,4060.7,80,5,4060.6,10,1,4060.5,53,2,4060.2,37,3,4060.1,1,1,4061.0,690,12,4061.1,29,2,4061.2,22,2,4061.3,73,5,4061.4,28,1
11483,2026-07-02 15:12:23+05:30,4060.8,1,4038.22,2292116,162937.0,150963.0,4100.0,4110.0,4012.0,4092.6,25749675,4501.8,3683.4,4440.0,3288.1,4060.7,80,5,4060.6,10,1,4060.5,53,2,4060.2,37,3,4060.1,1,1,4061.0,690,12,4061.1,29,2,4061.2,22,2,4061.3,73,5,4061.4,28,1
11483,2026-07-02 15:12:23+05:30,4061.0,6,4038.23,2293110,162685.0,150842.0,4100.0,4110.0,4012.0,4092.6,25749675,4501.8,3683.4,4440.0,3288.1,4059.9,115,3,4059.5,50,1,4059.0,38,5,4058.9,26,1,4058.8,78,3,4060.9,24,1,4061.0,645,14,4061.1,67,3,4061.2,29,4,4061.3,82,5
11483,2026-07-02 15:12:24+05:30,4060.8,46,4038.23,2293110,162685.0,150842.0,4100.0,4110.0,4012.0,4092.6,25749675,4501.8,3683.4,4440.0,3288.1,4059.9,115,3,4059.5,50,1,4059.0,38,5,4058.9,26,1,4058.8,78,3,4060.9,24,1,4061.0,645,14,4061.1,67,3,4061.2,29,4,4061.3,82,5
11483,2026-07-02 15:12:24+05:30,4060.9,1,4038.23,2293245,162739.0,150459.0,4100.0,4110.0,4012.0,4092.6,25749675,4501.8,3683.4,4440.0,3288.1,4060.0,24,1,4059.9,111,4,4059.5,50,1,4059.0,38,5,4058.9,140,2,4060.9,61,3,4061.0,330,11,4061.1,44,2,4061.2,57,4,4061.3,16,2
11483,2026-07-02 15:12:25+05:30,4060.9,1,4038.23,2293245,162739.0,150459.0,4100.0,4110.0,4012.0,4092.6,25749675,4501.8,3683.4,4440.0,3288.1,4060.0,24,1,4059.9,111,4,4059.5,50,1,4059.0,38,5,4058.9,140,2,4060.9,61,3,4061.0,330,11,4061.1,44,2,4061.2,57,4,4061.3,16,2
11483,2026-07-02 15:12:25+05:30,4060.9,1,4038.23,2293248,162158.0,150941.0,4100.0,4110.0,4012.0,4092.6,25749675,4501.8,3683.4,4440.0,3288.1,4059.9,128,6,4059.5,52,2,4059.0,38,5,4058.9,26,1,4058.8,38,2,4060.9,513,8,4061.0,350,8,4061.1,20,1,4061.2,64,6,4061.3,48,4
11483,2026-07-02 15:12:26+05:30,4059.9,48,4038.23,2293248,162158.0,150941.0,4100.0,4110.0,4012.0,4092.6,25749675,4501.8,3683.4,4440.0,3288.1,4059.9,128,6,4059.5,52,2,4059.0,38,5,4058.9,26,1,4058.8,38,2,4060.9,513,8,4061.0,350,8,4061.1,20,1,4061.2,64,6,4061.3,48,4
11483,2026-07-02 15:12:26+05:30,4060.9,1,4038.23,2293313,162362.0,151024.0,4100.0,4110.0,4012.0,4092.6,25749675,4501.8,3683.4,4440.0,3288.1,4059.9,71,7,4059.5,52,2,4059.0,67,6,4058.9,65,2,4058.8,38,2,4060.9,373,8,4061.0,297,7,4061.1,20,1,4061.2,62,4,4061.3,4,1
11483,2026-07-02 15:12:27+05:30,4060.9,1,4038.23,2293313,162362.0,151024.0,4100.0,4110.0,4012.0,4092.6,25749675,4501.8,3683.4,4440.0,3288.1,4059.9,71,7,4059.5,52,2,4059.0,67,6,4058.9,65,2,4058.8,38,2,4060.9,373,8,4061.0,297,7,4061.1,20,1,4061.2,62,4,4061.3,4,1
11483,2026-07-02 15:12:28+05:30,4060.4,4,4038.23,2293321,162573.0,151307.0,4100.0,4110.0,4012.0,4092.6,25749675,4501.8,3683.4,4440.0,3288.1,4060.4,8,2,4059.9,74,9,4059.5,52,2,4059.0,38,5,4058.9,96,3,4060.7,26,2,4060.9,174,12,4061.0,343,6,4061.1,62,3,4061.2,62,4
11483,2026-07-02 15:12:28+05:30,4060.7,4,4038.23,2293321,162573.0,151307.0,4100.0,4110.0,4012.0,4092.6,25749675,4501.8,3683.4,4440.0,3288.1,4060.4,8,2,4059.9,74,9,4059.5,52,2,4059.0,38,5,4058.9,96,3,4060.7,26,2,4060.9,174,12,4061.0,343,6,4061.1,62,3,4061.2,62,4
11483,2026-07-02 15:12:29+05:30,4060.4,2,4038.23,2293321,162573.0,151307.0,4100.0,4110.0,4012.0,4092.6,25749675,4501.8,3683.4,4440.0,3288.1,4060.4,8,2,4059.9,74,9,4059.5,52,2,4059.0,38,5,4058.9,96,3,4060.7,26,2,4060.9,174,12,4061.0,343,6,4061.1,62,3,4061.2,62,4
11483,2026-07-02 15:12:29+05:30,4060.4,2,4038.24,2293404,162660.0,151396.0,4100.0,4110.0,4012.0,4092.6,25749675,4501.8,3683.4,4440.0,3288.1,4060.4,7,2,4059.9,68,6,4059.5,52,2,4059.0,192,8,4058.9,96,3,4060.7,16,2,4060.9,111,10,4061.0,343,6,4061.1,46,2,4061.2,38,3
11483,2026-07-02 15:12:30+05:30,4060.7,2,4038.24,2293404,162660.0,151396.0,4100.0,4110.0,4012.0,4092.6,25749675,4501.8,3683.4,4440.0,3288.1,4060.4,7,2,4059.9,68,6,4059.5,52,2,4059.0,192,8,4058.9,96,3,4060.7,16,2,4060.9,111,10,4061.0,343,6,4061.1,46,2,4061.2,38,3
11483,2026-07-02 15:12:30+05:30,4060.7,2,4038.24,2293410,162640.0,151687.0,4100.0,4110.0,4012.0,4092.6,25749675,4501.8,3683.4,4440.0,3288.1,4060.5,3,2,4060.4,7,2,4059.9,68,6,4059.5,52,2,4059.0,80,6,4060.7,393,9,4060.8,50,1,4060.9,88,3,4061.0,329,4,4061.1,70,3
11483,2026-07-02 15:12:31+05:30,4060.5,1,4038.24,2293410,162640.0,151687.0,4100.0,4110.0,4012.0,4092.6,25749675,4501.8,3683.4,4440.0,3288.1,4060.5,3,2,4060.4,7,2,4059.9,68,6,4059.5,52,2,4059.0,80,6,4060.7,393,9,4060.8,50,1,4060.9,88,3,4061.0,329,4,4061.1,70,3
11483,2026-07-02 15:12:31+05:30,4060.5,1,4038.24,2293462,162709.0,151193.0,4100.0,4110.0,4012.0,4092.6,25749675,4501.8,3683.4,4440.0,3288.1,4060.5,6,3,4060.4,7,2,4059.9,68,6,4059.5,52,2,4059.0,38,5,4060.7,480,15,4060.8,57,2,4060.9,61,2,4061.0,340,5,4061.1,70,3
11483,2026-07-02 15:12:32+05:30,4060.7,100,4038.24,2293462,162709.0,151193.0,4100.0,4110.0,4012.0,4092.6,25749675,4501.8,3683.4,4440.0,3288.1,4060.5,6,3,4060.4,7,2,4059.9,68,6,4059.5,52,2,4059.0,38,5,4060.7,480,15,4060.8,57,2,4060.9,61,2,4061.0,340,5,4061.1,70,3
11483,2026-07-02 15:12:32+05:30,4060.7,100,4038.24,2293641,163088.0,151342.0,4100.0,4110.0,4012.0,4092.6,25749675,4501.8,3683.4,4440.0,3288.1,4059.9,529,8,4059.5,52,2,4059.1,10,1,4059.0,38,5,4058.9,26,1,4060.7,565,16,4060.8,50,1,4060.9,27,1,4061.0,85,3,4061.1,70,3
11483,2026-07-02 15:12:33+05:30,4059.9,1,4038.24,2293641,163088.0,151342.0,4100.0,4110.0,4012.0,4092.6,25749675,4501.8,3683.4,4440.0,3288.1,4059.9,529,8,4059.5,52,2,4059.1,10,1,4059.0,38,5,4058.9,26,1,4060.7,565,16,4060.8,50,1,4060.9,27,1,4061.0,85,3,4061.1,70,3
11483,2026-07-02 15:12:33+05:30,4059.9,1,4038.24,2293643,163100.0,151801.0,4100.0,4110.0,4012.0,4092.6,25749675,4501.8,3683.4,4440.0,3288.1,4059.9,555,11,4059.5,52,2,4059.1,10,1,4059.0,118,6,4058.9,26,1,4060.4,4,1,4060.5,99,1,4060.7,410,14,4060.8,50,1,4060.9,27,1
11483,2026-07-02 15:12:34+05:30,4059.9,1,4038.24,2293643,163100.0,151801.0,4100.0,4110.0,4012.0,4092.6,25749675,4501.8,3683.4,4440.0,3288.1,4059.9,555,11,4059.5,52,2,4059.1,10,1,4059.0,118,6,4058.9,26,1,4060.4,4,1,4060.5,99,1,4060.7,410,14,4060.8,50,1,4060.9,27,1
11483,2026-07-02 15:12:34+05:30,4060.4,99,4038.24,2293803,163110.0,151293.0,4100.0,4110.0,4012.0,4092.6,25749675,4501.8,3683.4,4440.0,3288.1,4060.4,376,2,4060.0,1,1,4059.9,71,9,4059.5,52,2,4059.1,10,1,4060.5,59,1,4060.7,410,14,4060.8,50,1,4060.9,27,1,4061.0,85,3
11483,2026-07-02 15:12:35+05:30,4060.5,1,4038.24,2293803,163110.0,151293.0,4100.0,4110.0,4012.0,4092.6,25749675,4501.8,3683.4,4440.0,3288.1,4060.4,376,2,4060.0,1,1,4059.9,71,9,4059.5,52,2,4059.1,10,1,4060.5,59,1,4060.7,410,14,4060.8,50,1,4060.9,27,1,4061.0,85,3
11483,2026-07-02 15:12:35+05:30,4060.5,3,4038.24,2294241,162660.0,151714.0,4100.0,4110.0,4012.0,4092.6,25749675,4501.8,3683.4,4440.0,3288.1,4060.4,13,3,4059.9,66,6,4059.5,52,2,4059.1,10,1,4059.0,38,5,4060.5,76,4,4060.7,294,9,4060.8,50,1,4060.9,27,1,4061.0,85,3
11483,2026-07-02 15:12:36+05:30,4060.4,1,4038.24,2294241,162660.0,151714.0,4100.0,4110.0,4012.0,4092.6,25749675,4501.8,3683.4,4440.0,3288.1,4060.4,13,3,4059.9,66,6,4059.5,52,2,4059.1,10,1,4059.0,38,5,4060.5,76,4,4060.7,294,9,4060.8,50,1,4060.9,27,1,4061.0,85,3
11483,2026-07-02 15:12:36+05:30,4060.4,1,4038.24,2294341,162852.0,151723.0,4100.0,4110.0,4012.0,4092.6,25749675,4501.8,3683.4,4440.0,3288.1,4059.9,166,6,4059.5,52,2,4059.1,10,1,4059.0,152,6,4058.9,26,1,4060.4,9,1,4060.5,59,5,4060.7,294,9,4060.8,53,2,4060.9,27,1
11483,2026-07-02 15:12:37+05:30,4060.2,1,4038.24,2294341,162852.0,151723.0,4100.0,4110.0,4012.0,4092.6,25749675,4501.8,3683.4,4440.0,3288.1,4059.9,166,6,4059.5,52,2,4059.1,10,1,4059.0,152,6,4058.9,26,1,4060.4,9,1,4060.5,59,5,4060.7,294,9,4060.8,53,2,4060.9,27,1
11483,2026-07-02 15:12:37+05:30,4060.5,3,4038.25,2294414,162785.0,151853.0,4100.0,4110.0,4012.0,4092.6,25749675,4501.8,3683.4,4440.0,3288.1,4060.4,2,1,4060.2,5,1,4059.9,186,7,4059.5,52,2,4059.0,38,5,4060.5,351,7,4060.7,261,5,4060.8,77,3,4060.9,92,3,4061.0,85,3
11483,2026-07-02 15:12:38+05:30,4060.2,1,4038.25,2294414,162785.0,151853.0,4100.0,4110.0,4012.0,4092.6,25749675,4501.8,3683.4,4440.0,3288.1,4060.4,2,1,4060.2,5,1,4059.9,186,7,4059.5,52,2,4059.0,38,5,4060.5,351,7,4060.7,261,5,4060.8,77,3,4060.9,92,3,4061.0,85,3
11483,2026-07-02 15:12:38+05:30,4060.4,10,4038.25,2294449,162789.0,151692.0,4100.0,4110.0,4012.0,4092.6,25749675,4501.8,3683.4,4440.0,3288.1,4060.2,6,1,4059.9,162,6,4059.7,1,1,4059.5,52,2,4059.2,11,1,4060.4,3,1,4060.5,178,7,4060.7,261,5,4060.8,90,4,4060.9,81,2
11483,2026-07-02 15:12:39+05:30,4060.2,1,4038.25,2294449,162789.0,151692.0,4100.0,4110.0,4012.0,4092.6,25749675,4501.8,3683.4,4440.0,3288.1,4060.2,6,1,4059.9,162,6,4059.7,1,1,4059.5,52,2,4059.2,11,1,4060.4,3,1,4060.5,178,7,4060.7,261,5,4060.8,90,4,4060.9,81,2
11483,2026-07-02 15:12:39+05:30,4060.4,1,4038.25,2294452,162823.0,151989.0,4100.0,4110.0,4012.0,4092.6,25749675,4501.8,3683.4,4440.0,3288.1,4060.2,11,3,4060.0,3,2,4059.9,184,6,4059.7,1,1,4059.5,52,2,4060.4,311,3,4060.5,133,5,4060.7,261,5,4060.8,77,3,4060.9,81,2
11483,2026-07-02 15:12:40+05:30,4059.9,1,4038.25,2294452,162823.0,151989.0,4100.0,4110.0,4012.0,4092.6,25749675,4501.8,3683.4,4440.0,3288.1,4060.2,11,3,4060.0,3,2,4059.9,184,6,4059.7,1,1,4059.5,52,2,4060.4,311,3,4060.5,133,5,4060.7,261,5,4060.8,77,3,4060.9,81,2
11483,2026-07-02 15:12:40+05:30,4060.0,1,4038.25,2294517,162528.0,152223.0,4100.0,4110.0,4012.0,4092.6,25749675,4501.8,3683.4,4440.0,3288.1,4059.9,160,6,4059.7,1,1,4059.5,52,2,4059.2,11,1,4059.0,40,6,4060.0,180,1,4060.2,1,1,4060.4,86,9,4060.5,100,1,4060.7,27,4
11483,2026-07-02 15:12:41+05:30,4059.9,1,4038.25,2294517,162528.0,152223.0,4100.0,4110.0,4012.0,4092.6,25749675,4501.8,3683.4,4440.0,3288.1,4059.9,160,6,4059.7,1,1,4059.5,52,2,4059.2,11,1,4059.0,40,6,4060.0,180,1,4060.2,1,1,4060.4,86,9,4060.5,100,1,4060.7,27,4
11483,2026-07-02 15:12:41+05:30,4059.9,1,4038.25,2294517,162528.0,152223.0,4100.0,4110.0,4012.0,4092.6,25749675,4501.8,3683.4,4440.0,3288.1,4059.9,160,6,4059.7,1,1,4059.5,52,2,4059.2,11,1,4059.0,40,6,4060.0,180,1,4060.2,1,1,4060.4,86,9,4060.5,100,1,4060.7,27,4
11483,2026-07-02 15:12:41+05:30,4059.9,2,4038.25,2294520,162407.0,152449.0,4100.0,4110.0,4012.0,4092.6,25749675,4501.8,3683.4,4440.0,3288.1,4059.9,188,8,4059.7,1,1,4059.5,69,3,4059.2,11,1,4059.0,40,6,4060.0,546,7,4060.1,4,1,4060.2,1,1,4060.3,9,1,4060.4,61,7
11483,2026-07-02 15:12:42+05:30,4059.9,2,4038.25,2294520,162407.0,152449.0,4100.0,4110.0,4012.0,4092.6,25749675,4501.8,3683.4,4440.0,3288.1,4059.9,188,8,4059.7,1,1,4059.5,69,3,4059.2,11,1,4059.0,40,6,4060.0,546,7,4060.1,4,1,4060.2,1,1,4060.3,9,1,4060.4,61,7
11483,2026-07-02 15:12:42+05:30,4059.9,2,4038.25,2294520,162407.0,152449.0,4100.0,4110.0,4012.0,4092.6,25749675,4501.8,3683.4,4440.0,3288.1,4059.9,188,8,4059.7,1,1,4059.5,69,3,4059.2,11,1,4059.0,40,6,4060.0,546,7,4060.1,4,1,4060.2,1,1,4060.3,9,1,4060.4,61,7
11483,2026-07-02 15:12:42+05:30,4060.0,1,4038.25,2294596,162674.0,152497.0,4100.0,4110.0,4012.0,4092.6,25749675,4501.8,3683.4,4440.0,3288.1,4059.9,134,8,4059.7,1,1,4059.5,69,3,4059.2,11,1,4059.0,40,6,4060.0,525,8,4060.1,78,1,4060.2,64,3,4060.3,13,1,4060.4,25,2
11483,2026-07-02 15:12:43+05:30,4059.9,1,4038.25,2294596,162674.0,152497.0,4100.0,4110.0,4012.0,4092.6,25749675,4501.8,3683.4,4440.0,3288.1,4059.9,134,8,4059.7,1,1,4059.5,69,3,4059.2,11,1,4059.0,40,6,4060.0,525,8,4060.1,78,1,4060.2,64,3,4060.3,13,1,4060.4,25,2
11483,2026-07-02 15:12:43+05:30,4059.9,1,4038.25,2294596,162674.0,152497.0,4100.0,4110.0,4012.0,4092.6,25749675,4501.8,3683.4,4440.0,3288.1,4059.9,134,8,4059.7,1,1,4059.5,69,3,4059.2,11,1,4059.0,40,6,4060.0,525,8,4060.1,78,1,4060.2,64,3,4060.3,13,1,4060.4,25,2
11483,2026-07-02 15:12:43+05:30,4060.0,1,4038.25,2294729,162517.0,152552.0,4100.0,4110.0,4012.0,4092.6,25749675,4501.8,3683.4,4440.0,3288.1,4059.9,16,2,4059.8,12,1,4059.7,1,1,4059.5,69,3,4059.2,11,1,4060.0,562,13,4060.1,102,2,4060.2,46,3,4060.4,39,3,4060.5,272,6
11483,2026-07-02 15:12:44+05:30,4060.0,1,4038.25,2294729,162517.0,152552.0,4100.0,4110.0,4012.0,4092.6,25749675,4501.8,3683.4,4440.0,3288.1,4059.9,16,2,4059.8,12,1,4059.7,1,1,4059.5,69,3,4059.2,11,1,4060.0,562,13,4060.1,102,2,4060.2,46,3,4060.4,39,3,4060.5,272,6
11483,2026-07-02 15:12:44+05:30,4060.0,1,4038.25,2294729,162517.0,152552.0,4100.0,4110.0,4012.0,4092.6,25749675,4501.8,3683.4,4440.0,3288.1,4059.9,16,2,4059.8,12,1,4059.7,1,1,4059.5,69,3,4059.2,11,1,4060.0,562,13,4060.1,102,2,4060.2,46,3,4060.4,39,3,4060.5,272,6
11483,2026-07-02 15:12:44+05:30,4060.0,1,4038.25,2294729,162517.0,152552.0,4100.0,4110.0,4012.0,4092.6,25749675,4501.8,3683.4,4440.0,3288.1,4059.9,16,2,4059.8,12,1,4059.7,1,1,4059.5,69,3,4059.2,11,1,4060.0,562,13,4060.1,102,2,4060.2,46,3,4060.4,39,3,4060.5,272,6
11483,2026-07-02 15:12:44+05:30,4060.0,1,4038.25,2294747,162417.0,152508.0,4100.0,4110.0,4012.0,4092.6,25749675,4501.8,3683.4,4440.0,3288.1,4059.9,20,4,4059.8,12,1,4059.7,1,1,4059.5,69,3,4059.2,11,1,4060.0,598,16,4060.1,78,1,4060.2,46,3,4060.3,11,1,4060.4,24,1
11483,2026-07-02 15:12:45+05:30,4060.0,1,4038.25,2294747,162417.0,152508.0,4100.0,4110.0,4012.0,4092.6,25749675,4501.8,3683.4,4440.0,3288.1,4059.9,20,4,4059.8,12,1,4059.7,1,1,4059.5,69,3,4059.2,11,1,4060.0,598,16,4060.1,78,1,4060.2,46,3,4060.3,11,1,4060.4,24,1
11483,2026-07-02 15:12:45+05:30,4059.9,1,4038.25,2294747,162417.0,152508.0,4100.0,4110.0,4012.0,4092.6,25749675,4501.8,3683.4,4440.0,3288.1,4059.9,20,4,4059.8,12,1,4059.7,1,1,4059.5,69,3,4059.2,11,1,4060.0,598,16,4060.1,78,1,4060.2,46,3,4060.3,11,1,4060.4,24,1
11483,2026-07-02 15:12:45+05:30,4059.9,1,4038.25,2294747,162417.0,152508.0,4100.0,4110.0,4012.0,4092.6,25749675,4501.8,3683.4,4440.0,3288.1,4059.9,20,4,4059.8,12,1,4059.7,1,1,4059.5,69,3,4059.2,11,1,4060.0,598,16,4060.1,78,1,4060.2,46,3,4060.3,11,1,4060.4,24,1
11483,2026-07-02 15:12:45+05:30,4060.0,1,4038.25,2294783,162453.0,152415.0,4100.0,4110.0,4012.0,4092.6,25749675,4501.8,3683.4,4440.0,3288.1,4059.9,9,3,4059.8,12,1,4059.7,1,1,4059.5,69,3,4059.2,11,1,4060.0,590,16,4060.1,78,1,4060.2,40,2,4060.3,22,3,4060.4,24,1
11483,2026-07-02 15:12:45+05:30,4060.0,1,4038.25,2294783,162453.0,152415.0,4100.0,4110.0,4012.0,4092.6,25749675,4501.8,3683.4,4440.0,3288.1,4059.9,9,3,4059.8,12,1,4059.7,1,1,4059.5,69,3,4059.2,11,1,4060.0,590,16,4060.1,78,1,4060.2,40,2,4060.3,22,3,4060.4,24,1
11483,2026-07-02 15:12:46+05:30,4060.0,2,4038.25,2294783,162453.0,152415.0,4100.0,4110.0,4012.0,4092.6,25749675,4501.8,3683.4,4440.0,3288.1,4059.9,9,3,4059.8,12,1,4059.7,1,1,4059.5,69,3,4059.2,11,1,4060.0,590,16,4060.1,78,1,4060.2,40,2,4060.3,22,3,4060.4,24,1
11483,2026-07-02 15:12:46+05:30,4060.0,2,4038.25,2294783,162453.0,152415.0,4100.0,4110.0,4012.0,4092.6,25752825,4501.8,3683.4,4440.0,3288.1,4059.9,9,3,4059.8,12,1,4059.7,1,1,4059.5,69,3,4059.2,11,1,4060.0,590,16,4060.1,78,1,4060.2,40,2,4060.3,22,3,4060.4,24,1
11483,2026-07-02 15:12:46+05:30,4060.0,1,4038.25,2294818,162401.0,152528.0,4100.0,4110.0,4012.0,4092.6,25752825,4501.8,3683.4,4440.0,3288.1,4059.9,9,3,4059.8,13,2,4059.7,1,1,4059.5,69,3,4059.2,11,1,4060.0,531,15,4060.1,78,1,4060.2,40,2,4060.3,13,2,4060.4,24,1
11483,2026-07-02 15:12:47+05:30,4060.0,1,4038.25,2294818,162401.0,152528.0,4100.0,4110.0,4012.0,4092.6,25752825,4501.8,3683.4,4440.0,3288.1,4059.9,9,3,4059.8,13,2,4059.7,1,1,4059.5,69,3,4059.2,11,1,4060.0,531,15,4060.1,78,1,4060.2,40,2,4060.3,13,2,4060.4,24,1
11483,2026-07-02 15:12:47+05:30,4060.0,1,4038.25,2294818,162401.0,152528.0,4100.0,4110.0,4012.0,4092.6,25752825,4501.8,3683.4,4440.0,3288.1,4059.9,9,3,4059.8,13,2,4059.7,1,1,4059.5,69,3,4059.2,11,1,4060.0,531,15,4060.1,78,1,4060.2,40,2,4060.3,13,2,4060.4,24,1
11483,2026-07-02 15:12:47+05:30,4060.0,1,4038.25,2294818,162401.0,152528.0,4100.0,4110.0,4012.0,4092.6,25752825,4501.8,3683.4,4440.0,3288.1,4059.9,9,3,4059.8,13,2,4059.7,1,1,4059.5,69,3,4059.2,11,1,4060.0,531,15,4060.1,78,1,4060.2,40,2,4060.3,13,2,4060.4,24,1
11483,2026-07-02 15:12:47+05:30,4060.0,1,4038.25,2294847,162434.0,152578.0,4100.0,4110.0,4012.0,4092.6,25752825,4501.8,3683.4,4440.0,3288.1,4059.9,6,4,4059.8,13,2,4059.7,1,1,4059.5,69,3,4059.2,11,1,4060.0,532,16,4060.1,78,1,4060.2,40,2,4060.3,13,2,4060.4,24,1
11483,2026-07-02 15:12:48+05:30,4060.0,1,4038.25,2294847,162434.0,152578.0,4100.0,4110.0,4012.0,4092.6,25752825,4501.8,3683.4,4440.0,3288.1,4059.9,6,4,4059.8,13,2,4059.7,1,1,4059.5,69,3,4059.2,11,1,4060.0,532,16,4060.1,78,1,4060.2,40,2,4060.3,13,2,4060.4,24,1
11483,2026-07-02 15:12:48+05:30,4059.9,1,4038.25,2294847,162434.0,152578.0,4100.0,4110.0,4012.0,4092.6,25752825,4501.8,3683.4,4440.0,3288.1,4059.9,6,4,4059.8,13,2,4059.7,1,1,4059.5,69,3,4059.2,11,1,4060.0,532,16,4060.1,78,1,4060.2,40,2,4060.3,13,2,4060.4,24,1
11483,2026-07-02 15:12:48+05:30,4059.9,1,4038.25,2294847,162434.0,152578.0,4100.0,4110.0,4012.0,4092.6,25752825,4501.8,3683.4,4440.0,3288.1,4059.9,6,4,4059.8,13,2,4059.7,1,1,4059.5,69,3,4059.2,11,1,4060.0,532,16,4060.1,78,1,4060.2,40,2,4060.3,13,2,4060.4,24,1
11483,2026-07-02 15:12:48+05:30,4060.0,1,4038.25,2294855,162442.0,152550.0,4100.0,4110.0,4012.0,4092.6,25752825,4501.8,3683.4,4440.0,3288.1,4059.9,6,5,4059.8,13,2,4059.7,1,1,4059.5,69,3,4059.2,11,1,4060.0,527,17,4060.1,78,1,4060.2,40,2,4060.3,13,2,4060.4,44,2
11483,2026-07-02 15:12:49+05:30,4059.9,1,4038.25,2294855,162442.0,152550.0,4100.0,4110.0,4012.0,4092.6,25752825,4501.8,3683.4,4440.0,3288.1,4059.9,6,5,4059.8,13,2,4059.7,1,1,4059.5,69,3,4059.2,11,1,4060.0,527,17,4060.1,78,1,4060.2,40,2,4060.3,13,2,4060.4,44,2
11483,2026-07-02 15:12:49+05:30,4060.0,1,4038.25,2294929,162640.0,152695.0,4100.0,4110.0,4012.0,4092.6,25752825,4501.8,3683.4,4440.0,3288.1,4059.8,13,2,4059.7,1,1,4059.5,69,3,4059.2,11,1,4059.0,40,6,4060.0,523,16,4060.1,78,1,4060.2,40,2,4060.3,15,2,4060.4,44,2
11483,2026-07-02 15:12:50+05:30,4059.8,1,4038.25,2294929,162640.0,152695.0,4100.0,4110.0,4012.0,4092.6,25752825,4501.8,3683.4,4440.0,3288.1,4059.8,13,2,4059.7,1,1,4059.5,69,3,4059.2,11,1,4059.0,40,6,4060.0,523,16,4060.1,78,1,4060.2,40,2,4060.3,15,2,4060.4,44,2
11483,2026-07-02 15:12:50+05:30,4060.0,1,4038.25,2294931,162168.0,152760.0,4100.0,4110.0,4012.0,4092.6,25752825,4501.8,3683.4,4440.0,3288.1,4059.9,1,1,4059.8,1,1,4059.7,1,1,4059.6,12,1,4059.5,69,3,4060.0,570,19,4060.1,78,1,4060.2,39,1,4060.3,15,2,4060.4,44,2
11483,2026-07-02 15:12:51+05:30,4060.0,2,4038.25,2294931,162168.0,152760.0,4100.0,4110.0,4012.0,4092.6,25752825,4501.8,3683.4,4440.0,3288.1,4059.9,1,1,4059.8,1,1,4059.7,1,1,4059.6,12,1,4059.5,69,3,4060.0,570,19,4060.1,78,1,4060.2,39,1,4060.3,15,2,4060.4,44,2
11483,2026-07-02 15:12:51+05:30,4059.8,9,4038.25,2294963,162238.0,152618.0,4100.0,4110.0,4012.0,4092.6,25752825,4501.8,3683.4,4440.0,3288.1,4059.8,18,2,4059.7,1,1,4059.5,69,3,4059.2,11,1,4059.0,57,7,4060.0,570,21,4060.1,78,1,4060.2,39,1,4060.3,13,1,4060.4,20,1
11483,2026-07-02 15:12:52+05:30,4059.8,1,4038.25,2294963,162238.0,152618.0,4100.0,4110.0,4012.0,4092.6,25752825,4501.8,3683.4,4440.0,3288.1,4059.8,18,2,4059.7,1,1,4059.5,69,3,4059.2,11,1,4059.0,57,7,4060.0,570,21,4060.1,78,1,4060.2,39,1,4060.3,13,1,4060.4,20,1
11483,2026-07-02 15:12:52+05:30,4060.0,1,4038.25,2294968,162670.0,152666.0,4100.0,4110.0,4012.0,4092.6,25752825,4501.8,3683.4,4440.0,3288.1,4059.9,17,2,4059.8,17,2,4059.7,1,1,4059.6,5,1,4059.5,69,3,4060.0,568,21,4060.1,78,1,4060.2,39,1,4060.3,13,1,4060.4,20,1
11483,2026-07-02 15:12:53+05:30,4060.0,1,4038.25,2294968,162670.0,152666.0,4100.0,4110.0,4012.0,4092.6,25752825,4501.8,3683.4,4440.0,3288.1,4059.9,17,2,4059.8,17,2,4059.7,1,1,4059.6,5,1,4059.5,69,3,4060.0,568,21,4060.1,78,1,4060.2,39,1,4060.3,13,1,4060.4,20,1
11483,2026-07-02 15:12:53+05:30,4060.0,1,4038.25,2294969,162675.0,152733.0,4100.0,4110.0,4012.0,4092.6,25752825,4501.8,3683.4,4440.0,3288.1,4059.9,20,3,4059.8,19,4,4059.7,1,1,4059.6,5,1,4059.5,69,3,4060.0,567,21,4060.1,78,1,4060.2,39,1,4060.3,13,1,4060.4,20,1
11483,2026-07-02 15:12:54+05:30,4060.0,10,4038.25,2294969,162675.0,152733.0,4100.0,4110.0,4012.0,4092.6,25752825,4501.8,3683.4,4440.0,3288.1,4059.9,20,3,4059.8,19,4,4059.7,1,1,4059.6,5,1,4059.5,69,3,4060.0,567,21,4060.1,78,1,4060.2,39,1,4060.3,13,1,4060.4,20,1
11483,2026-07-02 15:12:54+05:30,4060.0,1,4038.25,2295006,162587.0,152766.0,4100.0,4110.0,4012.0,4092.6,25752825,4501.8,3683.4,4440.0,3288.1,4059.8,6,4,4059.7,1,1,4059.6,5,1,4059.5,69,3,4059.4,7,1,4060.0,594,22,4060.1,78,1,4060.2,39,1,4060.3,15,1,4060.4,20,1
11483,2026-07-02 15:12:55+05:30,4060.0,1,4038.25,2295006,162587.0,152766.0,4100.0,4110.0,4012.0,4092.6,25752825,4501.8,3683.4,4440.0,3288.1,4059.8,6,4,4059.7,1,1,4059.6,5,1,4059.5,69,3,4059.4,7,1,4060.0,594,22,4060.1,78,1,4060.2,39,1,4060.3,15,1,4060.4,20,1
11483,2026-07-02 15:12:56+05:30,4059.9,2,4038.25,2295097,162714.0,152700.0,4100.0,4110.0,4012.0,4092.6,25752825,4501.8,3683.4,4440.0,3288.1,4059.9,2,2,4059.8,4,3,4059.7,1,1,4059.6,5,1,4059.5,69,3,4060.0,506,20,4060.1,78,1,4060.2,39,1,4060.3,15,1,4060.4,20,1
11483,2026-07-02 15:12:56+05:30,4059.9,2,4038.25,2295097,162714.0,152700.0,4100.0,4110.0,4012.0,4092.6,25752825,4501.8,3683.4,4440.0,3288.1,4059.9,2,2,4059.8,4,3,4059.7,1,1,4059.6,5,1,4059.5,69,3,4060.0,506,20,4060.1,78,1,4060.2,39,1,4060.3,15,1,4060.4,20,1
11483,2026-07-02 15:12:57+05:30,4059.9,1,4038.25,2295097,162714.0,152700.0,4100.0,4110.0,4012.0,4092.6,25752825,4501.8,3683.4,4440.0,3288.1,4059.9,2,2,4059.8,4,3,4059.7,1,1,4059.6,5,1,4059.5,69,3,4060.0,506,20,4060.1,78,1,4060.2,39,1,4060.3,15,1,4060.4,20,1
11483,2026-07-02 15:12:57+05:30,4059.9,1,4038.25,2295210,162720.0,152688.0,4100.0,4110.0,4012.0,4092.6,25752825,4501.8,3683.4,4440.0,3288.1,4059.8,11,5,4059.7,1,1,4059.6,5,1,4059.5,69,3,4059.4,24,2,4059.9,11,2,4060.0,512,22,4060.1,78,1,4060.2,39,1,4060.4,20,1
11483,2026-07-02 15:12:58+05:30,4059.8,1,4038.25,2295210,162720.0,152688.0,4100.0,4110.0,4012.0,4092.6,25752825,4501.8,3683.4,4440.0,3288.1,4059.8,11,5,4059.7,1,1,4059.6,5,1,4059.5,69,3,4059.4,24,2,4059.9,11,2,4060.0,512,22,4060.1,78,1,4060.2,39,1,4060.4,20,1
11483,2026-07-02 15:12:58+05:30,4059.9,2,4038.25,2295215,162781.0,152703.0,4100.0,4110.0,4012.0,4092.6,25752825,4501.8,3683.4,4440.0,3288.1,4059.8,12,5,4059.7,1,1,4059.6,5,1,4059.5,69,3,4059.4,7,1,4059.9,19,5,4060.0,501,17,4060.1,78,1,4060.2,39,1,4060.4,20,1
11483,2026-07-02 15:12:59+05:30,4059.9,1,4038.25,2295215,162781.0,152703.0,4100.0,4110.0,4012.0,4092.6,25752825,4501.8,3683.4,4440.0,3288.1,4059.8,12,5,4059.7,1,1,4059.6,5,1,4059.5,69,3,4059.4,7,1,4059.9,19,5,4060.0,501,17,4060.1,78,1,4060.2,39,1,4060.4,20,1
11483,2026-07-02 15:12:59+05:30,4059.9,1,4038.25,2295225,162595.0,152659.0,4100.0,4110.0,4012.0,4092.6,25752825,4501.8,3683.4,4440.0,3288.1,4059.8,13,5,4059.7,1,1,4059.5,69,3,4059.3,7,1,4059.2,21,2,4059.9,66,11,4060.0,512,13,4060.1,78,1,4060.2,39,1,4060.4,20,1
11483,2026-07-02 15:13:00+05:30,4059.8,3,4038.25,2295225,162595.0,152659.0,4100.0,4110.0,4012.0,4092.6,25752825,4501.8,3683.4,4440.0,3288.1,4059.8,13,5,4059.7,1,1,4059.5,69,3,4059.3,7,1,4059.2,21,2,4059.9,66,11,4060.0,512,13,4060.1,78,1,4060.2,39,1,4060.4,20,1
11483,2026-07-02 15:13:00+05:30,4059.9,3,4038.25,2295320,162859.0,152676.0,4100.0,4110.0,4012.0,4092.6,25752825,4501.8,3683.4,4440.0,3288.1,4059.8,24,5,4059.7,1,1,4059.5,72,4,4059.3,9,1,4059.2,21,2,4059.9,182,7,4060.0,415,10,4060.1,78,1,4060.2,39,1,4060.4,20,1
11483,2026-07-02 15:13:01+05:30,4059.9,32,4038.25,2295320,162859.0,152676.0,4100.0,4110.0,4012.0,4092.6,25752825,4501.8,3683.4,4440.0,3288.1,4059.8,24,5,4059.7,1,1,4059.5,72,4,4059.3,9,1,4059.2,21,2,4059.9,182,7,4060.0,415,10,4060.1,78,1,4060.2,39,1,4060.4,20,1
11483,2026-07-02 15:13:01+05:30,4059.8,1,4038.25,2295429,162606.0,152605.0,4100.0,4110.0,4012.0,4092.6,25752825,4501.8,3683.4,4440.0,3288.1,4059.8,13,5,4059.7,1,1,4059.5,72,4,4059.2,69,4,4059.1,17,1,4059.9,115,8,4060.0,411,9,4060.1,78,1,4060.2,39,1,4060.4,20,1
11483,2026-07-02 15:13:02+05:30,4059.9,38,4038.25,2295429,162606.0,152605.0,4100.0,4110.0,4012.0,4092.6,25752825,4501.8,3683.4,4440.0,3288.1,4059.8,13,5,4059.7,1,1,4059.5,72,4,4059.2,69,4,4059.1,17,1,4059.9,115,8,4060.0,411,9,4060.1,78,1,4060.2,39,1,4060.4,20,1
11483,2026-07-02 15:13:02+05:30,4059.9,1,4038.26,2295469,162824.0,152567.0,4100.0,4110.0,4012.0,4092.6,25752825,4501.8,3683.4,4440.0,3288.1,4059.8,8,4,4059.7,1,1,4059.5,72,4,4059.2,69,4,4059.1,2,1,4059.9,77,9,4060.0,438,10,4060.1,78,1,4060.2,39,1,4060.4,20,1
11483,2026-07-02 15:13:03+05:30,4059.8,1,4038.26,2295469,162824.0,152567.0,4100.0,4110.0,4012.0,4092.6,25752825,4501.8,3683.4,4440.0,3288.1,4059.8,8,4,4059.7,1,1,4059.5,72,4,4059.2,69,4,4059.1,2,1,4059.9,77,9,4060.0,438,10,4060.1,78,1,4060.2,39,1,4060.4,20,1
11483,2026-07-02 15:13:03+05:30,4059.8,1,4038.26,2295477,162787.0,152577.0,4100.0,4110.0,4012.0,4092.6,25752825,4501.8,3683.4,4440.0,3288.1,4059.8,4,2,4059.7,1,1,4059.5,72,4,4059.2,29,3,4059.1,2,1,4059.9,79,10,4060.0,438,10,4060.1,78,1,4060.2,39,1,4060.4,20,1
11483,2026-07-02 15:13:04+05:30,4059.8,1,4038.26,2295477,162787.0,152577.0,4100.0,4110.0,4012.0,4092.6,25752825,4501.8,3683.4,4440.0,3288.1,4059.8,4,2,4059.7,1,1,4059.5,72,4,4059.2,29,3,4059.1,2,1,4059.9,79,10,4060.0,438,10,4060.1,78,1,4060.2,39,1,4060.4,20,1
11483,2026-07-02 15:13:04+05:30,4059.9,1,4038.26,2295654,162871.0,151115.0,4100.0,4110.0,4012.0,4092.6,25752825,4501.8,3683.4,4440.0,3288.1,4059.9,15,1,4059.8,4,2,4059.7,1,1,4059.5,72,4,4059.2,21,2,4060.0,388,9,4060.1,78,1,4060.2,39,1,4060.4,20,1,4060.5,125,2
11483,2026-07-02 15:13:05+05:30,4060.0,50,4038.26,2295654,162871.0,151115.0,4100.0,4110.0,4012.0,4092.6,25752825,4501.8,3683.4,4440.0,3288.1,4059.9,15,1,4059.8,4,2,4059.7,1,1,4059.5,72,4,4059.2,21,2,4060.0,388,9,4060.1,78,1,4060.2,39,1,4060.4,20,1,4060.5,125,2
11483,2026-07-02 15:13:05+05:30,4060.1,20,4038.26,2296259,162821.0,150876.0,4100.0,4110.0,4012.0,4092.6,25752825,4501.8,3683.4,4440.0,3288.1,4060.0,8,1,4059.8,21,4,4059.7,6,2,4059.5,72,4,4059.4,64,2,4060.1,45,1,4060.2,39,1,4060.4,20,1,4060.5,125,2,4060.8,55,2
11483,2026-07-02 15:13:06+05:30,4060.0,13,4038.26,2296259,162821.0,150876.0,4100.0,4110.0,4012.0,4092.6,25752825,4501.8,3683.4,4440.0,3288.1,4060.0,8,1,4059.8,21,4,4059.7,6,2,4059.5,72,4,4059.4,64,2,4060.1,45,1,4060.2,39,1,4060.4,20,1,4060.5,125,2,4060.8,55,2
11483,2026-07-02 15:13:06+05:30,4060.0,1,4038.26,2296382,162773.0,150662.0,4100.0,4110.0,4012.0,4092.6,25752825,4501.8,3683.4,4440.0,3288.1,4060.0,16,1,4059.8,24,3,4059.7,30,5,4059.6,27,3,4059.5,55,3,4060.1,44,2,4060.2,39,1,4060.4,20,1,4060.5,100,1,4060.8,73,3
11483,2026-07-02 15:13:07+05:30,4060.1,2,4038.26,2296382,162773.0,150662.0,4100.0,4110.0,4012.0,4092.6,25752825,4501.8,3683.4,4440.0,3288.1,4060.0,16,1,4059.8,24,3,4059.7,30,5,4059.6,27,3,4059.5,55,3,4060.1,44,2,4060.2,39,1,4060.4,20,1,4060.5,100,1,4060.8,73,3
11483,2026-07-02 15:13:07+05:30,4059.7,11,4038.27,2296878,162551.0,151235.0,4100.0,4110.0,4012.0,4092.6,25752825,4501.8,3683.4,4440.0,3288.1,4059.7,23,5,4059.6,21,2,4059.5,55,3,4059.4,8,1,4059.2,22,2,4060.1,318,2,4060.2,39,1,4060.4,20,1,4060.5,100,1,4060.8,73,3
11483,2026-07-02 15:13:08+05:30,4059.7,11,4038.27,2296878,162551.0,151235.0,4100.0,4110.0,4012.0,4092.6,25752825,4501.8,3683.4,4440.0,3288.1,4059.7,23,5,4059.6,21,2,4059.5,55,3,4059.4,8,1,4059.2,22,2,4060.1,318,2,4060.2,39,1,4060.4,20,1,4060.5,100,1,4060.8,73,3
11483,2026-07-02 15:13:08+05:30,4059.8,63,4038.27,2296944,162350.0,151368.0,4100.0,4110.0,4012.0,4092.6,25752825,4501.8,3683.4,4440.0,3288.1,4059.7,17,4,4059.6,35,4,4059.5,55,3,4059.4,5,1,4059.2,22,2,4059.8,35,1,4060.1,374,4,4060.2,39,1,4060.4,20,1,4060.5,100,1
11483,2026-07-02 15:13:09+05:30,4059.8,1,4038.27,2296944,162350.0,151368.0,4100.0,4110.0,4012.0,4092.6,25752825,4501.8,3683.4,4440.0,3288.1,4059.7,17,4,4059.6,35,4,4059.5,55,3,4059.4,5,1,4059.2,22,2,4059.8,35,1,4060.1,374,4,4060.2,39,1,4060.4,20,1,4060.5,100,1
11483,2026-07-02 15:13:10+05:30,4059.6,1,4038.27,2297089,162110.0,151237.0,4100.0,4110.0,4012.0,4092.6,25752825,4501.8,3683.4,4440.0,3288.1,4059.6,10,1,4059.5,55,3,4059.4,12,1,4059.3,12,1,4059.2,22,2,4059.7,247,1,4059.8,100,4,4060.1,7,2,4060.2,39,1,4060.4,20,1
11483,2026-07-02 15:13:10+05:30,4057.5,2,4038.27,2297089,162110.0,151237.0,4100.0,4110.0,4012.0,4092.6,25752825,4501.8,3683.4,4440.0,3288.1,4059.6,10,1,4059.5,55,3,4059.4,12,1,4059.3,12,1,4059.2,22,2,4059.7,247,1,4059.8,100,4,4060.1,7,2,4060.2,39,1,4060.4,20,1
11483,2026-07-02 15:13:11+05:30,4059.6,1,4038.3,2300761,160350.0,152059.0,4100.0,4110.0,4012.0,4092.6,25752825,4501.8,3683.4,4440.0,3288.1,4058.1,24,2,4058.0,15,1,4057.9,33,2,4057.8,14,1,4057.7,36,3,4059.6,308,3,4059.7,65,5,4059.8,274,9,4059.9,74,3,4060.0,353,3
11483,2026-07-02 15:13:11+05:30,4059.6,1,4038.3,2300761,160350.0,152059.0,4100.0,4110.0,4012.0,4092.6,25752825,4501.8,3683.4,4440.0,3288.1,4058.1,24,2,4058.0,15,1,4057.9,33,2,4057.8,14,1,4057.7,36,3,4059.6,308,3,4059.7,65,5,4059.8,274,9,4059.9,74,3,4060.0,353,3
11483,2026-07-02 15:13:12+05:30,4059.5,1,4038.3,2300761,160350.0,152059.0,4100.0,4110.0,4012.0,4092.6,25752825,4501.8,3683.4,4440.0,3288.1,4058.1,24,2,4058.0,15,1,4057.9,33,2,4057.8,14,1,4057.7,36,3,4059.6,308,3,4059.7,65,5,4059.8,274,9,4059.9,74,3,4060.0,353,3
11483,2026-07-02 15:13:12+05:30,4059.5,1,4038.3,2300773,160838.0,152293.0,4100.0,4110.0,4012.0,4092.6,25752825,4501.8,3683.4,4440.0,3288.1,4058.2,1,1,4058.1,59,3,4057.8,14,1,4057.7,17,2,4057.6,23,1,4059.5,315,4,4059.6,273,11,4059.7,108,5,4059.8,235,7,4059.9,50,2
11483,2026-07-02 15:13:13+05:30,4059.5,1,4038.3,2300773,160838.0,152293.0,4100.0,4110.0,4012.0,4092.6,25752825,4501.8,3683.4,4440.0,3288.1,4058.2,1,1,4058.1,59,3,4057.8,14,1,4057.7,17,2,4057.6,23,1,4059.5,315,4,4059.6,273,11,4059.7,108,5,4059.8,235,7,4059.9,50,2
11483,2026-07-02 15:13:13+05:30,4059.5,1,4038.3,2300778,160871.0,152288.0,4100.0,4110.0,4012.0,4092.6,25752825,4501.8,3683.4,4440.0,3288.1,4058.2,2,2,4058.1,60,4,4057.8,14,1,4057.7,17,2,4057.6,23,1,4059.5,317,6,4059.6,270,10,4059.7,80,3,4059.8,235,7,4059.9,50,2
11483,2026-07-02 15:13:14+05:30,4059.5,1,4038.3,2300778,160871.0,152288.0,4100.0,4110.0,4012.0,4092.6,25752825,4501.8,3683.4,4440.0,3288.1,4058.2,2,2,4058.1,60,4,4057.8,14,1,4057.7,17,2,4057.6,23,1,4059.5,317,6,4059.6,270,10,4059.7,80,3,4059.8,235,7,4059.9,50,2
11483,2026-07-02 15:13:14+05:30,4058.1,1,4038.3,2300801,160870.0,151078.0,4100.0,4110.0,4012.0,4092.6,25752825,4501.8,3683.4,4440.0,3288.1,4058.2,11,1,4058.1,87,5,4057.9,3,1,4057.8,18,2,4057.7,23,3,4059.5,276,5,4059.6,113,4,4059.7,56,2,4059.8,237,6,4059.9,63,3
11483,2026-07-02 15:13:15+05:30,4059.5,1,4038.3,2300801,160870.0,151078.0,4100.0,4110.0,4012.0,4092.6,25752825,4501.8,3683.4,4440.0,3288.1,4058.2,11,1,4058.1,87,5,4057.9,3,1,4057.8,18,2,4057.7,23,3,4059.5,276,5,4059.6,113,4,4059.7,56,2,4059.8,237,6,4059.9,63,3
11483,2026-07-02 15:13:15+05:30,4059.5,1,4038.3,2300806,160829.0,151548.0,4100.0,4110.0,4012.0,4092.6,25752825,4501.8,3683.4,4440.0,3288.1,4058.1,74,5,4058.0,27,1,4057.9,3,1,4057.8,18,2,4057.7,17,2,4059.5,423,12,4059.6,89,3,4059.7,62,3,4059.8,214,5,4059.9,50,2
11483,2026-07-02 15:13:16+05:30,4059.4,1,4038.3,2300806,160829.0,151548.0,4100.0,4110.0,4012.0,4092.6,25752825,4501.8,3683.4,4440.0,3288.1,4058.1,74,5,4058.0,27,1,4057.9,3,1,4057.8,18,2,4057.7,17,2,4059.5,423,12,4059.6,89,3,4059.7,62,3,4059.8,214,5,4059.9,50,2
11483,2026-07-02 15:13:16+05:30,4059.4,1,4038.3,2300813,160843.0,151673.0,4100.0,4110.0,4012.0,4092.6,25752825,4501.8,3683.4,4440.0,3288.1,4058.1,72,4,4058.0,28,2,4057.9,17,1,4057.8,1,1,4057.7,14,1,4059.4,64,1,4059.5,552,14,4059.6,122,4,4059.7,62,3,4059.8,188,4
11483,2026-07-02 15:13:17+05:30,4059.4,1,4038.3,2300813,160843.0,151673.0,4100.0,4110.0,4012.0,4092.6,25752825,4501.8,3683.4,4440.0,3288.1,4058.1,72,4,4058.0,28,2,4057.9,17,1,4057.8,1,1,4057.7,14,1,4059.4,64,1,4059.5,552,14,4059.6,122,4,4059.7,62,3,4059.8,188,4
11483,2026-07-02 15:13:17+05:30,4058.7,1,4038.3,2300900,160837.0,151618.0,4100.0,4110.0,4012.0,4092.6,25752825,4501.8,3683.4,4440.0,3288.1,4058.7,5,1,4058.2,1,1,4058.1,15,4,4058.0,28,2,4057.9,17,1,4059.4,280,4,4059.5,216,8,4059.6,12,1,4059.7,88,4,4059.8,164,5
11483,2026-07-02 15:13:18+05:30,4059.4,1,4038.3,2300900,160837.0,151618.0,4100.0,4110.0,4012.0,4092.6,25752825,4501.8,3683.4,4440.0,3288.1,4058.7,5,1,4058.2,1,1,4058.1,15,4,4058.0,28,2,4057.9,17,1,4059.4,280,4,4059.5,216,8,4059.6,12,1,4059.7,88,4,4059.8,164,5
11483,2026-07-02 15:13:18+05:30,4059.4,1,4038.3,2300952,160890.0,151551.0,4100.0,4110.0,4012.0,4092.6,25752825,4501.8,3683.4,4440.0,3288.1,4058.7,5,2,4058.2,15,2,4058.1,12,3,4058.0,28,2,4057.9,17,1,4059.4,309,7,4059.5,189,6,4059.6,12,1,4059.7,82,3,4059.8,164,5
11483,2026-07-02 15:13:19+05:30,4059.4,1,4038.3,2300952,160890.0,151551.0,4100.0,4110.0,4012.0,4092.6,25752825,4501.8,3683.4,4440.0,3288.1,4058.7,5,2,4058.2,15,2,4058.1,12,3,4058.0,28,2,4057.9,17,1,4059.4,309,7,4059.5,189,6,4059.6,12,1,4059.7,82,3,4059.8,164,5
11483,2026-07-02 15:13:19+05:30,4059.4,1,4038.3,2300957,160887.0,151423.0,4100.0,4110.0,4012.0,4092.6,25752825,4501.8,3683.4,4440.0,3288.1,4058.7,3,2,4058.2,1,1,4058.1,12,3,4058.0,28,2,4057.8,1,1,4059.4,486,14,4059.5,70,2,4059.6,53,2,4059.7,88,4,4059.8,188,6
11483,2026-07-02 15:13:20+05:30,4059.3,1,4038.3,2300957,160887.0,151423.0,4100.0,4110.0,4012.0,4092.6,25752825,4501.8,3683.4,4440.0,3288.1,4058.7,3,2,4058.2,1,1,4058.1,12,3,4058.0,28,2,4057.8,1,1,4059.4,486,14,4059.5,70,2,4059.6,53,2,4059.7,88,4,4059.8,188,6
11483,2026-07-02 15:13:21+05:30,4058.1,2,4038.3,2300999,161103.0,151662.0,4100.0,4110.0,4012.0,4092.6,25752825,4501.8,3683.4,4440.0,3288.1,4058.1,50,2,4058.0,28,2,4057.8,1,1,4057.5,37,2,4057.4,33,2,4059.3,284,3,4059.4,277,15,4059.5,146,4,4059.6,70,3,4059.7,80,3
11483,2026-07-02 15:13:21+05:30,4058.1,2,4038.3,2300999,161103.0,151662.0,4100.0,4110.0,4012.0,4092.6,25752825,4501.8,3683.4,4440.0,3288.1,4058.1,50,2,4058.0,28,2,4057.8,1,1,4057.5,37,2,4057.4,33,2,4059.3,284,3,4059.4,277,15,4059.5,146,4,4059.6,70,3,4059.7,80,3
11483,2026-07-02 15:13:22+05:30,4058.7,1,4038.3,2301000,161015.0,151457.0,4100.0,4110.0,4012.0,4092.6,25752825,4501.8,3683.4,4440.0,3288.1,4058.7,49,1,4058.2,75,1,4058.1,4,3,4058.0,28,2,4057.9,13,1,4059.3,484,14,4059.4,23,2,4059.5,99,3,4059.6,20,1,4059.7,71,2
11483,2026-07-02 15:13:22+05:30,4058.7,1,4038.3,2301000,161015.0,151457.0,4100.0,4110.0,4012.0,4092.6,25752825,4501.8,3683.4,4440.0,3288.1,4058.7,49,1,4058.2,75,1,4058.1,4,3,4058.0,28,2,4057.9,13,1,4059.3,484,14,4059.4,23,2,4059.5,99,3,4059.6,20,1,4059.7,71,2
11483,2026-07-02 15:13:23+05:30,4058.7,1,4038.31,2301121,161087.0,151303.0,4100.0,4110.0,4012.0,4092.6,25752825,4501.8,3683.4,4440.0,3288.1,4058.7,52,3,4058.2,75,1,4058.1,2,1,4058.0,28,2,4057.9,13,1,4059.3,419,17,4059.4,23,2,4059.5,20,1,4059.7,96,2,4059.8,108,4
11483,2026-07-02 15:13:23+05:30,4058.7,1,4038.31,2301121,161087.0,151303.0,4100.0,4110.0,4012.0,4092.6,25752825,4501.8,3683.4,4440.0,3288.1,4058.7,52,3,4058.2,75,1,4058.1,2,1,4058.0,28,2,4057.9,13,1,4059.3,419,17,4059.4,23,2,4059.5,20,1,4059.7,96,2,4059.8,108,4
11483,2026-07-02 15:13:24+05:30,4059.2,20,4038.31,2301169,161357.0,151427.0,4100.0,4110.0,4012.0,4092.6,25752825,4501.8,3683.4,4440.0,3288.1,4059.2,5,1,4058.7,52,3,4058.4,10,1,4058.2,88,2,4058.1,2,1,4059.3,418,17,4059.4,1,1,4059.8,35,2,4060.0,850,6,4060.1,90,4
11483,2026-07-02 15:13:24+05:30,4059.2,20,4038.31,2301169,161357.0,151427.0,4100.0,4110.0,4012.0,4092.6,25752825,4501.8,3683.4,4440.0,3288.1,4059.2,5,1,4058.7,52,3,4058.4,10,1,4058.2,88,2,4058.1,2,1,4059.3,418,17,4059.4,1,1,4059.8,35,2,4060.0,850,6,4060.1,90,4
11483,2026-07-02 15:13:25+05:30,4059.2,3,4038.31,2301169,161357.0,151427.0,4100.0,4110.0,4012.0,4092.6,25752825,4501.8,3683.4,4440.0,3288.1,4059.2,5,1,4058.7,52,3,4058.4,10,1,4058.2,88,2,4058.1,2,1,4059.3,418,17,4059.4,1,1,4059.8,35,2,4060.0,850,6,4060.1,90,4
11483,2026-07-02 15:13:25+05:30,4059.2,3,4038.31,2301290,161617.0,151503.0,4100.0,4110.0,4012.0,4092.6,25752825,4501.8,3683.4,4440.0,3288.1,4059.2,95,4,4059.0,31,3,4058.7,7,1,4058.6,8,1,4058.5,17,1,4059.3,415,17,4059.4,1,1,4059.5,150,1,4059.8,33,1,4060.0,850,6
11483,2026-07-02 15:13:26+05:30,4059.2,1,4038.31,2301291,161679.0,151651.0,4100.0,4110.0,4012.0,4092.6,25752825,4501.8,3683.4,4440.0,3288.1,4059.2,94,4,4059.0,28,2,4058.4,20,2,4058.2,88,2,4058.1,52,3,4059.3,415,17,4059.4,1,1,4059.5,150,1,4059.7,24,1,4059.8,100,2
11483,2026-07-02 15:13:26+05:30,4059.2,1,4038.31,2301291,161679.0,151651.0,4100.0,4110.0,4012.0,4092.6,25752825,4501.8,3683.4,4440.0,3288.1,4059.2,94,4,4059.0,28,2,4058.4,20,2,4058.2,88,2,4058.1,52,3,4059.3,415,17,4059.4,1,1,4059.5,150,1,4059.7,24,1,4059.8,100,2
11483,2026-07-02 15:13:27+05:30,4059.2,1,4038.31,2301401,161635.0,151670.0,4100.0,4110.0,4012.0,4092.6,25752825,4501.8,3683.4,4440.0,3288.1,4059.2,91,4,4059.0,31,3,4058.8,6,1,4058.6,8,1,4058.4,20,2,4059.3,405,17,4059.4,1,1,4059.5,150,1,4059.7,24,1,4059.8,100,2
11483,2026-07-02 15:13:27+05:30,4059.2,11,4038.31,2301401,161635.0,151670.0,4100.0,4110.0,4012.0,4092.6,25752825,4501.8,3683.4,4440.0,3288.1,4059.2,91,4,4059.0,31,3,4058.8,6,1,4058.6,8,1,4058.4,20,2,4059.3,405,17,4059.4,1,1,4059.5,150,1,4059.7,24,1,4059.8,100,2
11483,2026-07-02 15:13:28+05:30,4059.2,1,4038.31,2301454,161651.0,151632.0,4100.0,4110.0,4012.0,4092.6,25752825,4501.8,3683.4,4440.0,3288.1,4059.2,92,4,4059.0,28,2,4058.9,12,1,4058.8,20,2,4058.6,8,1,4059.3,403,17,4059.4,1,1,4059.5,150,1,4059.6,12,1,4059.7,24,1
11483,2026-07-02 15:13:28+05:30,4059.2,1,4038.31,2301454,161651.0,151632.0,4100.0,4110.0,4012.0,4092.6,25752825,4501.8,3683.4,4440.0,3288.1,4059.2,92,4,4059.0,28,2,4058.9,12,1,4058.8,20,2,4058.6,8,1,4059.3,403,17,4059.4,1,1,4059.5,150,1,4059.6,12,1,4059.7,24,1
11483,2026-07-02 15:13:29+05:30,4059.2,1,4038.31,2301645,161626.0,151360.0,4100.0,4110.0,4012.0,4092.6,25752825,4501.8,3683.4,4440.0,3288.1,4059.2,88,5,4059.0,28,2,4058.9,12,1,4058.8,14,1,4058.6,8,1,4059.3,231,14,4059.4,1,1,4059.5,150,1,4059.7,24,1,4059.8,100,2
11483,2026-07-02 15:13:29+05:30,4059.3,1,4038.31,2301645,161626.0,151360.0,4100.0,4110.0,4012.0,4092.6,25752825,4501.8,3683.4,4440.0,3288.1,4059.2,88,5,4059.0,28,2,4058.9,12,1,4058.8,14,1,4058.6,8,1,4059.3,231,14,4059.4,1,1,4059.5,150,1,4059.7,24,1,4059.8,100,2
11483,2026-07-02 15:13:30+05:30,4059.2,2,4038.31,2301645,161626.0,151360.0,4100.0,4110.0,4012.0,4092.6,25752825,4501.8,3683.4,4440.0,3288.1,4059.2,88,5,4059.0,28,2,4058.9,12,1,4058.8,14,1,4058.6,8,1,4059.3,231,14,4059.4,1,1,4059.5,150,1,4059.7,24,1,4059.8,100,2
11483,2026-07-02 15:13:30+05:30,4059.2,2,4038.31,2301649,161629.0,151341.0,4100.0,4110.0,4012.0,4092.6,25752825,4501.8,3683.4,4440.0,3288.1,4059.2,85,5,4059.0,28,2,4058.9,12,1,4058.8,14,1,4058.6,8,1,4059.3,226,13,4059.5,150,1,4059.7,24,1,4059.8,100,2,4059.9,6,1
11483,2026-07-02 15:13:31+05:30,4059.2,37,4038.31,2301649,161629.0,151341.0,4100.0,4110.0,4012.0,4092.6,25752825,4501.8,3683.4,4440.0,3288.1,4059.2,85,5,4059.0,28,2,4058.9,12,1,4058.8,14,1,4058.6,8,1,4059.3,226,13,4059.5,150,1,4059.7,24,1,4059.8,100,2,4059.9,6,1
11483,2026-07-02 15:13:31+05:30,4059.2,37,4038.31,2301769,161612.0,151334.0,4100.0,4110.0,4012.0,4092.6,25752825,4501.8,3683.4,4440.0,3288.1,4059.2,75,6,4059.1,2,1,4059.0,28,2,4058.9,12,1,4058.8,20,2,4059.3,176,13,4059.5,150,1,4059.7,30,2,4059.8,100,2,4060.0,1046,7
11483,2026-07-02 15:13:32+05:30,4059.3,6,4038.31,2301769,161612.0,151334.0,4100.0,4110.0,4012.0,4092.6,25752825,4501.8,3683.4,4440.0,3288.1,4059.2,75,6,4059.1,2,1,4059.0,28,2,4058.9,12,1,4058.8,20,2,4059.3,176,13,4059.5,150,1,4059.7,30,2,4059.8,100,2,4060.0,1046,7
11483,2026-07-02 15:13:32+05:30,4059.3,6,4038.31,2302075,161811.0,150974.0,4100.0,4110.0,4012.0,4092.6,25752825,4501.8,3683.4,4440.0,3288.1,4059.4,76,1,4059.2,105,4,4059.0,28,2,4058.9,12,1,4058.8,20,2,4059.5,150,1,4059.7,24,1,4059.8,100,2,4060.0,1046,7,4060.1,5,1
11483,2026-07-02 15:13:33+05:30,4059.2,12,4038.31,2302075,161811.0,150974.0,4100.0,4110.0,4012.0,4092.6,25752825,4501.8,3683.4,4440.0,3288.1,4059.4,76,1,4059.2,105,4,4059.0,28,2,4058.9,12,1,4058.8,20,2,4059.5,150,1,4059.7,24,1,4059.8,100,2,4060.0,1046,7,4060.1,5,1
11483,2026-07-02 15:13:33+05:30,4059.2,12,4038.32,2302626,161799.0,151149.0,4100.0,4110.0,4012.0,4092.6,25752825,4501.8,3683.4,4440.0,3288.1,4059.4,19,1,4059.2,86,3,4059.0,28,2,4058.9,12,1,4058.8,14,1,4059.5,152,2,4059.7,24,1,4059.8,100,2,4060.0,1047,8,4060.1,61,2
11483,2026-07-02 15:13:34+05:30,4059.7,39,4038.32,2302626,161799.0,151149.0,4100.0,4110.0,4012.0,4092.6,25752825,4501.8,3683.4,4440.0,3288.1,4059.4,19,1,4059.2,86,3,4059.0,28,2,4058.9,12,1,4058.8,14,1,4059.5,152,2,4059.7,24,1,4059.8,100,2,4060.0,1047,8,4060.1,61,2
11483,2026-07-02 15:13:34+05:30,4059.4,2,4038.32,2302901,161815.0,150929.0,4100.0,4110.0,4012.0,4092.6,25752825,4501.8,3683.4,4440.0,3288.1,4059.5,17,1,4059.4,14,1,4059.2,46,2,4059.0,28,2,4058.9,12,1,4059.7,24,1,4059.8,100,2,4060.0,1047,8,4060.1,5,1,4060.3,5,1
11483,2026-07-02 15:13:35+05:30,4059.5,1,4038.32,2302901,161815.0,150929.0,4100.0,4110.0,4012.0,4092.6,25752825,4501.8,3683.4,4440.0,3288.1,4059.5,17,1,4059.4,14,1,4059.2,46,2,4059.0,28,2,4058.9,12,1,4059.7,24,1,4059.8,100,2,4060.0,1047,8,4060.1,5,1,4060.3,5,1
11483,2026-07-02 15:13:35+05:30,4059.5,1,4038.32,2302902,161823.0,150994.0,4100.0,4110.0,4012.0,4092.6,25752825,4501.8,3683.4,4440.0,3288.1,4059.5,19,3,4059.4,14,1,4059.2,46,2,4059.0,28,2,4058.9,21,2,4059.7,24,1,4059.8,100,2,4060.0,1047,8,4060.1,5,1,4060.4,6,2
11483,2026-07-02 15:13:36+05:30,4059.5,1,4038.32,2302902,161823.0,150994.0,4100.0,4110.0,4012.0,4092.6,25752825,4501.8,3683.4,4440.0,3288.1,4059.5,19,3,4059.4,14,1,4059.2,46,2,4059.0,28,2,4058.9,21,2,4059.7,24,1,4059.8,100,2,4060.0,1047,8,4060.1,5,1,4060.4,6,2
11483,2026-07-02 15:13:36+05:30,4059.5,64,4038.32,2303004,161854.0,150955.0,4100.0,4110.0,4012.0,4092.6,25752825,4501.8,3683.4,4440.0,3288.1,4059.5,17,1,4059.4,14,1,4059.3,3,1,4059.2,47,3,4059.1,7,1,4059.7,26,2,4059.8,100,2,4059.9,13,1,4060.0,1047,8,4060.1,5,1
11483,2026-07-02 15:13:37+05:30,4059.4,1,4038.32,2303004,161854.0,150955.0,4100.0,4110.0,4012.0,4092.6,25752825,4501.8,3683.4,4440.0,3288.1,4059.5,17,1,4059.4,14,1,4059.3,3,1,4059.2,47,3,4059.1,7,1,4059.7,26,2,4059.8,100,2,4059.9,13,1,4060.0,1047,8,4060.1,5,1
11483,2026-07-02 15:13:37+05:30,4059.7,3,4038.32,2303120,161630.0,151037.0,4100.0,4110.0,4012.0,4092.6,25752825,4501.8,3683.4,4440.0,3288.1,4059.6,1,1,4059.4,15,2,4059.3,30,3,4059.2,60,4,4059.0,28,2,4059.7,26,3,4059.8,124,3,4059.9,13,1,4060.0,1053,9,4060.1,5,1
11483,2026-07-02 15:13:38+05:30,4059.7,1,4038.32,2303120,161630.0,151037.0,4100.0,4110.0,4012.0,4092.6,25752825,4501.8,3683.4,4440.0,3288.1,4059.6,1,1,4059.4,15,2,4059.3,30,3,4059.2,60,4,4059.0,28,2,4059.7,26,3,4059.8,124,3,4059.9,13,1,4060.0,1053,9,4060.1,5,1
11483,2026-07-02 15:13:38+05:30,4059.8,2,4038.32,2303166,162337.0,151003.0,4100.0,4110.0,4012.0,4092.6,25752825,4501.8,3683.4,4440.0,3288.1,4059.7,7,2,4059.6,11,4,4059.4,14,1,4059.3,30,3,4059.2,60,4,4059.8,98,2,4059.9,13,1,4060.0,1047,8,4060.1,5,1,4060.4,12,3
11483,2026-07-02 15:13:39+05:30,4059.6,1,4038.32,2303166,162337.0,151003.0,4100.0,4110.0,4012.0,4092.6,25752825,4501.8,3683.4,4440.0,3288.1,4059.7,7,2,4059.6,11,4,4059.4,14,1,4059.3,30,3,4059.2,60,4,4059.8,98,2,4059.9,13,1,4060.0,1047,8,4060.1,5,1,4060.4,12,3
11483,2026-07-02 15:13:39+05:30,4059.6,1,4038.32,2303206,162323.0,150990.0,4100.0,4110.0,4012.0,4092.6,25752825,4501.8,3683.4,4440.0,3288.1,4059.7,25,2,4059.6,12,3,4059.3,30,3,4059.2,15,3,4059.0,28,2,4059.8,118,3,4059.9,43,3,4060.0,1047,8,4060.1,33,2,4060.2,24,1
11483,2026-07-02 15:13:40+05:30,4059.7,1,4038.32,2303206,162323.0,150990.0,4100.0,4110.0,4012.0,4092.6,25752825,4501.8,3683.4,4440.0,3288.1,4059.7,25,2,4059.6,12,3,4059.3,30,3,4059.2,15,3,4059.0,28,2,4059.8,118,3,4059.9,43,3,4060.0,1047,8,4060.1,33,2,4060.2,24,1
11483,2026-07-02 15:13:40+05:30,4059.7,2,4038.32,2303236,161560.0,151004.0,4100.0,4110.0,4012.0,4092.6,25752825,4501.8,3683.4,4440.0,3288.1,4059.7,21,2,4059.6,12,3,4059.5,27,1,4059.3,30,3,4059.2,15,3,4059.8,195,7,4059.9,13,1,4060.0,1074,10,4060.1,33,2,4060.2,24,1
11483,2026-07-02 15:13:41+05:30,4059.8,20,4038.32,2303236,161560.0,151004.0,4100.0,4110.0,4012.0,4092.6,25752825,4501.8,3683.4,4440.0,3288.1,4059.7,21,2,4059.6,12,3,4059.5,27,1,4059.3,30,3,4059.2,15,3,4059.8,195,7,4059.9,13,1,4060.0,1074,10,4060.1,33,2,4060.2,24,1
11483,2026-07-02 15:13:41+05:30,4059.8,12,4038.33,2303591,161600.0,150679.0,4100.0,4110.0,4012.0,4092.6,25752825,4501.8,3683.4,4440.0,3288.1,4059.6,26,2,4059.5,27,1,4059.3,30,3,4059.2,15,3,4059.0,1,1,4059.8,157,5,4059.9,13,1,4060.0,1082,11,4060.1,33,2,4060.2,54,4
11483,2026-07-02 15:13:42+05:30,4059.8,12,4038.33,2303591,161600.0,150679.0,4100.0,4110.0,4012.0,4092.6,25752825,4501.8,3683.4,4440.0,3288.1,4059.6,26,2,4059.5,27,1,4059.3,30,3,4059.2,15,3,4059.0,1,1,4059.8,157,5,4059.9,13,1,4060.0,1082,11,4060.1,33,2,4060.2,54,4
11483,2026-07-02 15:13:42+05:30,4059.7,1,4038.33,2303591,161600.0,150679.0,4100.0,4110.0,4012.0,4092.6,25752825,4501.8,3683.4,4440.0,3288.1,4059.6,26,2,4059.5,27,1,4059.3,30,3,4059.2,15,3,4059.0,1,1,4059.8,157,5,4059.9,13,1,4060.0,1082,11,4060.1,33,2,4060.2,54,4
11483,2026-07-02 15:13:42+05:30,4059.6,3,4038.33,2303646,161623.0,150839.0,4100.0,4110.0,4012.0,4092.6,25752825,4501.8,3683.4,4440.0,3288.1,4059.5,27,1,4059.3,30,3,4059.2,15,3,4059.0,1,1,4058.7,14,2,4059.8,235,9,4059.9,28,3,4060.0,1085,11,4060.1,47,3,4060.2,54,4
11483,2026-07-02 15:13:42+05:30,4059.6,3,4038.33,2303646,161623.0,150839.0,4100.0,4110.0,4012.0,4092.6,25752825,4501.8,3683.4,4440.0,3288.1,4059.5,27,1,4059.3,30,3,4059.2,15,3,4059.0,1,1,4058.7,14,2,4059.8,235,9,4059.9,28,3,4060.0,1085,11,4060.1,47,3,4060.2,54,4
11483,2026-07-02 15:13:43+05:30,4059.6,3,4038.33,2303646,161623.0,150839.0,4100.0,4110.0,4012.0,4092.6,25752825,4501.8,3683.4,4440.0,3288.1,4059.5,27,1,4059.3,30,3,4059.2,15,3,4059.0,1,1,4058.7,14,2,4059.8,235,9,4059.9,28,3,4060.0,1085,11,4060.1,47,3,4060.2,54,4
11483,2026-07-02 15:13:43+05:30,4059.7,6,4038.33,2303646,161623.0,150839.0,4100.0,4110.0,4012.0,4092.6,25752825,4501.8,3683.4,4440.0,3288.1,4059.5,27,1,4059.3,30,3,4059.2,15,3,4059.0,1,1,4058.7,14,2,4059.8,235,9,4059.9,28,3,4060.0,1085,11,4060.1,47,3,4060.2,54,4
11483,2026-07-02 15:13:43+05:30,4059.7,6,4038.33,2303646,161623.0,150839.0,4100.0,4110.0,4012.0,4092.6,25752825,4501.8,3683.4,4440.0,3288.1,4059.5,27,1,4059.3,30,3,4059.2,15,3,4059.0,1,1,4058.7,14,2,4059.8,235,9,4059.9,28,3,4060.0,1085,11,4060.1,47,3,4060.2,54,4
11483,2026-07-02 15:13:43+05:30,4059.5,4,4038.33,2303665,161602.0,150850.0,4100.0,4110.0,4012.0,4092.6,25752825,4501.8,3683.4,4440.0,3288.1,4059.5,29,3,4059.3,30,3,4059.2,15,3,4059.0,1,1,4058.7,14,2,4059.8,232,9,4059.9,19,2,4060.0,1076,10,4060.1,78,3,4060.2,54,4
11483,2026-07-02 15:13:44+05:30,4059.8,2,4038.33,2303665,161602.0,150850.0,4100.0,4110.0,4012.0,4092.6,25752825,4501.8,3683.4,4440.0,3288.1,4059.5,29,3,4059.3,30,3,4059.2,15,3,4059.0,1,1,4058.7,14,2,4059.8,232,9,4059.9,19,2,4060.0,1076,10,4060.1,78,3,4060.2,54,4
11483,2026-07-02 15:13:44+05:30,4059.8,2,4038.33,2303665,161602.0,150850.0,4100.0,4110.0,4012.0,4092.6,25752825,4501.8,3683.4,4440.0,3288.1,4059.5,29,3,4059.3,30,3,4059.2,15,3,4059.0,1,1,4058.7,14,2,4059.8,232,9,4059.9,19,2,4060.0,1076,10,4060.1,78,3,4060.2,54,4
11483,2026-07-02 15:13:44+05:30,4059.8,1,4038.33,2304059,161422.0,150720.0,4100.0,4110.0,4012.0,4092.6,25752825,4501.8,3683.4,4440.0,3288.1,4059.3,30,3,4059.2,15,3,4059.0,1,1,4058.7,14,2,4058.1,2,1,4059.8,116,6,4059.9,13,1,4060.0,1092,11,4060.1,114,4,4060.2,54,4
11483,2026-07-02 15:13:45+05:30,4059.3,2,4038.33,2304059,161422.0,150720.0,4100.0,4110.0,4012.0,4092.6,25752825,4501.8,3683.4,4440.0,3288.1,4059.3,30,3,4059.2,15,3,4059.0,1,1,4058.7,14,2,4058.1,2,1,4059.8,116,6,4059.9,13,1,4060.0,1092,11,4060.1,114,4,4060.2,54,4
11483,2026-07-02 15:13:45+05:30,4059.3,2,4038.33,2304059,161422.0,150720.0,4100.0,4110.0,4012.0,4092.6,25752825,4501.8,3683.4,4440.0,3288.1,4059.3,30,3,4059.2,15,3,4059.0,1,1,4058.7,14,2,4058.1,2,1,4059.8,116,6,4059.9,13,1,4060.0,1092,11,4060.1,114,4,4060.2,54,4
11483,2026-07-02 15:13:45+05:30,4059.8,6,4038.33,2304090,161441.0,150765.0,4100.0,4110.0,4012.0,4092.6,25752825,4501.8,3683.4,4440.0,3288.1,4059.4,2,1,4059.3,47,4,4059.2,15,3,4059.0,1,1,4058.7,14,2,4059.8,130,6,4059.9,18,2,4060.0,1076,10,4060.1,96,3,4060.2,54,4
11483,2026-07-02 15:13:45+05:30,4059.8,6,4038.33,2304090,161441.0,150765.0,4100.0,4110.0,4012.0,4092.6,25752825,4501.8,3683.4,4440.0,3288.1,4059.4,2,1,4059.3,47,4,4059.2,15,3,4059.0,1,1,4058.7,14,2,4059.8,130,6,4059.9,18,2,4060.0,1076,10,4060.1,96,3,4060.2,54,4
11483,2026-07-02 15:13:46+05:30,4059.8,6,4038.33,2304090,161441.0,150765.0,4100.0,4110.0,4012.0,4092.6,25752825,4501.8,3683.4,4440.0,3288.1,4059.4,2,1,4059.3,47,4,4059.2,15,3,4059.0,1,1,4058.7,14,2,4059.8,130,6,4059.9,18,2,4060.0,1076,10,4060.1,96,3,4060.2,54,4
11483,2026-07-02 15:13:46+05:30,4059.4,2,4038.33,2304090,161441.0,150765.0,4100.0,4110.0,4012.0,4092.6,25752825,4501.8,3683.4,4440.0,3288.1,4059.4,2,1,4059.3,47,4,4059.2,15,3,4059.0,1,1,4058.7,14,2,4059.8,130,6,4059.9,18,2,4060.0,1076,10,4060.1,96,3,4060.2,54,4
11483,2026-07-02 15:13:46+05:30,4059.4,2,4038.33,2304090,161441.0,150765.0,4100.0,4110.0,4012.0,4092.6,25757550,4501.8,3683.4,4440.0,3288.1,4059.4,2,1,4059.3,47,4,4059.2,15,3,4059.0,1,1,4058.7,14,2,4059.8,130,6,4059.9,18,2,4060.0,1076,10,4060.1,96,3,4060.2,54,4
11483,2026-07-02 15:13:46+05:30,4059.8,1,4038.33,2304093,161608.0,150747.0,4100.0,4110.0,4012.0,4092.6,25757550,4501.8,3683.4,4440.0,3288.1,4059.4,12,5,4059.3,41,3,4059.2,15,3,4059.0,1,1,4058.7,14,2,4059.8,146,9,4059.9,18,2,4060.0,1076,10,4060.1,96,3,4060.2,54,4
11483,2026-07-02 15:13:47+05:30,4059.8,1,4038.33,2304093,161608.0,150747.0,4100.0,4110.0,4012.0,4092.6,25757550,4501.8,3683.4,4440.0,3288.1,4059.4,12,5,4059.3,41,3,4059.2,15,3,4059.0,1,1,4058.7,14,2,4059.8,146,9,4059.9,18,2,4060.0,1076,10,4060.1,96,3,4060.2,54,4
11483,2026-07-02 15:13:47+05:30,4059.4,1,4038.33,2304093,161608.0,150747.0,4100.0,4110.0,4012.0,4092.6,25757550,4501.8,3683.4,4440.0,3288.1,4059.4,12,5,4059.3,41,3,4059.2,15,3,4059.0,1,1,4058.7,14,2,4059.8,146,9,4059.9,18,2,4060.0,1076,10,4060.1,96,3,4060.2,54,4
11483,2026-07-02 15:13:47+05:30,4059.4,1,4038.33,2304093,161608.0,150747.0,4100.0,4110.0,4012.0,4092.6,25757550,4501.8,3683.4,4440.0,3288.1,4059.4,12,5,4059.3,41,3,4059.2,15,3,4059.0,1,1,4058.7,14,2,4059.8,146,9,4059.9,18,2,4060.0,1076,10,4060.1,96,3,4060.2,54,4
11483,2026-07-02 15:13:48+05:30,4059.4,1,4038.33,2304270,161567.0,150915.0,4100.0,4110.0,4012.0,4092.6,25757550,4501.8,3683.4,4440.0,3288.1,4059.3,28,3,4059.2,15,3,4059.0,1,1,4058.7,14,2,4058.1,2,1,4059.4,23,1,4059.8,122,10,4059.9,24,2,4060.0,1083,10,4060.1,66,3
11483,2026-07-02 15:13:48+05:30,4059.4,1,4038.33,2304270,161567.0,150915.0,4100.0,4110.0,4012.0,4092.6,25757550,4501.8,3683.4,4440.0,3288.1,4059.3,28,3,4059.2,15,3,4059.0,1,1,4058.7,14,2,4058.1,2,1,4059.4,23,1,4059.8,122,10,4059.9,24,2,4060.0,1083,10,4060.1,66,3
11483,2026-07-02 15:13:48+05:30,4059.4,1,4038.33,2304270,161567.0,150915.0,4100.0,4110.0,4012.0,4092.6,25757550,4501.8,3683.4,4440.0,3288.1,4059.3,28,3,4059.2,15,3,4059.0,1,1,4058.7,14,2,4058.1,2,1,4059.4,23,1,4059.8,122,10,4059.9,24,2,4060.0,1083,10,4060.1,66,3
11483,2026-07-02 15:13:48+05:30,4059.4,1,4038.33,2304270,161567.0,150915.0,4100.0,4110.0,4012.0,4092.6,25757550,4501.8,3683.4,4440.0,3288.1,4059.3,28,3,4059.2,15,3,4059.0,1,1,4058.7,14,2,4058.1,2,1,4059.4,23,1,4059.8,122,10,4059.9,24,2,4060.0,1083,10,4060.1,66,3
11483,2026-07-02 15:13:49+05:30,4059.4,1,4038.33,2304272,161562.0,150958.0,4100.0,4110.0,4012.0,4092.6,25757550,4501.8,3683.4,4440.0,3288.1,4059.3,28,3,4059.2,15,3,4059.0,1,1,4058.7,14,2,4058.1,2,1,4059.4,21,1,4059.8,113,9,4059.9,24,2,4060.0,1099,11,4060.1,53,3
11483,2026-07-02 15:13:49+05:30,4059.4,1,4038.33,2304272,161562.0,150958.0,4100.0,4110.0,4012.0,4092.6,25757550,4501.8,3683.4,4440.0,3288.1,4059.3,28,3,4059.2,15,3,4059.0,1,1,4058.7,14,2,4058.1,2,1,4059.4,21,1,4059.8,113,9,4059.9,24,2,4060.0,1099,11,4060.1,53,3
11483,2026-07-02 15:13:50+05:30,4059.3,2,4038.33,2304325,161483.0,150948.0,4100.0,4110.0,4012.0,4092.6,25757550,4501.8,3683.4,4440.0,3288.1,4059.3,19,3,4059.2,2,2,4059.0,12,2,4058.9,14,1,4058.7,14,2,4059.4,91,6,4059.8,163,7,4059.9,39,3,4060.0,1144,12,4060.1,53,3
11483,2026-07-02 15:13:50+05:30,4059.3,2,4038.33,2304325,161483.0,150948.0,4100.0,4110.0,4012.0,4092.6,25757550,4501.8,3683.4,4440.0,3288.1,4059.3,19,3,4059.2,2,2,4059.0,12,2,4058.9,14,1,4058.7,14,2,4059.4,91,6,4059.8,163,7,4059.9,39,3,4060.0,1144,12,4060.1,53,3
11483,2026-07-02 15:13:51+05:30,4059.3,4,4038.33,2304330,161273.0,150970.0,4100.0,4110.0,4012.0,4092.6,25757550,4501.8,3683.4,4440.0,3288.1,4059.3,18,6,4059.2,2,2,4059.0,12,2,4058.9,14,1,4058.7,14,2,4059.4,113,7,4059.8,164,8,4059.9,39,3,4060.0,1133,12,4060.1,53,3
11483,2026-07-02 15:13:51+05:30,4059.3,4,4038.33,2304330,161273.0,150970.0,4100.0,4110.0,4012.0,4092.6,25757550,4501.8,3683.4,4440.0,3288.1,4059.3,18,6,4059.2,2,2,4059.0,12,2,4058.9,14,1,4058.7,14,2,4059.4,113,7,4059.8,164,8,4059.9,39,3,4060.0,1133,12,4060.1,53,3
11483,2026-07-02 15:13:52+05:30,4059.4,1,4038.34,2304439,160952.0,150199.0,4100.0,4110.0,4012.0,4092.6,25757550,4501.8,3683.4,4440.0,3288.1,4059.0,12,2,4058.9,14,1,4058.7,14,2,4058.1,2,1,4058.0,13,2,4059.4,117,5,4059.6,11,1,4059.7,5,1,4059.8,136,7,4059.9,75,3
11483,2026-07-02 15:13:52+05:30,4059.4,1,4038.34,2304439,160952.0,150199.0,4100.0,4110.0,4012.0,4092.6,25757550,4501.8,3683.4,4440.0,3288.1,4059.0,12,2,4058.9,14,1,4058.7,14,2,4058.1,2,1,4058.0,13,2,4059.4,117,5,4059.6,11,1,4059.7,5,1,4059.8,136,7,4059.9,75,3
11483,2026-07-02 15:13:53+05:30,4059.3,1,4038.34,2304454,160944.0,150429.0,4100.0,4110.0,4012.0,4092.6,25757550,4501.8,3683.4,4440.0,3288.1,4059.0,14,2,4058.9,14,1,4058.7,14,2,4058.1,2,1,4058.0,24,3,4059.3,80,3,4059.4,93,4,4059.6,24,1,4059.7,5,1,4059.8,125,6
11483,2026-07-02 15:13:53+05:30,4059.3,1,4038.34,2304454,160944.0,150429.0,4100.0,4110.0,4012.0,4092.6,25757550,4501.8,3683.4,4440.0,3288.1,4059.0,14,2,4058.9,14,1,4058.7,14,2,4058.1,2,1,4058.0,24,3,4059.3,80,3,4059.4,93,4,4059.6,24,1,4059.7,5,1,4059.8,125,6
11483,2026-07-02 15:13:54+05:30,4059.3,1,4038.34,2304570,161066.0,150295.0,4100.0,4110.0,4012.0,4092.6,25757550,4501.8,3683.4,4440.0,3288.1,4059.0,1,1,4058.9,2,1,4058.7,14,2,4058.5,9,1,4058.3,22,2,4059.3,123,4,4059.4,90,3,4059.6,13,1,4059.7,49,1,4059.8,174,7
11483,2026-07-02 15:13:54+05:30,4059.3,1,4038.34,2304570,161066.0,150295.0,4100.0,4110.0,4012.0,4092.6,25757550,4501.8,3683.4,4440.0,3288.1,4059.0,1,1,4058.9,2,1,4058.7,14,2,4058.5,9,1,4058.3,22,2,4059.3,123,4,4059.4,90,3,4059.6,13,1,4059.7,49,1,4059.8,174,7
11483,2026-07-02 15:13:55+05:30,4059.0,1,4038.34,2304572,160953.0,150528.0,4100.0,4110.0,4012.0,4092.6,25757550,4501.8,3683.4,4440.0,3288.1,4059.0,3,2,4058.9,4,2,4058.7,14,2,4058.5,9,1,4058.3,22,2,4059.3,238,9,4059.4,15,1,4059.6,13,1,4059.7,9,1,4059.8,125,6
11483,2026-07-02 15:13:55+05:30,4059.0,1,4038.34,2304572,160953.0,150528.0,4100.0,4110.0,4012.0,4092.6,25757550,4501.8,3683.4,4440.0,3288.1,4059.0,3,2,4058.9,4,2,4058.7,14,2,4058.5,9,1,4058.3,22,2,4059.3,238,9,4059.4,15,1,4059.6,13,1,4059.7,9,1,4059.8,125,6
11483,2026-07-02 15:13:56+05:30,4059.3,1,4038.34,2304573,160920.0,150570.0,4100.0,4110.0,4012.0,4092.6,25757550,4501.8,3683.4,4440.0,3288.1,4059.0,3,2,4058.9,4,2,4058.7,2,1,4058.2,12,1,4058.1,27,3,4059.3,248,10,4059.4,15,1,4059.7,14,2,4059.8,121,5,4059.9,80,4
11483,2026-07-02 15:13:56+05:30,4059.0,1,4038.34,2304573,160920.0,150570.0,4100.0,4110.0,4012.0,4092.6,25757550,4501.8,3683.4,4440.0,3288.1,4059.0,3,2,4058.9,4,2,4058.7,2,1,4058.2,12,1,4058.1,27,3,4059.3,248,10,4059.4,15,1,4059.7,14,2,4059.8,121,5,4059.9,80,4
11483,2026-07-02 15:13:57+05:30,4059.1,8,4038.34,2304596,161115.0,149995.0,4100.0,4110.0,4012.0,4092.6,25757550,4501.8,3683.4,4440.0,3288.1,4059.1,6,1,4059.0,123,1,4058.9,8,3,4058.8,1,1,4058.7,9,2,4059.3,250,10,4059.8,89,3,4059.9,7,2,4060.0,1077,11,4060.1,35,2
11483,2026-07-02 15:13:57+05:30,4059.1,8,4038.34,2304596,161115.0,149995.0,4100.0,4110.0,4012.0,4092.6,25757550,4501.8,3683.4,4440.0,3288.1,4059.1,6,1,4059.0,123,1,4058.9,8,3,4058.8,1,1,4058.7,9,2,4059.3,250,10,4059.8,89,3,4059.9,7,2,4060.0,1077,11,4060.1,35,2
11483,2026-07-02 15:13:58+05:30,4059.0,1,4038.34,2304643,161234.0,150179.0,4100.0,4110.0,4012.0,4092.6,25757550,4501.8,3683.4,4440.0,3288.1,4059.0,125,2,4058.9,4,2,4058.8,1,1,4058.7,2,1,4058.4,10,1,4059.3,252,12,4059.8,89,3,4059.9,12,3,4060.0,1077,11,4060.1,35,2
11483,2026-07-02 15:13:58+05:30,4059.0,1,4038.34,2304643,161234.0,150179.0,4100.0,4110.0,4012.0,4092.6,25757550,4501.8,3683.4,4440.0,3288.1,4059.0,125,2,4058.9,4,2,4058.8,1,1,4058.7,2,1,4058.4,10,1,4059.3,252,12,4059.8,89,3,4059.9,12,3,4060.0,1077,11,4060.1,35,2
11483,2026-07-02 15:13:59+05:30,4059.2,2,4038.34,2304659,161232.0,150341.0,4100.0,4110.0,4012.0,4092.6,25757550,4501.8,3683.4,4440.0,3288.1,4059.1,1,1,4059.0,126,3,4058.9,4,2,4058.8,1,1,4058.7,2,1,4059.2,36,2,4059.3,260,12,4059.8,89,3,4059.9,36,4,4060.0,1077,11
11483,2026-07-02 15:13:59+05:30,4059.2,1,4038.34,2304659,161232.0,150341.0,4100.0,4110.0,4012.0,4092.6,25757550,4501.8,3683.4,4440.0,3288.1,4059.1,1,1,4059.0,126,3,4058.9,4,2,4058.8,1,1,4058.7,2,1,4059.2,36,2,4059.3,260,12,4059.8,89,3,4059.9,36,4,4060.0,1077,11
11483,2026-07-02 15:14:00+05:30,4059.1,76,4038.34,2304744,160950.0,150434.0,4100.0,4110.0,4012.0,4092.6,25757550,4501.8,3683.4,4440.0,3288.1,4059.0,125,3,4058.9,4,2,4058.8,1,1,4058.7,2,1,4058.2,12,1,4059.1,13,1,4059.2,43,4,4059.3,242,8,4059.6,24,1,4059.8,89,3
11483,2026-07-02 15:14:00+05:30,4059.1,2,4038.34,2304744,160950.0,150434.0,4100.0,4110.0,4012.0,4092.6,25757550,4501.8,3683.4,4440.0,3288.1,4059.0,125,3,4058.9,4,2,4058.8,1,1,4058.7,2,1,4058.2,12,1,4059.1,13,1,4059.2,43,4,4059.3,242,8,4059.6,24,1,4059.8,89,3
11483,2026-07-02 15:14:01+05:30,4059.0,1,4038.34,2304744,160950.0,150434.0,4100.0,4110.0,4012.0,4092.6,25757550,4501.8,3683.4,4440.0,3288.1,4059.0,125,3,4058.9,4,2,4058.8,1,1,4058.7,2,1,4058.2,12,1,4059.1,13,1,4059.2,43,4,4059.3,242,8,4059.6,24,1,4059.8,89,3
11483,2026-07-02 15:14:01+05:30,4059.0,11,4038.34,2304889,160759.0,150596.0,4100.0,4110.0,4012.0,4092.6,25757550,4501.8,3683.4,4440.0,3288.1,4059.0,44,5,4058.9,4,2,4058.8,1,1,4058.7,2,1,4058.1,27,3,4059.1,181,9,4059.2,9,2,4059.3,138,5,4059.7,21,2,4059.8,113,4
11483,2026-07-02 15:14:02+05:30,4058.9,3,4038.34,2304889,160759.0,150596.0,4100.0,4110.0,4012.0,4092.6,25757550,4501.8,3683.4,4440.0,3288.1,4059.0,44,5,4058.9,4,2,4058.8,1,1,4058.7,2,1,4058.1,27,3,4059.1,181,9,4059.2,9,2,4059.3,138,5,4059.7,21,2,4059.8,113,4
11483,2026-07-02 15:14:02+05:30,4058.9,3,4038.34,2304956,160753.0,150556.0,4100.0,4110.0,4012.0,4092.6,25757550,4501.8,3683.4,4440.0,3288.1,4059.0,2,1,4058.9,2,1,4058.8,1,1,4058.7,2,1,4058.4,14,1,4059.1,181,11,4059.2,3,1,4059.3,135,4,4059.8,94,4,4059.9,116,5
11483,2026-07-02 15:14:03+05:30,4059.0,1,4038.34,2304956,160753.0,150556.0,4100.0,4110.0,4012.0,4092.6,25757550,4501.8,3683.4,4440.0,3288.1,4059.0,2,1,4058.9,2,1,4058.8,1,1,4058.7,2,1,4058.4,14,1,4059.1,181,11,4059.2,3,1,4059.3,135,4,4059.8,94,4,4059.9,116,5
11483,2026-07-02 15:14:03+05:30,4059.0,1,4038.34,2304967,160767.0,150561.0,4100.0,4110.0,4012.0,4092.6,25757550,4501.8,3683.4,4440.0,3288.1,4059.0,12,3,4058.9,4,2,4058.8,1,1,4058.7,2,1,4058.4,14,1,4059.1,219,15,4059.2,3,1,4059.3,100,2,4059.8,94,4,4059.9,116,5
11483,2026-07-02 15:14:04+05:30,4059.1,31,4038.34,2304967,160767.0,150561.0,4100.0,4110.0,4012.0,4092.6,25757550,4501.8,3683.4,4440.0,3288.1,4059.0,12,3,4058.9,4,2,4058.8,1,1,4058.7,2,1,4058.4,14,1,4059.1,219,15,4059.2,3,1,4059.3,100,2,4059.8,94,4,4059.9,116,5
11483,2026-07-02 15:14:04+05:30,4059.1,44,4038.35,2305636,160865.0,150316.0,4100.0,4110.0,4012.0,4092.6,25757550,4501.8,3683.4,4440.0,3288.1,4058.1,26,4,4058.0,13,2,4057.9,26,2,4057.8,16,1,4057.7,17,2,4059.1,14,1,4059.2,3,1,4059.3,112,3,4059.8,41,2,4059.9,10,2
11483,2026-07-02 15:14:05+05:30,4058.1,1,4038.35,2305636,160865.0,150316.0,4100.0,4110.0,4012.0,4092.6,25757550,4501.8,3683.4,4440.0,3288.1,4058.1,26,4,4058.0,13,2,4057.9,26,2,4057.8,16,1,4057.7,17,2,4059.1,14,1,4059.2,3,1,4059.3,112,3,4059.8,41,2,4059.9,10,2
11483,2026-07-02 15:14:05+05:30,4059.1,1,4038.35,2305653,160630.0,150908.0,4100.0,4110.0,4012.0,4092.6,25757550,4501.8,3683.4,4440.0,3288.1,4058.6,2,1,4058.1,19,3,4058.0,13,2,4057.9,26,2,4057.8,16,1,4059.1,15,2,4059.2,3,1,4059.3,100,2,4059.7,8,1,4059.8,105,3
11483,2026-07-02 15:14:06+05:30,4058.6,1,4038.35,2305653,160630.0,150908.0,4100.0,4110.0,4012.0,4092.6,25757550,4501.8,3683.4,4440.0,3288.1,4058.6,2,1,4058.1,19,3,4058.0,13,2,4057.9,26,2,4057.8,16,1,4059.1,15,2,4059.2,3,1,4059.3,100,2,4059.7,8,1,4059.8,105,3
11483,2026-07-02 15:14:06+05:30,4058.6,1,4038.35,2305654,160520.0,150909.0,4100.0,4110.0,4012.0,4092.6,25757550,4501.8,3683.4,4440.0,3288.1,4058.6,6,3,4058.1,19,3,4058.0,13,2,4057.9,13,1,4057.8,16,1,4059.1,15,2,4059.2,3,1,4059.3,100,2,4059.7,8,1,4059.8,105,3
11483,2026-07-02 15:14:07+05:30,4059.1,1,4038.35,2305654,160520.0,150909.0,4100.0,4110.0,4012.0,4092.6,25757550,4501.8,3683.4,4440.0,3288.1,4058.6,6,3,4058.1,19,3,4058.0,13,2,4057.9,13,1,4057.8,16,1,4059.1,15,2,4059.2,3,1,4059.3,100,2,4059.7,8,1,4059.8,105,3
11483,2026-07-02 15:14:07+05:30,4059.8,3,4038.35,2306011,161626.0,149728.0,4100.0,4110.0,4012.0,4092.6,25757550,4501.8,3683.4,4440.0,3288.1,4059.1,238,2,4058.6,32,4,4058.2,39,1,4058.1,19,3,4058.0,14,3,4059.8,16,1,4060.0,1187,13,4060.1,5,1,4060.3,10,1,4060.4,27,1
11483,2026-07-02 15:14:08+05:30,4059.8,3,4038.35,2306011,161626.0,149728.0,4100.0,4110.0,4012.0,4092.6,25757550,4501.8,3683.4,4440.0,3288.1,4059.1,238,2,4058.6,32,4,4058.2,39,1,4058.1,19,3,4058.0,14,3,4059.8,16,1,4060.0,1187,13,4060.1,5,1,4060.3,10,1,4060.4,27,1
11483,2026-07-02 15:14:08+05:30,4059.1,5,4038.35,2306108,161441.0,149901.0,4100.0,4110.0,4012.0,4092.6,25757550,4501.8,3683.4,4440.0,3288.1,4059.1,240,5,4058.6,27,2,4058.2,61,2,4058.1,7,2,4058.0,13,2,4060.0,1250,16,4060.1,25,2,4060.2,94,4,4060.3,10,1,4060.4,32,2
11483,2026-07-02 15:14:09+05:30,4060.0,65,4038.35,2306108,161441.0,149901.0,4100.0,4110.0,4012.0,4092.6,25757550,4501.8,3683.4,4440.0,3288.1,4059.1,240,5,4058.6,27,2,4058.2,61,2,4058.1,7,2,4058.0,13,2,4060.0,1250,16,4060.1,25,2,4060.2,94,4,4060.3,10,1,4060.4,32,2
11483,2026-07-02 15:14:09+05:30,4060.0,65,4038.35,2306175,162056.0,149765.0,4100.0,4110.0,4012.0,4092.6,25757550,4501.8,3683.4,4440.0,3288.1,4059.8,33,2,4059.7,2,1,4059.2,1,1,4059.1,261,5,4059.0,125,1,4060.0,1140,14,4060.1,5,1,4060.2,24,1,4060.3,10,1,4060.4,46,3
11483,2026-07-02 15:14:10+05:30,4059.8,1,4038.35,2306175,162056.0,149765.0,4100.0,4110.0,4012.0,4092.6,25757550,4501.8,3683.4,4440.0,3288.1,4059.8,33,2,4059.7,2,1,4059.2,1,1,4059.1,261,5,4059.0,125,1,4060.0,1140,14,4060.1,5,1,4060.2,24,1,4060.3,10,1,4060.4,46,3
11483,2026-07-02 15:14:10+05:30,4060.0,6,4038.35,2306186,162302.0,149655.0,4100.0,4110.0,4012.0,4092.6,25757550,4501.8,3683.4,4440.0,3288.1,4059.8,33,4,4059.7,2,1,4059.1,226,3,4059.0,128,2,4058.9,10,1,4060.0,1258,17,4060.1,5,1,4060.3,10,1,4060.4,27,1,4060.5,140,3
11483,2026-07-02 15:14:11+05:30,4059.8,1,4038.35,2306186,162302.0,149655.0,4100.0,4110.0,4012.0,4092.6,25757550,4501.8,3683.4,4440.0,3288.1,4059.8,33,4,4059.7,2,1,4059.1,226,3,4059.0,128,2,4058.9,10,1,4060.0,1258,17,4060.1,5,1,4060.3,10,1,4060.4,27,1,4060.5,140,3
11483,2026-07-02 15:14:11+05:30,4059.8,1,4038.35,2306221,162281.0,149649.0,4100.0,4110.0,4012.0,4092.6,25757550,4501.8,3683.4,4440.0,3288.1,4059.8,33,3,4059.7,2,1,4059.1,226,3,4059.0,128,2,4058.9,10,1,4060.0,1290,20,4060.1,12,2,4060.2,9,1,4060.3,21,2,4060.4,27,1
11483,2026-07-02 15:14:12+05:30,4060.0,51,4038.35,2306221,162281.0,149649.0,4100.0,4110.0,4012.0,4092.6,25757550,4501.8,3683.4,4440.0,3288.1,4059.8,33,3,4059.7,2,1,4059.1,226,3,4059.0,128,2,4058.9,10,1,4060.0,1290,20,4060.1,12,2,4060.2,9,1,4060.3,21,2,4060.4,27,1
11483,2026-07-02 15:14:12+05:30,4059.8,23,4038.35,2306574,161373.0,149844.0,4100.0,4110.0,4012.0,4092.6,25757550,4501.8,3683.4,4440.0,3288.1,4059.1,220,2,4059.0,128,2,4058.9,10,1,4058.6,1,1,4058.1,2,1,4060.0,1260,22,4060.1,19,3,4060.2,46,3,4060.3,71,4,4060.4,61,3
11483,2026-07-02 15:14:13+05:30,4060.0,1,4038.35,2306574,161373.0,149844.0,4100.0,4110.0,4012.0,4092.6,25757550,4501.8,3683.4,4440.0,3288.1,4059.1,220,2,4059.0,128,2,4058.9,10,1,4058.6,1,1,4058.1,2,1,4060.0,1260,22,4060.1,19,3,4060.2,46,3,4060.3,71,4,4060.4,61,3
11483,2026-07-02 15:14:13+05:30,4060.0,1,4038.35,2306578,161824.0,149820.0,4100.0,4110.0,4012.0,4092.6,25757550,4501.8,3683.4,4440.0,3288.1,4059.1,484,6,4059.0,128,2,4058.9,10,1,4058.6,1,1,4058.1,13,2,4060.0,1344,23,4060.1,37,3,4060.2,5,1,4060.3,77,3,4060.4,110,4
11483,2026-07-02 15:14:14+05:30,4060.0,1,4038.35,2306578,161824.0,149820.0,4100.0,4110.0,4012.0,4092.6,25757550,4501.8,3683.4,4440.0,3288.1,4059.1,484,6,4059.0,128,2,4058.9,10,1,4058.6,1,1,4058.1,13,2,4060.0,1344,23,4060.1,37,3,4060.2,5,1,4060.3,77,3,4060.4,110,4
11483,2026-07-02 15:14:14+05:30,4060.0,2,4038.35,2306587,161837.0,149818.0,4100.0,4110.0,4012.0,4092.6,25757550,4501.8,3683.4,4440.0,3288.1,4059.1,478,6,4059.0,128,2,4058.9,10,1,4058.6,39,2,4058.1,13,2,4060.0,1341,23,4060.1,37,3,4060.3,58,4,4060.4,110,4,4060.5,173,3
11483,2026-07-02 15:14:15+05:30,4060.0,1,4038.35,2306587,161837.0,149818.0,4100.0,4110.0,4012.0,4092.6,25757550,4501.8,3683.4,4440.0,3288.1,4059.1,478,6,4059.0,128,2,4058.9,10,1,4058.6,39,2,4058.1,13,2,4060.0,1341,23,4060.1,37,3,4060.3,58,4,4060.4,110,4,4060.5,173,3
11483,2026-07-02 15:14:15+05:30,4060.0,1,4038.35,2306594,161806.0,149825.0,4100.0,4110.0,4012.0,4092.6,25757550,4501.8,3683.4,4440.0,3288.1,4059.1,475,7,4059.0,128,2,4058.9,10,1,4058.6,1,1,4058.1,13,2,4060.0,1339,23,4060.1,37,3,4060.2,5,1,4060.3,92,4,4060.4,110,4
11483,2026-07-02 15:14:16+05:30,4059.1,1,4038.35,2306594,161806.0,149825.0,4100.0,4110.0,4012.0,4092.6,25757550,4501.8,3683.4,4440.0,3288.1,4059.1,475,7,4059.0,128,2,4058.9,10,1,4058.6,1,1,4058.1,13,2,4060.0,1339,23,4060.1,37,3,4060.2,5,1,4060.3,92,4,4060.4,110,4
11483,2026-07-02 15:14:16+05:30,4059.1,1,4038.36,2306822,162013.0,150271.0,4100.0,4110.0,4012.0,4092.6,25757550,4501.8,3683.4,4440.0,3288.1,4059.1,679,8,4059.0,132,3,4058.9,10,1,4058.5,17,1,4058.3,19,1,4060.0,1328,25,4060.1,56,3,4060.3,23,2,4060.4,88,4,4060.5,212,4
11483,2026-07-02 15:14:17+05:30,4059.6,1,4038.36,2306822,162013.0,150271.0,4100.0,4110.0,4012.0,4092.6,25757550,4501.8,3683.4,4440.0,3288.1,4059.1,679,8,4059.0,132,3,4058.9,10,1,4058.5,17,1,4058.3,19,1,4060.0,1328,25,4060.1,56,3,4060.3,23,2,4060.4,88,4,4060.5,212,4
11483,2026-07-02 15:14:17+05:30,4059.6,1,4038.36,2306933,161924.0,150250.0,4100.0,4110.0,4012.0,4092.6,25757550,4501.8,3683.4,4440.0,3288.1,4059.1,671,9,4059.0,132,3,4058.9,10,1,4058.5,33,2,4058.3,19,1,4059.9,169,1,4060.0,1336,25,4060.1,56,3,4060.2,23,1,4060.3,94,4
11483,2026-07-02 15:14:18+05:30,4059.6,1,4038.36,2306933,161924.0,150250.0,4100.0,4110.0,4012.0,4092.6,25757550,4501.8,3683.4,4440.0,3288.1,4059.1,671,9,4059.0,132,3,4058.9,10,1,4058.5,33,2,4058.3,19,1,4059.9,169,1,4060.0,1336,25,4060.1,56,3,4060.2,23,1,4060.3,94,4
11483,2026-07-02 15:14:18+05:30,4059.8,5,4038.36,2306950,161981.0,150329.0,4100.0,4110.0,4012.0,4092.6,25757550,4501.8,3683.4,4440.0,3288.1,4059.6,3,2,4059.1,658,7,4059.0,132,3,4058.6,8,1,4058.5,33,2,4059.8,46,1,4059.9,211,6,4060.0,1325,20,4060.1,56,3,4060.2,23,1
11483,2026-07-02 15:14:19+05:30,4059.6,1,4038.36,2306950,161981.0,150329.0,4100.0,4110.0,4012.0,4092.6,25757550,4501.8,3683.4,4440.0,3288.1,4059.6,3,2,4059.1,658,7,4059.0,132,3,4058.6,8,1,4058.5,33,2,4059.8,46,1,4059.9,211,6,4060.0,1325,20,4060.1,56,3,4060.2,23,1
11483,2026-07-02 15:14:19+05:30,4059.8,1,4038.36,2307003,162025.0,150097.0,4100.0,4110.0,4012.0,4092.6,25757550,4501.8,3683.4,4440.0,3288.1,4059.6,2,1,4059.1,658,7,4059.0,132,3,4058.7,11,1,4058.6,3,1,4059.8,66,2,4059.9,181,4,4060.0,1325,20,4060.1,56,3,4060.2,23,1
11483,2026-07-02 15:14:20+05:30,4059.6,1,4038.36,2307003,162025.0,150097.0,4100.0,4110.0,4012.0,4092.6,25757550,4501.8,3683.4,4440.0,3288.1,4059.6,2,1,4059.1,658,7,4059.0,132,3,4058.7,11,1,4058.6,3,1,4059.8,66,2,4059.9,181,4,4060.0,1325,20,4060.1,56,3,4060.2,23,1
11483,2026-07-02 15:14:20+05:30,4059.6,1,4038.36,2307010,162022.0,150053.0,4100.0,4110.0,4012.0,4092.6,25757550,4501.8,3683.4,4440.0,3288.1,4059.6,6,2,4059.1,650,4,4059.0,132,3,4058.7,11,1,4058.6,3,1,4059.8,69,4,4059.9,175,3,4060.0,1324,19,4060.1,67,4,4060.2,23,1
11483,2026-07-02 15:14:21+05:30,4059.6,1,4038.36,2307010,162022.0,150053.0,4100.0,4110.0,4012.0,4092.6,25757550,4501.8,3683.4,4440.0,3288.1,4059.6,6,2,4059.1,650,4,4059.0,132,3,4058.7,11,1,4058.6,3,1,4059.8,69,4,4059.9,175,3,4060.0,1324,19,4060.1,67,4,4060.2,23,1
11483,2026-07-02 15:14:21+05:30,4059.6,1,4038.36,2307024,161778.0,150216.0,4100.0,4110.0,4012.0,4092.6,25757550,4501.8,3683.4,4440.0,3288.1,4059.6,5,2,4059.1,650,4,4059.0,132,3,4058.7,11,1,4058.6,3,1,4059.8,179,7,4059.9,204,5,4060.0,1250,17,4060.1,67,4,4060.2,28,2
11483,2026-07-02 15:14:22+05:30,4059.6,1,4038.36,2307024,161778.0,150216.0,4100.0,4110.0,4012.0,4092.6,25757550,4501.8,3683.4,4440.0,3288.1,4059.6,5,2,4059.1,650,4,4059.0,132,3,4058.7,11,1,4058.6,3,1,4059.8,179,7,4059.9,204,5,4060.0,1250,17,4060.1,67,4,4060.2,28,2
11483,2026-07-02 15:14:22+05:30,4059.8,1,4038.36,2307034,161821.0,150332.0,4100.0,4110.0,4012.0,4092.6,25757550,4501.8,3683.4,4440.0,3288.1,4059.6,3,2,4059.1,650,4,4059.0,132,3,4058.7,11,1,4058.6,3,1,4059.8,181,9,4059.9,175,3,4060.0,1249,16,4060.1,67,4,4060.2,27,2
11483,2026-07-02 15:14:23+05:30,4059.8,1,4038.36,2307034,161821.0,150332.0,4100.0,4110.0,4012.0,4092.6,25757550,4501.8,3683.4,4440.0,3288.1,4059.6,3,2,4059.1,650,4,4059.0,132,3,4058.7,11,1,4058.6,3,1,4059.8,181,9,4059.9,175,3,4060.0,1249,16,4060.1,67,4,4060.2,27,2
11483,2026-07-02 15:14:23+05:30,4059.8,1,4038.36,2307035,161835.0,150331.0,4100.0,4110.0,4012.0,4092.6,25757550,4501.8,3683.4,4440.0,3288.1,4059.6,5,3,4059.1,660,5,4059.0,145,4,4058.7,11,1,4058.6,3,1,4059.8,180,9,4059.9,175,3,4060.0,1249,16,4060.1,67,4,4060.2,27,2
11483,2026-07-02 15:14:24+05:30,4059.8,1,4038.36,2307035,161835.0,150331.0,4100.0,4110.0,4012.0,4092.6,25757550,4501.8,3683.4,4440.0,3288.1,4059.6,5,3,4059.1,660,5,4059.0,145,4,4058.7,11,1,4058.6,3,1,4059.8,180,9,4059.9,175,3,4060.0,1249,16,4060.1,67,4,4060.2,27,2
11483,2026-07-02 15:14:24+05:30,4060.0,1,4038.36,2307554,162683.0,150208.0,4100.0,4110.0,4012.0,4092.6,25757550,4501.8,3683.4,4440.0,3288.1,4059.8,38,2,4059.6,5,3,4059.1,693,6,4059.0,145,4,4058.7,11,1,4060.0,1243,17,4060.1,67,4,4060.2,23,1,4060.3,37,3,4060.4,29,3
11483,2026-07-02 15:14:25+05:30,4060.0,1,4038.36,2307554,162683.0,150208.0,4100.0,4110.0,4012.0,4092.6,25757550,4501.8,3683.4,4440.0,3288.1,4059.8,38,2,4059.6,5,3,4059.1,693,6,4059.0,145,4,4058.7,11,1,4060.0,1243,17,4060.1,67,4,4060.2,23,1,4060.3,37,3,4060.4,29,3
11483,2026-07-02 15:14:25+05:30,4060.0,1,4038.37,2307760,162001.0,150157.0,4100.0,4110.0,4012.0,4092.6,25757550,4501.8,3683.4,4440.0,3288.1,4059.8,64,4,4059.6,1,1,4059.1,693,6,4059.0,150,5,4058.7,11,1,4060.0,1037,16,4060.1,56,3,4060.2,24,1,4060.3,21,2,4060.4,4,1
11483,2026-07-02 15:14:26+05:30,4059.9,2,4038.37,2307760,162001.0,150157.0,4100.0,4110.0,4012.0,4092.6,25757550,4501.8,3683.4,4440.0,3288.1,4059.8,64,4,4059.6,1,1,4059.1,693,6,4059.0,150,5,4058.7,11,1,4060.0,1037,16,4060.1,56,3,4060.2,24,1,4060.3,21,2,4060.4,4,1
11483,2026-07-02 15:14:26+05:30,4060.0,3,4038.37,2307793,162738.0,149868.0,4100.0,4110.0,4012.0,4092.6,25757550,4501.8,3683.4,4440.0,3288.1,4059.9,2,1,4059.8,55,4,4059.6,13,2,4059.5,12,1,4059.2,38,1,4060.0,1064,16,4060.1,56,3,4060.3,21,2,4060.4,4,1,4060.5,173,3
11483,2026-07-02 15:14:27+05:30,4059.9,1,4038.37,2307793,162738.0,149868.0,4100.0,4110.0,4012.0,4092.6,25757550,4501.8,3683.4,4440.0,3288.1,4059.9,2,1,4059.8,55,4,4059.6,13,2,4059.5,12,1,4059.2,38,1,4060.0,1064,16,4060.1,56,3,4060.3,21,2,4060.4,4,1,4060.5,173,3
11483,2026-07-02 15:14:27+05:30,4059.9,4,4038.37,2307966,162731.0,150090.0,4100.0,4110.0,4012.0,4092.6,25757550,4501.8,3683.4,4440.0,3288.1,4059.9,27,4,4059.6,13,2,4059.5,12,1,4059.1,683,5,4059.0,134,3,4060.0,1046,20,4060.1,56,3,4060.2,23,1,4060.3,65,4,4060.4,18,2
11483,2026-07-02 15:14:28+05:30,4059.9,1,4038.37,2307966,162731.0,150090.0,4100.0,4110.0,4012.0,4092.6,25757550,4501.8,3683.4,4440.0,3288.1,4059.9,27,4,4059.6,13,2,4059.5,12,1,4059.1,683,5,4059.0,134,3,4060.0,1046,20,4060.1,56,3,4060.2,23,1,4060.3,65,4,4060.4,18,2
11483,2026-07-02 15:14:28+05:30,4060.0,1,4038.37,2307972,162882.0,149840.0,4100.0,4110.0,4012.0,4092.6,25757550,4501.8,3683.4,4440.0,3288.1,4059.9,30,6,4059.6,13,2,4059.5,12,1,4059.1,683,5,4059.0,134,3,4060.0,1082,23,4060.1,56,3,4060.3,21,2,4060.4,23,1,4060.5,149,2
11483,2026-07-02 15:14:29+05:30,4060.0,3,4038.37,2307972,162882.0,149840.0,4100.0,4110.0,4012.0,4092.6,25757550,4501.8,3683.4,4440.0,3288.1,4059.9,30,6,4059.6,13,2,4059.5,12,1,4059.1,683,5,4059.0,134,3,4060.0,1082,23,4060.1,56,3,4060.3,21,2,4060.4,23,1,4060.5,149,2
11483,2026-07-02 15:14:29+05:30,4060.0,8,4038.37,2308072,162756.0,149714.0,4100.0,4110.0,4012.0,4092.6,25757550,4501.8,3683.4,4440.0,3288.1,4059.9,29,6,4059.6,13,2,4059.5,12,1,4059.1,683,5,4059.0,9,2,4060.0,1005,21,4060.1,56,3,4060.3,30,3,4060.4,23,1,4060.5,114,2
11483,2026-07-02 15:14:30+05:30,4059.9,4,4038.37,2308072,162756.0,149714.0,4100.0,4110.0,4012.0,4092.6,25757550,4501.8,3683.4,4440.0,3288.1,4059.9,29,6,4059.6,13,2,4059.5,12,1,4059.1,683,5,4059.0,9,2,4060.0,1005,21,4060.1,56,3,4060.3,30,3,4060.4,23,1,4060.5,114,2
11483,2026-07-02 15:14:30+05:30,4059.9,7,4038.37,2308196,162765.0,149758.0,4100.0,4110.0,4012.0,4092.6,25757550,4501.8,3683.4,4440.0,3288.1,4059.9,38,7,4059.6,13,2,4059.5,12,1,4059.1,683,5,4059.0,9,2,4060.0,990,21,4060.1,56,3,4060.3,21,2,4060.5,100,1,4060.6,49,1
11483,2026-07-02 15:14:31+05:30,4060.0,1,4038.37,2308196,162765.0,149758.0,4100.0,4110.0,4012.0,4092.6,25757550,4501.8,3683.4,4440.0,3288.1,4059.9,38,7,4059.6,13,2,4059.5,12,1,4059.1,683,5,4059.0,9,2,4060.0,990,21,4060.1,56,3,4060.3,21,2,4060.5,100,1,4060.6,49,1
11483,2026-07-02 15:14:31+05:30,4060.0,1,4038.37,2308251,162993.0,149570.0,4100.0,4110.0,4012.0,4092.6,25757550,4501.8,3683.4,4440.0,3288.1,4059.9,54,9,4059.8,2,1,4059.6,13,2,4059.5,12,1,4059.3,13,1,4060.0,940,20,4060.1,56,3,4060.3,21,2,4060.5,100,1,4060.8,232,3
11483,2026-07-02 15:14:32+05:30,4060.0,25,4038.37,2308251,162993.0,149570.0,4100.0,4110.0,4012.0,4092.6,25757550,4501.8,3683.4,4440.0,3288.1,4059.9,54,9,4059.8,2,1,4059.6,13,2,4059.5,12,1,4059.3,13,1,4060.0,940,20,4060.1,56,3,4060.3,21,2,4060.5,100,1,4060.8,232,3
11483,2026-07-02 15:14:32+05:30,4060.0,25,4038.37,2308280,162950.0,149961.0,4100.0,4110.0,4012.0,4092.6,25757550,4501.8,3683.4,4440.0,3288.1,4059.9,57,10,4059.8,27,2,4059.6,12,1,4059.5,12,1,4059.3,13,1,4060.0,1211,23,4060.1,56,3,4060.3,21,2,4060.5,100,1,4060.8,183,2
11483,2026-07-02 15:14:33+05:30,4060.0,1,4038.37,2308280,162950.0,149961.0,4100.0,4110.0,4012.0,4092.6,25757550,4501.8,3683.4,4440.0,3288.1,4059.9,57,10,4059.8,27,2,4059.6,12,1,4059.5,12,1,4059.3,13,1,4060.0,1211,23,4060.1,56,3,4060.3,21,2,4060.5,100,1,4060.8,183,2
11483,2026-07-02 15:14:33+05:30,4060.0,1,4038.37,2308282,163271.0,150147.0,4100.0,4110.0,4012.0,4092.6,25757550,4501.8,3683.4,4440.0,3288.1,4059.9,147,11,4059.8,27,2,4059.6,12,1,4059.5,12,1,4059.3,13,1,4060.0,1265,25,4060.1,56,3,4060.3,21,2,4060.5,100,1,4060.8,205,3
11483,2026-07-02 15:14:34+05:30,4060.0,44,4038.37,2308282,163271.0,150147.0,4100.0,4110.0,4012.0,4092.6,25757550,4501.8,3683.4,4440.0,3288.1,4059.9,147,11,4059.8,27,2,4059.6,12,1,4059.5,12,1,4059.3,13,1,4060.0,1265,25,4060.1,56,3,4060.3,21,2,4060.5,100,1,4060.8,205,3
11483,2026-07-02 15:14:34+05:30,4060.0,160,4038.38,2308767,163257.0,149658.0,4100.0,4110.0,4012.0,4092.6,25757550,4501.8,3683.4,4440.0,3288.1,4059.9,57,10,4059.8,25,1,4059.6,12,1,4059.5,24,2,4059.3,13,1,4060.0,846,26,4060.1,56,3,4060.3,21,2,4060.5,100,1,4060.8,205,3
11483,2026-07-02 15:14:35+05:30,4060.0,1,4038.38,2308767,163257.0,149658.0,4100.0,4110.0,4012.0,4092.6,25757550,4501.8,3683.4,4440.0,3288.1,4059.9,57,10,4059.8,25,1,4059.6,12,1,4059.5,24,2,4059.3,13,1,4060.0,846,26,4060.1,56,3,4060.3,21,2,4060.5,100,1,4060.8,205,3
11483,2026-07-02 15:14:35+05:30,4060.0,1,4038.38,2308887,163017.0,149721.0,4100.0,4110.0,4012.0,4092.6,25757550,4501.8,3683.4,4440.0,3288.1,4059.9,29,5,4059.8,25,1,4059.6,12,1,4059.5,24,2,4059.3,13,1,4060.0,843,27,4060.1,56,3,4060.3,33,2,4060.4,8,1,4060.5,100,1
11483,2026-07-02 15:14:36+05:30,4060.0,1,4038.38,2308887,163017.0,149721.0,4100.0,4110.0,4012.0,4092.6,25757550,4501.8,3683.4,4440.0,3288.1,4059.9,29,5,4059.8,25,1,4059.6,12,1,4059.5,24,2,4059.3,13,1,4060.0,843,27,4060.1,56,3,4060.3,33,2,4060.4,8,1,4060.5,100,1
11483,2026-07-02 15:14:36+05:30,4060.0,1,4038.38,2308888,163030.0,149760.0,4100.0,4110.0,4012.0,4092.6,25757550,4501.8,3683.4,4440.0,3288.1,4059.9,29,5,4059.8,25,1,4059.6,12,1,4059.5,24,2,4059.3,13,1,4060.0,842,27,4060.1,56,3,4060.3,33,2,4060.5,100,1,4060.8,210,4
11483,2026-07-02 15:14:37+05:30,4061.4,1,4038.38,2308888,163030.0,149760.0,4100.0,4110.0,4012.0,4092.6,25757550,4501.8,3683.4,4440.0,3288.1,4059.9,29,5,4059.8,25,1,4059.6,12,1,4059.5,24,2,4059.3,13,1,4060.0,842,27,4060.1,56,3,4060.3,33,2,4060.5,100,1,4060.8,210,4
11483,2026-07-02 15:14:37+05:30,4061.2,57,4038.4,2311225,163702.0,146883.0,4100.0,4110.0,4012.0,4092.6,25757550,4501.8,3683.4,4440.0,3288.1,4061.3,24,1,4061.2,29,3,4061.1,8,1,4061.0,7,1,4060.8,17,1,4061.6,47,1,4061.8,4,1,4061.9,19,2,4062.0,408,16,4062.3,28,3
11483,2026-07-02 15:14:38+05:30,4061.6,1,4038.4,2311225,163702.0,146883.0,4100.0,4110.0,4012.0,4092.6,25757550,4501.8,3683.4,4440.0,3288.1,4061.3,24,1,4061.2,29,3,4061.1,8,1,4061.0,7,1,4060.8,17,1,4061.6,47,1,4061.8,4,1,4061.9,19,2,4062.0,408,16,4062.3,28,3
11483,2026-07-02 15:14:38+05:30,4060.8,1,4038.4,2311330,163187.0,147235.0,4100.0,4110.0,4012.0,4092.6,25757550,4501.8,3683.4,4440.0,3288.1,4060.8,21,1,4060.7,34,2,4060.6,24,1,4060.5,109,2,4060.4,41,2,4061.6,47,2,4061.8,4,1,4061.9,30,3,4062.0,408,16,4062.3,28,3
11483,2026-07-02 15:14:39+05:30,4061.6,1,4038.4,2311330,163187.0,147235.0,4100.0,4110.0,4012.0,4092.6,25757550,4501.8,3683.4,4440.0,3288.1,4060.8,21,1,4060.7,34,2,4060.6,24,1,4060.5,109,2,4060.4,41,2,4061.6,47,2,4061.8,4,1,4061.9,30,3,4062.0,408,16,4062.3,28,3
11483,2026-07-02 15:14:39+05:30,4060.8,1,4038.4,2311444,162918.0,147834.0,4100.0,4110.0,4012.0,4092.6,25757550,4501.8,3683.4,4440.0,3288.1,4060.8,3,3,4060.6,24,1,4060.3,68,2,4060.2,57,5,4060.1,142,5,4061.6,353,4,4061.8,4,1,4061.9,15,2,4062.0,433,17,4062.1,56,1
11483,2026-07-02 15:14:40+05:30,4061.6,6,4038.4,2311444,162918.0,147834.0,4100.0,4110.0,4012.0,4092.6,25757550,4501.8,3683.4,4440.0,3288.1,4060.8,3,3,4060.6,24,1,4060.3,68,2,4060.2,57,5,4060.1,142,5,4061.6,353,4,4061.8,4,1,4061.9,15,2,4062.0,433,17,4062.1,56,1
11483,2026-07-02 15:14:40+05:30,4060.8,1,4038.4,2311451,162937.0,147853.0,4100.0,4110.0,4012.0,4092.6,25757550,4501.8,3683.4,4440.0,3288.1,4060.8,4,3,4060.7,33,1,4060.6,24,1,4060.3,68,2,4060.2,42,3,4061.6,345,4,4061.8,4,1,4061.9,15,2,4062.0,433,17,4062.1,56,1
11483,2026-07-02 15:14:41+05:30,4060.8,1,4038.4,2311451,162937.0,147853.0,4100.0,4110.0,4012.0,4092.6,25757550,4501.8,3683.4,4440.0,3288.1,4060.8,4,3,4060.7,33,1,4060.6,24,1,4060.3,68,2,4060.2,42,3,4061.6,345,4,4061.8,4,1,4061.9,15,2,4062.0,433,17,4062.1,56,1
11483,2026-07-02 15:14:41+05:30,4060.8,1,4038.4,2311468,162903.0,147918.0,4100.0,4110.0,4012.0,4092.6,25757550,4501.8,3683.4,4440.0,3288.1,4060.8,6,3,4060.7,33,1,4060.6,24,1,4060.3,54,2,4060.2,42,3,4061.5,56,1,4061.6,336,6,4061.8,4,1,4061.9,39,3,4062.0,433,17
11483,2026-07-02 15:14:42+05:30,4060.6,18,4038.4,2311468,162903.0,147918.0,4100.0,4110.0,4012.0,4092.6,25757550,4501.8,3683.4,4440.0,3288.1,4060.8,6,3,4060.7,33,1,4060.6,24,1,4060.3,54,2,4060.2,42,3,4061.5,56,1,4061.6,336,6,4061.8,4,1,4061.9,39,3,4062.0,433,17
11483,2026-07-02 15:14:42+05:30,4060.6,18,4038.4,2311468,162903.0,147918.0,4100.0,4110.0,4012.0,4092.6,25757550,4501.8,3683.4,4440.0,3288.1,4060.8,6,3,4060.7,33,1,4060.6,24,1,4060.3,54,2,4060.2,42,3,4061.5,56,1,4061.6,336,6,4061.8,4,1,4061.9,39,3,4062.0,433,17
11483,2026-07-02 15:14:42+05:30,4060.8,1,4038.4,2311581,163014.0,147777.0,4100.0,4110.0,4012.0,4092.6,25757550,4501.8,3683.4,4440.0,3288.1,4060.3,41,1,4060.2,17,2,4060.1,44,3,4060.0,85,5,4059.9,50,3,4061.5,10,3,4061.6,78,4,4061.8,4,1,4061.9,56,3,4062.0,437,18
11483,2026-07-02 15:14:43+05:30,4060.8,1,4038.4,2311581,163014.0,147777.0,4100.0,4110.0,4012.0,4092.6,25757550,4501.8,3683.4,4440.0,3288.1,4060.3,41,1,4060.2,17,2,4060.1,44,3,4060.0,85,5,4059.9,50,3,4061.5,10,3,4061.6,78,4,4061.8,4,1,4061.9,56,3,4062.0,437,18
11483,2026-07-02 15:14:43+05:30,4060.8,1,4038.4,2311581,163014.0,147777.0,4100.0,4110.0,4012.0,4092.6,25757550,4501.8,3683.4,4440.0,3288.1,4060.3,41,1,4060.2,17,2,4060.1,44,3,4060.0,85,5,4059.9,50,3,4061.5,10,3,4061.6,78,4,4061.8,4,1,4061.9,56,3,4062.0,437,18
11483,2026-07-02 15:14:43+05:30,4060.8,1,4038.4,2311581,163014.0,147777.0,4100.0,4110.0,4012.0,4092.6,25757550,4501.8,3683.4,4440.0,3288.1,4060.3,41,1,4060.2,17,2,4060.1,44,3,4060.0,85,5,4059.9,50,3,4061.5,10,3,4061.6,78,4,4061.8,4,1,4061.9,56,3,4062.0,437,18
11483,2026-07-02 15:14:43+05:30,4060.4,1,4038.4,2311662,163068.0,148046.0,4100.0,4110.0,4012.0,4092.6,25757550,4501.8,3683.4,4440.0,3288.1,4060.4,28,1,4060.3,42,2,4060.2,2,1,4060.1,35,2,4060.0,32,2,4061.5,348,5,4061.6,105,5,4061.7,24,1,4061.8,111,4,4061.9,15,2
11483,2026-07-02 15:14:44+05:30,4060.4,4,4038.4,2311662,163068.0,148046.0,4100.0,4110.0,4012.0,4092.6,25757550,4501.8,3683.4,4440.0,3288.1,4060.4,28,1,4060.3,42,2,4060.2,2,1,4060.1,35,2,4060.0,32,2,4061.5,348,5,4061.6,105,5,4061.7,24,1,4061.8,111,4,4061.9,15,2
11483,2026-07-02 15:14:44+05:30,4060.4,4,4038.4,2311662,163068.0,148046.0,4100.0,4110.0,4012.0,4092.6,25757550,4501.8,3683.4,4440.0,3288.1,4060.4,28,1,4060.3,42,2,4060.2,2,1,4060.1,35,2,4060.0,32,2,4061.5,348,5,4061.6,105,5,4061.7,24,1,4061.8,111,4,4061.9,15,2
11483,2026-07-02 15:14:44+05:30,4060.4,1,4038.4,2311748,163102.0,148099.0,4100.0,4110.0,4012.0,4092.6,25757550,4501.8,3683.4,4440.0,3288.1,4060.4,101,3,4060.3,1,1,4060.2,2,1,4060.1,35,2,4060.0,32,2,4061.5,404,8,4061.6,136,6,4061.7,24,1,4061.8,70,3,4061.9,43,2
11483,2026-07-02 15:14:45+05:30,4060.4,1,4038.4,2311748,163102.0,148099.0,4100.0,4110.0,4012.0,4092.6,25757550,4501.8,3683.4,4440.0,3288.1,4060.4,101,3,4060.3,1,1,4060.2,2,1,4060.1,35,2,4060.0,32,2,4061.5,404,8,4061.6,136,6,4061.7,24,1,4061.8,70,3,4061.9,43,2
11483,2026-07-02 15:14:45+05:30,4060.4,1,4038.4,2311748,163102.0,148099.0,4100.0,4110.0,4012.0,4092.6,25757550,4501.8,3683.4,4440.0,3288.1,4060.4,101,3,4060.3,1,1,4060.2,2,1,4060.1,35,2,4060.0,32,2,4061.5,404,8,4061.6,136,6,4061.7,24,1,4061.8,70,3,4061.9,43,2
11483,2026-07-02 15:14:45+05:30,4060.4,1,4038.4,2311748,163102.0,148099.0,4100.0,4110.0,4012.0,4092.6,25757550,4501.8,3683.4,4440.0,3288.1,4060.4,101,3,4060.3,1,1,4060.2,2,1,4060.1,35,2,4060.0,32,2,4061.5,404,8,4061.6,136,6,4061.7,24,1,4061.8,70,3,4061.9,43,2
11483,2026-07-02 15:14:46+05:30,4060.4,1,4038.4,2311748,163102.0,148099.0,4100.0,4110.0,4012.0,4092.6,25757550,4501.8,3683.4,4440.0,3288.1,4060.4,101,3,4060.3,1,1,4060.2,2,1,4060.1,35,2,4060.0,32,2,4061.5,404,8,4061.6,136,6,4061.7,24,1,4061.8,70,3,4061.9,43,2
11483,2026-07-02 15:14:46+05:30,4060.9,2,4038.41,2311957,163031.0,148157.0,4100.0,4110.0,4012.0,4092.6,25757550,4501.8,3683.4,4440.0,3288.1,4060.9,1,1,4060.4,3,2,4060.3,1,1,4060.1,35,2,4060.0,32,2,4061.5,457,9,4061.6,87,5,4061.7,18,1,4061.8,131,5,4061.9,27,2
11483,2026-07-02 15:14:46+05:30,4060.9,2,4038.41,2311957,163031.0,148157.0,4100.0,4110.0,4012.0,4092.6,25757550,4501.8,3683.4,4440.0,3288.1,4060.9,1,1,4060.4,3,2,4060.3,1,1,4060.1,35,2,4060.0,32,2,4061.5,457,9,4061.6,87,5,4061.7,18,1,4061.8,131,5,4061.9,27,2
11483,2026-07-02 15:14:46+05:30,4060.4,2,4038.41,2311957,163031.0,148157.0,4100.0,4110.0,4012.0,4092.6,25757550,4501.8,3683.4,4440.0,3288.1,4060.9,1,1,4060.4,3,2,4060.3,1,1,4060.1,35,2,4060.0,32,2,4061.5,457,9,4061.6,87,5,4061.7,18,1,4061.8,131,5,4061.9,27,2
11483,2026-07-02 15:14:46+05:30,4060.4,2,4038.41,2311957,163031.0,148157.0,4100.0,4110.0,4012.0,4092.6,25757550,4501.8,3683.4,4440.0,3288.1,4060.9,1,1,4060.4,3,2,4060.3,1,1,4060.1,35,2,4060.0,32,2,4061.5,457,9,4061.6,87,5,4061.7,18,1,4061.8,131,5,4061.9,27,2
11483,2026-07-02 15:14:46+05:30,4060.4,1,4038.41,2311973,162955.0,147527.0,4100.0,4110.0,4012.0,4092.6,25757550,4501.8,3683.4,4440.0,3288.1,4060.1,12,1,4060.0,12,1,4059.8,25,1,4059.7,8,1,4059.5,74,2,4060.4,1,1,4061.3,42,1,4061.4,26,2,4061.5,581,11,4061.6,136,7
11483,2026-07-02 15:14:47+05:30,4060.4,1,4038.41,2311973,162955.0,147527.0,4100.0,4110.0,4012.0,4092.6,25762450,4501.8,3683.4,4440.0,3288.1,4060.1,12,1,4060.0,12,1,4059.8,25,1,4059.7,8,1,4059.5,74,2,4060.4,1,1,4061.3,42,1,4061.4,26,2,4061.5,581,11,4061.6,136,7
11483,2026-07-02 15:14:47+05:30,4060.4,1,4038.41,2311973,162955.0,147527.0,4100.0,4110.0,4012.0,4092.6,25762450,4501.8,3683.4,4440.0,3288.1,4060.1,12,1,4060.0,12,1,4059.8,25,1,4059.7,8,1,4059.5,74,2,4060.4,1,1,4061.3,42,1,4061.4,26,2,4061.5,581,11,4061.6,136,7
11483,2026-07-02 15:14:47+05:30,4060.4,1,4038.41,2311973,162955.0,147527.0,4100.0,4110.0,4012.0,4092.6,25762450,4501.8,3683.4,4440.0,3288.1,4060.1,12,1,4060.0,12,1,4059.8,25,1,4059.7,8,1,4059.5,74,2,4060.4,1,1,4061.3,42,1,4061.4,26,2,4061.5,581,11,4061.6,136,7
11483,2026-07-02 15:14:48+05:30,4060.2,1,4038.41,2311984,162903.0,147899.0,4100.0,4110.0,4012.0,4092.6,25762450,4501.8,3683.4,4440.0,3288.1,4060.2,7,2,4060.1,28,2,4060.0,12,1,4059.8,25,1,4059.6,9,1,4060.4,73,2,4061.3,73,2,4061.4,91,3,4061.5,112,3,4061.6,133,8
11483,2026-07-02 15:14:48+05:30,4060.2,1,4038.41,2311984,162903.0,147899.0,4100.0,4110.0,4012.0,4092.6,25762450,4501.8,3683.4,4440.0,3288.1,4060.2,7,2,4060.1,28,2,4060.0,12,1,4059.8,25,1,4059.6,9,1,4060.4,73,2,4061.3,73,2,4061.4,91,3,4061.5,112,3,4061.6,133,8
11483,2026-07-02 15:14:48+05:30,4060.2,1,4038.41,2311984,162903.0,147899.0,4100.0,4110.0,4012.0,4092.6,25762450,4501.8,3683.4,4440.0,3288.1,4060.2,7,2,4060.1,28,2,4060.0,12,1,4059.8,25,1,4059.6,9,1,4060.4,73,2,4061.3,73,2,4061.4,91,3,4061.5,112,3,4061.6,133,8
11483,2026-07-02 15:14:48+05:30,4060.2,1,4038.41,2311984,162903.0,147899.0,4100.0,4110.0,4012.0,4092.6,25762450,4501.8,3683.4,4440.0,3288.1,4060.2,7,2,4060.1,28,2,4060.0,12,1,4059.8,25,1,4059.6,9,1,4060.4,73,2,4061.3,73,2,4061.4,91,3,4061.5,112,3,4061.6,133,8
11483,2026-07-02 15:14:49+05:30,4060.0,46,4038.41,2312176,162184.0,148579.0,4100.0,4110.0,4012.0,4092.6,25762450,4501.8,3683.4,4440.0,3288.1,4059.8,25,1,4059.5,12,1,4059.3,13,1,4059.2,12,2,4059.1,718,7,4060.0,10,1,4060.4,531,7,4060.9,18,1,4061.1,49,4,4061.2,84,1
11483,2026-07-02 15:14:49+05:30,4060.0,46,4038.41,2312176,162184.0,148579.0,4100.0,4110.0,4012.0,4092.6,25762450,4501.8,3683.4,4440.0,3288.1,4059.8,25,1,4059.5,12,1,4059.3,13,1,4059.2,12,2,4059.1,718,7,4060.0,10,1,4060.4,531,7,4060.9,18,1,4061.1,49,4,4061.2,84,1
11483,2026-07-02 15:14:49+05:30,4060.0,46,4038.41,2312176,162184.0,148579.0,4100.0,4110.0,4012.0,4092.6,25762450,4501.8,3683.4,4440.0,3288.1,4059.8,25,1,4059.5,12,1,4059.3,13,1,4059.2,12,2,4059.1,718,7,4060.0,10,1,4060.4,531,7,4060.9,18,1,4061.1,49,4,4061.2,84,1
11483,2026-07-02 15:14:50+05:30,4061.5,1,4038.41,2312553,162876.0,146785.0,4100.0,4110.0,4012.0,4092.6,25762450,4501.8,3683.4,4440.0,3288.1,4059.9,10,1,4059.8,28,2,4059.5,12,1,4059.4,34,2,4059.3,131,5,4061.5,134,5,4061.6,127,7,4061.7,21,1,4061.8,98,5,4061.9,58,3
11483,2026-07-02 15:14:50+05:30,4061.5,1,4038.41,2312553,162876.0,146785.0,4100.0,4110.0,4012.0,4092.6,25762450,4501.8,3683.4,4440.0,3288.1,4059.9,10,1,4059.8,28,2,4059.5,12,1,4059.4,34,2,4059.3,131,5,4061.5,134,5,4061.6,127,7,4061.7,21,1,4061.8,98,5,4061.9,58,3
11483,2026-07-02 15:14:51+05:30,4061.4,1,4038.41,2312555,162636.0,147999.0,4100.0,4110.0,4012.0,4092.6,25762450,4501.8,3683.4,4440.0,3288.1,4059.9,11,2,4059.8,28,2,4059.5,12,1,4059.3,13,1,4059.2,94,3,4061.4,139,4,4061.5,490,8,4061.6,127,6,4061.7,113,3,4061.8,147,6
11483,2026-07-02 15:14:51+05:30,4061.4,1,4038.41,2312555,162636.0,147999.0,4100.0,4110.0,4012.0,4092.6,25762450,4501.8,3683.4,4440.0,3288.1,4059.9,11,2,4059.8,28,2,4059.5,12,1,4059.3,13,1,4059.2,94,3,4061.4,139,4,4061.5,490,8,4061.6,127,6,4061.7,113,3,4061.8,147,6
11483,2026-07-02 15:14:52+05:30,4061.4,2,4038.41,2312646,162628.0,147817.0,4100.0,4110.0,4012.0,4092.6,25762450,4501.8,3683.4,4440.0,3288.1,4059.9,17,6,4059.8,25,1,4059.6,8,1,4059.5,12,1,4059.3,13,1,4061.4,46,3,4061.5,74,2,4061.6,87,5,4061.7,85,3,4061.8,161,7
11483,2026-07-02 15:14:52+05:30,4061.4,2,4038.41,2312646,162628.0,147817.0,4100.0,4110.0,4012.0,4092.6,25762450,4501.8,3683.4,4440.0,3288.1,4059.9,17,6,4059.8,25,1,4059.6,8,1,4059.5,12,1,4059.3,13,1,4061.4,46,3,4061.5,74,2,4061.6,87,5,4061.7,85,3,4061.8,161,7
11483,2026-07-02 15:14:53+05:30,4061.4,2,4038.42,2313251,162335.0,147049.0,4100.0,4110.0,4012.0,4092.6,25762450,4501.8,3683.4,4440.0,3288.1,4061.4,1,1,4060.8,5,1,4060.0,13,1,4059.9,22,8,4059.8,26,2,4061.5,90,6,4061.6,87,5,4061.7,28,2,4061.8,66,4,4061.9,54,3
11483,2026-07-02 15:14:53+05:30,4060.1,1,4038.42,2313251,162335.0,147049.0,4100.0,4110.0,4012.0,4092.6,25762450,4501.8,3683.4,4440.0,3288.1,4061.4,1,1,4060.8,5,1,4060.0,13,1,4059.9,22,8,4059.8,26,2,4061.5,90,6,4061.6,87,5,4061.7,28,2,4061.8,66,4,4061.9,54,3
11483,2026-07-02 15:14:54+05:30,4061.4,41,4038.42,2313491,162341.0,147567.0,4100.0,4110.0,4012.0,4092.6,25762450,4501.8,3683.4,4440.0,3288.1,4059.9,1,1,4059.8,26,2,4059.5,12,1,4059.3,13,1,4059.2,66,2,4061.4,173,5,4061.5,200,7,4061.6,126,6,4061.7,52,3,4061.8,134,5
11483,2026-07-02 15:14:54+05:30,4061.4,41,4038.42,2313491,162341.0,147567.0,4100.0,4110.0,4012.0,4092.6,25762450,4501.8,3683.4,4440.0,3288.1,4059.9,1,1,4059.8,26,2,4059.5,12,1,4059.3,13,1,4059.2,66,2,4061.4,173,5,4061.5,200,7,4061.6,126,6,4061.7,52,3,4061.8,134,5
11483,2026-07-02 15:14:55+05:30,4061.3,1,4038.42,2313491,162341.0,147567.0,4100.0,4110.0,4012.0,4092.6,25762450,4501.8,3683.4,4440.0,3288.1,4059.9,1,1,4059.8,26,2,4059.5,12,1,4059.3,13,1,4059.2,66,2,4061.4,173,5,4061.5,200,7,4061.6,126,6,4061.7,52,3,4061.8,134,5
11483,2026-07-02 15:14:55+05:30,4061.3,1,4038.42,2313556,161952.0,148262.0,4100.0,4110.0,4012.0,4092.6,25762450,4501.8,3683.4,4440.0,3288.1,4060.0,2,1,4059.9,4,2,4059.8,26,2,4059.5,12,1,4059.3,13,1,4061.1,161,4,4061.3,347,4,4061.4,153,6,4061.5,294,8,4061.6,175,7
11483,2026-07-02 15:14:56+05:30,4060.0,1,4038.42,2313556,161952.0,148262.0,4100.0,4110.0,4012.0,4092.6,25762450,4501.8,3683.4,4440.0,3288.1,4060.0,2,1,4059.9,4,2,4059.8,26,2,4059.5,12,1,4059.3,13,1,4061.1,161,4,4061.3,347,4,4061.4,153,6,4061.5,294,8,4061.6,175,7
11483,2026-07-02 15:14:56+05:30,4060.0,1,4038.42,2313562,161981.0,148454.0,4100.0,4110.0,4012.0,4092.6,25762450,4501.8,3683.4,4440.0,3288.1,4059.9,4,2,4059.8,46,3,4059.5,12,1,4059.4,29,1,4059.3,19,2,4061.1,63,3,4061.3,29,3,4061.4,64,4,4061.5,169,5,4061.6,138,6
11483,2026-07-02 15:14:57+05:30,4060.5,2,4038.42,2313562,161981.0,148454.0,4100.0,4110.0,4012.0,4092.6,25762450,4501.8,3683.4,4440.0,3288.1,4059.9,4,2,4059.8,46,3,4059.5,12,1,4059.4,29,1,4059.3,19,2,4061.1,63,3,4061.3,29,3,4061.4,64,4,4061.5,169,5,4061.6,138,6
11483,2026-07-02 15:14:57+05:30,4060.5,2,4038.42,2313565,161961.0,148525.0,4100.0,4110.0,4012.0,4092.6,25762450,4501.8,3683.4,4440.0,3288.1,4060.5,3,1,4060.1,1,1,4059.9,24,3,4059.8,27,3,4059.5,12,1,4061.1,229,10,4061.2,16,1,4061.3,25,2,4061.4,86,4,4061.5,151,5
11483,2026-07-02 15:14:58+05:30,4061.1,5,4038.42,2313565,161961.0,148525.0,4100.0,4110.0,4012.0,4092.6,25762450,4501.8,3683.4,4440.0,3288.1,4060.5,3,1,4060.1,1,1,4059.9,24,3,4059.8,27,3,4059.5,12,1,4061.1,229,10,4061.2,16,1,4061.3,25,2,4061.4,86,4,4061.5,151,5
11483,2026-07-02 15:14:58+05:30,4061.1,219,4038.43,2314734,162143.0,148082.0,4100.0,4110.0,4012.0,4092.6,25762450,4501.8,3683.4,4440.0,3288.1,4061.1,81,1,4060.7,10,1,4060.6,23,2,4060.5,5,2,4060.1,101,2,4061.3,37,3,4061.4,1,1,4061.5,30,2,4061.6,79,4,4061.7,21,1
11483,2026-07-02 15:14:59+05:30,4061.1,1,4038.43,2314734,162143.0,148082.0,4100.0,4110.0,4012.0,4092.6,25762450,4501.8,3683.4,4440.0,3288.1,4061.1,81,1,4060.7,10,1,4060.6,23,2,4060.5,5,2,4060.1,101,2,4061.3,37,3,4061.4,1,1,4061.5,30,2,4061.6,79,4,4061.7,21,1
11483,2026-07-02 15:14:59+05:30,4061.1,297,4038.44,2315144,161978.0,148267.0,4100.0,4110.0,4012.0,4092.6,25762450,4501.8,3683.4,4440.0,3288.1,4061.1,25,3,4060.7,10,1,4060.6,23,2,4060.5,3,1,4060.1,1,1,4061.3,59,5,4061.4,1,1,4061.5,160,3,4061.6,90,5,4061.7,45,2
11483,2026-07-02 15:15:00+05:30,4061.3,2,4038.44,2315144,161978.0,148267.0,4100.0,4110.0,4012.0,4092.6,25762450,4501.8,3683.4,4440.0,3288.1,4061.1,25,3,4060.7,10,1,4060.6,23,2,4060.5,3,1,4060.1,1,1,4061.3,59,5,4061.4,1,1,4061.5,160,3,4061.6,90,5,4061.7,45,2
11483,2026-07-02 15:15:00+05:30,4061.3,18,4038.44,2315315,161321.0,146077.0,4100.0,4110.0,4012.0,4092.6,25762450,4501.8,3683.4,4440.0,3288.1,4061.1,337,5,4060.7,10,1,4060.6,23,2,4060.5,3,1,4060.4,10,1,4061.3,320,3,4061.4,1,1,4061.5,160,3,4061.6,79,4,4061.7,21,1
11483,2026-07-02 15:15:01+05:30,4061.3,1,4038.44,2315315,161321.0,146077.0,4100.0,4110.0,4012.0,4092.6,25762450,4501.8,3683.4,4440.0,3288.1,4061.1,337,5,4060.7,10,1,4060.6,23,2,4060.5,3,1,4060.4,10,1,4061.3,320,3,4061.4,1,1,4061.5,160,3,4061.6,79,4,4061.7,21,1
11483,2026-07-02 15:15:01+05:30,4061.3,15,4038.44,2315512,156597.0,142324.0,4100.0,4110.0,4012.0,4092.6,25762450,4501.8,3683.4,4440.0,3288.1,4061.1,224,7,4060.7,10,1,4060.6,23,2,4060.5,15,2,4060.4,10,1,4061.3,241,4,4061.4,1,1,4061.5,160,3,4061.6,79,4,4061.7,21,1
11483,2026-07-02 15:15:02+05:30,4061.1,1,4038.44,2315512,156597.0,142324.0,4100.0,4110.0,4012.0,4092.6,25762450,4501.8,3683.4,4440.0,3288.1,4061.1,224,7,4060.7,10,1,4060.6,23,2,4060.5,15,2,4060.4,10,1,4061.3,241,4,4061.4,1,1,4061.5,160,3,4061.6,79,4,4061.7,21,1
11483,2026-07-02 15:15:02+05:30,4061.1,201,4038.45,2316008,156413.0,140223.0,4100.0,4110.0,4012.0,4092.6,25762450,4501.8,3683.4,4440.0,3288.1,4061.1,162,6,4061.0,2,1,4060.7,10,1,4060.6,23,2,4060.4,10,1,4061.3,203,7,4061.4,1,1,4061.5,160,3,4061.6,79,4,4061.7,21,1
11483,2026-07-02 15:15:03+05:30,4061.1,286,4038.45,2316008,156413.0,140223.0,4100.0,4110.0,4012.0,4092.6,25762450,4501.8,3683.4,4440.0,3288.1,4061.1,162,6,4061.0,2,1,4060.7,10,1,4060.6,23,2,4060.4,10,1,4061.3,203,7,4061.4,1,1,4061.5,160,3,4061.6,79,4,4061.7,21,1
11483,2026-07-02 15:15:03+05:30,4061.3,1,4038.45,2316457,157350.0,140847.0,4100.0,4110.0,4012.0,4092.6,25762450,4501.8,3683.4,4440.0,3288.1,4061.2,2,1,4061.1,79,7,4060.9,90,2,4060.7,10,1,4060.6,23,2,4061.3,257,9,4061.4,1,1,4061.5,160,3,4061.6,79,4,4061.7,21,1
11483,2026-07-02 15:15:04+05:30,4061.3,45,4038.45,2316457,157350.0,140847.0,4100.0,4110.0,4012.0,4092.6,25762450,4501.8,3683.4,4440.0,3288.1,4061.2,2,1,4061.1,79,7,4060.9,90,2,4060.7,10,1,4060.6,23,2,4061.3,257,9,4061.4,1,1,4061.5,160,3,4061.6,79,4,4061.7,21,1
11483,2026-07-02 15:15:05+05:30,4061.3,20,4038.45,2316963,157699.0,140376.0,4100.0,4110.0,4012.0,4092.6,25762450,4501.8,3683.4,4440.0,3288.1,4061.2,30,6,4061.1,14,1,4060.9,90,2,4060.7,10,1,4060.6,23,2,4061.3,14,1,4061.5,159,3,4061.6,79,4,4061.7,21,1,4061.8,23,2
11483,2026-07-02 15:15:05+05:30,4061.2,5,4038.45,2316963,157699.0,140376.0,4100.0,4110.0,4012.0,4092.6,25762450,4501.8,3683.4,4440.0,3288.1,4061.2,30,6,4061.1,14,1,4060.9,90,2,4060.7,10,1,4060.6,23,2,4061.3,14,1,4061.5,159,3,4061.6,79,4,4061.7,21,1,4061.8,23,2
11483,2026-07-02 15:15:06+05:30,4061.3,4,4038.46,2317113,154271.0,135879.0,4100.0,4110.0,4012.0,4092.6,25762450,4501.8,3683.4,4440.0,3288.1,4061.2,8,1,4061.1,14,1,4060.9,90,2,4060.7,10,1,4060.6,23,2,4061.3,10,1,4061.5,194,4,4061.6,94,5,4061.7,21,1,4061.8,41,3
11483,2026-07-02 15:15:06+05:30,4061.3,1,4038.46,2317113,154271.0,135879.0,4100.0,4110.0,4012.0,4092.6,25762450,4501.8,3683.4,4440.0,3288.1,4061.2,8,1,4061.1,14,1,4060.9,90,2,4060.7,10,1,4060.6,23,2,4061.3,10,1,4061.5,194,4,4061.6,94,5,4061.7,21,1,4061.8,41,3
11483,2026-07-02 15:15:07+05:30,4061.2,1,4038.46,2317132,159536.0,141080.0,4100.0,4110.0,4012.0,4092.6,25762450,4501.8,3683.4,4440.0,3288.1,4061.1,321,5,4060.9,90,2,4060.7,10,1,4060.6,23,2,4060.4,10,1,4061.2,3,1,4061.3,12,2,4061.4,1,1,4061.5,159,3,4061.6,128,5
11483,2026-07-02 15:15:07+05:30,4061.2,1,4038.46,2317132,159536.0,141080.0,4100.0,4110.0,4012.0,4092.6,25762450,4501.8,3683.4,4440.0,3288.1,4061.1,321,5,4060.9,90,2,4060.7,10,1,4060.6,23,2,4060.4,10,1,4061.2,3,1,4061.3,12,2,4061.4,1,1,4061.5,159,3,4061.6,128,5
11483,2026-07-02 15:15:08+05:30,4061.1,162,4038.46,2317383,159263.0,141090.0,4100.0,4110.0,4012.0,4092.6,25762450,4501.8,3683.4,4440.0,3288.1,4061.1,160,5,4060.9,90,2,4060.7,10,1,4060.6,23,2,4060.4,10,1,4061.2,4,1,4061.3,14,1,4061.4,36,2,4061.5,159,3,4061.6,93,4
11483,2026-07-02 15:15:08+05:30,4061.2,1,4038.46,2317383,159263.0,141090.0,4100.0,4110.0,4012.0,4092.6,25762450,4501.8,3683.4,4440.0,3288.1,4061.1,160,5,4060.9,90,2,4060.7,10,1,4060.6,23,2,4060.4,10,1,4061.2,4,1,4061.3,14,1,4061.4,36,2,4061.5,159,3,4061.6,93,4
11483,2026-07-02 15:15:09+05:30,4061.1,3,4038.46,2317383,159263.0,141090.0,4100.0,4110.0,4012.0,4092.6,25762450,4501.8,3683.4,4440.0,3288.1,4061.1,160,5,4060.9,90,2,4060.7,10,1,4060.6,23,2,4060.4,10,1,4061.2,4,1,4061.3,14,1,4061.4,36,2,4061.5,159,3,4061.6,93,4
11483,2026-07-02 15:15:09+05:30,4061.1,3,4038.46,2317564,158071.0,141527.0,4100.0,4110.0,4012.0,4092.6,25762450,4501.8,3683.4,4440.0,3288.1,4061.1,277,7,4060.9,90,2,4060.7,10,1,4060.6,36,3,4060.4,10,1,4061.3,8,1,4061.4,36,2,4061.5,159,3,4061.6,141,5,4061.7,21,1
11483,2026-07-02 15:15:10+05:30,4060.9,72,4038.46,2317564,158071.0,141527.0,4100.0,4110.0,4012.0,4092.6,25762450,4501.8,3683.4,4440.0,3288.1,4061.1,277,7,4060.9,90,2,4060.7,10,1,4060.6,36,3,4060.4,10,1,4061.3,8,1,4061.4,36,2,4061.5,159,3,4061.6,141,5,4061.7,21,1
11483,2026-07-02 15:15:10+05:30,4060.9,72,4038.47,2318417,156812.0,141674.0,4100.0,4110.0,4012.0,4092.6,25762450,4501.8,3683.4,4440.0,3288.1,4060.9,3,1,4060.4,11,2,4060.2,13,1,4060.0,50,4,4059.8,26,2,4061.0,1626,3,4061.2,58,1,4061.3,11,2,4061.4,1,1,4061.5,257,4
11483,2026-07-02 15:15:11+05:30,4060.9,13,4038.47,2318417,156812.0,141674.0,4100.0,4110.0,4012.0,4092.6,25762450,4501.8,3683.4,4440.0,3288.1,4060.9,3,1,4060.4,11,2,4060.2,13,1,4060.0,50,4,4059.8,26,2,4061.0,1626,3,4061.2,58,1,4061.3,11,2,4061.4,1,1,4061.5,257,4
11483,2026-07-02 15:15:11+05:30,4060.9,13,4038.47,2318482,156226.0,140815.0,4100.0,4110.0,4012.0,4092.6,25762450,4501.8,3683.4,4440.0,3288.1,4060.9,13,1,4060.4,11,2,4060.0,50,4,4059.8,26,2,4059.3,23,2,4061.0,1618,4,4061.2,58,1,4061.3,123,5,4061.4,1,1,4061.5,257,4
11483,2026-07-02 15:15:12+05:30,4061.0,63,4038.47,2318482,156226.0,140815.0,4100.0,4110.0,4012.0,4092.6,25762450,4501.8,3683.4,4440.0,3288.1,4060.9,13,1,4060.4,11,2,4060.0,50,4,4059.8,26,2,4059.3,23,2,4061.0,1618,4,4061.2,58,1,4061.3,123,5,4061.4,1,1,4061.5,257,4
11483,2026-07-02 15:15:12+05:30,4061.0,63,4038.47,2318740,156736.0,140630.0,4100.0,4110.0,4012.0,4092.6,25762450,4501.8,3683.4,4440.0,3288.1,4060.9,5,2,4060.4,18,3,4060.0,50,4,4059.8,26,2,4059.4,2,1,4061.0,1979,9,4061.3,21,2,4061.4,1,1,4061.5,257,4,4061.6,93,4
11483,2026-07-02 15:15:13+05:30,4061.0,10,4038.47,2318740,156736.0,140630.0,4100.0,4110.0,4012.0,4092.6,25762450,4501.8,3683.4,4440.0,3288.1,4060.9,5,2,4060.4,18,3,4060.0,50,4,4059.8,26,2,4059.4,2,1,4061.0,1979,9,4061.3,21,2,4061.4,1,1,4061.5,257,4,4061.6,93,4
11483,2026-07-02 15:15:13+05:30,4061.0,10,4038.47,2318853,158128.0,140408.0,4100.0,4110.0,4012.0,4092.6,25762450,4501.8,3683.4,4440.0,3288.1,4060.9,5,3,4060.4,19,4,4060.0,50,4,4059.8,26,2,4059.4,2,1,4061.0,1892,10,4061.3,21,2,4061.4,1,1,4061.5,257,4,4061.6,93,4
11483,2026-07-02 15:15:14+05:30,4060.4,1,4038.47,2318853,158128.0,140408.0,4100.0,4110.0,4012.0,4092.6,25762450,4501.8,3683.4,4440.0,3288.1,4060.9,5,3,4060.4,19,4,4060.0,50,4,4059.8,26,2,4059.4,2,1,4061.0,1892,10,4061.3,21,2,4061.4,1,1,4061.5,257,4,4061.6,93,4
11483,2026-07-02 15:15:14+05:30,4060.0,10,4038.47,2319020,157767.0,140405.0,4100.0,4110.0,4012.0,4092.6,25762450,4501.8,3683.4,4440.0,3288.1,4060.4,1,1,4060.0,15,1,4059.8,26,2,4059.2,26,2,4059.1,350,6,4061.0,1377,11,4061.2,571,2,4061.3,9,1,4061.4,1,1,4061.5,257,4
11483,2026-07-02 15:15:15+05:30,4060.0,4,4038.47,2319020,157767.0,140405.0,4100.0,4110.0,4012.0,4092.6,25762450,4501.8,3683.4,4440.0,3288.1,4060.4,1,1,4060.0,15,1,4059.8,26,2,4059.2,26,2,4059.1,350,6,4061.0,1377,11,4061.2,571,2,4061.3,9,1,4061.4,1,1,4061.5,257,4
11483,2026-07-02 15:15:15+05:30,4061.0,2,4038.48,2319058,156990.0,140021.0,4100.0,4110.0,4012.0,4092.6,25762450,4501.8,3683.4,4440.0,3288.1,4060.4,3,1,4060.0,25,1,4059.9,9,1,4059.8,26,2,4059.2,21,1,4061.0,1379,12,4061.2,571,2,4061.3,3,1,4061.4,12,2,4061.5,257,4
11483,2026-07-02 15:15:16+05:30,4060.0,2,4038.48,2319058,156990.0,140021.0,4100.0,4110.0,4012.0,4092.6,25762450,4501.8,3683.4,4440.0,3288.1,4060.4,3,1,4060.0,25,1,4059.9,9,1,4059.8,26,2,4059.2,21,1,4061.0,1379,12,4061.2,571,2,4061.3,3,1,4061.4,12,2,4061.5,257,4
11483,2026-07-02 15:15:16+05:30,4061.0,1,4038.48,2319092,156111.0,138947.0,4100.0,4110.0,4012.0,4092.6,25762450,4501.8,3683.4,4440.0,3288.1,4060.0,54,3,4059.8,26,2,4059.3,9,1,4059.2,15,1,4059.1,305,5,4061.0,1375,12,4061.2,571,2,4061.3,3,1,4061.4,9,2,4061.5,289,5
11483,2026-07-02 15:15:17+05:30,4060.0,1,4038.48,2319092,156111.0,138947.0,4100.0,4110.0,4012.0,4092.6,25762450,4501.8,3683.4,4440.0,3288.1,4060.0,54,3,4059.8,26,2,4059.3,9,1,4059.2,15,1,4059.1,305,5,4061.0,1375,12,4061.2,571,2,4061.3,3,1,4061.4,9,2,4061.5,289,5
11483,2026-07-02 15:15:17+05:30,4060.0,1,4038.48,2319159,155961.0,138208.0,4100.0,4110.0,4012.0,4092.6,25762450,4501.8,3683.4,4440.0,3288.1,4060.5,6,1,4060.0,30,3,4059.8,26,2,4059.3,33,2,4059.2,76,2,4061.0,1332,10,4061.1,514,3,4061.2,99,2,4061.5,257,4,4061.6,93,4
11483,2026-07-02 15:15:18+05:30,4060.5,14,4038.48,2319159,155961.0,138208.0,4100.0,4110.0,4012.0,4092.6,25762450,4501.8,3683.4,4440.0,3288.1,4060.5,6,1,4060.0,30,3,4059.8,26,2,4059.3,33,2,4059.2,76,2,4061.0,1332,10,4061.1,514,3,4061.2,99,2,4061.5,257,4,4061.6,93,4
11483,2026-07-02 15:15:18+05:30,4060.5,14,4038.48,2319215,155525.0,137850.0,4100.0,4110.0,4012.0,4092.6,25762450,4501.8,3683.4,4440.0,3288.1,4060.5,7,2,4060.0,30,3,4059.8,26,2,4059.5,4,1,4059.4,24,1,4061.0,1378,13,4061.1,1,1,4061.2,99,2,4061.3,473,1,4061.5,257,4
11483,2026-07-02 15:15:19+05:30,4061.0,4,4038.48,2319215,155525.0,137850.0,4100.0,4110.0,4012.0,4092.6,25762450,4501.8,3683.4,4440.0,3288.1,4060.5,7,2,4060.0,30,3,4059.8,26,2,4059.5,4,1,4059.4,24,1,4061.0,1378,13,4061.1,1,1,4061.2,99,2,4061.3,473,1,4061.5,257,4
11483,2026-07-02 15:15:19+05:30,4060.0,7,4038.48,2319343,154670.0,138409.0,4100.0,4110.0,4012.0,4092.6,25762450,4501.8,3683.4,4440.0,3288.1,4060.0,26,2,4059.8,26,2,4059.5,4,1,4059.3,24,1,4059.2,62,2,4061.0,2161,16,4061.1,1,1,4061.2,1,1,4061.4,49,1,4061.5,762,6
11483,2026-07-02 15:15:20+05:30,4060.0,1,4038.48,2319343,154670.0,138409.0,4100.0,4110.0,4012.0,4092.6,25762450,4501.8,3683.4,4440.0,3288.1,4060.0,26,2,4059.8,26,2,4059.5,4,1,4059.3,24,1,4059.2,62,2,4061.0,2161,16,4061.1,1,1,4061.2,1,1,4061.4,49,1,4061.5,762,6
11483,2026-07-02 15:15:20+05:30,4060.0,10,4038.48,2319360,155060.0,138483.0,4100.0,4110.0,4012.0,4092.6,25762450,4501.8,3683.4,4440.0,3288.1,4060.0,11,4,4059.8,26,2,4059.5,4,1,4059.3,25,1,4059.2,84,2,4061.0,2228,15,4061.1,13,2,4061.2,1,1,4061.3,9,1,4061.4,57,2
11483,2026-07-02 15:15:21+05:30,4061.0,10,4038.48,2319360,155060.0,138483.0,4100.0,4110.0,4012.0,4092.6,25762450,4501.8,3683.4,4440.0,3288.1,4060.0,11,4,4059.8,26,2,4059.5,4,1,4059.3,25,1,4059.2,84,2,4061.0,2228,15,4061.1,13,2,4061.2,1,1,4061.3,9,1,4061.4,57,2
11483,2026-07-02 15:15:21+05:30,4061.0,19,4038.48,2319511,154951.0,138081.0,4100.0,4110.0,4012.0,4092.6,25762450,4501.8,3683.4,4440.0,3288.1,4060.0,34,5,4059.8,26,2,4059.5,4,1,4059.3,94,3,4059.2,60,1,4061.0,2193,15,4061.1,1,1,4061.2,1,1,4061.4,10,2,4061.5,783,7
11483,2026-07-02 15:15:22+05:30,4060.1,1,4038.48,2319511,154951.0,138081.0,4100.0,4110.0,4012.0,4092.6,25762450,4501.8,3683.4,4440.0,3288.1,4060.0,34,5,4059.8,26,2,4059.5,4,1,4059.3,94,3,4059.2,60,1,4061.0,2193,15,4061.1,1,1,4061.2,1,1,4061.4,10,2,4061.5,783,7
11483,2026-07-02 15:15:22+05:30,4061.0,1,4038.48,2319516,154761.0,138037.0,4100.0,4110.0,4012.0,4092.6,25762450,4501.8,3683.4,4440.0,3288.1,4060.0,54,6,4059.8,26,2,4059.5,18,2,4059.4,24,1,4059.3,35,2,4061.0,2158,16,4061.1,1,1,4061.2,81,2,4061.4,42,2,4061.5,783,7
11483,2026-07-02 15:15:23+05:30,4061.0,1,4038.48,2319516,154761.0,138037.0,4100.0,4110.0,4012.0,4092.6,25762450,4501.8,3683.4,4440.0,3288.1,4060.0,54,6,4059.8,26,2,4059.5,18,2,4059.4,24,1,4059.3,35,2,4061.0,2158,16,4061.1,1,1,4061.2,81,2,4061.4,42,2,4061.5,783,7
11483,2026-07-02 15:15:24+05:30,4061.0,2,4038.48,2320041,154601.0,137371.0,4100.0,4110.0,4012.0,4092.6,25762450,4501.8,3683.4,4440.0,3288.1,4060.1,24,1,4060.0,65,6,4059.8,26,2,4059.5,4,1,4059.3,2,1,4061.0,1662,17,4061.1,41,2,4061.2,1,1,4061.4,2,1,4061.5,732,6
11483,2026-07-02 15:15:24+05:30,4061.0,1,4038.48,2320041,154601.0,137371.0,4100.0,4110.0,4012.0,4092.6,25762450,4501.8,3683.4,4440.0,3288.1,4060.1,24,1,4060.0,65,6,4059.8,26,2,4059.5,4,1,4059.3,2,1,4061.0,1662,17,4061.1,41,2,4061.2,1,1,4061.4,2,1,4061.5,732,6
11483,2026-07-02 15:15:25+05:30,4061.0,1,4038.48,2320043,154442.0,137209.0,4100.0,4110.0,4012.0,4092.6,25762450,4501.8,3683.4,4440.0,3288.1,4060.1,24,1,4060.0,65,6,4059.8,26,2,4059.5,4,1,4059.4,24,1,4061.0,1683,20,4061.1,81,3,4061.2,1,1,4061.5,730,5,4061.6,137,5
11483,2026-07-02 15:15:25+05:30,4060.1,1,4038.48,2320043,154442.0,137209.0,4100.0,4110.0,4012.0,4092.6,25762450,4501.8,3683.4,4440.0,3288.1,4060.1,24,1,4060.0,65,6,4059.8,26,2,4059.5,4,1,4059.4,24,1,4061.0,1683,20,4061.1,81,3,4061.2,1,1,4061.5,730,5,4061.6,137,5
11483,2026-07-02 15:15:26+05:30,4061.0,1,4038.48,2320078,153563.0,137031.0,4100.0,4110.0,4012.0,4092.6,25762450,4501.8,3683.4,4440.0,3288.1,4060.1,22,4,4060.0,56,4,4059.8,26,2,4059.5,48,2,4059.2,24,1,4061.0,1861,25,4061.1,13,2,4061.2,1,1,4061.5,730,5,4061.6,144,5
11483,2026-07-02 15:15:26+05:30,4061.0,10,4038.48,2320078,153563.0,137031.0,4100.0,4110.0,4012.0,4092.6,25762450,4501.8,3683.4,4440.0,3288.1,4060.1,22,4,4060.0,56,4,4059.8,26,2,4059.5,48,2,4059.2,24,1,4061.0,1861,25,4061.1,13,2,4061.2,1,1,4061.5,730,5,4061.6,144,5
11483,2026-07-02 15:15:27+05:30,4060.5,3,4038.49,2320097,153820.0,136546.0,4100.0,4110.0,4012.0,4092.6,25762450,4501.8,3683.4,4440.0,3288.1,4060.5,3,1,4060.1,18,4,4060.0,58,5,4059.8,26,2,4059.5,4,1,4060.9,205,4,4061.0,2119,23,4061.1,13,2,4061.2,1,1,4061.4,2,1
11483,2026-07-02 15:15:27+05:30,4060.5,3,4038.49,2320097,153820.0,136546.0,4100.0,4110.0,4012.0,4092.6,25762450,4501.8,3683.4,4440.0,3288.1,4060.5,3,1,4060.1,18,4,4060.0,58,5,4059.8,26,2,4059.5,4,1,4060.9,205,4,4061.0,2119,23,4061.1,13,2,4061.2,1,1,4061.4,2,1
11483,2026-07-02 15:15:28+05:30,4060.9,1,4038.49,2320270,152868.0,136299.0,4100.0,4110.0,4012.0,4092.6,25762450,4501.8,3683.4,4440.0,3288.1,4060.5,2,2,4060.1,10,2,4060.0,58,5,4059.9,12,1,4059.8,39,3,4060.9,211,7,4061.0,1634,16,4061.1,1,1,4061.2,572,3,4061.4,6,2
11483,2026-07-02 15:15:28+05:30,4060.9,1,4038.49,2320270,152868.0,136299.0,4100.0,4110.0,4012.0,4092.6,25762450,4501.8,3683.4,4440.0,3288.1,4060.5,2,2,4060.1,10,2,4060.0,58,5,4059.9,12,1,4059.8,39,3,4060.9,211,7,4061.0,1634,16,4061.1,1,1,4061.2,572,3,4061.4,6,2
11483,2026-07-02 15:15:29+05:30,4060.7,1,4038.49,2320334,152359.0,136766.0,4100.0,4110.0,4012.0,4092.6,25762450,4501.8,3683.4,4440.0,3288.1,4060.1,16,2,4060.0,58,5,4059.9,12,1,4059.8,39,3,4059.5,4,1,4060.7,4,1,4060.9,206,10,4061.0,1598,14,4061.1,1,1,4061.2,572,3
11483,2026-07-02 15:15:29+05:30,4060.7,1,4038.49,2320334,152359.0,136766.0,4100.0,4110.0,4012.0,4092.6,25762450,4501.8,3683.4,4440.0,3288.1,4060.1,16,2,4060.0,58,5,4059.9,12,1,4059.8,39,3,4059.5,4,1,4060.7,4,1,4060.9,206,10,4061.0,1598,14,4061.1,1,1,4061.2,572,3
11483,2026-07-02 15:15:30+05:30,4060.1,4,4038.49,2320339,151982.0,136812.0,4100.0,4110.0,4012.0,4092.6,25762450,4501.8,3683.4,4440.0,3288.1,4060.1,19,5,4060.0,58,5,4059.9,12,1,4059.8,39,3,4059.5,4,1,4060.7,13,3,4060.9,193,7,4061.0,794,13,4061.1,1,1,4061.2,947,4
11483,2026-07-02 15:15:30+05:30,4060.1,4,4038.49,2320339,151982.0,136812.0,4100.0,4110.0,4012.0,4092.6,25762450,4501.8,3683.4,4440.0,3288.1,4060.1,19,5,4060.0,58,5,4059.9,12,1,4059.8,39,3,4059.5,4,1,4060.7,13,3,4060.9,193,7,4061.0,794,13,4061.1,1,1,4061.2,947,4
11483,2026-07-02 15:15:31+05:30,4060.1,4,4038.49,2320339,151982.0,136812.0,4100.0,4110.0,4012.0,4092.6,25762450,4501.8,3683.4,4440.0,3288.1,4060.1,19,5,4060.0,58,5,4059.9,12,1,4059.8,39,3,4059.5,4,1,4060.7,13,3,4060.9,193,7,4061.0,794,13,4061.1,1,1,4061.2,947,4
11483,2026-07-02 15:15:31+05:30,4060.1,4,4038.49,2320388,151413.0,136519.0,4100.0,4110.0,4012.0,4092.6,25762450,4501.8,3683.4,4440.0,3288.1,4060.1,15,5,4060.0,58,5,4059.9,12,1,4059.8,39,3,4059.5,4,1,4060.6,24,1,4060.7,403,9,4060.8,844,2,4060.9,95,6,4061.0,644,9
11483,2026-07-02 15:15:32+05:30,4060.6,1,4038.49,2320389,151567.0,136927.0,4100.0,4110.0,4012.0,4092.6,25762450,4501.8,3683.4,4440.0,3288.1,4060.1,190,8,4060.0,58,5,4059.9,12,1,4059.8,39,3,4059.5,4,1,4060.6,23,1,4060.7,416,10,4060.9,95,6,4061.0,636,9,4061.1,805,2
11483,2026-07-02 15:15:32+05:30,4060.6,1,4038.49,2320389,151567.0,136927.0,4100.0,4110.0,4012.0,4092.6,25762450,4501.8,3683.4,4440.0,3288.1,4060.1,190,8,4060.0,58,5,4059.9,12,1,4059.8,39,3,4059.5,4,1,4060.6,23,1,4060.7,416,10,4060.9,95,6,4061.0,636,9,4061.1,805,2
11483,2026-07-02 15:15:33+05:30,4060.3,31,4038.49,2320389,151567.0,136927.0,4100.0,4110.0,4012.0,4092.6,25762450,4501.8,3683.4,4440.0,3288.1,4060.1,190,8,4060.0,58,5,4059.9,12,1,4059.8,39,3,4059.5,4,1,4060.6,23,1,4060.7,416,10,4060.9,95,6,4061.0,636,9,4061.1,805,2
11483,2026-07-02 15:15:33+05:30,4060.3,31,4038.49,2320435,151053.0,136877.0,4100.0,4110.0,4012.0,4092.6,25762450,4501.8,3683.4,4440.0,3288.1,4060.2,172,2,4060.1,6,3,4060.0,68,8,4059.9,12,1,4059.8,39,3,4060.3,12,1,4060.6,63,6,4060.7,432,7,4060.9,66,4,4061.0,676,10
11483,2026-07-02 15:15:34+05:30,4060.3,3,4038.49,2320435,151053.0,136877.0,4100.0,4110.0,4012.0,4092.6,25762450,4501.8,3683.4,4440.0,3288.1,4060.2,172,2,4060.1,6,3,4060.0,68,8,4059.9,12,1,4059.8,39,3,4060.3,12,1,4060.6,63,6,4060.7,432,7,4060.9,66,4,4061.0,676,10
11483,2026-07-02 15:15:34+05:30,4060.3,3,4038.49,2320491,151238.0,136902.0,4100.0,4110.0,4012.0,4092.6,25762450,4501.8,3683.4,4440.0,3288.1,4060.2,186,6,4060.0,68,8,4059.9,12,1,4059.8,39,3,4059.7,31,1,4060.3,12,1,4060.5,844,2,4060.6,318,11,4060.7,236,3,4060.8,40,1
11483,2026-07-02 15:15:35+05:30,4060.2,150,4038.49,2320491,151238.0,136902.0,4100.0,4110.0,4012.0,4092.6,25762450,4501.8,3683.4,4440.0,3288.1,4060.2,186,6,4060.0,68,8,4059.9,12,1,4059.8,39,3,4059.7,31,1,4060.3,12,1,4060.5,844,2,4060.6,318,11,4060.7,236,3,4060.8,40,1
11483,2026-07-02 15:15:35+05:30,4060.2,150,4038.49,2320807,151313.0,136956.0,4100.0,4110.0,4012.0,4092.6,25762450,4501.8,3683.4,4440.0,3288.1,4060.2,35,7,4060.0,68,8,4059.9,12,1,4059.8,39,3,4059.5,16,2,4060.3,10,1,4060.6,1098,10,4060.7,236,3,4060.8,40,1,4060.9,66,4
11483,2026-07-02 15:15:36+05:30,4060.2,1,4038.49,2320807,151313.0,136956.0,4100.0,4110.0,4012.0,4092.6,25762450,4501.8,3683.4,4440.0,3288.1,4060.2,35,7,4060.0,68,8,4059.9,12,1,4059.8,39,3,4059.5,16,2,4060.3,10,1,4060.6,1098,10,4060.7,236,3,4060.8,40,1,4060.9,66,4
11483,2026-07-02 15:15:36+05:30,4060.2,1,4038.49,2320809,151560.0,136966.0,4100.0,4110.0,4012.0,4092.6,25762450,4501.8,3683.4,4440.0,3288.1,4060.2,37,8,4060.0,68,8,4059.9,12,1,4059.8,39,3,4059.5,16,2,4060.3,121,9,4060.4,804,1,4060.6,262,6,4060.7,223,2,4060.9,144,5
11483,2026-07-02 15:15:37+05:30,4060.2,1,4038.49,2320809,151560.0,136966.0,4100.0,4110.0,4012.0,4092.6,25762450,4501.8,3683.4,4440.0,3288.1,4060.2,37,8,4060.0,68,8,4059.9,12,1,4059.8,39,3,4059.5,16,2,4060.3,121,9,4060.4,804,1,4060.6,262,6,4060.7,223,2,4060.9,144,5
11483,2026-07-02 15:15:37+05:30,4060.2,34,4038.49,2320929,151365.0,137081.0,4100.0,4110.0,4012.0,4092.6,25762450,4501.8,3683.4,4440.0,3288.1,4060.0,68,8,4059.9,12,1,4059.8,39,3,4059.5,16,2,4059.3,11,1,4060.2,12,1,4060.3,465,16,4060.4,804,1,4060.6,7,1,4060.7,223,2
11483,2026-07-02 15:15:38+05:30,4060.2,6,4038.49,2320929,151365.0,137081.0,4100.0,4110.0,4012.0,4092.6,25762450,4501.8,3683.4,4440.0,3288.1,4060.0,68,8,4059.9,12,1,4059.8,39,3,4059.5,16,2,4059.3,11,1,4060.2,12,1,4060.3,465,16,4060.4,804,1,4060.6,7,1,4060.7,223,2
11483,2026-07-02 15:15:38+05:30,4060.2,23,4038.49,2320980,151339.0,136973.0,4100.0,4110.0,4012.0,4092.6,25762450,4501.8,3683.4,4440.0,3288.1,4060.2,7,1,4060.0,72,9,4059.9,12,1,4059.8,51,4,4059.5,16,2,4060.3,383,8,4060.4,804,1,4060.5,40,1,4060.6,7,1,4060.7,223,2
11483,2026-07-02 15:15:39+05:30,4060.3,1,4038.49,2320980,151339.0,136973.0,4100.0,4110.0,4012.0,4092.6,25762450,4501.8,3683.4,4440.0,3288.1,4060.2,7,1,4060.0,72,9,4059.9,12,1,4059.8,51,4,4059.5,16,2,4060.3,383,8,4060.4,804,1,4060.5,40,1,4060.6,7,1,4060.7,223,2
11483,2026-07-02 15:15:39+05:30,4060.3,5,4038.49,2321087,151446.0,136984.0,4100.0,4110.0,4012.0,4092.6,25762450,4501.8,3683.4,4440.0,3288.1,4060.2,16,3,4060.0,68,8,4059.9,12,1,4059.8,51,4,4059.5,16,2,4060.3,357,8,4060.4,804,1,4060.6,7,1,4060.7,223,2,4060.9,143,4
11483,2026-07-02 15:15:40+05:30,4060.3,5,4038.49,2321087,151446.0,136984.0,4100.0,4110.0,4012.0,4092.6,25762450,4501.8,3683.4,4440.0,3288.1,4060.2,16,3,4060.0,68,8,4059.9,12,1,4059.8,51,4,4059.5,16,2,4060.3,357,8,4060.4,804,1,4060.6,7,1,4060.7,223,2,4060.9,143,4
11483,2026-07-02 15:15:40+05:30,4060.2,6,4038.49,2321105,150879.0,137048.0,4100.0,4110.0,4012.0,4092.6,25762450,4501.8,3683.4,4440.0,3288.1,4060.2,23,5,4060.0,68,8,4059.9,12,1,4059.8,51,4,4059.5,16,2,4060.3,274,7,4060.5,886,3,4060.6,7,1,4060.7,223,2,4060.9,143,4
11483,2026-07-02 15:15:41+05:30,4060.3,1,4038.49,2321105,150879.0,137048.0,4100.0,4110.0,4012.0,4092.6,25762450,4501.8,3683.4,4440.0,3288.1,4060.2,23,5,4060.0,68,8,4059.9,12,1,4059.8,51,4,4059.5,16,2,4060.3,274,7,4060.5,886,3,4060.6,7,1,4060.7,223,2,4060.9,143,4
11483,2026-07-02 15:15:41+05:30,4060.2,1,4038.5,2321218,150647.0,137163.0,4100.0,4110.0,4012.0,4092.6,25762450,4501.8,3683.4,4440.0,3288.1,4060.0,68,8,4059.9,12,1,4059.8,51,4,4059.5,16,2,4059.3,11,1,4060.3,277,8,4060.4,804,1,4060.5,94,2,4060.6,47,2,4060.7,223,2
11483,2026-07-02 15:15:42+05:30,4060.0,1,4038.5,2321218,150647.0,137163.0,4100.0,4110.0,4012.0,4092.6,25762450,4501.8,3683.4,4440.0,3288.1,4060.0,68,8,4059.9,12,1,4059.8,51,4,4059.5,16,2,4059.3,11,1,4060.3,277,8,4060.4,804,1,4060.5,94,2,4060.6,47,2,4060.7,223,2
11483,2026-07-02 15:15:42+05:30,4060.0,1,4038.5,2321218,150647.0,137163.0,4100.0,4110.0,4012.0,4092.6,25762450,4501.8,3683.4,4440.0,3288.1,4060.0,68,8,4059.9,12,1,4059.8,51,4,4059.5,16,2,4059.3,11,1,4060.3,277,8,4060.4,804,1,4060.5,94,2,4060.6,47,2,4060.7,223,2
11483,2026-07-02 15:15:42+05:30,4060.3,78,4038.5,2321397,150862.0,136941.0,4100.0,4110.0,4012.0,4092.6,25762450,4501.8,3683.4,4440.0,3288.1,4060.2,9,3,4060.0,44,5,4059.9,12,1,4059.8,51,4,4059.5,16,2,4060.3,191,8,4060.5,898,3,4060.6,7,1,4060.7,223,2,4060.9,12,2
11483,2026-07-02 15:15:43+05:30,4060.3,1,4038.5,2321397,150862.0,136941.0,4100.0,4110.0,4012.0,4092.6,25762450,4501.8,3683.4,4440.0,3288.1,4060.2,9,3,4060.0,44,5,4059.9,12,1,4059.8,51,4,4059.5,16,2,4060.3,191,8,4060.5,898,3,4060.6,7,1,4060.7,223,2,4060.9,12,2
11483,2026-07-02 15:15:43+05:30,4060.3,1,4038.5,2321397,150862.0,136941.0,4100.0,4110.0,4012.0,4092.6,25762450,4501.8,3683.4,4440.0,3288.1,4060.2,9,3,4060.0,44,5,4059.9,12,1,4059.8,51,4,4059.5,16,2,4060.3,191,8,4060.5,898,3,4060.6,7,1,4060.7,223,2,4060.9,12,2
11483,2026-07-02 15:15:43+05:30,4060.2,1,4038.5,2321545,150615.0,137049.0,4100.0,4110.0,4012.0,4092.6,25762450,4501.8,3683.4,4440.0,3288.1,4060.0,39,5,4059.9,13,2,4059.8,51,4,4059.5,16,2,4059.3,11,1,4060.3,122,7,4060.4,804,1,4060.5,53,1,4060.6,47,2,4060.7,223,2
11483,2026-07-02 15:15:44+05:30,4060.0,1,4038.5,2321545,150615.0,137049.0,4100.0,4110.0,4012.0,4092.6,25762450,4501.8,3683.4,4440.0,3288.1,4060.0,39,5,4059.9,13,2,4059.8,51,4,4059.5,16,2,4059.3,11,1,4060.3,122,7,4060.4,804,1,4060.5,53,1,4060.6,47,2,4060.7,223,2
11483,2026-07-02 15:15:44+05:30,4060.0,1,4038.5,2321545,150615.0,137049.0,4100.0,4110.0,4012.0,4092.6,25762450,4501.8,3683.4,4440.0,3288.1,4060.0,39,5,4059.9,13,2,4059.8,51,4,4059.5,16,2,4059.3,11,1,4060.3,122,7,4060.4,804,1,4060.5,53,1,4060.6,47,2,4060.7,223,2
11483,2026-07-02 15:15:45+05:30,4059.8,1,4038.5,2321816,150554.0,136930.0,4100.0,4110.0,4012.0,4092.6,25762450,4501.8,3683.4,4440.0,3288.1,4059.8,37,4,4059.5,17,3,4059.3,11,1,4059.1,240,2,4059.0,11,3,4060.5,921,4,4060.6,7,1,4060.7,711,4,4060.9,104,4,4061.0,740,12
11483,2026-07-02 15:15:45+05:30,4059.8,2,4038.5,2321816,150554.0,136930.0,4100.0,4110.0,4012.0,4092.6,25762450,4501.8,3683.4,4440.0,3288.1,4059.8,37,4,4059.5,17,3,4059.3,11,1,4059.1,240,2,4059.0,11,3,4060.5,921,4,4060.6,7,1,4060.7,711,4,4060.9,104,4,4061.0,740,12
11483,2026-07-02 15:15:45+05:30,4059.8,2,4038.5,2321816,150554.0,136930.0,4100.0,4110.0,4012.0,4092.6,25762450,4501.8,3683.4,4440.0,3288.1,4059.8,37,4,4059.5,17,3,4059.3,11,1,4059.1,240,2,4059.0,11,3,4060.5,921,4,4060.6,7,1,4060.7,711,4,4060.9,104,4,4061.0,740,12
11483,2026-07-02 15:15:46+05:30,4060.2,1,4038.5,2321824,150627.0,136766.0,4100.0,4110.0,4012.0,4092.6,25762450,4501.8,3683.4,4440.0,3288.1,4060.1,2,2,4059.8,41,5,4059.5,17,3,4059.3,11,1,4059.1,239,1,4060.5,972,6,4060.6,7,1,4060.7,238,3,4060.9,64,3,4061.0,1213,13
11483,2026-07-02 15:15:46+05:30,4060.2,1,4038.5,2321824,150627.0,136766.0,4100.0,4110.0,4012.0,4092.6,25762450,4501.8,3683.4,4440.0,3288.1,4060.1,2,2,4059.8,41,5,4059.5,17,3,4059.3,11,1,4059.1,239,1,4060.5,972,6,4060.6,7,1,4060.7,238,3,4060.9,64,3,4061.0,1213,13
11483,2026-07-02 15:15:46+05:30,4060.5,1,4038.5,2321824,150627.0,136766.0,4100.0,4110.0,4012.0,4092.6,25762450,4501.8,3683.4,4440.0,3288.1,4060.1,2,2,4059.8,41,5,4059.5,17,3,4059.3,11,1,4059.1,239,1,4060.5,972,6,4060.6,7,1,4060.7,238,3,4060.9,64,3,4061.0,1213,13
11483,2026-07-02 15:15:46+05:30,4060.5,1,4038.5,2321824,150627.0,136766.0,4100.0,4110.0,4012.0,4092.6,25762450,4501.8,3683.4,4440.0,3288.1,4060.1,2,2,4059.8,41,5,4059.5,17,3,4059.3,11,1,4059.1,239,1,4060.5,972,6,4060.6,7,1,4060.7,238,3,4060.9,64,3,4061.0,1213,13
11483,2026-07-02 15:15:47+05:30,4060.5,1,4038.5,2321824,150627.0,136766.0,4100.0,4110.0,4012.0,4092.6,25762450,4501.8,3683.4,4440.0,3288.1,4060.1,2,2,4059.8,41,5,4059.5,17,3,4059.3,11,1,4059.1,239,1,4060.5,972,6,4060.6,7,1,4060.7,238,3,4060.9,64,3,4061.0,1213,13
11483,2026-07-02 15:15:47+05:30,4060.5,1,4038.5,2321828,150646.0,136762.0,4100.0,4110.0,4012.0,4092.6,25762450,4501.8,3683.4,4440.0,3288.1,4060.3,6,1,4060.2,21,2,4060.1,4,2,4059.8,41,5,4059.5,17,3,4060.5,950,6,4060.6,7,1,4060.7,238,3,4060.8,23,1,4060.9,64,3
11483,2026-07-02 15:15:47+05:30,4060.5,1,4038.5,2321828,150646.0,136762.0,4100.0,4110.0,4012.0,4092.6,25762450,4501.8,3683.4,4440.0,3288.1,4060.3,6,1,4060.2,21,2,4060.1,4,2,4059.8,41,5,4059.5,17,3,4060.5,950,6,4060.6,7,1,4060.7,238,3,4060.8,23,1,4060.9,64,3
11483,2026-07-02 15:15:47+05:30,4060.5,1,4038.5,2321828,150646.0,136762.0,4100.0,4110.0,4012.0,4092.6,25767700,4501.8,3683.4,4440.0,3288.1,4060.3,6,1,4060.2,21,2,4060.1,4,2,4059.8,41,5,4059.5,17,3,4060.5,950,6,4060.6,7,1,4060.7,238,3,4060.8,23,1,4060.9,64,3
11483,2026-07-02 15:15:48+05:30,4060.5,1,4038.5,2321881,150529.0,136748.0,4100.0,4110.0,4012.0,4092.6,25767700,4501.8,3683.4,4440.0,3288.1,4060.3,1,1,4060.2,21,2,4060.1,4,2,4059.8,41,5,4059.5,17,3,4060.5,975,8,4060.6,21,2,4060.7,238,3,4060.9,64,3,4061.0,1213,13
11483,2026-07-02 15:15:48+05:30,4060.5,1,4038.5,2321881,150529.0,136748.0,4100.0,4110.0,4012.0,4092.6,25767700,4501.8,3683.4,4440.0,3288.1,4060.3,1,1,4060.2,21,2,4060.1,4,2,4059.8,41,5,4059.5,17,3,4060.5,975,8,4060.6,21,2,4060.7,238,3,4060.9,64,3,4061.0,1213,13
11483,2026-07-02 15:15:48+05:30,4060.5,1,4038.5,2321881,150529.0,136748.0,4100.0,4110.0,4012.0,4092.6,25767700,4501.8,3683.4,4440.0,3288.1,4060.3,1,1,4060.2,21,2,4060.1,4,2,4059.8,41,5,4059.5,17,3,4060.5,975,8,4060.6,21,2,4060.7,238,3,4060.9,64,3,4061.0,1213,13
11483,2026-07-02 15:15:48+05:30,4060.5,1,4038.5,2321881,150529.0,136748.0,4100.0,4110.0,4012.0,4092.6,25767700,4501.8,3683.4,4440.0,3288.1,4060.3,1,1,4060.2,21,2,4060.1,4,2,4059.8,41,5,4059.5,17,3,4060.5,975,8,4060.6,21,2,4060.7,238,3,4060.9,64,3,4061.0,1213,13
11483,2026-07-02 15:15:49+05:30,4060.5,1,4038.5,2321885,150640.0,137047.0,4100.0,4110.0,4012.0,4092.6,25767700,4501.8,3683.4,4440.0,3288.1,4060.3,3,3,4060.2,22,3,4060.1,1,1,4059.8,41,5,4059.5,17,3,4060.5,1143,10,4060.6,21,2,4060.7,238,3,4060.9,537,4,4061.0,740,12
11483,2026-07-02 15:15:49+05:30,4060.5,1,4038.5,2321885,150640.0,137047.0,4100.0,4110.0,4012.0,4092.6,25767700,4501.8,3683.4,4440.0,3288.1,4060.3,3,3,4060.2,22,3,4060.1,1,1,4059.8,41,5,4059.5,17,3,4060.5,1143,10,4060.6,21,2,4060.7,238,3,4060.9,537,4,4061.0,740,12
11483,2026-07-02 15:15:49+05:30,4060.5,34,4038.5,2321885,150640.0,137047.0,4100.0,4110.0,4012.0,4092.6,25767700,4501.8,3683.4,4440.0,3288.1,4060.3,3,3,4060.2,22,3,4060.1,1,1,4059.8,41,5,4059.5,17,3,4060.5,1143,10,4060.6,21,2,4060.7,238,3,4060.9,537,4,4061.0,740,12
11483,2026-07-02 15:15:50+05:30,4060.5,135,4038.5,2322065,150869.0,136243.0,4100.0,4110.0,4012.0,4092.6,25767700,4501.8,3683.4,4440.0,3288.1,4060.3,14,4,4060.2,48,4,4060.1,1,1,4060.0,15,1,4059.8,35,4,4060.5,268,7,4060.6,7,1,4060.7,907,4,4060.8,41,1,4060.9,12,2
11483,2026-07-02 15:15:50+05:30,4060.5,1,4038.5,2322065,150869.0,136243.0,4100.0,4110.0,4012.0,4092.6,25767700,4501.8,3683.4,4440.0,3288.1,4060.3,14,4,4060.2,48,4,4060.1,1,1,4060.0,15,1,4059.8,35,4,4060.5,268,7,4060.6,7,1,4060.7,907,4,4060.8,41,1,4060.9,12,2
11483,2026-07-02 15:15:51+05:30,4060.5,3,4038.5,2322073,151033.0,136284.0,4100.0,4110.0,4012.0,4092.6,25767700,4501.8,3683.4,4440.0,3288.1,4060.3,58,6,4060.2,12,4,4060.1,1,1,4060.0,15,1,4059.8,35,4,4060.5,262,7,4060.6,7,1,4060.7,238,3,4060.8,41,1,4060.9,12,2
11483,2026-07-02 15:15:51+05:30,4060.5,1,4038.5,2322073,151033.0,136284.0,4100.0,4110.0,4012.0,4092.6,25767700,4501.8,3683.4,4440.0,3288.1,4060.3,58,6,4060.2,12,4,4060.1,1,1,4060.0,15,1,4059.8,35,4,4060.5,262,7,4060.6,7,1,4060.7,238,3,4060.8,41,1,4060.9,12,2
11483,2026-07-02 15:15:52+05:30,4060.3,5,4038.51,2322243,151529.0,136814.0,4100.0,4110.0,4012.0,4092.6,25767700,4501.8,3683.4,4440.0,3288.1,4060.3,19,5,4060.2,12,4,4060.1,1,1,4060.0,15,1,4059.8,35,4,4060.5,324,11,4060.6,7,1,4060.7,238,3,4060.9,12,2,4061.0,702,10
11483,2026-07-02 15:15:52+05:30,4060.3,5,4038.51,2322243,151529.0,136814.0,4100.0,4110.0,4012.0,4092.6,25767700,4501.8,3683.4,4440.0,3288.1,4060.3,19,5,4060.2,12,4,4060.1,1,1,4060.0,15,1,4059.8,35,4,4060.5,324,11,4060.6,7,1,4060.7,238,3,4060.9,12,2,4061.0,702,10
11483,2026-07-02 15:15:53+05:30,4060.3,5,4038.51,2322261,153508.0,136875.0,4100.0,4110.0,4012.0,4092.6,25767700,4501.8,3683.4,4440.0,3288.1,4060.3,58,7,4060.2,12,4,4060.0,2015,2,4059.8,35,4,4059.7,12,1,4060.5,337,11,4060.6,7,1,4060.7,238,3,4060.8,23,1,4060.9,12,2
11483,2026-07-02 15:15:53+05:30,4060.3,5,4038.51,2322261,153508.0,136875.0,4100.0,4110.0,4012.0,4092.6,25767700,4501.8,3683.4,4440.0,3288.1,4060.3,58,7,4060.2,12,4,4060.0,2015,2,4059.8,35,4,4059.7,12,1,4060.5,337,11,4060.6,7,1,4060.7,238,3,4060.8,23,1,4060.9,12,2
11483,2026-07-02 15:15:54+05:30,4060.3,31,4038.51,2322416,152004.0,137056.0,4100.0,4110.0,4012.0,4092.6,25767700,4501.8,3683.4,4440.0,3288.1,4060.3,25,5,4060.2,12,4,4060.0,2015,2,4059.8,35,4,4059.7,12,1,4060.5,867,13,4060.6,7,1,4060.7,238,3,4060.8,8,1,4060.9,23,3
11483,2026-07-02 15:15:54+05:30,4060.3,31,4038.51,2322416,152004.0,137056.0,4100.0,4110.0,4012.0,4092.6,25767700,4501.8,3683.4,4440.0,3288.1,4060.3,25,5,4060.2,12,4,4060.0,2015,2,4059.8,35,4,4059.7,12,1,4060.5,867,13,4060.6,7,1,4060.7,238,3,4060.8,8,1,4060.9,23,3
11483,2026-07-02 15:15:55+05:30,4060.3,3,4038.51,2322580,152935.0,137176.0,4100.0,4110.0,4012.0,4092.6,25767700,4501.8,3683.4,4440.0,3288.1,4060.3,18,2,4060.2,12,4,4060.0,2117,3,4059.8,35,4,4059.7,12,1,4060.4,90,4,4060.5,331,12,4060.6,27,2,4060.7,238,3,4060.8,473,1
11483,2026-07-02 15:15:55+05:30,4060.3,3,4038.51,2322580,152935.0,137176.0,4100.0,4110.0,4012.0,4092.6,25767700,4501.8,3683.4,4440.0,3288.1,4060.3,18,2,4060.2,12,4,4060.0,2117,3,4059.8,35,4,4059.7,12,1,4060.4,90,4,4060.5,331,12,4060.6,27,2,4060.7,238,3,4060.8,473,1
11483,2026-07-02 15:15:56+05:30,4060.5,75,4038.51,2322580,152935.0,137176.0,4100.0,4110.0,4012.0,4092.6,25767700,4501.8,3683.4,4440.0,3288.1,4060.3,18,2,4060.2,12,4,4060.0,2117,3,4059.8,35,4,4059.7,12,1,4060.4,90,4,4060.5,331,12,4060.6,27,2,4060.7,238,3,4060.8,473,1
11483,2026-07-02 15:15:56+05:30,4060.5,75,4038.51,2323206,153726.0,136375.0,4100.0,4110.0,4012.0,4092.6,25767700,4501.8,3683.4,4440.0,3288.1,4060.5,384,2,4060.3,19,4,4060.2,12,4,4060.0,2117,3,4059.8,35,4,4060.6,93,4,4060.7,238,3,4060.8,41,1,4060.9,2,1,4061.0,796,12
11483,2026-07-02 15:15:57+05:30,4060.5,287,4038.51,2323206,153726.0,136375.0,4100.0,4110.0,4012.0,4092.6,25767700,4501.8,3683.4,4440.0,3288.1,4060.5,384,2,4060.3,19,4,4060.2,12,4,4060.0,2117,3,4059.8,35,4,4060.6,93,4,4060.7,238,3,4060.8,41,1,4060.9,2,1,4061.0,796,12
11483,2026-07-02 15:15:57+05:30,4060.5,287,4038.52,2323494,153298.0,138021.0,4100.0,4110.0,4012.0,4092.6,25767700,4501.8,3683.4,4440.0,3288.1,4060.5,104,5,4060.3,17,2,4060.2,12,4,4060.0,2130,4,4059.8,47,5,4060.6,135,6,4060.7,223,2,4060.9,2,1,4061.0,806,13,4061.1,681,3
11483,2026-07-02 15:15:58+05:30,4060.5,52,4038.52,2323494,153298.0,138021.0,4100.0,4110.0,4012.0,4092.6,25767700,4501.8,3683.4,4440.0,3288.1,4060.5,104,5,4060.3,17,2,4060.2,12,4,4060.0,2130,4,4059.8,47,5,4060.6,135,6,4060.7,223,2,4060.9,2,1,4061.0,806,13,4061.1,681,3
11483,2026-07-02 15:15:58+05:30,4060.4,25,4038.52,2323669,152652.0,137019.0,4100.0,4110.0,4012.0,4092.6,25767700,4501.8,3683.4,4440.0,3288.1,4060.3,17,2,4060.2,12,4,4060.0,2130,4,4059.8,47,5,4059.7,12,1,4060.6,667,9,4060.7,223,2,4060.8,11,1,4060.9,119,3,4061.0,781,12
11483,2026-07-02 15:15:59+05:30,4060.6,5,4038.52,2323669,152652.0,137019.0,4100.0,4110.0,4012.0,4092.6,25767700,4501.8,3683.4,4440.0,3288.1,4060.3,17,2,4060.2,12,4,4060.0,2130,4,4059.8,47,5,4059.7,12,1,4060.6,667,9,4060.7,223,2,4060.8,11,1,4060.9,119,3,4061.0,781,12
11483,2026-07-02 15:15:59+05:30,4060.5,1,4038.52,2323682,153146.0,138798.0,4100.0,4110.0,4012.0,4092.6,25767700,4501.8,3683.4,4440.0,3288.1,4060.5,29,1,4060.3,29,3,4060.2,77,6,4060.1,13,1,4060.0,2130,4,4060.6,191,9,4060.7,223,2,4060.8,473,1,4060.9,119,3,4061.0,781,12
11483,2026-07-02 15:16:00+05:30,4060.6,2,4038.52,2323682,153146.0,138798.0,4100.0,4110.0,4012.0,4092.6,25767700,4501.8,3683.4,4440.0,3288.1,4060.5,29,1,4060.3,29,3,4060.2,77,6,4060.1,13,1,4060.0,2130,4,4060.6,191,9,4060.7,223,2,4060.8,473,1,4060.9,119,3,4061.0,781,12
11483,2026-07-02 15:16:00+05:30,4060.6,1,4038.52,2323832,153478.0,137397.0,4100.0,4110.0,4012.0,4092.6,25767700,4501.8,3683.4,4440.0,3288.1,4060.5,28,3,4060.3,40,3,4060.2,77,6,4060.1,13,1,4060.0,2140,5,4060.6,266,7,4060.7,100,1,4060.9,19,1,4061.0,781,12,4061.1,670,2
11483,2026-07-02 15:16:01+05:30,4060.6,1,4038.52,2323832,153478.0,137397.0,4100.0,4110.0,4012.0,4092.6,25767700,4501.8,3683.4,4440.0,3288.1,4060.5,28,3,4060.3,40,3,4060.2,77,6,4060.1,13,1,4060.0,2140,5,4060.6,266,7,4060.7,100,1,4060.9,19,1,4061.0,781,12,4061.1,670,2
11483,2026-07-02 15:16:01+05:30,4060.6,1,4038.52,2324023,153498.0,137107.0,4100.0,4110.0,4012.0,4092.6,25767700,4501.8,3683.4,4440.0,3288.1,4060.5,4,1,4060.3,22,3,4060.2,77,6,4060.1,13,1,4060.0,2140,5,4060.6,243,6,4060.7,100,1,4060.8,41,1,4060.9,19,1,4061.0,781,12
11483,2026-07-02 15:16:02+05:30,4060.5,1,4038.52,2324023,153498.0,137107.0,4100.0,4110.0,4012.0,4092.6,25767700,4501.8,3683.4,4440.0,3288.1,4060.5,4,1,4060.3,22,3,4060.2,77,6,4060.1,13,1,4060.0,2140,5,4060.6,243,6,4060.7,100,1,4060.8,41,1,4060.9,19,1,4061.0,781,12
11483,2026-07-02 15:16:02+05:30,4060.6,31,4038.53,2324352,153219.0,136614.0,4100.0,4110.0,4012.0,4092.6,25767700,4501.8,3683.4,4440.0,3288.1,4060.6,1685,2,4060.5,7,2,4060.3,12,3,4060.2,96,7,4060.0,150,5,4060.7,340,5,4060.9,19,1,4061.0,781,12,4061.1,1,1,4061.2,1,1
11483,2026-07-02 15:16:03+05:30,4060.6,134,4038.53,2324352,153219.0,136614.0,4100.0,4110.0,4012.0,4092.6,25767700,4501.8,3683.4,4440.0,3288.1,4060.6,1685,2,4060.5,7,2,4060.3,12,3,4060.2,96,7,4060.0,150,5,4060.7,340,5,4060.9,19,1,4061.0,781,12,4061.1,1,1,4061.2,1,1
11483,2026-07-02 15:16:04+05:30,4060.7,28,4038.53,2324786,153679.0,135981.0,4100.0,4110.0,4012.0,4092.6,25767700,4501.8,3683.4,4440.0,3288.1,4060.6,1602,5,4060.5,4,1,4060.4,96,1,4060.3,12,3,4060.2,160,7,4060.7,11,1,4060.9,19,1,4061.0,781,12,4061.1,1,1,4061.3,45,1
11483,2026-07-02 15:16:04+05:30,4060.9,26,4038.53,2324786,153679.0,135981.0,4100.0,4110.0,4012.0,4092.6,25767700,4501.8,3683.4,4440.0,3288.1,4060.6,1602,5,4060.5,4,1,4060.4,96,1,4060.3,12,3,4060.2,160,7,4060.7,11,1,4060.9,19,1,4061.0,781,12,4061.1,1,1,4061.3,45,1
11483,2026-07-02 15:16:05+05:30,4061.0,1,4038.53,2325054,153584.0,136087.0,4100.0,4110.0,4012.0,4092.6,25767700,4501.8,3683.4,4440.0,3288.1,4060.9,16,1,4060.7,33,4,4060.6,1611,5,4060.5,6,3,4060.4,96,1,4061.0,911,14,4061.1,1,1,4061.3,45,1,4061.5,160,4,4061.6,83,3
11483,2026-07-02 15:16:05+05:30,4061.0,4,4038.53,2325054,153584.0,136087.0,4100.0,4110.0,4012.0,4092.6,25767700,4501.8,3683.4,4440.0,3288.1,4060.9,16,1,4060.7,33,4,4060.6,1611,5,4060.5,6,3,4060.4,96,1,4061.0,911,14,4061.1,1,1,4061.3,45,1,4061.5,160,4,4061.6,83,3
11483,2026-07-02 15:16:06+05:30,4061.0,1,4038.53,2325085,153658.0,136134.0,4100.0,4110.0,4012.0,4092.6,25767700,4501.8,3683.4,4440.0,3288.1,4060.9,28,3,4060.7,33,4,4060.6,1611,5,4060.4,137,3,4060.3,10,2,4061.0,882,15,4061.1,1,1,4061.3,45,1,4061.5,160,4,4061.6,83,3
11483,2026-07-02 15:16:06+05:30,4061.0,1,4038.53,2325085,153658.0,136134.0,4100.0,4110.0,4012.0,4092.6,25767700,4501.8,3683.4,4440.0,3288.1,4060.9,28,3,4060.7,33,4,4060.6,1611,5,4060.4,137,3,4060.3,10,2,4061.0,882,15,4061.1,1,1,4061.3,45,1,4061.5,160,4,4061.6,83,3
11483,2026-07-02 15:16:07+05:30,4060.9,1,4038.53,2325093,153188.0,136440.0,4100.0,4110.0,4012.0,4092.6,25767700,4501.8,3683.4,4440.0,3288.1,4060.9,105,11,4060.6,1529,1,4060.4,135,2,4060.3,12,3,4060.2,137,7,4061.0,1012,16,4061.1,1,1,4061.3,45,1,4061.5,160,4,4061.6,83,3
11483,2026-07-02 15:16:07+05:30,4061.0,1,4038.53,2325093,153188.0,136440.0,4100.0,4110.0,4012.0,4092.6,25767700,4501.8,3683.4,4440.0,3288.1,4060.9,105,11,4060.6,1529,1,4060.4,135,2,4060.3,12,3,4060.2,137,7,4061.0,1012,16,4061.1,1,1,4061.3,45,1,4061.5,160,4,4061.6,83,3
11483,2026-07-02 15:16:08+05:30,4060.9,1,4038.53,2325295,153049.0,136327.0,4100.0,4110.0,4012.0,4092.6,25767700,4501.8,3683.4,4440.0,3288.1,4060.9,96,10,4060.8,1,1,4060.7,9,1,4060.6,1553,3,4060.4,11,1,4061.0,900,18,4061.1,1,1,4061.3,45,1,4061.5,160,4,4061.6,83,3
11483,2026-07-02 15:16:08+05:30,4060.9,1,4038.53,2325295,153049.0,136327.0,4100.0,4110.0,4012.0,4092.6,25767700,4501.8,3683.4,4440.0,3288.1,4060.9,96,10,4060.8,1,1,4060.7,9,1,4060.6,1553,3,4060.4,11,1,4061.0,900,18,4061.1,1,1,4061.3,45,1,4061.5,160,4,4061.6,83,3
11483,2026-07-02 15:16:09+05:30,4060.9,3,4038.53,2325352,153298.0,136324.0,4100.0,4110.0,4012.0,4092.6,25767700,4501.8,3683.4,4440.0,3288.1,4060.9,64,9,4060.8,1,1,4060.7,9,1,4060.6,2553,4,4060.4,11,1,4061.0,901,19,4061.1,1,1,4061.3,45,1,4061.5,160,4,4061.6,83,3
11483,2026-07-02 15:16:09+05:30,4060.9,3,4038.53,2325352,153298.0,136324.0,4100.0,4110.0,4012.0,4092.6,25767700,4501.8,3683.4,4440.0,3288.1,4060.9,64,9,4060.8,1,1,4060.7,9,1,4060.6,2553,4,4060.4,11,1,4061.0,901,19,4061.1,1,1,4061.3,45,1,4061.5,160,4,4061.6,83,3
11483,2026-07-02 15:16:10+05:30,4060.9,2,4038.54,2325562,153093.0,136344.0,4100.0,4110.0,4012.0,4092.6,25767700,4501.8,3683.4,4440.0,3288.1,4060.9,78,7,4060.7,9,1,4060.6,2553,4,4060.4,11,1,4060.3,12,2,4061.0,952,20,4061.1,1,1,4061.3,45,1,4061.5,160,4,4061.6,83,3
11483,2026-07-02 15:16:10+05:30,4060.9,2,4038.54,2325562,153093.0,136344.0,4100.0,4110.0,4012.0,4092.6,25767700,4501.8,3683.4,4440.0,3288.1,4060.9,78,7,4060.7,9,1,4060.6,2553,4,4060.4,11,1,4060.3,12,2,4061.0,952,20,4061.1,1,1,4061.3,45,1,4061.5,160,4,4061.6,83,3
11483,2026-07-02 15:16:11+05:30,4060.9,1,4038.54,2325562,153093.0,136344.0,4100.0,4110.0,4012.0,4092.6,25767700,4501.8,3683.4,4440.0,3288.1,4060.9,78,7,4060.7,9,1,4060.6,2553,4,4060.4,11,1,4060.3,12,2,4061.0,952,20,4061.1,1,1,4061.3,45,1,4061.5,160,4,4061.6,83,3
11483,2026-07-02 15:16:11+05:30,4060.9,1,4038.54,2325573,153034.0,136309.0,4100.0,4110.0,4012.0,4092.6,25767700,4501.8,3683.4,4440.0,3288.1,4060.9,81,8,4060.7,9,1,4060.6,2553,4,4060.4,11,1,4060.3,12,2,4061.0,954,21,4061.1,1,1,4061.3,45,1,4061.5,160,4,4061.6,83,3
11483,2026-07-02 15:16:12+05:30,4061.0,10,4038.54,2325642,153014.0,136277.0,4100.0,4110.0,4012.0,4092.6,25767700,4501.8,3683.4,4440.0,3288.1,4060.9,51,8,4060.7,9,1,4060.6,2553,4,4060.4,11,1,4060.3,12,2,4061.0,923,22,4061.1,1,1,4061.3,45,1,4061.5,160,4,4061.6,123,4
11483,2026-07-02 15:16:12+05:30,4061.0,10,4038.54,2325642,153014.0,136277.0,4100.0,4110.0,4012.0,4092.6,25767700,4501.8,3683.4,4440.0,3288.1,4060.9,51,8,4060.7,9,1,4060.6,2553,4,4060.4,11,1,4060.3,12,2,4061.0,923,22,4061.1,1,1,4061.3,45,1,4061.5,160,4,4061.6,123,4
11483,2026-07-02 15:16:13+05:30,4060.9,2,4038.54,2325642,153014.0,136277.0,4100.0,4110.0,4012.0,4092.6,25767700,4501.8,3683.4,4440.0,3288.1,4060.9,51,8,4060.7,9,1,4060.6,2553,4,4060.4,11,1,4060.3,12,2,4061.0,923,22,4061.1,1,1,4061.3,45,1,4061.5,160,4,4061.6,123,4
11483,2026-07-02 15:16:13+05:30,4060.9,2,4038.54,2325784,152862.0,136309.0,4100.0,4110.0,4012.0,4092.6,25767700,4501.8,3683.4,4440.0,3288.1,4060.9,59,7,4060.7,9,1,4060.6,2553,4,4060.4,11,1,4060.3,12,2,4061.0,965,25,4061.1,1,1,4061.2,8,1,4061.3,85,2,4061.5,160,4
11483,2026-07-02 15:16:14+05:30,4060.9,8,4038.54,2325784,152862.0,136309.0,4100.0,4110.0,4012.0,4092.6,25767700,4501.8,3683.4,4440.0,3288.1,4060.9,59,7,4060.7,9,1,4060.6,2553,4,4060.4,11,1,4060.3,12,2,4061.0,965,25,4061.1,1,1,4061.2,8,1,4061.3,85,2,4061.5,160,4
11483,2026-07-02 15:16:14+05:30,4060.9,8,4038.54,2325829,153279.0,136301.0,4100.0,4110.0,4012.0,4092.6,25767700,4501.8,3683.4,4440.0,3288.1,4060.9,124,8,4060.6,2553,4,4060.5,12,1,4060.4,11,1,4060.3,12,2,4061.0,925,24,4061.1,1,1,4061.2,40,1,4061.3,45,1,4061.5,160,4
11483,2026-07-02 15:16:15+05:30,4061.0,1,4038.54,2325829,153279.0,136301.0,4100.0,4110.0,4012.0,4092.6,25767700,4501.8,3683.4,4440.0,3288.1,4060.9,124,8,4060.6,2553,4,4060.5,12,1,4060.4,11,1,4060.3,12,2,4061.0,925,24,4061.1,1,1,4061.2,40,1,4061.3,45,1,4061.5,160,4
11483,2026-07-02 15:16:15+05:30,4061.0,1,4038.54,2325993,153278.0,136210.0,4100.0,4110.0,4012.0,4092.6,25767700,4501.8,3683.4,4440.0,3288.1,4060.9,123,7,4060.6,2553,4,4060.5,12,1,4060.4,11,1,4060.3,12,2,4061.0,763,25,4061.1,1,1,4061.2,40,1,4061.3,45,1,4061.5,160,4
11483,2026-07-02 15:16:16+05:30,4060.6,1,4038.54,2325993,153278.0,136210.0,4100.0,4110.0,4012.0,4092.6,25767700,4501.8,3683.4,4440.0,3288.1,4060.9,123,7,4060.6,2553,4,4060.5,12,1,4060.4,11,1,4060.3,12,2,4061.0,763,25,4061.1,1,1,4061.2,40,1,4061.3,45,1,4061.5,160,4
11483,2026-07-02 15:16:16+05:30,4060.6,1,4038.54,2326260,153256.0,136582.0,4100.0,4110.0,4012.0,4092.6,25767700,4501.8,3683.4,4440.0,3288.1,4060.6,2810,7,4060.5,12,1,4060.4,11,1,4060.3,12,2,4060.2,51,5,4061.0,801,26,4061.1,1,1,4061.2,40,1,4061.3,45,1,4061.4,5,1
11483,2026-07-02 15:16:17+05:30,4060.8,3,4038.54,2326260,153256.0,136582.0,4100.0,4110.0,4012.0,4092.6,25767700,4501.8,3683.4,4440.0,3288.1,4060.6,2810,7,4060.5,12,1,4060.4,11,1,4060.3,12,2,4060.2,51,5,4061.0,801,26,4061.1,1,1,4061.2,40,1,4061.3,45,1,4061.4,5,1
11483,2026-07-02 15:16:17+05:30,4060.8,3,4038.55,2326538,153402.0,136344.0,4100.0,4110.0,4012.0,4092.6,25767700,4501.8,3683.4,4440.0,3288.1,4060.8,6,1,4060.6,2809,7,4060.5,12,1,4060.4,11,1,4060.3,12,2,4061.0,595,24,4061.1,1,1,4061.2,8,1,4061.3,45,1,4061.4,45,2
11483,2026-07-02 15:16:18+05:30,4061.0,31,4038.55,2326538,153402.0,136344.0,4100.0,4110.0,4012.0,4092.6,25767700,4501.8,3683.4,4440.0,3288.1,4060.8,6,1,4060.6,2809,7,4060.5,12,1,4060.4,11,1,4060.3,12,2,4061.0,595,24,4061.1,1,1,4061.2,8,1,4061.3,45,1,4061.4,45,2
11483,2026-07-02 15:16:18+05:30,4061.0,1,4038.55,2326625,153341.0,136406.0,4100.0,4110.0,4012.0,4092.6,25767700,4501.8,3683.4,4440.0,3288.1,4060.8,7,2,4060.6,2680,6,4060.5,12,1,4060.4,11,1,4060.3,12,2,4061.0,557,22,4061.1,41,2,4061.3,45,1,4061.5,160,4,4061.6,83,3
11483,2026-07-02 15:16:19+05:30,4061.0,1,4038.55,2326625,153341.0,136406.0,4100.0,4110.0,4012.0,4092.6,25767700,4501.8,3683.4,4440.0,3288.1,4060.8,7,2,4060.6,2680,6,4060.5,12,1,4060.4,11,1,4060.3,12,2,4061.0,557,22,4061.1,41,2,4061.3,45,1,4061.5,160,4,4061.6,83,3
11483,2026-07-02 15:16:19+05:30,4061.0,1,4038.55,2326626,153280.0,136155.0,4100.0,4110.0,4012.0,4092.6,25767700,4501.8,3683.4,4440.0,3288.1,4060.8,22,5,4060.6,2680,6,4060.5,12,1,4060.4,11,1,4060.3,36,3,4061.0,512,20,4061.1,1,1,4061.2,40,1,4061.3,45,1,4061.5,160,4
11483,2026-07-02 15:16:20+05:30,4060.8,30,4038.55,2326626,153280.0,136155.0,4100.0,4110.0,4012.0,4092.6,25767700,4501.8,3683.4,4440.0,3288.1,4060.8,22,5,4060.6,2680,6,4060.5,12,1,4060.4,11,1,4060.3,36,3,4061.0,512,20,4061.1,1,1,4061.2,40,1,4061.3,45,1,4061.5,160,4
11483,2026-07-02 15:16:26+05:30,4061.3,1,4038.56,2328453,151743.0,135321.0,4100.0,4110.0,4012.0,4092.6,25767700,4501.8,3683.4,4440.0,3288.1,4061.3,40,1,4060.9,50,1,4060.8,16,4,4060.6,1703,5,4060.5,12,1,4061.4,228,5,4061.5,160,4,4061.6,83,3,4061.7,2,1,4061.8,24,2
11483,2026-07-02 15:16:30+05:30,4061.3,1,4038.56,2328453,151743.0,135321.0,4100.0,4110.0,4012.0,4092.6,25767700,4501.8,3683.4,4440.0,3288.1,4061.3,40,1,4060.9,50,1,4060.8,16,4,4060.6,1703,5,4060.5,12,1,4061.4,228,5,4061.5,160,4,4061.6,83,3,4061.7,2,1,4061.8,24,2
11483,2026-07-02 15:16:34+05:30,4061.3,84,4038.57,2329158,152910.0,135168.0,4100.0,4110.0,4012.0,4092.6,25767700,4501.8,3683.4,4440.0,3288.1,4061.3,282,4,4061.2,1,1,4061.0,24,2,4060.9,84,4,4060.7,13,1,4061.4,65,5,4061.5,172,5,4061.6,83,3,4061.7,4,2,4061.8,24,2
11483,2026-07-02 15:16:39+05:30,4061.5,1,4038.57,2329158,152910.0,135168.0,4100.0,4110.0,4012.0,4092.6,25767700,4501.8,3683.4,4440.0,3288.1,4061.3,282,4,4061.2,1,1,4061.0,24,2,4060.9,84,4,4060.7,13,1,4061.4,65,5,4061.5,172,5,4061.6,83,3,4061.7,4,2,4061.8,24,2
11483,2026-07-02 15:16:41+05:30,4060.2,4,4038.6,2332335,150107.0,136819.0,4100.0,4110.0,4012.0,4092.6,25767700,4501.8,3683.4,4440.0,3288.1,4060.2,46,4,4060.0,148,12,4059.5,1,1,4059.4,352,2,4059.2,68,1,4060.6,134,1,4061.3,80,2,4061.4,43,5,4061.5,74,4,4061.6,183,5
11483,2026-07-02 15:16:43+05:30,4060.2,4,4038.6,2332335,150107.0,136819.0,4100.0,4110.0,4012.0,4092.6,25767700,4501.8,3683.4,4440.0,3288.1,4060.2,46,4,4060.0,148,12,4059.5,1,1,4059.4,352,2,4059.2,68,1,4060.6,134,1,4061.3,80,2,4061.4,43,5,4061.5,74,4,4061.6,183,5
11483,2026-07-02 15:16:44+05:30,4060.2,4,4038.6,2332335,150107.0,136819.0,4100.0,4110.0,4012.0,4092.6,25767700,4501.8,3683.4,4440.0,3288.1,4060.2,46,4,4060.0,148,12,4059.5,1,1,4059.4,352,2,4059.2,68,1,4060.6,134,1,4061.3,80,2,4061.4,43,5,4061.5,74,4,4061.6,183,5
11483,2026-07-02 15:16:45+05:30,4060.2,4,4038.6,2332335,150107.0,136819.0,4100.0,4110.0,4012.0,4092.6,25767700,4501.8,3683.4,4440.0,3288.1,4060.2,46,4,4060.0,148,12,4059.5,1,1,4059.4,352,2,4059.2,68,1,4060.6,134,1,4061.3,80,2,4061.4,43,5,4061.5,74,4,4061.6,183,5
11483,2026-07-02 15:16:46+05:30,4060.2,4,4038.6,2332335,150107.0,136819.0,4100.0,4110.0,4012.0,4092.6,25767700,4501.8,3683.4,4440.0,3288.1,4060.2,46,4,4060.0,148,12,4059.5,1,1,4059.4,352,2,4059.2,68,1,4060.6,134,1,4061.3,80,2,4061.4,43,5,4061.5,74,4,4061.6,183,5
11483,2026-07-02 15:16:47+05:30,4060.2,4,4038.6,2332335,150107.0,136819.0,4100.0,4110.0,4012.0,4092.6,25767700,4501.8,3683.4,4440.0,3288.1,4060.2,46,4,4060.0,148,12,4059.5,1,1,4059.4,352,2,4059.2,68,1,4060.6,134,1,4061.3,80,2,4061.4,43,5,4061.5,74,4,4061.6,183,5
11483,2026-07-02 15:16:47+05:30,4060.2,4,4038.6,2332335,150107.0,136819.0,4100.0,4110.0,4012.0,4092.6,25771725,4501.8,3683.4,4440.0,3288.1,4060.2,46,4,4060.0,148,12,4059.5,1,1,4059.4,352,2,4059.2,68,1,4060.6,134,1,4061.3,80,2,4061.4,43,5,4061.5,74,4,4061.6,183,5
11483,2026-07-02 15:16:48+05:30,4060.2,4,4038.6,2332335,150107.0,136819.0,4100.0,4110.0,4012.0,4092.6,25771725,4501.8,3683.4,4440.0,3288.1,4060.2,46,4,4060.0,148,12,4059.5,1,1,4059.4,352,2,4059.2,68,1,4060.6,134,1,4061.3,80,2,4061.4,43,5,4061.5,74,4,4061.6,183,5
11483,2026-07-02 15:16:48+05:30,4060.6,31,4038.6,2332335,150107.0,136819.0,4100.0,4110.0,4012.0,4092.6,25771725,4501.8,3683.4,4440.0,3288.1,4060.2,46,4,4060.0,148,12,4059.5,1,1,4059.4,352,2,4059.2,68,1,4060.6,134,1,4061.3,80,2,4061.4,43,5,4061.5,74,4,4061.6,183,5
11483,2026-07-02 15:16:48+05:30,4060.6,31,4038.6,2332335,150107.0,136819.0,4100.0,4110.0,4012.0,4092.6,25771725,4501.8,3683.4,4440.0,3288.1,4060.2,46,4,4060.0,148,12,4059.5,1,1,4059.4,352,2,4059.2,68,1,4060.6,134,1,4061.3,80,2,4061.4,43,5,4061.5,74,4,4061.6,183,5
11483,2026-07-02 15:16:48+05:30,4060.2,1,4038.61,2332850,150739.0,141657.0,4100.0,4110.0,4012.0,4092.6,25771725,4501.8,3683.4,4440.0,3288.1,4060.2,8,3,4060.0,57,6,4059.8,13,1,4059.5,1,1,4059.3,12,1,4060.5,50,1,4060.6,254,11,4060.7,11,1,4061.0,93,3,4061.1,692,2
11483,2026-07-02 15:16:48+05:30,4060.2,1,4038.61,2332850,150739.0,141657.0,4100.0,4110.0,4012.0,4092.6,25771725,4501.8,3683.4,4440.0,3288.1,4060.2,8,3,4060.0,57,6,4059.8,13,1,4059.5,1,1,4059.3,12,1,4060.5,50,1,4060.6,254,11,4060.7,11,1,4061.0,93,3,4061.1,692,2
11483,2026-07-02 15:16:49+05:30,4060.2,1,4038.61,2332850,150739.0,141657.0,4100.0,4110.0,4012.0,4092.6,25771725,4501.8,3683.4,4440.0,3288.1,4060.2,8,3,4060.0,57,6,4059.8,13,1,4059.5,1,1,4059.3,12,1,4060.5,50,1,4060.6,254,11,4060.7,11,1,4061.0,93,3,4061.1,692,2
11483,2026-07-02 15:16:55+05:30,4059.8,34,4038.61,2333309,150613.0,142409.0,4100.0,4110.0,4012.0,4092.6,25771725,4501.8,3683.4,4440.0,3288.1,4059.8,14,1,4059.5,1,1,4059.1,589,2,4059.0,42,6,4058.7,102,3,4060.0,123,1,4060.3,11,1,4060.4,84,4,4060.5,132,8,4060.6,301,3
11483,2026-07-02 15:16:57+05:30,4059.9,4,4038.61,2333309,150613.0,142409.0,4100.0,4110.0,4012.0,4092.6,25771725,4501.8,3683.4,4440.0,3288.1,4059.8,14,1,4059.5,1,1,4059.1,589,2,4059.0,42,6,4058.7,102,3,4060.0,123,1,4060.3,11,1,4060.4,84,4,4060.5,132,8,4060.6,301,3
11483,2026-07-02 15:17:03+05:30,4060.0,1,4038.61,2333661,151169.0,138176.0,4100.0,4110.0,4012.0,4092.6,25771725,4501.8,3683.4,4440.0,3288.1,4059.9,17,4,4059.8,10,4,4059.5,15,1,4059.2,12,1,4059.1,562,2,4060.0,648,13,4060.2,38,1,4060.3,11,1,4060.5,11,1,4060.6,77,3
11483,2026-07-02 15:17:06+05:30,4059.3,17,4038.61,2333661,151169.0,138176.0,4100.0,4110.0,4012.0,4092.6,25771725,4501.8,3683.4,4440.0,3288.1,4059.9,17,4,4059.8,10,4,4059.5,15,1,4059.2,12,1,4059.1,562,2,4060.0,648,13,4060.2,38,1,4060.3,11,1,4060.5,11,1,4060.6,77,3
11483,2026-07-02 15:17:10+05:30,4059.1,4,4038.63,2334852,149608.0,137885.0,4100.0,4110.0,4012.0,4092.6,25771725,4501.8,3683.4,4440.0,3288.1,4059.1,532,3,4059.0,42,6,4058.5,6,1,4058.4,1,1,4058.3,97,2,4060.0,774,17,4060.2,13,1,4060.3,13,1,4060.6,138,5,4060.7,96,1
11483,2026-07-02 15:17:15+05:30,4059.9,4,4038.63,2334852,149608.0,137885.0,4100.0,4110.0,4012.0,4092.6,25771725,4501.8,3683.4,4440.0,3288.1,4059.1,532,3,4059.0,42,6,4058.5,6,1,4058.4,1,1,4058.3,97,2,4060.0,774,17,4060.2,13,1,4060.3,13,1,4060.6,138,5,4060.7,96,1
11483,2026-07-02 15:17:17+05:30,4059.9,1,4038.63,2335427,148291.0,137532.0,4100.0,4110.0,4012.0,4092.6,25771725,4501.8,3683.4,4440.0,3288.1,4059.5,2,1,4059.1,462,8,4059.0,41,5,4058.8,15,1,4058.6,156,1,4059.9,2,1,4060.0,832,13,4060.3,12,1,4060.6,77,3,4060.7,96,1
11483,2026-07-02 15:17:23+05:30,4058.1,4,4038.63,2335427,148291.0,137532.0,4100.0,4110.0,4012.0,4092.6,25771725,4501.8,3683.4,4440.0,3288.1,4059.5,2,1,4059.1,462,8,4059.0,41,5,4058.8,15,1,4058.6,156,1,4059.9,2,1,4060.0,832,13,4060.3,12,1,4060.6,77,3,4060.7,96,1
11483,2026-07-02 15:17:24+05:30,4058.9,1,4038.64,2336857,148649.0,138594.0,4100.0,4110.0,4012.0,4092.6,25771725,4501.8,3683.4,4440.0,3288.1,4058.6,50,1,4058.0,1,1,4057.9,256,2,4057.8,2,1,4057.6,2,1,4058.9,66,1,4059.3,20,2,4059.4,4,1,4059.5,1,1,4059.6,13,1
11483,2026-07-02 15:17:31+05:30,4059.1,3,4038.64,2336857,148649.0,138594.0,4100.0,4110.0,4012.0,4092.6,25771725,4501.8,3683.4,4440.0,3288.1,4058.6,50,1,4058.0,1,1,4057.9,256,2,4057.8,2,1,4057.6,2,1,4058.9,66,1,4059.3,20,2,4059.4,4,1,4059.5,1,1,4059.6,13,1
11483,2026-07-02 15:17:31+05:30,4059.1,3,4038.65,2337585,149186.0,137361.0,4100.0,4110.0,4012.0,4092.6,25771725,4501.8,3683.4,4440.0,3288.1,4059.1,338,1,4059.0,6,1,4058.9,7,1,4058.6,54,3,4058.5,40,2,4059.2,38,1,4059.3,74,3,4059.4,84,2,4059.6,51,2,4059.7,2,1
11483,2026-07-02 15:17:38+05:30,4059.3,66,4038.65,2338255,149874.0,137270.0,4100.0,4110.0,4012.0,4092.6,25771725,4501.8,3683.4,4440.0,3288.1,4059.2,357,6,4059.1,356,4,4059.0,21,3,4058.9,7,1,4058.8,22,2,4059.3,5,1,4059.4,45,1,4059.5,300,1,4059.6,51,2,4059.9,40,2
11483,2026-07-02 15:17:39+05:30,4059.3,3,4038.65,2338255,149874.0,137270.0,4100.0,4110.0,4012.0,4092.6,25771725,4501.8,3683.4,4440.0,3288.1,4059.2,357,6,4059.1,356,4,4059.0,21,3,4058.9,7,1,4058.8,22,2,4059.3,5,1,4059.4,45,1,4059.5,300,1,4059.6,51,2,4059.9,40,2
11483,2026-07-02 15:17:43+05:30,4059.3,3,4038.65,2338255,149874.0,137270.0,4100.0,4110.0,4012.0,4092.6,25771725,4501.8,3683.4,4440.0,3288.1,4059.2,357,6,4059.1,356,4,4059.0,21,3,4058.9,7,1,4058.8,22,2,4059.3,5,1,4059.4,45,1,4059.5,300,1,4059.6,51,2,4059.9,40,2
11483,2026-07-02 15:17:44+05:30,4059.3,3,4038.65,2338255,149874.0,137270.0,4100.0,4110.0,4012.0,4092.6,25771725,4501.8,3683.4,4440.0,3288.1,4059.2,357,6,4059.1,356,4,4059.0,21,3,4058.9,7,1,4058.8,22,2,4059.3,5,1,4059.4,45,1,4059.5,300,1,4059.6,51,2,4059.9,40,2
11483,2026-07-02 15:17:45+05:30,4059.3,3,4038.65,2338255,149874.0,137270.0,4100.0,4110.0,4012.0,4092.6,25771725,4501.8,3683.4,4440.0,3288.1,4059.2,357,6,4059.1,356,4,4059.0,21,3,4058.9,7,1,4058.8,22,2,4059.3,5,1,4059.4,45,1,4059.5,300,1,4059.6,51,2,4059.9,40,2
11483,2026-07-02 15:17:45+05:30,4059.6,1,4038.67,2339406,149643.0,136766.0,4100.0,4110.0,4012.0,4092.6,25771725,4501.8,3683.4,4440.0,3288.1,4059.5,139,2,4059.3,22,2,4059.2,9,2,4059.1,352,3,4059.0,58,4,4059.6,4,1,4060.0,639,17,4060.1,41,2,4060.3,15,1,4060.5,244,3
11483,2026-07-02 15:17:45+05:30,4059.6,1,4038.67,2339406,149643.0,136766.0,4100.0,4110.0,4012.0,4092.6,25771725,4501.8,3683.4,4440.0,3288.1,4059.5,139,2,4059.3,22,2,4059.2,9,2,4059.1,352,3,4059.0,58,4,4059.6,4,1,4060.0,639,17,4060.1,41,2,4060.3,15,1,4060.5,244,3
11483,2026-07-02 15:17:46+05:30,4059.6,1,4038.67,2339406,149643.0,136766.0,4100.0,4110.0,4012.0,4092.6,25771725,4501.8,3683.4,4440.0,3288.1,4059.5,139,2,4059.3,22,2,4059.2,9,2,4059.1,352,3,4059.0,58,4,4059.6,4,1,4060.0,639,17,4060.1,41,2,4060.3,15,1,4060.5,244,3
11483,2026-07-02 15:17:47+05:30,4059.6,1,4038.67,2339406,149643.0,136766.0,4100.0,4110.0,4012.0,4092.6,25771725,4501.8,3683.4,4440.0,3288.1,4059.5,139,2,4059.3,22,2,4059.2,9,2,4059.1,352,3,4059.0,58,4,4059.6,4,1,4060.0,639,17,4060.1,41,2,4060.3,15,1,4060.5,244,3
11483,2026-07-02 15:17:47+05:30,4059.5,30,4038.67,2339406,149643.0,136766.0,4100.0,4110.0,4012.0,4092.6,25771725,4501.8,3683.4,4440.0,3288.1,4059.5,139,2,4059.3,22,2,4059.2,9,2,4059.1,352,3,4059.0,58,4,4059.6,4,1,4060.0,639,17,4060.1,41,2,4060.3,15,1,4060.5,244,3
11483,2026-07-02 15:17:47+05:30,4059.5,30,4038.67,2339406,149643.0,136766.0,4100.0,4110.0,4012.0,4092.6,25771725,4501.8,3683.4,4440.0,3288.1,4059.5,139,2,4059.3,22,2,4059.2,9,2,4059.1,352,3,4059.0,58,4,4059.6,4,1,4060.0,639,17,4060.1,41,2,4060.3,15,1,4060.5,244,3
11483,2026-07-02 15:17:48+05:30,4059.5,30,4038.67,2339406,149643.0,136766.0,4100.0,4110.0,4012.0,4092.6,25776275,4501.8,3683.4,4440.0,3288.1,4059.5,139,2,4059.3,22,2,4059.2,9,2,4059.1,352,3,4059.0,58,4,4059.6,4,1,4060.0,639,17,4060.1,41,2,4060.3,15,1,4060.5,244,3
11483,2026-07-02 15:17:49+05:30,4059.5,30,4038.67,2339406,149643.0,136766.0,4100.0,4110.0,4012.0,4092.6,25776275,4501.8,3683.4,4440.0,3288.1,4059.5,139,2,4059.3,22,2,4059.2,9,2,4059.1,352,3,4059.0,58,4,4059.6,4,1,4060.0,639,17,4060.1,41,2,4060.3,15,1,4060.5,244,3
11483,2026-07-02 15:17:50+05:30,4059.5,30,4038.67,2339406,149643.0,136766.0,4100.0,4110.0,4012.0,4092.6,25776275,4501.8,3683.4,4440.0,3288.1,4059.5,139,2,4059.3,22,2,4059.2,9,2,4059.1,352,3,4059.0,58,4,4059.6,4,1,4060.0,639,17,4060.1,41,2,4060.3,15,1,4060.5,244,3
11483,2026-07-02 15:17:52+05:30,4059.6,5,4038.67,2339855,150049.0,136704.0,4100.0,4110.0,4012.0,4092.6,25776275,4501.8,3683.4,4440.0,3288.1,4059.6,18,3,4059.5,369,9,4059.3,103,3,4059.2,10,1,4059.1,10,1,4059.9,51,2,4060.0,659,18,4060.1,1,1,4060.3,15,1,4060.4,141,3
11483,2026-07-02 15:17:55+05:30,4059.6,1,4038.67,2339855,150049.0,136704.0,4100.0,4110.0,4012.0,4092.6,25776275,4501.8,3683.4,4440.0,3288.1,4059.6,18,3,4059.5,369,9,4059.3,103,3,4059.2,10,1,4059.1,10,1,4059.9,51,2,4060.0,659,18,4060.1,1,1,4060.3,15,1,4060.4,141,3
11483,2026-07-02 15:17:59+05:30,4059.9,106,4038.72,2345312,149988.0,135890.0,4100.0,4110.0,4012.0,4092.6,25776275,4501.8,3683.4,4440.0,3288.1,4059.9,89,1,4059.2,3,2,4059.1,360,2,4059.0,133,5,4058.6,12,1,4060.0,230,1,4060.1,1,1,4060.3,55,2,4060.4,240,2,4060.5,60,3
11483,2026-07-02 15:18:03+05:30,4059.9,6,4038.72,2345312,149988.0,135890.0,4100.0,4110.0,4012.0,4092.6,25776275,4501.8,3683.4,4440.0,3288.1,4059.9,89,1,4059.2,3,2,4059.1,360,2,4059.0,133,5,4058.6,12,1,4060.0,230,1,4060.1,1,1,4060.3,55,2,4060.4,240,2,4060.5,60,3
11483,2026-07-02 15:18:06+05:30,4060.4,21,4038.73,2346750,150117.0,134725.0,4100.0,4110.0,4012.0,4092.6,25776275,4501.8,3683.4,4440.0,3288.1,4060.4,34,1,4060.3,53,1,4060.0,2,1,4059.9,117,4,4059.8,350,1,4060.5,50,1,4060.6,56,2,4060.8,63,3,4060.9,20,1,4061.0,382,11
11483,2026-07-02 15:18:14+05:30,4060.3,54,4038.76,2349323,149636.0,135342.0,4100.0,4110.0,4012.0,4092.6,25776275,4501.8,3683.4,4440.0,3288.1,4060.3,54,1,4060.1,23,2,4060.0,122,3,4059.9,1,1,4059.7,11,1,4060.5,120,4,4060.6,30,1,4060.7,13,1,4060.8,23,2,4060.9,24,2
11483,2026-07-02 15:18:14+05:30,4060.3,1,4038.76,2349323,149636.0,135342.0,4100.0,4110.0,4012.0,4092.6,25776275,4501.8,3683.4,4440.0,3288.1,4060.3,54,1,4060.1,23,2,4060.0,122,3,4059.9,1,1,4059.7,11,1,4060.5,120,4,4060.6,30,1,4060.7,13,1,4060.8,23,2,4060.9,24,2
11483,2026-07-02 15:18:21+05:30,4060.4,3,4038.77,2350597,149435.0,135417.0,4100.0,4110.0,4012.0,4092.6,25776275,4501.8,3683.4,4440.0,3288.1,4060.1,12,2,4060.0,22,2,4059.9,2,2,4059.7,11,1,4059.6,1,1,4060.4,66,4,4060.5,369,9,4060.6,33,2,4060.7,50,3,4060.8,23,2
11483,2026-07-02 15:18:24+05:30,4060.1,2,4038.77,2350597,149435.0,135417.0,4100.0,4110.0,4012.0,4092.6,25776275,4501.8,3683.4,4440.0,3288.1,4060.1,12,2,4060.0,22,2,4059.9,2,2,4059.7,11,1,4059.6,1,1,4060.4,66,4,4060.5,369,9,4060.6,33,2,4060.7,50,3,4060.8,23,2
11483,2026-07-02 15:18:28+05:30,4059.8,1,4038.77,2351300,149833.0,135447.0,4100.0,4110.0,4012.0,4092.6,25776275,4501.8,3683.4,4440.0,3288.1,4059.8,31,4,4059.7,21,2,4059.6,1,1,4059.5,1,1,4059.1,350,1,4059.9,1,1,4060.0,61,1,4060.1,7,1,4060.2,18,1,4060.3,12,1
11483,2026-07-02 15:18:33+05:30,4060.0,2,4038.77,2351300,149833.0,135447.0,4100.0,4110.0,4012.0,4092.6,25776275,4501.8,3683.4,4440.0,3288.1,4059.8,31,4,4059.7,21,2,4059.6,1,1,4059.5,1,1,4059.1,350,1,4059.9,1,1,4060.0,61,1,4060.1,7,1,4060.2,18,1,4060.3,12,1
11483,2026-07-02 15:18:35+05:30,4060.1,27,4038.78,2352374,149591.0,135243.0,4100.0,4110.0,4012.0,4092.6,25776275,4501.8,3683.4,4440.0,3288.1,4060.1,84,3,4059.8,31,5,4059.6,1,1,4059.5,1,1,4059.3,11,1,4060.3,3,1,4060.4,15,3,4060.6,58,2,4060.7,235,1,4060.8,23,2
11483,2026-07-02 15:18:42+05:30,4060.2,2,4038.79,2352935,148660.0,135210.0,4100.0,4110.0,4012.0,4092.6,25776275,4501.8,3683.4,4440.0,3288.1,4060.2,12,3,4060.1,33,7,4060.0,1,1,4059.8,1,1,4059.7,22,2,4060.3,48,1,4060.6,22,1,4060.8,65,2,4060.9,25,3,4061.0,562,18
11483,2026-07-02 15:18:42+05:30,4060.3,1,4038.79,2352935,148660.0,135210.0,4100.0,4110.0,4012.0,4092.6,25776275,4501.8,3683.4,4440.0,3288.1,4060.2,12,3,4060.1,33,7,4060.0,1,1,4059.8,1,1,4059.7,22,2,4060.3,48,1,4060.6,22,1,4060.8,65,2,4060.9,25,3,4061.0,562,18
11483,2026-07-02 15:18:43+05:30,4060.3,1,4038.79,2352935,148660.0,135210.0,4100.0,4110.0,4012.0,4092.6,25776275,4501.8,3683.4,4440.0,3288.1,4060.2,12,3,4060.1,33,7,4060.0,1,1,4059.8,1,1,4059.7,22,2,4060.3,48,1,4060.6,22,1,4060.8,65,2,4060.9,25,3,4061.0,562,18
11483,2026-07-02 15:18:44+05:30,4060.3,1,4038.79,2352935,148660.0,135210.0,4100.0,4110.0,4012.0,4092.6,25776275,4501.8,3683.4,4440.0,3288.1,4060.2,12,3,4060.1,33,7,4060.0,1,1,4059.8,1,1,4059.7,22,2,4060.3,48,1,4060.6,22,1,4060.8,65,2,4060.9,25,3,4061.0,562,18
11483,2026-07-02 15:18:45+05:30,4060.3,1,4038.79,2352935,148660.0,135210.0,4100.0,4110.0,4012.0,4092.6,25776275,4501.8,3683.4,4440.0,3288.1,4060.2,12,3,4060.1,33,7,4060.0,1,1,4059.8,1,1,4059.7,22,2,4060.3,48,1,4060.6,22,1,4060.8,65,2,4060.9,25,3,4061.0,562,18
11483,2026-07-02 15:18:46+05:30,4060.3,1,4038.79,2352935,148660.0,135210.0,4100.0,4110.0,4012.0,4092.6,25776275,4501.8,3683.4,4440.0,3288.1,4060.2,12,3,4060.1,33,7,4060.0,1,1,4059.8,1,1,4059.7,22,2,4060.3,48,1,4060.6,22,1,4060.8,65,2,4060.9,25,3,4061.0,562,18
11483,2026-07-02 15:18:47+05:30,4060.3,1,4038.79,2352935,148660.0,135210.0,4100.0,4110.0,4012.0,4092.6,25776275,4501.8,3683.4,4440.0,3288.1,4060.2,12,3,4060.1,33,7,4060.0,1,1,4059.8,1,1,4059.7,22,2,4060.3,48,1,4060.6,22,1,4060.8,65,2,4060.9,25,3,4061.0,562,18
11483,2026-07-02 15:18:48+05:30,4060.3,1,4038.79,2352935,148660.0,135210.0,4100.0,4110.0,4012.0,4092.6,25776450,4501.8,3683.4,4440.0,3288.1,4060.2,12,3,4060.1,33,7,4060.0,1,1,4059.8,1,1,4059.7,22,2,4060.3,48,1,4060.6,22,1,4060.8,65,2,4060.9,25,3,4061.0,562,18
11483,2026-07-02 15:18:49+05:30,4060.0,26,4038.8,2354104,148338.0,135205.0,4100.0,4110.0,4012.0,4092.6,25776450,4501.8,3683.4,4440.0,3288.1,4059.5,5,2,4059.0,82,3,4058.9,2,1,4058.4,34,2,4058.2,41,2,4060.0,184,4,4060.1,38,1,4060.2,235,1,4060.3,84,9,4060.5,48,1
11483,2026-07-02 15:18:49+05:30,4060.0,26,4038.8,2354104,148338.0,135205.0,4100.0,4110.0,4012.0,4092.6,25776450,4501.8,3683.4,4440.0,3288.1,4059.5,5,2,4059.0,82,3,4058.9,2,1,4058.4,34,2,4058.2,41,2,4060.0,184,4,4060.1,38,1,4060.2,235,1,4060.3,84,9,4060.5,48,1
11483,2026-07-02 15:18:50+05:30,4060.0,26,4038.8,2354104,148338.0,135205.0,4100.0,4110.0,4012.0,4092.6,25776450,4501.8,3683.4,4440.0,3288.1,4059.5,5,2,4059.0,82,3,4058.9,2,1,4058.4,34,2,4058.2,41,2,4060.0,184,4,4060.1,38,1,4060.2,235,1,4060.3,84,9,4060.5,48,1
11483,2026-07-02 15:18:51+05:30,4060.0,1,4038.8,2354104,148338.0,135205.0,4100.0,4110.0,4012.0,4092.6,25776450,4501.8,3683.4,4440.0,3288.1,4059.5,5,2,4059.0,82,3,4058.9,2,1,4058.4,34,2,4058.2,41,2,4060.0,184,4,4060.1,38,1,4060.2,235,1,4060.3,84,9,4060.5,48,1
11483,2026-07-02 15:18:56+05:30,4059.6,1,4038.8,2354298,149582.0,135221.0,4100.0,4110.0,4012.0,4092.6,25776450,4501.8,3683.4,4440.0,3288.1,4059.6,1,1,4059.5,7,3,4059.4,18,1,4059.1,350,1,4059.0,86,4,4059.9,6,2,4060.0,373,15,4060.2,10,1,4060.3,20,4,4060.4,2,1
11483,2026-07-02 15:19:00+05:30,4059.9,9,4038.8,2354298,149582.0,135221.0,4100.0,4110.0,4012.0,4092.6,25776450,4501.8,3683.4,4440.0,3288.1,4059.6,1,1,4059.5,7,3,4059.4,18,1,4059.1,350,1,4059.0,86,4,4059.9,6,2,4060.0,373,15,4060.2,10,1,4060.3,20,4,4060.4,2,1
11483,2026-07-02 15:19:03+05:30,4059.7,1,4038.81,2355337,150248.0,134894.0,4100.0,4110.0,4012.0,4092.6,25776450,4501.8,3683.4,4440.0,3288.1,4059.7,12,2,4059.6,6,3,4059.5,3,1,4059.4,1,1,4059.3,12,1,4059.9,1,1,4060.6,1,1,4060.7,12,1,4060.8,118,3,4060.9,57,4
11483,2026-07-02 15:19:09+05:30,4059.7,1,4038.81,2355337,150248.0,134894.0,4100.0,4110.0,4012.0,4092.6,25776450,4501.8,3683.4,4440.0,3288.1,4059.7,12,2,4059.6,6,3,4059.5,3,1,4059.4,1,1,4059.3,12,1,4059.9,1,1,4060.6,1,1,4060.7,12,1,4060.8,118,3,4060.9,57,4
11483,2026-07-02 15:19:11+05:30,4059.3,5,4038.85,2359648,147569.0,135875.0,4100.0,4110.0,4012.0,4092.6,25776450,4501.8,3683.4,4440.0,3288.1,4057.9,18,2,4057.8,322,19,4057.7,40,4,4057.6,30,2,4057.5,30,2,4059.3,303,1,4059.7,33,5,4059.8,63,2,4059.9,80,6,4060.1,49,2
11483,2026-07-02 15:19:18+05:30,4058.7,4,4038.86,2361463,147480.0,137826.0,4100.0,4110.0,4012.0,4092.6,25776450,4501.8,3683.4,4440.0,3288.1,4058.7,9,2,4058.3,175,1,4058.0,39,2,4057.9,213,5,4057.8,47,2,4058.8,19,1,4059.0,325,1,4059.1,248,2,4059.2,330,2,4059.3,137,12
11483,2026-07-02 15:19:18+05:30,4058.7,3,4038.86,2361463,147480.0,137826.0,4100.0,4110.0,4012.0,4092.6,25776450,4501.8,3683.4,4440.0,3288.1,4058.7,9,2,4058.3,175,1,4058.0,39,2,4057.9,213,5,4057.8,47,2,4058.8,19,1,4059.0,325,1,4059.1,248,2,4059.2,330,2,4059.3,137,12
11483,2026-07-02 15:19:20+05:30,4058.7,8,4038.86,2361463,147480.0,137826.0,4100.0,4110.0,4012.0,4092.6,25776450,4501.8,3683.4,4440.0,3288.1,4058.7,9,2,4058.3,175,1,4058.0,39,2,4057.9,213,5,4057.8,47,2,4058.8,19,1,4059.0,325,1,4059.1,248,2,4059.2,330,2,4059.3,137,12
11483,2026-07-02 15:19:20+05:30,4058.7,133,4038.86,2361863,147265.0,138143.0,4100.0,4110.0,4012.0,4092.6,25776450,4501.8,3683.4,4440.0,3288.1,4058.3,175,1,4057.8,191,2,4057.6,27,1,4057.5,27,1,4057.4,13,1,4058.7,352,1,4058.8,413,9,4059.0,312,1,4059.1,105,4,4059.2,433,3
11483,2026-07-02 15:19:21+05:30,4058.7,133,4038.86,2361863,147265.0,138143.0,4100.0,4110.0,4012.0,4092.6,25776450,4501.8,3683.4,4440.0,3288.1,4058.3,175,1,4057.8,191,2,4057.6,27,1,4057.5,27,1,4057.4,13,1,4058.7,352,1,4058.8,413,9,4059.0,312,1,4059.1,105,4,4059.2,433,3
11483,2026-07-02 15:19:21+05:30,4058.4,2,4038.86,2361876,147228.0,138216.0,4100.0,4110.0,4012.0,4092.6,25776450,4501.8,3683.4,4440.0,3288.1,4058.3,173,3,4057.8,191,2,4057.6,27,1,4057.5,27,1,4057.4,63,2,4058.4,350,1,4058.7,282,4,4058.8,277,9,4059.0,403,3,4059.1,298,4
11483,2026-07-02 15:19:22+05:30,4058.3,7,4038.86,2361876,147228.0,138216.0,4100.0,4110.0,4012.0,4092.6,25776450,4501.8,3683.4,4440.0,3288.1,4058.3,173,3,4057.8,191,2,4057.6,27,1,4057.5,27,1,4057.4,63,2,4058.4,350,1,4058.7,282,4,4058.8,277,9,4059.0,403,3,4059.1,298,4
11483,2026-07-02 15:19:22+05:30,4058.3,27,4038.87,2362081,147123.0,138070.0,4100.0,4110.0,4012.0,4092.6,25776450,4501.8,3683.4,4440.0,3288.1,4057.9,175,1,4057.8,16,1,4057.4,13,1,4057.1,2,1,4057.0,38,1,4058.3,153,1,4058.4,238,2,4058.7,108,4,4058.8,188,8,4058.9,175,3
11483,2026-07-02 15:19:23+05:30,4058.3,12,4038.87,2362081,147123.0,138070.0,4100.0,4110.0,4012.0,4092.6,25776450,4501.8,3683.4,4440.0,3288.1,4057.9,175,1,4057.8,16,1,4057.4,13,1,4057.1,2,1,4057.0,38,1,4058.3,153,1,4058.4,238,2,4058.7,108,4,4058.8,188,8,4058.9,175,3
11483,2026-07-02 15:19:23+05:30,4058.3,44,4038.87,2362450,147107.0,137618.0,4100.0,4110.0,4012.0,4092.6,25776450,4501.8,3683.4,4440.0,3288.1,4058.0,23,1,4057.8,191,2,4057.4,13,1,4057.0,38,1,4056.9,31,1,4058.3,198,2,4058.4,42,1,4058.5,49,1,4058.6,91,2,4058.7,11,1
11483,2026-07-02 15:19:24+05:30,4058.8,3,4038.87,2362450,147107.0,137618.0,4100.0,4110.0,4012.0,4092.6,25776450,4501.8,3683.4,4440.0,3288.1,4058.0,23,1,4057.8,191,2,4057.4,13,1,4057.0,38,1,4056.9,31,1,4058.3,198,2,4058.4,42,1,4058.5,49,1,4058.6,91,2,4058.7,11,1
11483,2026-07-02 15:19:24+05:30,4058.8,3,4038.87,2363086,147462.0,137726.0,4100.0,4110.0,4012.0,4092.6,25776450,4501.8,3683.4,4440.0,3288.1,4058.3,1,1,4058.0,62,3,4057.8,191,2,4057.4,13,1,4057.0,40,2,4058.8,383,1,4058.9,3,1,4059.0,312,1,4059.2,288,1,4059.3,299,5
11483,2026-07-02 15:19:25+05:30,4058.8,5,4038.87,2363086,147462.0,137726.0,4100.0,4110.0,4012.0,4092.6,25776450,4501.8,3683.4,4440.0,3288.1,4058.3,1,1,4058.0,62,3,4057.8,191,2,4057.4,13,1,4057.0,40,2,4058.8,383,1,4058.9,3,1,4059.0,312,1,4059.2,288,1,4059.3,299,5
11483,2026-07-02 15:19:25+05:30,4058.8,5,4038.88,2363183,147745.0,137722.0,4100.0,4110.0,4012.0,4092.6,25776450,4501.8,3683.4,4440.0,3288.1,4058.0,115,5,4057.8,191,2,4057.4,13,1,4057.0,38,1,4056.9,81,2,4058.8,287,1,4058.9,45,2,4059.0,312,1,4059.1,42,1,4059.2,312,2
11483,2026-07-02 15:19:26+05:30,4058.0,3,4038.88,2363183,147745.0,137722.0,4100.0,4110.0,4012.0,4092.6,25776450,4501.8,3683.4,4440.0,3288.1,4058.0,115,5,4057.8,191,2,4057.4,13,1,4057.0,38,1,4056.9,81,2,4058.8,287,1,4058.9,45,2,4059.0,312,1,4059.1,42,1,4059.2,312,2
11483,2026-07-02 15:19:26+05:30,4058.0,3,4038.88,2363246,147730.0,137526.0,4100.0,4110.0,4012.0,4092.6,25776450,4501.8,3683.4,4440.0,3288.1,4058.0,113,7,4057.8,191,2,4057.4,13,1,4057.0,44,3,4056.9,81,2,4058.7,99,2,4058.8,36,3,4058.9,42,1,4059.0,312,1,4059.1,13,1
11483,2026-07-02 15:19:27+05:30,4058.7,3,4038.88,2363246,147730.0,137526.0,4100.0,4110.0,4012.0,4092.6,25776450,4501.8,3683.4,4440.0,3288.1,4058.0,113,7,4057.8,191,2,4057.4,13,1,4057.0,44,3,4056.9,81,2,4058.7,99,2,4058.8,36,3,4058.9,42,1,4059.0,312,1,4059.1,13,1
11483,2026-07-02 15:19:27+05:30,4058.7,3,4038.88,2363463,147698.0,136032.0,4100.0,4110.0,4012.0,4092.6,25776450,4501.8,3683.4,4440.0,3288.1,4058.7,22,3,4058.1,22,1,4058.0,124,7,4057.9,18,1,4057.8,191,2,4059.1,13,1,4059.3,30,1,4059.4,49,1,4059.5,64,2,4059.6,96,1
11483,2026-07-02 15:19:28+05:30,4059.1,70,4038.88,2363463,147698.0,136032.0,4100.0,4110.0,4012.0,4092.6,25776450,4501.8,3683.4,4440.0,3288.1,4058.7,22,3,4058.1,22,1,4058.0,124,7,4057.9,18,1,4057.8,191,2,4059.1,13,1,4059.3,30,1,4059.4,49,1,4059.5,64,2,4059.6,96,1
11483,2026-07-02 15:19:28+05:30,4059.1,70,4038.88,2363533,147822.0,136815.0,4100.0,4110.0,4012.0,4092.6,25776450,4501.8,3683.4,4440.0,3288.1,4058.7,31,7,4058.1,197,2,4058.0,122,5,4057.9,18,1,4057.8,191,2,4058.8,4,1,4059.0,5,1,4059.1,13,1,4059.3,30,1,4059.5,64,2
11483,2026-07-02 15:19:29+05:30,4059.0,3,4038.88,2363533,147822.0,136815.0,4100.0,4110.0,4012.0,4092.6,25776450,4501.8,3683.4,4440.0,3288.1,4058.7,31,7,4058.1,197,2,4058.0,122,5,4057.9,18,1,4057.8,191,2,4058.8,4,1,4059.0,5,1,4059.1,13,1,4059.3,30,1,4059.5,64,2
11483,2026-07-02 15:19:29+05:30,4059.0,3,4038.88,2363540,147910.0,136880.0,4100.0,4110.0,4012.0,4092.6,25776450,4501.8,3683.4,4440.0,3288.1,4058.7,34,9,4058.1,247,3,4058.0,124,6,4057.9,18,1,4057.8,191,2,4058.8,40,2,4059.0,2,1,4059.1,13,1,4059.3,30,1,4059.5,15,1
11483,2026-07-02 15:19:30+05:30,4059.1,14,4038.88,2363540,147910.0,136880.0,4100.0,4110.0,4012.0,4092.6,25776450,4501.8,3683.4,4440.0,3288.1,4058.7,34,9,4058.1,247,3,4058.0,124,6,4057.9,18,1,4057.8,191,2,4058.8,40,2,4059.0,2,1,4059.1,13,1,4059.3,30,1,4059.5,15,1
11483,2026-07-02 15:19:30+05:30,4058.7,1,4038.88,2363633,147985.0,136354.0,4100.0,4110.0,4012.0,4092.6,25776450,4501.8,3683.4,4440.0,3288.1,4058.7,16,6,4058.2,24,1,4058.1,247,3,4058.0,124,6,4057.9,18,1,4059.1,13,1,4059.3,30,1,4059.5,15,1,4059.7,121,3,4059.8,177,3
11483,2026-07-02 15:19:31+05:30,4059.1,6,4038.88,2363633,147985.0,136354.0,4100.0,4110.0,4012.0,4092.6,25776450,4501.8,3683.4,4440.0,3288.1,4058.7,16,6,4058.2,24,1,4058.1,247,3,4058.0,124,6,4057.9,18,1,4059.1,13,1,4059.3,30,1,4059.5,15,1,4059.7,121,3,4059.8,177,3
11483,2026-07-02 15:19:31+05:30,4059.1,6,4038.88,2363655,147961.0,135830.0,4100.0,4110.0,4012.0,4092.6,25776450,4501.8,3683.4,4440.0,3288.1,4059.1,10,2,4059.0,2,1,4058.7,16,6,4058.2,24,1,4058.1,258,4,4059.3,30,1,4059.5,15,1,4059.7,121,3,4059.8,118,3,4059.9,135,4
11483,2026-07-02 15:19:32+05:30,4059.3,1,4038.88,2363655,147961.0,135830.0,4100.0,4110.0,4012.0,4092.6,25776450,4501.8,3683.4,4440.0,3288.1,4059.1,10,2,4059.0,2,1,4058.7,16,6,4058.2,24,1,4058.1,258,4,4059.3,30,1,4059.5,15,1,4059.7,121,3,4059.8,118,3,4059.9,135,4
11483,2026-07-02 15:19:32+05:30,4059.7,1,4038.88,2363734,148446.0,135689.0,4100.0,4110.0,4012.0,4092.6,25776450,4501.8,3683.4,4440.0,3288.1,4059.3,421,1,4059.1,12,4,4059.0,3,2,4058.8,14,1,4058.7,20,6,4059.7,46,1,4059.8,67,1,4059.9,41,4,4060.0,604,12,4060.3,122,1
11483,2026-07-02 15:19:33+05:30,4059.8,2,4038.88,2363734,148446.0,135689.0,4100.0,4110.0,4012.0,4092.6,25776450,4501.8,3683.4,4440.0,3288.1,4059.3,421,1,4059.1,12,4,4059.0,3,2,4058.8,14,1,4058.7,20,6,4059.7,46,1,4059.8,67,1,4059.9,41,4,4060.0,604,12,4060.3,122,1
11483,2026-07-02 15:19:33+05:30,4059.7,3,4038.88,2364044,148700.0,135498.0,4100.0,4110.0,4012.0,4092.6,25776450,4501.8,3683.4,4440.0,3288.1,4059.7,418,1,4059.3,6,3,4059.1,22,5,4059.0,3,2,4058.8,14,1,4059.8,65,1,4059.9,35,2,4060.0,609,13,4060.3,122,1,4060.4,31,3
11483,2026-07-02 15:19:34+05:30,4059.9,4,4038.88,2364044,148700.0,135498.0,4100.0,4110.0,4012.0,4092.6,25776450,4501.8,3683.4,4440.0,3288.1,4059.7,418,1,4059.3,6,3,4059.1,22,5,4059.0,3,2,4058.8,14,1,4059.8,65,1,4059.9,35,2,4060.0,609,13,4060.3,122,1,4060.4,31,3
11483,2026-07-02 15:19:34+05:30,4059.8,33,4038.88,2364217,148633.0,135445.0,4100.0,4110.0,4012.0,4092.6,25776450,4501.8,3683.4,4440.0,3288.1,4059.8,402,2,4059.7,4,1,4059.3,2,2,4059.1,21,4,4059.0,1,1,4059.9,31,2,4060.0,589,12,4060.3,122,1,4060.4,25,1,4060.6,160,4
11483,2026-07-02 15:19:35+05:30,4059.9,2,4038.88,2364217,148633.0,135445.0,4100.0,4110.0,4012.0,4092.6,25776450,4501.8,3683.4,4440.0,3288.1,4059.8,402,2,4059.7,4,1,4059.3,2,2,4059.1,21,4,4059.0,1,1,4059.9,31,2,4060.0,589,12,4060.3,122,1,4060.4,25,1,4060.6,160,4
11483,2026-07-02 15:19:35+05:30,4059.9,1,4038.89,2364355,148799.0,135550.0,4100.0,4110.0,4012.0,4092.6,25776450,4501.8,3683.4,4440.0,3288.1,4059.8,285,4,4059.3,2,2,4059.1,21,4,4059.0,1,1,4058.8,38,2,4059.9,42,5,4060.0,611,13,4060.3,122,1,4060.4,25,1,4060.6,160,4
11483,2026-07-02 15:19:36+05:30,4059.9,2,4038.89,2364355,148799.0,135550.0,4100.0,4110.0,4012.0,4092.6,25776450,4501.8,3683.4,4440.0,3288.1,4059.8,285,4,4059.3,2,2,4059.1,21,4,4059.0,1,1,4058.8,38,2,4059.9,42,5,4060.0,611,13,4060.3,122,1,4060.4,25,1,4060.6,160,4
11483,2026-07-02 15:19:36+05:30,4059.9,2,4038.89,2364550,149536.0,135448.0,4100.0,4110.0,4012.0,4092.6,25776450,4501.8,3683.4,4440.0,3288.1,4059.9,17,1,4059.8,287,6,4059.5,13,1,4059.3,1,1,4059.2,13,1,4060.0,611,13,4060.3,122,1,4060.4,25,1,4060.6,149,4,4060.7,145,2
11483,2026-07-02 15:19:37+05:30,4060.0,5,4038.89,2364550,149536.0,135448.0,4100.0,4110.0,4012.0,4092.6,25776450,4501.8,3683.4,4440.0,3288.1,4059.9,17,1,4059.8,287,6,4059.5,13,1,4059.3,1,1,4059.2,13,1,4060.0,611,13,4060.3,122,1,4060.4,25,1,4060.6,149,4,4060.7,145,2
11483,2026-07-02 15:19:37+05:30,4060.0,66,4038.89,2364627,148805.0,135380.0,4100.0,4110.0,4012.0,4092.6,25776450,4501.8,3683.4,4440.0,3288.1,4059.9,274,5,4059.8,35,4,4059.5,13,1,4059.3,1,1,4059.2,13,1,4060.0,543,15,4060.3,122,1,4060.4,25,1,4060.6,346,4,4060.8,79,4
11483,2026-07-02 15:19:38+05:30,4060.0,6,4038.89,2364627,148805.0,135380.0,4100.0,4110.0,4012.0,4092.6,25776450,4501.8,3683.4,4440.0,3288.1,4059.9,274,5,4059.8,35,4,4059.5,13,1,4059.3,1,1,4059.2,13,1,4060.0,543,15,4060.3,122,1,4060.4,25,1,4060.6,346,4,4060.8,79,4
11483,2026-07-02 15:19:38+05:30,4060.0,6,4038.89,2364633,148828.0,135378.0,4100.0,4110.0,4012.0,4092.6,25776450,4501.8,3683.4,4440.0,3288.1,4059.9,313,8,4059.8,18,2,4059.5,13,1,4059.3,3,2,4059.2,24,2,4060.0,591,17,4060.3,122,1,4060.4,25,1,4060.5,38,1,4060.6,346,4
11483,2026-07-02 15:19:39+05:30,4059.9,5,4038.89,2364633,148828.0,135378.0,4100.0,4110.0,4012.0,4092.6,25776450,4501.8,3683.4,4440.0,3288.1,4059.9,313,8,4059.8,18,2,4059.5,13,1,4059.3,3,2,4059.2,24,2,4060.0,591,17,4060.3,122,1,4060.4,25,1,4060.5,38,1,4060.6,346,4
11483,2026-07-02 15:19:39+05:30,4060.0,24,4038.89,2364784,149429.0,135482.0,4100.0,4110.0,4012.0,4092.6,25776450,4501.8,3683.4,4440.0,3288.1,4059.9,324,10,4059.8,3,2,4059.5,13,1,4059.3,3,2,4059.2,24,2,4060.0,664,21,4060.2,39,2,4060.3,122,1,4060.4,25,1,4060.5,24,1
11483,2026-07-02 15:19:40+05:30,4059.9,1,4038.89,2364784,149429.0,135482.0,4100.0,4110.0,4012.0,4092.6,25776450,4501.8,3683.4,4440.0,3288.1,4059.9,324,10,4059.8,3,2,4059.5,13,1,4059.3,3,2,4059.2,24,2,4060.0,664,21,4060.2,39,2,4060.3,122,1,4060.4,25,1,4060.5,24,1
11483,2026-07-02 15:19:40+05:30,4059.9,1,4038.89,2364800,149214.0,135504.0,4100.0,4110.0,4012.0,4092.6,25776450,4501.8,3683.4,4440.0,3288.1,4059.9,351,11,4059.8,3,2,4059.5,13,1,4059.3,3,2,4059.2,24,2,4060.0,662,21,4060.2,38,2,4060.3,122,1,4060.4,25,1,4060.5,24,1
11483,2026-07-02 15:19:41+05:30,4060.0,4,4038.89,2364800,149214.0,135504.0,4100.0,4110.0,4012.0,4092.6,25776450,4501.8,3683.4,4440.0,3288.1,4059.9,351,11,4059.8,3,2,4059.5,13,1,4059.3,3,2,4059.2,24,2,4060.0,662,21,4060.2,38,2,4060.3,122,1,4060.4,25,1,4060.5,24,1
11483,2026-07-02 15:19:41+05:30,4058.3,473,4038.94,2371378,146399.0,135634.0,4100.0,4110.0,4012.0,4092.6,25776450,4501.8,3683.4,4440.0,3288.1,4057.0,13,1,4056.9,26,1,4056.5,175,1,4056.4,10,1,4056.3,76,3,4058.4,48,2,4058.5,98,2,4058.6,101,3,4058.7,98,2,4058.8,73,2
11483,2026-07-02 15:19:42+05:30,4057.3,1,4038.94,2371378,146399.0,135634.0,4100.0,4110.0,4012.0,4092.6,25776450,4501.8,3683.4,4440.0,3288.1,4057.0,13,1,4056.9,26,1,4056.5,175,1,4056.4,10,1,4056.3,76,3,4058.4,48,2,4058.5,98,2,4058.6,101,3,4058.7,98,2,4058.8,73,2
11483,2026-07-02 15:19:42+05:30,4057.3,1,4038.94,2371642,147718.0,135939.0,4100.0,4110.0,4012.0,4092.6,25776450,4501.8,3683.4,4440.0,3288.1,4057.3,54,2,4057.2,126,2,4056.9,23,1,4056.5,175,1,4056.4,3,1,4058.4,43,5,4058.5,49,1,4058.6,52,2,4058.7,49,1,4058.8,332,3
11483,2026-07-02 15:19:43+05:30,4057.3,1,4038.94,2371642,147718.0,135939.0,4100.0,4110.0,4012.0,4092.6,25776450,4501.8,3683.4,4440.0,3288.1,4057.3,54,2,4057.2,126,2,4056.9,23,1,4056.5,175,1,4056.4,3,1,4058.4,43,5,4058.5,49,1,4058.6,52,2,4058.7,49,1,4058.8,332,3
11483,2026-07-02 15:19:44+05:30,4057.4,4,4038.94,2371649,147805.0,136027.0,4100.0,4110.0,4012.0,4092.6,25776450,4501.8,3683.4,4440.0,3288.1,4057.4,37,4,4057.3,55,2,4057.2,126,2,4056.9,23,1,4056.5,175,1,4058.4,124,9,4058.5,49,1,4058.6,52,2,4058.7,49,1,4058.8,330,2
11483,2026-07-02 15:19:44+05:30,4057.4,2,4038.94,2371649,147805.0,136027.0,4100.0,4110.0,4012.0,4092.6,25776450,4501.8,3683.4,4440.0,3288.1,4057.4,37,4,4057.3,55,2,4057.2,126,2,4056.9,23,1,4056.5,175,1,4058.4,124,9,4058.5,49,1,4058.6,52,2,4058.7,49,1,4058.8,330,2
11483,2026-07-02 15:19:44+05:30,4057.4,2,4038.94,2371649,147805.0,136027.0,4100.0,4110.0,4012.0,4092.6,25776450,4501.8,3683.4,4440.0,3288.1,4057.4,37,4,4057.3,55,2,4057.2,126,2,4056.9,23,1,4056.5,175,1,4058.4,124,9,4058.5,49,1,4058.6,52,2,4058.7,49,1,4058.8,330,2
11483,2026-07-02 15:19:45+05:30,4057.4,2,4038.94,2371649,147805.0,136027.0,4100.0,4110.0,4012.0,4092.6,25776450,4501.8,3683.4,4440.0,3288.1,4057.4,35,5,4057.3,51,1,4057.2,126,2,4057.0,10,1,4056.9,23,1,4058.4,98,8,4058.5,49,1,4058.6,52,2,4058.7,49,1,4058.8,330,2
11483,2026-07-02 15:19:45+05:30,4058.4,1,4038.94,2371656,147684.0,136009.0,4100.0,4110.0,4012.0,4092.6,25776450,4501.8,3683.4,4440.0,3288.1,4057.4,35,5,4057.3,51,1,4057.2,126,2,4057.0,10,1,4056.9,23,1,4058.4,98,8,4058.5,49,1,4058.6,52,2,4058.7,49,1,4058.8,330,2
11483,2026-07-02 15:19:45+05:30,4058.3,175,4038.94,2371656,147684.0,136009.0,4100.0,4110.0,4012.0,4092.6,25776450,4501.8,3683.4,4440.0,3288.1,4057.4,35,5,4057.3,51,1,4057.2,126,2,4057.0,10,1,4056.9,23,1,4058.4,98,8,4058.5,49,1,4058.6,52,2,4058.7,49,1,4058.8,330,2
11483,2026-07-02 15:19:45+05:30,4058.3,175,4038.94,2371656,147684.0,136009.0,4100.0,4110.0,4012.0,4092.6,25776450,4501.8,3683.4,4440.0,3288.1,4057.4,35,5,4057.3,51,1,4057.2,126,2,4057.0,10,1,4056.9,23,1,4058.4,98,8,4058.5,49,1,4058.6,52,2,4058.7,49,1,4058.8,330,2
11483,2026-07-02 15:19:46+05:30,4058.3,4,4038.94,2371975,147621.0,136081.0,4100.0,4110.0,4012.0,4092.6,25776450,4501.8,3683.4,4440.0,3288.1,4057.2,137,2,4056.9,23,1,4056.3,121,3,4056.2,10,1,4056.1,10,1,4058.3,51,4,4058.4,140,7,4058.5,49,1,4058.6,128,4,4058.7,247,2
11483,2026-07-02 15:19:46+05:30,4058.3,4,4038.94,2371975,147621.0,136081.0,4100.0,4110.0,4012.0,4092.6,25776450,4501.8,3683.4,4440.0,3288.1,4057.2,137,2,4056.9,23,1,4056.3,121,3,4056.2,10,1,4056.1,10,1,4058.3,51,4,4058.4,140,7,4058.5,49,1,4058.6,128,4,4058.7,247,2
11483,2026-07-02 15:19:46+05:30,4057.2,45,4038.94,2371975,147621.0,136081.0,4100.0,4110.0,4012.0,4092.6,25776450,4501.8,3683.4,4440.0,3288.1,4057.2,137,2,4056.9,23,1,4056.3,121,3,4056.2,10,1,4056.1,10,1,4058.3,51,4,4058.4,140,7,4058.5,49,1,4058.6,128,4,4058.7,247,2
11483,2026-07-02 15:19:46+05:30,4057.2,45,4038.94,2371975,147621.0,136081.0,4100.0,4110.0,4012.0,4092.6,25776450,4501.8,3683.4,4440.0,3288.1,4057.2,137,2,4056.9,23,1,4056.3,121,3,4056.2,10,1,4056.1,10,1,4058.3,51,4,4058.4,140,7,4058.5,49,1,4058.6,128,4,4058.7,247,2
11483,2026-07-02 15:19:47+05:30,4057.7,8,4038.94,2372093,147521.0,136304.0,4100.0,4110.0,4012.0,4092.6,25776450,4501.8,3683.4,4440.0,3288.1,4057.7,6,1,4057.2,37,2,4057.1,5,1,4056.9,23,1,4056.3,121,3,4058.3,56,6,4058.4,147,6,4058.5,49,1,4058.6,128,4,4058.7,259,2
11483,2026-07-02 15:19:47+05:30,4057.7,8,4038.94,2372093,147521.0,136304.0,4100.0,4110.0,4012.0,4092.6,25776450,4501.8,3683.4,4440.0,3288.1,4057.7,6,1,4057.2,37,2,4057.1,5,1,4056.9,23,1,4056.3,121,3,4058.3,56,6,4058.4,147,6,4058.5,49,1,4058.6,128,4,4058.7,259,2
11483,2026-07-02 15:19:47+05:30,4057.7,8,4038.94,2372093,147521.0,136304.0,4100.0,4110.0,4012.0,4092.6,25776450,4501.8,3683.4,4440.0,3288.1,4057.7,6,1,4057.2,37,2,4057.1,5,1,4056.9,23,1,4056.3,121,3,4058.3,56,6,4058.4,147,6,4058.5,49,1,4058.6,128,4,4058.7,259,2
11483,2026-07-02 15:19:47+05:30,4057.7,8,4038.94,2372093,147521.0,136304.0,4100.0,4110.0,4012.0,4092.6,25776450,4501.8,3683.4,4440.0,3288.1,4057.7,6,1,4057.2,37,2,4057.1,5,1,4056.9,23,1,4056.3,121,3,4058.3,56,6,4058.4,147,6,4058.5,49,1,4058.6,128,4,4058.7,259,2
11483,2026-07-02 15:19:48+05:30,4058.3,2,4038.94,2372110,147492.0,136348.0,4100.0,4110.0,4012.0,4092.6,25776450,4501.8,3683.4,4440.0,3288.1,4057.7,8,3,4057.2,37,2,4057.1,5,1,4056.9,23,1,4056.3,108,3,4058.3,179,12,4058.4,92,5,4058.5,49,1,4058.6,104,3,4058.7,235,1
11483,2026-07-02 15:19:48+05:30,4058.3,2,4038.94,2372110,147492.0,136348.0,4100.0,4110.0,4012.0,4092.6,25776450,4501.8,3683.4,4440.0,3288.1,4057.7,8,3,4057.2,37,2,4057.1,5,1,4056.9,23,1,4056.3,108,3,4058.3,179,12,4058.4,92,5,4058.5,49,1,4058.6,104,3,4058.7,235,1
11483,2026-07-02 15:19:48+05:30,4057.7,2,4038.94,2372110,147492.0,136348.0,4100.0,4110.0,4012.0,4092.6,25776450,4501.8,3683.4,4440.0,3288.1,4057.7,8,3,4057.2,37,2,4057.1,5,1,4056.9,23,1,4056.3,108,3,4058.3,179,12,4058.4,92,5,4058.5,49,1,4058.6,104,3,4058.7,235,1
11483,2026-07-02 15:19:48+05:30,4057.7,2,4038.94,2372110,147492.0,136348.0,4100.0,4110.0,4012.0,4092.6,25774700,4501.8,3683.4,4440.0,3288.1,4057.7,8,3,4057.2,37,2,4057.1,5,1,4056.9,23,1,4056.3,108,3,4058.3,179,12,4058.4,92,5,4058.5,49,1,4058.6,104,3,4058.7,235,1
11483,2026-07-02 15:19:49+05:30,4057.7,6,4038.95,2372181,147570.0,136369.0,4100.0,4110.0,4012.0,4092.6,25774700,4501.8,3683.4,4440.0,3288.1,4057.7,5,2,4057.5,25,1,4057.2,34,1,4057.1,5,1,4056.9,34,2,4058.3,132,9,4058.4,68,4,4058.5,73,2,4058.6,52,2,4058.8,24,1
11483,2026-07-02 15:19:49+05:30,4057.7,6,4038.95,2372181,147570.0,136369.0,4100.0,4110.0,4012.0,4092.6,25774700,4501.8,3683.4,4440.0,3288.1,4057.7,5,2,4057.5,25,1,4057.2,34,1,4057.1,5,1,4056.9,34,2,4058.3,132,9,4058.4,68,4,4058.5,73,2,4058.6,52,2,4058.8,24,1
11483,2026-07-02 15:19:49+05:30,4057.7,6,4038.95,2372181,147570.0,136369.0,4100.0,4110.0,4012.0,4092.6,25774700,4501.8,3683.4,4440.0,3288.1,4057.7,5,2,4057.5,25,1,4057.2,34,1,4057.1,5,1,4056.9,34,2,4058.3,132,9,4058.4,68,4,4058.5,73,2,4058.6,52,2,4058.8,24,1
11483,2026-07-02 15:19:49+05:30,4057.7,6,4038.95,2372181,147570.0,136369.0,4100.0,4110.0,4012.0,4092.6,25774700,4501.8,3683.4,4440.0,3288.1,4057.7,5,2,4057.5,25,1,4057.2,34,1,4057.1,5,1,4056.9,34,2,4058.3,132,9,4058.4,68,4,4058.5,73,2,4058.6,52,2,4058.8,24,1
11483,2026-07-02 15:19:50+05:30,4057.7,6,4038.95,2372181,147570.0,136369.0,4100.0,4110.0,4012.0,4092.6,25774700,4501.8,3683.4,4440.0,3288.1,4057.7,5,2,4057.5,25,1,4057.2,34,1,4057.1,5,1,4056.9,34,2,4058.3,132,9,4058.4,68,4,4058.5,73,2,4058.6,52,2,4058.8,24,1
11483,2026-07-02 15:19:50+05:30,4058.4,22,4038.95,2372501,147707.0,136134.0,4100.0,4110.0,4012.0,4092.6,25774700,4501.8,3683.4,4440.0,3288.1,4058.0,36,1,4057.7,1,1,4057.5,25,1,4057.2,34,1,4057.1,5,1,4058.4,14,2,4058.6,3,1,4058.7,2,1,4058.8,24,1,4058.9,72,2
11483,2026-07-02 15:19:50+05:30,4058.4,22,4038.95,2372501,147707.0,136134.0,4100.0,4110.0,4012.0,4092.6,25774700,4501.8,3683.4,4440.0,3288.1,4058.0,36,1,4057.7,1,1,4057.5,25,1,4057.2,34,1,4057.1,5,1,4058.4,14,2,4058.6,3,1,4058.7,2,1,4058.8,24,1,4058.9,72,2
11483,2026-07-02 15:19:50+05:30,4058.4,22,4038.95,2372501,147707.0,136134.0,4100.0,4110.0,4012.0,4092.6,25774700,4501.8,3683.4,4440.0,3288.1,4058.0,36,1,4057.7,1,1,4057.5,25,1,4057.2,34,1,4057.1,5,1,4058.4,14,2,4058.6,3,1,4058.7,2,1,4058.8,24,1,4058.9,72,2
11483,2026-07-02 15:19:51+05:30,4058.4,22,4038.95,2372565,147916.0,136176.0,4100.0,4110.0,4012.0,4092.6,25774700,4501.8,3683.4,4440.0,3288.1,4058.3,322,1,4058.1,22,1,4058.0,105,4,4057.5,25,1,4057.1,5,1,4058.4,12,1,4058.6,3,1,4059.0,18,2,4059.1,22,1,4059.2,49,1
11483,2026-07-02 15:19:51+05:30,4058.4,22,4038.95,2372565,147916.0,136176.0,4100.0,4110.0,4012.0,4092.6,25774700,4501.8,3683.4,4440.0,3288.1,4058.3,322,1,4058.1,22,1,4058.0,105,4,4057.5,25,1,4057.1,5,1,4058.4,12,1,4058.6,3,1,4059.0,18,2,4059.1,22,1,4059.2,49,1
11483,2026-07-02 15:19:52+05:30,4058.3,6,4038.95,2372685,147940.0,136176.0,4100.0,4110.0,4012.0,4092.6,25774700,4501.8,3683.4,4440.0,3288.1,4058.3,218,6,4058.1,22,1,4058.0,104,3,4057.8,175,1,4057.5,28,2,4058.4,19,3,4058.6,3,1,4059.0,2,1,4059.1,40,1,4059.2,49,1
11483,2026-07-02 15:19:52+05:30,4058.3,6,4038.95,2372685,147940.0,136176.0,4100.0,4110.0,4012.0,4092.6,25774700,4501.8,3683.4,4440.0,3288.1,4058.3,218,6,4058.1,22,1,4058.0,104,3,4057.8,175,1,4057.5,28,2,4058.4,19,3,4058.6,3,1,4059.0,2,1,4059.1,40,1,4059.2,49,1
11483,2026-07-02 15:19:53+05:30,4058.4,2,4038.95,2372714,148714.0,135646.0,4100.0,4110.0,4012.0,4092.6,25774700,4501.8,3683.4,4440.0,3288.1,4058.3,256,9,4058.1,22,1,4058.0,104,3,4057.8,175,1,4057.7,48,1,4058.4,9,3,4058.6,3,1,4059.0,500,1,4059.3,82,2,4059.4,110,2
11483,2026-07-02 15:19:53+05:30,4058.4,2,4038.95,2372714,148714.0,135646.0,4100.0,4110.0,4012.0,4092.6,25774700,4501.8,3683.4,4440.0,3288.1,4058.3,256,9,4058.1,22,1,4058.0,104,3,4057.8,175,1,4057.7,48,1,4058.4,9,3,4058.6,3,1,4059.0,500,1,4059.3,82,2,4059.4,110,2
11483,2026-07-02 15:19:54+05:30,4058.4,1,4038.95,2372723,148474.0,135541.0,4100.0,4110.0,4012.0,4092.6,25774700,4501.8,3683.4,4440.0,3288.1,4058.3,250,10,4058.1,22,1,4058.0,115,4,4057.9,12,1,4057.8,175,1,4058.4,10,5,4058.6,3,1,4059.0,505,2,4059.2,2,1,4059.3,119,3
11483,2026-07-02 15:19:54+05:30,4058.4,1,4038.95,2372723,148474.0,135541.0,4100.0,4110.0,4012.0,4092.6,25774700,4501.8,3683.4,4440.0,3288.1,4058.3,250,10,4058.1,22,1,4058.0,115,4,4057.9,12,1,4057.8,175,1,4058.4,10,5,4058.6,3,1,4059.0,505,2,4059.2,2,1,4059.3,119,3
11483,2026-07-02 15:19:55+05:30,4058.3,1,4038.95,2372726,148833.0,135648.0,4100.0,4110.0,4012.0,4092.6,25774700,4501.8,3683.4,4440.0,3288.1,4058.3,270,11,4058.2,175,1,4058.1,22,1,4058.0,115,4,4057.9,12,1,4058.4,22,6,4058.6,3,1,4059.0,505,2,4059.2,2,1,4059.3,82,2
11483,2026-07-02 15:19:55+05:30,4058.4,3,4038.95,2372726,148833.0,135648.0,4100.0,4110.0,4012.0,4092.6,25774700,4501.8,3683.4,4440.0,3288.1,4058.3,270,11,4058.2,175,1,4058.1,22,1,4058.0,115,4,4057.9,12,1,4058.4,22,6,4058.6,3,1,4059.0,505,2,4059.2,2,1,4059.3,82,2
11483,2026-07-02 15:19:56+05:30,4058.4,3,4038.95,2372726,148833.0,135648.0,4100.0,4110.0,4012.0,4092.6,25774700,4501.8,3683.4,4440.0,3288.1,4058.3,114,11,4058.1,22,1,4058.0,115,4,4057.9,36,2,4057.8,175,1,4058.4,6,1,4058.6,3,1,4059.0,528,4,4059.1,2,1,4059.2,2,1
11483,2026-07-02 15:19:56+05:30,4058.4,3,4038.95,2373071,148349.0,135655.0,4100.0,4110.0,4012.0,4092.6,25774700,4501.8,3683.4,4440.0,3288.1,4058.3,114,11,4058.1,22,1,4058.0,115,4,4057.9,36,2,4057.8,175,1,4058.4,6,1,4058.6,3,1,4059.0,528,4,4059.1,2,1,4059.2,2,1
11483,2026-07-02 15:19:57+05:30,4058.4,3,4038.95,2373071,147937.0,135711.0,4100.0,4110.0,4012.0,4092.6,25774700,4501.8,3683.4,4440.0,3288.1,4058.3,86,10,4058.1,85,2,4058.0,115,4,4057.9,36,2,4057.8,175,1,4058.4,49,3,4058.6,3,1,4059.0,528,4,4059.1,2,1,4059.2,2,1
11483,2026-07-02 15:19:58+05:30,4058.4,1,4038.95,2373071,147937.0,135711.0,4100.0,4110.0,4012.0,4092.6,25774700,4501.8,3683.4,4440.0,3288.1,4058.3,97,12,4058.1,85,2,4058.0,115,4,4057.9,36,2,4057.8,175,1,4058.4,86,5,4058.6,3,1,4059.0,528,4,4059.1,2,1,4059.2,2,1
11483,2026-07-02 15:19:58+05:30,4058.4,1,4038.95,2373075,147900.0,135756.0,4100.0,4110.0,4012.0,4092.6,25774700,4501.8,3683.4,4440.0,3288.1,4058.3,97,12,4058.1,85,2,4058.0,115,4,4057.9,36,2,4057.8,175,1,4058.4,86,5,4058.6,3,1,4059.0,528,4,4059.1,2,1,4059.2,2,1
11483,2026-07-02 15:19:59+05:30,4058.1,5,4038.95,2373075,147900.0,135756.0,4100.0,4110.0,4012.0,4092.6,25774700,4501.8,3683.4,4440.0,3288.1,4058.1,5,1,4058.0,115,4,4057.9,36,2,4057.8,175,1,4057.7,3,1,4058.4,68,7,4058.6,3,1,4059.0,528,4,4059.1,94,3,4059.2,2,1
11483,2026-07-02 15:19:59+05:30,4058.1,5,4038.96,2373517,147965.0,135152.0,4100.0,4110.0,4012.0,4092.6,25774700,4501.8,3683.4,4440.0,3288.1,4058.1,5,1,4058.0,115,4,4057.9,36,2,4057.8,175,1,4057.7,3,1,4058.4,68,7,4058.6,3,1,4059.0,528,4,4059.1,94,3,4059.2,2,1
11483,2026-07-02 15:20:00+05:30,4058.1,3,4038.96,2373517,147965.0,135152.0,4100.0,4110.0,4012.0,4092.6,25774700,4501.8,3683.4,4440.0,3288.1,4058.1,109,4,4058.0,39,3,4057.9,63,3,4057.8,175,1,4057.7,3,1,4058.4,29,4,4058.6,3,1,4059.0,548,5,4059.1,2,1,4059.2,26,2
11483,2026-07-02 15:20:00+05:30,4058.1,3,4038.96,2373606,147712.0,134740.0,4100.0,4110.0,4012.0,4092.6,25774700,4501.8,3683.4,4440.0,3288.1,4058.1,109,4,4058.0,39,3,4057.9,63,3,4057.8,175,1,4057.7,3,1,4058.4,29,4,4058.6,3,1,4059.0,548,5,4059.1,2,1,4059.2,26,2
11483,2026-07-02 15:20:01+05:30,4058.4,1,4038.96,2373606,147712.0,134740.0,4100.0,4110.0,4012.0,4092.6,25774700,4501.8,3683.4,4440.0,3288.1,4058.1,111,5,4058.0,236,4,4057.9,63,3,4057.8,175,1,4057.7,3,1,4058.4,25,3,4058.6,3,1,4059.0,548,5,4059.1,68,2,4059.2,2,1
11483,2026-07-02 15:20:01+05:30,4058.4,1,4038.96,2373651,147884.0,134712.0,4100.0,4110.0,4012.0,4092.6,25774700,4501.8,3683.4,4440.0,3288.1,4058.1,111,5,4058.0,236,4,4057.9,63,3,4057.8,175,1,4057.7,3,1,4058.4,25,3,4058.6,3,1,4059.0,548,5,4059.1,68,2,4059.2,2,1
11483,2026-07-02 15:20:02+05:30,4058.4,1,4038.96,2373651,147884.0,134712.0,4100.0,4110.0,4012.0,4092.6,25774700,4501.8,3683.4,4440.0,3288.1,4058.1,111,5,4058.0,236,4,4057.9,63,3,4057.8,175,1,4057.7,3,1,4058.4,25,3,4058.6,3,1,4059.0,548,5,4059.1,68,2,4059.2,2,1
11483,2026-07-02 15:20:02+05:30,4058.4,1,4038.96,2373652,147501.0,134746.0,4100.0,4110.0,4012.0,4092.6,25774700,4501.8,3683.4,4440.0,3288.1,4058.2,46,2,4058.1,111,5,4058.0,236,4,4057.9,214,3,4057.7,3,1,4058.4,30,6,4058.6,3,1,4059.0,549,6,4059.1,68,2,4059.2,2,1
11483,2026-07-02 15:20:03+05:30,4058.4,3,4038.96,2373652,147501.0,134746.0,4100.0,4110.0,4012.0,4092.6,25774700,4501.8,3683.4,4440.0,3288.1,4058.2,46,2,4058.1,111,5,4058.0,236,4,4057.9,214,3,4057.7,3,1,4058.4,30,6,4058.6,3,1,4059.0,549,6,4059.1,68,2,4059.2,2,1
11483,2026-07-02 15:20:03+05:30,4058.4,3,4038.96,2373664,145428.0,134795.0,4100.0,4110.0,4012.0,4092.6,25774700,4501.8,3683.4,4440.0,3288.1,4058.2,55,6,4058.1,109,4,4058.0,236,4,4057.9,214,3,4057.7,3,1,4058.4,76,8,4058.6,3,1,4059.0,549,6,4059.1,68,2,4059.2,2,1
11483,2026-07-02 15:20:04+05:30,4058.4,2,4038.96,2373664,145428.0,134795.0,4100.0,4110.0,4012.0,4092.6,25774700,4501.8,3683.4,4440.0,3288.1,4058.2,55,6,4058.1,109,4,4058.0,236,4,4057.9,214,3,4057.7,3,1,4058.4,76,8,4058.6,3,1,4059.0,549,6,4059.1,68,2,4059.2,2,1
11483,2026-07-02 15:20:04+05:30,4058.6,1,4038.96,2373812,143690.0,134835.0,4100.0,4110.0,4012.0,4092.6,25774700,4501.8,3683.4,4440.0,3288.1,4058.4,5,1,4058.2,51,5,4058.1,109,4,4058.0,236,4,4057.9,214,3,4058.6,2,1,4058.7,5,1,4059.0,549,6,4059.2,2,1,4059.3,33,1
11483,2026-07-02 15:20:05+05:30,4058.4,15,4038.96,2373812,143690.0,134835.0,4100.0,4110.0,4012.0,4092.6,25774700,4501.8,3683.4,4440.0,3288.1,4058.4,5,1,4058.2,51,5,4058.1,109,4,4058.0,236,4,4057.9,214,3,4058.6,2,1,4058.7,5,1,4059.0,549,6,4059.2,2,1,4059.3,33,1
11483,2026-07-02 15:20:05+05:30,4058.4,4,4038.96,2374164,145578.0,134584.0,4100.0,4110.0,4012.0,4092.6,25774700,4501.8,3683.4,4440.0,3288.1,4058.3,250,1,4058.2,107,3,4058.1,109,4,4058.0,39,3,4057.9,214,3,4058.4,8,1,4058.6,4,2,4058.7,5,1,4058.9,235,1,4059.0,549,6
11483,2026-07-02 15:20:06+05:30,4058.2,58,4038.96,2374164,145578.0,134584.0,4100.0,4110.0,4012.0,4092.6,25774700,4501.8,3683.4,4440.0,3288.1,4058.3,250,1,4058.2,107,3,4058.1,109,4,4058.0,39,3,4057.9,214,3,4058.4,8,1,4058.6,4,2,4058.7,5,1,4058.9,235,1,4059.0,549,6
11483,2026-07-02 15:20:06+05:30,4058.2,5,4038.97,2374759,144517.0,134661.0,4100.0,4110.0,4012.0,4092.6,25774700,4501.8,3683.4,4440.0,3288.1,4058.2,23,2,4058.1,109,4,4058.0,214,4,4057.9,39,2,4057.7,17,2,4058.6,2,1,4058.7,5,1,4058.9,80,1,4059.0,564,7,4059.1,72,2
11483,2026-07-02 15:20:07+05:30,4058.6,1,4038.97,2374759,144517.0,134661.0,4100.0,4110.0,4012.0,4092.6,25774700,4501.8,3683.4,4440.0,3288.1,4058.2,23,2,4058.1,109,4,4058.0,214,4,4057.9,39,2,4057.7,17,2,4058.6,2,1,4058.7,5,1,4058.9,80,1,4059.0,564,7,4059.1,72,2
11483,2026-07-02 15:20:07+05:30,4058.6,3,4038.97,2375283,144463.0,134707.0,4100.0,4110.0,4012.0,4092.6,25774700,4501.8,3683.4,4440.0,3288.1,4058.6,7,1,4058.1,81,4,4058.0,39,3,4057.9,39,2,4057.8,175,1,4058.7,5,1,4058.9,104,2,4059.0,566,8,4059.3,84,3,4059.4,211,4
11483,2026-07-02 15:20:08+05:30,4058.1,21,4038.97,2375283,144463.0,134707.0,4100.0,4110.0,4012.0,4092.6,25774700,4501.8,3683.4,4440.0,3288.1,4058.6,7,1,4058.1,81,4,4058.0,39,3,4057.9,39,2,4057.8,175,1,4058.7,5,1,4058.9,104,2,4059.0,566,8,4059.3,84,3,4059.4,211,4
11483,2026-07-02 15:20:08+05:30,4058.7,1,4038.97,2375671,144522.0,134746.0,4100.0,4110.0,4012.0,4092.6,25774700,4501.8,3683.4,4440.0,3288.1,4058.6,73,6,4058.4,22,1,4058.3,23,2,4058.2,14,1,4058.0,14,1,4058.7,5,2,4058.9,80,1,4059.0,566,8,4059.2,96,1,4059.3,2,1
11483,2026-07-02 15:20:09+05:30,4058.9,59,4038.97,2375671,144522.0,134746.0,4100.0,4110.0,4012.0,4092.6,25774700,4501.8,3683.4,4440.0,3288.1,4058.6,73,6,4058.4,22,1,4058.3,23,2,4058.2,14,1,4058.0,14,1,4058.7,5,2,4058.9,80,1,4059.0,566,8,4059.2,96,1,4059.3,2,1
11483,2026-07-02 15:20:09+05:30,4058.9,3,4038.98,2376160,144362.0,134612.0,4100.0,4110.0,4012.0,4092.6,25774700,4501.8,3683.4,4440.0,3288.1,4058.7,1,1,4058.6,64,6,4058.4,22,1,4058.3,23,2,4058.2,14,1,4058.9,18,1,4059.0,564,7,4059.3,4,2,4059.4,258,4,4059.5,122,1
11483,2026-07-02 15:20:10+05:30,4058.9,1,4038.98,2376160,144362.0,134612.0,4100.0,4110.0,4012.0,4092.6,25774700,4501.8,3683.4,4440.0,3288.1,4058.7,1,1,4058.6,64,6,4058.4,22,1,4058.3,23,2,4058.2,14,1,4058.9,18,1,4059.0,564,7,4059.3,4,2,4059.4,258,4,4059.5,122,1
11483,2026-07-02 15:20:10+05:30,4058.9,1,4038.98,2376462,144050.0,134486.0,4100.0,4110.0,4012.0,4092.6,25774700,4501.8,3683.4,4440.0,3288.1,4058.7,2,1,4058.6,60,2,4058.4,49,2,4058.3,23,2,4058.2,14,1,4058.8,1,1,4058.9,45,3,4059.0,564,7,4059.2,96,1,4059.3,42,3
11483,2026-07-02 15:20:11+05:30,4057.8,28,4038.98,2376462,144050.0,134486.0,4100.0,4110.0,4012.0,4092.6,25774700,4501.8,3683.4,4440.0,3288.1,4058.7,2,1,4058.6,60,2,4058.4,49,2,4058.3,23,2,4058.2,14,1,4058.8,1,1,4058.9,45,3,4059.0,564,7,4059.2,96,1,4059.3,42,3
11483,2026-07-02 15:20:11+05:30,4057.8,28,4038.98,2376860,143404.0,134676.0,4100.0,4110.0,4012.0,4092.6,25774700,4501.8,3683.4,4440.0,3288.1,4057.8,147,1,4057.7,3,1,4057.1,10,1,4057.0,10,2,4056.9,23,1,4058.8,31,3,4058.9,44,3,4059.0,662,8,4059.1,12,1,4059.2,55,2
11483,2026-07-02 15:20:12+05:30,4057.8,1,4038.98,2376860,143404.0,134676.0,4100.0,4110.0,4012.0,4092.6,25774700,4501.8,3683.4,4440.0,3288.1,4057.8,147,1,4057.7,3,1,4057.1,10,1,4057.0,10,2,4056.9,23,1,4058.8,31,3,4058.9,44,3,4059.0,662,8,4059.1,12,1,4059.2,55,2
11483,2026-07-02 15:20:12+05:30,4057.8,1,4038.98,2376861,144132.0,134783.0,4100.0,4110.0,4012.0,4092.6,25774700,4501.8,3683.4,4440.0,3288.1,4057.8,155,2,4057.7,3,1,4057.1,10,1,4057.0,10,2,4056.9,34,2,4058.0,30,1,4058.8,92,6,4058.9,44,3,4059.0,662,8,4059.1,50,2
11483,2026-07-02 15:20:13+05:30,4057.8,25,4038.98,2376861,144132.0,134783.0,4100.0,4110.0,4012.0,4092.6,25774700,4501.8,3683.4,4440.0,3288.1,4057.8,155,2,4057.7,3,1,4057.1,10,1,4057.0,10,2,4056.9,34,2,4058.0,30,1,4058.8,92,6,4058.9,44,3,4059.0,662,8,4059.1,50,2
11483,2026-07-02 15:20:13+05:30,4056.5,43,4038.99,2377332,144145.0,134768.0,4100.0,4110.0,4012.0,4092.6,25774700,4501.8,3683.4,4440.0,3288.1,4056.6,41,1,4056.5,152,2,4056.3,49,1,4056.2,10,1,4056.1,10,1,4058.0,24,2,4058.3,51,2,4058.4,66,3,4058.5,49,1,4058.6,98,2
11483,2026-07-02 15:20:14+05:30,4058.0,2,4038.99,2377332,144145.0,134768.0,4100.0,4110.0,4012.0,4092.6,25774700,4501.8,3683.4,4440.0,3288.1,4056.6,41,1,4056.5,152,2,4056.3,49,1,4056.2,10,1,4056.1,10,1,4058.0,24,2,4058.3,51,2,4058.4,66,3,4058.5,49,1,4058.6,98,2
11483,2026-07-02 15:20:14+05:30,4058.0,2,4038.99,2377334,144397.0,134816.0,4100.0,4110.0,4012.0,4092.6,25774700,4501.8,3683.4,4440.0,3288.1,4057.8,8,1,4056.7,58,2,4056.6,80,4,4056.5,152,2,4056.3,51,2,4058.0,37,6,4058.3,2,1,4058.4,38,1,4058.5,73,2,4058.6,49,1
11483,2026-07-02 15:20:15+05:30,4058.0,57,4038.99,2377334,144397.0,134816.0,4100.0,4110.0,4012.0,4092.6,25774700,4501.8,3683.4,4440.0,3288.1,4057.8,8,1,4056.7,58,2,4056.6,80,4,4056.5,152,2,4056.3,51,2,4058.0,37,6,4058.3,2,1,4058.4,38,1,4058.5,73,2,4058.6,49,1
11483,2026-07-02 15:20:15+05:30,4058.0,1,4038.99,2377534,144641.0,134747.0,4100.0,4110.0,4012.0,4092.6,25774700,4501.8,3683.4,4440.0,3288.1,4057.8,1,1,4056.7,28,2,4056.6,51,4,4056.5,152,2,4056.4,59,1,4058.0,29,2,4058.3,2,1,4058.6,24,1,4058.7,137,3,4058.8,60,3
11483,2026-07-02 15:20:16+05:30,4058.0,9,4038.99,2377534,144641.0,134747.0,4100.0,4110.0,4012.0,4092.6,25774700,4501.8,3683.4,4440.0,3288.1,4057.8,1,1,4056.7,28,2,4056.6,51,4,4056.5,152,2,4056.4,59,1,4058.0,29,2,4058.3,2,1,4058.6,24,1,4058.7,137,3,4058.8,60,3
11483,2026-07-02 15:20:16+05:30,4058.0,9,4038.99,2377544,144497.0,134705.0,4100.0,4110.0,4012.0,4092.6,25774700,4501.8,3683.4,4440.0,3288.1,4057.8,8,1,4056.7,38,3,4056.6,48,3,4056.5,20,1,4056.3,88,2,4057.9,43,1,4058.0,22,3,4058.3,2,1,4058.6,24,1,4058.7,163,5
11483,2026-07-02 15:20:17+05:30,4056.7,7,4038.99,2377544,144497.0,134705.0,4100.0,4110.0,4012.0,4092.6,25774700,4501.8,3683.4,4440.0,3288.1,4057.8,8,1,4056.7,38,3,4056.6,48,3,4056.5,20,1,4056.3,88,2,4057.9,43,1,4058.0,22,3,4058.3,2,1,4058.6,24,1,4058.7,163,5
11483,2026-07-02 15:20:17+05:30,4056.6,2,4038.99,2377634,144454.0,134737.0,4100.0,4110.0,4012.0,4092.6,25774700,4501.8,3683.4,4440.0,3288.1,4056.6,46,3,4056.5,20,1,4056.3,89,3,4056.2,10,1,4056.1,10,1,4057.9,39,4,4058.0,30,2,4058.3,73,3,4058.5,30,2,4058.6,145,4
11483,2026-07-02 15:20:18+05:30,4056.7,9,4038.99,2377634,144454.0,134737.0,4100.0,4110.0,4012.0,4092.6,25774700,4501.8,3683.4,4440.0,3288.1,4056.6,46,3,4056.5,20,1,4056.3,89,3,4056.2,10,1,4056.1,10,1,4057.9,39,4,4058.0,30,2,4058.3,73,3,4058.5,30,2,4058.6,145,4
11483,2026-07-02 15:20:18+05:30,4056.7,6,4038.99,2377682,144623.0,134619.0,4100.0,4110.0,4012.0,4092.6,25774700,4501.8,3683.4,4440.0,3288.1,4056.7,22,3,4056.6,13,4,4056.5,195,2,4056.3,89,3,4056.2,10,1,4057.9,18,5,4058.0,18,1,4058.3,73,3,4058.4,11,1,4058.5,3,2
11483,2026-07-02 15:20:19+05:30,4056.6,4,4038.99,2377682,144623.0,134619.0,4100.0,4110.0,4012.0,4092.6,25774700,4501.8,3683.4,4440.0,3288.1,4056.7,22,3,4056.6,13,4,4056.5,195,2,4056.3,89,3,4056.2,10,1,4057.9,18,5,4058.0,18,1,4058.3,73,3,4058.4,11,1,4058.5,3,2
11483,2026-07-02 15:20:19+05:30,4057.9,1,4038.99,2377718,145029.0,134753.0,4100.0,4110.0,4012.0,4092.6,25774700,4501.8,3683.4,4440.0,3288.1,4057.0,350,1,4056.7,1,1,4056.6,9,4,4056.5,195,2,4056.3,49,1,4057.9,17,5,4058.0,52,3,4058.3,2,1,4058.4,44,1,4058.5,46,3
11483,2026-07-02 15:20:20+05:30,4057.0,5,4038.99,2377718,145029.0,134753.0,4100.0,4110.0,4012.0,4092.6,25774700,4501.8,3683.4,4440.0,3288.1,4057.0,350,1,4056.7,1,1,4056.6,9,4,4056.5,195,2,4056.3,49,1,4057.9,17,5,4058.0,52,3,4058.3,2,1,4058.4,44,1,4058.5,46,3
11483,2026-07-02 15:20:21+05:30,4057.9,1,4038.99,2378122,145008.0,134841.0,4100.0,4110.0,4012.0,4092.6,25774700,4501.8,3683.4,4440.0,3288.1,4057.0,342,3,4056.7,3,2,4056.6,8,3,4056.5,195,2,4056.3,49,1,4057.9,45,1,4058.0,27,1,4058.4,33,2,4058.5,81,3,4058.6,24,1
11483,2026-07-02 15:20:21+05:30,4057.9,1,4038.99,2378122,145008.0,134841.0,4100.0,4110.0,4012.0,4092.6,25774700,4501.8,3683.4,4440.0,3288.1,4057.0,342,3,4056.7,3,2,4056.6,8,3,4056.5,195,2,4056.3,49,1,4057.9,45,1,4058.0,27,1,4058.4,33,2,4058.5,81,3,4058.6,24,1
11483,2026-07-02 15:20:21+05:30,4057.1,5,4038.99,2378127,144875.0,134815.0,4100.0,4110.0,4012.0,4092.6,25774700,4501.8,3683.4,4440.0,3288.1,4057.4,1,1,4057.1,24,2,4057.0,359,4,4056.7,3,2,4056.6,8,3,4057.9,45,1,4058.0,40,2,4058.4,33,2,4058.5,42,2,4058.6,24,1
11483,2026-07-02 15:20:22+05:30,4057.1,13,4038.99,2378127,144875.0,134815.0,4100.0,4110.0,4012.0,4092.6,25774700,4501.8,3683.4,4440.0,3288.1,4057.4,1,1,4057.1,24,2,4057.0,359,4,4056.7,3,2,4056.6,8,3,4057.9,45,1,4058.0,40,2,4058.4,33,2,4058.5,42,2,4058.6,24,1
11483,2026-07-02 15:20:23+05:30,4057.1,13,4038.99,2378252,144856.0,134849.0,4100.0,4110.0,4012.0,4092.6,25774700,4501.8,3683.4,4440.0,3288.1,4057.6,1,1,4057.4,1,1,4057.1,16,2,4057.0,359,4,4056.7,3,2,4057.9,47,2,4058.0,40,2,4058.5,42,2,4058.6,24,1,4058.7,147,2
11483,2026-07-02 15:20:23+05:30,4057.9,1,4038.99,2378252,144856.0,134849.0,4100.0,4110.0,4012.0,4092.6,25774700,4501.8,3683.4,4440.0,3288.1,4057.6,1,1,4057.4,1,1,4057.1,16,2,4057.0,359,4,4056.7,3,2,4057.9,47,2,4058.0,40,2,4058.5,42,2,4058.6,24,1,4058.7,147,2
11483,2026-07-02 15:20:24+05:30,4057.1,4,4039.0,2378859,145083.0,134571.0,4100.0,4110.0,4012.0,4092.6,25774700,4501.8,3683.4,4440.0,3288.1,4057.1,25,2,4057.0,408,4,4056.7,3,2,4056.6,8,3,4056.5,195,2,4058.0,30,1,4058.4,24,1,4058.5,1,1,4058.6,49,1,4058.7,122,3
11483,2026-07-02 15:20:24+05:30,4057.9,21,4039.0,2378859,145083.0,134571.0,4100.0,4110.0,4012.0,4092.6,25774700,4501.8,3683.4,4440.0,3288.1,4057.1,25,2,4057.0,408,4,4056.7,3,2,4056.6,8,3,4056.5,195,2,4058.0,30,1,4058.4,24,1,4058.5,1,1,4058.6,49,1,4058.7,122,3
11483,2026-07-02 15:20:25+05:30,4057.6,5,4039.0,2378921,144940.0,134467.0,4100.0,4110.0,4012.0,4092.6,25774700,4501.8,3683.4,4440.0,3288.1,4057.6,4,1,4057.1,28,3,4057.0,408,4,4056.7,8,3,4056.6,3,2,4057.9,9,3,4058.0,30,1,4058.5,1,1,4058.7,66,2,4058.8,49,1
11483,2026-07-02 15:20:25+05:30,4057.1,5,4039.0,2378921,144940.0,134467.0,4100.0,4110.0,4012.0,4092.6,25774700,4501.8,3683.4,4440.0,3288.1,4057.6,4,1,4057.1,28,3,4057.0,408,4,4056.7,8,3,4056.6,3,2,4057.9,9,3,4058.0,30,1,4058.5,1,1,4058.7,66,2,4058.8,49,1
11483,2026-07-02 15:20:26+05:30,4057.1,15,4039.0,2379079,145107.0,134505.0,4100.0,4110.0,4012.0,4092.6,25774700,4501.8,3683.4,4440.0,3288.1,4057.1,5,2,4057.0,408,4,4056.7,8,3,4056.6,3,2,4056.5,20,1,4057.9,5,3,4058.0,42,2,4058.5,1,1,4058.6,88,2,4058.7,66,2
11483,2026-07-02 15:20:26+05:30,4057.0,4,4039.0,2379079,145107.0,134505.0,4100.0,4110.0,4012.0,4092.6,25774700,4501.8,3683.4,4440.0,3288.1,4057.1,5,2,4057.0,408,4,4056.7,8,3,4056.6,3,2,4056.5,20,1,4057.9,5,3,4058.0,42,2,4058.5,1,1,4058.6,88,2,4058.7,66,2
11483,2026-07-02 15:20:27+05:30,4058.0,1,4039.0,2379616,145018.0,134730.0,4100.0,4110.0,4012.0,4092.6,25774700,4501.8,3683.4,4440.0,3288.1,4057.1,5,1,4057.0,404,4,4056.7,8,3,4056.6,3,2,4056.5,20,1,4057.9,1,1,4058.0,129,2,4058.3,2,1,4058.5,19,2,4058.6,195,5
11483,2026-07-02 15:20:27+05:30,4057.9,2,4039.0,2379616,145018.0,134730.0,4100.0,4110.0,4012.0,4092.6,25774700,4501.8,3683.4,4440.0,3288.1,4057.1,5,1,4057.0,404,4,4056.7,8,3,4056.6,3,2,4056.5,20,1,4057.9,1,1,4058.0,129,2,4058.3,2,1,4058.5,19,2,4058.6,195,5
11483,2026-07-02 15:20:28+05:30,4057.8,6,4039.01,2379656,145116.0,134732.0,4100.0,4110.0,4012.0,4092.6,25774700,4501.8,3683.4,4440.0,3288.1,4057.0,382,4,4056.7,8,3,4056.6,2,1,4056.5,175,1,4056.3,49,1,4057.8,40,1,4057.9,38,4,4058.0,129,2,4058.3,38,2,4058.5,56,3
11483,2026-07-02 15:20:28+05:30,4057.8,6,4039.01,2379656,145116.0,134732.0,4100.0,4110.0,4012.0,4092.6,25774700,4501.8,3683.4,4440.0,3288.1,4057.0,382,4,4056.7,8,3,4056.6,2,1,4056.5,175,1,4056.3,49,1,4057.8,40,1,4057.9,38,4,4058.0,129,2,4058.3,38,2,4058.5,56,3
11483,2026-07-02 15:20:29+05:30,4057.8,8,4039.01,2379664,145114.0,134720.0,4100.0,4110.0,4012.0,4092.6,25774700,4501.8,3683.4,4440.0,3288.1,4057.0,382,4,4056.7,8,3,4056.6,2,1,4056.5,175,1,4056.3,49,1,4057.8,38,4,4057.9,38,4,4058.0,149,3,4058.3,38,2,4058.5,58,4
11483,2026-07-02 15:20:29+05:30,4057.0,104,4039.01,2379664,145114.0,134720.0,4100.0,4110.0,4012.0,4092.6,25774700,4501.8,3683.4,4440.0,3288.1,4057.0,382,4,4056.7,8,3,4056.6,2,1,4056.5,175,1,4056.3,49,1,4057.8,38,4,4057.9,38,4,4058.0,149,3,4058.3,38,2,4058.5,58,4
11483,2026-07-02 15:20:30+05:30,4057.8,10,4039.01,2379780,145025.0,134712.0,4100.0,4110.0,4012.0,4092.6,25774700,4501.8,3683.4,4440.0,3288.1,4057.0,297,5,4056.7,5,1,4056.6,2,1,4056.5,175,1,4056.2,61,2,4057.8,28,5,4057.9,38,4,4058.0,149,3,4058.3,273,3,4058.5,82,5
11483,2026-07-02 15:20:30+05:30,4057.8,10,4039.01,2379780,145025.0,134712.0,4100.0,4110.0,4012.0,4092.6,25774700,4501.8,3683.4,4440.0,3288.1,4057.0,297,5,4056.7,5,1,4056.6,2,1,4056.5,175,1,4056.2,61,2,4057.8,28,5,4057.9,38,4,4058.0,149,3,4058.3,273,3,4058.5,82,5
11483,2026-07-02 15:20:31+05:30,4057.8,6,4039.01,2379825,144913.0,134746.0,4100.0,4110.0,4012.0,4092.6,25774700,4501.8,3683.4,4440.0,3288.1,4057.3,205,1,4057.0,133,7,4056.7,5,1,4056.6,2,1,4056.2,10,1,4057.8,58,2,4057.9,31,3,4058.0,149,3,4058.3,38,2,4058.4,73,2
11483,2026-07-02 15:20:31+05:30,4057.8,6,4039.01,2379825,144913.0,134746.0,4100.0,4110.0,4012.0,4092.6,25774700,4501.8,3683.4,4440.0,3288.1,4057.3,205,1,4057.0,133,7,4056.7,5,1,4056.6,2,1,4056.2,10,1,4057.8,58,2,4057.9,31,3,4058.0,149,3,4058.3,38,2,4058.4,73,2
11483,2026-07-02 15:20:32+05:30,4057.3,3,4039.01,2379831,144933.0,134799.0,4100.0,4110.0,4012.0,4092.6,25774700,4501.8,3683.4,4440.0,3288.1,4057.3,206,3,4057.0,136,7,4056.7,5,1,4056.6,14,2,4056.2,10,1,4057.8,58,4,4057.9,31,3,4058.0,149,3,4058.3,2,1,4058.4,75,3
11483,2026-07-02 15:20:32+05:30,4057.7,2,4039.01,2379831,144933.0,134799.0,4100.0,4110.0,4012.0,4092.6,25774700,4501.8,3683.4,4440.0,3288.1,4057.3,206,3,4057.0,136,7,4056.7,5,1,4056.6,14,2,4056.2,10,1,4057.8,58,4,4057.9,31,3,4058.0,149,3,4058.3,2,1,4058.4,75,3
11483,2026-07-02 15:20:33+05:30,4057.8,2,4039.01,2379864,144851.0,135296.0,4100.0,4110.0,4012.0,4092.6,25774700,4501.8,3683.4,4440.0,3288.1,4057.3,217,6,4057.0,130,6,4056.8,10,1,4056.7,5,1,4056.6,14,2,4057.8,56,4,4057.9,31,3,4058.0,182,5,4058.3,2,1,4058.4,51,2
11483,2026-07-02 15:20:33+05:30,4057.8,2,4039.01,2379864,144851.0,135296.0,4100.0,4110.0,4012.0,4092.6,25774700,4501.8,3683.4,4440.0,3288.1,4057.3,217,6,4057.0,130,6,4056.8,10,1,4056.7,5,1,4056.6,14,2,4057.8,56,4,4057.9,31,3,4058.0,182,5,4058.3,2,1,4058.4,51,2
11483,2026-07-02 15:20:34+05:30,4057.8,28,4039.01,2380022,145245.0,134749.0,4100.0,4110.0,4012.0,4092.6,25774700,4501.8,3683.4,4440.0,3288.1,4057.8,379,1,4057.3,212,6,4057.0,130,6,4056.7,5,1,4056.6,14,2,4057.9,3,2,4058.0,298,6,4058.3,2,1,4058.4,2,1,4058.5,52,3
11483,2026-07-02 15:20:34+05:30,4057.9,1,4039.01,2380022,145245.0,134749.0,4100.0,4110.0,4012.0,4092.6,25774700,4501.8,3683.4,4440.0,3288.1,4057.8,379,1,4057.3,212,6,4057.0,130,6,4056.7,5,1,4056.6,14,2,4057.9,3,2,4058.0,298,6,4058.3,2,1,4058.4,2,1,4058.5,52,3
11483,2026-07-02 15:20:35+05:30,4057.9,1,4039.01,2380070,145176.0,134690.0,4100.0,4110.0,4012.0,4092.6,25774700,4501.8,3683.4,4440.0,3288.1,4057.9,42,6,4057.8,382,2,4057.3,199,3,4057.0,67,2,4056.7,5,1,4058.0,289,6,4058.3,2,1,4058.4,2,1,4058.5,50,2,4058.6,63,3
11483,2026-07-02 15:20:36+05:30,4058.0,2,4039.01,2380082,145193.0,134694.0,4100.0,4110.0,4012.0,4092.6,25774700,4501.8,3683.4,4440.0,3288.1,4057.9,42,8,4057.8,398,2,4057.3,198,2,4057.0,67,2,4056.7,5,1,4058.0,287,6,4058.3,2,1,4058.5,50,2,4058.6,63,3,4058.7,147,2
11483,2026-07-02 15:20:36+05:30,4058.0,75,4039.01,2380082,145193.0,134694.0,4100.0,4110.0,4012.0,4092.6,25774700,4501.8,3683.4,4440.0,3288.1,4057.9,42,8,4057.8,398,2,4057.3,198,2,4057.0,67,2,4056.7,5,1,4058.0,287,6,4058.3,2,1,4058.5,50,2,4058.6,63,3,4058.7,147,2
11483,2026-07-02 15:20:37+05:30,4057.9,5,4039.01,2380304,145209.0,134598.0,4100.0,4110.0,4012.0,4092.6,25774700,4501.8,3683.4,4440.0,3288.1,4057.9,37,8,4057.8,398,2,4057.5,38,2,4057.3,198,2,4057.0,70,3,4058.0,145,7,4058.5,1,1,4058.6,14,2,4058.7,98,1,4058.9,30,4
11483,2026-07-02 15:20:37+05:30,4058.0,5,4039.01,2380304,145209.0,134598.0,4100.0,4110.0,4012.0,4092.6,25774700,4501.8,3683.4,4440.0,3288.1,4057.9,37,8,4057.8,398,2,4057.5,38,2,4057.3,198,2,4057.0,70,3,4058.0,145,7,4058.5,1,1,4058.6,14,2,4058.7,98,1,4058.9,30,4
11483,2026-07-02 15:20:38+05:30,4058.0,53,4039.01,2380759,145873.0,134363.0,4100.0,4110.0,4012.0,4092.6,25774700,4501.8,3683.4,4440.0,3288.1,4057.9,1038,10,4057.8,19,1,4057.5,38,2,4057.3,198,2,4057.0,70,3,4058.0,30,1,4058.5,1,1,4058.8,2,1,4058.9,75,5,4059.0,729,9
11483,2026-07-02 15:20:38+05:30,4058.0,1,4039.01,2380759,145873.0,134363.0,4100.0,4110.0,4012.0,4092.6,25774700,4501.8,3683.4,4440.0,3288.1,4057.9,1038,10,4057.8,19,1,4057.5,38,2,4057.3,198,2,4057.0,70,3,4058.0,30,1,4058.5,1,1,4058.8,2,1,4058.9,75,5,4059.0,729,9
11483,2026-07-02 15:20:39+05:30,4058.0,3,4039.02,2381017,145323.0,134378.0,4100.0,4110.0,4012.0,4092.6,25774700,4501.8,3683.4,4440.0,3288.1,4057.9,1021,5,4057.8,19,1,4057.5,38,2,4057.3,198,2,4057.0,70,3,4058.0,27,1,4058.5,1,1,4058.8,58,2,4058.9,70,4,4059.0,631,8
11483,2026-07-02 15:20:39+05:30,4058.0,132,4039.02,2381017,145323.0,134378.0,4100.0,4110.0,4012.0,4092.6,25774700,4501.8,3683.4,4440.0,3288.1,4057.9,1021,5,4057.8,19,1,4057.5,38,2,4057.3,198,2,4057.0,70,3,4058.0,27,1,4058.5,1,1,4058.8,58,2,4058.9,70,4,4059.0,631,8
11483,2026-07-02 15:20:40+05:30,4057.9,4,4039.02,2381186,145931.0,134088.0,4100.0,4110.0,4012.0,4092.6,25774700,4501.8,3683.4,4440.0,3288.1,4057.9,1091,4,4057.8,19,1,4057.5,38,2,4057.3,198,2,4057.0,70,3,4058.0,30,1,4058.5,1,1,4058.8,2,1,4058.9,25,3,4059.0,729,9
11483,2026-07-02 15:20:40+05:30,4058.0,2,4039.02,2381186,145931.0,134088.0,4100.0,4110.0,4012.0,4092.6,25774700,4501.8,3683.4,4440.0,3288.1,4057.9,1091,4,4057.8,19,1,4057.5,38,2,4057.3,198,2,4057.0,70,3,4058.0,30,1,4058.5,1,1,4058.8,2,1,4058.9,25,3,4059.0,729,9
11483,2026-07-02 15:20:41+05:30,4058.0,1,4039.02,2381199,146048.0,134347.0,4100.0,4110.0,4012.0,4092.6,25774700,4501.8,3683.4,4440.0,3288.1,4057.9,1086,6,4057.8,19,1,4057.5,38,2,4057.3,198,2,4057.0,70,3,4058.0,42,3,4058.5,1,1,4058.9,64,4,4059.0,633,9,4059.2,305,3
11483,2026-07-02 15:20:41+05:30,4057.9,1,4039.02,2381199,146048.0,134347.0,4100.0,4110.0,4012.0,4092.6,25774700,4501.8,3683.4,4440.0,3288.1,4057.9,1086,6,4057.8,19,1,4057.5,38,2,4057.3,198,2,4057.0,70,3,4058.0,42,3,4058.5,1,1,4058.9,64,4,4059.0,633,9,4059.2,305,3
11483,2026-07-02 15:20:42+05:30,4058.0,2,4039.02,2381333,145850.0,134277.0,4100.0,4110.0,4012.0,4092.6,25774700,4501.8,3683.4,4440.0,3288.1,4057.9,1058,6,4057.8,19,1,4057.5,38,2,4057.3,198,2,4057.0,70,3,4058.0,40,2,4058.5,1,1,4058.9,90,5,4059.0,731,9,4059.2,305,3
11483,2026-07-02 15:20:42+05:30,4058.0,1,4039.02,2381333,145850.0,134277.0,4100.0,4110.0,4012.0,4092.6,25774700,4501.8,3683.4,4440.0,3288.1,4057.9,1058,6,4057.8,19,1,4057.5,38,2,4057.3,198,2,4057.0,70,3,4058.0,40,2,4058.5,1,1,4058.9,90,5,4059.0,731,9,4059.2,305,3
11483,2026-07-02 15:20:43+05:30,4058.0,1,4039.02,2381341,145803.0,133958.0,4100.0,4110.0,4012.0,4092.6,25774700,4501.8,3683.4,4440.0,3288.1,4057.9,1070,9,4057.8,19,1,4057.5,38,2,4057.4,11,1,4057.3,198,2,4058.0,33,3,4058.5,1,1,4058.9,27,4,4059.0,731,9,4059.2,305,3
11483,2026-07-02 15:20:43+05:30,4057.9,108,4039.02,2381341,145803.0,133958.0,4100.0,4110.0,4012.0,4092.6,25774700,4501.8,3683.4,4440.0,3288.1,4057.9,1070,9,4057.8,19,1,4057.5,38,2,4057.4,11,1,4057.3,198,2,4058.0,33,3,4058.5,1,1,4058.9,27,4,4059.0,731,9,4059.2,305,3
11483,2026-07-02 15:20:44+05:30,4057.9,108,4039.02,2381341,145803.0,133958.0,4100.0,4110.0,4012.0,4092.6,25774700,4501.8,3683.4,4440.0,3288.1,4057.9,1070,9,4057.8,19,1,4057.5,38,2,4057.4,11,1,4057.3,198,2,4058.0,33,3,4058.5,1,1,4058.9,27,4,4059.0,731,9,4059.2,305,3
11483,2026-07-02 15:20:44+05:30,4058.0,1,4039.02,2381460,145738.0,133986.0,4100.0,4110.0,4012.0,4092.6,25774700,4501.8,3683.4,4440.0,3288.1,4057.9,959,10,4057.8,29,2,4057.5,38,2,4057.3,198,2,4057.0,70,3,4058.0,72,5,4058.5,1,1,4058.9,87,5,4059.0,731,9,4059.2,305,3
11483,2026-07-02 15:20:44+05:30,4058.0,1,4039.02,2381460,145738.0,133986.0,4100.0,4110.0,4012.0,4092.6,25774700,4501.8,3683.4,4440.0,3288.1,4057.9,959,10,4057.8,29,2,4057.5,38,2,4057.3,198,2,4057.0,70,3,4058.0,72,5,4058.5,1,1,4058.9,87,5,4059.0,731,9,4059.2,305,3
11483,2026-07-02 15:20:44+05:30,4058.0,1,4039.02,2381460,145738.0,133986.0,4100.0,4110.0,4012.0,4092.6,25774700,4501.8,3683.4,4440.0,3288.1,4057.9,959,10,4057.8,29,2,4057.5,38,2,4057.3,198,2,4057.0,70,3,4058.0,72,5,4058.5,1,1,4058.9,87,5,4059.0,731,9,4059.2,305,3
11483,2026-07-02 15:20:45+05:30,4058.0,1,4039.02,2381461,145761.0,133932.0,4100.0,4110.0,4012.0,4092.6,25774700,4501.8,3683.4,4440.0,3288.1,4057.9,975,10,4057.8,29,2,4057.5,38,2,4057.3,198,2,4057.0,70,3,4058.0,89,7,4058.4,38,1,4058.5,1,1,4058.9,27,4,4059.0,693,8
11483,2026-07-02 15:20:45+05:30,4058.0,1,4039.02,2381461,145761.0,133932.0,4100.0,4110.0,4012.0,4092.6,25774700,4501.8,3683.4,4440.0,3288.1,4057.9,975,10,4057.8,29,2,4057.5,38,2,4057.3,198,2,4057.0,70,3,4058.0,89,7,4058.4,38,1,4058.5,1,1,4058.9,27,4,4059.0,693,8
11483,2026-07-02 15:20:45+05:30,4057.9,1,4039.02,2381461,145761.0,133932.0,4100.0,4110.0,4012.0,4092.6,25774700,4501.8,3683.4,4440.0,3288.1,4057.9,975,10,4057.8,29,2,4057.5,38,2,4057.3,198,2,4057.0,70,3,4058.0,89,7,4058.4,38,1,4058.5,1,1,4058.9,27,4,4059.0,693,8
11483,2026-07-02 15:20:45+05:30,4057.9,1,4039.02,2381461,145761.0,133932.0,4100.0,4110.0,4012.0,4092.6,25774700,4501.8,3683.4,4440.0,3288.1,4057.9,975,10,4057.8,29,2,4057.5,38,2,4057.3,198,2,4057.0,70,3,4058.0,89,7,4058.4,38,1,4058.5,1,1,4058.9,27,4,4059.0,693,8
11483,2026-07-02 15:20:46+05:30,4058.0,121,4039.02,2382037,146248.0,133876.0,4100.0,4110.0,4012.0,4092.6,25774700,4501.8,3683.4,4440.0,3288.1,4057.9,1304,13,4057.8,354,3,4057.6,42,1,4057.5,38,2,4057.4,42,1,4058.0,30,1,4058.5,1,1,4058.8,47,2,4058.9,30,4,4059.0,549,7
11483,2026-07-02 15:20:46+05:30,4058.0,121,4039.02,2382037,146248.0,133876.0,4100.0,4110.0,4012.0,4092.6,25774700,4501.8,3683.4,4440.0,3288.1,4057.9,1304,13,4057.8,354,3,4057.6,42,1,4057.5,38,2,4057.4,42,1,4058.0,30,1,4058.5,1,1,4058.8,47,2,4058.9,30,4,4059.0,549,7
11483,2026-07-02 15:20:46+05:30,4058.0,121,4039.02,2382037,146248.0,133876.0,4100.0,4110.0,4012.0,4092.6,25774700,4501.8,3683.4,4440.0,3288.1,4057.9,1304,13,4057.8,354,3,4057.6,42,1,4057.5,38,2,4057.4,42,1,4058.0,30,1,4058.5,1,1,4058.8,47,2,4058.9,30,4,4059.0,549,7
11483,2026-07-02 15:20:47+05:30,4058.0,121,4039.02,2382037,146248.0,133876.0,4100.0,4110.0,4012.0,4092.6,25774700,4501.8,3683.4,4440.0,3288.1,4057.9,1304,13,4057.8,354,3,4057.6,42,1,4057.5,38,2,4057.4,42,1,4058.0,30,1,4058.5,1,1,4058.8,47,2,4058.9,30,4,4059.0,549,7
11483,2026-07-02 15:20:47+05:30,4058.0,33,4039.03,2382780,146105.0,133919.0,4100.0,4110.0,4012.0,4092.6,25774700,4501.8,3683.4,4440.0,3288.1,4057.9,1136,13,4057.8,354,3,4057.6,42,1,4057.5,50,3,4057.4,42,1,4058.0,32,2,4058.5,1,1,4058.8,237,2,4058.9,30,4,4059.0,647,8
11483,2026-07-02 15:20:47+05:30,4058.0,33,4039.03,2382780,146105.0,133919.0,4100.0,4110.0,4012.0,4092.6,25774700,4501.8,3683.4,4440.0,3288.1,4057.9,1136,13,4057.8,354,3,4057.6,42,1,4057.5,50,3,4057.4,42,1,4058.0,32,2,4058.5,1,1,4058.8,237,2,4058.9,30,4,4059.0,647,8
11483,2026-07-02 15:20:47+05:30,4058.0,33,4039.03,2382780,146105.0,133919.0,4100.0,4110.0,4012.0,4092.6,25774700,4501.8,3683.4,4440.0,3288.1,4057.9,1136,13,4057.8,354,3,4057.6,42,1,4057.5,50,3,4057.4,42,1,4058.0,32,2,4058.5,1,1,4058.8,237,2,4058.9,30,4,4059.0,647,8
11483,2026-07-02 15:20:48+05:30,4058.0,33,4039.03,2382780,146105.0,133919.0,4100.0,4110.0,4012.0,4092.6,25774700,4501.8,3683.4,4440.0,3288.1,4057.9,1136,13,4057.8,354,3,4057.6,42,1,4057.5,50,3,4057.4,42,1,4058.0,32,2,4058.5,1,1,4058.8,237,2,4058.9,30,4,4059.0,647,8
11483,2026-07-02 15:20:48+05:30,4058.0,235,4039.03,2382780,146105.0,133919.0,4100.0,4110.0,4012.0,4092.6,25774700,4501.8,3683.4,4440.0,3288.1,4057.9,1136,13,4057.8,354,3,4057.6,42,1,4057.5,50,3,4057.4,42,1,4058.0,32,2,4058.5,1,1,4058.8,237,2,4058.9,30,4,4059.0,647,8
11483,2026-07-02 15:20:48+05:30,4058.0,235,4039.03,2383342,146106.0,133806.0,4100.0,4110.0,4012.0,4092.6,25774700,4501.8,3683.4,4440.0,3288.1,4057.9,1136,13,4057.8,354,3,4057.6,42,1,4057.5,50,3,4057.4,42,1,4058.0,80,2,4058.5,1,1,4058.8,237,2,4058.9,30,4,4059.0,587,8
11483,2026-07-02 15:20:48+05:30,4058.0,235,4039.03,2383342,146106.0,133806.0,4100.0,4110.0,4012.0,4092.6,25774700,4501.8,3683.4,4440.0,3288.1,4057.9,1136,13,4057.8,354,3,4057.6,42,1,4057.5,50,3,4057.4,42,1,4058.0,80,2,4058.5,1,1,4058.8,237,2,4058.9,30,4,4059.0,587,8
11483,2026-07-02 15:20:48+05:30,4058.0,235,4039.03,2383342,146106.0,133806.0,4100.0,4110.0,4012.0,4092.6,25786075,4501.8,3683.4,4440.0,3288.1,4057.9,1136,13,4057.8,354,3,4057.6,42,1,4057.5,50,3,4057.4,42,1,4058.0,80,2,4058.5,1,1,4058.8,237,2,4058.9,30,4,4059.0,587,8
11483,2026-07-02 15:20:49+05:30,4058.0,235,4039.03,2383342,146106.0,133806.0,4100.0,4110.0,4012.0,4092.6,25786075,4501.8,3683.4,4440.0,3288.1,4057.9,1136,13,4057.8,354,3,4057.6,42,1,4057.5,50,3,4057.4,42,1,4058.0,80,2,4058.5,1,1,4058.8,237,2,4058.9,30,4,4059.0,587,8
11483,2026-07-02 15:20:49+05:30,4058.0,3,4039.03,2383342,146106.0,133806.0,4100.0,4110.0,4012.0,4092.6,25786075,4501.8,3683.4,4440.0,3288.1,4057.9,1136,13,4057.8,354,3,4057.6,42,1,4057.5,50,3,4057.4,42,1,4058.0,80,2,4058.5,1,1,4058.8,237,2,4058.9,30,4,4059.0,587,8
11483,2026-07-02 15:20:49+05:30,4058.0,3,4039.03,2383342,146106.0,133806.0,4100.0,4110.0,4012.0,4092.6,25786075,4501.8,3683.4,4440.0,3288.1,4057.9,1136,13,4057.8,354,3,4057.6,42,1,4057.5,50,3,4057.4,42,1,4058.0,80,2,4058.5,1,1,4058.8,237,2,4058.9,30,4,4059.0,587,8
11483,2026-07-02 15:20:49+05:30,4058.0,3,4039.04,2383835,145881.0,134157.0,4100.0,4110.0,4012.0,4092.6,25786075,4501.8,3683.4,4440.0,3288.1,4058.0,74,3,4057.9,1134,13,4057.8,354,3,4057.6,42,1,4057.5,50,3,4058.5,56,2,4058.8,2,1,4058.9,30,4,4059.0,546,6,4059.1,147,2
11483,2026-07-02 15:20:49+05:30,4058.0,3,4039.04,2383835,145881.0,134157.0,4100.0,4110.0,4012.0,4092.6,25786075,4501.8,3683.4,4440.0,3288.1,4058.0,74,3,4057.9,1134,13,4057.8,354,3,4057.6,42,1,4057.5,50,3,4058.5,56,2,4058.8,2,1,4058.9,30,4,4059.0,546,6,4059.1,147,2
11483,2026-07-02 15:20:50+05:30,4058.0,3,4039.04,2383835,145881.0,134157.0,4100.0,4110.0,4012.0,4092.6,25786075,4501.8,3683.4,4440.0,3288.1,4058.0,74,3,4057.9,1134,13,4057.8,354,3,4057.6,42,1,4057.5,50,3,4058.5,56,2,4058.8,2,1,4058.9,30,4,4059.0,546,6,4059.1,147,2
11483,2026-07-02 15:20:50+05:30,4058.5,1,4039.04,2383835,145881.0,134157.0,4100.0,4110.0,4012.0,4092.6,25786075,4501.8,3683.4,4440.0,3288.1,4058.0,74,3,4057.9,1134,13,4057.8,354,3,4057.6,42,1,4057.5,50,3,4058.5,56,2,4058.8,2,1,4058.9,30,4,4059.0,546,6,4059.1,147,2
11483,2026-07-02 15:20:50+05:30,4058.5,1,4039.04,2383835,145881.0,134157.0,4100.0,4110.0,4012.0,4092.6,25786075,4501.8,3683.4,4440.0,3288.1,4058.0,74,3,4057.9,1134,13,4057.8,354,3,4057.6,42,1,4057.5,50,3,4058.5,56,2,4058.8,2,1,4058.9,30,4,4059.0,546,6,4059.1,147,2
11483,2026-07-02 15:20:50+05:30,4058.5,1,4039.04,2383836,145736.0,134023.0,4100.0,4110.0,4012.0,4092.6,25786075,4501.8,3683.4,4440.0,3288.1,4058.3,83,6,4058.2,325,1,4058.1,380,2,4058.0,53,4,4057.9,789,6,4058.5,5,2,4058.9,30,4,4059.0,546,6,4059.1,49,1,4059.2,49,1
11483,2026-07-02 15:20:51+05:30,4058.5,1,4039.04,2383836,145736.0,134023.0,4100.0,4110.0,4012.0,4092.6,25786075,4501.8,3683.4,4440.0,3288.1,4058.3,83,6,4058.2,325,1,4058.1,380,2,4058.0,53,4,4057.9,789,6,4058.5,5,2,4058.9,30,4,4059.0,546,6,4059.1,49,1,4059.2,49,1
11483,2026-07-02 15:20:51+05:30,4058.5,2,4039.04,2383836,145736.0,134023.0,4100.0,4110.0,4012.0,4092.6,25786075,4501.8,3683.4,4440.0,3288.1,4058.3,83,6,4058.2,325,1,4058.1,380,2,4058.0,53,4,4057.9,789,6,4058.5,5,2,4058.9,30,4,4059.0,546,6,4059.1,49,1,4059.2,49,1
11483,2026-07-02 15:20:51+05:30,4058.5,2,4039.04,2383855,146286.0,133889.0,4100.0,4110.0,4012.0,4092.6,25786075,4501.8,3683.4,4440.0,3288.1,4058.8,55,1,4058.7,325,1,4058.6,325,1,4058.5,19,5,4058.4,120,3,4058.9,15,2,4059.0,546,6,4059.3,4,2,4059.4,86,3,4059.5,122,1
11483,2026-07-02 15:20:52+05:30,4058.9,25,4039.04,2383855,146286.0,133889.0,4100.0,4110.0,4012.0,4092.6,25786075,4501.8,3683.4,4440.0,3288.1,4058.8,55,1,4058.7,325,1,4058.6,325,1,4058.5,19,5,4058.4,120,3,4058.9,15,2,4059.0,546,6,4059.3,4,2,4059.4,86,3,4059.5,122,1
11483,2026-07-02 15:20:52+05:30,4058.8,1,4039.04,2383984,146577.0,132898.0,4100.0,4110.0,4012.0,4092.6,25786075,4501.8,3683.4,4440.0,3288.1,4058.8,343,6,4058.7,325,1,4058.5,392,2,4058.4,22,1,4058.3,98,2,4058.9,64,2,4059.0,546,6,4059.4,66,2,4059.5,122,1,4059.7,18,2
11483,2026-07-02 15:20:53+05:30,4058.9,2,4039.04,2383984,146577.0,132898.0,4100.0,4110.0,4012.0,4092.6,25786075,4501.8,3683.4,4440.0,3288.1,4058.8,343,6,4058.7,325,1,4058.5,392,2,4058.4,22,1,4058.3,98,2,4058.9,64,2,4059.0,546,6,4059.4,66,2,4059.5,122,1,4059.7,18,2
11483,2026-07-02 15:20:53+05:30,4059.0,2,4039.04,2384142,147012.0,132870.0,4100.0,4110.0,4012.0,4092.6,25786075,4501.8,3683.4,4440.0,3288.1,4058.9,408,1,4058.8,347,8,4058.7,325,1,4058.6,22,1,4058.5,448,3,4059.0,544,6,4059.4,66,2,4059.5,122,1,4059.7,18,2,4059.8,45,3
11483,2026-07-02 15:20:54+05:30,4059.0,408,4039.04,2384142,147012.0,132870.0,4100.0,4110.0,4012.0,4092.6,25786075,4501.8,3683.4,4440.0,3288.1,4058.9,408,1,4058.8,347,8,4058.7,325,1,4058.6,22,1,4058.5,448,3,4059.0,544,6,4059.4,66,2,4059.5,122,1,4059.7,18,2,4059.8,45,3
11483,2026-07-02 15:20:55+05:30,4059.0,2,4039.05,2384891,146388.0,132451.0,4100.0,4110.0,4012.0,4092.6,25786075,4501.8,3683.4,4440.0,3288.1,4059.0,348,1,4058.9,330,4,4058.8,344,7,4058.7,12,1,4058.6,64,2,4059.8,35,2,4059.9,24,2,4060.0,604,26,4060.1,17,2,4060.2,39,2
11483,2026-07-02 15:20:55+05:30,4059.0,2,4039.05,2384891,146388.0,132451.0,4100.0,4110.0,4012.0,4092.6,25786075,4501.8,3683.4,4440.0,3288.1,4059.0,348,1,4058.9,330,4,4058.8,344,7,4058.7,12,1,4058.6,64,2,4059.8,35,2,4059.9,24,2,4060.0,604,26,4060.1,17,2,4060.2,39,2
11483,2026-07-02 15:20:56+05:30,4059.0,2,4039.05,2384894,146933.0,132356.0,4100.0,4110.0,4012.0,4092.6,25786075,4501.8,3683.4,4440.0,3288.1,4059.4,555,1,4059.3,325,1,4059.2,325,1,4059.1,14,2,4059.0,415,6,4059.7,28,1,4059.8,36,3,4059.9,35,3,4060.0,604,26,4060.1,15,1
11483,2026-07-02 15:20:56+05:30,4059.6,139,4039.05,2384894,146933.0,132356.0,4100.0,4110.0,4012.0,4092.6,25786075,4501.8,3683.4,4440.0,3288.1,4059.4,555,1,4059.3,325,1,4059.2,325,1,4059.1,14,2,4059.0,415,6,4059.7,28,1,4059.8,36,3,4059.9,35,3,4060.0,604,26,4060.1,15,1
11483,2026-07-02 15:20:57+05:30,4059.7,1,4039.05,2385049,146454.0,132285.0,4100.0,4110.0,4012.0,4092.6,25786075,4501.8,3683.4,4440.0,3288.1,4059.6,325,1,4059.5,325,1,4059.4,119,10,4059.3,54,2,4059.1,42,1,4059.7,26,2,4059.8,36,3,4059.9,35,3,4060.0,604,26,4060.1,15,1
11483,2026-07-02 15:20:57+05:30,4059.7,3,4039.05,2385049,146454.0,132285.0,4100.0,4110.0,4012.0,4092.6,25786075,4501.8,3683.4,4440.0,3288.1,4059.6,325,1,4059.5,325,1,4059.4,119,10,4059.3,54,2,4059.1,42,1,4059.7,26,2,4059.8,36,3,4059.9,35,3,4060.0,604,26,4060.1,15,1
11483,2026-07-02 15:20:58+05:30,4059.7,28,4039.05,2385108,146812.0,132237.0,4100.0,4110.0,4012.0,4092.6,25786075,4501.8,3683.4,4440.0,3288.1,4059.7,411,7,4059.6,327,4,4059.5,381,2,4059.4,29,2,4059.3,42,1,4059.8,36,3,4059.9,15,2,4060.0,604,26,4060.1,15,1,4060.2,1,1
11483,2026-07-02 15:20:58+05:30,4059.7,123,4039.05,2385108,146812.0,132237.0,4100.0,4110.0,4012.0,4092.6,25786075,4501.8,3683.4,4440.0,3288.1,4059.7,411,7,4059.6,327,4,4059.5,381,2,4059.4,29,2,4059.3,42,1,4059.8,36,3,4059.9,15,2,4060.0,604,26,4060.1,15,1,4060.2,1,1
11483,2026-07-02 15:20:59+05:30,4059.8,2,4039.05,2385523,146420.0,132171.0,4100.0,4110.0,4012.0,4092.6,25786075,4501.8,3683.4,4440.0,3288.1,4059.8,35,5,4059.7,7,2,4059.6,647,3,4059.5,81,3,4059.4,80,3,4059.9,4,1,4060.0,604,26,4060.1,15,1,4060.2,1,1,4060.4,111,5
11483,2026-07-02 15:20:59+05:30,4059.8,4,4039.05,2385523,146420.0,132171.0,4100.0,4110.0,4012.0,4092.6,25786075,4501.8,3683.4,4440.0,3288.1,4059.8,35,5,4059.7,7,2,4059.6,647,3,4059.5,81,3,4059.4,80,3,4059.9,4,1,4060.0,604,26,4060.1,15,1,4060.2,1,1,4060.4,111,5
11483,2026-07-02 15:21:00+05:30,4059.9,9,4039.05,2385612,146082.0,132215.0,4100.0,4110.0,4012.0,4092.6,25786075,4501.8,3683.4,4440.0,3288.1,4059.9,672,7,4059.8,29,3,4059.7,326,2,4059.6,321,1,4059.5,67,3,4060.0,607,27,4060.1,15,1,4060.2,1,1,4060.4,111,5,4060.5,38,1
11483,2026-07-02 15:21:00+05:30,4060.0,5,4039.05,2385612,146082.0,132215.0,4100.0,4110.0,4012.0,4092.6,25786075,4501.8,3683.4,4440.0,3288.1,4059.9,672,7,4059.8,29,3,4059.7,326,2,4059.6,321,1,4059.5,67,3,4060.0,607,27,4060.1,15,1,4060.2,1,1,4060.4,111,5,4060.5,38,1
11483,2026-07-02 15:21:01+05:30,4060.0,3,4039.06,2386200,145059.0,131633.0,4100.0,4110.0,4012.0,4092.6,25786075,4501.8,3683.4,4440.0,3288.1,4059.9,180,9,4059.8,363,3,4059.7,1,1,4059.6,363,2,4059.5,25,2,4060.0,23,3,4060.1,15,1,4060.2,1,1,4060.4,111,5,4060.6,13,1
11483,2026-07-02 15:21:01+05:30,4059.9,2,4039.06,2386200,145059.0,131633.0,4100.0,4110.0,4012.0,4092.6,25786075,4501.8,3683.4,4440.0,3288.1,4059.9,180,9,4059.8,363,3,4059.7,1,1,4059.6,363,2,4059.5,25,2,4060.0,23,3,4060.1,15,1,4060.2,1,1,4060.4,111,5,4060.6,13,1
11483,2026-07-02 15:21:02+05:30,4060.1,1,4039.06,2386627,145748.0,131672.0,4100.0,4110.0,4012.0,4092.6,25786075,4501.8,3683.4,4440.0,3288.1,4060.1,1,1,4060.0,959,8,4059.9,133,6,4059.8,349,3,4059.6,363,2,4060.8,6,1,4060.9,40,5,4061.0,413,14,4061.2,669,1,4061.3,59,3
11483,2026-07-02 15:21:02+05:30,4060.0,5,4039.06,2386627,145748.0,131672.0,4100.0,4110.0,4012.0,4092.6,25786075,4501.8,3683.4,4440.0,3288.1,4060.1,1,1,4060.0,959,8,4059.9,133,6,4059.8,349,3,4059.6,363,2,4060.8,6,1,4060.9,40,5,4061.0,413,14,4061.2,669,1,4061.3,59,3
11483,2026-07-02 15:21:03+05:30,4060.7,1,4039.06,2386627,145748.0,131672.0,4100.0,4110.0,4012.0,4092.6,25786075,4501.8,3683.4,4440.0,3288.1,4060.1,1,1,4060.0,959,8,4059.9,133,6,4059.8,349,3,4059.6,363,2,4060.8,6,1,4060.9,40,5,4061.0,413,14,4061.2,669,1,4061.3,59,3
11483,2026-07-02 15:21:03+05:30,4060.7,1,4039.06,2386747,145762.0,132101.0,4100.0,4110.0,4012.0,4092.6,25786075,4501.8,3683.4,4440.0,3288.1,4060.6,449,1,4060.4,347,2,4060.2,42,1,4060.1,16,3,4060.0,524,9,4060.7,45,3,4060.8,8,2,4060.9,27,4,4061.0,411,13,4061.1,4,2
11483,2026-07-02 15:21:04+05:30,4060.7,3,4039.06,2386747,145762.0,132101.0,4100.0,4110.0,4012.0,4092.6,25786075,4501.8,3683.4,4440.0,3288.1,4060.6,449,1,4060.4,347,2,4060.2,42,1,4060.1,16,3,4060.0,524,9,4060.7,45,3,4060.8,8,2,4060.9,27,4,4061.0,411,13,4061.1,4,2
11483,2026-07-02 15:21:04+05:30,4060.7,3,4039.06,2386801,145731.0,132655.0,4100.0,4110.0,4012.0,4092.6,25786075,4501.8,3683.4,4440.0,3288.1,4060.7,461,2,4060.6,118,7,4060.5,325,1,4060.4,22,1,4060.3,53,2,4060.8,5,1,4060.9,7,3,4061.0,362,12,4061.1,40,2,4061.2,671,2
11483,2026-07-02 15:21:05+05:30,4060.8,1,4039.06,2386801,145731.0,132655.0,4100.0,4110.0,4012.0,4092.6,25786075,4501.8,3683.4,4440.0,3288.1,4060.7,461,2,4060.6,118,7,4060.5,325,1,4060.4,22,1,4060.3,53,2,4060.8,5,1,4060.9,7,3,4061.0,362,12,4061.1,40,2,4061.2,671,2
11483,2026-07-02 15:21:05+05:30,4060.8,1,4039.06,2386844,144824.0,132420.0,4100.0,4110.0,4012.0,4092.6,25786075,4501.8,3683.4,4440.0,3288.1,4060.8,522,6,4060.7,21,3,4060.6,325,1,4060.5,11,1,4060.4,64,2,4061.0,356,11,4061.1,2,1,4061.2,669,1,4061.3,19,2,4061.4,75,4
11483,2026-07-02 15:21:06+05:30,4061.0,1,4039.06,2386844,144824.0,132420.0,4100.0,4110.0,4012.0,4092.6,25786075,4501.8,3683.4,4440.0,3288.1,4060.8,522,6,4060.7,21,3,4060.6,325,1,4060.5,11,1,4060.4,64,2,4061.0,356,11,4061.1,2,1,4061.2,669,1,4061.3,19,2,4061.4,75,4
11483,2026-07-02 15:21:06+05:30,4061.0,1,4039.07,2387265,144415.0,131787.0,4100.0,4110.0,4012.0,4092.6,25786075,4501.8,3683.4,4440.0,3288.1,4060.9,22,1,4060.8,436,7,4060.7,30,2,4060.6,52,2,4060.5,12,1,4061.0,85,7,4061.1,2,1,4061.2,690,2,4061.3,19,2,4061.4,308,4
11483,2026-07-02 15:21:07+05:30,4061.0,44,4039.07,2387265,144415.0,131787.0,4100.0,4110.0,4012.0,4092.6,25786075,4501.8,3683.4,4440.0,3288.1,4060.9,22,1,4060.8,436,7,4060.7,30,2,4060.6,52,2,4060.5,12,1,4061.0,85,7,4061.1,2,1,4061.2,690,2,4061.3,19,2,4061.4,308,4
11483,2026-07-02 15:21:07+05:30,4061.0,2,4039.07,2387402,143625.0,131618.0,4100.0,4110.0,4012.0,4092.6,25786075,4501.8,3683.4,4440.0,3288.1,4061.0,834,3,4060.9,21,4,4060.8,436,7,4060.7,30,2,4060.6,52,2,4061.2,52,3,4061.3,688,3,4061.4,24,2,4061.5,31,3,4061.6,307,4
11483,2026-07-02 15:21:08+05:30,4062.5,167,4039.07,2387402,143625.0,131618.0,4100.0,4110.0,4012.0,4092.6,25786075,4501.8,3683.4,4440.0,3288.1,4061.0,834,3,4060.9,21,4,4060.8,436,7,4060.7,30,2,4060.6,52,2,4061.2,52,3,4061.3,688,3,4061.4,24,2,4061.5,31,3,4061.6,307,4
11483,2026-07-02 15:21:08+05:30,4062.5,1,4039.11,2391189,144324.0,129468.0,4100.0,4110.0,4012.0,4092.6,25786075,4501.8,3683.4,4440.0,3288.1,4061.2,577,2,4061.0,855,7,4060.9,17,2,4060.8,205,7,4060.7,100,3,4062.5,210,1,4062.6,136,2,4062.8,6,2,4062.9,181,6,4063.0,1383,16
11483,2026-07-02 15:21:09+05:30,4062.5,161,4039.11,2391189,144324.0,129468.0,4100.0,4110.0,4012.0,4092.6,25786075,4501.8,3683.4,4440.0,3288.1,4061.2,577,2,4061.0,855,7,4060.9,17,2,4060.8,205,7,4060.7,100,3,4062.5,210,1,4062.6,136,2,4062.8,6,2,4062.9,181,6,4063.0,1383,16
11483,2026-07-02 15:21:09+05:30,4062.5,2,4039.11,2391397,143234.0,129417.0,4100.0,4110.0,4012.0,4092.6,25786075,4501.8,3683.4,4440.0,3288.1,4062.1,325,1,4061.9,199,2,4061.7,42,1,4061.2,188,9,4061.0,369,3,4062.5,45,2,4062.7,48,1,4062.8,6,2,4062.9,34,4,4063.0,1392,16
11483,2026-07-02 15:21:10+05:30,4062.1,13,4039.11,2391397,143234.0,129417.0,4100.0,4110.0,4012.0,4092.6,25786075,4501.8,3683.4,4440.0,3288.1,4062.1,325,1,4061.9,199,2,4061.7,42,1,4061.2,188,9,4061.0,369,3,4062.5,45,2,4062.7,48,1,4062.8,6,2,4062.9,34,4,4063.0,1392,16
11483,2026-07-02 15:21:10+05:30,4062.5,5,4039.11,2391537,142901.0,129217.0,4100.0,4110.0,4012.0,4092.6,25786075,4501.8,3683.4,4440.0,3288.1,4062.4,379,1,4062.1,620,9,4062.0,42,1,4061.9,28,1,4061.8,42,1,4062.5,40,3,4062.7,48,1,4062.8,17,3,4062.9,24,2,4063.0,1283,14
11483,2026-07-02 15:21:11+05:30,4062.9,3,4039.11,2391537,142901.0,129217.0,4100.0,4110.0,4012.0,4092.6,25786075,4501.8,3683.4,4440.0,3288.1,4062.4,379,1,4062.1,620,9,4062.0,42,1,4061.9,28,1,4061.8,42,1,4062.5,40,3,4062.7,48,1,4062.8,17,3,4062.9,24,2,4063.0,1283,14
11483,2026-07-02 15:21:11+05:30,4062.8,37,4039.12,2392182,142845.0,128709.0,4100.0,4110.0,4012.0,4092.6,25786075,4501.8,3683.4,4440.0,3288.1,4062.8,318,1,4062.5,159,2,4062.4,46,3,4062.2,42,1,4062.1,405,6,4062.9,45,1,4063.0,975,7,4063.1,395,2,4063.2,6,2,4063.3,42,3
11483,2026-07-02 15:21:12+05:30,4062.8,52,4039.12,2392182,142845.0,128709.0,4100.0,4110.0,4012.0,4092.6,25786075,4501.8,3683.4,4440.0,3288.1,4062.8,318,1,4062.5,159,2,4062.4,46,3,4062.2,42,1,4062.1,405,6,4062.9,45,1,4063.0,975,7,4063.1,395,2,4063.2,6,2,4063.3,42,3
11483,2026-07-02 15:21:12+05:30,4063.0,1,4039.13,2393224,143584.0,129008.0,4100.0,4110.0,4012.0,4092.6,25786075,4501.8,3683.4,4440.0,3288.1,4062.8,512,2,4062.5,181,3,4062.4,55,3,4062.2,42,1,4062.1,322,2,4062.9,27,1,4063.0,974,7,4063.1,395,2,4063.2,6,2,4063.3,40,2
11483,2026-07-02 15:21:13+05:30,4062.9,1,4039.13,2393224,143584.0,129008.0,4100.0,4110.0,4012.0,4092.6,25786075,4501.8,3683.4,4440.0,3288.1,4062.8,512,2,4062.5,181,3,4062.4,55,3,4062.2,42,1,4062.1,322,2,4062.9,27,1,4063.0,974,7,4063.1,395,2,4063.2,6,2,4063.3,40,2
11483,2026-07-02 15:21:13+05:30,4063.0,5,4039.13,2393262,143416.0,128983.0,4100.0,4110.0,4012.0,4092.6,25786075,4501.8,3683.4,4440.0,3288.1,4062.9,477,1,4062.8,267,5,4062.5,66,3,4062.4,76,2,4062.3,42,1,4063.0,969,7,4063.1,395,2,4063.2,6,2,4063.3,40,2,4063.4,25,2
11483,2026-07-02 15:21:14+05:30,4063.0,476,4039.13,2393262,143416.0,128983.0,4100.0,4110.0,4012.0,4092.6,25786075,4501.8,3683.4,4440.0,3288.1,4062.9,477,1,4062.8,267,5,4062.5,66,3,4062.4,76,2,4062.3,42,1,4063.0,969,7,4063.1,395,2,4063.2,6,2,4063.3,40,2,4063.4,25,2
11483,2026-07-02 15:21:15+05:30,4062.9,1,4039.13,2393740,142929.0,128486.0,4100.0,4110.0,4012.0,4092.6,25786075,4501.8,3683.4,4440.0,3288.1,4062.9,282,6,4062.6,42,1,4062.5,24,2,4062.4,54,2,4062.1,322,2,4063.0,496,9,4063.1,395,2,4063.2,6,2,4063.3,40,2,4063.4,25,2
11483,2026-07-02 15:21:15+05:30,4062.9,3,4039.13,2393740,142929.0,128486.0,4100.0,4110.0,4012.0,4092.6,25786075,4501.8,3683.4,4440.0,3288.1,4062.9,282,6,4062.6,42,1,4062.5,24,2,4062.4,54,2,4062.1,322,2,4063.0,496,9,4063.1,395,2,4063.2,6,2,4063.3,40,2,4063.4,25,2
11483,2026-07-02 15:21:16+05:30,4063.0,1,4039.14,2394893,142778.0,127952.0,4100.0,4110.0,4012.0,4092.6,25786075,4501.8,3683.4,4440.0,3288.1,4063.0,35,1,4062.9,121,3,4062.6,42,1,4062.5,24,2,4062.4,54,2,4063.1,395,2,4063.2,6,2,4063.3,40,2,4063.4,25,2,4063.5,142,4
11483,2026-07-02 15:21:16+05:30,4062.9,2,4039.14,2394893,142778.0,127952.0,4100.0,4110.0,4012.0,4092.6,25786075,4501.8,3683.4,4440.0,3288.1,4063.0,35,1,4062.9,121,3,4062.6,42,1,4062.5,24,2,4062.4,54,2,4063.1,395,2,4063.2,6,2,4063.3,40,2,4063.4,25,2,4063.5,142,4
11483,2026-07-02 15:21:17+05:30,4062.9,5,4039.14,2395095,141628.0,128258.0,4100.0,4110.0,4012.0,4092.6,25786075,4501.8,3683.4,4440.0,3288.1,4062.9,132,5,4062.8,15,1,4062.7,13,1,4062.4,12,1,4062.1,10,1,4063.1,422,6,4063.2,6,2,4063.3,40,2,4063.4,35,3,4063.5,142,4
11483,2026-07-02 15:21:17+05:30,4062.9,5,4039.14,2395095,141628.0,128258.0,4100.0,4110.0,4012.0,4092.6,25786075,4501.8,3683.4,4440.0,3288.1,4062.9,132,5,4062.8,15,1,4062.7,13,1,4062.4,12,1,4062.1,10,1,4063.1,422,6,4063.2,6,2,4063.3,40,2,4063.4,35,3,4063.5,142,4
11483,2026-07-02 15:21:18+05:30,4063.0,96,4039.15,2395222,141513.0,128976.0,4100.0,4110.0,4012.0,4092.6,25786075,4501.8,3683.4,4440.0,3288.1,4063.0,29,2,4062.9,114,6,4062.8,15,1,4062.7,13,1,4062.4,12,1,4063.1,402,9,4063.2,44,4,4063.3,40,2,4063.4,35,3,4063.5,142,4
11483,2026-07-02 15:21:18+05:30,4063.0,96,4039.15,2395222,141513.0,128976.0,4100.0,4110.0,4012.0,4092.6,25786075,4501.8,3683.4,4440.0,3288.1,4063.0,29,2,4062.9,114,6,4062.8,15,1,4062.7,13,1,4062.4,12,1,4063.1,402,9,4063.2,44,4,4063.3,40,2,4063.4,35,3,4063.5,142,4
11483,2026-07-02 15:21:19+05:30,4063.0,3,4039.15,2395222,141513.0,128976.0,4100.0,4110.0,4012.0,4092.6,25786075,4501.8,3683.4,4440.0,3288.1,4063.0,29,2,4062.9,114,6,4062.8,15,1,4062.7,13,1,4062.4,12,1,4063.1,402,9,4063.2,44,4,4063.3,40,2,4063.4,35,3,4063.5,142,4
11483,2026-07-02 15:21:19+05:30,4063.0,1,4039.15,2395227,141299.0,129142.0,4100.0,4110.0,4012.0,4092.6,25786075,4501.8,3683.4,4440.0,3288.1,4063.0,97,6,4062.9,45,4,4062.8,15,1,4062.7,13,1,4062.4,12,1,4063.1,430,10,4063.2,6,2,4063.3,64,3,4063.4,35,3,4063.5,142,4
11483,2026-07-02 15:21:20+05:30,4063.1,2,4039.15,2395227,141299.0,129142.0,4100.0,4110.0,4012.0,4092.6,25786075,4501.8,3683.4,4440.0,3288.1,4063.0,97,6,4062.9,45,4,4062.8,15,1,4062.7,13,1,4062.4,12,1,4063.1,430,10,4063.2,6,2,4063.3,64,3,4063.4,35,3,4063.5,142,4
11483,2026-07-02 15:21:20+05:30,4063.0,17,4039.15,2395335,141273.0,129182.0,4100.0,4110.0,4012.0,4092.6,25786075,4501.8,3683.4,4440.0,3288.1,4063.0,102,5,4062.9,42,3,4062.8,15,1,4062.7,13,1,4062.4,12,1,4063.1,421,10,4063.2,6,2,4063.3,64,3,4063.4,35,3,4063.5,142,4
11483,2026-07-02 15:21:21+05:30,4062.4,1,4039.15,2395335,141273.0,129182.0,4100.0,4110.0,4012.0,4092.6,25786075,4501.8,3683.4,4440.0,3288.1,4063.0,102,5,4062.9,42,3,4062.8,15,1,4062.7,13,1,4062.4,12,1,4063.1,421,10,4063.2,6,2,4063.3,64,3,4063.4,35,3,4063.5,142,4
11483,2026-07-02 15:21:21+05:30,4062.7,5,4039.16,2396656,140754.0,129435.0,4100.0,4110.0,4012.0,4092.6,25786075,4501.8,3683.4,4440.0,3288.1,4062.4,12,1,4062.1,34,2,4061.9,28,1,4061.1,13,1,4061.0,10,1,4062.7,23,1,4062.8,162,4,4062.9,52,2,4063.0,98,2,4063.1,477,13
11483,2026-07-02 15:21:22+05:30,4062.4,5,4039.16,2396656,140754.0,129435.0,4100.0,4110.0,4012.0,4092.6,25786075,4501.8,3683.4,4440.0,3288.1,4062.4,12,1,4062.1,34,2,4061.9,28,1,4061.1,13,1,4061.0,10,1,4062.7,23,1,4062.8,162,4,4062.9,52,2,4063.0,98,2,4063.1,477,13
11483,2026-07-02 15:21:22+05:30,4062.4,5,4039.16,2396661,140774.0,129627.0,4100.0,4110.0,4012.0,4092.6,25786075,4501.8,3683.4,4440.0,3288.1,4062.4,18,3,4062.1,34,2,4061.9,28,1,4061.1,13,1,4061.0,10,1,4062.7,27,2,4062.8,162,4,4062.9,52,2,4063.0,104,4,4063.1,492,15
11483,2026-07-02 15:21:23+05:30,4061.8,1,4039.16,2396661,140774.0,129627.0,4100.0,4110.0,4012.0,4092.6,25786075,4501.8,3683.4,4440.0,3288.1,4062.4,18,3,4062.1,34,2,4061.9,28,1,4061.1,13,1,4061.0,10,1,4062.7,27,2,4062.8,162,4,4062.9,52,2,4063.0,104,4,4063.1,492,15
11483,2026-07-02 15:21:23+05:30,4061.0,2,4039.16,2396958,140333.0,130857.0,4100.0,4110.0,4012.0,4092.6,25786075,4501.8,3683.4,4440.0,3288.1,4061.0,8,1,4060.5,2,1,4060.4,22,1,4060.0,5,1,4059.9,18,1,4061.8,27,2,4061.9,61,1,4062.0,30,1,4062.1,183,4,4062.2,97,4
11483,2026-07-02 15:21:24+05:30,4061.8,1,4039.16,2396958,140333.0,130857.0,4100.0,4110.0,4012.0,4092.6,25786075,4501.8,3683.4,4440.0,3288.1,4061.0,8,1,4060.5,2,1,4060.4,22,1,4060.0,5,1,4059.9,18,1,4061.8,27,2,4061.9,61,1,4062.0,30,1,4062.1,183,4,4062.2,97,4
11483,2026-07-02 15:21:24+05:30,4061.8,1,4039.17,2397228,140319.0,130559.0,4100.0,4110.0,4012.0,4092.6,25786075,4501.8,3683.4,4440.0,3288.1,4061.5,53,2,4060.3,80,2,4060.2,70,2,4060.1,13,1,4060.0,5,1,4061.8,2,1,4062.0,11,1,4062.1,11,1,4062.2,24,2,4062.3,9,1
11483,2026-07-02 15:21:25+05:30,4061.5,1,4039.17,2397228,140319.0,130559.0,4100.0,4110.0,4012.0,4092.6,25786075,4501.8,3683.4,4440.0,3288.1,4061.5,53,2,4060.3,80,2,4060.2,70,2,4060.1,13,1,4060.0,5,1,4061.8,2,1,4062.0,11,1,4062.1,11,1,4062.2,24,2,4062.3,9,1
11483,2026-07-02 15:21:25+05:30,4061.8,1,4039.17,2397498,140520.0,130305.0,4100.0,4110.0,4012.0,4092.6,25786075,4501.8,3683.4,4440.0,3288.1,4061.5,58,2,4060.3,80,2,4060.2,70,2,4060.1,111,2,4060.0,5,1,4061.8,5,1,4062.2,14,2,4062.3,9,1,4062.4,124,5,4062.5,82,2
11483,2026-07-02 15:21:26+05:30,4060.3,13,4039.17,2397498,140520.0,130305.0,4100.0,4110.0,4012.0,4092.6,25786075,4501.8,3683.4,4440.0,3288.1,4061.5,58,2,4060.3,80,2,4060.2,70,2,4060.1,111,2,4060.0,5,1,4061.8,5,1,4062.2,14,2,4062.3,9,1,4062.4,124,5,4062.5,82,2
11483,2026-07-02 15:21:26+05:30,4061.5,5,4039.17,2397666,141302.0,129356.0,4100.0,4110.0,4012.0,4092.6,25786075,4501.8,3683.4,4440.0,3288.1,4060.4,135,3,4060.1,98,1,4060.0,5,1,4059.7,102,2,4059.6,24,1,4061.5,1,1,4061.8,3,1,4062.2,33,3,4062.3,58,2,4062.4,86,4
11483,2026-07-02 15:21:27+05:30,4061.8,1,4039.17,2397666,141302.0,129356.0,4100.0,4110.0,4012.0,4092.6,25786075,4501.8,3683.4,4440.0,3288.1,4060.4,135,3,4060.1,98,1,4060.0,5,1,4059.7,102,2,4059.6,24,1,4061.5,1,1,4061.8,3,1,4062.2,33,3,4062.3,58,2,4062.4,86,4
11483,2026-07-02 15:21:28+05:30,4061.5,3,4039.17,2397703,140447.0,130579.0,4100.0,4110.0,4012.0,4092.6,25786075,4501.8,3683.4,4440.0,3288.1,4060.6,2,1,4060.4,4,2,4060.1,2,1,4060.0,83,4,4059.8,72,1,4061.5,31,1,4061.9,95,3,4062.0,447,4,4062.1,177,4,4062.2,3,1
11483,2026-07-02 15:21:28+05:30,4060.6,1,4039.17,2397703,140447.0,130579.0,4100.0,4110.0,4012.0,4092.6,25786075,4501.8,3683.4,4440.0,3288.1,4060.6,2,1,4060.4,4,2,4060.1,2,1,4060.0,83,4,4059.8,72,1,4061.5,31,1,4061.9,95,3,4062.0,447,4,4062.1,177,4,4062.2,3,1
11483,2026-07-02 15:21:29+05:30,4061.5,7,4039.17,2397711,140672.0,130575.0,4100.0,4110.0,4012.0,4092.6,25786075,4501.8,3683.4,4440.0,3288.1,4060.6,1,1,4060.4,5,3,4060.1,2,1,4060.0,153,5,4059.9,24,1,4061.5,24,1,4061.8,29,1,4061.9,49,1,4062.0,141,3,4062.1,104,2
11483,2026-07-02 15:21:29+05:30,4060.6,2,4039.17,2397711,140672.0,130575.0,4100.0,4110.0,4012.0,4092.6,25786075,4501.8,3683.4,4440.0,3288.1,4060.6,1,1,4060.4,5,3,4060.1,2,1,4060.0,153,5,4059.9,24,1,4061.5,24,1,4061.8,29,1,4061.9,49,1,4062.0,141,3,4062.1,104,2
11483,2026-07-02 15:21:30+05:30,4061.9,3,4039.17,2397818,140658.0,130685.0,4100.0,4110.0,4012.0,4092.6,25786075,4501.8,3683.4,4440.0,3288.1,4060.6,5,2,4060.5,16,1,4060.4,1,1,4060.1,9,1,4060.0,51,5,4061.9,355,2,4062.0,337,4,4062.1,49,1,4062.2,66,3,4062.3,107,3
11483,2026-07-02 15:21:30+05:30,4061.9,3,4039.17,2397818,140658.0,130685.0,4100.0,4110.0,4012.0,4092.6,25786075,4501.8,3683.4,4440.0,3288.1,4060.6,5,2,4060.5,16,1,4060.4,1,1,4060.1,9,1,4060.0,51,5,4061.9,355,2,4062.0,337,4,4062.1,49,1,4062.2,66,3,4062.3,107,3
11483,2026-07-02 15:21:31+05:30,4061.5,31,4039.17,2397899,140760.0,131664.0,4100.0,4110.0,4012.0,4092.6,25786075,4501.8,3683.4,4440.0,3288.1,4060.6,6,3,4060.5,1,1,4060.4,1,1,4060.1,9,1,4060.0,49,4,4061.5,897,1,4061.9,441,7,4062.0,387,5,4062.1,153,4,4062.2,103,4
11483,2026-07-02 15:21:31+05:30,4061.5,31,4039.17,2397899,140760.0,131664.0,4100.0,4110.0,4012.0,4092.6,25786075,4501.8,3683.4,4440.0,3288.1,4060.6,6,3,4060.5,1,1,4060.4,1,1,4060.1,9,1,4060.0,49,4,4061.5,897,1,4061.9,441,7,4062.0,387,5,4062.1,153,4,4062.2,103,4
11483,2026-07-02 15:21:32+05:30,4061.5,5,4039.17,2397933,140866.0,131447.0,4100.0,4110.0,4012.0,4092.6,25786075,4501.8,3683.4,4440.0,3288.1,4061.0,1,1,4060.6,4,2,4060.5,1,1,4060.4,1,1,4060.1,9,1,4061.5,889,2,4061.9,84,4,4062.0,338,4,4062.1,79,3,4062.2,54,3
11483,2026-07-02 15:21:32+05:30,4061.5,5,4039.17,2397933,140866.0,131447.0,4100.0,4110.0,4012.0,4092.6,25786075,4501.8,3683.4,4440.0,3288.1,4061.0,1,1,4060.6,4,2,4060.5,1,1,4060.4,1,1,4060.1,9,1,4061.5,889,2,4061.9,84,4,4062.0,338,4,4062.1,79,3,4062.2,54,3
11483,2026-07-02 15:21:33+05:30,4061.3,1,4039.17,2397933,140866.0,131447.0,4100.0,4110.0,4012.0,4092.6,25786075,4501.8,3683.4,4440.0,3288.1,4061.0,1,1,4060.6,4,2,4060.5,1,1,4060.4,1,1,4060.1,9,1,4061.5,889,2,4061.9,84,4,4062.0,338,4,4062.1,79,3,4062.2,54,3
11483,2026-07-02 15:21:33+05:30,4061.3,1,4039.17,2397937,140104.0,131522.0,4100.0,4110.0,4012.0,4092.6,25786075,4501.8,3683.4,4440.0,3288.1,4061.0,3,3,4060.9,2,1,4060.6,4,2,4060.5,15,2,4060.4,1,1,4061.2,57,1,4061.5,913,7,4061.9,67,2,4062.0,348,5,4062.1,49,1
11483,2026-07-02 15:21:34+05:30,4061.2,57,4039.17,2397937,140104.0,131522.0,4100.0,4110.0,4012.0,4092.6,25786075,4501.8,3683.4,4440.0,3288.1,4061.0,3,3,4060.9,2,1,4060.6,4,2,4060.5,15,2,4060.4,1,1,4061.2,57,1,4061.5,913,7,4061.9,67,2,4062.0,348,5,4062.1,49,1
11483,2026-07-02 15:21:34+05:30,4061.2,57,4039.17,2398129,140122.0,131328.0,4100.0,4110.0,4012.0,4092.6,25786075,4501.8,3683.4,4440.0,3288.1,4061.2,16,1,4061.0,6,5,4060.9,2,1,4060.6,1,1,4060.5,15,2,4061.5,906,4,4061.9,28,1,4062.0,278,4,4062.1,12,1,4062.2,5,2
11483,2026-07-02 15:21:35+05:30,4061.5,1,4039.17,2398129,140122.0,131328.0,4100.0,4110.0,4012.0,4092.6,25786075,4501.8,3683.4,4440.0,3288.1,4061.2,16,1,4061.0,6,5,4060.9,2,1,4060.6,1,1,4060.5,15,2,4061.5,906,4,4061.9,28,1,4062.0,278,4,4062.1,12,1,4062.2,5,2
11483,2026-07-02 15:21:35+05:30,4061.2,28,4039.17,2398201,140104.0,131366.0,4100.0,4110.0,4012.0,4092.6,25786075,4501.8,3683.4,4440.0,3288.1,4061.0,4,4,4060.9,2,1,4060.6,1,1,4060.5,15,2,4060.4,1,1,4061.2,29,2,4061.5,904,6,4061.9,13,1,4062.0,280,5,4062.2,29,3
11483,2026-07-02 15:21:36+05:30,4061.1,6,4039.17,2398201,140104.0,131366.0,4100.0,4110.0,4012.0,4092.6,25786075,4501.8,3683.4,4440.0,3288.1,4061.0,4,4,4060.9,2,1,4060.6,1,1,4060.5,15,2,4060.4,1,1,4061.2,29,2,4061.5,904,6,4061.9,13,1,4062.0,280,5,4062.2,29,3
11483,2026-07-02 15:21:36+05:30,4061.2,5,4039.17,2398250,140424.0,131527.0,4100.0,4110.0,4012.0,4092.6,25786075,4501.8,3683.4,4440.0,3288.1,4061.1,22,1,4061.0,3,3,4060.9,2,1,4060.8,16,1,4060.6,1,1,4061.2,14,4,4061.5,914,6,4062.0,283,6,4062.2,5,2,4062.3,82,3
11483,2026-07-02 15:21:37+05:30,4061.2,1,4039.17,2398250,140424.0,131527.0,4100.0,4110.0,4012.0,4092.6,25786075,4501.8,3683.4,4440.0,3288.1,4061.1,22,1,4061.0,3,3,4060.9,2,1,4060.8,16,1,4060.6,1,1,4061.2,14,4,4061.5,914,6,4062.0,283,6,4062.2,5,2,4062.3,82,3
11483,2026-07-02 15:21:37+05:30,4061.2,54,4039.18,2398435,140457.0,131559.0,4100.0,4110.0,4012.0,4092.6,25786075,4501.8,3683.4,4440.0,3288.1,4061.1,28,3,4061.0,4,4,4060.9,2,1,4060.8,16,1,4060.6,1,1,4061.2,28,1,4061.3,11,1,4061.5,895,3,4062.0,235,6,4062.2,29,3
11483,2026-07-02 15:21:38+05:30,4061.1,5,4039.18,2398435,140457.0,131559.0,4100.0,4110.0,4012.0,4092.6,25786075,4501.8,3683.4,4440.0,3288.1,4061.1,28,3,4061.0,4,4,4060.9,2,1,4060.8,16,1,4060.6,1,1,4061.2,28,1,4061.3,11,1,4061.5,895,3,4062.0,235,6,4062.2,29,3
11483,2026-07-02 15:21:38+05:30,4061.0,1,4039.18,2398590,140408.0,130859.0,4100.0,4110.0,4012.0,4092.6,25786075,4501.8,3683.4,4440.0,3288.1,4061.0,2,2,4060.9,2,1,4060.8,16,1,4060.6,1,1,4060.5,1,1,4061.2,30,3,4061.3,11,1,4061.5,981,3,4062.0,235,6,4062.1,24,1
11483,2026-07-02 15:21:39+05:30,4061.2,1,4039.18,2398590,140408.0,130859.0,4100.0,4110.0,4012.0,4092.6,25786075,4501.8,3683.4,4440.0,3288.1,4061.0,2,2,4060.9,2,1,4060.8,16,1,4060.6,1,1,4060.5,1,1,4061.2,30,3,4061.3,11,1,4061.5,981,3,4062.0,235,6,4062.1,24,1
11483,2026-07-02 15:21:40+05:30,4061.2,19,4039.18,2398645,139948.0,130592.0,4100.0,4110.0,4012.0,4092.6,25786075,4501.8,3683.4,4440.0,3288.1,4061.1,6,2,4061.0,3,3,4060.9,2,1,4060.8,16,1,4060.6,1,1,4061.2,6,1,4061.3,11,1,4061.5,883,2,4062.0,239,7,4062.2,5,2
11483,2026-07-02 15:21:40+05:30,4061.1,8,4039.18,2398645,139948.0,130592.0,4100.0,4110.0,4012.0,4092.6,25786075,4501.8,3683.4,4440.0,3288.1,4061.1,6,2,4061.0,3,3,4060.9,2,1,4060.8,16,1,4060.6,1,1,4061.2,6,1,4061.3,11,1,4061.5,883,2,4062.0,239,7,4062.2,5,2
11483,2026-07-02 15:21:41+05:30,4061.1,3,4039.18,2398713,140588.0,131144.0,4100.0,4110.0,4012.0,4092.6,25786075,4501.8,3683.4,4440.0,3288.1,4061.0,3,3,4060.9,2,1,4060.8,16,1,4060.6,1,1,4060.5,1,1,4061.1,13,1,4061.2,59,3,4061.3,11,1,4061.4,234,2,4061.5,967,2
11483,2026-07-02 15:21:41+05:30,4061.1,9,4039.18,2398713,140588.0,131144.0,4100.0,4110.0,4012.0,4092.6,25786075,4501.8,3683.4,4440.0,3288.1,4061.0,3,3,4060.9,2,1,4060.8,16,1,4060.6,1,1,4060.5,1,1,4061.1,13,1,4061.2,59,3,4061.3,11,1,4061.4,234,2,4061.5,967,2
11483,2026-07-02 15:21:42+05:30,4060.8,4,4039.18,2398875,144314.0,130877.0,4100.0,4110.0,4012.0,4092.6,25786075,4501.8,3683.4,4440.0,3288.1,4060.8,2,1,4060.0,4,2,4059.7,4,1,4059.1,2,1,4059.0,35,3,4061.0,3,1,4061.1,24,4,4061.2,82,4,4061.3,11,1,4061.4,355,2
11483,2026-07-02 15:21:42+05:30,4060.8,4,4039.18,2398875,144314.0,130877.0,4100.0,4110.0,4012.0,4092.6,25786075,4501.8,3683.4,4440.0,3288.1,4060.8,2,1,4060.0,4,2,4059.7,4,1,4059.1,2,1,4059.0,35,3,4061.0,3,1,4061.1,24,4,4061.2,82,4,4061.3,11,1,4061.4,355,2
11483,2026-07-02 15:21:43+05:30,4061.0,3,4039.18,2398917,140851.0,131583.0,4100.0,4110.0,4012.0,4092.6,25786075,4501.8,3683.4,4440.0,3288.1,4060.9,2,1,4060.8,1,1,4060.6,93,3,4060.3,12,1,4060.0,4,2,4061.0,1,1,4061.1,18,2,4061.2,58,3,4061.3,11,1,4061.4,49,1
11483,2026-07-02 15:21:43+05:30,4061.0,3,4039.18,2398917,140851.0,131583.0,4100.0,4110.0,4012.0,4092.6,25786075,4501.8,3683.4,4440.0,3288.1,4060.9,2,1,4060.8,1,1,4060.6,93,3,4060.3,12,1,4060.0,4,2,4061.0,1,1,4061.1,18,2,4061.2,58,3,4061.3,11,1,4061.4,49,1
11483,2026-07-02 15:21:44+05:30,4061.0,4,4039.18,2398923,140847.0,131747.0,4100.0,4110.0,4012.0,4092.6,25786075,4501.8,3683.4,4440.0,3288.1,4060.9,8,3,4060.8,1,1,4060.6,93,3,4060.3,12,1,4060.0,4,2,4061.0,8,1,4061.1,22,3,4061.2,58,3,4061.3,261,2,4061.4,49,1
11483,2026-07-02 15:21:44+05:30,4061.0,1,4039.18,2398923,140847.0,131747.0,4100.0,4110.0,4012.0,4092.6,25786075,4501.8,3683.4,4440.0,3288.1,4060.9,8,3,4060.8,1,1,4060.6,93,3,4060.3,12,1,4060.0,4,2,4061.0,8,1,4061.1,22,3,4061.2,58,3,4061.3,261,2,4061.4,49,1
11483,2026-07-02 15:21:44+05:30,4061.0,1,4039.18,2398923,140847.0,131747.0,4100.0,4110.0,4012.0,4092.6,25786075,4501.8,3683.4,4440.0,3288.1,4060.9,8,3,4060.8,1,1,4060.6,93,3,4060.3,12,1,4060.0,4,2,4061.0,8,1,4061.1,22,3,4061.2,58,3,4061.3,261,2,4061.4,49,1
11483,2026-07-02 15:21:45+05:30,4061.0,1,4039.18,2398923,140847.0,131747.0,4100.0,4110.0,4012.0,4092.6,25786075,4501.8,3683.4,4440.0,3288.1,4060.9,8,3,4060.8,1,1,4060.6,93,3,4060.3,12,1,4060.0,4,2,4061.0,8,1,4061.1,22,3,4061.2,58,3,4061.3,261,2,4061.4,49,1
11483,2026-07-02 15:21:45+05:30,4061.0,1,4039.18,2398927,140735.0,131629.0,4100.0,4110.0,4012.0,4092.6,25786075,4501.8,3683.4,4440.0,3288.1,4060.9,8,5,4060.8,1,1,4060.6,93,3,4060.3,12,1,4060.0,4,2,4061.0,95,6,4061.1,22,3,4061.2,2,2,4061.3,261,2,4061.4,49,1
11483,2026-07-02 15:21:45+05:30,4061.0,1,4039.18,2398927,140735.0,131629.0,4100.0,4110.0,4012.0,4092.6,25786075,4501.8,3683.4,4440.0,3288.1,4060.9,8,5,4060.8,1,1,4060.6,93,3,4060.3,12,1,4060.0,4,2,4061.0,95,6,4061.1,22,3,4061.2,2,2,4061.3,261,2,4061.4,49,1
11483,2026-07-02 15:21:45+05:30,4061.0,1,4039.18,2398927,140735.0,131629.0,4100.0,4110.0,4012.0,4092.6,25786075,4501.8,3683.4,4440.0,3288.1,4060.9,8,5,4060.8,1,1,4060.6,93,3,4060.3,12,1,4060.0,4,2,4061.0,95,6,4061.1,22,3,4061.2,2,2,4061.3,261,2,4061.4,49,1
11483,2026-07-02 15:21:46+05:30,4061.0,1,4039.18,2398927,140735.0,131629.0,4100.0,4110.0,4012.0,4092.6,25786075,4501.8,3683.4,4440.0,3288.1,4060.9,8,5,4060.8,1,1,4060.6,93,3,4060.3,12,1,4060.0,4,2,4061.0,95,6,4061.1,22,3,4061.2,2,2,4061.3,261,2,4061.4,49,1
11483,2026-07-02 15:21:46+05:30,4061.0,1,4039.18,2398967,140594.0,131466.0,4100.0,4110.0,4012.0,4092.6,25786075,4501.8,3683.4,4440.0,3288.1,4060.9,9,5,4060.8,1,1,4060.6,93,3,4060.3,40,2,4060.0,4,2,4061.0,69,4,4061.1,5,2,4061.2,2,2,4061.3,261,2,4061.4,49,1
11483,2026-07-02 15:21:46+05:30,4061.0,1,4039.18,2398967,140594.0,131466.0,4100.0,4110.0,4012.0,4092.6,25786075,4501.8,3683.4,4440.0,3288.1,4060.9,9,5,4060.8,1,1,4060.6,93,3,4060.3,40,2,4060.0,4,2,4061.0,69,4,4061.1,5,2,4061.2,2,2,4061.3,261,2,4061.4,49,1
11483,2026-07-02 15:21:46+05:30,4061.0,1,4039.18,2398967,140594.0,131466.0,4100.0,4110.0,4012.0,4092.6,25786075,4501.8,3683.4,4440.0,3288.1,4060.9,9,5,4060.8,1,1,4060.6,93,3,4060.3,40,2,4060.0,4,2,4061.0,69,4,4061.1,5,2,4061.2,2,2,4061.3,261,2,4061.4,49,1
11483,2026-07-02 15:21:47+05:30,4061.0,3,4039.18,2398967,140594.0,131466.0,4100.0,4110.0,4012.0,4092.6,25786075,4501.8,3683.4,4440.0,3288.1,4060.9,9,5,4060.8,1,1,4060.6,93,3,4060.3,40,2,4060.0,4,2,4061.0,69,4,4061.1,5,2,4061.2,2,2,4061.3,261,2,4061.4,49,1
11483,2026-07-02 15:21:47+05:30,4061.0,3,4039.18,2398967,140594.0,131466.0,4100.0,4110.0,4012.0,4092.6,25786075,4501.8,3683.4,4440.0,3288.1,4060.9,9,5,4060.8,1,1,4060.6,93,3,4060.3,40,2,4060.0,4,2,4061.0,69,4,4061.1,5,2,4061.2,2,2,4061.3,261,2,4061.4,49,1
11483,2026-07-02 15:21:47+05:30,4061.0,3,4039.18,2398997,140595.0,132242.0,4100.0,4110.0,4012.0,4092.6,25786075,4501.8,3683.4,4440.0,3288.1,4060.8,1,1,4060.7,1,1,4060.6,93,3,4060.3,12,1,4060.0,4,2,4061.0,68,6,4061.1,5,2,4061.2,1,1,4061.3,261,2,4061.4,49,1
11483,2026-07-02 15:21:48+05:30,4061.0,3,4039.18,2398997,140595.0,132242.0,4100.0,4110.0,4012.0,4092.6,25786075,4501.8,3683.4,4440.0,3288.1,4060.8,1,1,4060.7,1,1,4060.6,93,3,4060.3,12,1,4060.0,4,2,4061.0,68,6,4061.1,5,2,4061.2,1,1,4061.3,261,2,4061.4,49,1
11483,2026-07-02 15:21:48+05:30,4061.0,3,4039.18,2398997,140551.0,132265.0,4100.0,4110.0,4012.0,4092.6,25786075,4501.8,3683.4,4440.0,3288.1,4060.8,6,4,4060.7,1,1,4060.6,93,3,4060.3,12,1,4060.0,4,2,4061.0,72,7,4061.1,5,2,4061.2,1,1,4061.3,261,2,4061.4,49,1
11483,2026-07-02 15:21:48+05:30,4061.0,3,4039.18,2398997,140551.0,132265.0,4100.0,4110.0,4012.0,4092.6,25786075,4501.8,3683.4,4440.0,3288.1,4060.8,6,4,4060.7,1,1,4060.6,93,3,4060.3,12,1,4060.0,4,2,4061.0,72,7,4061.1,5,2,4061.2,1,1,4061.3,261,2,4061.4,49,1
11483,2026-07-02 15:21:49+05:30,4061.0,3,4039.18,2398997,140551.0,132265.0,4100.0,4110.0,4012.0,4092.6,25786075,4501.8,3683.4,4440.0,3288.1,4060.8,6,4,4060.7,1,1,4060.6,93,3,4060.3,12,1,4060.0,4,2,4061.0,72,7,4061.1,5,2,4061.2,1,1,4061.3,261,2,4061.4,49,1
11483,2026-07-02 15:21:49+05:30,4061.0,3,4039.18,2398997,140551.0,132265.0,4100.0,4110.0,4012.0,4092.6,25789575,4501.8,3683.4,4440.0,3288.1,4060.8,6,4,4060.7,1,1,4060.6,93,3,4060.3,12,1,4060.0,4,2,4061.0,72,7,4061.1,5,2,4061.2,1,1,4061.3,261,2,4061.4,49,1
11483,2026-07-02 15:21:49+05:30,4060.9,1,4039.18,2398997,140551.0,132265.0,4100.0,4110.0,4012.0,4092.6,25789575,4501.8,3683.4,4440.0,3288.1,4060.8,6,4,4060.7,1,1,4060.6,93,3,4060.3,12,1,4060.0,4,2,4061.0,72,7,4061.1,5,2,4061.2,1,1,4061.3,261,2,4061.4,49,1
11483,2026-07-02 15:21:49+05:30,4060.8,3,4039.18,2399011,140411.0,132372.0,4100.0,4110.0,4012.0,4092.6,25789575,4501.8,3683.4,4440.0,3288.1,4060.7,1,1,4060.6,93,3,4060.3,12,1,4060.0,4,2,4059.7,4,1,4060.8,11,1,4061.0,177,11,4061.1,7,3,4061.2,1,1,4061.3,250,1
11483,2026-07-02 15:21:49+05:30,4060.8,3,4039.18,2399011,140411.0,132372.0,4100.0,4110.0,4012.0,4092.6,25789575,4501.8,3683.4,4440.0,3288.1,4060.7,1,1,4060.6,93,3,4060.3,12,1,4060.0,4,2,4059.7,4,1,4060.8,11,1,4061.0,177,11,4061.1,7,3,4061.2,1,1,4061.3,250,1
11483,2026-07-02 15:21:50+05:30,4060.8,3,4039.18,2399011,140411.0,132372.0,4100.0,4110.0,4012.0,4092.6,25789575,4501.8,3683.4,4440.0,3288.1,4060.7,1,1,4060.6,93,3,4060.3,12,1,4060.0,4,2,4059.7,4,1,4060.8,11,1,4061.0,177,11,4061.1,7,3,4061.2,1,1,4061.3,250,1
11483,2026-07-02 15:21:50+05:30,4060.7,3,4039.18,2399011,140411.0,132372.0,4100.0,4110.0,4012.0,4092.6,25789575,4501.8,3683.4,4440.0,3288.1,4060.7,1,1,4060.6,93,3,4060.3,12,1,4060.0,4,2,4059.7,4,1,4060.8,11,1,4061.0,177,11,4061.1,7,3,4061.2,1,1,4061.3,250,1
11483,2026-07-02 15:21:50+05:30,4060.7,3,4039.18,2399011,140411.0,132372.0,4100.0,4110.0,4012.0,4092.6,25789575,4501.8,3683.4,4440.0,3288.1,4060.7,1,1,4060.6,93,3,4060.3,12,1,4060.0,4,2,4059.7,4,1,4060.8,11,1,4061.0,177,11,4061.1,7,3,4061.2,1,1,4061.3,250,1
11483,2026-07-02 15:21:50+05:30,4060.7,3,4039.18,2399020,140070.0,132436.0,4100.0,4110.0,4012.0,4092.6,25789575,4501.8,3683.4,4440.0,3288.1,4060.6,93,3,4060.3,12,1,4060.0,4,2,4059.7,4,1,4059.2,18,1,4060.7,11,1,4060.8,6,2,4060.9,15,2,4061.0,163,7,4061.1,7,3
11483,2026-07-02 15:21:50+05:30,4060.7,3,4039.18,2399020,140070.0,132436.0,4100.0,4110.0,4012.0,4092.6,25789575,4501.8,3683.4,4440.0,3288.1,4060.6,93,3,4060.3,12,1,4060.0,4,2,4059.7,4,1,4059.2,18,1,4060.7,11,1,4060.8,6,2,4060.9,15,2,4061.0,163,7,4061.1,7,3
11483,2026-07-02 15:21:51+05:30,4060.7,3,4039.18,2399020,140070.0,132436.0,4100.0,4110.0,4012.0,4092.6,25789575,4501.8,3683.4,4440.0,3288.1,4060.6,93,3,4060.3,12,1,4060.0,4,2,4059.7,4,1,4059.2,18,1,4060.7,11,1,4060.8,6,2,4060.9,15,2,4061.0,163,7,4061.1,7,3
11483,2026-07-02 15:21:51+05:30,4060.8,3,4039.18,2399020,140070.0,132436.0,4100.0,4110.0,4012.0,4092.6,25789575,4501.8,3683.4,4440.0,3288.1,4060.6,93,3,4060.3,12,1,4060.0,4,2,4059.7,4,1,4059.2,18,1,4060.7,11,1,4060.8,6,2,4060.9,15,2,4061.0,163,7,4061.1,7,3
11483,2026-07-02 15:21:51+05:30,4060.8,3,4039.18,2399020,140070.0,132436.0,4100.0,4110.0,4012.0,4092.6,25789575,4501.8,3683.4,4440.0,3288.1,4060.6,93,3,4060.3,12,1,4060.0,4,2,4059.7,4,1,4059.2,18,1,4060.7,11,1,4060.8,6,2,4060.9,15,2,4061.0,163,7,4061.1,7,3
11483,2026-07-02 15:21:51+05:30,4060.8,2,4039.18,2399183,140072.0,132355.0,4100.0,4110.0,4012.0,4092.6,25789575,4501.8,3683.4,4440.0,3288.1,4060.8,6,1,4060.7,3,1,4060.6,95,4,4060.3,12,1,4060.0,4,2,4060.9,4,1,4061.0,112,9,4061.1,7,3,4061.3,250,1,4061.4,49,1
11483,2026-07-02 15:21:52+05:30,4060.9,1,4039.18,2399183,140072.0,132355.0,4100.0,4110.0,4012.0,4092.6,25789575,4501.8,3683.4,4440.0,3288.1,4060.8,6,1,4060.7,3,1,4060.6,95,4,4060.3,12,1,4060.0,4,2,4060.9,4,1,4061.0,112,9,4061.1,7,3,4061.3,250,1,4061.4,49,1
11483,2026-07-02 15:21:53+05:30,4060.8,4,4039.18,2399333,139896.0,132684.0,4100.0,4110.0,4012.0,4092.6,25789575,4501.8,3683.4,4440.0,3288.1,4060.6,42,2,4060.3,12,1,4060.0,4,2,4059.7,4,1,4059.3,10,1,4060.8,9,1,4060.9,115,5,4061.0,36,6,4061.1,7,3,4061.3,263,2
11483,2026-07-02 15:21:53+05:30,4060.8,3,4039.18,2399333,139896.0,132684.0,4100.0,4110.0,4012.0,4092.6,25789575,4501.8,3683.4,4440.0,3288.1,4060.6,42,2,4060.3,12,1,4060.0,4,2,4059.7,4,1,4059.3,10,1,4060.8,9,1,4060.9,115,5,4061.0,36,6,4061.1,7,3,4061.3,263,2
11483,2026-07-02 15:21:54+05:30,4060.8,1,4039.19,2399457,139881.0,132297.0,4100.0,4110.0,4012.0,4092.6,25789575,4501.8,3683.4,4440.0,3288.1,4060.6,2,1,4060.3,12,1,4060.0,4,2,4059.7,4,1,4059.1,2,1,4060.8,14,2,4060.9,115,5,4061.0,68,8,4061.1,6,2,4061.3,274,2
11483,2026-07-02 15:21:54+05:30,4060.6,4,4039.19,2399457,139881.0,132297.0,4100.0,4110.0,4012.0,4092.6,25789575,4501.8,3683.4,4440.0,3288.1,4060.6,2,1,4060.3,12,1,4060.0,4,2,4059.7,4,1,4059.1,2,1,4060.8,14,2,4060.9,115,5,4061.0,68,8,4061.1,6,2,4061.3,274,2
11483,2026-07-02 15:21:55+05:30,4060.6,1,4039.19,2399468,144055.0,132594.0,4100.0,4110.0,4012.0,4092.6,25789575,4501.8,3683.4,4440.0,3288.1,4060.6,7,3,4060.1,15,1,4060.0,4,2,4059.7,4,1,4059.1,2,1,4060.8,16,4,4060.9,113,4,4061.0,68,8,4061.1,2,1,4061.3,274,2
11483,2026-07-02 15:21:55+05:30,4060.8,1,4039.19,2399468,144055.0,132594.0,4100.0,4110.0,4012.0,4092.6,25789575,4501.8,3683.4,4440.0,3288.1,4060.6,7,3,4060.1,15,1,4060.0,4,2,4059.7,4,1,4059.1,2,1,4060.8,16,4,4060.9,113,4,4061.0,68,8,4061.1,2,1,4061.3,274,2
11483,2026-07-02 15:21:56+05:30,4060.7,5,4039.19,2400578,139079.0,131577.0,4100.0,4110.0,4012.0,4092.6,25789575,4501.8,3683.4,4440.0,3288.1,4059.2,2,1,4059.1,19,1,4059.0,10,1,4058.9,33,1,4058.5,99,2,4060.7,350,2,4060.8,211,11,4060.9,35,3,4061.0,68,8,4061.1,62,3
11483,2026-07-02 15:21:56+05:30,4060.7,5,4039.19,2400578,139079.0,131577.0,4100.0,4110.0,4012.0,4092.6,25789575,4501.8,3683.4,4440.0,3288.1,4059.2,2,1,4059.1,19,1,4059.0,10,1,4058.9,33,1,4058.5,99,2,4060.7,350,2,4060.8,211,11,4060.9,35,3,4061.0,68,8,4061.1,62,3
11483,2026-07-02 15:21:57+05:30,4058.6,3,4039.2,2400911,141751.0,131508.0,4100.0,4110.0,4012.0,4092.6,25789575,4501.8,3683.4,4440.0,3288.1,4058.7,77,3,4058.6,35,1,4058.5,33,1,4058.4,11,1,4058.3,26,2,4060.6,59,3,4060.7,109,7,4060.8,192,8,4060.9,74,3,4061.0,29,6
11483,2026-07-02 15:21:57+05:30,4058.6,3,4039.2,2400911,141751.0,131508.0,4100.0,4110.0,4012.0,4092.6,25789575,4501.8,3683.4,4440.0,3288.1,4058.7,77,3,4058.6,35,1,4058.5,33,1,4058.4,11,1,4058.3,26,2,4060.6,59,3,4060.7,109,7,4060.8,192,8,4060.9,74,3,4061.0,29,6
11483,2026-07-02 15:21:58+05:30,4058.7,32,4039.2,2400911,141751.0,131508.0,4100.0,4110.0,4012.0,4092.6,25789575,4501.8,3683.4,4440.0,3288.1,4058.7,77,3,4058.6,35,1,4058.5,33,1,4058.4,11,1,4058.3,26,2,4060.6,59,3,4060.7,109,7,4060.8,192,8,4060.9,74,3,4061.0,29,6
11483,2026-07-02 15:21:58+05:30,4058.7,32,4039.2,2401211,141813.0,131399.0,4100.0,4110.0,4012.0,4092.6,25789575,4501.8,3683.4,4440.0,3288.1,4058.7,93,2,4058.6,19,1,4058.5,33,1,4058.3,26,2,4058.2,24,1,4059.7,16,2,4060.0,3,1,4060.4,88,2,4060.5,49,1,4060.6,200,7
11483,2026-07-02 15:21:59+05:30,4059.7,1,4039.2,2401211,141813.0,131399.0,4100.0,4110.0,4012.0,4092.6,25789575,4501.8,3683.4,4440.0,3288.1,4058.7,93,2,4058.6,19,1,4058.5,33,1,4058.3,26,2,4058.2,24,1,4059.7,16,2,4060.0,3,1,4060.4,88,2,4060.5,49,1,4060.6,200,7
11483,2026-07-02 15:21:59+05:30,4059.7,1,4039.2,2401228,141751.0,131308.0,4100.0,4110.0,4012.0,4092.6,25789575,4501.8,3683.4,4440.0,3288.1,4058.7,67,4,4058.5,33,1,4058.3,2,1,4058.2,24,1,4058.1,33,1,4059.7,18,3,4060.0,3,1,4060.4,68,1,4060.5,19,1,4060.6,172,7
11483,2026-07-02 15:22:00+05:30,4058.7,4,4039.2,2401228,141751.0,131308.0,4100.0,4110.0,4012.0,4092.6,25789575,4501.8,3683.4,4440.0,3288.1,4058.7,67,4,4058.5,33,1,4058.3,2,1,4058.2,24,1,4058.1,33,1,4059.7,18,3,4060.0,3,1,4060.4,68,1,4060.5,19,1,4060.6,172,7
11483,2026-07-02 15:22:00+05:30,4059.7,2,4039.2,2401490,142613.0,131352.0,4100.0,4110.0,4012.0,4092.6,25789575,4501.8,3683.4,4440.0,3288.1,4059.7,8,3,4058.7,43,2,4058.5,33,1,4058.4,24,1,4058.3,35,2,4059.9,2,1,4060.0,3,1,4060.6,245,7,4060.7,79,2,4060.8,53,5
11483,2026-07-02 15:22:01+05:30,4058.5,15,4039.2,2401490,142613.0,131352.0,4100.0,4110.0,4012.0,4092.6,25789575,4501.8,3683.4,4440.0,3288.1,4059.7,8,3,4058.7,43,2,4058.5,33,1,4058.4,24,1,4058.3,35,2,4059.9,2,1,4060.0,3,1,4060.6,245,7,4060.7,79,2,4060.8,53,5
11483,2026-07-02 15:22:01+05:30,4058.7,30,4039.2,2401685,141554.0,130502.0,4100.0,4110.0,4012.0,4092.6,25789575,4501.8,3683.4,4440.0,3288.1,4058.4,43,1,4058.3,48,2,4058.1,98,3,4058.0,33,1,4057.9,717,3,4059.7,3,1,4059.9,176,6,4060.0,3,1,4060.1,131,2,4060.4,2,1
11483,2026-07-02 15:22:02+05:30,4059.7,7,4039.2,2401685,141554.0,130502.0,4100.0,4110.0,4012.0,4092.6,25789575,4501.8,3683.4,4440.0,3288.1,4058.4,43,1,4058.3,48,2,4058.1,98,3,4058.0,33,1,4057.9,717,3,4059.7,3,1,4059.9,176,6,4060.0,3,1,4060.1,131,2,4060.4,2,1
11483,2026-07-02 15:22:02+05:30,4059.9,4,4039.2,2401712,141539.0,130659.0,4100.0,4110.0,4012.0,4092.6,25789575,4501.8,3683.4,4440.0,3288.1,4058.4,38,3,4058.3,43,1,4058.1,50,2,4058.0,33,1,4057.9,717,3,4059.9,185,7,4060.1,131,2,4060.4,2,1,4060.5,58,1,4060.6,97,3
11483,2026-07-02 15:22:03+05:30,4058.4,3,4039.2,2401712,141539.0,130659.0,4100.0,4110.0,4012.0,4092.6,25789575,4501.8,3683.4,4440.0,3288.1,4058.4,38,3,4058.3,43,1,4058.1,50,2,4058.0,33,1,4057.9,717,3,4059.9,185,7,4060.1,131,2,4060.4,2,1,4060.5,58,1,4060.6,97,3
11483,2026-07-02 15:22:03+05:30,4058.3,1,4039.2,2401779,141524.0,131558.0,4100.0,4110.0,4012.0,4092.6,25789575,4501.8,3683.4,4440.0,3288.1,4058.4,3,1,4058.1,33,1,4058.0,33,1,4057.9,717,3,4057.8,10,1,4058.7,10,1,4059.5,87,2,4059.6,86,3,4059.7,49,1,4059.8,147,2
11483,2026-07-02 15:22:04+05:30,4059.6,1,4039.2,2401779,141524.0,131558.0,4100.0,4110.0,4012.0,4092.6,25789575,4501.8,3683.4,4440.0,3288.1,4058.4,3,1,4058.1,33,1,4058.0,33,1,4057.9,717,3,4057.8,10,1,4058.7,10,1,4059.5,87,2,4059.6,86,3,4059.7,49,1,4059.8,147,2
11483,2026-07-02 15:22:04+05:30,4057.9,50,4039.21,2402185,141400.0,131200.0,4100.0,4110.0,4012.0,4092.6,25789575,4501.8,3683.4,4440.0,3288.1,4057.9,567,3,4057.8,10,1,4057.5,40,2,4057.3,26,2,4057.2,2,1,4058.7,5,1,4059.5,82,2,4059.6,98,4,4059.7,49,1,4059.8,149,3
11483,2026-07-02 15:22:05+05:30,4057.9,1,4039.21,2402185,141400.0,131200.0,4100.0,4110.0,4012.0,4092.6,25789575,4501.8,3683.4,4440.0,3288.1,4057.9,567,3,4057.8,10,1,4057.5,40,2,4057.3,26,2,4057.2,2,1,4058.7,5,1,4059.5,82,2,4059.6,98,4,4059.7,49,1,4059.8,149,3
11483,2026-07-02 15:22:05+05:30,4058.4,1,4039.21,2402194,141192.0,131117.0,4100.0,4110.0,4012.0,4092.6,25789575,4501.8,3683.4,4440.0,3288.1,4058.4,1,1,4057.9,594,4,4057.8,10,1,4057.6,24,1,4057.5,90,3,4058.7,3,2,4059.3,14,1,4059.4,28,2,4059.6,45,2,4059.7,2,1
11483,2026-07-02 15:22:06+05:30,4059.3,59,4039.21,2402194,141192.0,131117.0,4100.0,4110.0,4012.0,4092.6,25789575,4501.8,3683.4,4440.0,3288.1,4058.4,1,1,4057.9,594,4,4057.8,10,1,4057.6,24,1,4057.5,90,3,4058.7,3,2,4059.3,14,1,4059.4,28,2,4059.6,45,2,4059.7,2,1
11483,2026-07-02 15:22:06+05:30,4058.5,6,4039.21,2402295,141995.0,130993.0,4100.0,4110.0,4012.0,4092.6,25789575,4501.8,3683.4,4440.0,3288.1,4058.5,16,1,4058.4,6,3,4058.0,34,1,4057.9,624,5,4057.8,10,1,4059.3,13,1,4059.6,11,1,4059.7,13,1,4059.9,3,1,4060.0,23,2
11483,2026-07-02 15:22:07+05:30,4058.5,6,4039.21,2402295,141995.0,130993.0,4100.0,4110.0,4012.0,4092.6,25789575,4501.8,3683.4,4440.0,3288.1,4058.5,16,1,4058.4,6,3,4058.0,34,1,4057.9,624,5,4057.8,10,1,4059.3,13,1,4059.6,11,1,4059.7,13,1,4059.9,3,1,4060.0,23,2
11483,2026-07-02 15:22:08+05:30,4059.6,2,4039.21,2402463,142307.0,130584.0,4100.0,4110.0,4012.0,4092.6,25789575,4501.8,3683.4,4440.0,3288.1,4058.5,19,2,4058.4,2,2,4058.3,2,1,4058.2,10,1,4058.1,24,1,4059.6,10,1,4060.0,45,3,4060.2,78,1,4060.5,40,1,4060.6,90,3
11483,2026-07-02 15:22:08+05:30,4058.5,10,4039.21,2402463,142307.0,130584.0,4100.0,4110.0,4012.0,4092.6,25789575,4501.8,3683.4,4440.0,3288.1,4058.5,19,2,4058.4,2,2,4058.3,2,1,4058.2,10,1,4058.1,24,1,4059.6,10,1,4060.0,45,3,4060.2,78,1,4060.5,40,1,4060.6,90,3
11483,2026-07-02 15:22:09+05:30,4059.6,1,4039.21,2402474,141966.0,130540.0,4100.0,4110.0,4012.0,4092.6,25789575,4501.8,3683.4,4440.0,3288.1,4058.5,53,5,4058.4,2,2,4058.3,2,1,4058.2,10,1,4058.0,25,2,4059.6,37,2,4060.0,2,1,4060.2,78,1,4060.5,48,1,4060.6,90,3
11483,2026-07-02 15:22:09+05:30,4059.4,2,4039.21,2402474,141966.0,130540.0,4100.0,4110.0,4012.0,4092.6,25789575,4501.8,3683.4,4440.0,3288.1,4058.5,53,5,4058.4,2,2,4058.3,2,1,4058.2,10,1,4058.0,25,2,4059.6,37,2,4060.0,2,1,4060.2,78,1,4060.5,48,1,4060.6,90,3
11483,2026-07-02 15:22:10+05:30,4059.4,24,4039.21,2402586,142084.0,131052.0,4100.0,4110.0,4012.0,4092.6,25789575,4501.8,3683.4,4440.0,3288.1,4058.5,18,2,4058.4,2,2,4058.3,2,1,4058.0,25,2,4057.9,673,6,4059.4,38,1,4059.6,30,2,4059.9,12,1,4060.0,2,1,4060.1,28,1
11483,2026-07-02 15:22:10+05:30,4058.5,6,4039.21,2402586,142084.0,131052.0,4100.0,4110.0,4012.0,4092.6,25789575,4501.8,3683.4,4440.0,3288.1,4058.5,18,2,4058.4,2,2,4058.3,2,1,4058.0,25,2,4057.9,673,6,4059.4,38,1,4059.6,30,2,4059.9,12,1,4060.0,2,1,4060.1,28,1
11483,2026-07-02 15:22:11+05:30,4058.5,1,4039.21,2402611,142232.0,131073.0,4100.0,4110.0,4012.0,4092.6,25789575,4501.8,3683.4,4440.0,3288.1,4058.5,23,4,4058.4,2,2,4058.3,28,2,4058.0,1,1,4057.9,624,5,4059.3,26,1,4059.4,90,4,4059.6,23,2,4059.9,100,1,4060.0,2,1
11483,2026-07-02 15:22:11+05:30,4059.3,3,4039.21,2402611,142232.0,131073.0,4100.0,4110.0,4012.0,4092.6,25789575,4501.8,3683.4,4440.0,3288.1,4058.5,23,4,4058.4,2,2,4058.3,28,2,4058.0,1,1,4057.9,624,5,4059.3,26,1,4059.4,90,4,4059.6,23,2,4059.9,100,1,4060.0,2,1
11483,2026-07-02 15:22:12+05:30,4058.4,7,4039.21,2402785,140725.0,130939.0,4100.0,4110.0,4012.0,4092.6,25789575,4501.8,3683.4,4440.0,3288.1,4058.4,2,1,4058.3,3,2,4058.0,1,1,4057.9,624,5,4057.8,10,1,4059.3,31,4,4059.4,59,4,4059.6,30,3,4059.9,113,2,4060.0,43,3
11483,2026-07-02 15:22:12+05:30,4058.3,4,4039.21,2402785,140725.0,130939.0,4100.0,4110.0,4012.0,4092.6,25789575,4501.8,3683.4,4440.0,3288.1,4058.4,2,1,4058.3,3,2,4058.0,1,1,4057.9,624,5,4057.8,10,1,4059.3,31,4,4059.4,59,4,4059.6,30,3,4059.9,113,2,4060.0,43,3
11483,2026-07-02 15:22:13+05:30,4059.3,1,4039.21,2402797,140862.0,130218.0,4100.0,4110.0,4012.0,4092.6,25789575,4501.8,3683.4,4440.0,3288.1,4058.7,13,1,4058.5,3,2,4058.4,19,3,4058.3,2,1,4058.2,3,1,4059.3,36,7,4059.4,54,2,4059.6,16,3,4059.9,100,1,4060.0,3,2
11483,2026-07-02 15:22:13+05:30,4058.7,3,4039.21,2402797,140862.0,130218.0,4100.0,4110.0,4012.0,4092.6,25789575,4501.8,3683.4,4440.0,3288.1,4058.7,13,1,4058.5,3,2,4058.4,19,3,4058.3,2,1,4058.2,3,1,4059.3,36,7,4059.4,54,2,4059.6,16,3,4059.9,100,1,4060.0,3,2
11483,2026-07-02 15:22:14+05:30,4058.7,10,4039.21,2402797,140862.0,130218.0,4100.0,4110.0,4012.0,4092.6,25789575,4501.8,3683.4,4440.0,3288.1,4058.7,13,1,4058.5,3,2,4058.4,19,3,4058.3,2,1,4058.2,3,1,4059.3,36,7,4059.4,54,2,4059.6,16,3,4059.9,100,1,4060.0,3,2
11483,2026-07-02 15:22:14+05:30,4058.7,10,4039.21,2402811,140641.0,130417.0,4100.0,4110.0,4012.0,4092.6,25789575,4501.8,3683.4,4440.0,3288.1,4058.7,19,2,4058.5,3,2,4058.4,1,1,4058.3,2,1,4058.2,4,2,4059.1,13,1,4059.3,88,9,4059.4,7,1,4059.6,16,3,4059.9,100,1
11483,2026-07-02 15:22:15+05:30,4059.1,1,4039.21,2402811,140641.0,130417.0,4100.0,4110.0,4012.0,4092.6,25789575,4501.8,3683.4,4440.0,3288.1,4058.7,19,2,4058.5,3,2,4058.4,1,1,4058.3,2,1,4058.2,4,2,4059.1,13,1,4059.3,88,9,4059.4,7,1,4059.6,16,3,4059.9,100,1
11483,2026-07-02 15:22:15+05:30,4058.7,11,4039.21,2402875,140629.0,130363.0,4100.0,4110.0,4012.0,4092.6,25789575,4501.8,3683.4,4440.0,3288.1,4058.7,7,1,4058.5,3,2,4058.3,3,2,4058.2,4,2,4058.0,16,2,4059.1,8,2,4059.3,101,10,4059.4,7,1,4059.6,1,1,4059.9,100,1
11483,2026-07-02 15:22:16+05:30,4059.1,4,4039.21,2402875,140629.0,130363.0,4100.0,4110.0,4012.0,4092.6,25789575,4501.8,3683.4,4440.0,3288.1,4058.7,7,1,4058.5,3,2,4058.3,3,2,4058.2,4,2,4058.0,16,2,4059.1,8,2,4059.3,101,10,4059.4,7,1,4059.6,1,1,4059.9,100,1
11483,2026-07-02 15:22:16+05:30,4058.5,1,4039.21,2402940,142517.0,129399.0,4100.0,4110.0,4012.0,4092.6,25789575,4501.8,3683.4,4440.0,3288.1,4058.5,3,2,4058.3,3,2,4058.2,4,2,4058.1,525,1,4058.0,16,2,4059.1,27,5,4059.3,87,4,4059.4,7,1,4059.6,1,1,4060.0,43,3
11483,2026-07-02 15:22:17+05:30,4058.2,10,4039.21,2402940,142517.0,129399.0,4100.0,4110.0,4012.0,4092.6,25789575,4501.8,3683.4,4440.0,3288.1,4058.5,3,2,4058.3,3,2,4058.2,4,2,4058.1,525,1,4058.0,16,2,4059.1,27,5,4059.3,87,4,4059.4,7,1,4059.6,1,1,4060.0,43,3
11483,2026-07-02 15:22:17+05:30,4059.1,2,4039.21,2402995,142196.0,129347.0,4100.0,4110.0,4012.0,4092.6,25789575,4501.8,3683.4,4440.0,3288.1,4059.0,38,1,4058.2,3,1,4058.1,525,1,4058.0,16,2,4057.9,609,5,4059.1,118,9,4059.3,23,2,4059.4,7,1,4059.6,1,1,4059.7,13,2
11483,2026-07-02 15:22:18+05:30,4059.0,3,4039.21,2402995,142196.0,129347.0,4100.0,4110.0,4012.0,4092.6,25789575,4501.8,3683.4,4440.0,3288.1,4059.0,38,1,4058.2,3,1,4058.1,525,1,4058.0,16,2,4057.9,609,5,4059.1,118,9,4059.3,23,2,4059.4,7,1,4059.6,1,1,4059.7,13,2
11483,2026-07-02 15:22:18+05:30,4058.7,3,4039.21,2403045,142164.0,129368.0,4100.0,4110.0,4012.0,4092.6,25789575,4501.8,3683.4,4440.0,3288.1,4058.7,8,1,4058.6,15,1,4058.2,3,1,4058.1,525,1,4058.0,1,1,4059.0,16,1,4059.1,115,10,4059.3,10,1,4059.4,7,1,4059.6,1,1
11483,2026-07-02 15:22:19+05:30,4059.0,1,4039.21,2403045,142164.0,129368.0,4100.0,4110.0,4012.0,4092.6,25789575,4501.8,3683.4,4440.0,3288.1,4058.7,8,1,4058.6,15,1,4058.2,3,1,4058.1,525,1,4058.0,1,1,4059.0,16,1,4059.1,115,10,4059.3,10,1,4059.4,7,1,4059.6,1,1
11483,2026-07-02 15:22:19+05:30,4058.9,2,4039.21,2403048,142098.0,129451.0,4100.0,4110.0,4012.0,4092.6,25789575,4501.8,3683.4,4440.0,3288.1,4058.7,14,3,4058.6,15,1,4058.2,3,1,4058.1,525,1,4058.0,1,1,4058.9,54,1,4059.0,26,5,4059.1,108,7,4059.3,10,1,4059.6,1,1
11483,2026-07-02 15:22:20+05:30,4058.7,4,4039.21,2403048,142098.0,129451.0,4100.0,4110.0,4012.0,4092.6,25789575,4501.8,3683.4,4440.0,3288.1,4058.7,14,3,4058.6,15,1,4058.2,3,1,4058.1,525,1,4058.0,1,1,4058.9,54,1,4059.0,26,5,4059.1,108,7,4059.3,10,1,4059.6,1,1
11483,2026-07-02 15:22:21+05:30,4058.7,10,4039.22,2403118,142031.0,129474.0,4100.0,4110.0,4012.0,4092.6,25789575,4501.8,3683.4,4440.0,3288.1,4058.6,15,1,4058.2,3,1,4058.1,525,1,4058.0,1,1,4057.9,596,4,4058.9,192,7,4059.0,11,4,4059.1,5,1,4059.6,1,1,4059.8,13,2
11483,2026-07-02 15:22:21+05:30,4058.7,86,4039.22,2403118,142031.0,129474.0,4100.0,4110.0,4012.0,4092.6,25789575,4501.8,3683.4,4440.0,3288.1,4058.6,15,1,4058.2,3,1,4058.1,525,1,4058.0,1,1,4057.9,596,4,4058.9,192,7,4059.0,11,4,4059.1,5,1,4059.6,1,1,4059.8,13,2
11483,2026-07-02 15:22:22+05:30,4058.7,5,4039.22,2403283,142095.0,129438.0,4100.0,4110.0,4012.0,4092.6,25789575,4501.8,3683.4,4440.0,3288.1,4058.7,14,3,4058.6,15,1,4058.2,53,2,4058.1,525,1,4058.0,1,1,4058.9,147,8,4059.0,11,4,4059.1,19,2,4059.6,1,1,4059.8,13,2
11483,2026-07-02 15:22:22+05:30,4058.7,5,4039.22,2403283,142095.0,129438.0,4100.0,4110.0,4012.0,4092.6,25789575,4501.8,3683.4,4440.0,3288.1,4058.7,14,3,4058.6,15,1,4058.2,53,2,4058.1,525,1,4058.0,1,1,4058.9,147,8,4059.0,11,4,4059.1,19,2,4059.6,1,1,4059.8,13,2
11483,2026-07-02 15:22:23+05:30,4058.9,1,4039.22,2403386,142076.0,129431.0,4100.0,4110.0,4012.0,4092.6,25789575,4501.8,3683.4,4440.0,3288.1,4058.7,5,3,4058.6,15,1,4058.2,53,2,4058.1,525,1,4058.0,1,1,4058.9,156,12,4059.1,14,1,4059.6,1,1,4059.7,11,1,4059.8,2,1
11483,2026-07-02 15:22:23+05:30,4058.9,1,4039.22,2403386,142076.0,129431.0,4100.0,4110.0,4012.0,4092.6,25789575,4501.8,3683.4,4440.0,3288.1,4058.7,5,3,4058.6,15,1,4058.2,53,2,4058.1,525,1,4058.0,1,1,4058.9,156,12,4059.1,14,1,4059.6,1,1,4059.7,11,1,4059.8,2,1
11483,2026-07-02 15:22:24+05:30,4059.4,114,4039.22,2403829,142364.0,128689.0,4100.0,4110.0,4012.0,4092.6,25789575,4501.8,3683.4,4440.0,3288.1,4059.4,52,1,4058.9,1,1,4058.8,21,2,4058.7,8,5,4058.6,15,1,4060.0,59,5,4060.3,2,1,4060.4,2,1,4060.6,85,2,4060.7,77,1
11483,2026-07-02 15:22:24+05:30,4059.4,1,4039.22,2403829,142364.0,128689.0,4100.0,4110.0,4012.0,4092.6,25789575,4501.8,3683.4,4440.0,3288.1,4059.4,52,1,4058.9,1,1,4058.8,21,2,4058.7,8,5,4058.6,15,1,4060.0,59,5,4060.3,2,1,4060.4,2,1,4060.6,85,2,4060.7,77,1
11483,2026-07-02 15:22:25+05:30,4059.4,1,4039.22,2403894,142293.0,128526.0,4100.0,4110.0,4012.0,4092.6,25789575,4501.8,3683.4,4440.0,3288.1,4059.5,3,2,4059.4,51,3,4058.9,1,1,4058.8,12,1,4058.7,1,1,4060.0,61,6,4060.4,2,1,4060.6,85,2,4060.7,77,1,4060.8,30,4
11483,2026-07-02 15:22:25+05:30,4059.4,1,4039.22,2403894,142293.0,128526.0,4100.0,4110.0,4012.0,4092.6,25789575,4501.8,3683.4,4440.0,3288.1,4059.5,3,2,4059.4,51,3,4058.9,1,1,4058.8,12,1,4058.7,1,1,4060.0,61,6,4060.4,2,1,4060.6,85,2,4060.7,77,1,4060.8,30,4
11483,2026-07-02 15:22:26+05:30,4059.4,10,4039.22,2404003,142273.0,128514.0,4100.0,4110.0,4012.0,4092.6,25789575,4501.8,3683.4,4440.0,3288.1,4059.4,33,2,4058.9,1,1,4058.8,12,1,4058.7,1,1,4058.6,15,1,4059.9,2,1,4060.0,57,4,4060.4,2,1,4060.6,85,2,4060.7,77,1
11483,2026-07-02 15:22:26+05:30,4059.9,2,4039.22,2404003,142273.0,128514.0,4100.0,4110.0,4012.0,4092.6,25789575,4501.8,3683.4,4440.0,3288.1,4059.4,33,2,4058.9,1,1,4058.8,12,1,4058.7,1,1,4058.6,15,1,4059.9,2,1,4060.0,57,4,4060.4,2,1,4060.6,85,2,4060.7,77,1
11483,2026-07-02 15:22:27+05:30,4060.0,2,4039.22,2404126,142299.0,128501.0,4100.0,4110.0,4012.0,4092.6,25789575,4501.8,3683.4,4440.0,3288.1,4059.4,11,4,4058.8,12,1,4058.7,1,1,4058.6,15,1,4058.5,49,1,4060.0,9,3,4060.6,85,2,4060.7,77,1,4060.8,28,3,4060.9,351,4
11483,2026-07-02 15:22:27+05:30,4060.0,2,4039.22,2404126,142299.0,128501.0,4100.0,4110.0,4012.0,4092.6,25789575,4501.8,3683.4,4440.0,3288.1,4059.4,11,4,4058.8,12,1,4058.7,1,1,4058.6,15,1,4058.5,49,1,4060.0,9,3,4060.6,85,2,4060.7,77,1,4060.8,28,3,4060.9,351,4
11483,2026-07-02 15:22:28+05:30,4059.5,1,4039.22,2404133,142358.0,128512.0,4100.0,4110.0,4012.0,4092.6,25789575,4501.8,3683.4,4440.0,3288.1,4059.5,1,1,4059.4,20,7,4058.8,12,1,4058.7,1,1,4058.6,15,1,4060.0,56,4,4060.6,85,2,4060.7,89,2,4060.8,28,3,4060.9,321,2
11483,2026-07-02 15:22:28+05:30,4059.5,1,4039.22,2404133,142358.0,128512.0,4100.0,4110.0,4012.0,4092.6,25789575,4501.8,3683.4,4440.0,3288.1,4059.5,1,1,4059.4,20,7,4058.8,12,1,4058.7,1,1,4058.6,15,1,4060.0,56,4,4060.6,85,2,4060.7,89,2,4060.8,28,3,4060.9,321,2
11483,2026-07-02 15:22:29+05:30,4059.5,1,4039.22,2404146,142368.0,128587.0,4100.0,4110.0,4012.0,4092.6,25789575,4501.8,3683.4,4440.0,3288.1,4059.5,5,2,4059.4,23,7,4058.8,12,1,4058.7,1,1,4058.6,15,1,4060.0,115,5,4060.3,13,1,4060.6,85,2,4060.7,77,1,4060.8,28,3
11483,2026-07-02 15:22:29+05:30,4059.5,1,4039.22,2404146,142368.0,128587.0,4100.0,4110.0,4012.0,4092.6,25789575,4501.8,3683.4,4440.0,3288.1,4059.5,5,2,4059.4,23,7,4058.8,12,1,4058.7,1,1,4058.6,15,1,4060.0,115,5,4060.3,13,1,4060.6,85,2,4060.7,77,1,4060.8,28,3
11483,2026-07-02 15:22:30+05:30,4060.0,10,4039.22,2404146,142368.0,128587.0,4100.0,4110.0,4012.0,4092.6,25789575,4501.8,3683.4,4440.0,3288.1,4059.5,5,2,4059.4,23,7,4058.8,12,1,4058.7,1,1,4058.6,15,1,4060.0,115,5,4060.3,13,1,4060.6,85,2,4060.7,77,1,4060.8,28,3
11483,2026-07-02 15:22:30+05:30,4060.0,10,4039.22,2404160,142417.0,128570.0,4100.0,4110.0,4012.0,4092.6,25789575,4501.8,3683.4,4440.0,3288.1,4059.5,11,5,4059.4,17,4,4058.8,12,1,4058.7,1,1,4058.6,64,2,4060.0,102,6,4060.3,13,1,4060.6,85,2,4060.7,77,1,4060.8,28,3
11483,2026-07-02 15:22:31+05:30,4060.0,6,4039.22,2404160,142417.0,128570.0,4100.0,4110.0,4012.0,4092.6,25789575,4501.8,3683.4,4440.0,3288.1,4059.5,11,5,4059.4,17,4,4058.8,12,1,4058.7,1,1,4058.6,64,2,4060.0,102,6,4060.3,13,1,4060.6,85,2,4060.7,77,1,4060.8,28,3
11483,2026-07-02 15:22:31+05:30,4059.5,5,4039.23,2404383,143094.0,128453.0,4100.0,4110.0,4012.0,4092.6,25789575,4501.8,3683.4,4440.0,3288.1,4059.4,27,1,4058.8,12,1,4058.7,1,1,4058.6,15,1,4058.5,52,2,4059.5,3,1,4060.0,68,5,4060.3,13,1,4060.6,2,2,4060.7,177,2
11483,2026-07-02 15:22:32+05:30,4059.5,1,4039.23,2404383,143094.0,128453.0,4100.0,4110.0,4012.0,4092.6,25789575,4501.8,3683.4,4440.0,3288.1,4059.4,27,1,4058.8,12,1,4058.7,1,1,4058.6,15,1,4058.5,52,2,4059.5,3,1,4060.0,68,5,4060.3,13,1,4060.6,2,2,4060.7,177,2
11483,2026-07-02 15:22:32+05:30,4059.5,3,4039.23,2404416,143353.0,128524.0,4100.0,4110.0,4012.0,4092.6,25789575,4501.8,3683.4,4440.0,3288.1,4059.5,1,1,4059.4,32,3,4058.8,12,1,4058.7,1,1,4058.6,15,1,4060.0,45,2,4060.3,13,1,4060.6,2,2,4060.7,177,2,4060.8,28,3
11483,2026-07-02 15:22:33+05:30,4060.0,5,4039.23,2404416,143353.0,128524.0,4100.0,4110.0,4012.0,4092.6,25789575,4501.8,3683.4,4440.0,3288.1,4059.5,1,1,4059.4,32,3,4058.8,12,1,4058.7,1,1,4058.6,15,1,4060.0,45,2,4060.3,13,1,4060.6,2,2,4060.7,177,2,4060.8,28,3
11483,2026-07-02 15:22:33+05:30,4060.0,5,4039.23,2404429,143319.0,128545.0,4100.0,4110.0,4012.0,4092.6,25789575,4501.8,3683.4,4440.0,3288.1,4059.5,7,4,4059.4,27,1,4058.8,12,1,4058.6,15,1,4058.5,52,2,4060.0,37,3,4060.3,13,1,4060.6,1,1,4060.7,177,2,4060.8,52,4
11483,2026-07-02 15:22:34+05:30,4060.3,63,4039.23,2404429,143319.0,128545.0,4100.0,4110.0,4012.0,4092.6,25789575,4501.8,3683.4,4440.0,3288.1,4059.5,7,4,4059.4,27,1,4058.8,12,1,4058.6,15,1,4058.5,52,2,4060.0,37,3,4060.3,13,1,4060.6,1,1,4060.7,177,2,4060.8,52,4
11483,2026-07-02 15:22:34+05:30,4060.3,82,4039.23,2404672,143187.0,128496.0,4100.0,4110.0,4012.0,4092.6,25789575,4501.8,3683.4,4440.0,3288.1,4060.0,79,2,4059.6,11,1,4059.5,24,7,4059.4,1,1,4058.9,2,1,4060.3,11,1,4060.6,11,2,4060.7,77,1,4060.8,52,4,4060.9,20,2
11483,2026-07-02 15:22:35+05:30,4060.0,4,4039.23,2404672,143187.0,128496.0,4100.0,4110.0,4012.0,4092.6,25789575,4501.8,3683.4,4440.0,3288.1,4060.0,79,2,4059.6,11,1,4059.5,24,7,4059.4,1,1,4058.9,2,1,4060.3,11,1,4060.6,11,2,4060.7,77,1,4060.8,52,4,4060.9,20,2
11483,2026-07-02 15:22:36+05:30,4060.3,6,4039.23,2404706,142398.0,128729.0,4100.0,4110.0,4012.0,4092.6,25789575,4501.8,3683.4,4440.0,3288.1,4060.0,75,5,4059.6,11,1,4059.5,16,4,4059.4,10,2,4058.9,2,1,4060.3,5,1,4060.6,11,2,4060.7,77,1,4060.8,30,4,4060.9,20,2
11483,2026-07-02 15:22:36+05:30,4060.3,2,4039.23,2404706,142398.0,128729.0,4100.0,4110.0,4012.0,4092.6,25789575,4501.8,3683.4,4440.0,3288.1,4060.0,75,5,4059.6,11,1,4059.5,16,4,4059.4,10,2,4058.9,2,1,4060.3,5,1,4060.6,11,2,4060.7,77,1,4060.8,30,4,4060.9,20,2
11483,2026-07-02 15:22:37+05:30,4060.1,5,4039.23,2404749,142587.0,128698.0,4100.0,4110.0,4012.0,4092.6,25789575,4501.8,3683.4,4440.0,3288.1,4060.1,29,2,4060.0,59,5,4059.6,11,1,4059.5,13,1,4059.4,1,1,4060.3,56,3,4060.6,1,1,4060.7,77,1,4060.8,28,3,4060.9,22,3
11483,2026-07-02 15:22:37+05:30,4060.1,5,4039.23,2404749,142587.0,128698.0,4100.0,4110.0,4012.0,4092.6,25789575,4501.8,3683.4,4440.0,3288.1,4060.1,29,2,4060.0,59,5,4059.6,11,1,4059.5,13,1,4059.4,1,1,4060.3,56,3,4060.6,1,1,4060.7,77,1,4060.8,28,3,4060.9,22,3
11483,2026-07-02 15:22:38+05:30,4060.6,1,4039.23,2404812,142667.0,128768.0,4100.0,4110.0,4012.0,4092.6,25789575,4501.8,3683.4,4440.0,3288.1,4060.3,1,1,4060.1,37,5,4060.0,61,3,4059.6,11,1,4059.5,13,1,4060.7,77,1,4060.8,28,3,4060.9,22,3,4061.0,112,4,4061.1,2,1
11483,2026-07-02 15:22:38+05:30,4060.3,1,4039.23,2404812,142667.0,128768.0,4100.0,4110.0,4012.0,4092.6,25789575,4501.8,3683.4,4440.0,3288.1,4060.3,1,1,4060.1,37,5,4060.0,61,3,4059.6,11,1,4059.5,13,1,4060.7,77,1,4060.8,28,3,4060.9,22,3,4061.0,112,4,4061.1,2,1
11483,2026-07-02 15:22:39+05:30,4060.7,2,4039.23,2404869,142693.0,128690.0,4100.0,4110.0,4012.0,4092.6,25789575,4501.8,3683.4,4440.0,3288.1,4060.1,37,6,4060.0,64,4,4059.7,9,1,4059.6,11,1,4059.5,13,1,4060.7,25,1,4060.8,28,3,4060.9,20,2,4061.0,14,4,4061.1,2,1
11483,2026-07-02 15:22:39+05:30,4060.7,2,4039.23,2404869,142693.0,128690.0,4100.0,4110.0,4012.0,4092.6,25789575,4501.8,3683.4,4440.0,3288.1,4060.1,37,6,4060.0,64,4,4059.7,9,1,4059.6,11,1,4059.5,13,1,4060.7,25,1,4060.8,28,3,4060.9,20,2,4061.0,14,4,4061.1,2,1
11483,2026-07-02 15:22:40+05:30,4060.1,8,4039.23,2404892,142708.0,128757.0,4100.0,4110.0,4012.0,4092.6,25789575,4501.8,3683.4,4440.0,3288.1,4060.1,32,8,4060.0,64,4,4059.7,9,1,4059.6,11,1,4059.5,13,1,4060.7,27,4,4060.8,28,3,4060.9,20,2,4061.0,14,4,4061.1,2,1
11483,2026-07-02 15:22:40+05:30,4060.1,8,4039.23,2404892,142708.0,128757.0,4100.0,4110.0,4012.0,4092.6,25789575,4501.8,3683.4,4440.0,3288.1,4060.1,32,8,4060.0,64,4,4059.7,9,1,4059.6,11,1,4059.5,13,1,4060.7,27,4,4060.8,28,3,4060.9,20,2,4061.0,14,4,4061.1,2,1
11483,2026-07-02 15:22:41+05:30,4060.6,5,4039.23,2404892,142708.0,128757.0,4100.0,4110.0,4012.0,4092.6,25789575,4501.8,3683.4,4440.0,3288.1,4060.1,32,8,4060.0,64,4,4059.7,9,1,4059.6,11,1,4059.5,13,1,4060.7,27,4,4060.8,28,3,4060.9,20,2,4061.0,14,4,4061.1,2,1
11483,2026-07-02 15:22:41+05:30,4060.6,5,4039.23,2405012,142524.0,128729.0,4100.0,4110.0,4012.0,4092.6,25789575,4501.8,3683.4,4440.0,3288.1,4060.1,40,5,4060.0,64,4,4059.6,11,1,4059.5,23,2,4059.4,1,1,4060.6,2,1,4060.7,29,5,4060.8,28,3,4060.9,44,3,4061.0,12,3
11483,2026-07-02 15:22:42+05:30,4060.2,29,4039.23,2405012,142524.0,128729.0,4100.0,4110.0,4012.0,4092.6,25789575,4501.8,3683.4,4440.0,3288.1,4060.1,40,5,4060.0,64,4,4059.6,11,1,4059.5,23,2,4059.4,1,1,4060.6,2,1,4060.7,29,5,4060.8,28,3,4060.9,44,3,4061.0,12,3
11483,2026-07-02 15:22:42+05:30,4060.2,29,4039.23,2405066,142460.0,128820.0,4100.0,4110.0,4012.0,4092.6,25789575,4501.8,3683.4,4440.0,3288.1,4060.2,10,1,4060.1,25,3,4060.0,64,4,4059.6,11,1,4059.5,23,2,4060.6,6,3,4060.7,64,4,4060.8,28,3,4060.9,44,3,4061.0,12,3
11483,2026-07-02 15:22:43+05:30,4060.6,2,4039.23,2405066,142460.0,128820.0,4100.0,4110.0,4012.0,4092.6,25789575,4501.8,3683.4,4440.0,3288.1,4060.2,10,1,4060.1,25,3,4060.0,64,4,4059.6,11,1,4059.5,23,2,4060.6,6,3,4060.7,64,4,4060.8,28,3,4060.9,44,3,4061.0,12,3
11483,2026-07-02 15:22:43+05:30,4060.6,2,4039.23,2405078,142608.0,128869.0,4100.0,4110.0,4012.0,4092.6,25789575,4501.8,3683.4,4440.0,3288.1,4060.2,13,3,4060.1,24,2,4060.0,69,5,4059.6,11,1,4059.5,23,2,4060.6,2,1,4060.7,69,5,4060.8,28,3,4060.9,20,2,4061.0,12,3
11483,2026-07-02 15:22:44+05:30,4060.0,25,4039.23,2405078,142608.0,128869.0,4100.0,4110.0,4012.0,4092.6,25789575,4501.8,3683.4,4440.0,3288.1,4060.2,13,3,4060.1,24,2,4060.0,69,5,4059.6,11,1,4059.5,23,2,4060.6,2,1,4060.7,69,5,4060.8,28,3,4060.9,20,2,4061.0,12,3
11483,2026-07-02 15:22:44+05:30,4060.0,25,4039.23,2405078,142608.0,128869.0,4100.0,4110.0,4012.0,4092.6,25789575,4501.8,3683.4,4440.0,3288.1,4060.3,2,1,4060.2,34,2,4060.0,93,5,4059.6,11,1,4059.5,23,2,4060.6,67,7,4060.7,27,3,4060.8,28,3,4060.9,20,2,4061.0,12,3
11483,2026-07-02 15:22:44+05:30,4060.6,1,4039.23,2405330,142625.0,128927.0,4100.0,4110.0,4012.0,4092.6,25789575,4501.8,3683.4,4440.0,3288.1,4060.3,2,1,4060.2,34,2,4060.0,93,5,4059.6,11,1,4059.5,23,2,4060.6,67,7,4060.7,27,3,4060.8,28,3,4060.9,20,2,4061.0,12,3
11483,2026-07-02 15:22:45+05:30,4060.6,1,4039.23,2405330,142625.0,128927.0,4100.0,4110.0,4012.0,4092.6,25789575,4501.8,3683.4,4440.0,3288.1,4060.3,2,1,4060.2,34,2,4060.0,93,5,4059.6,11,1,4059.5,23,2,4060.6,67,7,4060.7,27,3,4060.8,28,3,4060.9,20,2,4061.0,12,3
11483,2026-07-02 15:22:45+05:30,4060.6,6,4039.23,2405330,142625.0,128927.0,4100.0,4110.0,4012.0,4092.6,25789575,4501.8,3683.4,4440.0,3288.1,4060.3,2,1,4060.2,34,2,4060.0,93,5,4059.6,11,1,4059.5,23,2,4060.6,67,7,4060.7,27,3,4060.8,28,3,4060.9,20,2,4061.0,12,3
11483,2026-07-02 15:22:45+05:30,4060.6,6,4039.23,2405330,142625.0,128927.0,4100.0,4110.0,4012.0,4092.6,25789575,4501.8,3683.4,4440.0,3288.1,4060.3,2,1,4060.2,34,2,4060.0,93,5,4059.6,11,1,4059.5,23,2,4060.6,67,7,4060.7,27,3,4060.8,28,3,4060.9,20,2,4061.0,12,3
11483,2026-07-02 15:22:45+05:30,4060.6,4,4039.23,2405390,142459.0,128567.0,4100.0,4110.0,4012.0,4092.6,25789575,4501.8,3683.4,4440.0,3288.1,4060.3,17,1,4060.2,15,1,4060.0,93,5,4059.6,11,1,4059.5,23,2,4060.6,33,3,4060.7,27,3,4060.8,28,3,4060.9,20,2,4061.0,12,3
11483,2026-07-02 15:22:46+05:30,4060.6,4,4039.23,2405390,142459.0,128567.0,4100.0,4110.0,4012.0,4092.6,25789575,4501.8,3683.4,4440.0,3288.1,4060.3,17,1,4060.2,15,1,4060.0,93,5,4059.6,11,1,4059.5,23,2,4060.6,33,3,4060.7,27,3,4060.8,28,3,4060.9,20,2,4061.0,12,3
11483,2026-07-02 15:22:46+05:30,4060.6,4,4039.23,2405390,142459.0,128567.0,4100.0,4110.0,4012.0,4092.6,25789575,4501.8,3683.4,4440.0,3288.1,4060.3,17,1,4060.2,15,1,4060.0,93,5,4059.6,11,1,4059.5,23,2,4060.6,33,3,4060.7,27,3,4060.8,28,3,4060.9,20,2,4061.0,12,3
11483,2026-07-02 15:22:46+05:30,4060.6,10,4039.24,2405449,142456.0,128689.0,4100.0,4110.0,4012.0,4092.6,25789575,4501.8,3683.4,4440.0,3288.1,4060.3,17,1,4060.2,20,2,4060.0,83,4,4059.6,11,1,4059.5,23,2,4060.6,18,4,4060.7,27,3,4060.8,28,3,4060.9,20,2,4061.0,18,4
11483,2026-07-02 15:22:46+05:30,4060.6,10,4039.24,2405449,142456.0,128689.0,4100.0,4110.0,4012.0,4092.6,25789575,4501.8,3683.4,4440.0,3288.1,4060.3,17,1,4060.2,20,2,4060.0,83,4,4059.6,11,1,4059.5,23,2,4060.6,18,4,4060.7,27,3,4060.8,28,3,4060.9,20,2,4061.0,18,4
11483,2026-07-02 15:22:47+05:30,4060.6,10,4039.24,2405449,142456.0,128689.0,4100.0,4110.0,4012.0,4092.6,25789575,4501.8,3683.4,4440.0,3288.1,4060.3,17,1,4060.2,20,2,4060.0,83,4,4059.6,11,1,4059.5,23,2,4060.6,18,4,4060.7,27,3,4060.8,28,3,4060.9,20,2,4061.0,18,4
11483,2026-07-02 15:22:47+05:30,4060.6,1,4039.24,2405449,142456.0,128689.0,4100.0,4110.0,4012.0,4092.6,25789575,4501.8,3683.4,4440.0,3288.1,4060.3,17,1,4060.2,20,2,4060.0,83,4,4059.6,11,1,4059.5,23,2,4060.6,18,4,4060.7,27,3,4060.8,28,3,4060.9,20,2,4061.0,18,4
11483,2026-07-02 15:22:48+05:30,4060.3,1,4039.24,2405451,142509.0,128700.0,4100.0,4110.0,4012.0,4092.6,25789575,4501.8,3683.4,4440.0,3288.1,4060.3,74,5,4060.0,58,3,4059.9,12,1,4059.8,22,2,4059.5,10,1,4060.5,48,1,4060.6,20,5,4060.7,27,3,4060.8,28,3,4060.9,20,2
11483,2026-07-02 15:22:48+05:30,4060.3,1,4039.24,2405451,142509.0,128700.0,4100.0,4110.0,4012.0,4092.6,25789575,4501.8,3683.4,4440.0,3288.1,4060.3,74,5,4060.0,58,3,4059.9,12,1,4059.8,22,2,4059.5,10,1,4060.5,48,1,4060.6,20,5,4060.7,27,3,4060.8,28,3,4060.9,20,2
11483,2026-07-02 15:22:48+05:30,4060.3,1,4039.24,2405451,142509.0,128700.0,4100.0,4110.0,4012.0,4092.6,25789575,4501.8,3683.4,4440.0,3288.1,4060.3,74,5,4060.0,58,3,4059.9,12,1,4059.8,22,2,4059.5,10,1,4060.5,48,1,4060.6,20,5,4060.7,27,3,4060.8,28,3,4060.9,20,2
11483,2026-07-02 15:22:48+05:30,4060.3,1,4039.24,2405451,142509.0,128700.0,4100.0,4110.0,4012.0,4092.6,25789575,4501.8,3683.4,4440.0,3288.1,4060.3,74,5,4060.0,58,3,4059.9,12,1,4059.8,22,2,4059.5,10,1,4060.5,48,1,4060.6,20,5,4060.7,27,3,4060.8,28,3,4060.9,20,2
11483,2026-07-02 15:22:49+05:30,4060.3,15,4039.24,2405670,142255.0,128788.0,4100.0,4110.0,4012.0,4092.6,25789575,4501.8,3683.4,4440.0,3288.1,4060.3,7,2,4060.0,58,3,4059.9,12,1,4059.8,22,2,4059.5,10,1,4060.4,1,1,4060.5,89,5,4060.6,84,5,4060.7,37,3,4060.8,4,2
11483,2026-07-02 15:22:49+05:30,4060.3,15,4039.24,2405670,142255.0,128788.0,4100.0,4110.0,4012.0,4092.6,25790275,4501.8,3683.4,4440.0,3288.1,4060.3,7,2,4060.0,58,3,4059.9,12,1,4059.8,22,2,4059.5,10,1,4060.4,1,1,4060.5,89,5,4060.6,84,5,4060.7,37,3,4060.8,4,2
11483,2026-07-02 15:22:49+05:30,4060.3,15,4039.24,2405670,142255.0,128788.0,4100.0,4110.0,4012.0,4092.6,25790275,4501.8,3683.4,4440.0,3288.1,4060.3,7,2,4060.0,58,3,4059.9,12,1,4059.8,22,2,4059.5,10,1,4060.4,1,1,4060.5,89,5,4060.6,84,5,4060.7,37,3,4060.8,4,2
11483,2026-07-02 15:22:49+05:30,4060.3,15,4039.24,2405670,142255.0,128788.0,4100.0,4110.0,4012.0,4092.6,25790275,4501.8,3683.4,4440.0,3288.1,4060.3,7,2,4060.0,58,3,4059.9,12,1,4059.8,22,2,4059.5,10,1,4060.4,1,1,4060.5,89,5,4060.6,84,5,4060.7,37,3,4060.8,4,2
11483,2026-07-02 15:22:50+05:30,4060.3,15,4039.24,2405670,142255.0,128788.0,4100.0,4110.0,4012.0,4092.6,25790275,4501.8,3683.4,4440.0,3288.1,4060.3,7,2,4060.0,58,3,4059.9,12,1,4059.8,22,2,4059.5,10,1,4060.4,1,1,4060.5,89,5,4060.6,84,5,4060.7,37,3,4060.8,4,2
11483,2026-07-02 15:22:50+05:30,4060.3,15,4039.24,2405670,142257.0,128804.0,4100.0,4110.0,4012.0,4092.6,25790275,4501.8,3683.4,4440.0,3288.1,4060.3,7,2,4060.0,58,3,4059.9,12,1,4059.8,22,2,4059.5,10,1,4060.4,10,4,4060.5,89,5,4060.6,81,4,4060.7,57,4,4060.8,4,2
11483,2026-07-02 15:22:50+05:30,4060.3,15,4039.24,2405670,142257.0,128804.0,4100.0,4110.0,4012.0,4092.6,25790275,4501.8,3683.4,4440.0,3288.1,4060.3,7,2,4060.0,58,3,4059.9,12,1,4059.8,22,2,4059.5,10,1,4060.4,10,4,4060.5,89,5,4060.6,81,4,4060.7,57,4,4060.8,4,2
11483,2026-07-02 15:22:51+05:30,4060.3,15,4039.24,2405670,142257.0,128804.0,4100.0,4110.0,4012.0,4092.6,25790275,4501.8,3683.4,4440.0,3288.1,4060.3,7,2,4060.0,58,3,4059.9,12,1,4059.8,22,2,4059.5,10,1,4060.4,10,4,4060.5,89,5,4060.6,81,4,4060.7,57,4,4060.8,4,2
11483,2026-07-02 15:22:51+05:30,4060.4,10,4039.24,2405746,142619.0,128682.0,4100.0,4110.0,4012.0,4092.6,25790275,4501.8,3683.4,4440.0,3288.1,4060.4,12,1,4060.3,10,3,4060.2,2,1,4060.0,58,3,4059.9,12,1,4060.5,86,4,4060.6,96,4,4060.7,37,3,4060.8,4,2,4060.9,5,1
11483,2026-07-02 15:22:51+05:30,4060.4,10,4039.24,2405746,142619.0,128682.0,4100.0,4110.0,4012.0,4092.6,25790275,4501.8,3683.4,4440.0,3288.1,4060.4,12,1,4060.3,10,3,4060.2,2,1,4060.0,58,3,4059.9,12,1,4060.5,86,4,4060.6,96,4,4060.7,37,3,4060.8,4,2,4060.9,5,1
11483,2026-07-02 15:22:52+05:30,4060.4,2,4039.24,2405836,142234.0,128565.0,4100.0,4110.0,4012.0,4092.6,25790275,4501.8,3683.4,4440.0,3288.1,4060.4,21,2,4060.3,10,3,4060.2,4,2,4060.0,58,3,4059.9,12,1,4060.5,88,5,4060.6,96,4,4060.7,37,3,4060.8,4,2,4060.9,5,1
11483,2026-07-02 15:22:52+05:30,4060.5,1,4039.24,2405836,142234.0,128565.0,4100.0,4110.0,4012.0,4092.6,25790275,4501.8,3683.4,4440.0,3288.1,4060.4,21,2,4060.3,10,3,4060.2,4,2,4060.0,58,3,4059.9,12,1,4060.5,88,5,4060.6,96,4,4060.7,37,3,4060.8,4,2,4060.9,5,1
11483,2026-07-02 15:22:53+05:30,4060.5,2,4039.24,2405836,142234.0,128565.0,4100.0,4110.0,4012.0,4092.6,25790275,4501.8,3683.4,4440.0,3288.1,4060.4,21,2,4060.3,10,3,4060.2,4,2,4060.0,58,3,4059.9,12,1,4060.5,88,5,4060.6,96,4,4060.7,37,3,4060.8,4,2,4060.9,5,1
11483,2026-07-02 15:22:53+05:30,4060.5,2,4039.24,2405963,142278.0,128635.0,4100.0,4110.0,4012.0,4092.6,25790275,4501.8,3683.4,4440.0,3288.1,4060.4,5,2,4060.3,8,3,4060.2,4,2,4060.0,58,3,4059.9,12,1,4060.5,129,8,4060.6,121,5,4060.7,37,3,4060.8,4,2,4060.9,5,1
11483,2026-07-02 15:22:54+05:30,4060.5,1,4039.24,2405963,142278.0,128635.0,4100.0,4110.0,4012.0,4092.6,25790275,4501.8,3683.4,4440.0,3288.1,4060.4,5,2,4060.3,8,3,4060.2,4,2,4060.0,58,3,4059.9,12,1,4060.5,129,8,4060.6,121,5,4060.7,37,3,4060.8,4,2,4060.9,5,1
11483,2026-07-02 15:22:54+05:30,4060.5,1,4039.24,2406167,142297.0,128641.0,4100.0,4110.0,4012.0,4092.6,25790275,4501.8,3683.4,4440.0,3288.1,4060.4,18,8,4060.2,11,1,4060.1,11,1,4060.0,74,5,4059.8,12,1,4060.5,141,4,4060.6,121,5,4060.7,37,3,4060.8,4,2,4060.9,5,1
11483,2026-07-02 15:22:55+05:30,4060.4,10,4039.24,2406167,142297.0,128641.0,4100.0,4110.0,4012.0,4092.6,25790275,4501.8,3683.4,4440.0,3288.1,4060.4,18,8,4060.2,11,1,4060.1,11,1,4060.0,74,5,4059.8,12,1,4060.5,141,4,4060.6,121,5,4060.7,37,3,4060.8,4,2,4060.9,5,1
11483,2026-07-02 15:22:55+05:30,4060.4,10,4039.24,2406528,142541.0,130282.0,4100.0,4110.0,4012.0,4092.6,25790275,4501.8,3683.4,4440.0,3288.1,4059.9,1,1,4059.8,12,1,4059.6,12,1,4059.5,35,2,4059.4,1,1,4060.0,4,1,4060.4,56,2,4060.5,114,7,4060.6,120,5,4060.7,575,5
11483,2026-07-02 15:22:56+05:30,4060.0,1,4039.24,2406528,142541.0,130282.0,4100.0,4110.0,4012.0,4092.6,25790275,4501.8,3683.4,4440.0,3288.1,4059.9,1,1,4059.8,12,1,4059.6,12,1,4059.5,35,2,4059.4,1,1,4060.0,4,1,4060.4,56,2,4060.5,114,7,4060.6,120,5,4060.7,575,5
11483,2026-07-02 15:22:56+05:30,4060.0,4,4039.25,2406612,142369.0,130397.0,4100.0,4110.0,4012.0,4092.6,25790275,4501.8,3683.4,4440.0,3288.1,4059.8,7,1,4059.6,13,2,4059.5,35,2,4059.4,1,1,4059.0,3,1,4060.0,4,1,4060.3,87,3,4060.4,26,1,4060.5,126,8,4060.6,120,5
11483,2026-07-02 15:22:57+05:30,4060.0,4,4039.25,2406612,142369.0,130397.0,4100.0,4110.0,4012.0,4092.6,25790275,4501.8,3683.4,4440.0,3288.1,4059.8,7,1,4059.6,13,2,4059.5,35,2,4059.4,1,1,4059.0,3,1,4060.0,4,1,4060.3,87,3,4060.4,26,1,4060.5,126,8,4060.6,120,5
11483,2026-07-02 15:22:57+05:30,4060.0,4,4039.25,2406612,142527.0,130492.0,4100.0,4110.0,4012.0,4092.6,25790275,4501.8,3683.4,4440.0,3288.1,4059.9,4,1,4059.8,2,1,4059.6,13,2,4059.5,35,2,4059.4,1,1,4060.0,67,6,4060.1,44,1,4060.3,99,4,4060.4,26,1,4060.5,128,7
11483,2026-07-02 15:22:58+05:30,4059.2,1,4039.25,2406612,142527.0,130492.0,4100.0,4110.0,4012.0,4092.6,25790275,4501.8,3683.4,4440.0,3288.1,4059.9,4,1,4059.8,2,1,4059.6,13,2,4059.5,35,2,4059.4,1,1,4060.0,67,6,4060.1,44,1,4060.3,99,4,4060.4,26,1,4060.5,128,7
11483,2026-07-02 15:22:58+05:30,4059.9,3,4039.25,2406715,142516.0,130407.0,4100.0,4110.0,4012.0,4092.6,25790275,4501.8,3683.4,4440.0,3288.1,4059.2,10,1,4059.0,3,1,4058.5,8,2,4058.4,2,1,4058.3,42,2,4059.9,10,1,4060.0,69,8,4060.1,32,2,4060.3,87,3,4060.4,50,2
11483,2026-07-02 15:22:59+05:30,4059.2,1,4039.25,2406715,142516.0,130407.0,4100.0,4110.0,4012.0,4092.6,25790275,4501.8,3683.4,4440.0,3288.1,4059.2,10,1,4059.0,3,1,4058.5,8,2,4058.4,2,1,4058.3,42,2,4059.9,10,1,4060.0,69,8,4060.1,32,2,4060.3,87,3,4060.4,50,2
11483,2026-07-02 15:22:59+05:30,4059.9,4,4039.25,2406721,142581.0,130212.0,4100.0,4110.0,4012.0,4092.6,25790275,4501.8,3683.4,4440.0,3288.1,4059.3,2,1,4059.2,11,3,4059.0,3,1,4058.5,1,1,4058.4,2,1,4059.9,16,5,4060.0,65,6,4060.1,32,2,4060.3,87,3,4060.4,62,3
11483,2026-07-02 15:23:00+05:30,4059.3,114,4039.25,2406721,142581.0,130212.0,4100.0,4110.0,4012.0,4092.6,25790275,4501.8,3683.4,4440.0,3288.1,4059.3,2,1,4059.2,11,3,4059.0,3,1,4058.5,1,1,4058.4,2,1,4059.9,16,5,4060.0,65,6,4060.1,32,2,4060.3,87,3,4060.4,62,3
11483,2026-07-02 15:23:00+05:30,4059.8,2,4039.25,2406972,142489.0,130152.0,4100.0,4110.0,4012.0,4092.6,25790275,4501.8,3683.4,4440.0,3288.1,4059.2,12,4,4059.0,3,1,4058.5,1,1,4058.4,2,1,4058.3,52,2,4059.8,5,2,4059.9,91,6,4060.0,6,3,4060.1,32,2,4060.3,147,6
11483,2026-07-02 15:23:01+05:30,4059.8,3,4039.25,2406972,142489.0,130152.0,4100.0,4110.0,4012.0,4092.6,25790275,4501.8,3683.4,4440.0,3288.1,4059.2,12,4,4059.0,3,1,4058.5,1,1,4058.4,2,1,4058.3,52,2,4059.8,5,2,4059.9,91,6,4060.0,6,3,4060.1,32,2,4060.3,147,6
11483,2026-07-02 15:23:01+05:30,4059.8,6,4039.25,2407052,142750.0,130137.0,4100.0,4110.0,4012.0,4092.6,25790275,4501.8,3683.4,4440.0,3288.1,4059.3,78,1,4059.2,18,4,4059.0,3,1,4058.5,1,1,4058.4,2,1,4059.8,44,1,4059.9,91,6,4060.0,5,2,4060.1,32,2,4060.3,62,5
11483,2026-07-02 15:23:02+05:30,4059.8,1,4039.25,2407052,142750.0,130137.0,4100.0,4110.0,4012.0,4092.6,25790275,4501.8,3683.4,4440.0,3288.1,4059.3,78,1,4059.2,18,4,4059.0,3,1,4058.5,1,1,4058.4,2,1,4059.8,44,1,4059.9,91,6,4060.0,5,2,4060.1,32,2,4060.3,62,5
11483,2026-07-02 15:23:03+05:30,4059.3,2,4039.25,2407055,142837.0,130083.0,4100.0,4110.0,4012.0,4092.6,25790275,4501.8,3683.4,4440.0,3288.1,4059.3,81,4,4059.2,20,5,4059.0,28,2,4058.5,1,1,4058.4,201,3,4059.8,74,5,4059.9,32,3,4060.0,5,2,4060.1,32,2,4060.3,60,4
11483,2026-07-02 15:23:03+05:30,4059.8,1,4039.25,2407055,142837.0,130083.0,4100.0,4110.0,4012.0,4092.6,25790275,4501.8,3683.4,4440.0,3288.1,4059.3,81,4,4059.2,20,5,4059.0,28,2,4058.5,1,1,4058.4,201,3,4059.8,74,5,4059.9,32,3,4060.0,5,2,4060.1,32,2,4060.3,60,4
11483,2026-07-02 15:23:04+05:30,4059.3,1,4039.25,2407129,142432.0,129254.0,4100.0,4110.0,4012.0,4092.6,25790275,4501.8,3683.4,4440.0,3288.1,4059.3,22,8,4059.2,1,1,4059.0,28,2,4058.5,1,1,4058.4,177,2,4059.8,148,9,4059.9,16,2,4060.0,5,2,4060.1,32,2,4060.3,62,5
11483,2026-07-02 15:23:04+05:30,4059.5,3,4039.25,2407129,142432.0,129254.0,4100.0,4110.0,4012.0,4092.6,25790275,4501.8,3683.4,4440.0,3288.1,4059.3,22,8,4059.2,1,1,4059.0,28,2,4058.5,1,1,4058.4,177,2,4059.8,148,9,4059.9,16,2,4060.0,5,2,4060.1,32,2,4060.3,62,5
11483,2026-07-02 15:23:05+05:30,4059.3,3,4039.25,2407358,142620.0,129155.0,4100.0,4110.0,4012.0,4092.6,25790275,4501.8,3683.4,4440.0,3288.1,4059.3,10,3,4059.2,1,1,4059.0,30,3,4058.5,1,1,4058.4,189,3,4059.5,9,1,4059.6,12,1,4059.8,104,8,4059.9,16,2,4060.0,5,2
11483,2026-07-02 15:23:05+05:30,4059.6,4,4039.25,2407358,142620.0,129155.0,4100.0,4110.0,4012.0,4092.6,25790275,4501.8,3683.4,4440.0,3288.1,4059.3,10,3,4059.2,1,1,4059.0,30,3,4058.5,1,1,4058.4,189,3,4059.5,9,1,4059.6,12,1,4059.8,104,8,4059.9,16,2,4060.0,5,2
11483,2026-07-02 15:23:06+05:30,4059.6,114,4039.25,2407493,142650.0,129052.0,4100.0,4110.0,4012.0,4092.6,25790275,4501.8,3683.4,4440.0,3288.1,4059.6,22,1,4059.3,11,3,4059.2,1,1,4059.0,30,3,4058.5,1,1,4059.8,102,7,4059.9,16,2,4060.0,5,2,4060.3,50,4,4060.5,86,2
11483,2026-07-02 15:23:06+05:30,4059.5,5,4039.25,2407493,142650.0,129052.0,4100.0,4110.0,4012.0,4092.6,25790275,4501.8,3683.4,4440.0,3288.1,4059.6,22,1,4059.3,11,3,4059.2,1,1,4059.0,30,3,4058.5,1,1,4059.8,102,7,4059.9,16,2,4060.0,5,2,4060.3,50,4,4060.5,86,2
11483,2026-07-02 15:23:07+05:30,4059.0,3,4039.25,2407711,142611.0,129078.0,4100.0,4110.0,4012.0,4092.6,25790275,4501.8,3683.4,4440.0,3288.1,4059.0,24,2,4058.5,16,3,4058.4,175,1,4058.3,42,2,4058.2,24,1,4059.5,4,2,4059.6,14,2,4059.8,7,3,4059.9,16,2,4060.0,4,1
11483,2026-07-02 15:23:07+05:30,4059.5,21,4039.25,2407711,142611.0,129078.0,4100.0,4110.0,4012.0,4092.6,25790275,4501.8,3683.4,4440.0,3288.1,4059.0,24,2,4058.5,16,3,4058.4,175,1,4058.3,42,2,4058.2,24,1,4059.5,4,2,4059.6,14,2,4059.8,7,3,4059.9,16,2,4060.0,4,1
11483,2026-07-02 15:23:08+05:30,4059.1,9,4039.26,2407814,142752.0,128770.0,4100.0,4110.0,4012.0,4092.6,25790275,4501.8,3683.4,4440.0,3288.1,4059.1,2,1,4059.0,37,3,4058.5,3,2,4058.4,175,1,4058.3,42,2,4059.6,14,2,4059.8,7,3,4059.9,16,2,4060.0,4,1,4060.3,50,4
11483,2026-07-02 15:23:08+05:30,4059.1,2,4039.26,2407814,142752.0,128770.0,4100.0,4110.0,4012.0,4092.6,25790275,4501.8,3683.4,4440.0,3288.1,4059.1,2,1,4059.0,37,3,4058.5,3,2,4058.4,175,1,4058.3,42,2,4059.6,14,2,4059.8,7,3,4059.9,16,2,4060.0,4,1,4060.3,50,4
11483,2026-07-02 15:23:09+05:30,4059.5,4,4039.26,2407822,142678.0,129225.0,4100.0,4110.0,4012.0,4092.6,25790275,4501.8,3683.4,4440.0,3288.1,4059.1,5,2,4059.0,37,3,4058.5,3,2,4058.4,175,1,4058.3,42,2,4059.5,10,1,4059.6,21,4,4059.9,3,1,4060.0,4,1,4060.1,30,1
11483,2026-07-02 15:23:09+05:30,4059.5,4,4039.26,2407822,142678.0,129225.0,4100.0,4110.0,4012.0,4092.6,25790275,4501.8,3683.4,4440.0,3288.1,4059.1,5,2,4059.0,37,3,4058.5,3,2,4058.4,175,1,4058.3,42,2,4059.5,10,1,4059.6,21,4,4059.9,3,1,4060.0,4,1,4060.1,30,1
11483,2026-07-02 15:23:10+05:30,4059.1,3,4039.26,2407835,142729.0,129228.0,4100.0,4110.0,4012.0,4092.6,25790275,4501.8,3683.4,4440.0,3288.1,4059.1,7,2,4059.0,38,4,4058.5,3,2,4058.4,175,1,4058.3,42,2,4059.5,47,3,4059.6,21,4,4059.9,3,1,4060.0,4,1,4060.1,23,1
11483,2026-07-02 15:23:10+05:30,4059.1,3,4039.26,2407835,142729.0,129228.0,4100.0,4110.0,4012.0,4092.6,25790275,4501.8,3683.4,4440.0,3288.1,4059.1,7,2,4059.0,38,4,4058.5,3,2,4058.4,175,1,4058.3,42,2,4059.5,47,3,4059.6,21,4,4059.9,3,1,4060.0,4,1,4060.1,23,1
11483,2026-07-02 15:23:11+05:30,4059.5,6,4039.26,2407859,142724.0,129218.0,4100.0,4110.0,4012.0,4092.6,25790275,4501.8,3683.4,4440.0,3288.1,4059.1,9,4,4059.0,104,5,4058.5,3,2,4058.4,175,1,4058.3,42,2,4059.5,43,4,4059.6,17,3,4059.9,3,1,4060.0,4,1,4060.1,23,1
11483,2026-07-02 15:23:11+05:30,4059.5,3,4039.26,2407859,142724.0,129218.0,4100.0,4110.0,4012.0,4092.6,25790275,4501.8,3683.4,4440.0,3288.1,4059.1,9,4,4059.0,104,5,4058.5,3,2,4058.4,175,1,4058.3,42,2,4059.5,43,4,4059.6,17,3,4059.9,3,1,4060.0,4,1,4060.1,23,1
11483,2026-07-02 15:23:12+05:30,4059.5,2,4039.26,2407920,142789.0,129303.0,4100.0,4110.0,4012.0,4092.6,25790275,4501.8,3683.4,4440.0,3288.1,4059.2,2,2,4059.1,76,6,4059.0,38,4,4058.7,18,1,4058.5,3,2,4059.4,34,1,4059.5,13,3,4059.6,17,3,4059.9,3,1,4060.0,59,3
11483,2026-07-02 15:23:12+05:30,4059.1,35,4039.26,2407920,142789.0,129303.0,4100.0,4110.0,4012.0,4092.6,25790275,4501.8,3683.4,4440.0,3288.1,4059.2,2,2,4059.1,76,6,4059.0,38,4,4058.7,18,1,4058.5,3,2,4059.4,34,1,4059.5,13,3,4059.6,17,3,4059.9,3,1,4060.0,59,3
11483,2026-07-02 15:23:13+05:30,4059.1,38,4039.26,2408060,142651.0,129220.0,4100.0,4110.0,4012.0,4092.6,25790275,4501.8,3683.4,4440.0,3288.1,4059.1,32,2,4059.0,38,4,4058.7,18,1,4058.5,1,1,4058.4,177,2,4059.2,10,2,4059.4,18,6,4059.5,6,1,4059.9,3,1,4060.0,159,4
11483,2026-07-02 15:23:13+05:30,4059.1,27,4039.26,2408060,142651.0,129220.0,4100.0,4110.0,4012.0,4092.6,25790275,4501.8,3683.4,4440.0,3288.1,4059.1,32,2,4059.0,38,4,4058.7,18,1,4058.5,1,1,4058.4,177,2,4059.2,10,2,4059.4,18,6,4059.5,6,1,4059.9,3,1,4060.0,159,4
11483,2026-07-02 15:23:14+05:30,4059.1,27,4039.26,2408190,142663.0,129394.0,4100.0,4110.0,4012.0,4092.6,25790275,4501.8,3683.4,4440.0,3288.1,4059.1,43,2,4059.0,38,4,4058.7,18,1,4058.5,1,1,4058.4,177,2,4059.2,4,2,4059.4,18,6,4059.5,6,1,4059.9,3,1,4060.0,169,5
11483,2026-07-02 15:23:14+05:30,4059.1,5,4039.26,2408190,142663.0,129394.0,4100.0,4110.0,4012.0,4092.6,25790275,4501.8,3683.4,4440.0,3288.1,4059.1,43,2,4059.0,38,4,4058.7,18,1,4058.5,1,1,4058.4,177,2,4059.2,4,2,4059.4,18,6,4059.5,6,1,4059.9,3,1,4060.0,169,5
11483,2026-07-02 15:23:15+05:30,4059.1,25,4039.26,2408223,142660.0,129573.0,4100.0,4110.0,4012.0,4092.6,25790275,4501.8,3683.4,4440.0,3288.1,4059.1,1,1,4059.0,132,7,4058.7,18,1,4058.5,1,1,4058.4,189,3,4059.2,4,3,4059.3,15,1,4059.4,15,5,4059.9,3,1,4060.0,169,5
11483,2026-07-02 15:23:15+05:30,4059.1,25,4039.26,2408223,142660.0,129573.0,4100.0,4110.0,4012.0,4092.6,25790275,4501.8,3683.4,4440.0,3288.1,4059.1,1,1,4059.0,132,7,4058.7,18,1,4058.5,1,1,4058.4,189,3,4059.2,4,3,4059.3,15,1,4059.4,15,5,4059.9,3,1,4060.0,169,5
11483,2026-07-02 15:23:16+05:30,4059.2,1,4039.26,2408224,142817.0,129627.0,4100.0,4110.0,4012.0,4092.6,25790275,4501.8,3683.4,4440.0,3288.1,4059.1,7,4,4059.0,132,7,4058.7,18,1,4058.5,1,1,4058.4,12,1,4059.2,16,7,4059.3,15,1,4059.4,5,1,4059.9,3,1,4060.0,169,5
11483,2026-07-02 15:23:16+05:30,4059.1,4,4039.26,2408224,142817.0,129627.0,4100.0,4110.0,4012.0,4092.6,25790275,4501.8,3683.4,4440.0,3288.1,4059.1,7,4,4059.0,132,7,4058.7,18,1,4058.5,1,1,4058.4,12,1,4059.2,16,7,4059.3,15,1,4059.4,5,1,4059.9,3,1,4060.0,169,5
11483,2026-07-02 15:23:17+05:30,4059.1,5,4039.26,2408884,142519.0,129625.0,4100.0,4110.0,4012.0,4092.6,25790275,4501.8,3683.4,4440.0,3288.1,4059.0,27,2,4058.7,18,1,4058.5,1,1,4058.4,12,1,4058.3,40,1,4059.1,9,3,4059.2,63,11,4059.4,5,1,4059.9,3,1,4060.0,237,6
11483,2026-07-02 15:23:17+05:30,4059.1,3,4039.26,2408884,142519.0,129625.0,4100.0,4110.0,4012.0,4092.6,25790275,4501.8,3683.4,4440.0,3288.1,4059.0,27,2,4058.7,18,1,4058.5,1,1,4058.4,12,1,4058.3,40,1,4059.1,9,3,4059.2,63,11,4059.4,5,1,4059.9,3,1,4060.0,237,6
11483,2026-07-02 15:23:18+05:30,4058.7,8,4039.27,2408992,141900.0,129872.0,4100.0,4110.0,4012.0,4092.6,25790275,4501.8,3683.4,4440.0,3288.1,4058.5,1,1,4058.4,12,1,4058.3,40,1,4058.0,16,3,4057.9,596,4,4059.1,26,5,4059.2,56,8,4059.4,4,1,4059.6,43,2,4059.9,25,3
11483,2026-07-02 15:23:18+05:30,4058.7,8,4039.27,2408992,141900.0,129872.0,4100.0,4110.0,4012.0,4092.6,25790275,4501.8,3683.4,4440.0,3288.1,4058.5,1,1,4058.4,12,1,4058.3,40,1,4058.0,16,3,4057.9,596,4,4059.1,26,5,4059.2,56,8,4059.4,4,1,4059.6,43,2,4059.9,25,3
11483,2026-07-02 15:23:19+05:30,4059.1,1,4039.27,2409010,142026.0,129605.0,4100.0,4110.0,4012.0,4092.6,25790275,4501.8,3683.4,4440.0,3288.1,4059.0,1,1,4058.5,2,2,4058.4,12,1,4058.3,40,1,4058.0,16,3,4059.1,33,9,4059.2,48,4,4059.3,12,1,4059.4,4,1,4059.9,25,3
11483,2026-07-02 15:23:19+05:30,4059.1,1,4039.27,2409010,142026.0,129605.0,4100.0,4110.0,4012.0,4092.6,25790275,4501.8,3683.4,4440.0,3288.1,4059.0,1,1,4058.5,2,2,4058.4,12,1,4058.3,40,1,4058.0,16,3,4059.1,33,9,4059.2,48,4,4059.3,12,1,4059.4,4,1,4059.9,25,3
11483,2026-07-02 15:23:20+05:30,4059.1,2,4039.27,2409014,142276.0,129637.0,4100.0,4110.0,4012.0,4092.6,25790275,4501.8,3683.4,4440.0,3288.1,4059.0,6,2,4058.9,2,1,4058.8,93,1,4058.5,2,2,4058.4,12,1,4059.1,107,14,4059.2,2,1,4059.3,12,1,4059.4,4,1,4059.8,1,1
11483,2026-07-02 15:23:22+05:30,4059.1,8,4039.27,2409434,142278.0,129657.0,4100.0,4110.0,4012.0,4092.6,25790275,4501.8,3683.4,4440.0,3288.1,4059.0,23,2,4058.8,94,2,4058.7,41,1,4058.5,1,1,4058.4,12,1,4059.1,83,5,4059.3,15,1,4059.4,4,1,4059.8,42,2,4059.9,3,1
11483,2026-07-02 15:23:25+05:30,4059.6,1,4039.27,2409434,142278.0,129657.0,4100.0,4110.0,4012.0,4092.6,25790275,4501.8,3683.4,4440.0,3288.1,4059.0,23,2,4058.8,94,2,4058.7,41,1,4058.5,1,1,4058.4,12,1,4059.1,83,5,4059.3,15,1,4059.4,4,1,4059.8,42,2,4059.9,3,1
11483,2026-07-02 15:23:29+05:30,4059.9,7,4039.27,2409970,142664.0,128543.0,4100.0,4110.0,4012.0,4092.6,25790275,4501.8,3683.4,4440.0,3288.1,4059.6,19,4,4059.4,41,1,4059.1,112,2,4059.0,15,5,4058.8,90,1,4059.9,33,3,4060.0,119,10,4060.3,6,1,4060.4,32,1,4060.5,101,4
11483,2026-07-02 15:23:34+05:30,4059.9,44,4039.27,2409970,142664.0,128543.0,4100.0,4110.0,4012.0,4092.6,25790275,4501.8,3683.4,4440.0,3288.1,4059.6,19,4,4059.4,41,1,4059.1,112,2,4059.0,15,5,4058.8,90,1,4059.9,33,3,4060.0,119,10,4060.3,6,1,4060.4,32,1,4060.5,101,4
11483,2026-07-02 15:23:36+05:30,4060.0,7,4039.28,2410906,142790.0,128415.0,4100.0,4110.0,4012.0,4092.6,25790275,4501.8,3683.4,4440.0,3288.1,4059.9,77,3,4059.6,17,2,4059.5,13,1,4059.4,131,2,4059.1,101,2,4060.0,10,2,4060.3,44,2,4060.5,101,4,4060.6,75,3,4060.7,122,4
11483,2026-07-02 15:23:43+05:30,4060.0,1,4039.28,2410906,142790.0,128415.0,4100.0,4110.0,4012.0,4092.6,25790275,4501.8,3683.4,4440.0,3288.1,4059.9,77,3,4059.6,17,2,4059.5,13,1,4059.4,131,2,4059.1,101,2,4060.0,10,2,4060.3,44,2,4060.5,101,4,4060.6,75,3,4060.7,122,4
11483,2026-07-02 15:23:44+05:30,4059.9,7,4039.29,2411726,142556.0,127745.0,4100.0,4110.0,4012.0,4092.6,25790275,4501.8,3683.4,4440.0,3288.1,4059.9,12,5,4059.8,1,1,4059.7,41,1,4059.6,15,2,4059.5,13,1,4060.0,200,8,4060.1,27,1,4060.3,41,1,4060.5,27,3,4060.6,8,2
11483,2026-07-02 15:23:45+05:30,4059.9,7,4039.29,2411726,142556.0,127745.0,4100.0,4110.0,4012.0,4092.6,25790275,4501.8,3683.4,4440.0,3288.1,4059.9,12,5,4059.8,1,1,4059.7,41,1,4059.6,15,2,4059.5,13,1,4060.0,200,8,4060.1,27,1,4060.3,41,1,4060.5,27,3,4060.6,8,2
11483,2026-07-02 15:23:46+05:30,4059.9,7,4039.29,2411726,142556.0,127745.0,4100.0,4110.0,4012.0,4092.6,25790275,4501.8,3683.4,4440.0,3288.1,4059.9,12,5,4059.8,1,1,4059.7,41,1,4059.6,15,2,4059.5,13,1,4060.0,200,8,4060.1,27,1,4060.3,41,1,4060.5,27,3,4060.6,8,2
11483,2026-07-02 15:23:47+05:30,4059.9,7,4039.29,2411726,142556.0,127745.0,4100.0,4110.0,4012.0,4092.6,25790275,4501.8,3683.4,4440.0,3288.1,4059.9,12,5,4059.8,1,1,4059.7,41,1,4059.6,15,2,4059.5,13,1,4060.0,200,8,4060.1,27,1,4060.3,41,1,4060.5,27,3,4060.6,8,2
11483,2026-07-02 15:23:48+05:30,4059.9,7,4039.29,2411726,142556.0,127745.0,4100.0,4110.0,4012.0,4092.6,25790275,4501.8,3683.4,4440.0,3288.1,4059.9,12,5,4059.8,1,1,4059.7,41,1,4059.6,15,2,4059.5,13,1,4060.0,200,8,4060.1,27,1,4060.3,41,1,4060.5,27,3,4060.6,8,2
11483,2026-07-02 15:23:49+05:30,4059.9,7,4039.29,2411726,142556.0,127745.0,4100.0,4110.0,4012.0,4092.6,25790275,4501.8,3683.4,4440.0,3288.1,4059.9,12,5,4059.8,1,1,4059.7,41,1,4059.6,15,2,4059.5,13,1,4060.0,200,8,4060.1,27,1,4060.3,41,1,4060.5,27,3,4060.6,8,2
11483,2026-07-02 15:23:49+05:30,4059.9,7,4039.29,2411726,142556.0,127745.0,4100.0,4110.0,4012.0,4092.6,25795700,4501.8,3683.4,4440.0,3288.1,4059.9,12,5,4059.8,1,1,4059.7,41,1,4059.6,15,2,4059.5,13,1,4060.0,200,8,4060.1,27,1,4060.3,41,1,4060.5,27,3,4060.6,8,2
11483,2026-07-02 15:23:50+05:30,4059.9,7,4039.29,2411726,142556.0,127745.0,4100.0,4110.0,4012.0,4092.6,25795700,4501.8,3683.4,4440.0,3288.1,4059.9,12,5,4059.8,1,1,4059.7,41,1,4059.6,15,2,4059.5,13,1,4060.0,200,8,4060.1,27,1,4060.3,41,1,4060.5,27,3,4060.6,8,2
11483,2026-07-02 15:23:51+05:30,4059.9,7,4039.29,2411726,142556.0,127745.0,4100.0,4110.0,4012.0,4092.6,25795700,4501.8,3683.4,4440.0,3288.1,4059.9,12,5,4059.8,1,1,4059.7,41,1,4059.6,15,2,4059.5,13,1,4060.0,200,8,4060.1,27,1,4060.3,41,1,4060.5,27,3,4060.6,8,2
11483,2026-07-02 15:23:51+05:30,4060.0,6,4039.3,2412691,143705.0,126860.0,4100.0,4110.0,4012.0,4092.6,25795700,4501.8,3683.4,4440.0,3288.1,4059.9,79,6,4059.8,1,1,4059.7,89,1,4059.5,23,2,4059.2,12,1,4060.0,182,10,4060.1,2,1,4060.3,41,1,4060.5,27,3,4060.6,8,2
11483,2026-07-02 15:23:51+05:30,4060.0,6,4039.3,2412691,143705.0,126860.0,4100.0,4110.0,4012.0,4092.6,25795700,4501.8,3683.4,4440.0,3288.1,4059.9,79,6,4059.8,1,1,4059.7,89,1,4059.5,23,2,4059.2,12,1,4060.0,182,10,4060.1,2,1,4060.3,41,1,4060.5,27,3,4060.6,8,2
11483,2026-07-02 15:23:52+05:30,4059.9,5,4039.3,2412691,143705.0,126860.0,4100.0,4110.0,4012.0,4092.6,25795700,4501.8,3683.4,4440.0,3288.1,4059.9,79,6,4059.8,1,1,4059.7,89,1,4059.5,23,2,4059.2,12,1,4060.0,182,10,4060.1,2,1,4060.3,41,1,4060.5,27,3,4060.6,8,2
11483,2026-07-02 15:23:58+05:30,4059.9,18,4039.3,2413126,144220.0,126690.0,4100.0,4110.0,4012.0,4092.6,25795700,4501.8,3683.4,4440.0,3288.1,4059.9,39,2,4059.8,17,2,4059.7,89,1,4059.5,39,3,4059.2,23,2,4060.0,276,16,4060.1,2,1,4060.3,41,1,4060.5,57,4,4060.6,8,2
11483,2026-07-02 15:24:01+05:30,4060.0,2,4039.3,2413126,144220.0,126690.0,4100.0,4110.0,4012.0,4092.6,25795700,4501.8,3683.4,4440.0,3288.1,4059.9,39,2,4059.8,17,2,4059.7,89,1,4059.5,39,3,4059.2,23,2,4060.0,276,16,4060.1,2,1,4060.3,41,1,4060.5,57,4,4060.6,8,2
11483,2026-07-02 15:24:05+05:30,4058.0,30,4039.32,2415324,143421.0,126686.0,4100.0,4110.0,4012.0,4092.6,25795700,4501.8,3683.4,4440.0,3288.1,4058.0,259,2,4057.9,566,3,4057.8,195,3,4057.7,10,1,4057.5,25,1,4059.0,42,1,4059.5,10,1,4059.6,50,1,4059.7,113,3,4059.8,93,5
11483,2026-07-02 15:24:12+05:30,4058.1,18,4039.32,2415324,143421.0,126686.0,4100.0,4110.0,4012.0,4092.6,25795700,4501.8,3683.4,4440.0,3288.1,4058.0,259,2,4057.9,566,3,4057.8,195,3,4057.7,10,1,4057.5,25,1,4059.0,42,1,4059.5,10,1,4059.6,50,1,4059.7,113,3,4059.8,93,5
11483,2026-07-02 15:24:13+05:30,4058.9,2,4039.34,2418090,143823.0,126509.0,4100.0,4110.0,4012.0,4092.6,25795700,4501.8,3683.4,4440.0,3288.1,4058.2,1,1,4058.1,40,2,4058.0,280,8,4057.9,566,3,4057.8,195,3,4058.9,118,3,4059.0,52,6,4059.1,14,2,4059.8,30,2,4059.9,29,2
11483,2026-07-02 15:24:20+05:30,4058.5,4,4039.35,2419047,144068.0,126324.0,4100.0,4110.0,4012.0,4092.6,25795700,4501.8,3683.4,4440.0,3288.1,4058.5,38,1,4058.2,96,4,4058.0,288,10,4057.9,618,5,4057.8,279,3,4058.9,65,6,4059.0,11,1,4059.1,22,2,4059.6,94,1,4059.8,24,1
11483,2026-07-02 15:24:24+05:30,4058.6,8,4039.35,2419047,144068.0,126324.0,4100.0,4110.0,4012.0,4092.6,25795700,4501.8,3683.4,4440.0,3288.1,4058.5,38,1,4058.2,96,4,4058.0,288,10,4057.9,618,5,4057.8,279,3,4058.9,65,6,4059.0,11,1,4059.1,22,2,4059.6,94,1,4059.8,24,1
11483,2026-07-02 15:24:28+05:30,4058.7,2,4039.36,2420603,144191.0,126411.0,4100.0,4110.0,4012.0,4092.6,25795700,4501.8,3683.4,4440.0,3288.1,4058.7,28,3,4058.6,28,2,4058.5,101,7,4058.3,21,2,4058.2,17,1,4058.9,237,7,4059.0,34,3,4059.1,43,3,4059.8,32,2,4059.9,16,2
11483,2026-07-02 15:24:35+05:30,4058.7,5,4039.36,2420603,144191.0,126411.0,4100.0,4110.0,4012.0,4092.6,25795700,4501.8,3683.4,4440.0,3288.1,4058.7,28,3,4058.6,28,2,4058.5,101,7,4058.3,21,2,4058.2,17,1,4058.9,237,7,4059.0,34,3,4059.1,43,3,4059.8,32,2,4059.9,16,2
11483,2026-07-02 15:24:35+05:30,4058.7,5,4039.37,2421815,144120.0,126133.0,4100.0,4110.0,4012.0,4092.6,25795700,4501.8,3683.4,4440.0,3288.1,4058.7,17,5,4058.5,46,1,4058.4,14,1,4058.3,33,3,4058.0,432,10,4058.9,124,6,4059.0,7,1,4059.1,18,2,4059.8,102,2,4060.0,183,12
11483,2026-07-02 15:24:42+05:30,4058.9,15,4039.38,2422672,144203.0,126187.0,4100.0,4110.0,4012.0,4092.6,25795700,4501.8,3683.4,4440.0,3288.1,4058.8,25,2,4058.7,25,8,4058.4,14,1,4058.3,33,3,4058.1,15,2,4058.9,80,2,4059.0,18,2,4059.1,24,2,4059.8,86,2,4059.9,2,1
11483,2026-07-02 15:24:45+05:30,4058.9,15,4039.38,2422672,144203.0,126187.0,4100.0,4110.0,4012.0,4092.6,25795700,4501.8,3683.4,4440.0,3288.1,4058.8,25,2,4058.7,25,8,4058.4,14,1,4058.3,33,3,4058.1,15,2,4058.9,80,2,4059.0,18,2,4059.1,24,2,4059.8,86,2,4059.9,2,1
11483,2026-07-02 15:24:45+05:30,4058.8,21,4039.38,2422672,144203.0,126187.0,4100.0,4110.0,4012.0,4092.6,25795700,4501.8,3683.4,4440.0,3288.1,4058.8,25,2,4058.7,25,8,4058.4,14,1,4058.3,33,3,4058.1,15,2,4058.9,80,2,4059.0,18,2,4059.1,24,2,4059.8,86,2,4059.9,2,1
11483,2026-07-02 15:24:45+05:30,4058.8,21,4039.38,2422672,144203.0,126187.0,4100.0,4110.0,4012.0,4092.6,25795700,4501.8,3683.4,4440.0,3288.1,4058.8,25,2,4058.7,25,8,4058.4,14,1,4058.3,33,3,4058.1,15,2,4058.9,80,2,4059.0,18,2,4059.1,24,2,4059.8,86,2,4059.9,2,1
11483,2026-07-02 15:24:46+05:30,4058.8,21,4039.38,2422672,144203.0,126187.0,4100.0,4110.0,4012.0,4092.6,25795700,4501.8,3683.4,4440.0,3288.1,4058.8,25,2,4058.7,25,8,4058.4,14,1,4058.3,33,3,4058.1,15,2,4058.9,80,2,4059.0,18,2,4059.1,24,2,4059.8,86,2,4059.9,2,1
11483,2026-07-02 15:24:47+05:30,4058.8,21,4039.38,2422672,144203.0,126187.0,4100.0,4110.0,4012.0,4092.6,25795700,4501.8,3683.4,4440.0,3288.1,4058.8,25,2,4058.7,25,8,4058.4,14,1,4058.3,33,3,4058.1,15,2,4058.9,80,2,4059.0,18,2,4059.1,24,2,4059.8,86,2,4059.9,2,1
11483,2026-07-02 15:24:48+05:30,4058.8,21,4039.38,2422672,144203.0,126187.0,4100.0,4110.0,4012.0,4092.6,25795700,4501.8,3683.4,4440.0,3288.1,4058.8,25,2,4058.7,25,8,4058.4,14,1,4058.3,33,3,4058.1,15,2,4058.9,80,2,4059.0,18,2,4059.1,24,2,4059.8,86,2,4059.9,2,1
11483,2026-07-02 15:24:49+05:30,4058.8,21,4039.38,2422672,144203.0,126187.0,4100.0,4110.0,4012.0,4092.6,25795700,4501.8,3683.4,4440.0,3288.1,4058.8,25,2,4058.7,25,8,4058.4,14,1,4058.3,33,3,4058.1,15,2,4058.9,80,2,4059.0,18,2,4059.1,24,2,4059.8,86,2,4059.9,2,1
11483,2026-07-02 15:24:49+05:30,4058.0,1,4039.38,2423535,144112.0,126234.0,4100.0,4110.0,4012.0,4092.6,25795700,4501.8,3683.4,4440.0,3288.1,4058.0,210,9,4057.9,742,5,4057.8,10,1,4057.7,5,1,4057.6,58,1,4058.5,47,2,4058.6,7,1,4058.7,1,1,4058.9,97,6,4059.0,27,1
11483,2026-07-02 15:24:50+05:30,4058.0,1,4039.38,2423535,144112.0,126234.0,4100.0,4110.0,4012.0,4092.6,25802700,4501.8,3683.4,4440.0,3288.1,4058.0,210,9,4057.9,742,5,4057.8,10,1,4057.7,5,1,4057.6,58,1,4058.5,47,2,4058.6,7,1,4058.7,1,1,4058.9,97,6,4059.0,27,1
11483,2026-07-02 15:24:51+05:30,4058.0,1,4039.38,2423535,144112.0,126234.0,4100.0,4110.0,4012.0,4092.6,25802700,4501.8,3683.4,4440.0,3288.1,4058.0,210,9,4057.9,742,5,4057.8,10,1,4057.7,5,1,4057.6,58,1,4058.5,47,2,4058.6,7,1,4058.7,1,1,4058.9,97,6,4059.0,27,1
11483,2026-07-02 15:24:52+05:30,4058.0,1,4039.38,2423535,144112.0,126234.0,4100.0,4110.0,4012.0,4092.6,25802700,4501.8,3683.4,4440.0,3288.1,4058.0,210,9,4057.9,742,5,4057.8,10,1,4057.7,5,1,4057.6,58,1,4058.5,47,2,4058.6,7,1,4058.7,1,1,4058.9,97,6,4059.0,27,1
11483,2026-07-02 15:24:54+05:30,4058.4,5,4039.38,2423535,144112.0,126234.0,4100.0,4110.0,4012.0,4092.6,25802700,4501.8,3683.4,4440.0,3288.1,4058.0,210,9,4057.9,742,5,4057.8,10,1,4057.7,5,1,4057.6,58,1,4058.5,47,2,4058.6,7,1,4058.7,1,1,4058.9,97,6,4059.0,27,1
11483,2026-07-02 15:24:56+05:30,4058.0,98,4039.39,2424133,143867.0,125749.0,4100.0,4110.0,4012.0,4092.6,25802700,4501.8,3683.4,4440.0,3288.1,4058.0,114,16,4057.9,742,5,4057.8,20,2,4057.7,5,1,4057.5,25,1,4058.4,128,2,4058.5,28,5,4058.6,7,1,4058.7,12,1,4058.9,67,3
11483,2026-07-02 15:25:03+05:30,4058.2,27,4039.39,2424133,143867.0,125749.0,4100.0,4110.0,4012.0,4092.6,25802700,4501.8,3683.4,4440.0,3288.1,4058.0,114,16,4057.9,742,5,4057.8,20,2,4057.7,5,1,4057.5,25,1,4058.4,128,2,4058.5,28,5,4058.6,7,1,4058.7,12,1,4058.9,67,3
11483,2026-07-02 15:25:03+05:30,4058.2,27,4039.41,2426739,141667.0,123473.0,4100.0,4110.0,4012.0,4092.6,25802700,4501.8,3683.4,4440.0,3288.1,4058.0,27,5,4057.9,779,6,4057.8,10,1,4057.7,190,3,4057.5,25,1,4058.2,27,1,4058.4,102,7,4058.7,53,2,4058.8,49,1,4058.9,49,1
11483,2026-07-02 15:25:11+05:30,4057.9,24,4039.43,2428996,141062.0,122371.0,4100.0,4110.0,4012.0,4092.6,25802700,4501.8,3683.4,4440.0,3288.1,4057.9,669,6,4057.8,10,1,4057.7,15,2,4057.5,42,2,4057.4,96,1,4058.0,27,1,4058.2,49,5,4058.9,49,1,4059.0,146,5,4059.1,50,2
11483,2026-07-02 15:25:13+05:30,4058.0,1,4039.43,2428996,141062.0,122371.0,4100.0,4110.0,4012.0,4092.6,25802700,4501.8,3683.4,4440.0,3288.1,4057.9,669,6,4057.8,10,1,4057.7,15,2,4057.5,42,2,4057.4,96,1,4058.0,27,1,4058.2,49,5,4058.9,49,1,4059.0,146,5,4059.1,50,2
11483,2026-07-02 15:25:18+05:30,4058.0,3,4039.43,2429588,140067.0,121052.0,4100.0,4110.0,4012.0,4092.6,25802700,4501.8,3683.4,4440.0,3288.1,4057.9,273,11,4057.8,10,1,4057.7,15,2,4057.5,42,2,4057.3,1,1,4058.0,181,10,4058.8,5,1,4059.0,105,4,4059.1,8,2,4059.2,73,2
11483,2026-07-02 15:25:23+05:30,4056.6,1,4039.43,2429588,140067.0,121052.0,4100.0,4110.0,4012.0,4092.6,25802700,4501.8,3683.4,4440.0,3288.1,4057.9,273,11,4057.8,10,1,4057.7,15,2,4057.5,42,2,4057.3,1,1,4058.0,181,10,4058.8,5,1,4059.0,105,4,4059.1,8,2,4059.2,73,2
11483,2026-07-02 15:25:26+05:30,4057.1,20,4039.45,2431899,138414.0,120628.0,4100.0,4110.0,4012.0,4092.6,25802700,4501.8,3683.4,4440.0,3288.1,4057.1,10,1,4057.0,1,1,4056.3,12,1,4056.1,2,1,4056.0,9,1,4058.0,344,13,4058.1,44,1,4058.2,68,2,4058.3,84,2,4058.6,308,2
11483,2026-07-02 15:25:33+05:30,4057.1,18,4039.46,2432794,139224.0,120674.0,4100.0,4110.0,4012.0,4092.6,25802700,4501.8,3683.4,4440.0,3288.1,4057.1,59,4,4057.0,1,1,4056.6,4,1,4056.3,72,2,4056.2,175,1,4058.0,243,20,4058.4,42,2,4058.6,55,2,4058.7,66,3,4058.8,49,2
11483,2026-07-02 15:25:35+05:30,4057.0,1,4039.46,2432794,139224.0,120674.0,4100.0,4110.0,4012.0,4092.6,25802700,4501.8,3683.4,4440.0,3288.1,4057.1,59,4,4057.0,1,1,4056.6,4,1,4056.3,72,2,4056.2,175,1,4058.0,243,20,4058.4,42,2,4058.6,55,2,4058.7,66,3,4058.8,49,2
11483,2026-07-02 15:25:40+05:30,4057.3,1,4039.46,2433395,139643.0,120075.0,4100.0,4110.0,4012.0,4092.6,25802700,4501.8,3683.4,4440.0,3288.1,4056.7,22,1,4056.2,183,2,4056.0,43,3,4055.9,2,1,4055.7,74,1,4057.3,2,2,4057.8,82,1,4057.9,51,2,4058.0,245,19,4058.1,117,3
11483,2026-07-02 15:25:45+05:30,4057.3,1,4039.46,2433395,139643.0,120075.0,4100.0,4110.0,4012.0,4092.6,25802700,4501.8,3683.4,4440.0,3288.1,4056.7,22,1,4056.2,183,2,4056.0,43,3,4055.9,2,1,4055.7,74,1,4057.3,2,2,4057.8,82,1,4057.9,51,2,4058.0,245,19,4058.1,117,3
11483,2026-07-02 15:25:46+05:30,4057.3,1,4039.46,2433395,139643.0,120075.0,4100.0,4110.0,4012.0,4092.6,25802700,4501.8,3683.4,4440.0,3288.1,4056.7,22,1,4056.2,183,2,4056.0,43,3,4055.9,2,1,4055.7,74,1,4057.3,2,2,4057.8,82,1,4057.9,51,2,4058.0,245,19,4058.1,117,3
11483,2026-07-02 15:25:46+05:30,4057.2,10,4039.46,2433395,139643.0,120075.0,4100.0,4110.0,4012.0,4092.6,25802700,4501.8,3683.4,4440.0,3288.1,4056.7,22,1,4056.2,183,2,4056.0,43,3,4055.9,2,1,4055.7,74,1,4057.3,2,2,4057.8,82,1,4057.9,51,2,4058.0,245,19,4058.1,117,3
11483,2026-07-02 15:25:46+05:30,4057.2,10,4039.46,2433395,139643.0,120075.0,4100.0,4110.0,4012.0,4092.6,25802700,4501.8,3683.4,4440.0,3288.1,4056.7,22,1,4056.2,183,2,4056.0,43,3,4055.9,2,1,4055.7,74,1,4057.3,2,2,4057.8,82,1,4057.9,51,2,4058.0,245,19,4058.1,117,3
11483,2026-07-02 15:25:47+05:30,4057.2,10,4039.46,2433395,139643.0,120075.0,4100.0,4110.0,4012.0,4092.6,25802700,4501.8,3683.4,4440.0,3288.1,4056.7,22,1,4056.2,183,2,4056.0,43,3,4055.9,2,1,4055.7,74,1,4057.3,2,2,4057.8,82,1,4057.9,51,2,4058.0,245,19,4058.1,117,3
11483,2026-07-02 15:25:47+05:30,4057.1,1,4039.46,2433571,139073.0,120212.0,4100.0,4110.0,4012.0,4092.6,25802700,4501.8,3683.4,4440.0,3288.1,4056.9,19,2,4056.7,21,7,4056.6,11,1,4056.2,183,2,4056.1,175,1,4057.1,12,1,4057.2,96,1,4057.3,331,10,4057.4,63,1,4057.9,7,1
11483,2026-07-02 15:25:48+05:30,4057.1,1,4039.46,2433571,139073.0,120212.0,4100.0,4110.0,4012.0,4092.6,25802700,4501.8,3683.4,4440.0,3288.1,4056.9,19,2,4056.7,21,7,4056.6,11,1,4056.2,183,2,4056.1,175,1,4057.1,12,1,4057.2,96,1,4057.3,331,10,4057.4,63,1,4057.9,7,1
11483,2026-07-02 15:25:49+05:30,4057.1,1,4039.46,2433571,139073.0,120212.0,4100.0,4110.0,4012.0,4092.6,25802700,4501.8,3683.4,4440.0,3288.1,4056.9,19,2,4056.7,21,7,4056.6,11,1,4056.2,183,2,4056.1,175,1,4057.1,12,1,4057.2,96,1,4057.3,331,10,4057.4,63,1,4057.9,7,1
11483,2026-07-02 15:25:50+05:30,4057.1,1,4039.46,2433571,139073.0,120212.0,4100.0,4110.0,4012.0,4092.6,25804100,4501.8,3683.4,4440.0,3288.1,4056.9,19,2,4056.7,21,7,4056.6,11,1,4056.2,183,2,4056.1,175,1,4057.1,12,1,4057.2,96,1,4057.3,331,10,4057.4,63,1,4057.9,7,1
11483,2026-07-02 15:25:51+05:30,4057.1,1,4039.46,2433571,139073.0,120212.0,4100.0,4110.0,4012.0,4092.6,25804100,4501.8,3683.4,4440.0,3288.1,4056.9,19,2,4056.7,21,7,4056.6,11,1,4056.2,183,2,4056.1,175,1,4057.1,12,1,4057.2,96,1,4057.3,331,10,4057.4,63,1,4057.9,7,1
11483,2026-07-02 15:25:52+05:30,4057.1,1,4039.46,2433571,139073.0,120212.0,4100.0,4110.0,4012.0,4092.6,25804100,4501.8,3683.4,4440.0,3288.1,4056.9,19,2,4056.7,21,7,4056.6,11,1,4056.2,183,2,4056.1,175,1,4057.1,12,1,4057.2,96,1,4057.3,331,10,4057.4,63,1,4057.9,7,1
11483,2026-07-02 15:25:55+05:30,4056.8,1,4039.47,2434247,139120.0,123981.0,4100.0,4110.0,4012.0,4092.6,25804100,4501.8,3683.4,4440.0,3288.1,4056.8,35,2,4056.7,11,5,4056.5,11,1,4056.4,175,1,4056.2,17,2,4056.9,3607,3,4057.1,224,12,4057.3,150,2,4057.5,19,1,4058.0,85,13
11483,2026-07-02 15:25:55+05:30,4056.8,9,4039.47,2434247,139120.0,123981.0,4100.0,4110.0,4012.0,4092.6,25804100,4501.8,3683.4,4440.0,3288.1,4056.8,35,2,4056.7,11,5,4056.5,11,1,4056.4,175,1,4056.2,17,2,4056.9,3607,3,4057.1,224,12,4057.3,150,2,4057.5,19,1,4058.0,85,13
11483,2026-07-02 15:26:02+05:30,4056.9,2,4039.47,2434946,138072.0,123636.0,4100.0,4110.0,4012.0,4092.6,25804100,4501.8,3683.4,4440.0,3288.1,4056.8,39,5,4056.7,20,3,4056.5,11,1,4056.4,190,2,4056.2,17,2,4056.9,3753,19,4057.0,36,3,4057.1,279,4,4057.3,150,2,4057.9,26,2
11483,2026-07-02 15:26:04+05:30,4056.8,36,4039.47,2434946,138072.0,123636.0,4100.0,4110.0,4012.0,4092.6,25804100,4501.8,3683.4,4440.0,3288.1,4056.8,39,5,4056.7,20,3,4056.5,11,1,4056.4,190,2,4056.2,17,2,4056.9,3753,19,4057.0,36,3,4057.1,279,4,4057.3,150,2,4057.9,26,2
11483,2026-07-02 15:26:09+05:30,4057.3,17,4039.51,2440123,137363.0,119043.0,4100.0,4110.0,4012.0,4092.6,25804100,4501.8,3683.4,4440.0,3288.1,4056.9,35,1,4056.8,36,2,4056.7,48,3,4056.6,14,2,4056.5,12,2,4057.9,2,1,4058.0,47,9,4058.1,75,1,4058.4,82,2,4058.5,81,3
11483,2026-07-02 15:26:13+05:30,4057.9,1,4039.51,2440123,137363.0,119043.0,4100.0,4110.0,4012.0,4092.6,25804100,4501.8,3683.4,4440.0,3288.1,4056.9,35,1,4056.8,36,2,4056.7,48,3,4056.6,14,2,4056.5,12,2,4057.9,2,1,4058.0,47,9,4058.1,75,1,4058.4,82,2,4058.5,81,3
11483,2026-07-02 15:26:16+05:30,4057.9,2,4039.51,2440683,137854.0,119396.0,4100.0,4110.0,4012.0,4092.6,25804100,4501.8,3683.4,4440.0,3288.1,4056.9,111,7,4056.8,37,3,4056.7,48,3,4056.5,12,2,4056.4,15,1,4057.9,1,1,4058.0,27,1,4058.4,2,1,4058.5,37,2,4058.7,33,2
11483,2026-07-02 15:26:22+05:30,4058.0,2,4039.51,2440683,137854.0,119396.0,4100.0,4110.0,4012.0,4092.6,25804100,4501.8,3683.4,4440.0,3288.1,4056.9,111,7,4056.8,37,3,4056.7,48,3,4056.5,12,2,4056.4,15,1,4057.9,1,1,4058.0,27,1,4058.4,2,1,4058.5,37,2,4058.7,33,2
11483,2026-07-02 15:26:24+05:30,4057.9,2,4039.52,2442317,137286.0,119862.0,4100.0,4110.0,4012.0,4092.6,25804100,4501.8,3683.4,4440.0,3288.1,4057.1,50,1,4057.0,64,3,4056.9,112,10,4056.8,36,2,4056.7,37,2,4057.9,1,1,4058.0,27,1,4058.5,54,2,4058.6,228,4,4058.7,59,2
11483,2026-07-02 15:26:31+05:30,4057.9,2,4039.53,2443164,137393.0,118012.0,4100.0,4110.0,4012.0,4092.6,25804100,4501.8,3683.4,4440.0,3288.1,4057.9,44,3,4057.5,13,1,4057.4,25,2,4057.3,16,2,4057.1,6,3,4058.0,23,1,4058.4,65,1,4058.5,91,3,4058.7,68,2,4058.8,49,2
11483,2026-07-02 15:26:31+05:30,4058.0,1,4039.53,2443164,137393.0,118012.0,4100.0,4110.0,4012.0,4092.6,25804100,4501.8,3683.4,4440.0,3288.1,4057.9,44,3,4057.5,13,1,4057.4,25,2,4057.3,16,2,4057.1,6,3,4058.0,23,1,4058.4,65,1,4058.5,91,3,4058.7,68,2,4058.8,49,2
11483,2026-07-02 15:26:38+05:30,4058.0,1,4039.54,2444135,137519.0,117230.0,4100.0,4110.0,4012.0,4092.6,25804100,4501.8,3683.4,4440.0,3288.1,4057.9,84,3,4057.4,25,2,4057.3,11,1,4057.1,2,1,4057.0,6,2,4058.0,1066,8,4058.6,59,2,4058.7,79,1,4058.8,76,3,4058.9,116,4
11483,2026-07-02 15:26:40+05:30,4058.0,3,4039.54,2444135,137519.0,117230.0,4100.0,4110.0,4012.0,4092.6,25804100,4501.8,3683.4,4440.0,3288.1,4057.9,84,3,4057.4,25,2,4057.3,11,1,4057.1,2,1,4057.0,6,2,4058.0,1066,8,4058.6,59,2,4058.7,79,1,4058.8,76,3,4058.9,116,4
11483,2026-07-02 15:26:45+05:30,4057.9,2,4039.54,2444674,135979.0,115574.0,4100.0,4110.0,4012.0,4092.6,25804100,4501.8,3683.4,4440.0,3288.1,4057.9,105,5,4057.6,11,1,4057.5,15,1,4057.4,14,2,4057.3,11,1,4058.0,1057,15,4058.6,35,1,4058.8,5,1,4058.9,72,3,4059.0,207,7
11483,2026-07-02 15:26:45+05:30,4057.9,2,4039.54,2444674,135979.0,115574.0,4100.0,4110.0,4012.0,4092.6,25804100,4501.8,3683.4,4440.0,3288.1,4057.9,105,5,4057.6,11,1,4057.5,15,1,4057.4,14,2,4057.3,11,1,4058.0,1057,15,4058.6,35,1,4058.8,5,1,4058.9,72,3,4059.0,207,7
11483,2026-07-02 15:26:46+05:30,4057.9,2,4039.54,2444674,135979.0,115574.0,4100.0,4110.0,4012.0,4092.6,25804100,4501.8,3683.4,4440.0,3288.1,4057.9,105,5,4057.6,11,1,4057.5,15,1,4057.4,14,2,4057.3,11,1,4058.0,1057,15,4058.6,35,1,4058.8,5,1,4058.9,72,3,4059.0,207,7
11483,2026-07-02 15:26:47+05:30,4057.9,2,4039.54,2444674,135979.0,115574.0,4100.0,4110.0,4012.0,4092.6,25804100,4501.8,3683.4,4440.0,3288.1,4057.9,105,5,4057.6,11,1,4057.5,15,1,4057.4,14,2,4057.3,11,1,4058.0,1057,15,4058.6,35,1,4058.8,5,1,4058.9,72,3,4059.0,207,7
11483,2026-07-02 15:26:48+05:30,4057.9,2,4039.54,2444674,135979.0,115574.0,4100.0,4110.0,4012.0,4092.6,25804100,4501.8,3683.4,4440.0,3288.1,4057.9,105,5,4057.6,11,1,4057.5,15,1,4057.4,14,2,4057.3,11,1,4058.0,1057,15,4058.6,35,1,4058.8,5,1,4058.9,72,3,4059.0,207,7
11483,2026-07-02 15:26:49+05:30,4057.9,2,4039.54,2444674,135979.0,115574.0,4100.0,4110.0,4012.0,4092.6,25804100,4501.8,3683.4,4440.0,3288.1,4057.9,105,5,4057.6,11,1,4057.5,15,1,4057.4,14,2,4057.3,11,1,4058.0,1057,15,4058.6,35,1,4058.8,5,1,4058.9,72,3,4059.0,207,7
11483,2026-07-02 15:26:49+05:30,4057.9,1,4039.54,2444674,135979.0,115574.0,4100.0,4110.0,4012.0,4092.6,25804100,4501.8,3683.4,4440.0,3288.1,4057.9,105,5,4057.6,11,1,4057.5,15,1,4057.4,14,2,4057.3,11,1,4058.0,1057,15,4058.6,35,1,4058.8,5,1,4058.9,72,3,4059.0,207,7
11483,2026-07-02 15:26:49+05:30,4057.9,1,4039.54,2444674,135979.0,115574.0,4100.0,4110.0,4012.0,4092.6,25804100,4501.8,3683.4,4440.0,3288.1,4057.9,105,5,4057.6,11,1,4057.5,15,1,4057.4,14,2,4057.3,11,1,4058.0,1057,15,4058.6,35,1,4058.8,5,1,4058.9,72,3,4059.0,207,7
11483,2026-07-02 15:26:50+05:30,4057.9,1,4039.54,2444674,135979.0,115574.0,4100.0,4110.0,4012.0,4092.6,25804100,4501.8,3683.4,4440.0,3288.1,4057.9,105,5,4057.6,11,1,4057.5,15,1,4057.4,14,2,4057.3,11,1,4058.0,1057,15,4058.6,35,1,4058.8,5,1,4058.9,72,3,4059.0,207,7
11483,2026-07-02 15:26:50+05:30,4057.9,1,4039.54,2444674,135979.0,115574.0,4100.0,4110.0,4012.0,4092.6,25803750,4501.8,3683.4,4440.0,3288.1,4057.9,105,5,4057.6,11,1,4057.5,15,1,4057.4,14,2,4057.3,11,1,4058.0,1057,15,4058.6,35,1,4058.8,5,1,4058.9,72,3,4059.0,207,7
11483,2026-07-02 15:26:51+05:30,4057.9,1,4039.54,2444674,135979.0,115574.0,4100.0,4110.0,4012.0,4092.6,25803750,4501.8,3683.4,4440.0,3288.1,4057.9,105,5,4057.6,11,1,4057.5,15,1,4057.4,14,2,4057.3,11,1,4058.0,1057,15,4058.6,35,1,4058.8,5,1,4058.9,72,3,4059.0,207,7
11483,2026-07-02 15:26:52+05:30,4057.9,1,4039.54,2444674,135979.0,115574.0,4100.0,4110.0,4012.0,4092.6,25803750,4501.8,3683.4,4440.0,3288.1,4057.9,105,5,4057.6,11,1,4057.5,15,1,4057.4,14,2,4057.3,11,1,4058.0,1057,15,4058.6,35,1,4058.8,5,1,4058.9,72,3,4059.0,207,7
11483,2026-07-02 15:26:52+05:30,4057.9,11,4039.55,2445541,135935.0,115141.0,4100.0,4110.0,4012.0,4092.6,25803750,4501.8,3683.4,4440.0,3288.1,4057.9,167,7,4057.6,11,1,4057.5,26,2,4057.4,14,2,4057.3,11,1,4058.0,598,17,4058.8,84,2,4058.9,72,3,4059.0,183,6,4059.1,300,4
11483,2026-07-02 15:26:58+05:30,4057.9,11,4039.55,2445541,135935.0,115141.0,4100.0,4110.0,4012.0,4092.6,25803750,4501.8,3683.4,4440.0,3288.1,4057.9,167,7,4057.6,11,1,4057.5,26,2,4057.4,14,2,4057.3,11,1,4058.0,598,17,4058.8,84,2,4058.9,72,3,4059.0,183,6,4059.1,300,4
11483,2026-07-02 15:27:00+05:30,4057.5,7,4039.56,2446606,135266.0,115162.0,4100.0,4110.0,4012.0,4092.6,25803750,4501.8,3683.4,4440.0,3288.1,4057.5,19,2,4057.4,13,1,4057.3,11,1,4057.0,1008,3,4056.9,35,3,4057.9,152,3,4058.0,593,22,4058.1,44,1,4058.2,44,1,4058.6,35,1
11483,2026-07-02 15:27:08+05:30,4056.9,2,4039.62,2454861,128017.0,109304.0,4100.0,4110.0,4012.0,4092.6,25803750,4501.8,3683.4,4440.0,3288.1,4056.1,2,1,4056.0,32,7,4055.4,82,2,4055.3,175,1,4055.0,2632,43,4056.9,848,3,4057.0,169,2,4057.1,40,1,4057.2,40,1,4057.3,495,3
11483,2026-07-02 15:27:08+05:30,4056.1,2,4039.62,2454861,128017.0,109304.0,4100.0,4110.0,4012.0,4092.6,25803750,4501.8,3683.4,4440.0,3288.1,4056.1,2,1,4056.0,32,7,4055.4,82,2,4055.3,175,1,4055.0,2632,43,4056.9,848,3,4057.0,169,2,4057.1,40,1,4057.2,40,1,4057.3,495,3
11483,2026-07-02 15:27:15+05:30,4055.9,35,4039.63,2456027,128147.0,109145.0,4100.0,4110.0,4012.0,4092.6,25803750,4501.8,3683.4,4440.0,3288.1,4055.1,175,1,4055.0,2530,43,4054.8,175,1,4054.7,19,1,4054.6,176,2,4055.9,1241,5,4056.0,8,1,4056.8,42,1,4056.9,247,11,4057.0,130,3
11483,2026-07-02 15:27:19+05:30,4055.6,3,4039.63,2456027,128147.0,109145.0,4100.0,4110.0,4012.0,4092.6,25803750,4501.8,3683.4,4440.0,3288.1,4055.1,175,1,4055.0,2530,43,4054.8,175,1,4054.7,19,1,4054.6,176,2,4055.9,1241,5,4056.0,8,1,4056.8,42,1,4056.9,247,11,4057.0,130,3
11483,2026-07-02 15:27:23+05:30,4055.4,85,4039.64,2457621,128780.0,108662.0,4100.0,4110.0,4012.0,4092.6,25803750,4501.8,3683.4,4440.0,3288.1,4055.2,175,1,4055.1,4,2,4055.0,2513,48,4054.8,175,1,4054.7,19,1,4055.5,1104,5,4055.9,440,13,4056.0,8,1,4056.1,1,1,4056.5,73,1
11483,2026-07-02 15:27:30+05:30,4055.4,1,4039.64,2457621,128780.0,108662.0,4100.0,4110.0,4012.0,4092.6,25803750,4501.8,3683.4,4440.0,3288.1,4055.2,175,1,4055.1,4,2,4055.0,2513,48,4054.8,175,1,4054.7,19,1,4055.5,1104,5,4055.9,440,13,4056.0,8,1,4056.1,1,1,4056.5,73,1
11483,2026-07-02 15:27:31+05:30,4055.4,120,4039.65,2460184,128675.0,107844.0,4100.0,4110.0,4012.0,4092.6,25803750,4501.8,3683.4,4440.0,3288.1,4055.4,55,1,4055.2,1,1,4055.1,175,1,4055.0,2410,49,4054.8,175,1,4055.5,659,16,4055.6,24,1,4055.9,138,2,4056.0,75,1,4056.1,1,1
11483,2026-07-02 15:27:40+05:30,4055.2,4,4039.66,2462042,129233.0,107338.0,4100.0,4110.0,4012.0,4092.6,25803750,4501.8,3683.4,4440.0,3288.1,4055.2,235,2,4055.1,350,2,4055.0,1726,48,4054.9,175,1,4054.8,175,1,4055.3,123,1,4055.5,55,7,4055.6,24,1,4055.9,138,2,4056.0,75,1
11483,2026-07-02 15:27:42+05:30,4055.3,4,4039.66,2462042,129233.0,107338.0,4100.0,4110.0,4012.0,4092.6,25803750,4501.8,3683.4,4440.0,3288.1,4055.2,235,2,4055.1,350,2,4055.0,1726,48,4054.9,175,1,4054.8,175,1,4055.3,123,1,4055.5,55,7,4055.6,24,1,4055.9,138,2,4056.0,75,1
11483,2026-07-02 15:27:46+05:30,4055.3,4,4039.66,2462042,129233.0,107338.0,4100.0,4110.0,4012.0,4092.6,25803750,4501.8,3683.4,4440.0,3288.1,4055.2,235,2,4055.1,350,2,4055.0,1726,48,4054.9,175,1,4054.8,175,1,4055.3,123,1,4055.5,55,7,4055.6,24,1,4055.9,138,2,4056.0,75,1
11483,2026-07-02 15:27:47+05:30,4055.3,4,4039.66,2462042,129233.0,107338.0,4100.0,4110.0,4012.0,4092.6,25803750,4501.8,3683.4,4440.0,3288.1,4055.2,235,2,4055.1,350,2,4055.0,1726,48,4054.9,175,1,4054.8,175,1,4055.3,123,1,4055.5,55,7,4055.6,24,1,4055.9,138,2,4056.0,75,1
11483,2026-07-02 15:27:47+05:30,4055.4,30,4039.67,2462846,129548.0,107449.0,4100.0,4110.0,4012.0,4092.6,25803750,4501.8,3683.4,4440.0,3288.1,4055.3,30,1,4055.2,185,5,4055.1,525,3,4055.0,1992,53,4054.9,187,2,4055.4,268,3,4056.4,73,1,4056.5,61,1,4056.6,122,1,4056.9,24,1
11483,2026-07-02 15:27:48+05:30,4055.4,30,4039.67,2462846,129548.0,107449.0,4100.0,4110.0,4012.0,4092.6,25803750,4501.8,3683.4,4440.0,3288.1,4055.3,30,1,4055.2,185,5,4055.1,525,3,4055.0,1992,53,4054.9,187,2,4055.4,268,3,4056.4,73,1,4056.5,61,1,4056.6,122,1,4056.9,24,1
11483,2026-07-02 15:27:49+05:30,4055.4,30,4039.67,2462846,129548.0,107449.0,4100.0,4110.0,4012.0,4092.6,25803750,4501.8,3683.4,4440.0,3288.1,4055.3,30,1,4055.2,185,5,4055.1,525,3,4055.0,1992,53,4054.9,187,2,4055.4,268,3,4056.4,73,1,4056.5,61,1,4056.6,122,1,4056.9,24,1
11483,2026-07-02 15:27:50+05:30,4055.4,30,4039.67,2462846,129548.0,107449.0,4100.0,4110.0,4012.0,4092.6,25803750,4501.8,3683.4,4440.0,3288.1,4055.3,30,1,4055.2,185,5,4055.1,525,3,4055.0,1992,53,4054.9,187,2,4055.4,268,3,4056.4,73,1,4056.5,61,1,4056.6,122,1,4056.9,24,1
11483,2026-07-02 15:27:50+05:30,4055.4,30,4039.67,2462846,129548.0,107449.0,4100.0,4110.0,4012.0,4092.6,25827725,4501.8,3683.4,4440.0,3288.1,4055.3,30,1,4055.2,185,5,4055.1,525,3,4055.0,1992,53,4054.9,187,2,4055.4,268,3,4056.4,73,1,4056.5,61,1,4056.6,122,1,4056.9,24,1
11483,2026-07-02 15:27:51+05:30,4055.4,30,4039.67,2462846,129548.0,107449.0,4100.0,4110.0,4012.0,4092.6,25827725,4501.8,3683.4,4440.0,3288.1,4055.3,30,1,4055.2,185,5,4055.1,525,3,4055.0,1992,53,4054.9,187,2,4055.4,268,3,4056.4,73,1,4056.5,61,1,4056.6,122,1,4056.9,24,1
11483,2026-07-02 15:27:52+05:30,4055.4,30,4039.67,2462846,129548.0,107449.0,4100.0,4110.0,4012.0,4092.6,25827725,4501.8,3683.4,4440.0,3288.1,4055.3,30,1,4055.2,185,5,4055.1,525,3,4055.0,1992,53,4054.9,187,2,4055.4,268,3,4056.4,73,1,4056.5,61,1,4056.6,122,1,4056.9,24,1
11483,2026-07-02 15:27:53+05:30,4055.4,10,4039.67,2462846,129548.0,107449.0,4100.0,4110.0,4012.0,4092.6,25827725,4501.8,3683.4,4440.0,3288.1,4055.3,30,1,4055.2,185,5,4055.1,525,3,4055.0,1992,53,4054.9,187,2,4055.4,268,3,4056.4,73,1,4056.5,61,1,4056.6,122,1,4056.9,24,1
11483,2026-07-02 15:27:55+05:30,4055.3,1,4039.67,2463616,130001.0,107678.0,4100.0,4110.0,4012.0,4092.6,25827725,4501.8,3683.4,4440.0,3288.1,4055.3,188,3,4055.2,14,3,4055.1,350,2,4055.0,1960,53,4054.9,362,3,4055.4,241,9,4055.8,1,1,4056.0,16,1,4056.3,73,1,4056.5,61,1
11483,2026-07-02 15:28:03+05:30,4055.9,120,4039.69,2465527,129533.0,107395.0,4100.0,4110.0,4012.0,4092.6,25827725,4501.8,3683.4,4440.0,3288.1,4055.9,5,1,4055.4,1,1,4055.3,177,3,4055.2,175,1,4055.1,175,1,4056.0,42,3,4056.3,73,1,4057.0,74,3,4057.1,40,1,4057.2,40,1
11483,2026-07-02 15:28:04+05:30,4056.0,17,4039.69,2465527,129533.0,107395.0,4100.0,4110.0,4012.0,4092.6,25827725,4501.8,3683.4,4440.0,3288.1,4055.9,5,1,4055.4,1,1,4055.3,177,3,4055.2,175,1,4055.1,175,1,4056.0,42,3,4056.3,73,1,4057.0,74,3,4057.1,40,1,4057.2,40,1
11483,2026-07-02 15:28:11+05:30,4055.4,1,4039.7,2467121,125983.0,103055.0,4100.0,4110.0,4012.0,4092.6,25827725,4501.8,3683.4,4440.0,3288.1,4055.4,164,1,4055.3,153,2,4055.2,175,1,4055.1,371,4,4055.0,1343,48,4056.0,103,6,4056.9,12,2,4057.0,87,1,4057.2,88,2,4057.3,24,1
11483,2026-07-02 15:28:16+05:30,4056.9,5,4039.7,2467121,125983.0,103055.0,4100.0,4110.0,4012.0,4092.6,25827725,4501.8,3683.4,4440.0,3288.1,4055.4,164,1,4055.3,153,2,4055.2,175,1,4055.1,371,4,4055.0,1343,48,4056.0,103,6,4056.9,12,2,4057.0,87,1,4057.2,88,2,4057.3,24,1
11483,2026-07-02 15:28:19+05:30,4056.0,2,4039.7,2467757,127084.0,102816.0,4100.0,4110.0,4012.0,4092.6,25827725,4501.8,3683.4,4440.0,3288.1,4056.0,52,3,4055.5,99,1,4055.4,382,8,4055.3,25,2,4055.2,175,1,4056.9,41,3,4057.0,95,2,4057.3,40,1,4057.5,25,1,4057.7,45,1
11483,2026-07-02 15:28:27+05:30,4056.1,1,4039.7,2467757,127084.0,102816.0,4100.0,4110.0,4012.0,4092.6,25827725,4501.8,3683.4,4440.0,3288.1,4056.0,52,3,4055.5,99,1,4055.4,382,8,4055.3,25,2,4055.2,175,1,4056.9,41,3,4057.0,95,2,4057.3,40,1,4057.5,25,1,4057.7,45,1
11483,2026-07-02 15:28:27+05:30,4056.1,1,4039.7,2468054,127225.0,102876.0,4100.0,4110.0,4012.0,4092.6,25827725,4501.8,3683.4,4440.0,3288.1,4056.1,91,2,4056.0,16,6,4055.7,164,1,4055.6,2,1,4055.5,37,3,4056.9,26,2,4057.0,28,1,4057.4,24,1,4057.5,25,1,4057.9,57,3
11483,2026-07-02 15:28:35+05:30,4056.9,2,4039.71,2468520,122599.0,97888.0,4100.0,4110.0,4012.0,4092.6,25827725,4501.8,3683.4,4440.0,3288.1,4056.9,167,3,4056.1,7,3,4056.0,182,5,4055.6,24,1,4055.5,20,3,4057.0,17,1,4057.8,9,1,4057.9,62,3,4058.0,624,8,4058.1,195,1
11483,2026-07-02 15:28:38+05:30,4057.0,1,4039.71,2468520,122599.0,97888.0,4100.0,4110.0,4012.0,4092.6,25827725,4501.8,3683.4,4440.0,3288.1,4056.9,167,3,4056.1,7,3,4056.0,182,5,4055.6,24,1,4055.5,20,3,4057.0,17,1,4057.8,9,1,4057.9,62,3,4058.0,624,8,4058.1,195,1
11483,2026-07-02 15:28:43+05:30,4056.2,19,4039.71,2468916,121934.0,97412.0,4100.0,4110.0,4012.0,4092.6,25827725,4501.8,3683.4,4440.0,3288.1,4056.2,6,1,4056.1,361,3,4056.0,37,8,4055.5,44,4,4055.4,138,4,4057.0,53,4,4057.8,9,1,4057.9,198,4,4058.0,819,9,4058.3,2,1
11483,2026-07-02 15:28:46+05:30,4056.2,19,4039.71,2468916,121934.0,97412.0,4100.0,4110.0,4012.0,4092.6,25827725,4501.8,3683.4,4440.0,3288.1,4056.2,6,1,4056.1,361,3,4056.0,37,8,4055.5,44,4,4055.4,138,4,4057.0,53,4,4057.8,9,1,4057.9,198,4,4058.0,819,9,4058.3,2,1
11483,2026-07-02 15:28:47+05:30,4056.2,19,4039.71,2468916,121934.0,97412.0,4100.0,4110.0,4012.0,4092.6,25827725,4501.8,3683.4,4440.0,3288.1,4056.2,6,1,4056.1,361,3,4056.0,37,8,4055.5,44,4,4055.4,138,4,4057.0,53,4,4057.8,9,1,4057.9,198,4,4058.0,819,9,4058.3,2,1
11483,2026-07-02 15:28:48+05:30,4056.2,19,4039.71,2468916,121934.0,97412.0,4100.0,4110.0,4012.0,4092.6,25827725,4501.8,3683.4,4440.0,3288.1,4056.2,6,1,4056.1,361,3,4056.0,37,8,4055.5,44,4,4055.4,138,4,4057.0,53,4,4057.8,9,1,4057.9,198,4,4058.0,819,9,4058.3,2,1
11483,2026-07-02 15:28:48+05:30,4057.0,1,4039.71,2468916,121934.0,97412.0,4100.0,4110.0,4012.0,4092.6,25827725,4501.8,3683.4,4440.0,3288.1,4056.2,6,1,4056.1,361,3,4056.0,37,8,4055.5,44,4,4055.4,138,4,4057.0,53,4,4057.8,9,1,4057.9,198,4,4058.0,819,9,4058.3,2,1
11483,2026-07-02 15:28:48+05:30,4057.0,1,4039.71,2468916,121934.0,97412.0,4100.0,4110.0,4012.0,4092.6,25827725,4501.8,3683.4,4440.0,3288.1,4056.2,6,1,4056.1,361,3,4056.0,37,8,4055.5,44,4,4055.4,138,4,4057.0,53,4,4057.8,9,1,4057.9,198,4,4058.0,819,9,4058.3,2,1
11483,2026-07-02 15:28:49+05:30,4057.0,1,4039.71,2468916,121934.0,97412.0,4100.0,4110.0,4012.0,4092.6,25827725,4501.8,3683.4,4440.0,3288.1,4056.2,6,1,4056.1,361,3,4056.0,37,8,4055.5,44,4,4055.4,138,4,4057.0,53,4,4057.8,9,1,4057.9,198,4,4058.0,819,9,4058.3,2,1
11483,2026-07-02 15:28:50+05:30,4057.0,1,4039.71,2468916,121934.0,97412.0,4100.0,4110.0,4012.0,4092.6,25827725,4501.8,3683.4,4440.0,3288.1,4056.2,6,1,4056.1,361,3,4056.0,37,8,4055.5,44,4,4055.4,138,4,4057.0,53,4,4057.8,9,1,4057.9,198,4,4058.0,819,9,4058.3,2,1
11483,2026-07-02 15:28:50+05:30,4057.0,1,4039.71,2469072,120486.0,95903.0,4100.0,4110.0,4012.0,4092.6,25827725,4501.8,3683.4,4440.0,3288.1,4056.5,10,1,4056.4,1,1,4056.2,251,4,4056.1,331,2,4056.0,300,8,4057.0,750,6,4057.1,9,1,4057.7,136,1,4057.8,195,1,4057.9,62,3
11483,2026-07-02 15:28:50+05:30,4057.0,1,4039.71,2469072,120486.0,95903.0,4100.0,4110.0,4012.0,4092.6,25827725,4501.8,3683.4,4440.0,3288.1,4056.5,10,1,4056.4,1,1,4056.2,251,4,4056.1,331,2,4056.0,300,8,4057.0,750,6,4057.1,9,1,4057.7,136,1,4057.8,195,1,4057.9,62,3
11483,2026-07-02 15:28:51+05:30,4057.0,1,4039.71,2469072,120486.0,95903.0,4100.0,4110.0,4012.0,4092.6,25822300,4501.8,3683.4,4440.0,3288.1,4056.5,10,1,4056.4,1,1,4056.2,251,4,4056.1,331,2,4056.0,300,8,4057.0,750,6,4057.1,9,1,4057.7,136,1,4057.8,195,1,4057.9,62,3
11483,2026-07-02 15:28:52+05:30,4057.0,1,4039.71,2469072,120486.0,95903.0,4100.0,4110.0,4012.0,4092.6,25822300,4501.8,3683.4,4440.0,3288.1,4056.5,10,1,4056.4,1,1,4056.2,251,4,4056.1,331,2,4056.0,300,8,4057.0,750,6,4057.1,9,1,4057.7,136,1,4057.8,195,1,4057.9,62,3
11483,2026-07-02 15:28:53+05:30,4057.0,1,4039.71,2469072,120486.0,95903.0,4100.0,4110.0,4012.0,4092.6,25822300,4501.8,3683.4,4440.0,3288.1,4056.5,10,1,4056.4,1,1,4056.2,251,4,4056.1,331,2,4056.0,300,8,4057.0,750,6,4057.1,9,1,4057.7,136,1,4057.8,195,1,4057.9,62,3
11483,2026-07-02 15:28:57+05:30,4056.5,1,4039.71,2469072,120486.0,95903.0,4100.0,4110.0,4012.0,4092.6,25822300,4501.8,3683.4,4440.0,3288.1,4056.5,10,1,4056.4,1,1,4056.2,251,4,4056.1,331,2,4056.0,300,8,4057.0,750,6,4057.1,9,1,4057.7,136,1,4057.8,195,1,4057.9,62,3
11483,2026-07-02 15:28:58+05:30,4056.5,2,4039.71,2469263,121858.0,95966.0,4100.0,4110.0,4012.0,4092.6,25822300,4501.8,3683.4,4440.0,3288.1,4056.2,270,7,4056.1,496,2,4056.0,356,8,4055.5,10,2,4055.4,138,4,4056.5,64,1,4057.0,879,7,4057.5,331,2,4057.9,159,4,4058.0,635,9
11483,2026-07-02 15:29:07+05:30,4056.5,1,4039.72,2470040,117989.0,91400.0,4100.0,4110.0,4012.0,4092.6,25822300,4501.8,3683.4,4440.0,3288.1,4056.5,14,4,4056.2,49,4,4056.1,496,2,4056.0,85,8,4055.7,7,1,4056.9,391,3,4057.0,846,9,4057.9,12,2,4058.0,732,10,4058.4,24,1
11483,2026-07-02 15:29:08+05:30,4056.9,1,4039.72,2470040,117989.0,91400.0,4100.0,4110.0,4012.0,4092.6,25822300,4501.8,3683.4,4440.0,3288.1,4056.5,14,4,4056.2,49,4,4056.1,496,2,4056.0,85,8,4055.7,7,1,4056.9,391,3,4057.0,846,9,4057.9,12,2,4058.0,732,10,4058.4,24,1
11483,2026-07-02 15:29:16+05:30,4056.5,25,4039.72,2470647,114939.0,89299.0,4100.0,4110.0,4012.0,4092.6,25822300,4501.8,3683.4,4440.0,3288.1,4056.4,31,1,4056.2,25,3,4056.1,321,1,4056.0,129,10,4055.7,7,1,4056.5,664,7,4056.9,51,2,4057.0,1295,8,4057.6,14,1,4057.9,15,3
11483,2026-07-02 15:29:19+05:30,4056.5,40,4039.72,2470647,114939.0,89299.0,4100.0,4110.0,4012.0,4092.6,25822300,4501.8,3683.4,4440.0,3288.1,4056.4,31,1,4056.2,25,3,4056.1,321,1,4056.0,129,10,4055.7,7,1,4056.5,664,7,4056.9,51,2,4057.0,1295,8,4057.6,14,1,4057.9,15,3
11483,2026-07-02 15:29:25+05:30,4056.5,5,4039.73,2471915,115193.0,88315.0,4100.0,4110.0,4012.0,4092.6,25822300,4501.8,3683.4,4440.0,3288.1,4056.5,621,3,4056.4,84,3,4056.2,25,3,4056.1,496,2,4056.0,130,13,4056.7,10,1,4056.9,267,2,4057.0,1298,8,4057.6,14,1,4057.9,20,4
11483,2026-07-02 15:29:30+05:30,4056.5,10,4039.73,2471915,115193.0,88315.0,4100.0,4110.0,4012.0,4092.6,25822300,4501.8,3683.4,4440.0,3288.1,4056.5,621,3,4056.4,84,3,4056.2,25,3,4056.1,496,2,4056.0,130,13,4056.7,10,1,4056.9,267,2,4057.0,1298,8,4057.6,14,1,4057.9,20,4
11483,2026-07-02 15:29:33+05:30,4055.7,5,4039.74,2474055,110976.0,85585.0,4100.0,4110.0,4012.0,4092.6,25822300,4501.8,3683.4,4440.0,3288.1,4055.7,177,2,4055.6,175,1,4055.5,7,1,4055.4,377,5,4055.3,8,1,4056.0,4,1,4056.9,3,1,4057.0,1032,7,4057.3,10,1,4057.6,14,1
11483,2026-07-02 15:29:41+05:30,4057.0,12,4039.76,2476552,109333.0,85238.0,4100.0,4110.0,4012.0,4092.6,25822300,4501.8,3683.4,4440.0,3288.1,4056.2,3,1,4056.0,52,2,4055.7,20,1,4055.6,175,1,4055.5,7,1,4057.0,998,7,4057.3,10,1,4057.6,14,1,4057.7,5,1,4057.9,7,2
11483,2026-07-02 15:29:42+05:30,4057.0,2,4039.76,2476552,109333.0,85238.0,4100.0,4110.0,4012.0,4092.6,25822300,4501.8,3683.4,4440.0,3288.1,4056.2,3,1,4056.0,52,2,4055.7,20,1,4055.6,175,1,4055.5,7,1,4057.0,998,7,4057.3,10,1,4057.6,14,1,4057.7,5,1,4057.9,7,2
11483,2026-07-02 15:29:46+05:30,4057.0,2,4039.76,2476552,109333.0,85238.0,4100.0,4110.0,4012.0,4092.6,25822300,4501.8,3683.4,4440.0,3288.1,4056.2,3,1,4056.0,52,2,4055.7,20,1,4055.6,175,1,4055.5,7,1,4057.0,998,7,4057.3,10,1,4057.6,14,1,4057.7,5,1,4057.9,7,2
11483,2026-07-02 15:29:47+05:30,4057.0,2,4039.76,2476552,109333.0,85238.0,4100.0,4110.0,4012.0,4092.6,25822300,4501.8,3683.4,4440.0,3288.1,4056.2,3,1,4056.0,52,2,4055.7,20,1,4055.6,175,1,4055.5,7,1,4057.0,998,7,4057.3,10,1,4057.6,14,1,4057.7,5,1,4057.9,7,2
11483,2026-07-02 15:29:48+05:30,4057.0,2,4039.76,2476552,109333.0,85238.0,4100.0,4110.0,4012.0,4092.6,25822300,4501.8,3683.4,4440.0,3288.1,4056.2,3,1,4056.0,52,2,4055.7,20,1,4055.6,175,1,4055.5,7,1,4057.0,998,7,4057.3,10,1,4057.6,14,1,4057.7,5,1,4057.9,7,2
11483,2026-07-02 15:29:49+05:30,4057.0,2,4039.76,2476552,109333.0,85238.0,4100.0,4110.0,4012.0,4092.6,25822300,4501.8,3683.4,4440.0,3288.1,4056.2,3,1,4056.0,52,2,4055.7,20,1,4055.6,175,1,4055.5,7,1,4057.0,998,7,4057.3,10,1,4057.6,14,1,4057.7,5,1,4057.9,7,2
11483,2026-07-02 15:29:49+05:30,4057.0,64,4039.77,2477727,108309.0,83199.0,4100.0,4110.0,4012.0,4092.6,25822300,4501.8,3683.4,4440.0,3288.1,4056.3,727,2,4056.0,105,4,4055.7,40,2,4055.6,2,1,4055.5,7,1,4057.0,296,2,4057.3,10,1,4057.6,14,1,4057.9,7,2,4058.0,609,9
11483,2026-07-02 15:29:49+05:30,4057.0,64,4039.77,2477727,108309.0,83199.0,4100.0,4110.0,4012.0,4092.6,25822300,4501.8,3683.4,4440.0,3288.1,4056.3,727,2,4056.0,105,4,4055.7,40,2,4055.6,2,1,4055.5,7,1,4057.0,296,2,4057.3,10,1,4057.6,14,1,4057.9,7,2,4058.0,609,9
11483,2026-07-02 15:29:50+05:30,4057.0,64,4039.77,2477727,108309.0,83199.0,4100.0,4110.0,4012.0,4092.6,25822300,4501.8,3683.4,4440.0,3288.1,4056.3,727,2,4056.0,105,4,4055.7,40,2,4055.6,2,1,4055.5,7,1,4057.0,296,2,4057.3,10,1,4057.6,14,1,4057.9,7,2,4058.0,609,9
11483,2026-07-02 15:29:51+05:30,4057.0,64,4039.77,2477727,108309.0,83199.0,4100.0,4110.0,4012.0,4092.6,25822300,4501.8,3683.4,4440.0,3288.1,4056.3,727,2,4056.0,105,4,4055.7,40,2,4055.6,2,1,4055.5,7,1,4057.0,296,2,4057.3,10,1,4057.6,14,1,4057.9,7,2,4058.0,609,9
11483,2026-07-02 15:29:51+05:30,4057.0,64,4039.77,2477727,108309.0,83199.0,4100.0,4110.0,4012.0,4092.6,25827900,4501.8,3683.4,4440.0,3288.1,4056.3,727,2,4056.0,105,4,4055.7,40,2,4055.6,2,1,4055.5,7,1,4057.0,296,2,4057.3,10,1,4057.6,14,1,4057.9,7,2,4058.0,609,9
11483,2026-07-02 15:29:52+05:30,4057.0,64,4039.77,2477727,108309.0,83199.0,4100.0,4110.0,4012.0,4092.6,25827900,4501.8,3683.4,4440.0,3288.1,4056.3,727,2,4056.0,105,4,4055.7,40,2,4055.6,2,1,4055.5,7,1,4057.0,296,2,4057.3,10,1,4057.6,14,1,4057.9,7,2,4058.0,609,9
11483,2026-07-02 15:29:53+05:30,4057.0,64,4039.77,2477727,108309.0,83199.0,4100.0,4110.0,4012.0,4092.6,25827900,4501.8,3683.4,4440.0,3288.1,4056.3,727,2,4056.0,105,4,4055.7,40,2,4055.6,2,1,4055.5,7,1,4057.0,296,2,4057.3,10,1,4057.6,14,1,4057.9,7,2,4058.0,609,9
11483,2026-07-02 15:29:54+05:30,4057.0,1,4039.77,2477727,108309.0,83199.0,4100.0,4110.0,4012.0,4092.6,25827900,4501.8,3683.4,4440.0,3288.1,4056.3,727,2,4056.0,105,4,4055.7,40,2,4055.6,2,1,4055.5,7,1,4057.0,296,2,4057.3,10,1,4057.6,14,1,4057.9,7,2,4058.0,609,9
11483,2026-07-02 15:29:57+05:30,4057.0,18,4039.77,2478066,108111.0,83002.0,4100.0,4110.0,4012.0,4092.6,25827900,4501.8,3683.4,4440.0,3288.1,4056.3,544,1,4056.0,115,5,4055.7,40,2,4055.6,2,1,4055.5,7,1,4057.0,149,6,4057.3,10,1,4057.9,7,2,4058.0,659,10,4058.3,100,1
